{
	"type": "glossary",
	"project":"saao/saa06",
  "source": "http://oracc.org/saao/saa06",
  "license": "This data is released under the CC0 license",
  "license-url": "https://creativecommons.org/publicdomain/zero/1.0/",
  "more-info": "http://oracc.org/doc/opendata/",
  "UTC-timestamp": "2017-05-19T11:31:40",
  "source": "http://oracc.org/saao/saa06",
  "license": "This data is released under the CC0 license",
  "license-url": "https://creativecommons.org/publicdomain/zero/1.0/",
  "more-info": "http://oracc.org/doc/opendata/",
  "UTC-timestamp": "2017-05-19T11:30:26",
  "source": "http://oracc.org/saao/saa06",
  "license": "This data is released under the CC0 license",
  "license-url": "https://creativecommons.org/publicdomain/zero/1.0/",
  "more-info": "http://oracc.org/doc/opendata/",
  "UTC-timestamp": "2017-05-08T04:03:40",
  "source": "http://oracc.org/saao/saa06",
  "license": "This data is released under the CC0 license",
  "license-url": "https://creativecommons.org/publicdomain/zero/1.0/",
  "more-info": "http://oracc.org/doc/opendata/",
  "UTC-timestamp": "2017-05-08T04:02:32",
  "source": "http://oracc.org/saao/saa06",
  "license": "This data is released under the CC0 license",
  "license-url": "https://creativecommons.org/publicdomain/zero/1.0/",
  "more-info": "http://oracc.org/doc/opendata/",
  "UTC-timestamp": "2017-05-08T03:56:35",
  "source": "http://oracc.org/saao/saa06",
  "license": "This data is released under the CC0 license",
  "license-url": "https://creativecommons.org/publicdomain/zero/1.0/",
  "more-info": "http://oracc.org/doc/opendata/",
  "UTC-timestamp": "2017-05-07T15:03:08",
  "source": "http://oracc.org/saao/saa06",
  "license": "This data is released under the CC0 license",
  "license-url": "https://creativecommons.org/publicdomain/zero/1.0/",
  "more-info": "http://oracc.org/doc/opendata/",
  "UTC-timestamp": "2017-05-07T13:30:36",
  "source": "http://oracc.org/saao/saa06",
  "license": "This data is released under the CC0 license",
  "license-url": "https://creativecommons.org/publicdomain/zero/1.0/",
  "more-info": "http://oracc.org/doc/opendata/",
  "UTC-timestamp": "2017-05-07T13:17:35",
  "source": "http://oracc.org/saao/saa06",
  "license": "This data is released under the CC0 license",
  "license-url": "https://creativecommons.org/publicdomain/zero/1.0/",
  "more-info": "http://oracc.org/doc/opendata/",
  "UTC-timestamp": "2017-05-07T13:16:26",
  "source": "http://oracc.org/saao/saa06",
  "license": "This data is released under the CC0 license",
  "license-url": "https://creativecommons.org/publicdomain/zero/1.0/",
  "more-info": "http://oracc.org/doc/opendata/",
  "UTC-timestamp": "2017-02-13T06:19:28",
	"index": "cbd/qpn-x-ethnic",
	"keys": [{
		"key": "1",
		"count": "2",
		"instances": [
			"1","1"
		]},{
		"key": "a",
		"count": "2",
		"instances": [
			"a","a"
		]},{
		"key": "i",
		"count": "2",
		"instances": [
			"i","i"
		]},{
		"key": "x",
		"count": "12",
		"instances": [
			"x","x","x","x","x","x","x","x","x","x","x","x"
		]},{
		"key": "kur",
		"count": "4",
		"instances": [
			"kur","kur","kur","kur"
		]},{
		"key": "ar₂",
		"count": "1",
		"instances": [
			"ar₂"
		]},{
		"key": "from",
		"count": "2",
		"instances": [
			"from","from"
		]},{
		"key": "kal",
		"count": "2",
		"instances": [
			"kal","kal"
		]},{
		"key": "ar",
		"count": "2",
		"instances": [
			"ar","ar"
		]},{
		"key": "da",
		"count": "2",
		"instances": [
			"da","da"
		]},{
		"key": "gi",
		"count": "1",
		"instances": [
			"gi"
		]},{
		"key": "Ituʾaya[Ituʾean]",
		"count": "1",
		"instances": [
			"Ituʾaya[Ituʾean]"
		]},{
		"key": "Elamaya[Elamite]",
		"count": "1",
		"instances": [
			"Elamaya[Elamite]"
		]},{
		"key": "ku",
		"count": "2",
		"instances": [
			"ku","ku"
		]},{
		"key": "li",
		"count": "2",
		"instances": [
			"li","li"
		]},{
		"key": "tu₂",
		"count": "2",
		"instances": [
			"tu₂","tu₂"
		]},{
		"key": "is",
		"count": "2",
		"instances": [
			"is","is"
		]},{
		"key": "na",
		"count": "2",
		"instances": [
			"na","na"
		]},{
		"key": "cimmerian",
		"count": "2",
		"instances": [
			"cimmerian","cimmerian"
		]},{
		"key": "ma",
		"count": "6",
		"instances": [
			"ma","ma","ma","ma","ma","ma"
		]},{
		"key": "mu",
		"count": "4",
		"instances": [
			"mu","mu","mu","mu"
		]},{
		"key": "ra",
		"count": "2",
		"instances": [
			"ra","ra"
		]},{
		"key": "pi",
		"count": "1",
		"instances": [
			"pi"
		]},{
		"key": "qatnean",
		"count": "2",
		"instances": [
			"qatnean","qatnean"
		]},{
		"key": "ta",
		"count": "4",
		"instances": [
			"ta","ta","ta","ta"
		]},{
		"key": "ṣur",
		"count": "2",
		"instances": [
			"ṣur","ṣur"
		]},{
		"key": "egyptian",
		"count": "2",
		"instances": [
			"egyptian","egyptian"
		]},{
		"key": "qatnaya",
		"count": "1",
		"instances": [
			"qatnaya"
		]},{
		"key": "pilistaya",
		"count": "2",
		"instances": [
			"pilistaya","pilistaya"
		]},{
		"key": "maru",
		"count": "1",
		"instances": [
			"maru"
		]},{
		"key": "armaya",
		"count": "2",
		"instances": [
			"armaya","armaya"
		]},{
		"key": "ninua",
		"count": "3",
		"instances": [
			"ninua","ninua","ninua"
		]},{
		"key": "nineveh",
		"count": "1",
		"instances": [
			"nineveh"
		]},{
		"key": "akk",
		"count": "12",
		"instances": [
			"akk","akk","akk","akk","akk","akk","akk","akk","akk","akk","akk","akk"
		]},{
		"key": "Kaldaya[Chaldean]",
		"count": "1",
		"instances": [
			"Kaldaya[Chaldean]"
		]},{
		"key": "ninevite",
		"count": "2",
		"instances": [
			"ninevite","ninevite"
		]},{
		"key": "nimma",
		"count": "2",
		"instances": [
			"nimma","nimma"
		]},{
		"key": "gimiraya",
		"count": "2",
		"instances": [
			"gimiraya","gimiraya"
		]},{
		"key": "elamaya",
		"count": "2",
		"instances": [
			"elamaya","elamaya"
		]},{
		"key": "lu₂",
		"count": "10",
		"instances": [
			"lu₂","lu₂","lu₂","lu₂","lu₂","lu₂","lu₂","lu₂","lu₂","lu₂"
		]},{
		"key": "aramean",
		"count": "2",
		"instances": [
			"aramean","aramean"
		]},{
		"key": "muṣuraya",
		"count": "2",
		"instances": [
			"muṣuraya","muṣuraya"
		]},{
		"key": "elamite",
		"count": "2",
		"instances": [
			"elamite","elamite"
		]},{
		"key": "Qatnaya[Qatnean]",
		"count": "1",
		"instances": [
			"Qatnaya[Qatnean]"
		]},{
		"key": "libbalaya",
		"count": "2",
		"instances": [
			"libbalaya","libbalaya"
		]},{
		"key": "kummaya",
		"count": "2",
		"instances": [
			"kummaya","kummaya"
		]},{
		"key": "Pilistaya[Philistine]",
		"count": "1",
		"instances": [
			"Pilistaya[Philistine]"
		]},{
		"key": "mar",
		"count": "2",
		"instances": [
			"mar","mar"
		]},{
		"key": "Kummaya[Kummean]",
		"count": "1",
		"instances": [
			"Kummaya[Kummean]"
		]},{
		"key": "mir",
		"count": "2",
		"instances": [
			"mir","mir"
		]},{
		"key": "chaldean",
		"count": "2",
		"instances": [
			"chaldean","chaldean"
		]},{
		"key": "neoasspi",
		"count": "1",
		"instances": [
			"neoasspi"
		]},{
		"key": "ša₃",
		"count": "2",
		"instances": [
			"ša₃","ša₃"
		]},{
		"key": "ṣu",
		"count": "2",
		"instances": [
			"ṣu","ṣu"
		]},{
		"key": "neoassar₂",
		"count": "1",
		"instances": [
			"neoassar₂"
		]},{
		"key": "Gimiraya[Cimmerian]",
		"count": "1",
		"instances": [
			"Gimiraya[Cimmerian]"
		]},{
		"key": "neoassgi",
		"count": "1",
		"instances": [
			"neoassgi"
		]},{
		"key": "ituʾean",
		"count": "2",
		"instances": [
			"ituʾean","ituʾean"
		]},{
		"key": "Armaya[Aramean]",
		"count": "1",
		"instances": [
			"Armaya[Aramean]"
		]},{
		"key": "Ninua[Nineveh]",
		"count": "1",
		"instances": [
			"Ninua[Nineveh]"
		]},{
		"key": "son",
		"count": "1",
		"instances": [
			"son"
		]},{
		"key": "māru[son]",
		"count": "1",
		"instances": [
			"māru[son]"
		]},{
		"key": "qatanaya",
		"count": "1",
		"instances": [
			"qatanaya"
		]},{
		"key": "neoass",
		"count": "9",
		"instances": [
			"neoass","neoass","neoass","neoass","neoass","neoass","neoass","neoass","neoass","neoass","neoass"
		]},{
		"key": "kummean",
		"count": "2",
		"instances": [
			"kummean","kummean"
		]},{
		"key": "ʾa",
		"count": "2",
		"instances": [
			"ʾa","ʾa"
		]},{
		"key": "qat",
		"count": "2",
		"instances": [
			"qat","qat"
		]},{
		"key": "philistine",
		"count": "2",
		"instances": [
			"philistine","philistine"
		]},{
		"key": "ituʾaya",
		"count": "2",
		"instances": [
			"ituʾaya","ituʾaya","ituʾaya","ituʾaya"
		]},{
		"key": "Muṣuraya[Egyptian]",
		"count": "1",
		"instances": [
			"Muṣuraya[Egyptian]"
		]},{
		"key": "kaldaya",
		"count": "2",
		"instances": [
			"kaldaya","kaldaya"
		]},{
		"key": "assur",
		"count": "2",
		"instances": [
			"assur","assur"
		]},{
		"key": "uru",
		"count": "6",
		"instances": [
			"uru","uru","uru","uru","uru","uru"
		]},{
		"key": "aa",
		"count": "22",
		"instances": [
			"aa","aa","aa","aa","aa","aa","aa","aa","aa","aa","aa","aa","aa","aa","aa","aa","aa","aa","aa","aa","aa","aa"
		]},{
		"key": "#",
		"count": "21",
		"instances": [
			"#","#","#","#","#","#","#","#","#","#","#","#","#","#","#","#","#","#","#","#","#"
		]}
	],
	"map": {
		"%akk": "akk",
		"Aramean": "aramean",
		"Armaya": "armaya",
		"Assur": "assur",
		"Chaldean": "chaldean",
		"Cimmerian": "cimmerian",
		"Egyptian": "egyptian",
		"Elamaya": "elamaya",
		"Elamite": "elamite",
		"Gimiraya": "gimiraya",
		"Ituʾaya": "ituʾaya",
		"Ituʾean": "ituʾean",
		"KUR": "kur",
		"Kaldaya": "kaldaya",
		"Kummaya": "kummaya",
		"Kummean": "kummean",
		"LU₂": "lu₂",
		"Libbalaya": "libbalaya",
		"Muṣuraya": "muṣuraya",
		"NIM.MA": "nimma",
		"Nineveh": "nineveh",
		"Ninevite": "ninevite",
		"Ninua": "ninua",
		"Philistine": "philistine",
		"Pilistaya": "pilistaya",
		"Qatanaya": "qatanaya",
		"Qatnaya": "qatnaya",
		"Qatnean": "qatnean",
		"URU": "uru",
		"a.a": "aa",
		"mār": "mar",
		"māru": "maru",
		"neoass:": "neoass",
		"neoass:ar₂": "neoassar₂",
		"neoass:gi": "neoassgi",
		"neoass:pi": "neoasspi",
		"ŠA₃": "ša₃"
	}
}
