{
	"type": "glossary",
	"project":"saao/saa14",
  "source": "http://oracc.org/saao/saa14",
  "license": "This data is released under the CC0 license",
  "license-url": "https://creativecommons.org/publicdomain/zero/1.0/",
  "more-info": "http://oracc.org/doc/opendata/",
  "UTC-timestamp": "2017-05-19T11:50:34",
  "source": "http://oracc.org/saao/saa14",
  "license": "This data is released under the CC0 license",
  "license-url": "https://creativecommons.org/publicdomain/zero/1.0/",
  "more-info": "http://oracc.org/doc/opendata/",
  "UTC-timestamp": "2017-05-19T11:49:10",
  "source": "http://oracc.org/saao/saa14",
  "license": "This data is released under the CC0 license",
  "license-url": "https://creativecommons.org/publicdomain/zero/1.0/",
  "more-info": "http://oracc.org/doc/opendata/",
  "UTC-timestamp": "2017-02-13T06:36:07",
	"index": "cbd/qpn-x-celest",
	"keys": [{
		"key": "#",
		"count": "2",
		"instances": [
			"#","#"
		]},{
		"key": "1",
		"count": "2",
		"instances": [
			"1","1"
		]},{
		"key": "d",
		"count": "2",
		"instances": [
			"d","d"
		]},{
		"key": "x",
		"count": "1",
		"instances": [
			"x"
		]},{
		"key": "akk",
		"count": "1",
		"instances": [
			"akk"
		]},{
		"key": "Sebetti[1]",
		"count": "1",
		"instances": [
			"Sebetti[1]"
		]},{
		"key": "7bi",
		"count": "2",
		"instances": [
			"7bi","7bi"
		]},{
		"key": "neoass",
		"count": "1",
		"instances": [
			"neoass"
		]},{
		"key": "sebetti",
		"count": "2",
		"instances": [
			"sebetti","sebetti"
		]}
	],
	"map": {
		"%akk": "akk",
		"7.BI": "7bi",
		"Sebetti": "sebetti",
		"neoass:": "neoass"
	}
}
