{
  "type": "cdl",
  "project": "blms",
  "source": "http://oracc.org/blms",
  "license": "This data is released under the CC0 license",
  "license-url": "https://creativecommons.org/publicdomain/zero/1.0/",
  "more-info": "http://oracc.org/doc/opendata/",
  "UTC-timestamp": "2017-06-21T21:46:49",
  "textid": "P259300",
  "cdl": [
    {
      "node": "c",
      "type": "text",
      "id": "P259300.U0",
      "cdl": [
        {
          "node": "d",
          "type": "object",
          "ref": ""
        },
        {
          "node": "d",
          "subtype": "obverse",
          "type": "obverse",
          "ref": "P259300.o.1",
          "label": "o"
        },
        {
          "node": "d",
          "type": "nonx",
          "ref": "P259300.2",
          "strict": "0",
          "state": "other"
        },
        {
          "node": "d",
          "subtype": "reverse",
          "type": "reverse",
          "ref": "P259300.r.3",
          "label": "r"
        },
        {
          "node": "d",
          "subtype": "column 1r",
          "type": "column",
          "ref": "P259300.r.i.4",
          "n": "1",
          "label": "r i"
        },
        {
          "node": "d",
          "type": "nonx",
          "ref": "P259300.5",
          "strict": "0",
          "state": "other"
        },
        {
          "node": "d",
          "subtype": "column 2r",
          "type": "column",
          "ref": "P259300.r.ii.6",
          "n": "2",
          "label": "r ii"
        },
        {
          "node": "d",
          "type": "nonx",
          "ref": "P259300.7",
          "strict": "0",
          "state": "other"
        },
        {
          "node": "d",
          "subtype": "column 3r",
          "type": "column",
          "ref": "P259300.r.iii.8",
          "n": "3",
          "label": "r iii"
        },
        {
          "node": "d",
          "type": "nonx",
          "ref": "P259300.9",
          "strict": "0",
          "state": "other"
        },
        {
          "node": "d",
          "subtype": "column 4r",
          "type": "column",
          "ref": "P259300.r.iv.10",
          "n": "4",
          "label": "r iv"
        },
        {
          "node": "c",
          "type": "discourse",
          "subtype": "body",
          "id": "P259300.U1",
          "cdl": [
            {
              "node": "c",
              "type": "sentence",
              "id": "P259300.U2",
              "cdl": [
                {
                  "node": "d",
                  "type": "line-start",
                  "ref": "P259300.11"
                },
                {
                  "node": "d",
                  "type": "line-start",
                  "ref": "P259300.11l",
                  "n": "1",
                  "label": "r iv 1"
                },
                {
                  "node": "l",
                  "frag": "nam-dub-sar-ra",
                  "id": "P259300.l055e7",
                  "ref": "P259300.11.1",
                  "inst": "namdubsar[the scribal arts]N",
                  "sig": "@blms%sux:nam-dub-sar-ra=namdubsar[the scribal arts//the scribal arts]N'N$namdubsar,a/nam-dub-sar+-ra=r.a#~,a",
                  "f": {
                    "lang": "sux",
                    "form": "nam-dub-sar-ra",
                    "delim": " ",
                    "gdl": [
                      {
                        "v": "nam",
                        "id": "P259300.11.1.0",
                        "delim": "-"
                      },
                      {
                        "v": "dub",
                        "id": "P259300.11.1.1",
                        "delim": "-"
                      },
                      {
                        "v": "sar",
                        "id": "P259300.11.1.2",
                        "delim": "-"
                      },
                      {
                        "v": "ra",
                        "id": "P259300.11.1.3"
                      }
                    ],
                    "cf": "namdubsar",
                    "gw": "the scribal arts",
                    "sense": "the scribal arts",
                    "norm0": "namdubsar,a",
                    "pos": "N",
                    "epos": "N",
                    "base": "nam-dub-sar",
                    "cont": "-ra=r.a",
                    "morph": "~,a"
                  }
                },
                {
                  "node": "l",
                  "frag": "ama",
                  "id": "P259300.l055e8",
                  "ref": "P259300.11.2",
                  "inst": "ama[mother]N",
                  "sig": "@blms%sux:ama=ama[mother//mother]N'N$ama/ama#~",
                  "f": {
                    "lang": "sux",
                    "form": "ama",
                    "delim": " ",
                    "gdl": [
                      {
                        "v": "ama",
                        "id": "P259300.11.2.0"
                      }
                    ],
                    "cf": "ama",
                    "gw": "mother",
                    "sense": "mother",
                    "norm0": "ama",
                    "pos": "N",
                    "epos": "N",
                    "base": "ama",
                    "morph": "~"
                  }
                },
                {
                  "node": "l",
                  "frag": "gu₃",
                  "id": "P259300.l055e9",
                  "ref": "P259300.11.3",
                  "inst": "gu[voice, cry, noise]N",
                  "sig": "@blms%sux:gu₃=gu[voice//voice, cry, noise]N'N$gu/gu₃#~",
                  "f": {
                    "lang": "sux",
                    "form": "gu₃",
                    "delim": " ",
                    "gdl": [
                      {
                        "v": "gu₃",
                        "id": "P259300.11.3.0"
                      }
                    ],
                    "cf": "gu",
                    "gw": "voice",
                    "sense": "voice, cry, noise",
                    "norm0": "gu",
                    "pos": "N",
                    "epos": "N",
                    "base": "gu₃",
                    "morph": "~"
                  }
                },
                {
                  "node": "l",
                  "frag": "de₂-ke₄-e-ne",
                  "id": "P259300.l055ea",
                  "ref": "P259300.11.4",
                  "inst": "de[pour]V/t",
                  "sig": "@blms%sux:de₂-ke₄-e-ne=de[pour//pour]V/t'V/t$de;a,ak.ene/de₂#~;a,ak.ene",
                  "f": {
                    "lang": "sux",
                    "form": "de₂-ke₄-e-ne",
                    "delim": " ",
                    "gdl": [
                      {
                        "v": "de₂",
                        "id": "P259300.11.4.0",
                        "delim": "-"
                      },
                      {
                        "v": "ke₄",
                        "id": "P259300.11.4.1",
                        "delim": "-"
                      },
                      {
                        "v": "e",
                        "id": "P259300.11.4.2",
                        "delim": "-"
                      },
                      {
                        "v": "ne",
                        "id": "P259300.11.4.3"
                      }
                    ],
                    "cf": "de",
                    "gw": "pour",
                    "sense": "pour",
                    "norm0": "de;a,ak.ene",
                    "pos": "V/t",
                    "epos": "V/t",
                    "base": "de₂",
                    "morph": "~;a,ak.ene"
                  }
                },
                {
                  "node": "l",
                  "frag": "a-a",
                  "id": "P259300.l055eb",
                  "ref": "P259300.11.5",
                  "inst": "aya[father]N",
                  "sig": "@blms%sux:a-a=aya[father//father]N'N$aya/a-a#~",
                  "f": {
                    "lang": "sux",
                    "form": "a-a",
                    "delim": " ",
                    "gdl": [
                      {
                        "v": "a",
                        "id": "P259300.11.5.0",
                        "delim": "-"
                      },
                      {
                        "v": "a",
                        "id": "P259300.11.5.1"
                      }
                    ],
                    "cf": "aya",
                    "gw": "father",
                    "sense": "father",
                    "norm0": "aya",
                    "pos": "N",
                    "epos": "N",
                    "base": "a-a",
                    "morph": "~"
                  }
                },
                {
                  "node": "l",
                  "frag": "um-me-a-ke₄-eš",
                  "id": "P259300.l055ec",
                  "ref": "P259300.11.6",
                  "inst": "ummia[expert]N/um-me-a#~,ak.eš",
                  "sig": "@blms%sux:um-me-a-ke₄-eš=ummia[expert//expert]N'N$ummia,ak.eš/um-me-a#~,ak.eš",
                  "f": {
                    "lang": "sux",
                    "form": "um-me-a-ke₄-eš",
                    "gdl": [
                      {
                        "v": "um",
                        "id": "P259300.11.6.0",
                        "delim": "-"
                      },
                      {
                        "v": "me",
                        "id": "P259300.11.6.1",
                        "delim": "-"
                      },
                      {
                        "v": "a",
                        "id": "P259300.11.6.2",
                        "delim": "-"
                      },
                      {
                        "v": "ke₄",
                        "id": "P259300.11.6.3",
                        "delim": "-"
                      },
                      {
                        "v": "eš",
                        "id": "P259300.11.6.4"
                      }
                    ],
                    "cf": "ummia",
                    "gw": "expert",
                    "sense": "expert",
                    "norm0": "ummia,ak.eš",
                    "pos": "N",
                    "epos": "N",
                    "base": "um-me-a",
                    "morph": "~,ak.eš"
                  }
                },
                {
                  "node": "d",
                  "type": "line-start",
                  "ref": ""
                },
                {
                  "node": "l",
                  "frag": "ṭup-šar-ru-tu₂",
                  "id": "P259300.l055ed",
                  "ref": "P259300.11.1445000",
                  "inst": "ṭupšarrūtu[scribal art]N$",
                  "sig": "@blms%akk-x-stdbab:ṭup-šar-ru-tu₂=ṭupšarrūtu[scribal art//scribal art]N'N$ṭupšarrūtu",
                  "f": {
                    "lang": "akk-x-stdbab",
                    "form": "ṭup-šar-ru-tu₂",
                    "delim": " ",
                    "gdl": [
                      {
                        "v": "ṭup",
                        "id": "P259300.11.1445000.0",
                        "delim": "-"
                      },
                      {
                        "v": "šar",
                        "id": "P259300.11.1445000.1",
                        "delim": "-"
                      },
                      {
                        "v": "ru",
                        "id": "P259300.11.1445000.2",
                        "delim": "-"
                      },
                      {
                        "v": "tu₂",
                        "id": "P259300.11.1445000.3"
                      }
                    ],
                    "cf": "ṭupšarrūtu",
                    "gw": "scribal art",
                    "sense": "scribal art",
                    "norm": "ṭupšarrūtu",
                    "pos": "N",
                    "epos": "N"
                  }
                },
                {
                  "node": "l",
                  "frag": "um-mi",
                  "id": "P259300.l055ee",
                  "ref": "P259300.11.1445001",
                  "inst": "ummi[mother]N",
                  "sig": "@blms%akk-x-stdbab:um-mi=ummu[mother//mother]N'N$ummi",
                  "f": {
                    "lang": "akk-x-stdbab",
                    "form": "um-mi",
                    "delim": " ",
                    "gdl": [
                      {
                        "v": "um",
                        "id": "P259300.11.1445001.0",
                        "delim": "-"
                      },
                      {
                        "v": "mi",
                        "id": "P259300.11.1445001.1"
                      }
                    ],
                    "cf": "ummu",
                    "gw": "mother",
                    "sense": "mother",
                    "norm": "ummi",
                    "pos": "N",
                    "epos": "N"
                  }
                },
                {
                  "node": "l",
                  "frag": "la-ʾi-i-ṭa-at",
                  "id": "P259300.l055ef",
                  "ref": "P259300.11.1445002",
                  "inst": "laʾiṭat[embracing]AJ",
                  "sig": "@blms%akk-x-stdbab:la-ʾi-i-ṭa-at=lâṭu[confined//embracing]AJ'AJ$laʾiṭat",
                  "f": {
                    "lang": "akk-x-stdbab",
                    "form": "la-ʾi-i-ṭa-at",
                    "delim": " ",
                    "gdl": [
                      {
                        "v": "la",
                        "id": "P259300.11.1445002.0",
                        "delim": "-"
                      },
                      {
                        "v": "ʾi",
                        "id": "P259300.11.1445002.1",
                        "delim": "-"
                      },
                      {
                        "v": "i",
                        "id": "P259300.11.1445002.2",
                        "delim": "-"
                      },
                      {
                        "v": "ṭa",
                        "id": "P259300.11.1445002.3",
                        "delim": "-"
                      },
                      {
                        "v": "at",
                        "id": "P259300.11.1445002.4"
                      }
                    ],
                    "cf": "lâṭu",
                    "gw": "confined",
                    "sense": "embracing",
                    "norm": "laʾiṭat",
                    "pos": "AJ",
                    "epos": "AJ"
                  }
                },
                {
                  "node": "l",
                  "frag": "a-bi",
                  "id": "P259300.l055f0",
                  "ref": "P259300.11.1445003",
                  "inst": "abi[father]N",
                  "sig": "@blms%akk-x-stdbab:a-bi=abu[father//father]N'N$abi",
                  "f": {
                    "lang": "akk-x-stdbab",
                    "form": "a-bi",
                    "delim": " ",
                    "gdl": [
                      {
                        "v": "a",
                        "id": "P259300.11.1445003.0",
                        "delim": "-"
                      },
                      {
                        "v": "bi",
                        "id": "P259300.11.1445003.1"
                      }
                    ],
                    "cf": "abu",
                    "gw": "father",
                    "sense": "father",
                    "norm": "abi",
                    "pos": "N",
                    "epos": "N"
                  }
                },
                {
                  "node": "l",
                  "frag": "um-man-ni",
                  "id": "P259300.l055f1",
                  "ref": "P259300.11.1445004",
                  "inst": "ummiānu[craftsman//scholar]N'N$ummannī",
                  "sig": "@blms%akk-x-stdbab:um-man-ni=ummiānu[craftsman//scholar]N'N$ummannī",
                  "f": {
                    "lang": "akk-x-stdbab",
                    "form": "um-man-ni",
                    "gdl": [
                      {
                        "v": "um",
                        "id": "P259300.11.1445004.0",
                        "delim": "-"
                      },
                      {
                        "v": "man",
                        "id": "P259300.11.1445004.1",
                        "delim": "-"
                      },
                      {
                        "v": "ni",
                        "id": "P259300.11.1445004.2"
                      }
                    ],
                    "cf": "ummiānu",
                    "gw": "craftsman",
                    "sense": "scholar",
                    "norm": "ummannī",
                    "pos": "N",
                    "epos": "N"
                  }
                },
                {
                  "node": "d",
                  "type": "line-start",
                  "ref": "P259300.12"
                },
                {
                  "node": "d",
                  "type": "line-start",
                  "ref": "P259300.12l",
                  "n": "2",
                  "label": "r iv 2"
                },
                {
                  "node": "l",
                  "frag": "nam-dub-sar-ra",
                  "id": "P259300.l055f2",
                  "ref": "P259300.12.1",
                  "inst": "namdubsar[the scribal arts]N",
                  "sig": "@blms%sux:nam-dub-sar-ra=namdubsar[the scribal arts//the scribal arts]N'N$namdubsar,a/nam-dub-sar+-ra=r.a#~,a",
                  "f": {
                    "lang": "sux",
                    "form": "nam-dub-sar-ra",
                    "delim": " ",
                    "gdl": [
                      {
                        "v": "nam",
                        "id": "P259300.12.1.0",
                        "delim": "-"
                      },
                      {
                        "v": "dub",
                        "id": "P259300.12.1.1",
                        "delim": "-"
                      },
                      {
                        "v": "sar",
                        "id": "P259300.12.1.2",
                        "delim": "-"
                      },
                      {
                        "v": "ra",
                        "id": "P259300.12.1.3"
                      }
                    ],
                    "cf": "namdubsar",
                    "gw": "the scribal arts",
                    "sense": "the scribal arts",
                    "norm0": "namdubsar,a",
                    "pos": "N",
                    "epos": "N",
                    "base": "nam-dub-sar",
                    "cont": "-ra=r.a",
                    "morph": "~,a"
                  }
                },
                {
                  "node": "l",
                  "frag": "nam",
                  "id": "P259300.l055f3",
                  "ref": "P259300.12.2",
                  "inst": "nam[fate]",
                  "sig": "@blms%sux:nam=nam[fate//fate]N'N$nam/nam#~",
                  "f": {
                    "lang": "sux",
                    "form": "nam",
                    "delim": " ",
                    "gdl": [
                      {
                        "v": "nam",
                        "id": "P259300.12.2.0"
                      }
                    ],
                    "cf": "nam",
                    "gw": "fate",
                    "sense": "fate",
                    "norm0": "nam",
                    "pos": "N",
                    "epos": "N",
                    "base": "nam",
                    "morph": "~"
                  }
                },
                {
                  "node": "l",
                  "frag": "in-da-ab-tuku-a",
                  "id": "P259300.l055f4",
                  "ref": "P259300.12.3",
                  "inst": "tuku[acquire]V/t/tuku#V.n.da.b:~;a",
                  "sig": "@blms%sux:in-da-ab-tuku-a=tuku[acquire//acquire]V/t'V/t$V.n.da.b:tuku;a/tuku#V.n.da.b:~;a",
                  "f": {
                    "lang": "sux",
                    "form": "in-da-ab-tuku-a",
                    "delim": " ",
                    "gdl": [
                      {
                        "v": "in",
                        "id": "P259300.12.3.0",
                        "delim": "-"
                      },
                      {
                        "v": "da",
                        "id": "P259300.12.3.1",
                        "delim": "-"
                      },
                      {
                        "v": "ab",
                        "id": "P259300.12.3.2",
                        "delim": "-"
                      },
                      {
                        "v": "tuku",
                        "id": "P259300.12.3.3",
                        "delim": "-"
                      },
                      {
                        "v": "a",
                        "id": "P259300.12.3.4"
                      }
                    ],
                    "cf": "tuku",
                    "gw": "acquire",
                    "sense": "acquire",
                    "norm0": "V.n.da.b:tuku;a",
                    "pos": "V/t",
                    "epos": "V/t",
                    "base": "tuku",
                    "morph": "V.n.da.b:~;a"
                  }
                },
                {
                  "node": "l",
                  "frag": "la-la-⸢bi⸣",
                  "id": "P259300.l055f5",
                  "ref": "P259300.12.4",
                  "inst": "lala[happiness]N",
                  "sig": "@blms%sux:la-la-bi=lala[plenty//happiness]N'N$lala,bi/la-la#~,bi",
                  "f": {
                    "lang": "sux",
                    "form": "la-la-bi",
                    "delim": " ",
                    "gdl": [
                      {
                        "v": "la",
                        "id": "P259300.12.4.0",
                        "delim": "-"
                      },
                      {
                        "v": "la",
                        "id": "P259300.12.4.1",
                        "delim": "-"
                      },
                      {
                        "v": "bi",
                        "id": "P259300.12.4.2",
                        "break": "damaged",
                        "queried": "1",
                        "ho": "1",
                        "hc": "1"
                      }
                    ],
                    "cf": "lala",
                    "gw": "plenty",
                    "sense": "happiness",
                    "norm0": "lala,bi",
                    "pos": "N",
                    "epos": "N",
                    "base": "la-la",
                    "morph": "~,bi"
                  }
                },
                {
                  "node": "l",
                  "frag": "nu-⸢un⸣-[gi₄]-gi₄",
                  "id": "P259300.l055f6",
                  "ref": "P259300.12.5",
                  "inst": "gi[turn]V/i/gi₄-gi₄#nu.n:~",
                  "sig": "@blms%sux:nu-un-gi₄-gi₄=gi[turn//turn]V/i'V/i$nu.n:gi/gi₄-gi₄#nu.n:~",
                  "f": {
                    "lang": "sux",
                    "form": "nu-un-gi₄-gi₄",
                    "gdl": [
                      {
                        "v": "nu",
                        "id": "P259300.12.5.0",
                        "delim": "-"
                      },
                      {
                        "v": "un",
                        "id": "P259300.12.5.1",
                        "break": "damaged",
                        "ho": "1",
                        "delim": "-",
                        "hc": "1"
                      },
                      {
                        "v": "gi₄",
                        "id": "P259300.12.5.2",
                        "breakStart": "1",
                        "o": "]",
                        "break": "missing",
                        "breakEnd": "P259300.12.5.2",
                        "delim": "-"
                      },
                      {
                        "v": "gi₄",
                        "id": "P259300.12.5.3"
                      }
                    ],
                    "cf": "gi",
                    "gw": "turn",
                    "sense": "turn",
                    "norm0": "nu.n:gi",
                    "pos": "V/i",
                    "epos": "V/i",
                    "base": "gi₄-gi₄",
                    "morph": "nu.n:~"
                  }
                },
                {
                  "node": "d",
                  "type": "line-start",
                  "ref": ""
                },
                {
                  "node": "l",
                  "frag": "[ṭup-šar-ru]-tu₂",
                  "id": "P259300.l055f7",
                  "ref": "P259300.12.1446000",
                  "inst": "ṭupšarrūtu[scribal art]N",
                  "sig": "@blms%akk-x-stdbab:ṭup-šar-ru-tu₂=ṭupšarrūtu[scribal art//scribal art]N'N$ṭupšarrūtu",
                  "f": {
                    "lang": "akk-x-stdbab",
                    "form": "ṭup-šar-ru-tu₂",
                    "delim": " ",
                    "gdl": [
                      {
                        "v": "ṭup",
                        "id": "P259300.12.1446000.0",
                        "breakStart": "1",
                        "o": "[",
                        "break": "missing",
                        "delim": "-"
                      },
                      {
                        "v": "šar",
                        "id": "P259300.12.1446000.1",
                        "break": "missing",
                        "delim": "-"
                      },
                      {
                        "v": "ru",
                        "id": "P259300.12.1446000.2",
                        "break": "missing",
                        "o": "]",
                        "breakEnd": "P259300.12.1446000.0",
                        "delim": "-"
                      },
                      {
                        "v": "tu₂",
                        "id": "P259300.12.1446000.3"
                      }
                    ],
                    "cf": "ṭupšarrūtu",
                    "gw": "scribal art",
                    "sense": "scribal art",
                    "norm": "ṭupšarrūtu",
                    "pos": "N",
                    "epos": "N"
                  }
                },
                {
                  "node": "l",
                  "frag": "[ṣa-a-a-ha-at]-ma",
                  "id": "P259300.l055f8",
                  "ref": "P259300.12.1446001",
                  "inst": "ṣayyahatma[enjoyable]AJ",
                  "sig": "@blms%akk-x-stdbab:ṣa-a-a-ha-at-ma=ṣayyahu[enjoyable//enjoyable]AJ'AJ$ṣayyahatma",
                  "f": {
                    "lang": "akk-x-stdbab",
                    "form": "ṣa-a-a-ha-at-ma",
                    "delim": " ",
                    "gdl": [
                      {
                        "v": "ṣa",
                        "id": "P259300.12.1446001.0",
                        "breakStart": "1",
                        "o": "[",
                        "break": "missing",
                        "delim": "-"
                      },
                      {
                        "v": "a",
                        "id": "P259300.12.1446001.1",
                        "break": "missing",
                        "delim": "-"
                      },
                      {
                        "v": "a",
                        "id": "P259300.12.1446001.2",
                        "break": "missing",
                        "delim": "-"
                      },
                      {
                        "v": "ha",
                        "id": "P259300.12.1446001.3",
                        "break": "missing",
                        "delim": "-"
                      },
                      {
                        "v": "at",
                        "id": "P259300.12.1446001.4",
                        "break": "missing",
                        "o": "]",
                        "breakEnd": "P259300.12.1446001.0",
                        "delim": "-"
                      },
                      {
                        "v": "ma",
                        "id": "P259300.12.1446001.5"
                      }
                    ],
                    "cf": "ṣayyahu",
                    "gw": "enjoyable",
                    "sense": "enjoyable",
                    "norm": "ṣayyahatma",
                    "pos": "AJ",
                    "epos": "AJ"
                  }
                },
                {
                  "node": "l",
                  "frag": "[la-la-ša₂]",
                  "id": "P259300.l055f9",
                  "ref": "P259300.12.1446002",
                  "inst": "lalû[plenty]N$lalâša",
                  "sig": "@blms%akk-x-stdbab:la-la-ša₂=lalû[plenty//plenty]N'N$lalâša",
                  "f": {
                    "lang": "akk-x-stdbab",
                    "form": "la-la-ša₂",
                    "delim": " ",
                    "gdl": [
                      {
                        "v": "la",
                        "id": "P259300.12.1446002.0",
                        "breakStart": "1",
                        "o": "[",
                        "break": "missing",
                        "delim": "-"
                      },
                      {
                        "v": "la",
                        "id": "P259300.12.1446002.1",
                        "break": "missing",
                        "delim": "-"
                      },
                      {
                        "v": "ša₂",
                        "id": "P259300.12.1446002.2",
                        "break": "missing",
                        "o": "]",
                        "breakEnd": "P259300.12.1446002.0"
                      }
                    ],
                    "cf": "lalû",
                    "gw": "plenty",
                    "sense": "plenty",
                    "norm": "lalâša",
                    "pos": "N",
                    "epos": "N"
                  }
                },
                {
                  "node": "l",
                  "frag": "⸢ul⸣",
                  "id": "P259300.l055fa",
                  "ref": "P259300.12.1446003",
                  "inst": "ul[not]MOD",
                  "sig": "@blms%akk-x-stdbab:ul=ul[not//not]MOD'MOD$ul",
                  "f": {
                    "lang": "akk-x-stdbab",
                    "form": "ul",
                    "delim": " ",
                    "gdl": [
                      {
                        "v": "ul",
                        "id": "P259300.12.1446003.0",
                        "break": "damaged",
                        "ho": "1",
                        "hc": "1"
                      }
                    ],
                    "cf": "ul",
                    "gw": "not",
                    "sense": "not",
                    "norm": "ul",
                    "pos": "MOD",
                    "epos": "MOD"
                  }
                },
                {
                  "node": "l",
                  "frag": "[iš-šeb-bi]",
                  "id": "P259300.l055fb",
                  "ref": "P259300.12.1446004",
                  "inst": "šebû[be(come) full//be filled]V'V$iššebbi",
                  "sig": "@blms%akk-x-stdbab:iš-šeb-bi=šebû[be(come) full//be filled]V'V$iššebbi",
                  "f": {
                    "lang": "akk-x-stdbab",
                    "form": "iš-šeb-bi",
                    "gdl": [
                      {
                        "v": "iš",
                        "id": "P259300.12.1446004.0",
                        "breakStart": "1",
                        "o": "[",
                        "break": "missing",
                        "delim": "-"
                      },
                      {
                        "v": "šeb",
                        "id": "P259300.12.1446004.1",
                        "break": "missing",
                        "delim": "-"
                      },
                      {
                        "v": "bi",
                        "id": "P259300.12.1446004.2",
                        "break": "missing",
                        "o": "]",
                        "breakEnd": "P259300.12.1446004.0"
                      }
                    ],
                    "cf": "šebû",
                    "gw": "be(come) full",
                    "sense": "be filled",
                    "norm": "iššebbi",
                    "pos": "V",
                    "epos": "V"
                  }
                },
                {
                  "node": "d",
                  "type": "line-start",
                  "ref": "P259300.13"
                },
                {
                  "node": "d",
                  "type": "line-start",
                  "ref": "P259300.13l",
                  "n": "3",
                  "label": "r iv 3"
                },
                {
                  "node": "l",
                  "frag": "nam-dub-sar-ra",
                  "id": "P259300.l055fc",
                  "ref": "P259300.13.1",
                  "inst": "namdubsar[the scribal arts]N",
                  "sig": "@blms%sux:nam-dub-sar-ra=namdubsar[the scribal arts//the scribal arts]N'N$namdubsar,a/nam-dub-sar+-ra=r.a#~,a",
                  "f": {
                    "lang": "sux",
                    "form": "nam-dub-sar-ra",
                    "delim": " ",
                    "gdl": [
                      {
                        "v": "nam",
                        "id": "P259300.13.1.0",
                        "delim": "-"
                      },
                      {
                        "v": "dub",
                        "id": "P259300.13.1.1",
                        "delim": "-"
                      },
                      {
                        "v": "sar",
                        "id": "P259300.13.1.2",
                        "delim": "-"
                      },
                      {
                        "v": "ra",
                        "id": "P259300.13.1.3"
                      }
                    ],
                    "cf": "namdubsar",
                    "gw": "the scribal arts",
                    "sense": "the scribal arts",
                    "norm0": "namdubsar,a",
                    "pos": "N",
                    "epos": "N",
                    "base": "nam-dub-sar",
                    "cont": "-ra=r.a",
                    "morph": "~,a"
                  }
                },
                {
                  "node": "l",
                  "frag": "me",
                  "id": "P259300.l055fd",
                  "ref": "P259300.13.2",
                  "inst": "me[Being]",
                  "sig": "@blms%sux:me=me[Being//Being, divine properties enabling cosmic activity]N'N$me/me#~",
                  "f": {
                    "lang": "sux",
                    "form": "me",
                    "delim": " ",
                    "gdl": [
                      {
                        "v": "me",
                        "id": "P259300.13.2.0"
                      }
                    ],
                    "cf": "me",
                    "gw": "Being",
                    "sense": "Being, divine properties enabling cosmic activity",
                    "norm0": "me",
                    "pos": "N",
                    "epos": "N",
                    "base": "me",
                    "morph": "~"
                  }
                },
                {
                  "node": "l",
                  "frag": "⸢zu⸣",
                  "id": "P259300.l055fe",
                  "ref": "P259300.13.3",
                  "inst": "zu[to know]V/t",
                  "sig": "@blms%sux:zu=zu[know//to know]V/t'V/t$zu/zu#~",
                  "f": {
                    "lang": "sux",
                    "form": "zu",
                    "delim": " ",
                    "gdl": [
                      {
                        "v": "zu",
                        "id": "P259300.13.3.0",
                        "break": "damaged",
                        "ho": "1",
                        "hc": "1"
                      }
                    ],
                    "cf": "zu",
                    "gw": "know",
                    "sense": "to know",
                    "norm0": "zu",
                    "pos": "V/t",
                    "epos": "V/t",
                    "base": "zu",
                    "morph": "~"
                  }
                },
                {
                  "node": "l",
                  "frag": "ŋal₂",
                  "id": "P259300.l055ff",
                  "ref": "P259300.13.4",
                  "inst": "ŋal[to have]V/i",
                  "sig": "@blms%sux:ŋal₂=ŋal[be//to have]V/i'V/i$ŋal/ŋal₂#~",
                  "f": {
                    "lang": "sux",
                    "form": "ŋal₂",
                    "delim": " ",
                    "gdl": [
                      {
                        "v": "ŋal₂",
                        "id": "P259300.13.4.0"
                      }
                    ],
                    "cf": "ŋal",
                    "gw": "be",
                    "sense": "to have",
                    "norm0": "ŋal",
                    "pos": "V/i",
                    "epos": "V/i",
                    "base": "ŋal₂",
                    "morph": "~"
                  }
                },
                {
                  "node": "l",
                  "frag": "lu₂",
                  "id": "P259300.l05600",
                  "ref": "P259300.13.5",
                  "inst": "lu[person]N",
                  "sig": "@blms%sux:lu₂=lu[person//person]N'N$lu/lu₂#~",
                  "f": {
                    "lang": "sux",
                    "form": "lu₂",
                    "delim": " ",
                    "gdl": [
                      {
                        "v": "lu₂",
                        "id": "P259300.13.5.0"
                      }
                    ],
                    "cf": "lu",
                    "gw": "person",
                    "sense": "person",
                    "norm0": "lu",
                    "pos": "N",
                    "epos": "N",
                    "base": "lu₂",
                    "morph": "~"
                  }
                },
                {
                  "node": "l",
                  "frag": "su-bi",
                  "id": "P259300.l05601",
                  "ref": "P259300.13.6",
                  "inst": "zu[know]V/t",
                  "sig": "@blms%sux:su-bi=zu[know//know]V/t'V/t$zu;*a,bi/su#~;*a,bi",
                  "f": {
                    "lang": "sux",
                    "form": "su-bi",
                    "delim": " ",
                    "gdl": [
                      {
                        "v": "su",
                        "id": "P259300.13.6.0",
                        "delim": "-"
                      },
                      {
                        "v": "bi",
                        "id": "P259300.13.6.1"
                      }
                    ],
                    "cf": "zu",
                    "gw": "know",
                    "sense": "know",
                    "norm0": "zu;*a,bi",
                    "pos": "V/t",
                    "epos": "V/t",
                    "base": "su",
                    "morph": "~;*a,bi"
                  }
                },
                {
                  "node": "l",
                  "frag": "nu-un-dirig-ga",
                  "id": "P259300.l05602",
                  "ref": "P259300.13.7",
                  "inst": "dirig[to be distressed]V/i",
                  "sig": "@blms%sux:nu-un-dirig-ga=dirig[fall//to be distressed]V/i'V/i$nu.n:dirig;a/dirig#nu.n:~;a",
                  "f": {
                    "lang": "sux",
                    "form": "nu-un-dirig-ga",
                    "gdl": [
                      {
                        "v": "nu",
                        "id": "P259300.13.7.0",
                        "delim": "-"
                      },
                      {
                        "v": "un",
                        "id": "P259300.13.7.1",
                        "delim": "-"
                      },
                      {
                        "v": "dirig",
                        "id": "P259300.13.7.2",
                        "delim": "-"
                      },
                      {
                        "v": "ga",
                        "id": "P259300.13.7.3"
                      }
                    ],
                    "cf": "dirig",
                    "gw": "fall",
                    "sense": "to be distressed",
                    "norm0": "nu.n:dirig;a",
                    "pos": "V/i",
                    "epos": "V/i",
                    "base": "dirig",
                    "morph": "nu.n:~;a"
                  }
                },
                {
                  "node": "d",
                  "type": "line-start",
                  "ref": ""
                },
                {
                  "node": "l",
                  "frag": "ṭup-šar-ru-[tu₂]",
                  "id": "P259300.l05603",
                  "ref": "P259300.13.1447000",
                  "inst": "ṭupšarrūtu[scribal art]N",
                  "sig": "@blms%akk-x-stdbab:ṭup-šar-ru-tu₂=ṭupšarrūtu[scribal art//scribal art]N'N$ṭupšarrūtu",
                  "f": {
                    "lang": "akk-x-stdbab",
                    "form": "ṭup-šar-ru-tu₂",
                    "delim": " ",
                    "gdl": [
                      {
                        "v": "ṭup",
                        "id": "P259300.13.1447000.0",
                        "delim": "-"
                      },
                      {
                        "v": "šar",
                        "id": "P259300.13.1447000.1",
                        "delim": "-"
                      },
                      {
                        "v": "ru",
                        "id": "P259300.13.1447000.2",
                        "delim": "-"
                      },
                      {
                        "v": "tu₂",
                        "id": "P259300.13.1447000.3",
                        "breakStart": "1",
                        "o": "]",
                        "break": "missing",
                        "breakEnd": "P259300.13.1447000.3"
                      }
                    ],
                    "cf": "ṭupšarrūtu",
                    "gw": "scribal art",
                    "sense": "scribal art",
                    "norm": "ṭupšarrūtu",
                    "pos": "N",
                    "epos": "N"
                  }
                },
                {
                  "node": "l",
                  "frag": "la",
                  "id": "P259300.l05604",
                  "ref": "P259300.13.1447001",
                  "inst": "lā[not]MOD",
                  "sig": "@blms%akk-x-stdbab:la=lā[not//not]MOD'MOD$lā",
                  "f": {
                    "lang": "akk-x-stdbab",
                    "form": "la",
                    "delim": " ",
                    "gdl": [
                      {
                        "v": "la",
                        "id": "P259300.13.1447001.0"
                      }
                    ],
                    "cf": "lā",
                    "gw": "not",
                    "sense": "not",
                    "norm": "lā",
                    "pos": "MOD",
                    "epos": "MOD"
                  }
                },
                {
                  "node": "l",
                  "frag": "lam-⸢da⸣-[at]",
                  "id": "P259300.l05605",
                  "ref": "P259300.13.1447002",
                  "inst": "lamdat[learning]AJ",
                  "sig": "@blms%akk-x-stdbab:lam-da-at=lamdu[knowing//learning]AJ'AJ$lamdat",
                  "f": {
                    "lang": "akk-x-stdbab",
                    "form": "lam-da-at",
                    "delim": " ",
                    "gdl": [
                      {
                        "v": "lam",
                        "id": "P259300.13.1447002.0",
                        "delim": "-"
                      },
                      {
                        "v": "da",
                        "id": "P259300.13.1447002.1",
                        "break": "damaged",
                        "ho": "1",
                        "delim": "-",
                        "hc": "1"
                      },
                      {
                        "v": "at",
                        "id": "P259300.13.1447002.2",
                        "breakStart": "1",
                        "o": "]",
                        "break": "missing",
                        "breakEnd": "P259300.13.1447002.2"
                      }
                    ],
                    "cf": "lamdu",
                    "gw": "knowing",
                    "sense": "learning",
                    "norm": "lamdat",
                    "pos": "AJ",
                    "epos": "AJ"
                  }
                },
                {
                  "node": "l",
                  "frag": "a-hi-is-[sa]",
                  "id": "P259300.l05606",
                  "ref": "P259300.13.1447003",
                  "inst": "āhissa[one who learns]N",
                  "sig": "@blms%akk-x-stdbab:a-hi-is-sa=āhizu[one who takes//one who learns]N'N$āhissa",
                  "f": {
                    "lang": "akk-x-stdbab",
                    "form": "a-hi-is-sa",
                    "delim": " ",
                    "gdl": [
                      {
                        "v": "a",
                        "id": "P259300.13.1447003.0",
                        "delim": "-"
                      },
                      {
                        "v": "hi",
                        "id": "P259300.13.1447003.1",
                        "delim": "-"
                      },
                      {
                        "v": "is",
                        "id": "P259300.13.1447003.2",
                        "delim": "-"
                      },
                      {
                        "v": "sa",
                        "id": "P259300.13.1447003.3",
                        "breakStart": "1",
                        "o": "]",
                        "break": "missing",
                        "breakEnd": "P259300.13.1447003.3"
                      }
                    ],
                    "cf": "āhizu",
                    "gw": "one who takes",
                    "sense": "one who learns",
                    "norm": "āhissa",
                    "pos": "N",
                    "epos": "N"
                  }
                },
                {
                  "node": "l",
                  "frag": "ul",
                  "id": "P259300.l05607",
                  "ref": "P259300.13.1447004",
                  "inst": "ul[not]MOD",
                  "sig": "@blms%akk-x-stdbab:ul=ul[not//not]MOD'MOD$ul",
                  "f": {
                    "lang": "akk-x-stdbab",
                    "form": "ul",
                    "delim": " ",
                    "gdl": [
                      {
                        "v": "ul",
                        "id": "P259300.13.1447004.0"
                      }
                    ],
                    "cf": "ul",
                    "gw": "not",
                    "sense": "not",
                    "norm": "ul",
                    "pos": "MOD",
                    "epos": "MOD"
                  }
                },
                {
                  "node": "l",
                  "frag": "i-⸢ad-dar⸣-[šu₂]",
                  "id": "P259300.l05608",
                  "ref": "P259300.13.1447005",
                  "inst": "+adāru[be(come) afraid (of)]V'V$iʾaddaršu",
                  "sig": "@blms%akk-x-stdbab:i-ad-dar-šu₂=adāru[be(come) afraid (of)//be(come) afraid (of)]V'V$iʾaddaršu",
                  "f": {
                    "lang": "akk-x-stdbab",
                    "form": "i-ad-dar-šu₂",
                    "gdl": [
                      {
                        "v": "i",
                        "id": "P259300.13.1447005.0",
                        "delim": "-"
                      },
                      {
                        "v": "ad",
                        "id": "P259300.13.1447005.1",
                        "break": "damaged",
                        "ho": "1",
                        "delim": "-"
                      },
                      {
                        "v": "dar",
                        "id": "P259300.13.1447005.2",
                        "break": "damaged",
                        "delim": "-",
                        "hc": "1"
                      },
                      {
                        "v": "šu₂",
                        "id": "P259300.13.1447005.3",
                        "breakStart": "1",
                        "o": "]",
                        "break": "missing",
                        "breakEnd": "P259300.13.1447005.3"
                      }
                    ],
                    "cf": "adāru",
                    "gw": "be(come) afraid (of)",
                    "sense": "be(come) afraid (of)",
                    "norm": "iʾaddaršu",
                    "pos": "V",
                    "epos": "V"
                  }
                },
                {
                  "node": "d",
                  "type": "line-start",
                  "ref": "P259300.14"
                },
                {
                  "node": "d",
                  "type": "line-start",
                  "ref": "P259300.14l",
                  "n": "4",
                  "label": "r iv 4"
                },
                {
                  "node": "l",
                  "frag": "nam-[dub-sar-ra]",
                  "id": "P259300.l05609",
                  "ref": "P259300.14.1",
                  "inst": "namdubsar[the scribal arts]N",
                  "sig": "@blms%sux:nam-dub-sar-ra=namdubsar[the scribal arts//the scribal arts]N'N$namdubsar,a/nam-dub-sar+-ra=r.a#~,a",
                  "f": {
                    "lang": "sux",
                    "form": "nam-dub-sar-ra",
                    "delim": " ",
                    "gdl": [
                      {
                        "v": "nam",
                        "id": "P259300.14.1.0",
                        "delim": "-"
                      },
                      {
                        "v": "dub",
                        "id": "P259300.14.1.1",
                        "breakStart": "1",
                        "o": "[",
                        "break": "missing",
                        "delim": "-"
                      },
                      {
                        "v": "sar",
                        "id": "P259300.14.1.2",
                        "break": "missing",
                        "delim": "-"
                      },
                      {
                        "v": "ra",
                        "id": "P259300.14.1.3",
                        "break": "missing",
                        "o": "]",
                        "breakEnd": "P259300.14.1.1"
                      }
                    ],
                    "cf": "namdubsar",
                    "gw": "the scribal arts",
                    "sense": "the scribal arts",
                    "norm0": "namdubsar,a",
                    "pos": "N",
                    "epos": "N",
                    "base": "nam-dub-sar",
                    "cont": "-ra=r.a",
                    "morph": "~,a"
                  }
                },
                {
                  "node": "l",
                  "frag": "me",
                  "id": "P259300.l0560a",
                  "ref": "P259300.14.2",
                  "inst": "me[Being]",
                  "sig": "@blms%sux:me=me[Being//Being, divine properties enabling cosmic activity]N'N$me/me#~",
                  "f": {
                    "lang": "sux",
                    "form": "me",
                    "delim": " ",
                    "gdl": [
                      {
                        "v": "me",
                        "id": "P259300.14.2.0"
                      }
                    ],
                    "cf": "me",
                    "gw": "Being",
                    "sense": "Being, divine properties enabling cosmic activity",
                    "norm0": "me",
                    "pos": "N",
                    "epos": "N",
                    "base": "me",
                    "morph": "~"
                  }
                },
                {
                  "node": "l",
                  "frag": "⸢zu⸣",
                  "id": "P259300.l0560b",
                  "ref": "P259300.14.3",
                  "inst": "zu[to know]V/t",
                  "sig": "@blms%sux:zu=zu[know//to know]V/t'V/t$zu/zu#~",
                  "f": {
                    "lang": "sux",
                    "form": "zu",
                    "delim": " ",
                    "gdl": [
                      {
                        "v": "zu",
                        "id": "P259300.14.3.0",
                        "break": "damaged",
                        "ho": "1",
                        "hc": "1"
                      }
                    ],
                    "cf": "zu",
                    "gw": "know",
                    "sense": "to know",
                    "norm0": "zu",
                    "pos": "V/t",
                    "epos": "V/t",
                    "base": "zu",
                    "morph": "~"
                  }
                },
                {
                  "node": "l",
                  "frag": "ŋal₂",
                  "id": "P259300.l0560c",
                  "ref": "P259300.14.4",
                  "inst": "ŋal[to have]V/i",
                  "sig": "@blms%sux:ŋal₂=ŋal[be//to have]V/i'V/i$ŋal/ŋal₂#~",
                  "f": {
                    "lang": "sux",
                    "form": "ŋal₂",
                    "delim": " ",
                    "gdl": [
                      {
                        "v": "ŋal₂",
                        "id": "P259300.14.4.0",
                        "queried": "1"
                      }
                    ],
                    "cf": "ŋal",
                    "gw": "be",
                    "sense": "to have",
                    "norm0": "ŋal",
                    "pos": "V/i",
                    "epos": "V/i",
                    "base": "ŋal₂",
                    "morph": "~"
                  }
                },
                {
                  "node": "l",
                  "frag": "[lu₂]",
                  "id": "P259300.l0560d",
                  "ref": "P259300.14.5",
                  "inst": "lu[person]N",
                  "sig": "@blms%sux:lu₂=lu[person//person]N'N$lu/lu₂#~",
                  "f": {
                    "lang": "sux",
                    "form": "lu₂",
                    "delim": " ",
                    "gdl": [
                      {
                        "v": "lu₂",
                        "id": "P259300.14.5.0",
                        "breakStart": "1",
                        "o": "]",
                        "break": "missing",
                        "breakEnd": "P259300.14.5.0"
                      }
                    ],
                    "cf": "lu",
                    "gw": "person",
                    "sense": "person",
                    "norm0": "lu",
                    "pos": "N",
                    "epos": "N",
                    "base": "lu₂",
                    "morph": "~"
                  }
                },
                {
                  "node": "l",
                  "frag": "⸢su⸣-bi",
                  "id": "P259300.l0560e",
                  "ref": "P259300.14.6",
                  "inst": "zu[know]V/t",
                  "sig": "@blms%sux:su-bi=zu[know//know]V/t'V/t$zu;*a,bi/su#~;*a,bi",
                  "f": {
                    "lang": "sux",
                    "form": "su-bi",
                    "delim": " ",
                    "gdl": [
                      {
                        "v": "su",
                        "id": "P259300.14.6.0",
                        "break": "damaged",
                        "ho": "1",
                        "delim": "-",
                        "hc": "1"
                      },
                      {
                        "v": "bi",
                        "id": "P259300.14.6.1"
                      }
                    ],
                    "cf": "zu",
                    "gw": "know",
                    "sense": "know",
                    "norm0": "zu;*a,bi",
                    "pos": "V/t",
                    "epos": "V/t",
                    "base": "su",
                    "morph": "~;*a,bi"
                  }
                },
                {
                  "node": "l",
                  "frag": "[nu-un-dirig-ga]",
                  "id": "P259300.l0560f",
                  "ref": "P259300.14.7",
                  "inst": "dirig[fall//distressed]V/i'V/i/dirig#nu.n:~;a",
                  "sig": "@blms%sux:nu-un-dirig-ga=dirig[fall//to be distressed]V/i'V/i$nu.n:dirig;a/dirig#nu.n:~;a",
                  "f": {
                    "lang": "sux",
                    "form": "nu-un-dirig-ga",
                    "gdl": [
                      {
                        "v": "nu",
                        "id": "P259300.14.7.0",
                        "breakStart": "1",
                        "o": "[",
                        "break": "missing",
                        "delim": "-"
                      },
                      {
                        "v": "un",
                        "id": "P259300.14.7.1",
                        "break": "missing",
                        "delim": "-"
                      },
                      {
                        "v": "dirig",
                        "id": "P259300.14.7.2",
                        "break": "missing",
                        "delim": "-"
                      },
                      {
                        "v": "ga",
                        "id": "P259300.14.7.3",
                        "break": "missing",
                        "o": "]",
                        "breakEnd": "P259300.14.7.0"
                      }
                    ],
                    "cf": "dirig",
                    "gw": "fall",
                    "sense": "to be distressed",
                    "norm0": "nu.n:dirig;a",
                    "pos": "V/i",
                    "epos": "V/i",
                    "base": "dirig",
                    "morph": "nu.n:~;a"
                  }
                },
                {
                  "node": "d",
                  "type": "line-start",
                  "ref": ""
                },
                {
                  "node": "l",
                  "frag": "⸢ṭup-šar-ru⸣-tu₂",
                  "id": "P259300.l05610",
                  "ref": "P259300.14.1448000",
                  "inst": "ṭupšarrūtu[scribal art]N",
                  "sig": "@blms%akk-x-stdbab:ṭup-šar-ru-tu₂=ṭupšarrūtu[scribal art//scribal art]N'N$ṭupšarrūtu",
                  "f": {
                    "lang": "akk-x-stdbab",
                    "form": "ṭup-šar-ru-tu₂",
                    "delim": " ",
                    "gdl": [
                      {
                        "v": "ṭup",
                        "id": "P259300.14.1448000.0",
                        "break": "damaged",
                        "ho": "1",
                        "delim": "-"
                      },
                      {
                        "v": "šar",
                        "id": "P259300.14.1448000.1",
                        "break": "damaged",
                        "delim": "-"
                      },
                      {
                        "v": "ru",
                        "id": "P259300.14.1448000.2",
                        "break": "damaged",
                        "delim": "-",
                        "hc": "1"
                      },
                      {
                        "v": "tu₂",
                        "id": "P259300.14.1448000.3"
                      }
                    ],
                    "cf": "ṭupšarrūtu",
                    "gw": "scribal art",
                    "sense": "scribal art",
                    "norm": "ṭupšarrūtu",
                    "pos": "N",
                    "epos": "N"
                  }
                },
                {
                  "node": "l",
                  "frag": "la",
                  "id": "P259300.l05611",
                  "ref": "P259300.14.1448001",
                  "inst": "lā[not]MOD",
                  "sig": "@blms%akk-x-stdbab:la=lā[not//not]MOD'MOD$lā",
                  "f": {
                    "lang": "akk-x-stdbab",
                    "form": "la",
                    "delim": " ",
                    "gdl": [
                      {
                        "v": "la",
                        "id": "P259300.14.1448001.0"
                      }
                    ],
                    "cf": "lā",
                    "gw": "not",
                    "sense": "not",
                    "norm": "lā",
                    "pos": "MOD",
                    "epos": "MOD"
                  }
                },
                {
                  "node": "l",
                  "frag": "lam-⸢da⸣-at",
                  "id": "P259300.l05612",
                  "ref": "P259300.14.1448002",
                  "inst": "lamdat[learning]AJ",
                  "sig": "@blms%akk-x-stdbab:lam-da-at=lamdu[knowing//learning]AJ'AJ$lamdat",
                  "f": {
                    "lang": "akk-x-stdbab",
                    "form": "lam-da-at",
                    "delim": " ",
                    "gdl": [
                      {
                        "v": "lam",
                        "id": "P259300.14.1448002.0",
                        "delim": "-"
                      },
                      {
                        "v": "da",
                        "id": "P259300.14.1448002.1",
                        "break": "damaged",
                        "ho": "1",
                        "delim": "-",
                        "hc": "1"
                      },
                      {
                        "v": "at",
                        "id": "P259300.14.1448002.2"
                      }
                    ],
                    "cf": "lamdu",
                    "gw": "knowing",
                    "sense": "learning",
                    "norm": "lamdat",
                    "pos": "AJ",
                    "epos": "AJ"
                  }
                },
                {
                  "node": "l",
                  "frag": "a-hi-is-[sa]",
                  "id": "P259300.l05613",
                  "ref": "P259300.14.1448003",
                  "inst": "āhissa[one who learns]N",
                  "sig": "@blms%akk-x-stdbab:a-hi-is-sa=āhizu[one who takes//one who learns]N'N$āhissa",
                  "f": {
                    "lang": "akk-x-stdbab",
                    "form": "a-hi-is-sa",
                    "delim": " ",
                    "gdl": [
                      {
                        "v": "a",
                        "id": "P259300.14.1448003.0",
                        "delim": "-"
                      },
                      {
                        "v": "hi",
                        "id": "P259300.14.1448003.1",
                        "delim": "-"
                      },
                      {
                        "v": "is",
                        "id": "P259300.14.1448003.2",
                        "delim": "-"
                      },
                      {
                        "v": "sa",
                        "id": "P259300.14.1448003.3",
                        "breakStart": "1",
                        "o": "]",
                        "break": "missing",
                        "breakEnd": "P259300.14.1448003.3"
                      }
                    ],
                    "cf": "āhizu",
                    "gw": "one who takes",
                    "sense": "one who learns",
                    "norm": "āhissa",
                    "pos": "N",
                    "epos": "N"
                  }
                },
                {
                  "node": "l",
                  "frag": "ul",
                  "id": "P259300.l05614",
                  "ref": "P259300.14.1448004",
                  "inst": "ul[not]MOD",
                  "sig": "@blms%akk-x-stdbab:ul=ul[not//not]MOD'MOD$ul",
                  "f": {
                    "lang": "akk-x-stdbab",
                    "form": "ul",
                    "delim": " ",
                    "gdl": [
                      {
                        "v": "ul",
                        "id": "P259300.14.1448004.0"
                      }
                    ],
                    "cf": "ul",
                    "gw": "not",
                    "sense": "not",
                    "norm": "ul",
                    "pos": "MOD",
                    "epos": "MOD"
                  }
                },
                {
                  "node": "l",
                  "frag": "i-ad-dar-šu₂",
                  "id": "P259300.l05615",
                  "ref": "P259300.14.1448005",
                  "inst": "iʾaddaršu[be(come) afraid (of)]V",
                  "sig": "@blms%akk-x-stdbab:i-ad-dar-šu₂=adāru[be(come) afraid (of)//be(come) afraid (of)]V'V$iʾaddaršu",
                  "f": {
                    "lang": "akk-x-stdbab",
                    "form": "i-ad-dar-šu₂",
                    "gdl": [
                      {
                        "v": "i",
                        "id": "P259300.14.1448005.0",
                        "delim": "-"
                      },
                      {
                        "v": "ad",
                        "id": "P259300.14.1448005.1",
                        "delim": "-"
                      },
                      {
                        "v": "dar",
                        "id": "P259300.14.1448005.2",
                        "delim": "-"
                      },
                      {
                        "v": "šu₂",
                        "id": "P259300.14.1448005.3"
                      }
                    ],
                    "cf": "adāru",
                    "gw": "be(come) afraid (of)",
                    "sense": "be(come) afraid (of)",
                    "norm": "iʾaddaršu",
                    "pos": "V",
                    "epos": "V"
                  }
                },
                {
                  "node": "d",
                  "type": "nonx",
                  "ref": "P259300.15",
                  "strict": "1",
                  "extent": "1",
                  "scope": "line",
                  "state": "ruling"
                },
                {
                  "node": "d",
                  "subtype": "column 5r",
                  "type": "column",
                  "ref": "P259300.r.v.16",
                  "n": "5",
                  "label": "r v"
                },
                {
                  "node": "d",
                  "type": "nonx",
                  "ref": "P259300.17",
                  "strict": "0",
                  "state": "other"
                }
              ]
            }
          ]
        }
      ]
    }
  ]
}
