{
  "type": "cdl",
  "project": "blms",
  "source": "http://oracc.org/blms",
  "license": "This data is released under the CC0 license",
  "license-url": "https://creativecommons.org/publicdomain/zero/1.0/",
  "more-info": "http://oracc.org/doc/opendata/",
  "UTC-timestamp": "2017-06-21T21:46:52",
  "textid": "P313113",
  "cdl": [
    {
      "node": "c",
      "type": "text",
      "id": "P313113.U0",
      "cdl": [
        {
          "node": "d",
          "subtype": "tablet",
          "type": "tablet",
          "ref": "P313113.x0.1",
          "label": "x0"
        },
        {
          "node": "d",
          "subtype": "reverse",
          "type": "reverse",
          "ref": "P313113.r.2",
          "label": "r"
        },
        {
          "node": "c",
          "type": "discourse",
          "subtype": "body",
          "id": "P313113.U1",
          "cdl": [
            {
              "node": "c",
              "type": "sentence",
              "id": "P313113.U2",
              "label": "r 1 - r 7",
              "cdl": [
                {
                  "node": "d",
                  "type": "line-start",
                  "ref": "P313113.3",
                  "n": "1",
                  "label": "r 1"
                },
                {
                  "node": "l",
                  "frag": "⸢ma₂-gi⸣-lum",
                  "id": "P313113.l001a2",
                  "ref": "P313113.3.1",
                  "inst": "%sux:ma₂-gi-lum=",
                  "f": {
                    "lang": "sux",
                    "form": "ma₂-gi-lum",
                    "delim": " ",
                    "gdl": [
                      {
                        "v": "ma₂",
                        "id": "P313113.3.1.0",
                        "break": "damaged",
                        "ho": "1",
                        "delim": "-"
                      },
                      {
                        "v": "gi",
                        "id": "P313113.3.1.1",
                        "break": "damaged",
                        "delim": "-",
                        "hc": "1"
                      },
                      {
                        "v": "lum",
                        "id": "P313113.3.1.2"
                      }
                    ]
                  }
                },
                {
                  "node": "l",
                  "frag": "x",
                  "id": "P313113.l001a3",
                  "ref": "P313113.3.2",
                  "inst": "%sux:x=",
                  "f": {
                    "lang": "sux",
                    "form": "x",
                    "delim": " ",
                    "gdl": [
                      {
                        "v": "x",
                        "id": "P313113.3.2.0"
                      }
                    ]
                  }
                },
                {
                  "node": "l",
                  "frag": "⸢abzu⸣",
                  "id": "P313113.l001a4",
                  "ref": "P313113.3.3",
                  "inst": "%sux:abzu=",
                  "f": {
                    "lang": "sux",
                    "form": "abzu",
                    "delim": " ",
                    "gdl": [
                      {
                        "v": "abzu",
                        "id": "P313113.3.3.0",
                        "break": "damaged",
                        "ho": "1",
                        "hc": "1"
                      }
                    ]
                  }
                },
                {
                  "node": "l",
                  "frag": "x",
                  "id": "P313113.l001a5",
                  "ref": "P313113.3.4",
                  "inst": "%sux:x=",
                  "f": {
                    "lang": "sux",
                    "form": "x",
                    "delim": " ",
                    "gdl": [
                      {
                        "v": "x",
                        "id": "P313113.3.4.0"
                      }
                    ]
                  }
                },
                {
                  "node": "l",
                  "frag": "nam-⸢ta⸣-[...]",
                  "id": "P313113.l001a6",
                  "ref": "P313113.3.5",
                  "inst": "%sux:nam-ta-x=",
                  "f": {
                    "lang": "sux",
                    "form": "nam-ta-x",
                    "gdl": [
                      {
                        "v": "nam",
                        "id": "P313113.3.5.0",
                        "delim": "-"
                      },
                      {
                        "v": "ta",
                        "id": "P313113.3.5.1",
                        "break": "damaged",
                        "ho": "1",
                        "delim": "-",
                        "hc": "1"
                      },
                      {
                        "x": "ellipsis",
                        "id": "P313113.3.5.2",
                        "breakStart": "1",
                        "break": "missing",
                        "o": "]",
                        "breakEnd": "P313113.3.5.2"
                      }
                    ]
                  }
                },
                {
                  "node": "d",
                  "type": "line-start",
                  "ref": "P313113.4",
                  "n": "2",
                  "label": "r 2"
                },
                {
                  "node": "l",
                  "frag": "gud-alim-ma",
                  "id": "P313113.l001a7",
                  "ref": "P313113.4.1",
                  "inst": "%sux:gud-alim-ma=",
                  "f": {
                    "lang": "sux",
                    "form": "gud-alim-ma",
                    "delim": " ",
                    "gdl": [
                      {
                        "v": "gud",
                        "id": "P313113.4.1.0",
                        "delim": "-"
                      },
                      {
                        "v": "alim",
                        "id": "P313113.4.1.1",
                        "delim": "-"
                      },
                      {
                        "v": "ma",
                        "id": "P313113.4.1.2"
                      }
                    ]
                  }
                },
                {
                  "node": "l",
                  "frag": "sahar",
                  "id": "P313113.l001a8",
                  "ref": "P313113.4.2",
                  "inst": "%sux:sahar=",
                  "f": {
                    "lang": "sux",
                    "form": "sahar",
                    "delim": " ",
                    "gdl": [
                      {
                        "v": "sahar",
                        "id": "P313113.4.2.0"
                      }
                    ]
                  }
                },
                {
                  "node": "l",
                  "frag": "⸢me₃⸣-ka-bi",
                  "id": "P313113.l001a9",
                  "ref": "P313113.4.3",
                  "inst": "%sux:me₃-ka-bi=",
                  "f": {
                    "lang": "sux",
                    "form": "me₃-ka-bi",
                    "delim": " ",
                    "gdl": [
                      {
                        "v": "me₃",
                        "id": "P313113.4.3.0",
                        "break": "damaged",
                        "ho": "1",
                        "delim": "-",
                        "hc": "1"
                      },
                      {
                        "v": "ka",
                        "id": "P313113.4.3.1",
                        "delim": "-"
                      },
                      {
                        "v": "bi",
                        "id": "P313113.4.3.2"
                      }
                    ]
                  }
                },
                {
                  "node": "l",
                  "frag": "⸢nam⸣-[...]",
                  "id": "P313113.l001aa",
                  "ref": "P313113.4.4",
                  "inst": "%sux:nam-x=",
                  "f": {
                    "lang": "sux",
                    "form": "nam-x",
                    "gdl": [
                      {
                        "v": "nam",
                        "id": "P313113.4.4.0",
                        "break": "damaged",
                        "ho": "1",
                        "delim": "-",
                        "hc": "1"
                      },
                      {
                        "x": "ellipsis",
                        "id": "P313113.4.4.1",
                        "breakStart": "1",
                        "break": "missing",
                        "o": "]",
                        "breakEnd": "P313113.4.4.1"
                      }
                    ]
                  }
                },
                {
                  "node": "d",
                  "type": "line-start",
                  "ref": "P313113.5",
                  "n": "3",
                  "label": "r 3"
                },
                {
                  "node": "l",
                  "frag": "ku-li-an-na",
                  "id": "P313113.l001ab",
                  "ref": "P313113.5.1",
                  "inst": "%sux:ku-li-an-na=",
                  "f": {
                    "lang": "sux",
                    "form": "ku-li-an-na",
                    "delim": " ",
                    "gdl": [
                      {
                        "v": "ku",
                        "id": "P313113.5.1.0",
                        "delim": "-"
                      },
                      {
                        "v": "li",
                        "id": "P313113.5.1.1",
                        "delim": "-"
                      },
                      {
                        "v": "an",
                        "id": "P313113.5.1.2",
                        "delim": "-"
                      },
                      {
                        "v": "na",
                        "id": "P313113.5.1.3"
                      }
                    ]
                  }
                },
                {
                  "node": "l",
                  "frag": "an-šar₂",
                  "id": "P313113.l001ac",
                  "ref": "P313113.5.2",
                  "inst": "%sux:an-šar₂=",
                  "f": {
                    "lang": "sux",
                    "form": "an-šar₂",
                    "delim": " ",
                    "gdl": [
                      {
                        "v": "an",
                        "id": "P313113.5.2.0",
                        "delim": "-"
                      },
                      {
                        "v": "šar₂",
                        "id": "P313113.5.2.1"
                      }
                    ]
                  }
                },
                {
                  "node": "l",
                  "frag": "{d}ki-⸢šar₂⸣-ra",
                  "id": "P313113.l001ad",
                  "ref": "P313113.5.3",
                  "inst": "%sux:{d}ki-šar₂-ra=",
                  "f": {
                    "lang": "sux",
                    "form": "{d}ki-šar₂-ra",
                    "delim": " ",
                    "gdl": [
                      {
                        "det": "semantic",
                        "pos": "pre",
                        "seq": [
                          {
                            "v": "d",
                            "id": "P313113.5.3.0"
                          }
                        ]
                      },
                      {
                        "v": "ki",
                        "id": "P313113.5.3.1",
                        "delim": "-"
                      },
                      {
                        "v": "šar₂",
                        "id": "P313113.5.3.2",
                        "break": "damaged",
                        "ho": "1",
                        "delim": "-",
                        "hc": "1"
                      },
                      {
                        "v": "ra",
                        "id": "P313113.5.3.3"
                      }
                    ]
                  }
                },
                {
                  "node": "l",
                  "frag": "⸢nam⸣-[...]",
                  "id": "P313113.l001ae",
                  "ref": "P313113.5.4",
                  "inst": "%sux:nam-x=",
                  "f": {
                    "lang": "sux",
                    "form": "nam-x",
                    "gdl": [
                      {
                        "v": "nam",
                        "id": "P313113.5.4.0",
                        "break": "damaged",
                        "ho": "1",
                        "delim": "-",
                        "hc": "1"
                      },
                      {
                        "x": "ellipsis",
                        "id": "P313113.5.4.1",
                        "breakStart": "1",
                        "break": "missing",
                        "o": "]",
                        "breakEnd": "P313113.5.4.1"
                      }
                    ]
                  }
                },
                {
                  "node": "d",
                  "type": "line-start",
                  "ref": "P313113.6",
                  "n": "4",
                  "label": "r 4"
                },
                {
                  "node": "l",
                  "frag": "im-babbar",
                  "id": "P313113.l001af",
                  "ref": "P313113.6.1",
                  "inst": "%sux:im-babbar=",
                  "f": {
                    "lang": "sux",
                    "form": "im-babbar",
                    "delim": " ",
                    "gdl": [
                      {
                        "v": "im",
                        "id": "P313113.6.1.0",
                        "delim": "-"
                      },
                      {
                        "v": "babbar",
                        "id": "P313113.6.1.1"
                      }
                    ]
                  }
                },
                {
                  "node": "l",
                  "frag": "sahar",
                  "id": "P313113.l001b0",
                  "ref": "P313113.6.2",
                  "inst": "%sux:sahar=",
                  "f": {
                    "lang": "sux",
                    "form": "sahar",
                    "delim": " ",
                    "gdl": [
                      {
                        "v": "sahar",
                        "id": "P313113.6.2.0"
                      }
                    ]
                  }
                },
                {
                  "node": "l",
                  "frag": "hur-saŋ-ŋa₂-ta",
                  "id": "P313113.l001b1",
                  "ref": "P313113.6.3",
                  "inst": "%sux:hur-saŋ-ŋa₂-ta=",
                  "f": {
                    "lang": "sux",
                    "form": "hur-saŋ-ŋa₂-ta",
                    "delim": " ",
                    "gdl": [
                      {
                        "v": "hur",
                        "id": "P313113.6.3.0",
                        "delim": "-"
                      },
                      {
                        "v": "saŋ",
                        "id": "P313113.6.3.1",
                        "delim": "-"
                      },
                      {
                        "v": "ŋa₂",
                        "id": "P313113.6.3.2",
                        "delim": "-"
                      },
                      {
                        "v": "ta",
                        "id": "P313113.6.3.3"
                      }
                    ]
                  }
                },
                {
                  "node": "l",
                  "frag": "⸢nam-ta⸣-[...]",
                  "id": "P313113.l001b2",
                  "ref": "P313113.6.4",
                  "inst": "%sux:nam-ta-x=",
                  "f": {
                    "lang": "sux",
                    "form": "nam-ta-x",
                    "gdl": [
                      {
                        "v": "nam",
                        "id": "P313113.6.4.0",
                        "break": "damaged",
                        "ho": "1",
                        "delim": "-"
                      },
                      {
                        "v": "ta",
                        "id": "P313113.6.4.1",
                        "break": "damaged",
                        "delim": "-",
                        "hc": "1"
                      },
                      {
                        "x": "ellipsis",
                        "id": "P313113.6.4.2",
                        "breakStart": "1",
                        "break": "missing",
                        "o": "]",
                        "breakEnd": "P313113.6.4.2"
                      }
                    ]
                  }
                },
                {
                  "node": "d",
                  "type": "line-start",
                  "ref": "P313113.7",
                  "n": "5",
                  "label": "r 5"
                },
                {
                  "node": "l",
                  "frag": "urudu",
                  "id": "P313113.l001b3",
                  "ref": "P313113.7.1",
                  "inst": "%sux:urudu=",
                  "f": {
                    "lang": "sux",
                    "form": "urudu",
                    "delim": " ",
                    "gdl": [
                      {
                        "v": "urudu",
                        "id": "P313113.7.1.0"
                      }
                    ]
                  }
                },
                {
                  "node": "l",
                  "frag": "niŋ₂",
                  "id": "P313113.l001b4",
                  "ref": "P313113.7.2",
                  "inst": "%sux:niŋ₂=",
                  "f": {
                    "lang": "sux",
                    "form": "niŋ₂",
                    "delim": " ",
                    "gdl": [
                      {
                        "v": "niŋ₂",
                        "id": "P313113.7.2.0"
                      }
                    ]
                  }
                },
                {
                  "node": "l",
                  "frag": "kala-ga",
                  "id": "P313113.l001b5",
                  "ref": "P313113.7.3",
                  "inst": "%sux:kala-ga=",
                  "f": {
                    "lang": "sux",
                    "form": "kala-ga",
                    "delim": " ",
                    "gdl": [
                      {
                        "v": "kala",
                        "id": "P313113.7.3.0",
                        "delim": "-"
                      },
                      {
                        "v": "ga",
                        "id": "P313113.7.3.1"
                      }
                    ]
                  }
                },
                {
                  "node": "l",
                  "frag": "hur-⸢saŋ⸣-ŋa₂",
                  "id": "P313113.l001b6",
                  "ref": "P313113.7.4",
                  "inst": "%sux:hur-saŋ-ŋa₂=",
                  "f": {
                    "lang": "sux",
                    "form": "hur-saŋ-ŋa₂",
                    "delim": " ",
                    "gdl": [
                      {
                        "v": "hur",
                        "id": "P313113.7.4.0",
                        "delim": "-"
                      },
                      {
                        "v": "saŋ",
                        "id": "P313113.7.4.1",
                        "break": "damaged",
                        "ho": "1",
                        "delim": "-",
                        "hc": "1"
                      },
                      {
                        "v": "ŋa₂",
                        "id": "P313113.7.4.2",
                        "queried": "1"
                      }
                    ]
                  }
                },
                {
                  "node": "l",
                  "frag": "⸢nam⸣",
                  "id": "P313113.l001b7",
                  "ref": "P313113.7.5",
                  "inst": "%sux:nam=",
                  "f": {
                    "lang": "sux",
                    "form": "nam",
                    "delim": " ",
                    "gdl": [
                      {
                        "v": "nam",
                        "id": "P313113.7.5.0",
                        "break": "damaged",
                        "ho": "1",
                        "hc": "1"
                      }
                    ]
                  }
                },
                {
                  "node": "l",
                  "frag": "x",
                  "id": "P313113.l001b8",
                  "ref": "P313113.7.6",
                  "inst": "%sux:x=",
                  "f": {
                    "lang": "sux",
                    "form": "x",
                    "delim": " ",
                    "gdl": [
                      {
                        "v": "x",
                        "id": "P313113.7.6.0"
                      }
                    ]
                  }
                },
                {
                  "node": "l",
                  "frag": "x",
                  "id": "P313113.l001b9",
                  "ref": "P313113.7.7",
                  "inst": "%sux:x=",
                  "f": {
                    "lang": "sux",
                    "form": "x",
                    "delim": " ",
                    "gdl": [
                      {
                        "v": "x",
                        "id": "P313113.7.7.0"
                      }
                    ]
                  }
                },
                {
                  "node": "l",
                  "frag": "[...]",
                  "id": "P313113.l001ba",
                  "ref": "P313113.7.8",
                  "inst": "%sux:x=",
                  "f": {
                    "lang": "sux",
                    "form": "x",
                    "gdl": [
                      {
                        "x": "ellipsis",
                        "id": "P313113.7.8.0",
                        "breakStart": "1",
                        "break": "missing",
                        "o": "]",
                        "breakEnd": "P313113.7.8.0"
                      }
                    ]
                  }
                },
                {
                  "node": "d",
                  "type": "line-start",
                  "ref": "P313113.8",
                  "n": "6",
                  "label": "r 6"
                },
                {
                  "node": "l",
                  "frag": "mušen",
                  "id": "P313113.l001bb",
                  "ref": "P313113.8.1",
                  "inst": "%sux:mušen=",
                  "f": {
                    "lang": "sux",
                    "form": "mušen",
                    "delim": " ",
                    "gdl": [
                      {
                        "v": "mušen",
                        "id": "P313113.8.1.0"
                      }
                    ]
                  }
                },
                {
                  "node": "l",
                  "frag": "⸢anzu{mušen⸣}",
                  "id": "P313113.l001bc",
                  "ref": "P313113.8.2",
                  "inst": "%sux:anzu{mušen}=",
                  "f": {
                    "lang": "sux",
                    "form": "anzu{mušen}",
                    "delim": " ",
                    "gdl": [
                      {
                        "v": "anzu",
                        "id": "P313113.8.2.0",
                        "break": "damaged",
                        "ho": "1"
                      },
                      {
                        "det": "semantic",
                        "pos": "post",
                        "seq": [
                          {
                            "v": "mušen",
                            "id": "P313113.8.2.1",
                            "break": "damaged",
                            "hc": "1"
                          }
                        ]
                      }
                    ]
                  }
                },
                {
                  "node": "l",
                  "frag": "ha",
                  "id": "P313113.l001bd",
                  "ref": "P313113.8.3",
                  "inst": "%sux:ha=",
                  "f": {
                    "lang": "sux",
                    "form": "ha",
                    "delim": " ",
                    "gdl": [
                      {
                        "v": "ha",
                        "id": "P313113.8.3.0"
                      }
                    ]
                  }
                },
                {
                  "node": "l",
                  "frag": "x",
                  "id": "P313113.l001be",
                  "ref": "P313113.8.4",
                  "inst": "%sux:x=",
                  "f": {
                    "lang": "sux",
                    "form": "x",
                    "delim": " ",
                    "gdl": [
                      {
                        "v": "x",
                        "id": "P313113.8.4.0"
                      }
                    ]
                  }
                },
                {
                  "node": "l",
                  "frag": "x",
                  "id": "P313113.l001bf",
                  "ref": "P313113.8.5",
                  "inst": "%sux:x=",
                  "f": {
                    "lang": "sux",
                    "form": "x",
                    "delim": " ",
                    "gdl": [
                      {
                        "v": "x",
                        "id": "P313113.8.5.0"
                      }
                    ]
                  }
                },
                {
                  "node": "l",
                  "frag": "[...]",
                  "id": "P313113.l001c0",
                  "ref": "P313113.8.6",
                  "inst": "%sux:x=",
                  "f": {
                    "lang": "sux",
                    "form": "x",
                    "gdl": [
                      {
                        "x": "ellipsis",
                        "id": "P313113.8.6.0",
                        "breakStart": "1",
                        "break": "missing",
                        "o": "]",
                        "breakEnd": "P313113.8.6.0"
                      }
                    ]
                  }
                },
                {
                  "node": "d",
                  "type": "line-start",
                  "ref": "P313113.9",
                  "n": "7",
                  "label": "r 7"
                },
                {
                  "node": "l",
                  "frag": "[...]",
                  "id": "P313113.l001c1",
                  "ref": "P313113.9.1",
                  "inst": "%sux:x=",
                  "f": {
                    "lang": "sux",
                    "form": "x",
                    "delim": " ",
                    "gdl": [
                      {
                        "x": "ellipsis",
                        "id": "P313113.9.1.0",
                        "breakStart": "1",
                        "break": "missing",
                        "o": "]",
                        "breakEnd": "P313113.9.1.0"
                      }
                    ]
                  }
                },
                {
                  "node": "l",
                  "frag": "x",
                  "id": "P313113.l001c2",
                  "ref": "P313113.9.2",
                  "inst": "%sux:x=",
                  "f": {
                    "lang": "sux",
                    "form": "x",
                    "delim": " ",
                    "gdl": [
                      {
                        "v": "x",
                        "id": "P313113.9.2.0"
                      }
                    ]
                  }
                },
                {
                  "node": "l",
                  "frag": "[...]",
                  "id": "P313113.l001c3",
                  "ref": "P313113.9.3",
                  "inst": "%sux:x=",
                  "f": {
                    "lang": "sux",
                    "form": "x",
                    "gdl": [
                      {
                        "x": "ellipsis",
                        "id": "P313113.9.3.0",
                        "breakStart": "1",
                        "break": "missing",
                        "o": "]",
                        "breakEnd": "P313113.9.3.0"
                      }
                    ]
                  }
                },
                {
                  "node": "d",
                  "type": "nonx",
                  "ref": "P313113.10",
                  "strict": "1",
                  "extent": "rest",
                  "scope": "line",
                  "state": "missing"
                }
              ]
            }
          ]
        }
      ]
    }
  ]
}
