{
  "type": "cdl",
  "project": "blms",
  "source": "http://oracc.org/blms",
  "license": "This data is released under the CC0 license",
  "license-url": "https://creativecommons.org/publicdomain/zero/1.0/",
  "more-info": "http://oracc.org/doc/opendata/",
  "UTC-timestamp": "2017-06-21T21:47:01",
  "textid": "P357121",
  "cdl": [
    {
      "node": "c",
      "type": "text",
      "id": "P357121.U0",
      "cdl": [
        {
          "node": "d",
          "type": "object",
          "ref": ""
        },
        {
          "node": "d",
          "subtype": "obverse",
          "type": "obverse",
          "ref": "P357121.o.1",
          "label": "o"
        },
        {
          "node": "d",
          "type": "nonx",
          "ref": "P357121.2",
          "strict": "0",
          "state": "missing"
        },
        {
          "node": "c",
          "type": "discourse",
          "subtype": "body",
          "id": "P357121.U1",
          "cdl": [
            {
              "node": "c",
              "type": "sentence",
              "id": "P357121.U2",
              "cdl": [
                {
                  "node": "d",
                  "type": "line-start",
                  "ref": "P357121.3"
                },
                {
                  "node": "d",
                  "type": "line-start",
                  "ref": "P357121.3l",
                  "n": "1'",
                  "label": "o 1'"
                },
                {
                  "node": "l",
                  "frag": "[...]-⸢x",
                  "id": "P357121.l049c8",
                  "ref": "P357121.3.1",
                  "inst": "u",
                  "f": {
                    "lang": "sux",
                    "form": "x-x",
                    "delim": " ",
                    "gdl": [
                      {
                        "x": "ellipsis",
                        "id": "P357121.3.1.0",
                        "breakStart": "1",
                        "break": "missing",
                        "o": "]",
                        "breakEnd": "P357121.3.1.0",
                        "delim": "-"
                      },
                      {
                        "v": "x",
                        "id": "P357121.3.1.1",
                        "break": "damaged",
                        "ho": "1"
                      }
                    ],
                    "pos": "u"
                  }
                },
                {
                  "node": "l",
                  "frag": "i₃-zu-u₃⸣",
                  "id": "P357121.l049c9",
                  "ref": "P357121.3.2",
                  "inst": "zu[know]",
                  "sig": "@blms%sux:i₃-zu-u₃=zu[know//know]V/t'V/t$V:zu;e/zu#V:~;e",
                  "f": {
                    "lang": "sux",
                    "form": "i₃-zu-u₃",
                    "gdl": [
                      {
                        "v": "i₃",
                        "id": "P357121.3.2.0",
                        "break": "damaged",
                        "delim": "-"
                      },
                      {
                        "v": "zu",
                        "id": "P357121.3.2.1",
                        "break": "damaged",
                        "delim": "-"
                      },
                      {
                        "v": "u₃",
                        "id": "P357121.3.2.2",
                        "break": "damaged",
                        "hc": "1"
                      }
                    ],
                    "cf": "zu",
                    "gw": "know",
                    "sense": "know",
                    "norm0": "V:zu;e",
                    "pos": "V/t",
                    "epos": "V/t",
                    "base": "zu",
                    "morph": "V:~;e"
                  }
                },
                {
                  "node": "d",
                  "type": "line-start",
                  "ref": ""
                },
                {
                  "node": "l",
                  "frag": "[...",
                  "id": "P357121.l049ca",
                  "ref": "P357121.3.1258000",
                  "inst": "u",
                  "f": {
                    "lang": "akk-x-stdbab",
                    "form": "x",
                    "delim": " ",
                    "gdl": [
                      {
                        "x": "ellipsis",
                        "id": "P357121.3.1258000.0",
                        "breakStart": "1",
                        "break": "missing",
                        "o": "["
                      }
                    ],
                    "pos": "u"
                  }
                },
                {
                  "node": "l",
                  "frag": "ki]-niš",
                  "id": "P357121.l049cb",
                  "ref": "P357121.3.1258001",
                  "inst": "kīniš[reliably]AV",
                  "sig": "@blms%akk-x-stdbab:ki-niš=kīniš[reliably//reliably]AV'AV$kīniš",
                  "f": {
                    "lang": "akk-x-stdbab",
                    "form": "ki-niš",
                    "delim": " ",
                    "gdl": [
                      {
                        "v": "ki",
                        "id": "P357121.3.1258001.0",
                        "break": "missing",
                        "o": "]",
                        "breakEnd": "P357121.3.1258000.0",
                        "delim": "-"
                      },
                      {
                        "v": "niš",
                        "id": "P357121.3.1258001.1"
                      }
                    ],
                    "cf": "kīniš",
                    "gw": "reliably",
                    "sense": "reliably",
                    "norm": "kīniš",
                    "pos": "AV",
                    "epos": "AV"
                  }
                },
                {
                  "node": "l",
                  "frag": "kun-nu-u",
                  "id": "P357121.l049cc",
                  "ref": "P357121.3.1258002",
                  "inst": "kânu[be(come) permanent//establishing firmly]V'N$kunnu",
                  "sig": "@blms%akk-x-stdbab:kun-nu-u=kânu[be(come) permanent//establishing firmly]V'N$kunnu",
                  "f": {
                    "lang": "akk-x-stdbab",
                    "form": "kun-nu-u",
                    "gdl": [
                      {
                        "v": "kun",
                        "id": "P357121.3.1258002.0",
                        "delim": "-"
                      },
                      {
                        "v": "nu",
                        "id": "P357121.3.1258002.1",
                        "delim": "-"
                      },
                      {
                        "v": "u",
                        "id": "P357121.3.1258002.2"
                      }
                    ],
                    "cf": "kânu",
                    "gw": "be(come) permanent",
                    "sense": "establishing firmly",
                    "norm": "kunnu",
                    "pos": "V",
                    "epos": "N"
                  }
                },
                {
                  "node": "d",
                  "type": "line-start",
                  "ref": ""
                },
                {
                  "node": "l",
                  "frag": "[...]",
                  "id": "P357121.l049cd",
                  "ref": "P357121.3.1259000",
                  "inst": "u",
                  "f": {
                    "lang": "akk-x-stdbab",
                    "form": "x",
                    "delim": " ",
                    "gdl": [
                      {
                        "x": "ellipsis",
                        "id": "P357121.3.1259000.0",
                        "breakStart": "1",
                        "break": "missing",
                        "o": "]",
                        "breakEnd": "P357121.3.1259000.0"
                      }
                    ],
                    "pos": "u"
                  }
                },
                {
                  "node": "l",
                  "frag": "⸢ti⸣-de-e",
                  "id": "P357121.l049ce",
                  "ref": "P357121.3.1259001",
                  "inst": "edû[know]V$tīdē",
                  "sig": "@blms%akk-x-stdbab:ti-de-e=edû[know//know]V'V$tīdē",
                  "f": {
                    "lang": "akk-x-stdbab",
                    "form": "ti-de-e",
                    "gdl": [
                      {
                        "v": "ti",
                        "id": "P357121.3.1259001.0",
                        "break": "damaged",
                        "ho": "1",
                        "delim": "-",
                        "hc": "1"
                      },
                      {
                        "v": "de",
                        "id": "P357121.3.1259001.1",
                        "delim": "-"
                      },
                      {
                        "v": "e",
                        "id": "P357121.3.1259001.2"
                      }
                    ],
                    "cf": "edû",
                    "gw": "know",
                    "sense": "know",
                    "norm": "tīdē",
                    "pos": "V",
                    "epos": "V"
                  }
                },
                {
                  "node": "d",
                  "type": "nonx",
                  "ref": "P357121.4",
                  "strict": "1",
                  "extent": "1",
                  "scope": "line",
                  "state": "ruling"
                },
                {
                  "node": "d",
                  "type": "line-start",
                  "ref": "P357121.5"
                },
                {
                  "node": "d",
                  "type": "line-start",
                  "ref": "P357121.5l",
                  "n": "2'",
                  "label": "o 2'"
                },
                {
                  "node": "l",
                  "frag": "[...]",
                  "id": "P357121.l049cf",
                  "ref": "P357121.5.1",
                  "inst": "u",
                  "f": {
                    "lang": "sux",
                    "form": "x",
                    "delim": " ",
                    "gdl": [
                      {
                        "x": "ellipsis",
                        "id": "P357121.5.1.0",
                        "breakStart": "1",
                        "break": "missing",
                        "o": "]",
                        "breakEnd": "P357121.5.1.0"
                      }
                    ],
                    "pos": "u"
                  }
                },
                {
                  "node": "l",
                  "frag": "⸢šir₃⸣",
                  "id": "P357121.l049d0",
                  "ref": "P357121.5.2",
                  "inst": "šir[song]",
                  "sig": "@blms%sux:šir₃=šir[song//a song]N'N$šir/šir₃#~",
                  "f": {
                    "lang": "sux",
                    "form": "šir₃",
                    "delim": " ",
                    "gdl": [
                      {
                        "v": "šir₃",
                        "id": "P357121.5.2.0",
                        "break": "damaged",
                        "ho": "1",
                        "hc": "1"
                      }
                    ],
                    "cf": "šir",
                    "gw": "song",
                    "sense": "a song",
                    "norm0": "šir",
                    "pos": "N",
                    "epos": "N",
                    "base": "šir₃",
                    "morph": "~"
                  }
                },
                {
                  "node": "l",
                  "frag": "nam-en-na",
                  "id": "P357121.l049d1",
                  "ref": "P357121.5.3",
                  "inst": "namen[kingship]",
                  "sig": "@blms%sux:nam-en-na=namen[priesthood//kingship]N'N$namen,ak/nam-en+-na=n.a#~,ak",
                  "f": {
                    "lang": "sux",
                    "form": "nam-en-na",
                    "gdl": [
                      {
                        "v": "nam",
                        "id": "P357121.5.3.0",
                        "delim": "-"
                      },
                      {
                        "v": "en",
                        "id": "P357121.5.3.1",
                        "delim": "-"
                      },
                      {
                        "v": "na",
                        "id": "P357121.5.3.2"
                      }
                    ],
                    "cf": "namen",
                    "gw": "priesthood",
                    "sense": "kingship",
                    "norm0": "namen,ak",
                    "pos": "N",
                    "epos": "N",
                    "base": "nam-en",
                    "cont": "-na=n.a",
                    "morph": "~,ak"
                  }
                },
                {
                  "node": "d",
                  "type": "line-start",
                  "ref": ""
                },
                {
                  "node": "l",
                  "frag": "[...]-⸢x⸣-zid-da",
                  "id": "P357121.l049d2",
                  "ref": "P357121.5.1260000",
                  "inst": "u",
                  "f": {
                    "lang": "sux",
                    "form": "x-x-zid-da",
                    "gdl": [
                      {
                        "x": "ellipsis",
                        "id": "P357121.5.1260000.0",
                        "breakStart": "1",
                        "break": "missing",
                        "o": "]",
                        "breakEnd": "P357121.5.1260000.0",
                        "delim": "-"
                      },
                      {
                        "v": "x",
                        "id": "P357121.5.1260000.1",
                        "break": "damaged",
                        "ho": "1",
                        "delim": "-",
                        "hc": "1"
                      },
                      {
                        "v": "zid",
                        "id": "P357121.5.1260000.2",
                        "delim": "-"
                      },
                      {
                        "v": "da",
                        "id": "P357121.5.1260000.3"
                      }
                    ],
                    "pos": "u"
                  }
                },
                {
                  "node": "d",
                  "type": "line-start",
                  "ref": ""
                },
                {
                  "node": "l",
                  "frag": "[...",
                  "id": "P357121.l049d3",
                  "ref": "P357121.5.1261000",
                  "inst": "u",
                  "f": {
                    "lang": "sux",
                    "form": "x",
                    "delim": " ",
                    "gdl": [
                      {
                        "x": "ellipsis",
                        "id": "P357121.5.1261000.0",
                        "breakStart": "1",
                        "break": "missing",
                        "o": "["
                      }
                    ],
                    "pos": "u"
                  }
                },
                {
                  "node": "l",
                  "frag": "i₃]-⸢zu⸣-u₃",
                  "id": "P357121.l049d4",
                  "ref": "P357121.5.1261001",
                  "inst": "zu[know]",
                  "sig": "@blms%sux:i₃-zu-u₃=zu[know//know]V/t'V/t$V:zu;e/zu#V:~;e",
                  "f": {
                    "lang": "sux",
                    "form": "i₃-zu-u₃",
                    "gdl": [
                      {
                        "v": "i₃",
                        "id": "P357121.5.1261001.0",
                        "break": "missing",
                        "o": "]",
                        "breakEnd": "P357121.5.1261000.0",
                        "delim": "-"
                      },
                      {
                        "v": "zu",
                        "id": "P357121.5.1261001.1",
                        "break": "damaged",
                        "ho": "1",
                        "delim": "-",
                        "hc": "1"
                      },
                      {
                        "v": "u₃",
                        "id": "P357121.5.1261001.2"
                      }
                    ],
                    "cf": "zu",
                    "gw": "know",
                    "sense": "know",
                    "norm0": "V:zu;e",
                    "pos": "V/t",
                    "epos": "V/t",
                    "base": "zu",
                    "morph": "V:~;e"
                  }
                },
                {
                  "node": "d",
                  "type": "line-start",
                  "ref": ""
                },
                {
                  "node": "l",
                  "frag": "[...]-⸢x⸣-ne",
                  "id": "P357121.l049d5",
                  "ref": "P357121.5.1262000",
                  "inst": "u",
                  "f": {
                    "lang": "akk-x-stdbab",
                    "form": "x-x-ne",
                    "gdl": [
                      {
                        "x": "ellipsis",
                        "id": "P357121.5.1262000.0",
                        "breakStart": "1",
                        "break": "missing",
                        "o": "]",
                        "breakEnd": "P357121.5.1262000.0",
                        "delim": "-"
                      },
                      {
                        "v": "x",
                        "id": "P357121.5.1262000.1",
                        "break": "damaged",
                        "ho": "1",
                        "delim": "-",
                        "hc": "1"
                      },
                      {
                        "v": "ne",
                        "id": "P357121.5.1262000.2"
                      }
                    ],
                    "pos": "u"
                  }
                },
                {
                  "node": "d",
                  "type": "line-start",
                  "ref": ""
                },
                {
                  "node": "l",
                  "frag": "[...]-⸢x⸣",
                  "id": "P357121.l049d6",
                  "ref": "P357121.5.1263000",
                  "inst": "u",
                  "f": {
                    "lang": "akk-x-stdbab",
                    "form": "x-x",
                    "gdl": [
                      {
                        "x": "ellipsis",
                        "id": "P357121.5.1263000.0",
                        "breakStart": "1",
                        "break": "missing",
                        "o": "]",
                        "breakEnd": "P357121.5.1263000.0",
                        "delim": "-"
                      },
                      {
                        "v": "x",
                        "id": "P357121.5.1263000.1",
                        "break": "damaged",
                        "ho": "1",
                        "hc": "1"
                      }
                    ],
                    "pos": "u"
                  }
                },
                {
                  "node": "d",
                  "type": "nonx",
                  "ref": "P357121.6",
                  "strict": "0",
                  "state": "missing"
                }
              ]
            }
          ]
        }
      ]
    }
  ]
}
