{
  "type": "cdl",
  "project": "blms",
  "source": "http://oracc.org/blms",
  "license": "This data is released under the CC0 license",
  "license-url": "https://creativecommons.org/publicdomain/zero/1.0/",
  "more-info": "http://oracc.org/doc/opendata/",
  "UTC-timestamp": "2018-06-04T03:17:22",
  "textid": "P395870",
  "cdl": [
    {
      "node": "c",
      "type": "text",
      "id": "P395870.U0",
      "cdl": [
        {
          "node": "d",
          "type": "object",
          "ref": ""
        },
        {
          "node": "d",
          "subtype": "obverse",
          "type": "obverse",
          "ref": "P395870.o.1",
          "label": "o"
        },
        {
          "node": "d",
          "type": "nonx",
          "ref": "P395870.2",
          "strict": "0",
          "state": "missing"
        },
        {
          "node": "c",
          "type": "discourse",
          "subtype": "body",
          "id": "P395870.U1",
          "cdl": [
            {
              "node": "c",
              "type": "sentence",
              "implicit": "yes",
              "id": "P395870.U2",
              "cdl": [
                {
                  "node": "d",
                  "type": "line-start",
                  "ref": "P395870.3"
                },
                {
                  "node": "d",
                  "type": "line-start",
                  "ref": "P395870.3l",
                  "n": "1'",
                  "label": "o 1'"
                },
                {
                  "node": "l",
                  "frag": "[...]",
                  "id": "P395870.l02eed",
                  "ref": "P395870.3.1",
                  "inst": "u",
                  "f": {
                    "lang": "sux",
                    "form": "x",
                    "gdl": [
                      {
                        "x": "ellipsis",
                        "id": "P395870.3.1.0",
                        "breakStart": "1",
                        "break": "missing",
                        "o": "]",
                        "breakEnd": "P395870.3.1.0"
                      }
                    ],
                    "pos": "u"
                  }
                },
                {
                  "node": "d",
                  "type": "line-start",
                  "ref": ""
                },
                {
                  "node": "l",
                  "frag": "[...",
                  "id": "P395870.l02eee",
                  "ref": "P395870.3.1057000",
                  "inst": "u",
                  "f": {
                    "lang": "akk-x-stdbab",
                    "form": "x",
                    "delim": "",
                    "gdl": [
                      {
                        "x": "ellipsis",
                        "id": "P395870.3.1057000.0",
                        "breakStart": "1",
                        "break": "missing",
                        "o": "["
                      }
                    ],
                    "pos": "u"
                  }
                },
                {
                  "node": "l",
                  "frag": "ana",
                  "id": "P395870.l02eef",
                  "ref": "P395870.3.1057001",
                  "inst": "ana[for]PRP",
                  "sig": "@blms%akk-x-stdbab:ana=ana[to//for]PRP'PRP$ana",
                  "f": {
                    "lang": "akk-x-stdbab",
                    "form": "ana",
                    "delim": "",
                    "gdl": [
                      {
                        "v": "ana",
                        "id": "P395870.3.1057001.0",
                        "break": "missing"
                      }
                    ],
                    "cf": "ana",
                    "gw": "to",
                    "sense": "for",
                    "norm": "ana",
                    "pos": "PRP",
                    "epos": "PRP"
                  }
                },
                {
                  "node": "l",
                  "frag": "ma-ru-uš]-⸢ti-šu₂⸣",
                  "id": "P395870.l02ef0",
                  "ref": "P395870.3.1057002",
                  "inst": "maruṣtu[evil]N$maruštišu",
                  "sig": "@blms%akk-x-stdbab:ma-ru-uš-ti-šu₂=maruṣtu[evil//evil]N'N$maruštišu",
                  "f": {
                    "lang": "akk-x-stdbab",
                    "form": "ma-ru-uš-ti-šu₂",
                    "delim": "",
                    "gdl": [
                      {
                        "v": "ma",
                        "id": "P395870.3.1057002.0",
                        "break": "missing",
                        "delim": "-"
                      },
                      {
                        "v": "ru",
                        "id": "P395870.3.1057002.1",
                        "break": "missing",
                        "delim": "-"
                      },
                      {
                        "v": "uš",
                        "id": "P395870.3.1057002.2",
                        "break": "missing",
                        "o": "]",
                        "breakEnd": "P395870.3.1057000.0",
                        "delim": "-"
                      },
                      {
                        "v": "ti",
                        "id": "P395870.3.1057002.3",
                        "break": "damaged",
                        "ho": "1",
                        "delim": "-"
                      },
                      {
                        "v": "šu₂",
                        "id": "P395870.3.1057002.4",
                        "break": "damaged",
                        "hc": "1"
                      }
                    ],
                    "cf": "maruṣtu",
                    "gw": "evil",
                    "sense": "evil",
                    "norm": "maruštišu",
                    "pos": "N",
                    "epos": "N"
                  }
                },
                {
                  "node": "l",
                  "frag": "<...>",
                  "id": "P395870.l02ef1",
                  "ref": "P395870.3.1057003",
                  "inst": "u",
                  "f": {
                    "lang": "akk-x-stdbab",
                    "form": "x",
                    "gdl": [
                      {
                        "x": "ellipsis",
                        "id": "P395870.3.1057003.0",
                        "statusStart": "P395870.3.1057003.0",
                        "o": ">"
                      }
                    ],
                    "pos": "u"
                  }
                },
                {
                  "node": "d",
                  "type": "line-start",
                  "ref": "P395870.4"
                },
                {
                  "node": "d",
                  "type": "line-start",
                  "ref": "P395870.4l",
                  "n": "2'",
                  "label": "o 2'"
                },
                {
                  "node": "l",
                  "frag": "[...",
                  "id": "P395870.l02ef2",
                  "ref": "P395870.4.1",
                  "inst": "u",
                  "f": {
                    "lang": "sux",
                    "form": "x",
                    "delim": "",
                    "gdl": [
                      {
                        "x": "ellipsis",
                        "id": "P395870.4.1.0",
                        "breakStart": "1",
                        "break": "missing",
                        "o": "["
                      }
                    ],
                    "pos": "u"
                  }
                },
                {
                  "node": "l",
                  "frag": "aŋ₂-gig-ga]-⸢a⸣-ni-še₃",
                  "id": "P395870.l02ef3",
                  "ref": "P395870.4.2",
                  "inst": "aŋgig[bad thing//illness]N'N/aŋ₂-gig+-ga=g.a#~,ani.eše",
                  "sig": "@blms%sux-x-emesal:aŋ₂-gig-ga-a-ni-še₃=aŋgig[bad thing//illness]N'N$aŋgig,ani.eše/aŋ₂-gig+-ga=g.a#~,ani.eše",
                  "f": {
                    "lang": "sux-x-emesal",
                    "form": "aŋ₂-gig-ga-a-ni-še₃",
                    "delim": "",
                    "gdl": [
                      {
                        "v": "aŋ₂",
                        "id": "P395870.4.2.0",
                        "break": "missing",
                        "delim": "-"
                      },
                      {
                        "v": "gig",
                        "id": "P395870.4.2.1",
                        "break": "missing",
                        "delim": "-"
                      },
                      {
                        "v": "ga",
                        "id": "P395870.4.2.2",
                        "break": "missing",
                        "o": "]",
                        "breakEnd": "P395870.4.1.0",
                        "delim": "-"
                      },
                      {
                        "v": "a",
                        "id": "P395870.4.2.3",
                        "break": "damaged",
                        "ho": "1",
                        "delim": "-",
                        "hc": "1"
                      },
                      {
                        "v": "ni",
                        "id": "P395870.4.2.4",
                        "delim": "-"
                      },
                      {
                        "v": "še₃",
                        "id": "P395870.4.2.5"
                      }
                    ],
                    "cf": "aŋgig",
                    "gw": "bad thing",
                    "sense": "illness",
                    "norm0": "aŋgig,ani.eše",
                    "pos": "N",
                    "epos": "N",
                    "base": "aŋ₂-gig",
                    "cont": "-ga=g.a",
                    "morph": "~,ani.eše"
                  }
                },
                {
                  "node": "l",
                  "frag": "<...>",
                  "id": "P395870.l02ef4",
                  "ref": "P395870.4.3",
                  "inst": "u",
                  "f": {
                    "lang": "sux-x-emesal",
                    "form": "x",
                    "gdl": [
                      {
                        "x": "ellipsis",
                        "id": "P395870.4.3.0",
                        "statusStart": "P395870.4.3.0",
                        "o": ">"
                      }
                    ],
                    "pos": "u"
                  }
                },
                {
                  "node": "d",
                  "type": "line-start",
                  "ref": ""
                },
                {
                  "node": "l",
                  "frag": "[...",
                  "id": "P395870.l02ef5",
                  "ref": "P395870.4.1058000",
                  "inst": "u",
                  "f": {
                    "lang": "akk-x-stdbab",
                    "form": "x",
                    "delim": "",
                    "gdl": [
                      {
                        "x": "ellipsis",
                        "id": "P395870.4.1058000.0",
                        "breakStart": "1",
                        "break": "missing",
                        "o": "["
                      }
                    ],
                    "pos": "u"
                  }
                },
                {
                  "node": "l",
                  "frag": "ana",
                  "id": "P395870.l02ef6",
                  "ref": "P395870.4.1058001",
                  "inst": "ana[for]PRP",
                  "sig": "@blms%akk-x-stdbab:ana=ana[to//for]PRP'PRP$ana",
                  "f": {
                    "lang": "akk-x-stdbab",
                    "form": "ana",
                    "delim": "",
                    "gdl": [
                      {
                        "v": "ana",
                        "id": "P395870.4.1058001.0",
                        "break": "missing"
                      }
                    ],
                    "cf": "ana",
                    "gw": "to",
                    "sense": "for",
                    "norm": "ana",
                    "pos": "PRP",
                    "epos": "PRP"
                  }
                },
                {
                  "node": "l",
                  "frag": "ma-ru]-⸢uš⸣-ti-šu₂",
                  "id": "P395870.l02ef7",
                  "ref": "P395870.4.1058002",
                  "inst": "maruṣtu[evil]N$maruštišu",
                  "sig": "@blms%akk-x-stdbab:ma-ru-uš-ti-šu₂=maruṣtu[evil//evil]N'N$maruštišu",
                  "f": {
                    "lang": "akk-x-stdbab",
                    "form": "ma-ru-uš-ti-šu₂",
                    "delim": "",
                    "gdl": [
                      {
                        "v": "ma",
                        "id": "P395870.4.1058002.0",
                        "break": "missing",
                        "delim": "-"
                      },
                      {
                        "v": "ru",
                        "id": "P395870.4.1058002.1",
                        "break": "missing",
                        "o": "]",
                        "breakEnd": "P395870.4.1058000.0",
                        "delim": "-"
                      },
                      {
                        "v": "uš",
                        "id": "P395870.4.1058002.2",
                        "break": "damaged",
                        "ho": "1",
                        "delim": "-",
                        "hc": "1"
                      },
                      {
                        "v": "ti",
                        "id": "P395870.4.1058002.3",
                        "delim": "-"
                      },
                      {
                        "v": "šu₂",
                        "id": "P395870.4.1058002.4"
                      }
                    ],
                    "cf": "maruṣtu",
                    "gw": "evil",
                    "sense": "evil",
                    "norm": "maruštišu",
                    "pos": "N",
                    "epos": "N"
                  }
                },
                {
                  "node": "l",
                  "frag": "<...>",
                  "id": "P395870.l02ef8",
                  "ref": "P395870.4.1058003",
                  "inst": "u",
                  "f": {
                    "lang": "akk-x-stdbab",
                    "form": "x",
                    "gdl": [
                      {
                        "x": "ellipsis",
                        "id": "P395870.4.1058003.0",
                        "statusStart": "P395870.4.1058003.0",
                        "o": ">"
                      }
                    ],
                    "pos": "u"
                  }
                },
                {
                  "node": "d",
                  "type": "line-start",
                  "ref": "P395870.5"
                },
                {
                  "node": "d",
                  "type": "line-start",
                  "ref": "P395870.5l",
                  "n": "3'",
                  "label": "o 3'"
                },
                {
                  "node": "l",
                  "frag": "[...",
                  "id": "P395870.l02ef9",
                  "ref": "P395870.5.1",
                  "inst": "u",
                  "f": {
                    "lang": "sux",
                    "form": "x",
                    "delim": "",
                    "gdl": [
                      {
                        "x": "ellipsis",
                        "id": "P395870.5.1.0",
                        "breakStart": "1",
                        "break": "missing",
                        "o": "["
                      }
                    ],
                    "pos": "u"
                  }
                },
                {
                  "node": "l",
                  "frag": "aŋ₂]-⸢gig⸣-ga-a-ni-še₃",
                  "id": "P395870.l02efa",
                  "ref": "P395870.5.2",
                  "inst": "aŋgig[bad thing//illness]N'N/aŋ₂-gig+-ga=g.a",
                  "sig": "@blms%sux-x-emesal:aŋ₂-gig-ga-a-ni-še₃=aŋgig[bad thing//illness]N'N$aŋgig,ani.eše/aŋ₂-gig+-ga=g.a#~,ani.eše",
                  "f": {
                    "lang": "sux-x-emesal",
                    "form": "aŋ₂-gig-ga-a-ni-še₃",
                    "delim": "",
                    "gdl": [
                      {
                        "v": "aŋ₂",
                        "id": "P395870.5.2.0",
                        "break": "missing",
                        "o": "]",
                        "breakEnd": "P395870.5.1.0",
                        "delim": "-"
                      },
                      {
                        "v": "gig",
                        "id": "P395870.5.2.1",
                        "break": "damaged",
                        "ho": "1",
                        "delim": "-",
                        "hc": "1"
                      },
                      {
                        "v": "ga",
                        "id": "P395870.5.2.2",
                        "delim": "-"
                      },
                      {
                        "v": "a",
                        "id": "P395870.5.2.3",
                        "delim": "-"
                      },
                      {
                        "v": "ni",
                        "id": "P395870.5.2.4",
                        "delim": "-"
                      },
                      {
                        "v": "še₃",
                        "id": "P395870.5.2.5"
                      }
                    ],
                    "cf": "aŋgig",
                    "gw": "bad thing",
                    "sense": "illness",
                    "norm0": "aŋgig,ani.eše",
                    "pos": "N",
                    "epos": "N",
                    "base": "aŋ₂-gig",
                    "cont": "-ga=g.a",
                    "morph": "~,ani.eše"
                  }
                },
                {
                  "node": "l",
                  "frag": "<...>",
                  "id": "P395870.l02efb",
                  "ref": "P395870.5.3",
                  "inst": "u",
                  "f": {
                    "lang": "sux-x-emesal",
                    "form": "x",
                    "gdl": [
                      {
                        "x": "ellipsis",
                        "id": "P395870.5.3.0",
                        "statusStart": "P395870.5.3.0",
                        "o": ">"
                      }
                    ],
                    "pos": "u"
                  }
                },
                {
                  "node": "d",
                  "type": "line-start",
                  "ref": ""
                },
                {
                  "node": "l",
                  "frag": "[...",
                  "id": "P395870.l02efc",
                  "ref": "P395870.5.1059000",
                  "inst": "u",
                  "f": {
                    "lang": "akk-x-stdbab",
                    "form": "x",
                    "delim": "",
                    "gdl": [
                      {
                        "x": "ellipsis",
                        "id": "P395870.5.1059000.0",
                        "breakStart": "1",
                        "break": "missing",
                        "o": "["
                      }
                    ],
                    "pos": "u"
                  }
                },
                {
                  "node": "l",
                  "frag": "ana",
                  "id": "P395870.l02efd",
                  "ref": "P395870.5.1059001",
                  "inst": "ana[for]PRP",
                  "sig": "@blms%akk-x-stdbab:ana=ana[to//for]PRP'PRP$ana",
                  "f": {
                    "lang": "akk-x-stdbab",
                    "form": "ana",
                    "delim": "",
                    "gdl": [
                      {
                        "v": "ana",
                        "id": "P395870.5.1059001.0",
                        "break": "missing"
                      }
                    ],
                    "cf": "ana",
                    "gw": "to",
                    "sense": "for",
                    "norm": "ana",
                    "pos": "PRP",
                    "epos": "PRP"
                  }
                },
                {
                  "node": "l",
                  "frag": "ma]-⸢ru⸣-uš-ti-šu₂",
                  "id": "P395870.l02efe",
                  "ref": "P395870.5.1059002",
                  "inst": "maruṣtu[evil]N$maruštišu",
                  "sig": "@blms%akk-x-stdbab:ma-ru-uš-ti-šu₂=maruṣtu[evil//evil]N'N$maruštišu",
                  "f": {
                    "lang": "akk-x-stdbab",
                    "form": "ma-ru-uš-ti-šu₂",
                    "delim": "",
                    "gdl": [
                      {
                        "v": "ma",
                        "id": "P395870.5.1059002.0",
                        "break": "missing",
                        "o": "]",
                        "breakEnd": "P395870.5.1059000.0",
                        "delim": "-"
                      },
                      {
                        "v": "ru",
                        "id": "P395870.5.1059002.1",
                        "break": "damaged",
                        "ho": "1",
                        "delim": "-",
                        "hc": "1"
                      },
                      {
                        "v": "uš",
                        "id": "P395870.5.1059002.2",
                        "delim": "-"
                      },
                      {
                        "v": "ti",
                        "id": "P395870.5.1059002.3",
                        "delim": "-"
                      },
                      {
                        "v": "šu₂",
                        "id": "P395870.5.1059002.4"
                      }
                    ],
                    "cf": "maruṣtu",
                    "gw": "evil",
                    "sense": "evil",
                    "norm": "maruštišu",
                    "pos": "N",
                    "epos": "N"
                  }
                },
                {
                  "node": "l",
                  "frag": "<...>",
                  "id": "P395870.l02eff",
                  "ref": "P395870.5.1059003",
                  "inst": "u",
                  "f": {
                    "lang": "akk-x-stdbab",
                    "form": "x",
                    "gdl": [
                      {
                        "x": "ellipsis",
                        "id": "P395870.5.1059003.0",
                        "statusStart": "P395870.5.1059003.0",
                        "o": ">"
                      }
                    ],
                    "pos": "u"
                  }
                },
                {
                  "node": "d",
                  "type": "line-start",
                  "ref": "P395870.6"
                },
                {
                  "node": "d",
                  "type": "line-start",
                  "ref": "P395870.6l",
                  "n": "4'",
                  "label": "o 4'"
                },
                {
                  "node": "l",
                  "frag": "[...",
                  "id": "P395870.l02f00",
                  "ref": "P395870.6.1",
                  "inst": "u",
                  "f": {
                    "lang": "sux",
                    "form": "x",
                    "delim": "",
                    "gdl": [
                      {
                        "x": "ellipsis",
                        "id": "P395870.6.1.0",
                        "breakStart": "1",
                        "break": "missing",
                        "o": "["
                      }
                    ],
                    "pos": "u"
                  }
                },
                {
                  "node": "l",
                  "frag": "aŋ₂]-⸢gig⸣-ga-a-ni-še₃",
                  "id": "P395870.l02f01",
                  "ref": "P395870.6.2",
                  "inst": "aŋgig[bad thing//illness]N'N/aŋ₂-gig+-ga=g.a",
                  "sig": "@blms%sux-x-emesal:aŋ₂-gig-ga-a-ni-še₃=aŋgig[bad thing//illness]N'N$aŋgig,ani.eše/aŋ₂-gig+-ga=g.a#~,ani.eše",
                  "f": {
                    "lang": "sux-x-emesal",
                    "form": "aŋ₂-gig-ga-a-ni-še₃",
                    "delim": "",
                    "gdl": [
                      {
                        "v": "aŋ₂",
                        "id": "P395870.6.2.0",
                        "break": "missing",
                        "o": "]",
                        "breakEnd": "P395870.6.1.0",
                        "delim": "-"
                      },
                      {
                        "v": "gig",
                        "id": "P395870.6.2.1",
                        "break": "damaged",
                        "ho": "1",
                        "delim": "-",
                        "hc": "1"
                      },
                      {
                        "v": "ga",
                        "id": "P395870.6.2.2",
                        "delim": "-"
                      },
                      {
                        "v": "a",
                        "id": "P395870.6.2.3",
                        "delim": "-"
                      },
                      {
                        "v": "ni",
                        "id": "P395870.6.2.4",
                        "delim": "-"
                      },
                      {
                        "v": "še₃",
                        "id": "P395870.6.2.5"
                      }
                    ],
                    "cf": "aŋgig",
                    "gw": "bad thing",
                    "sense": "illness",
                    "norm0": "aŋgig,ani.eše",
                    "pos": "N",
                    "epos": "N",
                    "base": "aŋ₂-gig",
                    "cont": "-ga=g.a",
                    "morph": "~,ani.eše"
                  }
                },
                {
                  "node": "l",
                  "frag": "<...>",
                  "id": "P395870.l02f02",
                  "ref": "P395870.6.3",
                  "inst": "u",
                  "f": {
                    "lang": "sux-x-emesal",
                    "form": "x",
                    "gdl": [
                      {
                        "x": "ellipsis",
                        "id": "P395870.6.3.0",
                        "statusStart": "P395870.6.3.0",
                        "o": ">"
                      }
                    ],
                    "pos": "u"
                  }
                },
                {
                  "node": "d",
                  "type": "line-start",
                  "ref": ""
                },
                {
                  "node": "l",
                  "frag": "[...]",
                  "id": "P395870.l02f03",
                  "ref": "P395870.6.1060000",
                  "inst": "u",
                  "f": {
                    "lang": "akk-x-stdbab",
                    "form": "x",
                    "delim": "",
                    "gdl": [
                      {
                        "x": "ellipsis",
                        "id": "P395870.6.1060000.0",
                        "breakStart": "1",
                        "break": "missing",
                        "o": "]",
                        "breakEnd": "P395870.6.1060000.0"
                      }
                    ],
                    "pos": "u"
                  }
                },
                {
                  "node": "l",
                  "frag": "⸢ana⸣",
                  "id": "P395870.l02f04",
                  "ref": "P395870.6.1060001",
                  "inst": "ana[for]PRP",
                  "sig": "@blms%akk-x-stdbab:ana=ana[to//for]PRP'PRP$ana",
                  "f": {
                    "lang": "akk-x-stdbab",
                    "form": "ana",
                    "delim": "",
                    "gdl": [
                      {
                        "v": "ana",
                        "id": "P395870.6.1060001.0",
                        "break": "damaged",
                        "ho": "1",
                        "hc": "1"
                      }
                    ],
                    "cf": "ana",
                    "gw": "to",
                    "sense": "for",
                    "norm": "ana",
                    "pos": "PRP",
                    "epos": "PRP"
                  }
                },
                {
                  "node": "l",
                  "frag": "ma-ru-uš-ti-šu₂",
                  "id": "P395870.l02f05",
                  "ref": "P395870.6.1060002",
                  "inst": "maruṣtu[evil]N$maruštišu",
                  "sig": "@blms%akk-x-stdbab:ma-ru-uš-ti-šu₂=maruṣtu[evil//evil]N'N$maruštišu",
                  "f": {
                    "lang": "akk-x-stdbab",
                    "form": "ma-ru-uš-ti-šu₂",
                    "delim": "",
                    "gdl": [
                      {
                        "v": "ma",
                        "id": "P395870.6.1060002.0",
                        "delim": "-"
                      },
                      {
                        "v": "ru",
                        "id": "P395870.6.1060002.1",
                        "delim": "-"
                      },
                      {
                        "v": "uš",
                        "id": "P395870.6.1060002.2",
                        "delim": "-"
                      },
                      {
                        "v": "ti",
                        "id": "P395870.6.1060002.3",
                        "delim": "-"
                      },
                      {
                        "v": "šu₂",
                        "id": "P395870.6.1060002.4"
                      }
                    ],
                    "cf": "maruṣtu",
                    "gw": "evil",
                    "sense": "evil",
                    "norm": "maruštišu",
                    "pos": "N",
                    "epos": "N"
                  }
                },
                {
                  "node": "l",
                  "frag": "<...>",
                  "id": "P395870.l02f06",
                  "ref": "P395870.6.1060003",
                  "inst": "u",
                  "f": {
                    "lang": "akk-x-stdbab",
                    "form": "x",
                    "gdl": [
                      {
                        "x": "ellipsis",
                        "id": "P395870.6.1060003.0",
                        "statusStart": "P395870.6.1060003.0",
                        "o": ">"
                      }
                    ],
                    "pos": "u"
                  }
                },
                {
                  "node": "d",
                  "type": "line-start",
                  "ref": "P395870.7"
                },
                {
                  "node": "d",
                  "type": "line-start",
                  "ref": "P395870.7l",
                  "n": "5'",
                  "label": "o 5'"
                },
                {
                  "node": "l",
                  "frag": "[...]",
                  "id": "P395870.l02f07",
                  "ref": "P395870.7.1",
                  "inst": "u",
                  "f": {
                    "lang": "sux",
                    "form": "x",
                    "delim": "",
                    "gdl": [
                      {
                        "x": "ellipsis",
                        "id": "P395870.7.1.0",
                        "breakStart": "1",
                        "break": "missing",
                        "o": "]",
                        "breakEnd": "P395870.7.1.0"
                      }
                    ],
                    "pos": "u"
                  }
                },
                {
                  "node": "l",
                  "frag": "aŋ₂-gig-ga-a-ni-⸢še₃⸣",
                  "id": "P395870.l02f08",
                  "ref": "P395870.7.2",
                  "inst": "aŋgig[bad thing//illness]N'N/aŋ₂-gig+-ga=g.a",
                  "sig": "@blms%sux-x-emesal:aŋ₂-gig-ga-a-ni-še₃=aŋgig[bad thing//illness]N'N$aŋgig,ani.eše/aŋ₂-gig+-ga=g.a#~,ani.eše",
                  "f": {
                    "lang": "sux-x-emesal",
                    "form": "aŋ₂-gig-ga-a-ni-še₃",
                    "delim": "",
                    "gdl": [
                      {
                        "v": "aŋ₂",
                        "id": "P395870.7.2.0",
                        "delim": "-"
                      },
                      {
                        "v": "gig",
                        "id": "P395870.7.2.1",
                        "delim": "-"
                      },
                      {
                        "v": "ga",
                        "id": "P395870.7.2.2",
                        "delim": "-"
                      },
                      {
                        "v": "a",
                        "id": "P395870.7.2.3",
                        "delim": "-"
                      },
                      {
                        "v": "ni",
                        "id": "P395870.7.2.4",
                        "delim": "-"
                      },
                      {
                        "v": "še₃",
                        "id": "P395870.7.2.5",
                        "break": "damaged",
                        "ho": "1",
                        "hc": "1"
                      }
                    ],
                    "cf": "aŋgig",
                    "gw": "bad thing",
                    "sense": "illness",
                    "norm0": "aŋgig,ani.eše",
                    "pos": "N",
                    "epos": "N",
                    "base": "aŋ₂-gig",
                    "cont": "-ga=g.a",
                    "morph": "~,ani.eše"
                  }
                },
                {
                  "node": "l",
                  "frag": "<...>",
                  "id": "P395870.l02f09",
                  "ref": "P395870.7.3",
                  "inst": "u",
                  "f": {
                    "lang": "sux-x-emesal",
                    "form": "x",
                    "gdl": [
                      {
                        "x": "ellipsis",
                        "id": "P395870.7.3.0",
                        "statusStart": "P395870.7.3.0",
                        "o": ">"
                      }
                    ],
                    "pos": "u"
                  }
                },
                {
                  "node": "d",
                  "type": "line-start",
                  "ref": ""
                },
                {
                  "node": "l",
                  "frag": "[...",
                  "id": "P395870.l02f0a",
                  "ref": "P395870.7.1061000",
                  "inst": "u",
                  "f": {
                    "lang": "akk-x-stdbab",
                    "form": "x",
                    "delim": "",
                    "gdl": [
                      {
                        "x": "ellipsis",
                        "id": "P395870.7.1061000.0",
                        "breakStart": "1",
                        "break": "missing",
                        "o": "["
                      }
                    ],
                    "pos": "u"
                  }
                },
                {
                  "node": "l",
                  "frag": "ana]",
                  "id": "P395870.l02f0b",
                  "ref": "P395870.7.1061001",
                  "inst": "ana[for]PRP",
                  "sig": "@blms%akk-x-stdbab:ana=ana[to//for]PRP'PRP$ana",
                  "f": {
                    "lang": "akk-x-stdbab",
                    "form": "ana",
                    "delim": "",
                    "gdl": [
                      {
                        "v": "ana",
                        "id": "P395870.7.1061001.0",
                        "break": "missing",
                        "o": "]",
                        "breakEnd": "P395870.7.1061000.0"
                      }
                    ],
                    "cf": "ana",
                    "gw": "to",
                    "sense": "for",
                    "norm": "ana",
                    "pos": "PRP",
                    "epos": "PRP"
                  }
                },
                {
                  "node": "l",
                  "frag": "⸢ma-ru-uš-ti⸣-[šu₂]",
                  "id": "P395870.l02f0c",
                  "ref": "P395870.7.1061002",
                  "inst": "maruṣtu[evil]N$maruštišu",
                  "sig": "@blms%akk-x-stdbab:ma-ru-uš-ti-šu₂=maruṣtu[evil//evil]N'N$maruštišu",
                  "f": {
                    "lang": "akk-x-stdbab",
                    "form": "ma-ru-uš-ti-šu₂",
                    "delim": "",
                    "gdl": [
                      {
                        "v": "ma",
                        "id": "P395870.7.1061002.0",
                        "break": "damaged",
                        "ho": "1",
                        "delim": "-"
                      },
                      {
                        "v": "ru",
                        "id": "P395870.7.1061002.1",
                        "break": "damaged",
                        "delim": "-"
                      },
                      {
                        "v": "uš",
                        "id": "P395870.7.1061002.2",
                        "break": "damaged",
                        "delim": "-"
                      },
                      {
                        "v": "ti",
                        "id": "P395870.7.1061002.3",
                        "break": "damaged",
                        "delim": "-",
                        "hc": "1"
                      },
                      {
                        "v": "šu₂",
                        "id": "P395870.7.1061002.4",
                        "breakStart": "1",
                        "o": "]",
                        "break": "missing",
                        "breakEnd": "P395870.7.1061002.4"
                      }
                    ],
                    "cf": "maruṣtu",
                    "gw": "evil",
                    "sense": "evil",
                    "norm": "maruštišu",
                    "pos": "N",
                    "epos": "N"
                  }
                },
                {
                  "node": "l",
                  "frag": "<...>",
                  "id": "P395870.l02f0d",
                  "ref": "P395870.7.1061003",
                  "inst": "u",
                  "f": {
                    "lang": "akk-x-stdbab",
                    "form": "x",
                    "gdl": [
                      {
                        "x": "ellipsis",
                        "id": "P395870.7.1061003.0",
                        "statusStart": "P395870.7.1061003.0",
                        "o": ">"
                      }
                    ],
                    "pos": "u"
                  }
                },
                {
                  "node": "d",
                  "type": "nonx",
                  "ref": "P395870.8",
                  "strict": "0",
                  "state": "missing"
                }
              ]
            }
          ]
        }
      ]
    }
  ]
}
