{
  "type": "cdl",
  "project": "blms",
  "source": "http://oracc.org/blms",
  "license": "This data is released under the CC0 license",
  "license-url": "https://creativecommons.org/publicdomain/zero/1.0/",
  "more-info": "http://oracc.org/doc/opendata/",
  "UTC-timestamp": "2017-06-21T21:47:24",
  "textid": "P397623",
  "cdl": [
    {
      "node": "c",
      "type": "text",
      "id": "P397623.U0",
      "cdl": [
        {
          "node": "d",
          "type": "object",
          "ref": ""
        },
        {
          "node": "d",
          "type": "surface",
          "ref": ""
        },
        {
          "node": "d",
          "type": "nonx",
          "ref": "P397623.1",
          "strict": "0",
          "state": "missing"
        },
        {
          "node": "c",
          "type": "discourse",
          "subtype": "body",
          "id": "P397623.U1",
          "cdl": [
            {
              "node": "c",
              "type": "sentence",
              "id": "P397623.U2",
              "label": "1' - 7'a",
              "cdl": [
                {
                  "node": "d",
                  "type": "line-start",
                  "ref": "P397623.2",
                  "n": "1'",
                  "label": "1'"
                },
                {
                  "node": "l",
                  "frag": "[...]",
                  "id": "P397623.l03526",
                  "ref": "P397623.2.1",
                  "inst": "%sux:x=",
                  "f": {
                    "lang": "sux",
                    "form": "x",
                    "gdl": [
                      {
                        "x": "ellipsis",
                        "id": "P397623.2.1.0",
                        "breakStart": "1",
                        "break": "missing",
                        "o": "]",
                        "breakEnd": "P397623.2.1.0"
                      }
                    ]
                  }
                },
                {
                  "node": "d",
                  "type": "line-start",
                  "ref": "P397623.3",
                  "n": "1'a",
                  "label": "1'a"
                },
                {
                  "node": "l",
                  "frag": "⸢x",
                  "id": "P397623.l03527",
                  "ref": "P397623.3.1",
                  "inst": "u",
                  "f": {
                    "lang": "sux",
                    "form": "x",
                    "delim": " ",
                    "gdl": [
                      {
                        "v": "x",
                        "id": "P397623.3.1.0",
                        "break": "damaged",
                        "ho": "1"
                      }
                    ],
                    "pos": "u"
                  }
                },
                {
                  "node": "l",
                  "frag": "x⸣",
                  "id": "P397623.l03528",
                  "ref": "P397623.3.2",
                  "inst": "u",
                  "f": {
                    "lang": "sux",
                    "form": "x",
                    "delim": " ",
                    "gdl": [
                      {
                        "v": "x",
                        "id": "P397623.3.2.0",
                        "break": "damaged",
                        "hc": "1"
                      }
                    ],
                    "pos": "u"
                  }
                },
                {
                  "node": "l",
                  "frag": "[...]",
                  "id": "P397623.l03529",
                  "ref": "P397623.3.3",
                  "inst": "u",
                  "f": {
                    "lang": "sux",
                    "form": "x",
                    "gdl": [
                      {
                        "x": "ellipsis",
                        "id": "P397623.3.3.0",
                        "breakStart": "1",
                        "break": "missing",
                        "o": "]",
                        "breakEnd": "P397623.3.3.0"
                      }
                    ],
                    "pos": "u"
                  }
                },
                {
                  "node": "d",
                  "type": "line-start",
                  "ref": "P397623.4",
                  "n": "2'",
                  "label": "2'"
                },
                {
                  "node": "l",
                  "frag": "dam",
                  "id": "P397623.l0352a",
                  "ref": "P397623.4.1",
                  "inst": "%sux:dam=",
                  "f": {
                    "lang": "sux",
                    "form": "dam",
                    "delim": " ",
                    "gdl": [
                      {
                        "v": "dam",
                        "id": "P397623.4.1.0"
                      }
                    ]
                  }
                },
                {
                  "node": "l",
                  "frag": "mu-lu-⸢ra",
                  "id": "P397623.l0352b",
                  "ref": "P397623.4.2",
                  "inst": "%sux:mu-lu-ra=",
                  "f": {
                    "lang": "sux",
                    "form": "mu-lu-ra",
                    "delim": " ",
                    "gdl": [
                      {
                        "v": "mu",
                        "id": "P397623.4.2.0",
                        "delim": "-"
                      },
                      {
                        "v": "lu",
                        "id": "P397623.4.2.1",
                        "delim": "-"
                      },
                      {
                        "v": "ra",
                        "id": "P397623.4.2.2",
                        "break": "damaged",
                        "ho": "1"
                      }
                    ]
                  }
                },
                {
                  "node": "l",
                  "frag": "x⸣",
                  "id": "P397623.l0352c",
                  "ref": "P397623.4.3",
                  "inst": "%sux:x=",
                  "f": {
                    "lang": "sux",
                    "form": "x",
                    "delim": " ",
                    "gdl": [
                      {
                        "v": "x",
                        "id": "P397623.4.3.0",
                        "break": "damaged",
                        "hc": "1"
                      }
                    ]
                  }
                },
                {
                  "node": "l",
                  "frag": "[...]",
                  "id": "P397623.l0352d",
                  "ref": "P397623.4.4",
                  "inst": "%sux:x=",
                  "f": {
                    "lang": "sux",
                    "form": "x",
                    "gdl": [
                      {
                        "x": "ellipsis",
                        "id": "P397623.4.4.0",
                        "breakStart": "1",
                        "break": "missing",
                        "o": "]",
                        "breakEnd": "P397623.4.4.0"
                      }
                    ]
                  }
                },
                {
                  "node": "d",
                  "type": "line-start",
                  "ref": "P397623.5",
                  "n": "2'a",
                  "label": "2'a"
                },
                {
                  "node": "l",
                  "frag": "ina",
                  "id": "P397623.l0352e",
                  "ref": "P397623.5.1",
                  "inst": "ina[with]PRP",
                  "sig": "@blms%akk-x-stdbab:ina=ina[in//with]PRP'PRP$ina",
                  "f": {
                    "lang": "akk-x-stdbab",
                    "form": "ina",
                    "delim": " ",
                    "gdl": [
                      {
                        "v": "ina",
                        "id": "P397623.5.1.0"
                      }
                    ],
                    "cf": "ina",
                    "gw": "in",
                    "sense": "with",
                    "norm": "ina",
                    "pos": "PRP",
                    "epos": "PRP"
                  }
                },
                {
                  "node": "l",
                  "frag": "mu-ut",
                  "id": "P397623.l0352f",
                  "ref": "P397623.5.2",
                  "inst": "mut[husband]N",
                  "sig": "@blms%akk-x-stdbab:mu-ut=mutu[husband//husband]N'N$mut",
                  "f": {
                    "lang": "akk-x-stdbab",
                    "form": "mu-ut",
                    "delim": " ",
                    "gdl": [
                      {
                        "v": "mu",
                        "id": "P397623.5.2.0",
                        "delim": "-"
                      },
                      {
                        "v": "ut",
                        "id": "P397623.5.2.1"
                      }
                    ],
                    "cf": "mutu",
                    "gw": "husband",
                    "sense": "husband",
                    "norm": "mut",
                    "pos": "N",
                    "epos": "N"
                  }
                },
                {
                  "node": "l",
                  "frag": "ni-ši",
                  "id": "P397623.l03530",
                  "ref": "P397623.5.3",
                  "inst": "nišī[people]N",
                  "sig": "@blms%akk-x-stdbab:ni-ši=nišu[people//people]N'N$nišī",
                  "f": {
                    "lang": "akk-x-stdbab",
                    "form": "ni-ši",
                    "delim": " ",
                    "gdl": [
                      {
                        "v": "ni",
                        "id": "P397623.5.3.0",
                        "delim": "-"
                      },
                      {
                        "v": "ši",
                        "id": "P397623.5.3.1"
                      }
                    ],
                    "cf": "nišu",
                    "gw": "people",
                    "sense": "people",
                    "norm": "nišī",
                    "pos": "N",
                    "epos": "N"
                  }
                },
                {
                  "node": "l",
                  "frag": "[...]",
                  "id": "P397623.l03531",
                  "ref": "P397623.5.4",
                  "inst": "u",
                  "f": {
                    "lang": "akk-x-stdbab",
                    "form": "x",
                    "gdl": [
                      {
                        "x": "ellipsis",
                        "id": "P397623.5.4.0",
                        "breakStart": "1",
                        "break": "missing",
                        "o": "]",
                        "breakEnd": "P397623.5.4.0"
                      }
                    ],
                    "pos": "u"
                  }
                },
                {
                  "node": "d",
                  "type": "line-start",
                  "ref": "P397623.6",
                  "n": "3'",
                  "label": "3'"
                },
                {
                  "node": "l",
                  "frag": "dumu",
                  "id": "P397623.l03532",
                  "ref": "P397623.6.1",
                  "inst": "%sux:dumu=",
                  "f": {
                    "lang": "sux",
                    "form": "dumu",
                    "delim": " ",
                    "gdl": [
                      {
                        "v": "dumu",
                        "id": "P397623.6.1.0"
                      }
                    ]
                  }
                },
                {
                  "node": "l",
                  "frag": "dili-ŋu₁₀",
                  "id": "P397623.l03533",
                  "ref": "P397623.6.2",
                  "inst": "%sux:dili-ŋu₁₀=",
                  "f": {
                    "lang": "sux",
                    "form": "dili-ŋu₁₀",
                    "delim": " ",
                    "gdl": [
                      {
                        "v": "dili",
                        "id": "P397623.6.2.0",
                        "delim": "-"
                      },
                      {
                        "v": "ŋu₁₀",
                        "id": "P397623.6.2.1"
                      }
                    ]
                  }
                },
                {
                  "node": "l",
                  "frag": "[...]",
                  "id": "P397623.l03534",
                  "ref": "P397623.6.3",
                  "inst": "%sux:x=",
                  "f": {
                    "lang": "sux",
                    "form": "x",
                    "gdl": [
                      {
                        "x": "ellipsis",
                        "id": "P397623.6.3.0",
                        "breakStart": "1",
                        "break": "missing",
                        "o": "]",
                        "breakEnd": "P397623.6.3.0"
                      }
                    ]
                  }
                },
                {
                  "node": "d",
                  "type": "line-start",
                  "ref": "P397623.7",
                  "n": "3'a",
                  "label": "3'a"
                },
                {
                  "node": "l",
                  "frag": "ma-ri",
                  "id": "P397623.l03535",
                  "ref": "P397623.7.1",
                  "inst": "mārī[son]N",
                  "sig": "@blms%akk-x-stdbab:ma-ri=māru[son//son]N'N$mārī",
                  "f": {
                    "lang": "akk-x-stdbab",
                    "form": "ma-ri",
                    "delim": " ",
                    "gdl": [
                      {
                        "v": "ma",
                        "id": "P397623.7.1.0",
                        "delim": "-"
                      },
                      {
                        "v": "ri",
                        "id": "P397623.7.1.1"
                      }
                    ],
                    "cf": "māru",
                    "gw": "son",
                    "sense": "son",
                    "norm": "mārī",
                    "pos": "N",
                    "epos": "N"
                  }
                },
                {
                  "node": "l",
                  "frag": "e-du",
                  "id": "P397623.l03536",
                  "ref": "P397623.7.2",
                  "inst": "+wēdu[single]AJ$ēdu",
                  "sig": "@blms%akk-x-stdbab:e-du=wēdu[single//single]AJ'AJ$ēdu",
                  "f": {
                    "lang": "akk-x-stdbab",
                    "form": "e-du",
                    "delim": " ",
                    "gdl": [
                      {
                        "v": "e",
                        "id": "P397623.7.2.0",
                        "delim": "-"
                      },
                      {
                        "v": "du",
                        "id": "P397623.7.2.1"
                      }
                    ],
                    "cf": "wēdu",
                    "gw": "single",
                    "sense": "single",
                    "norm": "ēdu",
                    "pos": "AJ",
                    "epos": "AJ"
                  }
                },
                {
                  "node": "l",
                  "frag": "[...]",
                  "id": "P397623.l03537",
                  "ref": "P397623.7.3",
                  "inst": "u",
                  "f": {
                    "lang": "akk-x-stdbab",
                    "form": "x",
                    "gdl": [
                      {
                        "x": "ellipsis",
                        "id": "P397623.7.3.0",
                        "breakStart": "1",
                        "break": "missing",
                        "o": "]",
                        "breakEnd": "P397623.7.3.0"
                      }
                    ],
                    "pos": "u"
                  }
                },
                {
                  "node": "d",
                  "type": "line-start",
                  "ref": "P397623.8",
                  "n": "4'",
                  "label": "4'"
                },
                {
                  "node": "l",
                  "frag": "⸢i⸣-gi-in-zu",
                  "id": "P397623.l03538",
                  "ref": "P397623.8.1",
                  "inst": "%sux:i-gi-in-zu=",
                  "f": {
                    "lang": "sux",
                    "form": "i-gi-in-zu",
                    "delim": " ",
                    "gdl": [
                      {
                        "v": "i",
                        "id": "P397623.8.1.0",
                        "break": "damaged",
                        "ho": "1",
                        "delim": "-",
                        "hc": "1"
                      },
                      {
                        "v": "gi",
                        "id": "P397623.8.1.1",
                        "delim": "-"
                      },
                      {
                        "v": "in",
                        "id": "P397623.8.1.2",
                        "delim": "-"
                      },
                      {
                        "v": "zu",
                        "id": "P397623.8.1.3"
                      }
                    ]
                  }
                },
                {
                  "node": "l",
                  "frag": "ama",
                  "id": "P397623.l03539",
                  "ref": "P397623.8.2",
                  "inst": "%sux:ama=",
                  "f": {
                    "lang": "sux",
                    "form": "ama",
                    "delim": " ",
                    "gdl": [
                      {
                        "v": "ama",
                        "id": "P397623.8.2.0"
                      }
                    ]
                  }
                },
                {
                  "node": "l",
                  "frag": "[...]",
                  "id": "P397623.l0353a",
                  "ref": "P397623.8.3",
                  "inst": "%sux:x=",
                  "f": {
                    "lang": "sux",
                    "form": "x",
                    "gdl": [
                      {
                        "x": "ellipsis",
                        "id": "P397623.8.3.0",
                        "breakStart": "1",
                        "break": "missing",
                        "o": "]",
                        "breakEnd": "P397623.8.3.0"
                      }
                    ]
                  }
                },
                {
                  "node": "d",
                  "type": "line-start",
                  "ref": "P397623.9",
                  "n": "4'a",
                  "label": "4'a"
                },
                {
                  "node": "l",
                  "frag": "⸢tu⸣-ša₂-ma-a",
                  "id": "P397623.l0353b",
                  "ref": "P397623.9.1",
                  "inst": "+tuša[it could have been that//as if]MOD'MOD$tušamā",
                  "sig": "@blms%akk-x-stdbab:tu-ša₂-ma-a=tuša[it could have been that//as if]MOD'MOD$tušamā",
                  "f": {
                    "lang": "akk-x-stdbab",
                    "form": "tu-ša₂-ma-a",
                    "delim": " ",
                    "gdl": [
                      {
                        "v": "tu",
                        "id": "P397623.9.1.0",
                        "break": "damaged",
                        "ho": "1",
                        "delim": "-",
                        "hc": "1"
                      },
                      {
                        "v": "ša₂",
                        "id": "P397623.9.1.1",
                        "delim": "-"
                      },
                      {
                        "v": "ma",
                        "id": "P397623.9.1.2",
                        "delim": "-"
                      },
                      {
                        "v": "a",
                        "id": "P397623.9.1.3"
                      }
                    ],
                    "cf": "tuša",
                    "gw": "it could have been that",
                    "sense": "as if",
                    "norm": "tušamā",
                    "pos": "MOD",
                    "epos": "MOD"
                  }
                },
                {
                  "node": "l",
                  "frag": "la",
                  "id": "P397623.l0353c",
                  "ref": "P397623.9.2",
                  "inst": "lā[not]MOD",
                  "sig": "@blms%akk-x-stdbab:la=lā[not//not]MOD'MOD$lā",
                  "f": {
                    "lang": "akk-x-stdbab",
                    "form": "la",
                    "delim": " ",
                    "gdl": [
                      {
                        "v": "la",
                        "id": "P397623.9.2.0"
                      }
                    ],
                    "cf": "lā",
                    "gw": "not",
                    "sense": "not",
                    "norm": "lā",
                    "pos": "MOD",
                    "epos": "MOD"
                  }
                },
                {
                  "node": "l",
                  "frag": "a-lit-[...]",
                  "id": "P397623.l0353d",
                  "ref": "P397623.9.3",
                  "inst": "u",
                  "f": {
                    "lang": "akk-x-stdbab",
                    "form": "a-lit-x",
                    "gdl": [
                      {
                        "v": "a",
                        "id": "P397623.9.3.0",
                        "delim": "-"
                      },
                      {
                        "v": "lit",
                        "id": "P397623.9.3.1",
                        "delim": "-"
                      },
                      {
                        "x": "ellipsis",
                        "id": "P397623.9.3.2",
                        "breakStart": "1",
                        "break": "missing",
                        "o": "]",
                        "breakEnd": "P397623.9.3.2"
                      }
                    ],
                    "pos": "u"
                  }
                },
                {
                  "node": "d",
                  "type": "line-start",
                  "ref": "P397623.10",
                  "n": "5'",
                  "label": "5'"
                },
                {
                  "node": "l",
                  "frag": "[i]-⸢gi⸣-in-zu",
                  "id": "P397623.l0353e",
                  "ref": "P397623.10.1",
                  "inst": "%sux:i-gi-in-zu=",
                  "f": {
                    "lang": "sux",
                    "form": "i-gi-in-zu",
                    "delim": " ",
                    "gdl": [
                      {
                        "v": "i",
                        "id": "P397623.10.1.0",
                        "breakStart": "1",
                        "o": "]",
                        "break": "missing",
                        "breakEnd": "P397623.10.1.0",
                        "delim": "-"
                      },
                      {
                        "v": "gi",
                        "id": "P397623.10.1.1",
                        "break": "damaged",
                        "ho": "1",
                        "delim": "-",
                        "hc": "1"
                      },
                      {
                        "v": "in",
                        "id": "P397623.10.1.2",
                        "delim": "-"
                      },
                      {
                        "v": "zu",
                        "id": "P397623.10.1.3"
                      }
                    ]
                  }
                },
                {
                  "node": "l",
                  "frag": "⸢x⸣",
                  "id": "P397623.l0353f",
                  "ref": "P397623.10.2",
                  "inst": "%sux:x=",
                  "f": {
                    "lang": "sux",
                    "form": "x",
                    "delim": " ",
                    "gdl": [
                      {
                        "v": "x",
                        "id": "P397623.10.2.0",
                        "break": "damaged",
                        "ho": "1",
                        "hc": "1"
                      }
                    ]
                  }
                },
                {
                  "node": "l",
                  "frag": "[...]",
                  "id": "P397623.l03540",
                  "ref": "P397623.10.3",
                  "inst": "%sux:x=",
                  "f": {
                    "lang": "sux",
                    "form": "x",
                    "gdl": [
                      {
                        "x": "ellipsis",
                        "id": "P397623.10.3.0",
                        "breakStart": "1",
                        "break": "missing",
                        "o": "]",
                        "breakEnd": "P397623.10.3.0"
                      }
                    ]
                  }
                },
                {
                  "node": "d",
                  "type": "line-start",
                  "ref": "P397623.11",
                  "n": "5'a",
                  "label": "5'a"
                },
                {
                  "node": "d",
                  "type": "nonw",
                  "ref": ""
                },
                {
                  "node": "d",
                  "type": "line-start",
                  "ref": "P397623.12",
                  "n": "6'",
                  "label": "6'"
                },
                {
                  "node": "l",
                  "frag": "i-gi-in-⸢zu⸣",
                  "id": "P397623.l03541",
                  "ref": "P397623.12.1",
                  "inst": "%sux:i-gi-in-zu=",
                  "f": {
                    "lang": "sux",
                    "form": "i-gi-in-zu",
                    "delim": " ",
                    "gdl": [
                      {
                        "v": "i",
                        "id": "P397623.12.1.0",
                        "delim": "-"
                      },
                      {
                        "v": "gi",
                        "id": "P397623.12.1.1",
                        "delim": "-"
                      },
                      {
                        "v": "in",
                        "id": "P397623.12.1.2",
                        "delim": "-"
                      },
                      {
                        "v": "zu",
                        "id": "P397623.12.1.3",
                        "break": "damaged",
                        "ho": "1",
                        "hc": "1"
                      }
                    ]
                  }
                },
                {
                  "node": "l",
                  "frag": "[...]",
                  "id": "P397623.l03542",
                  "ref": "P397623.12.2",
                  "inst": "%sux:x=",
                  "f": {
                    "lang": "sux",
                    "form": "x",
                    "gdl": [
                      {
                        "x": "ellipsis",
                        "id": "P397623.12.2.0",
                        "breakStart": "1",
                        "break": "missing",
                        "o": "]",
                        "breakEnd": "P397623.12.2.0"
                      }
                    ]
                  }
                },
                {
                  "node": "d",
                  "type": "line-start",
                  "ref": "P397623.13",
                  "n": "6'a",
                  "label": "6'a"
                },
                {
                  "node": "d",
                  "type": "nonw",
                  "ref": ""
                },
                {
                  "node": "d",
                  "type": "line-start",
                  "ref": "P397623.14",
                  "n": "7'",
                  "label": "7'"
                },
                {
                  "node": "l",
                  "frag": "⸢en₃⸣-tar",
                  "id": "P397623.l03543",
                  "ref": "P397623.14.1",
                  "inst": "%sux:en₃-tar=",
                  "f": {
                    "lang": "sux",
                    "form": "en₃-tar",
                    "delim": " ",
                    "gdl": [
                      {
                        "v": "en₃",
                        "id": "P397623.14.1.0",
                        "break": "damaged",
                        "ho": "1",
                        "delim": "-",
                        "hc": "1"
                      },
                      {
                        "v": "tar",
                        "id": "P397623.14.1.1"
                      }
                    ]
                  }
                },
                {
                  "node": "l",
                  "frag": "⸢a⸣-[...]",
                  "id": "P397623.l03544",
                  "ref": "P397623.14.2",
                  "inst": "%sux:a-x=",
                  "f": {
                    "lang": "sux",
                    "form": "a-x",
                    "gdl": [
                      {
                        "v": "a",
                        "id": "P397623.14.2.0",
                        "break": "damaged",
                        "ho": "1",
                        "delim": "-",
                        "hc": "1"
                      },
                      {
                        "x": "ellipsis",
                        "id": "P397623.14.2.1",
                        "breakStart": "1",
                        "break": "missing",
                        "o": "]",
                        "breakEnd": "P397623.14.2.1"
                      }
                    ]
                  }
                },
                {
                  "node": "d",
                  "type": "line-start",
                  "ref": "P397623.15",
                  "n": "7'a",
                  "label": "7'a"
                },
                {
                  "node": "l",
                  "frag": "[...]",
                  "id": "P397623.l03545",
                  "ref": "P397623.15.1",
                  "inst": "u",
                  "f": {
                    "lang": "akk-x-stdbab",
                    "form": "x",
                    "gdl": [
                      {
                        "x": "ellipsis",
                        "id": "P397623.15.1.0",
                        "breakStart": "1",
                        "break": "missing",
                        "o": "]",
                        "breakEnd": "P397623.15.1.0"
                      }
                    ],
                    "pos": "u"
                  }
                },
                {
                  "node": "d",
                  "type": "nonx",
                  "ref": "P397623.16",
                  "strict": "0",
                  "state": "missing"
                }
              ]
            }
          ]
        }
      ]
    }
  ]
}
