{
  "type": "cdl",
  "project": "blms",
  "source": "http://oracc.org/blms",
  "license": "This data is released under the CC0 license",
  "license-url": "https://creativecommons.org/publicdomain/zero/1.0/",
  "more-info": "http://oracc.org/doc/opendata/",
  "UTC-timestamp": "2017-06-21T21:47:26",
  "textid": "P398626",
  "cdl": [
    {
      "node": "c",
      "type": "text",
      "id": "P398626.U0",
      "cdl": [
        {
          "node": "d",
          "type": "object",
          "ref": ""
        },
        {
          "node": "d",
          "type": "surface",
          "ref": ""
        },
        {
          "node": "d",
          "type": "nonx",
          "ref": "P398626.1",
          "strict": "0",
          "state": "missing"
        },
        {
          "node": "c",
          "type": "discourse",
          "subtype": "body",
          "id": "P398626.U1",
          "cdl": [
            {
              "node": "c",
              "type": "sentence",
              "id": "P398626.U2",
              "cdl": [
                {
                  "node": "d",
                  "type": "line-start",
                  "ref": "P398626.2"
                },
                {
                  "node": "d",
                  "type": "line-start",
                  "ref": "P398626.2l",
                  "n": "1'",
                  "label": "1'"
                },
                {
                  "node": "l",
                  "frag": "[...]",
                  "id": "P398626.l01bbb",
                  "ref": "P398626.2.1",
                  "inst": "u",
                  "f": {
                    "lang": "sux",
                    "form": "x",
                    "delim": " ",
                    "gdl": [
                      {
                        "x": "ellipsis",
                        "id": "P398626.2.1.0",
                        "breakStart": "1",
                        "break": "missing",
                        "o": "]",
                        "breakEnd": "P398626.2.1.0"
                      }
                    ],
                    "pos": "u"
                  }
                },
                {
                  "node": "l",
                  "frag": "⸢bar",
                  "id": "P398626.l01bbc",
                  "ref": "P398626.2.2",
                  "inst": "bar[liver]N",
                  "sig": "@blms%sux:bar=bar[outside//liver]V/t'N$bar/bar#~",
                  "f": {
                    "lang": "sux",
                    "form": "bar",
                    "delim": " ",
                    "gdl": [
                      {
                        "v": "bar",
                        "id": "P398626.2.2.0",
                        "break": "damaged",
                        "queried": "1",
                        "ho": "1"
                      }
                    ],
                    "cf": "bar",
                    "gw": "outside",
                    "sense": "liver",
                    "norm0": "bar",
                    "pos": "V/t",
                    "epos": "N",
                    "base": "bar",
                    "morph": "~"
                  }
                },
                {
                  "node": "l",
                  "frag": "su⸣-[...]",
                  "id": "P398626.l01bbd",
                  "ref": "P398626.2.3",
                  "inst": "u",
                  "f": {
                    "lang": "sux",
                    "form": "su-x",
                    "gdl": [
                      {
                        "v": "su",
                        "id": "P398626.2.3.0",
                        "break": "damaged",
                        "queried": "1",
                        "delim": "-",
                        "hc": "1"
                      },
                      {
                        "x": "ellipsis",
                        "id": "P398626.2.3.1",
                        "breakStart": "1",
                        "break": "missing",
                        "o": "]",
                        "breakEnd": "P398626.2.3.1"
                      }
                    ],
                    "pos": "u"
                  }
                },
                {
                  "node": "d",
                  "type": "nonw",
                  "ref": ""
                },
                {
                  "node": "d",
                  "type": "line-start",
                  "ref": ""
                },
                {
                  "node": "l",
                  "frag": "[...]",
                  "id": "P398626.l01bbe",
                  "ref": "P398626.2.594000",
                  "inst": "u",
                  "f": {
                    "lang": "akk-x-stdbab",
                    "form": "x",
                    "delim": " ",
                    "gdl": [
                      {
                        "x": "ellipsis",
                        "id": "P398626.2.594000.0",
                        "breakStart": "1",
                        "break": "missing",
                        "o": "]",
                        "breakEnd": "P398626.2.594000.0"
                      }
                    ],
                    "pos": "u"
                  }
                },
                {
                  "node": "l",
                  "frag": "ka-bat-⸢ta⸣-[ka",
                  "id": "P398626.l01bbf",
                  "ref": "P398626.2.594001",
                  "inst": "kabattaka[liver]N",
                  "sig": "@blms%akk-x-stdbab:ka-bat-ta-ka=kabattu[liver//liver]N'N$kabattaka",
                  "f": {
                    "lang": "akk-x-stdbab",
                    "form": "ka-bat-ta-ka",
                    "delim": " ",
                    "gdl": [
                      {
                        "v": "ka",
                        "id": "P398626.2.594001.0",
                        "delim": "-"
                      },
                      {
                        "v": "bat",
                        "id": "P398626.2.594001.1",
                        "delim": "-"
                      },
                      {
                        "v": "ta",
                        "id": "P398626.2.594001.2",
                        "break": "damaged",
                        "ho": "1",
                        "delim": "-",
                        "hc": "1"
                      },
                      {
                        "v": "ka",
                        "id": "P398626.2.594001.3",
                        "breakStart": "1",
                        "o": "[",
                        "break": "missing"
                      }
                    ],
                    "cf": "kabattu",
                    "gw": "liver",
                    "sense": "liver",
                    "norm": "kabattaka",
                    "pos": "N",
                    "epos": "N"
                  }
                },
                {
                  "node": "l",
                  "frag": "...]",
                  "id": "P398626.l01bc0",
                  "ref": "P398626.2.594002",
                  "inst": "u",
                  "f": {
                    "lang": "akk-x-stdbab",
                    "form": "x",
                    "gdl": [
                      {
                        "x": "ellipsis",
                        "id": "P398626.2.594002.0",
                        "break": "missing",
                        "o": "]",
                        "breakEnd": "P398626.2.594001.3"
                      }
                    ],
                    "pos": "u"
                  }
                },
                {
                  "node": "d",
                  "type": "line-start",
                  "ref": "P398626.3"
                },
                {
                  "node": "d",
                  "type": "line-start",
                  "ref": "P398626.3l",
                  "n": "2'",
                  "label": "2'"
                },
                {
                  "node": "l",
                  "frag": "[er₂]",
                  "id": "P398626.l01bc1",
                  "ref": "P398626.3.1",
                  "inst": "er[tears]N",
                  "sig": "@blms%sux:er₂=er[tears//tears]N'N$er/er₂#~",
                  "f": {
                    "lang": "sux",
                    "form": "er₂",
                    "delim": " ",
                    "gdl": [
                      {
                        "v": "er₂",
                        "id": "P398626.3.1.0",
                        "breakStart": "1",
                        "o": "]",
                        "break": "missing",
                        "breakEnd": "P398626.3.1.0"
                      }
                    ],
                    "cf": "er",
                    "gw": "tears",
                    "sense": "tears",
                    "norm0": "er",
                    "pos": "N",
                    "epos": "N",
                    "base": "er₂",
                    "morph": "~"
                  }
                },
                {
                  "node": "l",
                  "frag": "mar-ra",
                  "id": "P398626.l01bc2",
                  "ref": "P398626.3.2",
                  "inst": "mar[place]",
                  "sig": "@blms%sux-x-emesal:mar-ra=mar[place//place]V/t'V/t$mar;a/mar+-ra=r.a#~;a",
                  "f": {
                    "lang": "sux-x-emesal",
                    "form": "mar-ra",
                    "delim": " ",
                    "gdl": [
                      {
                        "v": "mar",
                        "id": "P398626.3.2.0",
                        "delim": "-"
                      },
                      {
                        "v": "ra",
                        "id": "P398626.3.2.1"
                      }
                    ],
                    "cf": "mar",
                    "gw": "place",
                    "sense": "place",
                    "norm0": "mar;a",
                    "pos": "V/t",
                    "epos": "V/t",
                    "base": "mar",
                    "cont": "-ra=r.a",
                    "morph": "~;a"
                  }
                },
                {
                  "node": "l",
                  "frag": "siškur₂",
                  "id": "P398626.l01bc3",
                  "ref": "P398626.3.3",
                  "inst": "siškur[prayer]N",
                  "sig": "@blms%sux:siškur₂=siškur[prayer//prayer]N'N$siškur/siškur₂#~",
                  "f": {
                    "lang": "sux",
                    "form": "siškur₂",
                    "delim": " ",
                    "gdl": [
                      {
                        "v": "siškur₂",
                        "id": "P398626.3.3.0"
                      }
                    ],
                    "cf": "siškur",
                    "gw": "prayer",
                    "sense": "prayer",
                    "norm0": "siškur",
                    "pos": "N",
                    "epos": "N",
                    "base": "siškur₂",
                    "morph": "~"
                  }
                },
                {
                  "node": "l",
                  "frag": "[...]",
                  "id": "P398626.l01bc4",
                  "ref": "P398626.3.4",
                  "inst": "u",
                  "f": {
                    "lang": "sux",
                    "form": "x",
                    "gdl": [
                      {
                        "x": "ellipsis",
                        "id": "P398626.3.4.0",
                        "breakStart": "1",
                        "break": "missing",
                        "o": "]",
                        "breakEnd": "P398626.3.4.0"
                      }
                    ],
                    "pos": "u"
                  }
                },
                {
                  "node": "d",
                  "type": "line-start",
                  "ref": ""
                },
                {
                  "node": "l",
                  "frag": "[ina]",
                  "id": "P398626.l01bc5",
                  "ref": "P398626.3.595000",
                  "inst": "ina[with]PRP",
                  "sig": "@blms%akk-x-stdbab:ina=ina[in//with]PRP'PRP$ina",
                  "f": {
                    "lang": "akk-x-stdbab",
                    "form": "ina",
                    "delim": " ",
                    "gdl": [
                      {
                        "v": "ina",
                        "id": "P398626.3.595000.0",
                        "breakStart": "1",
                        "o": "]",
                        "break": "missing",
                        "breakEnd": "P398626.3.595000.0"
                      }
                    ],
                    "cf": "ina",
                    "gw": "in",
                    "sense": "with",
                    "norm": "ina",
                    "pos": "PRP",
                    "epos": "PRP"
                  }
                },
                {
                  "node": "l",
                  "frag": "⸢ša₂⸣-kan",
                  "id": "P398626.l01bc6",
                  "ref": "P398626.3.595001",
                  "inst": "šakānu[put//establishing]V'N$šakān",
                  "sig": "@blms%akk-x-stdbab:ša₂-kan=šakānu[put//establishing]V'N$šakān",
                  "f": {
                    "lang": "akk-x-stdbab",
                    "form": "ša₂-kan",
                    "delim": " ",
                    "gdl": [
                      {
                        "v": "ša₂",
                        "id": "P398626.3.595001.0",
                        "break": "damaged",
                        "ho": "1",
                        "delim": "-",
                        "hc": "1"
                      },
                      {
                        "v": "kan",
                        "id": "P398626.3.595001.1"
                      }
                    ],
                    "cf": "šakānu",
                    "gw": "put",
                    "sense": "establishing",
                    "norm": "šakān",
                    "pos": "V",
                    "epos": "N"
                  }
                },
                {
                  "node": "l",
                  "frag": "taq-rib-ti",
                  "id": "P398626.l01bc7",
                  "ref": "P398626.3.595002",
                  "inst": "taqribti[lament]N",
                  "sig": "@blms%akk-x-stdbab:taq-rib-ti=taqribtu[(a ritual)//lament]N'N$taqribti",
                  "f": {
                    "lang": "akk-x-stdbab",
                    "form": "taq-rib-ti",
                    "delim": " ",
                    "gdl": [
                      {
                        "v": "taq",
                        "id": "P398626.3.595002.0",
                        "delim": "-"
                      },
                      {
                        "v": "rib",
                        "id": "P398626.3.595002.1",
                        "delim": "-"
                      },
                      {
                        "v": "ti",
                        "id": "P398626.3.595002.2"
                      }
                    ],
                    "cf": "taqribtu",
                    "gw": "(a ritual)",
                    "sense": "lament",
                    "norm": "taqribti",
                    "pos": "N",
                    "epos": "N"
                  }
                },
                {
                  "node": "l",
                  "frag": "[...]",
                  "id": "P398626.l01bc8",
                  "ref": "P398626.3.595003",
                  "inst": "u",
                  "f": {
                    "lang": "akk-x-stdbab",
                    "form": "x",
                    "gdl": [
                      {
                        "x": "ellipsis",
                        "id": "P398626.3.595003.0",
                        "breakStart": "1",
                        "break": "missing",
                        "o": "]",
                        "breakEnd": "P398626.3.595003.0"
                      }
                    ],
                    "pos": "u"
                  }
                },
                {
                  "node": "d",
                  "type": "line-start",
                  "ref": "P398626.4"
                },
                {
                  "node": "d",
                  "type": "line-start",
                  "ref": "P398626.4l",
                  "n": "3'",
                  "label": "3'"
                },
                {
                  "node": "l",
                  "frag": "[šu]-⸢luh⸣",
                  "id": "P398626.l01bc9",
                  "ref": "P398626.4.1",
                  "inst": "šuluh[ritual cleansing]N",
                  "sig": "@blms%sux:šu-luh=šuluh[cleansing//ritual cleansing]N'N$šuluh/šu-luh#~",
                  "f": {
                    "lang": "sux",
                    "form": "šu-luh",
                    "delim": " ",
                    "gdl": [
                      {
                        "v": "šu",
                        "id": "P398626.4.1.0",
                        "breakStart": "1",
                        "o": "]",
                        "break": "missing",
                        "breakEnd": "P398626.4.1.0",
                        "delim": "-"
                      },
                      {
                        "v": "luh",
                        "id": "P398626.4.1.1",
                        "break": "damaged",
                        "ho": "1",
                        "hc": "1"
                      }
                    ],
                    "cf": "šuluh",
                    "gw": "cleansing",
                    "sense": "ritual cleansing",
                    "norm0": "šuluh",
                    "pos": "N",
                    "epos": "N",
                    "base": "šu-luh",
                    "morph": "~"
                  }
                },
                {
                  "node": "l",
                  "frag": "sikil-la",
                  "id": "P398626.l01bca",
                  "ref": "P398626.4.2",
                  "inst": "sikil[(to be) pure]V/i",
                  "sig": "@blms%sux:sikil-la=sikil[pure//(to be) pure]V/i'V/i$sikil,ak/sikil+-la=l.a#~,ak",
                  "f": {
                    "lang": "sux",
                    "form": "sikil-la",
                    "delim": " ",
                    "gdl": [
                      {
                        "v": "sikil",
                        "id": "P398626.4.2.0",
                        "delim": "-"
                      },
                      {
                        "v": "la",
                        "id": "P398626.4.2.1"
                      }
                    ],
                    "cf": "sikil",
                    "gw": "pure",
                    "sense": "(to be) pure",
                    "norm0": "sikil,ak",
                    "pos": "V/i",
                    "epos": "V/i",
                    "base": "sikil",
                    "cont": "-la=l.a",
                    "morph": "~,ak"
                  }
                },
                {
                  "node": "l",
                  "frag": "⸢NE⸣-[...]",
                  "id": "P398626.l01bcb",
                  "ref": "P398626.4.3",
                  "inst": "u",
                  "f": {
                    "lang": "sux",
                    "form": "NE-x",
                    "gdl": [
                      {
                        "s": "NE",
                        "id": "P398626.4.3.0",
                        "break": "damaged",
                        "ho": "1",
                        "delim": "-",
                        "hc": "1"
                      },
                      {
                        "x": "ellipsis",
                        "id": "P398626.4.3.1",
                        "breakStart": "1",
                        "break": "missing",
                        "o": "]",
                        "breakEnd": "P398626.4.3.1"
                      }
                    ],
                    "pos": "u"
                  }
                },
                {
                  "node": "d",
                  "type": "line-start",
                  "ref": ""
                },
                {
                  "node": "l",
                  "frag": "[ina",
                  "id": "P398626.l01bcc",
                  "ref": "P398626.4.596000",
                  "inst": "ina[with]PRP",
                  "sig": "@blms%akk-x-stdbab:ina=ina[in//with]PRP'PRP$ina",
                  "f": {
                    "lang": "akk-x-stdbab",
                    "form": "ina",
                    "delim": " ",
                    "gdl": [
                      {
                        "v": "ina",
                        "id": "P398626.4.596000.0",
                        "breakStart": "1",
                        "o": "[",
                        "break": "missing"
                      }
                    ],
                    "cf": "ina",
                    "gw": "in",
                    "sense": "with",
                    "norm": "ina",
                    "pos": "PRP",
                    "epos": "PRP"
                  }
                },
                {
                  "node": "l",
                  "frag": "mi]-⸢is⸣",
                  "id": "P398626.l01bcd",
                  "ref": "P398626.4.596001",
                  "inst": "mīsu[washing]N$mīs",
                  "sig": "@blms%akk-x-stdbab:mi-is=mīsu[washing//washing]N'N$mīs",
                  "f": {
                    "lang": "akk-x-stdbab",
                    "form": "mi-is",
                    "delim": " ",
                    "gdl": [
                      {
                        "v": "mi",
                        "id": "P398626.4.596001.0",
                        "break": "missing",
                        "o": "]",
                        "breakEnd": "P398626.4.596000.0",
                        "delim": "-"
                      },
                      {
                        "v": "is",
                        "id": "P398626.4.596001.1",
                        "break": "damaged",
                        "ho": "1",
                        "hc": "1"
                      }
                    ],
                    "cf": "mīsu",
                    "gw": "washing",
                    "sense": "washing",
                    "norm": "mīs",
                    "pos": "N",
                    "epos": "N"
                  }
                },
                {
                  "node": "l",
                  "frag": "qa₂-ti",
                  "id": "P398626.l01bce",
                  "ref": "P398626.4.596002",
                  "inst": "qāti[hand]N",
                  "sig": "@blms%akk-x-stdbab:qa₂-ti=qātu[hand//hand]N'N$qāti",
                  "f": {
                    "lang": "akk-x-stdbab",
                    "form": "qa₂-ti",
                    "delim": " ",
                    "gdl": [
                      {
                        "v": "qa₂",
                        "id": "P398626.4.596002.0",
                        "delim": "-"
                      },
                      {
                        "v": "ti",
                        "id": "P398626.4.596002.1"
                      }
                    ],
                    "cf": "qātu",
                    "gw": "hand",
                    "sense": "hand",
                    "norm": "qāti",
                    "pos": "N",
                    "epos": "N"
                  }
                },
                {
                  "node": "l",
                  "frag": "⸢el⸣-[li",
                  "id": "P398626.l01bcf",
                  "ref": "P398626.4.596003",
                  "inst": "elli[pure]AJ",
                  "sig": "@blms%akk-x-stdbab:el-li=ellu[pure//pure]AJ'AJ$elli",
                  "f": {
                    "lang": "akk-x-stdbab",
                    "form": "el-li",
                    "delim": " ",
                    "gdl": [
                      {
                        "v": "el",
                        "id": "P398626.4.596003.0",
                        "break": "damaged",
                        "ho": "1",
                        "delim": "-",
                        "hc": "1"
                      },
                      {
                        "v": "li",
                        "id": "P398626.4.596003.1",
                        "breakStart": "1",
                        "o": "[",
                        "break": "missing"
                      }
                    ],
                    "cf": "ellu",
                    "gw": "pure",
                    "sense": "pure",
                    "norm": "elli",
                    "pos": "AJ",
                    "epos": "AJ"
                  }
                },
                {
                  "node": "l",
                  "frag": "...]",
                  "id": "P398626.l01bd0",
                  "ref": "P398626.4.596004",
                  "inst": "u",
                  "f": {
                    "lang": "akk-x-stdbab",
                    "form": "x",
                    "gdl": [
                      {
                        "x": "ellipsis",
                        "id": "P398626.4.596004.0",
                        "break": "missing",
                        "o": "]",
                        "breakEnd": "P398626.4.596003.1"
                      }
                    ],
                    "pos": "u"
                  }
                },
                {
                  "node": "d",
                  "type": "line-start",
                  "ref": "P398626.5"
                },
                {
                  "node": "d",
                  "type": "line-start",
                  "ref": "P398626.5l",
                  "n": "4'",
                  "label": "4'"
                },
                {
                  "node": "l",
                  "frag": "[ša₃]-⸢ne-ša₄⸣",
                  "id": "P398626.l01bd1",
                  "ref": "P398626.5.1",
                  "inst": "šaneša[compassion]N",
                  "sig": "@blms%sux:ša₃-ne-ša₄=šaneša[supplication//compassion]N'N$šaneša/ša₃-ne-ša₄#~",
                  "f": {
                    "lang": "sux",
                    "form": "ša₃-ne-ša₄",
                    "delim": " ",
                    "gdl": [
                      {
                        "v": "ša₃",
                        "id": "P398626.5.1.0",
                        "breakStart": "1",
                        "o": "]",
                        "break": "missing",
                        "breakEnd": "P398626.5.1.0",
                        "delim": "-"
                      },
                      {
                        "v": "ne",
                        "id": "P398626.5.1.1",
                        "break": "damaged",
                        "ho": "1",
                        "delim": "-"
                      },
                      {
                        "v": "ša₄",
                        "id": "P398626.5.1.2",
                        "break": "damaged",
                        "hc": "1"
                      }
                    ],
                    "cf": "šaneša",
                    "gw": "supplication",
                    "sense": "compassion",
                    "norm0": "šaneša",
                    "pos": "N",
                    "epos": "N",
                    "base": "ša₃-ne-ša₄",
                    "morph": "~"
                  }
                },
                {
                  "node": "l",
                  "frag": "kiri₃",
                  "id": "P398626.l01bd2",
                  "ref": "P398626.5.2",
                  "inst": "kiri[nose]N",
                  "sig": "@blms%sux:kiri₃=kiri[nose//nose]N'N$kiri/kiri₃#~",
                  "f": {
                    "lang": "sux",
                    "form": "kiri₃",
                    "delim": " ",
                    "gdl": [
                      {
                        "v": "kiri₃",
                        "id": "P398626.5.2.0"
                      }
                    ],
                    "cf": "kiri",
                    "gw": "nose",
                    "sense": "nose",
                    "norm0": "kiri",
                    "pos": "N",
                    "epos": "N",
                    "base": "kiri₃",
                    "morph": "~"
                  }
                },
                {
                  "node": "l",
                  "frag": "⸢šu⸣",
                  "id": "P398626.l01bd3",
                  "ref": "P398626.5.3",
                  "inst": "šu[hand]N",
                  "sig": "@blms%sux:šu=šu[hand//hand]N'N$šu/šu#~",
                  "f": {
                    "lang": "sux",
                    "form": "šu",
                    "delim": " ",
                    "gdl": [
                      {
                        "v": "šu",
                        "id": "P398626.5.3.0",
                        "break": "damaged",
                        "ho": "1",
                        "hc": "1"
                      }
                    ],
                    "cf": "šu",
                    "gw": "hand",
                    "sense": "hand",
                    "norm0": "šu",
                    "pos": "N",
                    "epos": "N",
                    "base": "šu",
                    "morph": "~"
                  }
                },
                {
                  "node": "l",
                  "frag": "[ma-al-la-ta",
                  "id": "P398626.l01bd4",
                  "ref": "P398626.5.4",
                  "inst": "mal[be]",
                  "sig": "@blms%sux-x-emesal:ma-al-la-ta=mal[be//be]V/i'V/i$mal;a,ta/ma-al+-la=l.a#~;a,ta",
                  "f": {
                    "lang": "sux-x-emesal",
                    "form": "ma-al-la-ta",
                    "delim": " ",
                    "gdl": [
                      {
                        "v": "ma",
                        "id": "P398626.5.4.0",
                        "breakStart": "1",
                        "o": "[",
                        "break": "missing",
                        "delim": "-"
                      },
                      {
                        "v": "al",
                        "id": "P398626.5.4.1",
                        "break": "missing",
                        "delim": "-"
                      },
                      {
                        "v": "la",
                        "id": "P398626.5.4.2",
                        "break": "missing",
                        "delim": "-"
                      },
                      {
                        "v": "ta",
                        "id": "P398626.5.4.3",
                        "break": "missing"
                      }
                    ],
                    "cf": "mal",
                    "gw": "be",
                    "sense": "be",
                    "norm0": "mal;a,ta",
                    "pos": "V/i",
                    "epos": "V/i",
                    "base": "ma-al",
                    "cont": "-la=l.a",
                    "morph": "~;a,ta"
                  }
                },
                {
                  "node": "l",
                  "frag": "...]",
                  "id": "P398626.l01bd5",
                  "ref": "P398626.5.5",
                  "inst": "u",
                  "f": {
                    "lang": "sux-x-emesal",
                    "form": "x",
                    "gdl": [
                      {
                        "x": "ellipsis",
                        "id": "P398626.5.5.0",
                        "break": "missing",
                        "o": "]",
                        "breakEnd": "P398626.5.4.0"
                      }
                    ],
                    "pos": "u"
                  }
                },
                {
                  "node": "d",
                  "type": "line-start",
                  "ref": ""
                },
                {
                  "node": "l",
                  "frag": "[...]",
                  "id": "P398626.l01bd6",
                  "ref": "P398626.5.597000",
                  "inst": "u",
                  "f": {
                    "lang": "akk-x-stdbab",
                    "form": "x",
                    "delim": " ",
                    "gdl": [
                      {
                        "x": "ellipsis",
                        "id": "P398626.5.597000.0",
                        "breakStart": "1",
                        "break": "missing",
                        "o": "]",
                        "breakEnd": "P398626.5.597000.0"
                      }
                    ],
                    "pos": "u"
                  }
                },
                {
                  "node": "l",
                  "frag": "⸢x⸣",
                  "id": "P398626.l01bd7",
                  "ref": "P398626.5.597001",
                  "inst": "u",
                  "f": {
                    "lang": "akk-x-stdbab",
                    "form": "x",
                    "delim": " ",
                    "gdl": [
                      {
                        "v": "x",
                        "id": "P398626.5.597001.0",
                        "break": "damaged",
                        "ho": "1",
                        "hc": "1"
                      }
                    ],
                    "pos": "u"
                  }
                },
                {
                  "node": "l",
                  "frag": "[...]",
                  "id": "P398626.l01bd8",
                  "ref": "P398626.5.597002",
                  "inst": "u",
                  "f": {
                    "lang": "akk-x-stdbab",
                    "form": "x",
                    "delim": " ",
                    "gdl": [
                      {
                        "x": "ellipsis",
                        "id": "P398626.5.597002.0",
                        "breakStart": "1",
                        "break": "missing",
                        "o": "]",
                        "breakEnd": "P398626.5.597002.0"
                      }
                    ],
                    "pos": "u"
                  }
                },
                {
                  "node": "l",
                  "frag": "⸢x⸣",
                  "id": "P398626.l01bd9",
                  "ref": "P398626.5.597003",
                  "inst": "u",
                  "f": {
                    "lang": "akk-x-stdbab",
                    "form": "x",
                    "delim": " ",
                    "gdl": [
                      {
                        "v": "x",
                        "id": "P398626.5.597003.0",
                        "break": "damaged",
                        "ho": "1",
                        "hc": "1"
                      }
                    ],
                    "pos": "u"
                  }
                },
                {
                  "node": "l",
                  "frag": "[...]",
                  "id": "P398626.l01bda",
                  "ref": "P398626.5.597004",
                  "inst": "u",
                  "f": {
                    "lang": "akk-x-stdbab",
                    "form": "x",
                    "gdl": [
                      {
                        "x": "ellipsis",
                        "id": "P398626.5.597004.0",
                        "breakStart": "1",
                        "break": "missing",
                        "o": "]",
                        "breakEnd": "P398626.5.597004.0"
                      }
                    ],
                    "pos": "u"
                  }
                },
                {
                  "node": "d",
                  "type": "nonx",
                  "ref": "P398626.6",
                  "strict": "0",
                  "state": "missing"
                }
              ]
            }
          ]
        }
      ]
    }
  ]
}
