{
  "type": "cdl",
  "project": "blms",
  "source": "http://oracc.org/blms",
  "license": "This data is released under the CC0 license",
  "license-url": "https://creativecommons.org/publicdomain/zero/1.0/",
  "more-info": "http://oracc.org/doc/opendata/",
  "UTC-timestamp": "2018-06-04T03:17:27",
  "textid": "P399553",
  "cdl": [
    {
      "node": "c",
      "type": "text",
      "id": "P399553.U0",
      "cdl": [
        {
          "node": "d",
          "type": "object",
          "ref": ""
        },
        {
          "node": "d",
          "subtype": "obverse",
          "type": "obverse",
          "ref": "P399553.o.1",
          "label": "o"
        },
        {
          "node": "d",
          "type": "nonx",
          "ref": "P399553.2",
          "strict": "0",
          "state": "missing"
        },
        {
          "node": "d",
          "subtype": "reverse",
          "type": "reverse",
          "ref": "P399553.r.3",
          "label": "r"
        },
        {
          "node": "d",
          "type": "nonx",
          "ref": "P399553.4",
          "strict": "0",
          "state": "missing"
        },
        {
          "node": "c",
          "type": "discourse",
          "subtype": "body",
          "id": "P399553.U1",
          "cdl": [
            {
              "node": "c",
              "type": "sentence",
              "implicit": "yes",
              "id": "P399553.U2",
              "label": "r 1' - r 6'",
              "cdl": [
                {
                  "node": "d",
                  "type": "line-start",
                  "ref": "P399553.5",
                  "n": "1'",
                  "label": "r 1'"
                },
                {
                  "node": "l",
                  "frag": "mu-⸢gi₁₇⸣-[ib",
                  "id": "P399553.l037ab",
                  "ref": "P399553.5.1",
                  "inst": "%sux-x-emesal:mu-gi₁₇-ib=",
                  "f": {
                    "lang": "sux-x-emesal",
                    "form": "mu-gi₁₇-ib",
                    "delim": "",
                    "gdl": [
                      {
                        "v": "mu",
                        "id": "P399553.5.1.0",
                        "delim": "-"
                      },
                      {
                        "v": "gi₁₇",
                        "id": "P399553.5.1.1",
                        "break": "damaged",
                        "ho": "1",
                        "delim": "-",
                        "hc": "1"
                      },
                      {
                        "v": "ib",
                        "id": "P399553.5.1.2",
                        "breakStart": "1",
                        "o": "[",
                        "break": "missing"
                      }
                    ]
                  }
                },
                {
                  "node": "l",
                  "frag": "...]",
                  "id": "P399553.l037ac",
                  "ref": "P399553.5.2",
                  "inst": "%sux-x-emesal:x=",
                  "f": {
                    "lang": "sux-x-emesal",
                    "form": "x",
                    "gdl": [
                      {
                        "x": "ellipsis",
                        "id": "P399553.5.2.0",
                        "break": "missing",
                        "o": "]",
                        "breakEnd": "P399553.5.1.2"
                      }
                    ]
                  }
                },
                {
                  "node": "d",
                  "type": "line-start",
                  "ref": "P399553.6",
                  "n": "1'a",
                  "label": "r 1'a"
                },
                {
                  "node": "l",
                  "frag": "{d}iš-ta-⸢ri⸣-[tu₄",
                  "id": "P399553.l037ad",
                  "ref": "P399553.6.1",
                  "inst": "ištarītu[(a priestess)]N$",
                  "sig": "@blms%akk-x-stdbab:{d}iš-ta-ri-tu₄=ištarītu[(a priestess)//(a priestess)]N'N$ištarītu",
                  "f": {
                    "lang": "akk-x-stdbab",
                    "form": "{d}iš-ta-ri-tu₄",
                    "delim": "",
                    "gdl": [
                      {
                        "det": "semantic",
                        "pos": "pre",
                        "seq": [
                          {
                            "v": "d",
                            "id": "P399553.6.1.0"
                          }
                        ]
                      },
                      {
                        "v": "iš",
                        "id": "P399553.6.1.1",
                        "delim": "-"
                      },
                      {
                        "v": "ta",
                        "id": "P399553.6.1.2",
                        "delim": "-"
                      },
                      {
                        "v": "ri",
                        "id": "P399553.6.1.3",
                        "break": "damaged",
                        "ho": "1",
                        "delim": "-",
                        "hc": "1"
                      },
                      {
                        "v": "tu₄",
                        "id": "P399553.6.1.4",
                        "breakStart": "1",
                        "o": "[",
                        "break": "missing"
                      }
                    ],
                    "cf": "ištarītu",
                    "gw": "(a priestess)",
                    "sense": "(a priestess)",
                    "norm": "ištarītu",
                    "pos": "N",
                    "epos": "N"
                  }
                },
                {
                  "node": "l",
                  "frag": "...]",
                  "id": "P399553.l037ae",
                  "ref": "P399553.6.2",
                  "inst": "u",
                  "f": {
                    "lang": "akk-x-stdbab",
                    "form": "x",
                    "gdl": [
                      {
                        "x": "ellipsis",
                        "id": "P399553.6.2.0",
                        "break": "missing",
                        "o": "]",
                        "breakEnd": "P399553.6.1.4"
                      }
                    ],
                    "pos": "u"
                  }
                },
                {
                  "node": "d",
                  "type": "line-start",
                  "ref": "P399553.7",
                  "n": "2'",
                  "label": "r 2'"
                },
                {
                  "node": "l",
                  "frag": "egir₃",
                  "id": "P399553.l037af",
                  "ref": "P399553.7.1",
                  "inst": "%sux:egir₃=",
                  "f": {
                    "lang": "sux",
                    "form": "egir₃",
                    "delim": "",
                    "gdl": [
                      {
                        "v": "egir₃",
                        "id": "P399553.7.1.0"
                      }
                    ]
                  }
                },
                {
                  "node": "l",
                  "frag": "gašan-an-⸢na⸣",
                  "id": "P399553.l037b0",
                  "ref": "P399553.7.2",
                  "inst": "%sux-x-emesal:gašan-an-na=",
                  "f": {
                    "lang": "sux-x-emesal",
                    "form": "gašan-an-na",
                    "delim": "",
                    "gdl": [
                      {
                        "v": "gašan",
                        "id": "P399553.7.2.0",
                        "delim": "-"
                      },
                      {
                        "v": "an",
                        "id": "P399553.7.2.1",
                        "delim": "-"
                      },
                      {
                        "v": "na",
                        "id": "P399553.7.2.2",
                        "break": "damaged",
                        "ho": "1",
                        "hc": "1"
                      }
                    ]
                  }
                },
                {
                  "node": "l",
                  "frag": "[...]",
                  "id": "P399553.l037b1",
                  "ref": "P399553.7.3",
                  "inst": "%sux-x-emesal:x=",
                  "f": {
                    "lang": "sux-x-emesal",
                    "form": "x",
                    "gdl": [
                      {
                        "x": "ellipsis",
                        "id": "P399553.7.3.0",
                        "breakStart": "1",
                        "break": "missing",
                        "o": "]",
                        "breakEnd": "P399553.7.3.0"
                      }
                    ]
                  }
                },
                {
                  "node": "d",
                  "type": "line-start",
                  "ref": "P399553.8",
                  "n": "3'",
                  "label": "r 3'"
                },
                {
                  "node": "l",
                  "frag": "⸢egir₃⸣",
                  "id": "P399553.l037b2",
                  "ref": "P399553.8.1",
                  "inst": "%sux:egir₃=",
                  "f": {
                    "lang": "sux",
                    "form": "egir₃",
                    "delim": "",
                    "gdl": [
                      {
                        "v": "egir₃",
                        "id": "P399553.8.1.0",
                        "break": "damaged",
                        "ho": "1",
                        "hc": "1"
                      }
                    ]
                  }
                },
                {
                  "node": "l",
                  "frag": "gašan",
                  "id": "P399553.l037b3",
                  "ref": "P399553.8.2",
                  "inst": "%sux-x-emesal:gašan=",
                  "f": {
                    "lang": "sux-x-emesal",
                    "form": "gašan",
                    "delim": "",
                    "gdl": [
                      {
                        "v": "gašan",
                        "id": "P399553.8.2.0"
                      }
                    ]
                  }
                },
                {
                  "node": "l",
                  "frag": "e₂-an-na",
                  "id": "P399553.l037b4",
                  "ref": "P399553.8.3",
                  "inst": "%sux:e₂-an-na=",
                  "f": {
                    "lang": "sux",
                    "form": "e₂-an-na",
                    "delim": "",
                    "gdl": [
                      {
                        "v": "e₂",
                        "id": "P399553.8.3.0",
                        "delim": "-"
                      },
                      {
                        "v": "an",
                        "id": "P399553.8.3.1",
                        "delim": "-"
                      },
                      {
                        "v": "na",
                        "id": "P399553.8.3.2"
                      }
                    ]
                  }
                },
                {
                  "node": "l",
                  "frag": "⸢na⸣-[aŋ₂-tag-ga-a-ni",
                  "id": "P399553.l037b5",
                  "ref": "P399553.8.4",
                  "inst": "%sux-x-emesal:na-aŋ₂-tag-ga-a-ni=",
                  "f": {
                    "lang": "sux-x-emesal",
                    "form": "na-aŋ₂-tag-ga-a-ni",
                    "delim": "",
                    "gdl": [
                      {
                        "v": "na",
                        "id": "P399553.8.4.0",
                        "break": "damaged",
                        "ho": "1",
                        "delim": "-",
                        "hc": "1"
                      },
                      {
                        "v": "aŋ₂",
                        "id": "P399553.8.4.1",
                        "breakStart": "1",
                        "o": "[",
                        "break": "missing",
                        "delim": "-"
                      },
                      {
                        "v": "tag",
                        "id": "P399553.8.4.2",
                        "break": "missing",
                        "delim": "-"
                      },
                      {
                        "v": "ga",
                        "id": "P399553.8.4.3",
                        "break": "missing",
                        "delim": "-"
                      },
                      {
                        "v": "a",
                        "id": "P399553.8.4.4",
                        "break": "missing",
                        "delim": "-"
                      },
                      {
                        "v": "ni",
                        "id": "P399553.8.4.5",
                        "break": "missing"
                      }
                    ]
                  }
                },
                {
                  "node": "l",
                  "frag": "...]",
                  "id": "P399553.l037b6",
                  "ref": "P399553.8.5",
                  "inst": "%sux-x-emesal:x=",
                  "f": {
                    "lang": "sux-x-emesal",
                    "form": "x",
                    "gdl": [
                      {
                        "x": "ellipsis",
                        "id": "P399553.8.5.0",
                        "break": "missing",
                        "o": "]",
                        "breakEnd": "P399553.8.4.1"
                      }
                    ]
                  }
                },
                {
                  "node": "d",
                  "type": "line-start",
                  "ref": "P399553.9",
                  "n": "4'",
                  "label": "r 4'"
                },
                {
                  "node": "l",
                  "frag": "⸢egir₃",
                  "id": "P399553.l037b7",
                  "ref": "P399553.9.1",
                  "inst": "%sux:egir₃=",
                  "f": {
                    "lang": "sux",
                    "form": "egir₃",
                    "delim": "",
                    "gdl": [
                      {
                        "v": "egir₃",
                        "id": "P399553.9.1.0",
                        "break": "damaged",
                        "ho": "1"
                      }
                    ]
                  }
                },
                {
                  "node": "l",
                  "frag": "gašan⸣",
                  "id": "P399553.l037b8",
                  "ref": "P399553.9.2",
                  "inst": "%sux-x-emesal:gašan=",
                  "f": {
                    "lang": "sux-x-emesal",
                    "form": "gašan",
                    "delim": "",
                    "gdl": [
                      {
                        "v": "gašan",
                        "id": "P399553.9.2.0",
                        "break": "damaged",
                        "hc": "1"
                      }
                    ]
                  }
                },
                {
                  "node": "l",
                  "frag": "ki",
                  "id": "P399553.l037b9",
                  "ref": "P399553.9.3",
                  "inst": "%sux:ki=",
                  "f": {
                    "lang": "sux",
                    "form": "ki",
                    "delim": "",
                    "gdl": [
                      {
                        "v": "ki",
                        "id": "P399553.9.3.0"
                      }
                    ]
                  }
                },
                {
                  "node": "l",
                  "frag": "unug{ki}",
                  "id": "P399553.l037ba",
                  "ref": "P399553.9.4",
                  "inst": "%sux:unug{ki}=",
                  "f": {
                    "lang": "sux",
                    "form": "unug{ki}",
                    "delim": "",
                    "gdl": [
                      {
                        "v": "unug",
                        "id": "P399553.9.4.0"
                      },
                      {
                        "det": "semantic",
                        "pos": "post",
                        "seq": [
                          {
                            "v": "ki",
                            "id": "P399553.9.4.1"
                          }
                        ]
                      }
                    ]
                  }
                },
                {
                  "node": "l",
                  "frag": "na-[aŋ₂-tag-ga-a-ni",
                  "id": "P399553.l037bb",
                  "ref": "P399553.9.5",
                  "inst": "%sux-x-emesal:na-aŋ₂-tag-ga-a-ni=",
                  "f": {
                    "lang": "sux-x-emesal",
                    "form": "na-aŋ₂-tag-ga-a-ni",
                    "delim": "",
                    "gdl": [
                      {
                        "v": "na",
                        "id": "P399553.9.5.0",
                        "delim": "-"
                      },
                      {
                        "v": "aŋ₂",
                        "id": "P399553.9.5.1",
                        "breakStart": "1",
                        "o": "[",
                        "break": "missing",
                        "delim": "-"
                      },
                      {
                        "v": "tag",
                        "id": "P399553.9.5.2",
                        "break": "missing",
                        "delim": "-"
                      },
                      {
                        "v": "ga",
                        "id": "P399553.9.5.3",
                        "break": "missing",
                        "delim": "-"
                      },
                      {
                        "v": "a",
                        "id": "P399553.9.5.4",
                        "break": "missing",
                        "delim": "-"
                      },
                      {
                        "v": "ni",
                        "id": "P399553.9.5.5",
                        "break": "missing"
                      }
                    ]
                  }
                },
                {
                  "node": "l",
                  "frag": "...]",
                  "id": "P399553.l037bc",
                  "ref": "P399553.9.6",
                  "inst": "%sux-x-emesal:x=",
                  "f": {
                    "lang": "sux-x-emesal",
                    "form": "x",
                    "gdl": [
                      {
                        "x": "ellipsis",
                        "id": "P399553.9.6.0",
                        "break": "missing",
                        "o": "]",
                        "breakEnd": "P399553.9.5.1"
                      }
                    ]
                  }
                },
                {
                  "node": "d",
                  "type": "line-start",
                  "ref": "P399553.10",
                  "n": "5'",
                  "label": "r 5'"
                },
                {
                  "node": "l",
                  "frag": "[egir₃",
                  "id": "P399553.l037bd",
                  "ref": "P399553.10.1",
                  "inst": "%sux:egir₃=",
                  "f": {
                    "lang": "sux",
                    "form": "egir₃",
                    "delim": "",
                    "gdl": [
                      {
                        "v": "egir₃",
                        "id": "P399553.10.1.0",
                        "breakStart": "1",
                        "o": "[",
                        "break": "missing"
                      }
                    ]
                  }
                },
                {
                  "node": "l",
                  "frag": "gašan]",
                  "id": "P399553.l037be",
                  "ref": "P399553.10.2",
                  "inst": "%sux-x-emesal:gašan=",
                  "f": {
                    "lang": "sux-x-emesal",
                    "form": "gašan",
                    "delim": "",
                    "gdl": [
                      {
                        "v": "gašan",
                        "id": "P399553.10.2.0",
                        "break": "missing",
                        "o": "]",
                        "breakEnd": "P399553.10.1.0"
                      }
                    ]
                  }
                },
                {
                  "node": "l",
                  "frag": "⸢ki⸣",
                  "id": "P399553.l037bf",
                  "ref": "P399553.10.3",
                  "inst": "%sux:ki=",
                  "f": {
                    "lang": "sux",
                    "form": "ki",
                    "delim": "",
                    "gdl": [
                      {
                        "v": "ki",
                        "id": "P399553.10.3.0",
                        "break": "damaged",
                        "ho": "1",
                        "hc": "1"
                      }
                    ]
                  }
                },
                {
                  "node": "l",
                  "frag": "zabalam{ki}",
                  "id": "P399553.l037c0",
                  "ref": "P399553.10.4",
                  "inst": "%sux:zabalam{ki}=",
                  "f": {
                    "lang": "sux",
                    "form": "zabalam{ki}",
                    "delim": "",
                    "gdl": [
                      {
                        "v": "zabalam",
                        "id": "P399553.10.4.0"
                      },
                      {
                        "det": "semantic",
                        "pos": "post",
                        "seq": [
                          {
                            "v": "ki",
                            "id": "P399553.10.4.1"
                          }
                        ]
                      }
                    ]
                  }
                },
                {
                  "node": "l",
                  "frag": "na-[aŋ₂-tag-ga-a-ni",
                  "id": "P399553.l037c1",
                  "ref": "P399553.10.5",
                  "inst": "%sux-x-emesal:na-aŋ₂-tag-ga-a-ni=",
                  "f": {
                    "lang": "sux-x-emesal",
                    "form": "na-aŋ₂-tag-ga-a-ni",
                    "delim": "",
                    "gdl": [
                      {
                        "v": "na",
                        "id": "P399553.10.5.0",
                        "delim": "-"
                      },
                      {
                        "v": "aŋ₂",
                        "id": "P399553.10.5.1",
                        "breakStart": "1",
                        "o": "[",
                        "break": "missing",
                        "delim": "-"
                      },
                      {
                        "v": "tag",
                        "id": "P399553.10.5.2",
                        "break": "missing",
                        "delim": "-"
                      },
                      {
                        "v": "ga",
                        "id": "P399553.10.5.3",
                        "break": "missing",
                        "delim": "-"
                      },
                      {
                        "v": "a",
                        "id": "P399553.10.5.4",
                        "break": "missing",
                        "delim": "-"
                      },
                      {
                        "v": "ni",
                        "id": "P399553.10.5.5",
                        "break": "missing"
                      }
                    ]
                  }
                },
                {
                  "node": "l",
                  "frag": "...]",
                  "id": "P399553.l037c2",
                  "ref": "P399553.10.6",
                  "inst": "%sux-x-emesal:x=",
                  "f": {
                    "lang": "sux-x-emesal",
                    "form": "x",
                    "gdl": [
                      {
                        "x": "ellipsis",
                        "id": "P399553.10.6.0",
                        "break": "missing",
                        "o": "]",
                        "breakEnd": "P399553.10.5.1"
                      }
                    ]
                  }
                },
                {
                  "node": "d",
                  "type": "line-start",
                  "ref": "P399553.11",
                  "n": "6'",
                  "label": "r 6'"
                },
                {
                  "node": "l",
                  "frag": "[egir₃",
                  "id": "P399553.l037c3",
                  "ref": "P399553.11.1",
                  "inst": "%sux:egir₃=",
                  "f": {
                    "lang": "sux",
                    "form": "egir₃",
                    "delim": "",
                    "gdl": [
                      {
                        "v": "egir₃",
                        "id": "P399553.11.1.0",
                        "breakStart": "1",
                        "o": "[",
                        "break": "missing"
                      }
                    ]
                  }
                },
                {
                  "node": "l",
                  "frag": "gašan",
                  "id": "P399553.l037c4",
                  "ref": "P399553.11.2",
                  "inst": "%sux-x-emesal:gašan=",
                  "f": {
                    "lang": "sux-x-emesal",
                    "form": "gašan",
                    "delim": "",
                    "gdl": [
                      {
                        "v": "gašan",
                        "id": "P399553.11.2.0",
                        "break": "missing"
                      }
                    ]
                  }
                },
                {
                  "node": "l",
                  "frag": "hur]-⸢saŋ⸣-kalam-ma",
                  "id": "P399553.l037c5",
                  "ref": "P399553.11.3",
                  "inst": "%sux:hur-saŋ-kalam-ma=",
                  "f": {
                    "lang": "sux",
                    "form": "hur-saŋ-kalam-ma",
                    "delim": "",
                    "gdl": [
                      {
                        "v": "hur",
                        "id": "P399553.11.3.0",
                        "break": "missing",
                        "o": "]",
                        "breakEnd": "P399553.11.1.0",
                        "delim": "-"
                      },
                      {
                        "v": "saŋ",
                        "id": "P399553.11.3.1",
                        "break": "damaged",
                        "ho": "1",
                        "delim": "-",
                        "hc": "1"
                      },
                      {
                        "v": "kalam",
                        "id": "P399553.11.3.2",
                        "delim": "-"
                      },
                      {
                        "v": "ma",
                        "id": "P399553.11.3.3"
                      }
                    ]
                  }
                },
                {
                  "node": "l",
                  "frag": "⸢na⸣-[aŋ₂-tag-ga-a-ni",
                  "id": "P399553.l037c6",
                  "ref": "P399553.11.4",
                  "inst": "%sux-x-emesal:na-aŋ₂-tag-ga-a-ni=",
                  "f": {
                    "lang": "sux-x-emesal",
                    "form": "na-aŋ₂-tag-ga-a-ni",
                    "delim": "",
                    "gdl": [
                      {
                        "v": "na",
                        "id": "P399553.11.4.0",
                        "break": "damaged",
                        "ho": "1",
                        "delim": "-",
                        "hc": "1"
                      },
                      {
                        "v": "aŋ₂",
                        "id": "P399553.11.4.1",
                        "breakStart": "1",
                        "o": "[",
                        "break": "missing",
                        "delim": "-"
                      },
                      {
                        "v": "tag",
                        "id": "P399553.11.4.2",
                        "break": "missing",
                        "delim": "-"
                      },
                      {
                        "v": "ga",
                        "id": "P399553.11.4.3",
                        "break": "missing",
                        "delim": "-"
                      },
                      {
                        "v": "a",
                        "id": "P399553.11.4.4",
                        "break": "missing",
                        "delim": "-"
                      },
                      {
                        "v": "ni",
                        "id": "P399553.11.4.5",
                        "break": "missing"
                      }
                    ]
                  }
                },
                {
                  "node": "l",
                  "frag": "...]",
                  "id": "P399553.l037c7",
                  "ref": "P399553.11.5",
                  "inst": "%sux-x-emesal:x=",
                  "f": {
                    "lang": "sux-x-emesal",
                    "form": "x",
                    "gdl": [
                      {
                        "x": "ellipsis",
                        "id": "P399553.11.5.0",
                        "break": "missing",
                        "o": "]",
                        "breakEnd": "P399553.11.4.1"
                      }
                    ]
                  }
                },
                {
                  "node": "d",
                  "type": "nonx",
                  "ref": "P399553.12",
                  "strict": "0",
                  "state": "missing"
                }
              ]
            }
          ]
        }
      ]
    }
  ]
}
