{
  "type": "cdl",
  "project": "blms",
  "source": "http://oracc.org/blms",
  "license": "This data is released under the CC0 license",
  "license-url": "https://creativecommons.org/publicdomain/zero/1.0/",
  "more-info": "http://oracc.org/doc/opendata/",
  "UTC-timestamp": "2018-06-04T03:17:31",
  "textid": "P404599",
  "cdl": [
    {
      "node": "c",
      "type": "text",
      "id": "P404599.U0",
      "cdl": [
        {
          "node": "d",
          "type": "object",
          "ref": ""
        },
        {
          "node": "d",
          "subtype": "obverse?",
          "type": "obverse",
          "ref": "P404599.o_.1",
          "queried": "1",
          "label": "o?"
        },
        {
          "node": "c",
          "type": "discourse",
          "subtype": "body",
          "id": "P404599.U1",
          "cdl": [
            {
              "node": "c",
              "type": "sentence",
              "implicit": "yes",
              "id": "P404599.U2",
              "cdl": [
                {
                  "node": "d",
                  "type": "line-start",
                  "ref": "P404599.2"
                },
                {
                  "node": "d",
                  "type": "line-start",
                  "ref": "P404599.2l",
                  "n": "1",
                  "label": "o? 1"
                },
                {
                  "node": "l",
                  "frag": "[...]",
                  "id": "P404599.l0144c",
                  "ref": "P404599.2.1",
                  "inst": "u",
                  "f": {
                    "lang": "sux",
                    "form": "x",
                    "delim": "",
                    "gdl": [
                      {
                        "x": "ellipsis",
                        "id": "P404599.2.1.0",
                        "breakStart": "1",
                        "break": "missing",
                        "o": "]",
                        "breakEnd": "P404599.2.1.0"
                      }
                    ],
                    "pos": "u"
                  }
                },
                {
                  "node": "l",
                  "frag": "⸢ga⸣-an-⸢na⸣-[ab-dug₄]",
                  "id": "P404599.l0144d",
                  "ref": "P404599.2.2",
                  "inst": "dug[to do, perform]V/t",
                  "sig": "@blms%sux:ga-an-na-ab-dug₄=dug[speak//to do, perform]V/t'V/t$ga.V.na.b:dug/dug₄#ga.V.na.b:~",
                  "f": {
                    "lang": "sux",
                    "form": "ga-an-na-ab-dug₄",
                    "gdl": [
                      {
                        "v": "ga",
                        "id": "P404599.2.2.0",
                        "break": "damaged",
                        "ho": "1",
                        "delim": "-",
                        "hc": "1"
                      },
                      {
                        "v": "an",
                        "id": "P404599.2.2.1",
                        "delim": "-"
                      },
                      {
                        "v": "na",
                        "id": "P404599.2.2.2",
                        "break": "damaged",
                        "ho": "1",
                        "delim": "-",
                        "hc": "1"
                      },
                      {
                        "v": "ab",
                        "id": "P404599.2.2.3",
                        "breakStart": "1",
                        "o": "[",
                        "break": "missing",
                        "delim": "-"
                      },
                      {
                        "v": "dug₄",
                        "id": "P404599.2.2.4",
                        "break": "missing",
                        "o": "]",
                        "breakEnd": "P404599.2.2.3"
                      }
                    ],
                    "cf": "dug",
                    "gw": "speak",
                    "sense": "to do, perform",
                    "norm0": "ga.V.na.b:dug",
                    "pos": "V/t",
                    "epos": "V/t",
                    "base": "dug₄",
                    "morph": "ga.V.na.b:~"
                  }
                },
                {
                  "node": "d",
                  "type": "line-start",
                  "ref": ""
                },
                {
                  "node": "l",
                  "frag": "[...",
                  "id": "P404599.l0144e",
                  "ref": "P404599.2.466000",
                  "inst": "u",
                  "f": {
                    "lang": "akk-x-stdbab",
                    "form": "x",
                    "delim": "",
                    "gdl": [
                      {
                        "x": "ellipsis",
                        "id": "P404599.2.466000.0",
                        "breakStart": "1",
                        "break": "missing",
                        "o": "["
                      }
                    ],
                    "pos": "u"
                  }
                },
                {
                  "node": "l",
                  "frag": "tes₂-li]-⸢ti⸣",
                  "id": "P404599.l0144f",
                  "ref": "P404599.2.466001",
                  "inst": "teslītī[appeal]N",
                  "sig": "@blms%akk-x-stdbab:tes₂-li-ti=teslītu[appeal//appeal]N'N$teslītī",
                  "f": {
                    "lang": "akk-x-stdbab",
                    "form": "tes₂-li-ti",
                    "delim": "",
                    "gdl": [
                      {
                        "v": "tes₂",
                        "id": "P404599.2.466001.0",
                        "break": "missing",
                        "delim": "-"
                      },
                      {
                        "v": "li",
                        "id": "P404599.2.466001.1",
                        "break": "missing",
                        "o": "]",
                        "breakEnd": "P404599.2.466000.0",
                        "delim": "-"
                      },
                      {
                        "v": "ti",
                        "id": "P404599.2.466001.2",
                        "break": "damaged",
                        "ho": "1",
                        "hc": "1"
                      }
                    ],
                    "cf": "teslītu",
                    "gw": "appeal",
                    "sense": "appeal",
                    "norm": "teslītī",
                    "pos": "N",
                    "epos": "N"
                  }
                },
                {
                  "node": "l",
                  "frag": "lu-uq-[bi-šu₂]",
                  "id": "P404599.l01450",
                  "ref": "P404599.2.466002",
                  "inst": "qabû[say]V$luqbišu",
                  "sig": "@blms%akk-x-stdbab:lu-uq-bi-šu₂=qabû[say//say]V'V$luqbišu",
                  "f": {
                    "lang": "akk-x-stdbab",
                    "form": "lu-uq-bi-šu₂",
                    "gdl": [
                      {
                        "v": "lu",
                        "id": "P404599.2.466002.0",
                        "delim": "-"
                      },
                      {
                        "v": "uq",
                        "id": "P404599.2.466002.1",
                        "delim": "-"
                      },
                      {
                        "v": "bi",
                        "id": "P404599.2.466002.2",
                        "breakStart": "1",
                        "o": "[",
                        "break": "missing",
                        "delim": "-"
                      },
                      {
                        "v": "šu₂",
                        "id": "P404599.2.466002.3",
                        "break": "missing",
                        "o": "]",
                        "breakEnd": "P404599.2.466002.2"
                      }
                    ],
                    "cf": "qabû",
                    "gw": "say",
                    "sense": "say",
                    "norm": "luqbišu",
                    "pos": "V",
                    "epos": "V"
                  }
                },
                {
                  "node": "d",
                  "type": "line-start",
                  "ref": "P404599.3",
                  "n": "2",
                  "label": "o? 2"
                },
                {
                  "node": "l",
                  "frag": "[umun]",
                  "id": "P404599.l01451",
                  "ref": "P404599.3.1",
                  "inst": "umun[lord]N",
                  "sig": "@blms%sux-x-emesal:umun=umun[lord//lord]N'N$umun/umun#~",
                  "f": {
                    "lang": "sux-x-emesal",
                    "form": "umun",
                    "delim": "",
                    "gdl": [
                      {
                        "v": "umun",
                        "id": "P404599.3.1.0",
                        "breakStart": "1",
                        "o": "]",
                        "break": "missing",
                        "breakEnd": "P404599.3.1.0"
                      }
                    ],
                    "cf": "umun",
                    "gw": "lord",
                    "sense": "lord",
                    "norm0": "umun",
                    "pos": "N",
                    "epos": "N",
                    "base": "umun",
                    "morph": "~"
                  }
                },
                {
                  "node": "l",
                  "frag": "⸢kur⸣-kur-[ra",
                  "id": "P404599.l01452",
                  "ref": "P404599.3.2",
                  "inst": "kur[east wind]N",
                  "sig": "@blms%sux:kur-kur-ra=kur[mountain//east wind]N'N$kur,ak/kur-kur+-ra=r.a#~,ak",
                  "f": {
                    "lang": "sux",
                    "form": "kur-kur-ra",
                    "delim": "",
                    "gdl": [
                      {
                        "v": "kur",
                        "id": "P404599.3.2.0",
                        "break": "damaged",
                        "ho": "1",
                        "delim": "-",
                        "hc": "1"
                      },
                      {
                        "v": "kur",
                        "id": "P404599.3.2.1",
                        "delim": "-"
                      },
                      {
                        "v": "ra",
                        "id": "P404599.3.2.2",
                        "breakStart": "1",
                        "o": "[",
                        "break": "missing"
                      }
                    ],
                    "cf": "kur",
                    "gw": "mountain",
                    "sense": "east wind",
                    "norm0": "kur,ak",
                    "pos": "N",
                    "epos": "N",
                    "base": "kur-kur",
                    "cont": "-ra=r.a",
                    "morph": "~,ak"
                  }
                },
                {
                  "node": "l",
                  "frag": "...]",
                  "id": "P404599.l01453",
                  "ref": "P404599.3.3",
                  "inst": "u",
                  "f": {
                    "lang": "sux",
                    "form": "x",
                    "gdl": [
                      {
                        "x": "ellipsis",
                        "id": "P404599.3.3.0",
                        "break": "missing",
                        "o": "]",
                        "breakEnd": "P404599.3.2.2"
                      }
                    ],
                    "pos": "u"
                  }
                },
                {
                  "node": "d",
                  "type": "line-start",
                  "ref": "P404599.4",
                  "n": "3",
                  "label": "o? 3"
                },
                {
                  "node": "l",
                  "frag": "[umun]",
                  "id": "P404599.l01454",
                  "ref": "P404599.4.1",
                  "inst": "umun[lord]N",
                  "sig": "@blms%sux-x-emesal:umun=umun[lord//lord]N'N$umun/umun#~",
                  "f": {
                    "lang": "sux-x-emesal",
                    "form": "umun",
                    "delim": "",
                    "gdl": [
                      {
                        "v": "umun",
                        "id": "P404599.4.1.0",
                        "breakStart": "1",
                        "o": "]",
                        "break": "missing",
                        "breakEnd": "P404599.4.1.0"
                      }
                    ],
                    "cf": "umun",
                    "gw": "lord",
                    "sense": "lord",
                    "norm0": "umun",
                    "pos": "N",
                    "epos": "N",
                    "base": "umun",
                    "morph": "~"
                  }
                },
                {
                  "node": "l",
                  "frag": "⸢dug₄⸣-ga",
                  "id": "P404599.l01455",
                  "ref": "P404599.4.2",
                  "inst": "dug[to do, perform]V/t",
                  "sig": "@blms%sux:dug₄-ga=dug[speak//to do, perform]V/t'V/t$dug;a/dug₄+-ga=g.a#~;a",
                  "f": {
                    "lang": "sux",
                    "form": "dug₄-ga",
                    "delim": "",
                    "gdl": [
                      {
                        "v": "dug₄",
                        "id": "P404599.4.2.0",
                        "break": "damaged",
                        "ho": "1",
                        "delim": "-",
                        "hc": "1"
                      },
                      {
                        "v": "ga",
                        "id": "P404599.4.2.1"
                      }
                    ],
                    "cf": "dug",
                    "gw": "speak",
                    "sense": "to do, perform",
                    "norm0": "dug;a",
                    "pos": "V/t",
                    "epos": "V/t",
                    "base": "dug₄",
                    "cont": "-ga=g.a",
                    "morph": "~;a"
                  }
                },
                {
                  "node": "l",
                  "frag": "zid",
                  "id": "P404599.l01456",
                  "ref": "P404599.4.3",
                  "inst": "zid[(to be) right, true, loyal]V/i",
                  "sig": "@blms%sux:zid=zid[right//(to be) right, true, loyal]V/i'V/i$zid/zid#~",
                  "f": {
                    "lang": "sux",
                    "form": "zid",
                    "delim": "",
                    "gdl": [
                      {
                        "v": "zid",
                        "id": "P404599.4.3.0"
                      }
                    ],
                    "cf": "zid",
                    "gw": "right",
                    "sense": "(to be) right, true, loyal",
                    "norm0": "zid",
                    "pos": "V/i",
                    "epos": "V/i",
                    "base": "zid",
                    "morph": "~"
                  }
                },
                {
                  "node": "l",
                  "frag": "[...]",
                  "id": "P404599.l01457",
                  "ref": "P404599.4.4",
                  "inst": "u",
                  "f": {
                    "lang": "sux",
                    "form": "x",
                    "gdl": [
                      {
                        "x": "ellipsis",
                        "id": "P404599.4.4.0",
                        "breakStart": "1",
                        "break": "missing",
                        "o": "]",
                        "breakEnd": "P404599.4.4.0"
                      }
                    ],
                    "pos": "u"
                  }
                },
                {
                  "node": "d",
                  "type": "line-start",
                  "ref": "P404599.5",
                  "n": "4",
                  "label": "o? 4"
                },
                {
                  "node": "l",
                  "frag": "[...]",
                  "id": "P404599.l01458",
                  "ref": "P404599.5.1",
                  "inst": "u",
                  "f": {
                    "lang": "sux",
                    "form": "x",
                    "delim": "",
                    "gdl": [
                      {
                        "x": "ellipsis",
                        "id": "P404599.5.1.0",
                        "breakStart": "1",
                        "break": "missing",
                        "o": "]",
                        "breakEnd": "P404599.5.1.0"
                      }
                    ],
                    "pos": "u"
                  }
                },
                {
                  "node": "l",
                  "frag": "sipad",
                  "id": "P404599.l01459",
                  "ref": "P404599.5.2",
                  "inst": "sipad[shepherd]N",
                  "sig": "@blms%sux:sipad=sipad[shepherd//shepherd]N'N$sipad/sipad#~",
                  "f": {
                    "lang": "sux",
                    "form": "sipad",
                    "delim": "",
                    "gdl": [
                      {
                        "v": "sipad",
                        "id": "P404599.5.2.0"
                      }
                    ],
                    "cf": "sipad",
                    "gw": "shepherd",
                    "sense": "shepherd",
                    "norm0": "sipad",
                    "pos": "N",
                    "epos": "N",
                    "base": "sipad",
                    "morph": "~"
                  }
                },
                {
                  "node": "l",
                  "frag": "{d}[...]",
                  "id": "P404599.l0145a",
                  "ref": "P404599.5.3",
                  "inst": "u",
                  "f": {
                    "lang": "sux",
                    "form": "{d}x",
                    "gdl": [
                      {
                        "det": "semantic",
                        "pos": "pre",
                        "seq": [
                          {
                            "v": "d",
                            "id": "P404599.5.3.0"
                          }
                        ]
                      },
                      {
                        "x": "ellipsis",
                        "id": "P404599.5.3.1",
                        "breakStart": "1",
                        "break": "missing",
                        "o": "]",
                        "breakEnd": "P404599.5.3.1"
                      }
                    ],
                    "pos": "u"
                  }
                },
                {
                  "node": "d",
                  "type": "line-start",
                  "ref": "P404599.6",
                  "n": "5",
                  "label": "o? 5"
                },
                {
                  "node": "l",
                  "frag": "[sipad]",
                  "id": "P404599.l0145b",
                  "ref": "P404599.6.1",
                  "inst": "sipad[shepherd]N",
                  "sig": "@blms%sux:sipad=sipad[shepherd//shepherd]N'N$sipad/sipad#~",
                  "f": {
                    "lang": "sux",
                    "form": "sipad",
                    "delim": "",
                    "gdl": [
                      {
                        "v": "sipad",
                        "id": "P404599.6.1.0",
                        "breakStart": "1",
                        "o": "]",
                        "break": "missing",
                        "breakEnd": "P404599.6.1.0"
                      }
                    ],
                    "cf": "sipad",
                    "gw": "shepherd",
                    "sense": "shepherd",
                    "norm0": "sipad",
                    "pos": "N",
                    "epos": "N",
                    "base": "sipad",
                    "morph": "~"
                  }
                },
                {
                  "node": "l",
                  "frag": "saŋ",
                  "id": "P404599.l0145c",
                  "ref": "P404599.6.2",
                  "inst": "saŋ[head]N",
                  "sig": "@blms%sux:saŋ=saŋ[head//head]N'N$saŋ/saŋ#~",
                  "f": {
                    "lang": "sux",
                    "form": "saŋ",
                    "delim": "",
                    "gdl": [
                      {
                        "v": "saŋ",
                        "id": "P404599.6.2.0"
                      }
                    ],
                    "cf": "saŋ",
                    "gw": "head",
                    "sense": "head",
                    "norm0": "saŋ",
                    "pos": "N",
                    "epos": "N",
                    "base": "saŋ",
                    "morph": "~"
                  }
                },
                {
                  "node": "l",
                  "frag": "gig₂-[ga",
                  "id": "P404599.l0145d",
                  "ref": "P404599.6.3",
                  "inst": "giggi[(to be) black]V/i",
                  "sig": "@blms%sux:gig₂-ga=giggi[black//(to be) black]V/i'V/i$giggi;a/gig₂+-ga=g.a#~;a",
                  "f": {
                    "lang": "sux",
                    "form": "gig₂-ga",
                    "delim": "",
                    "gdl": [
                      {
                        "v": "gig₂",
                        "id": "P404599.6.3.0",
                        "delim": "-"
                      },
                      {
                        "v": "ga",
                        "id": "P404599.6.3.1",
                        "breakStart": "1",
                        "o": "[",
                        "break": "missing"
                      }
                    ],
                    "cf": "giggi",
                    "gw": "black",
                    "sense": "(to be) black",
                    "norm0": "giggi;a",
                    "pos": "V/i",
                    "epos": "V/i",
                    "base": "gig₂",
                    "cont": "-ga=g.a",
                    "morph": "~;a"
                  }
                },
                {
                  "node": "l",
                  "frag": "...]",
                  "id": "P404599.l0145e",
                  "ref": "P404599.6.4",
                  "inst": "u",
                  "f": {
                    "lang": "sux",
                    "form": "x",
                    "gdl": [
                      {
                        "x": "ellipsis",
                        "id": "P404599.6.4.0",
                        "break": "missing",
                        "o": "]",
                        "breakEnd": "P404599.6.3.1"
                      }
                    ],
                    "pos": "u"
                  }
                },
                {
                  "node": "d",
                  "type": "line-start",
                  "ref": "P404599.7",
                  "n": "6",
                  "label": "o? 6"
                },
                {
                  "node": "l",
                  "frag": "[i]-⸢bi₂⸣",
                  "id": "P404599.l0145f",
                  "ref": "P404599.7.1",
                  "inst": "ibi[eye]N/i-bi₂",
                  "sig": "@blms%sux-x-emesal:i-bi₂=ibi[eye//eye]N'N$ibi/i-bi₂#~",
                  "f": {
                    "lang": "sux-x-emesal",
                    "form": "i-bi₂",
                    "delim": "",
                    "gdl": [
                      {
                        "v": "i",
                        "id": "P404599.7.1.0",
                        "breakStart": "1",
                        "o": "]",
                        "break": "missing",
                        "breakEnd": "P404599.7.1.0",
                        "delim": "-"
                      },
                      {
                        "v": "bi₂",
                        "id": "P404599.7.1.1",
                        "break": "damaged",
                        "ho": "1",
                        "hc": "1"
                      }
                    ],
                    "cf": "ibi",
                    "gw": "eye",
                    "sense": "eye",
                    "norm0": "ibi",
                    "pos": "N",
                    "epos": "N",
                    "base": "i-bi₂",
                    "morph": "~"
                  }
                },
                {
                  "node": "l",
                  "frag": "duh",
                  "id": "P404599.l01460",
                  "ref": "P404599.7.2",
                  "inst": "duh[loosen]",
                  "sig": "@blms%sux:duh=duh[loosen//loosen]V/t'V/t$duh/duh#~",
                  "f": {
                    "lang": "sux",
                    "form": "duh",
                    "delim": "",
                    "gdl": [
                      {
                        "v": "duh",
                        "id": "P404599.7.2.0"
                      }
                    ],
                    "cf": "duh",
                    "gw": "loosen",
                    "sense": "loosen",
                    "norm0": "duh",
                    "pos": "V/t",
                    "epos": "V/t",
                    "base": "duh",
                    "morph": "~"
                  }
                },
                {
                  "node": "l",
                  "frag": "ni₂",
                  "id": "P404599.l01461",
                  "ref": "P404599.7.3",
                  "inst": "ni[self]",
                  "sig": "@blms%sux:ni₂=ni[self//self]RP'RP$ni/ni₂#~",
                  "f": {
                    "lang": "sux",
                    "form": "ni₂",
                    "delim": "",
                    "gdl": [
                      {
                        "v": "ni₂",
                        "id": "P404599.7.3.0"
                      }
                    ],
                    "cf": "ni",
                    "gw": "self",
                    "sense": "self",
                    "norm0": "ni",
                    "pos": "RP",
                    "epos": "RP",
                    "base": "ni₂",
                    "morph": "~"
                  }
                },
                {
                  "node": "l",
                  "frag": "⸢te⸣-[na",
                  "id": "P404599.l01462",
                  "ref": "P404599.7.4",
                  "inst": "ten[cool]V/t",
                  "sig": "@blms%sux:te-na=ten[cool//(to make) cool]V/i'V/t$ten/te-na#~",
                  "f": {
                    "lang": "sux",
                    "form": "te-na",
                    "delim": "",
                    "gdl": [
                      {
                        "v": "te",
                        "id": "P404599.7.4.0",
                        "break": "damaged",
                        "ho": "1",
                        "delim": "-",
                        "hc": "1"
                      },
                      {
                        "v": "na",
                        "id": "P404599.7.4.1",
                        "breakStart": "1",
                        "o": "[",
                        "break": "missing"
                      }
                    ],
                    "cf": "ten",
                    "gw": "cool",
                    "sense": "(to make) cool",
                    "norm0": "ten",
                    "pos": "V/i",
                    "epos": "V/t",
                    "base": "te-na",
                    "morph": "~"
                  }
                },
                {
                  "node": "l",
                  "frag": "...]",
                  "id": "P404599.l01463",
                  "ref": "P404599.7.5",
                  "inst": "u",
                  "f": {
                    "lang": "sux",
                    "form": "x",
                    "gdl": [
                      {
                        "x": "ellipsis",
                        "id": "P404599.7.5.0",
                        "break": "missing",
                        "o": "]",
                        "breakEnd": "P404599.7.4.1"
                      }
                    ],
                    "pos": "u"
                  }
                },
                {
                  "node": "d",
                  "type": "line-start",
                  "ref": "P404599.8",
                  "n": "7",
                  "label": "o? 7"
                },
                {
                  "node": "l",
                  "frag": "[am",
                  "id": "P404599.l01464",
                  "ref": "P404599.8.1",
                  "inst": "am[wild bull]N",
                  "sig": "@blms%sux:am=am[bull//wild bull]N'N$am/am#~",
                  "f": {
                    "lang": "sux",
                    "form": "am",
                    "delim": "",
                    "gdl": [
                      {
                        "v": "am",
                        "id": "P404599.8.1.0",
                        "breakStart": "1",
                        "o": "[",
                        "break": "missing"
                      }
                    ],
                    "cf": "am",
                    "gw": "bull",
                    "sense": "wild bull",
                    "norm0": "am",
                    "pos": "N",
                    "epos": "N",
                    "base": "am",
                    "morph": "~"
                  }
                },
                {
                  "node": "l",
                  "frag": "erin₂]-⸢na⸣",
                  "id": "P404599.l01465",
                  "ref": "P404599.8.2",
                  "inst": "erin[people]N",
                  "sig": "@blms%sux:erin₂-na=erin[people//people]N'N$erin,ak/erin₂+-na=n.a#~,ak",
                  "f": {
                    "lang": "sux",
                    "form": "erin₂-na",
                    "delim": "",
                    "gdl": [
                      {
                        "v": "erin₂",
                        "id": "P404599.8.2.0",
                        "break": "missing",
                        "o": "]",
                        "breakEnd": "P404599.8.1.0",
                        "delim": "-"
                      },
                      {
                        "v": "na",
                        "id": "P404599.8.2.1",
                        "break": "damaged",
                        "ho": "1",
                        "hc": "1"
                      }
                    ],
                    "cf": "erin",
                    "gw": "people",
                    "sense": "people",
                    "norm0": "erin,ak",
                    "pos": "N",
                    "epos": "N",
                    "base": "erin₂",
                    "cont": "-na=n.a",
                    "morph": "~,ak"
                  }
                },
                {
                  "node": "l",
                  "frag": "di-[di",
                  "id": "P404599.l01466",
                  "ref": "P404599.8.3",
                  "inst": "di[to go]V/i",
                  "sig": "@blms%sux:di-di=di[go//to go]V/i'V/i$di/di-di#~",
                  "f": {
                    "lang": "sux",
                    "form": "di-di",
                    "delim": "",
                    "gdl": [
                      {
                        "v": "di",
                        "id": "P404599.8.3.0",
                        "delim": "-"
                      },
                      {
                        "v": "di",
                        "id": "P404599.8.3.1",
                        "breakStart": "1",
                        "o": "[",
                        "break": "missing"
                      }
                    ],
                    "cf": "di",
                    "gw": "go",
                    "sense": "to go",
                    "norm0": "di",
                    "pos": "V/i",
                    "epos": "V/i",
                    "base": "di-di",
                    "morph": "~"
                  }
                },
                {
                  "node": "l",
                  "frag": "...]",
                  "id": "P404599.l01467",
                  "ref": "P404599.8.4",
                  "inst": "u",
                  "f": {
                    "lang": "sux",
                    "form": "x",
                    "gdl": [
                      {
                        "x": "ellipsis",
                        "id": "P404599.8.4.0",
                        "break": "missing",
                        "o": "]",
                        "breakEnd": "P404599.8.3.1"
                      }
                    ],
                    "pos": "u"
                  }
                },
                {
                  "node": "d",
                  "type": "line-start",
                  "ref": "P404599.9",
                  "n": "8",
                  "label": "o? 8"
                },
                {
                  "node": "l",
                  "frag": "[u₃]",
                  "id": "P404599.l01468",
                  "ref": "P404599.9.1",
                  "inst": "u[sleep]",
                  "sig": "@blms%sux:u₃=u[sleep//sleep]N'N$u/u₃#~",
                  "f": {
                    "lang": "sux",
                    "form": "u₃",
                    "delim": "",
                    "gdl": [
                      {
                        "v": "u₃",
                        "id": "P404599.9.1.0",
                        "breakStart": "1",
                        "o": "]",
                        "break": "missing",
                        "breakEnd": "P404599.9.1.0"
                      }
                    ],
                    "cf": "u",
                    "gw": "sleep",
                    "sense": "sleep",
                    "norm0": "u",
                    "pos": "N",
                    "epos": "N",
                    "base": "u₃",
                    "morph": "~"
                  }
                },
                {
                  "node": "l",
                  "frag": "⸢lul⸣-la",
                  "id": "P404599.l01469",
                  "ref": "P404599.9.2",
                  "inst": "lul[(to be) false]V/i",
                  "sig": "@blms%sux:lul-la=lul[false//(to be) false]V/i'V/i$lul;a/lul+-la=l.a#~;a",
                  "f": {
                    "lang": "sux",
                    "form": "lul-la",
                    "delim": "",
                    "gdl": [
                      {
                        "v": "lul",
                        "id": "P404599.9.2.0",
                        "break": "damaged",
                        "ho": "1",
                        "delim": "-",
                        "hc": "1"
                      },
                      {
                        "v": "la",
                        "id": "P404599.9.2.1"
                      }
                    ],
                    "cf": "lul",
                    "gw": "false",
                    "sense": "(to be) false",
                    "norm0": "lul;a",
                    "pos": "V/i",
                    "epos": "V/i",
                    "base": "lul",
                    "cont": "-la=l.a",
                    "morph": "~;a"
                  }
                },
                {
                  "node": "l",
                  "frag": "⸢ku⸣-[ku",
                  "id": "P404599.l0146a",
                  "ref": "P404599.9.3",
                  "inst": "ku[to place, lay (down), lay (eggs)]V/t",
                  "sig": "@blms%sux:ku-ku=ku[place//to place, lay (down), lay (eggs)]V/t'V/t$ku/ku-ku#~",
                  "f": {
                    "lang": "sux",
                    "form": "ku-ku",
                    "delim": "",
                    "gdl": [
                      {
                        "v": "ku",
                        "id": "P404599.9.3.0",
                        "break": "damaged",
                        "ho": "1",
                        "delim": "-",
                        "hc": "1"
                      },
                      {
                        "v": "ku",
                        "id": "P404599.9.3.1",
                        "breakStart": "1",
                        "o": "[",
                        "break": "missing"
                      }
                    ],
                    "cf": "ku",
                    "gw": "place",
                    "sense": "to place, lay (down), lay (eggs)",
                    "norm0": "ku",
                    "pos": "V/t",
                    "epos": "V/t",
                    "base": "ku-ku",
                    "morph": "~"
                  }
                },
                {
                  "node": "l",
                  "frag": "...]",
                  "id": "P404599.l0146b",
                  "ref": "P404599.9.4",
                  "inst": "u",
                  "f": {
                    "lang": "sux",
                    "form": "x",
                    "gdl": [
                      {
                        "x": "ellipsis",
                        "id": "P404599.9.4.0",
                        "break": "missing",
                        "o": "]",
                        "breakEnd": "P404599.9.3.1"
                      }
                    ],
                    "pos": "u"
                  }
                },
                {
                  "node": "d",
                  "type": "line-start",
                  "ref": "P404599.10",
                  "n": "9",
                  "label": "o? 9"
                },
                {
                  "node": "l",
                  "frag": "[...]",
                  "id": "P404599.l0146c",
                  "ref": "P404599.10.1",
                  "inst": "u",
                  "f": {
                    "lang": "sux",
                    "form": "x",
                    "delim": "",
                    "gdl": [
                      {
                        "x": "ellipsis",
                        "id": "P404599.10.1.0",
                        "breakStart": "1",
                        "break": "missing",
                        "o": "]",
                        "breakEnd": "P404599.10.1.0"
                      }
                    ],
                    "pos": "u"
                  }
                },
                {
                  "node": "l",
                  "frag": "⸢x⸣",
                  "id": "P404599.l0146d",
                  "ref": "P404599.10.2",
                  "inst": "u",
                  "f": {
                    "lang": "sux",
                    "form": "x",
                    "delim": "",
                    "gdl": [
                      {
                        "v": "x",
                        "id": "P404599.10.2.0",
                        "break": "damaged",
                        "ho": "1",
                        "hc": "1"
                      }
                    ],
                    "pos": "u"
                  }
                },
                {
                  "node": "l",
                  "frag": "[...]",
                  "id": "P404599.l0146e",
                  "ref": "P404599.10.3",
                  "inst": "u",
                  "f": {
                    "lang": "sux",
                    "form": "x",
                    "gdl": [
                      {
                        "x": "ellipsis",
                        "id": "P404599.10.3.0",
                        "breakStart": "1",
                        "break": "missing",
                        "o": "]",
                        "breakEnd": "P404599.10.3.0"
                      }
                    ],
                    "pos": "u"
                  }
                },
                {
                  "node": "d",
                  "type": "line-start",
                  "ref": "P404599.11",
                  "n": "10",
                  "label": "o? 10"
                },
                {
                  "node": "l",
                  "frag": "[...]",
                  "id": "P404599.l0146f",
                  "ref": "P404599.11.1",
                  "inst": "u",
                  "f": {
                    "lang": "sux",
                    "form": "x",
                    "delim": "",
                    "gdl": [
                      {
                        "x": "ellipsis",
                        "id": "P404599.11.1.0",
                        "breakStart": "1",
                        "break": "missing",
                        "o": "]",
                        "breakEnd": "P404599.11.1.0"
                      }
                    ],
                    "pos": "u"
                  }
                },
                {
                  "node": "l",
                  "frag": "⸢x⸣",
                  "id": "P404599.l01470",
                  "ref": "P404599.11.2",
                  "inst": "u",
                  "f": {
                    "lang": "sux",
                    "form": "x",
                    "delim": "",
                    "gdl": [
                      {
                        "v": "x",
                        "id": "P404599.11.2.0",
                        "break": "damaged",
                        "ho": "1",
                        "hc": "1"
                      }
                    ],
                    "pos": "u"
                  }
                },
                {
                  "node": "l",
                  "frag": "[...]",
                  "id": "P404599.l01471",
                  "ref": "P404599.11.3",
                  "inst": "u",
                  "f": {
                    "lang": "sux",
                    "form": "x",
                    "gdl": [
                      {
                        "x": "ellipsis",
                        "id": "P404599.11.3.0",
                        "breakStart": "1",
                        "break": "missing",
                        "o": "]",
                        "breakEnd": "P404599.11.3.0"
                      }
                    ],
                    "pos": "u"
                  }
                },
                {
                  "node": "d",
                  "type": "nonx",
                  "ref": "P404599.12",
                  "strict": "0",
                  "state": "missing"
                },
                {
                  "node": "d",
                  "subtype": "reverse?",
                  "type": "reverse",
                  "ref": "P404599.r_.13",
                  "queried": "1",
                  "label": "r?"
                },
                {
                  "node": "d",
                  "type": "nonx",
                  "ref": "P404599.14",
                  "strict": "0",
                  "state": "missing"
                }
              ]
            }
          ]
        }
      ]
    }
  ]
}
