{
  "type": "cdl",
  "project": "blms",
  "source": "http://oracc.org/blms",
  "license": "This data is released under the CC0 license",
  "license-url": "https://creativecommons.org/publicdomain/zero/1.0/",
  "more-info": "http://oracc.org/doc/opendata/",
  "UTC-timestamp": "2017-06-21T21:47:58",
  "textid": "P414382",
  "cdl": [
    {
      "node": "c",
      "type": "text",
      "id": "P414382.U0",
      "cdl": [
        {
          "node": "d",
          "type": "object",
          "ref": ""
        },
        {
          "node": "d",
          "subtype": "obverse",
          "type": "obverse",
          "ref": "P414382.o.1",
          "label": "o"
        },
        {
          "node": "c",
          "type": "discourse",
          "subtype": "body",
          "id": "P414382.U1",
          "cdl": [
            {
              "node": "c",
              "type": "sentence",
              "id": "P414382.U2",
              "cdl": [
                {
                  "node": "d",
                  "type": "line-start",
                  "ref": "P414382.2"
                },
                {
                  "node": "d",
                  "type": "line-start",
                  "ref": "P414382.2l",
                  "n": "1",
                  "label": "o 1"
                },
                {
                  "node": "l",
                  "frag": "[šu-ŋu₁₀",
                  "id": "P414382.l02537",
                  "ref": "P414382.2.1",
                  "inst": "šu[hand]N",
                  "sig": "@blms%sux:šu-ŋu₁₀=šu[hand//hand]N'N$šu,ŋu/šu#~,ŋu",
                  "f": {
                    "lang": "sux",
                    "form": "šu-ŋu₁₀",
                    "delim": " ",
                    "gdl": [
                      {
                        "v": "šu",
                        "id": "P414382.2.1.0",
                        "breakStart": "1",
                        "o": "[",
                        "break": "missing",
                        "delim": "-"
                      },
                      {
                        "v": "ŋu₁₀",
                        "id": "P414382.2.1.1",
                        "queried": "1",
                        "break": "missing"
                      }
                    ],
                    "cf": "šu",
                    "gw": "hand",
                    "sense": "hand",
                    "norm0": "šu,ŋu",
                    "pos": "N",
                    "epos": "N",
                    "base": "šu",
                    "morph": "~,ŋu"
                  }
                },
                {
                  "node": "l",
                  "frag": "ga-an-na-ab-il₂]",
                  "id": "P414382.l02538",
                  "ref": "P414382.2.2",
                  "inst": "il[raise]V/t/il₂",
                  "sig": "@blms%sux:ga-an-na-ab-il₂=il[raise//raise]V/t'V/t$il/il₂#~",
                  "f": {
                    "lang": "sux",
                    "form": "ga-an-na-ab-il₂",
                    "delim": " ",
                    "gdl": [
                      {
                        "v": "ga",
                        "id": "P414382.2.2.0",
                        "break": "missing",
                        "delim": "-"
                      },
                      {
                        "v": "an",
                        "id": "P414382.2.2.1",
                        "break": "missing",
                        "delim": "-"
                      },
                      {
                        "v": "na",
                        "id": "P414382.2.2.2",
                        "break": "missing",
                        "delim": "-"
                      },
                      {
                        "v": "ab",
                        "id": "P414382.2.2.3",
                        "break": "missing",
                        "delim": "-"
                      },
                      {
                        "v": "il₂",
                        "id": "P414382.2.2.4",
                        "break": "missing",
                        "o": "]",
                        "breakEnd": "P414382.2.1.0"
                      }
                    ],
                    "cf": "il",
                    "gw": "raise",
                    "sense": "raise",
                    "norm0": "il",
                    "pos": "V/t",
                    "epos": "V/t",
                    "base": "il₂",
                    "morph": "~"
                  }
                },
                {
                  "node": "l",
                  "frag": "er₂-ra",
                  "id": "P414382.l02539",
                  "ref": "P414382.2.3",
                  "inst": "er[tears]N",
                  "sig": "@blms%sux:er₂-ra=er[tears//tears]N'N$er,ak/er₂+-ra=r.a#~,ak",
                  "f": {
                    "lang": "sux",
                    "form": "er₂-ra",
                    "delim": " ",
                    "gdl": [
                      {
                        "v": "er₂",
                        "id": "P414382.2.3.0",
                        "delim": "-"
                      },
                      {
                        "v": "ra",
                        "id": "P414382.2.3.1"
                      }
                    ],
                    "cf": "er",
                    "gw": "tears",
                    "sense": "tears",
                    "norm0": "er,ak",
                    "pos": "N",
                    "epos": "N",
                    "base": "er₂",
                    "cont": "-ra=r.a",
                    "morph": "~,ak"
                  }
                },
                {
                  "node": "l",
                  "frag": "mu-un-da-ab-ir",
                  "id": "P414382.l0253a",
                  "ref": "P414382.2.4",
                  "inst": "ir[bring]V/t/ir",
                  "sig": "@blms%sux-x-emesal:mu-un-da-ab-ir=ir[bring//bring]V/t'V/t$mu.n.da.b:ir/ir#mu.n.da.b:~",
                  "f": {
                    "lang": "sux-x-emesal",
                    "form": "mu-un-da-ab-ir",
                    "gdl": [
                      {
                        "v": "mu",
                        "id": "P414382.2.4.0",
                        "delim": "-"
                      },
                      {
                        "v": "un",
                        "id": "P414382.2.4.1",
                        "delim": "-"
                      },
                      {
                        "v": "da",
                        "id": "P414382.2.4.2",
                        "delim": "-"
                      },
                      {
                        "v": "ab",
                        "id": "P414382.2.4.3",
                        "delim": "-"
                      },
                      {
                        "v": "ir",
                        "id": "P414382.2.4.4"
                      }
                    ],
                    "cf": "ir",
                    "gw": "bring",
                    "sense": "bring",
                    "norm0": "mu.n.da.b:ir",
                    "pos": "V/t",
                    "epos": "V/t",
                    "base": "ir",
                    "morph": "mu.n.da.b:~"
                  }
                },
                {
                  "node": "d",
                  "type": "line-start",
                  "ref": ""
                },
                {
                  "node": "l",
                  "frag": "[qa-ti",
                  "id": "P414382.l0253b",
                  "ref": "P414382.2.812000",
                  "inst": "qātī[hand]N",
                  "sig": "@blms%akk-x-stdbab:qa-ti=qātu[hand//hand]N'N$qātī",
                  "f": {
                    "lang": "akk-x-stdbab",
                    "form": "qa-ti",
                    "delim": " ",
                    "gdl": [
                      {
                        "v": "qa",
                        "id": "P414382.2.812000.0",
                        "breakStart": "1",
                        "o": "[",
                        "break": "missing",
                        "delim": "-"
                      },
                      {
                        "v": "ti",
                        "id": "P414382.2.812000.1",
                        "break": "missing"
                      }
                    ],
                    "cf": "qātu",
                    "gw": "hand",
                    "sense": "hand",
                    "norm": "qātī",
                    "pos": "N",
                    "epos": "N"
                  }
                },
                {
                  "node": "l",
                  "frag": "a-na-aš]-⸢ši⸣-šu₂",
                  "id": "P414382.l0253c",
                  "ref": "P414382.2.812001",
                  "inst": "našû[lift]V$anaššišu",
                  "sig": "@blms%akk-x-stdbab:a-na-aš-ši-šu₂=našû[lift//lift]V'V$anaššišu",
                  "f": {
                    "lang": "akk-x-stdbab",
                    "form": "a-na-aš-ši-šu₂",
                    "delim": " ",
                    "gdl": [
                      {
                        "v": "a",
                        "id": "P414382.2.812001.0",
                        "break": "missing",
                        "delim": "-"
                      },
                      {
                        "v": "na",
                        "id": "P414382.2.812001.1",
                        "break": "missing",
                        "delim": "-"
                      },
                      {
                        "v": "aš",
                        "id": "P414382.2.812001.2",
                        "queried": "1",
                        "break": "missing",
                        "o": "]",
                        "breakEnd": "P414382.2.812000.0",
                        "delim": "-"
                      },
                      {
                        "v": "ši",
                        "id": "P414382.2.812001.3",
                        "break": "damaged",
                        "ho": "1",
                        "delim": "-",
                        "hc": "1"
                      },
                      {
                        "v": "šu₂",
                        "id": "P414382.2.812001.4"
                      }
                    ],
                    "cf": "našû",
                    "gw": "lift",
                    "sense": "lift",
                    "norm": "anaššišu",
                    "pos": "V",
                    "epos": "V"
                  }
                },
                {
                  "node": "l",
                  "frag": "taq₂-rib-tu₄",
                  "id": "P414382.l0253d",
                  "ref": "P414382.2.812002",
                  "inst": "taqribtu[(a ritual)]N",
                  "sig": "@blms%akk-x-stdbab:taq₂-rib-tu₄=taqribtu[(a ritual)//(a ritual)]N'N$taqribtu",
                  "f": {
                    "lang": "akk-x-stdbab",
                    "form": "taq₂-rib-tu₄",
                    "delim": " ",
                    "gdl": [
                      {
                        "v": "taq₂",
                        "id": "P414382.2.812002.0",
                        "delim": "-"
                      },
                      {
                        "v": "rib",
                        "id": "P414382.2.812002.1",
                        "delim": "-"
                      },
                      {
                        "v": "tu₄",
                        "id": "P414382.2.812002.2"
                      }
                    ],
                    "cf": "taqribtu",
                    "gw": "(a ritual)",
                    "sense": "(a ritual)",
                    "norm": "taqribtu",
                    "pos": "N",
                    "epos": "N"
                  }
                },
                {
                  "node": "l",
                  "frag": "lu-bil-šu",
                  "id": "P414382.l0253e",
                  "ref": "P414382.2.812003",
                  "inst": "wabālu[bring]V$lūbilšu",
                  "sig": "@blms%akk-x-stdbab:lu-bil-šu=wabālu[bring//bring]V'V$lūbilšu",
                  "f": {
                    "lang": "akk-x-stdbab",
                    "form": "lu-bil-šu",
                    "gdl": [
                      {
                        "v": "lu",
                        "id": "P414382.2.812003.0",
                        "delim": "-"
                      },
                      {
                        "v": "bil",
                        "id": "P414382.2.812003.1",
                        "delim": "-"
                      },
                      {
                        "v": "šu",
                        "id": "P414382.2.812003.2"
                      }
                    ],
                    "cf": "wabālu",
                    "gw": "bring",
                    "sense": "bring",
                    "norm": "lūbilšu",
                    "pos": "V",
                    "epos": "V"
                  }
                },
                {
                  "node": "d",
                  "type": "line-start",
                  "ref": "P414382.3",
                  "n": "2",
                  "label": "o 2"
                },
                {
                  "node": "l",
                  "frag": "[...]",
                  "id": "P414382.l0253f",
                  "ref": "P414382.3.1",
                  "inst": "u",
                  "f": {
                    "lang": "sux",
                    "form": "x",
                    "delim": " ",
                    "gdl": [
                      {
                        "x": "ellipsis",
                        "id": "P414382.3.1.0",
                        "breakStart": "1",
                        "break": "missing",
                        "o": "]",
                        "breakEnd": "P414382.3.1.0"
                      }
                    ],
                    "pos": "u"
                  }
                },
                {
                  "node": "l",
                  "frag": "er₂-ra",
                  "id": "P414382.l02540",
                  "ref": "P414382.3.2",
                  "inst": "er[tears]N",
                  "sig": "@blms%sux:er₂-ra=er[tears//tears]N'N$er,ak/er₂+-ra=r.a#~,ak",
                  "f": {
                    "lang": "sux",
                    "form": "er₂-ra",
                    "delim": " ",
                    "gdl": [
                      {
                        "v": "er₂",
                        "id": "P414382.3.2.0",
                        "delim": "-"
                      },
                      {
                        "v": "ra",
                        "id": "P414382.3.2.1"
                      }
                    ],
                    "cf": "er",
                    "gw": "tears",
                    "sense": "tears",
                    "norm0": "er,ak",
                    "pos": "N",
                    "epos": "N",
                    "base": "er₂",
                    "cont": "-ra=r.a",
                    "morph": "~,ak"
                  }
                },
                {
                  "node": "l",
                  "frag": "<mu-un-da-ab-ir>",
                  "id": "P414382.l02541",
                  "ref": "P414382.3.3",
                  "inst": "ir[bring]V/t/ir",
                  "sig": "@blms%sux-x-emesal:mu-un-da-ab-ir=ir[bring//bring]V/t'V/t$mu.n.da.b:ir/ir#mu.n.da.b:~",
                  "f": {
                    "lang": "sux-x-emesal",
                    "form": "mu-un-da-ab-ir",
                    "gdl": [
                      {
                        "v": "mu",
                        "id": "P414382.3.3.0",
                        "statusStart": "1",
                        "o": "<",
                        "delim": "-"
                      },
                      {
                        "v": "un",
                        "id": "P414382.3.3.1",
                        "delim": "-"
                      },
                      {
                        "v": "da",
                        "id": "P414382.3.3.2",
                        "delim": "-"
                      },
                      {
                        "v": "ab",
                        "id": "P414382.3.3.3",
                        "delim": "-"
                      },
                      {
                        "v": "ir",
                        "id": "P414382.3.3.4",
                        "o": ">",
                        "statusStart": "P414382.3.3.0"
                      }
                    ],
                    "cf": "ir",
                    "gw": "bring",
                    "sense": "bring",
                    "norm0": "mu.n.da.b:ir",
                    "pos": "V/t",
                    "epos": "V/t",
                    "base": "ir",
                    "morph": "mu.n.da.b:~"
                  }
                },
                {
                  "node": "d",
                  "type": "line-start",
                  "ref": "P414382.4",
                  "n": "3",
                  "label": "o 3"
                },
                {
                  "node": "l",
                  "frag": "[...]",
                  "id": "P414382.l02542",
                  "ref": "P414382.4.1",
                  "inst": "u",
                  "f": {
                    "lang": "sux",
                    "form": "x",
                    "delim": " ",
                    "gdl": [
                      {
                        "x": "ellipsis",
                        "id": "P414382.4.1.0",
                        "breakStart": "1",
                        "break": "missing",
                        "o": "]",
                        "breakEnd": "P414382.4.1.0"
                      }
                    ],
                    "pos": "u"
                  }
                },
                {
                  "node": "l",
                  "frag": "er₂-ra",
                  "id": "P414382.l02543",
                  "ref": "P414382.4.2",
                  "inst": "er[tears]N",
                  "sig": "@blms%sux:er₂-ra=er[tears//tears]N'N$er,ak/er₂+-ra=r.a#~,ak",
                  "f": {
                    "lang": "sux",
                    "form": "er₂-ra",
                    "delim": " ",
                    "gdl": [
                      {
                        "v": "er₂",
                        "id": "P414382.4.2.0",
                        "delim": "-"
                      },
                      {
                        "v": "ra",
                        "id": "P414382.4.2.1"
                      }
                    ],
                    "cf": "er",
                    "gw": "tears",
                    "sense": "tears",
                    "norm0": "er,ak",
                    "pos": "N",
                    "epos": "N",
                    "base": "er₂",
                    "cont": "-ra=r.a",
                    "morph": "~,ak"
                  }
                },
                {
                  "node": "l",
                  "frag": "<mu-un-da-ab-ir>",
                  "id": "P414382.l02544",
                  "ref": "P414382.4.3",
                  "inst": "ir[bring]V/t/ir",
                  "sig": "@blms%sux-x-emesal:mu-un-da-ab-ir=ir[bring//bring]V/t'V/t$mu.n.da.b:ir/ir#mu.n.da.b:~",
                  "f": {
                    "lang": "sux-x-emesal",
                    "form": "mu-un-da-ab-ir",
                    "gdl": [
                      {
                        "v": "mu",
                        "id": "P414382.4.3.0",
                        "statusStart": "1",
                        "o": "<",
                        "delim": "-"
                      },
                      {
                        "v": "un",
                        "id": "P414382.4.3.1",
                        "delim": "-"
                      },
                      {
                        "v": "da",
                        "id": "P414382.4.3.2",
                        "delim": "-"
                      },
                      {
                        "v": "ab",
                        "id": "P414382.4.3.3",
                        "delim": "-"
                      },
                      {
                        "v": "ir",
                        "id": "P414382.4.3.4",
                        "o": ">",
                        "statusStart": "P414382.4.3.0"
                      }
                    ],
                    "cf": "ir",
                    "gw": "bring",
                    "sense": "bring",
                    "norm0": "mu.n.da.b:ir",
                    "pos": "V/t",
                    "epos": "V/t",
                    "base": "ir",
                    "morph": "mu.n.da.b:~"
                  }
                },
                {
                  "node": "d",
                  "type": "line-start",
                  "ref": "P414382.5",
                  "n": "4",
                  "label": "o 4"
                },
                {
                  "node": "l",
                  "frag": "[...]",
                  "id": "P414382.l02545",
                  "ref": "P414382.5.1",
                  "inst": "u",
                  "f": {
                    "lang": "sux",
                    "form": "x",
                    "delim": " ",
                    "gdl": [
                      {
                        "x": "ellipsis",
                        "id": "P414382.5.1.0",
                        "breakStart": "1",
                        "break": "missing",
                        "o": "]",
                        "breakEnd": "P414382.5.1.0"
                      }
                    ],
                    "pos": "u"
                  }
                },
                {
                  "node": "l",
                  "frag": "er₂-ra",
                  "id": "P414382.l02546",
                  "ref": "P414382.5.2",
                  "inst": "er[tears]N",
                  "sig": "@blms%sux:er₂-ra=er[tears//tears]N'N$er,ak/er₂+-ra=r.a#~,ak",
                  "f": {
                    "lang": "sux",
                    "form": "er₂-ra",
                    "delim": " ",
                    "gdl": [
                      {
                        "v": "er₂",
                        "id": "P414382.5.2.0",
                        "delim": "-"
                      },
                      {
                        "v": "ra",
                        "id": "P414382.5.2.1"
                      }
                    ],
                    "cf": "er",
                    "gw": "tears",
                    "sense": "tears",
                    "norm0": "er,ak",
                    "pos": "N",
                    "epos": "N",
                    "base": "er₂",
                    "cont": "-ra=r.a",
                    "morph": "~,ak"
                  }
                },
                {
                  "node": "l",
                  "frag": "<mu-un-da-ab-ir>",
                  "id": "P414382.l02547",
                  "ref": "P414382.5.3",
                  "inst": "ir[bring]V/t/ir",
                  "sig": "@blms%sux-x-emesal:mu-un-da-ab-ir=ir[bring//bring]V/t'V/t$mu.n.da.b:ir/ir#mu.n.da.b:~",
                  "f": {
                    "lang": "sux-x-emesal",
                    "form": "mu-un-da-ab-ir",
                    "gdl": [
                      {
                        "v": "mu",
                        "id": "P414382.5.3.0",
                        "statusStart": "1",
                        "o": "<",
                        "delim": "-"
                      },
                      {
                        "v": "un",
                        "id": "P414382.5.3.1",
                        "delim": "-"
                      },
                      {
                        "v": "da",
                        "id": "P414382.5.3.2",
                        "delim": "-"
                      },
                      {
                        "v": "ab",
                        "id": "P414382.5.3.3",
                        "delim": "-"
                      },
                      {
                        "v": "ir",
                        "id": "P414382.5.3.4",
                        "o": ">",
                        "statusStart": "P414382.5.3.0"
                      }
                    ],
                    "cf": "ir",
                    "gw": "bring",
                    "sense": "bring",
                    "norm0": "mu.n.da.b:ir",
                    "pos": "V/t",
                    "epos": "V/t",
                    "base": "ir",
                    "morph": "mu.n.da.b:~"
                  }
                },
                {
                  "node": "d",
                  "type": "line-start",
                  "ref": "P414382.6",
                  "n": "5",
                  "label": "o 5"
                },
                {
                  "node": "l",
                  "frag": "[...]",
                  "id": "P414382.l02548",
                  "ref": "P414382.6.1",
                  "inst": "u",
                  "f": {
                    "lang": "sux",
                    "form": "x",
                    "delim": " ",
                    "gdl": [
                      {
                        "x": "ellipsis",
                        "id": "P414382.6.1.0",
                        "breakStart": "1",
                        "break": "missing",
                        "o": "]",
                        "breakEnd": "P414382.6.1.0"
                      }
                    ],
                    "pos": "u"
                  }
                },
                {
                  "node": "l",
                  "frag": "er₂-ra",
                  "id": "P414382.l02549",
                  "ref": "P414382.6.2",
                  "inst": "er[tears]N",
                  "sig": "@blms%sux:er₂-ra=er[tears//tears]N'N$er,ak/er₂+-ra=r.a#~,ak",
                  "f": {
                    "lang": "sux",
                    "form": "er₂-ra",
                    "delim": " ",
                    "gdl": [
                      {
                        "v": "er₂",
                        "id": "P414382.6.2.0",
                        "delim": "-"
                      },
                      {
                        "v": "ra",
                        "id": "P414382.6.2.1"
                      }
                    ],
                    "cf": "er",
                    "gw": "tears",
                    "sense": "tears",
                    "norm0": "er,ak",
                    "pos": "N",
                    "epos": "N",
                    "base": "er₂",
                    "cont": "-ra=r.a",
                    "morph": "~,ak"
                  }
                },
                {
                  "node": "l",
                  "frag": "<mu-un-da-ab-ir>",
                  "id": "P414382.l0254a",
                  "ref": "P414382.6.3",
                  "inst": "ir[bring]V/t/ir",
                  "sig": "@blms%sux-x-emesal:mu-un-da-ab-ir=ir[bring//bring]V/t'V/t$mu.n.da.b:ir/ir#mu.n.da.b:~",
                  "f": {
                    "lang": "sux-x-emesal",
                    "form": "mu-un-da-ab-ir",
                    "gdl": [
                      {
                        "v": "mu",
                        "id": "P414382.6.3.0",
                        "statusStart": "1",
                        "o": "<",
                        "delim": "-"
                      },
                      {
                        "v": "un",
                        "id": "P414382.6.3.1",
                        "delim": "-"
                      },
                      {
                        "v": "da",
                        "id": "P414382.6.3.2",
                        "delim": "-"
                      },
                      {
                        "v": "ab",
                        "id": "P414382.6.3.3",
                        "delim": "-"
                      },
                      {
                        "v": "ir",
                        "id": "P414382.6.3.4",
                        "o": ">",
                        "statusStart": "P414382.6.3.0"
                      }
                    ],
                    "cf": "ir",
                    "gw": "bring",
                    "sense": "bring",
                    "norm0": "mu.n.da.b:ir",
                    "pos": "V/t",
                    "epos": "V/t",
                    "base": "ir",
                    "morph": "mu.n.da.b:~"
                  }
                },
                {
                  "node": "d",
                  "type": "line-start",
                  "ref": "P414382.7",
                  "n": "6",
                  "label": "o 6"
                },
                {
                  "node": "l",
                  "frag": "[...]",
                  "id": "P414382.l0254b",
                  "ref": "P414382.7.1",
                  "inst": "u",
                  "f": {
                    "lang": "sux",
                    "form": "x",
                    "delim": " ",
                    "gdl": [
                      {
                        "x": "ellipsis",
                        "id": "P414382.7.1.0",
                        "breakStart": "1",
                        "break": "missing",
                        "o": "]",
                        "breakEnd": "P414382.7.1.0"
                      }
                    ],
                    "pos": "u"
                  }
                },
                {
                  "node": "l",
                  "frag": "⸢er₂⸣-ra",
                  "id": "P414382.l0254c",
                  "ref": "P414382.7.2",
                  "inst": "er[tears]N",
                  "sig": "@blms%sux:er₂-ra=er[tears//tears]N'N$er,ak/er₂+-ra=r.a#~,ak",
                  "f": {
                    "lang": "sux",
                    "form": "er₂-ra",
                    "delim": " ",
                    "gdl": [
                      {
                        "v": "er₂",
                        "id": "P414382.7.2.0",
                        "break": "damaged",
                        "ho": "1",
                        "delim": "-",
                        "hc": "1"
                      },
                      {
                        "v": "ra",
                        "id": "P414382.7.2.1"
                      }
                    ],
                    "cf": "er",
                    "gw": "tears",
                    "sense": "tears",
                    "norm0": "er,ak",
                    "pos": "N",
                    "epos": "N",
                    "base": "er₂",
                    "cont": "-ra=r.a",
                    "morph": "~,ak"
                  }
                },
                {
                  "node": "l",
                  "frag": "<mu-un-da-ab-ir>",
                  "id": "P414382.l0254d",
                  "ref": "P414382.7.3",
                  "inst": "ir[bring]V/t/ir",
                  "sig": "@blms%sux-x-emesal:mu-un-da-ab-ir=ir[bring//bring]V/t'V/t$mu.n.da.b:ir/ir#mu.n.da.b:~",
                  "f": {
                    "lang": "sux-x-emesal",
                    "form": "mu-un-da-ab-ir",
                    "gdl": [
                      {
                        "v": "mu",
                        "id": "P414382.7.3.0",
                        "statusStart": "1",
                        "o": "<",
                        "delim": "-"
                      },
                      {
                        "v": "un",
                        "id": "P414382.7.3.1",
                        "delim": "-"
                      },
                      {
                        "v": "da",
                        "id": "P414382.7.3.2",
                        "delim": "-"
                      },
                      {
                        "v": "ab",
                        "id": "P414382.7.3.3",
                        "delim": "-"
                      },
                      {
                        "v": "ir",
                        "id": "P414382.7.3.4",
                        "o": ">",
                        "statusStart": "P414382.7.3.0"
                      }
                    ],
                    "cf": "ir",
                    "gw": "bring",
                    "sense": "bring",
                    "norm0": "mu.n.da.b:ir",
                    "pos": "V/t",
                    "epos": "V/t",
                    "base": "ir",
                    "morph": "mu.n.da.b:~"
                  }
                },
                {
                  "node": "d",
                  "type": "line-start",
                  "ref": "P414382.8",
                  "n": "7",
                  "label": "o 7"
                },
                {
                  "node": "l",
                  "frag": "[...]",
                  "id": "P414382.l0254e",
                  "ref": "P414382.8.1",
                  "inst": "u",
                  "f": {
                    "lang": "sux",
                    "form": "x",
                    "delim": " ",
                    "gdl": [
                      {
                        "x": "ellipsis",
                        "id": "P414382.8.1.0",
                        "breakStart": "1",
                        "break": "missing",
                        "o": "]",
                        "breakEnd": "P414382.8.1.0"
                      }
                    ],
                    "pos": "u"
                  }
                },
                {
                  "node": "l",
                  "frag": "⸢er₂-ra⸣",
                  "id": "P414382.l0254f",
                  "ref": "P414382.8.2",
                  "inst": "er[tears]N",
                  "sig": "@blms%sux:er₂-ra=er[tears//tears]N'N$er,ak/er₂+-ra=r.a#~,ak",
                  "f": {
                    "lang": "sux",
                    "form": "er₂-ra",
                    "delim": " ",
                    "gdl": [
                      {
                        "v": "er₂",
                        "id": "P414382.8.2.0",
                        "break": "damaged",
                        "ho": "1",
                        "delim": "-"
                      },
                      {
                        "v": "ra",
                        "id": "P414382.8.2.1",
                        "break": "damaged",
                        "hc": "1"
                      }
                    ],
                    "cf": "er",
                    "gw": "tears",
                    "sense": "tears",
                    "norm0": "er,ak",
                    "pos": "N",
                    "epos": "N",
                    "base": "er₂",
                    "cont": "-ra=r.a",
                    "morph": "~,ak"
                  }
                },
                {
                  "node": "l",
                  "frag": "<mu-un-da-ab-ir>",
                  "id": "P414382.l02550",
                  "ref": "P414382.8.3",
                  "inst": "ir[bring]V/t/ir",
                  "sig": "@blms%sux-x-emesal:mu-un-da-ab-ir=ir[bring//bring]V/t'V/t$mu.n.da.b:ir/ir#mu.n.da.b:~",
                  "f": {
                    "lang": "sux-x-emesal",
                    "form": "mu-un-da-ab-ir",
                    "gdl": [
                      {
                        "v": "mu",
                        "id": "P414382.8.3.0",
                        "statusStart": "1",
                        "o": "<",
                        "delim": "-"
                      },
                      {
                        "v": "un",
                        "id": "P414382.8.3.1",
                        "delim": "-"
                      },
                      {
                        "v": "da",
                        "id": "P414382.8.3.2",
                        "delim": "-"
                      },
                      {
                        "v": "ab",
                        "id": "P414382.8.3.3",
                        "delim": "-"
                      },
                      {
                        "v": "ir",
                        "id": "P414382.8.3.4",
                        "o": ">",
                        "statusStart": "P414382.8.3.0"
                      }
                    ],
                    "cf": "ir",
                    "gw": "bring",
                    "sense": "bring",
                    "norm0": "mu.n.da.b:ir",
                    "pos": "V/t",
                    "epos": "V/t",
                    "base": "ir",
                    "morph": "mu.n.da.b:~"
                  }
                },
                {
                  "node": "d",
                  "type": "line-start",
                  "ref": "P414382.9",
                  "n": "8",
                  "label": "o 8"
                },
                {
                  "node": "l",
                  "frag": "[...",
                  "id": "P414382.l02551",
                  "ref": "P414382.9.1",
                  "inst": "u",
                  "f": {
                    "lang": "sux",
                    "form": "x",
                    "delim": " ",
                    "gdl": [
                      {
                        "x": "ellipsis",
                        "id": "P414382.9.1.0",
                        "breakStart": "1",
                        "break": "missing",
                        "o": "["
                      }
                    ],
                    "pos": "u"
                  }
                },
                {
                  "node": "l",
                  "frag": "er₂-ra]",
                  "id": "P414382.l02552",
                  "ref": "P414382.9.2",
                  "inst": "er[tears]N",
                  "sig": "@blms%sux:er₂-ra=er[tears//tears]N'N$er,ak/er₂+-ra=r.a#~,ak",
                  "f": {
                    "lang": "sux",
                    "form": "er₂-ra",
                    "delim": " ",
                    "gdl": [
                      {
                        "v": "er₂",
                        "id": "P414382.9.2.0",
                        "break": "missing",
                        "delim": "-"
                      },
                      {
                        "v": "ra",
                        "id": "P414382.9.2.1",
                        "break": "missing",
                        "o": "]",
                        "breakEnd": "P414382.9.1.0"
                      }
                    ],
                    "cf": "er",
                    "gw": "tears",
                    "sense": "tears",
                    "norm0": "er,ak",
                    "pos": "N",
                    "epos": "N",
                    "base": "er₂",
                    "cont": "-ra=r.a",
                    "morph": "~,ak"
                  }
                },
                {
                  "node": "l",
                  "frag": "<mu-un-da-ab-ir>",
                  "id": "P414382.l02553",
                  "ref": "P414382.9.3",
                  "inst": "ir[bring]V/t/ir",
                  "sig": "@blms%sux-x-emesal:mu-un-da-ab-ir=ir[bring//bring]V/t'V/t$mu.n.da.b:ir/ir#mu.n.da.b:~",
                  "f": {
                    "lang": "sux-x-emesal",
                    "form": "mu-un-da-ab-ir",
                    "gdl": [
                      {
                        "v": "mu",
                        "id": "P414382.9.3.0",
                        "statusStart": "1",
                        "o": "<",
                        "delim": "-"
                      },
                      {
                        "v": "un",
                        "id": "P414382.9.3.1",
                        "delim": "-"
                      },
                      {
                        "v": "da",
                        "id": "P414382.9.3.2",
                        "delim": "-"
                      },
                      {
                        "v": "ab",
                        "id": "P414382.9.3.3",
                        "delim": "-"
                      },
                      {
                        "v": "ir",
                        "id": "P414382.9.3.4",
                        "o": ">",
                        "statusStart": "P414382.9.3.0"
                      }
                    ],
                    "cf": "ir",
                    "gw": "bring",
                    "sense": "bring",
                    "norm0": "mu.n.da.b:ir",
                    "pos": "V/t",
                    "epos": "V/t",
                    "base": "ir",
                    "morph": "mu.n.da.b:~"
                  }
                },
                {
                  "node": "d",
                  "type": "line-start",
                  "ref": "P414382.10"
                },
                {
                  "node": "d",
                  "type": "line-start",
                  "ref": "P414382.10l",
                  "n": "9",
                  "label": "o 9"
                },
                {
                  "node": "l",
                  "frag": "[...]-⸢un-mar⸣",
                  "id": "P414382.l02554",
                  "ref": "P414382.10.1",
                  "inst": "u",
                  "f": {
                    "lang": "sux-x-emesal",
                    "form": "x-un-mar",
                    "gdl": [
                      {
                        "x": "ellipsis",
                        "id": "P414382.10.1.0",
                        "breakStart": "1",
                        "break": "missing",
                        "o": "]",
                        "breakEnd": "P414382.10.1.0",
                        "delim": "-"
                      },
                      {
                        "v": "un",
                        "id": "P414382.10.1.1",
                        "break": "damaged",
                        "queried": "1",
                        "ho": "1",
                        "delim": "-"
                      },
                      {
                        "v": "mar",
                        "id": "P414382.10.1.2",
                        "break": "damaged",
                        "queried": "1",
                        "hc": "1"
                      }
                    ],
                    "pos": "u"
                  }
                },
                {
                  "node": "d",
                  "type": "line-start",
                  "ref": ""
                },
                {
                  "node": "l",
                  "frag": "[...]-⸢nu⸣",
                  "id": "P414382.l02555",
                  "ref": "P414382.10.813000",
                  "inst": "u",
                  "f": {
                    "lang": "akk-x-stdbab",
                    "form": "x-nu",
                    "gdl": [
                      {
                        "x": "ellipsis",
                        "id": "P414382.10.813000.0",
                        "breakStart": "1",
                        "break": "missing",
                        "o": "]",
                        "breakEnd": "P414382.10.813000.0",
                        "delim": "-"
                      },
                      {
                        "v": "nu",
                        "id": "P414382.10.813000.1",
                        "break": "damaged",
                        "queried": "1",
                        "ho": "1",
                        "hc": "1"
                      }
                    ],
                    "pos": "u"
                  }
                },
                {
                  "node": "d",
                  "type": "nonx",
                  "ref": "P414382.11",
                  "strict": "0",
                  "state": "missing"
                }
              ]
            }
          ]
        }
      ]
    }
  ]
}
