{
  "type": "cdl",
  "project": "blms",
  "source": "http://oracc.org/blms",
  "license": "This data is released under the CC0 license",
  "license-url": "https://creativecommons.org/publicdomain/zero/1.0/",
  "more-info": "http://oracc.org/doc/opendata/",
  "UTC-timestamp": "2018-06-04T03:18:04",
  "textid": "X000003",
  "cdl": [
    {
      "node": "c",
      "type": "text",
      "id": "X000003.U0",
      "cdl": [
        {
          "node": "d",
          "type": "object",
          "ref": ""
        },
        {
          "node": "d",
          "subtype": "obverse",
          "type": "obverse",
          "ref": "X000003.o.1",
          "label": "o"
        },
        {
          "node": "c",
          "type": "discourse",
          "subtype": "body",
          "id": "X000003.U1",
          "cdl": [
            {
              "node": "c",
              "type": "sentence",
              "implicit": "yes",
              "id": "X000003.U2",
              "cdl": [
                {
                  "node": "d",
                  "type": "line-start",
                  "ref": "X000003.2"
                },
                {
                  "node": "d",
                  "type": "line-start",
                  "ref": "X000003.2l",
                  "n": "1",
                  "label": "o 1"
                },
                {
                  "node": "l",
                  "frag": "{ŋeš}ig",
                  "id": "X000003.l0732a",
                  "ref": "X000003.2.1",
                  "inst": "ig[door]N",
                  "sig": "@blms%sux:{ŋeš}ig=ig[door//door]N'N$ig/{ŋeš}ig#~",
                  "f": {
                    "lang": "sux",
                    "form": "{ŋeš}ig",
                    "delim": "",
                    "gdl": [
                      {
                        "det": "semantic",
                        "pos": "pre",
                        "seq": [
                          {
                            "v": "ŋeš",
                            "id": "X000003.2.1.0"
                          }
                        ]
                      },
                      {
                        "v": "ig",
                        "id": "X000003.2.1.1"
                      }
                    ],
                    "cf": "ig",
                    "gw": "door",
                    "sense": "door",
                    "norm0": "ig",
                    "pos": "N",
                    "epos": "N",
                    "base": "{ŋeš}ig",
                    "morph": "~"
                  }
                },
                {
                  "node": "l",
                  "frag": "{ŋeš}saŋ-kul-ta",
                  "id": "X000003.l0732b",
                  "ref": "X000003.2.2",
                  "inst": "saŋkul[bolt]N",
                  "sig": "@blms%sux:{ŋeš}saŋ-kul-ta=saŋkul[bolt//bolt]N'N$saŋkul,ta/{ŋeš}saŋ-kul#~,ta",
                  "f": {
                    "lang": "sux",
                    "form": "{ŋeš}saŋ-kul-ta",
                    "delim": "",
                    "gdl": [
                      {
                        "det": "semantic",
                        "pos": "pre",
                        "seq": [
                          {
                            "v": "ŋeš",
                            "id": "X000003.2.2.0"
                          }
                        ]
                      },
                      {
                        "v": "saŋ",
                        "id": "X000003.2.2.1",
                        "delim": "-"
                      },
                      {
                        "v": "kul",
                        "id": "X000003.2.2.2",
                        "delim": "-"
                      },
                      {
                        "v": "ta",
                        "id": "X000003.2.2.3"
                      }
                    ],
                    "cf": "saŋkul",
                    "gw": "bolt",
                    "sense": "bolt",
                    "norm0": "saŋkul,ta",
                    "pos": "N",
                    "epos": "N",
                    "base": "{ŋeš}saŋ-kul",
                    "morph": "~,ta"
                  }
                },
                {
                  "node": "l",
                  "frag": "⸢sa⸣",
                  "id": "X000003.l0732c",
                  "ref": "X000003.2.3",
                  "inst": "sa[sinew//binding]N'N/sa#~",
                  "sig": "@blms%sux:sa=sa[sinew//binding]N'N$sa/sa#~",
                  "f": {
                    "lang": "sux",
                    "form": "sa",
                    "delim": "",
                    "gdl": [
                      {
                        "v": "sa",
                        "id": "X000003.2.3.0",
                        "break": "damaged",
                        "ho": "1",
                        "hc": "1"
                      }
                    ],
                    "cf": "sa",
                    "gw": "sinew",
                    "sense": "binding",
                    "norm0": "sa",
                    "pos": "N",
                    "epos": "N",
                    "base": "sa",
                    "morph": "~"
                  }
                },
                {
                  "node": "l",
                  "frag": "nu-⸢duh⸣-u₃-da",
                  "id": "X000003.l0732d",
                  "ref": "X000003.2.4",
                  "inst": "duh[loosen]V/t/duh#nu:~;ed.a",
                  "sig": "@blms%sux:nu-duh-u₃-da=duh[loosen//loosen]V/t'V/t$nu:duh;ed.a/duh#nu:~;ed.a",
                  "f": {
                    "lang": "sux",
                    "form": "nu-duh-u₃-da",
                    "delim": "",
                    "gdl": [
                      {
                        "v": "nu",
                        "id": "X000003.2.4.0",
                        "delim": "-"
                      },
                      {
                        "v": "duh",
                        "id": "X000003.2.4.1",
                        "break": "damaged",
                        "ho": "1",
                        "delim": "-",
                        "hc": "1"
                      },
                      {
                        "v": "u₃",
                        "id": "X000003.2.4.2",
                        "delim": "-"
                      },
                      {
                        "v": "da",
                        "id": "X000003.2.4.3"
                      }
                    ],
                    "cf": "duh",
                    "gw": "loosen",
                    "sense": "loosen",
                    "norm0": "nu:duh;ed.a",
                    "pos": "V/t",
                    "epos": "V/t",
                    "base": "duh",
                    "morph": "nu:~;ed.a"
                  }
                },
                {
                  "node": "l",
                  "frag": "he₂-⸢ni⸣-[ib₂-sir₃-re-e]-⸢ne⸣",
                  "id": "X000003.l0732e",
                  "ref": "X000003.2.5",
                  "inst": "sir[bind]V/t/sir₃+-re=r.e",
                  "sig": "@blms%sux:he₂-ni-ib₂-sir₃-re-e-ne=sir[bind//bind]V/t'V/t$ha.V.ni.b:sir;e.ene/sir₃+-re=r.e#ha.V.ni.b:~;e.ene",
                  "f": {
                    "lang": "sux",
                    "form": "he₂-ni-ib₂-sir₃-re-e-ne",
                    "gdl": [
                      {
                        "v": "he₂",
                        "id": "X000003.2.5.0",
                        "delim": "-"
                      },
                      {
                        "v": "ni",
                        "id": "X000003.2.5.1",
                        "break": "damaged",
                        "ho": "1",
                        "delim": "-",
                        "hc": "1"
                      },
                      {
                        "v": "ib₂",
                        "id": "X000003.2.5.2",
                        "breakStart": "1",
                        "o": "[",
                        "break": "missing",
                        "delim": "-"
                      },
                      {
                        "v": "sir₃",
                        "id": "X000003.2.5.3",
                        "break": "missing",
                        "delim": "-"
                      },
                      {
                        "v": "re",
                        "id": "X000003.2.5.4",
                        "break": "missing",
                        "delim": "-"
                      },
                      {
                        "v": "e",
                        "id": "X000003.2.5.5",
                        "break": "missing",
                        "o": "]",
                        "breakEnd": "X000003.2.5.2",
                        "delim": "-"
                      },
                      {
                        "v": "ne",
                        "id": "X000003.2.5.6",
                        "break": "damaged",
                        "ho": "1",
                        "hc": "1"
                      }
                    ],
                    "cf": "sir",
                    "gw": "bind",
                    "sense": "bind",
                    "norm0": "ha.V.ni.b:sir;e.ene",
                    "pos": "V/t",
                    "epos": "V/t",
                    "base": "sir₃",
                    "cont": "-re=r.e",
                    "morph": "ha.V.ni.b:~;e.ene"
                  }
                },
                {
                  "node": "d",
                  "type": "line-start",
                  "ref": ""
                },
                {
                  "node": "l",
                  "frag": "dal-tu₄",
                  "id": "X000003.l0732f",
                  "ref": "X000003.2.1613000",
                  "inst": "daltu[door]N$",
                  "sig": "@blms%akk-x-stdbab:dal-tu₄=daltu[door//door]N'N$daltu",
                  "f": {
                    "lang": "akk-x-stdbab",
                    "form": "dal-tu₄",
                    "delim": "",
                    "gdl": [
                      {
                        "v": "dal",
                        "id": "X000003.2.1613000.0",
                        "delim": "-"
                      },
                      {
                        "v": "tu₄",
                        "id": "X000003.2.1613000.1"
                      }
                    ],
                    "cf": "daltu",
                    "gw": "door",
                    "sense": "door",
                    "norm": "daltu",
                    "pos": "N",
                    "epos": "N"
                  }
                },
                {
                  "node": "l",
                  "frag": "sik-ku-ru",
                  "id": "X000003.l07330",
                  "ref": "X000003.2.1613001",
                  "inst": "sikkūru[bolt]N$",
                  "sig": "@blms%akk-x-stdbab:sik-ku-ru=sikkūru[bolt//bolt]N'N$sikkūru",
                  "f": {
                    "lang": "akk-x-stdbab",
                    "form": "sik-ku-ru",
                    "delim": "",
                    "gdl": [
                      {
                        "v": "sik",
                        "id": "X000003.2.1613001.0",
                        "delim": "-"
                      },
                      {
                        "v": "ku",
                        "id": "X000003.2.1613001.1",
                        "delim": "-"
                      },
                      {
                        "v": "ru",
                        "id": "X000003.2.1613001.2"
                      }
                    ],
                    "cf": "sikkūru",
                    "gw": "bolt",
                    "sense": "bolt",
                    "norm": "sikkūru",
                    "pos": "N",
                    "epos": "N"
                  }
                },
                {
                  "node": "l",
                  "frag": "mar-ka-su",
                  "id": "X000003.l07331",
                  "ref": "X000003.2.1613002",
                  "inst": "markasu[bond//rope]N'N$",
                  "sig": "@blms%akk-x-stdbab:mar-ka-su=markasu[bond//rope]N'N$markasu",
                  "f": {
                    "lang": "akk-x-stdbab",
                    "form": "mar-ka-su",
                    "delim": "",
                    "gdl": [
                      {
                        "v": "mar",
                        "id": "X000003.2.1613002.0",
                        "delim": "-"
                      },
                      {
                        "v": "ka",
                        "id": "X000003.2.1613002.1",
                        "delim": "-"
                      },
                      {
                        "v": "su",
                        "id": "X000003.2.1613002.2"
                      }
                    ],
                    "cf": "markasu",
                    "gw": "bond",
                    "sense": "rope",
                    "norm": "markasu",
                    "pos": "N",
                    "epos": "N"
                  }
                },
                {
                  "node": "l",
                  "frag": "la",
                  "id": "X000003.l07332",
                  "ref": "X000003.2.1613003",
                  "inst": "lā[not]MOD",
                  "sig": "@blms%akk-x-stdbab:la=lā[not//not]MOD'MOD$lā",
                  "f": {
                    "lang": "akk-x-stdbab",
                    "form": "la",
                    "delim": "",
                    "gdl": [
                      {
                        "v": "la",
                        "id": "X000003.2.1613003.0"
                      }
                    ],
                    "cf": "lā",
                    "gw": "not",
                    "sense": "not",
                    "norm": "lā",
                    "pos": "MOD",
                    "epos": "MOD"
                  }
                },
                {
                  "node": "l",
                  "frag": "pa-ṭa-⸢ri⸣",
                  "id": "X000003.l07333",
                  "ref": "X000003.2.1613004",
                  "inst": "paṭāru[loosen//loosening]V'N$paṭāri",
                  "sig": "@blms%akk-x-stdbab:pa-ṭa-ri=paṭāru[loosen//loosening]V'N$paṭāri",
                  "f": {
                    "lang": "akk-x-stdbab",
                    "form": "pa-ṭa-ri",
                    "delim": "",
                    "gdl": [
                      {
                        "v": "pa",
                        "id": "X000003.2.1613004.0",
                        "delim": "-"
                      },
                      {
                        "v": "ṭa",
                        "id": "X000003.2.1613004.1",
                        "delim": "-"
                      },
                      {
                        "v": "ri",
                        "id": "X000003.2.1613004.2",
                        "break": "damaged",
                        "ho": "1",
                        "hc": "1"
                      }
                    ],
                    "cf": "paṭāru",
                    "gw": "loosen",
                    "sense": "loosening",
                    "norm": "paṭāri",
                    "pos": "V",
                    "epos": "N"
                  }
                },
                {
                  "node": "l",
                  "frag": "[lik-lu-šu₂]",
                  "id": "X000003.l07334",
                  "ref": "X000003.2.1613005",
                  "inst": "kalû[hold (back)]V$liklûšu",
                  "sig": "@blms%akk-x-stdbab:lik-lu-šu₂=kalû[hold (back)//hold (back)]V'V$liklûšu",
                  "f": {
                    "lang": "akk-x-stdbab",
                    "form": "lik-lu-šu₂",
                    "gdl": [
                      {
                        "v": "lik",
                        "id": "X000003.2.1613005.0",
                        "breakStart": "1",
                        "o": "[",
                        "break": "missing",
                        "delim": "-"
                      },
                      {
                        "v": "lu",
                        "id": "X000003.2.1613005.1",
                        "break": "missing",
                        "delim": "-"
                      },
                      {
                        "v": "šu₂",
                        "id": "X000003.2.1613005.2",
                        "break": "missing",
                        "o": "]",
                        "breakEnd": "X000003.2.1613005.0"
                      }
                    ],
                    "cf": "kalû",
                    "gw": "hold (back)",
                    "sense": "hold (back)",
                    "norm": "liklûšu",
                    "pos": "V",
                    "epos": "V"
                  }
                },
                {
                  "node": "d",
                  "type": "line-start",
                  "ref": "X000003.3"
                },
                {
                  "node": "d",
                  "type": "line-start",
                  "ref": "X000003.3l",
                  "n": "2",
                  "label": "o 2"
                },
                {
                  "node": "l",
                  "frag": "kun₄",
                  "id": "X000003.l07335",
                  "ref": "X000003.3.1",
                  "inst": "kuŋ[threshold]N",
                  "sig": "@blms%sux:kun₄=kuŋ[stair//threshold]N'N$kuŋ/kun₄#~",
                  "f": {
                    "lang": "sux",
                    "form": "kun₄",
                    "delim": "",
                    "gdl": [
                      {
                        "v": "kun₄",
                        "id": "X000003.3.1.0"
                      }
                    ],
                    "cf": "kuŋ",
                    "gw": "stair",
                    "sense": "threshold",
                    "norm0": "kuŋ",
                    "pos": "N",
                    "epos": "N",
                    "base": "kun₄",
                    "morph": "~"
                  }
                },
                {
                  "node": "l",
                  "frag": "za-ra-ta",
                  "id": "X000003.l07336",
                  "ref": "X000003.3.2",
                  "inst": "zara[pivot]N/za-ra#~,ta",
                  "sig": "@blms%sux:za-ra-ta=zara[pivot//pivot]N'N$zara,ta/za-ra#~,ta",
                  "f": {
                    "lang": "sux",
                    "form": "za-ra-ta",
                    "delim": "",
                    "gdl": [
                      {
                        "v": "za",
                        "id": "X000003.3.2.0",
                        "delim": "-"
                      },
                      {
                        "v": "ra",
                        "id": "X000003.3.2.1",
                        "delim": "-"
                      },
                      {
                        "v": "ta",
                        "id": "X000003.3.2.2"
                      }
                    ],
                    "cf": "zara",
                    "gw": "pivot",
                    "sense": "pivot",
                    "norm0": "zara,ta",
                    "pos": "N",
                    "epos": "N",
                    "base": "za-ra",
                    "morph": "~,ta"
                  }
                },
                {
                  "node": "l",
                  "frag": "mu-un-us₂-la-ah-he-e-ne",
                  "id": "X000003.l07337",
                  "ref": "X000003.3.3",
                  "inst": "zalah[slip]V/i/u°s₂-la-ah+-he=h.e#mu.n:~;e.ene",
                  "sig": "@blms%sux:mu-un-us₂-la-ah-he-e-ne=zalah[slip//slip]V/i'V/i$mu.n:zalah;e.ene/u°s₂-la-ah+-he=h.e#mu.n:~;e.ene",
                  "f": {
                    "lang": "sux",
                    "form": "mu-un-us₂-la-ah-he-e-ne",
                    "gdl": [
                      {
                        "v": "mu",
                        "id": "X000003.3.3.0",
                        "delim": "-"
                      },
                      {
                        "v": "un",
                        "id": "X000003.3.3.1",
                        "delim": "-"
                      },
                      {
                        "v": "us₂",
                        "id": "X000003.3.3.2",
                        "delim": "-"
                      },
                      {
                        "v": "la",
                        "id": "X000003.3.3.3",
                        "delim": "-"
                      },
                      {
                        "v": "ah",
                        "id": "X000003.3.3.4",
                        "delim": "-"
                      },
                      {
                        "v": "he",
                        "id": "X000003.3.3.5",
                        "delim": "-"
                      },
                      {
                        "v": "e",
                        "id": "X000003.3.3.6",
                        "delim": "-"
                      },
                      {
                        "v": "ne",
                        "id": "X000003.3.3.7"
                      }
                    ],
                    "cf": "zalah",
                    "gw": "slip",
                    "sense": "slip",
                    "norm0": "mu.n:zalah;e.ene",
                    "pos": "V/i",
                    "epos": "V/i",
                    "base": "u°s₂-la-ah",
                    "cont": "-he=h.e",
                    "morph": "mu.n:~;e.ene"
                  }
                },
                {
                  "node": "d",
                  "type": "line-start",
                  "ref": ""
                },
                {
                  "node": "l",
                  "frag": "ša₂",
                  "id": "X000003.l07338",
                  "ref": "X000003.3.1614000",
                  "inst": "ša[that]REL",
                  "sig": "@blms%akk-x-stdbab:ša₂=ša[that//that]REL'REL$ša",
                  "f": {
                    "lang": "akk-x-stdbab",
                    "form": "ša₂",
                    "delim": "",
                    "gdl": [
                      {
                        "v": "ša₂",
                        "id": "X000003.3.1614000.0"
                      }
                    ],
                    "cf": "ša",
                    "gw": "that",
                    "sense": "that",
                    "norm": "ša",
                    "pos": "REL",
                    "epos": "REL"
                  }
                },
                {
                  "node": "l",
                  "frag": "ina",
                  "id": "X000003.l07339",
                  "ref": "X000003.3.1614001",
                  "inst": "ina[in]PRP",
                  "sig": "@blms%akk-x-stdbab:ina=ina[in//in]PRP'PRP$ina",
                  "f": {
                    "lang": "akk-x-stdbab",
                    "form": "ina",
                    "delim": "",
                    "gdl": [
                      {
                        "v": "ina",
                        "id": "X000003.3.1614001.0"
                      }
                    ],
                    "cf": "ina",
                    "gw": "in",
                    "sense": "in",
                    "norm": "ina",
                    "pos": "PRP",
                    "epos": "PRP"
                  }
                },
                {
                  "node": "l",
                  "frag": "as-kup-pa-ti",
                  "id": "X000003.l0733a",
                  "ref": "X000003.3.1614002",
                  "inst": "askuppu[(threshold) slab]N$askuppāti",
                  "sig": "@blms%akk-x-stdbab:as-kup-pa-ti=askuppu[(threshold) slab//(threshold) slab]N'N$askuppāti",
                  "f": {
                    "lang": "akk-x-stdbab",
                    "form": "as-kup-pa-ti",
                    "delim": "",
                    "gdl": [
                      {
                        "v": "as",
                        "id": "X000003.3.1614002.0",
                        "delim": "-"
                      },
                      {
                        "v": "kup",
                        "id": "X000003.3.1614002.1",
                        "delim": "-"
                      },
                      {
                        "v": "pa",
                        "id": "X000003.3.1614002.2",
                        "delim": "-"
                      },
                      {
                        "v": "ti",
                        "id": "X000003.3.1614002.3"
                      }
                    ],
                    "cf": "askuppu",
                    "gw": "(threshold) slab",
                    "sense": "(threshold) slab",
                    "norm": "askuppāti",
                    "pos": "N",
                    "epos": "N"
                  }
                },
                {
                  "node": "l",
                  "frag": "u",
                  "id": "X000003.l0733b",
                  "ref": "X000003.3.1614003",
                  "inst": "u[and]CNJ",
                  "sig": "@blms%akk-x-stdbab:u=u[and//and]CNJ'CNJ$u",
                  "f": {
                    "lang": "akk-x-stdbab",
                    "form": "u",
                    "delim": "",
                    "gdl": [
                      {
                        "v": "u",
                        "id": "X000003.3.1614003.0"
                      }
                    ],
                    "cf": "u",
                    "gw": "and",
                    "sense": "and",
                    "norm": "u",
                    "pos": "CNJ",
                    "epos": "CNJ"
                  }
                },
                {
                  "node": "l",
                  "frag": "ṣer-ri",
                  "id": "X000003.l0733c",
                  "ref": "X000003.3.1614004",
                  "inst": "ṣerru[socket for doorpost]N$ṣerrī",
                  "sig": "@blms%akk-x-stdbab:ṣer-ri=ṣerru[socket for doorpost//socket for doorpost]N'N$ṣerrī",
                  "f": {
                    "lang": "akk-x-stdbab",
                    "form": "ṣer-ri",
                    "delim": "",
                    "gdl": [
                      {
                        "v": "ṣer",
                        "id": "X000003.3.1614004.0",
                        "delim": "-"
                      },
                      {
                        "v": "ri",
                        "id": "X000003.3.1614004.1"
                      }
                    ],
                    "cf": "ṣerru",
                    "gw": "socket for doorpost",
                    "sense": "socket for doorpost",
                    "norm": "ṣerrī",
                    "pos": "N",
                    "epos": "N"
                  }
                },
                {
                  "node": "l",
                  "frag": "i-ziq-qu",
                  "id": "X000003.l0733d",
                  "ref": "X000003.3.1614005",
                  "inst": "ziāqu[blow//blow in]V'V$iziqqu",
                  "sig": "@blms%akk-x-stdbab:i-ziq-qu=ziāqu[blow//blow in]V'V$iziqqu",
                  "f": {
                    "lang": "akk-x-stdbab",
                    "form": "i-ziq-qu",
                    "gdl": [
                      {
                        "v": "i",
                        "id": "X000003.3.1614005.0",
                        "delim": "-"
                      },
                      {
                        "v": "ziq",
                        "id": "X000003.3.1614005.1",
                        "delim": "-"
                      },
                      {
                        "v": "qu",
                        "id": "X000003.3.1614005.2"
                      }
                    ],
                    "cf": "ziāqu",
                    "gw": "blow",
                    "sense": "blow in",
                    "norm": "iziqqu",
                    "pos": "V",
                    "epos": "V"
                  }
                },
                {
                  "node": "d",
                  "type": "line-start",
                  "ref": "X000003.4"
                },
                {
                  "node": "d",
                  "type": "line-start",
                  "ref": "X000003.4l",
                  "n": "3",
                  "label": "o 3"
                },
                {
                  "node": "l",
                  "frag": "ŋeš-ša₃-kan₄-na",
                  "id": "X000003.l0733e",
                  "ref": "X000003.4.1",
                  "inst": "ŋeškanak[jamb]N/ŋeš-ša₃-kan₄-na#~",
                  "sig": "@blms%sux:ŋeš-ša₃-kan₄-na=ŋeškanak[jamb//jamb]N'N$ŋeškanak/ŋeš-ša₃-kan₄-na#~",
                  "f": {
                    "lang": "sux",
                    "form": "ŋeš-ša₃-kan₄-na",
                    "delim": "",
                    "gdl": [
                      {
                        "v": "ŋeš",
                        "id": "X000003.4.1.0",
                        "delim": "-"
                      },
                      {
                        "v": "ša₃",
                        "id": "X000003.4.1.1",
                        "delim": "-"
                      },
                      {
                        "v": "kan₄",
                        "id": "X000003.4.1.2",
                        "delim": "-"
                      },
                      {
                        "v": "na",
                        "id": "X000003.4.1.3"
                      }
                    ],
                    "cf": "ŋeškanak",
                    "gw": "jamb",
                    "sense": "jamb",
                    "norm0": "ŋeškanak",
                    "pos": "N",
                    "epos": "N",
                    "base": "ŋeš-ša₃-kan₄-na",
                    "morph": "~"
                  }
                },
                {
                  "node": "d",
                  "frag": "<<na>>",
                  "type": "excised",
                  "ref": "X000003.4.2",
                  "lang": "sux",
                  "delim": ""
                },
                {
                  "node": "l",
                  "frag": "nu-kuš₂-u₃-ta",
                  "id": "X000003.l0733f",
                  "ref": "X000003.4.3",
                  "inst": "nukušu[~door]N/nu-kuš₂-u₃#~,ta",
                  "sig": "@blms%sux:nu-kuš₂-u₃-ta=nukušu[~door//~door]N'N$nukušu,ta/nu-kuš₂-u₃#~,ta",
                  "f": {
                    "lang": "sux",
                    "form": "nu-kuš₂-u₃-ta",
                    "delim": "",
                    "gdl": [
                      {
                        "v": "nu",
                        "id": "X000003.4.3.0",
                        "delim": "-"
                      },
                      {
                        "v": "kuš₂",
                        "id": "X000003.4.3.1",
                        "delim": "-"
                      },
                      {
                        "v": "u₃",
                        "id": "X000003.4.3.2",
                        "delim": "-"
                      },
                      {
                        "v": "ta",
                        "id": "X000003.4.3.3"
                      }
                    ],
                    "cf": "nukušu",
                    "gw": "~door",
                    "sense": "~door",
                    "norm0": "nukušu,ta",
                    "pos": "N",
                    "epos": "N",
                    "base": "nu-kuš₂-u₃",
                    "morph": "~,ta"
                  }
                },
                {
                  "node": "l",
                  "frag": "mu-un-da-ab-sur-e-ne",
                  "id": "X000003.l07340",
                  "ref": "X000003.4.4",
                  "inst": "sur[press//flash]V/t'V/i/sur#mu.n.da.b:~;e.ene",
                  "sig": "@blms%sux:mu-un-da-ab-sur-e-ne=sur[press//flash]V/t'V/i$mu.n.da.b:sur;e.ene/sur#mu.n.da.b:~;e.ene",
                  "f": {
                    "lang": "sux",
                    "form": "mu-un-da-ab-sur-e-ne",
                    "gdl": [
                      {
                        "v": "mu",
                        "id": "X000003.4.4.0",
                        "delim": "-"
                      },
                      {
                        "v": "un",
                        "id": "X000003.4.4.1",
                        "delim": "-"
                      },
                      {
                        "v": "da",
                        "id": "X000003.4.4.2",
                        "delim": "-"
                      },
                      {
                        "v": "ab",
                        "id": "X000003.4.4.3",
                        "delim": "-"
                      },
                      {
                        "v": "sur",
                        "id": "X000003.4.4.4",
                        "delim": "-"
                      },
                      {
                        "v": "e",
                        "id": "X000003.4.4.5",
                        "delim": "-"
                      },
                      {
                        "v": "ne",
                        "id": "X000003.4.4.6"
                      }
                    ],
                    "cf": "sur",
                    "gw": "press",
                    "sense": "flash",
                    "norm0": "mu.n.da.b:sur;e.ene",
                    "pos": "V/t",
                    "epos": "V/i",
                    "base": "sur",
                    "morph": "mu.n.da.b:~;e.ene"
                  }
                },
                {
                  "node": "d",
                  "type": "line-start",
                  "ref": ""
                },
                {
                  "node": "l",
                  "frag": "ša₂",
                  "id": "X000003.l07341",
                  "ref": "X000003.4.1615000",
                  "inst": "ša[that]REL",
                  "sig": "@blms%akk-x-stdbab:ša₂=ša[that//that]REL'REL$ša",
                  "f": {
                    "lang": "akk-x-stdbab",
                    "form": "ša₂",
                    "delim": "",
                    "gdl": [
                      {
                        "v": "ša₂",
                        "id": "X000003.4.1615000.0"
                      }
                    ],
                    "cf": "ša",
                    "gw": "that",
                    "sense": "that",
                    "norm": "ša",
                    "pos": "REL",
                    "epos": "REL"
                  }
                },
                {
                  "node": "l",
                  "frag": "ina",
                  "id": "X000003.l07342",
                  "ref": "X000003.4.1615001",
                  "inst": "ina[in]PRP",
                  "sig": "@blms%akk-x-stdbab:ina=ina[in//in]PRP'PRP$ina",
                  "f": {
                    "lang": "akk-x-stdbab",
                    "form": "ina",
                    "delim": "",
                    "gdl": [
                      {
                        "v": "ina",
                        "id": "X000003.4.1615001.0"
                      }
                    ],
                    "cf": "ina",
                    "gw": "in",
                    "sense": "in",
                    "norm": "ina",
                    "pos": "PRP",
                    "epos": "PRP"
                  }
                },
                {
                  "node": "l",
                  "frag": "giš-ša₃-ka₂-na-ku",
                  "id": "X000003.l07343",
                  "ref": "X000003.4.1615002",
                  "inst": "giškanakku[(part of doorframe)]N$giššakanakku",
                  "sig": "@blms%akk-x-stdbab:giš-ša₃-ka₂-na-ku=giškanakku[(part of doorframe)//(part of doorframe)]N'N$giššakanakku",
                  "f": {
                    "lang": "akk-x-stdbab",
                    "form": "giš-ša₃-ka₂-na-ku",
                    "delim": "",
                    "gdl": [
                      {
                        "v": "giš",
                        "id": "X000003.4.1615002.0",
                        "delim": "-"
                      },
                      {
                        "v": "ša₃",
                        "id": "X000003.4.1615002.1",
                        "delim": "-"
                      },
                      {
                        "v": "ka₂",
                        "id": "X000003.4.1615002.2",
                        "delim": "-"
                      },
                      {
                        "v": "na",
                        "id": "X000003.4.1615002.3",
                        "delim": "-"
                      },
                      {
                        "v": "ku",
                        "id": "X000003.4.1615002.4"
                      }
                    ],
                    "cf": "giškanakku",
                    "gw": "(part of doorframe)",
                    "sense": "(part of doorframe)",
                    "norm": "giššakanakku",
                    "pos": "N",
                    "epos": "N"
                  }
                },
                {
                  "node": "l",
                  "frag": "u",
                  "id": "X000003.l07344",
                  "ref": "X000003.4.1615003",
                  "inst": "u[and]CNJ",
                  "sig": "@blms%akk-x-stdbab:u=u[and//and]CNJ'CNJ$u",
                  "f": {
                    "lang": "akk-x-stdbab",
                    "form": "u",
                    "delim": "",
                    "gdl": [
                      {
                        "v": "u",
                        "id": "X000003.4.1615003.0"
                      }
                    ],
                    "cf": "u",
                    "gw": "and",
                    "sense": "and",
                    "norm": "u",
                    "pos": "CNJ",
                    "epos": "CNJ"
                  }
                },
                {
                  "node": "l",
                  "frag": "nu-ku-še-e",
                  "id": "X000003.l07345",
                  "ref": "X000003.4.1615004",
                  "inst": "nukuššû[(a door fitting)]N$nukušê",
                  "sig": "@blms%akk-x-stdbab:nu-ku-še-e=nukuššû[(a door fitting)//(a door fitting)]N'N$nukušê",
                  "f": {
                    "lang": "akk-x-stdbab",
                    "form": "nu-ku-še-e",
                    "delim": "",
                    "gdl": [
                      {
                        "v": "nu",
                        "id": "X000003.4.1615004.0",
                        "delim": "-"
                      },
                      {
                        "v": "ku",
                        "id": "X000003.4.1615004.1",
                        "delim": "-"
                      },
                      {
                        "v": "še",
                        "id": "X000003.4.1615004.2",
                        "delim": "-"
                      },
                      {
                        "v": "e",
                        "id": "X000003.4.1615004.3"
                      }
                    ],
                    "cf": "nukuššû",
                    "gw": "(a door fitting)",
                    "sense": "(a door fitting)",
                    "norm": "nukušê",
                    "pos": "N",
                    "epos": "N"
                  }
                },
                {
                  "node": "l",
                  "frag": "i-ṣar-ru-ru",
                  "id": "X000003.l07346",
                  "ref": "X000003.4.1615005",
                  "inst": "ṣarāru[flash]V$iṣarruru",
                  "sig": "@blms%akk-x-stdbab:i-ṣar-ru-ru=ṣarāru[flash//flash]V'V$iṣarruru",
                  "f": {
                    "lang": "akk-x-stdbab",
                    "form": "i-ṣar-ru-ru",
                    "gdl": [
                      {
                        "v": "i",
                        "id": "X000003.4.1615005.0",
                        "delim": "-"
                      },
                      {
                        "v": "ṣar",
                        "id": "X000003.4.1615005.1",
                        "delim": "-"
                      },
                      {
                        "v": "ru",
                        "id": "X000003.4.1615005.2",
                        "delim": "-"
                      },
                      {
                        "v": "ru",
                        "id": "X000003.4.1615005.3"
                      }
                    ],
                    "cf": "ṣarāru",
                    "gw": "flash",
                    "sense": "flash",
                    "norm": "iṣarruru",
                    "pos": "V",
                    "epos": "V"
                  }
                },
                {
                  "node": "d",
                  "type": "line-start",
                  "ref": "X000003.5"
                },
                {
                  "node": "d",
                  "type": "line-start",
                  "ref": "X000003.5l",
                  "n": "4",
                  "label": "o 4"
                },
                {
                  "node": "l",
                  "frag": "a-gin₇",
                  "id": "X000003.l07347",
                  "ref": "X000003.5.1",
                  "inst": "a[water]N",
                  "sig": "@blms%sux:a-gin₇=a[water//water]N'N$a,gin/a#~,gin",
                  "f": {
                    "lang": "sux",
                    "form": "a-gin₇",
                    "delim": "",
                    "gdl": [
                      {
                        "v": "a",
                        "id": "X000003.5.1.0",
                        "delim": "-"
                      },
                      {
                        "v": "gin₇",
                        "id": "X000003.5.1.1"
                      }
                    ],
                    "cf": "a",
                    "gw": "water",
                    "sense": "water",
                    "norm0": "a,gin",
                    "pos": "N",
                    "epos": "N",
                    "base": "a",
                    "morph": "~,gin"
                  }
                },
                {
                  "node": "l",
                  "frag": "he₂-ni-ib₂-<<NI>>-bal-e",
                  "id": "X000003.l07348",
                  "ref": "X000003.5.2",
                  "inst": "bala[turn//pour out]V/t/bal",
                  "sig": "@blms%sux:he₂-ni-ib₂-bal-e=bala[turn//pour out]V/t'V/t$ha.V.ni.b:bala;e/bal#ha.V.ni.b:~;e",
                  "f": {
                    "lang": "sux",
                    "form": "he₂-ni-ib₂-bal-e",
                    "gdl": [
                      {
                        "v": "he₂",
                        "id": "X000003.5.2.0",
                        "delim": "-"
                      },
                      {
                        "v": "ni",
                        "id": "X000003.5.2.1",
                        "delim": "-"
                      },
                      {
                        "v": "ib₂",
                        "id": "X000003.5.2.2",
                        "delim": "-"
                      },
                      {
                        "s": "NI",
                        "id": "X000003.5.2.3",
                        "statusStart": "X000003.5.2.3",
                        "o": ">>",
                        "delim": "-"
                      },
                      {
                        "v": "bal",
                        "id": "X000003.5.2.4",
                        "delim": "-"
                      },
                      {
                        "v": "e",
                        "id": "X000003.5.2.5"
                      }
                    ],
                    "cf": "bala",
                    "gw": "turn",
                    "sense": "pour out",
                    "norm0": "ha.V.ni.b:bala;e",
                    "pos": "V/t",
                    "epos": "V/t",
                    "base": "bal",
                    "morph": "ha.V.ni.b:~;e"
                  }
                },
                {
                  "node": "d",
                  "type": "line-start",
                  "ref": ""
                },
                {
                  "node": "l",
                  "frag": "ki-ma",
                  "id": "X000003.l07349",
                  "ref": "X000003.5.1616000",
                  "inst": "kīma[like]PRP",
                  "sig": "@blms%akk-x-stdbab:ki-ma=kīma[like//like]PRP'PRP$kīma",
                  "f": {
                    "lang": "akk-x-stdbab",
                    "form": "ki-ma",
                    "delim": "",
                    "gdl": [
                      {
                        "v": "ki",
                        "id": "X000003.5.1616000.0",
                        "delim": "-"
                      },
                      {
                        "v": "ma",
                        "id": "X000003.5.1616000.1"
                      }
                    ],
                    "cf": "kīma",
                    "gw": "like",
                    "sense": "like",
                    "norm": "kīma",
                    "pos": "PRP",
                    "epos": "PRP"
                  }
                },
                {
                  "node": "l",
                  "frag": "me-e",
                  "id": "X000003.l0734a",
                  "ref": "X000003.5.1616001",
                  "inst": "mê[water]N",
                  "sig": "@blms%akk-x-stdbab:me-e=mû[water//water]N'N$mê",
                  "f": {
                    "lang": "akk-x-stdbab",
                    "form": "me-e",
                    "delim": "",
                    "gdl": [
                      {
                        "v": "me",
                        "id": "X000003.5.1616001.0",
                        "delim": "-"
                      },
                      {
                        "v": "e",
                        "id": "X000003.5.1616001.1"
                      }
                    ],
                    "cf": "mû",
                    "gw": "water",
                    "sense": "water",
                    "norm": "mê",
                    "pos": "N",
                    "epos": "N"
                  }
                },
                {
                  "node": "l",
                  "frag": "lit-bu-ku(LU-)šu₂",
                  "id": "X000003.l0734b",
                  "ref": "X000003.5.1616002",
                  "inst": "tabāku[pour (out)]V$litbukūšu",
                  "sig": "@blms%akk-x-stdbab:lit-bu-ku-šu₂=tabāku[pour (out)//pour (out)]V'V$litbukūšu",
                  "f": {
                    "lang": "akk-x-stdbab",
                    "form": "lit-bu-ku-šu₂",
                    "gdl": [
                      {
                        "v": "lit",
                        "id": "X000003.5.1616002.0",
                        "delim": "-"
                      },
                      {
                        "v": "bu",
                        "id": "X000003.5.1616002.1",
                        "delim": "-"
                      },
                      {
                        "gg": "correction",
                        "gdl_type": "correction",
                        "group": [
                          {
                            "v": "ku",
                            "id": "X000003.5.1616002.2",
                            "gdl_remarked": "1"
                          },
                          {
                            "s": "LU",
                            "delim": "-"
                          }
                        ]
                      },
                      {
                        "v": "šu₂",
                        "id": "X000003.5.1616002.3"
                      }
                    ],
                    "cf": "tabāku",
                    "gw": "pour (out)",
                    "sense": "pour (out)",
                    "norm": "litbukūšu",
                    "pos": "V",
                    "epos": "V"
                  }
                },
                {
                  "node": "d",
                  "type": "nonx",
                  "ref": "X000003.6",
                  "strict": "1",
                  "extent": "1",
                  "scope": "line",
                  "state": "ruling"
                },
                {
                  "node": "d",
                  "type": "nonx",
                  "ref": "X000003.7",
                  "strict": "0",
                  "extent": "rest",
                  "scope": "obverse",
                  "state": "other"
                }
              ]
            }
          ]
        }
      ]
    }
  ]
}
