{
	"type": "glossary",
	"project":"saao/saa16",
  "source": "http://oracc.org/saao/saa16",
  "license": "This data is released under the CC0 license",
  "license-url": "https://creativecommons.org/publicdomain/zero/1.0/",
  "more-info": "http://oracc.org/doc/opendata/",
  "UTC-timestamp": "2017-05-19T11:56:24",
  "source": "http://oracc.org/saao/saa16",
  "license": "This data is released under the CC0 license",
  "license-url": "https://creativecommons.org/publicdomain/zero/1.0/",
  "more-info": "http://oracc.org/doc/opendata/",
  "UTC-timestamp": "2017-05-19T11:55:35",
  "source": "http://oracc.org/saao/saa16",
  "license": "This data is released under the CC0 license",
  "license-url": "https://creativecommons.org/publicdomain/zero/1.0/",
  "more-info": "http://oracc.org/doc/opendata/",
  "UTC-timestamp": "2017-02-13T06:41:53",
	"index": "cbd/qpn-x-divine",
	"keys": [{
		"key": "i",
		"count": "2",
		"instances": [
			"i","i"
		]},{
		"key": "utu",
		"count": "2",
		"instances": [
			"utu","utu"
		]},{
		"key": "Ištar[1]",
		"count": "1",
		"instances": [
			"Ištar[1]"
		]},{
		"key": "nabu",
		"count": "2",
		"instances": [
			"nabu","nabu"
		]},{
		"key": "ugur",
		"count": "2",
		"instances": [
			"ugur","ugur"
		]},{
		"key": "15",
		"count": "2",
		"instances": [
			"15","15"
		]},{
		"key": "Ea[1]",
		"count": "1",
		"instances": [
			"Ea[1]"
		]},{
		"key": "30",
		"count": "2",
		"instances": [
			"30","30"
		]},{
		"key": "inurta",
		"count": "2",
		"instances": [
			"inurta","inurta"
		]},{
		"key": "60",
		"count": "2",
		"instances": [
			"60","60"
		]},{
		"key": "nušku",
		"count": "2",
		"instances": [
			"nušku","nušku"
		]},{
		"key": "kidimuri",
		"count": "1",
		"instances": [
			"kidimuri"
		]},{
		"key": "Išum[1]",
		"count": "1",
		"instances": [
			"Išum[1]"
		]},{
		"key": "Belet-Kidmuri[1]",
		"count": "1",
		"instances": [
			"Belet-Kidmuri[1]"
		]},{
		"key": "nergal",
		"count": "2",
		"instances": [
			"nergal","nergal","nergal","nergal"
		]},{
		"key": "patug₂",
		"count": "2",
		"instances": [
			"patug₂","patug₂"
		]},{
		"key": "adad",
		"count": "2",
		"instances": [
			"adad","adad"
		]},{
		"key": "aššur",
		"count": "2",
		"instances": [
			"aššur","aššur"
		]},{
		"key": "ag",
		"count": "2",
		"instances": [
			"ag","ag"
		]},{
		"key": "an",
		"count": "2",
		"instances": [
			"an","an"
		]},{
		"key": "di",
		"count": "2",
		"instances": [
			"di","di"
		]},{
		"key": "er",
		"count": "2",
		"instances": [
			"er","er"
		]},{
		"key": "en",
		"count": "3",
		"instances": [
			"en","en","en"
		]},{
		"key": "ea",
		"count": "2",
		"instances": [
			"ea","ea"
		]},{
		"key": "be",
		"count": "6",
		"instances": [
			"be","be","be","be","be","be"
		]},{
		"key": "gu",
		"count": "2",
		"instances": [
			"gu","gu"
		]},{
		"key": "manziniri",
		"count": "2",
		"instances": [
			"manziniri","manziniri"
		]},{
		"key": "ki",
		"count": "4",
		"instances": [
			"ki","ki","ki","ki"
		]},{
		"key": "la",
		"count": "4",
		"instances": [
			"la","la","la","la"
		]},{
		"key": "im",
		"count": "2",
		"instances": [
			"im","im"
		]},{
		"key": "ia",
		"count": "4",
		"instances": [
			"ia","ia","ia","ia"
		]},{
		"key": "ni",
		"count": "2",
		"instances": [
			"ni","ni"
		]},{
		"key": "of",
		"count": "2",
		"instances": [
			"of","of"
		]},{
		"key": "marduk",
		"count": "2",
		"instances": [
			"marduk","marduk"
		]},{
		"key": "ma",
		"count": "2",
		"instances": [
			"ma","ma"
		]},{
		"key": "me",
		"count": "2",
		"instances": [
			"me","me"
		]},{
		"key": "mu",
		"count": "2",
		"instances": [
			"mu","mu"
		]},{
		"key": "ri",
		"count": "4",
		"instances": [
			"ri","ri","ri","ri"
		]},{
		"key": "pa",
		"count": "2",
		"instances": [
			"pa","pa"
		]},{
		"key": "tum",
		"count": "2",
		"instances": [
			"tum","tum"
		]},{
		"key": "ti",
		"count": "2",
		"instances": [
			"ti","ti"
		]},{
		"key": "let",
		"count": "2",
		"instances": [
			"let","let"
		]},{
		"key": "zi",
		"count": "2",
		"instances": [
			"zi","zi"
		]},{
		"key": "kidmuri",
		"count": "1",
		"instances": [
			"kidmuri"
		]},{
		"key": "babylon",
		"count": "2",
		"instances": [
			"babylon","babylon"
		]},{
		"key": "zaba₄ba₄",
		"count": "2",
		"instances": [
			"zaba₄ba₄","zaba₄ba₄"
		]},{
		"key": "ningal",
		"count": "2",
		"instances": [
			"ningal","ningal"
		]},{
		"key": "Aššur[1]",
		"count": "1",
		"instances": [
			"Aššur[1]"
		]},{
		"key": "Enlil[1]",
		"count": "1",
		"instances": [
			"Enlil[1]"
		]},{
		"key": "Laṣ[1]",
		"count": "1",
		"instances": [
			"Laṣ[1]"
		]},{
		"key": "madanu",
		"count": "2",
		"instances": [
			"madanu","madanu"
		]},{
		"key": "šum",
		"count": "2",
		"instances": [
			"šum","šum"
		]},{
		"key": "neoassaš",
		"count": "1",
		"instances": [
			"neoassaš"
		]},{
		"key": "šur",
		"count": "4",
		"instances": [
			"šur","šur","šur","šur"
		]},{
		"key": "belet",
		"count": "6",
		"instances": [
			"belet","belet","belet","belet","belet","belet"
		]},{
		"key": "Madanu[1]",
		"count": "1",
		"instances": [
			"Madanu[1]"
		]},{
		"key": "Zababa[1]",
		"count": "1",
		"instances": [
			"Zababa[1]"
		]},{
		"key": "šu₂",
		"count": "2",
		"instances": [
			"šu₂","šu₂"
		]},{
		"key": "Ber[1]",
		"count": "1",
		"instances": [
			"Ber[1]"
		]},{
		"key": "Nikkal[1]",
		"count": "1",
		"instances": [
			"Nikkal[1]"
		]},{
		"key": "Inurta[1]",
		"count": "1",
		"instances": [
			"Inurta[1]"
		]},{
		"key": "e₂a",
		"count": "2",
		"instances": [
			"e₂a","e₂a"
		]},{
		"key": "amarutu",
		"count": "2",
		"instances": [
			"amarutu","amarutu"
		]},{
		"key": "Nergal[1]",
		"count": "1",
		"instances": [
			"Nergal[1]"
		]},{
		"key": "Bel[1]",
		"count": "1",
		"instances": [
			"Bel[1]"
		]},{
		"key": "babili",
		"count": "2",
		"instances": [
			"babili","babili"
		]},{
		"key": "Manziniri[1]",
		"count": "1",
		"instances": [
			"Manziniri[1]"
		]},{
		"key": "Gula[1]",
		"count": "1",
		"instances": [
			"Gula[1]"
		]},{
		"key": "nusku",
		"count": "2",
		"instances": [
			"nusku","nusku"
		]},{
		"key": "lady",
		"count": "2",
		"instances": [
			"lady","lady"
		]},{
		"key": "enlil",
		"count": "1",
		"instances": [
			"enlil"
		]},{
		"key": "Nušku[Nusku]",
		"count": "1",
		"instances": [
			"Nušku[Nusku]"
		]},{
		"key": "Nabu[1]",
		"count": "1",
		"instances": [
			"Nabu[1]"
		]},{
		"key": "mes",
		"count": "2",
		"instances": [
			"mes","mes"
		]},{
		"key": "Mullissu[1]",
		"count": "1",
		"instances": [
			"Mullissu[1]"
		]},{
		"key": "issar",
		"count": "1",
		"instances": [
			"issar"
		]},{
		"key": "beltia",
		"count": "2",
		"instances": [
			"beltia","beltia"
		]},{
		"key": "Marduk[1]",
		"count": "1",
		"instances": [
			"Marduk[1]"
		]},{
		"key": "ša₂",
		"count": "2",
		"instances": [
			"ša₂","ša₂"
		]},{
		"key": "aš",
		"count": "3",
		"instances": [
			"aš","aš","aš"
		]},{
		"key": "ninlil₂",
		"count": "2",
		"instances": [
			"ninlil₂","ninlil₂"
		]},{
		"key": "ka₂dingirra",
		"count": "2",
		"instances": [
			"ka₂dingirra","ka₂dingirra"
		]},{
		"key": "neoassen",
		"count": "1",
		"instances": [
			"neoassen"
		]},{
		"key": "bel",
		"count": "2",
		"instances": [
			"bel","bel"
		]},{
		"key": "gašan",
		"count": "8",
		"instances": [
			"gašan","gašan","gašan","gašan","gašan","gašan","gašan","gašan"
		]},{
		"key": "ber",
		"count": "2",
		"instances": [
			"ber","ber"
		]},{
		"key": "nikkal",
		"count": "2",
		"instances": [
			"nikkal","nikkal"
		]},{
		"key": "išum",
		"count": "2",
		"instances": [
			"išum","išum"
		]},{
		"key": "dikud",
		"count": "2",
		"instances": [
			"dikud","dikud"
		]},{
		"key": "laṣ",
		"count": "2",
		"instances": [
			"laṣ","laṣ"
		]},{
		"key": "Sin[1]",
		"count": "1",
		"instances": [
			"Sin[1]"
		]},{
		"key": "sin",
		"count": "2",
		"instances": [
			"sin","sin"
		]},{
		"key": "Beltia[1]",
		"count": "1",
		"instances": [
			"Beltia[1]"
		]},{
		"key": "ninurta",
		"count": "2",
		"instances": [
			"ninurta","ninurta"
		]},{
		"key": "ištar",
		"count": "1",
		"instances": [
			"ištar"
		]},{
		"key": "gula",
		"count": "2",
		"instances": [
			"gula","gula"
		]},{
		"key": "zababa",
		"count": "2",
		"instances": [
			"zababa","zababa"
		]},{
		"key": "Belet[1]",
		"count": "1",
		"instances": [
			"Belet[1]"
		]},{
		"key": "Tašmetu[1]",
		"count": "1",
		"instances": [
			"Tašmetu[1]"
		]},{
		"key": "Šamaš[1]",
		"count": "1",
		"instances": [
			"Šamaš[1]"
		]},{
		"key": "aṣ",
		"count": "2",
		"instances": [
			"aṣ","aṣ"
		]},{
		"key": "taš",
		"count": "2",
		"instances": [
			"taš","taš"
		]},{
		"key": "šamaš",
		"count": "2",
		"instances": [
			"šamaš","šamaš"
		]},{
		"key": "maš",
		"count": "4",
		"instances": [
			"maš","maš","maš","maš"
		]},{
		"key": "Adad[1]",
		"count": "1",
		"instances": [
			"Adad[1]"
		]},{
		"key": "tašmetu",
		"count": "2",
		"instances": [
			"tašmetu","tašmetu"
		]},{
		"key": "mullissu",
		"count": "2",
		"instances": [
			"mullissu","mullissu"
		]},{
		"key": "illil",
		"count": "1",
		"instances": [
			"illil"
		]},{
		"key": "1",
		"count": "50",
		"instances": [
			"1","1","1","1","1","1","1","1","1","1","1","1","1","1","1","1","1","1","1","1","1","1","1","1","1","1","1","1","1","1","1","1","1","1","1","1","1","1","1","1","1","1","1","1","1","1","1","1","1","1"
		]},{
		"key": "#",
		"count": "70",
		"instances": [
			"#","#","#","#","#","#","#","#","#","#","#","#","#","#","#","#","#","#","#","#","#","#","#","#","#","#","#","#","#","#","#","#","#","#","#","#","#","#","#","#","#","#","#","#","#","#","#","#","#","#","#","#","#","#","#","#","#","#","#","#","#","#","#","#","#","#","#","#","#","#"
		]},{
		"key": "d",
		"count": "68",
		"instances": [
			"d","d","d","d","d","d","d","d","d","d","d","d","d","d","d","d","d","d","d","d","d","d","d","d","d","d","d","d","d","d","d","d","d","d","d","d","d","d","d","d","d","d","d","d","d","d","d","d","d","d","d","d","d","d","d","d","d","d","d","d","d","d","d","d","d","d","d","d"
		]},{
		"key": "akk",
		"count": "36",
		"instances": [
			"akk","akk","akk","akk","akk","akk","akk","akk","akk","akk","akk","akk","akk","akk","akk","akk","akk","akk","akk","akk","akk","akk","akk","akk","akk","akk","akk","akk","akk","akk","akk","akk","akk","akk","akk","akk"
		]},{
		"key": "x",
		"count": "36",
		"instances": [
			"x","x","x","x","x","x","x","x","x","x","x","x","x","x","x","x","x","x","x","x","x","x","x","x","x","x","x","x","x","x","x","x","x","x","x","x"
		]},{
		"key": "neoass",
		"count": "34",
		"instances": [
			"neoass","neoass","neoass","neoass","neoass","neoass","neoass","neoass","neoass","neoass","neoass","neoass","neoass","neoass","neoass","neoass","neoass","neoass","neoass","neoass","neoass","neoass","neoass","neoass","neoass","neoass","neoass","neoass","neoass","neoass","neoass","neoass","neoass","neoass"
		]}
	],
	"map": {
		"%akk": "akk",
		"AG": "ag",
		"AMAR.UTU": "amarutu",
		"Adad": "adad",
		"Aššur": "aššur",
		"BE": "be",
		"Babili": "babili",
		"Babylon": "babylon",
		"Bel": "bel",
		"Belet": "belet",
		"Beltia": "beltia",
		"Ber": "ber",
		"DI.KUD": "dikud",
		"EN": "en",
		"Ea": "ea",
		"Enlil": "enlil",
		"E₂.A": "e₂a",
		"GAŠAN": "gašan",
		"Gula": "gula",
		"IM": "im",
		"Illil": "illil",
		"Inurta": "inurta",
		"Issar": "issar",
		"Ištar": "ištar",
		"Išum": "išum",
		"KA₂.DINGIR.RA": "ka₂dingirra",
		"KI": "ki",
		"Kidimuri": "kidimuri",
		"Kidmuri": "kidmuri",
		"Lady": "lady",
		"Laṣ": "laṣ",
		"MAŠ": "maš",
		"MES": "mes",
		"Madanu": "madanu",
		"Manziniri": "manziniri",
		"Marduk": "marduk",
		"Mullissu": "mullissu",
		"NIN.GAL": "ningal",
		"NIN.LIL₂": "ninlil₂",
		"NIN.URTA": "ninurta",
		"Nabu": "nabu",
		"Nergal": "nergal",
		"Nikkal": "nikkal",
		"Nusku": "nusku",
		"Nušku": "nušku",
		"PA": "pa",
		"PA.TUG₂": "patug₂",
		"Sin": "sin",
		"Tašmetu": "tašmetu",
		"U.GUR": "ugur",
		"UTU": "utu",
		"ZA.BA₄.BA₄": "zaba₄ba₄",
		"Zababa": "zababa",
		"neoass:": "neoass",
		"neoass:EN": "neoassen",
		"neoass:aš": "neoassaš",
		"ŠU₂": "šu₂",
		"Šamaš": "šamaš"
	}
}
