{
	"type": "glossary",
	"project":"saao/saa16",
  "source": "http://oracc.org/saao/saa16",
  "license": "This data is released under the CC0 license",
  "license-url": "https://creativecommons.org/publicdomain/zero/1.0/",
  "more-info": "http://oracc.org/doc/opendata/",
  "UTC-timestamp": "2017-05-19T11:56:23",
  "source": "http://oracc.org/saao/saa16",
  "license": "This data is released under the CC0 license",
  "license-url": "https://creativecommons.org/publicdomain/zero/1.0/",
  "more-info": "http://oracc.org/doc/opendata/",
  "UTC-timestamp": "2017-05-19T11:55:34",
  "source": "http://oracc.org/saao/saa16",
  "license": "This data is released under the CC0 license",
  "license-url": "https://creativecommons.org/publicdomain/zero/1.0/",
  "more-info": "http://oracc.org/doc/opendata/",
  "UTC-timestamp": "2017-02-13T06:41:52",
	"index": "cbd/akk-x-neoass",
	"keys": [,
	"map": {
		"%akk": "akk",
		"(a": "a",
		"(after)": "after",
		"(an": "an",
		"(an)other": "another",
		"(astrological": "astrological",
		"(be)loved": "beloved",
		"(caravan)": "caravan",
		"(city)": "city",
		"(cloth)": "cloth",
		"(door": "door",
		"(down)": "down",
		"(extreme)": "extreme",
		"(f.)": "f",
		"(female)": "female",
		"(fore)thought": "forethought",
		"(grain)": "grain",
		"(in": "in",
		"(into": "into",
		"(kingʾs)": "kingʾs",
		"(lay)": "lay",
		"(length": "length",
		"(male)": "male",
		"(man)": "man",
		"(meaning": "meaning",
		"(military)": "military",
		"(o.s.)": "os",
		"(of": "of",
		"(off)": "off",
		"(official)": "official",
		"(one)": "one",
		"(out)": "out",
		"(pl.)": "pl",
		"(ration)": "ration",
		"(rest)": "rest",
		"(right)": "right",
		"(roped": "roped",
		"(royal)": "royal",
		"(severe)": "severe",
		"(small)": "small",
		"(state": "state",
		"(there)": "there",
		"(threshold)": "threshold",
		"(to": "to",
		"(treaty": "treaty",
		"(water": "water",
		")jamb": "jamb",
		")oath": "oath",
		")skin": "skin",
		"01": "1",
		"02": "2",
		"03": "3",
		"03.U₅": "3u₅",
		"A": "a",
		"A.BA": "aba",
		"A.ZU": "azu",
		"A.ŠA₃": "aša₃",
		"AB.BA": "abba",
		"AD": "ad",
		"AMA": "ama",
		"AN": "an",
		"AN.BAR": "anbar",
		"ANŠE": "anše",
		"ANŠE.NITA₂": "anšenita₂",
		"ARAD": "arad",
		"Ana": "ana",
		"Anu": "anu",
		"Arbail": "arbail",
		"Arbela": "arbela",
		"AŠ₂.GAR₃": "aš₂gar₃",
		"A₂": "a₂",
		"A₂.2": "a₂2",
		"A₂.SIG₃": "a₂sig₃",
		"BABBAR.DIL": "babbardil",
		"BAD": "bad",
		"BAD₃": "bad₃",
		"BALA": "bala",
		"BAN": "ban",
		"BANŠUR": "banšur",
		"BAR.DIB": "bardib",
		"BARAG": "barag",
		"BAR₂.SIPA": "bar₂sipa",
		"BE": "be",
		"BUR.GUL": "burgul",
		"BURU₅": "buru₅",
		"Babili": "babili",
		"Babylon": "babylon",
		"Barsip": "barsip",
		"Borsippa": "borsippa",
		"DA": "da",
		"DA.E.SIR₂": "daesir₂",
		"DAG.GAZ": "daggaz",
		"DAM.QAR": "damqar",
		"DI": "di",
		"DIB": "dib",
		"DINGIR": "dingir",
		"DU": "du",
		"DUB": "dub",
		"DUB.SAR": "dubsar",
		"DUG₃": "dug₃",
		"DUG₃.GA": "dug₃ga",
		"DUG₄.DUG₄": "dug₄dug₄",
		"DUMU": "dumu",
		"DUMU.MI₂": "dumumi₂",
		"DU₃": "du₃",
		"EDIN": "edin",
		"EME": "eme",
		"EN": "en",
		"EN.LIL₂": "enlil₂",
		"EN.NAM": "ennam",
		"EN.NUN": "ennun",
		"ENGAR": "engar",
		"ERIM": "erim",
		"ERIN.BAD": "erinbad",
		"Enlil": "enlil",
		"EŠ₂": "eš₂",
		"EŠ₂.QAR": "eš₂qar",
		"E₂": "e₂",
		"E₂.GAL": "e₂gal",
		"E₂.GI₄.A": "e₂gi₄a",
		"E₂.SIG₄": "e₂sig₄",
		"GADA": "gada",
		"GAG": "gag",
		"GAL": "gal",
		"GAR": "gar",
		"GAR.KUR": "garkur",
		"GAŠAN": "gašan",
		"GEME₂": "geme₂",
		"GEŠTIN": "geštin",
		"GI": "gi",
		"GIBIL": "gibil",
		"GID₂": "gid₂",
		"GID₂.DA": "gid₂da",
		"GIG": "gig",
		"GIGIR": "gigir",
		"GIN": "gin",
		"GIN₂": "gin₂",
		"GIR₂": "gir₂",
		"GIR₂.AN.BAR": "gir₂anbar",
		"GIR₂.TUR": "gir₂tur",
		"GIR₃.2": "gir₃2",
		"GIŠ": "giš",
		"GIŠ.I₃": "giši₃",
		"GIŠ.MI": "gišmi",
		"GU.ZA": "guza",
		"GUB.BA": "gubba",
		"GUD": "gud",
		"GU₂": "gu₂",
		"GU₂.E₃": "gu₂e₃",
		"GU₂.UN": "gu₂un",
		"HAL": "hal",
		"HAL.ṢU": "halṣu",
		"HAR": "har",
		"HI.A": "hia",
		"I": "i",
		"ID₂": "id₂",
		"IG": "ig",
		"IGI": "igi",
		"IGI.2": "igi2",
		"IGI.DUB": "igidub",
		"IGI.ZAG.GA": "igizagga",
		"IM": "im",
		"IM.GID₂": "imgid₂",
		"IM.GID₂.DA": "imgid₂da",
		"ITI": "iti",
		"I₃.DU₈": "i₃du₈",
		"KA.KEŠ₂": "kakeš₂",
		"KALAG": "kalag",
		"KAR": "kar",
		"KASKAL": "kaskal",
		"KASKAL.2": "kaskal2",
		"KAŠ.LUL": "kašlul",
		"KA₂.DINGIR": "ka₂dingir",
		"KA₂.DINGIR.RA": "ka₂dingirra",
		"KA₂.GAL": "ka₂gal",
		"KI": "ki",
		"KI.LAL": "kilal",
		"KI.LAM": "kilam",
		"KI.MIN": "kimin",
		"KI.TA": "kita",
		"KI.TIM": "kitim",
		"KIN": "kin",
		"KIN.GEŠTIN": "kingeštin",
		"KUG.GI": "kuggi",
		"KUG.UD": "kugud",
		"KUR": "kur",
		"KUR.KUR": "kurkur",
		"KUR.RA": "kurra",
		"KUR₂": "kur₂",
		"KUŠ": "kuš",
		"KUŠ₃": "kuš₃",
		"KU₂": "ku₂",
		"Kadmuru": "kadmuru",
		"Kidimuri": "kidimuri",
		"Kidmuri": "kidmuri",
		"Kidmurra": "kidmurra",
		"LAL": "lal",
		"LI.U₅.UM": "liu₅um",
		"LUGAL": "lugal",
		"LUL": "lul",
		"LU₂": "lu₂",
		"MA.NA": "mana",
		"MAH": "mah",
		"MAN": "man",
		"MAŠ₂": "maš₂",
		"MA₂": "ma₂",
		"ME": "me",
		"MEŠ": "meš",
		"MI₂": "mi₂",
		"MU": "mu",
		"MU.AN.NA": "muanna",
		"MU.IM.MA": "muimma",
		"MUD₂": "mud₂",
		"MUL": "mul",
		"MUN": "mun",
		"MURUB₄": "murub₄",
		"MUŠEN": "mušen",
		"MUŠEN.DU₃": "mušendu₃",
		"NAG": "nag",
		"NAM": "nam",
		"NAR": "nar",
		"NAR.GAL": "nargal",
		"NA₂": "na₂",
		"NA₄": "na₄",
		"NIG₂.ŠID": "nig₂šid",
		"NIM": "nim",
		"NIN": "nin",
		"NINDA": "ninda",
		"NU.GIŠ.SAR": "nugišsar",
		"NUMUN": "numun",
		"Nabu": "nabu",
		"PA": "pa",
		"PAB": "pab",
		"PAD": "pad",
		"PI.2": "pi2",
		"Palace": "palace",
		"Pazuzu": "pazuzu",
		"Pazūzi": "pazuzi",
		"Pazūzu": "pazuzu",
		"Pazūzāni": "pazuzani",
		"QAL₃": "qal₃",
		"QAR": "qar",
		"Rear": "rear",
		"SAG": "sag",
		"SAG.DU": "sagdu",
		"SANGA": "sanga",
		"SAR": "sar",
		"SIG": "sig",
		"SIG₂": "sig₂",
		"SIG₂.MI": "sig₂mi",
		"SIG₂.SA₅": "sig₂sa₅",
		"SIG₄": "sig₄",
		"SIG₅": "sig₅",
		"SIMUG": "simug",
		"SIMUG.KUG.GI": "simugkuggi",
		"SIPA": "sipa",
		"SISKUR": "siskur",
		"SUHUŠ": "suhuš",
		"SUKKAL": "sukkal",
		"SUM": "sum",
		"TA": "ta",
		"TA@v": "tav",
		"TI": "ti",
		"TI.LA": "tila",
		"TIN": "tin",
		"TU": "tu",
		"TUG₂": "tug₂",
		"TUR": "tur",
		"TUR₃": "tur₃",
		"U": "u",
		"UD": "ud",
		"UDU": "udu",
		"UDU.NITA₂": "udunita₂",
		"UGU": "ugu",
		"UMBIN": "umbin",
		"UN": "un",
		"UR.KU": "urku",
		"URU": "uru",
		"UR₃": "ur₃",
		"UTU": "utu",
		"UZU": "uzu",
		"UŠ": "uš",
		"UŠ.BAR": "ušbar",
		"UŠ₂": "uš₂",
		"ZA.GIN₃.MI": "zagin₃mi",
		"ZAG": "zag",
		"ZI": "zi",
		"ZID₂.DA": "zid₂da",
		"ZIZ₂": "ziz₂",
		"ZU": "zu",
		"a.a": "aa",
		"abatūni": "abatuni",
		"abbēka": "abbeka",
		"abbūtu": "abbutu",
		"abbūtī": "abbuti",
		"abnāti": "abnati",
		"abullāti": "abullati",
		"abutû": "abutu",
		"abutūni": "abutuni",
		"abāku": "abaku",
		"abīka": "abika",
		"abīkunu": "abikunu",
		"abīni": "abini",
		"abīya": "abiya",
		"abīšu": "abišu",
		"abūka": "abuka",
		"abūwa": "abuwa",
		"abūya": "abuya",
		"abūšu": "abušu",
		"account(s)": "accounts",
		"adabbūbu": "adabbubu",
		"adabbūni": "adabbuni",
		"addinūni": "addinuni",
		"addubūbu": "addububu",
		"addīni": "addini",
		"addūal": "addual",
		"administrator)": "administrator",
		"adrī": "adri",
		"adê": "ade",
		"adêka": "adeka",
		"adû": "adu",
		"adū": "adu",
		"adūal": "adual",
		"agate?": "agate",
		"agē": "age",
		"ahhurūni": "ahhuruni",
		"ahhēka": "ahheka",
		"ahhēni": "ahheni",
		"ahāmiš": "ahamiš",
		"ahāssa": "ahassa",
		"ahātu": "ahatu",
		"ahātīšu": "ahatišu",
		"ahāzu": "ahazu",
		"ahāʾiš": "ahaʾiš",
		"ahēya": "aheya",
		"ahēʾiš": "aheʾiš",
		"ahīni": "ahini",
		"ahīya": "ahiya",
		"ahīšu": "ahišu",
		"ahīšunu": "ahišunu",
		"ahūni": "ahuni",
		"ahūwa": "ahuwa",
		"akallīya": "akalliya",
		"akê": "ake",
		"akālu": "akalu",
		"akī": "aki",
		"alkāni": "alkani",
		"allāka": "allaka",
		"altūda": "altuda",
		"alê": "ale",
		"alāku": "alaku",
		"ammaggurūni": "ammagguruni",
		"ammî": "ammi",
		"ammāte": "ammate",
		"ammūte": "ammute",
		"ammūti": "ammuti",
		"amāru": "amaru",
		"amāti": "amati",
		"amātīka": "amatika",
		"amēli": "ameli",
		"amēlu": "amelu",
		"amēlāte": "amelate",
		"amēlūti": "ameluti",
		"amūat": "amuat",
		"annî": "anni",
		"annîmma": "annimma",
		"annîša": "anniša",
		"annû": "annu",
		"annûri": "annuri",
		"annāka": "annaka",
		"annākamma": "annakamma",
		"annākanni": "annakanni",
		"annāku": "annaku",
		"annāte": "annate",
		"annīe": "annie",
		"annīte": "annite",
		"annīti": "anniti",
		"annītu": "annitu",
		"annītû": "annitu",
		"annīu": "anniu",
		"annūte": "annute",
		"annūteamma": "annuteamma",
		"annūti": "annuti",
		"another)": "another",
		"anāku": "anaku",
		"anākūma": "anakuma",
		"anākūni": "anakuni",
		"anēnu": "anenu",
		"anīna": "anina",
		"anīnu": "aninu",
		"anūssu": "anussu",
		"anūt": "anut",
		"anūtu": "anutu",
		"anūtīšu": "anutišu",
		"appāni": "appani",
		"appāri": "appari",
		"appāru": "apparu",
		"appāti": "appati",
		"appātūti": "appatuti",
		"appātūtu": "appatutu",
		"apālu": "apalu",
		"aqabûni": "aqabuni",
		"aqbûni": "aqbuni",
		"aqṭibâššu": "aqṭibaššu",
		"aqṭibâššunu": "aqṭibaššunu",
		"arkūte": "arkute",
		"arkūti": "arkuti",
		"arādu": "aradu",
		"arāku": "araku",
		"arāru": "araru",
		"arārī": "arari",
		"assapāra": "assapara",
		"assēme": "asseme",
		"asû": "asu",
		"attaṣṣâššu": "attaṣṣaššu",
		"attāma": "attama",
		"attāni": "attani",
		"atâ": "ata",
		"atû": "atu",
		"atā": "ata",
		"atānu": "atanu",
		"atānāti": "atanati",
		"atūar": "atuar",
		"atūr": "atur",
		"awāt": "awat",
		"awātu": "awatu",
		"awīlu": "awilu",
		"awīlūtu": "awilutu",
		"ayāka": "ayaka",
		"ayāši": "ayaši",
		"ayēša": "ayeša",
		"azzazūni": "azzazuni",
		"ašaddadūni": "ašaddaduni",
		"ašammûni": "ašammuni",
		"ašarēdu": "ašaredu",
		"ašarēdūte": "ašaredute",
		"ašmûni": "ašmuni",
		"ašpurakkannīni": "ašpurakkannini",
		"ašpurūni": "ašpuruni",
		"ašābu": "ašabu",
		"ašāru": "ašaru",
		"aṣû": "aṣu",
		"aṣūdi": "aṣudi",
		"aṣūdu": "aṣudu",
		"baddudūni": "badduduni",
		"badiqūnu": "badiqunu",
		"bag)": "bag",
		"bakê": "bake",
		"bakû": "baku",
		"balāt": "balat",
		"balāṭi": "balaṭi",
		"balāṭu": "balaṭu",
		"balṭākūni": "balṭakuni",
		"banê": "bane",
		"banû": "banu",
		"baqāru": "baqaru",
		"batbattēšunu": "batbattešunu",
		"battatāya": "battataya",
		"battibattīya": "battibattiya",
		"battubattīni": "battubattini",
		"batāqu": "bataqu",
		"bašû": "bašu",
		"baṭālu": "baṭalu",
		"be(come)": "become",
		"bead)": "bead",
		"bedspread?": "bedspread",
		"bilāt": "bilat",
		"birmē": "birme",
		"birtūtu": "birtutu",
		"bits)": "bits",
		"biātu": "biatu",
		"bribe?": "bribe",
		"bubūti": "bubuti",
		"bubūtu": "bubutu",
		"bulê": "bule",
		"bulû": "bulu",
		"buʾʾû": "buʾʾu",
		"bâru": "baru",
		"bādi": "badi",
		"bādu": "badu",
		"bārtu": "bartu",
		"bārî": "bari",
		"bārû": "baru",
		"bārûte": "barute",
		"bārûtu": "barutu",
		"bāsi": "basi",
		"bāteqūtu": "batequtu",
		"bātiqu": "batiqu",
		"bēl": "bel",
		"bēlat": "belat",
		"bēli": "beli",
		"bēltu": "beltu",
		"bēlu": "belu",
		"bēlēka": "beleka",
		"bēlēni": "beleni",
		"bēlēya": "beleya",
		"bēlēšu": "belešu",
		"bēlēšunu": "belešunu",
		"bēlī": "beli",
		"bēlīka": "belika",
		"bēlīkunu": "belikunu",
		"bēlīni": "belini",
		"bēlīya": "beliya",
		"bēlīšu": "belišu",
		"bēlīšunu": "belišunu",
		"bēlūtu": "belutu",
		"bēt": "bet",
		"bētanni": "betanni",
		"bēti": "beti",
		"bētu": "betu",
		"bētumma": "betumma",
		"bētāti": "betati",
		"bētīka": "betika",
		"bētīya": "betiya",
		"bētīšu": "betišu",
		"bīlāni": "bilani",
		"bīrti": "birti",
		"bīrtūte": "birtute",
		"bīrāti": "birati",
		"bīt": "bit",
		"bīti": "biti",
		"bītu": "bitu",
		"bītānu": "bitanu",
		"cedar)": "cedar",
		"clothing)": "clothing",
		"cone?": "cone",
		"dabābi": "dababi",
		"dabābu": "dababu",
		"dabābī": "dababi",
		"dabābšu": "dababšu",
		"dagālu": "dagalu",
		"dalālu": "dalalu",
		"dalāpu": "dalapu",
		"dalāti": "dalati",
		"dalīlu": "dalilu",
		"dalīlī": "dalili",
		"damqūte": "damqute",
		"damqūti": "damquti",
		"damāqu": "damaqu",
		"dannatānu": "dannatanu",
		"dannāte": "dannate",
		"dannūti": "dannuti",
		"danqāte": "danqate",
		"danāni": "danani",
		"danānu": "dananu",
		"danību": "danibu",
		"danībāt": "danibat",
		"danībāti": "danibati",
		"dappasāt": "dappasat",
		"dayyālu": "dayyalu",
		"dayālu": "dayalu",
		"daʾāni": "daʾani",
		"demon)": "demon",
		"dibbī": "dibbi",
		"duakīka": "duakika",
		"dullāni": "dullani",
		"dullānišu": "dullanišu",
		"dullīni": "dullini",
		"dullīya": "dulliya",
		"dullūni": "dulluni",
		"dullūnu": "dullunu",
		"dumāqī": "dumaqi",
		"dumāqū": "dumaqu",
		"duāki": "duaki",
		"duākīya": "duakiya",
		"dušû": "dušu",
		"dâku": "daku",
		"dâlu": "dalu",
		"dāgil": "dagil",
		"dāgilu": "dagilu",
		"dāmu": "damu",
		"dāmē": "dame",
		"dāmēka": "dameka",
		"dāmēšu": "damešu",
		"dāra": "dara",
		"dāri": "dari",
		"dārû": "daru",
		"dārāta": "darata",
		"dārāte": "darate",
		"dārāti": "darati",
		"dāt": "dat",
		"dāte": "date",
		"dātu": "datu",
		"dātukka": "datukka",
		"dātuššu": "datuššu",
		"dēke": "deke",
		"dēni": "deni",
		"dēnišunu": "denišunu",
		"dēnkunu": "denkunu",
		"dēnu": "denu",
		"dēnāni": "denani",
		"dēnī": "deni",
		"dēnīni": "denini",
		"dēnīšu": "denišu",
		"dēnšunu": "denšunu",
		"dēqe": "deqe",
		"dīku": "diku",
		"dīn": "din",
		"dīna": "dina",
		"dīnaššu": "dinaššu",
		"dīni": "dini",
		"dīnu": "dinu",
		"dīnšu": "dinšu",
		"dūr": "dur",
		"dūri": "duri",
		"dūru": "duru",
		"egertīšu": "egertišu",
		"egerātēya": "egerateya",
		"egirāti": "egirati",
		"egizaggî": "egizaggi",
		"egizaggû": "egizaggu",
		"eleppāti": "eleppati",
		"ellāni": "ellani",
		"elû": "elu",
		"elāti": "elati",
		"emēdu": "emedu",
		"emūqu": "emuqu",
		"emūqāni": "emuqani",
		"emūqāya": "emuqaya",
		"emūqī": "emuqi",
		"emūqīya": "emuqiya",
		"enūma": "enuma",
		"epišūni": "epišuni",
		"eppasūnu": "eppasunu",
		"eppašūni": "eppašuni",
		"epsatūni": "epsatuni",
		"epāše": "epaše",
		"epāši": "epaši",
		"epēšu": "epešu",
		"epšētēka": "epšeteka",
		"epšūni": "epšuni",
		"equids)": "equids",
		"eqû": "equ",
		"erbî": "erbi",
		"erbû": "erbu",
		"errabūni": "errabuni",
		"errašūni": "errašuni",
		"erēbu": "erebu",
		"erēšu": "erešu",
		"etakāni": "etakani",
		"etinnāni": "etinnani",
		"etteqqūni": "etteqquni",
		"ettiqūni": "ettiquni",
		"etēqu": "etequ",
		"exchange)": "exchange",
		"ezēbu": "ezebu",
		"eṭûtu": "eṭutu",
		"eṭēru": "eṭeru",
		"eṭūti": "eṭuti",
		"flood(ing)": "flooding",
		"food)": "food",
		"foreman)": "foreman",
		"foundation(s)": "foundations",
		"further(more)": "furthermore",
		"gabarû": "gabaru",
		"gabbīšu": "gabbišu",
		"gabrû": "gabru",
		"gabû": "gabu",
		"gammalī": "gammali",
		"gammurūni": "gammuruni",
		"gamāru": "gamaru",
		"garinnāte": "garinnate",
		"garment)": "garment",
		"gaṣṣānu": "gaṣṣanu",
		"gulgullātkunu": "gulgullatkunu",
		"habalātāya": "habalataya",
		"habālu": "habalu",
		"habāru": "habaru",
		"habātu": "habatu",
		"hadû": "hadu",
		"hadûtu": "hadutu",
		"hadūtê": "hadute",
		"hakāmu": "hakamu",
		"hallupūti": "halluputi",
		"hallīqi": "halliqi",
		"halqāku": "halqaku",
		"halālu": "halalu",
		"halāqu": "halaqu",
		"hand(s)": "hands",
		"hannî": "hanni",
		"hannîmma": "hannimma",
		"hannīu": "hanniu",
		"hannīša": "hanniša",
		"hannūti": "hannuti",
		"harammāma": "harammama",
		"harammēma": "harammema",
		"harpūte": "harpute",
		"harpūtu": "harputu",
		"harrāni": "harrani",
		"harrānu": "harranu",
		"harrānūtu": "harranutu",
		"harādu": "haradu",
		"harāpu": "harapu",
		"harāṣu": "haraṣu",
		"hasāsu": "hasasu",
		"hazannāte": "hazannate",
		"hazannāti": "hazannati",
		"hazannūti": "hazannuti",
		"hazannūtu": "hazannutu",
		"haṣānu": "haṣanu",
		"haṭû": "haṭu",
		"hepû": "hepu",
		"hesû": "hesu",
		"hibilātešunu": "hibilatešunu",
		"hibilātēšu": "hibilatešu",
		"hiāṭu": "hiaṭu",
		"hiṭṭāya": "hiṭṭaya",
		"house(hold)": "household",
		"how?": "how",
		"hudû": "hudu",
		"hullānu": "hullanu",
		"hurāṣi": "huraṣi",
		"hurāṣu": "huraṣu",
		"huṭāri": "huṭari",
		"huṭāru": "huṭaru",
		"huṭārī": "huṭari",
		"hīṭašunu": "hiṭašunu",
		"hīṭu": "hiṭu",
		"hīṭānišunu": "hiṭanišunu",
		"hīṭāte": "hiṭate",
		"hūdu": "hudu",
		"hūli": "huli",
		"hūlu": "hulu",
		"hūlāni": "hulani",
		"ibaqqidūšunūni": "ibaqqidušununi",
		"ibaqqurūni": "ibaqquruni",
		"ibattaqūni": "ibattaquni",
		"ibaššî": "ibašši",
		"ibaššîma": "ibaššima",
		"ibaššûni": "ibaššuni",
		"ibbissī": "ibbissi",
		"idabbabūni": "idabbabuni",
		"idabbubūni": "idabbubuni",
		"idabbūbu": "idabbubu",
		"idaggalannīni": "idaggalannini",
		"idbubūni": "idbubuni",
		"idbūbu": "idbubu",
		"iddanunāši": "iddanunaši",
		"iddanūni": "iddanuni",
		"iddanūnikka": "iddanunikka",
		"iddinannāše": "iddinannaše",
		"iddinūni": "iddinuni",
		"iddinūnu": "iddinunu",
		"iddânu": "iddanu",
		"iddūkuš": "iddukuš",
		"idukkūni": "idukkuni",
		"idullūni": "idulluni",
		"idūak": "iduak",
		"idūkanni": "idukanni",
		"igāru": "igaru",
		"iharrupūni": "iharrupuni",
		"iharrīdi": "iharridi",
		"ihassûnāši": "ihassunaši",
		"ihaṭṭûni": "ihaṭṭuni",
		"ihbilšūni": "ihbilšuni",
		"ihhurūni": "ihhuruni",
		"ihtasaʾūšu": "ihtasaʾušu",
		"ihtīṭu": "ihtiṭu",
		"ihṭûni": "ihṭuni",
		"ikarrarūni": "ikarraruni",
		"ikkû": "ikku",
		"ikkāri": "ikkari",
		"ikkārāti": "ikkarati",
		"iknukūni": "iknukuni",
		"ikrabūšūnu": "ikrabušunu",
		"ikrikâ": "ikrika",
		"iktarbūka": "iktarbuka",
		"iktarāra": "iktarara",
		"ikûnu": "ikunu",
		"ikīsu": "ikisu",
		"ilaʾʾûni": "ilaʾʾuni",
		"ilaʾʾûnu": "ilaʾʾunu",
		"ilkīya": "ilkiya",
		"illakû": "illaku",
		"illakūni": "illakuni",
		"illikūni": "illikuni",
		"illāni": "illani",
		"ilāni": "ilani",
		"ilānīka": "ilanika",
		"ilānīya": "ilaniya",
		"ilānīšu": "ilanišu",
		"ilāya": "ilaya",
		"imaqqatūni": "imaqqatuni",
		"immaggarūni": "immaggaruni",
		"immeridūni": "immeriduni",
		"immerē": "immere",
		"implement)": "implement",
		"imuttūni": "imuttuni",
		"imārī": "imari",
		"imēru": "imeru",
		"imērumma": "imerumma",
		"imūat": "imuat",
		"in/from": "infrom",
		"inaššûni": "inaššuni",
		"inaṣṣarūni": "inaṣṣaruni",
		"innamirāni": "innamirani",
		"innammarūni": "innammaruni",
		"inneppašūni": "inneppašuni",
		"ipaqqidūnišši": "ipaqqidunišši",
		"ipaṭṭāra": "ipaṭṭara",
		"iphurūni": "iphuruni",
		"ipparrīhi": "ipparrihi",
		"ipqidannīni": "ipqidannini",
		"ipqiddannīni": "ipqiddannini",
		"ipqidūni": "ipqiduni",
		"iptaqdanāši": "iptaqdanaši",
		"iptaqdūni": "iptaqduni",
		"iqabbânnāši": "iqabbannaši",
		"iqabbâššu": "iqabbaššu",
		"iqabbûni": "iqabbuni",
		"iqabbûnikka": "iqabbunikka",
		"iqabbûninni": "iqabbuninni",
		"iqabbûniššu": "iqabbuniššu",
		"iqbânni": "iqbanni",
		"iqbâššanūni": "iqbaššanuni",
		"iqbûni": "iqbuni",
		"iqrībi": "iqribi",
		"iqīap": "iqiap",
		"iqṭibânnāši": "iqṭibannaši",
		"iqṭibûni": "iqṭibuni",
		"iqṭibûniššu": "iqṭibuniššu",
		"irabbûni": "irabbuni",
		"irabbûnnu": "irabbunnu",
		"irabbûnu": "irabbunu",
		"irtuddūni": "irtudduni",
		"irtuʾāba": "irtuʾaba",
		"irtuʾūbu": "irtuʾubu",
		"irtūbu": "irtubu",
		"irâm": "iram",
		"irâmakkāni": "iramakkani",
		"isammâ": "isamma",
		"ishunnāti": "ishunnati",
		"ispillurāt": "ispillurat",
		"issahîš": "issahiš",
		"issakanannāši": "issakanannaši",
		"issammâ": "issamma",
		"issanallūka": "issanalluka",
		"issaparūni": "issaparuni",
		"issaprūni": "issapruni",
		"issasnūma": "issasnuma",
		"issuhurūnu": "issuhurunu",
		"issuhūra": "issuhura",
		"issāti": "issati",
		"issātišunu": "issatišunu",
		"issēn": "issen",
		"issēni": "isseni",
		"issēniš": "isseniš",
		"issēnišma": "issenišma",
		"issēt": "isset",
		"issēte": "issete",
		"issēšu": "issešu",
		"issīka": "issika",
		"issīni": "issini",
		"issīya": "issiya",
		"issīša": "issiša",
		"issīšu": "issišu",
		"issīʾaṭ": "issiʾaṭ",
		"isīti": "isiti",
		"isītu": "isitu",
		"it)": "it",
		"ittahrūni": "ittahruni",
		"ittahrūšu": "ittahrušu",
		"ittalkūni": "ittalkuni",
		"ittalkūnu": "ittalkunu",
		"ittamrīṭi": "ittamriṭi",
		"ittannakâ": "ittannaka",
		"ittannunikkanû": "ittannunikkanu",
		"ittatnagrāra": "ittatnagrara",
		"ittuqtūni": "ittuqtuni",
		"ittīla": "ittila",
		"ittītizi": "ittitizi",
		"ittūbil": "ittubil",
		"ittūbila": "ittubila",
		"iyû": "iyu",
		"izakkarūni": "izakkaruni",
		"izirrūni": "izirruni",
		"izkurūni": "izkuruni",
		"izzazzūni": "izzazzuni",
		"izzissūni": "izzissuni",
		"izzīzi": "izzizi",
		"izīrranni": "izirranni",
		"išakkanūni": "išakkanuni",
		"išallimūni": "išallimuni",
		"išammânni": "išammanni",
		"išammûni": "išammuni",
		"išapparūni": "išapparuni",
		"iškanūšanūni": "iškanušanuni",
		"iškarāti": "iškarati",
		"iškunannīni": "iškunannini",
		"iškunnīni": "iškunnini",
		"iškunīni": "iškunini",
		"iškunšû": "iškunšu",
		"iškunūni": "iškununi",
		"iškunūnu": "iškununu",
		"iškāru": "iškaru",
		"išmûni": "išmuni",
		"išpurannāšianni": "išpurannašianni",
		"išpurannāšīni": "išpurannašini",
		"išpurannīni": "išpurannini",
		"išpuršūni": "išpuršuni",
		"išpurūni": "išpuruni",
		"ištēn": "išten",
		"ištēniš": "išteniš",
		"išīaṭ": "išiaṭ",
		"išīʾāṭa": "išiʾaṭa",
		"iššû": "iššu",
		"išʾalūni": "išʾaluni",
		"iṣbatūni": "iṣbatuni",
		"iṣṣabtūni": "iṣṣabtuni",
		"iṣṣūru": "iṣṣuru",
		"iṣṣūrāti": "iṣṣurati",
		"kabāsu": "kabasu",
		"kakkibī": "kakkibi",
		"kalbāni": "kalbani",
		"kalbīšu": "kalbišu",
		"kallî": "kalli",
		"kallû": "kallu",
		"kallābāni": "kallabani",
		"kallāp": "kallap",
		"kallāpu": "kallapu",
		"kallāpāni": "kallapani",
		"kallātu": "kallatu",
		"kalû": "kalu",
		"kalāma": "kalama",
		"kalāme": "kalame",
		"kammusūni": "kammusuni",
		"kanāku": "kanaku",
		"kanāšu": "kanašu",
		"kaprāti": "kaprati",
		"kaqqadāte": "kaqqadate",
		"karmatūni": "karmatuni",
		"karrāk": "karrak",
		"karābu": "karabu",
		"karāku": "karaku",
		"karānu": "karanu",
		"karānī": "karani",
		"karāri": "karari",
		"karāru": "kararu",
		"karṣīya": "karṣiya",
		"kaspīšunu": "kaspišunu",
		"kasāpu": "kasapu",
		"kayamān": "kayaman",
		"kayamānu": "kayamanu",
		"kayamānūte": "kayamanute",
		"kayyamānu": "kayyamanu",
		"kašādu": "kašadu",
		"kaṣāpu": "kaṣapu",
		"kaṣāru": "kaṣaru",
		"kettīya": "kettiya",
		"kibāti": "kibati",
		"kinattātēya": "kinattateya",
		"kinālti": "kinalti",
		"kirâti": "kirati",
		"kirû": "kiru",
		"kispī": "kispi",
		"kitê": "kite",
		"kitû": "kitu",
		"kišādu": "kišadu",
		"kiṣirāni": "kiṣirani",
		"kiṣirūtu": "kiṣirutu",
		"kiṣrāni": "kiṣrani",
		"kiṣrūti": "kiṣruti",
		"kiṣrūtu": "kiṣrutu",
		"kunāšu": "kunašu",
		"kunāšāti": "kunašati",
		"kurummāti": "kurummati",
		"kussiāti": "kussiati",
		"kussî": "kussi",
		"kussû": "kussu",
		"kusāpu": "kusapu",
		"kusāpī": "kusapi",
		"kusāpīšunu": "kusapišunu",
		"kusītu": "kusitu",
		"kusīʾāti": "kusiʾati",
		"kuzippī": "kuzippi",
		"kuzippīma": "kuzippima",
		"kuzippīya": "kuzippiya",
		"kânu": "kanu",
		"kâšu": "kašu",
		"kâšunu": "kašunu",
		"kî": "ki",
		"kāri": "kari",
		"kāru": "karu",
		"kāšanūma": "kašanuma",
		"kāṣir": "kaṣir",
		"kāṣiri": "kaṣiri",
		"kāṣiru": "kaṣiru",
		"kē": "ke",
		"kēnu": "kenu",
		"kēnāka": "kenaka",
		"kēnākūni": "kenakuni",
		"kēnūni": "kenuni",
		"kēnūnu": "kenunu",
		"kēnūti": "kenuti",
		"kētu": "ketu",
		"kī": "ki",
		"kīma": "kima",
		"kīnu": "kinu",
		"kīnāte": "kinate",
		"kīnūtu": "kinutu",
		"kīpu": "kipu",
		"kīpāni": "kipani",
		"kūdanu": "kudanu",
		"kūdinī": "kudini",
		"kūm": "kum",
		"kūme": "kume",
		"labiānu": "labianu",
		"labtūqu": "labtuqu",
		"labāru": "labaru",
		"labāšu": "labašu",
		"labīru": "labiru",
		"lallikâ": "lallika",
		"lamādu": "lamadu",
		"lamānu": "lamanu",
		"lapān": "lapan",
		"lapātu": "lapatu",
		"laqbâkka": "laqbakka",
		"laqāni": "laqani",
		"laqānu": "laqanu",
		"lasāmu": "lasamu",
		"latāku": "lataku",
		"lawû": "lawu",
		"laššūni": "laššuni",
		"lemēnu": "lemenu",
		"leqû": "lequ",
		"leʾû": "leʾu",
		"libbišāni": "libbišani",
		"libbī": "libbi",
		"libbīka": "libbika",
		"libbīni": "libbini",
		"libbīšu": "libbišu",
		"libittāti": "libittati",
		"libāni": "libani",
		"libānišunu": "libanišunu",
		"libānīša": "libaniša",
		"lidbūbu": "lidbubu",
		"liddinūni": "liddinuni",
		"liddinūnikka": "liddinunikka",
		"liddinūniššu": "liddinuniššu",
		"likrubūka": "likrubuka",
		"likrubūšu": "likrubušu",
		"lillikūni": "lillikuni",
		"lillīki": "lilliki",
		"limūtu": "limutu",
		"lipqidannāši": "lipqidannaši",
		"lipqidūniššu": "lipqiduniššu",
		"liqbûnikka": "liqbunikka",
		"liqbûniššu": "liqbuniššu",
		"liqtē": "liqte",
		"littūtu": "littutu",
		"lizzirūni": "lizziruni",
		"lizzīzi": "lizzizi",
		"liškanūšunu": "liškanušunu",
		"lišpurannāši": "lišpurannaši",
		"lišrukūka": "lišrukuka",
		"lišāni": "lišani",
		"lišānu": "lišanu",
		"lišānātišunu": "lišanatišunu",
		"lišṭurūni": "lišṭuruni",
		"liṣṣurūka": "liṣṣuruka",
		"liṭībanni": "liṭibanni",
		"long?": "long",
		"luballiṭūka": "luballiṭuka",
		"lukallimunāši": "lukallimunaši",
		"lukîni": "lukini",
		"lukīnannīni": "lukinannini",
		"lukīnma": "lukinma",
		"lukīnāni": "lukinani",
		"lumnāni": "lumnani",
		"lurammânnāši": "lurammannaši",
		"lusahhīri": "lusahhiri",
		"lusannīqi": "lusanniqi",
		"lušallimūka": "lušallimuka",
		"lušēbila": "lušebila",
		"lušēbilaššunu": "lušebilaššunu",
		"lušēbilūni": "lušebiluni",
		"lušēribūšina": "lušeribušina",
		"lušēzibanni": "lušezibanni",
		"lušēṣia": "lušeṣia",
		"lušēṣûni": "lušeṣuni",
		"luṣṣīṣi": "luṣṣiṣi",
		"luṭībbu": "luṭibbu",
		"lâdu": "ladu",
		"lā": "la",
		"lāmur": "lamur",
		"lāqabbi": "laqabbi",
		"lāšu": "lašu",
		"lēbi": "lebi",
		"lēbu": "lebu",
		"lēkulaššu": "lekulaššu",
		"lēkulšu": "lekulšu",
		"lēmidūšu": "lemidušu",
		"lēmur": "lemur",
		"lēmuru": "lemuru",
		"lēmurši": "lemurši",
		"lēmūru": "lemuru",
		"lēpuš": "lepuš",
		"lēpušu": "lepušu",
		"lēpūšu": "lepušu",
		"lērub": "lerub",
		"lētiqu": "letiqu",
		"lēʾi": "leʾi",
		"lēʾu": "leʾu",
		"lēʾāni": "leʾani",
		"lībukūniššunu": "libukuniššunu",
		"līdiš": "lidiš",
		"līm": "lim",
		"līmu": "limu",
		"līpu": "lipu",
		"lū": "lu",
		"lūballiṭ": "luballiṭ",
		"lūbil": "lubil",
		"lūbila": "lubila",
		"lūbilanni": "lubilanni",
		"lūbilannāši": "lubilannaši",
		"lūbilu": "lubilu",
		"lūbilūni": "lubiluni",
		"lūbilūnišši": "lubilunišši",
		"lūsatelli": "lusatelli",
		"lūšēṣi": "lušeṣi",
		"lūṣi": "luṣi",
		"lūṣia": "luṣia",
		"maddīdi": "maddidi",
		"madādu": "madadu",
		"magāru": "magaru",
		"mahhurūni": "mahhuruni",
		"mahirūni": "mahiruni",
		"mahratūni": "mahratuni",
		"mahāru": "maharu",
		"mahāṣu": "mahaṣu",
		"mahīri": "mahiri",
		"mahīru": "mahiru",
		"mahṣīni": "mahṣini",
		"makiūte": "makiute",
		"makî": "maki",
		"makû": "maku",
		"malû": "malu",
		"malāhu": "malahu",
		"malāku": "malaku",
		"many?": "many",
		"manzāza": "manzaza",
		"manâya": "manaya",
		"manê": "mane",
		"manû": "manu",
		"maqaltānu": "maqaltanu",
		"maqtūte": "maqtute",
		"maqāte": "maqate",
		"maqātu": "maqatu",
		"marāqu": "maraqu",
		"marāṣu": "maraṣu",
		"marāṭu": "maraṭu",
		"marīṣi": "mariṣi",
		"marʾātišu": "marʾatišu",
		"marʾātīka": "marʾatika",
		"marʾātīni": "marʾatini",
		"marʾātīya": "marʾatiya",
		"marʾāya": "marʾaya",
		"marʾē": "marʾe",
		"marʾēka": "marʾeka",
		"marʾēya": "marʾeya",
		"marʾēša": "marʾeša",
		"marʾēšu": "marʾešu",
		"marʾīka": "marʾika",
		"marʾīni": "marʾini",
		"matāhu": "matahu",
		"mayyāli": "mayyali",
		"mayyālu": "mayyalu",
		"mayālīya": "mayaliya",
		"mazzāz": "mazzaz",
		"mazî": "mazi",
		"maškanīšu": "maškanišu",
		"mašlāku": "mašlaku",
		"mašālu": "mašalu",
		"maʾdūte": "maʾdute",
		"maʾdūti": "maʾduti",
		"maṣû": "maṣu",
		"maṣātānu": "maṣatanu",
		"maṣṣartāka": "maṣṣartaka",
		"maṣṣarāti": "maṣṣarati",
		"maṭû": "maṭu",
		"me!": "me",
		"mehrīšu": "mehrišu",
		"memmēni": "memmeni",
		"memēni": "memeni",
		"mesû": "mesu",
		"mešēnu": "mešenu",
		"mihirīšu": "mihirišu",
		"mihziāni": "mihziani",
		"mimmīni": "mimmini",
		"mithāru": "mitharu",
		"muhhīka": "muhhika",
		"muhhīni": "muhhini",
		"muhhīya": "muhhiya",
		"muhhīyāma": "muhhiyama",
		"muhhīyāni": "muhhiyani",
		"muhhīša": "muhhiša",
		"muhhīšu": "muhhišu",
		"mukīl": "mukil",
		"murabbânūte": "murabbanute",
		"murabbânūtu": "murabbanutu",
		"mušamhiṣṣû": "mušamhiṣṣu",
		"mušarkisāni": "mušarkisani",
		"muṣappītu": "muṣappitu",
		"muṭê": "muṭe",
		"muṭû": "muṭu",
		"mâtu": "matu",
		"mā": "ma",
		"mādu": "madu",
		"māla": "mala",
		"mār": "mar",
		"māri": "mari",
		"mārka": "marka",
		"mārtu": "martu",
		"māru": "maru",
		"mārē": "mare",
		"mārīšu": "marišu",
		"māršu": "maršu",
		"mārūtu": "marutu",
		"māt": "mat",
		"māte": "mate",
		"māti": "mati",
		"mātu": "matu",
		"mātāti": "matati",
		"mātī": "mati",
		"mātīka": "matika",
		"mātīya": "matiya",
		"māšarti": "mašarti",
		"māšartu": "mašartu",
		"mē": "me",
		"mēmēni": "memeni",
		"mēte": "mete",
		"mēti": "meti",
		"mētu": "metu",
		"mētūti": "metuti",
		"mīni": "mini",
		"mīnimma": "minimma",
		"mīnu": "minu",
		"mītu": "mitu",
		"mītūtu": "mitutu",
		"mūgi": "mugi",
		"mūgu": "mugu",
		"mūgīka": "mugika",
		"mūku": "muku",
		"mūlê": "mule",
		"mūlû": "mulu",
		"mūqāni": "muqani",
		"mūqāya": "muqaya",
		"mūtāni": "mutani",
		"mūtānu": "mutanu",
		"mūšu": "mušu",
		"nagarūtīni": "nagarutini",
		"nahlapāti": "nahlapati",
		"nakrūte": "nakrute",
		"nakāpu": "nakapu",
		"nakāru": "nakaru",
		"nakāsu": "nakasu",
		"namāru": "namaru",
		"namāšu": "namašu",
		"nappāh": "nappah",
		"nappāhu": "nappahu",
		"napāhu": "napahu",
		"napšāte": "napšate",
		"narû": "naru",
		"nasāhu": "nasahu",
		"nawāru": "nawaru",
		"nazāru": "nazaru",
		"našû": "našu",
		"naṣāninni": "naṣaninni",
		"naṣāru": "naṣaru",
		"naṣūni": "naṣuni",
		"naṣūniššu": "naṣuniššu",
		"neck(‑tendons)": "necktendons",
		"neoass:": "neoass",
		"neoass:01": "neoass1",
		"neoass:02": "neoass2",
		"neoass:03": "neoass3",
		"neoass:15": "neoass15",
		"neoass:150": "neoass150",
		"neoass:A": "neoassa",
		"neoass:A.ŠA₃": "neoassaša₃",
		"neoass:AD": "neoassad",
		"neoass:AMA": "neoassama",
		"neoass:AN": "neoassan",
		"neoass:AN.BAR": "neoassanbar",
		"neoass:ANŠE": "neoassanše",
		"neoass:ANŠE.NITA₂": "neoassanšenita₂",
		"neoass:ARAD": "neoassarad",
		"neoass:A₂": "neoassa₂",
		"neoass:A₂.2": "neoassa₂2",
		"neoass:A₂.SIG₃": "neoassa₂sig₃",
		"neoass:BAD₃": "neoassbad₃",
		"neoass:BALA": "neoassbala",
		"neoass:BARAG": "neoassbarag",
		"neoass:BE": "neoassbe",
		"neoass:BUR.GUL": "neoassburgul",
		"neoass:BURU₅": "neoassburu₅",
		"neoass:DAG.GAZ": "neoassdaggaz",
		"neoass:DI": "neoassdi",
		"neoass:DINGIR": "neoassdingir",
		"neoass:DU": "neoassdu",
		"neoass:DUB": "neoassdub",
		"neoass:DUG₃": "neoassdug₃",
		"neoass:DUG₃.GA": "neoassdug₃ga",
		"neoass:DUG₄.DUG₄": "neoassdug₄dug₄",
		"neoass:DUMU": "neoassdumu",
		"neoass:DUMU.MI₂": "neoassdumumi₂",
		"neoass:DU₃": "neoassdu₃",
		"neoass:EDIN": "neoassedin",
		"neoass:EME": "neoasseme",
		"neoass:EN": "neoassen",
		"neoass:EN.NAM": "neoassennam",
		"neoass:EN.NUN": "neoassennun",
		"neoass:ERIM": "neoasserim",
		"neoass:EŠ₂": "neoasseš₂",
		"neoass:EŠ₂.QAR": "neoasseš₂qar",
		"neoass:E₂": "neoasse₂",
		"neoass:E₂.GAL": "neoasse₂gal",
		"neoass:E₂.SIG₄": "neoasse₂sig₄",
		"neoass:GADA": "neoassgada",
		"neoass:GAG": "neoassgag",
		"neoass:GAL": "neoassgal",
		"neoass:GAŠAN": "neoassgašan",
		"neoass:GEME₂": "neoassgeme₂",
		"neoass:GEŠTIN": "neoassgeštin",
		"neoass:GIBIL": "neoassgibil",
		"neoass:GID₂": "neoassgid₂",
		"neoass:GID₂.DA": "neoassgid₂da",
		"neoass:GIN": "neoassgin",
		"neoass:GIN₂": "neoassgin₂",
		"neoass:GIR₂": "neoassgir₂",
		"neoass:GIR₂.AN.BAR": "neoassgir₂anbar",
		"neoass:GIR₂.TUR": "neoassgir₂tur",
		"neoass:GIR₃.2": "neoassgir₃2",
		"neoass:GIŠ": "neoassgiš",
		"neoass:GIŠ.MI": "neoassgišmi",
		"neoass:GU.ZA": "neoassguza",
		"neoass:GUD": "neoassgud",
		"neoass:GU₂": "neoassgu₂",
		"neoass:GU₂.UN": "neoassgu₂un",
		"neoass:HAR": "neoasshar",
		"neoass:ID₂": "neoassid₂",
		"neoass:IGI": "neoassigi",
		"neoass:IGI.2": "neoassigi2",
		"neoass:IM": "neoassim",
		"neoass:IM.GID₂": "neoassimgid₂",
		"neoass:IM.GID₂.DA": "neoassimgid₂da",
		"neoass:ITI": "neoassiti",
		"neoass:KALAG": "neoasskalag",
		"neoass:KAR": "neoasskar",
		"neoass:KASKAL": "neoasskaskal",
		"neoass:KASKAL.2": "neoasskaskal2",
		"neoass:KA₂.GAL": "neoasska₂gal",
		"neoass:KI.LAL": "neoasskilal",
		"neoass:KI.LAM": "neoasskilam",
		"neoass:KI.MIN": "neoasskimin",
		"neoass:KI.TA": "neoasskita",
		"neoass:KI.TIM": "neoasskitim",
		"neoass:KUG.GI": "neoasskuggi",
		"neoass:KUG.UD": "neoasskugud",
		"neoass:KUR": "neoasskur",
		"neoass:KUR.KUR": "neoasskurkur",
		"neoass:KUŠ₃": "neoasskuš₃",
		"neoass:KU₂": "neoassku₂",
		"neoass:LAL": "neoasslal",
		"neoass:LUGAL": "neoasslugal",
		"neoass:LU₂": "neoasslu₂",
		"neoass:MA.NA": "neoassmana",
		"neoass:MAN": "neoassman",
		"neoass:MI₂": "neoassmi₂",
		"neoass:MU": "neoassmu",
		"neoass:MU.AN.NA": "neoassmuanna",
		"neoass:MU.IM.MA": "neoassmuimma",
		"neoass:MUD₂": "neoassmud₂",
		"neoass:MUL": "neoassmul",
		"neoass:MUN": "neoassmun",
		"neoass:MURUB₄": "neoassmurub₄",
		"neoass:NAG": "neoassnag",
		"neoass:NA₄": "neoassna₄",
		"neoass:NIG₂.ŠID": "neoassnig₂šid",
		"neoass:NIM": "neoassnim",
		"neoass:NIN": "neoassnin",
		"neoass:NINDA": "neoassninda",
		"neoass:NUMUN": "neoassnumun",
		"neoass:PAB": "neoasspab",
		"neoass:PI.2": "neoasspi2",
		"neoass:QAL₃": "neoassqal₃",
		"neoass:SAG": "neoasssag",
		"neoass:SAG.DU": "neoasssagdu",
		"neoass:SIG₂": "neoasssig₂",
		"neoass:SIG₂.MI": "neoasssig₂mi",
		"neoass:SIG₂.SA₅": "neoasssig₂sa₅",
		"neoass:SIG₄": "neoasssig₄",
		"neoass:SIG₅": "neoasssig₅",
		"neoass:SIPA": "neoasssipa",
		"neoass:SUHUŠ": "neoasssuhuš",
		"neoass:SUM": "neoasssum",
		"neoass:TA": "neoassta",
		"neoass:TA@v": "neoasstav",
		"neoass:TI": "neoassti",
		"neoass:TI.LA": "neoasstila",
		"neoass:TIN": "neoasstin",
		"neoass:TU": "neoasstu",
		"neoass:TUR₃": "neoasstur₃",
		"neoass:U": "neoassu",
		"neoass:UD": "neoassud",
		"neoass:UDU": "neoassudu",
		"neoass:UDU.NITA₂": "neoassudunita₂",
		"neoass:UGU": "neoassugu",
		"neoass:UMBIN": "neoassumbin",
		"neoass:UN": "neoassun",
		"neoass:UR.KU": "neoassurku",
		"neoass:URU": "neoassuru",
		"neoass:UR₃": "neoassur₃",
		"neoass:UZU": "neoassuzu",
		"neoass:UŠ₂": "neoassuš₂",
		"neoass:ZI": "neoasszi",
		"neoass:ZID₂.DA": "neoasszid₂da",
		"neoass:ZU": "neoasszu",
		"neoass:a": "neoassa",
		"neoass:a.a": "neoassaa",
		"neoass:ab": "neoassab",
		"neoass:ad": "neoassad",
		"neoass:ah": "neoassah",
		"neoass:ak": "neoassak",
		"neoass:al": "neoassal",
		"neoass:am": "neoassam",
		"neoass:an": "neoassan",
		"neoass:ana": "neoassana",
		"neoass:ap": "neoassap",
		"neoass:aq": "neoassaq",
		"neoass:ar": "neoassar",
		"neoass:ar₂": "neoassar₂",
		"neoass:as": "neoassas",
		"neoass:at": "neoassat",
		"neoass:aš₂": "neoassaš₂",
		"neoass:ba": "neoassba",
		"neoass:bal": "neoassbal",
		"neoass:bar": "neoassbar",
		"neoass:bat": "neoassbat",
		"neoass:be": "neoassbe",
		"neoass:be₂": "neoassbe₂",
		"neoass:bi": "neoassbi",
		"neoass:bir": "neoassbir",
		"neoass:bu": "neoassbu",
		"neoass:da": "neoassda",
		"neoass:dam": "neoassdam",
		"neoass:dan": "neoassdan",
		"neoass:da₃": "neoassda₃",
		"neoass:de": "neoassde",
		"neoass:di": "neoassdi",
		"neoass:du": "neoassdu",
		"neoass:duh": "neoassduh",
		"neoass:dul": "neoassdul",
		"neoass:e": "neoasse",
		"neoass:ek": "neoassek",
		"neoass:em": "neoassem",
		"neoass:en": "neoassen",
		"neoass:ep": "neoassep",
		"neoass:er": "neoasser",
		"neoass:ga": "neoassga",
		"neoass:gab": "neoassgab",
		"neoass:gu": "neoassgu",
		"neoass:gul": "neoassgul",
		"neoass:ha": "neoassha",
		"neoass:hal": "neoasshal",
		"neoass:har": "neoasshar",
		"neoass:hi": "neoasshi",
		"neoass:hu": "neoasshu",
		"neoass:i": "neoassi",
		"neoass:ia": "neoassia",
		"neoass:ia₂": "neoassia₂",
		"neoass:ib": "neoassib",
		"neoass:id": "neoassid",
		"neoass:ig": "neoassig",
		"neoass:ih": "neoassih",
		"neoass:ik": "neoassik",
		"neoass:il": "neoassil",
		"neoass:im": "neoassim",
		"neoass:in": "neoassin",
		"neoass:ina": "neoassina",
		"neoass:in₆": "neoassin₆",
		"neoass:ip": "neoassip",
		"neoass:iq": "neoassiq",
		"neoass:ir": "neoassir",
		"neoass:is": "neoassis",
		"neoass:it": "neoassit",
		"neoass:iz": "neoassiz",
		"neoass:iš": "neoassiš",
		"neoass:iṣ": "neoassiṣ",
		"neoass:ka": "neoasska",
		"neoass:kab": "neoasskab",
		"neoass:kal": "neoasskal",
		"neoass:kam": "neoasskam",
		"neoass:kap": "neoasskap",
		"neoass:kaq": "neoasskaq",
		"neoass:kar": "neoasskar",
		"neoass:kas": "neoasskas",
		"neoass:ke": "neoasske",
		"neoass:ket": "neoassket",
		"neoass:ki": "neoasski",
		"neoass:kit": "neoasskit",
		"neoass:ku": "neoassku",
		"neoass:kur": "neoasskur",
		"neoass:la": "neoassla",
		"neoass:lap": "neoasslap",
		"neoass:le": "neoassle",
		"neoass:li": "neoassli",
		"neoass:lib": "neoasslib",
		"neoass:lid": "neoasslid",
		"neoass:lik": "neoasslik",
		"neoass:lil": "neoasslil",
		"neoass:lim": "neoasslim",
		"neoass:lip": "neoasslip",
		"neoass:liq": "neoassliq",
		"neoass:lit": "neoasslit",
		"neoass:liš": "neoassliš",
		"neoass:lu": "neoasslu",
		"neoass:lub": "neoasslub",
		"neoass:lum": "neoasslum",
		"neoass:ma": "neoassma",
		"neoass:mah": "neoassmah",
		"neoass:man": "neoassman",
		"neoass:mar": "neoassmar",
		"neoass:maš": "neoassmaš",
		"neoass:me": "neoassme",
		"neoass:meš": "neoassmeš",
		"neoass:me₂": "neoassme₂",
		"neoass:mi": "neoassmi",
		"neoass:mit": "neoassmit",
		"neoass:mi₃": "neoassmi₃",
		"neoass:mu": "neoassmu",
		"neoass:mur": "neoassmur",
		"neoass:na": "neoassna",
		"neoass:nam": "neoassnam",
		"neoass:nap": "neoassnap",
		"neoass:ne₂": "neoassne₂",
		"neoass:ni": "neoassni",
		"neoass:nu": "neoassnu",
		"neoass:pa": "neoasspa",
		"neoass:pal": "neoasspal",
		"neoass:par": "neoasspar",
		"neoass:pat₂": "neoasspat₂",
		"neoass:pi": "neoasspi",
		"neoass:pu": "neoasspu",
		"neoass:pur": "neoasspur",
		"neoass:qa": "neoassqa",
		"neoass:qab": "neoassqab",
		"neoass:qal₃": "neoassqal₃",
		"neoass:qar": "neoassqar",
		"neoass:qi": "neoassqi",
		"neoass:qin": "neoassqin",
		"neoass:qi₂": "neoassqi₂",
		"neoass:qu": "neoassqu",
		"neoass:qur": "neoassqur",
		"neoass:ra": "neoassra",
		"neoass:rad": "neoassrad",
		"neoass:re": "neoassre",
		"neoass:ri": "neoassri",
		"neoass:rih": "neoassrih",
		"neoass:ru": "neoassru",
		"neoass:sa": "neoasssa",
		"neoass:si": "neoasssi",
		"neoass:su": "neoasssu",
		"neoass:ta": "neoassta",
		"neoass:tab": "neoasstab",
		"neoass:tah": "neoasstah",
		"neoass:tak": "neoasstak",
		"neoass:tal": "neoasstal",
		"neoass:tap": "neoasstap",
		"neoass:taq": "neoasstaq",
		"neoass:tas": "neoasstas",
		"neoass:taš": "neoasstaš",
		"neoass:te": "neoasste",
		"neoass:ti": "neoassti",
		"neoass:tu": "neoasstu",
		"neoass:u": "neoassu",
		"neoass:ub": "neoassub",
		"neoass:ud": "neoassud",
		"neoass:ug": "neoassug",
		"neoass:uh": "neoassuh",
		"neoass:uk": "neoassuk",
		"neoass:ul": "neoassul",
		"neoass:um": "neoassum",
		"neoass:un": "neoassun",
		"neoass:up": "neoassup",
		"neoass:uq": "neoassuq",
		"neoass:ur": "neoassur",
		"neoass:us": "neoassus",
		"neoass:ut": "neoassut",
		"neoass:uz": "neoassuz",
		"neoass:uš": "neoassuš",
		"neoass:u₂": "neoassu₂",
		"neoass:u₃": "neoassu₃",
		"neoass:ziq": "neoassziq",
		"neoass:ŠA₃": "neoassša₃",
		"neoass:ŠE": "neoassše",
		"neoass:ŠEŠ": "neoassšeš",
		"neoass:ŠU": "neoassšu",
		"neoass:ŠU.2": "neoassšu2",
		"neoass:ŠU.SI": "neoassšusi",
		"neoass:ŠU₂": "neoassšu₂",
		"neoass:ša": "neoassša",
		"neoass:šad": "neoassšad",
		"neoass:šak": "neoassšak",
		"neoass:šal": "neoassšal",
		"neoass:šap": "neoassšap",
		"neoass:šat": "neoassšat",
		"neoass:ša₂": "neoassša₂",
		"neoass:še": "neoassše",
		"neoass:šeb": "neoassšeb",
		"neoass:ši": "neoassši",
		"neoass:šip": "neoassšip",
		"neoass:šu": "neoassšu",
		"neoass:šuk": "neoassšuk",
		"neoass:šul": "neoassšul",
		"neoass:šum": "neoassšum",
		"neoass:šum₂": "neoassšum₂",
		"neoass:šup": "neoassšup",
		"neoass:šu₂": "neoassšu₂",
		"neoass:ṣa": "neoassṣa",
		"neoass:ṣal": "neoassṣal",
		"neoass:ṣe": "neoassṣe",
		"neoass:ṣi": "neoassṣi",
		"neoass:ṣu": "neoassṣu",
		"neoass:ṭa": "neoassṭa",
		"neoass:ṭe": "neoassṭe",
		"neoass:ṭe₃": "neoassṭe₃",
		"neoass:ṭi": "neoassṭi",
		"neoass:ṭu": "neoassṭu",
		"neoass:ṭup": "neoassṭup",
		"nidabbubūni": "nidabbubuni",
		"nidūkšunu": "nidukšunu",
		"nikabbasūni": "nikabbasuni",
		"nikkassī": "nikkassi",
		"nikkassīya": "nikkassiya",
		"nikkassīšunu": "nikkassišunu",
		"nikrurūni": "nikruruni",
		"niptûni": "niptuni",
		"niqarribūni": "niqarribuni",
		"niqbûni": "niqbuni",
		"niqiāti": "niqiati",
		"nittūṣi": "nittuṣi",
		"nišakkanūni": "nišakkanuni",
		"nišaṭṭarūni": "nišaṭṭaruni",
		"nišmûni": "nišmuni",
		"nišē": "niše",
		"nišēya": "nišeya",
		"nišēšu": "nišešu",
		"nišēšunu": "nišešunu",
		"nukaribbī": "nukaribbi",
		"nupaṭṭirūni": "nupaṭṭiruni",
		"nupšāti": "nupšati",
		"nupšātīka": "nupšatika",
		"nupšātīya": "nupšatiya",
		"nusāhu": "nusahu",
		"nusāhī": "nusahi",
		"nusāhīni": "nusahini",
		"nušaṣbatūni": "nušaṣbatuni",
		"nâlu": "nalu",
		"nādu": "nadu",
		"nādātekuni": "nadatekuni",
		"nāmaru": "namaru",
		"nāmirī": "namiri",
		"nāmurtu": "namurtu",
		"nāri": "nari",
		"nāru": "naru",
		"nārīma": "narima",
		"nēli": "neli",
		"nēmalšu": "nemalšu",
		"nēmedi": "nemedi",
		"nēmedu": "nemedu",
		"nēmelu": "nemelu",
		"nēmur": "nemur",
		"nēpuš": "nepuš",
		"nērebi": "nerebi",
		"nērebu": "nerebu",
		"nēribi": "neribi",
		"nētakal": "netakal",
		"nētamar": "netamar",
		"nētapaš": "netapaš",
		"nību": "nibu",
		"nīdi": "nidi",
		"nīqu": "niqu",
		"nīri": "niri",
		"nīru": "niru",
		"nīšēya": "nišeya",
		"nūbil": "nubil",
		"nūda": "nuda",
		"nūru": "nuru",
		"o.s.": "os",
		"object)": "object",
		"of)": "of",
		"official)": "official",
		"pahhirāni": "pahhirani",
		"pahāru": "paharu",
		"pakkī": "pakki",
		"palhāk": "palhak",
		"palê": "pale",
		"palû": "palu",
		"palāhu": "palahu",
		"pappardalî": "pappardali",
		"paqadāni": "paqadani",
		"paqidūni": "paqiduni",
		"paqqudūni": "paqquduni",
		"paqādu": "paqadu",
		"paqādīya": "paqadiya",
		"parakkī": "parakki",
		"parriṣūti": "parriṣuti",
		"parāku": "paraku",
		"parāsu": "parasu",
		"paršamūti": "paršamuti",
		"paršumūte": "paršumute",
		"pathatūni": "pathatuni",
		"patrī": "patri",
		"pazû": "pazu",
		"pazāru": "pazaru",
		"pašāhu": "pašahu",
		"pašāqu": "pašaqu",
		"paššūru": "paššuru",
		"paʾāṣu": "paʾaṣu",
		"paṣādu": "paṣadu",
		"paṣāṣu": "paṣaṣu",
		"paṭrūni": "paṭruni",
		"paṭāru": "paṭaru",
		"paṭṭurūni": "paṭṭuruni",
		"pehû": "pehu",
		"person?": "person",
		"petû": "petu",
		"pilkāni": "pilkani",
		"piqittāte": "piqittate",
		"piqittēma": "piqittema",
		"piqittēya": "piqitteya",
		"pittēma": "pittema",
		"pitāni": "pitani",
		"priest)": "priest",
		"puhādu": "puhadu",
		"puhādāni": "puhadani",
		"purdû": "purdu",
		"purṭīe": "purṭie",
		"puāgu": "puagu",
		"pî": "pi",
		"pîni": "pini",
		"pîya": "piya",
		"pîšu": "pišu",
		"pîšunu": "pišunu",
		"pû": "pu",
		"pāhiti": "pahiti",
		"pāhitīšu": "pahitišu",
		"pāhutu": "pahutu",
		"pāhāti": "pahati",
		"pān": "pan",
		"pāni": "pani",
		"pānitti": "panitti",
		"pāniu": "paniu",
		"pāniumma": "paniumma",
		"pānišunu": "panišunu",
		"pāniūte": "paniute",
		"pānu": "panu",
		"pānû": "panu",
		"pānāt": "panat",
		"pānātu": "panatu",
		"pānātunni": "panatunni",
		"pānātūwa": "panatuwa",
		"pānī": "pani",
		"pānīka": "panika",
		"pānīkunu": "panikunu",
		"pānīni": "panini",
		"pānīti": "paniti",
		"pānītu": "panitu",
		"pānīya": "paniya",
		"pānīyāni": "paniyani",
		"pānīšu": "panišu",
		"pānīšunu": "panišunu",
		"pānūte": "panute",
		"pānūtu": "panutu",
		"pēthalli": "pethalli",
		"pēthallāti": "pethallati",
		"pīhātu": "pihatu",
		"pīlu": "pilu",
		"pūhi": "puhi",
		"pūhu": "puhu",
		"pūli": "puli",
		"pūlu": "pulu",
		"pūt": "put",
		"pūti": "puti",
		"pūtu": "putu",
		"qabaltīu": "qabaltiu",
		"qabsīte": "qabsite",
		"qabû": "qabu",
		"qabûni": "qabuni",
		"qadītu": "qaditu",
		"qallīlu": "qallilu",
		"qallūtišunu": "qallutišunu",
		"qalû": "qalu",
		"qalālu": "qalalu",
		"qarbāte": "qarbate",
		"qarbātēšu": "qarbatešu",
		"qarbātīya": "qarbatiya",
		"qarrāru": "qarraru",
		"qarābi": "qarabi",
		"qarābu": "qarabu",
		"qarādu": "qaradu",
		"qarāru": "qararu",
		"qerēbu": "qerebu",
		"qibâni": "qibani",
		"qibânnāši": "qibannaši",
		"qibâššu": "qibaššu",
		"qibīa": "qibia",
		"qinnīka": "qinnika",
		"qiāpu": "qiapu",
		"qulālu": "qulalu",
		"qulālēya": "qulaleya",
		"qulālī": "qulali",
		"qurbāku": "qurbaku",
		"qurbākūni": "qurbakuni",
		"qurbūte": "qurbute",
		"qurbūti": "qurbuti",
		"qurbūtu": "qurbutu",
		"qābi": "qabi",
		"qālu": "qalu",
		"qālāka": "qalaka",
		"qāti": "qati",
		"qātu": "qatu",
		"qātē": "qate",
		"qātēka": "qateka",
		"qātēya": "qateya",
		"qātēšunu": "qatešunu",
		"qātī": "qati",
		"qātīka": "qatika",
		"qātīya": "qatiya",
		"qātīšu": "qatišu",
		"qēbāni": "qebani",
		"qēmu": "qemu",
		"qēpi": "qepi",
		"qēpu": "qepu",
		"qīpu": "qipu",
		"rabiūte": "rabiute",
		"rabiūti": "rabiuti",
		"rabiūtīka": "rabiutika",
		"rabiūtīya": "rabiutiya",
		"rabîtu": "rabitu",
		"rabû": "rabu",
		"raddīu": "raddiu",
		"radādu": "radadu",
		"rahāṣu": "rahaṣu",
		"raksūte": "raksute",
		"raksūti": "raksuti",
		"rakābu": "rakabu",
		"rakāsu": "rakasu",
		"ramanīšunu": "ramanišunu",
		"raminīka": "raminika",
		"raminīya": "raminiya",
		"raminīšu": "raminišu",
		"rammû": "rammu",
		"rammûākunu": "rammuakunu",
		"ramû": "ramu",
		"ramāki": "ramaki",
		"ramāku": "ramaku",
		"ramānu": "ramanu",
		"raʾābu": "raʾabu",
		"raṣāpu": "raṣapu",
		"redû": "redu",
		"ridûti": "riduti",
		"ridûtu": "ridutu",
		"riksāni": "riksani",
		"riksāti": "riksati",
		"rug)": "rug",
		"râbu": "rabu",
		"râmu": "ramu",
		"rādiu": "radiu",
		"rāmu": "ramu",
		"rāʾimu": "raʾimu",
		"rāʾyi": "raʾyi",
		"rāʾyu": "raʾyu",
		"rāʾyī": "raʾyi",
		"rāʾî": "raʾi",
		"rēdûte": "redute",
		"rēdûti": "reduti",
		"rēhat": "rehat",
		"rēhte": "rehte",
		"rēhtu": "rehtu",
		"rēhu": "rehu",
		"rēhāte": "rehate",
		"rēhūte": "rehute",
		"rēmu": "remu",
		"rēš": "reš",
		"rēši": "reši",
		"rēšu": "rešu",
		"rēšunni": "rešunni",
		"rēšāni": "rešani",
		"rēšānīšu": "rešanišu",
		"rēšī": "reši",
		"rēšīšu": "rešišu",
		"rēʾû": "reʾu",
		"rību": "ribu",
		"rūbu": "rubu",
		"rūqi": "ruqi",
		"rūqu": "ruqu",
		"s.o.ʾs": "soʾs",
		"s.th.": "sth",
		"sabirrī": "sabirri",
		"sabāʾu": "sabaʾu",
		"sadāru": "sadaru",
		"sahāru": "saharu",
		"salāmu": "salamu",
		"salāʾu": "salaʾu",
		"samû": "samu",
		"samāhu": "samahu",
		"sandû": "sandu",
		"sangû": "sangu",
		"sanāqu": "sanaqu",
		"sapāqu": "sapaqu",
		"sarāhu": "sarahu",
		"seed(s)": "seeds",
		"series)": "series",
		"simānu": "simanu",
		"sippāni": "sippani",
		"siqqurrāte": "siqqurrate",
		"sissê": "sisse",
		"sissî": "sissi",
		"sissû": "sissu",
		"sisû": "sisu",
		"skirt)": "skirt",
		"sleep)": "sleep",
		"steal?": "steal",
		"stone)": "stone",
		"sāgu": "sagu",
		"sāmtu": "samtu",
		"sāntu": "santu",
		"sāru": "saru",
		"sārī": "sari",
		"sīhi": "sihi",
		"sīhu": "sihu",
		"sūsānu": "susanu",
		"tabkīšunu": "tabkišunu",
		"tabāku": "tabaku",
		"tabālu": "tabalu",
		"tabīda": "tabida",
		"tadabbubūni": "tadabbubuni",
		"tadabbūbu": "tadabbubu",
		"tadnūni": "tadnuni",
		"tadāni": "tadani",
		"tadānu": "tadanu",
		"tahhurūni": "tahhuruni",
		"tahūme": "tahume",
		"tahūmu": "tahumu",
		"takkulāk": "takkulak",
		"takmīs": "takmis",
		"takmīsu": "takmisu",
		"takrimāti": "takrimati",
		"tamkāru": "tamkaru",
		"tammarūni": "tammaruni",
		"tamû": "tamu",
		"tankarāni": "tankarani",
		"tankāru": "tankaru",
		"tannepišūni": "tannepišuni",
		"taqabbī": "taqabbi",
		"taqbûni": "taqbuni",
		"taqbīni": "taqbini",
		"tarbāṣu": "tarbaṣu",
		"tarbāṣāti": "tarbaṣati",
		"tartānu": "tartanu",
		"tarīṣi": "tariṣi",
		"tasassûni": "tasassuni",
		"tassanapparūni": "tassanapparuni",
		"tax)": "tax",
		"tašammâni": "tašammani",
		"tašaʾʾalannāši": "tašaʾʾalannaši",
		"tašlimāti": "tašlimati",
		"tašlīši": "tašliši",
		"tašlīšu": "tašlišu",
		"tašlīšāni": "tašlišani",
		"tašlīšūtu": "tašlišutu",
		"tašmûni": "tašmuni",
		"tašīaṭ": "tašiaṭ",
		"tašīṭa": "tašiṭa",
		"taššûni": "taššuni",
		"thirst?": "thirst",
		"tikpī": "tikpi",
		"timāli": "timali",
		"tirṣīka": "tirṣika",
		"tuhallāqa": "tuhallaqa",
		"tuqūnu": "tuqunu",
		"turtān": "turtan",
		"tušaṣbatšanūni": "tušaṣbatšanuni",
		"târu": "taru",
		"tāmurūni": "tamuruni",
		"tātahāza": "tatahaza",
		"tātamāra": "tatamara",
		"tētēqe": "teteqe",
		"tūra": "tura",
		"uballaṭūni": "uballaṭuni",
		"uballiṭūni": "uballiṭuni",
		"ubbalaššanūni": "ubbalaššanuni",
		"ubbalūni": "ubbaluni",
		"ubbalūninni": "ubbaluninni",
		"ubâru": "ubaru",
		"ubānu": "ubanu",
		"ubānī": "ubani",
		"uddīni": "uddini",
		"udēka": "udeka",
		"udēšu": "udešu",
		"udī": "udi",
		"udīna": "udina",
		"udīni": "udini",
		"udīšu": "udišu",
		"ugdatammurūni": "ugdatammuruni",
		"uhallāqa": "uhallaqa",
		"uhtalliqūni": "uhtalliquni",
		"uhtallīqi": "uhtalliqi",
		"uktīnu": "uktinu",
		"ukâlla": "ukalla",
		"ukâllûni": "ukalluni",
		"ulabbišūkanni": "ulabbišukanni",
		"ulâ": "ula",
		"umaddidūni": "umaddiduni",
		"umallûšūnu": "umallušunu",
		"umarrāqa": "umarraqa",
		"ummiānu": "ummianu",
		"ummânī": "ummani",
		"ummāti": "ummati",
		"uncertain)": "uncertain",
		"unknown)": "unknown",
		"unqāte": "unqate",
		"unqāti": "unqati",
		"untaddīdi": "untaddidi",
		"unīqu": "uniqu",
		"unūtu": "unutu",
		"up)": "up",
		"upallahūni": "upallahuni",
		"upallahūnu": "upallahunu",
		"uparrisūni": "uparrisuni",
		"uptataṣṣīdi": "uptataṣṣidi",
		"upteʾʾīṣi": "upteʾʾiṣi",
		"upâsû": "upasu",
		"uqarrabūni": "uqarrabuni",
		"urabbûni": "urabbuni",
		"urammânni": "urammanni",
		"urammûšanūni": "urammušanuni",
		"urdāni": "urdani",
		"urdānīka": "urdanika",
		"urdānīya": "urdaniya",
		"urdānīšu": "urdanišu",
		"urdānūtu": "urdanutu",
		"urdī": "urdi",
		"urdīšu": "urdišu",
		"urhāni": "urhani",
		"urû": "uru",
		"urāsu": "urasu",
		"urāsī": "urasi",
		"urāt": "urat",
		"usammahūni": "usammahuni",
		"usandû": "usandu",
		"ussagrīri": "ussagriri",
		"ussanhīri": "ussanhiri",
		"ussēbila": "ussebila",
		"ussēbilaššu": "ussebilaššu",
		"ussēbilšunu": "ussebilšunu",
		"ussēlanni": "usselanni",
		"ussēli": "usseli",
		"ussēliʾa": "usseliʾa",
		"ussēriba": "usseriba",
		"ussēribanni": "usseribanni",
		"ussēribši": "usseribši",
		"ussēribšunu": "usseribšunu",
		"ussēzib": "ussezib",
		"ussēšeb": "ussešeb",
		"ussēšibu": "ussešibu",
		"ussēšibšu": "ussešibšu",
		"ussēṣi": "usseṣi",
		"ussēṣia": "usseṣia",
		"ussēṣiu": "usseṣiu",
		"uturūte": "uturute",
		"uznēka": "uzneka",
		"uznēšunu": "uznešunu",
		"uznīya": "uzniya",
		"uzzāzi": "uzzazi",
		"ušadababūni": "ušadababuni",
		"ušallimūni": "ušallimuni",
		"ušaškanūni": "ušaškanuni",
		"ušašmûni": "ušašmuni",
		"ušerrabannāšīna": "ušerrabannašina",
		"ušerradāni": "ušerradani",
		"ušmâttanni": "ušmattanni",
		"ušpār": "ušpar",
		"ušpārī": "ušpari",
		"ušēbila": "ušebila",
		"ušēbilanni": "ušebilanni",
		"ušēlûni": "ušeluni",
		"ušēridūni": "ušeriduni",
		"ušēzib": "ušezib",
		"ušēšib": "ušešib",
		"ušēṣanni": "ušeṣanni",
		"uššē": "ušše",
		"uṣṣarrīpi": "uṣṣarripi",
		"uṣṣûni": "uṣṣuni",
		"uṣṣīṣi": "uṣṣiṣi",
		"vessel)": "vessel",
		"wabālu": "wabalu",
		"wadû": "wadu",
		"what?": "what",
		"when?": "when",
		"where?": "where",
		"which?": "which",
		"whither?": "whither",
		"who?": "who",
		"why?": "why",
		"your(s)": "yours",
		"yâšim": "yašim",
		"yābilu": "yabilu",
		"yābilī": "yabili",
		"yābutu": "yabutu",
		"yāʾu": "yaʾu",
		"zakkû": "zakku",
		"zakû": "zaku",
		"zakāru": "zakaru",
		"zamāru": "zamaru",
		"zaqāpu": "zaqapu",
		"zarʾē": "zarʾe",
		"zarʾīka": "zarʾika",
		"zarʾīšu": "zarʾišu",
		"zaʾānu": "zaʾanu",
		"ziqnāni": "ziqnani",
		"ziqqurrāte": "ziqqurrate",
		"zâzu": "zazu",
		"zêru": "zeru",
		"zār": "zar",
		"zēru": "zeru",
		"zūku": "zuku",
		"âdu": "adu",
		"ābuk": "abuk",
		"ākulūni": "akuluni",
		"āli": "ali",
		"ālkunu": "alkunu",
		"ālu": "alu",
		"ālāni": "alani",
		"ālānāte": "alanate",
		"ālāyû": "alayu",
		"ālāyāni": "alayani",
		"āmur": "amur",
		"āmurūni": "amuruni",
		"āpie": "apie",
		"āpî": "api",
		"ātamar": "atamar",
		"ātamarkunu": "atamarkunu",
		"āšib": "ašib",
		"āšibu": "ašibu",
		"āšibūti": "ašibuti",
		"āšipūte": "ašipute",
		"āšipūtu": "ašiputu",
		"ēkal": "ekal",
		"ēkalli": "ekalli",
		"ēkallu": "ekallu",
		"ēkallāte": "ekallate",
		"ēkallīka": "ekallika",
		"ēmidūninni": "emiduninni",
		"ēmurūni": "emuruni",
		"ēnāti": "enati",
		"ēnātišunu": "enatišunu",
		"ēnātīya": "enatiya",
		"ēnātīšu": "enatišu",
		"ēnī": "eni",
		"ēpiše": "epiše",
		"ēpišu": "epišu",
		"ēpusūnu": "epusunu",
		"ēpuš": "epuš",
		"ēpušu": "epušu",
		"ēpušūni": "epušuni",
		"ēpî": "epi",
		"ēpû": "epu",
		"ēribu": "eribu",
		"ēribūte": "eribute",
		"ērub": "erub",
		"ētabkūšunu": "etabkušunu",
		"ētakal": "etakal",
		"ētamar": "etamar",
		"ētamaršu": "etamaršu",
		"ētanarrabūni": "etanarrabuni",
		"ētapal": "etapal",
		"ētapaš": "etapaš",
		"ētaplūni": "etapluni",
		"ētapšu": "etapšu",
		"ētarab": "etarab",
		"ētarba": "etarba",
		"ētarbu": "etarbu",
		"ētarbūni": "etarbuni",
		"ētatqu": "etatqu",
		"ētašru": "etašru",
		"ēteliu": "eteliu",
		"ētetiq": "etetiq",
		"ētiqiši": "etiqiši",
		"ēṣi": "eṣi",
		"ēṣē": "eṣe",
		"īnu": "inu",
		"ītarbu": "itarbu",
		"ītetelli": "itetelli",
		"īteṭira": "iteṭira",
		"ītiteq": "ititeq",
		"ŠA₃": "ša₃",
		"ŠE": "še",
		"ŠEŠ": "šeš",
		"ŠU": "šu",
		"ŠU.2": "šu2",
		"ŠU.GUR": "šugur",
		"ŠU.SI": "šusi",
		"ŠU₂": "šu₂",
		"šabāšu": "šabašu",
		"šaddattūnu": "šaddattunu",
		"šadâni": "šadani",
		"šadû": "šadu",
		"šadādu": "šadadu",
		"šahāṭu": "šahaṭu",
		"šakanākūni": "šakanakuni",
		"šaknākāni": "šaknakani",
		"šaknīšu": "šaknišu",
		"šaknūti": "šaknuti",
		"šakrānû": "šakranu",
		"šakrānūtu": "šakranutu",
		"šakrūte": "šakrute",
		"šakān": "šakan",
		"šakānu": "šakanu",
		"šakāru": "šakaru",
		"šalāmu": "šalamu",
		"šalāšī": "šalaši",
		"šalāšīšu": "šalašišu",
		"šalšūmi": "šalšumi",
		"šalṭāk": "šalṭak",
		"šamaššammī": "šamaššammi",
		"šamaššammū": "šamaššammu",
		"šamê": "šame",
		"šamû": "šamu",
		"šangû": "šangu",
		"šaniūte": "šaniute",
		"šanuttēšu": "šanuttešu",
		"šanîš": "šaniš",
		"šanû": "šanu",
		"šanûti": "šanuti",
		"šanāti": "šanati",
		"šanītu": "šanitu",
		"šanīš": "šaniš",
		"šapalūwa": "šapaluwa",
		"šaprūni": "šapruni",
		"šapāru": "šaparu",
		"šarrāni": "šarrani",
		"šarrāte": "šarrate",
		"šarrūte": "šarrute",
		"šarrūti": "šarruti",
		"šarrūtu": "šarrutu",
		"šarrūtīka": "šarrutika",
		"šarāku": "šaraku",
		"šasû": "šasu",
		"šatbuākû": "šatbuaku",
		"šatbû": "šatbu",
		"šatî": "šati",
		"šatû": "šatu",
		"šatīši": "šatiši",
		"šaššūme": "šaššume",
		"šaʾāla": "šaʾala",
		"šaṭāru": "šaṭaru",
		"šebê": "šebe",
		"šebû": "šebu",
		"šemû": "šemu",
		"šibšāti": "šibšati",
		"šibšē": "šibše",
		"šibšēni": "šibšeni",
		"šinēšu": "šinešu",
		"šinīšu": "šinišu",
		"šiprāni": "šiprani",
		"šiprīka": "šiprika",
		"šiqlī": "šiqli",
		"šiāri": "šiari",
		"šiāru": "šiaru",
		"šiʾāri": "šiʾari",
		"šulmānu": "šulmanu",
		"šulmānāte": "šulmanate",
		"šumātišunu": "šumatišunu",
		"šumēli": "šumeli",
		"šumēlu": "šumelu",
		"šumī": "šumi",
		"šunūma": "šunuma",
		"šupuhrī": "šupuhri",
		"šutētuqê": "šutetuqe",
		"šušānu": "šušanu",
		"šâlu": "šalu",
		"šâṭu": "šaṭu",
		"šî": "ši",
		"šû": "šu",
		"šāptu": "šaptu",
		"šāqû": "šaqu",
		"šēbila": "šebila",
		"šēpi": "šepi",
		"šēpu": "šepu",
		"šēpē": "šepe",
		"šēpēka": "šepeka",
		"šēpēya": "šepeya",
		"šēpēšu": "šepešu",
		"šērida": "šerida",
		"šērāti": "šerati",
		"šēzib": "šezib",
		"šēzibanni": "šezibanni",
		"šī": "ši",
		"šībi": "šibi",
		"šīpātu": "šipatu",
		"šīri": "širi",
		"šīru": "širu",
		"šīrāni": "širani",
		"šīti": "šiti",
		"šītīma": "šitima",
		"šītīni": "šitini",
		"šū": "šu",
		"šūtu": "šutu",
		"šūtû": "šutu",
		"šūtūni": "šutuni",
		"ūbilūni": "ubiluni",
		"ūda": "uda",
		"ūdi": "udi",
		"ūdu": "udu",
		"ūdû": "udu",
		"ūdûni": "uduni",
		"ūla": "ula",
		"ūm": "um",
		"ūma": "uma",
		"ūme": "ume",
		"ūmu": "umu",
		"ūmâ": "uma",
		"ūmāte": "umate",
		"ūmāti": "umati",
		"ūri": "uri",
		"ūru": "uru",
		"ūsibūni": "usibuni",
		"ūtuppiš": "utuppiš",
		"ūšib": "ušib",
		"ṣabātu": "ṣabatu",
		"ṣallumāni": "ṣallumani",
		"ṣalmāt": "ṣalmat",
		"ṣarrāpi": "ṣarrapi",
		"ṣarrāpu": "ṣarrapu",
		"ṣarāpu": "ṣarapu",
		"ṣeheratāya": "ṣeherataya",
		"ṣehrīšu": "ṣehrišu",
		"ṣehrūte": "ṣehrute",
		"ṣehēru": "ṣeheru",
		"ṣillāte": "ṣillate",
		"ṣillīšu": "ṣillišu",
		"ṣiprāt": "ṣiprat",
		"ṣiprāti": "ṣiprati",
		"ṣiātu": "ṣiatu",
		"ṣullêka": "ṣulleka",
		"ṣullû": "ṣullu",
		"ṣulû": "ṣulu",
		"ṣummirātu": "ṣummiratu",
		"ṣummurāt": "ṣummurat",
		"ṣumāmīt": "ṣumamit",
		"ṣumāmītu": "ṣumamitu",
		"ṣât": "ṣat",
		"ṣâti": "ṣati",
		"ṣāb": "ṣab",
		"ṣābu": "ṣabu",
		"ṣābāni": "ṣabani",
		"ṣābānê": "ṣabane",
		"ṣābānīya": "ṣabaniya",
		"ṣābānīšu": "ṣabanišu",
		"ṣēri": "ṣeri",
		"ṣēru": "ṣeru",
		"ṣēta": "ṣeta",
		"ṣētīka": "ṣetika",
		"ṣīa": "ṣia",
		"ṣīru": "ṣiru",
		"ṣīrāni": "ṣirani",
		"ṣīt": "ṣit",
		"ṣītu": "ṣitu",
		"ṭehû": "ṭehu",
		"ṭiābu": "ṭiabu",
		"ṭupšarrī": "ṭupšarri",
		"ṭupšarrūte": "ṭupšarrute",
		"ṭupšarrūtu": "ṭupšarrutu",
		"ṭāb": "ṭab",
		"ṭāba": "ṭaba",
		"ṭābakanni": "ṭabakanni",
		"ṭābka": "ṭabka",
		"ṭābtaka": "ṭabtaka",
		"ṭābti": "ṭabti",
		"ṭābtu": "ṭabtu",
		"ṭābtû": "ṭabtu",
		"ṭābtānimma": "ṭabtanimma",
		"ṭābtī": "ṭabti",
		"ṭābtīya": "ṭabtiya",
		"ṭābtūtu": "ṭabtutu",
		"ṭābtūtīni": "ṭabtutini",
		"ṭābu": "ṭabu",
		"ṭābāte": "ṭabate",
		"ṭābšu": "ṭabšu",
		"ṭābūni": "ṭabuni",
		"ṭābūte": "ṭabute",
		"ṭābūti": "ṭabuti",
		"ṭātu": "ṭatu",
		"ṭātēka": "ṭateka",
		"ṭēme": "ṭeme",
		"ṭēmi": "ṭemi",
		"ṭēmišunu": "ṭemišunu",
		"ṭēmu": "ṭemu",
		"ṭēmāni": "ṭemani",
		"ṭēmīni": "ṭemini",
		"ṭēmīya": "ṭemiya",
		"ṭēmūni": "ṭemuni",
		"ṭēnšu": "ṭenšu",
		"ṭēnšunu": "ṭenšunu",
		"ṭību": "ṭibu",
		"ṭībūte": "ṭibute",
		"ṭīmu": "ṭimu",
		"ṭūb": "ṭub",
		"ṭūbi": "ṭubi",
		"ṭūbu": "ṭubu"
	}
}
