{
	"type": "glossary",
	"project":"saao/saa16",
  "source": "http://oracc.org/saao/saa16",
  "license": "This data is released under the CC0 license",
  "license-url": "https://creativecommons.org/publicdomain/zero/1.0/",
  "more-info": "http://oracc.org/doc/opendata/",
  "UTC-timestamp": "2017-05-19T11:56:25",
  "source": "http://oracc.org/saao/saa16",
  "license": "This data is released under the CC0 license",
  "license-url": "https://creativecommons.org/publicdomain/zero/1.0/",
  "more-info": "http://oracc.org/doc/opendata/",
  "UTC-timestamp": "2017-05-19T11:55:35",
  "source": "http://oracc.org/saao/saa16",
  "license": "This data is released under the CC0 license",
  "license-url": "https://creativecommons.org/publicdomain/zero/1.0/",
  "more-info": "http://oracc.org/doc/opendata/",
  "UTC-timestamp": "2017-02-13T06:41:54",
	"index": "cbd/qpn-x-waters",
	"keys": [{
		"key": "#",
		"count": "4",
		"instances": [
			"#","#","#","#"
		]},{
		"key": "1",
		"count": "2",
		"instances": [
			"1","1"
		]},{
		"key": "x",
		"count": "2",
		"instances": [
			"x","x"
		]},{
		"key": "tartara",
		"count": "1",
		"instances": [
			"tartara"
		]},{
		"key": "tartari",
		"count": "1",
		"instances": [
			"tartari"
		]},{
		"key": "ab",
		"count": "2",
		"instances": [
			"ab","ab"
		]},{
		"key": "bi",
		"count": "2",
		"instances": [
			"bi","bi"
		]},{
		"key": "tar",
		"count": "2",
		"instances": [
			"tar","tar"
		]},{
		"key": "ri",
		"count": "2",
		"instances": [
			"ri","ri"
		]},{
		"key": "ta",
		"count": "2",
		"instances": [
			"ta","ta"
		]},{
		"key": "za",
		"count": "2",
		"instances": [
			"za","za"
		]},{
		"key": "akk",
		"count": "2",
		"instances": [
			"akk","akk"
		]},{
		"key": "Tartara[1]",
		"count": "1",
		"instances": [
			"Tartara[1]"
		]},{
		"key": "Zaba[Zab]",
		"count": "1",
		"instances": [
			"Zaba[Zab]"
		]},{
		"key": "zab",
		"count": "2",
		"instances": [
			"zab","zab"
		]},{
		"key": "zaba",
		"count": "1",
		"instances": [
			"zaba"
		]},{
		"key": "neoass",
		"count": "2",
		"instances": [
			"neoass","neoass"
		]},{
		"key": "id₂",
		"count": "4",
		"instances": [
			"id₂","id₂","id₂","id₂"
		]},{
		"key": "zabbi",
		"count": "1",
		"instances": [
			"zabbi"
		]}
	],
	"map": {
		"%akk": "akk",
		"ID₂": "id₂",
		"Tartara": "tartara",
		"Tartari": "tartari",
		"Zab": "zab",
		"Zaba": "zaba",
		"Zabbi": "zabbi",
		"neoass:": "neoass"
	}
}
