{
"type": "corpus",
"project": "saao/saa18",
  "source": "http://oracc.org/saao/saa18",
  "license": "This data is released under the CC0 license",
  "license-url": "https://creativecommons.org/publicdomain/zero/1.0/",
  "more-info": "http://oracc.org/doc/opendata/",
  "UTC-timestamp": "2017-05-19T12:01:16",
"members": {
"P236868": "corpusjson/P236868.json","P236871": "corpusjson/P236871.json","P236908": "corpusjson/P236908.json","P236909": "corpusjson/P236909.json","P236911": "corpusjson/P236911.json","P236912": "corpusjson/P236912.json","P236914": "corpusjson/P236914.json","P236962": "corpusjson/P236962.json","P236983": "corpusjson/P236983.json","P236985": "corpusjson/P236985.json","P237026": "corpusjson/P237026.json","P237046": "corpusjson/P237046.json","P237077": "corpusjson/P237077.json","P237109": "corpusjson/P237109.json","P237177": "corpusjson/P237177.json","P237183": "corpusjson/P237183.json","P237193": "corpusjson/P237193.json","P237196": "corpusjson/P237196.json","P237197": "corpusjson/P237197.json","P237205": "corpusjson/P237205.json","P237241": "corpusjson/P237241.json","P237245": "corpusjson/P237245.json","P237250": "corpusjson/P237250.json","P237253": "corpusjson/P237253.json","P237256": "corpusjson/P237256.json","P237257": "corpusjson/P237257.json","P237258": "corpusjson/P237258.json","P237260": "corpusjson/P237260.json","P237263": "corpusjson/P237263.json","P237266": "corpusjson/P237266.json","P237268": "corpusjson/P237268.json","P237271": "corpusjson/P237271.json","P237272": "corpusjson/P237272.json","P237282": "corpusjson/P237282.json","P237324": "corpusjson/P237324.json","P237325": "corpusjson/P237325.json","P237327": "corpusjson/P237327.json","P237328": "corpusjson/P237328.json","P237332": "corpusjson/P237332.json","P237333": "corpusjson/P237333.json","P237334": "corpusjson/P237334.json","P237368": "corpusjson/P237368.json","P237390": "corpusjson/P237390.json","P237391": "corpusjson/P237391.json","P237401": "corpusjson/P237401.json","P237414": "corpusjson/P237414.json","P237415": "corpusjson/P237415.json","P237421": "corpusjson/P237421.json","P237429": "corpusjson/P237429.json","P237430": "corpusjson/P237430.json","P237436": "corpusjson/P237436.json","P237451": "corpusjson/P237451.json","P237452": "corpusjson/P237452.json","P237528": "corpusjson/P237528.json","P237546": "corpusjson/P237546.json","P237552": "corpusjson/P237552.json","P237560": "corpusjson/P237560.json","P237562": "corpusjson/P237562.json","P237581": "corpusjson/P237581.json","P237645": "corpusjson/P237645.json","P237652": "corpusjson/P237652.json","P237657": "corpusjson/P237657.json","P237658": "corpusjson/P237658.json","P237664": "corpusjson/P237664.json","P237671": "corpusjson/P237671.json","P237679": "corpusjson/P237679.json","P237681": "corpusjson/P237681.json","P237682": "corpusjson/P237682.json","P237685": "corpusjson/P237685.json","P237687": "corpusjson/P237687.json","P237692": "corpusjson/P237692.json","P237705": "corpusjson/P237705.json","P237735": "corpusjson/P237735.json","P237748": "corpusjson/P237748.json","P237765": "corpusjson/P237765.json","P237776": "corpusjson/P237776.json","P237777": "corpusjson/P237777.json","P237800": "corpusjson/P237800.json","P237812": "corpusjson/P237812.json","P237816": "corpusjson/P237816.json","P237817": "corpusjson/P237817.json","P237818": "corpusjson/P237818.json","P237820": "corpusjson/P237820.json","P237821": "corpusjson/P237821.json","P237824": "corpusjson/P237824.json","P237828": "corpusjson/P237828.json","P237831": "corpusjson/P237831.json","P237837": "corpusjson/P237837.json","P237838": "corpusjson/P237838.json","P237839": "corpusjson/P237839.json","P237840": "corpusjson/P237840.json","P237844": "corpusjson/P237844.json","P237845": "corpusjson/P237845.json","P237932": "corpusjson/P237932.json","P237947": "corpusjson/P237947.json","P237965": "corpusjson/P237965.json","P237970": "corpusjson/P237970.json","P237972": "corpusjson/P237972.json","P237977": "corpusjson/P237977.json","P237979": "corpusjson/P237979.json","P237980": "corpusjson/P237980.json","P237982": "corpusjson/P237982.json","P237988": "corpusjson/P237988.json","P237992": "corpusjson/P237992.json","P237997": "corpusjson/P237997.json","P237999": "corpusjson/P237999.json","P238000": "corpusjson/P238000.json","P238001": "corpusjson/P238001.json","P238005": "corpusjson/P238005.json","P238010": "corpusjson/P238010.json","P238012": "corpusjson/P238012.json","P238016": "corpusjson/P238016.json","P238053": "corpusjson/P238053.json","P238075": "corpusjson/P238075.json","P238077": "corpusjson/P238077.json","P238105": "corpusjson/P238105.json","P238110": "corpusjson/P238110.json","P238129": "corpusjson/P238129.json","P238131": "corpusjson/P238131.json","P238135": "corpusjson/P238135.json","P238201": "corpusjson/P238201.json","P238248": "corpusjson/P238248.json","P238335": "corpusjson/P238335.json","P238343": "corpusjson/P238343.json","P238351": "corpusjson/P238351.json","P238353": "corpusjson/P238353.json","P238380": "corpusjson/P238380.json","P238418": "corpusjson/P238418.json","P238421": "corpusjson/P238421.json","P238425": "corpusjson/P238425.json","P238447": "corpusjson/P238447.json","P238450": "corpusjson/P238450.json","P238452": "corpusjson/P238452.json","P238460": "corpusjson/P238460.json","P238461": "corpusjson/P238461.json","P238478": "corpusjson/P238478.json","P238479": "corpusjson/P238479.json","P238489": "corpusjson/P238489.json","P238491": "corpusjson/P238491.json","P238496": "corpusjson/P238496.json","P238498": "corpusjson/P238498.json","P238499": "corpusjson/P238499.json","P238506": "corpusjson/P238506.json","P238514": "corpusjson/P238514.json","P238527": "corpusjson/P238527.json","P238535": "corpusjson/P238535.json","P238646": "corpusjson/P238646.json","P238652": "corpusjson/P238652.json","P238655": "corpusjson/P238655.json","P238657": "corpusjson/P238657.json","P238661": "corpusjson/P238661.json","P238666": "corpusjson/P238666.json","P238668": "corpusjson/P238668.json","P238676": "corpusjson/P238676.json","P238727": "corpusjson/P238727.json","P238753": "corpusjson/P238753.json","P238758": "corpusjson/P238758.json","P238858": "corpusjson/P238858.json","P238937": "corpusjson/P238937.json","P239045": "corpusjson/P239045.json","P239167": "corpusjson/P239167.json","P239176": "corpusjson/P239176.json","P239186": "corpusjson/P239186.json","P239188": "corpusjson/P239188.json","P239219": "corpusjson/P239219.json","P239248": "corpusjson/P239248.json","P239258": "corpusjson/P239258.json","P239284": "corpusjson/P239284.json","P239287": "corpusjson/P239287.json","P239291": "corpusjson/P239291.json","P239293": "corpusjson/P239293.json","P239303": "corpusjson/P239303.json","P239313": "corpusjson/P239313.json","P239328": "corpusjson/P239328.json","P239344": "corpusjson/P239344.json","P239347": "corpusjson/P239347.json","P239357": "corpusjson/P239357.json","P239359": "corpusjson/P239359.json","P239386": "corpusjson/P239386.json","P239402": "corpusjson/P239402.json","P239447": "corpusjson/P239447.json","P239450": "corpusjson/P239450.json","P239452": "corpusjson/P239452.json","P239455": "corpusjson/P239455.json","P239462": "corpusjson/P239462.json","P239799": "corpusjson/P239799.json","P239872": "corpusjson/P239872.json","P239969": "corpusjson/P239969.json","P240130": "corpusjson/P240130.json","P240132": "corpusjson/P240132.json","P240245": "corpusjson/P240245.json","P240254": "corpusjson/P240254.json","P240292": "corpusjson/P240292.json","P240331": "corpusjson/P240331.json","P240349": "corpusjson/P240349.json","P240376": "corpusjson/P240376.json","P240381": "corpusjson/P240381.json","P240408": "corpusjson/P240408.json","P240444": "corpusjson/P240444.json","P240445": "corpusjson/P240445.json","P334274": "corpusjson/P334274.json","P336157": "corpusjson/P336157.json","P336788": "corpusjson/P336788.json"
}
}
