{
	"type": "glossary",
	"project":"saao/saa18",
  "source": "http://oracc.org/saao/saa18",
  "license": "This data is released under the CC0 license",
  "license-url": "https://creativecommons.org/publicdomain/zero/1.0/",
  "more-info": "http://oracc.org/doc/opendata/",
  "UTC-timestamp": "2017-05-19T12:01:18",
  "source": "http://oracc.org/saao/saa18",
  "license": "This data is released under the CC0 license",
  "license-url": "https://creativecommons.org/publicdomain/zero/1.0/",
  "more-info": "http://oracc.org/doc/opendata/",
  "UTC-timestamp": "2017-05-19T12:00:31",
  "source": "http://oracc.org/saao/saa18",
  "license": "This data is released under the CC0 license",
  "license-url": "https://creativecommons.org/publicdomain/zero/1.0/",
  "more-info": "http://oracc.org/doc/opendata/",
  "UTC-timestamp": "2017-05-07T17:29:35",
  "source": "http://oracc.org/saao/saa18",
  "license": "This data is released under the CC0 license",
  "license-url": "https://creativecommons.org/publicdomain/zero/1.0/",
  "more-info": "http://oracc.org/doc/opendata/",
  "UTC-timestamp": "2017-02-13T06:42:41",
	"index": "cbd/qpn-x-temple",
	"keys": [{
		"key": "#",
		"count": "2",
		"instances": [
			"#","#"
		]},{
		"key": "1",
		"count": "4",
		"instances": [
			"1","1","1","1"
		]},{
		"key": "x",
		"count": "6",
		"instances": [
			"x","x","x","x","x","x"
		]},{
		"key": "e₂zida",
		"count": "1",
		"instances": [
			"e₂zida"
		]},{
		"key": "nabu",
		"count": "2",
		"instances": [
			"nabu","nabu"
		]},{
		"key": "neobabe₂meslam",
		"count": "1",
		"instances": [
			"neobabe₂meslam"
		]},{
		"key": "cutha",
		"count": "2",
		"instances": [
			"cutha","cutha"
		]},{
		"key": "nergal",
		"count": "2",
		"instances": [
			"nergal","nergal"
		]},{
		"key": "esaggil",
		"count": "2",
		"instances": [
			"esaggil","esaggil"
		]},{
		"key": "emeslam",
		"count": "2",
		"instances": [
			"emeslam","emeslam"
		]},{
		"key": "in",
		"count": "2",
		"instances": [
			"in","in"
		]},{
		"key": "of",
		"count": "4",
		"instances": [
			"of","of","of","of"
		]},{
		"key": "akk",
		"count": "6",
		"instances": [
			"akk","akk","akk","akk","akk","akk"
		]},{
		"key": "e₂sagil₂",
		"count": "1",
		"instances": [
			"e₂sagil₂","e₂sagil₂","e₂sagil₂"
		]},{
		"key": "neobabe₂sagil₂",
		"count": "1",
		"instances": [
			"neobabe₂sagil₂"
		]},{
		"key": "e₂anna",
		"count": "1",
		"instances": [
			"e₂anna"
		]},{
		"key": "ekur",
		"count": "2",
		"instances": [
			"ekur","ekur"
		]},{
		"key": "e₂meslam",
		"count": "1",
		"instances": [
			"e₂meslam"
		]},{
		"key": "e₂kur",
		"count": "1",
		"instances": [
			"e₂kur"
		]},{
		"key": "e₂",
		"count": "2",
		"instances": [
			"e₂","e₂"
		]},{
		"key": "ezida",
		"count": "2",
		"instances": [
			"ezida","ezida"
		]},{
		"key": "ayakku",
		"count": "2",
		"instances": [
			"ayakku","ayakku"
		]},{
		"key": "Esaggil[1]",
		"count": "1",
		"instances": [
			"Esaggil[1]"
		]},{
		"key": "sag",
		"count": "2",
		"instances": [
			"sag","sag"
		]},{
		"key": "Ayakku[Eanna]",
		"count": "1",
		"instances": [
			"Ayakku[Eanna]"
		]},{
		"key": "temple",
		"count": "4",
		"instances": [
			"temple","temple","temple","temple"
		]},{
		"key": "gil₂",
		"count": "2",
		"instances": [
			"gil₂","gil₂","gil₂","gil₂"
		]},{
		"key": "neobabe₂anna",
		"count": "1",
		"instances": [
			"neobabe₂anna"
		]},{
		"key": "neobab",
		"count": "1",
		"instances": [
			"neobab"
		]},{
		"key": "eanna",
		"count": "2",
		"instances": [
			"eanna","eanna"
		]},{
		"key": "Ekur[1]",
		"count": "1",
		"instances": [
			"Ekur[1]"
		]},{
		"key": "neobabe₂zida",
		"count": "1",
		"instances": [
			"neobabe₂zida"
		]},{
		"key": "neobabe₂kur",
		"count": "1",
		"instances": [
			"neobabe₂kur"
		]}
	],
	"map": {
		"%akk": "akk",
		"Ayakku": "ayakku",
		"Cutha": "cutha",
		"Eanna": "eanna",
		"Ekur": "ekur",
		"Emeslam": "emeslam",
		"Esaggil": "esaggil",
		"Ezida": "ezida",
		"E₂": "e₂",
		"E₂.AN.NA": "e₂anna",
		"E₂.KUR": "e₂kur",
		"E₂.MES.LAM": "e₂meslam",
		"E₂.SAG.IL₂": "e₂sagil₂",
		"E₂.ZI.DA": "e₂zida",
		"Nabu": "nabu",
		"Nergal": "nergal",
		"Temple": "temple",
		"neobab:": "neobab",
		"neobab:E₂.AN.NA": "neobabe₂anna",
		"neobab:E₂.KUR": "neobabe₂kur",
		"neobab:E₂.MES.LAM": "neobabe₂meslam",
		"neobab:E₂.SAG.IL₂": "neobabe₂sagil₂",
		"neobab:E₂.ZI.DA": "neobabe₂zida"
	}
}
