{
"type": "cdl",
  "source": "http://oracc.org/saao/saa17",
  "license": "This data is released under the CC0 license",
  "license-url": "https://creativecommons.org/publicdomain/zero/1.0/",
  "more-info": "http://oracc.org/doc/opendata/",
  "UTC-timestamp": "2017-05-19T11:58:24",
"project": "saao/saa17",
"textid": "P237994",
"cdl": [
{
"node": "c",
"type": "text",
"id": "P237994.U0",
"cdl": [
{
"node": "d",
"type": "object",
"ref": ""}
,
{
"node": "d",
"subtype": "obverse",
"type": "surface",
"ref": "P237994.o.1",
"type": "obverse",
"label": "o"}
,
{
"node": "c",
"type": "discourse",
"subtype": "body",
"id": "P237994.U1",
"cdl": [
{
"node": "c",
"type": "sentence",
"id": "P237994.U2",
"label": "o 1 - r.e. 20",
"cdl": [
{
"node": "d",
"type": "line-start",
"ref": "P237994.2",
"n": "1",
"label": "o 1"}
,
{
"node": "l",
"frag": "⸢IM⸣",
"id": "P237994.l0320c",
"ref": "P237994.2.1",
"inst": "ṭuppi[tablet]N",
"sig": "@saao/saa17%akk-x-neobab:IM=ṭuppu[tablet//tablet]N'N$ṭuppi",
"f": {"lang": "akk-x-neobab",
"form": "IM",
"cf": "ṭuppu",
"gw": "tablet",
"sense": "tablet",
"norm": "ṭuppi",
"pos": "N",
"epos": "N"}
}
,
{
"node": "l",
"frag": "{lu₂}GAL-[MEŠ]",
"id": "P237994.l0320d",
"ref": "P237994.2.2",
"inst": "rabû[big one//magnate]N$rabûti",
"sig": "@saao/saa17%akk-x-neobab:{LU₂}GAL-MEŠ=rabû[big one//magnate]N'N$rabûti",
"f": {"lang": "akk-x-neobab",
"form": "{LU₂}GAL-MEŠ",
"cf": "rabû",
"gw": "big one",
"sense": "magnate",
"norm": "rabûti",
"pos": "N",
"epos": "N"}
}
,
{
"node": "d",
"type": "line-start",
"ref": "P237994.3",
"n": "2",
"label": "o 2"}
,
{
"node": "l",
"frag": "{⸢lu₂⸣}ha-mu-ru",
"id": "P237994.l0320e",
"ref": "P237994.3.1",
"inst": "Hamuru[1]GN$",
"sig": "@saao/saa17%akk-x-neobab:{LU₂}ha-mu-ru=Hamuru[1//1]GN'GN$Hamuru",
"f": {"lang": "akk-x-neobab",
"form": "{LU₂}ha-mu-ru",
"cf": "Hamuru",
"gw": "1",
"sense": "1",
"norm": "Hamuru",
"pos": "GN",
"epos": "GN"}
}
,
{
"node": "l",
"frag": "ša₂",
"id": "P237994.l0320f",
"ref": "P237994.3.2",
"inst": "ša[of]DET",
"sig": "@saao/saa17%akk-x-neobab:ša₂=ša[of//of]DET'DET$ša",
"f": {"lang": "akk-x-neobab",
"form": "ša₂",
"cf": "ša",
"gw": "of",
"sense": "of",
"norm": "ša",
"pos": "DET",
"epos": "DET"}
}
,
{
"node": "l",
"frag": "⸢x⸣+[x",
"id": "P237994.l03210",
"ref": "P237994.3.3",
"inst": "u",
"f": {"lang": "akk-x-neobab",
"form": "x+x",
"pos": "u"}
}
,
{
"node": "l",
"frag": "x]",
"id": "P237994.l03211",
"ref": "P237994.3.4",
"inst": "u",
"f": {"lang": "akk-x-neobab",
"form": "x",
"pos": "u"}
}
,
{
"node": "d",
"type": "line-start",
"ref": "P237994.4",
"n": "3",
"label": "o 3"}
,
{
"node": "l",
"frag": "[a-na]",
"id": "P237994.l03212",
"ref": "P237994.4.1",
"inst": "ana[to]PRP",
"sig": "@saao/saa17%akk-x-neobab:a-na=ana[to//to]PRP'PRP$ana",
"f": {"lang": "akk-x-neobab",
"form": "a-na",
"cf": "ana",
"gw": "to",
"sense": "to",
"norm": "ana",
"pos": "PRP",
"epos": "PRP"}
}
,
{
"node": "l",
"frag": "⸢LUGAL⸣",
"id": "P237994.l03213",
"ref": "P237994.4.2",
"inst": "šarri[king]N",
"sig": "@saao/saa17%akk-x-neobab:LUGAL=šarru[king//king]N'N$šarri",
"f": {"lang": "akk-x-neobab",
"form": "LUGAL",
"cf": "šarru",
"gw": "king",
"sense": "king",
"norm": "šarri",
"pos": "N",
"epos": "N"}
}
,
{
"node": "l",
"frag": "be-li₂-šu₂-[nu]",
"id": "P237994.l03214",
"ref": "P237994.4.3",
"inst": "bēlišunu[lord]N",
"sig": "@saao/saa17%akk-x-neobab:be-li₂-šu₂-nu=bēlu[lord//lord]N'N$bēlišunu",
"f": {"lang": "akk-x-neobab",
"form": "be-li₂-šu₂-nu",
"cf": "bēlu",
"gw": "lord",
"sense": "lord",
"norm": "bēlišunu",
"pos": "N",
"epos": "N"}
}
,
{
"node": "d",
"type": "line-start",
"ref": "P237994.5",
"n": "4",
"label": "o 4"}
,
{
"node": "l",
"frag": "[LUGAL",
"id": "P237994.l03215",
"ref": "P237994.5.1",
"inst": "šarru[king]N",
"sig": "@saao/saa17%akk-x-neobab:LUGAL=šarru[king//king]N'N$šarru",
"f": {"lang": "akk-x-neobab",
"form": "LUGAL",
"cf": "šarru",
"gw": "king",
"sense": "king",
"norm": "šarru",
"pos": "N",
"epos": "N"}
}
,
{
"node": "l",
"frag": "ši]-pir-ti",
"id": "P237994.l03216",
"ref": "P237994.5.2",
"inst": "šipirtu[message]N$šipirti",
"sig": "@saao/saa17%akk-x-neobab:ši-pir-ti=šipirtu[message//message]N'N$šipirti",
"f": {"lang": "akk-x-neobab",
"form": "ši-pir-ti",
"cf": "šipirtu",
"gw": "message",
"sense": "message",
"norm": "šipirti",
"pos": "N",
"epos": "N"}
}
,
{
"node": "l",
"frag": "{1}ba-laṭ-[su]",
"id": "P237994.l03217",
"ref": "P237994.5.3",
"inst": "Balaṭsu[1]PN",
"sig": "@saao/saa17%akk-x-neobab:{1}ba-laṭ-su=Balassu[1//1]PN'PN$Balaṭsu",
"f": {"lang": "akk-x-neobab",
"form": "{1}ba-laṭ-su",
"cf": "Balassu",
"gw": "1",
"sense": "1",
"norm": "Balaṭsu",
"pos": "PN",
"epos": "PN"}
}
,
{
"node": "d",
"type": "line-start",
"ref": "P237994.6",
"n": "5",
"label": "o 5"}
,
{
"node": "l",
"frag": "[il]-⸢tap⸣-ra-aš₂-⸢šu₂⸣",
"id": "P237994.l03218",
"ref": "P237994.6.1",
"inst": "šapāru[send]V$iltapraššu",
"sig": "@saao/saa17%akk-x-neobab:il-tap-ra-aš₂-šu₂=šapāru[send//send]V'V$iltapraššu",
"f": {"lang": "akk-x-neobab",
"form": "il-tap-ra-aš₂-šu₂",
"cf": "šapāru",
"gw": "send",
"sense": "send",
"norm": "iltapraššu",
"pos": "V",
"epos": "V"}
}
,
{
"node": "d",
"type": "line-start",
"ref": "P237994.7",
"n": "6",
"label": "o 6"}
,
{
"node": "l",
"frag": "[it-ti]",
"id": "P237994.l03219",
"ref": "P237994.7.1",
"inst": "itti[with]PRP",
"sig": "@saao/saa17%akk-x-neobab:it-ti=itti[with//with]PRP'PRP$itti",
"f": {"lang": "akk-x-neobab",
"form": "it-ti",
"cf": "itti",
"gw": "with",
"sense": "with",
"norm": "itti",
"pos": "PRP",
"epos": "PRP"}
}
,
{
"node": "c",
"type": "phrase",
"tag": "phr",
"id": "P237994.U4",
"ref": "P237994.ls00000",
"cdl": [
{
"node": "l",
"frag": "{lu₂}DUMU-DU₃-⸢MEŠ⸣",
"id": "P237994.l0321a",
"ref": "P237994.7.2",
"cof-tails": "P237994.l0321b",
"inst": "māru[son]N$mār&banû[good]AJ$banî",
"exosig": "@saao/saa17%akk-x-neobab:{LU₂}DUMU-DU₃-MEŠ=māru[son//son]N'N$mār&&@saao%akk-x-neobab:=banû[good//good]AJ'AJ$banî",
"f": {"lang": "akk-x-neobab",
"form": "{LU₂}DUMU-DU₃-MEŠ",
"cf": "māru",
"gw": "son",
"sense": "son",
"norm": "mār",
"pos": "N",
"epos": "N"}
}
,
{
"node": "l",
"frag": "{lu₂}DUMU-DU₃-⸢MEŠ⸣",
"id": "P237994.l0321b",
"ref": "P237994.7.2",
"cof-head": "P237994.l0321a",
"inst": "māru[son]N$mār&banû[good]AJ$banî",
"tail-sig": "@saao%akk-x-neobab:=banû[good//good]AJ'AJ$banî",
"f": {"lang": "akk-x-neobab",
"form": "{LU₂}DUMU-DU₃-MEŠ",
"cf": "banû",
"gw": "good",
"sense": "good",
"norm": "banî",
"pos": "AJ",
"epos": "AJ"}
}
]}
,
{
"node": "d",
"type": "line-start",
"ref": "P237994.8",
"n": "7",
"label": "o 7"}
,
{
"node": "l",
"frag": "[KUR-aš]-⸢šur⸣{ki}",
"id": "P237994.l0321c",
"ref": "P237994.8.1",
"inst": "+Mat-Aššur[Assyria]GN$",
"sig": "@saao/saa10%akk-x-neobab:KUR-aš-šur{KI}=Mat-Aššur[Assyria//Assyria]GN'GN$Mat-Aššur",
"f": {"lang": "akk-x-neobab",
"form": "KUR-aš-šur{KI}",
"cf": "Mat-Aššur",
"gw": "Assyria",
"sense": "Assyria",
"norm": "Mat-Aššur",
"pos": "GN",
"epos": "GN"}
}
,
{
"node": "l",
"frag": "03",
"id": "P237994.l0321d",
"ref": "P237994.8.2",
"inst": "n",
"f": {"lang": "akk-x-neobab",
"form": "03",
"pos": "n"}
}
,
{
"node": "l",
"frag": "MU.[AN.NA-MEŠ]",
"id": "P237994.l0321e",
"ref": "P237994.8.3",
"inst": "šanāti[year]N",
"sig": "@saao/saa17%akk-x-neobab:MU.AN.NA-MEŠ=šattu[year//year]N'N$šanāti",
"f": {"lang": "akk-x-neobab",
"form": "MU.AN.NA-MEŠ",
"cf": "šattu",
"gw": "year",
"sense": "year",
"norm": "šanāti",
"pos": "N",
"epos": "N"}
}
,
{
"node": "d",
"type": "line-start",
"ref": "P237994.9",
"n": "8",
"label": "o 8"}
,
{
"node": "l",
"frag": "[EN.NUN]",
"id": "P237994.l0321f",
"ref": "P237994.9.1",
"inst": "maṣṣartu[observation//guard]N$maṣṣarta",
"sig": "@saao/saa17%akk-x-neobab:EN.NUN=maṣṣartu[observation//guard]N'N$maṣṣarta",
"f": {"lang": "akk-x-neobab",
"form": "EN.NUN",
"cf": "maṣṣartu",
"gw": "observation",
"sense": "guard",
"norm": "maṣṣarta",
"pos": "N",
"epos": "N"}
}
,
{
"node": "l",
"frag": "ni-it-ta-⸢ṣar⸣",
"id": "P237994.l03220",
"ref": "P237994.9.2",
"inst": "naṣāru[guard//keep guard]V$nittaṣar",
"sig": "@saao/saa17%akk-x-neobab:ni-it-ta-ṣar=naṣāru[guard//keep guard]V'V$nittaṣar",
"f": {"lang": "akk-x-neobab",
"form": "ni-it-ta-ṣar",
"cf": "naṣāru",
"gw": "guard",
"sense": "keep guard",
"norm": "nittaṣar",
"pos": "V",
"epos": "V"}
}
,
{
"node": "d",
"type": "line-start",
"ref": "P237994.10",
"n": "9",
"label": "o 9"}
,
{
"node": "l",
"frag": "[KUR]-⸢nu⸣",
"id": "P237994.l03221",
"ref": "P237994.10.1",
"inst": "+mātu[land]N$mātnu",
"sig": "@saao/saa17%akk-x-neobab:KUR-nu=mātu[land//land]N'N$mātnu",
"f": {"lang": "akk-x-neobab",
"form": "KUR-nu",
"cf": "mātu",
"gw": "land",
"sense": "land",
"norm": "mātnu",
"pos": "N",
"epos": "N"}
}
,
{
"node": "l",
"frag": "LUGAL",
"id": "P237994.l03222",
"ref": "P237994.10.2",
"inst": "šarru[king]N",
"sig": "@saao/saa17%akk-x-neobab:LUGAL=šarru[king//king]N'N$šarru",
"f": {"lang": "akk-x-neobab",
"form": "LUGAL",
"cf": "šarru",
"gw": "king",
"sense": "king",
"norm": "šarru",
"pos": "N",
"epos": "N"}
}
,
{
"node": "l",
"frag": "ip-ta-[lah₃]",
"id": "P237994.l03223",
"ref": "P237994.10.3",
"inst": "iptalah[fear]V",
"sig": "@saao/saa17%akk-x-neobab:ip-ta-lah₃=palāhu[fear//fear]V'V$iptalah",
"f": {"lang": "akk-x-neobab",
"form": "ip-ta-lah₃",
"cf": "palāhu",
"gw": "fear",
"sense": "fear",
"norm": "iptalah",
"pos": "V",
"epos": "V"}
}
,
{
"node": "d",
"type": "line-start",
"ref": "P237994.11",
"n": "10",
"label": "o 10"}
,
{
"node": "l",
"frag": "[x",
"id": "P237994.l03224",
"ref": "P237994.11.1",
"inst": "u",
"f": {"lang": "akk-x-neobab",
"form": "x",
"pos": "u"}
}
,
{
"node": "l",
"frag": "x]-⸢ni⸣",
"id": "P237994.l03225",
"ref": "P237994.11.2",
"inst": "u",
"f": {"lang": "akk-x-neobab",
"form": "x-ni",
"pos": "u"}
}
,
{
"node": "l",
"frag": "a-kan-na",
"id": "P237994.l03226",
"ref": "P237994.11.3",
"inst": "akanna[here//now]AV$",
"sig": "@saao/saa17%akk-x-neobab:a-kan-na=akanna[here//now]AV'AV$akanna",
"f": {"lang": "akk-x-neobab",
"form": "a-kan-na",
"cf": "akanna",
"gw": "here",
"sense": "now",
"norm": "akanna",
"pos": "AV",
"epos": "AV"}
}
,
{
"node": "l",
"frag": "ki-⸢i⸣",
"id": "P237994.l03227",
"ref": "P237994.11.4",
"inst": "kī[like//as]PRP$kî",
"sig": "@saao/saa17%akk-x-neobab:ki-i=kī[as, like//as]PRP'PRP$kî",
"f": {"lang": "akk-x-neobab",
"form": "ki-i",
"cf": "kī",
"gw": "as, like",
"sense": "as",
"norm": "kî",
"pos": "PRP",
"epos": "PRP"}
}
,
{
"node": "d",
"type": "line-start",
"ref": "P237994.12",
"n": "11",
"label": "o 11"}
,
{
"node": "l",
"frag": "[x",
"id": "P237994.l03228",
"ref": "P237994.12.1",
"inst": "u",
"f": {"lang": "akk-x-neobab",
"form": "x",
"pos": "u"}
}
,
{
"node": "l",
"frag": "x",
"id": "P237994.l03229",
"ref": "P237994.12.2",
"inst": "u",
"f": {"lang": "akk-x-neobab",
"form": "x",
"pos": "u"}
}
,
{
"node": "l",
"frag": "x]",
"id": "P237994.l0322a",
"ref": "P237994.12.3",
"inst": "u",
"f": {"lang": "akk-x-neobab",
"form": "x",
"pos": "u"}
}
,
{
"node": "l",
"frag": "{1}{d}AMAR.UTU-LUGAL-PAB",
"id": "P237994.l0322b",
"ref": "P237994.12.4",
"inst": "Marduk-šarru-uṣur[1]PN",
"sig": "@saao/saa17%akk-x-neobab:{1}{d}AMAR.UTU-LUGAL-PAB=Marduk-šarru-uṣur[1//1]PN'PN$Marduk-šarru-uṣur",
"f": {"lang": "akk-x-neobab",
"form": "{1}{d}AMAR.UTU-LUGAL-PAB",
"cf": "Marduk-šarru-uṣur",
"gw": "1",
"sense": "1",
"norm": "Marduk-šarru-uṣur",
"pos": "PN",
"epos": "PN"}
}
,
{
"node": "l",
"frag": "[o]",
"id": "P237994.l0322c",
"ref": "P237994.12.5",
"inst": "u",
"f": {"lang": "akk-x-neobab",
"form": "o",
"pos": "u"}
}
,
{
"node": "d",
"type": "line-start",
"ref": "P237994.13",
"n": "12",
"label": "o 12"}
,
{
"node": "l",
"frag": "[x",
"id": "P237994.l0322d",
"ref": "P237994.13.1",
"inst": "u",
"f": {"lang": "akk-x-neobab",
"form": "x",
"pos": "u"}
}
,
{
"node": "l",
"frag": "x",
"id": "P237994.l0322e",
"ref": "P237994.13.2",
"inst": "u",
"f": {"lang": "akk-x-neobab",
"form": "x",
"pos": "u"}
}
,
{
"node": "l",
"frag": "x]",
"id": "P237994.l0322f",
"ref": "P237994.13.3",
"inst": "u",
"f": {"lang": "akk-x-neobab",
"form": "x",
"pos": "u"}
}
,
{
"node": "l",
"frag": "EN.NUN",
"id": "P237994.l03230",
"ref": "P237994.13.4",
"inst": "maṣṣarta[guard]N",
"sig": "@saao/saa17%akk-x-neobab:EN.NUN=maṣṣartu[observation//guard]N'N$maṣṣarta",
"f": {"lang": "akk-x-neobab",
"form": "EN.NUN",
"cf": "maṣṣartu",
"gw": "observation",
"sense": "guard",
"norm": "maṣṣarta",
"pos": "N",
"epos": "N"}
}
,
{
"node": "l",
"frag": "ni-it-ta-[ṣar]",
"id": "P237994.l03231",
"ref": "P237994.13.5",
"inst": "nittaṣar[keep guard]V",
"sig": "@saao/saa17%akk-x-neobab:ni-it-ta-ṣar=naṣāru[guard//keep guard]V'V$nittaṣar",
"f": {"lang": "akk-x-neobab",
"form": "ni-it-ta-ṣar",
"cf": "naṣāru",
"gw": "guard",
"sense": "keep guard",
"norm": "nittaṣar",
"pos": "V",
"epos": "V"}
}
,
{
"node": "d",
"type": "line-start",
"ref": "P237994.14",
"n": "13",
"label": "o 13"}
,
{
"node": "l",
"frag": "[x",
"id": "P237994.l03232",
"ref": "P237994.14.1",
"inst": "u",
"f": {"lang": "akk-x-neobab",
"form": "x",
"pos": "u"}
}
,
{
"node": "l",
"frag": "x",
"id": "P237994.l03233",
"ref": "P237994.14.2",
"inst": "u",
"f": {"lang": "akk-x-neobab",
"form": "x",
"pos": "u"}
}
,
{
"node": "l",
"frag": "x]",
"id": "P237994.l03234",
"ref": "P237994.14.3",
"inst": "u",
"f": {"lang": "akk-x-neobab",
"form": "x",
"pos": "u"}
}
,
{
"node": "l",
"frag": "EN.NUN",
"id": "P237994.l03235",
"ref": "P237994.14.4",
"inst": "maṣṣarta[guard]N",
"sig": "@saao/saa17%akk-x-neobab:EN.NUN=maṣṣartu[observation//guard]N'N$maṣṣarta",
"f": {"lang": "akk-x-neobab",
"form": "EN.NUN",
"cf": "maṣṣartu",
"gw": "observation",
"sense": "guard",
"norm": "maṣṣarta",
"pos": "N",
"epos": "N"}
}
,
{
"node": "l",
"frag": "ni-ta-aṣ-ra",
"id": "P237994.l03236",
"ref": "P237994.14.5",
"inst": "naṣāru[guard//keep guard]V$nittaṣra",
"sig": "@saao/saa17%akk-x-neobab:ni-ta-aṣ-ra=naṣāru[guard//keep guard]V'V$nittaṣra",
"f": {"lang": "akk-x-neobab",
"form": "ni-ta-aṣ-ra",
"cf": "naṣāru",
"gw": "guard",
"sense": "keep guard",
"norm": "nittaṣra",
"pos": "V",
"epos": "V"}
}
,
{
"node": "d",
"type": "line-start",
"ref": "P237994.15",
"n": "14",
"label": "o 14"}
,
{
"node": "l",
"frag": "[x",
"id": "P237994.l03237",
"ref": "P237994.15.1",
"inst": "u",
"f": {"lang": "akk-x-neobab",
"form": "x",
"pos": "u"}
}
,
{
"node": "l",
"frag": "x",
"id": "P237994.l03238",
"ref": "P237994.15.2",
"inst": "u",
"f": {"lang": "akk-x-neobab",
"form": "x",
"pos": "u"}
}
,
{
"node": "l",
"frag": "x]",
"id": "P237994.l03239",
"ref": "P237994.15.3",
"inst": "u",
"f": {"lang": "akk-x-neobab",
"form": "x",
"pos": "u"}
}
,
{
"node": "l",
"frag": "LUGAL",
"id": "P237994.l0323a",
"ref": "P237994.15.4",
"inst": "šarru[king]N",
"sig": "@saao/saa17%akk-x-neobab:LUGAL=šarru[king//king]N'N$šarru",
"f": {"lang": "akk-x-neobab",
"form": "LUGAL",
"cf": "šarru",
"gw": "king",
"sense": "king",
"norm": "šarru",
"pos": "N",
"epos": "N"}
}
,
{
"node": "l",
"frag": "be-li₂-a-ni",
"id": "P237994.l0323b",
"ref": "P237994.15.5",
"inst": "bēlu[lord]N$bēlāni",
"sig": "@saao/saa17%akk-x-neobab:be-li₂-a-ni=bēlu[lord//lord]N'N$bēlāni",
"f": {"lang": "akk-x-neobab",
"form": "be-li₂-a-ni",
"cf": "bēlu",
"gw": "lord",
"sense": "lord",
"norm": "bēlāni",
"pos": "N",
"epos": "N"}
}
,
{
"node": "d",
"type": "line-start",
"ref": "P237994.16",
"n": "15",
"label": "o 15"}
,
{
"node": "l",
"frag": "[x",
"id": "P237994.l0323c",
"ref": "P237994.16.1",
"inst": "u",
"f": {"lang": "akk-x-neobab",
"form": "x",
"pos": "u"}
}
,
{
"node": "l",
"frag": "x",
"id": "P237994.l0323d",
"ref": "P237994.16.2",
"inst": "u",
"f": {"lang": "akk-x-neobab",
"form": "x",
"pos": "u"}
}
,
{
"node": "l",
"frag": "x]",
"id": "P237994.l0323e",
"ref": "P237994.16.3",
"inst": "u",
"f": {"lang": "akk-x-neobab",
"form": "x",
"pos": "u"}
}
,
{
"node": "l",
"frag": "⸢ni⸣-it-ta-aš₂-šu₂",
"id": "P237994.l0323f",
"ref": "P237994.16.4",
"inst": "našû[lift]V$nittaššu",
"sig": "@saao/saa17%akk-x-neobab:ni-it-ta-aš₂-šu₂=našû[lift//lift]V'V$nittaššu",
"f": {"lang": "akk-x-neobab",
"form": "ni-it-ta-aš₂-šu₂",
"cf": "našû",
"gw": "lift",
"sense": "lift",
"norm": "nittaššu",
"pos": "V",
"epos": "V"}
}
,
{
"node": "d",
"type": "line-start",
"ref": "P237994.17",
"n": "16",
"label": "o 16"}
,
{
"node": "l",
"frag": "{1}a-na-d].⸢AG⸣-tak-lak",
"id": "P237994.l03240",
"ref": "P237994.17.1",
"inst": "Ana-Nabu-taklak[1]PN$",
"sig": "@saao/saa17%akk-x-neobab:{1}a-na-d.AG-tak-lak=Ana-Nabu-taklak[1//1]PN'PN$Ana-Nabu-taklak",
"f": {"lang": "akk-x-neobab",
"form": "{1}a-na-d.AG-tak-lak",
"cf": "Ana-Nabu-taklak",
"gw": "1",
"sense": "1",
"norm": "Ana-Nabu-taklak",
"pos": "PN",
"epos": "PN"}
}
,
{
"node": "l",
"frag": "ši-pir-ti",
"id": "P237994.l03241",
"ref": "P237994.17.2",
"inst": "šipirti[message]N",
"sig": "@saao/saa17%akk-x-neobab:ši-pir-ti=šipirtu[message//message]N'N$šipirti",
"f": {"lang": "akk-x-neobab",
"form": "ši-pir-ti",
"cf": "šipirtu",
"gw": "message",
"sense": "message",
"norm": "šipirti",
"pos": "N",
"epos": "N"}
}
,
{
"node": "l",
"frag": "LUGAL",
"id": "P237994.l03242",
"ref": "P237994.17.3",
"inst": "šarri[king]N",
"sig": "@saao/saa17%akk-x-neobab:LUGAL=šarru[king//king]N'N$šarri",
"f": {"lang": "akk-x-neobab",
"form": "LUGAL",
"cf": "šarru",
"gw": "king",
"sense": "king",
"norm": "šarri",
"pos": "N",
"epos": "N"}
}
,
{
"node": "d",
"type": "line-start",
"ref": "P237994.18",
"n": "17",
"label": "o 17"}
,
{
"node": "l",
"frag": "[EN-i-ni",
"id": "P237994.l03243",
"ref": "P237994.18.1",
"inst": "bēlīni[lord]N",
"sig": "@saao/saa17%akk-x-neobab:EN-i-ni=bēlu[lord//lord]N'N$bēlīni",
"f": {"lang": "akk-x-neobab",
"form": "EN-i-ni",
"cf": "bēlu",
"gw": "lord",
"sense": "lord",
"norm": "bēlīni",
"pos": "N",
"epos": "N"}
}
,
{
"node": "l",
"frag": "it-ta]-an-na-šu₂",
"id": "P237994.l03244",
"ref": "P237994.18.2",
"inst": "nadānu[give]V$ittannāšu",
"sig": "@saao/saa17%akk-x-neobab:it-ta-an-na-šu₂=nadānu[give//give]V'V$ittannāšu",
"f": {"lang": "akk-x-neobab",
"form": "it-ta-an-na-šu₂",
"cf": "nadānu",
"gw": "give",
"sense": "give",
"norm": "ittannāšu",
"pos": "V",
"epos": "V"}
}
,
{
"node": "d",
"type": "line-start",
"ref": "P237994.19",
"n": "18",
"label": "o 18"}
,
{
"node": "l",
"frag": "[x",
"id": "P237994.l03245",
"ref": "P237994.19.1",
"inst": "u",
"f": {"lang": "akk-x-neobab",
"form": "x",
"pos": "u"}
}
,
{
"node": "l",
"frag": "x",
"id": "P237994.l03246",
"ref": "P237994.19.2",
"inst": "u",
"f": {"lang": "akk-x-neobab",
"form": "x",
"pos": "u"}
}
,
{
"node": "l",
"frag": "x",
"id": "P237994.l03247",
"ref": "P237994.19.3",
"inst": "u",
"f": {"lang": "akk-x-neobab",
"form": "x",
"pos": "u"}
}
,
{
"node": "l",
"frag": "x",
"id": "P237994.l03248",
"ref": "P237994.19.4",
"inst": "u",
"f": {"lang": "akk-x-neobab",
"form": "x",
"pos": "u"}
}
,
{
"node": "l",
"frag": "x]-lak-ka-a",
"id": "P237994.l03249",
"ref": "P237994.19.5",
"inst": "u",
"f": {"lang": "akk-x-neobab",
"form": "x-lak-ka-a",
"pos": "u"}
}
,
{
"node": "d",
"type": "line-start",
"ref": "P237994.20",
"n": "19",
"label": "o 19"}
,
{
"node": "l",
"frag": "[x",
"id": "P237994.l0324a",
"ref": "P237994.20.1",
"inst": "u",
"f": {"lang": "akk-x-neobab",
"form": "x",
"pos": "u"}
}
,
{
"node": "l",
"frag": "x",
"id": "P237994.l0324b",
"ref": "P237994.20.2",
"inst": "u",
"f": {"lang": "akk-x-neobab",
"form": "x",
"pos": "u"}
}
,
{
"node": "l",
"frag": "x",
"id": "P237994.l0324c",
"ref": "P237994.20.3",
"inst": "u",
"f": {"lang": "akk-x-neobab",
"form": "x",
"pos": "u"}
}
,
{
"node": "l",
"frag": "x",
"id": "P237994.l0324d",
"ref": "P237994.20.4",
"inst": "u",
"f": {"lang": "akk-x-neobab",
"form": "x",
"pos": "u"}
}
,
{
"node": "l",
"frag": "x]+⸢x⸣",
"id": "P237994.l0324e",
"ref": "P237994.20.5",
"inst": "u",
"f": {"lang": "akk-x-neobab",
"form": "x+x",
"pos": "u"}
}
,
{
"node": "l",
"frag": "uṣ-ṣib",
"id": "P237994.l0324f",
"ref": "P237994.20.6",
"inst": "waṣābu[add]V$uṣṣib",
"sig": "@saao/saa17%akk-x-neobab:uṣ-ṣib=waṣābu[add//add]V'V$uṣṣib",
"f": {"lang": "akk-x-neobab",
"form": "uṣ-ṣib",
"cf": "waṣābu",
"gw": "add",
"sense": "add",
"norm": "uṣṣib",
"pos": "V",
"epos": "V"}
}
,
{
"node": "d",
"type": "nonx",
"ref": "P237994.21",
"strict": "0",
"state": "other"}
,
{
"node": "d",
"type": "line-start",
"ref": "P237994.22",
"n": "20",
"label": "o 20"}
,
{
"node": "l",
"frag": "[x",
"id": "P237994.l03250",
"ref": "P237994.22.1",
"inst": "u",
"f": {"lang": "akk-x-neobab",
"form": "x",
"pos": "u"}
}
,
{
"node": "l",
"frag": "x",
"id": "P237994.l03251",
"ref": "P237994.22.2",
"inst": "u",
"f": {"lang": "akk-x-neobab",
"form": "x",
"pos": "u"}
}
,
{
"node": "l",
"frag": "x",
"id": "P237994.l03252",
"ref": "P237994.22.3",
"inst": "u",
"f": {"lang": "akk-x-neobab",
"form": "x",
"pos": "u"}
}
,
{
"node": "l",
"frag": "x",
"id": "P237994.l03253",
"ref": "P237994.22.4",
"inst": "u",
"f": {"lang": "akk-x-neobab",
"form": "x",
"pos": "u"}
}
,
{
"node": "l",
"frag": "x",
"id": "P237994.l03254",
"ref": "P237994.22.5",
"inst": "u",
"f": {"lang": "akk-x-neobab",
"form": "x",
"pos": "u"}
}
,
{
"node": "l",
"frag": "x]-ri",
"id": "P237994.l03255",
"ref": "P237994.22.6",
"inst": "u",
"f": {"lang": "akk-x-neobab",
"form": "x-ri",
"pos": "u"}
}
,
{
"node": "d",
"type": "line-start",
"ref": "P237994.23",
"n": "21",
"label": "o 21"}
,
{
"node": "l",
"frag": "[x",
"id": "P237994.l03256",
"ref": "P237994.23.1",
"inst": "u",
"f": {"lang": "akk-x-neobab",
"form": "x",
"pos": "u"}
}
,
{
"node": "l",
"frag": "x",
"id": "P237994.l03257",
"ref": "P237994.23.2",
"inst": "u",
"f": {"lang": "akk-x-neobab",
"form": "x",
"pos": "u"}
}
,
{
"node": "l",
"frag": "x",
"id": "P237994.l03258",
"ref": "P237994.23.3",
"inst": "u",
"f": {"lang": "akk-x-neobab",
"form": "x",
"pos": "u"}
}
,
{
"node": "l",
"frag": "x",
"id": "P237994.l03259",
"ref": "P237994.23.4",
"inst": "u",
"f": {"lang": "akk-x-neobab",
"form": "x",
"pos": "u"}
}
,
{
"node": "l",
"frag": "x",
"id": "P237994.l0325a",
"ref": "P237994.23.5",
"inst": "u",
"f": {"lang": "akk-x-neobab",
"form": "x",
"pos": "u"}
}
,
{
"node": "l",
"frag": "x]-⸢ni⸣",
"id": "P237994.l0325b",
"ref": "P237994.23.6",
"inst": "u",
"f": {"lang": "akk-x-neobab",
"form": "x-ni",
"pos": "u"}
}
,
{
"node": "d",
"subtype": "bottom",
"type": "surface",
"ref": "P237994.b.e..24",
"type": "bottom",
"label": "b.e."}
,
{
"node": "d",
"type": "line-start",
"ref": "P237994.25",
"n": "22",
"label": "b.e. 22"}
,
{
"node": "l",
"frag": "[x",
"id": "P237994.l0325c",
"ref": "P237994.25.1",
"inst": "u",
"f": {"lang": "akk-x-neobab",
"form": "x",
"pos": "u"}
}
,
{
"node": "l",
"frag": "x",
"id": "P237994.l0325d",
"ref": "P237994.25.2",
"inst": "u",
"f": {"lang": "akk-x-neobab",
"form": "x",
"pos": "u"}
}
,
{
"node": "l",
"frag": "x",
"id": "P237994.l0325e",
"ref": "P237994.25.3",
"inst": "u",
"f": {"lang": "akk-x-neobab",
"form": "x",
"pos": "u"}
}
,
{
"node": "l",
"frag": "x",
"id": "P237994.l0325f",
"ref": "P237994.25.4",
"inst": "u",
"f": {"lang": "akk-x-neobab",
"form": "x",
"pos": "u"}
}
,
{
"node": "l",
"frag": "x",
"id": "P237994.l03260",
"ref": "P237994.25.5",
"inst": "u",
"f": {"lang": "akk-x-neobab",
"form": "x",
"pos": "u"}
}
,
{
"node": "l",
"frag": "x",
"id": "P237994.l03261",
"ref": "P237994.25.6",
"inst": "u",
"f": {"lang": "akk-x-neobab",
"form": "x",
"pos": "u"}
}
,
{
"node": "l",
"frag": "x]",
"id": "P237994.l03262",
"ref": "P237994.25.7",
"inst": "u",
"f": {"lang": "akk-x-neobab",
"form": "x",
"pos": "u"}
}
,
{
"node": "l",
"frag": "u",
"id": "P237994.l03263",
"ref": "P237994.25.8",
"inst": "u",
"f": {"lang": "akk-x-neobab",
"form": "u",
"pos": "u"}
}
,
{
"node": "d",
"type": "line-start",
"ref": "P237994.26",
"n": "23",
"label": "b.e. 23"}
,
{
"node": "l",
"frag": "[x",
"id": "P237994.l03264",
"ref": "P237994.26.1",
"inst": "u",
"f": {"lang": "akk-x-neobab",
"form": "x",
"pos": "u"}
}
,
{
"node": "l",
"frag": "x",
"id": "P237994.l03265",
"ref": "P237994.26.2",
"inst": "u",
"f": {"lang": "akk-x-neobab",
"form": "x",
"pos": "u"}
}
,
{
"node": "l",
"frag": "x",
"id": "P237994.l03266",
"ref": "P237994.26.3",
"inst": "u",
"f": {"lang": "akk-x-neobab",
"form": "x",
"pos": "u"}
}
,
{
"node": "l",
"frag": "x",
"id": "P237994.l03267",
"ref": "P237994.26.4",
"inst": "u",
"f": {"lang": "akk-x-neobab",
"form": "x",
"pos": "u"}
}
,
{
"node": "l",
"frag": "x",
"id": "P237994.l03268",
"ref": "P237994.26.5",
"inst": "u",
"f": {"lang": "akk-x-neobab",
"form": "x",
"pos": "u"}
}
,
{
"node": "l",
"frag": "x",
"id": "P237994.l03269",
"ref": "P237994.26.6",
"inst": "u",
"f": {"lang": "akk-x-neobab",
"form": "x",
"pos": "u"}
}
,
{
"node": "l",
"frag": "x]+⸢x⸣",
"id": "P237994.l0326a",
"ref": "P237994.26.7",
"inst": "u",
"f": {"lang": "akk-x-neobab",
"form": "x+x",
"pos": "u"}
}
,
{
"node": "d",
"subtype": "reverse",
"type": "surface",
"ref": "P237994.r.27",
"type": "reverse",
"label": "r"}
,
{
"node": "d",
"type": "line-start",
"ref": "P237994.28",
"n": "1",
"label": "r 1"}
,
{
"node": "l",
"frag": "[x",
"id": "P237994.l0326b",
"ref": "P237994.28.1",
"inst": "u",
"f": {"lang": "akk-x-neobab",
"form": "x",
"pos": "u"}
}
,
{
"node": "l",
"frag": "x",
"id": "P237994.l0326c",
"ref": "P237994.28.2",
"inst": "u",
"f": {"lang": "akk-x-neobab",
"form": "x",
"pos": "u"}
}
,
{
"node": "l",
"frag": "x",
"id": "P237994.l0326d",
"ref": "P237994.28.3",
"inst": "u",
"f": {"lang": "akk-x-neobab",
"form": "x",
"pos": "u"}
}
,
{
"node": "l",
"frag": "x",
"id": "P237994.l0326e",
"ref": "P237994.28.4",
"inst": "u",
"f": {"lang": "akk-x-neobab",
"form": "x",
"pos": "u"}
}
,
{
"node": "l",
"frag": "x",
"id": "P237994.l0326f",
"ref": "P237994.28.5",
"inst": "u",
"f": {"lang": "akk-x-neobab",
"form": "x",
"pos": "u"}
}
,
{
"node": "l",
"frag": "x]-⸢kan⸣-šu₂",
"id": "P237994.l03270",
"ref": "P237994.28.6",
"inst": "u",
"f": {"lang": "akk-x-neobab",
"form": "x-kan-šu₂",
"pos": "u"}
}
,
{
"node": "d",
"type": "line-start",
"ref": "P237994.29",
"n": "2",
"label": "r 2"}
,
{
"node": "l",
"frag": "[x",
"id": "P237994.l03271",
"ref": "P237994.29.1",
"inst": "u",
"f": {"lang": "akk-x-neobab",
"form": "x",
"pos": "u"}
}
,
{
"node": "l",
"frag": "x",
"id": "P237994.l03272",
"ref": "P237994.29.2",
"inst": "u",
"f": {"lang": "akk-x-neobab",
"form": "x",
"pos": "u"}
}
,
{
"node": "l",
"frag": "x",
"id": "P237994.l03273",
"ref": "P237994.29.3",
"inst": "u",
"f": {"lang": "akk-x-neobab",
"form": "x",
"pos": "u"}
}
,
{
"node": "l",
"frag": "a]-na",
"id": "P237994.l03274",
"ref": "P237994.29.4",
"inst": "ana[to//into]PRP$",
"sig": "@saao/saa17%akk-x-neobab:a-na=ana[to//into]PRP'PRP$ana",
"f": {"lang": "akk-x-neobab",
"form": "a-na",
"cf": "ana",
"gw": "to",
"sense": "into",
"norm": "ana",
"pos": "PRP",
"epos": "PRP"}
}
,
{
"node": "l",
"frag": "har-ba-na-ta",
"id": "P237994.l03275",
"ref": "P237994.29.5",
"inst": "harbu[deserted//wasteland]AJ'N$harbanāta",
"sig": "@saao/saa17%akk-x-neobab:har-ba-na-ta=harbu[deserted//wasteland]AJ'N$harbanāta",
"f": {"lang": "akk-x-neobab",
"form": "har-ba-na-ta",
"cf": "harbu",
"gw": "deserted",
"sense": "wasteland",
"norm": "harbanāta",
"pos": "AJ",
"epos": "N"}
}
,
{
"node": "d",
"type": "line-start",
"ref": "P237994.30",
"n": "3",
"label": "r 3"}
,
{
"node": "l",
"frag": "[x",
"id": "P237994.l03276",
"ref": "P237994.30.1",
"inst": "u",
"f": {"lang": "akk-x-neobab",
"form": "x",
"pos": "u"}
}
,
{
"node": "l",
"frag": "x",
"id": "P237994.l03277",
"ref": "P237994.30.2",
"inst": "u",
"f": {"lang": "akk-x-neobab",
"form": "x",
"pos": "u"}
}
,
{
"node": "l",
"frag": "x]",
"id": "P237994.l03278",
"ref": "P237994.30.3",
"inst": "u",
"f": {"lang": "akk-x-neobab",
"form": "x",
"pos": "u"}
}
,
{
"node": "l",
"frag": "{⸢mi₂⸣}DAM-i-ni",
"id": "P237994.l03279",
"ref": "P237994.30.4",
"inst": "aššatu[wife]N$aššātīni",
"sig": "@saao/saa17%akk-x-neobab:{MI₂}DAM-i-ni=aššatu[wife//wife]N'N$aššātīni",
"f": {"lang": "akk-x-neobab",
"form": "{MI₂}DAM-i-ni",
"cf": "aššatu",
"gw": "wife",
"sense": "wife",
"norm": "aššātīni",
"pos": "N",
"epos": "N"}
}
,
{
"node": "d",
"type": "line-start",
"ref": "P237994.31",
"n": "4",
"label": "r 4"}
,
{
"node": "l",
"frag": "[a-na",
"id": "P237994.l0327a",
"ref": "P237994.31.1",
"inst": "ana[into]PRP",
"sig": "@saao/saa17%akk-x-neobab:a-na=ana[to//into]PRP'PRP$ana",
"f": {"lang": "akk-x-neobab",
"form": "a-na",
"cf": "ana",
"gw": "to",
"sense": "into",
"norm": "ana",
"pos": "PRP",
"epos": "PRP"}
}
,
{
"node": "l",
"frag": "har]-ba-na-ta",
"id": "P237994.l0327b",
"ref": "P237994.31.2",
"inst": "harbanāta[wasteland]'N",
"sig": "@saao/saa17%akk-x-neobab:har-ba-na-ta=harbu[deserted//wasteland]AJ'N$harbanāta",
"f": {"lang": "akk-x-neobab",
"form": "har-ba-na-ta",
"cf": "harbu",
"gw": "deserted",
"sense": "wasteland",
"norm": "harbanāta",
"pos": "AJ",
"epos": "N"}
}
,
{
"node": "l",
"frag": "it-tu-ru",
"id": "P237994.l0327c",
"ref": "P237994.31.3",
"inst": "târu[turn//turn into]V$ittūrū",
"sig": "@saao/saa17%akk-x-neobab:it-tu-ru=târu[turn//turn into]V'V$ittūrū",
"f": {"lang": "akk-x-neobab",
"form": "it-tu-ru",
"cf": "târu",
"gw": "turn",
"sense": "turn into",
"norm": "ittūrū",
"pos": "V",
"epos": "V"}
}
,
{
"node": "d",
"type": "line-start",
"ref": "P237994.32",
"n": "5",
"label": "r 5"}
,
{
"node": "l",
"frag": "[x",
"id": "P237994.l0327d",
"ref": "P237994.32.1",
"inst": "u",
"f": {"lang": "akk-x-neobab",
"form": "x",
"pos": "u"}
}
,
{
"node": "l",
"frag": "x",
"id": "P237994.l0327e",
"ref": "P237994.32.2",
"inst": "u",
"f": {"lang": "akk-x-neobab",
"form": "x",
"pos": "u"}
}
,
{
"node": "l",
"frag": "x]-tu",
"id": "P237994.l0327f",
"ref": "P237994.32.3",
"inst": "u",
"f": {"lang": "akk-x-neobab",
"form": "x-tu",
"pos": "u"}
}
,
{
"node": "l",
"frag": "ša₂",
"id": "P237994.l03280",
"ref": "P237994.32.4",
"inst": "ša[which]REL",
"sig": "@saao/saa17%akk-x-neobab:ša₂=ša[that//which]REL'REL$ša",
"f": {"lang": "akk-x-neobab",
"form": "ša₂",
"cf": "ša",
"gw": "that",
"sense": "which",
"norm": "ša",
"pos": "REL",
"epos": "REL"}
}
,
{
"node": "l",
"frag": "ina",
"id": "P237994.l03281",
"ref": "P237994.32.5",
"inst": "ina[in+=at the disposal of]PRP$",
"sig": "@saao/saa17%akk-x-neobab:ina=ina[in//in]PRP'PRP$ina",
"f": {"lang": "akk-x-neobab",
"form": "ina",
"cf": "ina",
"gw": "in",
"sense": "in",
"norm": "ina",
"pos": "PRP",
"epos": "PRP"}
}
,
{
"node": "l",
"frag": "pa-an",
"id": "P237994.l03282",
"ref": "P237994.32.6",
"inst": "pānu[front]N$pān",
"sig": "@saao/saa17%akk-x-neobab:pa-an=pānu[front//front]N'N$pān",
"f": {"lang": "akk-x-neobab",
"form": "pa-an",
"cf": "pānu",
"gw": "front",
"sense": "front",
"norm": "pān",
"pos": "N",
"epos": "N"}
}
,
{
"node": "d",
"type": "line-start",
"ref": "P237994.33",
"n": "6",
"label": "r 6"}
,
{
"node": "l",
"frag": "[x",
"id": "P237994.l03283",
"ref": "P237994.33.1",
"inst": "u",
"f": {"lang": "akk-x-neobab",
"form": "x",
"pos": "u"}
}
,
{
"node": "l",
"frag": "x",
"id": "P237994.l03284",
"ref": "P237994.33.2",
"inst": "u",
"f": {"lang": "akk-x-neobab",
"form": "x",
"pos": "u"}
}
,
{
"node": "l",
"frag": "x]",
"id": "P237994.l03285",
"ref": "P237994.33.3",
"inst": "u",
"f": {"lang": "akk-x-neobab",
"form": "x",
"pos": "u"}
}
,
{
"node": "l",
"frag": "{lu₂}taš-li-ši-a-nu",
"id": "P237994.l03286",
"ref": "P237994.33.4",
"inst": "tašlīšu[third man on chariot]N$tašlīšiānu",
"sig": "@saao/saa17%akk-x-neobab:{LU₂}taš-li-ši-a-nu=tašlīšu[third man on chariot//third man on chariot]N'N$tašlīšiānu",
"f": {"lang": "akk-x-neobab",
"form": "{LU₂}taš-li-ši-a-nu",
"cf": "tašlīšu",
"gw": "third man on chariot",
"sense": "third man on chariot",
"norm": "tašlīšiānu",
"pos": "N",
"epos": "N"}
}
,
{
"node": "d",
"type": "line-start",
"ref": "P237994.34",
"n": "7",
"label": "r 7"}
,
{
"node": "l",
"frag": "[x",
"id": "P237994.l03287",
"ref": "P237994.34.1",
"inst": "u",
"f": {"lang": "akk-x-neobab",
"form": "x",
"pos": "u"}
}
,
{
"node": "l",
"frag": "x",
"id": "P237994.l03288",
"ref": "P237994.34.2",
"inst": "u",
"f": {"lang": "akk-x-neobab",
"form": "x",
"pos": "u"}
}
,
{
"node": "l",
"frag": "x]+⸢x⸣",
"id": "P237994.l03289",
"ref": "P237994.34.3",
"inst": "u",
"f": {"lang": "akk-x-neobab",
"form": "x+x",
"pos": "u"}
}
,
{
"node": "l",
"frag": "EN.NUN",
"id": "P237994.l0328a",
"ref": "P237994.34.4",
"inst": "maṣṣarti[guard]N",
"sig": "@saao/saa17%akk-x-neobab:EN.NUN=maṣṣartu[observation//guard]N'N$maṣṣarti",
"f": {"lang": "akk-x-neobab",
"form": "EN.NUN",
"cf": "maṣṣartu",
"gw": "observation",
"sense": "guard",
"norm": "maṣṣarti",
"pos": "N",
"epos": "N"}
}
,
{
"node": "l",
"frag": "a-na",
"id": "P237994.l0328b",
"ref": "P237994.34.5",
"inst": "ana[to+=to]PRP$",
"sig": "@saao/saa17%akk-x-neobab:a-na=ana[to//to]PRP'PRP$ana",
"f": {"lang": "akk-x-neobab",
"form": "a-na",
"cf": "ana",
"gw": "to",
"sense": "to",
"norm": "ana",
"pos": "PRP",
"epos": "PRP"}
}
,
{
"node": "l",
"frag": "UGU",
"id": "P237994.l0328c",
"ref": "P237994.34.6",
"inst": "muhhu[skull]N$muhhi",
"sig": "@saao/saa17%akk-x-neobab:UGU=muhhu[skull//skull]N'N$muhhi",
"f": {"lang": "akk-x-neobab",
"form": "UGU",
"cf": "muhhu",
"gw": "skull",
"sense": "skull",
"norm": "muhhi",
"pos": "N",
"epos": "N"}
}
,
{
"node": "d",
"type": "line-start",
"ref": "P237994.35",
"n": "8",
"label": "r 8"}
,
{
"node": "l",
"frag": "[x",
"id": "P237994.l0328d",
"ref": "P237994.35.1",
"inst": "u",
"f": {"lang": "akk-x-neobab",
"form": "x",
"pos": "u"}
}
,
{
"node": "l",
"frag": "x",
"id": "P237994.l0328e",
"ref": "P237994.35.2",
"inst": "u",
"f": {"lang": "akk-x-neobab",
"form": "x",
"pos": "u"}
}
,
{
"node": "l",
"frag": "x]-šu₂",
"id": "P237994.l0328f",
"ref": "P237994.35.3",
"inst": "u",
"f": {"lang": "akk-x-neobab",
"form": "x-šu₂",
"pos": "u"}
}
,
{
"node": "l",
"frag": "i-na",
"id": "P237994.l03290",
"ref": "P237994.35.4",
"inst": "ina[in]PRP",
"sig": "@saao/saa17%akk-x-neobab:i-na=ina[in//in]PRP'PRP$ina",
"f": {"lang": "akk-x-neobab",
"form": "i-na",
"cf": "ina",
"gw": "in",
"sense": "in",
"norm": "ina",
"pos": "PRP",
"epos": "PRP"}
}
,
{
"node": "l",
"frag": "uṣ-ṣa-ra",
"id": "P237994.l03291",
"ref": "P237994.35.5",
"inst": "uṣṣāru[storehouse]N$uṣṣāra",
"sig": "@saao/saa17%akk-x-neobab:uṣ-ṣa-ra=uṣṣāru[storehouse//storehouse]N'N$uṣṣāra",
"f": {"lang": "akk-x-neobab",
"form": "uṣ-ṣa-ra",
"cf": "uṣṣāru",
"gw": "storehouse",
"sense": "storehouse",
"norm": "uṣṣāra",
"pos": "N",
"epos": "N"}
}
,
{
"node": "d",
"type": "line-start",
"ref": "P237994.36",
"n": "9",
"label": "r 9"}
,
{
"node": "l",
"frag": "[E₂-{1}da-ku-ru",
"id": "P237994.l03292",
"ref": "P237994.36.1",
"inst": "Bit-Dakkuru[1]GN",
"sig": "@saao/saa17%akk-x-neobab:E₂-{1}da-ku-ru=Bit-Dakkuri[1//1]GN'GN$Bit-Dakkuru",
"f": {"lang": "akk-x-neobab",
"form": "E₂-{1}da-ku-ru",
"cf": "Bit-Dakkuri",
"gw": "1",
"sense": "1",
"norm": "Bit-Dakkuru",
"pos": "GN",
"epos": "GN"}
}
,
{
"node": "d",
"type": "line-start",
"ref": "P237994.37",
"n": "10",
"label": "r 10"}
,
{
"node": "l",
"frag": "[i]-te-ep-šu₂",
"id": "P237994.l03293",
"ref": "P237994.37.1",
"inst": "epēšu[do]V$ītepšū",
"sig": "@saao/saa17%akk-x-neobab:i-te-ep-šu₂=epēšu[do//do]V'V$ītepšū",
"f": {"lang": "akk-x-neobab",
"form": "i-te-ep-šu₂",
"cf": "epēšu",
"gw": "do",
"sense": "do",
"norm": "ītepšū",
"pos": "V",
"epos": "V"}
}
,
{
"node": "l",
"frag": "ṣi-bu-su-[nu",
"id": "P237994.l03294",
"ref": "P237994.37.2",
"inst": "ṣibûtu[wish]N$ṣibûssunu",
"sig": "@saao/saa17%akk-x-neobab:ṣi-bu-su-nu=ṣibûtu[wish//wish]N'N$ṣibûssunu",
"f": {"lang": "akk-x-neobab",
"form": "ṣi-bu-su-nu",
"cf": "ṣibûtu",
"gw": "wish",
"sense": "wish",
"norm": "ṣibûssunu",
"pos": "N",
"epos": "N"}
}
,
{
"node": "l",
"frag": "a-na",
"id": "P237994.l03295",
"ref": "P237994.37.3",
"inst": "ana[for]PRP",
"sig": "@saao/saa17%akk-x-neobab:a-na=ana[to//for]PRP'PRP$ana",
"f": {"lang": "akk-x-neobab",
"form": "a-na",
"cf": "ana",
"gw": "to",
"sense": "for",
"norm": "ana",
"pos": "PRP",
"epos": "PRP"}
}
,
{
"node": "l",
"frag": "LUGAL]",
"id": "P237994.l03296",
"ref": "P237994.37.4",
"inst": "šarri[king]N",
"sig": "@saao/saa17%akk-x-neobab:LUGAL=šarru[king//king]N'N$šarri",
"f": {"lang": "akk-x-neobab",
"form": "LUGAL",
"cf": "šarru",
"gw": "king",
"sense": "king",
"norm": "šarri",
"pos": "N",
"epos": "N"}
}
,
{
"node": "d",
"type": "line-start",
"ref": "P237994.38",
"n": "11",
"label": "r 11"}
,
{
"node": "l",
"frag": "[be-li₂]-i-ni",
"id": "P237994.l03297",
"ref": "P237994.38.1",
"inst": "bēlīni[lord]N",
"sig": "@saao/saa17%akk-x-neobab:be-li₂-i-ni=bēlu[lord//lord]N'N$bēlīni",
"f": {"lang": "akk-x-neobab",
"form": "be-li₂-i-ni",
"cf": "bēlu",
"gw": "lord",
"sense": "lord",
"norm": "bēlīni",
"pos": "N",
"epos": "N"}
}
,
{
"node": "l",
"frag": "ia-a-nu",
"id": "P237994.l03298",
"ref": "P237994.38.2",
"inst": "yānu[(there) is not]V$",
"sig": "@saao/saa17%akk-x-neobab:ia-a-nu=yānu[(there) is not//(there) is not]V'V$yānu",
"f": {"lang": "akk-x-neobab",
"form": "ia-a-nu",
"cf": "yānu",
"gw": "(there) is not",
"sense": "(there) is not",
"norm": "yānu",
"pos": "V",
"epos": "V"}
}
,
{
"node": "l",
"frag": "[x",
"id": "P237994.l03299",
"ref": "P237994.38.3",
"inst": "u",
"f": {"lang": "akk-x-neobab",
"form": "x",
"pos": "u"}
}
,
{
"node": "l",
"frag": "x",
"id": "P237994.l0329a",
"ref": "P237994.38.4",
"inst": "u",
"f": {"lang": "akk-x-neobab",
"form": "x",
"pos": "u"}
}
,
{
"node": "l",
"frag": "x]",
"id": "P237994.l0329b",
"ref": "P237994.38.5",
"inst": "u",
"f": {"lang": "akk-x-neobab",
"form": "x",
"pos": "u"}
}
,
{
"node": "d",
"type": "line-start",
"ref": "P237994.39",
"n": "12",
"label": "r 12"}
,
{
"node": "l",
"frag": "[a-du]-u₂-ma",
"id": "P237994.l0329c",
"ref": "P237994.39.1",
"inst": "adû[now]AV$adûma",
"sig": "@saao/saa17%akk-x-neobab:a-du-u₂-ma=adû[now//now]AV'AV$adûma",
"f": {"lang": "akk-x-neobab",
"form": "a-du-u₂-ma",
"cf": "adû",
"gw": "now",
"sense": "now",
"norm": "adûma",
"pos": "AV",
"epos": "AV"}
}
,
{
"node": "l",
"frag": "{mi₂}šu-mat-⸢ti⸣",
"id": "P237994.l0329d",
"ref": "P237994.39.2",
"inst": "Šumattu[1]PN$Šumatti",
"sig": "@saao/saa17%akk-x-neobab:{MI₂}šu-mat-ti=Šumattu[1//1]PN'PN$Šumatti",
"f": {"lang": "akk-x-neobab",
"form": "{MI₂}šu-mat-ti",
"cf": "Šumattu",
"gw": "1",
"sense": "1",
"norm": "Šumatti",
"pos": "PN",
"epos": "PN"}
}
,
{
"node": "l",
"frag": "[x]",
"id": "P237994.l0329e",
"ref": "P237994.39.3",
"inst": "u",
"f": {"lang": "akk-x-neobab",
"form": "x",
"pos": "u"}
}
,
{
"node": "d",
"type": "line-start",
"ref": "P237994.40",
"n": "13",
"label": "r 13"}
,
{
"node": "l",
"frag": "[a-na]",
"id": "P237994.l0329f",
"ref": "P237994.40.1",
"inst": "ana[to]PRP",
"sig": "@saao/saa17%akk-x-neobab:a-na=ana[to//to]PRP'PRP$ana",
"f": {"lang": "akk-x-neobab",
"form": "a-na",
"cf": "ana",
"gw": "to",
"sense": "to",
"norm": "ana",
"pos": "PRP",
"epos": "PRP"}
}
,
{
"node": "l",
"frag": "LUGAL",
"id": "P237994.l032a0",
"ref": "P237994.40.2",
"inst": "šarri[king]N",
"sig": "@saao/saa17%akk-x-neobab:LUGAL=šarru[king//king]N'N$šarri",
"f": {"lang": "akk-x-neobab",
"form": "LUGAL",
"cf": "šarru",
"gw": "king",
"sense": "king",
"norm": "šarri",
"pos": "N",
"epos": "N"}
}
,
{
"node": "l",
"frag": "ul",
"id": "P237994.l032a1",
"ref": "P237994.40.3",
"inst": "ul[not]MOD",
"sig": "@saao/saa17%akk-x-neobab:ul=ul[not//not]MOD'MOD$ul",
"f": {"lang": "akk-x-neobab",
"form": "ul",
"cf": "ul",
"gw": "not",
"sense": "not",
"norm": "ul",
"pos": "MOD",
"epos": "MOD"}
}
,
{
"node": "l",
"frag": "ni-iš-[pur]",
"id": "P237994.l032a2",
"ref": "P237994.40.4",
"inst": "šapāru[send]V$nišpur",
"sig": "@saao/saa17%akk-x-neobab:ni-iš-pur=šapāru[send//send]V'V$nišpur",
"f": {"lang": "akk-x-neobab",
"form": "ni-iš-pur",
"cf": "šapāru",
"gw": "send",
"sense": "send",
"norm": "nišpur",
"pos": "V",
"epos": "V"}
}
,
{
"node": "d",
"type": "line-start",
"ref": "P237994.41",
"n": "14",
"label": "r 14"}
,
{
"node": "l",
"frag": "[um]-⸢ma⸣",
"id": "P237994.l032a3",
"ref": "P237994.41.1",
"inst": "umma[saying]PRP",
"sig": "@saao/saa17%akk-x-neobab:um-ma=umma[saying//saying]PRP'PRP$umma",
"f": {"lang": "akk-x-neobab",
"form": "um-ma",
"cf": "umma",
"gw": "saying",
"sense": "saying",
"norm": "umma",
"pos": "PRP",
"epos": "PRP"}
}
,
{
"node": "l",
"frag": "LUGAL",
"id": "P237994.l032a4",
"ref": "P237994.41.2",
"inst": "šarru[king]N",
"sig": "@saao/saa17%akk-x-neobab:LUGAL=šarru[king//king]N'N$šarru",
"f": {"lang": "akk-x-neobab",
"form": "LUGAL",
"cf": "šarru",
"gw": "king",
"sense": "king",
"norm": "šarru",
"pos": "N",
"epos": "N"}
}
,
{
"node": "l",
"frag": "ina",
"id": "P237994.l032a5",
"ref": "P237994.41.3",
"inst": "ina[in]PRP",
"sig": "@saao/saa17%akk-x-neobab:ina=ina[in//in]PRP'PRP$ina",
"f": {"lang": "akk-x-neobab",
"form": "ina",
"cf": "ina",
"gw": "in",
"sense": "in",
"norm": "ina",
"pos": "PRP",
"epos": "PRP"}
}
,
{
"node": "l",
"frag": "KUR-aš-[šur{ki]}",
"id": "P237994.l032a6",
"ref": "P237994.41.4",
"inst": "+Mat-Aššur[Assyria]GN$",
"sig": "@saao/saa10%akk-x-neobab:KUR-aš-šur{KI}=Mat-Aššur[Assyria//Assyria]GN'GN$Mat-Aššur",
"f": {"lang": "akk-x-neobab",
"form": "KUR-aš-šur{KI}",
"cf": "Mat-Aššur",
"gw": "Assyria",
"sense": "Assyria",
"norm": "Mat-Aššur",
"pos": "GN",
"epos": "GN"}
}
,
{
"node": "d",
"type": "line-start",
"ref": "P237994.42",
"n": "15",
"label": "r 15"}
,
{
"node": "l",
"frag": "[x",
"id": "P237994.l032a7",
"ref": "P237994.42.1",
"inst": "u",
"f": {"lang": "akk-x-neobab",
"form": "x",
"pos": "u"}
}
,
{
"node": "l",
"frag": "x]",
"id": "P237994.l032a8",
"ref": "P237994.42.2",
"inst": "u",
"f": {"lang": "akk-x-neobab",
"form": "x",
"pos": "u"}
}
,
{
"node": "l",
"frag": "ina",
"id": "P237994.l032a9",
"ref": "P237994.42.3",
"inst": "ina[in]PRP",
"sig": "@saao/saa17%akk-x-neobab:ina=ina[in//in]PRP'PRP$ina",
"f": {"lang": "akk-x-neobab",
"form": "ina",
"cf": "ina",
"gw": "in",
"sense": "in",
"norm": "ina",
"pos": "PRP",
"epos": "PRP"}
}
,
{
"node": "l",
"frag": "ša₂-lim-di",
"id": "P237994.l032aa",
"ref": "P237994.42.4",
"inst": "šalimtu[well-being//safely]N'AV$šalimdi",
"sig": "@saao/saa17%akk-x-neobab:ša₂-lim-di=šalimtu[well-being//safely]N'AV$šalimdi",
"f": {"lang": "akk-x-neobab",
"form": "ša₂-lim-di",
"cf": "šalimtu",
"gw": "well-being",
"sense": "safely",
"norm": "šalimdi",
"pos": "N",
"epos": "AV"}
}
,
{
"node": "l",
"frag": "[x",
"id": "P237994.l032ab",
"ref": "P237994.42.5",
"inst": "u",
"f": {"lang": "akk-x-neobab",
"form": "x",
"pos": "u"}
}
,
{
"node": "l",
"frag": "x",
"id": "P237994.l032ac",
"ref": "P237994.42.6",
"inst": "u",
"f": {"lang": "akk-x-neobab",
"form": "x",
"pos": "u"}
}
,
{
"node": "l",
"frag": "x",
"id": "P237994.l032ad",
"ref": "P237994.42.7",
"inst": "u",
"f": {"lang": "akk-x-neobab",
"form": "x",
"pos": "u"}
}
,
{
"node": "l",
"frag": "x]",
"id": "P237994.l032ae",
"ref": "P237994.42.8",
"inst": "u",
"f": {"lang": "akk-x-neobab",
"form": "x",
"pos": "u"}
}
,
{
"node": "d",
"type": "line-start",
"ref": "P237994.43",
"n": "16",
"label": "r 16"}
,
{
"node": "l",
"frag": "[x",
"id": "P237994.l032af",
"ref": "P237994.43.1",
"inst": "u",
"f": {"lang": "akk-x-neobab",
"form": "x",
"pos": "u"}
}
,
{
"node": "l",
"frag": "x",
"id": "P237994.l032b0",
"ref": "P237994.43.2",
"inst": "u",
"f": {"lang": "akk-x-neobab",
"form": "x",
"pos": "u"}
}
,
{
"node": "l",
"frag": "x]-ni",
"id": "P237994.l032b1",
"ref": "P237994.43.3",
"inst": "u",
"f": {"lang": "akk-x-neobab",
"form": "x-ni",
"pos": "u"}
}
,
{
"node": "l",
"frag": "EN.NUN",
"id": "P237994.l032b2",
"ref": "P237994.43.4",
"inst": "maṣṣarti[guard]N",
"sig": "@saao/saa17%akk-x-neobab:EN.NUN=maṣṣartu[observation//guard]N'N$maṣṣarti",
"f": {"lang": "akk-x-neobab",
"form": "EN.NUN",
"cf": "maṣṣartu",
"gw": "observation",
"sense": "guard",
"norm": "maṣṣarti",
"pos": "N",
"epos": "N"}
}
,
{
"node": "l",
"frag": "⸢x⸣+[x",
"id": "P237994.l032b3",
"ref": "P237994.43.5",
"inst": "u",
"f": {"lang": "akk-x-neobab",
"form": "x+x",
"pos": "u"}
}
,
{
"node": "l",
"frag": "x",
"id": "P237994.l032b4",
"ref": "P237994.43.6",
"inst": "u",
"f": {"lang": "akk-x-neobab",
"form": "x",
"pos": "u"}
}
,
{
"node": "l",
"frag": "x",
"id": "P237994.l032b5",
"ref": "P237994.43.7",
"inst": "u",
"f": {"lang": "akk-x-neobab",
"form": "x",
"pos": "u"}
}
,
{
"node": "l",
"frag": "x]",
"id": "P237994.l032b6",
"ref": "P237994.43.8",
"inst": "u",
"f": {"lang": "akk-x-neobab",
"form": "x",
"pos": "u"}
}
,
{
"node": "d",
"type": "line-start",
"ref": "P237994.44",
"n": "17",
"label": "r 17"}
,
{
"node": "l",
"frag": "[i]-⸢na⸣",
"id": "P237994.l032b7",
"ref": "P237994.44.1",
"inst": "ina[in]PRP",
"sig": "@saao/saa17%akk-x-neobab:i-na=ina[in//in]PRP'PRP$ina",
"f": {"lang": "akk-x-neobab",
"form": "i-na",
"cf": "ina",
"gw": "in",
"sense": "in",
"norm": "ina",
"pos": "PRP",
"epos": "PRP"}
}
,
{
"node": "l",
"frag": "uṣ-[ṣa-ra",
"id": "P237994.l032b8",
"ref": "P237994.44.2",
"inst": "uṣṣāra[storehouse]N",
"sig": "@saao/saa17%akk-x-neobab:uṣ-ṣa-ra=uṣṣāru[storehouse//storehouse]N'N$uṣṣāra",
"f": {"lang": "akk-x-neobab",
"form": "uṣ-ṣa-ra",
"cf": "uṣṣāru",
"gw": "storehouse",
"sense": "storehouse",
"norm": "uṣṣāra",
"pos": "N",
"epos": "N"}
}
,
{
"node": "l",
"frag": "x",
"id": "P237994.l032b9",
"ref": "P237994.44.3",
"inst": "u",
"f": {"lang": "akk-x-neobab",
"form": "x",
"pos": "u"}
}
,
{
"node": "l",
"frag": "x]",
"id": "P237994.l032ba",
"ref": "P237994.44.4",
"inst": "u",
"f": {"lang": "akk-x-neobab",
"form": "x",
"pos": "u"}
}
,
{
"node": "d",
"type": "line-start",
"ref": "P237994.45",
"n": "18",
"label": "r 18"}
,
{
"node": "l",
"frag": "[lil]-⸢li⸣-kam₂-[ma",
"id": "P237994.l032bb",
"ref": "P237994.45.1",
"inst": "alāku[go//come]V$lillikamma",
"sig": "@saao/saa17%akk-x-neobab:lil-li-kam₂-ma=alāku[go//come]V'V$lillikamma",
"f": {"lang": "akk-x-neobab",
"form": "lil-li-kam₂-ma",
"cf": "alāku",
"gw": "go",
"sense": "come",
"norm": "lillikamma",
"pos": "V",
"epos": "V"}
}
,
{
"node": "l",
"frag": "x",
"id": "P237994.l032bc",
"ref": "P237994.45.2",
"inst": "u",
"f": {"lang": "akk-x-neobab",
"form": "x",
"pos": "u"}
}
,
{
"node": "l",
"frag": "x",
"id": "P237994.l032bd",
"ref": "P237994.45.3",
"inst": "u",
"f": {"lang": "akk-x-neobab",
"form": "x",
"pos": "u"}
}
,
{
"node": "l",
"frag": "x]",
"id": "P237994.l032be",
"ref": "P237994.45.4",
"inst": "u",
"f": {"lang": "akk-x-neobab",
"form": "x",
"pos": "u"}
}
,
{
"node": "d",
"subtype": "right",
"type": "surface",
"ref": "P237994.r.e..46",
"type": "right",
"label": "r.e."}
,
{
"node": "d",
"type": "line-start",
"ref": "P237994.47",
"n": "19",
"label": "r.e. 19"}
,
{
"node": "l",
"frag": "[ki-i]",
"id": "P237994.l032bf",
"ref": "P237994.47.1",
"inst": "kī[like//in accordance with]PRP$kî",
"sig": "@saao/saa17%akk-x-neobab:ki-i=kī[like//in accordance with]PRP'PRP$kî",
"f": {"lang": "akk-x-neobab",
"form": "ki-i",
"cf": "kī",
"gw": "like",
"sense": "in accordance with",
"norm": "kî",
"pos": "PRP",
"epos": "PRP"}
}
,
{
"node": "l",
"frag": "ša₂",
"id": "P237994.l032c0",
"ref": "P237994.47.2",
"inst": "ša[of]DET",
"sig": "@saao/saa17%akk-x-neobab:ša₂=ša[of//of]DET'DET$ša",
"f": {"lang": "akk-x-neobab",
"form": "ša₂",
"cf": "ša",
"gw": "of",
"sense": "of",
"norm": "ša",
"pos": "DET",
"epos": "DET"}
}
,
{
"node": "l",
"frag": "[ŠA₃-bi",
"id": "P237994.l032c1",
"ref": "P237994.47.3",
"inst": "libbu[interior//wish]N$libbi",
"sig": "@saao/saa17%akk-x-neobab:ŠA₃-bi=libbu[interior//wish]N'N$libbi",
"f": {"lang": "akk-x-neobab",
"form": "ŠA₃-bi",
"cf": "libbu",
"gw": "interior",
"sense": "wish",
"norm": "libbi",
"pos": "N",
"epos": "N"}
}
,
{
"node": "l",
"frag": "LUGAL]",
"id": "P237994.l032c2",
"ref": "P237994.47.4",
"inst": "šarri[king]N",
"sig": "@saao/saa17%akk-x-neobab:LUGAL=šarru[king//king]N'N$šarri",
"f": {"lang": "akk-x-neobab",
"form": "LUGAL",
"cf": "šarru",
"gw": "king",
"sense": "king",
"norm": "šarri",
"pos": "N",
"epos": "N"}
}
,
{
"node": "d",
"type": "line-start",
"ref": "P237994.48",
"n": "20",
"label": "r.e. 20"}
,
{
"node": "l",
"frag": "[be-li₂]-i-ni",
"id": "P237994.l032c3",
"ref": "P237994.48.1",
"inst": "bēlīni[lord]N",
"sig": "@saao/saa17%akk-x-neobab:be-li₂-i-ni=bēlu[lord//lord]N'N$bēlīni",
"f": {"lang": "akk-x-neobab",
"form": "be-li₂-i-ni",
"cf": "bēlu",
"gw": "lord",
"sense": "lord",
"norm": "bēlīni",
"pos": "N",
"epos": "N"}
}
,
{
"node": "l",
"frag": "⸢li⸣-[pu-uš]",
"id": "P237994.l032c4",
"ref": "P237994.48.2",
"inst": "epēšu[do]V$līpuš",
"sig": "@saao/saa17%akk-x-neobab:li-pu-uš=epēšu[do//do]V'V$līpuš",
"f": {"lang": "akk-x-neobab",
"form": "li-pu-uš",
"cf": "epēšu",
"gw": "do",
"sense": "do",
"norm": "līpuš",
"pos": "V",
"epos": "V"}
}
]}
]}
]}
,
{
"linkbase": [{
"type": "linkset",
"xlink_title": "mār banî[free man//nobleman]N'N",
"id": "P237994.ls00000",
"xlink_type": "extended",
"xlink_role": "psu",
"sig": "{DUMU-ba-ni-i = māru[son]N banû[good]AJ += mār banî[free man//nobleman]N'N}::@saao/saa10%akk-x-neobab:DUMU-ba-ni-i=māru[son//son]N'N$mār++@saao/saa10%akk-x-neobab:DUMU-ba-ni-i=banû[good//good]AJ'AJ$banî",
"links": [
{
"type": "link",
"xlink_title": "māru",
"xlink_type": "locator",
"xlink_href": "#P237994.l0321a",
"xlink_role": "elt"}
,
{
"type": "link",
"xlink_title": "banû",
"xlink_type": "locator",
"xlink_href": "#P237994.l0321b",
"xlink_role": "elt"}
]}
]}
]}
