{
"type": "cdl",
  "source": "http://oracc.org/saao/saa17",
  "license": "This data is released under the CC0 license",
  "license-url": "https://creativecommons.org/publicdomain/zero/1.0/",
  "more-info": "http://oracc.org/doc/opendata/",
  "UTC-timestamp": "2017-05-19T11:58:16",
"project": "saao/saa17",
"textid": "P237181",
"cdl": [
{
"node": "c",
"type": "text",
"id": "P237181.U0",
"cdl": [
{
"node": "d",
"type": "object",
"ref": ""}
,
{
"node": "d",
"subtype": "obverse",
"type": "surface",
"ref": "P237181.o.1",
"type": "obverse",
"label": "o"}
,
{
"node": "c",
"type": "discourse",
"subtype": "body",
"id": "P237181.U1",
"cdl": [
{
"node": "c",
"type": "sentence",
"id": "P237181.U2",
"label": "o 1 - r 10'",
"cdl": [
{
"node": "d",
"type": "line-start",
"ref": "P237181.2",
"n": "1",
"label": "o 1"}
,
{
"node": "l",
"frag": "ARAD-⸢ka⸣",
"id": "P237181.l05d3a",
"ref": "P237181.2.1",
"inst": "aradka[servant]N",
"sig": "@saao/saa17%akk-x-neobab:ARAD-ka=ardu[slave//servant]N'N$aradka",
"f": {"lang": "akk-x-neobab",
"form": "ARAD-ka",
"cf": "ardu",
"gw": "slave",
"sense": "servant",
"norm": "aradka",
"pos": "N",
"epos": "N"}
}
,
{
"node": "l",
"frag": "{1}{d}⸢AG⸣-DINGIR",
"id": "P237181.l05d3b",
"ref": "P237181.2.2",
"inst": "Nabu-ili[1]PN$",
"sig": "@saao/saa17%akk-x-neobab:{1}{d}AG-DINGIR=Nabu-ili[1//1]PN'PN$Nabu-ili",
"f": {"lang": "akk-x-neobab",
"form": "{1}{d}AG-DINGIR",
"cf": "Nabu-ili",
"gw": "1",
"sense": "1",
"norm": "Nabu-ili",
"pos": "PN",
"epos": "PN"}
}
,
{
"node": "d",
"type": "line-start",
"ref": "P237181.3",
"n": "2",
"label": "o 2"}
,
{
"node": "l",
"frag": "a-na",
"id": "P237181.l05d3c",
"ref": "P237181.3.1",
"inst": "ana[to]PRP",
"sig": "@saao/saa17%akk-x-neobab:a-na=ana[to//to]PRP'PRP$ana",
"f": {"lang": "akk-x-neobab",
"form": "a-na",
"cf": "ana",
"gw": "to",
"sense": "to",
"norm": "ana",
"pos": "PRP",
"epos": "PRP"}
}
,
{
"node": "l",
"frag": "di-na-an",
"id": "P237181.l05d3d",
"ref": "P237181.3.2",
"inst": "dinān[substitute]N",
"sig": "@saao/saa17%akk-x-neobab:di-na-an=dinānu[substitution//substitute]N'N$dinān",
"f": {"lang": "akk-x-neobab",
"form": "di-na-an",
"cf": "dinānu",
"gw": "substitution",
"sense": "substitute",
"norm": "dinān",
"pos": "N",
"epos": "N"}
}
,
{
"node": "l",
"frag": "⸢LUGAL⸣",
"id": "P237181.l05d3e",
"ref": "P237181.3.3",
"inst": "šarri[king]N",
"sig": "@saao/saa17%akk-x-neobab:LUGAL=šarru[king//king]N'N$šarri",
"f": {"lang": "akk-x-neobab",
"form": "LUGAL",
"cf": "šarru",
"gw": "king",
"sense": "king",
"norm": "šarri",
"pos": "N",
"epos": "N"}
}
,
{
"node": "l",
"frag": "be-li₂-ia",
"id": "P237181.l05d3f",
"ref": "P237181.3.4",
"inst": "bēlīya[lord]N",
"sig": "@saao/saa17%akk-x-neobab:be-li₂-ia=bēlu[lord//lord]N'N$bēlīya",
"f": {"lang": "akk-x-neobab",
"form": "be-li₂-ia",
"cf": "bēlu",
"gw": "lord",
"sense": "lord",
"norm": "bēlīya",
"pos": "N",
"epos": "N"}
}
,
{
"node": "l",
"frag": "lu-⸢lik⸣",
"id": "P237181.l05d40",
"ref": "P237181.3.5",
"inst": "alāku[go]V$lullik",
"sig": "@saao/saa17%akk-x-neobab:lu-lik=alāku[go//go]V'V$lullik",
"f": {"lang": "akk-x-neobab",
"form": "lu-lik",
"cf": "alāku",
"gw": "go",
"sense": "go",
"norm": "lullik",
"pos": "V",
"epos": "V"}
}
,
{
"node": "d",
"type": "line-start",
"ref": "P237181.4",
"n": "3",
"label": "o 3"}
,
{
"node": "l",
"frag": "um-ma-a",
"id": "P237181.l05d41",
"ref": "P237181.4.1",
"inst": "ummā[saying]PRP",
"sig": "@saao/saa17%akk-x-neobab:um-ma-a=umma[saying//saying]PRP'PRP$ummā",
"f": {"lang": "akk-x-neobab",
"form": "um-ma-a",
"cf": "umma",
"gw": "saying",
"sense": "saying",
"norm": "ummā",
"pos": "PRP",
"epos": "PRP"}
}
,
{
"node": "l",
"frag": "a-na",
"id": "P237181.l05d42",
"ref": "P237181.4.2",
"inst": "ana[to]PRP",
"sig": "@saao/saa17%akk-x-neobab:a-na=ana[to//to]PRP'PRP$ana",
"f": {"lang": "akk-x-neobab",
"form": "a-na",
"cf": "ana",
"gw": "to",
"sense": "to",
"norm": "ana",
"pos": "PRP",
"epos": "PRP"}
}
,
{
"node": "l",
"frag": "LUGAL",
"id": "P237181.l05d43",
"ref": "P237181.4.3",
"inst": "šarri[king]N",
"sig": "@saao/saa17%akk-x-neobab:LUGAL=šarru[king//king]N'N$šarri",
"f": {"lang": "akk-x-neobab",
"form": "LUGAL",
"cf": "šarru",
"gw": "king",
"sense": "king",
"norm": "šarri",
"pos": "N",
"epos": "N"}
}
,
{
"node": "l",
"frag": "be-li₂-ia-a-⸢ma⸣",
"id": "P237181.l05d44",
"ref": "P237181.4.4",
"inst": "bēlīyāma[lord]N",
"sig": "@saao/saa17%akk-x-neobab:be-li₂-ia-a-ma=bēlu[lord//lord]N'N$bēlīyāma",
"f": {"lang": "akk-x-neobab",
"form": "be-li₂-ia-a-ma",
"cf": "bēlu",
"gw": "lord",
"sense": "lord",
"norm": "bēlīyāma",
"pos": "N",
"epos": "N"}
}
,
{
"node": "d",
"type": "line-start",
"ref": "P237181.5",
"n": "4",
"label": "o 4"}
,
{
"node": "l",
"frag": "{1}sa₁₆-gi-bi",
"id": "P237181.l05d45",
"ref": "P237181.5.1",
"inst": "Sagibu[1]PN$Sagibi",
"sig": "@saao/saa17%akk-x-neobab:{1}sa₁₆-gi-bi=Sagibu[1//1]PN'PN$Sagibi",
"f": {"lang": "akk-x-neobab",
"form": "{1}sa₁₆-gi-bi",
"cf": "Sagibu",
"gw": "1",
"sense": "1",
"norm": "Sagibi",
"pos": "PN",
"epos": "PN"}
}
,
{
"node": "l",
"frag": "u₃",
"id": "P237181.l05d46",
"ref": "P237181.5.2",
"inst": "u[and]CNJ",
"sig": "@saao/saa17%akk-x-neobab:u₃=u[and//and]CNJ'CNJ$u",
"f": {"lang": "akk-x-neobab",
"form": "u₃",
"cf": "u",
"gw": "and",
"sense": "and",
"norm": "u",
"pos": "CNJ",
"epos": "CNJ"}
}
,
{
"node": "l",
"frag": "{lu₂}ṣu-ri-⸢ia⸣",
"id": "P237181.l05d47",
"ref": "P237181.5.3",
"inst": "Ṣurriya[Tyrian]EN$",
"sig": "@saao/saa17%akk-x-neobab:{LU₂}ṣu-ri-ia=Ṣurriya[Tyrian//Tyrian]EN'EN$Ṣurriya",
"f": {"lang": "akk-x-neobab",
"form": "{LU₂}ṣu-ri-ia",
"cf": "Ṣurriya",
"gw": "Tyrian",
"sense": "Tyrian",
"norm": "Ṣurriya",
"pos": "EN",
"epos": "EN"}
}
,
{
"node": "d",
"type": "line-start",
"ref": "P237181.6",
"n": "5",
"label": "o 5"}
,
{
"node": "l",
"frag": "ša₂",
"id": "P237181.l05d48",
"ref": "P237181.6.1",
"inst": "ša[who]REL",
"sig": "@saao/saa17%akk-x-neobab:ša₂=ša[that//who]REL'REL$ša",
"f": {"lang": "akk-x-neobab",
"form": "ša₂",
"cf": "ša",
"gw": "that",
"sense": "who",
"norm": "ša",
"pos": "REL",
"epos": "REL"}
}
,
{
"node": "l",
"frag": "it-ti-šu₂",
"id": "P237181.l05d49",
"ref": "P237181.6.2",
"inst": "itti[with]PRP$ittīšu",
"sig": "@saao/saa17%akk-x-neobab:it-ti-šu₂=itti[with//with]PRP'PRP$ittīšu",
"f": {"lang": "akk-x-neobab",
"form": "it-ti-šu₂",
"cf": "itti",
"gw": "with",
"sense": "with",
"norm": "ittīšu",
"pos": "PRP",
"epos": "PRP"}
}
,
{
"node": "l",
"frag": "ša₂",
"id": "P237181.l05d4a",
"ref": "P237181.6.3",
"inst": "ša[who]REL",
"sig": "@saao/saa17%akk-x-neobab:ša₂=ša[that//who]REL'REL$ša",
"f": {"lang": "akk-x-neobab",
"form": "ša₂",
"cf": "ša",
"gw": "that",
"sense": "who",
"norm": "ša",
"pos": "REL",
"epos": "REL"}
}
,
{
"node": "l",
"frag": "LUGAL",
"id": "P237181.l05d4b",
"ref": "P237181.6.4",
"inst": "šarru[king]N",
"sig": "@saao/saa17%akk-x-neobab:LUGAL=šarru[king//king]N'N$šarru",
"f": {"lang": "akk-x-neobab",
"form": "LUGAL",
"cf": "šarru",
"gw": "king",
"sense": "king",
"norm": "šarru",
"pos": "N",
"epos": "N"}
}
,
{
"node": "l",
"frag": "iš-pur",
"id": "P237181.l05d4c",
"ref": "P237181.6.5",
"inst": "išpur[write]V",
"sig": "@saao/saa17%akk-x-neobab:iš-pur=šapāru[send//write]V'V$išpur",
"f": {"lang": "akk-x-neobab",
"form": "iš-pur",
"cf": "šapāru",
"gw": "send",
"sense": "write",
"norm": "išpur",
"pos": "V",
"epos": "V"}
}
,
{
"node": "d",
"type": "line-start",
"ref": "P237181.7",
"n": "6",
"label": "o 6"}
,
{
"node": "l",
"frag": "um-ma",
"id": "P237181.l05d4d",
"ref": "P237181.7.1",
"inst": "umma[saying]PRP",
"sig": "@saao/saa17%akk-x-neobab:um-ma=umma[saying//saying]PRP'PRP$umma",
"f": {"lang": "akk-x-neobab",
"form": "um-ma",
"cf": "umma",
"gw": "saying",
"sense": "saying",
"norm": "umma",
"pos": "PRP",
"epos": "PRP"}
}
,
{
"node": "l",
"frag": "man-nu",
"id": "P237181.l05d4e",
"ref": "P237181.7.2",
"inst": "mannu[who?]QP",
"sig": "@saao/saa17%akk-x-neobab:man-nu=mannu[who?//who?]QP'QP$mannu",
"f": {"lang": "akk-x-neobab",
"form": "man-nu",
"cf": "mannu",
"gw": "who?",
"sense": "who?",
"norm": "mannu",
"pos": "QP",
"epos": "QP"}
}
,
{
"node": "l",
"frag": "{lu₂}⸢SAG",
"id": "P237181.l05d4f",
"ref": "P237181.7.3",
"inst": "ša-rēši[eunuch]N",
"sig": "@saao/saa17%akk-x-neobab:{LU₂}SAG=ša-rēši[eunuch//eunuch]N'N$ša-rēši",
"f": {"lang": "akk-x-neobab",
"form": "{LU₂}SAG",
"cf": "ša-rēši",
"gw": "eunuch",
"sense": "eunuch",
"norm": "ša-rēši",
"pos": "N",
"epos": "N"}
}
,
{
"node": "l",
"frag": "x",
"id": "P237181.l05d50",
"ref": "P237181.7.4",
"inst": "u",
"f": {"lang": "akk-x-neobab",
"form": "x",
"pos": "u"}
}
,
{
"node": "l",
"frag": "x⸣-aʾ",
"id": "P237181.l05d51",
"ref": "P237181.7.5",
"inst": "u",
"f": {"lang": "akk-x-neobab",
"form": "x-aʾ",
"pos": "u"}
}
,
{
"node": "d",
"type": "line-start",
"ref": "P237181.8",
"n": "7",
"label": "o 7"}
,
{
"node": "l",
"frag": "u₃",
"id": "P237181.l05d52",
"ref": "P237181.8.1",
"inst": "u[and]CNJ",
"sig": "@saao/saa17%akk-x-neobab:u₃=u[and//and]CNJ'CNJ$u",
"f": {"lang": "akk-x-neobab",
"form": "u₃",
"cf": "u",
"gw": "and",
"sense": "and",
"norm": "u",
"pos": "CNJ",
"epos": "CNJ"}
}
,
{
"node": "l",
"frag": "{še}BAR",
"id": "P237181.l05d53",
"ref": "P237181.8.2",
"inst": "uṭṭatu[grain//barley]N$",
"sig": "@saao/saa17%akk-x-neobab:{ŠE}BAR=uṭṭatu[grain//barley]N'N$uṭṭatu",
"f": {"lang": "akk-x-neobab",
"form": "{ŠE}BAR",
"cf": "uṭṭatu",
"gw": "grain",
"sense": "barley",
"norm": "uṭṭatu",
"pos": "N",
"epos": "N"}
}
,
{
"node": "l",
"frag": "⸢NUMUN",
"id": "P237181.l05d54",
"ref": "P237181.8.3",
"inst": "zēru[seed(s)]N$",
"sig": "@saao/saa17%akk-x-neobab:NUMUN=zēru[seed(s)//seed(s)]N'N$zēru",
"f": {"lang": "akk-x-neobab",
"form": "NUMUN",
"cf": "zēru",
"gw": "seed(s)",
"sense": "seed(s)",
"norm": "zēru",
"pos": "N",
"epos": "N"}
}
,
{
"node": "l",
"frag": "x",
"id": "P237181.l05d55",
"ref": "P237181.8.4",
"inst": "u",
"f": {"lang": "akk-x-neobab",
"form": "x",
"pos": "u"}
}
,
{
"node": "l",
"frag": "x⸣",
"id": "P237181.l05d56",
"ref": "P237181.8.5",
"inst": "u",
"f": {"lang": "akk-x-neobab",
"form": "x",
"pos": "u"}
}
,
{
"node": "d",
"type": "line-start",
"ref": "P237181.9",
"n": "8",
"label": "o 8"}
,
{
"node": "l",
"frag": "i-na",
"id": "P237181.l05d57",
"ref": "P237181.9.1",
"inst": "ina[in]PRP",
"sig": "@saao/saa17%akk-x-neobab:i-na=ina[in//in]PRP'PRP$ina",
"f": {"lang": "akk-x-neobab",
"form": "i-na",
"cf": "ina",
"gw": "in",
"sense": "in",
"norm": "ina",
"pos": "PRP",
"epos": "PRP"}
}
,
{
"node": "l",
"frag": "E₂-ka",
"id": "P237181.l05d58",
"ref": "P237181.9.2",
"inst": "bītu[house]N$bītīka",
"sig": "@saao/saa17%akk-x-neobab:E₂-ka=bītu[house//house]N'N$bītīka",
"f": {"lang": "akk-x-neobab",
"form": "E₂-ka",
"cf": "bītu",
"gw": "house",
"sense": "house",
"norm": "bītīka",
"pos": "N",
"epos": "N"}
}
,
{
"node": "c",
"type": "phrase",
"tag": "phr",
"id": "P237181.U4",
"ref": "P237181.ls00000",
"cdl": [
{
"node": "l",
"frag": "LUH-KA-MEŠ",
"id": "P237181.l05d59",
"ref": "P237181.9.3",
"cof-tails": "P237181.l05d5a",
"inst": "mīsu[washing]N$mīs&pû[mouth]N$pî",
"exosig": "@saao/saa17%akk-x-neobab:LUH-KA-MEŠ=mīsu[washing//washing]N'N$mīs&&@saao%akk-x-neobab:=pû[mouth//mouth]N'N$pî",
"f": {"lang": "akk-x-neobab",
"form": "LUH-KA-MEŠ",
"cf": "mīsu",
"gw": "washing",
"sense": "washing",
"norm": "mīs",
"pos": "N",
"epos": "N"}
}
,
{
"node": "l",
"frag": "LUH-KA-MEŠ",
"id": "P237181.l05d5a",
"ref": "P237181.9.3",
"cof-head": "P237181.l05d59",
"inst": "mīsu[washing]N$mīs&pû[mouth]N$pî",
"tail-sig": "@saao%akk-x-neobab:=pû[mouth//mouth]N'N$pî",
"f": {"lang": "akk-x-neobab",
"form": "LUH-KA-MEŠ",
"cf": "pû",
"gw": "mouth",
"sense": "mouth",
"norm": "pî",
"pos": "N",
"epos": "N"}
}
]}
,
{
"node": "d",
"type": "line-start",
"ref": "P237181.10",
"n": "9",
"label": "o 9"}
,
{
"node": "l",
"frag": "[x]+⸢x⸣",
"id": "P237181.l05d5b",
"ref": "P237181.10.1",
"inst": "u",
"f": {"lang": "akk-x-neobab",
"form": "x+x",
"pos": "u"}
}
,
{
"node": "l",
"frag": "GIŠ-MEŠ",
"id": "P237181.l05d5c",
"ref": "P237181.10.2",
"inst": "iṣu[tree//wood]N$iṣī",
"sig": "@saao/saa17%akk-x-neobab:GIŠ-MEŠ=iṣu[tree//wood]N'N$iṣī",
"f": {"lang": "akk-x-neobab",
"form": "GIŠ-MEŠ",
"cf": "iṣu",
"gw": "tree",
"sense": "wood",
"norm": "iṣī",
"pos": "N",
"epos": "N"}
}
,
{
"node": "l",
"frag": "E₂-MEŠ",
"id": "P237181.l05d5d",
"ref": "P237181.10.3",
"inst": "bītu[house]N$bītāti",
"sig": "@saao/saa17%akk-x-neobab:E₂-MEŠ=bītu[house//house]N'N$bītāti",
"f": {"lang": "akk-x-neobab",
"form": "E₂-MEŠ",
"cf": "bītu",
"gw": "house",
"sense": "house",
"norm": "bītāti",
"pos": "N",
"epos": "N"}
}
,
{
"node": "d",
"type": "line-start",
"ref": "P237181.11",
"n": "10",
"label": "o 10"}
,
{
"node": "l",
"frag": "[x",
"id": "P237181.l05d5e",
"ref": "P237181.11.1",
"inst": "u",
"f": {"lang": "akk-x-neobab",
"form": "x",
"pos": "u"}
}
,
{
"node": "l",
"frag": "x",
"id": "P237181.l05d5f",
"ref": "P237181.11.2",
"inst": "u",
"f": {"lang": "akk-x-neobab",
"form": "x",
"pos": "u"}
}
,
{
"node": "l",
"frag": "x]+⸢x",
"id": "P237181.l05d60",
"ref": "P237181.11.3",
"inst": "u",
"f": {"lang": "akk-x-neobab",
"form": "x+x",
"pos": "u"}
}
,
{
"node": "l",
"frag": "x⸣",
"id": "P237181.l05d61",
"ref": "P237181.11.4",
"inst": "u",
"f": {"lang": "akk-x-neobab",
"form": "x",
"pos": "u"}
}
,
{
"node": "d",
"type": "nonx",
"ref": "P237181.12",
"strict": "0",
"extent": "rest",
"state": "missing"}
,
{
"node": "d",
"subtype": "reverse",
"type": "surface",
"ref": "P237181.r.13",
"type": "reverse",
"label": "r"}
,
{
"node": "d",
"type": "nonx",
"ref": "P237181.14",
"strict": "0",
"extent": "beginning",
"state": "missing"}
,
{
"node": "d",
"type": "line-start",
"ref": "P237181.15",
"n": "1'",
"label": "r 1'"}
,
{
"node": "l",
"frag": "ni-id-⸢di⸣",
"id": "P237181.l05d62",
"ref": "P237181.15.1",
"inst": "+nadû[throw down//set down]V'V$niddi",
"sig": "@saao/saa17%akk-x-neobab:ni-id-di=nadû[throw down//set down]V'V$niddi",
"f": {"lang": "akk-x-neobab",
"form": "ni-id-di",
"cf": "nadû",
"gw": "throw down",
"sense": "set down",
"norm": "niddi",
"pos": "V",
"epos": "V"}
}
,
{
"node": "l",
"frag": "[x",
"id": "P237181.l05d63",
"ref": "P237181.15.2",
"inst": "u",
"f": {"lang": "akk-x-neobab",
"form": "x",
"pos": "u"}
}
,
{
"node": "l",
"frag": "x",
"id": "P237181.l05d64",
"ref": "P237181.15.3",
"inst": "u",
"f": {"lang": "akk-x-neobab",
"form": "x",
"pos": "u"}
}
,
{
"node": "l",
"frag": "x",
"id": "P237181.l05d65",
"ref": "P237181.15.4",
"inst": "u",
"f": {"lang": "akk-x-neobab",
"form": "x",
"pos": "u"}
}
,
{
"node": "l",
"frag": "x]",
"id": "P237181.l05d66",
"ref": "P237181.15.5",
"inst": "u",
"f": {"lang": "akk-x-neobab",
"form": "x",
"pos": "u"}
}
,
{
"node": "d",
"type": "line-start",
"ref": "P237181.16",
"n": "2'",
"label": "r 2'"}
,
{
"node": "l",
"frag": "lid",
"id": "P237181.l05d67",
"ref": "P237181.16.1",
"inst": "u",
"f": {"lang": "akk-x-neobab",
"form": "lid",
"pos": "u"}
}
,
{
"node": "l",
"frag": "⸢x",
"id": "P237181.l05d68",
"ref": "P237181.16.2",
"inst": "u",
"f": {"lang": "akk-x-neobab",
"form": "x",
"pos": "u"}
}
,
{
"node": "l",
"frag": "x⸣",
"id": "P237181.l05d69",
"ref": "P237181.16.3",
"inst": "u",
"f": {"lang": "akk-x-neobab",
"form": "x",
"pos": "u"}
}
,
{
"node": "l",
"frag": "nu",
"id": "P237181.l05d6a",
"ref": "P237181.16.4",
"inst": "u",
"f": {"lang": "akk-x-neobab",
"form": "nu",
"pos": "u"}
}
,
{
"node": "l",
"frag": "⸢x⸣",
"id": "P237181.l05d6b",
"ref": "P237181.16.5",
"inst": "u",
"f": {"lang": "akk-x-neobab",
"form": "x",
"pos": "u"}
}
,
{
"node": "l",
"frag": "[x",
"id": "P237181.l05d6c",
"ref": "P237181.16.6",
"inst": "u",
"f": {"lang": "akk-x-neobab",
"form": "x",
"pos": "u"}
}
,
{
"node": "l",
"frag": "x",
"id": "P237181.l05d6d",
"ref": "P237181.16.7",
"inst": "u",
"f": {"lang": "akk-x-neobab",
"form": "x",
"pos": "u"}
}
,
{
"node": "l",
"frag": "x",
"id": "P237181.l05d6e",
"ref": "P237181.16.8",
"inst": "u",
"f": {"lang": "akk-x-neobab",
"form": "x",
"pos": "u"}
}
,
{
"node": "l",
"frag": "x]",
"id": "P237181.l05d6f",
"ref": "P237181.16.9",
"inst": "u",
"f": {"lang": "akk-x-neobab",
"form": "x",
"pos": "u"}
}
,
{
"node": "d",
"type": "line-start",
"ref": "P237181.17",
"n": "3'",
"label": "r 3'"}
,
{
"node": "l",
"frag": "ša₂",
"id": "P237181.l05d70",
"ref": "P237181.17.1",
"inst": "ša[of]DET",
"sig": "@saao/saa17%akk-x-neobab:ša₂=ša[of//of]DET'DET$ša",
"f": {"lang": "akk-x-neobab",
"form": "ša₂",
"cf": "ša",
"gw": "of",
"sense": "of",
"norm": "ša",
"pos": "DET",
"epos": "DET"}
}
,
{
"node": "l",
"frag": "LUGAL",
"id": "P237181.l05d71",
"ref": "P237181.17.2",
"inst": "šarri[king]N",
"sig": "@saao/saa17%akk-x-neobab:LUGAL=šarru[king//king]N'N$šarri",
"f": {"lang": "akk-x-neobab",
"form": "LUGAL",
"cf": "šarru",
"gw": "king",
"sense": "king",
"norm": "šarri",
"pos": "N",
"epos": "N"}
}
,
{
"node": "l",
"frag": "a-na",
"id": "P237181.l05d72",
"ref": "P237181.17.3",
"inst": "ana[to]PRP",
"sig": "@saao/saa17%akk-x-neobab:a-na=ana[to//to]PRP'PRP$ana",
"f": {"lang": "akk-x-neobab",
"form": "a-na",
"cf": "ana",
"gw": "to",
"sense": "to",
"norm": "ana",
"pos": "PRP",
"epos": "PRP"}
}
,
{
"node": "l",
"frag": "⸢x⸣",
"id": "P237181.l05d73",
"ref": "P237181.17.4",
"inst": "u",
"f": {"lang": "akk-x-neobab",
"form": "x",
"pos": "u"}
}
,
{
"node": "l",
"frag": "[x",
"id": "P237181.l05d74",
"ref": "P237181.17.5",
"inst": "u",
"f": {"lang": "akk-x-neobab",
"form": "x",
"pos": "u"}
}
,
{
"node": "l",
"frag": "x",
"id": "P237181.l05d75",
"ref": "P237181.17.6",
"inst": "u",
"f": {"lang": "akk-x-neobab",
"form": "x",
"pos": "u"}
}
,
{
"node": "l",
"frag": "x",
"id": "P237181.l05d76",
"ref": "P237181.17.7",
"inst": "u",
"f": {"lang": "akk-x-neobab",
"form": "x",
"pos": "u"}
}
,
{
"node": "l",
"frag": "x]",
"id": "P237181.l05d77",
"ref": "P237181.17.8",
"inst": "u",
"f": {"lang": "akk-x-neobab",
"form": "x",
"pos": "u"}
}
,
{
"node": "d",
"type": "line-start",
"ref": "P237181.18",
"n": "4'",
"label": "r 4'"}
,
{
"node": "l",
"frag": "lu-⸢mur⸣",
"id": "P237181.l05d78",
"ref": "P237181.18.1",
"inst": "lūmur[see]V",
"sig": "@saao/saa17%akk-x-neobab:lu-mur=amāru[see//see]V'V$lūmur",
"f": {"lang": "akk-x-neobab",
"form": "lu-mur",
"cf": "amāru",
"gw": "see",
"sense": "see",
"norm": "lūmur",
"pos": "V",
"epos": "V"}
}
,
{
"node": "l",
"frag": "{lu₂}ṣu-⸢ri⸣-[ia",
"id": "P237181.l05d79",
"ref": "P237181.18.2",
"inst": "Ṣurriya[Tyrian]EN",
"sig": "@saao/saa17%akk-x-neobab:{LU₂}ṣu-ri-ia=Ṣurriya[Tyrian//Tyrian]EN'EN$Ṣurriya",
"f": {"lang": "akk-x-neobab",
"form": "{LU₂}ṣu-ri-ia",
"cf": "Ṣurriya",
"gw": "Tyrian",
"sense": "Tyrian",
"norm": "Ṣurriya",
"pos": "EN",
"epos": "EN"}
}
,
{
"node": "l",
"frag": "x",
"id": "P237181.l05d7a",
"ref": "P237181.18.3",
"inst": "u",
"f": {"lang": "akk-x-neobab",
"form": "x",
"pos": "u"}
}
,
{
"node": "l",
"frag": "x",
"id": "P237181.l05d7b",
"ref": "P237181.18.4",
"inst": "u",
"f": {"lang": "akk-x-neobab",
"form": "x",
"pos": "u"}
}
,
{
"node": "l",
"frag": "x]",
"id": "P237181.l05d7c",
"ref": "P237181.18.5",
"inst": "u",
"f": {"lang": "akk-x-neobab",
"form": "x",
"pos": "u"}
}
,
{
"node": "d",
"type": "line-start",
"ref": "P237181.19",
"n": "5'",
"label": "r 5'"}
,
{
"node": "l",
"frag": "ša₂",
"id": "P237181.l05d7d",
"ref": "P237181.19.1",
"inst": "ša[which]REL",
"sig": "@saao/saa17%akk-x-neobab:ša₂=ša[that//which]REL'REL$ša",
"f": {"lang": "akk-x-neobab",
"form": "ša₂",
"cf": "ša",
"gw": "that",
"sense": "which",
"norm": "ša",
"pos": "REL",
"epos": "REL"}
}
,
{
"node": "l",
"frag": "taš-kun-šu₂-nu-⸢tu₂⸣",
"id": "P237181.l05d7e",
"ref": "P237181.19.2",
"inst": "šakānu[put//place]V$taškunšunūtu",
"sig": "@saao/saa17%akk-x-neobab:taš-kun-šu₂-nu-tu₂=šakānu[put//place]V'V$taškunšunūtu",
"f": {"lang": "akk-x-neobab",
"form": "taš-kun-šu₂-nu-tu₂",
"cf": "šakānu",
"gw": "put",
"sense": "place",
"norm": "taškunšunūtu",
"pos": "V",
"epos": "V"}
}
,
{
"node": "l",
"frag": "[x",
"id": "P237181.l05d7f",
"ref": "P237181.19.3",
"inst": "u",
"f": {"lang": "akk-x-neobab",
"form": "x",
"pos": "u"}
}
,
{
"node": "l",
"frag": "x",
"id": "P237181.l05d80",
"ref": "P237181.19.4",
"inst": "u",
"f": {"lang": "akk-x-neobab",
"form": "x",
"pos": "u"}
}
,
{
"node": "l",
"frag": "x",
"id": "P237181.l05d81",
"ref": "P237181.19.5",
"inst": "u",
"f": {"lang": "akk-x-neobab",
"form": "x",
"pos": "u"}
}
,
{
"node": "l",
"frag": "x]",
"id": "P237181.l05d82",
"ref": "P237181.19.6",
"inst": "u",
"f": {"lang": "akk-x-neobab",
"form": "x",
"pos": "u"}
}
,
{
"node": "d",
"type": "line-start",
"ref": "P237181.20",
"n": "6'",
"label": "r 6'"}
,
{
"node": "l",
"frag": "u",
"id": "P237181.l05d83",
"ref": "P237181.20.1",
"inst": "u[and]CNJ",
"sig": "@saao/saa17%akk-x-neobab:u=u[and//and]CNJ'CNJ$u",
"f": {"lang": "akk-x-neobab",
"form": "u",
"cf": "u",
"gw": "and",
"sense": "and",
"norm": "u",
"pos": "CNJ",
"epos": "CNJ"}
}
,
{
"node": "l",
"frag": "ta-ri-ši-⸢na⸣",
"id": "P237181.l05d84",
"ref": "P237181.20.2",
"inst": "+tārû[(child) minder//warden]N'N$tārīšina",
"sig": "@saao/saa17%akk-x-neobab:ta-ri-ši-na=tārû[(child) minder//warden]N'N$tārīšina",
"f": {"lang": "akk-x-neobab",
"form": "ta-ri-ši-na",
"cf": "tārû",
"gw": "(child) minder",
"sense": "warden",
"norm": "tārīšina",
"pos": "N",
"epos": "N"}
}
,
{
"node": "l",
"frag": "[x",
"id": "P237181.l05d85",
"ref": "P237181.20.3",
"inst": "u",
"f": {"lang": "akk-x-neobab",
"form": "x",
"pos": "u"}
}
,
{
"node": "l",
"frag": "x",
"id": "P237181.l05d86",
"ref": "P237181.20.4",
"inst": "u",
"f": {"lang": "akk-x-neobab",
"form": "x",
"pos": "u"}
}
,
{
"node": "l",
"frag": "x",
"id": "P237181.l05d87",
"ref": "P237181.20.5",
"inst": "u",
"f": {"lang": "akk-x-neobab",
"form": "x",
"pos": "u"}
}
,
{
"node": "l",
"frag": "x]",
"id": "P237181.l05d88",
"ref": "P237181.20.6",
"inst": "u",
"f": {"lang": "akk-x-neobab",
"form": "x",
"pos": "u"}
}
,
{
"node": "d",
"type": "line-start",
"ref": "P237181.21",
"n": "7",
"label": "r 7"}
,
{
"node": "l",
"frag": "{1}ra-hi",
"id": "P237181.l05d89",
"ref": "P237181.21.1",
"inst": "Rahi[1]PN$",
"sig": "@saao/saa17%akk-x-neobab:{1}ra-hi=Rahi[1//1]PN'PN$Rahi",
"f": {"lang": "akk-x-neobab",
"form": "{1}ra-hi",
"cf": "Rahi",
"gw": "1",
"sense": "1",
"norm": "Rahi",
"pos": "PN",
"epos": "PN"}
}
,
{
"node": "l",
"frag": "u₃",
"id": "P237181.l05d8a",
"ref": "P237181.21.2",
"inst": "u[and]CNJ",
"sig": "@saao/saa17%akk-x-neobab:u₃=u[and//and]CNJ'CNJ$u",
"f": {"lang": "akk-x-neobab",
"form": "u₃",
"cf": "u",
"gw": "and",
"sense": "and",
"norm": "u",
"pos": "CNJ",
"epos": "CNJ"}
}
,
{
"node": "l",
"frag": "{1}ia-[x",
"id": "P237181.l05d8b",
"ref": "P237181.21.3",
"inst": "u",
"f": {"lang": "akk-x-neobab",
"form": "{1}ia-x",
"pos": "u"}
}
,
{
"node": "l",
"frag": "x",
"id": "P237181.l05d8c",
"ref": "P237181.21.4",
"inst": "u",
"f": {"lang": "akk-x-neobab",
"form": "x",
"pos": "u"}
}
,
{
"node": "l",
"frag": "x",
"id": "P237181.l05d8d",
"ref": "P237181.21.5",
"inst": "u",
"f": {"lang": "akk-x-neobab",
"form": "x",
"pos": "u"}
}
,
{
"node": "l",
"frag": "a-na]",
"id": "P237181.l05d8e",
"ref": "P237181.21.6",
"inst": "ana[to+=to]PRP",
"sig": "@saao/saa17%akk-x-neobab:a-na=ana[to//to]PRP'PRP$ana",
"f": {"lang": "akk-x-neobab",
"form": "a-na",
"cf": "ana",
"gw": "to",
"sense": "to",
"norm": "ana",
"pos": "PRP",
"epos": "PRP"}
}
,
{
"node": "d",
"type": "line-start",
"ref": "P237181.22",
"n": "8'",
"label": "r 8'"}
,
{
"node": "l",
"frag": "pa-an",
"id": "P237181.l05d8f",
"ref": "P237181.22.1",
"inst": "pān[front]N",
"sig": "@saao/saa17%akk-x-neobab:pa-an=pānu[front//front]N'N$pān",
"f": {"lang": "akk-x-neobab",
"form": "pa-an",
"cf": "pānu",
"gw": "front",
"sense": "front",
"norm": "pān",
"pos": "N",
"epos": "N"}
}
,
{
"node": "l",
"frag": "LUGAL",
"id": "P237181.l05d90",
"ref": "P237181.22.2",
"inst": "šarri[king]N",
"sig": "@saao/saa17%akk-x-neobab:LUGAL=šarru[king//king]N'N$šarri",
"f": {"lang": "akk-x-neobab",
"form": "LUGAL",
"cf": "šarru",
"gw": "king",
"sense": "king",
"norm": "šarri",
"pos": "N",
"epos": "N"}
}
,
{
"node": "l",
"frag": "al-⸢tap⸣-[ra",
"id": "P237181.l05d91",
"ref": "P237181.22.3",
"inst": "altapra[send]V",
"sig": "@saao/saa17%akk-x-neobab:al-tap-ra=šapāru[send//send]V'V$altapra",
"f": {"lang": "akk-x-neobab",
"form": "al-tap-ra",
"cf": "šapāru",
"gw": "send",
"sense": "send",
"norm": "altapra",
"pos": "V",
"epos": "V"}
}
,
{
"node": "l",
"frag": "x",
"id": "P237181.l05d92",
"ref": "P237181.22.4",
"inst": "u",
"f": {"lang": "akk-x-neobab",
"form": "x",
"pos": "u"}
}
,
{
"node": "l",
"frag": "x",
"id": "P237181.l05d93",
"ref": "P237181.22.5",
"inst": "u",
"f": {"lang": "akk-x-neobab",
"form": "x",
"pos": "u"}
}
,
{
"node": "l",
"frag": "x]",
"id": "P237181.l05d94",
"ref": "P237181.22.6",
"inst": "u",
"f": {"lang": "akk-x-neobab",
"form": "x",
"pos": "u"}
}
,
{
"node": "d",
"type": "line-start",
"ref": "P237181.23",
"n": "9'",
"label": "r 9'"}
,
{
"node": "l",
"frag": "LUGAL",
"id": "P237181.l05d95",
"ref": "P237181.23.1",
"inst": "šarru[king]N",
"sig": "@saao/saa17%akk-x-neobab:LUGAL=šarru[king//king]N'N$šarru",
"f": {"lang": "akk-x-neobab",
"form": "LUGAL",
"cf": "šarru",
"gw": "king",
"sense": "king",
"norm": "šarru",
"pos": "N",
"epos": "N"}
}
,
{
"node": "l",
"frag": "ša₂",
"id": "P237181.l05d96",
"ref": "P237181.23.2",
"inst": "ša[of//that of]DET",
"sig": "@saao/saa17%akk-x-neobab:ša₂=ša[of//that of]DET'DET$ša",
"f": {"lang": "akk-x-neobab",
"form": "ša₂",
"cf": "ša",
"gw": "of",
"sense": "that of",
"norm": "ša",
"pos": "DET",
"epos": "DET"}
}
,
{
"node": "l",
"frag": "ka-[x",
"id": "P237181.l05d97",
"ref": "P237181.23.3",
"inst": "u",
"f": {"lang": "akk-x-neobab",
"form": "ka-x",
"pos": "u"}
}
,
{
"node": "l",
"frag": "x",
"id": "P237181.l05d98",
"ref": "P237181.23.4",
"inst": "u",
"f": {"lang": "akk-x-neobab",
"form": "x",
"pos": "u"}
}
,
{
"node": "l",
"frag": "x",
"id": "P237181.l05d99",
"ref": "P237181.23.5",
"inst": "u",
"f": {"lang": "akk-x-neobab",
"form": "x",
"pos": "u"}
}
,
{
"node": "l",
"frag": "x]",
"id": "P237181.l05d9a",
"ref": "P237181.23.6",
"inst": "u",
"f": {"lang": "akk-x-neobab",
"form": "x",
"pos": "u"}
}
,
{
"node": "d",
"type": "line-start",
"ref": "P237181.24",
"n": "10'",
"label": "r 10'"}
,
{
"node": "l",
"frag": "u",
"id": "P237181.l05d9b",
"ref": "P237181.24.1",
"inst": "u[and]CNJ",
"sig": "@saao/saa17%akk-x-neobab:u=u[and//and]CNJ'CNJ$u",
"f": {"lang": "akk-x-neobab",
"form": "u",
"cf": "u",
"gw": "and",
"sense": "and",
"norm": "u",
"pos": "CNJ",
"epos": "CNJ"}
}
,
{
"node": "l",
"frag": "ši-mu",
"id": "P237181.l05d9c",
"ref": "P237181.24.2",
"inst": "šīmu[purchase (price)]N$",
"sig": "@saao/saa17%akk-x-neobab:ši-mu=šīmu[purchase (price)//purchase (price)]N'N$šīmu",
"f": {"lang": "akk-x-neobab",
"form": "ši-mu",
"cf": "šīmu",
"gw": "purchase (price)",
"sense": "purchase (price)",
"norm": "šīmu",
"pos": "N",
"epos": "N"}
}
,
{
"node": "l",
"frag": "[x",
"id": "P237181.l05d9d",
"ref": "P237181.24.3",
"inst": "u",
"f": {"lang": "akk-x-neobab",
"form": "x",
"pos": "u"}
}
,
{
"node": "l",
"frag": "x",
"id": "P237181.l05d9e",
"ref": "P237181.24.4",
"inst": "u",
"f": {"lang": "akk-x-neobab",
"form": "x",
"pos": "u"}
}
,
{
"node": "l",
"frag": "x",
"id": "P237181.l05d9f",
"ref": "P237181.24.5",
"inst": "u",
"f": {"lang": "akk-x-neobab",
"form": "x",
"pos": "u"}
}
,
{
"node": "l",
"frag": "x]",
"id": "P237181.l05da0",
"ref": "P237181.24.6",
"inst": "u",
"f": {"lang": "akk-x-neobab",
"form": "x",
"pos": "u"}
}
]}
]}
]}
,
{
"linkbase": [{
"type": "linkset",
"xlink_title": "mīs pî[mouth-washing (ritual)//mouth-washing (ritual)]N'N",
"id": "P237181.ls00000",
"xlink_type": "extended",
"xlink_role": "psu",
"sig": "{mīsu[washing]N pû[mouth]N += mīs pî[mouth-washing (ritual)//mouth-washing (ritual)]N'N}::@saao%akk-x-neobab:LUH-KA-MEŠ=mīsu[washing//washing]N'N$mīs++@saao%akk-x-neobab:LUH-KA-MEŠ=pû[mouth//mouth]N'N$pî",
"links": [
{
"type": "link",
"xlink_title": "mīsu",
"xlink_type": "locator",
"xlink_href": "#P237181.l05d59",
"xlink_role": "elt"}
,
{
"type": "link",
"xlink_title": "pû",
"xlink_type": "locator",
"xlink_href": "#P237181.l05d5a",
"xlink_role": "elt"}
]}
]}
]}
