{
"type": "cdl",
  "source": "http://oracc.org/saao/saa17",
  "license": "This data is released under the CC0 license",
  "license-url": "https://creativecommons.org/publicdomain/zero/1.0/",
  "more-info": "http://oracc.org/doc/opendata/",
  "UTC-timestamp": "2017-05-19T11:58:20",
"project": "saao/saa17",
"textid": "P237833",
"cdl": [
{
"node": "c",
"type": "text",
"id": "P237833.U0",
"cdl": [
{
"node": "d",
"type": "object",
"ref": ""}
,
{
"node": "d",
"subtype": "obverse",
"type": "surface",
"ref": "P237833.o.1",
"type": "obverse",
"label": "o"}
,
{
"node": "c",
"type": "discourse",
"subtype": "body",
"id": "P237833.U1",
"cdl": [
{
"node": "c",
"type": "sentence",
"id": "P237833.U2",
"label": "o 1 - r 10'",
"cdl": [
{
"node": "d",
"type": "line-start",
"ref": "P237833.2",
"n": "1",
"label": "o 1"}
,
{
"node": "l",
"frag": "a-na",
"id": "P237833.l024af",
"ref": "P237833.2.1",
"inst": "ana[to]PRP",
"sig": "@saao/saa17%akk-x-neobab:a-na=ana[to//to]PRP'PRP$ana",
"f": {"lang": "akk-x-neobab",
"form": "a-na",
"cf": "ana",
"gw": "to",
"sense": "to",
"norm": "ana",
"pos": "PRP",
"epos": "PRP"}
}
,
{
"node": "l",
"frag": "LUGAL-GIN",
"id": "P237833.l024b0",
"ref": "P237833.2.2",
"inst": "Šarru-ken[Sargon II]PN$",
"sig": "@saao/saa17%akk-x-neobab:LUGAL-GIN=Šarru-ken[Sargon II//Sargon II]PN'PN$Šarru-ken",
"f": {"lang": "akk-x-neobab",
"form": "LUGAL-GIN",
"cf": "Šarru-ken",
"gw": "Sargon II",
"sense": "Sargon II",
"norm": "Šarru-ken",
"pos": "PN",
"epos": "PN"}
}
,
{
"node": "l",
"frag": "LUGAL",
"id": "P237833.l024b1",
"ref": "P237833.2.3",
"inst": "šar[king]N",
"sig": "@saao/saa17%akk-x-neobab:LUGAL=šarru[king//king]N'N$šar",
"f": {"lang": "akk-x-neobab",
"form": "LUGAL",
"cf": "šarru",
"gw": "king",
"sense": "king",
"norm": "šar",
"pos": "N",
"epos": "N"}
}
,
{
"node": "l",
"frag": "ŠU₂",
"id": "P237833.l024b2",
"ref": "P237833.2.4",
"inst": "kiššati[world]N",
"sig": "@saao/saa17%akk-x-neobab:ŠU₂=kiššatu[totality//world]N'N$kiššati",
"f": {"lang": "akk-x-neobab",
"form": "ŠU₂",
"cf": "kiššatu",
"gw": "totality",
"sense": "world",
"norm": "kiššati",
"pos": "N",
"epos": "N"}
}
,
{
"node": "l",
"frag": "um-ma",
"id": "P237833.l024b3",
"ref": "P237833.2.5",
"inst": "umma[saying]PRP",
"sig": "@saao/saa17%akk-x-neobab:um-ma=umma[saying//saying]PRP'PRP$umma",
"f": {"lang": "akk-x-neobab",
"form": "um-ma",
"cf": "umma",
"gw": "saying",
"sense": "saying",
"norm": "umma",
"pos": "PRP",
"epos": "PRP"}
}
,
{
"node": "l",
"frag": "{lu₂}ARAD-MEŠ-ka",
"id": "P237833.l024b4",
"ref": "P237833.2.6",
"inst": "ardu[slave//servant]N$ardēka",
"sig": "@saao/saa17%akk-x-neobab:{LU₂}ARAD-MEŠ-ka=ardu[slave//servant]N'N$ardēka",
"f": {"lang": "akk-x-neobab",
"form": "{LU₂}ARAD-MEŠ-ka",
"cf": "ardu",
"gw": "slave",
"sense": "servant",
"norm": "ardēka",
"pos": "N",
"epos": "N"}
}
,
{
"node": "d",
"type": "line-start",
"ref": "P237833.3",
"n": "2",
"label": "o 2"}
,
{
"node": "l",
"frag": "{1}ha-il-DINGIR",
"id": "P237833.l024b5",
"ref": "P237833.3.1",
"inst": "Haʾil-il[1]PN$",
"sig": "@saao/saa17%akk-x-neobab:{1}ha-il-DINGIR=Haʾil-il[1//1]PN'PN$Haʾil-il",
"f": {"lang": "akk-x-neobab",
"form": "{1}ha-il-DINGIR",
"cf": "Haʾil-il",
"gw": "1",
"sense": "1",
"norm": "Haʾil-il",
"pos": "PN",
"epos": "PN"}
}
,
{
"node": "l",
"frag": "u₃",
"id": "P237833.l024b6",
"ref": "P237833.3.2",
"inst": "u[and]CNJ",
"sig": "@saao/saa17%akk-x-neobab:u₃=u[and//and]CNJ'CNJ$u",
"f": {"lang": "akk-x-neobab",
"form": "u₃",
"cf": "u",
"gw": "and",
"sense": "and",
"norm": "u",
"pos": "CNJ",
"epos": "CNJ"}
}
,
{
"node": "l",
"frag": "{1}zab-di-DINGIR",
"id": "P237833.l024b7",
"ref": "P237833.3.3",
"inst": "Zabdi-il[1]PN$",
"sig": "@saao/saa17%akk-x-neobab:{1}zab-di-DINGIR=Zabdi-il[1//1]PN'PN$Zabdi-il",
"f": {"lang": "akk-x-neobab",
"form": "{1}zab-di-DINGIR",
"cf": "Zabdi-il",
"gw": "1",
"sense": "1",
"norm": "Zabdi-il",
"pos": "PN",
"epos": "PN"}
}
,
{
"node": "d",
"type": "line-start",
"ref": "P237833.4",
"n": "3",
"label": "o 3"}
,
{
"node": "l",
"frag": "ša₂",
"id": "P237833.l024b8",
"ref": "P237833.4.1",
"inst": "ša[who]REL",
"sig": "@saao/saa17%akk-x-neobab:ša₂=ša[that//who]REL'REL$ša",
"f": {"lang": "akk-x-neobab",
"form": "ša₂",
"cf": "ša",
"gw": "that",
"sense": "who",
"norm": "ša",
"pos": "REL",
"epos": "REL"}
}
,
{
"node": "l",
"frag": "{uru}bir-ti",
"id": "P237833.l024b9",
"ref": "P237833.4.2",
"inst": "bīrti[fort]N",
"sig": "@saao/saa17%akk-x-neobab:{URU}bir-ti=birtu[fort//fort]N'N$bīrti",
"f": {"lang": "akk-x-neobab",
"form": "{URU}bir-ti",
"cf": "birtu",
"gw": "fort",
"sense": "fort",
"norm": "bīrti",
"pos": "N",
"epos": "N"}
}
,
{
"node": "l",
"frag": "ša₂",
"id": "P237833.l024ba",
"ref": "P237833.4.3",
"inst": "ša[of]DET",
"sig": "@saao/saa17%akk-x-neobab:ša₂=ša[of//of]DET'DET$ša",
"f": {"lang": "akk-x-neobab",
"form": "ša₂",
"cf": "ša",
"gw": "of",
"sense": "of",
"norm": "ša",
"pos": "DET",
"epos": "DET"}
}
,
{
"node": "l",
"frag": "{uru}šab-ha-a-ni",
"id": "P237833.l024bb",
"ref": "P237833.4.4",
"inst": "Šabhanu[1]GN$Šabhani",
"sig": "@saao/saa17%akk-x-neobab:{URU}šab-ha-a-ni=Šabhanu[1//1]GN'GN$Šabhani",
"f": {"lang": "akk-x-neobab",
"form": "{URU}šab-ha-a-ni",
"cf": "Šabhanu",
"gw": "1",
"sense": "1",
"norm": "Šabhani",
"pos": "GN",
"epos": "GN"}
}
,
{
"node": "d",
"type": "line-start",
"ref": "P237833.5",
"n": "4",
"label": "o 4"}
,
{
"node": "l",
"frag": "a-na",
"id": "P237833.l024bc",
"ref": "P237833.5.1",
"inst": "ana[for]PRP",
"sig": "@saao/saa17%akk-x-neobab:a-na=ana[to//for]PRP'PRP$ana",
"f": {"lang": "akk-x-neobab",
"form": "a-na",
"cf": "ana",
"gw": "to",
"sense": "for",
"norm": "ana",
"pos": "PRP",
"epos": "PRP"}
}
,
{
"node": "l",
"frag": "LUGAL",
"id": "P237833.l024bd",
"ref": "P237833.5.2",
"inst": "šarru[king]N$šarri",
"sig": "@saao/saa17%akk-x-neobab:LUGAL=šarru[king//king]N'N$šarri",
"f": {"lang": "akk-x-neobab",
"form": "LUGAL",
"cf": "šarru",
"gw": "king",
"sense": "king",
"norm": "šarri",
"pos": "N",
"epos": "N"}
}
,
{
"node": "l",
"frag": "be-li₂-šu₂-nu",
"id": "P237833.l024be",
"ref": "P237833.5.3",
"inst": "bēlišunu[lord]N",
"sig": "@saao/saa17%akk-x-neobab:be-li₂-šu₂-nu=bēlu[lord//lord]N'N$bēlišunu",
"f": {"lang": "akk-x-neobab",
"form": "be-li₂-šu₂-nu",
"cf": "bēlu",
"gw": "lord",
"sense": "lord",
"norm": "bēlišunu",
"pos": "N",
"epos": "N"}
}
,
{
"node": "l",
"frag": "i-na-aṣ-ṣa-ru",
"id": "P237833.l024bf",
"ref": "P237833.5.4",
"inst": "naṣāru[guard//keep guard]V$inaṣṣarū",
"sig": "@saao/saa17%akk-x-neobab:i-na-aṣ-ṣa-ru=naṣāru[guard//keep guard]V'V$inaṣṣarū",
"f": {"lang": "akk-x-neobab",
"form": "i-na-aṣ-ṣa-ru",
"cf": "naṣāru",
"gw": "guard",
"sense": "keep guard",
"norm": "inaṣṣarū",
"pos": "V",
"epos": "V"}
}
,
{
"node": "d",
"type": "line-start",
"ref": "P237833.6",
"n": "5",
"label": "o 5"}
,
{
"node": "l",
"frag": "šul-mu",
"id": "P237833.l024c0",
"ref": "P237833.6.1",
"inst": "šulmu[health]N",
"sig": "@saao/saa17%akk-x-neobab:šul-mu=šulmu[completeness//health]N'N$šulmu",
"f": {"lang": "akk-x-neobab",
"form": "šul-mu",
"cf": "šulmu",
"gw": "completeness",
"sense": "health",
"norm": "šulmu",
"pos": "N",
"epos": "N"}
}
,
{
"node": "l",
"frag": "a-na",
"id": "P237833.l024c1",
"ref": "P237833.6.2",
"inst": "ana[to]PRP",
"sig": "@saao/saa17%akk-x-neobab:a-na=ana[to//to]PRP'PRP$ana",
"f": {"lang": "akk-x-neobab",
"form": "a-na",
"cf": "ana",
"gw": "to",
"sense": "to",
"norm": "ana",
"pos": "PRP",
"epos": "PRP"}
}
,
{
"node": "l",
"frag": "{uru}bir-ti",
"id": "P237833.l024c2",
"ref": "P237833.6.3",
"inst": "bīrti[fort]N",
"sig": "@saao/saa17%akk-x-neobab:{URU}bir-ti=birtu[fort//fort]N'N$bīrti",
"f": {"lang": "akk-x-neobab",
"form": "{URU}bir-ti",
"cf": "birtu",
"gw": "fort",
"sense": "fort",
"norm": "bīrti",
"pos": "N",
"epos": "N"}
}
,
{
"node": "l",
"frag": "ša₂",
"id": "P237833.l024c3",
"ref": "P237833.6.4",
"inst": "ša[of]DET",
"sig": "@saao/saa17%akk-x-neobab:ša₂=ša[of//of]DET'DET$ša",
"f": {"lang": "akk-x-neobab",
"form": "ša₂",
"cf": "ša",
"gw": "of",
"sense": "of",
"norm": "ša",
"pos": "DET",
"epos": "DET"}
}
,
{
"node": "l",
"frag": "LUGAL",
"id": "P237833.l024c4",
"ref": "P237833.6.5",
"inst": "šarri[king]N",
"sig": "@saao/saa17%akk-x-neobab:LUGAL=šarru[king//king]N'N$šarri",
"f": {"lang": "akk-x-neobab",
"form": "LUGAL",
"cf": "šarru",
"gw": "king",
"sense": "king",
"norm": "šarri",
"pos": "N",
"epos": "N"}
}
,
{
"node": "d",
"type": "line-start",
"ref": "P237833.7",
"n": "6",
"label": "o 6"}
,
{
"node": "l",
"frag": "lu-u₂",
"id": "P237833.l024c5",
"ref": "P237833.7.1",
"inst": "lū[may]MOD",
"sig": "@saao/saa17%akk-x-neobab:lu-u₂=lū[may//may]MOD'MOD$lū",
"f": {"lang": "akk-x-neobab",
"form": "lu-u₂",
"cf": "lū",
"gw": "may",
"sense": "may",
"norm": "lū",
"pos": "MOD",
"epos": "MOD"}
}
,
{
"node": "l",
"frag": "šul-mu",
"id": "P237833.l024c6",
"ref": "P237833.7.2",
"inst": "šulmu[health]N",
"sig": "@saao/saa17%akk-x-neobab:šul-mu=šulmu[completeness//health]N'N$šulmu",
"f": {"lang": "akk-x-neobab",
"form": "šul-mu",
"cf": "šulmu",
"gw": "completeness",
"sense": "health",
"norm": "šulmu",
"pos": "N",
"epos": "N"}
}
,
{
"node": "l",
"frag": "a-na",
"id": "P237833.l024c7",
"ref": "P237833.7.3",
"inst": "ana[to]PRP",
"sig": "@saao/saa17%akk-x-neobab:a-na=ana[to//to]PRP'PRP$ana",
"f": {"lang": "akk-x-neobab",
"form": "a-na",
"cf": "ana",
"gw": "to",
"sense": "to",
"norm": "ana",
"pos": "PRP",
"epos": "PRP"}
}
,
{
"node": "l",
"frag": "LUGAL",
"id": "P237833.l024c8",
"ref": "P237833.7.4",
"inst": "šarri[king]N",
"sig": "@saao/saa17%akk-x-neobab:LUGAL=šarru[king//king]N'N$šarri",
"f": {"lang": "akk-x-neobab",
"form": "LUGAL",
"cf": "šarru",
"gw": "king",
"sense": "king",
"norm": "šarri",
"pos": "N",
"epos": "N"}
}
,
{
"node": "l",
"frag": "be-li₂-i-ni",
"id": "P237833.l024c9",
"ref": "P237833.7.5",
"inst": "bēlīni[lord]N",
"sig": "@saao/saa17%akk-x-neobab:be-li₂-i-ni=bēlu[lord//lord]N'N$bēlīni",
"f": {"lang": "akk-x-neobab",
"form": "be-li₂-i-ni",
"cf": "bēlu",
"gw": "lord",
"sense": "lord",
"norm": "bēlīni",
"pos": "N",
"epos": "N"}
}
,
{
"node": "d",
"type": "line-start",
"ref": "P237833.8",
"n": "7",
"label": "o 7"}
,
{
"node": "l",
"frag": "ši-pir-ti",
"id": "P237833.l024ca",
"ref": "P237833.8.1",
"inst": "šipirtu[message//letter]N$šipirti",
"sig": "@saao/saa17%akk-x-neobab:ši-pir-ti=šipirtu[message//letter]N'N$šipirti",
"f": {"lang": "akk-x-neobab",
"form": "ši-pir-ti",
"cf": "šipirtu",
"gw": "message",
"sense": "letter",
"norm": "šipirti",
"pos": "N",
"epos": "N"}
}
,
{
"node": "l",
"frag": "ša₂",
"id": "P237833.l024cb",
"ref": "P237833.8.2",
"inst": "ša[which]REL",
"sig": "@saao/saa17%akk-x-neobab:ša₂=ša[that//which]REL'REL$ša",
"f": {"lang": "akk-x-neobab",
"form": "ša₂",
"cf": "ša",
"gw": "that",
"sense": "which",
"norm": "ša",
"pos": "REL",
"epos": "REL"}
}
,
{
"node": "l",
"frag": "{1}{d}AG-tak-lak",
"id": "P237833.l024cc",
"ref": "P237833.8.3",
"inst": "Nabu-taklak[1]PN$",
"sig": "@saao/saa17%akk-x-neobab:{1}{d}AG-tak-lak=Nabu-taklak[1//1]PN'PN$Nabu-taklak",
"f": {"lang": "akk-x-neobab",
"form": "{1}{d}AG-tak-lak",
"cf": "Nabu-taklak",
"gw": "1",
"sense": "1",
"norm": "Nabu-taklak",
"pos": "PN",
"epos": "PN"}
}
,
{
"node": "d",
"type": "line-start",
"ref": "P237833.9",
"n": "8",
"label": "o 8"}
,
{
"node": "l",
"frag": "a-na",
"id": "P237833.l024cd",
"ref": "P237833.9.1",
"inst": "ana[to]PRP",
"sig": "@saao/saa17%akk-x-neobab:a-na=ana[to//to]PRP'PRP$ana",
"f": {"lang": "akk-x-neobab",
"form": "a-na",
"cf": "ana",
"gw": "to",
"sense": "to",
"norm": "ana",
"pos": "PRP",
"epos": "PRP"}
}
,
{
"node": "l",
"frag": "LUGAL",
"id": "P237833.l024ce",
"ref": "P237833.9.2",
"inst": "šarri[king]N",
"sig": "@saao/saa17%akk-x-neobab:LUGAL=šarru[king//king]N'N$šarri",
"f": {"lang": "akk-x-neobab",
"form": "LUGAL",
"cf": "šarru",
"gw": "king",
"sense": "king",
"norm": "šarri",
"pos": "N",
"epos": "N"}
}
,
{
"node": "l",
"frag": "u₂-šeb-bi-la",
"id": "P237833.l024cf",
"ref": "P237833.9.3",
"inst": "wabālu[bring//send]V$ušebbila",
"sig": "@saao/saa17%akk-x-neobab:u₂-šeb-bi-la=wabālu[bring//send]V'V$ušebbila",
"f": {"lang": "akk-x-neobab",
"form": "u₂-šeb-bi-la",
"cf": "wabālu",
"gw": "bring",
"sense": "send",
"norm": "ušebbila",
"pos": "V",
"epos": "V"}
}
,
{
"node": "d",
"type": "line-start",
"ref": "P237833.10",
"n": "9",
"label": "o 9"}
,
{
"node": "l",
"frag": "ul",
"id": "P237833.l024d0",
"ref": "P237833.10.1",
"inst": "ul[not]MOD$",
"sig": "@saao/saa17%akk-x-neobab:ul=ul[not//not]MOD'MOD$ul",
"f": {"lang": "akk-x-neobab",
"form": "ul",
"cf": "ul",
"gw": "not",
"sense": "not",
"norm": "ul",
"pos": "MOD",
"epos": "MOD"}
}
,
{
"node": "l",
"frag": "{1}{d}AG-tak-lak",
"id": "P237833.l024d1",
"ref": "P237833.10.2",
"inst": "Nabu-taklak[1]PN",
"sig": "@saao/saa17%akk-x-neobab:{1}{d}AG-tak-lak=Nabu-taklak[1//1]PN'PN$Nabu-taklak",
"f": {"lang": "akk-x-neobab",
"form": "{1}{d}AG-tak-lak",
"cf": "Nabu-taklak",
"gw": "1",
"sense": "1",
"norm": "Nabu-taklak",
"pos": "PN",
"epos": "PN"}
}
,
{
"node": "l",
"frag": "ki-i",
"id": "P237833.l024d2",
"ref": "P237833.10.3",
"inst": "kî[that]'SBJ",
"sig": "@saao/saa17%akk-x-neobab:ki-i=kī[like//that]PRP'SBJ$kî",
"f": {"lang": "akk-x-neobab",
"form": "ki-i",
"cf": "kī",
"gw": "like",
"sense": "that",
"norm": "kî",
"pos": "PRP",
"epos": "SBJ"}
}
,
{
"node": "l",
"frag": "i-šaṭ-ṭa-ru-ši",
"id": "P237833.l024d3",
"ref": "P237833.10.4",
"inst": "šaṭāru[write]V$išaṭṭarūši",
"sig": "@saao/saa17%akk-x-neobab:i-šaṭ-ṭa-ru-ši=šaṭāru[write//write]V'V$išaṭṭarūši",
"f": {"lang": "akk-x-neobab",
"form": "i-šaṭ-ṭa-ru-ši",
"cf": "šaṭāru",
"gw": "write",
"sense": "write",
"norm": "išaṭṭarūši",
"pos": "V",
"epos": "V"}
}
,
{
"node": "d",
"type": "line-start",
"ref": "P237833.11",
"n": "10",
"label": "o 10"}
,
{
"node": "l",
"frag": "{lu₂}qi₂-pa-ni-šu₂",
"id": "P237833.l024d4",
"ref": "P237833.11.1",
"inst": "qīpu[representative//(royal) delegate]N$qīpānīšu",
"sig": "@saao/saa17%akk-x-neobab:{LU₂}qi₂-pa-ni-šu₂=qīpu[representative//(royal) delegate]N'N$qīpānīšu",
"f": {"lang": "akk-x-neobab",
"form": "{LU₂}qi₂-pa-ni-šu₂",
"cf": "qīpu",
"gw": "representative",
"sense": "(royal) delegate",
"norm": "qīpānīšu",
"pos": "N",
"epos": "N"}
}
,
{
"node": "l",
"frag": "i-šaṭ-ṭa-ru-ši",
"id": "P237833.l024d5",
"ref": "P237833.11.2",
"inst": "išaṭṭarūši[write]V",
"sig": "@saao/saa17%akk-x-neobab:i-šaṭ-ṭa-ru-ši=šaṭāru[write//write]V'V$išaṭṭarūši",
"f": {"lang": "akk-x-neobab",
"form": "i-šaṭ-ṭa-ru-ši",
"cf": "šaṭāru",
"gw": "write",
"sense": "write",
"norm": "išaṭṭarūši",
"pos": "V",
"epos": "V"}
}
,
{
"node": "d",
"type": "line-start",
"ref": "P237833.12",
"n": "11",
"label": "o 11"}
,
{
"node": "l",
"frag": "u₃",
"id": "P237833.l024d6",
"ref": "P237833.12.1",
"inst": "u[and]CNJ",
"sig": "@saao/saa17%akk-x-neobab:u₃=u[and//and]CNJ'CNJ$u",
"f": {"lang": "akk-x-neobab",
"form": "u₃",
"cf": "u",
"gw": "and",
"sense": "and",
"norm": "u",
"pos": "CNJ",
"epos": "CNJ"}
}
,
{
"node": "l",
"frag": "ša₂",
"id": "P237833.l024d7",
"ref": "P237833.12.2",
"inst": "ša[what]REL",
"sig": "@saao/saa17%akk-x-neobab:ša₂=ša[that//what]REL'REL$ša",
"f": {"lang": "akk-x-neobab",
"form": "ša₂",
"cf": "ša",
"gw": "that",
"sense": "what",
"norm": "ša",
"pos": "REL",
"epos": "REL"}
}
,
{
"node": "l",
"frag": "a-na",
"id": "P237833.l024d8",
"ref": "P237833.12.3",
"inst": "ana[to]PRP",
"sig": "@saao/saa17%akk-x-neobab:a-na=ana[to//to]PRP'PRP$ana",
"f": {"lang": "akk-x-neobab",
"form": "a-na",
"cf": "ana",
"gw": "to",
"sense": "to",
"norm": "ana",
"pos": "PRP",
"epos": "PRP"}
}
,
{
"node": "l",
"frag": "LUGAL",
"id": "P237833.l024d9",
"ref": "P237833.12.4",
"inst": "šarri[king]N",
"sig": "@saao/saa17%akk-x-neobab:LUGAL=šarru[king//king]N'N$šarri",
"f": {"lang": "akk-x-neobab",
"form": "LUGAL",
"cf": "šarru",
"gw": "king",
"sense": "king",
"norm": "šarri",
"pos": "N",
"epos": "N"}
}
,
{
"node": "l",
"frag": "i-šap-pa-ru-u₂-ni",
"id": "P237833.l024da",
"ref": "P237833.12.5",
"inst": "šapāru[send//write]V$išapparūni",
"sig": "@saao/saa17%akk-x-neobab:i-šap-pa-ru-u₂-ni=šapāru[send//write]V'V$išapparūni",
"f": {"lang": "akk-x-neobab",
"form": "i-šap-pa-ru-u₂-ni",
"cf": "šapāru",
"gw": "send",
"sense": "write",
"norm": "išapparūni",
"pos": "V",
"epos": "V"}
}
,
{
"node": "d",
"type": "line-start",
"ref": "P237833.13",
"n": "12",
"label": "o 12"}
,
{
"node": "l",
"frag": "um-ma",
"id": "P237833.l024db",
"ref": "P237833.13.1",
"inst": "umma[saying]PRP",
"sig": "@saao/saa17%akk-x-neobab:um-ma=umma[saying//saying]PRP'PRP$umma",
"f": {"lang": "akk-x-neobab",
"form": "um-ma",
"cf": "umma",
"gw": "saying",
"sense": "saying",
"norm": "umma",
"pos": "PRP",
"epos": "PRP"}
}
,
{
"node": "l",
"frag": "{lu₂}šak-nu",
"id": "P237833.l024dc",
"ref": "P237833.13.2",
"inst": "šaknu[prefect]N",
"sig": "@saao/saa17%akk-x-neobab:{LU₂}šak-nu=šaknu[appointee//prefect]N'N$šaknu",
"f": {"lang": "akk-x-neobab",
"form": "{LU₂}šak-nu",
"cf": "šaknu",
"gw": "appointee",
"sense": "prefect",
"norm": "šaknu",
"pos": "N",
"epos": "N"}
}
,
{
"node": "l",
"frag": "{uru}E₂-{1}da-kur",
"id": "P237833.l024dd",
"ref": "P237833.13.3",
"inst": "Bit-Dakkuri[1]GN$Bit-Dakkur",
"sig": "@saao/saa17%akk-x-neobab:{URU}E₂-{1}da-kur=Bit-Dakkuri[1//1]GN'GN$Bit-Dakkur",
"f": {"lang": "akk-x-neobab",
"form": "{URU}E₂-{1}da-kur",
"cf": "Bit-Dakkuri",
"gw": "1",
"sense": "1",
"norm": "Bit-Dakkur",
"pos": "GN",
"epos": "GN"}
}
,
{
"node": "d",
"type": "line-start",
"ref": "P237833.14",
"n": "13",
"label": "o 13"}
,
{
"node": "l",
"frag": "šu-u₂-ṣi",
"id": "P237833.l024de",
"ref": "P237833.14.1",
"inst": "aṣû[go out//bring out]V$šūṣi",
"sig": "@saao/saa17%akk-x-neobab:šu-u₂-ṣi=aṣû[go out//bring out]V'V$šūṣi",
"f": {"lang": "akk-x-neobab",
"form": "šu-u₂-ṣi",
"cf": "aṣû",
"gw": "go out",
"sense": "bring out",
"norm": "šūṣi",
"pos": "V",
"epos": "V"}
}
,
{
"node": "l",
"frag": "LUGAL",
"id": "P237833.l024df",
"ref": "P237833.14.2",
"inst": "šarru[king]N",
"sig": "@saao/saa17%akk-x-neobab:LUGAL=šarru[king//king]N'N$šarru",
"f": {"lang": "akk-x-neobab",
"form": "LUGAL",
"cf": "šarru",
"gw": "king",
"sense": "king",
"norm": "šarru",
"pos": "N",
"epos": "N"}
}
,
{
"node": "l",
"frag": "liš-pur-aš₂-šu₂-nu-⸢ti⸣",
"id": "P237833.l024e0",
"ref": "P237833.14.3",
"inst": "šapāru[send//write]V$lišpuraššunūti",
"sig": "@saao/saa17%akk-x-neobab:liš-pur-aš₂-šu₂-nu-ti=šapāru[send//write]V'V$lišpuraššunūti",
"f": {"lang": "akk-x-neobab",
"form": "liš-pur-aš₂-šu₂-nu-ti",
"cf": "šapāru",
"gw": "send",
"sense": "write",
"norm": "lišpuraššunūti",
"pos": "V",
"epos": "V"}
}
,
{
"node": "d",
"type": "line-start",
"ref": "P237833.15",
"n": "14",
"label": "o 14"}
,
{
"node": "l",
"frag": "um-ma",
"id": "P237833.l024e1",
"ref": "P237833.15.1",
"inst": "umma[saying]PRP",
"sig": "@saao/saa17%akk-x-neobab:um-ma=umma[saying//saying]PRP'PRP$umma",
"f": {"lang": "akk-x-neobab",
"form": "um-ma",
"cf": "umma",
"gw": "saying",
"sense": "saying",
"norm": "umma",
"pos": "PRP",
"epos": "PRP"}
}
,
{
"node": "l",
"frag": "⸢mi-nu⸣-u₂",
"id": "P237833.l024e2",
"ref": "P237833.15.2",
"inst": "mīnu[what?]QP$minû",
"sig": "@saao/saa17%akk-x-neobab:mi-nu-u₂=mīnu[what?//what?]QP'QP$minû",
"f": {"lang": "akk-x-neobab",
"form": "mi-nu-u₂",
"cf": "mīnu",
"gw": "what?",
"sense": "what?",
"norm": "minû",
"pos": "QP",
"epos": "QP"}
}
,
{
"node": "l",
"frag": "ha-ba-lu",
"id": "P237833.l024e3",
"ref": "P237833.15.3",
"inst": "habālu[do wrong//injustice]V'N$",
"sig": "@saao/saa17%akk-x-neobab:ha-ba-lu=habālu[do wrong//injustice]V'N$habālu",
"f": {"lang": "akk-x-neobab",
"form": "ha-ba-lu",
"cf": "habālu",
"gw": "do wrong",
"sense": "injustice",
"norm": "habālu",
"pos": "V",
"epos": "N"}
}
,
{
"node": "d",
"type": "line-start",
"ref": "P237833.16",
"n": "15",
"label": "o 15"}
,
{
"node": "l",
"frag": "⸢ta⸣-šaṭ-ṭa-[ra",
"id": "P237833.l024e4",
"ref": "P237833.16.1",
"inst": "šaṭāru[write]V$tašaṭṭarā",
"sig": "@saao/saa17%akk-x-neobab:ta-šaṭ-ṭa-ra=šaṭāru[write//write]V'V$tašaṭṭarā",
"f": {"lang": "akk-x-neobab",
"form": "ta-šaṭ-ṭa-ra",
"cf": "šaṭāru",
"gw": "write",
"sense": "write",
"norm": "tašaṭṭarā",
"pos": "V",
"epos": "V"}
}
,
{
"node": "l",
"frag": "ki-i",
"id": "P237833.l024e5",
"ref": "P237833.16.2",
"inst": "kî[if]'MOD",
"sig": "@saao/saa17%akk-x-neobab:ki-i=kī[like//if]PRP'MOD$kî",
"f": {"lang": "akk-x-neobab",
"form": "ki-i",
"cf": "kī",
"gw": "like",
"sense": "if",
"norm": "kî",
"pos": "PRP",
"epos": "MOD"}
}
,
{
"node": "l",
"frag": "i]-⸢hab⸣-bi-lu-ku-nu-[ši]",
"id": "P237833.l024e6",
"ref": "P237833.16.3",
"inst": "habālu[do wrong]V$ihabbilukunūši",
"sig": "@saao/saa17%akk-x-neobab:i-hab-bi-lu-ku-nu-ši=habālu[do wrong//do wrong]V'V$ihabbilukunūši",
"f": {"lang": "akk-x-neobab",
"form": "i-hab-bi-lu-ku-nu-ši",
"cf": "habālu",
"gw": "do wrong",
"sense": "do wrong",
"norm": "ihabbilukunūši",
"pos": "V",
"epos": "V"}
}
,
{
"node": "d",
"type": "line-start",
"ref": "P237833.17",
"n": "16",
"label": "o 16"}
,
{
"node": "l",
"frag": "[x",
"id": "P237833.l024e7",
"ref": "P237833.17.1",
"inst": "u",
"f": {"lang": "akk-x-neobab",
"form": "x",
"pos": "u"}
}
,
{
"node": "l",
"frag": "x",
"id": "P237833.l024e8",
"ref": "P237833.17.2",
"inst": "u",
"f": {"lang": "akk-x-neobab",
"form": "x",
"pos": "u"}
}
,
{
"node": "l",
"frag": "x",
"id": "P237833.l024e9",
"ref": "P237833.17.3",
"inst": "u",
"f": {"lang": "akk-x-neobab",
"form": "x",
"pos": "u"}
}
,
{
"node": "l",
"frag": "x",
"id": "P237833.l024ea",
"ref": "P237833.17.4",
"inst": "u",
"f": {"lang": "akk-x-neobab",
"form": "x",
"pos": "u"}
}
,
{
"node": "l",
"frag": "x",
"id": "P237833.l024eb",
"ref": "P237833.17.5",
"inst": "u",
"f": {"lang": "akk-x-neobab",
"form": "x",
"pos": "u"}
}
,
{
"node": "l",
"frag": "x",
"id": "P237833.l024ec",
"ref": "P237833.17.6",
"inst": "u",
"f": {"lang": "akk-x-neobab",
"form": "x",
"pos": "u"}
}
,
{
"node": "l",
"frag": "x",
"id": "P237833.l024ed",
"ref": "P237833.17.7",
"inst": "u",
"f": {"lang": "akk-x-neobab",
"form": "x",
"pos": "u"}
}
,
{
"node": "l",
"frag": "x",
"id": "P237833.l024ee",
"ref": "P237833.17.8",
"inst": "u",
"f": {"lang": "akk-x-neobab",
"form": "x",
"pos": "u"}
}
,
{
"node": "l",
"frag": "šu]-bi-la",
"id": "P237833.l024ef",
"ref": "P237833.17.9",
"inst": "wabālu[bring//send]V$šūbila",
"sig": "@saao/saa17%akk-x-neobab:šu-bi-la=wabālu[bring//send]V'V$šūbila",
"f": {"lang": "akk-x-neobab",
"form": "šu-bi-la",
"cf": "wabālu",
"gw": "bring",
"sense": "send",
"norm": "šūbila",
"pos": "V",
"epos": "V"}
}
,
{
"node": "d",
"type": "nonx",
"ref": "P237833.18",
"strict": "0",
"extent": "rest",
"state": "missing"}
,
{
"node": "d",
"subtype": "reverse",
"type": "surface",
"ref": "P237833.r.19",
"type": "reverse",
"label": "r"}
,
{
"node": "d",
"type": "nonx",
"ref": "P237833.20",
"strict": "0",
"extent": "beginning",
"state": "missing"}
,
{
"node": "d",
"type": "line-start",
"ref": "P237833.21",
"n": "1'",
"label": "r 1'"}
,
{
"node": "l",
"frag": "[x",
"id": "P237833.l024f0",
"ref": "P237833.21.1",
"inst": "u",
"f": {"lang": "akk-x-neobab",
"form": "x",
"pos": "u"}
}
,
{
"node": "l",
"frag": "x]",
"id": "P237833.l024f1",
"ref": "P237833.21.2",
"inst": "u",
"f": {"lang": "akk-x-neobab",
"form": "x",
"pos": "u"}
}
,
{
"node": "l",
"frag": "⸢il⸣-la-ku",
"id": "P237833.l024f2",
"ref": "P237833.21.3",
"inst": "illakū[go]V",
"sig": "@saao/saa17%akk-x-neobab:il-la-ku=alāku[go//go]V'V$illakū",
"f": {"lang": "akk-x-neobab",
"form": "il-la-ku",
"cf": "alāku",
"gw": "go",
"sense": "go",
"norm": "illakū",
"pos": "V",
"epos": "V"}
}
,
{
"node": "l",
"frag": "[x",
"id": "P237833.l024f3",
"ref": "P237833.21.4",
"inst": "u",
"f": {"lang": "akk-x-neobab",
"form": "x",
"pos": "u"}
}
,
{
"node": "l",
"frag": "x",
"id": "P237833.l024f4",
"ref": "P237833.21.5",
"inst": "u",
"f": {"lang": "akk-x-neobab",
"form": "x",
"pos": "u"}
}
,
{
"node": "l",
"frag": "x",
"id": "P237833.l024f5",
"ref": "P237833.21.6",
"inst": "u",
"f": {"lang": "akk-x-neobab",
"form": "x",
"pos": "u"}
}
,
{
"node": "l",
"frag": "x",
"id": "P237833.l024f6",
"ref": "P237833.21.7",
"inst": "u",
"f": {"lang": "akk-x-neobab",
"form": "x",
"pos": "u"}
}
,
{
"node": "l",
"frag": "x",
"id": "P237833.l024f7",
"ref": "P237833.21.8",
"inst": "u",
"f": {"lang": "akk-x-neobab",
"form": "x",
"pos": "u"}
}
,
{
"node": "l",
"frag": "x]",
"id": "P237833.l024f8",
"ref": "P237833.21.9",
"inst": "u",
"f": {"lang": "akk-x-neobab",
"form": "x",
"pos": "u"}
}
,
{
"node": "d",
"type": "line-start",
"ref": "P237833.22",
"n": "2'",
"label": "r 2'"}
,
{
"node": "l",
"frag": "[a-na]",
"id": "P237833.l024f9",
"ref": "P237833.22.1",
"inst": "ana[to+=against]PRP$",
"sig": "@saao/saa17%akk-x-neobab:a-na=ana[to//to]PRP'PRP$ana",
"f": {"lang": "akk-x-neobab",
"form": "a-na",
"cf": "ana",
"gw": "to",
"sense": "to",
"norm": "ana",
"pos": "PRP",
"epos": "PRP"}
}
,
{
"node": "l",
"frag": "⸢UGU⸣-hi-šu₂-nu",
"id": "P237833.l024fa",
"ref": "P237833.22.2",
"inst": "muhhu[skull]N$muhhišunu",
"sig": "@saao/saa17%akk-x-neobab:UGU-hi-šu₂-nu=muhhu[skull//skull]N'N$muhhišunu",
"f": {"lang": "akk-x-neobab",
"form": "UGU-hi-šu₂-nu",
"cf": "muhhu",
"gw": "skull",
"sense": "skull",
"norm": "muhhišunu",
"pos": "N",
"epos": "N"}
}
,
{
"node": "l",
"frag": "[x",
"id": "P237833.l024fb",
"ref": "P237833.22.3",
"inst": "u",
"f": {"lang": "akk-x-neobab",
"form": "x",
"pos": "u"}
}
,
{
"node": "l",
"frag": "x",
"id": "P237833.l024fc",
"ref": "P237833.22.4",
"inst": "u",
"f": {"lang": "akk-x-neobab",
"form": "x",
"pos": "u"}
}
,
{
"node": "l",
"frag": "x",
"id": "P237833.l024fd",
"ref": "P237833.22.5",
"inst": "u",
"f": {"lang": "akk-x-neobab",
"form": "x",
"pos": "u"}
}
,
{
"node": "l",
"frag": "x]",
"id": "P237833.l024fe",
"ref": "P237833.22.6",
"inst": "u",
"f": {"lang": "akk-x-neobab",
"form": "x",
"pos": "u"}
}
,
{
"node": "d",
"type": "line-start",
"ref": "P237833.23",
"n": "3'",
"label": "r 3'"}
,
{
"node": "l",
"frag": "[x",
"id": "P237833.l024ff",
"ref": "P237833.23.1",
"inst": "u",
"f": {"lang": "akk-x-neobab",
"form": "x",
"pos": "u"}
}
,
{
"node": "l",
"frag": "ina]",
"id": "P237833.l02500",
"ref": "P237833.23.2",
"inst": "ina[in+=on account of]PRP$",
"sig": "@saao/saa17%akk-x-neobab:ina=ina[in//in]PRP'PRP$ina",
"f": {"lang": "akk-x-neobab",
"form": "ina",
"cf": "ina",
"gw": "in",
"sense": "in",
"norm": "ina",
"pos": "PRP",
"epos": "PRP"}
}
,
{
"node": "l",
"frag": "⸢UGU⸣-hi",
"id": "P237833.l02501",
"ref": "P237833.23.3",
"inst": "muhhu[skull]N$muhhi",
"sig": "@saao/saa17%akk-x-neobab:UGU-hi=muhhu[skull//skull]N'N$muhhi",
"f": {"lang": "akk-x-neobab",
"form": "UGU-hi",
"cf": "muhhu",
"gw": "skull",
"sense": "skull",
"norm": "muhhi",
"pos": "N",
"epos": "N"}
}
,
{
"node": "l",
"frag": "a-na",
"id": "P237833.l02502",
"ref": "P237833.23.4",
"inst": "ana[to]PRP",
"sig": "@saao/saa17%akk-x-neobab:a-na=ana[to//to]PRP'PRP$ana",
"f": {"lang": "akk-x-neobab",
"form": "a-na",
"cf": "ana",
"gw": "to",
"sense": "to",
"norm": "ana",
"pos": "PRP",
"epos": "PRP"}
}
,
{
"node": "l",
"frag": "[x",
"id": "P237833.l02503",
"ref": "P237833.23.5",
"inst": "u",
"f": {"lang": "akk-x-neobab",
"form": "x",
"pos": "u"}
}
,
{
"node": "l",
"frag": "x",
"id": "P237833.l02504",
"ref": "P237833.23.6",
"inst": "u",
"f": {"lang": "akk-x-neobab",
"form": "x",
"pos": "u"}
}
,
{
"node": "l",
"frag": "x",
"id": "P237833.l02505",
"ref": "P237833.23.7",
"inst": "u",
"f": {"lang": "akk-x-neobab",
"form": "x",
"pos": "u"}
}
,
{
"node": "l",
"frag": "x]",
"id": "P237833.l02506",
"ref": "P237833.23.8",
"inst": "u",
"f": {"lang": "akk-x-neobab",
"form": "x",
"pos": "u"}
}
,
{
"node": "d",
"type": "line-start",
"ref": "P237833.24",
"n": "4'",
"label": "r 4'"}
,
{
"node": "l",
"frag": "[i]-⸢šap⸣-pa-ru-ni",
"id": "P237833.l02507",
"ref": "P237833.24.1",
"inst": "išapparūni[write]V",
"sig": "@saao/saa17%akk-x-neobab:i-šap-pa-ru-ni=šapāru[send//write]V'V$išapparūni",
"f": {"lang": "akk-x-neobab",
"form": "i-šap-pa-ru-ni",
"cf": "šapāru",
"gw": "send",
"sense": "write",
"norm": "išapparūni",
"pos": "V",
"epos": "V"}
}
,
{
"node": "l",
"frag": "um-⸢ma⸣",
"id": "P237833.l02508",
"ref": "P237833.24.2",
"inst": "umma[saying]PRP",
"sig": "@saao/saa17%akk-x-neobab:um-ma=umma[saying//saying]PRP'PRP$umma",
"f": {"lang": "akk-x-neobab",
"form": "um-ma",
"cf": "umma",
"gw": "saying",
"sense": "saying",
"norm": "umma",
"pos": "PRP",
"epos": "PRP"}
}
,
{
"node": "l",
"frag": "[x",
"id": "P237833.l02509",
"ref": "P237833.24.3",
"inst": "u",
"f": {"lang": "akk-x-neobab",
"form": "x",
"pos": "u"}
}
,
{
"node": "l",
"frag": "x",
"id": "P237833.l0250a",
"ref": "P237833.24.4",
"inst": "u",
"f": {"lang": "akk-x-neobab",
"form": "x",
"pos": "u"}
}
,
{
"node": "l",
"frag": "x]",
"id": "P237833.l0250b",
"ref": "P237833.24.5",
"inst": "u",
"f": {"lang": "akk-x-neobab",
"form": "x",
"pos": "u"}
}
,
{
"node": "d",
"type": "line-start",
"ref": "P237833.25",
"n": "5'",
"label": "r 5'"}
,
{
"node": "l",
"frag": "[x",
"id": "P237833.l0250c",
"ref": "P237833.25.1",
"inst": "u",
"f": {"lang": "akk-x-neobab",
"form": "x",
"pos": "u"}
}
,
{
"node": "l",
"frag": "x]",
"id": "P237833.l0250d",
"ref": "P237833.25.2",
"inst": "u",
"f": {"lang": "akk-x-neobab",
"form": "x",
"pos": "u"}
}
,
{
"node": "l",
"frag": "⸢um⸣-ma",
"id": "P237833.l0250e",
"ref": "P237833.25.3",
"inst": "umma[saying]PRP",
"sig": "@saao/saa17%akk-x-neobab:um-ma=umma[saying//saying]PRP'PRP$umma",
"f": {"lang": "akk-x-neobab",
"form": "um-ma",
"cf": "umma",
"gw": "saying",
"sense": "saying",
"norm": "umma",
"pos": "PRP",
"epos": "PRP"}
}
,
{
"node": "l",
"frag": "ni-i-[nu",
"id": "P237833.l0250f",
"ref": "P237833.25.4",
"inst": "anīnu[we]IP$nīnu",
"sig": "@saao/saa17%akk-x-neobab:ni-i-nu=anīnu[we//we]IP'IP$nīnu",
"f": {"lang": "akk-x-neobab",
"form": "ni-i-nu",
"cf": "anīnu",
"gw": "we",
"sense": "we",
"norm": "nīnu",
"pos": "IP",
"epos": "IP"}
}
,
{
"node": "l",
"frag": "x",
"id": "P237833.l02510",
"ref": "P237833.25.5",
"inst": "u",
"f": {"lang": "akk-x-neobab",
"form": "x",
"pos": "u"}
}
,
{
"node": "l",
"frag": "x",
"id": "P237833.l02511",
"ref": "P237833.25.6",
"inst": "u",
"f": {"lang": "akk-x-neobab",
"form": "x",
"pos": "u"}
}
,
{
"node": "l",
"frag": "x]",
"id": "P237833.l02512",
"ref": "P237833.25.7",
"inst": "u",
"f": {"lang": "akk-x-neobab",
"form": "x",
"pos": "u"}
}
,
{
"node": "d",
"type": "line-start",
"ref": "P237833.26",
"n": "6'",
"label": "r 6'"}
,
{
"node": "l",
"frag": "i-⸢na⸣",
"id": "P237833.l02513",
"ref": "P237833.26.1",
"inst": "ina[in]PRP",
"sig": "@saao/saa17%akk-x-neobab:i-na=ina[in//in]PRP'PRP$ina",
"f": {"lang": "akk-x-neobab",
"form": "i-na",
"cf": "ina",
"gw": "in",
"sense": "in",
"norm": "ina",
"pos": "PRP",
"epos": "PRP"}
}
,
{
"node": "l",
"frag": "E₂",
"id": "P237833.l02514",
"ref": "P237833.26.2",
"inst": "bītu[house]N$bīti",
"sig": "@saao/saa17%akk-x-neobab:E₂=bītu[house//house]N'N$bīti",
"f": {"lang": "akk-x-neobab",
"form": "E₂",
"cf": "bītu",
"gw": "house",
"sense": "house",
"norm": "bīti",
"pos": "N",
"epos": "N"}
}
,
{
"node": "l",
"frag": "ša₂",
"id": "P237833.l02515",
"ref": "P237833.26.3",
"inst": "ša[of]DET",
"sig": "@saao/saa17%akk-x-neobab:ša₂=ša[of//of]DET'DET$ša",
"f": {"lang": "akk-x-neobab",
"form": "ša₂",
"cf": "ša",
"gw": "of",
"sense": "of",
"norm": "ša",
"pos": "DET",
"epos": "DET"}
}
,
{
"node": "l",
"frag": "LUGAL",
"id": "P237833.l02516",
"ref": "P237833.26.4",
"inst": "šarri[king]N",
"sig": "@saao/saa17%akk-x-neobab:LUGAL=šarru[king//king]N'N$šarri",
"f": {"lang": "akk-x-neobab",
"form": "LUGAL",
"cf": "šarru",
"gw": "king",
"sense": "king",
"norm": "šarri",
"pos": "N",
"epos": "N"}
}
,
{
"node": "l",
"frag": "ni-ip-pi-[ir-šu₂-nu-ti]",
"id": "P237833.l02517",
"ref": "P237833.26.5",
"inst": "epēru[feed//nourish]V$nippiršunūti",
"sig": "@saao/saa17%akk-x-neobab:ni-ip-pi-ir-šu₂-nu-ti=epēru[feed//nourish]V'V$nippiršunūti",
"f": {"lang": "akk-x-neobab",
"form": "ni-ip-pi-ir-šu₂-nu-ti",
"cf": "epēru",
"gw": "feed",
"sense": "nourish",
"norm": "nippiršunūti",
"pos": "V",
"epos": "V"}
}
,
{
"node": "d",
"type": "line-start",
"ref": "P237833.27",
"n": "7'",
"label": "r 7'"}
,
{
"node": "l",
"frag": "LUGAL",
"id": "P237833.l02518",
"ref": "P237833.27.1",
"inst": "šarru[king]N",
"sig": "@saao/saa17%akk-x-neobab:LUGAL=šarru[king//king]N'N$šarru",
"f": {"lang": "akk-x-neobab",
"form": "LUGAL",
"cf": "šarru",
"gw": "king",
"sense": "king",
"norm": "šarru",
"pos": "N",
"epos": "N"}
}
,
{
"node": "l",
"frag": "a-na",
"id": "P237833.l02519",
"ref": "P237833.27.2",
"inst": "ana[to]PRP",
"sig": "@saao/saa17%akk-x-neobab:a-na=ana[to//to]PRP'PRP$ana",
"f": {"lang": "akk-x-neobab",
"form": "a-na",
"cf": "ana",
"gw": "to",
"sense": "to",
"norm": "ana",
"pos": "PRP",
"epos": "PRP"}
}
,
{
"node": "l",
"frag": "{lu₂}šak-ni",
"id": "P237833.l0251a",
"ref": "P237833.27.3",
"inst": "šakni[prefect]N",
"sig": "@saao/saa17%akk-x-neobab:{LU₂}šak-ni=šaknu[appointee//prefect]N'N$šakni",
"f": {"lang": "akk-x-neobab",
"form": "{LU₂}šak-ni",
"cf": "šaknu",
"gw": "appointee",
"sense": "prefect",
"norm": "šakni",
"pos": "N",
"epos": "N"}
}
,
{
"node": "l",
"frag": "liš-pu-ram-⸢ma⸣",
"id": "P237833.l0251b",
"ref": "P237833.27.4",
"inst": "šapāru[send//write]V$lišpuramma",
"sig": "@saao/saa17%akk-x-neobab:liš-pu-ram-ma=šapāru[send//write]V'V$lišpuramma",
"f": {"lang": "akk-x-neobab",
"form": "liš-pu-ram-ma",
"cf": "šapāru",
"gw": "send",
"sense": "write",
"norm": "lišpuramma",
"pos": "V",
"epos": "V"}
}
,
{
"node": "d",
"type": "line-start",
"ref": "P237833.28",
"n": "8'",
"label": "r 8'"}
,
{
"node": "c",
"type": "phrase",
"tag": "phr",
"id": "P237833.U4",
"ref": "P237833.ls00000",
"cdl": [
{
"node": "l",
"frag": "{lu₂}A-KIN-šu₂",
"id": "P237833.l0251c",
"ref": "P237833.28.1",
"cof-tails": "P237833.l0251d",
"inst": "māru[son]N$mār&šipru[sending]N$šiprīšu",
"exosig": "@saao/saa17%akk-x-neobab:{LU₂}A-KIN-šu₂=māru[son//son]N'N$mār&&@saao%akk-x-neobab:=šipru[sending//sending]N'N$šiprīšu",
"f": {"lang": "akk-x-neobab",
"form": "{LU₂}A-KIN-šu₂",
"cf": "māru",
"gw": "son",
"sense": "son",
"norm": "mār",
"pos": "N",
"epos": "N"}
}
,
{
"node": "l",
"frag": "{lu₂}A-KIN-šu₂",
"id": "P237833.l0251d",
"ref": "P237833.28.1",
"cof-head": "P237833.l0251c",
"inst": "māru[son]N$mār&šipru[sending]N$šiprīšu",
"tail-sig": "@saao%akk-x-neobab:=šipru[sending//sending]N'N$šiprīšu",
"f": {"lang": "akk-x-neobab",
"form": "{LU₂}A-KIN-šu₂",
"cf": "šipru",
"gw": "sending",
"sense": "sending",
"norm": "šiprīšu",
"pos": "N",
"epos": "N"}
}
]}
,
{
"node": "l",
"frag": "ina",
"id": "P237833.l0251e",
"ref": "P237833.28.2",
"inst": "ina[in]PRP",
"sig": "@saao/saa17%akk-x-neobab:ina=ina[in//in]PRP'PRP$ina",
"f": {"lang": "akk-x-neobab",
"form": "ina",
"cf": "ina",
"gw": "in",
"sense": "in",
"norm": "ina",
"pos": "PRP",
"epos": "PRP"}
}
,
{
"node": "l",
"frag": "E₂-tam-meš-ša-ma-aʾ",
"id": "P237833.l0251f",
"ref": "P237833.28.3",
"inst": "Bit-Tammeš-šamaʾ[1]GN$",
"sig": "@saao/saa17%akk-x-neobab:E₂-tam-meš-ša-ma-aʾ=Bit-Tammeš-šamaʾ[1//1]GN'GN$Bit-Tammeš-šamaʾ",
"f": {"lang": "akk-x-neobab",
"form": "E₂-tam-meš-ša-ma-aʾ",
"cf": "Bit-Tammeš-šamaʾ",
"gw": "1",
"sense": "1",
"norm": "Bit-Tammeš-šamaʾ",
"pos": "GN",
"epos": "GN"}
}
,
{
"node": "l",
"frag": "[o]",
"id": "P237833.l02520",
"ref": "P237833.28.4",
"inst": "u",
"f": {"lang": "akk-x-neobab",
"form": "o",
"pos": "u"}
}
,
{
"node": "d",
"type": "line-start",
"ref": "P237833.29",
"n": "9'",
"label": "r 9'"}
,
{
"node": "l",
"frag": "liš-kun-ma",
"id": "P237833.l02521",
"ref": "P237833.29.1",
"inst": "šakānu[put//place]V$liškunma",
"sig": "@saao/saa17%akk-x-neobab:liš-kun-ma=šakānu[put//place]V'V$liškunma",
"f": {"lang": "akk-x-neobab",
"form": "liš-kun-ma",
"cf": "šakānu",
"gw": "put",
"sense": "place",
"norm": "liškunma",
"pos": "V",
"epos": "V"}
}
,
{
"node": "l",
"frag": "{še}BAR",
"id": "P237833.l02522",
"ref": "P237833.29.2",
"inst": "uṭṭatu[grain//barley]N$uṭṭata",
"sig": "@saao/saa17%akk-x-neobab:{ŠE}BAR=uṭṭatu[grain//barley]N'N$uṭṭata",
"f": {"lang": "akk-x-neobab",
"form": "{ŠE}BAR",
"cf": "uṭṭatu",
"gw": "grain",
"sense": "barley",
"norm": "uṭṭata",
"pos": "N",
"epos": "N"}
}
,
{
"node": "l",
"frag": "a-na",
"id": "P237833.l02523",
"ref": "P237833.29.3",
"inst": "ana[to]PRP",
"sig": "@saao/saa17%akk-x-neobab:a-na=ana[to//to]PRP'PRP$ana",
"f": {"lang": "akk-x-neobab",
"form": "a-na",
"cf": "ana",
"gw": "to",
"sense": "to",
"norm": "ana",
"pos": "PRP",
"epos": "PRP"}
}
,
{
"node": "l",
"frag": "LUGAL",
"id": "P237833.l02524",
"ref": "P237833.29.4",
"inst": "šarri[king]N",
"sig": "@saao/saa17%akk-x-neobab:LUGAL=šarru[king//king]N'N$šarri",
"f": {"lang": "akk-x-neobab",
"form": "LUGAL",
"cf": "šarru",
"gw": "king",
"sense": "king",
"norm": "šarri",
"pos": "N",
"epos": "N"}
}
,
{
"node": "d",
"type": "line-start",
"ref": "P237833.30",
"n": "10'",
"label": "r 10'"}
,
{
"node": "l",
"frag": "lu-ki-il",
"id": "P237833.l02525",
"ref": "P237833.30.1",
"inst": "kullu[hold]V$lukīl",
"sig": "@saao/saa17%akk-x-neobab:lu-ki-il=kullu[hold//hold]V'V$lukīl",
"f": {"lang": "akk-x-neobab",
"form": "lu-ki-il",
"cf": "kullu",
"gw": "hold",
"sense": "hold",
"norm": "lukīl",
"pos": "V",
"epos": "V"}
}
,
{
"node": "d",
"type": "nonx",
"ref": "P237833.31",
"strict": "0",
"extent": "rest",
"state": "other"}
]}
]}
]}
,
{
"linkbase": [{
"type": "linkset",
"xlink_title": "mār šipri[messenger//messenger]N'N",
"id": "P237833.ls00000",
"xlink_type": "extended",
"xlink_role": "psu",
"sig": "{{LU₂}A-KIN-šu₂ = māru[son]N šipru[sending]N += mār šipri[messenger//messenger]N'N}::@saao/saa10%akk-x-neobab:{LU₂}A-KIN-šu₂=māru[son//son]N'N$mār++@saao/saa10%akk-x-neobab:{LU₂}A-KIN-šu₂=šipru[sending//sending]N'N$šiprīšu",
"links": [
{
"type": "link",
"xlink_title": "māru",
"xlink_type": "locator",
"xlink_href": "#P237833.l0251c",
"xlink_role": "elt"}
,
{
"type": "link",
"xlink_title": "šipru",
"xlink_type": "locator",
"xlink_href": "#P237833.l0251d",
"xlink_role": "elt"}
]}
]}
]}
