{
"type": "cdl",
  "source": "http://oracc.org/saao/saa17",
  "license": "This data is released under the CC0 license",
  "license-url": "https://creativecommons.org/publicdomain/zero/1.0/",
  "more-info": "http://oracc.org/doc/opendata/",
  "UTC-timestamp": "2017-05-19T11:58:19",
"project": "saao/saa17",
"textid": "P237730",
"cdl": [
{
"node": "c",
"type": "text",
"id": "P237730.U0",
"cdl": [
{
"node": "d",
"type": "object",
"ref": ""}
,
{
"node": "d",
"subtype": "obverse",
"type": "surface",
"ref": "P237730.o.1",
"type": "obverse",
"label": "o"}
,
{
"node": "c",
"type": "discourse",
"subtype": "body",
"id": "P237730.U1",
"cdl": [
{
"node": "c",
"type": "sentence",
"id": "P237730.U2",
"label": "o 1 - o 11",
"cdl": [
{
"node": "d",
"type": "line-start",
"ref": "P237730.2",
"n": "1",
"label": "o 1"}
,
{
"node": "l",
"frag": "[ARAD-ka",
"id": "P237730.l04e37",
"ref": "P237730.2.1",
"inst": "aradka[servant]N",
"sig": "@saao/saa17%akk-x-neobab:ARAD-ka=ardu[slave//servant]N'N$aradka",
"f": {"lang": "akk-x-neobab",
"form": "ARAD-ka",
"cf": "ardu",
"gw": "slave",
"sense": "servant",
"norm": "aradka",
"pos": "N",
"epos": "N"}
}
,
{
"node": "l",
"frag": "{1}kal-bi-u₂-ku-u₂]",
"id": "P237730.l04e38",
"ref": "P237730.2.2",
"inst": "Kalbi-Uku[1]PN",
"sig": "@saao/saa17%akk-x-neobab:{1}kal-bi-u₂-ku-u₂=Kalbi-Uku[1//1]PN'PN$Kalbi-Uku",
"f": {"lang": "akk-x-neobab",
"form": "{1}kal-bi-u₂-ku-u₂",
"cf": "Kalbi-Uku",
"gw": "1",
"sense": "1",
"norm": "Kalbi-Uku",
"pos": "PN",
"epos": "PN"}
}
,
{
"node": "d",
"type": "line-start",
"ref": "P237730.3",
"n": "2",
"label": "o 2"}
,
{
"node": "l",
"frag": "[a-na",
"id": "P237730.l04e39",
"ref": "P237730.3.1",
"inst": "ana[to]PRP",
"sig": "@saao/saa17%akk-x-neobab:a-na=ana[to//to]PRP'PRP$ana",
"f": {"lang": "akk-x-neobab",
"form": "a-na",
"cf": "ana",
"gw": "to",
"sense": "to",
"norm": "ana",
"pos": "PRP",
"epos": "PRP"}
}
,
{
"node": "l",
"frag": "di-na]-⸢an",
"id": "P237730.l04e3a",
"ref": "P237730.3.2",
"inst": "dinān[substitute]N",
"sig": "@saao/saa17%akk-x-neobab:di-na-an=dinānu[substitution//substitute]N'N$dinān",
"f": {"lang": "akk-x-neobab",
"form": "di-na-an",
"cf": "dinānu",
"gw": "substitution",
"sense": "substitute",
"norm": "dinān",
"pos": "N",
"epos": "N"}
}
,
{
"node": "l",
"frag": "LUGAL⸣",
"id": "P237730.l04e3b",
"ref": "P237730.3.3",
"inst": "šarri[king]N",
"sig": "@saao/saa17%akk-x-neobab:LUGAL=šarru[king//king]N'N$šarri",
"f": {"lang": "akk-x-neobab",
"form": "LUGAL",
"cf": "šarru",
"gw": "king",
"sense": "king",
"norm": "šarri",
"pos": "N",
"epos": "N"}
}
,
{
"node": "l",
"frag": "[be-li₂-ia₂]",
"id": "P237730.l04e3c",
"ref": "P237730.3.4",
"inst": "bēlīya[lord]N",
"sig": "@saao/saa17%akk-x-neobab:be-li₂-ia₂=bēlu[lord//lord]N'N$bēlīya",
"f": {"lang": "akk-x-neobab",
"form": "be-li₂-ia₂",
"cf": "bēlu",
"gw": "lord",
"sense": "lord",
"norm": "bēlīya",
"pos": "N",
"epos": "N"}
}
,
{
"node": "d",
"type": "line-start",
"ref": "P237730.4",
"n": "3",
"label": "o 3"}
,
{
"node": "l",
"frag": "[lul-lik",
"id": "P237730.l04e3d",
"ref": "P237730.4.1",
"inst": "alāku[go]V$lullik",
"sig": "@saao/saa17%akk-x-neobab:lul-lik=alāku[go//go]V'V$lullik",
"f": {"lang": "akk-x-neobab",
"form": "lul-lik",
"cf": "alāku",
"gw": "go",
"sense": "go",
"norm": "lullik",
"pos": "V",
"epos": "V"}
}
,
{
"node": "l",
"frag": "lu-u₂]",
"id": "P237730.l04e3e",
"ref": "P237730.4.2",
"inst": "lū[may]MOD",
"sig": "@saao/saa17%akk-x-neobab:lu-u₂=lū[may//may]MOD'MOD$lū",
"f": {"lang": "akk-x-neobab",
"form": "lu-u₂",
"cf": "lū",
"gw": "may",
"sense": "may",
"norm": "lū",
"pos": "MOD",
"epos": "MOD"}
}
,
{
"node": "l",
"frag": "⸢šu⸣-lum",
"id": "P237730.l04e3f",
"ref": "P237730.4.3",
"inst": "šulum[health]N",
"sig": "@saao/saa17%akk-x-neobab:šu-lum=šulmu[completeness//health]N'N$šulum",
"f": {"lang": "akk-x-neobab",
"form": "šu-lum",
"cf": "šulmu",
"gw": "completeness",
"sense": "health",
"norm": "šulum",
"pos": "N",
"epos": "N"}
}
,
{
"node": "l",
"frag": "[a-na",
"id": "P237730.l04e40",
"ref": "P237730.4.4",
"inst": "ana[to]PRP",
"sig": "@saao/saa17%akk-x-neobab:a-na=ana[to//to]PRP'PRP$ana",
"f": {"lang": "akk-x-neobab",
"form": "a-na",
"cf": "ana",
"gw": "to",
"sense": "to",
"norm": "ana",
"pos": "PRP",
"epos": "PRP"}
}
,
{
"node": "l",
"frag": "LUGAL]",
"id": "P237730.l04e41",
"ref": "P237730.4.5",
"inst": "šarri[king]N",
"sig": "@saao/saa17%akk-x-neobab:LUGAL=šarru[king//king]N'N$šarri",
"f": {"lang": "akk-x-neobab",
"form": "LUGAL",
"cf": "šarru",
"gw": "king",
"sense": "king",
"norm": "šarri",
"pos": "N",
"epos": "N"}
}
,
{
"node": "d",
"type": "line-start",
"ref": "P237730.5",
"n": "4",
"label": "o 4"}
,
{
"node": "l",
"frag": "[be-li₂-ia₂",
"id": "P237730.l04e42",
"ref": "P237730.5.1",
"inst": "bēlīya[lord]N",
"sig": "@saao/saa17%akk-x-neobab:be-li₂-ia₂=bēlu[lord//lord]N'N$bēlīya",
"f": {"lang": "akk-x-neobab",
"form": "be-li₂-ia₂",
"cf": "bēlu",
"gw": "lord",
"sense": "lord",
"norm": "bēlīya",
"pos": "N",
"epos": "N"}
}
,
{
"node": "l",
"frag": "um-ma]-a",
"id": "P237730.l04e43",
"ref": "P237730.5.2",
"inst": "ummā[saying]PRP",
"sig": "@saao/saa17%akk-x-neobab:um-ma-a=umma[saying//saying]PRP'PRP$ummā",
"f": {"lang": "akk-x-neobab",
"form": "um-ma-a",
"cf": "umma",
"gw": "saying",
"sense": "saying",
"norm": "ummā",
"pos": "PRP",
"epos": "PRP"}
}
,
{
"node": "l",
"frag": "a-na",
"id": "P237730.l04e44",
"ref": "P237730.5.3",
"inst": "ana[to]PRP",
"sig": "@saao/saa17%akk-x-neobab:a-na=ana[to//to]PRP'PRP$ana",
"f": {"lang": "akk-x-neobab",
"form": "a-na",
"cf": "ana",
"gw": "to",
"sense": "to",
"norm": "ana",
"pos": "PRP",
"epos": "PRP"}
}
,
{
"node": "l",
"frag": "⸢LUGAL⸣",
"id": "P237730.l04e45",
"ref": "P237730.5.4",
"inst": "šarri[king]N",
"sig": "@saao/saa17%akk-x-neobab:LUGAL=šarru[king//king]N'N$šarri",
"f": {"lang": "akk-x-neobab",
"form": "LUGAL",
"cf": "šarru",
"gw": "king",
"sense": "king",
"norm": "šarri",
"pos": "N",
"epos": "N"}
}
,
{
"node": "d",
"type": "line-start",
"ref": "P237730.6",
"n": "5",
"label": "o 5"}
,
{
"node": "l",
"frag": "[be-li₂-ia₂-a-ma]",
"id": "P237730.l04e46",
"ref": "P237730.6.1",
"inst": "bēlīyāma[lord]N",
"sig": "@saao/saa17%akk-x-neobab:be-li₂-ia₂-a-ma=bēlu[lord//lord]N'N$bēlīyāma",
"f": {"lang": "akk-x-neobab",
"form": "be-li₂-ia₂-a-ma",
"cf": "bēlu",
"gw": "lord",
"sense": "lord",
"norm": "bēlīyāma",
"pos": "N",
"epos": "N"}
}
,
{
"node": "l",
"frag": "⸢ṭup⸣-pi",
"id": "P237730.l04e47",
"ref": "P237730.6.2",
"inst": "ṭuppu[tablet]N$ṭuppī",
"sig": "@saao/saa17%akk-x-neobab:ṭup-pi=ṭuppu[tablet//tablet]N'N$ṭuppī",
"f": {"lang": "akk-x-neobab",
"form": "ṭup-pi",
"cf": "ṭuppu",
"gw": "tablet",
"sense": "tablet",
"norm": "ṭuppī",
"pos": "N",
"epos": "N"}
}
,
{
"node": "l",
"frag": "a-na",
"id": "P237730.l04e48",
"ref": "P237730.6.3",
"inst": "ana[for]PRP",
"sig": "@saao/saa17%akk-x-neobab:a-na=ana[to//for]PRP'PRP$ana",
"f": {"lang": "akk-x-neobab",
"form": "a-na",
"cf": "ana",
"gw": "to",
"sense": "for",
"norm": "ana",
"pos": "PRP",
"epos": "PRP"}
}
,
{
"node": "l",
"frag": "⸢šu⸣-[lum]",
"id": "P237730.l04e49",
"ref": "P237730.6.4",
"inst": "šulmu[completeness//salutation]N$šulum",
"sig": "@saao/saa17%akk-x-neobab:šu-lum=šulmu[completeness//salutation]N'N$šulum",
"f": {"lang": "akk-x-neobab",
"form": "šu-lum",
"cf": "šulmu",
"gw": "completeness",
"sense": "salutation",
"norm": "šulum",
"pos": "N",
"epos": "N"}
}
,
{
"node": "d",
"type": "line-start",
"ref": "P237730.7",
"n": "6",
"label": "o 6"}
,
{
"node": "l",
"frag": "[LUGAL",
"id": "P237730.l04e4a",
"ref": "P237730.7.1",
"inst": "šarri[king]N",
"sig": "@saao/saa17%akk-x-neobab:LUGAL=šarru[king//king]N'N$šarri",
"f": {"lang": "akk-x-neobab",
"form": "LUGAL",
"cf": "šarru",
"gw": "king",
"sense": "king",
"norm": "šarri",
"pos": "N",
"epos": "N"}
}
,
{
"node": "l",
"frag": "be-li₂-ia₂]",
"id": "P237730.l04e4b",
"ref": "P237730.7.2",
"inst": "bēlīya[lord]N",
"sig": "@saao/saa17%akk-x-neobab:be-li₂-ia₂=bēlu[lord//lord]N'N$bēlīya",
"f": {"lang": "akk-x-neobab",
"form": "be-li₂-ia₂",
"cf": "bēlu",
"gw": "lord",
"sense": "lord",
"norm": "bēlīya",
"pos": "N",
"epos": "N"}
}
,
{
"node": "l",
"frag": "⸢al⸣-tap-ra",
"id": "P237730.l04e4c",
"ref": "P237730.7.3",
"inst": "altapra[send]V",
"sig": "@saao/saa17%akk-x-neobab:al-tap-ra=šapāru[send//send]V'V$altapra",
"f": {"lang": "akk-x-neobab",
"form": "al-tap-ra",
"cf": "šapāru",
"gw": "send",
"sense": "send",
"norm": "altapra",
"pos": "V",
"epos": "V"}
}
,
{
"node": "d",
"type": "line-start",
"ref": "P237730.8",
"n": "7",
"label": "o 7"}
,
{
"node": "l",
"frag": "[x",
"id": "P237730.l04e4d",
"ref": "P237730.8.1",
"inst": "u",
"f": {"lang": "akk-x-neobab",
"form": "x",
"pos": "u"}
}
,
{
"node": "l",
"frag": "x",
"id": "P237730.l04e4e",
"ref": "P237730.8.2",
"inst": "u",
"f": {"lang": "akk-x-neobab",
"form": "x",
"pos": "u"}
}
,
{
"node": "l",
"frag": "x",
"id": "P237730.l04e4f",
"ref": "P237730.8.3",
"inst": "u",
"f": {"lang": "akk-x-neobab",
"form": "x",
"pos": "u"}
}
,
{
"node": "l",
"frag": "x",
"id": "P237730.l04e50",
"ref": "P237730.8.4",
"inst": "u",
"f": {"lang": "akk-x-neobab",
"form": "x",
"pos": "u"}
}
,
{
"node": "l",
"frag": "x",
"id": "P237730.l04e51",
"ref": "P237730.8.5",
"inst": "u",
"f": {"lang": "akk-x-neobab",
"form": "x",
"pos": "u"}
}
,
{
"node": "l",
"frag": "x",
"id": "P237730.l04e52",
"ref": "P237730.8.6",
"inst": "u",
"f": {"lang": "akk-x-neobab",
"form": "x",
"pos": "u"}
}
,
{
"node": "l",
"frag": "a]-na",
"id": "P237730.l04e53",
"ref": "P237730.8.7",
"inst": "ana[for]PRP",
"sig": "@saao/saa17%akk-x-neobab:a-na=ana[to//for]PRP'PRP$ana",
"f": {"lang": "akk-x-neobab",
"form": "a-na",
"cf": "ana",
"gw": "to",
"sense": "for",
"norm": "ana",
"pos": "PRP",
"epos": "PRP"}
}
,
{
"node": "l",
"frag": "šu-lum",
"id": "P237730.l04e54",
"ref": "P237730.8.8",
"inst": "šulmu[completeness//salutation]N$šulum",
"sig": "@saao/saa17%akk-x-neobab:šu-lum=šulmu[completeness//salutation]N'N$šulum",
"f": {"lang": "akk-x-neobab",
"form": "šu-lum",
"cf": "šulmu",
"gw": "completeness",
"sense": "salutation",
"norm": "šulum",
"pos": "N",
"epos": "N"}
}
,
{
"node": "d",
"type": "line-start",
"ref": "P237730.9",
"n": "8",
"label": "o 8"}
,
{
"node": "l",
"frag": "[LUGAL",
"id": "P237730.l04e55",
"ref": "P237730.9.1",
"inst": "šarri[king]N",
"sig": "@saao/saa17%akk-x-neobab:LUGAL=šarru[king//king]N'N$šarri",
"f": {"lang": "akk-x-neobab",
"form": "LUGAL",
"cf": "šarru",
"gw": "king",
"sense": "king",
"norm": "šarri",
"pos": "N",
"epos": "N"}
}
,
{
"node": "l",
"frag": "be-li-ia₂",
"id": "P237730.l04e56",
"ref": "P237730.9.2",
"inst": "bēlīya[lord]N",
"sig": "@saao/saa17%akk-x-neobab:be-li-ia₂=bēlu[lord//lord]N'N$bēlīya",
"f": {"lang": "akk-x-neobab",
"form": "be-li-ia₂",
"cf": "bēlu",
"gw": "lord",
"sense": "lord",
"norm": "bēlīya",
"pos": "N",
"epos": "N"}
}
,
{
"node": "l",
"frag": "ul]",
"id": "P237730.l04e57",
"ref": "P237730.9.3",
"inst": "ul[not]MOD",
"sig": "@saao/saa17%akk-x-neobab:ul=ul[not//not]MOD'MOD$ul",
"f": {"lang": "akk-x-neobab",
"form": "ul",
"cf": "ul",
"gw": "not",
"sense": "not",
"norm": "ul",
"pos": "MOD",
"epos": "MOD"}
}
,
{
"node": "l",
"frag": "⸢aš₂⸣-pu-ra",
"id": "P237730.l04e58",
"ref": "P237730.9.4",
"inst": "šapāru[send]V$ašpura",
"sig": "@saao/saa17%akk-x-neobab:aš₂-pu-ra=šapāru[send//send]V'V$ašpura",
"f": {"lang": "akk-x-neobab",
"form": "aš₂-pu-ra",
"cf": "šapāru",
"gw": "send",
"sense": "send",
"norm": "ašpura",
"pos": "V",
"epos": "V"}
}
,
{
"node": "d",
"type": "line-start",
"ref": "P237730.10",
"n": "9",
"label": "o 9"}
,
{
"node": "l",
"frag": "[x",
"id": "P237730.l04e59",
"ref": "P237730.10.1",
"inst": "u",
"f": {"lang": "akk-x-neobab",
"form": "x",
"pos": "u"}
}
,
{
"node": "l",
"frag": "x",
"id": "P237730.l04e5a",
"ref": "P237730.10.2",
"inst": "u",
"f": {"lang": "akk-x-neobab",
"form": "x",
"pos": "u"}
}
,
{
"node": "l",
"frag": "x",
"id": "P237730.l04e5b",
"ref": "P237730.10.3",
"inst": "u",
"f": {"lang": "akk-x-neobab",
"form": "x",
"pos": "u"}
}
,
{
"node": "l",
"frag": "x",
"id": "P237730.l04e5c",
"ref": "P237730.10.4",
"inst": "u",
"f": {"lang": "akk-x-neobab",
"form": "x",
"pos": "u"}
}
,
{
"node": "l",
"frag": "x",
"id": "P237730.l04e5d",
"ref": "P237730.10.5",
"inst": "u",
"f": {"lang": "akk-x-neobab",
"form": "x",
"pos": "u"}
}
,
{
"node": "l",
"frag": "en]-⸢na⸣",
"id": "P237730.l04e5e",
"ref": "P237730.10.6",
"inst": "enna[now]AV",
"sig": "@saao/saa17%akk-x-neobab:en-na=enna[now//now]AV'AV$enna",
"f": {"lang": "akk-x-neobab",
"form": "en-na",
"cf": "enna",
"gw": "now",
"sense": "now",
"norm": "enna",
"pos": "AV",
"epos": "AV"}
}
,
{
"node": "l",
"frag": "a-du-u₂",
"id": "P237730.l04e5f",
"ref": "P237730.10.7",
"inst": "adû[now]AV",
"sig": "@saao/saa17%akk-x-neobab:a-du-u₂=adû[now//now]AV'AV$adû",
"f": {"lang": "akk-x-neobab",
"form": "a-du-u₂",
"cf": "adû",
"gw": "now",
"sense": "now",
"norm": "adû",
"pos": "AV",
"epos": "AV"}
}
,
{
"node": "d",
"type": "line-start",
"ref": "P237730.11",
"n": "10",
"label": "o 10"}
,
{
"node": "l",
"frag": "[x",
"id": "P237730.l04e60",
"ref": "P237730.11.1",
"inst": "u",
"f": {"lang": "akk-x-neobab",
"form": "x",
"pos": "u"}
}
,
{
"node": "l",
"frag": "x",
"id": "P237730.l04e61",
"ref": "P237730.11.2",
"inst": "u",
"f": {"lang": "akk-x-neobab",
"form": "x",
"pos": "u"}
}
,
{
"node": "l",
"frag": "x",
"id": "P237730.l04e62",
"ref": "P237730.11.3",
"inst": "u",
"f": {"lang": "akk-x-neobab",
"form": "x",
"pos": "u"}
}
,
{
"node": "l",
"frag": "x",
"id": "P237730.l04e63",
"ref": "P237730.11.4",
"inst": "u",
"f": {"lang": "akk-x-neobab",
"form": "x",
"pos": "u"}
}
,
{
"node": "l",
"frag": "x",
"id": "P237730.l04e64",
"ref": "P237730.11.5",
"inst": "u",
"f": {"lang": "akk-x-neobab",
"form": "x",
"pos": "u"}
}
,
{
"node": "l",
"frag": "x",
"id": "P237730.l04e65",
"ref": "P237730.11.6",
"inst": "u",
"f": {"lang": "akk-x-neobab",
"form": "x",
"pos": "u"}
}
,
{
"node": "l",
"frag": "a]-⸢na⸣",
"id": "P237730.l04e66",
"ref": "P237730.11.7",
"inst": "ana[for]PRP",
"sig": "@saao/saa17%akk-x-neobab:a-na=ana[to//for]PRP'PRP$ana",
"f": {"lang": "akk-x-neobab",
"form": "a-na",
"cf": "ana",
"gw": "to",
"sense": "for",
"norm": "ana",
"pos": "PRP",
"epos": "PRP"}
}
,
{
"node": "l",
"frag": "šu-⸢lum⸣",
"id": "P237730.l04e67",
"ref": "P237730.11.8",
"inst": "šulmu[completeness//salutation]N$šulum",
"sig": "@saao/saa17%akk-x-neobab:šu-lum=šulmu[completeness//salutation]N'N$šulum",
"f": {"lang": "akk-x-neobab",
"form": "šu-lum",
"cf": "šulmu",
"gw": "completeness",
"sense": "salutation",
"norm": "šulum",
"pos": "N",
"epos": "N"}
}
,
{
"node": "d",
"type": "line-start",
"ref": "P237730.12",
"n": "11",
"label": "o 11"}
,
{
"node": "l",
"frag": "[LUGAL",
"id": "P237730.l04e68",
"ref": "P237730.12.1",
"inst": "šarri[king]N",
"sig": "@saao/saa17%akk-x-neobab:LUGAL=šarru[king//king]N'N$šarri",
"f": {"lang": "akk-x-neobab",
"form": "LUGAL",
"cf": "šarru",
"gw": "king",
"sense": "king",
"norm": "šarri",
"pos": "N",
"epos": "N"}
}
,
{
"node": "l",
"frag": "be-li-ia₂",
"id": "P237730.l04e69",
"ref": "P237730.12.2",
"inst": "bēlīya[lord]N",
"sig": "@saao/saa17%akk-x-neobab:be-li-ia₂=bēlu[lord//lord]N'N$bēlīya",
"f": {"lang": "akk-x-neobab",
"form": "be-li-ia₂",
"cf": "bēlu",
"gw": "lord",
"sense": "lord",
"norm": "bēlīya",
"pos": "N",
"epos": "N"}
}
,
{
"node": "l",
"frag": "x]+4",
"id": "P237730.l04e6a",
"ref": "P237730.12.3",
"inst": "u",
"f": {"lang": "akk-x-neobab",
"form": "x+4",
"pos": "u"}
}
,
{
"node": "l",
"frag": "ERIM-[MEŠ",
"id": "P237730.l04e6b",
"ref": "P237730.12.4",
"inst": "ṣābē[troops]N",
"sig": "@saao/saa17%akk-x-neobab:ERIM-MEŠ=ṣābu[people//troops]N'N$ṣābē",
"f": {"lang": "akk-x-neobab",
"form": "ERIM-MEŠ",
"cf": "ṣābu",
"gw": "people",
"sense": "troops",
"norm": "ṣābē",
"pos": "N",
"epos": "N"}
}
,
{
"node": "l",
"frag": "x]",
"id": "P237730.l04e6c",
"ref": "P237730.12.5",
"inst": "u",
"f": {"lang": "akk-x-neobab",
"form": "x",
"pos": "u"}
}
,
{
"node": "d",
"type": "nonx",
"ref": "P237730.13",
"strict": "0",
"extent": "rest",
"state": "missing"}
]}
]}
]}
]}
