{
"type": "cdl",
  "source": "http://oracc.org/saao/saa17",
  "license": "This data is released under the CC0 license",
  "license-url": "https://creativecommons.org/publicdomain/zero/1.0/",
  "more-info": "http://oracc.org/doc/opendata/",
  "UTC-timestamp": "2017-05-19T11:58:18",
"project": "saao/saa17",
"textid": "P237542",
"cdl": [
{
"node": "c",
"type": "text",
"id": "P237542.U0",
"cdl": [
{
"node": "d",
"type": "object",
"ref": ""}
,
{
"node": "d",
"subtype": "obverse",
"type": "surface",
"ref": "P237542.o.1",
"type": "obverse",
"label": "o"}
,
{
"node": "c",
"type": "discourse",
"subtype": "body",
"id": "P237542.U1",
"cdl": [
{
"node": "c",
"type": "sentence",
"id": "P237542.U2",
"label": "o 1 - e. 4",
"cdl": [
{
"node": "d",
"type": "line-start",
"ref": "P237542.2",
"n": "1",
"label": "o 1"}
,
{
"node": "l",
"frag": "a-na",
"id": "P237542.l03690",
"ref": "P237542.2.1",
"inst": "ana[to]PRP",
"sig": "@saao/saa17%akk-x-neobab:a-na=ana[to//to]PRP'PRP$ana",
"f": {"lang": "akk-x-neobab",
"form": "a-na",
"cf": "ana",
"gw": "to",
"sense": "to",
"norm": "ana",
"pos": "PRP",
"epos": "PRP"}
}
,
{
"node": "l",
"frag": "LUGAL",
"id": "P237542.l03691",
"ref": "P237542.2.2",
"inst": "šarri[king]N",
"sig": "@saao/saa17%akk-x-neobab:LUGAL=šarru[king//king]N'N$šarri",
"f": {"lang": "akk-x-neobab",
"form": "LUGAL",
"cf": "šarru",
"gw": "king",
"sense": "king",
"norm": "šarri",
"pos": "N",
"epos": "N"}
}
,
{
"node": "l",
"frag": "be-li₂-⸢ia⸣",
"id": "P237542.l03692",
"ref": "P237542.2.3",
"inst": "bēlīya[lord]N",
"sig": "@saao/saa17%akk-x-neobab:be-li₂-ia=bēlu[lord//lord]N'N$bēlīya",
"f": {"lang": "akk-x-neobab",
"form": "be-li₂-ia",
"cf": "bēlu",
"gw": "lord",
"sense": "lord",
"norm": "bēlīya",
"pos": "N",
"epos": "N"}
}
,
{
"node": "l",
"frag": "[ARAD-ka",
"id": "P237542.l03693",
"ref": "P237542.2.4",
"inst": "aradka[servant]N",
"sig": "@saao/saa17%akk-x-neobab:ARAD-ka=ardu[slave//servant]N'N$aradka",
"f": {"lang": "akk-x-neobab",
"form": "ARAD-ka",
"cf": "ardu",
"gw": "slave",
"sense": "servant",
"norm": "aradka",
"pos": "N",
"epos": "N"}
}
,
{
"node": "l",
"frag": "{1}la-an-še-e]",
"id": "P237542.l03694",
"ref": "P237542.2.5",
"inst": "Lanše[1]PN$",
"sig": "@saao/saa17%akk-x-neobab:{1}la-an-še-e=Lanše[1//1]PN'PN$Lanše",
"f": {"lang": "akk-x-neobab",
"form": "{1}la-an-še-e",
"cf": "Lanše",
"gw": "1",
"sense": "1",
"norm": "Lanše",
"pos": "PN",
"epos": "PN"}
}
,
{
"node": "d",
"type": "line-start",
"ref": "P237542.3",
"n": "2",
"label": "o 2"}
,
{
"node": "l",
"frag": "lu",
"id": "P237542.l03695",
"ref": "P237542.3.1",
"inst": "lū[may]MOD",
"sig": "@saao/saa17%akk-x-neobab:lu=lū[may//may]MOD'MOD$lū",
"f": {"lang": "akk-x-neobab",
"form": "lu",
"cf": "lū",
"gw": "may",
"sense": "may",
"norm": "lū",
"pos": "MOD",
"epos": "MOD"}
}
,
{
"node": "l",
"frag": "DI-mu",
"id": "P237542.l03696",
"ref": "P237542.3.2",
"inst": "šulmu[health]N",
"sig": "@saao/saa17%akk-x-neobab:DI-mu=šulmu[completeness//health]N'N$šulmu",
"f": {"lang": "akk-x-neobab",
"form": "DI-mu",
"cf": "šulmu",
"gw": "completeness",
"sense": "health",
"norm": "šulmu",
"pos": "N",
"epos": "N"}
}
,
{
"node": "l",
"frag": "a-na",
"id": "P237542.l03697",
"ref": "P237542.3.3",
"inst": "ana[to]PRP",
"sig": "@saao/saa17%akk-x-neobab:a-na=ana[to//to]PRP'PRP$ana",
"f": {"lang": "akk-x-neobab",
"form": "a-na",
"cf": "ana",
"gw": "to",
"sense": "to",
"norm": "ana",
"pos": "PRP",
"epos": "PRP"}
}
,
{
"node": "l",
"frag": "⸢LUGAL⸣",
"id": "P237542.l03698",
"ref": "P237542.3.4",
"inst": "šarri[king]N",
"sig": "@saao/saa17%akk-x-neobab:LUGAL=šarru[king//king]N'N$šarri",
"f": {"lang": "akk-x-neobab",
"form": "LUGAL",
"cf": "šarru",
"gw": "king",
"sense": "king",
"norm": "šarri",
"pos": "N",
"epos": "N"}
}
,
{
"node": "l",
"frag": "[be-li₂-ia",
"id": "P237542.l03699",
"ref": "P237542.3.5",
"inst": "bēlīya[lord]N",
"sig": "@saao/saa17%akk-x-neobab:be-li₂-ia=bēlu[lord//lord]N'N$bēlīya",
"f": {"lang": "akk-x-neobab",
"form": "be-li₂-ia",
"cf": "bēlu",
"gw": "lord",
"sense": "lord",
"norm": "bēlīya",
"pos": "N",
"epos": "N"}
}
,
{
"node": "l",
"frag": "um-ma]",
"id": "P237542.l0369a",
"ref": "P237542.3.6",
"inst": "umma[saying]PRP",
"sig": "@saao/saa17%akk-x-neobab:um-ma=umma[saying//saying]PRP'PRP$umma",
"f": {"lang": "akk-x-neobab",
"form": "um-ma",
"cf": "umma",
"gw": "saying",
"sense": "saying",
"norm": "umma",
"pos": "PRP",
"epos": "PRP"}
}
,
{
"node": "d",
"type": "line-start",
"ref": "P237542.4",
"n": "3",
"label": "o 3"}
,
{
"node": "l",
"frag": "a-na",
"id": "P237542.l0369b",
"ref": "P237542.4.1",
"inst": "ana[to]PRP",
"sig": "@saao/saa17%akk-x-neobab:a-na=ana[to//to]PRP'PRP$ana",
"f": {"lang": "akk-x-neobab",
"form": "a-na",
"cf": "ana",
"gw": "to",
"sense": "to",
"norm": "ana",
"pos": "PRP",
"epos": "PRP"}
}
,
{
"node": "l",
"frag": "LUGAL",
"id": "P237542.l0369c",
"ref": "P237542.4.2",
"inst": "šarri[king]N",
"sig": "@saao/saa17%akk-x-neobab:LUGAL=šarru[king//king]N'N$šarri",
"f": {"lang": "akk-x-neobab",
"form": "LUGAL",
"cf": "šarru",
"gw": "king",
"sense": "king",
"norm": "šarri",
"pos": "N",
"epos": "N"}
}
,
{
"node": "l",
"frag": "be-li₂-⸢ia⸣-[a-ma",
"id": "P237542.l0369d",
"ref": "P237542.4.3",
"inst": "bēlīyāma[lord]N",
"sig": "@saao/saa17%akk-x-neobab:be-li₂-ia-a-ma=bēlu[lord//lord]N'N$bēlīyāma",
"f": {"lang": "akk-x-neobab",
"form": "be-li₂-ia-a-ma",
"cf": "bēlu",
"gw": "lord",
"sense": "lord",
"norm": "bēlīyāma",
"pos": "N",
"epos": "N"}
}
,
{
"node": "l",
"frag": "um-ma]",
"id": "P237542.l0369e",
"ref": "P237542.4.4",
"inst": "umma[saying]PRP",
"sig": "@saao/saa17%akk-x-neobab:um-ma=umma[saying//saying]PRP'PRP$umma",
"f": {"lang": "akk-x-neobab",
"form": "um-ma",
"cf": "umma",
"gw": "saying",
"sense": "saying",
"norm": "umma",
"pos": "PRP",
"epos": "PRP"}
}
,
{
"node": "d",
"type": "line-start",
"ref": "P237542.5",
"n": "4",
"label": "o 4"}
,
{
"node": "l",
"frag": "a-na",
"id": "P237542.l0369f",
"ref": "P237542.5.1",
"inst": "ana[for]PRP",
"sig": "@saao/saa17%akk-x-neobab:a-na=ana[to//for]PRP'PRP$ana",
"f": {"lang": "akk-x-neobab",
"form": "a-na",
"cf": "ana",
"gw": "to",
"sense": "for",
"norm": "ana",
"pos": "PRP",
"epos": "PRP"}
}
,
{
"node": "l",
"frag": "DI-mu",
"id": "P237542.l036a0",
"ref": "P237542.5.2",
"inst": "šulmu[health]N",
"sig": "@saao/saa17%akk-x-neobab:DI-mu=šulmu[completeness//health]N'N$šulmu",
"f": {"lang": "akk-x-neobab",
"form": "DI-mu",
"cf": "šulmu",
"gw": "completeness",
"sense": "health",
"norm": "šulmu",
"pos": "N",
"epos": "N"}
}
,
{
"node": "l",
"frag": "LUGAL",
"id": "P237542.l036a1",
"ref": "P237542.5.3",
"inst": "šarri[king]N",
"sig": "@saao/saa17%akk-x-neobab:LUGAL=šarru[king//king]N'N$šarri",
"f": {"lang": "akk-x-neobab",
"form": "LUGAL",
"cf": "šarru",
"gw": "king",
"sense": "king",
"norm": "šarri",
"pos": "N",
"epos": "N"}
}
,
{
"node": "l",
"frag": "be-[li₂-ia]",
"id": "P237542.l036a2",
"ref": "P237542.5.4",
"inst": "bēlīya[lord]N",
"sig": "@saao/saa17%akk-x-neobab:be-li₂-ia=bēlu[lord//lord]N'N$bēlīya",
"f": {"lang": "akk-x-neobab",
"form": "be-li₂-ia",
"cf": "bēlu",
"gw": "lord",
"sense": "lord",
"norm": "bēlīya",
"pos": "N",
"epos": "N"}
}
,
{
"node": "d",
"type": "line-start",
"ref": "P237542.6",
"n": "5",
"label": "o 5"}
,
{
"node": "l",
"frag": "ul-tu₂",
"id": "P237542.l036a3",
"ref": "P237542.6.1",
"inst": "ištu[from]PRP$ultu",
"sig": "@saao/saa17%akk-x-neobab:ul-tu₂=ištu[from//from]PRP'PRP$ultu",
"f": {"lang": "akk-x-neobab",
"form": "ul-tu₂",
"cf": "ištu",
"gw": "from",
"sense": "from",
"norm": "ultu",
"pos": "PRP",
"epos": "PRP"}
}
,
{
"node": "l",
"frag": "ur-rip-⸢ti⸣",
"id": "P237542.l036a4",
"ref": "P237542.6.2",
"inst": "urrupu[clouded//clouded darkness]AJ'N$urripti",
"sig": "@saao/saa17%akk-x-neobab:ur-rip-ti=urrupu[clouded//clouded darkness]AJ'N$urripti",
"f": {"lang": "akk-x-neobab",
"form": "ur-rip-ti",
"cf": "urrupu",
"gw": "clouded",
"sense": "clouded darkness",
"norm": "urripti",
"pos": "AJ",
"epos": "N"}
}
,
{
"node": "l",
"frag": "[LUGAL",
"id": "P237542.l036a5",
"ref": "P237542.6.3",
"inst": "šarru[king]N",
"sig": "@saao/saa17%akk-x-neobab:LUGAL=šarru[king//king]N'N$šarru",
"f": {"lang": "akk-x-neobab",
"form": "LUGAL",
"cf": "šarru",
"gw": "king",
"sense": "king",
"norm": "šarru",
"pos": "N",
"epos": "N"}
}
,
{
"node": "l",
"frag": "be-li₂",
"id": "P237542.l036a6",
"ref": "P237542.6.4",
"inst": "bēlī[lord]N",
"sig": "@saao/saa17%akk-x-neobab:be-li₂=bēlu[lord//lord]N'N$bēlī",
"f": {"lang": "akk-x-neobab",
"form": "be-li₂",
"cf": "bēlu",
"gw": "lord",
"sense": "lord",
"norm": "bēlī",
"pos": "N",
"epos": "N"}
}
,
{
"node": "l",
"frag": "ki-i]",
"id": "P237542.l036a7",
"ref": "P237542.6.5",
"inst": "kī[like//when]PRP'SBJ$kî",
"sig": "@saao/saa17%akk-x-neobab:ki-i=kī[like//when]PRP'SBJ$kî",
"f": {"lang": "akk-x-neobab",
"form": "ki-i",
"cf": "kī",
"gw": "like",
"sense": "when",
"norm": "kî",
"pos": "PRP",
"epos": "SBJ"}
}
,
{
"node": "d",
"type": "line-start",
"ref": "P237542.7",
"n": "6",
"label": "o 6"}
,
{
"node": "l",
"frag": "iš-ša₂-an-na",
"id": "P237542.l036a8",
"ref": "P237542.7.1",
"inst": "+našû[lift]V$iššanna",
"sig": "@saao/saa17%akk-x-neobab:iš-ša₂-an-na=našû[lift//lift]V'V$iššanna",
"f": {"lang": "akk-x-neobab",
"form": "iš-ša₂-an-na",
"cf": "našû",
"gw": "lift",
"sense": "lift",
"norm": "iššanna",
"pos": "V",
"epos": "V"}
}
,
{
"node": "l",
"frag": "⸢um⸣-[ma",
"id": "P237542.l036a9",
"ref": "P237542.7.2",
"inst": "umma[saying]PRP",
"sig": "@saao/saa17%akk-x-neobab:um-ma=umma[saying//saying]PRP'PRP$umma",
"f": {"lang": "akk-x-neobab",
"form": "um-ma",
"cf": "umma",
"gw": "saying",
"sense": "saying",
"norm": "umma",
"pos": "PRP",
"epos": "PRP"}
}
,
{
"node": "l",
"frag": "x",
"id": "P237542.l036aa",
"ref": "P237542.7.3",
"inst": "u",
"f": {"lang": "akk-x-neobab",
"form": "x",
"pos": "u"}
}
,
{
"node": "l",
"frag": "x",
"id": "P237542.l036ab",
"ref": "P237542.7.4",
"inst": "u",
"f": {"lang": "akk-x-neobab",
"form": "x",
"pos": "u"}
}
,
{
"node": "l",
"frag": "x",
"id": "P237542.l036ac",
"ref": "P237542.7.5",
"inst": "u",
"f": {"lang": "akk-x-neobab",
"form": "x",
"pos": "u"}
}
,
{
"node": "l",
"frag": "x]",
"id": "P237542.l036ad",
"ref": "P237542.7.6",
"inst": "u",
"f": {"lang": "akk-x-neobab",
"form": "x",
"pos": "u"}
}
,
{
"node": "d",
"type": "line-start",
"ref": "P237542.8",
"n": "7",
"label": "o 7"}
,
{
"node": "l",
"frag": "ul-te-eb-bi-[la",
"id": "P237542.l036ae",
"ref": "P237542.8.1",
"inst": "+wabālu[bring//send]V'V$ultebbila",
"sig": "@saao/saa17%akk-x-neobab:ul-te-eb-bi-la=wabālu[bring//send]V'V$ultebbila",
"f": {"lang": "akk-x-neobab",
"form": "ul-te-eb-bi-la",
"cf": "wabālu",
"gw": "bring",
"sense": "send",
"norm": "ultebbila",
"pos": "V",
"epos": "V"}
}
,
{
"node": "l",
"frag": "x",
"id": "P237542.l036af",
"ref": "P237542.8.2",
"inst": "u",
"f": {"lang": "akk-x-neobab",
"form": "x",
"pos": "u"}
}
,
{
"node": "l",
"frag": "x",
"id": "P237542.l036b0",
"ref": "P237542.8.3",
"inst": "u",
"f": {"lang": "akk-x-neobab",
"form": "x",
"pos": "u"}
}
,
{
"node": "l",
"frag": "x",
"id": "P237542.l036b1",
"ref": "P237542.8.4",
"inst": "u",
"f": {"lang": "akk-x-neobab",
"form": "x",
"pos": "u"}
}
,
{
"node": "l",
"frag": "x",
"id": "P237542.l036b2",
"ref": "P237542.8.5",
"inst": "u",
"f": {"lang": "akk-x-neobab",
"form": "x",
"pos": "u"}
}
,
{
"node": "l",
"frag": "x]",
"id": "P237542.l036b3",
"ref": "P237542.8.6",
"inst": "u",
"f": {"lang": "akk-x-neobab",
"form": "x",
"pos": "u"}
}
,
{
"node": "d",
"type": "line-start",
"ref": "P237542.9",
"n": "8",
"label": "o 8"}
,
{
"node": "l",
"frag": "{lu₂}NUN-MEŠ-šu₂",
"id": "P237542.l036b4",
"ref": "P237542.9.1",
"inst": "rubû[prince//noble]N$rubêšu",
"sig": "@saao/saa17%akk-x-neobab:{LU₂}NUN-MEŠ-šu₂=rubû[prince//noble]N'N$rubêšu",
"f": {"lang": "akk-x-neobab",
"form": "{LU₂}NUN-MEŠ-šu₂",
"cf": "rubû",
"gw": "prince",
"sense": "noble",
"norm": "rubêšu",
"pos": "N",
"epos": "N"}
}
,
{
"node": "l",
"frag": "⸢ka⸣-[x",
"id": "P237542.l036b5",
"ref": "P237542.9.2",
"inst": "u",
"f": {"lang": "akk-x-neobab",
"form": "ka-x",
"pos": "u"}
}
,
{
"node": "l",
"frag": "x",
"id": "P237542.l036b6",
"ref": "P237542.9.3",
"inst": "u",
"f": {"lang": "akk-x-neobab",
"form": "x",
"pos": "u"}
}
,
{
"node": "l",
"frag": "x",
"id": "P237542.l036b7",
"ref": "P237542.9.4",
"inst": "u",
"f": {"lang": "akk-x-neobab",
"form": "x",
"pos": "u"}
}
,
{
"node": "l",
"frag": "x",
"id": "P237542.l036b8",
"ref": "P237542.9.5",
"inst": "u",
"f": {"lang": "akk-x-neobab",
"form": "x",
"pos": "u"}
}
,
{
"node": "l",
"frag": "x]",
"id": "P237542.l036b9",
"ref": "P237542.9.6",
"inst": "u",
"f": {"lang": "akk-x-neobab",
"form": "x",
"pos": "u"}
}
,
{
"node": "d",
"type": "line-start",
"ref": "P237542.10",
"n": "9",
"label": "o 9"}
,
{
"node": "l",
"frag": "pa-ni-ia",
"id": "P237542.l036ba",
"ref": "P237542.10.1",
"inst": "pānu[front//face]N$pānīya",
"sig": "@saao/saa17%akk-x-neobab:pa-ni-ia=pānu[front//face]N'N$pānīya",
"f": {"lang": "akk-x-neobab",
"form": "pa-ni-ia",
"cf": "pānu",
"gw": "front",
"sense": "face",
"norm": "pānīya",
"pos": "N",
"epos": "N"}
}
,
{
"node": "l",
"frag": "a-na",
"id": "P237542.l036bb",
"ref": "P237542.10.2",
"inst": "ana[to]PRP",
"sig": "@saao/saa17%akk-x-neobab:a-na=ana[to//to]PRP'PRP$ana",
"f": {"lang": "akk-x-neobab",
"form": "a-na",
"cf": "ana",
"gw": "to",
"sense": "to",
"norm": "ana",
"pos": "PRP",
"epos": "PRP"}
}
,
{
"node": "l",
"frag": "[x",
"id": "P237542.l036bc",
"ref": "P237542.10.3",
"inst": "u",
"f": {"lang": "akk-x-neobab",
"form": "x",
"pos": "u"}
}
,
{
"node": "l",
"frag": "x",
"id": "P237542.l036bd",
"ref": "P237542.10.4",
"inst": "u",
"f": {"lang": "akk-x-neobab",
"form": "x",
"pos": "u"}
}
,
{
"node": "l",
"frag": "x",
"id": "P237542.l036be",
"ref": "P237542.10.5",
"inst": "u",
"f": {"lang": "akk-x-neobab",
"form": "x",
"pos": "u"}
}
,
{
"node": "l",
"frag": "x",
"id": "P237542.l036bf",
"ref": "P237542.10.6",
"inst": "u",
"f": {"lang": "akk-x-neobab",
"form": "x",
"pos": "u"}
}
,
{
"node": "l",
"frag": "x]",
"id": "P237542.l036c0",
"ref": "P237542.10.7",
"inst": "u",
"f": {"lang": "akk-x-neobab",
"form": "x",
"pos": "u"}
}
,
{
"node": "d",
"type": "line-start",
"ref": "P237542.11",
"n": "10",
"label": "o 10"}
,
{
"node": "l",
"frag": "a-du-u₂",
"id": "P237542.l036c1",
"ref": "P237542.11.1",
"inst": "adû[now]AV",
"sig": "@saao/saa17%akk-x-neobab:a-du-u₂=adû[now//now]AV'AV$adû",
"f": {"lang": "akk-x-neobab",
"form": "a-du-u₂",
"cf": "adû",
"gw": "now",
"sense": "now",
"norm": "adû",
"pos": "AV",
"epos": "AV"}
}
,
{
"node": "l",
"frag": "⸢x⸣+[x",
"id": "P237542.l036c2",
"ref": "P237542.11.2",
"inst": "u",
"f": {"lang": "akk-x-neobab",
"form": "x+x",
"pos": "u"}
}
,
{
"node": "l",
"frag": "x",
"id": "P237542.l036c3",
"ref": "P237542.11.3",
"inst": "u",
"f": {"lang": "akk-x-neobab",
"form": "x",
"pos": "u"}
}
,
{
"node": "l",
"frag": "x",
"id": "P237542.l036c4",
"ref": "P237542.11.4",
"inst": "u",
"f": {"lang": "akk-x-neobab",
"form": "x",
"pos": "u"}
}
,
{
"node": "l",
"frag": "x",
"id": "P237542.l036c5",
"ref": "P237542.11.5",
"inst": "u",
"f": {"lang": "akk-x-neobab",
"form": "x",
"pos": "u"}
}
,
{
"node": "l",
"frag": "x",
"id": "P237542.l036c6",
"ref": "P237542.11.6",
"inst": "u",
"f": {"lang": "akk-x-neobab",
"form": "x",
"pos": "u"}
}
,
{
"node": "l",
"frag": "x",
"id": "P237542.l036c7",
"ref": "P237542.11.7",
"inst": "u",
"f": {"lang": "akk-x-neobab",
"form": "x",
"pos": "u"}
}
,
{
"node": "l",
"frag": "x]",
"id": "P237542.l036c8",
"ref": "P237542.11.8",
"inst": "u",
"f": {"lang": "akk-x-neobab",
"form": "x",
"pos": "u"}
}
,
{
"node": "d",
"type": "line-start",
"ref": "P237542.12",
"n": "11",
"label": "o 11"}
,
{
"node": "l",
"frag": "LUGAL",
"id": "P237542.l036c9",
"ref": "P237542.12.1",
"inst": "šarri[king]N",
"sig": "@saao/saa17%akk-x-neobab:LUGAL=šarru[king//king]N'N$šarri",
"f": {"lang": "akk-x-neobab",
"form": "LUGAL",
"cf": "šarru",
"gw": "king",
"sense": "king",
"norm": "šarri",
"pos": "N",
"epos": "N"}
}
,
{
"node": "l",
"frag": "be-li₂-⸢ia⸣",
"id": "P237542.l036ca",
"ref": "P237542.12.2",
"inst": "bēlīya[lord]N",
"sig": "@saao/saa17%akk-x-neobab:be-li₂-ia=bēlu[lord//lord]N'N$bēlīya",
"f": {"lang": "akk-x-neobab",
"form": "be-li₂-ia",
"cf": "bēlu",
"gw": "lord",
"sense": "lord",
"norm": "bēlīya",
"pos": "N",
"epos": "N"}
}
,
{
"node": "l",
"frag": "[x",
"id": "P237542.l036cb",
"ref": "P237542.12.3",
"inst": "u",
"f": {"lang": "akk-x-neobab",
"form": "x",
"pos": "u"}
}
,
{
"node": "l",
"frag": "x",
"id": "P237542.l036cc",
"ref": "P237542.12.4",
"inst": "u",
"f": {"lang": "akk-x-neobab",
"form": "x",
"pos": "u"}
}
,
{
"node": "l",
"frag": "x",
"id": "P237542.l036cd",
"ref": "P237542.12.5",
"inst": "u",
"f": {"lang": "akk-x-neobab",
"form": "x",
"pos": "u"}
}
,
{
"node": "l",
"frag": "x",
"id": "P237542.l036ce",
"ref": "P237542.12.6",
"inst": "u",
"f": {"lang": "akk-x-neobab",
"form": "x",
"pos": "u"}
}
,
{
"node": "l",
"frag": "x",
"id": "P237542.l036cf",
"ref": "P237542.12.7",
"inst": "u",
"f": {"lang": "akk-x-neobab",
"form": "x",
"pos": "u"}
}
,
{
"node": "l",
"frag": "x]",
"id": "P237542.l036d0",
"ref": "P237542.12.8",
"inst": "u",
"f": {"lang": "akk-x-neobab",
"form": "x",
"pos": "u"}
}
,
{
"node": "d",
"type": "line-start",
"ref": "P237542.13",
"n": "12",
"label": "o 12"}
,
{
"node": "l",
"frag": "a-na",
"id": "P237542.l036d1",
"ref": "P237542.13.1",
"inst": "ana[to]PRP",
"sig": "@saao/saa17%akk-x-neobab:a-na=ana[to//to]PRP'PRP$ana",
"f": {"lang": "akk-x-neobab",
"form": "a-na",
"cf": "ana",
"gw": "to",
"sense": "to",
"norm": "ana",
"pos": "PRP",
"epos": "PRP"}
}
,
{
"node": "l",
"frag": "LUGAL",
"id": "P237542.l036d2",
"ref": "P237542.13.2",
"inst": "šarri[king]N",
"sig": "@saao/saa17%akk-x-neobab:LUGAL=šarru[king//king]N'N$šarri",
"f": {"lang": "akk-x-neobab",
"form": "LUGAL",
"cf": "šarru",
"gw": "king",
"sense": "king",
"norm": "šarri",
"pos": "N",
"epos": "N"}
}
,
{
"node": "l",
"frag": "⸢be⸣-[li₂-ia",
"id": "P237542.l036d3",
"ref": "P237542.13.3",
"inst": "bēlīya[lord]N",
"sig": "@saao/saa17%akk-x-neobab:be-li₂-ia=bēlu[lord//lord]N'N$bēlīya",
"f": {"lang": "akk-x-neobab",
"form": "be-li₂-ia",
"cf": "bēlu",
"gw": "lord",
"sense": "lord",
"norm": "bēlīya",
"pos": "N",
"epos": "N"}
}
,
{
"node": "l",
"frag": "x",
"id": "P237542.l036d4",
"ref": "P237542.13.4",
"inst": "u",
"f": {"lang": "akk-x-neobab",
"form": "x",
"pos": "u"}
}
,
{
"node": "l",
"frag": "x",
"id": "P237542.l036d5",
"ref": "P237542.13.5",
"inst": "u",
"f": {"lang": "akk-x-neobab",
"form": "x",
"pos": "u"}
}
,
{
"node": "l",
"frag": "x",
"id": "P237542.l036d6",
"ref": "P237542.13.6",
"inst": "u",
"f": {"lang": "akk-x-neobab",
"form": "x",
"pos": "u"}
}
,
{
"node": "l",
"frag": "x]",
"id": "P237542.l036d7",
"ref": "P237542.13.7",
"inst": "u",
"f": {"lang": "akk-x-neobab",
"form": "x",
"pos": "u"}
}
,
{
"node": "d",
"type": "line-start",
"ref": "P237542.14",
"n": "13",
"label": "o 13"}
,
{
"node": "l",
"frag": "{lu₂}EN.⸢NAM⸣",
"id": "P237542.l036d8",
"ref": "P237542.14.1",
"inst": "pīhātu[responsibility//governor]N$pīhatu",
"sig": "@saao/saa17%akk-x-neobab:{LU₂}EN.NAM=pīhātu[responsibility//governor]N'N$pīhatu",
"f": {"lang": "akk-x-neobab",
"form": "{LU₂}EN.NAM",
"cf": "pīhātu",
"gw": "responsibility",
"sense": "governor",
"norm": "pīhatu",
"pos": "N",
"epos": "N"}
}
,
{
"node": "l",
"frag": "[x",
"id": "P237542.l036d9",
"ref": "P237542.14.2",
"inst": "u",
"f": {"lang": "akk-x-neobab",
"form": "x",
"pos": "u"}
}
,
{
"node": "l",
"frag": "x",
"id": "P237542.l036da",
"ref": "P237542.14.3",
"inst": "u",
"f": {"lang": "akk-x-neobab",
"form": "x",
"pos": "u"}
}
,
{
"node": "l",
"frag": "x",
"id": "P237542.l036db",
"ref": "P237542.14.4",
"inst": "u",
"f": {"lang": "akk-x-neobab",
"form": "x",
"pos": "u"}
}
,
{
"node": "l",
"frag": "x",
"id": "P237542.l036dc",
"ref": "P237542.14.5",
"inst": "u",
"f": {"lang": "akk-x-neobab",
"form": "x",
"pos": "u"}
}
,
{
"node": "l",
"frag": "x",
"id": "P237542.l036dd",
"ref": "P237542.14.6",
"inst": "u",
"f": {"lang": "akk-x-neobab",
"form": "x",
"pos": "u"}
}
,
{
"node": "l",
"frag": "x",
"id": "P237542.l036de",
"ref": "P237542.14.7",
"inst": "u",
"f": {"lang": "akk-x-neobab",
"form": "x",
"pos": "u"}
}
,
{
"node": "l",
"frag": "x]",
"id": "P237542.l036df",
"ref": "P237542.14.8",
"inst": "u",
"f": {"lang": "akk-x-neobab",
"form": "x",
"pos": "u"}
}
,
{
"node": "d",
"type": "line-start",
"ref": "P237542.15",
"n": "14",
"label": "o 14"}
,
{
"node": "l",
"frag": "ina",
"id": "P237542.l036e0",
"ref": "P237542.15.1",
"inst": "ina[in]PRP",
"sig": "@saao/saa17%akk-x-neobab:ina=ina[in//in]PRP'PRP$ina",
"f": {"lang": "akk-x-neobab",
"form": "ina",
"cf": "ina",
"gw": "in",
"sense": "in",
"norm": "ina",
"pos": "PRP",
"epos": "PRP"}
}
,
{
"node": "l",
"frag": "di-[x",
"id": "P237542.l036e1",
"ref": "P237542.15.2",
"inst": "u",
"f": {"lang": "akk-x-neobab",
"form": "di-x",
"pos": "u"}
}
,
{
"node": "l",
"frag": "x",
"id": "P237542.l036e2",
"ref": "P237542.15.3",
"inst": "u",
"f": {"lang": "akk-x-neobab",
"form": "x",
"pos": "u"}
}
,
{
"node": "l",
"frag": "x",
"id": "P237542.l036e3",
"ref": "P237542.15.4",
"inst": "u",
"f": {"lang": "akk-x-neobab",
"form": "x",
"pos": "u"}
}
,
{
"node": "l",
"frag": "x",
"id": "P237542.l036e4",
"ref": "P237542.15.5",
"inst": "u",
"f": {"lang": "akk-x-neobab",
"form": "x",
"pos": "u"}
}
,
{
"node": "l",
"frag": "x",
"id": "P237542.l036e5",
"ref": "P237542.15.6",
"inst": "u",
"f": {"lang": "akk-x-neobab",
"form": "x",
"pos": "u"}
}
,
{
"node": "l",
"frag": "x",
"id": "P237542.l036e6",
"ref": "P237542.15.7",
"inst": "u",
"f": {"lang": "akk-x-neobab",
"form": "x",
"pos": "u"}
}
,
{
"node": "l",
"frag": "x",
"id": "P237542.l036e7",
"ref": "P237542.15.8",
"inst": "u",
"f": {"lang": "akk-x-neobab",
"form": "x",
"pos": "u"}
}
,
{
"node": "l",
"frag": "x]",
"id": "P237542.l036e8",
"ref": "P237542.15.9",
"inst": "u",
"f": {"lang": "akk-x-neobab",
"form": "x",
"pos": "u"}
}
,
{
"node": "d",
"type": "nonx",
"ref": "P237542.16",
"strict": "0",
"extent": "rest",
"state": "missing"}
,
{
"node": "d",
"subtype": "reverse",
"type": "surface",
"ref": "P237542.r.17",
"type": "reverse",
"label": "r"}
,
{
"node": "d",
"type": "nonx",
"ref": "P237542.18",
"strict": "0",
"extent": "beginning",
"state": "missing"}
,
{
"node": "d",
"type": "line-start",
"ref": "P237542.19",
"n": "1'",
"label": "r 1'"}
,
{
"node": "l",
"frag": "[x",
"id": "P237542.l036e9",
"ref": "P237542.19.1",
"inst": "u",
"f": {"lang": "akk-x-neobab",
"form": "x",
"pos": "u"}
}
,
{
"node": "l",
"frag": "x",
"id": "P237542.l036ea",
"ref": "P237542.19.2",
"inst": "u",
"f": {"lang": "akk-x-neobab",
"form": "x",
"pos": "u"}
}
,
{
"node": "l",
"frag": "x",
"id": "P237542.l036eb",
"ref": "P237542.19.3",
"inst": "u",
"f": {"lang": "akk-x-neobab",
"form": "x",
"pos": "u"}
}
,
{
"node": "l",
"frag": "x",
"id": "P237542.l036ec",
"ref": "P237542.19.4",
"inst": "u",
"f": {"lang": "akk-x-neobab",
"form": "x",
"pos": "u"}
}
,
{
"node": "l",
"frag": "x]",
"id": "P237542.l036ed",
"ref": "P237542.19.5",
"inst": "u",
"f": {"lang": "akk-x-neobab",
"form": "x",
"pos": "u"}
}
,
{
"node": "l",
"frag": "⸢x⸣+[x",
"id": "P237542.l036ee",
"ref": "P237542.19.6",
"inst": "u",
"f": {"lang": "akk-x-neobab",
"form": "x+x",
"pos": "u"}
}
,
{
"node": "l",
"frag": "x",
"id": "P237542.l036ef",
"ref": "P237542.19.7",
"inst": "u",
"f": {"lang": "akk-x-neobab",
"form": "x",
"pos": "u"}
}
,
{
"node": "l",
"frag": "x",
"id": "P237542.l036f0",
"ref": "P237542.19.8",
"inst": "u",
"f": {"lang": "akk-x-neobab",
"form": "x",
"pos": "u"}
}
,
{
"node": "l",
"frag": "x",
"id": "P237542.l036f1",
"ref": "P237542.19.9",
"inst": "u",
"f": {"lang": "akk-x-neobab",
"form": "x",
"pos": "u"}
}
,
{
"node": "l",
"frag": "x]",
"id": "P237542.l036f2",
"ref": "P237542.19.10",
"inst": "u",
"f": {"lang": "akk-x-neobab",
"form": "x",
"pos": "u"}
}
,
{
"node": "d",
"type": "line-start",
"ref": "P237542.20",
"n": "2'",
"label": "r 2'"}
,
{
"node": "l",
"frag": "{1}⸢da⸣-ku-ru",
"id": "P237542.l036f3",
"ref": "P237542.20.1",
"inst": "Dakkuru[1]PN$",
"sig": "@saao/saa17%akk-x-neobab:{1}da-ku-ru=Dakkuru[1//1]PN'PN$Dakkuru",
"f": {"lang": "akk-x-neobab",
"form": "{1}da-ku-ru",
"cf": "Dakkuru",
"gw": "1",
"sense": "1",
"norm": "Dakkuru",
"pos": "PN",
"epos": "PN"}
}
,
{
"node": "l",
"frag": "KUR",
"id": "P237542.l036f4",
"ref": "P237542.20.2",
"inst": "mātu[land]N$māta",
"sig": "@saao/saa17%akk-x-neobab:KUR=mātu[land//land]N'N$māta",
"f": {"lang": "akk-x-neobab",
"form": "KUR",
"cf": "mātu",
"gw": "land",
"sense": "land",
"norm": "māta",
"pos": "N",
"epos": "N"}
}
,
{
"node": "l",
"frag": "[ra-pa-al-ti]",
"id": "P237542.l036f5",
"ref": "P237542.20.3",
"inst": "rapšu[wide]AJ$rapalti",
"sig": "@saao/saa17%akk-x-neobab:ra-pa-al-ti=rapšu[wide//wide]AJ'AJ$rapalti",
"f": {"lang": "akk-x-neobab",
"form": "ra-pa-al-ti",
"cf": "rapšu",
"gw": "wide",
"sense": "wide",
"norm": "rapalti",
"pos": "AJ",
"epos": "AJ"}
}
,
{
"node": "d",
"type": "line-start",
"ref": "P237542.21",
"n": "3'",
"label": "r 3'"}
,
{
"node": "l",
"frag": "la-ŠU.2",
"id": "P237542.l036f6",
"ref": "P237542.21.1",
"inst": "la-qāt[from the hand]PRP$",
"sig": "@saao/saa17%akk-x-neobab:la-ŠU.2=la-qāt[from the hand//from the hand]PRP'PRP$la-qāt",
"f": {"lang": "akk-x-neobab",
"form": "la-ŠU.2",
"cf": "la-qāt",
"gw": "from the hand",
"sense": "from the hand",
"norm": "la-qāt",
"pos": "PRP",
"epos": "PRP"}
}
,
{
"node": "l",
"frag": "LUGAL",
"id": "P237542.l036f7",
"ref": "P237542.21.2",
"inst": "šarri[king]N",
"sig": "@saao/saa17%akk-x-neobab:LUGAL=šarru[king//king]N'N$šarri",
"f": {"lang": "akk-x-neobab",
"form": "LUGAL",
"cf": "šarru",
"gw": "king",
"sense": "king",
"norm": "šarri",
"pos": "N",
"epos": "N"}
}
,
{
"node": "l",
"frag": "be-li₂-[ia",
"id": "P237542.l036f8",
"ref": "P237542.21.3",
"inst": "bēlīya[lord]N",
"sig": "@saao/saa17%akk-x-neobab:be-li₂-ia=bēlu[lord//lord]N'N$bēlīya",
"f": {"lang": "akk-x-neobab",
"form": "be-li₂-ia",
"cf": "bēlu",
"gw": "lord",
"sense": "lord",
"norm": "bēlīya",
"pos": "N",
"epos": "N"}
}
,
{
"node": "l",
"frag": "ul-la-ma]",
"id": "P237542.l036f9",
"ref": "P237542.21.4",
"inst": "elû[go up//remove]V$ullâma",
"sig": "@saao/saa17%akk-x-neobab:ul-la-ma=elû[go up//remove]V'V$ullâma",
"f": {"lang": "akk-x-neobab",
"form": "ul-la-ma",
"cf": "elû",
"gw": "go up",
"sense": "remove",
"norm": "ullâma",
"pos": "V",
"epos": "V"}
}
,
{
"node": "d",
"type": "line-start",
"ref": "P237542.22",
"n": "4'",
"label": "r 4'"}
,
{
"node": "l",
"frag": "a-na",
"id": "P237542.l036fa",
"ref": "P237542.22.1",
"inst": "ana[to+=to]PRP$",
"sig": "@saao/saa17%akk-x-neobab:a-na=ana[to//to]PRP'PRP$ana",
"f": {"lang": "akk-x-neobab",
"form": "a-na",
"cf": "ana",
"gw": "to",
"sense": "to",
"norm": "ana",
"pos": "PRP",
"epos": "PRP"}
}
,
{
"node": "l",
"frag": "pa-an",
"id": "P237542.l036fb",
"ref": "P237542.22.2",
"inst": "pānu[front]N$pān",
"sig": "@saao/saa17%akk-x-neobab:pa-an=pānu[front//front]N'N$pān",
"f": {"lang": "akk-x-neobab",
"form": "pa-an",
"cf": "pānu",
"gw": "front",
"sense": "front",
"norm": "pān",
"pos": "N",
"epos": "N"}
}
,
{
"node": "l",
"frag": "LUGAL",
"id": "P237542.l036fc",
"ref": "P237542.22.3",
"inst": "šarri[king]N",
"sig": "@saao/saa17%akk-x-neobab:LUGAL=šarru[king//king]N'N$šarri",
"f": {"lang": "akk-x-neobab",
"form": "LUGAL",
"cf": "šarru",
"gw": "king",
"sense": "king",
"norm": "šarri",
"pos": "N",
"epos": "N"}
}
,
{
"node": "l",
"frag": "be-⸢li₂⸣-[ia",
"id": "P237542.l036fd",
"ref": "P237542.22.4",
"inst": "bēlīya[lord]N",
"sig": "@saao/saa17%akk-x-neobab:be-li₂-ia=bēlu[lord//lord]N'N$bēlīya",
"f": {"lang": "akk-x-neobab",
"form": "be-li₂-ia",
"cf": "bēlu",
"gw": "lord",
"sense": "lord",
"norm": "bēlīya",
"pos": "N",
"epos": "N"}
}
,
{
"node": "l",
"frag": "al-lak]",
"id": "P237542.l036fe",
"ref": "P237542.22.5",
"inst": "allak[go]V",
"sig": "@saao/saa17%akk-x-neobab:al-lak=alāku[go//go]V'V$allak",
"f": {"lang": "akk-x-neobab",
"form": "al-lak",
"cf": "alāku",
"gw": "go",
"sense": "go",
"norm": "allak",
"pos": "V",
"epos": "V"}
}
,
{
"node": "d",
"type": "line-start",
"ref": "P237542.23",
"n": "5'",
"label": "r 5'"}
,
{
"node": "l",
"frag": "{1}ma-hu-ma-a.a",
"id": "P237542.l036ff",
"ref": "P237542.23.1",
"inst": "Mahumaya[1]PN",
"sig": "@saao/saa17%akk-x-neobab:{1}ma-hu-ma-a.a=Mahumaya[1//1]PN'PN$Mahumaya",
"f": {"lang": "akk-x-neobab",
"form": "{1}ma-hu-ma-a.a",
"cf": "Mahumaya",
"gw": "1",
"sense": "1",
"norm": "Mahumaya",
"pos": "PN",
"epos": "PN"}
}
,
{
"node": "l",
"frag": "[šu₂-u₂",
"id": "P237542.l03700",
"ref": "P237542.23.2",
"inst": "šû[he]IP",
"sig": "@saao/saa17%akk-x-neobab:šu₂-u₂=šū[he//he]IP'IP$šû",
"f": {"lang": "akk-x-neobab",
"form": "šu₂-u₂",
"cf": "šū",
"gw": "he",
"sense": "he",
"norm": "šû",
"pos": "IP",
"epos": "IP"}
}
,
{
"node": "l",
"frag": "i-na]",
"id": "P237542.l03701",
"ref": "P237542.23.3",
"inst": "ina[in+=there]PRP",
"sig": "@saao/saa17%akk-x-neobab:i-na=ina[in//in]PRP'PRP$ina",
"f": {"lang": "akk-x-neobab",
"form": "i-na",
"cf": "ina",
"gw": "in",
"sense": "in",
"norm": "ina",
"pos": "PRP",
"epos": "PRP"}
}
,
{
"node": "d",
"type": "line-start",
"ref": "P237542.24",
"n": "6'",
"label": "r 6'"}
,
{
"node": "l",
"frag": "ŠA₃-bi",
"id": "P237542.l03702",
"ref": "P237542.24.1",
"inst": "libbi[interior]N",
"sig": "@saao/saa17%akk-x-neobab:ŠA₃-bi=libbu[interior//interior]N'N$libbi",
"f": {"lang": "akk-x-neobab",
"form": "ŠA₃-bi",
"cf": "libbu",
"gw": "interior",
"sense": "interior",
"norm": "libbi",
"pos": "N",
"epos": "N"}
}
,
{
"node": "l",
"frag": "{na₄}u₂-ra-[a-ka",
"id": "P237542.l03703",
"ref": "P237542.24.2",
"inst": "urāku[rod//chisel]N$urāka",
"sig": "@saao/saa17%akk-x-neobab:{NA₄}u₂-ra-a-ka=urāku[rod//chisel]N'N$urāka",
"f": {"lang": "akk-x-neobab",
"form": "{NA₄}u₂-ra-a-ka",
"cf": "urāku",
"gw": "rod",
"sense": "chisel",
"norm": "urāka",
"pos": "N",
"epos": "N"}
}
,
{
"node": "l",
"frag": "ut-tir-ru",
"id": "P237542.l03704",
"ref": "P237542.24.3",
"inst": "târu[turn//turn into]V$uttirrū",
"sig": "@saao/saa17%akk-x-neobab:ut-tir-ru=târu[turn//turn into]V'V$uttirrū",
"f": {"lang": "akk-x-neobab",
"form": "ut-tir-ru",
"cf": "târu",
"gw": "turn",
"sense": "turn into",
"norm": "uttirrū",
"pos": "V",
"epos": "V"}
}
,
{
"node": "l",
"frag": "{lu₂}x",
"id": "P237542.l03705",
"ref": "P237542.24.4",
"inst": "u",
"f": {"lang": "akk-x-neobab",
"form": "{LU₂}x",
"pos": "u"}
}
,
{
"node": "l",
"frag": "x]",
"id": "P237542.l03706",
"ref": "P237542.24.5",
"inst": "u",
"f": {"lang": "akk-x-neobab",
"form": "x",
"pos": "u"}
}
,
{
"node": "d",
"type": "line-start",
"ref": "P237542.25",
"n": "7'",
"label": "r 7'"}
,
{
"node": "l",
"frag": "a-du-u₂",
"id": "P237542.l03707",
"ref": "P237542.25.1",
"inst": "adû[now]AV",
"sig": "@saao/saa17%akk-x-neobab:a-du-u₂=adû[now//now]AV'AV$adû",
"f": {"lang": "akk-x-neobab",
"form": "a-du-u₂",
"cf": "adû",
"gw": "now",
"sense": "now",
"norm": "adû",
"pos": "AV",
"epos": "AV"}
}
,
{
"node": "l",
"frag": "pa-an",
"id": "P237542.l03708",
"ref": "P237542.25.2",
"inst": "pānu[front+=wait for someone]N$pān",
"sig": "@saao/saa17%akk-x-neobab:pa-an=pānu[front//front]N'N$pān",
"f": {"lang": "akk-x-neobab",
"form": "pa-an",
"cf": "pānu",
"gw": "front",
"sense": "front",
"norm": "pān",
"pos": "N",
"epos": "N"}
}
,
{
"node": "l",
"frag": "LUGAL",
"id": "P237542.l03709",
"ref": "P237542.25.3",
"inst": "-šarri[king]N",
"sig": "@saao/saa17%akk-x-neobab:LUGAL=šarru[king//king]N'N$šarri",
"f": {"lang": "akk-x-neobab",
"form": "LUGAL",
"cf": "šarru",
"gw": "king",
"sense": "king",
"norm": "šarri",
"pos": "N",
"epos": "N"}
}
,
{
"node": "l",
"frag": "be-li₂-[ia",
"id": "P237542.l0370a",
"ref": "P237542.25.4",
"inst": "-bēlīya[lord]N",
"sig": "@saao/saa17%akk-x-neobab:be-li₂-ia=bēlu[lord//lord]N'N$bēlīya",
"f": {"lang": "akk-x-neobab",
"form": "be-li₂-ia",
"cf": "bēlu",
"gw": "lord",
"sense": "lord",
"norm": "bēlīya",
"pos": "N",
"epos": "N"}
}
,
{
"node": "l",
"frag": "a-dag-gal]",
"id": "P237542.l0370b",
"ref": "P237542.25.5",
"inst": "dagālu[see]V$adaggal",
"sig": "@saao/saa17%akk-x-neobab:a-dag-gal=dagālu[see//see]V'V$adaggal",
"f": {"lang": "akk-x-neobab",
"form": "a-dag-gal",
"cf": "dagālu",
"gw": "see",
"sense": "see",
"norm": "adaggal",
"pos": "V",
"epos": "V"}
}
,
{
"node": "d",
"type": "line-start",
"ref": "P237542.26",
"n": "8'",
"label": "r 8'"}
,
{
"node": "l",
"frag": "a-ga-a",
"id": "P237542.l0370c",
"ref": "P237542.26.1",
"inst": "agâ[this]DP$",
"sig": "@saao/saa17%akk-x-neobab:a-ga-a=agâ[this//this]DP'DP$agâ",
"f": {"lang": "akk-x-neobab",
"form": "a-ga-a",
"cf": "agâ",
"gw": "this",
"sense": "this",
"norm": "agâ",
"pos": "DP",
"epos": "DP"}
}
,
{
"node": "l",
"frag": "šu-tu-u₂",
"id": "P237542.l0370d",
"ref": "P237542.26.2",
"inst": "šūtu[he]IP$šūtû",
"sig": "@saao/saa17%akk-x-neobab:šu-tu-u₂=šūtu[he//he]IP'IP$šūtû",
"f": {"lang": "akk-x-neobab",
"form": "šu-tu-u₂",
"cf": "šūtu",
"gw": "he",
"sense": "he",
"norm": "šūtû",
"pos": "IP",
"epos": "IP"}
}
,
{
"node": "l",
"frag": "[bu-qu-ru",
"id": "P237542.l0370e",
"ref": "P237542.26.3",
"inst": "buqurrû[legal claim]N$",
"sig": "@saao/saa17%akk-x-neobab:bu-qu-ru=buqurrû[legal claim//legal claim]N'N$buqurrû",
"f": {"lang": "akk-x-neobab",
"form": "bu-qu-ru",
"cf": "buqurrû",
"gw": "legal claim",
"sense": "legal claim",
"norm": "buqurrû",
"pos": "N",
"epos": "N"}
}
,
{
"node": "l",
"frag": "x",
"id": "P237542.l0370f",
"ref": "P237542.26.4",
"inst": "u",
"f": {"lang": "akk-x-neobab",
"form": "x",
"pos": "u"}
}
,
{
"node": "l",
"frag": "x]",
"id": "P237542.l03710",
"ref": "P237542.26.5",
"inst": "u",
"f": {"lang": "akk-x-neobab",
"form": "x",
"pos": "u"}
}
,
{
"node": "d",
"type": "line-start",
"ref": "P237542.27",
"n": "9'",
"label": "r 9'"}
,
{
"node": "l",
"frag": "ša₂",
"id": "P237542.l03711",
"ref": "P237542.27.1",
"inst": "ša[that]REL",
"sig": "@saao/saa17%akk-x-neobab:ša₂=ša[that//that]REL'REL$ša",
"f": {"lang": "akk-x-neobab",
"form": "ša₂",
"cf": "ša",
"gw": "that",
"sense": "that",
"norm": "ša",
"pos": "REL",
"epos": "REL"}
}
,
{
"node": "l",
"frag": "LUGAL",
"id": "P237542.l03712",
"ref": "P237542.27.2",
"inst": "šarru[king]N",
"sig": "@saao/saa17%akk-x-neobab:LUGAL=šarru[king//king]N'N$šarru",
"f": {"lang": "akk-x-neobab",
"form": "LUGAL",
"cf": "šarru",
"gw": "king",
"sense": "king",
"norm": "šarru",
"pos": "N",
"epos": "N"}
}
,
{
"node": "l",
"frag": "be-li₂",
"id": "P237542.l03713",
"ref": "P237542.27.3",
"inst": "bēlī[lord]N",
"sig": "@saao/saa17%akk-x-neobab:be-li₂=bēlu[lord//lord]N'N$bēlī",
"f": {"lang": "akk-x-neobab",
"form": "be-li₂",
"cf": "bēlu",
"gw": "lord",
"sense": "lord",
"norm": "bēlī",
"pos": "N",
"epos": "N"}
}
,
{
"node": "l",
"frag": "ina",
"id": "P237542.l03714",
"ref": "P237542.27.4",
"inst": "ina[in+=in the presence of]PRP$",
"sig": "@saao/saa17%akk-x-neobab:ina=ina[in//in]PRP'PRP$ina",
"f": {"lang": "akk-x-neobab",
"form": "ina",
"cf": "ina",
"gw": "in",
"sense": "in",
"norm": "ina",
"pos": "PRP",
"epos": "PRP"}
}
,
{
"node": "l",
"frag": "pa-ni-[šu",
"id": "P237542.l03715",
"ref": "P237542.27.5",
"inst": "pānu[front]N$pānīšu",
"sig": "@saao/saa17%akk-x-neobab:pa-ni-šu=pānu[front//front]N'N$pānīšu",
"f": {"lang": "akk-x-neobab",
"form": "pa-ni-šu",
"cf": "pānu",
"gw": "front",
"sense": "front",
"norm": "pānīšu",
"pos": "N",
"epos": "N"}
}
,
{
"node": "l",
"frag": "x",
"id": "P237542.l03716",
"ref": "P237542.27.6",
"inst": "u",
"f": {"lang": "akk-x-neobab",
"form": "x",
"pos": "u"}
}
,
{
"node": "l",
"frag": "x",
"id": "P237542.l03717",
"ref": "P237542.27.7",
"inst": "u",
"f": {"lang": "akk-x-neobab",
"form": "x",
"pos": "u"}
}
,
{
"node": "l",
"frag": "x]",
"id": "P237542.l03718",
"ref": "P237542.27.8",
"inst": "u",
"f": {"lang": "akk-x-neobab",
"form": "x",
"pos": "u"}
}
,
{
"node": "d",
"type": "line-start",
"ref": "P237542.28",
"n": "10'",
"label": "r 10'"}
,
{
"node": "l",
"frag": "ina",
"id": "P237542.l03719",
"ref": "P237542.28.1",
"inst": "ina[in]PRP",
"sig": "@saao/saa17%akk-x-neobab:ina=ina[in//in]PRP'PRP$ina",
"f": {"lang": "akk-x-neobab",
"form": "ina",
"cf": "ina",
"gw": "in",
"sense": "in",
"norm": "ina",
"pos": "PRP",
"epos": "PRP"}
}
,
{
"node": "l",
"frag": "ŠA₃-bi-ia",
"id": "P237542.l0371a",
"ref": "P237542.28.2",
"inst": "!+libbu[interior//heart]N$libbīya",
"sig": "@saao/saa17%akk-x-neobab:ŠA₃-bi-ia=libbu[interior//heart]N'N$libbīya",
"f": {"lang": "akk-x-neobab",
"form": "ŠA₃-bi-ia",
"cf": "libbu",
"gw": "interior",
"sense": "heart",
"norm": "libbīya",
"pos": "N",
"epos": "N"}
}
,
{
"node": "l",
"frag": "ṣi-⸢ib⸣-[ti",
"id": "P237542.l0371b",
"ref": "P237542.28.3",
"inst": "+ṣibtu[seizure//wish(?)]N$ṣibti",
"sig": "@saao/saa17%akk-x-neobab:ṣi-ib-ti=ṣibtu[seizure//wish(?)]N'N$ṣibti",
"f": {"lang": "akk-x-neobab",
"form": "ṣi-ib-ti",
"cf": "ṣibtu",
"gw": "seizure",
"sense": "wish(?)",
"norm": "ṣibti",
"pos": "N",
"epos": "N"}
}
,
{
"node": "l",
"frag": "x",
"id": "P237542.l0371c",
"ref": "P237542.28.4",
"inst": "u",
"f": {"lang": "akk-x-neobab",
"form": "x",
"pos": "u"}
}
,
{
"node": "l",
"frag": "x",
"id": "P237542.l0371d",
"ref": "P237542.28.5",
"inst": "u",
"f": {"lang": "akk-x-neobab",
"form": "x",
"pos": "u"}
}
,
{
"node": "l",
"frag": "x",
"id": "P237542.l0371e",
"ref": "P237542.28.6",
"inst": "u",
"f": {"lang": "akk-x-neobab",
"form": "x",
"pos": "u"}
}
,
{
"node": "l",
"frag": "x]",
"id": "P237542.l0371f",
"ref": "P237542.28.7",
"inst": "u",
"f": {"lang": "akk-x-neobab",
"form": "x",
"pos": "u"}
}
,
{
"node": "d",
"type": "line-start",
"ref": "P237542.29",
"n": "11'",
"label": "r 11'"}
,
{
"node": "l",
"frag": "a-di",
"id": "P237542.l03720",
"ref": "P237542.29.1",
"inst": "adi[until]PRP",
"sig": "@saao/saa17%akk-x-neobab:a-di=adi[until//until]PRP'PRP$adi",
"f": {"lang": "akk-x-neobab",
"form": "a-di",
"cf": "adi",
"gw": "until",
"sense": "until",
"norm": "adi",
"pos": "PRP",
"epos": "PRP"}
}
,
{
"node": "l",
"frag": "la",
"id": "P237542.l03721",
"ref": "P237542.29.2",
"inst": "lā[not]MOD",
"sig": "@saao/saa17%akk-x-neobab:la=lā[not//not]MOD'MOD$lā",
"f": {"lang": "akk-x-neobab",
"form": "la",
"cf": "lā",
"gw": "not",
"sense": "not",
"norm": "lā",
"pos": "MOD",
"epos": "MOD"}
}
,
{
"node": "l",
"frag": "šu-u₂",
"id": "P237542.l03722",
"ref": "P237542.29.3",
"inst": "šû[he]IP",
"sig": "@saao/saa17%akk-x-neobab:šu-u₂=šū[he//he]IP'IP$šû",
"f": {"lang": "akk-x-neobab",
"form": "šu-u₂",
"cf": "šū",
"gw": "he",
"sense": "he",
"norm": "šû",
"pos": "IP",
"epos": "IP"}
}
,
{
"node": "l",
"frag": "⸢x⸣+[x",
"id": "P237542.l03723",
"ref": "P237542.29.4",
"inst": "u",
"f": {"lang": "akk-x-neobab",
"form": "x+x",
"pos": "u"}
}
,
{
"node": "l",
"frag": "x",
"id": "P237542.l03724",
"ref": "P237542.29.5",
"inst": "u",
"f": {"lang": "akk-x-neobab",
"form": "x",
"pos": "u"}
}
,
{
"node": "l",
"frag": "x",
"id": "P237542.l03725",
"ref": "P237542.29.6",
"inst": "u",
"f": {"lang": "akk-x-neobab",
"form": "x",
"pos": "u"}
}
,
{
"node": "l",
"frag": "x]",
"id": "P237542.l03726",
"ref": "P237542.29.7",
"inst": "u",
"f": {"lang": "akk-x-neobab",
"form": "x",
"pos": "u"}
}
,
{
"node": "d",
"type": "line-start",
"ref": "P237542.30",
"n": "12'",
"label": "r 12'"}
,
{
"node": "l",
"frag": "u₃",
"id": "P237542.l03727",
"ref": "P237542.30.1",
"inst": "u[and]CNJ",
"sig": "@saao/saa17%akk-x-neobab:u₃=u[and//and]CNJ'CNJ$u",
"f": {"lang": "akk-x-neobab",
"form": "u₃",
"cf": "u",
"gw": "and",
"sense": "and",
"norm": "u",
"pos": "CNJ",
"epos": "CNJ"}
}
,
{
"node": "l",
"frag": "a-na",
"id": "P237542.l03728",
"ref": "P237542.30.2",
"inst": "ana[to]PRP",
"sig": "@saao/saa17%akk-x-neobab:a-na=ana[to//to]PRP'PRP$ana",
"f": {"lang": "akk-x-neobab",
"form": "a-na",
"cf": "ana",
"gw": "to",
"sense": "to",
"norm": "ana",
"pos": "PRP",
"epos": "PRP"}
}
,
{
"node": "l",
"frag": "a-gan-nu-[tu₂",
"id": "P237542.l03729",
"ref": "P237542.30.3",
"inst": "agannû[these]DP$agannūtu",
"sig": "@saao/saa17%akk-x-neobab:a-gan-nu-tu₂=agannû[these//these]DP'DP$agannūtu",
"f": {"lang": "akk-x-neobab",
"form": "a-gan-nu-tu₂",
"cf": "agannû",
"gw": "these",
"sense": "these",
"norm": "agannūtu",
"pos": "DP",
"epos": "DP"}
}
,
{
"node": "l",
"frag": "x",
"id": "P237542.l0372a",
"ref": "P237542.30.4",
"inst": "u",
"f": {"lang": "akk-x-neobab",
"form": "x",
"pos": "u"}
}
,
{
"node": "l",
"frag": "x",
"id": "P237542.l0372b",
"ref": "P237542.30.5",
"inst": "u",
"f": {"lang": "akk-x-neobab",
"form": "x",
"pos": "u"}
}
,
{
"node": "l",
"frag": "x",
"id": "P237542.l0372c",
"ref": "P237542.30.6",
"inst": "u",
"f": {"lang": "akk-x-neobab",
"form": "x",
"pos": "u"}
}
,
{
"node": "l",
"frag": "x]",
"id": "P237542.l0372d",
"ref": "P237542.30.7",
"inst": "u",
"f": {"lang": "akk-x-neobab",
"form": "x",
"pos": "u"}
}
,
{
"node": "d",
"type": "line-start",
"ref": "P237542.31",
"n": "13'",
"label": "r 13'"}
,
{
"node": "l",
"frag": "iṣ-bi-an-ni",
"id": "P237542.l0372e",
"ref": "P237542.31.1",
"inst": "ṣabû[wish (for)]V$iṣbianni",
"sig": "@saao/saa17%akk-x-neobab:iṣ-bi-an-ni=ṣabû[wish (for)//wish (for)]V'V$iṣbianni",
"f": {"lang": "akk-x-neobab",
"form": "iṣ-bi-an-ni",
"cf": "ṣabû",
"gw": "wish (for)",
"sense": "wish (for)",
"norm": "iṣbianni",
"pos": "V",
"epos": "V"}
}
,
{
"node": "l",
"frag": "u",
"id": "P237542.l0372f",
"ref": "P237542.31.2",
"inst": "u[and]CNJ",
"sig": "@saao/saa17%akk-x-neobab:u=u[and//and]CNJ'CNJ$u",
"f": {"lang": "akk-x-neobab",
"form": "u",
"cf": "u",
"gw": "and",
"sense": "and",
"norm": "u",
"pos": "CNJ",
"epos": "CNJ"}
}
,
{
"node": "l",
"frag": "[x",
"id": "P237542.l03730",
"ref": "P237542.31.3",
"inst": "u",
"f": {"lang": "akk-x-neobab",
"form": "x",
"pos": "u"}
}
,
{
"node": "l",
"frag": "x",
"id": "P237542.l03731",
"ref": "P237542.31.4",
"inst": "u",
"f": {"lang": "akk-x-neobab",
"form": "x",
"pos": "u"}
}
,
{
"node": "l",
"frag": "x",
"id": "P237542.l03732",
"ref": "P237542.31.5",
"inst": "u",
"f": {"lang": "akk-x-neobab",
"form": "x",
"pos": "u"}
}
,
{
"node": "l",
"frag": "x",
"id": "P237542.l03733",
"ref": "P237542.31.6",
"inst": "u",
"f": {"lang": "akk-x-neobab",
"form": "x",
"pos": "u"}
}
,
{
"node": "l",
"frag": "x",
"id": "P237542.l03734",
"ref": "P237542.31.7",
"inst": "u",
"f": {"lang": "akk-x-neobab",
"form": "x",
"pos": "u"}
}
,
{
"node": "l",
"frag": "x]",
"id": "P237542.l03735",
"ref": "P237542.31.8",
"inst": "u",
"f": {"lang": "akk-x-neobab",
"form": "x",
"pos": "u"}
}
,
{
"node": "d",
"type": "line-start",
"ref": "P237542.32",
"n": "14'",
"label": "r 14'"}
,
{
"node": "l",
"frag": "ŠA₃-ba-a",
"id": "P237542.l03736",
"ref": "P237542.32.1",
"inst": "libbu[interior//heart]N$libbā",
"sig": "@saao/saa17%akk-x-neobab:ŠA₃-ba-a=libbu[interior//heart]N'N$libbā",
"f": {"lang": "akk-x-neobab",
"form": "ŠA₃-ba-a",
"cf": "libbu",
"gw": "interior",
"sense": "heart",
"norm": "libbā",
"pos": "N",
"epos": "N"}
}
,
{
"node": "l",
"frag": "ul",
"id": "P237542.l03737",
"ref": "P237542.32.2",
"inst": "ul[not]MOD$",
"sig": "@saao/saa17%akk-x-neobab:ul=ul[not//not]MOD'MOD$ul",
"f": {"lang": "akk-x-neobab",
"form": "ul",
"cf": "ul",
"gw": "not",
"sense": "not",
"norm": "ul",
"pos": "MOD",
"epos": "MOD"}
}
,
{
"node": "l",
"frag": "[x",
"id": "P237542.l03738",
"ref": "P237542.32.3",
"inst": "u",
"f": {"lang": "akk-x-neobab",
"form": "x",
"pos": "u"}
}
,
{
"node": "l",
"frag": "x",
"id": "P237542.l03739",
"ref": "P237542.32.4",
"inst": "u",
"f": {"lang": "akk-x-neobab",
"form": "x",
"pos": "u"}
}
,
{
"node": "l",
"frag": "x",
"id": "P237542.l0373a",
"ref": "P237542.32.5",
"inst": "u",
"f": {"lang": "akk-x-neobab",
"form": "x",
"pos": "u"}
}
,
{
"node": "l",
"frag": "x",
"id": "P237542.l0373b",
"ref": "P237542.32.6",
"inst": "u",
"f": {"lang": "akk-x-neobab",
"form": "x",
"pos": "u"}
}
,
{
"node": "l",
"frag": "x",
"id": "P237542.l0373c",
"ref": "P237542.32.7",
"inst": "u",
"f": {"lang": "akk-x-neobab",
"form": "x",
"pos": "u"}
}
,
{
"node": "l",
"frag": "x",
"id": "P237542.l0373d",
"ref": "P237542.32.8",
"inst": "u",
"f": {"lang": "akk-x-neobab",
"form": "x",
"pos": "u"}
}
,
{
"node": "l",
"frag": "x]",
"id": "P237542.l0373e",
"ref": "P237542.32.9",
"inst": "u",
"f": {"lang": "akk-x-neobab",
"form": "x",
"pos": "u"}
}
,
{
"node": "d",
"type": "line-start",
"ref": "P237542.33",
"n": "15'",
"label": "r 15'"}
,
{
"node": "l",
"frag": "mi-nam-ma",
"id": "P237542.l0373f",
"ref": "P237542.33.1",
"inst": "minamma[why?]QP",
"sig": "@saao/saa17%akk-x-neobab:mi-nam-ma=minamma[why?//why?]QP'QP$minamma",
"f": {"lang": "akk-x-neobab",
"form": "mi-nam-ma",
"cf": "minamma",
"gw": "why?",
"sense": "why?",
"norm": "minamma",
"pos": "QP",
"epos": "QP"}
}
,
{
"node": "l",
"frag": "ina",
"id": "P237542.l03740",
"ref": "P237542.33.2",
"inst": "ina[in]PRP",
"sig": "@saao/saa17%akk-x-neobab:ina=ina[in//in]PRP'PRP$ina",
"f": {"lang": "akk-x-neobab",
"form": "ina",
"cf": "ina",
"gw": "in",
"sense": "in",
"norm": "ina",
"pos": "PRP",
"epos": "PRP"}
}
,
{
"node": "l",
"frag": "[x",
"id": "P237542.l03741",
"ref": "P237542.33.3",
"inst": "u",
"f": {"lang": "akk-x-neobab",
"form": "x",
"pos": "u"}
}
,
{
"node": "l",
"frag": "x",
"id": "P237542.l03742",
"ref": "P237542.33.4",
"inst": "u",
"f": {"lang": "akk-x-neobab",
"form": "x",
"pos": "u"}
}
,
{
"node": "l",
"frag": "x",
"id": "P237542.l03743",
"ref": "P237542.33.5",
"inst": "u",
"f": {"lang": "akk-x-neobab",
"form": "x",
"pos": "u"}
}
,
{
"node": "l",
"frag": "x",
"id": "P237542.l03744",
"ref": "P237542.33.6",
"inst": "u",
"f": {"lang": "akk-x-neobab",
"form": "x",
"pos": "u"}
}
,
{
"node": "l",
"frag": "x",
"id": "P237542.l03745",
"ref": "P237542.33.7",
"inst": "u",
"f": {"lang": "akk-x-neobab",
"form": "x",
"pos": "u"}
}
,
{
"node": "l",
"frag": "x]",
"id": "P237542.l03746",
"ref": "P237542.33.8",
"inst": "u",
"f": {"lang": "akk-x-neobab",
"form": "x",
"pos": "u"}
}
,
{
"node": "d",
"type": "line-start",
"ref": "P237542.34",
"n": "16'",
"label": "r 16'"}
,
{
"node": "l",
"frag": "a-na",
"id": "P237542.l03747",
"ref": "P237542.34.1",
"inst": "ana[to+=against]PRP",
"sig": "@saao/saa17%akk-x-neobab:a-na=ana[to//to]PRP'PRP$ana",
"f": {"lang": "akk-x-neobab",
"form": "a-na",
"cf": "ana",
"gw": "to",
"sense": "to",
"norm": "ana",
"pos": "PRP",
"epos": "PRP"}
}
,
{
"node": "l",
"frag": "tar-ṣi",
"id": "P237542.l03748",
"ref": "P237542.34.2",
"inst": "tarṣu[extent]N$tarṣi",
"sig": "@saao/saa17%akk-x-neobab:tar-ṣi=tarṣu[extent//extent]N'N$tarṣi",
"f": {"lang": "akk-x-neobab",
"form": "tar-ṣi",
"cf": "tarṣu",
"gw": "extent",
"sense": "extent",
"norm": "tarṣi",
"pos": "N",
"epos": "N"}
}
,
{
"node": "l",
"frag": "[x",
"id": "P237542.l03749",
"ref": "P237542.34.3",
"inst": "u",
"f": {"lang": "akk-x-neobab",
"form": "x",
"pos": "u"}
}
,
{
"node": "l",
"frag": "x",
"id": "P237542.l0374a",
"ref": "P237542.34.4",
"inst": "u",
"f": {"lang": "akk-x-neobab",
"form": "x",
"pos": "u"}
}
,
{
"node": "l",
"frag": "x",
"id": "P237542.l0374b",
"ref": "P237542.34.5",
"inst": "u",
"f": {"lang": "akk-x-neobab",
"form": "x",
"pos": "u"}
}
,
{
"node": "l",
"frag": "x",
"id": "P237542.l0374c",
"ref": "P237542.34.6",
"inst": "u",
"f": {"lang": "akk-x-neobab",
"form": "x",
"pos": "u"}
}
,
{
"node": "l",
"frag": "x",
"id": "P237542.l0374d",
"ref": "P237542.34.7",
"inst": "u",
"f": {"lang": "akk-x-neobab",
"form": "x",
"pos": "u"}
}
,
{
"node": "l",
"frag": "x",
"id": "P237542.l0374e",
"ref": "P237542.34.8",
"inst": "u",
"f": {"lang": "akk-x-neobab",
"form": "x",
"pos": "u"}
}
,
{
"node": "l",
"frag": "x]",
"id": "P237542.l0374f",
"ref": "P237542.34.9",
"inst": "u",
"f": {"lang": "akk-x-neobab",
"form": "x",
"pos": "u"}
}
,
{
"node": "d",
"type": "line-start",
"ref": "P237542.35",
"n": "17'",
"label": "r 17'"}
,
{
"node": "l",
"frag": "u₂-šu-za-ku",
"id": "P237542.l03750",
"ref": "P237542.35.1",
"inst": "ušuzzāyu[standing]AJ$ušuzzāku",
"sig": "@saao/saa17%akk-x-neobab:u₂-šu-za-ku=ušuzzāyu[standing//standing]AJ'AJ$ušuzzāku",
"f": {"lang": "akk-x-neobab",
"form": "u₂-šu-za-ku",
"cf": "ušuzzāyu",
"gw": "standing",
"sense": "standing",
"norm": "ušuzzāku",
"pos": "AJ",
"epos": "AJ"}
}
,
{
"node": "l",
"frag": "[x",
"id": "P237542.l03751",
"ref": "P237542.35.2",
"inst": "u",
"f": {"lang": "akk-x-neobab",
"form": "x",
"pos": "u"}
}
,
{
"node": "l",
"frag": "x",
"id": "P237542.l03752",
"ref": "P237542.35.3",
"inst": "u",
"f": {"lang": "akk-x-neobab",
"form": "x",
"pos": "u"}
}
,
{
"node": "l",
"frag": "x",
"id": "P237542.l03753",
"ref": "P237542.35.4",
"inst": "u",
"f": {"lang": "akk-x-neobab",
"form": "x",
"pos": "u"}
}
,
{
"node": "l",
"frag": "x",
"id": "P237542.l03754",
"ref": "P237542.35.5",
"inst": "u",
"f": {"lang": "akk-x-neobab",
"form": "x",
"pos": "u"}
}
,
{
"node": "l",
"frag": "x",
"id": "P237542.l03755",
"ref": "P237542.35.6",
"inst": "u",
"f": {"lang": "akk-x-neobab",
"form": "x",
"pos": "u"}
}
,
{
"node": "l",
"frag": "x",
"id": "P237542.l03756",
"ref": "P237542.35.7",
"inst": "u",
"f": {"lang": "akk-x-neobab",
"form": "x",
"pos": "u"}
}
,
{
"node": "l",
"frag": "x]",
"id": "P237542.l03757",
"ref": "P237542.35.8",
"inst": "u",
"f": {"lang": "akk-x-neobab",
"form": "x",
"pos": "u"}
}
,
{
"node": "d",
"type": "line-start",
"ref": "P237542.36",
"n": "18'",
"label": "r 18'"}
,
{
"node": "l",
"frag": "DUMU",
"id": "P237542.l03758",
"ref": "P237542.36.1",
"inst": "mār[son]N",
"sig": "@saao/saa17%akk-x-neobab:DUMU=māru[son//son]N'N$mār",
"f": {"lang": "akk-x-neobab",
"form": "DUMU",
"cf": "māru",
"gw": "son",
"sense": "son",
"norm": "mār",
"pos": "N",
"epos": "N"}
}
,
{
"node": "l",
"frag": "{1}LUGAL-GIN",
"id": "P237542.l03759",
"ref": "P237542.36.2",
"inst": "Šarru-ken[Sargon II]PN$",
"sig": "@saao/saa17%akk-x-neobab:{1}LUGAL-GIN=Šarru-ken[Sargon II//Sargon II]PN'PN$Šarru-ken",
"f": {"lang": "akk-x-neobab",
"form": "{1}LUGAL-GIN",
"cf": "Šarru-ken",
"gw": "Sargon II",
"sense": "Sargon II",
"norm": "Šarru-ken",
"pos": "PN",
"epos": "PN"}
}
,
{
"node": "l",
"frag": "[x",
"id": "P237542.l0375a",
"ref": "P237542.36.3",
"inst": "u",
"f": {"lang": "akk-x-neobab",
"form": "x",
"pos": "u"}
}
,
{
"node": "l",
"frag": "x",
"id": "P237542.l0375b",
"ref": "P237542.36.4",
"inst": "u",
"f": {"lang": "akk-x-neobab",
"form": "x",
"pos": "u"}
}
,
{
"node": "l",
"frag": "x",
"id": "P237542.l0375c",
"ref": "P237542.36.5",
"inst": "u",
"f": {"lang": "akk-x-neobab",
"form": "x",
"pos": "u"}
}
,
{
"node": "l",
"frag": "x",
"id": "P237542.l0375d",
"ref": "P237542.36.6",
"inst": "u",
"f": {"lang": "akk-x-neobab",
"form": "x",
"pos": "u"}
}
,
{
"node": "l",
"frag": "x",
"id": "P237542.l0375e",
"ref": "P237542.36.7",
"inst": "u",
"f": {"lang": "akk-x-neobab",
"form": "x",
"pos": "u"}
}
,
{
"node": "l",
"frag": "x",
"id": "P237542.l0375f",
"ref": "P237542.36.8",
"inst": "u",
"f": {"lang": "akk-x-neobab",
"form": "x",
"pos": "u"}
}
,
{
"node": "l",
"frag": "x]",
"id": "P237542.l03760",
"ref": "P237542.36.9",
"inst": "u",
"f": {"lang": "akk-x-neobab",
"form": "x",
"pos": "u"}
}
,
{
"node": "d",
"type": "line-start",
"ref": "P237542.37",
"n": "19'",
"label": "r 19'"}
,
{
"node": "l",
"frag": "mal₂",
"id": "P237542.l03761",
"ref": "P237542.37.1",
"inst": "mala[as much as//everything that]REL$mal",
"sig": "@saao/saa17%akk-x-neobab:mal₂=mala[as much as//everything that]REL'REL$mal",
"f": {"lang": "akk-x-neobab",
"form": "mal₂",
"cf": "mala",
"gw": "as much as",
"sense": "everything that",
"norm": "mal",
"pos": "REL",
"epos": "REL"}
}
,
{
"node": "l",
"frag": "NIG₂.GA",
"id": "P237542.l03762",
"ref": "P237542.37.2",
"inst": "makkūru[property]N$makkūr",
"sig": "@saao/saa17%akk-x-neobab:NIG₂.GA=makkūru[property//property]N'N$makkūr",
"f": {"lang": "akk-x-neobab",
"form": "NIG₂.GA",
"cf": "makkūru",
"gw": "property",
"sense": "property",
"norm": "makkūr",
"pos": "N",
"epos": "N"}
}
,
{
"node": "l",
"frag": "ra-[ma-ni-ia",
"id": "P237542.l03763",
"ref": "P237542.37.3",
"inst": "ramānu[self]N$ramanīya",
"sig": "@saao/saa17%akk-x-neobab:ra-ma-ni-ia=ramānu[self//self]N'N$ramanīya",
"f": {"lang": "akk-x-neobab",
"form": "ra-ma-ni-ia",
"cf": "ramānu",
"gw": "self",
"sense": "self",
"norm": "ramanīya",
"pos": "N",
"epos": "N"}
}
,
{
"node": "l",
"frag": "x",
"id": "P237542.l03764",
"ref": "P237542.37.4",
"inst": "u",
"f": {"lang": "akk-x-neobab",
"form": "x",
"pos": "u"}
}
,
{
"node": "l",
"frag": "x",
"id": "P237542.l03765",
"ref": "P237542.37.5",
"inst": "u",
"f": {"lang": "akk-x-neobab",
"form": "x",
"pos": "u"}
}
,
{
"node": "l",
"frag": "x]",
"id": "P237542.l03766",
"ref": "P237542.37.6",
"inst": "u",
"f": {"lang": "akk-x-neobab",
"form": "x",
"pos": "u"}
}
,
{
"node": "d",
"type": "line-start",
"ref": "P237542.38",
"n": "20'",
"label": "r 20'"}
,
{
"node": "c",
"type": "phrase",
"tag": "phr",
"id": "P237542.U4",
"ref": "P237542.ls00000",
"cdl": [
{
"node": "l",
"frag": "E₂-be-li₂-ia",
"id": "P237542.l03767",
"ref": "P237542.38.1",
"cof-tails": "P237542.l03768",
"inst": "bītu[house]N$bīt&bēlu[lord]N$bēlīya",
"exosig": "@saao/saa17%akk-x-neobab:E₂-be-li₂-ia=bītu[house//house]N'N$bīt&&@saao%akk-x-neobab:=bēlu[lord//lord]N'N$bēlīya",
"f": {"lang": "akk-x-neobab",
"form": "E₂-be-li₂-ia",
"cf": "bītu",
"gw": "house",
"sense": "house",
"norm": "bīt",
"pos": "N",
"epos": "N"}
}
,
{
"node": "l",
"frag": "E₂-be-li₂-ia",
"id": "P237542.l03768",
"ref": "P237542.38.1",
"cof-head": "P237542.l03767",
"inst": "bītu[house]N$bīt&bēlu[lord]N$bēlīya",
"tail-sig": "@saao%akk-x-neobab:=bēlu[lord//lord]N'N$bēlīya",
"f": {"lang": "akk-x-neobab",
"form": "E₂-be-li₂-ia",
"cf": "bēlu",
"gw": "lord",
"sense": "lord",
"norm": "bēlīya",
"pos": "N",
"epos": "N"}
}
]}
,
{
"node": "l",
"frag": "⸢ra⸣-[x",
"id": "P237542.l03769",
"ref": "P237542.38.2",
"inst": "u",
"f": {"lang": "akk-x-neobab",
"form": "ra-x",
"pos": "u"}
}
,
{
"node": "l",
"frag": "x",
"id": "P237542.l0376a",
"ref": "P237542.38.3",
"inst": "u",
"f": {"lang": "akk-x-neobab",
"form": "x",
"pos": "u"}
}
,
{
"node": "l",
"frag": "x",
"id": "P237542.l0376b",
"ref": "P237542.38.4",
"inst": "u",
"f": {"lang": "akk-x-neobab",
"form": "x",
"pos": "u"}
}
,
{
"node": "l",
"frag": "x",
"id": "P237542.l0376c",
"ref": "P237542.38.5",
"inst": "u",
"f": {"lang": "akk-x-neobab",
"form": "x",
"pos": "u"}
}
,
{
"node": "l",
"frag": "x]",
"id": "P237542.l0376d",
"ref": "P237542.38.6",
"inst": "u",
"f": {"lang": "akk-x-neobab",
"form": "x",
"pos": "u"}
}
,
{
"node": "d",
"subtype": "edge",
"type": "surface",
"ref": "P237542.e..39",
"type": "edge",
"label": "e."}
,
{
"node": "d",
"type": "line-start",
"ref": "P237542.40",
"n": "1",
"label": "e. 1"}
,
{
"node": "l",
"frag": "[x",
"id": "P237542.l0376e",
"ref": "P237542.40.1",
"inst": "u",
"f": {"lang": "akk-x-neobab",
"form": "x",
"pos": "u"}
}
,
{
"node": "l",
"frag": "x",
"id": "P237542.l0376f",
"ref": "P237542.40.2",
"inst": "u",
"f": {"lang": "akk-x-neobab",
"form": "x",
"pos": "u"}
}
,
{
"node": "l",
"frag": "LUGAL]",
"id": "P237542.l03770",
"ref": "P237542.40.3",
"inst": "šarri[king]N",
"sig": "@saao/saa17%akk-x-neobab:LUGAL=šarru[king//king]N'N$šarri",
"f": {"lang": "akk-x-neobab",
"form": "LUGAL",
"cf": "šarru",
"gw": "king",
"sense": "king",
"norm": "šarri",
"pos": "N",
"epos": "N"}
}
,
{
"node": "l",
"frag": "⸢be⸣-li₂-ia",
"id": "P237542.l03771",
"ref": "P237542.40.4",
"inst": "bēlīya[lord]N",
"sig": "@saao/saa17%akk-x-neobab:be-li₂-ia=bēlu[lord//lord]N'N$bēlīya",
"f": {"lang": "akk-x-neobab",
"form": "be-li₂-ia",
"cf": "bēlu",
"gw": "lord",
"sense": "lord",
"norm": "bēlīya",
"pos": "N",
"epos": "N"}
}
,
{
"node": "l",
"frag": "šu-u₂",
"id": "P237542.l03772",
"ref": "P237542.40.5",
"inst": "šû[he]IP",
"sig": "@saao/saa17%akk-x-neobab:šu-u₂=šū[he//he]IP'IP$šû",
"f": {"lang": "akk-x-neobab",
"form": "šu-u₂",
"cf": "šū",
"gw": "he",
"sense": "he",
"norm": "šû",
"pos": "IP",
"epos": "IP"}
}
,
{
"node": "l",
"frag": "ina",
"id": "P237542.l03773",
"ref": "P237542.40.6",
"inst": "ina[in+=in the presence of]PRP",
"sig": "@saao/saa17%akk-x-neobab:ina=ina[in//in]PRP'PRP$ina",
"f": {"lang": "akk-x-neobab",
"form": "ina",
"cf": "ina",
"gw": "in",
"sense": "in",
"norm": "ina",
"pos": "PRP",
"epos": "PRP"}
}
,
{
"node": "l",
"frag": "pa-ni-ia",
"id": "P237542.l03774",
"ref": "P237542.40.7",
"inst": "pānīya[front]N",
"sig": "@saao/saa17%akk-x-neobab:pa-ni-ia=pānu[front//front]N'N$pānīya",
"f": {"lang": "akk-x-neobab",
"form": "pa-ni-ia",
"cf": "pānu",
"gw": "front",
"sense": "front",
"norm": "pānīya",
"pos": "N",
"epos": "N"}
}
,
{
"node": "l",
"frag": "a-di",
"id": "P237542.l03775",
"ref": "P237542.40.8",
"inst": "adi[until]PRP",
"sig": "@saao/saa17%akk-x-neobab:a-di=adi[until//until]PRP'PRP$adi",
"f": {"lang": "akk-x-neobab",
"form": "a-di",
"cf": "adi",
"gw": "until",
"sense": "until",
"norm": "adi",
"pos": "PRP",
"epos": "PRP"}
}
,
{
"node": "l",
"frag": "01-et",
"id": "P237542.l03776",
"ref": "P237542.40.9",
"inst": "iltēt[one]NU",
"sig": "@saao/saa17%akk-x-neobab:01-et=ištēn[one//one]NU'NU$iltēt",
"f": {"lang": "akk-x-neobab",
"form": "01-et",
"cf": "ištēn",
"gw": "one",
"sense": "one",
"norm": "iltēt",
"pos": "NU",
"epos": "NU"}
}
,
{
"node": "l",
"frag": "MU.AN.NA",
"id": "P237542.l03777",
"ref": "P237542.40.10",
"inst": "šatti[year]N",
"sig": "@saao/saa17%akk-x-neobab:MU.AN.NA=šattu[year//year]N'N$šatti",
"f": {"lang": "akk-x-neobab",
"form": "MU.AN.NA",
"cf": "šattu",
"gw": "year",
"sense": "year",
"norm": "šatti",
"pos": "N",
"epos": "N"}
}
,
{
"node": "d",
"type": "line-start",
"ref": "P237542.41",
"n": "2",
"label": "e. 2"}
,
{
"node": "l",
"frag": "[i-na",
"id": "P237542.l03778",
"ref": "P237542.41.1",
"inst": "ina[in+=in]PRP",
"sig": "@saao/saa17%akk-x-neobab:i-na=ina[in//in]PRP'PRP$ina",
"f": {"lang": "akk-x-neobab",
"form": "i-na",
"cf": "ina",
"gw": "in",
"sense": "in",
"norm": "ina",
"pos": "PRP",
"epos": "PRP"}
}
,
{
"node": "l",
"frag": "ŠA₃-bi",
"id": "P237542.l03779",
"ref": "P237542.41.2",
"inst": "libbi[interior]N",
"sig": "@saao/saa17%akk-x-neobab:ŠA₃-bi=libbu[interior//interior]N'N$libbi",
"f": {"lang": "akk-x-neobab",
"form": "ŠA₃-bi",
"cf": "libbu",
"gw": "interior",
"sense": "interior",
"norm": "libbi",
"pos": "N",
"epos": "N"}
}
,
{
"node": "l",
"frag": "E₂].GAL",
"id": "P237542.l0377a",
"ref": "P237542.41.3",
"inst": "ēkalli[palace]N",
"sig": "@saao/saa17%akk-x-neobab:E₂.GAL=ēkallu[palace//palace]N'N$ēkalli",
"f": {"lang": "akk-x-neobab",
"form": "E₂.GAL",
"cf": "ēkallu",
"gw": "palace",
"sense": "palace",
"norm": "ēkalli",
"pos": "N",
"epos": "N"}
}
,
{
"node": "l",
"frag": "ša₂",
"id": "P237542.l0377b",
"ref": "P237542.41.4",
"inst": "ša[of]DET",
"sig": "@saao/saa17%akk-x-neobab:ša₂=ša[of//of]DET'DET$ša",
"f": {"lang": "akk-x-neobab",
"form": "ša₂",
"cf": "ša",
"gw": "of",
"sense": "of",
"norm": "ša",
"pos": "DET",
"epos": "DET"}
}
,
{
"node": "l",
"frag": "LUGAL",
"id": "P237542.l0377c",
"ref": "P237542.41.5",
"inst": "šarri[king]N",
"sig": "@saao/saa17%akk-x-neobab:LUGAL=šarru[king//king]N'N$šarri",
"f": {"lang": "akk-x-neobab",
"form": "LUGAL",
"cf": "šarru",
"gw": "king",
"sense": "king",
"norm": "šarri",
"pos": "N",
"epos": "N"}
}
,
{
"node": "l",
"frag": "be-li₂-ia",
"id": "P237542.l0377d",
"ref": "P237542.41.6",
"inst": "bēlīya[lord]N",
"sig": "@saao/saa17%akk-x-neobab:be-li₂-ia=bēlu[lord//lord]N'N$bēlīya",
"f": {"lang": "akk-x-neobab",
"form": "be-li₂-ia",
"cf": "bēlu",
"gw": "lord",
"sense": "lord",
"norm": "bēlīya",
"pos": "N",
"epos": "N"}
}
,
{
"node": "l",
"frag": "i-la-su-mu",
"id": "P237542.l0377e",
"ref": "P237542.41.7",
"inst": "lasāmu[run//serve]V$ilassumū",
"sig": "@saao/saa17%akk-x-neobab:i-la-su-mu=lasāmu[run//serve]V'V$ilassumū",
"f": {"lang": "akk-x-neobab",
"form": "i-la-su-mu",
"cf": "lasāmu",
"gw": "run",
"sense": "serve",
"norm": "ilassumū",
"pos": "V",
"epos": "V"}
}
,
{
"node": "l",
"frag": "LU₂",
"id": "P237542.l0377f",
"ref": "P237542.41.8",
"inst": "amēlu[man]N",
"sig": "@saao/saa17%akk-x-neobab:LU₂=awīlu[man//man]N'N$amēlu",
"f": {"lang": "akk-x-neobab",
"form": "LU₂",
"cf": "awīlu",
"gw": "man",
"sense": "man",
"norm": "amēlu",
"pos": "N",
"epos": "N"}
}
,
{
"node": "l",
"frag": "a-ga-a",
"id": "P237542.l03780",
"ref": "P237542.41.9",
"inst": "agâ[this]DP",
"sig": "@saao/saa17%akk-x-neobab:a-ga-a=agâ[this//this]DP'DP$agâ",
"f": {"lang": "akk-x-neobab",
"form": "a-ga-a",
"cf": "agâ",
"gw": "this",
"sense": "this",
"norm": "agâ",
"pos": "DP",
"epos": "DP"}
}
,
{
"node": "l",
"frag": "ša₂",
"id": "P237542.l03781",
"ref": "P237542.41.10",
"inst": "ša[who]REL",
"sig": "@saao/saa17%akk-x-neobab:ša₂=ša[that//who]REL'REL$ša",
"f": {"lang": "akk-x-neobab",
"form": "ša₂",
"cf": "ša",
"gw": "that",
"sense": "who",
"norm": "ša",
"pos": "REL",
"epos": "REL"}
}
,
{
"node": "d",
"type": "line-start",
"ref": "P237542.42",
"n": "3",
"label": "e. 3"}
,
{
"node": "l",
"frag": "[x",
"id": "P237542.l03782",
"ref": "P237542.42.1",
"inst": "u",
"f": {"lang": "akk-x-neobab",
"form": "x",
"pos": "u"}
}
,
{
"node": "l",
"frag": "x",
"id": "P237542.l03783",
"ref": "P237542.42.2",
"inst": "u",
"f": {"lang": "akk-x-neobab",
"form": "x",
"pos": "u"}
}
,
{
"node": "l",
"frag": "x",
"id": "P237542.l03784",
"ref": "P237542.42.3",
"inst": "u",
"f": {"lang": "akk-x-neobab",
"form": "x",
"pos": "u"}
}
,
{
"node": "l",
"frag": "x]",
"id": "P237542.l03785",
"ref": "P237542.42.4",
"inst": "u",
"f": {"lang": "akk-x-neobab",
"form": "x",
"pos": "u"}
}
,
{
"node": "l",
"frag": "{1}da-ku-ru",
"id": "P237542.l03786",
"ref": "P237542.42.5",
"inst": "Dakkuru[1]PN$",
"sig": "@saao/saa17%akk-x-neobab:{1}da-ku-ru=Dakkuru[1//1]PN'PN$Dakkuru",
"f": {"lang": "akk-x-neobab",
"form": "{1}da-ku-ru",
"cf": "Dakkuru",
"gw": "1",
"sense": "1",
"norm": "Dakkuru",
"pos": "PN",
"epos": "PN"}
}
,
{
"node": "l",
"frag": "i-ra-mu",
"id": "P237542.l03787",
"ref": "P237542.42.6",
"inst": "râmu[love]V$irâmu",
"sig": "@saao/saa17%akk-x-neobab:i-ra-mu=râmu[love//love]V'V$irâmu",
"f": {"lang": "akk-x-neobab",
"form": "i-ra-mu",
"cf": "râmu",
"gw": "love",
"sense": "love",
"norm": "irâmu",
"pos": "V",
"epos": "V"}
}
,
{
"node": "l",
"frag": "ša₂",
"id": "P237542.l03788",
"ref": "P237542.42.7",
"inst": "ša[who]REL",
"sig": "@saao/saa17%akk-x-neobab:ša₂=ša[that//who]REL'REL$ša",
"f": {"lang": "akk-x-neobab",
"form": "ša₂",
"cf": "ša",
"gw": "that",
"sense": "who",
"norm": "ša",
"pos": "REL",
"epos": "REL"}
}
,
{
"node": "l",
"frag": "AD-ka",
"id": "P237542.l03789",
"ref": "P237542.42.8",
"inst": "abu[father]N$abūka",
"sig": "@saao/saa17%akk-x-neobab:AD-ka=abu[father//father]N'N$abūka",
"f": {"lang": "akk-x-neobab",
"form": "AD-ka",
"cf": "abu",
"gw": "father",
"sense": "father",
"norm": "abūka",
"pos": "N",
"epos": "N"}
}
,
{
"node": "l",
"frag": "hu-ur",
"id": "P237542.l0378a",
"ref": "P237542.42.9",
"inst": "hurri[ever (after)//further(more)]AV$hūr",
"sig": "@saao/saa17%akk-x-neobab:hu-ur=hurri[ever (after)//further(more)]AV'AV$hūr",
"f": {"lang": "akk-x-neobab",
"form": "hu-ur",
"cf": "hurri",
"gw": "ever (after)",
"sense": "further(more)",
"norm": "hūr",
"pos": "AV",
"epos": "AV"}
}
,
{
"node": "d",
"type": "line-start",
"ref": "P237542.43",
"n": "4",
"label": "e. 4"}
,
{
"node": "l",
"frag": "[x",
"id": "P237542.l0378b",
"ref": "P237542.43.1",
"inst": "u",
"f": {"lang": "akk-x-neobab",
"form": "x",
"pos": "u"}
}
,
{
"node": "l",
"frag": "x",
"id": "P237542.l0378c",
"ref": "P237542.43.2",
"inst": "u",
"f": {"lang": "akk-x-neobab",
"form": "x",
"pos": "u"}
}
,
{
"node": "l",
"frag": "x]-⸢me⸣",
"id": "P237542.l0378d",
"ref": "P237542.43.3",
"inst": "u",
"f": {"lang": "akk-x-neobab",
"form": "x-me",
"pos": "u"}
}
,
{
"node": "l",
"frag": "{lu₂}qal-la",
"id": "P237542.l0378e",
"ref": "P237542.43.4",
"inst": "qallu[light//boy]AJ'N$qalla",
"sig": "@saao/saa17%akk-x-neobab:{LU₂}qal-la=qallu[light//boy]AJ'N$qalla",
"f": {"lang": "akk-x-neobab",
"form": "{LU₂}qal-la",
"cf": "qallu",
"gw": "light",
"sense": "boy",
"norm": "qalla",
"pos": "AJ",
"epos": "N"}
}
,
{
"node": "l",
"frag": "a-ga-a",
"id": "P237542.l0378f",
"ref": "P237542.43.5",
"inst": "agâ[this]DP",
"sig": "@saao/saa17%akk-x-neobab:a-ga-a=agâ[this//this]DP'DP$agâ",
"f": {"lang": "akk-x-neobab",
"form": "a-ga-a",
"cf": "agâ",
"gw": "this",
"sense": "this",
"norm": "agâ",
"pos": "DP",
"epos": "DP"}
}
,
{
"node": "l",
"frag": "MU.05.AN.NA",
"id": "P237542.l03790",
"ref": "P237542.43.6",
"inst": "šattu[year]N$",
"sig": "@saao/saa17%akk-x-neobab:MU.05.AN.NA=šattu[year//year]N'N$šattu",
"f": {"lang": "akk-x-neobab",
"form": "MU.05.AN.NA",
"cf": "šattu",
"gw": "year",
"sense": "year",
"norm": "šattu",
"pos": "N",
"epos": "N"}
}
,
{
"node": "l",
"frag": "šu-u",
"id": "P237542.l03791",
"ref": "P237542.43.7",
"inst": "šû[he]IP",
"sig": "@saao/saa17%akk-x-neobab:šu-u=šū[he//he]IP'IP$šû",
"f": {"lang": "akk-x-neobab",
"form": "šu-u",
"cf": "šū",
"gw": "he",
"sense": "he",
"norm": "šû",
"pos": "IP",
"epos": "IP"}
}
]}
]}
]}
,
{
"linkbase": [{
"type": "linkset",
"xlink_title": "bīt bēli[master's house(hold)//master's house(hold)]N'N",
"id": "P237542.ls00000",
"xlink_type": "extended",
"xlink_role": "psu",
"sig": "{E₂-EN-ia = bītu[house]N bēlu[lord]N += bīt bēli[master's house(hold)//master's house(hold)]N'N}::@saao/saa10%akk-x-neobab:E₂-EN-ia=bītu[house//house]N'N$bīt++@saao/saa10%akk-x-neobab:E₂-EN-ia=bēlu[lord//lord]N'N$bēlīya",
"links": [
{
"type": "link",
"xlink_title": "bītu",
"xlink_type": "locator",
"xlink_href": "#P237542.l03767",
"xlink_role": "elt"}
,
{
"type": "link",
"xlink_title": "bēlu",
"xlink_type": "locator",
"xlink_href": "#P237542.l03768",
"xlink_role": "elt"}
]}
]}
]}
