{
"type": "cdl",
  "source": "http://oracc.org/saao/saa17",
  "license": "This data is released under the CC0 license",
  "license-url": "https://creativecommons.org/publicdomain/zero/1.0/",
  "more-info": "http://oracc.org/doc/opendata/",
  "UTC-timestamp": "2017-05-19T11:58:17",
"project": "saao/saa17",
"textid": "P237251",
"cdl": [
{
"node": "c",
"type": "text",
"id": "P237251.U0",
"cdl": [
{
"node": "d",
"type": "object",
"ref": ""}
,
{
"node": "d",
"subtype": "obverse",
"type": "surface",
"ref": "P237251.o.1",
"type": "obverse",
"label": "o"}
,
{
"node": "c",
"type": "discourse",
"subtype": "body",
"id": "P237251.U1",
"cdl": [
{
"node": "c",
"type": "sentence",
"id": "P237251.U2",
"label": "o 1 - r 7'",
"cdl": [
{
"node": "d",
"type": "line-start",
"ref": "P237251.2",
"n": "1",
"label": "o 1"}
,
{
"node": "l",
"frag": "a-na",
"id": "P237251.l05944",
"ref": "P237251.2.1",
"inst": "ana[to]PRP",
"sig": "@saao/saa17%akk-x-neobab:a-na=ana[to//to]PRP'PRP$ana",
"f": {"lang": "akk-x-neobab",
"form": "a-na",
"cf": "ana",
"gw": "to",
"sense": "to",
"norm": "ana",
"pos": "PRP",
"epos": "PRP"}
}
,
{
"node": "l",
"frag": "{lu₂}GAL-MEŠ",
"id": "P237251.l05945",
"ref": "P237251.2.2",
"inst": "rabûti[magnate]N",
"sig": "@saao/saa17%akk-x-neobab:{LU₂}GAL-MEŠ=rabû[big one//magnate]N'N$rabûti",
"f": {"lang": "akk-x-neobab",
"form": "{LU₂}GAL-MEŠ",
"cf": "rabû",
"gw": "big one",
"sense": "magnate",
"norm": "rabûti",
"pos": "N",
"epos": "N"}
}
,
{
"node": "l",
"frag": "ša₂",
"id": "P237251.l05946",
"ref": "P237251.2.3",
"inst": "ša[of]DET",
"sig": "@saao/saa17%akk-x-neobab:ša₂=ša[of//of]DET'DET$ša",
"f": {"lang": "akk-x-neobab",
"form": "ša₂",
"cf": "ša",
"gw": "of",
"sense": "of",
"norm": "ša",
"pos": "DET",
"epos": "DET"}
}
,
{
"node": "l",
"frag": "LUGAL",
"id": "P237251.l05947",
"ref": "P237251.2.4",
"inst": "šarru[king]N$šar",
"sig": "@saao/saa17%akk-x-neobab:LUGAL=šarru[king//king]N'N$šar",
"f": {"lang": "akk-x-neobab",
"form": "LUGAL",
"cf": "šarru",
"gw": "king",
"sense": "king",
"norm": "šar",
"pos": "N",
"epos": "N"}
}
,
{
"node": "l",
"frag": "KUR-aš-šur{ki}",
"id": "P237251.l05948",
"ref": "P237251.2.5",
"cof-tails": "P237251.l05949",
"inst": "+mātu[land]N$māt&+Aššur[1]GN$",
"newsig": "@saao/saa17%akk-x-neobab:KUR-aš-šur{KI}=mātu[land//land]N'N$māt&&@saao/saa17%akk-x-neobab:KUR-aš-šur{KI}=Aššur[1//1]GN'GN$Aššur",
"f": {"lang": "akk-x-neobab",
"form": "KUR-aš-šur{KI}",
"cf": "mātu",
"gw": "land",
"sense": "land",
"norm": "māt",
"pos": "N",
"epos": "N"}
}
,
{
"node": "l",
"frag": "KUR-aš-šur{ki}",
"id": "P237251.l05949",
"ref": "P237251.2.5",
"cof-head": "P237251.l05948",
"inst": "+mātu[land]N$māt&+Aššur[1]GN$",
"f": {"lang": "akk-x-neobab",
"form": "KUR-aš-šur{KI}",
"cf": "Aššur",
"gw": "1",
"sense": "1",
"norm": "Aššur",
"pos": "GN",
"epos": "GN"}
}
,
{
"node": "d",
"type": "line-start",
"ref": "P237251.3",
"n": "2",
"label": "o 2"}
,
{
"node": "l",
"frag": "LUGAL",
"id": "P237251.l0594a",
"ref": "P237251.3.1",
"inst": "šar[king]N",
"sig": "@saao/saa17%akk-x-neobab:LUGAL=šarru[king//king]N'N$šar",
"f": {"lang": "akk-x-neobab",
"form": "LUGAL",
"cf": "šarru",
"gw": "king",
"sense": "king",
"norm": "šar",
"pos": "N",
"epos": "N"}
}
,
{
"node": "l",
"frag": "kiš-ša₂-ti",
"id": "P237251.l0594b",
"ref": "P237251.3.2",
"inst": "kiššatu[totality//world]N$kiššati",
"sig": "@saao/saa17%akk-x-neobab:kiš-ša₂-ti=kiššatu[totality//world]N'N$kiššati",
"f": {"lang": "akk-x-neobab",
"form": "kiš-ša₂-ti",
"cf": "kiššatu",
"gw": "totality",
"sense": "world",
"norm": "kiššati",
"pos": "N",
"epos": "N"}
}
,
{
"node": "l",
"frag": "be-li-ni",
"id": "P237251.l0594c",
"ref": "P237251.3.3",
"inst": "bēlīni[lord]N",
"sig": "@saao/saa17%akk-x-neobab:be-li-ni=bēlu[lord//lord]N'N$bēlīni",
"f": {"lang": "akk-x-neobab",
"form": "be-li-ni",
"cf": "bēlu",
"gw": "lord",
"sense": "lord",
"norm": "bēlīni",
"pos": "N",
"epos": "N"}
}
,
{
"node": "l",
"frag": "qi₂-bi-ma",
"id": "P237251.l0594d",
"ref": "P237251.3.4",
"inst": "qibīma[say]V",
"sig": "@saao/saa17%akk-x-neobab:qi₂-bi-ma=qabû[say//say]V'V$qibīma",
"f": {"lang": "akk-x-neobab",
"form": "qi₂-bi-ma",
"cf": "qabû",
"gw": "say",
"sense": "say",
"norm": "qibīma",
"pos": "V",
"epos": "V"}
}
,
{
"node": "d",
"type": "line-start",
"ref": "P237251.4",
"n": "3",
"label": "o 3"}
,
{
"node": "l",
"frag": "um-ma",
"id": "P237251.l0594e",
"ref": "P237251.4.1",
"inst": "umma[saying]PRP",
"sig": "@saao/saa17%akk-x-neobab:um-ma=umma[saying//saying]PRP'PRP$umma",
"f": {"lang": "akk-x-neobab",
"form": "um-ma",
"cf": "umma",
"gw": "saying",
"sense": "saying",
"norm": "umma",
"pos": "PRP",
"epos": "PRP"}
}
,
{
"node": "l",
"frag": "{lu₂}na-si-ka-a-ti",
"id": "P237251.l0594f",
"ref": "P237251.4.2",
"inst": "nasīkāti[sheikh]N",
"sig": "@saao/saa17%akk-x-neobab:{LU₂}na-si-ka-a-ti=nasīku[sheikh//sheikh]N'N$nasīkāti",
"f": {"lang": "akk-x-neobab",
"form": "{LU₂}na-si-ka-a-ti",
"cf": "nasīku",
"gw": "sheikh",
"sense": "sheikh",
"norm": "nasīkāti",
"pos": "N",
"epos": "N"}
}
,
{
"node": "d",
"type": "line-start",
"ref": "P237251.5",
"n": "4",
"label": "o 4"}
,
{
"node": "l",
"frag": "ša₂",
"id": "P237251.l05950",
"ref": "P237251.5.1",
"inst": "ša[of]DET",
"sig": "@saao/saa17%akk-x-neobab:ša₂=ša[of//of]DET'DET$ša",
"f": {"lang": "akk-x-neobab",
"form": "ša₂",
"cf": "ša",
"gw": "of",
"sense": "of",
"norm": "ša",
"pos": "DET",
"epos": "DET"}
}
,
{
"node": "l",
"frag": "{id₂}tu-bu-li-ʾa-aš₂",
"id": "P237251.l05951",
"ref": "P237251.5.2",
"inst": "Tubuliʾaš[1]GN",
"sig": "@saao/saa17%akk-x-neobab:{ID₂}tu-bu-li-ʾa-aš₂=Tubliaš[1//1]GN'GN$Tubuliʾaš",
"f": {"lang": "akk-x-neobab",
"form": "{ID₂}tu-bu-li-ʾa-aš₂",
"cf": "Tubliaš",
"gw": "1",
"sense": "1",
"norm": "Tubuliʾaš",
"pos": "GN",
"epos": "GN"}
}
,
{
"node": "d",
"type": "line-start",
"ref": "P237251.6",
"n": "5",
"label": "o 5"}
,
{
"node": "l",
"frag": "{1}{d}EN-DU₃-uš",
"id": "P237251.l05952",
"ref": "P237251.6.1",
"inst": "Bel-epuš[1]PN",
"sig": "@saao/saa17%akk-x-neobab:{1}{d}EN-DU₃-uš=Bel-epuš[1//1]PN'PN$Bel-epuš",
"f": {"lang": "akk-x-neobab",
"form": "{1}{d}EN-DU₃-uš",
"cf": "Bel-epuš",
"gw": "1",
"sense": "1",
"norm": "Bel-epuš",
"pos": "PN",
"epos": "PN"}
}
,
{
"node": "l",
"frag": "{1}{d}AG-NUMUN-GAL₂-ši",
"id": "P237251.l05953",
"ref": "P237251.6.2",
"inst": "Nabu-zeru-ušabši[1]PN",
"sig": "@saao/saa17%akk-x-neobab:{1}{d}AG-NUMUN-GAL₂-ši=Nabu-zeru-ušabši[1//1]PN'PN$Nabu-zeru-ušabši",
"f": {"lang": "akk-x-neobab",
"form": "{1}{d}AG-NUMUN-GAL₂-ši",
"cf": "Nabu-zeru-ušabši",
"gw": "1",
"sense": "1",
"norm": "Nabu-zeru-ušabši",
"pos": "PN",
"epos": "PN"}
}
,
{
"node": "d",
"type": "line-start",
"ref": "P237251.7",
"n": "6",
"label": "o 6"}
,
{
"node": "l",
"frag": "{1}{d}AG-MU-KAM₂",
"id": "P237251.l05954",
"ref": "P237251.7.1",
"inst": "Nabu-šumu-ereš[1]PN",
"sig": "@saao/saa17%akk-x-neobab:{1}{d}AG-MU-KAM₂=Nabu-šumu-ereš[1//1]PN'PN$Nabu-šumu-ereš",
"f": {"lang": "akk-x-neobab",
"form": "{1}{d}AG-MU-KAM₂",
"cf": "Nabu-šumu-ereš",
"gw": "1",
"sense": "1",
"norm": "Nabu-šumu-ereš",
"pos": "PN",
"epos": "PN"}
}
,
{
"node": "l",
"frag": "{1}AD-ia₂-qi₂-ia",
"id": "P237251.l05955",
"ref": "P237251.7.2",
"inst": "+Abi-yaqiya[1]PN$",
"sig": "@saao/saa17%akk-x-neobab:{1}AD-ia₂-qi₂-ia=Abi-yaqiya[1//1]PN'PN$Abi-yaqiya",
"f": {"lang": "akk-x-neobab",
"form": "{1}AD-ia₂-qi₂-ia",
"cf": "Abi-yaqiya",
"gw": "1",
"sense": "1",
"norm": "Abi-yaqiya",
"pos": "PN",
"epos": "PN"}
}
,
{
"node": "d",
"type": "line-start",
"ref": "P237251.8",
"n": "7",
"label": "o 7"}
,
{
"node": "l",
"frag": "{1}AD-gi-hi-na",
"id": "P237251.l05956",
"ref": "P237251.8.1",
"inst": "Adgi-hinna[1]PN$",
"sig": "@saao/saa17%akk-x-neobab:{1}AD-gi-hi-na=Adgi-hinna[1//1]PN'PN$Adgi-hinna",
"f": {"lang": "akk-x-neobab",
"form": "{1}AD-gi-hi-na",
"cf": "Adgi-hinna",
"gw": "1",
"sense": "1",
"norm": "Adgi-hinna",
"pos": "PN",
"epos": "PN"}
}
,
{
"node": "l",
"frag": "{1}{d}AG-GI",
"id": "P237251.l05957",
"ref": "P237251.8.2",
"inst": "Nabu-ušallim[1]PN$",
"sig": "@saao/saa17%akk-x-neobab:{1}{d}AG-GI=Nabu-ušallim[1//1]PN'PN$Nabu-ušallim",
"f": {"lang": "akk-x-neobab",
"form": "{1}{d}AG-GI",
"cf": "Nabu-ušallim",
"gw": "1",
"sense": "1",
"norm": "Nabu-ušallim",
"pos": "PN",
"epos": "PN"}
}
,
{
"node": "d",
"type": "line-start",
"ref": "P237251.9",
"n": "8",
"label": "o 8"}
,
{
"node": "l",
"frag": "u",
"id": "P237251.l05958",
"ref": "P237251.9.1",
"inst": "u[and]CNJ",
"sig": "@saao/saa17%akk-x-neobab:u=u[and//and]CNJ'CNJ$u",
"f": {"lang": "akk-x-neobab",
"form": "u",
"cf": "u",
"gw": "and",
"sense": "and",
"norm": "u",
"pos": "CNJ",
"epos": "CNJ"}
}
,
{
"node": "l",
"frag": "{1}DINGIR-ia₂-ta-a-nu",
"id": "P237251.l05959",
"ref": "P237251.9.2",
"inst": "Il-yatanu[1]PN$",
"sig": "@saao/saa17%akk-x-neobab:{1}DINGIR-ia₂-ta-a-nu=Il-yatanu[1//1]PN'PN$Il-yatanu",
"f": {"lang": "akk-x-neobab",
"form": "{1}DINGIR-ia₂-ta-a-nu",
"cf": "Il-yatanu",
"gw": "1",
"sense": "1",
"norm": "Il-yatanu",
"pos": "PN",
"epos": "PN"}
}
,
{
"node": "l",
"frag": "u₃",
"id": "P237251.l0595a",
"ref": "P237251.9.3",
"inst": "u[and]CNJ",
"sig": "@saao/saa17%akk-x-neobab:u₃=u[and//and]CNJ'CNJ$u",
"f": {"lang": "akk-x-neobab",
"form": "u₃",
"cf": "u",
"gw": "and",
"sense": "and",
"norm": "u",
"pos": "CNJ",
"epos": "CNJ"}
}
,
{
"node": "l",
"frag": "ši-bu-tu",
"id": "P237251.l0595b",
"ref": "P237251.9.4",
"inst": "šībūtu[old age]N$",
"sig": "@saao/saa17%akk-x-neobab:ši-bu-tu=šībūtu[old age//old age]N'N$šībūtu",
"f": {"lang": "akk-x-neobab",
"form": "ši-bu-tu",
"cf": "šībūtu",
"gw": "old age",
"sense": "old age",
"norm": "šībūtu",
"pos": "N",
"epos": "N"}
}
,
{
"node": "d",
"type": "line-start",
"ref": "P237251.10",
"n": "9",
"label": "o 9"}
,
{
"node": "l",
"frag": "ṣe-he-ru-tu",
"id": "P237251.l0595c",
"ref": "P237251.10.1",
"inst": "ṣehherūtu[small]AJ",
"sig": "@saao/saa17%akk-x-neobab:ṣe-he-ru-tu=ṣehru[small//small]AJ'AJ$ṣehherūtu",
"f": {"lang": "akk-x-neobab",
"form": "ṣe-he-ru-tu",
"cf": "ṣehru",
"gw": "small",
"sense": "small",
"norm": "ṣehherūtu",
"pos": "AJ",
"epos": "AJ"}
}
,
{
"node": "l",
"frag": "ARAD-⸢MEŠ⸣",
"id": "P237251.l0595d",
"ref": "P237251.10.2",
"inst": "ardu[slave//servant]N$ardē",
"sig": "@saao/saa17%akk-x-neobab:ARAD-MEŠ=ardu[slave//servant]N'N$ardē",
"f": {"lang": "akk-x-neobab",
"form": "ARAD-MEŠ",
"cf": "ardu",
"gw": "slave",
"sense": "servant",
"norm": "ardē",
"pos": "N",
"epos": "N"}
}
,
{
"node": "l",
"frag": "[x",
"id": "P237251.l0595e",
"ref": "P237251.10.3",
"inst": "u",
"f": {"lang": "akk-x-neobab",
"form": "x",
"pos": "u"}
}
,
{
"node": "l",
"frag": "x]",
"id": "P237251.l0595f",
"ref": "P237251.10.4",
"inst": "u",
"f": {"lang": "akk-x-neobab",
"form": "x",
"pos": "u"}
}
,
{
"node": "d",
"type": "line-start",
"ref": "P237251.11",
"n": "10",
"label": "o 10"}
,
{
"node": "l",
"frag": "[ki]-⸢na⸣-at-ta",
"id": "P237251.l05960",
"ref": "P237251.11.1",
"inst": "+kinattu[employee//colleague]N'N$kinatta",
"sig": "@saao/saa17%akk-x-neobab:ki-na-at-ta=kinattu[employee//colleague]N'N$kinatta",
"f": {"lang": "akk-x-neobab",
"form": "ki-na-at-ta",
"cf": "kinattu",
"gw": "employee",
"sense": "colleague",
"norm": "kinatta",
"pos": "N",
"epos": "N"}
}
,
{
"node": "l",
"frag": "ina",
"id": "P237251.l05961",
"ref": "P237251.11.2",
"inst": "ina[in]PRP",
"sig": "@saao/saa17%akk-x-neobab:ina=ina[in//in]PRP'PRP$ina",
"f": {"lang": "akk-x-neobab",
"form": "ina",
"cf": "ina",
"gw": "in",
"sense": "in",
"norm": "ina",
"pos": "PRP",
"epos": "PRP"}
}
,
{
"node": "l",
"frag": "{lu₂}GAL-[x",
"id": "P237251.l05962",
"ref": "P237251.11.3",
"inst": "u",
"f": {"lang": "akk-x-neobab",
"form": "{LU₂}GAL-x",
"pos": "u"}
}
,
{
"node": "l",
"frag": "x",
"id": "P237251.l05963",
"ref": "P237251.11.4",
"inst": "u",
"f": {"lang": "akk-x-neobab",
"form": "x",
"pos": "u"}
}
,
{
"node": "l",
"frag": "x]",
"id": "P237251.l05964",
"ref": "P237251.11.5",
"inst": "u",
"f": {"lang": "akk-x-neobab",
"form": "x",
"pos": "u"}
}
,
{
"node": "d",
"type": "line-start",
"ref": "P237251.12",
"n": "11",
"label": "o 11"}
,
{
"node": "l",
"frag": "[x",
"id": "P237251.l05965",
"ref": "P237251.12.1",
"inst": "u",
"f": {"lang": "akk-x-neobab",
"form": "x",
"pos": "u"}
}
,
{
"node": "l",
"frag": "x",
"id": "P237251.l05966",
"ref": "P237251.12.2",
"inst": "u",
"f": {"lang": "akk-x-neobab",
"form": "x",
"pos": "u"}
}
,
{
"node": "l",
"frag": "x",
"id": "P237251.l05967",
"ref": "P237251.12.3",
"inst": "u",
"f": {"lang": "akk-x-neobab",
"form": "x",
"pos": "u"}
}
,
{
"node": "l",
"frag": "x]+⸢x⸣",
"id": "P237251.l05968",
"ref": "P237251.12.4",
"inst": "u",
"f": {"lang": "akk-x-neobab",
"form": "x+x",
"pos": "u"}
}
,
{
"node": "l",
"frag": "[x",
"id": "P237251.l05969",
"ref": "P237251.12.5",
"inst": "u",
"f": {"lang": "akk-x-neobab",
"form": "x",
"pos": "u"}
}
,
{
"node": "l",
"frag": "x",
"id": "P237251.l0596a",
"ref": "P237251.12.6",
"inst": "u",
"f": {"lang": "akk-x-neobab",
"form": "x",
"pos": "u"}
}
,
{
"node": "l",
"frag": "x",
"id": "P237251.l0596b",
"ref": "P237251.12.7",
"inst": "u",
"f": {"lang": "akk-x-neobab",
"form": "x",
"pos": "u"}
}
,
{
"node": "l",
"frag": "x",
"id": "P237251.l0596c",
"ref": "P237251.12.8",
"inst": "u",
"f": {"lang": "akk-x-neobab",
"form": "x",
"pos": "u"}
}
,
{
"node": "l",
"frag": "x",
"id": "P237251.l0596d",
"ref": "P237251.12.9",
"inst": "u",
"f": {"lang": "akk-x-neobab",
"form": "x",
"pos": "u"}
}
,
{
"node": "l",
"frag": "x]",
"id": "P237251.l0596e",
"ref": "P237251.12.10",
"inst": "u",
"f": {"lang": "akk-x-neobab",
"form": "x",
"pos": "u"}
}
,
{
"node": "d",
"type": "nonx",
"ref": "P237251.13",
"strict": "0",
"extent": "rest",
"state": "missing"}
,
{
"node": "d",
"subtype": "reverse",
"type": "surface",
"ref": "P237251.r.14",
"type": "reverse",
"label": "r"}
,
{
"node": "d",
"type": "nonx",
"ref": "P237251.15",
"strict": "0",
"extent": "beginning",
"state": "missing"}
,
{
"node": "d",
"type": "line-start",
"ref": "P237251.16",
"n": "1'",
"label": "r 1'"}
,
{
"node": "l",
"frag": "[x",
"id": "P237251.l0596f",
"ref": "P237251.16.1",
"inst": "u",
"f": {"lang": "akk-x-neobab",
"form": "x",
"pos": "u"}
}
,
{
"node": "l",
"frag": "x",
"id": "P237251.l05970",
"ref": "P237251.16.2",
"inst": "u",
"f": {"lang": "akk-x-neobab",
"form": "x",
"pos": "u"}
}
,
{
"node": "l",
"frag": "x",
"id": "P237251.l05971",
"ref": "P237251.16.3",
"inst": "u",
"f": {"lang": "akk-x-neobab",
"form": "x",
"pos": "u"}
}
,
{
"node": "l",
"frag": "x",
"id": "P237251.l05972",
"ref": "P237251.16.4",
"inst": "u",
"f": {"lang": "akk-x-neobab",
"form": "x",
"pos": "u"}
}
,
{
"node": "l",
"frag": "x]",
"id": "P237251.l05973",
"ref": "P237251.16.5",
"inst": "u",
"f": {"lang": "akk-x-neobab",
"form": "x",
"pos": "u"}
}
,
{
"node": "l",
"frag": "⸢x",
"id": "P237251.l05974",
"ref": "P237251.16.6",
"inst": "u",
"f": {"lang": "akk-x-neobab",
"form": "x",
"pos": "u"}
}
,
{
"node": "l",
"frag": "x⸣+[x",
"id": "P237251.l05975",
"ref": "P237251.16.7",
"inst": "u",
"f": {"lang": "akk-x-neobab",
"form": "x+x",
"pos": "u"}
}
,
{
"node": "l",
"frag": "x]",
"id": "P237251.l05976",
"ref": "P237251.16.8",
"inst": "u",
"f": {"lang": "akk-x-neobab",
"form": "x",
"pos": "u"}
}
,
{
"node": "d",
"type": "line-start",
"ref": "P237251.17",
"n": "2'",
"label": "r 2'"}
,
{
"node": "l",
"frag": "[ni]-i-ni",
"id": "P237251.l05977",
"ref": "P237251.17.1",
"inst": "anīnu[we]IP$nīni",
"sig": "@saao/saa17%akk-x-neobab:ni-i-ni=anīnu[we//we]IP'IP$nīni",
"f": {"lang": "akk-x-neobab",
"form": "ni-i-ni",
"cf": "anīnu",
"gw": "we",
"sense": "we",
"norm": "nīni",
"pos": "IP",
"epos": "IP"}
}
,
{
"node": "l",
"frag": "{d}la-⸢aṣ⸣",
"id": "P237251.l05978",
"ref": "P237251.17.2",
"inst": "+Laṣ[1]DN$",
"sig": "@saao/saa17%akk-x-neobab:{d}la-aṣ=Laṣ[1//1]DN'DN$Laṣ",
"f": {"lang": "akk-x-neobab",
"form": "{d}la-aṣ",
"cf": "Laṣ",
"gw": "1",
"sense": "1",
"norm": "Laṣ",
"pos": "DN",
"epos": "DN"}
}
,
{
"node": "l",
"frag": "[x",
"id": "P237251.l05979",
"ref": "P237251.17.3",
"inst": "u",
"f": {"lang": "akk-x-neobab",
"form": "x",
"pos": "u"}
}
,
{
"node": "l",
"frag": "x]",
"id": "P237251.l0597a",
"ref": "P237251.17.4",
"inst": "u",
"f": {"lang": "akk-x-neobab",
"form": "x",
"pos": "u"}
}
,
{
"node": "d",
"type": "line-start",
"ref": "P237251.18",
"n": "3'",
"label": "r 3'"}
,
{
"node": "l",
"frag": "UD",
"id": "P237251.l0597b",
"ref": "P237251.18.1",
"inst": "ūm[day]N",
"sig": "@saao/saa17%akk-x-neobab:UD=ūmu[day//day]N'N$ūm",
"f": {"lang": "akk-x-neobab",
"form": "UD",
"cf": "ūmu",
"gw": "day",
"sense": "day",
"norm": "ūm",
"pos": "N",
"epos": "N"}
}
,
{
"node": "l",
"frag": "05-KAM₂",
"id": "P237251.l0597c",
"ref": "P237251.18.2",
"inst": "n",
"f": {"lang": "akk-x-neobab",
"form": "05-KAM₂",
"pos": "n"}
}
,
{
"node": "l",
"frag": "ša₂",
"id": "P237251.l0597d",
"ref": "P237251.18.3",
"inst": "ša[of]DET",
"sig": "@saao/saa17%akk-x-neobab:ša₂=ša[of//of]DET'DET$ša",
"f": {"lang": "akk-x-neobab",
"form": "ša₂",
"cf": "ša",
"gw": "of",
"sense": "of",
"norm": "ša",
"pos": "DET",
"epos": "DET"}
}
,
{
"node": "l",
"frag": "{iti}SIG₄",
"id": "P237251.l0597e",
"ref": "P237251.18.4",
"inst": "Simani[Sivan]MN",
"sig": "@saao/saa17%akk-x-neobab:{ITI}SIG₄=Simanu[Sivan//Sivan]MN'MN$Simani",
"f": {"lang": "akk-x-neobab",
"form": "{ITI}SIG₄",
"cf": "Simanu",
"gw": "Sivan",
"sense": "Sivan",
"norm": "Simani",
"pos": "MN",
"epos": "MN"}
}
,
{
"node": "l",
"frag": "[o]",
"id": "P237251.l0597f",
"ref": "P237251.18.5",
"inst": "u",
"f": {"lang": "akk-x-neobab",
"form": "o",
"pos": "u"}
}
,
{
"node": "d",
"type": "line-start",
"ref": "P237251.19",
"n": "4'",
"label": "r 4'"}
,
{
"node": "l",
"frag": "lik-šu-ud-an-na-⸢ši⸣",
"id": "P237251.l05980",
"ref": "P237251.19.1",
"inst": "kašādu[reach]V$likšudannāši",
"sig": "@saao/saa17%akk-x-neobab:lik-šu-ud-an-na-ši=kašādu[reach//reach]V'V$likšudannāši",
"f": {"lang": "akk-x-neobab",
"form": "lik-šu-ud-an-na-ši",
"cf": "kašādu",
"gw": "reach",
"sense": "reach",
"norm": "likšudannāši",
"pos": "V",
"epos": "V"}
}
,
{
"node": "d",
"type": "line-start",
"ref": "P237251.20",
"n": "5'",
"label": "r 5'"}
,
{
"node": "l",
"frag": "ia-a-nu-u₂",
"id": "P237251.l05981",
"ref": "P237251.20.1",
"inst": "yānu[(there) is not//otherwise]V'AV$yānū",
"sig": "@saao/saa17%akk-x-neobab:ia-a-nu-u₂=yānu[(there) is not//otherwise]V'AV$yānū",
"f": {"lang": "akk-x-neobab",
"form": "ia-a-nu-u₂",
"cf": "yānu",
"gw": "(there) is not",
"sense": "otherwise",
"norm": "yānū",
"pos": "V",
"epos": "AV"}
}
,
{
"node": "l",
"frag": "la-ŠU.2",
"id": "P237251.l05982",
"ref": "P237251.20.2",
"inst": "la-qāt[from the hand]PRP$la-qātē",
"sig": "@saao/saa17%akk-x-neobab:la-ŠU.2=la-qāt[from the hand//from the hand]PRP'PRP$la-qātē",
"f": {"lang": "akk-x-neobab",
"form": "la-ŠU.2",
"cf": "la-qāt",
"gw": "from the hand",
"sense": "from the hand",
"norm": "la-qātē",
"pos": "PRP",
"epos": "PRP"}
}
,
{
"node": "l",
"frag": "LUGAL",
"id": "P237251.l05983",
"ref": "P237251.20.3",
"inst": "šarri[king]N",
"sig": "@saao/saa17%akk-x-neobab:LUGAL=šarru[king//king]N'N$šarri",
"f": {"lang": "akk-x-neobab",
"form": "LUGAL",
"cf": "šarru",
"gw": "king",
"sense": "king",
"norm": "šarri",
"pos": "N",
"epos": "N"}
}
,
{
"node": "d",
"type": "line-start",
"ref": "P237251.21",
"n": "6'",
"label": "r 6'"}
,
{
"node": "l",
"frag": "ni-il-li",
"id": "P237251.l05984",
"ref": "P237251.21.1",
"inst": "elû[go up]V$nilli",
"sig": "@saao/saa17%akk-x-neobab:ni-il-li=elû[go up//go up]V'V$nilli",
"f": {"lang": "akk-x-neobab",
"form": "ni-il-li",
"cf": "elû",
"gw": "go up",
"sense": "go up",
"norm": "nilli",
"pos": "V",
"epos": "V"}
}
,
{
"node": "l",
"frag": "ha-an-ṭiš",
"id": "P237251.l05985",
"ref": "P237251.21.2",
"inst": "hanṭiš[quickly]AV",
"sig": "@saao/saa17%akk-x-neobab:ha-an-ṭiš=hamṭiš[quickly//quickly]AV'AV$hanṭiš",
"f": {"lang": "akk-x-neobab",
"form": "ha-an-ṭiš",
"cf": "hamṭiš",
"gw": "quickly",
"sense": "quickly",
"norm": "hanṭiš",
"pos": "AV",
"epos": "AV"}
}
,
{
"node": "d",
"type": "line-start",
"ref": "P237251.22",
"n": "7'",
"label": "r 7'"}
,
{
"node": "l",
"frag": "ṭe₃-en-gu-nu",
"id": "P237251.l05986",
"ref": "P237251.22.1",
"inst": "ṭēmu[report]N$ṭēngunu",
"sig": "@saao/saa17%akk-x-neobab:ṭe₃-en-gu-nu=ṭēmu[(fore)thought//report]N'N$ṭēngunu",
"f": {"lang": "akk-x-neobab",
"form": "ṭe₃-en-gu-nu",
"cf": "ṭēmu",
"gw": "(fore)thought",
"sense": "report",
"norm": "ṭēngunu",
"pos": "N",
"epos": "N"}
}
,
{
"node": "l",
"frag": "niš-mu",
"id": "P237251.l05987",
"ref": "P237251.22.2",
"inst": "šemû[hear]V$nišmu",
"sig": "@saao/saa17%akk-x-neobab:niš-mu=šemû[hear//hear]V'V$nišmu",
"f": {"lang": "akk-x-neobab",
"form": "niš-mu",
"cf": "šemû",
"gw": "hear",
"sense": "hear",
"norm": "nišmu",
"pos": "V",
"epos": "V"}
}
]}
]}
]}
]}
