{
"type": "cdl",
  "source": "http://oracc.org/saao/saa17",
  "license": "This data is released under the CC0 license",
  "license-url": "https://creativecommons.org/publicdomain/zero/1.0/",
  "more-info": "http://oracc.org/doc/opendata/",
  "UTC-timestamp": "2017-05-19T11:58:27",
"project": "saao/saa17",
"textid": "P238118",
"cdl": [
{
"node": "c",
"type": "text",
"id": "P238118.U0",
"cdl": [
{
"node": "d",
"type": "object",
"ref": ""}
,
{
"node": "d",
"subtype": "obverse",
"type": "surface",
"ref": "P238118.o.1",
"type": "obverse",
"label": "o"}
,
{
"node": "c",
"type": "discourse",
"subtype": "body",
"id": "P238118.U1",
"cdl": [
{
"node": "c",
"type": "sentence",
"id": "P238118.U2",
"label": "o 1 - o 9",
"cdl": [
{
"node": "d",
"type": "line-start",
"ref": "P238118.2",
"n": "1",
"label": "o 1"}
,
{
"node": "l",
"frag": "[ṭup-pi",
"id": "P238118.l0509a",
"ref": "P238118.2.1",
"inst": "ṭuppi[tablet]N",
"sig": "@saao/saa17%akk-x-neobab:ṭup-pi=ṭuppu[tablet//tablet]N'N$ṭuppi",
"f": {"lang": "akk-x-neobab",
"form": "ṭup-pi",
"cf": "ṭuppu",
"gw": "tablet",
"sense": "tablet",
"norm": "ṭuppi",
"pos": "N",
"epos": "N"}
}
,
{
"node": "l",
"frag": "{1}{d}30--BAD₃",
"id": "P238118.l0509b",
"ref": "P238118.2.2",
"inst": "Sin-duri[1]PN$",
"sig": "@saao/saa17%akk-x-neobab:{1}{d}30-BAD₃=Sin-duri[1//1]PN'PN$Sin-duri",
"f": {"lang": "akk-x-neobab",
"form": "{1}{d}30-BAD₃",
"cf": "Sin-duri",
"gw": "1",
"sense": "1",
"norm": "Sin-duri",
"pos": "PN",
"epos": "PN"}
}
,
{
"node": "d",
"type": "line-start",
"ref": "P238118.3",
"n": "2",
"label": "o 2"}
,
{
"node": "l",
"frag": "{[lu₂}ŠA₃.TAM]",
"id": "P238118.l0509c",
"ref": "P238118.3.1",
"inst": "šatammu[chief temple administrator]N",
"sig": "@saao/saa17%akk-x-neobab:{LU₂}ŠA₃.TAM=šatammu[administrator//chief temple administrator]N'N$šatammu",
"f": {"lang": "akk-x-neobab",
"form": "{LU₂}ŠA₃.TAM",
"cf": "šatammu",
"gw": "administrator",
"sense": "chief temple administrator",
"norm": "šatammu",
"pos": "N",
"epos": "N"}
}
,
{
"node": "l",
"frag": "⸢ša₂⸣",
"id": "P238118.l0509d",
"ref": "P238118.3.2",
"inst": "ša[of]DET",
"sig": "@saao/saa17%akk-x-neobab:ša₂=ša[of//of]DET'DET$ša",
"f": {"lang": "akk-x-neobab",
"form": "ša₂",
"cf": "ša",
"gw": "of",
"sense": "of",
"norm": "ša",
"pos": "DET",
"epos": "DET"}
}
,
{
"node": "l",
"frag": "E₂.AN.NA",
"id": "P238118.l0509e",
"ref": "P238118.3.3",
"inst": "Ayakku[Eanna]TN$Ayakki",
"sig": "@saao/saa17%akk-x-neobab:E₂.AN.NA=Ayakku[Eanna//Eanna]TN'TN$Ayakki",
"f": {"lang": "akk-x-neobab",
"form": "E₂.AN.NA",
"cf": "Ayakku",
"gw": "Eanna",
"sense": "Eanna",
"norm": "Ayakki",
"pos": "TN",
"epos": "TN"}
}
,
{
"node": "d",
"type": "line-start",
"ref": "P238118.4",
"n": "3",
"label": "o 3"}
,
{
"node": "l",
"frag": "[a-na",
"id": "P238118.l0509f",
"ref": "P238118.4.1",
"inst": "ana[to]PRP",
"sig": "@saao/saa17%akk-x-neobab:a-na=ana[to//to]PRP'PRP$ana",
"f": {"lang": "akk-x-neobab",
"form": "a-na",
"cf": "ana",
"gw": "to",
"sense": "to",
"norm": "ana",
"pos": "PRP",
"epos": "PRP"}
}
,
{
"node": "l",
"frag": "{lu₂}x]+⸢x⸣",
"id": "P238118.l050a0",
"ref": "P238118.4.2",
"inst": "u",
"f": {"lang": "akk-x-neobab",
"form": "{LU₂}x+x",
"pos": "u"}
}
,
{
"node": "l",
"frag": "be-li₂-šu₂",
"id": "P238118.l050a1",
"ref": "P238118.4.3",
"inst": "bēlīšu[lord]N",
"sig": "@saao/saa17%akk-x-neobab:be-li₂-šu₂=bēlu[lord//lord]N'N$bēlīšu",
"f": {"lang": "akk-x-neobab",
"form": "be-li₂-šu₂",
"cf": "bēlu",
"gw": "lord",
"sense": "lord",
"norm": "bēlīšu",
"pos": "N",
"epos": "N"}
}
,
{
"node": "d",
"type": "line-start",
"ref": "P238118.5",
"n": "4",
"label": "o 4"}
,
{
"node": "l",
"frag": "[x",
"id": "P238118.l050a2",
"ref": "P238118.5.1",
"inst": "u",
"f": {"lang": "akk-x-neobab",
"form": "x",
"pos": "u"}
}
,
{
"node": "l",
"frag": "x",
"id": "P238118.l050a3",
"ref": "P238118.5.2",
"inst": "u",
"f": {"lang": "akk-x-neobab",
"form": "x",
"pos": "u"}
}
,
{
"node": "l",
"frag": "x]",
"id": "P238118.l050a4",
"ref": "P238118.5.3",
"inst": "u",
"f": {"lang": "akk-x-neobab",
"form": "x",
"pos": "u"}
}
,
{
"node": "l",
"frag": "⸢ša₂⸣",
"id": "P238118.l050a5",
"ref": "P238118.5.4",
"inst": "ša[of]DET",
"sig": "@saao/saa17%akk-x-neobab:ša₂=ša[of//of]DET'DET$ša",
"f": {"lang": "akk-x-neobab",
"form": "ša₂",
"cf": "ša",
"gw": "of",
"sense": "of",
"norm": "ša",
"pos": "DET",
"epos": "DET"}
}
,
{
"node": "l",
"frag": "{d}GAŠAN",
"id": "P238118.l050a6",
"ref": "P238118.5.5",
"inst": "Belet[1]DN$",
"sig": "@saao/saa17%akk-x-neobab:{d}GAŠAN=Belet[1//1]DN'DN$Belet",
"f": {"lang": "akk-x-neobab",
"form": "{d}GAŠAN",
"cf": "Belet",
"gw": "1",
"sense": "1",
"norm": "Belet",
"pos": "DN",
"epos": "DN"}
}
,
{
"node": "l",
"frag": "ša₂",
"id": "P238118.l050a7",
"ref": "P238118.5.6",
"inst": "ša[of]DET",
"sig": "@saao/saa17%akk-x-neobab:ša₂=ša[of//of]DET'DET$ša",
"f": {"lang": "akk-x-neobab",
"form": "ša₂",
"cf": "ša",
"gw": "of",
"sense": "of",
"norm": "ša",
"pos": "DET",
"epos": "DET"}
}
,
{
"node": "l",
"frag": "SAG",
"id": "P238118.l050a8",
"ref": "P238118.5.7",
"inst": "Reš[1]TN$",
"sig": "@saao/saa17%akk-x-neobab:SAG=Reš[1//1]TN'TN$Reš",
"f": {"lang": "akk-x-neobab",
"form": "SAG",
"cf": "Reš",
"gw": "1",
"sense": "1",
"norm": "Reš",
"pos": "TN",
"epos": "TN"}
}
,
{
"node": "d",
"type": "line-start",
"ref": "P238118.6",
"n": "5",
"label": "o 5"}
,
{
"node": "l",
"frag": "[x",
"id": "P238118.l050a9",
"ref": "P238118.6.1",
"inst": "u",
"f": {"lang": "akk-x-neobab",
"form": "x",
"pos": "u"}
}
,
{
"node": "l",
"frag": "x",
"id": "P238118.l050aa",
"ref": "P238118.6.2",
"inst": "u",
"f": {"lang": "akk-x-neobab",
"form": "x",
"pos": "u"}
}
,
{
"node": "l",
"frag": "x]",
"id": "P238118.l050ab",
"ref": "P238118.6.3",
"inst": "u",
"f": {"lang": "akk-x-neobab",
"form": "x",
"pos": "u"}
}
,
{
"node": "l",
"frag": "it-ta-saq",
"id": "P238118.l050ac",
"ref": "P238118.6.4",
"inst": "nasāqu[choose]V$ittasaq",
"sig": "@saao/saa17%akk-x-neobab:it-ta-saq=nasāqu[choose//choose]V'V$ittasaq",
"f": {"lang": "akk-x-neobab",
"form": "it-ta-saq",
"cf": "nasāqu",
"gw": "choose",
"sense": "choose",
"norm": "ittasaq",
"pos": "V",
"epos": "V"}
}
,
{
"node": "d",
"type": "line-start",
"ref": "P238118.7",
"n": "6",
"label": "o 6"}
,
{
"node": "l",
"frag": "[x",
"id": "P238118.l050ad",
"ref": "P238118.7.1",
"inst": "u",
"f": {"lang": "akk-x-neobab",
"form": "x",
"pos": "u"}
}
,
{
"node": "l",
"frag": "x",
"id": "P238118.l050ae",
"ref": "P238118.7.2",
"inst": "u",
"f": {"lang": "akk-x-neobab",
"form": "x",
"pos": "u"}
}
,
{
"node": "l",
"frag": "x]+⸢x⸣",
"id": "P238118.l050af",
"ref": "P238118.7.3",
"inst": "u",
"f": {"lang": "akk-x-neobab",
"form": "x+x",
"pos": "u"}
}
,
{
"node": "l",
"frag": "{lu₂}ši-bu-ti",
"id": "P238118.l050b0",
"ref": "P238118.7.4",
"inst": "šību[old man//elder]N$šībūti",
"sig": "@saao/saa17%akk-x-neobab:{LU₂}ši-bu-ti=šību[old man//elder]N'N$šībūti",
"f": {"lang": "akk-x-neobab",
"form": "{LU₂}ši-bu-ti",
"cf": "šību",
"gw": "old man",
"sense": "elder",
"norm": "šībūti",
"pos": "N",
"epos": "N"}
}
,
{
"node": "d",
"type": "line-start",
"ref": "P238118.8",
"n": "7",
"label": "o 7"}
,
{
"node": "l",
"frag": "[x",
"id": "P238118.l050b1",
"ref": "P238118.8.1",
"inst": "u",
"f": {"lang": "akk-x-neobab",
"form": "x",
"pos": "u"}
}
,
{
"node": "l",
"frag": "x",
"id": "P238118.l050b2",
"ref": "P238118.8.2",
"inst": "u",
"f": {"lang": "akk-x-neobab",
"form": "x",
"pos": "u"}
}
,
{
"node": "l",
"frag": "x",
"id": "P238118.l050b3",
"ref": "P238118.8.3",
"inst": "u",
"f": {"lang": "akk-x-neobab",
"form": "x",
"pos": "u"}
}
,
{
"node": "l",
"frag": "x]",
"id": "P238118.l050b4",
"ref": "P238118.8.4",
"inst": "u",
"f": {"lang": "akk-x-neobab",
"form": "x",
"pos": "u"}
}
,
{
"node": "l",
"frag": "iz-ziz-zu",
"id": "P238118.l050b5",
"ref": "P238118.8.5",
"inst": "izuzzu[stand]V$izzizzū",
"sig": "@saao/saa17%akk-x-neobab:iz-ziz-zu=izuzzu[stand//stand]V'V$izzizzū",
"f": {"lang": "akk-x-neobab",
"form": "iz-ziz-zu",
"cf": "izuzzu",
"gw": "stand",
"sense": "stand",
"norm": "izzizzū",
"pos": "V",
"epos": "V"}
}
,
{
"node": "d",
"type": "line-start",
"ref": "P238118.9",
"n": "8",
"label": "o 8"}
,
{
"node": "l",
"frag": "[x",
"id": "P238118.l050b6",
"ref": "P238118.9.1",
"inst": "u",
"f": {"lang": "akk-x-neobab",
"form": "x",
"pos": "u"}
}
,
{
"node": "l",
"frag": "x",
"id": "P238118.l050b7",
"ref": "P238118.9.2",
"inst": "u",
"f": {"lang": "akk-x-neobab",
"form": "x",
"pos": "u"}
}
,
{
"node": "l",
"frag": "x",
"id": "P238118.l050b8",
"ref": "P238118.9.3",
"inst": "u",
"f": {"lang": "akk-x-neobab",
"form": "x",
"pos": "u"}
}
,
{
"node": "l",
"frag": "x",
"id": "P238118.l050b9",
"ref": "P238118.9.4",
"inst": "u",
"f": {"lang": "akk-x-neobab",
"form": "x",
"pos": "u"}
}
,
{
"node": "l",
"frag": "a]-⸢ga⸣-a",
"id": "P238118.l050ba",
"ref": "P238118.9.5",
"inst": "agâ[this]DP",
"sig": "@saao/saa17%akk-x-neobab:a-ga-a=agâ[this//this]DP'DP$agâ",
"f": {"lang": "akk-x-neobab",
"form": "a-ga-a",
"cf": "agâ",
"gw": "this",
"sense": "this",
"norm": "agâ",
"pos": "DP",
"epos": "DP"}
}
,
{
"node": "d",
"type": "line-start",
"ref": "P238118.10",
"n": "9",
"label": "o 9"}
,
{
"node": "l",
"frag": "[x",
"id": "P238118.l050bb",
"ref": "P238118.10.1",
"inst": "u",
"f": {"lang": "akk-x-neobab",
"form": "x",
"pos": "u"}
}
,
{
"node": "l",
"frag": "x",
"id": "P238118.l050bc",
"ref": "P238118.10.2",
"inst": "u",
"f": {"lang": "akk-x-neobab",
"form": "x",
"pos": "u"}
}
,
{
"node": "l",
"frag": "x",
"id": "P238118.l050bd",
"ref": "P238118.10.3",
"inst": "u",
"f": {"lang": "akk-x-neobab",
"form": "x",
"pos": "u"}
}
,
{
"node": "l",
"frag": "x",
"id": "P238118.l050be",
"ref": "P238118.10.4",
"inst": "u",
"f": {"lang": "akk-x-neobab",
"form": "x",
"pos": "u"}
}
,
{
"node": "l",
"frag": "x",
"id": "P238118.l050bf",
"ref": "P238118.10.5",
"inst": "u",
"f": {"lang": "akk-x-neobab",
"form": "x",
"pos": "u"}
}
,
{
"node": "l",
"frag": "x]",
"id": "P238118.l050c0",
"ref": "P238118.10.6",
"inst": "u",
"f": {"lang": "akk-x-neobab",
"form": "x",
"pos": "u"}
}
,
{
"node": "d",
"type": "nonx",
"ref": "P238118.11",
"strict": "0",
"extent": "rest",
"state": "missing"}
,
{
"node": "d",
"subtype": "reverse",
"type": "surface",
"ref": "P238118.r.12",
"type": "reverse",
"label": "r"}
,
{
"node": "d",
"type": "nonx",
"ref": "P238118.13",
"strict": "0",
"state": "missing"}
]}
]}
]}
]}
