{
"type": "cdl",
  "source": "http://oracc.org/saao/saa17",
  "license": "This data is released under the CC0 license",
  "license-url": "https://creativecommons.org/publicdomain/zero/1.0/",
  "more-info": "http://oracc.org/doc/opendata/",
  "UTC-timestamp": "2017-05-19T11:58:26",
"project": "saao/saa17",
"textid": "P238098",
"cdl": [
{
"node": "c",
"type": "text",
"id": "P238098.U0",
"cdl": [
{
"node": "d",
"type": "object",
"ref": ""}
,
{
"node": "d",
"subtype": "obverse",
"type": "surface",
"ref": "P238098.o.1",
"type": "obverse",
"label": "o"}
,
{
"node": "d",
"type": "nonx",
"ref": "P238098.2",
"strict": "0",
"extent": "beginning",
"state": "missing"}
,
{
"node": "c",
"type": "discourse",
"subtype": "body",
"id": "P238098.U1",
"cdl": [
{
"node": "c",
"type": "sentence",
"id": "P238098.U2",
"label": "o 1' - e. 1",
"cdl": [
{
"node": "d",
"type": "line-start",
"ref": "P238098.3",
"n": "1'",
"label": "o 1'"}
,
{
"node": "l",
"frag": "[x]+⸢x",
"id": "P238098.l06487",
"ref": "P238098.3.1",
"inst": "u",
"f": {"lang": "akk-x-neobab",
"form": "x+x",
"pos": "u"}
}
,
{
"node": "l",
"frag": "x⸣+[x",
"id": "P238098.l06488",
"ref": "P238098.3.2",
"inst": "u",
"f": {"lang": "akk-x-neobab",
"form": "x+x",
"pos": "u"}
}
,
{
"node": "l",
"frag": "x]",
"id": "P238098.l06489",
"ref": "P238098.3.3",
"inst": "u",
"f": {"lang": "akk-x-neobab",
"form": "x",
"pos": "u"}
}
,
{
"node": "l",
"frag": "⸢x⸣+[x",
"id": "P238098.l0648a",
"ref": "P238098.3.4",
"inst": "u",
"f": {"lang": "akk-x-neobab",
"form": "x+x",
"pos": "u"}
}
,
{
"node": "l",
"frag": "x",
"id": "P238098.l0648b",
"ref": "P238098.3.5",
"inst": "u",
"f": {"lang": "akk-x-neobab",
"form": "x",
"pos": "u"}
}
,
{
"node": "l",
"frag": "x",
"id": "P238098.l0648c",
"ref": "P238098.3.6",
"inst": "u",
"f": {"lang": "akk-x-neobab",
"form": "x",
"pos": "u"}
}
,
{
"node": "l",
"frag": "x]-ta",
"id": "P238098.l0648d",
"ref": "P238098.3.7",
"inst": "u",
"f": {"lang": "akk-x-neobab",
"form": "x-ta",
"pos": "u"}
}
,
{
"node": "d",
"type": "line-start",
"ref": "P238098.4",
"n": "2'",
"label": "o 2'"}
,
{
"node": "l",
"frag": "i-bu-kaš-šu₂-nu-tu",
"id": "P238098.l0648e",
"ref": "P238098.4.1",
"inst": "abāku[lead away//lead in]V$ībukaššunūtu",
"sig": "@saao/saa17%akk-x-neobab:i-bu-kaš-šu₂-nu-tu=abāku[lead away//lead in]V'V$ībukaššunūtu",
"f": {"lang": "akk-x-neobab",
"form": "i-bu-kaš-šu₂-nu-tu",
"cf": "abāku",
"gw": "lead away",
"sense": "lead in",
"norm": "ībukaššunūtu",
"pos": "V",
"epos": "V"}
}
,
{
"node": "l",
"frag": "⸢x⸣+[x",
"id": "P238098.l0648f",
"ref": "P238098.4.2",
"inst": "u",
"f": {"lang": "akk-x-neobab",
"form": "x+x",
"pos": "u"}
}
,
{
"node": "l",
"frag": "x]",
"id": "P238098.l06490",
"ref": "P238098.4.3",
"inst": "u",
"f": {"lang": "akk-x-neobab",
"form": "x",
"pos": "u"}
}
,
{
"node": "d",
"type": "line-start",
"ref": "P238098.5",
"n": "3'",
"label": "o 3'"}
,
{
"node": "l",
"frag": "hur-ṣa-am-ma",
"id": "P238098.l06491",
"ref": "P238098.5.1",
"inst": "harāṣu[break off//clear up]V$hurṣamma",
"sig": "@saao/saa17%akk-x-neobab:hur-ṣa-am-ma=harāṣu[break off//clear up]V'V$hurṣamma",
"f": {"lang": "akk-x-neobab",
"form": "hur-ṣa-am-ma",
"cf": "harāṣu",
"gw": "break off",
"sense": "clear up",
"norm": "hurṣamma",
"pos": "V",
"epos": "V"}
}
,
{
"node": "l",
"frag": "šup-ra-am-[ma]",
"id": "P238098.l06492",
"ref": "P238098.5.2",
"inst": "šapāru[send//write]V$šupramma",
"sig": "@saao/saa17%akk-x-neobab:šup-ra-am-ma=šapāru[send//write]V'V$šupramma",
"f": {"lang": "akk-x-neobab",
"form": "šup-ra-am-ma",
"cf": "šapāru",
"gw": "send",
"sense": "write",
"norm": "šupramma",
"pos": "V",
"epos": "V"}
}
,
{
"node": "d",
"type": "line-start",
"ref": "P238098.6",
"n": "4'",
"label": "o 4'"}
,
{
"node": "l",
"frag": "um-ma",
"id": "P238098.l06493",
"ref": "P238098.6.1",
"inst": "umma[saying]PRP",
"sig": "@saao/saa17%akk-x-neobab:um-ma=umma[saying//saying]PRP'PRP$umma",
"f": {"lang": "akk-x-neobab",
"form": "um-ma",
"cf": "umma",
"gw": "saying",
"sense": "saying",
"norm": "umma",
"pos": "PRP",
"epos": "PRP"}
}
,
{
"node": "l",
"frag": "šu₂-u₂",
"id": "P238098.l06494",
"ref": "P238098.6.2",
"inst": "šû[he]IP",
"sig": "@saao/saa17%akk-x-neobab:šu₂-u₂=šū[he//he]IP'IP$šû",
"f": {"lang": "akk-x-neobab",
"form": "šu₂-u₂",
"cf": "šū",
"gw": "he",
"sense": "he",
"norm": "šû",
"pos": "IP",
"epos": "IP"}
}
,
{
"node": "l",
"frag": "i-qab-bi",
"id": "P238098.l06495",
"ref": "P238098.6.3",
"inst": "iqabbi[say]V",
"sig": "@saao/saa17%akk-x-neobab:i-qab-bi=qabû[say//say]V'V$iqabbi",
"f": {"lang": "akk-x-neobab",
"form": "i-qab-bi",
"cf": "qabû",
"gw": "say",
"sense": "say",
"norm": "iqabbi",
"pos": "V",
"epos": "V"}
}
,
{
"node": "l",
"frag": "[um-ma]",
"id": "P238098.l06496",
"ref": "P238098.6.4",
"inst": "umma[saying]PRP",
"sig": "@saao/saa17%akk-x-neobab:um-ma=umma[saying//saying]PRP'PRP$umma",
"f": {"lang": "akk-x-neobab",
"form": "um-ma",
"cf": "umma",
"gw": "saying",
"sense": "saying",
"norm": "umma",
"pos": "PRP",
"epos": "PRP"}
}
,
{
"node": "d",
"type": "line-start",
"ref": "P238098.7",
"n": "5'",
"label": "o 5'"}
,
{
"node": "l",
"frag": "URU-MEŠ-ia",
"id": "P238098.l06497",
"ref": "P238098.7.1",
"inst": "ālānīya[town]N",
"sig": "@saao/saa17%akk-x-neobab:URU-MEŠ-ia=ālu[city//town]N'N$ālānīya",
"f": {"lang": "akk-x-neobab",
"form": "URU-MEŠ-ia",
"cf": "ālu",
"gw": "city",
"sense": "town",
"norm": "ālānīya",
"pos": "N",
"epos": "N"}
}
,
{
"node": "l",
"frag": "gab-bi",
"id": "P238098.l06498",
"ref": "P238098.7.2",
"inst": "gabbi[all]N",
"sig": "@saao/saa17%akk-x-neobab:gab-bi=gabbu[totality//all]N'N$gabbi",
"f": {"lang": "akk-x-neobab",
"form": "gab-bi",
"cf": "gabbu",
"gw": "totality",
"sense": "all",
"norm": "gabbi",
"pos": "N",
"epos": "N"}
}
,
{
"node": "l",
"frag": "[x",
"id": "P238098.l06499",
"ref": "P238098.7.3",
"inst": "u",
"f": {"lang": "akk-x-neobab",
"form": "x",
"pos": "u"}
}
,
{
"node": "l",
"frag": "x]",
"id": "P238098.l0649a",
"ref": "P238098.7.4",
"inst": "u",
"f": {"lang": "akk-x-neobab",
"form": "x",
"pos": "u"}
}
,
{
"node": "d",
"type": "line-start",
"ref": "P238098.8",
"n": "6'",
"label": "o 6'"}
,
{
"node": "l",
"frag": "BAD₃-ša₂-{1}ia-ki-⸢nu⸣",
"id": "P238098.l0649b",
"ref": "P238098.8.1",
"inst": "+Dur-Yakin[1]GN$Duru-ša-Yakinu",
"sig": "@saao/saa17%akk-x-neobab:BAD₃-ša₂-{1}ia-ki-nu=Dur-Yakin[1//1]GN'GN$Duru-ša-Yakinu",
"f": {"lang": "akk-x-neobab",
"form": "BAD₃-ša₂-{1}ia-ki-nu",
"cf": "Dur-Yakin",
"gw": "1",
"sense": "1",
"norm": "Duru-ša-Yakinu",
"pos": "GN",
"epos": "GN"}
}
,
{
"node": "d",
"type": "line-start",
"ref": "P238098.9",
"n": "7'",
"label": "o 7'"}
,
{
"node": "l",
"frag": "ul-te-gi-ma",
"id": "P238098.l0649c",
"ref": "P238098.9.1",
"inst": "egû[be(come) lazy//neglect]V$ultēgīma",
"sig": "@saao/saa17%akk-x-neobab:ul-te-gi-ma=egû[be(come) lazy//neglect]V'V$ultēgīma",
"f": {"lang": "akk-x-neobab",
"form": "ul-te-gi-ma",
"cf": "egû",
"gw": "be(come) lazy",
"sense": "neglect",
"norm": "ultēgīma",
"pos": "V",
"epos": "V"}
}
,
{
"node": "l",
"frag": "01-en",
"id": "P238098.l0649d",
"ref": "P238098.9.2",
"inst": "iltēn[one]NU",
"sig": "@saao/saa17%akk-x-neobab:01-en=ištēn[one//one]NU'NU$iltēn",
"f": {"lang": "akk-x-neobab",
"form": "01-en",
"cf": "ištēn",
"gw": "one",
"sense": "one",
"norm": "iltēn",
"pos": "NU",
"epos": "NU"}
}
,
{
"node": "l",
"frag": "[x",
"id": "P238098.l0649e",
"ref": "P238098.9.3",
"inst": "u",
"f": {"lang": "akk-x-neobab",
"form": "x",
"pos": "u"}
}
,
{
"node": "l",
"frag": "x]",
"id": "P238098.l0649f",
"ref": "P238098.9.4",
"inst": "u",
"f": {"lang": "akk-x-neobab",
"form": "x",
"pos": "u"}
}
,
{
"node": "d",
"type": "line-start",
"ref": "P238098.10",
"n": "8'",
"label": "o 8'"}
,
{
"node": "l",
"frag": "UGU",
"id": "P238098.l064a0",
"ref": "P238098.10.1",
"inst": "muhhu[skull//on]N'PRP$muhhi",
"sig": "@saao/saa17%akk-x-neobab:UGU=muhhu[skull//on]N'PRP$muhhi",
"f": {"lang": "akk-x-neobab",
"form": "UGU",
"cf": "muhhu",
"gw": "skull",
"sense": "on",
"norm": "muhhi",
"pos": "N",
"epos": "PRP"}
}
,
{
"node": "l",
"frag": "ša₂-ni-ia",
"id": "P238098.l064a1",
"ref": "P238098.10.2",
"inst": "šanû[(an)other]AJ$šanīya",
"sig": "@saao/saa17%akk-x-neobab:ša₂-ni-ia=šanû[(an)other//(an)other]AJ'AJ$šanīya",
"f": {"lang": "akk-x-neobab",
"form": "ša₂-ni-ia",
"cf": "šanû",
"gw": "(an)other",
"sense": "(an)other",
"norm": "šanīya",
"pos": "AJ",
"epos": "AJ"}
}
,
{
"node": "l",
"frag": "⸢x",
"id": "P238098.l064a2",
"ref": "P238098.10.3",
"inst": "u",
"f": {"lang": "akk-x-neobab",
"form": "x",
"pos": "u"}
}
,
{
"node": "l",
"frag": "x⸣",
"id": "P238098.l064a3",
"ref": "P238098.10.4",
"inst": "u",
"f": {"lang": "akk-x-neobab",
"form": "x",
"pos": "u"}
}
,
{
"node": "l",
"frag": "[x]",
"id": "P238098.l064a4",
"ref": "P238098.10.5",
"inst": "u",
"f": {"lang": "akk-x-neobab",
"form": "x",
"pos": "u"}
}
,
{
"node": "d",
"type": "line-start",
"ref": "P238098.11",
"n": "9'",
"label": "o 9'"}
,
{
"node": "l",
"frag": "ina",
"id": "P238098.l064a5",
"ref": "P238098.11.1",
"inst": "ina[in]PRP",
"sig": "@saao/saa17%akk-x-neobab:ina=ina[in//in]PRP'PRP$ina",
"f": {"lang": "akk-x-neobab",
"form": "ina",
"cf": "ina",
"gw": "in",
"sense": "in",
"norm": "ina",
"pos": "PRP",
"epos": "PRP"}
}
,
{
"node": "l",
"frag": "bu-bu-tu",
"id": "P238098.l064a6",
"ref": "P238098.11.2",
"inst": "bubūtu[hunger]N$",
"sig": "@saao/saa17%akk-x-neobab:bu-bu-tu=bubūtu[hunger//hunger]N'N$bubūtu",
"f": {"lang": "akk-x-neobab",
"form": "bu-bu-tu",
"cf": "bubūtu",
"gw": "hunger",
"sense": "hunger",
"norm": "bubūtu",
"pos": "N",
"epos": "N"}
}
,
{
"node": "l",
"frag": "⸢x⸣+[x",
"id": "P238098.l064a7",
"ref": "P238098.11.3",
"inst": "u",
"f": {"lang": "akk-x-neobab",
"form": "x+x",
"pos": "u"}
}
,
{
"node": "l",
"frag": "x",
"id": "P238098.l064a8",
"ref": "P238098.11.4",
"inst": "u",
"f": {"lang": "akk-x-neobab",
"form": "x",
"pos": "u"}
}
,
{
"node": "l",
"frag": "x]",
"id": "P238098.l064a9",
"ref": "P238098.11.5",
"inst": "u",
"f": {"lang": "akk-x-neobab",
"form": "x",
"pos": "u"}
}
,
{
"node": "d",
"type": "line-start",
"ref": "P238098.12",
"n": "10'",
"label": "o 10'"}
,
{
"node": "l",
"frag": "⸢LUGAL⸣",
"id": "P238098.l064aa",
"ref": "P238098.12.1",
"inst": "šar[king]N",
"sig": "@saao/saa17%akk-x-neobab:LUGAL=šarru[king//king]N'N$šar",
"f": {"lang": "akk-x-neobab",
"form": "LUGAL",
"cf": "šarru",
"gw": "king",
"sense": "king",
"norm": "šar",
"pos": "N",
"epos": "N"}
}
,
{
"node": "l",
"frag": "TIN.TIR{⸢ki⸣}",
"id": "P238098.l064ab",
"ref": "P238098.12.2",
"inst": "Babili[Babylon]GN",
"sig": "@saao/saa17%akk-x-neobab:TIN.TIR{KI}=Babili[Babylon//Babylon]GN'GN$Babili",
"f": {"lang": "akk-x-neobab",
"form": "TIN.TIR{KI}",
"cf": "Babili",
"gw": "Babylon",
"sense": "Babylon",
"norm": "Babili",
"pos": "GN",
"epos": "GN"}
}
,
{
"node": "l",
"frag": "[x",
"id": "P238098.l064ac",
"ref": "P238098.12.3",
"inst": "u",
"f": {"lang": "akk-x-neobab",
"form": "x",
"pos": "u"}
}
,
{
"node": "l",
"frag": "x",
"id": "P238098.l064ad",
"ref": "P238098.12.4",
"inst": "u",
"f": {"lang": "akk-x-neobab",
"form": "x",
"pos": "u"}
}
,
{
"node": "l",
"frag": "x",
"id": "P238098.l064ae",
"ref": "P238098.12.5",
"inst": "u",
"f": {"lang": "akk-x-neobab",
"form": "x",
"pos": "u"}
}
,
{
"node": "l",
"frag": "x]",
"id": "P238098.l064af",
"ref": "P238098.12.6",
"inst": "u",
"f": {"lang": "akk-x-neobab",
"form": "x",
"pos": "u"}
}
,
{
"node": "d",
"type": "line-start",
"ref": "P238098.13",
"n": "11'",
"label": "o 11'"}
,
{
"node": "l",
"frag": "[x",
"id": "P238098.l064b0",
"ref": "P238098.13.1",
"inst": "u",
"f": {"lang": "akk-x-neobab",
"form": "x",
"pos": "u"}
}
,
{
"node": "l",
"frag": "x]",
"id": "P238098.l064b1",
"ref": "P238098.13.2",
"inst": "u",
"f": {"lang": "akk-x-neobab",
"form": "x",
"pos": "u"}
}
,
{
"node": "l",
"frag": "⸢x⸣+[x",
"id": "P238098.l064b2",
"ref": "P238098.13.3",
"inst": "u",
"f": {"lang": "akk-x-neobab",
"form": "x+x",
"pos": "u"}
}
,
{
"node": "l",
"frag": "x",
"id": "P238098.l064b3",
"ref": "P238098.13.4",
"inst": "u",
"f": {"lang": "akk-x-neobab",
"form": "x",
"pos": "u"}
}
,
{
"node": "l",
"frag": "x",
"id": "P238098.l064b4",
"ref": "P238098.13.5",
"inst": "u",
"f": {"lang": "akk-x-neobab",
"form": "x",
"pos": "u"}
}
,
{
"node": "l",
"frag": "x",
"id": "P238098.l064b5",
"ref": "P238098.13.6",
"inst": "u",
"f": {"lang": "akk-x-neobab",
"form": "x",
"pos": "u"}
}
,
{
"node": "l",
"frag": "x",
"id": "P238098.l064b6",
"ref": "P238098.13.7",
"inst": "u",
"f": {"lang": "akk-x-neobab",
"form": "x",
"pos": "u"}
}
,
{
"node": "l",
"frag": "x]",
"id": "P238098.l064b7",
"ref": "P238098.13.8",
"inst": "u",
"f": {"lang": "akk-x-neobab",
"form": "x",
"pos": "u"}
}
,
{
"node": "d",
"type": "line-start",
"ref": "P238098.14",
"n": "12'",
"label": "o 12'"}
,
{
"node": "l",
"frag": "[x",
"id": "P238098.l064b8",
"ref": "P238098.14.1",
"inst": "u",
"f": {"lang": "akk-x-neobab",
"form": "x",
"pos": "u"}
}
,
{
"node": "l",
"frag": "x]",
"id": "P238098.l064b9",
"ref": "P238098.14.2",
"inst": "u",
"f": {"lang": "akk-x-neobab",
"form": "x",
"pos": "u"}
}
,
{
"node": "l",
"frag": "⸢x⸣+[x",
"id": "P238098.l064ba",
"ref": "P238098.14.3",
"inst": "u",
"f": {"lang": "akk-x-neobab",
"form": "x+x",
"pos": "u"}
}
,
{
"node": "l",
"frag": "x",
"id": "P238098.l064bb",
"ref": "P238098.14.4",
"inst": "u",
"f": {"lang": "akk-x-neobab",
"form": "x",
"pos": "u"}
}
,
{
"node": "l",
"frag": "x",
"id": "P238098.l064bc",
"ref": "P238098.14.5",
"inst": "u",
"f": {"lang": "akk-x-neobab",
"form": "x",
"pos": "u"}
}
,
{
"node": "l",
"frag": "x",
"id": "P238098.l064bd",
"ref": "P238098.14.6",
"inst": "u",
"f": {"lang": "akk-x-neobab",
"form": "x",
"pos": "u"}
}
,
{
"node": "l",
"frag": "x",
"id": "P238098.l064be",
"ref": "P238098.14.7",
"inst": "u",
"f": {"lang": "akk-x-neobab",
"form": "x",
"pos": "u"}
}
,
{
"node": "l",
"frag": "x]",
"id": "P238098.l064bf",
"ref": "P238098.14.8",
"inst": "u",
"f": {"lang": "akk-x-neobab",
"form": "x",
"pos": "u"}
}
,
{
"node": "d",
"type": "line-start",
"ref": "P238098.15",
"n": "13'",
"label": "o 13'"}
,
{
"node": "l",
"frag": "[x",
"id": "P238098.l064c0",
"ref": "P238098.15.1",
"inst": "u",
"f": {"lang": "akk-x-neobab",
"form": "x",
"pos": "u"}
}
,
{
"node": "l",
"frag": "x]",
"id": "P238098.l064c1",
"ref": "P238098.15.2",
"inst": "u",
"f": {"lang": "akk-x-neobab",
"form": "x",
"pos": "u"}
}
,
{
"node": "l",
"frag": "⸢x⸣+[x",
"id": "P238098.l064c2",
"ref": "P238098.15.3",
"inst": "u",
"f": {"lang": "akk-x-neobab",
"form": "x+x",
"pos": "u"}
}
,
{
"node": "l",
"frag": "x",
"id": "P238098.l064c3",
"ref": "P238098.15.4",
"inst": "u",
"f": {"lang": "akk-x-neobab",
"form": "x",
"pos": "u"}
}
,
{
"node": "l",
"frag": "x",
"id": "P238098.l064c4",
"ref": "P238098.15.5",
"inst": "u",
"f": {"lang": "akk-x-neobab",
"form": "x",
"pos": "u"}
}
,
{
"node": "l",
"frag": "x",
"id": "P238098.l064c5",
"ref": "P238098.15.6",
"inst": "u",
"f": {"lang": "akk-x-neobab",
"form": "x",
"pos": "u"}
}
,
{
"node": "l",
"frag": "x",
"id": "P238098.l064c6",
"ref": "P238098.15.7",
"inst": "u",
"f": {"lang": "akk-x-neobab",
"form": "x",
"pos": "u"}
}
,
{
"node": "l",
"frag": "x]",
"id": "P238098.l064c7",
"ref": "P238098.15.8",
"inst": "u",
"f": {"lang": "akk-x-neobab",
"form": "x",
"pos": "u"}
}
,
{
"node": "d",
"subtype": "bottom",
"type": "surface",
"ref": "P238098.b.e..16",
"type": "bottom",
"label": "b.e."}
,
{
"node": "d",
"type": "line-start",
"ref": "P238098.17",
"n": "14'",
"label": "b.e. 14'"}
,
{
"node": "l",
"frag": "[x",
"id": "P238098.l064c8",
"ref": "P238098.17.1",
"inst": "u",
"f": {"lang": "akk-x-neobab",
"form": "x",
"pos": "u"}
}
,
{
"node": "l",
"frag": "x]",
"id": "P238098.l064c9",
"ref": "P238098.17.2",
"inst": "u",
"f": {"lang": "akk-x-neobab",
"form": "x",
"pos": "u"}
}
,
{
"node": "l",
"frag": "⸢bu⸣",
"id": "P238098.l064ca",
"ref": "P238098.17.3",
"inst": "u",
"f": {"lang": "akk-x-neobab",
"form": "bu",
"pos": "u"}
}
,
{
"node": "l",
"frag": "bi",
"id": "P238098.l064cb",
"ref": "P238098.17.4",
"inst": "u",
"f": {"lang": "akk-x-neobab",
"form": "bi",
"pos": "u"}
}
,
{
"node": "l",
"frag": "⸢x⸣",
"id": "P238098.l064cc",
"ref": "P238098.17.5",
"inst": "u",
"f": {"lang": "akk-x-neobab",
"form": "x",
"pos": "u"}
}
,
{
"node": "l",
"frag": "[x",
"id": "P238098.l064cd",
"ref": "P238098.17.6",
"inst": "u",
"f": {"lang": "akk-x-neobab",
"form": "x",
"pos": "u"}
}
,
{
"node": "l",
"frag": "x",
"id": "P238098.l064ce",
"ref": "P238098.17.7",
"inst": "u",
"f": {"lang": "akk-x-neobab",
"form": "x",
"pos": "u"}
}
,
{
"node": "l",
"frag": "x",
"id": "P238098.l064cf",
"ref": "P238098.17.8",
"inst": "u",
"f": {"lang": "akk-x-neobab",
"form": "x",
"pos": "u"}
}
,
{
"node": "l",
"frag": "x]",
"id": "P238098.l064d0",
"ref": "P238098.17.9",
"inst": "u",
"f": {"lang": "akk-x-neobab",
"form": "x",
"pos": "u"}
}
,
{
"node": "d",
"type": "line-start",
"ref": "P238098.18",
"n": "15'",
"label": "b.e. 15'"}
,
{
"node": "l",
"frag": "[x",
"id": "P238098.l064d1",
"ref": "P238098.18.1",
"inst": "u",
"f": {"lang": "akk-x-neobab",
"form": "x",
"pos": "u"}
}
,
{
"node": "l",
"frag": "x",
"id": "P238098.l064d2",
"ref": "P238098.18.2",
"inst": "u",
"f": {"lang": "akk-x-neobab",
"form": "x",
"pos": "u"}
}
,
{
"node": "l",
"frag": "x]",
"id": "P238098.l064d3",
"ref": "P238098.18.3",
"inst": "u",
"f": {"lang": "akk-x-neobab",
"form": "x",
"pos": "u"}
}
,
{
"node": "l",
"frag": "⸢u₂⸣",
"id": "P238098.l064d4",
"ref": "P238098.18.4",
"inst": "u",
"f": {"lang": "akk-x-neobab",
"form": "u₂",
"pos": "u"}
}
,
{
"node": "l",
"frag": "[x",
"id": "P238098.l064d5",
"ref": "P238098.18.5",
"inst": "u",
"f": {"lang": "akk-x-neobab",
"form": "x",
"pos": "u"}
}
,
{
"node": "l",
"frag": "x",
"id": "P238098.l064d6",
"ref": "P238098.18.6",
"inst": "u",
"f": {"lang": "akk-x-neobab",
"form": "x",
"pos": "u"}
}
,
{
"node": "l",
"frag": "x",
"id": "P238098.l064d7",
"ref": "P238098.18.7",
"inst": "u",
"f": {"lang": "akk-x-neobab",
"form": "x",
"pos": "u"}
}
,
{
"node": "l",
"frag": "x]",
"id": "P238098.l064d8",
"ref": "P238098.18.8",
"inst": "u",
"f": {"lang": "akk-x-neobab",
"form": "x",
"pos": "u"}
}
,
{
"node": "d",
"subtype": "reverse",
"type": "surface",
"ref": "P238098.r.19",
"type": "reverse",
"label": "r"}
,
{
"node": "d",
"type": "line-start",
"ref": "P238098.20",
"n": "1",
"label": "r 1"}
,
{
"node": "l",
"frag": "[x",
"id": "P238098.l064d9",
"ref": "P238098.20.1",
"inst": "u",
"f": {"lang": "akk-x-neobab",
"form": "x",
"pos": "u"}
}
,
{
"node": "l",
"frag": "x",
"id": "P238098.l064da",
"ref": "P238098.20.2",
"inst": "u",
"f": {"lang": "akk-x-neobab",
"form": "x",
"pos": "u"}
}
,
{
"node": "l",
"frag": "x]",
"id": "P238098.l064db",
"ref": "P238098.20.3",
"inst": "u",
"f": {"lang": "akk-x-neobab",
"form": "x",
"pos": "u"}
}
,
{
"node": "l",
"frag": "za",
"id": "P238098.l064dc",
"ref": "P238098.20.4",
"inst": "u",
"f": {"lang": "akk-x-neobab",
"form": "za",
"pos": "u"}
}
,
{
"node": "l",
"frag": "bi",
"id": "P238098.l064dd",
"ref": "P238098.20.5",
"inst": "u",
"f": {"lang": "akk-x-neobab",
"form": "bi",
"pos": "u"}
}
,
{
"node": "l",
"frag": "[x",
"id": "P238098.l064de",
"ref": "P238098.20.6",
"inst": "u",
"f": {"lang": "akk-x-neobab",
"form": "x",
"pos": "u"}
}
,
{
"node": "l",
"frag": "x",
"id": "P238098.l064df",
"ref": "P238098.20.7",
"inst": "u",
"f": {"lang": "akk-x-neobab",
"form": "x",
"pos": "u"}
}
,
{
"node": "l",
"frag": "x]",
"id": "P238098.l064e0",
"ref": "P238098.20.8",
"inst": "u",
"f": {"lang": "akk-x-neobab",
"form": "x",
"pos": "u"}
}
,
{
"node": "d",
"type": "line-start",
"ref": "P238098.21",
"n": "2",
"label": "r 2"}
,
{
"node": "l",
"frag": "[x",
"id": "P238098.l064e1",
"ref": "P238098.21.1",
"inst": "u",
"f": {"lang": "akk-x-neobab",
"form": "x",
"pos": "u"}
}
,
{
"node": "l",
"frag": "x",
"id": "P238098.l064e2",
"ref": "P238098.21.2",
"inst": "u",
"f": {"lang": "akk-x-neobab",
"form": "x",
"pos": "u"}
}
,
{
"node": "l",
"frag": "x]",
"id": "P238098.l064e3",
"ref": "P238098.21.3",
"inst": "u",
"f": {"lang": "akk-x-neobab",
"form": "x",
"pos": "u"}
}
,
{
"node": "l",
"frag": "iṣ-bat",
"id": "P238098.l064e4",
"ref": "P238098.21.4",
"inst": "ṣabātu[seize]V$iṣbat",
"sig": "@saao/saa17%akk-x-neobab:iṣ-bat=ṣabātu[seize//seize]V'V$iṣbat",
"f": {"lang": "akk-x-neobab",
"form": "iṣ-bat",
"cf": "ṣabātu",
"gw": "seize",
"sense": "seize",
"norm": "iṣbat",
"pos": "V",
"epos": "V"}
}
,
{
"node": "l",
"frag": "[x",
"id": "P238098.l064e5",
"ref": "P238098.21.5",
"inst": "u",
"f": {"lang": "akk-x-neobab",
"form": "x",
"pos": "u"}
}
,
{
"node": "l",
"frag": "x",
"id": "P238098.l064e6",
"ref": "P238098.21.6",
"inst": "u",
"f": {"lang": "akk-x-neobab",
"form": "x",
"pos": "u"}
}
,
{
"node": "l",
"frag": "x]",
"id": "P238098.l064e7",
"ref": "P238098.21.7",
"inst": "u",
"f": {"lang": "akk-x-neobab",
"form": "x",
"pos": "u"}
}
,
{
"node": "d",
"type": "line-start",
"ref": "P238098.22",
"n": "3",
"label": "r 3"}
,
{
"node": "l",
"frag": "01-en",
"id": "P238098.l064e8",
"ref": "P238098.22.1",
"inst": "iltēn[one]NU",
"sig": "@saao/saa17%akk-x-neobab:01-en=ištēn[one//one]NU'NU$iltēn",
"f": {"lang": "akk-x-neobab",
"form": "01-en",
"cf": "ištēn",
"gw": "one",
"sense": "one",
"norm": "iltēn",
"pos": "NU",
"epos": "NU"}
}
,
{
"node": "l",
"frag": "ša₂",
"id": "P238098.l064e9",
"ref": "P238098.22.2",
"inst": "ša[of]DET",
"sig": "@saao/saa17%akk-x-neobab:ša₂=ša[of//of]DET'DET$ša",
"f": {"lang": "akk-x-neobab",
"form": "ša₂",
"cf": "ša",
"gw": "of",
"sense": "of",
"norm": "ša",
"pos": "DET",
"epos": "DET"}
}
,
{
"node": "l",
"frag": "LUGAL⸣",
"id": "P238098.l064ea",
"ref": "P238098.22.3",
"inst": "šar[king]N",
"sig": "@saao/saa17%akk-x-neobab:LUGAL=šarru[king//king]N'N$šar",
"f": {"lang": "akk-x-neobab",
"form": "LUGAL",
"cf": "šarru",
"gw": "king",
"sense": "king",
"norm": "šar",
"pos": "N",
"epos": "N"}
}
,
{
"node": "l",
"frag": "KUR-aš-šur{⸢ki⸣}",
"id": "P238098.l064eb",
"ref": "P238098.22.4",
"cof-tails": "P238098.l064ec",
"inst": "mātu[land]N$māt&Aššur[1]DN$",
"sig": "@saao%akk-x-neobab:KUR-aš-šur{KI}=mātu[land//land]N'N$māt&&@saao%akk-x-neobab:=Aššur[1//1]DN'DN$Aššur",
"f": {"lang": "akk-x-neobab",
"form": "KUR-aš-šur{KI}",
"cf": "mātu",
"gw": "land",
"sense": "land",
"norm": "māt",
"pos": "N",
"epos": "N"}
}
,
{
"node": "l",
"frag": "KUR-aš-šur{⸢ki⸣}",
"id": "P238098.l064ec",
"ref": "P238098.22.4",
"cof-head": "P238098.l064eb",
"inst": "mātu[land]N$māt&Aššur[1]DN$",
"f": {"lang": "akk-x-neobab",
"form": "KUR-aš-šur{KI}",
"cf": "Aššur",
"gw": "1",
"sense": "1",
"norm": "Aššur",
"pos": "DN",
"epos": "DN"}
}
,
{
"node": "l",
"frag": "[x",
"id": "P238098.l064ed",
"ref": "P238098.22.5",
"inst": "u",
"f": {"lang": "akk-x-neobab",
"form": "x",
"pos": "u"}
}
,
{
"node": "l",
"frag": "x]",
"id": "P238098.l064ee",
"ref": "P238098.22.6",
"inst": "u",
"f": {"lang": "akk-x-neobab",
"form": "x",
"pos": "u"}
}
,
{
"node": "d",
"type": "line-start",
"ref": "P238098.23",
"n": "4",
"label": "r 4"}
,
{
"node": "l",
"frag": "{uru}ma-ru-ru",
"id": "P238098.l064ef",
"ref": "P238098.23.1",
"inst": "Maruru[1]GN$",
"sig": "@saao/saa17%akk-x-neobab:{URU}ma-ru-ru=Maruru[1//1]GN'GN$Maruru",
"f": {"lang": "akk-x-neobab",
"form": "{URU}ma-ru-ru",
"cf": "Maruru",
"gw": "1",
"sense": "1",
"norm": "Maruru",
"pos": "GN",
"epos": "GN"}
}
,
{
"node": "l",
"frag": "iq-⸢bu⸣-[u₂]",
"id": "P238098.l064f0",
"ref": "P238098.23.2",
"inst": "qabû[say]V$iqbû",
"sig": "@saao/saa17%akk-x-neobab:iq-bu-u₂=qabû[say//say]V'V$iqbû",
"f": {"lang": "akk-x-neobab",
"form": "iq-bu-u₂",
"cf": "qabû",
"gw": "say",
"sense": "say",
"norm": "iqbû",
"pos": "V",
"epos": "V"}
}
,
{
"node": "d",
"type": "line-start",
"ref": "P238098.24",
"n": "5",
"label": "r 5"}
,
{
"node": "l",
"frag": "a-na",
"id": "P238098.l064f1",
"ref": "P238098.24.1",
"inst": "ana[to]PRP",
"sig": "@saao/saa17%akk-x-neobab:a-na=ana[to//to]PRP'PRP$ana",
"f": {"lang": "akk-x-neobab",
"form": "a-na",
"cf": "ana",
"gw": "to",
"sense": "to",
"norm": "ana",
"pos": "PRP",
"epos": "PRP"}
}
,
{
"node": "l",
"frag": "BAD₃-ša₂-{1}⸢ia⸣-[ki-ni]",
"id": "P238098.l064f2",
"ref": "P238098.24.2",
"inst": "+Dur-Yakin[1]GN$Duri-ša-Yakini",
"sig": "@saao/saa17%akk-x-neobab:BAD₃-ša₂-{1}ia-ki-ni=Dur-Yakin[1//1]GN'GN$Duri-ša-Yakini",
"f": {"lang": "akk-x-neobab",
"form": "BAD₃-ša₂-{1}ia-ki-ni",
"cf": "Dur-Yakin",
"gw": "1",
"sense": "1",
"norm": "Duri-ša-Yakini",
"pos": "GN",
"epos": "GN"}
}
,
{
"node": "d",
"type": "line-start",
"ref": "P238098.25",
"n": "6",
"label": "r 6"}
,
{
"node": "l",
"frag": "al-lak",
"id": "P238098.l064f3",
"ref": "P238098.25.1",
"inst": "allak[go]V",
"sig": "@saao/saa17%akk-x-neobab:al-lak=alāku[go//go]V'V$allak",
"f": {"lang": "akk-x-neobab",
"form": "al-lak",
"cf": "alāku",
"gw": "go",
"sense": "go",
"norm": "allak",
"pos": "V",
"epos": "V"}
}
,
{
"node": "l",
"frag": "ina",
"id": "P238098.l064f4",
"ref": "P238098.25.2",
"inst": "ina[in+=earlier]PRP$",
"sig": "@saao/saa17%akk-x-neobab:ina=ina[in//in]PRP'PRP$ina",
"f": {"lang": "akk-x-neobab",
"form": "ina",
"cf": "ina",
"gw": "in",
"sense": "in",
"norm": "ina",
"pos": "PRP",
"epos": "PRP"}
}
,
{
"node": "l",
"frag": "mah-⸢ri⸣-[i]",
"id": "P238098.l064f5",
"ref": "P238098.25.3",
"inst": "mahrû[first]AJ$mahrî",
"sig": "@saao/saa17%akk-x-neobab:mah-ri-i=mahrû[first//first]AJ'AJ$mahrî",
"f": {"lang": "akk-x-neobab",
"form": "mah-ri-i",
"cf": "mahrû",
"gw": "first",
"sense": "first",
"norm": "mahrî",
"pos": "AJ",
"epos": "AJ"}
}
,
{
"node": "d",
"type": "line-start",
"ref": "P238098.26",
"n": "7",
"label": "r 7"}
,
{
"node": "l",
"frag": "BAD₃",
"id": "P238098.l064f6",
"ref": "P238098.26.1",
"inst": "dūru[(city) wall//fortification wall]N$dūr",
"sig": "@saao/saa17%akk-x-neobab:BAD₃=dūru[(city) wall//fortification wall]N'N$dūr",
"f": {"lang": "akk-x-neobab",
"form": "BAD₃",
"cf": "dūru",
"gw": "(city) wall",
"sense": "fortification wall",
"norm": "dūr",
"pos": "N",
"epos": "N"}
}
,
{
"node": "l",
"frag": "URU",
"id": "P238098.l064f7",
"ref": "P238098.26.2",
"inst": "āli[town]N",
"sig": "@saao/saa17%akk-x-neobab:URU=ālu[city//town]N'N$āli",
"f": {"lang": "akk-x-neobab",
"form": "URU",
"cf": "ālu",
"gw": "city",
"sense": "town",
"norm": "āli",
"pos": "N",
"epos": "N"}
}
,
{
"node": "l",
"frag": "ša₂",
"id": "P238098.l064f8",
"ref": "P238098.26.3",
"inst": "ša[of]DET",
"sig": "@saao/saa17%akk-x-neobab:ša₂=ša[of//of]DET'DET$ša",
"f": {"lang": "akk-x-neobab",
"form": "ša₂",
"cf": "ša",
"gw": "of",
"sense": "of",
"norm": "ša",
"pos": "DET",
"epos": "DET"}
}
,
{
"node": "l",
"frag": "BAD₃-[ša₂-{1}ia-ki-ni]",
"id": "P238098.l064f9",
"ref": "P238098.26.4",
"inst": "Duri-ša-Yakini[1]GN",
"sig": "@saao/saa17%akk-x-neobab:BAD₃-ša₂-{1}ia-ki-ni=Dur-Yakin[1//1]GN'GN$Duri-ša-Yakini",
"f": {"lang": "akk-x-neobab",
"form": "BAD₃-ša₂-{1}ia-ki-ni",
"cf": "Dur-Yakin",
"gw": "1",
"sense": "1",
"norm": "Duri-ša-Yakini",
"pos": "GN",
"epos": "GN"}
}
,
{
"node": "d",
"type": "line-start",
"ref": "P238098.27",
"n": "8",
"label": "r 8"}
,
{
"node": "l",
"frag": "03",
"id": "P238098.l064fa",
"ref": "P238098.27.1",
"inst": "n",
"f": {"lang": "akk-x-neobab",
"form": "03",
"pos": "n"}
}
,
{
"node": "l",
"frag": "me",
"id": "P238098.l064fb",
"ref": "P238098.27.2",
"inst": "mē[hundred]NU",
"sig": "@saao/saa17%akk-x-neobab:me=meʾatu[(one) hundred//(one) hundred]NU'NU$mē",
"f": {"lang": "akk-x-neobab",
"form": "me",
"cf": "meʾatu",
"gw": "(one) hundred",
"sense": "(one) hundred",
"norm": "mē",
"pos": "NU",
"epos": "NU"}
}
,
{
"node": "l",
"frag": "ina",
"id": "P238098.l064fc",
"ref": "P238098.27.3",
"inst": "ina[in]PRP",
"sig": "@saao/saa17%akk-x-neobab:ina=ina[in//in]PRP'PRP$ina",
"f": {"lang": "akk-x-neobab",
"form": "ina",
"cf": "ina",
"gw": "in",
"sense": "in",
"norm": "ina",
"pos": "PRP",
"epos": "PRP"}
}
,
{
"node": "l",
"frag": "KUŠ₃",
"id": "P238098.l064fd",
"ref": "P238098.27.4",
"inst": "ammiti[a unit of length]N",
"sig": "@saao/saa17%akk-x-neobab:KUŠ₃=ammatu[unit//a unit of length]N'N$ammiti",
"f": {"lang": "akk-x-neobab",
"form": "KUŠ₃",
"cf": "ammatu",
"gw": "unit",
"sense": "a unit of length",
"norm": "ammiti",
"pos": "N",
"epos": "N"}
}
,
{
"node": "l",
"frag": "in-da-⸢har⸣",
"id": "P238098.l064fe",
"ref": "P238098.27.5",
"inst": "mahāru[face//correspond]V$indahar",
"sig": "@saao/saa17%akk-x-neobab:in-da-har=mahāru[face//correspond]V'V$indahar",
"f": {"lang": "akk-x-neobab",
"form": "in-da-har",
"cf": "mahāru",
"gw": "face",
"sense": "correspond",
"norm": "indahar",
"pos": "V",
"epos": "V"}
}
,
{
"node": "d",
"type": "line-start",
"ref": "P238098.28",
"n": "9",
"label": "r 9"}
,
{
"node": "l",
"frag": "02",
"id": "P238098.l064ff",
"ref": "P238098.28.1",
"inst": "n",
"f": {"lang": "akk-x-neobab",
"form": "02",
"pos": "n"}
}
,
{
"node": "l",
"frag": "me",
"id": "P238098.l06500",
"ref": "P238098.28.2",
"inst": "mē[hundred]NU",
"sig": "@saao/saa17%akk-x-neobab:me=meʾatu[(one) hundred//(one) hundred]NU'NU$mē",
"f": {"lang": "akk-x-neobab",
"form": "me",
"cf": "meʾatu",
"gw": "(one) hundred",
"sense": "(one) hundred",
"norm": "mē",
"pos": "NU",
"epos": "NU"}
}
,
{
"node": "l",
"frag": "ina",
"id": "P238098.l06501",
"ref": "P238098.28.3",
"inst": "ina[in]PRP",
"sig": "@saao/saa17%akk-x-neobab:ina=ina[in//in]PRP'PRP$ina",
"f": {"lang": "akk-x-neobab",
"form": "ina",
"cf": "ina",
"gw": "in",
"sense": "in",
"norm": "ina",
"pos": "PRP",
"epos": "PRP"}
}
,
{
"node": "l",
"frag": "KUŠ₃",
"id": "P238098.l06502",
"ref": "P238098.28.4",
"inst": "ammiti[a unit of length]N",
"sig": "@saao/saa17%akk-x-neobab:KUŠ₃=ammatu[unit//a unit of length]N'N$ammiti",
"f": {"lang": "akk-x-neobab",
"form": "KUŠ₃",
"cf": "ammatu",
"gw": "unit",
"sense": "a unit of length",
"norm": "ammiti",
"pos": "N",
"epos": "N"}
}
,
{
"node": "l",
"frag": "in-da-⸢har⸣-ma",
"id": "P238098.l06503",
"ref": "P238098.28.5",
"inst": "mahāru[face//correspond]V$indaharma",
"sig": "@saao/saa17%akk-x-neobab:in-da-har-ma=mahāru[face//correspond]V'V$indaharma",
"f": {"lang": "akk-x-neobab",
"form": "in-da-har-ma",
"cf": "mahāru",
"gw": "face",
"sense": "correspond",
"norm": "indaharma",
"pos": "V",
"epos": "V"}
}
,
{
"node": "d",
"type": "line-start",
"ref": "P238098.29",
"n": "10",
"label": "r 10"}
,
{
"node": "l",
"frag": "aš₂-šu₂",
"id": "P238098.l06504",
"ref": "P238098.29.1",
"inst": "aššu[because (of)//concerning]SBJ'PRP$",
"sig": "@saao/saa17%akk-x-neobab:aš₂-šu₂=aššu[because (of)//concerning]SBJ'PRP$aššu",
"f": {"lang": "akk-x-neobab",
"form": "aš₂-šu₂",
"cf": "aššu",
"gw": "because (of)",
"sense": "concerning",
"norm": "aššu",
"pos": "SBJ",
"epos": "PRP"}
}
,
{
"node": "l",
"frag": "BURU₁₄-a-ni",
"id": "P238098.l06505",
"ref": "P238098.29.2",
"inst": "ebūru[harvest]N$ebūrāni",
"sig": "@saao/saa17%akk-x-neobab:BURU₁₄-a-ni=ebūru[harvest//harvest]N'N$ebūrāni",
"f": {"lang": "akk-x-neobab",
"form": "BURU₁₄-a-ni",
"cf": "ebūru",
"gw": "harvest",
"sense": "harvest",
"norm": "ebūrāni",
"pos": "N",
"epos": "N"}
}
,
{
"node": "l",
"frag": "ša₂",
"id": "P238098.l06506",
"ref": "P238098.29.3",
"inst": "ša[which]REL",
"sig": "@saao/saa17%akk-x-neobab:ša₂=ša[that//which]REL'REL$ša",
"f": {"lang": "akk-x-neobab",
"form": "ša₂",
"cf": "ša",
"gw": "that",
"sense": "which",
"norm": "ša",
"pos": "REL",
"epos": "REL"}
}
,
{
"node": "l",
"frag": "LUGAL",
"id": "P238098.l06507",
"ref": "P238098.29.4",
"inst": "šarru[king]N",
"sig": "@saao/saa17%akk-x-neobab:LUGAL=šarru[king//king]N'N$šarru",
"f": {"lang": "akk-x-neobab",
"form": "LUGAL",
"cf": "šarru",
"gw": "king",
"sense": "king",
"norm": "šarru",
"pos": "N",
"epos": "N"}
}
,
{
"node": "l",
"frag": "iš-pur",
"id": "P238098.l06508",
"ref": "P238098.29.5",
"inst": "išpur[write]V",
"sig": "@saao/saa17%akk-x-neobab:iš-pur=šapāru[send//write]V'V$išpur",
"f": {"lang": "akk-x-neobab",
"form": "iš-pur",
"cf": "šapāru",
"gw": "send",
"sense": "write",
"norm": "išpur",
"pos": "V",
"epos": "V"}
}
,
{
"node": "l",
"frag": "[um-ma]",
"id": "P238098.l06509",
"ref": "P238098.29.6",
"inst": "umma[saying]PRP",
"sig": "@saao/saa17%akk-x-neobab:um-ma=umma[saying//saying]PRP'PRP$umma",
"f": {"lang": "akk-x-neobab",
"form": "um-ma",
"cf": "umma",
"gw": "saying",
"sense": "saying",
"norm": "umma",
"pos": "PRP",
"epos": "PRP"}
}
,
{
"node": "d",
"type": "line-start",
"ref": "P238098.30",
"n": "11",
"label": "r 11"}
,
{
"node": "l",
"frag": "⸢ERIM-MEŠ",
"id": "P238098.l0650a",
"ref": "P238098.30.1",
"inst": "ṣābu[people//troops]N$ṣābē",
"sig": "@saao/saa17%akk-x-neobab:ERIM-MEŠ=ṣābu[people//troops]N'N$ṣābē",
"f": {"lang": "akk-x-neobab",
"form": "ERIM-MEŠ",
"cf": "ṣābu",
"gw": "people",
"sense": "troops",
"norm": "ṣābē",
"pos": "N",
"epos": "N"}
}
,
{
"node": "l",
"frag": "li⸣-ṣu-u₂",
"id": "P238098.l0650b",
"ref": "P238098.30.2",
"inst": "aṣû[go out]V$līṣû",
"sig": "@saao/saa17%akk-x-neobab:li-ṣu-u₂=aṣû[go out//go out]V'V$līṣû",
"f": {"lang": "akk-x-neobab",
"form": "li-ṣu-u₂",
"cf": "aṣû",
"gw": "go out",
"sense": "go out",
"norm": "līṣû",
"pos": "V",
"epos": "V"}
}
,
{
"node": "l",
"frag": "⸢li⸣-ṣi-⸢du⸣",
"id": "P238098.l0650c",
"ref": "P238098.30.3",
"inst": "eṣēdu[harvest]V$līṣidū",
"sig": "@saao/saa17%akk-x-neobab:li-ṣi-du=eṣēdu[harvest//harvest]V'V$līṣidū",
"f": {"lang": "akk-x-neobab",
"form": "li-ṣi-du",
"cf": "eṣēdu",
"gw": "harvest",
"sense": "harvest",
"norm": "līṣidū",
"pos": "V",
"epos": "V"}
}
,
{
"node": "l",
"frag": "[o]",
"id": "P238098.l0650d",
"ref": "P238098.30.4",
"inst": "u",
"f": {"lang": "akk-x-neobab",
"form": "o",
"pos": "u"}
}
,
{
"node": "d",
"type": "line-start",
"ref": "P238098.31",
"n": "12",
"label": "r 12"}
,
{
"node": "l",
"frag": "[x",
"id": "P238098.l0650e",
"ref": "P238098.31.1",
"inst": "u",
"f": {"lang": "akk-x-neobab",
"form": "x",
"pos": "u"}
}
,
{
"node": "l",
"frag": "x",
"id": "P238098.l0650f",
"ref": "P238098.31.2",
"inst": "u",
"f": {"lang": "akk-x-neobab",
"form": "x",
"pos": "u"}
}
,
{
"node": "l",
"frag": "x",
"id": "P238098.l06510",
"ref": "P238098.31.3",
"inst": "u",
"f": {"lang": "akk-x-neobab",
"form": "x",
"pos": "u"}
}
,
{
"node": "l",
"frag": "x",
"id": "P238098.l06511",
"ref": "P238098.31.4",
"inst": "u",
"f": {"lang": "akk-x-neobab",
"form": "x",
"pos": "u"}
}
,
{
"node": "l",
"frag": "x",
"id": "P238098.l06512",
"ref": "P238098.31.5",
"inst": "u",
"f": {"lang": "akk-x-neobab",
"form": "x",
"pos": "u"}
}
,
{
"node": "l",
"frag": "x",
"id": "P238098.l06513",
"ref": "P238098.31.6",
"inst": "u",
"f": {"lang": "akk-x-neobab",
"form": "x",
"pos": "u"}
}
,
{
"node": "l",
"frag": "x]+⸢x⸣-ni-⸢ti⸣",
"id": "P238098.l06514",
"ref": "P238098.31.7",
"inst": "u",
"f": {"lang": "akk-x-neobab",
"form": "x+x-ni-ti",
"pos": "u"}
}
,
{
"node": "d",
"type": "line-start",
"ref": "P238098.32",
"n": "13",
"label": "r 13"}
,
{
"node": "l",
"frag": "[x",
"id": "P238098.l06515",
"ref": "P238098.32.1",
"inst": "u",
"f": {"lang": "akk-x-neobab",
"form": "x",
"pos": "u"}
}
,
{
"node": "l",
"frag": "x",
"id": "P238098.l06516",
"ref": "P238098.32.2",
"inst": "u",
"f": {"lang": "akk-x-neobab",
"form": "x",
"pos": "u"}
}
,
{
"node": "l",
"frag": "x",
"id": "P238098.l06517",
"ref": "P238098.32.3",
"inst": "u",
"f": {"lang": "akk-x-neobab",
"form": "x",
"pos": "u"}
}
,
{
"node": "l",
"frag": "x",
"id": "P238098.l06518",
"ref": "P238098.32.4",
"inst": "u",
"f": {"lang": "akk-x-neobab",
"form": "x",
"pos": "u"}
}
,
{
"node": "l",
"frag": "x",
"id": "P238098.l06519",
"ref": "P238098.32.5",
"inst": "u",
"f": {"lang": "akk-x-neobab",
"form": "x",
"pos": "u"}
}
,
{
"node": "l",
"frag": "x]",
"id": "P238098.l0651a",
"ref": "P238098.32.6",
"inst": "u",
"f": {"lang": "akk-x-neobab",
"form": "x",
"pos": "u"}
}
,
{
"node": "l",
"frag": "⸢x⸣+[x",
"id": "P238098.l0651b",
"ref": "P238098.32.7",
"inst": "u",
"f": {"lang": "akk-x-neobab",
"form": "x+x",
"pos": "u"}
}
,
{
"node": "l",
"frag": "x",
"id": "P238098.l0651c",
"ref": "P238098.32.8",
"inst": "u",
"f": {"lang": "akk-x-neobab",
"form": "x",
"pos": "u"}
}
,
{
"node": "l",
"frag": "x]+⸢x⸣",
"id": "P238098.l0651d",
"ref": "P238098.32.9",
"inst": "u",
"f": {"lang": "akk-x-neobab",
"form": "x+x",
"pos": "u"}
}
,
{
"node": "d",
"type": "nonx",
"ref": "P238098.33",
"strict": "0",
"extent": "rest",
"state": "missing"}
,
{
"node": "d",
"subtype": "edge",
"type": "surface",
"ref": "P238098.e..34",
"type": "edge",
"label": "e."}
,
{
"node": "d",
"type": "line-start",
"ref": "P238098.35",
"n": "1",
"label": "e. 1"}
,
{
"node": "l",
"frag": "[x",
"id": "P238098.l0651e",
"ref": "P238098.35.1",
"inst": "u",
"f": {"lang": "akk-x-neobab",
"form": "x",
"pos": "u"}
}
,
{
"node": "l",
"frag": "x",
"id": "P238098.l0651f",
"ref": "P238098.35.2",
"inst": "u",
"f": {"lang": "akk-x-neobab",
"form": "x",
"pos": "u"}
}
,
{
"node": "l",
"frag": "x",
"id": "P238098.l06520",
"ref": "P238098.35.3",
"inst": "u",
"f": {"lang": "akk-x-neobab",
"form": "x",
"pos": "u"}
}
,
{
"node": "l",
"frag": "x",
"id": "P238098.l06521",
"ref": "P238098.35.4",
"inst": "u",
"f": {"lang": "akk-x-neobab",
"form": "x",
"pos": "u"}
}
,
{
"node": "l",
"frag": "x",
"id": "P238098.l06522",
"ref": "P238098.35.5",
"inst": "u",
"f": {"lang": "akk-x-neobab",
"form": "x",
"pos": "u"}
}
,
{
"node": "l",
"frag": "x]",
"id": "P238098.l06523",
"ref": "P238098.35.6",
"inst": "u",
"f": {"lang": "akk-x-neobab",
"form": "x",
"pos": "u"}
}
,
{
"node": "l",
"frag": "EN.NUN-ta",
"id": "P238098.l06524",
"ref": "P238098.35.7",
"inst": "maṣṣartu[observation//guard]N$maṣṣarta",
"sig": "@saao/saa17%akk-x-neobab:EN.NUN-ta=maṣṣartu[observation//guard]N'N$maṣṣarta",
"f": {"lang": "akk-x-neobab",
"form": "EN.NUN-ta",
"cf": "maṣṣartu",
"gw": "observation",
"sense": "guard",
"norm": "maṣṣarta",
"pos": "N",
"epos": "N"}
}
,
{
"node": "l",
"frag": "ša₂",
"id": "P238098.l06525",
"ref": "P238098.35.8",
"inst": "ša[of]DET",
"sig": "@saao/saa17%akk-x-neobab:ša₂=ša[of//of]DET'DET$ša",
"f": {"lang": "akk-x-neobab",
"form": "ša₂",
"cf": "ša",
"gw": "of",
"sense": "of",
"norm": "ša",
"pos": "DET",
"epos": "DET"}
}
,
{
"node": "l",
"frag": "LUGAL",
"id": "P238098.l06526",
"ref": "P238098.35.9",
"inst": "šarri[king]N",
"sig": "@saao/saa17%akk-x-neobab:LUGAL=šarru[king//king]N'N$šarri",
"f": {"lang": "akk-x-neobab",
"form": "LUGAL",
"cf": "šarru",
"gw": "king",
"sense": "king",
"norm": "šarri",
"pos": "N",
"epos": "N"}
}
,
{
"node": "l",
"frag": "⸢EN⸣-[ia",
"id": "P238098.l06527",
"ref": "P238098.35.10",
"inst": "bēlīya[lord]N",
"sig": "@saao/saa17%akk-x-neobab:EN-ia=bēlu[lord//lord]N'N$bēlīya",
"f": {"lang": "akk-x-neobab",
"form": "EN-ia",
"cf": "bēlu",
"gw": "lord",
"sense": "lord",
"norm": "bēlīya",
"pos": "N",
"epos": "N"}
}
,
{
"node": "l",
"frag": "a-na-aṣ-ṣar]",
"id": "P238098.l06528",
"ref": "P238098.35.11",
"inst": "naṣāru[guard//keep guard]V$anaṣṣar",
"sig": "@saao/saa17%akk-x-neobab:a-na-aṣ-ṣar=naṣāru[guard//keep guard]V'V$anaṣṣar",
"f": {"lang": "akk-x-neobab",
"form": "a-na-aṣ-ṣar",
"cf": "naṣāru",
"gw": "guard",
"sense": "keep guard",
"norm": "anaṣṣar",
"pos": "V",
"epos": "V"}
}
]}
]}
]}
]}
