{
"type": "cdl",
  "source": "http://oracc.org/saao/saa17",
  "license": "This data is released under the CC0 license",
  "license-url": "https://creativecommons.org/publicdomain/zero/1.0/",
  "more-info": "http://oracc.org/doc/opendata/",
  "UTC-timestamp": "2017-05-19T11:58:25",
"project": "saao/saa17",
"textid": "P238080",
"cdl": [
{
"node": "c",
"type": "text",
"id": "P238080.U0",
"cdl": [
{
"node": "d",
"type": "object",
"ref": ""}
,
{
"node": "d",
"subtype": "obverse",
"type": "surface",
"ref": "P238080.o.1",
"type": "obverse",
"label": "o"}
,
{
"node": "c",
"type": "discourse",
"subtype": "body",
"id": "P238080.U1",
"cdl": [
{
"node": "c",
"type": "sentence",
"id": "P238080.U2",
"label": "o 1 - r 6'",
"cdl": [
{
"node": "d",
"type": "line-start",
"ref": "P238080.2",
"n": "1",
"label": "o 1"}
,
{
"node": "l",
"frag": "[ARAD]-⸢ka⸣",
"id": "P238080.l05c3a",
"ref": "P238080.2.1",
"inst": "aradka[servant]N",
"sig": "@saao/saa17%akk-x-neobab:ARAD-ka=ardu[slave//servant]N'N$aradka",
"f": {"lang": "akk-x-neobab",
"form": "ARAD-ka",
"cf": "ardu",
"gw": "slave",
"sense": "servant",
"norm": "aradka",
"pos": "N",
"epos": "N"}
}
,
{
"node": "l",
"frag": "{1}gab-ba-ri",
"id": "P238080.l05c3b",
"ref": "P238080.2.2",
"inst": "Gabbaru[1]PN$Gabbari",
"sig": "@saao/saa17%akk-x-neobab:{1}gab-ba-ri=Gabbaru[1//1]PN'PN$Gabbari",
"f": {"lang": "akk-x-neobab",
"form": "{1}gab-ba-ri",
"cf": "Gabbaru",
"gw": "1",
"sense": "1",
"norm": "Gabbari",
"pos": "PN",
"epos": "PN"}
}
,
{
"node": "d",
"type": "line-start",
"ref": "P238080.3",
"n": "2",
"label": "o 2"}
,
{
"node": "l",
"frag": "[a]-⸢na⸣",
"id": "P238080.l05c3c",
"ref": "P238080.3.1",
"inst": "ana[to]PRP",
"sig": "@saao/saa17%akk-x-neobab:a-na=ana[to//to]PRP'PRP$ana",
"f": {"lang": "akk-x-neobab",
"form": "a-na",
"cf": "ana",
"gw": "to",
"sense": "to",
"norm": "ana",
"pos": "PRP",
"epos": "PRP"}
}
,
{
"node": "l",
"frag": "di-na-an",
"id": "P238080.l05c3d",
"ref": "P238080.3.2",
"inst": "dinān[substitute]N",
"sig": "@saao/saa17%akk-x-neobab:di-na-an=dinānu[substitution//substitute]N'N$dinān",
"f": {"lang": "akk-x-neobab",
"form": "di-na-an",
"cf": "dinānu",
"gw": "substitution",
"sense": "substitute",
"norm": "dinān",
"pos": "N",
"epos": "N"}
}
,
{
"node": "l",
"frag": "LUGAL",
"id": "P238080.l05c3e",
"ref": "P238080.3.3",
"inst": "šarri[king]N",
"sig": "@saao/saa17%akk-x-neobab:LUGAL=šarru[king//king]N'N$šarri",
"f": {"lang": "akk-x-neobab",
"form": "LUGAL",
"cf": "šarru",
"gw": "king",
"sense": "king",
"norm": "šarri",
"pos": "N",
"epos": "N"}
}
,
{
"node": "l",
"frag": "be-li₂-ia₂",
"id": "P238080.l05c3f",
"ref": "P238080.3.4",
"inst": "bēlīya[lord]N",
"sig": "@saao/saa17%akk-x-neobab:be-li₂-ia₂=bēlu[lord//lord]N'N$bēlīya",
"f": {"lang": "akk-x-neobab",
"form": "be-li₂-ia₂",
"cf": "bēlu",
"gw": "lord",
"sense": "lord",
"norm": "bēlīya",
"pos": "N",
"epos": "N"}
}
,
{
"node": "d",
"type": "line-start",
"ref": "P238080.4",
"n": "3",
"label": "o 3"}
,
{
"node": "l",
"frag": "⸢lul⸣-lik",
"id": "P238080.l05c40",
"ref": "P238080.4.1",
"inst": "alāku[go]V$lullik",
"sig": "@saao/saa17%akk-x-neobab:lul-lik=alāku[go//go]V'V$lullik",
"f": {"lang": "akk-x-neobab",
"form": "lul-lik",
"cf": "alāku",
"gw": "go",
"sense": "go",
"norm": "lullik",
"pos": "V",
"epos": "V"}
}
,
{
"node": "l",
"frag": "um-ma-a",
"id": "P238080.l05c41",
"ref": "P238080.4.2",
"inst": "umma[saying]PRP$ummā",
"sig": "@saao/saa17%akk-x-neobab:um-ma-a=umma[saying//saying]PRP'PRP$ummā",
"f": {"lang": "akk-x-neobab",
"form": "um-ma-a",
"cf": "umma",
"gw": "saying",
"sense": "saying",
"norm": "ummā",
"pos": "PRP",
"epos": "PRP"}
}
,
{
"node": "d",
"type": "line-start",
"ref": "P238080.5",
"n": "4",
"label": "o 4"}
,
{
"node": "l",
"frag": "[a]-na",
"id": "P238080.l05c42",
"ref": "P238080.5.1",
"inst": "ana[to]PRP",
"sig": "@saao/saa17%akk-x-neobab:a-na=ana[to//to]PRP'PRP$ana",
"f": {"lang": "akk-x-neobab",
"form": "a-na",
"cf": "ana",
"gw": "to",
"sense": "to",
"norm": "ana",
"pos": "PRP",
"epos": "PRP"}
}
,
{
"node": "l",
"frag": "LUGAL",
"id": "P238080.l05c43",
"ref": "P238080.5.2",
"inst": "šarri[king]N",
"sig": "@saao/saa17%akk-x-neobab:LUGAL=šarru[king//king]N'N$šarri",
"f": {"lang": "akk-x-neobab",
"form": "LUGAL",
"cf": "šarru",
"gw": "king",
"sense": "king",
"norm": "šarri",
"pos": "N",
"epos": "N"}
}
,
{
"node": "l",
"frag": "be-li₂-ia₂-a-ma",
"id": "P238080.l05c44",
"ref": "P238080.5.3",
"inst": "bēlu[lord]N$bēlīyāma",
"sig": "@saao/saa17%akk-x-neobab:be-li₂-ia₂-a-ma=bēlu[lord//lord]N'N$bēlīyāma",
"f": {"lang": "akk-x-neobab",
"form": "be-li₂-ia₂-a-ma",
"cf": "bēlu",
"gw": "lord",
"sense": "lord",
"norm": "bēlīyāma",
"pos": "N",
"epos": "N"}
}
,
{
"node": "d",
"type": "line-start",
"ref": "P238080.6",
"n": "5",
"label": "o 5"}
,
{
"node": "l",
"frag": "ERIM-MEŠ",
"id": "P238080.l05c45",
"ref": "P238080.6.1",
"inst": "ṣābē[troops]N",
"sig": "@saao/saa17%akk-x-neobab:ERIM-MEŠ=ṣābu[people//troops]N'N$ṣābē",
"f": {"lang": "akk-x-neobab",
"form": "ERIM-MEŠ",
"cf": "ṣābu",
"gw": "people",
"sense": "troops",
"norm": "ṣābē",
"pos": "N",
"epos": "N"}
}
,
{
"node": "l",
"frag": "ša₂",
"id": "P238080.l05c46",
"ref": "P238080.6.2",
"inst": "ša[who]REL",
"sig": "@saao/saa17%akk-x-neobab:ša₂=ša[that//who]REL'REL$ša",
"f": {"lang": "akk-x-neobab",
"form": "ša₂",
"cf": "ša",
"gw": "that",
"sense": "who",
"norm": "ša",
"pos": "REL",
"epos": "REL"}
}
,
{
"node": "l",
"frag": "LUGAL",
"id": "P238080.l05c47",
"ref": "P238080.6.3",
"inst": "šarri[king]N",
"sig": "@saao/saa17%akk-x-neobab:LUGAL=šarru[king//king]N'N$šarri",
"f": {"lang": "akk-x-neobab",
"form": "LUGAL",
"cf": "šarru",
"gw": "king",
"sense": "king",
"norm": "šarri",
"pos": "N",
"epos": "N"}
}
,
{
"node": "d",
"type": "line-start",
"ref": "P238080.7",
"n": "6",
"label": "o 6"}
,
{
"node": "l",
"frag": "iš-pu-⸢ra⸣",
"id": "P238080.l05c48",
"ref": "P238080.7.1",
"inst": "šapāru[send]V$išpura",
"sig": "@saao/saa17%akk-x-neobab:iš-pu-ra=šapāru[send//send]V'V$išpura",
"f": {"lang": "akk-x-neobab",
"form": "iš-pu-ra",
"cf": "šapāru",
"gw": "send",
"sense": "send",
"norm": "išpura",
"pos": "V",
"epos": "V"}
}
,
{
"node": "d",
"type": "line-start",
"ref": "P238080.8",
"n": "7",
"label": "o 7"}
,
{
"node": "l",
"frag": "[x]+⸢x⸣",
"id": "P238080.l05c49",
"ref": "P238080.8.1",
"inst": "u",
"f": {"lang": "akk-x-neobab",
"form": "x+x",
"pos": "u"}
}
,
{
"node": "l",
"frag": "[x]",
"id": "P238080.l05c4a",
"ref": "P238080.8.2",
"inst": "u",
"f": {"lang": "akk-x-neobab",
"form": "x",
"pos": "u"}
}
,
{
"node": "l",
"frag": "⸢LUGAL⸣",
"id": "P238080.l05c4b",
"ref": "P238080.8.3",
"inst": "šarru[king]N",
"sig": "@saao/saa17%akk-x-neobab:LUGAL=šarru[king//king]N'N$šarru",
"f": {"lang": "akk-x-neobab",
"form": "LUGAL",
"cf": "šarru",
"gw": "king",
"sense": "king",
"norm": "šarru",
"pos": "N",
"epos": "N"}
}
,
{
"node": "l",
"frag": "[x",
"id": "P238080.l05c4c",
"ref": "P238080.8.4",
"inst": "u",
"f": {"lang": "akk-x-neobab",
"form": "x",
"pos": "u"}
}
,
{
"node": "l",
"frag": "x",
"id": "P238080.l05c4d",
"ref": "P238080.8.5",
"inst": "u",
"f": {"lang": "akk-x-neobab",
"form": "x",
"pos": "u"}
}
,
{
"node": "l",
"frag": "x]",
"id": "P238080.l05c4e",
"ref": "P238080.8.6",
"inst": "u",
"f": {"lang": "akk-x-neobab",
"form": "x",
"pos": "u"}
}
,
{
"node": "d",
"type": "nonx",
"ref": "P238080.9",
"strict": "0",
"extent": "rest",
"state": "missing"}
,
{
"node": "d",
"subtype": "reverse",
"type": "surface",
"ref": "P238080.r.10",
"type": "reverse",
"label": "r"}
,
{
"node": "d",
"type": "nonx",
"ref": "P238080.11",
"strict": "0",
"extent": "beginning",
"state": "missing"}
,
{
"node": "d",
"type": "line-start",
"ref": "P238080.12",
"n": "1'",
"label": "r 1'"}
,
{
"node": "l",
"frag": "[x",
"id": "P238080.l05c4f",
"ref": "P238080.12.1",
"inst": "u",
"f": {"lang": "akk-x-neobab",
"form": "x",
"pos": "u"}
}
,
{
"node": "l",
"frag": "x]+⸢x⸣",
"id": "P238080.l05c50",
"ref": "P238080.12.2",
"inst": "u",
"f": {"lang": "akk-x-neobab",
"form": "x+x",
"pos": "u"}
}
,
{
"node": "l",
"frag": "[x",
"id": "P238080.l05c51",
"ref": "P238080.12.3",
"inst": "u",
"f": {"lang": "akk-x-neobab",
"form": "x",
"pos": "u"}
}
,
{
"node": "l",
"frag": "x",
"id": "P238080.l05c52",
"ref": "P238080.12.4",
"inst": "u",
"f": {"lang": "akk-x-neobab",
"form": "x",
"pos": "u"}
}
,
{
"node": "l",
"frag": "x",
"id": "P238080.l05c53",
"ref": "P238080.12.5",
"inst": "u",
"f": {"lang": "akk-x-neobab",
"form": "x",
"pos": "u"}
}
,
{
"node": "l",
"frag": "x",
"id": "P238080.l05c54",
"ref": "P238080.12.6",
"inst": "u",
"f": {"lang": "akk-x-neobab",
"form": "x",
"pos": "u"}
}
,
{
"node": "l",
"frag": "x]",
"id": "P238080.l05c55",
"ref": "P238080.12.7",
"inst": "u",
"f": {"lang": "akk-x-neobab",
"form": "x",
"pos": "u"}
}
,
{
"node": "d",
"type": "line-start",
"ref": "P238080.13",
"n": "2'",
"label": "r 2'"}
,
{
"node": "l",
"frag": "[x]",
"id": "P238080.l05c56",
"ref": "P238080.13.1",
"inst": "u",
"f": {"lang": "akk-x-neobab",
"form": "x",
"pos": "u"}
}
,
{
"node": "l",
"frag": "⸢pa⸣-an",
"id": "P238080.l05c57",
"ref": "P238080.13.2",
"inst": "+pānu[front//before]N$pān",
"sig": "@saao/saa17%akk-x-neobab:pa-an=pānu[front//before]N'N$pān",
"f": {"lang": "akk-x-neobab",
"form": "pa-an",
"cf": "pānu",
"gw": "front",
"sense": "before",
"norm": "pān",
"pos": "N",
"epos": "N"}
}
,
{
"node": "l",
"frag": "⸢LUGAL⸣",
"id": "P238080.l05c58",
"ref": "P238080.13.3",
"inst": "šarri[king]N",
"sig": "@saao/saa17%akk-x-neobab:LUGAL=šarru[king//king]N'N$šarri",
"f": {"lang": "akk-x-neobab",
"form": "LUGAL",
"cf": "šarru",
"gw": "king",
"sense": "king",
"norm": "šarri",
"pos": "N",
"epos": "N"}
}
,
{
"node": "l",
"frag": "[x",
"id": "P238080.l05c59",
"ref": "P238080.13.4",
"inst": "u",
"f": {"lang": "akk-x-neobab",
"form": "x",
"pos": "u"}
}
,
{
"node": "l",
"frag": "x",
"id": "P238080.l05c5a",
"ref": "P238080.13.5",
"inst": "u",
"f": {"lang": "akk-x-neobab",
"form": "x",
"pos": "u"}
}
,
{
"node": "l",
"frag": "x]",
"id": "P238080.l05c5b",
"ref": "P238080.13.6",
"inst": "u",
"f": {"lang": "akk-x-neobab",
"form": "x",
"pos": "u"}
}
,
{
"node": "d",
"type": "line-start",
"ref": "P238080.14",
"n": "3'",
"label": "r 3'"}
,
{
"node": "l",
"frag": "[x]-⸢sa⸣-a-nu",
"id": "P238080.l05c5c",
"ref": "P238080.14.1",
"inst": "u",
"f": {"lang": "akk-x-neobab",
"form": "x-sa-a-nu",
"pos": "u"}
}
,
{
"node": "l",
"frag": "⸢gab⸣-[bi]",
"id": "P238080.l05c5d",
"ref": "P238080.14.2",
"inst": "gabbi[all]N",
"sig": "@saao/saa17%akk-x-neobab:gab-bi=gabbu[totality//all]N'N$gabbi",
"f": {"lang": "akk-x-neobab",
"form": "gab-bi",
"cf": "gabbu",
"gw": "totality",
"sense": "all",
"norm": "gabbi",
"pos": "N",
"epos": "N"}
}
,
{
"node": "d",
"type": "line-start",
"ref": "P238080.15",
"n": "4'",
"label": "r 4'"}
,
{
"node": "l",
"frag": "[a]-šar",
"id": "P238080.l05c5e",
"ref": "P238080.15.1",
"inst": "ašru[place//where]N'SBJ$ašar",
"sig": "@saao/saa17%akk-x-neobab:a-šar=ašru[place//where]N'SBJ$ašar",
"f": {"lang": "akk-x-neobab",
"form": "a-šar",
"cf": "ašru",
"gw": "place",
"sense": "where",
"norm": "ašar",
"pos": "N",
"epos": "SBJ"}
}
,
{
"node": "l",
"frag": "LUGAL",
"id": "P238080.l05c5f",
"ref": "P238080.15.2",
"inst": "šarru[king]N",
"sig": "@saao/saa17%akk-x-neobab:LUGAL=šarru[king//king]N'N$šarru",
"f": {"lang": "akk-x-neobab",
"form": "LUGAL",
"cf": "šarru",
"gw": "king",
"sense": "king",
"norm": "šarru",
"pos": "N",
"epos": "N"}
}
,
{
"node": "l",
"frag": "i-⸢šap-par⸣",
"id": "P238080.l05c60",
"ref": "P238080.15.3",
"inst": "šapāru[send]V$išappar",
"sig": "@saao/saa17%akk-x-neobab:i-šap-par=šapāru[send//send]V'V$išappar",
"f": {"lang": "akk-x-neobab",
"form": "i-šap-par",
"cf": "šapāru",
"gw": "send",
"sense": "send",
"norm": "išappar",
"pos": "V",
"epos": "V"}
}
,
{
"node": "d",
"type": "line-start",
"ref": "P238080.16",
"n": "5'",
"label": "r 5'"}
,
{
"node": "l",
"frag": "⸢lul⸣-lik",
"id": "P238080.l05c61",
"ref": "P238080.16.1",
"inst": "lullik[go]V",
"sig": "@saao/saa17%akk-x-neobab:lul-lik=alāku[go//go]V'V$lullik",
"f": {"lang": "akk-x-neobab",
"form": "lul-lik",
"cf": "alāku",
"gw": "go",
"sense": "go",
"norm": "lullik",
"pos": "V",
"epos": "V"}
}
,
{
"node": "d",
"type": "line-start",
"ref": "P238080.17",
"n": "6'",
"label": "r 6'"}
,
{
"node": "l",
"frag": "[x",
"id": "P238080.l05c62",
"ref": "P238080.17.1",
"inst": "u",
"f": {"lang": "akk-x-neobab",
"form": "x",
"pos": "u"}
}
,
{
"node": "l",
"frag": "x]+⸢x⸣",
"id": "P238080.l05c63",
"ref": "P238080.17.2",
"inst": "u",
"f": {"lang": "akk-x-neobab",
"form": "x+x",
"pos": "u"}
}
]}
]}
]}
]}
