{
"type": "cdl",
  "source": "http://oracc.org/saao/saa17",
  "license": "This data is released under the CC0 license",
  "license-url": "https://creativecommons.org/publicdomain/zero/1.0/",
  "more-info": "http://oracc.org/doc/opendata/",
  "UTC-timestamp": "2017-05-19T11:58:30",
"project": "saao/saa17",
"textid": "P238437",
"cdl": [
{
"node": "c",
"type": "text",
"id": "P238437.U0",
"cdl": [
{
"node": "d",
"type": "object",
"ref": ""}
,
{
"node": "d",
"subtype": "obverse",
"type": "surface",
"ref": "P238437.o.1",
"type": "obverse",
"label": "o"}
,
{
"node": "c",
"type": "discourse",
"subtype": "body",
"id": "P238437.U1",
"cdl": [
{
"node": "c",
"type": "sentence",
"id": "P238437.U2",
"label": "o 1 - o 14",
"cdl": [
{
"node": "d",
"type": "line-start",
"ref": "P238437.2",
"n": "1",
"label": "o 1"}
,
{
"node": "l",
"frag": "⸢ARAD⸣-ka",
"id": "P238437.l005ef",
"ref": "P238437.2.1",
"inst": "ardu[slave//servant]N$aradka",
"sig": "@saao/saa17%akk-x-neobab:ARAD-ka=ardu[slave//servant]N'N$aradka",
"f": {"lang": "akk-x-neobab",
"form": "ARAD-ka",
"cf": "ardu",
"gw": "slave",
"sense": "servant",
"norm": "aradka",
"pos": "N",
"epos": "N"}
}
,
{
"node": "l",
"frag": "{1}{d}⸢AG⸣-EN-MU-MEŠ",
"id": "P238437.l005f0",
"ref": "P238437.2.2",
"inst": "Nabu-bel-šumati[1]PN$",
"sig": "@saao/saa17%akk-x-neobab:{1}{d}AG-EN-MU-MEŠ=Nabu-bel-šumati[1//1]PN'PN$Nabu-bel-šumati",
"f": {"lang": "akk-x-neobab",
"form": "{1}{d}AG-EN-MU-MEŠ",
"cf": "Nabu-bel-šumati",
"gw": "1",
"sense": "1",
"norm": "Nabu-bel-šumati",
"pos": "PN",
"epos": "PN"}
}
,
{
"node": "d",
"type": "line-start",
"ref": "P238437.3",
"n": "2",
"label": "o 2"}
,
{
"node": "l",
"frag": "[a]-⸢na⸣",
"id": "P238437.l005f1",
"ref": "P238437.3.1",
"inst": "ana[for]PRP",
"sig": "@saao/saa17%akk-x-neobab:a-na=ana[to//for]PRP'PRP$ana",
"f": {"lang": "akk-x-neobab",
"form": "a-na",
"cf": "ana",
"gw": "to",
"sense": "for",
"norm": "ana",
"pos": "PRP",
"epos": "PRP"}
}
,
{
"node": "l",
"frag": "di-na-[an]",
"id": "P238437.l005f2",
"ref": "P238437.3.2",
"inst": "dinān[substitute]N",
"sig": "@saao/saa17%akk-x-neobab:di-na-an=dinānu[substitution//substitute]N'N$dinān",
"f": {"lang": "akk-x-neobab",
"form": "di-na-an",
"cf": "dinānu",
"gw": "substitution",
"sense": "substitute",
"norm": "dinān",
"pos": "N",
"epos": "N"}
}
,
{
"node": "l",
"frag": "⸢LUGAL⸣",
"id": "P238437.l005f3",
"ref": "P238437.3.3",
"inst": "šarri[king]N",
"sig": "@saao/saa17%akk-x-neobab:LUGAL=šarru[king//king]N'N$šarri",
"f": {"lang": "akk-x-neobab",
"form": "LUGAL",
"cf": "šarru",
"gw": "king",
"sense": "king",
"norm": "šarri",
"pos": "N",
"epos": "N"}
}
,
{
"node": "l",
"frag": "be-li₂-ia",
"id": "P238437.l005f4",
"ref": "P238437.3.4",
"inst": "bēlīya[lord]N",
"sig": "@saao/saa17%akk-x-neobab:be-li₂-ia=bēlu[lord//lord]N'N$bēlīya",
"f": {"lang": "akk-x-neobab",
"form": "be-li₂-ia",
"cf": "bēlu",
"gw": "lord",
"sense": "lord",
"norm": "bēlīya",
"pos": "N",
"epos": "N"}
}
,
{
"node": "d",
"type": "line-start",
"ref": "P238437.4",
"n": "3",
"label": "o 3"}
,
{
"node": "l",
"frag": "⸢lul⸣-lik",
"id": "P238437.l005f5",
"ref": "P238437.4.1",
"inst": "lullik[go]V",
"sig": "@saao/saa17%akk-x-neobab:lul-lik=alāku[go//go]V'V$lullik",
"f": {"lang": "akk-x-neobab",
"form": "lul-lik",
"cf": "alāku",
"gw": "go",
"sense": "go",
"norm": "lullik",
"pos": "V",
"epos": "V"}
}
,
{
"node": "l",
"frag": "um-ma-a",
"id": "P238437.l005f6",
"ref": "P238437.4.2",
"inst": "umma[saying]PRP$ummā",
"sig": "@saao/saa17%akk-x-neobab:um-ma-a=umma[saying//saying]PRP'PRP$ummā",
"f": {"lang": "akk-x-neobab",
"form": "um-ma-a",
"cf": "umma",
"gw": "saying",
"sense": "saying",
"norm": "ummā",
"pos": "PRP",
"epos": "PRP"}
}
,
{
"node": "d",
"type": "line-start",
"ref": "P238437.5",
"n": "4",
"label": "o 4"}
,
{
"node": "l",
"frag": "[a]-na",
"id": "P238437.l005f7",
"ref": "P238437.5.1",
"inst": "ana[to]PRP",
"sig": "@saao/saa17%akk-x-neobab:a-na=ana[to//to]PRP'PRP$ana",
"f": {"lang": "akk-x-neobab",
"form": "a-na",
"cf": "ana",
"gw": "to",
"sense": "to",
"norm": "ana",
"pos": "PRP",
"epos": "PRP"}
}
,
{
"node": "l",
"frag": "LUGAL",
"id": "P238437.l005f8",
"ref": "P238437.5.2",
"inst": "šarri[king]N",
"sig": "@saao/saa17%akk-x-neobab:LUGAL=šarru[king//king]N'N$šarri",
"f": {"lang": "akk-x-neobab",
"form": "LUGAL",
"cf": "šarru",
"gw": "king",
"sense": "king",
"norm": "šarri",
"pos": "N",
"epos": "N"}
}
,
{
"node": "l",
"frag": "be-li₂-ia-a-ma",
"id": "P238437.l005f9",
"ref": "P238437.5.3",
"inst": "bēlīyāma[lord]N",
"sig": "@saao/saa17%akk-x-neobab:be-li₂-ia-a-ma=bēlu[lord//lord]N'N$bēlīyāma",
"f": {"lang": "akk-x-neobab",
"form": "be-li₂-ia-a-ma",
"cf": "bēlu",
"gw": "lord",
"sense": "lord",
"norm": "bēlīyāma",
"pos": "N",
"epos": "N"}
}
,
{
"node": "d",
"type": "line-start",
"ref": "P238437.6",
"n": "5",
"label": "o 5"}
,
{
"node": "c",
"type": "phrase",
"tag": "phr",
"id": "P238437.U4",
"ref": "P238437.ls00000",
"cdl": [
{
"node": "l",
"frag": "{⸢lu₂⸣}DUMU-KIN-ia",
"id": "P238437.l005fa",
"ref": "P238437.6.1",
"cof-tails": "P238437.l005fb",
"inst": "māru[son]N$mār&šipru[sending]N$šiprīya",
"exosig": "@saao/saa17%akk-x-neobab:{LU₂}DUMU-KIN-ia=māru[son//son]N'N$mār&&@saao%akk-x-neobab:=šipru[sending//sending]N'N$šiprīya",
"f": {"lang": "akk-x-neobab",
"form": "{LU₂}DUMU-KIN-ia",
"cf": "māru",
"gw": "son",
"sense": "son",
"norm": "mār",
"pos": "N",
"epos": "N"}
}
,
{
"node": "l",
"frag": "{⸢lu₂⸣}DUMU-KIN-ia",
"id": "P238437.l005fb",
"ref": "P238437.6.1",
"cof-head": "P238437.l005fa",
"inst": "māru[son]N$mār&šipru[sending]N$šiprīya",
"tail-sig": "@saao%akk-x-neobab:=šipru[sending//sending]N'N$šiprīya",
"f": {"lang": "akk-x-neobab",
"form": "{LU₂}DUMU-KIN-ia",
"cf": "šipru",
"gw": "sending",
"sense": "sending",
"norm": "šiprīya",
"pos": "N",
"epos": "N"}
}
]}
,
{
"node": "l",
"frag": "a-na",
"id": "P238437.l005fc",
"ref": "P238437.6.2",
"inst": "ana[to]PRP",
"sig": "@saao/saa17%akk-x-neobab:a-na=ana[to//to]PRP'PRP$ana",
"f": {"lang": "akk-x-neobab",
"form": "a-na",
"cf": "ana",
"gw": "to",
"sense": "to",
"norm": "ana",
"pos": "PRP",
"epos": "PRP"}
}
,
{
"node": "l",
"frag": "šul-mi",
"id": "P238437.l005fd",
"ref": "P238437.6.3",
"inst": "šulmi[salutation]N",
"sig": "@saao/saa17%akk-x-neobab:šul-mi=šulmu[completeness//salutation]N'N$šulmi",
"f": {"lang": "akk-x-neobab",
"form": "šul-mi",
"cf": "šulmu",
"gw": "completeness",
"sense": "salutation",
"norm": "šulmi",
"pos": "N",
"epos": "N"}
}
,
{
"node": "d",
"type": "line-start",
"ref": "P238437.7",
"n": "6",
"label": "o 6"}
,
{
"node": "l",
"frag": "[LUGAL]",
"id": "P238437.l005fe",
"ref": "P238437.7.1",
"inst": "šarri[king]N",
"sig": "@saao/saa17%akk-x-neobab:LUGAL=šarru[king//king]N'N$šarri",
"f": {"lang": "akk-x-neobab",
"form": "LUGAL",
"cf": "šarru",
"gw": "king",
"sense": "king",
"norm": "šarri",
"pos": "N",
"epos": "N"}
}
,
{
"node": "l",
"frag": "{anše}⸢KUR⸣.[RA]-MEŠ",
"id": "P238437.l005ff",
"ref": "P238437.7.2",
"inst": "sisû[horse]N$sīsê",
"sig": "@saao/saa17%akk-x-neobab:{ANŠE}KUR.RA-MEŠ=sisû[horse//horse]N'N$sīsê",
"f": {"lang": "akk-x-neobab",
"form": "{ANŠE}KUR.RA-MEŠ",
"cf": "sisû",
"gw": "horse",
"sense": "horse",
"norm": "sīsê",
"pos": "N",
"epos": "N"}
}
,
{
"node": "l",
"frag": "u₃",
"id": "P238437.l00600",
"ref": "P238437.7.3",
"inst": "u[and]CNJ",
"sig": "@saao/saa17%akk-x-neobab:u₃=u[and//and]CNJ'CNJ$u",
"f": {"lang": "akk-x-neobab",
"form": "u₃",
"cf": "u",
"gw": "and",
"sense": "and",
"norm": "u",
"pos": "CNJ",
"epos": "CNJ"}
}
,
{
"node": "d",
"type": "line-start",
"ref": "P238437.8",
"n": "7",
"label": "o 7"}
,
{
"node": "l",
"frag": "[ERIM]-MEŠ",
"id": "P238437.l00601",
"ref": "P238437.8.1",
"inst": "ṣābu[people//troops]N$ṣābē",
"sig": "@saao/saa17%akk-x-neobab:ERIM-MEŠ=ṣābu[people//troops]N'N$ṣābē",
"f": {"lang": "akk-x-neobab",
"form": "ERIM-MEŠ",
"cf": "ṣābu",
"gw": "people",
"sense": "troops",
"norm": "ṣābē",
"pos": "N",
"epos": "N"}
}
,
{
"node": "l",
"frag": "⸢al-tap⸣-ra",
"id": "P238437.l00602",
"ref": "P238437.8.2",
"inst": "altapra[send]V",
"sig": "@saao/saa17%akk-x-neobab:al-tap-ra=šapāru[send//send]V'V$altapra",
"f": {"lang": "akk-x-neobab",
"form": "al-tap-ra",
"cf": "šapāru",
"gw": "send",
"sense": "send",
"norm": "altapra",
"pos": "V",
"epos": "V"}
}
,
{
"node": "d",
"type": "line-start",
"ref": "P238437.9",
"n": "8",
"label": "o 8"}
,
{
"node": "l",
"frag": "⸢ul⸣-tu",
"id": "P238437.l00603",
"ref": "P238437.9.1",
"inst": "ištu[from+=ever since]PRP$ultu",
"sig": "@saao/saa17%akk-x-neobab:ul-tu=ištu[from//from]PRP'PRP$ultu",
"f": {"lang": "akk-x-neobab",
"form": "ul-tu",
"cf": "ištu",
"gw": "from",
"sense": "from",
"norm": "ultu",
"pos": "PRP",
"epos": "PRP"}
}
,
{
"node": "l",
"frag": "⸢pa⸣-[an",
"id": "P238437.l00604",
"ref": "P238437.9.2",
"inst": "pān[front]N",
"sig": "@saao/saa17%akk-x-neobab:pa-an=pānu[front//front]N'N$pān",
"f": {"lang": "akk-x-neobab",
"form": "pa-an",
"cf": "pānu",
"gw": "front",
"sense": "front",
"norm": "pān",
"pos": "N",
"epos": "N"}
}
,
{
"node": "l",
"frag": "a]-na",
"id": "P238437.l00605",
"ref": "P238437.9.3",
"inst": "ana[to]PRP",
"sig": "@saao/saa17%akk-x-neobab:a-na=ana[to//to]PRP'PRP$ana",
"f": {"lang": "akk-x-neobab",
"form": "a-na",
"cf": "ana",
"gw": "to",
"sense": "to",
"norm": "ana",
"pos": "PRP",
"epos": "PRP"}
}
,
{
"node": "l",
"frag": "E₂.GAL",
"id": "P238437.l00606",
"ref": "P238437.9.4",
"inst": "ēkalli[palace]N",
"sig": "@saao/saa17%akk-x-neobab:E₂.GAL=ēkallu[palace//palace]N'N$ēkalli",
"f": {"lang": "akk-x-neobab",
"form": "E₂.GAL",
"cf": "ēkallu",
"gw": "palace",
"sense": "palace",
"norm": "ēkalli",
"pos": "N",
"epos": "N"}
}
,
{
"node": "d",
"type": "line-start",
"ref": "P238437.10",
"n": "9",
"label": "o 9"}
,
{
"node": "l",
"frag": "[a-na]",
"id": "P238437.l00607",
"ref": "P238437.10.1",
"inst": "ana[to+=to]PRP",
"sig": "@saao/saa17%akk-x-neobab:a-na=ana[to//to]PRP'PRP$ana",
"f": {"lang": "akk-x-neobab",
"form": "a-na",
"cf": "ana",
"gw": "to",
"sense": "to",
"norm": "ana",
"pos": "PRP",
"epos": "PRP"}
}
,
{
"node": "l",
"frag": "⸢pa⸣-an",
"id": "P238437.l00608",
"ref": "P238437.10.2",
"inst": "pān[front]N",
"sig": "@saao/saa17%akk-x-neobab:pa-an=pānu[front//front]N'N$pān",
"f": {"lang": "akk-x-neobab",
"form": "pa-an",
"cf": "pānu",
"gw": "front",
"sense": "front",
"norm": "pān",
"pos": "N",
"epos": "N"}
}
,
{
"node": "l",
"frag": "[LUGAL",
"id": "P238437.l00609",
"ref": "P238437.10.3",
"inst": "šarri[king]N",
"sig": "@saao/saa17%akk-x-neobab:LUGAL=šarru[king//king]N'N$šarri",
"f": {"lang": "akk-x-neobab",
"form": "LUGAL",
"cf": "šarru",
"gw": "king",
"sense": "king",
"norm": "šarri",
"pos": "N",
"epos": "N"}
}
,
{
"node": "l",
"frag": "be]-li₂-ia",
"id": "P238437.l0060a",
"ref": "P238437.10.4",
"inst": "bēlīya[lord]N",
"sig": "@saao/saa17%akk-x-neobab:be-li₂-ia=bēlu[lord//lord]N'N$bēlīya",
"f": {"lang": "akk-x-neobab",
"form": "be-li₂-ia",
"cf": "bēlu",
"gw": "lord",
"sense": "lord",
"norm": "bēlīya",
"pos": "N",
"epos": "N"}
}
,
{
"node": "d",
"type": "line-start",
"ref": "P238437.11",
"n": "10",
"label": "o 10"}
,
{
"node": "l",
"frag": "[al-li-ku]",
"id": "P238437.l0060b",
"ref": "P238437.11.1",
"inst": "alāku[go]V$alliku",
"sig": "@saao/saa17%akk-x-neobab:al-li-ku=alāku[go//go]V'V$alliku",
"f": {"lang": "akk-x-neobab",
"form": "al-li-ku",
"cf": "alāku",
"gw": "go",
"sense": "go",
"norm": "alliku",
"pos": "V",
"epos": "V"}
}
,
{
"node": "l",
"frag": "⸢x⸣+[x",
"id": "P238437.l0060c",
"ref": "P238437.11.2",
"inst": "u",
"f": {"lang": "akk-x-neobab",
"form": "x+x",
"pos": "u"}
}
,
{
"node": "l",
"frag": "x]-⸢lu⸣-mu",
"id": "P238437.l0060d",
"ref": "P238437.11.3",
"inst": "u",
"f": {"lang": "akk-x-neobab",
"form": "x-lu-mu",
"pos": "u"}
}
,
{
"node": "d",
"type": "line-start",
"ref": "P238437.12",
"n": "11",
"label": "o 11"}
,
{
"node": "l",
"frag": "[x",
"id": "P238437.l0060e",
"ref": "P238437.12.1",
"inst": "u",
"f": {"lang": "akk-x-neobab",
"form": "x",
"pos": "u"}
}
,
{
"node": "l",
"frag": "x",
"id": "P238437.l0060f",
"ref": "P238437.12.2",
"inst": "u",
"f": {"lang": "akk-x-neobab",
"form": "x",
"pos": "u"}
}
,
{
"node": "l",
"frag": "x]+⸢x⸣",
"id": "P238437.l00610",
"ref": "P238437.12.3",
"inst": "u",
"f": {"lang": "akk-x-neobab",
"form": "x+x",
"pos": "u"}
}
,
{
"node": "l",
"frag": "[x",
"id": "P238437.l00611",
"ref": "P238437.12.4",
"inst": "u",
"f": {"lang": "akk-x-neobab",
"form": "x",
"pos": "u"}
}
,
{
"node": "l",
"frag": "x",
"id": "P238437.l00612",
"ref": "P238437.12.5",
"inst": "u",
"f": {"lang": "akk-x-neobab",
"form": "x",
"pos": "u"}
}
,
{
"node": "l",
"frag": "x]-a-ti",
"id": "P238437.l00613",
"ref": "P238437.12.6",
"inst": "u",
"f": {"lang": "akk-x-neobab",
"form": "x-a-ti",
"pos": "u"}
}
,
{
"node": "d",
"type": "line-start",
"ref": "P238437.13",
"n": "12",
"label": "o 12"}
,
{
"node": "l",
"frag": "[x",
"id": "P238437.l00614",
"ref": "P238437.13.1",
"inst": "u",
"f": {"lang": "akk-x-neobab",
"form": "x",
"pos": "u"}
}
,
{
"node": "l",
"frag": "x",
"id": "P238437.l00615",
"ref": "P238437.13.2",
"inst": "u",
"f": {"lang": "akk-x-neobab",
"form": "x",
"pos": "u"}
}
,
{
"node": "l",
"frag": "x",
"id": "P238437.l00616",
"ref": "P238437.13.3",
"inst": "u",
"f": {"lang": "akk-x-neobab",
"form": "x",
"pos": "u"}
}
,
{
"node": "l",
"frag": "x",
"id": "P238437.l00617",
"ref": "P238437.13.4",
"inst": "u",
"f": {"lang": "akk-x-neobab",
"form": "x",
"pos": "u"}
}
,
{
"node": "l",
"frag": "x]",
"id": "P238437.l00618",
"ref": "P238437.13.5",
"inst": "u",
"f": {"lang": "akk-x-neobab",
"form": "x",
"pos": "u"}
}
,
{
"node": "l",
"frag": "07",
"id": "P238437.l00619",
"ref": "P238437.13.6",
"inst": "n",
"f": {"lang": "akk-x-neobab",
"form": "07",
"pos": "n"}
}
,
{
"node": "l",
"frag": "ERIM-MEŠ",
"id": "P238437.l0061a",
"ref": "P238437.13.7",
"inst": "ṣābu[people//troops]N$ṣābē",
"sig": "@saao/saa17%akk-x-neobab:ERIM-MEŠ=ṣābu[people//troops]N'N$ṣābē",
"f": {"lang": "akk-x-neobab",
"form": "ERIM-MEŠ",
"cf": "ṣābu",
"gw": "people",
"sense": "troops",
"norm": "ṣābē",
"pos": "N",
"epos": "N"}
}
,
{
"node": "d",
"type": "line-start",
"ref": "P238437.14",
"n": "13",
"label": "o 13"}
,
{
"node": "l",
"frag": "[x",
"id": "P238437.l0061b",
"ref": "P238437.14.1",
"inst": "u",
"f": {"lang": "akk-x-neobab",
"form": "x",
"pos": "u"}
}
,
{
"node": "l",
"frag": "x",
"id": "P238437.l0061c",
"ref": "P238437.14.2",
"inst": "u",
"f": {"lang": "akk-x-neobab",
"form": "x",
"pos": "u"}
}
,
{
"node": "l",
"frag": "x",
"id": "P238437.l0061d",
"ref": "P238437.14.3",
"inst": "u",
"f": {"lang": "akk-x-neobab",
"form": "x",
"pos": "u"}
}
,
{
"node": "l",
"frag": "x",
"id": "P238437.l0061e",
"ref": "P238437.14.4",
"inst": "u",
"f": {"lang": "akk-x-neobab",
"form": "x",
"pos": "u"}
}
,
{
"node": "l",
"frag": "x",
"id": "P238437.l0061f",
"ref": "P238437.14.5",
"inst": "u",
"f": {"lang": "akk-x-neobab",
"form": "x",
"pos": "u"}
}
,
{
"node": "l",
"frag": "x]",
"id": "P238437.l00620",
"ref": "P238437.14.6",
"inst": "u",
"f": {"lang": "akk-x-neobab",
"form": "x",
"pos": "u"}
}
,
{
"node": "l",
"frag": "en-na",
"id": "P238437.l00621",
"ref": "P238437.14.7",
"inst": "enna[now]AV",
"sig": "@saao/saa17%akk-x-neobab:en-na=enna[now//now]AV'AV$enna",
"f": {"lang": "akk-x-neobab",
"form": "en-na",
"cf": "enna",
"gw": "now",
"sense": "now",
"norm": "enna",
"pos": "AV",
"epos": "AV"}
}
,
{
"node": "d",
"type": "line-start",
"ref": "P238437.15",
"n": "14",
"label": "o 14"}
,
{
"node": "l",
"frag": "[x",
"id": "P238437.l00622",
"ref": "P238437.15.1",
"inst": "u",
"f": {"lang": "akk-x-neobab",
"form": "x",
"pos": "u"}
}
,
{
"node": "l",
"frag": "x",
"id": "P238437.l00623",
"ref": "P238437.15.2",
"inst": "u",
"f": {"lang": "akk-x-neobab",
"form": "x",
"pos": "u"}
}
,
{
"node": "l",
"frag": "x",
"id": "P238437.l00624",
"ref": "P238437.15.3",
"inst": "u",
"f": {"lang": "akk-x-neobab",
"form": "x",
"pos": "u"}
}
,
{
"node": "l",
"frag": "x",
"id": "P238437.l00625",
"ref": "P238437.15.4",
"inst": "u",
"f": {"lang": "akk-x-neobab",
"form": "x",
"pos": "u"}
}
,
{
"node": "l",
"frag": "x",
"id": "P238437.l00626",
"ref": "P238437.15.5",
"inst": "u",
"f": {"lang": "akk-x-neobab",
"form": "x",
"pos": "u"}
}
,
{
"node": "l",
"frag": "x]-bu",
"id": "P238437.l00627",
"ref": "P238437.15.6",
"inst": "u",
"f": {"lang": "akk-x-neobab",
"form": "x-bu",
"pos": "u"}
}
,
{
"node": "d",
"type": "nonx",
"ref": "P238437.16",
"strict": "0",
"extent": "rest",
"state": "missing"}
]}
]}
]}
,
{
"linkbase": [{
"type": "linkset",
"xlink_title": "mār šipri[messenger//messenger]N'N",
"id": "P238437.ls00000",
"xlink_type": "extended",
"xlink_role": "psu",
"sig": "{māru[son]N šipru[sending]N += mār šipri[messenger//messenger]N'N}::@saao%akk-x-neobab:{LU₂}DUMU-KIN-ia=māru[son//son]N'N$mār++@saao%akk-x-neobab:{LU₂}DUMU-KIN-ia=šipru[sending//sending]N'N$šiprīya",
"links": [
{
"type": "link",
"xlink_title": "māru",
"xlink_type": "locator",
"xlink_href": "#P238437.l005fa",
"xlink_role": "elt"}
,
{
"type": "link",
"xlink_title": "šipru",
"xlink_type": "locator",
"xlink_href": "#P238437.l005fb",
"xlink_role": "elt"}
]}
]}
]}
