{
"type": "cdl",
  "source": "http://oracc.org/saao/saa17",
  "license": "This data is released under the CC0 license",
  "license-url": "https://creativecommons.org/publicdomain/zero/1.0/",
  "more-info": "http://oracc.org/doc/opendata/",
  "UTC-timestamp": "2017-05-19T11:58:35",
"project": "saao/saa17",
"textid": "P238660",
"cdl": [
{
"node": "c",
"type": "text",
"id": "P238660.U0",
"cdl": [
{
"node": "d",
"type": "object",
"ref": ""}
,
{
"node": "d",
"type": "surface",
"ref": ""}
,
{
"node": "d",
"type": "nonx",
"ref": "P238660.1",
"strict": "0",
"extent": "beginning",
"state": "missing"}
,
{
"node": "c",
"type": "discourse",
"subtype": "body",
"id": "P238660.U1",
"cdl": [
{
"node": "c",
"type": "sentence",
"id": "P238660.U2",
"label": "1' - r 9",
"cdl": [
{
"node": "d",
"type": "line-start",
"ref": "P238660.2",
"n": "1'",
"label": "1'"}
,
{
"node": "l",
"frag": "[x",
"id": "P238660.l0661f",
"ref": "P238660.2.1",
"inst": "u",
"f": {"lang": "akk-x-neobab",
"form": "x",
"pos": "u"}
}
,
{
"node": "l",
"frag": "x",
"id": "P238660.l06620",
"ref": "P238660.2.2",
"inst": "u",
"f": {"lang": "akk-x-neobab",
"form": "x",
"pos": "u"}
}
,
{
"node": "l",
"frag": "x",
"id": "P238660.l06621",
"ref": "P238660.2.3",
"inst": "u",
"f": {"lang": "akk-x-neobab",
"form": "x",
"pos": "u"}
}
,
{
"node": "l",
"frag": "x",
"id": "P238660.l06622",
"ref": "P238660.2.4",
"inst": "u",
"f": {"lang": "akk-x-neobab",
"form": "x",
"pos": "u"}
}
,
{
"node": "l",
"frag": "x",
"id": "P238660.l06623",
"ref": "P238660.2.5",
"inst": "u",
"f": {"lang": "akk-x-neobab",
"form": "x",
"pos": "u"}
}
,
{
"node": "l",
"frag": "x",
"id": "P238660.l06624",
"ref": "P238660.2.6",
"inst": "u",
"f": {"lang": "akk-x-neobab",
"form": "x",
"pos": "u"}
}
,
{
"node": "l",
"frag": "x",
"id": "P238660.l06625",
"ref": "P238660.2.7",
"inst": "u",
"f": {"lang": "akk-x-neobab",
"form": "x",
"pos": "u"}
}
,
{
"node": "l",
"frag": "x",
"id": "P238660.l06626",
"ref": "P238660.2.8",
"inst": "u",
"f": {"lang": "akk-x-neobab",
"form": "x",
"pos": "u"}
}
,
{
"node": "l",
"frag": "x",
"id": "P238660.l06627",
"ref": "P238660.2.9",
"inst": "u",
"f": {"lang": "akk-x-neobab",
"form": "x",
"pos": "u"}
}
,
{
"node": "l",
"frag": "x",
"id": "P238660.l06628",
"ref": "P238660.2.10",
"inst": "u",
"f": {"lang": "akk-x-neobab",
"form": "x",
"pos": "u"}
}
,
{
"node": "l",
"frag": "x",
"id": "P238660.l06629",
"ref": "P238660.2.11",
"inst": "u",
"f": {"lang": "akk-x-neobab",
"form": "x",
"pos": "u"}
}
,
{
"node": "l",
"frag": "x",
"id": "P238660.l0662a",
"ref": "P238660.2.12",
"inst": "u",
"f": {"lang": "akk-x-neobab",
"form": "x",
"pos": "u"}
}
,
{
"node": "l",
"frag": "x",
"id": "P238660.l0662b",
"ref": "P238660.2.13",
"inst": "u",
"f": {"lang": "akk-x-neobab",
"form": "x",
"pos": "u"}
}
,
{
"node": "l",
"frag": "x",
"id": "P238660.l0662c",
"ref": "P238660.2.14",
"inst": "u",
"f": {"lang": "akk-x-neobab",
"form": "x",
"pos": "u"}
}
,
{
"node": "l",
"frag": "x",
"id": "P238660.l0662d",
"ref": "P238660.2.15",
"inst": "u",
"f": {"lang": "akk-x-neobab",
"form": "x",
"pos": "u"}
}
,
{
"node": "l",
"frag": "x]+⸢x⸣",
"id": "P238660.l0662e",
"ref": "P238660.2.16",
"inst": "u",
"f": {"lang": "akk-x-neobab",
"form": "x+x",
"pos": "u"}
}
,
{
"node": "d",
"type": "line-start",
"ref": "P238660.3",
"n": "2'",
"label": "2'"}
,
{
"node": "l",
"frag": "[x",
"id": "P238660.l0662f",
"ref": "P238660.3.1",
"inst": "u",
"f": {"lang": "akk-x-neobab",
"form": "x",
"pos": "u"}
}
,
{
"node": "l",
"frag": "x",
"id": "P238660.l06630",
"ref": "P238660.3.2",
"inst": "u",
"f": {"lang": "akk-x-neobab",
"form": "x",
"pos": "u"}
}
,
{
"node": "l",
"frag": "x",
"id": "P238660.l06631",
"ref": "P238660.3.3",
"inst": "u",
"f": {"lang": "akk-x-neobab",
"form": "x",
"pos": "u"}
}
,
{
"node": "l",
"frag": "x",
"id": "P238660.l06632",
"ref": "P238660.3.4",
"inst": "u",
"f": {"lang": "akk-x-neobab",
"form": "x",
"pos": "u"}
}
,
{
"node": "l",
"frag": "x",
"id": "P238660.l06633",
"ref": "P238660.3.5",
"inst": "u",
"f": {"lang": "akk-x-neobab",
"form": "x",
"pos": "u"}
}
,
{
"node": "l",
"frag": "x",
"id": "P238660.l06634",
"ref": "P238660.3.6",
"inst": "u",
"f": {"lang": "akk-x-neobab",
"form": "x",
"pos": "u"}
}
,
{
"node": "l",
"frag": "x",
"id": "P238660.l06635",
"ref": "P238660.3.7",
"inst": "u",
"f": {"lang": "akk-x-neobab",
"form": "x",
"pos": "u"}
}
,
{
"node": "l",
"frag": "x",
"id": "P238660.l06636",
"ref": "P238660.3.8",
"inst": "u",
"f": {"lang": "akk-x-neobab",
"form": "x",
"pos": "u"}
}
,
{
"node": "l",
"frag": "x",
"id": "P238660.l06637",
"ref": "P238660.3.9",
"inst": "u",
"f": {"lang": "akk-x-neobab",
"form": "x",
"pos": "u"}
}
,
{
"node": "l",
"frag": "x",
"id": "P238660.l06638",
"ref": "P238660.3.10",
"inst": "u",
"f": {"lang": "akk-x-neobab",
"form": "x",
"pos": "u"}
}
,
{
"node": "l",
"frag": "x",
"id": "P238660.l06639",
"ref": "P238660.3.11",
"inst": "u",
"f": {"lang": "akk-x-neobab",
"form": "x",
"pos": "u"}
}
,
{
"node": "l",
"frag": "x",
"id": "P238660.l0663a",
"ref": "P238660.3.12",
"inst": "u",
"f": {"lang": "akk-x-neobab",
"form": "x",
"pos": "u"}
}
,
{
"node": "l",
"frag": "x",
"id": "P238660.l0663b",
"ref": "P238660.3.13",
"inst": "u",
"f": {"lang": "akk-x-neobab",
"form": "x",
"pos": "u"}
}
,
{
"node": "l",
"frag": "x",
"id": "P238660.l0663c",
"ref": "P238660.3.14",
"inst": "u",
"f": {"lang": "akk-x-neobab",
"form": "x",
"pos": "u"}
}
,
{
"node": "l",
"frag": "x",
"id": "P238660.l0663d",
"ref": "P238660.3.15",
"inst": "u",
"f": {"lang": "akk-x-neobab",
"form": "x",
"pos": "u"}
}
,
{
"node": "l",
"frag": "x]+⸢x⸣",
"id": "P238660.l0663e",
"ref": "P238660.3.16",
"inst": "u",
"f": {"lang": "akk-x-neobab",
"form": "x+x",
"pos": "u"}
}
,
{
"node": "d",
"type": "line-start",
"ref": "P238660.4",
"n": "3'",
"label": "3'"}
,
{
"node": "l",
"frag": "[x",
"id": "P238660.l0663f",
"ref": "P238660.4.1",
"inst": "u",
"f": {"lang": "akk-x-neobab",
"form": "x",
"pos": "u"}
}
,
{
"node": "l",
"frag": "x",
"id": "P238660.l06640",
"ref": "P238660.4.2",
"inst": "u",
"f": {"lang": "akk-x-neobab",
"form": "x",
"pos": "u"}
}
,
{
"node": "l",
"frag": "x",
"id": "P238660.l06641",
"ref": "P238660.4.3",
"inst": "u",
"f": {"lang": "akk-x-neobab",
"form": "x",
"pos": "u"}
}
,
{
"node": "l",
"frag": "x",
"id": "P238660.l06642",
"ref": "P238660.4.4",
"inst": "u",
"f": {"lang": "akk-x-neobab",
"form": "x",
"pos": "u"}
}
,
{
"node": "l",
"frag": "x",
"id": "P238660.l06643",
"ref": "P238660.4.5",
"inst": "u",
"f": {"lang": "akk-x-neobab",
"form": "x",
"pos": "u"}
}
,
{
"node": "l",
"frag": "x]",
"id": "P238660.l06644",
"ref": "P238660.4.6",
"inst": "u",
"f": {"lang": "akk-x-neobab",
"form": "x",
"pos": "u"}
}
,
{
"node": "l",
"frag": "⸢x",
"id": "P238660.l06645",
"ref": "P238660.4.7",
"inst": "u",
"f": {"lang": "akk-x-neobab",
"form": "x",
"pos": "u"}
}
,
{
"node": "l",
"frag": "x",
"id": "P238660.l06646",
"ref": "P238660.4.8",
"inst": "u",
"f": {"lang": "akk-x-neobab",
"form": "x",
"pos": "u"}
}
,
{
"node": "l",
"frag": "x⸣",
"id": "P238660.l06647",
"ref": "P238660.4.9",
"inst": "u",
"f": {"lang": "akk-x-neobab",
"form": "x",
"pos": "u"}
}
,
{
"node": "l",
"frag": "[x",
"id": "P238660.l06648",
"ref": "P238660.4.10",
"inst": "u",
"f": {"lang": "akk-x-neobab",
"form": "x",
"pos": "u"}
}
,
{
"node": "l",
"frag": "x",
"id": "P238660.l06649",
"ref": "P238660.4.11",
"inst": "u",
"f": {"lang": "akk-x-neobab",
"form": "x",
"pos": "u"}
}
,
{
"node": "l",
"frag": "x",
"id": "P238660.l0664a",
"ref": "P238660.4.12",
"inst": "u",
"f": {"lang": "akk-x-neobab",
"form": "x",
"pos": "u"}
}
,
{
"node": "l",
"frag": "x]-hi-ni",
"id": "P238660.l0664b",
"ref": "P238660.4.13",
"inst": "u",
"f": {"lang": "akk-x-neobab",
"form": "x-hi-ni",
"pos": "u"}
}
,
{
"node": "d",
"type": "line-start",
"ref": "P238660.5",
"n": "4'",
"label": "4'"}
,
{
"node": "l",
"frag": "[x",
"id": "P238660.l0664c",
"ref": "P238660.5.1",
"inst": "u",
"f": {"lang": "akk-x-neobab",
"form": "x",
"pos": "u"}
}
,
{
"node": "l",
"frag": "x",
"id": "P238660.l0664d",
"ref": "P238660.5.2",
"inst": "u",
"f": {"lang": "akk-x-neobab",
"form": "x",
"pos": "u"}
}
,
{
"node": "l",
"frag": "x",
"id": "P238660.l0664e",
"ref": "P238660.5.3",
"inst": "u",
"f": {"lang": "akk-x-neobab",
"form": "x",
"pos": "u"}
}
,
{
"node": "l",
"frag": "x",
"id": "P238660.l0664f",
"ref": "P238660.5.4",
"inst": "u",
"f": {"lang": "akk-x-neobab",
"form": "x",
"pos": "u"}
}
,
{
"node": "l",
"frag": "x",
"id": "P238660.l06650",
"ref": "P238660.5.5",
"inst": "u",
"f": {"lang": "akk-x-neobab",
"form": "x",
"pos": "u"}
}
,
{
"node": "l",
"frag": "a]-na",
"id": "P238660.l06651",
"ref": "P238660.5.6",
"inst": "ana[to+=against]PRP$",
"sig": "@saao/saa17%akk-x-neobab:a-na=ana[to//to]PRP'PRP$ana",
"f": {"lang": "akk-x-neobab",
"form": "a-na",
"cf": "ana",
"gw": "to",
"sense": "to",
"norm": "ana",
"pos": "PRP",
"epos": "PRP"}
}
,
{
"node": "l",
"frag": "UGU",
"id": "P238660.l06652",
"ref": "P238660.5.7",
"inst": "muhhu[skull]N$muhhi",
"sig": "@saao/saa17%akk-x-neobab:UGU=muhhu[skull//skull]N'N$muhhi",
"f": {"lang": "akk-x-neobab",
"form": "UGU",
"cf": "muhhu",
"gw": "skull",
"sense": "skull",
"norm": "muhhi",
"pos": "N",
"epos": "N"}
}
,
{
"node": "l",
"frag": "{lu₂}aš-⸢šur⸣{[ki}MEŠ",
"id": "P238660.l06653",
"ref": "P238660.5.8",
"inst": "Aššuraya[Assyrian]EN$",
"sig": "@saao/saa17%akk-x-neobab:{LU₂}aš-šur{KI}-MEŠ=Aššuraya[Assyrian//Assyrian]EN'EN$Aššuraya",
"f": {"lang": "akk-x-neobab",
"form": "{LU₂}aš-šur{KI}-MEŠ",
"cf": "Aššuraya",
"gw": "Assyrian",
"sense": "Assyrian",
"norm": "Aššuraya",
"pos": "EN",
"epos": "EN"}
}
,
{
"node": "l",
"frag": "x",
"id": "P238660.l06654",
"ref": "P238660.5.9",
"inst": "u",
"f": {"lang": "akk-x-neobab",
"form": "x",
"pos": "u"}
}
,
{
"node": "l",
"frag": "x",
"id": "P238660.l06655",
"ref": "P238660.5.10",
"inst": "u",
"f": {"lang": "akk-x-neobab",
"form": "x",
"pos": "u"}
}
,
{
"node": "l",
"frag": "x]",
"id": "P238660.l06656",
"ref": "P238660.5.11",
"inst": "u",
"f": {"lang": "akk-x-neobab",
"form": "x",
"pos": "u"}
}
,
{
"node": "d",
"type": "line-start",
"ref": "P238660.6",
"n": "5'",
"label": "5'"}
,
{
"node": "l",
"frag": "[x",
"id": "P238660.l06657",
"ref": "P238660.6.1",
"inst": "u",
"f": {"lang": "akk-x-neobab",
"form": "x",
"pos": "u"}
}
,
{
"node": "l",
"frag": "x",
"id": "P238660.l06658",
"ref": "P238660.6.2",
"inst": "u",
"f": {"lang": "akk-x-neobab",
"form": "x",
"pos": "u"}
}
,
{
"node": "l",
"frag": "x",
"id": "P238660.l06659",
"ref": "P238660.6.3",
"inst": "u",
"f": {"lang": "akk-x-neobab",
"form": "x",
"pos": "u"}
}
,
{
"node": "l",
"frag": "x",
"id": "P238660.l0665a",
"ref": "P238660.6.4",
"inst": "u",
"f": {"lang": "akk-x-neobab",
"form": "x",
"pos": "u"}
}
,
{
"node": "l",
"frag": "x",
"id": "P238660.l0665b",
"ref": "P238660.6.5",
"inst": "u",
"f": {"lang": "akk-x-neobab",
"form": "x",
"pos": "u"}
}
,
{
"node": "l",
"frag": "x",
"id": "P238660.l0665c",
"ref": "P238660.6.6",
"inst": "u",
"f": {"lang": "akk-x-neobab",
"form": "x",
"pos": "u"}
}
,
{
"node": "l",
"frag": "x",
"id": "P238660.l0665d",
"ref": "P238660.6.7",
"inst": "u",
"f": {"lang": "akk-x-neobab",
"form": "x",
"pos": "u"}
}
,
{
"node": "l",
"frag": "x",
"id": "P238660.l0665e",
"ref": "P238660.6.8",
"inst": "u",
"f": {"lang": "akk-x-neobab",
"form": "x",
"pos": "u"}
}
,
{
"node": "l",
"frag": "x",
"id": "P238660.l0665f",
"ref": "P238660.6.9",
"inst": "u",
"f": {"lang": "akk-x-neobab",
"form": "x",
"pos": "u"}
}
,
{
"node": "l",
"frag": "x",
"id": "P238660.l06660",
"ref": "P238660.6.10",
"inst": "u",
"f": {"lang": "akk-x-neobab",
"form": "x",
"pos": "u"}
}
,
{
"node": "l",
"frag": "i]-šem-me",
"id": "P238660.l06661",
"ref": "P238660.6.11",
"inst": "šemû[hear]V$išemme",
"sig": "@saao/saa17%akk-x-neobab:i-šem-me=šemû[hear//hear]V'V$išemme",
"f": {"lang": "akk-x-neobab",
"form": "i-šem-me",
"cf": "šemû",
"gw": "hear",
"sense": "hear",
"norm": "išemme",
"pos": "V",
"epos": "V"}
}
,
{
"node": "l",
"frag": "aš₂-šu₂",
"id": "P238660.l06662",
"ref": "P238660.6.12",
"inst": "aššu[concerning]'PRP",
"sig": "@saao/saa17%akk-x-neobab:aš₂-šu₂=aššu[because (of)//concerning]SBJ'PRP$aššu",
"f": {"lang": "akk-x-neobab",
"form": "aš₂-šu₂",
"cf": "aššu",
"gw": "because (of)",
"sense": "concerning",
"norm": "aššu",
"pos": "SBJ",
"epos": "PRP"}
}
,
{
"node": "l",
"frag": "⸢x⸣+[x",
"id": "P238660.l06663",
"ref": "P238660.6.13",
"inst": "u",
"f": {"lang": "akk-x-neobab",
"form": "x+x",
"pos": "u"}
}
,
{
"node": "l",
"frag": "x",
"id": "P238660.l06664",
"ref": "P238660.6.14",
"inst": "u",
"f": {"lang": "akk-x-neobab",
"form": "x",
"pos": "u"}
}
,
{
"node": "l",
"frag": "x]",
"id": "P238660.l06665",
"ref": "P238660.6.15",
"inst": "u",
"f": {"lang": "akk-x-neobab",
"form": "x",
"pos": "u"}
}
,
{
"node": "d",
"type": "line-start",
"ref": "P238660.7",
"n": "6'",
"label": "6'"}
,
{
"node": "l",
"frag": "[x",
"id": "P238660.l06666",
"ref": "P238660.7.1",
"inst": "u",
"f": {"lang": "akk-x-neobab",
"form": "x",
"pos": "u"}
}
,
{
"node": "l",
"frag": "x",
"id": "P238660.l06667",
"ref": "P238660.7.2",
"inst": "u",
"f": {"lang": "akk-x-neobab",
"form": "x",
"pos": "u"}
}
,
{
"node": "l",
"frag": "x",
"id": "P238660.l06668",
"ref": "P238660.7.3",
"inst": "u",
"f": {"lang": "akk-x-neobab",
"form": "x",
"pos": "u"}
}
,
{
"node": "l",
"frag": "x",
"id": "P238660.l06669",
"ref": "P238660.7.4",
"inst": "u",
"f": {"lang": "akk-x-neobab",
"form": "x",
"pos": "u"}
}
,
{
"node": "l",
"frag": "x",
"id": "P238660.l0666a",
"ref": "P238660.7.5",
"inst": "u",
"f": {"lang": "akk-x-neobab",
"form": "x",
"pos": "u"}
}
,
{
"node": "l",
"frag": "x",
"id": "P238660.l0666b",
"ref": "P238660.7.6",
"inst": "u",
"f": {"lang": "akk-x-neobab",
"form": "x",
"pos": "u"}
}
,
{
"node": "l",
"frag": "x]-MEŠ",
"id": "P238660.l0666c",
"ref": "P238660.7.7",
"inst": "u",
"f": {"lang": "akk-x-neobab",
"form": "x-MEŠ",
"pos": "u"}
}
,
{
"node": "l",
"frag": "ša₂",
"id": "P238660.l0666d",
"ref": "P238660.7.8",
"inst": "ša[of]DET",
"sig": "@saao/saa17%akk-x-neobab:ša₂=ša[of//of]DET'DET$ša",
"f": {"lang": "akk-x-neobab",
"form": "ša₂",
"cf": "ša",
"gw": "of",
"sense": "of",
"norm": "ša",
"pos": "DET",
"epos": "DET"}
}
,
{
"node": "l",
"frag": "{1}{d}AMAR.UTU-MAN-ŠEŠ",
"id": "P238660.l0666e",
"ref": "P238660.7.9",
"inst": "Marduk-šarru-uṣur[1]PN$",
"sig": "@saao/saa17%akk-x-neobab:{1}{d}AMAR.UTU-MAN-ŠEŠ=Marduk-šarru-uṣur[1//1]PN'PN$Marduk-šarru-uṣur",
"f": {"lang": "akk-x-neobab",
"form": "{1}{d}AMAR.UTU-MAN-ŠEŠ",
"cf": "Marduk-šarru-uṣur",
"gw": "1",
"sense": "1",
"norm": "Marduk-šarru-uṣur",
"pos": "PN",
"epos": "PN"}
}
,
{
"node": "l",
"frag": "⸢x⸣+[x",
"id": "P238660.l0666f",
"ref": "P238660.7.10",
"inst": "u",
"f": {"lang": "akk-x-neobab",
"form": "x+x",
"pos": "u"}
}
,
{
"node": "l",
"frag": "x]",
"id": "P238660.l06670",
"ref": "P238660.7.11",
"inst": "u",
"f": {"lang": "akk-x-neobab",
"form": "x",
"pos": "u"}
}
,
{
"node": "d",
"type": "line-start",
"ref": "P238660.8",
"n": "7'",
"label": "7'"}
,
{
"node": "l",
"frag": "[x",
"id": "P238660.l06671",
"ref": "P238660.8.1",
"inst": "u",
"f": {"lang": "akk-x-neobab",
"form": "x",
"pos": "u"}
}
,
{
"node": "l",
"frag": "x",
"id": "P238660.l06672",
"ref": "P238660.8.2",
"inst": "u",
"f": {"lang": "akk-x-neobab",
"form": "x",
"pos": "u"}
}
,
{
"node": "l",
"frag": "x",
"id": "P238660.l06673",
"ref": "P238660.8.3",
"inst": "u",
"f": {"lang": "akk-x-neobab",
"form": "x",
"pos": "u"}
}
,
{
"node": "l",
"frag": "x",
"id": "P238660.l06674",
"ref": "P238660.8.4",
"inst": "u",
"f": {"lang": "akk-x-neobab",
"form": "x",
"pos": "u"}
}
,
{
"node": "l",
"frag": "x",
"id": "P238660.l06675",
"ref": "P238660.8.5",
"inst": "u",
"f": {"lang": "akk-x-neobab",
"form": "x",
"pos": "u"}
}
,
{
"node": "l",
"frag": "x",
"id": "P238660.l06676",
"ref": "P238660.8.6",
"inst": "u",
"f": {"lang": "akk-x-neobab",
"form": "x",
"pos": "u"}
}
,
{
"node": "l",
"frag": "x",
"id": "P238660.l06677",
"ref": "P238660.8.7",
"inst": "u",
"f": {"lang": "akk-x-neobab",
"form": "x",
"pos": "u"}
}
,
{
"node": "l",
"frag": "x",
"id": "P238660.l06678",
"ref": "P238660.8.8",
"inst": "u",
"f": {"lang": "akk-x-neobab",
"form": "x",
"pos": "u"}
}
,
{
"node": "l",
"frag": "x]",
"id": "P238660.l06679",
"ref": "P238660.8.9",
"inst": "u",
"f": {"lang": "akk-x-neobab",
"form": "x",
"pos": "u"}
}
,
{
"node": "l",
"frag": "⸢iš⸣-pu-ram-ma",
"id": "P238660.l0667a",
"ref": "P238660.8.10",
"inst": "šapāru[send]V$išpuramma",
"sig": "@saao/saa17%akk-x-neobab:iš-pu-ram-ma=šapāru[send//send]V'V$išpuramma",
"f": {"lang": "akk-x-neobab",
"form": "iš-pu-ram-ma",
"cf": "šapāru",
"gw": "send",
"sense": "send",
"norm": "išpuramma",
"pos": "V",
"epos": "V"}
}
,
{
"node": "l",
"frag": "i-bu-ku",
"id": "P238660.l0667b",
"ref": "P238660.8.11",
"inst": "abāku[lead away]V$ībuku",
"sig": "@saao/saa17%akk-x-neobab:i-bu-ku=abāku[lead away//lead away]V'V$ībuku",
"f": {"lang": "akk-x-neobab",
"form": "i-bu-ku",
"cf": "abāku",
"gw": "lead away",
"sense": "lead away",
"norm": "ībuku",
"pos": "V",
"epos": "V"}
}
,
{
"node": "l",
"frag": "⸢x⸣",
"id": "P238660.l0667c",
"ref": "P238660.8.12",
"inst": "u",
"f": {"lang": "akk-x-neobab",
"form": "x",
"pos": "u"}
}
,
{
"node": "l",
"frag": "e",
"id": "P238660.l0667d",
"ref": "P238660.8.13",
"inst": "u",
"f": {"lang": "akk-x-neobab",
"form": "e",
"pos": "u"}
}
,
{
"node": "l",
"frag": "[x",
"id": "P238660.l0667e",
"ref": "P238660.8.14",
"inst": "u",
"f": {"lang": "akk-x-neobab",
"form": "x",
"pos": "u"}
}
,
{
"node": "l",
"frag": "x]",
"id": "P238660.l0667f",
"ref": "P238660.8.15",
"inst": "u",
"f": {"lang": "akk-x-neobab",
"form": "x",
"pos": "u"}
}
,
{
"node": "d",
"type": "line-start",
"ref": "P238660.9",
"n": "8'",
"label": "8'"}
,
{
"node": "l",
"frag": "[x",
"id": "P238660.l06680",
"ref": "P238660.9.1",
"inst": "u",
"f": {"lang": "akk-x-neobab",
"form": "x",
"pos": "u"}
}
,
{
"node": "l",
"frag": "x",
"id": "P238660.l06681",
"ref": "P238660.9.2",
"inst": "u",
"f": {"lang": "akk-x-neobab",
"form": "x",
"pos": "u"}
}
,
{
"node": "l",
"frag": "x",
"id": "P238660.l06682",
"ref": "P238660.9.3",
"inst": "u",
"f": {"lang": "akk-x-neobab",
"form": "x",
"pos": "u"}
}
,
{
"node": "l",
"frag": "x",
"id": "P238660.l06683",
"ref": "P238660.9.4",
"inst": "u",
"f": {"lang": "akk-x-neobab",
"form": "x",
"pos": "u"}
}
,
{
"node": "l",
"frag": "x",
"id": "P238660.l06684",
"ref": "P238660.9.5",
"inst": "u",
"f": {"lang": "akk-x-neobab",
"form": "x",
"pos": "u"}
}
,
{
"node": "l",
"frag": "x",
"id": "P238660.l06685",
"ref": "P238660.9.6",
"inst": "u",
"f": {"lang": "akk-x-neobab",
"form": "x",
"pos": "u"}
}
,
{
"node": "l",
"frag": "x",
"id": "P238660.l06686",
"ref": "P238660.9.7",
"inst": "u",
"f": {"lang": "akk-x-neobab",
"form": "x",
"pos": "u"}
}
,
{
"node": "l",
"frag": "x",
"id": "P238660.l06687",
"ref": "P238660.9.8",
"inst": "u",
"f": {"lang": "akk-x-neobab",
"form": "x",
"pos": "u"}
}
,
{
"node": "l",
"frag": "x",
"id": "P238660.l06688",
"ref": "P238660.9.9",
"inst": "u",
"f": {"lang": "akk-x-neobab",
"form": "x",
"pos": "u"}
}
,
{
"node": "l",
"frag": "x",
"id": "P238660.l06689",
"ref": "P238660.9.10",
"inst": "u",
"f": {"lang": "akk-x-neobab",
"form": "x",
"pos": "u"}
}
,
{
"node": "l",
"frag": "x",
"id": "P238660.l0668a",
"ref": "P238660.9.11",
"inst": "u",
"f": {"lang": "akk-x-neobab",
"form": "x",
"pos": "u"}
}
,
{
"node": "l",
"frag": "x]+⸢x",
"id": "P238660.l0668b",
"ref": "P238660.9.12",
"inst": "u",
"f": {"lang": "akk-x-neobab",
"form": "x+x",
"pos": "u"}
}
,
{
"node": "l",
"frag": "x",
"id": "P238660.l0668c",
"ref": "P238660.9.13",
"inst": "u",
"f": {"lang": "akk-x-neobab",
"form": "x",
"pos": "u"}
}
,
{
"node": "l",
"frag": "x",
"id": "P238660.l0668d",
"ref": "P238660.9.14",
"inst": "u",
"f": {"lang": "akk-x-neobab",
"form": "x",
"pos": "u"}
}
,
{
"node": "l",
"frag": "x⸣-us-sa",
"id": "P238660.l0668e",
"ref": "P238660.9.15",
"inst": "u",
"f": {"lang": "akk-x-neobab",
"form": "x-us-sa",
"pos": "u"}
}
,
{
"node": "l",
"frag": "{kur}i-ri-ʾa",
"id": "P238660.l0668f",
"ref": "P238660.9.16",
"inst": "Irreʾa[1]GN$",
"sig": "@saao/saa17%akk-x-neobab:{KUR}i-ri-ʾa=Irreʾa[1//1]GN'GN$Irreʾa",
"f": {"lang": "akk-x-neobab",
"form": "{KUR}i-ri-ʾa",
"cf": "Irreʾa",
"gw": "1",
"sense": "1",
"norm": "Irreʾa",
"pos": "GN",
"epos": "GN"}
}
,
{
"node": "d",
"type": "line-start",
"ref": "P238660.10",
"n": "9'",
"label": "9'"}
,
{
"node": "l",
"frag": "[x",
"id": "P238660.l06690",
"ref": "P238660.10.1",
"inst": "u",
"f": {"lang": "akk-x-neobab",
"form": "x",
"pos": "u"}
}
,
{
"node": "l",
"frag": "x",
"id": "P238660.l06691",
"ref": "P238660.10.2",
"inst": "u",
"f": {"lang": "akk-x-neobab",
"form": "x",
"pos": "u"}
}
,
{
"node": "l",
"frag": "x",
"id": "P238660.l06692",
"ref": "P238660.10.3",
"inst": "u",
"f": {"lang": "akk-x-neobab",
"form": "x",
"pos": "u"}
}
,
{
"node": "l",
"frag": "x",
"id": "P238660.l06693",
"ref": "P238660.10.4",
"inst": "u",
"f": {"lang": "akk-x-neobab",
"form": "x",
"pos": "u"}
}
,
{
"node": "l",
"frag": "x",
"id": "P238660.l06694",
"ref": "P238660.10.5",
"inst": "u",
"f": {"lang": "akk-x-neobab",
"form": "x",
"pos": "u"}
}
,
{
"node": "l",
"frag": "x",
"id": "P238660.l06695",
"ref": "P238660.10.6",
"inst": "u",
"f": {"lang": "akk-x-neobab",
"form": "x",
"pos": "u"}
}
,
{
"node": "l",
"frag": "x",
"id": "P238660.l06696",
"ref": "P238660.10.7",
"inst": "u",
"f": {"lang": "akk-x-neobab",
"form": "x",
"pos": "u"}
}
,
{
"node": "l",
"frag": "x",
"id": "P238660.l06697",
"ref": "P238660.10.8",
"inst": "u",
"f": {"lang": "akk-x-neobab",
"form": "x",
"pos": "u"}
}
,
{
"node": "l",
"frag": "x",
"id": "P238660.l06698",
"ref": "P238660.10.9",
"inst": "u",
"f": {"lang": "akk-x-neobab",
"form": "x",
"pos": "u"}
}
,
{
"node": "l",
"frag": "x",
"id": "P238660.l06699",
"ref": "P238660.10.10",
"inst": "u",
"f": {"lang": "akk-x-neobab",
"form": "x",
"pos": "u"}
}
,
{
"node": "l",
"frag": "x",
"id": "P238660.l0669a",
"ref": "P238660.10.11",
"inst": "u",
"f": {"lang": "akk-x-neobab",
"form": "x",
"pos": "u"}
}
,
{
"node": "l",
"frag": "x",
"id": "P238660.l0669b",
"ref": "P238660.10.12",
"inst": "u",
"f": {"lang": "akk-x-neobab",
"form": "x",
"pos": "u"}
}
,
{
"node": "l",
"frag": "x",
"id": "P238660.l0669c",
"ref": "P238660.10.13",
"inst": "u",
"f": {"lang": "akk-x-neobab",
"form": "x",
"pos": "u"}
}
,
{
"node": "l",
"frag": "x]",
"id": "P238660.l0669d",
"ref": "P238660.10.14",
"inst": "u",
"f": {"lang": "akk-x-neobab",
"form": "x",
"pos": "u"}
}
,
{
"node": "l",
"frag": "⸢na⸣-ša₂-ni",
"id": "P238660.l0669e",
"ref": "P238660.10.15",
"inst": "našû[lifted//brought]AJ$našāni",
"sig": "@saao/saa17%akk-x-neobab:na-ša₂-ni=našû[lifted//brought]AJ'AJ$našāni",
"f": {"lang": "akk-x-neobab",
"form": "na-ša₂-ni",
"cf": "našû",
"gw": "lifted",
"sense": "brought",
"norm": "našāni",
"pos": "AJ",
"epos": "AJ"}
}
,
{
"node": "l",
"frag": "MU-MEŠ-šu₂-nu",
"id": "P238660.l0669f",
"ref": "P238660.10.16",
"inst": "šumātišunu[name]N",
"sig": "@saao/saa17%akk-x-neobab:MU-MEŠ-šu₂-nu=šumu[name//name]N'N$šumātišunu",
"f": {"lang": "akk-x-neobab",
"form": "MU-MEŠ-šu₂-nu",
"cf": "šumu",
"gw": "name",
"sense": "name",
"norm": "šumātišunu",
"pos": "N",
"epos": "N"}
}
,
{
"node": "l",
"frag": "aš₂-ṭu-ru-ma",
"id": "P238660.l066a0",
"ref": "P238660.10.17",
"inst": "šaṭāru[write]V$ašṭurūma",
"sig": "@saao/saa17%akk-x-neobab:aš₂-ṭu-ru-ma=šaṭāru[write//write]V'V$ašṭurūma",
"f": {"lang": "akk-x-neobab",
"form": "aš₂-ṭu-ru-ma",
"cf": "šaṭāru",
"gw": "write",
"sense": "write",
"norm": "ašṭurūma",
"pos": "V",
"epos": "V"}
}
,
{
"node": "d",
"subtype": "bottom",
"type": "surface",
"ref": "P238660.b.e..11",
"type": "bottom",
"label": "b.e."}
,
{
"node": "d",
"type": "line-start",
"ref": "P238660.12",
"n": "10'",
"label": "b.e. 10'"}
,
{
"node": "l",
"frag": "[a-na",
"id": "P238660.l066a1",
"ref": "P238660.12.1",
"inst": "ana[to]PRP",
"sig": "@saao/saa17%akk-x-neobab:a-na=ana[to//to]PRP'PRP$ana",
"f": {"lang": "akk-x-neobab",
"form": "a-na",
"cf": "ana",
"gw": "to",
"sense": "to",
"norm": "ana",
"pos": "PRP",
"epos": "PRP"}
}
,
{
"node": "l",
"frag": "{lu₂}SUKKAL]",
"id": "P238660.l066a2",
"ref": "P238660.12.2",
"inst": "sukkalli[vizier]N",
"sig": "@saao/saa17%akk-x-neobab:{LU₂}SUKKAL=šukkallu[(a court official)//vizier]N'N$sukkalli",
"f": {"lang": "akk-x-neobab",
"form": "{LU₂}SUKKAL",
"cf": "šukkallu",
"gw": "(a court official)",
"sense": "vizier",
"norm": "sukkalli",
"pos": "N",
"epos": "N"}
}
,
{
"node": "l",
"frag": "be-li₂-ia₂",
"id": "P238660.l066a3",
"ref": "P238660.12.3",
"inst": "bēlīya[lord]N",
"sig": "@saao/saa17%akk-x-neobab:be-li₂-ia₂=bēlu[lord//lord]N'N$bēlīya",
"f": {"lang": "akk-x-neobab",
"form": "be-li₂-ia₂",
"cf": "bēlu",
"gw": "lord",
"sense": "lord",
"norm": "bēlīya",
"pos": "N",
"epos": "N"}
}
,
{
"node": "l",
"frag": "u₂-še-bi-la",
"id": "P238660.l066a4",
"ref": "P238660.12.4",
"inst": "wabālu[bring//send]V$ušēbila",
"sig": "@saao/saa17%akk-x-neobab:u₂-še-bi-la=wabālu[bring//send]V'V$ušēbila",
"f": {"lang": "akk-x-neobab",
"form": "u₂-še-bi-la",
"cf": "wabālu",
"gw": "bring",
"sense": "send",
"norm": "ušēbila",
"pos": "V",
"epos": "V"}
}
,
{
"node": "d",
"subtype": "reverse",
"type": "surface",
"ref": "P238660.r.13",
"type": "reverse",
"label": "r"}
,
{
"node": "d",
"type": "line-start",
"ref": "P238660.14",
"n": "1",
"label": "r 1"}
,
{
"node": "l",
"frag": "[x",
"id": "P238660.l066a5",
"ref": "P238660.14.1",
"inst": "u",
"f": {"lang": "akk-x-neobab",
"form": "x",
"pos": "u"}
}
,
{
"node": "l",
"frag": "x",
"id": "P238660.l066a6",
"ref": "P238660.14.2",
"inst": "u",
"f": {"lang": "akk-x-neobab",
"form": "x",
"pos": "u"}
}
,
{
"node": "l",
"frag": "x",
"id": "P238660.l066a7",
"ref": "P238660.14.3",
"inst": "u",
"f": {"lang": "akk-x-neobab",
"form": "x",
"pos": "u"}
}
,
{
"node": "l",
"frag": "x]",
"id": "P238660.l066a8",
"ref": "P238660.14.4",
"inst": "u",
"f": {"lang": "akk-x-neobab",
"form": "x",
"pos": "u"}
}
,
{
"node": "l",
"frag": "šu₂-nu-ma",
"id": "P238660.l066a9",
"ref": "P238660.14.5",
"inst": "šunu[they]IP$šunūma",
"sig": "@saao/saa17%akk-x-neobab:šu₂-nu-ma=šunu[they//they]IP'IP$šunūma",
"f": {"lang": "akk-x-neobab",
"form": "šu₂-nu-ma",
"cf": "šunu",
"gw": "they",
"sense": "they",
"norm": "šunūma",
"pos": "IP",
"epos": "IP"}
}
,
{
"node": "l",
"frag": "ina",
"id": "P238660.l066aa",
"ref": "P238660.14.6",
"inst": "ina[in+=in the presence of]PRP$",
"sig": "@saao/saa17%akk-x-neobab:ina=ina[in//in]PRP'PRP$ina",
"f": {"lang": "akk-x-neobab",
"form": "ina",
"cf": "ina",
"gw": "in",
"sense": "in",
"norm": "ina",
"pos": "PRP",
"epos": "PRP"}
}
,
{
"node": "l",
"frag": "pa-ni-šu₂",
"id": "P238660.l066ab",
"ref": "P238660.14.7",
"inst": "pānu[front]N$pānīšu",
"sig": "@saao/saa17%akk-x-neobab:pa-ni-šu₂=pānu[front//front]N'N$pānīšu",
"f": {"lang": "akk-x-neobab",
"form": "pa-ni-šu₂",
"cf": "pānu",
"gw": "front",
"sense": "front",
"norm": "pānīšu",
"pos": "N",
"epos": "N"}
}
,
{
"node": "l",
"frag": "ik-kal-li",
"id": "P238660.l066ac",
"ref": "P238660.14.8",
"inst": "kalû[hold (back)//be(come) held back]V$ikkalli",
"sig": "@saao/saa17%akk-x-neobab:ik-kal-li=kalû[hold (back)//be(come) held back]V'V$ikkalli",
"f": {"lang": "akk-x-neobab",
"form": "ik-kal-li",
"cf": "kalû",
"gw": "hold (back)",
"sense": "be(come) held back",
"norm": "ikkalli",
"pos": "V",
"epos": "V"}
}
,
{
"node": "d",
"type": "line-start",
"ref": "P238660.15",
"n": "2",
"label": "r 2"}
,
{
"node": "l",
"frag": "[DINGIR-MEŠ",
"id": "P238660.l066ad",
"ref": "P238660.15.1",
"inst": "ilāni[god]N",
"sig": "@saao/saa17%akk-x-neobab:DINGIR-MEŠ=ilu[god//god]N'N$ilāni",
"f": {"lang": "akk-x-neobab",
"form": "DINGIR-MEŠ",
"cf": "ilu",
"gw": "god",
"sense": "god",
"norm": "ilāni",
"pos": "N",
"epos": "N"}
}
,
{
"node": "l",
"frag": "ša₂]",
"id": "P238660.l066ae",
"ref": "P238660.15.2",
"inst": "ša[of]DET",
"sig": "@saao/saa17%akk-x-neobab:ša₂=ša[of//of]DET'DET$ša",
"f": {"lang": "akk-x-neobab",
"form": "ša₂",
"cf": "ša",
"gw": "of",
"sense": "of",
"norm": "ša",
"pos": "DET",
"epos": "DET"}
}
,
{
"node": "l",
"frag": "{⸢lu₂⸣}SUKKAL",
"id": "P238660.l066af",
"ref": "P238660.15.3",
"inst": "sukkalli[vizier]N",
"sig": "@saao/saa17%akk-x-neobab:{LU₂}SUKKAL=šukkallu[(a court official)//vizier]N'N$sukkalli",
"f": {"lang": "akk-x-neobab",
"form": "{LU₂}SUKKAL",
"cf": "šukkallu",
"gw": "(a court official)",
"sense": "vizier",
"norm": "sukkalli",
"pos": "N",
"epos": "N"}
}
,
{
"node": "l",
"frag": "be-li₂-ia₂",
"id": "P238660.l066b0",
"ref": "P238660.15.4",
"inst": "bēlīya[lord]N",
"sig": "@saao/saa17%akk-x-neobab:be-li₂-ia₂=bēlu[lord//lord]N'N$bēlīya",
"f": {"lang": "akk-x-neobab",
"form": "be-li₂-ia₂",
"cf": "bēlu",
"gw": "lord",
"sense": "lord",
"norm": "bēlīya",
"pos": "N",
"epos": "N"}
}
,
{
"node": "l",
"frag": "ki-i",
"id": "P238660.l066b1",
"ref": "P238660.15.5",
"inst": "kî[that]'SBJ",
"sig": "@saao/saa17%akk-x-neobab:ki-i=kī[like//that]PRP'SBJ$kî",
"f": {"lang": "akk-x-neobab",
"form": "ki-i",
"cf": "kī",
"gw": "like",
"sense": "that",
"norm": "kî",
"pos": "PRP",
"epos": "SBJ"}
}
,
{
"node": "l",
"frag": "la-pa-an",
"id": "P238660.l066b2",
"ref": "P238660.15.6",
"inst": "lapān[in front of//before]PRP'AV$la-pān",
"sig": "@saao/saa17%akk-x-neobab:la-pa-an=lapān[in front of//before]PRP'AV$la-pān",
"f": {"lang": "akk-x-neobab",
"form": "la-pa-an",
"cf": "lapān",
"gw": "in front of",
"sense": "before",
"norm": "la-pān",
"pos": "PRP",
"epos": "AV"}
}
,
{
"node": "d",
"type": "line-start",
"ref": "P238660.16",
"n": "3",
"label": "r 3"}
,
{
"node": "l",
"frag": "[x",
"id": "P238660.l066b3",
"ref": "P238660.16.1",
"inst": "u",
"f": {"lang": "akk-x-neobab",
"form": "x",
"pos": "u"}
}
,
{
"node": "l",
"frag": "x",
"id": "P238660.l066b4",
"ref": "P238660.16.2",
"inst": "u",
"f": {"lang": "akk-x-neobab",
"form": "x",
"pos": "u"}
}
,
{
"node": "l",
"frag": "x",
"id": "P238660.l066b5",
"ref": "P238660.16.3",
"inst": "u",
"f": {"lang": "akk-x-neobab",
"form": "x",
"pos": "u"}
}
,
{
"node": "l",
"frag": "x]+⸢x⸣",
"id": "P238660.l066b6",
"ref": "P238660.16.4",
"inst": "u",
"f": {"lang": "akk-x-neobab",
"form": "x+x",
"pos": "u"}
}
,
{
"node": "l",
"frag": "u₂-ša₂-as-lim-an-ni",
"id": "P238660.l066b7",
"ref": "P238660.16.5",
"inst": "salāmu[be(come) at peace//make peace]V$ušaslimanni",
"sig": "@saao/saa17%akk-x-neobab:u₂-ša₂-as-lim-an-ni=salāmu[be(come) at peace//make peace]V'V$ušaslimanni",
"f": {"lang": "akk-x-neobab",
"form": "u₂-ša₂-as-lim-an-ni",
"cf": "salāmu",
"gw": "be(come) at peace",
"sense": "make peace",
"norm": "ušaslimanni",
"pos": "V",
"epos": "V"}
}
,
{
"node": "l",
"frag": "03",
"id": "P238660.l066b8",
"ref": "P238660.16.6",
"inst": "n",
"f": {"lang": "akk-x-neobab",
"form": "03",
"pos": "n"}
}
,
{
"node": "l",
"frag": "MU.AN.NA-MEŠ",
"id": "P238660.l066b9",
"ref": "P238660.16.7",
"inst": "šanāti[year]N",
"sig": "@saao/saa17%akk-x-neobab:MU.AN.NA-MEŠ=šattu[year//year]N'N$šanāti",
"f": {"lang": "akk-x-neobab",
"form": "MU.AN.NA-MEŠ",
"cf": "šattu",
"gw": "year",
"sense": "year",
"norm": "šanāti",
"pos": "N",
"epos": "N"}
}
,
{
"node": "d",
"type": "line-start",
"ref": "P238660.17",
"n": "4",
"label": "r 4"}
,
{
"node": "l",
"frag": "[x",
"id": "P238660.l066ba",
"ref": "P238660.17.1",
"inst": "u",
"f": {"lang": "akk-x-neobab",
"form": "x",
"pos": "u"}
}
,
{
"node": "l",
"frag": "x",
"id": "P238660.l066bb",
"ref": "P238660.17.2",
"inst": "u",
"f": {"lang": "akk-x-neobab",
"form": "x",
"pos": "u"}
}
,
{
"node": "l",
"frag": "x",
"id": "P238660.l066bc",
"ref": "P238660.17.3",
"inst": "u",
"f": {"lang": "akk-x-neobab",
"form": "x",
"pos": "u"}
}
,
{
"node": "l",
"frag": "la]",
"id": "P238660.l066bd",
"ref": "P238660.17.4",
"inst": "lā[not]MOD",
"sig": "@saao/saa17%akk-x-neobab:la=lā[not//not]MOD'MOD$lā",
"f": {"lang": "akk-x-neobab",
"form": "la",
"cf": "lā",
"gw": "not",
"sense": "not",
"norm": "lā",
"pos": "MOD",
"epos": "MOD"}
}
,
{
"node": "l",
"frag": "as-ku-tu-ma",
"id": "P238660.l066be",
"ref": "P238660.17.5",
"inst": "sakātu[be(come) silent]V$askutūma",
"sig": "@saao/saa17%akk-x-neobab:as-ku-tu-ma=sakātu[be(come) silent//be(come) silent]V'V$askutūma",
"f": {"lang": "akk-x-neobab",
"form": "as-ku-tu-ma",
"cf": "sakātu",
"gw": "be(come) silent",
"sense": "be(come) silent",
"norm": "askutūma",
"pos": "V",
"epos": "V"}
}
,
{
"node": "l",
"frag": "a-na",
"id": "P238660.l066bf",
"ref": "P238660.17.6",
"inst": "ana[to]PRP",
"sig": "@saao/saa17%akk-x-neobab:a-na=ana[to//to]PRP'PRP$ana",
"f": {"lang": "akk-x-neobab",
"form": "a-na",
"cf": "ana",
"gw": "to",
"sense": "to",
"norm": "ana",
"pos": "PRP",
"epos": "PRP"}
}
,
{
"node": "l",
"frag": "LUGAL",
"id": "P238660.l066c0",
"ref": "P238660.17.7",
"inst": "šarri[king]N",
"sig": "@saao/saa17%akk-x-neobab:LUGAL=šarru[king//king]N'N$šarri",
"f": {"lang": "akk-x-neobab",
"form": "LUGAL",
"cf": "šarru",
"gw": "king",
"sense": "king",
"norm": "šarri",
"pos": "N",
"epos": "N"}
}
,
{
"node": "l",
"frag": "be-li₂-ia₂",
"id": "P238660.l066c1",
"ref": "P238660.17.8",
"inst": "bēlīya[lord]N",
"sig": "@saao/saa17%akk-x-neobab:be-li₂-ia₂=bēlu[lord//lord]N'N$bēlīya",
"f": {"lang": "akk-x-neobab",
"form": "be-li₂-ia₂",
"cf": "bēlu",
"gw": "lord",
"sense": "lord",
"norm": "bēlīya",
"pos": "N",
"epos": "N"}
}
,
{
"node": "d",
"type": "line-start",
"ref": "P238660.18",
"n": "5",
"label": "r 5"}
,
{
"node": "l",
"frag": "[x",
"id": "P238660.l066c2",
"ref": "P238660.18.1",
"inst": "u",
"f": {"lang": "akk-x-neobab",
"form": "x",
"pos": "u"}
}
,
{
"node": "l",
"frag": "x",
"id": "P238660.l066c3",
"ref": "P238660.18.2",
"inst": "u",
"f": {"lang": "akk-x-neobab",
"form": "x",
"pos": "u"}
}
,
{
"node": "l",
"frag": "aš₂-pu-ru]",
"id": "P238660.l066c4",
"ref": "P238660.18.3",
"inst": "šapāru[send//write]V$ašpuru",
"sig": "@saao/saa17%akk-x-neobab:aš₂-pu-ru=šapāru[send//write]V'V$ašpuru",
"f": {"lang": "akk-x-neobab",
"form": "aš₂-pu-ru",
"cf": "šapāru",
"gw": "send",
"sense": "write",
"norm": "ašpuru",
"pos": "V",
"epos": "V"}
}
,
{
"node": "l",
"frag": "⸢en⸣-na",
"id": "P238660.l066c5",
"ref": "P238660.18.4",
"inst": "enna[now]AV",
"sig": "@saao/saa17%akk-x-neobab:en-na=enna[now//now]AV'AV$enna",
"f": {"lang": "akk-x-neobab",
"form": "en-na",
"cf": "enna",
"gw": "now",
"sense": "now",
"norm": "enna",
"pos": "AV",
"epos": "AV"}
}
,
{
"node": "l",
"frag": "a-du-u₂",
"id": "P238660.l066c6",
"ref": "P238660.18.5",
"inst": "adû[now]AV",
"sig": "@saao/saa17%akk-x-neobab:a-du-u₂=adû[now//now]AV'AV$adû",
"f": {"lang": "akk-x-neobab",
"form": "a-du-u₂",
"cf": "adû",
"gw": "now",
"sense": "now",
"norm": "adû",
"pos": "AV",
"epos": "AV"}
}
,
{
"node": "l",
"frag": "a-na",
"id": "P238660.l066c7",
"ref": "P238660.18.6",
"inst": "ana[to]PRP",
"sig": "@saao/saa17%akk-x-neobab:a-na=ana[to//to]PRP'PRP$ana",
"f": {"lang": "akk-x-neobab",
"form": "a-na",
"cf": "ana",
"gw": "to",
"sense": "to",
"norm": "ana",
"pos": "PRP",
"epos": "PRP"}
}
,
{
"node": "l",
"frag": "{lu₂}SUKKAL",
"id": "P238660.l066c8",
"ref": "P238660.18.7",
"inst": "sukkalli[vizier]N",
"sig": "@saao/saa17%akk-x-neobab:{LU₂}SUKKAL=šukkallu[(a court official)//vizier]N'N$sukkalli",
"f": {"lang": "akk-x-neobab",
"form": "{LU₂}SUKKAL",
"cf": "šukkallu",
"gw": "(a court official)",
"sense": "vizier",
"norm": "sukkalli",
"pos": "N",
"epos": "N"}
}
,
{
"node": "l",
"frag": "be-li₂-[ia₂]",
"id": "P238660.l066c9",
"ref": "P238660.18.8",
"inst": "bēlīya[lord]N",
"sig": "@saao/saa17%akk-x-neobab:be-li₂-ia₂=bēlu[lord//lord]N'N$bēlīya",
"f": {"lang": "akk-x-neobab",
"form": "be-li₂-ia₂",
"cf": "bēlu",
"gw": "lord",
"sense": "lord",
"norm": "bēlīya",
"pos": "N",
"epos": "N"}
}
,
{
"node": "d",
"type": "line-start",
"ref": "P238660.19",
"n": "6",
"label": "r 6"}
,
{
"node": "l",
"frag": "[al-tap-ra",
"id": "P238660.l066ca",
"ref": "P238660.19.1",
"inst": "šapāru[send//write]V$altapra",
"sig": "@saao/saa17%akk-x-neobab:al-tap-ra=šapāru[send//write]V'V$altapra",
"f": {"lang": "akk-x-neobab",
"form": "al-tap-ra",
"cf": "šapāru",
"gw": "send",
"sense": "write",
"norm": "altapra",
"pos": "V",
"epos": "V"}
}
,
{
"node": "l",
"frag": "min₃-de-e-ma]",
"id": "P238660.l066cb",
"ref": "P238660.19.2",
"inst": "mindēma[perhaps]AV",
"sig": "@saao/saa17%akk-x-neobab:min₃-de-e-ma=minde[perhaps//perhaps]AV'AV$mindēma",
"f": {"lang": "akk-x-neobab",
"form": "min₃-de-e-ma",
"cf": "minde",
"gw": "perhaps",
"sense": "perhaps",
"norm": "mindēma",
"pos": "AV",
"epos": "AV"}
}
,
{
"node": "l",
"frag": "⸢LUGAL⸣",
"id": "P238660.l066cc",
"ref": "P238660.19.3",
"inst": "šarru[king]N",
"sig": "@saao/saa17%akk-x-neobab:LUGAL=šarru[king//king]N'N$šarru",
"f": {"lang": "akk-x-neobab",
"form": "LUGAL",
"cf": "šarru",
"gw": "king",
"sense": "king",
"norm": "šarru",
"pos": "N",
"epos": "N"}
}
,
{
"node": "l",
"frag": "be-li₂-a",
"id": "P238660.l066cd",
"ref": "P238660.19.4",
"inst": "bēlā[lord]N",
"sig": "@saao/saa17%akk-x-neobab:be-li₂-a=bēlu[lord//lord]N'N$bēlā",
"f": {"lang": "akk-x-neobab",
"form": "be-li₂-a",
"cf": "bēlu",
"gw": "lord",
"sense": "lord",
"norm": "bēlā",
"pos": "N",
"epos": "N"}
}
,
{
"node": "l",
"frag": "i-qab-bu",
"id": "P238660.l066ce",
"ref": "P238660.19.5",
"inst": "qabû[say]V$iqabbu",
"sig": "@saao/saa17%akk-x-neobab:i-qab-bu=qabû[say//say]V'V$iqabbu",
"f": {"lang": "akk-x-neobab",
"form": "i-qab-bu",
"cf": "qabû",
"gw": "say",
"sense": "say",
"norm": "iqabbu",
"pos": "V",
"epos": "V"}
}
,
{
"node": "l",
"frag": "um-⸢ma⸣",
"id": "P238660.l066cf",
"ref": "P238660.19.6",
"inst": "umma[saying]PRP",
"sig": "@saao/saa17%akk-x-neobab:um-ma=umma[saying//saying]PRP'PRP$umma",
"f": {"lang": "akk-x-neobab",
"form": "um-ma",
"cf": "umma",
"gw": "saying",
"sense": "saying",
"norm": "umma",
"pos": "PRP",
"epos": "PRP"}
}
,
{
"node": "d",
"type": "line-start",
"ref": "P238660.20",
"n": "7",
"label": "r 7"}
,
{
"node": "l",
"frag": "[x",
"id": "P238660.l066d0",
"ref": "P238660.20.1",
"inst": "u",
"f": {"lang": "akk-x-neobab",
"form": "x",
"pos": "u"}
}
,
{
"node": "l",
"frag": "x",
"id": "P238660.l066d1",
"ref": "P238660.20.2",
"inst": "u",
"f": {"lang": "akk-x-neobab",
"form": "x",
"pos": "u"}
}
,
{
"node": "l",
"frag": "x",
"id": "P238660.l066d2",
"ref": "P238660.20.3",
"inst": "u",
"f": {"lang": "akk-x-neobab",
"form": "x",
"pos": "u"}
}
,
{
"node": "l",
"frag": "x",
"id": "P238660.l066d3",
"ref": "P238660.20.4",
"inst": "u",
"f": {"lang": "akk-x-neobab",
"form": "x",
"pos": "u"}
}
,
{
"node": "l",
"frag": "x",
"id": "P238660.l066d4",
"ref": "P238660.20.5",
"inst": "u",
"f": {"lang": "akk-x-neobab",
"form": "x",
"pos": "u"}
}
,
{
"node": "l",
"frag": "x",
"id": "P238660.l066d5",
"ref": "P238660.20.6",
"inst": "u",
"f": {"lang": "akk-x-neobab",
"form": "x",
"pos": "u"}
}
,
{
"node": "l",
"frag": "x",
"id": "P238660.l066d6",
"ref": "P238660.20.7",
"inst": "u",
"f": {"lang": "akk-x-neobab",
"form": "x",
"pos": "u"}
}
,
{
"node": "l",
"frag": "x]+⸢x⸣",
"id": "P238660.l066d7",
"ref": "P238660.20.8",
"inst": "u",
"f": {"lang": "akk-x-neobab",
"form": "x+x",
"pos": "u"}
}
,
{
"node": "l",
"frag": "ki-i",
"id": "P238660.l066d8",
"ref": "P238660.20.9",
"inst": "kî[that]'SBJ",
"sig": "@saao/saa17%akk-x-neobab:ki-i=kī[like//that]PRP'SBJ$kî",
"f": {"lang": "akk-x-neobab",
"form": "ki-i",
"cf": "kī",
"gw": "like",
"sense": "that",
"norm": "kî",
"pos": "PRP",
"epos": "SBJ"}
}
,
{
"node": "l",
"frag": "ERIM-MEŠ",
"id": "P238660.l066d9",
"ref": "P238660.20.10",
"inst": "ṣābē[troops]N",
"sig": "@saao/saa17%akk-x-neobab:ERIM-MEŠ=ṣābu[people//troops]N'N$ṣābē",
"f": {"lang": "akk-x-neobab",
"form": "ERIM-MEŠ",
"cf": "ṣābu",
"gw": "people",
"sense": "troops",
"norm": "ṣābē",
"pos": "N",
"epos": "N"}
}
,
{
"node": "l",
"frag": "an-nu-tu",
"id": "P238660.l066da",
"ref": "P238660.20.11",
"inst": "annūtu[this]DP",
"sig": "@saao/saa17%akk-x-neobab:an-nu-tu=annû[this//this]DP'DP$annūtu",
"f": {"lang": "akk-x-neobab",
"form": "an-nu-tu",
"cf": "annû",
"gw": "this",
"sense": "this",
"norm": "annūtu",
"pos": "DP",
"epos": "DP"}
}
,
{
"node": "d",
"type": "line-start",
"ref": "P238660.21",
"n": "8",
"label": "r 8"}
,
{
"node": "l",
"frag": "[x",
"id": "P238660.l066db",
"ref": "P238660.21.1",
"inst": "u",
"f": {"lang": "akk-x-neobab",
"form": "x",
"pos": "u"}
}
,
{
"node": "l",
"frag": "x",
"id": "P238660.l066dc",
"ref": "P238660.21.2",
"inst": "u",
"f": {"lang": "akk-x-neobab",
"form": "x",
"pos": "u"}
}
,
{
"node": "l",
"frag": "x",
"id": "P238660.l066dd",
"ref": "P238660.21.3",
"inst": "u",
"f": {"lang": "akk-x-neobab",
"form": "x",
"pos": "u"}
}
,
{
"node": "l",
"frag": "{1}{d}AMAR.UTU-MAN]-⸢ŠEŠ⸣",
"id": "P238660.l066de",
"ref": "P238660.21.4",
"inst": "Marduk-šarru-uṣur[1]PN$",
"sig": "@saao/saa17%akk-x-neobab:{1}{d}AMAR.UTU-MAN-ŠEŠ=Marduk-šarru-uṣur[1//1]PN'PN$Marduk-šarru-uṣur",
"f": {"lang": "akk-x-neobab",
"form": "{1}{d}AMAR.UTU-MAN-ŠEŠ",
"cf": "Marduk-šarru-uṣur",
"gw": "1",
"sense": "1",
"norm": "Marduk-šarru-uṣur",
"pos": "PN",
"epos": "PN"}
}
,
{
"node": "l",
"frag": "ina",
"id": "P238660.l066df",
"ref": "P238660.21.5",
"inst": "ina[in]PRP",
"sig": "@saao/saa17%akk-x-neobab:ina=ina[in//in]PRP'PRP$ina",
"f": {"lang": "akk-x-neobab",
"form": "ina",
"cf": "ina",
"gw": "in",
"sense": "in",
"norm": "ina",
"pos": "PRP",
"epos": "PRP"}
}
,
{
"node": "l",
"frag": "ṭe₃-man-ni",
"id": "P238660.l066e0",
"ref": "P238660.21.6",
"inst": "ṭēmu[(fore)thought//report]N$ṭēmanni",
"sig": "@saao/saa17%akk-x-neobab:ṭe₃-man-ni=ṭēmu[(fore)thought//report]N'N$ṭēmanni",
"f": {"lang": "akk-x-neobab",
"form": "ṭe₃-man-ni",
"cf": "ṭēmu",
"gw": "(fore)thought",
"sense": "report",
"norm": "ṭēmanni",
"pos": "N",
"epos": "N"}
}
,
{
"node": "d",
"type": "line-start",
"ref": "P238660.22",
"n": "9",
"label": "r 9"}
,
{
"node": "l",
"frag": "[x",
"id": "P238660.l066e1",
"ref": "P238660.22.1",
"inst": "u",
"f": {"lang": "akk-x-neobab",
"form": "x",
"pos": "u"}
}
,
{
"node": "l",
"frag": "x",
"id": "P238660.l066e2",
"ref": "P238660.22.2",
"inst": "u",
"f": {"lang": "akk-x-neobab",
"form": "x",
"pos": "u"}
}
,
{
"node": "l",
"frag": "x",
"id": "P238660.l066e3",
"ref": "P238660.22.3",
"inst": "u",
"f": {"lang": "akk-x-neobab",
"form": "x",
"pos": "u"}
}
,
{
"node": "l",
"frag": "x",
"id": "P238660.l066e4",
"ref": "P238660.22.4",
"inst": "u",
"f": {"lang": "akk-x-neobab",
"form": "x",
"pos": "u"}
}
,
{
"node": "l",
"frag": "x",
"id": "P238660.l066e5",
"ref": "P238660.22.5",
"inst": "u",
"f": {"lang": "akk-x-neobab",
"form": "x",
"pos": "u"}
}
,
{
"node": "l",
"frag": "x",
"id": "P238660.l066e6",
"ref": "P238660.22.6",
"inst": "u",
"f": {"lang": "akk-x-neobab",
"form": "x",
"pos": "u"}
}
,
{
"node": "l",
"frag": "x",
"id": "P238660.l066e7",
"ref": "P238660.22.7",
"inst": "u",
"f": {"lang": "akk-x-neobab",
"form": "x",
"pos": "u"}
}
,
{
"node": "l",
"frag": "x",
"id": "P238660.l066e8",
"ref": "P238660.22.8",
"inst": "u",
"f": {"lang": "akk-x-neobab",
"form": "x",
"pos": "u"}
}
,
{
"node": "l",
"frag": "x]",
"id": "P238660.l066e9",
"ref": "P238660.22.9",
"inst": "u",
"f": {"lang": "akk-x-neobab",
"form": "x",
"pos": "u"}
}
,
{
"node": "l",
"frag": "ERIM-MEŠ",
"id": "P238660.l066ea",
"ref": "P238660.22.10",
"inst": "ṣābē[troops]N",
"sig": "@saao/saa17%akk-x-neobab:ERIM-MEŠ=ṣābu[people//troops]N'N$ṣābē",
"f": {"lang": "akk-x-neobab",
"form": "ERIM-MEŠ",
"cf": "ṣābu",
"gw": "people",
"sense": "troops",
"norm": "ṣābē",
"pos": "N",
"epos": "N"}
}
,
{
"node": "l",
"frag": "⸢ša₂",
"id": "P238660.l066eb",
"ref": "P238660.22.11",
"inst": "ša[of]DET",
"sig": "@saao/saa17%akk-x-neobab:ša₂=ša[of//of]DET'DET$ša",
"f": {"lang": "akk-x-neobab",
"form": "ša₂",
"cf": "ša",
"gw": "of",
"sense": "of",
"norm": "ša",
"pos": "DET",
"epos": "DET"}
}
,
{
"node": "l",
"frag": "LUGAL⸣",
"id": "P238660.l066ec",
"ref": "P238660.22.12",
"inst": "šarri[king]N",
"sig": "@saao/saa17%akk-x-neobab:LUGAL=šarru[king//king]N'N$šarri",
"f": {"lang": "akk-x-neobab",
"form": "LUGAL",
"cf": "šarru",
"gw": "king",
"sense": "king",
"norm": "šarri",
"pos": "N",
"epos": "N"}
}
,
{
"node": "l",
"frag": "be-li₂-ia₂",
"id": "P238660.l066ed",
"ref": "P238660.22.13",
"inst": "bēlīya[lord]N",
"sig": "@saao/saa17%akk-x-neobab:be-li₂-ia₂=bēlu[lord//lord]N'N$bēlīya",
"f": {"lang": "akk-x-neobab",
"form": "be-li₂-ia₂",
"cf": "bēlu",
"gw": "lord",
"sense": "lord",
"norm": "bēlīya",
"pos": "N",
"epos": "N"}
}
,
{
"node": "d",
"type": "nonx",
"ref": "P238660.23",
"strict": "0",
"extent": "rest",
"state": "missing"}
]}
]}
]}
]}
