{
"type": "cdl",
  "source": "http://oracc.org/saao/saa17",
  "license": "This data is released under the CC0 license",
  "license-url": "https://creativecommons.org/publicdomain/zero/1.0/",
  "more-info": "http://oracc.org/doc/opendata/",
  "UTC-timestamp": "2017-05-19T11:58:28",
"project": "saao/saa17",
"textid": "P238347",
"cdl": [
{
"node": "c",
"type": "text",
"id": "P238347.U0",
"cdl": [
{
"node": "d",
"type": "object",
"ref": ""}
,
{
"node": "d",
"subtype": "obverse",
"type": "surface",
"ref": "P238347.o.1",
"type": "obverse",
"label": "o"}
,
{
"node": "d",
"type": "nonx",
"ref": "P238347.2",
"strict": "0",
"extent": "beginning",
"state": "missing"}
,
{
"node": "c",
"type": "discourse",
"subtype": "body",
"id": "P238347.U1",
"cdl": [
{
"node": "c",
"type": "sentence",
"id": "P238347.U2",
"label": "o 1' - e. 1",
"cdl": [
{
"node": "d",
"type": "line-start",
"ref": "P238347.3",
"n": "1'",
"label": "o 1'"}
,
{
"node": "l",
"frag": "a-[x",
"id": "P238347.l009d6",
"ref": "P238347.3.1",
"inst": "u",
"f": {"lang": "akk-x-neobab",
"form": "a-x",
"pos": "u"}
}
,
{
"node": "l",
"frag": "x",
"id": "P238347.l009d7",
"ref": "P238347.3.2",
"inst": "u",
"f": {"lang": "akk-x-neobab",
"form": "x",
"pos": "u"}
}
,
{
"node": "l",
"frag": "x",
"id": "P238347.l009d8",
"ref": "P238347.3.3",
"inst": "u",
"f": {"lang": "akk-x-neobab",
"form": "x",
"pos": "u"}
}
,
{
"node": "l",
"frag": "x",
"id": "P238347.l009d9",
"ref": "P238347.3.4",
"inst": "u",
"f": {"lang": "akk-x-neobab",
"form": "x",
"pos": "u"}
}
,
{
"node": "l",
"frag": "x",
"id": "P238347.l009da",
"ref": "P238347.3.5",
"inst": "u",
"f": {"lang": "akk-x-neobab",
"form": "x",
"pos": "u"}
}
,
{
"node": "l",
"frag": "x",
"id": "P238347.l009db",
"ref": "P238347.3.6",
"inst": "u",
"f": {"lang": "akk-x-neobab",
"form": "x",
"pos": "u"}
}
,
{
"node": "l",
"frag": "x",
"id": "P238347.l009dc",
"ref": "P238347.3.7",
"inst": "u",
"f": {"lang": "akk-x-neobab",
"form": "x",
"pos": "u"}
}
,
{
"node": "l",
"frag": "x",
"id": "P238347.l009dd",
"ref": "P238347.3.8",
"inst": "u",
"f": {"lang": "akk-x-neobab",
"form": "x",
"pos": "u"}
}
,
{
"node": "l",
"frag": "x",
"id": "P238347.l009de",
"ref": "P238347.3.9",
"inst": "u",
"f": {"lang": "akk-x-neobab",
"form": "x",
"pos": "u"}
}
,
{
"node": "l",
"frag": "x",
"id": "P238347.l009df",
"ref": "P238347.3.10",
"inst": "u",
"f": {"lang": "akk-x-neobab",
"form": "x",
"pos": "u"}
}
,
{
"node": "l",
"frag": "x",
"id": "P238347.l009e0",
"ref": "P238347.3.11",
"inst": "u",
"f": {"lang": "akk-x-neobab",
"form": "x",
"pos": "u"}
}
,
{
"node": "l",
"frag": "x]",
"id": "P238347.l009e1",
"ref": "P238347.3.12",
"inst": "u",
"f": {"lang": "akk-x-neobab",
"form": "x",
"pos": "u"}
}
,
{
"node": "d",
"type": "line-start",
"ref": "P238347.4",
"n": "2'",
"label": "o 2'"}
,
{
"node": "l",
"frag": "⸢du⸣-[x",
"id": "P238347.l009e2",
"ref": "P238347.4.1",
"inst": "u",
"f": {"lang": "akk-x-neobab",
"form": "du-x",
"pos": "u"}
}
,
{
"node": "l",
"frag": "x",
"id": "P238347.l009e3",
"ref": "P238347.4.2",
"inst": "u",
"f": {"lang": "akk-x-neobab",
"form": "x",
"pos": "u"}
}
,
{
"node": "l",
"frag": "x",
"id": "P238347.l009e4",
"ref": "P238347.4.3",
"inst": "u",
"f": {"lang": "akk-x-neobab",
"form": "x",
"pos": "u"}
}
,
{
"node": "l",
"frag": "x",
"id": "P238347.l009e5",
"ref": "P238347.4.4",
"inst": "u",
"f": {"lang": "akk-x-neobab",
"form": "x",
"pos": "u"}
}
,
{
"node": "l",
"frag": "x",
"id": "P238347.l009e6",
"ref": "P238347.4.5",
"inst": "u",
"f": {"lang": "akk-x-neobab",
"form": "x",
"pos": "u"}
}
,
{
"node": "l",
"frag": "x",
"id": "P238347.l009e7",
"ref": "P238347.4.6",
"inst": "u",
"f": {"lang": "akk-x-neobab",
"form": "x",
"pos": "u"}
}
,
{
"node": "l",
"frag": "x",
"id": "P238347.l009e8",
"ref": "P238347.4.7",
"inst": "u",
"f": {"lang": "akk-x-neobab",
"form": "x",
"pos": "u"}
}
,
{
"node": "l",
"frag": "x",
"id": "P238347.l009e9",
"ref": "P238347.4.8",
"inst": "u",
"f": {"lang": "akk-x-neobab",
"form": "x",
"pos": "u"}
}
,
{
"node": "l",
"frag": "x",
"id": "P238347.l009ea",
"ref": "P238347.4.9",
"inst": "u",
"f": {"lang": "akk-x-neobab",
"form": "x",
"pos": "u"}
}
,
{
"node": "l",
"frag": "x",
"id": "P238347.l009eb",
"ref": "P238347.4.10",
"inst": "u",
"f": {"lang": "akk-x-neobab",
"form": "x",
"pos": "u"}
}
,
{
"node": "l",
"frag": "x",
"id": "P238347.l009ec",
"ref": "P238347.4.11",
"inst": "u",
"f": {"lang": "akk-x-neobab",
"form": "x",
"pos": "u"}
}
,
{
"node": "l",
"frag": "x]",
"id": "P238347.l009ed",
"ref": "P238347.4.12",
"inst": "u",
"f": {"lang": "akk-x-neobab",
"form": "x",
"pos": "u"}
}
,
{
"node": "d",
"type": "line-start",
"ref": "P238347.5",
"n": "3'",
"label": "o 3'"}
,
{
"node": "l",
"frag": "TIN.⸢TIR⸣{[ki}",
"id": "P238347.l009ee",
"ref": "P238347.5.1",
"inst": "Babili[Babylon]GN",
"sig": "@saao/saa17%akk-x-neobab:TIN.TIR{KI}=Babili[Babylon//Babylon]GN'GN$Babili",
"f": {"lang": "akk-x-neobab",
"form": "TIN.TIR{KI}",
"cf": "Babili",
"gw": "Babylon",
"sense": "Babylon",
"norm": "Babili",
"pos": "GN",
"epos": "GN"}
}
,
{
"node": "l",
"frag": "x",
"id": "P238347.l009ef",
"ref": "P238347.5.2",
"inst": "u",
"f": {"lang": "akk-x-neobab",
"form": "x",
"pos": "u"}
}
,
{
"node": "l",
"frag": "x",
"id": "P238347.l009f0",
"ref": "P238347.5.3",
"inst": "u",
"f": {"lang": "akk-x-neobab",
"form": "x",
"pos": "u"}
}
,
{
"node": "l",
"frag": "x",
"id": "P238347.l009f1",
"ref": "P238347.5.4",
"inst": "u",
"f": {"lang": "akk-x-neobab",
"form": "x",
"pos": "u"}
}
,
{
"node": "l",
"frag": "x",
"id": "P238347.l009f2",
"ref": "P238347.5.5",
"inst": "u",
"f": {"lang": "akk-x-neobab",
"form": "x",
"pos": "u"}
}
,
{
"node": "l",
"frag": "x",
"id": "P238347.l009f3",
"ref": "P238347.5.6",
"inst": "u",
"f": {"lang": "akk-x-neobab",
"form": "x",
"pos": "u"}
}
,
{
"node": "l",
"frag": "x",
"id": "P238347.l009f4",
"ref": "P238347.5.7",
"inst": "u",
"f": {"lang": "akk-x-neobab",
"form": "x",
"pos": "u"}
}
,
{
"node": "l",
"frag": "x",
"id": "P238347.l009f5",
"ref": "P238347.5.8",
"inst": "u",
"f": {"lang": "akk-x-neobab",
"form": "x",
"pos": "u"}
}
,
{
"node": "l",
"frag": "x",
"id": "P238347.l009f6",
"ref": "P238347.5.9",
"inst": "u",
"f": {"lang": "akk-x-neobab",
"form": "x",
"pos": "u"}
}
,
{
"node": "l",
"frag": "x",
"id": "P238347.l009f7",
"ref": "P238347.5.10",
"inst": "u",
"f": {"lang": "akk-x-neobab",
"form": "x",
"pos": "u"}
}
,
{
"node": "l",
"frag": "x]",
"id": "P238347.l009f8",
"ref": "P238347.5.11",
"inst": "u",
"f": {"lang": "akk-x-neobab",
"form": "x",
"pos": "u"}
}
,
{
"node": "d",
"type": "line-start",
"ref": "P238347.6",
"n": "4'",
"label": "o 4'"}
,
{
"node": "l",
"frag": "u₃",
"id": "P238347.l009f9",
"ref": "P238347.6.1",
"inst": "u[and]CNJ",
"sig": "@saao/saa17%akk-x-neobab:u₃=u[and//and]CNJ'CNJ$u",
"f": {"lang": "akk-x-neobab",
"form": "u₃",
"cf": "u",
"gw": "and",
"sense": "and",
"norm": "u",
"pos": "CNJ",
"epos": "CNJ"}
}
,
{
"node": "l",
"frag": "[x",
"id": "P238347.l009fa",
"ref": "P238347.6.2",
"inst": "u",
"f": {"lang": "akk-x-neobab",
"form": "x",
"pos": "u"}
}
,
{
"node": "l",
"frag": "x",
"id": "P238347.l009fb",
"ref": "P238347.6.3",
"inst": "u",
"f": {"lang": "akk-x-neobab",
"form": "x",
"pos": "u"}
}
,
{
"node": "l",
"frag": "x",
"id": "P238347.l009fc",
"ref": "P238347.6.4",
"inst": "u",
"f": {"lang": "akk-x-neobab",
"form": "x",
"pos": "u"}
}
,
{
"node": "l",
"frag": "x",
"id": "P238347.l009fd",
"ref": "P238347.6.5",
"inst": "u",
"f": {"lang": "akk-x-neobab",
"form": "x",
"pos": "u"}
}
,
{
"node": "l",
"frag": "x",
"id": "P238347.l009fe",
"ref": "P238347.6.6",
"inst": "u",
"f": {"lang": "akk-x-neobab",
"form": "x",
"pos": "u"}
}
,
{
"node": "l",
"frag": "x",
"id": "P238347.l009ff",
"ref": "P238347.6.7",
"inst": "u",
"f": {"lang": "akk-x-neobab",
"form": "x",
"pos": "u"}
}
,
{
"node": "l",
"frag": "x",
"id": "P238347.l00a00",
"ref": "P238347.6.8",
"inst": "u",
"f": {"lang": "akk-x-neobab",
"form": "x",
"pos": "u"}
}
,
{
"node": "l",
"frag": "x",
"id": "P238347.l00a01",
"ref": "P238347.6.9",
"inst": "u",
"f": {"lang": "akk-x-neobab",
"form": "x",
"pos": "u"}
}
,
{
"node": "l",
"frag": "x",
"id": "P238347.l00a02",
"ref": "P238347.6.10",
"inst": "u",
"f": {"lang": "akk-x-neobab",
"form": "x",
"pos": "u"}
}
,
{
"node": "l",
"frag": "x",
"id": "P238347.l00a03",
"ref": "P238347.6.11",
"inst": "u",
"f": {"lang": "akk-x-neobab",
"form": "x",
"pos": "u"}
}
,
{
"node": "l",
"frag": "x]",
"id": "P238347.l00a04",
"ref": "P238347.6.12",
"inst": "u",
"f": {"lang": "akk-x-neobab",
"form": "x",
"pos": "u"}
}
,
{
"node": "d",
"type": "line-start",
"ref": "P238347.7",
"n": "5'",
"label": "o 5'"}
,
{
"node": "l",
"frag": "na-sa-ah",
"id": "P238347.l00a05",
"ref": "P238347.7.1",
"inst": "nasāhu[tear out//extraction]V'N$nasāh",
"sig": "@saao/saa17%akk-x-neobab:na-sa-ah=nasāhu[tear out//extraction]V'N$nasāh",
"f": {"lang": "akk-x-neobab",
"form": "na-sa-ah",
"cf": "nasāhu",
"gw": "tear out",
"sense": "extraction",
"norm": "nasāh",
"pos": "V",
"epos": "N"}
}
,
{
"node": "l",
"frag": "[x",
"id": "P238347.l00a06",
"ref": "P238347.7.2",
"inst": "u",
"f": {"lang": "akk-x-neobab",
"form": "x",
"pos": "u"}
}
,
{
"node": "l",
"frag": "x",
"id": "P238347.l00a07",
"ref": "P238347.7.3",
"inst": "u",
"f": {"lang": "akk-x-neobab",
"form": "x",
"pos": "u"}
}
,
{
"node": "l",
"frag": "x",
"id": "P238347.l00a08",
"ref": "P238347.7.4",
"inst": "u",
"f": {"lang": "akk-x-neobab",
"form": "x",
"pos": "u"}
}
,
{
"node": "l",
"frag": "x",
"id": "P238347.l00a09",
"ref": "P238347.7.5",
"inst": "u",
"f": {"lang": "akk-x-neobab",
"form": "x",
"pos": "u"}
}
,
{
"node": "l",
"frag": "x",
"id": "P238347.l00a0a",
"ref": "P238347.7.6",
"inst": "u",
"f": {"lang": "akk-x-neobab",
"form": "x",
"pos": "u"}
}
,
{
"node": "l",
"frag": "x",
"id": "P238347.l00a0b",
"ref": "P238347.7.7",
"inst": "u",
"f": {"lang": "akk-x-neobab",
"form": "x",
"pos": "u"}
}
,
{
"node": "l",
"frag": "x",
"id": "P238347.l00a0c",
"ref": "P238347.7.8",
"inst": "u",
"f": {"lang": "akk-x-neobab",
"form": "x",
"pos": "u"}
}
,
{
"node": "l",
"frag": "x",
"id": "P238347.l00a0d",
"ref": "P238347.7.9",
"inst": "u",
"f": {"lang": "akk-x-neobab",
"form": "x",
"pos": "u"}
}
,
{
"node": "l",
"frag": "x]",
"id": "P238347.l00a0e",
"ref": "P238347.7.10",
"inst": "u",
"f": {"lang": "akk-x-neobab",
"form": "x",
"pos": "u"}
}
,
{
"node": "d",
"type": "line-start",
"ref": "P238347.8",
"n": "6'",
"label": "o 6'"}
,
{
"node": "l",
"frag": "pa-an",
"id": "P238347.l00a0f",
"ref": "P238347.8.1",
"inst": "+pānu[front//in the presence of]N'N$pān",
"sig": "@saao/saa17%akk-x-neobab:pa-an=pānu[front//in the presence of]N'N$pān",
"f": {"lang": "akk-x-neobab",
"form": "pa-an",
"cf": "pānu",
"gw": "front",
"sense": "in the presence of",
"norm": "pān",
"pos": "N",
"epos": "N"}
}
,
{
"node": "l",
"frag": "ša₂",
"id": "P238347.l00a10",
"ref": "P238347.8.2",
"inst": "ša[of]DET",
"sig": "@saao/saa17%akk-x-neobab:ša₂=ša[of//of]DET'DET$ša",
"f": {"lang": "akk-x-neobab",
"form": "ša₂",
"cf": "ša",
"gw": "of",
"sense": "of",
"norm": "ša",
"pos": "DET",
"epos": "DET"}
}
,
{
"node": "l",
"frag": "LUGAL",
"id": "P238347.l00a11",
"ref": "P238347.8.3",
"inst": "šarri[king]N",
"sig": "@saao/saa17%akk-x-neobab:LUGAL=šarru[king//king]N'N$šarri",
"f": {"lang": "akk-x-neobab",
"form": "LUGAL",
"cf": "šarru",
"gw": "king",
"sense": "king",
"norm": "šarri",
"pos": "N",
"epos": "N"}
}
,
{
"node": "l",
"frag": "[x",
"id": "P238347.l00a12",
"ref": "P238347.8.4",
"inst": "u",
"f": {"lang": "akk-x-neobab",
"form": "x",
"pos": "u"}
}
,
{
"node": "l",
"frag": "x",
"id": "P238347.l00a13",
"ref": "P238347.8.5",
"inst": "u",
"f": {"lang": "akk-x-neobab",
"form": "x",
"pos": "u"}
}
,
{
"node": "l",
"frag": "x",
"id": "P238347.l00a14",
"ref": "P238347.8.6",
"inst": "u",
"f": {"lang": "akk-x-neobab",
"form": "x",
"pos": "u"}
}
,
{
"node": "l",
"frag": "x",
"id": "P238347.l00a15",
"ref": "P238347.8.7",
"inst": "u",
"f": {"lang": "akk-x-neobab",
"form": "x",
"pos": "u"}
}
,
{
"node": "l",
"frag": "x",
"id": "P238347.l00a16",
"ref": "P238347.8.8",
"inst": "u",
"f": {"lang": "akk-x-neobab",
"form": "x",
"pos": "u"}
}
,
{
"node": "l",
"frag": "x",
"id": "P238347.l00a17",
"ref": "P238347.8.9",
"inst": "u",
"f": {"lang": "akk-x-neobab",
"form": "x",
"pos": "u"}
}
,
{
"node": "l",
"frag": "x",
"id": "P238347.l00a18",
"ref": "P238347.8.10",
"inst": "u",
"f": {"lang": "akk-x-neobab",
"form": "x",
"pos": "u"}
}
,
{
"node": "l",
"frag": "x",
"id": "P238347.l00a19",
"ref": "P238347.8.11",
"inst": "u",
"f": {"lang": "akk-x-neobab",
"form": "x",
"pos": "u"}
}
,
{
"node": "l",
"frag": "x]",
"id": "P238347.l00a1a",
"ref": "P238347.8.12",
"inst": "u",
"f": {"lang": "akk-x-neobab",
"form": "x",
"pos": "u"}
}
,
{
"node": "d",
"type": "line-start",
"ref": "P238347.9",
"n": "7'",
"label": "o 7'"}
,
{
"node": "l",
"frag": "LUGAL",
"id": "P238347.l00a1b",
"ref": "P238347.9.1",
"inst": "šarru[king]N",
"sig": "@saao/saa17%akk-x-neobab:LUGAL=šarru[king//king]N'N$šarru",
"f": {"lang": "akk-x-neobab",
"form": "LUGAL",
"cf": "šarru",
"gw": "king",
"sense": "king",
"norm": "šarru",
"pos": "N",
"epos": "N"}
}
,
{
"node": "l",
"frag": "a-na",
"id": "P238347.l00a1c",
"ref": "P238347.9.2",
"inst": "ana[to]PRP",
"sig": "@saao/saa17%akk-x-neobab:a-na=ana[to//to]PRP'PRP$ana",
"f": {"lang": "akk-x-neobab",
"form": "a-na",
"cf": "ana",
"gw": "to",
"sense": "to",
"norm": "ana",
"pos": "PRP",
"epos": "PRP"}
}
,
{
"node": "l",
"frag": "E₂",
"id": "P238347.l00a1d",
"ref": "P238347.9.3",
"inst": "bītu[house]N$bīti",
"sig": "@saao/saa17%akk-x-neobab:E₂=bītu[house//house]N'N$bīti",
"f": {"lang": "akk-x-neobab",
"form": "E₂",
"cf": "bītu",
"gw": "house",
"sense": "house",
"norm": "bīti",
"pos": "N",
"epos": "N"}
}
,
{
"node": "l",
"frag": "[x",
"id": "P238347.l00a1e",
"ref": "P238347.9.4",
"inst": "u",
"f": {"lang": "akk-x-neobab",
"form": "x",
"pos": "u"}
}
,
{
"node": "l",
"frag": "x",
"id": "P238347.l00a1f",
"ref": "P238347.9.5",
"inst": "u",
"f": {"lang": "akk-x-neobab",
"form": "x",
"pos": "u"}
}
,
{
"node": "l",
"frag": "x",
"id": "P238347.l00a20",
"ref": "P238347.9.6",
"inst": "u",
"f": {"lang": "akk-x-neobab",
"form": "x",
"pos": "u"}
}
,
{
"node": "l",
"frag": "x",
"id": "P238347.l00a21",
"ref": "P238347.9.7",
"inst": "u",
"f": {"lang": "akk-x-neobab",
"form": "x",
"pos": "u"}
}
,
{
"node": "l",
"frag": "x",
"id": "P238347.l00a22",
"ref": "P238347.9.8",
"inst": "u",
"f": {"lang": "akk-x-neobab",
"form": "x",
"pos": "u"}
}
,
{
"node": "l",
"frag": "x",
"id": "P238347.l00a23",
"ref": "P238347.9.9",
"inst": "u",
"f": {"lang": "akk-x-neobab",
"form": "x",
"pos": "u"}
}
,
{
"node": "l",
"frag": "x",
"id": "P238347.l00a24",
"ref": "P238347.9.10",
"inst": "u",
"f": {"lang": "akk-x-neobab",
"form": "x",
"pos": "u"}
}
,
{
"node": "l",
"frag": "x",
"id": "P238347.l00a25",
"ref": "P238347.9.11",
"inst": "u",
"f": {"lang": "akk-x-neobab",
"form": "x",
"pos": "u"}
}
,
{
"node": "l",
"frag": "x]",
"id": "P238347.l00a26",
"ref": "P238347.9.12",
"inst": "u",
"f": {"lang": "akk-x-neobab",
"form": "x",
"pos": "u"}
}
,
{
"node": "d",
"type": "line-start",
"ref": "P238347.10",
"n": "8'",
"label": "o 8'"}
,
{
"node": "l",
"frag": "{anše}KUR.[RA-MEŠ",
"id": "P238347.l00a27",
"ref": "P238347.10.1",
"inst": "sisû[horse]N$sīsê",
"sig": "@saao/saa17%akk-x-neobab:{ANŠE}KUR.RA-MEŠ=sisû[horse//horse]N'N$sīsê",
"f": {"lang": "akk-x-neobab",
"form": "{ANŠE}KUR.RA-MEŠ",
"cf": "sisû",
"gw": "horse",
"sense": "horse",
"norm": "sīsê",
"pos": "N",
"epos": "N"}
}
,
{
"node": "l",
"frag": "x",
"id": "P238347.l00a28",
"ref": "P238347.10.2",
"inst": "u",
"f": {"lang": "akk-x-neobab",
"form": "x",
"pos": "u"}
}
,
{
"node": "l",
"frag": "x",
"id": "P238347.l00a29",
"ref": "P238347.10.3",
"inst": "u",
"f": {"lang": "akk-x-neobab",
"form": "x",
"pos": "u"}
}
,
{
"node": "l",
"frag": "x",
"id": "P238347.l00a2a",
"ref": "P238347.10.4",
"inst": "u",
"f": {"lang": "akk-x-neobab",
"form": "x",
"pos": "u"}
}
,
{
"node": "l",
"frag": "x",
"id": "P238347.l00a2b",
"ref": "P238347.10.5",
"inst": "u",
"f": {"lang": "akk-x-neobab",
"form": "x",
"pos": "u"}
}
,
{
"node": "l",
"frag": "x",
"id": "P238347.l00a2c",
"ref": "P238347.10.6",
"inst": "u",
"f": {"lang": "akk-x-neobab",
"form": "x",
"pos": "u"}
}
,
{
"node": "l",
"frag": "x",
"id": "P238347.l00a2d",
"ref": "P238347.10.7",
"inst": "u",
"f": {"lang": "akk-x-neobab",
"form": "x",
"pos": "u"}
}
,
{
"node": "l",
"frag": "x]",
"id": "P238347.l00a2e",
"ref": "P238347.10.8",
"inst": "u",
"f": {"lang": "akk-x-neobab",
"form": "x",
"pos": "u"}
}
,
{
"node": "d",
"type": "line-start",
"ref": "P238347.11",
"n": "9'",
"label": "o 9'"}
,
{
"node": "l",
"frag": "{lu₂}GAL-⸢MEŠ⸣",
"id": "P238347.l00a2f",
"ref": "P238347.11.1",
"inst": "rabû[big one//magnate]N$rabûti",
"sig": "@saao/saa17%akk-x-neobab:{LU₂}GAL-MEŠ=rabû[big one//magnate]N'N$rabûti",
"f": {"lang": "akk-x-neobab",
"form": "{LU₂}GAL-MEŠ",
"cf": "rabû",
"gw": "big one",
"sense": "magnate",
"norm": "rabûti",
"pos": "N",
"epos": "N"}
}
,
{
"node": "l",
"frag": "[x",
"id": "P238347.l00a30",
"ref": "P238347.11.2",
"inst": "u",
"f": {"lang": "akk-x-neobab",
"form": "x",
"pos": "u"}
}
,
{
"node": "l",
"frag": "x",
"id": "P238347.l00a31",
"ref": "P238347.11.3",
"inst": "u",
"f": {"lang": "akk-x-neobab",
"form": "x",
"pos": "u"}
}
,
{
"node": "l",
"frag": "x",
"id": "P238347.l00a32",
"ref": "P238347.11.4",
"inst": "u",
"f": {"lang": "akk-x-neobab",
"form": "x",
"pos": "u"}
}
,
{
"node": "l",
"frag": "x",
"id": "P238347.l00a33",
"ref": "P238347.11.5",
"inst": "u",
"f": {"lang": "akk-x-neobab",
"form": "x",
"pos": "u"}
}
,
{
"node": "l",
"frag": "x",
"id": "P238347.l00a34",
"ref": "P238347.11.6",
"inst": "u",
"f": {"lang": "akk-x-neobab",
"form": "x",
"pos": "u"}
}
,
{
"node": "l",
"frag": "x",
"id": "P238347.l00a35",
"ref": "P238347.11.7",
"inst": "u",
"f": {"lang": "akk-x-neobab",
"form": "x",
"pos": "u"}
}
,
{
"node": "l",
"frag": "x",
"id": "P238347.l00a36",
"ref": "P238347.11.8",
"inst": "u",
"f": {"lang": "akk-x-neobab",
"form": "x",
"pos": "u"}
}
,
{
"node": "l",
"frag": "x",
"id": "P238347.l00a37",
"ref": "P238347.11.9",
"inst": "u",
"f": {"lang": "akk-x-neobab",
"form": "x",
"pos": "u"}
}
,
{
"node": "l",
"frag": "x]",
"id": "P238347.l00a38",
"ref": "P238347.11.10",
"inst": "u",
"f": {"lang": "akk-x-neobab",
"form": "x",
"pos": "u"}
}
,
{
"node": "d",
"type": "line-start",
"ref": "P238347.12",
"n": "10'",
"label": "o 10'"}
,
{
"node": "l",
"frag": "a-na",
"id": "P238347.l00a39",
"ref": "P238347.12.1",
"inst": "ana[to+=in accordance with]PRP$",
"sig": "@saao/saa17%akk-x-neobab:a-na=ana[to//to]PRP'PRP$ana",
"f": {"lang": "akk-x-neobab",
"form": "a-na",
"cf": "ana",
"gw": "to",
"sense": "to",
"norm": "ana",
"pos": "PRP",
"epos": "PRP"}
}
,
{
"node": "l",
"frag": "pi-i",
"id": "P238347.l00a3a",
"ref": "P238347.12.2",
"inst": "pû[mouth]N$pî",
"sig": "@saao/saa17%akk-x-neobab:pi-i=pû[mouth//mouth]N'N$pî",
"f": {"lang": "akk-x-neobab",
"form": "pi-i",
"cf": "pû",
"gw": "mouth",
"sense": "mouth",
"norm": "pî",
"pos": "N",
"epos": "N"}
}
,
{
"node": "l",
"frag": "[x",
"id": "P238347.l00a3b",
"ref": "P238347.12.3",
"inst": "u",
"f": {"lang": "akk-x-neobab",
"form": "x",
"pos": "u"}
}
,
{
"node": "l",
"frag": "x",
"id": "P238347.l00a3c",
"ref": "P238347.12.4",
"inst": "u",
"f": {"lang": "akk-x-neobab",
"form": "x",
"pos": "u"}
}
,
{
"node": "l",
"frag": "x",
"id": "P238347.l00a3d",
"ref": "P238347.12.5",
"inst": "u",
"f": {"lang": "akk-x-neobab",
"form": "x",
"pos": "u"}
}
,
{
"node": "l",
"frag": "x",
"id": "P238347.l00a3e",
"ref": "P238347.12.6",
"inst": "u",
"f": {"lang": "akk-x-neobab",
"form": "x",
"pos": "u"}
}
,
{
"node": "l",
"frag": "x",
"id": "P238347.l00a3f",
"ref": "P238347.12.7",
"inst": "u",
"f": {"lang": "akk-x-neobab",
"form": "x",
"pos": "u"}
}
,
{
"node": "l",
"frag": "x",
"id": "P238347.l00a40",
"ref": "P238347.12.8",
"inst": "u",
"f": {"lang": "akk-x-neobab",
"form": "x",
"pos": "u"}
}
,
{
"node": "l",
"frag": "x",
"id": "P238347.l00a41",
"ref": "P238347.12.9",
"inst": "u",
"f": {"lang": "akk-x-neobab",
"form": "x",
"pos": "u"}
}
,
{
"node": "l",
"frag": "x",
"id": "P238347.l00a42",
"ref": "P238347.12.10",
"inst": "u",
"f": {"lang": "akk-x-neobab",
"form": "x",
"pos": "u"}
}
,
{
"node": "l",
"frag": "x]",
"id": "P238347.l00a43",
"ref": "P238347.12.11",
"inst": "u",
"f": {"lang": "akk-x-neobab",
"form": "x",
"pos": "u"}
}
,
{
"node": "d",
"type": "line-start",
"ref": "P238347.13",
"n": "11'",
"label": "o 11'"}
,
{
"node": "l",
"frag": "[x]+⸢x",
"id": "P238347.l00a44",
"ref": "P238347.13.1",
"inst": "u",
"f": {"lang": "akk-x-neobab",
"form": "x+x",
"pos": "u"}
}
,
{
"node": "l",
"frag": "x",
"id": "P238347.l00a45",
"ref": "P238347.13.2",
"inst": "u",
"f": {"lang": "akk-x-neobab",
"form": "x",
"pos": "u"}
}
,
{
"node": "l",
"frag": "x",
"id": "P238347.l00a46",
"ref": "P238347.13.3",
"inst": "u",
"f": {"lang": "akk-x-neobab",
"form": "x",
"pos": "u"}
}
,
{
"node": "l",
"frag": "x⸣",
"id": "P238347.l00a47",
"ref": "P238347.13.4",
"inst": "u",
"f": {"lang": "akk-x-neobab",
"form": "x",
"pos": "u"}
}
,
{
"node": "l",
"frag": "[x",
"id": "P238347.l00a48",
"ref": "P238347.13.5",
"inst": "u",
"f": {"lang": "akk-x-neobab",
"form": "x",
"pos": "u"}
}
,
{
"node": "l",
"frag": "x",
"id": "P238347.l00a49",
"ref": "P238347.13.6",
"inst": "u",
"f": {"lang": "akk-x-neobab",
"form": "x",
"pos": "u"}
}
,
{
"node": "l",
"frag": "x",
"id": "P238347.l00a4a",
"ref": "P238347.13.7",
"inst": "u",
"f": {"lang": "akk-x-neobab",
"form": "x",
"pos": "u"}
}
,
{
"node": "l",
"frag": "x",
"id": "P238347.l00a4b",
"ref": "P238347.13.8",
"inst": "u",
"f": {"lang": "akk-x-neobab",
"form": "x",
"pos": "u"}
}
,
{
"node": "l",
"frag": "x",
"id": "P238347.l00a4c",
"ref": "P238347.13.9",
"inst": "u",
"f": {"lang": "akk-x-neobab",
"form": "x",
"pos": "u"}
}
,
{
"node": "l",
"frag": "x",
"id": "P238347.l00a4d",
"ref": "P238347.13.10",
"inst": "u",
"f": {"lang": "akk-x-neobab",
"form": "x",
"pos": "u"}
}
,
{
"node": "l",
"frag": "x",
"id": "P238347.l00a4e",
"ref": "P238347.13.11",
"inst": "u",
"f": {"lang": "akk-x-neobab",
"form": "x",
"pos": "u"}
}
,
{
"node": "l",
"frag": "x",
"id": "P238347.l00a4f",
"ref": "P238347.13.12",
"inst": "u",
"f": {"lang": "akk-x-neobab",
"form": "x",
"pos": "u"}
}
,
{
"node": "l",
"frag": "x]",
"id": "P238347.l00a50",
"ref": "P238347.13.13",
"inst": "u",
"f": {"lang": "akk-x-neobab",
"form": "x",
"pos": "u"}
}
,
{
"node": "d",
"type": "line-start",
"ref": "P238347.14",
"n": "12'",
"label": "o 12'"}
,
{
"node": "l",
"frag": "⸢a⸣-hi",
"id": "P238347.l00a51",
"ref": "P238347.14.1",
"inst": "ahī[arm]N",
"sig": "@saao/saa17%akk-x-neobab:a-hi=ahu[arm//arm]N'N$ahī",
"f": {"lang": "akk-x-neobab",
"form": "a-hi",
"cf": "ahu",
"gw": "arm",
"sense": "arm",
"norm": "ahī",
"pos": "N",
"epos": "N"}
}
,
{
"node": "l",
"frag": "a-⸢na⸣",
"id": "P238347.l00a52",
"ref": "P238347.14.2",
"inst": "ana[to]PRP",
"sig": "@saao/saa17%akk-x-neobab:a-na=ana[to//to]PRP'PRP$ana",
"f": {"lang": "akk-x-neobab",
"form": "a-na",
"cf": "ana",
"gw": "to",
"sense": "to",
"norm": "ana",
"pos": "PRP",
"epos": "PRP"}
}
,
{
"node": "l",
"frag": "[x",
"id": "P238347.l00a53",
"ref": "P238347.14.3",
"inst": "u",
"f": {"lang": "akk-x-neobab",
"form": "x",
"pos": "u"}
}
,
{
"node": "l",
"frag": "x",
"id": "P238347.l00a54",
"ref": "P238347.14.4",
"inst": "u",
"f": {"lang": "akk-x-neobab",
"form": "x",
"pos": "u"}
}
,
{
"node": "l",
"frag": "x",
"id": "P238347.l00a55",
"ref": "P238347.14.5",
"inst": "u",
"f": {"lang": "akk-x-neobab",
"form": "x",
"pos": "u"}
}
,
{
"node": "l",
"frag": "x",
"id": "P238347.l00a56",
"ref": "P238347.14.6",
"inst": "u",
"f": {"lang": "akk-x-neobab",
"form": "x",
"pos": "u"}
}
,
{
"node": "l",
"frag": "x",
"id": "P238347.l00a57",
"ref": "P238347.14.7",
"inst": "u",
"f": {"lang": "akk-x-neobab",
"form": "x",
"pos": "u"}
}
,
{
"node": "l",
"frag": "x",
"id": "P238347.l00a58",
"ref": "P238347.14.8",
"inst": "u",
"f": {"lang": "akk-x-neobab",
"form": "x",
"pos": "u"}
}
,
{
"node": "l",
"frag": "x",
"id": "P238347.l00a59",
"ref": "P238347.14.9",
"inst": "u",
"f": {"lang": "akk-x-neobab",
"form": "x",
"pos": "u"}
}
,
{
"node": "l",
"frag": "x]+⸢x⸣",
"id": "P238347.l00a5a",
"ref": "P238347.14.10",
"inst": "u",
"f": {"lang": "akk-x-neobab",
"form": "x+x",
"pos": "u"}
}
,
{
"node": "l",
"frag": "x",
"id": "P238347.l00a5b",
"ref": "P238347.14.11",
"inst": "u",
"f": {"lang": "akk-x-neobab",
"form": "x",
"pos": "u"}
}
,
{
"node": "l",
"frag": "[x",
"id": "P238347.l00a5c",
"ref": "P238347.14.12",
"inst": "u",
"f": {"lang": "akk-x-neobab",
"form": "x",
"pos": "u"}
}
,
{
"node": "l",
"frag": "x]",
"id": "P238347.l00a5d",
"ref": "P238347.14.13",
"inst": "u",
"f": {"lang": "akk-x-neobab",
"form": "x",
"pos": "u"}
}
,
{
"node": "d",
"type": "line-start",
"ref": "P238347.15",
"n": "13'",
"label": "o 13'"}
,
{
"node": "l",
"frag": "[x]+⸢x⸣-ka",
"id": "P238347.l00a5e",
"ref": "P238347.15.1",
"inst": "u",
"f": {"lang": "akk-x-neobab",
"form": "x+x-ka",
"pos": "u"}
}
,
{
"node": "l",
"frag": "[x",
"id": "P238347.l00a5f",
"ref": "P238347.15.2",
"inst": "u",
"f": {"lang": "akk-x-neobab",
"form": "x",
"pos": "u"}
}
,
{
"node": "l",
"frag": "x",
"id": "P238347.l00a60",
"ref": "P238347.15.3",
"inst": "u",
"f": {"lang": "akk-x-neobab",
"form": "x",
"pos": "u"}
}
,
{
"node": "l",
"frag": "x",
"id": "P238347.l00a61",
"ref": "P238347.15.4",
"inst": "u",
"f": {"lang": "akk-x-neobab",
"form": "x",
"pos": "u"}
}
,
{
"node": "l",
"frag": "x",
"id": "P238347.l00a62",
"ref": "P238347.15.5",
"inst": "u",
"f": {"lang": "akk-x-neobab",
"form": "x",
"pos": "u"}
}
,
{
"node": "l",
"frag": "x",
"id": "P238347.l00a63",
"ref": "P238347.15.6",
"inst": "u",
"f": {"lang": "akk-x-neobab",
"form": "x",
"pos": "u"}
}
,
{
"node": "l",
"frag": "x]",
"id": "P238347.l00a64",
"ref": "P238347.15.7",
"inst": "u",
"f": {"lang": "akk-x-neobab",
"form": "x",
"pos": "u"}
}
,
{
"node": "l",
"frag": "ana",
"id": "P238347.l00a65",
"ref": "P238347.15.8",
"inst": "ana[to]PRP$",
"sig": "@saao/saa17%akk-x-neobab:ana=ana[to//to]PRP'PRP$ana",
"f": {"lang": "akk-x-neobab",
"form": "ana",
"cf": "ana",
"gw": "to",
"sense": "to",
"norm": "ana",
"pos": "PRP",
"epos": "PRP"}
}
,
{
"node": "l",
"frag": "ku-tal",
"id": "P238347.l00a66",
"ref": "P238347.15.9",
"inst": "kutal[back]N",
"sig": "@saao/saa17%akk-x-neobab:ku-tal=kutallu[back//back]N'N$kutal",
"f": {"lang": "akk-x-neobab",
"form": "ku-tal",
"cf": "kutallu",
"gw": "back",
"sense": "back",
"norm": "kutal",
"pos": "N",
"epos": "N"}
}
,
{
"node": "l",
"frag": "it-⸢te⸣-[eh-su]",
"id": "P238347.l00a67",
"ref": "P238347.15.10",
"inst": "ittehsū[return]V",
"sig": "@saao/saa17%akk-x-neobab:it-te-eh-su=nahāsu[(re)cede//return]V'V$ittehsū",
"f": {"lang": "akk-x-neobab",
"form": "it-te-eh-su",
"cf": "nahāsu",
"gw": "(re)cede",
"sense": "return",
"norm": "ittehsū",
"pos": "V",
"epos": "V"}
}
,
{
"node": "d",
"type": "line-start",
"ref": "P238347.16",
"n": "14'",
"label": "o 14'"}
,
{
"node": "l",
"frag": "⸢GISKIM-MEŠ⸣",
"id": "P238347.l00a68",
"ref": "P238347.16.1",
"inst": "ittu[sign]N$ittāti",
"sig": "@saao/saa17%akk-x-neobab:GISKIM-MEŠ=ittu[sign//sign]N'N$ittāti",
"f": {"lang": "akk-x-neobab",
"form": "GISKIM-MEŠ",
"cf": "ittu",
"gw": "sign",
"sense": "sign",
"norm": "ittāti",
"pos": "N",
"epos": "N"}
}
,
{
"node": "l",
"frag": "[x",
"id": "P238347.l00a69",
"ref": "P238347.16.2",
"inst": "u",
"f": {"lang": "akk-x-neobab",
"form": "x",
"pos": "u"}
}
,
{
"node": "l",
"frag": "x",
"id": "P238347.l00a6a",
"ref": "P238347.16.3",
"inst": "u",
"f": {"lang": "akk-x-neobab",
"form": "x",
"pos": "u"}
}
,
{
"node": "l",
"frag": "x",
"id": "P238347.l00a6b",
"ref": "P238347.16.4",
"inst": "u",
"f": {"lang": "akk-x-neobab",
"form": "x",
"pos": "u"}
}
,
{
"node": "l",
"frag": "x]-lak",
"id": "P238347.l00a6c",
"ref": "P238347.16.5",
"inst": "u",
"f": {"lang": "akk-x-neobab",
"form": "x-lak",
"pos": "u"}
}
,
{
"node": "l",
"frag": "KUR-šu₂",
"id": "P238347.l00a6d",
"ref": "P238347.16.6",
"inst": "mātīšu[land]N",
"sig": "@saao/saa17%akk-x-neobab:KUR-šu₂=mātu[land//land]N'N$mātīšu",
"f": {"lang": "akk-x-neobab",
"form": "KUR-šu₂",
"cf": "mātu",
"gw": "land",
"sense": "land",
"norm": "mātīšu",
"pos": "N",
"epos": "N"}
}
,
{
"node": "l",
"frag": "UD-mu",
"id": "P238347.l00a6e",
"ref": "P238347.16.7",
"inst": "ūmu[day]N",
"sig": "@saao/saa17%akk-x-neobab:UD-mu=ūmu[day//day]N'N$ūmu",
"f": {"lang": "akk-x-neobab",
"form": "UD-mu",
"cf": "ūmu",
"gw": "day",
"sense": "day",
"norm": "ūmu",
"pos": "N",
"epos": "N"}
}
,
{
"node": "l",
"frag": "a-ga-a",
"id": "P238347.l00a6f",
"ref": "P238347.16.8",
"inst": "agâ[this]DP$",
"sig": "@saao/saa17%akk-x-neobab:a-ga-a=agâ[this//this]DP'DP$agâ",
"f": {"lang": "akk-x-neobab",
"form": "a-ga-a",
"cf": "agâ",
"gw": "this",
"sense": "this",
"norm": "agâ",
"pos": "DP",
"epos": "DP"}
}
,
{
"node": "d",
"type": "line-start",
"ref": "P238347.17",
"n": "15'",
"label": "o 15'"}
,
{
"node": "l",
"frag": "[x]",
"id": "P238347.l00a70",
"ref": "P238347.17.1",
"inst": "u",
"f": {"lang": "akk-x-neobab",
"form": "x",
"pos": "u"}
}
,
{
"node": "l",
"frag": "TIN.⸢TIR⸣{[ki}",
"id": "P238347.l00a71",
"ref": "P238347.17.2",
"inst": "Babili[Babylon]GN",
"sig": "@saao/saa17%akk-x-neobab:TIN.TIR{KI}=Babili[Babylon//Babylon]GN'GN$Babili",
"f": {"lang": "akk-x-neobab",
"form": "TIN.TIR{KI}",
"cf": "Babili",
"gw": "Babylon",
"sense": "Babylon",
"norm": "Babili",
"pos": "GN",
"epos": "GN"}
}
,
{
"node": "l",
"frag": "x",
"id": "P238347.l00a72",
"ref": "P238347.17.3",
"inst": "u",
"f": {"lang": "akk-x-neobab",
"form": "x",
"pos": "u"}
}
,
{
"node": "l",
"frag": "x",
"id": "P238347.l00a73",
"ref": "P238347.17.4",
"inst": "u",
"f": {"lang": "akk-x-neobab",
"form": "x",
"pos": "u"}
}
,
{
"node": "l",
"frag": "x",
"id": "P238347.l00a74",
"ref": "P238347.17.5",
"inst": "u",
"f": {"lang": "akk-x-neobab",
"form": "x",
"pos": "u"}
}
,
{
"node": "l",
"frag": "x]-ha-ri",
"id": "P238347.l00a75",
"ref": "P238347.17.6",
"inst": "u",
"f": {"lang": "akk-x-neobab",
"form": "x-ha-ri",
"pos": "u"}
}
,
{
"node": "l",
"frag": "gab-bi",
"id": "P238347.l00a76",
"ref": "P238347.17.7",
"inst": "gabbi[all]N",
"sig": "@saao/saa17%akk-x-neobab:gab-bi=gabbu[totality//all]N'N$gabbi",
"f": {"lang": "akk-x-neobab",
"form": "gab-bi",
"cf": "gabbu",
"gw": "totality",
"sense": "all",
"norm": "gabbi",
"pos": "N",
"epos": "N"}
}
,
{
"node": "d",
"type": "line-start",
"ref": "P238347.18",
"n": "16'",
"label": "o 16'"}
,
{
"node": "l",
"frag": "[x]+⸢x",
"id": "P238347.l00a77",
"ref": "P238347.18.1",
"inst": "u",
"f": {"lang": "akk-x-neobab",
"form": "x+x",
"pos": "u"}
}
,
{
"node": "l",
"frag": "x⸣+[x",
"id": "P238347.l00a78",
"ref": "P238347.18.2",
"inst": "u",
"f": {"lang": "akk-x-neobab",
"form": "x+x",
"pos": "u"}
}
,
{
"node": "l",
"frag": "x",
"id": "P238347.l00a79",
"ref": "P238347.18.3",
"inst": "u",
"f": {"lang": "akk-x-neobab",
"form": "x",
"pos": "u"}
}
,
{
"node": "l",
"frag": "x",
"id": "P238347.l00a7a",
"ref": "P238347.18.4",
"inst": "u",
"f": {"lang": "akk-x-neobab",
"form": "x",
"pos": "u"}
}
,
{
"node": "l",
"frag": "x]-⸢pi⸣",
"id": "P238347.l00a7b",
"ref": "P238347.18.5",
"inst": "u",
"f": {"lang": "akk-x-neobab",
"form": "x-pi",
"pos": "u"}
}
,
{
"node": "l",
"frag": "a-ga-a",
"id": "P238347.l00a7c",
"ref": "P238347.18.6",
"inst": "agâ[this]DP",
"sig": "@saao/saa17%akk-x-neobab:a-ga-a=agâ[this//this]DP'DP$agâ",
"f": {"lang": "akk-x-neobab",
"form": "a-ga-a",
"cf": "agâ",
"gw": "this",
"sense": "this",
"norm": "agâ",
"pos": "DP",
"epos": "DP"}
}
,
{
"node": "l",
"frag": "ša₂",
"id": "P238347.l00a7d",
"ref": "P238347.18.7",
"inst": "ša[that//which]REL$",
"sig": "@saao/saa17%akk-x-neobab:ša₂=ša[that//which]REL'REL$ša",
"f": {"lang": "akk-x-neobab",
"form": "ša₂",
"cf": "ša",
"gw": "that",
"sense": "which",
"norm": "ša",
"pos": "REL",
"epos": "REL"}
}
,
{
"node": "l",
"frag": "iš-šak-nu",
"id": "P238347.l00a7e",
"ref": "P238347.18.8",
"inst": "šakānu[put//place]V$iššaknū",
"sig": "@saao/saa17%akk-x-neobab:iš-šak-nu=šakānu[put//place]V'V$iššaknū",
"f": {"lang": "akk-x-neobab",
"form": "iš-šak-nu",
"cf": "šakānu",
"gw": "put",
"sense": "place",
"norm": "iššaknū",
"pos": "V",
"epos": "V"}
}
,
{
"node": "d",
"type": "line-start",
"ref": "P238347.19",
"n": "17'",
"label": "o 17'"}
,
{
"node": "l",
"frag": "[x",
"id": "P238347.l00a7f",
"ref": "P238347.19.1",
"inst": "u",
"f": {"lang": "akk-x-neobab",
"form": "x",
"pos": "u"}
}
,
{
"node": "l",
"frag": "x",
"id": "P238347.l00a80",
"ref": "P238347.19.2",
"inst": "u",
"f": {"lang": "akk-x-neobab",
"form": "x",
"pos": "u"}
}
,
{
"node": "l",
"frag": "x",
"id": "P238347.l00a81",
"ref": "P238347.19.3",
"inst": "u",
"f": {"lang": "akk-x-neobab",
"form": "x",
"pos": "u"}
}
,
{
"node": "l",
"frag": "x",
"id": "P238347.l00a82",
"ref": "P238347.19.4",
"inst": "u",
"f": {"lang": "akk-x-neobab",
"form": "x",
"pos": "u"}
}
,
{
"node": "l",
"frag": "x",
"id": "P238347.l00a83",
"ref": "P238347.19.5",
"inst": "u",
"f": {"lang": "akk-x-neobab",
"form": "x",
"pos": "u"}
}
,
{
"node": "l",
"frag": "x",
"id": "P238347.l00a84",
"ref": "P238347.19.6",
"inst": "u",
"f": {"lang": "akk-x-neobab",
"form": "x",
"pos": "u"}
}
,
{
"node": "l",
"frag": "x",
"id": "P238347.l00a85",
"ref": "P238347.19.7",
"inst": "u",
"f": {"lang": "akk-x-neobab",
"form": "x",
"pos": "u"}
}
,
{
"node": "l",
"frag": "x]",
"id": "P238347.l00a86",
"ref": "P238347.19.8",
"inst": "u",
"f": {"lang": "akk-x-neobab",
"form": "x",
"pos": "u"}
}
,
{
"node": "l",
"frag": "le-mun",
"id": "P238347.l00a87",
"ref": "P238347.19.9",
"inst": "lemnu[bad//evil]AJ$lemun",
"sig": "@saao/saa17%akk-x-neobab:le-mun=lemnu[bad//evil]AJ'AJ$lemun",
"f": {"lang": "akk-x-neobab",
"form": "le-mun",
"cf": "lemnu",
"gw": "bad",
"sense": "evil",
"norm": "lemun",
"pos": "AJ",
"epos": "AJ"}
}
,
{
"node": "d",
"type": "line-start",
"ref": "P238347.20",
"n": "18'",
"label": "o 18'"}
,
{
"node": "l",
"frag": "[x",
"id": "P238347.l00a88",
"ref": "P238347.20.1",
"inst": "u",
"f": {"lang": "akk-x-neobab",
"form": "x",
"pos": "u"}
}
,
{
"node": "l",
"frag": "x",
"id": "P238347.l00a89",
"ref": "P238347.20.2",
"inst": "u",
"f": {"lang": "akk-x-neobab",
"form": "x",
"pos": "u"}
}
,
{
"node": "l",
"frag": "x",
"id": "P238347.l00a8a",
"ref": "P238347.20.3",
"inst": "u",
"f": {"lang": "akk-x-neobab",
"form": "x",
"pos": "u"}
}
,
{
"node": "l",
"frag": "x]-mi",
"id": "P238347.l00a8b",
"ref": "P238347.20.4",
"inst": "u",
"f": {"lang": "akk-x-neobab",
"form": "x-mi",
"pos": "u"}
}
,
{
"node": "l",
"frag": "um-ma",
"id": "P238347.l00a8c",
"ref": "P238347.20.5",
"inst": "umma[saying]PRP",
"sig": "@saao/saa17%akk-x-neobab:um-ma=umma[saying//saying]PRP'PRP$umma",
"f": {"lang": "akk-x-neobab",
"form": "um-ma",
"cf": "umma",
"gw": "saying",
"sense": "saying",
"norm": "umma",
"pos": "PRP",
"epos": "PRP"}
}
,
{
"node": "l",
"frag": "a-na",
"id": "P238347.l00a8d",
"ref": "P238347.20.6",
"inst": "ana[to]PRP",
"sig": "@saao/saa17%akk-x-neobab:a-na=ana[to//to]PRP'PRP$ana",
"f": {"lang": "akk-x-neobab",
"form": "a-na",
"cf": "ana",
"gw": "to",
"sense": "to",
"norm": "ana",
"pos": "PRP",
"epos": "PRP"}
}
,
{
"node": "l",
"frag": "LUGAL",
"id": "P238347.l00a8e",
"ref": "P238347.20.7",
"inst": "šarri[king]N",
"sig": "@saao/saa17%akk-x-neobab:LUGAL=šarru[king//king]N'N$šarri",
"f": {"lang": "akk-x-neobab",
"form": "LUGAL",
"cf": "šarru",
"gw": "king",
"sense": "king",
"norm": "šarri",
"pos": "N",
"epos": "N"}
}
,
{
"node": "l",
"frag": "be-li₂-ia₂",
"id": "P238347.l00a8f",
"ref": "P238347.20.8",
"inst": "bēlīya[lord]N",
"sig": "@saao/saa17%akk-x-neobab:be-li₂-ia₂=bēlu[lord//lord]N'N$bēlīya",
"f": {"lang": "akk-x-neobab",
"form": "be-li₂-ia₂",
"cf": "bēlu",
"gw": "lord",
"sense": "lord",
"norm": "bēlīya",
"pos": "N",
"epos": "N"}
}
,
{
"node": "l",
"frag": "lu-še-bi-la",
"id": "P238347.l00a90",
"ref": "P238347.20.9",
"inst": "lušēbila[send]V",
"sig": "@saao/saa17%akk-x-neobab:lu-še-bi-la=wabālu[bring//send]V'V$lušēbila",
"f": {"lang": "akk-x-neobab",
"form": "lu-še-bi-la",
"cf": "wabālu",
"gw": "bring",
"sense": "send",
"norm": "lušēbila",
"pos": "V",
"epos": "V"}
}
,
{
"node": "d",
"type": "line-start",
"ref": "P238347.21",
"n": "19'",
"label": "o 19'"}
,
{
"node": "l",
"frag": "[ki-i]",
"id": "P238347.l00a91",
"ref": "P238347.21.1",
"inst": "kî[if]PRP'MOD",
"sig": "@saao/saa17%akk-x-neobab:ki-i=kī[like//if]PRP'MOD$kî",
"f": {"lang": "akk-x-neobab",
"form": "ki-i",
"cf": "kī",
"gw": "like",
"sense": "if",
"norm": "kî",
"pos": "PRP",
"epos": "MOD"}
}
,
{
"node": "l",
"frag": "⸢ṭe₃⸣-e-ma",
"id": "P238347.l00a92",
"ref": "P238347.21.2",
"inst": "ṭēmu[(fore)thought//report]N$ṭēmā",
"sig": "@saao/saa17%akk-x-neobab:ṭe₃-e-ma=ṭēmu[(fore)thought//report]N'N$ṭēmā",
"f": {"lang": "akk-x-neobab",
"form": "ṭe₃-e-ma",
"cf": "ṭēmu",
"gw": "(fore)thought",
"sense": "report",
"norm": "ṭēmā",
"pos": "N",
"epos": "N"}
}
,
{
"node": "l",
"frag": "pa-an",
"id": "P238347.l00a93",
"ref": "P238347.21.3",
"inst": "pānu[front//before]N'PRP$pān",
"sig": "@saao/saa17%akk-x-neobab:pa-an=pānu[front//before]N'PRP$pān",
"f": {"lang": "akk-x-neobab",
"form": "pa-an",
"cf": "pānu",
"gw": "front",
"sense": "before",
"norm": "pān",
"pos": "N",
"epos": "PRP"}
}
,
{
"node": "l",
"frag": "LUGAL",
"id": "P238347.l00a94",
"ref": "P238347.21.4",
"inst": "šarri[king]N",
"sig": "@saao/saa17%akk-x-neobab:LUGAL=šarru[king//king]N'N$šarri",
"f": {"lang": "akk-x-neobab",
"form": "LUGAL",
"cf": "šarru",
"gw": "king",
"sense": "king",
"norm": "šarri",
"pos": "N",
"epos": "N"}
}
,
{
"node": "l",
"frag": "ul",
"id": "P238347.l00a95",
"ref": "P238347.21.5",
"inst": "ul[not]MOD",
"sig": "@saao/saa17%akk-x-neobab:ul=ul[not//not]MOD'MOD$ul",
"f": {"lang": "akk-x-neobab",
"form": "ul",
"cf": "ul",
"gw": "not",
"sense": "not",
"norm": "ul",
"pos": "MOD",
"epos": "MOD"}
}
,
{
"node": "l",
"frag": "i-mah-har",
"id": "P238347.l00a96",
"ref": "P238347.21.6",
"inst": "mahāru[face//accept]V$imahhar",
"sig": "@saao/saa17%akk-x-neobab:i-mah-har=mahāru[face//accept]V'V$imahhar",
"f": {"lang": "akk-x-neobab",
"form": "i-mah-har",
"cf": "mahāru",
"gw": "face",
"sense": "accept",
"norm": "imahhar",
"pos": "V",
"epos": "V"}
}
,
{
"node": "d",
"type": "line-start",
"ref": "P238347.22",
"n": "20'",
"label": "o 20'"}
,
{
"node": "l",
"frag": "[a-ki]",
"id": "P238347.l00a97",
"ref": "P238347.22.1",
"inst": "akī[as, like//in accordance with]PRP$",
"sig": "@saao/saa17%akk-x-neobab:a-ki=akī[as, like//in accordance with]PRP'PRP$akī",
"f": {"lang": "akk-x-neobab",
"form": "a-ki",
"cf": "akī",
"gw": "as, like",
"sense": "in accordance with",
"norm": "akī",
"pos": "PRP",
"epos": "PRP"}
}
,
{
"node": "l",
"frag": "ša₂",
"id": "P238347.l00a98",
"ref": "P238347.22.2",
"inst": "ša[that//what]REL$",
"sig": "@saao/saa17%akk-x-neobab:ša₂=ša[that//what]REL'REL$ša",
"f": {"lang": "akk-x-neobab",
"form": "ša₂",
"cf": "ša",
"gw": "that",
"sense": "what",
"norm": "ša",
"pos": "REL",
"epos": "REL"}
}
,
{
"node": "l",
"frag": "pa-an",
"id": "P238347.l00a99",
"ref": "P238347.22.3",
"inst": "pānu[front//before]N'PRP$pān",
"sig": "@saao/saa17%akk-x-neobab:pa-an=pānu[front//before]N'PRP$pān",
"f": {"lang": "akk-x-neobab",
"form": "pa-an",
"cf": "pānu",
"gw": "front",
"sense": "before",
"norm": "pān",
"pos": "N",
"epos": "PRP"}
}
,
{
"node": "l",
"frag": "LUGAL",
"id": "P238347.l00a9a",
"ref": "P238347.22.4",
"inst": "šarri[king]N",
"sig": "@saao/saa17%akk-x-neobab:LUGAL=šarru[king//king]N'N$šarri",
"f": {"lang": "akk-x-neobab",
"form": "LUGAL",
"cf": "šarru",
"gw": "king",
"sense": "king",
"norm": "šarri",
"pos": "N",
"epos": "N"}
}
,
{
"node": "l",
"frag": "mah-ru",
"id": "P238347.l00a9b",
"ref": "P238347.22.5",
"inst": "mahru[received//acceptable]AJ$",
"sig": "@saao/saa17%akk-x-neobab:mah-ru=mahru[received//acceptable]AJ'AJ$mahru",
"f": {"lang": "akk-x-neobab",
"form": "mah-ru",
"cf": "mahru",
"gw": "received",
"sense": "acceptable",
"norm": "mahru",
"pos": "AJ",
"epos": "AJ"}
}
,
{
"node": "l",
"frag": "lu-še-bi-la",
"id": "P238347.l00a9c",
"ref": "P238347.22.6",
"inst": "lušēbila[send]V",
"sig": "@saao/saa17%akk-x-neobab:lu-še-bi-la=wabālu[bring//send]V'V$lušēbila",
"f": {"lang": "akk-x-neobab",
"form": "lu-še-bi-la",
"cf": "wabālu",
"gw": "bring",
"sense": "send",
"norm": "lušēbila",
"pos": "V",
"epos": "V"}
}
,
{
"node": "d",
"type": "line-start",
"ref": "P238347.23",
"n": "21'",
"label": "o 21'"}
,
{
"node": "l",
"frag": "[a-ki]-i",
"id": "P238347.l00a9d",
"ref": "P238347.23.1",
"inst": "akī[as, like//as]PRP'SBJ$",
"sig": "@saao/saa17%akk-x-neobab:a-ki-i=akī[as, like//as]PRP'SBJ$akī",
"f": {"lang": "akk-x-neobab",
"form": "a-ki-i",
"cf": "akī",
"gw": "as, like",
"sense": "as",
"norm": "akī",
"pos": "PRP",
"epos": "SBJ"}
}
,
{
"node": "l",
"frag": "niš-mu-u₂",
"id": "P238347.l00a9e",
"ref": "P238347.23.2",
"inst": "šemû[hear]V$nišmû",
"sig": "@saao/saa17%akk-x-neobab:niš-mu-u₂=šemû[hear//hear]V'V$nišmû",
"f": {"lang": "akk-x-neobab",
"form": "niš-mu-u₂",
"cf": "šemû",
"gw": "hear",
"sense": "hear",
"norm": "nišmû",
"pos": "V",
"epos": "V"}
}
,
{
"node": "l",
"frag": "{lu₂}GAL-MEŠ",
"id": "P238347.l00a9f",
"ref": "P238347.23.3",
"inst": "rabû[big one//magnate]N$rabûti",
"sig": "@saao/saa17%akk-x-neobab:{LU₂}GAL-MEŠ=rabû[big one//magnate]N'N$rabûti",
"f": {"lang": "akk-x-neobab",
"form": "{LU₂}GAL-MEŠ",
"cf": "rabû",
"gw": "big one",
"sense": "magnate",
"norm": "rabûti",
"pos": "N",
"epos": "N"}
}
,
{
"node": "l",
"frag": "ša₂",
"id": "P238347.l00aa0",
"ref": "P238347.23.4",
"inst": "ša[of]DET",
"sig": "@saao/saa17%akk-x-neobab:ša₂=ša[of//of]DET'DET$ša",
"f": {"lang": "akk-x-neobab",
"form": "ša₂",
"cf": "ša",
"gw": "of",
"sense": "of",
"norm": "ša",
"pos": "DET",
"epos": "DET"}
}
,
{
"node": "l",
"frag": "LUGAL",
"id": "P238347.l00aa1",
"ref": "P238347.23.5",
"inst": "šarri[king]N",
"sig": "@saao/saa17%akk-x-neobab:LUGAL=šarru[king//king]N'N$šarri",
"f": {"lang": "akk-x-neobab",
"form": "LUGAL",
"cf": "šarru",
"gw": "king",
"sense": "king",
"norm": "šarri",
"pos": "N",
"epos": "N"}
}
,
{
"node": "l",
"frag": "a-na",
"id": "P238347.l00aa2",
"ref": "P238347.23.6",
"inst": "ana[to]PRP",
"sig": "@saao/saa17%akk-x-neobab:a-na=ana[to//to]PRP'PRP$ana",
"f": {"lang": "akk-x-neobab",
"form": "a-na",
"cf": "ana",
"gw": "to",
"sense": "to",
"norm": "ana",
"pos": "PRP",
"epos": "PRP"}
}
,
{
"node": "l",
"frag": "LUGAL",
"id": "P238347.l00aa3",
"ref": "P238347.23.7",
"inst": "šarri[king]N",
"sig": "@saao/saa17%akk-x-neobab:LUGAL=šarru[king//king]N'N$šarri",
"f": {"lang": "akk-x-neobab",
"form": "LUGAL",
"cf": "šarru",
"gw": "king",
"sense": "king",
"norm": "šarri",
"pos": "N",
"epos": "N"}
}
,
{
"node": "l",
"frag": "be-li₂-ia₂",
"id": "P238347.l00aa4",
"ref": "P238347.23.8",
"inst": "bēlīya[lord]N",
"sig": "@saao/saa17%akk-x-neobab:be-li₂-ia₂=bēlu[lord//lord]N'N$bēlīya",
"f": {"lang": "akk-x-neobab",
"form": "be-li₂-ia₂",
"cf": "bēlu",
"gw": "lord",
"sense": "lord",
"norm": "bēlīya",
"pos": "N",
"epos": "N"}
}
,
{
"node": "d",
"type": "line-start",
"ref": "P238347.24",
"n": "22'",
"label": "o 22'"}
,
{
"node": "l",
"frag": "[i]-⸢qab⸣-bu-u₂",
"id": "P238347.l00aa5",
"ref": "P238347.24.1",
"inst": "qabû[say]V$iqabbû",
"sig": "@saao/saa17%akk-x-neobab:i-qab-bu-u₂=qabû[say//say]V'V$iqabbû",
"f": {"lang": "akk-x-neobab",
"form": "i-qab-bu-u₂",
"cf": "qabû",
"gw": "say",
"sense": "say",
"norm": "iqabbû",
"pos": "V",
"epos": "V"}
}
,
{
"node": "l",
"frag": "um-ma",
"id": "P238347.l00aa6",
"ref": "P238347.24.2",
"inst": "umma[saying]PRP",
"sig": "@saao/saa17%akk-x-neobab:um-ma=umma[saying//saying]PRP'PRP$umma",
"f": {"lang": "akk-x-neobab",
"form": "um-ma",
"cf": "umma",
"gw": "saying",
"sense": "saying",
"norm": "umma",
"pos": "PRP",
"epos": "PRP"}
}
,
{
"node": "l",
"frag": "a-na",
"id": "P238347.l00aa7",
"ref": "P238347.24.3",
"inst": "ana[to]PRP",
"sig": "@saao/saa17%akk-x-neobab:a-na=ana[to//to]PRP'PRP$ana",
"f": {"lang": "akk-x-neobab",
"form": "a-na",
"cf": "ana",
"gw": "to",
"sense": "to",
"norm": "ana",
"pos": "PRP",
"epos": "PRP"}
}
,
{
"node": "l",
"frag": "TIN.TIR{ki}",
"id": "P238347.l00aa8",
"ref": "P238347.24.4",
"inst": "Babili[Babylon]GN",
"sig": "@saao/saa17%akk-x-neobab:TIN.TIR{KI}=Babili[Babylon//Babylon]GN'GN$Babili",
"f": {"lang": "akk-x-neobab",
"form": "TIN.TIR{KI}",
"cf": "Babili",
"gw": "Babylon",
"sense": "Babylon",
"norm": "Babili",
"pos": "GN",
"epos": "GN"}
}
,
{
"node": "d",
"subtype": "bottom",
"type": "surface",
"ref": "P238347.b.e..25",
"type": "bottom",
"label": "b.e."}
,
{
"node": "d",
"type": "line-start",
"ref": "P238347.26",
"n": "23'",
"label": "b.e. 23'"}
,
{
"node": "l",
"frag": "[o]",
"id": "P238347.l00aa9",
"ref": "P238347.26.1",
"inst": "u",
"f": {"lang": "akk-x-neobab",
"form": "o",
"pos": "u"}
}
,
{
"node": "l",
"frag": "la",
"id": "P238347.l00aaa",
"ref": "P238347.26.2",
"inst": "lā[not]MOD",
"sig": "@saao/saa17%akk-x-neobab:la=lā[not//not]MOD'MOD$lā",
"f": {"lang": "akk-x-neobab",
"form": "la",
"cf": "lā",
"gw": "not",
"sense": "not",
"norm": "lā",
"pos": "MOD",
"epos": "MOD"}
}
,
{
"node": "l",
"frag": "il-lak",
"id": "P238347.l00aab",
"ref": "P238347.26.3",
"inst": "illak[go]V",
"sig": "@saao/saa17%akk-x-neobab:il-lak=alāku[go//go]V'V$illak",
"f": {"lang": "akk-x-neobab",
"form": "il-lak",
"cf": "alāku",
"gw": "go",
"sense": "go",
"norm": "illak",
"pos": "V",
"epos": "V"}
}
,
{
"node": "d",
"type": "line-start",
"ref": "P238347.27",
"n": "24'",
"label": "b.e. 24'"}
,
{
"node": "l",
"frag": "[o]",
"id": "P238347.l00aac",
"ref": "P238347.27.1",
"inst": "u",
"f": {"lang": "akk-x-neobab",
"form": "o",
"pos": "u"}
}
,
{
"node": "l",
"frag": "{1}{⸢giš}TUKUL-ti⸣-DUMU.UŠ-E₂.ŠAR₂.RA",
"id": "P238347.l00aad",
"ref": "P238347.27.2",
"inst": "Tukulti-apil-Ešarra[Tiglath-pileser III]PN",
"sig": "@saao/saa17%akk-x-neobab:{1}{GIŠ}TUKUL-ti-DUMU.UŠ-E₂.ŠAR₂.RA=Tukulti-apil-Ešarra[Tiglath-pileser III//Tiglath-pileser III]PN'PN$Tukulti-apil-Ešarra",
"f": {"lang": "akk-x-neobab",
"form": "{1}{GIŠ}TUKUL-ti-DUMU.UŠ-E₂.ŠAR₂.RA",
"cf": "Tukulti-apil-Ešarra",
"gw": "Tiglath-pileser III",
"sense": "Tiglath-pileser III",
"norm": "Tukulti-apil-Ešarra",
"pos": "PN",
"epos": "PN"}
}
,
{
"node": "d",
"type": "line-start",
"ref": "P238347.28",
"n": "25'",
"label": "b.e. 25'"}
,
{
"node": "l",
"frag": "[u₃",
"id": "P238347.l00aae",
"ref": "P238347.28.1",
"inst": "u[and]CNJ",
"sig": "@saao/saa17%akk-x-neobab:u₃=u[and//and]CNJ'CNJ$u",
"f": {"lang": "akk-x-neobab",
"form": "u₃",
"cf": "u",
"gw": "and",
"sense": "and",
"norm": "u",
"pos": "CNJ",
"epos": "CNJ"}
}
,
{
"node": "l",
"frag": "{1}DI-ma-nu-SAG].KAL",
"id": "P238347.l00aaf",
"ref": "P238347.28.2",
"inst": "Salmanu-ašared[Shalmaneser V]PN$",
"sig": "@saao/saa17%akk-x-neobab:{1}DI-ma-nu-SAG.KAL=Salmanu-ašared[Shalmaneser V//Shalmaneser V]PN'PN$Salmanu-ašared",
"f": {"lang": "akk-x-neobab",
"form": "{1}DI-ma-nu-SAG.KAL",
"cf": "Salmanu-ašared",
"gw": "Shalmaneser V",
"sense": "Shalmaneser V",
"norm": "Salmanu-ašared",
"pos": "PN",
"epos": "PN"}
}
,
{
"node": "l",
"frag": "ša₂",
"id": "P238347.l00ab0",
"ref": "P238347.28.3",
"inst": "ša[who]REL",
"sig": "@saao/saa17%akk-x-neobab:ša₂=ša[that//who]REL'REL$ša",
"f": {"lang": "akk-x-neobab",
"form": "ša₂",
"cf": "ša",
"gw": "that",
"sense": "who",
"norm": "ša",
"pos": "REL",
"epos": "REL"}
}
,
{
"node": "l",
"frag": "il-li-ku",
"id": "P238347.l00ab1",
"ref": "P238347.28.4",
"inst": "alāku[go]V$illikū",
"sig": "@saao/saa17%akk-x-neobab:il-li-ku=alāku[go//go]V'V$illikū",
"f": {"lang": "akk-x-neobab",
"form": "il-li-ku",
"cf": "alāku",
"gw": "go",
"sense": "go",
"norm": "illikū",
"pos": "V",
"epos": "V"}
}
,
{
"node": "d",
"type": "line-start",
"ref": "P238347.29",
"n": "26'",
"label": "b.e. 26'"}
,
{
"node": "l",
"frag": "[x",
"id": "P238347.l00ab2",
"ref": "P238347.29.1",
"inst": "u",
"f": {"lang": "akk-x-neobab",
"form": "x",
"pos": "u"}
}
,
{
"node": "l",
"frag": "x",
"id": "P238347.l00ab3",
"ref": "P238347.29.2",
"inst": "u",
"f": {"lang": "akk-x-neobab",
"form": "x",
"pos": "u"}
}
,
{
"node": "l",
"frag": "x",
"id": "P238347.l00ab4",
"ref": "P238347.29.3",
"inst": "u",
"f": {"lang": "akk-x-neobab",
"form": "x",
"pos": "u"}
}
,
{
"node": "l",
"frag": "x",
"id": "P238347.l00ab5",
"ref": "P238347.29.4",
"inst": "u",
"f": {"lang": "akk-x-neobab",
"form": "x",
"pos": "u"}
}
,
{
"node": "l",
"frag": "x]",
"id": "P238347.l00ab6",
"ref": "P238347.29.5",
"inst": "u",
"f": {"lang": "akk-x-neobab",
"form": "x",
"pos": "u"}
}
,
{
"node": "l",
"frag": "liš-ši",
"id": "P238347.l00ab7",
"ref": "P238347.29.6",
"inst": "našû[lift//take]V$lišši",
"sig": "@saao/saa17%akk-x-neobab:liš-ši=našû[lift//take]V'V$lišši",
"f": {"lang": "akk-x-neobab",
"form": "liš-ši",
"cf": "našû",
"gw": "lift",
"sense": "take",
"norm": "lišši",
"pos": "V",
"epos": "V"}
}
,
{
"node": "d",
"subtype": "reverse",
"type": "surface",
"ref": "P238347.r.30",
"type": "reverse",
"label": "r"}
,
{
"node": "d",
"type": "line-start",
"ref": "P238347.31",
"n": "1",
"label": "r 1"}
,
{
"node": "l",
"frag": "[x",
"id": "P238347.l00ab8",
"ref": "P238347.31.1",
"inst": "u",
"f": {"lang": "akk-x-neobab",
"form": "x",
"pos": "u"}
}
,
{
"node": "l",
"frag": "x",
"id": "P238347.l00ab9",
"ref": "P238347.31.2",
"inst": "u",
"f": {"lang": "akk-x-neobab",
"form": "x",
"pos": "u"}
}
,
{
"node": "l",
"frag": "x",
"id": "P238347.l00aba",
"ref": "P238347.31.3",
"inst": "u",
"f": {"lang": "akk-x-neobab",
"form": "x",
"pos": "u"}
}
,
{
"node": "l",
"frag": "x",
"id": "P238347.l00abb",
"ref": "P238347.31.4",
"inst": "u",
"f": {"lang": "akk-x-neobab",
"form": "x",
"pos": "u"}
}
,
{
"node": "l",
"frag": "a-na]",
"id": "P238347.l00abc",
"ref": "P238347.31.5",
"inst": "ana[to]PRP$",
"sig": "@saao/saa17%akk-x-neobab:a-na=ana[to//to]PRP'PRP$ana",
"f": {"lang": "akk-x-neobab",
"form": "a-na",
"cf": "ana",
"gw": "to",
"sense": "to",
"norm": "ana",
"pos": "PRP",
"epos": "PRP"}
}
,
{
"node": "l",
"frag": "⸢mi⸣-ni-i",
"id": "P238347.l00abd",
"ref": "P238347.31.6",
"inst": "mīnu[what?]QP$mīnî",
"sig": "@saao/saa17%akk-x-neobab:mi-ni-i=mīnu[what?//what?]QP'QP$mīnî",
"f": {"lang": "akk-x-neobab",
"form": "mi-ni-i",
"cf": "mīnu",
"gw": "what?",
"sense": "what?",
"norm": "mīnî",
"pos": "QP",
"epos": "QP"}
}
,
{
"node": "l",
"frag": "ki-i",
"id": "P238347.l00abe",
"ref": "P238347.31.7",
"inst": "kî[if]PRP'MOD",
"sig": "@saao/saa17%akk-x-neobab:ki-i=kī[like//if]PRP'MOD$kî",
"f": {"lang": "akk-x-neobab",
"form": "ki-i",
"cf": "kī",
"gw": "like",
"sense": "if",
"norm": "kî",
"pos": "PRP",
"epos": "MOD"}
}
,
{
"node": "l",
"frag": "tal-la-ku",
"id": "P238347.l00abf",
"ref": "P238347.31.8",
"inst": "alāku[go]V$tallaku",
"sig": "@saao/saa17%akk-x-neobab:tal-la-ku=alāku[go//go]V'V$tallaku",
"f": {"lang": "akk-x-neobab",
"form": "tal-la-ku",
"cf": "alāku",
"gw": "go",
"sense": "go",
"norm": "tallaku",
"pos": "V",
"epos": "V"}
}
,
{
"node": "d",
"type": "line-start",
"ref": "P238347.32",
"n": "2",
"label": "r 2"}
,
{
"node": "l",
"frag": "[a-na",
"id": "P238347.l00ac0",
"ref": "P238347.32.1",
"inst": "ana[to]PRP",
"sig": "@saao/saa17%akk-x-neobab:a-na=ana[to//to]PRP'PRP$ana",
"f": {"lang": "akk-x-neobab",
"form": "a-na",
"cf": "ana",
"gw": "to",
"sense": "to",
"norm": "ana",
"pos": "PRP",
"epos": "PRP"}
}
,
{
"node": "l",
"frag": "LUGAL",
"id": "P238347.l00ac1",
"ref": "P238347.32.2",
"inst": "šarri[king]N",
"sig": "@saao/saa17%akk-x-neobab:LUGAL=šarru[king//king]N'N$šarri",
"f": {"lang": "akk-x-neobab",
"form": "LUGAL",
"cf": "šarru",
"gw": "king",
"sense": "king",
"norm": "šarri",
"pos": "N",
"epos": "N"}
}
,
{
"node": "l",
"frag": "ša₂",
"id": "P238347.l00ac2",
"ref": "P238347.32.3",
"inst": "ša[who]REL",
"sig": "@saao/saa17%akk-x-neobab:ša₂=ša[that//who]REL'REL$ša",
"f": {"lang": "akk-x-neobab",
"form": "ša₂",
"cf": "ša",
"gw": "that",
"sense": "who",
"norm": "ša",
"pos": "REL",
"epos": "REL"}
}
,
{
"node": "l",
"frag": "šit]-⸢tu⸣-ti",
"id": "P238347.l00ac3",
"ref": "P238347.32.4",
"inst": "šittu[remnant//leftovers]N$šittūti",
"sig": "@saao/saa17%akk-x-neobab:šit-tu-ti=šittu[remnant//leftovers]N'N$šittūti",
"f": {"lang": "akk-x-neobab",
"form": "šit-tu-ti",
"cf": "šittu",
"gw": "remnant",
"sense": "leftovers",
"norm": "šittūti",
"pos": "N",
"epos": "N"}
}
,
{
"node": "l",
"frag": "i-šu-u₂",
"id": "P238347.l00ac4",
"ref": "P238347.32.5",
"inst": "išû[have]V$",
"sig": "@saao/saa17%akk-x-neobab:i-šu-u₂=išû[have//have]V'V$išû",
"f": {"lang": "akk-x-neobab",
"form": "i-šu-u₂",
"cf": "išû",
"gw": "have",
"sense": "have",
"norm": "išû",
"pos": "V",
"epos": "V"}
}
,
{
"node": "d",
"type": "line-start",
"ref": "P238347.33",
"n": "3",
"label": "r 3"}
,
{
"node": "l",
"frag": "[x",
"id": "P238347.l00ac5",
"ref": "P238347.33.1",
"inst": "u",
"f": {"lang": "akk-x-neobab",
"form": "x",
"pos": "u"}
}
,
{
"node": "l",
"frag": "x]",
"id": "P238347.l00ac6",
"ref": "P238347.33.2",
"inst": "u",
"f": {"lang": "akk-x-neobab",
"form": "x",
"pos": "u"}
}
,
{
"node": "l",
"frag": "⸢E₂.SAG⸣.IL₂",
"id": "P238347.l00ac7",
"ref": "P238347.33.3",
"inst": "Esaggil[1]TN",
"sig": "@saao/saa17%akk-x-neobab:E₂.SAG.IL₂=Esaggil[1//1]TN'TN$Esaggil",
"f": {"lang": "akk-x-neobab",
"form": "E₂.SAG.IL₂",
"cf": "Esaggil",
"gw": "1",
"sense": "1",
"norm": "Esaggil",
"pos": "TN",
"epos": "TN"}
}
,
{
"node": "l",
"frag": "TIN.TIR{ki}",
"id": "P238347.l00ac8",
"ref": "P238347.33.4",
"inst": "Babili[Babylon]GN",
"sig": "@saao/saa17%akk-x-neobab:TIN.TIR{KI}=Babili[Babylon//Babylon]GN'GN$Babili",
"f": {"lang": "akk-x-neobab",
"form": "TIN.TIR{KI}",
"cf": "Babili",
"gw": "Babylon",
"sense": "Babylon",
"norm": "Babili",
"pos": "GN",
"epos": "GN"}
}
,
{
"node": "l",
"frag": "ša₂",
"id": "P238347.l00ac9",
"ref": "P238347.33.5",
"inst": "ša[of]DET",
"sig": "@saao/saa17%akk-x-neobab:ša₂=ša[of//of]DET'DET$ša",
"f": {"lang": "akk-x-neobab",
"form": "ša₂",
"cf": "ša",
"gw": "of",
"sense": "of",
"norm": "ša",
"pos": "DET",
"epos": "DET"}
}
,
{
"node": "l",
"frag": "ša₂-lam",
"id": "P238347.l00aca",
"ref": "P238347.33.6",
"inst": "salāmu[be(come) at peace//peace]V'N$šalām",
"sig": "@saao/saa17%akk-x-neobab:ša₂-lam=salāmu[be(come) at peace//peace]V'N$šalām",
"f": {"lang": "akk-x-neobab",
"form": "ša₂-lam",
"cf": "salāmu",
"gw": "be(come) at peace",
"sense": "peace",
"norm": "šalām",
"pos": "V",
"epos": "N"}
}
,
{
"node": "d",
"type": "line-start",
"ref": "P238347.34",
"n": "4",
"label": "r 4"}
,
{
"node": "l",
"frag": "[x",
"id": "P238347.l00acb",
"ref": "P238347.34.1",
"inst": "u",
"f": {"lang": "akk-x-neobab",
"form": "x",
"pos": "u"}
}
,
{
"node": "l",
"frag": "x]{ki}",
"id": "P238347.l00acc",
"ref": "P238347.34.2",
"inst": "u",
"f": {"lang": "akk-x-neobab",
"form": "x{KI}",
"pos": "u"}
}
,
{
"node": "l",
"frag": "ip-pu-šu₂",
"id": "P238347.l00acd",
"ref": "P238347.34.3",
"inst": "epēšu[do]V$ippušu",
"sig": "@saao/saa17%akk-x-neobab:ip-pu-šu₂=epēšu[do//do]V'V$ippušu",
"f": {"lang": "akk-x-neobab",
"form": "ip-pu-šu₂",
"cf": "epēšu",
"gw": "do",
"sense": "do",
"norm": "ippušu",
"pos": "V",
"epos": "V"}
}
,
{
"node": "l",
"frag": "ki-di-nu",
"id": "P238347.l00ace",
"ref": "P238347.34.4",
"inst": "kidinnu[protection]N$",
"sig": "@saao/saa17%akk-x-neobab:ki-di-nu=kidinnu[protection//protection]N'N$kidinnu",
"f": {"lang": "akk-x-neobab",
"form": "ki-di-nu",
"cf": "kidinnu",
"gw": "protection",
"sense": "protection",
"norm": "kidinnu",
"pos": "N",
"epos": "N"}
}
,
{
"node": "l",
"frag": "i-kaṣ₃-ṣa-ru",
"id": "P238347.l00acf",
"ref": "P238347.34.5",
"inst": "+kaṣāru[tie//organize]V'V$ikaṣṣaru",
"sig": "@saao/saa17%akk-x-neobab:i-kaṣ₃-ṣa-ru=kaṣāru[tie//organize]V'V$ikaṣṣaru",
"f": {"lang": "akk-x-neobab",
"form": "i-kaṣ₃-ṣa-ru",
"cf": "kaṣāru",
"gw": "tie",
"sense": "organize",
"norm": "ikaṣṣaru",
"pos": "V",
"epos": "V"}
}
,
{
"node": "d",
"type": "line-start",
"ref": "P238347.35",
"n": "5",
"label": "r 5"}
,
{
"node": "l",
"frag": "[u₃",
"id": "P238347.l00ad0",
"ref": "P238347.35.1",
"inst": "u[and]CNJ",
"sig": "@saao/saa17%akk-x-neobab:u₃=u[and//and]CNJ'CNJ$u",
"f": {"lang": "akk-x-neobab",
"form": "u₃",
"cf": "u",
"gw": "and",
"sense": "and",
"norm": "u",
"pos": "CNJ",
"epos": "CNJ"}
}
,
{
"node": "l",
"frag": "it]-ti",
"id": "P238347.l00ad1",
"ref": "P238347.35.2",
"inst": "itti[with]PRP",
"sig": "@saao/saa17%akk-x-neobab:it-ti=itti[with//with]PRP'PRP$itti",
"f": {"lang": "akk-x-neobab",
"form": "it-ti",
"cf": "itti",
"gw": "with",
"sense": "with",
"norm": "itti",
"pos": "PRP",
"epos": "PRP"}
}
,
{
"node": "l",
"frag": "DUMU-MEŠ-TIN.TIR{ki}",
"id": "P238347.l00ad2",
"ref": "P238347.35.3",
"cof-tails": "P238347.l00ad3",
"inst": "+māru[son]N$mārē&+Babili[Babylon]GN$",
"exosig": "@saao/saa17%akk-x-neobab:DUMU-MEŠ-TIN.TIR{KI}=māru[son//son]N'N$mārē&&@saao/saa17%akk-x-neobab:DUMU-MEŠ-TIN.TIR{KI}=Babili[Babylon//Babylon]GN'GN$Babili",
"f": {"lang": "akk-x-neobab",
"form": "DUMU-MEŠ-TIN.TIR{KI}",
"cf": "māru",
"gw": "son",
"sense": "son",
"norm": "mārē",
"pos": "N",
"epos": "N"}
}
,
{
"node": "l",
"frag": "DUMU-MEŠ-TIN.TIR{ki}",
"id": "P238347.l00ad3",
"ref": "P238347.35.3",
"cof-head": "P238347.l00ad2",
"inst": "+māru[son]N$mārē&+Babili[Babylon]GN$",
"f": {"lang": "akk-x-neobab",
"form": "DUMU-MEŠ-TIN.TIR{KI}",
"cf": "Babili",
"gw": "Babylon",
"sense": "Babylon",
"norm": "Babili",
"pos": "GN",
"epos": "GN"}
}
,
{
"node": "l",
"frag": "u₂-šal-la-mu",
"id": "P238347.l00ad4",
"ref": "P238347.35.4",
"inst": "šalāmu[be(come) healthy//complete]V$ušallamu",
"sig": "@saao/saa17%akk-x-neobab:u₂-šal-la-mu=šalāmu[be(come) healthy//complete]V'V$ušallamu",
"f": {"lang": "akk-x-neobab",
"form": "u₂-šal-la-mu",
"cf": "šalāmu",
"gw": "be(come) healthy",
"sense": "complete",
"norm": "ušallamu",
"pos": "V",
"epos": "V"}
}
,
{
"node": "d",
"type": "line-start",
"ref": "P238347.36",
"n": "6",
"label": "r 6"}
,
{
"node": "l",
"frag": "[u₃",
"id": "P238347.l00ad5",
"ref": "P238347.36.1",
"inst": "u[and]CNJ",
"sig": "@saao/saa17%akk-x-neobab:u₃=u[and//and]CNJ'CNJ$u",
"f": {"lang": "akk-x-neobab",
"form": "u₃",
"cf": "u",
"gw": "and",
"sense": "and",
"norm": "u",
"pos": "CNJ",
"epos": "CNJ"}
}
,
{
"node": "l",
"frag": "NIG₂].GA",
"id": "P238347.l00ad6",
"ref": "P238347.36.2",
"inst": "makkūru[property]N$makkūr",
"sig": "@saao/saa17%akk-x-neobab:NIG₂.GA=makkūru[property//property]N'N$makkūr",
"f": {"lang": "akk-x-neobab",
"form": "NIG₂.GA",
"cf": "makkūru",
"gw": "property",
"sense": "property",
"norm": "makkūr",
"pos": "N",
"epos": "N"}
}
,
{
"node": "l",
"frag": "E₂.SAG.IL₂",
"id": "P238347.l00ad7",
"ref": "P238347.36.3",
"inst": "Esaggil[1]TN",
"sig": "@saao/saa17%akk-x-neobab:E₂.SAG.IL₂=Esaggil[1//1]TN'TN$Esaggil",
"f": {"lang": "akk-x-neobab",
"form": "E₂.SAG.IL₂",
"cf": "Esaggil",
"gw": "1",
"sense": "1",
"norm": "Esaggil",
"pos": "TN",
"epos": "TN"}
}
,
{
"node": "l",
"frag": "u",
"id": "P238347.l00ad8",
"ref": "P238347.36.4",
"inst": "u[and]CNJ",
"sig": "@saao/saa17%akk-x-neobab:u=u[and//and]CNJ'CNJ$u",
"f": {"lang": "akk-x-neobab",
"form": "u",
"cf": "u",
"gw": "and",
"sense": "and",
"norm": "u",
"pos": "CNJ",
"epos": "CNJ"}
}
,
{
"node": "l",
"frag": "E₂.ZI.DA",
"id": "P238347.l00ad9",
"ref": "P238347.36.5",
"inst": "Ezida[Temple of Nabu]TN$",
"sig": "@saao/saa17%akk-x-neobab:E₂.ZI.DA=Ezida[Temple of Nabu//Temple of Nabu]TN'TN$Ezida",
"f": {"lang": "akk-x-neobab",
"form": "E₂.ZI.DA",
"cf": "Ezida",
"gw": "Temple of Nabu",
"sense": "Temple of Nabu",
"norm": "Ezida",
"pos": "TN",
"epos": "TN"}
}
,
{
"node": "d",
"type": "line-start",
"ref": "P238347.37",
"n": "7",
"label": "r 7"}
,
{
"node": "l",
"frag": "[i-kaṣ₃]-ṣa-ru",
"id": "P238347.l00ada",
"ref": "P238347.37.1",
"inst": "ikaṣṣaru[organize]V",
"sig": "@saao/saa17%akk-x-neobab:i-kaṣ₃-ṣa-ru=kaṣāru[tie//organize]V'V$ikaṣṣaru",
"f": {"lang": "akk-x-neobab",
"form": "i-kaṣ₃-ṣa-ru",
"cf": "kaṣāru",
"gw": "tie",
"sense": "organize",
"norm": "ikaṣṣaru",
"pos": "V",
"epos": "V"}
}
,
{
"node": "l",
"frag": "{d}EN",
"id": "P238347.l00adb",
"ref": "P238347.37.2",
"inst": "Bel[1]DN",
"sig": "@saao/saa17%akk-x-neobab:{d}EN=Bel[1//1]DN'DN$Bel",
"f": {"lang": "akk-x-neobab",
"form": "{d}EN",
"cf": "Bel",
"gw": "1",
"sense": "1",
"norm": "Bel",
"pos": "DN",
"epos": "DN"}
}
,
{
"node": "l",
"frag": "u",
"id": "P238347.l00adc",
"ref": "P238347.37.3",
"inst": "u[and]CNJ",
"sig": "@saao/saa17%akk-x-neobab:u=u[and//and]CNJ'CNJ$u",
"f": {"lang": "akk-x-neobab",
"form": "u",
"cf": "u",
"gw": "and",
"sense": "and",
"norm": "u",
"pos": "CNJ",
"epos": "CNJ"}
}
,
{
"node": "l",
"frag": "[d].⸢AG⸣",
"id": "P238347.l00add",
"ref": "P238347.37.4",
"inst": "Nabu[1]DN",
"sig": "@saao/saa17%akk-x-neobab:d.AG=Nabu[1//1]DN'DN$Nabu",
"f": {"lang": "akk-x-neobab",
"form": "d.AG",
"cf": "Nabu",
"gw": "1",
"sense": "1",
"norm": "Nabu",
"pos": "DN",
"epos": "DN"}
}
,
{
"node": "l",
"frag": "UD-mu",
"id": "P238347.l00ade",
"ref": "P238347.37.5",
"inst": "ūmu[day]N",
"sig": "@saao/saa17%akk-x-neobab:UD-mu=ūmu[day//day]N'N$ūmu",
"f": {"lang": "akk-x-neobab",
"form": "UD-mu",
"cf": "ūmu",
"gw": "day",
"sense": "day",
"norm": "ūmu",
"pos": "N",
"epos": "N"}
}
,
{
"node": "l",
"frag": "ar₂-ku-ti",
"id": "P238347.l00adf",
"ref": "P238347.37.6",
"inst": "arku[long]AJ$arkūti",
"sig": "@saao/saa17%akk-x-neobab:ar₂-ku-ti=arku[long//long]AJ'AJ$arkūti",
"f": {"lang": "akk-x-neobab",
"form": "ar₂-ku-ti",
"cf": "arku",
"gw": "long",
"sense": "long",
"norm": "arkūti",
"pos": "AJ",
"epos": "AJ"}
}
,
{
"node": "d",
"type": "line-start",
"ref": "P238347.38",
"n": "8",
"label": "r 8"}
,
{
"node": "l",
"frag": "[ṭu-bi",
"id": "P238347.l00ae0",
"ref": "P238347.38.1",
"inst": "ṭūbi[goodness]N",
"sig": "@saao/saa17%akk-x-neobab:ṭu-bi=ṭūbu[goodness//goodness]N'N$ṭūbi",
"f": {"lang": "akk-x-neobab",
"form": "ṭu-bi",
"cf": "ṭūbu",
"gw": "goodness",
"sense": "goodness",
"norm": "ṭūbi",
"pos": "N",
"epos": "N"}
}
,
{
"node": "l",
"frag": "UZU]-MEŠ",
"id": "P238347.l00ae1",
"ref": "P238347.38.2",
"inst": "šīru[flesh]N$šīrē",
"sig": "@saao/saa17%akk-x-neobab:UZU-MEŠ=šīru[flesh//flesh]N'N$šīrē",
"f": {"lang": "akk-x-neobab",
"form": "UZU-MEŠ",
"cf": "šīru",
"gw": "flesh",
"sense": "flesh",
"norm": "šīrē",
"pos": "N",
"epos": "N"}
}
,
{
"node": "l",
"frag": "ṭu-bi",
"id": "P238347.l00ae2",
"ref": "P238347.38.3",
"inst": "ṭūbi[goodness]N",
"sig": "@saao/saa17%akk-x-neobab:ṭu-bi=ṭūbu[goodness//goodness]N'N$ṭūbi",
"f": {"lang": "akk-x-neobab",
"form": "ṭu-bi",
"cf": "ṭūbu",
"gw": "goodness",
"sense": "goodness",
"norm": "ṭūbi",
"pos": "N",
"epos": "N"}
}
,
{
"node": "l",
"frag": "ŠA₃-bi",
"id": "P238347.l00ae3",
"ref": "P238347.38.4",
"inst": "libbu[interior//heart]N$libbi",
"sig": "@saao/saa17%akk-x-neobab:ŠA₃-bi=libbu[interior//heart]N'N$libbi",
"f": {"lang": "akk-x-neobab",
"form": "ŠA₃-bi",
"cf": "libbu",
"gw": "interior",
"sense": "heart",
"norm": "libbi",
"pos": "N",
"epos": "N"}
}
,
{
"node": "l",
"frag": "i-šar-ra-ku",
"id": "P238347.l00ae4",
"ref": "P238347.38.5",
"inst": "šarāku[present//grant]V$išarrakū",
"sig": "@saao/saa17%akk-x-neobab:i-šar-ra-ku=šarāku[present//grant]V'V$išarrakū",
"f": {"lang": "akk-x-neobab",
"form": "i-šar-ra-ku",
"cf": "šarāku",
"gw": "present",
"sense": "grant",
"norm": "išarrakū",
"pos": "V",
"epos": "V"}
}
,
{
"node": "d",
"type": "line-start",
"ref": "P238347.39",
"n": "9",
"label": "r 9"}
,
{
"node": "l",
"frag": "[u₃",
"id": "P238347.l00ae5",
"ref": "P238347.39.1",
"inst": "u[and]CNJ",
"sig": "@saao/saa17%akk-x-neobab:u₃=u[and//and]CNJ'CNJ$u",
"f": {"lang": "akk-x-neobab",
"form": "u₃",
"cf": "u",
"gw": "and",
"sense": "and",
"norm": "u",
"pos": "CNJ",
"epos": "CNJ"}
}
,
{
"node": "l",
"frag": "{1}{d}AMAR.UTU]-⸢DUMU⸣.UŠ-SUM-na",
"id": "P238347.l00ae6",
"ref": "P238347.39.2",
"inst": "Marduk-apla-iddina[Merodach-Baladan]PN",
"sig": "@saao/saa17%akk-x-neobab:{1}{d}AMAR.UTU-DUMU.UŠ-SUM-na=Marduk-apla-iddina[Merodach-Baladan//Merodach-Baladan]PN'PN$Marduk-apla-iddina",
"f": {"lang": "akk-x-neobab",
"form": "{1}{d}AMAR.UTU-DUMU.UŠ-SUM-na",
"cf": "Marduk-apla-iddina",
"gw": "Merodach-Baladan",
"sense": "Merodach-Baladan",
"norm": "Marduk-apla-iddina",
"pos": "PN",
"epos": "PN"}
}
,
{
"node": "l",
"frag": "LUGAL",
"id": "P238347.l00ae7",
"ref": "P238347.39.3",
"inst": "šarru[king]N",
"sig": "@saao/saa17%akk-x-neobab:LUGAL=šarru[king//king]N'N$šarru",
"f": {"lang": "akk-x-neobab",
"form": "LUGAL",
"cf": "šarru",
"gw": "king",
"sense": "king",
"norm": "šarru",
"pos": "N",
"epos": "N"}
}
,
{
"node": "l",
"frag": "u",
"id": "P238347.l00ae8",
"ref": "P238347.39.4",
"inst": "u[and]CNJ",
"sig": "@saao/saa17%akk-x-neobab:u=u[and//and]CNJ'CNJ$u",
"f": {"lang": "akk-x-neobab",
"form": "u",
"cf": "u",
"gw": "and",
"sense": "and",
"norm": "u",
"pos": "CNJ",
"epos": "CNJ"}
}
,
{
"node": "l",
"frag": "{1}za-ki-ru",
"id": "P238347.l00ae9",
"ref": "P238347.39.5",
"inst": "Zakiru[1]PN$",
"sig": "@saao/saa17%akk-x-neobab:{1}za-ki-ru=Zakiru[1//1]PN'PN$Zakiru",
"f": {"lang": "akk-x-neobab",
"form": "{1}za-ki-ru",
"cf": "Zakiru",
"gw": "1",
"sense": "1",
"norm": "Zakiru",
"pos": "PN",
"epos": "PN"}
}
,
{
"node": "l",
"frag": "DUMU-šu₂",
"id": "P238347.l00aea",
"ref": "P238347.39.6",
"inst": "māršu[son]N",
"sig": "@saao/saa17%akk-x-neobab:DUMU-šu₂=māru[son//son]N'N$māršu",
"f": {"lang": "akk-x-neobab",
"form": "DUMU-šu₂",
"cf": "māru",
"gw": "son",
"sense": "son",
"norm": "māršu",
"pos": "N",
"epos": "N"}
}
,
{
"node": "d",
"type": "line-start",
"ref": "P238347.40",
"n": "10",
"label": "r 10"}
,
{
"node": "l",
"frag": "01-en",
"id": "P238347.l00aeb",
"ref": "P238347.40.1",
"inst": "ištēn[one]NU$iltēn",
"sig": "@saao/saa17%akk-x-neobab:01-en=ištēn[one//one]NU'NU$iltēn",
"f": {"lang": "akk-x-neobab",
"form": "01-en",
"cf": "ištēn",
"gw": "one",
"sense": "one",
"norm": "iltēn",
"pos": "NU",
"epos": "NU"}
}
,
{
"node": "l",
"frag": "x",
"id": "P238347.l00aec",
"ref": "P238347.40.2",
"inst": "u",
"f": {"lang": "akk-x-neobab",
"form": "x",
"pos": "u"}
}
,
{
"node": "l",
"frag": "MU.AN].⸢NA⸣-MEŠ",
"id": "P238347.l00aed",
"ref": "P238347.40.3",
"inst": "šanāti[year]N",
"sig": "@saao/saa17%akk-x-neobab:MU.AN.NA-MEŠ=šattu[year//year]N'N$šanāti",
"f": {"lang": "akk-x-neobab",
"form": "MU.AN.NA-MEŠ",
"cf": "šattu",
"gw": "year",
"sense": "year",
"norm": "šanāti",
"pos": "N",
"epos": "N"}
}
,
{
"node": "l",
"frag": "u₃",
"id": "P238347.l00aee",
"ref": "P238347.40.4",
"inst": "u[and]CNJ",
"sig": "@saao/saa17%akk-x-neobab:u₃=u[and//and]CNJ'CNJ$u",
"f": {"lang": "akk-x-neobab",
"form": "u₃",
"cf": "u",
"gw": "and",
"sense": "and",
"norm": "u",
"pos": "CNJ",
"epos": "CNJ"}
}
,
{
"node": "l",
"frag": "ša₂-nu-u₂",
"id": "P238347.l00aef",
"ref": "P238347.40.5",
"inst": "šanû[(an)other]AJ$",
"sig": "@saao/saa17%akk-x-neobab:ša₂-nu-u₂=šanû[(an)other//(an)other]AJ'AJ$šanû",
"f": {"lang": "akk-x-neobab",
"form": "ša₂-nu-u₂",
"cf": "šanû",
"gw": "(an)other",
"sense": "(an)other",
"norm": "šanû",
"pos": "AJ",
"epos": "AJ"}
}
,
{
"node": "l",
"frag": "36",
"id": "P238347.l00af0",
"ref": "P238347.40.6",
"inst": "n",
"f": {"lang": "akk-x-neobab",
"form": "36",
"pos": "n"}
}
,
{
"node": "l",
"frag": "MU.AN.NA-[MEŠ]",
"id": "P238347.l00af1",
"ref": "P238347.40.7",
"inst": "šanāti[year]N",
"sig": "@saao/saa17%akk-x-neobab:MU.AN.NA-MEŠ=šattu[year//year]N'N$šanāti",
"f": {"lang": "akk-x-neobab",
"form": "MU.AN.NA-MEŠ",
"cf": "šattu",
"gw": "year",
"sense": "year",
"norm": "šanāti",
"pos": "N",
"epos": "N"}
}
,
{
"node": "d",
"type": "line-start",
"ref": "P238347.41",
"n": "11",
"label": "r 11"}
,
{
"node": "l",
"frag": "[x",
"id": "P238347.l00af2",
"ref": "P238347.41.1",
"inst": "u",
"f": {"lang": "akk-x-neobab",
"form": "x",
"pos": "u"}
}
,
{
"node": "l",
"frag": "x",
"id": "P238347.l00af3",
"ref": "P238347.41.2",
"inst": "u",
"f": {"lang": "akk-x-neobab",
"form": "x",
"pos": "u"}
}
,
{
"node": "l",
"frag": "x",
"id": "P238347.l00af4",
"ref": "P238347.41.3",
"inst": "u",
"f": {"lang": "akk-x-neobab",
"form": "x",
"pos": "u"}
}
,
{
"node": "l",
"frag": "x",
"id": "P238347.l00af5",
"ref": "P238347.41.4",
"inst": "u",
"f": {"lang": "akk-x-neobab",
"form": "x",
"pos": "u"}
}
,
{
"node": "l",
"frag": "x",
"id": "P238347.l00af6",
"ref": "P238347.41.5",
"inst": "u",
"f": {"lang": "akk-x-neobab",
"form": "x",
"pos": "u"}
}
,
{
"node": "l",
"frag": "x]",
"id": "P238347.l00af7",
"ref": "P238347.41.6",
"inst": "u",
"f": {"lang": "akk-x-neobab",
"form": "x",
"pos": "u"}
}
,
{
"node": "l",
"frag": "TIN.TIR{ki}",
"id": "P238347.l00af8",
"ref": "P238347.41.7",
"inst": "Babili[Babylon]GN",
"sig": "@saao/saa17%akk-x-neobab:TIN.TIR{KI}=Babili[Babylon//Babylon]GN'GN$Babili",
"f": {"lang": "akk-x-neobab",
"form": "TIN.TIR{KI}",
"cf": "Babili",
"gw": "Babylon",
"sense": "Babylon",
"norm": "Babili",
"pos": "GN",
"epos": "GN"}
}
,
{
"node": "l",
"frag": "i-[x",
"id": "P238347.l00af9",
"ref": "P238347.41.8",
"inst": "u",
"f": {"lang": "akk-x-neobab",
"form": "i-x",
"pos": "u"}
}
,
{
"node": "l",
"frag": "x",
"id": "P238347.l00afa",
"ref": "P238347.41.9",
"inst": "u",
"f": {"lang": "akk-x-neobab",
"form": "x",
"pos": "u"}
}
,
{
"node": "l",
"frag": "x]",
"id": "P238347.l00afb",
"ref": "P238347.41.10",
"inst": "u",
"f": {"lang": "akk-x-neobab",
"form": "x",
"pos": "u"}
}
,
{
"node": "d",
"type": "line-start",
"ref": "P238347.42",
"n": "12",
"label": "r 12"}
,
{
"node": "l",
"frag": "[x",
"id": "P238347.l00afc",
"ref": "P238347.42.1",
"inst": "u",
"f": {"lang": "akk-x-neobab",
"form": "x",
"pos": "u"}
}
,
{
"node": "l",
"frag": "x]+⸢x⸣",
"id": "P238347.l00afd",
"ref": "P238347.42.2",
"inst": "u",
"f": {"lang": "akk-x-neobab",
"form": "x+x",
"pos": "u"}
}
,
{
"node": "l",
"frag": "mim-ma",
"id": "P238347.l00afe",
"ref": "P238347.42.3",
"inst": "mimma[anything]XP$",
"sig": "@saao/saa17%akk-x-neobab:mim-ma=mimma[anything//anything]XP'XP$mimma",
"f": {"lang": "akk-x-neobab",
"form": "mim-ma",
"cf": "mimma",
"gw": "anything",
"sense": "anything",
"norm": "mimma",
"pos": "XP",
"epos": "XP"}
}
,
{
"node": "l",
"frag": "i-⸢na",
"id": "P238347.l00aff",
"ref": "P238347.42.4",
"inst": "ina[in]PRP",
"sig": "@saao/saa17%akk-x-neobab:i-na=ina[in//in]PRP'PRP$ina",
"f": {"lang": "akk-x-neobab",
"form": "i-na",
"cf": "ina",
"gw": "in",
"sense": "in",
"norm": "ina",
"pos": "PRP",
"epos": "PRP"}
}
,
{
"node": "l",
"frag": "x",
"id": "P238347.l00b00",
"ref": "P238347.42.5",
"inst": "u",
"f": {"lang": "akk-x-neobab",
"form": "x",
"pos": "u"}
}
,
{
"node": "l",
"frag": "x",
"id": "P238347.l00b01",
"ref": "P238347.42.6",
"inst": "u",
"f": {"lang": "akk-x-neobab",
"form": "x",
"pos": "u"}
}
,
{
"node": "l",
"frag": "x⸣",
"id": "P238347.l00b02",
"ref": "P238347.42.7",
"inst": "u",
"f": {"lang": "akk-x-neobab",
"form": "x",
"pos": "u"}
}
,
{
"node": "l",
"frag": "[x",
"id": "P238347.l00b03",
"ref": "P238347.42.8",
"inst": "u",
"f": {"lang": "akk-x-neobab",
"form": "x",
"pos": "u"}
}
,
{
"node": "l",
"frag": "DINGIR-MEŠ",
"id": "P238347.l00b04",
"ref": "P238347.42.9",
"inst": "ilāni[god]N",
"sig": "@saao/saa17%akk-x-neobab:DINGIR-MEŠ=ilu[god//god]N'N$ilāni",
"f": {"lang": "akk-x-neobab",
"form": "DINGIR-MEŠ",
"cf": "ilu",
"gw": "god",
"sense": "god",
"norm": "ilāni",
"pos": "N",
"epos": "N"}
}
,
{
"node": "l",
"frag": "ša₂]",
"id": "P238347.l00b05",
"ref": "P238347.42.10",
"inst": "ša[of]DET",
"sig": "@saao/saa17%akk-x-neobab:ša₂=ša[of//of]DET'DET$ša",
"f": {"lang": "akk-x-neobab",
"form": "ša₂",
"cf": "ša",
"gw": "of",
"sense": "of",
"norm": "ša",
"pos": "DET",
"epos": "DET"}
}
,
{
"node": "d",
"type": "line-start",
"ref": "P238347.43",
"n": "13",
"label": "r 13"}
,
{
"node": "l",
"frag": "[LUGAL",
"id": "P238347.l00b06",
"ref": "P238347.43.1",
"inst": "šarri[king]N",
"sig": "@saao/saa17%akk-x-neobab:LUGAL=šarru[king//king]N'N$šarri",
"f": {"lang": "akk-x-neobab",
"form": "LUGAL",
"cf": "šarru",
"gw": "king",
"sense": "king",
"norm": "šarri",
"pos": "N",
"epos": "N"}
}
,
{
"node": "l",
"frag": "be]-li₂-ia₂",
"id": "P238347.l00b07",
"ref": "P238347.43.2",
"inst": "bēlīya[lord]N",
"sig": "@saao/saa17%akk-x-neobab:be-li₂-ia₂=bēlu[lord//lord]N'N$bēlīya",
"f": {"lang": "akk-x-neobab",
"form": "be-li₂-ia₂",
"cf": "bēlu",
"gw": "lord",
"sense": "lord",
"norm": "bēlīya",
"pos": "N",
"epos": "N"}
}
,
{
"node": "l",
"frag": "lu-u₂",
"id": "P238347.l00b08",
"ref": "P238347.43.3",
"inst": "lū[may]MOD",
"sig": "@saao/saa17%akk-x-neobab:lu-u₂=lū[may//may]MOD'MOD$lū",
"f": {"lang": "akk-x-neobab",
"form": "lu-u₂",
"cf": "lū",
"gw": "may",
"sense": "may",
"norm": "lū",
"pos": "MOD",
"epos": "MOD"}
}
,
{
"node": "l",
"frag": "i-du-[u₂",
"id": "P238347.l00b09",
"ref": "P238347.43.4",
"inst": "wadû[know]V$īdû",
"sig": "@saao/saa17%akk-x-neobab:i-du-u₂=wadû[know//know]V'V$īdû",
"f": {"lang": "akk-x-neobab",
"form": "i-du-u₂",
"cf": "wadû",
"gw": "know",
"sense": "know",
"norm": "īdû",
"pos": "V",
"epos": "V"}
}
,
{
"node": "l",
"frag": "ki-i",
"id": "P238347.l00b0a",
"ref": "P238347.43.5",
"inst": "kî[like//that]PRP'SBJ",
"sig": "@saao/saa17%akk-x-neobab:ki-i=kī[like//that]PRP'SBJ$kî",
"f": {"lang": "akk-x-neobab",
"form": "ki-i",
"cf": "kī",
"gw": "like",
"sense": "that",
"norm": "kî",
"pos": "PRP",
"epos": "SBJ"}
}
,
{
"node": "l",
"frag": "x",
"id": "P238347.l00b0b",
"ref": "P238347.43.6",
"inst": "u",
"f": {"lang": "akk-x-neobab",
"form": "x",
"pos": "u"}
}
,
{
"node": "l",
"frag": "x",
"id": "P238347.l00b0c",
"ref": "P238347.43.7",
"inst": "u",
"f": {"lang": "akk-x-neobab",
"form": "x",
"pos": "u"}
}
,
{
"node": "l",
"frag": "x]",
"id": "P238347.l00b0d",
"ref": "P238347.43.8",
"inst": "u",
"f": {"lang": "akk-x-neobab",
"form": "x",
"pos": "u"}
}
,
{
"node": "d",
"type": "line-start",
"ref": "P238347.44",
"n": "14",
"label": "r 14"}
,
{
"node": "l",
"frag": "[x",
"id": "P238347.l00b0e",
"ref": "P238347.44.1",
"inst": "u",
"f": {"lang": "akk-x-neobab",
"form": "x",
"pos": "u"}
}
,
{
"node": "l",
"frag": "x]",
"id": "P238347.l00b0f",
"ref": "P238347.44.2",
"inst": "u",
"f": {"lang": "akk-x-neobab",
"form": "x",
"pos": "u"}
}
,
{
"node": "l",
"frag": "LUGAL-MEŠ",
"id": "P238347.l00b10",
"ref": "P238347.44.3",
"inst": "šarrāni[king]N",
"sig": "@saao/saa17%akk-x-neobab:LUGAL-MEŠ=šarru[king//king]N'N$šarrāni",
"f": {"lang": "akk-x-neobab",
"form": "LUGAL-MEŠ",
"cf": "šarru",
"gw": "king",
"sense": "king",
"norm": "šarrāni",
"pos": "N",
"epos": "N"}
}
,
{
"node": "l",
"frag": "mah-ru-ti",
"id": "P238347.l00b11",
"ref": "P238347.44.4",
"inst": "mahrû[first//previous]AJ$mahrūti",
"sig": "@saao/saa17%akk-x-neobab:mah-ru-ti=mahrû[first//previous]AJ'AJ$mahrūti",
"f": {"lang": "akk-x-neobab",
"form": "mah-ru-ti",
"cf": "mahrû",
"gw": "first",
"sense": "previous",
"norm": "mahrūti",
"pos": "AJ",
"epos": "AJ"}
}
,
{
"node": "l",
"frag": "[x",
"id": "P238347.l00b12",
"ref": "P238347.44.5",
"inst": "u",
"f": {"lang": "akk-x-neobab",
"form": "x",
"pos": "u"}
}
,
{
"node": "l",
"frag": "x",
"id": "P238347.l00b13",
"ref": "P238347.44.6",
"inst": "u",
"f": {"lang": "akk-x-neobab",
"form": "x",
"pos": "u"}
}
,
{
"node": "l",
"frag": "x",
"id": "P238347.l00b14",
"ref": "P238347.44.7",
"inst": "u",
"f": {"lang": "akk-x-neobab",
"form": "x",
"pos": "u"}
}
,
{
"node": "l",
"frag": "x",
"id": "P238347.l00b15",
"ref": "P238347.44.8",
"inst": "u",
"f": {"lang": "akk-x-neobab",
"form": "x",
"pos": "u"}
}
,
{
"node": "l",
"frag": "x",
"id": "P238347.l00b16",
"ref": "P238347.44.9",
"inst": "u",
"f": {"lang": "akk-x-neobab",
"form": "x",
"pos": "u"}
}
,
{
"node": "l",
"frag": "x]",
"id": "P238347.l00b17",
"ref": "P238347.44.10",
"inst": "u",
"f": {"lang": "akk-x-neobab",
"form": "x",
"pos": "u"}
}
,
{
"node": "d",
"type": "line-start",
"ref": "P238347.45",
"n": "15",
"label": "r 15"}
,
{
"node": "l",
"frag": "[x",
"id": "P238347.l00b18",
"ref": "P238347.45.1",
"inst": "u",
"f": {"lang": "akk-x-neobab",
"form": "x",
"pos": "u"}
}
,
{
"node": "l",
"frag": "x]",
"id": "P238347.l00b19",
"ref": "P238347.45.2",
"inst": "u",
"f": {"lang": "akk-x-neobab",
"form": "x",
"pos": "u"}
}
,
{
"node": "l",
"frag": "ki-di-nu-ti",
"id": "P238347.l00b1a",
"ref": "P238347.45.3",
"inst": "kidinnūtu[exempt status//privileged status]N$kidinnūti",
"sig": "@saao/saa17%akk-x-neobab:ki-di-nu-ti=kidinnūtu[exempt status//privileged status]N'N$kidinnūti",
"f": {"lang": "akk-x-neobab",
"form": "ki-di-nu-ti",
"cf": "kidinnūtu",
"gw": "exempt status",
"sense": "privileged status",
"norm": "kidinnūti",
"pos": "N",
"epos": "N"}
}
,
{
"node": "l",
"frag": "la",
"id": "P238347.l00b1b",
"ref": "P238347.45.4",
"inst": "lā[not]MOD",
"sig": "@saao/saa17%akk-x-neobab:la=lā[not//not]MOD'MOD$lā",
"f": {"lang": "akk-x-neobab",
"form": "la",
"cf": "lā",
"gw": "not",
"sense": "not",
"norm": "lā",
"pos": "MOD",
"epos": "MOD"}
}
,
{
"node": "l",
"frag": "[x",
"id": "P238347.l00b1c",
"ref": "P238347.45.5",
"inst": "u",
"f": {"lang": "akk-x-neobab",
"form": "x",
"pos": "u"}
}
,
{
"node": "l",
"frag": "x",
"id": "P238347.l00b1d",
"ref": "P238347.45.6",
"inst": "u",
"f": {"lang": "akk-x-neobab",
"form": "x",
"pos": "u"}
}
,
{
"node": "l",
"frag": "x",
"id": "P238347.l00b1e",
"ref": "P238347.45.7",
"inst": "u",
"f": {"lang": "akk-x-neobab",
"form": "x",
"pos": "u"}
}
,
{
"node": "l",
"frag": "x",
"id": "P238347.l00b1f",
"ref": "P238347.45.8",
"inst": "u",
"f": {"lang": "akk-x-neobab",
"form": "x",
"pos": "u"}
}
,
{
"node": "l",
"frag": "x",
"id": "P238347.l00b20",
"ref": "P238347.45.9",
"inst": "u",
"f": {"lang": "akk-x-neobab",
"form": "x",
"pos": "u"}
}
,
{
"node": "l",
"frag": "x]",
"id": "P238347.l00b21",
"ref": "P238347.45.10",
"inst": "u",
"f": {"lang": "akk-x-neobab",
"form": "x",
"pos": "u"}
}
,
{
"node": "d",
"type": "line-start",
"ref": "P238347.46",
"n": "16",
"label": "r 16"}
,
{
"node": "l",
"frag": "d.EN",
"id": "P238347.l00b22",
"ref": "P238347.46.1",
"inst": "Bel[1]DN",
"sig": "@saao/saa17%akk-x-neobab:d.EN=Bel[1//1]DN'DN$Bel",
"f": {"lang": "akk-x-neobab",
"form": "d.EN",
"cf": "Bel",
"gw": "1",
"sense": "1",
"norm": "Bel",
"pos": "DN",
"epos": "DN"}
}
,
{
"node": "l",
"frag": "u",
"id": "P238347.l00b23",
"ref": "P238347.46.2",
"inst": "u[and]CNJ",
"sig": "@saao/saa17%akk-x-neobab:u=u[and//and]CNJ'CNJ$u",
"f": {"lang": "akk-x-neobab",
"form": "u",
"cf": "u",
"gw": "and",
"sense": "and",
"norm": "u",
"pos": "CNJ",
"epos": "CNJ"}
}
,
{
"node": "l",
"frag": "{d}AG",
"id": "P238347.l00b24",
"ref": "P238347.46.3",
"inst": "Nabu[1]DN",
"sig": "@saao/saa17%akk-x-neobab:{d}AG=Nabu[1//1]DN'DN$Nabu",
"f": {"lang": "akk-x-neobab",
"form": "{d}AG",
"cf": "Nabu",
"gw": "1",
"sense": "1",
"norm": "Nabu",
"pos": "DN",
"epos": "DN"}
}
,
{
"node": "l",
"frag": "30",
"id": "P238347.l00b25",
"ref": "P238347.46.4",
"inst": "n",
"f": {"lang": "akk-x-neobab",
"form": "30",
"pos": "n"}
}
,
{
"node": "l",
"frag": "MU.AN.⸢NA⸣-[MEŠ",
"id": "P238347.l00b26",
"ref": "P238347.46.5",
"inst": "šanāti[year]N",
"sig": "@saao/saa17%akk-x-neobab:MU.AN.NA-MEŠ=šattu[year//year]N'N$šanāti",
"f": {"lang": "akk-x-neobab",
"form": "MU.AN.NA-MEŠ",
"cf": "šattu",
"gw": "year",
"sense": "year",
"norm": "šanāti",
"pos": "N",
"epos": "N"}
}
,
{
"node": "l",
"frag": "x",
"id": "P238347.l00b27",
"ref": "P238347.46.6",
"inst": "u",
"f": {"lang": "akk-x-neobab",
"form": "x",
"pos": "u"}
}
,
{
"node": "l",
"frag": "x",
"id": "P238347.l00b28",
"ref": "P238347.46.7",
"inst": "u",
"f": {"lang": "akk-x-neobab",
"form": "x",
"pos": "u"}
}
,
{
"node": "l",
"frag": "x",
"id": "P238347.l00b29",
"ref": "P238347.46.8",
"inst": "u",
"f": {"lang": "akk-x-neobab",
"form": "x",
"pos": "u"}
}
,
{
"node": "l",
"frag": "x]",
"id": "P238347.l00b2a",
"ref": "P238347.46.9",
"inst": "u",
"f": {"lang": "akk-x-neobab",
"form": "x",
"pos": "u"}
}
,
{
"node": "d",
"type": "line-start",
"ref": "P238347.47",
"n": "17",
"label": "r 17"}
,
{
"node": "l",
"frag": "40",
"id": "P238347.l00b2b",
"ref": "P238347.47.1",
"inst": "n",
"f": {"lang": "akk-x-neobab",
"form": "40",
"pos": "n"}
}
,
{
"node": "l",
"frag": "MU.AN.NA-MEŠ",
"id": "P238347.l00b2c",
"ref": "P238347.47.2",
"inst": "šanāti[year]N",
"sig": "@saao/saa17%akk-x-neobab:MU.AN.NA-MEŠ=šattu[year//year]N'N$šanāti",
"f": {"lang": "akk-x-neobab",
"form": "MU.AN.NA-MEŠ",
"cf": "šattu",
"gw": "year",
"sense": "year",
"norm": "šanāti",
"pos": "N",
"epos": "N"}
}
,
{
"node": "l",
"frag": "kiš-šu₂-[tu",
"id": "P238347.l00b2d",
"ref": "P238347.47.3",
"inst": "kiššūtu[exercise of power//supremacy]N$",
"sig": "@saao/saa17%akk-x-neobab:kiš-šu₂-tu=kiššūtu[exercise of power//supremacy]N'N$kiššūtu",
"f": {"lang": "akk-x-neobab",
"form": "kiš-šu₂-tu",
"cf": "kiššūtu",
"gw": "exercise of power",
"sense": "supremacy",
"norm": "kiššūtu",
"pos": "N",
"epos": "N"}
}
,
{
"node": "l",
"frag": "x",
"id": "P238347.l00b2e",
"ref": "P238347.47.4",
"inst": "u",
"f": {"lang": "akk-x-neobab",
"form": "x",
"pos": "u"}
}
,
{
"node": "l",
"frag": "x",
"id": "P238347.l00b2f",
"ref": "P238347.47.5",
"inst": "u",
"f": {"lang": "akk-x-neobab",
"form": "x",
"pos": "u"}
}
,
{
"node": "l",
"frag": "x",
"id": "P238347.l00b30",
"ref": "P238347.47.6",
"inst": "u",
"f": {"lang": "akk-x-neobab",
"form": "x",
"pos": "u"}
}
,
{
"node": "l",
"frag": "x",
"id": "P238347.l00b31",
"ref": "P238347.47.7",
"inst": "u",
"f": {"lang": "akk-x-neobab",
"form": "x",
"pos": "u"}
}
,
{
"node": "l",
"frag": "x]",
"id": "P238347.l00b32",
"ref": "P238347.47.8",
"inst": "u",
"f": {"lang": "akk-x-neobab",
"form": "x",
"pos": "u"}
}
,
{
"node": "d",
"type": "line-start",
"ref": "P238347.48",
"n": "18",
"label": "r 18"}
,
{
"node": "l",
"frag": "a-na",
"id": "P238347.l00b33",
"ref": "P238347.48.1",
"inst": "ana[to+=in accordance with]PRP",
"sig": "@saao/saa17%akk-x-neobab:a-na=ana[to//to]PRP'PRP$ana",
"f": {"lang": "akk-x-neobab",
"form": "a-na",
"cf": "ana",
"gw": "to",
"sense": "to",
"norm": "ana",
"pos": "PRP",
"epos": "PRP"}
}
,
{
"node": "l",
"frag": "pi-i",
"id": "P238347.l00b34",
"ref": "P238347.48.2",
"inst": "pî[mouth]N",
"sig": "@saao/saa17%akk-x-neobab:pi-i=pû[mouth//mouth]N'N$pî",
"f": {"lang": "akk-x-neobab",
"form": "pi-i",
"cf": "pû",
"gw": "mouth",
"sense": "mouth",
"norm": "pî",
"pos": "N",
"epos": "N"}
}
,
{
"node": "l",
"frag": "DINGIR-su-nu",
"id": "P238347.l00b35",
"ref": "P238347.48.3",
"inst": "ilūtu[godhead//divinity]N$ilūssunu",
"sig": "@saao/saa17%akk-x-neobab:DINGIR-su-nu=ilūtu[godhead//divinity]N'N$ilūssunu",
"f": {"lang": "akk-x-neobab",
"form": "DINGIR-su-nu",
"cf": "ilūtu",
"gw": "godhead",
"sense": "divinity",
"norm": "ilūssunu",
"pos": "N",
"epos": "N"}
}
,
{
"node": "l",
"frag": "pal-⸢ha⸣-[ku",
"id": "P238347.l00b36",
"ref": "P238347.48.4",
"inst": "palhāku[fearful]AJ",
"sig": "@saao/saa17%akk-x-neobab:pal-ha-ku=palhu[fearful//fearful]AJ'AJ$palhāku",
"f": {"lang": "akk-x-neobab",
"form": "pal-ha-ku",
"cf": "palhu",
"gw": "fearful",
"sense": "fearful",
"norm": "palhāku",
"pos": "AJ",
"epos": "AJ"}
}
,
{
"node": "l",
"frag": "x",
"id": "P238347.l00b37",
"ref": "P238347.48.5",
"inst": "u",
"f": {"lang": "akk-x-neobab",
"form": "x",
"pos": "u"}
}
,
{
"node": "l",
"frag": "x",
"id": "P238347.l00b38",
"ref": "P238347.48.6",
"inst": "u",
"f": {"lang": "akk-x-neobab",
"form": "x",
"pos": "u"}
}
,
{
"node": "l",
"frag": "x",
"id": "P238347.l00b39",
"ref": "P238347.48.7",
"inst": "u",
"f": {"lang": "akk-x-neobab",
"form": "x",
"pos": "u"}
}
,
{
"node": "l",
"frag": "x",
"id": "P238347.l00b3a",
"ref": "P238347.48.8",
"inst": "u",
"f": {"lang": "akk-x-neobab",
"form": "x",
"pos": "u"}
}
,
{
"node": "l",
"frag": "x",
"id": "P238347.l00b3b",
"ref": "P238347.48.9",
"inst": "u",
"f": {"lang": "akk-x-neobab",
"form": "x",
"pos": "u"}
}
,
{
"node": "l",
"frag": "x]",
"id": "P238347.l00b3c",
"ref": "P238347.48.10",
"inst": "u",
"f": {"lang": "akk-x-neobab",
"form": "x",
"pos": "u"}
}
,
{
"node": "d",
"type": "line-start",
"ref": "P238347.49",
"n": "19",
"label": "r 19"}
,
{
"node": "l",
"frag": "a-na",
"id": "P238347.l00b3d",
"ref": "P238347.49.1",
"inst": "ana[to]PRP",
"sig": "@saao/saa17%akk-x-neobab:a-na=ana[to//to]PRP'PRP$ana",
"f": {"lang": "akk-x-neobab",
"form": "a-na",
"cf": "ana",
"gw": "to",
"sense": "to",
"norm": "ana",
"pos": "PRP",
"epos": "PRP"}
}
,
{
"node": "l",
"frag": "{1}la-an-še-e",
"id": "P238347.l00b3e",
"ref": "P238347.49.2",
"inst": "Lanše[1]PN$",
"sig": "@saao/saa17%akk-x-neobab:{1}la-an-še-e=Lanše[1//1]PN'PN$Lanše",
"f": {"lang": "akk-x-neobab",
"form": "{1}la-an-še-e",
"cf": "Lanše",
"gw": "1",
"sense": "1",
"norm": "Lanše",
"pos": "PN",
"epos": "PN"}
}
,
{
"node": "l",
"frag": "{lu₂}[x",
"id": "P238347.l00b3f",
"ref": "P238347.49.3",
"inst": "u",
"f": {"lang": "akk-x-neobab",
"form": "{LU₂}x",
"pos": "u"}
}
,
{
"node": "l",
"frag": "x",
"id": "P238347.l00b40",
"ref": "P238347.49.4",
"inst": "u",
"f": {"lang": "akk-x-neobab",
"form": "x",
"pos": "u"}
}
,
{
"node": "l",
"frag": "x",
"id": "P238347.l00b41",
"ref": "P238347.49.5",
"inst": "u",
"f": {"lang": "akk-x-neobab",
"form": "x",
"pos": "u"}
}
,
{
"node": "l",
"frag": "x",
"id": "P238347.l00b42",
"ref": "P238347.49.6",
"inst": "u",
"f": {"lang": "akk-x-neobab",
"form": "x",
"pos": "u"}
}
,
{
"node": "l",
"frag": "x",
"id": "P238347.l00b43",
"ref": "P238347.49.7",
"inst": "u",
"f": {"lang": "akk-x-neobab",
"form": "x",
"pos": "u"}
}
,
{
"node": "l",
"frag": "x",
"id": "P238347.l00b44",
"ref": "P238347.49.8",
"inst": "u",
"f": {"lang": "akk-x-neobab",
"form": "x",
"pos": "u"}
}
,
{
"node": "l",
"frag": "x]",
"id": "P238347.l00b45",
"ref": "P238347.49.9",
"inst": "u",
"f": {"lang": "akk-x-neobab",
"form": "x",
"pos": "u"}
}
,
{
"node": "d",
"type": "line-start",
"ref": "P238347.50",
"n": "20",
"label": "r 20"}
,
{
"node": "l",
"frag": "ul",
"id": "P238347.l00b46",
"ref": "P238347.50.1",
"inst": "ul[not]MOD",
"sig": "@saao/saa17%akk-x-neobab:ul=ul[not//not]MOD'MOD$ul",
"f": {"lang": "akk-x-neobab",
"form": "ul",
"cf": "ul",
"gw": "not",
"sense": "not",
"norm": "ul",
"pos": "MOD",
"epos": "MOD"}
}
,
{
"node": "l",
"frag": "iš-šu₂-u₂",
"id": "P238347.l00b47",
"ref": "P238347.50.2",
"inst": "našû[lift//take]V$iššû",
"sig": "@saao/saa17%akk-x-neobab:iš-šu₂-u₂=našû[lift//take]V'V$iššû",
"f": {"lang": "akk-x-neobab",
"form": "iš-šu₂-u₂",
"cf": "našû",
"gw": "lift",
"sense": "take",
"norm": "iššû",
"pos": "V",
"epos": "V"}
}
,
{
"node": "l",
"frag": "[x]",
"id": "P238347.l00b48",
"ref": "P238347.50.3",
"inst": "u",
"f": {"lang": "akk-x-neobab",
"form": "x",
"pos": "u"}
}
,
{
"node": "l",
"frag": "u₃",
"id": "P238347.l00b49",
"ref": "P238347.50.4",
"inst": "u[and]CNJ",
"sig": "@saao/saa17%akk-x-neobab:u₃=u[and//and]CNJ'CNJ$u",
"f": {"lang": "akk-x-neobab",
"form": "u₃",
"cf": "u",
"gw": "and",
"sense": "and",
"norm": "u",
"pos": "CNJ",
"epos": "CNJ"}
}
,
{
"node": "l",
"frag": "[x",
"id": "P238347.l00b4a",
"ref": "P238347.50.5",
"inst": "u",
"f": {"lang": "akk-x-neobab",
"form": "x",
"pos": "u"}
}
,
{
"node": "l",
"frag": "x",
"id": "P238347.l00b4b",
"ref": "P238347.50.6",
"inst": "u",
"f": {"lang": "akk-x-neobab",
"form": "x",
"pos": "u"}
}
,
{
"node": "l",
"frag": "x",
"id": "P238347.l00b4c",
"ref": "P238347.50.7",
"inst": "u",
"f": {"lang": "akk-x-neobab",
"form": "x",
"pos": "u"}
}
,
{
"node": "l",
"frag": "x",
"id": "P238347.l00b4d",
"ref": "P238347.50.8",
"inst": "u",
"f": {"lang": "akk-x-neobab",
"form": "x",
"pos": "u"}
}
,
{
"node": "l",
"frag": "x",
"id": "P238347.l00b4e",
"ref": "P238347.50.9",
"inst": "u",
"f": {"lang": "akk-x-neobab",
"form": "x",
"pos": "u"}
}
,
{
"node": "l",
"frag": "x",
"id": "P238347.l00b4f",
"ref": "P238347.50.10",
"inst": "u",
"f": {"lang": "akk-x-neobab",
"form": "x",
"pos": "u"}
}
,
{
"node": "l",
"frag": "x",
"id": "P238347.l00b50",
"ref": "P238347.50.11",
"inst": "u",
"f": {"lang": "akk-x-neobab",
"form": "x",
"pos": "u"}
}
,
{
"node": "l",
"frag": "x]",
"id": "P238347.l00b51",
"ref": "P238347.50.12",
"inst": "u",
"f": {"lang": "akk-x-neobab",
"form": "x",
"pos": "u"}
}
,
{
"node": "d",
"type": "line-start",
"ref": "P238347.51",
"n": "21",
"label": "r 21"}
,
{
"node": "l",
"frag": "en-⸢na⸣",
"id": "P238347.l00b52",
"ref": "P238347.51.1",
"inst": "enna[now]AV",
"sig": "@saao/saa17%akk-x-neobab:en-na=enna[now//now]AV'AV$enna",
"f": {"lang": "akk-x-neobab",
"form": "en-na",
"cf": "enna",
"gw": "now",
"sense": "now",
"norm": "enna",
"pos": "AV",
"epos": "AV"}
}
,
{
"node": "l",
"frag": "[x",
"id": "P238347.l00b53",
"ref": "P238347.51.2",
"inst": "u",
"f": {"lang": "akk-x-neobab",
"form": "x",
"pos": "u"}
}
,
{
"node": "l",
"frag": "x",
"id": "P238347.l00b54",
"ref": "P238347.51.3",
"inst": "u",
"f": {"lang": "akk-x-neobab",
"form": "x",
"pos": "u"}
}
,
{
"node": "l",
"frag": "x",
"id": "P238347.l00b55",
"ref": "P238347.51.4",
"inst": "u",
"f": {"lang": "akk-x-neobab",
"form": "x",
"pos": "u"}
}
,
{
"node": "l",
"frag": "x",
"id": "P238347.l00b56",
"ref": "P238347.51.5",
"inst": "u",
"f": {"lang": "akk-x-neobab",
"form": "x",
"pos": "u"}
}
,
{
"node": "l",
"frag": "x",
"id": "P238347.l00b57",
"ref": "P238347.51.6",
"inst": "u",
"f": {"lang": "akk-x-neobab",
"form": "x",
"pos": "u"}
}
,
{
"node": "l",
"frag": "x",
"id": "P238347.l00b58",
"ref": "P238347.51.7",
"inst": "u",
"f": {"lang": "akk-x-neobab",
"form": "x",
"pos": "u"}
}
,
{
"node": "l",
"frag": "x",
"id": "P238347.l00b59",
"ref": "P238347.51.8",
"inst": "u",
"f": {"lang": "akk-x-neobab",
"form": "x",
"pos": "u"}
}
,
{
"node": "l",
"frag": "x",
"id": "P238347.l00b5a",
"ref": "P238347.51.9",
"inst": "u",
"f": {"lang": "akk-x-neobab",
"form": "x",
"pos": "u"}
}
,
{
"node": "l",
"frag": "x",
"id": "P238347.l00b5b",
"ref": "P238347.51.10",
"inst": "u",
"f": {"lang": "akk-x-neobab",
"form": "x",
"pos": "u"}
}
,
{
"node": "l",
"frag": "x",
"id": "P238347.l00b5c",
"ref": "P238347.51.11",
"inst": "u",
"f": {"lang": "akk-x-neobab",
"form": "x",
"pos": "u"}
}
,
{
"node": "l",
"frag": "x",
"id": "P238347.l00b5d",
"ref": "P238347.51.12",
"inst": "u",
"f": {"lang": "akk-x-neobab",
"form": "x",
"pos": "u"}
}
,
{
"node": "l",
"frag": "x]",
"id": "P238347.l00b5e",
"ref": "P238347.51.13",
"inst": "u",
"f": {"lang": "akk-x-neobab",
"form": "x",
"pos": "u"}
}
,
{
"node": "d",
"type": "nonx",
"ref": "P238347.52",
"strict": "0",
"extent": "rest",
"state": "missing"}
,
{
"node": "d",
"subtype": "edge",
"type": "surface",
"ref": "P238347.e..53",
"type": "edge",
"label": "e."}
,
{
"node": "d",
"type": "line-start",
"ref": "P238347.54",
"n": "1",
"label": "e. 1"}
,
{
"node": "l",
"frag": "[x",
"id": "P238347.l00b5f",
"ref": "P238347.54.1",
"inst": "u",
"f": {"lang": "akk-x-neobab",
"form": "x",
"pos": "u"}
}
,
{
"node": "l",
"frag": "x",
"id": "P238347.l00b60",
"ref": "P238347.54.2",
"inst": "u",
"f": {"lang": "akk-x-neobab",
"form": "x",
"pos": "u"}
}
,
{
"node": "l",
"frag": "x",
"id": "P238347.l00b61",
"ref": "P238347.54.3",
"inst": "u",
"f": {"lang": "akk-x-neobab",
"form": "x",
"pos": "u"}
}
,
{
"node": "l",
"frag": "x",
"id": "P238347.l00b62",
"ref": "P238347.54.4",
"inst": "u",
"f": {"lang": "akk-x-neobab",
"form": "x",
"pos": "u"}
}
,
{
"node": "l",
"frag": "x",
"id": "P238347.l00b63",
"ref": "P238347.54.5",
"inst": "u",
"f": {"lang": "akk-x-neobab",
"form": "x",
"pos": "u"}
}
,
{
"node": "l",
"frag": "x",
"id": "P238347.l00b64",
"ref": "P238347.54.6",
"inst": "u",
"f": {"lang": "akk-x-neobab",
"form": "x",
"pos": "u"}
}
,
{
"node": "l",
"frag": "x",
"id": "P238347.l00b65",
"ref": "P238347.54.7",
"inst": "u",
"f": {"lang": "akk-x-neobab",
"form": "x",
"pos": "u"}
}
,
{
"node": "l",
"frag": "x",
"id": "P238347.l00b66",
"ref": "P238347.54.8",
"inst": "u",
"f": {"lang": "akk-x-neobab",
"form": "x",
"pos": "u"}
}
,
{
"node": "l",
"frag": "x",
"id": "P238347.l00b67",
"ref": "P238347.54.9",
"inst": "u",
"f": {"lang": "akk-x-neobab",
"form": "x",
"pos": "u"}
}
,
{
"node": "l",
"frag": "x]",
"id": "P238347.l00b68",
"ref": "P238347.54.10",
"inst": "u",
"f": {"lang": "akk-x-neobab",
"form": "x",
"pos": "u"}
}
,
{
"node": "l",
"frag": "il-la-a",
"id": "P238347.l00b69",
"ref": "P238347.54.11",
"inst": "elû[go up//come up]V$illâ",
"sig": "@saao/saa17%akk-x-neobab:il-la-a=elû[go up//come up]V'V$illâ",
"f": {"lang": "akk-x-neobab",
"form": "il-la-a",
"cf": "elû",
"gw": "go up",
"sense": "come up",
"norm": "illâ",
"pos": "V",
"epos": "V"}
}
]}
]}
]}
]}
