{
"type": "cdl",
  "source": "http://oracc.org/saao/saa17",
  "license": "This data is released under the CC0 license",
  "license-url": "https://creativecommons.org/publicdomain/zero/1.0/",
  "more-info": "http://oracc.org/doc/opendata/",
  "UTC-timestamp": "2017-05-19T11:58:33",
"project": "saao/saa17",
"textid": "P238500",
"cdl": [
{
"node": "c",
"type": "text",
"id": "P238500.U0",
"cdl": [
{
"node": "d",
"type": "object",
"ref": ""}
,
{
"node": "d",
"subtype": "obverse",
"type": "surface",
"ref": "P238500.o.1",
"type": "obverse",
"label": "o"}
,
{
"node": "c",
"type": "discourse",
"subtype": "body",
"id": "P238500.U1",
"cdl": [
{
"node": "c",
"type": "sentence",
"id": "P238500.U2",
"label": "o 1 - r.e. 7",
"cdl": [
{
"node": "d",
"type": "line-start",
"ref": "P238500.2",
"n": "1",
"label": "o 1"}
,
{
"node": "l",
"frag": "ARAD-ka",
"id": "P238500.l05ec0",
"ref": "P238500.2.1",
"inst": "aradka[servant]N",
"sig": "@saao/saa17%akk-x-neobab:ARAD-ka=ardu[slave//servant]N'N$aradka",
"f": {"lang": "akk-x-neobab",
"form": "ARAD-ka",
"cf": "ardu",
"gw": "slave",
"sense": "servant",
"norm": "aradka",
"pos": "N",
"epos": "N"}
}
,
{
"node": "l",
"frag": "{1}na-ṣib-DINGIR]",
"id": "P238500.l05ec1",
"ref": "P238500.2.2",
"inst": "Naṣib-il[1]PN",
"sig": "@saao/saa17%akk-x-neobab:{1}na-ṣib-DINGIR=Naṣib-il[1//1]PN'PN$Naṣib-il",
"f": {"lang": "akk-x-neobab",
"form": "{1}na-ṣib-DINGIR",
"cf": "Naṣib-il",
"gw": "1",
"sense": "1",
"norm": "Naṣib-il",
"pos": "PN",
"epos": "PN"}
}
,
{
"node": "d",
"type": "line-start",
"ref": "P238500.3",
"n": "2",
"label": "o 2"}
,
{
"node": "l",
"frag": "a-na",
"id": "P238500.l05ec2",
"ref": "P238500.3.1",
"inst": "ana[to]PRP",
"sig": "@saao/saa17%akk-x-neobab:a-na=ana[to//to]PRP'PRP$ana",
"f": {"lang": "akk-x-neobab",
"form": "a-na",
"cf": "ana",
"gw": "to",
"sense": "to",
"norm": "ana",
"pos": "PRP",
"epos": "PRP"}
}
,
{
"node": "l",
"frag": "di-⸢na⸣-[an",
"id": "P238500.l05ec3",
"ref": "P238500.3.2",
"inst": "dinān[substitute]N",
"sig": "@saao/saa17%akk-x-neobab:di-na-an=dinānu[substitution//substitute]N'N$dinān",
"f": {"lang": "akk-x-neobab",
"form": "di-na-an",
"cf": "dinānu",
"gw": "substitution",
"sense": "substitute",
"norm": "dinān",
"pos": "N",
"epos": "N"}
}
,
{
"node": "l",
"frag": "be-li₂-ia",
"id": "P238500.l05ec4",
"ref": "P238500.3.3",
"inst": "bēlīya[lord]N",
"sig": "@saao/saa17%akk-x-neobab:be-li₂-ia=bēlu[lord//lord]N'N$bēlīya",
"f": {"lang": "akk-x-neobab",
"form": "be-li₂-ia",
"cf": "bēlu",
"gw": "lord",
"sense": "lord",
"norm": "bēlīya",
"pos": "N",
"epos": "N"}
}
,
{
"node": "l",
"frag": "lul-lik]",
"id": "P238500.l05ec5",
"ref": "P238500.3.4",
"inst": "lullik[go]V",
"sig": "@saao/saa17%akk-x-neobab:lul-lik=alāku[go//go]V'V$lullik",
"f": {"lang": "akk-x-neobab",
"form": "lul-lik",
"cf": "alāku",
"gw": "go",
"sense": "go",
"norm": "lullik",
"pos": "V",
"epos": "V"}
}
,
{
"node": "d",
"type": "line-start",
"ref": "P238500.4",
"n": "3",
"label": "o 3"}
,
{
"node": "l",
"frag": "um-ma-a",
"id": "P238500.l05ec6",
"ref": "P238500.4.1",
"inst": "ummā[saying]PRP",
"sig": "@saao/saa17%akk-x-neobab:um-ma-a=umma[saying//saying]PRP'PRP$ummā",
"f": {"lang": "akk-x-neobab",
"form": "um-ma-a",
"cf": "umma",
"gw": "saying",
"sense": "saying",
"norm": "ummā",
"pos": "PRP",
"epos": "PRP"}
}
,
{
"node": "l",
"frag": "a-[na",
"id": "P238500.l05ec7",
"ref": "P238500.4.2",
"inst": "ana[to]PRP",
"sig": "@saao/saa17%akk-x-neobab:a-na=ana[to//to]PRP'PRP$ana",
"f": {"lang": "akk-x-neobab",
"form": "a-na",
"cf": "ana",
"gw": "to",
"sense": "to",
"norm": "ana",
"pos": "PRP",
"epos": "PRP"}
}
,
{
"node": "l",
"frag": "LUGAL",
"id": "P238500.l05ec8",
"ref": "P238500.4.3",
"inst": "šarri[king]N",
"sig": "@saao/saa17%akk-x-neobab:LUGAL=šarru[king//king]N'N$šarri",
"f": {"lang": "akk-x-neobab",
"form": "LUGAL",
"cf": "šarru",
"gw": "king",
"sense": "king",
"norm": "šarri",
"pos": "N",
"epos": "N"}
}
,
{
"node": "l",
"frag": "be-li₂-ia-ma]",
"id": "P238500.l05ec9",
"ref": "P238500.4.4",
"inst": "bēlīyāma[lord]N",
"sig": "@saao/saa17%akk-x-neobab:be-li₂-ia-ma=bēlu[lord//lord]N'N$bēlīyāma",
"f": {"lang": "akk-x-neobab",
"form": "be-li₂-ia-ma",
"cf": "bēlu",
"gw": "lord",
"sense": "lord",
"norm": "bēlīyāma",
"pos": "N",
"epos": "N"}
}
,
{
"node": "d",
"type": "line-start",
"ref": "P238500.5",
"n": "4",
"label": "o 4"}
,
{
"node": "l",
"frag": "ša₂",
"id": "P238500.l05eca",
"ref": "P238500.5.1",
"inst": "ša[what]REL",
"sig": "@saao/saa17%akk-x-neobab:ša₂=ša[that//what]REL'REL$ša",
"f": {"lang": "akk-x-neobab",
"form": "ša₂",
"cf": "ša",
"gw": "that",
"sense": "what",
"norm": "ša",
"pos": "REL",
"epos": "REL"}
}
,
{
"node": "l",
"frag": "LUGAL",
"id": "P238500.l05ecb",
"ref": "P238500.5.2",
"inst": "šarru[king]N",
"sig": "@saao/saa17%akk-x-neobab:LUGAL=šarru[king//king]N'N$šarru",
"f": {"lang": "akk-x-neobab",
"form": "LUGAL",
"cf": "šarru",
"gw": "king",
"sense": "king",
"norm": "šarru",
"pos": "N",
"epos": "N"}
}
,
{
"node": "l",
"frag": "be-li₂-[a",
"id": "P238500.l05ecc",
"ref": "P238500.5.3",
"inst": "bēlu[lord]N$bēlā",
"sig": "@saao/saa17%akk-x-neobab:be-li₂-a=bēlu[lord//lord]N'N$bēlā",
"f": {"lang": "akk-x-neobab",
"form": "be-li₂-a",
"cf": "bēlu",
"gw": "lord",
"sense": "lord",
"norm": "bēlā",
"pos": "N",
"epos": "N"}
}
,
{
"node": "l",
"frag": "iš-pu-ra-an-ni]",
"id": "P238500.l05ecd",
"ref": "P238500.5.4",
"inst": "šapāru[send//write]V$išpuranni",
"sig": "@saao/saa17%akk-x-neobab:iš-pu-ra-an-ni=šapāru[send//write]V'V$išpuranni",
"f": {"lang": "akk-x-neobab",
"form": "iš-pu-ra-an-ni",
"cf": "šapāru",
"gw": "send",
"sense": "write",
"norm": "išpuranni",
"pos": "V",
"epos": "V"}
}
,
{
"node": "d",
"type": "line-start",
"ref": "P238500.6",
"n": "5",
"label": "o 5"}
,
{
"node": "l",
"frag": "um-ma",
"id": "P238500.l05ece",
"ref": "P238500.6.1",
"inst": "umma[saying]PRP",
"sig": "@saao/saa17%akk-x-neobab:um-ma=umma[saying//saying]PRP'PRP$umma",
"f": {"lang": "akk-x-neobab",
"form": "um-ma",
"cf": "umma",
"gw": "saying",
"sense": "saying",
"norm": "umma",
"pos": "PRP",
"epos": "PRP"}
}
,
{
"node": "l",
"frag": "⸢x⸣+[x",
"id": "P238500.l05ecf",
"ref": "P238500.6.2",
"inst": "u",
"f": {"lang": "akk-x-neobab",
"form": "x+x",
"pos": "u"}
}
,
{
"node": "l",
"frag": "x",
"id": "P238500.l05ed0",
"ref": "P238500.6.3",
"inst": "u",
"f": {"lang": "akk-x-neobab",
"form": "x",
"pos": "u"}
}
,
{
"node": "l",
"frag": "x",
"id": "P238500.l05ed1",
"ref": "P238500.6.4",
"inst": "u",
"f": {"lang": "akk-x-neobab",
"form": "x",
"pos": "u"}
}
,
{
"node": "l",
"frag": "x",
"id": "P238500.l05ed2",
"ref": "P238500.6.5",
"inst": "u",
"f": {"lang": "akk-x-neobab",
"form": "x",
"pos": "u"}
}
,
{
"node": "l",
"frag": "x",
"id": "P238500.l05ed3",
"ref": "P238500.6.6",
"inst": "u",
"f": {"lang": "akk-x-neobab",
"form": "x",
"pos": "u"}
}
,
{
"node": "l",
"frag": "x]",
"id": "P238500.l05ed4",
"ref": "P238500.6.7",
"inst": "u",
"f": {"lang": "akk-x-neobab",
"form": "x",
"pos": "u"}
}
,
{
"node": "d",
"type": "line-start",
"ref": "P238500.7",
"n": "6",
"label": "o 6"}
,
{
"node": "l",
"frag": "a-na",
"id": "P238500.l05ed5",
"ref": "P238500.7.1",
"inst": "ana[to]PRP",
"sig": "@saao/saa17%akk-x-neobab:a-na=ana[to//to]PRP'PRP$ana",
"f": {"lang": "akk-x-neobab",
"form": "a-na",
"cf": "ana",
"gw": "to",
"sense": "to",
"norm": "ana",
"pos": "PRP",
"epos": "PRP"}
}
,
{
"node": "l",
"frag": "kip-na-[x",
"id": "P238500.l05ed6",
"ref": "P238500.7.2",
"inst": "u",
"f": {"lang": "akk-x-neobab",
"form": "kip-na-x",
"pos": "u"}
}
,
{
"node": "l",
"frag": "x",
"id": "P238500.l05ed7",
"ref": "P238500.7.3",
"inst": "u",
"f": {"lang": "akk-x-neobab",
"form": "x",
"pos": "u"}
}
,
{
"node": "l",
"frag": "x",
"id": "P238500.l05ed8",
"ref": "P238500.7.4",
"inst": "u",
"f": {"lang": "akk-x-neobab",
"form": "x",
"pos": "u"}
}
,
{
"node": "l",
"frag": "x",
"id": "P238500.l05ed9",
"ref": "P238500.7.5",
"inst": "u",
"f": {"lang": "akk-x-neobab",
"form": "x",
"pos": "u"}
}
,
{
"node": "l",
"frag": "x",
"id": "P238500.l05eda",
"ref": "P238500.7.6",
"inst": "u",
"f": {"lang": "akk-x-neobab",
"form": "x",
"pos": "u"}
}
,
{
"node": "l",
"frag": "x]",
"id": "P238500.l05edb",
"ref": "P238500.7.7",
"inst": "u",
"f": {"lang": "akk-x-neobab",
"form": "x",
"pos": "u"}
}
,
{
"node": "d",
"type": "line-start",
"ref": "P238500.8",
"n": "7",
"label": "o 7"}
,
{
"node": "l",
"frag": "01-en",
"id": "P238500.l05edc",
"ref": "P238500.8.1",
"inst": "iltēn[one]NU",
"sig": "@saao/saa17%akk-x-neobab:01-en=ištēn[one//one]NU'NU$iltēn",
"f": {"lang": "akk-x-neobab",
"form": "01-en",
"cf": "ištēn",
"gw": "one",
"sense": "one",
"norm": "iltēn",
"pos": "NU",
"epos": "NU"}
}
,
{
"node": "l",
"frag": "ina",
"id": "P238500.l05edd",
"ref": "P238500.8.2",
"inst": "ina[in+=from out of]PRP$",
"sig": "@saao/saa17%akk-x-neobab:ina=ina[in//in]PRP'PRP$ina",
"f": {"lang": "akk-x-neobab",
"form": "ina",
"cf": "ina",
"gw": "in",
"sense": "in",
"norm": "ina",
"pos": "PRP",
"epos": "PRP"}
}
,
{
"node": "l",
"frag": "ŠA₃-bi-⸢šu⸣-[nu",
"id": "P238500.l05ede",
"ref": "P238500.8.3",
"inst": "libbu[interior]N$libbišunu",
"sig": "@saao/saa17%akk-x-neobab:ŠA₃-bi-šu-nu=libbu[interior//interior]N'N$libbišunu",
"f": {"lang": "akk-x-neobab",
"form": "ŠA₃-bi-šu-nu",
"cf": "libbu",
"gw": "interior",
"sense": "interior",
"norm": "libbišunu",
"pos": "N",
"epos": "N"}
}
,
{
"node": "l",
"frag": "x",
"id": "P238500.l05edf",
"ref": "P238500.8.4",
"inst": "u",
"f": {"lang": "akk-x-neobab",
"form": "x",
"pos": "u"}
}
,
{
"node": "l",
"frag": "x",
"id": "P238500.l05ee0",
"ref": "P238500.8.5",
"inst": "u",
"f": {"lang": "akk-x-neobab",
"form": "x",
"pos": "u"}
}
,
{
"node": "l",
"frag": "x",
"id": "P238500.l05ee1",
"ref": "P238500.8.6",
"inst": "u",
"f": {"lang": "akk-x-neobab",
"form": "x",
"pos": "u"}
}
,
{
"node": "l",
"frag": "x",
"id": "P238500.l05ee2",
"ref": "P238500.8.7",
"inst": "u",
"f": {"lang": "akk-x-neobab",
"form": "x",
"pos": "u"}
}
,
{
"node": "l",
"frag": "x]",
"id": "P238500.l05ee3",
"ref": "P238500.8.8",
"inst": "u",
"f": {"lang": "akk-x-neobab",
"form": "x",
"pos": "u"}
}
,
{
"node": "d",
"type": "line-start",
"ref": "P238500.9",
"n": "8",
"label": "o 8"}
,
{
"node": "l",
"frag": "i-du-šu₂",
"id": "P238500.l05ee4",
"ref": "P238500.9.1",
"inst": "wadû[know]V$īdûšu",
"sig": "@saao/saa17%akk-x-neobab:i-du-šu₂=wadû[know//know]V'V$īdûšu",
"f": {"lang": "akk-x-neobab",
"form": "i-du-šu₂",
"cf": "wadû",
"gw": "know",
"sense": "know",
"norm": "īdûšu",
"pos": "V",
"epos": "V"}
}
,
{
"node": "l",
"frag": "a-na",
"id": "P238500.l05ee5",
"ref": "P238500.9.2",
"inst": "ana[to]PRP",
"sig": "@saao/saa17%akk-x-neobab:a-na=ana[to//to]PRP'PRP$ana",
"f": {"lang": "akk-x-neobab",
"form": "a-na",
"cf": "ana",
"gw": "to",
"sense": "to",
"norm": "ana",
"pos": "PRP",
"epos": "PRP"}
}
,
{
"node": "l",
"frag": "[x",
"id": "P238500.l05ee6",
"ref": "P238500.9.3",
"inst": "u",
"f": {"lang": "akk-x-neobab",
"form": "x",
"pos": "u"}
}
,
{
"node": "l",
"frag": "x",
"id": "P238500.l05ee7",
"ref": "P238500.9.4",
"inst": "u",
"f": {"lang": "akk-x-neobab",
"form": "x",
"pos": "u"}
}
,
{
"node": "l",
"frag": "x",
"id": "P238500.l05ee8",
"ref": "P238500.9.5",
"inst": "u",
"f": {"lang": "akk-x-neobab",
"form": "x",
"pos": "u"}
}
,
{
"node": "l",
"frag": "x",
"id": "P238500.l05ee9",
"ref": "P238500.9.6",
"inst": "u",
"f": {"lang": "akk-x-neobab",
"form": "x",
"pos": "u"}
}
,
{
"node": "l",
"frag": "x",
"id": "P238500.l05eea",
"ref": "P238500.9.7",
"inst": "u",
"f": {"lang": "akk-x-neobab",
"form": "x",
"pos": "u"}
}
,
{
"node": "l",
"frag": "x]",
"id": "P238500.l05eeb",
"ref": "P238500.9.8",
"inst": "u",
"f": {"lang": "akk-x-neobab",
"form": "x",
"pos": "u"}
}
,
{
"node": "d",
"type": "line-start",
"ref": "P238500.10",
"n": "9",
"label": "o 9"}
,
{
"node": "l",
"frag": "⸢ul⸣",
"id": "P238500.l05eec",
"ref": "P238500.10.1",
"inst": "ul[not]MOD",
"sig": "@saao/saa17%akk-x-neobab:ul=ul[not//not]MOD'MOD$ul",
"f": {"lang": "akk-x-neobab",
"form": "ul",
"cf": "ul",
"gw": "not",
"sense": "not",
"norm": "ul",
"pos": "MOD",
"epos": "MOD"}
}
,
{
"node": "l",
"frag": "ki-i",
"id": "P238500.l05eed",
"ref": "P238500.10.2",
"inst": "kî[like]PRP",
"sig": "@saao/saa17%akk-x-neobab:ki-i=kī[like//like]PRP'PRP$kî",
"f": {"lang": "akk-x-neobab",
"form": "ki-i",
"cf": "kī",
"gw": "like",
"sense": "like",
"norm": "kî",
"pos": "PRP",
"epos": "PRP"}
}
,
{
"node": "l",
"frag": "{lu₂}⸢ze⸣-[ʾi-ra-nu",
"id": "P238500.l05eee",
"ref": "P238500.10.3",
"inst": "zēʾirānu[enemy]N$",
"sig": "@saao/saa17%akk-x-neobab:{LU₂}ze-ʾi-ra-nu=zēʾirānu[enemy//enemy]N'N$zēʾirānu",
"f": {"lang": "akk-x-neobab",
"form": "{LU₂}ze-ʾi-ra-nu",
"cf": "zēʾirānu",
"gw": "enemy",
"sense": "enemy",
"norm": "zēʾirānu",
"pos": "N",
"epos": "N"}
}
,
{
"node": "l",
"frag": "x",
"id": "P238500.l05eef",
"ref": "P238500.10.4",
"inst": "u",
"f": {"lang": "akk-x-neobab",
"form": "x",
"pos": "u"}
}
,
{
"node": "l",
"frag": "x]",
"id": "P238500.l05ef0",
"ref": "P238500.10.5",
"inst": "u",
"f": {"lang": "akk-x-neobab",
"form": "x",
"pos": "u"}
}
,
{
"node": "d",
"type": "line-start",
"ref": "P238500.11",
"n": "10",
"label": "o 10"}
,
{
"node": "l",
"frag": "[a-na]",
"id": "P238500.l05ef1",
"ref": "P238500.11.1",
"inst": "ana[to]PRP",
"sig": "@saao/saa17%akk-x-neobab:a-na=ana[to//to]PRP'PRP$ana",
"f": {"lang": "akk-x-neobab",
"form": "a-na",
"cf": "ana",
"gw": "to",
"sense": "to",
"norm": "ana",
"pos": "PRP",
"epos": "PRP"}
}
,
{
"node": "l",
"frag": "⸢PI⸣.2-ni",
"id": "P238500.l05ef2",
"ref": "P238500.11.2",
"inst": "uznu[ear]N$uznīni",
"sig": "@saao/saa17%akk-x-neobab:PI.2-ni=uznu[ear//ear]N'N$uznīni",
"f": {"lang": "akk-x-neobab",
"form": "PI.2-ni",
"cf": "uznu",
"gw": "ear",
"sense": "ear",
"norm": "uznīni",
"pos": "N",
"epos": "N"}
}
,
{
"node": "l",
"frag": "⸢x⸣+[x",
"id": "P238500.l05ef3",
"ref": "P238500.11.3",
"inst": "u",
"f": {"lang": "akk-x-neobab",
"form": "x+x",
"pos": "u"}
}
,
{
"node": "l",
"frag": "x",
"id": "P238500.l05ef4",
"ref": "P238500.11.4",
"inst": "u",
"f": {"lang": "akk-x-neobab",
"form": "x",
"pos": "u"}
}
,
{
"node": "l",
"frag": "x",
"id": "P238500.l05ef5",
"ref": "P238500.11.5",
"inst": "u",
"f": {"lang": "akk-x-neobab",
"form": "x",
"pos": "u"}
}
,
{
"node": "l",
"frag": "x",
"id": "P238500.l05ef6",
"ref": "P238500.11.6",
"inst": "u",
"f": {"lang": "akk-x-neobab",
"form": "x",
"pos": "u"}
}
,
{
"node": "l",
"frag": "x",
"id": "P238500.l05ef7",
"ref": "P238500.11.7",
"inst": "u",
"f": {"lang": "akk-x-neobab",
"form": "x",
"pos": "u"}
}
,
{
"node": "l",
"frag": "x]",
"id": "P238500.l05ef8",
"ref": "P238500.11.8",
"inst": "u",
"f": {"lang": "akk-x-neobab",
"form": "x",
"pos": "u"}
}
,
{
"node": "d",
"type": "line-start",
"ref": "P238500.12",
"n": "11",
"label": "o 11"}
,
{
"node": "l",
"frag": "[x",
"id": "P238500.l05ef9",
"ref": "P238500.12.1",
"inst": "u",
"f": {"lang": "akk-x-neobab",
"form": "x",
"pos": "u"}
}
,
{
"node": "l",
"frag": "x]",
"id": "P238500.l05efa",
"ref": "P238500.12.2",
"inst": "u",
"f": {"lang": "akk-x-neobab",
"form": "x",
"pos": "u"}
}
,
{
"node": "l",
"frag": "⸢du⸣",
"id": "P238500.l05efb",
"ref": "P238500.12.3",
"inst": "u",
"f": {"lang": "akk-x-neobab",
"form": "du",
"pos": "u"}
}
,
{
"node": "l",
"frag": "[x",
"id": "P238500.l05efc",
"ref": "P238500.12.4",
"inst": "u",
"f": {"lang": "akk-x-neobab",
"form": "x",
"pos": "u"}
}
,
{
"node": "l",
"frag": "x",
"id": "P238500.l05efd",
"ref": "P238500.12.5",
"inst": "u",
"f": {"lang": "akk-x-neobab",
"form": "x",
"pos": "u"}
}
,
{
"node": "l",
"frag": "x",
"id": "P238500.l05efe",
"ref": "P238500.12.6",
"inst": "u",
"f": {"lang": "akk-x-neobab",
"form": "x",
"pos": "u"}
}
,
{
"node": "l",
"frag": "x",
"id": "P238500.l05eff",
"ref": "P238500.12.7",
"inst": "u",
"f": {"lang": "akk-x-neobab",
"form": "x",
"pos": "u"}
}
,
{
"node": "l",
"frag": "x",
"id": "P238500.l05f00",
"ref": "P238500.12.8",
"inst": "u",
"f": {"lang": "akk-x-neobab",
"form": "x",
"pos": "u"}
}
,
{
"node": "l",
"frag": "x",
"id": "P238500.l05f01",
"ref": "P238500.12.9",
"inst": "u",
"f": {"lang": "akk-x-neobab",
"form": "x",
"pos": "u"}
}
,
{
"node": "l",
"frag": "x",
"id": "P238500.l05f02",
"ref": "P238500.12.10",
"inst": "u",
"f": {"lang": "akk-x-neobab",
"form": "x",
"pos": "u"}
}
,
{
"node": "l",
"frag": "x]",
"id": "P238500.l05f03",
"ref": "P238500.12.11",
"inst": "u",
"f": {"lang": "akk-x-neobab",
"form": "x",
"pos": "u"}
}
,
{
"node": "d",
"type": "nonx",
"ref": "P238500.13",
"strict": "0",
"extent": "rest",
"state": "missing"}
,
{
"node": "d",
"subtype": "reverse",
"type": "surface",
"ref": "P238500.r.14",
"type": "reverse",
"label": "r"}
,
{
"node": "d",
"type": "nonx",
"ref": "P238500.15",
"strict": "0",
"extent": "beginning",
"state": "missing"}
,
{
"node": "d",
"type": "line-start",
"ref": "P238500.16",
"n": "1'",
"label": "r 1'"}
,
{
"node": "l",
"frag": "⸢x",
"id": "P238500.l05f04",
"ref": "P238500.16.1",
"inst": "u",
"f": {"lang": "akk-x-neobab",
"form": "x",
"pos": "u"}
}
,
{
"node": "l",
"frag": "x⸣+[x",
"id": "P238500.l05f05",
"ref": "P238500.16.2",
"inst": "u",
"f": {"lang": "akk-x-neobab",
"form": "x+x",
"pos": "u"}
}
,
{
"node": "l",
"frag": "x",
"id": "P238500.l05f06",
"ref": "P238500.16.3",
"inst": "u",
"f": {"lang": "akk-x-neobab",
"form": "x",
"pos": "u"}
}
,
{
"node": "l",
"frag": "x",
"id": "P238500.l05f07",
"ref": "P238500.16.4",
"inst": "u",
"f": {"lang": "akk-x-neobab",
"form": "x",
"pos": "u"}
}
,
{
"node": "l",
"frag": "x",
"id": "P238500.l05f08",
"ref": "P238500.16.5",
"inst": "u",
"f": {"lang": "akk-x-neobab",
"form": "x",
"pos": "u"}
}
,
{
"node": "l",
"frag": "x",
"id": "P238500.l05f09",
"ref": "P238500.16.6",
"inst": "u",
"f": {"lang": "akk-x-neobab",
"form": "x",
"pos": "u"}
}
,
{
"node": "l",
"frag": "x",
"id": "P238500.l05f0a",
"ref": "P238500.16.7",
"inst": "u",
"f": {"lang": "akk-x-neobab",
"form": "x",
"pos": "u"}
}
,
{
"node": "l",
"frag": "x",
"id": "P238500.l05f0b",
"ref": "P238500.16.8",
"inst": "u",
"f": {"lang": "akk-x-neobab",
"form": "x",
"pos": "u"}
}
,
{
"node": "l",
"frag": "x]",
"id": "P238500.l05f0c",
"ref": "P238500.16.9",
"inst": "u",
"f": {"lang": "akk-x-neobab",
"form": "x",
"pos": "u"}
}
,
{
"node": "d",
"type": "line-start",
"ref": "P238500.17",
"n": "2'",
"label": "r 2'"}
,
{
"node": "l",
"frag": "a-⸢na",
"id": "P238500.l05f0d",
"ref": "P238500.17.1",
"inst": "ana[to]PRP",
"sig": "@saao/saa17%akk-x-neobab:a-na=ana[to//to]PRP'PRP$ana",
"f": {"lang": "akk-x-neobab",
"form": "a-na",
"cf": "ana",
"gw": "to",
"sense": "to",
"norm": "ana",
"pos": "PRP",
"epos": "PRP"}
}
,
{
"node": "l",
"frag": "x⸣+[x",
"id": "P238500.l05f0e",
"ref": "P238500.17.2",
"inst": "u",
"f": {"lang": "akk-x-neobab",
"form": "x+x",
"pos": "u"}
}
,
{
"node": "l",
"frag": "x",
"id": "P238500.l05f0f",
"ref": "P238500.17.3",
"inst": "u",
"f": {"lang": "akk-x-neobab",
"form": "x",
"pos": "u"}
}
,
{
"node": "l",
"frag": "x",
"id": "P238500.l05f10",
"ref": "P238500.17.4",
"inst": "u",
"f": {"lang": "akk-x-neobab",
"form": "x",
"pos": "u"}
}
,
{
"node": "l",
"frag": "x",
"id": "P238500.l05f11",
"ref": "P238500.17.5",
"inst": "u",
"f": {"lang": "akk-x-neobab",
"form": "x",
"pos": "u"}
}
,
{
"node": "l",
"frag": "x",
"id": "P238500.l05f12",
"ref": "P238500.17.6",
"inst": "u",
"f": {"lang": "akk-x-neobab",
"form": "x",
"pos": "u"}
}
,
{
"node": "l",
"frag": "x]",
"id": "P238500.l05f13",
"ref": "P238500.17.7",
"inst": "u",
"f": {"lang": "akk-x-neobab",
"form": "x",
"pos": "u"}
}
,
{
"node": "d",
"type": "line-start",
"ref": "P238500.18",
"n": "3",
"label": "r 3"}
,
{
"node": "l",
"frag": "{1}{d}⸢EN⸣-[x",
"id": "P238500.l05f14",
"ref": "P238500.18.1",
"inst": "u",
"f": {"lang": "akk-x-neobab",
"form": "{1}{d}EN-x",
"pos": "u"}
}
,
{
"node": "l",
"frag": "x",
"id": "P238500.l05f15",
"ref": "P238500.18.2",
"inst": "u",
"f": {"lang": "akk-x-neobab",
"form": "x",
"pos": "u"}
}
,
{
"node": "l",
"frag": "x",
"id": "P238500.l05f16",
"ref": "P238500.18.3",
"inst": "u",
"f": {"lang": "akk-x-neobab",
"form": "x",
"pos": "u"}
}
,
{
"node": "l",
"frag": "x",
"id": "P238500.l05f17",
"ref": "P238500.18.4",
"inst": "u",
"f": {"lang": "akk-x-neobab",
"form": "x",
"pos": "u"}
}
,
{
"node": "l",
"frag": "x]",
"id": "P238500.l05f18",
"ref": "P238500.18.5",
"inst": "u",
"f": {"lang": "akk-x-neobab",
"form": "x",
"pos": "u"}
}
,
{
"node": "d",
"type": "line-start",
"ref": "P238500.19",
"n": "4'",
"label": "r 4'"}
,
{
"node": "l",
"frag": "ha-mu-u",
"id": "P238500.l05f19",
"ref": "P238500.19.1",
"inst": "hamû[secure//glad]AJ$",
"sig": "@saao/saa17%akk-x-neobab:ha-mu-u=hamû[secure//glad]AJ'AJ$hamû",
"f": {"lang": "akk-x-neobab",
"form": "ha-mu-u",
"cf": "hamû",
"gw": "secure",
"sense": "glad",
"norm": "hamû",
"pos": "AJ",
"epos": "AJ"}
}
,
{
"node": "l",
"frag": "⸢x⸣",
"id": "P238500.l05f1a",
"ref": "P238500.19.2",
"inst": "u",
"f": {"lang": "akk-x-neobab",
"form": "x",
"pos": "u"}
}
,
{
"node": "l",
"frag": "[x",
"id": "P238500.l05f1b",
"ref": "P238500.19.3",
"inst": "u",
"f": {"lang": "akk-x-neobab",
"form": "x",
"pos": "u"}
}
,
{
"node": "l",
"frag": "x",
"id": "P238500.l05f1c",
"ref": "P238500.19.4",
"inst": "u",
"f": {"lang": "akk-x-neobab",
"form": "x",
"pos": "u"}
}
,
{
"node": "l",
"frag": "x",
"id": "P238500.l05f1d",
"ref": "P238500.19.5",
"inst": "u",
"f": {"lang": "akk-x-neobab",
"form": "x",
"pos": "u"}
}
,
{
"node": "l",
"frag": "x]",
"id": "P238500.l05f1e",
"ref": "P238500.19.6",
"inst": "u",
"f": {"lang": "akk-x-neobab",
"form": "x",
"pos": "u"}
}
,
{
"node": "d",
"type": "line-start",
"ref": "P238500.20",
"n": "5'",
"label": "r 5'"}
,
{
"node": "l",
"frag": "⸢x⸣",
"id": "P238500.l05f1f",
"ref": "P238500.20.1",
"inst": "u",
"f": {"lang": "akk-x-neobab",
"form": "x",
"pos": "u"}
}
,
{
"node": "l",
"frag": "[x",
"id": "P238500.l05f20",
"ref": "P238500.20.2",
"inst": "u",
"f": {"lang": "akk-x-neobab",
"form": "x",
"pos": "u"}
}
,
{
"node": "l",
"frag": "x]",
"id": "P238500.l05f21",
"ref": "P238500.20.3",
"inst": "u",
"f": {"lang": "akk-x-neobab",
"form": "x",
"pos": "u"}
}
,
{
"node": "l",
"frag": "ur",
"id": "P238500.l05f22",
"ref": "P238500.20.4",
"inst": "u",
"f": {"lang": "akk-x-neobab",
"form": "ur",
"pos": "u"}
}
,
{
"node": "l",
"frag": "[x",
"id": "P238500.l05f23",
"ref": "P238500.20.5",
"inst": "u",
"f": {"lang": "akk-x-neobab",
"form": "x",
"pos": "u"}
}
,
{
"node": "l",
"frag": "x]",
"id": "P238500.l05f24",
"ref": "P238500.20.6",
"inst": "u",
"f": {"lang": "akk-x-neobab",
"form": "x",
"pos": "u"}
}
,
{
"node": "d",
"subtype": "right",
"type": "surface",
"ref": "P238500.r.e..21",
"type": "right",
"label": "r.e."}
,
{
"node": "d",
"type": "line-start",
"ref": "P238500.22",
"n": "6",
"label": "r.e. 6"}
,
{
"node": "l",
"frag": "UD",
"id": "P238500.l05f25",
"ref": "P238500.22.1",
"inst": "ūm[day]N",
"sig": "@saao/saa17%akk-x-neobab:UD=ūmu[day//day]N'N$ūm",
"f": {"lang": "akk-x-neobab",
"form": "UD",
"cf": "ūmu",
"gw": "day",
"sense": "day",
"norm": "ūm",
"pos": "N",
"epos": "N"}
}
,
{
"node": "l",
"frag": "09-KAM₂",
"id": "P238500.l05f26",
"ref": "P238500.22.2",
"inst": "n",
"f": {"lang": "akk-x-neobab",
"form": "09-KAM₂",
"pos": "n"}
}
,
{
"node": "l",
"frag": "a-na",
"id": "P238500.l05f27",
"ref": "P238500.22.3",
"inst": "ana[to]PRP",
"sig": "@saao/saa17%akk-x-neobab:a-na=ana[to//to]PRP'PRP$ana",
"f": {"lang": "akk-x-neobab",
"form": "a-na",
"cf": "ana",
"gw": "to",
"sense": "to",
"norm": "ana",
"pos": "PRP",
"epos": "PRP"}
}
,
{
"node": "l",
"frag": "⸢LUGAL⸣",
"id": "P238500.l05f28",
"ref": "P238500.22.4",
"inst": "šarri[king]N",
"sig": "@saao/saa17%akk-x-neobab:LUGAL=šarru[king//king]N'N$šarri",
"f": {"lang": "akk-x-neobab",
"form": "LUGAL",
"cf": "šarru",
"gw": "king",
"sense": "king",
"norm": "šarri",
"pos": "N",
"epos": "N"}
}
,
{
"node": "l",
"frag": "[be-li₂-ia₂]",
"id": "P238500.l05f29",
"ref": "P238500.22.5",
"inst": "bēlīya[lord]N",
"sig": "@saao/saa17%akk-x-neobab:be-li₂-ia₂=bēlu[lord//lord]N'N$bēlīya",
"f": {"lang": "akk-x-neobab",
"form": "be-li₂-ia₂",
"cf": "bēlu",
"gw": "lord",
"sense": "lord",
"norm": "bēlīya",
"pos": "N",
"epos": "N"}
}
,
{
"node": "d",
"type": "line-start",
"ref": "P238500.23",
"n": "7",
"label": "r.e. 7"}
,
{
"node": "l",
"frag": "al-tap-⸢ra⸣",
"id": "P238500.l05f2a",
"ref": "P238500.23.1",
"inst": "altapra[send]V",
"sig": "@saao/saa17%akk-x-neobab:al-tap-ra=šapāru[send//send]V'V$altapra",
"f": {"lang": "akk-x-neobab",
"form": "al-tap-ra",
"cf": "šapāru",
"gw": "send",
"sense": "send",
"norm": "altapra",
"pos": "V",
"epos": "V"}
}
,
{
"node": "l",
"frag": "[x",
"id": "P238500.l05f2b",
"ref": "P238500.23.2",
"inst": "u",
"f": {"lang": "akk-x-neobab",
"form": "x",
"pos": "u"}
}
,
{
"node": "l",
"frag": "x",
"id": "P238500.l05f2c",
"ref": "P238500.23.3",
"inst": "u",
"f": {"lang": "akk-x-neobab",
"form": "x",
"pos": "u"}
}
,
{
"node": "l",
"frag": "x",
"id": "P238500.l05f2d",
"ref": "P238500.23.4",
"inst": "u",
"f": {"lang": "akk-x-neobab",
"form": "x",
"pos": "u"}
}
,
{
"node": "l",
"frag": "x]",
"id": "P238500.l05f2e",
"ref": "P238500.23.5",
"inst": "u",
"f": {"lang": "akk-x-neobab",
"form": "x",
"pos": "u"}
}
]}
]}
]}
]}
