{
"type": "cdl",
  "source": "http://oracc.org/saao/saa17",
  "license": "This data is released under the CC0 license",
  "license-url": "https://creativecommons.org/publicdomain/zero/1.0/",
  "more-info": "http://oracc.org/doc/opendata/",
  "UTC-timestamp": "2017-05-19T11:58:32",
"project": "saao/saa17",
"textid": "P238457",
"cdl": [
{
"node": "c",
"type": "text",
"id": "P238457.U0",
"cdl": [
{
"node": "d",
"type": "object",
"ref": ""}
,
{
"node": "d",
"subtype": "obverse",
"type": "surface",
"ref": "P238457.o.1",
"type": "obverse",
"label": "o"}
,
{
"node": "c",
"type": "discourse",
"subtype": "body",
"id": "P238457.U1",
"cdl": [
{
"node": "c",
"type": "sentence",
"id": "P238457.U2",
"label": "o 1 - o 21",
"cdl": [
{
"node": "d",
"type": "line-start",
"ref": "P238457.2",
"n": "1",
"label": "o 1"}
,
{
"node": "l",
"frag": "a-na",
"id": "P238457.l0490f",
"ref": "P238457.2.1",
"inst": "ana[to]PRP",
"sig": "@saao/saa17%akk-x-neobab:a-na=ana[to//to]PRP'PRP$ana",
"f": {"lang": "akk-x-neobab",
"form": "a-na",
"cf": "ana",
"gw": "to",
"sense": "to",
"norm": "ana",
"pos": "PRP",
"epos": "PRP"}
}
,
{
"node": "l",
"frag": "LUGAL",
"id": "P238457.l04910",
"ref": "P238457.2.2",
"inst": "šarri[king]N",
"sig": "@saao/saa17%akk-x-neobab:LUGAL=šarru[king//king]N'N$šarri",
"f": {"lang": "akk-x-neobab",
"form": "LUGAL",
"cf": "šarru",
"gw": "king",
"sense": "king",
"norm": "šarri",
"pos": "N",
"epos": "N"}
}
,
{
"node": "l",
"frag": "[be-li₂-i-ni",
"id": "P238457.l04911",
"ref": "P238457.2.3",
"inst": "bēlīni[lord]N",
"sig": "@saao/saa17%akk-x-neobab:be-li₂-i-ni=bēlu[lord//lord]N'N$bēlīni",
"f": {"lang": "akk-x-neobab",
"form": "be-li₂-i-ni",
"cf": "bēlu",
"gw": "lord",
"sense": "lord",
"norm": "bēlīni",
"pos": "N",
"epos": "N"}
}
,
{
"node": "l",
"frag": "ARAD-MEŠ-ka]",
"id": "P238457.l04912",
"ref": "P238457.2.4",
"inst": "ardēka[servant]N",
"sig": "@saao/saa17%akk-x-neobab:ARAD-MEŠ-ka=ardu[slave//servant]N'N$ardēka",
"f": {"lang": "akk-x-neobab",
"form": "ARAD-MEŠ-ka",
"cf": "ardu",
"gw": "slave",
"sense": "servant",
"norm": "ardēka",
"pos": "N",
"epos": "N"}
}
,
{
"node": "d",
"type": "line-start",
"ref": "P238457.3",
"n": "2",
"label": "o 2"}
,
{
"node": "l",
"frag": "{1}{d}AG-MU-[SI.SA₂",
"id": "P238457.l04913",
"ref": "P238457.3.1",
"inst": "Nabu-šumu-lišir[1]PN",
"sig": "@saao/saa17%akk-x-neobab:{1}{d}AG-MU-SI.SA₂=Nabu-šumu-lešir[1//1]PN'PN$Nabu-šumu-lišir",
"f": {"lang": "akk-x-neobab",
"form": "{1}{d}AG-MU-SI.SA₂",
"cf": "Nabu-šumu-lešir",
"gw": "1",
"sense": "1",
"norm": "Nabu-šumu-lišir",
"pos": "PN",
"epos": "PN"}
}
,
{
"node": "l",
"frag": "u",
"id": "P238457.l04914",
"ref": "P238457.3.2",
"inst": "u[and]CNJ",
"sig": "@saao/saa17%akk-x-neobab:u=u[and//and]CNJ'CNJ$u",
"f": {"lang": "akk-x-neobab",
"form": "u",
"cf": "u",
"gw": "and",
"sense": "and",
"norm": "u",
"pos": "CNJ",
"epos": "CNJ"}
}
,
{
"node": "l",
"frag": "{1}KAL-{d}EN-lu-mur]",
"id": "P238457.l04915",
"ref": "P238457.3.3",
"inst": "Aqar-Bel-lumur[1]PN",
"sig": "@saao/saa17%akk-x-neobab:{1}KAL-{d}EN-lu-mur=Aqar-Bel-lumur[1//1]PN'PN$Aqar-Bel-lumur",
"f": {"lang": "akk-x-neobab",
"form": "{1}KAL-{d}EN-lu-mur",
"cf": "Aqar-Bel-lumur",
"gw": "1",
"sense": "1",
"norm": "Aqar-Bel-lumur",
"pos": "PN",
"epos": "PN"}
}
,
{
"node": "d",
"type": "line-start",
"ref": "P238457.4",
"n": "3",
"label": "o 3"}
,
{
"node": "l",
"frag": "lu-u₂",
"id": "P238457.l04916",
"ref": "P238457.4.1",
"inst": "lū[may]MOD",
"sig": "@saao/saa17%akk-x-neobab:lu-u₂=lū[may//may]MOD'MOD$lū",
"f": {"lang": "akk-x-neobab",
"form": "lu-u₂",
"cf": "lū",
"gw": "may",
"sense": "may",
"norm": "lū",
"pos": "MOD",
"epos": "MOD"}
}
,
{
"node": "l",
"frag": "šu-[lum",
"id": "P238457.l04917",
"ref": "P238457.4.2",
"inst": "šulum[health]N",
"sig": "@saao/saa17%akk-x-neobab:šu-lum=šulmu[completeness//health]N'N$šulum",
"f": {"lang": "akk-x-neobab",
"form": "šu-lum",
"cf": "šulmu",
"gw": "completeness",
"sense": "health",
"norm": "šulum",
"pos": "N",
"epos": "N"}
}
,
{
"node": "l",
"frag": "a-na",
"id": "P238457.l04918",
"ref": "P238457.4.3",
"inst": "ana[to]PRP",
"sig": "@saao/saa17%akk-x-neobab:a-na=ana[to//to]PRP'PRP$ana",
"f": {"lang": "akk-x-neobab",
"form": "a-na",
"cf": "ana",
"gw": "to",
"sense": "to",
"norm": "ana",
"pos": "PRP",
"epos": "PRP"}
}
,
{
"node": "l",
"frag": "LUGAL",
"id": "P238457.l04919",
"ref": "P238457.4.4",
"inst": "šarri[king]N",
"sig": "@saao/saa17%akk-x-neobab:LUGAL=šarru[king//king]N'N$šarri",
"f": {"lang": "akk-x-neobab",
"form": "LUGAL",
"cf": "šarru",
"gw": "king",
"sense": "king",
"norm": "šarri",
"pos": "N",
"epos": "N"}
}
,
{
"node": "l",
"frag": "be-li₂-i-ni]",
"id": "P238457.l0491a",
"ref": "P238457.4.5",
"inst": "bēlīni[lord]N",
"sig": "@saao/saa17%akk-x-neobab:be-li₂-i-ni=bēlu[lord//lord]N'N$bēlīni",
"f": {"lang": "akk-x-neobab",
"form": "be-li₂-i-ni",
"cf": "bēlu",
"gw": "lord",
"sense": "lord",
"norm": "bēlīni",
"pos": "N",
"epos": "N"}
}
,
{
"node": "d",
"type": "line-start",
"ref": "P238457.5",
"n": "4",
"label": "o 4"}
,
{
"node": "l",
"frag": "um-ma-a",
"id": "P238457.l0491b",
"ref": "P238457.5.1",
"inst": "ummā[saying]PRP",
"sig": "@saao/saa17%akk-x-neobab:um-ma-a=umma[saying//saying]PRP'PRP$ummā",
"f": {"lang": "akk-x-neobab",
"form": "um-ma-a",
"cf": "umma",
"gw": "saying",
"sense": "saying",
"norm": "ummā",
"pos": "PRP",
"epos": "PRP"}
}
,
{
"node": "l",
"frag": "a-⸢na⸣",
"id": "P238457.l0491c",
"ref": "P238457.5.2",
"inst": "ana[to]PRP",
"sig": "@saao/saa17%akk-x-neobab:a-na=ana[to//to]PRP'PRP$ana",
"f": {"lang": "akk-x-neobab",
"form": "a-na",
"cf": "ana",
"gw": "to",
"sense": "to",
"norm": "ana",
"pos": "PRP",
"epos": "PRP"}
}
,
{
"node": "l",
"frag": "[LUGAL",
"id": "P238457.l0491d",
"ref": "P238457.5.3",
"inst": "šarri[king]N",
"sig": "@saao/saa17%akk-x-neobab:LUGAL=šarru[king//king]N'N$šarri",
"f": {"lang": "akk-x-neobab",
"form": "LUGAL",
"cf": "šarru",
"gw": "king",
"sense": "king",
"norm": "šarri",
"pos": "N",
"epos": "N"}
}
,
{
"node": "l",
"frag": "be-li₂-i-ni-a-ma]",
"id": "P238457.l0491e",
"ref": "P238457.5.4",
"inst": "bēlīniyāma[lord]N",
"sig": "@saao/saa17%akk-x-neobab:be-li₂-i-ni-a-ma=bēlu[lord//lord]N'N$bēlīniyāma",
"f": {"lang": "akk-x-neobab",
"form": "be-li₂-i-ni-a-ma",
"cf": "bēlu",
"gw": "lord",
"sense": "lord",
"norm": "bēlīniyāma",
"pos": "N",
"epos": "N"}
}
,
{
"node": "d",
"type": "line-start",
"ref": "P238457.6",
"n": "5",
"label": "o 5"}
,
{
"node": "l",
"frag": "šu-lum",
"id": "P238457.l0491f",
"ref": "P238457.6.1",
"inst": "šulum[health]N",
"sig": "@saao/saa17%akk-x-neobab:šu-lum=šulmu[completeness//health]N'N$šulum",
"f": {"lang": "akk-x-neobab",
"form": "šu-lum",
"cf": "šulmu",
"gw": "completeness",
"sense": "health",
"norm": "šulum",
"pos": "N",
"epos": "N"}
}
,
{
"node": "l",
"frag": "a-na",
"id": "P238457.l04920",
"ref": "P238457.6.2",
"inst": "ana[to]PRP",
"sig": "@saao/saa17%akk-x-neobab:a-na=ana[to//to]PRP'PRP$ana",
"f": {"lang": "akk-x-neobab",
"form": "a-na",
"cf": "ana",
"gw": "to",
"sense": "to",
"norm": "ana",
"pos": "PRP",
"epos": "PRP"}
}
,
{
"node": "l",
"frag": "{[uru}HAL.ṢU.MEŠ]",
"id": "P238457.l04921",
"ref": "P238457.6.3",
"inst": "bīrāti[fort]N",
"sig": "@saao/saa17%akk-x-neobab:{URU}HAL.ṢU.MEŠ=birtu[fort//fort]N'N$bīrāti",
"f": {"lang": "akk-x-neobab",
"form": "{URU}HAL.ṢU.MEŠ",
"cf": "birtu",
"gw": "fort",
"sense": "fort",
"norm": "bīrāti",
"pos": "N",
"epos": "N"}
}
,
{
"node": "d",
"type": "line-start",
"ref": "P238457.7",
"n": "6",
"label": "o 6"}
,
{
"node": "l",
"frag": "u₃",
"id": "P238457.l04922",
"ref": "P238457.7.1",
"inst": "u[and]CNJ",
"sig": "@saao/saa17%akk-x-neobab:u₃=u[and//and]CNJ'CNJ$u",
"f": {"lang": "akk-x-neobab",
"form": "u₃",
"cf": "u",
"gw": "and",
"sense": "and",
"norm": "u",
"pos": "CNJ",
"epos": "CNJ"}
}
,
{
"node": "l",
"frag": "e-mu-qi₂",
"id": "P238457.l04923",
"ref": "P238457.7.2",
"inst": "emūqī[troops]N",
"sig": "@saao/saa17%akk-x-neobab:e-mu-qi₂=emūqu[strength//troops]N'N$emūqī",
"f": {"lang": "akk-x-neobab",
"form": "e-mu-qi₂",
"cf": "emūqu",
"gw": "strength",
"sense": "troops",
"norm": "emūqī",
"pos": "N",
"epos": "N"}
}
,
{
"node": "l",
"frag": "[ša₂",
"id": "P238457.l04924",
"ref": "P238457.7.3",
"inst": "ša[of]DET",
"sig": "@saao/saa17%akk-x-neobab:ša₂=ša[of//of]DET'DET$ša",
"f": {"lang": "akk-x-neobab",
"form": "ša₂",
"cf": "ša",
"gw": "of",
"sense": "of",
"norm": "ša",
"pos": "DET",
"epos": "DET"}
}
,
{
"node": "l",
"frag": "LUGAL",
"id": "P238457.l04925",
"ref": "P238457.7.4",
"inst": "šarri[king]N",
"sig": "@saao/saa17%akk-x-neobab:LUGAL=šarru[king//king]N'N$šarri",
"f": {"lang": "akk-x-neobab",
"form": "LUGAL",
"cf": "šarru",
"gw": "king",
"sense": "king",
"norm": "šarri",
"pos": "N",
"epos": "N"}
}
,
{
"node": "l",
"frag": "ṭe₃-em]",
"id": "P238457.l04926",
"ref": "P238457.7.5",
"inst": "ṭēm[order//report]N",
"sig": "@saao/saa17%akk-x-neobab:ṭe₃-em=ṭēmu[(fore)thought//report]N'N$ṭēm",
"f": {"lang": "akk-x-neobab",
"form": "ṭe₃-em",
"cf": "ṭēmu",
"gw": "(fore)thought",
"sense": "report",
"norm": "ṭēm",
"pos": "N",
"epos": "N"}
}
,
{
"node": "d",
"type": "line-start",
"ref": "P238457.8",
"n": "7",
"label": "o 7"}
,
{
"node": "l",
"frag": "ša₂",
"id": "P238457.l04927",
"ref": "P238457.8.1",
"inst": "ša[of]DET",
"sig": "@saao/saa17%akk-x-neobab:ša₂=ša[of//of]DET'DET$ša",
"f": {"lang": "akk-x-neobab",
"form": "ša₂",
"cf": "ša",
"gw": "of",
"sense": "of",
"norm": "ša",
"pos": "DET",
"epos": "DET"}
}
,
{
"node": "l",
"frag": "UN-MEŠ",
"id": "P238457.l04928",
"ref": "P238457.8.2",
"inst": "nišī[people]N",
"sig": "@saao/saa17%akk-x-neobab:UN-MEŠ=nišu[people//people]N'N$nišī",
"f": {"lang": "akk-x-neobab",
"form": "UN-MEŠ",
"cf": "nišu",
"gw": "people",
"sense": "people",
"norm": "nišī",
"pos": "N",
"epos": "N"}
}
,
{
"node": "l",
"frag": "KUR",
"id": "P238457.l04929",
"ref": "P238457.8.3",
"inst": "māti[land]N",
"sig": "@saao/saa17%akk-x-neobab:KUR=mātu[land//land]N'N$māti",
"f": {"lang": "akk-x-neobab",
"form": "KUR",
"cf": "mātu",
"gw": "land",
"sense": "land",
"norm": "māti",
"pos": "N",
"epos": "N"}
}
,
{
"node": "l",
"frag": "šu-⸢lum⸣",
"id": "P238457.l0492a",
"ref": "P238457.8.4",
"inst": "šulum[health]N",
"sig": "@saao/saa17%akk-x-neobab:šu-lum=šulmu[completeness//health]N'N$šulum",
"f": {"lang": "akk-x-neobab",
"form": "šu-lum",
"cf": "šulmu",
"gw": "completeness",
"sense": "health",
"norm": "šulum",
"pos": "N",
"epos": "N"}
}
,
{
"node": "l",
"frag": "[ŠA₃-ba",
"id": "P238457.l0492b",
"ref": "P238457.8.5",
"inst": "libba[mood]N",
"sig": "@saao/saa17%akk-x-neobab:ŠA₃-ba=libbu[interior//mood]N'N$libba",
"f": {"lang": "akk-x-neobab",
"form": "ŠA₃-ba",
"cf": "libbu",
"gw": "interior",
"sense": "mood",
"norm": "libba",
"pos": "N",
"epos": "N"}
}
,
{
"node": "l",
"frag": "ša₂",
"id": "P238457.l0492c",
"ref": "P238457.8.6",
"inst": "ša[of]DET",
"sig": "@saao/saa17%akk-x-neobab:ša₂=ša[of//of]DET'DET$ša",
"f": {"lang": "akk-x-neobab",
"form": "ša₂",
"cf": "ša",
"gw": "of",
"sense": "of",
"norm": "ša",
"pos": "DET",
"epos": "DET"}
}
,
{
"node": "l",
"frag": "LUGAL]",
"id": "P238457.l0492d",
"ref": "P238457.8.7",
"inst": "šarri[king]N",
"sig": "@saao/saa17%akk-x-neobab:LUGAL=šarru[king//king]N'N$šarri",
"f": {"lang": "akk-x-neobab",
"form": "LUGAL",
"cf": "šarru",
"gw": "king",
"sense": "king",
"norm": "šarri",
"pos": "N",
"epos": "N"}
}
,
{
"node": "d",
"type": "line-start",
"ref": "P238457.9",
"n": "8",
"label": "o 8"}
,
{
"node": "l",
"frag": "be-li₂-i-ni",
"id": "P238457.l0492e",
"ref": "P238457.9.1",
"inst": "bēlīni[lord]N",
"sig": "@saao/saa17%akk-x-neobab:be-li₂-i-ni=bēlu[lord//lord]N'N$bēlīni",
"f": {"lang": "akk-x-neobab",
"form": "be-li₂-i-ni",
"cf": "bēlu",
"gw": "lord",
"sense": "lord",
"norm": "bēlīni",
"pos": "N",
"epos": "N"}
}
,
{
"node": "l",
"frag": "lu-u₂",
"id": "P238457.l0492f",
"ref": "P238457.9.2",
"inst": "lū[may]MOD",
"sig": "@saao/saa17%akk-x-neobab:lu-u₂=lū[may//may]MOD'MOD$lū",
"f": {"lang": "akk-x-neobab",
"form": "lu-u₂",
"cf": "lū",
"gw": "may",
"sense": "may",
"norm": "lū",
"pos": "MOD",
"epos": "MOD"}
}
,
{
"node": "l",
"frag": "[ṭa-a-bi",
"id": "P238457.l04930",
"ref": "P238457.9.3",
"inst": "ṭābi[good]AJ",
"sig": "@saao/saa17%akk-x-neobab:ṭa-a-bi=ṭābu[good//good]AJ'AJ$ṭābi",
"f": {"lang": "akk-x-neobab",
"form": "ṭa-a-bi",
"cf": "ṭābu",
"gw": "good",
"sense": "good",
"norm": "ṭābi",
"pos": "AJ",
"epos": "AJ"}
}
,
{
"node": "l",
"frag": "aš₂-šu₂",
"id": "P238457.l04931",
"ref": "P238457.9.4",
"inst": "aššu[concerning]'PRP",
"sig": "@saao/saa17%akk-x-neobab:aš₂-šu₂=aššu[because (of)//concerning]SBJ'PRP$aššu",
"f": {"lang": "akk-x-neobab",
"form": "aš₂-šu₂",
"cf": "aššu",
"gw": "because (of)",
"sense": "concerning",
"norm": "aššu",
"pos": "SBJ",
"epos": "PRP"}
}
,
{
"node": "l",
"frag": "ṭe₃-em]",
"id": "P238457.l04932",
"ref": "P238457.9.5",
"inst": "ṭēm[order//report]N",
"sig": "@saao/saa17%akk-x-neobab:ṭe₃-em=ṭēmu[(fore)thought//report]N'N$ṭēm",
"f": {"lang": "akk-x-neobab",
"form": "ṭe₃-em",
"cf": "ṭēmu",
"gw": "(fore)thought",
"sense": "report",
"norm": "ṭēm",
"pos": "N",
"epos": "N"}
}
,
{
"node": "d",
"type": "line-start",
"ref": "P238457.10",
"n": "9",
"label": "o 9"}
,
{
"node": "l",
"frag": "ša₂",
"id": "P238457.l04933",
"ref": "P238457.10.1",
"inst": "ša[of]DET",
"sig": "@saao/saa17%akk-x-neobab:ša₂=ša[of//of]DET'DET$ša",
"f": {"lang": "akk-x-neobab",
"form": "ša₂",
"cf": "ša",
"gw": "of",
"sense": "of",
"norm": "ša",
"pos": "DET",
"epos": "DET"}
}
,
{
"node": "l",
"frag": "DUMU-{1}ia-GIN",
"id": "P238457.l04934",
"ref": "P238457.10.2",
"inst": "Mar-Yakin[1]PN",
"sig": "@saao/saa17%akk-x-neobab:DUMU-{1}ia-GIN=Mar-Yakin[1//1]PN'PN$Mar-Yakin",
"f": {"lang": "akk-x-neobab",
"form": "DUMU-{1}ia-GIN",
"cf": "Mar-Yakin",
"gw": "1",
"sense": "1",
"norm": "Mar-Yakin",
"pos": "PN",
"epos": "PN"}
}
,
{
"node": "l",
"frag": "⸢ina⸣",
"id": "P238457.l04935",
"ref": "P238457.10.3",
"inst": "ina[in]PRP",
"sig": "@saao/saa17%akk-x-neobab:ina=ina[in//in]PRP'PRP$ina",
"f": {"lang": "akk-x-neobab",
"form": "ina",
"cf": "ina",
"gw": "in",
"sense": "in",
"norm": "ina",
"pos": "PRP",
"epos": "PRP"}
}
,
{
"node": "l",
"frag": "[TIN.TIR{ki}",
"id": "P238457.l04936",
"ref": "P238457.10.4",
"inst": "Babili[Babylon]GN",
"sig": "@saao/saa17%akk-x-neobab:TIN.TIR{KI}=Babili[Babylon//Babylon]GN'GN$Babili",
"f": {"lang": "akk-x-neobab",
"form": "TIN.TIR{KI}",
"cf": "Babili",
"gw": "Babylon",
"sense": "Babylon",
"norm": "Babili",
"pos": "GN",
"epos": "GN"}
}
,
{
"node": "l",
"frag": "šu₂-u₂]",
"id": "P238457.l04937",
"ref": "P238457.10.5",
"inst": "šû[he]IP",
"sig": "@saao/saa17%akk-x-neobab:šu₂-u₂=šū[he//he]IP'IP$šû",
"f": {"lang": "akk-x-neobab",
"form": "šu₂-u₂",
"cf": "šū",
"gw": "he",
"sense": "he",
"norm": "šû",
"pos": "IP",
"epos": "IP"}
}
,
{
"node": "d",
"type": "line-start",
"ref": "P238457.11",
"n": "10",
"label": "o 10"}
,
{
"node": "l",
"frag": "aš₂-šu₂",
"id": "P238457.l04938",
"ref": "P238457.11.1",
"inst": "aššu[concerning]'PRP",
"sig": "@saao/saa17%akk-x-neobab:aš₂-šu₂=aššu[because (of)//concerning]SBJ'PRP$aššu",
"f": {"lang": "akk-x-neobab",
"form": "aš₂-šu₂",
"cf": "aššu",
"gw": "because (of)",
"sense": "concerning",
"norm": "aššu",
"pos": "SBJ",
"epos": "PRP"}
}
,
{
"node": "l",
"frag": "ṭe₃-em",
"id": "P238457.l04939",
"ref": "P238457.11.2",
"inst": "ṭēm[order//report]N",
"sig": "@saao/saa17%akk-x-neobab:ṭe₃-em=ṭēmu[(fore)thought//report]N'N$ṭēm",
"f": {"lang": "akk-x-neobab",
"form": "ṭe₃-em",
"cf": "ṭēmu",
"gw": "(fore)thought",
"sense": "report",
"norm": "ṭēm",
"pos": "N",
"epos": "N"}
}
,
{
"node": "l",
"frag": "ša₂",
"id": "P238457.l0493a",
"ref": "P238457.11.3",
"inst": "ša[of]DET",
"sig": "@saao/saa17%akk-x-neobab:ša₂=ša[of//of]DET'DET$ša",
"f": {"lang": "akk-x-neobab",
"form": "ša₂",
"cf": "ša",
"gw": "of",
"sense": "of",
"norm": "ša",
"pos": "DET",
"epos": "DET"}
}
,
{
"node": "l",
"frag": "{lu₂}⸢da⸣-[ku-ru",
"id": "P238457.l0493b",
"ref": "P238457.11.4",
"inst": "Dakkuru[1]GN$",
"sig": "@saao/saa17%akk-x-neobab:{LU₂}da-ku-ru=Dakkuru[1//1]GN'GN$Dakkuru",
"f": {"lang": "akk-x-neobab",
"form": "{LU₂}da-ku-ru",
"cf": "Dakkuru",
"gw": "1",
"sense": "1",
"norm": "Dakkuru",
"pos": "GN",
"epos": "GN"}
}
,
{
"node": "l",
"frag": "{1}x",
"id": "P238457.l0493c",
"ref": "P238457.11.5",
"inst": "u",
"f": {"lang": "akk-x-neobab",
"form": "{1}x",
"pos": "u"}
}
,
{
"node": "l",
"frag": "x",
"id": "P238457.l0493d",
"ref": "P238457.11.6",
"inst": "u",
"f": {"lang": "akk-x-neobab",
"form": "x",
"pos": "u"}
}
,
{
"node": "l",
"frag": "x]",
"id": "P238457.l0493e",
"ref": "P238457.11.7",
"inst": "u",
"f": {"lang": "akk-x-neobab",
"form": "x",
"pos": "u"}
}
,
{
"node": "d",
"type": "line-start",
"ref": "P238457.12",
"n": "11",
"label": "o 11"}
,
{
"node": "l",
"frag": "DUMU-šu₂",
"id": "P238457.l0493f",
"ref": "P238457.12.1",
"inst": "māršu[son]N",
"sig": "@saao/saa17%akk-x-neobab:DUMU-šu₂=māru[son//son]N'N$māršu",
"f": {"lang": "akk-x-neobab",
"form": "DUMU-šu₂",
"cf": "māru",
"gw": "son",
"sense": "son",
"norm": "māršu",
"pos": "N",
"epos": "N"}
}
,
{
"node": "l",
"frag": "ša₂",
"id": "P238457.l04940",
"ref": "P238457.12.2",
"inst": "ša[of]DET",
"sig": "@saao/saa17%akk-x-neobab:ša₂=ša[of//of]DET'DET$ša",
"f": {"lang": "akk-x-neobab",
"form": "ša₂",
"cf": "ša",
"gw": "of",
"sense": "of",
"norm": "ša",
"pos": "DET",
"epos": "DET"}
}
,
{
"node": "l",
"frag": "{1}ra-ha-[x",
"id": "P238457.l04941",
"ref": "P238457.12.3",
"inst": "u",
"f": {"lang": "akk-x-neobab",
"form": "{1}ra-ha-x",
"pos": "u"}
}
,
{
"node": "l",
"frag": "x",
"id": "P238457.l04942",
"ref": "P238457.12.4",
"inst": "u",
"f": {"lang": "akk-x-neobab",
"form": "x",
"pos": "u"}
}
,
{
"node": "l",
"frag": "x",
"id": "P238457.l04943",
"ref": "P238457.12.5",
"inst": "u",
"f": {"lang": "akk-x-neobab",
"form": "x",
"pos": "u"}
}
,
{
"node": "l",
"frag": "x",
"id": "P238457.l04944",
"ref": "P238457.12.6",
"inst": "u",
"f": {"lang": "akk-x-neobab",
"form": "x",
"pos": "u"}
}
,
{
"node": "l",
"frag": "x]",
"id": "P238457.l04945",
"ref": "P238457.12.7",
"inst": "u",
"f": {"lang": "akk-x-neobab",
"form": "x",
"pos": "u"}
}
,
{
"node": "d",
"type": "line-start",
"ref": "P238457.13",
"n": "12",
"label": "o 12"}
,
{
"node": "l",
"frag": "ša₂",
"id": "P238457.l04946",
"ref": "P238457.13.1",
"inst": "ša[of]DET",
"sig": "@saao/saa17%akk-x-neobab:ša₂=ša[of//of]DET'DET$ša",
"f": {"lang": "akk-x-neobab",
"form": "ša₂",
"cf": "ša",
"gw": "of",
"sense": "of",
"norm": "ša",
"pos": "DET",
"epos": "DET"}
}
,
{
"node": "l",
"frag": "{1}la-an-še-e",
"id": "P238457.l04947",
"ref": "P238457.13.2",
"inst": "Lanše[1]PN$",
"sig": "@saao/saa17%akk-x-neobab:{1}la-an-še-e=Lanše[1//1]PN'PN$Lanše",
"f": {"lang": "akk-x-neobab",
"form": "{1}la-an-še-e",
"cf": "Lanše",
"gw": "1",
"sense": "1",
"norm": "Lanše",
"pos": "PN",
"epos": "PN"}
}
,
{
"node": "l",
"frag": "[x",
"id": "P238457.l04948",
"ref": "P238457.13.3",
"inst": "u",
"f": {"lang": "akk-x-neobab",
"form": "x",
"pos": "u"}
}
,
{
"node": "l",
"frag": "x",
"id": "P238457.l04949",
"ref": "P238457.13.4",
"inst": "u",
"f": {"lang": "akk-x-neobab",
"form": "x",
"pos": "u"}
}
,
{
"node": "l",
"frag": "x",
"id": "P238457.l0494a",
"ref": "P238457.13.5",
"inst": "u",
"f": {"lang": "akk-x-neobab",
"form": "x",
"pos": "u"}
}
,
{
"node": "l",
"frag": "x",
"id": "P238457.l0494b",
"ref": "P238457.13.6",
"inst": "u",
"f": {"lang": "akk-x-neobab",
"form": "x",
"pos": "u"}
}
,
{
"node": "l",
"frag": "x",
"id": "P238457.l0494c",
"ref": "P238457.13.7",
"inst": "u",
"f": {"lang": "akk-x-neobab",
"form": "x",
"pos": "u"}
}
,
{
"node": "l",
"frag": "x]",
"id": "P238457.l0494d",
"ref": "P238457.13.8",
"inst": "u",
"f": {"lang": "akk-x-neobab",
"form": "x",
"pos": "u"}
}
,
{
"node": "d",
"type": "line-start",
"ref": "P238457.14",
"n": "13",
"label": "o 13"}
,
{
"node": "l",
"frag": "{lu₂}DUB.SAR",
"id": "P238457.l0494e",
"ref": "P238457.14.1",
"inst": "ṭupšarru[scribe]N$",
"sig": "@saao/saa17%akk-x-neobab:{LU₂}DUB.SAR=ṭupšarru[scribe//scribe]N'N$ṭupšarru",
"f": {"lang": "akk-x-neobab",
"form": "{LU₂}DUB.SAR",
"cf": "ṭupšarru",
"gw": "scribe",
"sense": "scribe",
"norm": "ṭupšarru",
"pos": "N",
"epos": "N"}
}
,
{
"node": "l",
"frag": "ša₂",
"id": "P238457.l0494f",
"ref": "P238457.14.2",
"inst": "ša[of]DET",
"sig": "@saao/saa17%akk-x-neobab:ša₂=ša[of//of]DET'DET$ša",
"f": {"lang": "akk-x-neobab",
"form": "ša₂",
"cf": "ša",
"gw": "of",
"sense": "of",
"norm": "ša",
"pos": "DET",
"epos": "DET"}
}
,
{
"node": "l",
"frag": "[x",
"id": "P238457.l04950",
"ref": "P238457.14.3",
"inst": "u",
"f": {"lang": "akk-x-neobab",
"form": "x",
"pos": "u"}
}
,
{
"node": "l",
"frag": "x",
"id": "P238457.l04951",
"ref": "P238457.14.4",
"inst": "u",
"f": {"lang": "akk-x-neobab",
"form": "x",
"pos": "u"}
}
,
{
"node": "l",
"frag": "x",
"id": "P238457.l04952",
"ref": "P238457.14.5",
"inst": "u",
"f": {"lang": "akk-x-neobab",
"form": "x",
"pos": "u"}
}
,
{
"node": "l",
"frag": "x",
"id": "P238457.l04953",
"ref": "P238457.14.6",
"inst": "u",
"f": {"lang": "akk-x-neobab",
"form": "x",
"pos": "u"}
}
,
{
"node": "l",
"frag": "x",
"id": "P238457.l04954",
"ref": "P238457.14.7",
"inst": "u",
"f": {"lang": "akk-x-neobab",
"form": "x",
"pos": "u"}
}
,
{
"node": "l",
"frag": "x]",
"id": "P238457.l04955",
"ref": "P238457.14.8",
"inst": "u",
"f": {"lang": "akk-x-neobab",
"form": "x",
"pos": "u"}
}
,
{
"node": "d",
"type": "line-start",
"ref": "P238457.15",
"n": "14",
"label": "o 14"}
,
{
"node": "l",
"frag": "u₃",
"id": "P238457.l04956",
"ref": "P238457.15.1",
"inst": "u[and]CNJ",
"sig": "@saao/saa17%akk-x-neobab:u₃=u[and//and]CNJ'CNJ$u",
"f": {"lang": "akk-x-neobab",
"form": "u₃",
"cf": "u",
"gw": "and",
"sense": "and",
"norm": "u",
"pos": "CNJ",
"epos": "CNJ"}
}
,
{
"node": "l",
"frag": "{1}{d}AG-u₂-⸢šal⸣-[lim",
"id": "P238457.l04957",
"ref": "P238457.15.2",
"inst": "Nabu-ušallim[1]PN$",
"sig": "@saao/saa17%akk-x-neobab:{1}{d}AG-u₂-šal-lim=Nabu-ušallim[1//1]PN'PN$Nabu-ušallim",
"f": {"lang": "akk-x-neobab",
"form": "{1}{d}AG-u₂-šal-lim",
"cf": "Nabu-ušallim",
"gw": "1",
"sense": "1",
"norm": "Nabu-ušallim",
"pos": "PN",
"epos": "PN"}
}
,
{
"node": "l",
"frag": "x",
"id": "P238457.l04958",
"ref": "P238457.15.3",
"inst": "u",
"f": {"lang": "akk-x-neobab",
"form": "x",
"pos": "u"}
}
,
{
"node": "l",
"frag": "x",
"id": "P238457.l04959",
"ref": "P238457.15.4",
"inst": "u",
"f": {"lang": "akk-x-neobab",
"form": "x",
"pos": "u"}
}
,
{
"node": "l",
"frag": "x",
"id": "P238457.l0495a",
"ref": "P238457.15.5",
"inst": "u",
"f": {"lang": "akk-x-neobab",
"form": "x",
"pos": "u"}
}
,
{
"node": "l",
"frag": "x",
"id": "P238457.l0495b",
"ref": "P238457.15.6",
"inst": "u",
"f": {"lang": "akk-x-neobab",
"form": "x",
"pos": "u"}
}
,
{
"node": "l",
"frag": "x]",
"id": "P238457.l0495c",
"ref": "P238457.15.7",
"inst": "u",
"f": {"lang": "akk-x-neobab",
"form": "x",
"pos": "u"}
}
,
{
"node": "d",
"type": "line-start",
"ref": "P238457.16",
"n": "15",
"label": "o 15"}
,
{
"node": "l",
"frag": "a-na",
"id": "P238457.l0495d",
"ref": "P238457.16.1",
"inst": "ana[to+=because of]PRP$",
"sig": "@saao/saa17%akk-x-neobab:a-na=ana[to//to]PRP'PRP$ana",
"f": {"lang": "akk-x-neobab",
"form": "a-na",
"cf": "ana",
"gw": "to",
"sense": "to",
"norm": "ana",
"pos": "PRP",
"epos": "PRP"}
}
,
{
"node": "l",
"frag": "UGU",
"id": "P238457.l0495e",
"ref": "P238457.16.2",
"inst": "muhhu[skull]N$muhhi",
"sig": "@saao/saa17%akk-x-neobab:UGU=muhhu[skull//skull]N'N$muhhi",
"f": {"lang": "akk-x-neobab",
"form": "UGU",
"cf": "muhhu",
"gw": "skull",
"sense": "skull",
"norm": "muhhi",
"pos": "N",
"epos": "N"}
}
,
{
"node": "l",
"frag": "ṣa-ba-⸢ti⸣",
"id": "P238457.l0495f",
"ref": "P238457.16.3",
"inst": "ṣabātu[seize//seizure]V'N$ṣabāti",
"sig": "@saao/saa17%akk-x-neobab:ṣa-ba-ti=ṣabātu[seize//seizure]V'N$ṣabāti",
"f": {"lang": "akk-x-neobab",
"form": "ṣa-ba-ti",
"cf": "ṣabātu",
"gw": "seize",
"sense": "seizure",
"norm": "ṣabāti",
"pos": "V",
"epos": "N"}
}
,
{
"node": "l",
"frag": "[x",
"id": "P238457.l04960",
"ref": "P238457.16.4",
"inst": "u",
"f": {"lang": "akk-x-neobab",
"form": "x",
"pos": "u"}
}
,
{
"node": "l",
"frag": "x",
"id": "P238457.l04961",
"ref": "P238457.16.5",
"inst": "u",
"f": {"lang": "akk-x-neobab",
"form": "x",
"pos": "u"}
}
,
{
"node": "l",
"frag": "x",
"id": "P238457.l04962",
"ref": "P238457.16.6",
"inst": "u",
"f": {"lang": "akk-x-neobab",
"form": "x",
"pos": "u"}
}
,
{
"node": "l",
"frag": "x",
"id": "P238457.l04963",
"ref": "P238457.16.7",
"inst": "u",
"f": {"lang": "akk-x-neobab",
"form": "x",
"pos": "u"}
}
,
{
"node": "l",
"frag": "x",
"id": "P238457.l04964",
"ref": "P238457.16.8",
"inst": "u",
"f": {"lang": "akk-x-neobab",
"form": "x",
"pos": "u"}
}
,
{
"node": "l",
"frag": "x]",
"id": "P238457.l04965",
"ref": "P238457.16.9",
"inst": "u",
"f": {"lang": "akk-x-neobab",
"form": "x",
"pos": "u"}
}
,
{
"node": "d",
"type": "line-start",
"ref": "P238457.17",
"n": "16",
"label": "o 16"}
,
{
"node": "l",
"frag": "⸢x",
"id": "P238457.l04966",
"ref": "P238457.17.1",
"inst": "u",
"f": {"lang": "akk-x-neobab",
"form": "x",
"pos": "u"}
}
,
{
"node": "l",
"frag": "x⸣",
"id": "P238457.l04967",
"ref": "P238457.17.2",
"inst": "u",
"f": {"lang": "akk-x-neobab",
"form": "x",
"pos": "u"}
}
,
{
"node": "l",
"frag": "iṣ-ṣa-ba-⸢as⸣-[su",
"id": "P238457.l04968",
"ref": "P238457.17.3",
"inst": "ṣabātu[seize]V$iṣṣabassu",
"sig": "@saao/saa17%akk-x-neobab:iṣ-ṣa-ba-as-su=ṣabātu[seize//seize]V'V$iṣṣabassu",
"f": {"lang": "akk-x-neobab",
"form": "iṣ-ṣa-ba-as-su",
"cf": "ṣabātu",
"gw": "seize",
"sense": "seize",
"norm": "iṣṣabassu",
"pos": "V",
"epos": "V"}
}
,
{
"node": "l",
"frag": "x",
"id": "P238457.l04969",
"ref": "P238457.17.4",
"inst": "u",
"f": {"lang": "akk-x-neobab",
"form": "x",
"pos": "u"}
}
,
{
"node": "l",
"frag": "x",
"id": "P238457.l0496a",
"ref": "P238457.17.5",
"inst": "u",
"f": {"lang": "akk-x-neobab",
"form": "x",
"pos": "u"}
}
,
{
"node": "l",
"frag": "x",
"id": "P238457.l0496b",
"ref": "P238457.17.6",
"inst": "u",
"f": {"lang": "akk-x-neobab",
"form": "x",
"pos": "u"}
}
,
{
"node": "l",
"frag": "x",
"id": "P238457.l0496c",
"ref": "P238457.17.7",
"inst": "u",
"f": {"lang": "akk-x-neobab",
"form": "x",
"pos": "u"}
}
,
{
"node": "l",
"frag": "x]",
"id": "P238457.l0496d",
"ref": "P238457.17.8",
"inst": "u",
"f": {"lang": "akk-x-neobab",
"form": "x",
"pos": "u"}
}
,
{
"node": "d",
"type": "line-start",
"ref": "P238457.18",
"n": "17",
"label": "o 17"}
,
{
"node": "l",
"frag": "[x",
"id": "P238457.l0496e",
"ref": "P238457.18.1",
"inst": "u",
"f": {"lang": "akk-x-neobab",
"form": "x",
"pos": "u"}
}
,
{
"node": "l",
"frag": "x]-ni-šu₂-nu",
"id": "P238457.l0496f",
"ref": "P238457.18.2",
"inst": "u",
"f": {"lang": "akk-x-neobab",
"form": "x-ni-šu₂-nu",
"pos": "u"}
}
,
{
"node": "l",
"frag": "[x",
"id": "P238457.l04970",
"ref": "P238457.18.3",
"inst": "u",
"f": {"lang": "akk-x-neobab",
"form": "x",
"pos": "u"}
}
,
{
"node": "l",
"frag": "x",
"id": "P238457.l04971",
"ref": "P238457.18.4",
"inst": "u",
"f": {"lang": "akk-x-neobab",
"form": "x",
"pos": "u"}
}
,
{
"node": "l",
"frag": "x",
"id": "P238457.l04972",
"ref": "P238457.18.5",
"inst": "u",
"f": {"lang": "akk-x-neobab",
"form": "x",
"pos": "u"}
}
,
{
"node": "l",
"frag": "x",
"id": "P238457.l04973",
"ref": "P238457.18.6",
"inst": "u",
"f": {"lang": "akk-x-neobab",
"form": "x",
"pos": "u"}
}
,
{
"node": "l",
"frag": "x",
"id": "P238457.l04974",
"ref": "P238457.18.7",
"inst": "u",
"f": {"lang": "akk-x-neobab",
"form": "x",
"pos": "u"}
}
,
{
"node": "l",
"frag": "x",
"id": "P238457.l04975",
"ref": "P238457.18.8",
"inst": "u",
"f": {"lang": "akk-x-neobab",
"form": "x",
"pos": "u"}
}
,
{
"node": "l",
"frag": "x]",
"id": "P238457.l04976",
"ref": "P238457.18.9",
"inst": "u",
"f": {"lang": "akk-x-neobab",
"form": "x",
"pos": "u"}
}
,
{
"node": "d",
"type": "line-start",
"ref": "P238457.19",
"n": "18",
"label": "o 18"}
,
{
"node": "l",
"frag": "[x",
"id": "P238457.l04977",
"ref": "P238457.19.1",
"inst": "u",
"f": {"lang": "akk-x-neobab",
"form": "x",
"pos": "u"}
}
,
{
"node": "l",
"frag": "x",
"id": "P238457.l04978",
"ref": "P238457.19.2",
"inst": "u",
"f": {"lang": "akk-x-neobab",
"form": "x",
"pos": "u"}
}
,
{
"node": "l",
"frag": "x]",
"id": "P238457.l04979",
"ref": "P238457.19.3",
"inst": "u",
"f": {"lang": "akk-x-neobab",
"form": "x",
"pos": "u"}
}
,
{
"node": "l",
"frag": "⸢il⸣-li-[ka",
"id": "P238457.l0497a",
"ref": "P238457.19.4",
"inst": "illika[come]V",
"sig": "@saao/saa17%akk-x-neobab:il-li-ka=alāku[go//come]V'V$illika",
"f": {"lang": "akk-x-neobab",
"form": "il-li-ka",
"cf": "alāku",
"gw": "go",
"sense": "come",
"norm": "illika",
"pos": "V",
"epos": "V"}
}
,
{
"node": "l",
"frag": "x",
"id": "P238457.l0497b",
"ref": "P238457.19.5",
"inst": "u",
"f": {"lang": "akk-x-neobab",
"form": "x",
"pos": "u"}
}
,
{
"node": "l",
"frag": "x",
"id": "P238457.l0497c",
"ref": "P238457.19.6",
"inst": "u",
"f": {"lang": "akk-x-neobab",
"form": "x",
"pos": "u"}
}
,
{
"node": "l",
"frag": "x",
"id": "P238457.l0497d",
"ref": "P238457.19.7",
"inst": "u",
"f": {"lang": "akk-x-neobab",
"form": "x",
"pos": "u"}
}
,
{
"node": "l",
"frag": "x",
"id": "P238457.l0497e",
"ref": "P238457.19.8",
"inst": "u",
"f": {"lang": "akk-x-neobab",
"form": "x",
"pos": "u"}
}
,
{
"node": "l",
"frag": "x",
"id": "P238457.l0497f",
"ref": "P238457.19.9",
"inst": "u",
"f": {"lang": "akk-x-neobab",
"form": "x",
"pos": "u"}
}
,
{
"node": "l",
"frag": "x]",
"id": "P238457.l04980",
"ref": "P238457.19.10",
"inst": "u",
"f": {"lang": "akk-x-neobab",
"form": "x",
"pos": "u"}
}
,
{
"node": "d",
"type": "line-start",
"ref": "P238457.20",
"n": "19",
"label": "o 19"}
,
{
"node": "l",
"frag": "[x",
"id": "P238457.l04981",
"ref": "P238457.20.1",
"inst": "u",
"f": {"lang": "akk-x-neobab",
"form": "x",
"pos": "u"}
}
,
{
"node": "l",
"frag": "x",
"id": "P238457.l04982",
"ref": "P238457.20.2",
"inst": "u",
"f": {"lang": "akk-x-neobab",
"form": "x",
"pos": "u"}
}
,
{
"node": "l",
"frag": "x]",
"id": "P238457.l04983",
"ref": "P238457.20.3",
"inst": "u",
"f": {"lang": "akk-x-neobab",
"form": "x",
"pos": "u"}
}
,
{
"node": "l",
"frag": "ni",
"id": "P238457.l04984",
"ref": "P238457.20.4",
"inst": "u",
"f": {"lang": "akk-x-neobab",
"form": "ni",
"pos": "u"}
}
,
{
"node": "l",
"frag": "be",
"id": "P238457.l04985",
"ref": "P238457.20.5",
"inst": "u",
"f": {"lang": "akk-x-neobab",
"form": "be",
"pos": "u"}
}
,
{
"node": "l",
"frag": "[x",
"id": "P238457.l04986",
"ref": "P238457.20.6",
"inst": "u",
"f": {"lang": "akk-x-neobab",
"form": "x",
"pos": "u"}
}
,
{
"node": "l",
"frag": "x",
"id": "P238457.l04987",
"ref": "P238457.20.7",
"inst": "u",
"f": {"lang": "akk-x-neobab",
"form": "x",
"pos": "u"}
}
,
{
"node": "l",
"frag": "x",
"id": "P238457.l04988",
"ref": "P238457.20.8",
"inst": "u",
"f": {"lang": "akk-x-neobab",
"form": "x",
"pos": "u"}
}
,
{
"node": "l",
"frag": "x",
"id": "P238457.l04989",
"ref": "P238457.20.9",
"inst": "u",
"f": {"lang": "akk-x-neobab",
"form": "x",
"pos": "u"}
}
,
{
"node": "l",
"frag": "x",
"id": "P238457.l0498a",
"ref": "P238457.20.10",
"inst": "u",
"f": {"lang": "akk-x-neobab",
"form": "x",
"pos": "u"}
}
,
{
"node": "l",
"frag": "x]",
"id": "P238457.l0498b",
"ref": "P238457.20.11",
"inst": "u",
"f": {"lang": "akk-x-neobab",
"form": "x",
"pos": "u"}
}
,
{
"node": "d",
"type": "line-start",
"ref": "P238457.21",
"n": "20",
"label": "o 20"}
,
{
"node": "l",
"frag": "[x",
"id": "P238457.l0498c",
"ref": "P238457.21.1",
"inst": "u",
"f": {"lang": "akk-x-neobab",
"form": "x",
"pos": "u"}
}
,
{
"node": "l",
"frag": "x",
"id": "P238457.l0498d",
"ref": "P238457.21.2",
"inst": "u",
"f": {"lang": "akk-x-neobab",
"form": "x",
"pos": "u"}
}
,
{
"node": "l",
"frag": "x]",
"id": "P238457.l0498e",
"ref": "P238457.21.3",
"inst": "u",
"f": {"lang": "akk-x-neobab",
"form": "x",
"pos": "u"}
}
,
{
"node": "l",
"frag": "me",
"id": "P238457.l0498f",
"ref": "P238457.21.4",
"inst": "u",
"f": {"lang": "akk-x-neobab",
"form": "me",
"pos": "u"}
}
,
{
"node": "l",
"frag": "⸢x⸣+[x",
"id": "P238457.l04990",
"ref": "P238457.21.5",
"inst": "u",
"f": {"lang": "akk-x-neobab",
"form": "x+x",
"pos": "u"}
}
,
{
"node": "l",
"frag": "x",
"id": "P238457.l04991",
"ref": "P238457.21.6",
"inst": "u",
"f": {"lang": "akk-x-neobab",
"form": "x",
"pos": "u"}
}
,
{
"node": "l",
"frag": "x",
"id": "P238457.l04992",
"ref": "P238457.21.7",
"inst": "u",
"f": {"lang": "akk-x-neobab",
"form": "x",
"pos": "u"}
}
,
{
"node": "l",
"frag": "x",
"id": "P238457.l04993",
"ref": "P238457.21.8",
"inst": "u",
"f": {"lang": "akk-x-neobab",
"form": "x",
"pos": "u"}
}
,
{
"node": "l",
"frag": "x",
"id": "P238457.l04994",
"ref": "P238457.21.9",
"inst": "u",
"f": {"lang": "akk-x-neobab",
"form": "x",
"pos": "u"}
}
,
{
"node": "l",
"frag": "x]",
"id": "P238457.l04995",
"ref": "P238457.21.10",
"inst": "u",
"f": {"lang": "akk-x-neobab",
"form": "x",
"pos": "u"}
}
,
{
"node": "d",
"type": "line-start",
"ref": "P238457.22",
"n": "21",
"label": "o 21"}
,
{
"node": "l",
"frag": "[x",
"id": "P238457.l04996",
"ref": "P238457.22.1",
"inst": "u",
"f": {"lang": "akk-x-neobab",
"form": "x",
"pos": "u"}
}
,
{
"node": "l",
"frag": "x",
"id": "P238457.l04997",
"ref": "P238457.22.2",
"inst": "u",
"f": {"lang": "akk-x-neobab",
"form": "x",
"pos": "u"}
}
,
{
"node": "l",
"frag": "x",
"id": "P238457.l04998",
"ref": "P238457.22.3",
"inst": "u",
"f": {"lang": "akk-x-neobab",
"form": "x",
"pos": "u"}
}
,
{
"node": "l",
"frag": "x]+⸢x",
"id": "P238457.l04999",
"ref": "P238457.22.4",
"inst": "u",
"f": {"lang": "akk-x-neobab",
"form": "x+x",
"pos": "u"}
}
,
{
"node": "l",
"frag": "x⸣+[x",
"id": "P238457.l0499a",
"ref": "P238457.22.5",
"inst": "u",
"f": {"lang": "akk-x-neobab",
"form": "x+x",
"pos": "u"}
}
,
{
"node": "l",
"frag": "x",
"id": "P238457.l0499b",
"ref": "P238457.22.6",
"inst": "u",
"f": {"lang": "akk-x-neobab",
"form": "x",
"pos": "u"}
}
,
{
"node": "l",
"frag": "x",
"id": "P238457.l0499c",
"ref": "P238457.22.7",
"inst": "u",
"f": {"lang": "akk-x-neobab",
"form": "x",
"pos": "u"}
}
,
{
"node": "l",
"frag": "x",
"id": "P238457.l0499d",
"ref": "P238457.22.8",
"inst": "u",
"f": {"lang": "akk-x-neobab",
"form": "x",
"pos": "u"}
}
,
{
"node": "l",
"frag": "x",
"id": "P238457.l0499e",
"ref": "P238457.22.9",
"inst": "u",
"f": {"lang": "akk-x-neobab",
"form": "x",
"pos": "u"}
}
,
{
"node": "l",
"frag": "x",
"id": "P238457.l0499f",
"ref": "P238457.22.10",
"inst": "u",
"f": {"lang": "akk-x-neobab",
"form": "x",
"pos": "u"}
}
,
{
"node": "l",
"frag": "x]",
"id": "P238457.l049a0",
"ref": "P238457.22.11",
"inst": "u",
"f": {"lang": "akk-x-neobab",
"form": "x",
"pos": "u"}
}
,
{
"node": "d",
"type": "nonx",
"ref": "P238457.23",
"strict": "0",
"extent": "rest",
"state": "missing"}
,
{
"node": "d",
"subtype": "reverse",
"type": "surface",
"ref": "P238457.r.24",
"type": "reverse",
"label": "r"}
,
{
"node": "d",
"type": "nonx",
"ref": "P238457.25",
"strict": "0",
"extent": "rest",
"state": "missing"}
,
{
"node": "d",
"subtype": "edge",
"type": "surface",
"ref": "P238457.e..26",
"type": "edge",
"label": "e."}
,
{
"node": "d",
"type": "nonx",
"ref": "P238457.27",
"strict": "0",
"extent": "n",
"scope": "line",
"state": "other"}
]}
]}
]}
]}
