{
"type": "cdl",
  "source": "http://oracc.org/saao/saa17",
  "license": "This data is released under the CC0 license",
  "license-url": "https://creativecommons.org/publicdomain/zero/1.0/",
  "more-info": "http://oracc.org/doc/opendata/",
  "UTC-timestamp": "2017-05-19T11:58:35",
"project": "saao/saa17",
"textid": "P238665",
"cdl": [
{
"node": "c",
"type": "text",
"id": "P238665.U0",
"cdl": [
{
"node": "d",
"type": "object",
"ref": ""}
,
{
"node": "d",
"subtype": "obverse",
"type": "surface",
"ref": "P238665.o.1",
"type": "obverse",
"label": "o"}
,
{
"node": "c",
"type": "discourse",
"subtype": "body",
"id": "P238665.U1",
"cdl": [
{
"node": "c",
"type": "sentence",
"id": "P238665.U2",
"label": "o 1 - r.e. 20",
"cdl": [
{
"node": "d",
"type": "line-start",
"ref": "P238665.2",
"n": "1",
"label": "o 1"}
,
{
"node": "l",
"frag": "[ARAD-ka",
"id": "P238665.l01f22",
"ref": "P238665.2.1",
"inst": "aradka[servant]N",
"sig": "@saao/saa17%akk-x-neobab:ARAD-ka=ardu[slave//servant]N'N$aradka",
"f": {"lang": "akk-x-neobab",
"form": "ARAD-ka",
"cf": "ardu",
"gw": "slave",
"sense": "servant",
"norm": "aradka",
"pos": "N",
"epos": "N"}
}
,
{
"node": "l",
"frag": "{1}⸢ARAD⸣-{d}E₂.A",
"id": "P238665.l01f23",
"ref": "P238665.2.2",
"inst": "Arad-Ea[1]PN$",
"sig": "@saao/saa17%akk-x-neobab:{1}ARAD-{d}E₂.A=Arad-Ea[1//1]PN'PN$Arad-Ea",
"f": {"lang": "akk-x-neobab",
"form": "{1}ARAD-{d}E₂.A",
"cf": "Arad-Ea",
"gw": "1",
"sense": "1",
"norm": "Arad-Ea",
"pos": "PN",
"epos": "PN"}
}
,
{
"node": "d",
"type": "line-start",
"ref": "P238665.3",
"n": "2",
"label": "o 2"}
,
{
"node": "l",
"frag": "[a-na",
"id": "P238665.l01f24",
"ref": "P238665.3.1",
"inst": "ana[to]PRP",
"sig": "@saao/saa17%akk-x-neobab:a-na=ana[to//to]PRP'PRP$ana",
"f": {"lang": "akk-x-neobab",
"form": "a-na",
"cf": "ana",
"gw": "to",
"sense": "to",
"norm": "ana",
"pos": "PRP",
"epos": "PRP"}
}
,
{
"node": "l",
"frag": "di]-⸢na⸣-an",
"id": "P238665.l01f25",
"ref": "P238665.3.2",
"inst": "dinān[substitute]N",
"sig": "@saao/saa17%akk-x-neobab:di-na-an=dinānu[substitution//substitute]N'N$dinān",
"f": {"lang": "akk-x-neobab",
"form": "di-na-an",
"cf": "dinānu",
"gw": "substitution",
"sense": "substitute",
"norm": "dinān",
"pos": "N",
"epos": "N"}
}
,
{
"node": "l",
"frag": "LUGAL-GIN",
"id": "P238665.l01f26",
"ref": "P238665.3.3",
"inst": "Šarru-ken[Sargon II]PN$",
"sig": "@saao/saa17%akk-x-neobab:LUGAL-GIN=Šarru-ken[Sargon II//Sargon II]PN'PN$Šarru-ken",
"f": {"lang": "akk-x-neobab",
"form": "LUGAL-GIN",
"cf": "Šarru-ken",
"gw": "Sargon II",
"sense": "Sargon II",
"norm": "Šarru-ken",
"pos": "PN",
"epos": "PN"}
}
,
{
"node": "l",
"frag": "LUGAL",
"id": "P238665.l01f27",
"ref": "P238665.3.4",
"inst": "šarru[king]N$šar",
"sig": "@saao/saa17%akk-x-neobab:LUGAL=šarru[king//king]N'N$šar",
"f": {"lang": "akk-x-neobab",
"form": "LUGAL",
"cf": "šarru",
"gw": "king",
"sense": "king",
"norm": "šar",
"pos": "N",
"epos": "N"}
}
,
{
"node": "l",
"frag": "KUR.KUR",
"id": "P238665.l01f28",
"ref": "P238665.3.5",
"inst": "mātāti[land]N",
"sig": "@saao/saa17%akk-x-neobab:KUR.KUR=mātu[land//land]N'N$mātāti",
"f": {"lang": "akk-x-neobab",
"form": "KUR.KUR",
"cf": "mātu",
"gw": "land",
"sense": "land",
"norm": "mātāti",
"pos": "N",
"epos": "N"}
}
,
{
"node": "d",
"type": "line-start",
"ref": "P238665.4",
"n": "3",
"label": "o 3"}
,
{
"node": "l",
"frag": "[be-li₂-ia]",
"id": "P238665.l01f29",
"ref": "P238665.4.1",
"inst": "bēlīya[lord]N",
"sig": "@saao/saa17%akk-x-neobab:be-li₂-ia=bēlu[lord//lord]N'N$bēlīya",
"f": {"lang": "akk-x-neobab",
"form": "be-li₂-ia",
"cf": "bēlu",
"gw": "lord",
"sense": "lord",
"norm": "bēlīya",
"pos": "N",
"epos": "N"}
}
,
{
"node": "l",
"frag": "⸢lul⸣-lik",
"id": "P238665.l01f2a",
"ref": "P238665.4.2",
"inst": "lullik[go]V",
"sig": "@saao/saa17%akk-x-neobab:lul-lik=alāku[go//go]V'V$lullik",
"f": {"lang": "akk-x-neobab",
"form": "lul-lik",
"cf": "alāku",
"gw": "go",
"sense": "go",
"norm": "lullik",
"pos": "V",
"epos": "V"}
}
,
{
"node": "l",
"frag": "{d}AG",
"id": "P238665.l01f2b",
"ref": "P238665.4.3",
"inst": "Nabu[1]DN",
"sig": "@saao/saa17%akk-x-neobab:{d}AG=Nabu[1//1]DN'DN$Nabu",
"f": {"lang": "akk-x-neobab",
"form": "{d}AG",
"cf": "Nabu",
"gw": "1",
"sense": "1",
"norm": "Nabu",
"pos": "DN",
"epos": "DN"}
}
,
{
"node": "l",
"frag": "u",
"id": "P238665.l01f2c",
"ref": "P238665.4.4",
"inst": "u[and]CNJ",
"sig": "@saao/saa17%akk-x-neobab:u=u[and//and]CNJ'CNJ$u",
"f": {"lang": "akk-x-neobab",
"form": "u",
"cf": "u",
"gw": "and",
"sense": "and",
"norm": "u",
"pos": "CNJ",
"epos": "CNJ"}
}
,
{
"node": "l",
"frag": "{d}AMAR.UTU",
"id": "P238665.l01f2d",
"ref": "P238665.4.5",
"inst": "Marduk[1]DN",
"sig": "@saao/saa17%akk-x-neobab:{d}AMAR.UTU=Marduk[1//1]DN'DN$Marduk",
"f": {"lang": "akk-x-neobab",
"form": "{d}AMAR.UTU",
"cf": "Marduk",
"gw": "1",
"sense": "1",
"norm": "Marduk",
"pos": "DN",
"epos": "DN"}
}
,
{
"node": "d",
"type": "line-start",
"ref": "P238665.5",
"n": "4",
"label": "o 4"}
,
{
"node": "l",
"frag": "[a-na]",
"id": "P238665.l01f2e",
"ref": "P238665.5.1",
"inst": "ana[to]PRP",
"sig": "@saao/saa17%akk-x-neobab:a-na=ana[to//to]PRP'PRP$ana",
"f": {"lang": "akk-x-neobab",
"form": "a-na",
"cf": "ana",
"gw": "to",
"sense": "to",
"norm": "ana",
"pos": "PRP",
"epos": "PRP"}
}
,
{
"node": "l",
"frag": "⸢LUGAL⸣-GIN",
"id": "P238665.l01f2f",
"ref": "P238665.5.2",
"inst": "Šarru-ken[Sargon II]PN$",
"sig": "@saao/saa17%akk-x-neobab:LUGAL-GIN=Šarru-ken[Sargon II//Sargon II]PN'PN$Šarru-ken",
"f": {"lang": "akk-x-neobab",
"form": "LUGAL-GIN",
"cf": "Šarru-ken",
"gw": "Sargon II",
"sense": "Sargon II",
"norm": "Šarru-ken",
"pos": "PN",
"epos": "PN"}
}
,
{
"node": "l",
"frag": "LUGAL",
"id": "P238665.l01f30",
"ref": "P238665.5.3",
"inst": "šarru[king]N$šar",
"sig": "@saao/saa17%akk-x-neobab:LUGAL=šarru[king//king]N'N$šar",
"f": {"lang": "akk-x-neobab",
"form": "LUGAL",
"cf": "šarru",
"gw": "king",
"sense": "king",
"norm": "šar",
"pos": "N",
"epos": "N"}
}
,
{
"node": "l",
"frag": "KUR.KUR",
"id": "P238665.l01f31",
"ref": "P238665.5.4",
"inst": "mātāti[land]N",
"sig": "@saao/saa17%akk-x-neobab:KUR.KUR=mātu[land//land]N'N$mātāti",
"f": {"lang": "akk-x-neobab",
"form": "KUR.KUR",
"cf": "mātu",
"gw": "land",
"sense": "land",
"norm": "mātāti",
"pos": "N",
"epos": "N"}
}
,
{
"node": "l",
"frag": "lik-bu-ra",
"id": "P238665.l01f32",
"ref": "P238665.5.5",
"inst": "karābu[pray//bless]V$likbura",
"sig": "@saao/saa17%akk-x-neobab:lik-bu-ra=karābu[pray//bless]V'V$likbura",
"f": {"lang": "akk-x-neobab",
"form": "lik-bu-ra",
"cf": "karābu",
"gw": "pray",
"sense": "bless",
"norm": "likbura",
"pos": "V",
"epos": "V"}
}
,
{
"node": "d",
"type": "line-start",
"ref": "P238665.6",
"n": "5",
"label": "o 5"}
,
{
"node": "l",
"frag": "[um]-⸢ma⸣-a",
"id": "P238665.l01f33",
"ref": "P238665.6.1",
"inst": "umma[saying]PRP$ummā",
"sig": "@saao/saa17%akk-x-neobab:um-ma-a=umma[saying//saying]PRP'PRP$ummā",
"f": {"lang": "akk-x-neobab",
"form": "um-ma-a",
"cf": "umma",
"gw": "saying",
"sense": "saying",
"norm": "ummā",
"pos": "PRP",
"epos": "PRP"}
}
,
{
"node": "l",
"frag": "a-na",
"id": "P238665.l01f34",
"ref": "P238665.6.2",
"inst": "ana[to]PRP",
"sig": "@saao/saa17%akk-x-neobab:a-na=ana[to//to]PRP'PRP$ana",
"f": {"lang": "akk-x-neobab",
"form": "a-na",
"cf": "ana",
"gw": "to",
"sense": "to",
"norm": "ana",
"pos": "PRP",
"epos": "PRP"}
}
,
{
"node": "l",
"frag": "LUGAL",
"id": "P238665.l01f35",
"ref": "P238665.6.3",
"inst": "šarri[king]N",
"sig": "@saao/saa17%akk-x-neobab:LUGAL=šarru[king//king]N'N$šarri",
"f": {"lang": "akk-x-neobab",
"form": "LUGAL",
"cf": "šarru",
"gw": "king",
"sense": "king",
"norm": "šarri",
"pos": "N",
"epos": "N"}
}
,
{
"node": "l",
"frag": "be-li₂-ia-a-ma",
"id": "P238665.l01f36",
"ref": "P238665.6.4",
"inst": "bēlīyāma[lord]N",
"sig": "@saao/saa17%akk-x-neobab:be-li₂-ia-a-ma=bēlu[lord//lord]N'N$bēlīyāma",
"f": {"lang": "akk-x-neobab",
"form": "be-li₂-ia-a-ma",
"cf": "bēlu",
"gw": "lord",
"sense": "lord",
"norm": "bēlīyāma",
"pos": "N",
"epos": "N"}
}
,
{
"node": "d",
"type": "line-start",
"ref": "P238665.7",
"n": "6",
"label": "o 6"}
,
{
"node": "l",
"frag": "[x",
"id": "P238665.l01f37",
"ref": "P238665.7.1",
"inst": "u",
"f": {"lang": "akk-x-neobab",
"form": "x",
"pos": "u"}
}
,
{
"node": "l",
"frag": "x]+⸢x⸣-na-ni-i",
"id": "P238665.l01f38",
"ref": "P238665.7.2",
"inst": "u",
"f": {"lang": "akk-x-neobab",
"form": "x+x-na-ni-i",
"pos": "u"}
}
,
{
"node": "l",
"frag": "ša₂",
"id": "P238665.l01f39",
"ref": "P238665.7.3",
"inst": "ša[of]DET",
"sig": "@saao/saa17%akk-x-neobab:ša₂=ša[of//of]DET'DET$ša",
"f": {"lang": "akk-x-neobab",
"form": "ša₂",
"cf": "ša",
"gw": "of",
"sense": "of",
"norm": "ša",
"pos": "DET",
"epos": "DET"}
}
,
{
"node": "l",
"frag": "{1}ba-laṭ-su",
"id": "P238665.l01f3a",
"ref": "P238665.7.4",
"inst": "Balassu[1]PN$Balaṭsu",
"sig": "@saao/saa17%akk-x-neobab:{1}ba-laṭ-su=Balassu[1//1]PN'PN$Balaṭsu",
"f": {"lang": "akk-x-neobab",
"form": "{1}ba-laṭ-su",
"cf": "Balassu",
"gw": "1",
"sense": "1",
"norm": "Balaṭsu",
"pos": "PN",
"epos": "PN"}
}
,
{
"node": "l",
"frag": "ina",
"id": "P238665.l01f3b",
"ref": "P238665.7.5",
"inst": "ina[in+=in the service of]PRP",
"sig": "@saao/saa17%akk-x-neobab:ina=ina[in//in]PRP'PRP$ina",
"f": {"lang": "akk-x-neobab",
"form": "ina",
"cf": "ina",
"gw": "in",
"sense": "in",
"norm": "ina",
"pos": "PRP",
"epos": "PRP"}
}
,
{
"node": "l",
"frag": "pa-an",
"id": "P238665.l01f3c",
"ref": "P238665.7.6",
"inst": "pān[front]N",
"sig": "@saao/saa17%akk-x-neobab:pa-an=pānu[front//front]N'N$pān",
"f": {"lang": "akk-x-neobab",
"form": "pa-an",
"cf": "pānu",
"gw": "front",
"sense": "front",
"norm": "pān",
"pos": "N",
"epos": "N"}
}
,
{
"node": "d",
"type": "line-start",
"ref": "P238665.8",
"n": "7",
"label": "o 7"}
,
{
"node": "l",
"frag": "[x",
"id": "P238665.l01f3d",
"ref": "P238665.8.1",
"inst": "u",
"f": {"lang": "akk-x-neobab",
"form": "x",
"pos": "u"}
}
,
{
"node": "l",
"frag": "x]",
"id": "P238665.l01f3e",
"ref": "P238665.8.2",
"inst": "u",
"f": {"lang": "akk-x-neobab",
"form": "x",
"pos": "u"}
}
,
{
"node": "l",
"frag": "E₂",
"id": "P238665.l01f3f",
"ref": "P238665.8.3",
"inst": "bītu[house]N$bīti",
"sig": "@saao/saa17%akk-x-neobab:E₂=bītu[house//house]N'N$bīti",
"f": {"lang": "akk-x-neobab",
"form": "E₂",
"cf": "bītu",
"gw": "house",
"sense": "house",
"norm": "bīti",
"pos": "N",
"epos": "N"}
}
,
{
"node": "l",
"frag": "ša₂",
"id": "P238665.l01f40",
"ref": "P238665.8.4",
"inst": "ša[of]DET",
"sig": "@saao/saa17%akk-x-neobab:ša₂=ša[of//of]DET'DET$ša",
"f": {"lang": "akk-x-neobab",
"form": "ša₂",
"cf": "ša",
"gw": "of",
"sense": "of",
"norm": "ša",
"pos": "DET",
"epos": "DET"}
}
,
{
"node": "l",
"frag": "ma-ha-zu",
"id": "P238665.l01f41",
"ref": "P238665.8.5",
"inst": "māhāzu[shrine//cult centre]N$",
"sig": "@saao/saa17%akk-x-neobab:ma-ha-zu=māhāzu[shrine//cult centre]N'N$māhāzu",
"f": {"lang": "akk-x-neobab",
"form": "ma-ha-zu",
"cf": "māhāzu",
"gw": "shrine",
"sense": "cult centre",
"norm": "māhāzu",
"pos": "N",
"epos": "N"}
}
,
{
"node": "l",
"frag": "a-na",
"id": "P238665.l01f42",
"ref": "P238665.8.6",
"inst": "ana[for]PRP",
"sig": "@saao/saa17%akk-x-neobab:a-na=ana[to//for]PRP'PRP$ana",
"f": {"lang": "akk-x-neobab",
"form": "a-na",
"cf": "ana",
"gw": "to",
"sense": "for",
"norm": "ana",
"pos": "PRP",
"epos": "PRP"}
}
,
{
"node": "l",
"frag": "šul-mu",
"id": "P238665.l01f43",
"ref": "P238665.8.7",
"inst": "šulmu[health]N",
"sig": "@saao/saa17%akk-x-neobab:šul-mu=šulmu[completeness//health]N'N$šulmu",
"f": {"lang": "akk-x-neobab",
"form": "šul-mu",
"cf": "šulmu",
"gw": "completeness",
"sense": "health",
"norm": "šulmu",
"pos": "N",
"epos": "N"}
}
,
{
"node": "l",
"frag": "LUGAL",
"id": "P238665.l01f44",
"ref": "P238665.8.8",
"inst": "šarri[king]N",
"sig": "@saao/saa17%akk-x-neobab:LUGAL=šarru[king//king]N'N$šarri",
"f": {"lang": "akk-x-neobab",
"form": "LUGAL",
"cf": "šarru",
"gw": "king",
"sense": "king",
"norm": "šarri",
"pos": "N",
"epos": "N"}
}
,
{
"node": "l",
"frag": "be-li₂-ia₂",
"id": "P238665.l01f45",
"ref": "P238665.8.9",
"inst": "bēlīya[lord]N",
"sig": "@saao/saa17%akk-x-neobab:be-li₂-ia₂=bēlu[lord//lord]N'N$bēlīya",
"f": {"lang": "akk-x-neobab",
"form": "be-li₂-ia₂",
"cf": "bēlu",
"gw": "lord",
"sense": "lord",
"norm": "bēlīya",
"pos": "N",
"epos": "N"}
}
,
{
"node": "d",
"type": "line-start",
"ref": "P238665.9",
"n": "8",
"label": "o 8"}
,
{
"node": "l",
"frag": "[li]-ir-bi",
"id": "P238665.l01f46",
"ref": "P238665.9.1",
"inst": "rabû[be(come) big//grow]V$lirbi",
"sig": "@saao/saa17%akk-x-neobab:li-ir-bi=rabû[be(come) big//grow]V'V$lirbi",
"f": {"lang": "akk-x-neobab",
"form": "li-ir-bi",
"cf": "rabû",
"gw": "be(come) big",
"sense": "grow",
"norm": "lirbi",
"pos": "V",
"epos": "V"}
}
,
{
"node": "l",
"frag": "i-na",
"id": "P238665.l01f47",
"ref": "P238665.9.2",
"inst": "ina[in//from]PRP$",
"sig": "@saao/saa17%akk-x-neobab:i-na=ina[in//from]PRP'PRP$ina",
"f": {"lang": "akk-x-neobab",
"form": "i-na",
"cf": "ina",
"gw": "in",
"sense": "from",
"norm": "ina",
"pos": "PRP",
"epos": "PRP"}
}
,
{
"node": "l",
"frag": "pi-i",
"id": "P238665.l01f48",
"ref": "P238665.9.3",
"inst": "pî[mouth]N",
"sig": "@saao/saa17%akk-x-neobab:pi-i=pû[mouth//mouth]N'N$pî",
"f": {"lang": "akk-x-neobab",
"form": "pi-i",
"cf": "pû",
"gw": "mouth",
"sense": "mouth",
"norm": "pî",
"pos": "N",
"epos": "N"}
}
,
{
"node": "l",
"frag": "LUGAL",
"id": "P238665.l01f49",
"ref": "P238665.9.4",
"inst": "šarri[king]N",
"sig": "@saao/saa17%akk-x-neobab:LUGAL=šarru[king//king]N'N$šarri",
"f": {"lang": "akk-x-neobab",
"form": "LUGAL",
"cf": "šarru",
"gw": "king",
"sense": "king",
"norm": "šarri",
"pos": "N",
"epos": "N"}
}
,
{
"node": "l",
"frag": "be-li₂-ia",
"id": "P238665.l01f4a",
"ref": "P238665.9.5",
"inst": "bēlīya[lord]N",
"sig": "@saao/saa17%akk-x-neobab:be-li₂-ia=bēlu[lord//lord]N'N$bēlīya",
"f": {"lang": "akk-x-neobab",
"form": "be-li₂-ia",
"cf": "bēlu",
"gw": "lord",
"sense": "lord",
"norm": "bēlīya",
"pos": "N",
"epos": "N"}
}
,
{
"node": "d",
"type": "line-start",
"ref": "P238665.10",
"n": "9",
"label": "o 9"}
,
{
"node": "l",
"frag": "[al]-⸢te⸣-mu",
"id": "P238665.l01f4b",
"ref": "P238665.10.1",
"inst": "altemu[hear]V",
"sig": "@saao/saa17%akk-x-neobab:al-te-mu=šemû[hear//hear]V'V$altemu",
"f": {"lang": "akk-x-neobab",
"form": "al-te-mu",
"cf": "šemû",
"gw": "hear",
"sense": "hear",
"norm": "altemu",
"pos": "V",
"epos": "V"}
}
,
{
"node": "l",
"frag": "um-ma",
"id": "P238665.l01f4c",
"ref": "P238665.10.2",
"inst": "umma[saying]PRP",
"sig": "@saao/saa17%akk-x-neobab:um-ma=umma[saying//saying]PRP'PRP$umma",
"f": {"lang": "akk-x-neobab",
"form": "um-ma",
"cf": "umma",
"gw": "saying",
"sense": "saying",
"norm": "umma",
"pos": "PRP",
"epos": "PRP"}
}
,
{
"node": "l",
"frag": "lu-u₂",
"id": "P238665.l01f4d",
"ref": "P238665.10.3",
"inst": "lū[may]MOD",
"sig": "@saao/saa17%akk-x-neobab:lu-u₂=lū[may//may]MOD'MOD$lū",
"f": {"lang": "akk-x-neobab",
"form": "lu-u₂",
"cf": "lū",
"gw": "may",
"sense": "may",
"norm": "lū",
"pos": "MOD",
"epos": "MOD"}
}
,
{
"node": "l",
"frag": "⸢ha-ma-tu-nu⸣",
"id": "P238665.l01f4e",
"ref": "P238665.10.4",
"inst": "hamû[secure//glad]AJ$hamātunu",
"sig": "@saao/saa17%akk-x-neobab:ha-ma-tu-nu=hamû[secure//glad]AJ'AJ$hamātunu",
"f": {"lang": "akk-x-neobab",
"form": "ha-ma-tu-nu",
"cf": "hamû",
"gw": "secure",
"sense": "glad",
"norm": "hamātunu",
"pos": "AJ",
"epos": "AJ"}
}
,
{
"node": "d",
"type": "line-start",
"ref": "P238665.11",
"n": "10",
"label": "o 10"}
,
{
"node": "l",
"frag": "[x",
"id": "P238665.l01f4f",
"ref": "P238665.11.1",
"inst": "u",
"f": {"lang": "akk-x-neobab",
"form": "x",
"pos": "u"}
}
,
{
"node": "l",
"frag": "x",
"id": "P238665.l01f50",
"ref": "P238665.11.2",
"inst": "u",
"f": {"lang": "akk-x-neobab",
"form": "x",
"pos": "u"}
}
,
{
"node": "l",
"frag": "x]",
"id": "P238665.l01f51",
"ref": "P238665.11.3",
"inst": "u",
"f": {"lang": "akk-x-neobab",
"form": "x",
"pos": "u"}
}
,
{
"node": "l",
"frag": "EN",
"id": "P238665.l01f52",
"ref": "P238665.11.4",
"inst": "bēlu[lord]N$bēl",
"sig": "@saao/saa17%akk-x-neobab:EN=bēlu[lord//lord]N'N$bēl",
"f": {"lang": "akk-x-neobab",
"form": "EN",
"cf": "bēlu",
"gw": "lord",
"sense": "lord",
"norm": "bēl",
"pos": "N",
"epos": "N"}
}
,
{
"node": "l",
"frag": "za-⸢ka⸣",
"id": "P238665.l01f53",
"ref": "P238665.11.5",
"inst": "u",
"f": {"lang": "akk-x-neobab",
"form": "za-ka",
"pos": "u"}
}
,
{
"node": "l",
"frag": "[x",
"id": "P238665.l01f54",
"ref": "P238665.11.6",
"inst": "u",
"f": {"lang": "akk-x-neobab",
"form": "x",
"pos": "u"}
}
,
{
"node": "l",
"frag": "x",
"id": "P238665.l01f55",
"ref": "P238665.11.7",
"inst": "u",
"f": {"lang": "akk-x-neobab",
"form": "x",
"pos": "u"}
}
,
{
"node": "l",
"frag": "x",
"id": "P238665.l01f56",
"ref": "P238665.11.8",
"inst": "u",
"f": {"lang": "akk-x-neobab",
"form": "x",
"pos": "u"}
}
,
{
"node": "l",
"frag": "x",
"id": "P238665.l01f57",
"ref": "P238665.11.9",
"inst": "u",
"f": {"lang": "akk-x-neobab",
"form": "x",
"pos": "u"}
}
,
{
"node": "l",
"frag": "x]",
"id": "P238665.l01f58",
"ref": "P238665.11.10",
"inst": "u",
"f": {"lang": "akk-x-neobab",
"form": "x",
"pos": "u"}
}
,
{
"node": "d",
"type": "line-start",
"ref": "P238665.12",
"n": "11",
"label": "o 11"}
,
{
"node": "l",
"frag": "[x",
"id": "P238665.l01f59",
"ref": "P238665.12.1",
"inst": "u",
"f": {"lang": "akk-x-neobab",
"form": "x",
"pos": "u"}
}
,
{
"node": "l",
"frag": "x",
"id": "P238665.l01f5a",
"ref": "P238665.12.2",
"inst": "u",
"f": {"lang": "akk-x-neobab",
"form": "x",
"pos": "u"}
}
,
{
"node": "l",
"frag": "x]",
"id": "P238665.l01f5b",
"ref": "P238665.12.3",
"inst": "u",
"f": {"lang": "akk-x-neobab",
"form": "x",
"pos": "u"}
}
,
{
"node": "l",
"frag": "⸢ki⸣-i",
"id": "P238665.l01f5c",
"ref": "P238665.12.4",
"inst": "kî[like]PRP",
"sig": "@saao/saa17%akk-x-neobab:ki-i=kī[like//like]PRP'PRP$kî",
"f": {"lang": "akk-x-neobab",
"form": "ki-i",
"cf": "kī",
"gw": "like",
"sense": "like",
"norm": "kî",
"pos": "PRP",
"epos": "PRP"}
}
,
{
"node": "l",
"frag": "[x",
"id": "P238665.l01f5d",
"ref": "P238665.12.5",
"inst": "u",
"f": {"lang": "akk-x-neobab",
"form": "x",
"pos": "u"}
}
,
{
"node": "l",
"frag": "x",
"id": "P238665.l01f5e",
"ref": "P238665.12.6",
"inst": "u",
"f": {"lang": "akk-x-neobab",
"form": "x",
"pos": "u"}
}
,
{
"node": "l",
"frag": "x",
"id": "P238665.l01f5f",
"ref": "P238665.12.7",
"inst": "u",
"f": {"lang": "akk-x-neobab",
"form": "x",
"pos": "u"}
}
,
{
"node": "l",
"frag": "x",
"id": "P238665.l01f60",
"ref": "P238665.12.8",
"inst": "u",
"f": {"lang": "akk-x-neobab",
"form": "x",
"pos": "u"}
}
,
{
"node": "l",
"frag": "x",
"id": "P238665.l01f61",
"ref": "P238665.12.9",
"inst": "u",
"f": {"lang": "akk-x-neobab",
"form": "x",
"pos": "u"}
}
,
{
"node": "l",
"frag": "x",
"id": "P238665.l01f62",
"ref": "P238665.12.10",
"inst": "u",
"f": {"lang": "akk-x-neobab",
"form": "x",
"pos": "u"}
}
,
{
"node": "l",
"frag": "x]",
"id": "P238665.l01f63",
"ref": "P238665.12.11",
"inst": "u",
"f": {"lang": "akk-x-neobab",
"form": "x",
"pos": "u"}
}
,
{
"node": "d",
"type": "line-start",
"ref": "P238665.13",
"n": "12",
"label": "o 12"}
,
{
"node": "l",
"frag": "[x",
"id": "P238665.l01f64",
"ref": "P238665.13.1",
"inst": "u",
"f": {"lang": "akk-x-neobab",
"form": "x",
"pos": "u"}
}
,
{
"node": "l",
"frag": "x",
"id": "P238665.l01f65",
"ref": "P238665.13.2",
"inst": "u",
"f": {"lang": "akk-x-neobab",
"form": "x",
"pos": "u"}
}
,
{
"node": "l",
"frag": "x",
"id": "P238665.l01f66",
"ref": "P238665.13.3",
"inst": "u",
"f": {"lang": "akk-x-neobab",
"form": "x",
"pos": "u"}
}
,
{
"node": "l",
"frag": "x",
"id": "P238665.l01f67",
"ref": "P238665.13.4",
"inst": "u",
"f": {"lang": "akk-x-neobab",
"form": "x",
"pos": "u"}
}
,
{
"node": "l",
"frag": "x",
"id": "P238665.l01f68",
"ref": "P238665.13.5",
"inst": "u",
"f": {"lang": "akk-x-neobab",
"form": "x",
"pos": "u"}
}
,
{
"node": "l",
"frag": "x",
"id": "P238665.l01f69",
"ref": "P238665.13.6",
"inst": "u",
"f": {"lang": "akk-x-neobab",
"form": "x",
"pos": "u"}
}
,
{
"node": "l",
"frag": "x",
"id": "P238665.l01f6a",
"ref": "P238665.13.7",
"inst": "u",
"f": {"lang": "akk-x-neobab",
"form": "x",
"pos": "u"}
}
,
{
"node": "l",
"frag": "x",
"id": "P238665.l01f6b",
"ref": "P238665.13.8",
"inst": "u",
"f": {"lang": "akk-x-neobab",
"form": "x",
"pos": "u"}
}
,
{
"node": "l",
"frag": "x",
"id": "P238665.l01f6c",
"ref": "P238665.13.9",
"inst": "u",
"f": {"lang": "akk-x-neobab",
"form": "x",
"pos": "u"}
}
,
{
"node": "l",
"frag": "x",
"id": "P238665.l01f6d",
"ref": "P238665.13.10",
"inst": "u",
"f": {"lang": "akk-x-neobab",
"form": "x",
"pos": "u"}
}
,
{
"node": "l",
"frag": "x",
"id": "P238665.l01f6e",
"ref": "P238665.13.11",
"inst": "u",
"f": {"lang": "akk-x-neobab",
"form": "x",
"pos": "u"}
}
,
{
"node": "l",
"frag": "x]",
"id": "P238665.l01f6f",
"ref": "P238665.13.12",
"inst": "u",
"f": {"lang": "akk-x-neobab",
"form": "x",
"pos": "u"}
}
,
{
"node": "d",
"type": "line-start",
"ref": "P238665.14",
"n": "13",
"label": "o 13"}
,
{
"node": "l",
"frag": "[x",
"id": "P238665.l01f70",
"ref": "P238665.14.1",
"inst": "u",
"f": {"lang": "akk-x-neobab",
"form": "x",
"pos": "u"}
}
,
{
"node": "l",
"frag": "x",
"id": "P238665.l01f71",
"ref": "P238665.14.2",
"inst": "u",
"f": {"lang": "akk-x-neobab",
"form": "x",
"pos": "u"}
}
,
{
"node": "l",
"frag": "x",
"id": "P238665.l01f72",
"ref": "P238665.14.3",
"inst": "u",
"f": {"lang": "akk-x-neobab",
"form": "x",
"pos": "u"}
}
,
{
"node": "l",
"frag": "x",
"id": "P238665.l01f73",
"ref": "P238665.14.4",
"inst": "u",
"f": {"lang": "akk-x-neobab",
"form": "x",
"pos": "u"}
}
,
{
"node": "l",
"frag": "x",
"id": "P238665.l01f74",
"ref": "P238665.14.5",
"inst": "u",
"f": {"lang": "akk-x-neobab",
"form": "x",
"pos": "u"}
}
,
{
"node": "l",
"frag": "x]",
"id": "P238665.l01f75",
"ref": "P238665.14.6",
"inst": "u",
"f": {"lang": "akk-x-neobab",
"form": "x",
"pos": "u"}
}
,
{
"node": "l",
"frag": "{⸢lu₂⸣}MAŠ.EN.GAG",
"id": "P238665.l01f76",
"ref": "P238665.14.7",
"inst": "muškēnu[dependant//poor man]N$muškēn",
"sig": "@saao/saa17%akk-x-neobab:{LU₂}MAŠ.EN.GAG=muškēnu[dependant//poor man]N'N$muškēn",
"f": {"lang": "akk-x-neobab",
"form": "{LU₂}MAŠ.EN.GAG",
"cf": "muškēnu",
"gw": "dependant",
"sense": "poor man",
"norm": "muškēn",
"pos": "N",
"epos": "N"}
}
,
{
"node": "l",
"frag": "URU",
"id": "P238665.l01f77",
"ref": "P238665.14.8",
"inst": "āli[town]N",
"sig": "@saao/saa17%akk-x-neobab:URU=ālu[city//town]N'N$āli",
"f": {"lang": "akk-x-neobab",
"form": "URU",
"cf": "ālu",
"gw": "city",
"sense": "town",
"norm": "āli",
"pos": "N",
"epos": "N"}
}
,
{
"node": "d",
"type": "line-start",
"ref": "P238665.15",
"n": "14",
"label": "o 14"}
,
{
"node": "l",
"frag": "[x",
"id": "P238665.l01f78",
"ref": "P238665.15.1",
"inst": "u",
"f": {"lang": "akk-x-neobab",
"form": "x",
"pos": "u"}
}
,
{
"node": "l",
"frag": "x",
"id": "P238665.l01f79",
"ref": "P238665.15.2",
"inst": "u",
"f": {"lang": "akk-x-neobab",
"form": "x",
"pos": "u"}
}
,
{
"node": "l",
"frag": "x",
"id": "P238665.l01f7a",
"ref": "P238665.15.3",
"inst": "u",
"f": {"lang": "akk-x-neobab",
"form": "x",
"pos": "u"}
}
,
{
"node": "l",
"frag": "x",
"id": "P238665.l01f7b",
"ref": "P238665.15.4",
"inst": "u",
"f": {"lang": "akk-x-neobab",
"form": "x",
"pos": "u"}
}
,
{
"node": "l",
"frag": "x",
"id": "P238665.l01f7c",
"ref": "P238665.15.5",
"inst": "u",
"f": {"lang": "akk-x-neobab",
"form": "x",
"pos": "u"}
}
,
{
"node": "l",
"frag": "x",
"id": "P238665.l01f7d",
"ref": "P238665.15.6",
"inst": "u",
"f": {"lang": "akk-x-neobab",
"form": "x",
"pos": "u"}
}
,
{
"node": "l",
"frag": "lu]-u₂",
"id": "P238665.l01f7e",
"ref": "P238665.15.7",
"inst": "lū[may]MOD",
"sig": "@saao/saa17%akk-x-neobab:lu-u₂=lū[may//may]MOD'MOD$lū",
"f": {"lang": "akk-x-neobab",
"form": "lu-u₂",
"cf": "lū",
"gw": "may",
"sense": "may",
"norm": "lū",
"pos": "MOD",
"epos": "MOD"}
}
,
{
"node": "l",
"frag": "ha-ma-tu-nu",
"id": "P238665.l01f7f",
"ref": "P238665.15.8",
"inst": "hamātunu[glad]AJ",
"sig": "@saao/saa17%akk-x-neobab:ha-ma-tu-nu=hamû[secure//glad]AJ'AJ$hamātunu",
"f": {"lang": "akk-x-neobab",
"form": "ha-ma-tu-nu",
"cf": "hamû",
"gw": "secure",
"sense": "glad",
"norm": "hamātunu",
"pos": "AJ",
"epos": "AJ"}
}
,
{
"node": "d",
"type": "line-start",
"ref": "P238665.16",
"n": "15",
"label": "o 15"}
,
{
"node": "l",
"frag": "[x",
"id": "P238665.l01f80",
"ref": "P238665.16.1",
"inst": "u",
"f": {"lang": "akk-x-neobab",
"form": "x",
"pos": "u"}
}
,
{
"node": "l",
"frag": "x",
"id": "P238665.l01f81",
"ref": "P238665.16.2",
"inst": "u",
"f": {"lang": "akk-x-neobab",
"form": "x",
"pos": "u"}
}
,
{
"node": "l",
"frag": "x",
"id": "P238665.l01f82",
"ref": "P238665.16.3",
"inst": "u",
"f": {"lang": "akk-x-neobab",
"form": "x",
"pos": "u"}
}
,
{
"node": "l",
"frag": "x",
"id": "P238665.l01f83",
"ref": "P238665.16.4",
"inst": "u",
"f": {"lang": "akk-x-neobab",
"form": "x",
"pos": "u"}
}
,
{
"node": "l",
"frag": "x",
"id": "P238665.l01f84",
"ref": "P238665.16.5",
"inst": "u",
"f": {"lang": "akk-x-neobab",
"form": "x",
"pos": "u"}
}
,
{
"node": "l",
"frag": "x]",
"id": "P238665.l01f85",
"ref": "P238665.16.6",
"inst": "u",
"f": {"lang": "akk-x-neobab",
"form": "x",
"pos": "u"}
}
,
{
"node": "l",
"frag": "⸢LUGAL⸣",
"id": "P238665.l01f86",
"ref": "P238665.16.7",
"inst": "šarri[king]N",
"sig": "@saao/saa17%akk-x-neobab:LUGAL=šarru[king//king]N'N$šarri",
"f": {"lang": "akk-x-neobab",
"form": "LUGAL",
"cf": "šarru",
"gw": "king",
"sense": "king",
"norm": "šarri",
"pos": "N",
"epos": "N"}
}
,
{
"node": "l",
"frag": "be-li₂-i-ni",
"id": "P238665.l01f87",
"ref": "P238665.16.8",
"inst": "bēlīni[lord]N",
"sig": "@saao/saa17%akk-x-neobab:be-li₂-i-ni=bēlu[lord//lord]N'N$bēlīni",
"f": {"lang": "akk-x-neobab",
"form": "be-li₂-i-ni",
"cf": "bēlu",
"gw": "lord",
"sense": "lord",
"norm": "bēlīni",
"pos": "N",
"epos": "N"}
}
,
{
"node": "d",
"type": "line-start",
"ref": "P238665.17",
"n": "16",
"label": "o 16"}
,
{
"node": "l",
"frag": "[x",
"id": "P238665.l01f88",
"ref": "P238665.17.1",
"inst": "u",
"f": {"lang": "akk-x-neobab",
"form": "x",
"pos": "u"}
}
,
{
"node": "l",
"frag": "x",
"id": "P238665.l01f89",
"ref": "P238665.17.2",
"inst": "u",
"f": {"lang": "akk-x-neobab",
"form": "x",
"pos": "u"}
}
,
{
"node": "l",
"frag": "x",
"id": "P238665.l01f8a",
"ref": "P238665.17.3",
"inst": "u",
"f": {"lang": "akk-x-neobab",
"form": "x",
"pos": "u"}
}
,
{
"node": "l",
"frag": "x",
"id": "P238665.l01f8b",
"ref": "P238665.17.4",
"inst": "u",
"f": {"lang": "akk-x-neobab",
"form": "x",
"pos": "u"}
}
,
{
"node": "l",
"frag": "x",
"id": "P238665.l01f8c",
"ref": "P238665.17.5",
"inst": "u",
"f": {"lang": "akk-x-neobab",
"form": "x",
"pos": "u"}
}
,
{
"node": "l",
"frag": "x",
"id": "P238665.l01f8d",
"ref": "P238665.17.6",
"inst": "u",
"f": {"lang": "akk-x-neobab",
"form": "x",
"pos": "u"}
}
,
{
"node": "l",
"frag": "x",
"id": "P238665.l01f8e",
"ref": "P238665.17.7",
"inst": "u",
"f": {"lang": "akk-x-neobab",
"form": "x",
"pos": "u"}
}
,
{
"node": "l",
"frag": "x",
"id": "P238665.l01f8f",
"ref": "P238665.17.8",
"inst": "u",
"f": {"lang": "akk-x-neobab",
"form": "x",
"pos": "u"}
}
,
{
"node": "l",
"frag": "x]+⸢x⸣-ku-nu",
"id": "P238665.l01f90",
"ref": "P238665.17.9",
"inst": "u",
"f": {"lang": "akk-x-neobab",
"form": "x+x-ku-nu",
"pos": "u"}
}
,
{
"node": "d",
"type": "nonx",
"ref": "P238665.18",
"strict": "0",
"state": "other"}
,
{
"node": "d",
"subtype": "reverse",
"type": "surface",
"ref": "P238665.r.19",
"type": "reverse",
"label": "r"}
,
{
"node": "d",
"type": "line-start",
"ref": "P238665.20",
"n": "1",
"label": "r 1"}
,
{
"node": "l",
"frag": "[x",
"id": "P238665.l01f91",
"ref": "P238665.20.1",
"inst": "u",
"f": {"lang": "akk-x-neobab",
"form": "x",
"pos": "u"}
}
,
{
"node": "l",
"frag": "x",
"id": "P238665.l01f92",
"ref": "P238665.20.2",
"inst": "u",
"f": {"lang": "akk-x-neobab",
"form": "x",
"pos": "u"}
}
,
{
"node": "l",
"frag": "x",
"id": "P238665.l01f93",
"ref": "P238665.20.3",
"inst": "u",
"f": {"lang": "akk-x-neobab",
"form": "x",
"pos": "u"}
}
,
{
"node": "l",
"frag": "x",
"id": "P238665.l01f94",
"ref": "P238665.20.4",
"inst": "u",
"f": {"lang": "akk-x-neobab",
"form": "x",
"pos": "u"}
}
,
{
"node": "l",
"frag": "x",
"id": "P238665.l01f95",
"ref": "P238665.20.5",
"inst": "u",
"f": {"lang": "akk-x-neobab",
"form": "x",
"pos": "u"}
}
,
{
"node": "l",
"frag": "x",
"id": "P238665.l01f96",
"ref": "P238665.20.6",
"inst": "u",
"f": {"lang": "akk-x-neobab",
"form": "x",
"pos": "u"}
}
,
{
"node": "l",
"frag": "x",
"id": "P238665.l01f97",
"ref": "P238665.20.7",
"inst": "u",
"f": {"lang": "akk-x-neobab",
"form": "x",
"pos": "u"}
}
,
{
"node": "l",
"frag": "x",
"id": "P238665.l01f98",
"ref": "P238665.20.8",
"inst": "u",
"f": {"lang": "akk-x-neobab",
"form": "x",
"pos": "u"}
}
,
{
"node": "l",
"frag": "x",
"id": "P238665.l01f99",
"ref": "P238665.20.9",
"inst": "u",
"f": {"lang": "akk-x-neobab",
"form": "x",
"pos": "u"}
}
,
{
"node": "l",
"frag": "x]",
"id": "P238665.l01f9a",
"ref": "P238665.20.10",
"inst": "u",
"f": {"lang": "akk-x-neobab",
"form": "x",
"pos": "u"}
}
,
{
"node": "l",
"frag": "ki-i",
"id": "P238665.l01f9b",
"ref": "P238665.20.11",
"inst": "kî[like]PRP",
"sig": "@saao/saa17%akk-x-neobab:ki-i=kī[like//like]PRP'PRP$kî",
"f": {"lang": "akk-x-neobab",
"form": "ki-i",
"cf": "kī",
"gw": "like",
"sense": "like",
"norm": "kî",
"pos": "PRP",
"epos": "PRP"}
}
,
{
"node": "d",
"type": "line-start",
"ref": "P238665.21",
"n": "2",
"label": "r 2"}
,
{
"node": "l",
"frag": "[x",
"id": "P238665.l01f9c",
"ref": "P238665.21.1",
"inst": "u",
"f": {"lang": "akk-x-neobab",
"form": "x",
"pos": "u"}
}
,
{
"node": "l",
"frag": "x",
"id": "P238665.l01f9d",
"ref": "P238665.21.2",
"inst": "u",
"f": {"lang": "akk-x-neobab",
"form": "x",
"pos": "u"}
}
,
{
"node": "l",
"frag": "x",
"id": "P238665.l01f9e",
"ref": "P238665.21.3",
"inst": "u",
"f": {"lang": "akk-x-neobab",
"form": "x",
"pos": "u"}
}
,
{
"node": "l",
"frag": "x",
"id": "P238665.l01f9f",
"ref": "P238665.21.4",
"inst": "u",
"f": {"lang": "akk-x-neobab",
"form": "x",
"pos": "u"}
}
,
{
"node": "l",
"frag": "x",
"id": "P238665.l01fa0",
"ref": "P238665.21.5",
"inst": "u",
"f": {"lang": "akk-x-neobab",
"form": "x",
"pos": "u"}
}
,
{
"node": "l",
"frag": "x",
"id": "P238665.l01fa1",
"ref": "P238665.21.6",
"inst": "u",
"f": {"lang": "akk-x-neobab",
"form": "x",
"pos": "u"}
}
,
{
"node": "l",
"frag": "x",
"id": "P238665.l01fa2",
"ref": "P238665.21.7",
"inst": "u",
"f": {"lang": "akk-x-neobab",
"form": "x",
"pos": "u"}
}
,
{
"node": "l",
"frag": "x",
"id": "P238665.l01fa3",
"ref": "P238665.21.8",
"inst": "u",
"f": {"lang": "akk-x-neobab",
"form": "x",
"pos": "u"}
}
,
{
"node": "l",
"frag": "x",
"id": "P238665.l01fa4",
"ref": "P238665.21.9",
"inst": "u",
"f": {"lang": "akk-x-neobab",
"form": "x",
"pos": "u"}
}
,
{
"node": "l",
"frag": "x]-gu-nu",
"id": "P238665.l01fa5",
"ref": "P238665.21.10",
"inst": "u",
"f": {"lang": "akk-x-neobab",
"form": "x-gu-nu",
"pos": "u"}
}
,
{
"node": "d",
"type": "line-start",
"ref": "P238665.22",
"n": "3",
"label": "r 3"}
,
{
"node": "l",
"frag": "[x",
"id": "P238665.l01fa6",
"ref": "P238665.22.1",
"inst": "u",
"f": {"lang": "akk-x-neobab",
"form": "x",
"pos": "u"}
}
,
{
"node": "l",
"frag": "x",
"id": "P238665.l01fa7",
"ref": "P238665.22.2",
"inst": "u",
"f": {"lang": "akk-x-neobab",
"form": "x",
"pos": "u"}
}
,
{
"node": "l",
"frag": "x",
"id": "P238665.l01fa8",
"ref": "P238665.22.3",
"inst": "u",
"f": {"lang": "akk-x-neobab",
"form": "x",
"pos": "u"}
}
,
{
"node": "l",
"frag": "x",
"id": "P238665.l01fa9",
"ref": "P238665.22.4",
"inst": "u",
"f": {"lang": "akk-x-neobab",
"form": "x",
"pos": "u"}
}
,
{
"node": "l",
"frag": "x",
"id": "P238665.l01faa",
"ref": "P238665.22.5",
"inst": "u",
"f": {"lang": "akk-x-neobab",
"form": "x",
"pos": "u"}
}
,
{
"node": "l",
"frag": "x",
"id": "P238665.l01fab",
"ref": "P238665.22.6",
"inst": "u",
"f": {"lang": "akk-x-neobab",
"form": "x",
"pos": "u"}
}
,
{
"node": "l",
"frag": "x",
"id": "P238665.l01fac",
"ref": "P238665.22.7",
"inst": "u",
"f": {"lang": "akk-x-neobab",
"form": "x",
"pos": "u"}
}
,
{
"node": "l",
"frag": "x",
"id": "P238665.l01fad",
"ref": "P238665.22.8",
"inst": "u",
"f": {"lang": "akk-x-neobab",
"form": "x",
"pos": "u"}
}
,
{
"node": "l",
"frag": "x",
"id": "P238665.l01fae",
"ref": "P238665.22.9",
"inst": "u",
"f": {"lang": "akk-x-neobab",
"form": "x",
"pos": "u"}
}
,
{
"node": "l",
"frag": "x]-nu",
"id": "P238665.l01faf",
"ref": "P238665.22.10",
"inst": "u",
"f": {"lang": "akk-x-neobab",
"form": "x-nu",
"pos": "u"}
}
,
{
"node": "d",
"type": "line-start",
"ref": "P238665.23",
"n": "4",
"label": "r 4"}
,
{
"node": "l",
"frag": "[x",
"id": "P238665.l01fb0",
"ref": "P238665.23.1",
"inst": "u",
"f": {"lang": "akk-x-neobab",
"form": "x",
"pos": "u"}
}
,
{
"node": "l",
"frag": "x",
"id": "P238665.l01fb1",
"ref": "P238665.23.2",
"inst": "u",
"f": {"lang": "akk-x-neobab",
"form": "x",
"pos": "u"}
}
,
{
"node": "l",
"frag": "x",
"id": "P238665.l01fb2",
"ref": "P238665.23.3",
"inst": "u",
"f": {"lang": "akk-x-neobab",
"form": "x",
"pos": "u"}
}
,
{
"node": "l",
"frag": "x",
"id": "P238665.l01fb3",
"ref": "P238665.23.4",
"inst": "u",
"f": {"lang": "akk-x-neobab",
"form": "x",
"pos": "u"}
}
,
{
"node": "l",
"frag": "x",
"id": "P238665.l01fb4",
"ref": "P238665.23.5",
"inst": "u",
"f": {"lang": "akk-x-neobab",
"form": "x",
"pos": "u"}
}
,
{
"node": "l",
"frag": "x",
"id": "P238665.l01fb5",
"ref": "P238665.23.6",
"inst": "u",
"f": {"lang": "akk-x-neobab",
"form": "x",
"pos": "u"}
}
,
{
"node": "l",
"frag": "x",
"id": "P238665.l01fb6",
"ref": "P238665.23.7",
"inst": "u",
"f": {"lang": "akk-x-neobab",
"form": "x",
"pos": "u"}
}
,
{
"node": "l",
"frag": "x",
"id": "P238665.l01fb7",
"ref": "P238665.23.8",
"inst": "u",
"f": {"lang": "akk-x-neobab",
"form": "x",
"pos": "u"}
}
,
{
"node": "l",
"frag": "x]",
"id": "P238665.l01fb8",
"ref": "P238665.23.9",
"inst": "u",
"f": {"lang": "akk-x-neobab",
"form": "x",
"pos": "u"}
}
,
{
"node": "l",
"frag": "⸢uz⸣-zak-ka-an-na-šu₂",
"id": "P238665.l01fb9",
"ref": "P238665.23.10",
"inst": "+zakû[be(come) clear//exempt]V'V$uzzakkannāšu",
"sig": "@saao/saa17%akk-x-neobab:uz-zak-ka-an-na-šu₂=zakû[be(come) clear//exempt]V'V$uzzakkannāšu",
"f": {"lang": "akk-x-neobab",
"form": "uz-zak-ka-an-na-šu₂",
"cf": "zakû",
"gw": "be(come) clear",
"sense": "exempt",
"norm": "uzzakkannāšu",
"pos": "V",
"epos": "V"}
}
,
{
"node": "d",
"type": "line-start",
"ref": "P238665.24",
"n": "5",
"label": "r 5"}
,
{
"node": "l",
"frag": "[x",
"id": "P238665.l01fba",
"ref": "P238665.24.1",
"inst": "u",
"f": {"lang": "akk-x-neobab",
"form": "x",
"pos": "u"}
}
,
{
"node": "l",
"frag": "x",
"id": "P238665.l01fbb",
"ref": "P238665.24.2",
"inst": "u",
"f": {"lang": "akk-x-neobab",
"form": "x",
"pos": "u"}
}
,
{
"node": "l",
"frag": "x",
"id": "P238665.l01fbc",
"ref": "P238665.24.3",
"inst": "u",
"f": {"lang": "akk-x-neobab",
"form": "x",
"pos": "u"}
}
,
{
"node": "l",
"frag": "x",
"id": "P238665.l01fbd",
"ref": "P238665.24.4",
"inst": "u",
"f": {"lang": "akk-x-neobab",
"form": "x",
"pos": "u"}
}
,
{
"node": "l",
"frag": "x",
"id": "P238665.l01fbe",
"ref": "P238665.24.5",
"inst": "u",
"f": {"lang": "akk-x-neobab",
"form": "x",
"pos": "u"}
}
,
{
"node": "l",
"frag": "x",
"id": "P238665.l01fbf",
"ref": "P238665.24.6",
"inst": "u",
"f": {"lang": "akk-x-neobab",
"form": "x",
"pos": "u"}
}
,
{
"node": "l",
"frag": "x",
"id": "P238665.l01fc0",
"ref": "P238665.24.7",
"inst": "u",
"f": {"lang": "akk-x-neobab",
"form": "x",
"pos": "u"}
}
,
{
"node": "l",
"frag": "x",
"id": "P238665.l01fc1",
"ref": "P238665.24.8",
"inst": "u",
"f": {"lang": "akk-x-neobab",
"form": "x",
"pos": "u"}
}
,
{
"node": "l",
"frag": "x",
"id": "P238665.l01fc2",
"ref": "P238665.24.9",
"inst": "u",
"f": {"lang": "akk-x-neobab",
"form": "x",
"pos": "u"}
}
,
{
"node": "l",
"frag": "x]",
"id": "P238665.l01fc3",
"ref": "P238665.24.10",
"inst": "u",
"f": {"lang": "akk-x-neobab",
"form": "x",
"pos": "u"}
}
,
{
"node": "l",
"frag": "iš-mu-u₂",
"id": "P238665.l01fc4",
"ref": "P238665.24.11",
"inst": "išmû[hear]V",
"sig": "@saao/saa17%akk-x-neobab:iš-mu-u₂=šemû[hear//hear]V'V$išmû",
"f": {"lang": "akk-x-neobab",
"form": "iš-mu-u₂",
"cf": "šemû",
"gw": "hear",
"sense": "hear",
"norm": "išmû",
"pos": "V",
"epos": "V"}
}
,
{
"node": "d",
"type": "line-start",
"ref": "P238665.25",
"n": "6",
"label": "r 6"}
,
{
"node": "l",
"frag": "[x",
"id": "P238665.l01fc5",
"ref": "P238665.25.1",
"inst": "u",
"f": {"lang": "akk-x-neobab",
"form": "x",
"pos": "u"}
}
,
{
"node": "l",
"frag": "x",
"id": "P238665.l01fc6",
"ref": "P238665.25.2",
"inst": "u",
"f": {"lang": "akk-x-neobab",
"form": "x",
"pos": "u"}
}
,
{
"node": "l",
"frag": "x",
"id": "P238665.l01fc7",
"ref": "P238665.25.3",
"inst": "u",
"f": {"lang": "akk-x-neobab",
"form": "x",
"pos": "u"}
}
,
{
"node": "l",
"frag": "x",
"id": "P238665.l01fc8",
"ref": "P238665.25.4",
"inst": "u",
"f": {"lang": "akk-x-neobab",
"form": "x",
"pos": "u"}
}
,
{
"node": "l",
"frag": "x",
"id": "P238665.l01fc9",
"ref": "P238665.25.5",
"inst": "u",
"f": {"lang": "akk-x-neobab",
"form": "x",
"pos": "u"}
}
,
{
"node": "l",
"frag": "x",
"id": "P238665.l01fca",
"ref": "P238665.25.6",
"inst": "u",
"f": {"lang": "akk-x-neobab",
"form": "x",
"pos": "u"}
}
,
{
"node": "l",
"frag": "x",
"id": "P238665.l01fcb",
"ref": "P238665.25.7",
"inst": "u",
"f": {"lang": "akk-x-neobab",
"form": "x",
"pos": "u"}
}
,
{
"node": "l",
"frag": "x",
"id": "P238665.l01fcc",
"ref": "P238665.25.8",
"inst": "u",
"f": {"lang": "akk-x-neobab",
"form": "x",
"pos": "u"}
}
,
{
"node": "l",
"frag": "x]",
"id": "P238665.l01fcd",
"ref": "P238665.25.9",
"inst": "u",
"f": {"lang": "akk-x-neobab",
"form": "x",
"pos": "u"}
}
,
{
"node": "l",
"frag": "⸢in⸣-da-ha-su",
"id": "P238665.l01fce",
"ref": "P238665.25.10",
"inst": "mahāṣu[beat//hit]V$indahassu",
"sig": "@saao/saa17%akk-x-neobab:in-da-ha-su=mahāṣu[beat//hit]V'V$indahassu",
"f": {"lang": "akk-x-neobab",
"form": "in-da-ha-su",
"cf": "mahāṣu",
"gw": "beat",
"sense": "hit",
"norm": "indahassu",
"pos": "V",
"epos": "V"}
}
,
{
"node": "d",
"type": "line-start",
"ref": "P238665.26",
"n": "7",
"label": "r 7"}
,
{
"node": "l",
"frag": "[x",
"id": "P238665.l01fcf",
"ref": "P238665.26.1",
"inst": "u",
"f": {"lang": "akk-x-neobab",
"form": "x",
"pos": "u"}
}
,
{
"node": "l",
"frag": "x",
"id": "P238665.l01fd0",
"ref": "P238665.26.2",
"inst": "u",
"f": {"lang": "akk-x-neobab",
"form": "x",
"pos": "u"}
}
,
{
"node": "l",
"frag": "x",
"id": "P238665.l01fd1",
"ref": "P238665.26.3",
"inst": "u",
"f": {"lang": "akk-x-neobab",
"form": "x",
"pos": "u"}
}
,
{
"node": "l",
"frag": "x",
"id": "P238665.l01fd2",
"ref": "P238665.26.4",
"inst": "u",
"f": {"lang": "akk-x-neobab",
"form": "x",
"pos": "u"}
}
,
{
"node": "l",
"frag": "x",
"id": "P238665.l01fd3",
"ref": "P238665.26.5",
"inst": "u",
"f": {"lang": "akk-x-neobab",
"form": "x",
"pos": "u"}
}
,
{
"node": "l",
"frag": "x",
"id": "P238665.l01fd4",
"ref": "P238665.26.6",
"inst": "u",
"f": {"lang": "akk-x-neobab",
"form": "x",
"pos": "u"}
}
,
{
"node": "l",
"frag": "x",
"id": "P238665.l01fd5",
"ref": "P238665.26.7",
"inst": "u",
"f": {"lang": "akk-x-neobab",
"form": "x",
"pos": "u"}
}
,
{
"node": "l",
"frag": "x",
"id": "P238665.l01fd6",
"ref": "P238665.26.8",
"inst": "u",
"f": {"lang": "akk-x-neobab",
"form": "x",
"pos": "u"}
}
,
{
"node": "l",
"frag": "x",
"id": "P238665.l01fd7",
"ref": "P238665.26.9",
"inst": "u",
"f": {"lang": "akk-x-neobab",
"form": "x",
"pos": "u"}
}
,
{
"node": "l",
"frag": "i]-lam-mu-ni-iš",
"id": "P238665.l01fd8",
"ref": "P238665.26.10",
"inst": "lawû[surround]V$ilammûniš",
"sig": "@saao/saa17%akk-x-neobab:i-lam-mu-ni-iš=lawû[surround//surround]V'V$ilammûniš",
"f": {"lang": "akk-x-neobab",
"form": "i-lam-mu-ni-iš",
"cf": "lawû",
"gw": "surround",
"sense": "surround",
"norm": "ilammûniš",
"pos": "V",
"epos": "V"}
}
,
{
"node": "d",
"type": "line-start",
"ref": "P238665.27",
"n": "8",
"label": "r 8"}
,
{
"node": "l",
"frag": "[x",
"id": "P238665.l01fd9",
"ref": "P238665.27.1",
"inst": "u",
"f": {"lang": "akk-x-neobab",
"form": "x",
"pos": "u"}
}
,
{
"node": "l",
"frag": "x",
"id": "P238665.l01fda",
"ref": "P238665.27.2",
"inst": "u",
"f": {"lang": "akk-x-neobab",
"form": "x",
"pos": "u"}
}
,
{
"node": "l",
"frag": "x",
"id": "P238665.l01fdb",
"ref": "P238665.27.3",
"inst": "u",
"f": {"lang": "akk-x-neobab",
"form": "x",
"pos": "u"}
}
,
{
"node": "l",
"frag": "x",
"id": "P238665.l01fdc",
"ref": "P238665.27.4",
"inst": "u",
"f": {"lang": "akk-x-neobab",
"form": "x",
"pos": "u"}
}
,
{
"node": "l",
"frag": "x",
"id": "P238665.l01fdd",
"ref": "P238665.27.5",
"inst": "u",
"f": {"lang": "akk-x-neobab",
"form": "x",
"pos": "u"}
}
,
{
"node": "l",
"frag": "x",
"id": "P238665.l01fde",
"ref": "P238665.27.6",
"inst": "u",
"f": {"lang": "akk-x-neobab",
"form": "x",
"pos": "u"}
}
,
{
"node": "l",
"frag": "x",
"id": "P238665.l01fdf",
"ref": "P238665.27.7",
"inst": "u",
"f": {"lang": "akk-x-neobab",
"form": "x",
"pos": "u"}
}
,
{
"node": "l",
"frag": "x",
"id": "P238665.l01fe0",
"ref": "P238665.27.8",
"inst": "u",
"f": {"lang": "akk-x-neobab",
"form": "x",
"pos": "u"}
}
,
{
"node": "l",
"frag": "x",
"id": "P238665.l01fe1",
"ref": "P238665.27.9",
"inst": "u",
"f": {"lang": "akk-x-neobab",
"form": "x",
"pos": "u"}
}
,
{
"node": "l",
"frag": "x",
"id": "P238665.l01fe2",
"ref": "P238665.27.10",
"inst": "u",
"f": {"lang": "akk-x-neobab",
"form": "x",
"pos": "u"}
}
,
{
"node": "l",
"frag": "x]",
"id": "P238665.l01fe3",
"ref": "P238665.27.11",
"inst": "u",
"f": {"lang": "akk-x-neobab",
"form": "x",
"pos": "u"}
}
,
{
"node": "l",
"frag": "⸢šu₂⸣-u₂",
"id": "P238665.l01fe4",
"ref": "P238665.27.12",
"inst": "šû[he]IP",
"sig": "@saao/saa17%akk-x-neobab:šu₂-u₂=šū[he//he]IP'IP$šû",
"f": {"lang": "akk-x-neobab",
"form": "šu₂-u₂",
"cf": "šū",
"gw": "he",
"sense": "he",
"norm": "šû",
"pos": "IP",
"epos": "IP"}
}
,
{
"node": "d",
"type": "line-start",
"ref": "P238665.28",
"n": "9",
"label": "r 9"}
,
{
"node": "l",
"frag": "[x",
"id": "P238665.l01fe5",
"ref": "P238665.28.1",
"inst": "u",
"f": {"lang": "akk-x-neobab",
"form": "x",
"pos": "u"}
}
,
{
"node": "l",
"frag": "x",
"id": "P238665.l01fe6",
"ref": "P238665.28.2",
"inst": "u",
"f": {"lang": "akk-x-neobab",
"form": "x",
"pos": "u"}
}
,
{
"node": "l",
"frag": "x",
"id": "P238665.l01fe7",
"ref": "P238665.28.3",
"inst": "u",
"f": {"lang": "akk-x-neobab",
"form": "x",
"pos": "u"}
}
,
{
"node": "l",
"frag": "x",
"id": "P238665.l01fe8",
"ref": "P238665.28.4",
"inst": "u",
"f": {"lang": "akk-x-neobab",
"form": "x",
"pos": "u"}
}
,
{
"node": "l",
"frag": "x",
"id": "P238665.l01fe9",
"ref": "P238665.28.5",
"inst": "u",
"f": {"lang": "akk-x-neobab",
"form": "x",
"pos": "u"}
}
,
{
"node": "l",
"frag": "x",
"id": "P238665.l01fea",
"ref": "P238665.28.6",
"inst": "u",
"f": {"lang": "akk-x-neobab",
"form": "x",
"pos": "u"}
}
,
{
"node": "l",
"frag": "x",
"id": "P238665.l01feb",
"ref": "P238665.28.7",
"inst": "u",
"f": {"lang": "akk-x-neobab",
"form": "x",
"pos": "u"}
}
,
{
"node": "l",
"frag": "x",
"id": "P238665.l01fec",
"ref": "P238665.28.8",
"inst": "u",
"f": {"lang": "akk-x-neobab",
"form": "x",
"pos": "u"}
}
,
{
"node": "l",
"frag": "x",
"id": "P238665.l01fed",
"ref": "P238665.28.9",
"inst": "u",
"f": {"lang": "akk-x-neobab",
"form": "x",
"pos": "u"}
}
,
{
"node": "l",
"frag": "x]",
"id": "P238665.l01fee",
"ref": "P238665.28.10",
"inst": "u",
"f": {"lang": "akk-x-neobab",
"form": "x",
"pos": "u"}
}
,
{
"node": "l",
"frag": "⸢iq-bu⸣-u₂",
"id": "P238665.l01fef",
"ref": "P238665.28.11",
"inst": "iqbû[say]V",
"sig": "@saao/saa17%akk-x-neobab:iq-bu-u₂=qabû[say//say]V'V$iqbû",
"f": {"lang": "akk-x-neobab",
"form": "iq-bu-u₂",
"cf": "qabû",
"gw": "say",
"sense": "say",
"norm": "iqbû",
"pos": "V",
"epos": "V"}
}
,
{
"node": "d",
"type": "line-start",
"ref": "P238665.29",
"n": "10",
"label": "r 10"}
,
{
"node": "l",
"frag": "[x",
"id": "P238665.l01ff0",
"ref": "P238665.29.1",
"inst": "u",
"f": {"lang": "akk-x-neobab",
"form": "x",
"pos": "u"}
}
,
{
"node": "l",
"frag": "x",
"id": "P238665.l01ff1",
"ref": "P238665.29.2",
"inst": "u",
"f": {"lang": "akk-x-neobab",
"form": "x",
"pos": "u"}
}
,
{
"node": "l",
"frag": "x",
"id": "P238665.l01ff2",
"ref": "P238665.29.3",
"inst": "u",
"f": {"lang": "akk-x-neobab",
"form": "x",
"pos": "u"}
}
,
{
"node": "l",
"frag": "x",
"id": "P238665.l01ff3",
"ref": "P238665.29.4",
"inst": "u",
"f": {"lang": "akk-x-neobab",
"form": "x",
"pos": "u"}
}
,
{
"node": "l",
"frag": "x",
"id": "P238665.l01ff4",
"ref": "P238665.29.5",
"inst": "u",
"f": {"lang": "akk-x-neobab",
"form": "x",
"pos": "u"}
}
,
{
"node": "l",
"frag": "x",
"id": "P238665.l01ff5",
"ref": "P238665.29.6",
"inst": "u",
"f": {"lang": "akk-x-neobab",
"form": "x",
"pos": "u"}
}
,
{
"node": "l",
"frag": "x",
"id": "P238665.l01ff6",
"ref": "P238665.29.7",
"inst": "u",
"f": {"lang": "akk-x-neobab",
"form": "x",
"pos": "u"}
}
,
{
"node": "l",
"frag": "x",
"id": "P238665.l01ff7",
"ref": "P238665.29.8",
"inst": "u",
"f": {"lang": "akk-x-neobab",
"form": "x",
"pos": "u"}
}
,
{
"node": "l",
"frag": "x",
"id": "P238665.l01ff8",
"ref": "P238665.29.9",
"inst": "u",
"f": {"lang": "akk-x-neobab",
"form": "x",
"pos": "u"}
}
,
{
"node": "l",
"frag": "x]-ki",
"id": "P238665.l01ff9",
"ref": "P238665.29.10",
"inst": "u",
"f": {"lang": "akk-x-neobab",
"form": "x-ki",
"pos": "u"}
}
,
{
"node": "d",
"type": "line-start",
"ref": "P238665.30",
"n": "11",
"label": "r 11"}
,
{
"node": "l",
"frag": "[x",
"id": "P238665.l01ffa",
"ref": "P238665.30.1",
"inst": "u",
"f": {"lang": "akk-x-neobab",
"form": "x",
"pos": "u"}
}
,
{
"node": "l",
"frag": "x",
"id": "P238665.l01ffb",
"ref": "P238665.30.2",
"inst": "u",
"f": {"lang": "akk-x-neobab",
"form": "x",
"pos": "u"}
}
,
{
"node": "l",
"frag": "x",
"id": "P238665.l01ffc",
"ref": "P238665.30.3",
"inst": "u",
"f": {"lang": "akk-x-neobab",
"form": "x",
"pos": "u"}
}
,
{
"node": "l",
"frag": "x",
"id": "P238665.l01ffd",
"ref": "P238665.30.4",
"inst": "u",
"f": {"lang": "akk-x-neobab",
"form": "x",
"pos": "u"}
}
,
{
"node": "l",
"frag": "x",
"id": "P238665.l01ffe",
"ref": "P238665.30.5",
"inst": "u",
"f": {"lang": "akk-x-neobab",
"form": "x",
"pos": "u"}
}
,
{
"node": "l",
"frag": "{1}{d}AG-LUGAL]-⸢ŠEŠ⸣-MEŠ-šu₂",
"id": "P238665.l01fff",
"ref": "P238665.30.6",
"inst": "Nabu-šar-ahhešu[1]PN$",
"sig": "@saao/saa17%akk-x-neobab:{1}{d}AG-LUGAL-ŠEŠ-MEŠ-šu₂=Nabu-šar-ahhešu[1//1]PN'PN$Nabu-šar-ahhešu",
"f": {"lang": "akk-x-neobab",
"form": "{1}{d}AG-LUGAL-ŠEŠ-MEŠ-šu₂",
"cf": "Nabu-šar-ahhešu",
"gw": "1",
"sense": "1",
"norm": "Nabu-šar-ahhešu",
"pos": "PN",
"epos": "PN"}
}
,
{
"node": "d",
"type": "line-start",
"ref": "P238665.31",
"n": "12",
"label": "r 12"}
,
{
"node": "l",
"frag": "[x",
"id": "P238665.l02000",
"ref": "P238665.31.1",
"inst": "u",
"f": {"lang": "akk-x-neobab",
"form": "x",
"pos": "u"}
}
,
{
"node": "l",
"frag": "x",
"id": "P238665.l02001",
"ref": "P238665.31.2",
"inst": "u",
"f": {"lang": "akk-x-neobab",
"form": "x",
"pos": "u"}
}
,
{
"node": "l",
"frag": "x",
"id": "P238665.l02002",
"ref": "P238665.31.3",
"inst": "u",
"f": {"lang": "akk-x-neobab",
"form": "x",
"pos": "u"}
}
,
{
"node": "l",
"frag": "x",
"id": "P238665.l02003",
"ref": "P238665.31.4",
"inst": "u",
"f": {"lang": "akk-x-neobab",
"form": "x",
"pos": "u"}
}
,
{
"node": "l",
"frag": "x",
"id": "P238665.l02004",
"ref": "P238665.31.5",
"inst": "u",
"f": {"lang": "akk-x-neobab",
"form": "x",
"pos": "u"}
}
,
{
"node": "l",
"frag": "x",
"id": "P238665.l02005",
"ref": "P238665.31.6",
"inst": "u",
"f": {"lang": "akk-x-neobab",
"form": "x",
"pos": "u"}
}
,
{
"node": "l",
"frag": "x",
"id": "P238665.l02006",
"ref": "P238665.31.7",
"inst": "u",
"f": {"lang": "akk-x-neobab",
"form": "x",
"pos": "u"}
}
,
{
"node": "l",
"frag": "{1}{d}AMAR].UTU-ŠEŠ-SU",
"id": "P238665.l02007",
"ref": "P238665.31.8",
"inst": "Marduk-ahu-eriba[1]PN$",
"sig": "@saao/saa17%akk-x-neobab:{1}{d}AMAR.UTU-ŠEŠ-SU=Marduk-ahu-eriba[1//1]PN'PN$Marduk-ahu-eriba",
"f": {"lang": "akk-x-neobab",
"form": "{1}{d}AMAR.UTU-ŠEŠ-SU",
"cf": "Marduk-ahu-eriba",
"gw": "1",
"sense": "1",
"norm": "Marduk-ahu-eriba",
"pos": "PN",
"epos": "PN"}
}
,
{
"node": "d",
"type": "line-start",
"ref": "P238665.32",
"n": "13",
"label": "r 13"}
,
{
"node": "l",
"frag": "[x",
"id": "P238665.l02008",
"ref": "P238665.32.1",
"inst": "u",
"f": {"lang": "akk-x-neobab",
"form": "x",
"pos": "u"}
}
,
{
"node": "l",
"frag": "x",
"id": "P238665.l02009",
"ref": "P238665.32.2",
"inst": "u",
"f": {"lang": "akk-x-neobab",
"form": "x",
"pos": "u"}
}
,
{
"node": "l",
"frag": "x",
"id": "P238665.l0200a",
"ref": "P238665.32.3",
"inst": "u",
"f": {"lang": "akk-x-neobab",
"form": "x",
"pos": "u"}
}
,
{
"node": "l",
"frag": "x",
"id": "P238665.l0200b",
"ref": "P238665.32.4",
"inst": "u",
"f": {"lang": "akk-x-neobab",
"form": "x",
"pos": "u"}
}
,
{
"node": "l",
"frag": "x",
"id": "P238665.l0200c",
"ref": "P238665.32.5",
"inst": "u",
"f": {"lang": "akk-x-neobab",
"form": "x",
"pos": "u"}
}
,
{
"node": "l",
"frag": "x",
"id": "P238665.l0200d",
"ref": "P238665.32.6",
"inst": "u",
"f": {"lang": "akk-x-neobab",
"form": "x",
"pos": "u"}
}
,
{
"node": "l",
"frag": "x",
"id": "P238665.l0200e",
"ref": "P238665.32.7",
"inst": "u",
"f": {"lang": "akk-x-neobab",
"form": "x",
"pos": "u"}
}
,
{
"node": "l",
"frag": "x",
"id": "P238665.l0200f",
"ref": "P238665.32.8",
"inst": "u",
"f": {"lang": "akk-x-neobab",
"form": "x",
"pos": "u"}
}
,
{
"node": "l",
"frag": "x]",
"id": "P238665.l02010",
"ref": "P238665.32.9",
"inst": "u",
"f": {"lang": "akk-x-neobab",
"form": "x",
"pos": "u"}
}
,
{
"node": "l",
"frag": "⸢ša₂⸣",
"id": "P238665.l02011",
"ref": "P238665.32.10",
"inst": "ša[which]REL",
"sig": "@saao/saa17%akk-x-neobab:ša₂=ša[that//which]REL'REL$ša",
"f": {"lang": "akk-x-neobab",
"form": "ša₂",
"cf": "ša",
"gw": "that",
"sense": "which",
"norm": "ša",
"pos": "REL",
"epos": "REL"}
}
,
{
"node": "l",
"frag": "a-na",
"id": "P238665.l02012",
"ref": "P238665.32.11",
"inst": "ana[for]PRP",
"sig": "@saao/saa17%akk-x-neobab:a-na=ana[to//for]PRP'PRP$ana",
"f": {"lang": "akk-x-neobab",
"form": "a-na",
"cf": "ana",
"gw": "to",
"sense": "for",
"norm": "ana",
"pos": "PRP",
"epos": "PRP"}
}
,
{
"node": "l",
"frag": "{1}{d}AMAR.UTU-IBILA-MU",
"id": "P238665.l02013",
"ref": "P238665.32.12",
"inst": "Marduk-apla-iddina[Merodach-Baladan]PN$",
"sig": "@saao/saa17%akk-x-neobab:{1}{d}AMAR.UTU-IBILA-MU=Marduk-apla-iddina[Merodach-Baladan//Merodach-Baladan]PN'PN$Marduk-apla-iddina",
"f": {"lang": "akk-x-neobab",
"form": "{1}{d}AMAR.UTU-IBILA-MU",
"cf": "Marduk-apla-iddina",
"gw": "Merodach-Baladan",
"sense": "Merodach-Baladan",
"norm": "Marduk-apla-iddina",
"pos": "PN",
"epos": "PN"}
}
,
{
"node": "d",
"type": "line-start",
"ref": "P238665.33",
"n": "14",
"label": "r 14"}
,
{
"node": "l",
"frag": "[x",
"id": "P238665.l02014",
"ref": "P238665.33.1",
"inst": "u",
"f": {"lang": "akk-x-neobab",
"form": "x",
"pos": "u"}
}
,
{
"node": "l",
"frag": "x",
"id": "P238665.l02015",
"ref": "P238665.33.2",
"inst": "u",
"f": {"lang": "akk-x-neobab",
"form": "x",
"pos": "u"}
}
,
{
"node": "l",
"frag": "x",
"id": "P238665.l02016",
"ref": "P238665.33.3",
"inst": "u",
"f": {"lang": "akk-x-neobab",
"form": "x",
"pos": "u"}
}
,
{
"node": "l",
"frag": "x",
"id": "P238665.l02017",
"ref": "P238665.33.4",
"inst": "u",
"f": {"lang": "akk-x-neobab",
"form": "x",
"pos": "u"}
}
,
{
"node": "l",
"frag": "x",
"id": "P238665.l02018",
"ref": "P238665.33.5",
"inst": "u",
"f": {"lang": "akk-x-neobab",
"form": "x",
"pos": "u"}
}
,
{
"node": "l",
"frag": "x",
"id": "P238665.l02019",
"ref": "P238665.33.6",
"inst": "u",
"f": {"lang": "akk-x-neobab",
"form": "x",
"pos": "u"}
}
,
{
"node": "l",
"frag": "x",
"id": "P238665.l0201a",
"ref": "P238665.33.7",
"inst": "u",
"f": {"lang": "akk-x-neobab",
"form": "x",
"pos": "u"}
}
,
{
"node": "l",
"frag": "x",
"id": "P238665.l0201b",
"ref": "P238665.33.8",
"inst": "u",
"f": {"lang": "akk-x-neobab",
"form": "x",
"pos": "u"}
}
,
{
"node": "l",
"frag": "x",
"id": "P238665.l0201c",
"ref": "P238665.33.9",
"inst": "u",
"f": {"lang": "akk-x-neobab",
"form": "x",
"pos": "u"}
}
,
{
"node": "l",
"frag": "x]-i-ki",
"id": "P238665.l0201d",
"ref": "P238665.33.10",
"inst": "u",
"f": {"lang": "akk-x-neobab",
"form": "x-i-ki",
"pos": "u"}
}
,
{
"node": "l",
"frag": "zib-bi-ti",
"id": "P238665.l0201e",
"ref": "P238665.33.11",
"inst": "zibbatu[tail//rearguard]N$zibbiti",
"sig": "@saao/saa17%akk-x-neobab:zib-bi-ti=zibbatu[tail//rearguard]N'N$zibbiti",
"f": {"lang": "akk-x-neobab",
"form": "zib-bi-ti",
"cf": "zibbatu",
"gw": "tail",
"sense": "rearguard",
"norm": "zibbiti",
"pos": "N",
"epos": "N"}
}
,
{
"node": "d",
"type": "line-start",
"ref": "P238665.34",
"n": "15",
"label": "r 15"}
,
{
"node": "l",
"frag": "[x",
"id": "P238665.l0201f",
"ref": "P238665.34.1",
"inst": "u",
"f": {"lang": "akk-x-neobab",
"form": "x",
"pos": "u"}
}
,
{
"node": "l",
"frag": "x",
"id": "P238665.l02020",
"ref": "P238665.34.2",
"inst": "u",
"f": {"lang": "akk-x-neobab",
"form": "x",
"pos": "u"}
}
,
{
"node": "l",
"frag": "x",
"id": "P238665.l02021",
"ref": "P238665.34.3",
"inst": "u",
"f": {"lang": "akk-x-neobab",
"form": "x",
"pos": "u"}
}
,
{
"node": "l",
"frag": "x",
"id": "P238665.l02022",
"ref": "P238665.34.4",
"inst": "u",
"f": {"lang": "akk-x-neobab",
"form": "x",
"pos": "u"}
}
,
{
"node": "l",
"frag": "x",
"id": "P238665.l02023",
"ref": "P238665.34.5",
"inst": "u",
"f": {"lang": "akk-x-neobab",
"form": "x",
"pos": "u"}
}
,
{
"node": "l",
"frag": "x",
"id": "P238665.l02024",
"ref": "P238665.34.6",
"inst": "u",
"f": {"lang": "akk-x-neobab",
"form": "x",
"pos": "u"}
}
,
{
"node": "l",
"frag": "x",
"id": "P238665.l02025",
"ref": "P238665.34.7",
"inst": "u",
"f": {"lang": "akk-x-neobab",
"form": "x",
"pos": "u"}
}
,
{
"node": "l",
"frag": "x",
"id": "P238665.l02026",
"ref": "P238665.34.8",
"inst": "u",
"f": {"lang": "akk-x-neobab",
"form": "x",
"pos": "u"}
}
,
{
"node": "l",
"frag": "x",
"id": "P238665.l02027",
"ref": "P238665.34.9",
"inst": "u",
"f": {"lang": "akk-x-neobab",
"form": "x",
"pos": "u"}
}
,
{
"node": "l",
"frag": "x]+⸢x⸣",
"id": "P238665.l02028",
"ref": "P238665.34.10",
"inst": "u",
"f": {"lang": "akk-x-neobab",
"form": "x+x",
"pos": "u"}
}
,
{
"node": "l",
"frag": "ŠA₃-ba-a",
"id": "P238665.l02029",
"ref": "P238665.34.11",
"inst": "libbu[interior//heart]N$libbā",
"sig": "@saao/saa17%akk-x-neobab:ŠA₃-ba-a=libbu[interior//heart]N'N$libbā",
"f": {"lang": "akk-x-neobab",
"form": "ŠA₃-ba-a",
"cf": "libbu",
"gw": "interior",
"sense": "heart",
"norm": "libbā",
"pos": "N",
"epos": "N"}
}
,
{
"node": "d",
"type": "line-start",
"ref": "P238665.35",
"n": "16",
"label": "r 16"}
,
{
"node": "l",
"frag": "[x",
"id": "P238665.l0202a",
"ref": "P238665.35.1",
"inst": "u",
"f": {"lang": "akk-x-neobab",
"form": "x",
"pos": "u"}
}
,
{
"node": "l",
"frag": "x",
"id": "P238665.l0202b",
"ref": "P238665.35.2",
"inst": "u",
"f": {"lang": "akk-x-neobab",
"form": "x",
"pos": "u"}
}
,
{
"node": "l",
"frag": "x",
"id": "P238665.l0202c",
"ref": "P238665.35.3",
"inst": "u",
"f": {"lang": "akk-x-neobab",
"form": "x",
"pos": "u"}
}
,
{
"node": "l",
"frag": "x",
"id": "P238665.l0202d",
"ref": "P238665.35.4",
"inst": "u",
"f": {"lang": "akk-x-neobab",
"form": "x",
"pos": "u"}
}
,
{
"node": "l",
"frag": "x",
"id": "P238665.l0202e",
"ref": "P238665.35.5",
"inst": "u",
"f": {"lang": "akk-x-neobab",
"form": "x",
"pos": "u"}
}
,
{
"node": "l",
"frag": "x",
"id": "P238665.l0202f",
"ref": "P238665.35.6",
"inst": "u",
"f": {"lang": "akk-x-neobab",
"form": "x",
"pos": "u"}
}
,
{
"node": "l",
"frag": "x",
"id": "P238665.l02030",
"ref": "P238665.35.7",
"inst": "u",
"f": {"lang": "akk-x-neobab",
"form": "x",
"pos": "u"}
}
,
{
"node": "l",
"frag": "x",
"id": "P238665.l02031",
"ref": "P238665.35.8",
"inst": "u",
"f": {"lang": "akk-x-neobab",
"form": "x",
"pos": "u"}
}
,
{
"node": "l",
"frag": "x",
"id": "P238665.l02032",
"ref": "P238665.35.9",
"inst": "u",
"f": {"lang": "akk-x-neobab",
"form": "x",
"pos": "u"}
}
,
{
"node": "l",
"frag": "x",
"id": "P238665.l02033",
"ref": "P238665.35.10",
"inst": "u",
"f": {"lang": "akk-x-neobab",
"form": "x",
"pos": "u"}
}
,
{
"node": "l",
"frag": "x]",
"id": "P238665.l02034",
"ref": "P238665.35.11",
"inst": "u",
"f": {"lang": "akk-x-neobab",
"form": "x",
"pos": "u"}
}
,
{
"node": "l",
"frag": "ma-la",
"id": "P238665.l02035",
"ref": "P238665.35.12",
"inst": "mala[as much as]REL$",
"sig": "@saao/saa17%akk-x-neobab:ma-la=mala[as much as//as much as]REL'REL$mala",
"f": {"lang": "akk-x-neobab",
"form": "ma-la",
"cf": "mala",
"gw": "as much as",
"sense": "as much as",
"norm": "mala",
"pos": "REL",
"epos": "REL"}
}
,
{
"node": "d",
"type": "line-start",
"ref": "P238665.36",
"n": "17",
"label": "r 17"}
,
{
"node": "l",
"frag": "[x",
"id": "P238665.l02036",
"ref": "P238665.36.1",
"inst": "u",
"f": {"lang": "akk-x-neobab",
"form": "x",
"pos": "u"}
}
,
{
"node": "l",
"frag": "x",
"id": "P238665.l02037",
"ref": "P238665.36.2",
"inst": "u",
"f": {"lang": "akk-x-neobab",
"form": "x",
"pos": "u"}
}
,
{
"node": "l",
"frag": "x",
"id": "P238665.l02038",
"ref": "P238665.36.3",
"inst": "u",
"f": {"lang": "akk-x-neobab",
"form": "x",
"pos": "u"}
}
,
{
"node": "l",
"frag": "x",
"id": "P238665.l02039",
"ref": "P238665.36.4",
"inst": "u",
"f": {"lang": "akk-x-neobab",
"form": "x",
"pos": "u"}
}
,
{
"node": "l",
"frag": "x",
"id": "P238665.l0203a",
"ref": "P238665.36.5",
"inst": "u",
"f": {"lang": "akk-x-neobab",
"form": "x",
"pos": "u"}
}
,
{
"node": "l",
"frag": "x",
"id": "P238665.l0203b",
"ref": "P238665.36.6",
"inst": "u",
"f": {"lang": "akk-x-neobab",
"form": "x",
"pos": "u"}
}
,
{
"node": "l",
"frag": "x",
"id": "P238665.l0203c",
"ref": "P238665.36.7",
"inst": "u",
"f": {"lang": "akk-x-neobab",
"form": "x",
"pos": "u"}
}
,
{
"node": "l",
"frag": "x",
"id": "P238665.l0203d",
"ref": "P238665.36.8",
"inst": "u",
"f": {"lang": "akk-x-neobab",
"form": "x",
"pos": "u"}
}
,
{
"node": "l",
"frag": "x",
"id": "P238665.l0203e",
"ref": "P238665.36.9",
"inst": "u",
"f": {"lang": "akk-x-neobab",
"form": "x",
"pos": "u"}
}
,
{
"node": "l",
"frag": "x",
"id": "P238665.l0203f",
"ref": "P238665.36.10",
"inst": "u",
"f": {"lang": "akk-x-neobab",
"form": "x",
"pos": "u"}
}
,
{
"node": "l",
"frag": "x]",
"id": "P238665.l02040",
"ref": "P238665.36.11",
"inst": "u",
"f": {"lang": "akk-x-neobab",
"form": "x",
"pos": "u"}
}
,
{
"node": "l",
"frag": "ki-nu",
"id": "P238665.l02041",
"ref": "P238665.36.12",
"inst": "+kīnu[permanent//loyal]AJ'AJ$kīnū",
"sig": "@saao/saa17%akk-x-neobab:ki-nu=kīnu[permanent//loyal]AJ'AJ$kīnū",
"f": {"lang": "akk-x-neobab",
"form": "ki-nu",
"cf": "kīnu",
"gw": "permanent",
"sense": "loyal",
"norm": "kīnū",
"pos": "AJ",
"epos": "AJ"}
}
,
{
"node": "d",
"subtype": "right",
"type": "surface",
"ref": "P238665.r.e..37",
"type": "right",
"label": "r.e."}
,
{
"node": "d",
"type": "line-start",
"ref": "P238665.38",
"n": "18",
"label": "r.e. 18"}
,
{
"node": "l",
"frag": "[x",
"id": "P238665.l02042",
"ref": "P238665.38.1",
"inst": "u",
"f": {"lang": "akk-x-neobab",
"form": "x",
"pos": "u"}
}
,
{
"node": "l",
"frag": "x",
"id": "P238665.l02043",
"ref": "P238665.38.2",
"inst": "u",
"f": {"lang": "akk-x-neobab",
"form": "x",
"pos": "u"}
}
,
{
"node": "l",
"frag": "x",
"id": "P238665.l02044",
"ref": "P238665.38.3",
"inst": "u",
"f": {"lang": "akk-x-neobab",
"form": "x",
"pos": "u"}
}
,
{
"node": "l",
"frag": "x",
"id": "P238665.l02045",
"ref": "P238665.38.4",
"inst": "u",
"f": {"lang": "akk-x-neobab",
"form": "x",
"pos": "u"}
}
,
{
"node": "l",
"frag": "x",
"id": "P238665.l02046",
"ref": "P238665.38.5",
"inst": "u",
"f": {"lang": "akk-x-neobab",
"form": "x",
"pos": "u"}
}
,
{
"node": "l",
"frag": "x",
"id": "P238665.l02047",
"ref": "P238665.38.6",
"inst": "u",
"f": {"lang": "akk-x-neobab",
"form": "x",
"pos": "u"}
}
,
{
"node": "l",
"frag": "x",
"id": "P238665.l02048",
"ref": "P238665.38.7",
"inst": "u",
"f": {"lang": "akk-x-neobab",
"form": "x",
"pos": "u"}
}
,
{
"node": "l",
"frag": "x",
"id": "P238665.l02049",
"ref": "P238665.38.8",
"inst": "u",
"f": {"lang": "akk-x-neobab",
"form": "x",
"pos": "u"}
}
,
{
"node": "l",
"frag": "x",
"id": "P238665.l0204a",
"ref": "P238665.38.9",
"inst": "u",
"f": {"lang": "akk-x-neobab",
"form": "x",
"pos": "u"}
}
,
{
"node": "l",
"frag": "x",
"id": "P238665.l0204b",
"ref": "P238665.38.10",
"inst": "u",
"f": {"lang": "akk-x-neobab",
"form": "x",
"pos": "u"}
}
,
{
"node": "l",
"frag": "x]+⸢x⸣",
"id": "P238665.l0204c",
"ref": "P238665.38.11",
"inst": "u",
"f": {"lang": "akk-x-neobab",
"form": "x+x",
"pos": "u"}
}
,
{
"node": "l",
"frag": "uš",
"id": "P238665.l0204d",
"ref": "P238665.38.12",
"inst": "u",
"f": {"lang": "akk-x-neobab",
"form": "uš",
"pos": "u"}
}
,
{
"node": "l",
"frag": "ad",
"id": "P238665.l0204e",
"ref": "P238665.38.13",
"inst": "u",
"f": {"lang": "akk-x-neobab",
"form": "ad",
"pos": "u"}
}
,
{
"node": "l",
"frag": "ga",
"id": "P238665.l0204f",
"ref": "P238665.38.14",
"inst": "u",
"f": {"lang": "akk-x-neobab",
"form": "ga",
"pos": "u"}
}
,
{
"node": "l",
"frag": "šim",
"id": "P238665.l02050",
"ref": "P238665.38.15",
"inst": "u",
"f": {"lang": "akk-x-neobab",
"form": "šim",
"pos": "u"}
}
,
{
"node": "l",
"frag": "a",
"id": "P238665.l02051",
"ref": "P238665.38.16",
"inst": "u",
"f": {"lang": "akk-x-neobab",
"form": "a",
"pos": "u"}
}
,
{
"node": "l",
"frag": "a",
"id": "P238665.l02052",
"ref": "P238665.38.17",
"inst": "u",
"f": {"lang": "akk-x-neobab",
"form": "a",
"pos": "u"}
}
,
{
"node": "d",
"type": "line-start",
"ref": "P238665.39",
"n": "19",
"label": "r.e. 19"}
,
{
"node": "l",
"frag": "[x",
"id": "P238665.l02053",
"ref": "P238665.39.1",
"inst": "u",
"f": {"lang": "akk-x-neobab",
"form": "x",
"pos": "u"}
}
,
{
"node": "l",
"frag": "x",
"id": "P238665.l02054",
"ref": "P238665.39.2",
"inst": "u",
"f": {"lang": "akk-x-neobab",
"form": "x",
"pos": "u"}
}
,
{
"node": "l",
"frag": "x",
"id": "P238665.l02055",
"ref": "P238665.39.3",
"inst": "u",
"f": {"lang": "akk-x-neobab",
"form": "x",
"pos": "u"}
}
,
{
"node": "l",
"frag": "x",
"id": "P238665.l02056",
"ref": "P238665.39.4",
"inst": "u",
"f": {"lang": "akk-x-neobab",
"form": "x",
"pos": "u"}
}
,
{
"node": "l",
"frag": "x",
"id": "P238665.l02057",
"ref": "P238665.39.5",
"inst": "u",
"f": {"lang": "akk-x-neobab",
"form": "x",
"pos": "u"}
}
,
{
"node": "l",
"frag": "x",
"id": "P238665.l02058",
"ref": "P238665.39.6",
"inst": "u",
"f": {"lang": "akk-x-neobab",
"form": "x",
"pos": "u"}
}
,
{
"node": "l",
"frag": "x",
"id": "P238665.l02059",
"ref": "P238665.39.7",
"inst": "u",
"f": {"lang": "akk-x-neobab",
"form": "x",
"pos": "u"}
}
,
{
"node": "l",
"frag": "x",
"id": "P238665.l0205a",
"ref": "P238665.39.8",
"inst": "u",
"f": {"lang": "akk-x-neobab",
"form": "x",
"pos": "u"}
}
,
{
"node": "l",
"frag": "x",
"id": "P238665.l0205b",
"ref": "P238665.39.9",
"inst": "u",
"f": {"lang": "akk-x-neobab",
"form": "x",
"pos": "u"}
}
,
{
"node": "l",
"frag": "x",
"id": "P238665.l0205c",
"ref": "P238665.39.10",
"inst": "u",
"f": {"lang": "akk-x-neobab",
"form": "x",
"pos": "u"}
}
,
{
"node": "l",
"frag": "x]-qa",
"id": "P238665.l0205d",
"ref": "P238665.39.11",
"inst": "u",
"f": {"lang": "akk-x-neobab",
"form": "x-qa",
"pos": "u"}
}
,
{
"node": "d",
"type": "line-start",
"ref": "P238665.40",
"n": "20",
"label": "r.e. 20"}
,
{
"node": "l",
"frag": "[x",
"id": "P238665.l0205e",
"ref": "P238665.40.1",
"inst": "u",
"f": {"lang": "akk-x-neobab",
"form": "x",
"pos": "u"}
}
,
{
"node": "l",
"frag": "x",
"id": "P238665.l0205f",
"ref": "P238665.40.2",
"inst": "u",
"f": {"lang": "akk-x-neobab",
"form": "x",
"pos": "u"}
}
,
{
"node": "l",
"frag": "x",
"id": "P238665.l02060",
"ref": "P238665.40.3",
"inst": "u",
"f": {"lang": "akk-x-neobab",
"form": "x",
"pos": "u"}
}
,
{
"node": "l",
"frag": "x",
"id": "P238665.l02061",
"ref": "P238665.40.4",
"inst": "u",
"f": {"lang": "akk-x-neobab",
"form": "x",
"pos": "u"}
}
,
{
"node": "l",
"frag": "x",
"id": "P238665.l02062",
"ref": "P238665.40.5",
"inst": "u",
"f": {"lang": "akk-x-neobab",
"form": "x",
"pos": "u"}
}
,
{
"node": "l",
"frag": "x",
"id": "P238665.l02063",
"ref": "P238665.40.6",
"inst": "u",
"f": {"lang": "akk-x-neobab",
"form": "x",
"pos": "u"}
}
,
{
"node": "l",
"frag": "x",
"id": "P238665.l02064",
"ref": "P238665.40.7",
"inst": "u",
"f": {"lang": "akk-x-neobab",
"form": "x",
"pos": "u"}
}
,
{
"node": "l",
"frag": "x",
"id": "P238665.l02065",
"ref": "P238665.40.8",
"inst": "u",
"f": {"lang": "akk-x-neobab",
"form": "x",
"pos": "u"}
}
,
{
"node": "l",
"frag": "x",
"id": "P238665.l02066",
"ref": "P238665.40.9",
"inst": "u",
"f": {"lang": "akk-x-neobab",
"form": "x",
"pos": "u"}
}
,
{
"node": "l",
"frag": "x",
"id": "P238665.l02067",
"ref": "P238665.40.10",
"inst": "u",
"f": {"lang": "akk-x-neobab",
"form": "x",
"pos": "u"}
}
,
{
"node": "l",
"frag": "x]-⸢du⸣-u₂",
"id": "P238665.l02068",
"ref": "P238665.40.11",
"inst": "u",
"f": {"lang": "akk-x-neobab",
"form": "x-du-u₂",
"pos": "u"}
}
]}
]}
]}
]}
