{
"type": "cdl",
  "source": "http://oracc.org/saao/saa17",
  "license": "This data is released under the CC0 license",
  "license-url": "https://creativecommons.org/publicdomain/zero/1.0/",
  "more-info": "http://oracc.org/doc/opendata/",
  "UTC-timestamp": "2017-05-19T11:58:38",
"project": "saao/saa17",
"textid": "P239177",
"cdl": [
{
"node": "c",
"type": "text",
"id": "P239177.U0",
"cdl": [
{
"node": "d",
"type": "object",
"ref": ""}
,
{
"node": "d",
"subtype": "obverse",
"type": "surface",
"ref": "P239177.o.1",
"type": "obverse",
"label": "o"}
,
{
"node": "c",
"type": "discourse",
"subtype": "body",
"id": "P239177.U1",
"cdl": [
{
"node": "c",
"type": "sentence",
"id": "P239177.U2",
"label": "o 1 - r 6'",
"cdl": [
{
"node": "d",
"type": "line-start",
"ref": "P239177.2",
"n": "1",
"label": "o 1"}
,
{
"node": "l",
"frag": "[ARAD-ka",
"id": "P239177.l05f2f",
"ref": "P239177.2.1",
"inst": "aradka[servant]N",
"sig": "@saao/saa17%akk-x-neobab:ARAD-ka=ardu[slave//servant]N'N$aradka",
"f": {"lang": "akk-x-neobab",
"form": "ARAD-ka",
"cf": "ardu",
"gw": "slave",
"sense": "servant",
"norm": "aradka",
"pos": "N",
"epos": "N"}
}
,
{
"node": "l",
"frag": "{1}⸢šu⸣-zu-bu",
"id": "P239177.l05f30",
"ref": "P239177.2.2",
"inst": "Šuzubu[1]PN",
"sig": "@saao/saa17%akk-x-neobab:{1}šu-zu-bu=Šuzubu[1//1]PN'PN$Šuzubu",
"f": {"lang": "akk-x-neobab",
"form": "{1}šu-zu-bu",
"cf": "Šuzubu",
"gw": "1",
"sense": "1",
"norm": "Šuzubu",
"pos": "PN",
"epos": "PN"}
}
,
{
"node": "l",
"frag": "a-na",
"id": "P239177.l05f31",
"ref": "P239177.2.3",
"inst": "ana[to]PRP",
"sig": "@saao/saa17%akk-x-neobab:a-na=ana[to//to]PRP'PRP$ana",
"f": {"lang": "akk-x-neobab",
"form": "a-na",
"cf": "ana",
"gw": "to",
"sense": "to",
"norm": "ana",
"pos": "PRP",
"epos": "PRP"}
}
,
{
"node": "l",
"frag": "di-na-⸢an⸣",
"id": "P239177.l05f32",
"ref": "P239177.2.4",
"inst": "dinān[substitute]N",
"sig": "@saao/saa17%akk-x-neobab:di-na-an=dinānu[substitution//substitute]N'N$dinān",
"f": {"lang": "akk-x-neobab",
"form": "di-na-an",
"cf": "dinānu",
"gw": "substitution",
"sense": "substitute",
"norm": "dinān",
"pos": "N",
"epos": "N"}
}
,
{
"node": "d",
"type": "line-start",
"ref": "P239177.3",
"n": "2",
"label": "o 2"}
,
{
"node": "l",
"frag": "{[lu₂}EN].⸢NAM⸣",
"id": "P239177.l05f33",
"ref": "P239177.3.1",
"inst": "pīhātu[responsibility//governor]N$pīhati",
"sig": "@saao/saa17%akk-x-neobab:{LU₂}EN.NAM=pīhātu[responsibility//governor]N'N$pīhati",
"f": {"lang": "akk-x-neobab",
"form": "{LU₂}EN.NAM",
"cf": "pīhātu",
"gw": "responsibility",
"sense": "governor",
"norm": "pīhati",
"pos": "N",
"epos": "N"}
}
,
{
"node": "l",
"frag": "be-li₂-ia",
"id": "P239177.l05f34",
"ref": "P239177.3.2",
"inst": "bēlīya[lord]N",
"sig": "@saao/saa17%akk-x-neobab:be-li₂-ia=bēlu[lord//lord]N'N$bēlīya",
"f": {"lang": "akk-x-neobab",
"form": "be-li₂-ia",
"cf": "bēlu",
"gw": "lord",
"sense": "lord",
"norm": "bēlīya",
"pos": "N",
"epos": "N"}
}
,
{
"node": "l",
"frag": "lul-lik",
"id": "P239177.l05f35",
"ref": "P239177.3.3",
"inst": "lullik[go]V",
"sig": "@saao/saa17%akk-x-neobab:lul-lik=alāku[go//go]V'V$lullik",
"f": {"lang": "akk-x-neobab",
"form": "lul-lik",
"cf": "alāku",
"gw": "go",
"sense": "go",
"norm": "lullik",
"pos": "V",
"epos": "V"}
}
,
{
"node": "d",
"type": "line-start",
"ref": "P239177.4",
"n": "3",
"label": "o 3"}
,
{
"node": "l",
"frag": "[um]-⸢ma⸣-a",
"id": "P239177.l05f36",
"ref": "P239177.4.1",
"inst": "ummā[saying]PRP",
"sig": "@saao/saa17%akk-x-neobab:um-ma-a=umma[saying//saying]PRP'PRP$ummā",
"f": {"lang": "akk-x-neobab",
"form": "um-ma-a",
"cf": "umma",
"gw": "saying",
"sense": "saying",
"norm": "ummā",
"pos": "PRP",
"epos": "PRP"}
}
,
{
"node": "l",
"frag": "a-na",
"id": "P239177.l05f37",
"ref": "P239177.4.2",
"inst": "ana[to]PRP",
"sig": "@saao/saa17%akk-x-neobab:a-na=ana[to//to]PRP'PRP$ana",
"f": {"lang": "akk-x-neobab",
"form": "a-na",
"cf": "ana",
"gw": "to",
"sense": "to",
"norm": "ana",
"pos": "PRP",
"epos": "PRP"}
}
,
{
"node": "l",
"frag": "be-li₂-ia-a-ma",
"id": "P239177.l05f38",
"ref": "P239177.4.3",
"inst": "bēlīyāma[lord]N",
"sig": "@saao/saa17%akk-x-neobab:be-li₂-ia-a-ma=bēlu[lord//lord]N'N$bēlīyāma",
"f": {"lang": "akk-x-neobab",
"form": "be-li₂-ia-a-ma",
"cf": "bēlu",
"gw": "lord",
"sense": "lord",
"norm": "bēlīyāma",
"pos": "N",
"epos": "N"}
}
,
{
"node": "d",
"type": "line-start",
"ref": "P239177.5",
"n": "4",
"label": "o 4"}
,
{
"node": "l",
"frag": "⸢ṭup⸣-pi",
"id": "P239177.l05f39",
"ref": "P239177.5.1",
"inst": "ṭuppu[tablet]N$ṭuppī",
"sig": "@saao/saa17%akk-x-neobab:ṭup-pi=ṭuppu[tablet//tablet]N'N$ṭuppī",
"f": {"lang": "akk-x-neobab",
"form": "ṭup-pi",
"cf": "ṭuppu",
"gw": "tablet",
"sense": "tablet",
"norm": "ṭuppī",
"pos": "N",
"epos": "N"}
}
,
{
"node": "l",
"frag": "a-na",
"id": "P239177.l05f3a",
"ref": "P239177.5.2",
"inst": "ana[for]PRP",
"sig": "@saao/saa17%akk-x-neobab:a-na=ana[to//for]PRP'PRP$ana",
"f": {"lang": "akk-x-neobab",
"form": "a-na",
"cf": "ana",
"gw": "to",
"sense": "for",
"norm": "ana",
"pos": "PRP",
"epos": "PRP"}
}
,
{
"node": "l",
"frag": "šul-⸢mu⸣",
"id": "P239177.l05f3b",
"ref": "P239177.5.3",
"inst": "šulmu[health]N",
"sig": "@saao/saa17%akk-x-neobab:šul-mu=šulmu[completeness//health]N'N$šulmu",
"f": {"lang": "akk-x-neobab",
"form": "šul-mu",
"cf": "šulmu",
"gw": "completeness",
"sense": "health",
"norm": "šulmu",
"pos": "N",
"epos": "N"}
}
,
{
"node": "l",
"frag": "[ša₂",
"id": "P239177.l05f3c",
"ref": "P239177.5.4",
"inst": "ša[of]DET",
"sig": "@saao/saa17%akk-x-neobab:ša₂=ša[of//of]DET'DET$ša",
"f": {"lang": "akk-x-neobab",
"form": "ša₂",
"cf": "ša",
"gw": "of",
"sense": "of",
"norm": "ša",
"pos": "DET",
"epos": "DET"}
}
,
{
"node": "l",
"frag": "{lu₂}EN].⸢NAM⸣",
"id": "P239177.l05f3d",
"ref": "P239177.5.5",
"inst": "pīhati[governor]N",
"sig": "@saao/saa17%akk-x-neobab:{LU₂}EN.NAM=pīhātu[responsibility//governor]N'N$pīhati",
"f": {"lang": "akk-x-neobab",
"form": "{LU₂}EN.NAM",
"cf": "pīhātu",
"gw": "responsibility",
"sense": "governor",
"norm": "pīhati",
"pos": "N",
"epos": "N"}
}
,
{
"node": "d",
"type": "line-start",
"ref": "P239177.6",
"n": "5",
"label": "o 5"}
,
{
"node": "l",
"frag": "⸢be⸣-li₂-ia",
"id": "P239177.l05f3e",
"ref": "P239177.6.1",
"inst": "bēlīya[lord]N",
"sig": "@saao/saa17%akk-x-neobab:be-li₂-ia=bēlu[lord//lord]N'N$bēlīya",
"f": {"lang": "akk-x-neobab",
"form": "be-li₂-ia",
"cf": "bēlu",
"gw": "lord",
"sense": "lord",
"norm": "bēlīya",
"pos": "N",
"epos": "N"}
}
,
{
"node": "l",
"frag": "⸢x⸣+[x",
"id": "P239177.l05f3f",
"ref": "P239177.6.2",
"inst": "u",
"f": {"lang": "akk-x-neobab",
"form": "x+x",
"pos": "u"}
}
,
{
"node": "l",
"frag": "x",
"id": "P239177.l05f40",
"ref": "P239177.6.3",
"inst": "u",
"f": {"lang": "akk-x-neobab",
"form": "x",
"pos": "u"}
}
,
{
"node": "l",
"frag": "x",
"id": "P239177.l05f41",
"ref": "P239177.6.4",
"inst": "u",
"f": {"lang": "akk-x-neobab",
"form": "x",
"pos": "u"}
}
,
{
"node": "l",
"frag": "x",
"id": "P239177.l05f42",
"ref": "P239177.6.5",
"inst": "u",
"f": {"lang": "akk-x-neobab",
"form": "x",
"pos": "u"}
}
,
{
"node": "l",
"frag": "x",
"id": "P239177.l05f43",
"ref": "P239177.6.6",
"inst": "u",
"f": {"lang": "akk-x-neobab",
"form": "x",
"pos": "u"}
}
,
{
"node": "l",
"frag": "x]+⸢x⸣",
"id": "P239177.l05f44",
"ref": "P239177.6.7",
"inst": "u",
"f": {"lang": "akk-x-neobab",
"form": "x+x",
"pos": "u"}
}
,
{
"node": "d",
"type": "line-start",
"ref": "P239177.7",
"n": "6",
"label": "o 6"}
,
{
"node": "l",
"frag": "⸢x",
"id": "P239177.l05f45",
"ref": "P239177.7.1",
"inst": "u",
"f": {"lang": "akk-x-neobab",
"form": "x",
"pos": "u"}
}
,
{
"node": "l",
"frag": "x⸣",
"id": "P239177.l05f46",
"ref": "P239177.7.2",
"inst": "u",
"f": {"lang": "akk-x-neobab",
"form": "x",
"pos": "u"}
}
,
{
"node": "l",
"frag": "[x",
"id": "P239177.l05f47",
"ref": "P239177.7.3",
"inst": "u",
"f": {"lang": "akk-x-neobab",
"form": "x",
"pos": "u"}
}
,
{
"node": "l",
"frag": "x",
"id": "P239177.l05f48",
"ref": "P239177.7.4",
"inst": "u",
"f": {"lang": "akk-x-neobab",
"form": "x",
"pos": "u"}
}
,
{
"node": "l",
"frag": "x",
"id": "P239177.l05f49",
"ref": "P239177.7.5",
"inst": "u",
"f": {"lang": "akk-x-neobab",
"form": "x",
"pos": "u"}
}
,
{
"node": "l",
"frag": "x",
"id": "P239177.l05f4a",
"ref": "P239177.7.6",
"inst": "u",
"f": {"lang": "akk-x-neobab",
"form": "x",
"pos": "u"}
}
,
{
"node": "l",
"frag": "x",
"id": "P239177.l05f4b",
"ref": "P239177.7.7",
"inst": "u",
"f": {"lang": "akk-x-neobab",
"form": "x",
"pos": "u"}
}
,
{
"node": "l",
"frag": "x",
"id": "P239177.l05f4c",
"ref": "P239177.7.8",
"inst": "u",
"f": {"lang": "akk-x-neobab",
"form": "x",
"pos": "u"}
}
,
{
"node": "l",
"frag": "x",
"id": "P239177.l05f4d",
"ref": "P239177.7.9",
"inst": "u",
"f": {"lang": "akk-x-neobab",
"form": "x",
"pos": "u"}
}
,
{
"node": "l",
"frag": "x]",
"id": "P239177.l05f4e",
"ref": "P239177.7.10",
"inst": "u",
"f": {"lang": "akk-x-neobab",
"form": "x",
"pos": "u"}
}
,
{
"node": "l",
"frag": "⸢pa⸣-ni",
"id": "P239177.l05f4f",
"ref": "P239177.7.11",
"inst": "pāni[front]N",
"sig": "@saao/saa17%akk-x-neobab:pa-ni=pānu[front//front]N'N$pāni",
"f": {"lang": "akk-x-neobab",
"form": "pa-ni",
"cf": "pānu",
"gw": "front",
"sense": "front",
"norm": "pāni",
"pos": "N",
"epos": "N"}
}
,
{
"node": "d",
"type": "line-start",
"ref": "P239177.8",
"n": "7",
"label": "o 7"}
,
{
"node": "l",
"frag": "[x",
"id": "P239177.l05f50",
"ref": "P239177.8.1",
"inst": "u",
"f": {"lang": "akk-x-neobab",
"form": "x",
"pos": "u"}
}
,
{
"node": "l",
"frag": "x",
"id": "P239177.l05f51",
"ref": "P239177.8.2",
"inst": "u",
"f": {"lang": "akk-x-neobab",
"form": "x",
"pos": "u"}
}
,
{
"node": "l",
"frag": "x",
"id": "P239177.l05f52",
"ref": "P239177.8.3",
"inst": "u",
"f": {"lang": "akk-x-neobab",
"form": "x",
"pos": "u"}
}
,
{
"node": "l",
"frag": "x",
"id": "P239177.l05f53",
"ref": "P239177.8.4",
"inst": "u",
"f": {"lang": "akk-x-neobab",
"form": "x",
"pos": "u"}
}
,
{
"node": "l",
"frag": "x",
"id": "P239177.l05f54",
"ref": "P239177.8.5",
"inst": "u",
"f": {"lang": "akk-x-neobab",
"form": "x",
"pos": "u"}
}
,
{
"node": "l",
"frag": "x",
"id": "P239177.l05f55",
"ref": "P239177.8.6",
"inst": "u",
"f": {"lang": "akk-x-neobab",
"form": "x",
"pos": "u"}
}
,
{
"node": "l",
"frag": "x",
"id": "P239177.l05f56",
"ref": "P239177.8.7",
"inst": "u",
"f": {"lang": "akk-x-neobab",
"form": "x",
"pos": "u"}
}
,
{
"node": "l",
"frag": "x",
"id": "P239177.l05f57",
"ref": "P239177.8.8",
"inst": "u",
"f": {"lang": "akk-x-neobab",
"form": "x",
"pos": "u"}
}
,
{
"node": "l",
"frag": "x",
"id": "P239177.l05f58",
"ref": "P239177.8.9",
"inst": "u",
"f": {"lang": "akk-x-neobab",
"form": "x",
"pos": "u"}
}
,
{
"node": "l",
"frag": "x",
"id": "P239177.l05f59",
"ref": "P239177.8.10",
"inst": "u",
"f": {"lang": "akk-x-neobab",
"form": "x",
"pos": "u"}
}
,
{
"node": "l",
"frag": "x",
"id": "P239177.l05f5a",
"ref": "P239177.8.11",
"inst": "u",
"f": {"lang": "akk-x-neobab",
"form": "x",
"pos": "u"}
}
,
{
"node": "l",
"frag": "x]",
"id": "P239177.l05f5b",
"ref": "P239177.8.12",
"inst": "u",
"f": {"lang": "akk-x-neobab",
"form": "x",
"pos": "u"}
}
,
{
"node": "l",
"frag": "x",
"id": "P239177.l05f5c",
"ref": "P239177.8.13",
"inst": "u",
"f": {"lang": "akk-x-neobab",
"form": "x",
"pos": "u"}
}
,
{
"node": "d",
"type": "nonx",
"ref": "P239177.9",
"strict": "0",
"extent": "rest",
"state": "missing"}
,
{
"node": "d",
"subtype": "reverse",
"type": "surface",
"ref": "P239177.r.10",
"type": "reverse",
"label": "r"}
,
{
"node": "d",
"type": "nonx",
"ref": "P239177.11",
"strict": "0",
"extent": "beginning",
"state": "missing"}
,
{
"node": "d",
"type": "line-start",
"ref": "P239177.12",
"n": "1'",
"label": "r 1'"}
,
{
"node": "l",
"frag": "[x]",
"id": "P239177.l05f5d",
"ref": "P239177.12.1",
"inst": "u",
"f": {"lang": "akk-x-neobab",
"form": "x",
"pos": "u"}
}
,
{
"node": "l",
"frag": "⸢x",
"id": "P239177.l05f5e",
"ref": "P239177.12.2",
"inst": "u",
"f": {"lang": "akk-x-neobab",
"form": "x",
"pos": "u"}
}
,
{
"node": "l",
"frag": "x⸣",
"id": "P239177.l05f5f",
"ref": "P239177.12.3",
"inst": "u",
"f": {"lang": "akk-x-neobab",
"form": "x",
"pos": "u"}
}
,
{
"node": "l",
"frag": "dib-bi",
"id": "P239177.l05f60",
"ref": "P239177.12.4",
"inst": "dibbī[words]N",
"sig": "@saao/saa17%akk-x-neobab:dib-bi=dibbu[words//words]N'N$dibbī",
"f": {"lang": "akk-x-neobab",
"form": "dib-bi",
"cf": "dibbu",
"gw": "words",
"sense": "words",
"norm": "dibbī",
"pos": "N",
"epos": "N"}
}
,
{
"node": "l",
"frag": "ša₂",
"id": "P239177.l05f61",
"ref": "P239177.12.5",
"inst": "ša[which]REL",
"sig": "@saao/saa17%akk-x-neobab:ša₂=ša[that//which]REL'REL$ša",
"f": {"lang": "akk-x-neobab",
"form": "ša₂",
"cf": "ša",
"gw": "that",
"sense": "which",
"norm": "ša",
"pos": "REL",
"epos": "REL"}
}
,
{
"node": "l",
"frag": "UN-MEŠ-⸢ia⸣",
"id": "P239177.l05f62",
"ref": "P239177.12.6",
"inst": "nišu[people]N$nišīya",
"sig": "@saao/saa17%akk-x-neobab:UN-MEŠ-ia=nišu[people//people]N'N$nišīya",
"f": {"lang": "akk-x-neobab",
"form": "UN-MEŠ-ia",
"cf": "nišu",
"gw": "people",
"sense": "people",
"norm": "nišīya",
"pos": "N",
"epos": "N"}
}
,
{
"node": "d",
"type": "line-start",
"ref": "P239177.13",
"n": "2'",
"label": "r 2'"}
,
{
"node": "l",
"frag": "{lu₂}EN.NAM",
"id": "P239177.l05f63",
"ref": "P239177.13.1",
"inst": "pīhātu[responsibility//governor]N$pīhati",
"sig": "@saao/saa17%akk-x-neobab:{LU₂}EN.NAM=pīhātu[responsibility//governor]N'N$pīhati",
"f": {"lang": "akk-x-neobab",
"form": "{LU₂}EN.NAM",
"cf": "pīhātu",
"gw": "responsibility",
"sense": "governor",
"norm": "pīhati",
"pos": "N",
"epos": "N"}
}
,
{
"node": "l",
"frag": "i-di",
"id": "P239177.l05f64",
"ref": "P239177.13.2",
"inst": "wadû[know]V$īdī",
"sig": "@saao/saa17%akk-x-neobab:i-di=wadû[know//know]V'V$īdī",
"f": {"lang": "akk-x-neobab",
"form": "i-di",
"cf": "wadû",
"gw": "know",
"sense": "know",
"norm": "īdī",
"pos": "V",
"epos": "V"}
}
,
{
"node": "l",
"frag": "ki-i",
"id": "P239177.l05f65",
"ref": "P239177.13.3",
"inst": "kî[that]'SBJ",
"sig": "@saao/saa17%akk-x-neobab:ki-i=kī[like//that]PRP'SBJ$kî",
"f": {"lang": "akk-x-neobab",
"form": "ki-i",
"cf": "kī",
"gw": "like",
"sense": "that",
"norm": "kî",
"pos": "PRP",
"epos": "SBJ"}
}
,
{
"node": "l",
"frag": "ša₂-ra-a-[ti]",
"id": "P239177.l05f66",
"ref": "P239177.13.4",
"inst": "šāru[wind//empty talk]N$šārāti",
"sig": "@saao/saa17%akk-x-neobab:ša₂-ra-a-ti=šāru[wind//empty talk]N'N$šārāti",
"f": {"lang": "akk-x-neobab",
"form": "ša₂-ra-a-ti",
"cf": "šāru",
"gw": "wind",
"sense": "empty talk",
"norm": "šārāti",
"pos": "N",
"epos": "N"}
}
,
{
"node": "d",
"type": "line-start",
"ref": "P239177.14",
"n": "3'",
"label": "r 3'"}
,
{
"node": "l",
"frag": "i-še-eṭ-ṭu-u₂",
"id": "P239177.l05f67",
"ref": "P239177.14.1",
"inst": "šeṭû[spread out]V$išeṭṭû",
"sig": "@saao/saa17%akk-x-neobab:i-še-eṭ-ṭu-u₂=šeṭû[spread out//spread out]V'V$išeṭṭû",
"f": {"lang": "akk-x-neobab",
"form": "i-še-eṭ-ṭu-u₂",
"cf": "šeṭû",
"gw": "spread out",
"sense": "spread out",
"norm": "išeṭṭû",
"pos": "V",
"epos": "V"}
}
,
{
"node": "l",
"frag": "min₃-de-e-ma",
"id": "P239177.l05f68",
"ref": "P239177.14.2",
"inst": "mindēma[perhaps]AV",
"sig": "@saao/saa17%akk-x-neobab:min₃-de-e-ma=minde[perhaps//perhaps]AV'AV$mindēma",
"f": {"lang": "akk-x-neobab",
"form": "min₃-de-e-ma",
"cf": "minde",
"gw": "perhaps",
"sense": "perhaps",
"norm": "mindēma",
"pos": "AV",
"epos": "AV"}
}
,
{
"node": "d",
"type": "line-start",
"ref": "P239177.15",
"n": "4'",
"label": "r 4'"}
,
{
"node": "l",
"frag": "a-na",
"id": "P239177.l05f69",
"ref": "P239177.15.1",
"inst": "ana[to]PRP",
"sig": "@saao/saa17%akk-x-neobab:a-na=ana[to//to]PRP'PRP$ana",
"f": {"lang": "akk-x-neobab",
"form": "a-na",
"cf": "ana",
"gw": "to",
"sense": "to",
"norm": "ana",
"pos": "PRP",
"epos": "PRP"}
}
,
{
"node": "l",
"frag": "be-li₂-ia",
"id": "P239177.l05f6a",
"ref": "P239177.15.2",
"inst": "bēlīya[lord]N",
"sig": "@saao/saa17%akk-x-neobab:be-li₂-ia=bēlu[lord//lord]N'N$bēlīya",
"f": {"lang": "akk-x-neobab",
"form": "be-li₂-ia",
"cf": "bēlu",
"gw": "lord",
"sense": "lord",
"norm": "bēlīya",
"pos": "N",
"epos": "N"}
}
,
{
"node": "l",
"frag": "lu-u₂",
"id": "P239177.l05f6b",
"ref": "P239177.15.3",
"inst": "lū[may]MOD",
"sig": "@saao/saa17%akk-x-neobab:lu-u₂=lū[may//may]MOD'MOD$lū",
"f": {"lang": "akk-x-neobab",
"form": "lu-u₂",
"cf": "lū",
"gw": "may",
"sense": "may",
"norm": "lū",
"pos": "MOD",
"epos": "MOD"}
}
,
{
"node": "l",
"frag": "a-na",
"id": "P239177.l05f6c",
"ref": "P239177.15.4",
"inst": "ana[to]PRP",
"sig": "@saao/saa17%akk-x-neobab:a-na=ana[to//to]PRP'PRP$ana",
"f": {"lang": "akk-x-neobab",
"form": "a-na",
"cf": "ana",
"gw": "to",
"sense": "to",
"norm": "ana",
"pos": "PRP",
"epos": "PRP"}
}
,
{
"node": "l",
"frag": "mim-ma-a",
"id": "P239177.l05f6d",
"ref": "P239177.15.5",
"inst": "mimma[anything]XP$mimmā",
"sig": "@saao/saa17%akk-x-neobab:mim-ma-a=mimma[anything//anything]XP'XP$mimmā",
"f": {"lang": "akk-x-neobab",
"form": "mim-ma-a",
"cf": "mimma",
"gw": "anything",
"sense": "anything",
"norm": "mimmā",
"pos": "XP",
"epos": "XP"}
}
,
{
"node": "d",
"type": "line-start",
"ref": "P239177.16",
"n": "5'",
"label": "r 5'"}
,
{
"node": "l",
"frag": "a-na",
"id": "P239177.l05f6e",
"ref": "P239177.16.1",
"inst": "ana[to+=about]PRP$",
"sig": "@saao/saa17%akk-x-neobab:a-na=ana[to//to]PRP'PRP$ana",
"f": {"lang": "akk-x-neobab",
"form": "a-na",
"cf": "ana",
"gw": "to",
"sense": "to",
"norm": "ana",
"pos": "PRP",
"epos": "PRP"}
}
,
{
"node": "l",
"frag": "UGU-hi-ia",
"id": "P239177.l05f6f",
"ref": "P239177.16.2",
"inst": "muhhu[skull]N$muhhīya",
"sig": "@saao/saa17%akk-x-neobab:UGU-hi-ia=muhhu[skull//skull]N'N$muhhīya",
"f": {"lang": "akk-x-neobab",
"form": "UGU-hi-ia",
"cf": "muhhu",
"gw": "skull",
"sense": "skull",
"norm": "muhhīya",
"pos": "N",
"epos": "N"}
}
,
{
"node": "l",
"frag": "i-⸢šap⸣-pa-ru-ni",
"id": "P239177.l05f70",
"ref": "P239177.16.3",
"inst": "išapparūni[write]V",
"sig": "@saao/saa17%akk-x-neobab:i-šap-pa-ru-ni=šapāru[send//write]V'V$išapparūni",
"f": {"lang": "akk-x-neobab",
"form": "i-šap-pa-ru-ni",
"cf": "šapāru",
"gw": "send",
"sense": "write",
"norm": "išapparūni",
"pos": "V",
"epos": "V"}
}
,
{
"node": "d",
"type": "line-start",
"ref": "P239177.17",
"n": "6'",
"label": "r 6'"}
,
{
"node": "l",
"frag": "{[lu₂}EN].⸢NAM",
"id": "P239177.l05f71",
"ref": "P239177.17.1",
"inst": "pīhātu[responsibility//governor]N$pīhatu",
"sig": "@saao/saa17%akk-x-neobab:{LU₂}EN.NAM=pīhātu[responsibility//governor]N'N$pīhatu",
"f": {"lang": "akk-x-neobab",
"form": "{LU₂}EN.NAM",
"cf": "pīhātu",
"gw": "responsibility",
"sense": "governor",
"norm": "pīhatu",
"pos": "N",
"epos": "N"}
}
,
{
"node": "l",
"frag": "la⸣",
"id": "P239177.l05f72",
"ref": "P239177.17.2",
"inst": "lā[not]MOD",
"sig": "@saao/saa17%akk-x-neobab:la=lā[not//not]MOD'MOD$lā",
"f": {"lang": "akk-x-neobab",
"form": "la",
"cf": "lā",
"gw": "not",
"sense": "not",
"norm": "lā",
"pos": "MOD",
"epos": "MOD"}
}
,
{
"node": "l",
"frag": "i-qa-[ap]-⸢šu-nu⸣-ti",
"id": "P239177.l05f73",
"ref": "P239177.17.3",
"inst": "qiāpu[(en)trust//believe]V$iqâpšunūti",
"sig": "@saao/saa17%akk-x-neobab:i-qa-ap-šu-nu-ti=qiāpu[(en)trust//believe]V'V$iqâpšunūti",
"f": {"lang": "akk-x-neobab",
"form": "i-qa-ap-šu-nu-ti",
"cf": "qiāpu",
"gw": "(en)trust",
"sense": "believe",
"norm": "iqâpšunūti",
"pos": "V",
"epos": "V"}
}
,
{
"node": "d",
"type": "nonx",
"ref": "P239177.18",
"strict": "0",
"extent": "rest",
"state": "missing"}
]}
]}
]}
]}
