{
"type": "cdl",
  "source": "http://oracc.org/saao/saa17",
  "license": "This data is released under the CC0 license",
  "license-url": "https://creativecommons.org/publicdomain/zero/1.0/",
  "more-info": "http://oracc.org/doc/opendata/",
  "UTC-timestamp": "2017-05-19T11:58:38",
"project": "saao/saa17",
"textid": "P239171",
"cdl": [
{
"node": "c",
"type": "text",
"id": "P239171.U0",
"cdl": [
{
"node": "d",
"type": "object",
"ref": ""}
,
{
"node": "d",
"subtype": "obverse",
"type": "surface",
"ref": "P239171.o.1",
"type": "obverse",
"label": "o"}
,
{
"node": "d",
"type": "nonx",
"ref": "P239171.2",
"strict": "0",
"extent": "beginning",
"state": "missing"}
,
{
"node": "c",
"type": "discourse",
"subtype": "body",
"id": "P239171.U1",
"cdl": [
{
"node": "c",
"type": "sentence",
"id": "P239171.U2",
"label": "o 1' - o 23'",
"cdl": [
{
"node": "d",
"type": "line-start",
"ref": "P239171.3",
"n": "1'",
"label": "o 1'"}
,
{
"node": "l",
"frag": "[x",
"id": "P239171.l00000",
"ref": "P239171.3.1",
"inst": "u",
"f": {"lang": "akk-x-neobab",
"form": "x",
"pos": "u"}
}
,
{
"node": "l",
"frag": "x]",
"id": "P239171.l00001",
"ref": "P239171.3.2",
"inst": "u",
"f": {"lang": "akk-x-neobab",
"form": "x",
"pos": "u"}
}
,
{
"node": "l",
"frag": "⸢x⸣",
"id": "P239171.l00002",
"ref": "P239171.3.3",
"inst": "u",
"f": {"lang": "akk-x-neobab",
"form": "x",
"pos": "u"}
}
,
{
"node": "l",
"frag": "[x",
"id": "P239171.l00003",
"ref": "P239171.3.4",
"inst": "u",
"f": {"lang": "akk-x-neobab",
"form": "x",
"pos": "u"}
}
,
{
"node": "l",
"frag": "x",
"id": "P239171.l00004",
"ref": "P239171.3.5",
"inst": "u",
"f": {"lang": "akk-x-neobab",
"form": "x",
"pos": "u"}
}
,
{
"node": "l",
"frag": "x",
"id": "P239171.l00005",
"ref": "P239171.3.6",
"inst": "u",
"f": {"lang": "akk-x-neobab",
"form": "x",
"pos": "u"}
}
,
{
"node": "l",
"frag": "x",
"id": "P239171.l00006",
"ref": "P239171.3.7",
"inst": "u",
"f": {"lang": "akk-x-neobab",
"form": "x",
"pos": "u"}
}
,
{
"node": "l",
"frag": "x",
"id": "P239171.l00007",
"ref": "P239171.3.8",
"inst": "u",
"f": {"lang": "akk-x-neobab",
"form": "x",
"pos": "u"}
}
,
{
"node": "l",
"frag": "x",
"id": "P239171.l00008",
"ref": "P239171.3.9",
"inst": "u",
"f": {"lang": "akk-x-neobab",
"form": "x",
"pos": "u"}
}
,
{
"node": "l",
"frag": "x",
"id": "P239171.l00009",
"ref": "P239171.3.10",
"inst": "u",
"f": {"lang": "akk-x-neobab",
"form": "x",
"pos": "u"}
}
,
{
"node": "l",
"frag": "x",
"id": "P239171.l0000a",
"ref": "P239171.3.11",
"inst": "u",
"f": {"lang": "akk-x-neobab",
"form": "x",
"pos": "u"}
}
,
{
"node": "l",
"frag": "x",
"id": "P239171.l0000b",
"ref": "P239171.3.12",
"inst": "u",
"f": {"lang": "akk-x-neobab",
"form": "x",
"pos": "u"}
}
,
{
"node": "l",
"frag": "x",
"id": "P239171.l0000c",
"ref": "P239171.3.13",
"inst": "u",
"f": {"lang": "akk-x-neobab",
"form": "x",
"pos": "u"}
}
,
{
"node": "l",
"frag": "x",
"id": "P239171.l0000d",
"ref": "P239171.3.14",
"inst": "u",
"f": {"lang": "akk-x-neobab",
"form": "x",
"pos": "u"}
}
,
{
"node": "l",
"frag": "x",
"id": "P239171.l0000e",
"ref": "P239171.3.15",
"inst": "u",
"f": {"lang": "akk-x-neobab",
"form": "x",
"pos": "u"}
}
,
{
"node": "l",
"frag": "x",
"id": "P239171.l0000f",
"ref": "P239171.3.16",
"inst": "u",
"f": {"lang": "akk-x-neobab",
"form": "x",
"pos": "u"}
}
,
{
"node": "l",
"frag": "x",
"id": "P239171.l00010",
"ref": "P239171.3.17",
"inst": "u",
"f": {"lang": "akk-x-neobab",
"form": "x",
"pos": "u"}
}
,
{
"node": "l",
"frag": "x",
"id": "P239171.l00011",
"ref": "P239171.3.18",
"inst": "u",
"f": {"lang": "akk-x-neobab",
"form": "x",
"pos": "u"}
}
,
{
"node": "l",
"frag": "x]",
"id": "P239171.l00012",
"ref": "P239171.3.19",
"inst": "u",
"f": {"lang": "akk-x-neobab",
"form": "x",
"pos": "u"}
}
,
{
"node": "d",
"type": "line-start",
"ref": "P239171.4",
"n": "2'",
"label": "o 2'"}
,
{
"node": "l",
"frag": "[x",
"id": "P239171.l00013",
"ref": "P239171.4.1",
"inst": "u",
"f": {"lang": "akk-x-neobab",
"form": "x",
"pos": "u"}
}
,
{
"node": "l",
"frag": "x]+⸢x",
"id": "P239171.l00014",
"ref": "P239171.4.2",
"inst": "u",
"f": {"lang": "akk-x-neobab",
"form": "x+x",
"pos": "u"}
}
,
{
"node": "l",
"frag": "{1}{d⸣}[x",
"id": "P239171.l00015",
"ref": "P239171.4.3",
"inst": "u",
"f": {"lang": "akk-x-neobab",
"form": "{1}{d}x",
"pos": "u"}
}
,
{
"node": "l",
"frag": "x",
"id": "P239171.l00016",
"ref": "P239171.4.4",
"inst": "u",
"f": {"lang": "akk-x-neobab",
"form": "x",
"pos": "u"}
}
,
{
"node": "l",
"frag": "x",
"id": "P239171.l00017",
"ref": "P239171.4.5",
"inst": "u",
"f": {"lang": "akk-x-neobab",
"form": "x",
"pos": "u"}
}
,
{
"node": "l",
"frag": "x",
"id": "P239171.l00018",
"ref": "P239171.4.6",
"inst": "u",
"f": {"lang": "akk-x-neobab",
"form": "x",
"pos": "u"}
}
,
{
"node": "l",
"frag": "x",
"id": "P239171.l00019",
"ref": "P239171.4.7",
"inst": "u",
"f": {"lang": "akk-x-neobab",
"form": "x",
"pos": "u"}
}
,
{
"node": "l",
"frag": "x",
"id": "P239171.l0001a",
"ref": "P239171.4.8",
"inst": "u",
"f": {"lang": "akk-x-neobab",
"form": "x",
"pos": "u"}
}
,
{
"node": "l",
"frag": "x",
"id": "P239171.l0001b",
"ref": "P239171.4.9",
"inst": "u",
"f": {"lang": "akk-x-neobab",
"form": "x",
"pos": "u"}
}
,
{
"node": "l",
"frag": "x",
"id": "P239171.l0001c",
"ref": "P239171.4.10",
"inst": "u",
"f": {"lang": "akk-x-neobab",
"form": "x",
"pos": "u"}
}
,
{
"node": "l",
"frag": "x",
"id": "P239171.l0001d",
"ref": "P239171.4.11",
"inst": "u",
"f": {"lang": "akk-x-neobab",
"form": "x",
"pos": "u"}
}
,
{
"node": "l",
"frag": "x",
"id": "P239171.l0001e",
"ref": "P239171.4.12",
"inst": "u",
"f": {"lang": "akk-x-neobab",
"form": "x",
"pos": "u"}
}
,
{
"node": "l",
"frag": "x",
"id": "P239171.l0001f",
"ref": "P239171.4.13",
"inst": "u",
"f": {"lang": "akk-x-neobab",
"form": "x",
"pos": "u"}
}
,
{
"node": "l",
"frag": "x",
"id": "P239171.l00020",
"ref": "P239171.4.14",
"inst": "u",
"f": {"lang": "akk-x-neobab",
"form": "x",
"pos": "u"}
}
,
{
"node": "l",
"frag": "x",
"id": "P239171.l00021",
"ref": "P239171.4.15",
"inst": "u",
"f": {"lang": "akk-x-neobab",
"form": "x",
"pos": "u"}
}
,
{
"node": "l",
"frag": "x",
"id": "P239171.l00022",
"ref": "P239171.4.16",
"inst": "u",
"f": {"lang": "akk-x-neobab",
"form": "x",
"pos": "u"}
}
,
{
"node": "l",
"frag": "x",
"id": "P239171.l00023",
"ref": "P239171.4.17",
"inst": "u",
"f": {"lang": "akk-x-neobab",
"form": "x",
"pos": "u"}
}
,
{
"node": "l",
"frag": "x]",
"id": "P239171.l00024",
"ref": "P239171.4.18",
"inst": "u",
"f": {"lang": "akk-x-neobab",
"form": "x",
"pos": "u"}
}
,
{
"node": "d",
"type": "line-start",
"ref": "P239171.5",
"n": "3'",
"label": "o 3'"}
,
{
"node": "l",
"frag": "[x",
"id": "P239171.l00025",
"ref": "P239171.5.1",
"inst": "u",
"f": {"lang": "akk-x-neobab",
"form": "x",
"pos": "u"}
}
,
{
"node": "l",
"frag": "x]-dan-ni",
"id": "P239171.l00026",
"ref": "P239171.5.2",
"inst": "u",
"f": {"lang": "akk-x-neobab",
"form": "x-dan-ni",
"pos": "u"}
}
,
{
"node": "l",
"frag": "⸢x",
"id": "P239171.l00027",
"ref": "P239171.5.3",
"inst": "u",
"f": {"lang": "akk-x-neobab",
"form": "x",
"pos": "u"}
}
,
{
"node": "l",
"frag": "x⸣",
"id": "P239171.l00028",
"ref": "P239171.5.4",
"inst": "u",
"f": {"lang": "akk-x-neobab",
"form": "x",
"pos": "u"}
}
,
{
"node": "l",
"frag": "{kur}[x",
"id": "P239171.l00029",
"ref": "P239171.5.5",
"inst": "u",
"f": {"lang": "akk-x-neobab",
"form": "{KUR}x",
"pos": "u"}
}
,
{
"node": "l",
"frag": "x",
"id": "P239171.l0002a",
"ref": "P239171.5.6",
"inst": "u",
"f": {"lang": "akk-x-neobab",
"form": "x",
"pos": "u"}
}
,
{
"node": "l",
"frag": "x",
"id": "P239171.l0002b",
"ref": "P239171.5.7",
"inst": "u",
"f": {"lang": "akk-x-neobab",
"form": "x",
"pos": "u"}
}
,
{
"node": "l",
"frag": "x",
"id": "P239171.l0002c",
"ref": "P239171.5.8",
"inst": "u",
"f": {"lang": "akk-x-neobab",
"form": "x",
"pos": "u"}
}
,
{
"node": "l",
"frag": "x",
"id": "P239171.l0002d",
"ref": "P239171.5.9",
"inst": "u",
"f": {"lang": "akk-x-neobab",
"form": "x",
"pos": "u"}
}
,
{
"node": "l",
"frag": "x",
"id": "P239171.l0002e",
"ref": "P239171.5.10",
"inst": "u",
"f": {"lang": "akk-x-neobab",
"form": "x",
"pos": "u"}
}
,
{
"node": "l",
"frag": "x",
"id": "P239171.l0002f",
"ref": "P239171.5.11",
"inst": "u",
"f": {"lang": "akk-x-neobab",
"form": "x",
"pos": "u"}
}
,
{
"node": "l",
"frag": "x",
"id": "P239171.l00030",
"ref": "P239171.5.12",
"inst": "u",
"f": {"lang": "akk-x-neobab",
"form": "x",
"pos": "u"}
}
,
{
"node": "l",
"frag": "x",
"id": "P239171.l00031",
"ref": "P239171.5.13",
"inst": "u",
"f": {"lang": "akk-x-neobab",
"form": "x",
"pos": "u"}
}
,
{
"node": "l",
"frag": "x]",
"id": "P239171.l00032",
"ref": "P239171.5.14",
"inst": "u",
"f": {"lang": "akk-x-neobab",
"form": "x",
"pos": "u"}
}
,
{
"node": "d",
"type": "line-start",
"ref": "P239171.6",
"n": "4'",
"label": "o 4'"}
,
{
"node": "l",
"frag": "[DUMU-šu₂",
"id": "P239171.l00033",
"ref": "P239171.6.1",
"inst": "māru[son]N$māršu",
"sig": "@saao/saa17%akk-x-neobab:DUMU-šu₂=māru[son//son]N'N$māršu",
"f": {"lang": "akk-x-neobab",
"form": "DUMU-šu₂",
"cf": "māru",
"gw": "son",
"sense": "son",
"norm": "māršu",
"pos": "N",
"epos": "N"}
}
,
{
"node": "l",
"frag": "ina]",
"id": "P239171.l00034",
"ref": "P239171.6.2",
"inst": "ina[in]PRP$",
"sig": "@saao/saa17%akk-x-neobab:ina=ina[in//in]PRP'PRP$ina",
"f": {"lang": "akk-x-neobab",
"form": "ina",
"cf": "ina",
"gw": "in",
"sense": "in",
"norm": "ina",
"pos": "PRP",
"epos": "PRP"}
}
,
{
"node": "l",
"frag": "{giš}GU.ZA",
"id": "P239171.l00035",
"ref": "P239171.6.3",
"inst": "kussû[chair//throne]N$kussî",
"sig": "@saao/saa17%akk-x-neobab:{GIŠ}GU.ZA=kussû[chair//throne]N'N$kussî",
"f": {"lang": "akk-x-neobab",
"form": "{GIŠ}GU.ZA",
"cf": "kussû",
"gw": "chair",
"sense": "throne",
"norm": "kussî",
"pos": "N",
"epos": "N"}
}
,
{
"node": "l",
"frag": "ša₂",
"id": "P239171.l00036",
"ref": "P239171.6.4",
"inst": "ša[of]DET$",
"sig": "@saao/saa17%akk-x-neobab:ša₂=ša[of//of]DET'DET$ša",
"f": {"lang": "akk-x-neobab",
"form": "ša₂",
"cf": "ša",
"gw": "of",
"sense": "of",
"norm": "ša",
"pos": "DET",
"epos": "DET"}
}
,
{
"node": "l",
"frag": "AD-šu₂",
"id": "P239171.l00037",
"ref": "P239171.6.5",
"inst": "abu[father]N$abīšu",
"sig": "@saao/saa17%akk-x-neobab:AD-šu₂=abu[father//father]N'N$abīšu",
"f": {"lang": "akk-x-neobab",
"form": "AD-šu₂",
"cf": "abu",
"gw": "father",
"sense": "father",
"norm": "abīšu",
"pos": "N",
"epos": "N"}
}
,
{
"node": "l",
"frag": "ul",
"id": "P239171.l00038",
"ref": "P239171.6.6",
"inst": "ul[not]MOD$",
"sig": "@saao/saa17%akk-x-neobab:ul=ul[not//not]MOD'MOD$ul",
"f": {"lang": "akk-x-neobab",
"form": "ul",
"cf": "ul",
"gw": "not",
"sense": "not",
"norm": "ul",
"pos": "MOD",
"epos": "MOD"}
}
,
{
"node": "l",
"frag": "u₂-[šib",
"id": "P239171.l00039",
"ref": "P239171.6.7",
"inst": "ašābu[sit (down)]V$ūšib",
"sig": "@saao/saa17%akk-x-neobab:u₂-šib=ašābu[sit (down)//sit (down)]V'V$ūšib",
"f": {"lang": "akk-x-neobab",
"form": "u₂-šib",
"cf": "ašābu",
"gw": "sit (down)",
"sense": "sit (down)",
"norm": "ūšib",
"pos": "V",
"epos": "V"}
}
,
{
"node": "l",
"frag": "x",
"id": "P239171.l0003a",
"ref": "P239171.6.8",
"inst": "u",
"f": {"lang": "akk-x-neobab",
"form": "x",
"pos": "u"}
}
,
{
"node": "l",
"frag": "x",
"id": "P239171.l0003b",
"ref": "P239171.6.9",
"inst": "u",
"f": {"lang": "akk-x-neobab",
"form": "x",
"pos": "u"}
}
,
{
"node": "l",
"frag": "x",
"id": "P239171.l0003c",
"ref": "P239171.6.10",
"inst": "u",
"f": {"lang": "akk-x-neobab",
"form": "x",
"pos": "u"}
}
,
{
"node": "l",
"frag": "x]",
"id": "P239171.l0003d",
"ref": "P239171.6.11",
"inst": "u",
"f": {"lang": "akk-x-neobab",
"form": "x",
"pos": "u"}
}
,
{
"node": "l",
"frag": "⸢x",
"id": "P239171.l0003e",
"ref": "P239171.6.12",
"inst": "u",
"f": {"lang": "akk-x-neobab",
"form": "x",
"pos": "u"}
}
,
{
"node": "l",
"frag": "x",
"id": "P239171.l0003f",
"ref": "P239171.6.13",
"inst": "u",
"f": {"lang": "akk-x-neobab",
"form": "x",
"pos": "u"}
}
,
{
"node": "l",
"frag": "x⸣+[x",
"id": "P239171.l00040",
"ref": "P239171.6.14",
"inst": "u",
"f": {"lang": "akk-x-neobab",
"form": "x+x",
"pos": "u"}
}
,
{
"node": "l",
"frag": "x",
"id": "P239171.l00041",
"ref": "P239171.6.15",
"inst": "u",
"f": {"lang": "akk-x-neobab",
"form": "x",
"pos": "u"}
}
,
{
"node": "l",
"frag": "x]",
"id": "P239171.l00042",
"ref": "P239171.6.16",
"inst": "u",
"f": {"lang": "akk-x-neobab",
"form": "x",
"pos": "u"}
}
,
{
"node": "d",
"type": "line-start",
"ref": "P239171.7",
"n": "5'",
"label": "o 5'"}
,
{
"node": "l",
"frag": "[x]",
"id": "P239171.l00043",
"ref": "P239171.7.1",
"inst": "u",
"f": {"lang": "akk-x-neobab",
"form": "x",
"pos": "u"}
}
,
{
"node": "l",
"frag": "⸢a⸣-mat-su",
"id": "P239171.l00044",
"ref": "P239171.7.2",
"inst": "awātu[word]N$amatsu",
"sig": "@saao/saa17%akk-x-neobab:a-mat-su=awātu[word//word]N'N$amatsu",
"f": {"lang": "akk-x-neobab",
"form": "a-mat-su",
"cf": "awātu",
"gw": "word",
"sense": "word",
"norm": "amatsu",
"pos": "N",
"epos": "N"}
}
,
{
"node": "l",
"frag": "um-ma",
"id": "P239171.l00045",
"ref": "P239171.7.3",
"inst": "umma[saying]PRP$",
"sig": "@saao/saa17%akk-x-neobab:um-ma=umma[saying//saying]PRP'PRP$umma",
"f": {"lang": "akk-x-neobab",
"form": "um-ma",
"cf": "umma",
"gw": "saying",
"sense": "saying",
"norm": "umma",
"pos": "PRP",
"epos": "PRP"}
}
,
{
"node": "l",
"frag": "ul",
"id": "P239171.l00046",
"ref": "P239171.7.4",
"inst": "ul[not]MOD$",
"sig": "@saao/saa17%akk-x-neobab:ul=ul[not//not]MOD'MOD$ul",
"f": {"lang": "akk-x-neobab",
"form": "ul",
"cf": "ul",
"gw": "not",
"sense": "not",
"norm": "ul",
"pos": "MOD",
"epos": "MOD"}
}
,
{
"node": "l",
"frag": "ha-bit",
"id": "P239171.l00047",
"ref": "P239171.7.5",
"inst": "habit[taken captive]AJ",
"sig": "@saao/saa17%akk-x-neobab:ha-bit=habtu[robbed//taken captive]AJ'AJ$habit",
"f": {"lang": "akk-x-neobab",
"form": "ha-bit",
"cf": "habtu",
"gw": "robbed",
"sense": "taken captive",
"norm": "habit",
"pos": "AJ",
"epos": "AJ"}
}
,
{
"node": "l",
"frag": "{1}{d}[x",
"id": "P239171.l00048",
"ref": "P239171.7.6",
"inst": "u",
"f": {"lang": "akk-x-neobab",
"form": "{1}{d}x",
"pos": "u"}
}
,
{
"node": "l",
"frag": "x]-⸢iq⸣-qa",
"id": "P239171.l00049",
"ref": "P239171.7.7",
"inst": "u",
"f": {"lang": "akk-x-neobab",
"form": "x-iq-qa",
"pos": "u"}
}
,
{
"node": "l",
"frag": "E₂-AD-šu₂",
"id": "P239171.l0004a",
"ref": "P239171.7.8",
"cof-tails": "P239171.l0004b",
"inst": "+bītu[house]N$bīt&+abu[father]N$abīšu",
"exosig": "@saao/saa17%akk-x-neobab:E₂-AD-šu₂=bītu[house//house]N'N$bīt&&@saao/saa17%akk-x-neobab:E₂-AD-šu₂=abu[father//father]N'N$abīšu",
"f": {"lang": "akk-x-neobab",
"form": "E₂-AD-šu₂",
"cf": "bītu",
"gw": "house",
"sense": "house",
"norm": "bīt",
"pos": "N",
"epos": "N"}
}
,
{
"node": "l",
"frag": "E₂-AD-šu₂",
"id": "P239171.l0004b",
"ref": "P239171.7.8",
"cof-head": "P239171.l0004a",
"inst": "+bītu[house]N$bīt&+abu[father]N$abīšu",
"f": {"lang": "akk-x-neobab",
"form": "E₂-AD-šu₂",
"cf": "abu",
"gw": "father",
"sense": "father",
"norm": "abīšu",
"pos": "N",
"epos": "N"}
}
,
{
"node": "l",
"frag": "[x",
"id": "P239171.l0004c",
"ref": "P239171.7.9",
"inst": "u",
"f": {"lang": "akk-x-neobab",
"form": "x",
"pos": "u"}
}
,
{
"node": "l",
"frag": "x]",
"id": "P239171.l0004d",
"ref": "P239171.7.10",
"inst": "u",
"f": {"lang": "akk-x-neobab",
"form": "x",
"pos": "u"}
}
,
{
"node": "d",
"type": "line-start",
"ref": "P239171.8",
"n": "6'",
"label": "o 6'"}
,
{
"node": "l",
"frag": "[x]",
"id": "P239171.l0004e",
"ref": "P239171.8.1",
"inst": "u",
"f": {"lang": "akk-x-neobab",
"form": "x",
"pos": "u"}
}
,
{
"node": "l",
"frag": "DUMU-šu₂",
"id": "P239171.l0004f",
"ref": "P239171.8.2",
"inst": "māršu[son]N",
"sig": "@saao/saa17%akk-x-neobab:DUMU-šu₂=māru[son//son]N'N$māršu",
"f": {"lang": "akk-x-neobab",
"form": "DUMU-šu₂",
"cf": "māru",
"gw": "son",
"sense": "son",
"norm": "māršu",
"pos": "N",
"epos": "N"}
}
,
{
"node": "l",
"frag": "a-kan-na",
"id": "P239171.l00050",
"ref": "P239171.8.3",
"inst": "akanna[here//now]AV$",
"sig": "@saao/saa17%akk-x-neobab:a-kan-na=akanna[here//now]AV'AV$akanna",
"f": {"lang": "akk-x-neobab",
"form": "a-kan-na",
"cf": "akanna",
"gw": "here",
"sense": "now",
"norm": "akanna",
"pos": "AV",
"epos": "AV"}
}
,
{
"node": "l",
"frag": "a-na",
"id": "P239171.l00051",
"ref": "P239171.8.4",
"inst": "ana[to]PRP$",
"sig": "@saao/saa17%akk-x-neobab:a-na=ana[to//to]PRP'PRP$ana",
"f": {"lang": "akk-x-neobab",
"form": "a-na",
"cf": "ana",
"gw": "to",
"sense": "to",
"norm": "ana",
"pos": "PRP",
"epos": "PRP"}
}
,
{
"node": "l",
"frag": "{lu₂}maš-ka-nu-⸢ti⸣",
"id": "P239171.l00052",
"ref": "P239171.8.5",
"inst": "maškanu[place of putting//hostage]N$maškanūti",
"sig": "@saao/saa17%akk-x-neobab:{LU₂}maš-ka-nu-ti=maškanu[place of putting//hostage]N'N$maškanūti",
"f": {"lang": "akk-x-neobab",
"form": "{LU₂}maš-ka-nu-ti",
"cf": "maškanu",
"gw": "place of putting",
"sense": "hostage",
"norm": "maškanūti",
"pos": "N",
"epos": "N"}
}
,
{
"node": "l",
"frag": "i-na",
"id": "P239171.l00053",
"ref": "P239171.8.6",
"inst": "ina[in+=in the presence of]PRP",
"sig": "@saao/saa17%akk-x-neobab:i-na=ina[in//in]PRP'PRP$ina",
"f": {"lang": "akk-x-neobab",
"form": "i-na",
"cf": "ina",
"gw": "in",
"sense": "in",
"norm": "ina",
"pos": "PRP",
"epos": "PRP"}
}
,
{
"node": "l",
"frag": "pa-ni-⸢ia⸣",
"id": "P239171.l00054",
"ref": "P239171.8.7",
"inst": "pānīya[front]N",
"sig": "@saao/saa17%akk-x-neobab:pa-ni-ia=pānu[front//front]N'N$pānīya",
"f": {"lang": "akk-x-neobab",
"form": "pa-ni-ia",
"cf": "pānu",
"gw": "front",
"sense": "front",
"norm": "pānīya",
"pos": "N",
"epos": "N"}
}
,
{
"node": "l",
"frag": "[ka-li]",
"id": "P239171.l00055",
"ref": "P239171.8.8",
"inst": "kalû[held (back)]AJ$kali",
"sig": "@saao/saa17%akk-x-neobab:ka-li=kalû[held (back)//held (back)]AJ'AJ$kali",
"f": {"lang": "akk-x-neobab",
"form": "ka-li",
"cf": "kalû",
"gw": "held (back)",
"sense": "held (back)",
"norm": "kali",
"pos": "AJ",
"epos": "AJ"}
}
,
{
"node": "d",
"type": "line-start",
"ref": "P239171.9",
"n": "7'",
"label": "o 7'"}
,
{
"node": "l",
"frag": "[u₃]",
"id": "P239171.l00056",
"ref": "P239171.9.1",
"inst": "u[and]CNJ",
"sig": "@saao/saa17%akk-x-neobab:u₃=u[and//and]CNJ'CNJ$u",
"f": {"lang": "akk-x-neobab",
"form": "u₃",
"cf": "u",
"gw": "and",
"sense": "and",
"norm": "u",
"pos": "CNJ",
"epos": "CNJ"}
}
,
{
"node": "l",
"frag": "{1}ba-laṭ-su",
"id": "P239171.l00057",
"ref": "P239171.9.2",
"inst": "Balassu[1]PN$Balaṭsu",
"sig": "@saao/saa17%akk-x-neobab:{1}ba-laṭ-su=Balassu[1//1]PN'PN$Balaṭsu",
"f": {"lang": "akk-x-neobab",
"form": "{1}ba-laṭ-su",
"cf": "Balassu",
"gw": "1",
"sense": "1",
"norm": "Balaṭsu",
"pos": "PN",
"epos": "PN"}
}
,
{
"node": "l",
"frag": "a-kan-na-ka",
"id": "P239171.l00058",
"ref": "P239171.9.3",
"inst": "akannaka[there//here]AV$",
"sig": "@saao/saa17%akk-x-neobab:a-kan-na-ka=akannaka[there//here]AV'AV$akannaka",
"f": {"lang": "akk-x-neobab",
"form": "a-kan-na-ka",
"cf": "akannaka",
"gw": "there",
"sense": "here",
"norm": "akannaka",
"pos": "AV",
"epos": "AV"}
}
,
{
"node": "l",
"frag": "mi-i-ti",
"id": "P239171.l00059",
"ref": "P239171.9.4",
"inst": "mītu[dead]AJ$mīti",
"sig": "@saao/saa17%akk-x-neobab:mi-i-ti=mītu[dead//dead]AJ'AJ$mīti",
"f": {"lang": "akk-x-neobab",
"form": "mi-i-ti",
"cf": "mītu",
"gw": "dead",
"sense": "dead",
"norm": "mīti",
"pos": "AJ",
"epos": "AJ"}
}
,
{
"node": "l",
"frag": "EN.NUN",
"id": "P239171.l0005a",
"ref": "P239171.9.5",
"inst": "maṣṣartu[observation//guard]N$",
"sig": "@saao/saa17%akk-x-neobab:EN.NUN=maṣṣartu[observation//guard]N'N$maṣṣartu",
"f": {"lang": "akk-x-neobab",
"form": "EN.NUN",
"cf": "maṣṣartu",
"gw": "observation",
"sense": "guard",
"norm": "maṣṣartu",
"pos": "N",
"epos": "N"}
}
,
{
"node": "l",
"frag": "ša₂",
"id": "P239171.l0005b",
"ref": "P239171.9.6",
"inst": "ša[of]DET",
"sig": "@saao/saa17%akk-x-neobab:ša₂=ša[of//of]DET'DET$ša",
"f": {"lang": "akk-x-neobab",
"form": "ša₂",
"cf": "ša",
"gw": "of",
"sense": "of",
"norm": "ša",
"pos": "DET",
"epos": "DET"}
}
,
{
"node": "l",
"frag": "E₂-⸢be⸣-[li-ku-nu]",
"id": "P239171.l0005c",
"ref": "P239171.9.7",
"cof-tails": "P239171.l0005d",
"inst": "+bītu[house]N$bīt&+bēlu[lord]N$bēlīkunu",
"exosig": "@saao/saa17%akk-x-neobab:E₂-be-li-ku-nu=bītu[house//house]N'N$bīt&&@saao/saa17%akk-x-neobab:E₂-be-li-ku-nu=bēlu[lord//lord]N'N$bēlīkunu",
"f": {"lang": "akk-x-neobab",
"form": "E₂-be-li-ku-nu",
"cf": "bītu",
"gw": "house",
"sense": "house",
"norm": "bīt",
"pos": "N",
"epos": "N"}
}
,
{
"node": "l",
"frag": "E₂-⸢be⸣-[li-ku-nu]",
"id": "P239171.l0005d",
"ref": "P239171.9.7",
"cof-head": "P239171.l0005c",
"inst": "+bītu[house]N$bīt&+bēlu[lord]N$bēlīkunu",
"f": {"lang": "akk-x-neobab",
"form": "E₂-be-li-ku-nu",
"cf": "bēlu",
"gw": "lord",
"sense": "lord",
"norm": "bēlīkunu",
"pos": "N",
"epos": "N"}
}
,
{
"node": "d",
"type": "line-start",
"ref": "P239171.10",
"n": "8'",
"label": "o 8'"}
,
{
"node": "l",
"frag": "[ul",
"id": "P239171.l0005e",
"ref": "P239171.10.1",
"inst": "ul[not]MOD",
"sig": "@saao/saa17%akk-x-neobab:ul=ul[not//not]MOD'MOD$ul",
"f": {"lang": "akk-x-neobab",
"form": "ul",
"cf": "ul",
"gw": "not",
"sense": "not",
"norm": "ul",
"pos": "MOD",
"epos": "MOD"}
}
,
{
"node": "l",
"frag": "ta]-⸢na⸣-aṣ-ṣa-ra-a",
"id": "P239171.l0005f",
"ref": "P239171.10.2",
"inst": "naṣāru[guard//keep guard]V$tanaṣṣarâ",
"sig": "@saao/saa17%akk-x-neobab:ta-na-aṣ-ṣa-ra-a=naṣāru[guard//keep guard]V'V$tanaṣṣarâ",
"f": {"lang": "akk-x-neobab",
"form": "ta-na-aṣ-ṣa-ra-a",
"cf": "naṣāru",
"gw": "guard",
"sense": "keep guard",
"norm": "tanaṣṣarâ",
"pos": "V",
"epos": "V"}
}
,
{
"node": "l",
"frag": "a-di",
"id": "P239171.l00060",
"ref": "P239171.10.3",
"inst": "adi[until+=until]PRP$",
"sig": "@saao/saa17%akk-x-neobab:a-di=adi[until//until]PRP'PRP$adi",
"f": {"lang": "akk-x-neobab",
"form": "a-di",
"cf": "adi",
"gw": "until",
"sense": "until",
"norm": "adi",
"pos": "PRP",
"epos": "PRP"}
}
,
{
"node": "l",
"frag": "E₂",
"id": "P239171.l00061",
"ref": "P239171.10.4",
"inst": "bītu[house]N$bīt",
"sig": "@saao/saa17%akk-x-neobab:E₂=bītu[house//house]N'N$bīt",
"f": {"lang": "akk-x-neobab",
"form": "E₂",
"cf": "bītu",
"gw": "house",
"sense": "house",
"norm": "bīt",
"pos": "N",
"epos": "N"}
}
,
{
"node": "l",
"frag": "DUMU",
"id": "P239171.l00062",
"ref": "P239171.10.5",
"inst": "mār[son]N",
"sig": "@saao/saa17%akk-x-neobab:DUMU=māru[son//son]N'N$mār",
"f": {"lang": "akk-x-neobab",
"form": "DUMU",
"cf": "māru",
"gw": "son",
"sense": "son",
"norm": "mār",
"pos": "N",
"epos": "N"}
}
,
{
"node": "l",
"frag": "be-li₂-ku-nu",
"id": "P239171.l00063",
"ref": "P239171.10.6",
"inst": "bēlu[lord]N$bēlikunu",
"sig": "@saao/saa17%akk-x-neobab:be-li₂-ku-nu=bēlu[lord//lord]N'N$bēlikunu",
"f": {"lang": "akk-x-neobab",
"form": "be-li₂-ku-nu",
"cf": "bēlu",
"gw": "lord",
"sense": "lord",
"norm": "bēlikunu",
"pos": "N",
"epos": "N"}
}
,
{
"node": "l",
"frag": "a-šap-pa-[ra-ku-nu-ši]",
"id": "P239171.l00064",
"ref": "P239171.10.7",
"inst": "šapāru[send]V$ašapparakkunūši",
"sig": "@saao/saa17%akk-x-neobab:a-šap-pa-ra-ku-nu-ši=šapāru[send//send]V'V$ašapparakkunūši",
"f": {"lang": "akk-x-neobab",
"form": "a-šap-pa-ra-ku-nu-ši",
"cf": "šapāru",
"gw": "send",
"sense": "send",
"norm": "ašapparakkunūši",
"pos": "V",
"epos": "V"}
}
,
{
"node": "d",
"type": "line-start",
"ref": "P239171.11",
"n": "9'",
"label": "o 9'"}
,
{
"node": "l",
"frag": "[x",
"id": "P239171.l00065",
"ref": "P239171.11.1",
"inst": "u",
"f": {"lang": "akk-x-neobab",
"form": "x",
"pos": "u"}
}
,
{
"node": "l",
"frag": "x",
"id": "P239171.l00066",
"ref": "P239171.11.2",
"inst": "u",
"f": {"lang": "akk-x-neobab",
"form": "x",
"pos": "u"}
}
,
{
"node": "l",
"frag": "x]",
"id": "P239171.l00067",
"ref": "P239171.11.3",
"inst": "u",
"f": {"lang": "akk-x-neobab",
"form": "x",
"pos": "u"}
}
,
{
"node": "l",
"frag": "{1}hu-ul-li-i",
"id": "P239171.l00068",
"ref": "P239171.11.4",
"inst": "Hulli[1]PN$",
"sig": "@saao/saa17%akk-x-neobab:{1}hu-ul-li-i=Hulli[1//1]PN'PN$Hulli",
"f": {"lang": "akk-x-neobab",
"form": "{1}hu-ul-li-i",
"cf": "Hulli",
"gw": "1",
"sense": "1",
"norm": "Hulli",
"pos": "PN",
"epos": "PN"}
}
,
{
"node": "l",
"frag": "u₂-šah-hi-su-ma",
"id": "P239171.l00069",
"ref": "P239171.11.5",
"inst": "nahāsu[(re)cede//send back]V$ušahhisūma",
"sig": "@saao/saa17%akk-x-neobab:u₂-šah-hi-su-ma=nahāsu[(re)cede//send back]V'V$ušahhisūma",
"f": {"lang": "akk-x-neobab",
"form": "u₂-šah-hi-su-ma",
"cf": "nahāsu",
"gw": "(re)cede",
"sense": "send back",
"norm": "ušahhisūma",
"pos": "V",
"epos": "V"}
}
,
{
"node": "l",
"frag": "a-na",
"id": "P239171.l0006a",
"ref": "P239171.11.6",
"inst": "ana[to]PRP",
"sig": "@saao/saa17%akk-x-neobab:a-na=ana[to//to]PRP'PRP$ana",
"f": {"lang": "akk-x-neobab",
"form": "a-na",
"cf": "ana",
"gw": "to",
"sense": "to",
"norm": "ana",
"pos": "PRP",
"epos": "PRP"}
}
,
{
"node": "l",
"frag": "⸢x⸣+[x",
"id": "P239171.l0006b",
"ref": "P239171.11.7",
"inst": "u",
"f": {"lang": "akk-x-neobab",
"form": "x+x",
"pos": "u"}
}
,
{
"node": "l",
"frag": "x",
"id": "P239171.l0006c",
"ref": "P239171.11.8",
"inst": "u",
"f": {"lang": "akk-x-neobab",
"form": "x",
"pos": "u"}
}
,
{
"node": "l",
"frag": "x]",
"id": "P239171.l0006d",
"ref": "P239171.11.9",
"inst": "u",
"f": {"lang": "akk-x-neobab",
"form": "x",
"pos": "u"}
}
,
{
"node": "d",
"type": "line-start",
"ref": "P239171.12",
"n": "10'",
"label": "o 10'"}
,
{
"node": "l",
"frag": "[x",
"id": "P239171.l0006e",
"ref": "P239171.12.1",
"inst": "u",
"f": {"lang": "akk-x-neobab",
"form": "x",
"pos": "u"}
}
,
{
"node": "l",
"frag": "x",
"id": "P239171.l0006f",
"ref": "P239171.12.2",
"inst": "u",
"f": {"lang": "akk-x-neobab",
"form": "x",
"pos": "u"}
}
,
{
"node": "l",
"frag": "x]",
"id": "P239171.l00070",
"ref": "P239171.12.3",
"inst": "u",
"f": {"lang": "akk-x-neobab",
"form": "x",
"pos": "u"}
}
,
{
"node": "l",
"frag": "i-na",
"id": "P239171.l00071",
"ref": "P239171.12.4",
"inst": "ina[in]PRP$",
"sig": "@saao/saa17%akk-x-neobab:i-na=ina[in//in]PRP'PRP$ina",
"f": {"lang": "akk-x-neobab",
"form": "i-na",
"cf": "ina",
"gw": "in",
"sense": "in",
"norm": "ina",
"pos": "PRP",
"epos": "PRP"}
}
,
{
"node": "l",
"frag": "⸢KUR⸣-šu₂",
"id": "P239171.l00072",
"ref": "P239171.12.5",
"inst": "mātīšu[land]N",
"sig": "@saao/saa17%akk-x-neobab:KUR-šu₂=mātu[land//land]N'N$mātīšu",
"f": {"lang": "akk-x-neobab",
"form": "KUR-šu₂",
"cf": "mātu",
"gw": "land",
"sense": "land",
"norm": "mātīšu",
"pos": "N",
"epos": "N"}
}
,
{
"node": "l",
"frag": "i-mu-ru",
"id": "P239171.l00073",
"ref": "P239171.12.6",
"inst": "amāru[see]V$īmurū",
"sig": "@saao/saa17%akk-x-neobab:i-mu-ru=amāru[see//see]V'V$īmurū",
"f": {"lang": "akk-x-neobab",
"form": "i-mu-ru",
"cf": "amāru",
"gw": "see",
"sense": "see",
"norm": "īmurū",
"pos": "V",
"epos": "V"}
}
,
{
"node": "l",
"frag": "{lu₂}ARAD-MEŠ",
"id": "P239171.l00074",
"ref": "P239171.12.7",
"inst": "ardu[slave//servant]N$ardū",
"sig": "@saao/saa17%akk-x-neobab:{LU₂}ARAD-MEŠ=ardu[slave//servant]N'N$ardū",
"f": {"lang": "akk-x-neobab",
"form": "{LU₂}ARAD-MEŠ",
"cf": "ardu",
"gw": "slave",
"sense": "servant",
"norm": "ardū",
"pos": "N",
"epos": "N"}
}
,
{
"node": "l",
"frag": "u₃",
"id": "P239171.l00075",
"ref": "P239171.12.8",
"inst": "u[and]CNJ",
"sig": "@saao/saa17%akk-x-neobab:u₃=u[and//and]CNJ'CNJ$u",
"f": {"lang": "akk-x-neobab",
"form": "u₃",
"cf": "u",
"gw": "and",
"sense": "and",
"norm": "u",
"pos": "CNJ",
"epos": "CNJ"}
}
,
{
"node": "l",
"frag": "⸢x⸣+[x",
"id": "P239171.l00076",
"ref": "P239171.12.9",
"inst": "u",
"f": {"lang": "akk-x-neobab",
"form": "x+x",
"pos": "u"}
}
,
{
"node": "l",
"frag": "x",
"id": "P239171.l00077",
"ref": "P239171.12.10",
"inst": "u",
"f": {"lang": "akk-x-neobab",
"form": "x",
"pos": "u"}
}
,
{
"node": "l",
"frag": "x",
"id": "P239171.l00078",
"ref": "P239171.12.11",
"inst": "u",
"f": {"lang": "akk-x-neobab",
"form": "x",
"pos": "u"}
}
,
{
"node": "l",
"frag": "x]",
"id": "P239171.l00079",
"ref": "P239171.12.12",
"inst": "u",
"f": {"lang": "akk-x-neobab",
"form": "x",
"pos": "u"}
}
,
{
"node": "d",
"type": "line-start",
"ref": "P239171.13",
"n": "11'",
"label": "o 11'"}
,
{
"node": "l",
"frag": "[x",
"id": "P239171.l0007a",
"ref": "P239171.13.1",
"inst": "u",
"f": {"lang": "akk-x-neobab",
"form": "x",
"pos": "u"}
}
,
{
"node": "l",
"frag": "x",
"id": "P239171.l0007b",
"ref": "P239171.13.2",
"inst": "u",
"f": {"lang": "akk-x-neobab",
"form": "x",
"pos": "u"}
}
,
{
"node": "l",
"frag": "x]-⸢ru⸣-u₂",
"id": "P239171.l0007c",
"ref": "P239171.13.3",
"inst": "u",
"f": {"lang": "akk-x-neobab",
"form": "x-ru-u₂",
"pos": "u"}
}
,
{
"node": "l",
"frag": "a-di",
"id": "P239171.l0007d",
"ref": "P239171.13.4",
"inst": "adi[until+=until]PRP",
"sig": "@saao/saa17%akk-x-neobab:a-di=adi[until//until]PRP'PRP$adi",
"f": {"lang": "akk-x-neobab",
"form": "a-di",
"cf": "adi",
"gw": "until",
"sense": "until",
"norm": "adi",
"pos": "PRP",
"epos": "PRP"}
}
,
{
"node": "l",
"frag": "E₂",
"id": "P239171.l0007e",
"ref": "P239171.13.5",
"inst": "bītu[house]N$bīt",
"sig": "@saao/saa17%akk-x-neobab:E₂=bītu[house//house]N'N$bīt",
"f": {"lang": "akk-x-neobab",
"form": "E₂",
"cf": "bītu",
"gw": "house",
"sense": "house",
"norm": "bīt",
"pos": "N",
"epos": "N"}
}
,
{
"node": "l",
"frag": "⸢a-na⸣-ku",
"id": "P239171.l0007f",
"ref": "P239171.13.6",
"inst": "anāku[I]IP",
"sig": "@saao/saa17%akk-x-neobab:a-na-ku=anāku[I//I]IP'IP$anāku",
"f": {"lang": "akk-x-neobab",
"form": "a-na-ku",
"cf": "anāku",
"gw": "I",
"sense": "I",
"norm": "anāku",
"pos": "IP",
"epos": "IP"}
}
,
{
"node": "l",
"frag": "DUMU",
"id": "P239171.l00080",
"ref": "P239171.13.7",
"inst": "mār[son]N",
"sig": "@saao/saa17%akk-x-neobab:DUMU=māru[son//son]N'N$mār",
"f": {"lang": "akk-x-neobab",
"form": "DUMU",
"cf": "māru",
"gw": "son",
"sense": "son",
"norm": "mār",
"pos": "N",
"epos": "N"}
}
,
{
"node": "l",
"frag": "be-li₂-šu₂-⸢nu⸣",
"id": "P239171.l00081",
"ref": "P239171.13.8",
"inst": "bēlišunu[lord]N",
"sig": "@saao/saa17%akk-x-neobab:be-li₂-šu₂-nu=bēlu[lord//lord]N'N$bēlišunu",
"f": {"lang": "akk-x-neobab",
"form": "be-li₂-šu₂-nu",
"cf": "bēlu",
"gw": "lord",
"sense": "lord",
"norm": "bēlišunu",
"pos": "N",
"epos": "N"}
}
,
{
"node": "l",
"frag": "[u₂-tir-šu₂-nu-ti]",
"id": "P239171.l00082",
"ref": "P239171.13.9",
"inst": "târu[turn//send back]V$uttīršunūti",
"sig": "@saao/saa17%akk-x-neobab:u₂-tir-šu₂-nu-ti=târu[turn//send back]V'V$uttīršunūti",
"f": {"lang": "akk-x-neobab",
"form": "u₂-tir-šu₂-nu-ti",
"cf": "târu",
"gw": "turn",
"sense": "send back",
"norm": "uttīršunūti",
"pos": "V",
"epos": "V"}
}
,
{
"node": "d",
"type": "line-start",
"ref": "P239171.14",
"n": "12'",
"label": "o 12'"}
,
{
"node": "l",
"frag": "[x",
"id": "P239171.l00083",
"ref": "P239171.14.1",
"inst": "u",
"f": {"lang": "akk-x-neobab",
"form": "x",
"pos": "u"}
}
,
{
"node": "l",
"frag": "x",
"id": "P239171.l00084",
"ref": "P239171.14.2",
"inst": "u",
"f": {"lang": "akk-x-neobab",
"form": "x",
"pos": "u"}
}
,
{
"node": "l",
"frag": "x]-ti",
"id": "P239171.l00085",
"ref": "P239171.14.3",
"inst": "u",
"f": {"lang": "akk-x-neobab",
"form": "x-ti",
"pos": "u"}
}
,
{
"node": "l",
"frag": "a-mat",
"id": "P239171.l00086",
"ref": "P239171.14.4",
"inst": "awātu[word]N$amat",
"sig": "@saao/saa17%akk-x-neobab:a-mat=awātu[word//word]N'N$amat",
"f": {"lang": "akk-x-neobab",
"form": "a-mat",
"cf": "awātu",
"gw": "word",
"sense": "word",
"norm": "amat",
"pos": "N",
"epos": "N"}
}
,
{
"node": "l",
"frag": "um-ma",
"id": "P239171.l00087",
"ref": "P239171.14.5",
"inst": "umma[saying]PRP",
"sig": "@saao/saa17%akk-x-neobab:um-ma=umma[saying//saying]PRP'PRP$umma",
"f": {"lang": "akk-x-neobab",
"form": "um-ma",
"cf": "umma",
"gw": "saying",
"sense": "saying",
"norm": "umma",
"pos": "PRP",
"epos": "PRP"}
}
,
{
"node": "l",
"frag": "ši-[i",
"id": "P239171.l00088",
"ref": "P239171.14.6",
"inst": "šî[it]IP",
"sig": "@saao/saa17%akk-x-neobab:ši-i=šī[she//it]IP'IP$šî",
"f": {"lang": "akk-x-neobab",
"form": "ši-i",
"cf": "šī",
"gw": "she",
"sense": "it",
"norm": "šî",
"pos": "IP",
"epos": "IP"}
}
,
{
"node": "l",
"frag": "x",
"id": "P239171.l00089",
"ref": "P239171.14.7",
"inst": "u",
"f": {"lang": "akk-x-neobab",
"form": "x",
"pos": "u"}
}
,
{
"node": "l",
"frag": "x",
"id": "P239171.l0008a",
"ref": "P239171.14.8",
"inst": "u",
"f": {"lang": "akk-x-neobab",
"form": "x",
"pos": "u"}
}
,
{
"node": "l",
"frag": "x",
"id": "P239171.l0008b",
"ref": "P239171.14.9",
"inst": "u",
"f": {"lang": "akk-x-neobab",
"form": "x",
"pos": "u"}
}
,
{
"node": "l",
"frag": "x",
"id": "P239171.l0008c",
"ref": "P239171.14.10",
"inst": "u",
"f": {"lang": "akk-x-neobab",
"form": "x",
"pos": "u"}
}
,
{
"node": "l",
"frag": "x",
"id": "P239171.l0008d",
"ref": "P239171.14.11",
"inst": "u",
"f": {"lang": "akk-x-neobab",
"form": "x",
"pos": "u"}
}
,
{
"node": "l",
"frag": "x",
"id": "P239171.l0008e",
"ref": "P239171.14.12",
"inst": "u",
"f": {"lang": "akk-x-neobab",
"form": "x",
"pos": "u"}
}
,
{
"node": "l",
"frag": "x",
"id": "P239171.l0008f",
"ref": "P239171.14.13",
"inst": "u",
"f": {"lang": "akk-x-neobab",
"form": "x",
"pos": "u"}
}
,
{
"node": "l",
"frag": "x",
"id": "P239171.l00090",
"ref": "P239171.14.14",
"inst": "u",
"f": {"lang": "akk-x-neobab",
"form": "x",
"pos": "u"}
}
,
{
"node": "l",
"frag": "x",
"id": "P239171.l00091",
"ref": "P239171.14.15",
"inst": "u",
"f": {"lang": "akk-x-neobab",
"form": "x",
"pos": "u"}
}
,
{
"node": "l",
"frag": "x",
"id": "P239171.l00092",
"ref": "P239171.14.16",
"inst": "u",
"f": {"lang": "akk-x-neobab",
"form": "x",
"pos": "u"}
}
,
{
"node": "l",
"frag": "x]",
"id": "P239171.l00093",
"ref": "P239171.14.17",
"inst": "u",
"f": {"lang": "akk-x-neobab",
"form": "x",
"pos": "u"}
}
,
{
"node": "d",
"type": "line-start",
"ref": "P239171.15",
"n": "13'",
"label": "o 13'"}
,
{
"node": "l",
"frag": "[x",
"id": "P239171.l00094",
"ref": "P239171.15.1",
"inst": "u",
"f": {"lang": "akk-x-neobab",
"form": "x",
"pos": "u"}
}
,
{
"node": "l",
"frag": "x]",
"id": "P239171.l00095",
"ref": "P239171.15.2",
"inst": "u",
"f": {"lang": "akk-x-neobab",
"form": "x",
"pos": "u"}
}
,
{
"node": "l",
"frag": "DAM-su",
"id": "P239171.l00096",
"ref": "P239171.15.3",
"inst": "aššatu[wife]N$aššassu",
"sig": "@saao/saa17%akk-x-neobab:DAM-su=aššatu[wife//wife]N'N$aššassu",
"f": {"lang": "akk-x-neobab",
"form": "DAM-su",
"cf": "aššatu",
"gw": "wife",
"sense": "wife",
"norm": "aššassu",
"pos": "N",
"epos": "N"}
}
,
{
"node": "l",
"frag": "a-kan-na",
"id": "P239171.l00097",
"ref": "P239171.15.4",
"inst": "akanna[here]AV$",
"sig": "@saao/saa17%akk-x-neobab:a-kan-na=akanna[here//here]AV'AV$akanna",
"f": {"lang": "akk-x-neobab",
"form": "a-kan-na",
"cf": "akanna",
"gw": "here",
"sense": "here",
"norm": "akanna",
"pos": "AV",
"epos": "AV"}
}
,
{
"node": "l",
"frag": "u₃",
"id": "P239171.l00098",
"ref": "P239171.15.5",
"inst": "u[and]CNJ",
"sig": "@saao/saa17%akk-x-neobab:u₃=u[and//and]CNJ'CNJ$u",
"f": {"lang": "akk-x-neobab",
"form": "u₃",
"cf": "u",
"gw": "and",
"sense": "and",
"norm": "u",
"pos": "CNJ",
"epos": "CNJ"}
}
,
{
"node": "l",
"frag": "[x",
"id": "P239171.l00099",
"ref": "P239171.15.6",
"inst": "u",
"f": {"lang": "akk-x-neobab",
"form": "x",
"pos": "u"}
}
,
{
"node": "l",
"frag": "x",
"id": "P239171.l0009a",
"ref": "P239171.15.7",
"inst": "u",
"f": {"lang": "akk-x-neobab",
"form": "x",
"pos": "u"}
}
,
{
"node": "l",
"frag": "x",
"id": "P239171.l0009b",
"ref": "P239171.15.8",
"inst": "u",
"f": {"lang": "akk-x-neobab",
"form": "x",
"pos": "u"}
}
,
{
"node": "l",
"frag": "x",
"id": "P239171.l0009c",
"ref": "P239171.15.9",
"inst": "u",
"f": {"lang": "akk-x-neobab",
"form": "x",
"pos": "u"}
}
,
{
"node": "l",
"frag": "x",
"id": "P239171.l0009d",
"ref": "P239171.15.10",
"inst": "u",
"f": {"lang": "akk-x-neobab",
"form": "x",
"pos": "u"}
}
,
{
"node": "l",
"frag": "x",
"id": "P239171.l0009e",
"ref": "P239171.15.11",
"inst": "u",
"f": {"lang": "akk-x-neobab",
"form": "x",
"pos": "u"}
}
,
{
"node": "l",
"frag": "x",
"id": "P239171.l0009f",
"ref": "P239171.15.12",
"inst": "u",
"f": {"lang": "akk-x-neobab",
"form": "x",
"pos": "u"}
}
,
{
"node": "l",
"frag": "x",
"id": "P239171.l000a0",
"ref": "P239171.15.13",
"inst": "u",
"f": {"lang": "akk-x-neobab",
"form": "x",
"pos": "u"}
}
,
{
"node": "l",
"frag": "x",
"id": "P239171.l000a1",
"ref": "P239171.15.14",
"inst": "u",
"f": {"lang": "akk-x-neobab",
"form": "x",
"pos": "u"}
}
,
{
"node": "l",
"frag": "x",
"id": "P239171.l000a2",
"ref": "P239171.15.15",
"inst": "u",
"f": {"lang": "akk-x-neobab",
"form": "x",
"pos": "u"}
}
,
{
"node": "l",
"frag": "x",
"id": "P239171.l000a3",
"ref": "P239171.15.16",
"inst": "u",
"f": {"lang": "akk-x-neobab",
"form": "x",
"pos": "u"}
}
,
{
"node": "l",
"frag": "x]",
"id": "P239171.l000a4",
"ref": "P239171.15.17",
"inst": "u",
"f": {"lang": "akk-x-neobab",
"form": "x",
"pos": "u"}
}
,
{
"node": "d",
"type": "line-start",
"ref": "P239171.16",
"n": "14'",
"label": "o 14'"}
,
{
"node": "l",
"frag": "[x",
"id": "P239171.l000a5",
"ref": "P239171.16.1",
"inst": "u",
"f": {"lang": "akk-x-neobab",
"form": "x",
"pos": "u"}
}
,
{
"node": "l",
"frag": "x]",
"id": "P239171.l000a6",
"ref": "P239171.16.2",
"inst": "u",
"f": {"lang": "akk-x-neobab",
"form": "x",
"pos": "u"}
}
,
{
"node": "l",
"frag": "⸢ta⸣-na-aṣ-ṣa-ra",
"id": "P239171.l000a7",
"ref": "P239171.16.3",
"inst": "naṣāru[guard//keep guard]V$tanaṣṣara",
"sig": "@saao/saa17%akk-x-neobab:ta-na-aṣ-ṣa-ra=naṣāru[guard//keep guard]V'V$tanaṣṣara",
"f": {"lang": "akk-x-neobab",
"form": "ta-na-aṣ-ṣa-ra",
"cf": "naṣāru",
"gw": "guard",
"sense": "keep guard",
"norm": "tanaṣṣara",
"pos": "V",
"epos": "V"}
}
,
{
"node": "l",
"frag": "a-kan-⸢na⸣",
"id": "P239171.l000a8",
"ref": "P239171.16.4",
"inst": "akanna[here]AV$",
"sig": "@saao/saa17%akk-x-neobab:a-kan-na=akanna[here//here]AV'AV$akanna",
"f": {"lang": "akk-x-neobab",
"form": "a-kan-na",
"cf": "akanna",
"gw": "here",
"sense": "here",
"norm": "akanna",
"pos": "AV",
"epos": "AV"}
}
,
{
"node": "l",
"frag": "[x",
"id": "P239171.l000a9",
"ref": "P239171.16.5",
"inst": "u",
"f": {"lang": "akk-x-neobab",
"form": "x",
"pos": "u"}
}
,
{
"node": "l",
"frag": "x",
"id": "P239171.l000aa",
"ref": "P239171.16.6",
"inst": "u",
"f": {"lang": "akk-x-neobab",
"form": "x",
"pos": "u"}
}
,
{
"node": "l",
"frag": "x",
"id": "P239171.l000ab",
"ref": "P239171.16.7",
"inst": "u",
"f": {"lang": "akk-x-neobab",
"form": "x",
"pos": "u"}
}
,
{
"node": "l",
"frag": "x",
"id": "P239171.l000ac",
"ref": "P239171.16.8",
"inst": "u",
"f": {"lang": "akk-x-neobab",
"form": "x",
"pos": "u"}
}
,
{
"node": "l",
"frag": "x",
"id": "P239171.l000ad",
"ref": "P239171.16.9",
"inst": "u",
"f": {"lang": "akk-x-neobab",
"form": "x",
"pos": "u"}
}
,
{
"node": "l",
"frag": "x",
"id": "P239171.l000ae",
"ref": "P239171.16.10",
"inst": "u",
"f": {"lang": "akk-x-neobab",
"form": "x",
"pos": "u"}
}
,
{
"node": "l",
"frag": "x",
"id": "P239171.l000af",
"ref": "P239171.16.11",
"inst": "u",
"f": {"lang": "akk-x-neobab",
"form": "x",
"pos": "u"}
}
,
{
"node": "l",
"frag": "x",
"id": "P239171.l000b0",
"ref": "P239171.16.12",
"inst": "u",
"f": {"lang": "akk-x-neobab",
"form": "x",
"pos": "u"}
}
,
{
"node": "l",
"frag": "x",
"id": "P239171.l000b1",
"ref": "P239171.16.13",
"inst": "u",
"f": {"lang": "akk-x-neobab",
"form": "x",
"pos": "u"}
}
,
{
"node": "l",
"frag": "x",
"id": "P239171.l000b2",
"ref": "P239171.16.14",
"inst": "u",
"f": {"lang": "akk-x-neobab",
"form": "x",
"pos": "u"}
}
,
{
"node": "l",
"frag": "x",
"id": "P239171.l000b3",
"ref": "P239171.16.15",
"inst": "u",
"f": {"lang": "akk-x-neobab",
"form": "x",
"pos": "u"}
}
,
{
"node": "l",
"frag": "x]",
"id": "P239171.l000b4",
"ref": "P239171.16.16",
"inst": "u",
"f": {"lang": "akk-x-neobab",
"form": "x",
"pos": "u"}
}
,
{
"node": "d",
"type": "line-start",
"ref": "P239171.17",
"n": "15'",
"label": "o 15'"}
,
{
"node": "l",
"frag": "[x",
"id": "P239171.l000b5",
"ref": "P239171.17.1",
"inst": "u",
"f": {"lang": "akk-x-neobab",
"form": "x",
"pos": "u"}
}
,
{
"node": "l",
"frag": "x]",
"id": "P239171.l000b6",
"ref": "P239171.17.2",
"inst": "u",
"f": {"lang": "akk-x-neobab",
"form": "x",
"pos": "u"}
}
,
{
"node": "l",
"frag": "⸢ul⸣-tu",
"id": "P239171.l000b7",
"ref": "P239171.17.3",
"inst": "ištu[from//after]PRP'SBJ$ultu",
"sig": "@saao/saa17%akk-x-neobab:ul-tu=ištu[from//after]PRP'SBJ$ultu",
"f": {"lang": "akk-x-neobab",
"form": "ul-tu",
"cf": "ištu",
"gw": "from",
"sense": "after",
"norm": "ultu",
"pos": "PRP",
"epos": "SBJ"}
}
,
{
"node": "l",
"frag": "at-tu-nu",
"id": "P239171.l000b8",
"ref": "P239171.17.4",
"inst": "attunu[you (pl.)]IP",
"sig": "@saao/saa17%akk-x-neobab:at-tu-nu=attunu[you (pl.)//you (pl.)]IP'IP$attunu",
"f": {"lang": "akk-x-neobab",
"form": "at-tu-nu",
"cf": "attunu",
"gw": "you (pl.)",
"sense": "you (pl.)",
"norm": "attunu",
"pos": "IP",
"epos": "IP"}
}
,
{
"node": "l",
"frag": "{uru}⸢x⸣+[x",
"id": "P239171.l000b9",
"ref": "P239171.17.5",
"inst": "u",
"f": {"lang": "akk-x-neobab",
"form": "{URU}x+x",
"pos": "u"}
}
,
{
"node": "l",
"frag": "x",
"id": "P239171.l000ba",
"ref": "P239171.17.6",
"inst": "u",
"f": {"lang": "akk-x-neobab",
"form": "x",
"pos": "u"}
}
,
{
"node": "l",
"frag": "x",
"id": "P239171.l000bb",
"ref": "P239171.17.7",
"inst": "u",
"f": {"lang": "akk-x-neobab",
"form": "x",
"pos": "u"}
}
,
{
"node": "l",
"frag": "x",
"id": "P239171.l000bc",
"ref": "P239171.17.8",
"inst": "u",
"f": {"lang": "akk-x-neobab",
"form": "x",
"pos": "u"}
}
,
{
"node": "l",
"frag": "x",
"id": "P239171.l000bd",
"ref": "P239171.17.9",
"inst": "u",
"f": {"lang": "akk-x-neobab",
"form": "x",
"pos": "u"}
}
,
{
"node": "l",
"frag": "x",
"id": "P239171.l000be",
"ref": "P239171.17.10",
"inst": "u",
"f": {"lang": "akk-x-neobab",
"form": "x",
"pos": "u"}
}
,
{
"node": "l",
"frag": "x",
"id": "P239171.l000bf",
"ref": "P239171.17.11",
"inst": "u",
"f": {"lang": "akk-x-neobab",
"form": "x",
"pos": "u"}
}
,
{
"node": "l",
"frag": "x",
"id": "P239171.l000c0",
"ref": "P239171.17.12",
"inst": "u",
"f": {"lang": "akk-x-neobab",
"form": "x",
"pos": "u"}
}
,
{
"node": "l",
"frag": "x",
"id": "P239171.l000c1",
"ref": "P239171.17.13",
"inst": "u",
"f": {"lang": "akk-x-neobab",
"form": "x",
"pos": "u"}
}
,
{
"node": "l",
"frag": "x",
"id": "P239171.l000c2",
"ref": "P239171.17.14",
"inst": "u",
"f": {"lang": "akk-x-neobab",
"form": "x",
"pos": "u"}
}
,
{
"node": "l",
"frag": "x",
"id": "P239171.l000c3",
"ref": "P239171.17.15",
"inst": "u",
"f": {"lang": "akk-x-neobab",
"form": "x",
"pos": "u"}
}
,
{
"node": "l",
"frag": "x]",
"id": "P239171.l000c4",
"ref": "P239171.17.16",
"inst": "u",
"f": {"lang": "akk-x-neobab",
"form": "x",
"pos": "u"}
}
,
{
"node": "d",
"type": "line-start",
"ref": "P239171.18",
"n": "16'",
"label": "o 16'"}
,
{
"node": "l",
"frag": "[x",
"id": "P239171.l000c5",
"ref": "P239171.18.1",
"inst": "u",
"f": {"lang": "akk-x-neobab",
"form": "x",
"pos": "u"}
}
,
{
"node": "l",
"frag": "x]",
"id": "P239171.l000c6",
"ref": "P239171.18.2",
"inst": "u",
"f": {"lang": "akk-x-neobab",
"form": "x",
"pos": "u"}
}
,
{
"node": "l",
"frag": "⸢x",
"id": "P239171.l000c7",
"ref": "P239171.18.3",
"inst": "u",
"f": {"lang": "akk-x-neobab",
"form": "x",
"pos": "u"}
}
,
{
"node": "l",
"frag": "x⸣",
"id": "P239171.l000c8",
"ref": "P239171.18.4",
"inst": "u",
"f": {"lang": "akk-x-neobab",
"form": "x",
"pos": "u"}
}
,
{
"node": "l",
"frag": "ID₂-MEŠ",
"id": "P239171.l000c9",
"ref": "P239171.18.5",
"inst": "nāru[river]N$nārū",
"sig": "@saao/saa17%akk-x-neobab:ID₂-MEŠ=nāru[river//river]N'N$nārū",
"f": {"lang": "akk-x-neobab",
"form": "ID₂-MEŠ",
"cf": "nāru",
"gw": "river",
"sense": "river",
"norm": "nārū",
"pos": "N",
"epos": "N"}
}
,
{
"node": "l",
"frag": "la",
"id": "P239171.l000ca",
"ref": "P239171.18.6",
"inst": "lā[not]MOD",
"sig": "@saao/saa17%akk-x-neobab:la=lā[not//not]MOD'MOD$lā",
"f": {"lang": "akk-x-neobab",
"form": "la",
"cf": "lā",
"gw": "not",
"sense": "not",
"norm": "lā",
"pos": "MOD",
"epos": "MOD"}
}
,
{
"node": "l",
"frag": "ma-⸢la⸣-[a",
"id": "P239171.l000cb",
"ref": "P239171.18.7",
"inst": "malû[full]AJ$malā",
"sig": "@saao/saa17%akk-x-neobab:ma-la-a=malû[full//full]AJ'AJ$malā",
"f": {"lang": "akk-x-neobab",
"form": "ma-la-a",
"cf": "malû",
"gw": "full",
"sense": "full",
"norm": "malā",
"pos": "AJ",
"epos": "AJ"}
}
,
{
"node": "l",
"frag": "x",
"id": "P239171.l000cc",
"ref": "P239171.18.8",
"inst": "u",
"f": {"lang": "akk-x-neobab",
"form": "x",
"pos": "u"}
}
,
{
"node": "l",
"frag": "x",
"id": "P239171.l000cd",
"ref": "P239171.18.9",
"inst": "u",
"f": {"lang": "akk-x-neobab",
"form": "x",
"pos": "u"}
}
,
{
"node": "l",
"frag": "x",
"id": "P239171.l000ce",
"ref": "P239171.18.10",
"inst": "u",
"f": {"lang": "akk-x-neobab",
"form": "x",
"pos": "u"}
}
,
{
"node": "l",
"frag": "x",
"id": "P239171.l000cf",
"ref": "P239171.18.11",
"inst": "u",
"f": {"lang": "akk-x-neobab",
"form": "x",
"pos": "u"}
}
,
{
"node": "l",
"frag": "x",
"id": "P239171.l000d0",
"ref": "P239171.18.12",
"inst": "u",
"f": {"lang": "akk-x-neobab",
"form": "x",
"pos": "u"}
}
,
{
"node": "l",
"frag": "x",
"id": "P239171.l000d1",
"ref": "P239171.18.13",
"inst": "u",
"f": {"lang": "akk-x-neobab",
"form": "x",
"pos": "u"}
}
,
{
"node": "l",
"frag": "x",
"id": "P239171.l000d2",
"ref": "P239171.18.14",
"inst": "u",
"f": {"lang": "akk-x-neobab",
"form": "x",
"pos": "u"}
}
,
{
"node": "l",
"frag": "x",
"id": "P239171.l000d3",
"ref": "P239171.18.15",
"inst": "u",
"f": {"lang": "akk-x-neobab",
"form": "x",
"pos": "u"}
}
,
{
"node": "l",
"frag": "x",
"id": "P239171.l000d4",
"ref": "P239171.18.16",
"inst": "u",
"f": {"lang": "akk-x-neobab",
"form": "x",
"pos": "u"}
}
,
{
"node": "l",
"frag": "x]",
"id": "P239171.l000d5",
"ref": "P239171.18.17",
"inst": "u",
"f": {"lang": "akk-x-neobab",
"form": "x",
"pos": "u"}
}
,
{
"node": "d",
"type": "line-start",
"ref": "P239171.19",
"n": "17'",
"label": "o 17'"}
,
{
"node": "l",
"frag": "[x]",
"id": "P239171.l000d6",
"ref": "P239171.19.1",
"inst": "u",
"f": {"lang": "akk-x-neobab",
"form": "x",
"pos": "u"}
}
,
{
"node": "l",
"frag": "ina",
"id": "P239171.l000d7",
"ref": "P239171.19.2",
"inst": "ina[in+=on]PRP$",
"sig": "@saao/saa17%akk-x-neobab:ina=ina[in//in]PRP'PRP$ina",
"f": {"lang": "akk-x-neobab",
"form": "ina",
"cf": "ina",
"gw": "in",
"sense": "in",
"norm": "ina",
"pos": "PRP",
"epos": "PRP"}
}
,
{
"node": "l",
"frag": "⸢UGU-hi⸣",
"id": "P239171.l000d8",
"ref": "P239171.19.3",
"inst": "muhhu[skull]N$muhhi",
"sig": "@saao/saa17%akk-x-neobab:UGU-hi=muhhu[skull//skull]N'N$muhhi",
"f": {"lang": "akk-x-neobab",
"form": "UGU-hi",
"cf": "muhhu",
"gw": "skull",
"sense": "skull",
"norm": "muhhi",
"pos": "N",
"epos": "N"}
}
,
{
"node": "l",
"frag": "ia-aʾ-ni",
"id": "P239171.l000d9",
"ref": "P239171.19.4",
"inst": "yānu[(there) is not]V$yaʾni",
"sig": "@saao/saa17%akk-x-neobab:ia-aʾ-ni=yānu[(there) is not//(there) is not]V'V$yaʾni",
"f": {"lang": "akk-x-neobab",
"form": "ia-aʾ-ni",
"cf": "yānu",
"gw": "(there) is not",
"sense": "(there) is not",
"norm": "yaʾni",
"pos": "V",
"epos": "V"}
}
,
{
"node": "l",
"frag": "at-⸢tu⸣-[nu",
"id": "P239171.l000da",
"ref": "P239171.19.5",
"inst": "attunu[you (pl.)]IP",
"sig": "@saao/saa17%akk-x-neobab:at-tu-nu=attunu[you (pl.)//you (pl.)]IP'IP$attunu",
"f": {"lang": "akk-x-neobab",
"form": "at-tu-nu",
"cf": "attunu",
"gw": "you (pl.)",
"sense": "you (pl.)",
"norm": "attunu",
"pos": "IP",
"epos": "IP"}
}
,
{
"node": "l",
"frag": "x",
"id": "P239171.l000db",
"ref": "P239171.19.6",
"inst": "u",
"f": {"lang": "akk-x-neobab",
"form": "x",
"pos": "u"}
}
,
{
"node": "l",
"frag": "x",
"id": "P239171.l000dc",
"ref": "P239171.19.7",
"inst": "u",
"f": {"lang": "akk-x-neobab",
"form": "x",
"pos": "u"}
}
,
{
"node": "l",
"frag": "x",
"id": "P239171.l000dd",
"ref": "P239171.19.8",
"inst": "u",
"f": {"lang": "akk-x-neobab",
"form": "x",
"pos": "u"}
}
,
{
"node": "l",
"frag": "x",
"id": "P239171.l000de",
"ref": "P239171.19.9",
"inst": "u",
"f": {"lang": "akk-x-neobab",
"form": "x",
"pos": "u"}
}
,
{
"node": "l",
"frag": "x",
"id": "P239171.l000df",
"ref": "P239171.19.10",
"inst": "u",
"f": {"lang": "akk-x-neobab",
"form": "x",
"pos": "u"}
}
,
{
"node": "l",
"frag": "x",
"id": "P239171.l000e0",
"ref": "P239171.19.11",
"inst": "u",
"f": {"lang": "akk-x-neobab",
"form": "x",
"pos": "u"}
}
,
{
"node": "l",
"frag": "x",
"id": "P239171.l000e1",
"ref": "P239171.19.12",
"inst": "u",
"f": {"lang": "akk-x-neobab",
"form": "x",
"pos": "u"}
}
,
{
"node": "l",
"frag": "x",
"id": "P239171.l000e2",
"ref": "P239171.19.13",
"inst": "u",
"f": {"lang": "akk-x-neobab",
"form": "x",
"pos": "u"}
}
,
{
"node": "l",
"frag": "x",
"id": "P239171.l000e3",
"ref": "P239171.19.14",
"inst": "u",
"f": {"lang": "akk-x-neobab",
"form": "x",
"pos": "u"}
}
,
{
"node": "l",
"frag": "x",
"id": "P239171.l000e4",
"ref": "P239171.19.15",
"inst": "u",
"f": {"lang": "akk-x-neobab",
"form": "x",
"pos": "u"}
}
,
{
"node": "l",
"frag": "x]",
"id": "P239171.l000e5",
"ref": "P239171.19.16",
"inst": "u",
"f": {"lang": "akk-x-neobab",
"form": "x",
"pos": "u"}
}
,
{
"node": "d",
"type": "line-start",
"ref": "P239171.20",
"n": "18'",
"label": "o 18'"}
,
{
"node": "l",
"frag": "[x",
"id": "P239171.l000e6",
"ref": "P239171.20.1",
"inst": "u",
"f": {"lang": "akk-x-neobab",
"form": "x",
"pos": "u"}
}
,
{
"node": "l",
"frag": "x]",
"id": "P239171.l000e7",
"ref": "P239171.20.2",
"inst": "u",
"f": {"lang": "akk-x-neobab",
"form": "x",
"pos": "u"}
}
,
{
"node": "l",
"frag": "x",
"id": "P239171.l000e8",
"ref": "P239171.20.3",
"inst": "u",
"f": {"lang": "akk-x-neobab",
"form": "x",
"pos": "u"}
}
,
{
"node": "l",
"frag": "a-na-ku",
"id": "P239171.l000e9",
"ref": "P239171.20.4",
"inst": "anāku[I]IP",
"sig": "@saao/saa17%akk-x-neobab:a-na-ku=anāku[I//I]IP'IP$anāku",
"f": {"lang": "akk-x-neobab",
"form": "a-na-ku",
"cf": "anāku",
"gw": "I",
"sense": "I",
"norm": "anāku",
"pos": "IP",
"epos": "IP"}
}
,
{
"node": "l",
"frag": "{1}ba-laṭ-⸢su⸣",
"id": "P239171.l000ea",
"ref": "P239171.20.5",
"inst": "+Balassu[1]PN$Balaṭsu",
"sig": "@saao/saa17%akk-x-neobab:{1}ba-laṭ-su=Balassu[1//1]PN'PN$Balaṭsu",
"f": {"lang": "akk-x-neobab",
"form": "{1}ba-laṭ-su",
"cf": "Balassu",
"gw": "1",
"sense": "1",
"norm": "Balaṭsu",
"pos": "PN",
"epos": "PN"}
}
,
{
"node": "l",
"frag": "[x",
"id": "P239171.l000eb",
"ref": "P239171.20.6",
"inst": "u",
"f": {"lang": "akk-x-neobab",
"form": "x",
"pos": "u"}
}
,
{
"node": "l",
"frag": "x",
"id": "P239171.l000ec",
"ref": "P239171.20.7",
"inst": "u",
"f": {"lang": "akk-x-neobab",
"form": "x",
"pos": "u"}
}
,
{
"node": "l",
"frag": "x",
"id": "P239171.l000ed",
"ref": "P239171.20.8",
"inst": "u",
"f": {"lang": "akk-x-neobab",
"form": "x",
"pos": "u"}
}
,
{
"node": "l",
"frag": "x",
"id": "P239171.l000ee",
"ref": "P239171.20.9",
"inst": "u",
"f": {"lang": "akk-x-neobab",
"form": "x",
"pos": "u"}
}
,
{
"node": "l",
"frag": "x",
"id": "P239171.l000ef",
"ref": "P239171.20.10",
"inst": "u",
"f": {"lang": "akk-x-neobab",
"form": "x",
"pos": "u"}
}
,
{
"node": "l",
"frag": "x",
"id": "P239171.l000f0",
"ref": "P239171.20.11",
"inst": "u",
"f": {"lang": "akk-x-neobab",
"form": "x",
"pos": "u"}
}
,
{
"node": "l",
"frag": "x",
"id": "P239171.l000f1",
"ref": "P239171.20.12",
"inst": "u",
"f": {"lang": "akk-x-neobab",
"form": "x",
"pos": "u"}
}
,
{
"node": "l",
"frag": "x",
"id": "P239171.l000f2",
"ref": "P239171.20.13",
"inst": "u",
"f": {"lang": "akk-x-neobab",
"form": "x",
"pos": "u"}
}
,
{
"node": "l",
"frag": "x",
"id": "P239171.l000f3",
"ref": "P239171.20.14",
"inst": "u",
"f": {"lang": "akk-x-neobab",
"form": "x",
"pos": "u"}
}
,
{
"node": "l",
"frag": "x",
"id": "P239171.l000f4",
"ref": "P239171.20.15",
"inst": "u",
"f": {"lang": "akk-x-neobab",
"form": "x",
"pos": "u"}
}
,
{
"node": "l",
"frag": "x",
"id": "P239171.l000f5",
"ref": "P239171.20.16",
"inst": "u",
"f": {"lang": "akk-x-neobab",
"form": "x",
"pos": "u"}
}
,
{
"node": "l",
"frag": "x]",
"id": "P239171.l000f6",
"ref": "P239171.20.17",
"inst": "u",
"f": {"lang": "akk-x-neobab",
"form": "x",
"pos": "u"}
}
,
{
"node": "d",
"type": "line-start",
"ref": "P239171.21",
"n": "19'",
"label": "o 19'"}
,
{
"node": "l",
"frag": "[x]",
"id": "P239171.l000f7",
"ref": "P239171.21.1",
"inst": "u",
"f": {"lang": "akk-x-neobab",
"form": "x",
"pos": "u"}
}
,
{
"node": "l",
"frag": "⸢en⸣-na",
"id": "P239171.l000f8",
"ref": "P239171.21.2",
"inst": "enna[now]AV$",
"sig": "@saao/saa17%akk-x-neobab:en-na=enna[now//now]AV'AV$enna",
"f": {"lang": "akk-x-neobab",
"form": "en-na",
"cf": "enna",
"gw": "now",
"sense": "now",
"norm": "enna",
"pos": "AV",
"epos": "AV"}
}
,
{
"node": "l",
"frag": "ša₂",
"id": "P239171.l000f9",
"ref": "P239171.21.3",
"inst": "ša[that]REL$",
"sig": "@saao/saa17%akk-x-neobab:ša₂=ša[that//that]REL'REL$ša",
"f": {"lang": "akk-x-neobab",
"form": "ša₂",
"cf": "ša",
"gw": "that",
"sense": "that",
"norm": "ša",
"pos": "REL",
"epos": "REL"}
}
,
{
"node": "l",
"frag": "at-tu-nu",
"id": "P239171.l000fa",
"ref": "P239171.21.4",
"inst": "attunu[you (pl.)]IP",
"sig": "@saao/saa17%akk-x-neobab:at-tu-nu=attunu[you (pl.)//you (pl.)]IP'IP$attunu",
"f": {"lang": "akk-x-neobab",
"form": "at-tu-nu",
"cf": "attunu",
"gw": "you (pl.)",
"sense": "you (pl.)",
"norm": "attunu",
"pos": "IP",
"epos": "IP"}
}
,
{
"node": "l",
"frag": "ka-[x",
"id": "P239171.l000fb",
"ref": "P239171.21.5",
"inst": "u",
"f": {"lang": "akk-x-neobab",
"form": "ka-x",
"pos": "u"}
}
,
{
"node": "l",
"frag": "x",
"id": "P239171.l000fc",
"ref": "P239171.21.6",
"inst": "u",
"f": {"lang": "akk-x-neobab",
"form": "x",
"pos": "u"}
}
,
{
"node": "l",
"frag": "x",
"id": "P239171.l000fd",
"ref": "P239171.21.7",
"inst": "u",
"f": {"lang": "akk-x-neobab",
"form": "x",
"pos": "u"}
}
,
{
"node": "l",
"frag": "x",
"id": "P239171.l000fe",
"ref": "P239171.21.8",
"inst": "u",
"f": {"lang": "akk-x-neobab",
"form": "x",
"pos": "u"}
}
,
{
"node": "l",
"frag": "x",
"id": "P239171.l000ff",
"ref": "P239171.21.9",
"inst": "u",
"f": {"lang": "akk-x-neobab",
"form": "x",
"pos": "u"}
}
,
{
"node": "l",
"frag": "x",
"id": "P239171.l00100",
"ref": "P239171.21.10",
"inst": "u",
"f": {"lang": "akk-x-neobab",
"form": "x",
"pos": "u"}
}
,
{
"node": "l",
"frag": "x",
"id": "P239171.l00101",
"ref": "P239171.21.11",
"inst": "u",
"f": {"lang": "akk-x-neobab",
"form": "x",
"pos": "u"}
}
,
{
"node": "l",
"frag": "x",
"id": "P239171.l00102",
"ref": "P239171.21.12",
"inst": "u",
"f": {"lang": "akk-x-neobab",
"form": "x",
"pos": "u"}
}
,
{
"node": "l",
"frag": "x",
"id": "P239171.l00103",
"ref": "P239171.21.13",
"inst": "u",
"f": {"lang": "akk-x-neobab",
"form": "x",
"pos": "u"}
}
,
{
"node": "l",
"frag": "x",
"id": "P239171.l00104",
"ref": "P239171.21.14",
"inst": "u",
"f": {"lang": "akk-x-neobab",
"form": "x",
"pos": "u"}
}
,
{
"node": "l",
"frag": "x",
"id": "P239171.l00105",
"ref": "P239171.21.15",
"inst": "u",
"f": {"lang": "akk-x-neobab",
"form": "x",
"pos": "u"}
}
,
{
"node": "l",
"frag": "x]",
"id": "P239171.l00106",
"ref": "P239171.21.16",
"inst": "u",
"f": {"lang": "akk-x-neobab",
"form": "x",
"pos": "u"}
}
,
{
"node": "d",
"type": "line-start",
"ref": "P239171.22",
"n": "20'",
"label": "o 20'"}
,
{
"node": "l",
"frag": "[x",
"id": "P239171.l00107",
"ref": "P239171.22.1",
"inst": "u",
"f": {"lang": "akk-x-neobab",
"form": "x",
"pos": "u"}
}
,
{
"node": "l",
"frag": "x]-ti-ku-nu",
"id": "P239171.l00108",
"ref": "P239171.22.2",
"inst": "u",
"f": {"lang": "akk-x-neobab",
"form": "x-ti-ku-nu",
"pos": "u"}
}
,
{
"node": "l",
"frag": "ki-i",
"id": "P239171.l00109",
"ref": "P239171.22.3",
"inst": "kī[like//as soon as]PRP'SBJ$kî",
"sig": "@saao/saa17%akk-x-neobab:ki-i=kī[like//as soon as]PRP'SBJ$kî",
"f": {"lang": "akk-x-neobab",
"form": "ki-i",
"cf": "kī",
"gw": "like",
"sense": "as soon as",
"norm": "kî",
"pos": "PRP",
"epos": "SBJ"}
}
,
{
"node": "l",
"frag": "DUMU-{1}⸢ia⸣-[GIN",
"id": "P239171.l0010a",
"ref": "P239171.22.4",
"inst": "Mar-Yakin[1]PN$",
"sig": "@saao/saa17%akk-x-neobab:DUMU-{1}ia-GIN=Mar-Yakin[1//1]PN'PN$Mar-Yakin",
"f": {"lang": "akk-x-neobab",
"form": "DUMU-{1}ia-GIN",
"cf": "Mar-Yakin",
"gw": "1",
"sense": "1",
"norm": "Mar-Yakin",
"pos": "PN",
"epos": "PN"}
}
,
{
"node": "l",
"frag": "x",
"id": "P239171.l0010b",
"ref": "P239171.22.5",
"inst": "u",
"f": {"lang": "akk-x-neobab",
"form": "x",
"pos": "u"}
}
,
{
"node": "l",
"frag": "x",
"id": "P239171.l0010c",
"ref": "P239171.22.6",
"inst": "u",
"f": {"lang": "akk-x-neobab",
"form": "x",
"pos": "u"}
}
,
{
"node": "l",
"frag": "x",
"id": "P239171.l0010d",
"ref": "P239171.22.7",
"inst": "u",
"f": {"lang": "akk-x-neobab",
"form": "x",
"pos": "u"}
}
,
{
"node": "l",
"frag": "x",
"id": "P239171.l0010e",
"ref": "P239171.22.8",
"inst": "u",
"f": {"lang": "akk-x-neobab",
"form": "x",
"pos": "u"}
}
,
{
"node": "l",
"frag": "x",
"id": "P239171.l0010f",
"ref": "P239171.22.9",
"inst": "u",
"f": {"lang": "akk-x-neobab",
"form": "x",
"pos": "u"}
}
,
{
"node": "l",
"frag": "x",
"id": "P239171.l00110",
"ref": "P239171.22.10",
"inst": "u",
"f": {"lang": "akk-x-neobab",
"form": "x",
"pos": "u"}
}
,
{
"node": "l",
"frag": "x",
"id": "P239171.l00111",
"ref": "P239171.22.11",
"inst": "u",
"f": {"lang": "akk-x-neobab",
"form": "x",
"pos": "u"}
}
,
{
"node": "l",
"frag": "x",
"id": "P239171.l00112",
"ref": "P239171.22.12",
"inst": "u",
"f": {"lang": "akk-x-neobab",
"form": "x",
"pos": "u"}
}
,
{
"node": "l",
"frag": "x",
"id": "P239171.l00113",
"ref": "P239171.22.13",
"inst": "u",
"f": {"lang": "akk-x-neobab",
"form": "x",
"pos": "u"}
}
,
{
"node": "l",
"frag": "x]",
"id": "P239171.l00114",
"ref": "P239171.22.14",
"inst": "u",
"f": {"lang": "akk-x-neobab",
"form": "x",
"pos": "u"}
}
,
{
"node": "d",
"type": "line-start",
"ref": "P239171.23",
"n": "21'",
"label": "o 21'"}
,
{
"node": "l",
"frag": "[x",
"id": "P239171.l00115",
"ref": "P239171.23.1",
"inst": "u",
"f": {"lang": "akk-x-neobab",
"form": "x",
"pos": "u"}
}
,
{
"node": "l",
"frag": "x]+⸢x⸣-ka",
"id": "P239171.l00116",
"ref": "P239171.23.2",
"inst": "u",
"f": {"lang": "akk-x-neobab",
"form": "x+x-ka",
"pos": "u"}
}
,
{
"node": "l",
"frag": "DUMU-{1}ia-GIN",
"id": "P239171.l00117",
"ref": "P239171.23.3",
"inst": "Mar-Yakin[1]PN",
"sig": "@saao/saa17%akk-x-neobab:DUMU-{1}ia-GIN=Mar-Yakin[1//1]PN'PN$Mar-Yakin",
"f": {"lang": "akk-x-neobab",
"form": "DUMU-{1}ia-GIN",
"cf": "Mar-Yakin",
"gw": "1",
"sense": "1",
"norm": "Mar-Yakin",
"pos": "PN",
"epos": "PN"}
}
,
{
"node": "l",
"frag": "[x",
"id": "P239171.l00118",
"ref": "P239171.23.4",
"inst": "u",
"f": {"lang": "akk-x-neobab",
"form": "x",
"pos": "u"}
}
,
{
"node": "l",
"frag": "x",
"id": "P239171.l00119",
"ref": "P239171.23.5",
"inst": "u",
"f": {"lang": "akk-x-neobab",
"form": "x",
"pos": "u"}
}
,
{
"node": "l",
"frag": "x",
"id": "P239171.l0011a",
"ref": "P239171.23.6",
"inst": "u",
"f": {"lang": "akk-x-neobab",
"form": "x",
"pos": "u"}
}
,
{
"node": "l",
"frag": "x",
"id": "P239171.l0011b",
"ref": "P239171.23.7",
"inst": "u",
"f": {"lang": "akk-x-neobab",
"form": "x",
"pos": "u"}
}
,
{
"node": "l",
"frag": "x",
"id": "P239171.l0011c",
"ref": "P239171.23.8",
"inst": "u",
"f": {"lang": "akk-x-neobab",
"form": "x",
"pos": "u"}
}
,
{
"node": "l",
"frag": "x",
"id": "P239171.l0011d",
"ref": "P239171.23.9",
"inst": "u",
"f": {"lang": "akk-x-neobab",
"form": "x",
"pos": "u"}
}
,
{
"node": "l",
"frag": "x",
"id": "P239171.l0011e",
"ref": "P239171.23.10",
"inst": "u",
"f": {"lang": "akk-x-neobab",
"form": "x",
"pos": "u"}
}
,
{
"node": "l",
"frag": "x",
"id": "P239171.l0011f",
"ref": "P239171.23.11",
"inst": "u",
"f": {"lang": "akk-x-neobab",
"form": "x",
"pos": "u"}
}
,
{
"node": "l",
"frag": "x",
"id": "P239171.l00120",
"ref": "P239171.23.12",
"inst": "u",
"f": {"lang": "akk-x-neobab",
"form": "x",
"pos": "u"}
}
,
{
"node": "l",
"frag": "x",
"id": "P239171.l00121",
"ref": "P239171.23.13",
"inst": "u",
"f": {"lang": "akk-x-neobab",
"form": "x",
"pos": "u"}
}
,
{
"node": "l",
"frag": "x",
"id": "P239171.l00122",
"ref": "P239171.23.14",
"inst": "u",
"f": {"lang": "akk-x-neobab",
"form": "x",
"pos": "u"}
}
,
{
"node": "l",
"frag": "x]",
"id": "P239171.l00123",
"ref": "P239171.23.15",
"inst": "u",
"f": {"lang": "akk-x-neobab",
"form": "x",
"pos": "u"}
}
,
{
"node": "d",
"type": "line-start",
"ref": "P239171.24",
"n": "22'",
"label": "o 22'"}
,
{
"node": "l",
"frag": "[x",
"id": "P239171.l00124",
"ref": "P239171.24.1",
"inst": "u",
"f": {"lang": "akk-x-neobab",
"form": "x",
"pos": "u"}
}
,
{
"node": "l",
"frag": "x",
"id": "P239171.l00125",
"ref": "P239171.24.2",
"inst": "u",
"f": {"lang": "akk-x-neobab",
"form": "x",
"pos": "u"}
}
,
{
"node": "l",
"frag": "x]",
"id": "P239171.l00126",
"ref": "P239171.24.3",
"inst": "u",
"f": {"lang": "akk-x-neobab",
"form": "x",
"pos": "u"}
}
,
{
"node": "l",
"frag": "a-na",
"id": "P239171.l00127",
"ref": "P239171.24.4",
"inst": "ana[to]PRP",
"sig": "@saao/saa17%akk-x-neobab:a-na=ana[to//to]PRP'PRP$ana",
"f": {"lang": "akk-x-neobab",
"form": "a-na",
"cf": "ana",
"gw": "to",
"sense": "to",
"norm": "ana",
"pos": "PRP",
"epos": "PRP"}
}
,
{
"node": "l",
"frag": "DUMU-{1}ia-[GIN",
"id": "P239171.l00128",
"ref": "P239171.24.5",
"inst": "Mar-Yakin[1]PN",
"sig": "@saao/saa17%akk-x-neobab:DUMU-{1}ia-GIN=Mar-Yakin[1//1]PN'PN$Mar-Yakin",
"f": {"lang": "akk-x-neobab",
"form": "DUMU-{1}ia-GIN",
"cf": "Mar-Yakin",
"gw": "1",
"sense": "1",
"norm": "Mar-Yakin",
"pos": "PN",
"epos": "PN"}
}
,
{
"node": "l",
"frag": "x",
"id": "P239171.l00129",
"ref": "P239171.24.6",
"inst": "u",
"f": {"lang": "akk-x-neobab",
"form": "x",
"pos": "u"}
}
,
{
"node": "l",
"frag": "x",
"id": "P239171.l0012a",
"ref": "P239171.24.7",
"inst": "u",
"f": {"lang": "akk-x-neobab",
"form": "x",
"pos": "u"}
}
,
{
"node": "l",
"frag": "x",
"id": "P239171.l0012b",
"ref": "P239171.24.8",
"inst": "u",
"f": {"lang": "akk-x-neobab",
"form": "x",
"pos": "u"}
}
,
{
"node": "l",
"frag": "x",
"id": "P239171.l0012c",
"ref": "P239171.24.9",
"inst": "u",
"f": {"lang": "akk-x-neobab",
"form": "x",
"pos": "u"}
}
,
{
"node": "l",
"frag": "x",
"id": "P239171.l0012d",
"ref": "P239171.24.10",
"inst": "u",
"f": {"lang": "akk-x-neobab",
"form": "x",
"pos": "u"}
}
,
{
"node": "l",
"frag": "x",
"id": "P239171.l0012e",
"ref": "P239171.24.11",
"inst": "u",
"f": {"lang": "akk-x-neobab",
"form": "x",
"pos": "u"}
}
,
{
"node": "l",
"frag": "x",
"id": "P239171.l0012f",
"ref": "P239171.24.12",
"inst": "u",
"f": {"lang": "akk-x-neobab",
"form": "x",
"pos": "u"}
}
,
{
"node": "l",
"frag": "x",
"id": "P239171.l00130",
"ref": "P239171.24.13",
"inst": "u",
"f": {"lang": "akk-x-neobab",
"form": "x",
"pos": "u"}
}
,
{
"node": "l",
"frag": "x",
"id": "P239171.l00131",
"ref": "P239171.24.14",
"inst": "u",
"f": {"lang": "akk-x-neobab",
"form": "x",
"pos": "u"}
}
,
{
"node": "l",
"frag": "x",
"id": "P239171.l00132",
"ref": "P239171.24.15",
"inst": "u",
"f": {"lang": "akk-x-neobab",
"form": "x",
"pos": "u"}
}
,
{
"node": "l",
"frag": "x]",
"id": "P239171.l00133",
"ref": "P239171.24.16",
"inst": "u",
"f": {"lang": "akk-x-neobab",
"form": "x",
"pos": "u"}
}
,
{
"node": "d",
"type": "line-start",
"ref": "P239171.25",
"n": "23'",
"label": "o 23'"}
,
{
"node": "l",
"frag": "[x",
"id": "P239171.l00134",
"ref": "P239171.25.1",
"inst": "u",
"f": {"lang": "akk-x-neobab",
"form": "x",
"pos": "u"}
}
,
{
"node": "l",
"frag": "x",
"id": "P239171.l00135",
"ref": "P239171.25.2",
"inst": "u",
"f": {"lang": "akk-x-neobab",
"form": "x",
"pos": "u"}
}
,
{
"node": "l",
"frag": "x]+⸢x",
"id": "P239171.l00136",
"ref": "P239171.25.3",
"inst": "u",
"f": {"lang": "akk-x-neobab",
"form": "x+x",
"pos": "u"}
}
,
{
"node": "l",
"frag": "x⸣+[x",
"id": "P239171.l00137",
"ref": "P239171.25.4",
"inst": "u",
"f": {"lang": "akk-x-neobab",
"form": "x+x",
"pos": "u"}
}
,
{
"node": "l",
"frag": "x",
"id": "P239171.l00138",
"ref": "P239171.25.5",
"inst": "u",
"f": {"lang": "akk-x-neobab",
"form": "x",
"pos": "u"}
}
,
{
"node": "l",
"frag": "x",
"id": "P239171.l00139",
"ref": "P239171.25.6",
"inst": "u",
"f": {"lang": "akk-x-neobab",
"form": "x",
"pos": "u"}
}
,
{
"node": "l",
"frag": "x",
"id": "P239171.l0013a",
"ref": "P239171.25.7",
"inst": "u",
"f": {"lang": "akk-x-neobab",
"form": "x",
"pos": "u"}
}
,
{
"node": "l",
"frag": "x",
"id": "P239171.l0013b",
"ref": "P239171.25.8",
"inst": "u",
"f": {"lang": "akk-x-neobab",
"form": "x",
"pos": "u"}
}
,
{
"node": "l",
"frag": "x",
"id": "P239171.l0013c",
"ref": "P239171.25.9",
"inst": "u",
"f": {"lang": "akk-x-neobab",
"form": "x",
"pos": "u"}
}
,
{
"node": "l",
"frag": "x",
"id": "P239171.l0013d",
"ref": "P239171.25.10",
"inst": "u",
"f": {"lang": "akk-x-neobab",
"form": "x",
"pos": "u"}
}
,
{
"node": "l",
"frag": "x",
"id": "P239171.l0013e",
"ref": "P239171.25.11",
"inst": "u",
"f": {"lang": "akk-x-neobab",
"form": "x",
"pos": "u"}
}
,
{
"node": "l",
"frag": "x",
"id": "P239171.l0013f",
"ref": "P239171.25.12",
"inst": "u",
"f": {"lang": "akk-x-neobab",
"form": "x",
"pos": "u"}
}
,
{
"node": "l",
"frag": "x",
"id": "P239171.l00140",
"ref": "P239171.25.13",
"inst": "u",
"f": {"lang": "akk-x-neobab",
"form": "x",
"pos": "u"}
}
,
{
"node": "l",
"frag": "x",
"id": "P239171.l00141",
"ref": "P239171.25.14",
"inst": "u",
"f": {"lang": "akk-x-neobab",
"form": "x",
"pos": "u"}
}
,
{
"node": "l",
"frag": "x",
"id": "P239171.l00142",
"ref": "P239171.25.15",
"inst": "u",
"f": {"lang": "akk-x-neobab",
"form": "x",
"pos": "u"}
}
,
{
"node": "l",
"frag": "x",
"id": "P239171.l00143",
"ref": "P239171.25.16",
"inst": "u",
"f": {"lang": "akk-x-neobab",
"form": "x",
"pos": "u"}
}
,
{
"node": "l",
"frag": "x",
"id": "P239171.l00144",
"ref": "P239171.25.17",
"inst": "u",
"f": {"lang": "akk-x-neobab",
"form": "x",
"pos": "u"}
}
,
{
"node": "l",
"frag": "x",
"id": "P239171.l00145",
"ref": "P239171.25.18",
"inst": "u",
"f": {"lang": "akk-x-neobab",
"form": "x",
"pos": "u"}
}
,
{
"node": "l",
"frag": "x]",
"id": "P239171.l00146",
"ref": "P239171.25.19",
"inst": "u",
"f": {"lang": "akk-x-neobab",
"form": "x",
"pos": "u"}
}
,
{
"node": "d",
"type": "nonx",
"ref": "P239171.26",
"strict": "0",
"extent": "rest",
"state": "missing"}
,
{
"node": "d",
"subtype": "reverse",
"type": "surface",
"ref": "P239171.r.27",
"type": "reverse",
"label": "r"}
,
{
"node": "d",
"type": "nonx",
"ref": "P239171.28",
"strict": "0",
"state": "missing"}
]}
]}
]}
]}
