{
"type": "cdl",
  "source": "http://oracc.org/saao/saa17",
  "license": "This data is released under the CC0 license",
  "license-url": "https://creativecommons.org/publicdomain/zero/1.0/",
  "more-info": "http://oracc.org/doc/opendata/",
  "UTC-timestamp": "2017-05-19T11:58:44",
"project": "saao/saa17",
"textid": "P240182",
"cdl": [
{
"node": "c",
"type": "text",
"id": "P240182.U0",
"cdl": [
{
"node": "d",
"type": "object",
"ref": ""}
,
{
"node": "d",
"subtype": "obverse",
"type": "surface",
"ref": "P240182.o.1",
"type": "obverse",
"label": "o"}
,
{
"node": "c",
"type": "discourse",
"subtype": "body",
"id": "P240182.U1",
"cdl": [
{
"node": "c",
"type": "sentence",
"id": "P240182.U2",
"label": "o 1 - r.e. 15",
"cdl": [
{
"node": "d",
"type": "line-start",
"ref": "P240182.2",
"n": "1",
"label": "o 1"}
,
{
"node": "l",
"frag": "[ARAD-ka",
"id": "P240182.l022a5",
"ref": "P240182.2.1",
"inst": "aradka[servant]N",
"sig": "@saao/saa17%akk-x-neobab:ARAD-ka=ardu[slave//servant]N'N$aradka",
"f": {"lang": "akk-x-neobab",
"form": "ARAD-ka",
"cf": "ardu",
"gw": "slave",
"sense": "servant",
"norm": "aradka",
"pos": "N",
"epos": "N"}
}
,
{
"node": "l",
"frag": "{1}{d}EN]-⸢ib⸣-ni",
"id": "P240182.l022a6",
"ref": "P240182.2.2",
"inst": "Bel-ibni[1]PN$",
"sig": "@saao/saa17%akk-x-neobab:{1}{d}EN-ib-ni=Bel-ibni[1//1]PN'PN$Bel-ibni",
"f": {"lang": "akk-x-neobab",
"form": "{1}{d}EN-ib-ni",
"cf": "Bel-ibni",
"gw": "1",
"sense": "1",
"norm": "Bel-ibni",
"pos": "PN",
"epos": "PN"}
}
,
{
"node": "l",
"frag": "a-na",
"id": "P240182.l022a7",
"ref": "P240182.2.3",
"inst": "ana[to]PRP",
"sig": "@saao/saa17%akk-x-neobab:a-na=ana[to//to]PRP'PRP$ana",
"f": {"lang": "akk-x-neobab",
"form": "a-na",
"cf": "ana",
"gw": "to",
"sense": "to",
"norm": "ana",
"pos": "PRP",
"epos": "PRP"}
}
,
{
"node": "l",
"frag": "di-na-⸢an⸣",
"id": "P240182.l022a8",
"ref": "P240182.2.4",
"inst": "dinān[substitute]N",
"sig": "@saao/saa17%akk-x-neobab:di-na-an=dinānu[substitution//substitute]N'N$dinān",
"f": {"lang": "akk-x-neobab",
"form": "di-na-an",
"cf": "dinānu",
"gw": "substitution",
"sense": "substitute",
"norm": "dinān",
"pos": "N",
"epos": "N"}
}
,
{
"node": "d",
"type": "line-start",
"ref": "P240182.3",
"n": "2",
"label": "o 2"}
,
{
"node": "l",
"frag": "[LUGAL",
"id": "P240182.l022a9",
"ref": "P240182.3.1",
"inst": "šarri[king]N",
"sig": "@saao/saa17%akk-x-neobab:LUGAL=šarru[king//king]N'N$šarri",
"f": {"lang": "akk-x-neobab",
"form": "LUGAL",
"cf": "šarru",
"gw": "king",
"sense": "king",
"norm": "šarri",
"pos": "N",
"epos": "N"}
}
,
{
"node": "l",
"frag": "be-li₂-ia",
"id": "P240182.l022aa",
"ref": "P240182.3.2",
"inst": "bēlīya[lord]N",
"sig": "@saao/saa17%akk-x-neobab:be-li₂-ia=bēlu[lord//lord]N'N$bēlīya",
"f": {"lang": "akk-x-neobab",
"form": "be-li₂-ia",
"cf": "bēlu",
"gw": "lord",
"sense": "lord",
"norm": "bēlīya",
"pos": "N",
"epos": "N"}
}
,
{
"node": "l",
"frag": "lul-lik",
"id": "P240182.l022ab",
"ref": "P240182.3.3",
"inst": "lullik[go]V",
"sig": "@saao/saa17%akk-x-neobab:lul-lik=alāku[go//go]V'V$lullik",
"f": {"lang": "akk-x-neobab",
"form": "lul-lik",
"cf": "alāku",
"gw": "go",
"sense": "go",
"norm": "lullik",
"pos": "V",
"epos": "V"}
}
,
{
"node": "l",
"frag": "d].⸢AG⸣",
"id": "P240182.l022ac",
"ref": "P240182.3.4",
"inst": "Nabu[1]DN",
"sig": "@saao/saa17%akk-x-neobab:d.AG=Nabu[1//1]DN'DN$Nabu",
"f": {"lang": "akk-x-neobab",
"form": "d.AG",
"cf": "Nabu",
"gw": "1",
"sense": "1",
"norm": "Nabu",
"pos": "DN",
"epos": "DN"}
}
,
{
"node": "l",
"frag": "u",
"id": "P240182.l022ad",
"ref": "P240182.3.5",
"inst": "u[and]CNJ",
"sig": "@saao/saa17%akk-x-neobab:u=u[and//and]CNJ'CNJ$u",
"f": {"lang": "akk-x-neobab",
"form": "u",
"cf": "u",
"gw": "and",
"sense": "and",
"norm": "u",
"pos": "CNJ",
"epos": "CNJ"}
}
,
{
"node": "l",
"frag": "{d}AMAR.UTU",
"id": "P240182.l022ae",
"ref": "P240182.3.6",
"inst": "Marduk[1]DN",
"sig": "@saao/saa17%akk-x-neobab:{d}AMAR.UTU=Marduk[1//1]DN'DN$Marduk",
"f": {"lang": "akk-x-neobab",
"form": "{d}AMAR.UTU",
"cf": "Marduk",
"gw": "1",
"sense": "1",
"norm": "Marduk",
"pos": "DN",
"epos": "DN"}
}
,
{
"node": "l",
"frag": "a-na",
"id": "P240182.l022af",
"ref": "P240182.3.7",
"inst": "ana[to]PRP",
"sig": "@saao/saa17%akk-x-neobab:a-na=ana[to//to]PRP'PRP$ana",
"f": {"lang": "akk-x-neobab",
"form": "a-na",
"cf": "ana",
"gw": "to",
"sense": "to",
"norm": "ana",
"pos": "PRP",
"epos": "PRP"}
}
,
{
"node": "l",
"frag": "LUGAL",
"id": "P240182.l022b0",
"ref": "P240182.3.8",
"inst": "šarri[king]N",
"sig": "@saao/saa17%akk-x-neobab:LUGAL=šarru[king//king]N'N$šarri",
"f": {"lang": "akk-x-neobab",
"form": "LUGAL",
"cf": "šarru",
"gw": "king",
"sense": "king",
"norm": "šarri",
"pos": "N",
"epos": "N"}
}
,
{
"node": "d",
"type": "line-start",
"ref": "P240182.4",
"n": "3",
"label": "o 3"}
,
{
"node": "l",
"frag": "[be-li₂-ia",
"id": "P240182.l022b1",
"ref": "P240182.4.1",
"inst": "bēlīya[lord]N",
"sig": "@saao/saa17%akk-x-neobab:be-li₂-ia=bēlu[lord//lord]N'N$bēlīya",
"f": {"lang": "akk-x-neobab",
"form": "be-li₂-ia",
"cf": "bēlu",
"gw": "lord",
"sense": "lord",
"norm": "bēlīya",
"pos": "N",
"epos": "N"}
}
,
{
"node": "l",
"frag": "lik-ru-bu",
"id": "P240182.l022b2",
"ref": "P240182.4.2",
"inst": "karābu[pray//bless]V$likrubū",
"sig": "@saao/saa17%akk-x-neobab:lik-ru-bu=karābu[pray//bless]V'V$likrubū",
"f": {"lang": "akk-x-neobab",
"form": "lik-ru-bu",
"cf": "karābu",
"gw": "pray",
"sense": "bless",
"norm": "likrubū",
"pos": "V",
"epos": "V"}
}
,
{
"node": "l",
"frag": "um]-ma-a",
"id": "P240182.l022b3",
"ref": "P240182.4.3",
"inst": "umma[saying]PRP$ummā",
"sig": "@saao/saa17%akk-x-neobab:um-ma-a=umma[saying//saying]PRP'PRP$ummā",
"f": {"lang": "akk-x-neobab",
"form": "um-ma-a",
"cf": "umma",
"gw": "saying",
"sense": "saying",
"norm": "ummā",
"pos": "PRP",
"epos": "PRP"}
}
,
{
"node": "l",
"frag": "a-na",
"id": "P240182.l022b4",
"ref": "P240182.4.4",
"inst": "ana[to]PRP",
"sig": "@saao/saa17%akk-x-neobab:a-na=ana[to//to]PRP'PRP$ana",
"f": {"lang": "akk-x-neobab",
"form": "a-na",
"cf": "ana",
"gw": "to",
"sense": "to",
"norm": "ana",
"pos": "PRP",
"epos": "PRP"}
}
,
{
"node": "l",
"frag": "LUGAL",
"id": "P240182.l022b5",
"ref": "P240182.4.5",
"inst": "šarri[king]N",
"sig": "@saao/saa17%akk-x-neobab:LUGAL=šarru[king//king]N'N$šarri",
"f": {"lang": "akk-x-neobab",
"form": "LUGAL",
"cf": "šarru",
"gw": "king",
"sense": "king",
"norm": "šarri",
"pos": "N",
"epos": "N"}
}
,
{
"node": "l",
"frag": "be-li₂-ia-a-ma",
"id": "P240182.l022b6",
"ref": "P240182.4.6",
"inst": "bēlīyāma[lord]N",
"sig": "@saao/saa17%akk-x-neobab:be-li₂-ia-a-ma=bēlu[lord//lord]N'N$bēlīyāma",
"f": {"lang": "akk-x-neobab",
"form": "be-li₂-ia-a-ma",
"cf": "bēlu",
"gw": "lord",
"sense": "lord",
"norm": "bēlīyāma",
"pos": "N",
"epos": "N"}
}
,
{
"node": "d",
"type": "line-start",
"ref": "P240182.5",
"n": "4",
"label": "o 4"}
,
{
"node": "l",
"frag": "[ṭup-pi",
"id": "P240182.l022b7",
"ref": "P240182.5.1",
"inst": "ṭuppi[tablet]N",
"sig": "@saao/saa17%akk-x-neobab:ṭup-pi=ṭuppu[tablet//tablet]N'N$ṭuppi",
"f": {"lang": "akk-x-neobab",
"form": "ṭup-pi",
"cf": "ṭuppu",
"gw": "tablet",
"sense": "tablet",
"norm": "ṭuppi",
"pos": "N",
"epos": "N"}
}
,
{
"node": "l",
"frag": "a-na",
"id": "P240182.l022b8",
"ref": "P240182.5.2",
"inst": "ana[to]PRP",
"sig": "@saao/saa17%akk-x-neobab:a-na=ana[to//to]PRP'PRP$ana",
"f": {"lang": "akk-x-neobab",
"form": "a-na",
"cf": "ana",
"gw": "to",
"sense": "to",
"norm": "ana",
"pos": "PRP",
"epos": "PRP"}
}
,
{
"node": "l",
"frag": "šul-mi]",
"id": "P240182.l022b9",
"ref": "P240182.5.3",
"inst": "šulmu[completeness//salutation]N$šulmi",
"sig": "@saao/saa17%akk-x-neobab:šul-mi=šulmu[completeness//salutation]N'N$šulmi",
"f": {"lang": "akk-x-neobab",
"form": "šul-mi",
"cf": "šulmu",
"gw": "completeness",
"sense": "salutation",
"norm": "šulmi",
"pos": "N",
"epos": "N"}
}
,
{
"node": "l",
"frag": "⸢LUGAL⸣",
"id": "P240182.l022ba",
"ref": "P240182.5.4",
"inst": "šarri[king]N",
"sig": "@saao/saa17%akk-x-neobab:LUGAL=šarru[king//king]N'N$šarri",
"f": {"lang": "akk-x-neobab",
"form": "LUGAL",
"cf": "šarru",
"gw": "king",
"sense": "king",
"norm": "šarri",
"pos": "N",
"epos": "N"}
}
,
{
"node": "l",
"frag": "be-li₂-ia",
"id": "P240182.l022bb",
"ref": "P240182.5.5",
"inst": "bēlīya[lord]N",
"sig": "@saao/saa17%akk-x-neobab:be-li₂-ia=bēlu[lord//lord]N'N$bēlīya",
"f": {"lang": "akk-x-neobab",
"form": "be-li₂-ia",
"cf": "bēlu",
"gw": "lord",
"sense": "lord",
"norm": "bēlīya",
"pos": "N",
"epos": "N"}
}
,
{
"node": "l",
"frag": "al-tap-ra",
"id": "P240182.l022bc",
"ref": "P240182.5.6",
"inst": "altapra[send]V",
"sig": "@saao/saa17%akk-x-neobab:al-tap-ra=šapāru[send//send]V'V$altapra",
"f": {"lang": "akk-x-neobab",
"form": "al-tap-ra",
"cf": "šapāru",
"gw": "send",
"sense": "send",
"norm": "altapra",
"pos": "V",
"epos": "V"}
}
,
{
"node": "d",
"type": "line-start",
"ref": "P240182.6",
"n": "5",
"label": "o 5"}
,
{
"node": "l",
"frag": "[a-na",
"id": "P240182.l022bd",
"ref": "P240182.6.1",
"inst": "ana[to]PRP",
"sig": "@saao/saa17%akk-x-neobab:a-na=ana[to//to]PRP'PRP$ana",
"f": {"lang": "akk-x-neobab",
"form": "a-na",
"cf": "ana",
"gw": "to",
"sense": "to",
"norm": "ana",
"pos": "PRP",
"epos": "PRP"}
}
,
{
"node": "l",
"frag": "KUR",
"id": "P240182.l022be",
"ref": "P240182.6.2",
"inst": "māti[land]N",
"sig": "@saao/saa17%akk-x-neobab:KUR=mātu[land//land]N'N$māti",
"f": {"lang": "akk-x-neobab",
"form": "KUR",
"cf": "mātu",
"gw": "land",
"sense": "land",
"norm": "māti",
"pos": "N",
"epos": "N"}
}
,
{
"node": "l",
"frag": "e-mu]-⸢qi₂⸣",
"id": "P240182.l022bf",
"ref": "P240182.6.3",
"inst": "emūqu[strength//troops]N$emūqī",
"sig": "@saao/saa17%akk-x-neobab:e-mu-qi₂=emūqu[strength//troops]N'N$emūqī",
"f": {"lang": "akk-x-neobab",
"form": "e-mu-qi₂",
"cf": "emūqu",
"gw": "strength",
"sense": "troops",
"norm": "emūqī",
"pos": "N",
"epos": "N"}
}
,
{
"node": "l",
"frag": "u",
"id": "P240182.l022c0",
"ref": "P240182.6.4",
"inst": "u[and]CNJ",
"sig": "@saao/saa17%akk-x-neobab:u=u[and//and]CNJ'CNJ$u",
"f": {"lang": "akk-x-neobab",
"form": "u",
"cf": "u",
"gw": "and",
"sense": "and",
"norm": "u",
"pos": "CNJ",
"epos": "CNJ"}
}
,
{
"node": "l",
"frag": "ARAD-MEŠ",
"id": "P240182.l022c1",
"ref": "P240182.6.5",
"inst": "ardu[servant]N$ardē",
"sig": "@saao/saa17%akk-x-neobab:ARAD-MEŠ=ardu[slave//servant]N'N$ardē",
"f": {"lang": "akk-x-neobab",
"form": "ARAD-MEŠ",
"cf": "ardu",
"gw": "slave",
"sense": "servant",
"norm": "ardē",
"pos": "N",
"epos": "N"}
}
,
{
"node": "l",
"frag": "ša₂",
"id": "P240182.l022c2",
"ref": "P240182.6.6",
"inst": "ša[of]DET",
"sig": "@saao/saa17%akk-x-neobab:ša₂=ša[of//of]DET'DET$ša",
"f": {"lang": "akk-x-neobab",
"form": "ša₂",
"cf": "ša",
"gw": "of",
"sense": "of",
"norm": "ša",
"pos": "DET",
"epos": "DET"}
}
,
{
"node": "l",
"frag": "LUGAL",
"id": "P240182.l022c3",
"ref": "P240182.6.7",
"inst": "šarri[king]N",
"sig": "@saao/saa17%akk-x-neobab:LUGAL=šarru[king//king]N'N$šarri",
"f": {"lang": "akk-x-neobab",
"form": "LUGAL",
"cf": "šarru",
"gw": "king",
"sense": "king",
"norm": "šarri",
"pos": "N",
"epos": "N"}
}
,
{
"node": "l",
"frag": "šul-mu",
"id": "P240182.l022c4",
"ref": "P240182.6.8",
"inst": "šulmu[health]N",
"sig": "@saao/saa17%akk-x-neobab:šul-mu=šulmu[completeness//health]N'N$šulmu",
"f": {"lang": "akk-x-neobab",
"form": "šul-mu",
"cf": "šulmu",
"gw": "completeness",
"sense": "health",
"norm": "šulmu",
"pos": "N",
"epos": "N"}
}
,
{
"node": "d",
"type": "line-start",
"ref": "P240182.7",
"n": "6",
"label": "o 6"}
,
{
"node": "l",
"frag": "[EN.NUN",
"id": "P240182.l022c5",
"ref": "P240182.7.1",
"inst": "maṣṣartu[guard]N",
"sig": "@saao/saa17%akk-x-neobab:EN.NUN=maṣṣartu[observation//guard]N'N$maṣṣartu",
"f": {"lang": "akk-x-neobab",
"form": "EN.NUN",
"cf": "maṣṣartu",
"gw": "observation",
"sense": "guard",
"norm": "maṣṣartu",
"pos": "N",
"epos": "N"}
}
,
{
"node": "l",
"frag": "ša₂",
"id": "P240182.l022c6",
"ref": "P240182.7.2",
"inst": "ša[of]DET",
"sig": "@saao/saa17%akk-x-neobab:ša₂=ša[of//of]DET'DET$ša",
"f": {"lang": "akk-x-neobab",
"form": "ša₂",
"cf": "ša",
"gw": "of",
"sense": "of",
"norm": "ša",
"pos": "DET",
"epos": "DET"}
}
,
{
"node": "l",
"frag": "LUGAL",
"id": "P240182.l022c7",
"ref": "P240182.7.3",
"inst": "šarri[king]N",
"sig": "@saao/saa17%akk-x-neobab:LUGAL=šarru[king//king]N'N$šarri",
"f": {"lang": "akk-x-neobab",
"form": "LUGAL",
"cf": "šarru",
"gw": "king",
"sense": "king",
"norm": "šarri",
"pos": "N",
"epos": "N"}
}
,
{
"node": "l",
"frag": "ma-aʾ]-da",
"id": "P240182.l022c8",
"ref": "P240182.7.4",
"inst": "maʾda[much]'AV",
"sig": "@saao/saa17%akk-x-neobab:ma-aʾ-da=mādu[many//much]AJ'AV$maʾda",
"f": {"lang": "akk-x-neobab",
"form": "ma-aʾ-da",
"cf": "mādu",
"gw": "many",
"sense": "much",
"norm": "maʾda",
"pos": "AJ",
"epos": "AV"}
}
,
{
"node": "l",
"frag": "dan-na-at",
"id": "P240182.l022c9",
"ref": "P240182.7.5",
"inst": "dannat[strong]AJ",
"sig": "@saao/saa17%akk-x-neobab:dan-na-at=dannu[strong//strong]AJ'AJ$dannat",
"f": {"lang": "akk-x-neobab",
"form": "dan-na-at",
"cf": "dannu",
"gw": "strong",
"sense": "strong",
"norm": "dannat",
"pos": "AJ",
"epos": "AJ"}
}
,
{
"node": "d",
"type": "line-start",
"ref": "P240182.8",
"n": "7",
"label": "o 7"}
,
{
"node": "l",
"frag": "[ṭe₃-e-mu",
"id": "P240182.l022ca",
"ref": "P240182.8.1",
"inst": "ṭēmu[report]N",
"sig": "@saao/saa17%akk-x-neobab:ṭe₃-e-mu=ṭēmu[(fore)thought//report]N'N$ṭēmu",
"f": {"lang": "akk-x-neobab",
"form": "ṭe₃-e-mu",
"cf": "ṭēmu",
"gw": "(fore)thought",
"sense": "report",
"norm": "ṭēmu",
"pos": "N",
"epos": "N"}
}
,
{
"node": "l",
"frag": "ša₂",
"id": "P240182.l022cb",
"ref": "P240182.8.2",
"inst": "ša[of]DET",
"sig": "@saao/saa17%akk-x-neobab:ša₂=ša[of//of]DET'DET$ša",
"f": {"lang": "akk-x-neobab",
"form": "ša₂",
"cf": "ša",
"gw": "of",
"sense": "of",
"norm": "ša",
"pos": "DET",
"epos": "DET"}
}
,
{
"node": "l",
"frag": "{1}{d}AMAR.UTU-A]-SUM",
"id": "P240182.l022cc",
"ref": "P240182.8.3",
"inst": "Marduk-apla-iddina[Merodach-Baladan]PN$",
"sig": "@saao/saa17%akk-x-neobab:{1}{d}AMAR.UTU-A-SUM=Marduk-apla-iddina[Merodach-Baladan//Merodach-Baladan]PN'PN$Marduk-apla-iddina",
"f": {"lang": "akk-x-neobab",
"form": "{1}{d}AMAR.UTU-A-SUM",
"cf": "Marduk-apla-iddina",
"gw": "Merodach-Baladan",
"sense": "Merodach-Baladan",
"norm": "Marduk-apla-iddina",
"pos": "PN",
"epos": "PN"}
}
,
{
"node": "l",
"frag": "ina",
"id": "P240182.l022cd",
"ref": "P240182.8.4",
"inst": "ina[in]PRP",
"sig": "@saao/saa17%akk-x-neobab:ina=ina[in//in]PRP'PRP$ina",
"f": {"lang": "akk-x-neobab",
"form": "ina",
"cf": "ina",
"gw": "in",
"sense": "in",
"norm": "ina",
"pos": "PRP",
"epos": "PRP"}
}
,
{
"node": "l",
"frag": "TIN.TIR{ki}",
"id": "P240182.l022ce",
"ref": "P240182.8.5",
"inst": "Babili[Babylon]GN",
"sig": "@saao/saa17%akk-x-neobab:TIN.TIR{KI}=Babili[Babylon//Babylon]GN'GN$Babili",
"f": {"lang": "akk-x-neobab",
"form": "TIN.TIR{KI}",
"cf": "Babili",
"gw": "Babylon",
"sense": "Babylon",
"norm": "Babili",
"pos": "GN",
"epos": "GN"}
}
,
{
"node": "l",
"frag": "šu₂-u₂",
"id": "P240182.l022cf",
"ref": "P240182.8.6",
"inst": "šû[he]IP",
"sig": "@saao/saa17%akk-x-neobab:šu₂-u₂=šū[he//he]IP'IP$šû",
"f": {"lang": "akk-x-neobab",
"form": "šu₂-u₂",
"cf": "šū",
"gw": "he",
"sense": "he",
"norm": "šû",
"pos": "IP",
"epos": "IP"}
}
,
{
"node": "d",
"type": "line-start",
"ref": "P240182.9",
"n": "8",
"label": "o 8"}
,
{
"node": "l",
"frag": "[x",
"id": "P240182.l022d0",
"ref": "P240182.9.1",
"inst": "u",
"f": {"lang": "akk-x-neobab",
"form": "x",
"pos": "u"}
}
,
{
"node": "l",
"frag": "x",
"id": "P240182.l022d1",
"ref": "P240182.9.2",
"inst": "u",
"f": {"lang": "akk-x-neobab",
"form": "x",
"pos": "u"}
}
,
{
"node": "l",
"frag": "x",
"id": "P240182.l022d2",
"ref": "P240182.9.3",
"inst": "u",
"f": {"lang": "akk-x-neobab",
"form": "x",
"pos": "u"}
}
,
{
"node": "l",
"frag": "x",
"id": "P240182.l022d3",
"ref": "P240182.9.4",
"inst": "u",
"f": {"lang": "akk-x-neobab",
"form": "x",
"pos": "u"}
}
,
{
"node": "l",
"frag": "x",
"id": "P240182.l022d4",
"ref": "P240182.9.5",
"inst": "u",
"f": {"lang": "akk-x-neobab",
"form": "x",
"pos": "u"}
}
,
{
"node": "l",
"frag": "x",
"id": "P240182.l022d5",
"ref": "P240182.9.6",
"inst": "u",
"f": {"lang": "akk-x-neobab",
"form": "x",
"pos": "u"}
}
,
{
"node": "l",
"frag": "x]+⸢x⸣",
"id": "P240182.l022d6",
"ref": "P240182.9.7",
"inst": "u",
"f": {"lang": "akk-x-neobab",
"form": "x+x",
"pos": "u"}
}
,
{
"node": "l",
"frag": "ul",
"id": "P240182.l022d7",
"ref": "P240182.9.8",
"inst": "ul[not]MOD",
"sig": "@saao/saa17%akk-x-neobab:ul=ul[not//not]MOD'MOD$ul",
"f": {"lang": "akk-x-neobab",
"form": "ul",
"cf": "ul",
"gw": "not",
"sense": "not",
"norm": "ul",
"pos": "MOD",
"epos": "MOD"}
}
,
{
"node": "l",
"frag": "i-sa-kip-šu₂-ma",
"id": "P240182.l022d8",
"ref": "P240182.9.9",
"inst": "sakāpu[push down//overthrow]V$isakkipšūma",
"sig": "@saao/saa17%akk-x-neobab:i-sa-kip-šu₂-ma=sakāpu[push down//overthrow]V'V$isakkipšūma",
"f": {"lang": "akk-x-neobab",
"form": "i-sa-kip-šu₂-ma",
"cf": "sakāpu",
"gw": "push down",
"sense": "overthrow",
"norm": "isakkipšūma",
"pos": "V",
"epos": "V"}
}
,
{
"node": "d",
"type": "line-start",
"ref": "P240182.10",
"n": "9",
"label": "o 9"}
,
{
"node": "l",
"frag": "[x",
"id": "P240182.l022d9",
"ref": "P240182.10.1",
"inst": "u",
"f": {"lang": "akk-x-neobab",
"form": "x",
"pos": "u"}
}
,
{
"node": "l",
"frag": "x",
"id": "P240182.l022da",
"ref": "P240182.10.2",
"inst": "u",
"f": {"lang": "akk-x-neobab",
"form": "x",
"pos": "u"}
}
,
{
"node": "l",
"frag": "x",
"id": "P240182.l022db",
"ref": "P240182.10.3",
"inst": "u",
"f": {"lang": "akk-x-neobab",
"form": "x",
"pos": "u"}
}
,
{
"node": "l",
"frag": "x",
"id": "P240182.l022dc",
"ref": "P240182.10.4",
"inst": "u",
"f": {"lang": "akk-x-neobab",
"form": "x",
"pos": "u"}
}
,
{
"node": "l",
"frag": "x",
"id": "P240182.l022dd",
"ref": "P240182.10.5",
"inst": "u",
"f": {"lang": "akk-x-neobab",
"form": "x",
"pos": "u"}
}
,
{
"node": "l",
"frag": "min₃]-⸢de⸣-e-ma",
"id": "P240182.l022de",
"ref": "P240182.10.6",
"inst": "mindēma[perhaps]AV",
"sig": "@saao/saa17%akk-x-neobab:min₃-de-e-ma=minde[perhaps//perhaps]AV'AV$mindēma",
"f": {"lang": "akk-x-neobab",
"form": "min₃-de-e-ma",
"cf": "minde",
"gw": "perhaps",
"sense": "perhaps",
"norm": "mindēma",
"pos": "AV",
"epos": "AV"}
}
,
{
"node": "l",
"frag": "{lu₂}TIN.TIR{ki}-MEŠ",
"id": "P240182.l022df",
"ref": "P240182.10.7",
"inst": "Babilaya[Babylonian]EN$",
"sig": "@saao/saa17%akk-x-neobab:{LU₂}TIN.TIR{KI}-MEŠ=Babilaya[Babylonian//Babylonian]EN'EN$Babilaya",
"f": {"lang": "akk-x-neobab",
"form": "{LU₂}TIN.TIR{KI}-MEŠ",
"cf": "Babilaya",
"gw": "Babylonian",
"sense": "Babylonian",
"norm": "Babilaya",
"pos": "EN",
"epos": "EN"}
}
,
{
"node": "d",
"type": "line-start",
"ref": "P240182.11",
"n": "10",
"label": "o 10"}
,
{
"node": "l",
"frag": "[ina",
"id": "P240182.l022e0",
"ref": "P240182.11.1",
"inst": "ina[in+=in the presence of]PRP",
"sig": "@saao/saa17%akk-x-neobab:ina=ina[in//in]PRP'PRP$ina",
"f": {"lang": "akk-x-neobab",
"form": "ina",
"cf": "ina",
"gw": "in",
"sense": "in",
"norm": "ina",
"pos": "PRP",
"epos": "PRP"}
}
,
{
"node": "l",
"frag": "pa-an",
"id": "P240182.l022e1",
"ref": "P240182.11.2",
"inst": "pān[front]N",
"sig": "@saao/saa17%akk-x-neobab:pa-an=pānu[front//front]N'N$pān",
"f": {"lang": "akk-x-neobab",
"form": "pa-an",
"cf": "pānu",
"gw": "front",
"sense": "front",
"norm": "pān",
"pos": "N",
"epos": "N"}
}
,
{
"node": "l",
"frag": "LUGAL",
"id": "P240182.l022e2",
"ref": "P240182.11.3",
"inst": "šarri[king]N",
"sig": "@saao/saa17%akk-x-neobab:LUGAL=šarru[king//king]N'N$šarri",
"f": {"lang": "akk-x-neobab",
"form": "LUGAL",
"cf": "šarru",
"gw": "king",
"sense": "king",
"norm": "šarri",
"pos": "N",
"epos": "N"}
}
,
{
"node": "l",
"frag": "i-qab-bu-u₂]",
"id": "P240182.l022e3",
"ref": "P240182.11.4",
"inst": "qabû[say]V$iqabbû",
"sig": "@saao/saa17%akk-x-neobab:i-qab-bu-u₂=qabû[say//say]V'V$iqabbû",
"f": {"lang": "akk-x-neobab",
"form": "i-qab-bu-u₂",
"cf": "qabû",
"gw": "say",
"sense": "say",
"norm": "iqabbû",
"pos": "V",
"epos": "V"}
}
,
{
"node": "l",
"frag": "⸢um⸣-ma",
"id": "P240182.l022e4",
"ref": "P240182.11.5",
"inst": "umma[saying]PRP",
"sig": "@saao/saa17%akk-x-neobab:um-ma=umma[saying//saying]PRP'PRP$umma",
"f": {"lang": "akk-x-neobab",
"form": "um-ma",
"cf": "umma",
"gw": "saying",
"sense": "saying",
"norm": "umma",
"pos": "PRP",
"epos": "PRP"}
}
,
{
"node": "l",
"frag": "ni-i-⸢nu⸣",
"id": "P240182.l022e5",
"ref": "P240182.11.6",
"inst": "anīnu[we]IP$nīnu",
"sig": "@saao/saa17%akk-x-neobab:ni-i-nu=anīnu[we//we]IP'IP$nīnu",
"f": {"lang": "akk-x-neobab",
"form": "ni-i-nu",
"cf": "anīnu",
"gw": "we",
"sense": "we",
"norm": "nīnu",
"pos": "IP",
"epos": "IP"}
}
,
{
"node": "d",
"type": "line-start",
"ref": "P240182.12",
"n": "11",
"label": "o 11"}
,
{
"node": "l",
"frag": "[x",
"id": "P240182.l022e6",
"ref": "P240182.12.1",
"inst": "u",
"f": {"lang": "akk-x-neobab",
"form": "x",
"pos": "u"}
}
,
{
"node": "l",
"frag": "x",
"id": "P240182.l022e7",
"ref": "P240182.12.2",
"inst": "u",
"f": {"lang": "akk-x-neobab",
"form": "x",
"pos": "u"}
}
,
{
"node": "l",
"frag": "x",
"id": "P240182.l022e8",
"ref": "P240182.12.3",
"inst": "u",
"f": {"lang": "akk-x-neobab",
"form": "x",
"pos": "u"}
}
,
{
"node": "l",
"frag": "x",
"id": "P240182.l022e9",
"ref": "P240182.12.4",
"inst": "u",
"f": {"lang": "akk-x-neobab",
"form": "x",
"pos": "u"}
}
,
{
"node": "l",
"frag": "LUGAL",
"id": "P240182.l022ea",
"ref": "P240182.12.5",
"inst": "šarru[king]N",
"sig": "@saao/saa17%akk-x-neobab:LUGAL=šarru[king//king]N'N$šarru",
"f": {"lang": "akk-x-neobab",
"form": "LUGAL",
"cf": "šarru",
"gw": "king",
"sense": "king",
"norm": "šarru",
"pos": "N",
"epos": "N"}
}
,
{
"node": "l",
"frag": "be-li₂-a",
"id": "P240182.l022eb",
"ref": "P240182.12.6",
"inst": "bēlu[lord]N$bēlā",
"sig": "@saao/saa17%akk-x-neobab:be-li₂-a=bēlu[lord//lord]N'N$bēlā",
"f": {"lang": "akk-x-neobab",
"form": "be-li₂-a",
"cf": "bēlu",
"gw": "lord",
"sense": "lord",
"norm": "bēlā",
"pos": "N",
"epos": "N"}
}
,
{
"node": "l",
"frag": "la]",
"id": "P240182.l022ec",
"ref": "P240182.12.7",
"inst": "lā[not]MOD",
"sig": "@saao/saa17%akk-x-neobab:la=lā[not//not]MOD'MOD$lā",
"f": {"lang": "akk-x-neobab",
"form": "la",
"cf": "lā",
"gw": "not",
"sense": "not",
"norm": "lā",
"pos": "MOD",
"epos": "MOD"}
}
,
{
"node": "l",
"frag": "i-qa-ap-šu₂-nu-⸢tim⸣-[ma]",
"id": "P240182.l022ed",
"ref": "P240182.12.8",
"inst": "qiāpu[(en)trust//trust]V$iqâpšunūtimma",
"sig": "@saao/saa17%akk-x-neobab:i-qa-ap-šu₂-nu-tim-ma=qiāpu[(en)trust//trust]V'V$iqâpšunūtimma",
"f": {"lang": "akk-x-neobab",
"form": "i-qa-ap-šu₂-nu-tim-ma",
"cf": "qiāpu",
"gw": "(en)trust",
"sense": "trust",
"norm": "iqâpšunūtimma",
"pos": "V",
"epos": "V"}
}
,
{
"node": "d",
"type": "line-start",
"ref": "P240182.13",
"n": "12",
"label": "o 12"}
,
{
"node": "l",
"frag": "[šu-u₂",
"id": "P240182.l022ee",
"ref": "P240182.13.1",
"inst": "šû[he]IP",
"sig": "@saao/saa17%akk-x-neobab:šu-u₂=šū[he//he]IP'IP$šû",
"f": {"lang": "akk-x-neobab",
"form": "šu-u₂",
"cf": "šū",
"gw": "he",
"sense": "he",
"norm": "šû",
"pos": "IP",
"epos": "IP"}
}
,
{
"node": "l",
"frag": "u₃",
"id": "P240182.l022ef",
"ref": "P240182.13.2",
"inst": "u[and]CNJ",
"sig": "@saao/saa17%akk-x-neobab:u₃=u[and//and]CNJ'CNJ$u",
"f": {"lang": "akk-x-neobab",
"form": "u₃",
"cf": "u",
"gw": "and",
"sense": "and",
"norm": "u",
"pos": "CNJ",
"epos": "CNJ"}
}
,
{
"node": "l",
"frag": "{lu₂}TIN.TIR]{⸢ki⸣}-MEŠ",
"id": "P240182.l022f0",
"ref": "P240182.13.3",
"inst": "Babilaya[Babylonian]EN$",
"sig": "@saao/saa17%akk-x-neobab:{LU₂}TIN.TIR{KI}-MEŠ=Babilaya[Babylonian//Babylonian]EN'EN$Babilaya",
"f": {"lang": "akk-x-neobab",
"form": "{LU₂}TIN.TIR{KI}-MEŠ",
"cf": "Babilaya",
"gw": "Babylonian",
"sense": "Babylonian",
"norm": "Babilaya",
"pos": "EN",
"epos": "EN"}
}
,
{
"node": "l",
"frag": "ki-i",
"id": "P240182.l022f1",
"ref": "P240182.13.4",
"inst": "kî[like]PRP",
"sig": "@saao/saa17%akk-x-neobab:ki-i=kī[like//like]PRP'PRP$kî",
"f": {"lang": "akk-x-neobab",
"form": "ki-i",
"cf": "kī",
"gw": "like",
"sense": "like",
"norm": "kî",
"pos": "PRP",
"epos": "PRP"}
}
,
{
"node": "l",
"frag": "01-en",
"id": "P240182.l022f2",
"ref": "P240182.13.5",
"inst": "ištēn[one]NU$iltēn",
"sig": "@saao/saa17%akk-x-neobab:01-en=ištēn[one//one]NU'NU$iltēn",
"f": {"lang": "akk-x-neobab",
"form": "01-en",
"cf": "ištēn",
"gw": "one",
"sense": "one",
"norm": "iltēn",
"pos": "NU",
"epos": "NU"}
}
,
{
"node": "l",
"frag": "⸢pi⸣-[i]",
"id": "P240182.l022f3",
"ref": "P240182.13.6",
"inst": "pî[mouth]N",
"sig": "@saao/saa17%akk-x-neobab:pi-i=pû[mouth//mouth]N'N$pî",
"f": {"lang": "akk-x-neobab",
"form": "pi-i",
"cf": "pû",
"gw": "mouth",
"sense": "mouth",
"norm": "pî",
"pos": "N",
"epos": "N"}
}
,
{
"node": "d",
"type": "line-start",
"ref": "P240182.14",
"n": "13",
"label": "o 13"}
,
{
"node": "l",
"frag": "[x",
"id": "P240182.l022f4",
"ref": "P240182.14.1",
"inst": "u",
"f": {"lang": "akk-x-neobab",
"form": "x",
"pos": "u"}
}
,
{
"node": "l",
"frag": "x",
"id": "P240182.l022f5",
"ref": "P240182.14.2",
"inst": "u",
"f": {"lang": "akk-x-neobab",
"form": "x",
"pos": "u"}
}
,
{
"node": "l",
"frag": "x",
"id": "P240182.l022f6",
"ref": "P240182.14.3",
"inst": "u",
"f": {"lang": "akk-x-neobab",
"form": "x",
"pos": "u"}
}
,
{
"node": "l",
"frag": "x",
"id": "P240182.l022f7",
"ref": "P240182.14.4",
"inst": "u",
"f": {"lang": "akk-x-neobab",
"form": "x",
"pos": "u"}
}
,
{
"node": "l",
"frag": "x",
"id": "P240182.l022f8",
"ref": "P240182.14.5",
"inst": "u",
"f": {"lang": "akk-x-neobab",
"form": "x",
"pos": "u"}
}
,
{
"node": "l",
"frag": "x",
"id": "P240182.l022f9",
"ref": "P240182.14.6",
"inst": "u",
"f": {"lang": "akk-x-neobab",
"form": "x",
"pos": "u"}
}
,
{
"node": "l",
"frag": "x",
"id": "P240182.l022fa",
"ref": "P240182.14.7",
"inst": "u",
"f": {"lang": "akk-x-neobab",
"form": "x",
"pos": "u"}
}
,
{
"node": "l",
"frag": "x]-a-nu",
"id": "P240182.l022fb",
"ref": "P240182.14.8",
"inst": "u",
"f": {"lang": "akk-x-neobab",
"form": "x-a-nu",
"pos": "u"}
}
,
{
"node": "l",
"frag": "[x",
"id": "P240182.l022fc",
"ref": "P240182.14.9",
"inst": "u",
"f": {"lang": "akk-x-neobab",
"form": "x",
"pos": "u"}
}
,
{
"node": "l",
"frag": "x",
"id": "P240182.l022fd",
"ref": "P240182.14.10",
"inst": "u",
"f": {"lang": "akk-x-neobab",
"form": "x",
"pos": "u"}
}
,
{
"node": "l",
"frag": "x",
"id": "P240182.l022fe",
"ref": "P240182.14.11",
"inst": "u",
"f": {"lang": "akk-x-neobab",
"form": "x",
"pos": "u"}
}
,
{
"node": "l",
"frag": "x",
"id": "P240182.l022ff",
"ref": "P240182.14.12",
"inst": "u",
"f": {"lang": "akk-x-neobab",
"form": "x",
"pos": "u"}
}
,
{
"node": "l",
"frag": "x",
"id": "P240182.l02300",
"ref": "P240182.14.13",
"inst": "u",
"f": {"lang": "akk-x-neobab",
"form": "x",
"pos": "u"}
}
,
{
"node": "l",
"frag": "x]",
"id": "P240182.l02301",
"ref": "P240182.14.14",
"inst": "u",
"f": {"lang": "akk-x-neobab",
"form": "x",
"pos": "u"}
}
,
{
"node": "d",
"type": "nonx",
"ref": "P240182.15",
"strict": "0",
"extent": "rest",
"state": "missing"}
,
{
"node": "d",
"subtype": "reverse",
"type": "surface",
"ref": "P240182.r.16",
"type": "reverse",
"label": "r"}
,
{
"node": "d",
"type": "nonx",
"ref": "P240182.17",
"strict": "0",
"extent": "beginning",
"state": "missing"}
,
{
"node": "d",
"type": "line-start",
"ref": "P240182.18",
"n": "1'",
"label": "r 1'"}
,
{
"node": "l",
"frag": "[x",
"id": "P240182.l02302",
"ref": "P240182.18.1",
"inst": "u",
"f": {"lang": "akk-x-neobab",
"form": "x",
"pos": "u"}
}
,
{
"node": "l",
"frag": "x",
"id": "P240182.l02303",
"ref": "P240182.18.2",
"inst": "u",
"f": {"lang": "akk-x-neobab",
"form": "x",
"pos": "u"}
}
,
{
"node": "l",
"frag": "x",
"id": "P240182.l02304",
"ref": "P240182.18.3",
"inst": "u",
"f": {"lang": "akk-x-neobab",
"form": "x",
"pos": "u"}
}
,
{
"node": "l",
"frag": "x",
"id": "P240182.l02305",
"ref": "P240182.18.4",
"inst": "u",
"f": {"lang": "akk-x-neobab",
"form": "x",
"pos": "u"}
}
,
{
"node": "l",
"frag": "x]",
"id": "P240182.l02306",
"ref": "P240182.18.5",
"inst": "u",
"f": {"lang": "akk-x-neobab",
"form": "x",
"pos": "u"}
}
,
{
"node": "l",
"frag": "ta",
"id": "P240182.l02307",
"ref": "P240182.18.6",
"inst": "u",
"f": {"lang": "akk-x-neobab",
"form": "ta",
"pos": "u"}
}
,
{
"node": "l",
"frag": "⸢x⸣+[x",
"id": "P240182.l02308",
"ref": "P240182.18.7",
"inst": "u",
"f": {"lang": "akk-x-neobab",
"form": "x+x",
"pos": "u"}
}
,
{
"node": "l",
"frag": "x",
"id": "P240182.l02309",
"ref": "P240182.18.8",
"inst": "u",
"f": {"lang": "akk-x-neobab",
"form": "x",
"pos": "u"}
}
,
{
"node": "l",
"frag": "x",
"id": "P240182.l0230a",
"ref": "P240182.18.9",
"inst": "u",
"f": {"lang": "akk-x-neobab",
"form": "x",
"pos": "u"}
}
,
{
"node": "l",
"frag": "x",
"id": "P240182.l0230b",
"ref": "P240182.18.10",
"inst": "u",
"f": {"lang": "akk-x-neobab",
"form": "x",
"pos": "u"}
}
,
{
"node": "l",
"frag": "x",
"id": "P240182.l0230c",
"ref": "P240182.18.11",
"inst": "u",
"f": {"lang": "akk-x-neobab",
"form": "x",
"pos": "u"}
}
,
{
"node": "l",
"frag": "x]",
"id": "P240182.l0230d",
"ref": "P240182.18.12",
"inst": "u",
"f": {"lang": "akk-x-neobab",
"form": "x",
"pos": "u"}
}
,
{
"node": "d",
"type": "line-start",
"ref": "P240182.19",
"n": "2'",
"label": "r 2'"}
,
{
"node": "l",
"frag": "[x",
"id": "P240182.l0230e",
"ref": "P240182.19.1",
"inst": "u",
"f": {"lang": "akk-x-neobab",
"form": "x",
"pos": "u"}
}
,
{
"node": "l",
"frag": "x",
"id": "P240182.l0230f",
"ref": "P240182.19.2",
"inst": "u",
"f": {"lang": "akk-x-neobab",
"form": "x",
"pos": "u"}
}
,
{
"node": "l",
"frag": "x",
"id": "P240182.l02310",
"ref": "P240182.19.3",
"inst": "u",
"f": {"lang": "akk-x-neobab",
"form": "x",
"pos": "u"}
}
,
{
"node": "l",
"frag": "x]",
"id": "P240182.l02311",
"ref": "P240182.19.4",
"inst": "u",
"f": {"lang": "akk-x-neobab",
"form": "x",
"pos": "u"}
}
,
{
"node": "l",
"frag": "i-šal-la-lu",
"id": "P240182.l02312",
"ref": "P240182.19.5",
"inst": "šalālu[carry off//plunder]V$išallalū",
"sig": "@saao/saa17%akk-x-neobab:i-šal-la-lu=šalālu[carry off//plunder]V'V$išallalū",
"f": {"lang": "akk-x-neobab",
"form": "i-šal-la-lu",
"cf": "šalālu",
"gw": "carry off",
"sense": "plunder",
"norm": "išallalū",
"pos": "V",
"epos": "V"}
}
,
{
"node": "l",
"frag": "[x",
"id": "P240182.l02313",
"ref": "P240182.19.6",
"inst": "u",
"f": {"lang": "akk-x-neobab",
"form": "x",
"pos": "u"}
}
,
{
"node": "l",
"frag": "x",
"id": "P240182.l02314",
"ref": "P240182.19.7",
"inst": "u",
"f": {"lang": "akk-x-neobab",
"form": "x",
"pos": "u"}
}
,
{
"node": "l",
"frag": "x",
"id": "P240182.l02315",
"ref": "P240182.19.8",
"inst": "u",
"f": {"lang": "akk-x-neobab",
"form": "x",
"pos": "u"}
}
,
{
"node": "l",
"frag": "x",
"id": "P240182.l02316",
"ref": "P240182.19.9",
"inst": "u",
"f": {"lang": "akk-x-neobab",
"form": "x",
"pos": "u"}
}
,
{
"node": "l",
"frag": "x",
"id": "P240182.l02317",
"ref": "P240182.19.10",
"inst": "u",
"f": {"lang": "akk-x-neobab",
"form": "x",
"pos": "u"}
}
,
{
"node": "l",
"frag": "x]",
"id": "P240182.l02318",
"ref": "P240182.19.11",
"inst": "u",
"f": {"lang": "akk-x-neobab",
"form": "x",
"pos": "u"}
}
,
{
"node": "d",
"type": "line-start",
"ref": "P240182.20",
"n": "3'",
"label": "r 3'"}
,
{
"node": "l",
"frag": "[x",
"id": "P240182.l02319",
"ref": "P240182.20.1",
"inst": "u",
"f": {"lang": "akk-x-neobab",
"form": "x",
"pos": "u"}
}
,
{
"node": "l",
"frag": "x",
"id": "P240182.l0231a",
"ref": "P240182.20.2",
"inst": "u",
"f": {"lang": "akk-x-neobab",
"form": "x",
"pos": "u"}
}
,
{
"node": "l",
"frag": "x",
"id": "P240182.l0231b",
"ref": "P240182.20.3",
"inst": "u",
"f": {"lang": "akk-x-neobab",
"form": "x",
"pos": "u"}
}
,
{
"node": "l",
"frag": "x]",
"id": "P240182.l0231c",
"ref": "P240182.20.4",
"inst": "u",
"f": {"lang": "akk-x-neobab",
"form": "x",
"pos": "u"}
}
,
{
"node": "l",
"frag": "ša₂-ni-ti",
"id": "P240182.l0231d",
"ref": "P240182.20.5",
"inst": "šanû[second]NU$šanīti",
"sig": "@saao/saa17%akk-x-neobab:ša₂-ni-ti=šanû[second//second]NU'NU$šanīti",
"f": {"lang": "akk-x-neobab",
"form": "ša₂-ni-ti",
"cf": "šanû",
"gw": "second",
"sense": "second",
"norm": "šanīti",
"pos": "NU",
"epos": "NU"}
}
,
{
"node": "l",
"frag": "{1}[x",
"id": "P240182.l0231e",
"ref": "P240182.20.6",
"inst": "u",
"f": {"lang": "akk-x-neobab",
"form": "{1}x",
"pos": "u"}
}
,
{
"node": "l",
"frag": "x",
"id": "P240182.l0231f",
"ref": "P240182.20.7",
"inst": "u",
"f": {"lang": "akk-x-neobab",
"form": "x",
"pos": "u"}
}
,
{
"node": "l",
"frag": "x",
"id": "P240182.l02320",
"ref": "P240182.20.8",
"inst": "u",
"f": {"lang": "akk-x-neobab",
"form": "x",
"pos": "u"}
}
,
{
"node": "l",
"frag": "x",
"id": "P240182.l02321",
"ref": "P240182.20.9",
"inst": "u",
"f": {"lang": "akk-x-neobab",
"form": "x",
"pos": "u"}
}
,
{
"node": "l",
"frag": "x",
"id": "P240182.l02322",
"ref": "P240182.20.10",
"inst": "u",
"f": {"lang": "akk-x-neobab",
"form": "x",
"pos": "u"}
}
,
{
"node": "l",
"frag": "x]",
"id": "P240182.l02323",
"ref": "P240182.20.11",
"inst": "u",
"f": {"lang": "akk-x-neobab",
"form": "x",
"pos": "u"}
}
,
{
"node": "d",
"type": "line-start",
"ref": "P240182.21",
"n": "4'",
"label": "r 4'"}
,
{
"node": "l",
"frag": "[x",
"id": "P240182.l02324",
"ref": "P240182.21.1",
"inst": "u",
"f": {"lang": "akk-x-neobab",
"form": "x",
"pos": "u"}
}
,
{
"node": "l",
"frag": "x",
"id": "P240182.l02325",
"ref": "P240182.21.2",
"inst": "u",
"f": {"lang": "akk-x-neobab",
"form": "x",
"pos": "u"}
}
,
{
"node": "l",
"frag": "x",
"id": "P240182.l02326",
"ref": "P240182.21.3",
"inst": "u",
"f": {"lang": "akk-x-neobab",
"form": "x",
"pos": "u"}
}
,
{
"node": "l",
"frag": "x]",
"id": "P240182.l02327",
"ref": "P240182.21.4",
"inst": "u",
"f": {"lang": "akk-x-neobab",
"form": "x",
"pos": "u"}
}
,
{
"node": "l",
"frag": "a-na",
"id": "P240182.l02328",
"ref": "P240182.21.5",
"inst": "ana[to]PRP",
"sig": "@saao/saa17%akk-x-neobab:a-na=ana[to//to]PRP'PRP$ana",
"f": {"lang": "akk-x-neobab",
"form": "a-na",
"cf": "ana",
"gw": "to",
"sense": "to",
"norm": "ana",
"pos": "PRP",
"epos": "PRP"}
}
,
{
"node": "l",
"frag": "E₂",
"id": "P240182.l02329",
"ref": "P240182.21.6",
"inst": "bītu[house]N$bīti",
"sig": "@saao/saa17%akk-x-neobab:E₂=bītu[house//house]N'N$bīti",
"f": {"lang": "akk-x-neobab",
"form": "E₂",
"cf": "bītu",
"gw": "house",
"sense": "house",
"norm": "bīti",
"pos": "N",
"epos": "N"}
}
,
{
"node": "l",
"frag": "ra-ma-[ni-šu₂-nu",
"id": "P240182.l0232a",
"ref": "P240182.21.7",
"inst": "ramānu[self]N$ramanīšunu",
"sig": "@saao/saa17%akk-x-neobab:ra-ma-ni-šu₂-nu=ramānu[self//self]N'N$ramanīšunu",
"f": {"lang": "akk-x-neobab",
"form": "ra-ma-ni-šu₂-nu",
"cf": "ramānu",
"gw": "self",
"sense": "self",
"norm": "ramanīšunu",
"pos": "N",
"epos": "N"}
}
,
{
"node": "l",
"frag": "i-ru]-⸢bu-ma⸣",
"id": "P240182.l0232b",
"ref": "P240182.21.8",
"inst": "erēbu[enter]V$irrubūma",
"sig": "@saao/saa17%akk-x-neobab:i-ru-bu-ma=erēbu[enter//enter]V'V$irrubūma",
"f": {"lang": "akk-x-neobab",
"form": "i-ru-bu-ma",
"cf": "erēbu",
"gw": "enter",
"sense": "enter",
"norm": "irrubūma",
"pos": "V",
"epos": "V"}
}
,
{
"node": "d",
"type": "line-start",
"ref": "P240182.22",
"n": "5'",
"label": "r 5'"}
,
{
"node": "l",
"frag": "[x",
"id": "P240182.l0232c",
"ref": "P240182.22.1",
"inst": "u",
"f": {"lang": "akk-x-neobab",
"form": "x",
"pos": "u"}
}
,
{
"node": "l",
"frag": "x",
"id": "P240182.l0232d",
"ref": "P240182.22.2",
"inst": "u",
"f": {"lang": "akk-x-neobab",
"form": "x",
"pos": "u"}
}
,
{
"node": "l",
"frag": "x",
"id": "P240182.l0232e",
"ref": "P240182.22.3",
"inst": "u",
"f": {"lang": "akk-x-neobab",
"form": "x",
"pos": "u"}
}
,
{
"node": "l",
"frag": "x]-ma-kan-ni",
"id": "P240182.l0232f",
"ref": "P240182.22.4",
"inst": "u",
"f": {"lang": "akk-x-neobab",
"form": "x-ma-kan-ni",
"pos": "u"}
}
,
{
"node": "l",
"frag": "a-na",
"id": "P240182.l02330",
"ref": "P240182.22.5",
"inst": "ana[to+=to]PRP",
"sig": "@saao/saa17%akk-x-neobab:a-na=ana[to//to]PRP'PRP$ana",
"f": {"lang": "akk-x-neobab",
"form": "a-na",
"cf": "ana",
"gw": "to",
"sense": "to",
"norm": "ana",
"pos": "PRP",
"epos": "PRP"}
}
,
{
"node": "l",
"frag": "pa-an",
"id": "P240182.l02331",
"ref": "P240182.22.6",
"inst": "pān[front]N",
"sig": "@saao/saa17%akk-x-neobab:pa-an=pānu[front//front]N'N$pān",
"f": {"lang": "akk-x-neobab",
"form": "pa-an",
"cf": "pānu",
"gw": "front",
"sense": "front",
"norm": "pān",
"pos": "N",
"epos": "N"}
}
,
{
"node": "l",
"frag": "{1}{⸢d}INNIN⸣-in-[x",
"id": "P240182.l02332",
"ref": "P240182.22.7",
"inst": "u",
"f": {"lang": "akk-x-neobab",
"form": "{1}{d}INNIN-in-x",
"pos": "u"}
}
,
{
"node": "l",
"frag": "x]",
"id": "P240182.l02333",
"ref": "P240182.22.8",
"inst": "u",
"f": {"lang": "akk-x-neobab",
"form": "x",
"pos": "u"}
}
,
{
"node": "d",
"type": "line-start",
"ref": "P240182.23",
"n": "6'",
"label": "r 6'"}
,
{
"node": "l",
"frag": "[x",
"id": "P240182.l02334",
"ref": "P240182.23.1",
"inst": "u",
"f": {"lang": "akk-x-neobab",
"form": "x",
"pos": "u"}
}
,
{
"node": "l",
"frag": "x",
"id": "P240182.l02335",
"ref": "P240182.23.2",
"inst": "u",
"f": {"lang": "akk-x-neobab",
"form": "x",
"pos": "u"}
}
,
{
"node": "l",
"frag": "x",
"id": "P240182.l02336",
"ref": "P240182.23.3",
"inst": "u",
"f": {"lang": "akk-x-neobab",
"form": "x",
"pos": "u"}
}
,
{
"node": "l",
"frag": "x",
"id": "P240182.l02337",
"ref": "P240182.23.4",
"inst": "u",
"f": {"lang": "akk-x-neobab",
"form": "x",
"pos": "u"}
}
,
{
"node": "l",
"frag": "a]-⸢ki⸣",
"id": "P240182.l02338",
"ref": "P240182.23.5",
"inst": "akī[in accordance with]PRP",
"sig": "@saao/saa17%akk-x-neobab:a-ki=akī[as, like//in accordance with]PRP'PRP$akī",
"f": {"lang": "akk-x-neobab",
"form": "a-ki",
"cf": "akī",
"gw": "as, like",
"sense": "in accordance with",
"norm": "akī",
"pos": "PRP",
"epos": "PRP"}
}
,
{
"node": "l",
"frag": "ša₂",
"id": "P240182.l02339",
"ref": "P240182.23.6",
"inst": "ša[what]REL",
"sig": "@saao/saa17%akk-x-neobab:ša₂=ša[that//what]REL'REL$ša",
"f": {"lang": "akk-x-neobab",
"form": "ša₂",
"cf": "ša",
"gw": "that",
"sense": "what",
"norm": "ša",
"pos": "REL",
"epos": "REL"}
}
,
{
"node": "l",
"frag": "LUGAL",
"id": "P240182.l0233a",
"ref": "P240182.23.7",
"inst": "šarru[king]N",
"sig": "@saao/saa17%akk-x-neobab:LUGAL=šarru[king//king]N'N$šarru",
"f": {"lang": "akk-x-neobab",
"form": "LUGAL",
"cf": "šarru",
"gw": "king",
"sense": "king",
"norm": "šarru",
"pos": "N",
"epos": "N"}
}
,
{
"node": "l",
"frag": "it-ti",
"id": "P240182.l0233b",
"ref": "P240182.23.8",
"inst": "itti[with]PRP",
"sig": "@saao/saa17%akk-x-neobab:it-ti=itti[with//with]PRP'PRP$itti",
"f": {"lang": "akk-x-neobab",
"form": "it-ti",
"cf": "itti",
"gw": "with",
"sense": "with",
"norm": "itti",
"pos": "PRP",
"epos": "PRP"}
}
,
{
"node": "l",
"frag": "AD-ia",
"id": "P240182.l0233c",
"ref": "P240182.23.9",
"inst": "abīya[father]N",
"sig": "@saao/saa17%akk-x-neobab:AD-ia=abu[father//father]N'N$abīya",
"f": {"lang": "akk-x-neobab",
"form": "AD-ia",
"cf": "abu",
"gw": "father",
"sense": "father",
"norm": "abīya",
"pos": "N",
"epos": "N"}
}
,
{
"node": "l",
"frag": "iš-pu-ra",
"id": "P240182.l0233d",
"ref": "P240182.23.10",
"inst": "šapāru[send]V$išpura",
"sig": "@saao/saa17%akk-x-neobab:iš-pu-ra=šapāru[send//send]V'V$išpura",
"f": {"lang": "akk-x-neobab",
"form": "iš-pu-ra",
"cf": "šapāru",
"gw": "send",
"sense": "send",
"norm": "išpura",
"pos": "V",
"epos": "V"}
}
,
{
"node": "d",
"type": "line-start",
"ref": "P240182.24",
"n": "7'",
"label": "r 7'"}
,
{
"node": "l",
"frag": "[x",
"id": "P240182.l0233e",
"ref": "P240182.24.1",
"inst": "u",
"f": {"lang": "akk-x-neobab",
"form": "x",
"pos": "u"}
}
,
{
"node": "l",
"frag": "x",
"id": "P240182.l0233f",
"ref": "P240182.24.2",
"inst": "u",
"f": {"lang": "akk-x-neobab",
"form": "x",
"pos": "u"}
}
,
{
"node": "l",
"frag": "x",
"id": "P240182.l02340",
"ref": "P240182.24.3",
"inst": "u",
"f": {"lang": "akk-x-neobab",
"form": "x",
"pos": "u"}
}
,
{
"node": "l",
"frag": "x",
"id": "P240182.l02341",
"ref": "P240182.24.4",
"inst": "u",
"f": {"lang": "akk-x-neobab",
"form": "x",
"pos": "u"}
}
,
{
"node": "l",
"frag": "i-na",
"id": "P240182.l02342",
"ref": "P240182.24.5",
"inst": "ina[in+=in]PRP",
"sig": "@saao/saa17%akk-x-neobab:i-na=ina[in//in]PRP'PRP$ina",
"f": {"lang": "akk-x-neobab",
"form": "i-na",
"cf": "ina",
"gw": "in",
"sense": "in",
"norm": "ina",
"pos": "PRP",
"epos": "PRP"}
}
,
{
"node": "l",
"frag": "ŠA₃]-bi",
"id": "P240182.l02343",
"ref": "P240182.24.6",
"inst": "libbi[interior]N",
"sig": "@saao/saa17%akk-x-neobab:ŠA₃-bi=libbu[interior//interior]N'N$libbi",
"f": {"lang": "akk-x-neobab",
"form": "ŠA₃-bi",
"cf": "libbu",
"gw": "interior",
"sense": "interior",
"norm": "libbi",
"pos": "N",
"epos": "N"}
}
,
{
"node": "l",
"frag": "{e₂}a-su-up-pi",
"id": "P240182.l02344",
"ref": "P240182.24.7",
"inst": "asuppu[out-building//porch]N$asuppi",
"sig": "@saao/saa17%akk-x-neobab:{E₂}a-su-up-pi=asuppu[out-building//porch]N'N$asuppi",
"f": {"lang": "akk-x-neobab",
"form": "{E₂}a-su-up-pi",
"cf": "asuppu",
"gw": "out-building",
"sense": "porch",
"norm": "asuppi",
"pos": "N",
"epos": "N"}
}
,
{
"node": "d",
"type": "line-start",
"ref": "P240182.25",
"n": "8'",
"label": "r 8'"}
,
{
"node": "l",
"frag": "[x",
"id": "P240182.l02345",
"ref": "P240182.25.1",
"inst": "u",
"f": {"lang": "akk-x-neobab",
"form": "x",
"pos": "u"}
}
,
{
"node": "l",
"frag": "x",
"id": "P240182.l02346",
"ref": "P240182.25.2",
"inst": "u",
"f": {"lang": "akk-x-neobab",
"form": "x",
"pos": "u"}
}
,
{
"node": "l",
"frag": "x",
"id": "P240182.l02347",
"ref": "P240182.25.3",
"inst": "u",
"f": {"lang": "akk-x-neobab",
"form": "x",
"pos": "u"}
}
,
{
"node": "l",
"frag": "x",
"id": "P240182.l02348",
"ref": "P240182.25.4",
"inst": "u",
"f": {"lang": "akk-x-neobab",
"form": "x",
"pos": "u"}
}
,
{
"node": "l",
"frag": "x",
"id": "P240182.l02349",
"ref": "P240182.25.5",
"inst": "u",
"f": {"lang": "akk-x-neobab",
"form": "x",
"pos": "u"}
}
,
{
"node": "l",
"frag": "x",
"id": "P240182.l0234a",
"ref": "P240182.25.6",
"inst": "u",
"f": {"lang": "akk-x-neobab",
"form": "x",
"pos": "u"}
}
,
{
"node": "l",
"frag": "ki]-i",
"id": "P240182.l0234b",
"ref": "P240182.25.7",
"inst": "kī[like//when]PRP'SBJ$kî",
"sig": "@saao/saa17%akk-x-neobab:ki-i=kī[like//when]PRP'SBJ$kî",
"f": {"lang": "akk-x-neobab",
"form": "ki-i",
"cf": "kī",
"gw": "like",
"sense": "when",
"norm": "kî",
"pos": "PRP",
"epos": "SBJ"}
}
,
{
"node": "l",
"frag": "iṣ-ba-tu",
"id": "P240182.l0234c",
"ref": "P240182.25.8",
"inst": "iṣbatu[seize]V",
"sig": "@saao/saa17%akk-x-neobab:iṣ-ba-tu=ṣabātu[seize//seize]V'V$iṣbatu",
"f": {"lang": "akk-x-neobab",
"form": "iṣ-ba-tu",
"cf": "ṣabātu",
"gw": "seize",
"sense": "seize",
"norm": "iṣbatu",
"pos": "V",
"epos": "V"}
}
,
{
"node": "l",
"frag": "ina",
"id": "P240182.l0234d",
"ref": "P240182.25.9",
"inst": "ina[in]PRP",
"sig": "@saao/saa17%akk-x-neobab:ina=ina[in//in]PRP'PRP$ina",
"f": {"lang": "akk-x-neobab",
"form": "ina",
"cf": "ina",
"gw": "in",
"sense": "in",
"norm": "ina",
"pos": "PRP",
"epos": "PRP"}
}
,
{
"node": "c",
"type": "phrase",
"tag": "phr",
"id": "P240182.U4",
"ref": "P240182.ls00000",
"cdl": [
{
"node": "l",
"frag": "E₂-PA-MEŠ",
"id": "P240182.l0234e",
"ref": "P240182.25.10",
"cof-tails": "P240182.l0234f",
"inst": "bītu[house]N$bīt&haṭṭu[stick]N$haṭṭāti",
"exosig": "@saao/saa17%akk-x-neobab:E₂-PA-MEŠ=bītu[house//house]N'N$bīt&&@saao%akk-x-neobab:=haṭṭu[stick//stick]N'N$haṭṭāti",
"f": {"lang": "akk-x-neobab",
"form": "E₂-PA-MEŠ",
"cf": "bītu",
"gw": "house",
"sense": "house",
"norm": "bīt",
"pos": "N",
"epos": "N"}
}
,
{
"node": "l",
"frag": "E₂-PA-MEŠ",
"id": "P240182.l0234f",
"ref": "P240182.25.10",
"cof-head": "P240182.l0234e",
"inst": "bītu[house]N$bīt&haṭṭu[stick]N$haṭṭāti",
"tail-sig": "@saao%akk-x-neobab:=haṭṭu[stick//stick]N'N$haṭṭāti",
"f": {"lang": "akk-x-neobab",
"form": "E₂-PA-MEŠ",
"cf": "haṭṭu",
"gw": "stick",
"sense": "stick",
"norm": "haṭṭāti",
"pos": "N",
"epos": "N"}
}
]}
,
{
"node": "d",
"type": "line-start",
"ref": "P240182.26",
"n": "9'",
"label": "r 9'"}
,
{
"node": "l",
"frag": "[x",
"id": "P240182.l02350",
"ref": "P240182.26.1",
"inst": "u",
"f": {"lang": "akk-x-neobab",
"form": "x",
"pos": "u"}
}
,
{
"node": "l",
"frag": "x",
"id": "P240182.l02351",
"ref": "P240182.26.2",
"inst": "u",
"f": {"lang": "akk-x-neobab",
"form": "x",
"pos": "u"}
}
,
{
"node": "l",
"frag": "x",
"id": "P240182.l02352",
"ref": "P240182.26.3",
"inst": "u",
"f": {"lang": "akk-x-neobab",
"form": "x",
"pos": "u"}
}
,
{
"node": "l",
"frag": "x",
"id": "P240182.l02353",
"ref": "P240182.26.4",
"inst": "u",
"f": {"lang": "akk-x-neobab",
"form": "x",
"pos": "u"}
}
,
{
"node": "l",
"frag": "x",
"id": "P240182.l02354",
"ref": "P240182.26.5",
"inst": "u",
"f": {"lang": "akk-x-neobab",
"form": "x",
"pos": "u"}
}
,
{
"node": "l",
"frag": "x",
"id": "P240182.l02355",
"ref": "P240182.26.6",
"inst": "u",
"f": {"lang": "akk-x-neobab",
"form": "x",
"pos": "u"}
}
,
{
"node": "l",
"frag": "x",
"id": "P240182.l02356",
"ref": "P240182.26.7",
"inst": "u",
"f": {"lang": "akk-x-neobab",
"form": "x",
"pos": "u"}
}
,
{
"node": "l",
"frag": "x]",
"id": "P240182.l02357",
"ref": "P240182.26.8",
"inst": "u",
"f": {"lang": "akk-x-neobab",
"form": "x",
"pos": "u"}
}
,
{
"node": "l",
"frag": "mim-mu-u₂",
"id": "P240182.l02358",
"ref": "P240182.26.9",
"inst": "mimmû[all//possessions]N$",
"sig": "@saao/saa17%akk-x-neobab:mim-mu-u₂=mimmû[all//possessions]N'N$mimmû",
"f": {"lang": "akk-x-neobab",
"form": "mim-mu-u₂",
"cf": "mimmû",
"gw": "all",
"sense": "possessions",
"norm": "mimmû",
"pos": "N",
"epos": "N"}
}
,
{
"node": "l",
"frag": "ša₂",
"id": "P240182.l02359",
"ref": "P240182.26.10",
"inst": "ša[of]DET",
"sig": "@saao/saa17%akk-x-neobab:ša₂=ša[of//of]DET'DET$ša",
"f": {"lang": "akk-x-neobab",
"form": "ša₂",
"cf": "ša",
"gw": "of",
"sense": "of",
"norm": "ša",
"pos": "DET",
"epos": "DET"}
}
,
{
"node": "l",
"frag": "EN-ka",
"id": "P240182.l0235a",
"ref": "P240182.26.11",
"inst": "bēlu[lord]N$bēlīka",
"sig": "@saao/saa17%akk-x-neobab:EN-ka=bēlu[lord//lord]N'N$bēlīka",
"f": {"lang": "akk-x-neobab",
"form": "EN-ka",
"cf": "bēlu",
"gw": "lord",
"sense": "lord",
"norm": "bēlīka",
"pos": "N",
"epos": "N"}
}
,
{
"node": "d",
"type": "line-start",
"ref": "P240182.27",
"n": "10'",
"label": "r 10'"}
,
{
"node": "l",
"frag": "[x",
"id": "P240182.l0235b",
"ref": "P240182.27.1",
"inst": "u",
"f": {"lang": "akk-x-neobab",
"form": "x",
"pos": "u"}
}
,
{
"node": "l",
"frag": "x",
"id": "P240182.l0235c",
"ref": "P240182.27.2",
"inst": "u",
"f": {"lang": "akk-x-neobab",
"form": "x",
"pos": "u"}
}
,
{
"node": "l",
"frag": "x",
"id": "P240182.l0235d",
"ref": "P240182.27.3",
"inst": "u",
"f": {"lang": "akk-x-neobab",
"form": "x",
"pos": "u"}
}
,
{
"node": "l",
"frag": "x",
"id": "P240182.l0235e",
"ref": "P240182.27.4",
"inst": "u",
"f": {"lang": "akk-x-neobab",
"form": "x",
"pos": "u"}
}
,
{
"node": "l",
"frag": "x",
"id": "P240182.l0235f",
"ref": "P240182.27.5",
"inst": "u",
"f": {"lang": "akk-x-neobab",
"form": "x",
"pos": "u"}
}
,
{
"node": "l",
"frag": "x",
"id": "P240182.l02360",
"ref": "P240182.27.6",
"inst": "u",
"f": {"lang": "akk-x-neobab",
"form": "x",
"pos": "u"}
}
,
{
"node": "l",
"frag": "x",
"id": "P240182.l02361",
"ref": "P240182.27.7",
"inst": "u",
"f": {"lang": "akk-x-neobab",
"form": "x",
"pos": "u"}
}
,
{
"node": "l",
"frag": "iq-ba]-a",
"id": "P240182.l02362",
"ref": "P240182.27.8",
"inst": "iqbâ[say]V",
"sig": "@saao/saa17%akk-x-neobab:iq-ba-a=qabû[say//say]V'V$iqbâ",
"f": {"lang": "akk-x-neobab",
"form": "iq-ba-a",
"cf": "qabû",
"gw": "say",
"sense": "say",
"norm": "iqbâ",
"pos": "V",
"epos": "V"}
}
,
{
"node": "l",
"frag": "mi-nam-ma",
"id": "P240182.l02363",
"ref": "P240182.27.9",
"inst": "minamma[why?]QP",
"sig": "@saao/saa17%akk-x-neobab:mi-nam-ma=minamma[why?//why?]QP'QP$minamma",
"f": {"lang": "akk-x-neobab",
"form": "mi-nam-ma",
"cf": "minamma",
"gw": "why?",
"sense": "why?",
"norm": "minamma",
"pos": "QP",
"epos": "QP"}
}
,
{
"node": "d",
"type": "line-start",
"ref": "P240182.28",
"n": "11'",
"label": "r 11'"}
,
{
"node": "l",
"frag": "[x",
"id": "P240182.l02364",
"ref": "P240182.28.1",
"inst": "u",
"f": {"lang": "akk-x-neobab",
"form": "x",
"pos": "u"}
}
,
{
"node": "l",
"frag": "x",
"id": "P240182.l02365",
"ref": "P240182.28.2",
"inst": "u",
"f": {"lang": "akk-x-neobab",
"form": "x",
"pos": "u"}
}
,
{
"node": "l",
"frag": "x",
"id": "P240182.l02366",
"ref": "P240182.28.3",
"inst": "u",
"f": {"lang": "akk-x-neobab",
"form": "x",
"pos": "u"}
}
,
{
"node": "l",
"frag": "x",
"id": "P240182.l02367",
"ref": "P240182.28.4",
"inst": "u",
"f": {"lang": "akk-x-neobab",
"form": "x",
"pos": "u"}
}
,
{
"node": "l",
"frag": "x",
"id": "P240182.l02368",
"ref": "P240182.28.5",
"inst": "u",
"f": {"lang": "akk-x-neobab",
"form": "x",
"pos": "u"}
}
,
{
"node": "l",
"frag": "x",
"id": "P240182.l02369",
"ref": "P240182.28.6",
"inst": "u",
"f": {"lang": "akk-x-neobab",
"form": "x",
"pos": "u"}
}
,
{
"node": "l",
"frag": "x",
"id": "P240182.l0236a",
"ref": "P240182.28.7",
"inst": "u",
"f": {"lang": "akk-x-neobab",
"form": "x",
"pos": "u"}
}
,
{
"node": "l",
"frag": "x",
"id": "P240182.l0236b",
"ref": "P240182.28.8",
"inst": "u",
"f": {"lang": "akk-x-neobab",
"form": "x",
"pos": "u"}
}
,
{
"node": "l",
"frag": "x]",
"id": "P240182.l0236c",
"ref": "P240182.28.9",
"inst": "u",
"f": {"lang": "akk-x-neobab",
"form": "x",
"pos": "u"}
}
,
{
"node": "l",
"frag": "⸢ip⸣-pu-ša₂-an-ni",
"id": "P240182.l0236d",
"ref": "P240182.28.10",
"inst": "epēšu[do]V$ippušanni",
"sig": "@saao/saa17%akk-x-neobab:ip-pu-ša₂-an-ni=epēšu[do//do]V'V$ippušanni",
"f": {"lang": "akk-x-neobab",
"form": "ip-pu-ša₂-an-ni",
"cf": "epēšu",
"gw": "do",
"sense": "do",
"norm": "ippušanni",
"pos": "V",
"epos": "V"}
}
,
{
"node": "d",
"type": "line-start",
"ref": "P240182.29",
"n": "12'",
"label": "r 12'"}
,
{
"node": "l",
"frag": "[x",
"id": "P240182.l0236e",
"ref": "P240182.29.1",
"inst": "u",
"f": {"lang": "akk-x-neobab",
"form": "x",
"pos": "u"}
}
,
{
"node": "l",
"frag": "x",
"id": "P240182.l0236f",
"ref": "P240182.29.2",
"inst": "u",
"f": {"lang": "akk-x-neobab",
"form": "x",
"pos": "u"}
}
,
{
"node": "l",
"frag": "x",
"id": "P240182.l02370",
"ref": "P240182.29.3",
"inst": "u",
"f": {"lang": "akk-x-neobab",
"form": "x",
"pos": "u"}
}
,
{
"node": "l",
"frag": "x",
"id": "P240182.l02371",
"ref": "P240182.29.4",
"inst": "u",
"f": {"lang": "akk-x-neobab",
"form": "x",
"pos": "u"}
}
,
{
"node": "l",
"frag": "x",
"id": "P240182.l02372",
"ref": "P240182.29.5",
"inst": "u",
"f": {"lang": "akk-x-neobab",
"form": "x",
"pos": "u"}
}
,
{
"node": "l",
"frag": "x",
"id": "P240182.l02373",
"ref": "P240182.29.6",
"inst": "u",
"f": {"lang": "akk-x-neobab",
"form": "x",
"pos": "u"}
}
,
{
"node": "l",
"frag": "x",
"id": "P240182.l02374",
"ref": "P240182.29.7",
"inst": "u",
"f": {"lang": "akk-x-neobab",
"form": "x",
"pos": "u"}
}
,
{
"node": "l",
"frag": "x",
"id": "P240182.l02375",
"ref": "P240182.29.8",
"inst": "u",
"f": {"lang": "akk-x-neobab",
"form": "x",
"pos": "u"}
}
,
{
"node": "l",
"frag": "x",
"id": "P240182.l02376",
"ref": "P240182.29.9",
"inst": "u",
"f": {"lang": "akk-x-neobab",
"form": "x",
"pos": "u"}
}
,
{
"node": "l",
"frag": "x]",
"id": "P240182.l02377",
"ref": "P240182.29.10",
"inst": "u",
"f": {"lang": "akk-x-neobab",
"form": "x",
"pos": "u"}
}
,
{
"node": "l",
"frag": "ŠU.2",
"id": "P240182.l02378",
"ref": "P240182.29.11",
"inst": "qātē[hand]N",
"sig": "@saao/saa17%akk-x-neobab:ŠU.2=qātu[hand//hand]N'N$qātē",
"f": {"lang": "akk-x-neobab",
"form": "ŠU.2",
"cf": "qātu",
"gw": "hand",
"sense": "hand",
"norm": "qātē",
"pos": "N",
"epos": "N"}
}
,
{
"node": "l",
"frag": "{lu₂}EN-KUR₂",
"id": "P240182.l02379",
"ref": "P240182.29.12",
"cof-tails": "P240182.l0237a",
"inst": "+bēlu[lord]N$bēl&+nakru[enemy]N$nakri",
"exosig": "@saao/saa17%akk-x-neobab:{LU₂}EN-KUR₂=bēlu[lord//lord]N'N$bēl&&@saao/saa17%akk-x-neobab:{LU₂}EN-KUR₂=nakru[enemy//enemy]N'N$nakri",
"f": {"lang": "akk-x-neobab",
"form": "{LU₂}EN-KUR₂",
"cf": "bēlu",
"gw": "lord",
"sense": "lord",
"norm": "bēl",
"pos": "N",
"epos": "N"}
}
,
{
"node": "l",
"frag": "{lu₂}EN-KUR₂",
"id": "P240182.l0237a",
"ref": "P240182.29.12",
"cof-head": "P240182.l02379",
"inst": "+bēlu[lord]N$bēl&+nakru[enemy]N$nakri",
"f": {"lang": "akk-x-neobab",
"form": "{LU₂}EN-KUR₂",
"cf": "nakru",
"gw": "enemy",
"sense": "enemy",
"norm": "nakri",
"pos": "N",
"epos": "N"}
}
,
{
"node": "d",
"subtype": "right",
"type": "surface",
"ref": "P240182.r.e..30",
"type": "right",
"label": "r.e."}
,
{
"node": "d",
"type": "line-start",
"ref": "P240182.31",
"n": "13",
"label": "r.e. 13"}
,
{
"node": "l",
"frag": "[x",
"id": "P240182.l0237b",
"ref": "P240182.31.1",
"inst": "u",
"f": {"lang": "akk-x-neobab",
"form": "x",
"pos": "u"}
}
,
{
"node": "l",
"frag": "x",
"id": "P240182.l0237c",
"ref": "P240182.31.2",
"inst": "u",
"f": {"lang": "akk-x-neobab",
"form": "x",
"pos": "u"}
}
,
{
"node": "l",
"frag": "x",
"id": "P240182.l0237d",
"ref": "P240182.31.3",
"inst": "u",
"f": {"lang": "akk-x-neobab",
"form": "x",
"pos": "u"}
}
,
{
"node": "l",
"frag": "x",
"id": "P240182.l0237e",
"ref": "P240182.31.4",
"inst": "u",
"f": {"lang": "akk-x-neobab",
"form": "x",
"pos": "u"}
}
,
{
"node": "l",
"frag": "x]+⸢x⸣",
"id": "P240182.l0237f",
"ref": "P240182.31.5",
"inst": "u",
"f": {"lang": "akk-x-neobab",
"form": "x+x",
"pos": "u"}
}
,
{
"node": "l",
"frag": "al-la",
"id": "P240182.l02380",
"ref": "P240182.31.6",
"inst": "alla[besides]'AV",
"sig": "@saao/saa17%akk-x-neobab:al-la=alla[beyond//besides]PRP'AV$alla",
"f": {"lang": "akk-x-neobab",
"form": "al-la",
"cf": "alla",
"gw": "beyond",
"sense": "besides",
"norm": "alla",
"pos": "PRP",
"epos": "AV"}
}
,
{
"node": "l",
"frag": "a-ga-a",
"id": "P240182.l02381",
"ref": "P240182.31.7",
"inst": "agâ[this]DP",
"sig": "@saao/saa17%akk-x-neobab:a-ga-a=agâ[this//this]DP'DP$agâ",
"f": {"lang": "akk-x-neobab",
"form": "a-ga-a",
"cf": "agâ",
"gw": "this",
"sense": "this",
"norm": "agâ",
"pos": "DP",
"epos": "DP"}
}
,
{
"node": "l",
"frag": "bi-iš",
"id": "P240182.l02382",
"ref": "P240182.31.8",
"inst": "bīšu[bad]AJ$bīš",
"sig": "@saao/saa17%akk-x-neobab:bi-iš=bīšu[bad//bad]AJ'AJ$bīš",
"f": {"lang": "akk-x-neobab",
"form": "bi-iš",
"cf": "bīšu",
"gw": "bad",
"sense": "bad",
"norm": "bīš",
"pos": "AJ",
"epos": "AJ"}
}
,
{
"node": "l",
"frag": "[x",
"id": "P240182.l02383",
"ref": "P240182.31.9",
"inst": "u",
"f": {"lang": "akk-x-neobab",
"form": "x",
"pos": "u"}
}
,
{
"node": "l",
"frag": "x]",
"id": "P240182.l02384",
"ref": "P240182.31.10",
"inst": "u",
"f": {"lang": "akk-x-neobab",
"form": "x",
"pos": "u"}
}
,
{
"node": "d",
"type": "line-start",
"ref": "P240182.32",
"n": "14",
"label": "r.e. 14"}
,
{
"node": "l",
"frag": "[x",
"id": "P240182.l02385",
"ref": "P240182.32.1",
"inst": "u",
"f": {"lang": "akk-x-neobab",
"form": "x",
"pos": "u"}
}
,
{
"node": "l",
"frag": "x",
"id": "P240182.l02386",
"ref": "P240182.32.2",
"inst": "u",
"f": {"lang": "akk-x-neobab",
"form": "x",
"pos": "u"}
}
,
{
"node": "l",
"frag": "x",
"id": "P240182.l02387",
"ref": "P240182.32.3",
"inst": "u",
"f": {"lang": "akk-x-neobab",
"form": "x",
"pos": "u"}
}
,
{
"node": "l",
"frag": "x",
"id": "P240182.l02388",
"ref": "P240182.32.4",
"inst": "u",
"f": {"lang": "akk-x-neobab",
"form": "x",
"pos": "u"}
}
,
{
"node": "l",
"frag": "x]",
"id": "P240182.l02389",
"ref": "P240182.32.5",
"inst": "u",
"f": {"lang": "akk-x-neobab",
"form": "x",
"pos": "u"}
}
,
{
"node": "l",
"frag": "i-ba-aš₂-ši",
"id": "P240182.l0238a",
"ref": "P240182.32.6",
"inst": "ibašši[exist]V",
"sig": "@saao/saa17%akk-x-neobab:i-ba-aš₂-ši=bašû[exist//exist]V'V$ibašši",
"f": {"lang": "akk-x-neobab",
"form": "i-ba-aš₂-ši",
"cf": "bašû",
"gw": "exist",
"sense": "exist",
"norm": "ibašši",
"pos": "V",
"epos": "V"}
}
,
{
"node": "l",
"frag": "ih-⸢tal⸣-[qu]",
"id": "P240182.l0238b",
"ref": "P240182.32.7",
"inst": "ihtalqu[run away]V",
"sig": "@saao/saa17%akk-x-neobab:ih-tal-qu=halāqu[be(come) lost//run away]V'V$ihtalqu",
"f": {"lang": "akk-x-neobab",
"form": "ih-tal-qu",
"cf": "halāqu",
"gw": "be(come) lost",
"sense": "run away",
"norm": "ihtalqu",
"pos": "V",
"epos": "V"}
}
,
{
"node": "d",
"type": "line-start",
"ref": "P240182.33",
"n": "15",
"label": "r.e. 15"}
,
{
"node": "l",
"frag": "[x",
"id": "P240182.l0238c",
"ref": "P240182.33.1",
"inst": "u",
"f": {"lang": "akk-x-neobab",
"form": "x",
"pos": "u"}
}
,
{
"node": "l",
"frag": "x",
"id": "P240182.l0238d",
"ref": "P240182.33.2",
"inst": "u",
"f": {"lang": "akk-x-neobab",
"form": "x",
"pos": "u"}
}
,
{
"node": "l",
"frag": "x",
"id": "P240182.l0238e",
"ref": "P240182.33.3",
"inst": "u",
"f": {"lang": "akk-x-neobab",
"form": "x",
"pos": "u"}
}
,
{
"node": "l",
"frag": "UD-mu]-⸢us⸣-su",
"id": "P240182.l0238f",
"ref": "P240182.33.4",
"inst": "ūmussu[daily]AV",
"sig": "@saao/saa17%akk-x-neobab:UD-mu-us-su=ūmussu[daily//daily]AV'AV$ūmussu",
"f": {"lang": "akk-x-neobab",
"form": "UD-mu-us-su",
"cf": "ūmussu",
"gw": "daily",
"sense": "daily",
"norm": "ūmussu",
"pos": "AV",
"epos": "AV"}
}
,
{
"node": "l",
"frag": "LUGAL",
"id": "P240182.l02390",
"ref": "P240182.33.5",
"inst": "šarru[king]N$",
"sig": "@saao/saa17%akk-x-neobab:LUGAL=šarru[king//king]N'N$šarru",
"f": {"lang": "akk-x-neobab",
"form": "LUGAL",
"cf": "šarru",
"gw": "king",
"sense": "king",
"norm": "šarru",
"pos": "N",
"epos": "N"}
}
,
{
"node": "l",
"frag": "be-li₂-a",
"id": "P240182.l02391",
"ref": "P240182.33.6",
"inst": "bēlu[lord]N$bēlā",
"sig": "@saao/saa17%akk-x-neobab:be-li₂-a=bēlu[lord//lord]N'N$bēlā",
"f": {"lang": "akk-x-neobab",
"form": "be-li₂-a",
"cf": "bēlu",
"gw": "lord",
"sense": "lord",
"norm": "bēlā",
"pos": "N",
"epos": "N"}
}
,
{
"node": "l",
"frag": "[a-kar-rab]",
"id": "P240182.l02392",
"ref": "P240182.33.7",
"inst": "akarrab[bless]V",
"sig": "@saao/saa17%akk-x-neobab:a-kar-rab=karābu[pray//bless]V'V$akarrab",
"f": {"lang": "akk-x-neobab",
"form": "a-kar-rab",
"cf": "karābu",
"gw": "pray",
"sense": "bless",
"norm": "akarrab",
"pos": "V",
"epos": "V"}
}
]}
]}
]}
,
{
"linkbase": [{
"type": "linkset",
"xlink_title": "bīt haṭṭāti[house of staffs//house of staffs]N'N",
"id": "P240182.ls00000",
"xlink_type": "extended",
"xlink_role": "psu",
"sig": "{bītu[house]N haṭṭu[stick]N += bīt haṭṭāti[house of staffs//house of staffs]N'N}::@saao%akk-x-neobab:E₂-PA-MEŠ=bītu[house//house]N'N$bīt++@saao%akk-x-neobab:E₂-PA-MEŠ=haṭṭu[stick//stick]N'N$haṭṭāti",
"links": [
{
"type": "link",
"xlink_title": "bītu",
"xlink_type": "locator",
"xlink_href": "#P240182.l0234e",
"xlink_role": "elt"}
,
{
"type": "link",
"xlink_title": "haṭṭu",
"xlink_type": "locator",
"xlink_href": "#P240182.l0234f",
"xlink_role": "elt"}
]}
]}
]}
