{
"type": "cdl",
  "source": "http://oracc.org/saao/saa17",
  "license": "This data is released under the CC0 license",
  "license-url": "https://creativecommons.org/publicdomain/zero/1.0/",
  "more-info": "http://oracc.org/doc/opendata/",
  "UTC-timestamp": "2017-05-19T11:58:45",
"project": "saao/saa17",
"textid": "P240261",
"cdl": [
{
"node": "c",
"type": "text",
"id": "P240261.U0",
"cdl": [
{
"node": "d",
"type": "object",
"ref": ""}
,
{
"node": "d",
"subtype": "obverse",
"type": "surface",
"ref": "P240261.o.1",
"type": "obverse",
"label": "o"}
,
{
"node": "c",
"type": "discourse",
"subtype": "body",
"id": "P240261.U1",
"cdl": [
{
"node": "c",
"type": "sentence",
"id": "P240261.U2",
"label": "o 1 - r 9",
"cdl": [
{
"node": "d",
"type": "line-start",
"ref": "P240261.2",
"n": "1",
"label": "o 1"}
,
{
"node": "l",
"frag": "ARAD-ka",
"id": "P240261.l01541",
"ref": "P240261.2.1",
"inst": "aradka[servant]N",
"sig": "@saao/saa17%akk-x-neobab:ARAD-ka=ardu[slave//servant]N'N$aradka",
"f": {"lang": "akk-x-neobab",
"form": "ARAD-ka",
"cf": "ardu",
"gw": "slave",
"sense": "servant",
"norm": "aradka",
"pos": "N",
"epos": "N"}
}
,
{
"node": "l",
"frag": "{1}ina-SUH₃-KAR",
"id": "P240261.l01542",
"ref": "P240261.2.2",
"inst": "Ina-teši-eṭir[1]PN$",
"sig": "@saao/saa17%akk-x-neobab:{1}ina-SUH₃-KAR=Ina-teši-eṭir[1//1]PN'PN$Ina-teši-eṭir",
"f": {"lang": "akk-x-neobab",
"form": "{1}ina-SUH₃-KAR",
"cf": "Ina-teši-eṭir",
"gw": "1",
"sense": "1",
"norm": "Ina-teši-eṭir",
"pos": "PN",
"epos": "PN"}
}
,
{
"node": "l",
"frag": "[x",
"id": "P240261.l01543",
"ref": "P240261.2.3",
"inst": "u",
"f": {"lang": "akk-x-neobab",
"form": "x",
"pos": "u"}
}
,
{
"node": "l",
"frag": "x",
"id": "P240261.l01544",
"ref": "P240261.2.4",
"inst": "u",
"f": {"lang": "akk-x-neobab",
"form": "x",
"pos": "u"}
}
,
{
"node": "l",
"frag": "x",
"id": "P240261.l01545",
"ref": "P240261.2.5",
"inst": "u",
"f": {"lang": "akk-x-neobab",
"form": "x",
"pos": "u"}
}
,
{
"node": "l",
"frag": "x",
"id": "P240261.l01546",
"ref": "P240261.2.6",
"inst": "u",
"f": {"lang": "akk-x-neobab",
"form": "x",
"pos": "u"}
}
,
{
"node": "l",
"frag": "x",
"id": "P240261.l01547",
"ref": "P240261.2.7",
"inst": "u",
"f": {"lang": "akk-x-neobab",
"form": "x",
"pos": "u"}
}
,
{
"node": "l",
"frag": "x",
"id": "P240261.l01548",
"ref": "P240261.2.8",
"inst": "u",
"f": {"lang": "akk-x-neobab",
"form": "x",
"pos": "u"}
}
,
{
"node": "l",
"frag": "x",
"id": "P240261.l01549",
"ref": "P240261.2.9",
"inst": "u",
"f": {"lang": "akk-x-neobab",
"form": "x",
"pos": "u"}
}
,
{
"node": "l",
"frag": "x]",
"id": "P240261.l0154a",
"ref": "P240261.2.10",
"inst": "u",
"f": {"lang": "akk-x-neobab",
"form": "x",
"pos": "u"}
}
,
{
"node": "d",
"type": "line-start",
"ref": "P240261.3",
"n": "2",
"label": "o 2"}
,
{
"node": "l",
"frag": "a-na",
"id": "P240261.l0154b",
"ref": "P240261.3.1",
"inst": "ana[to]PRP",
"sig": "@saao/saa17%akk-x-neobab:a-na=ana[to//to]PRP'PRP$ana",
"f": {"lang": "akk-x-neobab",
"form": "a-na",
"cf": "ana",
"gw": "to",
"sense": "to",
"norm": "ana",
"pos": "PRP",
"epos": "PRP"}
}
,
{
"node": "l",
"frag": "di-⸢na-an⸣",
"id": "P240261.l0154c",
"ref": "P240261.3.2",
"inst": "dinān[substitute]N",
"sig": "@saao/saa17%akk-x-neobab:di-na-an=dinānu[substitution//substitute]N'N$dinān",
"f": {"lang": "akk-x-neobab",
"form": "di-na-an",
"cf": "dinānu",
"gw": "substitution",
"sense": "substitute",
"norm": "dinān",
"pos": "N",
"epos": "N"}
}
,
{
"node": "l",
"frag": "LUGAL",
"id": "P240261.l0154d",
"ref": "P240261.3.3",
"inst": "šarru[king]N$šar",
"sig": "@saao/saa17%akk-x-neobab:LUGAL=šarru[king//king]N'N$šar",
"f": {"lang": "akk-x-neobab",
"form": "LUGAL",
"cf": "šarru",
"gw": "king",
"sense": "king",
"norm": "šar",
"pos": "N",
"epos": "N"}
}
,
{
"node": "l",
"frag": "KUR.KUR",
"id": "P240261.l0154e",
"ref": "P240261.3.4",
"inst": "mātāti[land]N",
"sig": "@saao/saa17%akk-x-neobab:KUR.KUR=mātu[land//land]N'N$mātāti",
"f": {"lang": "akk-x-neobab",
"form": "KUR.KUR",
"cf": "mātu",
"gw": "land",
"sense": "land",
"norm": "mātāti",
"pos": "N",
"epos": "N"}
}
,
{
"node": "l",
"frag": "[be-li₂-ia",
"id": "P240261.l0154f",
"ref": "P240261.3.5",
"inst": "bēlīya[lord]N",
"sig": "@saao/saa17%akk-x-neobab:be-li₂-ia=bēlu[lord//lord]N'N$bēlīya",
"f": {"lang": "akk-x-neobab",
"form": "be-li₂-ia",
"cf": "bēlu",
"gw": "lord",
"sense": "lord",
"norm": "bēlīya",
"pos": "N",
"epos": "N"}
}
,
{
"node": "l",
"frag": "lul-lik]",
"id": "P240261.l01550",
"ref": "P240261.3.6",
"inst": "lullik[go]V",
"sig": "@saao/saa17%akk-x-neobab:lul-lik=alāku[go//go]V'V$lullik",
"f": {"lang": "akk-x-neobab",
"form": "lul-lik",
"cf": "alāku",
"gw": "go",
"sense": "go",
"norm": "lullik",
"pos": "V",
"epos": "V"}
}
,
{
"node": "d",
"type": "line-start",
"ref": "P240261.4",
"n": "3",
"label": "o 3"}
,
{
"node": "l",
"frag": "d.AG",
"id": "P240261.l01551",
"ref": "P240261.4.1",
"inst": "Nabu[1]DN$",
"sig": "@saao/saa17%akk-x-neobab:d.AG=Nabu[1//1]DN'DN$Nabu",
"f": {"lang": "akk-x-neobab",
"form": "d.AG",
"cf": "Nabu",
"gw": "1",
"sense": "1",
"norm": "Nabu",
"pos": "DN",
"epos": "DN"}
}
,
{
"node": "l",
"frag": "u",
"id": "P240261.l01552",
"ref": "P240261.4.2",
"inst": "u[and]CNJ",
"sig": "@saao/saa17%akk-x-neobab:u=u[and//and]CNJ'CNJ$u",
"f": {"lang": "akk-x-neobab",
"form": "u",
"cf": "u",
"gw": "and",
"sense": "and",
"norm": "u",
"pos": "CNJ",
"epos": "CNJ"}
}
,
{
"node": "l",
"frag": "{d}[AMAR].UTU",
"id": "P240261.l01553",
"ref": "P240261.4.3",
"inst": "Marduk[1]DN",
"sig": "@saao/saa17%akk-x-neobab:{d}AMAR.UTU=Marduk[1//1]DN'DN$Marduk",
"f": {"lang": "akk-x-neobab",
"form": "{d}AMAR.UTU",
"cf": "Marduk",
"gw": "1",
"sense": "1",
"norm": "Marduk",
"pos": "DN",
"epos": "DN"}
}
,
{
"node": "l",
"frag": "a-na",
"id": "P240261.l01554",
"ref": "P240261.4.4",
"inst": "ana[to]PRP",
"sig": "@saao/saa17%akk-x-neobab:a-na=ana[to//to]PRP'PRP$ana",
"f": {"lang": "akk-x-neobab",
"form": "a-na",
"cf": "ana",
"gw": "to",
"sense": "to",
"norm": "ana",
"pos": "PRP",
"epos": "PRP"}
}
,
{
"node": "l",
"frag": "LUGAL",
"id": "P240261.l01555",
"ref": "P240261.4.5",
"inst": "šarru[king]N$šar",
"sig": "@saao/saa17%akk-x-neobab:LUGAL=šarru[king//king]N'N$šar",
"f": {"lang": "akk-x-neobab",
"form": "LUGAL",
"cf": "šarru",
"gw": "king",
"sense": "king",
"norm": "šar",
"pos": "N",
"epos": "N"}
}
,
{
"node": "l",
"frag": "KUR.KUR",
"id": "P240261.l01556",
"ref": "P240261.4.6",
"inst": "mātāti[land]N",
"sig": "@saao/saa17%akk-x-neobab:KUR.KUR=mātu[land//land]N'N$mātāti",
"f": {"lang": "akk-x-neobab",
"form": "KUR.KUR",
"cf": "mātu",
"gw": "land",
"sense": "land",
"norm": "mātāti",
"pos": "N",
"epos": "N"}
}
,
{
"node": "l",
"frag": "be-li₂-ia₂",
"id": "P240261.l01557",
"ref": "P240261.4.7",
"inst": "bēlīya[lord]N",
"sig": "@saao/saa17%akk-x-neobab:be-li₂-ia₂=bēlu[lord//lord]N'N$bēlīya",
"f": {"lang": "akk-x-neobab",
"form": "be-li₂-ia₂",
"cf": "bēlu",
"gw": "lord",
"sense": "lord",
"norm": "bēlīya",
"pos": "N",
"epos": "N"}
}
,
{
"node": "l",
"frag": "lik-ru-bu",
"id": "P240261.l01558",
"ref": "P240261.4.8",
"inst": "karābu[pray//bless]V$likrubū",
"sig": "@saao/saa17%akk-x-neobab:lik-ru-bu=karābu[pray//bless]V'V$likrubū",
"f": {"lang": "akk-x-neobab",
"form": "lik-ru-bu",
"cf": "karābu",
"gw": "pray",
"sense": "bless",
"norm": "likrubū",
"pos": "V",
"epos": "V"}
}
,
{
"node": "d",
"type": "line-start",
"ref": "P240261.5",
"n": "4",
"label": "o 4"}
,
{
"node": "l",
"frag": "šu-lum",
"id": "P240261.l01559",
"ref": "P240261.5.1",
"inst": "šulmu[completeness//health]N$šulum",
"sig": "@saao/saa17%akk-x-neobab:šu-lum=šulmu[completeness//health]N'N$šulum",
"f": {"lang": "akk-x-neobab",
"form": "šu-lum",
"cf": "šulmu",
"gw": "completeness",
"sense": "health",
"norm": "šulum",
"pos": "N",
"epos": "N"}
}
,
{
"node": "l",
"frag": "a-na",
"id": "P240261.l0155a",
"ref": "P240261.5.2",
"inst": "ana[to]PRP",
"sig": "@saao/saa17%akk-x-neobab:a-na=ana[to//to]PRP'PRP$ana",
"f": {"lang": "akk-x-neobab",
"form": "a-na",
"cf": "ana",
"gw": "to",
"sense": "to",
"norm": "ana",
"pos": "PRP",
"epos": "PRP"}
}
,
{
"node": "l",
"frag": "E₂.SAG.IL₂",
"id": "P240261.l0155b",
"ref": "P240261.5.3",
"inst": "Esaggil[1]TN",
"sig": "@saao/saa17%akk-x-neobab:E₂.SAG.IL₂=Esaggil[1//1]TN'TN$Esaggil",
"f": {"lang": "akk-x-neobab",
"form": "E₂.SAG.IL₂",
"cf": "Esaggil",
"gw": "1",
"sense": "1",
"norm": "Esaggil",
"pos": "TN",
"epos": "TN"}
}
,
{
"node": "l",
"frag": "u₃",
"id": "P240261.l0155c",
"ref": "P240261.5.4",
"inst": "u[and]CNJ",
"sig": "@saao/saa17%akk-x-neobab:u₃=u[and//and]CNJ'CNJ$u",
"f": {"lang": "akk-x-neobab",
"form": "u₃",
"cf": "u",
"gw": "and",
"sense": "and",
"norm": "u",
"pos": "CNJ",
"epos": "CNJ"}
}
,
{
"node": "l",
"frag": "TIN.TIR{ki}",
"id": "P240261.l0155d",
"ref": "P240261.5.5",
"inst": "Babili[Babylon]GN",
"sig": "@saao/saa17%akk-x-neobab:TIN.TIR{KI}=Babili[Babylon//Babylon]GN'GN$Babili",
"f": {"lang": "akk-x-neobab",
"form": "TIN.TIR{KI}",
"cf": "Babili",
"gw": "Babylon",
"sense": "Babylon",
"norm": "Babili",
"pos": "GN",
"epos": "GN"}
}
,
{
"node": "d",
"type": "line-start",
"ref": "P240261.6",
"n": "5",
"label": "o 5"}
,
{
"node": "l",
"frag": "E₂-DINGIR-MEŠ",
"id": "P240261.l0155e",
"ref": "P240261.6.1",
"cof-tails": "P240261.l0155f",
"inst": "bītu[house]N$bīt&ilu[god]N$ilāni",
"sig": "@saao%akk-x-neobab:E₂-DINGIR-MEŠ=bītu[house//house]N'N$bīt&&@saao%akk-x-neobab:=ilu[god//god]N'N$ilāni",
"f": {"lang": "akk-x-neobab",
"form": "E₂-DINGIR-MEŠ",
"cf": "bītu",
"gw": "house",
"sense": "house",
"norm": "bīt",
"pos": "N",
"epos": "N"}
}
,
{
"node": "l",
"frag": "E₂-DINGIR-MEŠ",
"id": "P240261.l0155f",
"ref": "P240261.6.1",
"cof-head": "P240261.l0155e",
"inst": "bītu[house]N$bīt&ilu[god]N$ilāni",
"f": {"lang": "akk-x-neobab",
"form": "E₂-DINGIR-MEŠ",
"cf": "ilu",
"gw": "god",
"sense": "god",
"norm": "ilāni",
"pos": "N",
"epos": "N"}
}
,
{
"node": "l",
"frag": "ša₂",
"id": "P240261.l01560",
"ref": "P240261.6.2",
"inst": "ša[of]DET",
"sig": "@saao/saa17%akk-x-neobab:ša₂=ša[of//of]DET'DET$ša",
"f": {"lang": "akk-x-neobab",
"form": "ša₂",
"cf": "ša",
"gw": "of",
"sense": "of",
"norm": "ša",
"pos": "DET",
"epos": "DET"}
}
,
{
"node": "l",
"frag": "LUGAL",
"id": "P240261.l01561",
"ref": "P240261.6.3",
"inst": "šarru[king]N$šar",
"sig": "@saao/saa17%akk-x-neobab:LUGAL=šarru[king//king]N'N$šar",
"f": {"lang": "akk-x-neobab",
"form": "LUGAL",
"cf": "šarru",
"gw": "king",
"sense": "king",
"norm": "šar",
"pos": "N",
"epos": "N"}
}
,
{
"node": "l",
"frag": "KUR.KUR",
"id": "P240261.l01562",
"ref": "P240261.6.4",
"inst": "mātāti[land]N",
"sig": "@saao/saa17%akk-x-neobab:KUR.KUR=mātu[land//land]N'N$mātāti",
"f": {"lang": "akk-x-neobab",
"form": "KUR.KUR",
"cf": "mātu",
"gw": "land",
"sense": "land",
"norm": "mātāti",
"pos": "N",
"epos": "N"}
}
,
{
"node": "l",
"frag": "be-li₂-ia₂",
"id": "P240261.l01563",
"ref": "P240261.6.5",
"inst": "bēlīya[lord]N",
"sig": "@saao/saa17%akk-x-neobab:be-li₂-ia₂=bēlu[lord//lord]N'N$bēlīya",
"f": {"lang": "akk-x-neobab",
"form": "be-li₂-ia₂",
"cf": "bēlu",
"gw": "lord",
"sense": "lord",
"norm": "bēlīya",
"pos": "N",
"epos": "N"}
}
,
{
"node": "l",
"frag": "ṭe₃-e-mu",
"id": "P240261.l01564",
"ref": "P240261.6.6",
"inst": "!ṭēmu[report]N",
"sig": "@saao/saa17%akk-x-neobab:ṭe₃-e-mu=ṭēmu[(fore)thought//report]N'N$ṭēmu",
"f": {"lang": "akk-x-neobab",
"form": "ṭe₃-e-mu",
"cf": "ṭēmu",
"gw": "(fore)thought",
"sense": "report",
"norm": "ṭēmu",
"pos": "N",
"epos": "N"}
}
,
{
"node": "d",
"type": "line-start",
"ref": "P240261.7",
"n": "6",
"label": "o 6"}
,
{
"node": "l",
"frag": "ša₂",
"id": "P240261.l01565",
"ref": "P240261.7.1",
"inst": "ša[of]DET",
"sig": "@saao/saa17%akk-x-neobab:ša₂=ša[of//of]DET'DET$ša",
"f": {"lang": "akk-x-neobab",
"form": "ša₂",
"cf": "ša",
"gw": "of",
"sense": "of",
"norm": "ša",
"pos": "DET",
"epos": "DET"}
}
,
{
"node": "l",
"frag": "TIN.TIR{ki}",
"id": "P240261.l01566",
"ref": "P240261.7.2",
"inst": "Babili[Babylon]GN",
"sig": "@saao/saa17%akk-x-neobab:TIN.TIR{KI}=Babili[Babylon//Babylon]GN'GN$Babili",
"f": {"lang": "akk-x-neobab",
"form": "TIN.TIR{KI}",
"cf": "Babili",
"gw": "Babylon",
"sense": "Babylon",
"norm": "Babili",
"pos": "GN",
"epos": "GN"}
}
,
{
"node": "l",
"frag": "ma-aʾ-diš",
"id": "P240261.l01567",
"ref": "P240261.7.3",
"inst": "maʾdiš[very]AV",
"sig": "@saao/saa17%akk-x-neobab:ma-aʾ-diš=mādiš[greatly//very]AV'AV$maʾdiš",
"f": {"lang": "akk-x-neobab",
"form": "ma-aʾ-diš",
"cf": "mādiš",
"gw": "greatly",
"sense": "very",
"norm": "maʾdiš",
"pos": "AV",
"epos": "AV"}
}
,
{
"node": "l",
"frag": "ba-ni",
"id": "P240261.l01568",
"ref": "P240261.7.4",
"inst": "bani[good]AJ",
"sig": "@saao/saa17%akk-x-neobab:ba-ni=banû[good//good]AJ'AJ$bani",
"f": {"lang": "akk-x-neobab",
"form": "ba-ni",
"cf": "banû",
"gw": "good",
"sense": "good",
"norm": "bani",
"pos": "AJ",
"epos": "AJ"}
}
,
{
"node": "l",
"frag": "UD-mu-us-su",
"id": "P240261.l01569",
"ref": "P240261.7.5",
"inst": "ūmussu[daily]AV",
"sig": "@saao/saa17%akk-x-neobab:UD-mu-us-su=ūmussu[daily//daily]AV'AV$ūmussu",
"f": {"lang": "akk-x-neobab",
"form": "UD-mu-us-su",
"cf": "ūmussu",
"gw": "daily",
"sense": "daily",
"norm": "ūmussu",
"pos": "AV",
"epos": "AV"}
}
,
{
"node": "d",
"type": "line-start",
"ref": "P240261.8",
"n": "7",
"label": "o 7"}
,
{
"node": "l",
"frag": "a-na",
"id": "P240261.l0156a",
"ref": "P240261.8.1",
"inst": "ana[to]PRP",
"sig": "@saao/saa17%akk-x-neobab:a-na=ana[to//to]PRP'PRP$ana",
"f": {"lang": "akk-x-neobab",
"form": "a-na",
"cf": "ana",
"gw": "to",
"sense": "to",
"norm": "ana",
"pos": "PRP",
"epos": "PRP"}
}
,
{
"node": "l",
"frag": "ṭu-ub",
"id": "P240261.l0156b",
"ref": "P240261.8.2",
"inst": "ṭūb[goodness]N",
"sig": "@saao/saa17%akk-x-neobab:ṭu-ub=ṭūbu[goodness//goodness]N'N$ṭūb",
"f": {"lang": "akk-x-neobab",
"form": "ṭu-ub",
"cf": "ṭūbu",
"gw": "goodness",
"sense": "goodness",
"norm": "ṭūb",
"pos": "N",
"epos": "N"}
}
,
{
"node": "l",
"frag": "UZU",
"id": "P240261.l0156c",
"ref": "P240261.8.3",
"inst": "šīru[flesh]N$šīri",
"sig": "@saao/saa17%akk-x-neobab:UZU=šīru[flesh//flesh]N'N$šīri",
"f": {"lang": "akk-x-neobab",
"form": "UZU",
"cf": "šīru",
"gw": "flesh",
"sense": "flesh",
"norm": "šīri",
"pos": "N",
"epos": "N"}
}
,
{
"node": "l",
"frag": "hu-ud",
"id": "P240261.l0156d",
"ref": "P240261.8.4",
"inst": "hūdu[happiness]N$hūd",
"sig": "@saao/saa17%akk-x-neobab:hu-ud=hūdu[happiness//happiness]N'N$hūd",
"f": {"lang": "akk-x-neobab",
"form": "hu-ud",
"cf": "hūdu",
"gw": "happiness",
"sense": "happiness",
"norm": "hūd",
"pos": "N",
"epos": "N"}
}
,
{
"node": "l",
"frag": "ŠA₃-bi",
"id": "P240261.l0156e",
"ref": "P240261.8.5",
"inst": "libbu[interior//heart]N$libbi",
"sig": "@saao/saa17%akk-x-neobab:ŠA₃-bi=libbu[interior//heart]N'N$libbi",
"f": {"lang": "akk-x-neobab",
"form": "ŠA₃-bi",
"cf": "libbu",
"gw": "interior",
"sense": "heart",
"norm": "libbi",
"pos": "N",
"epos": "N"}
}
,
{
"node": "l",
"frag": "ba-⸢laṭ",
"id": "P240261.l0156f",
"ref": "P240261.8.6",
"inst": "balāṭ[life]'N",
"sig": "@saao/saa17%akk-x-neobab:ba-laṭ=balāṭu[live//life]V'N$balāṭ",
"f": {"lang": "akk-x-neobab",
"form": "ba-laṭ",
"cf": "balāṭu",
"gw": "live",
"sense": "life",
"norm": "balāṭ",
"pos": "V",
"epos": "N"}
}
,
{
"node": "l",
"frag": "ZI-MEŠ⸣",
"id": "P240261.l01570",
"ref": "P240261.8.7",
"inst": "napištu[throat//life]N$napšāti",
"sig": "@saao/saa17%akk-x-neobab:ZI-MEŠ=napištu[throat//life]N'N$napšāti",
"f": {"lang": "akk-x-neobab",
"form": "ZI-MEŠ",
"cf": "napištu",
"gw": "throat",
"sense": "life",
"norm": "napšāti",
"pos": "N",
"epos": "N"}
}
,
{
"node": "d",
"type": "line-start",
"ref": "P240261.9",
"n": "8",
"label": "o 8"}
,
{
"node": "l",
"frag": "u₃",
"id": "P240261.l01571",
"ref": "P240261.9.1",
"inst": "u[and]CNJ",
"sig": "@saao/saa17%akk-x-neobab:u₃=u[and//and]CNJ'CNJ$u",
"f": {"lang": "akk-x-neobab",
"form": "u₃",
"cf": "u",
"gw": "and",
"sense": "and",
"norm": "u",
"pos": "CNJ",
"epos": "CNJ"}
}
,
{
"node": "l",
"frag": "ka-šad",
"id": "P240261.l01572",
"ref": "P240261.9.2",
"inst": "kašādu[reach//attainment]V'N$kašād",
"sig": "@saao/saa17%akk-x-neobab:ka-šad=kašādu[reach//attainment]V'N$kašād",
"f": {"lang": "akk-x-neobab",
"form": "ka-šad",
"cf": "kašādu",
"gw": "reach",
"sense": "attainment",
"norm": "kašād",
"pos": "V",
"epos": "N"}
}
,
{
"node": "l",
"frag": "ir₃-ni-it-[ti-šu₂",
"id": "P240261.l01573",
"ref": "P240261.9.3",
"inst": "ernittu[triumph]N$irnittīšu",
"sig": "@saao/saa17%akk-x-neobab:ir₃-ni-it-ti-šu₂=ernittu[triumph//triumph]N'N$irnittīšu",
"f": {"lang": "akk-x-neobab",
"form": "ir₃-ni-it-ti-šu₂",
"cf": "ernittu",
"gw": "triumph",
"sense": "triumph",
"norm": "irnittīšu",
"pos": "N",
"epos": "N"}
}
,
{
"node": "l",
"frag": "u₂-ṣal-li]",
"id": "P240261.l01574",
"ref": "P240261.9.4",
"inst": "uṣalli[pray to]V",
"sig": "@saao/saa17%akk-x-neobab:u₂-ṣal-li=ṣullû[beseech//pray to]V'V$uṣalli",
"f": {"lang": "akk-x-neobab",
"form": "u₂-ṣal-li",
"cf": "ṣullû",
"gw": "beseech",
"sense": "pray to",
"norm": "uṣalli",
"pos": "V",
"epos": "V"}
}
,
{
"node": "d",
"type": "nonx",
"ref": "P240261.10",
"strict": "0",
"extent": "rest",
"state": "missing"}
,
{
"node": "d",
"subtype": "reverse",
"type": "surface",
"ref": "P240261.r.11",
"type": "reverse",
"label": "r"}
,
{
"node": "d",
"type": "nonx",
"ref": "P240261.12",
"strict": "0",
"extent": "beginning",
"state": "missing"}
,
{
"node": "d",
"type": "line-start",
"ref": "P240261.13",
"n": "1",
"label": "r 1"}
,
{
"node": "l",
"frag": "UD",
"id": "P240261.l01575",
"ref": "P240261.13.1",
"inst": "ūm[day]N",
"sig": "@saao/saa17%akk-x-neobab:UD=ūmu[day//day]N'N$ūm",
"f": {"lang": "akk-x-neobab",
"form": "UD",
"cf": "ūmu",
"gw": "day",
"sense": "day",
"norm": "ūm",
"pos": "N",
"epos": "N"}
}
,
{
"node": "l",
"frag": "01-⸢KAM₂⸣",
"id": "P240261.l01576",
"ref": "P240261.13.2",
"inst": "n",
"f": {"lang": "akk-x-neobab",
"form": "01-KAM₂",
"pos": "n"}
}
,
{
"node": "l",
"frag": "[x",
"id": "P240261.l01577",
"ref": "P240261.13.3",
"inst": "u",
"f": {"lang": "akk-x-neobab",
"form": "x",
"pos": "u"}
}
,
{
"node": "l",
"frag": "x",
"id": "P240261.l01578",
"ref": "P240261.13.4",
"inst": "u",
"f": {"lang": "akk-x-neobab",
"form": "x",
"pos": "u"}
}
,
{
"node": "l",
"frag": "x",
"id": "P240261.l01579",
"ref": "P240261.13.5",
"inst": "u",
"f": {"lang": "akk-x-neobab",
"form": "x",
"pos": "u"}
}
,
{
"node": "l",
"frag": "x",
"id": "P240261.l0157a",
"ref": "P240261.13.6",
"inst": "u",
"f": {"lang": "akk-x-neobab",
"form": "x",
"pos": "u"}
}
,
{
"node": "l",
"frag": "x",
"id": "P240261.l0157b",
"ref": "P240261.13.7",
"inst": "u",
"f": {"lang": "akk-x-neobab",
"form": "x",
"pos": "u"}
}
,
{
"node": "l",
"frag": "x",
"id": "P240261.l0157c",
"ref": "P240261.13.8",
"inst": "u",
"f": {"lang": "akk-x-neobab",
"form": "x",
"pos": "u"}
}
,
{
"node": "l",
"frag": "x",
"id": "P240261.l0157d",
"ref": "P240261.13.9",
"inst": "u",
"f": {"lang": "akk-x-neobab",
"form": "x",
"pos": "u"}
}
,
{
"node": "l",
"frag": "x",
"id": "P240261.l0157e",
"ref": "P240261.13.10",
"inst": "u",
"f": {"lang": "akk-x-neobab",
"form": "x",
"pos": "u"}
}
,
{
"node": "l",
"frag": "x",
"id": "P240261.l0157f",
"ref": "P240261.13.11",
"inst": "u",
"f": {"lang": "akk-x-neobab",
"form": "x",
"pos": "u"}
}
,
{
"node": "l",
"frag": "x",
"id": "P240261.l01580",
"ref": "P240261.13.12",
"inst": "u",
"f": {"lang": "akk-x-neobab",
"form": "x",
"pos": "u"}
}
,
{
"node": "l",
"frag": "x",
"id": "P240261.l01581",
"ref": "P240261.13.13",
"inst": "u",
"f": {"lang": "akk-x-neobab",
"form": "x",
"pos": "u"}
}
,
{
"node": "l",
"frag": "x",
"id": "P240261.l01582",
"ref": "P240261.13.14",
"inst": "u",
"f": {"lang": "akk-x-neobab",
"form": "x",
"pos": "u"}
}
,
{
"node": "l",
"frag": "x",
"id": "P240261.l01583",
"ref": "P240261.13.15",
"inst": "u",
"f": {"lang": "akk-x-neobab",
"form": "x",
"pos": "u"}
}
,
{
"node": "l",
"frag": "x",
"id": "P240261.l01584",
"ref": "P240261.13.16",
"inst": "u",
"f": {"lang": "akk-x-neobab",
"form": "x",
"pos": "u"}
}
,
{
"node": "l",
"frag": "x]",
"id": "P240261.l01585",
"ref": "P240261.13.17",
"inst": "u",
"f": {"lang": "akk-x-neobab",
"form": "x",
"pos": "u"}
}
,
{
"node": "d",
"type": "line-start",
"ref": "P240261.14",
"n": "2",
"label": "r 2"}
,
{
"node": "l",
"frag": "{d}U.GUR",
"id": "P240261.l01586",
"ref": "P240261.14.1",
"inst": "Nergal[1]DN$",
"sig": "@saao/saa17%akk-x-neobab:{d}U.GUR=Nergal[1//1]DN'DN$Nergal",
"f": {"lang": "akk-x-neobab",
"form": "{d}U.GUR",
"cf": "Nergal",
"gw": "1",
"sense": "1",
"norm": "Nergal",
"pos": "DN",
"epos": "DN"}
}
,
{
"node": "l",
"frag": "EN",
"id": "P240261.l01587",
"ref": "P240261.14.2",
"inst": "bēlu[lord]N$",
"sig": "@saao/saa17%akk-x-neobab:EN=bēlu[lord//lord]N'N$bēlu",
"f": {"lang": "akk-x-neobab",
"form": "EN",
"cf": "bēlu",
"gw": "lord",
"sense": "lord",
"norm": "bēlu",
"pos": "N",
"epos": "N"}
}
,
{
"node": "l",
"frag": "gaš-ri",
"id": "P240261.l01588",
"ref": "P240261.14.3",
"inst": "gašru[very strong//mighty]AJ$gašri",
"sig": "@saao/saa17%akk-x-neobab:gaš-ri=gašru[very strong//mighty]AJ'AJ$gašri",
"f": {"lang": "akk-x-neobab",
"form": "gaš-ri",
"cf": "gašru",
"gw": "very strong",
"sense": "mighty",
"norm": "gašri",
"pos": "AJ",
"epos": "AJ"}
}
,
{
"node": "l",
"frag": "⸢EN⸣",
"id": "P240261.l01589",
"ref": "P240261.14.4",
"inst": "bēlu[lord]N$bēl",
"sig": "@saao/saa17%akk-x-neobab:EN=bēlu[lord//lord]N'N$bēl",
"f": {"lang": "akk-x-neobab",
"form": "EN",
"cf": "bēlu",
"gw": "lord",
"sense": "lord",
"norm": "bēl",
"pos": "N",
"epos": "N"}
}
,
{
"node": "l",
"frag": "[x",
"id": "P240261.l0158a",
"ref": "P240261.14.5",
"inst": "u",
"f": {"lang": "akk-x-neobab",
"form": "x",
"pos": "u"}
}
,
{
"node": "l",
"frag": "x",
"id": "P240261.l0158b",
"ref": "P240261.14.6",
"inst": "u",
"f": {"lang": "akk-x-neobab",
"form": "x",
"pos": "u"}
}
,
{
"node": "l",
"frag": "x",
"id": "P240261.l0158c",
"ref": "P240261.14.7",
"inst": "u",
"f": {"lang": "akk-x-neobab",
"form": "x",
"pos": "u"}
}
,
{
"node": "l",
"frag": "x",
"id": "P240261.l0158d",
"ref": "P240261.14.8",
"inst": "u",
"f": {"lang": "akk-x-neobab",
"form": "x",
"pos": "u"}
}
,
{
"node": "l",
"frag": "x",
"id": "P240261.l0158e",
"ref": "P240261.14.9",
"inst": "u",
"f": {"lang": "akk-x-neobab",
"form": "x",
"pos": "u"}
}
,
{
"node": "l",
"frag": "x",
"id": "P240261.l0158f",
"ref": "P240261.14.10",
"inst": "u",
"f": {"lang": "akk-x-neobab",
"form": "x",
"pos": "u"}
}
,
{
"node": "l",
"frag": "x",
"id": "P240261.l01590",
"ref": "P240261.14.11",
"inst": "u",
"f": {"lang": "akk-x-neobab",
"form": "x",
"pos": "u"}
}
,
{
"node": "l",
"frag": "x",
"id": "P240261.l01591",
"ref": "P240261.14.12",
"inst": "u",
"f": {"lang": "akk-x-neobab",
"form": "x",
"pos": "u"}
}
,
{
"node": "l",
"frag": "x",
"id": "P240261.l01592",
"ref": "P240261.14.13",
"inst": "u",
"f": {"lang": "akk-x-neobab",
"form": "x",
"pos": "u"}
}
,
{
"node": "l",
"frag": "x]",
"id": "P240261.l01593",
"ref": "P240261.14.14",
"inst": "u",
"f": {"lang": "akk-x-neobab",
"form": "x",
"pos": "u"}
}
,
{
"node": "d",
"type": "line-start",
"ref": "P240261.15",
"n": "3",
"label": "r 3"}
,
{
"node": "l",
"frag": "le-u₂",
"id": "P240261.l01594",
"ref": "P240261.15.1",
"inst": "lēʾû[powerful//able one]AJ'N$",
"sig": "@saao/saa17%akk-x-neobab:le-u₂=lēʾû[powerful//able one]AJ'N$lēʾû",
"f": {"lang": "akk-x-neobab",
"form": "le-u₂",
"cf": "lēʾû",
"gw": "powerful",
"sense": "able one",
"norm": "lēʾû",
"pos": "AJ",
"epos": "N"}
}
,
{
"node": "l",
"frag": "git-ma-li",
"id": "P240261.l01595",
"ref": "P240261.15.2",
"inst": "+gitmālu[perfect(?)//perfect one]AJ'N$gitmāli",
"sig": "@saao/saa17%akk-x-neobab:git-ma-li=gitmālu[perfect(?)//perfect one]AJ'N$gitmāli",
"f": {"lang": "akk-x-neobab",
"form": "git-ma-li",
"cf": "gitmālu",
"gw": "perfect(?)",
"sense": "perfect one",
"norm": "gitmāli",
"pos": "AJ",
"epos": "N"}
}
,
{
"node": "l",
"frag": "ša₂",
"id": "P240261.l01596",
"ref": "P240261.15.3",
"inst": "ša[who]REL",
"sig": "@saao/saa17%akk-x-neobab:ša₂=ša[that//who]REL'REL$ša",
"f": {"lang": "akk-x-neobab",
"form": "ša₂",
"cf": "ša",
"gw": "that",
"sense": "who",
"norm": "ša",
"pos": "REL",
"epos": "REL"}
}
,
{
"node": "l",
"frag": "[x",
"id": "P240261.l01597",
"ref": "P240261.15.4",
"inst": "u",
"f": {"lang": "akk-x-neobab",
"form": "x",
"pos": "u"}
}
,
{
"node": "l",
"frag": "x",
"id": "P240261.l01598",
"ref": "P240261.15.5",
"inst": "u",
"f": {"lang": "akk-x-neobab",
"form": "x",
"pos": "u"}
}
,
{
"node": "l",
"frag": "x",
"id": "P240261.l01599",
"ref": "P240261.15.6",
"inst": "u",
"f": {"lang": "akk-x-neobab",
"form": "x",
"pos": "u"}
}
,
{
"node": "l",
"frag": "x",
"id": "P240261.l0159a",
"ref": "P240261.15.7",
"inst": "u",
"f": {"lang": "akk-x-neobab",
"form": "x",
"pos": "u"}
}
,
{
"node": "l",
"frag": "x",
"id": "P240261.l0159b",
"ref": "P240261.15.8",
"inst": "u",
"f": {"lang": "akk-x-neobab",
"form": "x",
"pos": "u"}
}
,
{
"node": "l",
"frag": "x",
"id": "P240261.l0159c",
"ref": "P240261.15.9",
"inst": "u",
"f": {"lang": "akk-x-neobab",
"form": "x",
"pos": "u"}
}
,
{
"node": "l",
"frag": "x",
"id": "P240261.l0159d",
"ref": "P240261.15.10",
"inst": "u",
"f": {"lang": "akk-x-neobab",
"form": "x",
"pos": "u"}
}
,
{
"node": "l",
"frag": "x",
"id": "P240261.l0159e",
"ref": "P240261.15.11",
"inst": "u",
"f": {"lang": "akk-x-neobab",
"form": "x",
"pos": "u"}
}
,
{
"node": "l",
"frag": "x]",
"id": "P240261.l0159f",
"ref": "P240261.15.12",
"inst": "u",
"f": {"lang": "akk-x-neobab",
"form": "x",
"pos": "u"}
}
,
{
"node": "d",
"type": "line-start",
"ref": "P240261.16",
"n": "4",
"label": "r 4"}
,
{
"node": "l",
"frag": "a-na-ku",
"id": "P240261.l015a0",
"ref": "P240261.16.1",
"inst": "anāku[I]IP",
"sig": "@saao/saa17%akk-x-neobab:a-na-ku=anāku[I//I]IP'IP$anāku",
"f": {"lang": "akk-x-neobab",
"form": "a-na-ku",
"cf": "anāku",
"gw": "I",
"sense": "I",
"norm": "anāku",
"pos": "IP",
"epos": "IP"}
}
,
{
"node": "l",
"frag": "UD-mu-us-su",
"id": "P240261.l015a1",
"ref": "P240261.16.2",
"inst": "ūmussu[daily]AV",
"sig": "@saao/saa17%akk-x-neobab:UD-mu-us-su=ūmussu[daily//daily]AV'AV$ūmussu",
"f": {"lang": "akk-x-neobab",
"form": "UD-mu-us-su",
"cf": "ūmussu",
"gw": "daily",
"sense": "daily",
"norm": "ūmussu",
"pos": "AV",
"epos": "AV"}
}
,
{
"node": "l",
"frag": "ik-⸢ri⸣-[bu-šu₂",
"id": "P240261.l015a2",
"ref": "P240261.16.3",
"inst": "ikribu[prayer]N$ikribūšu",
"sig": "@saao/saa17%akk-x-neobab:ik-ri-bu-šu₂=ikribu[prayer//prayer]N'N$ikribūšu",
"f": {"lang": "akk-x-neobab",
"form": "ik-ri-bu-šu₂",
"cf": "ikribu",
"gw": "prayer",
"sense": "prayer",
"norm": "ikribūšu",
"pos": "N",
"epos": "N"}
}
,
{
"node": "l",
"frag": "a-qab-bi]",
"id": "P240261.l015a3",
"ref": "P240261.16.4",
"inst": "qabû[say]V$aqabbi",
"sig": "@saao/saa17%akk-x-neobab:a-qab-bi=qabû[say//say]V'V$aqabbi",
"f": {"lang": "akk-x-neobab",
"form": "a-qab-bi",
"cf": "qabû",
"gw": "say",
"sense": "say",
"norm": "aqabbi",
"pos": "V",
"epos": "V"}
}
,
{
"node": "d",
"type": "line-start",
"ref": "P240261.17",
"n": "5",
"label": "r 5"}
,
{
"node": "l",
"frag": "LUGAL",
"id": "P240261.l015a4",
"ref": "P240261.17.1",
"inst": "šarru[king]N$šar",
"sig": "@saao/saa17%akk-x-neobab:LUGAL=šarru[king//king]N'N$šar",
"f": {"lang": "akk-x-neobab",
"form": "LUGAL",
"cf": "šarru",
"gw": "king",
"sense": "king",
"norm": "šar",
"pos": "N",
"epos": "N"}
}
,
{
"node": "l",
"frag": "KUR.KUR",
"id": "P240261.l015a5",
"ref": "P240261.17.2",
"inst": "mātāti[land]N",
"sig": "@saao/saa17%akk-x-neobab:KUR.KUR=mātu[land//land]N'N$mātāti",
"f": {"lang": "akk-x-neobab",
"form": "KUR.KUR",
"cf": "mātu",
"gw": "land",
"sense": "land",
"norm": "mātāti",
"pos": "N",
"epos": "N"}
}
,
{
"node": "l",
"frag": "be-la-a",
"id": "P240261.l015a6",
"ref": "P240261.17.3",
"inst": "+bēlu[lord]N$bēlā",
"sig": "@saao/saa17%akk-x-neobab:be-la-a=bēlu[lord//lord]N'N$bēlā",
"f": {"lang": "akk-x-neobab",
"form": "be-la-a",
"cf": "bēlu",
"gw": "lord",
"sense": "lord",
"norm": "bēlā",
"pos": "N",
"epos": "N"}
}
,
{
"node": "l",
"frag": "a-kar-rab",
"id": "P240261.l015a7",
"ref": "P240261.17.4",
"inst": "akarrab[bless]V",
"sig": "@saao/saa17%akk-x-neobab:a-kar-rab=karābu[pray//bless]V'V$akarrab",
"f": {"lang": "akk-x-neobab",
"form": "a-kar-rab",
"cf": "karābu",
"gw": "pray",
"sense": "bless",
"norm": "akarrab",
"pos": "V",
"epos": "V"}
}
,
{
"node": "l",
"frag": "⸢x",
"id": "P240261.l015a8",
"ref": "P240261.17.5",
"inst": "u",
"f": {"lang": "akk-x-neobab",
"form": "x",
"pos": "u"}
}
,
{
"node": "l",
"frag": "x⸣",
"id": "P240261.l015a9",
"ref": "P240261.17.6",
"inst": "u",
"f": {"lang": "akk-x-neobab",
"form": "x",
"pos": "u"}
}
,
{
"node": "l",
"frag": "[x",
"id": "P240261.l015aa",
"ref": "P240261.17.7",
"inst": "u",
"f": {"lang": "akk-x-neobab",
"form": "x",
"pos": "u"}
}
,
{
"node": "l",
"frag": "GIR₃.2",
"id": "P240261.l015ab",
"ref": "P240261.17.8",
"inst": "šēpē[foot]N",
"sig": "@saao/saa17%akk-x-neobab:GIR₃.2=šēpu[foot//foot]N'N$šēpē",
"f": {"lang": "akk-x-neobab",
"form": "GIR₃.2",
"cf": "šēpu",
"gw": "foot",
"sense": "foot",
"norm": "šēpē",
"pos": "N",
"epos": "N"}
}
,
{
"node": "d",
"type": "line-start",
"ref": "P240261.18",
"n": "6",
"label": "r 6"}
,
{
"node": "l",
"frag": "ša₂",
"id": "P240261.l015ac",
"ref": "P240261.18.1",
"inst": "ša[of]DET",
"sig": "@saao/saa17%akk-x-neobab:ša₂=ša[of//of]DET'DET$ša",
"f": {"lang": "akk-x-neobab",
"form": "ša₂",
"cf": "ša",
"gw": "of",
"sense": "of",
"norm": "ša",
"pos": "DET",
"epos": "DET"}
}
,
{
"node": "l",
"frag": "LUGAL",
"id": "P240261.l015ad",
"ref": "P240261.18.2",
"inst": "šarru[king]N$šar",
"sig": "@saao/saa17%akk-x-neobab:LUGAL=šarru[king//king]N'N$šar",
"f": {"lang": "akk-x-neobab",
"form": "LUGAL",
"cf": "šarru",
"gw": "king",
"sense": "king",
"norm": "šar",
"pos": "N",
"epos": "N"}
}
,
{
"node": "l",
"frag": "KUR.KUR",
"id": "P240261.l015ae",
"ref": "P240261.18.3",
"inst": "mātāti[land]N",
"sig": "@saao/saa17%akk-x-neobab:KUR.KUR=mātu[land//land]N'N$mātāti",
"f": {"lang": "akk-x-neobab",
"form": "KUR.KUR",
"cf": "mātu",
"gw": "land",
"sense": "land",
"norm": "mātāti",
"pos": "N",
"epos": "N"}
}
,
{
"node": "l",
"frag": "ina",
"id": "P240261.l015af",
"ref": "P240261.18.4",
"inst": "ina[in]PRP",
"sig": "@saao/saa17%akk-x-neobab:ina=ina[in//in]PRP'PRP$ina",
"f": {"lang": "akk-x-neobab",
"form": "ina",
"cf": "ina",
"gw": "in",
"sense": "in",
"norm": "ina",
"pos": "PRP",
"epos": "PRP"}
}
,
{
"node": "l",
"frag": "TIN.TIR{ki}",
"id": "P240261.l015b0",
"ref": "P240261.18.5",
"inst": "Babili[Babylon]GN",
"sig": "@saao/saa17%akk-x-neobab:TIN.TIR{KI}=Babili[Babylon//Babylon]GN'GN$Babili",
"f": {"lang": "akk-x-neobab",
"form": "TIN.TIR{KI}",
"cf": "Babili",
"gw": "Babylon",
"sense": "Babylon",
"norm": "Babili",
"pos": "GN",
"epos": "GN"}
}
,
{
"node": "l",
"frag": "a-na-aš₂-ši-iq",
"id": "P240261.l015b1",
"ref": "P240261.18.6",
"inst": "našāqu[kiss]V$anaššiq",
"sig": "@saao/saa17%akk-x-neobab:a-na-aš₂-ši-iq=našāqu[kiss//kiss]V'V$anaššiq",
"f": {"lang": "akk-x-neobab",
"form": "a-na-aš₂-ši-iq",
"cf": "našāqu",
"gw": "kiss",
"sense": "kiss",
"norm": "anaššiq",
"pos": "V",
"epos": "V"}
}
,
{
"node": "d",
"type": "line-start",
"ref": "P240261.19",
"n": "7",
"label": "r 7"}
,
{
"node": "l",
"frag": "u",
"id": "P240261.l015b2",
"ref": "P240261.19.1",
"inst": "u[and]CNJ",
"sig": "@saao/saa17%akk-x-neobab:u=u[and//and]CNJ'CNJ$u",
"f": {"lang": "akk-x-neobab",
"form": "u",
"cf": "u",
"gw": "and",
"sense": "and",
"norm": "u",
"pos": "CNJ",
"epos": "CNJ"}
}
,
{
"node": "l",
"frag": "ina",
"id": "P240261.l015b3",
"ref": "P240261.19.2",
"inst": "ina[in+=in the service of]PRP",
"sig": "@saao/saa17%akk-x-neobab:ina=ina[in//in]PRP'PRP$ina",
"f": {"lang": "akk-x-neobab",
"form": "ina",
"cf": "ina",
"gw": "in",
"sense": "in",
"norm": "ina",
"pos": "PRP",
"epos": "PRP"}
}
,
{
"node": "l",
"frag": "pa-an",
"id": "P240261.l015b4",
"ref": "P240261.19.3",
"inst": "pān[front]N",
"sig": "@saao/saa17%akk-x-neobab:pa-an=pānu[front//front]N'N$pān",
"f": {"lang": "akk-x-neobab",
"form": "pa-an",
"cf": "pānu",
"gw": "front",
"sense": "front",
"norm": "pān",
"pos": "N",
"epos": "N"}
}
,
{
"node": "l",
"frag": "{lu₂}EN.NAM",
"id": "P240261.l015b5",
"ref": "P240261.19.4",
"inst": "pīhātu[responsibility//governor]N$pīhati",
"sig": "@saao/saa17%akk-x-neobab:{LU₂}EN.NAM=pīhātu[responsibility//governor]N'N$pīhati",
"f": {"lang": "akk-x-neobab",
"form": "{LU₂}EN.NAM",
"cf": "pīhātu",
"gw": "responsibility",
"sense": "governor",
"norm": "pīhati",
"pos": "N",
"epos": "N"}
}
,
{
"node": "l",
"frag": "u",
"id": "P240261.l015b6",
"ref": "P240261.19.5",
"inst": "u[and]CNJ",
"sig": "@saao/saa17%akk-x-neobab:u=u[and//and]CNJ'CNJ$u",
"f": {"lang": "akk-x-neobab",
"form": "u",
"cf": "u",
"gw": "and",
"sense": "and",
"norm": "u",
"pos": "CNJ",
"epos": "CNJ"}
}
,
{
"node": "l",
"frag": "{lu₂}GAL-E₂.GAL",
"id": "P240261.l015b7",
"ref": "P240261.19.6",
"cof-tails": "P240261.l015b8",
"inst": "+rabû[big one]N$rab&+ēkallu[palace]N$ēkalli",
"exosig": "@saao/saa17%akk-x-neobab:{LU₂}GAL-E₂.GAL=rabû[big one//big one]N'N$rab&&@saao/saa17%akk-x-neobab:{LU₂}GAL-E₂.GAL=ēkallu[palace//palace]N'N$ēkalli",
"f": {"lang": "akk-x-neobab",
"form": "{LU₂}GAL-E₂.GAL",
"cf": "rabû",
"gw": "big one",
"sense": "big one",
"norm": "rab",
"pos": "N",
"epos": "N"}
}
,
{
"node": "l",
"frag": "{lu₂}GAL-E₂.GAL",
"id": "P240261.l015b8",
"ref": "P240261.19.6",
"cof-head": "P240261.l015b7",
"inst": "+rabû[big one]N$rab&+ēkallu[palace]N$ēkalli",
"f": {"lang": "akk-x-neobab",
"form": "{LU₂}GAL-E₂.GAL",
"cf": "ēkallu",
"gw": "palace",
"sense": "palace",
"norm": "ēkalli",
"pos": "N",
"epos": "N"}
}
,
{
"node": "d",
"type": "line-start",
"ref": "P240261.20",
"n": "8",
"label": "r 8"}
,
{
"node": "l",
"frag": "u₂-šu-uz-za-ak",
"id": "P240261.l015b9",
"ref": "P240261.20.1",
"inst": "ušuzzāyu[standing]AJ$ušuzzāk",
"sig": "@saao/saa17%akk-x-neobab:u₂-šu-uz-za-ak=ušuzzāyu[standing//standing]AJ'AJ$ušuzzāk",
"f": {"lang": "akk-x-neobab",
"form": "u₂-šu-uz-za-ak",
"cf": "ušuzzāyu",
"gw": "standing",
"sense": "standing",
"norm": "ušuzzāk",
"pos": "AJ",
"epos": "AJ"}
}
,
{
"node": "l",
"frag": "u",
"id": "P240261.l015ba",
"ref": "P240261.20.2",
"inst": "u[and]CNJ",
"sig": "@saao/saa17%akk-x-neobab:u=u[and//and]CNJ'CNJ$u",
"f": {"lang": "akk-x-neobab",
"form": "u",
"cf": "u",
"gw": "and",
"sense": "and",
"norm": "u",
"pos": "CNJ",
"epos": "CNJ"}
}
,
{
"node": "l",
"frag": "mu-ša₂",
"id": "P240261.l015bb",
"ref": "P240261.20.3",
"inst": "mūšu[night]N$mūša",
"sig": "@saao/saa17%akk-x-neobab:mu-ša₂=mūšu[night//night]N'N$mūša",
"f": {"lang": "akk-x-neobab",
"form": "mu-ša₂",
"cf": "mūšu",
"gw": "night",
"sense": "night",
"norm": "mūša",
"pos": "N",
"epos": "N"}
}
,
{
"node": "l",
"frag": "ša₂",
"id": "P240261.l015bc",
"ref": "P240261.20.4",
"inst": "ša[of]DET",
"sig": "@saao/saa17%akk-x-neobab:ša₂=ša[of//of]DET'DET$ša",
"f": {"lang": "akk-x-neobab",
"form": "ša₂",
"cf": "ša",
"gw": "of",
"sense": "of",
"norm": "ša",
"pos": "DET",
"epos": "DET"}
}
,
{
"node": "l",
"frag": "⸢LUGAL⸣",
"id": "P240261.l015bd",
"ref": "P240261.20.5",
"inst": "šarru[king]N$šar",
"sig": "@saao/saa17%akk-x-neobab:LUGAL=šarru[king//king]N'N$šar",
"f": {"lang": "akk-x-neobab",
"form": "LUGAL",
"cf": "šarru",
"gw": "king",
"sense": "king",
"norm": "šar",
"pos": "N",
"epos": "N"}
}
,
{
"node": "l",
"frag": "[KUR.KUR",
"id": "P240261.l015be",
"ref": "P240261.20.6",
"inst": "mātāti[land]N",
"sig": "@saao/saa17%akk-x-neobab:KUR.KUR=mātu[land//land]N'N$mātāti",
"f": {"lang": "akk-x-neobab",
"form": "KUR.KUR",
"cf": "mātu",
"gw": "land",
"sense": "land",
"norm": "mātāti",
"pos": "N",
"epos": "N"}
}
,
{
"node": "l",
"frag": "be-li₂-ia]",
"id": "P240261.l015bf",
"ref": "P240261.20.7",
"inst": "bēlīya[lord]N",
"sig": "@saao/saa17%akk-x-neobab:be-li₂-ia=bēlu[lord//lord]N'N$bēlīya",
"f": {"lang": "akk-x-neobab",
"form": "be-li₂-ia",
"cf": "bēlu",
"gw": "lord",
"sense": "lord",
"norm": "bēlīya",
"pos": "N",
"epos": "N"}
}
,
{
"node": "d",
"type": "line-start",
"ref": "P240261.21",
"n": "9",
"label": "r 9"}
,
{
"node": "l",
"frag": "a-na-aṣ-ṣar",
"id": "P240261.l015c0",
"ref": "P240261.21.1",
"inst": "naṣāru[guard//keep guard]V$anaṣṣar",
"sig": "@saao/saa17%akk-x-neobab:a-na-aṣ-ṣar=naṣāru[guard//keep guard]V'V$anaṣṣar",
"f": {"lang": "akk-x-neobab",
"form": "a-na-aṣ-ṣar",
"cf": "naṣāru",
"gw": "guard",
"sense": "keep guard",
"norm": "anaṣṣar",
"pos": "V",
"epos": "V"}
}
]}
]}
]}
]}
