{
"type": "cdl",
  "source": "http://oracc.org/saao/saa17",
  "license": "This data is released under the CC0 license",
  "license-url": "https://creativecommons.org/publicdomain/zero/1.0/",
  "more-info": "http://oracc.org/doc/opendata/",
  "UTC-timestamp": "2017-05-19T11:58:44",
"project": "saao/saa17",
"textid": "P240177",
"cdl": [
{
"node": "c",
"type": "text",
"id": "P240177.U0",
"cdl": [
{
"node": "d",
"type": "object",
"ref": ""}
,
{
"node": "d",
"subtype": "obverse",
"type": "surface",
"ref": "P240177.o.1",
"type": "obverse",
"label": "o"}
,
{
"node": "c",
"type": "discourse",
"subtype": "body",
"id": "P240177.U1",
"cdl": [
{
"node": "c",
"type": "sentence",
"id": "P240177.U2",
"label": "o 1 - r.e. 13",
"cdl": [
{
"node": "d",
"type": "line-start",
"ref": "P240177.2",
"n": "1",
"label": "o 1"}
,
{
"node": "l",
"frag": "[ARAD-ka",
"id": "P240177.l00f53",
"ref": "P240177.2.1",
"inst": "aradka[servant]N",
"sig": "@saao/saa17%akk-x-neobab:ARAD-ka=ardu[slave//servant]N'N$aradka",
"f": {"lang": "akk-x-neobab",
"form": "ARAD-ka",
"cf": "ardu",
"gw": "slave",
"sense": "servant",
"norm": "aradka",
"pos": "N",
"epos": "N"}
}
,
{
"node": "l",
"frag": "{1}d.EN-BA-ša₂",
"id": "P240177.l00f54",
"ref": "P240177.2.2",
"inst": "Bel-iqiša[1]PN$",
"sig": "@saao/saa17%akk-x-neobab:{1}d.EN-BA-ša₂=Bel-iqiša[1//1]PN'PN$Bel-iqiša",
"f": {"lang": "akk-x-neobab",
"form": "{1}d.EN-BA-ša₂",
"cf": "Bel-iqiša",
"gw": "1",
"sense": "1",
"norm": "Bel-iqiša",
"pos": "PN",
"epos": "PN"}
}
,
{
"node": "l",
"frag": "a-na",
"id": "P240177.l00f55",
"ref": "P240177.2.3",
"inst": "ana[to]PRP",
"sig": "@saao/saa17%akk-x-neobab:a-na=ana[to//to]PRP'PRP$ana",
"f": {"lang": "akk-x-neobab",
"form": "a-na",
"cf": "ana",
"gw": "to",
"sense": "to",
"norm": "ana",
"pos": "PRP",
"epos": "PRP"}
}
,
{
"node": "l",
"frag": "di-na-an",
"id": "P240177.l00f56",
"ref": "P240177.2.4",
"inst": "dinān[substitute]N",
"sig": "@saao/saa17%akk-x-neobab:di-na-an=dinānu[substitution//substitute]N'N$dinān",
"f": {"lang": "akk-x-neobab",
"form": "di-na-an",
"cf": "dinānu",
"gw": "substitution",
"sense": "substitute",
"norm": "dinān",
"pos": "N",
"epos": "N"}
}
,
{
"node": "l",
"frag": "{1}{d}AG-LUGAL-[ŠEŠ]",
"id": "P240177.l00f57",
"ref": "P240177.2.5",
"inst": "Nabu-šarru-uṣur[1]PN",
"sig": "@saao/saa17%akk-x-neobab:{1}{d}AG-LUGAL-ŠEŠ=Nabu-šarru-uṣur[1//1]PN'PN$Nabu-šarru-uṣur",
"f": {"lang": "akk-x-neobab",
"form": "{1}{d}AG-LUGAL-ŠEŠ",
"cf": "Nabu-šarru-uṣur",
"gw": "1",
"sense": "1",
"norm": "Nabu-šarru-uṣur",
"pos": "PN",
"epos": "PN"}
}
,
{
"node": "d",
"type": "line-start",
"ref": "P240177.3",
"n": "2",
"label": "o 2"}
,
{
"node": "l",
"frag": "[ŠEŠ-šu₂",
"id": "P240177.l00f58",
"ref": "P240177.3.1",
"inst": "ahūšu[brother]N",
"sig": "@saao/saa17%akk-x-neobab:ŠEŠ-šu₂=ahu[brother//brother]N'N$ahūšu",
"f": {"lang": "akk-x-neobab",
"form": "ŠEŠ-šu₂",
"cf": "ahu",
"gw": "brother",
"sense": "brother",
"norm": "ahūšu",
"pos": "N",
"epos": "N"}
}
,
{
"node": "l",
"frag": "ša₂",
"id": "P240177.l00f59",
"ref": "P240177.3.2",
"inst": "ša[of]DET",
"sig": "@saao/saa17%akk-x-neobab:ša₂=ša[of//of]DET'DET$ša",
"f": {"lang": "akk-x-neobab",
"form": "ša₂",
"cf": "ša",
"gw": "of",
"sense": "of",
"norm": "ša",
"pos": "DET",
"epos": "DET"}
}
,
{
"node": "l",
"frag": "{1}d.EN-u₂-sa-ti",
"id": "P240177.l00f5a",
"ref": "P240177.3.3",
"inst": "Bel-usati[1]PN$",
"sig": "@saao/saa17%akk-x-neobab:{1}d.EN-u₂-sa-ti=Bel-usati[1//1]PN'PN$Bel-usati",
"f": {"lang": "akk-x-neobab",
"form": "{1}d.EN-u₂-sa-ti",
"cf": "Bel-usati",
"gw": "1",
"sense": "1",
"norm": "Bel-usati",
"pos": "PN",
"epos": "PN"}
}
,
{
"node": "l",
"frag": "be-li₂-ia",
"id": "P240177.l00f5b",
"ref": "P240177.3.4",
"inst": "bēlīya[lord]N",
"sig": "@saao/saa17%akk-x-neobab:be-li₂-ia=bēlu[lord//lord]N'N$bēlīya",
"f": {"lang": "akk-x-neobab",
"form": "be-li₂-ia",
"cf": "bēlu",
"gw": "lord",
"sense": "lord",
"norm": "bēlīya",
"pos": "N",
"epos": "N"}
}
,
{
"node": "l",
"frag": "lul-⸢lik⸣",
"id": "P240177.l00f5c",
"ref": "P240177.3.5",
"inst": "lullik[go]V",
"sig": "@saao/saa17%akk-x-neobab:lul-lik=alāku[go//go]V'V$lullik",
"f": {"lang": "akk-x-neobab",
"form": "lul-lik",
"cf": "alāku",
"gw": "go",
"sense": "go",
"norm": "lullik",
"pos": "V",
"epos": "V"}
}
,
{
"node": "d",
"type": "line-start",
"ref": "P240177.4",
"n": "3",
"label": "o 3"}
,
{
"node": "l",
"frag": "[d.AG",
"id": "P240177.l00f5d",
"ref": "P240177.4.1",
"inst": "Nabu[1]DN",
"sig": "@saao/saa17%akk-x-neobab:d.AG=Nabu[1//1]DN'DN$Nabu",
"f": {"lang": "akk-x-neobab",
"form": "d.AG",
"cf": "Nabu",
"gw": "1",
"sense": "1",
"norm": "Nabu",
"pos": "DN",
"epos": "DN"}
}
,
{
"node": "l",
"frag": "u]",
"id": "P240177.l00f5e",
"ref": "P240177.4.2",
"inst": "u[and]CNJ",
"sig": "@saao/saa17%akk-x-neobab:u=u[and//and]CNJ'CNJ$u",
"f": {"lang": "akk-x-neobab",
"form": "u",
"cf": "u",
"gw": "and",
"sense": "and",
"norm": "u",
"pos": "CNJ",
"epos": "CNJ"}
}
,
{
"node": "l",
"frag": "{d}AMAR.UTU",
"id": "P240177.l00f5f",
"ref": "P240177.4.3",
"inst": "Marduk[1]DN",
"sig": "@saao/saa17%akk-x-neobab:{d}AMAR.UTU=Marduk[1//1]DN'DN$Marduk",
"f": {"lang": "akk-x-neobab",
"form": "{d}AMAR.UTU",
"cf": "Marduk",
"gw": "1",
"sense": "1",
"norm": "Marduk",
"pos": "DN",
"epos": "DN"}
}
,
{
"node": "l",
"frag": "a-na",
"id": "P240177.l00f60",
"ref": "P240177.4.4",
"inst": "ana[to]PRP",
"sig": "@saao/saa17%akk-x-neobab:a-na=ana[to//to]PRP'PRP$ana",
"f": {"lang": "akk-x-neobab",
"form": "a-na",
"cf": "ana",
"gw": "to",
"sense": "to",
"norm": "ana",
"pos": "PRP",
"epos": "PRP"}
}
,
{
"node": "l",
"frag": "be-li₂-ia",
"id": "P240177.l00f61",
"ref": "P240177.4.5",
"inst": "bēlīya[lord]N",
"sig": "@saao/saa17%akk-x-neobab:be-li₂-ia=bēlu[lord//lord]N'N$bēlīya",
"f": {"lang": "akk-x-neobab",
"form": "be-li₂-ia",
"cf": "bēlu",
"gw": "lord",
"sense": "lord",
"norm": "bēlīya",
"pos": "N",
"epos": "N"}
}
,
{
"node": "l",
"frag": "lik-ru-bu",
"id": "P240177.l00f62",
"ref": "P240177.4.6",
"inst": "karābu[pray//bless]V$likrubū",
"sig": "@saao/saa17%akk-x-neobab:lik-ru-bu=karābu[pray//bless]V'V$likrubū",
"f": {"lang": "akk-x-neobab",
"form": "lik-ru-bu",
"cf": "karābu",
"gw": "pray",
"sense": "bless",
"norm": "likrubū",
"pos": "V",
"epos": "V"}
}
,
{
"node": "d",
"type": "line-start",
"ref": "P240177.5",
"n": "4",
"label": "o 4"}
,
{
"node": "l",
"frag": "[um-ma]-a",
"id": "P240177.l00f63",
"ref": "P240177.5.1",
"inst": "umma[saying]PRP$ummā",
"sig": "@saao/saa17%akk-x-neobab:um-ma-a=umma[saying//saying]PRP'PRP$ummā",
"f": {"lang": "akk-x-neobab",
"form": "um-ma-a",
"cf": "umma",
"gw": "saying",
"sense": "saying",
"norm": "ummā",
"pos": "PRP",
"epos": "PRP"}
}
,
{
"node": "l",
"frag": "a-na",
"id": "P240177.l00f64",
"ref": "P240177.5.2",
"inst": "ana[to]PRP",
"sig": "@saao/saa17%akk-x-neobab:a-na=ana[to//to]PRP'PRP$ana",
"f": {"lang": "akk-x-neobab",
"form": "a-na",
"cf": "ana",
"gw": "to",
"sense": "to",
"norm": "ana",
"pos": "PRP",
"epos": "PRP"}
}
,
{
"node": "l",
"frag": "be-li₂-ia-a-ma",
"id": "P240177.l00f65",
"ref": "P240177.5.3",
"inst": "bēlīyāma[lord]N",
"sig": "@saao/saa17%akk-x-neobab:be-li₂-ia-a-ma=bēlu[lord//lord]N'N$bēlīyāma",
"f": {"lang": "akk-x-neobab",
"form": "be-li₂-ia-a-ma",
"cf": "bēlu",
"gw": "lord",
"sense": "lord",
"norm": "bēlīyāma",
"pos": "N",
"epos": "N"}
}
,
{
"node": "l",
"frag": "ma-la",
"id": "P240177.l00f66",
"ref": "P240177.5.4",
"inst": "mala[as many as]REL",
"sig": "@saao/saa17%akk-x-neobab:ma-la=mala[as much as//as many as]REL'REL$mala",
"f": {"lang": "akk-x-neobab",
"form": "ma-la",
"cf": "mala",
"gw": "as much as",
"sense": "as many as",
"norm": "mala",
"pos": "REL",
"epos": "REL"}
}
,
{
"node": "l",
"frag": "ṭe₃-e-mu",
"id": "P240177.l00f67",
"ref": "P240177.5.5",
"inst": "ṭēmu[(fore)thought//order]N$",
"sig": "@saao/saa17%akk-x-neobab:ṭe₃-e-mu=ṭēmu[(fore)thought//order]N'N$ṭēmu",
"f": {"lang": "akk-x-neobab",
"form": "ṭe₃-e-mu",
"cf": "ṭēmu",
"gw": "(fore)thought",
"sense": "order",
"norm": "ṭēmu",
"pos": "N",
"epos": "N"}
}
,
{
"node": "d",
"type": "line-start",
"ref": "P240177.6",
"n": "5",
"label": "o 5"}
,
{
"node": "l",
"frag": "[ša₂",
"id": "P240177.l00f68",
"ref": "P240177.6.1",
"inst": "ša[which]REL",
"sig": "@saao/saa17%akk-x-neobab:ša₂=ša[that//which]REL'REL$ša",
"f": {"lang": "akk-x-neobab",
"form": "ša₂",
"cf": "ša",
"gw": "that",
"sense": "which",
"norm": "ša",
"pos": "REL",
"epos": "REL"}
}
,
{
"node": "l",
"frag": "be-li₂",
"id": "P240177.l00f69",
"ref": "P240177.6.2",
"inst": "bēlī[lord]N",
"sig": "@saao/saa17%akk-x-neobab:be-li₂=bēlu[lord//lord]N'N$bēlī",
"f": {"lang": "akk-x-neobab",
"form": "be-li₂",
"cf": "bēlu",
"gw": "lord",
"sense": "lord",
"norm": "bēlī",
"pos": "N",
"epos": "N"}
}
,
{
"node": "l",
"frag": "ip-qi₂]-⸢dan⸣-ni",
"id": "P240177.l00f6a",
"ref": "P240177.6.3",
"inst": "paqādu[entrust]V$ipqidanni",
"sig": "@saao/saa17%akk-x-neobab:ip-qi₂-dan-ni=paqādu[entrust//entrust]V'V$ipqidanni",
"f": {"lang": "akk-x-neobab",
"form": "ip-qi₂-dan-ni",
"cf": "paqādu",
"gw": "entrust",
"sense": "entrust",
"norm": "ipqidanni",
"pos": "V",
"epos": "V"}
}
,
{
"node": "l",
"frag": "na-aṣ-ra-ak",
"id": "P240177.l00f6b",
"ref": "P240177.6.4",
"inst": "naṣru[guarded//attentive]AJ$naṣrāk",
"sig": "@saao/saa17%akk-x-neobab:na-aṣ-ra-ak=naṣru[guarded//attentive]AJ'AJ$naṣrāk",
"f": {"lang": "akk-x-neobab",
"form": "na-aṣ-ra-ak",
"cf": "naṣru",
"gw": "guarded",
"sense": "attentive",
"norm": "naṣrāk",
"pos": "AJ",
"epos": "AJ"}
}
,
{
"node": "l",
"frag": "ZI-MEŠ-ia",
"id": "P240177.l00f6c",
"ref": "P240177.6.5",
"inst": "napištu[throat//life]N$napšātīya",
"sig": "@saao/saa17%akk-x-neobab:ZI-MEŠ-ia=napištu[throat//life]N'N$napšātīya",
"f": {"lang": "akk-x-neobab",
"form": "ZI-MEŠ-ia",
"cf": "napištu",
"gw": "throat",
"sense": "life",
"norm": "napšātīya",
"pos": "N",
"epos": "N"}
}
,
{
"node": "d",
"type": "line-start",
"ref": "P240177.7",
"n": "6",
"label": "o 6"}
,
{
"node": "l",
"frag": "[x",
"id": "P240177.l00f6d",
"ref": "P240177.7.1",
"inst": "u",
"f": {"lang": "akk-x-neobab",
"form": "x",
"pos": "u"}
}
,
{
"node": "l",
"frag": "x",
"id": "P240177.l00f6e",
"ref": "P240177.7.2",
"inst": "u",
"f": {"lang": "akk-x-neobab",
"form": "x",
"pos": "u"}
}
,
{
"node": "l",
"frag": "x",
"id": "P240177.l00f6f",
"ref": "P240177.7.3",
"inst": "u",
"f": {"lang": "akk-x-neobab",
"form": "x",
"pos": "u"}
}
,
{
"node": "l",
"frag": "x",
"id": "P240177.l00f70",
"ref": "P240177.7.4",
"inst": "u",
"f": {"lang": "akk-x-neobab",
"form": "x",
"pos": "u"}
}
,
{
"node": "l",
"frag": "x",
"id": "P240177.l00f71",
"ref": "P240177.7.5",
"inst": "u",
"f": {"lang": "akk-x-neobab",
"form": "x",
"pos": "u"}
}
,
{
"node": "l",
"frag": "ša₂]",
"id": "P240177.l00f72",
"ref": "P240177.7.6",
"inst": "ša[of]DET",
"sig": "@saao/saa17%akk-x-neobab:ša₂=ša[of//of]DET'DET$ša",
"f": {"lang": "akk-x-neobab",
"form": "ša₂",
"cf": "ša",
"gw": "of",
"sense": "of",
"norm": "ša",
"pos": "DET",
"epos": "DET"}
}
,
{
"node": "l",
"frag": "E₂.GAL-ia",
"id": "P240177.l00f73",
"ref": "P240177.7.7",
"inst": "ēkallīya[palace]N",
"sig": "@saao/saa17%akk-x-neobab:E₂.GAL-ia=ēkallu[palace//palace]N'N$ēkallīya",
"f": {"lang": "akk-x-neobab",
"form": "E₂.GAL-ia",
"cf": "ēkallu",
"gw": "palace",
"sense": "palace",
"norm": "ēkallīya",
"pos": "N",
"epos": "N"}
}
,
{
"node": "l",
"frag": "a-na",
"id": "P240177.l00f74",
"ref": "P240177.7.8",
"inst": "ana[to]PRP",
"sig": "@saao/saa17%akk-x-neobab:a-na=ana[to//to]PRP'PRP$ana",
"f": {"lang": "akk-x-neobab",
"form": "a-na",
"cf": "ana",
"gw": "to",
"sense": "to",
"norm": "ana",
"pos": "PRP",
"epos": "PRP"}
}
,
{
"node": "l",
"frag": "be-li₂-ia₂",
"id": "P240177.l00f75",
"ref": "P240177.7.9",
"inst": "bēlīya[lord]N",
"sig": "@saao/saa17%akk-x-neobab:be-li₂-ia₂=bēlu[lord//lord]N'N$bēlīya",
"f": {"lang": "akk-x-neobab",
"form": "be-li₂-ia₂",
"cf": "bēlu",
"gw": "lord",
"sense": "lord",
"norm": "bēlīya",
"pos": "N",
"epos": "N"}
}
,
{
"node": "l",
"frag": "ap-te-qid",
"id": "P240177.l00f76",
"ref": "P240177.7.10",
"inst": "paqādu[entrust]V$apteqid",
"sig": "@saao/saa17%akk-x-neobab:ap-te-qid=paqādu[entrust//entrust]V'V$apteqid",
"f": {"lang": "akk-x-neobab",
"form": "ap-te-qid",
"cf": "paqādu",
"gw": "entrust",
"sense": "entrust",
"norm": "apteqid",
"pos": "V",
"epos": "V"}
}
,
{
"node": "d",
"type": "line-start",
"ref": "P240177.8",
"n": "7",
"label": "o 7"}
,
{
"node": "l",
"frag": "[x",
"id": "P240177.l00f77",
"ref": "P240177.8.1",
"inst": "u",
"f": {"lang": "akk-x-neobab",
"form": "x",
"pos": "u"}
}
,
{
"node": "l",
"frag": "x",
"id": "P240177.l00f78",
"ref": "P240177.8.2",
"inst": "u",
"f": {"lang": "akk-x-neobab",
"form": "x",
"pos": "u"}
}
,
{
"node": "l",
"frag": "x",
"id": "P240177.l00f79",
"ref": "P240177.8.3",
"inst": "u",
"f": {"lang": "akk-x-neobab",
"form": "x",
"pos": "u"}
}
,
{
"node": "l",
"frag": "x",
"id": "P240177.l00f7a",
"ref": "P240177.8.4",
"inst": "u",
"f": {"lang": "akk-x-neobab",
"form": "x",
"pos": "u"}
}
,
{
"node": "l",
"frag": "x",
"id": "P240177.l00f7b",
"ref": "P240177.8.5",
"inst": "u",
"f": {"lang": "akk-x-neobab",
"form": "x",
"pos": "u"}
}
,
{
"node": "l",
"frag": "x]-⸢ti⸣",
"id": "P240177.l00f7c",
"ref": "P240177.8.6",
"inst": "u",
"f": {"lang": "akk-x-neobab",
"form": "x-ti",
"pos": "u"}
}
,
{
"node": "l",
"frag": "ša₂",
"id": "P240177.l00f7d",
"ref": "P240177.8.7",
"inst": "ša[that]REL",
"sig": "@saao/saa17%akk-x-neobab:ša₂=ša[that//that]REL'REL$ša",
"f": {"lang": "akk-x-neobab",
"form": "ša₂",
"cf": "ša",
"gw": "that",
"sense": "that",
"norm": "ša",
"pos": "REL",
"epos": "REL"}
}
,
{
"node": "l",
"frag": "al-li-ka",
"id": "P240177.l00f7e",
"ref": "P240177.8.8",
"inst": "alāku[go//come]V$allika",
"sig": "@saao/saa17%akk-x-neobab:al-li-ka=alāku[go//come]V'V$allika",
"f": {"lang": "akk-x-neobab",
"form": "al-li-ka",
"cf": "alāku",
"gw": "go",
"sense": "come",
"norm": "allika",
"pos": "V",
"epos": "V"}
}
,
{
"node": "l",
"frag": "{lu₂}qi₂-i-pi-šu₂",
"id": "P240177.l00f7f",
"ref": "P240177.8.9",
"inst": "qīpu[representative//(royal) delegate]N$qīpīšu",
"sig": "@saao/saa17%akk-x-neobab:{LU₂}qi₂-i-pi-šu₂=qīpu[representative//(royal) delegate]N'N$qīpīšu",
"f": {"lang": "akk-x-neobab",
"form": "{LU₂}qi₂-i-pi-šu₂",
"cf": "qīpu",
"gw": "representative",
"sense": "(royal) delegate",
"norm": "qīpīšu",
"pos": "N",
"epos": "N"}
}
,
{
"node": "d",
"type": "line-start",
"ref": "P240177.9",
"n": "8",
"label": "o 8"}
,
{
"node": "l",
"frag": "[x",
"id": "P240177.l00f80",
"ref": "P240177.9.1",
"inst": "u",
"f": {"lang": "akk-x-neobab",
"form": "x",
"pos": "u"}
}
,
{
"node": "l",
"frag": "x",
"id": "P240177.l00f81",
"ref": "P240177.9.2",
"inst": "u",
"f": {"lang": "akk-x-neobab",
"form": "x",
"pos": "u"}
}
,
{
"node": "l",
"frag": "x",
"id": "P240177.l00f82",
"ref": "P240177.9.3",
"inst": "u",
"f": {"lang": "akk-x-neobab",
"form": "x",
"pos": "u"}
}
,
{
"node": "l",
"frag": "x",
"id": "P240177.l00f83",
"ref": "P240177.9.4",
"inst": "u",
"f": {"lang": "akk-x-neobab",
"form": "x",
"pos": "u"}
}
,
{
"node": "l",
"frag": "x",
"id": "P240177.l00f84",
"ref": "P240177.9.5",
"inst": "u",
"f": {"lang": "akk-x-neobab",
"form": "x",
"pos": "u"}
}
,
{
"node": "l",
"frag": "x",
"id": "P240177.l00f85",
"ref": "P240177.9.6",
"inst": "u",
"f": {"lang": "akk-x-neobab",
"form": "x",
"pos": "u"}
}
,
{
"node": "l",
"frag": "x]+⸢x⸣-ti",
"id": "P240177.l00f86",
"ref": "P240177.9.7",
"inst": "u",
"f": {"lang": "akk-x-neobab",
"form": "x+x-ti",
"pos": "u"}
}
,
{
"node": "l",
"frag": "i-tep-šu₂",
"id": "P240177.l00f87",
"ref": "P240177.9.8",
"inst": "ītepšu[do]V",
"sig": "@saao/saa17%akk-x-neobab:i-tep-šu₂=epēšu[do//do]V'V$ītepšu",
"f": {"lang": "akk-x-neobab",
"form": "i-tep-šu₂",
"cf": "epēšu",
"gw": "do",
"sense": "do",
"norm": "ītepšu",
"pos": "V",
"epos": "V"}
}
,
{
"node": "c",
"type": "phrase",
"tag": "phr",
"id": "P240177.U4",
"ref": "P240177.ls00000",
"cdl": [
{
"node": "l",
"frag": "EN-MUN-HI.A",
"id": "P240177.l00f88",
"ref": "P240177.9.9",
"cof-tails": "P240177.l00f89",
"inst": "bēlu[lord]N$bēl&ṭābtu[goodness]N$ṭābti",
"exosig": "@saao/saa17%akk-x-neobab:EN-MUN-HI.A=bēlu[lord//lord]N'N$bēl&&@saao%akk-x-neobab:=ṭābtu[goodness//goodness]N'N$ṭābti",
"f": {"lang": "akk-x-neobab",
"form": "EN-MUN-HI.A",
"cf": "bēlu",
"gw": "lord",
"sense": "lord",
"norm": "bēl",
"pos": "N",
"epos": "N"}
}
,
{
"node": "l",
"frag": "EN-MUN-HI.A",
"id": "P240177.l00f89",
"ref": "P240177.9.9",
"cof-head": "P240177.l00f88",
"inst": "bēlu[lord]N$bēl&ṭābtu[goodness]N$ṭābti",
"tail-sig": "@saao%akk-x-neobab:=ṭābtu[goodness//goodness]N'N$ṭābti",
"f": {"lang": "akk-x-neobab",
"form": "EN-MUN-HI.A",
"cf": "ṭābtu",
"gw": "goodness",
"sense": "goodness",
"norm": "ṭābti",
"pos": "N",
"epos": "N"}
}
]}
,
{
"node": "d",
"type": "line-start",
"ref": "P240177.10",
"n": "9",
"label": "o 9"}
,
{
"node": "l",
"frag": "[ša₂",
"id": "P240177.l00f8a",
"ref": "P240177.10.1",
"inst": "ša[of]DET",
"sig": "@saao/saa17%akk-x-neobab:ša₂=ša[of//of]DET'DET$ša",
"f": {"lang": "akk-x-neobab",
"form": "ša₂",
"cf": "ša",
"gw": "of",
"sense": "of",
"norm": "ša",
"pos": "DET",
"epos": "DET"}
}
,
{
"node": "l",
"frag": "x",
"id": "P240177.l00f8b",
"ref": "P240177.10.2",
"inst": "u",
"f": {"lang": "akk-x-neobab",
"form": "x",
"pos": "u"}
}
,
{
"node": "l",
"frag": "x",
"id": "P240177.l00f8c",
"ref": "P240177.10.3",
"inst": "u",
"f": {"lang": "akk-x-neobab",
"form": "x",
"pos": "u"}
}
,
{
"node": "l",
"frag": "x",
"id": "P240177.l00f8d",
"ref": "P240177.10.4",
"inst": "u",
"f": {"lang": "akk-x-neobab",
"form": "x",
"pos": "u"}
}
,
{
"node": "l",
"frag": "x",
"id": "P240177.l00f8e",
"ref": "P240177.10.5",
"inst": "u",
"f": {"lang": "akk-x-neobab",
"form": "x",
"pos": "u"}
}
,
{
"node": "l",
"frag": "x",
"id": "P240177.l00f8f",
"ref": "P240177.10.6",
"inst": "u",
"f": {"lang": "akk-x-neobab",
"form": "x",
"pos": "u"}
}
,
{
"node": "l",
"frag": "x]",
"id": "P240177.l00f90",
"ref": "P240177.10.7",
"inst": "u",
"f": {"lang": "akk-x-neobab",
"form": "x",
"pos": "u"}
}
,
{
"node": "l",
"frag": "šu-u₂",
"id": "P240177.l00f91",
"ref": "P240177.10.8",
"inst": "šû[he]IP",
"sig": "@saao/saa17%akk-x-neobab:šu-u₂=šū[he//he]IP'IP$šû",
"f": {"lang": "akk-x-neobab",
"form": "šu-u₂",
"cf": "šū",
"gw": "he",
"sense": "he",
"norm": "šû",
"pos": "IP",
"epos": "IP"}
}
,
{
"node": "l",
"frag": "la-pa-an",
"id": "P240177.l00f92",
"ref": "P240177.10.9",
"inst": "lapān[in front of//before]PRP'AV$la-pān",
"sig": "@saao/saa17%akk-x-neobab:la-pa-an=lapān[in front of//before]PRP'AV$la-pān",
"f": {"lang": "akk-x-neobab",
"form": "la-pa-an",
"cf": "lapān",
"gw": "in front of",
"sense": "before",
"norm": "la-pān",
"pos": "PRP",
"epos": "AV"}
}
,
{
"node": "l",
"frag": "ša₂",
"id": "P240177.l00f93",
"ref": "P240177.10.10",
"inst": "ša[of]DET",
"sig": "@saao/saa17%akk-x-neobab:ša₂=ša[of//of]DET'DET$ša",
"f": {"lang": "akk-x-neobab",
"form": "ša₂",
"cf": "ša",
"gw": "of",
"sense": "of",
"norm": "ša",
"pos": "DET",
"epos": "DET"}
}
,
{
"node": "l",
"frag": "e-re-bi",
"id": "P240177.l00f94",
"ref": "P240177.10.11",
"inst": "erēbi[entry]'N",
"sig": "@saao/saa17%akk-x-neobab:e-re-bi=erēbu[enter//entry]V'N$erēbi",
"f": {"lang": "akk-x-neobab",
"form": "e-re-bi",
"cf": "erēbu",
"gw": "enter",
"sense": "entry",
"norm": "erēbi",
"pos": "V",
"epos": "N"}
}
,
{
"node": "d",
"type": "line-start",
"ref": "P240177.11",
"n": "10",
"label": "o 10"}
,
{
"node": "l",
"frag": "[x",
"id": "P240177.l00f95",
"ref": "P240177.11.1",
"inst": "u",
"f": {"lang": "akk-x-neobab",
"form": "x",
"pos": "u"}
}
,
{
"node": "l",
"frag": "x",
"id": "P240177.l00f96",
"ref": "P240177.11.2",
"inst": "u",
"f": {"lang": "akk-x-neobab",
"form": "x",
"pos": "u"}
}
,
{
"node": "l",
"frag": "x",
"id": "P240177.l00f97",
"ref": "P240177.11.3",
"inst": "u",
"f": {"lang": "akk-x-neobab",
"form": "x",
"pos": "u"}
}
,
{
"node": "l",
"frag": "x",
"id": "P240177.l00f98",
"ref": "P240177.11.4",
"inst": "u",
"f": {"lang": "akk-x-neobab",
"form": "x",
"pos": "u"}
}
,
{
"node": "l",
"frag": "x",
"id": "P240177.l00f99",
"ref": "P240177.11.5",
"inst": "u",
"f": {"lang": "akk-x-neobab",
"form": "x",
"pos": "u"}
}
,
{
"node": "l",
"frag": "x",
"id": "P240177.l00f9a",
"ref": "P240177.11.6",
"inst": "u",
"f": {"lang": "akk-x-neobab",
"form": "x",
"pos": "u"}
}
,
{
"node": "l",
"frag": "x]",
"id": "P240177.l00f9b",
"ref": "P240177.11.7",
"inst": "u",
"f": {"lang": "akk-x-neobab",
"form": "x",
"pos": "u"}
}
,
{
"node": "l",
"frag": "dul-la",
"id": "P240177.l00f9c",
"ref": "P240177.11.8",
"inst": "dullu[trouble//work]N$dulla",
"sig": "@saao/saa17%akk-x-neobab:dul-la=dullu[trouble//work]N'N$dulla",
"f": {"lang": "akk-x-neobab",
"form": "dul-la",
"cf": "dullu",
"gw": "trouble",
"sense": "work",
"norm": "dulla",
"pos": "N",
"epos": "N"}
}
,
{
"node": "l",
"frag": "ṣi-bu-u₂",
"id": "P240177.l00f9d",
"ref": "P240177.11.9",
"inst": "ṣabû[wished for]AJ$ṣibû",
"sig": "@saao/saa17%akk-x-neobab:ṣi-bu-u₂=ṣabû[wished for//wished for]AJ'AJ$ṣibû",
"f": {"lang": "akk-x-neobab",
"form": "ṣi-bu-u₂",
"cf": "ṣabû",
"gw": "wished for",
"sense": "wished for",
"norm": "ṣibû",
"pos": "AJ",
"epos": "AJ"}
}
,
{
"node": "l",
"frag": "a-na",
"id": "P240177.l00f9e",
"ref": "P240177.11.10",
"inst": "ana[to]PRP",
"sig": "@saao/saa17%akk-x-neobab:a-na=ana[to//to]PRP'PRP$ana",
"f": {"lang": "akk-x-neobab",
"form": "a-na",
"cf": "ana",
"gw": "to",
"sense": "to",
"norm": "ana",
"pos": "PRP",
"epos": "PRP"}
}
,
{
"node": "l",
"frag": "TIN.TIR{ki}",
"id": "P240177.l00f9f",
"ref": "P240177.11.11",
"inst": "Babili[Babylon]GN",
"sig": "@saao/saa17%akk-x-neobab:TIN.TIR{KI}=Babili[Babylon//Babylon]GN'GN$Babili",
"f": {"lang": "akk-x-neobab",
"form": "TIN.TIR{KI}",
"cf": "Babili",
"gw": "Babylon",
"sense": "Babylon",
"norm": "Babili",
"pos": "GN",
"epos": "GN"}
}
,
{
"node": "d",
"type": "line-start",
"ref": "P240177.12",
"n": "11",
"label": "o 11"}
,
{
"node": "l",
"frag": "[e-te-ru]-⸢ub⸣",
"id": "P240177.l00fa0",
"ref": "P240177.12.1",
"inst": "erēbu[enter]V$ēterub",
"sig": "@saao/saa17%akk-x-neobab:e-te-ru-ub=erēbu[enter//enter]V'V$ēterub",
"f": {"lang": "akk-x-neobab",
"form": "e-te-ru-ub",
"cf": "erēbu",
"gw": "enter",
"sense": "enter",
"norm": "ēterub",
"pos": "V",
"epos": "V"}
}
,
{
"node": "l",
"frag": "pa-nu-um-ma",
"id": "P240177.l00fa1",
"ref": "P240177.12.2",
"inst": "pānu[front//before]N'PRP$pānumma",
"sig": "@saao/saa17%akk-x-neobab:pa-nu-um-ma=pānu[front//before]N'PRP$pānumma",
"f": {"lang": "akk-x-neobab",
"form": "pa-nu-um-ma",
"cf": "pānu",
"gw": "front",
"sense": "before",
"norm": "pānumma",
"pos": "N",
"epos": "PRP"}
}
,
{
"node": "l",
"frag": "{1}{d}EN-BA-ša₂",
"id": "P240177.l00fa2",
"ref": "P240177.12.3",
"inst": "Bel-iqiša[1]PN",
"sig": "@saao/saa17%akk-x-neobab:{1}{d}EN-BA-ša₂=Bel-iqiša[1//1]PN'PN$Bel-iqiša",
"f": {"lang": "akk-x-neobab",
"form": "{1}{d}EN-BA-ša₂",
"cf": "Bel-iqiša",
"gw": "1",
"sense": "1",
"norm": "Bel-iqiša",
"pos": "PN",
"epos": "PN"}
}
,
{
"node": "l",
"frag": "a-du-u₂",
"id": "P240177.l00fa3",
"ref": "P240177.12.4",
"inst": "adû[now]AV$",
"sig": "@saao/saa17%akk-x-neobab:a-du-u₂=adû[now//now]AV'AV$adû",
"f": {"lang": "akk-x-neobab",
"form": "a-du-u₂",
"cf": "adû",
"gw": "now",
"sense": "now",
"norm": "adû",
"pos": "AV",
"epos": "AV"}
}
,
{
"node": "d",
"type": "line-start",
"ref": "P240177.13",
"n": "12",
"label": "o 12"}
,
{
"node": "l",
"frag": "[x",
"id": "P240177.l00fa4",
"ref": "P240177.13.1",
"inst": "u",
"f": {"lang": "akk-x-neobab",
"form": "x",
"pos": "u"}
}
,
{
"node": "l",
"frag": "x",
"id": "P240177.l00fa5",
"ref": "P240177.13.2",
"inst": "u",
"f": {"lang": "akk-x-neobab",
"form": "x",
"pos": "u"}
}
,
{
"node": "l",
"frag": "x]+⸢x⸣",
"id": "P240177.l00fa6",
"ref": "P240177.13.3",
"inst": "u",
"f": {"lang": "akk-x-neobab",
"form": "x+x",
"pos": "u"}
}
,
{
"node": "l",
"frag": "{uru}bi-ra-a-ti",
"id": "P240177.l00fa7",
"ref": "P240177.13.4",
"inst": "bīrāti[fort]N",
"sig": "@saao/saa17%akk-x-neobab:{URU}bi-ra-a-ti=birtu[fort//fort]N'N$bīrāti",
"f": {"lang": "akk-x-neobab",
"form": "{URU}bi-ra-a-ti",
"cf": "birtu",
"gw": "fort",
"sense": "fort",
"norm": "bīrāti",
"pos": "N",
"epos": "N"}
}
,
{
"node": "l",
"frag": "ša₂",
"id": "P240177.l00fa8",
"ref": "P240177.13.5",
"inst": "ša[of]DET",
"sig": "@saao/saa17%akk-x-neobab:ša₂=ša[of//of]DET'DET$ša",
"f": {"lang": "akk-x-neobab",
"form": "ša₂",
"cf": "ša",
"gw": "of",
"sense": "of",
"norm": "ša",
"pos": "DET",
"epos": "DET"}
}
,
{
"node": "l",
"frag": "E₂",
"id": "P240177.l00fa9",
"ref": "P240177.13.6",
"inst": "bītu[house]N$bīti",
"sig": "@saao/saa17%akk-x-neobab:E₂=bītu[house//house]N'N$bīti",
"f": {"lang": "akk-x-neobab",
"form": "E₂",
"cf": "bītu",
"gw": "house",
"sense": "house",
"norm": "bīti",
"pos": "N",
"epos": "N"}
}
,
{
"node": "l",
"frag": "u₃",
"id": "P240177.l00faa",
"ref": "P240177.13.7",
"inst": "u[and]CNJ",
"sig": "@saao/saa17%akk-x-neobab:u₃=u[and//and]CNJ'CNJ$u",
"f": {"lang": "akk-x-neobab",
"form": "u₃",
"cf": "u",
"gw": "and",
"sense": "and",
"norm": "u",
"pos": "CNJ",
"epos": "CNJ"}
}
,
{
"node": "l",
"frag": "{1}{d}EN-ib-ni",
"id": "P240177.l00fab",
"ref": "P240177.13.8",
"inst": "Bel-ibni[1]PN$",
"sig": "@saao/saa17%akk-x-neobab:{1}{d}EN-ib-ni=Bel-ibni[1//1]PN'PN$Bel-ibni",
"f": {"lang": "akk-x-neobab",
"form": "{1}{d}EN-ib-ni",
"cf": "Bel-ibni",
"gw": "1",
"sense": "1",
"norm": "Bel-ibni",
"pos": "PN",
"epos": "PN"}
}
,
{
"node": "d",
"type": "line-start",
"ref": "P240177.14",
"n": "13",
"label": "o 13"}
,
{
"node": "l",
"frag": "[u₃]",
"id": "P240177.l00fac",
"ref": "P240177.14.1",
"inst": "u[and]CNJ",
"sig": "@saao/saa17%akk-x-neobab:u₃=u[and//and]CNJ'CNJ$u",
"f": {"lang": "akk-x-neobab",
"form": "u₃",
"cf": "u",
"gw": "and",
"sense": "and",
"norm": "u",
"pos": "CNJ",
"epos": "CNJ"}
}
,
{
"node": "l",
"frag": "{1}ku-ri-gal-zu",
"id": "P240177.l00fad",
"ref": "P240177.14.2",
"inst": "Kurigalzu[1]PN$",
"sig": "@saao/saa17%akk-x-neobab:{1}ku-ri-gal-zu=Kurigalzu[1//1]PN'PN$Kurigalzu",
"f": {"lang": "akk-x-neobab",
"form": "{1}ku-ri-gal-zu",
"cf": "Kurigalzu",
"gw": "1",
"sense": "1",
"norm": "Kurigalzu",
"pos": "PN",
"epos": "PN"}
}
,
{
"node": "l",
"frag": "TIN.TIR{ki}-MEŠ",
"id": "P240177.l00fae",
"ref": "P240177.14.3",
"inst": "Babilaya[Babylonian]EN$",
"sig": "@saao/saa17%akk-x-neobab:TIN.TIR{KI}-MEŠ=Babilaya[Babylonian//Babylonian]EN'EN$Babilaya",
"f": {"lang": "akk-x-neobab",
"form": "TIN.TIR{KI}-MEŠ",
"cf": "Babilaya",
"gw": "Babylonian",
"sense": "Babylonian",
"norm": "Babilaya",
"pos": "EN",
"epos": "EN"}
}
,
{
"node": "l",
"frag": "ša₂",
"id": "P240177.l00faf",
"ref": "P240177.14.4",
"inst": "ša[who]REL",
"sig": "@saao/saa17%akk-x-neobab:ša₂=ša[that//who]REL'REL$ša",
"f": {"lang": "akk-x-neobab",
"form": "ša₂",
"cf": "ša",
"gw": "that",
"sense": "who",
"norm": "ša",
"pos": "REL",
"epos": "REL"}
}
,
{
"node": "l",
"frag": "⸢it-ti⸣-ia",
"id": "P240177.l00fb0",
"ref": "P240177.14.5",
"inst": "itti[with]PRP$ittīya",
"sig": "@saao/saa17%akk-x-neobab:it-ti-ia=itti[with//with]PRP'PRP$ittīya",
"f": {"lang": "akk-x-neobab",
"form": "it-ti-ia",
"cf": "itti",
"gw": "with",
"sense": "with",
"norm": "ittīya",
"pos": "PRP",
"epos": "PRP"}
}
,
{
"node": "d",
"type": "line-start",
"ref": "P240177.15",
"n": "14",
"label": "o 14"}
,
{
"node": "l",
"frag": "[x",
"id": "P240177.l00fb1",
"ref": "P240177.15.1",
"inst": "u",
"f": {"lang": "akk-x-neobab",
"form": "x",
"pos": "u"}
}
,
{
"node": "l",
"frag": "x",
"id": "P240177.l00fb2",
"ref": "P240177.15.2",
"inst": "u",
"f": {"lang": "akk-x-neobab",
"form": "x",
"pos": "u"}
}
,
{
"node": "l",
"frag": "ul]-tu",
"id": "P240177.l00fb3",
"ref": "P240177.15.3",
"inst": "ultu[from]PRP",
"sig": "@saao/saa17%akk-x-neobab:ul-tu=ištu[from//from]PRP'PRP$ultu",
"f": {"lang": "akk-x-neobab",
"form": "ul-tu",
"cf": "ištu",
"gw": "from",
"sense": "from",
"norm": "ultu",
"pos": "PRP",
"epos": "PRP"}
}
,
{
"node": "l",
"frag": "KUR-aš-šur{⸢ki⸣}",
"id": "P240177.l00fb4",
"ref": "P240177.15.4",
"inst": "+Mat-Aššur[Assyria]GN$",
"sig": "@saao/saa10%akk-x-neobab:KUR-aš-šur{KI}=Mat-Aššur[Assyria//Assyria]GN'GN$Mat-Aššur",
"f": {"lang": "akk-x-neobab",
"form": "KUR-aš-šur{KI}",
"cf": "Mat-Aššur",
"gw": "Assyria",
"sense": "Assyria",
"norm": "Mat-Aššur",
"pos": "GN",
"epos": "GN"}
}
,
{
"node": "l",
"frag": "[x",
"id": "P240177.l00fb5",
"ref": "P240177.15.5",
"inst": "u",
"f": {"lang": "akk-x-neobab",
"form": "x",
"pos": "u"}
}
,
{
"node": "l",
"frag": "x",
"id": "P240177.l00fb6",
"ref": "P240177.15.6",
"inst": "u",
"f": {"lang": "akk-x-neobab",
"form": "x",
"pos": "u"}
}
,
{
"node": "l",
"frag": "x",
"id": "P240177.l00fb7",
"ref": "P240177.15.7",
"inst": "u",
"f": {"lang": "akk-x-neobab",
"form": "x",
"pos": "u"}
}
,
{
"node": "l",
"frag": "x]",
"id": "P240177.l00fb8",
"ref": "P240177.15.8",
"inst": "u",
"f": {"lang": "akk-x-neobab",
"form": "x",
"pos": "u"}
}
,
{
"node": "l",
"frag": "⸢x⸣+[x",
"id": "P240177.l00fb9",
"ref": "P240177.15.9",
"inst": "u",
"f": {"lang": "akk-x-neobab",
"form": "x+x",
"pos": "u"}
}
,
{
"node": "l",
"frag": "x",
"id": "P240177.l00fba",
"ref": "P240177.15.10",
"inst": "u",
"f": {"lang": "akk-x-neobab",
"form": "x",
"pos": "u"}
}
,
{
"node": "l",
"frag": "x",
"id": "P240177.l00fbb",
"ref": "P240177.15.11",
"inst": "u",
"f": {"lang": "akk-x-neobab",
"form": "x",
"pos": "u"}
}
,
{
"node": "l",
"frag": "x]",
"id": "P240177.l00fbc",
"ref": "P240177.15.12",
"inst": "u",
"f": {"lang": "akk-x-neobab",
"form": "x",
"pos": "u"}
}
,
{
"node": "d",
"type": "line-start",
"ref": "P240177.16",
"n": "15",
"label": "o 15"}
,
{
"node": "l",
"frag": "[x",
"id": "P240177.l00fbd",
"ref": "P240177.16.1",
"inst": "u",
"f": {"lang": "akk-x-neobab",
"form": "x",
"pos": "u"}
}
,
{
"node": "l",
"frag": "x",
"id": "P240177.l00fbe",
"ref": "P240177.16.2",
"inst": "u",
"f": {"lang": "akk-x-neobab",
"form": "x",
"pos": "u"}
}
,
{
"node": "l",
"frag": "x]",
"id": "P240177.l00fbf",
"ref": "P240177.16.3",
"inst": "u",
"f": {"lang": "akk-x-neobab",
"form": "x",
"pos": "u"}
}
,
{
"node": "l",
"frag": "⸢x⸣+[x",
"id": "P240177.l00fc0",
"ref": "P240177.16.4",
"inst": "u",
"f": {"lang": "akk-x-neobab",
"form": "x+x",
"pos": "u"}
}
,
{
"node": "l",
"frag": "x",
"id": "P240177.l00fc1",
"ref": "P240177.16.5",
"inst": "u",
"f": {"lang": "akk-x-neobab",
"form": "x",
"pos": "u"}
}
,
{
"node": "l",
"frag": "x",
"id": "P240177.l00fc2",
"ref": "P240177.16.6",
"inst": "u",
"f": {"lang": "akk-x-neobab",
"form": "x",
"pos": "u"}
}
,
{
"node": "l",
"frag": "x",
"id": "P240177.l00fc3",
"ref": "P240177.16.7",
"inst": "u",
"f": {"lang": "akk-x-neobab",
"form": "x",
"pos": "u"}
}
,
{
"node": "l",
"frag": "x",
"id": "P240177.l00fc4",
"ref": "P240177.16.8",
"inst": "u",
"f": {"lang": "akk-x-neobab",
"form": "x",
"pos": "u"}
}
,
{
"node": "l",
"frag": "x",
"id": "P240177.l00fc5",
"ref": "P240177.16.9",
"inst": "u",
"f": {"lang": "akk-x-neobab",
"form": "x",
"pos": "u"}
}
,
{
"node": "l",
"frag": "x",
"id": "P240177.l00fc6",
"ref": "P240177.16.10",
"inst": "u",
"f": {"lang": "akk-x-neobab",
"form": "x",
"pos": "u"}
}
,
{
"node": "l",
"frag": "x",
"id": "P240177.l00fc7",
"ref": "P240177.16.11",
"inst": "u",
"f": {"lang": "akk-x-neobab",
"form": "x",
"pos": "u"}
}
,
{
"node": "l",
"frag": "x",
"id": "P240177.l00fc8",
"ref": "P240177.16.12",
"inst": "u",
"f": {"lang": "akk-x-neobab",
"form": "x",
"pos": "u"}
}
,
{
"node": "l",
"frag": "x",
"id": "P240177.l00fc9",
"ref": "P240177.16.13",
"inst": "u",
"f": {"lang": "akk-x-neobab",
"form": "x",
"pos": "u"}
}
,
{
"node": "l",
"frag": "x",
"id": "P240177.l00fca",
"ref": "P240177.16.14",
"inst": "u",
"f": {"lang": "akk-x-neobab",
"form": "x",
"pos": "u"}
}
,
{
"node": "l",
"frag": "x]",
"id": "P240177.l00fcb",
"ref": "P240177.16.15",
"inst": "u",
"f": {"lang": "akk-x-neobab",
"form": "x",
"pos": "u"}
}
,
{
"node": "d",
"type": "nonx",
"ref": "P240177.17",
"strict": "0",
"extent": "rest",
"state": "missing"}
,
{
"node": "d",
"subtype": "reverse",
"type": "surface",
"ref": "P240177.r.18",
"type": "reverse",
"label": "r"}
,
{
"node": "d",
"type": "nonx",
"ref": "P240177.19",
"strict": "0",
"extent": "beginning",
"state": "missing"}
,
{
"node": "d",
"type": "line-start",
"ref": "P240177.20",
"n": "1'",
"label": "r 1'"}
,
{
"node": "l",
"frag": "[x",
"id": "P240177.l00fcc",
"ref": "P240177.20.1",
"inst": "u",
"f": {"lang": "akk-x-neobab",
"form": "x",
"pos": "u"}
}
,
{
"node": "l",
"frag": "x",
"id": "P240177.l00fcd",
"ref": "P240177.20.2",
"inst": "u",
"f": {"lang": "akk-x-neobab",
"form": "x",
"pos": "u"}
}
,
{
"node": "l",
"frag": "x",
"id": "P240177.l00fce",
"ref": "P240177.20.3",
"inst": "u",
"f": {"lang": "akk-x-neobab",
"form": "x",
"pos": "u"}
}
,
{
"node": "l",
"frag": "x",
"id": "P240177.l00fcf",
"ref": "P240177.20.4",
"inst": "u",
"f": {"lang": "akk-x-neobab",
"form": "x",
"pos": "u"}
}
,
{
"node": "l",
"frag": "x",
"id": "P240177.l00fd0",
"ref": "P240177.20.5",
"inst": "u",
"f": {"lang": "akk-x-neobab",
"form": "x",
"pos": "u"}
}
,
{
"node": "l",
"frag": "x",
"id": "P240177.l00fd1",
"ref": "P240177.20.6",
"inst": "u",
"f": {"lang": "akk-x-neobab",
"form": "x",
"pos": "u"}
}
,
{
"node": "l",
"frag": "x]",
"id": "P240177.l00fd2",
"ref": "P240177.20.7",
"inst": "u",
"f": {"lang": "akk-x-neobab",
"form": "x",
"pos": "u"}
}
,
{
"node": "l",
"frag": "⸢x",
"id": "P240177.l00fd3",
"ref": "P240177.20.8",
"inst": "u",
"f": {"lang": "akk-x-neobab",
"form": "x",
"pos": "u"}
}
,
{
"node": "l",
"frag": "x⸣",
"id": "P240177.l00fd4",
"ref": "P240177.20.9",
"inst": "u",
"f": {"lang": "akk-x-neobab",
"form": "x",
"pos": "u"}
}
,
{
"node": "l",
"frag": "[x",
"id": "P240177.l00fd5",
"ref": "P240177.20.10",
"inst": "u",
"f": {"lang": "akk-x-neobab",
"form": "x",
"pos": "u"}
}
,
{
"node": "l",
"frag": "x",
"id": "P240177.l00fd6",
"ref": "P240177.20.11",
"inst": "u",
"f": {"lang": "akk-x-neobab",
"form": "x",
"pos": "u"}
}
,
{
"node": "l",
"frag": "x",
"id": "P240177.l00fd7",
"ref": "P240177.20.12",
"inst": "u",
"f": {"lang": "akk-x-neobab",
"form": "x",
"pos": "u"}
}
,
{
"node": "l",
"frag": "x",
"id": "P240177.l00fd8",
"ref": "P240177.20.13",
"inst": "u",
"f": {"lang": "akk-x-neobab",
"form": "x",
"pos": "u"}
}
,
{
"node": "l",
"frag": "x",
"id": "P240177.l00fd9",
"ref": "P240177.20.14",
"inst": "u",
"f": {"lang": "akk-x-neobab",
"form": "x",
"pos": "u"}
}
,
{
"node": "l",
"frag": "x]",
"id": "P240177.l00fda",
"ref": "P240177.20.15",
"inst": "u",
"f": {"lang": "akk-x-neobab",
"form": "x",
"pos": "u"}
}
,
{
"node": "d",
"type": "line-start",
"ref": "P240177.21",
"n": "2'",
"label": "r 2'"}
,
{
"node": "l",
"frag": "[x",
"id": "P240177.l00fdb",
"ref": "P240177.21.1",
"inst": "u",
"f": {"lang": "akk-x-neobab",
"form": "x",
"pos": "u"}
}
,
{
"node": "l",
"frag": "x",
"id": "P240177.l00fdc",
"ref": "P240177.21.2",
"inst": "u",
"f": {"lang": "akk-x-neobab",
"form": "x",
"pos": "u"}
}
,
{
"node": "l",
"frag": "x",
"id": "P240177.l00fdd",
"ref": "P240177.21.3",
"inst": "u",
"f": {"lang": "akk-x-neobab",
"form": "x",
"pos": "u"}
}
,
{
"node": "l",
"frag": "x",
"id": "P240177.l00fde",
"ref": "P240177.21.4",
"inst": "u",
"f": {"lang": "akk-x-neobab",
"form": "x",
"pos": "u"}
}
,
{
"node": "l",
"frag": "x",
"id": "P240177.l00fdf",
"ref": "P240177.21.5",
"inst": "u",
"f": {"lang": "akk-x-neobab",
"form": "x",
"pos": "u"}
}
,
{
"node": "l",
"frag": "x]",
"id": "P240177.l00fe0",
"ref": "P240177.21.6",
"inst": "u",
"f": {"lang": "akk-x-neobab",
"form": "x",
"pos": "u"}
}
,
{
"node": "l",
"frag": "tuk-ta-šu₂",
"id": "P240177.l00fe1",
"ref": "P240177.21.7",
"inst": "tuktû[requital//revenge]N$tuktâšu",
"sig": "@saao/saa17%akk-x-neobab:tuk-ta-šu₂=tuktû[requital//revenge]N'N$tuktâšu",
"f": {"lang": "akk-x-neobab",
"form": "tuk-ta-šu₂",
"cf": "tuktû",
"gw": "requital",
"sense": "revenge",
"norm": "tuktâšu",
"pos": "N",
"epos": "N"}
}
,
{
"node": "l",
"frag": "a-na",
"id": "P240177.l00fe2",
"ref": "P240177.21.8",
"inst": "ana[to]PRP",
"sig": "@saao/saa17%akk-x-neobab:a-na=ana[to//to]PRP'PRP$ana",
"f": {"lang": "akk-x-neobab",
"form": "a-na",
"cf": "ana",
"gw": "to",
"sense": "to",
"norm": "ana",
"pos": "PRP",
"epos": "PRP"}
}
,
{
"node": "l",
"frag": "[x",
"id": "P240177.l00fe3",
"ref": "P240177.21.9",
"inst": "u",
"f": {"lang": "akk-x-neobab",
"form": "x",
"pos": "u"}
}
,
{
"node": "l",
"frag": "x",
"id": "P240177.l00fe4",
"ref": "P240177.21.10",
"inst": "u",
"f": {"lang": "akk-x-neobab",
"form": "x",
"pos": "u"}
}
,
{
"node": "l",
"frag": "x",
"id": "P240177.l00fe5",
"ref": "P240177.21.11",
"inst": "u",
"f": {"lang": "akk-x-neobab",
"form": "x",
"pos": "u"}
}
,
{
"node": "l",
"frag": "x",
"id": "P240177.l00fe6",
"ref": "P240177.21.12",
"inst": "u",
"f": {"lang": "akk-x-neobab",
"form": "x",
"pos": "u"}
}
,
{
"node": "l",
"frag": "x]-ma",
"id": "P240177.l00fe7",
"ref": "P240177.21.13",
"inst": "u",
"f": {"lang": "akk-x-neobab",
"form": "x-ma",
"pos": "u"}
}
,
{
"node": "d",
"type": "line-start",
"ref": "P240177.22",
"n": "3'",
"label": "r 3'"}
,
{
"node": "l",
"frag": "[x",
"id": "P240177.l00fe8",
"ref": "P240177.22.1",
"inst": "u",
"f": {"lang": "akk-x-neobab",
"form": "x",
"pos": "u"}
}
,
{
"node": "l",
"frag": "x",
"id": "P240177.l00fe9",
"ref": "P240177.22.2",
"inst": "u",
"f": {"lang": "akk-x-neobab",
"form": "x",
"pos": "u"}
}
,
{
"node": "l",
"frag": "x",
"id": "P240177.l00fea",
"ref": "P240177.22.3",
"inst": "u",
"f": {"lang": "akk-x-neobab",
"form": "x",
"pos": "u"}
}
,
{
"node": "l",
"frag": "x",
"id": "P240177.l00feb",
"ref": "P240177.22.4",
"inst": "u",
"f": {"lang": "akk-x-neobab",
"form": "x",
"pos": "u"}
}
,
{
"node": "l",
"frag": "x",
"id": "P240177.l00fec",
"ref": "P240177.22.5",
"inst": "u",
"f": {"lang": "akk-x-neobab",
"form": "x",
"pos": "u"}
}
,
{
"node": "l",
"frag": "x]+⸢x⸣",
"id": "P240177.l00fed",
"ref": "P240177.22.6",
"inst": "u",
"f": {"lang": "akk-x-neobab",
"form": "x+x",
"pos": "u"}
}
,
{
"node": "l",
"frag": "ki-i",
"id": "P240177.l00fee",
"ref": "P240177.22.7",
"inst": "kī[like//when]PRP'SBJ$kî",
"sig": "@saao/saa17%akk-x-neobab:ki-i=kī[like//when]PRP'SBJ$kî",
"f": {"lang": "akk-x-neobab",
"form": "ki-i",
"cf": "kī",
"gw": "like",
"sense": "when",
"norm": "kî",
"pos": "PRP",
"epos": "SBJ"}
}
,
{
"node": "l",
"frag": "u₂-še-⸢bi⸣-[la",
"id": "P240177.l00fef",
"ref": "P240177.22.8",
"inst": "wabālu[bring//send]V$ušēbila",
"sig": "@saao/saa17%akk-x-neobab:u₂-še-bi-la=wabālu[bring//send]V'V$ušēbila",
"f": {"lang": "akk-x-neobab",
"form": "u₂-še-bi-la",
"cf": "wabālu",
"gw": "bring",
"sense": "send",
"norm": "ušēbila",
"pos": "V",
"epos": "V"}
}
,
{
"node": "l",
"frag": "x",
"id": "P240177.l00ff0",
"ref": "P240177.22.9",
"inst": "u",
"f": {"lang": "akk-x-neobab",
"form": "x",
"pos": "u"}
}
,
{
"node": "l",
"frag": "x",
"id": "P240177.l00ff1",
"ref": "P240177.22.10",
"inst": "u",
"f": {"lang": "akk-x-neobab",
"form": "x",
"pos": "u"}
}
,
{
"node": "l",
"frag": "x]+⸢x⸣",
"id": "P240177.l00ff2",
"ref": "P240177.22.11",
"inst": "u",
"f": {"lang": "akk-x-neobab",
"form": "x+x",
"pos": "u"}
}
,
{
"node": "d",
"type": "line-start",
"ref": "P240177.23",
"n": "4'",
"label": "r 4'"}
,
{
"node": "l",
"frag": "[x",
"id": "P240177.l00ff3",
"ref": "P240177.23.1",
"inst": "u",
"f": {"lang": "akk-x-neobab",
"form": "x",
"pos": "u"}
}
,
{
"node": "l",
"frag": "x",
"id": "P240177.l00ff4",
"ref": "P240177.23.2",
"inst": "u",
"f": {"lang": "akk-x-neobab",
"form": "x",
"pos": "u"}
}
,
{
"node": "l",
"frag": "x",
"id": "P240177.l00ff5",
"ref": "P240177.23.3",
"inst": "u",
"f": {"lang": "akk-x-neobab",
"form": "x",
"pos": "u"}
}
,
{
"node": "l",
"frag": "x",
"id": "P240177.l00ff6",
"ref": "P240177.23.4",
"inst": "u",
"f": {"lang": "akk-x-neobab",
"form": "x",
"pos": "u"}
}
,
{
"node": "l",
"frag": "x",
"id": "P240177.l00ff7",
"ref": "P240177.23.5",
"inst": "u",
"f": {"lang": "akk-x-neobab",
"form": "x",
"pos": "u"}
}
,
{
"node": "l",
"frag": "x]",
"id": "P240177.l00ff8",
"ref": "P240177.23.6",
"inst": "u",
"f": {"lang": "akk-x-neobab",
"form": "x",
"pos": "u"}
}
,
{
"node": "l",
"frag": "a-na",
"id": "P240177.l00ff9",
"ref": "P240177.23.7",
"inst": "ana[to+=to]PRP",
"sig": "@saao/saa17%akk-x-neobab:a-na=ana[to//to]PRP'PRP$ana",
"f": {"lang": "akk-x-neobab",
"form": "a-na",
"cf": "ana",
"gw": "to",
"sense": "to",
"norm": "ana",
"pos": "PRP",
"epos": "PRP"}
}
,
{
"node": "l",
"frag": "pa-ni-ia",
"id": "P240177.l00ffa",
"ref": "P240177.23.8",
"inst": "pānīya[front]N",
"sig": "@saao/saa17%akk-x-neobab:pa-ni-ia=pānu[front//front]N'N$pānīya",
"f": {"lang": "akk-x-neobab",
"form": "pa-ni-ia",
"cf": "pānu",
"gw": "front",
"sense": "front",
"norm": "pānīya",
"pos": "N",
"epos": "N"}
}
,
{
"node": "l",
"frag": "ul",
"id": "P240177.l00ffb",
"ref": "P240177.23.9",
"inst": "ul[not]MOD",
"sig": "@saao/saa17%akk-x-neobab:ul=ul[not//not]MOD'MOD$ul",
"f": {"lang": "akk-x-neobab",
"form": "ul",
"cf": "ul",
"gw": "not",
"sense": "not",
"norm": "ul",
"pos": "MOD",
"epos": "MOD"}
}
,
{
"node": "l",
"frag": "i-na-ah-hi-sa",
"id": "P240177.l00ffc",
"ref": "P240177.23.10",
"inst": "nahāsu[(re)cede//return]V$inahhisa",
"sig": "@saao/saa17%akk-x-neobab:i-na-ah-hi-sa=nahāsu[(re)cede//return]V'V$inahhisa",
"f": {"lang": "akk-x-neobab",
"form": "i-na-ah-hi-sa",
"cf": "nahāsu",
"gw": "(re)cede",
"sense": "return",
"norm": "inahhisa",
"pos": "V",
"epos": "V"}
}
,
{
"node": "d",
"type": "line-start",
"ref": "P240177.24",
"n": "5'",
"label": "r 5'"}
,
{
"node": "l",
"frag": "[x",
"id": "P240177.l00ffd",
"ref": "P240177.24.1",
"inst": "u",
"f": {"lang": "akk-x-neobab",
"form": "x",
"pos": "u"}
}
,
{
"node": "l",
"frag": "x",
"id": "P240177.l00ffe",
"ref": "P240177.24.2",
"inst": "u",
"f": {"lang": "akk-x-neobab",
"form": "x",
"pos": "u"}
}
,
{
"node": "l",
"frag": "x",
"id": "P240177.l00fff",
"ref": "P240177.24.3",
"inst": "u",
"f": {"lang": "akk-x-neobab",
"form": "x",
"pos": "u"}
}
,
{
"node": "l",
"frag": "x",
"id": "P240177.l01000",
"ref": "P240177.24.4",
"inst": "u",
"f": {"lang": "akk-x-neobab",
"form": "x",
"pos": "u"}
}
,
{
"node": "l",
"frag": "x]",
"id": "P240177.l01001",
"ref": "P240177.24.5",
"inst": "u",
"f": {"lang": "akk-x-neobab",
"form": "x",
"pos": "u"}
}
,
{
"node": "l",
"frag": "⸢it⸣-ti",
"id": "P240177.l01002",
"ref": "P240177.24.6",
"inst": "itti[with]PRP",
"sig": "@saao/saa17%akk-x-neobab:it-ti=itti[with//with]PRP'PRP$itti",
"f": {"lang": "akk-x-neobab",
"form": "it-ti",
"cf": "itti",
"gw": "with",
"sense": "with",
"norm": "itti",
"pos": "PRP",
"epos": "PRP"}
}
,
{
"node": "l",
"frag": "LUGAL",
"id": "P240177.l01003",
"ref": "P240177.24.7",
"inst": "šarri[king]N",
"sig": "@saao/saa17%akk-x-neobab:LUGAL=šarru[king//king]N'N$šarri",
"f": {"lang": "akk-x-neobab",
"form": "LUGAL",
"cf": "šarru",
"gw": "king",
"sense": "king",
"norm": "šarri",
"pos": "N",
"epos": "N"}
}
,
{
"node": "c",
"type": "phrase",
"tag": "phr",
"id": "P240177.U5",
"ref": "P240177.ls00001",
"cdl": [
{
"node": "l",
"frag": "{lu₂}DUMU-KIN-⸢šu₂⸣",
"id": "P240177.l01004",
"ref": "P240177.24.8",
"cof-tails": "P240177.l01005",
"inst": "māru[son]N$mār&šipru[sending]N$šiprīšu",
"exosig": "@saao/saa17%akk-x-neobab:{LU₂}DUMU-KIN-šu₂=māru[son//son]N'N$mār&&@saao%akk-x-neobab:=šipru[sending//sending]N'N$šiprīšu",
"f": {"lang": "akk-x-neobab",
"form": "{LU₂}DUMU-KIN-šu₂",
"cf": "māru",
"gw": "son",
"sense": "son",
"norm": "mār",
"pos": "N",
"epos": "N"}
}
,
{
"node": "l",
"frag": "{lu₂}DUMU-KIN-⸢šu₂⸣",
"id": "P240177.l01005",
"ref": "P240177.24.8",
"cof-head": "P240177.l01004",
"inst": "māru[son]N$mār&šipru[sending]N$šiprīšu",
"tail-sig": "@saao%akk-x-neobab:=šipru[sending//sending]N'N$šiprīšu",
"f": {"lang": "akk-x-neobab",
"form": "{LU₂}DUMU-KIN-šu₂",
"cf": "šipru",
"gw": "sending",
"sense": "sending",
"norm": "šiprīšu",
"pos": "N",
"epos": "N"}
}
]}
,
{
"node": "l",
"frag": "[x",
"id": "P240177.l01006",
"ref": "P240177.24.9",
"inst": "u",
"f": {"lang": "akk-x-neobab",
"form": "x",
"pos": "u"}
}
,
{
"node": "l",
"frag": "x]",
"id": "P240177.l01007",
"ref": "P240177.24.10",
"inst": "u",
"f": {"lang": "akk-x-neobab",
"form": "x",
"pos": "u"}
}
,
{
"node": "l",
"frag": "i-nam-ma",
"id": "P240177.l01008",
"ref": "P240177.24.11",
"inst": "nadānu[give]V$inamma",
"sig": "@saao/saa17%akk-x-neobab:i-nam-ma=nadānu[give//give]V'V$inamma",
"f": {"lang": "akk-x-neobab",
"form": "i-nam-ma",
"cf": "nadānu",
"gw": "give",
"sense": "give",
"norm": "inamma",
"pos": "V",
"epos": "V"}
}
,
{
"node": "d",
"type": "line-start",
"ref": "P240177.25",
"n": "6'",
"label": "r 6'"}
,
{
"node": "l",
"frag": "[x",
"id": "P240177.l01009",
"ref": "P240177.25.1",
"inst": "u",
"f": {"lang": "akk-x-neobab",
"form": "x",
"pos": "u"}
}
,
{
"node": "l",
"frag": "x",
"id": "P240177.l0100a",
"ref": "P240177.25.2",
"inst": "u",
"f": {"lang": "akk-x-neobab",
"form": "x",
"pos": "u"}
}
,
{
"node": "l",
"frag": "x",
"id": "P240177.l0100b",
"ref": "P240177.25.3",
"inst": "u",
"f": {"lang": "akk-x-neobab",
"form": "x",
"pos": "u"}
}
,
{
"node": "l",
"frag": "x",
"id": "P240177.l0100c",
"ref": "P240177.25.4",
"inst": "u",
"f": {"lang": "akk-x-neobab",
"form": "x",
"pos": "u"}
}
,
{
"node": "l",
"frag": "x",
"id": "P240177.l0100d",
"ref": "P240177.25.5",
"inst": "u",
"f": {"lang": "akk-x-neobab",
"form": "x",
"pos": "u"}
}
,
{
"node": "l",
"frag": "x]-ka",
"id": "P240177.l0100e",
"ref": "P240177.25.6",
"inst": "u",
"f": {"lang": "akk-x-neobab",
"form": "x-ka",
"pos": "u"}
}
,
{
"node": "l",
"frag": "u₃",
"id": "P240177.l0100f",
"ref": "P240177.25.7",
"inst": "u[and]CNJ",
"sig": "@saao/saa17%akk-x-neobab:u₃=u[and//and]CNJ'CNJ$u",
"f": {"lang": "akk-x-neobab",
"form": "u₃",
"cf": "u",
"gw": "and",
"sense": "and",
"norm": "u",
"pos": "CNJ",
"epos": "CNJ"}
}
,
{
"node": "l",
"frag": "a-na",
"id": "P240177.l01010",
"ref": "P240177.25.8",
"inst": "ana[to]PRP",
"sig": "@saao/saa17%akk-x-neobab:a-na=ana[to//to]PRP'PRP$ana",
"f": {"lang": "akk-x-neobab",
"form": "a-na",
"cf": "ana",
"gw": "to",
"sense": "to",
"norm": "ana",
"pos": "PRP",
"epos": "PRP"}
}
,
{
"node": "l",
"frag": "[x",
"id": "P240177.l01011",
"ref": "P240177.25.9",
"inst": "u",
"f": {"lang": "akk-x-neobab",
"form": "x",
"pos": "u"}
}
,
{
"node": "l",
"frag": "x",
"id": "P240177.l01012",
"ref": "P240177.25.10",
"inst": "u",
"f": {"lang": "akk-x-neobab",
"form": "x",
"pos": "u"}
}
,
{
"node": "l",
"frag": "x]-nu",
"id": "P240177.l01013",
"ref": "P240177.25.11",
"inst": "u",
"f": {"lang": "akk-x-neobab",
"form": "x-nu",
"pos": "u"}
}
,
{
"node": "d",
"type": "line-start",
"ref": "P240177.26",
"n": "7'",
"label": "r 7'"}
,
{
"node": "l",
"frag": "[x",
"id": "P240177.l01014",
"ref": "P240177.26.1",
"inst": "u",
"f": {"lang": "akk-x-neobab",
"form": "x",
"pos": "u"}
}
,
{
"node": "l",
"frag": "x",
"id": "P240177.l01015",
"ref": "P240177.26.2",
"inst": "u",
"f": {"lang": "akk-x-neobab",
"form": "x",
"pos": "u"}
}
,
{
"node": "l",
"frag": "x",
"id": "P240177.l01016",
"ref": "P240177.26.3",
"inst": "u",
"f": {"lang": "akk-x-neobab",
"form": "x",
"pos": "u"}
}
,
{
"node": "l",
"frag": "x",
"id": "P240177.l01017",
"ref": "P240177.26.4",
"inst": "u",
"f": {"lang": "akk-x-neobab",
"form": "x",
"pos": "u"}
}
,
{
"node": "l",
"frag": "x]-am-ma",
"id": "P240177.l01018",
"ref": "P240177.26.5",
"inst": "u",
"f": {"lang": "akk-x-neobab",
"form": "x-am-ma",
"pos": "u"}
}
,
{
"node": "l",
"frag": "a-na",
"id": "P240177.l01019",
"ref": "P240177.26.6",
"inst": "ana[to]PRP",
"sig": "@saao/saa17%akk-x-neobab:a-na=ana[to//to]PRP'PRP$ana",
"f": {"lang": "akk-x-neobab",
"form": "a-na",
"cf": "ana",
"gw": "to",
"sense": "to",
"norm": "ana",
"pos": "PRP",
"epos": "PRP"}
}
,
{
"node": "l",
"frag": "LUGAL-MEŠ",
"id": "P240177.l0101a",
"ref": "P240177.26.7",
"inst": "šarrāni[king]N",
"sig": "@saao/saa17%akk-x-neobab:LUGAL-MEŠ=šarru[king//king]N'N$šarrāni",
"f": {"lang": "akk-x-neobab",
"form": "LUGAL-MEŠ",
"cf": "šarru",
"gw": "king",
"sense": "king",
"norm": "šarrāni",
"pos": "N",
"epos": "N"}
}
,
{
"node": "l",
"frag": "lu-uh-hi-su",
"id": "P240177.l0101b",
"ref": "P240177.26.8",
"inst": "nahāsu[(re)cede//return]V$luhhisu",
"sig": "@saao/saa17%akk-x-neobab:lu-uh-hi-su=nahāsu[(re)cede//return]V'V$luhhisu",
"f": {"lang": "akk-x-neobab",
"form": "lu-uh-hi-su",
"cf": "nahāsu",
"gw": "(re)cede",
"sense": "return",
"norm": "luhhisu",
"pos": "V",
"epos": "V"}
}
,
{
"node": "d",
"type": "line-start",
"ref": "P240177.27",
"n": "8'",
"label": "r 8'"}
,
{
"node": "l",
"frag": "[x",
"id": "P240177.l0101c",
"ref": "P240177.27.1",
"inst": "u",
"f": {"lang": "akk-x-neobab",
"form": "x",
"pos": "u"}
}
,
{
"node": "l",
"frag": "x",
"id": "P240177.l0101d",
"ref": "P240177.27.2",
"inst": "u",
"f": {"lang": "akk-x-neobab",
"form": "x",
"pos": "u"}
}
,
{
"node": "l",
"frag": "x",
"id": "P240177.l0101e",
"ref": "P240177.27.3",
"inst": "u",
"f": {"lang": "akk-x-neobab",
"form": "x",
"pos": "u"}
}
,
{
"node": "l",
"frag": "x",
"id": "P240177.l0101f",
"ref": "P240177.27.4",
"inst": "u",
"f": {"lang": "akk-x-neobab",
"form": "x",
"pos": "u"}
}
,
{
"node": "l",
"frag": "x",
"id": "P240177.l01020",
"ref": "P240177.27.5",
"inst": "u",
"f": {"lang": "akk-x-neobab",
"form": "x",
"pos": "u"}
}
,
{
"node": "l",
"frag": "x]",
"id": "P240177.l01021",
"ref": "P240177.27.6",
"inst": "u",
"f": {"lang": "akk-x-neobab",
"form": "x",
"pos": "u"}
}
,
{
"node": "l",
"frag": "ul",
"id": "P240177.l01022",
"ref": "P240177.27.7",
"inst": "ul[not]MOD",
"sig": "@saao/saa17%akk-x-neobab:ul=ul[not//not]MOD'MOD$ul",
"f": {"lang": "akk-x-neobab",
"form": "ul",
"cf": "ul",
"gw": "not",
"sense": "not",
"norm": "ul",
"pos": "MOD",
"epos": "MOD"}
}
,
{
"node": "l",
"frag": "i-na-ah-hi-su-ma",
"id": "P240177.l01023",
"ref": "P240177.27.8",
"inst": "nahāsu[(re)cede//return]V$inahhisūma",
"sig": "@saao/saa17%akk-x-neobab:i-na-ah-hi-su-ma=nahāsu[(re)cede//return]V'V$inahhisūma",
"f": {"lang": "akk-x-neobab",
"form": "i-na-ah-hi-su-ma",
"cf": "nahāsu",
"gw": "(re)cede",
"sense": "return",
"norm": "inahhisūma",
"pos": "V",
"epos": "V"}
}
,
{
"node": "l",
"frag": "a-na",
"id": "P240177.l01024",
"ref": "P240177.27.9",
"inst": "ana[to]PRP",
"sig": "@saao/saa17%akk-x-neobab:a-na=ana[to//to]PRP'PRP$ana",
"f": {"lang": "akk-x-neobab",
"form": "a-na",
"cf": "ana",
"gw": "to",
"sense": "to",
"norm": "ana",
"pos": "PRP",
"epos": "PRP"}
}
,
{
"node": "l",
"frag": "KUR-aš-šur",
"id": "P240177.l01025",
"ref": "P240177.27.10",
"inst": "+Mat-Aššur[Assyria]GN$",
"exosig": "@saao/saa17%akk-x-neobab:KUR-aš-šur=Mat-Aššur[Assyria//Assyria]GN'GN$Mat-Aššur",
"f": {"lang": "akk-x-neobab",
"form": "KUR-aš-šur",
"cf": "Mat-Aššur",
"gw": "Assyria",
"sense": "Assyria",
"norm": "Mat-Aššur",
"pos": "GN",
"epos": "GN"}
}
,
{
"node": "d",
"type": "line-start",
"ref": "P240177.28",
"n": "9'",
"label": "r 9'"}
,
{
"node": "l",
"frag": "[x",
"id": "P240177.l01026",
"ref": "P240177.28.1",
"inst": "u",
"f": {"lang": "akk-x-neobab",
"form": "x",
"pos": "u"}
}
,
{
"node": "l",
"frag": "x",
"id": "P240177.l01027",
"ref": "P240177.28.2",
"inst": "u",
"f": {"lang": "akk-x-neobab",
"form": "x",
"pos": "u"}
}
,
{
"node": "l",
"frag": "x",
"id": "P240177.l01028",
"ref": "P240177.28.3",
"inst": "u",
"f": {"lang": "akk-x-neobab",
"form": "x",
"pos": "u"}
}
,
{
"node": "l",
"frag": "x",
"id": "P240177.l01029",
"ref": "P240177.28.4",
"inst": "u",
"f": {"lang": "akk-x-neobab",
"form": "x",
"pos": "u"}
}
,
{
"node": "l",
"frag": "x",
"id": "P240177.l0102a",
"ref": "P240177.28.5",
"inst": "u",
"f": {"lang": "akk-x-neobab",
"form": "x",
"pos": "u"}
}
,
{
"node": "l",
"frag": "x]",
"id": "P240177.l0102b",
"ref": "P240177.28.6",
"inst": "u",
"f": {"lang": "akk-x-neobab",
"form": "x",
"pos": "u"}
}
,
{
"node": "l",
"frag": "ul",
"id": "P240177.l0102c",
"ref": "P240177.28.7",
"inst": "ul[not]MOD",
"sig": "@saao/saa17%akk-x-neobab:ul=ul[not//not]MOD'MOD$ul",
"f": {"lang": "akk-x-neobab",
"form": "ul",
"cf": "ul",
"gw": "not",
"sense": "not",
"norm": "ul",
"pos": "MOD",
"epos": "MOD"}
}
,
{
"node": "l",
"frag": "il-⸢lak⸣",
"id": "P240177.l0102d",
"ref": "P240177.28.8",
"inst": "illak[go]V",
"sig": "@saao/saa17%akk-x-neobab:il-lak=alāku[go//go]V'V$illak",
"f": {"lang": "akk-x-neobab",
"form": "il-lak",
"cf": "alāku",
"gw": "go",
"sense": "go",
"norm": "illak",
"pos": "V",
"epos": "V"}
}
,
{
"node": "l",
"frag": "[x",
"id": "P240177.l0102e",
"ref": "P240177.28.9",
"inst": "u",
"f": {"lang": "akk-x-neobab",
"form": "x",
"pos": "u"}
}
,
{
"node": "l",
"frag": "x",
"id": "P240177.l0102f",
"ref": "P240177.28.10",
"inst": "u",
"f": {"lang": "akk-x-neobab",
"form": "x",
"pos": "u"}
}
,
{
"node": "l",
"frag": "x",
"id": "P240177.l01030",
"ref": "P240177.28.11",
"inst": "u",
"f": {"lang": "akk-x-neobab",
"form": "x",
"pos": "u"}
}
,
{
"node": "l",
"frag": "x",
"id": "P240177.l01031",
"ref": "P240177.28.12",
"inst": "u",
"f": {"lang": "akk-x-neobab",
"form": "x",
"pos": "u"}
}
,
{
"node": "l",
"frag": "x",
"id": "P240177.l01032",
"ref": "P240177.28.13",
"inst": "u",
"f": {"lang": "akk-x-neobab",
"form": "x",
"pos": "u"}
}
,
{
"node": "l",
"frag": "x]",
"id": "P240177.l01033",
"ref": "P240177.28.14",
"inst": "u",
"f": {"lang": "akk-x-neobab",
"form": "x",
"pos": "u"}
}
,
{
"node": "d",
"type": "line-start",
"ref": "P240177.29",
"n": "10'",
"label": "r 10'"}
,
{
"node": "l",
"frag": "[x",
"id": "P240177.l01034",
"ref": "P240177.29.1",
"inst": "u",
"f": {"lang": "akk-x-neobab",
"form": "x",
"pos": "u"}
}
,
{
"node": "l",
"frag": "x",
"id": "P240177.l01035",
"ref": "P240177.29.2",
"inst": "u",
"f": {"lang": "akk-x-neobab",
"form": "x",
"pos": "u"}
}
,
{
"node": "l",
"frag": "x",
"id": "P240177.l01036",
"ref": "P240177.29.3",
"inst": "u",
"f": {"lang": "akk-x-neobab",
"form": "x",
"pos": "u"}
}
,
{
"node": "l",
"frag": "x",
"id": "P240177.l01037",
"ref": "P240177.29.4",
"inst": "u",
"f": {"lang": "akk-x-neobab",
"form": "x",
"pos": "u"}
}
,
{
"node": "l",
"frag": "x",
"id": "P240177.l01038",
"ref": "P240177.29.5",
"inst": "u",
"f": {"lang": "akk-x-neobab",
"form": "x",
"pos": "u"}
}
,
{
"node": "l",
"frag": "x",
"id": "P240177.l01039",
"ref": "P240177.29.6",
"inst": "u",
"f": {"lang": "akk-x-neobab",
"form": "x",
"pos": "u"}
}
,
{
"node": "l",
"frag": "x",
"id": "P240177.l0103a",
"ref": "P240177.29.7",
"inst": "u",
"f": {"lang": "akk-x-neobab",
"form": "x",
"pos": "u"}
}
,
{
"node": "l",
"frag": "x]",
"id": "P240177.l0103b",
"ref": "P240177.29.8",
"inst": "u",
"f": {"lang": "akk-x-neobab",
"form": "x",
"pos": "u"}
}
,
{
"node": "l",
"frag": "⸢x⸣",
"id": "P240177.l0103c",
"ref": "P240177.29.9",
"inst": "u",
"f": {"lang": "akk-x-neobab",
"form": "x",
"pos": "u"}
}
,
{
"node": "l",
"frag": "[x",
"id": "P240177.l0103d",
"ref": "P240177.29.10",
"inst": "u",
"f": {"lang": "akk-x-neobab",
"form": "x",
"pos": "u"}
}
,
{
"node": "l",
"frag": "x",
"id": "P240177.l0103e",
"ref": "P240177.29.11",
"inst": "u",
"f": {"lang": "akk-x-neobab",
"form": "x",
"pos": "u"}
}
,
{
"node": "l",
"frag": "x",
"id": "P240177.l0103f",
"ref": "P240177.29.12",
"inst": "u",
"f": {"lang": "akk-x-neobab",
"form": "x",
"pos": "u"}
}
,
{
"node": "l",
"frag": "x",
"id": "P240177.l01040",
"ref": "P240177.29.13",
"inst": "u",
"f": {"lang": "akk-x-neobab",
"form": "x",
"pos": "u"}
}
,
{
"node": "l",
"frag": "x",
"id": "P240177.l01041",
"ref": "P240177.29.14",
"inst": "u",
"f": {"lang": "akk-x-neobab",
"form": "x",
"pos": "u"}
}
,
{
"node": "l",
"frag": "x",
"id": "P240177.l01042",
"ref": "P240177.29.15",
"inst": "u",
"f": {"lang": "akk-x-neobab",
"form": "x",
"pos": "u"}
}
,
{
"node": "l",
"frag": "x]",
"id": "P240177.l01043",
"ref": "P240177.29.16",
"inst": "u",
"f": {"lang": "akk-x-neobab",
"form": "x",
"pos": "u"}
}
,
{
"node": "d",
"type": "line-start",
"ref": "P240177.30",
"n": "11'",
"label": "r 11'"}
,
{
"node": "l",
"frag": "[x",
"id": "P240177.l01044",
"ref": "P240177.30.1",
"inst": "u",
"f": {"lang": "akk-x-neobab",
"form": "x",
"pos": "u"}
}
,
{
"node": "l",
"frag": "x",
"id": "P240177.l01045",
"ref": "P240177.30.2",
"inst": "u",
"f": {"lang": "akk-x-neobab",
"form": "x",
"pos": "u"}
}
,
{
"node": "l",
"frag": "x",
"id": "P240177.l01046",
"ref": "P240177.30.3",
"inst": "u",
"f": {"lang": "akk-x-neobab",
"form": "x",
"pos": "u"}
}
,
{
"node": "l",
"frag": "x",
"id": "P240177.l01047",
"ref": "P240177.30.4",
"inst": "u",
"f": {"lang": "akk-x-neobab",
"form": "x",
"pos": "u"}
}
,
{
"node": "l",
"frag": "x]",
"id": "P240177.l01048",
"ref": "P240177.30.5",
"inst": "u",
"f": {"lang": "akk-x-neobab",
"form": "x",
"pos": "u"}
}
,
{
"node": "l",
"frag": "⸢šip⸣-re-e-ti",
"id": "P240177.l01049",
"ref": "P240177.30.6",
"inst": "šipirtu[message//letter]N$šiprēti",
"sig": "@saao/saa17%akk-x-neobab:šip-re-e-ti=šipirtu[message//letter]N'N$šiprēti",
"f": {"lang": "akk-x-neobab",
"form": "šip-re-e-ti",
"cf": "šipirtu",
"gw": "message",
"sense": "letter",
"norm": "šiprēti",
"pos": "N",
"epos": "N"}
}
,
{
"node": "l",
"frag": "[x",
"id": "P240177.l0104a",
"ref": "P240177.30.7",
"inst": "u",
"f": {"lang": "akk-x-neobab",
"form": "x",
"pos": "u"}
}
,
{
"node": "l",
"frag": "x",
"id": "P240177.l0104b",
"ref": "P240177.30.8",
"inst": "u",
"f": {"lang": "akk-x-neobab",
"form": "x",
"pos": "u"}
}
,
{
"node": "l",
"frag": "x",
"id": "P240177.l0104c",
"ref": "P240177.30.9",
"inst": "u",
"f": {"lang": "akk-x-neobab",
"form": "x",
"pos": "u"}
}
,
{
"node": "l",
"frag": "x",
"id": "P240177.l0104d",
"ref": "P240177.30.10",
"inst": "u",
"f": {"lang": "akk-x-neobab",
"form": "x",
"pos": "u"}
}
,
{
"node": "l",
"frag": "x",
"id": "P240177.l0104e",
"ref": "P240177.30.11",
"inst": "u",
"f": {"lang": "akk-x-neobab",
"form": "x",
"pos": "u"}
}
,
{
"node": "l",
"frag": "x",
"id": "P240177.l0104f",
"ref": "P240177.30.12",
"inst": "u",
"f": {"lang": "akk-x-neobab",
"form": "x",
"pos": "u"}
}
,
{
"node": "l",
"frag": "x]",
"id": "P240177.l01050",
"ref": "P240177.30.13",
"inst": "u",
"f": {"lang": "akk-x-neobab",
"form": "x",
"pos": "u"}
}
,
{
"node": "d",
"subtype": "right",
"type": "surface",
"ref": "P240177.r.e..31",
"type": "right",
"label": "r.e."}
,
{
"node": "d",
"type": "line-start",
"ref": "P240177.32",
"n": "12",
"label": "r.e. 12"}
,
{
"node": "l",
"frag": "[x",
"id": "P240177.l01051",
"ref": "P240177.32.1",
"inst": "u",
"f": {"lang": "akk-x-neobab",
"form": "x",
"pos": "u"}
}
,
{
"node": "l",
"frag": "x",
"id": "P240177.l01052",
"ref": "P240177.32.2",
"inst": "u",
"f": {"lang": "akk-x-neobab",
"form": "x",
"pos": "u"}
}
,
{
"node": "l",
"frag": "x",
"id": "P240177.l01053",
"ref": "P240177.32.3",
"inst": "u",
"f": {"lang": "akk-x-neobab",
"form": "x",
"pos": "u"}
}
,
{
"node": "l",
"frag": "x]",
"id": "P240177.l01054",
"ref": "P240177.32.4",
"inst": "u",
"f": {"lang": "akk-x-neobab",
"form": "x",
"pos": "u"}
}
,
{
"node": "l",
"frag": "⸢šak⸣-nu-ti",
"id": "P240177.l01055",
"ref": "P240177.32.5",
"inst": "šaknu[placed]AJ$šaknūti",
"sig": "@saao/saa17%akk-x-neobab:šak-nu-ti=šaknu[placed//placed]AJ'AJ$šaknūti",
"f": {"lang": "akk-x-neobab",
"form": "šak-nu-ti",
"cf": "šaknu",
"gw": "placed",
"sense": "placed",
"norm": "šaknūti",
"pos": "AJ",
"epos": "AJ"}
}
,
{
"node": "l",
"frag": "ki-i",
"id": "P240177.l01056",
"ref": "P240177.32.6",
"inst": "kî[like//if]PRP'MOD",
"sig": "@saao/saa17%akk-x-neobab:ki-i=kī[like//if]PRP'MOD$kî",
"f": {"lang": "akk-x-neobab",
"form": "ki-i",
"cf": "kī",
"gw": "like",
"sense": "if",
"norm": "kî",
"pos": "PRP",
"epos": "MOD"}
}
,
{
"node": "l",
"frag": "la",
"id": "P240177.l01057",
"ref": "P240177.32.7",
"inst": "lā[not]MOD",
"sig": "@saao/saa17%akk-x-neobab:la=lā[not//not]MOD'MOD$lā",
"f": {"lang": "akk-x-neobab",
"form": "la",
"cf": "lā",
"gw": "not",
"sense": "not",
"norm": "lā",
"pos": "MOD",
"epos": "MOD"}
}
,
{
"node": "l",
"frag": "⸢x⸣+[x",
"id": "P240177.l01058",
"ref": "P240177.32.8",
"inst": "u",
"f": {"lang": "akk-x-neobab",
"form": "x+x",
"pos": "u"}
}
,
{
"node": "l",
"frag": "x",
"id": "P240177.l01059",
"ref": "P240177.32.9",
"inst": "u",
"f": {"lang": "akk-x-neobab",
"form": "x",
"pos": "u"}
}
,
{
"node": "l",
"frag": "x",
"id": "P240177.l0105a",
"ref": "P240177.32.10",
"inst": "u",
"f": {"lang": "akk-x-neobab",
"form": "x",
"pos": "u"}
}
,
{
"node": "l",
"frag": "x",
"id": "P240177.l0105b",
"ref": "P240177.32.11",
"inst": "u",
"f": {"lang": "akk-x-neobab",
"form": "x",
"pos": "u"}
}
,
{
"node": "l",
"frag": "x]",
"id": "P240177.l0105c",
"ref": "P240177.32.12",
"inst": "u",
"f": {"lang": "akk-x-neobab",
"form": "x",
"pos": "u"}
}
,
{
"node": "d",
"type": "line-start",
"ref": "P240177.33",
"n": "13",
"label": "r.e. 13"}
,
{
"node": "l",
"frag": "[a]-⸢na⸣",
"id": "P240177.l0105d",
"ref": "P240177.33.1",
"inst": "ana[to]PRP",
"sig": "@saao/saa17%akk-x-neobab:a-na=ana[to//to]PRP'PRP$ana",
"f": {"lang": "akk-x-neobab",
"form": "a-na",
"cf": "ana",
"gw": "to",
"sense": "to",
"norm": "ana",
"pos": "PRP",
"epos": "PRP"}
}
,
{
"node": "l",
"frag": "E₂.GAL",
"id": "P240177.l0105e",
"ref": "P240177.33.2",
"inst": "ēkalli[palace]N",
"sig": "@saao/saa17%akk-x-neobab:E₂.GAL=ēkallu[palace//palace]N'N$ēkalli",
"f": {"lang": "akk-x-neobab",
"form": "E₂.GAL",
"cf": "ēkallu",
"gw": "palace",
"sense": "palace",
"norm": "ēkalli",
"pos": "N",
"epos": "N"}
}
,
{
"node": "l",
"frag": "liš-šu-u₂",
"id": "P240177.l0105f",
"ref": "P240177.33.3",
"inst": "našû[lift//take]V$liššû",
"sig": "@saao/saa17%akk-x-neobab:liš-šu-u₂=našû[lift//take]V'V$liššû",
"f": {"lang": "akk-x-neobab",
"form": "liš-šu-u₂",
"cf": "našû",
"gw": "lift",
"sense": "take",
"norm": "liššû",
"pos": "V",
"epos": "V"}
}
,
{
"node": "l",
"frag": "ul",
"id": "P240177.l01060",
"ref": "P240177.33.4",
"inst": "ul[not]MOD",
"sig": "@saao/saa17%akk-x-neobab:ul=ul[not//not]MOD'MOD$ul",
"f": {"lang": "akk-x-neobab",
"form": "ul",
"cf": "ul",
"gw": "not",
"sense": "not",
"norm": "ul",
"pos": "MOD",
"epos": "MOD"}
}
,
{
"node": "l",
"frag": "i-man-ni",
"id": "P240177.l01061",
"ref": "P240177.33.5",
"inst": "manû[count]V$imanni",
"sig": "@saao/saa17%akk-x-neobab:i-man-ni=manû[count//count]V'V$imanni",
"f": {"lang": "akk-x-neobab",
"form": "i-man-ni",
"cf": "manû",
"gw": "count",
"sense": "count",
"norm": "imanni",
"pos": "V",
"epos": "V"}
}
,
{
"node": "l",
"frag": "⸢x⸣+[x",
"id": "P240177.l01062",
"ref": "P240177.33.6",
"inst": "u",
"f": {"lang": "akk-x-neobab",
"form": "x+x",
"pos": "u"}
}
,
{
"node": "l",
"frag": "x]",
"id": "P240177.l01063",
"ref": "P240177.33.7",
"inst": "u",
"f": {"lang": "akk-x-neobab",
"form": "x",
"pos": "u"}
}
]}
]}
]}
,
{
"linkbase": [{
"type": "linkset",
"xlink_title": "bēl ṭābti[friend//friend]N'N",
"id": "P240177.ls00000",
"xlink_type": "extended",
"xlink_role": "psu",
"sig": "{EN-MUN = bēlu[lord]N ṭābtu[goodness]N += bēl ṭābti[friend//friend]N'N}::@saao/saa10%akk-x-neobab:EN-MUN=bēlu[lord//lord]N'N$bēl++@saao/saa10%akk-x-neobab:EN-MUN=ṭābtu[goodness//goodness]N'N$ṭābti",
"links": [
{
"type": "link",
"xlink_title": "bēlu",
"xlink_type": "locator",
"xlink_href": "#P240177.l00f88",
"xlink_role": "elt"}
,
{
"type": "link",
"xlink_title": "ṭābtu",
"xlink_type": "locator",
"xlink_href": "#P240177.l00f89",
"xlink_role": "elt"}
]}
,
{
"type": "linkset",
"xlink_title": "mār šipri[messenger//messenger]N'N",
"id": "P240177.ls00001",
"xlink_type": "extended",
"xlink_role": "psu",
"sig": "{{LU₂}A-KIN-šu₂ = māru[son]N šipru[sending]N += mār šipri[messenger//messenger]N'N}::@saao/saa10%akk-x-neobab:{LU₂}A-KIN-šu₂=māru[son//son]N'N$mār++@saao/saa10%akk-x-neobab:{LU₂}A-KIN-šu₂=šipru[sending//sending]N'N$šiprīšu",
"links": [
{
"type": "link",
"xlink_title": "māru",
"xlink_type": "locator",
"xlink_href": "#P240177.l01004",
"xlink_role": "elt"}
,
{
"type": "link",
"xlink_title": "šipru",
"xlink_type": "locator",
"xlink_href": "#P240177.l01005",
"xlink_role": "elt"}
]}
]}
]}
