{
  "type": "glossary",
  "project": "blms",
  "source": "http://oracc.org/blms",
  "license": "This data is released under the CC0 license",
  "license-url": "https://creativecommons.org/publicdomain/zero/1.0/",
  "more-info": "http://oracc.org/doc/opendata/",
  "UTC-timestamp": "2017-06-21T21:48:27",
  "lang": "qpn-x-months",
  "entries": [
    {
      "headword": "Nisannu[1]MN",
      "id": "qpn-x-months.x000000",
      "icount": "3",
      "ipct": "100",
      "xis": "qpn.r00000",
      "cf": "Nisannu",
      "gw": "1",
      "pos": "MN",
      "forms": [
        {
          "type": "form",
          "id": "qpn-x-months.x000001",
          "n": "{iti}BAR",
          "icount": "1",
          "ipct": "33",
          "xis": "qpn.r00001"
        },
        {
          "type": "form",
          "id": "qpn-x-months.x000002",
          "n": "{iti}BARA₂",
          "icount": "2",
          "ipct": "67",
          "xis": "qpn.r00002"
        }
      ],
      "norms": [
        {
          "id": "qpn-x-months.x000003",
          "icount": "3",
          "ipct": "100",
          "xis": "qpn.r00000",
          "n": "Nisannu",
          "forms": [
            {
              "type": "normform",
              "id": "qpn-x-months.x000004",
              "ref": "qpn-x-months.x000001",
              "icount": "1",
              "ipct": "33",
              "xis": "qpn.r00001"
            },
            {
              "type": "normform",
              "id": "qpn-x-months.x000005",
              "ref": "qpn-x-months.x000002",
              "icount": "2",
              "ipct": "67",
              "xis": "qpn.r00002"
            }
          ]
        }
      ],
      "senses": [
        {
          "type": "sense",
          "id": "qpn-x-months.x000006",
          "n": "Nisannu[1//1]MN'MN",
          "icount": "3",
          "ipct": "100",
          "xis": "qpn.r00000",
          "pos": "MN",
          "mng": "1",
          "forms": [
            {
              "type": "form",
              "id": "qpn-x-months.x000007",
              "n": "%akk-x-stdbab:{iti}BAR",
              "icount": "1",
              "ipct": "33",
              "xis": "qpn.r00001"
            },
            {
              "type": "form",
              "id": "qpn-x-months.x000008",
              "n": "%akk-x-stdbab:{iti}BARA₂",
              "icount": "2",
              "ipct": "67",
              "xis": "qpn.r00002"
            }
          ],
          "norms": [
            {
              "id": "qpn-x-months.x000009",
              "n": "Nisannu",
              "icount": "3",
              "ipct": "100",
              "xis": "qpn.r00000"
            }
          ],
          "sigs": [
            {
              "type": "sig",
              "id": "qpn-x-months.x000010",
              "sig": "@blms%akk-x-stdbab:{iti}BAR=Nisannu[1//1]MN'MN$Nisannu",
              "icount": "1",
              "ipct": "33",
              "xis": "qpn.r00001"
            },
            {
              "type": "sig",
              "id": "qpn-x-months.x000011",
              "sig": "@blms%akk-x-stdbab:{iti}BARA₂=Nisannu[1//1]MN'MN$Nisannu",
              "icount": "2",
              "ipct": "67",
              "xis": "qpn.r00002"
            }
          ]
        }
      ]
    }
  ],
  "instances": {
    "qpn.r00000": [
      "blms:P357277.40.3",
      "blms:P368468.37.1",
      "blms:P369092.41.1"
    ],
    "qpn.r00002": [
      "blms:P368468.37.1",
      "blms:P369092.41.1"
    ],
    "qpn.r00001": [
      "blms:P357277.40.3"
    ],
    "qpn.r00000.p.s000": [
      "blms:P369092.41.1"
    ],
    "qpn.r00000.p.s001": [
      "blms:P368468.37.1",
      "blms:P357277.40.3"
    ],
    "qpn.r00002.p.s000": [
      "blms:P369092.41.1"
    ],
    "qpn.r00002.p.s001": [
      "blms:P368468.37.1"
    ],
    "qpn.r00001.p.s000": [
      "blms:P357277.40.3"
    ]
  }
}
