{
  "type": "index",
  "project": "blms",
  "source": "http://oracc.org/blms",
  "license": "This data is released under the CC0 license",
  "license-url": "https://creativecommons.org/publicdomain/zero/1.0/",
  "more-info": "http://oracc.org/doc/opendata/",
  "UTC-timestamp": "2018-06-04T03:19:11",
  "name": "cbd/akk-x-oldbab",
  "keys": [
    {
      "key": "#",
      "count": "4",
      "instances": [
        "akk-x-oldbab.x000100",
        "akk-x-oldbab.x000100",
        "akk-x-oldbab.x000108",
        "akk-x-oldbab.x000108"
      ]
    },
    {
      "key": "a",
      "count": "5",
      "instances": [
        "akk-x-oldbab.x000000",
        "akk-x-oldbab.x000008",
        "akk-x-oldbab.x000016",
        "akk-x-oldbab.x000016",
        "akk-x-oldbab.x000016"
      ]
    },
    {
      "key": "e",
      "count": "1",
      "instances": [
        "akk-x-oldbab.x000078"
      ]
    },
    {
      "key": "i",
      "count": "6",
      "instances": [
        "akk-x-oldbab.x000108",
        "akk-x-oldbab.x000108",
        "akk-x-oldbab.x000116",
        "akk-x-oldbab.x000116",
        "akk-x-oldbab.x000130",
        "akk-x-oldbab.x000330"
      ]
    },
    {
      "key": "u",
      "count": "2",
      "instances": [
        "akk-x-oldbab.x000338",
        "akk-x-oldbab.x000338"
      ]
    },
    {
      "key": "oldbab",
      "count": "1",
      "instances": [
        "akk-x-oldbab.x000100"
      ]
    },
    {
      "key": "nabu",
      "count": "2",
      "instances": [
        "akk-x-oldbab.x000206",
        "akk-x-oldbab.x000206"
      ]
    },
    {
      "key": "anything",
      "count": "2",
      "instances": [
        "akk-x-oldbab.x000190",
        "akk-x-oldbab.x000190"
      ]
    },
    {
      "key": "erṣetu",
      "count": "1",
      "instances": [
        "akk-x-oldbab.x000086"
      ]
    },
    {
      "key": "scrutinises",
      "count": "1",
      "instances": [
        "akk-x-oldbab.x000024"
      ]
    },
    {
      "key": "river",
      "count": "2",
      "instances": [
        "akk-x-oldbab.x000222",
        "akk-x-oldbab.x000222"
      ]
    },
    {
      "key": "oldbablib₃",
      "count": "1",
      "instances": [
        "akk-x-oldbab.x000182"
      ]
    },
    {
      "key": "name",
      "count": "2",
      "instances": [
        "akk-x-oldbab.x000316",
        "akk-x-oldbab.x000316"
      ]
    },
    {
      "key": "kiššatu[totality]",
      "count": "1",
      "instances": [
        "akk-x-oldbab.x000158"
      ]
    },
    {
      "key": "dayyanu",
      "count": "1",
      "instances": [
        "akk-x-oldbab.x000054"
      ]
    },
    {
      "key": "diviner",
      "count": "2",
      "instances": [
        "akk-x-oldbab.x000024",
        "akk-x-oldbab.x000024"
      ]
    },
    {
      "key": "wide",
      "count": "1",
      "instances": [
        "akk-x-oldbab.x000262"
      ]
    },
    {
      "key": "naru",
      "count": "1",
      "instances": [
        "akk-x-oldbab.x000222"
      ]
    },
    {
      "key": "elitim",
      "count": "1",
      "instances": [
        "akk-x-oldbab.x000078"
      ]
    },
    {
      "key": "u[and]",
      "count": "1",
      "instances": [
        "akk-x-oldbab.x000338"
      ]
    },
    {
      "key": "oldbabšum",
      "count": "1",
      "instances": [
        "akk-x-oldbab.x000316"
      ]
    },
    {
      "key": "giṭṭu[oblong tablet]",
      "count": "1",
      "instances": [
        "akk-x-oldbab.x000100"
      ]
    },
    {
      "key": "approach",
      "count": "2",
      "instances": [
        "akk-x-oldbab.x000330",
        "akk-x-oldbab.x000330"
      ]
    },
    {
      "key": "mišarim",
      "count": "1",
      "instances": [
        "akk-x-oldbab.x000198"
      ]
    },
    {
      "key": "rain",
      "count": "2",
      "instances": [
        "akk-x-oldbab.x000346",
        "akk-x-oldbab.x000346"
      ]
    },
    {
      "key": "kab",
      "count": "1",
      "instances": [
        "akk-x-oldbab.x000142"
      ]
    },
    {
      "key": "bitum",
      "count": "1",
      "instances": [
        "akk-x-oldbab.x000039"
      ]
    },
    {
      "key": "nabû[called]",
      "count": "1",
      "instances": [
        "akk-x-oldbab.x000206"
      ]
    },
    {
      "key": "šamû[heaven]",
      "count": "1",
      "instances": [
        "akk-x-oldbab.x000286"
      ]
    },
    {
      "key": "am",
      "count": "4",
      "instances": [
        "akk-x-oldbab.x000214",
        "akk-x-oldbab.x000214",
        "akk-x-oldbab.x000316",
        "akk-x-oldbab.x000316"
      ]
    },
    {
      "key": "an",
      "count": "3",
      "instances": [
        "akk-x-oldbab.x000054",
        "akk-x-oldbab.x000054",
        "akk-x-oldbab.x000286"
      ]
    },
    {
      "key": "i₁₁",
      "count": "2",
      "instances": [
        "akk-x-oldbab.x000108",
        "akk-x-oldbab.x000108"
      ]
    },
    {
      "key": "ap",
      "count": "2",
      "instances": [
        "akk-x-oldbab.x000300",
        "akk-x-oldbab.x000300"
      ]
    },
    {
      "key": "ar",
      "count": "2",
      "instances": [
        "akk-x-oldbab.x000230",
        "akk-x-oldbab.x000230"
      ]
    },
    {
      "key": "ṣīru[exalted]",
      "count": "1",
      "instances": [
        "akk-x-oldbab.x000270"
      ]
    },
    {
      "key": "oldbabnam",
      "count": "1",
      "instances": [
        "akk-x-oldbab.x000238"
      ]
    },
    {
      "key": "da",
      "count": "1",
      "instances": [
        "akk-x-oldbab.x000054"
      ]
    },
    {
      "key": "er",
      "count": "1",
      "instances": [
        "akk-x-oldbab.x000086"
      ]
    },
    {
      "key": "el",
      "count": "1",
      "instances": [
        "akk-x-oldbab.x000070"
      ]
    },
    {
      "key": "eb",
      "count": "1",
      "instances": [
        "akk-x-oldbab.x000062"
      ]
    },
    {
      "key": "ed",
      "count": "2",
      "instances": [
        "akk-x-oldbab.x000008",
        "akk-x-oldbab.x000008"
      ]
    },
    {
      "key": "bi",
      "count": "4",
      "instances": [
        "akk-x-oldbab.x000039",
        "akk-x-oldbab.x000039",
        "akk-x-oldbab.x000182",
        "akk-x-oldbab.x000182"
      ]
    },
    {
      "key": "ba",
      "count": "4",
      "instances": [
        "akk-x-oldbab.x000016",
        "akk-x-oldbab.x000016",
        "akk-x-oldbab.x000024",
        "akk-x-oldbab.x000024"
      ]
    },
    {
      "key": "be",
      "count": "2",
      "instances": [
        "akk-x-oldbab.x000230",
        "akk-x-oldbab.x000246"
      ]
    },
    {
      "key": "bu",
      "count": "4",
      "instances": [
        "akk-x-oldbab.x000062",
        "akk-x-oldbab.x000062",
        "akk-x-oldbab.x000206",
        "akk-x-oldbab.x000206"
      ]
    },
    {
      "key": "šumu[name]",
      "count": "1",
      "instances": [
        "akk-x-oldbab.x000316"
      ]
    },
    {
      "key": "lum",
      "count": "2",
      "instances": [
        "akk-x-oldbab.x000116",
        "akk-x-oldbab.x000116"
      ]
    },
    {
      "key": "ha",
      "count": "1",
      "instances": [
        "akk-x-oldbab.x000108"
      ]
    },
    {
      "key": "hu",
      "count": "2",
      "instances": [
        "akk-x-oldbab.x000330",
        "akk-x-oldbab.x000330"
      ]
    },
    {
      "key": "house",
      "count": "2",
      "instances": [
        "akk-x-oldbab.x000039",
        "akk-x-oldbab.x000039"
      ]
    },
    {
      "key": "like",
      "count": "2",
      "instances": [
        "akk-x-oldbab.x000150",
        "akk-x-oldbab.x000150"
      ]
    },
    {
      "key": "ki",
      "count": "4",
      "instances": [
        "akk-x-oldbab.x000086",
        "akk-x-oldbab.x000150",
        "akk-x-oldbab.x000158",
        "akk-x-oldbab.x000166"
      ]
    },
    {
      "key": "lu",
      "count": "2",
      "instances": [
        "akk-x-oldbab.x000070",
        "akk-x-oldbab.x000070"
      ]
    },
    {
      "key": "li",
      "count": "6",
      "instances": [
        "akk-x-oldbab.x000078",
        "akk-x-oldbab.x000078",
        "akk-x-oldbab.x000116",
        "akk-x-oldbab.x000116",
        "akk-x-oldbab.x000300",
        "akk-x-oldbab.x000300"
      ]
    },
    {
      "key": "hand",
      "count": "2",
      "instances": [
        "akk-x-oldbab.x000254",
        "akk-x-oldbab.x000254"
      ]
    },
    {
      "key": "la",
      "count": "3",
      "instances": [
        "akk-x-oldbab.x000174",
        "akk-x-oldbab.x000174",
        "akk-x-oldbab.x000174"
      ]
    },
    {
      "key": "im",
      "count": "6",
      "instances": [
        "akk-x-oldbab.x000100",
        "akk-x-oldbab.x000100",
        "akk-x-oldbab.x000190",
        "akk-x-oldbab.x000190",
        "akk-x-oldbab.x000198",
        "akk-x-oldbab.x000198"
      ]
    },
    {
      "key": "in",
      "count": "2",
      "instances": [
        "akk-x-oldbab.x000130",
        "akk-x-oldbab.x000130"
      ]
    },
    {
      "key": "nāru[river]",
      "count": "1",
      "instances": [
        "akk-x-oldbab.x000222"
      ]
    },
    {
      "key": "ia",
      "count": "4",
      "instances": [
        "akk-x-oldbab.x000016",
        "akk-x-oldbab.x000016",
        "akk-x-oldbab.x000054",
        "akk-x-oldbab.x000054"
      ]
    },
    {
      "key": "it",
      "count": "4",
      "instances": [
        "akk-x-oldbab.x000039",
        "akk-x-oldbab.x000039",
        "akk-x-oldbab.x000166",
        "akk-x-oldbab.x000166"
      ]
    },
    {
      "key": "na",
      "count": "10",
      "instances": [
        "akk-x-oldbab.x000000",
        "akk-x-oldbab.x000000",
        "akk-x-oldbab.x000130",
        "akk-x-oldbab.x000130",
        "akk-x-oldbab.x000130",
        "akk-x-oldbab.x000206",
        "akk-x-oldbab.x000214",
        "akk-x-oldbab.x000222",
        "akk-x-oldbab.x000346",
        "akk-x-oldbab.x000346"
      ]
    },
    {
      "key": "ašarēdu[pre-eminent one]",
      "count": "1",
      "instances": [
        "akk-x-oldbab.x000008"
      ]
    },
    {
      "key": "ma",
      "count": "6",
      "instances": [
        "akk-x-oldbab.x000150",
        "akk-x-oldbab.x000150",
        "akk-x-oldbab.x000190",
        "akk-x-oldbab.x000190",
        "akk-x-oldbab.x000316",
        "akk-x-oldbab.x000316"
      ]
    },
    {
      "key": "mi",
      "count": "2",
      "instances": [
        "akk-x-oldbab.x000190",
        "akk-x-oldbab.x000198"
      ]
    },
    {
      "key": "mu",
      "count": "2",
      "instances": [
        "akk-x-oldbab.x000286",
        "akk-x-oldbab.x000286"
      ]
    },
    {
      "key": "narum",
      "count": "1",
      "instances": [
        "akk-x-oldbab.x000222"
      ]
    },
    {
      "key": "tim",
      "count": "8",
      "instances": [
        "akk-x-oldbab.x000078",
        "akk-x-oldbab.x000078",
        "akk-x-oldbab.x000158",
        "akk-x-oldbab.x000158",
        "akk-x-oldbab.x000166",
        "akk-x-oldbab.x000166",
        "akk-x-oldbab.x000300",
        "akk-x-oldbab.x000300"
      ]
    },
    {
      "key": "ru",
      "count": "4",
      "instances": [
        "akk-x-oldbab.x000024",
        "akk-x-oldbab.x000024",
        "akk-x-oldbab.x000222",
        "akk-x-oldbab.x000222"
      ]
    },
    {
      "key": "ri",
      "count": "6",
      "instances": [
        "akk-x-oldbab.x000024",
        "akk-x-oldbab.x000024",
        "akk-x-oldbab.x000198",
        "akk-x-oldbab.x000198",
        "akk-x-oldbab.x000270",
        "akk-x-oldbab.x000270"
      ]
    },
    {
      "key": "ra",
      "count": "3",
      "instances": [
        "akk-x-oldbab.x000214",
        "akk-x-oldbab.x000214",
        "akk-x-oldbab.x000262"
      ]
    },
    {
      "key": "re",
      "count": "2",
      "instances": [
        "akk-x-oldbab.x000008",
        "akk-x-oldbab.x000008"
      ]
    },
    {
      "key": "earth",
      "count": "2",
      "instances": [
        "akk-x-oldbab.x000086",
        "akk-x-oldbab.x000086"
      ]
    },
    {
      "key": "pa",
      "count": "2",
      "instances": [
        "akk-x-oldbab.x000262",
        "akk-x-oldbab.x000262"
      ]
    },
    {
      "key": "made",
      "count": "1",
      "instances": [
        "akk-x-oldbab.x000230"
      ]
    },
    {
      "key": "um",
      "count": "2",
      "instances": [
        "akk-x-oldbab.x000222",
        "akk-x-oldbab.x000222"
      ]
    },
    {
      "key": "un",
      "count": "2",
      "instances": [
        "akk-x-oldbab.x000346",
        "akk-x-oldbab.x000346"
      ]
    },
    {
      "key": "tum",
      "count": "10",
      "instances": [
        "akk-x-oldbab.x000039",
        "akk-x-oldbab.x000039",
        "akk-x-oldbab.x000070",
        "akk-x-oldbab.x000070",
        "akk-x-oldbab.x000086",
        "akk-x-oldbab.x000086",
        "akk-x-oldbab.x000254",
        "akk-x-oldbab.x000254",
        "akk-x-oldbab.x000262",
        "akk-x-oldbab.x000262"
      ]
    },
    {
      "key": "up",
      "count": "1",
      "instances": [
        "akk-x-oldbab.x000246"
      ]
    },
    {
      "key": "ut",
      "count": "1",
      "instances": [
        "akk-x-oldbab.x000230"
      ]
    },
    {
      "key": "oldbabla",
      "count": "1",
      "instances": [
        "akk-x-oldbab.x000174"
      ]
    },
    {
      "key": "oldbabna",
      "count": "3",
      "instances": [
        "akk-x-oldbab.x000206",
        "akk-x-oldbab.x000214",
        "akk-x-oldbab.x000222"
      ]
    },
    {
      "key": "ta",
      "count": "4",
      "instances": [
        "akk-x-oldbab.x000230",
        "akk-x-oldbab.x000230",
        "akk-x-oldbab.x000246",
        "akk-x-oldbab.x000246"
      ]
    },
    {
      "key": "to",
      "count": "1",
      "instances": [
        "akk-x-oldbab.x000000"
      ]
    },
    {
      "key": "ti",
      "count": "2",
      "instances": [
        "akk-x-oldbab.x000142",
        "akk-x-oldbab.x000142"
      ]
    },
    {
      "key": "tu",
      "count": "2",
      "instances": [
        "akk-x-oldbab.x000246",
        "akk-x-oldbab.x000246"
      ]
    },
    {
      "key": "mimma[anything]",
      "count": "1",
      "instances": [
        "akk-x-oldbab.x000190"
      ]
    },
    {
      "key": "oldbabki",
      "count": "4",
      "instances": [
        "akk-x-oldbab.x000086",
        "akk-x-oldbab.x000150",
        "akk-x-oldbab.x000158",
        "akk-x-oldbab.x000166"
      ]
    },
    {
      "key": "oldbabha",
      "count": "1",
      "instances": [
        "akk-x-oldbab.x000108"
      ]
    },
    {
      "key": "oldbabmi",
      "count": "2",
      "instances": [
        "akk-x-oldbab.x000190",
        "akk-x-oldbab.x000198"
      ]
    },
    {
      "key": "wa",
      "count": "2",
      "instances": [
        "akk-x-oldbab.x000230",
        "akk-x-oldbab.x000230"
      ]
    },
    {
      "key": "zu",
      "count": "1",
      "instances": [
        "akk-x-oldbab.x000346"
      ]
    },
    {
      "key": "oblong",
      "count": "2",
      "instances": [
        "akk-x-oldbab.x000100",
        "akk-x-oldbab.x000100"
      ]
    },
    {
      "key": "oldbabbi",
      "count": "2",
      "instances": [
        "akk-x-oldbab.x000039",
        "akk-x-oldbab.x000039"
      ]
    },
    {
      "key": "oldbabba",
      "count": "2",
      "instances": [
        "akk-x-oldbab.x000024",
        "akk-x-oldbab.x000024"
      ]
    },
    {
      "key": "ili",
      "count": "1",
      "instances": [
        "akk-x-oldbab.x000116"
      ]
    },
    {
      "key": "ilu",
      "count": "1",
      "instances": [
        "akk-x-oldbab.x000116"
      ]
    },
    {
      "key": "oldbabda",
      "count": "1",
      "instances": [
        "akk-x-oldbab.x000054"
      ]
    },
    {
      "key": "oldbaber",
      "count": "1",
      "instances": [
        "akk-x-oldbab.x000086"
      ]
    },
    {
      "key": "oldbabeb",
      "count": "1",
      "instances": [
        "akk-x-oldbab.x000062"
      ]
    },
    {
      "key": "oldbabel",
      "count": "1",
      "instances": [
        "akk-x-oldbab.x000070"
      ]
    },
    {
      "key": "oldbaban",
      "count": "1",
      "instances": [
        "akk-x-oldbab.x000286"
      ]
    },
    {
      "key": "ellu[pure]",
      "count": "1",
      "instances": [
        "akk-x-oldbab.x000070"
      ]
    },
    {
      "key": "naram",
      "count": "1",
      "instances": [
        "akk-x-oldbab.x000214"
      ]
    },
    {
      "key": "ina",
      "count": "2",
      "instances": [
        "akk-x-oldbab.x000130",
        "akk-x-oldbab.x000130"
      ]
    },
    {
      "key": "exalted",
      "count": "2",
      "instances": [
        "akk-x-oldbab.x000270",
        "akk-x-oldbab.x000270"
      ]
    },
    {
      "key": "eminent",
      "count": "2",
      "instances": [
        "akk-x-oldbab.x000008",
        "akk-x-oldbab.x000008"
      ]
    },
    {
      "key": "oldbabzu",
      "count": "1",
      "instances": [
        "akk-x-oldbab.x000346"
      ]
    },
    {
      "key": "become",
      "count": "1",
      "instances": [
        "akk-x-oldbab.x000230"
      ]
    },
    {
      "key": "šaplû[lower]",
      "count": "1",
      "instances": [
        "akk-x-oldbab.x000300"
      ]
    },
    {
      "key": "ina[in]",
      "count": "1",
      "instances": [
        "akk-x-oldbab.x000130"
      ]
    },
    {
      "key": "steadiness",
      "count": "1",
      "instances": [
        "akk-x-oldbab.x000166"
      ]
    },
    {
      "key": "oldbabut",
      "count": "1",
      "instances": [
        "akk-x-oldbab.x000230"
      ]
    },
    {
      "key": "oldbabup",
      "count": "1",
      "instances": [
        "akk-x-oldbab.x000246"
      ]
    },
    {
      "key": "oldbabra",
      "count": "1",
      "instances": [
        "akk-x-oldbab.x000262"
      ]
    },
    {
      "key": "oldbabkab",
      "count": "1",
      "instances": [
        "akk-x-oldbab.x000142"
      ]
    },
    {
      "key": "naramu",
      "count": "1",
      "instances": [
        "akk-x-oldbab.x000214"
      ]
    },
    {
      "key": "ebbu",
      "count": "2",
      "instances": [
        "akk-x-oldbab.x000062",
        "akk-x-oldbab.x000062"
      ]
    },
    {
      "key": "baru",
      "count": "2",
      "instances": [
        "akk-x-oldbab.x000024",
        "akk-x-oldbab.x000024"
      ]
    },
    {
      "key": "rapaštum",
      "count": "1",
      "instances": [
        "akk-x-oldbab.x000262"
      ]
    },
    {
      "key": "bari",
      "count": "1",
      "instances": [
        "akk-x-oldbab.x000024"
      ]
    },
    {
      "key": "and",
      "count": "2",
      "instances": [
        "akk-x-oldbab.x000338",
        "akk-x-oldbab.x000338"
      ]
    },
    {
      "key": "ana",
      "count": "2",
      "instances": [
        "akk-x-oldbab.x000000",
        "akk-x-oldbab.x000000"
      ]
    },
    {
      "key": "libbu[interior]",
      "count": "1",
      "instances": [
        "akk-x-oldbab.x000182"
      ]
    },
    {
      "key": "opened",
      "count": "1",
      "instances": [
        "akk-x-oldbab.x000246"
      ]
    },
    {
      "key": "qātu[hand]",
      "count": "1",
      "instances": [
        "akk-x-oldbab.x000254"
      ]
    },
    {
      "key": "oldbabqa₂",
      "count": "1",
      "instances": [
        "akk-x-oldbab.x000254"
      ]
    },
    {
      "key": "ša[that]",
      "count": "1",
      "instances": [
        "akk-x-oldbab.x000278"
      ]
    },
    {
      "key": "bārû[diviner]",
      "count": "1",
      "instances": [
        "akk-x-oldbab.x000024"
      ]
    },
    {
      "key": "rapšu",
      "count": "1",
      "instances": [
        "akk-x-oldbab.x000262"
      ]
    },
    {
      "key": "nawāru[be(come) bright]",
      "count": "1",
      "instances": [
        "akk-x-oldbab.x000230"
      ]
    },
    {
      "key": "open",
      "count": "1",
      "instances": [
        "akk-x-oldbab.x000246"
      ]
    },
    {
      "key": "not",
      "count": "2",
      "instances": [
        "akk-x-oldbab.x000174",
        "akk-x-oldbab.x000174"
      ]
    },
    {
      "key": "nam",
      "count": "1",
      "instances": [
        "akk-x-oldbab.x000238"
      ]
    },
    {
      "key": "petû[open]",
      "count": "1",
      "instances": [
        "akk-x-oldbab.x000246"
      ]
    },
    {
      "key": "kiššatim",
      "count": "1",
      "instances": [
        "akk-x-oldbab.x000158"
      ]
    },
    {
      "key": "erṣetu[earth]",
      "count": "1",
      "instances": [
        "akk-x-oldbab.x000086"
      ]
    },
    {
      "key": "mimma",
      "count": "2",
      "instances": [
        "akk-x-oldbab.x000190",
        "akk-x-oldbab.x000190"
      ]
    },
    {
      "key": "lib₃",
      "count": "1",
      "instances": [
        "akk-x-oldbab.x000182"
      ]
    },
    {
      "key": "oldbabi",
      "count": "5",
      "instances": [
        "akk-x-oldbab.x000116",
        "akk-x-oldbab.x000116",
        "akk-x-oldbab.x000130",
        "akk-x-oldbab.x000130",
        "akk-x-oldbab.x000330"
      ]
    },
    {
      "key": "oldbabe",
      "count": "1",
      "instances": [
        "akk-x-oldbab.x000078"
      ]
    },
    {
      "key": "oldbaba",
      "count": "3",
      "instances": [
        "akk-x-oldbab.x000000",
        "akk-x-oldbab.x000008",
        "akk-x-oldbab.x000016"
      ]
    },
    {
      "key": "ilu[god]",
      "count": "1",
      "instances": [
        "akk-x-oldbab.x000116"
      ]
    },
    {
      "key": "libbi",
      "count": "1",
      "instances": [
        "akk-x-oldbab.x000182"
      ]
    },
    {
      "key": "libbu",
      "count": "1",
      "instances": [
        "akk-x-oldbab.x000182"
      ]
    },
    {
      "key": "mīšaru[justice]",
      "count": "1",
      "instances": [
        "akk-x-oldbab.x000198"
      ]
    },
    {
      "key": "among",
      "count": "1",
      "instances": [
        "akk-x-oldbab.x000130"
      ]
    },
    {
      "key": "who",
      "count": "2",
      "instances": [
        "akk-x-oldbab.x000024",
        "akk-x-oldbab.x000214"
      ]
    },
    {
      "key": "one",
      "count": "6",
      "instances": [
        "akk-x-oldbab.x000008",
        "akk-x-oldbab.x000008",
        "akk-x-oldbab.x000024",
        "akk-x-oldbab.x000142",
        "akk-x-oldbab.x000142",
        "akk-x-oldbab.x000214"
      ]
    },
    {
      "key": "šumšu",
      "count": "1",
      "instances": [
        "akk-x-oldbab.x000316"
      ]
    },
    {
      "key": "šum",
      "count": "3",
      "instances": [
        "akk-x-oldbab.x000246",
        "akk-x-oldbab.x000246",
        "akk-x-oldbab.x000316"
      ]
    },
    {
      "key": "šaplitim",
      "count": "1",
      "instances": [
        "akk-x-oldbab.x000300"
      ]
    },
    {
      "key": "haʾiṭ",
      "count": "1",
      "instances": [
        "akk-x-oldbab.x000108"
      ]
    },
    {
      "key": "narāmu[loved one]",
      "count": "1",
      "instances": [
        "akk-x-oldbab.x000214"
      ]
    },
    {
      "key": "important",
      "count": "1",
      "instances": [
        "akk-x-oldbab.x000142"
      ]
    },
    {
      "key": "šar",
      "count": "1",
      "instances": [
        "akk-x-oldbab.x000308"
      ]
    },
    {
      "key": "dayyan",
      "count": "1",
      "instances": [
        "akk-x-oldbab.x000054"
      ]
    },
    {
      "key": "kabti",
      "count": "1",
      "instances": [
        "akk-x-oldbab.x000142"
      ]
    },
    {
      "key": "hāʾiṭu[watcher]",
      "count": "1",
      "instances": [
        "akk-x-oldbab.x000108"
      ]
    },
    {
      "key": "kabtu",
      "count": "1",
      "instances": [
        "akk-x-oldbab.x000142"
      ]
    },
    {
      "key": "šu",
      "count": "5",
      "instances": [
        "akk-x-oldbab.x000230",
        "akk-x-oldbab.x000230",
        "akk-x-oldbab.x000316",
        "akk-x-oldbab.x000316",
        "akk-x-oldbab.x000316"
      ]
    },
    {
      "key": "ša",
      "count": "11",
      "instances": [
        "akk-x-oldbab.x000008",
        "akk-x-oldbab.x000008",
        "akk-x-oldbab.x000158",
        "akk-x-oldbab.x000158",
        "akk-x-oldbab.x000198",
        "akk-x-oldbab.x000198",
        "akk-x-oldbab.x000278",
        "akk-x-oldbab.x000278",
        "akk-x-oldbab.x000278",
        "akk-x-oldbab.x000286",
        "akk-x-oldbab.x000300"
      ]
    },
    {
      "key": "lugal",
      "count": "1",
      "instances": [
        "akk-x-oldbab.x000308"
      ]
    },
    {
      "key": "zunnu[rain]",
      "count": "1",
      "instances": [
        "akk-x-oldbab.x000346"
      ]
    },
    {
      "key": "u₃",
      "count": "1",
      "instances": [
        "akk-x-oldbab.x000338"
      ]
    },
    {
      "key": "u₂",
      "count": "6",
      "instances": [
        "akk-x-oldbab.x000024",
        "akk-x-oldbab.x000024",
        "akk-x-oldbab.x000206",
        "akk-x-oldbab.x000206",
        "akk-x-oldbab.x000286",
        "akk-x-oldbab.x000286"
      ]
    },
    {
      "key": "ellutum",
      "count": "1",
      "instances": [
        "akk-x-oldbab.x000070"
      ]
    },
    {
      "key": "nawru",
      "count": "1",
      "instances": [
        "akk-x-oldbab.x000238"
      ]
    },
    {
      "key": "kittu[steadiness]",
      "count": "1",
      "instances": [
        "akk-x-oldbab.x000166"
      ]
    },
    {
      "key": "loved",
      "count": "1",
      "instances": [
        "akk-x-oldbab.x000214"
      ]
    },
    {
      "key": "loves",
      "count": "1",
      "instances": [
        "akk-x-oldbab.x000214"
      ]
    },
    {
      "key": "qatu",
      "count": "1",
      "instances": [
        "akk-x-oldbab.x000254"
      ]
    },
    {
      "key": "ebbu[bright]",
      "count": "1",
      "instances": [
        "akk-x-oldbab.x000062"
      ]
    },
    {
      "key": "oldbabša",
      "count": "3",
      "instances": [
        "akk-x-oldbab.x000278",
        "akk-x-oldbab.x000286",
        "akk-x-oldbab.x000300"
      ]
    },
    {
      "key": "uttawwaršu",
      "count": "1",
      "instances": [
        "akk-x-oldbab.x000230"
      ]
    },
    {
      "key": "oldbabšu",
      "count": "1",
      "instances": [
        "akk-x-oldbab.x000316"
      ]
    },
    {
      "key": "oldbabṣi",
      "count": "1",
      "instances": [
        "akk-x-oldbab.x000270"
      ]
    },
    {
      "key": "namrum",
      "count": "1",
      "instances": [
        "akk-x-oldbab.x000238"
      ]
    },
    {
      "key": "ayyaba",
      "count": "2",
      "instances": [
        "akk-x-oldbab.x000016",
        "akk-x-oldbab.x000016"
      ]
    },
    {
      "key": "watcher",
      "count": "2",
      "instances": [
        "akk-x-oldbab.x000108",
        "akk-x-oldbab.x000108"
      ]
    },
    {
      "key": "pure",
      "count": "2",
      "instances": [
        "akk-x-oldbab.x000070",
        "akk-x-oldbab.x000070"
      ]
    },
    {
      "key": "bītu[house]",
      "count": "1",
      "instances": [
        "akk-x-oldbab.x000039"
      ]
    },
    {
      "key": "heaven",
      "count": "2",
      "instances": [
        "akk-x-oldbab.x000286",
        "akk-x-oldbab.x000286"
      ]
    },
    {
      "key": "šamu",
      "count": "2",
      "instances": [
        "akk-x-oldbab.x000286",
        "akk-x-oldbab.x000286"
      ]
    },
    {
      "key": "šame",
      "count": "1",
      "instances": [
        "akk-x-oldbab.x000286"
      ]
    },
    {
      "key": "elu",
      "count": "1",
      "instances": [
        "akk-x-oldbab.x000078"
      ]
    },
    {
      "key": "extensive",
      "count": "1",
      "instances": [
        "akk-x-oldbab.x000262"
      ]
    },
    {
      "key": "ṣi",
      "count": "1",
      "instances": [
        "akk-x-oldbab.x000270"
      ]
    },
    {
      "key": "ṣe",
      "count": "2",
      "instances": [
        "akk-x-oldbab.x000086",
        "akk-x-oldbab.x000086"
      ]
    },
    {
      "key": "aš",
      "count": "2",
      "instances": [
        "akk-x-oldbab.x000262",
        "akk-x-oldbab.x000262"
      ]
    },
    {
      "key": "bit",
      "count": "1",
      "instances": [
        "akk-x-oldbab.x000039"
      ]
    },
    {
      "key": "oldbabu₃",
      "count": "1",
      "instances": [
        "akk-x-oldbab.x000338"
      ]
    },
    {
      "key": "kittim",
      "count": "1",
      "instances": [
        "akk-x-oldbab.x000166"
      ]
    },
    {
      "key": "lā[not]",
      "count": "1",
      "instances": [
        "akk-x-oldbab.x000174"
      ]
    },
    {
      "key": "šarru",
      "count": "1",
      "instances": [
        "akk-x-oldbab.x000308"
      ]
    },
    {
      "key": "šumu",
      "count": "1",
      "instances": [
        "akk-x-oldbab.x000316"
      ]
    },
    {
      "key": "ayyaba[sea]",
      "count": "1",
      "instances": [
        "akk-x-oldbab.x000016"
      ]
    },
    {
      "key": "rum",
      "count": "2",
      "instances": [
        "akk-x-oldbab.x000238",
        "akk-x-oldbab.x000238"
      ]
    },
    {
      "key": "called",
      "count": "2",
      "instances": [
        "akk-x-oldbab.x000206",
        "akk-x-oldbab.x000206"
      ]
    },
    {
      "key": "tablet",
      "count": "2",
      "instances": [
        "akk-x-oldbab.x000100",
        "akk-x-oldbab.x000100"
      ]
    },
    {
      "key": "ṭehu",
      "count": "1",
      "instances": [
        "akk-x-oldbab.x000330"
      ]
    },
    {
      "key": "giṭṭu",
      "count": "1",
      "instances": [
        "akk-x-oldbab.x000100"
      ]
    },
    {
      "key": "ṭehû[approach]",
      "count": "1",
      "instances": [
        "akk-x-oldbab.x000330"
      ]
    },
    {
      "key": "giṭṭi",
      "count": "1",
      "instances": [
        "akk-x-oldbab.x000100"
      ]
    },
    {
      "key": "qa₂",
      "count": "1",
      "instances": [
        "akk-x-oldbab.x000254"
      ]
    },
    {
      "key": "justice",
      "count": "2",
      "instances": [
        "akk-x-oldbab.x000198",
        "akk-x-oldbab.x000198"
      ]
    },
    {
      "key": "interior",
      "count": "2",
      "instances": [
        "akk-x-oldbab.x000182",
        "akk-x-oldbab.x000182"
      ]
    },
    {
      "key": "gid₂da",
      "count": "2",
      "instances": [
        "akk-x-oldbab.x000100",
        "akk-x-oldbab.x000100"
      ]
    },
    {
      "key": "rapšu[wide]",
      "count": "1",
      "instances": [
        "akk-x-oldbab.x000262"
      ]
    },
    {
      "key": "lower",
      "count": "2",
      "instances": [
        "akk-x-oldbab.x000300",
        "akk-x-oldbab.x000300"
      ]
    },
    {
      "key": "qatum",
      "count": "1",
      "instances": [
        "akk-x-oldbab.x000254"
      ]
    },
    {
      "key": "judge",
      "count": "2",
      "instances": [
        "akk-x-oldbab.x000054",
        "akk-x-oldbab.x000054"
      ]
    },
    {
      "key": "heavy",
      "count": "1",
      "instances": [
        "akk-x-oldbab.x000142"
      ]
    },
    {
      "key": "erṣetum",
      "count": "1",
      "instances": [
        "akk-x-oldbab.x000086"
      ]
    },
    {
      "key": "sea",
      "count": "2",
      "instances": [
        "akk-x-oldbab.x000016",
        "akk-x-oldbab.x000016"
      ]
    },
    {
      "key": "ellu",
      "count": "1",
      "instances": [
        "akk-x-oldbab.x000070"
      ]
    },
    {
      "key": "šaplu",
      "count": "1",
      "instances": [
        "akk-x-oldbab.x000300"
      ]
    },
    {
      "key": "truth",
      "count": "1",
      "instances": [
        "akk-x-oldbab.x000166"
      ]
    },
    {
      "key": "kīma[like]",
      "count": "1",
      "instances": [
        "akk-x-oldbab.x000150"
      ]
    },
    {
      "key": "pre",
      "count": "2",
      "instances": [
        "akk-x-oldbab.x000008",
        "akk-x-oldbab.x000008"
      ]
    },
    {
      "key": "šarru[king]",
      "count": "1",
      "instances": [
        "akk-x-oldbab.x000308"
      ]
    },
    {
      "key": "god",
      "count": "2",
      "instances": [
        "akk-x-oldbab.x000116",
        "akk-x-oldbab.x000116"
      ]
    },
    {
      "key": "oldbablugal",
      "count": "1",
      "instances": [
        "akk-x-oldbab.x000308"
      ]
    },
    {
      "key": "erṣetim",
      "count": "1",
      "instances": [
        "akk-x-oldbab.x000086"
      ]
    },
    {
      "key": "upper",
      "count": "2",
      "instances": [
        "akk-x-oldbab.x000078",
        "akk-x-oldbab.x000078"
      ]
    },
    {
      "key": "ṭe₄",
      "count": "2",
      "instances": [
        "akk-x-oldbab.x000330",
        "akk-x-oldbab.x000330"
      ]
    },
    {
      "key": "kittu",
      "count": "1",
      "instances": [
        "akk-x-oldbab.x000166"
      ]
    },
    {
      "key": "temple",
      "count": "1",
      "instances": [
        "akk-x-oldbab.x000039"
      ]
    },
    {
      "key": "mišaru",
      "count": "1",
      "instances": [
        "akk-x-oldbab.x000198"
      ]
    },
    {
      "key": "that",
      "count": "2",
      "instances": [
        "akk-x-oldbab.x000278",
        "akk-x-oldbab.x000278"
      ]
    },
    {
      "key": "iš",
      "count": "2",
      "instances": [
        "akk-x-oldbab.x000158",
        "akk-x-oldbab.x000158"
      ]
    },
    {
      "key": "zunnu",
      "count": "1",
      "instances": [
        "akk-x-oldbab.x000346"
      ]
    },
    {
      "key": "zunna",
      "count": "1",
      "instances": [
        "akk-x-oldbab.x000346"
      ]
    },
    {
      "key": "ašaredu",
      "count": "1",
      "instances": [
        "akk-x-oldbab.x000008"
      ]
    },
    {
      "key": "totality",
      "count": "2",
      "instances": [
        "akk-x-oldbab.x000158",
        "akk-x-oldbab.x000158"
      ]
    },
    {
      "key": "bright",
      "count": "6",
      "instances": [
        "akk-x-oldbab.x000062",
        "akk-x-oldbab.x000062",
        "akk-x-oldbab.x000230",
        "akk-x-oldbab.x000230",
        "akk-x-oldbab.x000238",
        "akk-x-oldbab.x000238"
      ]
    },
    {
      "key": "ašared",
      "count": "1",
      "instances": [
        "akk-x-oldbab.x000008"
      ]
    },
    {
      "key": "kiššatu",
      "count": "1",
      "instances": [
        "akk-x-oldbab.x000158"
      ]
    },
    {
      "key": "iṭ",
      "count": "2",
      "instances": [
        "akk-x-oldbab.x000108",
        "akk-x-oldbab.x000108"
      ]
    },
    {
      "key": "ilum",
      "count": "1",
      "instances": [
        "akk-x-oldbab.x000116"
      ]
    },
    {
      "key": "šumam",
      "count": "1",
      "instances": [
        "akk-x-oldbab.x000316"
      ]
    },
    {
      "key": "iṭehhu",
      "count": "1",
      "instances": [
        "akk-x-oldbab.x000330"
      ]
    },
    {
      "key": "uptattušum",
      "count": "1",
      "instances": [
        "akk-x-oldbab.x000246"
      ]
    },
    {
      "key": "ana[to]",
      "count": "1",
      "instances": [
        "akk-x-oldbab.x000000"
      ]
    },
    {
      "key": "ṣiru",
      "count": "1",
      "instances": [
        "akk-x-oldbab.x000270"
      ]
    },
    {
      "key": "ṣiri",
      "count": "1",
      "instances": [
        "akk-x-oldbab.x000270"
      ]
    },
    {
      "key": "nawaru",
      "count": "1",
      "instances": [
        "akk-x-oldbab.x000230"
      ]
    },
    {
      "key": "elû[upper]",
      "count": "1",
      "instances": [
        "akk-x-oldbab.x000078"
      ]
    },
    {
      "key": "haʾiṭu",
      "count": "1",
      "instances": [
        "akk-x-oldbab.x000108"
      ]
    },
    {
      "key": "king",
      "count": "2",
      "instances": [
        "akk-x-oldbab.x000308",
        "akk-x-oldbab.x000308"
      ]
    },
    {
      "key": "for",
      "count": "1",
      "instances": [
        "akk-x-oldbab.x000000"
      ]
    },
    {
      "key": "kima",
      "count": "2",
      "instances": [
        "akk-x-oldbab.x000150",
        "akk-x-oldbab.x000150"
      ]
    },
    {
      "key": "bitu",
      "count": "1",
      "instances": [
        "akk-x-oldbab.x000039"
      ]
    },
    {
      "key": "dayyānu[judge]",
      "count": "1",
      "instances": [
        "akk-x-oldbab.x000054"
      ]
    },
    {
      "key": "kabtu[heavy one]",
      "count": "1",
      "instances": [
        "akk-x-oldbab.x000142"
      ]
    },
    {
      "key": "nawru[bright]",
      "count": "1",
      "instances": [
        "akk-x-oldbab.x000238"
      ]
    },
    {
      "key": "petu",
      "count": "1",
      "instances": [
        "akk-x-oldbab.x000246"
      ]
    },
    {
      "key": "akk",
      "count": "46",
      "instances": [
        "akk-x-oldbab.x000000",
        "akk-x-oldbab.x000008",
        "akk-x-oldbab.x000016",
        "akk-x-oldbab.x000024",
        "akk-x-oldbab.x000024",
        "akk-x-oldbab.x000039",
        "akk-x-oldbab.x000039",
        "akk-x-oldbab.x000054",
        "akk-x-oldbab.x000062",
        "akk-x-oldbab.x000070",
        "akk-x-oldbab.x000078",
        "akk-x-oldbab.x000086",
        "akk-x-oldbab.x000086",
        "akk-x-oldbab.x000100",
        "akk-x-oldbab.x000108",
        "akk-x-oldbab.x000116",
        "akk-x-oldbab.x000116",
        "akk-x-oldbab.x000130",
        "akk-x-oldbab.x000130",
        "akk-x-oldbab.x000142",
        "akk-x-oldbab.x000150",
        "akk-x-oldbab.x000158",
        "akk-x-oldbab.x000166",
        "akk-x-oldbab.x000174",
        "akk-x-oldbab.x000182",
        "akk-x-oldbab.x000190",
        "akk-x-oldbab.x000198",
        "akk-x-oldbab.x000206",
        "akk-x-oldbab.x000214",
        "akk-x-oldbab.x000222",
        "akk-x-oldbab.x000230",
        "akk-x-oldbab.x000238",
        "akk-x-oldbab.x000246",
        "akk-x-oldbab.x000254",
        "akk-x-oldbab.x000262",
        "akk-x-oldbab.x000270",
        "akk-x-oldbab.x000278",
        "akk-x-oldbab.x000286",
        "akk-x-oldbab.x000286",
        "akk-x-oldbab.x000300",
        "akk-x-oldbab.x000308",
        "akk-x-oldbab.x000316",
        "akk-x-oldbab.x000316",
        "akk-x-oldbab.x000330",
        "akk-x-oldbab.x000338",
        "akk-x-oldbab.x000346"
      ]
    },
    {
      "key": "x",
      "count": "46",
      "instances": [
        "akk-x-oldbab.x000000",
        "akk-x-oldbab.x000008",
        "akk-x-oldbab.x000016",
        "akk-x-oldbab.x000024",
        "akk-x-oldbab.x000024",
        "akk-x-oldbab.x000039",
        "akk-x-oldbab.x000039",
        "akk-x-oldbab.x000054",
        "akk-x-oldbab.x000062",
        "akk-x-oldbab.x000070",
        "akk-x-oldbab.x000078",
        "akk-x-oldbab.x000086",
        "akk-x-oldbab.x000086",
        "akk-x-oldbab.x000100",
        "akk-x-oldbab.x000108",
        "akk-x-oldbab.x000116",
        "akk-x-oldbab.x000116",
        "akk-x-oldbab.x000130",
        "akk-x-oldbab.x000130",
        "akk-x-oldbab.x000142",
        "akk-x-oldbab.x000150",
        "akk-x-oldbab.x000158",
        "akk-x-oldbab.x000166",
        "akk-x-oldbab.x000174",
        "akk-x-oldbab.x000182",
        "akk-x-oldbab.x000190",
        "akk-x-oldbab.x000198",
        "akk-x-oldbab.x000206",
        "akk-x-oldbab.x000214",
        "akk-x-oldbab.x000222",
        "akk-x-oldbab.x000230",
        "akk-x-oldbab.x000238",
        "akk-x-oldbab.x000246",
        "akk-x-oldbab.x000254",
        "akk-x-oldbab.x000262",
        "akk-x-oldbab.x000270",
        "akk-x-oldbab.x000278",
        "akk-x-oldbab.x000286",
        "akk-x-oldbab.x000286",
        "akk-x-oldbab.x000300",
        "akk-x-oldbab.x000308",
        "akk-x-oldbab.x000316",
        "akk-x-oldbab.x000316",
        "akk-x-oldbab.x000330",
        "akk-x-oldbab.x000338",
        "akk-x-oldbab.x000346"
      ]
    }
  ],
  "map": {
    "%akk": "akk",
    "+i": "i",
    "AN": "an",
    "GID₂.DA": "gid₂da",
    "KI": "ki",
    "LUGAL": "lugal",
    "ašarēd": "ašared",
    "ašarēdu": "ašaredu",
    "be(come)": "become",
    "bāri": "bari",
    "bārû": "baru",
    "bīt": "bit",
    "bītu": "bitu",
    "bītum": "bitum",
    "dayyān": "dayyan",
    "dayyānu": "dayyanu",
    "ellūtum": "ellutum",
    "elû": "elu",
    "elītim": "elitim",
    "hāʾiṭ": "haʾiṭ",
    "hāʾiṭu": "haʾiṭu",
    "ilī": "ili",
    "iṭehhû": "iṭehhu",
    "kīma": "kima",
    "lā": "la",
    "mīšarim": "mišarim",
    "mīšaru": "mišaru",
    "nabû": "nabu",
    "narām": "naram",
    "narāmu": "naramu",
    "nawāru": "nawaru",
    "nāru": "naru",
    "nārum": "narum",
    "oldbab:": "oldbab",
    "oldbab:AN": "oldbaban",
    "oldbab:KI": "oldbabki",
    "oldbab:LUGAL": "oldbablugal",
    "oldbab:a": "oldbaba",
    "oldbab:ba": "oldbabba",
    "oldbab:bi": "oldbabbi",
    "oldbab:da": "oldbabda",
    "oldbab:e": "oldbabe",
    "oldbab:eb": "oldbabeb",
    "oldbab:el": "oldbabel",
    "oldbab:er": "oldbaber",
    "oldbab:ha": "oldbabha",
    "oldbab:i": "oldbabi",
    "oldbab:kab": "oldbabkab",
    "oldbab:ki": "oldbabki",
    "oldbab:la": "oldbabla",
    "oldbab:lib₃": "oldbablib₃",
    "oldbab:mi": "oldbabmi",
    "oldbab:na": "oldbabna",
    "oldbab:nam": "oldbabnam",
    "oldbab:qa₂": "oldbabqa₂",
    "oldbab:ra": "oldbabra",
    "oldbab:up": "oldbabup",
    "oldbab:ut": "oldbabut",
    "oldbab:u₃": "oldbabu₃",
    "oldbab:zu": "oldbabzu",
    "oldbab:ša": "oldbabša",
    "oldbab:šu": "oldbabšu",
    "oldbab:šum": "oldbabšum",
    "oldbab:ṣi": "oldbabṣi",
    "petû": "petu",
    "qātu": "qatu",
    "qātum": "qatum",
    "uptattûšum": "uptattušum",
    "šamê": "šame",
    "šamû": "šamu",
    "šaplû": "šaplu",
    "šaplītim": "šaplitim",
    "ṣīri": "ṣiri",
    "ṣīru": "ṣiru",
    "ṭehû": "ṭehu"
  }
}
