{
  "type": "index",
  "project": "blms",
  "source": "http://oracc.org/blms",
  "license": "This data is released under the CC0 license",
  "license-url": "https://creativecommons.org/publicdomain/zero/1.0/",
  "more-info": "http://oracc.org/doc/opendata/",
  "UTC-timestamp": "2017-06-21T21:48:27",
  "name": "cbd/qpn-x-months",
  "keys": [
    {
      "key": "#",
      "count": "4",
      "instances": [
        "qpn-x-months.x000000",
        "qpn-x-months.x000000",
        "qpn-x-months.x000000",
        "qpn-x-months.x000000"
      ]
    },
    {
      "key": "1",
      "count": "2",
      "instances": [
        "qpn-x-months.x000000",
        "qpn-x-months.x000000"
      ]
    },
    {
      "key": "x",
      "count": "2",
      "instances": [
        "qpn-x-months.x000000",
        "qpn-x-months.x000000"
      ]
    },
    {
      "key": "bara₂",
      "count": "2",
      "instances": [
        "qpn-x-months.x000000",
        "qpn-x-months.x000000"
      ]
    },
    {
      "key": "iti",
      "count": "4",
      "instances": [
        "qpn-x-months.x000000",
        "qpn-x-months.x000000",
        "qpn-x-months.x000000",
        "qpn-x-months.x000000"
      ]
    },
    {
      "key": "stdbab",
      "count": "2",
      "instances": [
        "qpn-x-months.x000000",
        "qpn-x-months.x000000"
      ]
    },
    {
      "key": "akk",
      "count": "2",
      "instances": [
        "qpn-x-months.x000000",
        "qpn-x-months.x000000"
      ]
    },
    {
      "key": "Nisannu[1]",
      "count": "1",
      "instances": [
        "qpn-x-months.x000000"
      ]
    },
    {
      "key": "nisannu",
      "count": "2",
      "instances": [
        "qpn-x-months.x000000",
        "qpn-x-months.x000000"
      ]
    },
    {
      "key": "bar",
      "count": "2",
      "instances": [
        "qpn-x-months.x000000",
        "qpn-x-months.x000000"
      ]
    }
  ],
  "map": {
    "%akk": "akk",
    "BARA₂": "bara₂",
    "BAR": "bar",
    "Nisannu": "nisannu",
    "stdbab:": "stdbab"
  }
}
