{
  "type": "metadata",
  "project": "blms",
  "source": "http://oracc.org/blms",
  "license": "This data is released under the CC0 license",
  "license-url": "https://creativecommons.org/publicdomain/zero/1.0/",
  "more-info": "http://oracc.org/doc/opendata/",
  "UTC-timestamp": "2017-06-21T21:48:31",
  "config": {
    "pathname": "blms",
    "name": "Bilinguals in Late Mesopotamian Scholarship",
    "abbrev": "blms",
    "project-type": "corpus",
    "blurb": "Long after Sumerian had died out as a spoken language, bilingual (Sumerian - Akkadian) texts still played a prominent role in the scholarly culture of Babylonia and Assyria. BLMS provides editions of bilingual narrative texts, hymns, proverbs, prayers, rituals, and incantations dating to the first millennium BCE.    Project Director: Steve Tinney; Editor: Jeremiah Peterson. With the assistance of <a href=\"http://nes.berkeley.edu/Web_Veldhuis/index.html\">Niek Veldhuis</a>, Jamie Novotny, Joshua Jeffers, and Ilona Zsolnay. BLMS is supported by the <a href=\"http://www.neh.gov\">National Endowment for the Humanities</a>.   ",
    "public": "yes",
    "options": {
      "build-approved-policy": "catalog",
      "build-outlined-policy": "approved",
      "atf-lem-extended": "yes",
      "catalog-build-policy": "local",
      "cbd-mode": "mixed",
      "%akk-x-stdbab": ". cams/gkab:akk-x-stdbab",
      "%akk-x-oldbab": ". cams/gkab:akk-x-stdbab",
      "%sux": ". epsd2",
      "outline-default-select": "true",
      "outline-default-sort-fields": "period,genre,provenience",
      "outline-default-sort-labels": "Time,Genre,Place",
      "outline-special-select": "true",
      "outline-special-list-name": "outlined.lst",
      "outline-special-sort-fields": "genre,subgenre",
      "outline-special-heading-template": "2",
      "outline-special-catalog-fields": "designation,subgenre,subgenre_remarks,provenience,period",
      "outline-special-catalog-widths": "20,20,16,20,20"
    }
  },
  "formats": {
    "atf": [
      "P223392",
      "P223478",
      "P237717",
      "P237742",
      "P238386",
      "P238404",
      "P238467",
      "P238534",
      "P238563",
      "P238678",
      "P238785",
      "P238821",
      "P238926",
      "P238930",
      "P239053",
      "P239246",
      "P239613",
      "P239772",
      "P239896",
      "P240165",
      "P240170",
      "P240201",
      "P258974",
      "P258986",
      "P259300",
      "P268233",
      "P274223",
      "P274259",
      "P274260",
      "P274261",
      "P274262",
      "P274670",
      "P274671",
      "P274672",
      "P274676",
      "P274700",
      "P278493",
      "P282597",
      "P283783",
      "P313112",
      "P313113",
      "P338471",
      "P338475",
      "P338476",
      "P338487",
      "P338489",
      "P338490",
      "P338499",
      "P338516",
      "P338674",
      "P345440",
      "P345478",
      "P345480",
      "P345481",
      "P347088",
      "P347150",
      "P347156",
      "P347172",
      "P347173",
      "P347183",
      "P348506",
      "P348565",
      "P348608",
      "P348633",
      "P349703",
      "P357076",
      "P357082",
      "P357088",
      "P357090",
      "P357091",
      "P357092",
      "P357095",
      "P357098",
      "P357101",
      "P357103",
      "P357104",
      "P357107",
      "P357112",
      "P357115",
      "P357117",
      "P357119",
      "P357120",
      "P357121",
      "P357123",
      "P357124",
      "P357125",
      "P357129",
      "P357130",
      "P357131",
      "P357136",
      "P357137",
      "P357142",
      "P357143",
      "P357147",
      "P357149",
      "P357151",
      "P357172",
      "P357175",
      "P357204",
      "P357277",
      "P363616",
      "P363723",
      "P363724",
      "P368468",
      "P369028",
      "P369078",
      "P369081",
      "P369083",
      "P369092",
      "P369099",
      "P369129",
      "P369334",
      "P373791",
      "P373799",
      "P373825",
      "P373826",
      "P373832",
      "P373834",
      "P373838",
      "P384933",
      "P384934",
      "P384936",
      "P384939",
      "P384942",
      "P384944",
      "P384945",
      "P384947",
      "P384963",
      "P384964",
      "P384965",
      "P384967",
      "P384968",
      "P384969",
      "P384976",
      "P384977",
      "P384991",
      "P384993",
      "P384994",
      "P385006",
      "P385007",
      "P385008",
      "P385822",
      "P392626",
      "P393724",
      "P394144",
      "P394691",
      "P394721",
      "P394939",
      "P395007",
      "P395106",
      "P395295",
      "P395374",
      "P395444",
      "P395493",
      "P395673",
      "P395674",
      "P395678",
      "P395681",
      "P395682",
      "P395688",
      "P395693",
      "P395745",
      "P395764",
      "P395768",
      "P395772",
      "P395798",
      "P395800",
      "P395814",
      "P395816",
      "P395818",
      "P395825",
      "P395839",
      "P395847",
      "P395863",
      "P395870",
      "P395877",
      "P395917",
      "P395936",
      "P395943",
      "P395944",
      "P395983",
      "P395994",
      "P396094",
      "P396098",
      "P396317",
      "P396331",
      "P396624",
      "P397225",
      "P397590",
      "P397623",
      "P397625",
      "P397648",
      "P397704",
      "P398138",
      "P398189",
      "P398220",
      "P398478",
      "P398519",
      "P398521",
      "P398589",
      "P398626",
      "P398703",
      "P398738",
      "P398947",
      "P399046",
      "P399268",
      "P399428",
      "P399514",
      "P399538",
      "P399553",
      "P400308",
      "P400330",
      "P400349",
      "P400366",
      "P400369",
      "P400702",
      "P401280",
      "P401327",
      "P401363",
      "P402193",
      "P402200",
      "P402287",
      "P402293",
      "P402525",
      "P402964",
      "P403596",
      "P403894",
      "P404056",
      "P404186",
      "P404340",
      "P404342",
      "P404365",
      "P404429",
      "P404599",
      "P404890",
      "P404892",
      "P404903",
      "P404904",
      "P404912",
      "P404975",
      "P412175",
      "P412176",
      "P412177",
      "P412180",
      "P412181",
      "P412184",
      "P412188",
      "P412189",
      "P412191",
      "P413925",
      "P413977",
      "P414124",
      "P414131",
      "P414132",
      "P414137",
      "P414138",
      "P414140",
      "P414154",
      "P414268",
      "P414269",
      "P414270",
      "P414271",
      "P414272",
      "P414273",
      "P414274",
      "P414275",
      "P414276",
      "P414278",
      "P414279",
      "P414280",
      "P414281",
      "P414282",
      "P414283",
      "P414284",
      "P414285",
      "P414286",
      "P414288",
      "P414289",
      "P414290",
      "P414291",
      "P414292",
      "P414293",
      "P414294",
      "P414295",
      "P414297",
      "P414298",
      "P414299",
      "P414300",
      "P414301",
      "P414302",
      "P414303",
      "P414304",
      "P414305",
      "P414306",
      "P414307",
      "P414308",
      "P414309",
      "P414310",
      "P414311",
      "P414312",
      "P414313",
      "P414314",
      "P414315",
      "P414316",
      "P414317",
      "P414318",
      "P414319",
      "P414320",
      "P414321",
      "P414322",
      "P414324",
      "P414325",
      "P414326",
      "P414329",
      "P414330",
      "P414331",
      "P414332",
      "P414334",
      "P414335",
      "P414336",
      "P414337",
      "P414338",
      "P414339",
      "P414340",
      "P414341",
      "P414342",
      "P414343",
      "P414345",
      "P414363",
      "P414367",
      "P414368",
      "P414369",
      "P414370",
      "P414374",
      "P414375",
      "P414379",
      "P414382",
      "P414386",
      "P414387",
      "P414388",
      "P414389",
      "P414390",
      "P414391",
      "P414392",
      "P414393",
      "P414394",
      "P414395",
      "P414396",
      "P414399",
      "P414405",
      "P414406",
      "P414407",
      "P414408",
      "P414409",
      "P414410",
      "P414412",
      "P414415",
      "P414420",
      "P414428",
      "P414429",
      "P421811",
      "P424613",
      "P424628",
      "P424891",
      "P425366",
      "P425949",
      "P429681",
      "P450781",
      "P451928",
      "P451987",
      "P452027",
      "P452169",
      "P452402",
      "Q003094",
      "Q003097",
      "Q003098",
      "Q003099",
      "Q003102",
      "Q003120",
      "Q003122",
      "Q003152",
      "X000001",
      "X000002",
      "X000003",
      "X000004",
      "X000005",
      "X000006",
      "X000007",
      "X000008",
      "X000009",
      "X000010",
      "X000012",
      "X000013",
      "X000014",
      "X468674"
    ],
    "lem": [
      "P223392",
      "P223478",
      "P237717",
      "P237742",
      "P238386",
      "P238404",
      "P238467",
      "P238534",
      "P238678",
      "P238785",
      "P238821",
      "P238926",
      "P238930",
      "P239053",
      "P239246",
      "P239613",
      "P239772",
      "P239896",
      "P240165",
      "P240170",
      "P258974",
      "P258986",
      "P259300",
      "P274223",
      "P274259",
      "P274260",
      "P274261",
      "P274262",
      "P274670",
      "P274671",
      "P274672",
      "P274676",
      "P274700",
      "P278493",
      "P282597",
      "P283783",
      "P313112",
      "P338471",
      "P338475",
      "P338476",
      "P338487",
      "P338489",
      "P338490",
      "P338516",
      "P338674",
      "P345440",
      "P345478",
      "P345480",
      "P345481",
      "P347088",
      "P347150",
      "P347156",
      "P347172",
      "P347173",
      "P347183",
      "P348506",
      "P348565",
      "P348608",
      "P348633",
      "P349703",
      "P357076",
      "P357082",
      "P357088",
      "P357092",
      "P357095",
      "P357098",
      "P357107",
      "P357112",
      "P357115",
      "P357117",
      "P357119",
      "P357120",
      "P357121",
      "P357124",
      "P357125",
      "P357129",
      "P357130",
      "P357131",
      "P357137",
      "P357142",
      "P357172",
      "P357175",
      "P357204",
      "P357277",
      "P363616",
      "P363723",
      "P363724",
      "P368468",
      "P369028",
      "P369078",
      "P369081",
      "P369083",
      "P369092",
      "P369099",
      "P369129",
      "P369334",
      "P373791",
      "P373799",
      "P373825",
      "P373826",
      "P373832",
      "P373834",
      "P373838",
      "P384933",
      "P384934",
      "P384936",
      "P384939",
      "P384942",
      "P384944",
      "P384945",
      "P384947",
      "P384963",
      "P384964",
      "P384965",
      "P384967",
      "P384968",
      "P384969",
      "P384976",
      "P384977",
      "P384991",
      "P384993",
      "P384994",
      "P385006",
      "P385007",
      "P385008",
      "P385822",
      "P394144",
      "P394691",
      "P394721",
      "P394939",
      "P395007",
      "P395106",
      "P395295",
      "P395374",
      "P395444",
      "P395493",
      "P395673",
      "P395674",
      "P395678",
      "P395681",
      "P395682",
      "P395688",
      "P395693",
      "P395745",
      "P395764",
      "P395768",
      "P395772",
      "P395798",
      "P395800",
      "P395814",
      "P395816",
      "P395818",
      "P395825",
      "P395839",
      "P395847",
      "P395863",
      "P395870",
      "P395877",
      "P395917",
      "P395936",
      "P395943",
      "P395944",
      "P395983",
      "P395994",
      "P396094",
      "P396098",
      "P396317",
      "P396331",
      "P396624",
      "P397225",
      "P397590",
      "P397623",
      "P397625",
      "P397648",
      "P397704",
      "P398138",
      "P398189",
      "P398220",
      "P398478",
      "P398519",
      "P398521",
      "P398589",
      "P398626",
      "P398703",
      "P398738",
      "P398947",
      "P399046",
      "P399268",
      "P399428",
      "P399514",
      "P399538",
      "P399553",
      "P400308",
      "P400330",
      "P400349",
      "P400366",
      "P400369",
      "P400702",
      "P401280",
      "P401327",
      "P401363",
      "P402193",
      "P402200",
      "P402293",
      "P402525",
      "P402964",
      "P403596",
      "P403894",
      "P404056",
      "P404186",
      "P404340",
      "P404342",
      "P404365",
      "P404429",
      "P404599",
      "P404890",
      "P404892",
      "P404903",
      "P404904",
      "P404912",
      "P404975",
      "P412175",
      "P412176",
      "P412177",
      "P412180",
      "P412181",
      "P412184",
      "P412188",
      "P412189",
      "P412191",
      "P413925",
      "P413977",
      "P414124",
      "P414131",
      "P414132",
      "P414137",
      "P414140",
      "P414154",
      "P414268",
      "P414269",
      "P414270",
      "P414271",
      "P414272",
      "P414273",
      "P414274",
      "P414275",
      "P414276",
      "P414278",
      "P414279",
      "P414280",
      "P414281",
      "P414282",
      "P414283",
      "P414284",
      "P414285",
      "P414286",
      "P414288",
      "P414289",
      "P414290",
      "P414291",
      "P414292",
      "P414293",
      "P414294",
      "P414295",
      "P414297",
      "P414298",
      "P414299",
      "P414300",
      "P414301",
      "P414302",
      "P414303",
      "P414304",
      "P414305",
      "P414306",
      "P414307",
      "P414308",
      "P414309",
      "P414310",
      "P414311",
      "P414312",
      "P414313",
      "P414314",
      "P414315",
      "P414316",
      "P414317",
      "P414318",
      "P414319",
      "P414320",
      "P414321",
      "P414322",
      "P414324",
      "P414325",
      "P414326",
      "P414329",
      "P414330",
      "P414331",
      "P414332",
      "P414334",
      "P414335",
      "P414337",
      "P414338",
      "P414339",
      "P414340",
      "P414341",
      "P414342",
      "P414343",
      "P414345",
      "P414363",
      "P414367",
      "P414368",
      "P414369",
      "P414370",
      "P414374",
      "P414375",
      "P414379",
      "P414382",
      "P414386",
      "P414387",
      "P414388",
      "P414389",
      "P414390",
      "P414391",
      "P414392",
      "P414393",
      "P414394",
      "P414395",
      "P414396",
      "P414399",
      "P414405",
      "P414406",
      "P414407",
      "P414408",
      "P414409",
      "P414410",
      "P414412",
      "P414415",
      "P414420",
      "P414429",
      "P421811",
      "P424613",
      "P424891",
      "P425366",
      "P425949",
      "P429681",
      "P450781",
      "P451987",
      "P452027",
      "P452169",
      "P452402",
      "X000001",
      "X000002",
      "X000003",
      "X000004",
      "X000005",
      "X000006",
      "X000007",
      "X000008",
      "X000009",
      "X000010",
      "X000012",
      "X000013",
      "X000014",
      "X468674"
    ],
    "tr-en": [
      "P223392",
      "P223478",
      "P237717",
      "P237742",
      "P238386",
      "P238404",
      "P238467",
      "P238534",
      "P238678",
      "P238785",
      "P238821",
      "P238926",
      "P238930",
      "P239053",
      "P239246",
      "P239613",
      "P239772",
      "P239896",
      "P240165",
      "P240170",
      "P258974",
      "P258986",
      "P259300",
      "P274223",
      "P274259",
      "P274260",
      "P274261",
      "P274262",
      "P274670",
      "P274671",
      "P274672",
      "P274676",
      "P274700",
      "P278493",
      "P282597",
      "P283783",
      "P338471",
      "P338475",
      "P338476",
      "P338487",
      "P338489",
      "P338490",
      "P338516",
      "P338674",
      "P345440",
      "P345478",
      "P345480",
      "P345481",
      "P347088",
      "P347150",
      "P347156",
      "P347172",
      "P347173",
      "P347183",
      "P348506",
      "P348565",
      "P348608",
      "P348633",
      "P349703",
      "P357076",
      "P357082",
      "P357088",
      "P357090",
      "P357091",
      "P357092",
      "P357095",
      "P357098",
      "P357107",
      "P357112",
      "P357117",
      "P357119",
      "P357120",
      "P357121",
      "P357123",
      "P357124",
      "P357125",
      "P357129",
      "P357130",
      "P357131",
      "P357137",
      "P357142",
      "P357149",
      "P357151",
      "P357172",
      "P357175",
      "P357204",
      "P357277",
      "P363616",
      "P363723",
      "P363724",
      "P368468",
      "P369028",
      "P369078",
      "P369081",
      "P369083",
      "P369092",
      "P369099",
      "P369129",
      "P369334",
      "P373791",
      "P373799",
      "P373825",
      "P373826",
      "P373832",
      "P373834",
      "P373838",
      "P384934",
      "P384936",
      "P384939",
      "P384942",
      "P384944",
      "P384945",
      "P384947",
      "P384963",
      "P384964",
      "P384965",
      "P384967",
      "P384968",
      "P384969",
      "P384976",
      "P384977",
      "P384991",
      "P384993",
      "P384994",
      "P385006",
      "P385007",
      "P385008",
      "P385822",
      "P394144",
      "P394691",
      "P394721",
      "P394939",
      "P395007",
      "P395106",
      "P395295",
      "P395374",
      "P395444",
      "P395493",
      "P395673",
      "P395674",
      "P395678",
      "P395681",
      "P395682",
      "P395688",
      "P395693",
      "P395745",
      "P395764",
      "P395768",
      "P395772",
      "P395798",
      "P395800",
      "P395814",
      "P395816",
      "P395818",
      "P395825",
      "P395839",
      "P395847",
      "P395863",
      "P395870",
      "P395877",
      "P395917",
      "P395936",
      "P395943",
      "P395944",
      "P395983",
      "P395994",
      "P396094",
      "P396098",
      "P396317",
      "P396331",
      "P396624",
      "P397225",
      "P397590",
      "P397623",
      "P397625",
      "P397648",
      "P397704",
      "P398138",
      "P398189",
      "P398220",
      "P398478",
      "P398519",
      "P398521",
      "P398589",
      "P398626",
      "P398703",
      "P398738",
      "P398947",
      "P399046",
      "P399268",
      "P399428",
      "P399514",
      "P399538",
      "P399553",
      "P400308",
      "P400330",
      "P400349",
      "P400366",
      "P400369",
      "P400702",
      "P401280",
      "P401327",
      "P401363",
      "P402193",
      "P402200",
      "P402287",
      "P402293",
      "P402525",
      "P402964",
      "P403596",
      "P403894",
      "P404056",
      "P404186",
      "P404340",
      "P404342",
      "P404365",
      "P404429",
      "P404599",
      "P404890",
      "P404892",
      "P404903",
      "P404904",
      "P404912",
      "P404975",
      "P412175",
      "P412176",
      "P412177",
      "P412180",
      "P412181",
      "P412184",
      "P412188",
      "P412189",
      "P412191",
      "P413925",
      "P413977",
      "P414124",
      "P414131",
      "P414132",
      "P414137",
      "P414138",
      "P414140",
      "P414154",
      "P414268",
      "P414269",
      "P414270",
      "P414271",
      "P414272",
      "P414273",
      "P414274",
      "P414275",
      "P414276",
      "P414278",
      "P414279",
      "P414280",
      "P414281",
      "P414282",
      "P414283",
      "P414284",
      "P414285",
      "P414286",
      "P414288",
      "P414289",
      "P414290",
      "P414291",
      "P414292",
      "P414293",
      "P414294",
      "P414295",
      "P414297",
      "P414298",
      "P414299",
      "P414300",
      "P414301",
      "P414302",
      "P414303",
      "P414304",
      "P414305",
      "P414306",
      "P414307",
      "P414308",
      "P414309",
      "P414310",
      "P414311",
      "P414312",
      "P414313",
      "P414314",
      "P414315",
      "P414316",
      "P414317",
      "P414318",
      "P414319",
      "P414320",
      "P414321",
      "P414322",
      "P414324",
      "P414325",
      "P414326",
      "P414329",
      "P414330",
      "P414331",
      "P414332",
      "P414334",
      "P414335",
      "P414337",
      "P414338",
      "P414339",
      "P414340",
      "P414341",
      "P414342",
      "P414343",
      "P414345",
      "P414363",
      "P414367",
      "P414368",
      "P414369",
      "P414370",
      "P414374",
      "P414375",
      "P414379",
      "P414382",
      "P414386",
      "P414387",
      "P414388",
      "P414389",
      "P414390",
      "P414391",
      "P414392",
      "P414393",
      "P414394",
      "P414395",
      "P414396",
      "P414399",
      "P414405",
      "P414406",
      "P414407",
      "P414408",
      "P414409",
      "P414410",
      "P414412",
      "P414415",
      "P414420",
      "P414429",
      "P421811",
      "P424613",
      "P424891",
      "P425366",
      "P425949",
      "P429681",
      "P450781",
      "P451987",
      "P452027",
      "P452169",
      "P452402",
      "X000001",
      "X000002",
      "X000003",
      "X000004",
      "X000005",
      "X000006",
      "X000007",
      "X000008",
      "X000009",
      "X000010",
      "X000012",
      "X000013",
      "X000014",
      "X468674"
    ],
    "tr-in": [
      "P384933"
    ],
    "xtf": [
      "P223392",
      "P223478",
      "P231196",
      "P237717",
      "P237742",
      "P238386",
      "P238404",
      "P238467",
      "P238534",
      "P238563",
      "P238678",
      "P238785",
      "P238821",
      "P238926",
      "P238930",
      "P239053",
      "P239246",
      "P239613",
      "P239772",
      "P239896",
      "P240165",
      "P240170",
      "P240201",
      "P258974",
      "P258986",
      "P259300",
      "P263622",
      "P266466",
      "P268233",
      "P274223",
      "P274259",
      "P274260",
      "P274261",
      "P274262",
      "P274670",
      "P274671",
      "P274672",
      "P274676",
      "P274700",
      "P278493",
      "P282597",
      "P283783",
      "P313112",
      "P313113",
      "P338471",
      "P338475",
      "P338476",
      "P338487",
      "P338489",
      "P338490",
      "P338491",
      "P338492",
      "P338498",
      "P338499",
      "P338511",
      "P338516",
      "P338517",
      "P338674",
      "P345440",
      "P345478",
      "P345480",
      "P345481",
      "P347088",
      "P347150",
      "P347156",
      "P347172",
      "P347173",
      "P347183",
      "P348435",
      "P348506",
      "P348565",
      "P348608",
      "P348609",
      "P348633",
      "P348668",
      "P348820",
      "P348839",
      "P349703",
      "P357076",
      "P357082",
      "P357088",
      "P357090",
      "P357091",
      "P357092",
      "P357095",
      "P357098",
      "P357101",
      "P357103",
      "P357104",
      "P357107",
      "P357112",
      "P357115",
      "P357117",
      "P357119",
      "P357120",
      "P357121",
      "P357123",
      "P357124",
      "P357125",
      "P357129",
      "P357130",
      "P357131",
      "P357136",
      "P357137",
      "P357142",
      "P357143",
      "P357147",
      "P357149",
      "P357151",
      "P357172",
      "P357175",
      "P357204",
      "P357277",
      "P363270",
      "P363507",
      "P363508",
      "P363509",
      "P363547",
      "P363616",
      "P363723",
      "P363724",
      "P368468",
      "P369028",
      "P369078",
      "P369081",
      "P369083",
      "P369092",
      "P369099",
      "P369129",
      "P369334",
      "P373791",
      "P373799",
      "P373825",
      "P373826",
      "P373832",
      "P373834",
      "P373838",
      "P384933",
      "P384934",
      "P384936",
      "P384939",
      "P384942",
      "P384944",
      "P384945",
      "P384947",
      "P384963",
      "P384964",
      "P384965",
      "P384967",
      "P384968",
      "P384969",
      "P384976",
      "P384977",
      "P384991",
      "P384993",
      "P384994",
      "P385006",
      "P385007",
      "P385008",
      "P385822",
      "P392626",
      "P393724",
      "P394144",
      "P394691",
      "P394721",
      "P394939",
      "P395007",
      "P395106",
      "P395295",
      "P395374",
      "P395444",
      "P395493",
      "P395660",
      "P395673",
      "P395674",
      "P395678",
      "P395681",
      "P395682",
      "P395688",
      "P395693",
      "P395745",
      "P395764",
      "P395768",
      "P395772",
      "P395798",
      "P395800",
      "P395814",
      "P395816",
      "P395818",
      "P395825",
      "P395839",
      "P395847",
      "P395863",
      "P395870",
      "P395877",
      "P395917",
      "P395936",
      "P395943",
      "P395944",
      "P395983",
      "P395994",
      "P396094",
      "P396098",
      "P396317",
      "P396331",
      "P396624",
      "P397225",
      "P397590",
      "P397623",
      "P397625",
      "P397648",
      "P397704",
      "P398138",
      "P398189",
      "P398220",
      "P398478",
      "P398519",
      "P398521",
      "P398589",
      "P398626",
      "P398703",
      "P398738",
      "P398947",
      "P399046",
      "P399268",
      "P399428",
      "P399514",
      "P399538",
      "P399553",
      "P400308",
      "P400330",
      "P400349",
      "P400366",
      "P400369",
      "P400702",
      "P401280",
      "P401327",
      "P401363",
      "P402193",
      "P402200",
      "P402287",
      "P402293",
      "P402525",
      "P402964",
      "P403596",
      "P403894",
      "P404056",
      "P404186",
      "P404340",
      "P404342",
      "P404365",
      "P404429",
      "P404599",
      "P404890",
      "P404892",
      "P404903",
      "P404904",
      "P404912",
      "P404975",
      "P412175",
      "P412176",
      "P412177",
      "P412180",
      "P412181",
      "P412184",
      "P412188",
      "P412189",
      "P412191",
      "P413925",
      "P413977",
      "P414124",
      "P414131",
      "P414132",
      "P414137",
      "P414138",
      "P414140",
      "P414154",
      "P414268",
      "P414269",
      "P414270",
      "P414271",
      "P414272",
      "P414273",
      "P414274",
      "P414275",
      "P414276",
      "P414278",
      "P414279",
      "P414280",
      "P414281",
      "P414282",
      "P414283",
      "P414284",
      "P414285",
      "P414286",
      "P414288",
      "P414289",
      "P414290",
      "P414291",
      "P414292",
      "P414293",
      "P414294",
      "P414295",
      "P414297",
      "P414298",
      "P414299",
      "P414300",
      "P414301",
      "P414302",
      "P414303",
      "P414304",
      "P414305",
      "P414306",
      "P414307",
      "P414308",
      "P414309",
      "P414310",
      "P414311",
      "P414312",
      "P414313",
      "P414314",
      "P414315",
      "P414316",
      "P414317",
      "P414318",
      "P414319",
      "P414320",
      "P414321",
      "P414322",
      "P414324",
      "P414325",
      "P414326",
      "P414329",
      "P414330",
      "P414331",
      "P414332",
      "P414334",
      "P414335",
      "P414336",
      "P414337",
      "P414338",
      "P414339",
      "P414340",
      "P414341",
      "P414342",
      "P414343",
      "P414345",
      "P414363",
      "P414367",
      "P414368",
      "P414369",
      "P414370",
      "P414374",
      "P414375",
      "P414379",
      "P414382",
      "P414386",
      "P414387",
      "P414388",
      "P414389",
      "P414390",
      "P414391",
      "P414392",
      "P414393",
      "P414394",
      "P414395",
      "P414396",
      "P414399",
      "P414405",
      "P414406",
      "P414407",
      "P414408",
      "P414409",
      "P414410",
      "P414412",
      "P414415",
      "P414420",
      "P414428",
      "P414429",
      "P421811",
      "P424613",
      "P424628",
      "P424891",
      "P425366",
      "P425949",
      "P429681",
      "P450781",
      "P451928",
      "P451987",
      "P452027",
      "P452169",
      "P452402",
      "Q003094",
      "Q003097",
      "Q003098",
      "Q003099",
      "Q003102",
      "Q003120",
      "Q003122",
      "Q003152",
      "X000001",
      "X000002",
      "X000003",
      "X000004",
      "X000005",
      "X000006",
      "X000007",
      "X000008",
      "X000009",
      "X000010",
      "X000012",
      "X000013",
      "X000014",
      "X468674"
    ]
  },
  "witnesses": {
    "P274260": {
      "is-witness-of": [
        "blms:Q002397"
      ]
    },
    "P313112": {
      "is-witness-of": [
        "blms:Q002717"
      ]
    },
    "P313113": {
      "is-witness-of": [
        "blms:Q002717"
      ]
    },
    "P338499": {
      "is-witness-of": [
        "blms:Q002717"
      ]
    },
    "P345480": {
      "is-witness-of": [
        "blms:Q002717"
      ]
    },
    "P347183": {
      "is-witness-of": [
        "blms:Q002397"
      ]
    },
    "P348565": {
      "is-witness-of": [
        "blms:Q002397"
      ]
    },
    "P357088": {
      "is-witness-of": [
        "blms:Q002717"
      ]
    },
    "P357101": {
      "is-witness-of": [
        "blms:Q002717"
      ]
    },
    "P357104": {
      "is-witness-of": [
        "blms:Q002717"
      ]
    },
    "P357115": {
      "is-witness-of": [
        "blms:Q002717"
      ]
    },
    "P357119": {
      "is-witness-of": [
        "blms:Q002717"
      ]
    },
    "P357136": {
      "is-witness-of": [
        "blms:Q002717"
      ]
    },
    "P357143": {
      "is-witness-of": [
        "blms:Q002717"
      ]
    },
    "P357147": {
      "is-witness-of": [
        "blms:Q002717"
      ]
    },
    "P357204": {
      "is-witness-of": [
        "blms:Q002717"
      ]
    },
    "P393724": {
      "is-witness-of": [
        "blms:Q002717"
      ]
    },
    "P424628": {
      "is-witness-of": [
        "blms:Q002717"
      ]
    },
    "P451928": {
      "is-witness-of": [
        "blms:Q002717"
      ]
    },
    "Q002397": {
      "has-witness": [
        "blms:P274260",
        "blms:P347183",
        "blms:P348565"
      ]
    },
    "Q002717": {
      "has-witness": [
        "blms:P313112",
        "blms:P313113",
        "blms:P338499",
        "blms:P345480",
        "blms:P357088",
        "blms:P357101",
        "blms:P357104",
        "blms:P357115",
        "blms:P357119",
        "blms:P357136",
        "blms:P357143",
        "blms:P357147",
        "blms:P357204",
        "blms:P393724",
        "blms:P424628",
        "blms:P451928"
      ]
    }
  }
}
