{
  "type": "index",
  "project": "dcclt",
  "source": "http://oracc.org/dcclt",
  "license": "This data is released under the CC0 license",
  "license-url": "https://creativecommons.org/publicdomain/zero/1.0/",
  "more-info": "http://oracc.org/doc/opendata/",
  "UTC-timestamp": "2017-06-21T22:17:04",
  "name": "cbd/sux-x-emesal",
  "keys": [
    {
      "key": "a",
      "count": "11",
      "instances": [
        "sux-x-emesal.x000000",
        "sux-x-emesal.x000000",
        "sux-x-emesal.x000036",
        "sux-x-emesal.x000036",
        "sux-x-emesal.x000100",
        "sux-x-emesal.x000100",
        "sux-x-emesal.x000100",
        "sux-x-emesal.x000435",
        "sux-x-emesal.x000435",
        "sux-x-emesal.x000435",
        "sux-x-emesal.x000435"
      ]
    },
    {
      "key": "i",
      "count": "11",
      "instances": [
        "sux-x-emesal.x000283",
        "sux-x-emesal.x000283",
        "sux-x-emesal.x000283",
        "sux-x-emesal.x000295",
        "sux-x-emesal.x000295",
        "sux-x-emesal.x000295",
        "sux-x-emesal.x000335",
        "sux-x-emesal.x000335",
        "sux-x-emesal.x000335",
        "sux-x-emesal.x000779",
        "sux-x-emesal.x000779"
      ]
    },
    {
      "key": "u",
      "count": "13",
      "instances": [
        "sux-x-emesal.x000837",
        "sux-x-emesal.x000837",
        "sux-x-emesal.x000849",
        "sux-x-emesal.x000849",
        "sux-x-emesal.x000849",
        "sux-x-emesal.x000849",
        "sux-x-emesal.x000849",
        "sux-x-emesal.x000861",
        "sux-x-emesal.x000861",
        "sux-x-emesal.x000861",
        "sux-x-emesal.x000879",
        "sux-x-emesal.x000879",
        "sux-x-emesal.x000879"
      ]
    },
    {
      "key": "ere[slave]",
      "count": "1",
      "instances": [
        "sux-x-emesal.x000148"
      ]
    },
    {
      "key": "aŋna",
      "count": "2",
      "instances": [
        "sux-x-emesal.x000076",
        "sux-x-emesal.x000076"
      ]
    },
    {
      "key": "aŋla",
      "count": "2",
      "instances": [
        "sux-x-emesal.x000064",
        "sux-x-emesal.x000064"
      ]
    },
    {
      "key": "young",
      "count": "1",
      "instances": [
        "sux-x-emesal.x000238"
      ]
    },
    {
      "key": "craftsman",
      "count": "1",
      "instances": [
        "sux-x-emesal.x000587"
      ]
    },
    {
      "key": "mungar[farmer]",
      "count": "1",
      "instances": [
        "sux-x-emesal.x000508"
      ]
    },
    {
      "key": "emesalmar",
      "count": "1",
      "instances": [
        "sux-x-emesal.x000411"
      ]
    },
    {
      "key": "gin[worker]",
      "count": "1",
      "instances": [
        "sux-x-emesal.x000238"
      ]
    },
    {
      "key": "beloved",
      "count": "1",
      "instances": [
        "sux-x-emesal.x000435"
      ]
    },
    {
      "key": "good",
      "count": "2",
      "instances": [
        "sux-x-emesal.x000939",
        "sux-x-emesal.x000939"
      ]
    },
    {
      "key": "aŋla[clothing]",
      "count": "1",
      "instances": [
        "sux-x-emesal.x000064"
      ]
    },
    {
      "key": "kernel",
      "count": "1",
      "instances": [
        "sux-x-emesal.x000560"
      ]
    },
    {
      "key": "fattened",
      "count": "2",
      "instances": [
        "sux-x-emesal.x000036",
        "sux-x-emesal.x000036"
      ]
    },
    {
      "key": "mudna",
      "count": "2",
      "instances": [
        "sux-x-emesal.x000472",
        "sux-x-emesal.x000472"
      ]
    },
    {
      "key": "emesalgu₃",
      "count": "1",
      "instances": [
        "sux-x-emesal.x000259"
      ]
    },
    {
      "key": "umun[lord]",
      "count": "1",
      "instances": [
        "sux-x-emesal.x000861"
      ]
    },
    {
      "key": "sister",
      "count": "2",
      "instances": [
        "sux-x-emesal.x000731",
        "sux-x-emesal.x000731"
      ]
    },
    {
      "key": "pole",
      "count": "2",
      "instances": [
        "sux-x-emesal.x000214",
        "sux-x-emesal.x000214"
      ]
    },
    {
      "key": "kud",
      "count": "4",
      "instances": [
        "sux-x-emesal.x000520",
        "sux-x-emesal.x000520",
        "sux-x-emesal.x000520",
        "sux-x-emesal.x000520"
      ]
    },
    {
      "key": "inspector",
      "count": "2",
      "instances": [
        "sux-x-emesal.x000359",
        "sux-x-emesal.x000359"
      ]
    },
    {
      "key": "šen[head]",
      "count": "1",
      "instances": [
        "sux-x-emesal.x000743"
      ]
    },
    {
      "key": "penis",
      "count": "1",
      "instances": [
        "sux-x-emesal.x000548"
      ]
    },
    {
      "key": "umuš[oil]",
      "count": "1",
      "instances": [
        "sux-x-emesal.x000891"
      ]
    },
    {
      "key": "mutin",
      "count": "2",
      "instances": [
        "sux-x-emesal.x000623",
        "sux-x-emesal.x000623"
      ]
    },
    {
      "key": "female",
      "count": "1",
      "instances": [
        "sux-x-emesal.x000238"
      ]
    },
    {
      "key": "mutin[woman]",
      "count": "1",
      "instances": [
        "sux-x-emesal.x000623"
      ]
    },
    {
      "key": "gudi[lute]",
      "count": "1",
      "instances": [
        "sux-x-emesal.x000259"
      ]
    },
    {
      "key": "ya[five]",
      "count": "1",
      "instances": [
        "sux-x-emesal.x000927"
      ]
    },
    {
      "key": "ta[what?]",
      "count": "1",
      "instances": [
        "sux-x-emesal.x000815"
      ]
    },
    {
      "key": "muštug",
      "count": "2",
      "instances": [
        "sux-x-emesal.x000611",
        "sux-x-emesal.x000611"
      ]
    },
    {
      "key": "šermal[authoritative]",
      "count": "1",
      "instances": [
        "sux-x-emesal.x000767"
      ]
    },
    {
      "key": "eš[rope]",
      "count": "1",
      "instances": [
        "sux-x-emesal.x000160"
      ]
    },
    {
      "key": "umun",
      "count": "5",
      "instances": [
        "sux-x-emesal.x000861",
        "sux-x-emesal.x000861",
        "sux-x-emesal.x000861",
        "sux-x-emesal.x000861",
        "sux-x-emesal.x000861"
      ]
    },
    {
      "key": "aŋšuluh",
      "count": "2",
      "instances": [
        "sux-x-emesal.x000088",
        "sux-x-emesal.x000088"
      ]
    },
    {
      "key": "mungar",
      "count": "2",
      "instances": [
        "sux-x-emesal.x000508",
        "sux-x-emesal.x000508"
      ]
    },
    {
      "key": "gašandimer[priestess]",
      "count": "1",
      "instances": [
        "sux-x-emesal.x000202"
      ]
    },
    {
      "key": "what",
      "count": "2",
      "instances": [
        "sux-x-emesal.x000815",
        "sux-x-emesal.x000815"
      ]
    },
    {
      "key": "thicket",
      "count": "2",
      "instances": [
        "sux-x-emesal.x000226",
        "sux-x-emesal.x000226"
      ]
    },
    {
      "key": "šušer[emblem]",
      "count": "1",
      "instances": [
        "sux-x-emesal.x000803"
      ]
    },
    {
      "key": "umuš",
      "count": "2",
      "instances": [
        "sux-x-emesal.x000891",
        "sux-x-emesal.x000891"
      ]
    },
    {
      "key": "niŋ₂",
      "count": "4",
      "instances": [
        "sux-x-emesal.x000635",
        "sux-x-emesal.x000635",
        "sux-x-emesal.x000635",
        "sux-x-emesal.x000635"
      ]
    },
    {
      "key": "u[ten]",
      "count": "1",
      "instances": [
        "sux-x-emesal.x000849"
      ]
    },
    {
      "key": "gašimbi",
      "count": "2",
      "instances": [
        "sux-x-emesal.x000214",
        "sux-x-emesal.x000214"
      ]
    },
    {
      "key": "ab",
      "count": "6",
      "instances": [
        "sux-x-emesal.x000012",
        "sux-x-emesal.x000012",
        "sux-x-emesal.x000719",
        "sux-x-emesal.x000719",
        "sux-x-emesal.x000719",
        "sux-x-emesal.x000719"
      ]
    },
    {
      "key": "am",
      "count": "5",
      "instances": [
        "sux-x-emesal.x000435",
        "sux-x-emesal.x000435",
        "sux-x-emesal.x000435",
        "sux-x-emesal.x000435",
        "sux-x-emesal.x000815"
      ]
    },
    {
      "key": "an",
      "count": "4",
      "instances": [
        "sux-x-emesal.x000184",
        "sux-x-emesal.x000184",
        "sux-x-emesal.x000184",
        "sux-x-emesal.x000184"
      ]
    },
    {
      "key": "ar",
      "count": "4",
      "instances": [
        "sux-x-emesal.x000508",
        "sux-x-emesal.x000508",
        "sux-x-emesal.x000508",
        "sux-x-emesal.x000508"
      ]
    },
    {
      "key": "du",
      "count": "4",
      "instances": [
        "sux-x-emesal.x000295",
        "sux-x-emesal.x000295",
        "sux-x-emesal.x000295",
        "sux-x-emesal.x000295"
      ]
    },
    {
      "key": "da",
      "count": "4",
      "instances": [
        "sux-x-emesal.x000951",
        "sux-x-emesal.x000951",
        "sux-x-emesal.x000951",
        "sux-x-emesal.x000951"
      ]
    },
    {
      "key": "establish",
      "count": "2",
      "instances": [
        "sux-x-emesal.x000448",
        "sux-x-emesal.x000448"
      ]
    },
    {
      "key": "nunuz[woman]",
      "count": "1",
      "instances": [
        "sux-x-emesal.x000647"
      ]
    },
    {
      "key": "di",
      "count": "4",
      "instances": [
        "sux-x-emesal.x000259",
        "sux-x-emesal.x000259",
        "sux-x-emesal.x000259",
        "sux-x-emesal.x000259"
      ]
    },
    {
      "key": "date",
      "count": "3",
      "instances": [
        "sux-x-emesal.x000635",
        "sux-x-emesal.x000975",
        "sux-x-emesal.x000975"
      ]
    },
    {
      "key": "em",
      "count": "4",
      "instances": [
        "sux-x-emesal.x000731",
        "sux-x-emesal.x000731",
        "sux-x-emesal.x000731",
        "sux-x-emesal.x000731"
      ]
    },
    {
      "key": "en",
      "count": "4",
      "instances": [
        "sux-x-emesal.x000743",
        "sux-x-emesal.x000743",
        "sux-x-emesal.x000743",
        "sux-x-emesal.x000743"
      ]
    },
    {
      "key": "eb",
      "count": "8",
      "instances": [
        "sux-x-emesal.x000423",
        "sux-x-emesal.x000423",
        "sux-x-emesal.x000423",
        "sux-x-emesal.x000423",
        "sux-x-emesal.x000939",
        "sux-x-emesal.x000939",
        "sux-x-emesal.x000939",
        "sux-x-emesal.x000939"
      ]
    },
    {
      "key": "bi",
      "count": "15",
      "instances": [
        "sux-x-emesal.x000124",
        "sux-x-emesal.x000124",
        "sux-x-emesal.x000124",
        "sux-x-emesal.x000124",
        "sux-x-emesal.x000214",
        "sux-x-emesal.x000214",
        "sux-x-emesal.x000214",
        "sux-x-emesal.x000214",
        "sux-x-emesal.x000283",
        "sux-x-emesal.x000283",
        "sux-x-emesal.x000283",
        "sux-x-emesal.x000951",
        "sux-x-emesal.x000951",
        "sux-x-emesal.x000951",
        "sux-x-emesal.x000951"
      ]
    },
    {
      "key": "ba",
      "count": "4",
      "instances": [
        "sux-x-emesal.x000695",
        "sux-x-emesal.x000695",
        "sux-x-emesal.x000695",
        "sux-x-emesal.x000695"
      ]
    },
    {
      "key": "be",
      "count": "2",
      "instances": [
        "sux-x-emesal.x000395",
        "sux-x-emesal.x000395"
      ]
    },
    {
      "key": "foremost",
      "count": "2",
      "instances": [
        "sux-x-emesal.x000295",
        "sux-x-emesal.x000295"
      ]
    },
    {
      "key": "ga",
      "count": "10",
      "instances": [
        "sux-x-emesal.x000184",
        "sux-x-emesal.x000184",
        "sux-x-emesal.x000184",
        "sux-x-emesal.x000214",
        "sux-x-emesal.x000214",
        "sux-x-emesal.x000214",
        "sux-x-emesal.x000508",
        "sux-x-emesal.x000508",
        "sux-x-emesal.x000508",
        "sux-x-emesal.x000508"
      ]
    },
    {
      "key": "ge",
      "count": "3",
      "instances": [
        "sux-x-emesal.x000238",
        "sux-x-emesal.x000238",
        "sux-x-emesal.x000238"
      ]
    },
    {
      "key": "gi",
      "count": "9",
      "instances": [
        "sux-x-emesal.x000226",
        "sux-x-emesal.x000226",
        "sux-x-emesal.x000226",
        "sux-x-emesal.x000226",
        "sux-x-emesal.x000226",
        "sux-x-emesal.x000226",
        "sux-x-emesal.x000238",
        "sux-x-emesal.x000238",
        "sux-x-emesal.x000238"
      ]
    },
    {
      "key": "go",
      "count": "2",
      "instances": [
        "sux-x-emesal.x000383",
        "sux-x-emesal.x000383"
      ]
    },
    {
      "key": "lum",
      "count": "6",
      "instances": [
        "sux-x-emesal.x000136",
        "sux-x-emesal.x000136",
        "sux-x-emesal.x000136",
        "sux-x-emesal.x000136",
        "sux-x-emesal.x000975",
        "sux-x-emesal.x000975"
      ]
    },
    {
      "key": "luh",
      "count": "8",
      "instances": [
        "sux-x-emesal.x000052",
        "sux-x-emesal.x000052",
        "sux-x-emesal.x000052",
        "sux-x-emesal.x000052",
        "sux-x-emesal.x000088",
        "sux-x-emesal.x000088",
        "sux-x-emesal.x000088",
        "sux-x-emesal.x000088"
      ]
    },
    {
      "key": "ten",
      "count": "2",
      "instances": [
        "sux-x-emesal.x000849",
        "sux-x-emesal.x000849"
      ]
    },
    {
      "key": "bison",
      "count": "1",
      "instances": [
        "sux-x-emesal.x000136"
      ]
    },
    {
      "key": "ki",
      "count": "4",
      "instances": [
        "sux-x-emesal.x000052",
        "sux-x-emesal.x000052",
        "sux-x-emesal.x000052",
        "sux-x-emesal.x000052"
      ]
    },
    {
      "key": "lu",
      "count": "4",
      "instances": [
        "sux-x-emesal.x000496",
        "sux-x-emesal.x000496",
        "sux-x-emesal.x000496",
        "sux-x-emesal.x000496"
      ]
    },
    {
      "key": "ŋeš",
      "count": "8",
      "instances": [
        "sux-x-emesal.x000271",
        "sux-x-emesal.x000271",
        "sux-x-emesal.x000271",
        "sux-x-emesal.x000271",
        "sux-x-emesal.x000635",
        "sux-x-emesal.x000635",
        "sux-x-emesal.x000635",
        "sux-x-emesal.x000635"
      ]
    },
    {
      "key": "la",
      "count": "3",
      "instances": [
        "sux-x-emesal.x000371",
        "sux-x-emesal.x000371",
        "sux-x-emesal.x000371"
      ]
    },
    {
      "key": "im",
      "count": "3",
      "instances": [
        "sux-x-emesal.x000307",
        "sux-x-emesal.x000307",
        "sux-x-emesal.x000307"
      ]
    },
    {
      "key": "tax",
      "count": "2",
      "instances": [
        "sux-x-emesal.x000520",
        "sux-x-emesal.x000520"
      ]
    },
    {
      "key": "hair",
      "count": "2",
      "instances": [
        "sux-x-emesal.x000683",
        "sux-x-emesal.x000683"
      ]
    },
    {
      "key": "ir",
      "count": "8",
      "instances": [
        "sux-x-emesal.x000319",
        "sux-x-emesal.x000319",
        "sux-x-emesal.x000319",
        "sux-x-emesal.x000319",
        "sux-x-emesal.x000319",
        "sux-x-emesal.x000319",
        "sux-x-emesal.x000319",
        "sux-x-emesal.x000319"
      ]
    },
    {
      "key": "wooden",
      "count": "1",
      "instances": [
        "sux-x-emesal.x000560"
      ]
    },
    {
      "key": "na",
      "count": "8",
      "instances": [
        "sux-x-emesal.x000076",
        "sux-x-emesal.x000076",
        "sux-x-emesal.x000076",
        "sux-x-emesal.x000076",
        "sux-x-emesal.x000472",
        "sux-x-emesal.x000472",
        "sux-x-emesal.x000472",
        "sux-x-emesal.x000472"
      ]
    },
    {
      "key": "nu",
      "count": "6",
      "instances": [
        "sux-x-emesal.x000395",
        "sux-x-emesal.x000532",
        "sux-x-emesal.x000532",
        "sux-x-emesal.x000647",
        "sux-x-emesal.x000647",
        "sux-x-emesal.x000647"
      ]
    },
    {
      "key": "labar[slave]",
      "count": "1",
      "instances": [
        "sux-x-emesal.x000371"
      ]
    },
    {
      "key": "me",
      "count": "7",
      "instances": [
        "sux-x-emesal.x000202",
        "sux-x-emesal.x000202",
        "sux-x-emesal.x000202",
        "sux-x-emesal.x000202",
        "sux-x-emesal.x000435",
        "sux-x-emesal.x000435",
        "sux-x-emesal.x000435"
      ]
    },
    {
      "key": "kišib",
      "count": "3",
      "instances": [
        "sux-x-emesal.x000347",
        "sux-x-emesal.x000347",
        "sux-x-emesal.x000347"
      ]
    },
    {
      "key": "tin",
      "count": "5",
      "instances": [
        "sux-x-emesal.x000076",
        "sux-x-emesal.x000623",
        "sux-x-emesal.x000623",
        "sux-x-emesal.x000623",
        "sux-x-emesal.x000623"
      ]
    },
    {
      "key": "ri",
      "count": "4",
      "instances": [
        "sux-x-emesal.x000335",
        "sux-x-emesal.x000335",
        "sux-x-emesal.x000335",
        "sux-x-emesal.x000335"
      ]
    },
    {
      "key": "ši[life]",
      "count": "1",
      "instances": [
        "sux-x-emesal.x000779"
      ]
    },
    {
      "key": "re",
      "count": "4",
      "instances": [
        "sux-x-emesal.x000148",
        "sux-x-emesal.x000148",
        "sux-x-emesal.x000148",
        "sux-x-emesal.x000148"
      ]
    },
    {
      "key": "furnace",
      "count": "1",
      "instances": [
        "sux-x-emesal.x000587"
      ]
    },
    {
      "key": "si",
      "count": "6",
      "instances": [
        "sux-x-emesal.x000779",
        "sux-x-emesal.x000779",
        "sux-x-emesal.x000879",
        "sux-x-emesal.x000879",
        "sux-x-emesal.x000879",
        "sux-x-emesal.x000879"
      ]
    },
    {
      "key": "ud",
      "count": "4",
      "instances": [
        "sux-x-emesal.x000472",
        "sux-x-emesal.x000472",
        "sux-x-emesal.x000472",
        "sux-x-emesal.x000472"
      ]
    },
    {
      "key": "life",
      "count": "2",
      "instances": [
        "sux-x-emesal.x000779",
        "sux-x-emesal.x000779"
      ]
    },
    {
      "key": "ta",
      "count": "9",
      "instances": [
        "sux-x-emesal.x000815",
        "sux-x-emesal.x000815",
        "sux-x-emesal.x000815",
        "sux-x-emesal.x000815",
        "sux-x-emesal.x000815",
        "sux-x-emesal.x000815",
        "sux-x-emesal.x000815",
        "sux-x-emesal.x000815",
        "sux-x-emesal.x000815"
      ]
    },
    {
      "key": "ti",
      "count": "4",
      "instances": [
        "sux-x-emesal.x000587",
        "sux-x-emesal.x000587",
        "sux-x-emesal.x000587",
        "sux-x-emesal.x000587"
      ]
    },
    {
      "key": "male",
      "count": "1",
      "instances": [
        "sux-x-emesal.x000548"
      ]
    },
    {
      "key": "ya",
      "count": "2",
      "instances": [
        "sux-x-emesal.x000927",
        "sux-x-emesal.x000927"
      ]
    },
    {
      "key": "su₈",
      "count": "3",
      "instances": [
        "sux-x-emesal.x000695",
        "sux-x-emesal.x000695",
        "sux-x-emesal.x000695"
      ]
    },
    {
      "key": "mugib[priestess]",
      "count": "1",
      "instances": [
        "sux-x-emesal.x000484"
      ]
    },
    {
      "key": "princess",
      "count": "2",
      "instances": [
        "sux-x-emesal.x000124",
        "sux-x-emesal.x000124"
      ]
    },
    {
      "key": "niŋtuku",
      "count": "2",
      "instances": [
        "sux-x-emesal.x000635",
        "sux-x-emesal.x000635"
      ]
    },
    {
      "key": "emesalkišib",
      "count": "1",
      "instances": [
        "sux-x-emesal.x000347"
      ]
    },
    {
      "key": "zu",
      "count": "1",
      "instances": [
        "sux-x-emesal.x000975"
      ]
    },
    {
      "key": "min₂",
      "count": "3",
      "instances": [
        "sux-x-emesal.x000448",
        "sux-x-emesal.x000448",
        "sux-x-emesal.x000448"
      ]
    },
    {
      "key": "metal",
      "count": "1",
      "instances": [
        "sux-x-emesal.x000076"
      ]
    },
    {
      "key": "emesalu₅",
      "count": "2",
      "instances": [
        "sux-x-emesal.x000837",
        "sux-x-emesal.x000891"
      ]
    },
    {
      "key": "irigal",
      "count": "2",
      "instances": [
        "sux-x-emesal.x000335",
        "sux-x-emesal.x000335"
      ]
    },
    {
      "key": "saŋ[head]",
      "count": "1",
      "instances": [
        "sux-x-emesal.x000659"
      ]
    },
    {
      "key": "broom",
      "count": "3",
      "instances": [
        "sux-x-emesal.x000052",
        "sux-x-emesal.x000052",
        "sux-x-emesal.x000088"
      ]
    },
    {
      "key": "emesala₂",
      "count": "1",
      "instances": [
        "sux-x-emesal.x000000"
      ]
    },
    {
      "key": "ibi",
      "count": "2",
      "instances": [
        "sux-x-emesal.x000283",
        "sux-x-emesal.x000283"
      ]
    },
    {
      "key": "year",
      "count": "2",
      "instances": [
        "sux-x-emesal.x000460",
        "sux-x-emesal.x000460"
      ]
    },
    {
      "key": "zulum",
      "count": "2",
      "instances": [
        "sux-x-emesal.x000975",
        "sux-x-emesal.x000975"
      ]
    },
    {
      "key": "ku₆",
      "count": "3",
      "instances": [
        "sux-x-emesal.x000359",
        "sux-x-emesal.x000359",
        "sux-x-emesal.x000359"
      ]
    },
    {
      "key": "lum₂",
      "count": "2",
      "instances": [
        "sux-x-emesal.x000975",
        "sux-x-emesal.x000975"
      ]
    },
    {
      "key": "emesalab₂",
      "count": "1",
      "instances": [
        "sux-x-emesal.x000012"
      ]
    },
    {
      "key": "five",
      "count": "2",
      "instances": [
        "sux-x-emesal.x000927",
        "sux-x-emesal.x000927"
      ]
    },
    {
      "key": "three",
      "count": "2",
      "instances": [
        "sux-x-emesal.x000915",
        "sux-x-emesal.x000915"
      ]
    },
    {
      "key": "emesalšu",
      "count": "2",
      "instances": [
        "sux-x-emesal.x000791",
        "sux-x-emesal.x000803"
      ]
    },
    {
      "key": "emesalši",
      "count": "1",
      "instances": [
        "sux-x-emesal.x000779"
      ]
    },
    {
      "key": "emesalše",
      "count": "4",
      "instances": [
        "sux-x-emesal.x000731",
        "sux-x-emesal.x000743",
        "sux-x-emesal.x000755",
        "sux-x-emesal.x000767"
      ]
    },
    {
      "key": "ebir",
      "count": "2",
      "instances": [
        "sux-x-emesal.x000124",
        "sux-x-emesal.x000124"
      ]
    },
    {
      "key": "emesalsaŋ",
      "count": "1",
      "instances": [
        "sux-x-emesal.x000659"
      ]
    },
    {
      "key": "ab₂",
      "count": "3",
      "instances": [
        "sux-x-emesal.x000012",
        "sux-x-emesal.x000012",
        "sux-x-emesal.x000012"
      ]
    },
    {
      "key": "elum[bison]",
      "count": "1",
      "instances": [
        "sux-x-emesal.x000136"
      ]
    },
    {
      "key": "bandage",
      "count": "1",
      "instances": [
        "sux-x-emesal.x000064"
      ]
    },
    {
      "key": "šumunbur",
      "count": "2",
      "instances": [
        "sux-x-emesal.x000791",
        "sux-x-emesal.x000791"
      ]
    },
    {
      "key": "arm",
      "count": "2",
      "instances": [
        "sux-x-emesal.x000000",
        "sux-x-emesal.x000000"
      ]
    },
    {
      "key": "dumu[child]",
      "count": "1",
      "instances": [
        "sux-x-emesal.x000112"
      ]
    },
    {
      "key": "emesalsiki",
      "count": "1",
      "instances": [
        "sux-x-emesal.x000683"
      ]
    },
    {
      "key": "emesaluš",
      "count": "1",
      "instances": [
        "sux-x-emesal.x000915"
      ]
    },
    {
      "key": "u[oil]",
      "count": "1",
      "instances": [
        "sux-x-emesal.x000837"
      ]
    },
    {
      "key": "siki",
      "count": "5",
      "instances": [
        "sux-x-emesal.x000683",
        "sux-x-emesal.x000683",
        "sux-x-emesal.x000683",
        "sux-x-emesal.x000683",
        "sux-x-emesal.x000683"
      ]
    },
    {
      "key": "uru[city]",
      "count": "1",
      "instances": [
        "sux-x-emesal.x000903"
      ]
    },
    {
      "key": "a[arm]",
      "count": "1",
      "instances": [
        "sux-x-emesal.x000000"
      ]
    },
    {
      "key": "emesalge",
      "count": "1",
      "instances": [
        "sux-x-emesal.x000238"
      ]
    },
    {
      "key": "emesalga",
      "count": "2",
      "instances": [
        "sux-x-emesal.x000184",
        "sux-x-emesal.x000214"
      ]
    },
    {
      "key": "emesalgi",
      "count": "1",
      "instances": [
        "sux-x-emesal.x000238"
      ]
    },
    {
      "key": "gašimbi[pole]",
      "count": "1",
      "instances": [
        "sux-x-emesal.x000214"
      ]
    },
    {
      "key": "zu₂",
      "count": "2",
      "instances": [
        "sux-x-emesal.x000975",
        "sux-x-emesal.x000975"
      ]
    },
    {
      "key": "cleaning",
      "count": "1",
      "instances": [
        "sux-x-emesal.x000088"
      ]
    },
    {
      "key": "ŋešnimbar[palm]",
      "count": "1",
      "instances": [
        "sux-x-emesal.x000271"
      ]
    },
    {
      "key": "muš[penis]",
      "count": "1",
      "instances": [
        "sux-x-emesal.x000548"
      ]
    },
    {
      "key": "la₂",
      "count": "8",
      "instances": [
        "sux-x-emesal.x000064",
        "sux-x-emesal.x000064",
        "sux-x-emesal.x000064",
        "sux-x-emesal.x000064",
        "sux-x-emesal.x000271",
        "sux-x-emesal.x000271",
        "sux-x-emesal.x000271",
        "sux-x-emesal.x000271"
      ]
    },
    {
      "key": "aŋ[thing]",
      "count": "1",
      "instances": [
        "sux-x-emesal.x000024"
      ]
    },
    {
      "key": "emesalir",
      "count": "2",
      "instances": [
        "sux-x-emesal.x000319",
        "sux-x-emesal.x000319"
      ]
    },
    {
      "key": "emesalim",
      "count": "1",
      "instances": [
        "sux-x-emesal.x000307"
      ]
    },
    {
      "key": "emesaluru₂",
      "count": "1",
      "instances": [
        "sux-x-emesal.x000903"
      ]
    },
    {
      "key": "emesalla",
      "count": "1",
      "instances": [
        "sux-x-emesal.x000371"
      ]
    },
    {
      "key": "muš[tree]",
      "count": "1",
      "instances": [
        "sux-x-emesal.x000560"
      ]
    },
    {
      "key": "shave",
      "count": "2",
      "instances": [
        "sux-x-emesal.x000671",
        "sux-x-emesal.x000671"
      ]
    },
    {
      "key": "saŋ",
      "count": "5",
      "instances": [
        "sux-x-emesal.x000659",
        "sux-x-emesal.x000659",
        "sux-x-emesal.x000659",
        "sux-x-emesal.x000659",
        "sux-x-emesal.x000659"
      ]
    },
    {
      "key": "emesalnu",
      "count": "2",
      "instances": [
        "sux-x-emesal.x000395",
        "sux-x-emesal.x000647"
      ]
    },
    {
      "key": "emesalme",
      "count": "1",
      "instances": [
        "sux-x-emesal.x000435"
      ]
    },
    {
      "key": "emesalma",
      "count": "2",
      "instances": [
        "sux-x-emesal.x000395",
        "sux-x-emesal.x000423"
      ]
    },
    {
      "key": "emesalmu",
      "count": "15",
      "instances": [
        "sux-x-emesal.x000460",
        "sux-x-emesal.x000472",
        "sux-x-emesal.x000484",
        "sux-x-emesal.x000496",
        "sux-x-emesal.x000508",
        "sux-x-emesal.x000520",
        "sux-x-emesal.x000532",
        "sux-x-emesal.x000532",
        "sux-x-emesal.x000548",
        "sux-x-emesal.x000560",
        "sux-x-emesal.x000560",
        "sux-x-emesal.x000560",
        "sux-x-emesal.x000587",
        "sux-x-emesal.x000599",
        "sux-x-emesal.x000623"
      ]
    },
    {
      "key": "šušer",
      "count": "2",
      "instances": [
        "sux-x-emesal.x000803",
        "sux-x-emesal.x000803"
      ]
    },
    {
      "key": "emesalta",
      "count": "2",
      "instances": [
        "sux-x-emesal.x000815",
        "sux-x-emesal.x000815"
      ]
    },
    {
      "key": "emblem",
      "count": "2",
      "instances": [
        "sux-x-emesal.x000803",
        "sux-x-emesal.x000803"
      ]
    },
    {
      "key": "nim",
      "count": "4",
      "instances": [
        "sux-x-emesal.x000271",
        "sux-x-emesal.x000271",
        "sux-x-emesal.x000271",
        "sux-x-emesal.x000271"
      ]
    },
    {
      "key": "woman",
      "count": "5",
      "instances": [
        "sux-x-emesal.x000238",
        "sux-x-emesal.x000623",
        "sux-x-emesal.x000623",
        "sux-x-emesal.x000647",
        "sux-x-emesal.x000647"
      ]
    },
    {
      "key": "emesalzu",
      "count": "1",
      "instances": [
        "sux-x-emesal.x000975"
      ]
    },
    {
      "key": "bearer",
      "count": "2",
      "instances": [
        "sux-x-emesal.x000347",
        "sux-x-emesal.x000347"
      ]
    },
    {
      "key": "nuz",
      "count": "4",
      "instances": [
        "sux-x-emesal.x000647",
        "sux-x-emesal.x000647",
        "sux-x-emesal.x000647",
        "sux-x-emesal.x000647"
      ]
    },
    {
      "key": "nud",
      "count": "4",
      "instances": [
        "sux-x-emesal.x000599",
        "sux-x-emesal.x000599",
        "sux-x-emesal.x000599",
        "sux-x-emesal.x000599"
      ]
    },
    {
      "key": "ibiʾešdu[foremost]",
      "count": "1",
      "instances": [
        "sux-x-emesal.x000295"
      ]
    },
    {
      "key": "vessel",
      "count": "1",
      "instances": [
        "sux-x-emesal.x000560"
      ]
    },
    {
      "key": "cloud",
      "count": "2",
      "instances": [
        "sux-x-emesal.x000963",
        "sux-x-emesal.x000963"
      ]
    },
    {
      "key": "mazeb",
      "count": "2",
      "instances": [
        "sux-x-emesal.x000423",
        "sux-x-emesal.x000423"
      ]
    },
    {
      "key": "šermal",
      "count": "2",
      "instances": [
        "sux-x-emesal.x000767",
        "sux-x-emesal.x000767"
      ]
    },
    {
      "key": "munkud",
      "count": "2",
      "instances": [
        "sux-x-emesal.x000520",
        "sux-x-emesal.x000520"
      ]
    },
    {
      "key": "eš",
      "count": "6",
      "instances": [
        "sux-x-emesal.x000160",
        "sux-x-emesal.x000160",
        "sux-x-emesal.x000295",
        "sux-x-emesal.x000295",
        "sux-x-emesal.x000295",
        "sux-x-emesal.x000295"
      ]
    },
    {
      "key": "aŋguʾa[fattened]",
      "count": "1",
      "instances": [
        "sux-x-emesal.x000036"
      ]
    },
    {
      "key": "oil",
      "count": "4",
      "instances": [
        "sux-x-emesal.x000837",
        "sux-x-emesal.x000837",
        "sux-x-emesal.x000891",
        "sux-x-emesal.x000891"
      ]
    },
    {
      "key": "ŋešnimbar",
      "count": "2",
      "instances": [
        "sux-x-emesal.x000271",
        "sux-x-emesal.x000271"
      ]
    },
    {
      "key": "bring",
      "count": "2",
      "instances": [
        "sux-x-emesal.x000319",
        "sux-x-emesal.x000319"
      ]
    },
    {
      "key": "sheep",
      "count": "2",
      "instances": [
        "sux-x-emesal.x000172",
        "sux-x-emesal.x000172"
      ]
    },
    {
      "key": "du₅",
      "count": "3",
      "instances": [
        "sux-x-emesal.x000112",
        "sux-x-emesal.x000112",
        "sux-x-emesal.x000112"
      ]
    },
    {
      "key": "kiŋ₂",
      "count": "4",
      "instances": [
        "sux-x-emesal.x000587",
        "sux-x-emesal.x000587",
        "sux-x-emesal.x000587",
        "sux-x-emesal.x000587"
      ]
    },
    {
      "key": "dumu",
      "count": "2",
      "instances": [
        "sux-x-emesal.x000112",
        "sux-x-emesal.x000112"
      ]
    },
    {
      "key": "priestess",
      "count": "4",
      "instances": [
        "sux-x-emesal.x000202",
        "sux-x-emesal.x000202",
        "sux-x-emesal.x000484",
        "sux-x-emesal.x000484"
      ]
    },
    {
      "key": "emesalku₆",
      "count": "1",
      "instances": [
        "sux-x-emesal.x000359"
      ]
    },
    {
      "key": "ia₂",
      "count": "3",
      "instances": [
        "sux-x-emesal.x000927",
        "sux-x-emesal.x000927",
        "sux-x-emesal.x000927"
      ]
    },
    {
      "key": "šim",
      "count": "4",
      "instances": [
        "sux-x-emesal.x000214",
        "sux-x-emesal.x000214",
        "sux-x-emesal.x000214",
        "sux-x-emesal.x000214"
      ]
    },
    {
      "key": "immal[cow]",
      "count": "1",
      "instances": [
        "sux-x-emesal.x000307"
      ]
    },
    {
      "key": "šem[sister]",
      "count": "1",
      "instances": [
        "sux-x-emesal.x000731"
      ]
    },
    {
      "key": "cowherd",
      "count": "2",
      "instances": [
        "sux-x-emesal.x000532",
        "sux-x-emesal.x000532"
      ]
    },
    {
      "key": "important",
      "count": "1",
      "instances": [
        "sux-x-emesal.x000136"
      ]
    },
    {
      "key": "šab",
      "count": "2",
      "instances": [
        "sux-x-emesal.x000719",
        "sux-x-emesal.x000719"
      ]
    },
    {
      "key": "eš₂",
      "count": "3",
      "instances": [
        "sux-x-emesal.x000160",
        "sux-x-emesal.x000160",
        "sux-x-emesal.x000160"
      ]
    },
    {
      "key": "spouse",
      "count": "2",
      "instances": [
        "sux-x-emesal.x000472",
        "sux-x-emesal.x000472"
      ]
    },
    {
      "key": "dear",
      "count": "1",
      "instances": [
        "sux-x-emesal.x000435"
      ]
    },
    {
      "key": "šer",
      "count": "2",
      "instances": [
        "sux-x-emesal.x000755",
        "sux-x-emesal.x000755"
      ]
    },
    {
      "key": "šem",
      "count": "2",
      "instances": [
        "sux-x-emesal.x000731",
        "sux-x-emesal.x000731"
      ]
    },
    {
      "key": "šen",
      "count": "2",
      "instances": [
        "sux-x-emesal.x000743",
        "sux-x-emesal.x000743"
      ]
    },
    {
      "key": "emesalsu₈",
      "count": "1",
      "instances": [
        "sux-x-emesal.x000695"
      ]
    },
    {
      "key": "šu",
      "count": "10",
      "instances": [
        "sux-x-emesal.x000088",
        "sux-x-emesal.x000088",
        "sux-x-emesal.x000088",
        "sux-x-emesal.x000088",
        "sux-x-emesal.x000791",
        "sux-x-emesal.x000791",
        "sux-x-emesal.x000791",
        "sux-x-emesal.x000803",
        "sux-x-emesal.x000803",
        "sux-x-emesal.x000803"
      ]
    },
    {
      "key": "ši",
      "count": "5",
      "instances": [
        "sux-x-emesal.x000779",
        "sux-x-emesal.x000779",
        "sux-x-emesal.x000779",
        "sux-x-emesal.x000779",
        "sux-x-emesal.x000779"
      ]
    },
    {
      "key": "ša",
      "count": "4",
      "instances": [
        "sux-x-emesal.x000184",
        "sux-x-emesal.x000184",
        "sux-x-emesal.x000184",
        "sux-x-emesal.x000184"
      ]
    },
    {
      "key": "bur₂",
      "count": "4",
      "instances": [
        "sux-x-emesal.x000791",
        "sux-x-emesal.x000791",
        "sux-x-emesal.x000791",
        "sux-x-emesal.x000791"
      ]
    },
    {
      "key": "u₅",
      "count": "6",
      "instances": [
        "sux-x-emesal.x000837",
        "sux-x-emesal.x000837",
        "sux-x-emesal.x000837",
        "sux-x-emesal.x000891",
        "sux-x-emesal.x000891",
        "sux-x-emesal.x000891"
      ]
    },
    {
      "key": "emesalšuba₂",
      "count": "1",
      "instances": [
        "sux-x-emesal.x000695"
      ]
    },
    {
      "key": "ibiʾešdu",
      "count": "2",
      "instances": [
        "sux-x-emesal.x000295",
        "sux-x-emesal.x000295"
      ]
    },
    {
      "key": "underworld",
      "count": "2",
      "instances": [
        "sux-x-emesal.x000335",
        "sux-x-emesal.x000335"
      ]
    },
    {
      "key": "equipment",
      "count": "1",
      "instances": [
        "sux-x-emesal.x000088"
      ]
    },
    {
      "key": "emesala",
      "count": "1",
      "instances": [
        "sux-x-emesal.x000100"
      ]
    },
    {
      "key": "emesale",
      "count": "4",
      "instances": [
        "sux-x-emesal.x000124",
        "sux-x-emesal.x000136",
        "sux-x-emesal.x000148",
        "sux-x-emesal.x000172"
      ]
    },
    {
      "key": "emesali",
      "count": "3",
      "instances": [
        "sux-x-emesal.x000283",
        "sux-x-emesal.x000295",
        "sux-x-emesal.x000335"
      ]
    },
    {
      "key": "emesalu",
      "count": "3",
      "instances": [
        "sux-x-emesal.x000849",
        "sux-x-emesal.x000861",
        "sux-x-emesal.x000879"
      ]
    },
    {
      "key": "umunsik",
      "count": "2",
      "instances": [
        "sux-x-emesal.x000879",
        "sux-x-emesal.x000879"
      ]
    },
    {
      "key": "a₂",
      "count": "3",
      "instances": [
        "sux-x-emesal.x000000",
        "sux-x-emesal.x000000",
        "sux-x-emesal.x000000"
      ]
    },
    {
      "key": "munud",
      "count": "2",
      "instances": [
        "sux-x-emesal.x000532",
        "sux-x-emesal.x000532"
      ]
    },
    {
      "key": "kišibmal[seal bearer]",
      "count": "1",
      "instances": [
        "sux-x-emesal.x000347"
      ]
    },
    {
      "key": "šumunbur[rushes]",
      "count": "1",
      "instances": [
        "sux-x-emesal.x000791"
      ]
    },
    {
      "key": "muštug₂",
      "count": "3",
      "instances": [
        "sux-x-emesal.x000611",
        "sux-x-emesal.x000611",
        "sux-x-emesal.x000611"
      ]
    },
    {
      "key": "meʾam",
      "count": "2",
      "instances": [
        "sux-x-emesal.x000435",
        "sux-x-emesal.x000435"
      ]
    },
    {
      "key": "zebid[heavy]",
      "count": "1",
      "instances": [
        "sux-x-emesal.x000951"
      ]
    },
    {
      "key": "ŋa₂",
      "count": "4",
      "instances": [
        "sux-x-emesal.x000036",
        "sux-x-emesal.x000036",
        "sux-x-emesal.x000036",
        "sux-x-emesal.x000036"
      ]
    },
    {
      "key": "lady",
      "count": "2",
      "instances": [
        "sux-x-emesal.x000184",
        "sux-x-emesal.x000184"
      ]
    },
    {
      "key": "eye",
      "count": "1",
      "instances": [
        "sux-x-emesal.x000283"
      ]
    },
    {
      "key": "mah",
      "count": "4",
      "instances": [
        "sux-x-emesal.x000411",
        "sux-x-emesal.x000411",
        "sux-x-emesal.x000411",
        "sux-x-emesal.x000411"
      ]
    },
    {
      "key": "mal",
      "count": "1",
      "instances": [
        "sux-x-emesal.x000395"
      ]
    },
    {
      "key": "mušnud",
      "count": "2",
      "instances": [
        "sux-x-emesal.x000599",
        "sux-x-emesal.x000599"
      ]
    },
    {
      "key": "mar",
      "count": "3",
      "instances": [
        "sux-x-emesal.x000411",
        "sux-x-emesal.x000411",
        "sux-x-emesal.x000411"
      ]
    },
    {
      "key": "eze",
      "count": "2",
      "instances": [
        "sux-x-emesal.x000172",
        "sux-x-emesal.x000172"
      ]
    },
    {
      "key": "ab[cow]",
      "count": "1",
      "instances": [
        "sux-x-emesal.x000012"
      ]
    },
    {
      "key": "lament",
      "count": "2",
      "instances": [
        "sux-x-emesal.x000100",
        "sux-x-emesal.x000100"
      ]
    },
    {
      "key": "worker",
      "count": "2",
      "instances": [
        "sux-x-emesal.x000238",
        "sux-x-emesal.x000238"
      ]
    },
    {
      "key": "eze[sheep]",
      "count": "1",
      "instances": [
        "sux-x-emesal.x000172"
      ]
    },
    {
      "key": "gu₇",
      "count": "2",
      "instances": [
        "sux-x-emesal.x000036",
        "sux-x-emesal.x000036"
      ]
    },
    {
      "key": "meʾam[dear]",
      "count": "1",
      "instances": [
        "sux-x-emesal.x000435"
      ]
    },
    {
      "key": "gu₃",
      "count": "3",
      "instances": [
        "sux-x-emesal.x000259",
        "sux-x-emesal.x000259",
        "sux-x-emesal.x000259"
      ]
    },
    {
      "key": "ere",
      "count": "2",
      "instances": [
        "sux-x-emesal.x000148",
        "sux-x-emesal.x000148"
      ]
    },
    {
      "key": "zed[cloud]",
      "count": "1",
      "instances": [
        "sux-x-emesal.x000963"
      ]
    },
    {
      "key": "am₃",
      "count": "2",
      "instances": [
        "sux-x-emesal.x000815",
        "sux-x-emesal.x000815"
      ]
    },
    {
      "key": "min",
      "count": "2",
      "instances": [
        "sux-x-emesal.x000448",
        "sux-x-emesal.x000448"
      ]
    },
    {
      "key": "child",
      "count": "2",
      "instances": [
        "sux-x-emesal.x000112",
        "sux-x-emesal.x000112"
      ]
    },
    {
      "key": "aŋguʾa",
      "count": "2",
      "instances": [
        "sux-x-emesal.x000036",
        "sux-x-emesal.x000036"
      ]
    },
    {
      "key": "kišibmal",
      "count": "2",
      "instances": [
        "sux-x-emesal.x000347",
        "sux-x-emesal.x000347"
      ]
    },
    {
      "key": "clothing",
      "count": "1",
      "instances": [
        "sux-x-emesal.x000064"
      ]
    },
    {
      "key": "ear",
      "count": "2",
      "instances": [
        "sux-x-emesal.x000611",
        "sux-x-emesal.x000611"
      ]
    },
    {
      "key": "gašandimer",
      "count": "2",
      "instances": [
        "sux-x-emesal.x000202",
        "sux-x-emesal.x000202"
      ]
    },
    {
      "key": "ma₃",
      "count": "3",
      "instances": [
        "sux-x-emesal.x000383",
        "sux-x-emesal.x000383",
        "sux-x-emesal.x000383"
      ]
    },
    {
      "key": "ša₃",
      "count": "3",
      "instances": [
        "sux-x-emesal.x000719",
        "sux-x-emesal.x000719",
        "sux-x-emesal.x000719"
      ]
    },
    {
      "key": "irigal[underworld]",
      "count": "1",
      "instances": [
        "sux-x-emesal.x000335"
      ]
    },
    {
      "key": "marmah",
      "count": "2",
      "instances": [
        "sux-x-emesal.x000411",
        "sux-x-emesal.x000411"
      ]
    },
    {
      "key": "aŋ",
      "count": "2",
      "instances": [
        "sux-x-emesal.x000024",
        "sux-x-emesal.x000024"
      ]
    },
    {
      "key": "emesalmuštug₂",
      "count": "1",
      "instances": [
        "sux-x-emesal.x000611"
      ]
    },
    {
      "key": "šuba",
      "count": "3",
      "instances": [
        "sux-x-emesal.x000695",
        "sux-x-emesal.x000695",
        "sux-x-emesal.x000695"
      ]
    },
    {
      "key": "dim₃",
      "count": "4",
      "instances": [
        "sux-x-emesal.x000202",
        "sux-x-emesal.x000202",
        "sux-x-emesal.x000202",
        "sux-x-emesal.x000202"
      ]
    },
    {
      "key": "lordly",
      "count": "2",
      "instances": [
        "sux-x-emesal.x000755",
        "sux-x-emesal.x000755"
      ]
    },
    {
      "key": "umunsik[ruler]",
      "count": "1",
      "instances": [
        "sux-x-emesal.x000879"
      ]
    },
    {
      "key": "marmah[priest]",
      "count": "1",
      "instances": [
        "sux-x-emesal.x000411"
      ]
    },
    {
      "key": "kumal[inspector]",
      "count": "1",
      "instances": [
        "sux-x-emesal.x000359"
      ]
    },
    {
      "key": "bar",
      "count": "4",
      "instances": [
        "sux-x-emesal.x000371",
        "sux-x-emesal.x000371",
        "sux-x-emesal.x000371",
        "sux-x-emesal.x000371"
      ]
    },
    {
      "key": "munkud[tax-collector]",
      "count": "1",
      "instances": [
        "sux-x-emesal.x000520"
      ]
    },
    {
      "key": "nunuz",
      "count": "2",
      "instances": [
        "sux-x-emesal.x000647",
        "sux-x-emesal.x000647"
      ]
    },
    {
      "key": "aŋšuluh[cleaning equipment]",
      "count": "1",
      "instances": [
        "sux-x-emesal.x000088"
      ]
    },
    {
      "key": "immal",
      "count": "2",
      "instances": [
        "sux-x-emesal.x000307",
        "sux-x-emesal.x000307"
      ]
    },
    {
      "key": "emesal",
      "count": "3",
      "instances": [
        "sux-x-emesal.x000226",
        "sux-x-emesal.x000271",
        "sux-x-emesal.x000635"
      ]
    },
    {
      "key": "gašan",
      "count": "8",
      "instances": [
        "sux-x-emesal.x000184",
        "sux-x-emesal.x000184",
        "sux-x-emesal.x000184",
        "sux-x-emesal.x000184",
        "sux-x-emesal.x000184",
        "sux-x-emesal.x000202",
        "sux-x-emesal.x000202",
        "sux-x-emesal.x000202"
      ]
    },
    {
      "key": "bed",
      "count": "2",
      "instances": [
        "sux-x-emesal.x000599",
        "sux-x-emesal.x000599"
      ]
    },
    {
      "key": "zulum[date]",
      "count": "1",
      "instances": [
        "sux-x-emesal.x000975"
      ]
    },
    {
      "key": "zeb",
      "count": "2",
      "instances": [
        "sux-x-emesal.x000939",
        "sux-x-emesal.x000939"
      ]
    },
    {
      "key": "zed",
      "count": "2",
      "instances": [
        "sux-x-emesal.x000963",
        "sux-x-emesal.x000963"
      ]
    },
    {
      "key": "lord",
      "count": "2",
      "instances": [
        "sux-x-emesal.x000861",
        "sux-x-emesal.x000861"
      ]
    },
    {
      "key": "tree",
      "count": "2",
      "instances": [
        "sux-x-emesal.x000560",
        "sux-x-emesal.x000560"
      ]
    },
    {
      "key": "emesalša₃",
      "count": "1",
      "instances": [
        "sux-x-emesal.x000719"
      ]
    },
    {
      "key": "mal[be]",
      "count": "1",
      "instances": [
        "sux-x-emesal.x000395"
      ]
    },
    {
      "key": "seal",
      "count": "2",
      "instances": [
        "sux-x-emesal.x000347",
        "sux-x-emesal.x000347"
      ]
    },
    {
      "key": "priest",
      "count": "2",
      "instances": [
        "sux-x-emesal.x000411",
        "sux-x-emesal.x000411"
      ]
    },
    {
      "key": "slave",
      "count": "4",
      "instances": [
        "sux-x-emesal.x000148",
        "sux-x-emesal.x000148",
        "sux-x-emesal.x000371",
        "sux-x-emesal.x000371"
      ]
    },
    {
      "key": "bi₂",
      "count": "8",
      "instances": [
        "sux-x-emesal.x000283",
        "sux-x-emesal.x000283",
        "sux-x-emesal.x000283",
        "sux-x-emesal.x000283",
        "sux-x-emesal.x000295",
        "sux-x-emesal.x000295",
        "sux-x-emesal.x000295",
        "sux-x-emesal.x000295"
      ]
    },
    {
      "key": "cow",
      "count": "4",
      "instances": [
        "sux-x-emesal.x000012",
        "sux-x-emesal.x000012",
        "sux-x-emesal.x000307",
        "sux-x-emesal.x000307"
      ]
    },
    {
      "key": "zeb[good]",
      "count": "1",
      "instances": [
        "sux-x-emesal.x000939"
      ]
    },
    {
      "key": "rich",
      "count": "1",
      "instances": [
        "sux-x-emesal.x000635"
      ]
    },
    {
      "key": "mušnud[bed]",
      "count": "1",
      "instances": [
        "sux-x-emesal.x000599"
      ]
    },
    {
      "key": "muškiŋti",
      "count": "2",
      "instances": [
        "sux-x-emesal.x000587",
        "sux-x-emesal.x000587"
      ]
    },
    {
      "key": "collector",
      "count": "2",
      "instances": [
        "sux-x-emesal.x000520",
        "sux-x-emesal.x000520"
      ]
    },
    {
      "key": "gib₃",
      "count": "4",
      "instances": [
        "sux-x-emesal.x000484",
        "sux-x-emesal.x000484",
        "sux-x-emesal.x000484",
        "sux-x-emesal.x000484"
      ]
    },
    {
      "key": "emesalma₃",
      "count": "1",
      "instances": [
        "sux-x-emesal.x000383"
      ]
    },
    {
      "key": "labar",
      "count": "2",
      "instances": [
        "sux-x-emesal.x000371",
        "sux-x-emesal.x000371"
      ]
    },
    {
      "key": "muškiŋti[craftsman]",
      "count": "1",
      "instances": [
        "sux-x-emesal.x000587"
      ]
    },
    {
      "key": "heart",
      "count": "2",
      "instances": [
        "sux-x-emesal.x000719",
        "sux-x-emesal.x000719"
      ]
    },
    {
      "key": "muš",
      "count": "4",
      "instances": [
        "sux-x-emesal.x000548",
        "sux-x-emesal.x000548",
        "sux-x-emesal.x000560",
        "sux-x-emesal.x000560"
      ]
    },
    {
      "key": "heavy",
      "count": "2",
      "instances": [
        "sux-x-emesal.x000951",
        "sux-x-emesal.x000951"
      ]
    },
    {
      "key": "mazeb[boat]",
      "count": "1",
      "instances": [
        "sux-x-emesal.x000423"
      ]
    },
    {
      "key": "emesalmin₂",
      "count": "1",
      "instances": [
        "sux-x-emesal.x000448"
      ]
    },
    {
      "key": "gal",
      "count": "4",
      "instances": [
        "sux-x-emesal.x000335",
        "sux-x-emesal.x000335",
        "sux-x-emesal.x000335",
        "sux-x-emesal.x000335"
      ]
    },
    {
      "key": "siki[hair]",
      "count": "1",
      "instances": [
        "sux-x-emesal.x000683"
      ]
    },
    {
      "key": "sar",
      "count": "5",
      "instances": [
        "sux-x-emesal.x000671",
        "sux-x-emesal.x000671",
        "sux-x-emesal.x000671",
        "sux-x-emesal.x000671",
        "sux-x-emesal.x000671"
      ]
    },
    {
      "key": "munud[cowherd]",
      "count": "1",
      "instances": [
        "sux-x-emesal.x000532"
      ]
    },
    {
      "key": "numal",
      "count": "1",
      "instances": [
        "sux-x-emesal.x000395"
      ]
    },
    {
      "key": "person",
      "count": "2",
      "instances": [
        "sux-x-emesal.x000496",
        "sux-x-emesal.x000496"
      ]
    },
    {
      "key": "rushes",
      "count": "2",
      "instances": [
        "sux-x-emesal.x000791",
        "sux-x-emesal.x000791"
      ]
    },
    {
      "key": "gin",
      "count": "2",
      "instances": [
        "sux-x-emesal.x000238",
        "sux-x-emesal.x000238"
      ]
    },
    {
      "key": "emesalia₂",
      "count": "1",
      "instances": [
        "sux-x-emesal.x000927"
      ]
    },
    {
      "key": "head",
      "count": "4",
      "instances": [
        "sux-x-emesal.x000659",
        "sux-x-emesal.x000659",
        "sux-x-emesal.x000743",
        "sux-x-emesal.x000743"
      ]
    },
    {
      "key": "subad[shepherd]",
      "count": "1",
      "instances": [
        "sux-x-emesal.x000695"
      ]
    },
    {
      "key": "ma[go]",
      "count": "1",
      "instances": [
        "sux-x-emesal.x000383"
      ]
    },
    {
      "key": "emesalze₂",
      "count": "3",
      "instances": [
        "sux-x-emesal.x000939",
        "sux-x-emesal.x000951",
        "sux-x-emesal.x000963"
      ]
    },
    {
      "key": "mudna[spouse]",
      "count": "1",
      "instances": [
        "sux-x-emesal.x000472"
      ]
    },
    {
      "key": "sar[shave]",
      "count": "1",
      "instances": [
        "sux-x-emesal.x000671"
      ]
    },
    {
      "key": "elum",
      "count": "2",
      "instances": [
        "sux-x-emesal.x000136",
        "sux-x-emesal.x000136"
      ]
    },
    {
      "key": "emesaleš₂",
      "count": "1",
      "instances": [
        "sux-x-emesal.x000160"
      ]
    },
    {
      "key": "authoritative",
      "count": "2",
      "instances": [
        "sux-x-emesal.x000767",
        "sux-x-emesal.x000767"
      ]
    },
    {
      "key": "city",
      "count": "2",
      "instances": [
        "sux-x-emesal.x000903",
        "sux-x-emesal.x000903"
      ]
    },
    {
      "key": "subad",
      "count": "2",
      "instances": [
        "sux-x-emesal.x000695",
        "sux-x-emesal.x000695"
      ]
    },
    {
      "key": "boat",
      "count": "2",
      "instances": [
        "sux-x-emesal.x000423",
        "sux-x-emesal.x000423"
      ]
    },
    {
      "key": "emesaldu₅",
      "count": "1",
      "instances": [
        "sux-x-emesal.x000112"
      ]
    },
    {
      "key": "gi[thicket]",
      "count": "1",
      "instances": [
        "sux-x-emesal.x000226"
      ]
    },
    {
      "key": "ibi[eye]",
      "count": "1",
      "instances": [
        "sux-x-emesal.x000283"
      ]
    },
    {
      "key": "ebir[princess]",
      "count": "1",
      "instances": [
        "sux-x-emesal.x000124"
      ]
    },
    {
      "key": "ašer",
      "count": "2",
      "instances": [
        "sux-x-emesal.x000100",
        "sux-x-emesal.x000100"
      ]
    },
    {
      "key": "uš[three]",
      "count": "1",
      "instances": [
        "sux-x-emesal.x000915"
      ]
    },
    {
      "key": "mulu",
      "count": "2",
      "instances": [
        "sux-x-emesal.x000496",
        "sux-x-emesal.x000496"
      ]
    },
    {
      "key": "mulu[person]",
      "count": "1",
      "instances": [
        "sux-x-emesal.x000496"
      ]
    },
    {
      "key": "emesalgašan",
      "count": "2",
      "instances": [
        "sux-x-emesal.x000184",
        "sux-x-emesal.x000202"
      ]
    },
    {
      "key": "emesalšuba",
      "count": "1",
      "instances": [
        "sux-x-emesal.x000695"
      ]
    },
    {
      "key": "gudi",
      "count": "2",
      "instances": [
        "sux-x-emesal.x000259",
        "sux-x-emesal.x000259"
      ]
    },
    {
      "key": "muštug[ear]",
      "count": "1",
      "instances": [
        "sux-x-emesal.x000611"
      ]
    },
    {
      "key": "thing",
      "count": "2",
      "instances": [
        "sux-x-emesal.x000024",
        "sux-x-emesal.x000024"
      ]
    },
    {
      "key": "šab[heart]",
      "count": "1",
      "instances": [
        "sux-x-emesal.x000719"
      ]
    },
    {
      "key": "min[establish]",
      "count": "1",
      "instances": [
        "sux-x-emesal.x000448"
      ]
    },
    {
      "key": "šuba₂",
      "count": "3",
      "instances": [
        "sux-x-emesal.x000695",
        "sux-x-emesal.x000695",
        "sux-x-emesal.x000695"
      ]
    },
    {
      "key": "aŋna[metal]",
      "count": "1",
      "instances": [
        "sux-x-emesal.x000076"
      ]
    },
    {
      "key": "ruler",
      "count": "2",
      "instances": [
        "sux-x-emesal.x000879",
        "sux-x-emesal.x000879"
      ]
    },
    {
      "key": "uru₂",
      "count": "3",
      "instances": [
        "sux-x-emesal.x000903",
        "sux-x-emesal.x000903",
        "sux-x-emesal.x000903"
      ]
    },
    {
      "key": "gašan[lady]",
      "count": "1",
      "instances": [
        "sux-x-emesal.x000184"
      ]
    },
    {
      "key": "ir[bring]",
      "count": "1",
      "instances": [
        "sux-x-emesal.x000319"
      ]
    },
    {
      "key": "palm",
      "count": "3",
      "instances": [
        "sux-x-emesal.x000271",
        "sux-x-emesal.x000271",
        "sux-x-emesal.x000635"
      ]
    },
    {
      "key": "aŋkiluh",
      "count": "2",
      "instances": [
        "sux-x-emesal.x000052",
        "sux-x-emesal.x000052"
      ]
    },
    {
      "key": "emesalsar",
      "count": "1",
      "instances": [
        "sux-x-emesal.x000671"
      ]
    },
    {
      "key": "aŋkiluh[broom]",
      "count": "1",
      "instances": [
        "sux-x-emesal.x000052"
      ]
    },
    {
      "key": "lute",
      "count": "2",
      "instances": [
        "sux-x-emesal.x000259",
        "sux-x-emesal.x000259"
      ]
    },
    {
      "key": "niŋtuku[rich]",
      "count": "1",
      "instances": [
        "sux-x-emesal.x000635"
      ]
    },
    {
      "key": "rope",
      "count": "2",
      "instances": [
        "sux-x-emesal.x000160",
        "sux-x-emesal.x000160"
      ]
    },
    {
      "key": "kumal",
      "count": "2",
      "instances": [
        "sux-x-emesal.x000359",
        "sux-x-emesal.x000359"
      ]
    },
    {
      "key": "mugib",
      "count": "2",
      "instances": [
        "sux-x-emesal.x000484",
        "sux-x-emesal.x000484"
      ]
    },
    {
      "key": "emesalumun",
      "count": "1",
      "instances": [
        "sux-x-emesal.x000861"
      ]
    },
    {
      "key": "ašer[lament]",
      "count": "1",
      "instances": [
        "sux-x-emesal.x000100"
      ]
    },
    {
      "key": "mu[year]",
      "count": "1",
      "instances": [
        "sux-x-emesal.x000460"
      ]
    },
    {
      "key": "shepherd",
      "count": "2",
      "instances": [
        "sux-x-emesal.x000695",
        "sux-x-emesal.x000695"
      ]
    },
    {
      "key": "nu₁₀",
      "count": "6",
      "instances": [
        "sux-x-emesal.x000532",
        "sux-x-emesal.x000532",
        "sux-x-emesal.x000532",
        "sux-x-emesal.x000532",
        "sux-x-emesal.x000532",
        "sux-x-emesal.x000532"
      ]
    },
    {
      "key": "zebid",
      "count": "2",
      "instances": [
        "sux-x-emesal.x000951",
        "sux-x-emesal.x000951"
      ]
    },
    {
      "key": "face",
      "count": "1",
      "instances": [
        "sux-x-emesal.x000283"
      ]
    },
    {
      "key": "farmer",
      "count": "2",
      "instances": [
        "sux-x-emesal.x000508",
        "sux-x-emesal.x000508"
      ]
    },
    {
      "key": "emesalaŋ₂",
      "count": "7",
      "instances": [
        "sux-x-emesal.x000024",
        "sux-x-emesal.x000036",
        "sux-x-emesal.x000036",
        "sux-x-emesal.x000052",
        "sux-x-emesal.x000064",
        "sux-x-emesal.x000076",
        "sux-x-emesal.x000088"
      ]
    },
    {
      "key": "šer[lordly]",
      "count": "1",
      "instances": [
        "sux-x-emesal.x000755"
      ]
    },
    {
      "key": "uru",
      "count": "2",
      "instances": [
        "sux-x-emesal.x000903",
        "sux-x-emesal.x000903"
      ]
    },
    {
      "key": "tuku",
      "count": "4",
      "instances": [
        "sux-x-emesal.x000635",
        "sux-x-emesal.x000635",
        "sux-x-emesal.x000635",
        "sux-x-emesal.x000635"
      ]
    },
    {
      "key": "sux",
      "count": "88",
      "instances": [
        "sux-x-emesal.x000000",
        "sux-x-emesal.x000012",
        "sux-x-emesal.x000024",
        "sux-x-emesal.x000036",
        "sux-x-emesal.x000036",
        "sux-x-emesal.x000052",
        "sux-x-emesal.x000064",
        "sux-x-emesal.x000076",
        "sux-x-emesal.x000088",
        "sux-x-emesal.x000100",
        "sux-x-emesal.x000112",
        "sux-x-emesal.x000124",
        "sux-x-emesal.x000136",
        "sux-x-emesal.x000148",
        "sux-x-emesal.x000160",
        "sux-x-emesal.x000172",
        "sux-x-emesal.x000184",
        "sux-x-emesal.x000184",
        "sux-x-emesal.x000202",
        "sux-x-emesal.x000214",
        "sux-x-emesal.x000226",
        "sux-x-emesal.x000238",
        "sux-x-emesal.x000238",
        "sux-x-emesal.x000259",
        "sux-x-emesal.x000271",
        "sux-x-emesal.x000283",
        "sux-x-emesal.x000295",
        "sux-x-emesal.x000307",
        "sux-x-emesal.x000319",
        "sux-x-emesal.x000319",
        "sux-x-emesal.x000335",
        "sux-x-emesal.x000347",
        "sux-x-emesal.x000359",
        "sux-x-emesal.x000371",
        "sux-x-emesal.x000383",
        "sux-x-emesal.x000395",
        "sux-x-emesal.x000395",
        "sux-x-emesal.x000411",
        "sux-x-emesal.x000423",
        "sux-x-emesal.x000435",
        "sux-x-emesal.x000448",
        "sux-x-emesal.x000460",
        "sux-x-emesal.x000472",
        "sux-x-emesal.x000484",
        "sux-x-emesal.x000496",
        "sux-x-emesal.x000508",
        "sux-x-emesal.x000520",
        "sux-x-emesal.x000532",
        "sux-x-emesal.x000532",
        "sux-x-emesal.x000548",
        "sux-x-emesal.x000560",
        "sux-x-emesal.x000560",
        "sux-x-emesal.x000560",
        "sux-x-emesal.x000587",
        "sux-x-emesal.x000599",
        "sux-x-emesal.x000611",
        "sux-x-emesal.x000623",
        "sux-x-emesal.x000635",
        "sux-x-emesal.x000647",
        "sux-x-emesal.x000659",
        "sux-x-emesal.x000671",
        "sux-x-emesal.x000683",
        "sux-x-emesal.x000695",
        "sux-x-emesal.x000695",
        "sux-x-emesal.x000695",
        "sux-x-emesal.x000719",
        "sux-x-emesal.x000731",
        "sux-x-emesal.x000743",
        "sux-x-emesal.x000755",
        "sux-x-emesal.x000767",
        "sux-x-emesal.x000779",
        "sux-x-emesal.x000791",
        "sux-x-emesal.x000803",
        "sux-x-emesal.x000815",
        "sux-x-emesal.x000815",
        "sux-x-emesal.x000837",
        "sux-x-emesal.x000849",
        "sux-x-emesal.x000861",
        "sux-x-emesal.x000861",
        "sux-x-emesal.x000879",
        "sux-x-emesal.x000891",
        "sux-x-emesal.x000903",
        "sux-x-emesal.x000915",
        "sux-x-emesal.x000927",
        "sux-x-emesal.x000939",
        "sux-x-emesal.x000951",
        "sux-x-emesal.x000963",
        "sux-x-emesal.x000975"
      ]
    },
    {
      "key": "x",
      "count": "88",
      "instances": [
        "sux-x-emesal.x000000",
        "sux-x-emesal.x000012",
        "sux-x-emesal.x000024",
        "sux-x-emesal.x000036",
        "sux-x-emesal.x000036",
        "sux-x-emesal.x000052",
        "sux-x-emesal.x000064",
        "sux-x-emesal.x000076",
        "sux-x-emesal.x000088",
        "sux-x-emesal.x000100",
        "sux-x-emesal.x000112",
        "sux-x-emesal.x000124",
        "sux-x-emesal.x000136",
        "sux-x-emesal.x000148",
        "sux-x-emesal.x000160",
        "sux-x-emesal.x000172",
        "sux-x-emesal.x000184",
        "sux-x-emesal.x000184",
        "sux-x-emesal.x000202",
        "sux-x-emesal.x000214",
        "sux-x-emesal.x000226",
        "sux-x-emesal.x000238",
        "sux-x-emesal.x000238",
        "sux-x-emesal.x000259",
        "sux-x-emesal.x000271",
        "sux-x-emesal.x000283",
        "sux-x-emesal.x000295",
        "sux-x-emesal.x000307",
        "sux-x-emesal.x000319",
        "sux-x-emesal.x000319",
        "sux-x-emesal.x000335",
        "sux-x-emesal.x000347",
        "sux-x-emesal.x000359",
        "sux-x-emesal.x000371",
        "sux-x-emesal.x000383",
        "sux-x-emesal.x000395",
        "sux-x-emesal.x000395",
        "sux-x-emesal.x000411",
        "sux-x-emesal.x000423",
        "sux-x-emesal.x000435",
        "sux-x-emesal.x000448",
        "sux-x-emesal.x000460",
        "sux-x-emesal.x000472",
        "sux-x-emesal.x000484",
        "sux-x-emesal.x000496",
        "sux-x-emesal.x000508",
        "sux-x-emesal.x000520",
        "sux-x-emesal.x000532",
        "sux-x-emesal.x000532",
        "sux-x-emesal.x000548",
        "sux-x-emesal.x000560",
        "sux-x-emesal.x000560",
        "sux-x-emesal.x000560",
        "sux-x-emesal.x000587",
        "sux-x-emesal.x000599",
        "sux-x-emesal.x000611",
        "sux-x-emesal.x000623",
        "sux-x-emesal.x000635",
        "sux-x-emesal.x000647",
        "sux-x-emesal.x000659",
        "sux-x-emesal.x000671",
        "sux-x-emesal.x000683",
        "sux-x-emesal.x000695",
        "sux-x-emesal.x000695",
        "sux-x-emesal.x000695",
        "sux-x-emesal.x000719",
        "sux-x-emesal.x000731",
        "sux-x-emesal.x000743",
        "sux-x-emesal.x000755",
        "sux-x-emesal.x000767",
        "sux-x-emesal.x000779",
        "sux-x-emesal.x000791",
        "sux-x-emesal.x000803",
        "sux-x-emesal.x000815",
        "sux-x-emesal.x000815",
        "sux-x-emesal.x000837",
        "sux-x-emesal.x000849",
        "sux-x-emesal.x000861",
        "sux-x-emesal.x000861",
        "sux-x-emesal.x000879",
        "sux-x-emesal.x000891",
        "sux-x-emesal.x000903",
        "sux-x-emesal.x000915",
        "sux-x-emesal.x000927",
        "sux-x-emesal.x000939",
        "sux-x-emesal.x000951",
        "sux-x-emesal.x000963",
        "sux-x-emesal.x000975"
      ]
    },
    {
      "key": "aŋ₂",
      "count": "19",
      "instances": [
        "sux-x-emesal.x000024",
        "sux-x-emesal.x000024",
        "sux-x-emesal.x000024",
        "sux-x-emesal.x000036",
        "sux-x-emesal.x000036",
        "sux-x-emesal.x000036",
        "sux-x-emesal.x000036",
        "sux-x-emesal.x000052",
        "sux-x-emesal.x000052",
        "sux-x-emesal.x000052",
        "sux-x-emesal.x000064",
        "sux-x-emesal.x000064",
        "sux-x-emesal.x000064",
        "sux-x-emesal.x000076",
        "sux-x-emesal.x000076",
        "sux-x-emesal.x000076",
        "sux-x-emesal.x000088",
        "sux-x-emesal.x000088",
        "sux-x-emesal.x000088"
      ]
    },
    {
      "key": "še",
      "count": "20",
      "instances": [
        "sux-x-emesal.x000100",
        "sux-x-emesal.x000100",
        "sux-x-emesal.x000100",
        "sux-x-emesal.x000100",
        "sux-x-emesal.x000731",
        "sux-x-emesal.x000731",
        "sux-x-emesal.x000731",
        "sux-x-emesal.x000743",
        "sux-x-emesal.x000743",
        "sux-x-emesal.x000743",
        "sux-x-emesal.x000755",
        "sux-x-emesal.x000755",
        "sux-x-emesal.x000755",
        "sux-x-emesal.x000767",
        "sux-x-emesal.x000767",
        "sux-x-emesal.x000767",
        "sux-x-emesal.x000803",
        "sux-x-emesal.x000803",
        "sux-x-emesal.x000803",
        "sux-x-emesal.x000803"
      ]
    },
    {
      "key": "er",
      "count": "20",
      "instances": [
        "sux-x-emesal.x000100",
        "sux-x-emesal.x000100",
        "sux-x-emesal.x000100",
        "sux-x-emesal.x000100",
        "sux-x-emesal.x000202",
        "sux-x-emesal.x000202",
        "sux-x-emesal.x000202",
        "sux-x-emesal.x000202",
        "sux-x-emesal.x000755",
        "sux-x-emesal.x000755",
        "sux-x-emesal.x000755",
        "sux-x-emesal.x000755",
        "sux-x-emesal.x000767",
        "sux-x-emesal.x000767",
        "sux-x-emesal.x000767",
        "sux-x-emesal.x000767",
        "sux-x-emesal.x000803",
        "sux-x-emesal.x000803",
        "sux-x-emesal.x000803",
        "sux-x-emesal.x000803"
      ]
    },
    {
      "key": "mu",
      "count": "77",
      "instances": [
        "sux-x-emesal.x000112",
        "sux-x-emesal.x000112",
        "sux-x-emesal.x000112",
        "sux-x-emesal.x000112",
        "sux-x-emesal.x000226",
        "sux-x-emesal.x000226",
        "sux-x-emesal.x000226",
        "sux-x-emesal.x000226",
        "sux-x-emesal.x000271",
        "sux-x-emesal.x000271",
        "sux-x-emesal.x000271",
        "sux-x-emesal.x000271",
        "sux-x-emesal.x000460",
        "sux-x-emesal.x000460",
        "sux-x-emesal.x000460",
        "sux-x-emesal.x000460",
        "sux-x-emesal.x000460",
        "sux-x-emesal.x000472",
        "sux-x-emesal.x000472",
        "sux-x-emesal.x000472",
        "sux-x-emesal.x000484",
        "sux-x-emesal.x000484",
        "sux-x-emesal.x000484",
        "sux-x-emesal.x000496",
        "sux-x-emesal.x000496",
        "sux-x-emesal.x000496",
        "sux-x-emesal.x000508",
        "sux-x-emesal.x000508",
        "sux-x-emesal.x000508",
        "sux-x-emesal.x000520",
        "sux-x-emesal.x000520",
        "sux-x-emesal.x000520",
        "sux-x-emesal.x000532",
        "sux-x-emesal.x000532",
        "sux-x-emesal.x000532",
        "sux-x-emesal.x000532",
        "sux-x-emesal.x000532",
        "sux-x-emesal.x000532",
        "sux-x-emesal.x000548",
        "sux-x-emesal.x000548",
        "sux-x-emesal.x000548",
        "sux-x-emesal.x000560",
        "sux-x-emesal.x000560",
        "sux-x-emesal.x000560",
        "sux-x-emesal.x000560",
        "sux-x-emesal.x000560",
        "sux-x-emesal.x000560",
        "sux-x-emesal.x000560",
        "sux-x-emesal.x000587",
        "sux-x-emesal.x000587",
        "sux-x-emesal.x000587",
        "sux-x-emesal.x000599",
        "sux-x-emesal.x000599",
        "sux-x-emesal.x000599",
        "sux-x-emesal.x000623",
        "sux-x-emesal.x000623",
        "sux-x-emesal.x000623",
        "sux-x-emesal.x000635",
        "sux-x-emesal.x000635",
        "sux-x-emesal.x000635",
        "sux-x-emesal.x000635",
        "sux-x-emesal.x000791",
        "sux-x-emesal.x000791",
        "sux-x-emesal.x000791",
        "sux-x-emesal.x000791",
        "sux-x-emesal.x000861",
        "sux-x-emesal.x000861",
        "sux-x-emesal.x000861",
        "sux-x-emesal.x000861",
        "sux-x-emesal.x000879",
        "sux-x-emesal.x000879",
        "sux-x-emesal.x000879",
        "sux-x-emesal.x000879",
        "sux-x-emesal.x000891",
        "sux-x-emesal.x000891",
        "sux-x-emesal.x000891",
        "sux-x-emesal.x000891"
      ]
    },
    {
      "key": "e",
      "count": "20",
      "instances": [
        "sux-x-emesal.x000124",
        "sux-x-emesal.x000124",
        "sux-x-emesal.x000124",
        "sux-x-emesal.x000136",
        "sux-x-emesal.x000136",
        "sux-x-emesal.x000136",
        "sux-x-emesal.x000148",
        "sux-x-emesal.x000148",
        "sux-x-emesal.x000148",
        "sux-x-emesal.x000172",
        "sux-x-emesal.x000172",
        "sux-x-emesal.x000172",
        "sux-x-emesal.x000238",
        "sux-x-emesal.x000238",
        "sux-x-emesal.x000238",
        "sux-x-emesal.x000238",
        "sux-x-emesal.x000815",
        "sux-x-emesal.x000815",
        "sux-x-emesal.x000815",
        "sux-x-emesal.x000815"
      ]
    },
    {
      "key": "ze₂",
      "count": "17",
      "instances": [
        "sux-x-emesal.x000172",
        "sux-x-emesal.x000172",
        "sux-x-emesal.x000172",
        "sux-x-emesal.x000172",
        "sux-x-emesal.x000423",
        "sux-x-emesal.x000423",
        "sux-x-emesal.x000423",
        "sux-x-emesal.x000423",
        "sux-x-emesal.x000939",
        "sux-x-emesal.x000939",
        "sux-x-emesal.x000939",
        "sux-x-emesal.x000951",
        "sux-x-emesal.x000951",
        "sux-x-emesal.x000951",
        "sux-x-emesal.x000963",
        "sux-x-emesal.x000963",
        "sux-x-emesal.x000963"
      ]
    },
    {
      "key": "#",
      "count": "18",
      "instances": [
        "sux-x-emesal.x000226",
        "sux-x-emesal.x000226",
        "sux-x-emesal.x000226",
        "sux-x-emesal.x000226",
        "sux-x-emesal.x000271",
        "sux-x-emesal.x000271",
        "sux-x-emesal.x000271",
        "sux-x-emesal.x000271",
        "sux-x-emesal.x000532",
        "sux-x-emesal.x000532",
        "sux-x-emesal.x000532",
        "sux-x-emesal.x000532",
        "sux-x-emesal.x000635",
        "sux-x-emesal.x000635",
        "sux-x-emesal.x000635",
        "sux-x-emesal.x000635",
        "sux-x-emesal.x000779",
        "sux-x-emesal.x000779"
      ]
    },
    {
      "key": "ma",
      "count": "30",
      "instances": [
        "sux-x-emesal.x000271",
        "sux-x-emesal.x000271",
        "sux-x-emesal.x000271",
        "sux-x-emesal.x000271",
        "sux-x-emesal.x000307",
        "sux-x-emesal.x000307",
        "sux-x-emesal.x000307",
        "sux-x-emesal.x000307",
        "sux-x-emesal.x000347",
        "sux-x-emesal.x000347",
        "sux-x-emesal.x000347",
        "sux-x-emesal.x000347",
        "sux-x-emesal.x000359",
        "sux-x-emesal.x000359",
        "sux-x-emesal.x000359",
        "sux-x-emesal.x000359",
        "sux-x-emesal.x000383",
        "sux-x-emesal.x000383",
        "sux-x-emesal.x000395",
        "sux-x-emesal.x000395",
        "sux-x-emesal.x000395",
        "sux-x-emesal.x000395",
        "sux-x-emesal.x000395",
        "sux-x-emesal.x000423",
        "sux-x-emesal.x000423",
        "sux-x-emesal.x000423",
        "sux-x-emesal.x000767",
        "sux-x-emesal.x000767",
        "sux-x-emesal.x000767",
        "sux-x-emesal.x000767"
      ]
    },
    {
      "key": "al",
      "count": "22",
      "instances": [
        "sux-x-emesal.x000307",
        "sux-x-emesal.x000307",
        "sux-x-emesal.x000307",
        "sux-x-emesal.x000307",
        "sux-x-emesal.x000347",
        "sux-x-emesal.x000347",
        "sux-x-emesal.x000347",
        "sux-x-emesal.x000347",
        "sux-x-emesal.x000359",
        "sux-x-emesal.x000359",
        "sux-x-emesal.x000359",
        "sux-x-emesal.x000359",
        "sux-x-emesal.x000395",
        "sux-x-emesal.x000395",
        "sux-x-emesal.x000395",
        "sux-x-emesal.x000395",
        "sux-x-emesal.x000395",
        "sux-x-emesal.x000395",
        "sux-x-emesal.x000767",
        "sux-x-emesal.x000767",
        "sux-x-emesal.x000767",
        "sux-x-emesal.x000767"
      ]
    },
    {
      "key": "un",
      "count": "20",
      "instances": [
        "sux-x-emesal.x000508",
        "sux-x-emesal.x000508",
        "sux-x-emesal.x000508",
        "sux-x-emesal.x000508",
        "sux-x-emesal.x000520",
        "sux-x-emesal.x000520",
        "sux-x-emesal.x000520",
        "sux-x-emesal.x000520",
        "sux-x-emesal.x000791",
        "sux-x-emesal.x000791",
        "sux-x-emesal.x000791",
        "sux-x-emesal.x000791",
        "sux-x-emesal.x000861",
        "sux-x-emesal.x000861",
        "sux-x-emesal.x000861",
        "sux-x-emesal.x000861",
        "sux-x-emesal.x000879",
        "sux-x-emesal.x000879",
        "sux-x-emesal.x000879",
        "sux-x-emesal.x000879"
      ]
    },
    {
      "key": "uš",
      "count": "17",
      "instances": [
        "sux-x-emesal.x000560",
        "sux-x-emesal.x000560",
        "sux-x-emesal.x000560",
        "sux-x-emesal.x000560",
        "sux-x-emesal.x000587",
        "sux-x-emesal.x000587",
        "sux-x-emesal.x000587",
        "sux-x-emesal.x000587",
        "sux-x-emesal.x000599",
        "sux-x-emesal.x000599",
        "sux-x-emesal.x000599",
        "sux-x-emesal.x000599",
        "sux-x-emesal.x000915",
        "sux-x-emesal.x000915",
        "sux-x-emesal.x000915",
        "sux-x-emesal.x000915",
        "sux-x-emesal.x000915"
      ]
    }
  ],
  "map": {
    "%sux": "sux",
    "emesal:a₂": "emesala₂",
    "emesal:ab₂": "emesalab₂",
    "emesal:aŋ₂": "emesalaŋ₂",
    "emesal:a": "emesala",
    "emesal:du₅": "emesaldu₅",
    "emesal:e": "emesale",
    "emesal:eš₂": "emesaleš₂",
    "emesal:ga": "emesalga",
    "emesal:gašan": "emesalgašan",
    "emesal:": "emesal",
    "emesal:ge": "emesalge",
    "emesal:gi": "emesalgi",
    "emesal:gu₃": "emesalgu₃",
    "emesal:i": "emesali",
    "emesal:im": "emesalim",
    "emesal:ir": "emesalir",
    "emesal:kišib": "emesalkišib",
    "emesal:ku₆": "emesalku₆",
    "emesal:la": "emesalla",
    "emesal:ma₃": "emesalma₃",
    "nu:mal": "numal",
    "emesal:ma": "emesalma",
    "emesal:nu": "emesalnu",
    "emesal:mar": "emesalmar",
    "emesal:me": "emesalme",
    "emesal:min₂": "emesalmin₂",
    "emesal:mu": "emesalmu",
    "+mu": "mu",
    "+nu": "nu",
    "emesal:muštug₂": "emesalmuštug₂",
    "emesal:saŋ": "emesalsaŋ",
    "emesal:sar": "emesalsar",
    "emesal:siki": "emesalsiki",
    "emesal:su₈": "emesalsu₈",
    "emesal:šuba": "emesalšuba",
    "emesal:šuba₂": "emesalšuba₂",
    "emesal:ša₃": "emesalša₃",
    "emesal:še": "emesalše",
    "+si": "si",
    "emesal:ši": "emesalši",
    "emesal:šu": "emesalšu",
    "what?": "what",
    "emesal:ta": "emesalta",
    "emesal:u₅": "emesalu₅",
    "emesal:u": "emesalu",
    "emesal:umun": "emesalumun",
    "emesal:uru₂": "emesaluru₂",
    "emesal:uš": "emesaluš",
    "emesal:ia₂": "emesalia₂",
    "emesal:ze₂": "emesalze₂",
    "emesal:zu": "emesalzu"
  }
}
