{
  "type": "index",
  "project": "dcclt",
  "source": "http://oracc.org/dcclt",
  "license": "This data is released under the CC0 license",
  "license-url": "https://creativecommons.org/publicdomain/zero/1.0/",
  "more-info": "http://oracc.org/doc/opendata/",
  "UTC-timestamp": "2017-06-21T22:17:03",
  "name": "cbd/qpn-x-months",
  "keys": [
    {
      "key": "d",
      "count": "4",
      "instances": [
        "qpn-x-months.x000128",
        "qpn-x-months.x000128",
        "qpn-x-months.x000128",
        "qpn-x-months.x000128"
      ]
    },
    {
      "key": "x",
      "count": "4",
      "instances": [
        "qpn-x-months.x000018",
        "qpn-x-months.x000174",
        "qpn-x-months.x000182",
        "qpn-x-months.x000232"
      ]
    },
    {
      "key": "Gud-sisa[1]",
      "count": "1",
      "instances": [
        "qpn-x-months.x000110"
      ]
    },
    {
      "key": "Šabaṭu[1]",
      "count": "1",
      "instances": [
        "qpn-x-months.x000182"
      ]
    },
    {
      "key": "Apinduʾa[1]",
      "count": "1",
      "instances": [
        "qpn-x-months.x000026"
      ]
    },
    {
      "key": "apin",
      "count": "8",
      "instances": [
        "qpn-x-months.x000026",
        "qpn-x-months.x000026",
        "qpn-x-months.x000026",
        "qpn-x-months.x000026",
        "qpn-x-months.x000026",
        "qpn-x-months.x000026",
        "qpn-x-months.x000026",
        "qpn-x-months.x000026"
      ]
    },
    {
      "key": "kug",
      "count": "4",
      "instances": [
        "qpn-x-months.x000068",
        "qpn-x-months.x000068",
        "qpn-x-months.x000068",
        "qpn-x-months.x000068"
      ]
    },
    {
      "key": "kud",
      "count": "8",
      "instances": [
        "qpn-x-months.x000202",
        "qpn-x-months.x000202",
        "qpn-x-months.x000202",
        "qpn-x-months.x000202",
        "qpn-x-months.x000202",
        "qpn-x-months.x000202",
        "qpn-x-months.x000202",
        "qpn-x-months.x000202"
      ]
    },
    {
      "key": "udduru",
      "count": "2",
      "instances": [
        "qpn-x-months.x000232",
        "qpn-x-months.x000232"
      ]
    },
    {
      "key": "apinduʾa",
      "count": "2",
      "instances": [
        "qpn-x-months.x000026",
        "qpn-x-months.x000026"
      ]
    },
    {
      "key": "Šegurkud[1]",
      "count": "1",
      "instances": [
        "qpn-x-months.x000202"
      ]
    },
    {
      "key": "Barag-zagŋar[1]",
      "count": "1",
      "instances": [
        "qpn-x-months.x000056"
      ]
    },
    {
      "key": "ab",
      "count": "8",
      "instances": [
        "qpn-x-months.x000000",
        "qpn-x-months.x000000",
        "qpn-x-months.x000000",
        "qpn-x-months.x000000",
        "qpn-x-months.x000000",
        "qpn-x-months.x000000",
        "qpn-x-months.x000000",
        "qpn-x-months.x000000"
      ]
    },
    {
      "key": "an",
      "count": "2",
      "instances": [
        "qpn-x-months.x000166",
        "qpn-x-months.x000166"
      ]
    },
    {
      "key": "du",
      "count": "6",
      "instances": [
        "qpn-x-months.x000232",
        "qpn-x-months.x000232",
        "qpn-x-months.x000232",
        "qpn-x-months.x000232",
        "qpn-x-months.x000232",
        "qpn-x-months.x000232"
      ]
    },
    {
      "key": "Šunumuna[1]",
      "count": "1",
      "instances": [
        "qpn-x-months.x000220"
      ]
    },
    {
      "key": "ŋeš",
      "count": "4",
      "instances": [
        "qpn-x-months.x000026",
        "qpn-x-months.x000026",
        "qpn-x-months.x000026",
        "qpn-x-months.x000026"
      ]
    },
    {
      "key": "na",
      "count": "4",
      "instances": [
        "qpn-x-months.x000080",
        "qpn-x-months.x000080",
        "qpn-x-months.x000080",
        "qpn-x-months.x000080"
      ]
    },
    {
      "key": "ni",
      "count": "2",
      "instances": [
        "qpn-x-months.x000166",
        "qpn-x-months.x000166"
      ]
    },
    {
      "key": "nu",
      "count": "2",
      "instances": [
        "qpn-x-months.x000166",
        "qpn-x-months.x000166"
      ]
    },
    {
      "key": "ru",
      "count": "6",
      "instances": [
        "qpn-x-months.x000232",
        "qpn-x-months.x000232",
        "qpn-x-months.x000232",
        "qpn-x-months.x000232",
        "qpn-x-months.x000232",
        "qpn-x-months.x000232"
      ]
    },
    {
      "key": "su",
      "count": "4",
      "instances": [
        "qpn-x-months.x000110",
        "qpn-x-months.x000110",
        "qpn-x-months.x000110",
        "qpn-x-months.x000110"
      ]
    },
    {
      "key": "si",
      "count": "8",
      "instances": [
        "qpn-x-months.x000110",
        "qpn-x-months.x000110",
        "qpn-x-months.x000110",
        "qpn-x-months.x000110",
        "qpn-x-months.x000110",
        "qpn-x-months.x000110",
        "qpn-x-months.x000110",
        "qpn-x-months.x000110"
      ]
    },
    {
      "key": "sa",
      "count": "2",
      "instances": [
        "qpn-x-months.x000166",
        "qpn-x-months.x000166"
      ]
    },
    {
      "key": "ud",
      "count": "5",
      "instances": [
        "qpn-x-months.x000232",
        "qpn-x-months.x000232",
        "qpn-x-months.x000232",
        "qpn-x-months.x000232",
        "qpn-x-months.x000232"
      ]
    },
    {
      "key": "Kislimu[1]",
      "count": "1",
      "instances": [
        "qpn-x-months.x000140"
      ]
    },
    {
      "key": "oldbabud",
      "count": "1",
      "instances": [
        "qpn-x-months.x000232"
      ]
    },
    {
      "key": "šega",
      "count": "2",
      "instances": [
        "qpn-x-months.x000190",
        "qpn-x-months.x000190"
      ]
    },
    {
      "key": "neneŋar",
      "count": "2",
      "instances": [
        "qpn-x-months.x000148",
        "qpn-x-months.x000148"
      ]
    },
    {
      "key": "abu",
      "count": "2",
      "instances": [
        "qpn-x-months.x000018",
        "qpn-x-months.x000018"
      ]
    },
    {
      "key": "stdbab",
      "count": "2",
      "instances": [
        "qpn-x-months.x000018",
        "qpn-x-months.x000182"
      ]
    },
    {
      "key": "akk",
      "count": "4",
      "instances": [
        "qpn-x-months.x000018",
        "qpn-x-months.x000174",
        "qpn-x-months.x000182",
        "qpn-x-months.x000232"
      ]
    },
    {
      "key": "Kiŋ-Inana[1]",
      "count": "1",
      "instances": [
        "qpn-x-months.x000128"
      ]
    },
    {
      "key": "sig₄",
      "count": "1",
      "instances": [
        "qpn-x-months.x000174"
      ]
    },
    {
      "key": "Abu[1]",
      "count": "1",
      "instances": [
        "qpn-x-months.x000018"
      ]
    },
    {
      "key": "Udduru[1]",
      "count": "1",
      "instances": [
        "qpn-x-months.x000232"
      ]
    },
    {
      "key": "Nisannu[1]",
      "count": "1",
      "instances": [
        "qpn-x-months.x000166"
      ]
    },
    {
      "key": "sisa",
      "count": "2",
      "instances": [
        "qpn-x-months.x000110",
        "qpn-x-months.x000110"
      ]
    },
    {
      "key": "stdbabsig₄",
      "count": "1",
      "instances": [
        "qpn-x-months.x000174"
      ]
    },
    {
      "key": "nisannu",
      "count": "2",
      "instances": [
        "qpn-x-months.x000166",
        "qpn-x-months.x000166"
      ]
    },
    {
      "key": "du₆",
      "count": "4",
      "instances": [
        "qpn-x-months.x000068",
        "qpn-x-months.x000068",
        "qpn-x-months.x000068",
        "qpn-x-months.x000068"
      ]
    },
    {
      "key": "du₈",
      "count": "8",
      "instances": [
        "qpn-x-months.x000026",
        "qpn-x-months.x000026",
        "qpn-x-months.x000026",
        "qpn-x-months.x000026",
        "qpn-x-months.x000026",
        "qpn-x-months.x000026",
        "qpn-x-months.x000026",
        "qpn-x-months.x000026"
      ]
    },
    {
      "key": "kiŋ₂",
      "count": "4",
      "instances": [
        "qpn-x-months.x000128",
        "qpn-x-months.x000128",
        "qpn-x-months.x000128",
        "qpn-x-months.x000128"
      ]
    },
    {
      "key": "inana",
      "count": "6",
      "instances": [
        "qpn-x-months.x000128",
        "qpn-x-months.x000128",
        "qpn-x-months.x000128",
        "qpn-x-months.x000128",
        "qpn-x-months.x000128",
        "qpn-x-months.x000128"
      ]
    },
    {
      "key": "Gangana[1]",
      "count": "1",
      "instances": [
        "qpn-x-months.x000080"
      ]
    },
    {
      "key": "šu",
      "count": "4",
      "instances": [
        "qpn-x-months.x000220",
        "qpn-x-months.x000220",
        "qpn-x-months.x000220",
        "qpn-x-months.x000220"
      ]
    },
    {
      "key": "še",
      "count": "8",
      "instances": [
        "qpn-x-months.x000202",
        "qpn-x-months.x000202",
        "qpn-x-months.x000202",
        "qpn-x-months.x000202",
        "qpn-x-months.x000202",
        "qpn-x-months.x000202",
        "qpn-x-months.x000202",
        "qpn-x-months.x000202"
      ]
    },
    {
      "key": "u₂",
      "count": "2",
      "instances": [
        "qpn-x-months.x000232",
        "qpn-x-months.x000232"
      ]
    },
    {
      "key": "duru₅",
      "count": "8",
      "instances": [
        "qpn-x-months.x000232",
        "qpn-x-months.x000232",
        "qpn-x-months.x000232",
        "qpn-x-months.x000232",
        "qpn-x-months.x000232",
        "qpn-x-months.x000232",
        "qpn-x-months.x000232",
        "qpn-x-months.x000232"
      ]
    },
    {
      "key": "ziz₂",
      "count": "2",
      "instances": [
        "qpn-x-months.x000182",
        "qpn-x-months.x000182"
      ]
    },
    {
      "key": "šeg₁₂",
      "count": "4",
      "instances": [
        "qpn-x-months.x000190",
        "qpn-x-months.x000190",
        "qpn-x-months.x000190",
        "qpn-x-months.x000190"
      ]
    },
    {
      "key": "gu₄",
      "count": "2",
      "instances": [
        "qpn-x-months.x000044",
        "qpn-x-months.x000044"
      ]
    },
    {
      "key": "NE.NE.ŋar[1]",
      "count": "1",
      "instances": [
        "qpn-x-months.x000148"
      ]
    },
    {
      "key": "Šega[1]",
      "count": "1",
      "instances": [
        "qpn-x-months.x000190"
      ]
    },
    {
      "key": "gur₁₀",
      "count": "8",
      "instances": [
        "qpn-x-months.x000202",
        "qpn-x-months.x000202",
        "qpn-x-months.x000202",
        "qpn-x-months.x000202",
        "qpn-x-months.x000202",
        "qpn-x-months.x000202",
        "qpn-x-months.x000202",
        "qpn-x-months.x000202"
      ]
    },
    {
      "key": "ayyaru",
      "count": "2",
      "instances": [
        "qpn-x-months.x000044",
        "qpn-x-months.x000044"
      ]
    },
    {
      "key": "zag",
      "count": "4",
      "instances": [
        "qpn-x-months.x000056",
        "qpn-x-months.x000056",
        "qpn-x-months.x000056",
        "qpn-x-months.x000056"
      ]
    },
    {
      "key": "gangana",
      "count": "2",
      "instances": [
        "qpn-x-months.x000080",
        "qpn-x-months.x000080"
      ]
    },
    {
      "key": "sa₂",
      "count": "4",
      "instances": [
        "qpn-x-months.x000110",
        "qpn-x-months.x000110",
        "qpn-x-months.x000110",
        "qpn-x-months.x000110"
      ]
    },
    {
      "key": "Dukug[1]",
      "count": "1",
      "instances": [
        "qpn-x-months.x000068"
      ]
    },
    {
      "key": "numun",
      "count": "4",
      "instances": [
        "qpn-x-months.x000220",
        "qpn-x-months.x000220",
        "qpn-x-months.x000220",
        "qpn-x-months.x000220"
      ]
    },
    {
      "key": "Abbaʾe[1]",
      "count": "1",
      "instances": [
        "qpn-x-months.x000000"
      ]
    },
    {
      "key": "kislimu",
      "count": "2",
      "instances": [
        "qpn-x-months.x000140",
        "qpn-x-months.x000140"
      ]
    },
    {
      "key": "dukug",
      "count": "2",
      "instances": [
        "qpn-x-months.x000068",
        "qpn-x-months.x000068"
      ]
    },
    {
      "key": "gud",
      "count": "12",
      "instances": [
        "qpn-x-months.x000044",
        "qpn-x-months.x000044",
        "qpn-x-months.x000110",
        "qpn-x-months.x000110",
        "qpn-x-months.x000110",
        "qpn-x-months.x000110",
        "qpn-x-months.x000110",
        "qpn-x-months.x000110",
        "qpn-x-months.x000110",
        "qpn-x-months.x000110",
        "qpn-x-months.x000110",
        "qpn-x-months.x000110"
      ]
    },
    {
      "key": "Simanu[1]",
      "count": "1",
      "instances": [
        "qpn-x-months.x000174"
      ]
    },
    {
      "key": "abbaʾe",
      "count": "2",
      "instances": [
        "qpn-x-months.x000000",
        "qpn-x-months.x000000"
      ]
    },
    {
      "key": "šabaṭu",
      "count": "2",
      "instances": [
        "qpn-x-months.x000182",
        "qpn-x-months.x000182"
      ]
    },
    {
      "key": "kiŋ",
      "count": "2",
      "instances": [
        "qpn-x-months.x000128",
        "qpn-x-months.x000128"
      ]
    },
    {
      "key": "ud₂",
      "count": "8",
      "instances": [
        "qpn-x-months.x000232",
        "qpn-x-months.x000232",
        "qpn-x-months.x000232",
        "qpn-x-months.x000232",
        "qpn-x-months.x000232",
        "qpn-x-months.x000232",
        "qpn-x-months.x000232",
        "qpn-x-months.x000232"
      ]
    },
    {
      "key": "zagŋar",
      "count": "2",
      "instances": [
        "qpn-x-months.x000056",
        "qpn-x-months.x000056"
      ]
    },
    {
      "key": "barag",
      "count": "6",
      "instances": [
        "qpn-x-months.x000056",
        "qpn-x-months.x000056",
        "qpn-x-months.x000056",
        "qpn-x-months.x000056",
        "qpn-x-months.x000056",
        "qpn-x-months.x000056"
      ]
    },
    {
      "key": "simanu",
      "count": "2",
      "instances": [
        "qpn-x-months.x000174",
        "qpn-x-months.x000174"
      ]
    },
    {
      "key": "Ayyaru[1]",
      "count": "1",
      "instances": [
        "qpn-x-months.x000044"
      ]
    },
    {
      "key": "šegurkud",
      "count": "2",
      "instances": [
        "qpn-x-months.x000202",
        "qpn-x-months.x000202"
      ]
    },
    {
      "key": "šunumuna",
      "count": "2",
      "instances": [
        "qpn-x-months.x000220",
        "qpn-x-months.x000220"
      ]
    },
    {
      "key": "ŋar",
      "count": "8",
      "instances": [
        "qpn-x-months.x000056",
        "qpn-x-months.x000056",
        "qpn-x-months.x000056",
        "qpn-x-months.x000056",
        "qpn-x-months.x000148",
        "qpn-x-months.x000148",
        "qpn-x-months.x000148",
        "qpn-x-months.x000148"
      ]
    },
    {
      "key": "1",
      "count": "36",
      "instances": [
        "qpn-x-months.x000000",
        "qpn-x-months.x000000",
        "qpn-x-months.x000018",
        "qpn-x-months.x000018",
        "qpn-x-months.x000026",
        "qpn-x-months.x000026",
        "qpn-x-months.x000044",
        "qpn-x-months.x000044",
        "qpn-x-months.x000056",
        "qpn-x-months.x000056",
        "qpn-x-months.x000068",
        "qpn-x-months.x000068",
        "qpn-x-months.x000080",
        "qpn-x-months.x000080",
        "qpn-x-months.x000110",
        "qpn-x-months.x000110",
        "qpn-x-months.x000128",
        "qpn-x-months.x000128",
        "qpn-x-months.x000140",
        "qpn-x-months.x000140",
        "qpn-x-months.x000148",
        "qpn-x-months.x000148",
        "qpn-x-months.x000166",
        "qpn-x-months.x000166",
        "qpn-x-months.x000174",
        "qpn-x-months.x000174",
        "qpn-x-months.x000182",
        "qpn-x-months.x000182",
        "qpn-x-months.x000190",
        "qpn-x-months.x000190",
        "qpn-x-months.x000202",
        "qpn-x-months.x000202",
        "qpn-x-months.x000220",
        "qpn-x-months.x000220",
        "qpn-x-months.x000232",
        "qpn-x-months.x000232"
      ]
    },
    {
      "key": "#",
      "count": "94",
      "instances": [
        "qpn-x-months.x000000",
        "qpn-x-months.x000000",
        "qpn-x-months.x000000",
        "qpn-x-months.x000000",
        "qpn-x-months.x000000",
        "qpn-x-months.x000000",
        "qpn-x-months.x000000",
        "qpn-x-months.x000000",
        "qpn-x-months.x000018",
        "qpn-x-months.x000018",
        "qpn-x-months.x000026",
        "qpn-x-months.x000026",
        "qpn-x-months.x000026",
        "qpn-x-months.x000026",
        "qpn-x-months.x000026",
        "qpn-x-months.x000026",
        "qpn-x-months.x000026",
        "qpn-x-months.x000026",
        "qpn-x-months.x000026",
        "qpn-x-months.x000026",
        "qpn-x-months.x000026",
        "qpn-x-months.x000026",
        "qpn-x-months.x000044",
        "qpn-x-months.x000044",
        "qpn-x-months.x000044",
        "qpn-x-months.x000044",
        "qpn-x-months.x000056",
        "qpn-x-months.x000056",
        "qpn-x-months.x000056",
        "qpn-x-months.x000056",
        "qpn-x-months.x000068",
        "qpn-x-months.x000068",
        "qpn-x-months.x000068",
        "qpn-x-months.x000068",
        "qpn-x-months.x000080",
        "qpn-x-months.x000080",
        "qpn-x-months.x000080",
        "qpn-x-months.x000080",
        "qpn-x-months.x000080",
        "qpn-x-months.x000080",
        "qpn-x-months.x000080",
        "qpn-x-months.x000080",
        "qpn-x-months.x000080",
        "qpn-x-months.x000080",
        "qpn-x-months.x000080",
        "qpn-x-months.x000080",
        "qpn-x-months.x000080",
        "qpn-x-months.x000080",
        "qpn-x-months.x000080",
        "qpn-x-months.x000080",
        "qpn-x-months.x000110",
        "qpn-x-months.x000110",
        "qpn-x-months.x000110",
        "qpn-x-months.x000110",
        "qpn-x-months.x000110",
        "qpn-x-months.x000110",
        "qpn-x-months.x000110",
        "qpn-x-months.x000110",
        "qpn-x-months.x000128",
        "qpn-x-months.x000128",
        "qpn-x-months.x000128",
        "qpn-x-months.x000128",
        "qpn-x-months.x000128",
        "qpn-x-months.x000128",
        "qpn-x-months.x000128",
        "qpn-x-months.x000128",
        "qpn-x-months.x000140",
        "qpn-x-months.x000140",
        "qpn-x-months.x000148",
        "qpn-x-months.x000148",
        "qpn-x-months.x000148",
        "qpn-x-months.x000148",
        "qpn-x-months.x000148",
        "qpn-x-months.x000148",
        "qpn-x-months.x000148",
        "qpn-x-months.x000148",
        "qpn-x-months.x000182",
        "qpn-x-months.x000182",
        "qpn-x-months.x000190",
        "qpn-x-months.x000190",
        "qpn-x-months.x000190",
        "qpn-x-months.x000190",
        "qpn-x-months.x000202",
        "qpn-x-months.x000202",
        "qpn-x-months.x000202",
        "qpn-x-months.x000202",
        "qpn-x-months.x000220",
        "qpn-x-months.x000220",
        "qpn-x-months.x000220",
        "qpn-x-months.x000220",
        "qpn-x-months.x000232",
        "qpn-x-months.x000232",
        "qpn-x-months.x000232",
        "qpn-x-months.x000232"
      ]
    },
    {
      "key": "iti",
      "count": "86",
      "instances": [
        "qpn-x-months.x000000",
        "qpn-x-months.x000000",
        "qpn-x-months.x000000",
        "qpn-x-months.x000000",
        "qpn-x-months.x000000",
        "qpn-x-months.x000000",
        "qpn-x-months.x000000",
        "qpn-x-months.x000000",
        "qpn-x-months.x000018",
        "qpn-x-months.x000018",
        "qpn-x-months.x000026",
        "qpn-x-months.x000026",
        "qpn-x-months.x000026",
        "qpn-x-months.x000026",
        "qpn-x-months.x000026",
        "qpn-x-months.x000026",
        "qpn-x-months.x000026",
        "qpn-x-months.x000026",
        "qpn-x-months.x000044",
        "qpn-x-months.x000044",
        "qpn-x-months.x000044",
        "qpn-x-months.x000044",
        "qpn-x-months.x000056",
        "qpn-x-months.x000056",
        "qpn-x-months.x000056",
        "qpn-x-months.x000056",
        "qpn-x-months.x000068",
        "qpn-x-months.x000068",
        "qpn-x-months.x000068",
        "qpn-x-months.x000068",
        "qpn-x-months.x000080",
        "qpn-x-months.x000080",
        "qpn-x-months.x000080",
        "qpn-x-months.x000080",
        "qpn-x-months.x000080",
        "qpn-x-months.x000080",
        "qpn-x-months.x000080",
        "qpn-x-months.x000080",
        "qpn-x-months.x000080",
        "qpn-x-months.x000080",
        "qpn-x-months.x000080",
        "qpn-x-months.x000080",
        "qpn-x-months.x000080",
        "qpn-x-months.x000080",
        "qpn-x-months.x000080",
        "qpn-x-months.x000080",
        "qpn-x-months.x000110",
        "qpn-x-months.x000110",
        "qpn-x-months.x000110",
        "qpn-x-months.x000110",
        "qpn-x-months.x000110",
        "qpn-x-months.x000110",
        "qpn-x-months.x000110",
        "qpn-x-months.x000110",
        "qpn-x-months.x000128",
        "qpn-x-months.x000128",
        "qpn-x-months.x000128",
        "qpn-x-months.x000128",
        "qpn-x-months.x000140",
        "qpn-x-months.x000140",
        "qpn-x-months.x000148",
        "qpn-x-months.x000148",
        "qpn-x-months.x000148",
        "qpn-x-months.x000148",
        "qpn-x-months.x000148",
        "qpn-x-months.x000148",
        "qpn-x-months.x000148",
        "qpn-x-months.x000148",
        "qpn-x-months.x000182",
        "qpn-x-months.x000182",
        "qpn-x-months.x000190",
        "qpn-x-months.x000190",
        "qpn-x-months.x000190",
        "qpn-x-months.x000190",
        "qpn-x-months.x000202",
        "qpn-x-months.x000202",
        "qpn-x-months.x000202",
        "qpn-x-months.x000202",
        "qpn-x-months.x000220",
        "qpn-x-months.x000220",
        "qpn-x-months.x000220",
        "qpn-x-months.x000220",
        "qpn-x-months.x000232",
        "qpn-x-months.x000232",
        "qpn-x-months.x000232",
        "qpn-x-months.x000232"
      ]
    },
    {
      "key": "e₃",
      "count": "16",
      "instances": [
        "qpn-x-months.x000000",
        "qpn-x-months.x000000",
        "qpn-x-months.x000000",
        "qpn-x-months.x000000",
        "qpn-x-months.x000000",
        "qpn-x-months.x000000",
        "qpn-x-months.x000000",
        "qpn-x-months.x000000",
        "qpn-x-months.x000080",
        "qpn-x-months.x000080",
        "qpn-x-months.x000080",
        "qpn-x-months.x000080",
        "qpn-x-months.x000080",
        "qpn-x-months.x000080",
        "qpn-x-months.x000080",
        "qpn-x-months.x000080"
      ]
    },
    {
      "key": "a",
      "count": "24",
      "instances": [
        "qpn-x-months.x000000",
        "qpn-x-months.x000000",
        "qpn-x-months.x000000",
        "qpn-x-months.x000000",
        "qpn-x-months.x000026",
        "qpn-x-months.x000026",
        "qpn-x-months.x000026",
        "qpn-x-months.x000026",
        "qpn-x-months.x000026",
        "qpn-x-months.x000026",
        "qpn-x-months.x000026",
        "qpn-x-months.x000026",
        "qpn-x-months.x000080",
        "qpn-x-months.x000080",
        "qpn-x-months.x000080",
        "qpn-x-months.x000080",
        "qpn-x-months.x000190",
        "qpn-x-months.x000190",
        "qpn-x-months.x000190",
        "qpn-x-months.x000190",
        "qpn-x-months.x000220",
        "qpn-x-months.x000220",
        "qpn-x-months.x000220",
        "qpn-x-months.x000220"
      ]
    },
    {
      "key": "ne",
      "count": "22",
      "instances": [
        "qpn-x-months.x000018",
        "qpn-x-months.x000018",
        "qpn-x-months.x000080",
        "qpn-x-months.x000080",
        "qpn-x-months.x000080",
        "qpn-x-months.x000080",
        "qpn-x-months.x000148",
        "qpn-x-months.x000148",
        "qpn-x-months.x000148",
        "qpn-x-months.x000148",
        "qpn-x-months.x000148",
        "qpn-x-months.x000148",
        "qpn-x-months.x000148",
        "qpn-x-months.x000148",
        "qpn-x-months.x000148",
        "qpn-x-months.x000148",
        "qpn-x-months.x000148",
        "qpn-x-months.x000148",
        "qpn-x-months.x000148",
        "qpn-x-months.x000148",
        "qpn-x-months.x000148",
        "qpn-x-months.x000148"
      ]
    },
    {
      "key": "gan",
      "count": "34",
      "instances": [
        "qpn-x-months.x000080",
        "qpn-x-months.x000080",
        "qpn-x-months.x000080",
        "qpn-x-months.x000080",
        "qpn-x-months.x000080",
        "qpn-x-months.x000080",
        "qpn-x-months.x000080",
        "qpn-x-months.x000080",
        "qpn-x-months.x000080",
        "qpn-x-months.x000080",
        "qpn-x-months.x000080",
        "qpn-x-months.x000080",
        "qpn-x-months.x000080",
        "qpn-x-months.x000080",
        "qpn-x-months.x000080",
        "qpn-x-months.x000080",
        "qpn-x-months.x000080",
        "qpn-x-months.x000080",
        "qpn-x-months.x000080",
        "qpn-x-months.x000080",
        "qpn-x-months.x000080",
        "qpn-x-months.x000080",
        "qpn-x-months.x000080",
        "qpn-x-months.x000080",
        "qpn-x-months.x000080",
        "qpn-x-months.x000080",
        "qpn-x-months.x000080",
        "qpn-x-months.x000080",
        "qpn-x-months.x000080",
        "qpn-x-months.x000080",
        "qpn-x-months.x000080",
        "qpn-x-months.x000080",
        "qpn-x-months.x000140",
        "qpn-x-months.x000140"
      ]
    }
  ],
  "map": {
    "Abbaʾe": "abbaʾe",
    "Abu": "abu",
    "NE": "ne",
    "%akk": "akk",
    "stdbab:": "stdbab",
    "Apinduʾa": "apinduʾa",
    "Ayyaru": "ayyaru",
    "GUD": "gud",
    "GU₄": "gu₄",
    "Barag": "barag",
    "Dukug": "dukug",
    "Gangana": "gangana",
    "Gud": "gud",
    "Kiŋ": "kiŋ",
    "Inana": "inana",
    "Kislimu": "kislimu",
    "GAN": "gan",
    "NE.NE.ŋar": "neneŋar",
    "Nisannu": "nisannu",
    "Simanu": "simanu",
    "SIG₄": "sig₄",
    "stdbab:SIG₄": "stdbabsig₄",
    "Šabaṭu": "šabaṭu",
    "ZIZ₂": "ziz₂",
    "Šega": "šega",
    "Šegurkud": "šegurkud",
    "Šunumuna": "šunumuna",
    "Udduru": "udduru",
    "oldbab:ud": "oldbabud"
  }
}
