{
"type": "cdl",
  "source": "http://oracc.org/saao/saa15",
  "license": "This data is released under the CC0 license",
  "license-url": "https://creativecommons.org/publicdomain/zero/1.0/",
  "more-info": "http://oracc.org/doc/opendata/",
  "UTC-timestamp": "2017-05-19T11:53:00",
"project": "saao/saa15",
"textid": "P238649",
"cdl": [
{
"node": "c",
"type": "text",
"id": "P238649.U0",
"cdl": [
{
"node": "d",
"type": "object",
"ref": ""}
,
{
"node": "d",
"subtype": "obverse",
"type": "surface",
"ref": "P238649.o.1",
"type": "obverse",
"label": "o"}
,
{
"node": "d",
"type": "nonx",
"ref": "P238649.2",
"strict": "0",
"extent": "beginning",
"state": "missing"}
,
{
"node": "c",
"type": "discourse",
"subtype": "body",
"id": "P238649.U1",
"cdl": [
{
"node": "c",
"type": "sentence",
"id": "P238649.U2",
"label": "o 1' - o 7'",
"cdl": [
{
"node": "d",
"type": "line-start",
"ref": "P238649.3",
"n": "1'",
"label": "o 1'"}
,
{
"node": "l",
"frag": "[x",
"id": "P238649.l088cf",
"ref": "P238649.3.1",
"inst": "u",
"f": {"lang": "akk-x-neoass",
"form": "x",
"pos": "u"}
}
,
{
"node": "l",
"frag": "x",
"id": "P238649.l088d0",
"ref": "P238649.3.2",
"inst": "u",
"f": {"lang": "akk-x-neoass",
"form": "x",
"pos": "u"}
}
,
{
"node": "l",
"frag": "x]+⸢x",
"id": "P238649.l088d1",
"ref": "P238649.3.3",
"inst": "u",
"f": {"lang": "akk-x-neoass",
"form": "x+x",
"pos": "u"}
}
,
{
"node": "l",
"frag": "{lu₂v}GAL-50",
"id": "P238649.l088d2",
"ref": "P238649.3.4",
"cof-tails": "P238649.l088d3",
"inst": "rabû[big one]N$rab&hamšā[fifty]NU$hanšê",
"sig": "@saao/saa15%akk-x-neoass:{LU₂}GAL-50=rabû[big one//big one]N'N$rab&&@saao%akk-x-neoass:=hamšā[fifty//fifty]NU'NU$hanšê",
"f": {"lang": "akk-x-neoass",
"form": "{LU₂}GAL-50",
"cf": "rabû",
"gw": "big one",
"sense": "big one",
"norm": "rab",
"pos": "N",
"epos": "N"}
}
,
{
"node": "l",
"frag": "{lu₂v}GAL-50",
"id": "P238649.l088d3",
"ref": "P238649.3.4",
"cof-head": "P238649.l088d2",
"inst": "rabû[big one]N$rab&hamšā[fifty]NU$hanšê",
"tail-sig": "@saao%akk-x-neoass:=hamšā[fifty//fifty]NU'NU$hanšê",
"f": {"lang": "akk-x-neoass",
"form": "{LU₂}GAL-50",
"cf": "hamšā",
"gw": "fifty",
"sense": "fifty",
"norm": "hanšê",
"pos": "NU",
"epos": "NU"}
}
,
{
"node": "l",
"frag": "[x",
"id": "P238649.l088d4",
"ref": "P238649.3.5",
"inst": "u",
"f": {"lang": "akk-x-neoass",
"form": "x",
"pos": "u"}
}
,
{
"node": "l",
"frag": "x",
"id": "P238649.l088d5",
"ref": "P238649.3.6",
"inst": "u",
"f": {"lang": "akk-x-neoass",
"form": "x",
"pos": "u"}
}
,
{
"node": "l",
"frag": "x]",
"id": "P238649.l088d6",
"ref": "P238649.3.7",
"inst": "u",
"f": {"lang": "akk-x-neoass",
"form": "x",
"pos": "u"}
}
,
{
"node": "c",
"type": "phrase",
"tag": "phr",
"id": "P238649.U4",
"ref": "P238649.ls00000",
"cdl": [
{
"node": "l",
"frag": "ina",
"id": "P238649.l088d7",
"ref": "P238649.3.8",
"inst": "ina[in+=concerning]PRP",
"sig": "@saao/saa15%akk-x-neoass:ina=ina[in//in]PRP'PRP$ina",
"f": {"lang": "akk-x-neoass",
"form": "ina",
"cf": "ina",
"gw": "in",
"sense": "in",
"norm": "ina",
"pos": "PRP",
"epos": "PRP"}
}
,
{
"node": "l",
"frag": "UGU",
"id": "P238649.l088d8",
"ref": "P238649.3.9",
"inst": "muhhi[skull]N",
"sig": "@saao/saa15%akk-x-neoass:UGU=muhhu[skull//skull]N'N$muhhi",
"f": {"lang": "akk-x-neoass",
"form": "UGU",
"cf": "muhhu",
"gw": "skull",
"sense": "skull",
"norm": "muhhi",
"pos": "N",
"epos": "N"}
}
]}
,
{
"node": "l",
"frag": "{lu₂v}[x",
"id": "P238649.l088d9",
"ref": "P238649.3.10",
"inst": "u",
"f": {"lang": "akk-x-neoass",
"form": "{LU₂}x",
"pos": "u"}
}
,
{
"node": "l",
"frag": "x]",
"id": "P238649.l088da",
"ref": "P238649.3.11",
"inst": "u",
"f": {"lang": "akk-x-neoass",
"form": "x",
"pos": "u"}
}
,
{
"node": "d",
"type": "line-start",
"ref": "P238649.4",
"n": "2'",
"label": "o 2'"}
,
{
"node": "l",
"frag": "[ša",
"id": "P238649.l088db",
"ref": "P238649.4.1",
"inst": "ša[who]REL",
"sig": "@saao/saa15%akk-x-neoass:ša=ša[that//who]REL'REL$ša",
"f": {"lang": "akk-x-neoass",
"form": "ša",
"cf": "ša",
"gw": "that",
"sense": "who",
"norm": "ša",
"pos": "REL",
"epos": "REL"}
}
,
{
"node": "l",
"frag": "LUGAL]",
"id": "P238649.l088dc",
"ref": "P238649.4.2",
"inst": "šarru[king]N",
"sig": "@saao/saa15%akk-x-neoass:LUGAL=šarru[king//king]N'N$šarru",
"f": {"lang": "akk-x-neoass",
"form": "LUGAL",
"cf": "šarru",
"gw": "king",
"sense": "king",
"norm": "šarru",
"pos": "N",
"epos": "N"}
}
,
{
"node": "l",
"frag": "EN",
"id": "P238649.l088dd",
"ref": "P238649.4.3",
"inst": "bēlī[lord]N",
"sig": "@saao/saa15%akk-x-neoass:EN=bēlu[lord//lord]N'N$bēlī",
"f": {"lang": "akk-x-neoass",
"form": "EN",
"cf": "bēlu",
"gw": "lord",
"sense": "lord",
"norm": "bēlī",
"pos": "N",
"epos": "N"}
}
,
{
"node": "l",
"frag": "ṭe₃-e-mu",
"id": "P238649.l088de",
"ref": "P238649.4.4",
"inst": "ṭēmu[order]N",
"sig": "@saao/saa15%akk-x-neoass:ṭe₃-e-mu=ṭēmu[(fore)thought//order]N'N$ṭēmu",
"f": {"lang": "akk-x-neoass",
"form": "ṭe₃-e-mu",
"cf": "ṭēmu",
"gw": "(fore)thought",
"sense": "order",
"norm": "ṭēmu",
"pos": "N",
"epos": "N"}
}
,
{
"node": "l",
"frag": "iš-kun-an-ni\\d-ni\\d",
"id": "P238649.l088df",
"ref": "P238649.4.5",
"inst": "iškunannīni[place]V",
"sig": "@saao/saa15%akk-x-neoass:iš-kun-an-ni-ni=šakānu[put//place]V'V$iškunannīni",
"f": {"lang": "akk-x-neoass",
"form": "iš-kun-an-ni-ni",
"cf": "šakānu",
"gw": "put",
"sense": "place",
"norm": "iškunannīni",
"pos": "V",
"epos": "V"}
}
,
{
"node": "d",
"type": "line-start",
"ref": "P238649.5",
"n": "3'",
"label": "o 3'"}
,
{
"node": "l",
"frag": "[ma-a",
"id": "P238649.l088e0",
"ref": "P238649.5.1",
"inst": "mā[saying]PRP",
"sig": "@saao/saa15%akk-x-neoass:ma-a=mā[saying//saying]PRP'PRP$mā",
"f": {"lang": "akk-x-neoass",
"form": "ma-a",
"cf": "mā",
"gw": "saying",
"sense": "saying",
"norm": "mā",
"pos": "PRP",
"epos": "PRP"}
}
,
{
"node": "l",
"frag": "a-na]",
"id": "P238649.l088e1",
"ref": "P238649.5.2",
"inst": "ana[to]PRP",
"sig": "@saao/saa15%akk-x-neoass:a-na=ana[to//to]PRP'PRP$ana",
"f": {"lang": "akk-x-neoass",
"form": "a-na",
"cf": "ana",
"gw": "to",
"sense": "to",
"norm": "ana",
"pos": "PRP",
"epos": "PRP"}
}
,
{
"node": "l",
"frag": "{⸢lu₂v⸣}GAL-ki-ṣir",
"id": "P238649.l088e2",
"ref": "P238649.5.3",
"cof-tails": "P238649.l088e3",
"inst": "rabû[big one]N$rab&kiṣru[cohort]N$kiṣir",
"sig": "@saao/saa15%akk-x-neoass:{LU₂}GAL-ki-ṣir=rabû[big one//big one]N'N$rab&&@saao%akk-x-neoass:=kiṣru[knot//cohort]N'N$kiṣir",
"f": {"lang": "akk-x-neoass",
"form": "{LU₂}GAL-ki-ṣir",
"cf": "rabû",
"gw": "big one",
"sense": "big one",
"norm": "rab",
"pos": "N",
"epos": "N"}
}
,
{
"node": "l",
"frag": "{⸢lu₂v⸣}GAL-ki-ṣir",
"id": "P238649.l088e3",
"ref": "P238649.5.3",
"cof-head": "P238649.l088e2",
"inst": "rabû[big one]N$rab&kiṣru[cohort]N$kiṣir",
"tail-sig": "@saao%akk-x-neoass:=kiṣru[knot//cohort]N'N$kiṣir",
"f": {"lang": "akk-x-neoass",
"form": "{LU₂}GAL-ki-ṣir",
"cf": "kiṣru",
"gw": "knot",
"sense": "cohort",
"norm": "kiṣir",
"pos": "N",
"epos": "N"}
}
,
{
"node": "l",
"frag": "01-en",
"id": "P238649.l088e4",
"ref": "P238649.5.4",
"inst": "issēn[one]NU",
"sig": "@saao/saa15%akk-x-neoass:01-en=ištēn[one//one]NU'NU$issēn",
"f": {"lang": "akk-x-neoass",
"form": "01-en",
"cf": "ištēn",
"gw": "one",
"sense": "one",
"norm": "issēn",
"pos": "NU",
"epos": "NU"}
}
,
{
"node": "l",
"frag": "aš₂-li\\d",
"id": "P238649.l088e5",
"ref": "P238649.5.5",
"inst": "ašlu[rope]N$ašlī",
"sig": "@saao/saa15%akk-x-neoass:aš₂-li=ašlu[rope//rope]N'N$ašlī",
"f": {"lang": "akk-x-neoass",
"form": "aš₂-li",
"cf": "ašlu",
"gw": "rope",
"sense": "rope",
"norm": "ašlī",
"pos": "N",
"epos": "N"}
}
,
{
"node": "l",
"frag": "di-ni",
"id": "P238649.l088e6",
"ref": "P238649.5.6",
"inst": "dīni[give]V",
"sig": "@saao/saa15%akk-x-neoass:di-ni=tadānu[give//give]V'V$dīni",
"f": {"lang": "akk-x-neoass",
"form": "di-ni",
"cf": "tadānu",
"gw": "give",
"sense": "give",
"norm": "dīni",
"pos": "V",
"epos": "V"}
}
,
{
"node": "d",
"type": "line-start",
"ref": "P238649.6",
"n": "4'",
"label": "o 4'"}
,
{
"node": "l",
"frag": "[x",
"id": "P238649.l088e7",
"ref": "P238649.6.1",
"inst": "u",
"f": {"lang": "akk-x-neoass",
"form": "x",
"pos": "u"}
}
,
{
"node": "l",
"frag": "x",
"id": "P238649.l088e8",
"ref": "P238649.6.2",
"inst": "u",
"f": {"lang": "akk-x-neoass",
"form": "x",
"pos": "u"}
}
,
{
"node": "l",
"frag": "x",
"id": "P238649.l088e9",
"ref": "P238649.6.3",
"inst": "u",
"f": {"lang": "akk-x-neoass",
"form": "x",
"pos": "u"}
}
,
{
"node": "l",
"frag": "x]-ri",
"id": "P238649.l088ea",
"ref": "P238649.6.4",
"inst": "u",
"f": {"lang": "akk-x-neoass",
"form": "x-ri",
"pos": "u"}
}
,
{
"node": "l",
"frag": "ma-a",
"id": "P238649.l088eb",
"ref": "P238649.6.5",
"inst": "mā[saying]PRP",
"sig": "@saao/saa15%akk-x-neoass:ma-a=mā[saying//saying]PRP'PRP$mā",
"f": {"lang": "akk-x-neoass",
"form": "ma-a",
"cf": "mā",
"gw": "saying",
"sense": "saying",
"norm": "mā",
"pos": "PRP",
"epos": "PRP"}
}
,
{
"node": "l",
"frag": "ka-a.a-ma-nu",
"id": "P238649.l088ec",
"ref": "P238649.6.6",
"inst": "kayamānu[constantly]'AV",
"sig": "@saao/saa15%akk-x-neoass:ka-a.a-ma-nu=kayyamānu[permanent//constantly]AJ'AV$kayamānu",
"f": {"lang": "akk-x-neoass",
"form": "ka-a.a-ma-nu",
"cf": "kayyamānu",
"gw": "permanent",
"sense": "constantly",
"norm": "kayamānu",
"pos": "AJ",
"epos": "AV"}
}
,
{
"node": "d",
"type": "line-start",
"ref": "P238649.7",
"n": "5'",
"label": "o 5'"}
,
{
"node": "l",
"frag": "[x",
"id": "P238649.l088ed",
"ref": "P238649.7.1",
"inst": "u",
"f": {"lang": "akk-x-neoass",
"form": "x",
"pos": "u"}
}
,
{
"node": "l",
"frag": "x",
"id": "P238649.l088ee",
"ref": "P238649.7.2",
"inst": "u",
"f": {"lang": "akk-x-neoass",
"form": "x",
"pos": "u"}
}
,
{
"node": "l",
"frag": "x",
"id": "P238649.l088ef",
"ref": "P238649.7.3",
"inst": "u",
"f": {"lang": "akk-x-neoass",
"form": "x",
"pos": "u"}
}
,
{
"node": "l",
"frag": "x]",
"id": "P238649.l088f0",
"ref": "P238649.7.4",
"inst": "u",
"f": {"lang": "akk-x-neoass",
"form": "x",
"pos": "u"}
}
,
{
"node": "l",
"frag": "le-ru\\d-bu",
"id": "P238649.l088f1",
"ref": "P238649.7.5",
"inst": "erēbu[enter]V$lērūbu",
"sig": "@saao/saa15%akk-x-neoass:le-ru-bu=erēbu[enter//enter]V'V$lērūbu",
"f": {"lang": "akk-x-neoass",
"form": "le-ru-bu",
"cf": "erēbu",
"gw": "enter",
"sense": "enter",
"norm": "lērūbu",
"pos": "V",
"epos": "V"}
}
,
{
"node": "l",
"frag": "lu-u-ṣi",
"id": "P238649.l088f2",
"ref": "P238649.7.6",
"inst": "aṣû[go out]V$lūṣi",
"sig": "@saao/saa15%akk-x-neoass:lu-u-ṣi=aṣû[go out//go out]V'V$lūṣi",
"f": {"lang": "akk-x-neoass",
"form": "lu-u-ṣi",
"cf": "aṣû",
"gw": "go out",
"sense": "go out",
"norm": "lūṣi",
"pos": "V",
"epos": "V"}
}
,
{
"node": "d",
"type": "line-start",
"ref": "P238649.8",
"n": "6'",
"label": "o 6'"}
,
{
"node": "l",
"frag": "[ki-i",
"id": "P238649.l088f3",
"ref": "P238649.8.1",
"inst": "kî[in accordance with]PRP",
"sig": "@saao/saa15%akk-x-neoass:ki-i=kī[like//in accordance with]PRP'PRP$kî",
"f": {"lang": "akk-x-neoass",
"form": "ki-i",
"cf": "kī",
"gw": "like",
"sense": "in accordance with",
"norm": "kî",
"pos": "PRP",
"epos": "PRP"}
}
,
{
"node": "l",
"frag": "ša",
"id": "P238649.l088f4",
"ref": "P238649.8.2",
"inst": "ša[what]REL",
"sig": "@saao/saa15%akk-x-neoass:ša=ša[that//what]REL'REL$ša",
"f": {"lang": "akk-x-neoass",
"form": "ša",
"cf": "ša",
"gw": "that",
"sense": "what",
"norm": "ša",
"pos": "REL",
"epos": "REL"}
}
,
{
"node": "l",
"frag": "LUGAL]",
"id": "P238649.l088f5",
"ref": "P238649.8.3",
"inst": "šarru[king]N",
"sig": "@saao/saa15%akk-x-neoass:LUGAL=šarru[king//king]N'N$šarru",
"f": {"lang": "akk-x-neoass",
"form": "LUGAL",
"cf": "šarru",
"gw": "king",
"sense": "king",
"norm": "šarru",
"pos": "N",
"epos": "N"}
}
,
{
"node": "l",
"frag": "⸢EN⸣",
"id": "P238649.l088f6",
"ref": "P238649.8.4",
"inst": "bēlī[lord]N",
"sig": "@saao/saa15%akk-x-neoass:EN=bēlu[lord//lord]N'N$bēlī",
"f": {"lang": "akk-x-neoass",
"form": "EN",
"cf": "bēlu",
"gw": "lord",
"sense": "lord",
"norm": "bēlī",
"pos": "N",
"epos": "N"}
}
,
{
"node": "l",
"frag": "ṭe₃-e-me",
"id": "P238649.l088f7",
"ref": "P238649.8.5",
"inst": "ṭēme[order]N",
"sig": "@saao/saa15%akk-x-neoass:ṭe₃-e-me=ṭēmu[(fore)thought//order]N'N$ṭēme",
"f": {"lang": "akk-x-neoass",
"form": "ṭe₃-e-me",
"cf": "ṭēmu",
"gw": "(fore)thought",
"sense": "order",
"norm": "ṭēme",
"pos": "N",
"epos": "N"}
}
,
{
"node": "l",
"frag": "iš-kun-an-ni-[ni]",
"id": "P238649.l088f8",
"ref": "P238649.8.6",
"inst": "iškunannīni[place]V",
"sig": "@saao/saa15%akk-x-neoass:iš-kun-an-ni-ni=šakānu[put//place]V'V$iškunannīni",
"f": {"lang": "akk-x-neoass",
"form": "iš-kun-an-ni-ni",
"cf": "šakānu",
"gw": "put",
"sense": "place",
"norm": "iškunannīni",
"pos": "V",
"epos": "V"}
}
,
{
"node": "d",
"type": "line-start",
"ref": "P238649.9",
"n": "7'",
"label": "o 7'"}
,
{
"node": "l",
"frag": "[x",
"id": "P238649.l088f9",
"ref": "P238649.9.1",
"inst": "u",
"f": {"lang": "akk-x-neoass",
"form": "x",
"pos": "u"}
}
,
{
"node": "l",
"frag": "x",
"id": "P238649.l088fa",
"ref": "P238649.9.2",
"inst": "u",
"f": {"lang": "akk-x-neoass",
"form": "x",
"pos": "u"}
}
,
{
"node": "l",
"frag": "x",
"id": "P238649.l088fb",
"ref": "P238649.9.3",
"inst": "u",
"f": {"lang": "akk-x-neoass",
"form": "x",
"pos": "u"}
}
,
{
"node": "l",
"frag": "x",
"id": "P238649.l088fc",
"ref": "P238649.9.4",
"inst": "u",
"f": {"lang": "akk-x-neoass",
"form": "x",
"pos": "u"}
}
,
{
"node": "l",
"frag": "x",
"id": "P238649.l088fd",
"ref": "P238649.9.5",
"inst": "u",
"f": {"lang": "akk-x-neoass",
"form": "x",
"pos": "u"}
}
,
{
"node": "l",
"frag": "x",
"id": "P238649.l088fe",
"ref": "P238649.9.6",
"inst": "u",
"f": {"lang": "akk-x-neoass",
"form": "x",
"pos": "u"}
}
,
{
"node": "l",
"frag": "x]",
"id": "P238649.l088ff",
"ref": "P238649.9.7",
"inst": "u",
"f": {"lang": "akk-x-neoass",
"form": "x",
"pos": "u"}
}
,
{
"node": "l",
"frag": "⸢e-ra⸣-ba",
"id": "P238649.l08900",
"ref": "P238649.9.8",
"inst": "erraba[enter]V",
"sig": "@saao/saa15%akk-x-neoass:e-ra-ba=erēbu[enter//enter]V'V$erraba",
"f": {"lang": "akk-x-neoass",
"form": "e-ra-ba",
"cf": "erēbu",
"gw": "enter",
"sense": "enter",
"norm": "erraba",
"pos": "V",
"epos": "V"}
}
,
{
"node": "l",
"frag": "u₂-ṣa",
"id": "P238649.l08901",
"ref": "P238649.9.9",
"inst": "uṣṣa[come out]V",
"sig": "@saao/saa15%akk-x-neoass:u₂-ṣa=aṣû[go out//come out]V'V$uṣṣa",
"f": {"lang": "akk-x-neoass",
"form": "u₂-ṣa",
"cf": "aṣû",
"gw": "go out",
"sense": "come out",
"norm": "uṣṣa",
"pos": "V",
"epos": "V"}
}
,
{
"node": "d",
"type": "nonx",
"ref": "P238649.10",
"strict": "0",
"extent": "rest",
"state": "missing"}
,
{
"node": "d",
"subtype": "reverse",
"type": "surface",
"ref": "P238649.r.11",
"type": "reverse",
"label": "r"}
,
{
"node": "d",
"type": "nonx",
"ref": "P238649.12",
"strict": "0",
"state": "other"}
]}
]}
]}
,
{
"linkbase": [{
"type": "linkset",
"xlink_title": "ina muhhi[on//about]PRP'PRP",
"id": "P238649.ls00000",
"xlink_type": "extended",
"xlink_role": "psu",
"sig": "{ina[in]PRP muhhu[skull]N += ina muhhi[on//about]PRP'PRP}::@saao%akk-x-neoass:ina=ina[in//into]PRP'PRP$ina++@saao%akk-x-neoass:UGU=muhhu[skull//skull]N'N$muhhi",
"links": [
{
"type": "link",
"xlink_title": "ina",
"xlink_type": "locator",
"xlink_href": "#P238649.l088d7",
"xlink_role": "elt"}
,
{
"type": "link",
"xlink_title": "muhhi",
"xlink_type": "locator",
"xlink_href": "#P238649.l088d8",
"xlink_role": "elt"}
]}
]}
]}
