{
"type": "cdl",
  "source": "http://oracc.org/saao/saa15",
  "license": "This data is released under the CC0 license",
  "license-url": "https://creativecommons.org/publicdomain/zero/1.0/",
  "more-info": "http://oracc.org/doc/opendata/",
  "UTC-timestamp": "2017-05-19T11:53:13",
"project": "saao/saa15",
"textid": "P313782",
"cdl": [
{
"node": "c",
"type": "text",
"id": "P313782.U0",
"cdl": [
{
"node": "d",
"type": "object",
"ref": ""}
,
{
"node": "d",
"subtype": "obverse",
"type": "surface",
"ref": "P313782.o.1",
"type": "obverse",
"label": "o"}
,
{
"node": "d",
"type": "nonx",
"ref": "P313782.2",
"strict": "0",
"extent": "beginning",
"state": "missing"}
,
{
"node": "c",
"type": "discourse",
"subtype": "body",
"id": "P313782.U1",
"cdl": [
{
"node": "c",
"type": "sentence",
"id": "P313782.U2",
"label": "o 1' - r 7'",
"cdl": [
{
"node": "d",
"type": "line-start",
"ref": "P313782.3",
"n": "1'",
"label": "o 1'"}
,
{
"node": "l",
"frag": "[i]-tal-⸢ka⸣",
"id": "P313782.l08841",
"ref": "P313782.3.1",
"inst": "ittalka[come]V",
"sig": "@saao/saa15%akk-x-neoass:i-tal-ka=alāku[go//come]V'V$ittalka",
"f": {"lang": "akk-x-neoass",
"form": "i-tal-ka",
"cf": "alāku",
"gw": "go",
"sense": "come",
"norm": "ittalka",
"pos": "V",
"epos": "V"}
}
,
{
"node": "l",
"frag": "[x",
"id": "P313782.l08842",
"ref": "P313782.3.2",
"inst": "u",
"f": {"lang": "akk-x-neoass",
"form": "x",
"pos": "u"}
}
,
{
"node": "l",
"frag": "x",
"id": "P313782.l08843",
"ref": "P313782.3.3",
"inst": "u",
"f": {"lang": "akk-x-neoass",
"form": "x",
"pos": "u"}
}
,
{
"node": "l",
"frag": "x",
"id": "P313782.l08844",
"ref": "P313782.3.4",
"inst": "u",
"f": {"lang": "akk-x-neoass",
"form": "x",
"pos": "u"}
}
,
{
"node": "l",
"frag": "x",
"id": "P313782.l08845",
"ref": "P313782.3.5",
"inst": "u",
"f": {"lang": "akk-x-neoass",
"form": "x",
"pos": "u"}
}
,
{
"node": "l",
"frag": "x",
"id": "P313782.l08846",
"ref": "P313782.3.6",
"inst": "u",
"f": {"lang": "akk-x-neoass",
"form": "x",
"pos": "u"}
}
,
{
"node": "l",
"frag": "x]",
"id": "P313782.l08847",
"ref": "P313782.3.7",
"inst": "u",
"f": {"lang": "akk-x-neoass",
"form": "x",
"pos": "u"}
}
,
{
"node": "d",
"type": "line-start",
"ref": "P313782.4",
"n": "2'",
"label": "o 2'"}
,
{
"node": "l",
"frag": "⸢KALAG⸣-MEŠ\\m-te",
"id": "P313782.l08848",
"ref": "P313782.4.1",
"inst": "dannu[strong]AJ$dannūte",
"sig": "@saao/saa15%akk-x-neoass:KALAG-MEŠ-te=dannu[strong//strong]AJ'AJ$dannūte",
"f": {"lang": "akk-x-neoass",
"form": "KALAG-MEŠ-te",
"cf": "dannu",
"gw": "strong",
"sense": "strong",
"norm": "dannūte",
"pos": "AJ",
"epos": "AJ"}
}
,
{
"node": "l",
"frag": "[x",
"id": "P313782.l08849",
"ref": "P313782.4.2",
"inst": "u",
"f": {"lang": "akk-x-neoass",
"form": "x",
"pos": "u"}
}
,
{
"node": "l",
"frag": "x",
"id": "P313782.l0884a",
"ref": "P313782.4.3",
"inst": "u",
"f": {"lang": "akk-x-neoass",
"form": "x",
"pos": "u"}
}
,
{
"node": "l",
"frag": "x",
"id": "P313782.l0884b",
"ref": "P313782.4.4",
"inst": "u",
"f": {"lang": "akk-x-neoass",
"form": "x",
"pos": "u"}
}
,
{
"node": "l",
"frag": "x",
"id": "P313782.l0884c",
"ref": "P313782.4.5",
"inst": "u",
"f": {"lang": "akk-x-neoass",
"form": "x",
"pos": "u"}
}
,
{
"node": "l",
"frag": "x",
"id": "P313782.l0884d",
"ref": "P313782.4.6",
"inst": "u",
"f": {"lang": "akk-x-neoass",
"form": "x",
"pos": "u"}
}
,
{
"node": "l",
"frag": "x]",
"id": "P313782.l0884e",
"ref": "P313782.4.7",
"inst": "u",
"f": {"lang": "akk-x-neoass",
"form": "x",
"pos": "u"}
}
,
{
"node": "d",
"type": "line-start",
"ref": "P313782.5",
"n": "3'",
"label": "o 3'"}
,
{
"node": "l",
"frag": "{lu₂v}e-mu-qi\\t",
"id": "P313782.l0884f",
"ref": "P313782.5.1",
"inst": "emūqī[troops]N",
"sig": "@saao/saa15%akk-x-neoass:{LU₂}e-mu-qi=emūqu[strength//troops]N'N$emūqī",
"f": {"lang": "akk-x-neoass",
"form": "{LU₂}e-mu-qi",
"cf": "emūqu",
"gw": "strength",
"sense": "troops",
"norm": "emūqī",
"pos": "N",
"epos": "N"}
}
,
{
"node": "l",
"frag": "[x",
"id": "P313782.l08850",
"ref": "P313782.5.2",
"inst": "u",
"f": {"lang": "akk-x-neoass",
"form": "x",
"pos": "u"}
}
,
{
"node": "l",
"frag": "x",
"id": "P313782.l08851",
"ref": "P313782.5.3",
"inst": "u",
"f": {"lang": "akk-x-neoass",
"form": "x",
"pos": "u"}
}
,
{
"node": "l",
"frag": "x",
"id": "P313782.l08852",
"ref": "P313782.5.4",
"inst": "u",
"f": {"lang": "akk-x-neoass",
"form": "x",
"pos": "u"}
}
,
{
"node": "l",
"frag": "x",
"id": "P313782.l08853",
"ref": "P313782.5.5",
"inst": "u",
"f": {"lang": "akk-x-neoass",
"form": "x",
"pos": "u"}
}
,
{
"node": "l",
"frag": "x",
"id": "P313782.l08854",
"ref": "P313782.5.6",
"inst": "u",
"f": {"lang": "akk-x-neoass",
"form": "x",
"pos": "u"}
}
,
{
"node": "l",
"frag": "x]",
"id": "P313782.l08855",
"ref": "P313782.5.7",
"inst": "u",
"f": {"lang": "akk-x-neoass",
"form": "x",
"pos": "u"}
}
,
{
"node": "d",
"type": "line-start",
"ref": "P313782.6",
"n": "4'",
"label": "o 4'"}
,
{
"node": "l",
"frag": "pu-hu-ru",
"id": "P313782.l08856",
"ref": "P313782.6.1",
"inst": "pahru[gathered//assembled]AJ$puhhuru",
"sig": "@saao/saa15%akk-x-neoass:pu-hu-ru=pahru[gathered//assembled]AJ'AJ$puhhuru",
"f": {"lang": "akk-x-neoass",
"form": "pu-hu-ru",
"cf": "pahru",
"gw": "gathered",
"sense": "assembled",
"norm": "puhhuru",
"pos": "AJ",
"epos": "AJ"}
}
,
{
"node": "l",
"frag": "[x",
"id": "P313782.l08857",
"ref": "P313782.6.2",
"inst": "u",
"f": {"lang": "akk-x-neoass",
"form": "x",
"pos": "u"}
}
,
{
"node": "l",
"frag": "x",
"id": "P313782.l08858",
"ref": "P313782.6.3",
"inst": "u",
"f": {"lang": "akk-x-neoass",
"form": "x",
"pos": "u"}
}
,
{
"node": "l",
"frag": "x",
"id": "P313782.l08859",
"ref": "P313782.6.4",
"inst": "u",
"f": {"lang": "akk-x-neoass",
"form": "x",
"pos": "u"}
}
,
{
"node": "l",
"frag": "x",
"id": "P313782.l0885a",
"ref": "P313782.6.5",
"inst": "u",
"f": {"lang": "akk-x-neoass",
"form": "x",
"pos": "u"}
}
,
{
"node": "l",
"frag": "x",
"id": "P313782.l0885b",
"ref": "P313782.6.6",
"inst": "u",
"f": {"lang": "akk-x-neoass",
"form": "x",
"pos": "u"}
}
,
{
"node": "l",
"frag": "x]",
"id": "P313782.l0885c",
"ref": "P313782.6.7",
"inst": "u",
"f": {"lang": "akk-x-neoass",
"form": "x",
"pos": "u"}
}
,
{
"node": "d",
"type": "line-start",
"ref": "P313782.7",
"n": "5'",
"label": "o 5'"}
,
{
"node": "l",
"frag": "i-da\\d-bu-[bu",
"id": "P313782.l0885d",
"ref": "P313782.7.1",
"inst": "idabbubu[speak]V",
"sig": "@saao/saa15%akk-x-neoass:i-da-bu-bu=dabābu[speak//speak]V'V$idabbubu",
"f": {"lang": "akk-x-neoass",
"form": "i-da-bu-bu",
"cf": "dabābu",
"gw": "speak",
"sense": "speak",
"norm": "idabbubu",
"pos": "V",
"epos": "V"}
}
,
{
"node": "l",
"frag": "x",
"id": "P313782.l0885e",
"ref": "P313782.7.2",
"inst": "u",
"f": {"lang": "akk-x-neoass",
"form": "x",
"pos": "u"}
}
,
{
"node": "l",
"frag": "x",
"id": "P313782.l0885f",
"ref": "P313782.7.3",
"inst": "u",
"f": {"lang": "akk-x-neoass",
"form": "x",
"pos": "u"}
}
,
{
"node": "l",
"frag": "x",
"id": "P313782.l08860",
"ref": "P313782.7.4",
"inst": "u",
"f": {"lang": "akk-x-neoass",
"form": "x",
"pos": "u"}
}
,
{
"node": "l",
"frag": "x",
"id": "P313782.l08861",
"ref": "P313782.7.5",
"inst": "u",
"f": {"lang": "akk-x-neoass",
"form": "x",
"pos": "u"}
}
,
{
"node": "l",
"frag": "x]",
"id": "P313782.l08862",
"ref": "P313782.7.6",
"inst": "u",
"f": {"lang": "akk-x-neoass",
"form": "x",
"pos": "u"}
}
,
{
"node": "d",
"type": "line-start",
"ref": "P313782.8",
"n": "6'",
"label": "o 6'"}
,
{
"node": "l",
"frag": "ša\\dm",
"id": "P313782.l08863",
"ref": "P313782.8.1",
"inst": "ša[who]REL",
"sig": "@saao/saa15%akk-x-neoass:ša=ša[that//who]REL'REL$ša",
"f": {"lang": "akk-x-neoass",
"form": "ša",
"cf": "ša",
"gw": "that",
"sense": "who",
"norm": "ša",
"pos": "REL",
"epos": "REL"}
}
,
{
"node": "l",
"frag": "il\\m-li\\d-[ku-ni",
"id": "P313782.l08864",
"ref": "P313782.8.2",
"inst": "illikūni[go]V",
"sig": "@saao/saa15%akk-x-neoass:il-li-ku-ni=alāku[go//go]V'V$illikūni",
"f": {"lang": "akk-x-neoass",
"form": "il-li-ku-ni",
"cf": "alāku",
"gw": "go",
"sense": "go",
"norm": "illikūni",
"pos": "V",
"epos": "V"}
}
,
{
"node": "l",
"frag": "x",
"id": "P313782.l08865",
"ref": "P313782.8.3",
"inst": "u",
"f": {"lang": "akk-x-neoass",
"form": "x",
"pos": "u"}
}
,
{
"node": "l",
"frag": "x",
"id": "P313782.l08866",
"ref": "P313782.8.4",
"inst": "u",
"f": {"lang": "akk-x-neoass",
"form": "x",
"pos": "u"}
}
,
{
"node": "l",
"frag": "x",
"id": "P313782.l08867",
"ref": "P313782.8.5",
"inst": "u",
"f": {"lang": "akk-x-neoass",
"form": "x",
"pos": "u"}
}
,
{
"node": "l",
"frag": "x]",
"id": "P313782.l08868",
"ref": "P313782.8.6",
"inst": "u",
"f": {"lang": "akk-x-neoass",
"form": "x",
"pos": "u"}
}
,
{
"node": "d",
"type": "line-start",
"ref": "P313782.9",
"n": "7'",
"label": "o 7'"}
,
{
"node": "l",
"frag": "{uru}si-[x",
"id": "P313782.l08869",
"ref": "P313782.9.1",
"inst": "u",
"f": {"lang": "akk-x-neoass",
"form": "{URU}si-x",
"pos": "u"}
}
,
{
"node": "l",
"frag": "x",
"id": "P313782.l0886a",
"ref": "P313782.9.2",
"inst": "u",
"f": {"lang": "akk-x-neoass",
"form": "x",
"pos": "u"}
}
,
{
"node": "l",
"frag": "x",
"id": "P313782.l0886b",
"ref": "P313782.9.3",
"inst": "u",
"f": {"lang": "akk-x-neoass",
"form": "x",
"pos": "u"}
}
,
{
"node": "l",
"frag": "x",
"id": "P313782.l0886c",
"ref": "P313782.9.4",
"inst": "u",
"f": {"lang": "akk-x-neoass",
"form": "x",
"pos": "u"}
}
,
{
"node": "l",
"frag": "x",
"id": "P313782.l0886d",
"ref": "P313782.9.5",
"inst": "u",
"f": {"lang": "akk-x-neoass",
"form": "x",
"pos": "u"}
}
,
{
"node": "l",
"frag": "x",
"id": "P313782.l0886e",
"ref": "P313782.9.6",
"inst": "u",
"f": {"lang": "akk-x-neoass",
"form": "x",
"pos": "u"}
}
,
{
"node": "l",
"frag": "x]",
"id": "P313782.l0886f",
"ref": "P313782.9.7",
"inst": "u",
"f": {"lang": "akk-x-neoass",
"form": "x",
"pos": "u"}
}
,
{
"node": "d",
"type": "line-start",
"ref": "P313782.10",
"n": "8'",
"label": "o 8'"}
,
{
"node": "l",
"frag": "ma-a",
"id": "P313782.l08870",
"ref": "P313782.10.1",
"inst": "mā[saying]PRP",
"sig": "@saao/saa15%akk-x-neoass:ma-a=mā[saying//saying]PRP'PRP$mā",
"f": {"lang": "akk-x-neoass",
"form": "ma-a",
"cf": "mā",
"gw": "saying",
"sense": "saying",
"norm": "mā",
"pos": "PRP",
"epos": "PRP"}
}
,
{
"node": "l",
"frag": "[x",
"id": "P313782.l08871",
"ref": "P313782.10.2",
"inst": "u",
"f": {"lang": "akk-x-neoass",
"form": "x",
"pos": "u"}
}
,
{
"node": "l",
"frag": "x",
"id": "P313782.l08872",
"ref": "P313782.10.3",
"inst": "u",
"f": {"lang": "akk-x-neoass",
"form": "x",
"pos": "u"}
}
,
{
"node": "l",
"frag": "x",
"id": "P313782.l08873",
"ref": "P313782.10.4",
"inst": "u",
"f": {"lang": "akk-x-neoass",
"form": "x",
"pos": "u"}
}
,
{
"node": "l",
"frag": "x",
"id": "P313782.l08874",
"ref": "P313782.10.5",
"inst": "u",
"f": {"lang": "akk-x-neoass",
"form": "x",
"pos": "u"}
}
,
{
"node": "l",
"frag": "x",
"id": "P313782.l08875",
"ref": "P313782.10.6",
"inst": "u",
"f": {"lang": "akk-x-neoass",
"form": "x",
"pos": "u"}
}
,
{
"node": "l",
"frag": "x",
"id": "P313782.l08876",
"ref": "P313782.10.7",
"inst": "u",
"f": {"lang": "akk-x-neoass",
"form": "x",
"pos": "u"}
}
,
{
"node": "l",
"frag": "x",
"id": "P313782.l08877",
"ref": "P313782.10.8",
"inst": "u",
"f": {"lang": "akk-x-neoass",
"form": "x",
"pos": "u"}
}
,
{
"node": "l",
"frag": "x]",
"id": "P313782.l08878",
"ref": "P313782.10.9",
"inst": "u",
"f": {"lang": "akk-x-neoass",
"form": "x",
"pos": "u"}
}
,
{
"node": "d",
"type": "nonx",
"ref": "P313782.11",
"strict": "0",
"extent": "rest",
"state": "missing"}
,
{
"node": "d",
"subtype": "reverse",
"type": "surface",
"ref": "P313782.r.12",
"type": "reverse",
"label": "r"}
,
{
"node": "d",
"type": "nonx",
"ref": "P313782.13",
"strict": "0",
"extent": "beginning",
"state": "missing"}
,
{
"node": "d",
"type": "line-start",
"ref": "P313782.14",
"n": "1'",
"label": "r 1'"}
,
{
"node": "l",
"frag": "⸢a-ni⸣-[nu",
"id": "P313782.l08879",
"ref": "P313782.14.1",
"inst": "anīnu[we]IP",
"sig": "@saao/saa15%akk-x-neoass:a-ni-nu=anīnu[we//we]IP'IP$anīnu",
"f": {"lang": "akk-x-neoass",
"form": "a-ni-nu",
"cf": "anīnu",
"gw": "we",
"sense": "we",
"norm": "anīnu",
"pos": "IP",
"epos": "IP"}
}
,
{
"node": "l",
"frag": "x",
"id": "P313782.l0887a",
"ref": "P313782.14.2",
"inst": "u",
"f": {"lang": "akk-x-neoass",
"form": "x",
"pos": "u"}
}
,
{
"node": "l",
"frag": "x",
"id": "P313782.l0887b",
"ref": "P313782.14.3",
"inst": "u",
"f": {"lang": "akk-x-neoass",
"form": "x",
"pos": "u"}
}
,
{
"node": "l",
"frag": "x",
"id": "P313782.l0887c",
"ref": "P313782.14.4",
"inst": "u",
"f": {"lang": "akk-x-neoass",
"form": "x",
"pos": "u"}
}
,
{
"node": "l",
"frag": "x",
"id": "P313782.l0887d",
"ref": "P313782.14.5",
"inst": "u",
"f": {"lang": "akk-x-neoass",
"form": "x",
"pos": "u"}
}
,
{
"node": "l",
"frag": "x",
"id": "P313782.l0887e",
"ref": "P313782.14.6",
"inst": "u",
"f": {"lang": "akk-x-neoass",
"form": "x",
"pos": "u"}
}
,
{
"node": "l",
"frag": "x]",
"id": "P313782.l0887f",
"ref": "P313782.14.7",
"inst": "u",
"f": {"lang": "akk-x-neoass",
"form": "x",
"pos": "u"}
}
,
{
"node": "d",
"type": "line-start",
"ref": "P313782.15",
"n": "2'",
"label": "r 2'"}
,
{
"node": "l",
"frag": "03",
"id": "P313782.l08880",
"ref": "P313782.15.1",
"inst": "n",
"f": {"lang": "akk-x-neoass",
"form": "03",
"pos": "n"}
}
,
{
"node": "l",
"frag": "me",
"id": "P313782.l08881",
"ref": "P313782.15.2",
"inst": "mē[hundred]NU",
"sig": "@saao/saa15%akk-x-neoass:me=meʾatu[(one) hundred//(one) hundred]NU'NU$mē",
"f": {"lang": "akk-x-neoass",
"form": "me",
"cf": "meʾatu",
"gw": "(one) hundred",
"sense": "(one) hundred",
"norm": "mē",
"pos": "NU",
"epos": "NU"}
}
,
{
"node": "l",
"frag": "[x",
"id": "P313782.l08882",
"ref": "P313782.15.3",
"inst": "u",
"f": {"lang": "akk-x-neoass",
"form": "x",
"pos": "u"}
}
,
{
"node": "l",
"frag": "x",
"id": "P313782.l08883",
"ref": "P313782.15.4",
"inst": "u",
"f": {"lang": "akk-x-neoass",
"form": "x",
"pos": "u"}
}
,
{
"node": "l",
"frag": "x",
"id": "P313782.l08884",
"ref": "P313782.15.5",
"inst": "u",
"f": {"lang": "akk-x-neoass",
"form": "x",
"pos": "u"}
}
,
{
"node": "l",
"frag": "x",
"id": "P313782.l08885",
"ref": "P313782.15.6",
"inst": "u",
"f": {"lang": "akk-x-neoass",
"form": "x",
"pos": "u"}
}
,
{
"node": "l",
"frag": "x",
"id": "P313782.l08886",
"ref": "P313782.15.7",
"inst": "u",
"f": {"lang": "akk-x-neoass",
"form": "x",
"pos": "u"}
}
,
{
"node": "l",
"frag": "x",
"id": "P313782.l08887",
"ref": "P313782.15.8",
"inst": "u",
"f": {"lang": "akk-x-neoass",
"form": "x",
"pos": "u"}
}
,
{
"node": "l",
"frag": "x",
"id": "P313782.l08888",
"ref": "P313782.15.9",
"inst": "u",
"f": {"lang": "akk-x-neoass",
"form": "x",
"pos": "u"}
}
,
{
"node": "l",
"frag": "x]",
"id": "P313782.l08889",
"ref": "P313782.15.10",
"inst": "u",
"f": {"lang": "akk-x-neoass",
"form": "x",
"pos": "u"}
}
,
{
"node": "d",
"type": "line-start",
"ref": "P313782.16",
"n": "3'",
"label": "r 3'"}
,
{
"node": "l",
"frag": "i-⸢ta⸣-[x",
"id": "P313782.l0888a",
"ref": "P313782.16.1",
"inst": "u",
"f": {"lang": "akk-x-neoass",
"form": "i-ta-x",
"pos": "u"}
}
,
{
"node": "l",
"frag": "x",
"id": "P313782.l0888b",
"ref": "P313782.16.2",
"inst": "u",
"f": {"lang": "akk-x-neoass",
"form": "x",
"pos": "u"}
}
,
{
"node": "l",
"frag": "x",
"id": "P313782.l0888c",
"ref": "P313782.16.3",
"inst": "u",
"f": {"lang": "akk-x-neoass",
"form": "x",
"pos": "u"}
}
,
{
"node": "l",
"frag": "x",
"id": "P313782.l0888d",
"ref": "P313782.16.4",
"inst": "u",
"f": {"lang": "akk-x-neoass",
"form": "x",
"pos": "u"}
}
,
{
"node": "l",
"frag": "x",
"id": "P313782.l0888e",
"ref": "P313782.16.5",
"inst": "u",
"f": {"lang": "akk-x-neoass",
"form": "x",
"pos": "u"}
}
,
{
"node": "l",
"frag": "x",
"id": "P313782.l0888f",
"ref": "P313782.16.6",
"inst": "u",
"f": {"lang": "akk-x-neoass",
"form": "x",
"pos": "u"}
}
,
{
"node": "l",
"frag": "x",
"id": "P313782.l08890",
"ref": "P313782.16.7",
"inst": "u",
"f": {"lang": "akk-x-neoass",
"form": "x",
"pos": "u"}
}
,
{
"node": "l",
"frag": "x]",
"id": "P313782.l08891",
"ref": "P313782.16.8",
"inst": "u",
"f": {"lang": "akk-x-neoass",
"form": "x",
"pos": "u"}
}
,
{
"node": "d",
"type": "line-start",
"ref": "P313782.17",
"n": "4'",
"label": "r 4'"}
,
{
"node": "l",
"frag": "a-⸢na⸣",
"id": "P313782.l08892",
"ref": "P313782.17.1",
"inst": "ana[to]PRP",
"sig": "@saao/saa15%akk-x-neoass:a-na=ana[to//to]PRP'PRP$ana",
"f": {"lang": "akk-x-neoass",
"form": "a-na",
"cf": "ana",
"gw": "to",
"sense": "to",
"norm": "ana",
"pos": "PRP",
"epos": "PRP"}
}
,
{
"node": "l",
"frag": "[x",
"id": "P313782.l08893",
"ref": "P313782.17.2",
"inst": "u",
"f": {"lang": "akk-x-neoass",
"form": "x",
"pos": "u"}
}
,
{
"node": "l",
"frag": "x",
"id": "P313782.l08894",
"ref": "P313782.17.3",
"inst": "u",
"f": {"lang": "akk-x-neoass",
"form": "x",
"pos": "u"}
}
,
{
"node": "l",
"frag": "x",
"id": "P313782.l08895",
"ref": "P313782.17.4",
"inst": "u",
"f": {"lang": "akk-x-neoass",
"form": "x",
"pos": "u"}
}
,
{
"node": "l",
"frag": "x",
"id": "P313782.l08896",
"ref": "P313782.17.5",
"inst": "u",
"f": {"lang": "akk-x-neoass",
"form": "x",
"pos": "u"}
}
,
{
"node": "l",
"frag": "x",
"id": "P313782.l08897",
"ref": "P313782.17.6",
"inst": "u",
"f": {"lang": "akk-x-neoass",
"form": "x",
"pos": "u"}
}
,
{
"node": "l",
"frag": "x",
"id": "P313782.l08898",
"ref": "P313782.17.7",
"inst": "u",
"f": {"lang": "akk-x-neoass",
"form": "x",
"pos": "u"}
}
,
{
"node": "l",
"frag": "x",
"id": "P313782.l08899",
"ref": "P313782.17.8",
"inst": "u",
"f": {"lang": "akk-x-neoass",
"form": "x",
"pos": "u"}
}
,
{
"node": "l",
"frag": "x]",
"id": "P313782.l0889a",
"ref": "P313782.17.9",
"inst": "u",
"f": {"lang": "akk-x-neoass",
"form": "x",
"pos": "u"}
}
,
{
"node": "d",
"type": "line-start",
"ref": "P313782.18",
"n": "5'",
"label": "r 5'"}
,
{
"node": "l",
"frag": "a-hi-⸢x⸣+[x",
"id": "P313782.l0889b",
"ref": "P313782.18.1",
"inst": "u",
"f": {"lang": "akk-x-neoass",
"form": "a-hi-x+x",
"pos": "u"}
}
,
{
"node": "l",
"frag": "x",
"id": "P313782.l0889c",
"ref": "P313782.18.2",
"inst": "u",
"f": {"lang": "akk-x-neoass",
"form": "x",
"pos": "u"}
}
,
{
"node": "l",
"frag": "x",
"id": "P313782.l0889d",
"ref": "P313782.18.3",
"inst": "u",
"f": {"lang": "akk-x-neoass",
"form": "x",
"pos": "u"}
}
,
{
"node": "l",
"frag": "x",
"id": "P313782.l0889e",
"ref": "P313782.18.4",
"inst": "u",
"f": {"lang": "akk-x-neoass",
"form": "x",
"pos": "u"}
}
,
{
"node": "l",
"frag": "x",
"id": "P313782.l0889f",
"ref": "P313782.18.5",
"inst": "u",
"f": {"lang": "akk-x-neoass",
"form": "x",
"pos": "u"}
}
,
{
"node": "l",
"frag": "x",
"id": "P313782.l088a0",
"ref": "P313782.18.6",
"inst": "u",
"f": {"lang": "akk-x-neoass",
"form": "x",
"pos": "u"}
}
,
{
"node": "l",
"frag": "x",
"id": "P313782.l088a1",
"ref": "P313782.18.7",
"inst": "u",
"f": {"lang": "akk-x-neoass",
"form": "x",
"pos": "u"}
}
,
{
"node": "l",
"frag": "x]",
"id": "P313782.l088a2",
"ref": "P313782.18.8",
"inst": "u",
"f": {"lang": "akk-x-neoass",
"form": "x",
"pos": "u"}
}
,
{
"node": "d",
"type": "line-start",
"ref": "P313782.19",
"n": "6'",
"label": "r 6'"}
,
{
"node": "l",
"frag": "u₂-[x",
"id": "P313782.l088a3",
"ref": "P313782.19.1",
"inst": "u",
"f": {"lang": "akk-x-neoass",
"form": "u₂-x",
"pos": "u"}
}
,
{
"node": "l",
"frag": "x",
"id": "P313782.l088a4",
"ref": "P313782.19.2",
"inst": "u",
"f": {"lang": "akk-x-neoass",
"form": "x",
"pos": "u"}
}
,
{
"node": "l",
"frag": "x",
"id": "P313782.l088a5",
"ref": "P313782.19.3",
"inst": "u",
"f": {"lang": "akk-x-neoass",
"form": "x",
"pos": "u"}
}
,
{
"node": "l",
"frag": "x",
"id": "P313782.l088a6",
"ref": "P313782.19.4",
"inst": "u",
"f": {"lang": "akk-x-neoass",
"form": "x",
"pos": "u"}
}
,
{
"node": "l",
"frag": "x",
"id": "P313782.l088a7",
"ref": "P313782.19.5",
"inst": "u",
"f": {"lang": "akk-x-neoass",
"form": "x",
"pos": "u"}
}
,
{
"node": "l",
"frag": "x",
"id": "P313782.l088a8",
"ref": "P313782.19.6",
"inst": "u",
"f": {"lang": "akk-x-neoass",
"form": "x",
"pos": "u"}
}
,
{
"node": "l",
"frag": "x",
"id": "P313782.l088a9",
"ref": "P313782.19.7",
"inst": "u",
"f": {"lang": "akk-x-neoass",
"form": "x",
"pos": "u"}
}
,
{
"node": "l",
"frag": "x",
"id": "P313782.l088aa",
"ref": "P313782.19.8",
"inst": "u",
"f": {"lang": "akk-x-neoass",
"form": "x",
"pos": "u"}
}
,
{
"node": "l",
"frag": "x]",
"id": "P313782.l088ab",
"ref": "P313782.19.9",
"inst": "u",
"f": {"lang": "akk-x-neoass",
"form": "x",
"pos": "u"}
}
,
{
"node": "d",
"type": "line-start",
"ref": "P313782.20",
"n": "7'",
"label": "r 7'"}
,
{
"node": "l",
"frag": "⸢x⸣",
"id": "P313782.l088ac",
"ref": "P313782.20.1",
"inst": "u",
"f": {"lang": "akk-x-neoass",
"form": "x",
"pos": "u"}
}
,
{
"node": "l",
"frag": "[x",
"id": "P313782.l088ad",
"ref": "P313782.20.2",
"inst": "u",
"f": {"lang": "akk-x-neoass",
"form": "x",
"pos": "u"}
}
,
{
"node": "l",
"frag": "x",
"id": "P313782.l088ae",
"ref": "P313782.20.3",
"inst": "u",
"f": {"lang": "akk-x-neoass",
"form": "x",
"pos": "u"}
}
,
{
"node": "l",
"frag": "x",
"id": "P313782.l088af",
"ref": "P313782.20.4",
"inst": "u",
"f": {"lang": "akk-x-neoass",
"form": "x",
"pos": "u"}
}
,
{
"node": "l",
"frag": "x",
"id": "P313782.l088b0",
"ref": "P313782.20.5",
"inst": "u",
"f": {"lang": "akk-x-neoass",
"form": "x",
"pos": "u"}
}
,
{
"node": "l",
"frag": "x",
"id": "P313782.l088b1",
"ref": "P313782.20.6",
"inst": "u",
"f": {"lang": "akk-x-neoass",
"form": "x",
"pos": "u"}
}
,
{
"node": "l",
"frag": "x",
"id": "P313782.l088b2",
"ref": "P313782.20.7",
"inst": "u",
"f": {"lang": "akk-x-neoass",
"form": "x",
"pos": "u"}
}
,
{
"node": "l",
"frag": "x",
"id": "P313782.l088b3",
"ref": "P313782.20.8",
"inst": "u",
"f": {"lang": "akk-x-neoass",
"form": "x",
"pos": "u"}
}
,
{
"node": "l",
"frag": "x",
"id": "P313782.l088b4",
"ref": "P313782.20.9",
"inst": "u",
"f": {"lang": "akk-x-neoass",
"form": "x",
"pos": "u"}
}
,
{
"node": "l",
"frag": "x]",
"id": "P313782.l088b5",
"ref": "P313782.20.10",
"inst": "u",
"f": {"lang": "akk-x-neoass",
"form": "x",
"pos": "u"}
}
,
{
"node": "d",
"type": "nonx",
"ref": "P313782.21",
"strict": "0",
"extent": "rest",
"state": "missing"}
]}
]}
]}
]}
