{
"type": "cdl",
  "source": "http://oracc.org/saao/saa15",
  "license": "This data is released under the CC0 license",
  "license-url": "https://creativecommons.org/publicdomain/zero/1.0/",
  "more-info": "http://oracc.org/doc/opendata/",
  "UTC-timestamp": "2017-05-19T11:53:12",
"project": "saao/saa15",
"textid": "P313770",
"cdl": [
{
"node": "c",
"type": "text",
"id": "P313770.U0",
"cdl": [
{
"node": "d",
"type": "object",
"ref": ""}
,
{
"node": "d",
"subtype": "obverse",
"type": "surface",
"ref": "P313770.o.1",
"type": "obverse",
"label": "o"}
,
{
"node": "d",
"type": "nonx",
"ref": "P313770.2",
"strict": "0",
"extent": "beginning",
"state": "missing"}
,
{
"node": "c",
"type": "discourse",
"subtype": "body",
"id": "P313770.U1",
"cdl": [
{
"node": "c",
"type": "sentence",
"id": "P313770.U2",
"label": "o 1' - r 5",
"cdl": [
{
"node": "d",
"type": "line-start",
"ref": "P313770.3",
"n": "1'",
"label": "o 1'"}
,
{
"node": "l",
"frag": "šum-[ma",
"id": "P313770.l008f5",
"ref": "P313770.3.1",
"inst": "šumma[if]MOD",
"sig": "@saao/saa15%akk-x-neoass:šum-ma=šumma[if//if]MOD'MOD$šumma",
"f": {"lang": "akk-x-neoass",
"form": "šum-ma",
"cf": "šumma",
"gw": "if",
"sense": "if",
"norm": "šumma",
"pos": "MOD",
"epos": "MOD"}
}
,
{
"node": "l",
"frag": "x",
"id": "P313770.l008f6",
"ref": "P313770.3.2",
"inst": "u",
"f": {"lang": "akk-x-neoass",
"form": "x",
"pos": "u"}
}
,
{
"node": "l",
"frag": "x",
"id": "P313770.l008f7",
"ref": "P313770.3.3",
"inst": "u",
"f": {"lang": "akk-x-neoass",
"form": "x",
"pos": "u"}
}
,
{
"node": "l",
"frag": "x",
"id": "P313770.l008f8",
"ref": "P313770.3.4",
"inst": "u",
"f": {"lang": "akk-x-neoass",
"form": "x",
"pos": "u"}
}
,
{
"node": "l",
"frag": "x",
"id": "P313770.l008f9",
"ref": "P313770.3.5",
"inst": "u",
"f": {"lang": "akk-x-neoass",
"form": "x",
"pos": "u"}
}
,
{
"node": "l",
"frag": "x",
"id": "P313770.l008fa",
"ref": "P313770.3.6",
"inst": "u",
"f": {"lang": "akk-x-neoass",
"form": "x",
"pos": "u"}
}
,
{
"node": "l",
"frag": "x]",
"id": "P313770.l008fb",
"ref": "P313770.3.7",
"inst": "u",
"f": {"lang": "akk-x-neoass",
"form": "x",
"pos": "u"}
}
,
{
"node": "d",
"type": "line-start",
"ref": "P313770.4",
"n": "2'",
"label": "o 2'"}
,
{
"node": "l",
"frag": "ina",
"id": "P313770.l008fc",
"ref": "P313770.4.1",
"inst": "ina[in]PRP",
"sig": "@saao/saa15%akk-x-neoass:ina=ina[in//in]PRP'PRP$ina",
"f": {"lang": "akk-x-neoass",
"form": "ina",
"cf": "ina",
"gw": "in",
"sense": "in",
"norm": "ina",
"pos": "PRP",
"epos": "PRP"}
}
,
{
"node": "l",
"frag": "KUR-⸢e⸣",
"id": "P313770.l008fd",
"ref": "P313770.4.2",
"inst": "šadê[mountain]N",
"sig": "@saao/saa15%akk-x-neoass:KUR-e=šadû[mountain//mountain]N'N$šadê",
"f": {"lang": "akk-x-neoass",
"form": "KUR-e",
"cf": "šadû",
"gw": "mountain",
"sense": "mountain",
"norm": "šadê",
"pos": "N",
"epos": "N"}
}
,
{
"node": "l",
"frag": "[x",
"id": "P313770.l008fe",
"ref": "P313770.4.3",
"inst": "u",
"f": {"lang": "akk-x-neoass",
"form": "x",
"pos": "u"}
}
,
{
"node": "l",
"frag": "x",
"id": "P313770.l008ff",
"ref": "P313770.4.4",
"inst": "u",
"f": {"lang": "akk-x-neoass",
"form": "x",
"pos": "u"}
}
,
{
"node": "l",
"frag": "x",
"id": "P313770.l00900",
"ref": "P313770.4.5",
"inst": "u",
"f": {"lang": "akk-x-neoass",
"form": "x",
"pos": "u"}
}
,
{
"node": "l",
"frag": "x",
"id": "P313770.l00901",
"ref": "P313770.4.6",
"inst": "u",
"f": {"lang": "akk-x-neoass",
"form": "x",
"pos": "u"}
}
,
{
"node": "l",
"frag": "x]",
"id": "P313770.l00902",
"ref": "P313770.4.7",
"inst": "u",
"f": {"lang": "akk-x-neoass",
"form": "x",
"pos": "u"}
}
,
{
"node": "d",
"type": "line-start",
"ref": "P313770.5",
"n": "3'",
"label": "o 3'"}
,
{
"node": "l",
"frag": "qa-an-ni\\d",
"id": "P313770.l00903",
"ref": "P313770.5.1",
"inst": "qanni[near]'PRP",
"sig": "@saao/saa15%akk-x-neoass:qa-an-ni=qannu[fringe//near]N'PRP$qanni",
"f": {"lang": "akk-x-neoass",
"form": "qa-an-ni",
"cf": "qannu",
"gw": "fringe",
"sense": "near",
"norm": "qanni",
"pos": "N",
"epos": "PRP"}
}
,
{
"node": "l",
"frag": "[x",
"id": "P313770.l00904",
"ref": "P313770.5.2",
"inst": "u",
"f": {"lang": "akk-x-neoass",
"form": "x",
"pos": "u"}
}
,
{
"node": "l",
"frag": "x",
"id": "P313770.l00905",
"ref": "P313770.5.3",
"inst": "u",
"f": {"lang": "akk-x-neoass",
"form": "x",
"pos": "u"}
}
,
{
"node": "l",
"frag": "x",
"id": "P313770.l00906",
"ref": "P313770.5.4",
"inst": "u",
"f": {"lang": "akk-x-neoass",
"form": "x",
"pos": "u"}
}
,
{
"node": "l",
"frag": "x",
"id": "P313770.l00907",
"ref": "P313770.5.5",
"inst": "u",
"f": {"lang": "akk-x-neoass",
"form": "x",
"pos": "u"}
}
,
{
"node": "l",
"frag": "x]",
"id": "P313770.l00908",
"ref": "P313770.5.6",
"inst": "u",
"f": {"lang": "akk-x-neoass",
"form": "x",
"pos": "u"}
}
,
{
"node": "d",
"type": "line-start",
"ref": "P313770.6",
"n": "4'",
"label": "o 4'"}
,
{
"node": "l",
"frag": "GIŠ-MEŠ\\m",
"id": "P313770.l00909",
"ref": "P313770.6.1",
"inst": "ēṣē[tree]N",
"sig": "@saao/saa15%akk-x-neoass:GIŠ-MEŠ=iṣu[tree//tree]N'N$ēṣē",
"f": {"lang": "akk-x-neoass",
"form": "GIŠ-MEŠ",
"cf": "iṣu",
"gw": "tree",
"sense": "tree",
"norm": "ēṣē",
"pos": "N",
"epos": "N"}
}
,
{
"node": "l",
"frag": "⸢x⸣+[x",
"id": "P313770.l0090a",
"ref": "P313770.6.2",
"inst": "u",
"f": {"lang": "akk-x-neoass",
"form": "x+x",
"pos": "u"}
}
,
{
"node": "l",
"frag": "x",
"id": "P313770.l0090b",
"ref": "P313770.6.3",
"inst": "u",
"f": {"lang": "akk-x-neoass",
"form": "x",
"pos": "u"}
}
,
{
"node": "l",
"frag": "x",
"id": "P313770.l0090c",
"ref": "P313770.6.4",
"inst": "u",
"f": {"lang": "akk-x-neoass",
"form": "x",
"pos": "u"}
}
,
{
"node": "l",
"frag": "x]",
"id": "P313770.l0090d",
"ref": "P313770.6.5",
"inst": "u",
"f": {"lang": "akk-x-neoass",
"form": "x",
"pos": "u"}
}
,
{
"node": "d",
"type": "line-start",
"ref": "P313770.7",
"n": "5'",
"label": "o 5'"}
,
{
"node": "l",
"frag": "UD",
"id": "P313770.l0090e",
"ref": "P313770.7.1",
"inst": "ūm[day]N",
"sig": "@saao/saa15%akk-x-neoass:UD=ūmu[day//day]N'N$ūm",
"f": {"lang": "akk-x-neoass",
"form": "UD",
"cf": "ūmu",
"gw": "day",
"sense": "day",
"norm": "ūm",
"pos": "N",
"epos": "N"}
}
,
{
"node": "l",
"frag": "03-KAM₂\\t",
"id": "P313770.l0090f",
"ref": "P313770.7.2",
"inst": "n",
"f": {"lang": "akk-x-neoass",
"form": "03-KAM₂",
"pos": "n"}
}
,
{
"node": "l",
"frag": "[x",
"id": "P313770.l00910",
"ref": "P313770.7.3",
"inst": "u",
"f": {"lang": "akk-x-neoass",
"form": "x",
"pos": "u"}
}
,
{
"node": "l",
"frag": "x",
"id": "P313770.l00911",
"ref": "P313770.7.4",
"inst": "u",
"f": {"lang": "akk-x-neoass",
"form": "x",
"pos": "u"}
}
,
{
"node": "l",
"frag": "x",
"id": "P313770.l00912",
"ref": "P313770.7.5",
"inst": "u",
"f": {"lang": "akk-x-neoass",
"form": "x",
"pos": "u"}
}
,
{
"node": "l",
"frag": "x",
"id": "P313770.l00913",
"ref": "P313770.7.6",
"inst": "u",
"f": {"lang": "akk-x-neoass",
"form": "x",
"pos": "u"}
}
,
{
"node": "l",
"frag": "x]",
"id": "P313770.l00914",
"ref": "P313770.7.7",
"inst": "u",
"f": {"lang": "akk-x-neoass",
"form": "x",
"pos": "u"}
}
,
{
"node": "d",
"type": "line-start",
"ref": "P313770.8",
"n": "6'",
"label": "o 6'"}
,
{
"node": "l",
"frag": "e-⸢hu-za⸣-[x",
"id": "P313770.l00915",
"ref": "P313770.8.1",
"inst": "u",
"f": {"lang": "akk-x-neoass",
"form": "e-hu-za-x",
"pos": "u"}
}
,
{
"node": "l",
"frag": "x",
"id": "P313770.l00916",
"ref": "P313770.8.2",
"inst": "u",
"f": {"lang": "akk-x-neoass",
"form": "x",
"pos": "u"}
}
,
{
"node": "l",
"frag": "x",
"id": "P313770.l00917",
"ref": "P313770.8.3",
"inst": "u",
"f": {"lang": "akk-x-neoass",
"form": "x",
"pos": "u"}
}
,
{
"node": "l",
"frag": "x",
"id": "P313770.l00918",
"ref": "P313770.8.4",
"inst": "u",
"f": {"lang": "akk-x-neoass",
"form": "x",
"pos": "u"}
}
,
{
"node": "l",
"frag": "x]",
"id": "P313770.l00919",
"ref": "P313770.8.5",
"inst": "u",
"f": {"lang": "akk-x-neoass",
"form": "x",
"pos": "u"}
}
,
{
"node": "d",
"type": "line-start",
"ref": "P313770.9",
"n": "7'",
"label": "o 7'"}
,
{
"node": "l",
"frag": "⸢x⸣+[x",
"id": "P313770.l0091a",
"ref": "P313770.9.1",
"inst": "u",
"f": {"lang": "akk-x-neoass",
"form": "x+x",
"pos": "u"}
}
,
{
"node": "l",
"frag": "x",
"id": "P313770.l0091b",
"ref": "P313770.9.2",
"inst": "u",
"f": {"lang": "akk-x-neoass",
"form": "x",
"pos": "u"}
}
,
{
"node": "l",
"frag": "x",
"id": "P313770.l0091c",
"ref": "P313770.9.3",
"inst": "u",
"f": {"lang": "akk-x-neoass",
"form": "x",
"pos": "u"}
}
,
{
"node": "l",
"frag": "x",
"id": "P313770.l0091d",
"ref": "P313770.9.4",
"inst": "u",
"f": {"lang": "akk-x-neoass",
"form": "x",
"pos": "u"}
}
,
{
"node": "l",
"frag": "x",
"id": "P313770.l0091e",
"ref": "P313770.9.5",
"inst": "u",
"f": {"lang": "akk-x-neoass",
"form": "x",
"pos": "u"}
}
,
{
"node": "l",
"frag": "x",
"id": "P313770.l0091f",
"ref": "P313770.9.6",
"inst": "u",
"f": {"lang": "akk-x-neoass",
"form": "x",
"pos": "u"}
}
,
{
"node": "l",
"frag": "x]",
"id": "P313770.l00920",
"ref": "P313770.9.7",
"inst": "u",
"f": {"lang": "akk-x-neoass",
"form": "x",
"pos": "u"}
}
,
{
"node": "d",
"subtype": "bottom",
"type": "surface",
"ref": "P313770.b.e..10",
"type": "bottom",
"label": "b.e."}
,
{
"node": "d",
"type": "nonx",
"ref": "P313770.11",
"strict": "0",
"state": "other"}
,
{
"node": "d",
"subtype": "reverse",
"type": "surface",
"ref": "P313770.r.12",
"type": "reverse",
"label": "r"}
,
{
"node": "d",
"type": "line-start",
"ref": "P313770.13",
"n": "1",
"label": "r 1"}
,
{
"node": "l",
"frag": "[x",
"id": "P313770.l00921",
"ref": "P313770.13.1",
"inst": "u",
"f": {"lang": "akk-x-neoass",
"form": "x",
"pos": "u"}
}
,
{
"node": "l",
"frag": "x",
"id": "P313770.l00922",
"ref": "P313770.13.2",
"inst": "u",
"f": {"lang": "akk-x-neoass",
"form": "x",
"pos": "u"}
}
,
{
"node": "l",
"frag": "x",
"id": "P313770.l00923",
"ref": "P313770.13.3",
"inst": "u",
"f": {"lang": "akk-x-neoass",
"form": "x",
"pos": "u"}
}
,
{
"node": "l",
"frag": "x",
"id": "P313770.l00924",
"ref": "P313770.13.4",
"inst": "u",
"f": {"lang": "akk-x-neoass",
"form": "x",
"pos": "u"}
}
,
{
"node": "l",
"frag": "x",
"id": "P313770.l00925",
"ref": "P313770.13.5",
"inst": "u",
"f": {"lang": "akk-x-neoass",
"form": "x",
"pos": "u"}
}
,
{
"node": "l",
"frag": "x",
"id": "P313770.l00926",
"ref": "P313770.13.6",
"inst": "u",
"f": {"lang": "akk-x-neoass",
"form": "x",
"pos": "u"}
}
,
{
"node": "l",
"frag": "x",
"id": "P313770.l00927",
"ref": "P313770.13.7",
"inst": "u",
"f": {"lang": "akk-x-neoass",
"form": "x",
"pos": "u"}
}
,
{
"node": "l",
"frag": "x]",
"id": "P313770.l00928",
"ref": "P313770.13.8",
"inst": "u",
"f": {"lang": "akk-x-neoass",
"form": "x",
"pos": "u"}
}
,
{
"node": "d",
"type": "line-start",
"ref": "P313770.14",
"n": "2",
"label": "r 2"}
,
{
"node": "l",
"frag": "ša\\yd",
"id": "P313770.l00929",
"ref": "P313770.14.1",
"inst": "ša[of]DET",
"sig": "@saao/saa15%akk-x-neoass:ša=ša[of//of]DET'DET$ša",
"f": {"lang": "akk-x-neoass",
"form": "ša",
"cf": "ša",
"gw": "of",
"sense": "of",
"norm": "ša",
"pos": "DET",
"epos": "DET"}
}
,
{
"node": "l",
"frag": "[x",
"id": "P313770.l0092a",
"ref": "P313770.14.2",
"inst": "u",
"f": {"lang": "akk-x-neoass",
"form": "x",
"pos": "u"}
}
,
{
"node": "l",
"frag": "x",
"id": "P313770.l0092b",
"ref": "P313770.14.3",
"inst": "u",
"f": {"lang": "akk-x-neoass",
"form": "x",
"pos": "u"}
}
,
{
"node": "l",
"frag": "x",
"id": "P313770.l0092c",
"ref": "P313770.14.4",
"inst": "u",
"f": {"lang": "akk-x-neoass",
"form": "x",
"pos": "u"}
}
,
{
"node": "l",
"frag": "x",
"id": "P313770.l0092d",
"ref": "P313770.14.5",
"inst": "u",
"f": {"lang": "akk-x-neoass",
"form": "x",
"pos": "u"}
}
,
{
"node": "l",
"frag": "x",
"id": "P313770.l0092e",
"ref": "P313770.14.6",
"inst": "u",
"f": {"lang": "akk-x-neoass",
"form": "x",
"pos": "u"}
}
,
{
"node": "l",
"frag": "x",
"id": "P313770.l0092f",
"ref": "P313770.14.7",
"inst": "u",
"f": {"lang": "akk-x-neoass",
"form": "x",
"pos": "u"}
}
,
{
"node": "l",
"frag": "x]",
"id": "P313770.l00930",
"ref": "P313770.14.8",
"inst": "u",
"f": {"lang": "akk-x-neoass",
"form": "x",
"pos": "u"}
}
,
{
"node": "d",
"type": "line-start",
"ref": "P313770.15",
"n": "3",
"label": "r 3"}
,
{
"node": "l",
"frag": "<$x",
"id": "P313770.l00931",
"ref": "P313770.15.1",
"inst": "u",
"f": {"lang": "akk-x-neoass",
"form": "x",
"pos": "u"}
}
,
{
"node": "l",
"frag": "x",
"id": "P313770.l00932",
"ref": "P313770.15.2",
"inst": "u",
"f": {"lang": "akk-x-neoass",
"form": "x",
"pos": "u"}
}
,
{
"node": "l",
"frag": "x$>",
"id": "P313770.l00933",
"ref": "P313770.15.3",
"inst": "u",
"f": {"lang": "akk-x-neoass",
"form": "x",
"pos": "u"}
}
,
{
"node": "l",
"frag": "[x",
"id": "P313770.l00934",
"ref": "P313770.15.4",
"inst": "u",
"f": {"lang": "akk-x-neoass",
"form": "x",
"pos": "u"}
}
,
{
"node": "l",
"frag": "x",
"id": "P313770.l00935",
"ref": "P313770.15.5",
"inst": "u",
"f": {"lang": "akk-x-neoass",
"form": "x",
"pos": "u"}
}
,
{
"node": "l",
"frag": "x",
"id": "P313770.l00936",
"ref": "P313770.15.6",
"inst": "u",
"f": {"lang": "akk-x-neoass",
"form": "x",
"pos": "u"}
}
,
{
"node": "l",
"frag": "x",
"id": "P313770.l00937",
"ref": "P313770.15.7",
"inst": "u",
"f": {"lang": "akk-x-neoass",
"form": "x",
"pos": "u"}
}
,
{
"node": "l",
"frag": "x]",
"id": "P313770.l00938",
"ref": "P313770.15.8",
"inst": "u",
"f": {"lang": "akk-x-neoass",
"form": "x",
"pos": "u"}
}
,
{
"node": "d",
"type": "line-start",
"ref": "P313770.16",
"n": "4",
"label": "r 4"}
,
{
"node": "l",
"frag": "<$LU₂~v$>.EN-⸢pi⸣-[x",
"id": "P313770.l00939",
"ref": "P313770.16.1",
"inst": "u",
"f": {"lang": "akk-x-neoass",
"form": "LU₂.EN-pi-x",
"pos": "u"}
}
,
{
"node": "l",
"frag": "x",
"id": "P313770.l0093a",
"ref": "P313770.16.2",
"inst": "u",
"f": {"lang": "akk-x-neoass",
"form": "x",
"pos": "u"}
}
,
{
"node": "l",
"frag": "x]",
"id": "P313770.l0093b",
"ref": "P313770.16.3",
"inst": "u",
"f": {"lang": "akk-x-neoass",
"form": "x",
"pos": "u"}
}
,
{
"node": "d",
"type": "line-start",
"ref": "P313770.17",
"n": "5",
"label": "r 5"}
,
{
"node": "l",
"frag": "⸢x⸣+[x",
"id": "P313770.l0093c",
"ref": "P313770.17.1",
"inst": "u",
"f": {"lang": "akk-x-neoass",
"form": "x+x",
"pos": "u"}
}
,
{
"node": "l",
"frag": "x",
"id": "P313770.l0093d",
"ref": "P313770.17.2",
"inst": "u",
"f": {"lang": "akk-x-neoass",
"form": "x",
"pos": "u"}
}
,
{
"node": "l",
"frag": "x",
"id": "P313770.l0093e",
"ref": "P313770.17.3",
"inst": "u",
"f": {"lang": "akk-x-neoass",
"form": "x",
"pos": "u"}
}
,
{
"node": "l",
"frag": "x",
"id": "P313770.l0093f",
"ref": "P313770.17.4",
"inst": "u",
"f": {"lang": "akk-x-neoass",
"form": "x",
"pos": "u"}
}
,
{
"node": "l",
"frag": "x",
"id": "P313770.l00940",
"ref": "P313770.17.5",
"inst": "u",
"f": {"lang": "akk-x-neoass",
"form": "x",
"pos": "u"}
}
,
{
"node": "l",
"frag": "x",
"id": "P313770.l00941",
"ref": "P313770.17.6",
"inst": "u",
"f": {"lang": "akk-x-neoass",
"form": "x",
"pos": "u"}
}
,
{
"node": "l",
"frag": "x",
"id": "P313770.l00942",
"ref": "P313770.17.7",
"inst": "u",
"f": {"lang": "akk-x-neoass",
"form": "x",
"pos": "u"}
}
,
{
"node": "l",
"frag": "x]",
"id": "P313770.l00943",
"ref": "P313770.17.8",
"inst": "u",
"f": {"lang": "akk-x-neoass",
"form": "x",
"pos": "u"}
}
,
{
"node": "d",
"type": "nonx",
"ref": "P313770.18",
"strict": "0",
"extent": "rest",
"state": "missing"}
]}
]}
]}
]}
