{
"type": "cdl",
  "source": "http://oracc.org/saao/saa15",
  "license": "This data is released under the CC0 license",
  "license-url": "https://creativecommons.org/publicdomain/zero/1.0/",
  "more-info": "http://oracc.org/doc/opendata/",
  "UTC-timestamp": "2017-05-19T11:53:02",
"project": "saao/saa15",
"textid": "P313486",
"cdl": [
{
"node": "c",
"type": "text",
"id": "P313486.U0",
"cdl": [
{
"node": "d",
"type": "object",
"ref": ""}
,
{
"node": "d",
"subtype": "obverse",
"type": "surface",
"ref": "P313486.o.1",
"type": "obverse",
"label": "o"}
,
{
"node": "c",
"type": "discourse",
"subtype": "body",
"id": "P313486.U1",
"cdl": [
{
"node": "c",
"type": "sentence",
"id": "P313486.U2",
"label": "o 1 - o 12",
"cdl": [
{
"node": "d",
"type": "line-start",
"ref": "P313486.2",
"n": "1",
"label": "o 1"}
,
{
"node": "l",
"frag": "[a-na]",
"id": "P313486.l07452",
"ref": "P313486.2.1",
"inst": "ana[to]PRP",
"sig": "@saao/saa15%akk-x-neoass:a-na=ana[to//to]PRP'PRP$ana",
"f": {"lang": "akk-x-neoass",
"form": "a-na",
"cf": "ana",
"gw": "to",
"sense": "to",
"norm": "ana",
"pos": "PRP",
"epos": "PRP"}
}
,
{
"node": "l",
"frag": "⸢LUGAL⸣",
"id": "P313486.l07453",
"ref": "P313486.2.2",
"inst": "šarri[king]N",
"sig": "@saao/saa15%akk-x-neoass:LUGAL=šarru[king//king]N'N$šarri",
"f": {"lang": "akk-x-neoass",
"form": "LUGAL",
"cf": "šarru",
"gw": "king",
"sense": "king",
"norm": "šarri",
"pos": "N",
"epos": "N"}
}
,
{
"node": "l",
"frag": "be-[li₂-ia]",
"id": "P313486.l07454",
"ref": "P313486.2.3",
"inst": "bēlīya[lord]N",
"sig": "@saao/saa15%akk-x-neoass:be-li₂-ia=bēlu[lord//lord]N'N$bēlīya",
"f": {"lang": "akk-x-neoass",
"form": "be-li₂-ia",
"cf": "bēlu",
"gw": "lord",
"sense": "lord",
"norm": "bēlīya",
"pos": "N",
"epos": "N"}
}
,
{
"node": "d",
"type": "line-start",
"ref": "P313486.3",
"n": "2",
"label": "o 2"}
,
{
"node": "l",
"frag": "[ARAD-ka]",
"id": "P313486.l07455",
"ref": "P313486.3.1",
"inst": "urdaka[servant]N",
"sig": "@saao/saa15%akk-x-neoass:ARAD-ka=ardu[slave//servant]N'N$urdaka",
"f": {"lang": "akk-x-neoass",
"form": "ARAD-ka",
"cf": "ardu",
"gw": "slave",
"sense": "servant",
"norm": "urdaka",
"pos": "N",
"epos": "N"}
}
,
{
"node": "l",
"frag": "{1}{d}U.GUR-[x",
"id": "P313486.l07456",
"ref": "P313486.3.2",
"inst": "u",
"f": {"lang": "akk-x-neoass",
"form": "{1}{d}U.GUR-x",
"pos": "u"}
}
,
{
"node": "l",
"frag": "x]",
"id": "P313486.l07457",
"ref": "P313486.3.3",
"inst": "u",
"f": {"lang": "akk-x-neoass",
"form": "x",
"pos": "u"}
}
,
{
"node": "d",
"type": "nonx",
"ref": "P313486.4",
"strict": "1",
"extent": "n",
"scope": "line",
"state": "ruling"}
,
{
"node": "d",
"type": "line-start",
"ref": "P313486.5",
"n": "3",
"label": "o 3"}
,
{
"node": "l",
"frag": "[lu]",
"id": "P313486.l07458",
"ref": "P313486.5.1",
"inst": "lū[may]MOD",
"sig": "@saao/saa15%akk-x-neoass:lu=lū[may//may]MOD'MOD$lū",
"f": {"lang": "akk-x-neoass",
"form": "lu",
"cf": "lū",
"gw": "may",
"sense": "may",
"norm": "lū",
"pos": "MOD",
"epos": "MOD"}
}
,
{
"node": "l",
"frag": "DI-mu",
"id": "P313486.l07459",
"ref": "P313486.5.2",
"inst": "šulmu[health]N",
"sig": "@saao/saa15%akk-x-neoass:DI-mu=šulmu[completeness//health]N'N$šulmu",
"f": {"lang": "akk-x-neoass",
"form": "DI-mu",
"cf": "šulmu",
"gw": "completeness",
"sense": "health",
"norm": "šulmu",
"pos": "N",
"epos": "N"}
}
,
{
"node": "l",
"frag": "a-na\\d",
"id": "P313486.l0745a",
"ref": "P313486.5.3",
"inst": "ana[to]PRP",
"sig": "@saao/saa15%akk-x-neoass:a-na=ana[to//to]PRP'PRP$ana",
"f": {"lang": "akk-x-neoass",
"form": "a-na",
"cf": "ana",
"gw": "to",
"sense": "to",
"norm": "ana",
"pos": "PRP",
"epos": "PRP"}
}
,
{
"node": "l",
"frag": "LUGAL",
"id": "P313486.l0745b",
"ref": "P313486.5.4",
"inst": "šarri[king]N",
"sig": "@saao/saa15%akk-x-neoass:LUGAL=šarru[king//king]N'N$šarri",
"f": {"lang": "akk-x-neoass",
"form": "LUGAL",
"cf": "šarru",
"gw": "king",
"sense": "king",
"norm": "šarri",
"pos": "N",
"epos": "N"}
}
,
{
"node": "l",
"frag": "[EN-ia]",
"id": "P313486.l0745c",
"ref": "P313486.5.5",
"inst": "!bēlīya[lord]N",
"sig": "@saao/saa15%akk-x-neoass:EN-ia=bēlu[lord//lord]N'N$bēlīya",
"f": {"lang": "akk-x-neoass",
"form": "EN-ia",
"cf": "bēlu",
"gw": "lord",
"sense": "lord",
"norm": "bēlīya",
"pos": "N",
"epos": "N"}
}
,
{
"node": "d",
"type": "line-start",
"ref": "P313486.6",
"n": "4",
"label": "o 4"}
,
{
"node": "l",
"frag": "{⸢giš⸣}GIGIR-MEŠ\\m",
"id": "P313486.l0745d",
"ref": "P313486.6.1",
"inst": "mugirrī[chariot]N",
"sig": "@saao/saa15%akk-x-neoass:{GIŠ}GIGIR-MEŠ=mugerru[chariot//chariot]N'N$mugirrī",
"f": {"lang": "akk-x-neoass",
"form": "{GIŠ}GIGIR-MEŠ",
"cf": "mugerru",
"gw": "chariot",
"sense": "chariot",
"norm": "mugirrī",
"pos": "N",
"epos": "N"}
}
,
{
"node": "l",
"frag": "ina",
"id": "P313486.l0745e",
"ref": "P313486.6.2",
"inst": "ina[in]PRP",
"sig": "@saao/saa15%akk-x-neoass:ina=ina[in//in]PRP'PRP$ina",
"f": {"lang": "akk-x-neoass",
"form": "ina",
"cf": "ina",
"gw": "in",
"sense": "in",
"norm": "ina",
"pos": "PRP",
"epos": "PRP"}
}
,
{
"node": "l",
"frag": "{uru}ar-⸢zu⸣-[hi-na]",
"id": "P313486.l0745f",
"ref": "P313486.6.3",
"inst": "Arzuhina[1]GN",
"sig": "@saao/saa15%akk-x-neoass:{URU}ar-zu-hi-na=Arzuhina[1//1]GN'GN$Arzuhina",
"f": {"lang": "akk-x-neoass",
"form": "{URU}ar-zu-hi-na",
"cf": "Arzuhina",
"gw": "1",
"sense": "1",
"norm": "Arzuhina",
"pos": "GN",
"epos": "GN"}
}
,
{
"node": "d",
"type": "line-start",
"ref": "P313486.7",
"n": "5",
"label": "o 5"}
,
{
"node": "l",
"frag": "[ina]",
"id": "P313486.l07460",
"ref": "P313486.7.1",
"inst": "ina[in]PRP",
"sig": "@saao/saa15%akk-x-neoass:ina=ina[in//in]PRP'PRP$ina",
"f": {"lang": "akk-x-neoass",
"form": "ina",
"cf": "ina",
"gw": "in",
"sense": "in",
"norm": "ina",
"pos": "PRP",
"epos": "PRP"}
}
,
{
"node": "l",
"frag": "⸢ŠU⸣.2-ia",
"id": "P313486.l07461",
"ref": "P313486.7.2",
"inst": "qātēya[hand]N",
"sig": "@saao/saa15%akk-x-neoass:ŠU.2-ia=qātu[hand//hand]N'N$qātēya",
"f": {"lang": "akk-x-neoass",
"form": "ŠU.2-ia",
"cf": "qātu",
"gw": "hand",
"sense": "hand",
"norm": "qātēya",
"pos": "N",
"epos": "N"}
}
,
{
"node": "l",
"frag": "ša\\d",
"id": "P313486.l07462",
"ref": "P313486.7.3",
"inst": "ša[that//those which]REL$",
"sig": "@saao/saa15%akk-x-neoass:ša=ša[that//those which]REL'REL$ša",
"f": {"lang": "akk-x-neoass",
"form": "ša",
"cf": "ša",
"gw": "that",
"sense": "those which",
"norm": "ša",
"pos": "REL",
"epos": "REL"}
}
,
{
"node": "l",
"frag": "⸢i⸣-[x",
"id": "P313486.l07463",
"ref": "P313486.7.4",
"inst": "u",
"f": {"lang": "akk-x-neoass",
"form": "i-x",
"pos": "u"}
}
,
{
"node": "l",
"frag": "x",
"id": "P313486.l07464",
"ref": "P313486.7.5",
"inst": "u",
"f": {"lang": "akk-x-neoass",
"form": "x",
"pos": "u"}
}
,
{
"node": "l",
"frag": "x]",
"id": "P313486.l07465",
"ref": "P313486.7.6",
"inst": "u",
"f": {"lang": "akk-x-neoass",
"form": "x",
"pos": "u"}
}
,
{
"node": "d",
"type": "line-start",
"ref": "P313486.8",
"n": "6",
"label": "o 6"}
,
{
"node": "l",
"frag": "[x",
"id": "P313486.l07466",
"ref": "P313486.8.1",
"inst": "u",
"f": {"lang": "akk-x-neoass",
"form": "x",
"pos": "u"}
}
,
{
"node": "l",
"frag": "x]+⸢x⸣+[x",
"id": "P313486.l07467",
"ref": "P313486.8.2",
"inst": "u",
"f": {"lang": "akk-x-neoass",
"form": "x+x+x",
"pos": "u"}
}
,
{
"node": "l",
"frag": "x",
"id": "P313486.l07468",
"ref": "P313486.8.3",
"inst": "u",
"f": {"lang": "akk-x-neoass",
"form": "x",
"pos": "u"}
}
,
{
"node": "l",
"frag": "x]",
"id": "P313486.l07469",
"ref": "P313486.8.4",
"inst": "u",
"f": {"lang": "akk-x-neoass",
"form": "x",
"pos": "u"}
}
,
{
"node": "l",
"frag": "⸢x⸣",
"id": "P313486.l0746a",
"ref": "P313486.8.5",
"inst": "u",
"f": {"lang": "akk-x-neoass",
"form": "x",
"pos": "u"}
}
,
{
"node": "l",
"frag": "[x",
"id": "P313486.l0746b",
"ref": "P313486.8.6",
"inst": "u",
"f": {"lang": "akk-x-neoass",
"form": "x",
"pos": "u"}
}
,
{
"node": "l",
"frag": "x",
"id": "P313486.l0746c",
"ref": "P313486.8.7",
"inst": "u",
"f": {"lang": "akk-x-neoass",
"form": "x",
"pos": "u"}
}
,
{
"node": "l",
"frag": "x]",
"id": "P313486.l0746d",
"ref": "P313486.8.8",
"inst": "u",
"f": {"lang": "akk-x-neoass",
"form": "x",
"pos": "u"}
}
,
{
"node": "d",
"type": "line-start",
"ref": "P313486.9",
"n": "7",
"label": "o 7"}
,
{
"node": "l",
"frag": "[x",
"id": "P313486.l0746e",
"ref": "P313486.9.1",
"inst": "u",
"f": {"lang": "akk-x-neoass",
"form": "x",
"pos": "u"}
}
,
{
"node": "l",
"frag": "x",
"id": "P313486.l0746f",
"ref": "P313486.9.2",
"inst": "u",
"f": {"lang": "akk-x-neoass",
"form": "x",
"pos": "u"}
}
,
{
"node": "l",
"frag": "x",
"id": "P313486.l07470",
"ref": "P313486.9.3",
"inst": "u",
"f": {"lang": "akk-x-neoass",
"form": "x",
"pos": "u"}
}
,
{
"node": "l",
"frag": "x",
"id": "P313486.l07471",
"ref": "P313486.9.4",
"inst": "u",
"f": {"lang": "akk-x-neoass",
"form": "x",
"pos": "u"}
}
,
{
"node": "l",
"frag": "x]+⸢x⸣+[x",
"id": "P313486.l07472",
"ref": "P313486.9.5",
"inst": "u",
"f": {"lang": "akk-x-neoass",
"form": "x+x+x",
"pos": "u"}
}
,
{
"node": "l",
"frag": "x",
"id": "P313486.l07473",
"ref": "P313486.9.6",
"inst": "u",
"f": {"lang": "akk-x-neoass",
"form": "x",
"pos": "u"}
}
,
{
"node": "l",
"frag": "x",
"id": "P313486.l07474",
"ref": "P313486.9.7",
"inst": "u",
"f": {"lang": "akk-x-neoass",
"form": "x",
"pos": "u"}
}
,
{
"node": "l",
"frag": "x]",
"id": "P313486.l07475",
"ref": "P313486.9.8",
"inst": "u",
"f": {"lang": "akk-x-neoass",
"form": "x",
"pos": "u"}
}
,
{
"node": "d",
"type": "line-start",
"ref": "P313486.10",
"n": "8",
"label": "o 8"}
,
{
"node": "l",
"frag": "[x",
"id": "P313486.l07476",
"ref": "P313486.10.1",
"inst": "u",
"f": {"lang": "akk-x-neoass",
"form": "x",
"pos": "u"}
}
,
{
"node": "l",
"frag": "x",
"id": "P313486.l07477",
"ref": "P313486.10.2",
"inst": "u",
"f": {"lang": "akk-x-neoass",
"form": "x",
"pos": "u"}
}
,
{
"node": "l",
"frag": "x",
"id": "P313486.l07478",
"ref": "P313486.10.3",
"inst": "u",
"f": {"lang": "akk-x-neoass",
"form": "x",
"pos": "u"}
}
,
{
"node": "l",
"frag": "x",
"id": "P313486.l07479",
"ref": "P313486.10.4",
"inst": "u",
"f": {"lang": "akk-x-neoass",
"form": "x",
"pos": "u"}
}
,
{
"node": "l",
"frag": "x",
"id": "P313486.l0747a",
"ref": "P313486.10.5",
"inst": "u",
"f": {"lang": "akk-x-neoass",
"form": "x",
"pos": "u"}
}
,
{
"node": "l",
"frag": "x",
"id": "P313486.l0747b",
"ref": "P313486.10.6",
"inst": "u",
"f": {"lang": "akk-x-neoass",
"form": "x",
"pos": "u"}
}
,
{
"node": "l",
"frag": "x",
"id": "P313486.l0747c",
"ref": "P313486.10.7",
"inst": "u",
"f": {"lang": "akk-x-neoass",
"form": "x",
"pos": "u"}
}
,
{
"node": "l",
"frag": "x]",
"id": "P313486.l0747d",
"ref": "P313486.10.8",
"inst": "u",
"f": {"lang": "akk-x-neoass",
"form": "x",
"pos": "u"}
}
,
{
"node": "d",
"type": "line-start",
"ref": "P313486.11",
"n": "9",
"label": "o 9"}
,
{
"node": "l",
"frag": "ZAH₂-[MEŠ",
"id": "P313486.l0747e",
"ref": "P313486.11.1",
"inst": "halqūti[fugitive]'N",
"sig": "@saao/saa15%akk-x-neoass:ZAH₂-MEŠ=halqu[lost//fugitive]AJ'N$halqūti",
"f": {"lang": "akk-x-neoass",
"form": "ZAH₂-MEŠ",
"cf": "halqu",
"gw": "lost",
"sense": "fugitive",
"norm": "halqūti",
"pos": "AJ",
"epos": "N"}
}
,
{
"node": "l",
"frag": "x",
"id": "P313486.l0747f",
"ref": "P313486.11.2",
"inst": "u",
"f": {"lang": "akk-x-neoass",
"form": "x",
"pos": "u"}
}
,
{
"node": "l",
"frag": "x",
"id": "P313486.l07480",
"ref": "P313486.11.3",
"inst": "u",
"f": {"lang": "akk-x-neoass",
"form": "x",
"pos": "u"}
}
,
{
"node": "l",
"frag": "x",
"id": "P313486.l07481",
"ref": "P313486.11.4",
"inst": "u",
"f": {"lang": "akk-x-neoass",
"form": "x",
"pos": "u"}
}
,
{
"node": "l",
"frag": "x",
"id": "P313486.l07482",
"ref": "P313486.11.5",
"inst": "u",
"f": {"lang": "akk-x-neoass",
"form": "x",
"pos": "u"}
}
,
{
"node": "l",
"frag": "x",
"id": "P313486.l07483",
"ref": "P313486.11.6",
"inst": "u",
"f": {"lang": "akk-x-neoass",
"form": "x",
"pos": "u"}
}
,
{
"node": "l",
"frag": "x]",
"id": "P313486.l07484",
"ref": "P313486.11.7",
"inst": "u",
"f": {"lang": "akk-x-neoass",
"form": "x",
"pos": "u"}
}
,
{
"node": "d",
"type": "line-start",
"ref": "P313486.12",
"n": "10",
"label": "o 10"}
,
{
"node": "l",
"frag": "ša₂",
"id": "P313486.l07485",
"ref": "P313486.12.1",
"inst": "ša[of]DET",
"sig": "@saao/saa15%akk-x-neoass:ša₂=ša[of//of]DET'DET$ša",
"f": {"lang": "akk-x-neoass",
"form": "ša₂",
"cf": "ša",
"gw": "of",
"sense": "of",
"norm": "ša",
"pos": "DET",
"epos": "DET"}
}
,
{
"node": "l",
"frag": "{uru}⸢ar⸣-[zu-hi-na",
"id": "P313486.l07486",
"ref": "P313486.12.2",
"inst": "Arzuhina[1]GN",
"sig": "@saao/saa15%akk-x-neoass:{URU}ar-zu-hi-na=Arzuhina[1//1]GN'GN$Arzuhina",
"f": {"lang": "akk-x-neoass",
"form": "{URU}ar-zu-hi-na",
"cf": "Arzuhina",
"gw": "1",
"sense": "1",
"norm": "Arzuhina",
"pos": "GN",
"epos": "GN"}
}
,
{
"node": "l",
"frag": "x",
"id": "P313486.l07487",
"ref": "P313486.12.3",
"inst": "u",
"f": {"lang": "akk-x-neoass",
"form": "x",
"pos": "u"}
}
,
{
"node": "l",
"frag": "x",
"id": "P313486.l07488",
"ref": "P313486.12.4",
"inst": "u",
"f": {"lang": "akk-x-neoass",
"form": "x",
"pos": "u"}
}
,
{
"node": "l",
"frag": "x]",
"id": "P313486.l07489",
"ref": "P313486.12.5",
"inst": "u",
"f": {"lang": "akk-x-neoass",
"form": "x",
"pos": "u"}
}
,
{
"node": "d",
"type": "line-start",
"ref": "P313486.13",
"n": "11",
"label": "o 11"}
,
{
"node": "l",
"frag": "⸢i⸣-[x",
"id": "P313486.l0748a",
"ref": "P313486.13.1",
"inst": "u",
"f": {"lang": "akk-x-neoass",
"form": "i-x",
"pos": "u"}
}
,
{
"node": "l",
"frag": "x",
"id": "P313486.l0748b",
"ref": "P313486.13.2",
"inst": "u",
"f": {"lang": "akk-x-neoass",
"form": "x",
"pos": "u"}
}
,
{
"node": "l",
"frag": "x",
"id": "P313486.l0748c",
"ref": "P313486.13.3",
"inst": "u",
"f": {"lang": "akk-x-neoass",
"form": "x",
"pos": "u"}
}
,
{
"node": "l",
"frag": "x",
"id": "P313486.l0748d",
"ref": "P313486.13.4",
"inst": "u",
"f": {"lang": "akk-x-neoass",
"form": "x",
"pos": "u"}
}
,
{
"node": "l",
"frag": "x",
"id": "P313486.l0748e",
"ref": "P313486.13.5",
"inst": "u",
"f": {"lang": "akk-x-neoass",
"form": "x",
"pos": "u"}
}
,
{
"node": "l",
"frag": "x",
"id": "P313486.l0748f",
"ref": "P313486.13.6",
"inst": "u",
"f": {"lang": "akk-x-neoass",
"form": "x",
"pos": "u"}
}
,
{
"node": "l",
"frag": "x]",
"id": "P313486.l07490",
"ref": "P313486.13.7",
"inst": "u",
"f": {"lang": "akk-x-neoass",
"form": "x",
"pos": "u"}
}
,
{
"node": "d",
"type": "line-start",
"ref": "P313486.14",
"n": "12",
"label": "o 12"}
,
{
"node": "l",
"frag": "⸢i⸣-[x",
"id": "P313486.l07491",
"ref": "P313486.14.1",
"inst": "u",
"f": {"lang": "akk-x-neoass",
"form": "i-x",
"pos": "u"}
}
,
{
"node": "l",
"frag": "x",
"id": "P313486.l07492",
"ref": "P313486.14.2",
"inst": "u",
"f": {"lang": "akk-x-neoass",
"form": "x",
"pos": "u"}
}
,
{
"node": "l",
"frag": "x",
"id": "P313486.l07493",
"ref": "P313486.14.3",
"inst": "u",
"f": {"lang": "akk-x-neoass",
"form": "x",
"pos": "u"}
}
,
{
"node": "l",
"frag": "x",
"id": "P313486.l07494",
"ref": "P313486.14.4",
"inst": "u",
"f": {"lang": "akk-x-neoass",
"form": "x",
"pos": "u"}
}
,
{
"node": "l",
"frag": "x",
"id": "P313486.l07495",
"ref": "P313486.14.5",
"inst": "u",
"f": {"lang": "akk-x-neoass",
"form": "x",
"pos": "u"}
}
,
{
"node": "l",
"frag": "x",
"id": "P313486.l07496",
"ref": "P313486.14.6",
"inst": "u",
"f": {"lang": "akk-x-neoass",
"form": "x",
"pos": "u"}
}
,
{
"node": "l",
"frag": "x]",
"id": "P313486.l07497",
"ref": "P313486.14.7",
"inst": "u",
"f": {"lang": "akk-x-neoass",
"form": "x",
"pos": "u"}
}
,
{
"node": "d",
"type": "nonx",
"ref": "P313486.15",
"strict": "0",
"extent": "rest",
"scope": "obverse",
"state": "other"}
,
{
"node": "d",
"subtype": "reverse",
"type": "surface",
"ref": "P313486.r.16",
"type": "reverse",
"label": "r"}
,
{
"node": "d",
"type": "nonx",
"ref": "P313486.17",
"strict": "0",
"extent": "2",
"scope": "line",
"state": "traces"}
]}
]}
]}
]}
