{
"type": "cdl",
  "source": "http://oracc.org/saao/saa15",
  "license": "This data is released under the CC0 license",
  "license-url": "https://creativecommons.org/publicdomain/zero/1.0/",
  "more-info": "http://oracc.org/doc/opendata/",
  "UTC-timestamp": "2017-05-19T11:53:21",
"project": "saao/saa15",
"textid": "P313961",
"cdl": [
{
"node": "c",
"type": "text",
"id": "P313961.U0",
"cdl": [
{
"node": "d",
"type": "object",
"ref": ""}
,
{
"node": "d",
"subtype": "obverse",
"type": "surface",
"ref": "P313961.o.1",
"type": "obverse",
"label": "o"}
,
{
"node": "d",
"type": "nonx",
"ref": "P313961.2",
"strict": "0",
"extent": "beginning",
"state": "missing"}
,
{
"node": "c",
"type": "discourse",
"subtype": "body",
"id": "P313961.U1",
"cdl": [
{
"node": "c",
"type": "sentence",
"id": "P313961.U2",
"label": "o 1' - o 9'",
"cdl": [
{
"node": "d",
"type": "line-start",
"ref": "P313961.3",
"n": "1'",
"label": "o 1'"}
,
{
"node": "l",
"frag": "[x",
"id": "P313961.l08076",
"ref": "P313961.3.1",
"inst": "u",
"f": {"lang": "akk-x-neoass",
"form": "x",
"pos": "u"}
}
,
{
"node": "l",
"frag": "x",
"id": "P313961.l08077",
"ref": "P313961.3.2",
"inst": "u",
"f": {"lang": "akk-x-neoass",
"form": "x",
"pos": "u"}
}
,
{
"node": "l",
"frag": "x",
"id": "P313961.l08078",
"ref": "P313961.3.3",
"inst": "u",
"f": {"lang": "akk-x-neoass",
"form": "x",
"pos": "u"}
}
,
{
"node": "l",
"frag": "x",
"id": "P313961.l08079",
"ref": "P313961.3.4",
"inst": "u",
"f": {"lang": "akk-x-neoass",
"form": "x",
"pos": "u"}
}
,
{
"node": "l",
"frag": "x",
"id": "P313961.l0807a",
"ref": "P313961.3.5",
"inst": "u",
"f": {"lang": "akk-x-neoass",
"form": "x",
"pos": "u"}
}
,
{
"node": "l",
"frag": "x",
"id": "P313961.l0807b",
"ref": "P313961.3.6",
"inst": "u",
"f": {"lang": "akk-x-neoass",
"form": "x",
"pos": "u"}
}
,
{
"node": "l",
"frag": "x",
"id": "P313961.l0807c",
"ref": "P313961.3.7",
"inst": "u",
"f": {"lang": "akk-x-neoass",
"form": "x",
"pos": "u"}
}
,
{
"node": "l",
"frag": "x]",
"id": "P313961.l0807d",
"ref": "P313961.3.8",
"inst": "u",
"f": {"lang": "akk-x-neoass",
"form": "x",
"pos": "u"}
}
,
{
"node": "l",
"frag": "⸢x⸣",
"id": "P313961.l0807e",
"ref": "P313961.3.9",
"inst": "u",
"f": {"lang": "akk-x-neoass",
"form": "x",
"pos": "u"}
}
,
{
"node": "l",
"frag": "[x]",
"id": "P313961.l0807f",
"ref": "P313961.3.10",
"inst": "u",
"f": {"lang": "akk-x-neoass",
"form": "x",
"pos": "u"}
}
,
{
"node": "d",
"type": "line-start",
"ref": "P313961.4",
"n": "2'",
"label": "o 2'"}
,
{
"node": "l",
"frag": "[x",
"id": "P313961.l08080",
"ref": "P313961.4.1",
"inst": "u",
"f": {"lang": "akk-x-neoass",
"form": "x",
"pos": "u"}
}
,
{
"node": "l",
"frag": "x",
"id": "P313961.l08081",
"ref": "P313961.4.2",
"inst": "u",
"f": {"lang": "akk-x-neoass",
"form": "x",
"pos": "u"}
}
,
{
"node": "l",
"frag": "x",
"id": "P313961.l08082",
"ref": "P313961.4.3",
"inst": "u",
"f": {"lang": "akk-x-neoass",
"form": "x",
"pos": "u"}
}
,
{
"node": "l",
"frag": "x",
"id": "P313961.l08083",
"ref": "P313961.4.4",
"inst": "u",
"f": {"lang": "akk-x-neoass",
"form": "x",
"pos": "u"}
}
,
{
"node": "l",
"frag": "x",
"id": "P313961.l08084",
"ref": "P313961.4.5",
"inst": "u",
"f": {"lang": "akk-x-neoass",
"form": "x",
"pos": "u"}
}
,
{
"node": "l",
"frag": "x]+⸢x⸣",
"id": "P313961.l08085",
"ref": "P313961.4.6",
"inst": "u",
"f": {"lang": "akk-x-neoass",
"form": "x+x",
"pos": "u"}
}
,
{
"node": "l",
"frag": "01",
"id": "P313961.l08086",
"ref": "P313961.4.7",
"inst": "n",
"f": {"lang": "akk-x-neoass",
"form": "01",
"pos": "n"}
}
,
{
"node": "l",
"frag": "ZI",
"id": "P313961.l08087",
"ref": "P313961.4.8",
"inst": "napištu[throat//person]N$nupšutu",
"sig": "@saao/saa15%akk-x-neoass:ZI=napištu[throat//person]N'N$nupšutu",
"f": {"lang": "akk-x-neoass",
"form": "ZI",
"cf": "napištu",
"gw": "throat",
"sense": "person",
"norm": "nupšutu",
"pos": "N",
"epos": "N"}
}
,
{
"node": "l",
"frag": "[o]",
"id": "P313961.l08088",
"ref": "P313961.4.9",
"inst": "u",
"f": {"lang": "akk-x-neoass",
"form": "o",
"pos": "u"}
}
,
{
"node": "d",
"type": "line-start",
"ref": "P313961.5",
"n": "3'",
"label": "o 3'"}
,
{
"node": "l",
"frag": "[LUGAL",
"id": "P313961.l08089",
"ref": "P313961.5.1",
"inst": "šarru[king]N",
"sig": "@saao/saa15%akk-x-neoass:LUGAL=šarru[king//king]N'N$šarru",
"f": {"lang": "akk-x-neoass",
"form": "LUGAL",
"cf": "šarru",
"gw": "king",
"sense": "king",
"norm": "šarru",
"pos": "N",
"epos": "N"}
}
,
{
"node": "l",
"frag": "be-li₂]",
"id": "P313961.l0808a",
"ref": "P313961.5.2",
"inst": "bēlī[lord]N",
"sig": "@saao/saa15%akk-x-neoass:be-li₂=bēlu[lord//lord]N'N$bēlī",
"f": {"lang": "akk-x-neoass",
"form": "be-li₂",
"cf": "bēlu",
"gw": "lord",
"sense": "lord",
"norm": "bēlī",
"pos": "N",
"epos": "N"}
}
,
{
"node": "l",
"frag": "u₂-da\\d",
"id": "P313961.l0808b",
"ref": "P313961.5.3",
"inst": "ūda[know]V",
"sig": "@saao/saa15%akk-x-neoass:u₂-da=wadû[know//know]V'V$ūda",
"f": {"lang": "akk-x-neoass",
"form": "u₂-da",
"cf": "wadû",
"gw": "know",
"sense": "know",
"norm": "ūda",
"pos": "V",
"epos": "V"}
}
,
{
"node": "l",
"frag": "UDU-MEŠ\\m-ia",
"id": "P313961.l0808c",
"ref": "P313961.5.4",
"inst": "immerēya[sheep]N",
"sig": "@saao/saa15%akk-x-neoass:UDU-MEŠ-ia=immeru[sheep//sheep]N'N$immerēya",
"f": {"lang": "akk-x-neoass",
"form": "UDU-MEŠ-ia",
"cf": "immeru",
"gw": "sheep",
"sense": "sheep",
"norm": "immerēya",
"pos": "N",
"epos": "N"}
}
,
{
"node": "d",
"type": "line-start",
"ref": "P313961.6",
"n": "4'",
"label": "o 4'"}
,
{
"node": "l",
"frag": "[x",
"id": "P313961.l0808d",
"ref": "P313961.6.1",
"inst": "u",
"f": {"lang": "akk-x-neoass",
"form": "x",
"pos": "u"}
}
,
{
"node": "l",
"frag": "x",
"id": "P313961.l0808e",
"ref": "P313961.6.2",
"inst": "u",
"f": {"lang": "akk-x-neoass",
"form": "x",
"pos": "u"}
}
,
{
"node": "l",
"frag": "x",
"id": "P313961.l0808f",
"ref": "P313961.6.3",
"inst": "u",
"f": {"lang": "akk-x-neoass",
"form": "x",
"pos": "u"}
}
,
{
"node": "l",
"frag": "x]-⸢MEŠ\\m⸣-ni",
"id": "P313961.l08090",
"ref": "P313961.6.4",
"inst": "u",
"f": {"lang": "akk-x-neoass",
"form": "x-MEŠ-ni",
"pos": "u"}
}
,
{
"node": "l",
"frag": "e-ta-li\\d-u₂",
"id": "P313961.l08091",
"ref": "P313961.6.5",
"inst": "elû[go up]V$ētaliu",
"sig": "@saao/saa15%akk-x-neoass:e-ta-li-u₂=elû[go up//go up]V'V$ētaliu",
"f": {"lang": "akk-x-neoass",
"form": "e-ta-li-u₂",
"cf": "elû",
"gw": "go up",
"sense": "go up",
"norm": "ētaliu",
"pos": "V",
"epos": "V"}
}
,
{
"node": "d",
"type": "line-start",
"ref": "P313961.7",
"n": "5'",
"label": "o 5'"}
,
{
"node": "l",
"frag": "[x",
"id": "P313961.l08092",
"ref": "P313961.7.1",
"inst": "u",
"f": {"lang": "akk-x-neoass",
"form": "x",
"pos": "u"}
}
,
{
"node": "l",
"frag": "x",
"id": "P313961.l08093",
"ref": "P313961.7.2",
"inst": "u",
"f": {"lang": "akk-x-neoass",
"form": "x",
"pos": "u"}
}
,
{
"node": "l",
"frag": "x",
"id": "P313961.l08094",
"ref": "P313961.7.3",
"inst": "u",
"f": {"lang": "akk-x-neoass",
"form": "x",
"pos": "u"}
}
,
{
"node": "l",
"frag": "x]-hi",
"id": "P313961.l08095",
"ref": "P313961.7.4",
"inst": "u",
"f": {"lang": "akk-x-neoass",
"form": "x-hi",
"pos": "u"}
}
,
{
"node": "l",
"frag": "pa-na\\td-su-nu",
"id": "P313961.l08096",
"ref": "P313961.7.5",
"inst": "pānātu[front]N$pānāssunu",
"sig": "@saao/saa15%akk-x-neoass:pa-na-su-nu=pānātu[front//front]N'N$pānāssunu",
"f": {"lang": "akk-x-neoass",
"form": "pa-na-su-nu",
"cf": "pānātu",
"gw": "front",
"sense": "front",
"norm": "pānāssunu",
"pos": "N",
"epos": "N"}
}
,
{
"node": "d",
"type": "line-start",
"ref": "P313961.8",
"n": "6'",
"label": "o 6'"}
,
{
"node": "l",
"frag": "[x",
"id": "P313961.l08097",
"ref": "P313961.8.1",
"inst": "u",
"f": {"lang": "akk-x-neoass",
"form": "x",
"pos": "u"}
}
,
{
"node": "l",
"frag": "x",
"id": "P313961.l08098",
"ref": "P313961.8.2",
"inst": "u",
"f": {"lang": "akk-x-neoass",
"form": "x",
"pos": "u"}
}
,
{
"node": "l",
"frag": "x",
"id": "P313961.l08099",
"ref": "P313961.8.3",
"inst": "u",
"f": {"lang": "akk-x-neoass",
"form": "x",
"pos": "u"}
}
,
{
"node": "l",
"frag": "x]-ri",
"id": "P313961.l0809a",
"ref": "P313961.8.4",
"inst": "u",
"f": {"lang": "akk-x-neoass",
"form": "x-ri",
"pos": "u"}
}
,
{
"node": "l",
"frag": "u₂-ra-du-nu",
"id": "P313961.l0809b",
"ref": "P313961.8.5",
"inst": "arādu[go down//come down]V$urradūnu",
"sig": "@saao/saa15%akk-x-neoass:u₂-ra-du-nu=arādu[go down//come down]V'V$urradūnu",
"f": {"lang": "akk-x-neoass",
"form": "u₂-ra-du-nu",
"cf": "arādu",
"gw": "go down",
"sense": "come down",
"norm": "urradūnu",
"pos": "V",
"epos": "V"}
}
,
{
"node": "d",
"type": "line-start",
"ref": "P313961.9",
"n": "7'",
"label": "o 7'"}
,
{
"node": "l",
"frag": "[x",
"id": "P313961.l0809c",
"ref": "P313961.9.1",
"inst": "u",
"f": {"lang": "akk-x-neoass",
"form": "x",
"pos": "u"}
}
,
{
"node": "l",
"frag": "x",
"id": "P313961.l0809d",
"ref": "P313961.9.2",
"inst": "u",
"f": {"lang": "akk-x-neoass",
"form": "x",
"pos": "u"}
}
,
{
"node": "l",
"frag": "x",
"id": "P313961.l0809e",
"ref": "P313961.9.3",
"inst": "u",
"f": {"lang": "akk-x-neoass",
"form": "x",
"pos": "u"}
}
,
{
"node": "l",
"frag": "x",
"id": "P313961.l0809f",
"ref": "P313961.9.4",
"inst": "u",
"f": {"lang": "akk-x-neoass",
"form": "x",
"pos": "u"}
}
,
{
"node": "l",
"frag": "{lu₂v]}⸢EN-pi⸣-qi-ta-te",
"id": "P313961.l080a0",
"ref": "P313961.9.5",
"cof-tails": "P313961.l080a1",
"inst": "bēlu[lord]N$bēl&piqittu[allocation]N$piqittāte",
"sig": "@saao/saa15%akk-x-neoass:{LU₂}EN-pi-qi-ta-te=bēlu[lord//lord]N'N$bēl&&@saao%akk-x-neoass:=piqittu[allocation//allocation]N'N$piqittāte",
"f": {"lang": "akk-x-neoass",
"form": "{LU₂}EN-pi-qi-ta-te",
"cf": "bēlu",
"gw": "lord",
"sense": "lord",
"norm": "bēl",
"pos": "N",
"epos": "N"}
}
,
{
"node": "l",
"frag": "{lu₂v]}⸢EN-pi⸣-qi-ta-te",
"id": "P313961.l080a1",
"ref": "P313961.9.5",
"cof-head": "P313961.l080a0",
"inst": "bēlu[lord]N$bēl&piqittu[allocation]N$piqittāte",
"tail-sig": "@saao%akk-x-neoass:=piqittu[allocation//allocation]N'N$piqittāte",
"f": {"lang": "akk-x-neoass",
"form": "{LU₂}EN-pi-qi-ta-te",
"cf": "piqittu",
"gw": "allocation",
"sense": "allocation",
"norm": "piqittāte",
"pos": "N",
"epos": "N"}
}
,
{
"node": "d",
"type": "line-start",
"ref": "P313961.10",
"n": "8'",
"label": "o 8'"}
,
{
"node": "l",
"frag": "[x",
"id": "P313961.l080a2",
"ref": "P313961.10.1",
"inst": "u",
"f": {"lang": "akk-x-neoass",
"form": "x",
"pos": "u"}
}
,
{
"node": "l",
"frag": "x",
"id": "P313961.l080a3",
"ref": "P313961.10.2",
"inst": "u",
"f": {"lang": "akk-x-neoass",
"form": "x",
"pos": "u"}
}
,
{
"node": "l",
"frag": "x",
"id": "P313961.l080a4",
"ref": "P313961.10.3",
"inst": "u",
"f": {"lang": "akk-x-neoass",
"form": "x",
"pos": "u"}
}
,
{
"node": "l",
"frag": "x",
"id": "P313961.l080a5",
"ref": "P313961.10.4",
"inst": "u",
"f": {"lang": "akk-x-neoass",
"form": "x",
"pos": "u"}
}
,
{
"node": "l",
"frag": "x",
"id": "P313961.l080a6",
"ref": "P313961.10.5",
"inst": "u",
"f": {"lang": "akk-x-neoass",
"form": "x",
"pos": "u"}
}
,
{
"node": "l",
"frag": "x",
"id": "P313961.l080a7",
"ref": "P313961.10.6",
"inst": "u",
"f": {"lang": "akk-x-neoass",
"form": "x",
"pos": "u"}
}
,
{
"node": "l",
"frag": "x]+⸢x⸣-ni-ni",
"id": "P313961.l080a8",
"ref": "P313961.10.7",
"inst": "u",
"f": {"lang": "akk-x-neoass",
"form": "x+x-ni-ni",
"pos": "u"}
}
,
{
"node": "d",
"type": "line-start",
"ref": "P313961.11",
"n": "9'",
"label": "o 9'"}
,
{
"node": "l",
"frag": "[x",
"id": "P313961.l080a9",
"ref": "P313961.11.1",
"inst": "u",
"f": {"lang": "akk-x-neoass",
"form": "x",
"pos": "u"}
}
,
{
"node": "l",
"frag": "x",
"id": "P313961.l080aa",
"ref": "P313961.11.2",
"inst": "u",
"f": {"lang": "akk-x-neoass",
"form": "x",
"pos": "u"}
}
,
{
"node": "l",
"frag": "x",
"id": "P313961.l080ab",
"ref": "P313961.11.3",
"inst": "u",
"f": {"lang": "akk-x-neoass",
"form": "x",
"pos": "u"}
}
,
{
"node": "l",
"frag": "x",
"id": "P313961.l080ac",
"ref": "P313961.11.4",
"inst": "u",
"f": {"lang": "akk-x-neoass",
"form": "x",
"pos": "u"}
}
,
{
"node": "l",
"frag": "x",
"id": "P313961.l080ad",
"ref": "P313961.11.5",
"inst": "u",
"f": {"lang": "akk-x-neoass",
"form": "x",
"pos": "u"}
}
,
{
"node": "l",
"frag": "x",
"id": "P313961.l080ae",
"ref": "P313961.11.6",
"inst": "u",
"f": {"lang": "akk-x-neoass",
"form": "x",
"pos": "u"}
}
,
{
"node": "l",
"frag": "x",
"id": "P313961.l080af",
"ref": "P313961.11.7",
"inst": "u",
"f": {"lang": "akk-x-neoass",
"form": "x",
"pos": "u"}
}
,
{
"node": "l",
"frag": "x]",
"id": "P313961.l080b0",
"ref": "P313961.11.8",
"inst": "u",
"f": {"lang": "akk-x-neoass",
"form": "x",
"pos": "u"}
}
,
{
"node": "l",
"frag": "⸢x⸣",
"id": "P313961.l080b1",
"ref": "P313961.11.9",
"inst": "u",
"f": {"lang": "akk-x-neoass",
"form": "x",
"pos": "u"}
}
,
{
"node": "d",
"type": "nonx",
"ref": "P313961.12",
"strict": "0",
"extent": "rest",
"state": "missing"}
,
{
"node": "d",
"subtype": "reverse",
"type": "surface",
"ref": "P313961.r.13",
"type": "reverse",
"label": "r"}
,
{
"node": "d",
"type": "nonx",
"ref": "P313961.14",
"strict": "0",
"state": "other"}
]}
]}
]}
]}
