{
"type": "cdl",
  "source": "http://oracc.org/saao/saa15",
  "license": "This data is released under the CC0 license",
  "license-url": "https://creativecommons.org/publicdomain/zero/1.0/",
  "more-info": "http://oracc.org/doc/opendata/",
  "UTC-timestamp": "2017-05-19T11:53:03",
"project": "saao/saa15",
"textid": "P313506",
"cdl": [
{
"node": "c",
"type": "text",
"id": "P313506.U0",
"cdl": [
{
"node": "d",
"type": "object",
"ref": ""}
,
{
"node": "d",
"subtype": "obverse",
"type": "surface",
"ref": "P313506.o.1",
"type": "obverse",
"label": "o"}
,
{
"node": "d",
"type": "nonx",
"ref": "P313506.2",
"strict": "0",
"extent": "beginning",
"state": "missing"}
,
{
"node": "c",
"type": "discourse",
"subtype": "body",
"id": "P313506.U1",
"cdl": [
{
"node": "c",
"type": "sentence",
"id": "P313506.U2",
"label": "o 1' - o 15'",
"cdl": [
{
"node": "d",
"type": "line-start",
"ref": "P313506.3",
"n": "1'",
"label": "o 1'"}
,
{
"node": "l",
"frag": "[x",
"id": "P313506.l0592a",
"ref": "P313506.3.1",
"inst": "u",
"f": {"lang": "akk-x-neoass",
"form": "x",
"pos": "u"}
}
,
{
"node": "l",
"frag": "x",
"id": "P313506.l0592b",
"ref": "P313506.3.2",
"inst": "u",
"f": {"lang": "akk-x-neoass",
"form": "x",
"pos": "u"}
}
,
{
"node": "l",
"frag": "x]",
"id": "P313506.l0592c",
"ref": "P313506.3.3",
"inst": "u",
"f": {"lang": "akk-x-neoass",
"form": "x",
"pos": "u"}
}
,
{
"node": "l",
"frag": "⸢x⸣",
"id": "P313506.l0592d",
"ref": "P313506.3.4",
"inst": "u",
"f": {"lang": "akk-x-neoass",
"form": "x",
"pos": "u"}
}
,
{
"node": "l",
"frag": "[x",
"id": "P313506.l0592e",
"ref": "P313506.3.5",
"inst": "u",
"f": {"lang": "akk-x-neoass",
"form": "x",
"pos": "u"}
}
,
{
"node": "l",
"frag": "x",
"id": "P313506.l0592f",
"ref": "P313506.3.6",
"inst": "u",
"f": {"lang": "akk-x-neoass",
"form": "x",
"pos": "u"}
}
,
{
"node": "l",
"frag": "x",
"id": "P313506.l05930",
"ref": "P313506.3.7",
"inst": "u",
"f": {"lang": "akk-x-neoass",
"form": "x",
"pos": "u"}
}
,
{
"node": "l",
"frag": "x",
"id": "P313506.l05931",
"ref": "P313506.3.8",
"inst": "u",
"f": {"lang": "akk-x-neoass",
"form": "x",
"pos": "u"}
}
,
{
"node": "l",
"frag": "x",
"id": "P313506.l05932",
"ref": "P313506.3.9",
"inst": "u",
"f": {"lang": "akk-x-neoass",
"form": "x",
"pos": "u"}
}
,
{
"node": "l",
"frag": "x",
"id": "P313506.l05933",
"ref": "P313506.3.10",
"inst": "u",
"f": {"lang": "akk-x-neoass",
"form": "x",
"pos": "u"}
}
,
{
"node": "l",
"frag": "x",
"id": "P313506.l05934",
"ref": "P313506.3.11",
"inst": "u",
"f": {"lang": "akk-x-neoass",
"form": "x",
"pos": "u"}
}
,
{
"node": "l",
"frag": "x]",
"id": "P313506.l05935",
"ref": "P313506.3.12",
"inst": "u",
"f": {"lang": "akk-x-neoass",
"form": "x",
"pos": "u"}
}
,
{
"node": "d",
"type": "line-start",
"ref": "P313506.4",
"n": "2'",
"label": "o 2'"}
,
{
"node": "l",
"frag": "[x",
"id": "P313506.l05936",
"ref": "P313506.4.1",
"inst": "u",
"f": {"lang": "akk-x-neoass",
"form": "x",
"pos": "u"}
}
,
{
"node": "l",
"frag": "x",
"id": "P313506.l05937",
"ref": "P313506.4.2",
"inst": "u",
"f": {"lang": "akk-x-neoass",
"form": "x",
"pos": "u"}
}
,
{
"node": "l",
"frag": "x]+⸢x⸣",
"id": "P313506.l05938",
"ref": "P313506.4.3",
"inst": "u",
"f": {"lang": "akk-x-neoass",
"form": "x+x",
"pos": "u"}
}
,
{
"node": "l",
"frag": "qu",
"id": "P313506.l05939",
"ref": "P313506.4.4",
"inst": "u",
"f": {"lang": "akk-x-neoass",
"form": "qu",
"pos": "u"}
}
,
{
"node": "l",
"frag": "[x",
"id": "P313506.l0593a",
"ref": "P313506.4.5",
"inst": "u",
"f": {"lang": "akk-x-neoass",
"form": "x",
"pos": "u"}
}
,
{
"node": "l",
"frag": "x",
"id": "P313506.l0593b",
"ref": "P313506.4.6",
"inst": "u",
"f": {"lang": "akk-x-neoass",
"form": "x",
"pos": "u"}
}
,
{
"node": "l",
"frag": "x",
"id": "P313506.l0593c",
"ref": "P313506.4.7",
"inst": "u",
"f": {"lang": "akk-x-neoass",
"form": "x",
"pos": "u"}
}
,
{
"node": "l",
"frag": "x",
"id": "P313506.l0593d",
"ref": "P313506.4.8",
"inst": "u",
"f": {"lang": "akk-x-neoass",
"form": "x",
"pos": "u"}
}
,
{
"node": "l",
"frag": "x",
"id": "P313506.l0593e",
"ref": "P313506.4.9",
"inst": "u",
"f": {"lang": "akk-x-neoass",
"form": "x",
"pos": "u"}
}
,
{
"node": "l",
"frag": "x",
"id": "P313506.l0593f",
"ref": "P313506.4.10",
"inst": "u",
"f": {"lang": "akk-x-neoass",
"form": "x",
"pos": "u"}
}
,
{
"node": "l",
"frag": "x",
"id": "P313506.l05940",
"ref": "P313506.4.11",
"inst": "u",
"f": {"lang": "akk-x-neoass",
"form": "x",
"pos": "u"}
}
,
{
"node": "l",
"frag": "x]",
"id": "P313506.l05941",
"ref": "P313506.4.12",
"inst": "u",
"f": {"lang": "akk-x-neoass",
"form": "x",
"pos": "u"}
}
,
{
"node": "d",
"type": "line-start",
"ref": "P313506.5",
"n": "3'",
"label": "o 3'"}
,
{
"node": "l",
"frag": "[x",
"id": "P313506.l05942",
"ref": "P313506.5.1",
"inst": "u",
"f": {"lang": "akk-x-neoass",
"form": "x",
"pos": "u"}
}
,
{
"node": "l",
"frag": "x",
"id": "P313506.l05943",
"ref": "P313506.5.2",
"inst": "u",
"f": {"lang": "akk-x-neoass",
"form": "x",
"pos": "u"}
}
,
{
"node": "l",
"frag": "x]",
"id": "P313506.l05944",
"ref": "P313506.5.3",
"inst": "u",
"f": {"lang": "akk-x-neoass",
"form": "x",
"pos": "u"}
}
,
{
"node": "l",
"frag": "lu-u₂",
"id": "P313506.l05945",
"ref": "P313506.5.4",
"inst": "lū[may]MOD",
"sig": "@saao/saa15%akk-x-neoass:lu-u₂=lū[may//may]MOD'MOD$lū",
"f": {"lang": "akk-x-neoass",
"form": "lu-u₂",
"cf": "lū",
"gw": "may",
"sense": "may",
"norm": "lū",
"pos": "MOD",
"epos": "MOD"}
}
,
{
"node": "l",
"frag": "[x",
"id": "P313506.l05946",
"ref": "P313506.5.5",
"inst": "u",
"f": {"lang": "akk-x-neoass",
"form": "x",
"pos": "u"}
}
,
{
"node": "l",
"frag": "x",
"id": "P313506.l05947",
"ref": "P313506.5.6",
"inst": "u",
"f": {"lang": "akk-x-neoass",
"form": "x",
"pos": "u"}
}
,
{
"node": "l",
"frag": "x",
"id": "P313506.l05948",
"ref": "P313506.5.7",
"inst": "u",
"f": {"lang": "akk-x-neoass",
"form": "x",
"pos": "u"}
}
,
{
"node": "l",
"frag": "x",
"id": "P313506.l05949",
"ref": "P313506.5.8",
"inst": "u",
"f": {"lang": "akk-x-neoass",
"form": "x",
"pos": "u"}
}
,
{
"node": "l",
"frag": "x",
"id": "P313506.l0594a",
"ref": "P313506.5.9",
"inst": "u",
"f": {"lang": "akk-x-neoass",
"form": "x",
"pos": "u"}
}
,
{
"node": "l",
"frag": "x",
"id": "P313506.l0594b",
"ref": "P313506.5.10",
"inst": "u",
"f": {"lang": "akk-x-neoass",
"form": "x",
"pos": "u"}
}
,
{
"node": "l",
"frag": "x",
"id": "P313506.l0594c",
"ref": "P313506.5.11",
"inst": "u",
"f": {"lang": "akk-x-neoass",
"form": "x",
"pos": "u"}
}
,
{
"node": "l",
"frag": "x]",
"id": "P313506.l0594d",
"ref": "P313506.5.12",
"inst": "u",
"f": {"lang": "akk-x-neoass",
"form": "x",
"pos": "u"}
}
,
{
"node": "d",
"type": "line-start",
"ref": "P313506.6",
"n": "4'",
"label": "o 4'"}
,
{
"node": "l",
"frag": "[x]",
"id": "P313506.l0594e",
"ref": "P313506.6.1",
"inst": "u",
"f": {"lang": "akk-x-neoass",
"form": "x",
"pos": "u"}
}
,
{
"node": "c",
"type": "phrase",
"tag": "phr",
"id": "P313506.U4",
"ref": "P313506.ls00000",
"cdl": [
{
"node": "l",
"frag": "TA@v\\m",
"id": "P313506.l0594f",
"ref": "P313506.6.2",
"inst": "issu[from+=from there]PRP",
"sig": "@saao/saa15%akk-x-neoass:TA@v=ištu[from//from]PRP'PRP$issu",
"f": {"lang": "akk-x-neoass",
"form": "TA@v",
"cf": "ištu",
"gw": "from",
"sense": "from",
"norm": "issu",
"pos": "PRP",
"epos": "PRP"}
}
,
{
"node": "l",
"frag": "ŠA₃-⸢bi⸣",
"id": "P313506.l05950",
"ref": "P313506.6.3",
"inst": "libbi[interior]N",
"sig": "@saao/saa15%akk-x-neoass:ŠA₃-bi=libbu[interior//interior]N'N$libbi",
"f": {"lang": "akk-x-neoass",
"form": "ŠA₃-bi",
"cf": "libbu",
"gw": "interior",
"sense": "interior",
"norm": "libbi",
"pos": "N",
"epos": "N"}
}
]}
,
{
"node": "l",
"frag": "šu₂-u₂",
"id": "P313506.l05951",
"ref": "P313506.6.4",
"inst": "šû[he]IP",
"sig": "@saao/saa15%akk-x-neoass:šu₂-u₂=šū[he//he]IP'IP$šû",
"f": {"lang": "akk-x-neoass",
"form": "šu₂-u₂",
"cf": "šū",
"gw": "he",
"sense": "he",
"norm": "šû",
"pos": "IP",
"epos": "IP"}
}
,
{
"node": "l",
"frag": "[x",
"id": "P313506.l05952",
"ref": "P313506.6.5",
"inst": "u",
"f": {"lang": "akk-x-neoass",
"form": "x",
"pos": "u"}
}
,
{
"node": "l",
"frag": "x",
"id": "P313506.l05953",
"ref": "P313506.6.6",
"inst": "u",
"f": {"lang": "akk-x-neoass",
"form": "x",
"pos": "u"}
}
,
{
"node": "l",
"frag": "x",
"id": "P313506.l05954",
"ref": "P313506.6.7",
"inst": "u",
"f": {"lang": "akk-x-neoass",
"form": "x",
"pos": "u"}
}
,
{
"node": "l",
"frag": "x",
"id": "P313506.l05955",
"ref": "P313506.6.8",
"inst": "u",
"f": {"lang": "akk-x-neoass",
"form": "x",
"pos": "u"}
}
,
{
"node": "l",
"frag": "x]",
"id": "P313506.l05956",
"ref": "P313506.6.9",
"inst": "u",
"f": {"lang": "akk-x-neoass",
"form": "x",
"pos": "u"}
}
,
{
"node": "d",
"type": "line-start",
"ref": "P313506.7",
"n": "5'",
"label": "o 5'"}
,
{
"node": "l",
"frag": "[ma]-a",
"id": "P313506.l05957",
"ref": "P313506.7.1",
"inst": "mā[saying]PRP",
"sig": "@saao/saa15%akk-x-neoass:ma-a=mā[saying//saying]PRP'PRP$mā",
"f": {"lang": "akk-x-neoass",
"form": "ma-a",
"cf": "mā",
"gw": "saying",
"sense": "saying",
"norm": "mā",
"pos": "PRP",
"epos": "PRP"}
}
,
{
"node": "l",
"frag": "{1}{d}a-hi-[x]-PAB-ir",
"id": "P313506.l05958",
"ref": "P313506.7.2",
"inst": "u",
"f": {"lang": "akk-x-neoass",
"form": "{1}{d}a-hi-x-PAB-ir",
"pos": "u"}
}
,
{
"node": "l",
"frag": "{lu₂v}03-šu₂",
"id": "P313506.l05959",
"ref": "P313506.7.3",
"inst": "tašlīšu[third man on chariot]N$",
"sig": "@saao/saa15%akk-x-neoass:{LU₂}03-šu₂=tašlīšu[third man on chariot//third man on chariot]N'N$tašlīšu",
"f": {"lang": "akk-x-neoass",
"form": "{LU₂}03-šu₂",
"cf": "tašlīšu",
"gw": "third man on chariot",
"sense": "third man on chariot",
"norm": "tašlīšu",
"pos": "N",
"epos": "N"}
}
,
{
"node": "l",
"frag": "⸢x⸣+[x",
"id": "P313506.l0595a",
"ref": "P313506.7.4",
"inst": "u",
"f": {"lang": "akk-x-neoass",
"form": "x+x",
"pos": "u"}
}
,
{
"node": "l",
"frag": "x]",
"id": "P313506.l0595b",
"ref": "P313506.7.5",
"inst": "u",
"f": {"lang": "akk-x-neoass",
"form": "x",
"pos": "u"}
}
,
{
"node": "d",
"type": "line-start",
"ref": "P313506.8",
"n": "6'",
"label": "o 6'"}
,
{
"node": "c",
"type": "phrase",
"tag": "phr",
"id": "P313506.U5",
"ref": "P313506.ls00001",
"cdl": [
{
"node": "l",
"frag": "[ina]",
"id": "P313506.l0595c",
"ref": "P313506.8.1",
"inst": "ina[in+=instead of]PRP",
"sig": "@saao/saa15%akk-x-neoass:ina=ina[in//in]PRP'PRP$ina",
"f": {"lang": "akk-x-neoass",
"form": "ina",
"cf": "ina",
"gw": "in",
"sense": "in",
"norm": "ina",
"pos": "PRP",
"epos": "PRP"}
}
,
{
"node": "l",
"frag": "ku-mu-u₂-a",
"id": "P313506.l0595d",
"ref": "P313506.8.2",
"inst": "kūm[instead of]PRP$kūmūwa",
"sig": "@saao/saa15%akk-x-neoass:ku-mu-u₂-a=kūm[instead of//instead of]PRP'PRP$kūmūwa",
"f": {"lang": "akk-x-neoass",
"form": "ku-mu-u₂-a",
"cf": "kūm",
"gw": "instead of",
"sense": "instead of",
"norm": "kūmūwa",
"pos": "PRP",
"epos": "PRP"}
}
]}
,
{
"node": "l",
"frag": "is-si-šu₂",
"id": "P313506.l0595e",
"ref": "P313506.8.3",
"inst": "issīšu[with]PRP",
"sig": "@saao/saa15%akk-x-neoass:is-si-šu₂=išti[with//with]PRP'PRP$issīšu",
"f": {"lang": "akk-x-neoass",
"form": "is-si-šu₂",
"cf": "išti",
"gw": "with",
"sense": "with",
"norm": "issīšu",
"pos": "PRP",
"epos": "PRP"}
}
,
{
"node": "l",
"frag": "u₂-sa-ar₂-⸢x⸣+[x",
"id": "P313506.l0595f",
"ref": "P313506.8.4",
"inst": "u",
"f": {"lang": "akk-x-neoass",
"form": "u₂-sa-ar₂-x+x",
"pos": "u"}
}
,
{
"node": "l",
"frag": "x",
"id": "P313506.l05960",
"ref": "P313506.8.5",
"inst": "u",
"f": {"lang": "akk-x-neoass",
"form": "x",
"pos": "u"}
}
,
{
"node": "l",
"frag": "x]",
"id": "P313506.l05961",
"ref": "P313506.8.6",
"inst": "u",
"f": {"lang": "akk-x-neoass",
"form": "x",
"pos": "u"}
}
,
{
"node": "d",
"type": "line-start",
"ref": "P313506.9",
"n": "7'",
"label": "o 7'"}
,
{
"node": "l",
"frag": "ma-a",
"id": "P313506.l05962",
"ref": "P313506.9.1",
"inst": "mā[saying]PRP",
"sig": "@saao/saa15%akk-x-neoass:ma-a=mā[saying//saying]PRP'PRP$mā",
"f": {"lang": "akk-x-neoass",
"form": "ma-a",
"cf": "mā",
"gw": "saying",
"sense": "saying",
"norm": "mā",
"pos": "PRP",
"epos": "PRP"}
}
,
{
"node": "l",
"frag": "is-si-ia",
"id": "P313506.l05963",
"ref": "P313506.9.2",
"inst": "issīya[with]PRP",
"sig": "@saao/saa15%akk-x-neoass:is-si-ia=išti[with//with]PRP'PRP$issīya",
"f": {"lang": "akk-x-neoass",
"form": "is-si-ia",
"cf": "išti",
"gw": "with",
"sense": "with",
"norm": "issīya",
"pos": "PRP",
"epos": "PRP"}
}
,
{
"node": "l",
"frag": "la",
"id": "P313506.l05964",
"ref": "P313506.9.3",
"inst": "lā[not]MOD",
"sig": "@saao/saa15%akk-x-neoass:la=lā[not//not]MOD'MOD$lā",
"f": {"lang": "akk-x-neoass",
"form": "la",
"cf": "lā",
"gw": "not",
"sense": "not",
"norm": "lā",
"pos": "MOD",
"epos": "MOD"}
}
,
{
"node": "l",
"frag": "⸢i-da⸣-ab-bu-ub",
"id": "P313506.l05965",
"ref": "P313506.9.4",
"inst": "idabbub[speak]V",
"sig": "@saao/saa15%akk-x-neoass:i-da-ab-bu-ub=dabābu[speak//speak]V'V$idabbub",
"f": {"lang": "akk-x-neoass",
"form": "i-da-ab-bu-ub",
"cf": "dabābu",
"gw": "speak",
"sense": "speak",
"norm": "idabbub",
"pos": "V",
"epos": "V"}
}
,
{
"node": "l",
"frag": "ma-a",
"id": "P313506.l05966",
"ref": "P313506.9.5",
"inst": "mā[saying]PRP",
"sig": "@saao/saa15%akk-x-neoass:ma-a=mā[saying//saying]PRP'PRP$mā",
"f": {"lang": "akk-x-neoass",
"form": "ma-a",
"cf": "mā",
"gw": "saying",
"sense": "saying",
"norm": "mā",
"pos": "PRP",
"epos": "PRP"}
}
,
{
"node": "d",
"type": "line-start",
"ref": "P313506.10",
"n": "8'",
"label": "o 8'"}
,
{
"node": "l",
"frag": "u₂-ma-a",
"id": "P313506.l05967",
"ref": "P313506.10.1",
"inst": "ūmâ[now]AV",
"sig": "@saao/saa15%akk-x-neoass:u₂-ma-a=ūma[today//now]AV'AV$ūmâ",
"f": {"lang": "akk-x-neoass",
"form": "u₂-ma-a",
"cf": "ūma",
"gw": "today",
"sense": "now",
"norm": "ūmâ",
"pos": "AV",
"epos": "AV"}
}
,
{
"node": "l",
"frag": "ERIM-MEŠ",
"id": "P313506.l05968",
"ref": "P313506.10.2",
"inst": "ṣābāni[troops]N",
"sig": "@saao/saa15%akk-x-neoass:ERIM-MEŠ=ṣābu[people//troops]N'N$ṣābāni",
"f": {"lang": "akk-x-neoass",
"form": "ERIM-MEŠ",
"cf": "ṣābu",
"gw": "people",
"sense": "troops",
"norm": "ṣābāni",
"pos": "N",
"epos": "N"}
}
,
{
"node": "l",
"frag": "i-sa-⸢ad⸣-bi-ib",
"id": "P313506.l05969",
"ref": "P313506.10.3",
"inst": "dabābu[speak//incite]V$issadbib",
"sig": "@saao/saa15%akk-x-neoass:i-sa-ad-bi-ib=dabābu[speak//incite]V'V$issadbib",
"f": {"lang": "akk-x-neoass",
"form": "i-sa-ad-bi-ib",
"cf": "dabābu",
"gw": "speak",
"sense": "incite",
"norm": "issadbib",
"pos": "V",
"epos": "V"}
}
,
{
"node": "l",
"frag": "ma-a",
"id": "P313506.l0596a",
"ref": "P313506.10.4",
"inst": "mā[saying]PRP",
"sig": "@saao/saa15%akk-x-neoass:ma-a=mā[saying//saying]PRP'PRP$mā",
"f": {"lang": "akk-x-neoass",
"form": "ma-a",
"cf": "mā",
"gw": "saying",
"sense": "saying",
"norm": "mā",
"pos": "PRP",
"epos": "PRP"}
}
,
{
"node": "l",
"frag": "la-ad-⸢x⸣+[x]",
"id": "P313506.l0596b",
"ref": "P313506.10.5",
"inst": "u",
"f": {"lang": "akk-x-neoass",
"form": "la-ad-x+x",
"pos": "u"}
}
,
{
"node": "d",
"type": "line-start",
"ref": "P313506.11",
"n": "9'",
"label": "o 9'"}
,
{
"node": "c",
"type": "phrase",
"tag": "phr",
"id": "P313506.U6",
"ref": "P313506.ls00002",
"cdl": [
{
"node": "l",
"frag": "ina",
"id": "P313506.l0596c",
"ref": "P313506.11.1",
"inst": "ina[in+=to]PRP",
"sig": "@saao/saa15%akk-x-neoass:ina=ina[in//in]PRP'PRP$ina",
"f": {"lang": "akk-x-neoass",
"form": "ina",
"cf": "ina",
"gw": "in",
"sense": "in",
"norm": "ina",
"pos": "PRP",
"epos": "PRP"}
}
,
{
"node": "l",
"frag": "UGU",
"id": "P313506.l0596d",
"ref": "P313506.11.2",
"inst": "muhhi[skull]N",
"sig": "@saao/saa15%akk-x-neoass:UGU=muhhu[skull//skull]N'N$muhhi",
"f": {"lang": "akk-x-neoass",
"form": "UGU",
"cf": "muhhu",
"gw": "skull",
"sense": "skull",
"norm": "muhhi",
"pos": "N",
"epos": "N"}
}
]}
,
{
"node": "l",
"frag": "LUGAL",
"id": "P313506.l0596e",
"ref": "P313506.11.3",
"inst": "šarri[king]N",
"sig": "@saao/saa15%akk-x-neoass:LUGAL=šarru[king//king]N'N$šarri",
"f": {"lang": "akk-x-neoass",
"form": "LUGAL",
"cf": "šarru",
"gw": "king",
"sense": "king",
"norm": "šarri",
"pos": "N",
"epos": "N"}
}
,
{
"node": "l",
"frag": "⸢la⸣-ah-li-qa",
"id": "P313506.l0596f",
"ref": "P313506.11.4",
"inst": "halāqu[be(come) lost//run away]V$lahliqa",
"sig": "@saao/saa15%akk-x-neoass:la-ah-li-qa=halāqu[be(come) lost//run away]V'V$lahliqa",
"f": {"lang": "akk-x-neoass",
"form": "la-ah-li-qa",
"cf": "halāqu",
"gw": "be(come) lost",
"sense": "run away",
"norm": "lahliqa",
"pos": "V",
"epos": "V"}
}
,
{
"node": "l",
"frag": "ma-a",
"id": "P313506.l05970",
"ref": "P313506.11.5",
"inst": "mā[saying]PRP",
"sig": "@saao/saa15%akk-x-neoass:ma-a=mā[saying//saying]PRP'PRP$mā",
"f": {"lang": "akk-x-neoass",
"form": "ma-a",
"cf": "mā",
"gw": "saying",
"sense": "saying",
"norm": "mā",
"pos": "PRP",
"epos": "PRP"}
}
,
{
"node": "l",
"frag": "MU",
"id": "P313506.l05971",
"ref": "P313506.11.6",
"inst": "šumu[name]N$šum",
"sig": "@saao/saa15%akk-x-neoass:MU=šumu[name//name]N'N$šum",
"f": {"lang": "akk-x-neoass",
"form": "MU",
"cf": "šumu",
"gw": "name",
"sense": "name",
"norm": "šum",
"pos": "N",
"epos": "N"}
}
,
{
"node": "l",
"frag": "DINGIR",
"id": "P313506.l05972",
"ref": "P313506.11.7",
"inst": "ilu[god]N$ili",
"sig": "@saao/saa15%akk-x-neoass:DINGIR=ilu[god//god]N'N$ili",
"f": {"lang": "akk-x-neoass",
"form": "DINGIR",
"cf": "ilu",
"gw": "god",
"sense": "god",
"norm": "ili",
"pos": "N",
"epos": "N"}
}
,
{
"node": "l",
"frag": "⸢LUGAL⸣",
"id": "P313506.l05973",
"ref": "P313506.11.8",
"inst": "šarru[king]N",
"sig": "@saao/saa15%akk-x-neoass:LUGAL=šarru[king//king]N'N$šarru",
"f": {"lang": "akk-x-neoass",
"form": "LUGAL",
"cf": "šarru",
"gw": "king",
"sense": "king",
"norm": "šarru",
"pos": "N",
"epos": "N"}
}
,
{
"node": "d",
"type": "line-start",
"ref": "P313506.12",
"n": "10'",
"label": "o 10'"}
,
{
"node": "l",
"frag": "lu-še-li-a",
"id": "P313506.l05974",
"ref": "P313506.12.1",
"inst": "elû[go up//swear]V$lušēlia",
"sig": "@saao/saa15%akk-x-neoass:lu-še-li-a=elû[go up//swear]V'V$lušēlia",
"f": {"lang": "akk-x-neoass",
"form": "lu-še-li-a",
"cf": "elû",
"gw": "go up",
"sense": "swear",
"norm": "lušēlia",
"pos": "V",
"epos": "V"}
}
,
{
"node": "l",
"frag": "⸢ma⸣-a",
"id": "P313506.l05975",
"ref": "P313506.12.2",
"inst": "mā[saying]PRP",
"sig": "@saao/saa15%akk-x-neoass:ma-a=mā[saying//saying]PRP'PRP$mā",
"f": {"lang": "akk-x-neoass",
"form": "ma-a",
"cf": "mā",
"gw": "saying",
"sense": "saying",
"norm": "mā",
"pos": "PRP",
"epos": "PRP"}
}
,
{
"node": "l",
"frag": "šum₂\\p-⸢ma⸣",
"id": "P313506.l05976",
"ref": "P313506.12.3",
"inst": "šumma[if]MOD",
"sig": "@saao/saa15%akk-x-neoass:šum₂-ma=šumma[if//if]MOD'MOD$šumma",
"f": {"lang": "akk-x-neoass",
"form": "šum₂-ma",
"cf": "šumma",
"gw": "if",
"sense": "if",
"norm": "šumma",
"pos": "MOD",
"epos": "MOD"}
}
,
{
"node": "l",
"frag": "ki-ma",
"id": "P313506.l05977",
"ref": "P313506.12.4",
"inst": "kīma[like//when]PRP'SBJ",
"sig": "@saao/saa15%akk-x-neoass:ki-ma=kīma[like//when]PRP'SBJ$kīma",
"f": {"lang": "akk-x-neoass",
"form": "ki-ma",
"cf": "kīma",
"gw": "like",
"sense": "when",
"norm": "kīma",
"pos": "PRP",
"epos": "SBJ"}
}
,
{
"node": "l",
"frag": "LUGAL",
"id": "P313506.l05978",
"ref": "P313506.12.5",
"inst": "šarri[king]N",
"sig": "@saao/saa15%akk-x-neoass:LUGAL=šarru[king//king]N'N$šarri",
"f": {"lang": "akk-x-neoass",
"form": "LUGAL",
"cf": "šarru",
"gw": "king",
"sense": "king",
"norm": "šarri",
"pos": "N",
"epos": "N"}
}
,
{
"node": "l",
"frag": "a-na",
"id": "P313506.l05979",
"ref": "P313506.12.6",
"inst": "ana[to]PRP",
"sig": "@saao/saa15%akk-x-neoass:a-na=ana[to//to]PRP'PRP$ana",
"f": {"lang": "akk-x-neoass",
"form": "a-na",
"cf": "ana",
"gw": "to",
"sense": "to",
"norm": "ana",
"pos": "PRP",
"epos": "PRP"}
}
,
{
"node": "l",
"frag": "{⸢kur⸣}kal-⸢di⸣",
"id": "P313506.l0597a",
"ref": "P313506.12.7",
"inst": "Kaldi[Chaldea]GN",
"sig": "@saao/saa15%akk-x-neoass:{KUR}kal-di=Kaldu[Chaldea//Chaldea]GN'GN$Kaldi",
"f": {"lang": "akk-x-neoass",
"form": "{KUR}kal-di",
"cf": "Kaldu",
"gw": "Chaldea",
"sense": "Chaldea",
"norm": "Kaldi",
"pos": "GN",
"epos": "GN"}
}
,
{
"node": "d",
"type": "line-start",
"ref": "P313506.13",
"n": "11'",
"label": "o 11'"}
,
{
"node": "l",
"frag": "it-tal-ka",
"id": "P313506.l0597b",
"ref": "P313506.13.1",
"inst": "ittalka[come]V",
"sig": "@saao/saa15%akk-x-neoass:it-tal-ka=alāku[go//come]V'V$ittalka",
"f": {"lang": "akk-x-neoass",
"form": "it-tal-ka",
"cf": "alāku",
"gw": "go",
"sense": "come",
"norm": "ittalka",
"pos": "V",
"epos": "V"}
}
,
{
"node": "l",
"frag": "UN-MEŠ-ia",
"id": "P313506.l0597c",
"ref": "P313506.13.2",
"inst": "nišēya[people]N",
"sig": "@saao/saa15%akk-x-neoass:UN-MEŠ-ia=nišu[people//people]N'N$nišēya",
"f": {"lang": "akk-x-neoass",
"form": "UN-MEŠ-ia",
"cf": "nišu",
"gw": "people",
"sense": "people",
"norm": "nišēya",
"pos": "N",
"epos": "N"}
}
,
{
"node": "l",
"frag": "am-mar",
"id": "P313506.l0597d",
"ref": "P313506.13.3",
"inst": "ammar[as many as]REL",
"sig": "@saao/saa15%akk-x-neoass:am-mar=ammar[as much as//as many as]REL'REL$ammar",
"f": {"lang": "akk-x-neoass",
"form": "am-mar",
"cf": "ammar",
"gw": "as much as",
"sense": "as many as",
"norm": "ammar",
"pos": "REL",
"epos": "REL"}
}
,
{
"node": "c",
"type": "phrase",
"tag": "phr",
"id": "P313506.U7",
"ref": "P313506.ls00003",
"cdl": [
{
"node": "l",
"frag": "ina",
"id": "P313506.l0597e",
"ref": "P313506.13.4",
"inst": "ina[in+=there]PRP",
"sig": "@saao/saa15%akk-x-neoass:ina=ina[in//in]PRP'PRP$ina",
"f": {"lang": "akk-x-neoass",
"form": "ina",
"cf": "ina",
"gw": "in",
"sense": "in",
"norm": "ina",
"pos": "PRP",
"epos": "PRP"}
}
,
{
"node": "l",
"frag": "ŠA₃-bi",
"id": "P313506.l0597f",
"ref": "P313506.13.5",
"inst": "libbi[interior]N",
"sig": "@saao/saa15%akk-x-neoass:ŠA₃-bi=libbu[interior//interior]N'N$libbi",
"f": {"lang": "akk-x-neoass",
"form": "ŠA₃-bi",
"cf": "libbu",
"gw": "interior",
"sense": "interior",
"norm": "libbi",
"pos": "N",
"epos": "N"}
}
]}
,
{
"node": "d",
"type": "line-start",
"ref": "P313506.14",
"n": "12'",
"label": "o 12'"}
,
{
"node": "l",
"frag": "a-ka-aš₂-ša₂-du\\d-u-ni",
"id": "P313506.l05980",
"ref": "P313506.14.1",
"inst": "kašādu[reach//conquer]V$akaššadūni",
"sig": "@saao/saa15%akk-x-neoass:a-ka-aš₂-ša₂-du-u-ni=kašādu[reach//conquer]V'V$akaššadūni",
"f": {"lang": "akk-x-neoass",
"form": "a-ka-aš₂-ša₂-du-u-ni",
"cf": "kašādu",
"gw": "reach",
"sense": "conquer",
"norm": "akaššadūni",
"pos": "V",
"epos": "V"}
}
,
{
"node": "l",
"frag": "LUGAL\\t",
"id": "P313506.l05981",
"ref": "P313506.14.2",
"inst": "šarru[king]N",
"sig": "@saao/saa15%akk-x-neoass:LUGAL=šarru[king//king]N'N$šarru",
"f": {"lang": "akk-x-neoass",
"form": "LUGAL",
"cf": "šarru",
"gw": "king",
"sense": "king",
"norm": "šarru",
"pos": "N",
"epos": "N"}
}
,
{
"node": "l",
"frag": "lid-di-na",
"id": "P313506.l05982",
"ref": "P313506.14.3",
"inst": "tadānu[give]V$liddina",
"sig": "@saao/saa15%akk-x-neoass:lid-di-na=tadānu[give//give]V'V$liddina",
"f": {"lang": "akk-x-neoass",
"form": "lid-di-na",
"cf": "tadānu",
"gw": "give",
"sense": "give",
"norm": "liddina",
"pos": "V",
"epos": "V"}
}
,
{
"node": "d",
"type": "nonx",
"ref": "P313506.15",
"strict": "0",
"extent": "1",
"scope": "line",
"state": "other"}
,
{
"node": "d",
"type": "line-start",
"ref": "P313506.16",
"n": "13'",
"label": "o 13'"}
,
{
"node": "l",
"frag": "[x",
"id": "P313506.l05983",
"ref": "P313506.16.1",
"inst": "u",
"f": {"lang": "akk-x-neoass",
"form": "x",
"pos": "u"}
}
,
{
"node": "l",
"frag": "x",
"id": "P313506.l05984",
"ref": "P313506.16.2",
"inst": "u",
"f": {"lang": "akk-x-neoass",
"form": "x",
"pos": "u"}
}
,
{
"node": "l",
"frag": "x",
"id": "P313506.l05985",
"ref": "P313506.16.3",
"inst": "u",
"f": {"lang": "akk-x-neoass",
"form": "x",
"pos": "u"}
}
,
{
"node": "l",
"frag": "x",
"id": "P313506.l05986",
"ref": "P313506.16.4",
"inst": "u",
"f": {"lang": "akk-x-neoass",
"form": "x",
"pos": "u"}
}
,
{
"node": "l",
"frag": "a].⸢a⸣-ši",
"id": "P313506.l05987",
"ref": "P313506.16.5",
"inst": "ayāši[me]IP",
"sig": "@saao/saa15%akk-x-neoass:a.a-ši=yâšim[to me//me]IP'IP$ayāši",
"f": {"lang": "akk-x-neoass",
"form": "a.a-ši",
"cf": "yâšim",
"gw": "to me",
"sense": "me",
"norm": "ayāši",
"pos": "IP",
"epos": "IP"}
}
,
{
"node": "l",
"frag": "02-šu₂\\d",
"id": "P313506.l05988",
"ref": "P313506.16.6",
"inst": "šinīšu[twice]AV",
"sig": "@saao/saa15%akk-x-neoass:02-šu₂=šinīšu[twice//twice]AV'AV$šinīšu",
"f": {"lang": "akk-x-neoass",
"form": "02-šu₂",
"cf": "šinīšu",
"gw": "twice",
"sense": "twice",
"norm": "šinīšu",
"pos": "AV",
"epos": "AV"}
}
,
{
"node": "l",
"frag": "03-šu₂",
"id": "P313506.l05989",
"ref": "P313506.16.7",
"inst": "šalāšīšu[three times]AV",
"sig": "@saao/saa15%akk-x-neoass:03-šu₂=šalāšī-[three times//three times]AV'AV$šalāšīšu",
"f": {"lang": "akk-x-neoass",
"form": "03-šu₂",
"cf": "šalāšī-",
"gw": "three times",
"sense": "three times",
"norm": "šalāšīšu",
"pos": "AV",
"epos": "AV"}
}
,
{
"node": "c",
"type": "phrase",
"tag": "phr",
"id": "P313506.U8",
"ref": "P313506.ls00004",
"cdl": [
{
"node": "l",
"frag": "ina",
"id": "P313506.l0598a",
"ref": "P313506.16.8",
"inst": "ina[in+=about]PRP",
"sig": "@saao/saa15%akk-x-neoass:ina=ina[in//in]PRP'PRP$ina",
"f": {"lang": "akk-x-neoass",
"form": "ina",
"cf": "ina",
"gw": "in",
"sense": "in",
"norm": "ina",
"pos": "PRP",
"epos": "PRP"}
}
,
{
"node": "l",
"frag": "UGU",
"id": "P313506.l0598b",
"ref": "P313506.16.9",
"inst": "muhhi[skull]N",
"sig": "@saao/saa15%akk-x-neoass:UGU=muhhu[skull//skull]N'N$muhhi",
"f": {"lang": "akk-x-neoass",
"form": "UGU",
"cf": "muhhu",
"gw": "skull",
"sense": "skull",
"norm": "muhhi",
"pos": "N",
"epos": "N"}
}
]}
,
{
"node": "d",
"type": "line-start",
"ref": "P313506.17",
"n": "14'",
"label": "o 14'"}
,
{
"node": "l",
"frag": "[x",
"id": "P313506.l0598c",
"ref": "P313506.17.1",
"inst": "u",
"f": {"lang": "akk-x-neoass",
"form": "x",
"pos": "u"}
}
,
{
"node": "l",
"frag": "x",
"id": "P313506.l0598d",
"ref": "P313506.17.2",
"inst": "u",
"f": {"lang": "akk-x-neoass",
"form": "x",
"pos": "u"}
}
,
{
"node": "l",
"frag": "x",
"id": "P313506.l0598e",
"ref": "P313506.17.3",
"inst": "u",
"f": {"lang": "akk-x-neoass",
"form": "x",
"pos": "u"}
}
,
{
"node": "l",
"frag": "x",
"id": "P313506.l0598f",
"ref": "P313506.17.4",
"inst": "u",
"f": {"lang": "akk-x-neoass",
"form": "x",
"pos": "u"}
}
,
{
"node": "l",
"frag": "x]",
"id": "P313506.l05990",
"ref": "P313506.17.5",
"inst": "u",
"f": {"lang": "akk-x-neoass",
"form": "x",
"pos": "u"}
}
,
{
"node": "l",
"frag": "⸢x",
"id": "P313506.l05991",
"ref": "P313506.17.6",
"inst": "u",
"f": {"lang": "akk-x-neoass",
"form": "x",
"pos": "u"}
}
,
{
"node": "l",
"frag": "x",
"id": "P313506.l05992",
"ref": "P313506.17.7",
"inst": "u",
"f": {"lang": "akk-x-neoass",
"form": "x",
"pos": "u"}
}
,
{
"node": "l",
"frag": "x",
"id": "P313506.l05993",
"ref": "P313506.17.8",
"inst": "u",
"f": {"lang": "akk-x-neoass",
"form": "x",
"pos": "u"}
}
,
{
"node": "l",
"frag": "{kur⸣}NIM.MA",
"id": "P313506.l05994",
"ref": "P313506.17.9",
"inst": "Elamtu[Elam]GN$",
"sig": "@saao/saa15%akk-x-neoass:{KUR}NIM.MA=Elamtu[Elam//Elam]GN'GN$Elamtu",
"f": {"lang": "akk-x-neoass",
"form": "{KUR}NIM.MA",
"cf": "Elamtu",
"gw": "Elam",
"sense": "Elam",
"norm": "Elamtu",
"pos": "GN",
"epos": "GN"}
}
,
{
"node": "d",
"type": "line-start",
"ref": "P313506.18",
"n": "15'",
"label": "o 15'"}
,
{
"node": "l",
"frag": "[x",
"id": "P313506.l05995",
"ref": "P313506.18.1",
"inst": "u",
"f": {"lang": "akk-x-neoass",
"form": "x",
"pos": "u"}
}
,
{
"node": "l",
"frag": "x",
"id": "P313506.l05996",
"ref": "P313506.18.2",
"inst": "u",
"f": {"lang": "akk-x-neoass",
"form": "x",
"pos": "u"}
}
,
{
"node": "l",
"frag": "x",
"id": "P313506.l05997",
"ref": "P313506.18.3",
"inst": "u",
"f": {"lang": "akk-x-neoass",
"form": "x",
"pos": "u"}
}
,
{
"node": "l",
"frag": "x",
"id": "P313506.l05998",
"ref": "P313506.18.4",
"inst": "u",
"f": {"lang": "akk-x-neoass",
"form": "x",
"pos": "u"}
}
,
{
"node": "l",
"frag": "x",
"id": "P313506.l05999",
"ref": "P313506.18.5",
"inst": "u",
"f": {"lang": "akk-x-neoass",
"form": "x",
"pos": "u"}
}
,
{
"node": "l",
"frag": "x",
"id": "P313506.l0599a",
"ref": "P313506.18.6",
"inst": "u",
"f": {"lang": "akk-x-neoass",
"form": "x",
"pos": "u"}
}
,
{
"node": "l",
"frag": "x",
"id": "P313506.l0599b",
"ref": "P313506.18.7",
"inst": "u",
"f": {"lang": "akk-x-neoass",
"form": "x",
"pos": "u"}
}
,
{
"node": "l",
"frag": "x",
"id": "P313506.l0599c",
"ref": "P313506.18.8",
"inst": "u",
"f": {"lang": "akk-x-neoass",
"form": "x",
"pos": "u"}
}
,
{
"node": "l",
"frag": "x",
"id": "P313506.l0599d",
"ref": "P313506.18.9",
"inst": "u",
"f": {"lang": "akk-x-neoass",
"form": "x",
"pos": "u"}
}
,
{
"node": "l",
"frag": "x",
"id": "P313506.l0599e",
"ref": "P313506.18.10",
"inst": "u",
"f": {"lang": "akk-x-neoass",
"form": "x",
"pos": "u"}
}
,
{
"node": "l",
"frag": "x]",
"id": "P313506.l0599f",
"ref": "P313506.18.11",
"inst": "u",
"f": {"lang": "akk-x-neoass",
"form": "x",
"pos": "u"}
}
,
{
"node": "l",
"frag": "⸢ti⸣",
"id": "P313506.l059a0",
"ref": "P313506.18.12",
"inst": "u",
"f": {"lang": "akk-x-neoass",
"form": "ti",
"pos": "u"}
}
,
{
"node": "d",
"type": "nonx",
"ref": "P313506.19",
"strict": "0",
"extent": "rest",
"state": "missing"}
,
{
"node": "d",
"subtype": "reverse",
"type": "surface",
"ref": "P313506.r.20",
"type": "reverse",
"label": "r"}
,
{
"node": "d",
"type": "nonx",
"ref": "P313506.21",
"strict": "0",
"state": "other"}
]}
]}
]}
,
{
"linkbase": [{
"type": "linkset",
"xlink_title": "ištu libbi[from//from out of]PRP'PRP",
"id": "P313506.ls00000",
"xlink_type": "extended",
"xlink_role": "psu",
"sig": "{ištu[from]PRP libbu[interior]N += ištu libbi[from//from out of]PRP'PRP}::@saao%akk-x-neoass:TA@v=ištu[from//from]PRP'PRP$issu++@saao%akk-x-neoass:ŠA₃-bi=libbu[interior//interior]N'N$libbi",
"links": [
{
"type": "link",
"xlink_title": "issu",
"xlink_type": "locator",
"xlink_href": "#P313506.l0594f",
"xlink_role": "elt"}
,
{
"type": "link",
"xlink_title": "libbi",
"xlink_type": "locator",
"xlink_href": "#P313506.l05950",
"xlink_role": "elt"}
]}
,
{
"type": "linkset",
"xlink_title": "ina kūm[instead of//instead of]PRP'PRP",
"id": "P313506.ls00001",
"xlink_type": "extended",
"xlink_role": "psu",
"sig": "{ina[in]PRP kūm[instead of]PRP += ina kūm[instead of//instead of]PRP'PRP}::@saao%akk-x-neoass:ina=ina[in//into]PRP'PRP$ina++@saao%akk-x-neoass:ku-mu-u₂-a=kūm[instead of//instead of]PRP'PRP$kūmūwa",
"links": [
{
"type": "link",
"xlink_title": "ina",
"xlink_type": "locator",
"xlink_href": "#P313506.l0595c",
"xlink_role": "elt"}
,
{
"type": "link",
"xlink_title": "kūm",
"xlink_type": "locator",
"xlink_href": "#P313506.l0595d",
"xlink_role": "elt"}
]}
,
{
"type": "linkset",
"xlink_title": "ina muhhi[on//about]PRP'PRP",
"id": "P313506.ls00002",
"xlink_type": "extended",
"xlink_role": "psu",
"sig": "{ina[in]PRP muhhu[skull]N += ina muhhi[on//about]PRP'PRP}::@saao%akk-x-neoass:ina=ina[in//into]PRP'PRP$ina++@saao%akk-x-neoass:UGU=muhhu[skull//skull]N'N$muhhi",
"links": [
{
"type": "link",
"xlink_title": "ina",
"xlink_type": "locator",
"xlink_href": "#P313506.l0596c",
"xlink_role": "elt"}
,
{
"type": "link",
"xlink_title": "muhhi",
"xlink_type": "locator",
"xlink_href": "#P313506.l0596d",
"xlink_role": "elt"}
]}
,
{
"type": "linkset",
"xlink_title": "ina libbi[in//(in exchange) for]PRP'PRP",
"id": "P313506.ls00003",
"xlink_type": "extended",
"xlink_role": "psu",
"sig": "{ina[in]PRP libbu[interior]N += ina libbi[in//(in exchange) for]PRP'PRP}::@saao%akk-x-neoass:ina=ina[in//into]PRP'PRP$ina++@saao%akk-x-neoass:ŠA₃-bi=libbu[interior//interior]N'N$libbi",
"links": [
{
"type": "link",
"xlink_title": "ina",
"xlink_type": "locator",
"xlink_href": "#P313506.l0597e",
"xlink_role": "elt"}
,
{
"type": "link",
"xlink_title": "libbi",
"xlink_type": "locator",
"xlink_href": "#P313506.l0597f",
"xlink_role": "elt"}
]}
,
{
"type": "linkset",
"xlink_title": "ina muhhi[on//about]PRP'PRP",
"id": "P313506.ls00004",
"xlink_type": "extended",
"xlink_role": "psu",
"sig": "{ina[in]PRP muhhu[skull]N += ina muhhi[on//about]PRP'PRP}::@saao%akk-x-neoass:ina=ina[in//into]PRP'PRP$ina++@saao%akk-x-neoass:UGU=muhhu[skull//skull]N'N$muhhi",
"links": [
{
"type": "link",
"xlink_title": "ina",
"xlink_type": "locator",
"xlink_href": "#P313506.l0598a",
"xlink_role": "elt"}
,
{
"type": "link",
"xlink_title": "muhhi",
"xlink_type": "locator",
"xlink_href": "#P313506.l0598b",
"xlink_role": "elt"}
]}
]}
]}
