{
"type": "cdl",
  "source": "http://oracc.org/saao/saa15",
  "license": "This data is released under the CC0 license",
  "license-url": "https://creativecommons.org/publicdomain/zero/1.0/",
  "more-info": "http://oracc.org/doc/opendata/",
  "UTC-timestamp": "2017-05-19T11:53:04",
"project": "saao/saa15",
"textid": "P313573",
"cdl": [
{
"node": "c",
"type": "text",
"id": "P313573.U0",
"cdl": [
{
"node": "d",
"type": "object",
"ref": ""}
,
{
"node": "d",
"subtype": "obverse",
"type": "surface",
"ref": "P313573.o.1",
"type": "obverse",
"label": "o"}
,
{
"node": "c",
"type": "discourse",
"subtype": "body",
"id": "P313573.U1",
"cdl": [
{
"node": "c",
"type": "sentence",
"id": "P313573.U2",
"label": "o 1 - o 16'",
"cdl": [
{
"node": "d",
"type": "line-start",
"ref": "P313573.2",
"n": "1",
"label": "o 1"}
,
{
"node": "l",
"frag": "[a-na",
"id": "P313573.l00ea7",
"ref": "P313573.2.1",
"inst": "ana[to]PRP",
"sig": "@saao/saa15%akk-x-neoass:a-na=ana[to//to]PRP'PRP$ana",
"f": {"lang": "akk-x-neoass",
"form": "a-na",
"cf": "ana",
"gw": "to",
"sense": "to",
"norm": "ana",
"pos": "PRP",
"epos": "PRP"}
}
,
{
"node": "l",
"frag": "LUGAL",
"id": "P313573.l00ea8",
"ref": "P313573.2.2",
"inst": "šarri[king]N",
"sig": "@saao/saa15%akk-x-neoass:LUGAL=šarru[king//king]N'N$šarri",
"f": {"lang": "akk-x-neoass",
"form": "LUGAL",
"cf": "šarru",
"gw": "king",
"sense": "king",
"norm": "šarri",
"pos": "N",
"epos": "N"}
}
,
{
"node": "l",
"frag": "be-li₂-ia₂]",
"id": "P313573.l00ea9",
"ref": "P313573.2.3",
"inst": "bēlīya[lord]N",
"sig": "@saao/saa15%akk-x-neoass:be-li₂-ia₂=bēlu[lord//lord]N'N$bēlīya",
"f": {"lang": "akk-x-neoass",
"form": "be-li₂-ia₂",
"cf": "bēlu",
"gw": "lord",
"sense": "lord",
"norm": "bēlīya",
"pos": "N",
"epos": "N"}
}
,
{
"node": "d",
"type": "line-start",
"ref": "P313573.3",
"n": "2",
"label": "o 2"}
,
{
"node": "l",
"frag": "[ARAD-ka",
"id": "P313573.l00eaa",
"ref": "P313573.3.1",
"inst": "urdaka[servant]N",
"sig": "@saao/saa15%akk-x-neoass:ARAD-ka=ardu[slave//servant]N'N$urdaka",
"f": {"lang": "akk-x-neoass",
"form": "ARAD-ka",
"cf": "ardu",
"gw": "slave",
"sense": "servant",
"norm": "urdaka",
"pos": "N",
"epos": "N"}
}
,
{
"node": "l",
"frag": "{1}x",
"id": "P313573.l00eab",
"ref": "P313573.3.2",
"inst": "u",
"f": {"lang": "akk-x-neoass",
"form": "{1}x",
"pos": "u"}
}
,
{
"node": "l",
"frag": "x",
"id": "P313573.l00eac",
"ref": "P313573.3.3",
"inst": "u",
"f": {"lang": "akk-x-neoass",
"form": "x",
"pos": "u"}
}
,
{
"node": "l",
"frag": "x",
"id": "P313573.l00ead",
"ref": "P313573.3.4",
"inst": "u",
"f": {"lang": "akk-x-neoass",
"form": "x",
"pos": "u"}
}
,
{
"node": "l",
"frag": "x",
"id": "P313573.l00eae",
"ref": "P313573.3.5",
"inst": "u",
"f": {"lang": "akk-x-neoass",
"form": "x",
"pos": "u"}
}
,
{
"node": "l",
"frag": "lu",
"id": "P313573.l00eaf",
"ref": "P313573.3.6",
"inst": "lū[may]MOD",
"sig": "@saao/saa15%akk-x-neoass:lu=lū[may//may]MOD'MOD$lū",
"f": {"lang": "akk-x-neoass",
"form": "lu",
"cf": "lū",
"gw": "may",
"sense": "may",
"norm": "lū",
"pos": "MOD",
"epos": "MOD"}
}
,
{
"node": "l",
"frag": "DI-mu]",
"id": "P313573.l00eb0",
"ref": "P313573.3.7",
"inst": "šulmu[health]N",
"sig": "@saao/saa15%akk-x-neoass:DI-mu=šulmu[completeness//health]N'N$šulmu",
"f": {"lang": "akk-x-neoass",
"form": "DI-mu",
"cf": "šulmu",
"gw": "completeness",
"sense": "health",
"norm": "šulmu",
"pos": "N",
"epos": "N"}
}
,
{
"node": "d",
"type": "line-start",
"ref": "P313573.4",
"n": "3",
"label": "o 3"}
,
{
"node": "l",
"frag": "[a-na]",
"id": "P313573.l00eb1",
"ref": "P313573.4.1",
"inst": "ana[to]PRP",
"sig": "@saao/saa15%akk-x-neoass:a-na=ana[to//to]PRP'PRP$ana",
"f": {"lang": "akk-x-neoass",
"form": "a-na",
"cf": "ana",
"gw": "to",
"sense": "to",
"norm": "ana",
"pos": "PRP",
"epos": "PRP"}
}
,
{
"node": "l",
"frag": "LUGAL",
"id": "P313573.l00eb2",
"ref": "P313573.4.2",
"inst": "šarri[king]N",
"sig": "@saao/saa15%akk-x-neoass:LUGAL=šarru[king//king]N'N$šarri",
"f": {"lang": "akk-x-neoass",
"form": "LUGAL",
"cf": "šarru",
"gw": "king",
"sense": "king",
"norm": "šarri",
"pos": "N",
"epos": "N"}
}
,
{
"node": "l",
"frag": "EN-ia₂",
"id": "P313573.l00eb3",
"ref": "P313573.4.3",
"inst": "bēlīya[lord]N",
"sig": "@saao/saa15%akk-x-neoass:EN-ia₂=bēlu[lord//lord]N'N$bēlīya",
"f": {"lang": "akk-x-neoass",
"form": "EN-ia₂",
"cf": "bēlu",
"gw": "lord",
"sense": "lord",
"norm": "bēlīya",
"pos": "N",
"epos": "N"}
}
,
{
"node": "c",
"type": "phrase",
"tag": "phr",
"id": "P313573.U4",
"ref": "P313573.ls00000",
"cdl": [
{
"node": "l",
"frag": "ina",
"id": "P313573.l00eb4",
"ref": "P313573.4.4",
"inst": "ina[in+=concerning]PRP",
"sig": "@saao/saa15%akk-x-neoass:ina=ina[in//in]PRP'PRP$ina",
"f": {"lang": "akk-x-neoass",
"form": "ina",
"cf": "ina",
"gw": "in",
"sense": "in",
"norm": "ina",
"pos": "PRP",
"epos": "PRP"}
}
,
{
"node": "l",
"frag": "⸢UGU⸣",
"id": "P313573.l00eb5",
"ref": "P313573.4.5",
"inst": "muhhi[skull]N",
"sig": "@saao/saa15%akk-x-neoass:UGU=muhhu[skull//skull]N'N$muhhi",
"f": {"lang": "akk-x-neoass",
"form": "UGU",
"cf": "muhhu",
"gw": "skull",
"sense": "skull",
"norm": "muhhi",
"pos": "N",
"epos": "N"}
}
]}
,
{
"node": "l",
"frag": "[x",
"id": "P313573.l00eb6",
"ref": "P313573.4.6",
"inst": "u",
"f": {"lang": "akk-x-neoass",
"form": "x",
"pos": "u"}
}
,
{
"node": "l",
"frag": "x]",
"id": "P313573.l00eb7",
"ref": "P313573.4.7",
"inst": "u",
"f": {"lang": "akk-x-neoass",
"form": "x",
"pos": "u"}
}
,
{
"node": "d",
"type": "line-start",
"ref": "P313573.5",
"n": "4",
"label": "o 4"}
,
{
"node": "l",
"frag": "⸢ša⸣",
"id": "P313573.l00eb8",
"ref": "P313573.5.1",
"inst": "ša[which]REL",
"sig": "@saao/saa15%akk-x-neoass:ša=ša[that//which]REL'REL$ša",
"f": {"lang": "akk-x-neoass",
"form": "ša",
"cf": "ša",
"gw": "that",
"sense": "which",
"norm": "ša",
"pos": "REL",
"epos": "REL"}
}
,
{
"node": "l",
"frag": "LUGAL",
"id": "P313573.l00eb9",
"ref": "P313573.5.2",
"inst": "šarru[king]N",
"sig": "@saao/saa15%akk-x-neoass:LUGAL=šarru[king//king]N'N$šarru",
"f": {"lang": "akk-x-neoass",
"form": "LUGAL",
"cf": "šarru",
"gw": "king",
"sense": "king",
"norm": "šarru",
"pos": "N",
"epos": "N"}
}
,
{
"node": "l",
"frag": "EN",
"id": "P313573.l00eba",
"ref": "P313573.5.3",
"inst": "bēlī[lord]N",
"sig": "@saao/saa15%akk-x-neoass:EN=bēlu[lord//lord]N'N$bēlī",
"f": {"lang": "akk-x-neoass",
"form": "EN",
"cf": "bēlu",
"gw": "lord",
"sense": "lord",
"norm": "bēlī",
"pos": "N",
"epos": "N"}
}
,
{
"node": "l",
"frag": "iš\\d-pur-[an-ni]",
"id": "P313573.l00ebb",
"ref": "P313573.5.4",
"inst": "išpuranni[write]V",
"sig": "@saao/saa15%akk-x-neoass:iš-pur-an-ni=šapāru[send//write]V'V$išpuranni",
"f": {"lang": "akk-x-neoass",
"form": "iš-pur-an-ni",
"cf": "šapāru",
"gw": "send",
"sense": "write",
"norm": "išpuranni",
"pos": "V",
"epos": "V"}
}
,
{
"node": "d",
"type": "line-start",
"ref": "P313573.6",
"n": "5'",
"label": "o 5'"}
,
{
"node": "l",
"frag": "⸢ma⸣-a",
"id": "P313573.l00ebc",
"ref": "P313573.6.1",
"inst": "mā[saying]PRP",
"sig": "@saao/saa15%akk-x-neoass:ma-a=mā[saying//saying]PRP'PRP$mā",
"f": {"lang": "akk-x-neoass",
"form": "ma-a",
"cf": "mā",
"gw": "saying",
"sense": "saying",
"norm": "mā",
"pos": "PRP",
"epos": "PRP"}
}
,
{
"node": "l",
"frag": "E₂-MEŠ\\m",
"id": "P313573.l00ebd",
"ref": "P313573.6.2",
"inst": "bētāti[house]N",
"sig": "@saao/saa15%akk-x-neoass:E₂-MEŠ=bītu[house//house]N'N$bētāti",
"f": {"lang": "akk-x-neoass",
"form": "E₂-MEŠ",
"cf": "bītu",
"gw": "house",
"sense": "house",
"norm": "bētāti",
"pos": "N",
"epos": "N"}
}
,
{
"node": "l",
"frag": "ša\\m",
"id": "P313573.l00ebe",
"ref": "P313573.6.3",
"inst": "ša[which]REL",
"sig": "@saao/saa15%akk-x-neoass:ša=ša[that//which]REL'REL$ša",
"f": {"lang": "akk-x-neoass",
"form": "ša",
"cf": "ša",
"gw": "that",
"sense": "which",
"norm": "ša",
"pos": "REL",
"epos": "REL"}
}
,
{
"node": "l",
"frag": "e\\d-[pu-šu-ni]",
"id": "P313573.l00ebf",
"ref": "P313573.6.4",
"inst": "epēšu[do//make]V$eppušūni",
"sig": "@saao/saa15%akk-x-neoass:e-pu-šu-ni=epēšu[do//make]V'V$eppušūni",
"f": {"lang": "akk-x-neoass",
"form": "e-pu-šu-ni",
"cf": "epēšu",
"gw": "do",
"sense": "make",
"norm": "eppušūni",
"pos": "V",
"epos": "V"}
}
,
{
"node": "d",
"type": "line-start",
"ref": "P313573.7",
"n": "6'",
"label": "o 6'"}
,
{
"node": "l",
"frag": "⸢ki⸣-i",
"id": "P313573.l00ec0",
"ref": "P313573.7.1",
"inst": "kî[like]PRP",
"sig": "@saao/saa15%akk-x-neoass:ki-i=kī[like//like]PRP'PRP$kî",
"f": {"lang": "akk-x-neoass",
"form": "ki-i",
"cf": "kī",
"gw": "like",
"sense": "like",
"norm": "kî",
"pos": "PRP",
"epos": "PRP"}
}
,
{
"node": "l",
"frag": "⸢ša⸣",
"id": "P313573.l00ec1",
"ref": "P313573.7.2",
"inst": "ša[that]REL",
"sig": "@saao/saa15%akk-x-neoass:ša=ša[that//that]REL'REL$ša",
"f": {"lang": "akk-x-neoass",
"form": "ša",
"cf": "ša",
"gw": "that",
"sense": "that",
"norm": "ša",
"pos": "REL",
"epos": "REL"}
}
,
{
"node": "l",
"frag": "ina",
"id": "P313573.l00ec2",
"ref": "P313573.7.3",
"inst": "ina[in]PRP",
"sig": "@saao/saa15%akk-x-neoass:ina=ina[in//in]PRP'PRP$ina",
"f": {"lang": "akk-x-neoass",
"form": "ina",
"cf": "ina",
"gw": "in",
"sense": "in",
"norm": "ina",
"pos": "PRP",
"epos": "PRP"}
}
,
{
"node": "l",
"frag": "{uru}ba-⸢qar⸣-[ri",
"id": "P313573.l00ec3",
"ref": "P313573.7.4",
"inst": "Baqarru[]GN$Baqarri",
"sig": "@saao/saa15%akk-x-neoass:{URU}ba-qar-ri=Baqarru[1//1]GN'GN$Baqarri",
"f": {"lang": "akk-x-neoass",
"form": "{URU}ba-qar-ri",
"cf": "Baqarru",
"gw": "1",
"sense": "1",
"norm": "Baqarri",
"pos": "GN",
"epos": "GN"}
}
,
{
"node": "l",
"frag": "ku-up-ru]",
"id": "P313573.l00ec4",
"ref": "P313573.7.5",
"inst": "kupru[bitumen]N$",
"sig": "@saao/saa15%akk-x-neoass:ku-up-ru=kupru[bitumen//bitumen]N'N$kupru",
"f": {"lang": "akk-x-neoass",
"form": "ku-up-ru",
"cf": "kupru",
"gw": "bitumen",
"sense": "bitumen",
"norm": "kupru",
"pos": "N",
"epos": "N"}
}
,
{
"node": "d",
"type": "line-start",
"ref": "P313573.8",
"n": "7'",
"label": "o 7'"}
,
{
"node": "c",
"type": "phrase",
"tag": "phr",
"id": "P313573.U5",
"ref": "P313573.ls00001",
"cdl": [
{
"node": "l",
"frag": "[ina]",
"id": "P313573.l00ec5",
"ref": "P313573.8.1",
"inst": "ina[in+=on]PRP",
"sig": "@saao/saa15%akk-x-neoass:ina=ina[in//in]PRP'PRP$ina",
"f": {"lang": "akk-x-neoass",
"form": "ina",
"cf": "ina",
"gw": "in",
"sense": "in",
"norm": "ina",
"pos": "PRP",
"epos": "PRP"}
}
,
{
"node": "l",
"frag": "UGU-hi-šu₂-nu",
"id": "P313573.l00ec6",
"ref": "P313573.8.2",
"inst": "muhhišunu[skull]N",
"sig": "@saao/saa15%akk-x-neoass:UGU-hi-šu₂-nu=muhhu[skull//skull]N'N$muhhišunu",
"f": {"lang": "akk-x-neoass",
"form": "UGU-hi-šu₂-nu",
"cf": "muhhu",
"gw": "skull",
"sense": "skull",
"norm": "muhhišunu",
"pos": "N",
"epos": "N"}
}
]}
,
{
"node": "l",
"frag": "li-ik-pa-⸢ru⸣-[ni]",
"id": "P313573.l00ec7",
"ref": "P313573.8.3",
"inst": "kapāru[wipe (clean)//coat]V$likparūni",
"sig": "@saao/saa15%akk-x-neoass:li-ik-pa-ru-ni=kapāru[wipe (clean)//coat]V'V$likparūni",
"f": {"lang": "akk-x-neoass",
"form": "li-ik-pa-ru-ni",
"cf": "kapāru",
"gw": "wipe (clean)",
"sense": "coat",
"norm": "likparūni",
"pos": "V",
"epos": "V"}
}
,
{
"node": "d",
"type": "line-start",
"ref": "P313573.9",
"n": "8'",
"label": "o 8'"}
,
{
"node": "l",
"frag": "LUGAL",
"id": "P313573.l00ec8",
"ref": "P313573.9.1",
"inst": "šarru[king]N",
"sig": "@saao/saa15%akk-x-neoass:LUGAL=šarru[king//king]N'N$šarru",
"f": {"lang": "akk-x-neoass",
"form": "LUGAL",
"cf": "šarru",
"gw": "king",
"sense": "king",
"norm": "šarru",
"pos": "N",
"epos": "N"}
}
,
{
"node": "l",
"frag": "EN",
"id": "P313573.l00ec9",
"ref": "P313573.9.2",
"inst": "bēlī[lord]N",
"sig": "@saao/saa15%akk-x-neoass:EN=bēlu[lord//lord]N'N$bēlī",
"f": {"lang": "akk-x-neoass",
"form": "EN",
"cf": "bēlu",
"gw": "lord",
"sense": "lord",
"norm": "bēlī",
"pos": "N",
"epos": "N"}
}
,
{
"node": "l",
"frag": "u₂-da",
"id": "P313573.l00eca",
"ref": "P313573.9.3",
"inst": "ūda[know]V",
"sig": "@saao/saa15%akk-x-neoass:u₂-da=wadû[know//know]V'V$ūda",
"f": {"lang": "akk-x-neoass",
"form": "u₂-da",
"cf": "wadû",
"gw": "know",
"sense": "know",
"norm": "ūda",
"pos": "V",
"epos": "V"}
}
,
{
"node": "l",
"frag": "ki-i",
"id": "P313573.l00ecb",
"ref": "P313573.9.4",
"inst": "kî[that]'SBJ",
"sig": "@saao/saa15%akk-x-neoass:ki-i=kī[like//that]PRP'SBJ$kî",
"f": {"lang": "akk-x-neoass",
"form": "ki-i",
"cf": "kī",
"gw": "like",
"sense": "that",
"norm": "kî",
"pos": "PRP",
"epos": "SBJ"}
}
,
{
"node": "l",
"frag": "ku-⸢pu⸣-[u]",
"id": "P313573.l00ecc",
"ref": "P313573.9.5",
"inst": "kuppû[snow]N$kupû",
"sig": "@saao/saa15%akk-x-neoass:ku-pu-u=kuppû[snow//snow]N'N$kupû",
"f": {"lang": "akk-x-neoass",
"form": "ku-pu-u",
"cf": "kuppû",
"gw": "snow",
"sense": "snow",
"norm": "kupû",
"pos": "N",
"epos": "N"}
}
,
{
"node": "d",
"type": "line-start",
"ref": "P313573.10",
"n": "9'",
"label": "o 9'"}
,
{
"node": "l",
"frag": "qar-ha-a-te",
"id": "P313573.l00ecd",
"ref": "P313573.10.1",
"inst": "qarhu[ice]N$qarhāte",
"sig": "@saao/saa15%akk-x-neoass:qar-ha-a-te=qarhu[ice//ice]N'N$qarhāte",
"f": {"lang": "akk-x-neoass",
"form": "qar-ha-a-te",
"cf": "qarhu",
"gw": "ice",
"sense": "ice",
"norm": "qarhāte",
"pos": "N",
"epos": "N"}
}
,
{
"node": "l",
"frag": "an-na-[ka]",
"id": "P313573.l00ece",
"ref": "P313573.10.2",
"inst": "annāka[here]AV",
"sig": "@saao/saa15%akk-x-neoass:an-na-ka=annaka[here//here]AV'AV$annāka",
"f": {"lang": "akk-x-neoass",
"form": "an-na-ka",
"cf": "annaka",
"gw": "here",
"sense": "here",
"norm": "annāka",
"pos": "AV",
"epos": "AV"}
}
,
{
"node": "d",
"type": "line-start",
"ref": "P313573.11",
"n": "10'",
"label": "o 10'"}
,
{
"node": "l",
"frag": "i-da-ʾi-nu-ni\\d",
"id": "P313573.l00ecf",
"ref": "P313573.11.1",
"inst": "danānu[be(come) strong]V$idaʾʾinūni",
"sig": "@saao/saa15%akk-x-neoass:i-da-ʾi-nu-ni=danānu[be(come) strong//be(come) strong]V'V$idaʾʾinūni",
"f": {"lang": "akk-x-neoass",
"form": "i-da-ʾi-nu-ni",
"cf": "danānu",
"gw": "be(come) strong",
"sense": "be(come) strong",
"norm": "idaʾʾinūni",
"pos": "V",
"epos": "V"}
}
,
{
"node": "l",
"frag": "la-aš₂-[šu]",
"id": "P313573.l00ed0",
"ref": "P313573.11.2",
"inst": "laššu[(there) is not]V",
"sig": "@saao/saa15%akk-x-neoass:la-aš₂-šu=laššu[(there) is not//(there) is not]V'V$laššu",
"f": {"lang": "akk-x-neoass",
"form": "la-aš₂-šu",
"cf": "laššu",
"gw": "(there) is not",
"sense": "(there) is not",
"norm": "laššu",
"pos": "V",
"epos": "V"}
}
,
{
"node": "d",
"type": "line-start",
"ref": "P313573.12",
"n": "11'",
"label": "o 11'"}
,
{
"node": "l",
"frag": "e-bir-tu₂",
"id": "P313573.l00ed1",
"ref": "P313573.12.1",
"inst": "ebirtu[fired brick]N",
"sig": "@saao/saa15%akk-x-neoass:e-bir-tu₂=epertu[(baked) brickwork//fired brick]N'N$ebirtu",
"f": {"lang": "akk-x-neoass",
"form": "e-bir-tu₂",
"cf": "epertu",
"gw": "(baked) brickwork",
"sense": "fired brick",
"norm": "ebirtu",
"pos": "N",
"epos": "N"}
}
,
{
"node": "l",
"frag": "la",
"id": "P313573.l00ed2",
"ref": "P313573.12.2",
"inst": "lā[not]MOD",
"sig": "@saao/saa15%akk-x-neoass:la=lā[not//not]MOD'MOD$lā",
"f": {"lang": "akk-x-neoass",
"form": "la",
"cf": "lā",
"gw": "not",
"sense": "not",
"norm": "lā",
"pos": "MOD",
"epos": "MOD"}
}
,
{
"node": "l",
"frag": "ta-ri-[ha]",
"id": "P313573.l00ed3",
"ref": "P313573.12.3",
"inst": "riāhu[remain]V$tarīha",
"sig": "@saao/saa15%akk-x-neoass:ta-ri-ha=riāhu[remain//remain]V'V$tarīha",
"f": {"lang": "akk-x-neoass",
"form": "ta-ri-ha",
"cf": "riāhu",
"gw": "remain",
"sense": "remain",
"norm": "tarīha",
"pos": "V",
"epos": "V"}
}
,
{
"node": "d",
"type": "line-start",
"ref": "P313573.13",
"n": "12'",
"label": "o 12'"}
,
{
"node": "l",
"frag": "ta-ša₂-hu-hu",
"id": "P313573.l00ed4",
"ref": "P313573.13.1",
"inst": "šahāhu[become loose//disintegrate]V$tašahhuhu",
"sig": "@saao/saa15%akk-x-neoass:ta-ša₂-hu-hu=šahāhu[become loose//disintegrate]V'V$tašahhuhu",
"f": {"lang": "akk-x-neoass",
"form": "ta-ša₂-hu-hu",
"cf": "šahāhu",
"gw": "become loose",
"sense": "disintegrate",
"norm": "tašahhuhu",
"pos": "V",
"epos": "V"}
}
,
{
"node": "l",
"frag": "E₂-⸢MEŠ⸣",
"id": "P313573.l00ed5",
"ref": "P313573.13.2",
"inst": "bētāti[house]N",
"sig": "@saao/saa15%akk-x-neoass:E₂-MEŠ=bītu[house//house]N'N$bētāti",
"f": {"lang": "akk-x-neoass",
"form": "E₂-MEŠ",
"cf": "bītu",
"gw": "house",
"sense": "house",
"norm": "bētāti",
"pos": "N",
"epos": "N"}
}
,
{
"node": "d",
"type": "line-start",
"ref": "P313573.14",
"n": "13'",
"label": "o 13'"}
,
{
"node": "l",
"frag": "⸢ša⸣",
"id": "P313573.l00ed6",
"ref": "P313573.14.1",
"inst": "ša[of]DET",
"sig": "@saao/saa15%akk-x-neoass:ša=ša[of//of]DET'DET$ša",
"f": {"lang": "akk-x-neoass",
"form": "ša",
"cf": "ša",
"gw": "of",
"sense": "of",
"norm": "ša",
"pos": "DET",
"epos": "DET"}
}
,
{
"node": "l",
"frag": "SIG₄-MEŠ\\m",
"id": "P313573.l00ed7",
"ref": "P313573.14.2",
"inst": "libittāti[mudbrick]N",
"sig": "@saao/saa15%akk-x-neoass:SIG₄-MEŠ=libittu[mudbrick//mudbrick]N'N$libittāti",
"f": {"lang": "akk-x-neoass",
"form": "SIG₄-MEŠ",
"cf": "libittu",
"gw": "mudbrick",
"sense": "mudbrick",
"norm": "libittāti",
"pos": "N",
"epos": "N"}
}
,
{
"node": "c",
"type": "phrase",
"tag": "phr",
"id": "P313573.U6",
"ref": "P313573.ls00002",
"cdl": [
{
"node": "l",
"frag": "ina",
"id": "P313573.l00ed8",
"ref": "P313573.14.3",
"inst": "ina[in+=because of]PRP",
"sig": "@saao/saa15%akk-x-neoass:ina=ina[in//in]PRP'PRP$ina",
"f": {"lang": "akk-x-neoass",
"form": "ina",
"cf": "ina",
"gw": "in",
"sense": "in",
"norm": "ina",
"pos": "PRP",
"epos": "PRP"}
}
,
{
"node": "l",
"frag": "UGU-hi-šu₂",
"id": "P313573.l00ed9",
"ref": "P313573.14.4",
"inst": "muhhīšu[skull]N",
"sig": "@saao/saa15%akk-x-neoass:UGU-hi-šu₂=muhhu[skull//skull]N'N$muhhīšu",
"f": {"lang": "akk-x-neoass",
"form": "UGU-hi-šu₂",
"cf": "muhhu",
"gw": "skull",
"sense": "skull",
"norm": "muhhīšu",
"pos": "N",
"epos": "N"}
}
]}
,
{
"node": "d",
"type": "line-start",
"ref": "P313573.15",
"n": "14'",
"label": "o 14'"}
,
{
"node": "l",
"frag": "[ni]-ir\\d-te-ṣi-bi",
"id": "P313573.l00eda",
"ref": "P313573.15.1",
"inst": "raṣāpu[build]V$nirteṣībi",
"sig": "@saao/saa15%akk-x-neoass:ni-ir-te-ṣi-bi=raṣāpu[build//build]V'V$nirteṣībi",
"f": {"lang": "akk-x-neoass",
"form": "ni-ir-te-ṣi-bi",
"cf": "raṣāpu",
"gw": "build",
"sense": "build",
"norm": "nirteṣībi",
"pos": "V",
"epos": "V"}
}
,
{
"node": "l",
"frag": "{lu₂vy}ša₂-ga-⸢lu⸣-[te]",
"id": "P313573.l00edb",
"ref": "P313573.15.2",
"inst": "šuglû[deported//deportee]AJ'N$šagalūte",
"sig": "@saao/saa15%akk-x-neoass:{LU₂}ša₂-ga-lu-te=šuglû[deported//deportee]AJ'N$šagalūte",
"f": {"lang": "akk-x-neoass",
"form": "{LU₂}ša₂-ga-lu-te",
"cf": "šuglû",
"gw": "deported",
"sense": "deportee",
"norm": "šagalūte",
"pos": "AJ",
"epos": "N"}
}
,
{
"node": "d",
"type": "line-start",
"ref": "P313573.16",
"n": "15'",
"label": "o 15'"}
,
{
"node": "l",
"frag": "⸢ša",
"id": "P313573.l00edc",
"ref": "P313573.16.1",
"inst": "ša[who]REL",
"sig": "@saao/saa15%akk-x-neoass:ša=ša[that//who]REL'REL$ša",
"f": {"lang": "akk-x-neoass",
"form": "ša",
"cf": "ša",
"gw": "that",
"sense": "who",
"norm": "ša",
"pos": "REL",
"epos": "REL"}
}
,
{
"node": "l",
"frag": "il⸣-li-ku-ni\\d-ni\\d",
"id": "P313573.l00edd",
"ref": "P313573.16.2",
"inst": "illikūninni[come]V",
"sig": "@saao/saa15%akk-x-neoass:il-li-ku-ni-ni=alāku[go//come]V'V$illikūninni",
"f": {"lang": "akk-x-neoass",
"form": "il-li-ku-ni-ni",
"cf": "alāku",
"gw": "go",
"sense": "come",
"norm": "illikūninni",
"pos": "V",
"epos": "V"}
}
,
{
"node": "d",
"type": "line-start",
"ref": "P313573.17",
"n": "16'",
"label": "o 16'"}
,
{
"node": "l",
"frag": "[x",
"id": "P313573.l00ede",
"ref": "P313573.17.1",
"inst": "u",
"f": {"lang": "akk-x-neoass",
"form": "x",
"pos": "u"}
}
,
{
"node": "l",
"frag": "x",
"id": "P313573.l00edf",
"ref": "P313573.17.2",
"inst": "u",
"f": {"lang": "akk-x-neoass",
"form": "x",
"pos": "u"}
}
,
{
"node": "l",
"frag": "x",
"id": "P313573.l00ee0",
"ref": "P313573.17.3",
"inst": "u",
"f": {"lang": "akk-x-neoass",
"form": "x",
"pos": "u"}
}
,
{
"node": "l",
"frag": "x]",
"id": "P313573.l00ee1",
"ref": "P313573.17.4",
"inst": "u",
"f": {"lang": "akk-x-neoass",
"form": "x",
"pos": "u"}
}
,
{
"node": "l",
"frag": "a-na",
"id": "P313573.l00ee2",
"ref": "P313573.17.5",
"inst": "ana[to]PRP",
"sig": "@saao/saa15%akk-x-neoass:a-na=ana[to//to]PRP'PRP$ana",
"f": {"lang": "akk-x-neoass",
"form": "a-na",
"cf": "ana",
"gw": "to",
"sense": "to",
"norm": "ana",
"pos": "PRP",
"epos": "PRP"}
}
,
{
"node": "l",
"frag": "{⸢uru⸣}[x",
"id": "P313573.l00ee3",
"ref": "P313573.17.6",
"inst": "u",
"f": {"lang": "akk-x-neoass",
"form": "{URU}x",
"pos": "u"}
}
,
{
"node": "l",
"frag": "x]",
"id": "P313573.l00ee4",
"ref": "P313573.17.7",
"inst": "u",
"f": {"lang": "akk-x-neoass",
"form": "x",
"pos": "u"}
}
,
{
"node": "d",
"subtype": "bottom",
"type": "surface",
"ref": "P313573.b.e..18",
"type": "bottom",
"label": "b.e."}
,
{
"node": "d",
"type": "nonx",
"ref": "P313573.19",
"strict": "0",
"state": "other"}
,
{
"node": "d",
"subtype": "reverse",
"type": "surface",
"ref": "P313573.r.20",
"type": "reverse",
"label": "r"}
,
{
"node": "d",
"type": "nonx",
"ref": "P313573.21",
"strict": "0",
"state": "other"}
]}
]}
]}
,
{
"linkbase": [{
"type": "linkset",
"xlink_title": "ina muhhi[on//about]PRP'PRP",
"id": "P313573.ls00000",
"xlink_type": "extended",
"xlink_role": "psu",
"sig": "{ina[in]PRP muhhu[skull]N += ina muhhi[on//about]PRP'PRP}::@saao%akk-x-neoass:ina=ina[in//into]PRP'PRP$ina++@saao%akk-x-neoass:UGU=muhhu[skull//skull]N'N$muhhi",
"links": [
{
"type": "link",
"xlink_title": "ina",
"xlink_type": "locator",
"xlink_href": "#P313573.l00eb4",
"xlink_role": "elt"}
,
{
"type": "link",
"xlink_title": "muhhi",
"xlink_type": "locator",
"xlink_href": "#P313573.l00eb5",
"xlink_role": "elt"}
]}
,
{
"type": "linkset",
"xlink_title": "ina muhhi[on//about]PRP'PRP",
"id": "P313573.ls00001",
"xlink_type": "extended",
"xlink_role": "psu",
"sig": "{ina[in]PRP muhhu[skull]N += ina muhhi[on//about]PRP'PRP}::@saao%akk-x-neoass:ina=ina[in//into]PRP'PRP$ina++@saao%akk-x-neoass:UGU-hi-šu₂-nu=muhhu[skull//skull]N'N$muhhišunu",
"links": [
{
"type": "link",
"xlink_title": "ina",
"xlink_type": "locator",
"xlink_href": "#P313573.l00ec5",
"xlink_role": "elt"}
,
{
"type": "link",
"xlink_title": "muhhišunu",
"xlink_type": "locator",
"xlink_href": "#P313573.l00ec6",
"xlink_role": "elt"}
]}
,
{
"type": "linkset",
"xlink_title": "ina muhhi[on//about]PRP'PRP",
"id": "P313573.ls00002",
"xlink_type": "extended",
"xlink_role": "psu",
"sig": "{ina[in]PRP muhhu[skull]N += ina muhhi[on//about]PRP'PRP}::@saao%akk-x-neoass:ina=ina[in//into]PRP'PRP$ina++@saao%akk-x-neoass:UGU-hi-šu₂=muhhu[skull//skull]N'N$muhhīšu",
"links": [
{
"type": "link",
"xlink_title": "ina",
"xlink_type": "locator",
"xlink_href": "#P313573.l00ed8",
"xlink_role": "elt"}
,
{
"type": "link",
"xlink_title": "muhhīšu",
"xlink_type": "locator",
"xlink_href": "#P313573.l00ed9",
"xlink_role": "elt"}
]}
]}
]}
