{
"type": "cdl",
  "source": "http://oracc.org/saao/saa15",
  "license": "This data is released under the CC0 license",
  "license-url": "https://creativecommons.org/publicdomain/zero/1.0/",
  "more-info": "http://oracc.org/doc/opendata/",
  "UTC-timestamp": "2017-05-19T11:53:13",
"project": "saao/saa15",
"textid": "P313778",
"cdl": [
{
"node": "c",
"type": "text",
"id": "P313778.U0",
"cdl": [
{
"node": "d",
"type": "object",
"ref": ""}
,
{
"node": "d",
"subtype": "obverse",
"type": "surface",
"ref": "P313778.o.1",
"type": "obverse",
"label": "o"}
,
{
"node": "d",
"type": "nonx",
"ref": "P313778.2",
"strict": "0",
"extent": "beginning",
"state": "missing"}
,
{
"node": "c",
"type": "discourse",
"subtype": "body",
"id": "P313778.U1",
"cdl": [
{
"node": "c",
"type": "sentence",
"id": "P313778.U2",
"label": "o 1' - r 11'",
"cdl": [
{
"node": "d",
"type": "line-start",
"ref": "P313778.3",
"n": "1'",
"label": "o 1'"}
,
{
"node": "l",
"frag": "[x",
"id": "P313778.l04a50",
"ref": "P313778.3.1",
"inst": "u",
"f": {"lang": "akk-x-neoass",
"form": "x",
"pos": "u"}
}
,
{
"node": "l",
"frag": "x",
"id": "P313778.l04a51",
"ref": "P313778.3.2",
"inst": "u",
"f": {"lang": "akk-x-neoass",
"form": "x",
"pos": "u"}
}
,
{
"node": "l",
"frag": "x",
"id": "P313778.l04a52",
"ref": "P313778.3.3",
"inst": "u",
"f": {"lang": "akk-x-neoass",
"form": "x",
"pos": "u"}
}
,
{
"node": "l",
"frag": "x",
"id": "P313778.l04a53",
"ref": "P313778.3.4",
"inst": "u",
"f": {"lang": "akk-x-neoass",
"form": "x",
"pos": "u"}
}
,
{
"node": "l",
"frag": "x]+⸢x⸣",
"id": "P313778.l04a54",
"ref": "P313778.3.5",
"inst": "u",
"f": {"lang": "akk-x-neoass",
"form": "x+x",
"pos": "u"}
}
,
{
"node": "l",
"frag": "a-bu\\t-tu₂",
"id": "P313778.l04a55",
"ref": "P313778.3.6",
"inst": "abutu[word]N",
"sig": "@saao/saa15%akk-x-neoass:a-bu-tu₂=awātu[word//word]N'N$abutu",
"f": {"lang": "akk-x-neoass",
"form": "a-bu-tu₂",
"cf": "awātu",
"gw": "word",
"sense": "word",
"norm": "abutu",
"pos": "N",
"epos": "N"}
}
,
{
"node": "l",
"frag": "pa-ri-iš-tu₂",
"id": "P313778.l04a56",
"ref": "P313778.3.7",
"inst": "parsu[cut off//definite]AJ$parištu",
"sig": "@saao/saa15%akk-x-neoass:pa-ri-iš-tu₂=parsu[cut off//definite]AJ'AJ$parištu",
"f": {"lang": "akk-x-neoass",
"form": "pa-ri-iš-tu₂",
"cf": "parsu",
"gw": "cut off",
"sense": "definite",
"norm": "parištu",
"pos": "AJ",
"epos": "AJ"}
}
,
{
"node": "d",
"type": "line-start",
"ref": "P313778.4",
"n": "2'",
"label": "o 2'"}
,
{
"node": "l",
"frag": "[x",
"id": "P313778.l04a57",
"ref": "P313778.4.1",
"inst": "u",
"f": {"lang": "akk-x-neoass",
"form": "x",
"pos": "u"}
}
,
{
"node": "l",
"frag": "x",
"id": "P313778.l04a58",
"ref": "P313778.4.2",
"inst": "u",
"f": {"lang": "akk-x-neoass",
"form": "x",
"pos": "u"}
}
,
{
"node": "l",
"frag": "x",
"id": "P313778.l04a59",
"ref": "P313778.4.3",
"inst": "u",
"f": {"lang": "akk-x-neoass",
"form": "x",
"pos": "u"}
}
,
{
"node": "l",
"frag": "x]",
"id": "P313778.l04a5a",
"ref": "P313778.4.4",
"inst": "u",
"f": {"lang": "akk-x-neoass",
"form": "x",
"pos": "u"}
}
,
{
"node": "l",
"frag": "⸢dib⸣-bi",
"id": "P313778.l04a5b",
"ref": "P313778.4.5",
"inst": "dibbī[words]N",
"sig": "@saao/saa15%akk-x-neoass:dib-bi=dibbu[words//words]N'N$dibbī",
"f": {"lang": "akk-x-neoass",
"form": "dib-bi",
"cf": "dibbu",
"gw": "words",
"sense": "words",
"norm": "dibbī",
"pos": "N",
"epos": "N"}
}
,
{
"node": "l",
"frag": "la-aš₂-šu₂-te\\p",
"id": "P313778.l04a5c",
"ref": "P313778.4.6",
"inst": "laššu[(there) is not//groundless]V'AJ$laššūte",
"sig": "@saao/saa15%akk-x-neoass:la-aš₂-šu₂-te=laššu[(there) is not//groundless]V'AJ$laššūte",
"f": {"lang": "akk-x-neoass",
"form": "la-aš₂-šu₂-te",
"cf": "laššu",
"gw": "(there) is not",
"sense": "groundless",
"norm": "laššūte",
"pos": "V",
"epos": "AJ"}
}
,
{
"node": "l",
"frag": "šu₂-nu",
"id": "P313778.l04a5d",
"ref": "P313778.4.7",
"inst": "šunu[they]IP",
"sig": "@saao/saa15%akk-x-neoass:šu₂-nu=šunu[they//they]IP'IP$šunu",
"f": {"lang": "akk-x-neoass",
"form": "šu₂-nu",
"cf": "šunu",
"gw": "they",
"sense": "they",
"norm": "šunu",
"pos": "IP",
"epos": "IP"}
}
,
{
"node": "d",
"type": "line-start",
"ref": "P313778.5",
"n": "3'",
"label": "o 3'"}
,
{
"node": "l",
"frag": "[x",
"id": "P313778.l04a5e",
"ref": "P313778.5.1",
"inst": "u",
"f": {"lang": "akk-x-neoass",
"form": "x",
"pos": "u"}
}
,
{
"node": "l",
"frag": "x",
"id": "P313778.l04a5f",
"ref": "P313778.5.2",
"inst": "u",
"f": {"lang": "akk-x-neoass",
"form": "x",
"pos": "u"}
}
,
{
"node": "l",
"frag": "x",
"id": "P313778.l04a60",
"ref": "P313778.5.3",
"inst": "u",
"f": {"lang": "akk-x-neoass",
"form": "x",
"pos": "u"}
}
,
{
"node": "l",
"frag": "x]-⸢an⸣-ni",
"id": "P313778.l04a61",
"ref": "P313778.5.4",
"inst": "u",
"f": {"lang": "akk-x-neoass",
"form": "x-an-ni",
"pos": "u"}
}
,
{
"node": "l",
"frag": "šum₂-ma",
"id": "P313778.l04a62",
"ref": "P313778.5.5",
"inst": "šumma[if]MOD",
"sig": "@saao/saa15%akk-x-neoass:šum₂-ma=šumma[if//if]MOD'MOD$šumma",
"f": {"lang": "akk-x-neoass",
"form": "šum₂-ma",
"cf": "šumma",
"gw": "if",
"sense": "if",
"norm": "šumma",
"pos": "MOD",
"epos": "MOD"}
}
,
{
"node": "c",
"type": "phrase",
"tag": "phr",
"id": "P313778.U4",
"ref": "P313778.ls00000",
"cdl": [
{
"node": "l",
"frag": "DUMU-KA₂.DINGIR{ki}",
"id": "P313778.l04a63",
"ref": "P313778.5.6",
"cof-tails": "P313778.l04a64",
"inst": "+māru[son]N$mār&+Babili[Babylon]GN$",
"sig": "@saao/saa15%akk-x-neoass:DUMU-KA₂.DINGIR{KI}=māru[son//son]N'N$mār&&@saao/saa15%akk-x-neoass:DUMU-KA₂.DINGIR{KI}=Babili[Babylon//Babylon]GN'GN$Babili",
"f": {"lang": "akk-x-neoass",
"form": "DUMU-KA₂.DINGIR{KI}",
"cf": "māru",
"gw": "son",
"sense": "son",
"norm": "mār",
"pos": "N",
"epos": "N"}
}
,
{
"node": "l",
"frag": "DUMU-KA₂.DINGIR{ki}",
"id": "P313778.l04a64",
"ref": "P313778.5.6",
"cof-head": "P313778.l04a63",
"inst": "+māru[son]N$mār&+Babili[Babylon]GN$",
"f": {"lang": "akk-x-neoass",
"form": "DUMU-KA₂.DINGIR{KI}",
"cf": "Babili",
"gw": "Babylon",
"sense": "Babylon",
"norm": "Babili",
"pos": "GN",
"epos": "GN"}
}
]}
,
{
"node": "d",
"type": "line-start",
"ref": "P313778.6",
"n": "4'",
"label": "o 4'"}
,
{
"node": "l",
"frag": "[x",
"id": "P313778.l04a65",
"ref": "P313778.6.1",
"inst": "u",
"f": {"lang": "akk-x-neoass",
"form": "x",
"pos": "u"}
}
,
{
"node": "l",
"frag": "x",
"id": "P313778.l04a66",
"ref": "P313778.6.2",
"inst": "u",
"f": {"lang": "akk-x-neoass",
"form": "x",
"pos": "u"}
}
,
{
"node": "l",
"frag": "x",
"id": "P313778.l04a67",
"ref": "P313778.6.3",
"inst": "u",
"f": {"lang": "akk-x-neoass",
"form": "x",
"pos": "u"}
}
,
{
"node": "l",
"frag": "i]-⸢šap⸣-par-u-ni",
"id": "P313778.l04a68",
"ref": "P313778.6.4",
"inst": "šapāru[send//write]V$išapparūni",
"sig": "@saao/saa15%akk-x-neoass:i-šap-par-u-ni=šapāru[send//write]V'V$išapparūni",
"f": {"lang": "akk-x-neoass",
"form": "i-šap-par-u-ni",
"cf": "šapāru",
"gw": "send",
"sense": "write",
"norm": "išapparūni",
"pos": "V",
"epos": "V"}
}
,
{
"node": "l",
"frag": "il-lak-u-ni",
"id": "P313778.l04a69",
"ref": "P313778.6.5",
"inst": "illakūni[come]V",
"sig": "@saao/saa15%akk-x-neoass:il-lak-u-ni=alāku[go//come]V'V$illakūni",
"f": {"lang": "akk-x-neoass",
"form": "il-lak-u-ni",
"cf": "alāku",
"gw": "go",
"sense": "come",
"norm": "illakūni",
"pos": "V",
"epos": "V"}
}
,
{
"node": "d",
"type": "line-start",
"ref": "P313778.7",
"n": "5'",
"label": "o 5'"}
,
{
"node": "l",
"frag": "[x",
"id": "P313778.l04a6a",
"ref": "P313778.7.1",
"inst": "u",
"f": {"lang": "akk-x-neoass",
"form": "x",
"pos": "u"}
}
,
{
"node": "l",
"frag": "x",
"id": "P313778.l04a6b",
"ref": "P313778.7.2",
"inst": "u",
"f": {"lang": "akk-x-neoass",
"form": "x",
"pos": "u"}
}
,
{
"node": "l",
"frag": "x",
"id": "P313778.l04a6c",
"ref": "P313778.7.3",
"inst": "u",
"f": {"lang": "akk-x-neoass",
"form": "x",
"pos": "u"}
}
,
{
"node": "l",
"frag": "x]",
"id": "P313778.l04a6d",
"ref": "P313778.7.4",
"inst": "u",
"f": {"lang": "akk-x-neoass",
"form": "x",
"pos": "u"}
}
,
{
"node": "l",
"frag": "⸢šum₂⸣-ma",
"id": "P313778.l04a6e",
"ref": "P313778.7.5",
"inst": "šumma[if]MOD",
"sig": "@saao/saa15%akk-x-neoass:šum₂-ma=šumma[if//if]MOD'MOD$šumma",
"f": {"lang": "akk-x-neoass",
"form": "šum₂-ma",
"cf": "šumma",
"gw": "if",
"sense": "if",
"norm": "šumma",
"pos": "MOD",
"epos": "MOD"}
}
,
{
"node": "l",
"frag": "šu-u₂",
"id": "P313778.l04a6f",
"ref": "P313778.7.6",
"inst": "šû[he]IP",
"sig": "@saao/saa15%akk-x-neoass:šu-u₂=šū[he//he]IP'IP$šû",
"f": {"lang": "akk-x-neoass",
"form": "šu-u₂",
"cf": "šū",
"gw": "he",
"sense": "he",
"norm": "šû",
"pos": "IP",
"epos": "IP"}
}
,
{
"node": "d",
"type": "line-start",
"ref": "P313778.8",
"n": "6'",
"label": "o 6'"}
,
{
"node": "l",
"frag": "[x",
"id": "P313778.l04a70",
"ref": "P313778.8.1",
"inst": "u",
"f": {"lang": "akk-x-neoass",
"form": "x",
"pos": "u"}
}
,
{
"node": "l",
"frag": "x",
"id": "P313778.l04a71",
"ref": "P313778.8.2",
"inst": "u",
"f": {"lang": "akk-x-neoass",
"form": "x",
"pos": "u"}
}
,
{
"node": "l",
"frag": "x",
"id": "P313778.l04a72",
"ref": "P313778.8.3",
"inst": "u",
"f": {"lang": "akk-x-neoass",
"form": "x",
"pos": "u"}
}
,
{
"node": "l",
"frag": "x]",
"id": "P313778.l04a73",
"ref": "P313778.8.4",
"inst": "u",
"f": {"lang": "akk-x-neoass",
"form": "x",
"pos": "u"}
}
,
{
"node": "l",
"frag": "ib",
"id": "P313778.l04a74",
"ref": "P313778.8.5",
"inst": "u",
"f": {"lang": "akk-x-neoass",
"form": "ib",
"pos": "u"}
}
,
{
"node": "l",
"frag": "a-ki",
"id": "P313778.l04a75",
"ref": "P313778.8.6",
"inst": "akī[like//as, like]PRP$",
"sig": "@saao/saa15%akk-x-neoass:a-ki=akī[as//as, like]PRP'PRP$akī",
"f": {"lang": "akk-x-neoass",
"form": "a-ki",
"cf": "akī",
"gw": "as",
"sense": "as, like",
"norm": "akī",
"pos": "PRP",
"epos": "PRP"}
}
,
{
"node": "l",
"frag": "pu\\tp-luh-te\\p",
"id": "P313778.l04a76",
"ref": "P313778.8.7",
"inst": "puluhtu[fear(someness)//fear]N$puluhte",
"sig": "@saao/saa15%akk-x-neoass:pu-luh-te=puluhtu[fear(someness)//fear]N'N$puluhte",
"f": {"lang": "akk-x-neoass",
"form": "pu-luh-te",
"cf": "puluhtu",
"gw": "fear(someness)",
"sense": "fear",
"norm": "puluhte",
"pos": "N",
"epos": "N"}
}
,
{
"node": "d",
"type": "line-start",
"ref": "P313778.9",
"n": "7'",
"label": "o 7'"}
,
{
"node": "l",
"frag": "[x",
"id": "P313778.l04a77",
"ref": "P313778.9.1",
"inst": "u",
"f": {"lang": "akk-x-neoass",
"form": "x",
"pos": "u"}
}
,
{
"node": "l",
"frag": "x",
"id": "P313778.l04a78",
"ref": "P313778.9.2",
"inst": "u",
"f": {"lang": "akk-x-neoass",
"form": "x",
"pos": "u"}
}
,
{
"node": "l",
"frag": "x",
"id": "P313778.l04a79",
"ref": "P313778.9.3",
"inst": "u",
"f": {"lang": "akk-x-neoass",
"form": "x",
"pos": "u"}
}
,
{
"node": "l",
"frag": "x]",
"id": "P313778.l04a7a",
"ref": "P313778.9.4",
"inst": "u",
"f": {"lang": "akk-x-neoass",
"form": "x",
"pos": "u"}
}
,
{
"node": "l",
"frag": "⸢ṭe₃⸣-e-mu",
"id": "P313778.l04a7b",
"ref": "P313778.9.5",
"inst": "ṭēmu[report]N",
"sig": "@saao/saa15%akk-x-neoass:ṭe₃-e-mu=ṭēmu[(fore)thought//report]N'N$ṭēmu",
"f": {"lang": "akk-x-neoass",
"form": "ṭe₃-e-mu",
"cf": "ṭēmu",
"gw": "(fore)thought",
"sense": "report",
"norm": "ṭēmu",
"pos": "N",
"epos": "N"}
}
,
{
"node": "l",
"frag": "har-ṣu",
"id": "P313778.l04a7c",
"ref": "P313778.9.6",
"inst": "harṣu[detailed]AJ",
"sig": "@saao/saa15%akk-x-neoass:har-ṣu=harṣu[broken off//detailed]AJ'AJ$harṣu",
"f": {"lang": "akk-x-neoass",
"form": "har-ṣu",
"cf": "harṣu",
"gw": "broken off",
"sense": "detailed",
"norm": "harṣu",
"pos": "AJ",
"epos": "AJ"}
}
,
{
"node": "d",
"type": "line-start",
"ref": "P313778.10",
"n": "8'",
"label": "o 8'"}
,
{
"node": "l",
"frag": "[x",
"id": "P313778.l04a7d",
"ref": "P313778.10.1",
"inst": "u",
"f": {"lang": "akk-x-neoass",
"form": "x",
"pos": "u"}
}
,
{
"node": "l",
"frag": "x",
"id": "P313778.l04a7e",
"ref": "P313778.10.2",
"inst": "u",
"f": {"lang": "akk-x-neoass",
"form": "x",
"pos": "u"}
}
,
{
"node": "l",
"frag": "x",
"id": "P313778.l04a7f",
"ref": "P313778.10.3",
"inst": "u",
"f": {"lang": "akk-x-neoass",
"form": "x",
"pos": "u"}
}
,
{
"node": "l",
"frag": "x",
"id": "P313778.l04a80",
"ref": "P313778.10.4",
"inst": "u",
"f": {"lang": "akk-x-neoass",
"form": "x",
"pos": "u"}
}
,
{
"node": "l",
"frag": "x]+⸢x⸣-ṣi-in",
"id": "P313778.l04a81",
"ref": "P313778.10.5",
"inst": "u",
"f": {"lang": "akk-x-neoass",
"form": "x+x-ṣi-in",
"pos": "u"}
}
,
{
"node": "d",
"type": "line-start",
"ref": "P313778.11",
"n": "9'",
"label": "o 9'"}
,
{
"node": "l",
"frag": "[x",
"id": "P313778.l04a82",
"ref": "P313778.11.1",
"inst": "u",
"f": {"lang": "akk-x-neoass",
"form": "x",
"pos": "u"}
}
,
{
"node": "l",
"frag": "x",
"id": "P313778.l04a83",
"ref": "P313778.11.2",
"inst": "u",
"f": {"lang": "akk-x-neoass",
"form": "x",
"pos": "u"}
}
,
{
"node": "l",
"frag": "x",
"id": "P313778.l04a84",
"ref": "P313778.11.3",
"inst": "u",
"f": {"lang": "akk-x-neoass",
"form": "x",
"pos": "u"}
}
,
{
"node": "l",
"frag": "x",
"id": "P313778.l04a85",
"ref": "P313778.11.4",
"inst": "u",
"f": {"lang": "akk-x-neoass",
"form": "x",
"pos": "u"}
}
,
{
"node": "l",
"frag": "x]-tu-u-ni\\d",
"id": "P313778.l04a86",
"ref": "P313778.11.5",
"inst": "u",
"f": {"lang": "akk-x-neoass",
"form": "x-tu-u-ni",
"pos": "u"}
}
,
{
"node": "l",
"frag": "a-ki",
"id": "P313778.l04a87",
"ref": "P313778.11.6",
"inst": "akī[as]PRP",
"sig": "@saao/saa15%akk-x-neoass:a-ki=akī[as//as, like]PRP'PRP$akī",
"f": {"lang": "akk-x-neoass",
"form": "a-ki",
"cf": "akī",
"gw": "as",
"sense": "as, like",
"norm": "akī",
"pos": "PRP",
"epos": "PRP"}
}
,
{
"node": "d",
"type": "line-start",
"ref": "P313778.12",
"n": "10'",
"label": "o 10'"}
,
{
"node": "l",
"frag": "[x",
"id": "P313778.l04a88",
"ref": "P313778.12.1",
"inst": "u",
"f": {"lang": "akk-x-neoass",
"form": "x",
"pos": "u"}
}
,
{
"node": "l",
"frag": "x",
"id": "P313778.l04a89",
"ref": "P313778.12.2",
"inst": "u",
"f": {"lang": "akk-x-neoass",
"form": "x",
"pos": "u"}
}
,
{
"node": "l",
"frag": "x",
"id": "P313778.l04a8a",
"ref": "P313778.12.3",
"inst": "u",
"f": {"lang": "akk-x-neoass",
"form": "x",
"pos": "u"}
}
,
{
"node": "l",
"frag": "x",
"id": "P313778.l04a8b",
"ref": "P313778.12.4",
"inst": "u",
"f": {"lang": "akk-x-neoass",
"form": "x",
"pos": "u"}
}
,
{
"node": "l",
"frag": "x",
"id": "P313778.l04a8c",
"ref": "P313778.12.5",
"inst": "u",
"f": {"lang": "akk-x-neoass",
"form": "x",
"pos": "u"}
}
,
{
"node": "l",
"frag": "x",
"id": "P313778.l04a8d",
"ref": "P313778.12.6",
"inst": "u",
"f": {"lang": "akk-x-neoass",
"form": "x",
"pos": "u"}
}
,
{
"node": "l",
"frag": "x]-⸢x⸣-ba",
"id": "P313778.l04a8e",
"ref": "P313778.12.7",
"inst": "u",
"f": {"lang": "akk-x-neoass",
"form": "x-x-ba",
"pos": "u"}
}
,
{
"node": "l",
"frag": "{lu₂v}e-muq-qe-e-šu₂",
"id": "P313778.l04a8f",
"ref": "P313778.12.8",
"inst": "emūqu[strength//troops]N$emuqqēšu",
"sig": "@saao/saa15%akk-x-neoass:{LU₂}e-muq-qe-e-šu₂=emūqu[strength//troops]N'N$emuqqēšu",
"f": {"lang": "akk-x-neoass",
"form": "{LU₂}e-muq-qe-e-šu₂",
"cf": "emūqu",
"gw": "strength",
"sense": "troops",
"norm": "emuqqēšu",
"pos": "N",
"epos": "N"}
}
,
{
"node": "d",
"type": "line-start",
"ref": "P313778.13",
"n": "11'",
"label": "o 11'"}
,
{
"node": "l",
"frag": "[x",
"id": "P313778.l04a90",
"ref": "P313778.13.1",
"inst": "u",
"f": {"lang": "akk-x-neoass",
"form": "x",
"pos": "u"}
}
,
{
"node": "l",
"frag": "x",
"id": "P313778.l04a91",
"ref": "P313778.13.2",
"inst": "u",
"f": {"lang": "akk-x-neoass",
"form": "x",
"pos": "u"}
}
,
{
"node": "l",
"frag": "x",
"id": "P313778.l04a92",
"ref": "P313778.13.3",
"inst": "u",
"f": {"lang": "akk-x-neoass",
"form": "x",
"pos": "u"}
}
,
{
"node": "l",
"frag": "x",
"id": "P313778.l04a93",
"ref": "P313778.13.4",
"inst": "u",
"f": {"lang": "akk-x-neoass",
"form": "x",
"pos": "u"}
}
,
{
"node": "l",
"frag": "x",
"id": "P313778.l04a94",
"ref": "P313778.13.5",
"inst": "u",
"f": {"lang": "akk-x-neoass",
"form": "x",
"pos": "u"}
}
,
{
"node": "l",
"frag": "x",
"id": "P313778.l04a95",
"ref": "P313778.13.6",
"inst": "u",
"f": {"lang": "akk-x-neoass",
"form": "x",
"pos": "u"}
}
,
{
"node": "l",
"frag": "x",
"id": "P313778.l04a96",
"ref": "P313778.13.7",
"inst": "u",
"f": {"lang": "akk-x-neoass",
"form": "x",
"pos": "u"}
}
,
{
"node": "l",
"frag": "x",
"id": "P313778.l04a97",
"ref": "P313778.13.8",
"inst": "u",
"f": {"lang": "akk-x-neoass",
"form": "x",
"pos": "u"}
}
,
{
"node": "l",
"frag": "x]",
"id": "P313778.l04a98",
"ref": "P313778.13.9",
"inst": "u",
"f": {"lang": "akk-x-neoass",
"form": "x",
"pos": "u"}
}
,
{
"node": "l",
"frag": "⸢u₂⸣",
"id": "P313778.l04a99",
"ref": "P313778.13.10",
"inst": "u",
"f": {"lang": "akk-x-neoass",
"form": "u₂",
"pos": "u"}
}
,
{
"node": "d",
"type": "nonx",
"ref": "P313778.14",
"strict": "0",
"extent": "rest",
"state": "missing"}
,
{
"node": "d",
"subtype": "reverse",
"type": "surface",
"ref": "P313778.r.15",
"type": "reverse",
"label": "r"}
,
{
"node": "d",
"type": "nonx",
"ref": "P313778.16",
"strict": "0",
"extent": "beginning",
"state": "missing"}
,
{
"node": "d",
"type": "line-start",
"ref": "P313778.17",
"n": "1'",
"label": "r 1'"}
,
{
"node": "l",
"frag": "[x",
"id": "P313778.l04a9a",
"ref": "P313778.17.1",
"inst": "u",
"f": {"lang": "akk-x-neoass",
"form": "x",
"pos": "u"}
}
,
{
"node": "l",
"frag": "x",
"id": "P313778.l04a9b",
"ref": "P313778.17.2",
"inst": "u",
"f": {"lang": "akk-x-neoass",
"form": "x",
"pos": "u"}
}
,
{
"node": "l",
"frag": "x",
"id": "P313778.l04a9c",
"ref": "P313778.17.3",
"inst": "u",
"f": {"lang": "akk-x-neoass",
"form": "x",
"pos": "u"}
}
,
{
"node": "l",
"frag": "x",
"id": "P313778.l04a9d",
"ref": "P313778.17.4",
"inst": "u",
"f": {"lang": "akk-x-neoass",
"form": "x",
"pos": "u"}
}
,
{
"node": "l",
"frag": "x",
"id": "P313778.l04a9e",
"ref": "P313778.17.5",
"inst": "u",
"f": {"lang": "akk-x-neoass",
"form": "x",
"pos": "u"}
}
,
{
"node": "l",
"frag": "x",
"id": "P313778.l04a9f",
"ref": "P313778.17.6",
"inst": "u",
"f": {"lang": "akk-x-neoass",
"form": "x",
"pos": "u"}
}
,
{
"node": "l",
"frag": "x",
"id": "P313778.l04aa0",
"ref": "P313778.17.7",
"inst": "u",
"f": {"lang": "akk-x-neoass",
"form": "x",
"pos": "u"}
}
,
{
"node": "l",
"frag": "x",
"id": "P313778.l04aa1",
"ref": "P313778.17.8",
"inst": "u",
"f": {"lang": "akk-x-neoass",
"form": "x",
"pos": "u"}
}
,
{
"node": "l",
"frag": "x]-⸢lak-an⸣-[ni]",
"id": "P313778.l04aa2",
"ref": "P313778.17.9",
"inst": "u",
"f": {"lang": "akk-x-neoass",
"form": "x-lak-an-ni",
"pos": "u"}
}
,
{
"node": "d",
"type": "line-start",
"ref": "P313778.18",
"n": "2'",
"label": "r 2'"}
,
{
"node": "l",
"frag": "[x",
"id": "P313778.l04aa3",
"ref": "P313778.18.1",
"inst": "u",
"f": {"lang": "akk-x-neoass",
"form": "x",
"pos": "u"}
}
,
{
"node": "l",
"frag": "x",
"id": "P313778.l04aa4",
"ref": "P313778.18.2",
"inst": "u",
"f": {"lang": "akk-x-neoass",
"form": "x",
"pos": "u"}
}
,
{
"node": "l",
"frag": "x",
"id": "P313778.l04aa5",
"ref": "P313778.18.3",
"inst": "u",
"f": {"lang": "akk-x-neoass",
"form": "x",
"pos": "u"}
}
,
{
"node": "l",
"frag": "x",
"id": "P313778.l04aa6",
"ref": "P313778.18.4",
"inst": "u",
"f": {"lang": "akk-x-neoass",
"form": "x",
"pos": "u"}
}
,
{
"node": "l",
"frag": "x",
"id": "P313778.l04aa7",
"ref": "P313778.18.5",
"inst": "u",
"f": {"lang": "akk-x-neoass",
"form": "x",
"pos": "u"}
}
,
{
"node": "l",
"frag": "x]",
"id": "P313778.l04aa8",
"ref": "P313778.18.6",
"inst": "u",
"f": {"lang": "akk-x-neoass",
"form": "x",
"pos": "u"}
}
,
{
"node": "l",
"frag": "⸢LUGAL⸣",
"id": "P313778.l04aa9",
"ref": "P313778.18.7",
"inst": "šarri[king]N",
"sig": "@saao/saa15%akk-x-neoass:LUGAL=šarru[king//king]N'N$šarri",
"f": {"lang": "akk-x-neoass",
"form": "LUGAL",
"cf": "šarru",
"gw": "king",
"sense": "king",
"norm": "šarri",
"pos": "N",
"epos": "N"}
}
,
{
"node": "l",
"frag": "be-li₂-ia₂",
"id": "P313778.l04aaa",
"ref": "P313778.18.8",
"inst": "bēlīya[lord]N",
"sig": "@saao/saa15%akk-x-neoass:be-li₂-ia₂=bēlu[lord//lord]N'N$bēlīya",
"f": {"lang": "akk-x-neoass",
"form": "be-li₂-ia₂",
"cf": "bēlu",
"gw": "lord",
"sense": "lord",
"norm": "bēlīya",
"pos": "N",
"epos": "N"}
}
,
{
"node": "d",
"type": "line-start",
"ref": "P313778.19",
"n": "3'",
"label": "r 3'"}
,
{
"node": "l",
"frag": "[x",
"id": "P313778.l04aab",
"ref": "P313778.19.1",
"inst": "u",
"f": {"lang": "akk-x-neoass",
"form": "x",
"pos": "u"}
}
,
{
"node": "l",
"frag": "x",
"id": "P313778.l04aac",
"ref": "P313778.19.2",
"inst": "u",
"f": {"lang": "akk-x-neoass",
"form": "x",
"pos": "u"}
}
,
{
"node": "l",
"frag": "x",
"id": "P313778.l04aad",
"ref": "P313778.19.3",
"inst": "u",
"f": {"lang": "akk-x-neoass",
"form": "x",
"pos": "u"}
}
,
{
"node": "l",
"frag": "x",
"id": "P313778.l04aae",
"ref": "P313778.19.4",
"inst": "u",
"f": {"lang": "akk-x-neoass",
"form": "x",
"pos": "u"}
}
,
{
"node": "l",
"frag": "x]",
"id": "P313778.l04aaf",
"ref": "P313778.19.5",
"inst": "u",
"f": {"lang": "akk-x-neoass",
"form": "x",
"pos": "u"}
}
,
{
"node": "l",
"frag": "⸢A₂⸣.2-MEŠ\\m-šu₂-nu",
"id": "P313778.l04ab0",
"ref": "P313778.19.6",
"inst": "ahu[arm//forces]N$ahīšunu",
"sig": "@saao/saa15%akk-x-neoass:A₂.2-MEŠ-šu₂-nu=ahu[arm//forces]N'N$ahīšunu",
"f": {"lang": "akk-x-neoass",
"form": "A₂.2-MEŠ-šu₂-nu",
"cf": "ahu",
"gw": "arm",
"sense": "forces",
"norm": "ahīšunu",
"pos": "N",
"epos": "N"}
}
,
{
"node": "d",
"type": "line-start",
"ref": "P313778.20",
"n": "4'",
"label": "r 4'"}
,
{
"node": "l",
"frag": "[x",
"id": "P313778.l04ab1",
"ref": "P313778.20.1",
"inst": "u",
"f": {"lang": "akk-x-neoass",
"form": "x",
"pos": "u"}
}
,
{
"node": "l",
"frag": "x",
"id": "P313778.l04ab2",
"ref": "P313778.20.2",
"inst": "u",
"f": {"lang": "akk-x-neoass",
"form": "x",
"pos": "u"}
}
,
{
"node": "l",
"frag": "x",
"id": "P313778.l04ab3",
"ref": "P313778.20.3",
"inst": "u",
"f": {"lang": "akk-x-neoass",
"form": "x",
"pos": "u"}
}
,
{
"node": "l",
"frag": "x",
"id": "P313778.l04ab4",
"ref": "P313778.20.4",
"inst": "u",
"f": {"lang": "akk-x-neoass",
"form": "x",
"pos": "u"}
}
,
{
"node": "l",
"frag": "x]",
"id": "P313778.l04ab5",
"ref": "P313778.20.5",
"inst": "u",
"f": {"lang": "akk-x-neoass",
"form": "x",
"pos": "u"}
}
,
{
"node": "l",
"frag": "⸢u₂⸣-tu₂-li\\d-u₂",
"id": "P313778.l04ab6",
"ref": "P313778.20.6",
"inst": "elû[go up//remove]V$ūtulliu",
"sig": "@saao/saa15%akk-x-neoass:u₂-tu₂-li-u₂=elû[go up//remove]V'V$ūtulliu",
"f": {"lang": "akk-x-neoass",
"form": "u₂-tu₂-li-u₂",
"cf": "elû",
"gw": "go up",
"sense": "remove",
"norm": "ūtulliu",
"pos": "V",
"epos": "V"}
}
,
{
"node": "d",
"type": "line-start",
"ref": "P313778.21",
"n": "5'",
"label": "r 5'"}
,
{
"node": "l",
"frag": "[x",
"id": "P313778.l04ab7",
"ref": "P313778.21.1",
"inst": "u",
"f": {"lang": "akk-x-neoass",
"form": "x",
"pos": "u"}
}
,
{
"node": "l",
"frag": "x",
"id": "P313778.l04ab8",
"ref": "P313778.21.2",
"inst": "u",
"f": {"lang": "akk-x-neoass",
"form": "x",
"pos": "u"}
}
,
{
"node": "l",
"frag": "ṭe₃-e-mu]",
"id": "P313778.l04ab9",
"ref": "P313778.21.3",
"inst": "ṭēmu[report]N",
"sig": "@saao/saa15%akk-x-neoass:ṭe₃-e-mu=ṭēmu[(fore)thought//report]N'N$ṭēmu",
"f": {"lang": "akk-x-neoass",
"form": "ṭe₃-e-mu",
"cf": "ṭēmu",
"gw": "(fore)thought",
"sense": "report",
"norm": "ṭēmu",
"pos": "N",
"epos": "N"}
}
,
{
"node": "l",
"frag": "⸢har⸣-ṣu",
"id": "P313778.l04aba",
"ref": "P313778.21.4",
"inst": "harṣu[detailed]AJ",
"sig": "@saao/saa15%akk-x-neoass:har-ṣu=harṣu[broken off//detailed]AJ'AJ$harṣu",
"f": {"lang": "akk-x-neoass",
"form": "har-ṣu",
"cf": "harṣu",
"gw": "broken off",
"sense": "detailed",
"norm": "harṣu",
"pos": "AJ",
"epos": "AJ"}
}
,
{
"node": "l",
"frag": "i-šap-par",
"id": "P313778.l04abb",
"ref": "P313778.21.5",
"inst": "išappar[send]V",
"sig": "@saao/saa15%akk-x-neoass:i-šap-par=šapāru[send//send]V'V$išappar",
"f": {"lang": "akk-x-neoass",
"form": "i-šap-par",
"cf": "šapāru",
"gw": "send",
"sense": "send",
"norm": "išappar",
"pos": "V",
"epos": "V"}
}
,
{
"node": "d",
"type": "line-start",
"ref": "P313778.22",
"n": "6'",
"label": "r 6'"}
,
{
"node": "l",
"frag": "[x",
"id": "P313778.l04abc",
"ref": "P313778.22.1",
"inst": "u",
"f": {"lang": "akk-x-neoass",
"form": "x",
"pos": "u"}
}
,
{
"node": "l",
"frag": "x",
"id": "P313778.l04abd",
"ref": "P313778.22.2",
"inst": "u",
"f": {"lang": "akk-x-neoass",
"form": "x",
"pos": "u"}
}
,
{
"node": "l",
"frag": "x",
"id": "P313778.l04abe",
"ref": "P313778.22.3",
"inst": "u",
"f": {"lang": "akk-x-neoass",
"form": "x",
"pos": "u"}
}
,
{
"node": "l",
"frag": "x",
"id": "P313778.l04abf",
"ref": "P313778.22.4",
"inst": "u",
"f": {"lang": "akk-x-neoass",
"form": "x",
"pos": "u"}
}
,
{
"node": "l",
"frag": "x]-ti\\t",
"id": "P313778.l04ac0",
"ref": "P313778.22.5",
"inst": "u",
"f": {"lang": "akk-x-neoass",
"form": "x-ti",
"pos": "u"}
}
,
{
"node": "l",
"frag": "ša\\dm",
"id": "P313778.l04ac1",
"ref": "P313778.22.6",
"inst": "ša[which]REL",
"sig": "@saao/saa15%akk-x-neoass:ša=ša[that//which]REL'REL$ša",
"f": {"lang": "akk-x-neoass",
"form": "ša",
"cf": "ša",
"gw": "that",
"sense": "which",
"norm": "ša",
"pos": "REL",
"epos": "REL"}
}
,
{
"node": "l",
"frag": "LUGAL",
"id": "P313778.l04ac2",
"ref": "P313778.22.7",
"inst": "šarru[king]N",
"sig": "@saao/saa15%akk-x-neoass:LUGAL=šarru[king//king]N'N$šarru",
"f": {"lang": "akk-x-neoass",
"form": "LUGAL",
"cf": "šarru",
"gw": "king",
"sense": "king",
"norm": "šarru",
"pos": "N",
"epos": "N"}
}
,
{
"node": "l",
"frag": "be-li₂",
"id": "P313778.l04ac3",
"ref": "P313778.22.8",
"inst": "bēlī[lord]N",
"sig": "@saao/saa15%akk-x-neoass:be-li₂=bēlu[lord//lord]N'N$bēlī",
"f": {"lang": "akk-x-neoass",
"form": "be-li₂",
"cf": "bēlu",
"gw": "lord",
"sense": "lord",
"norm": "bēlī",
"pos": "N",
"epos": "N"}
}
,
{
"node": "d",
"type": "line-start",
"ref": "P313778.23",
"n": "7'",
"label": "r 7'"}
,
{
"node": "l",
"frag": "[iš-pur-an-ni",
"id": "P313778.l04ac4",
"ref": "P313778.23.1",
"inst": "išpuranni[write]V",
"sig": "@saao/saa15%akk-x-neoass:iš-pur-an-ni=šapāru[send//write]V'V$išpuranni",
"f": {"lang": "akk-x-neoass",
"form": "iš-pur-an-ni",
"cf": "šapāru",
"gw": "send",
"sense": "write",
"norm": "išpuranni",
"pos": "V",
"epos": "V"}
}
,
{
"node": "l",
"frag": "it-ta]-lak",
"id": "P313778.l04ac5",
"ref": "P313778.23.2",
"inst": "ittalak[go]V",
"sig": "@saao/saa15%akk-x-neoass:it-ta-lak=alāku[go//go]V'V$ittalak",
"f": {"lang": "akk-x-neoass",
"form": "it-ta-lak",
"cf": "alāku",
"gw": "go",
"sense": "go",
"norm": "ittalak",
"pos": "V",
"epos": "V"}
}
,
{
"node": "l",
"frag": "ṭe₃-en-šu₂",
"id": "P313778.l04ac6",
"ref": "P313778.23.3",
"inst": "ṭēmu[(fore)thought//report]N$ṭēnšu",
"sig": "@saao/saa15%akk-x-neoass:ṭe₃-en-šu₂=ṭēmu[(fore)thought//report]N'N$ṭēnšu",
"f": {"lang": "akk-x-neoass",
"form": "ṭe₃-en-šu₂",
"cf": "ṭēmu",
"gw": "(fore)thought",
"sense": "report",
"norm": "ṭēnšu",
"pos": "N",
"epos": "N"}
}
,
{
"node": "d",
"type": "line-start",
"ref": "P313778.24",
"n": "8'",
"label": "r 8'"}
,
{
"node": "l",
"frag": "[x",
"id": "P313778.l04ac7",
"ref": "P313778.24.1",
"inst": "u",
"f": {"lang": "akk-x-neoass",
"form": "x",
"pos": "u"}
}
,
{
"node": "l",
"frag": "x",
"id": "P313778.l04ac8",
"ref": "P313778.24.2",
"inst": "u",
"f": {"lang": "akk-x-neoass",
"form": "x",
"pos": "u"}
}
,
{
"node": "l",
"frag": "x",
"id": "P313778.l04ac9",
"ref": "P313778.24.3",
"inst": "u",
"f": {"lang": "akk-x-neoass",
"form": "x",
"pos": "u"}
}
,
{
"node": "l",
"frag": "x",
"id": "P313778.l04aca",
"ref": "P313778.24.4",
"inst": "u",
"f": {"lang": "akk-x-neoass",
"form": "x",
"pos": "u"}
}
,
{
"node": "l",
"frag": "la]",
"id": "P313778.l04acb",
"ref": "P313778.24.5",
"inst": "lā[not]MOD",
"sig": "@saao/saa15%akk-x-neoass:la=lā[not//not]MOD'MOD$lā",
"f": {"lang": "akk-x-neoass",
"form": "la",
"cf": "lā",
"gw": "not",
"sense": "not",
"norm": "lā",
"pos": "MOD",
"epos": "MOD"}
}
,
{
"node": "l",
"frag": "⸢iš⸣-pu-ra",
"id": "P313778.l04acc",
"ref": "P313778.24.6",
"inst": "išpura[send]V",
"sig": "@saao/saa15%akk-x-neoass:iš-pu-ra=šapāru[send//send]V'V$išpura",
"f": {"lang": "akk-x-neoass",
"form": "iš-pu-ra",
"cf": "šapāru",
"gw": "send",
"sense": "send",
"norm": "išpura",
"pos": "V",
"epos": "V"}
}
,
{
"node": "d",
"type": "line-start",
"ref": "P313778.25",
"n": "9'",
"label": "r 9'"}
,
{
"node": "l",
"frag": "[x",
"id": "P313778.l04acd",
"ref": "P313778.25.1",
"inst": "u",
"f": {"lang": "akk-x-neoass",
"form": "x",
"pos": "u"}
}
,
{
"node": "l",
"frag": "x",
"id": "P313778.l04ace",
"ref": "P313778.25.2",
"inst": "u",
"f": {"lang": "akk-x-neoass",
"form": "x",
"pos": "u"}
}
,
{
"node": "l",
"frag": "x",
"id": "P313778.l04acf",
"ref": "P313778.25.3",
"inst": "u",
"f": {"lang": "akk-x-neoass",
"form": "x",
"pos": "u"}
}
,
{
"node": "l",
"frag": "x",
"id": "P313778.l04ad0",
"ref": "P313778.25.4",
"inst": "u",
"f": {"lang": "akk-x-neoass",
"form": "x",
"pos": "u"}
}
,
{
"node": "l",
"frag": "x]-a",
"id": "P313778.l04ad1",
"ref": "P313778.25.5",
"inst": "u",
"f": {"lang": "akk-x-neoass",
"form": "x-a",
"pos": "u"}
}
,
{
"node": "l",
"frag": "an-ni-u₂",
"id": "P313778.l04ad2",
"ref": "P313778.25.6",
"inst": "annīu[this]DP",
"sig": "@saao/saa15%akk-x-neoass:an-ni-u₂=annû[this//this]DP'DP$annīu",
"f": {"lang": "akk-x-neoass",
"form": "an-ni-u₂",
"cf": "annû",
"gw": "this",
"sense": "this",
"norm": "annīu",
"pos": "DP",
"epos": "DP"}
}
,
{
"node": "d",
"type": "line-start",
"ref": "P313778.26",
"n": "10'",
"label": "r 10'"}
,
{
"node": "l",
"frag": "[x",
"id": "P313778.l04ad3",
"ref": "P313778.26.1",
"inst": "u",
"f": {"lang": "akk-x-neoass",
"form": "x",
"pos": "u"}
}
,
{
"node": "l",
"frag": "x",
"id": "P313778.l04ad4",
"ref": "P313778.26.2",
"inst": "u",
"f": {"lang": "akk-x-neoass",
"form": "x",
"pos": "u"}
}
,
{
"node": "l",
"frag": "x",
"id": "P313778.l04ad5",
"ref": "P313778.26.3",
"inst": "u",
"f": {"lang": "akk-x-neoass",
"form": "x",
"pos": "u"}
}
,
{
"node": "l",
"frag": "x",
"id": "P313778.l04ad6",
"ref": "P313778.26.4",
"inst": "u",
"f": {"lang": "akk-x-neoass",
"form": "x",
"pos": "u"}
}
,
{
"node": "l",
"frag": "x]",
"id": "P313778.l04ad7",
"ref": "P313778.26.5",
"inst": "u",
"f": {"lang": "akk-x-neoass",
"form": "x",
"pos": "u"}
}
,
{
"node": "l",
"frag": "il-lik-an-ni",
"id": "P313778.l04ad8",
"ref": "P313778.26.6",
"inst": "illikanni[come]V",
"sig": "@saao/saa15%akk-x-neoass:il-lik-an-ni=alāku[go//come]V'V$illikanni",
"f": {"lang": "akk-x-neoass",
"form": "il-lik-an-ni",
"cf": "alāku",
"gw": "go",
"sense": "come",
"norm": "illikanni",
"pos": "V",
"epos": "V"}
}
,
{
"node": "d",
"type": "line-start",
"ref": "P313778.27",
"n": "11'",
"label": "r 11'"}
,
{
"node": "l",
"frag": "[x",
"id": "P313778.l04ad9",
"ref": "P313778.27.1",
"inst": "u",
"f": {"lang": "akk-x-neoass",
"form": "x",
"pos": "u"}
}
,
{
"node": "l",
"frag": "x",
"id": "P313778.l04ada",
"ref": "P313778.27.2",
"inst": "u",
"f": {"lang": "akk-x-neoass",
"form": "x",
"pos": "u"}
}
,
{
"node": "l",
"frag": "x",
"id": "P313778.l04adb",
"ref": "P313778.27.3",
"inst": "u",
"f": {"lang": "akk-x-neoass",
"form": "x",
"pos": "u"}
}
,
{
"node": "l",
"frag": "x",
"id": "P313778.l04adc",
"ref": "P313778.27.4",
"inst": "u",
"f": {"lang": "akk-x-neoass",
"form": "x",
"pos": "u"}
}
,
{
"node": "l",
"frag": "x",
"id": "P313778.l04add",
"ref": "P313778.27.5",
"inst": "u",
"f": {"lang": "akk-x-neoass",
"form": "x",
"pos": "u"}
}
,
{
"node": "l",
"frag": "x]",
"id": "P313778.l04ade",
"ref": "P313778.27.6",
"inst": "u",
"f": {"lang": "akk-x-neoass",
"form": "x",
"pos": "u"}
}
,
{
"node": "l",
"frag": "⸢x⸣",
"id": "P313778.l04adf",
"ref": "P313778.27.7",
"inst": "u",
"f": {"lang": "akk-x-neoass",
"form": "x",
"pos": "u"}
}
,
{
"node": "l",
"frag": "[x",
"id": "P313778.l04ae0",
"ref": "P313778.27.8",
"inst": "u",
"f": {"lang": "akk-x-neoass",
"form": "x",
"pos": "u"}
}
,
{
"node": "l",
"frag": "x",
"id": "P313778.l04ae1",
"ref": "P313778.27.9",
"inst": "u",
"f": {"lang": "akk-x-neoass",
"form": "x",
"pos": "u"}
}
,
{
"node": "l",
"frag": "x]",
"id": "P313778.l04ae2",
"ref": "P313778.27.10",
"inst": "u",
"f": {"lang": "akk-x-neoass",
"form": "x",
"pos": "u"}
}
,
{
"node": "d",
"type": "nonx",
"ref": "P313778.28",
"strict": "0",
"extent": "rest",
"state": "missing"}
]}
]}
]}
,
{
"linkbase": [{
"type": "linkset",
"xlink_title": "mar Babili[Babylonian//Babylonian]EN'EN",
"id": "P313778.ls00000",
"xlink_type": "extended",
"xlink_role": "psu",
"sig": "{māru[son]N Babili[Babylon]GN += mar Babili[Babylonian//Babylonian]EN'EN}::@saao%akk-x-neoass:DUMU-KA₂.DINGIR{KI}=māru[son//son]N'N$mār++@saao%akk-x-neoass:=Babili[Babylon//Babylon]GN'GN$Babili",
"links": [
{
"type": "link",
"xlink_title": "māru",
"xlink_type": "locator",
"xlink_href": "#P313778.l04a63",
"xlink_role": "elt"}
,
{
"type": "link",
"xlink_title": "Babili",
"xlink_type": "locator",
"xlink_href": "#P313778.l04a64",
"xlink_role": "elt"}
]}
]}
]}
