{
"type": "cdl",
  "source": "http://oracc.org/saao/saa15",
  "license": "This data is released under the CC0 license",
  "license-url": "https://creativecommons.org/publicdomain/zero/1.0/",
  "more-info": "http://oracc.org/doc/opendata/",
  "UTC-timestamp": "2017-05-19T11:53:31",
"project": "saao/saa15",
"textid": "P314254",
"cdl": [
{
"node": "c",
"type": "text",
"id": "P314254.U0",
"cdl": [
{
"node": "d",
"type": "object",
"ref": ""}
,
{
"node": "d",
"subtype": "obverse",
"type": "surface",
"ref": "P314254.o.1",
"type": "obverse",
"label": "o"}
,
{
"node": "d",
"type": "nonx",
"ref": "P314254.2",
"strict": "0",
"extent": "beginning",
"state": "missing"}
,
{
"node": "c",
"type": "discourse",
"subtype": "body",
"id": "P314254.U1",
"cdl": [
{
"node": "c",
"type": "sentence",
"id": "P314254.U2",
"label": "o 1' - o 6'",
"cdl": [
{
"node": "d",
"type": "line-start",
"ref": "P314254.3",
"n": "1'",
"label": "o 1'"}
,
{
"node": "l",
"frag": "[x",
"id": "P314254.l07fc6",
"ref": "P314254.3.1",
"inst": "u",
"f": {"lang": "akk-x-neoass",
"form": "x",
"pos": "u"}
}
,
{
"node": "l",
"frag": "x",
"id": "P314254.l07fc7",
"ref": "P314254.3.2",
"inst": "u",
"f": {"lang": "akk-x-neoass",
"form": "x",
"pos": "u"}
}
,
{
"node": "l",
"frag": "x]+⸢x⸣",
"id": "P314254.l07fc8",
"ref": "P314254.3.3",
"inst": "u",
"f": {"lang": "akk-x-neoass",
"form": "x+x",
"pos": "u"}
}
,
{
"node": "l",
"frag": "mu",
"id": "P314254.l07fc9",
"ref": "P314254.3.4",
"inst": "u",
"f": {"lang": "akk-x-neoass",
"form": "mu",
"pos": "u"}
}
,
{
"node": "l",
"frag": "[x",
"id": "P314254.l07fca",
"ref": "P314254.3.5",
"inst": "u",
"f": {"lang": "akk-x-neoass",
"form": "x",
"pos": "u"}
}
,
{
"node": "l",
"frag": "x",
"id": "P314254.l07fcb",
"ref": "P314254.3.6",
"inst": "u",
"f": {"lang": "akk-x-neoass",
"form": "x",
"pos": "u"}
}
,
{
"node": "l",
"frag": "x",
"id": "P314254.l07fcc",
"ref": "P314254.3.7",
"inst": "u",
"f": {"lang": "akk-x-neoass",
"form": "x",
"pos": "u"}
}
,
{
"node": "l",
"frag": "x]",
"id": "P314254.l07fcd",
"ref": "P314254.3.8",
"inst": "u",
"f": {"lang": "akk-x-neoass",
"form": "x",
"pos": "u"}
}
,
{
"node": "d",
"type": "line-start",
"ref": "P314254.4",
"n": "2'",
"label": "o 2'"}
,
{
"node": "l",
"frag": "[x",
"id": "P314254.l07fce",
"ref": "P314254.4.1",
"inst": "u",
"f": {"lang": "akk-x-neoass",
"form": "x",
"pos": "u"}
}
,
{
"node": "l",
"frag": "x]",
"id": "P314254.l07fcf",
"ref": "P314254.4.2",
"inst": "u",
"f": {"lang": "akk-x-neoass",
"form": "x",
"pos": "u"}
}
,
{
"node": "l",
"frag": "BAD-HAL-lum",
"id": "P314254.l07fd0",
"ref": "P314254.4.3",
"inst": "pēthallu[riding horse]N",
"sig": "@saao/saa15%akk-x-neoass:BAD-HAL-lum=pēthallu[riding horse//riding horse]N'N$pēthallu",
"f": {"lang": "akk-x-neoass",
"form": "BAD-HAL-lum",
"cf": "pēthallu",
"gw": "riding horse",
"sense": "riding horse",
"norm": "pēthallu",
"pos": "N",
"epos": "N"}
}
,
{
"node": "l",
"frag": "[x",
"id": "P314254.l07fd1",
"ref": "P314254.4.4",
"inst": "u",
"f": {"lang": "akk-x-neoass",
"form": "x",
"pos": "u"}
}
,
{
"node": "l",
"frag": "x",
"id": "P314254.l07fd2",
"ref": "P314254.4.5",
"inst": "u",
"f": {"lang": "akk-x-neoass",
"form": "x",
"pos": "u"}
}
,
{
"node": "l",
"frag": "x",
"id": "P314254.l07fd3",
"ref": "P314254.4.6",
"inst": "u",
"f": {"lang": "akk-x-neoass",
"form": "x",
"pos": "u"}
}
,
{
"node": "l",
"frag": "x]",
"id": "P314254.l07fd4",
"ref": "P314254.4.7",
"inst": "u",
"f": {"lang": "akk-x-neoass",
"form": "x",
"pos": "u"}
}
,
{
"node": "d",
"type": "line-start",
"ref": "P314254.5",
"n": "3'",
"label": "o 3'"}
,
{
"node": "l",
"frag": "[x",
"id": "P314254.l07fd5",
"ref": "P314254.5.1",
"inst": "u",
"f": {"lang": "akk-x-neoass",
"form": "x",
"pos": "u"}
}
,
{
"node": "l",
"frag": "x]",
"id": "P314254.l07fd6",
"ref": "P314254.5.2",
"inst": "u",
"f": {"lang": "akk-x-neoass",
"form": "x",
"pos": "u"}
}
,
{
"node": "l",
"frag": "aš-šur-a.a",
"id": "P314254.l07fd7",
"ref": "P314254.5.3",
"inst": "Aššuraya[Assyrian]EN",
"sig": "@saao/saa15%akk-x-neoass:aš-šur-a.a=Aššuraya[Assyrian//Assyrian]EN'EN$Aššuraya",
"f": {"lang": "akk-x-neoass",
"form": "aš-šur-a.a",
"cf": "Aššuraya",
"gw": "Assyrian",
"sense": "Assyrian",
"norm": "Aššuraya",
"pos": "EN",
"epos": "EN"}
}
,
{
"node": "d",
"frag": ":\"",
"type": "nonw",
"ref": "P314254.5.4",
"lang": "akk-x-neoass",
"type": "punct",
"gdl_delim": " "}
,
{
"node": "l",
"frag": "[x",
"id": "P314254.l07fd8",
"ref": "P314254.5.5",
"inst": "u",
"f": {"lang": "akk-x-neoass",
"form": "x",
"pos": "u"}
}
,
{
"node": "l",
"frag": "x",
"id": "P314254.l07fd9",
"ref": "P314254.5.6",
"inst": "u",
"f": {"lang": "akk-x-neoass",
"form": "x",
"pos": "u"}
}
,
{
"node": "l",
"frag": "x",
"id": "P314254.l07fda",
"ref": "P314254.5.7",
"inst": "u",
"f": {"lang": "akk-x-neoass",
"form": "x",
"pos": "u"}
}
,
{
"node": "l",
"frag": "x]",
"id": "P314254.l07fdb",
"ref": "P314254.5.8",
"inst": "u",
"f": {"lang": "akk-x-neoass",
"form": "x",
"pos": "u"}
}
,
{
"node": "d",
"type": "line-start",
"ref": "P314254.6",
"n": "4'",
"label": "o 4'"}
,
{
"node": "l",
"frag": "⸢a-na⸣",
"id": "P314254.l07fdc",
"ref": "P314254.6.1",
"inst": "ana[to]PRP",
"sig": "@saao/saa15%akk-x-neoass:a-na=ana[to//to]PRP'PRP$ana",
"f": {"lang": "akk-x-neoass",
"form": "a-na",
"cf": "ana",
"gw": "to",
"sense": "to",
"norm": "ana",
"pos": "PRP",
"epos": "PRP"}
}
,
{
"node": "l",
"frag": "{1}{d}AG\\d-[x",
"id": "P314254.l07fdd",
"ref": "P314254.6.2",
"inst": "u",
"f": {"lang": "akk-x-neoass",
"form": "{1}{d}AG-x",
"pos": "u"}
}
,
{
"node": "l",
"frag": "x",
"id": "P314254.l07fde",
"ref": "P314254.6.3",
"inst": "u",
"f": {"lang": "akk-x-neoass",
"form": "x",
"pos": "u"}
}
,
{
"node": "l",
"frag": "x",
"id": "P314254.l07fdf",
"ref": "P314254.6.4",
"inst": "u",
"f": {"lang": "akk-x-neoass",
"form": "x",
"pos": "u"}
}
,
{
"node": "l",
"frag": "x]",
"id": "P314254.l07fe0",
"ref": "P314254.6.5",
"inst": "u",
"f": {"lang": "akk-x-neoass",
"form": "x",
"pos": "u"}
}
,
{
"node": "d",
"type": "line-start",
"ref": "P314254.7",
"n": "5'",
"label": "o 5'"}
,
{
"node": "l",
"frag": "a-ti\\t-di-[in",
"id": "P314254.l07fe1",
"ref": "P314254.7.1",
"inst": "tadānu[give]V$attidin",
"sig": "@saao/saa15%akk-x-neoass:a-ti-di-in=tadānu[give//give]V'V$attidin",
"f": {"lang": "akk-x-neoass",
"form": "a-ti-di-in",
"cf": "tadānu",
"gw": "give",
"sense": "give",
"norm": "attidin",
"pos": "V",
"epos": "V"}
}
,
{
"node": "l",
"frag": "o]",
"id": "P314254.l07fe2",
"ref": "P314254.7.2",
"inst": "u",
"f": {"lang": "akk-x-neoass",
"form": "o",
"pos": "u"}
}
,
{
"node": "d",
"type": "line-start",
"ref": "P314254.8",
"n": "6'",
"label": "o 6'"}
,
{
"node": "l",
"frag": "{⸢lu₂v}ERIM⸣-[MEŠ",
"id": "P314254.l07fe3",
"ref": "P314254.8.1",
"inst": "ṣābāni[troops]N",
"sig": "@saao/saa15%akk-x-neoass:{LU₂}ERIM-MEŠ=ṣābu[people//troops]N'N$ṣābāni",
"f": {"lang": "akk-x-neoass",
"form": "{LU₂}ERIM-MEŠ",
"cf": "ṣābu",
"gw": "people",
"sense": "troops",
"norm": "ṣābāni",
"pos": "N",
"epos": "N"}
}
,
{
"node": "l",
"frag": "x",
"id": "P314254.l07fe4",
"ref": "P314254.8.2",
"inst": "u",
"f": {"lang": "akk-x-neoass",
"form": "x",
"pos": "u"}
}
,
{
"node": "l",
"frag": "x",
"id": "P314254.l07fe5",
"ref": "P314254.8.3",
"inst": "u",
"f": {"lang": "akk-x-neoass",
"form": "x",
"pos": "u"}
}
,
{
"node": "l",
"frag": "x",
"id": "P314254.l07fe6",
"ref": "P314254.8.4",
"inst": "u",
"f": {"lang": "akk-x-neoass",
"form": "x",
"pos": "u"}
}
,
{
"node": "l",
"frag": "x]",
"id": "P314254.l07fe7",
"ref": "P314254.8.5",
"inst": "u",
"f": {"lang": "akk-x-neoass",
"form": "x",
"pos": "u"}
}
,
{
"node": "d",
"type": "nonx",
"ref": "P314254.9",
"strict": "0",
"extent": "rest",
"state": "missing"}
,
{
"node": "d",
"subtype": "reverse",
"type": "surface",
"ref": "P314254.r.10",
"type": "reverse",
"label": "r"}
,
{
"node": "d",
"type": "nonx",
"ref": "P314254.11",
"strict": "0",
"state": "other"}
]}
]}
]}
]}
