{
"type": "cdl",
  "source": "http://oracc.org/saao/saa15",
  "license": "This data is released under the CC0 license",
  "license-url": "https://creativecommons.org/publicdomain/zero/1.0/",
  "more-info": "http://oracc.org/doc/opendata/",
  "UTC-timestamp": "2017-05-19T11:53:24",
"project": "saao/saa15",
"textid": "P314036",
"cdl": [
{
"node": "c",
"type": "text",
"id": "P314036.U0",
"cdl": [
{
"node": "d",
"type": "object",
"ref": ""}
,
{
"node": "d",
"subtype": "obverse",
"type": "surface",
"ref": "P314036.o.1",
"type": "obverse",
"label": "o"}
,
{
"node": "d",
"type": "nonx",
"ref": "P314036.2",
"strict": "0",
"extent": "beginning",
"state": "missing"}
,
{
"node": "c",
"type": "discourse",
"subtype": "body",
"id": "P314036.U1",
"cdl": [
{
"node": "c",
"type": "sentence",
"id": "P314036.U2",
"label": "o 1' - o 4'",
"cdl": [
{
"node": "d",
"type": "line-start",
"ref": "P314036.3",
"n": "1'",
"label": "o 1'"}
,
{
"node": "c",
"type": "phrase",
"tag": "phr",
"id": "P314036.U4",
"ref": "P314036.ls00000",
"cdl": [
{
"node": "l",
"frag": "[ina]",
"id": "P314036.l079bf",
"ref": "P314036.3.1",
"inst": "ina[in+=concerning]PRP",
"sig": "@saao/saa15%akk-x-neoass:ina=ina[in//in]PRP'PRP$ina",
"f": {"lang": "akk-x-neoass",
"form": "ina",
"cf": "ina",
"gw": "in",
"sense": "in",
"norm": "ina",
"pos": "PRP",
"epos": "PRP"}
}
,
{
"node": "l",
"frag": "⸢UGU⸣",
"id": "P314036.l079c0",
"ref": "P314036.3.2",
"inst": "muhhi[skull]N",
"sig": "@saao/saa15%akk-x-neoass:UGU=muhhu[skull//skull]N'N$muhhi",
"f": {"lang": "akk-x-neoass",
"form": "UGU",
"cf": "muhhu",
"gw": "skull",
"sense": "skull",
"norm": "muhhi",
"pos": "N",
"epos": "N"}
}
]}
,
{
"node": "l",
"frag": "{1}{d}[x",
"id": "P314036.l079c1",
"ref": "P314036.3.3",
"inst": "u",
"f": {"lang": "akk-x-neoass",
"form": "{1}{d}x",
"pos": "u"}
}
,
{
"node": "l",
"frag": "x",
"id": "P314036.l079c2",
"ref": "P314036.3.4",
"inst": "u",
"f": {"lang": "akk-x-neoass",
"form": "x",
"pos": "u"}
}
,
{
"node": "l",
"frag": "x",
"id": "P314036.l079c3",
"ref": "P314036.3.5",
"inst": "u",
"f": {"lang": "akk-x-neoass",
"form": "x",
"pos": "u"}
}
,
{
"node": "l",
"frag": "x",
"id": "P314036.l079c4",
"ref": "P314036.3.6",
"inst": "u",
"f": {"lang": "akk-x-neoass",
"form": "x",
"pos": "u"}
}
,
{
"node": "l",
"frag": "x]",
"id": "P314036.l079c5",
"ref": "P314036.3.7",
"inst": "u",
"f": {"lang": "akk-x-neoass",
"form": "x",
"pos": "u"}
}
,
{
"node": "d",
"type": "line-start",
"ref": "P314036.4",
"n": "2'",
"label": "o 2'"}
,
{
"node": "l",
"frag": "55",
"id": "P314036.l079c6",
"ref": "P314036.4.1",
"inst": "n",
"f": {"lang": "akk-x-neoass",
"form": "55",
"pos": "n"}
}
,
{
"node": "l",
"frag": "ERIM",
"id": "P314036.l079c7",
"ref": "P314036.4.2",
"inst": "ṣābāni[people]N",
"sig": "@saao/saa15%akk-x-neoass:ERIM=ṣābu[people//people]N'N$ṣābāni",
"f": {"lang": "akk-x-neoass",
"form": "ERIM",
"cf": "ṣābu",
"gw": "people",
"sense": "people",
"norm": "ṣābāni",
"pos": "N",
"epos": "N"}
}
,
{
"node": "l",
"frag": "ZI",
"id": "P314036.l079c8",
"ref": "P314036.4.3",
"inst": "nupšāti[person]N",
"sig": "@saao/saa15%akk-x-neoass:ZI=napištu[throat//person]N'N$nupšāti",
"f": {"lang": "akk-x-neoass",
"form": "ZI",
"cf": "napištu",
"gw": "throat",
"sense": "person",
"norm": "nupšāti",
"pos": "N",
"epos": "N"}
}
,
{
"node": "l",
"frag": "⸢ša\\dm⸣",
"id": "P314036.l079c9",
"ref": "P314036.4.4",
"inst": "ša[of]DET",
"sig": "@saao/saa15%akk-x-neoass:ša=ša[of//of]DET'DET$ša",
"f": {"lang": "akk-x-neoass",
"form": "ša",
"cf": "ša",
"gw": "of",
"sense": "of",
"norm": "ša",
"pos": "DET",
"epos": "DET"}
}
,
{
"node": "l",
"frag": "[x",
"id": "P314036.l079ca",
"ref": "P314036.4.5",
"inst": "u",
"f": {"lang": "akk-x-neoass",
"form": "x",
"pos": "u"}
}
,
{
"node": "l",
"frag": "x",
"id": "P314036.l079cb",
"ref": "P314036.4.6",
"inst": "u",
"f": {"lang": "akk-x-neoass",
"form": "x",
"pos": "u"}
}
,
{
"node": "l",
"frag": "x]",
"id": "P314036.l079cc",
"ref": "P314036.4.7",
"inst": "u",
"f": {"lang": "akk-x-neoass",
"form": "x",
"pos": "u"}
}
,
{
"node": "d",
"type": "line-start",
"ref": "P314036.5",
"n": "3'",
"label": "o 3'"}
,
{
"node": "l",
"frag": "02",
"id": "P314036.l079cd",
"ref": "P314036.5.1",
"inst": "n",
"f": {"lang": "akk-x-neoass",
"form": "02",
"pos": "n"}
}
,
{
"node": "l",
"frag": "lim",
"id": "P314036.l079ce",
"ref": "P314036.5.2",
"inst": "līmu[thousand]NU",
"sig": "@saao/saa15%akk-x-neoass:lim=līm[thousand//thousand]NU'NU$līmu",
"f": {"lang": "akk-x-neoass",
"form": "lim",
"cf": "līm",
"gw": "thousand",
"sense": "thousand",
"norm": "līmu",
"pos": "NU",
"epos": "NU"}
}
,
{
"node": "l",
"frag": "06",
"id": "P314036.l079cf",
"ref": "P314036.5.3",
"inst": "n",
"f": {"lang": "akk-x-neoass",
"form": "06",
"pos": "n"}
}
,
{
"node": "l",
"frag": "me",
"id": "P314036.l079d0",
"ref": "P314036.5.4",
"inst": "mē[hundred]NU",
"sig": "@saao/saa15%akk-x-neoass:me=meʾatu[(one) hundred//(one) hundred]NU'NU$mē",
"f": {"lang": "akk-x-neoass",
"form": "me",
"cf": "meʾatu",
"gw": "(one) hundred",
"sense": "(one) hundred",
"norm": "mē",
"pos": "NU",
"epos": "NU"}
}
,
{
"node": "l",
"frag": "72",
"id": "P314036.l079d1",
"ref": "P314036.5.5",
"inst": "n",
"f": {"lang": "akk-x-neoass",
"form": "72",
"pos": "n"}
}
,
{
"node": "l",
"frag": "[x",
"id": "P314036.l079d2",
"ref": "P314036.5.6",
"inst": "u",
"f": {"lang": "akk-x-neoass",
"form": "x",
"pos": "u"}
}
,
{
"node": "l",
"frag": "x",
"id": "P314036.l079d3",
"ref": "P314036.5.7",
"inst": "u",
"f": {"lang": "akk-x-neoass",
"form": "x",
"pos": "u"}
}
,
{
"node": "l",
"frag": "x",
"id": "P314036.l079d4",
"ref": "P314036.5.8",
"inst": "u",
"f": {"lang": "akk-x-neoass",
"form": "x",
"pos": "u"}
}
,
{
"node": "l",
"frag": "x]",
"id": "P314036.l079d5",
"ref": "P314036.5.9",
"inst": "u",
"f": {"lang": "akk-x-neoass",
"form": "x",
"pos": "u"}
}
,
{
"node": "d",
"type": "line-start",
"ref": "P314036.6",
"n": "4'",
"label": "o 4'"}
,
{
"node": "l",
"frag": "[x",
"id": "P314036.l079d6",
"ref": "P314036.6.1",
"inst": "u",
"f": {"lang": "akk-x-neoass",
"form": "x",
"pos": "u"}
}
,
{
"node": "l",
"frag": "x",
"id": "P314036.l079d7",
"ref": "P314036.6.2",
"inst": "u",
"f": {"lang": "akk-x-neoass",
"form": "x",
"pos": "u"}
}
,
{
"node": "l",
"frag": "x",
"id": "P314036.l079d8",
"ref": "P314036.6.3",
"inst": "u",
"f": {"lang": "akk-x-neoass",
"form": "x",
"pos": "u"}
}
,
{
"node": "l",
"frag": "x]",
"id": "P314036.l079d9",
"ref": "P314036.6.4",
"inst": "u",
"f": {"lang": "akk-x-neoass",
"form": "x",
"pos": "u"}
}
,
{
"node": "l",
"frag": "a",
"id": "P314036.l079da",
"ref": "P314036.6.5",
"inst": "u",
"f": {"lang": "akk-x-neoass",
"form": "a",
"pos": "u"}
}
,
{
"node": "l",
"frag": "[x",
"id": "P314036.l079db",
"ref": "P314036.6.6",
"inst": "u",
"f": {"lang": "akk-x-neoass",
"form": "x",
"pos": "u"}
}
,
{
"node": "l",
"frag": "x",
"id": "P314036.l079dc",
"ref": "P314036.6.7",
"inst": "u",
"f": {"lang": "akk-x-neoass",
"form": "x",
"pos": "u"}
}
,
{
"node": "l",
"frag": "x",
"id": "P314036.l079dd",
"ref": "P314036.6.8",
"inst": "u",
"f": {"lang": "akk-x-neoass",
"form": "x",
"pos": "u"}
}
,
{
"node": "l",
"frag": "x]",
"id": "P314036.l079de",
"ref": "P314036.6.9",
"inst": "u",
"f": {"lang": "akk-x-neoass",
"form": "x",
"pos": "u"}
}
,
{
"node": "d",
"type": "nonx",
"ref": "P314036.7",
"strict": "0",
"extent": "rest",
"state": "missing"}
,
{
"node": "d",
"subtype": "reverse",
"type": "surface",
"ref": "P314036.r.8",
"type": "reverse",
"label": "r"}
,
{
"node": "d",
"type": "nonx",
"ref": "P314036.9",
"strict": "0",
"state": "other"}
]}
]}
]}
,
{
"linkbase": [{
"type": "linkset",
"xlink_title": "ina muhhi[on//about]PRP'PRP",
"id": "P314036.ls00000",
"xlink_type": "extended",
"xlink_role": "psu",
"sig": "{ina[in]PRP muhhu[skull]N += ina muhhi[on//about]PRP'PRP}::@saao%akk-x-neoass:ina=ina[in//into]PRP'PRP$ina++@saao%akk-x-neoass:UGU=muhhu[skull//skull]N'N$muhhi",
"links": [
{
"type": "link",
"xlink_title": "ina",
"xlink_type": "locator",
"xlink_href": "#P314036.l079bf",
"xlink_role": "elt"}
,
{
"type": "link",
"xlink_title": "muhhi",
"xlink_type": "locator",
"xlink_href": "#P314036.l079c0",
"xlink_role": "elt"}
]}
]}
]}
