{
"type": "cdl",
  "source": "http://oracc.org/saao/saa15",
  "license": "This data is released under the CC0 license",
  "license-url": "https://creativecommons.org/publicdomain/zero/1.0/",
  "more-info": "http://oracc.org/doc/opendata/",
  "UTC-timestamp": "2017-05-19T11:53:26",
"project": "saao/saa15",
"textid": "P314121",
"cdl": [
{
"node": "c",
"type": "text",
"id": "P314121.U0",
"cdl": [
{
"node": "d",
"type": "object",
"ref": ""}
,
{
"node": "d",
"subtype": "obverse",
"type": "surface",
"ref": "P314121.o.1",
"type": "obverse",
"label": "o"}
,
{
"node": "d",
"type": "nonx",
"ref": "P314121.2",
"strict": "0",
"extent": "beginning",
"state": "missing"}
,
{
"node": "c",
"type": "discourse",
"subtype": "body",
"id": "P314121.U1",
"cdl": [
{
"node": "c",
"type": "sentence",
"id": "P314121.U2",
"label": "o 1' - b.e. 7'",
"cdl": [
{
"node": "d",
"type": "line-start",
"ref": "P314121.3",
"n": "1'",
"label": "o 1'"}
,
{
"node": "l",
"frag": "[x",
"id": "P314121.l06cb3",
"ref": "P314121.3.1",
"inst": "u",
"f": {"lang": "akk-x-neoass",
"form": "x",
"pos": "u"}
}
,
{
"node": "l",
"frag": "x",
"id": "P314121.l06cb4",
"ref": "P314121.3.2",
"inst": "u",
"f": {"lang": "akk-x-neoass",
"form": "x",
"pos": "u"}
}
,
{
"node": "l",
"frag": "x",
"id": "P314121.l06cb5",
"ref": "P314121.3.3",
"inst": "u",
"f": {"lang": "akk-x-neoass",
"form": "x",
"pos": "u"}
}
,
{
"node": "l",
"frag": "x",
"id": "P314121.l06cb6",
"ref": "P314121.3.4",
"inst": "u",
"f": {"lang": "akk-x-neoass",
"form": "x",
"pos": "u"}
}
,
{
"node": "l",
"frag": "x",
"id": "P314121.l06cb7",
"ref": "P314121.3.5",
"inst": "u",
"f": {"lang": "akk-x-neoass",
"form": "x",
"pos": "u"}
}
,
{
"node": "l",
"frag": "x]",
"id": "P314121.l06cb8",
"ref": "P314121.3.6",
"inst": "u",
"f": {"lang": "akk-x-neoass",
"form": "x",
"pos": "u"}
}
,
{
"node": "l",
"frag": "⸢ša",
"id": "P314121.l06cb9",
"ref": "P314121.3.7",
"inst": "ša[of]DET",
"sig": "@saao/saa15%akk-x-neoass:ša=ša[of//of]DET'DET$ša",
"f": {"lang": "akk-x-neoass",
"form": "ša",
"cf": "ša",
"gw": "of",
"sense": "of",
"norm": "ša",
"pos": "DET",
"epos": "DET"}
}
,
{
"node": "l",
"frag": "{uru⸣}[x",
"id": "P314121.l06cba",
"ref": "P314121.3.8",
"inst": "u",
"f": {"lang": "akk-x-neoass",
"form": "{URU}x",
"pos": "u"}
}
,
{
"node": "l",
"frag": "x]",
"id": "P314121.l06cbb",
"ref": "P314121.3.9",
"inst": "u",
"f": {"lang": "akk-x-neoass",
"form": "x",
"pos": "u"}
}
,
{
"node": "d",
"type": "line-start",
"ref": "P314121.4",
"n": "2'",
"label": "o 2'"}
,
{
"node": "l",
"frag": "[x",
"id": "P314121.l06cbc",
"ref": "P314121.4.1",
"inst": "u",
"f": {"lang": "akk-x-neoass",
"form": "x",
"pos": "u"}
}
,
{
"node": "l",
"frag": "x",
"id": "P314121.l06cbd",
"ref": "P314121.4.2",
"inst": "u",
"f": {"lang": "akk-x-neoass",
"form": "x",
"pos": "u"}
}
,
{
"node": "l",
"frag": "x",
"id": "P314121.l06cbe",
"ref": "P314121.4.3",
"inst": "u",
"f": {"lang": "akk-x-neoass",
"form": "x",
"pos": "u"}
}
,
{
"node": "l",
"frag": "x",
"id": "P314121.l06cbf",
"ref": "P314121.4.4",
"inst": "u",
"f": {"lang": "akk-x-neoass",
"form": "x",
"pos": "u"}
}
,
{
"node": "l",
"frag": "{uru]}⸢A⸣.QAR-{d}PA",
"id": "P314121.l06cc0",
"ref": "P314121.4.5",
"inst": "Ugar-Nabu[]GN$",
"sig": "@saao/saa15%akk-x-neoass:{URU}A.QAR-{d}PA=Ugar-Nabu[1//1]GN'GN$Ugar-Nabu",
"f": {"lang": "akk-x-neoass",
"form": "{URU}A.QAR-{d}PA",
"cf": "Ugar-Nabu",
"gw": "1",
"sense": "1",
"norm": "Ugar-Nabu",
"pos": "GN",
"epos": "GN"}
}
,
{
"node": "l",
"frag": "[o]",
"id": "P314121.l06cc1",
"ref": "P314121.4.6",
"inst": "u",
"f": {"lang": "akk-x-neoass",
"form": "o",
"pos": "u"}
}
,
{
"node": "d",
"type": "line-start",
"ref": "P314121.5",
"n": "3'",
"label": "o 3'"}
,
{
"node": "l",
"frag": "[x",
"id": "P314121.l06cc2",
"ref": "P314121.5.1",
"inst": "u",
"f": {"lang": "akk-x-neoass",
"form": "x",
"pos": "u"}
}
,
{
"node": "l",
"frag": "x",
"id": "P314121.l06cc3",
"ref": "P314121.5.2",
"inst": "u",
"f": {"lang": "akk-x-neoass",
"form": "x",
"pos": "u"}
}
,
{
"node": "l",
"frag": "x",
"id": "P314121.l06cc4",
"ref": "P314121.5.3",
"inst": "u",
"f": {"lang": "akk-x-neoass",
"form": "x",
"pos": "u"}
}
,
{
"node": "l",
"frag": "x",
"id": "P314121.l06cc5",
"ref": "P314121.5.4",
"inst": "u",
"f": {"lang": "akk-x-neoass",
"form": "x",
"pos": "u"}
}
,
{
"node": "l",
"frag": "x]+⸢x⸣-u-ni\\d",
"id": "P314121.l06cc6",
"ref": "P314121.5.5",
"inst": "u",
"f": {"lang": "akk-x-neoass",
"form": "x+x-u-ni",
"pos": "u"}
}
,
{
"node": "l",
"frag": "LUGAL",
"id": "P314121.l06cc7",
"ref": "P314121.5.6",
"inst": "šarru[king]N",
"sig": "@saao/saa15%akk-x-neoass:LUGAL=šarru[king//king]N'N$šarru",
"f": {"lang": "akk-x-neoass",
"form": "LUGAL",
"cf": "šarru",
"gw": "king",
"sense": "king",
"norm": "šarru",
"pos": "N",
"epos": "N"}
}
,
{
"node": "l",
"frag": "[o]",
"id": "P314121.l06cc8",
"ref": "P314121.5.7",
"inst": "u",
"f": {"lang": "akk-x-neoass",
"form": "o",
"pos": "u"}
}
,
{
"node": "d",
"type": "line-start",
"ref": "P314121.6",
"n": "4'",
"label": "o 4'"}
,
{
"node": "l",
"frag": "[x",
"id": "P314121.l06cc9",
"ref": "P314121.6.1",
"inst": "u",
"f": {"lang": "akk-x-neoass",
"form": "x",
"pos": "u"}
}
,
{
"node": "l",
"frag": "x",
"id": "P314121.l06cca",
"ref": "P314121.6.2",
"inst": "u",
"f": {"lang": "akk-x-neoass",
"form": "x",
"pos": "u"}
}
,
{
"node": "l",
"frag": "x",
"id": "P314121.l06ccb",
"ref": "P314121.6.3",
"inst": "u",
"f": {"lang": "akk-x-neoass",
"form": "x",
"pos": "u"}
}
,
{
"node": "l",
"frag": "x",
"id": "P314121.l06ccc",
"ref": "P314121.6.4",
"inst": "u",
"f": {"lang": "akk-x-neoass",
"form": "x",
"pos": "u"}
}
,
{
"node": "l",
"frag": "x",
"id": "P314121.l06ccd",
"ref": "P314121.6.5",
"inst": "u",
"f": {"lang": "akk-x-neoass",
"form": "x",
"pos": "u"}
}
,
{
"node": "l",
"frag": "x]+⸢x⸣",
"id": "P314121.l06cce",
"ref": "P314121.6.6",
"inst": "u",
"f": {"lang": "akk-x-neoass",
"form": "x+x",
"pos": "u"}
}
,
{
"node": "l",
"frag": "šu-tu-ma",
"id": "P314121.l06ccf",
"ref": "P314121.6.7",
"inst": "šūtūma[he]IP",
"sig": "@saao/saa15%akk-x-neoass:šu-tu-ma=šūtu[he//he]IP'IP$šūtūma",
"f": {"lang": "akk-x-neoass",
"form": "šu-tu-ma",
"cf": "šūtu",
"gw": "he",
"sense": "he",
"norm": "šūtūma",
"pos": "IP",
"epos": "IP"}
}
,
{
"node": "l",
"frag": "{⸢lu₂v⸣}[x",
"id": "P314121.l06cd0",
"ref": "P314121.6.8",
"inst": "u",
"f": {"lang": "akk-x-neoass",
"form": "{LU₂}x",
"pos": "u"}
}
,
{
"node": "l",
"frag": "x]",
"id": "P314121.l06cd1",
"ref": "P314121.6.9",
"inst": "u",
"f": {"lang": "akk-x-neoass",
"form": "x",
"pos": "u"}
}
,
{
"node": "d",
"type": "line-start",
"ref": "P314121.7",
"n": "5'",
"label": "o 5'"}
,
{
"node": "l",
"frag": "[x",
"id": "P314121.l06cd2",
"ref": "P314121.7.1",
"inst": "u",
"f": {"lang": "akk-x-neoass",
"form": "x",
"pos": "u"}
}
,
{
"node": "l",
"frag": "x",
"id": "P314121.l06cd3",
"ref": "P314121.7.2",
"inst": "u",
"f": {"lang": "akk-x-neoass",
"form": "x",
"pos": "u"}
}
,
{
"node": "l",
"frag": "x",
"id": "P314121.l06cd4",
"ref": "P314121.7.3",
"inst": "u",
"f": {"lang": "akk-x-neoass",
"form": "x",
"pos": "u"}
}
,
{
"node": "l",
"frag": "x",
"id": "P314121.l06cd5",
"ref": "P314121.7.4",
"inst": "u",
"f": {"lang": "akk-x-neoass",
"form": "x",
"pos": "u"}
}
,
{
"node": "l",
"frag": "x",
"id": "P314121.l06cd6",
"ref": "P314121.7.5",
"inst": "u",
"f": {"lang": "akk-x-neoass",
"form": "x",
"pos": "u"}
}
,
{
"node": "l",
"frag": "x",
"id": "P314121.l06cd7",
"ref": "P314121.7.6",
"inst": "u",
"f": {"lang": "akk-x-neoass",
"form": "x",
"pos": "u"}
}
,
{
"node": "l",
"frag": "x]",
"id": "P314121.l06cd8",
"ref": "P314121.7.7",
"inst": "u",
"f": {"lang": "akk-x-neoass",
"form": "x",
"pos": "u"}
}
,
{
"node": "l",
"frag": "a-na",
"id": "P314121.l06cd9",
"ref": "P314121.7.8",
"inst": "ana[to]PRP",
"sig": "@saao/saa15%akk-x-neoass:a-na=ana[to//to]PRP'PRP$ana",
"f": {"lang": "akk-x-neoass",
"form": "a-na",
"cf": "ana",
"gw": "to",
"sense": "to",
"norm": "ana",
"pos": "PRP",
"epos": "PRP"}
}
,
{
"node": "l",
"frag": "KUR-ak-[ka-di-i]",
"id": "P314121.l06cda",
"ref": "P314121.7.9",
"inst": "+Mat-Akkadi[Babylonia]GN$",
"sig": "@saao/saa15%akk-x-neoass:KUR-ak-ka-di-i=Mat-Akkadi[Babylonia//Babylonia]GN'GN$Mat-Akkadi",
"f": {"lang": "akk-x-neoass",
"form": "KUR-ak-ka-di-i",
"cf": "Mat-Akkadi",
"gw": "Babylonia",
"sense": "Babylonia",
"norm": "Mat-Akkadi",
"pos": "GN",
"epos": "GN"}
}
,
{
"node": "d",
"subtype": "bottom",
"type": "surface",
"ref": "P314121.b.e..8",
"type": "bottom",
"label": "b.e."}
,
{
"node": "d",
"type": "line-start",
"ref": "P314121.9",
"n": "6'",
"label": "b.e. 6'"}
,
{
"node": "l",
"frag": "[x",
"id": "P314121.l06cdb",
"ref": "P314121.9.1",
"inst": "u",
"f": {"lang": "akk-x-neoass",
"form": "x",
"pos": "u"}
}
,
{
"node": "l",
"frag": "x",
"id": "P314121.l06cdc",
"ref": "P314121.9.2",
"inst": "u",
"f": {"lang": "akk-x-neoass",
"form": "x",
"pos": "u"}
}
,
{
"node": "l",
"frag": "x",
"id": "P314121.l06cdd",
"ref": "P314121.9.3",
"inst": "u",
"f": {"lang": "akk-x-neoass",
"form": "x",
"pos": "u"}
}
,
{
"node": "l",
"frag": "x",
"id": "P314121.l06cde",
"ref": "P314121.9.4",
"inst": "u",
"f": {"lang": "akk-x-neoass",
"form": "x",
"pos": "u"}
}
,
{
"node": "l",
"frag": "x",
"id": "P314121.l06cdf",
"ref": "P314121.9.5",
"inst": "u",
"f": {"lang": "akk-x-neoass",
"form": "x",
"pos": "u"}
}
,
{
"node": "l",
"frag": "x",
"id": "P314121.l06ce0",
"ref": "P314121.9.6",
"inst": "u",
"f": {"lang": "akk-x-neoass",
"form": "x",
"pos": "u"}
}
,
{
"node": "l",
"frag": "x]-ni",
"id": "P314121.l06ce1",
"ref": "P314121.9.7",
"inst": "u",
"f": {"lang": "akk-x-neoass",
"form": "x-ni",
"pos": "u"}
}
,
{
"node": "d",
"type": "line-start",
"ref": "P314121.10",
"n": "7'",
"label": "b.e. 7'"}
,
{
"node": "l",
"frag": "[x",
"id": "P314121.l06ce2",
"ref": "P314121.10.1",
"inst": "u",
"f": {"lang": "akk-x-neoass",
"form": "x",
"pos": "u"}
}
,
{
"node": "l",
"frag": "x",
"id": "P314121.l06ce3",
"ref": "P314121.10.2",
"inst": "u",
"f": {"lang": "akk-x-neoass",
"form": "x",
"pos": "u"}
}
,
{
"node": "l",
"frag": "x",
"id": "P314121.l06ce4",
"ref": "P314121.10.3",
"inst": "u",
"f": {"lang": "akk-x-neoass",
"form": "x",
"pos": "u"}
}
,
{
"node": "l",
"frag": "x",
"id": "P314121.l06ce5",
"ref": "P314121.10.4",
"inst": "u",
"f": {"lang": "akk-x-neoass",
"form": "x",
"pos": "u"}
}
,
{
"node": "l",
"frag": "x",
"id": "P314121.l06ce6",
"ref": "P314121.10.5",
"inst": "u",
"f": {"lang": "akk-x-neoass",
"form": "x",
"pos": "u"}
}
,
{
"node": "l",
"frag": "x",
"id": "P314121.l06ce7",
"ref": "P314121.10.6",
"inst": "u",
"f": {"lang": "akk-x-neoass",
"form": "x",
"pos": "u"}
}
,
{
"node": "l",
"frag": "x]-ni",
"id": "P314121.l06ce8",
"ref": "P314121.10.7",
"inst": "u",
"f": {"lang": "akk-x-neoass",
"form": "x-ni",
"pos": "u"}
}
,
{
"node": "d",
"subtype": "reverse",
"type": "surface",
"ref": "P314121.r.11",
"type": "reverse",
"label": "r"}
,
{
"node": "d",
"type": "nonx",
"ref": "P314121.12",
"strict": "0",
"state": "other"}
]}
]}
]}
]}
