{
"type": "cdl",
  "source": "http://oracc.org/saao/saa15",
  "license": "This data is released under the CC0 license",
  "license-url": "https://creativecommons.org/publicdomain/zero/1.0/",
  "more-info": "http://oracc.org/doc/opendata/",
  "UTC-timestamp": "2017-05-19T11:53:25",
"project": "saao/saa15",
"textid": "P314084",
"cdl": [
{
"node": "c",
"type": "text",
"id": "P314084.U0",
"cdl": [
{
"node": "d",
"type": "object",
"ref": ""}
,
{
"node": "d",
"subtype": "obverse",
"type": "surface",
"ref": "P314084.o.1",
"type": "obverse",
"label": "o"}
,
{
"node": "d",
"type": "nonx",
"ref": "P314084.2",
"strict": "0",
"extent": "beginning",
"state": "missing"}
,
{
"node": "c",
"type": "discourse",
"subtype": "body",
"id": "P314084.U1",
"cdl": [
{
"node": "c",
"type": "sentence",
"id": "P314084.U2",
"label": "o 1' - o 10'",
"cdl": [
{
"node": "d",
"type": "line-start",
"ref": "P314084.3",
"n": "1'",
"label": "o 1'"}
,
{
"node": "l",
"frag": "[x",
"id": "P314084.l04212",
"ref": "P314084.3.1",
"inst": "u",
"f": {"lang": "akk-x-neoass",
"form": "x",
"pos": "u"}
}
,
{
"node": "l",
"frag": "x",
"id": "P314084.l04213",
"ref": "P314084.3.2",
"inst": "u",
"f": {"lang": "akk-x-neoass",
"form": "x",
"pos": "u"}
}
,
{
"node": "l",
"frag": "x",
"id": "P314084.l04214",
"ref": "P314084.3.3",
"inst": "u",
"f": {"lang": "akk-x-neoass",
"form": "x",
"pos": "u"}
}
,
{
"node": "l",
"frag": "x]",
"id": "P314084.l04215",
"ref": "P314084.3.4",
"inst": "u",
"f": {"lang": "akk-x-neoass",
"form": "x",
"pos": "u"}
}
,
{
"node": "l",
"frag": "⸢a",
"id": "P314084.l04216",
"ref": "P314084.3.5",
"inst": "u",
"f": {"lang": "akk-x-neoass",
"form": "a",
"pos": "u"}
}
,
{
"node": "l",
"frag": "x⸣+[x",
"id": "P314084.l04217",
"ref": "P314084.3.6",
"inst": "u",
"f": {"lang": "akk-x-neoass",
"form": "x+x",
"pos": "u"}
}
,
{
"node": "l",
"frag": "x",
"id": "P314084.l04218",
"ref": "P314084.3.7",
"inst": "u",
"f": {"lang": "akk-x-neoass",
"form": "x",
"pos": "u"}
}
,
{
"node": "l",
"frag": "x",
"id": "P314084.l04219",
"ref": "P314084.3.8",
"inst": "u",
"f": {"lang": "akk-x-neoass",
"form": "x",
"pos": "u"}
}
,
{
"node": "l",
"frag": "x",
"id": "P314084.l0421a",
"ref": "P314084.3.9",
"inst": "u",
"f": {"lang": "akk-x-neoass",
"form": "x",
"pos": "u"}
}
,
{
"node": "l",
"frag": "x]",
"id": "P314084.l0421b",
"ref": "P314084.3.10",
"inst": "u",
"f": {"lang": "akk-x-neoass",
"form": "x",
"pos": "u"}
}
,
{
"node": "d",
"type": "line-start",
"ref": "P314084.4",
"n": "2'",
"label": "o 2'"}
,
{
"node": "l",
"frag": "[x",
"id": "P314084.l0421c",
"ref": "P314084.4.1",
"inst": "u",
"f": {"lang": "akk-x-neoass",
"form": "x",
"pos": "u"}
}
,
{
"node": "l",
"frag": "x",
"id": "P314084.l0421d",
"ref": "P314084.4.2",
"inst": "u",
"f": {"lang": "akk-x-neoass",
"form": "x",
"pos": "u"}
}
,
{
"node": "l",
"frag": "x",
"id": "P314084.l0421e",
"ref": "P314084.4.3",
"inst": "u",
"f": {"lang": "akk-x-neoass",
"form": "x",
"pos": "u"}
}
,
{
"node": "l",
"frag": "x]",
"id": "P314084.l0421f",
"ref": "P314084.4.4",
"inst": "u",
"f": {"lang": "akk-x-neoass",
"form": "x",
"pos": "u"}
}
,
{
"node": "l",
"frag": "⸢an⸣-ni-ti\\t",
"id": "P314084.l04220",
"ref": "P314084.4.5",
"inst": "annīti[this]DP",
"sig": "@saao/saa15%akk-x-neoass:an-ni-ti=annû[this//this]DP'DP$annīti",
"f": {"lang": "akk-x-neoass",
"form": "an-ni-ti",
"cf": "annû",
"gw": "this",
"sense": "this",
"norm": "annīti",
"pos": "DP",
"epos": "DP"}
}
,
{
"node": "l",
"frag": "⸢x",
"id": "P314084.l04221",
"ref": "P314084.4.6",
"inst": "u",
"f": {"lang": "akk-x-neoass",
"form": "x",
"pos": "u"}
}
,
{
"node": "l",
"frag": "x⸣+[x",
"id": "P314084.l04222",
"ref": "P314084.4.7",
"inst": "u",
"f": {"lang": "akk-x-neoass",
"form": "x+x",
"pos": "u"}
}
,
{
"node": "l",
"frag": "x]",
"id": "P314084.l04223",
"ref": "P314084.4.8",
"inst": "u",
"f": {"lang": "akk-x-neoass",
"form": "x",
"pos": "u"}
}
,
{
"node": "d",
"type": "line-start",
"ref": "P314084.5",
"n": "3'",
"label": "o 3'"}
,
{
"node": "l",
"frag": "[x",
"id": "P314084.l04224",
"ref": "P314084.5.1",
"inst": "u",
"f": {"lang": "akk-x-neoass",
"form": "x",
"pos": "u"}
}
,
{
"node": "l",
"frag": "x",
"id": "P314084.l04225",
"ref": "P314084.5.2",
"inst": "u",
"f": {"lang": "akk-x-neoass",
"form": "x",
"pos": "u"}
}
,
{
"node": "l",
"frag": "x",
"id": "P314084.l04226",
"ref": "P314084.5.3",
"inst": "u",
"f": {"lang": "akk-x-neoass",
"form": "x",
"pos": "u"}
}
,
{
"node": "l",
"frag": "x]",
"id": "P314084.l04227",
"ref": "P314084.5.4",
"inst": "u",
"f": {"lang": "akk-x-neoass",
"form": "x",
"pos": "u"}
}
,
{
"node": "l",
"frag": "40",
"id": "P314084.l04228",
"ref": "P314084.5.5",
"inst": "n",
"f": {"lang": "akk-x-neoass",
"form": "40",
"pos": "n"}
}
,
{
"node": "l",
"frag": "ERIM-MEŠ\\m",
"id": "P314084.l04229",
"ref": "P314084.5.6",
"inst": "ṣābāni[troops]N",
"sig": "@saao/saa15%akk-x-neoass:ERIM-MEŠ=ṣābu[people//troops]N'N$ṣābāni",
"f": {"lang": "akk-x-neoass",
"form": "ERIM-MEŠ",
"cf": "ṣābu",
"gw": "people",
"sense": "troops",
"norm": "ṣābāni",
"pos": "N",
"epos": "N"}
}
,
{
"node": "l",
"frag": "SIG₅-[MEŠ]",
"id": "P314084.l0422a",
"ref": "P314084.5.7",
"inst": "damqūte[good]AJ",
"sig": "@saao/saa15%akk-x-neoass:SIG₅-MEŠ=damqu[good//good]AJ'AJ$damqūte",
"f": {"lang": "akk-x-neoass",
"form": "SIG₅-MEŠ",
"cf": "damqu",
"gw": "good",
"sense": "good",
"norm": "damqūte",
"pos": "AJ",
"epos": "AJ"}
}
,
{
"node": "d",
"type": "line-start",
"ref": "P314084.6",
"n": "4'",
"label": "o 4'"}
,
{
"node": "l",
"frag": "[x",
"id": "P314084.l0422b",
"ref": "P314084.6.1",
"inst": "u",
"f": {"lang": "akk-x-neoass",
"form": "x",
"pos": "u"}
}
,
{
"node": "l",
"frag": "x",
"id": "P314084.l0422c",
"ref": "P314084.6.2",
"inst": "u",
"f": {"lang": "akk-x-neoass",
"form": "x",
"pos": "u"}
}
,
{
"node": "l",
"frag": "x",
"id": "P314084.l0422d",
"ref": "P314084.6.3",
"inst": "u",
"f": {"lang": "akk-x-neoass",
"form": "x",
"pos": "u"}
}
,
{
"node": "l",
"frag": "x]",
"id": "P314084.l0422e",
"ref": "P314084.6.4",
"inst": "u",
"f": {"lang": "akk-x-neoass",
"form": "x",
"pos": "u"}
}
,
{
"node": "l",
"frag": "⸢lu⸣-še-bi-lu",
"id": "P314084.l0422f",
"ref": "P314084.6.5",
"inst": "wabālu[bring//send]V$lušēbilu",
"sig": "@saao/saa15%akk-x-neoass:lu-še-bi-lu=wabālu[bring//send]V'V$lušēbilu",
"f": {"lang": "akk-x-neoass",
"form": "lu-še-bi-lu",
"cf": "wabālu",
"gw": "bring",
"sense": "send",
"norm": "lušēbilu",
"pos": "V",
"epos": "V"}
}
,
{
"node": "c",
"type": "phrase",
"tag": "phr",
"id": "P314084.U4",
"ref": "P314084.ls00000",
"cdl": [
{
"node": "l",
"frag": "ina",
"id": "P314084.l04230",
"ref": "P314084.6.6",
"inst": "ina[in+=concerning]PRP",
"sig": "@saao/saa15%akk-x-neoass:ina=ina[in//in]PRP'PRP$ina",
"f": {"lang": "akk-x-neoass",
"form": "ina",
"cf": "ina",
"gw": "in",
"sense": "in",
"norm": "ina",
"pos": "PRP",
"epos": "PRP"}
}
,
{
"node": "l",
"frag": "⸢UGU⸣",
"id": "P314084.l04231",
"ref": "P314084.6.7",
"inst": "muhhi[skull]N",
"sig": "@saao/saa15%akk-x-neoass:UGU=muhhu[skull//skull]N'N$muhhi",
"f": {"lang": "akk-x-neoass",
"form": "UGU",
"cf": "muhhu",
"gw": "skull",
"sense": "skull",
"norm": "muhhi",
"pos": "N",
"epos": "N"}
}
]}
,
{
"node": "l",
"frag": "[x]",
"id": "P314084.l04232",
"ref": "P314084.6.8",
"inst": "u",
"f": {"lang": "akk-x-neoass",
"form": "x",
"pos": "u"}
}
,
{
"node": "d",
"type": "line-start",
"ref": "P314084.7",
"n": "5'",
"label": "o 5'"}
,
{
"node": "l",
"frag": "[x",
"id": "P314084.l04233",
"ref": "P314084.7.1",
"inst": "u",
"f": {"lang": "akk-x-neoass",
"form": "x",
"pos": "u"}
}
,
{
"node": "l",
"frag": "x",
"id": "P314084.l04234",
"ref": "P314084.7.2",
"inst": "u",
"f": {"lang": "akk-x-neoass",
"form": "x",
"pos": "u"}
}
,
{
"node": "l",
"frag": "x",
"id": "P314084.l04235",
"ref": "P314084.7.3",
"inst": "u",
"f": {"lang": "akk-x-neoass",
"form": "x",
"pos": "u"}
}
,
{
"node": "l",
"frag": "x]",
"id": "P314084.l04236",
"ref": "P314084.7.4",
"inst": "u",
"f": {"lang": "akk-x-neoass",
"form": "x",
"pos": "u"}
}
,
{
"node": "l",
"frag": "E₂-šu₂-nu-ma",
"id": "P314084.l04237",
"ref": "P314084.7.5",
"inst": "bītu[house]N$bētišunūma",
"sig": "@saao/saa15%akk-x-neoass:E₂-šu₂-nu-ma=bītu[house//house]N'N$bētišunūma",
"f": {"lang": "akk-x-neoass",
"form": "E₂-šu₂-nu-ma",
"cf": "bītu",
"gw": "house",
"sense": "house",
"norm": "bētišunūma",
"pos": "N",
"epos": "N"}
}
,
{
"node": "l",
"frag": "[x",
"id": "P314084.l04238",
"ref": "P314084.7.6",
"inst": "u",
"f": {"lang": "akk-x-neoass",
"form": "x",
"pos": "u"}
}
,
{
"node": "l",
"frag": "x]",
"id": "P314084.l04239",
"ref": "P314084.7.7",
"inst": "u",
"f": {"lang": "akk-x-neoass",
"form": "x",
"pos": "u"}
}
,
{
"node": "d",
"type": "line-start",
"ref": "P314084.8",
"n": "6'",
"label": "o 6'"}
,
{
"node": "l",
"frag": "[x",
"id": "P314084.l0423a",
"ref": "P314084.8.1",
"inst": "u",
"f": {"lang": "akk-x-neoass",
"form": "x",
"pos": "u"}
}
,
{
"node": "l",
"frag": "x",
"id": "P314084.l0423b",
"ref": "P314084.8.2",
"inst": "u",
"f": {"lang": "akk-x-neoass",
"form": "x",
"pos": "u"}
}
,
{
"node": "l",
"frag": "x",
"id": "P314084.l0423c",
"ref": "P314084.8.3",
"inst": "u",
"f": {"lang": "akk-x-neoass",
"form": "x",
"pos": "u"}
}
,
{
"node": "l",
"frag": "a]-⸢na⸣",
"id": "P314084.l0423d",
"ref": "P314084.8.4",
"inst": "ana[to]PRP",
"sig": "@saao/saa15%akk-x-neoass:a-na=ana[to//to]PRP'PRP$ana",
"f": {"lang": "akk-x-neoass",
"form": "a-na",
"cf": "ana",
"gw": "to",
"sense": "to",
"norm": "ana",
"pos": "PRP",
"epos": "PRP"}
}
,
{
"node": "l",
"frag": "URU-{lu₂v}SUKKAL",
"id": "P314084.l0423e",
"ref": "P314084.8.5",
"inst": "Al-šukkalli[]GN$",
"sig": "@saao/saa15%akk-x-neoass:URU-{LU₂}SUKKAL=Al-šukkalli[1//1]GN'GN$Al-šukkalli",
"f": {"lang": "akk-x-neoass",
"form": "URU-{LU₂}SUKKAL",
"cf": "Al-šukkalli",
"gw": "1",
"sense": "1",
"norm": "Al-šukkalli",
"pos": "GN",
"epos": "GN"}
}
,
{
"node": "l",
"frag": "⸢na⸣-[x]",
"id": "P314084.l0423f",
"ref": "P314084.8.6",
"inst": "u",
"f": {"lang": "akk-x-neoass",
"form": "na-x",
"pos": "u"}
}
,
{
"node": "d",
"type": "line-start",
"ref": "P314084.9",
"n": "7'",
"label": "o 7'"}
,
{
"node": "l",
"frag": "[x",
"id": "P314084.l04240",
"ref": "P314084.9.1",
"inst": "u",
"f": {"lang": "akk-x-neoass",
"form": "x",
"pos": "u"}
}
,
{
"node": "l",
"frag": "x",
"id": "P314084.l04241",
"ref": "P314084.9.2",
"inst": "u",
"f": {"lang": "akk-x-neoass",
"form": "x",
"pos": "u"}
}
,
{
"node": "l",
"frag": "x",
"id": "P314084.l04242",
"ref": "P314084.9.3",
"inst": "u",
"f": {"lang": "akk-x-neoass",
"form": "x",
"pos": "u"}
}
,
{
"node": "l",
"frag": "x]",
"id": "P314084.l04243",
"ref": "P314084.9.4",
"inst": "u",
"f": {"lang": "akk-x-neoass",
"form": "x",
"pos": "u"}
}
,
{
"node": "l",
"frag": "⸢an⸣-ni-ti\\t",
"id": "P314084.l04244",
"ref": "P314084.9.5",
"inst": "annīti[this]DP",
"sig": "@saao/saa15%akk-x-neoass:an-ni-ti=annû[this//this]DP'DP$annīti",
"f": {"lang": "akk-x-neoass",
"form": "an-ni-ti",
"cf": "annû",
"gw": "this",
"sense": "this",
"norm": "annīti",
"pos": "DP",
"epos": "DP"}
}
,
{
"node": "l",
"frag": "ina",
"id": "P314084.l04245",
"ref": "P314084.9.6",
"inst": "ina[in]PRP",
"sig": "@saao/saa15%akk-x-neoass:ina=ina[in//in]PRP'PRP$ina",
"f": {"lang": "akk-x-neoass",
"form": "ina",
"cf": "ina",
"gw": "in",
"sense": "in",
"norm": "ina",
"pos": "PRP",
"epos": "PRP"}
}
,
{
"node": "l",
"frag": "⸢šap⸣-[la]",
"id": "P314084.l04246",
"ref": "P314084.9.7",
"inst": "šapla[under]'PRP",
"sig": "@saao/saa15%akk-x-neoass:šap-la=šaplu[underside//under]N'PRP$šapla",
"f": {"lang": "akk-x-neoass",
"form": "šap-la",
"cf": "šaplu",
"gw": "underside",
"sense": "under",
"norm": "šapla",
"pos": "N",
"epos": "PRP"}
}
,
{
"node": "d",
"type": "line-start",
"ref": "P314084.10",
"n": "8'",
"label": "o 8'"}
,
{
"node": "l",
"frag": "[x",
"id": "P314084.l04247",
"ref": "P314084.10.1",
"inst": "u",
"f": {"lang": "akk-x-neoass",
"form": "x",
"pos": "u"}
}
,
{
"node": "l",
"frag": "x",
"id": "P314084.l04248",
"ref": "P314084.10.2",
"inst": "u",
"f": {"lang": "akk-x-neoass",
"form": "x",
"pos": "u"}
}
,
{
"node": "l",
"frag": "x",
"id": "P314084.l04249",
"ref": "P314084.10.3",
"inst": "u",
"f": {"lang": "akk-x-neoass",
"form": "x",
"pos": "u"}
}
,
{
"node": "l",
"frag": "x",
"id": "P314084.l0424a",
"ref": "P314084.10.4",
"inst": "u",
"f": {"lang": "akk-x-neoass",
"form": "x",
"pos": "u"}
}
,
{
"node": "l",
"frag": "x]",
"id": "P314084.l0424b",
"ref": "P314084.10.5",
"inst": "u",
"f": {"lang": "akk-x-neoass",
"form": "x",
"pos": "u"}
}
,
{
"node": "l",
"frag": "{⸢lu₂v⸣}da\\d-⸢mu⸣-[na-a.a]",
"id": "P314084.l0424c",
"ref": "P314084.10.6",
"inst": "Damunaya[]EN$",
"sig": "@saao/saa15%akk-x-neoass:{LU₂}da-mu-na-a.a=Damunaya[1//1]EN'EN$Damunaya",
"f": {"lang": "akk-x-neoass",
"form": "{LU₂}da-mu-na-a.a",
"cf": "Damunaya",
"gw": "1",
"sense": "1",
"norm": "Damunaya",
"pos": "EN",
"epos": "EN"}
}
,
{
"node": "d",
"type": "line-start",
"ref": "P314084.11",
"n": "9'",
"label": "o 9'"}
,
{
"node": "l",
"frag": "[x",
"id": "P314084.l0424d",
"ref": "P314084.11.1",
"inst": "u",
"f": {"lang": "akk-x-neoass",
"form": "x",
"pos": "u"}
}
,
{
"node": "l",
"frag": "x",
"id": "P314084.l0424e",
"ref": "P314084.11.2",
"inst": "u",
"f": {"lang": "akk-x-neoass",
"form": "x",
"pos": "u"}
}
,
{
"node": "l",
"frag": "x",
"id": "P314084.l0424f",
"ref": "P314084.11.3",
"inst": "u",
"f": {"lang": "akk-x-neoass",
"form": "x",
"pos": "u"}
}
,
{
"node": "l",
"frag": "x",
"id": "P314084.l04250",
"ref": "P314084.11.4",
"inst": "u",
"f": {"lang": "akk-x-neoass",
"form": "x",
"pos": "u"}
}
,
{
"node": "l",
"frag": "x]",
"id": "P314084.l04251",
"ref": "P314084.11.5",
"inst": "u",
"f": {"lang": "akk-x-neoass",
"form": "x",
"pos": "u"}
}
,
{
"node": "c",
"type": "phrase",
"tag": "phr",
"id": "P314084.U5",
"ref": "P314084.ls00001",
"cdl": [
{
"node": "l",
"frag": "ina",
"id": "P314084.l04252",
"ref": "P314084.11.6",
"inst": "ina[in+=on]PRP",
"sig": "@saao/saa15%akk-x-neoass:ina=ina[in//in]PRP'PRP$ina",
"f": {"lang": "akk-x-neoass",
"form": "ina",
"cf": "ina",
"gw": "in",
"sense": "in",
"norm": "ina",
"pos": "PRP",
"epos": "PRP"}
}
,
{
"node": "l",
"frag": "UGU",
"id": "P314084.l04253",
"ref": "P314084.11.7",
"inst": "muhhi[skull]N",
"sig": "@saao/saa15%akk-x-neoass:UGU=muhhu[skull//skull]N'N$muhhi",
"f": {"lang": "akk-x-neoass",
"form": "UGU",
"cf": "muhhu",
"gw": "skull",
"sense": "skull",
"norm": "muhhi",
"pos": "N",
"epos": "N"}
}
]}
,
{
"node": "l",
"frag": "[x",
"id": "P314084.l04254",
"ref": "P314084.11.8",
"inst": "u",
"f": {"lang": "akk-x-neoass",
"form": "x",
"pos": "u"}
}
,
{
"node": "l",
"frag": "x",
"id": "P314084.l04255",
"ref": "P314084.11.9",
"inst": "u",
"f": {"lang": "akk-x-neoass",
"form": "x",
"pos": "u"}
}
,
{
"node": "l",
"frag": "x]",
"id": "P314084.l04256",
"ref": "P314084.11.10",
"inst": "u",
"f": {"lang": "akk-x-neoass",
"form": "x",
"pos": "u"}
}
,
{
"node": "d",
"type": "line-start",
"ref": "P314084.12",
"n": "10'",
"label": "o 10'"}
,
{
"node": "l",
"frag": "[x",
"id": "P314084.l04257",
"ref": "P314084.12.1",
"inst": "u",
"f": {"lang": "akk-x-neoass",
"form": "x",
"pos": "u"}
}
,
{
"node": "l",
"frag": "x",
"id": "P314084.l04258",
"ref": "P314084.12.2",
"inst": "u",
"f": {"lang": "akk-x-neoass",
"form": "x",
"pos": "u"}
}
,
{
"node": "l",
"frag": "x",
"id": "P314084.l04259",
"ref": "P314084.12.3",
"inst": "u",
"f": {"lang": "akk-x-neoass",
"form": "x",
"pos": "u"}
}
,
{
"node": "l",
"frag": "x",
"id": "P314084.l0425a",
"ref": "P314084.12.4",
"inst": "u",
"f": {"lang": "akk-x-neoass",
"form": "x",
"pos": "u"}
}
,
{
"node": "l",
"frag": "x",
"id": "P314084.l0425b",
"ref": "P314084.12.5",
"inst": "u",
"f": {"lang": "akk-x-neoass",
"form": "x",
"pos": "u"}
}
,
{
"node": "l",
"frag": "x]+⸢x⸣",
"id": "P314084.l0425c",
"ref": "P314084.12.6",
"inst": "u",
"f": {"lang": "akk-x-neoass",
"form": "x+x",
"pos": "u"}
}
,
{
"node": "l",
"frag": "{lu₂v}[x",
"id": "P314084.l0425d",
"ref": "P314084.12.7",
"inst": "u",
"f": {"lang": "akk-x-neoass",
"form": "{LU₂}x",
"pos": "u"}
}
,
{
"node": "l",
"frag": "x",
"id": "P314084.l0425e",
"ref": "P314084.12.8",
"inst": "u",
"f": {"lang": "akk-x-neoass",
"form": "x",
"pos": "u"}
}
,
{
"node": "l",
"frag": "x]",
"id": "P314084.l0425f",
"ref": "P314084.12.9",
"inst": "u",
"f": {"lang": "akk-x-neoass",
"form": "x",
"pos": "u"}
}
,
{
"node": "d",
"type": "nonx",
"ref": "P314084.13",
"strict": "0",
"extent": "rest",
"state": "missing"}
,
{
"node": "d",
"subtype": "reverse",
"type": "surface",
"ref": "P314084.r.14",
"type": "reverse",
"label": "r"}
,
{
"node": "d",
"type": "nonx",
"ref": "P314084.15",
"strict": "0",
"state": "other"}
]}
]}
]}
,
{
"linkbase": [{
"type": "linkset",
"xlink_title": "ina muhhi[on//about]PRP'PRP",
"id": "P314084.ls00000",
"xlink_type": "extended",
"xlink_role": "psu",
"sig": "{ina[in]PRP muhhu[skull]N += ina muhhi[on//about]PRP'PRP}::@saao%akk-x-neoass:ina=ina[in//into]PRP'PRP$ina++@saao%akk-x-neoass:UGU=muhhu[skull//skull]N'N$muhhi",
"links": [
{
"type": "link",
"xlink_title": "ina",
"xlink_type": "locator",
"xlink_href": "#P314084.l04230",
"xlink_role": "elt"}
,
{
"type": "link",
"xlink_title": "muhhi",
"xlink_type": "locator",
"xlink_href": "#P314084.l04231",
"xlink_role": "elt"}
]}
,
{
"type": "linkset",
"xlink_title": "ina muhhi[on//about]PRP'PRP",
"id": "P314084.ls00001",
"xlink_type": "extended",
"xlink_role": "psu",
"sig": "{ina[in]PRP muhhu[skull]N += ina muhhi[on//about]PRP'PRP}::@saao%akk-x-neoass:ina=ina[in//into]PRP'PRP$ina++@saao%akk-x-neoass:UGU=muhhu[skull//skull]N'N$muhhi",
"links": [
{
"type": "link",
"xlink_title": "ina",
"xlink_type": "locator",
"xlink_href": "#P314084.l04252",
"xlink_role": "elt"}
,
{
"type": "link",
"xlink_title": "muhhi",
"xlink_type": "locator",
"xlink_href": "#P314084.l04253",
"xlink_role": "elt"}
]}
]}
]}
