{
"type": "cdl",
  "source": "http://oracc.org/saao/saa15",
  "license": "This data is released under the CC0 license",
  "license-url": "https://creativecommons.org/publicdomain/zero/1.0/",
  "more-info": "http://oracc.org/doc/opendata/",
  "UTC-timestamp": "2017-05-19T11:53:24",
"project": "saao/saa15",
"textid": "P314042",
"cdl": [
{
"node": "c",
"type": "text",
"id": "P314042.U0",
"cdl": [
{
"node": "d",
"type": "object",
"ref": ""}
,
{
"node": "d",
"subtype": "obverse",
"type": "surface",
"ref": "P314042.o.1",
"type": "obverse",
"label": "o"}
,
{
"node": "d",
"type": "nonx",
"ref": "P314042.2",
"strict": "0",
"extent": "beginning",
"state": "missing"}
,
{
"node": "c",
"type": "discourse",
"subtype": "body",
"id": "P314042.U1",
"cdl": [
{
"node": "c",
"type": "sentence",
"id": "P314042.U2",
"label": "o 1' - e. 2",
"cdl": [
{
"node": "d",
"type": "line-start",
"ref": "P314042.3",
"n": "1'",
"label": "o 1'"}
,
{
"node": "l",
"frag": "[x]",
"id": "P314042.l00f46",
"ref": "P314042.3.1",
"inst": "u",
"f": {"lang": "akk-x-neoass",
"form": "x",
"pos": "u"}
}
,
{
"node": "l",
"frag": "⸢i⸣",
"id": "P314042.l00f47",
"ref": "P314042.3.2",
"inst": "u",
"f": {"lang": "akk-x-neoass",
"form": "i",
"pos": "u"}
}
,
{
"node": "l",
"frag": "[x",
"id": "P314042.l00f48",
"ref": "P314042.3.3",
"inst": "u",
"f": {"lang": "akk-x-neoass",
"form": "x",
"pos": "u"}
}
,
{
"node": "l",
"frag": "x",
"id": "P314042.l00f49",
"ref": "P314042.3.4",
"inst": "u",
"f": {"lang": "akk-x-neoass",
"form": "x",
"pos": "u"}
}
,
{
"node": "l",
"frag": "x",
"id": "P314042.l00f4a",
"ref": "P314042.3.5",
"inst": "u",
"f": {"lang": "akk-x-neoass",
"form": "x",
"pos": "u"}
}
,
{
"node": "l",
"frag": "x]",
"id": "P314042.l00f4b",
"ref": "P314042.3.6",
"inst": "u",
"f": {"lang": "akk-x-neoass",
"form": "x",
"pos": "u"}
}
,
{
"node": "d",
"type": "line-start",
"ref": "P314042.4",
"n": "2'",
"label": "o 2'"}
,
{
"node": "l",
"frag": "ša\\yd",
"id": "P314042.l00f4c",
"ref": "P314042.4.1",
"inst": "ša[of]DET",
"sig": "@saao/saa15%akk-x-neoass:ša=ša[of//of]DET'DET$ša",
"f": {"lang": "akk-x-neoass",
"form": "ša",
"cf": "ša",
"gw": "of",
"sense": "of",
"norm": "ša",
"pos": "DET",
"epos": "DET"}
}
,
{
"node": "l",
"frag": "{lu₂vy}ERIM-MEŠ\\m",
"id": "P314042.l00f4d",
"ref": "P314042.4.2",
"inst": "ṣābāni[troops]N",
"sig": "@saao/saa15%akk-x-neoass:{LU₂}ERIM-MEŠ=ṣābu[people//troops]N'N$ṣābāni",
"f": {"lang": "akk-x-neoass",
"form": "{LU₂}ERIM-MEŠ",
"cf": "ṣābu",
"gw": "people",
"sense": "troops",
"norm": "ṣābāni",
"pos": "N",
"epos": "N"}
}
,
{
"node": "l",
"frag": "[ša]",
"id": "P314042.l00f4e",
"ref": "P314042.4.3",
"inst": "ša[who]REL",
"sig": "@saao/saa15%akk-x-neoass:ša=ša[that//who]REL'REL$ša",
"f": {"lang": "akk-x-neoass",
"form": "ša",
"cf": "ša",
"gw": "that",
"sense": "who",
"norm": "ša",
"pos": "REL",
"epos": "REL"}
}
,
{
"node": "d",
"type": "line-start",
"ref": "P314042.5",
"n": "3'",
"label": "o 3'"}
,
{
"node": "l",
"frag": "in\\p-qa\\d-tu-ni\\d-⸢ni⸣",
"id": "P314042.l00f4f",
"ref": "P314042.5.1",
"inst": "maqātu[fall//defect]V$inqatūninni",
"sig": "@saao/saa15%akk-x-neoass:in-qa-tu-ni-ni=maqātu[fall//defect]V'V$inqatūninni",
"f": {"lang": "akk-x-neoass",
"form": "in-qa-tu-ni-ni",
"cf": "maqātu",
"gw": "fall",
"sense": "defect",
"norm": "inqatūninni",
"pos": "V",
"epos": "V"}
}
,
{
"node": "d",
"type": "line-start",
"ref": "P314042.6",
"n": "4'",
"label": "o 4'"}
,
{
"node": "l",
"frag": "ir-tak-su",
"id": "P314042.l00f50",
"ref": "P314042.6.1",
"inst": "rakāsu[bind]V$irtaksu",
"sig": "@saao/saa15%akk-x-neoass:ir-tak-su=rakāsu[bind//bind]V'V$irtaksu",
"f": {"lang": "akk-x-neoass",
"form": "ir-tak-su",
"cf": "rakāsu",
"gw": "bind",
"sense": "bind",
"norm": "irtaksu",
"pos": "V",
"epos": "V"}
}
,
{
"node": "l",
"frag": "la",
"id": "P314042.l00f51",
"ref": "P314042.6.2",
"inst": "lā[not]MOD",
"sig": "@saao/saa15%akk-x-neoass:la=lā[not//not]MOD'MOD$lā",
"f": {"lang": "akk-x-neoass",
"form": "la",
"cf": "lā",
"gw": "not",
"sense": "not",
"norm": "lā",
"pos": "MOD",
"epos": "MOD"}
}
,
{
"node": "l",
"frag": "i-⸢ma⸣-[gur]",
"id": "P314042.l00f52",
"ref": "P314042.6.3",
"inst": "immaggur[agree]V",
"sig": "@saao/saa15%akk-x-neoass:i-ma-gur=magāru[consent//agree]V'V$immaggur",
"f": {"lang": "akk-x-neoass",
"form": "i-ma-gur",
"cf": "magāru",
"gw": "consent",
"sense": "agree",
"norm": "immaggur",
"pos": "V",
"epos": "V"}
}
,
{
"node": "d",
"type": "line-start",
"ref": "P314042.7",
"n": "5'",
"label": "o 5'"}
,
{
"node": "l",
"frag": "NINDA-MEŠ\\m",
"id": "P314042.l00f53",
"ref": "P314042.7.1",
"inst": "kusāpī[bread]N",
"sig": "@saao/saa15%akk-x-neoass:NINDA-MEŠ=kusāpu[bread//bread]N'N$kusāpī",
"f": {"lang": "akk-x-neoass",
"form": "NINDA-MEŠ",
"cf": "kusāpu",
"gw": "bread",
"sense": "bread",
"norm": "kusāpī",
"pos": "N",
"epos": "N"}
}
,
{
"node": "c",
"type": "phrase",
"tag": "phr",
"id": "P314042.U4",
"ref": "P314042.ls00000",
"cdl": [
{
"node": "l",
"frag": "ina",
"id": "P314042.l00f54",
"ref": "P314042.7.2",
"inst": "ina[in+=in the presence of]PRP",
"sig": "@saao/saa15%akk-x-neoass:ina=ina[in//in]PRP'PRP$ina",
"f": {"lang": "akk-x-neoass",
"form": "ina",
"cf": "ina",
"gw": "in",
"sense": "in",
"norm": "ina",
"pos": "PRP",
"epos": "PRP"}
}
,
{
"node": "l",
"frag": "pa-ne₂\\d-e-a",
"id": "P314042.l00f55",
"ref": "P314042.7.3",
"inst": "pānu[front]N$pānēya",
"sig": "@saao/saa15%akk-x-neoass:pa-ne₂-e-a=pānu[front//front]N'N$pānēya",
"f": {"lang": "akk-x-neoass",
"form": "pa-ne₂-e-a",
"cf": "pānu",
"gw": "front",
"sense": "front",
"norm": "pānēya",
"pos": "N",
"epos": "N"}
}
]}
,
{
"node": "d",
"subtype": "bottom",
"type": "surface",
"ref": "P314042.b.e..8",
"type": "bottom",
"label": "b.e."}
,
{
"node": "d",
"type": "line-start",
"ref": "P314042.9",
"n": "6'",
"label": "b.e. 6'"}
,
{
"node": "l",
"frag": "a-na\\t",
"id": "P314042.l00f56",
"ref": "P314042.9.1",
"inst": "ana[to]PRP",
"sig": "@saao/saa15%akk-x-neoass:a-na=ana[to//to]PRP'PRP$ana",
"f": {"lang": "akk-x-neoass",
"form": "a-na",
"cf": "ana",
"gw": "to",
"sense": "to",
"norm": "ana",
"pos": "PRP",
"epos": "PRP"}
}
,
{
"node": "l",
"frag": "a-ka-li\\d",
"id": "P314042.l00f57",
"ref": "P314042.9.2",
"inst": "akālu[eat//eating]V'N$akāli",
"sig": "@saao/saa15%akk-x-neoass:a-ka-li=akālu[eat//eating]V'N$akāli",
"f": {"lang": "akk-x-neoass",
"form": "a-ka-li",
"cf": "akālu",
"gw": "eat",
"sense": "eating",
"norm": "akāli",
"pos": "V",
"epos": "N"}
}
,
{
"node": "d",
"subtype": "reverse",
"type": "surface",
"ref": "P314042.r.10",
"type": "reverse",
"label": "r"}
,
{
"node": "d",
"type": "line-start",
"ref": "P314042.11",
"n": "1",
"label": "r 1"}
,
{
"node": "l",
"frag": "ma-a",
"id": "P314042.l00f58",
"ref": "P314042.11.1",
"inst": "mā[saying]PRP",
"sig": "@saao/saa15%akk-x-neoass:ma-a=mā[saying//saying]PRP'PRP$mā",
"f": {"lang": "akk-x-neoass",
"form": "ma-a",
"cf": "mā",
"gw": "saying",
"sense": "saying",
"norm": "mā",
"pos": "PRP",
"epos": "PRP"}
}
,
{
"node": "l",
"frag": "a-⸢ta⸣-a",
"id": "P314042.l00f59",
"ref": "P314042.11.2",
"inst": "atâ[why?]QP",
"sig": "@saao/saa15%akk-x-neoass:a-ta-a=atā[why?//why?]QP'QP$atâ",
"f": {"lang": "akk-x-neoass",
"form": "a-ta-a",
"cf": "atā",
"gw": "why?",
"sense": "why?",
"norm": "atâ",
"pos": "QP",
"epos": "QP"}
}
,
{
"node": "d",
"type": "line-start",
"ref": "P314042.12",
"n": "2",
"label": "r 2"}
,
{
"node": "l",
"frag": "{1}⸢a⸣-[x",
"id": "P314042.l00f5a",
"ref": "P314042.12.1",
"inst": "u",
"f": {"lang": "akk-x-neoass",
"form": "{1}a-x",
"pos": "u"}
}
,
{
"node": "l",
"frag": "x",
"id": "P314042.l00f5b",
"ref": "P314042.12.2",
"inst": "u",
"f": {"lang": "akk-x-neoass",
"form": "x",
"pos": "u"}
}
,
{
"node": "l",
"frag": "x",
"id": "P314042.l00f5c",
"ref": "P314042.12.3",
"inst": "u",
"f": {"lang": "akk-x-neoass",
"form": "x",
"pos": "u"}
}
,
{
"node": "l",
"frag": "{1}x-x]-pa-lu-u-a-KUR",
"id": "P314042.l00f5d",
"ref": "P314042.12.4",
"inst": "u",
"f": {"lang": "akk-x-neoass",
"form": "{1}x-x-pa-lu-u-a-KUR",
"pos": "u"}
}
,
{
"node": "d",
"type": "line-start",
"ref": "P314042.13",
"n": "3",
"label": "r 3"}
,
{
"node": "l",
"frag": "[x",
"id": "P314042.l00f5e",
"ref": "P314042.13.1",
"inst": "u",
"f": {"lang": "akk-x-neoass",
"form": "x",
"pos": "u"}
}
,
{
"node": "l",
"frag": "x",
"id": "P314042.l00f5f",
"ref": "P314042.13.2",
"inst": "u",
"f": {"lang": "akk-x-neoass",
"form": "x",
"pos": "u"}
}
,
{
"node": "l",
"frag": "x",
"id": "P314042.l00f60",
"ref": "P314042.13.3",
"inst": "u",
"f": {"lang": "akk-x-neoass",
"form": "x",
"pos": "u"}
}
,
{
"node": "l",
"frag": "x",
"id": "P314042.l00f61",
"ref": "P314042.13.4",
"inst": "u",
"f": {"lang": "akk-x-neoass",
"form": "x",
"pos": "u"}
}
,
{
"node": "l",
"frag": "x",
"id": "P314042.l00f62",
"ref": "P314042.13.5",
"inst": "u",
"f": {"lang": "akk-x-neoass",
"form": "x",
"pos": "u"}
}
,
{
"node": "l",
"frag": "x]",
"id": "P314042.l00f63",
"ref": "P314042.13.6",
"inst": "u",
"f": {"lang": "akk-x-neoass",
"form": "x",
"pos": "u"}
}
,
{
"node": "l",
"frag": "e",
"id": "P314042.l00f64",
"ref": "P314042.13.7",
"inst": "u",
"f": {"lang": "akk-x-neoass",
"form": "e",
"pos": "u"}
}
,
{
"node": "l",
"frag": "⸢x⸣+[x]",
"id": "P314042.l00f65",
"ref": "P314042.13.8",
"inst": "u",
"f": {"lang": "akk-x-neoass",
"form": "x+x",
"pos": "u"}
}
,
{
"node": "d",
"type": "nonx",
"ref": "P314042.14",
"strict": "0",
"extent": "rest",
"state": "missing"}
,
{
"node": "d",
"subtype": "edge",
"type": "surface",
"ref": "P314042.e..15",
"type": "edge",
"label": "e."}
,
{
"node": "d",
"type": "line-start",
"ref": "P314042.16",
"n": "1",
"label": "e. 1"}
,
{
"node": "l",
"frag": "ma-a",
"id": "P314042.l00f66",
"ref": "P314042.16.1",
"inst": "mā[saying]PRP",
"sig": "@saao/saa15%akk-x-neoass:ma-a=mā[saying//saying]PRP'PRP$mā",
"f": {"lang": "akk-x-neoass",
"form": "ma-a",
"cf": "mā",
"gw": "saying",
"sense": "saying",
"norm": "mā",
"pos": "PRP",
"epos": "PRP"}
}
,
{
"node": "l",
"frag": "ša\\yd",
"id": "P314042.l00f67",
"ref": "P314042.16.2",
"inst": "ša[what]REL",
"sig": "@saao/saa15%akk-x-neoass:ša=ša[that//what]REL'REL$ša",
"f": {"lang": "akk-x-neoass",
"form": "ša",
"cf": "ša",
"gw": "that",
"sense": "what",
"norm": "ša",
"pos": "REL",
"epos": "REL"}
}
,
{
"node": "l",
"frag": "[x",
"id": "P314042.l00f68",
"ref": "P314042.16.3",
"inst": "u",
"f": {"lang": "akk-x-neoass",
"form": "x",
"pos": "u"}
}
,
{
"node": "l",
"frag": "x",
"id": "P314042.l00f69",
"ref": "P314042.16.4",
"inst": "u",
"f": {"lang": "akk-x-neoass",
"form": "x",
"pos": "u"}
}
,
{
"node": "l",
"frag": "x",
"id": "P314042.l00f6a",
"ref": "P314042.16.5",
"inst": "u",
"f": {"lang": "akk-x-neoass",
"form": "x",
"pos": "u"}
}
,
{
"node": "l",
"frag": "x",
"id": "P314042.l00f6b",
"ref": "P314042.16.6",
"inst": "u",
"f": {"lang": "akk-x-neoass",
"form": "x",
"pos": "u"}
}
,
{
"node": "l",
"frag": "x",
"id": "P314042.l00f6c",
"ref": "P314042.16.7",
"inst": "u",
"f": {"lang": "akk-x-neoass",
"form": "x",
"pos": "u"}
}
,
{
"node": "l",
"frag": "x",
"id": "P314042.l00f6d",
"ref": "P314042.16.8",
"inst": "u",
"f": {"lang": "akk-x-neoass",
"form": "x",
"pos": "u"}
}
,
{
"node": "l",
"frag": "x",
"id": "P314042.l00f6e",
"ref": "P314042.16.9",
"inst": "u",
"f": {"lang": "akk-x-neoass",
"form": "x",
"pos": "u"}
}
,
{
"node": "l",
"frag": "x",
"id": "P314042.l00f6f",
"ref": "P314042.16.10",
"inst": "u",
"f": {"lang": "akk-x-neoass",
"form": "x",
"pos": "u"}
}
,
{
"node": "l",
"frag": "x",
"id": "P314042.l00f70",
"ref": "P314042.16.11",
"inst": "u",
"f": {"lang": "akk-x-neoass",
"form": "x",
"pos": "u"}
}
,
{
"node": "l",
"frag": "x]",
"id": "P314042.l00f71",
"ref": "P314042.16.12",
"inst": "u",
"f": {"lang": "akk-x-neoass",
"form": "x",
"pos": "u"}
}
,
{
"node": "d",
"type": "line-start",
"ref": "P314042.17",
"n": "2",
"label": "e. 2"}
,
{
"node": "l",
"frag": "a-na",
"id": "P314042.l00f72",
"ref": "P314042.17.1",
"inst": "ana[to]PRP",
"sig": "@saao/saa15%akk-x-neoass:a-na=ana[to//to]PRP'PRP$ana",
"f": {"lang": "akk-x-neoass",
"form": "a-na",
"cf": "ana",
"gw": "to",
"sense": "to",
"norm": "ana",
"pos": "PRP",
"epos": "PRP"}
}
,
{
"node": "l",
"frag": "⸢x⸣+[x",
"id": "P314042.l00f73",
"ref": "P314042.17.2",
"inst": "u",
"f": {"lang": "akk-x-neoass",
"form": "x+x",
"pos": "u"}
}
,
{
"node": "l",
"frag": "x",
"id": "P314042.l00f74",
"ref": "P314042.17.3",
"inst": "u",
"f": {"lang": "akk-x-neoass",
"form": "x",
"pos": "u"}
}
,
{
"node": "l",
"frag": "x",
"id": "P314042.l00f75",
"ref": "P314042.17.4",
"inst": "u",
"f": {"lang": "akk-x-neoass",
"form": "x",
"pos": "u"}
}
,
{
"node": "l",
"frag": "x",
"id": "P314042.l00f76",
"ref": "P314042.17.5",
"inst": "u",
"f": {"lang": "akk-x-neoass",
"form": "x",
"pos": "u"}
}
,
{
"node": "l",
"frag": "x",
"id": "P314042.l00f77",
"ref": "P314042.17.6",
"inst": "u",
"f": {"lang": "akk-x-neoass",
"form": "x",
"pos": "u"}
}
,
{
"node": "l",
"frag": "x",
"id": "P314042.l00f78",
"ref": "P314042.17.7",
"inst": "u",
"f": {"lang": "akk-x-neoass",
"form": "x",
"pos": "u"}
}
,
{
"node": "l",
"frag": "x",
"id": "P314042.l00f79",
"ref": "P314042.17.8",
"inst": "u",
"f": {"lang": "akk-x-neoass",
"form": "x",
"pos": "u"}
}
,
{
"node": "l",
"frag": "x",
"id": "P314042.l00f7a",
"ref": "P314042.17.9",
"inst": "u",
"f": {"lang": "akk-x-neoass",
"form": "x",
"pos": "u"}
}
,
{
"node": "l",
"frag": "x",
"id": "P314042.l00f7b",
"ref": "P314042.17.10",
"inst": "u",
"f": {"lang": "akk-x-neoass",
"form": "x",
"pos": "u"}
}
,
{
"node": "l",
"frag": "x]",
"id": "P314042.l00f7c",
"ref": "P314042.17.11",
"inst": "u",
"f": {"lang": "akk-x-neoass",
"form": "x",
"pos": "u"}
}
]}
]}
]}
,
{
"linkbase": [{
"type": "linkset",
"xlink_title": "ina pān[in the presence of//at the disposal of]PRP'PRP",
"id": "P314042.ls00000",
"xlink_type": "extended",
"xlink_role": "psu",
"sig": "{ina[in]PRP pānu[front]N += ina pān[in the presence of//at the disposal of]PRP'PRP}::@saao%akk-x-neoass:ina=ina[in//into]PRP'PRP$ina++@saao%akk-x-neoass:pa-ne₂-e-a=pānu[front//front]N'N$pānēya",
"links": [
{
"type": "link",
"xlink_title": "ina",
"xlink_type": "locator",
"xlink_href": "#P314042.l00f54",
"xlink_role": "elt"}
,
{
"type": "link",
"xlink_title": "pānu",
"xlink_type": "locator",
"xlink_href": "#P314042.l00f55",
"xlink_role": "elt"}
]}
]}
]}
