{
"type": "cdl",
  "source": "http://oracc.org/saao/saa15",
  "license": "This data is released under the CC0 license",
  "license-url": "https://creativecommons.org/publicdomain/zero/1.0/",
  "more-info": "http://oracc.org/doc/opendata/",
  "UTC-timestamp": "2017-05-19T11:53:23",
"project": "saao/saa15",
"textid": "P314014",
"cdl": [
{
"node": "c",
"type": "text",
"id": "P314014.U0",
"cdl": [
{
"node": "d",
"type": "object",
"ref": ""}
,
{
"node": "d",
"subtype": "obverse",
"type": "surface",
"ref": "P314014.o.1",
"type": "obverse",
"label": "o"}
,
{
"node": "d",
"type": "nonx",
"ref": "P314014.2",
"strict": "0",
"extent": "beginning",
"state": "missing"}
,
{
"node": "c",
"type": "discourse",
"subtype": "body",
"id": "P314014.U1",
"cdl": [
{
"node": "c",
"type": "sentence",
"id": "P314014.U2",
"label": "o 1' - r 5'",
"cdl": [
{
"node": "d",
"type": "line-start",
"ref": "P314014.3",
"n": "1'",
"label": "o 1'"}
,
{
"node": "l",
"frag": "01-⸢en⸣",
"id": "P314014.l08bea",
"ref": "P314014.3.1",
"inst": "issēn[one]NU",
"sig": "@saao/saa15%akk-x-neoass:01-en=ištēn[one//one]NU'NU$issēn",
"f": {"lang": "akk-x-neoass",
"form": "01-en",
"cf": "ištēn",
"gw": "one",
"sense": "one",
"norm": "issēn",
"pos": "NU",
"epos": "NU"}
}
,
{
"node": "l",
"frag": "[x",
"id": "P314014.l08beb",
"ref": "P314014.3.2",
"inst": "u",
"f": {"lang": "akk-x-neoass",
"form": "x",
"pos": "u"}
}
,
{
"node": "l",
"frag": "x",
"id": "P314014.l08bec",
"ref": "P314014.3.3",
"inst": "u",
"f": {"lang": "akk-x-neoass",
"form": "x",
"pos": "u"}
}
,
{
"node": "l",
"frag": "x",
"id": "P314014.l08bed",
"ref": "P314014.3.4",
"inst": "u",
"f": {"lang": "akk-x-neoass",
"form": "x",
"pos": "u"}
}
,
{
"node": "l",
"frag": "x",
"id": "P314014.l08bee",
"ref": "P314014.3.5",
"inst": "u",
"f": {"lang": "akk-x-neoass",
"form": "x",
"pos": "u"}
}
,
{
"node": "l",
"frag": "x",
"id": "P314014.l08bef",
"ref": "P314014.3.6",
"inst": "u",
"f": {"lang": "akk-x-neoass",
"form": "x",
"pos": "u"}
}
,
{
"node": "l",
"frag": "x",
"id": "P314014.l08bf0",
"ref": "P314014.3.7",
"inst": "u",
"f": {"lang": "akk-x-neoass",
"form": "x",
"pos": "u"}
}
,
{
"node": "l",
"frag": "x]",
"id": "P314014.l08bf1",
"ref": "P314014.3.8",
"inst": "u",
"f": {"lang": "akk-x-neoass",
"form": "x",
"pos": "u"}
}
,
{
"node": "d",
"type": "line-start",
"ref": "P314014.4",
"n": "2'",
"label": "o 2'"}
,
{
"node": "l",
"frag": "[x]",
"id": "P314014.l08bf2",
"ref": "P314014.4.1",
"inst": "u",
"f": {"lang": "akk-x-neoass",
"form": "x",
"pos": "u"}
}
,
{
"node": "l",
"frag": "⸢x⸣",
"id": "P314014.l08bf3",
"ref": "P314014.4.2",
"inst": "u",
"f": {"lang": "akk-x-neoass",
"form": "x",
"pos": "u"}
}
,
{
"node": "l",
"frag": "[x",
"id": "P314014.l08bf4",
"ref": "P314014.4.3",
"inst": "u",
"f": {"lang": "akk-x-neoass",
"form": "x",
"pos": "u"}
}
,
{
"node": "l",
"frag": "x",
"id": "P314014.l08bf5",
"ref": "P314014.4.4",
"inst": "u",
"f": {"lang": "akk-x-neoass",
"form": "x",
"pos": "u"}
}
,
{
"node": "l",
"frag": "x",
"id": "P314014.l08bf6",
"ref": "P314014.4.5",
"inst": "u",
"f": {"lang": "akk-x-neoass",
"form": "x",
"pos": "u"}
}
,
{
"node": "l",
"frag": "x",
"id": "P314014.l08bf7",
"ref": "P314014.4.6",
"inst": "u",
"f": {"lang": "akk-x-neoass",
"form": "x",
"pos": "u"}
}
,
{
"node": "l",
"frag": "x",
"id": "P314014.l08bf8",
"ref": "P314014.4.7",
"inst": "u",
"f": {"lang": "akk-x-neoass",
"form": "x",
"pos": "u"}
}
,
{
"node": "l",
"frag": "x",
"id": "P314014.l08bf9",
"ref": "P314014.4.8",
"inst": "u",
"f": {"lang": "akk-x-neoass",
"form": "x",
"pos": "u"}
}
,
{
"node": "l",
"frag": "x]",
"id": "P314014.l08bfa",
"ref": "P314014.4.9",
"inst": "u",
"f": {"lang": "akk-x-neoass",
"form": "x",
"pos": "u"}
}
,
{
"node": "d",
"type": "line-start",
"ref": "P314014.5",
"n": "3'",
"label": "o 3'"}
,
{
"node": "l",
"frag": "[x]",
"id": "P314014.l08bfb",
"ref": "P314014.5.1",
"inst": "u",
"f": {"lang": "akk-x-neoass",
"form": "x",
"pos": "u"}
}
,
{
"node": "l",
"frag": "⸢x⸣",
"id": "P314014.l08bfc",
"ref": "P314014.5.2",
"inst": "u",
"f": {"lang": "akk-x-neoass",
"form": "x",
"pos": "u"}
}
,
{
"node": "l",
"frag": "[x",
"id": "P314014.l08bfd",
"ref": "P314014.5.3",
"inst": "u",
"f": {"lang": "akk-x-neoass",
"form": "x",
"pos": "u"}
}
,
{
"node": "l",
"frag": "x",
"id": "P314014.l08bfe",
"ref": "P314014.5.4",
"inst": "u",
"f": {"lang": "akk-x-neoass",
"form": "x",
"pos": "u"}
}
,
{
"node": "l",
"frag": "x",
"id": "P314014.l08bff",
"ref": "P314014.5.5",
"inst": "u",
"f": {"lang": "akk-x-neoass",
"form": "x",
"pos": "u"}
}
,
{
"node": "l",
"frag": "x",
"id": "P314014.l08c00",
"ref": "P314014.5.6",
"inst": "u",
"f": {"lang": "akk-x-neoass",
"form": "x",
"pos": "u"}
}
,
{
"node": "l",
"frag": "x",
"id": "P314014.l08c01",
"ref": "P314014.5.7",
"inst": "u",
"f": {"lang": "akk-x-neoass",
"form": "x",
"pos": "u"}
}
,
{
"node": "l",
"frag": "x",
"id": "P314014.l08c02",
"ref": "P314014.5.8",
"inst": "u",
"f": {"lang": "akk-x-neoass",
"form": "x",
"pos": "u"}
}
,
{
"node": "l",
"frag": "x]",
"id": "P314014.l08c03",
"ref": "P314014.5.9",
"inst": "u",
"f": {"lang": "akk-x-neoass",
"form": "x",
"pos": "u"}
}
,
{
"node": "d",
"type": "line-start",
"ref": "P314014.6",
"n": "4'",
"label": "o 4'"}
,
{
"node": "l",
"frag": "⸢ša\\y⸣",
"id": "P314014.l08c04",
"ref": "P314014.6.1",
"inst": "ša[of]DET",
"sig": "@saao/saa15%akk-x-neoass:ša=ša[of//of]DET'DET$ša",
"f": {"lang": "akk-x-neoass",
"form": "ša",
"cf": "ša",
"gw": "of",
"sense": "of",
"norm": "ša",
"pos": "DET",
"epos": "DET"}
}
,
{
"node": "l",
"frag": "bi",
"id": "P314014.l08c05",
"ref": "P314014.6.2",
"inst": "u",
"f": {"lang": "akk-x-neoass",
"form": "bi",
"pos": "u"}
}
,
{
"node": "l",
"frag": "[x",
"id": "P314014.l08c06",
"ref": "P314014.6.3",
"inst": "u",
"f": {"lang": "akk-x-neoass",
"form": "x",
"pos": "u"}
}
,
{
"node": "l",
"frag": "x",
"id": "P314014.l08c07",
"ref": "P314014.6.4",
"inst": "u",
"f": {"lang": "akk-x-neoass",
"form": "x",
"pos": "u"}
}
,
{
"node": "l",
"frag": "x",
"id": "P314014.l08c08",
"ref": "P314014.6.5",
"inst": "u",
"f": {"lang": "akk-x-neoass",
"form": "x",
"pos": "u"}
}
,
{
"node": "l",
"frag": "x",
"id": "P314014.l08c09",
"ref": "P314014.6.6",
"inst": "u",
"f": {"lang": "akk-x-neoass",
"form": "x",
"pos": "u"}
}
,
{
"node": "l",
"frag": "x",
"id": "P314014.l08c0a",
"ref": "P314014.6.7",
"inst": "u",
"f": {"lang": "akk-x-neoass",
"form": "x",
"pos": "u"}
}
,
{
"node": "l",
"frag": "x",
"id": "P314014.l08c0b",
"ref": "P314014.6.8",
"inst": "u",
"f": {"lang": "akk-x-neoass",
"form": "x",
"pos": "u"}
}
,
{
"node": "l",
"frag": "x]",
"id": "P314014.l08c0c",
"ref": "P314014.6.9",
"inst": "u",
"f": {"lang": "akk-x-neoass",
"form": "x",
"pos": "u"}
}
,
{
"node": "d",
"type": "line-start",
"ref": "P314014.7",
"n": "5'",
"label": "o 5'"}
,
{
"node": "l",
"frag": "⸢ki⸣",
"id": "P314014.l08c0d",
"ref": "P314014.7.1",
"inst": "kî[when]'SBJ",
"sig": "@saao/saa15%akk-x-neoass:ki=kī[like//when]PRP'SBJ$kî",
"f": {"lang": "akk-x-neoass",
"form": "ki",
"cf": "kī",
"gw": "like",
"sense": "when",
"norm": "kî",
"pos": "PRP",
"epos": "SBJ"}
}
,
{
"node": "l",
"frag": "ana-ku",
"id": "P314014.l08c0e",
"ref": "P314014.7.2",
"inst": "anāku[I]IP",
"sig": "@saao/saa15%akk-x-neoass:ana-ku=anāku[I//I]IP'IP$anāku",
"f": {"lang": "akk-x-neoass",
"form": "ana-ku",
"cf": "anāku",
"gw": "I",
"sense": "I",
"norm": "anāku",
"pos": "IP",
"epos": "IP"}
}
,
{
"node": "l",
"frag": "[x",
"id": "P314014.l08c0f",
"ref": "P314014.7.3",
"inst": "u",
"f": {"lang": "akk-x-neoass",
"form": "x",
"pos": "u"}
}
,
{
"node": "l",
"frag": "x",
"id": "P314014.l08c10",
"ref": "P314014.7.4",
"inst": "u",
"f": {"lang": "akk-x-neoass",
"form": "x",
"pos": "u"}
}
,
{
"node": "l",
"frag": "x",
"id": "P314014.l08c11",
"ref": "P314014.7.5",
"inst": "u",
"f": {"lang": "akk-x-neoass",
"form": "x",
"pos": "u"}
}
,
{
"node": "l",
"frag": "x",
"id": "P314014.l08c12",
"ref": "P314014.7.6",
"inst": "u",
"f": {"lang": "akk-x-neoass",
"form": "x",
"pos": "u"}
}
,
{
"node": "l",
"frag": "x",
"id": "P314014.l08c13",
"ref": "P314014.7.7",
"inst": "u",
"f": {"lang": "akk-x-neoass",
"form": "x",
"pos": "u"}
}
,
{
"node": "l",
"frag": "x]",
"id": "P314014.l08c14",
"ref": "P314014.7.8",
"inst": "u",
"f": {"lang": "akk-x-neoass",
"form": "x",
"pos": "u"}
}
,
{
"node": "d",
"type": "line-start",
"ref": "P314014.8",
"n": "6'",
"label": "o 6'"}
,
{
"node": "l",
"frag": "[x]-du-ru\\d",
"id": "P314014.l08c15",
"ref": "P314014.8.1",
"inst": "u",
"f": {"lang": "akk-x-neoass",
"form": "x-du-ru",
"pos": "u"}
}
,
{
"node": "l",
"frag": "[x",
"id": "P314014.l08c16",
"ref": "P314014.8.2",
"inst": "u",
"f": {"lang": "akk-x-neoass",
"form": "x",
"pos": "u"}
}
,
{
"node": "l",
"frag": "x",
"id": "P314014.l08c17",
"ref": "P314014.8.3",
"inst": "u",
"f": {"lang": "akk-x-neoass",
"form": "x",
"pos": "u"}
}
,
{
"node": "l",
"frag": "x",
"id": "P314014.l08c18",
"ref": "P314014.8.4",
"inst": "u",
"f": {"lang": "akk-x-neoass",
"form": "x",
"pos": "u"}
}
,
{
"node": "l",
"frag": "x",
"id": "P314014.l08c19",
"ref": "P314014.8.5",
"inst": "u",
"f": {"lang": "akk-x-neoass",
"form": "x",
"pos": "u"}
}
,
{
"node": "l",
"frag": "x",
"id": "P314014.l08c1a",
"ref": "P314014.8.6",
"inst": "u",
"f": {"lang": "akk-x-neoass",
"form": "x",
"pos": "u"}
}
,
{
"node": "l",
"frag": "x]",
"id": "P314014.l08c1b",
"ref": "P314014.8.7",
"inst": "u",
"f": {"lang": "akk-x-neoass",
"form": "x",
"pos": "u"}
}
,
{
"node": "d",
"type": "line-start",
"ref": "P314014.9",
"n": "7'",
"label": "o 7'"}
,
{
"node": "l",
"frag": "[x]",
"id": "P314014.l08c1c",
"ref": "P314014.9.1",
"inst": "u",
"f": {"lang": "akk-x-neoass",
"form": "x",
"pos": "u"}
}
,
{
"node": "l",
"frag": "{1}aš-šur-⸢EN⸣-[x",
"id": "P314014.l08c1d",
"ref": "P314014.9.2",
"inst": "u",
"f": {"lang": "akk-x-neoass",
"form": "{1}aš-šur-EN-x",
"pos": "u"}
}
,
{
"node": "l",
"frag": "x",
"id": "P314014.l08c1e",
"ref": "P314014.9.3",
"inst": "u",
"f": {"lang": "akk-x-neoass",
"form": "x",
"pos": "u"}
}
,
{
"node": "l",
"frag": "x",
"id": "P314014.l08c1f",
"ref": "P314014.9.4",
"inst": "u",
"f": {"lang": "akk-x-neoass",
"form": "x",
"pos": "u"}
}
,
{
"node": "l",
"frag": "x]",
"id": "P314014.l08c20",
"ref": "P314014.9.5",
"inst": "u",
"f": {"lang": "akk-x-neoass",
"form": "x",
"pos": "u"}
}
,
{
"node": "d",
"type": "line-start",
"ref": "P314014.10",
"n": "8'",
"label": "o 8'"}
,
{
"node": "l",
"frag": "[x",
"id": "P314014.l08c21",
"ref": "P314014.10.1",
"inst": "u",
"f": {"lang": "akk-x-neoass",
"form": "x",
"pos": "u"}
}
,
{
"node": "l",
"frag": "x]",
"id": "P314014.l08c22",
"ref": "P314014.10.2",
"inst": "u",
"f": {"lang": "akk-x-neoass",
"form": "x",
"pos": "u"}
}
,
{
"node": "l",
"frag": "{⸢giš}le⸣-[ʾu",
"id": "P314014.l08c23",
"ref": "P314014.10.3",
"inst": "lēʾu[writing board]N",
"sig": "@saao/saa15%akk-x-neoass:{GIŠ}le-ʾu=lēʾu[board//writing board]N'N$lēʾu",
"f": {"lang": "akk-x-neoass",
"form": "{GIŠ}le-ʾu",
"cf": "lēʾu",
"gw": "board",
"sense": "writing board",
"norm": "lēʾu",
"pos": "N",
"epos": "N"}
}
,
{
"node": "l",
"frag": "x",
"id": "P314014.l08c24",
"ref": "P314014.10.4",
"inst": "u",
"f": {"lang": "akk-x-neoass",
"form": "x",
"pos": "u"}
}
,
{
"node": "l",
"frag": "x",
"id": "P314014.l08c25",
"ref": "P314014.10.5",
"inst": "u",
"f": {"lang": "akk-x-neoass",
"form": "x",
"pos": "u"}
}
,
{
"node": "l",
"frag": "x",
"id": "P314014.l08c26",
"ref": "P314014.10.6",
"inst": "u",
"f": {"lang": "akk-x-neoass",
"form": "x",
"pos": "u"}
}
,
{
"node": "l",
"frag": "x]",
"id": "P314014.l08c27",
"ref": "P314014.10.7",
"inst": "u",
"f": {"lang": "akk-x-neoass",
"form": "x",
"pos": "u"}
}
,
{
"node": "d",
"type": "nonx",
"ref": "P314014.11",
"strict": "0",
"extent": "rest",
"state": "missing"}
,
{
"node": "d",
"subtype": "reverse",
"type": "surface",
"ref": "P314014.r.12",
"type": "reverse",
"label": "r"}
,
{
"node": "d",
"type": "nonx",
"ref": "P314014.13",
"strict": "0",
"extent": "beginning",
"state": "missing"}
,
{
"node": "d",
"type": "line-start",
"ref": "P314014.14",
"n": "1'",
"label": "r 1'"}
,
{
"node": "l",
"frag": "⸢x⸣+[x",
"id": "P314014.l08c28",
"ref": "P314014.14.1",
"inst": "u",
"f": {"lang": "akk-x-neoass",
"form": "x+x",
"pos": "u"}
}
,
{
"node": "l",
"frag": "x",
"id": "P314014.l08c29",
"ref": "P314014.14.2",
"inst": "u",
"f": {"lang": "akk-x-neoass",
"form": "x",
"pos": "u"}
}
,
{
"node": "l",
"frag": "x",
"id": "P314014.l08c2a",
"ref": "P314014.14.3",
"inst": "u",
"f": {"lang": "akk-x-neoass",
"form": "x",
"pos": "u"}
}
,
{
"node": "l",
"frag": "x",
"id": "P314014.l08c2b",
"ref": "P314014.14.4",
"inst": "u",
"f": {"lang": "akk-x-neoass",
"form": "x",
"pos": "u"}
}
,
{
"node": "l",
"frag": "x",
"id": "P314014.l08c2c",
"ref": "P314014.14.5",
"inst": "u",
"f": {"lang": "akk-x-neoass",
"form": "x",
"pos": "u"}
}
,
{
"node": "l",
"frag": "x",
"id": "P314014.l08c2d",
"ref": "P314014.14.6",
"inst": "u",
"f": {"lang": "akk-x-neoass",
"form": "x",
"pos": "u"}
}
,
{
"node": "l",
"frag": "x",
"id": "P314014.l08c2e",
"ref": "P314014.14.7",
"inst": "u",
"f": {"lang": "akk-x-neoass",
"form": "x",
"pos": "u"}
}
,
{
"node": "l",
"frag": "x",
"id": "P314014.l08c2f",
"ref": "P314014.14.8",
"inst": "u",
"f": {"lang": "akk-x-neoass",
"form": "x",
"pos": "u"}
}
,
{
"node": "l",
"frag": "x]",
"id": "P314014.l08c30",
"ref": "P314014.14.9",
"inst": "u",
"f": {"lang": "akk-x-neoass",
"form": "x",
"pos": "u"}
}
,
{
"node": "d",
"type": "line-start",
"ref": "P314014.15",
"n": "2'",
"label": "r 2'"}
,
{
"node": "l",
"frag": "šu₂-nu",
"id": "P314014.l08c31",
"ref": "P314014.15.1",
"inst": "šunu[they]IP",
"sig": "@saao/saa15%akk-x-neoass:šu₂-nu=šunu[they//they]IP'IP$šunu",
"f": {"lang": "akk-x-neoass",
"form": "šu₂-nu",
"cf": "šunu",
"gw": "they",
"sense": "they",
"norm": "šunu",
"pos": "IP",
"epos": "IP"}
}
,
{
"node": "l",
"frag": "am-⸢x⸣-[x",
"id": "P314014.l08c32",
"ref": "P314014.15.2",
"inst": "u",
"f": {"lang": "akk-x-neoass",
"form": "am-x-x",
"pos": "u"}
}
,
{
"node": "l",
"frag": "x",
"id": "P314014.l08c33",
"ref": "P314014.15.3",
"inst": "u",
"f": {"lang": "akk-x-neoass",
"form": "x",
"pos": "u"}
}
,
{
"node": "l",
"frag": "x",
"id": "P314014.l08c34",
"ref": "P314014.15.4",
"inst": "u",
"f": {"lang": "akk-x-neoass",
"form": "x",
"pos": "u"}
}
,
{
"node": "l",
"frag": "x",
"id": "P314014.l08c35",
"ref": "P314014.15.5",
"inst": "u",
"f": {"lang": "akk-x-neoass",
"form": "x",
"pos": "u"}
}
,
{
"node": "l",
"frag": "x]",
"id": "P314014.l08c36",
"ref": "P314014.15.6",
"inst": "u",
"f": {"lang": "akk-x-neoass",
"form": "x",
"pos": "u"}
}
,
{
"node": "d",
"type": "line-start",
"ref": "P314014.16",
"n": "3'",
"label": "r 3'"}
,
{
"node": "l",
"frag": "ina",
"id": "P314014.l08c37",
"ref": "P314014.16.1",
"inst": "ina[in]PRP",
"sig": "@saao/saa15%akk-x-neoass:ina=ina[in//in]PRP'PRP$ina",
"f": {"lang": "akk-x-neoass",
"form": "ina",
"cf": "ina",
"gw": "in",
"sense": "in",
"norm": "ina",
"pos": "PRP",
"epos": "PRP"}
}
,
{
"node": "l",
"frag": "GIŠ.MI",
"id": "P314014.l08c38",
"ref": "P314014.16.2",
"inst": "ṣilli[protection]N",
"sig": "@saao/saa15%akk-x-neoass:GIŠ.MI=ṣillu[shade//protection]N'N$ṣilli",
"f": {"lang": "akk-x-neoass",
"form": "GIŠ.MI",
"cf": "ṣillu",
"gw": "shade",
"sense": "protection",
"norm": "ṣilli",
"pos": "N",
"epos": "N"}
}
,
{
"node": "l",
"frag": "⸢LUGAL⸣",
"id": "P314014.l08c39",
"ref": "P314014.16.3",
"inst": "šarri[king]N",
"sig": "@saao/saa15%akk-x-neoass:LUGAL=šarru[king//king]N'N$šarri",
"f": {"lang": "akk-x-neoass",
"form": "LUGAL",
"cf": "šarru",
"gw": "king",
"sense": "king",
"norm": "šarri",
"pos": "N",
"epos": "N"}
}
,
{
"node": "l",
"frag": "[x",
"id": "P314014.l08c3a",
"ref": "P314014.16.4",
"inst": "u",
"f": {"lang": "akk-x-neoass",
"form": "x",
"pos": "u"}
}
,
{
"node": "l",
"frag": "x",
"id": "P314014.l08c3b",
"ref": "P314014.16.5",
"inst": "u",
"f": {"lang": "akk-x-neoass",
"form": "x",
"pos": "u"}
}
,
{
"node": "l",
"frag": "x]",
"id": "P314014.l08c3c",
"ref": "P314014.16.6",
"inst": "u",
"f": {"lang": "akk-x-neoass",
"form": "x",
"pos": "u"}
}
,
{
"node": "d",
"type": "line-start",
"ref": "P314014.17",
"n": "4'",
"label": "r 4'"}
,
{
"node": "l",
"frag": "aš₂-ša₂-an-ni",
"id": "P314014.l08c3d",
"ref": "P314014.17.1",
"inst": "našû[lift//bring]V$aššânni",
"sig": "@saao/saa15%akk-x-neoass:aš₂-ša₂-an-ni=našû[lift//bring]V'V$aššânni",
"f": {"lang": "akk-x-neoass",
"form": "aš₂-ša₂-an-ni",
"cf": "našû",
"gw": "lift",
"sense": "bring",
"norm": "aššânni",
"pos": "V",
"epos": "V"}
}
,
{
"node": "l",
"frag": "[x",
"id": "P314014.l08c3e",
"ref": "P314014.17.2",
"inst": "u",
"f": {"lang": "akk-x-neoass",
"form": "x",
"pos": "u"}
}
,
{
"node": "l",
"frag": "x",
"id": "P314014.l08c3f",
"ref": "P314014.17.3",
"inst": "u",
"f": {"lang": "akk-x-neoass",
"form": "x",
"pos": "u"}
}
,
{
"node": "l",
"frag": "x",
"id": "P314014.l08c40",
"ref": "P314014.17.4",
"inst": "u",
"f": {"lang": "akk-x-neoass",
"form": "x",
"pos": "u"}
}
,
{
"node": "l",
"frag": "x",
"id": "P314014.l08c41",
"ref": "P314014.17.5",
"inst": "u",
"f": {"lang": "akk-x-neoass",
"form": "x",
"pos": "u"}
}
,
{
"node": "l",
"frag": "x]",
"id": "P314014.l08c42",
"ref": "P314014.17.6",
"inst": "u",
"f": {"lang": "akk-x-neoass",
"form": "x",
"pos": "u"}
}
,
{
"node": "d",
"type": "line-start",
"ref": "P314014.18",
"n": "5'",
"label": "r 5'"}
,
{
"node": "l",
"frag": "[ina]",
"id": "P314014.l08c43",
"ref": "P314014.18.1",
"inst": "ina[in]PRP",
"sig": "@saao/saa15%akk-x-neoass:ina=ina[in//in]PRP'PRP$ina",
"f": {"lang": "akk-x-neoass",
"form": "ina",
"cf": "ina",
"gw": "in",
"sense": "in",
"norm": "ina",
"pos": "PRP",
"epos": "PRP"}
}
,
{
"node": "l",
"frag": "NAM\\p",
"id": "P314014.l08c44",
"ref": "P314014.18.2",
"inst": "pāhiti[province]N",
"sig": "@saao/saa15%akk-x-neoass:NAM=pīhātu[responsibility//province]N'N$pāhiti",
"f": {"lang": "akk-x-neoass",
"form": "NAM",
"cf": "pīhātu",
"gw": "responsibility",
"sense": "province",
"norm": "pāhiti",
"pos": "N",
"epos": "N"}
}
,
{
"node": "l",
"frag": "ur-⸢ta⸣-[am-me]",
"id": "P314014.l08c45",
"ref": "P314014.18.3",
"inst": "urtamme[leave]V",
"sig": "@saao/saa15%akk-x-neoass:ur-ta-am-me=ramû[slacken//leave]V'V$urtamme",
"f": {"lang": "akk-x-neoass",
"form": "ur-ta-am-me",
"cf": "ramû",
"gw": "slacken",
"sense": "leave",
"norm": "urtamme",
"pos": "V",
"epos": "V"}
}
,
{
"node": "d",
"type": "nonx",
"ref": "P314014.19",
"strict": "0",
"extent": "rest",
"state": "other"}
]}
]}
]}
]}
