{
"type": "cdl",
  "source": "http://oracc.org/saao/saa15",
  "license": "This data is released under the CC0 license",
  "license-url": "https://creativecommons.org/publicdomain/zero/1.0/",
  "more-info": "http://oracc.org/doc/opendata/",
  "UTC-timestamp": "2017-05-19T11:53:27",
"project": "saao/saa15",
"textid": "P314127",
"cdl": [
{
"node": "c",
"type": "text",
"id": "P314127.U0",
"cdl": [
{
"node": "d",
"type": "object",
"ref": ""}
,
{
"node": "d",
"subtype": "obverse",
"type": "surface",
"ref": "P314127.o.1",
"type": "obverse",
"label": "o"}
,
{
"node": "d",
"type": "nonx",
"ref": "P314127.2",
"strict": "0",
"extent": "beginning",
"state": "missing"}
,
{
"node": "c",
"type": "discourse",
"subtype": "body",
"id": "P314127.U1",
"cdl": [
{
"node": "c",
"type": "sentence",
"id": "P314127.U2",
"label": "o 1' - o 5'",
"cdl": [
{
"node": "d",
"type": "line-start",
"ref": "P314127.3",
"n": "1'",
"label": "o 1'"}
,
{
"node": "l",
"frag": "[x",
"id": "P314127.l05d49",
"ref": "P314127.3.1",
"inst": "u",
"f": {"lang": "akk-x-neoass",
"form": "x",
"pos": "u"}
}
,
{
"node": "l",
"frag": "x",
"id": "P314127.l05d4a",
"ref": "P314127.3.2",
"inst": "u",
"f": {"lang": "akk-x-neoass",
"form": "x",
"pos": "u"}
}
,
{
"node": "l",
"frag": "x",
"id": "P314127.l05d4b",
"ref": "P314127.3.3",
"inst": "u",
"f": {"lang": "akk-x-neoass",
"form": "x",
"pos": "u"}
}
,
{
"node": "l",
"frag": "x]",
"id": "P314127.l05d4c",
"ref": "P314127.3.4",
"inst": "u",
"f": {"lang": "akk-x-neoass",
"form": "x",
"pos": "u"}
}
,
{
"node": "l",
"frag": "⸢x⸣",
"id": "P314127.l05d4d",
"ref": "P314127.3.5",
"inst": "u",
"f": {"lang": "akk-x-neoass",
"form": "x",
"pos": "u"}
}
,
{
"node": "l",
"frag": "[x",
"id": "P314127.l05d4e",
"ref": "P314127.3.6",
"inst": "u",
"f": {"lang": "akk-x-neoass",
"form": "x",
"pos": "u"}
}
,
{
"node": "l",
"frag": "x]",
"id": "P314127.l05d4f",
"ref": "P314127.3.7",
"inst": "u",
"f": {"lang": "akk-x-neoass",
"form": "x",
"pos": "u"}
}
,
{
"node": "d",
"type": "line-start",
"ref": "P314127.4",
"n": "2'",
"label": "o 2'"}
,
{
"node": "l",
"frag": "[x",
"id": "P314127.l05d50",
"ref": "P314127.4.1",
"inst": "u",
"f": {"lang": "akk-x-neoass",
"form": "x",
"pos": "u"}
}
,
{
"node": "l",
"frag": "x]-⸢MEŠ\\m⸣",
"id": "P314127.l05d51",
"ref": "P314127.4.2",
"inst": "u",
"f": {"lang": "akk-x-neoass",
"form": "x-MEŠ",
"pos": "u"}
}
,
{
"node": "l",
"frag": "ip-ta-⸢ṣu⸣",
"id": "P314127.l05d52",
"ref": "P314127.4.3",
"inst": "paʾāṣu[break up//crush]V$iptâṣu",
"sig": "@saao/saa15%akk-x-neoass:ip-ta-ṣu=paʾāṣu[break up//crush]V'V$iptâṣu",
"f": {"lang": "akk-x-neoass",
"form": "ip-ta-ṣu",
"cf": "paʾāṣu",
"gw": "break up",
"sense": "crush",
"norm": "iptâṣu",
"pos": "V",
"epos": "V"}
}
,
{
"node": "l",
"frag": "[x",
"id": "P314127.l05d53",
"ref": "P314127.4.4",
"inst": "u",
"f": {"lang": "akk-x-neoass",
"form": "x",
"pos": "u"}
}
,
{
"node": "l",
"frag": "x]",
"id": "P314127.l05d54",
"ref": "P314127.4.5",
"inst": "u",
"f": {"lang": "akk-x-neoass",
"form": "x",
"pos": "u"}
}
,
{
"node": "d",
"type": "line-start",
"ref": "P314127.5",
"n": "3'",
"label": "o 3'"}
,
{
"node": "l",
"frag": "[i]-⸢ba⸣-aš₂-ši",
"id": "P314127.l05d55",
"ref": "P314127.5.1",
"inst": "bašû[exist//really]V'AV$ibašši",
"sig": "@saao/saa15%akk-x-neoass:i-ba-aš₂-ši=bašû[exist//really]V'AV$ibašši",
"f": {"lang": "akk-x-neoass",
"form": "i-ba-aš₂-ši",
"cf": "bašû",
"gw": "exist",
"sense": "really",
"norm": "ibašši",
"pos": "V",
"epos": "AV"}
}
,
{
"node": "l",
"frag": "{1}EN-šu₂-nu",
"id": "P314127.l05d56",
"ref": "P314127.5.2",
"inst": "Belšunu[1]PN",
"sig": "@saao/saa15%akk-x-neoass:{1}EN-šu₂-nu=Belšunu[1//1]PN'PN$Belšunu",
"f": {"lang": "akk-x-neoass",
"form": "{1}EN-šu₂-nu",
"cf": "Belšunu",
"gw": "1",
"sense": "1",
"norm": "Belšunu",
"pos": "PN",
"epos": "PN"}
}
,
{
"node": "l",
"frag": "[x",
"id": "P314127.l05d57",
"ref": "P314127.5.3",
"inst": "u",
"f": {"lang": "akk-x-neoass",
"form": "x",
"pos": "u"}
}
,
{
"node": "l",
"frag": "x]",
"id": "P314127.l05d58",
"ref": "P314127.5.4",
"inst": "u",
"f": {"lang": "akk-x-neoass",
"form": "x",
"pos": "u"}
}
,
{
"node": "d",
"type": "line-start",
"ref": "P314127.6",
"n": "4'",
"label": "o 4'"}
,
{
"node": "l",
"frag": "[x",
"id": "P314127.l05d59",
"ref": "P314127.6.1",
"inst": "u",
"f": {"lang": "akk-x-neoass",
"form": "x",
"pos": "u"}
}
,
{
"node": "l",
"frag": "x]-šu₂-nu",
"id": "P314127.l05d5a",
"ref": "P314127.6.2",
"inst": "u",
"f": {"lang": "akk-x-neoass",
"form": "x-šu₂-nu",
"pos": "u"}
}
,
{
"node": "l",
"frag": "GUD-MEŠ\\m-šu₂-nu",
"id": "P314127.l05d5b",
"ref": "P314127.6.3",
"inst": "alpānišunu[ox]N",
"sig": "@saao/saa15%akk-x-neoass:GUD-MEŠ-šu₂-nu=alpu[ox//ox]N'N$alpānišunu",
"f": {"lang": "akk-x-neoass",
"form": "GUD-MEŠ-šu₂-nu",
"cf": "alpu",
"gw": "ox",
"sense": "ox",
"norm": "alpānišunu",
"pos": "N",
"epos": "N"}
}
,
{
"node": "l",
"frag": "[x",
"id": "P314127.l05d5c",
"ref": "P314127.6.4",
"inst": "u",
"f": {"lang": "akk-x-neoass",
"form": "x",
"pos": "u"}
}
,
{
"node": "l",
"frag": "x]",
"id": "P314127.l05d5d",
"ref": "P314127.6.5",
"inst": "u",
"f": {"lang": "akk-x-neoass",
"form": "x",
"pos": "u"}
}
,
{
"node": "d",
"type": "line-start",
"ref": "P314127.7",
"n": "5'",
"label": "o 5'"}
,
{
"node": "l",
"frag": "{[lu₂v}pu]-⸢qu⸣-di\\d",
"id": "P314127.l05d5e",
"ref": "P314127.7.1",
"inst": "Puqudu[]EN$Puqudi",
"sig": "@saao/saa15%akk-x-neoass:{LU₂}pu-qu-di=Puqudu[1//1]EN'EN$Puqudi",
"f": {"lang": "akk-x-neoass",
"form": "{LU₂}pu-qu-di",
"cf": "Puqudu",
"gw": "1",
"sense": "1",
"norm": "Puqudi",
"pos": "EN",
"epos": "EN"}
}
,
{
"node": "l",
"frag": "u₂-[x",
"id": "P314127.l05d5f",
"ref": "P314127.7.2",
"inst": "u",
"f": {"lang": "akk-x-neoass",
"form": "u₂-x",
"pos": "u"}
}
,
{
"node": "l",
"frag": "x]",
"id": "P314127.l05d60",
"ref": "P314127.7.3",
"inst": "u",
"f": {"lang": "akk-x-neoass",
"form": "x",
"pos": "u"}
}
,
{
"node": "d",
"type": "nonx",
"ref": "P314127.8",
"strict": "0",
"extent": "rest",
"state": "missing"}
,
{
"node": "d",
"subtype": "reverse",
"type": "surface",
"ref": "P314127.r.9",
"type": "reverse",
"label": "r"}
,
{
"node": "d",
"type": "nonx",
"ref": "P314127.10",
"strict": "0",
"state": "other"}
]}
]}
]}
]}
