{
"type": "cdl",
  "source": "http://oracc.org/saao/saa15",
  "license": "This data is released under the CC0 license",
  "license-url": "https://creativecommons.org/publicdomain/zero/1.0/",
  "more-info": "http://oracc.org/doc/opendata/",
  "UTC-timestamp": "2017-05-19T11:53:27",
"project": "saao/saa15",
"textid": "P314135",
"cdl": [
{
"node": "c",
"type": "text",
"id": "P314135.U0",
"cdl": [
{
"node": "d",
"type": "object",
"ref": ""}
,
{
"node": "d",
"subtype": "obverse",
"type": "surface",
"ref": "P314135.o.1",
"type": "obverse",
"label": "o"}
,
{
"node": "d",
"type": "nonx",
"ref": "P314135.2",
"strict": "0",
"state": "other"}
,
{
"node": "d",
"subtype": "reverse",
"type": "surface",
"ref": "P314135.r.3",
"type": "reverse",
"label": "r"}
,
{
"node": "d",
"type": "nonx",
"ref": "P314135.4",
"strict": "0",
"extent": "beginning",
"state": "missing"}
,
{
"node": "c",
"type": "discourse",
"subtype": "body",
"id": "P314135.U1",
"cdl": [
{
"node": "c",
"type": "sentence",
"id": "P314135.U2",
"label": "r 1' - r 4'",
"cdl": [
{
"node": "d",
"type": "line-start",
"ref": "P314135.5",
"n": "1'",
"label": "r 1'"}
,
{
"node": "l",
"frag": "⸢u₂⸣-ma-⸢a⸣",
"id": "P314135.l07c38",
"ref": "P314135.5.1",
"inst": "ūmâ[now]AV",
"sig": "@saao/saa15%akk-x-neoass:u₂-ma-a=ūma[today//now]AV'AV$ūmâ",
"f": {"lang": "akk-x-neoass",
"form": "u₂-ma-a",
"cf": "ūma",
"gw": "today",
"sense": "now",
"norm": "ūmâ",
"pos": "AV",
"epos": "AV"}
}
,
{
"node": "l",
"frag": "[x",
"id": "P314135.l07c39",
"ref": "P314135.5.2",
"inst": "u",
"f": {"lang": "akk-x-neoass",
"form": "x",
"pos": "u"}
}
,
{
"node": "l",
"frag": "x",
"id": "P314135.l07c3a",
"ref": "P314135.5.3",
"inst": "u",
"f": {"lang": "akk-x-neoass",
"form": "x",
"pos": "u"}
}
,
{
"node": "l",
"frag": "x",
"id": "P314135.l07c3b",
"ref": "P314135.5.4",
"inst": "u",
"f": {"lang": "akk-x-neoass",
"form": "x",
"pos": "u"}
}
,
{
"node": "l",
"frag": "x",
"id": "P314135.l07c3c",
"ref": "P314135.5.5",
"inst": "u",
"f": {"lang": "akk-x-neoass",
"form": "x",
"pos": "u"}
}
,
{
"node": "l",
"frag": "x]",
"id": "P314135.l07c3d",
"ref": "P314135.5.6",
"inst": "u",
"f": {"lang": "akk-x-neoass",
"form": "x",
"pos": "u"}
}
,
{
"node": "d",
"type": "line-start",
"ref": "P314135.6",
"n": "2'",
"label": "r 2'"}
,
{
"node": "l",
"frag": "⸢im⸣-ma-te",
"id": "P314135.l07c3e",
"ref": "P314135.6.1",
"cof-tails": "P314135.l07c3f",
"inst": "ina[in]PRP$ina&mati[when?]QP$mate",
"sig": "@saao/saa15%akk-x-neoass:im-ma-te=ina[in//in]PRP'PRP$ina&&@saao%akk-x-neoass:=mati[when?//when?]QP'QP$mate",
"f": {"lang": "akk-x-neoass",
"form": "im-ma-te",
"cf": "ina",
"gw": "in",
"sense": "in",
"norm": "ina",
"pos": "PRP",
"epos": "PRP"}
}
,
{
"node": "l",
"frag": "⸢im⸣-ma-te",
"id": "P314135.l07c3f",
"ref": "P314135.6.1",
"cof-head": "P314135.l07c3e",
"inst": "ina[in]PRP$ina&mati[when?]QP$mate",
"tail-sig": "@saao%akk-x-neoass:=mati[when?//when?]QP'QP$mate",
"f": {"lang": "akk-x-neoass",
"form": "im-ma-te",
"cf": "mati",
"gw": "when?",
"sense": "when?",
"norm": "mate",
"pos": "QP",
"epos": "QP"}
}
,
{
"node": "l",
"frag": "[x",
"id": "P314135.l07c40",
"ref": "P314135.6.2",
"inst": "u",
"f": {"lang": "akk-x-neoass",
"form": "x",
"pos": "u"}
}
,
{
"node": "l",
"frag": "x",
"id": "P314135.l07c41",
"ref": "P314135.6.3",
"inst": "u",
"f": {"lang": "akk-x-neoass",
"form": "x",
"pos": "u"}
}
,
{
"node": "l",
"frag": "x",
"id": "P314135.l07c42",
"ref": "P314135.6.4",
"inst": "u",
"f": {"lang": "akk-x-neoass",
"form": "x",
"pos": "u"}
}
,
{
"node": "l",
"frag": "x]",
"id": "P314135.l07c43",
"ref": "P314135.6.5",
"inst": "u",
"f": {"lang": "akk-x-neoass",
"form": "x",
"pos": "u"}
}
,
{
"node": "d",
"type": "line-start",
"ref": "P314135.7",
"n": "3'",
"label": "r 3'"}
,
{
"node": "l",
"frag": "⸢ki⸣-i",
"id": "P314135.l07c44",
"ref": "P314135.7.1",
"inst": "kî[like]PRP",
"sig": "@saao/saa15%akk-x-neoass:ki-i=kī[like//like]PRP'PRP$kî",
"f": {"lang": "akk-x-neoass",
"form": "ki-i",
"cf": "kī",
"gw": "like",
"sense": "like",
"norm": "kî",
"pos": "PRP",
"epos": "PRP"}
}
,
{
"node": "l",
"frag": "da-⸢x⸣+[x",
"id": "P314135.l07c45",
"ref": "P314135.7.2",
"inst": "u",
"f": {"lang": "akk-x-neoass",
"form": "da-x+x",
"pos": "u"}
}
,
{
"node": "l",
"frag": "x",
"id": "P314135.l07c46",
"ref": "P314135.7.3",
"inst": "u",
"f": {"lang": "akk-x-neoass",
"form": "x",
"pos": "u"}
}
,
{
"node": "l",
"frag": "x",
"id": "P314135.l07c47",
"ref": "P314135.7.4",
"inst": "u",
"f": {"lang": "akk-x-neoass",
"form": "x",
"pos": "u"}
}
,
{
"node": "l",
"frag": "x]",
"id": "P314135.l07c48",
"ref": "P314135.7.5",
"inst": "u",
"f": {"lang": "akk-x-neoass",
"form": "x",
"pos": "u"}
}
,
{
"node": "d",
"type": "line-start",
"ref": "P314135.8",
"n": "4'",
"label": "r 4'"}
,
{
"node": "l",
"frag": "{[še]}⸢BURU₁₄\\p⸣",
"id": "P314135.l07c49",
"ref": "P314135.8.1",
"inst": "ebūru[harvest]N",
"sig": "@saao/saa15%akk-x-neoass:{ŠE}BURU₁₄=ebūru[harvest//harvest]N'N$ebūru",
"f": {"lang": "akk-x-neoass",
"form": "{ŠE}BURU₁₄",
"cf": "ebūru",
"gw": "harvest",
"sense": "harvest",
"norm": "ebūru",
"pos": "N",
"epos": "N"}
}
,
{
"node": "l",
"frag": "SIG₅-⸢iq⸣",
"id": "P314135.l07c4a",
"ref": "P314135.8.2",
"inst": "deʾiq[good]AJ",
"sig": "@saao/saa15%akk-x-neoass:SIG₅-iq=damqu[good//good]AJ'AJ$deʾiq",
"f": {"lang": "akk-x-neoass",
"form": "SIG₅-iq",
"cf": "damqu",
"gw": "good",
"sense": "good",
"norm": "deʾiq",
"pos": "AJ",
"epos": "AJ"}
}
,
{
"node": "l",
"frag": "[x",
"id": "P314135.l07c4b",
"ref": "P314135.8.3",
"inst": "u",
"f": {"lang": "akk-x-neoass",
"form": "x",
"pos": "u"}
}
,
{
"node": "l",
"frag": "x",
"id": "P314135.l07c4c",
"ref": "P314135.8.4",
"inst": "u",
"f": {"lang": "akk-x-neoass",
"form": "x",
"pos": "u"}
}
,
{
"node": "l",
"frag": "x]",
"id": "P314135.l07c4d",
"ref": "P314135.8.5",
"inst": "u",
"f": {"lang": "akk-x-neoass",
"form": "x",
"pos": "u"}
}
,
{
"node": "d",
"type": "nonx",
"ref": "P314135.9",
"strict": "0",
"extent": "rest",
"state": "other"}
]}
]}
]}
]}
