{
"type": "cdl",
  "source": "http://oracc.org/saao/saa15",
  "license": "This data is released under the CC0 license",
  "license-url": "https://creativecommons.org/publicdomain/zero/1.0/",
  "more-info": "http://oracc.org/doc/opendata/",
  "UTC-timestamp": "2017-05-19T11:53:26",
"project": "saao/saa15",
"textid": "P314111",
"cdl": [
{
"node": "c",
"type": "text",
"id": "P314111.U0",
"cdl": [
{
"node": "d",
"type": "object",
"ref": ""}
,
{
"node": "d",
"subtype": "obverse",
"type": "surface",
"ref": "P314111.o.1",
"type": "obverse",
"label": "o"}
,
{
"node": "d",
"type": "nonx",
"ref": "P314111.2",
"strict": "0",
"extent": "beginning",
"state": "other"}
,
{
"node": "c",
"type": "discourse",
"subtype": "body",
"id": "P314111.U1",
"cdl": [
{
"node": "c",
"type": "sentence",
"id": "P314111.U2",
"label": "o 1' - o 7'",
"cdl": [
{
"node": "d",
"type": "line-start",
"ref": "P314111.3",
"n": "1'",
"label": "o 1'"}
,
{
"node": "l",
"frag": "[x",
"id": "P314111.l05769",
"ref": "P314111.3.1",
"inst": "u",
"f": {"lang": "akk-x-neoass",
"form": "x",
"pos": "u"}
}
,
{
"node": "l",
"frag": "x",
"id": "P314111.l0576a",
"ref": "P314111.3.2",
"inst": "u",
"f": {"lang": "akk-x-neoass",
"form": "x",
"pos": "u"}
}
,
{
"node": "l",
"frag": "x",
"id": "P314111.l0576b",
"ref": "P314111.3.3",
"inst": "u",
"f": {"lang": "akk-x-neoass",
"form": "x",
"pos": "u"}
}
,
{
"node": "l",
"frag": "x",
"id": "P314111.l0576c",
"ref": "P314111.3.4",
"inst": "u",
"f": {"lang": "akk-x-neoass",
"form": "x",
"pos": "u"}
}
,
{
"node": "l",
"frag": "x",
"id": "P314111.l0576d",
"ref": "P314111.3.5",
"inst": "u",
"f": {"lang": "akk-x-neoass",
"form": "x",
"pos": "u"}
}
,
{
"node": "l",
"frag": "x]",
"id": "P314111.l0576e",
"ref": "P314111.3.6",
"inst": "u",
"f": {"lang": "akk-x-neoass",
"form": "x",
"pos": "u"}
}
,
{
"node": "l",
"frag": "DUMU-{1}⸢NUMUN⸣-[i]",
"id": "P314111.l0576f",
"ref": "P314111.3.7",
"inst": "Mar-Zeri[1]PN",
"sig": "@saao/saa15%akk-x-neoass:DUMU-{1}NUMUN-i=Mar-Zeri[1//1]PN'PN$Mar-Zeri",
"f": {"lang": "akk-x-neoass",
"form": "DUMU-{1}NUMUN-i",
"cf": "Mar-Zeri",
"gw": "1",
"sense": "1",
"norm": "Mar-Zeri",
"pos": "PN",
"epos": "PN"}
}
,
{
"node": "d",
"type": "line-start",
"ref": "P314111.4",
"n": "2'",
"label": "o 2'"}
,
{
"node": "l",
"frag": "[x",
"id": "P314111.l05770",
"ref": "P314111.4.1",
"inst": "u",
"f": {"lang": "akk-x-neoass",
"form": "x",
"pos": "u"}
}
,
{
"node": "l",
"frag": "x",
"id": "P314111.l05771",
"ref": "P314111.4.2",
"inst": "u",
"f": {"lang": "akk-x-neoass",
"form": "x",
"pos": "u"}
}
,
{
"node": "l",
"frag": "x",
"id": "P314111.l05772",
"ref": "P314111.4.3",
"inst": "u",
"f": {"lang": "akk-x-neoass",
"form": "x",
"pos": "u"}
}
,
{
"node": "l",
"frag": "x",
"id": "P314111.l05773",
"ref": "P314111.4.4",
"inst": "u",
"f": {"lang": "akk-x-neoass",
"form": "x",
"pos": "u"}
}
,
{
"node": "c",
"type": "phrase",
"tag": "phr",
"id": "P314111.U4",
"ref": "P314111.ls00000",
"cdl": [
{
"node": "l",
"frag": "ina]",
"id": "P314111.l05774",
"ref": "P314111.4.5",
"inst": "ina[in+=to]PRP",
"sig": "@saao/saa15%akk-x-neoass:ina=ina[in//in]PRP'PRP$ina",
"f": {"lang": "akk-x-neoass",
"form": "ina",
"cf": "ina",
"gw": "in",
"sense": "in",
"norm": "ina",
"pos": "PRP",
"epos": "PRP"}
}
,
{
"node": "l",
"frag": "UGU-hi-šu₂",
"id": "P314111.l05775",
"ref": "P314111.4.6",
"inst": "muhhīšu[skull]N",
"sig": "@saao/saa15%akk-x-neoass:UGU-hi-šu₂=muhhu[skull//skull]N'N$muhhīšu",
"f": {"lang": "akk-x-neoass",
"form": "UGU-hi-šu₂",
"cf": "muhhu",
"gw": "skull",
"sense": "skull",
"norm": "muhhīšu",
"pos": "N",
"epos": "N"}
}
]}
,
{
"node": "d",
"type": "line-start",
"ref": "P314111.5",
"n": "3'",
"label": "o 3'"}
,
{
"node": "l",
"frag": "[x",
"id": "P314111.l05776",
"ref": "P314111.5.1",
"inst": "u",
"f": {"lang": "akk-x-neoass",
"form": "x",
"pos": "u"}
}
,
{
"node": "l",
"frag": "x",
"id": "P314111.l05777",
"ref": "P314111.5.2",
"inst": "u",
"f": {"lang": "akk-x-neoass",
"form": "x",
"pos": "u"}
}
,
{
"node": "l",
"frag": "x]",
"id": "P314111.l05778",
"ref": "P314111.5.3",
"inst": "u",
"f": {"lang": "akk-x-neoass",
"form": "x",
"pos": "u"}
}
,
{
"node": "l",
"frag": "ša\\d",
"id": "P314111.l05779",
"ref": "P314111.5.4",
"inst": "ša[whose]REL",
"sig": "@saao/saa15%akk-x-neoass:ša=ša[that//whose]REL'REL$ša",
"f": {"lang": "akk-x-neoass",
"form": "ša",
"cf": "ša",
"gw": "that",
"sense": "whose",
"norm": "ša",
"pos": "REL",
"epos": "REL"}
}
,
{
"node": "l",
"frag": "A₂.2-šu₂",
"id": "P314111.l0577a",
"ref": "P314111.5.5",
"inst": "ahīšu[arm]N",
"sig": "@saao/saa15%akk-x-neoass:A₂.2-šu₂=ahu[arm//arm]N'N$ahīšu",
"f": {"lang": "akk-x-neoass",
"form": "A₂.2-šu₂",
"cf": "ahu",
"gw": "arm",
"sense": "arm",
"norm": "ahīšu",
"pos": "N",
"epos": "N"}
}
,
{
"node": "c",
"type": "phrase",
"tag": "phr",
"id": "P314111.U5",
"ref": "P314111.ls00001",
"cdl": [
{
"node": "l",
"frag": "ina",
"id": "P314111.l0577b",
"ref": "P314111.5.6",
"inst": "ina[in+=there]PRP",
"sig": "@saao/saa15%akk-x-neoass:ina=ina[in//in]PRP'PRP$ina",
"f": {"lang": "akk-x-neoass",
"form": "ina",
"cf": "ina",
"gw": "in",
"sense": "in",
"norm": "ina",
"pos": "PRP",
"epos": "PRP"}
}
,
{
"node": "l",
"frag": "ŠA₃-bi",
"id": "P314111.l0577c",
"ref": "P314111.5.7",
"inst": "libbi[interior]N",
"sig": "@saao/saa15%akk-x-neoass:ŠA₃-bi=libbu[interior//interior]N'N$libbi",
"f": {"lang": "akk-x-neoass",
"form": "ŠA₃-bi",
"cf": "libbu",
"gw": "interior",
"sense": "interior",
"norm": "libbi",
"pos": "N",
"epos": "N"}
}
]}
,
{
"node": "d",
"type": "line-start",
"ref": "P314111.6",
"n": "4'",
"label": "o 4'"}
,
{
"node": "l",
"frag": "[x",
"id": "P314111.l0577d",
"ref": "P314111.6.1",
"inst": "u",
"f": {"lang": "akk-x-neoass",
"form": "x",
"pos": "u"}
}
,
{
"node": "l",
"frag": "x",
"id": "P314111.l0577e",
"ref": "P314111.6.2",
"inst": "u",
"f": {"lang": "akk-x-neoass",
"form": "x",
"pos": "u"}
}
,
{
"node": "l",
"frag": "x]",
"id": "P314111.l0577f",
"ref": "P314111.6.3",
"inst": "u",
"f": {"lang": "akk-x-neoass",
"form": "x",
"pos": "u"}
}
,
{
"node": "l",
"frag": "ni-ih-tu-du",
"id": "P314111.l05780",
"ref": "P314111.6.4",
"inst": "hadû[be(come) joyful//be(come) glad]V$nihtudu",
"sig": "@saao/saa15%akk-x-neoass:ni-ih-tu-du=hadû[be(come) joyful//be(come) glad]V'V$nihtudu",
"f": {"lang": "akk-x-neoass",
"form": "ni-ih-tu-du",
"cf": "hadû",
"gw": "be(come) joyful",
"sense": "be(come) glad",
"norm": "nihtudu",
"pos": "V",
"epos": "V"}
}
,
{
"node": "d",
"type": "line-start",
"ref": "P314111.7",
"n": "5'",
"label": "o 5'"}
,
{
"node": "l",
"frag": "[x",
"id": "P314111.l05781",
"ref": "P314111.7.1",
"inst": "u",
"f": {"lang": "akk-x-neoass",
"form": "x",
"pos": "u"}
}
,
{
"node": "l",
"frag": "x",
"id": "P314111.l05782",
"ref": "P314111.7.2",
"inst": "u",
"f": {"lang": "akk-x-neoass",
"form": "x",
"pos": "u"}
}
,
{
"node": "l",
"frag": "x]+⸢x⸣",
"id": "P314111.l05783",
"ref": "P314111.7.3",
"inst": "u",
"f": {"lang": "akk-x-neoass",
"form": "x+x",
"pos": "u"}
}
,
{
"node": "l",
"frag": "i-ba-aš₂-ši",
"id": "P314111.l05784",
"ref": "P314111.7.4",
"inst": "ibašši[exist]V",
"sig": "@saao/saa15%akk-x-neoass:i-ba-aš₂-ši=bašû[exist//exist]V'V$ibašši",
"f": {"lang": "akk-x-neoass",
"form": "i-ba-aš₂-ši",
"cf": "bašû",
"gw": "exist",
"sense": "exist",
"norm": "ibašši",
"pos": "V",
"epos": "V"}
}
,
{
"node": "d",
"type": "line-start",
"ref": "P314111.8",
"n": "6'",
"label": "o 6'"}
,
{
"node": "l",
"frag": "[x",
"id": "P314111.l05785",
"ref": "P314111.8.1",
"inst": "u",
"f": {"lang": "akk-x-neoass",
"form": "x",
"pos": "u"}
}
,
{
"node": "l",
"frag": "x",
"id": "P314111.l05786",
"ref": "P314111.8.2",
"inst": "u",
"f": {"lang": "akk-x-neoass",
"form": "x",
"pos": "u"}
}
,
{
"node": "l",
"frag": "x",
"id": "P314111.l05787",
"ref": "P314111.8.3",
"inst": "u",
"f": {"lang": "akk-x-neoass",
"form": "x",
"pos": "u"}
}
,
{
"node": "c",
"type": "phrase",
"tag": "phr",
"id": "P314111.U6",
"ref": "P314111.ls00002",
"cdl": [
{
"node": "l",
"frag": "ina]",
"id": "P314111.l05788",
"ref": "P314111.8.4",
"inst": "ina[in+=on]PRP",
"sig": "@saao/saa15%akk-x-neoass:ina=ina[in//in]PRP'PRP$ina",
"f": {"lang": "akk-x-neoass",
"form": "ina",
"cf": "ina",
"gw": "in",
"sense": "in",
"norm": "ina",
"pos": "PRP",
"epos": "PRP"}
}
,
{
"node": "l",
"frag": "UGU-hi-šu₂",
"id": "P314111.l05789",
"ref": "P314111.8.5",
"inst": "muhhīšu[skull]N",
"sig": "@saao/saa15%akk-x-neoass:UGU-hi-šu₂=muhhu[skull//skull]N'N$muhhīšu",
"f": {"lang": "akk-x-neoass",
"form": "UGU-hi-šu₂",
"cf": "muhhu",
"gw": "skull",
"sense": "skull",
"norm": "muhhīšu",
"pos": "N",
"epos": "N"}
}
]}
,
{
"node": "d",
"type": "line-start",
"ref": "P314111.9",
"n": "7'",
"label": "o 7'"}
,
{
"node": "l",
"frag": "[x",
"id": "P314111.l0578a",
"ref": "P314111.9.1",
"inst": "u",
"f": {"lang": "akk-x-neoass",
"form": "x",
"pos": "u"}
}
,
{
"node": "l",
"frag": "x",
"id": "P314111.l0578b",
"ref": "P314111.9.2",
"inst": "u",
"f": {"lang": "akk-x-neoass",
"form": "x",
"pos": "u"}
}
,
{
"node": "l",
"frag": "x",
"id": "P314111.l0578c",
"ref": "P314111.9.3",
"inst": "u",
"f": {"lang": "akk-x-neoass",
"form": "x",
"pos": "u"}
}
,
{
"node": "l",
"frag": "x",
"id": "P314111.l0578d",
"ref": "P314111.9.4",
"inst": "u",
"f": {"lang": "akk-x-neoass",
"form": "x",
"pos": "u"}
}
,
{
"node": "l",
"frag": "x",
"id": "P314111.l0578e",
"ref": "P314111.9.5",
"inst": "u",
"f": {"lang": "akk-x-neoass",
"form": "x",
"pos": "u"}
}
,
{
"node": "l",
"frag": "x]",
"id": "P314111.l0578f",
"ref": "P314111.9.6",
"inst": "u",
"f": {"lang": "akk-x-neoass",
"form": "x",
"pos": "u"}
}
,
{
"node": "l",
"frag": "⸢x",
"id": "P314111.l05790",
"ref": "P314111.9.7",
"inst": "u",
"f": {"lang": "akk-x-neoass",
"form": "x",
"pos": "u"}
}
,
{
"node": "l",
"frag": "x",
"id": "P314111.l05791",
"ref": "P314111.9.8",
"inst": "u",
"f": {"lang": "akk-x-neoass",
"form": "x",
"pos": "u"}
}
,
{
"node": "l",
"frag": "x⸣",
"id": "P314111.l05792",
"ref": "P314111.9.9",
"inst": "u",
"f": {"lang": "akk-x-neoass",
"form": "x",
"pos": "u"}
}
,
{
"node": "d",
"type": "nonx",
"ref": "P314111.10",
"strict": "0",
"extent": "rest",
"state": "missing"}
,
{
"node": "d",
"subtype": "reverse",
"type": "surface",
"ref": "P314111.r.11",
"type": "reverse",
"label": "r"}
,
{
"node": "d",
"type": "nonx",
"ref": "P314111.12",
"strict": "0",
"state": "other"}
]}
]}
]}
,
{
"linkbase": [{
"type": "linkset",
"xlink_title": "ina muhhi[on//about]PRP'PRP",
"id": "P314111.ls00000",
"xlink_type": "extended",
"xlink_role": "psu",
"sig": "{ina[in]PRP muhhu[skull]N += ina muhhi[on//about]PRP'PRP}::@saao%akk-x-neoass:ina=ina[in//into]PRP'PRP$ina++@saao%akk-x-neoass:UGU-hi-šu₂=muhhu[skull//skull]N'N$muhhīšu",
"links": [
{
"type": "link",
"xlink_title": "ina",
"xlink_type": "locator",
"xlink_href": "#P314111.l05774",
"xlink_role": "elt"}
,
{
"type": "link",
"xlink_title": "muhhīšu",
"xlink_type": "locator",
"xlink_href": "#P314111.l05775",
"xlink_role": "elt"}
]}
,
{
"type": "linkset",
"xlink_title": "ina libbi[in//(in exchange) for]PRP'PRP",
"id": "P314111.ls00001",
"xlink_type": "extended",
"xlink_role": "psu",
"sig": "{ina[in]PRP libbu[interior]N += ina libbi[in//(in exchange) for]PRP'PRP}::@saao%akk-x-neoass:ina=ina[in//into]PRP'PRP$ina++@saao%akk-x-neoass:ŠA₃-bi=libbu[interior//interior]N'N$libbi",
"links": [
{
"type": "link",
"xlink_title": "ina",
"xlink_type": "locator",
"xlink_href": "#P314111.l0577b",
"xlink_role": "elt"}
,
{
"type": "link",
"xlink_title": "libbi",
"xlink_type": "locator",
"xlink_href": "#P314111.l0577c",
"xlink_role": "elt"}
]}
,
{
"type": "linkset",
"xlink_title": "ina muhhi[on//about]PRP'PRP",
"id": "P314111.ls00002",
"xlink_type": "extended",
"xlink_role": "psu",
"sig": "{ina[in]PRP muhhu[skull]N += ina muhhi[on//about]PRP'PRP}::@saao%akk-x-neoass:ina=ina[in//into]PRP'PRP$ina++@saao%akk-x-neoass:UGU-hi-šu₂=muhhu[skull//skull]N'N$muhhīšu",
"links": [
{
"type": "link",
"xlink_title": "ina",
"xlink_type": "locator",
"xlink_href": "#P314111.l05788",
"xlink_role": "elt"}
,
{
"type": "link",
"xlink_title": "muhhīšu",
"xlink_type": "locator",
"xlink_href": "#P314111.l05789",
"xlink_role": "elt"}
]}
]}
]}
