{
"type": "cdl",
  "source": "http://oracc.org/saao/saa15",
  "license": "This data is released under the CC0 license",
  "license-url": "https://creativecommons.org/publicdomain/zero/1.0/",
  "more-info": "http://oracc.org/doc/opendata/",
  "UTC-timestamp": "2017-05-19T11:53:40",
"project": "saao/saa15",
"textid": "P334206",
"cdl": [
{
"node": "c",
"type": "text",
"id": "P334206.U0",
"cdl": [
{
"node": "d",
"type": "object",
"ref": ""}
,
{
"node": "d",
"subtype": "obverse",
"type": "surface",
"ref": "P334206.o.1",
"type": "obverse",
"label": "o"}
,
{
"node": "c",
"type": "discourse",
"subtype": "body",
"id": "P334206.U1",
"cdl": [
{
"node": "c",
"type": "sentence",
"id": "P334206.U2",
"label": "o 1 - r 6'",
"cdl": [
{
"node": "d",
"type": "line-start",
"ref": "P334206.2",
"n": "1",
"label": "o 1"}
,
{
"node": "l",
"frag": "[a-na]",
"id": "P334206.l06083",
"ref": "P334206.2.1",
"inst": "ana[to]PRP",
"sig": "@saao/saa15%akk-x-neoass:a-na=ana[to//to]PRP'PRP$ana",
"f": {"lang": "akk-x-neoass",
"form": "a-na",
"cf": "ana",
"gw": "to",
"sense": "to",
"norm": "ana",
"pos": "PRP",
"epos": "PRP"}
}
,
{
"node": "l",
"frag": "LUGAL",
"id": "P334206.l06084",
"ref": "P334206.2.2",
"inst": "šarri[king]N",
"sig": "@saao/saa15%akk-x-neoass:LUGAL=šarru[king//king]N'N$šarri",
"f": {"lang": "akk-x-neoass",
"form": "LUGAL",
"cf": "šarru",
"gw": "king",
"sense": "king",
"norm": "šarri",
"pos": "N",
"epos": "N"}
}
,
{
"node": "l",
"frag": "[be-li₂-ia]",
"id": "P334206.l06085",
"ref": "P334206.2.3",
"inst": "bēlīya[lord]N",
"sig": "@saao/saa15%akk-x-neoass:be-li₂-ia=bēlu[lord//lord]N'N$bēlīya",
"f": {"lang": "akk-x-neoass",
"form": "be-li₂-ia",
"cf": "bēlu",
"gw": "lord",
"sense": "lord",
"norm": "bēlīya",
"pos": "N",
"epos": "N"}
}
,
{
"node": "d",
"type": "line-start",
"ref": "P334206.3",
"n": "2",
"label": "o 2"}
,
{
"node": "l",
"frag": "[ARAD]-ka",
"id": "P334206.l06086",
"ref": "P334206.3.1",
"inst": "urdaka[servant]N",
"sig": "@saao/saa15%akk-x-neoass:ARAD-ka=ardu[slave//servant]N'N$urdaka",
"f": {"lang": "akk-x-neoass",
"form": "ARAD-ka",
"cf": "ardu",
"gw": "slave",
"sense": "servant",
"norm": "urdaka",
"pos": "N",
"epos": "N"}
}
,
{
"node": "l",
"frag": "{1}LUGAL-IGI.[LAL-an-ni]",
"id": "P334206.l06087",
"ref": "P334206.3.2",
"inst": "Šarru-emuranni[1]PN",
"sig": "@saao/saa15%akk-x-neoass:{1}LUGAL-IGI.LAL-an-ni=Šarru-emuranni[1//1]PN'PN$Šarru-emuranni",
"f": {"lang": "akk-x-neoass",
"form": "{1}LUGAL-IGI.LAL-an-ni",
"cf": "Šarru-emuranni",
"gw": "1",
"sense": "1",
"norm": "Šarru-emuranni",
"pos": "PN",
"epos": "PN"}
}
,
{
"node": "d",
"type": "line-start",
"ref": "P334206.4",
"n": "3",
"label": "o 3"}
,
{
"node": "l",
"frag": "lu-u",
"id": "P334206.l06088",
"ref": "P334206.4.1",
"inst": "lū[may]MOD",
"sig": "@saao/saa15%akk-x-neoass:lu-u=lū[may//may]MOD'MOD$lū",
"f": {"lang": "akk-x-neoass",
"form": "lu-u",
"cf": "lū",
"gw": "may",
"sense": "may",
"norm": "lū",
"pos": "MOD",
"epos": "MOD"}
}
,
{
"node": "l",
"frag": "DI-mu",
"id": "P334206.l06089",
"ref": "P334206.4.2",
"inst": "šulmu[health]N",
"sig": "@saao/saa15%akk-x-neoass:DI-mu=šulmu[completeness//health]N'N$šulmu",
"f": {"lang": "akk-x-neoass",
"form": "DI-mu",
"cf": "šulmu",
"gw": "completeness",
"sense": "health",
"norm": "šulmu",
"pos": "N",
"epos": "N"}
}
,
{
"node": "l",
"frag": "a-na",
"id": "P334206.l0608a",
"ref": "P334206.4.3",
"inst": "ana[to]PRP",
"sig": "@saao/saa15%akk-x-neoass:a-na=ana[to//to]PRP'PRP$ana",
"f": {"lang": "akk-x-neoass",
"form": "a-na",
"cf": "ana",
"gw": "to",
"sense": "to",
"norm": "ana",
"pos": "PRP",
"epos": "PRP"}
}
,
{
"node": "l",
"frag": "LUGAL",
"id": "P334206.l0608b",
"ref": "P334206.4.4",
"inst": "šarri[king]N",
"sig": "@saao/saa15%akk-x-neoass:LUGAL=šarru[king//king]N'N$šarri",
"f": {"lang": "akk-x-neoass",
"form": "LUGAL",
"cf": "šarru",
"gw": "king",
"sense": "king",
"norm": "šarri",
"pos": "N",
"epos": "N"}
}
,
{
"node": "l",
"frag": "EN-[ia]",
"id": "P334206.l0608c",
"ref": "P334206.4.5",
"inst": "bēlīya[lord]N",
"sig": "@saao/saa15%akk-x-neoass:EN-ia=bēlu[lord//lord]N'N$bēlīya",
"f": {"lang": "akk-x-neoass",
"form": "EN-ia",
"cf": "bēlu",
"gw": "lord",
"sense": "lord",
"norm": "bēlīya",
"pos": "N",
"epos": "N"}
}
,
{
"node": "d",
"type": "line-start",
"ref": "P334206.5",
"n": "4",
"label": "o 4"}
,
{
"node": "l",
"frag": "DI-mu",
"id": "P334206.l0608d",
"ref": "P334206.5.1",
"inst": "šulmu[health]N",
"sig": "@saao/saa15%akk-x-neoass:DI-mu=šulmu[completeness//health]N'N$šulmu",
"f": {"lang": "akk-x-neoass",
"form": "DI-mu",
"cf": "šulmu",
"gw": "completeness",
"sense": "health",
"norm": "šulmu",
"pos": "N",
"epos": "N"}
}
,
{
"node": "l",
"frag": "a-na",
"id": "P334206.l0608e",
"ref": "P334206.5.2",
"inst": "ana[to]PRP",
"sig": "@saao/saa15%akk-x-neoass:a-na=ana[to//to]PRP'PRP$ana",
"f": {"lang": "akk-x-neoass",
"form": "a-na",
"cf": "ana",
"gw": "to",
"sense": "to",
"norm": "ana",
"pos": "PRP",
"epos": "PRP"}
}
,
{
"node": "l",
"frag": "{uru}HAL.ṢU-MEŠ",
"id": "P334206.l0608f",
"ref": "P334206.5.3",
"inst": "bīrāti[fort]N",
"sig": "@saao/saa15%akk-x-neoass:{URU}HAL.ṢU-MEŠ=birtu[fort//fort]N'N$bīrāti",
"f": {"lang": "akk-x-neoass",
"form": "{URU}HAL.ṢU-MEŠ",
"cf": "birtu",
"gw": "fort",
"sense": "fort",
"norm": "bīrāti",
"pos": "N",
"epos": "N"}
}
,
{
"node": "l",
"frag": "ša",
"id": "P334206.l06090",
"ref": "P334206.5.4",
"inst": "ša[of]DET",
"sig": "@saao/saa15%akk-x-neoass:ša=ša[of//of]DET'DET$ša",
"f": {"lang": "akk-x-neoass",
"form": "ša",
"cf": "ša",
"gw": "of",
"sense": "of",
"norm": "ša",
"pos": "DET",
"epos": "DET"}
}
,
{
"node": "l",
"frag": "[LUGAL",
"id": "P334206.l06091",
"ref": "P334206.5.5",
"inst": "šarri[king]N",
"sig": "@saao/saa15%akk-x-neoass:LUGAL=šarru[king//king]N'N$šarri",
"f": {"lang": "akk-x-neoass",
"form": "LUGAL",
"cf": "šarru",
"gw": "king",
"sense": "king",
"norm": "šarri",
"pos": "N",
"epos": "N"}
}
,
{
"node": "l",
"frag": "EN-ia]",
"id": "P334206.l06092",
"ref": "P334206.5.6",
"inst": "bēlīya[lord]N",
"sig": "@saao/saa15%akk-x-neoass:EN-ia=bēlu[lord//lord]N'N$bēlīya",
"f": {"lang": "akk-x-neoass",
"form": "EN-ia",
"cf": "bēlu",
"gw": "lord",
"sense": "lord",
"norm": "bēlīya",
"pos": "N",
"epos": "N"}
}
,
{
"node": "d",
"type": "line-start",
"ref": "P334206.6",
"n": "5",
"label": "o 5"}
,
{
"node": "l",
"frag": "{1}du-ʾa-a-⸢ni-{d⸣}15",
"id": "P334206.l06093",
"ref": "P334206.6.1",
"inst": "Duʾani-Issar[1]PN$",
"sig": "@saao/saa15%akk-x-neoass:{1}du-ʾa-a-ni-{d}15=Duʾani-Issar[1//1]PN'PN$Duʾani-Issar",
"f": {"lang": "akk-x-neoass",
"form": "{1}du-ʾa-a-ni-{d}15",
"cf": "Duʾani-Issar",
"gw": "1",
"sense": "1",
"norm": "Duʾani-Issar",
"pos": "PN",
"epos": "PN"}
}
,
{
"node": "l",
"frag": "{⸢lu₂v⸣}[x",
"id": "P334206.l06094",
"ref": "P334206.6.2",
"inst": "u",
"f": {"lang": "akk-x-neoass",
"form": "{LU₂}x",
"pos": "u"}
}
,
{
"node": "l",
"frag": "x]",
"id": "P334206.l06095",
"ref": "P334206.6.3",
"inst": "u",
"f": {"lang": "akk-x-neoass",
"form": "x",
"pos": "u"}
}
,
{
"node": "d",
"type": "line-start",
"ref": "P334206.7",
"n": "6",
"label": "o 6"}
,
{
"node": "l",
"frag": "⸢ša⸣",
"id": "P334206.l06096",
"ref": "P334206.7.1",
"inst": "ša[who]REL",
"sig": "@saao/saa15%akk-x-neoass:ša=ša[that//who]REL'REL$ša",
"f": {"lang": "akk-x-neoass",
"form": "ša",
"cf": "ša",
"gw": "that",
"sense": "who",
"norm": "ša",
"pos": "REL",
"epos": "REL"}
}
,
{
"node": "l",
"frag": "LUGAL",
"id": "P334206.l06097",
"ref": "P334206.7.2",
"inst": "šarru[king]N",
"sig": "@saao/saa15%akk-x-neoass:LUGAL=šarru[king//king]N'N$šarru",
"f": {"lang": "akk-x-neoass",
"form": "LUGAL",
"cf": "šarru",
"gw": "king",
"sense": "king",
"norm": "šarru",
"pos": "N",
"epos": "N"}
}
,
{
"node": "l",
"frag": "[be-li]",
"id": "P334206.l06098",
"ref": "P334206.7.3",
"inst": "bēlī[lord]N",
"sig": "@saao/saa15%akk-x-neoass:be-li=bēlu[lord//lord]N'N$bēlī",
"f": {"lang": "akk-x-neoass",
"form": "be-li",
"cf": "bēlu",
"gw": "lord",
"sense": "lord",
"norm": "bēlī",
"pos": "N",
"epos": "N"}
}
,
{
"node": "l",
"frag": "iš-[pur-an-ni]",
"id": "P334206.l06099",
"ref": "P334206.7.4",
"inst": "išpuranni[write]V",
"sig": "@saao/saa15%akk-x-neoass:iš-pur-an-ni=šapāru[send//write]V'V$išpuranni",
"f": {"lang": "akk-x-neoass",
"form": "iš-pur-an-ni",
"cf": "šapāru",
"gw": "send",
"sense": "write",
"norm": "išpuranni",
"pos": "V",
"epos": "V"}
}
,
{
"node": "d",
"type": "line-start",
"ref": "P334206.8",
"n": "7",
"label": "o 7"}
,
{
"node": "l",
"frag": "[x",
"id": "P334206.l0609a",
"ref": "P334206.8.1",
"inst": "u",
"f": {"lang": "akk-x-neoass",
"form": "x",
"pos": "u"}
}
,
{
"node": "l",
"frag": "x",
"id": "P334206.l0609b",
"ref": "P334206.8.2",
"inst": "u",
"f": {"lang": "akk-x-neoass",
"form": "x",
"pos": "u"}
}
,
{
"node": "l",
"frag": "x",
"id": "P334206.l0609c",
"ref": "P334206.8.3",
"inst": "u",
"f": {"lang": "akk-x-neoass",
"form": "x",
"pos": "u"}
}
,
{
"node": "l",
"frag": "x",
"id": "P334206.l0609d",
"ref": "P334206.8.4",
"inst": "u",
"f": {"lang": "akk-x-neoass",
"form": "x",
"pos": "u"}
}
,
{
"node": "l",
"frag": "x]",
"id": "P334206.l0609e",
"ref": "P334206.8.5",
"inst": "u",
"f": {"lang": "akk-x-neoass",
"form": "x",
"pos": "u"}
}
,
{
"node": "l",
"frag": "te",
"id": "P334206.l0609f",
"ref": "P334206.8.6",
"inst": "u",
"f": {"lang": "akk-x-neoass",
"form": "te",
"pos": "u"}
}
,
{
"node": "l",
"frag": "[x",
"id": "P334206.l060a0",
"ref": "P334206.8.7",
"inst": "u",
"f": {"lang": "akk-x-neoass",
"form": "x",
"pos": "u"}
}
,
{
"node": "l",
"frag": "x]",
"id": "P334206.l060a1",
"ref": "P334206.8.8",
"inst": "u",
"f": {"lang": "akk-x-neoass",
"form": "x",
"pos": "u"}
}
,
{
"node": "d",
"type": "line-start",
"ref": "P334206.9",
"n": "8",
"label": "o 8"}
,
{
"node": "l",
"frag": "[x",
"id": "P334206.l060a2",
"ref": "P334206.9.1",
"inst": "u",
"f": {"lang": "akk-x-neoass",
"form": "x",
"pos": "u"}
}
,
{
"node": "l",
"frag": "x",
"id": "P334206.l060a3",
"ref": "P334206.9.2",
"inst": "u",
"f": {"lang": "akk-x-neoass",
"form": "x",
"pos": "u"}
}
,
{
"node": "l",
"frag": "x",
"id": "P334206.l060a4",
"ref": "P334206.9.3",
"inst": "u",
"f": {"lang": "akk-x-neoass",
"form": "x",
"pos": "u"}
}
,
{
"node": "l",
"frag": "x",
"id": "P334206.l060a5",
"ref": "P334206.9.4",
"inst": "u",
"f": {"lang": "akk-x-neoass",
"form": "x",
"pos": "u"}
}
,
{
"node": "l",
"frag": "x]+⸢x⸣",
"id": "P334206.l060a6",
"ref": "P334206.9.5",
"inst": "u",
"f": {"lang": "akk-x-neoass",
"form": "x+x",
"pos": "u"}
}
,
{
"node": "l",
"frag": "ša\\ydm",
"id": "P334206.l060a7",
"ref": "P334206.9.6",
"inst": "u",
"f": {"lang": "akk-x-neoass",
"form": "ša",
"pos": "u"}
}
,
{
"node": "l",
"frag": "⸢x⸣+[x",
"id": "P334206.l060a8",
"ref": "P334206.9.7",
"inst": "u",
"f": {"lang": "akk-x-neoass",
"form": "x+x",
"pos": "u"}
}
,
{
"node": "l",
"frag": "x]",
"id": "P334206.l060a9",
"ref": "P334206.9.8",
"inst": "u",
"f": {"lang": "akk-x-neoass",
"form": "x",
"pos": "u"}
}
,
{
"node": "d",
"type": "line-start",
"ref": "P334206.10",
"n": "9",
"label": "o 9"}
,
{
"node": "l",
"frag": "[x",
"id": "P334206.l060aa",
"ref": "P334206.10.1",
"inst": "u",
"f": {"lang": "akk-x-neoass",
"form": "x",
"pos": "u"}
}
,
{
"node": "l",
"frag": "x",
"id": "P334206.l060ab",
"ref": "P334206.10.2",
"inst": "u",
"f": {"lang": "akk-x-neoass",
"form": "x",
"pos": "u"}
}
,
{
"node": "l",
"frag": "x",
"id": "P334206.l060ac",
"ref": "P334206.10.3",
"inst": "u",
"f": {"lang": "akk-x-neoass",
"form": "x",
"pos": "u"}
}
,
{
"node": "l",
"frag": "x",
"id": "P334206.l060ad",
"ref": "P334206.10.4",
"inst": "u",
"f": {"lang": "akk-x-neoass",
"form": "x",
"pos": "u"}
}
,
{
"node": "l",
"frag": "x]",
"id": "P334206.l060ae",
"ref": "P334206.10.5",
"inst": "u",
"f": {"lang": "akk-x-neoass",
"form": "x",
"pos": "u"}
}
,
{
"node": "l",
"frag": "{lu₂vy}[x",
"id": "P334206.l060af",
"ref": "P334206.10.6",
"inst": "u",
"f": {"lang": "akk-x-neoass",
"form": "{LU₂}x",
"pos": "u"}
}
,
{
"node": "l",
"frag": "x",
"id": "P334206.l060b0",
"ref": "P334206.10.7",
"inst": "u",
"f": {"lang": "akk-x-neoass",
"form": "x",
"pos": "u"}
}
,
{
"node": "l",
"frag": "x]",
"id": "P334206.l060b1",
"ref": "P334206.10.8",
"inst": "u",
"f": {"lang": "akk-x-neoass",
"form": "x",
"pos": "u"}
}
,
{
"node": "d",
"type": "line-start",
"ref": "P334206.11",
"n": "10",
"label": "o 10"}
,
{
"node": "l",
"frag": "[x",
"id": "P334206.l060b2",
"ref": "P334206.11.1",
"inst": "u",
"f": {"lang": "akk-x-neoass",
"form": "x",
"pos": "u"}
}
,
{
"node": "l",
"frag": "x",
"id": "P334206.l060b3",
"ref": "P334206.11.2",
"inst": "u",
"f": {"lang": "akk-x-neoass",
"form": "x",
"pos": "u"}
}
,
{
"node": "l",
"frag": "x",
"id": "P334206.l060b4",
"ref": "P334206.11.3",
"inst": "u",
"f": {"lang": "akk-x-neoass",
"form": "x",
"pos": "u"}
}
,
{
"node": "l",
"frag": "x",
"id": "P334206.l060b5",
"ref": "P334206.11.4",
"inst": "u",
"f": {"lang": "akk-x-neoass",
"form": "x",
"pos": "u"}
}
,
{
"node": "l",
"frag": "x]",
"id": "P334206.l060b6",
"ref": "P334206.11.5",
"inst": "u",
"f": {"lang": "akk-x-neoass",
"form": "x",
"pos": "u"}
}
,
{
"node": "l",
"frag": "nu",
"id": "P334206.l060b7",
"ref": "P334206.11.6",
"inst": "u",
"f": {"lang": "akk-x-neoass",
"form": "nu",
"pos": "u"}
}
,
{
"node": "l",
"frag": "⸢x⸣+[x",
"id": "P334206.l060b8",
"ref": "P334206.11.7",
"inst": "u",
"f": {"lang": "akk-x-neoass",
"form": "x+x",
"pos": "u"}
}
,
{
"node": "l",
"frag": "x",
"id": "P334206.l060b9",
"ref": "P334206.11.8",
"inst": "u",
"f": {"lang": "akk-x-neoass",
"form": "x",
"pos": "u"}
}
,
{
"node": "l",
"frag": "x]",
"id": "P334206.l060ba",
"ref": "P334206.11.9",
"inst": "u",
"f": {"lang": "akk-x-neoass",
"form": "x",
"pos": "u"}
}
,
{
"node": "d",
"type": "line-start",
"ref": "P334206.12",
"n": "11",
"label": "o 11"}
,
{
"node": "l",
"frag": "[x",
"id": "P334206.l060bb",
"ref": "P334206.12.1",
"inst": "u",
"f": {"lang": "akk-x-neoass",
"form": "x",
"pos": "u"}
}
,
{
"node": "l",
"frag": "x",
"id": "P334206.l060bc",
"ref": "P334206.12.2",
"inst": "u",
"f": {"lang": "akk-x-neoass",
"form": "x",
"pos": "u"}
}
,
{
"node": "l",
"frag": "x",
"id": "P334206.l060bd",
"ref": "P334206.12.3",
"inst": "u",
"f": {"lang": "akk-x-neoass",
"form": "x",
"pos": "u"}
}
,
{
"node": "l",
"frag": "x",
"id": "P334206.l060be",
"ref": "P334206.12.4",
"inst": "u",
"f": {"lang": "akk-x-neoass",
"form": "x",
"pos": "u"}
}
,
{
"node": "l",
"frag": "x]+⸢x⸣",
"id": "P334206.l060bf",
"ref": "P334206.12.5",
"inst": "u",
"f": {"lang": "akk-x-neoass",
"form": "x+x",
"pos": "u"}
}
,
{
"node": "l",
"frag": "te",
"id": "P334206.l060c0",
"ref": "P334206.12.6",
"inst": "u",
"f": {"lang": "akk-x-neoass",
"form": "te",
"pos": "u"}
}
,
{
"node": "l",
"frag": "01",
"id": "P334206.l060c1",
"ref": "P334206.12.7",
"inst": "n",
"f": {"lang": "akk-x-neoass",
"form": "01",
"pos": "n"}
}
,
{
"node": "l",
"frag": "[x",
"id": "P334206.l060c2",
"ref": "P334206.12.8",
"inst": "u",
"f": {"lang": "akk-x-neoass",
"form": "x",
"pos": "u"}
}
,
{
"node": "l",
"frag": "x",
"id": "P334206.l060c3",
"ref": "P334206.12.9",
"inst": "u",
"f": {"lang": "akk-x-neoass",
"form": "x",
"pos": "u"}
}
,
{
"node": "l",
"frag": "x]",
"id": "P334206.l060c4",
"ref": "P334206.12.10",
"inst": "u",
"f": {"lang": "akk-x-neoass",
"form": "x",
"pos": "u"}
}
,
{
"node": "d",
"type": "nonx",
"ref": "P334206.13",
"strict": "0",
"extent": "rest",
"state": "missing"}
,
{
"node": "d",
"subtype": "reverse",
"type": "surface",
"ref": "P334206.r.14",
"type": "reverse",
"label": "r"}
,
{
"node": "d",
"type": "nonx",
"ref": "P334206.15",
"strict": "0",
"extent": "beginning",
"state": "missing"}
,
{
"node": "d",
"type": "line-start",
"ref": "P334206.16",
"n": "1'",
"label": "r 1'"}
,
{
"node": "l",
"frag": "[x",
"id": "P334206.l060c5",
"ref": "P334206.16.1",
"inst": "u",
"f": {"lang": "akk-x-neoass",
"form": "x",
"pos": "u"}
}
,
{
"node": "l",
"frag": "x",
"id": "P334206.l060c6",
"ref": "P334206.16.2",
"inst": "u",
"f": {"lang": "akk-x-neoass",
"form": "x",
"pos": "u"}
}
,
{
"node": "l",
"frag": "x]+⸢x⸣+[x",
"id": "P334206.l060c7",
"ref": "P334206.16.3",
"inst": "u",
"f": {"lang": "akk-x-neoass",
"form": "x+x+x",
"pos": "u"}
}
,
{
"node": "l",
"frag": "x",
"id": "P334206.l060c8",
"ref": "P334206.16.4",
"inst": "u",
"f": {"lang": "akk-x-neoass",
"form": "x",
"pos": "u"}
}
,
{
"node": "l",
"frag": "x]",
"id": "P334206.l060c9",
"ref": "P334206.16.5",
"inst": "u",
"f": {"lang": "akk-x-neoass",
"form": "x",
"pos": "u"}
}
,
{
"node": "d",
"type": "line-start",
"ref": "P334206.17",
"n": "2'",
"label": "r 2'"}
,
{
"node": "l",
"frag": "[x",
"id": "P334206.l060ca",
"ref": "P334206.17.1",
"inst": "u",
"f": {"lang": "akk-x-neoass",
"form": "x",
"pos": "u"}
}
,
{
"node": "l",
"frag": "x",
"id": "P334206.l060cb",
"ref": "P334206.17.2",
"inst": "u",
"f": {"lang": "akk-x-neoass",
"form": "x",
"pos": "u"}
}
,
{
"node": "l",
"frag": "x]",
"id": "P334206.l060cc",
"ref": "P334206.17.3",
"inst": "u",
"f": {"lang": "akk-x-neoass",
"form": "x",
"pos": "u"}
}
,
{
"node": "l",
"frag": "{lu₂v}02-u₂",
"id": "P334206.l060cd",
"ref": "P334206.17.4",
"inst": "šaniu[deputy]'N",
"sig": "@saao/saa15%akk-x-neoass:{LU₂}02-u₂=šanû[second//deputy]NU'N$šaniu",
"f": {"lang": "akk-x-neoass",
"form": "{LU₂}02-u₂",
"cf": "šanû",
"gw": "second",
"sense": "deputy",
"norm": "šaniu",
"pos": "NU",
"epos": "N"}
}
,
{
"node": "l",
"frag": "[x",
"id": "P334206.l060ce",
"ref": "P334206.17.5",
"inst": "u",
"f": {"lang": "akk-x-neoass",
"form": "x",
"pos": "u"}
}
,
{
"node": "l",
"frag": "x",
"id": "P334206.l060cf",
"ref": "P334206.17.6",
"inst": "u",
"f": {"lang": "akk-x-neoass",
"form": "x",
"pos": "u"}
}
,
{
"node": "l",
"frag": "x",
"id": "P334206.l060d0",
"ref": "P334206.17.7",
"inst": "u",
"f": {"lang": "akk-x-neoass",
"form": "x",
"pos": "u"}
}
,
{
"node": "l",
"frag": "x",
"id": "P334206.l060d1",
"ref": "P334206.17.8",
"inst": "u",
"f": {"lang": "akk-x-neoass",
"form": "x",
"pos": "u"}
}
,
{
"node": "l",
"frag": "x]",
"id": "P334206.l060d2",
"ref": "P334206.17.9",
"inst": "u",
"f": {"lang": "akk-x-neoass",
"form": "x",
"pos": "u"}
}
,
{
"node": "d",
"type": "line-start",
"ref": "P334206.18",
"n": "3'",
"label": "r 3'"}
,
{
"node": "l",
"frag": "[x",
"id": "P334206.l060d3",
"ref": "P334206.18.1",
"inst": "u",
"f": {"lang": "akk-x-neoass",
"form": "x",
"pos": "u"}
}
,
{
"node": "l",
"frag": "x]",
"id": "P334206.l060d4",
"ref": "P334206.18.2",
"inst": "u",
"f": {"lang": "akk-x-neoass",
"form": "x",
"pos": "u"}
}
,
{
"node": "l",
"frag": "ŠU.2-šu₂",
"id": "P334206.l060d5",
"ref": "P334206.18.3",
"inst": "qātīšu[hand]N",
"sig": "@saao/saa15%akk-x-neoass:ŠU.2-šu₂=qātu[hand//hand]N'N$qātīšu",
"f": {"lang": "akk-x-neoass",
"form": "ŠU.2-šu₂",
"cf": "qātu",
"gw": "hand",
"sense": "hand",
"norm": "qātīšu",
"pos": "N",
"epos": "N"}
}
,
{
"node": "l",
"frag": "la",
"id": "P334206.l060d6",
"ref": "P334206.18.4",
"inst": "lā[not]MOD",
"sig": "@saao/saa15%akk-x-neoass:la=lā[not//not]MOD'MOD$lā",
"f": {"lang": "akk-x-neoass",
"form": "la",
"cf": "lā",
"gw": "not",
"sense": "not",
"norm": "lā",
"pos": "MOD",
"epos": "MOD"}
}
,
{
"node": "l",
"frag": "[x",
"id": "P334206.l060d7",
"ref": "P334206.18.5",
"inst": "u",
"f": {"lang": "akk-x-neoass",
"form": "x",
"pos": "u"}
}
,
{
"node": "l",
"frag": "x",
"id": "P334206.l060d8",
"ref": "P334206.18.6",
"inst": "u",
"f": {"lang": "akk-x-neoass",
"form": "x",
"pos": "u"}
}
,
{
"node": "l",
"frag": "x",
"id": "P334206.l060d9",
"ref": "P334206.18.7",
"inst": "u",
"f": {"lang": "akk-x-neoass",
"form": "x",
"pos": "u"}
}
,
{
"node": "l",
"frag": "x",
"id": "P334206.l060da",
"ref": "P334206.18.8",
"inst": "u",
"f": {"lang": "akk-x-neoass",
"form": "x",
"pos": "u"}
}
,
{
"node": "l",
"frag": "x]",
"id": "P334206.l060db",
"ref": "P334206.18.9",
"inst": "u",
"f": {"lang": "akk-x-neoass",
"form": "x",
"pos": "u"}
}
,
{
"node": "d",
"type": "line-start",
"ref": "P334206.19",
"n": "4'",
"label": "r 4'"}
,
{
"node": "l",
"frag": "[a]-⸢ta⸣-a",
"id": "P334206.l060dc",
"ref": "P334206.19.1",
"inst": "atâ[why?]QP",
"sig": "@saao/saa15%akk-x-neoass:a-ta-a=atā[why?//why?]QP'QP$atâ",
"f": {"lang": "akk-x-neoass",
"form": "a-ta-a",
"cf": "atā",
"gw": "why?",
"sense": "why?",
"norm": "atâ",
"pos": "QP",
"epos": "QP"}
}
,
{
"node": "l",
"frag": "ina",
"id": "P334206.l060dd",
"ref": "P334206.19.2",
"inst": "ina[in]PRP",
"sig": "@saao/saa15%akk-x-neoass:ina=ina[in//in]PRP'PRP$ina",
"f": {"lang": "akk-x-neoass",
"form": "ina",
"cf": "ina",
"gw": "in",
"sense": "in",
"norm": "ina",
"pos": "PRP",
"epos": "PRP"}
}
,
{
"node": "l",
"frag": "[x",
"id": "P334206.l060de",
"ref": "P334206.19.3",
"inst": "u",
"f": {"lang": "akk-x-neoass",
"form": "x",
"pos": "u"}
}
,
{
"node": "l",
"frag": "x",
"id": "P334206.l060df",
"ref": "P334206.19.4",
"inst": "u",
"f": {"lang": "akk-x-neoass",
"form": "x",
"pos": "u"}
}
,
{
"node": "l",
"frag": "x",
"id": "P334206.l060e0",
"ref": "P334206.19.5",
"inst": "u",
"f": {"lang": "akk-x-neoass",
"form": "x",
"pos": "u"}
}
,
{
"node": "l",
"frag": "x",
"id": "P334206.l060e1",
"ref": "P334206.19.6",
"inst": "u",
"f": {"lang": "akk-x-neoass",
"form": "x",
"pos": "u"}
}
,
{
"node": "l",
"frag": "x",
"id": "P334206.l060e2",
"ref": "P334206.19.7",
"inst": "u",
"f": {"lang": "akk-x-neoass",
"form": "x",
"pos": "u"}
}
,
{
"node": "l",
"frag": "x]",
"id": "P334206.l060e3",
"ref": "P334206.19.8",
"inst": "u",
"f": {"lang": "akk-x-neoass",
"form": "x",
"pos": "u"}
}
,
{
"node": "d",
"type": "line-start",
"ref": "P334206.20",
"n": "5'",
"label": "r 5'"}
,
{
"node": "l",
"frag": "[x",
"id": "P334206.l060e4",
"ref": "P334206.20.1",
"inst": "u",
"f": {"lang": "akk-x-neoass",
"form": "x",
"pos": "u"}
}
,
{
"node": "l",
"frag": "x]",
"id": "P334206.l060e5",
"ref": "P334206.20.2",
"inst": "u",
"f": {"lang": "akk-x-neoass",
"form": "x",
"pos": "u"}
}
,
{
"node": "l",
"frag": "ket-tu",
"id": "P334206.l060e6",
"ref": "P334206.20.3",
"inst": "kittu[truth//truly]N'AV$kettu",
"sig": "@saao/saa15%akk-x-neoass:ket-tu=kittu[truth//truly]N'AV$kettu",
"f": {"lang": "akk-x-neoass",
"form": "ket-tu",
"cf": "kittu",
"gw": "truth",
"sense": "truly",
"norm": "kettu",
"pos": "N",
"epos": "AV"}
}
,
{
"node": "l",
"frag": "[x",
"id": "P334206.l060e7",
"ref": "P334206.20.4",
"inst": "u",
"f": {"lang": "akk-x-neoass",
"form": "x",
"pos": "u"}
}
,
{
"node": "l",
"frag": "x",
"id": "P334206.l060e8",
"ref": "P334206.20.5",
"inst": "u",
"f": {"lang": "akk-x-neoass",
"form": "x",
"pos": "u"}
}
,
{
"node": "l",
"frag": "x",
"id": "P334206.l060e9",
"ref": "P334206.20.6",
"inst": "u",
"f": {"lang": "akk-x-neoass",
"form": "x",
"pos": "u"}
}
,
{
"node": "l",
"frag": "x",
"id": "P334206.l060ea",
"ref": "P334206.20.7",
"inst": "u",
"f": {"lang": "akk-x-neoass",
"form": "x",
"pos": "u"}
}
,
{
"node": "l",
"frag": "x",
"id": "P334206.l060eb",
"ref": "P334206.20.8",
"inst": "u",
"f": {"lang": "akk-x-neoass",
"form": "x",
"pos": "u"}
}
,
{
"node": "l",
"frag": "x]",
"id": "P334206.l060ec",
"ref": "P334206.20.9",
"inst": "u",
"f": {"lang": "akk-x-neoass",
"form": "x",
"pos": "u"}
}
,
{
"node": "d",
"type": "line-start",
"ref": "P334206.21",
"n": "6'",
"label": "r 6'"}
,
{
"node": "l",
"frag": "[x",
"id": "P334206.l060ed",
"ref": "P334206.21.1",
"inst": "u",
"f": {"lang": "akk-x-neoass",
"form": "x",
"pos": "u"}
}
,
{
"node": "l",
"frag": "x",
"id": "P334206.l060ee",
"ref": "P334206.21.2",
"inst": "u",
"f": {"lang": "akk-x-neoass",
"form": "x",
"pos": "u"}
}
,
{
"node": "l",
"frag": "x",
"id": "P334206.l060ef",
"ref": "P334206.21.3",
"inst": "u",
"f": {"lang": "akk-x-neoass",
"form": "x",
"pos": "u"}
}
,
{
"node": "l",
"frag": "x]",
"id": "P334206.l060f0",
"ref": "P334206.21.4",
"inst": "u",
"f": {"lang": "akk-x-neoass",
"form": "x",
"pos": "u"}
}
,
{
"node": "l",
"frag": "⸢x",
"id": "P334206.l060f1",
"ref": "P334206.21.5",
"inst": "u",
"f": {"lang": "akk-x-neoass",
"form": "x",
"pos": "u"}
}
,
{
"node": "l",
"frag": "x",
"id": "P334206.l060f2",
"ref": "P334206.21.6",
"inst": "u",
"f": {"lang": "akk-x-neoass",
"form": "x",
"pos": "u"}
}
,
{
"node": "l",
"frag": "x⸣+[x",
"id": "P334206.l060f3",
"ref": "P334206.21.7",
"inst": "u",
"f": {"lang": "akk-x-neoass",
"form": "x+x",
"pos": "u"}
}
,
{
"node": "l",
"frag": "x",
"id": "P334206.l060f4",
"ref": "P334206.21.8",
"inst": "u",
"f": {"lang": "akk-x-neoass",
"form": "x",
"pos": "u"}
}
,
{
"node": "l",
"frag": "x",
"id": "P334206.l060f5",
"ref": "P334206.21.9",
"inst": "u",
"f": {"lang": "akk-x-neoass",
"form": "x",
"pos": "u"}
}
,
{
"node": "l",
"frag": "x]",
"id": "P334206.l060f6",
"ref": "P334206.21.10",
"inst": "u",
"f": {"lang": "akk-x-neoass",
"form": "x",
"pos": "u"}
}
,
{
"node": "d",
"type": "nonx",
"ref": "P334206.22",
"strict": "0",
"extent": "rest",
"state": "other"}
]}
]}
]}
]}
