{
"type": "cdl",
  "source": "http://oracc.org/saao/saa15",
  "license": "This data is released under the CC0 license",
  "license-url": "https://creativecommons.org/publicdomain/zero/1.0/",
  "more-info": "http://oracc.org/doc/opendata/",
  "UTC-timestamp": "2017-05-19T11:53:45",
"project": "saao/saa15",
"textid": "P334540",
"cdl": [
{
"node": "c",
"type": "text",
"id": "P334540.U0",
"cdl": [
{
"node": "d",
"type": "object",
"ref": ""}
,
{
"node": "d",
"subtype": "obverse",
"type": "surface",
"ref": "P334540.o.1",
"type": "obverse",
"label": "o"}
,
{
"node": "c",
"type": "discourse",
"subtype": "body",
"id": "P334540.U1",
"cdl": [
{
"node": "c",
"type": "sentence",
"id": "P334540.U2",
"label": "o 1 - r 11",
"cdl": [
{
"node": "d",
"type": "line-start",
"ref": "P334540.2",
"n": "1",
"label": "o 1"}
,
{
"node": "l",
"frag": "[a-na]",
"id": "P334540.l059de",
"ref": "P334540.2.1",
"inst": "ana[to]PRP",
"sig": "@saao/saa15%akk-x-neoass:a-na=ana[to//to]PRP'PRP$ana",
"f": {"lang": "akk-x-neoass",
"form": "a-na",
"cf": "ana",
"gw": "to",
"sense": "to",
"norm": "ana",
"pos": "PRP",
"epos": "PRP"}
}
,
{
"node": "l",
"frag": "⸢LUGAL⸣",
"id": "P334540.l059df",
"ref": "P334540.2.2",
"inst": "šarri[king]N",
"sig": "@saao/saa15%akk-x-neoass:LUGAL=šarru[king//king]N'N$šarri",
"f": {"lang": "akk-x-neoass",
"form": "LUGAL",
"cf": "šarru",
"gw": "king",
"sense": "king",
"norm": "šarri",
"pos": "N",
"epos": "N"}
}
,
{
"node": "l",
"frag": "be-li₂-ia₂",
"id": "P334540.l059e0",
"ref": "P334540.2.3",
"inst": "bēlīya[lord]N",
"sig": "@saao/saa15%akk-x-neoass:be-li₂-ia₂=bēlu[lord//lord]N'N$bēlīya",
"f": {"lang": "akk-x-neoass",
"form": "be-li₂-ia₂",
"cf": "bēlu",
"gw": "lord",
"sense": "lord",
"norm": "bēlīya",
"pos": "N",
"epos": "N"}
}
,
{
"node": "d",
"type": "line-start",
"ref": "P334540.3",
"n": "2",
"label": "o 2"}
,
{
"node": "l",
"frag": "[ARAD]-⸢ka⸣",
"id": "P334540.l059e1",
"ref": "P334540.3.1",
"inst": "urdaka[servant]N",
"sig": "@saao/saa15%akk-x-neoass:ARAD-ka=ardu[slave//servant]N'N$urdaka",
"f": {"lang": "akk-x-neoass",
"form": "ARAD-ka",
"cf": "ardu",
"gw": "slave",
"sense": "servant",
"norm": "urdaka",
"pos": "N",
"epos": "N"}
}
,
{
"node": "l",
"frag": "{1}LUGAL-IGI.LAL-a-ni",
"id": "P334540.l059e2",
"ref": "P334540.3.2",
"inst": "Šarru-emuranni[1]PN",
"sig": "@saao/saa15%akk-x-neoass:{1}LUGAL-IGI.LAL-a-ni=Šarru-emuranni[1//1]PN'PN$Šarru-emuranni",
"f": {"lang": "akk-x-neoass",
"form": "{1}LUGAL-IGI.LAL-a-ni",
"cf": "Šarru-emuranni",
"gw": "1",
"sense": "1",
"norm": "Šarru-emuranni",
"pos": "PN",
"epos": "PN"}
}
,
{
"node": "d",
"type": "line-start",
"ref": "P334540.4",
"n": "3",
"label": "o 3"}
,
{
"node": "l",
"frag": "[lu",
"id": "P334540.l059e3",
"ref": "P334540.4.1",
"inst": "lū[may]MOD",
"sig": "@saao/saa15%akk-x-neoass:lu=lū[may//may]MOD'MOD$lū",
"f": {"lang": "akk-x-neoass",
"form": "lu",
"cf": "lū",
"gw": "may",
"sense": "may",
"norm": "lū",
"pos": "MOD",
"epos": "MOD"}
}
,
{
"node": "l",
"frag": "DI]-mu",
"id": "P334540.l059e4",
"ref": "P334540.4.2",
"inst": "šulmu[health]N",
"sig": "@saao/saa15%akk-x-neoass:DI-mu=šulmu[completeness//health]N'N$šulmu",
"f": {"lang": "akk-x-neoass",
"form": "DI-mu",
"cf": "šulmu",
"gw": "completeness",
"sense": "health",
"norm": "šulmu",
"pos": "N",
"epos": "N"}
}
,
{
"node": "l",
"frag": "a-na",
"id": "P334540.l059e5",
"ref": "P334540.4.3",
"inst": "ana[to]PRP",
"sig": "@saao/saa15%akk-x-neoass:a-na=ana[to//to]PRP'PRP$ana",
"f": {"lang": "akk-x-neoass",
"form": "a-na",
"cf": "ana",
"gw": "to",
"sense": "to",
"norm": "ana",
"pos": "PRP",
"epos": "PRP"}
}
,
{
"node": "l",
"frag": "LUGAL",
"id": "P334540.l059e6",
"ref": "P334540.4.4",
"inst": "šarri[king]N",
"sig": "@saao/saa15%akk-x-neoass:LUGAL=šarru[king//king]N'N$šarri",
"f": {"lang": "akk-x-neoass",
"form": "LUGAL",
"cf": "šarru",
"gw": "king",
"sense": "king",
"norm": "šarri",
"pos": "N",
"epos": "N"}
}
,
{
"node": "l",
"frag": "EN-ia₂",
"id": "P334540.l059e7",
"ref": "P334540.4.5",
"inst": "bēlīya[lord]N",
"sig": "@saao/saa15%akk-x-neoass:EN-ia₂=bēlu[lord//lord]N'N$bēlīya",
"f": {"lang": "akk-x-neoass",
"form": "EN-ia₂",
"cf": "bēlu",
"gw": "lord",
"sense": "lord",
"norm": "bēlīya",
"pos": "N",
"epos": "N"}
}
,
{
"node": "d",
"type": "line-start",
"ref": "P334540.5",
"n": "4",
"label": "o 4"}
,
{
"node": "l",
"frag": "[DI]-⸢mu⸣",
"id": "P334540.l059e8",
"ref": "P334540.5.1",
"inst": "šulmu[health]N",
"sig": "@saao/saa15%akk-x-neoass:DI-mu=šulmu[completeness//health]N'N$šulmu",
"f": {"lang": "akk-x-neoass",
"form": "DI-mu",
"cf": "šulmu",
"gw": "completeness",
"sense": "health",
"norm": "šulmu",
"pos": "N",
"epos": "N"}
}
,
{
"node": "l",
"frag": "a-na",
"id": "P334540.l059e9",
"ref": "P334540.5.2",
"inst": "ana[to]PRP",
"sig": "@saao/saa15%akk-x-neoass:a-na=ana[to//to]PRP'PRP$ana",
"f": {"lang": "akk-x-neoass",
"form": "a-na",
"cf": "ana",
"gw": "to",
"sense": "to",
"norm": "ana",
"pos": "PRP",
"epos": "PRP"}
}
,
{
"node": "l",
"frag": "{uru}bir-te",
"id": "P334540.l059ea",
"ref": "P334540.5.3",
"inst": "bīrte[fort]N",
"sig": "@saao/saa15%akk-x-neoass:{URU}bir-te=birtu[fort//fort]N'N$bīrte",
"f": {"lang": "akk-x-neoass",
"form": "{URU}bir-te",
"cf": "birtu",
"gw": "fort",
"sense": "fort",
"norm": "bīrte",
"pos": "N",
"epos": "N"}
}
,
{
"node": "d",
"type": "line-start",
"ref": "P334540.6",
"n": "5",
"label": "o 5"}
,
{
"node": "l",
"frag": "{[lu₂v]}kal-da-a.a",
"id": "P334540.l059eb",
"ref": "P334540.6.1",
"inst": "Kaldaya[Chaldean]EN",
"sig": "@saao/saa15%akk-x-neoass:{LU₂}kal-da-a.a=Kaldaya[Chaldean//Chaldean]EN'EN$Kaldaya",
"f": {"lang": "akk-x-neoass",
"form": "{LU₂}kal-da-a.a",
"cf": "Kaldaya",
"gw": "Chaldean",
"sense": "Chaldean",
"norm": "Kaldaya",
"pos": "EN",
"epos": "EN"}
}
,
{
"node": "l",
"frag": "šu-u",
"id": "P334540.l059ec",
"ref": "P334540.6.2",
"inst": "šû[he]IP",
"sig": "@saao/saa15%akk-x-neoass:šu-u=šū[he//he]IP'IP$šû",
"f": {"lang": "akk-x-neoass",
"form": "šu-u",
"cf": "šū",
"gw": "he",
"sense": "he",
"norm": "šû",
"pos": "IP",
"epos": "IP"}
}
,
{
"node": "d",
"type": "line-start",
"ref": "P334540.7",
"n": "6",
"label": "o 6"}
,
{
"node": "l",
"frag": "⸢li⸣-ša₂-nu",
"id": "P334540.l059ed",
"ref": "P334540.7.1",
"inst": "lišānu[tongue//informer]N$",
"sig": "@saao/saa15%akk-x-neoass:li-ša₂-nu=lišānu[tongue//informer]N'N$lišānu",
"f": {"lang": "akk-x-neoass",
"form": "li-ša₂-nu",
"cf": "lišānu",
"gw": "tongue",
"sense": "informer",
"norm": "lišānu",
"pos": "N",
"epos": "N"}
}
,
{
"node": "l",
"frag": "ina",
"id": "P334540.l059ee",
"ref": "P334540.7.2",
"inst": "ina[to]PRP",
"sig": "@saao/saa15%akk-x-neoass:ina=ina[in//to]PRP'PRP$ina",
"f": {"lang": "akk-x-neoass",
"form": "ina",
"cf": "ina",
"gw": "in",
"sense": "to",
"norm": "ina",
"pos": "PRP",
"epos": "PRP"}
}
,
{
"node": "l",
"frag": "{uru}la-rak-ka",
"id": "P334540.l059ef",
"ref": "P334540.7.3",
"inst": "Larak[]GN$Larakka",
"sig": "@saao/saa15%akk-x-neoass:{URU}la-rak-ka=Larak[1//1]GN'GN$Larakka",
"f": {"lang": "akk-x-neoass",
"form": "{URU}la-rak-ka",
"cf": "Larak",
"gw": "1",
"sense": "1",
"norm": "Larakka",
"pos": "GN",
"epos": "GN"}
}
,
{
"node": "d",
"type": "line-start",
"ref": "P334540.8",
"n": "7",
"label": "o 7"}
,
{
"node": "l",
"frag": "{1}x]+⸢x⸣-ha-a.a-u₂",
"id": "P334540.l059f0",
"ref": "P334540.8.1",
"inst": "u",
"f": {"lang": "akk-x-neoass",
"form": "{1}x+x-ha-a.a-u₂",
"pos": "u"}
}
,
{
"node": "l",
"frag": "is-sap-ra",
"id": "P334540.l059f1",
"ref": "P334540.8.2",
"inst": "issapra[write]V",
"sig": "@saao/saa15%akk-x-neoass:is-sap-ra=šapāru[send//write]V'V$issapra",
"f": {"lang": "akk-x-neoass",
"form": "is-sap-ra",
"cf": "šapāru",
"gw": "send",
"sense": "write",
"norm": "issapra",
"pos": "V",
"epos": "V"}
}
,
{
"node": "d",
"type": "line-start",
"ref": "P334540.9",
"n": "8",
"label": "o 8"}
,
{
"node": "l",
"frag": "{[uru}la]-⸢rak⸣-ka-a.a",
"id": "P334540.l059f2",
"ref": "P334540.9.1",
"inst": "Larakaya[Larakean]EN$Larakkaya",
"sig": "@saao/saa15%akk-x-neoass:{URU}la-rak-ka-a.a=Larakaya[Larakean//Larakean]EN'EN$Larakkaya",
"f": {"lang": "akk-x-neoass",
"form": "{URU}la-rak-ka-a.a",
"cf": "Larakaya",
"gw": "Larakean",
"sense": "Larakean",
"norm": "Larakkaya",
"pos": "EN",
"epos": "EN"}
}
,
{
"node": "l",
"frag": "i-ṣab-tu-ni-šu₂",
"id": "P334540.l059f3",
"ref": "P334540.9.2",
"inst": "ṣabātu[seize]V$iṣṣabtuniššu",
"sig": "@saao/saa15%akk-x-neoass:i-ṣab-tu-ni-šu₂=ṣabātu[seize//seize]V'V$iṣṣabtuniššu",
"f": {"lang": "akk-x-neoass",
"form": "i-ṣab-tu-ni-šu₂",
"cf": "ṣabātu",
"gw": "seize",
"sense": "seize",
"norm": "iṣṣabtuniššu",
"pos": "V",
"epos": "V"}
}
,
{
"node": "d",
"type": "line-start",
"ref": "P334540.10",
"n": "9",
"label": "o 9"}
,
{
"node": "c",
"type": "phrase",
"tag": "phr",
"id": "P334540.U4",
"ref": "P334540.ls00000",
"cdl": [
{
"node": "l",
"frag": "[ina",
"id": "P334540.l059f4",
"ref": "P334540.10.1",
"inst": "ina[in+=to]PRP",
"sig": "@saao/saa15%akk-x-neoass:ina=ina[in//in]PRP'PRP$ina",
"f": {"lang": "akk-x-neoass",
"form": "ina",
"cf": "ina",
"gw": "in",
"sense": "in",
"norm": "ina",
"pos": "PRP",
"epos": "PRP"}
}
,
{
"node": "l",
"frag": "IGI]-⸢ia⸣",
"id": "P334540.l059f5",
"ref": "P334540.10.2",
"inst": "pānīya[front]N",
"sig": "@saao/saa15%akk-x-neoass:IGI-ia=pānu[front//front]N'N$pānīya",
"f": {"lang": "akk-x-neoass",
"form": "IGI-ia",
"cf": "pānu",
"gw": "front",
"sense": "front",
"norm": "pānīya",
"pos": "N",
"epos": "N"}
}
]}
,
{
"node": "l",
"frag": "na-ṣu-ni-šu",
"id": "P334540.l059f6",
"ref": "P334540.10.3",
"inst": "naṣūniššu[brought]AJ",
"sig": "@saao/saa15%akk-x-neoass:na-ṣu-ni-šu=našû[lifted//brought]AJ'AJ$naṣūniššu",
"f": {"lang": "akk-x-neoass",
"form": "na-ṣu-ni-šu",
"cf": "našû",
"gw": "lifted",
"sense": "brought",
"norm": "naṣūniššu",
"pos": "AJ",
"epos": "AJ"}
}
,
{
"node": "d",
"type": "line-start",
"ref": "P334540.11",
"n": "10",
"label": "o 10"}
,
{
"node": "l",
"frag": "⸢a⸣-[sa-ʾa]-al-šu₂",
"id": "P334540.l059f7",
"ref": "P334540.11.1",
"inst": "assaʾalšu[ask]V",
"sig": "@saao/saa15%akk-x-neoass:a-sa-ʾa-al-šu₂=šâlu[ask//ask]V'V$assaʾalšu",
"f": {"lang": "akk-x-neoass",
"form": "a-sa-ʾa-al-šu₂",
"cf": "šâlu",
"gw": "ask",
"sense": "ask",
"norm": "assaʾalšu",
"pos": "V",
"epos": "V"}
}
,
{
"node": "l",
"frag": "muk",
"id": "P334540.l059f8",
"ref": "P334540.11.2",
"inst": "muk[saying]PRP",
"sig": "@saao/saa15%akk-x-neoass:muk=muk[saying//saying]PRP'PRP$muk",
"f": {"lang": "akk-x-neoass",
"form": "muk",
"cf": "muk",
"gw": "saying",
"sense": "saying",
"norm": "muk",
"pos": "PRP",
"epos": "PRP"}
}
,
{
"node": "l",
"frag": "ša",
"id": "P334540.l059f9",
"ref": "P334540.11.3",
"inst": "ša[of]DET",
"sig": "@saao/saa15%akk-x-neoass:ša=ša[of//of]DET'DET$ša",
"f": {"lang": "akk-x-neoass",
"form": "ša",
"cf": "ša",
"gw": "of",
"sense": "of",
"norm": "ša",
"pos": "DET",
"epos": "DET"}
}
,
{
"node": "l",
"frag": "a-a-ka₂",
"id": "P334540.l059fa",
"ref": "P334540.11.4",
"inst": "ayāka[where?]QP$",
"sig": "@saao/saa15%akk-x-neoass:a-a-ka₂=ayāka[where?//where?]QP'QP$ayāka",
"f": {"lang": "akk-x-neoass",
"form": "a-a-ka₂",
"cf": "ayāka",
"gw": "where?",
"sense": "where?",
"norm": "ayāka",
"pos": "QP",
"epos": "QP"}
}
,
{
"node": "d",
"type": "line-start",
"ref": "P334540.12",
"n": "11",
"label": "o 11"}
,
{
"node": "l",
"frag": "at-ta",
"id": "P334540.l059fb",
"ref": "P334540.12.1",
"inst": "atta[you]IP",
"sig": "@saao/saa15%akk-x-neoass:at-ta=atta[you//you]IP'IP$atta",
"f": {"lang": "akk-x-neoass",
"form": "at-ta",
"cf": "atta",
"gw": "you",
"sense": "you",
"norm": "atta",
"pos": "IP",
"epos": "IP"}
}
,
{
"node": "l",
"frag": "ma-a",
"id": "P334540.l059fc",
"ref": "P334540.12.2",
"inst": "mā[saying]PRP",
"sig": "@saao/saa15%akk-x-neoass:ma-a=mā[saying//saying]PRP'PRP$mā",
"f": {"lang": "akk-x-neoass",
"form": "ma-a",
"cf": "mā",
"gw": "saying",
"sense": "saying",
"norm": "mā",
"pos": "PRP",
"epos": "PRP"}
}
,
{
"node": "l",
"frag": "DUMU-KA₂.DINGIR.⸢RA{ki⸣}",
"id": "P334540.l059fd",
"ref": "P334540.12.3",
"cof-tails": "P334540.l059fe",
"inst": "+māru[son]N$mār&+Babili[Babylon]GN$",
"sig": "@saao/saa15%akk-x-neoass:DUMU-KA₂.DINGIR.RA{KI}=māru[son//son]N'N$mār&&@saao/saa15%akk-x-neoass:DUMU-KA₂.DINGIR.RA{KI}=Babili[Babylon//Babylon]GN'GN$Babili",
"f": {"lang": "akk-x-neoass",
"form": "DUMU-KA₂.DINGIR.RA{KI}",
"cf": "māru",
"gw": "son",
"sense": "son",
"norm": "mār",
"pos": "N",
"epos": "N"}
}
,
{
"node": "l",
"frag": "DUMU-KA₂.DINGIR.⸢RA{ki⸣}",
"id": "P334540.l059fe",
"ref": "P334540.12.3",
"cof-head": "P334540.l059fd",
"inst": "+māru[son]N$mār&+Babili[Babylon]GN$",
"f": {"lang": "akk-x-neoass",
"form": "DUMU-KA₂.DINGIR.RA{KI}",
"cf": "Babili",
"gw": "Babylon",
"sense": "Babylon",
"norm": "Babili",
"pos": "GN",
"epos": "GN"}
}
,
{
"node": "d",
"type": "line-start",
"ref": "P334540.13",
"n": "12",
"label": "o 12"}
,
{
"node": "l",
"frag": "a-na",
"id": "P334540.l059ff",
"ref": "P334540.13.1",
"inst": "ana[to]PRP",
"sig": "@saao/saa15%akk-x-neoass:a-na=ana[to//to]PRP'PRP$ana",
"f": {"lang": "akk-x-neoass",
"form": "a-na",
"cf": "ana",
"gw": "to",
"sense": "to",
"norm": "ana",
"pos": "PRP",
"epos": "PRP"}
}
,
{
"node": "l",
"frag": "o",
"id": "P334540.l05a00",
"ref": "P334540.13.2",
"inst": "u",
"f": {"lang": "akk-x-neoass",
"form": "o",
"pos": "u"}
}
,
{
"node": "l",
"frag": "{uru}la-rak-⸢ka⸣",
"id": "P334540.l05a01",
"ref": "P334540.13.3",
"inst": "Larak[]GN$Larakka",
"sig": "@saao/saa15%akk-x-neoass:{URU}la-rak-ka=Larak[1//1]GN'GN$Larakka",
"f": {"lang": "akk-x-neoass",
"form": "{URU}la-rak-ka",
"cf": "Larak",
"gw": "1",
"sense": "1",
"norm": "Larakka",
"pos": "GN",
"epos": "GN"}
}
,
{
"node": "l",
"frag": "[is-sap-ra-ni]",
"id": "P334540.l05a02",
"ref": "P334540.13.4",
"inst": "šapāru[send]V$issapranni",
"sig": "@saao/saa15%akk-x-neoass:is-sap-ra-ni=šapāru[send//send]V'V$issapranni",
"f": {"lang": "akk-x-neoass",
"form": "is-sap-ra-ni",
"cf": "šapāru",
"gw": "send",
"sense": "send",
"norm": "issapranni",
"pos": "V",
"epos": "V"}
}
,
{
"node": "d",
"type": "line-start",
"ref": "P334540.14",
"n": "13",
"label": "o 13"}
,
{
"node": "l",
"frag": "ma-a",
"id": "P334540.l05a03",
"ref": "P334540.14.1",
"inst": "mā[saying]PRP",
"sig": "@saao/saa15%akk-x-neoass:ma-a=mā[saying//saying]PRP'PRP$mā",
"f": {"lang": "akk-x-neoass",
"form": "ma-a",
"cf": "mā",
"gw": "saying",
"sense": "saying",
"norm": "mā",
"pos": "PRP",
"epos": "PRP"}
}
,
{
"node": "l",
"frag": "{lu₂v}pa-ri-⸢ṣu⸣",
"id": "P334540.l05a04",
"ref": "P334540.14.2",
"inst": "parriṣu[criminal]N$",
"sig": "@saao/saa15%akk-x-neoass:{LU₂}pa-ri-ṣu=parriṣu[criminal//criminal]N'N$parriṣu",
"f": {"lang": "akk-x-neoass",
"form": "{LU₂}pa-ri-ṣu",
"cf": "parriṣu",
"gw": "criminal",
"sense": "criminal",
"norm": "parriṣu",
"pos": "N",
"epos": "N"}
}
,
{
"node": "l",
"frag": "[šu-tu₂]",
"id": "P334540.l05a05",
"ref": "P334540.14.3",
"inst": "šūtu[he]IP",
"sig": "@saao/saa15%akk-x-neoass:šu-tu₂=šūtu[he//he]IP'IP$šūtu",
"f": {"lang": "akk-x-neoass",
"form": "šu-tu₂",
"cf": "šūtu",
"gw": "he",
"sense": "he",
"norm": "šūtu",
"pos": "IP",
"epos": "IP"}
}
,
{
"node": "d",
"type": "line-start",
"ref": "P334540.15",
"n": "14",
"label": "o 14"}
,
{
"node": "l",
"frag": "ma-a",
"id": "P334540.l05a06",
"ref": "P334540.15.1",
"inst": "mā[saying]PRP",
"sig": "@saao/saa15%akk-x-neoass:ma-a=mā[saying//saying]PRP'PRP$mā",
"f": {"lang": "akk-x-neoass",
"form": "ma-a",
"cf": "mā",
"gw": "saying",
"sense": "saying",
"norm": "mā",
"pos": "PRP",
"epos": "PRP"}
}
,
{
"node": "l",
"frag": "i-sa-na-[li]",
"id": "P334540.l05a07",
"ref": "P334540.15.2",
"inst": "salāʾu[deceive//lie]V$issanalli",
"sig": "@saao/saa15%akk-x-neoass:i-sa-na-li=salāʾu[deceive//lie]V'V$issanalli",
"f": {"lang": "akk-x-neoass",
"form": "i-sa-na-li",
"cf": "salāʾu",
"gw": "deceive",
"sense": "lie",
"norm": "issanalli",
"pos": "V",
"epos": "V"}
}
,
{
"node": "d",
"subtype": "bottom",
"type": "surface",
"ref": "P334540.b.e..16",
"type": "bottom",
"label": "b.e."}
,
{
"node": "d",
"type": "line-start",
"ref": "P334540.17",
"n": "15",
"label": "b.e. 15"}
,
{
"node": "l",
"frag": "ma-a",
"id": "P334540.l05a08",
"ref": "P334540.17.1",
"inst": "mā[saying]PRP",
"sig": "@saao/saa15%akk-x-neoass:ma-a=mā[saying//saying]PRP'PRP$mā",
"f": {"lang": "akk-x-neoass",
"form": "ma-a",
"cf": "mā",
"gw": "saying",
"sense": "saying",
"norm": "mā",
"pos": "PRP",
"epos": "PRP"}
}
,
{
"node": "l",
"frag": "a-ni-[ni",
"id": "P334540.l05a09",
"ref": "P334540.17.2",
"inst": "anīni[we]IP",
"sig": "@saao/saa15%akk-x-neoass:a-ni-ni=anīnu[we//we]IP'IP$anīni",
"f": {"lang": "akk-x-neoass",
"form": "a-ni-ni",
"cf": "anīnu",
"gw": "we",
"sense": "we",
"norm": "anīni",
"pos": "IP",
"epos": "IP"}
}
,
{
"node": "l",
"frag": "o]",
"id": "P334540.l05a0a",
"ref": "P334540.17.3",
"inst": "u",
"f": {"lang": "akk-x-neoass",
"form": "o",
"pos": "u"}
}
,
{
"node": "d",
"type": "line-start",
"ref": "P334540.18",
"n": "16",
"label": "b.e. 16"}
,
{
"node": "l",
"frag": "nu-da-šu",
"id": "P334540.l05a0b",
"ref": "P334540.18.1",
"inst": "wadû[know]V$nūdaššu",
"sig": "@saao/saa15%akk-x-neoass:nu-da-šu=wadû[know//know]V'V$nūdaššu",
"f": {"lang": "akk-x-neoass",
"form": "nu-da-šu",
"cf": "wadû",
"gw": "know",
"sense": "know",
"norm": "nūdaššu",
"pos": "V",
"epos": "V"}
}
,
{
"node": "l",
"frag": "[ma-a]",
"id": "P334540.l05a0c",
"ref": "P334540.18.2",
"inst": "mā[saying]PRP",
"sig": "@saao/saa15%akk-x-neoass:ma-a=mā[saying//saying]PRP'PRP$mā",
"f": {"lang": "akk-x-neoass",
"form": "ma-a",
"cf": "mā",
"gw": "saying",
"sense": "saying",
"norm": "mā",
"pos": "PRP",
"epos": "PRP"}
}
,
{
"node": "d",
"subtype": "reverse",
"type": "surface",
"ref": "P334540.r.19",
"type": "reverse",
"label": "r"}
,
{
"node": "d",
"type": "line-start",
"ref": "P334540.20",
"n": "1",
"label": "r 1"}
,
{
"node": "l",
"frag": "EN.LIL₂{ki}-a.a",
"id": "P334540.l05a0d",
"ref": "P334540.20.1",
"inst": "Nippuraya[Nippurean]EN$",
"sig": "@saao/saa15%akk-x-neoass:EN.LIL₂{KI}-a.a=Nippuraya[Nippurean//Nippurean]EN'EN$Nippuraya",
"f": {"lang": "akk-x-neoass",
"form": "EN.LIL₂{KI}-a.a",
"cf": "Nippuraya",
"gw": "Nippurean",
"sense": "Nippurean",
"norm": "Nippuraya",
"pos": "EN",
"epos": "EN"}
}
,
{
"node": "l",
"frag": "[x",
"id": "P334540.l05a0e",
"ref": "P334540.20.2",
"inst": "u",
"f": {"lang": "akk-x-neoass",
"form": "x",
"pos": "u"}
}
,
{
"node": "l",
"frag": "x",
"id": "P334540.l05a0f",
"ref": "P334540.20.3",
"inst": "u",
"f": {"lang": "akk-x-neoass",
"form": "x",
"pos": "u"}
}
,
{
"node": "l",
"frag": "x]",
"id": "P334540.l05a10",
"ref": "P334540.20.4",
"inst": "u",
"f": {"lang": "akk-x-neoass",
"form": "x",
"pos": "u"}
}
,
{
"node": "d",
"type": "line-start",
"ref": "P334540.21",
"n": "2",
"label": "r 2"}
,
{
"node": "l",
"frag": "an-nu-rig",
"id": "P334540.l05a11",
"ref": "P334540.21.1",
"inst": "annurig[now]AV",
"sig": "@saao/saa15%akk-x-neoass:an-nu-rig=annûri[now//now]AV'AV$annurig",
"f": {"lang": "akk-x-neoass",
"form": "an-nu-rig",
"cf": "annûri",
"gw": "now",
"sense": "now",
"norm": "annurig",
"pos": "AV",
"epos": "AV"}
}
,
{
"node": "c",
"type": "phrase",
"tag": "phr",
"id": "P334540.U5",
"ref": "P334540.ls00001",
"cdl": [
{
"node": "l",
"frag": "ina",
"id": "P334540.l05a12",
"ref": "P334540.21.2",
"inst": "ina[in+=to]PRP",
"sig": "@saao/saa15%akk-x-neoass:ina=ina[in//in]PRP'PRP$ina",
"f": {"lang": "akk-x-neoass",
"form": "ina",
"cf": "ina",
"gw": "in",
"sense": "in",
"norm": "ina",
"pos": "PRP",
"epos": "PRP"}
}
,
{
"node": "l",
"frag": "IGI",
"id": "P334540.l05a13",
"ref": "P334540.21.3",
"inst": "pān[front]N",
"sig": "@saao/saa15%akk-x-neoass:IGI=pānu[front//front]N'N$pān",
"f": {"lang": "akk-x-neoass",
"form": "IGI",
"cf": "pānu",
"gw": "front",
"sense": "front",
"norm": "pān",
"pos": "N",
"epos": "N"}
}
]}
,
{
"node": "l",
"frag": "⸢LUGAL⸣",
"id": "P334540.l05a14",
"ref": "P334540.21.4",
"inst": "šarri[king]N",
"sig": "@saao/saa15%akk-x-neoass:LUGAL=šarru[king//king]N'N$šarri",
"f": {"lang": "akk-x-neoass",
"form": "LUGAL",
"cf": "šarru",
"gw": "king",
"sense": "king",
"norm": "šarri",
"pos": "N",
"epos": "N"}
}
,
{
"node": "l",
"frag": "[EN-ia₂]",
"id": "P334540.l05a15",
"ref": "P334540.21.5",
"inst": "bēlīya[lord]N",
"sig": "@saao/saa15%akk-x-neoass:EN-ia₂=bēlu[lord//lord]N'N$bēlīya",
"f": {"lang": "akk-x-neoass",
"form": "EN-ia₂",
"cf": "bēlu",
"gw": "lord",
"sense": "lord",
"norm": "bēlīya",
"pos": "N",
"epos": "N"}
}
,
{
"node": "d",
"type": "line-start",
"ref": "P334540.22",
"n": "3",
"label": "r 3"}
,
{
"node": "l",
"frag": "u₂-ba-lu-ni-šu₂",
"id": "P334540.l05a16",
"ref": "P334540.22.1",
"inst": "ubbalūniššu[bring]V",
"sig": "@saao/saa15%akk-x-neoass:u₂-ba-lu-ni-šu₂=wabālu[bring//bring]V'V$ubbalūniššu",
"f": {"lang": "akk-x-neoass",
"form": "u₂-ba-lu-ni-šu₂",
"cf": "wabālu",
"gw": "bring",
"sense": "bring",
"norm": "ubbalūniššu",
"pos": "V",
"epos": "V"}
}
,
{
"node": "l",
"frag": "⸢LUGAL⸣",
"id": "P334540.l05a17",
"ref": "P334540.22.2",
"inst": "šarru[king]N",
"sig": "@saao/saa15%akk-x-neoass:LUGAL=šarru[king//king]N'N$šarru",
"f": {"lang": "akk-x-neoass",
"form": "LUGAL",
"cf": "šarru",
"gw": "king",
"sense": "king",
"norm": "šarru",
"pos": "N",
"epos": "N"}
}
,
{
"node": "l",
"frag": "[be-li₂]",
"id": "P334540.l05a18",
"ref": "P334540.22.3",
"inst": "bēlī[lord]N",
"sig": "@saao/saa15%akk-x-neoass:be-li₂=bēlu[lord//lord]N'N$bēlī",
"f": {"lang": "akk-x-neoass",
"form": "be-li₂",
"cf": "bēlu",
"gw": "lord",
"sense": "lord",
"norm": "bēlī",
"pos": "N",
"epos": "N"}
}
,
{
"node": "d",
"type": "line-start",
"ref": "P334540.23",
"n": "4",
"label": "r 4"}
,
{
"node": "l",
"frag": "liš-ʾa-al-šu₂",
"id": "P334540.l05a19",
"ref": "P334540.23.1",
"inst": "šâlu[ask]V$lišʾalšu",
"sig": "@saao/saa15%akk-x-neoass:liš-ʾa-al-šu₂=šâlu[ask//ask]V'V$lišʾalšu",
"f": {"lang": "akk-x-neoass",
"form": "liš-ʾa-al-šu₂",
"cf": "šâlu",
"gw": "ask",
"sense": "ask",
"norm": "lišʾalšu",
"pos": "V",
"epos": "V"}
}
,
{
"node": "d",
"type": "nonw",
"ref": ""}
,
{
"node": "l",
"frag": "a-na-⸢ku⸣",
"id": "P334540.l05a1a",
"ref": "P334540.23.2",
"inst": "anāku[I]IP",
"sig": "@saao/saa15%akk-x-neoass:a-na-ku=anāku[I//I]IP'IP$anāku",
"f": {"lang": "akk-x-neoass",
"form": "a-na-ku",
"cf": "anāku",
"gw": "I",
"sense": "I",
"norm": "anāku",
"pos": "IP",
"epos": "IP"}
}
,
{
"node": "d",
"type": "line-start",
"ref": "P334540.24",
"n": "5",
"label": "r 5"}
,
{
"node": "l",
"frag": "a-sa-ʾa-al-šu₂",
"id": "P334540.l05a1b",
"ref": "P334540.24.1",
"inst": "assaʾalšu[ask]V",
"sig": "@saao/saa15%akk-x-neoass:a-sa-ʾa-al-šu₂=šâlu[ask//ask]V'V$assaʾalšu",
"f": {"lang": "akk-x-neoass",
"form": "a-sa-ʾa-al-šu₂",
"cf": "šâlu",
"gw": "ask",
"sense": "ask",
"norm": "assaʾalšu",
"pos": "V",
"epos": "V"}
}
,
{
"node": "l",
"frag": "muk",
"id": "P334540.l05a1c",
"ref": "P334540.24.2",
"inst": "muk[saying]PRP",
"sig": "@saao/saa15%akk-x-neoass:muk=muk[saying//saying]PRP'PRP$muk",
"f": {"lang": "akk-x-neoass",
"form": "muk",
"cf": "muk",
"gw": "saying",
"sense": "saying",
"norm": "muk",
"pos": "PRP",
"epos": "PRP"}
}
,
{
"node": "l",
"frag": "DUMU-{1}⸢NUMUN⸣-[i]",
"id": "P334540.l05a1d",
"ref": "P334540.24.3",
"inst": "Mar-Zeri[]PN$",
"sig": "@saao/saa15%akk-x-neoass:DUMU-{1}NUMUN-i=Mar-Zeri[1//1]PN'PN$Mar-Zeri",
"f": {"lang": "akk-x-neoass",
"form": "DUMU-{1}NUMUN-i",
"cf": "Mar-Zeri",
"gw": "1",
"sense": "1",
"norm": "Mar-Zeri",
"pos": "PN",
"epos": "PN"}
}
,
{
"node": "d",
"type": "line-start",
"ref": "P334540.25",
"n": "6",
"label": "r 6"}
,
{
"node": "l",
"frag": "a.a-ka",
"id": "P334540.l05a1e",
"ref": "P334540.25.1",
"inst": "ayyaka[where?]QP$ayāka",
"sig": "@saao/saa15%akk-x-neoass:a.a-ka=ayyaka[where?//where?]QP'QP$ayāka",
"f": {"lang": "akk-x-neoass",
"form": "a.a-ka",
"cf": "ayyaka",
"gw": "where?",
"sense": "where?",
"norm": "ayāka",
"pos": "QP",
"epos": "QP"}
}
,
{
"node": "l",
"frag": "ma-a",
"id": "P334540.l05a1f",
"ref": "P334540.25.2",
"inst": "mā[saying]PRP",
"sig": "@saao/saa15%akk-x-neoass:ma-a=mā[saying//saying]PRP'PRP$mā",
"f": {"lang": "akk-x-neoass",
"form": "ma-a",
"cf": "mā",
"gw": "saying",
"sense": "saying",
"norm": "mā",
"pos": "PRP",
"epos": "PRP"}
}
,
{
"node": "l",
"frag": "ina",
"id": "P334540.l05a20",
"ref": "P334540.25.3",
"inst": "ina[in]PRP",
"sig": "@saao/saa15%akk-x-neoass:ina=ina[in//in]PRP'PRP$ina",
"f": {"lang": "akk-x-neoass",
"form": "ina",
"cf": "ina",
"gw": "in",
"sense": "in",
"norm": "ina",
"pos": "PRP",
"epos": "PRP"}
}
,
{
"node": "l",
"frag": "{uru}hi-u₂-ri",
"id": "P334540.l05a21",
"ref": "P334540.25.4",
"inst": "Hiuru[]GN$Hiuri",
"sig": "@saao/saa15%akk-x-neoass:{URU}hi-u₂-ri=Hiuru[1//1]GN'GN$Hiuri",
"f": {"lang": "akk-x-neoass",
"form": "{URU}hi-u₂-ri",
"cf": "Hiuru",
"gw": "1",
"sense": "1",
"norm": "Hiuri",
"pos": "GN",
"epos": "GN"}
}
,
{
"node": "d",
"type": "line-start",
"ref": "P334540.26",
"n": "7",
"label": "r 7"}
,
{
"node": "l",
"frag": "[ša",
"id": "P334540.l05a22",
"ref": "P334540.26.1",
"inst": "ša[of]DET",
"sig": "@saao/saa15%akk-x-neoass:ša=ša[of//of]DET'DET$ša",
"f": {"lang": "akk-x-neoass",
"form": "ša",
"cf": "ša",
"gw": "of",
"sense": "of",
"norm": "ša",
"pos": "DET",
"epos": "DET"}
}
,
{
"node": "l",
"frag": "{kur]}pu-qu-di",
"id": "P334540.l05a23",
"ref": "P334540.26.2",
"inst": "Puqudu[]GN$Puqudi",
"sig": "@saao/saa15%akk-x-neoass:{KUR}pu-qu-di=Puqudu[1//1]GN'GN$Puqudi",
"f": {"lang": "akk-x-neoass",
"form": "{KUR}pu-qu-di",
"cf": "Puqudu",
"gw": "1",
"sense": "1",
"norm": "Puqudi",
"pos": "GN",
"epos": "GN"}
}
,
{
"node": "l",
"frag": "ša₂-ki-ni",
"id": "P334540.l05a24",
"ref": "P334540.26.3",
"inst": "šakīni[placed]AJ",
"sig": "@saao/saa15%akk-x-neoass:ša₂-ki-ni=šaknu[placed//placed]AJ'AJ$šakīni",
"f": {"lang": "akk-x-neoass",
"form": "ša₂-ki-ni",
"cf": "šaknu",
"gw": "placed",
"sense": "placed",
"norm": "šakīni",
"pos": "AJ",
"epos": "AJ"}
}
,
{
"node": "d",
"type": "line-start",
"ref": "P334540.27",
"n": "8",
"label": "r 8"}
,
{
"node": "l",
"frag": "[x]",
"id": "P334540.l05a25",
"ref": "P334540.27.1",
"inst": "u",
"f": {"lang": "akk-x-neoass",
"form": "x",
"pos": "u"}
}
,
{
"node": "l",
"frag": "{⸢lu₂v⸣}SANGA",
"id": "P334540.l05a26",
"ref": "P334540.27.2",
"inst": "šangû[priest]N$sangû",
"sig": "@saao/saa15%akk-x-neoass:{LU₂}SANGA=šangû[priest//priest]N'N$sangû",
"f": {"lang": "akk-x-neoass",
"form": "{LU₂}SANGA",
"cf": "šangû",
"gw": "priest",
"sense": "priest",
"norm": "sangû",
"pos": "N",
"epos": "N"}
}
,
{
"node": "l",
"frag": "ša",
"id": "P334540.l05a27",
"ref": "P334540.27.3",
"inst": "ša[of]DET",
"sig": "@saao/saa15%akk-x-neoass:ša=ša[of//of]DET'DET$ša",
"f": {"lang": "akk-x-neoass",
"form": "ša",
"cf": "ša",
"gw": "of",
"sense": "of",
"norm": "ša",
"pos": "DET",
"epos": "DET"}
}
,
{
"node": "l",
"frag": "{uru}u₂-ṣur-{d}IM",
"id": "P334540.l05a28",
"ref": "P334540.27.4",
"inst": "Uṣur-Adad[]GN$",
"sig": "@saao/saa15%akk-x-neoass:{URU}u₂-ṣur-{d}IM=Uṣur-Adad[1//1]GN'GN$Uṣur-Adad",
"f": {"lang": "akk-x-neoass",
"form": "{URU}u₂-ṣur-{d}IM",
"cf": "Uṣur-Adad",
"gw": "1",
"sense": "1",
"norm": "Uṣur-Adad",
"pos": "GN",
"epos": "GN"}
}
,
{
"node": "d",
"type": "line-start",
"ref": "P334540.28",
"n": "9",
"label": "r 9"}
,
{
"node": "l",
"frag": "[re-ha]-a-te",
"id": "P334540.l05a29",
"ref": "P334540.28.1",
"inst": "rēhtu[remainder]N$rēhāte",
"sig": "@saao/saa15%akk-x-neoass:re-ha-a-te=rēhtu[remainder//remainder]N'N$rēhāte",
"f": {"lang": "akk-x-neoass",
"form": "re-ha-a-te",
"cf": "rēhtu",
"gw": "remainder",
"sense": "remainder",
"norm": "rēhāte",
"pos": "N",
"epos": "N"}
}
,
{
"node": "l",
"frag": "ša",
"id": "P334540.l05a2a",
"ref": "P334540.28.2",
"inst": "ša[which]REL",
"sig": "@saao/saa15%akk-x-neoass:ša=ša[that//which]REL'REL$ša",
"f": {"lang": "akk-x-neoass",
"form": "ša",
"cf": "ša",
"gw": "that",
"sense": "which",
"norm": "ša",
"pos": "REL",
"epos": "REL"}
}
,
{
"node": "l",
"frag": "IGI",
"id": "P334540.l05a2b",
"ref": "P334540.28.3",
"inst": "pānu[front//before]N'PRP$pān",
"sig": "@saao/saa15%akk-x-neoass:IGI=pānu[front//before]N'PRP$pān",
"f": {"lang": "akk-x-neoass",
"form": "IGI",
"cf": "pānu",
"gw": "front",
"sense": "before",
"norm": "pān",
"pos": "N",
"epos": "PRP"}
}
,
{
"node": "l",
"frag": "DINGIR-MEŠ\\m",
"id": "P334540.l05a2c",
"ref": "P334540.28.4",
"inst": "ilāni[god]N",
"sig": "@saao/saa15%akk-x-neoass:DINGIR-MEŠ=ilu[god//god]N'N$ilāni",
"f": {"lang": "akk-x-neoass",
"form": "DINGIR-MEŠ",
"cf": "ilu",
"gw": "god",
"sense": "god",
"norm": "ilāni",
"pos": "N",
"epos": "N"}
}
,
{
"node": "d",
"type": "line-start",
"ref": "P334540.29",
"n": "10",
"label": "r 10"}
,
{
"node": "l",
"frag": "[na-a]-⸢ṣa⸣",
"id": "P334540.l05a2d",
"ref": "P334540.29.1",
"inst": "našû[lifted//brought]AJ$nāṣa",
"sig": "@saao/saa15%akk-x-neoass:na-a-ṣa=našû[lifted//brought]AJ'AJ$nāṣa",
"f": {"lang": "akk-x-neoass",
"form": "na-a-ṣa",
"cf": "našû",
"gw": "lifted",
"sense": "brought",
"norm": "nāṣa",
"pos": "AJ",
"epos": "AJ"}
}
,
{
"node": "c",
"type": "phrase",
"tag": "phr",
"id": "P334540.U6",
"ref": "P334540.ls00002",
"cdl": [
{
"node": "l",
"frag": "ina",
"id": "P334540.l05a2e",
"ref": "P334540.29.2",
"inst": "ina[in+=to]PRP",
"sig": "@saao/saa15%akk-x-neoass:ina=ina[in//in]PRP'PRP$ina",
"f": {"lang": "akk-x-neoass",
"form": "ina",
"cf": "ina",
"gw": "in",
"sense": "in",
"norm": "ina",
"pos": "PRP",
"epos": "PRP"}
}
,
{
"node": "l",
"frag": "IGI",
"id": "P334540.l05a2f",
"ref": "P334540.29.3",
"inst": "pān[front]N",
"sig": "@saao/saa15%akk-x-neoass:IGI=pānu[front//front]N'N$pān",
"f": {"lang": "akk-x-neoass",
"form": "IGI",
"cf": "pānu",
"gw": "front",
"sense": "front",
"norm": "pān",
"pos": "N",
"epos": "N"}
}
]}
,
{
"node": "l",
"frag": "LUGAL",
"id": "P334540.l05a30",
"ref": "P334540.29.4",
"inst": "šarri[king]N",
"sig": "@saao/saa15%akk-x-neoass:LUGAL=šarru[king//king]N'N$šarri",
"f": {"lang": "akk-x-neoass",
"form": "LUGAL",
"cf": "šarru",
"gw": "king",
"sense": "king",
"norm": "šarri",
"pos": "N",
"epos": "N"}
}
,
{
"node": "l",
"frag": "EN-ia₂",
"id": "P334540.l05a31",
"ref": "P334540.29.5",
"inst": "bēlīya[lord]N",
"sig": "@saao/saa15%akk-x-neoass:EN-ia₂=bēlu[lord//lord]N'N$bēlīya",
"f": {"lang": "akk-x-neoass",
"form": "EN-ia₂",
"cf": "bēlu",
"gw": "lord",
"sense": "lord",
"norm": "bēlīya",
"pos": "N",
"epos": "N"}
}
,
{
"node": "d",
"type": "line-start",
"ref": "P334540.30",
"n": "11",
"label": "r 11"}
,
{
"node": "l",
"frag": "[it-tal]-ka",
"id": "P334540.l05a32",
"ref": "P334540.30.1",
"inst": "ittalka[come]V",
"sig": "@saao/saa15%akk-x-neoass:it-tal-ka=alāku[go//come]V'V$ittalka",
"f": {"lang": "akk-x-neoass",
"form": "it-tal-ka",
"cf": "alāku",
"gw": "go",
"sense": "come",
"norm": "ittalka",
"pos": "V",
"epos": "V"}
}
]}
]}
]}
,
{
"linkbase": [{
"type": "linkset",
"xlink_title": "ina pān[in the presence of//at the disposal of]PRP'PRP",
"id": "P334540.ls00000",
"xlink_type": "extended",
"xlink_role": "psu",
"sig": "{ina[in]PRP pānu[front]N += ina pān[in the presence of//at the disposal of]PRP'PRP}::@saao%akk-x-neoass:ina=ina[in//into]PRP'PRP$ina++@saao%akk-x-neoass:IGI-ia=pānu[front//front]N'N$pānīya",
"links": [
{
"type": "link",
"xlink_title": "ina",
"xlink_type": "locator",
"xlink_href": "#P334540.l059f4",
"xlink_role": "elt"}
,
{
"type": "link",
"xlink_title": "pānīya",
"xlink_type": "locator",
"xlink_href": "#P334540.l059f5",
"xlink_role": "elt"}
]}
,
{
"type": "linkset",
"xlink_title": "ina pān[in the presence of//at the disposal of]PRP'PRP",
"id": "P334540.ls00001",
"xlink_type": "extended",
"xlink_role": "psu",
"sig": "{ina[in]PRP pānu[front]N += ina pān[in the presence of//at the disposal of]PRP'PRP}::@saao%akk-x-neoass:ina=ina[in//into]PRP'PRP$ina++@saao%akk-x-neoass:IGI=pānu[front//front]N'N$pān",
"links": [
{
"type": "link",
"xlink_title": "ina",
"xlink_type": "locator",
"xlink_href": "#P334540.l05a12",
"xlink_role": "elt"}
,
{
"type": "link",
"xlink_title": "pān",
"xlink_type": "locator",
"xlink_href": "#P334540.l05a13",
"xlink_role": "elt"}
]}
,
{
"type": "linkset",
"xlink_title": "ina pān[in the presence of//at the disposal of]PRP'PRP",
"id": "P334540.ls00002",
"xlink_type": "extended",
"xlink_role": "psu",
"sig": "{ina[in]PRP pānu[front]N += ina pān[in the presence of//at the disposal of]PRP'PRP}::@saao%akk-x-neoass:ina=ina[in//into]PRP'PRP$ina++@saao%akk-x-neoass:IGI=pānu[front//front]N'N$pān",
"links": [
{
"type": "link",
"xlink_title": "ina",
"xlink_type": "locator",
"xlink_href": "#P334540.l05a2e",
"xlink_role": "elt"}
,
{
"type": "link",
"xlink_title": "pān",
"xlink_type": "locator",
"xlink_href": "#P334540.l05a2f",
"xlink_role": "elt"}
]}
]}
]}
