{
"type": "cdl",
  "source": "http://oracc.org/saao/saa15",
  "license": "This data is released under the CC0 license",
  "license-url": "https://creativecommons.org/publicdomain/zero/1.0/",
  "more-info": "http://oracc.org/doc/opendata/",
  "UTC-timestamp": "2017-05-19T11:53:42",
"project": "saao/saa15",
"textid": "P334377",
"cdl": [
{
"node": "c",
"type": "text",
"id": "P334377.U0",
"cdl": [
{
"node": "d",
"type": "object",
"ref": ""}
,
{
"node": "d",
"subtype": "obverse",
"type": "surface",
"ref": "P334377.o.1",
"type": "obverse",
"label": "o"}
,
{
"node": "c",
"type": "discourse",
"subtype": "body",
"id": "P334377.U1",
"cdl": [
{
"node": "c",
"type": "sentence",
"id": "P334377.U2",
"label": "o 1 - r 12'",
"cdl": [
{
"node": "d",
"type": "line-start",
"ref": "P334377.2",
"n": "1",
"label": "o 1"}
,
{
"node": "l",
"frag": "a-na\\t",
"id": "P334377.l0037f",
"ref": "P334377.2.1",
"inst": "ana[to]PRP",
"sig": "@saao/saa15%akk-x-neoass:a-na=ana[to//to]PRP'PRP$ana",
"f": {"lang": "akk-x-neoass",
"form": "a-na",
"cf": "ana",
"gw": "to",
"sense": "to",
"norm": "ana",
"pos": "PRP",
"epos": "PRP"}
}
,
{
"node": "l",
"frag": "LUGAL",
"id": "P334377.l00380",
"ref": "P334377.2.2",
"inst": "šarri[king]N",
"sig": "@saao/saa15%akk-x-neoass:LUGAL=šarru[king//king]N'N$šarri",
"f": {"lang": "akk-x-neoass",
"form": "LUGAL",
"cf": "šarru",
"gw": "king",
"sense": "king",
"norm": "šarri",
"pos": "N",
"epos": "N"}
}
,
{
"node": "l",
"frag": "EN-[ia]",
"id": "P334377.l00381",
"ref": "P334377.2.3",
"inst": "bēlīya[lord]N",
"sig": "@saao/saa15%akk-x-neoass:EN-ia=bēlu[lord//lord]N'N$bēlīya",
"f": {"lang": "akk-x-neoass",
"form": "EN-ia",
"cf": "bēlu",
"gw": "lord",
"sense": "lord",
"norm": "bēlīya",
"pos": "N",
"epos": "N"}
}
,
{
"node": "d",
"type": "line-start",
"ref": "P334377.3",
"n": "2",
"label": "o 2"}
,
{
"node": "l",
"frag": "ARAD-ka",
"id": "P334377.l00382",
"ref": "P334377.3.1",
"inst": "urdaka[servant]N",
"sig": "@saao/saa15%akk-x-neoass:ARAD-ka=ardu[slave//servant]N'N$urdaka",
"f": {"lang": "akk-x-neoass",
"form": "ARAD-ka",
"cf": "ardu",
"gw": "slave",
"sense": "servant",
"norm": "urdaka",
"pos": "N",
"epos": "N"}
}
,
{
"node": "l",
"frag": "{1}{d}15--[du-ri]",
"id": "P334377.l00383",
"ref": "P334377.3.2",
"inst": "Issar-duri[]PN$",
"sig": "@saao/saa15%akk-x-neoass:{1}{d}15-du-ri=Issar-duri[1//1]PN'PN$Issar-duri",
"f": {"lang": "akk-x-neoass",
"form": "{1}{d}15-du-ri",
"cf": "Issar-duri",
"gw": "1",
"sense": "1",
"norm": "Issar-duri",
"pos": "PN",
"epos": "PN"}
}
,
{
"node": "d",
"type": "line-start",
"ref": "P334377.4",
"n": "3",
"label": "o 3"}
,
{
"node": "l",
"frag": "lu-u",
"id": "P334377.l00384",
"ref": "P334377.4.1",
"inst": "lū[may]MOD",
"sig": "@saao/saa15%akk-x-neoass:lu-u=lū[may//may]MOD'MOD$lū",
"f": {"lang": "akk-x-neoass",
"form": "lu-u",
"cf": "lū",
"gw": "may",
"sense": "may",
"norm": "lū",
"pos": "MOD",
"epos": "MOD"}
}
,
{
"node": "l",
"frag": "DI-mu",
"id": "P334377.l00385",
"ref": "P334377.4.2",
"inst": "šulmu[health]N",
"sig": "@saao/saa15%akk-x-neoass:DI-mu=šulmu[completeness//health]N'N$šulmu",
"f": {"lang": "akk-x-neoass",
"form": "DI-mu",
"cf": "šulmu",
"gw": "completeness",
"sense": "health",
"norm": "šulmu",
"pos": "N",
"epos": "N"}
}
,
{
"node": "l",
"frag": "a-na\\t",
"id": "P334377.l00386",
"ref": "P334377.4.3",
"inst": "ana[to]PRP",
"sig": "@saao/saa15%akk-x-neoass:a-na=ana[to//to]PRP'PRP$ana",
"f": {"lang": "akk-x-neoass",
"form": "a-na",
"cf": "ana",
"gw": "to",
"sense": "to",
"norm": "ana",
"pos": "PRP",
"epos": "PRP"}
}
,
{
"node": "l",
"frag": "LUGAL",
"id": "P334377.l00387",
"ref": "P334377.4.4",
"inst": "šarri[king]N",
"sig": "@saao/saa15%akk-x-neoass:LUGAL=šarru[king//king]N'N$šarri",
"f": {"lang": "akk-x-neoass",
"form": "LUGAL",
"cf": "šarru",
"gw": "king",
"sense": "king",
"norm": "šarri",
"pos": "N",
"epos": "N"}
}
,
{
"node": "l",
"frag": "EN-ia₂",
"id": "P334377.l00388",
"ref": "P334377.4.5",
"inst": "bēlīya[lord]N",
"sig": "@saao/saa15%akk-x-neoass:EN-ia₂=bēlu[lord//lord]N'N$bēlīya",
"f": {"lang": "akk-x-neoass",
"form": "EN-ia₂",
"cf": "bēlu",
"gw": "lord",
"sense": "lord",
"norm": "bēlīya",
"pos": "N",
"epos": "N"}
}
,
{
"node": "d",
"type": "line-start",
"ref": "P334377.5",
"n": "4",
"label": "o 4"}
,
{
"node": "l",
"frag": "{lu₂v}hu-ub-tu₂",
"id": "P334377.l00389",
"ref": "P334377.5.1",
"inst": "hubtu[captives]N",
"sig": "@saao/saa15%akk-x-neoass:{LU₂}hu-ub-tu₂=hubtu[robbery//captives]N'N$hubtu",
"f": {"lang": "akk-x-neoass",
"form": "{LU₂}hu-ub-tu₂",
"cf": "hubtu",
"gw": "robbery",
"sense": "captives",
"norm": "hubtu",
"pos": "N",
"epos": "N"}
}
,
{
"node": "l",
"frag": "ša\\m",
"id": "P334377.l0038a",
"ref": "P334377.5.2",
"inst": "ša[who]REL",
"sig": "@saao/saa15%akk-x-neoass:ša=ša[that//who]REL'REL$ša",
"f": {"lang": "akk-x-neoass",
"form": "ša",
"cf": "ša",
"gw": "that",
"sense": "who",
"norm": "ša",
"pos": "REL",
"epos": "REL"}
}
,
{
"node": "l",
"frag": "{1}gu-hu-ru",
"id": "P334377.l0038b",
"ref": "P334377.5.3",
"inst": "Guhuru[]PN$",
"sig": "@saao/saa15%akk-x-neoass:{1}gu-hu-ru=Guhuru[1//1]PN'PN$Guhuru",
"f": {"lang": "akk-x-neoass",
"form": "{1}gu-hu-ru",
"cf": "Guhuru",
"gw": "1",
"sense": "1",
"norm": "Guhuru",
"pos": "PN",
"epos": "PN"}
}
,
{
"node": "d",
"type": "line-start",
"ref": "P334377.6",
"n": "5",
"label": "o 5"}
,
{
"node": "l",
"frag": "{lu₂v}qur-bu-te",
"id": "P334377.l0038c",
"ref": "P334377.6.1",
"inst": "ša-qurbūte[(royal) confidant]N",
"sig": "@saao/saa15%akk-x-neoass:{LU₂}qur-bu-te=ša-qurbūti[close follower//(royal) confidant]N'N$ša-qurbūte",
"f": {"lang": "akk-x-neoass",
"form": "{LU₂}qur-bu-te",
"cf": "ša-qurbūti",
"gw": "close follower",
"sense": "(royal) confidant",
"norm": "ša-qurbūte",
"pos": "N",
"epos": "N"}
}
,
{
"node": "l",
"frag": "i-si-šu₂-nu",
"id": "P334377.l0038d",
"ref": "P334377.6.2",
"inst": "issišunu[with]PRP",
"sig": "@saao/saa15%akk-x-neoass:i-si-šu₂-nu=išti[with//with]PRP'PRP$issišunu",
"f": {"lang": "akk-x-neoass",
"form": "i-si-šu₂-nu",
"cf": "išti",
"gw": "with",
"sense": "with",
"norm": "issišunu",
"pos": "PRP",
"epos": "PRP"}
}
,
{
"node": "l",
"frag": "pa-qid-u-ni",
"id": "P334377.l0038e",
"ref": "P334377.6.3",
"inst": "paqdu[entrusted]AJ$paqidūni",
"sig": "@saao/saa15%akk-x-neoass:pa-qid-u-ni=paqdu[entrusted//entrusted]AJ'AJ$paqidūni",
"f": {"lang": "akk-x-neoass",
"form": "pa-qid-u-ni",
"cf": "paqdu",
"gw": "entrusted",
"sense": "entrusted",
"norm": "paqidūni",
"pos": "AJ",
"epos": "AJ"}
}
,
{
"node": "d",
"type": "line-start",
"ref": "P334377.7",
"n": "6",
"label": "o 6"}
,
{
"node": "l",
"frag": "a-na\\t",
"id": "P334377.l0038f",
"ref": "P334377.7.1",
"inst": "ana[to]PRP",
"sig": "@saao/saa15%akk-x-neoass:a-na=ana[to//to]PRP'PRP$ana",
"f": {"lang": "akk-x-neoass",
"form": "a-na",
"cf": "ana",
"gw": "to",
"sense": "to",
"norm": "ana",
"pos": "PRP",
"epos": "PRP"}
}
,
{
"node": "l",
"frag": "{uru}[BAD₃]-{1}MAN-⸢GIN⸣",
"id": "P334377.l00390",
"ref": "P334377.7.2",
"inst": "Dur-Šarruken[1]GN",
"sig": "@saao/saa15%akk-x-neoass:{URU}BAD₃-{1}MAN-GIN=Dur-Šarruken[1//1]GN'GN$Dur-Šarruken",
"f": {"lang": "akk-x-neoass",
"form": "{URU}BAD₃-{1}MAN-GIN",
"cf": "Dur-Šarruken",
"gw": "1",
"sense": "1",
"norm": "Dur-Šarruken",
"pos": "GN",
"epos": "GN"}
}
,
{
"node": "d",
"type": "line-start",
"ref": "P334377.8",
"n": "7",
"label": "o 7"}
,
{
"node": "l",
"frag": "il-[la-ku-ni",
"id": "P334377.l00391",
"ref": "P334377.8.1",
"inst": "illakūni[come]V",
"sig": "@saao/saa15%akk-x-neoass:il-la-ku-ni=alāku[go//come]V'V$illakūni",
"f": {"lang": "akk-x-neoass",
"form": "il-la-ku-ni",
"cf": "alāku",
"gw": "go",
"sense": "come",
"norm": "illakūni",
"pos": "V",
"epos": "V"}
}
,
{
"node": "l",
"frag": "UD",
"id": "P334377.l00392",
"ref": "P334377.8.2",
"inst": "ūm[day]N",
"sig": "@saao/saa15%akk-x-neoass:UD=ūmu[day//day]N'N$ūm",
"f": {"lang": "akk-x-neoass",
"form": "UD",
"cf": "ūmu",
"gw": "day",
"sense": "day",
"norm": "ūm",
"pos": "N",
"epos": "N"}
}
,
{
"node": "l",
"frag": "x]-⸢KAM⸣",
"id": "P334377.l00393",
"ref": "P334377.8.3",
"inst": "n",
"f": {"lang": "akk-x-neoass",
"form": "x-KAM",
"pos": "n"}
}
,
{
"node": "d",
"type": "line-start",
"ref": "P334377.9",
"n": "8",
"label": "o 8"}
,
{
"node": "l",
"frag": "[x",
"id": "P334377.l00394",
"ref": "P334377.9.1",
"inst": "u",
"f": {"lang": "akk-x-neoass",
"form": "x",
"pos": "u"}
}
,
{
"node": "l",
"frag": "x",
"id": "P334377.l00395",
"ref": "P334377.9.2",
"inst": "u",
"f": {"lang": "akk-x-neoass",
"form": "x",
"pos": "u"}
}
,
{
"node": "l",
"frag": "x",
"id": "P334377.l00396",
"ref": "P334377.9.3",
"inst": "u",
"f": {"lang": "akk-x-neoass",
"form": "x",
"pos": "u"}
}
,
{
"node": "l",
"frag": "x",
"id": "P334377.l00397",
"ref": "P334377.9.4",
"inst": "u",
"f": {"lang": "akk-x-neoass",
"form": "x",
"pos": "u"}
}
,
{
"node": "l",
"frag": "x",
"id": "P334377.l00398",
"ref": "P334377.9.5",
"inst": "u",
"f": {"lang": "akk-x-neoass",
"form": "x",
"pos": "u"}
}
,
{
"node": "l",
"frag": "x",
"id": "P334377.l00399",
"ref": "P334377.9.6",
"inst": "u",
"f": {"lang": "akk-x-neoass",
"form": "x",
"pos": "u"}
}
,
{
"node": "l",
"frag": "x]-u-ni",
"id": "P334377.l0039a",
"ref": "P334377.9.7",
"inst": "u",
"f": {"lang": "akk-x-neoass",
"form": "x-u-ni",
"pos": "u"}
}
,
{
"node": "d",
"type": "line-start",
"ref": "P334377.10",
"n": "9",
"label": "o 9"}
,
{
"node": "l",
"frag": "[x",
"id": "P334377.l0039b",
"ref": "P334377.10.1",
"inst": "u",
"f": {"lang": "akk-x-neoass",
"form": "x",
"pos": "u"}
}
,
{
"node": "l",
"frag": "x",
"id": "P334377.l0039c",
"ref": "P334377.10.2",
"inst": "u",
"f": {"lang": "akk-x-neoass",
"form": "x",
"pos": "u"}
}
,
{
"node": "l",
"frag": "x",
"id": "P334377.l0039d",
"ref": "P334377.10.3",
"inst": "u",
"f": {"lang": "akk-x-neoass",
"form": "x",
"pos": "u"}
}
,
{
"node": "l",
"frag": "x",
"id": "P334377.l0039e",
"ref": "P334377.10.4",
"inst": "u",
"f": {"lang": "akk-x-neoass",
"form": "x",
"pos": "u"}
}
,
{
"node": "l",
"frag": "x",
"id": "P334377.l0039f",
"ref": "P334377.10.5",
"inst": "u",
"f": {"lang": "akk-x-neoass",
"form": "x",
"pos": "u"}
}
,
{
"node": "l",
"frag": "x",
"id": "P334377.l003a0",
"ref": "P334377.10.6",
"inst": "u",
"f": {"lang": "akk-x-neoass",
"form": "x",
"pos": "u"}
}
,
{
"node": "l",
"frag": "x",
"id": "P334377.l003a1",
"ref": "P334377.10.7",
"inst": "u",
"f": {"lang": "akk-x-neoass",
"form": "x",
"pos": "u"}
}
,
{
"node": "l",
"frag": "x]",
"id": "P334377.l003a2",
"ref": "P334377.10.8",
"inst": "u",
"f": {"lang": "akk-x-neoass",
"form": "x",
"pos": "u"}
}
,
{
"node": "d",
"type": "line-start",
"ref": "P334377.11",
"n": "10",
"label": "o 10"}
,
{
"node": "l",
"frag": "[x",
"id": "P334377.l003a3",
"ref": "P334377.11.1",
"inst": "u",
"f": {"lang": "akk-x-neoass",
"form": "x",
"pos": "u"}
}
,
{
"node": "l",
"frag": "x",
"id": "P334377.l003a4",
"ref": "P334377.11.2",
"inst": "u",
"f": {"lang": "akk-x-neoass",
"form": "x",
"pos": "u"}
}
,
{
"node": "l",
"frag": "x",
"id": "P334377.l003a5",
"ref": "P334377.11.3",
"inst": "u",
"f": {"lang": "akk-x-neoass",
"form": "x",
"pos": "u"}
}
,
{
"node": "l",
"frag": "x",
"id": "P334377.l003a6",
"ref": "P334377.11.4",
"inst": "u",
"f": {"lang": "akk-x-neoass",
"form": "x",
"pos": "u"}
}
,
{
"node": "l",
"frag": "x",
"id": "P334377.l003a7",
"ref": "P334377.11.5",
"inst": "u",
"f": {"lang": "akk-x-neoass",
"form": "x",
"pos": "u"}
}
,
{
"node": "l",
"frag": "x",
"id": "P334377.l003a8",
"ref": "P334377.11.6",
"inst": "u",
"f": {"lang": "akk-x-neoass",
"form": "x",
"pos": "u"}
}
,
{
"node": "l",
"frag": "x",
"id": "P334377.l003a9",
"ref": "P334377.11.7",
"inst": "u",
"f": {"lang": "akk-x-neoass",
"form": "x",
"pos": "u"}
}
,
{
"node": "l",
"frag": "x]-na\\t",
"id": "P334377.l003aa",
"ref": "P334377.11.8",
"inst": "u",
"f": {"lang": "akk-x-neoass",
"form": "x-na",
"pos": "u"}
}
,
{
"node": "d",
"type": "line-start",
"ref": "P334377.12",
"n": "11",
"label": "o 11"}
,
{
"node": "l",
"frag": "[x",
"id": "P334377.l003ab",
"ref": "P334377.12.1",
"inst": "u",
"f": {"lang": "akk-x-neoass",
"form": "x",
"pos": "u"}
}
,
{
"node": "l",
"frag": "x",
"id": "P334377.l003ac",
"ref": "P334377.12.2",
"inst": "u",
"f": {"lang": "akk-x-neoass",
"form": "x",
"pos": "u"}
}
,
{
"node": "l",
"frag": "x",
"id": "P334377.l003ad",
"ref": "P334377.12.3",
"inst": "u",
"f": {"lang": "akk-x-neoass",
"form": "x",
"pos": "u"}
}
,
{
"node": "l",
"frag": "x",
"id": "P334377.l003ae",
"ref": "P334377.12.4",
"inst": "u",
"f": {"lang": "akk-x-neoass",
"form": "x",
"pos": "u"}
}
,
{
"node": "l",
"frag": "x",
"id": "P334377.l003af",
"ref": "P334377.12.5",
"inst": "u",
"f": {"lang": "akk-x-neoass",
"form": "x",
"pos": "u"}
}
,
{
"node": "l",
"frag": "x",
"id": "P334377.l003b0",
"ref": "P334377.12.6",
"inst": "u",
"f": {"lang": "akk-x-neoass",
"form": "x",
"pos": "u"}
}
,
{
"node": "l",
"frag": "x",
"id": "P334377.l003b1",
"ref": "P334377.12.7",
"inst": "u",
"f": {"lang": "akk-x-neoass",
"form": "x",
"pos": "u"}
}
,
{
"node": "l",
"frag": "x]-⸢ka⸣",
"id": "P334377.l003b2",
"ref": "P334377.12.8",
"inst": "u",
"f": {"lang": "akk-x-neoass",
"form": "x-ka",
"pos": "u"}
}
,
{
"node": "d",
"type": "line-start",
"ref": "P334377.13",
"n": "12",
"label": "o 12"}
,
{
"node": "l",
"frag": "[x",
"id": "P334377.l003b3",
"ref": "P334377.13.1",
"inst": "u",
"f": {"lang": "akk-x-neoass",
"form": "x",
"pos": "u"}
}
,
{
"node": "l",
"frag": "x",
"id": "P334377.l003b4",
"ref": "P334377.13.2",
"inst": "u",
"f": {"lang": "akk-x-neoass",
"form": "x",
"pos": "u"}
}
,
{
"node": "l",
"frag": "x",
"id": "P334377.l003b5",
"ref": "P334377.13.3",
"inst": "u",
"f": {"lang": "akk-x-neoass",
"form": "x",
"pos": "u"}
}
,
{
"node": "l",
"frag": "x",
"id": "P334377.l003b6",
"ref": "P334377.13.4",
"inst": "u",
"f": {"lang": "akk-x-neoass",
"form": "x",
"pos": "u"}
}
,
{
"node": "l",
"frag": "x",
"id": "P334377.l003b7",
"ref": "P334377.13.5",
"inst": "u",
"f": {"lang": "akk-x-neoass",
"form": "x",
"pos": "u"}
}
,
{
"node": "l",
"frag": "x",
"id": "P334377.l003b8",
"ref": "P334377.13.6",
"inst": "u",
"f": {"lang": "akk-x-neoass",
"form": "x",
"pos": "u"}
}
,
{
"node": "l",
"frag": "x",
"id": "P334377.l003b9",
"ref": "P334377.13.7",
"inst": "u",
"f": {"lang": "akk-x-neoass",
"form": "x",
"pos": "u"}
}
,
{
"node": "l",
"frag": "x",
"id": "P334377.l003ba",
"ref": "P334377.13.8",
"inst": "u",
"f": {"lang": "akk-x-neoass",
"form": "x",
"pos": "u"}
}
,
{
"node": "l",
"frag": "x",
"id": "P334377.l003bb",
"ref": "P334377.13.9",
"inst": "u",
"f": {"lang": "akk-x-neoass",
"form": "x",
"pos": "u"}
}
,
{
"node": "l",
"frag": "x]-lu",
"id": "P334377.l003bc",
"ref": "P334377.13.10",
"inst": "u",
"f": {"lang": "akk-x-neoass",
"form": "x-lu",
"pos": "u"}
}
,
{
"node": "d",
"type": "line-start",
"ref": "P334377.14",
"n": "13",
"label": "o 13"}
,
{
"node": "l",
"frag": "[x",
"id": "P334377.l003bd",
"ref": "P334377.14.1",
"inst": "u",
"f": {"lang": "akk-x-neoass",
"form": "x",
"pos": "u"}
}
,
{
"node": "l",
"frag": "x",
"id": "P334377.l003be",
"ref": "P334377.14.2",
"inst": "u",
"f": {"lang": "akk-x-neoass",
"form": "x",
"pos": "u"}
}
,
{
"node": "l",
"frag": "x",
"id": "P334377.l003bf",
"ref": "P334377.14.3",
"inst": "u",
"f": {"lang": "akk-x-neoass",
"form": "x",
"pos": "u"}
}
,
{
"node": "l",
"frag": "x",
"id": "P334377.l003c0",
"ref": "P334377.14.4",
"inst": "u",
"f": {"lang": "akk-x-neoass",
"form": "x",
"pos": "u"}
}
,
{
"node": "l",
"frag": "x",
"id": "P334377.l003c1",
"ref": "P334377.14.5",
"inst": "u",
"f": {"lang": "akk-x-neoass",
"form": "x",
"pos": "u"}
}
,
{
"node": "l",
"frag": "x",
"id": "P334377.l003c2",
"ref": "P334377.14.6",
"inst": "u",
"f": {"lang": "akk-x-neoass",
"form": "x",
"pos": "u"}
}
,
{
"node": "l",
"frag": "x]-bit",
"id": "P334377.l003c3",
"ref": "P334377.14.7",
"inst": "u",
"f": {"lang": "akk-x-neoass",
"form": "x-bit",
"pos": "u"}
}
,
{
"node": "d",
"type": "line-start",
"ref": "P334377.15",
"n": "14",
"label": "o 14"}
,
{
"node": "l",
"frag": "[x",
"id": "P334377.l003c4",
"ref": "P334377.15.1",
"inst": "u",
"f": {"lang": "akk-x-neoass",
"form": "x",
"pos": "u"}
}
,
{
"node": "l",
"frag": "x",
"id": "P334377.l003c5",
"ref": "P334377.15.2",
"inst": "u",
"f": {"lang": "akk-x-neoass",
"form": "x",
"pos": "u"}
}
,
{
"node": "l",
"frag": "x",
"id": "P334377.l003c6",
"ref": "P334377.15.3",
"inst": "u",
"f": {"lang": "akk-x-neoass",
"form": "x",
"pos": "u"}
}
,
{
"node": "l",
"frag": "x",
"id": "P334377.l003c7",
"ref": "P334377.15.4",
"inst": "u",
"f": {"lang": "akk-x-neoass",
"form": "x",
"pos": "u"}
}
,
{
"node": "l",
"frag": "x",
"id": "P334377.l003c8",
"ref": "P334377.15.5",
"inst": "u",
"f": {"lang": "akk-x-neoass",
"form": "x",
"pos": "u"}
}
,
{
"node": "l",
"frag": "x",
"id": "P334377.l003c9",
"ref": "P334377.15.6",
"inst": "u",
"f": {"lang": "akk-x-neoass",
"form": "x",
"pos": "u"}
}
,
{
"node": "l",
"frag": "x]-lak",
"id": "P334377.l003ca",
"ref": "P334377.15.7",
"inst": "u",
"f": {"lang": "akk-x-neoass",
"form": "x-lak",
"pos": "u"}
}
,
{
"node": "d",
"type": "line-start",
"ref": "P334377.16",
"n": "15",
"label": "o 15"}
,
{
"node": "l",
"frag": "[x",
"id": "P334377.l003cb",
"ref": "P334377.16.1",
"inst": "u",
"f": {"lang": "akk-x-neoass",
"form": "x",
"pos": "u"}
}
,
{
"node": "l",
"frag": "x",
"id": "P334377.l003cc",
"ref": "P334377.16.2",
"inst": "u",
"f": {"lang": "akk-x-neoass",
"form": "x",
"pos": "u"}
}
,
{
"node": "l",
"frag": "x",
"id": "P334377.l003cd",
"ref": "P334377.16.3",
"inst": "u",
"f": {"lang": "akk-x-neoass",
"form": "x",
"pos": "u"}
}
,
{
"node": "l",
"frag": "x",
"id": "P334377.l003ce",
"ref": "P334377.16.4",
"inst": "u",
"f": {"lang": "akk-x-neoass",
"form": "x",
"pos": "u"}
}
,
{
"node": "l",
"frag": "x",
"id": "P334377.l003cf",
"ref": "P334377.16.5",
"inst": "u",
"f": {"lang": "akk-x-neoass",
"form": "x",
"pos": "u"}
}
,
{
"node": "l",
"frag": "x",
"id": "P334377.l003d0",
"ref": "P334377.16.6",
"inst": "u",
"f": {"lang": "akk-x-neoass",
"form": "x",
"pos": "u"}
}
,
{
"node": "l",
"frag": "{lu₂v]}hu-ub-tu₂",
"id": "P334377.l003d1",
"ref": "P334377.16.7",
"inst": "hubtu[captives]N",
"sig": "@saao/saa15%akk-x-neoass:{LU₂}hu-ub-tu₂=hubtu[robbery//captives]N'N$hubtu",
"f": {"lang": "akk-x-neoass",
"form": "{LU₂}hu-ub-tu₂",
"cf": "hubtu",
"gw": "robbery",
"sense": "captives",
"norm": "hubtu",
"pos": "N",
"epos": "N"}
}
,
{
"node": "d",
"type": "line-start",
"ref": "P334377.17",
"n": "16",
"label": "o 16"}
,
{
"node": "l",
"frag": "[x",
"id": "P334377.l003d2",
"ref": "P334377.17.1",
"inst": "u",
"f": {"lang": "akk-x-neoass",
"form": "x",
"pos": "u"}
}
,
{
"node": "l",
"frag": "x",
"id": "P334377.l003d3",
"ref": "P334377.17.2",
"inst": "u",
"f": {"lang": "akk-x-neoass",
"form": "x",
"pos": "u"}
}
,
{
"node": "l",
"frag": "x",
"id": "P334377.l003d4",
"ref": "P334377.17.3",
"inst": "u",
"f": {"lang": "akk-x-neoass",
"form": "x",
"pos": "u"}
}
,
{
"node": "l",
"frag": "x",
"id": "P334377.l003d5",
"ref": "P334377.17.4",
"inst": "u",
"f": {"lang": "akk-x-neoass",
"form": "x",
"pos": "u"}
}
,
{
"node": "l",
"frag": "x",
"id": "P334377.l003d6",
"ref": "P334377.17.5",
"inst": "u",
"f": {"lang": "akk-x-neoass",
"form": "x",
"pos": "u"}
}
,
{
"node": "l",
"frag": "x",
"id": "P334377.l003d7",
"ref": "P334377.17.6",
"inst": "u",
"f": {"lang": "akk-x-neoass",
"form": "x",
"pos": "u"}
}
,
{
"node": "l",
"frag": "x",
"id": "P334377.l003d8",
"ref": "P334377.17.7",
"inst": "u",
"f": {"lang": "akk-x-neoass",
"form": "x",
"pos": "u"}
}
,
{
"node": "l",
"frag": "x]+⸢x⸣",
"id": "P334377.l003d9",
"ref": "P334377.17.8",
"inst": "u",
"f": {"lang": "akk-x-neoass",
"form": "x+x",
"pos": "u"}
}
,
{
"node": "d",
"type": "nonx",
"ref": "P334377.18",
"strict": "0",
"extent": "rest",
"state": "missing"}
,
{
"node": "d",
"subtype": "reverse",
"type": "surface",
"ref": "P334377.r.19",
"type": "reverse",
"label": "r"}
,
{
"node": "d",
"type": "nonx",
"ref": "P334377.20",
"strict": "0",
"extent": "beginning",
"state": "missing"}
,
{
"node": "d",
"type": "line-start",
"ref": "P334377.21",
"n": "1'",
"label": "r 1'"}
,
{
"node": "l",
"frag": "[x",
"id": "P334377.l003da",
"ref": "P334377.21.1",
"inst": "u",
"f": {"lang": "akk-x-neoass",
"form": "x",
"pos": "u"}
}
,
{
"node": "l",
"frag": "x",
"id": "P334377.l003db",
"ref": "P334377.21.2",
"inst": "u",
"f": {"lang": "akk-x-neoass",
"form": "x",
"pos": "u"}
}
,
{
"node": "l",
"frag": "x",
"id": "P334377.l003dc",
"ref": "P334377.21.3",
"inst": "u",
"f": {"lang": "akk-x-neoass",
"form": "x",
"pos": "u"}
}
,
{
"node": "l",
"frag": "x]+⸢x⸣",
"id": "P334377.l003dd",
"ref": "P334377.21.4",
"inst": "u",
"f": {"lang": "akk-x-neoass",
"form": "x+x",
"pos": "u"}
}
,
{
"node": "c",
"type": "phrase",
"tag": "phr",
"id": "P334377.U4",
"ref": "P334377.ls00000",
"cdl": [
{
"node": "l",
"frag": "ina",
"id": "P334377.l003de",
"ref": "P334377.21.5",
"inst": "ina[in+=in]PRP",
"sig": "@saao/saa15%akk-x-neoass:ina=ina[in//in]PRP'PRP$ina",
"f": {"lang": "akk-x-neoass",
"form": "ina",
"cf": "ina",
"gw": "in",
"sense": "in",
"norm": "ina",
"pos": "PRP",
"epos": "PRP"}
}
,
{
"node": "l",
"frag": "ŠA₃",
"id": "P334377.l003df",
"ref": "P334377.21.6",
"inst": "libbi[interior]N",
"sig": "@saao/saa15%akk-x-neoass:ŠA₃=libbu[interior//interior]N'N$libbi",
"f": {"lang": "akk-x-neoass",
"form": "ŠA₃",
"cf": "libbu",
"gw": "interior",
"sense": "interior",
"norm": "libbi",
"pos": "N",
"epos": "N"}
}
]}
,
{
"node": "l",
"frag": "[x",
"id": "P334377.l003e0",
"ref": "P334377.21.7",
"inst": "u",
"f": {"lang": "akk-x-neoass",
"form": "x",
"pos": "u"}
}
,
{
"node": "l",
"frag": "x",
"id": "P334377.l003e1",
"ref": "P334377.21.8",
"inst": "u",
"f": {"lang": "akk-x-neoass",
"form": "x",
"pos": "u"}
}
,
{
"node": "l",
"frag": "x",
"id": "P334377.l003e2",
"ref": "P334377.21.9",
"inst": "u",
"f": {"lang": "akk-x-neoass",
"form": "x",
"pos": "u"}
}
,
{
"node": "l",
"frag": "x]",
"id": "P334377.l003e3",
"ref": "P334377.21.10",
"inst": "u",
"f": {"lang": "akk-x-neoass",
"form": "x",
"pos": "u"}
}
,
{
"node": "d",
"type": "line-start",
"ref": "P334377.22",
"n": "2'",
"label": "r 2'"}
,
{
"node": "l",
"frag": "[x",
"id": "P334377.l003e4",
"ref": "P334377.22.1",
"inst": "u",
"f": {"lang": "akk-x-neoass",
"form": "x",
"pos": "u"}
}
,
{
"node": "l",
"frag": "x",
"id": "P334377.l003e5",
"ref": "P334377.22.2",
"inst": "u",
"f": {"lang": "akk-x-neoass",
"form": "x",
"pos": "u"}
}
,
{
"node": "l",
"frag": "x]",
"id": "P334377.l003e6",
"ref": "P334377.22.3",
"inst": "u",
"f": {"lang": "akk-x-neoass",
"form": "x",
"pos": "u"}
}
,
{
"node": "l",
"frag": "i-dan",
"id": "P334377.l003e7",
"ref": "P334377.22.4",
"inst": "tadānu[give]V$iddan",
"sig": "@saao/saa15%akk-x-neoass:i-dan=tadānu[give//give]V'V$iddan",
"f": {"lang": "akk-x-neoass",
"form": "i-dan",
"cf": "tadānu",
"gw": "give",
"sense": "give",
"norm": "iddan",
"pos": "V",
"epos": "V"}
}
,
{
"node": "l",
"frag": "[o]",
"id": "P334377.l003e8",
"ref": "P334377.22.5",
"inst": "u",
"f": {"lang": "akk-x-neoass",
"form": "o",
"pos": "u"}
}
,
{
"node": "d",
"type": "line-start",
"ref": "P334377.23",
"n": "3'",
"label": "r 3'"}
,
{
"node": "l",
"frag": "[x",
"id": "P334377.l003e9",
"ref": "P334377.23.1",
"inst": "u",
"f": {"lang": "akk-x-neoass",
"form": "x",
"pos": "u"}
}
,
{
"node": "l",
"frag": "x",
"id": "P334377.l003ea",
"ref": "P334377.23.2",
"inst": "u",
"f": {"lang": "akk-x-neoass",
"form": "x",
"pos": "u"}
}
,
{
"node": "l",
"frag": "a]-na\\t-ku",
"id": "P334377.l003eb",
"ref": "P334377.23.3",
"inst": "anāku[I]IP",
"sig": "@saao/saa15%akk-x-neoass:a-na-ku=anāku[I//I]IP'IP$anāku",
"f": {"lang": "akk-x-neoass",
"form": "a-na-ku",
"cf": "anāku",
"gw": "I",
"sense": "I",
"norm": "anāku",
"pos": "IP",
"epos": "IP"}
}
,
{
"node": "l",
"frag": "a-ki",
"id": "P334377.l003ec",
"ref": "P334377.23.4",
"inst": "akī[like]PRP",
"sig": "@saao/saa15%akk-x-neoass:a-ki=akī[as//as, like]PRP'PRP$akī",
"f": {"lang": "akk-x-neoass",
"form": "a-ki",
"cf": "akī",
"gw": "as",
"sense": "as, like",
"norm": "akī",
"pos": "PRP",
"epos": "PRP"}
}
,
{
"node": "l",
"frag": "an-ni-[i]",
"id": "P334377.l003ed",
"ref": "P334377.23.5",
"inst": "annî[this]DP",
"sig": "@saao/saa15%akk-x-neoass:an-ni-i=annû[this//this]DP'DP$annî",
"f": {"lang": "akk-x-neoass",
"form": "an-ni-i",
"cf": "annû",
"gw": "this",
"sense": "this",
"norm": "annî",
"pos": "DP",
"epos": "DP"}
}
,
{
"node": "d",
"type": "line-start",
"ref": "P334377.24",
"n": "4'",
"label": "r 4'"}
,
{
"node": "c",
"type": "phrase",
"tag": "phr",
"id": "P334377.U5",
"ref": "P334377.ls00001",
"cdl": [
{
"node": "l",
"frag": "[ina",
"id": "P334377.l003ee",
"ref": "P334377.24.1",
"inst": "ina[in+=to]PRP",
"sig": "@saao/saa15%akk-x-neoass:ina=ina[in//in]PRP'PRP$ina",
"f": {"lang": "akk-x-neoass",
"form": "ina",
"cf": "ina",
"gw": "in",
"sense": "in",
"norm": "ina",
"pos": "PRP",
"epos": "PRP"}
}
,
{
"node": "l",
"frag": "UGU]",
"id": "P334377.l003ef",
"ref": "P334377.24.2",
"inst": "muhhi[skull]N",
"sig": "@saao/saa15%akk-x-neoass:UGU=muhhu[skull//skull]N'N$muhhi",
"f": {"lang": "akk-x-neoass",
"form": "UGU",
"cf": "muhhu",
"gw": "skull",
"sense": "skull",
"norm": "muhhi",
"pos": "N",
"epos": "N"}
}
]}
,
{
"node": "l",
"frag": "{lu₂v}qur-bu-te",
"id": "P334377.l003f0",
"ref": "P334377.24.3",
"inst": "ša-qurbūte[(royal) confidant]N",
"sig": "@saao/saa15%akk-x-neoass:{LU₂}qur-bu-te=ša-qurbūti[close follower//(royal) confidant]N'N$ša-qurbūte",
"f": {"lang": "akk-x-neoass",
"form": "{LU₂}qur-bu-te",
"cf": "ša-qurbūti",
"gw": "close follower",
"sense": "(royal) confidant",
"norm": "ša-qurbūte",
"pos": "N",
"epos": "N"}
}
,
{
"node": "d",
"type": "line-start",
"ref": "P334377.25",
"n": "5'",
"label": "r 5'"}
,
{
"node": "l",
"frag": "[ša",
"id": "P334377.l003f1",
"ref": "P334377.25.1",
"inst": "ša[who]REL",
"sig": "@saao/saa15%akk-x-neoass:ša=ša[that//who]REL'REL$ša",
"f": {"lang": "akk-x-neoass",
"form": "ša",
"cf": "ša",
"gw": "that",
"sense": "who",
"norm": "ša",
"pos": "REL",
"epos": "REL"}
}
,
{
"node": "l",
"frag": "i]-si-šu₂-nu",
"id": "P334377.l003f2",
"ref": "P334377.25.2",
"inst": "issišunu[with]PRP",
"sig": "@saao/saa15%akk-x-neoass:i-si-šu₂-nu=išti[with//with]PRP'PRP$issišunu",
"f": {"lang": "akk-x-neoass",
"form": "i-si-šu₂-nu",
"cf": "išti",
"gw": "with",
"sense": "with",
"norm": "issišunu",
"pos": "PRP",
"epos": "PRP"}
}
,
{
"node": "l",
"frag": "a-sap-ra",
"id": "P334377.l003f3",
"ref": "P334377.25.3",
"inst": "assapra[write]V",
"sig": "@saao/saa15%akk-x-neoass:a-sap-ra=šapāru[send//write]V'V$assapra",
"f": {"lang": "akk-x-neoass",
"form": "a-sap-ra",
"cf": "šapāru",
"gw": "send",
"sense": "write",
"norm": "assapra",
"pos": "V",
"epos": "V"}
}
,
{
"node": "d",
"type": "line-start",
"ref": "P334377.26",
"n": "6'",
"label": "r 6'"}
,
{
"node": "l",
"frag": "[nu-uk]",
"id": "P334377.l003f4",
"ref": "P334377.26.1",
"inst": "nuk[saying]PRP",
"sig": "@saao/saa15%akk-x-neoass:nu-uk=nuk[saying//saying]PRP'PRP$nuk",
"f": {"lang": "akk-x-neoass",
"form": "nu-uk",
"cf": "nuk",
"gw": "saying",
"sense": "saying",
"norm": "nuk",
"pos": "PRP",
"epos": "PRP"}
}
,
{
"node": "l",
"frag": "ina",
"id": "P334377.l003f5",
"ref": "P334377.26.2",
"inst": "ina[to]PRP",
"sig": "@saao/saa15%akk-x-neoass:ina=ina[in//to]PRP'PRP$ina",
"f": {"lang": "akk-x-neoass",
"form": "ina",
"cf": "ina",
"gw": "in",
"sense": "to",
"norm": "ina",
"pos": "PRP",
"epos": "PRP"}
}
,
{
"node": "l",
"frag": "{uru}ba-qar-ri",
"id": "P334377.l003f6",
"ref": "P334377.26.3",
"inst": "Baqarru[]GN$Baqarri",
"sig": "@saao/saa15%akk-x-neoass:{URU}ba-qar-ri=Baqarru[1//1]GN'GN$Baqarri",
"f": {"lang": "akk-x-neoass",
"form": "{URU}ba-qar-ri",
"cf": "Baqarru",
"gw": "1",
"sense": "1",
"norm": "Baqarri",
"pos": "GN",
"epos": "GN"}
}
,
{
"node": "d",
"type": "line-start",
"ref": "P334377.27",
"n": "7'",
"label": "r 7'"}
,
{
"node": "l",
"frag": "[bi-la-šu₂]-nu",
"id": "P334377.l003f7",
"ref": "P334377.27.1",
"inst": "wabālu[bring]V$bīlaššunu",
"sig": "@saao/saa15%akk-x-neoass:bi-la-šu₂-nu=wabālu[bring//bring]V'V$bīlaššunu",
"f": {"lang": "akk-x-neoass",
"form": "bi-la-šu₂-nu",
"cf": "wabālu",
"gw": "bring",
"sense": "bring",
"norm": "bīlaššunu",
"pos": "V",
"epos": "V"}
}
,
{
"node": "c",
"type": "phrase",
"tag": "phr",
"id": "P334377.U6",
"ref": "P334377.ls00002",
"cdl": [
{
"node": "l",
"frag": "ina",
"id": "P334377.l003f8",
"ref": "P334377.27.2",
"inst": "ina[in+=there]PRP",
"sig": "@saao/saa15%akk-x-neoass:ina=ina[in//in]PRP'PRP$ina",
"f": {"lang": "akk-x-neoass",
"form": "ina",
"cf": "ina",
"gw": "in",
"sense": "in",
"norm": "ina",
"pos": "PRP",
"epos": "PRP"}
}
,
{
"node": "l",
"frag": "ŠA₃-bi",
"id": "P334377.l003f9",
"ref": "P334377.27.3",
"inst": "libbi[interior]N",
"sig": "@saao/saa15%akk-x-neoass:ŠA₃-bi=libbu[interior//interior]N'N$libbi",
"f": {"lang": "akk-x-neoass",
"form": "ŠA₃-bi",
"cf": "libbu",
"gw": "interior",
"sense": "interior",
"norm": "libbi",
"pos": "N",
"epos": "N"}
}
]}
,
{
"node": "l",
"frag": "lu",
"id": "P334377.l003fa",
"ref": "P334377.27.4",
"inst": "lū[may]MOD",
"sig": "@saao/saa15%akk-x-neoass:lu=lū[may//may]MOD'MOD$lū",
"f": {"lang": "akk-x-neoass",
"form": "lu",
"cf": "lū",
"gw": "may",
"sense": "may",
"norm": "lū",
"pos": "MOD",
"epos": "MOD"}
}
,
{
"node": "l",
"frag": "šu₂-nu",
"id": "P334377.l003fb",
"ref": "P334377.27.5",
"inst": "šunu[they]IP",
"sig": "@saao/saa15%akk-x-neoass:šu₂-nu=šunu[they//they]IP'IP$šunu",
"f": {"lang": "akk-x-neoass",
"form": "šu₂-nu",
"cf": "šunu",
"gw": "they",
"sense": "they",
"norm": "šunu",
"pos": "IP",
"epos": "IP"}
}
,
{
"node": "l",
"frag": "NINDA-MEŠ\\m",
"id": "P334377.l003fc",
"ref": "P334377.27.6",
"inst": "kusāpī[bread]N",
"sig": "@saao/saa15%akk-x-neoass:NINDA-MEŠ=kusāpu[bread//bread]N'N$kusāpī",
"f": {"lang": "akk-x-neoass",
"form": "NINDA-MEŠ",
"cf": "kusāpu",
"gw": "bread",
"sense": "bread",
"norm": "kusāpī",
"pos": "N",
"epos": "N"}
}
,
{
"node": "l",
"frag": "A-MEŠ",
"id": "P334377.l003fd",
"ref": "P334377.27.7",
"inst": "mê[water]N",
"sig": "@saao/saa15%akk-x-neoass:A-MEŠ=mû[water//water]N'N$mê",
"f": {"lang": "akk-x-neoass",
"form": "A-MEŠ",
"cf": "mû",
"gw": "water",
"sense": "water",
"norm": "mê",
"pos": "N",
"epos": "N"}
}
,
{
"node": "d",
"type": "line-start",
"ref": "P334377.28",
"n": "8'",
"label": "r 8'"}
,
{
"node": "l",
"frag": "[di-na-šu₂]-nu",
"id": "P334377.l003fe",
"ref": "P334377.28.1",
"inst": "tadānu[give]V$dīnaššunu",
"sig": "@saao/saa15%akk-x-neoass:di-na-šu₂-nu=tadānu[give//give]V'V$dīnaššunu",
"f": {"lang": "akk-x-neoass",
"form": "di-na-šu₂-nu",
"cf": "tadānu",
"gw": "give",
"sense": "give",
"norm": "dīnaššunu",
"pos": "V",
"epos": "V"}
}
,
{
"node": "l",
"frag": "u₃",
"id": "P334377.l003ff",
"ref": "P334377.28.2",
"inst": "u[and]CNJ",
"sig": "@saao/saa15%akk-x-neoass:u₃=u[and//and]CNJ'CNJ$u",
"f": {"lang": "akk-x-neoass",
"form": "u₃",
"cf": "u",
"gw": "and",
"sense": "and",
"norm": "u",
"pos": "CNJ",
"epos": "CNJ"}
}
,
{
"node": "l",
"frag": "ina",
"id": "P334377.l00400",
"ref": "P334377.28.3",
"inst": "ina[to]PRP",
"sig": "@saao/saa15%akk-x-neoass:ina=ina[in//to]PRP'PRP$ina",
"f": {"lang": "akk-x-neoass",
"form": "ina",
"cf": "ina",
"gw": "in",
"sense": "to",
"norm": "ina",
"pos": "PRP",
"epos": "PRP"}
}
,
{
"node": "l",
"frag": "E₂.GAL",
"id": "P334377.l00401",
"ref": "P334377.28.4",
"inst": "ēkalli[palace]N",
"sig": "@saao/saa15%akk-x-neoass:E₂.GAL=ēkallu[palace//palace]N'N$ēkalli",
"f": {"lang": "akk-x-neoass",
"form": "E₂.GAL",
"cf": "ēkallu",
"gw": "palace",
"sense": "palace",
"norm": "ēkalli",
"pos": "N",
"epos": "N"}
}
,
{
"node": "d",
"type": "line-start",
"ref": "P334377.29",
"n": "9'",
"label": "r 9'"}
,
{
"node": "l",
"frag": "[ṭe₃-en]-šu₂-nu",
"id": "P334377.l00402",
"ref": "P334377.29.1",
"inst": "ṭēnšunu[report]N",
"sig": "@saao/saa15%akk-x-neoass:ṭe₃-en-šu₂-nu=ṭēmu[(fore)thought//report]N'N$ṭēnšunu",
"f": {"lang": "akk-x-neoass",
"form": "ṭe₃-en-šu₂-nu",
"cf": "ṭēmu",
"gw": "(fore)thought",
"sense": "report",
"norm": "ṭēnšunu",
"pos": "N",
"epos": "N"}
}
,
{
"node": "l",
"frag": "šu-pur",
"id": "P334377.l00403",
"ref": "P334377.29.2",
"inst": "šupur[send]V",
"sig": "@saao/saa15%akk-x-neoass:šu-pur=šapāru[send//send]V'V$šupur",
"f": {"lang": "akk-x-neoass",
"form": "šu-pur",
"cf": "šapāru",
"gw": "send",
"sense": "send",
"norm": "šupur",
"pos": "V",
"epos": "V"}
}
,
{
"node": "d",
"type": "line-start",
"ref": "P334377.30",
"n": "10'",
"label": "r 10'"}
,
{
"node": "l",
"frag": "⸢nu-uk⸣",
"id": "P334377.l00404",
"ref": "P334377.30.1",
"inst": "nuk[saying]PRP",
"sig": "@saao/saa15%akk-x-neoass:nu-uk=nuk[saying//saying]PRP'PRP$nuk",
"f": {"lang": "akk-x-neoass",
"form": "nu-uk",
"cf": "nuk",
"gw": "saying",
"sense": "saying",
"norm": "nuk",
"pos": "PRP",
"epos": "PRP"}
}
,
{
"node": "l",
"frag": "mi-i-nu",
"id": "P334377.l00405",
"ref": "P334377.30.2",
"inst": "mīnu[what?//whatever]QP'XP$",
"sig": "@saao/saa15%akk-x-neoass:mi-i-nu=mīnu[what?//whatever]QP'XP$mīnu",
"f": {"lang": "akk-x-neoass",
"form": "mi-i-nu",
"cf": "mīnu",
"gw": "what?",
"sense": "whatever",
"norm": "mīnu",
"pos": "QP",
"epos": "XP"}
}
,
{
"node": "d",
"type": "line-start",
"ref": "P334377.31",
"n": "11'",
"label": "r 11'"}
,
{
"node": "l",
"frag": "ša\\m",
"id": "P334377.l00406",
"ref": "P334377.31.1",
"inst": "ša[that]REL",
"sig": "@saao/saa15%akk-x-neoass:ša=ša[that//that]REL'REL$ša",
"f": {"lang": "akk-x-neoass",
"form": "ša",
"cf": "ša",
"gw": "that",
"sense": "that",
"norm": "ša",
"pos": "REL",
"epos": "REL"}
}
,
{
"node": "l",
"frag": "TA@v\\p",
"id": "P334377.l00407",
"ref": "P334377.31.2",
"inst": "issu[from]PRP",
"sig": "@saao/saa15%akk-x-neoass:TA@v=ištu[from//from]PRP'PRP$issu",
"f": {"lang": "akk-x-neoass",
"form": "TA@v",
"cf": "ištu",
"gw": "from",
"sense": "from",
"norm": "issu",
"pos": "PRP",
"epos": "PRP"}
}
,
{
"node": "l",
"frag": "E₂\\p.GAL\\p",
"id": "P334377.l00408",
"ref": "P334377.31.3",
"inst": "ēkalli[palace]N",
"sig": "@saao/saa15%akk-x-neoass:E₂.GAL=ēkallu[palace//palace]N'N$ēkalli",
"f": {"lang": "akk-x-neoass",
"form": "E₂.GAL",
"cf": "ēkallu",
"gw": "palace",
"sense": "palace",
"norm": "ēkalli",
"pos": "N",
"epos": "N"}
}
,
{
"node": "l",
"frag": "i\\p-šap-par-u-ni-ka-ni",
"id": "P334377.l00409",
"ref": "P334377.31.4",
"inst": "šapāru[send//write]V$išapparūnikkāni",
"sig": "@saao/saa15%akk-x-neoass:i-šap-par-u-ni-ka-ni=šapāru[send//write]V'V$išapparūnikkāni",
"f": {"lang": "akk-x-neoass",
"form": "i-šap-par-u-ni-ka-ni",
"cf": "šapāru",
"gw": "send",
"sense": "write",
"norm": "išapparūnikkāni",
"pos": "V",
"epos": "V"}
}
,
{
"node": "d",
"type": "line-start",
"ref": "P334377.32",
"n": "12'",
"label": "r 12'"}
,
{
"node": "l",
"frag": "ina",
"id": "P334377.l0040a",
"ref": "P334377.32.1",
"inst": "ina[in]PRP",
"sig": "@saao/saa15%akk-x-neoass:ina=ina[in//in]PRP'PRP$ina",
"f": {"lang": "akk-x-neoass",
"form": "ina",
"cf": "ina",
"gw": "in",
"sense": "in",
"norm": "ina",
"pos": "PRP",
"epos": "PRP"}
}
,
{
"node": "l",
"frag": "pi-it-te",
"id": "P334377.l0040b",
"ref": "P334377.32.2",
"inst": "pitti[just as//accordingly]AV$pitte",
"sig": "@saao/saa15%akk-x-neoass:pi-it-te=pitti[just as//accordingly]AV'AV$pitte",
"f": {"lang": "akk-x-neoass",
"form": "pi-it-te",
"cf": "pitti",
"gw": "just as",
"sense": "accordingly",
"norm": "pitte",
"pos": "AV",
"epos": "AV"}
}
,
{
"node": "l",
"frag": "te-pa-aš₂",
"id": "P334377.l0040c",
"ref": "P334377.32.3",
"inst": "teppaš[do]V",
"sig": "@saao/saa15%akk-x-neoass:te-pa-aš₂=epēšu[do//do]V'V$teppaš",
"f": {"lang": "akk-x-neoass",
"form": "te-pa-aš₂",
"cf": "epēšu",
"gw": "do",
"sense": "do",
"norm": "teppaš",
"pos": "V",
"epos": "V"}
}
]}
]}
]}
,
{
"linkbase": [{
"type": "linkset",
"xlink_title": "ina libbi[in//(in exchange) for]PRP'PRP",
"id": "P334377.ls00000",
"xlink_type": "extended",
"xlink_role": "psu",
"sig": "{ina[in]PRP libbu[interior]N += ina libbi[in//(in exchange) for]PRP'PRP}::@saao%akk-x-neoass:ina=ina[in//into]PRP'PRP$ina++@saao%akk-x-neoass:ŠA₃=libbu[interior//interior]N'N$libbi",
"links": [
{
"type": "link",
"xlink_title": "ina",
"xlink_type": "locator",
"xlink_href": "#P334377.l003de",
"xlink_role": "elt"}
,
{
"type": "link",
"xlink_title": "libbi",
"xlink_type": "locator",
"xlink_href": "#P334377.l003df",
"xlink_role": "elt"}
]}
,
{
"type": "linkset",
"xlink_title": "ina muhhi[on//about]PRP'PRP",
"id": "P334377.ls00001",
"xlink_type": "extended",
"xlink_role": "psu",
"sig": "{ina[in]PRP muhhu[skull]N += ina muhhi[on//about]PRP'PRP}::@saao%akk-x-neoass:ina=ina[in//into]PRP'PRP$ina++@saao%akk-x-neoass:UGU=muhhu[skull//skull]N'N$muhhi",
"links": [
{
"type": "link",
"xlink_title": "ina",
"xlink_type": "locator",
"xlink_href": "#P334377.l003ee",
"xlink_role": "elt"}
,
{
"type": "link",
"xlink_title": "muhhi",
"xlink_type": "locator",
"xlink_href": "#P334377.l003ef",
"xlink_role": "elt"}
]}
,
{
"type": "linkset",
"xlink_title": "ina libbi[in//(in exchange) for]PRP'PRP",
"id": "P334377.ls00002",
"xlink_type": "extended",
"xlink_role": "psu",
"sig": "{ina[in]PRP libbu[interior]N += ina libbi[in//(in exchange) for]PRP'PRP}::@saao%akk-x-neoass:ina=ina[in//into]PRP'PRP$ina++@saao%akk-x-neoass:ŠA₃-bi=libbu[interior//interior]N'N$libbi",
"links": [
{
"type": "link",
"xlink_title": "ina",
"xlink_type": "locator",
"xlink_href": "#P334377.l003f8",
"xlink_role": "elt"}
,
{
"type": "link",
"xlink_title": "libbi",
"xlink_type": "locator",
"xlink_href": "#P334377.l003f9",
"xlink_role": "elt"}
]}
]}
]}
