{
"type": "cdl",
  "source": "http://oracc.org/saao/saa15",
  "license": "This data is released under the CC0 license",
  "license-url": "https://creativecommons.org/publicdomain/zero/1.0/",
  "more-info": "http://oracc.org/doc/opendata/",
  "UTC-timestamp": "2017-05-19T11:53:38",
"project": "saao/saa15",
"textid": "P334117",
"cdl": [
{
"node": "c",
"type": "text",
"id": "P334117.U0",
"cdl": [
{
"node": "d",
"type": "object",
"ref": ""}
,
{
"node": "d",
"subtype": "obverse",
"type": "surface",
"ref": "P334117.o.1",
"type": "obverse",
"label": "o"}
,
{
"node": "c",
"type": "discourse",
"subtype": "body",
"id": "P334117.U1",
"cdl": [
{
"node": "c",
"type": "sentence",
"id": "P334117.U2",
"label": "o 1 - r 2'",
"cdl": [
{
"node": "d",
"type": "line-start",
"ref": "P334117.2",
"n": "1",
"label": "o 1"}
,
{
"node": "l",
"frag": "a-na\\td",
"id": "P334117.l00e26",
"ref": "P334117.2.1",
"inst": "ana[to]PRP",
"sig": "@saao/saa15%akk-x-neoass:a-na=ana[to//to]PRP'PRP$ana",
"f": {"lang": "akk-x-neoass",
"form": "a-na",
"cf": "ana",
"gw": "to",
"sense": "to",
"norm": "ana",
"pos": "PRP",
"epos": "PRP"}
}
,
{
"node": "l",
"frag": "LUGAL",
"id": "P334117.l00e27",
"ref": "P334117.2.2",
"inst": "šarri[king]N",
"sig": "@saao/saa15%akk-x-neoass:LUGAL=šarru[king//king]N'N$šarri",
"f": {"lang": "akk-x-neoass",
"form": "LUGAL",
"cf": "šarru",
"gw": "king",
"sense": "king",
"norm": "šarri",
"pos": "N",
"epos": "N"}
}
,
{
"node": "l",
"frag": "EN-a",
"id": "P334117.l00e28",
"ref": "P334117.2.3",
"inst": "bēlīya[lord]N",
"sig": "@saao/saa15%akk-x-neoass:EN-a=bēlu[lord//lord]N'N$bēlīya",
"f": {"lang": "akk-x-neoass",
"form": "EN-a",
"cf": "bēlu",
"gw": "lord",
"sense": "lord",
"norm": "bēlīya",
"pos": "N",
"epos": "N"}
}
,
{
"node": "d",
"type": "line-start",
"ref": "P334117.3",
"n": "2",
"label": "o 2"}
,
{
"node": "l",
"frag": "ARAD-ka",
"id": "P334117.l00e29",
"ref": "P334117.3.1",
"inst": "urdaka[servant]N",
"sig": "@saao/saa15%akk-x-neoass:ARAD-ka=ardu[slave//servant]N'N$urdaka",
"f": {"lang": "akk-x-neoass",
"form": "ARAD-ka",
"cf": "ardu",
"gw": "slave",
"sense": "servant",
"norm": "urdaka",
"pos": "N",
"epos": "N"}
}
,
{
"node": "l",
"frag": "{1}{d}PA-EN-GIN",
"id": "P334117.l00e2a",
"ref": "P334117.3.2",
"inst": "Nabu-belu-kaʾʾin[]PN$",
"sig": "@saao/saa15%akk-x-neoass:{1}{d}PA-EN-GIN=Nabu-belu-kaʾʾin[1//1]PN'PN$Nabu-belu-kaʾʾin",
"f": {"lang": "akk-x-neoass",
"form": "{1}{d}PA-EN-GIN",
"cf": "Nabu-belu-kaʾʾin",
"gw": "1",
"sense": "1",
"norm": "Nabu-belu-kaʾʾin",
"pos": "PN",
"epos": "PN"}
}
,
{
"node": "d",
"type": "line-start",
"ref": "P334117.4",
"n": "3",
"label": "o 3"}
,
{
"node": "l",
"frag": "lu",
"id": "P334117.l00e2b",
"ref": "P334117.4.1",
"inst": "lū[may]MOD",
"sig": "@saao/saa15%akk-x-neoass:lu=lū[may//may]MOD'MOD$lū",
"f": {"lang": "akk-x-neoass",
"form": "lu",
"cf": "lū",
"gw": "may",
"sense": "may",
"norm": "lū",
"pos": "MOD",
"epos": "MOD"}
}
,
{
"node": "l",
"frag": "DI-mu",
"id": "P334117.l00e2c",
"ref": "P334117.4.2",
"inst": "šulmu[health]N",
"sig": "@saao/saa15%akk-x-neoass:DI-mu=šulmu[completeness//health]N'N$šulmu",
"f": {"lang": "akk-x-neoass",
"form": "DI-mu",
"cf": "šulmu",
"gw": "completeness",
"sense": "health",
"norm": "šulmu",
"pos": "N",
"epos": "N"}
}
,
{
"node": "d",
"type": "line-start",
"ref": "P334117.5",
"n": "4",
"label": "o 4"}
,
{
"node": "l",
"frag": "a-na\\td",
"id": "P334117.l00e2d",
"ref": "P334117.5.1",
"inst": "ana[to]PRP",
"sig": "@saao/saa15%akk-x-neoass:a-na=ana[to//to]PRP'PRP$ana",
"f": {"lang": "akk-x-neoass",
"form": "a-na",
"cf": "ana",
"gw": "to",
"sense": "to",
"norm": "ana",
"pos": "PRP",
"epos": "PRP"}
}
,
{
"node": "l",
"frag": "LUGAL",
"id": "P334117.l00e2e",
"ref": "P334117.5.2",
"inst": "šarri[king]N",
"sig": "@saao/saa15%akk-x-neoass:LUGAL=šarru[king//king]N'N$šarri",
"f": {"lang": "akk-x-neoass",
"form": "LUGAL",
"cf": "šarru",
"gw": "king",
"sense": "king",
"norm": "šarri",
"pos": "N",
"epos": "N"}
}
,
{
"node": "l",
"frag": "EN-a",
"id": "P334117.l00e2f",
"ref": "P334117.5.3",
"inst": "bēlīya[lord]N",
"sig": "@saao/saa15%akk-x-neoass:EN-a=bēlu[lord//lord]N'N$bēlīya",
"f": {"lang": "akk-x-neoass",
"form": "EN-a",
"cf": "bēlu",
"gw": "lord",
"sense": "lord",
"norm": "bēlīya",
"pos": "N",
"epos": "N"}
}
,
{
"node": "d",
"type": "line-start",
"ref": "P334117.6",
"n": "5",
"label": "o 5"}
,
{
"node": "l",
"frag": "{lu₂v}um\\d-ma-nu",
"id": "P334117.l00e30",
"ref": "P334117.6.1",
"inst": "ummiānu[scholar]N$ummânu",
"sig": "@saao/saa15%akk-x-neoass:{LU₂}um-ma-nu=ummiānu[scholar//scholar]N'N$ummânu",
"f": {"lang": "akk-x-neoass",
"form": "{LU₂}um-ma-nu",
"cf": "ummiānu",
"gw": "scholar",
"sense": "scholar",
"norm": "ummânu",
"pos": "N",
"epos": "N"}
}
,
{
"node": "d",
"type": "line-start",
"ref": "P334117.7",
"n": "6",
"label": "o 6"}
,
{
"node": "l",
"frag": "ša\\d",
"id": "P334117.l00e31",
"ref": "P334117.7.1",
"inst": "ša[who]REL",
"sig": "@saao/saa15%akk-x-neoass:ša=ša[that//who]REL'REL$ša",
"f": {"lang": "akk-x-neoass",
"form": "ša",
"cf": "ša",
"gw": "that",
"sense": "who",
"norm": "ša",
"pos": "REL",
"epos": "REL"}
}
,
{
"node": "c",
"type": "phrase",
"tag": "phr",
"id": "P334117.U4",
"ref": "P334117.ls00000",
"cdl": [
{
"node": "l",
"frag": "ina",
"id": "P334117.l00e32",
"ref": "P334117.7.2",
"inst": "ina[in+=in the presence of]PRP$",
"sig": "@saao/saa15%akk-x-neoass:ina=ina[in//in]PRP'PRP$ina",
"f": {"lang": "akk-x-neoass",
"form": "ina",
"cf": "ina",
"gw": "in",
"sense": "in",
"norm": "ina",
"pos": "PRP",
"epos": "PRP"}
}
,
{
"node": "l",
"frag": "IGI-a",
"id": "P334117.l00e33",
"ref": "P334117.7.3",
"inst": "pānu[front]N$pānīya",
"sig": "@saao/saa15%akk-x-neoass:IGI-a=pānu[front//front]N'N$pānīya",
"f": {"lang": "akk-x-neoass",
"form": "IGI-a",
"cf": "pānu",
"gw": "front",
"sense": "front",
"norm": "pānīya",
"pos": "N",
"epos": "N"}
}
]}
,
{
"node": "l",
"frag": "{⸢lu₂v⸣}IGI.DUB\\m",
"id": "P334117.l00e34",
"ref": "P334117.7.4",
"inst": "mašennu[(an administrator)//treasurer]N$masennu",
"sig": "@saao/saa15%akk-x-neoass:{LU₂}IGI.DUB=mašennu[(an administrator)//treasurer]N'N$masennu",
"f": {"lang": "akk-x-neoass",
"form": "{LU₂}IGI.DUB",
"cf": "mašennu",
"gw": "(an administrator)",
"sense": "treasurer",
"norm": "masennu",
"pos": "N",
"epos": "N"}
}
,
{
"node": "d",
"type": "line-start",
"ref": "P334117.8",
"n": "7",
"label": "o 7"}
,
{
"node": "l",
"frag": "i-sa-⸢ap⸣-[ra",
"id": "P334117.l00e35",
"ref": "P334117.8.1",
"inst": "issapra[write]V",
"sig": "@saao/saa15%akk-x-neoass:i-sa-ap-ra=šapāru[send//write]V'V$issapra",
"f": {"lang": "akk-x-neoass",
"form": "i-sa-ap-ra",
"cf": "šapāru",
"gw": "send",
"sense": "write",
"norm": "issapra",
"pos": "V",
"epos": "V"}
}
,
{
"node": "l",
"frag": "ma-a]",
"id": "P334117.l00e36",
"ref": "P334117.8.2",
"inst": "mā[saying]PRP",
"sig": "@saao/saa15%akk-x-neoass:ma-a=mā[saying//saying]PRP'PRP$mā",
"f": {"lang": "akk-x-neoass",
"form": "ma-a",
"cf": "mā",
"gw": "saying",
"sense": "saying",
"norm": "mā",
"pos": "PRP",
"epos": "PRP"}
}
,
{
"node": "d",
"type": "nonx",
"ref": "P334117.9",
"strict": "0",
"extent": "rest",
"state": "missing"}
,
{
"node": "d",
"subtype": "reverse",
"type": "surface",
"ref": "P334117.r.10",
"type": "reverse",
"label": "r"}
,
{
"node": "d",
"type": "nonx",
"ref": "P334117.11",
"strict": "0",
"extent": "beginning",
"state": "missing"}
,
{
"node": "d",
"type": "line-start",
"ref": "P334117.12",
"n": "1'",
"label": "r 1'"}
,
{
"node": "l",
"frag": "{⸢lu₂v⸣}um\\d-⸢ma⸣-[ni]",
"id": "P334117.l00e37",
"ref": "P334117.12.1",
"inst": "ummânī[scholar]N",
"sig": "@saao/saa15%akk-x-neoass:{LU₂}um-ma-ni=ummiānu[scholar//scholar]N'N$ummânī",
"f": {"lang": "akk-x-neoass",
"form": "{LU₂}um-ma-ni",
"cf": "ummiānu",
"gw": "scholar",
"sense": "scholar",
"norm": "ummânī",
"pos": "N",
"epos": "N"}
}
,
{
"node": "d",
"type": "line-start",
"ref": "P334117.13",
"n": "2'",
"label": "r 2'"}
,
{
"node": "l",
"frag": "e-ra-bu-⸢ni⸣",
"id": "P334117.l00e38",
"ref": "P334117.13.1",
"inst": "erēbu[enter]V$errabūni",
"sig": "@saao/saa15%akk-x-neoass:e-ra-bu-ni=erēbu[enter//enter]V'V$errabūni",
"f": {"lang": "akk-x-neoass",
"form": "e-ra-bu-ni",
"cf": "erēbu",
"gw": "enter",
"sense": "enter",
"norm": "errabūni",
"pos": "V",
"epos": "V"}
}
]}
]}
]}
,
{
"linkbase": [{
"type": "linkset",
"xlink_title": "ina pān[in the presence of//at the disposal of]PRP'PRP",
"id": "P334117.ls00000",
"xlink_type": "extended",
"xlink_role": "psu",
"sig": "{ina[in]PRP pānu[front]N += ina pān[in the presence of//at the disposal of]PRP'PRP}::@saao%akk-x-neoass:ina=ina[in//into]PRP'PRP$ina++@saao%akk-x-neoass:IGI-a=pānu[front//front]N'N$pānīya",
"links": [
{
"type": "link",
"xlink_title": "ina",
"xlink_type": "locator",
"xlink_href": "#P334117.l00e32",
"xlink_role": "elt"}
,
{
"type": "link",
"xlink_title": "pānu",
"xlink_type": "locator",
"xlink_href": "#P334117.l00e33",
"xlink_role": "elt"}
]}
]}
]}
