{
"type": "cdl",
  "source": "http://oracc.org/saao/saa15",
  "license": "This data is released under the CC0 license",
  "license-url": "https://creativecommons.org/publicdomain/zero/1.0/",
  "more-info": "http://oracc.org/doc/opendata/",
  "UTC-timestamp": "2017-05-19T11:53:38",
"project": "saao/saa15",
"textid": "P334155",
"cdl": [
{
"node": "c",
"type": "text",
"id": "P334155.U0",
"cdl": [
{
"node": "d",
"type": "object",
"ref": ""}
,
{
"node": "d",
"subtype": "obverse",
"type": "surface",
"ref": "P334155.o.1",
"type": "obverse",
"label": "o"}
,
{
"node": "c",
"type": "discourse",
"subtype": "body",
"id": "P334155.U1",
"cdl": [
{
"node": "c",
"type": "sentence",
"id": "P334155.U2",
"label": "o 1 - r 12",
"cdl": [
{
"node": "d",
"type": "line-start",
"ref": "P334155.2",
"n": "1",
"label": "o 1"}
,
{
"node": "l",
"frag": "a-na",
"id": "P334155.l04cca",
"ref": "P334155.2.1",
"inst": "ana[to]PRP",
"sig": "@saao/saa15%akk-x-neoass:a-na=ana[to//to]PRP'PRP$ana",
"f": {"lang": "akk-x-neoass",
"form": "a-na",
"cf": "ana",
"gw": "to",
"sense": "to",
"norm": "ana",
"pos": "PRP",
"epos": "PRP"}
}
,
{
"node": "l",
"frag": "LUGAL",
"id": "P334155.l04ccb",
"ref": "P334155.2.2",
"inst": "šarri[king]N",
"sig": "@saao/saa15%akk-x-neoass:LUGAL=šarru[king//king]N'N$šarri",
"f": {"lang": "akk-x-neoass",
"form": "LUGAL",
"cf": "šarru",
"gw": "king",
"sense": "king",
"norm": "šarri",
"pos": "N",
"epos": "N"}
}
,
{
"node": "l",
"frag": "be-li₂-⸢ia⸣",
"id": "P334155.l04ccc",
"ref": "P334155.2.3",
"inst": "bēlīya[lord]N",
"sig": "@saao/saa15%akk-x-neoass:be-li₂-ia=bēlu[lord//lord]N'N$bēlīya",
"f": {"lang": "akk-x-neoass",
"form": "be-li₂-ia",
"cf": "bēlu",
"gw": "lord",
"sense": "lord",
"norm": "bēlīya",
"pos": "N",
"epos": "N"}
}
,
{
"node": "d",
"type": "line-start",
"ref": "P334155.3",
"n": "2",
"label": "o 2"}
,
{
"node": "l",
"frag": "ARAD-ka",
"id": "P334155.l04ccd",
"ref": "P334155.3.1",
"inst": "urdaka[servant]N",
"sig": "@saao/saa15%akk-x-neoass:ARAD-ka=ardu[slave//servant]N'N$urdaka",
"f": {"lang": "akk-x-neoass",
"form": "ARAD-ka",
"cf": "ardu",
"gw": "slave",
"sense": "servant",
"norm": "urdaka",
"pos": "N",
"epos": "N"}
}
,
{
"node": "l",
"frag": "{1}aš-šur-⸢U⸣-[LAL-in]",
"id": "P334155.l04cce",
"ref": "P334155.3.2",
"inst": "Aššur-belu-taqqin[1]PN",
"sig": "@saao/saa15%akk-x-neoass:{1}aš-šur-U-LAL-in=Aššur-belu-taqqin[1//1]PN'PN$Aššur-belu-taqqin",
"f": {"lang": "akk-x-neoass",
"form": "{1}aš-šur-U-LAL-in",
"cf": "Aššur-belu-taqqin",
"gw": "1",
"sense": "1",
"norm": "Aššur-belu-taqqin",
"pos": "PN",
"epos": "PN"}
}
,
{
"node": "d",
"type": "line-start",
"ref": "P334155.4",
"n": "3",
"label": "o 3"}
,
{
"node": "l",
"frag": "lu-u",
"id": "P334155.l04ccf",
"ref": "P334155.4.1",
"inst": "lū[may]MOD",
"sig": "@saao/saa15%akk-x-neoass:lu-u=lū[may//may]MOD'MOD$lū",
"f": {"lang": "akk-x-neoass",
"form": "lu-u",
"cf": "lū",
"gw": "may",
"sense": "may",
"norm": "lū",
"pos": "MOD",
"epos": "MOD"}
}
,
{
"node": "l",
"frag": "DI-mu",
"id": "P334155.l04cd0",
"ref": "P334155.4.2",
"inst": "šulmu[health]N",
"sig": "@saao/saa15%akk-x-neoass:DI-mu=šulmu[completeness//health]N'N$šulmu",
"f": {"lang": "akk-x-neoass",
"form": "DI-mu",
"cf": "šulmu",
"gw": "completeness",
"sense": "health",
"norm": "šulmu",
"pos": "N",
"epos": "N"}
}
,
{
"node": "l",
"frag": "a-na",
"id": "P334155.l04cd1",
"ref": "P334155.4.3",
"inst": "ana[to]PRP",
"sig": "@saao/saa15%akk-x-neoass:a-na=ana[to//to]PRP'PRP$ana",
"f": {"lang": "akk-x-neoass",
"form": "a-na",
"cf": "ana",
"gw": "to",
"sense": "to",
"norm": "ana",
"pos": "PRP",
"epos": "PRP"}
}
,
{
"node": "l",
"frag": "LUGAL",
"id": "P334155.l04cd2",
"ref": "P334155.4.4",
"inst": "šarri[king]N",
"sig": "@saao/saa15%akk-x-neoass:LUGAL=šarru[king//king]N'N$šarri",
"f": {"lang": "akk-x-neoass",
"form": "LUGAL",
"cf": "šarru",
"gw": "king",
"sense": "king",
"norm": "šarri",
"pos": "N",
"epos": "N"}
}
,
{
"node": "l",
"frag": "be-⸢li₂-ia₂⸣",
"id": "P334155.l04cd3",
"ref": "P334155.4.5",
"inst": "bēlīya[lord]N",
"sig": "@saao/saa15%akk-x-neoass:be-li₂-ia₂=bēlu[lord//lord]N'N$bēlīya",
"f": {"lang": "akk-x-neoass",
"form": "be-li₂-ia₂",
"cf": "bēlu",
"gw": "lord",
"sense": "lord",
"norm": "bēlīya",
"pos": "N",
"epos": "N"}
}
,
{
"node": "d",
"type": "line-start",
"ref": "P334155.5",
"n": "4",
"label": "o 4"}
,
{
"node": "c",
"type": "phrase",
"tag": "phr",
"id": "P334155.U4",
"ref": "P334155.ls00000",
"cdl": [
{
"node": "l",
"frag": "ina",
"id": "P334155.l04cd4",
"ref": "P334155.5.1",
"inst": "ina[in+=concerning]PRP",
"sig": "@saao/saa15%akk-x-neoass:ina=ina[in//in]PRP'PRP$ina",
"f": {"lang": "akk-x-neoass",
"form": "ina",
"cf": "ina",
"gw": "in",
"sense": "in",
"norm": "ina",
"pos": "PRP",
"epos": "PRP"}
}
,
{
"node": "l",
"frag": "UGU",
"id": "P334155.l04cd5",
"ref": "P334155.5.2",
"inst": "muhhi[skull]N",
"sig": "@saao/saa15%akk-x-neoass:UGU=muhhu[skull//skull]N'N$muhhi",
"f": {"lang": "akk-x-neoass",
"form": "UGU",
"cf": "muhhu",
"gw": "skull",
"sense": "skull",
"norm": "muhhi",
"pos": "N",
"epos": "N"}
}
]}
,
{
"node": "l",
"frag": "UN-MEŠ",
"id": "P334155.l04cd6",
"ref": "P334155.5.3",
"inst": "nišē[people]N",
"sig": "@saao/saa15%akk-x-neoass:UN-MEŠ=nišu[people//people]N'N$nišē",
"f": {"lang": "akk-x-neoass",
"form": "UN-MEŠ",
"cf": "nišu",
"gw": "people",
"sense": "people",
"norm": "nišē",
"pos": "N",
"epos": "N"}
}
,
{
"node": "l",
"frag": "ša",
"id": "P334155.l04cd7",
"ref": "P334155.5.4",
"inst": "ša[of]DET",
"sig": "@saao/saa15%akk-x-neoass:ša=ša[of//of]DET'DET$ša",
"f": {"lang": "akk-x-neoass",
"form": "ša",
"cf": "ša",
"gw": "of",
"sense": "of",
"norm": "ša",
"pos": "DET",
"epos": "DET"}
}
,
{
"node": "l",
"frag": "{1}ha-za-⸢nu⸣",
"id": "P334155.l04cd8",
"ref": "P334155.5.5",
"inst": "Hazannu[]PN$",
"sig": "@saao/saa15%akk-x-neoass:{1}ha-za-nu=Hazannu[1//1]PN'PN$Hazannu",
"f": {"lang": "akk-x-neoass",
"form": "{1}ha-za-nu",
"cf": "Hazannu",
"gw": "1",
"sense": "1",
"norm": "Hazannu",
"pos": "PN",
"epos": "PN"}
}
,
{
"node": "d",
"type": "line-start",
"ref": "P334155.6",
"n": "5",
"label": "o 5"}
,
{
"node": "l",
"frag": "ša",
"id": "P334155.l04cd9",
"ref": "P334155.6.1",
"inst": "ša[who]REL",
"sig": "@saao/saa15%akk-x-neoass:ša=ša[that//who]REL'REL$ša",
"f": {"lang": "akk-x-neoass",
"form": "ša",
"cf": "ša",
"gw": "that",
"sense": "who",
"norm": "ša",
"pos": "REL",
"epos": "REL"}
}
,
{
"node": "l",
"frag": "LUGAL\\t",
"id": "P334155.l04cda",
"ref": "P334155.6.2",
"inst": "šarru[king]N",
"sig": "@saao/saa15%akk-x-neoass:LUGAL=šarru[king//king]N'N$šarru",
"f": {"lang": "akk-x-neoass",
"form": "LUGAL",
"cf": "šarru",
"gw": "king",
"sense": "king",
"norm": "šarru",
"pos": "N",
"epos": "N"}
}
,
{
"node": "l",
"frag": "be-li₂",
"id": "P334155.l04cdb",
"ref": "P334155.6.3",
"inst": "bēlī[lord]N",
"sig": "@saao/saa15%akk-x-neoass:be-li₂=bēlu[lord//lord]N'N$bēlī",
"f": {"lang": "akk-x-neoass",
"form": "be-li₂",
"cf": "bēlu",
"gw": "lord",
"sense": "lord",
"norm": "bēlī",
"pos": "N",
"epos": "N"}
}
,
{
"node": "l",
"frag": "iš-pur-an-ni",
"id": "P334155.l04cdc",
"ref": "P334155.6.4",
"inst": "išpuranni[write]V",
"sig": "@saao/saa15%akk-x-neoass:iš-pur-an-ni=šapāru[send//write]V'V$išpuranni",
"f": {"lang": "akk-x-neoass",
"form": "iš-pur-an-ni",
"cf": "šapāru",
"gw": "send",
"sense": "write",
"norm": "išpuranni",
"pos": "V",
"epos": "V"}
}
,
{
"node": "d",
"type": "line-start",
"ref": "P334155.7",
"n": "6",
"label": "o 6"}
,
{
"node": "l",
"frag": "an-nu-rig",
"id": "P334155.l04cdd",
"ref": "P334155.7.1",
"inst": "annurig[now]AV",
"sig": "@saao/saa15%akk-x-neoass:an-nu-rig=annûri[now//now]AV'AV$annurig",
"f": {"lang": "akk-x-neoass",
"form": "an-nu-rig",
"cf": "annûri",
"gw": "now",
"sense": "now",
"norm": "annurig",
"pos": "AV",
"epos": "AV"}
}
,
{
"node": "l",
"frag": "gab-bi-šu₂-nu",
"id": "P334155.l04cde",
"ref": "P334155.7.2",
"inst": "gabbišunu[all]N",
"sig": "@saao/saa15%akk-x-neoass:gab-bi-šu₂-nu=gabbu[totality//all]N'N$gabbišunu",
"f": {"lang": "akk-x-neoass",
"form": "gab-bi-šu₂-nu",
"cf": "gabbu",
"gw": "totality",
"sense": "all",
"norm": "gabbišunu",
"pos": "N",
"epos": "N"}
}
,
{
"node": "l",
"frag": "up-ta-hir",
"id": "P334155.l04cdf",
"ref": "P334155.7.3",
"inst": "pahāru[gather]V$uptahhir",
"sig": "@saao/saa15%akk-x-neoass:up-ta-hir=pahāru[gather//gather]V'V$uptahhir",
"f": {"lang": "akk-x-neoass",
"form": "up-ta-hir",
"cf": "pahāru",
"gw": "gather",
"sense": "gather",
"norm": "uptahhir",
"pos": "V",
"epos": "V"}
}
,
{
"node": "d",
"type": "line-start",
"ref": "P334155.8",
"n": "7",
"label": "o 7"}
,
{
"node": "l",
"frag": "a-na",
"id": "P334155.l04ce0",
"ref": "P334155.8.1",
"inst": "ana[to]PRP",
"sig": "@saao/saa15%akk-x-neoass:a-na=ana[to//to]PRP'PRP$ana",
"f": {"lang": "akk-x-neoass",
"form": "a-na",
"cf": "ana",
"gw": "to",
"sense": "to",
"norm": "ana",
"pos": "PRP",
"epos": "PRP"}
}
,
{
"node": "l",
"frag": "šu-ma\\d-a-ti",
"id": "P334155.l04ce1",
"ref": "P334155.8.2",
"inst": "šumu[name]N$šumāti",
"sig": "@saao/saa15%akk-x-neoass:šu-ma-a-ti=šumu[name//name]N'N$šumāti",
"f": {"lang": "akk-x-neoass",
"form": "šu-ma-a-ti",
"cf": "šumu",
"gw": "name",
"sense": "name",
"norm": "šumāti",
"pos": "N",
"epos": "N"}
}
,
{
"node": "l",
"frag": "a-sa-ṭar",
"id": "P334155.l04ce2",
"ref": "P334155.8.3",
"inst": "assaṭar[write]V",
"sig": "@saao/saa15%akk-x-neoass:a-sa-ṭar=šaṭāru[write//write]V'V$assaṭar",
"f": {"lang": "akk-x-neoass",
"form": "a-sa-ṭar",
"cf": "šaṭāru",
"gw": "write",
"sense": "write",
"norm": "assaṭar",
"pos": "V",
"epos": "V"}
}
,
{
"node": "c",
"type": "phrase",
"tag": "phr",
"id": "P334155.U5",
"ref": "P334155.ls00001",
"cdl": [
{
"node": "l",
"frag": "a-na",
"id": "P334155.l04ce3",
"ref": "P334155.8.4",
"inst": "ana[to+=to]PRP",
"sig": "@saao/saa15%akk-x-neoass:a-na=ana[to//to]PRP'PRP$ana",
"f": {"lang": "akk-x-neoass",
"form": "a-na",
"cf": "ana",
"gw": "to",
"sense": "to",
"norm": "ana",
"pos": "PRP",
"epos": "PRP"}
}
,
{
"node": "l",
"frag": "pa-an",
"id": "P334155.l04ce4",
"ref": "P334155.8.5",
"inst": "pān[front]N",
"sig": "@saao/saa15%akk-x-neoass:pa-an=pānu[front//front]N'N$pān",
"f": {"lang": "akk-x-neoass",
"form": "pa-an",
"cf": "pānu",
"gw": "front",
"sense": "front",
"norm": "pān",
"pos": "N",
"epos": "N"}
}
]}
,
{
"node": "d",
"type": "line-start",
"ref": "P334155.9",
"n": "8",
"label": "o 8"}
,
{
"node": "l",
"frag": "LUGAL",
"id": "P334155.l04ce5",
"ref": "P334155.9.1",
"inst": "šarri[king]N",
"sig": "@saao/saa15%akk-x-neoass:LUGAL=šarru[king//king]N'N$šarri",
"f": {"lang": "akk-x-neoass",
"form": "LUGAL",
"cf": "šarru",
"gw": "king",
"sense": "king",
"norm": "šarri",
"pos": "N",
"epos": "N"}
}
,
{
"node": "l",
"frag": "be-li₂-ia₂",
"id": "P334155.l04ce6",
"ref": "P334155.9.2",
"inst": "bēlīya[lord]N",
"sig": "@saao/saa15%akk-x-neoass:be-li₂-ia₂=bēlu[lord//lord]N'N$bēlīya",
"f": {"lang": "akk-x-neoass",
"form": "be-li₂-ia₂",
"cf": "bēlu",
"gw": "lord",
"sense": "lord",
"norm": "bēlīya",
"pos": "N",
"epos": "N"}
}
,
{
"node": "l",
"frag": "u₂-se-bi-la",
"id": "P334155.l04ce7",
"ref": "P334155.9.3",
"inst": "ussēbila[send]V",
"sig": "@saao/saa15%akk-x-neoass:u₂-se-bi-la=wabālu[bring//send]V'V$ussēbila",
"f": {"lang": "akk-x-neoass",
"form": "u₂-se-bi-la",
"cf": "wabālu",
"gw": "bring",
"sense": "send",
"norm": "ussēbila",
"pos": "V",
"epos": "V"}
}
,
{
"node": "l",
"frag": "{1}u₂-ba\\t-ra",
"id": "P334155.l04ce8",
"ref": "P334155.9.4",
"inst": "Ubaru[]PN$Ubara",
"sig": "@saao/saa15%akk-x-neoass:{1}u₂-ba-ra=Ubaru[1//1]PN'PN$Ubara",
"f": {"lang": "akk-x-neoass",
"form": "{1}u₂-ba-ra",
"cf": "Ubaru",
"gw": "1",
"sense": "1",
"norm": "Ubara",
"pos": "PN",
"epos": "PN"}
}
,
{
"node": "d",
"type": "line-start",
"ref": "P334155.10",
"n": "9",
"label": "o 9"}
,
{
"node": "l",
"frag": "{1}{d}PA-ba\\t-ni",
"id": "P334155.l04ce9",
"ref": "P334155.10.1",
"inst": "Nabu-bani[]PN$",
"sig": "@saao/saa15%akk-x-neoass:{1}{d}PA-ba-ni=Nabu-bani[1//1]PN'PN$Nabu-bani",
"f": {"lang": "akk-x-neoass",
"form": "{1}{d}PA-ba-ni",
"cf": "Nabu-bani",
"gw": "1",
"sense": "1",
"norm": "Nabu-bani",
"pos": "PN",
"epos": "PN"}
}
,
{
"node": "l",
"frag": "PAB-šu₂",
"id": "P334155.l04cea",
"ref": "P334155.10.2",
"inst": "ahu[brother]N$ahūšu",
"sig": "@saao/saa15%akk-x-neoass:PAB-šu₂=ahu[brother//brother]N'N$ahūšu",
"f": {"lang": "akk-x-neoass",
"form": "PAB-šu₂",
"cf": "ahu",
"gw": "brother",
"sense": "brother",
"norm": "ahūšu",
"pos": "N",
"epos": "N"}
}
,
{
"node": "l",
"frag": "01",
"id": "P334155.l04ceb",
"ref": "P334155.10.3",
"inst": "n",
"f": {"lang": "akk-x-neoass",
"form": "01",
"pos": "n"}
}
,
{
"node": "l",
"frag": "DUMU",
"id": "P334155.l04cec",
"ref": "P334155.10.4",
"inst": "mār[son]N",
"sig": "@saao/saa15%akk-x-neoass:DUMU=māru[son//son]N'N$mār",
"f": {"lang": "akk-x-neoass",
"form": "DUMU",
"cf": "māru",
"gw": "son",
"sense": "son",
"norm": "mār",
"pos": "N",
"epos": "N"}
}
,
{
"node": "l",
"frag": "GA",
"id": "P334155.l04ced",
"ref": "P334155.10.5",
"inst": "šizbu[milk]N$zizibi",
"sig": "@saao/saa15%akk-x-neoass:GA=šizbu[milk//milk]N'N$zizibi",
"f": {"lang": "akk-x-neoass",
"form": "GA",
"cf": "šizbu",
"gw": "milk",
"sense": "milk",
"norm": "zizibi",
"pos": "N",
"epos": "N"}
}
,
{
"node": "l",
"frag": "02",
"id": "P334155.l04cee",
"ref": "P334155.10.6",
"inst": "n",
"f": {"lang": "akk-x-neoass",
"form": "02",
"pos": "n"}
}
,
{
"node": "l",
"frag": "MI₂",
"id": "P334155.l04cef",
"ref": "P334155.10.7",
"inst": "issu[woman]N",
"sig": "@saao/saa15%akk-x-neoass:MI₂=sinništu[woman//woman]N'N$issu",
"f": {"lang": "akk-x-neoass",
"form": "MI₂",
"cf": "sinništu",
"gw": "woman",
"sense": "woman",
"norm": "issu",
"pos": "N",
"epos": "N"}
}
,
{
"node": "d",
"type": "line-start",
"ref": "P334155.11",
"n": "10",
"label": "o 10"}
,
{
"node": "l",
"frag": "PAB",
"id": "P334155.l04cf0",
"ref": "P334155.11.1",
"inst": "gimru[total]N",
"sig": "@saao/saa15%akk-x-neoass:PAB=gimru[totality//total]N'N$gimru",
"f": {"lang": "akk-x-neoass",
"form": "PAB",
"cf": "gimru",
"gw": "totality",
"sense": "total",
"norm": "gimru",
"pos": "N",
"epos": "N"}
}
,
{
"node": "l",
"frag": "05",
"id": "P334155.l04cf1",
"ref": "P334155.11.2",
"inst": "n",
"f": {"lang": "akk-x-neoass",
"form": "05",
"pos": "n"}
}
,
{
"node": "l",
"frag": "{1}pa-li-ih-ka-lib-luṭ",
"id": "P334155.l04cf2",
"ref": "P334155.11.3",
"inst": "Palihka-libluṭ[]PN$",
"sig": "@saao/saa15%akk-x-neoass:{1}pa-li-ih-ka-lib-luṭ=Palihka-libluṭ[1//1]PN'PN$Palihka-libluṭ",
"f": {"lang": "akk-x-neoass",
"form": "{1}pa-li-ih-ka-lib-luṭ",
"cf": "Palihka-libluṭ",
"gw": "1",
"sense": "1",
"norm": "Palihka-libluṭ",
"pos": "PN",
"epos": "PN"}
}
,
{
"node": "d",
"type": "line-start",
"ref": "P334155.12",
"n": "11",
"label": "o 11"}
,
{
"node": "l",
"frag": "{1}{d}PA-PAB-APIN-eš",
"id": "P334155.l04cf3",
"ref": "P334155.12.1",
"inst": "Nabu-ahu-ereš[]PN$",
"sig": "@saao/saa15%akk-x-neoass:{1}{d}PA-PAB-APIN-eš=Nabu-ahu-ereš[1//1]PN'PN$Nabu-ahu-ereš",
"f": {"lang": "akk-x-neoass",
"form": "{1}{d}PA-PAB-APIN-eš",
"cf": "Nabu-ahu-ereš",
"gw": "1",
"sense": "1",
"norm": "Nabu-ahu-ereš",
"pos": "PN",
"epos": "PN"}
}
,
{
"node": "l",
"frag": "PAB-šu₂",
"id": "P334155.l04cf4",
"ref": "P334155.12.2",
"inst": "ahūšu[brother]N",
"sig": "@saao/saa15%akk-x-neoass:PAB-šu₂=ahu[brother//brother]N'N$ahūšu",
"f": {"lang": "akk-x-neoass",
"form": "PAB-šu₂",
"cf": "ahu",
"gw": "brother",
"sense": "brother",
"norm": "ahūšu",
"pos": "N",
"epos": "N"}
}
,
{
"node": "l",
"frag": "01",
"id": "P334155.l04cf5",
"ref": "P334155.12.3",
"inst": "n",
"f": {"lang": "akk-x-neoass",
"form": "01",
"pos": "n"}
}
,
{
"node": "l",
"frag": "DUMU",
"id": "P334155.l04cf6",
"ref": "P334155.12.4",
"inst": "mār[son]N",
"sig": "@saao/saa15%akk-x-neoass:DUMU=māru[son//son]N'N$mār",
"f": {"lang": "akk-x-neoass",
"form": "DUMU",
"cf": "māru",
"gw": "son",
"sense": "son",
"norm": "mār",
"pos": "N",
"epos": "N"}
}
,
{
"node": "l",
"frag": "04",
"id": "P334155.l04cf7",
"ref": "P334155.12.5",
"inst": "n",
"f": {"lang": "akk-x-neoass",
"form": "04",
"pos": "n"}
}
,
{
"node": "d",
"type": "line-start",
"ref": "P334155.13",
"n": "12",
"label": "o 12"}
,
{
"node": "l",
"frag": "02",
"id": "P334155.l04cf8",
"ref": "P334155.13.1",
"inst": "n",
"f": {"lang": "akk-x-neoass",
"form": "02",
"pos": "n"}
}
,
{
"node": "l",
"frag": "MI₂",
"id": "P334155.l04cf9",
"ref": "P334155.13.2",
"inst": "issu[woman]N",
"sig": "@saao/saa15%akk-x-neoass:MI₂=sinništu[woman//woman]N'N$issu",
"f": {"lang": "akk-x-neoass",
"form": "MI₂",
"cf": "sinništu",
"gw": "woman",
"sense": "woman",
"norm": "issu",
"pos": "N",
"epos": "N"}
}
,
{
"node": "l",
"frag": "PAB",
"id": "P334155.l04cfa",
"ref": "P334155.13.3",
"inst": "gimru[total]N",
"sig": "@saao/saa15%akk-x-neoass:PAB=gimru[totality//total]N'N$gimru",
"f": {"lang": "akk-x-neoass",
"form": "PAB",
"cf": "gimru",
"gw": "totality",
"sense": "total",
"norm": "gimru",
"pos": "N",
"epos": "N"}
}
,
{
"node": "l",
"frag": "05",
"id": "P334155.l04cfb",
"ref": "P334155.13.4",
"inst": "n",
"f": {"lang": "akk-x-neoass",
"form": "05",
"pos": "n"}
}
,
{
"node": "l",
"frag": "{1}za-za-a",
"id": "P334155.l04cfc",
"ref": "P334155.13.5",
"inst": "Zazaya[1]PN",
"sig": "@saao/saa15%akk-x-neoass:{1}za-za-a=Zazaya[1//1]PN'PN$Zazaya",
"f": {"lang": "akk-x-neoass",
"form": "{1}za-za-a",
"cf": "Zazaya",
"gw": "1",
"sense": "1",
"norm": "Zazaya",
"pos": "PN",
"epos": "PN"}
}
,
{
"node": "l",
"frag": "01",
"id": "P334155.l04cfd",
"ref": "P334155.13.6",
"inst": "n",
"f": {"lang": "akk-x-neoass",
"form": "01",
"pos": "n"}
}
,
{
"node": "l",
"frag": "DUMU",
"id": "P334155.l04cfe",
"ref": "P334155.13.7",
"inst": "mār[son]N",
"sig": "@saao/saa15%akk-x-neoass:DUMU=māru[son//son]N'N$mār",
"f": {"lang": "akk-x-neoass",
"form": "DUMU",
"cf": "māru",
"gw": "son",
"sense": "son",
"norm": "mār",
"pos": "N",
"epos": "N"}
}
,
{
"node": "l",
"frag": "04",
"id": "P334155.l04cff",
"ref": "P334155.13.8",
"inst": "n",
"f": {"lang": "akk-x-neoass",
"form": "04",
"pos": "n"}
}
,
{
"node": "d",
"type": "line-start",
"ref": "P334155.14",
"n": "13",
"label": "o 13"}
,
{
"node": "l",
"frag": "01",
"id": "P334155.l04d00",
"ref": "P334155.14.1",
"inst": "n",
"f": {"lang": "akk-x-neoass",
"form": "01",
"pos": "n"}
}
,
{
"node": "l",
"frag": "MI₂",
"id": "P334155.l04d01",
"ref": "P334155.14.2",
"inst": "issu[woman]N",
"sig": "@saao/saa15%akk-x-neoass:MI₂=sinništu[woman//woman]N'N$issu",
"f": {"lang": "akk-x-neoass",
"form": "MI₂",
"cf": "sinništu",
"gw": "woman",
"sense": "woman",
"norm": "issu",
"pos": "N",
"epos": "N"}
}
,
{
"node": "l",
"frag": "02",
"id": "P334155.l04d02",
"ref": "P334155.14.3",
"inst": "n",
"f": {"lang": "akk-x-neoass",
"form": "02",
"pos": "n"}
}
,
{
"node": "l",
"frag": "DUMU.MI₂",
"id": "P334155.l04d03",
"ref": "P334155.14.4",
"inst": "marʾutu[daughter]N",
"sig": "@saao/saa15%akk-x-neoass:DUMU.MI₂=mārtu[daughter//daughter]N'N$marʾutu",
"f": {"lang": "akk-x-neoass",
"form": "DUMU.MI₂",
"cf": "mārtu",
"gw": "daughter",
"sense": "daughter",
"norm": "marʾutu",
"pos": "N",
"epos": "N"}
}
,
{
"node": "l",
"frag": "PAB",
"id": "P334155.l04d04",
"ref": "P334155.14.5",
"inst": "gimru[total]N",
"sig": "@saao/saa15%akk-x-neoass:PAB=gimru[totality//total]N'N$gimru",
"f": {"lang": "akk-x-neoass",
"form": "PAB",
"cf": "gimru",
"gw": "totality",
"sense": "total",
"norm": "gimru",
"pos": "N",
"epos": "N"}
}
,
{
"node": "l",
"frag": "05",
"id": "P334155.l04d05",
"ref": "P334155.14.6",
"inst": "n",
"f": {"lang": "akk-x-neoass",
"form": "05",
"pos": "n"}
}
,
{
"node": "l",
"frag": "{1}har-ra-nu-u₂",
"id": "P334155.l04d06",
"ref": "P334155.14.7",
"inst": "Harranu[]PN$",
"sig": "@saao/saa15%akk-x-neoass:{1}har-ra-nu-u₂=Harranu[1//1]PN'PN$Harranu",
"f": {"lang": "akk-x-neoass",
"form": "{1}har-ra-nu-u₂",
"cf": "Harranu",
"gw": "1",
"sense": "1",
"norm": "Harranu",
"pos": "PN",
"epos": "PN"}
}
,
{
"node": "d",
"type": "line-start",
"ref": "P334155.15",
"n": "14",
"label": "o 14"}
,
{
"node": "l",
"frag": "{1}a-mat-EN-PAB",
"id": "P334155.l04d07",
"ref": "P334155.15.1",
"inst": "Amat-Bel-uṣur[]PN$",
"sig": "@saao/saa15%akk-x-neoass:{1}a-mat-EN-PAB=Amat-Bel-uṣur[1//1]PN'PN$Amat-Bel-uṣur",
"f": {"lang": "akk-x-neoass",
"form": "{1}a-mat-EN-PAB",
"cf": "Amat-Bel-uṣur",
"gw": "1",
"sense": "1",
"norm": "Amat-Bel-uṣur",
"pos": "PN",
"epos": "PN"}
}
,
{
"node": "l",
"frag": "DUMU",
"id": "P334155.l04d08",
"ref": "P334155.15.2",
"inst": "mār[son]N",
"sig": "@saao/saa15%akk-x-neoass:DUMU=māru[son//son]N'N$mār",
"f": {"lang": "akk-x-neoass",
"form": "DUMU",
"cf": "māru",
"gw": "son",
"sense": "son",
"norm": "mār",
"pos": "N",
"epos": "N"}
}
,
{
"node": "l",
"frag": "05",
"id": "P334155.l04d09",
"ref": "P334155.15.3",
"inst": "n",
"f": {"lang": "akk-x-neoass",
"form": "05",
"pos": "n"}
}
,
{
"node": "l",
"frag": "03",
"id": "P334155.l04d0a",
"ref": "P334155.15.4",
"inst": "n",
"f": {"lang": "akk-x-neoass",
"form": "03",
"pos": "n"}
}
,
{
"node": "l",
"frag": "MI₂",
"id": "P334155.l04d0b",
"ref": "P334155.15.5",
"inst": "issu[woman]N",
"sig": "@saao/saa15%akk-x-neoass:MI₂=sinništu[woman//woman]N'N$issu",
"f": {"lang": "akk-x-neoass",
"form": "MI₂",
"cf": "sinništu",
"gw": "woman",
"sense": "woman",
"norm": "issu",
"pos": "N",
"epos": "N"}
}
,
{
"node": "l",
"frag": "PAB",
"id": "P334155.l04d0c",
"ref": "P334155.15.6",
"inst": "gimru[total]N",
"sig": "@saao/saa15%akk-x-neoass:PAB=gimru[totality//total]N'N$gimru",
"f": {"lang": "akk-x-neoass",
"form": "PAB",
"cf": "gimru",
"gw": "totality",
"sense": "total",
"norm": "gimru",
"pos": "N",
"epos": "N"}
}
,
{
"node": "l",
"frag": "05",
"id": "P334155.l04d0d",
"ref": "P334155.15.7",
"inst": "n",
"f": {"lang": "akk-x-neoass",
"form": "05",
"pos": "n"}
}
,
{
"node": "d",
"type": "line-start",
"ref": "P334155.16",
"n": "15",
"label": "o 15"}
,
{
"node": "l",
"frag": "{1}na-ʾi-id-E₂-še-ri-ga",
"id": "P334155.l04d0e",
"ref": "P334155.16.1",
"inst": "Naʾid-Ešeriga[]PN$",
"sig": "@saao/saa15%akk-x-neoass:{1}na-ʾi-id-E₂-še-ri-ga=Naʾid-Ešeriga[1//1]PN'PN$Naʾid-Ešeriga",
"f": {"lang": "akk-x-neoass",
"form": "{1}na-ʾi-id-E₂-še-ri-ga",
"cf": "Naʾid-Ešeriga",
"gw": "1",
"sense": "1",
"norm": "Naʾid-Ešeriga",
"pos": "PN",
"epos": "PN"}
}
,
{
"node": "l",
"frag": "{1}{d}PA-AŠ-PAB",
"id": "P334155.l04d0f",
"ref": "P334155.16.2",
"inst": "Nabu-nadin-ahi[]PN$",
"sig": "@saao/saa15%akk-x-neoass:{1}{d}PA-AŠ-PAB=Nabu-nadin-ahi[1//1]PN'PN$Nabu-nadin-ahi",
"f": {"lang": "akk-x-neoass",
"form": "{1}{d}PA-AŠ-PAB",
"cf": "Nabu-nadin-ahi",
"gw": "1",
"sense": "1",
"norm": "Nabu-nadin-ahi",
"pos": "PN",
"epos": "PN"}
}
,
{
"node": "l",
"frag": "PAB-šu₂",
"id": "P334155.l04d10",
"ref": "P334155.16.3",
"inst": "ahūšu[brother]N",
"sig": "@saao/saa15%akk-x-neoass:PAB-šu₂=ahu[brother//brother]N'N$ahūšu",
"f": {"lang": "akk-x-neoass",
"form": "PAB-šu₂",
"cf": "ahu",
"gw": "brother",
"sense": "brother",
"norm": "ahūšu",
"pos": "N",
"epos": "N"}
}
,
{
"node": "d",
"type": "line-start",
"ref": "P334155.17",
"n": "16",
"label": "o 16"}
,
{
"node": "l",
"frag": "03",
"id": "P334155.l04d11",
"ref": "P334155.17.1",
"inst": "n",
"f": {"lang": "akk-x-neoass",
"form": "03",
"pos": "n"}
}
,
{
"node": "l",
"frag": "MI₂",
"id": "P334155.l04d12",
"ref": "P334155.17.2",
"inst": "issu[woman]N",
"sig": "@saao/saa15%akk-x-neoass:MI₂=sinništu[woman//woman]N'N$issu",
"f": {"lang": "akk-x-neoass",
"form": "MI₂",
"cf": "sinništu",
"gw": "woman",
"sense": "woman",
"norm": "issu",
"pos": "N",
"epos": "N"}
}
,
{
"node": "l",
"frag": "PAB",
"id": "P334155.l04d13",
"ref": "P334155.17.3",
"inst": "gimru[total]N",
"sig": "@saao/saa15%akk-x-neoass:PAB=gimru[totality//total]N'N$gimru",
"f": {"lang": "akk-x-neoass",
"form": "PAB",
"cf": "gimru",
"gw": "totality",
"sense": "total",
"norm": "gimru",
"pos": "N",
"epos": "N"}
}
,
{
"node": "l",
"frag": "05",
"id": "P334155.l04d14",
"ref": "P334155.17.4",
"inst": "n",
"f": {"lang": "akk-x-neoass",
"form": "05",
"pos": "n"}
}
,
{
"node": "l",
"frag": "{1}EN-la-mur",
"id": "P334155.l04d15",
"ref": "P334155.17.5",
"inst": "Bel-lamur[1]PN$",
"sig": "@saao/saa15%akk-x-neoass:{1}EN-la-mur=Bel-lamur[1//1]PN'PN$Bel-lamur",
"f": {"lang": "akk-x-neoass",
"form": "{1}EN-la-mur",
"cf": "Bel-lamur",
"gw": "1",
"sense": "1",
"norm": "Bel-lamur",
"pos": "PN",
"epos": "PN"}
}
,
{
"node": "d",
"type": "line-start",
"ref": "P334155.18",
"n": "17",
"label": "o 17"}
,
{
"node": "l",
"frag": "{1}{d}a-nu-APIN-eš",
"id": "P334155.l04d16",
"ref": "P334155.18.1",
"inst": "Anu-ereš[]PN$",
"sig": "@saao/saa15%akk-x-neoass:{1}{d}a-nu-APIN-eš=Anu-ereš[1//1]PN'PN$Anu-ereš",
"f": {"lang": "akk-x-neoass",
"form": "{1}{d}a-nu-APIN-eš",
"cf": "Anu-ereš",
"gw": "1",
"sense": "1",
"norm": "Anu-ereš",
"pos": "PN",
"epos": "PN"}
}
,
{
"node": "l",
"frag": "PAB-šu",
"id": "P334155.l04d17",
"ref": "P334155.18.2",
"inst": "ahu[brother]N$ahūšu",
"sig": "@saao/saa15%akk-x-neoass:PAB-šu=ahu[brother//brother]N'N$ahūšu",
"f": {"lang": "akk-x-neoass",
"form": "PAB-šu",
"cf": "ahu",
"gw": "brother",
"sense": "brother",
"norm": "ahūšu",
"pos": "N",
"epos": "N"}
}
,
{
"node": "l",
"frag": "01",
"id": "P334155.l04d18",
"ref": "P334155.18.3",
"inst": "n",
"f": {"lang": "akk-x-neoass",
"form": "01",
"pos": "n"}
}
,
{
"node": "l",
"frag": "MI₂",
"id": "P334155.l04d19",
"ref": "P334155.18.4",
"inst": "issu[woman]N",
"sig": "@saao/saa15%akk-x-neoass:MI₂=sinništu[woman//woman]N'N$issu",
"f": {"lang": "akk-x-neoass",
"form": "MI₂",
"cf": "sinništu",
"gw": "woman",
"sense": "woman",
"norm": "issu",
"pos": "N",
"epos": "N"}
}
,
{
"node": "l",
"frag": "PAB",
"id": "P334155.l04d1a",
"ref": "P334155.18.5",
"inst": "gimru[total]N",
"sig": "@saao/saa15%akk-x-neoass:PAB=gimru[totality//total]N'N$gimru",
"f": {"lang": "akk-x-neoass",
"form": "PAB",
"cf": "gimru",
"gw": "totality",
"sense": "total",
"norm": "gimru",
"pos": "N",
"epos": "N"}
}
,
{
"node": "l",
"frag": "03",
"id": "P334155.l04d1b",
"ref": "P334155.18.6",
"inst": "n",
"f": {"lang": "akk-x-neoass",
"form": "03",
"pos": "n"}
}
,
{
"node": "d",
"type": "line-start",
"ref": "P334155.19",
"n": "18",
"label": "o 18"}
,
{
"node": "l",
"frag": "{1}BA\\t-ša₂-a",
"id": "P334155.l04d1c",
"ref": "P334155.19.1",
"inst": "Iqišaya[]PN$",
"sig": "@saao/saa15%akk-x-neoass:{1}BA-ša₂-a=Iqišaya[1//1]PN'PN$Iqišaya",
"f": {"lang": "akk-x-neoass",
"form": "{1}BA-ša₂-a",
"cf": "Iqišaya",
"gw": "1",
"sense": "1",
"norm": "Iqišaya",
"pos": "PN",
"epos": "PN"}
}
,
{
"node": "l",
"frag": "{1}ri-ha-a-ni",
"id": "P334155.l04d1d",
"ref": "P334155.19.2",
"inst": "Rehanu[]PN$Rehani",
"sig": "@saao/saa15%akk-x-neoass:{1}ri-ha-a-ni=Rehanu[1//1]PN'PN$Rehani",
"f": {"lang": "akk-x-neoass",
"form": "{1}ri-ha-a-ni",
"cf": "Rehanu",
"gw": "1",
"sense": "1",
"norm": "Rehani",
"pos": "PN",
"epos": "PN"}
}
,
{
"node": "l",
"frag": "{lu₂v}MUŠEN.DU₃-MEŠ\\m",
"id": "P334155.l04d1e",
"ref": "P334155.19.3",
"inst": "usandû[bird-catcher//fowler]N$sandî",
"sig": "@saao/saa15%akk-x-neoass:{LU₂}MUŠEN.DU₃-MEŠ=usandû[bird-catcher//fowler]N'N$sandî",
"f": {"lang": "akk-x-neoass",
"form": "{LU₂}MUŠEN.DU₃-MEŠ",
"cf": "usandû",
"gw": "bird-catcher",
"sense": "fowler",
"norm": "sandî",
"pos": "N",
"epos": "N"}
}
,
{
"node": "d",
"type": "line-start",
"ref": "P334155.20",
"n": "19",
"label": "o 19"}
,
{
"node": "l",
"frag": "01",
"id": "P334155.l04d1f",
"ref": "P334155.20.1",
"inst": "n",
"f": {"lang": "akk-x-neoass",
"form": "01",
"pos": "n"}
}
,
{
"node": "l",
"frag": "DUMU",
"id": "P334155.l04d20",
"ref": "P334155.20.2",
"inst": "mār[son]N",
"sig": "@saao/saa15%akk-x-neoass:DUMU=māru[son//son]N'N$mār",
"f": {"lang": "akk-x-neoass",
"form": "DUMU",
"cf": "māru",
"gw": "son",
"sense": "son",
"norm": "mār",
"pos": "N",
"epos": "N"}
}
,
{
"node": "l",
"frag": "03",
"id": "P334155.l04d21",
"ref": "P334155.20.3",
"inst": "n",
"f": {"lang": "akk-x-neoass",
"form": "03",
"pos": "n"}
}
,
{
"node": "l",
"frag": "02",
"id": "P334155.l04d22",
"ref": "P334155.20.4",
"inst": "n",
"f": {"lang": "akk-x-neoass",
"form": "02",
"pos": "n"}
}
,
{
"node": "l",
"frag": "MI₂",
"id": "P334155.l04d23",
"ref": "P334155.20.5",
"inst": "issu[woman]N",
"sig": "@saao/saa15%akk-x-neoass:MI₂=sinništu[woman//woman]N'N$issu",
"f": {"lang": "akk-x-neoass",
"form": "MI₂",
"cf": "sinništu",
"gw": "woman",
"sense": "woman",
"norm": "issu",
"pos": "N",
"epos": "N"}
}
,
{
"node": "l",
"frag": "PAB",
"id": "P334155.l04d24",
"ref": "P334155.20.6",
"inst": "gimru[total]N",
"sig": "@saao/saa15%akk-x-neoass:PAB=gimru[totality//total]N'N$gimru",
"f": {"lang": "akk-x-neoass",
"form": "PAB",
"cf": "gimru",
"gw": "totality",
"sense": "total",
"norm": "gimru",
"pos": "N",
"epos": "N"}
}
,
{
"node": "l",
"frag": "05",
"id": "P334155.l04d25",
"ref": "P334155.20.7",
"inst": "n",
"f": {"lang": "akk-x-neoass",
"form": "05",
"pos": "n"}
}
,
{
"node": "l",
"frag": "{mi₂}pal-ta-ṣi",
"id": "P334155.l04d26",
"ref": "P334155.20.8",
"inst": "Paltaṣi[1]PN$",
"sig": "@saao/saa15%akk-x-neoass:{MI₂}pal-ta-ṣi=Paltaṣi[1//1]PN'PN$Paltaṣi",
"f": {"lang": "akk-x-neoass",
"form": "{MI₂}pal-ta-ṣi",
"cf": "Paltaṣi",
"gw": "1",
"sense": "1",
"norm": "Paltaṣi",
"pos": "PN",
"epos": "PN"}
}
,
{
"node": "l",
"frag": "NIN-sa",
"id": "P334155.l04d27",
"ref": "P334155.20.9",
"inst": "ahātu[sister]N$ahāssa",
"sig": "@saao/saa15%akk-x-neoass:NIN-sa=ahātu[sister//sister]N'N$ahāssa",
"f": {"lang": "akk-x-neoass",
"form": "NIN-sa",
"cf": "ahātu",
"gw": "sister",
"sense": "sister",
"norm": "ahāssa",
"pos": "N",
"epos": "N"}
}
,
{
"node": "d",
"type": "line-start",
"ref": "P334155.21",
"n": "20",
"label": "o 20"}
,
{
"node": "l",
"frag": "PAB",
"id": "P334155.l04d28",
"ref": "P334155.21.1",
"inst": "gimru[total]N",
"sig": "@saao/saa15%akk-x-neoass:PAB=gimru[totality//total]N'N$gimru",
"f": {"lang": "akk-x-neoass",
"form": "PAB",
"cf": "gimru",
"gw": "totality",
"sense": "total",
"norm": "gimru",
"pos": "N",
"epos": "N"}
}
,
{
"node": "l",
"frag": "02",
"id": "P334155.l04d29",
"ref": "P334155.21.2",
"inst": "n",
"f": {"lang": "akk-x-neoass",
"form": "02",
"pos": "n"}
}
,
{
"node": "l",
"frag": "DUMU.MI₂",
"id": "P334155.l04d2a",
"ref": "P334155.21.3",
"inst": "marʾutu[daughter]N",
"sig": "@saao/saa15%akk-x-neoass:DUMU.MI₂=mārtu[daughter//daughter]N'N$marʾutu",
"f": {"lang": "akk-x-neoass",
"form": "DUMU.MI₂",
"cf": "mārtu",
"gw": "daughter",
"sense": "daughter",
"norm": "marʾutu",
"pos": "N",
"epos": "N"}
}
,
{
"node": "l",
"frag": "{1}ha-za-nu",
"id": "P334155.l04d2b",
"ref": "P334155.21.4",
"inst": "Hazannu[1]PN",
"sig": "@saao/saa15%akk-x-neoass:{1}ha-za-nu=Hazannu[1//1]PN'PN$Hazannu",
"f": {"lang": "akk-x-neoass",
"form": "{1}ha-za-nu",
"cf": "Hazannu",
"gw": "1",
"sense": "1",
"norm": "Hazannu",
"pos": "PN",
"epos": "PN"}
}
,
{
"node": "l",
"frag": "PAB",
"id": "P334155.l04d2c",
"ref": "P334155.21.5",
"inst": "gimru[total]N",
"sig": "@saao/saa15%akk-x-neoass:PAB=gimru[totality//total]N'N$gimru",
"f": {"lang": "akk-x-neoass",
"form": "PAB",
"cf": "gimru",
"gw": "totality",
"sense": "total",
"norm": "gimru",
"pos": "N",
"epos": "N"}
}
,
{
"node": "l",
"frag": "12",
"id": "P334155.l04d2d",
"ref": "P334155.21.6",
"inst": "n",
"f": {"lang": "akk-x-neoass",
"form": "12",
"pos": "n"}
}
,
{
"node": "l",
"frag": "ERIM",
"id": "P334155.l04d2e",
"ref": "P334155.21.7",
"inst": "ṣābu[people]N$ṣābāni",
"sig": "@saao/saa15%akk-x-neoass:ERIM=ṣābu[people//people]N'N$ṣābāni",
"f": {"lang": "akk-x-neoass",
"form": "ERIM",
"cf": "ṣābu",
"gw": "people",
"sense": "people",
"norm": "ṣābāni",
"pos": "N",
"epos": "N"}
}
,
{
"node": "l",
"frag": "KALAG-MEŠ\\m",
"id": "P334155.l04d2f",
"ref": "P334155.21.8",
"inst": "dannu[strong]AJ$dannūti",
"sig": "@saao/saa15%akk-x-neoass:KALAG-MEŠ=dannu[strong//strong]AJ'AJ$dannūti",
"f": {"lang": "akk-x-neoass",
"form": "KALAG-MEŠ",
"cf": "dannu",
"gw": "strong",
"sense": "strong",
"norm": "dannūti",
"pos": "AJ",
"epos": "AJ"}
}
,
{
"node": "d",
"type": "line-start",
"ref": "P334155.22",
"n": "21",
"label": "o 21"}
,
{
"node": "l",
"frag": "01",
"id": "P334155.l04d30",
"ref": "P334155.22.1",
"inst": "n",
"f": {"lang": "akk-x-neoass",
"form": "01",
"pos": "n"}
}
,
{
"node": "l",
"frag": "DUMU",
"id": "P334155.l04d31",
"ref": "P334155.22.2",
"inst": "mār[son]N",
"sig": "@saao/saa15%akk-x-neoass:DUMU=māru[son//son]N'N$mār",
"f": {"lang": "akk-x-neoass",
"form": "DUMU",
"cf": "māru",
"gw": "son",
"sense": "son",
"norm": "mār",
"pos": "N",
"epos": "N"}
}
,
{
"node": "l",
"frag": "05",
"id": "P334155.l04d32",
"ref": "P334155.22.3",
"inst": "n",
"f": {"lang": "akk-x-neoass",
"form": "05",
"pos": "n"}
}
,
{
"node": "d",
"frag": ":",
"type": "nonw",
"ref": "P334155.22.4",
"lang": "akk-x-neoass",
"type": "punct",
"gdl_delim": " "}
,
{
"node": "l",
"frag": "02",
"id": "P334155.l04d33",
"ref": "P334155.22.5",
"inst": "n",
"f": {"lang": "akk-x-neoass",
"form": "02",
"pos": "n"}
}
,
{
"node": "l",
"frag": "DUMU",
"id": "P334155.l04d34",
"ref": "P334155.22.6",
"inst": "mār[son]N",
"sig": "@saao/saa15%akk-x-neoass:DUMU=māru[son//son]N'N$mār",
"f": {"lang": "akk-x-neoass",
"form": "DUMU",
"cf": "māru",
"gw": "son",
"sense": "son",
"norm": "mār",
"pos": "N",
"epos": "N"}
}
,
{
"node": "l",
"frag": "04",
"id": "P334155.l04d35",
"ref": "P334155.22.7",
"inst": "n",
"f": {"lang": "akk-x-neoass",
"form": "04",
"pos": "n"}
}
,
{
"node": "d",
"frag": ":",
"type": "nonw",
"ref": "P334155.22.8",
"lang": "akk-x-neoass",
"type": "punct",
"gdl_delim": " "}
,
{
"node": "l",
"frag": "01",
"id": "P334155.l04d36",
"ref": "P334155.22.9",
"inst": "n",
"f": {"lang": "akk-x-neoass",
"form": "01",
"pos": "n"}
}
,
{
"node": "l",
"frag": "DUMU",
"id": "P334155.l04d37",
"ref": "P334155.22.10",
"inst": "mār[son]N",
"sig": "@saao/saa15%akk-x-neoass:DUMU=māru[son//son]N'N$mār",
"f": {"lang": "akk-x-neoass",
"form": "DUMU",
"cf": "māru",
"gw": "son",
"sense": "son",
"norm": "mār",
"pos": "N",
"epos": "N"}
}
,
{
"node": "l",
"frag": "03",
"id": "P334155.l04d38",
"ref": "P334155.22.11",
"inst": "n",
"f": {"lang": "akk-x-neoass",
"form": "03",
"pos": "n"}
}
,
{
"node": "d",
"frag": ":",
"type": "nonw",
"ref": "P334155.22.12",
"lang": "akk-x-neoass",
"type": "punct",
"gdl_delim": " "}
,
{
"node": "l",
"frag": "01",
"id": "P334155.l04d39",
"ref": "P334155.22.13",
"inst": "n",
"f": {"lang": "akk-x-neoass",
"form": "01",
"pos": "n"}
}
,
{
"node": "l",
"frag": "DUMU",
"id": "P334155.l04d3a",
"ref": "P334155.22.14",
"inst": "mār[son]N",
"sig": "@saao/saa15%akk-x-neoass:DUMU=māru[son//son]N'N$mār",
"f": {"lang": "akk-x-neoass",
"form": "DUMU",
"cf": "māru",
"gw": "son",
"sense": "son",
"norm": "mār",
"pos": "N",
"epos": "N"}
}
,
{
"node": "l",
"frag": "GA",
"id": "P334155.l04d3b",
"ref": "P334155.22.15",
"inst": "zizibi[milk]N",
"sig": "@saao/saa15%akk-x-neoass:GA=šizbu[milk//milk]N'N$zizibi",
"f": {"lang": "akk-x-neoass",
"form": "GA",
"cf": "šizbu",
"gw": "milk",
"sense": "milk",
"norm": "zizibi",
"pos": "N",
"epos": "N"}
}
,
{
"node": "d",
"type": "line-start",
"ref": "P334155.23",
"n": "22",
"label": "o 22"}
,
{
"node": "l",
"frag": "15",
"id": "P334155.l04d3c",
"ref": "P334155.23.1",
"inst": "n",
"f": {"lang": "akk-x-neoass",
"form": "15",
"pos": "n"}
}
,
{
"node": "l",
"frag": "MI₂-MEŠ",
"id": "P334155.l04d3d",
"ref": "P334155.23.2",
"inst": "issāti[woman]N",
"sig": "@saao/saa15%akk-x-neoass:MI₂-MEŠ=sinništu[woman//woman]N'N$issāti",
"f": {"lang": "akk-x-neoass",
"form": "MI₂-MEŠ",
"cf": "sinništu",
"gw": "woman",
"sense": "woman",
"norm": "issāti",
"pos": "N",
"epos": "N"}
}
,
{
"node": "l",
"frag": "02",
"id": "P334155.l04d3e",
"ref": "P334155.23.3",
"inst": "n",
"f": {"lang": "akk-x-neoass",
"form": "02",
"pos": "n"}
}
,
{
"node": "l",
"frag": "DUMU.MI₂-MEŠ",
"id": "P334155.l04d3f",
"ref": "P334155.23.4",
"inst": "mārtu[daughter]N$marʾāti",
"sig": "@saao/saa15%akk-x-neoass:DUMU.MI₂-MEŠ=mārtu[daughter//daughter]N'N$marʾāti",
"f": {"lang": "akk-x-neoass",
"form": "DUMU.MI₂-MEŠ",
"cf": "mārtu",
"gw": "daughter",
"sense": "daughter",
"norm": "marʾāti",
"pos": "N",
"epos": "N"}
}
,
{
"node": "l",
"frag": "PAB-ma",
"id": "P334155.l04d40",
"ref": "P334155.23.5",
"inst": "gimrumma[total]N",
"sig": "@saao/saa15%akk-x-neoass:PAB-ma=gimru[totality//total]N'N$gimrumma",
"f": {"lang": "akk-x-neoass",
"form": "PAB-ma",
"cf": "gimru",
"gw": "totality",
"sense": "total",
"norm": "gimrumma",
"pos": "N",
"epos": "N"}
}
,
{
"node": "l",
"frag": "35",
"id": "P334155.l04d41",
"ref": "P334155.23.6",
"inst": "n",
"f": {"lang": "akk-x-neoass",
"form": "35",
"pos": "n"}
}
,
{
"node": "d",
"type": "line-start",
"ref": "P334155.24",
"n": "23",
"label": "o 23"}
,
{
"node": "l",
"frag": "ERIM-MEŠ",
"id": "P334155.l04d42",
"ref": "P334155.24.1",
"inst": "ṣābu[people]N$ṣābāni",
"sig": "@saao/saa15%akk-x-neoass:ERIM-MEŠ=ṣābu[people//people]N'N$ṣābāni",
"f": {"lang": "akk-x-neoass",
"form": "ERIM-MEŠ",
"cf": "ṣābu",
"gw": "people",
"sense": "people",
"norm": "ṣābāni",
"pos": "N",
"epos": "N"}
}
,
{
"node": "l",
"frag": "ZI",
"id": "P334155.l04d43",
"ref": "P334155.24.2",
"inst": "napištu[throat//person]N$nupšāti",
"sig": "@saao/saa15%akk-x-neoass:ZI=napištu[throat//person]N'N$nupšāti",
"f": {"lang": "akk-x-neoass",
"form": "ZI",
"cf": "napištu",
"gw": "throat",
"sense": "person",
"norm": "nupšāti",
"pos": "N",
"epos": "N"}
}
,
{
"node": "l",
"frag": "05",
"id": "P334155.l04d44",
"ref": "P334155.24.3",
"inst": "n",
"f": {"lang": "akk-x-neoass",
"form": "05",
"pos": "n"}
}
,
{
"node": "c",
"type": "phrase",
"tag": "phr",
"id": "P334155.U6",
"ref": "P334155.ls00002",
"cdl": [
{
"node": "l",
"frag": "TA@v\\m",
"id": "P334155.l04d45",
"ref": "P334155.24.4",
"inst": "issu[from+=from out of]PRP",
"sig": "@saao/saa15%akk-x-neoass:TA@v=ištu[from//from]PRP'PRP$issu",
"f": {"lang": "akk-x-neoass",
"form": "TA@v",
"cf": "ištu",
"gw": "from",
"sense": "from",
"norm": "issu",
"pos": "PRP",
"epos": "PRP"}
}
,
{
"node": "l",
"frag": "ŠA₃-bi-šu₂-nu",
"id": "P334155.l04d46",
"ref": "P334155.24.5",
"inst": "libbišunu[interior]N",
"sig": "@saao/saa15%akk-x-neoass:ŠA₃-bi-šu₂-nu=libbu[interior//interior]N'N$libbišunu",
"f": {"lang": "akk-x-neoass",
"form": "ŠA₃-bi-šu₂-nu",
"cf": "libbu",
"gw": "interior",
"sense": "interior",
"norm": "libbišunu",
"pos": "N",
"epos": "N"}
}
]}
,
{
"node": "d",
"type": "line-start",
"ref": "P334155.25",
"n": "24",
"label": "o 24"}
,
{
"node": "l",
"frag": "ma\\d-ṭi-i-u₂",
"id": "P334155.l04d47",
"ref": "P334155.25.1",
"inst": "maṭû[small//lacking]AJ$maṭiʾu",
"sig": "@saao/saa15%akk-x-neoass:ma-ṭi-i-u₂=maṭû[small//lacking]AJ'AJ$maṭiʾu",
"f": {"lang": "akk-x-neoass",
"form": "ma-ṭi-i-u₂",
"cf": "maṭû",
"gw": "small",
"sense": "lacking",
"norm": "maṭiʾu",
"pos": "AJ",
"epos": "AJ"}
}
,
{
"node": "l",
"frag": "03",
"id": "P334155.l04d48",
"ref": "P334155.25.2",
"inst": "n",
"f": {"lang": "akk-x-neoass",
"form": "03",
"pos": "n"}
}
,
{
"node": "l",
"frag": "a-na",
"id": "P334155.l04d49",
"ref": "P334155.25.3",
"inst": "ana[to]PRP",
"sig": "@saao/saa15%akk-x-neoass:a-na=ana[to//to]PRP'PRP$ana",
"f": {"lang": "akk-x-neoass",
"form": "a-na",
"cf": "ana",
"gw": "to",
"sense": "to",
"norm": "ana",
"pos": "PRP",
"epos": "PRP"}
}
,
{
"node": "l",
"frag": "TIN.TIR{ki}",
"id": "P334155.l04d4a",
"ref": "P334155.25.4",
"inst": "Babili[Babylon]GN",
"sig": "@saao/saa15%akk-x-neoass:TIN.TIR{KI}=Babili[Babylon//Babylon]GN'GN$Babili",
"f": {"lang": "akk-x-neoass",
"form": "TIN.TIR{KI}",
"cf": "Babili",
"gw": "Babylon",
"sense": "Babylon",
"norm": "Babili",
"pos": "GN",
"epos": "GN"}
}
,
{
"node": "d",
"type": "line-start",
"ref": "P334155.26",
"n": "25",
"label": "o 25"}
,
{
"node": "l",
"frag": "ina",
"id": "P334155.l04d4b",
"ref": "P334155.26.1",
"inst": "ina[for]PRP",
"sig": "@saao/saa15%akk-x-neoass:ina=ina[in//for]PRP'PRP$ina",
"f": {"lang": "akk-x-neoass",
"form": "ina",
"cf": "ina",
"gw": "in",
"sense": "for",
"norm": "ina",
"pos": "PRP",
"epos": "PRP"}
}
,
{
"node": "l",
"frag": "kas-pu",
"id": "P334155.l04d4c",
"ref": "P334155.26.2",
"inst": "kaspu[money]N",
"sig": "@saao/saa15%akk-x-neoass:kas-pu=kaspu[silver//money]N'N$kaspu",
"f": {"lang": "akk-x-neoass",
"form": "kas-pu",
"cf": "kaspu",
"gw": "silver",
"sense": "money",
"norm": "kaspu",
"pos": "N",
"epos": "N"}
}
,
{
"node": "l",
"frag": "ta-dan-nu",
"id": "P334155.l04d4d",
"ref": "P334155.26.3",
"inst": "tadnu[given]AJ$tadannu",
"sig": "@saao/saa15%akk-x-neoass:ta-dan-nu=tadnu[given//given]AJ'AJ$tadannu",
"f": {"lang": "akk-x-neoass",
"form": "ta-dan-nu",
"cf": "tadnu",
"gw": "given",
"sense": "given",
"norm": "tadannu",
"pos": "AJ",
"epos": "AJ"}
}
,
{
"node": "d",
"type": "line-start",
"ref": "P334155.27",
"n": "26",
"label": "o 26"}
,
{
"node": "l",
"frag": "⸢ša⸣",
"id": "P334155.l04d4e",
"ref": "P334155.27.1",
"inst": "ša[what]REL",
"sig": "@saao/saa15%akk-x-neoass:ša=ša[that//what]REL'REL$ša",
"f": {"lang": "akk-x-neoass",
"form": "ša",
"cf": "ša",
"gw": "that",
"sense": "what",
"norm": "ša",
"pos": "REL",
"epos": "REL"}
}
,
{
"node": "l",
"frag": "ina",
"id": "P334155.l04d4f",
"ref": "P334155.27.2",
"inst": "ina[to]PRP",
"sig": "@saao/saa15%akk-x-neoass:ina=ina[in//to]PRP'PRP$ina",
"f": {"lang": "akk-x-neoass",
"form": "ina",
"cf": "ina",
"gw": "in",
"sense": "to",
"norm": "ina",
"pos": "PRP",
"epos": "PRP"}
}
,
{
"node": "l",
"frag": "E₂",
"id": "P334155.l04d50",
"ref": "P334155.27.3",
"inst": "bēt[house]N",
"sig": "@saao/saa15%akk-x-neoass:E₂=bītu[house//house]N'N$bēt",
"f": {"lang": "akk-x-neoass",
"form": "E₂",
"cf": "bītu",
"gw": "house",
"sense": "house",
"norm": "bēt",
"pos": "N",
"epos": "N"}
}
,
{
"node": "l",
"frag": "{1}DINGIR-ia-da-aʾ",
"id": "P334155.l04d51",
"ref": "P334155.27.4",
"inst": "Il-yadaʾ[1]PN",
"sig": "@saao/saa15%akk-x-neoass:{1}DINGIR-ia-da-aʾ=Il-yadaʾ[1//1]PN'PN$Il-yadaʾ",
"f": {"lang": "akk-x-neoass",
"form": "{1}DINGIR-ia-da-aʾ",
"cf": "Il-yadaʾ",
"gw": "1",
"sense": "1",
"norm": "Il-yadaʾ",
"pos": "PN",
"epos": "PN"}
}
,
{
"node": "d",
"subtype": "reverse",
"type": "surface",
"ref": "P334155.r.28",
"type": "reverse",
"label": "r"}
,
{
"node": "d",
"type": "line-start",
"ref": "P334155.29",
"n": "1",
"label": "r 1"}
,
{
"node": "l",
"frag": "id-din-nu-ni",
"id": "P334155.l04d52",
"ref": "P334155.29.1",
"inst": "tadānu[give]V$iddinnūni",
"sig": "@saao/saa15%akk-x-neoass:id-din-nu-ni=tadānu[give//give]V'V$iddinnūni",
"f": {"lang": "akk-x-neoass",
"form": "id-din-nu-ni",
"cf": "tadānu",
"gw": "give",
"sense": "give",
"norm": "iddinnūni",
"pos": "V",
"epos": "V"}
}
,
{
"node": "l",
"frag": "la",
"id": "P334155.l04d53",
"ref": "P334155.29.2",
"inst": "lā[not]MOD",
"sig": "@saao/saa15%akk-x-neoass:la=lā[not//not]MOD'MOD$lā",
"f": {"lang": "akk-x-neoass",
"form": "la",
"cf": "lā",
"gw": "not",
"sense": "not",
"norm": "lā",
"pos": "MOD",
"epos": "MOD"}
}
,
{
"node": "l",
"frag": "nu-u₂-da",
"id": "P334155.l04d54",
"ref": "P334155.29.3",
"inst": "nūda[know]V",
"sig": "@saao/saa15%akk-x-neoass:nu-u₂-da=wadû[know//know]V'V$nūda",
"f": {"lang": "akk-x-neoass",
"form": "nu-u₂-da",
"cf": "wadû",
"gw": "know",
"sense": "know",
"norm": "nūda",
"pos": "V",
"epos": "V"}
}
,
{
"node": "d",
"type": "line-start",
"ref": "P334155.30",
"n": "2",
"label": "r 2"}
,
{
"node": "l",
"frag": "u₃",
"id": "P334155.l04d55",
"ref": "P334155.30.1",
"inst": "u[and]CNJ",
"sig": "@saao/saa15%akk-x-neoass:u₃=u[and//and]CNJ'CNJ$u",
"f": {"lang": "akk-x-neoass",
"form": "u₃",
"cf": "u",
"gw": "and",
"sense": "and",
"norm": "u",
"pos": "CNJ",
"epos": "CNJ"}
}
,
{
"node": "l",
"frag": "ket-ti",
"id": "P334155.l04d56",
"ref": "P334155.30.2",
"inst": "kittu[truth//truly]N'AV$ketti",
"sig": "@saao/saa15%akk-x-neoass:ket-ti=kittu[truth//truly]N'AV$ketti",
"f": {"lang": "akk-x-neoass",
"form": "ket-ti",
"cf": "kittu",
"gw": "truth",
"sense": "truly",
"norm": "ketti",
"pos": "N",
"epos": "AV"}
}
,
{
"node": "c",
"type": "phrase",
"tag": "phr",
"id": "P334155.U7",
"ref": "P334155.ls00003",
"cdl": [
{
"node": "l",
"frag": "ina",
"id": "P334155.l04d57",
"ref": "P334155.30.3",
"inst": "ina[in+=within]PRP",
"sig": "@saao/saa15%akk-x-neoass:ina=ina[in//in]PRP'PRP$ina",
"f": {"lang": "akk-x-neoass",
"form": "ina",
"cf": "ina",
"gw": "in",
"sense": "in",
"norm": "ina",
"pos": "PRP",
"epos": "PRP"}
}
,
{
"node": "l",
"frag": "ŠA₃-bi",
"id": "P334155.l04d58",
"ref": "P334155.30.4",
"inst": "libbi[interior]N",
"sig": "@saao/saa15%akk-x-neoass:ŠA₃-bi=libbu[interior//interior]N'N$libbi",
"f": {"lang": "akk-x-neoass",
"form": "ŠA₃-bi",
"cf": "libbu",
"gw": "interior",
"sense": "interior",
"norm": "libbi",
"pos": "N",
"epos": "N"}
}
]}
,
{
"node": "l",
"frag": "UN-MEŠ",
"id": "P334155.l04d59",
"ref": "P334155.30.5",
"inst": "nišē[people]N",
"sig": "@saao/saa15%akk-x-neoass:UN-MEŠ=nišu[people//people]N'N$nišē",
"f": {"lang": "akk-x-neoass",
"form": "UN-MEŠ",
"cf": "nišu",
"gw": "people",
"sense": "people",
"norm": "nišē",
"pos": "N",
"epos": "N"}
}
,
{
"node": "d",
"type": "line-start",
"ref": "P334155.31",
"n": "3",
"label": "r 3"}
,
{
"node": "l",
"frag": "an-nu-tu₂",
"id": "P334155.l04d5a",
"ref": "P334155.31.1",
"inst": "annūtu[this]DP",
"sig": "@saao/saa15%akk-x-neoass:an-nu-tu₂=annû[this//this]DP'DP$annūtu",
"f": {"lang": "akk-x-neoass",
"form": "an-nu-tu₂",
"cf": "annû",
"gw": "this",
"sense": "this",
"norm": "annūtu",
"pos": "DP",
"epos": "DP"}
}
,
{
"node": "l",
"frag": "gab-bi",
"id": "P334155.l04d5b",
"ref": "P334155.31.2",
"inst": "gabbi[all]N",
"sig": "@saao/saa15%akk-x-neoass:gab-bi=gabbu[totality//all]N'N$gabbi",
"f": {"lang": "akk-x-neoass",
"form": "gab-bi",
"cf": "gabbu",
"gw": "totality",
"sense": "all",
"norm": "gabbi",
"pos": "N",
"epos": "N"}
}
,
{
"node": "l",
"frag": "01-en",
"id": "P334155.l04d5c",
"ref": "P334155.31.3",
"inst": "issēn[one]NU",
"sig": "@saao/saa15%akk-x-neoass:01-en=ištēn[one//one]NU'NU$issēn",
"f": {"lang": "akk-x-neoass",
"form": "01-en",
"cf": "ištēn",
"gw": "one",
"sense": "one",
"norm": "issēn",
"pos": "NU",
"epos": "NU"}
}
,
{
"node": "l",
"frag": "u₂-de-šu₂",
"id": "P334155.l04d5d",
"ref": "P334155.31.4",
"inst": "udī-[alone]AV$udēšu",
"sig": "@saao/saa15%akk-x-neoass:u₂-de-šu₂=udī-[alone//alone]AV'AV$udēšu",
"f": {"lang": "akk-x-neoass",
"form": "u₂-de-šu₂",
"cf": "udī-",
"gw": "alone",
"sense": "alone",
"norm": "udēšu",
"pos": "AV",
"epos": "AV"}
}
,
{
"node": "d",
"type": "line-start",
"ref": "P334155.32",
"n": "4",
"label": "r 4"}
,
{
"node": "l",
"frag": "ARAD-šu₂",
"id": "P334155.l04d5e",
"ref": "P334155.32.1",
"inst": "ardu[slave//servant]N$urdušu",
"sig": "@saao/saa15%akk-x-neoass:ARAD-šu₂=ardu[slave//servant]N'N$urdušu",
"f": {"lang": "akk-x-neoass",
"form": "ARAD-šu₂",
"cf": "ardu",
"gw": "slave",
"sense": "servant",
"norm": "urdušu",
"pos": "N",
"epos": "N"}
}
,
{
"node": "c",
"type": "phrase",
"tag": "phr",
"id": "P334155.U8",
"ref": "P334155.ls00004",
"cdl": [
{
"node": "l",
"frag": "ina",
"id": "P334155.l04d5f",
"ref": "P334155.32.2",
"inst": "ina[in+=there]PRP",
"sig": "@saao/saa15%akk-x-neoass:ina=ina[in//in]PRP'PRP$ina",
"f": {"lang": "akk-x-neoass",
"form": "ina",
"cf": "ina",
"gw": "in",
"sense": "in",
"norm": "ina",
"pos": "PRP",
"epos": "PRP"}
}
,
{
"node": "l",
"frag": "ŠA₃-bi",
"id": "P334155.l04d60",
"ref": "P334155.32.3",
"inst": "libbi[interior]N",
"sig": "@saao/saa15%akk-x-neoass:ŠA₃-bi=libbu[interior//interior]N'N$libbi",
"f": {"lang": "akk-x-neoass",
"form": "ŠA₃-bi",
"cf": "libbu",
"gw": "interior",
"sense": "interior",
"norm": "libbi",
"pos": "N",
"epos": "N"}
}
]}
,
{
"node": "l",
"frag": "u₃",
"id": "P334155.l04d61",
"ref": "P334155.32.4",
"inst": "u[and]CNJ",
"sig": "@saao/saa15%akk-x-neoass:u₃=u[and//and]CNJ'CNJ$u",
"f": {"lang": "akk-x-neoass",
"form": "u₃",
"cf": "u",
"gw": "and",
"sense": "and",
"norm": "u",
"pos": "CNJ",
"epos": "CNJ"}
}
,
{
"node": "l",
"frag": "re-eh-ti",
"id": "P334155.l04d62",
"ref": "P334155.32.5",
"inst": "rēhti[remainder]N",
"sig": "@saao/saa15%akk-x-neoass:re-eh-ti=rēhtu[remainder//remainder]N'N$rēhti",
"f": {"lang": "akk-x-neoass",
"form": "re-eh-ti",
"cf": "rēhtu",
"gw": "remainder",
"sense": "remainder",
"norm": "rēhti",
"pos": "N",
"epos": "N"}
}
,
{
"node": "d",
"type": "line-start",
"ref": "P334155.33",
"n": "5",
"label": "r 5"}
,
{
"node": "l",
"frag": "LUGAL",
"id": "P334155.l04d63",
"ref": "P334155.33.1",
"inst": "šarru[king]N",
"sig": "@saao/saa15%akk-x-neoass:LUGAL=šarru[king//king]N'N$šarru",
"f": {"lang": "akk-x-neoass",
"form": "LUGAL",
"cf": "šarru",
"gw": "king",
"sense": "king",
"norm": "šarru",
"pos": "N",
"epos": "N"}
}
,
{
"node": "l",
"frag": "be-li₂",
"id": "P334155.l04d64",
"ref": "P334155.33.2",
"inst": "bēlī[lord]N",
"sig": "@saao/saa15%akk-x-neoass:be-li₂=bēlu[lord//lord]N'N$bēlī",
"f": {"lang": "akk-x-neoass",
"form": "be-li₂",
"cf": "bēlu",
"gw": "lord",
"sense": "lord",
"norm": "bēlī",
"pos": "N",
"epos": "N"}
}
,
{
"node": "l",
"frag": "liš-al",
"id": "P334155.l04d65",
"ref": "P334155.33.3",
"inst": "lišʾal[ask]V",
"sig": "@saao/saa15%akk-x-neoass:liš-al=šâlu[ask//ask]V'V$lišʾal",
"f": {"lang": "akk-x-neoass",
"form": "liš-al",
"cf": "šâlu",
"gw": "ask",
"sense": "ask",
"norm": "lišʾal",
"pos": "V",
"epos": "V"}
}
,
{
"node": "l",
"frag": "ki-i",
"id": "P334155.l04d66",
"ref": "P334155.33.4",
"inst": "kî[that]'SBJ",
"sig": "@saao/saa15%akk-x-neoass:ki-i=kī[like//that]PRP'SBJ$kî",
"f": {"lang": "akk-x-neoass",
"form": "ki-i",
"cf": "kī",
"gw": "like",
"sense": "that",
"norm": "kî",
"pos": "PRP",
"epos": "SBJ"}
}
,
{
"node": "d",
"type": "line-start",
"ref": "P334155.34",
"n": "6",
"label": "r 6"}
,
{
"node": "l",
"frag": "la",
"id": "P334155.l04d67",
"ref": "P334155.34.1",
"inst": "lā[not]MOD",
"sig": "@saao/saa15%akk-x-neoass:la=lā[not//not]MOD'MOD$lā",
"f": {"lang": "akk-x-neoass",
"form": "la",
"cf": "lā",
"gw": "not",
"sense": "not",
"norm": "lā",
"pos": "MOD",
"epos": "MOD"}
}
,
{
"node": "l",
"frag": "{lu₂v}ARAD-MEŠ-šu₂",
"id": "P334155.l04d68",
"ref": "P334155.34.2",
"inst": "ardu[slave//servant]N$urdānīšu",
"sig": "@saao/saa15%akk-x-neoass:{LU₂}ARAD-MEŠ-šu₂=ardu[slave//servant]N'N$urdānīšu",
"f": {"lang": "akk-x-neoass",
"form": "{LU₂}ARAD-MEŠ-šu₂",
"cf": "ardu",
"gw": "slave",
"sense": "servant",
"norm": "urdānīšu",
"pos": "N",
"epos": "N"}
}
,
{
"node": "l",
"frag": "šu-nu-u-ni",
"id": "P334155.l04d69",
"ref": "P334155.34.3",
"inst": "šunūni[they]IP",
"sig": "@saao/saa15%akk-x-neoass:šu-nu-u-ni=šunu[they//they]IP'IP$šunūni",
"f": {"lang": "akk-x-neoass",
"form": "šu-nu-u-ni",
"cf": "šunu",
"gw": "they",
"sense": "they",
"norm": "šunūni",
"pos": "IP",
"epos": "IP"}
}
,
{
"node": "d",
"type": "line-start",
"ref": "P334155.35",
"n": "7",
"label": "r 7"}
,
{
"node": "l",
"frag": "a-na-ku",
"id": "P334155.l04d6a",
"ref": "P334155.35.1",
"inst": "anāku[I]IP",
"sig": "@saao/saa15%akk-x-neoass:a-na-ku=anāku[I//I]IP'IP$anāku",
"f": {"lang": "akk-x-neoass",
"form": "a-na-ku",
"cf": "anāku",
"gw": "I",
"sense": "I",
"norm": "anāku",
"pos": "IP",
"epos": "IP"}
}
,
{
"node": "c",
"type": "phrase",
"tag": "phr",
"id": "P334155.U9",
"ref": "P334155.ls00005",
"cdl": [
{
"node": "l",
"frag": "TA@v\\m",
"id": "P334155.l04d6b",
"ref": "P334155.35.2",
"inst": "ištu[from+=because of]PRP$issu",
"sig": "@saao/saa15%akk-x-neoass:TA@v=ištu[from//from]PRP'PRP$issu",
"f": {"lang": "akk-x-neoass",
"form": "TA@v",
"cf": "ištu",
"gw": "from",
"sense": "from",
"norm": "issu",
"pos": "PRP",
"epos": "PRP"}
}
,
{
"node": "l",
"frag": "IGI",
"id": "P334155.l04d6c",
"ref": "P334155.35.3",
"inst": "pān[front]N",
"sig": "@saao/saa15%akk-x-neoass:IGI=pānu[front//front]N'N$pān",
"f": {"lang": "akk-x-neoass",
"form": "IGI",
"cf": "pānu",
"gw": "front",
"sense": "front",
"norm": "pān",
"pos": "N",
"epos": "N"}
}
]}
,
{
"node": "l",
"frag": "šip-ṭu",
"id": "P334155.l04d6d",
"ref": "P334155.35.4",
"inst": "šipṭu[punishment]N",
"sig": "@saao/saa15%akk-x-neoass:šip-ṭu=šipṭu[judgement//punishment]N'N$šipṭu",
"f": {"lang": "akk-x-neoass",
"form": "šip-ṭu",
"cf": "šipṭu",
"gw": "judgement",
"sense": "punishment",
"norm": "šipṭu",
"pos": "N",
"epos": "N"}
}
,
{
"node": "l",
"frag": "ša",
"id": "P334155.l04d6e",
"ref": "P334155.35.5",
"inst": "ša[which]REL",
"sig": "@saao/saa15%akk-x-neoass:ša=ša[that//which]REL'REL$ša",
"f": {"lang": "akk-x-neoass",
"form": "ša",
"cf": "ša",
"gw": "that",
"sense": "which",
"norm": "ša",
"pos": "REL",
"epos": "REL"}
}
,
{
"node": "l",
"frag": "LUGAL",
"id": "P334155.l04d6f",
"ref": "P334155.35.6",
"inst": "šarru[king]N",
"sig": "@saao/saa15%akk-x-neoass:LUGAL=šarru[king//king]N'N$šarru",
"f": {"lang": "akk-x-neoass",
"form": "LUGAL",
"cf": "šarru",
"gw": "king",
"sense": "king",
"norm": "šarru",
"pos": "N",
"epos": "N"}
}
,
{
"node": "d",
"type": "line-start",
"ref": "P334155.36",
"n": "8",
"label": "r 8"}
,
{
"node": "l",
"frag": "be-li₂",
"id": "P334155.l04d70",
"ref": "P334155.36.1",
"inst": "bēlī[lord]N",
"sig": "@saao/saa15%akk-x-neoass:be-li₂=bēlu[lord//lord]N'N$bēlī",
"f": {"lang": "akk-x-neoass",
"form": "be-li₂",
"cf": "bēlu",
"gw": "lord",
"sense": "lord",
"norm": "bēlī",
"pos": "N",
"epos": "N"}
}
,
{
"node": "l",
"frag": "iš-pur-an-ni",
"id": "P334155.l04d71",
"ref": "P334155.36.2",
"inst": "išpuranni[write]V",
"sig": "@saao/saa15%akk-x-neoass:iš-pur-an-ni=šapāru[send//write]V'V$išpuranni",
"f": {"lang": "akk-x-neoass",
"form": "iš-pur-an-ni",
"cf": "šapāru",
"gw": "send",
"sense": "write",
"norm": "išpuranni",
"pos": "V",
"epos": "V"}
}
,
{
"node": "l",
"frag": "ma-a",
"id": "P334155.l04d72",
"ref": "P334155.36.3",
"inst": "mā[saying]PRP",
"sig": "@saao/saa15%akk-x-neoass:ma-a=mā[saying//saying]PRP'PRP$mā",
"f": {"lang": "akk-x-neoass",
"form": "ma-a",
"cf": "mā",
"gw": "saying",
"sense": "saying",
"norm": "mā",
"pos": "PRP",
"epos": "PRP"}
}
,
{
"node": "l",
"frag": "01-en",
"id": "P334155.l04d73",
"ref": "P334155.36.4",
"inst": "issēn[one]NU",
"sig": "@saao/saa15%akk-x-neoass:01-en=ištēn[one//one]NU'NU$issēn",
"f": {"lang": "akk-x-neoass",
"form": "01-en",
"cf": "ištēn",
"gw": "one",
"sense": "one",
"norm": "issēn",
"pos": "NU",
"epos": "NU"}
}
,
{
"node": "c",
"type": "phrase",
"tag": "phr",
"id": "P334155.U10",
"ref": "P334155.ls00006",
"cdl": [
{
"node": "l",
"frag": "TA@v\\m",
"id": "P334155.l04d74",
"ref": "P334155.36.5",
"inst": "issu[from+=from out of]PRP",
"sig": "@saao/saa15%akk-x-neoass:TA@v=ištu[from//from]PRP'PRP$issu",
"f": {"lang": "akk-x-neoass",
"form": "TA@v",
"cf": "ištu",
"gw": "from",
"sense": "from",
"norm": "issu",
"pos": "PRP",
"epos": "PRP"}
}
,
{
"node": "l",
"frag": "ŠA₃-bi-šu₂-nu",
"id": "P334155.l04d75",
"ref": "P334155.36.6",
"inst": "libbišunu[interior]N",
"sig": "@saao/saa15%akk-x-neoass:ŠA₃-bi-šu₂-nu=libbu[interior//interior]N'N$libbišunu",
"f": {"lang": "akk-x-neoass",
"form": "ŠA₃-bi-šu₂-nu",
"cf": "libbu",
"gw": "interior",
"sense": "interior",
"norm": "libbišunu",
"pos": "N",
"epos": "N"}
}
]}
,
{
"node": "d",
"type": "line-start",
"ref": "P334155.37",
"n": "9",
"label": "r 9"}
,
{
"node": "l",
"frag": "e-te-li\\tdm-ka",
"id": "P334155.l04d76",
"ref": "P334155.37.1",
"inst": "elû[go up]V$ētelika",
"sig": "@saao/saa15%akk-x-neoass:e-te-li-ka=elû[go up//go up]V'V$ētelika",
"f": {"lang": "akk-x-neoass",
"form": "e-te-li-ka",
"cf": "elû",
"gw": "go up",
"sense": "go up",
"norm": "ētelika",
"pos": "V",
"epos": "V"}
}
,
{
"node": "l",
"frag": "lu-u",
"id": "P334155.l04d77",
"ref": "P334155.37.2",
"inst": "lū[may]MOD",
"sig": "@saao/saa15%akk-x-neoass:lu-u=lū[may//may]MOD'MOD$lū",
"f": {"lang": "akk-x-neoass",
"form": "lu-u",
"cf": "lū",
"gw": "may",
"sense": "may",
"norm": "lū",
"pos": "MOD",
"epos": "MOD"}
}
,
{
"node": "l",
"frag": "tu-da",
"id": "P334155.l04d78",
"ref": "P334155.37.3",
"inst": "tūda[know]V",
"sig": "@saao/saa15%akk-x-neoass:tu-da=wadû[know//know]V'V$tūda",
"f": {"lang": "akk-x-neoass",
"form": "tu-da",
"cf": "wadû",
"gw": "know",
"sense": "know",
"norm": "tūda",
"pos": "V",
"epos": "V"}
}
,
{
"node": "l",
"frag": "ki-i",
"id": "P334155.l04d79",
"ref": "P334155.37.4",
"inst": "kî[that]'SBJ",
"sig": "@saao/saa15%akk-x-neoass:ki-i=kī[like//that]PRP'SBJ$kî",
"f": {"lang": "akk-x-neoass",
"form": "ki-i",
"cf": "kī",
"gw": "like",
"sense": "that",
"norm": "kî",
"pos": "PRP",
"epos": "SBJ"}
}
,
{
"node": "d",
"type": "line-start",
"ref": "P334155.38",
"n": "10",
"label": "r 10"}
,
{
"node": "l",
"frag": "at-ta",
"id": "P334155.l04d7a",
"ref": "P334155.38.1",
"inst": "atta[you]IP",
"sig": "@saao/saa15%akk-x-neoass:at-ta=atta[you//you]IP'IP$atta",
"f": {"lang": "akk-x-neoass",
"form": "at-ta",
"cf": "atta",
"gw": "you",
"sense": "you",
"norm": "atta",
"pos": "IP",
"epos": "IP"}
}
,
{
"node": "l",
"frag": "hi-ṭu",
"id": "P334155.l04d7b",
"ref": "P334155.38.2",
"inst": "hīṭu[error//crime]N$",
"sig": "@saao/saa15%akk-x-neoass:hi-ṭu=hīṭu[error//crime]N'N$hīṭu",
"f": {"lang": "akk-x-neoass",
"form": "hi-ṭu",
"cf": "hīṭu",
"gw": "error",
"sense": "crime",
"norm": "hīṭu",
"pos": "N",
"epos": "N"}
}
,
{
"node": "c",
"type": "phrase",
"tag": "phr",
"id": "P334155.U11",
"ref": "P334155.ls00007",
"cdl": [
{
"node": "l",
"frag": "ina",
"id": "P334155.l04d7c",
"ref": "P334155.38.3",
"inst": "ina[in+=on account of]PRP",
"sig": "@saao/saa15%akk-x-neoass:ina=ina[in//in]PRP'PRP$ina",
"f": {"lang": "akk-x-neoass",
"form": "ina",
"cf": "ina",
"gw": "in",
"sense": "in",
"norm": "ina",
"pos": "PRP",
"epos": "PRP"}
}
,
{
"node": "l",
"frag": "UGU-hi-šu₂-nu",
"id": "P334155.l04d7d",
"ref": "P334155.38.4",
"inst": "muhhišunu[skull]N",
"sig": "@saao/saa15%akk-x-neoass:UGU-hi-šu₂-nu=muhhu[skull//skull]N'N$muhhišunu",
"f": {"lang": "akk-x-neoass",
"form": "UGU-hi-šu₂-nu",
"cf": "muhhu",
"gw": "skull",
"sense": "skull",
"norm": "muhhišunu",
"pos": "N",
"epos": "N"}
}
]}
,
{
"node": "l",
"frag": "ta-na-aš₂-šu₂-nu",
"id": "P334155.l04d7e",
"ref": "P334155.38.5",
"inst": "našû[lift//take]V$tanaššûnu",
"sig": "@saao/saa15%akk-x-neoass:ta-na-aš₂-šu₂-nu=našû[lift//take]V'V$tanaššûnu",
"f": {"lang": "akk-x-neoass",
"form": "ta-na-aš₂-šu₂-nu",
"cf": "našû",
"gw": "lift",
"sense": "take",
"norm": "tanaššûnu",
"pos": "V",
"epos": "V"}
}
,
{
"node": "d",
"type": "line-start",
"ref": "P334155.39",
"n": "11",
"label": "r 11"}
,
{
"node": "l",
"frag": "ap-ta-lah₃",
"id": "P334155.l04d7f",
"ref": "P334155.39.1",
"inst": "aptalah[fear]V",
"sig": "@saao/saa15%akk-x-neoass:ap-ta-lah₃=palāhu[fear//fear]V'V$aptalah",
"f": {"lang": "akk-x-neoass",
"form": "ap-ta-lah₃",
"cf": "palāhu",
"gw": "fear",
"sense": "fear",
"norm": "aptalah",
"pos": "V",
"epos": "V"}
}
,
{
"node": "l",
"frag": "gab-bi",
"id": "P334155.l04d80",
"ref": "P334155.39.2",
"inst": "gabbi[all]N",
"sig": "@saao/saa15%akk-x-neoass:gab-bi=gabbu[totality//all]N'N$gabbi",
"f": {"lang": "akk-x-neoass",
"form": "gab-bi",
"cf": "gabbu",
"gw": "totality",
"sense": "all",
"norm": "gabbi",
"pos": "N",
"epos": "N"}
}
,
{
"node": "l",
"frag": "u₂-se-ṣi",
"id": "P334155.l04d81",
"ref": "P334155.39.3",
"inst": "ussēṣi[bring out]V",
"sig": "@saao/saa15%akk-x-neoass:u₂-se-ṣi=aṣû[go out//bring out]V'V$ussēṣi",
"f": {"lang": "akk-x-neoass",
"form": "u₂-se-ṣi",
"cf": "aṣû",
"gw": "go out",
"sense": "bring out",
"norm": "ussēṣi",
"pos": "V",
"epos": "V"}
}
,
{
"node": "d",
"type": "line-start",
"ref": "P334155.40",
"n": "12",
"label": "r 12"}
,
{
"node": "l",
"frag": "at-ti-din",
"id": "P334155.l04d82",
"ref": "P334155.40.1",
"inst": "attidin[give]V",
"sig": "@saao/saa15%akk-x-neoass:at-ti-din=tadānu[give//give]V'V$attidin",
"f": {"lang": "akk-x-neoass",
"form": "at-ti-din",
"cf": "tadānu",
"gw": "give",
"sense": "give",
"norm": "attidin",
"pos": "V",
"epos": "V"}
}
]}
]}
]}
,
{
"linkbase": [{
"type": "linkset",
"xlink_title": "ina muhhi[on//about]PRP'PRP",
"id": "P334155.ls00000",
"xlink_type": "extended",
"xlink_role": "psu",
"sig": "{ina[in]PRP muhhu[skull]N += ina muhhi[on//about]PRP'PRP}::@saao%akk-x-neoass:ina=ina[in//into]PRP'PRP$ina++@saao%akk-x-neoass:UGU=muhhu[skull//skull]N'N$muhhi",
"links": [
{
"type": "link",
"xlink_title": "ina",
"xlink_type": "locator",
"xlink_href": "#P334155.l04cd4",
"xlink_role": "elt"}
,
{
"type": "link",
"xlink_title": "muhhi",
"xlink_type": "locator",
"xlink_href": "#P334155.l04cd5",
"xlink_role": "elt"}
]}
,
{
"type": "linkset",
"xlink_title": "ana pān[in the presence of//before]PRP'PRP",
"id": "P334155.ls00001",
"xlink_type": "extended",
"xlink_role": "psu",
"sig": "{ana[to]PRP pānu[front]N += ana pān[in the presence of//before]PRP'PRP}::@saao%akk-x-neoass:a-na=ana[to//to]PRP'PRP$ana++@saao%akk-x-neoass:pa-an=pānu[front//front]N'N$pān",
"links": [
{
"type": "link",
"xlink_title": "ana",
"xlink_type": "locator",
"xlink_href": "#P334155.l04ce3",
"xlink_role": "elt"}
,
{
"type": "link",
"xlink_title": "pān",
"xlink_type": "locator",
"xlink_href": "#P334155.l04ce4",
"xlink_role": "elt"}
]}
,
{
"type": "linkset",
"xlink_title": "ištu libbi[from//from out of]PRP'PRP",
"id": "P334155.ls00002",
"xlink_type": "extended",
"xlink_role": "psu",
"sig": "{ištu[from]PRP libbu[interior]N += ištu libbi[from//from out of]PRP'PRP}::@saao%akk-x-neoass:TA@v=ištu[from//from]PRP'PRP$issu++@saao%akk-x-neoass:ŠA₃-bi-šu₂-nu=libbu[interior//interior]N'N$libbišunu",
"links": [
{
"type": "link",
"xlink_title": "issu",
"xlink_type": "locator",
"xlink_href": "#P334155.l04d45",
"xlink_role": "elt"}
,
{
"type": "link",
"xlink_title": "libbišunu",
"xlink_type": "locator",
"xlink_href": "#P334155.l04d46",
"xlink_role": "elt"}
]}
,
{
"type": "linkset",
"xlink_title": "ina libbi[in//(in exchange) for]PRP'PRP",
"id": "P334155.ls00003",
"xlink_type": "extended",
"xlink_role": "psu",
"sig": "{ina[in]PRP libbu[interior]N += ina libbi[in//(in exchange) for]PRP'PRP}::@saao%akk-x-neoass:ina=ina[in//into]PRP'PRP$ina++@saao%akk-x-neoass:ŠA₃-bi=libbu[interior//interior]N'N$libbi",
"links": [
{
"type": "link",
"xlink_title": "ina",
"xlink_type": "locator",
"xlink_href": "#P334155.l04d57",
"xlink_role": "elt"}
,
{
"type": "link",
"xlink_title": "libbi",
"xlink_type": "locator",
"xlink_href": "#P334155.l04d58",
"xlink_role": "elt"}
]}
,
{
"type": "linkset",
"xlink_title": "ina libbi[in//(in exchange) for]PRP'PRP",
"id": "P334155.ls00004",
"xlink_type": "extended",
"xlink_role": "psu",
"sig": "{ina[in]PRP libbu[interior]N += ina libbi[in//(in exchange) for]PRP'PRP}::@saao%akk-x-neoass:ina=ina[in//into]PRP'PRP$ina++@saao%akk-x-neoass:ŠA₃-bi=libbu[interior//interior]N'N$libbi",
"links": [
{
"type": "link",
"xlink_title": "ina",
"xlink_type": "locator",
"xlink_href": "#P334155.l04d5f",
"xlink_role": "elt"}
,
{
"type": "link",
"xlink_title": "libbi",
"xlink_type": "locator",
"xlink_href": "#P334155.l04d60",
"xlink_role": "elt"}
]}
,
{
"type": "linkset",
"xlink_title": "ištu pān[from//because of]PRP'PRP",
"id": "P334155.ls00005",
"xlink_type": "extended",
"xlink_role": "psu",
"sig": "{ištu[from]PRP pānu[front]N += ištu pān[from//because of]PRP'PRP}::@saao%akk-x-neoass:TA@v=ištu[from//from]PRP'PRP$issu++@saao%akk-x-neoass:IGI=pānu[front//front]N'N$pān",
"links": [
{
"type": "link",
"xlink_title": "ištu",
"xlink_type": "locator",
"xlink_href": "#P334155.l04d6b",
"xlink_role": "elt"}
,
{
"type": "link",
"xlink_title": "pān",
"xlink_type": "locator",
"xlink_href": "#P334155.l04d6c",
"xlink_role": "elt"}
]}
,
{
"type": "linkset",
"xlink_title": "ištu libbi[from//from out of]PRP'PRP",
"id": "P334155.ls00006",
"xlink_type": "extended",
"xlink_role": "psu",
"sig": "{ištu[from]PRP libbu[interior]N += ištu libbi[from//from out of]PRP'PRP}::@saao%akk-x-neoass:TA@v=ištu[from//from]PRP'PRP$issu++@saao%akk-x-neoass:ŠA₃-bi-šu₂-nu=libbu[interior//interior]N'N$libbišunu",
"links": [
{
"type": "link",
"xlink_title": "issu",
"xlink_type": "locator",
"xlink_href": "#P334155.l04d74",
"xlink_role": "elt"}
,
{
"type": "link",
"xlink_title": "libbišunu",
"xlink_type": "locator",
"xlink_href": "#P334155.l04d75",
"xlink_role": "elt"}
]}
,
{
"type": "linkset",
"xlink_title": "ina muhhi[on//about]PRP'PRP",
"id": "P334155.ls00007",
"xlink_type": "extended",
"xlink_role": "psu",
"sig": "{ina[in]PRP muhhu[skull]N += ina muhhi[on//about]PRP'PRP}::@saao%akk-x-neoass:ina=ina[in//into]PRP'PRP$ina++@saao%akk-x-neoass:UGU-hi-šu₂-nu=muhhu[skull//skull]N'N$muhhišunu",
"links": [
{
"type": "link",
"xlink_title": "ina",
"xlink_type": "locator",
"xlink_href": "#P334155.l04d7c",
"xlink_role": "elt"}
,
{
"type": "link",
"xlink_title": "muhhišunu",
"xlink_type": "locator",
"xlink_href": "#P334155.l04d7d",
"xlink_role": "elt"}
]}
]}
]}
