{
"type": "cdl",
  "source": "http://oracc.org/saao/saa15",
  "license": "This data is released under the CC0 license",
  "license-url": "https://creativecommons.org/publicdomain/zero/1.0/",
  "more-info": "http://oracc.org/doc/opendata/",
  "UTC-timestamp": "2017-05-19T11:53:39",
"project": "saao/saa15",
"textid": "P334168",
"cdl": [
{
"node": "c",
"type": "text",
"id": "P334168.U0",
"cdl": [
{
"node": "d",
"type": "object",
"ref": ""}
,
{
"node": "d",
"subtype": "obverse",
"type": "surface",
"ref": "P334168.o.1",
"type": "obverse",
"label": "o"}
,
{
"node": "c",
"type": "discourse",
"subtype": "body",
"id": "P334168.U1",
"cdl": [
{
"node": "c",
"type": "sentence",
"id": "P334168.U2",
"label": "o 1 - r 2",
"cdl": [
{
"node": "d",
"type": "line-start",
"ref": "P334168.2",
"n": "1",
"label": "o 1"}
,
{
"node": "l",
"frag": "a-na",
"id": "P334168.l01861",
"ref": "P334168.2.1",
"inst": "ana[to]PRP",
"sig": "@saao/saa15%akk-x-neoass:a-na=ana[to//to]PRP'PRP$ana",
"f": {"lang": "akk-x-neoass",
"form": "a-na",
"cf": "ana",
"gw": "to",
"sense": "to",
"norm": "ana",
"pos": "PRP",
"epos": "PRP"}
}
,
{
"node": "l",
"frag": "LUGAL",
"id": "P334168.l01862",
"ref": "P334168.2.2",
"inst": "šarri[king]N",
"sig": "@saao/saa15%akk-x-neoass:LUGAL=šarru[king//king]N'N$šarri",
"f": {"lang": "akk-x-neoass",
"form": "LUGAL",
"cf": "šarru",
"gw": "king",
"sense": "king",
"norm": "šarri",
"pos": "N",
"epos": "N"}
}
,
{
"node": "l",
"frag": "be-li₂-ia₂",
"id": "P334168.l01863",
"ref": "P334168.2.3",
"inst": "bēlīya[lord]N",
"sig": "@saao/saa15%akk-x-neoass:be-li₂-ia₂=bēlu[lord//lord]N'N$bēlīya",
"f": {"lang": "akk-x-neoass",
"form": "be-li₂-ia₂",
"cf": "bēlu",
"gw": "lord",
"sense": "lord",
"norm": "bēlīya",
"pos": "N",
"epos": "N"}
}
,
{
"node": "d",
"type": "line-start",
"ref": "P334168.3",
"n": "2",
"label": "o 2"}
,
{
"node": "l",
"frag": "ARAD-ka",
"id": "P334168.l01864",
"ref": "P334168.3.1",
"inst": "urdaka[servant]N",
"sig": "@saao/saa15%akk-x-neoass:ARAD-ka=ardu[slave//servant]N'N$urdaka",
"f": {"lang": "akk-x-neoass",
"form": "ARAD-ka",
"cf": "ardu",
"gw": "slave",
"sense": "servant",
"norm": "urdaka",
"pos": "N",
"epos": "N"}
}
,
{
"node": "l",
"frag": "{1}{d}U.GUR-KAR-ir",
"id": "P334168.l01865",
"ref": "P334168.3.2",
"inst": "Nergal-eṭir[1]PN",
"sig": "@saao/saa15%akk-x-neoass:{1}{d}U.GUR-KAR-ir=Nergal-eṭir[1//1]PN'PN$Nergal-eṭir",
"f": {"lang": "akk-x-neoass",
"form": "{1}{d}U.GUR-KAR-ir",
"cf": "Nergal-eṭir",
"gw": "1",
"sense": "1",
"norm": "Nergal-eṭir",
"pos": "PN",
"epos": "PN"}
}
,
{
"node": "d",
"type": "line-start",
"ref": "P334168.4",
"n": "3",
"label": "o 3"}
,
{
"node": "l",
"frag": "lu",
"id": "P334168.l01866",
"ref": "P334168.4.1",
"inst": "lū[may]MOD",
"sig": "@saao/saa15%akk-x-neoass:lu=lū[may//may]MOD'MOD$lū",
"f": {"lang": "akk-x-neoass",
"form": "lu",
"cf": "lū",
"gw": "may",
"sense": "may",
"norm": "lū",
"pos": "MOD",
"epos": "MOD"}
}
,
{
"node": "l",
"frag": "šul-mu",
"id": "P334168.l01867",
"ref": "P334168.4.2",
"inst": "šulmu[health]N",
"sig": "@saao/saa15%akk-x-neoass:šul-mu=šulmu[completeness//health]N'N$šulmu",
"f": {"lang": "akk-x-neoass",
"form": "šul-mu",
"cf": "šulmu",
"gw": "completeness",
"sense": "health",
"norm": "šulmu",
"pos": "N",
"epos": "N"}
}
,
{
"node": "d",
"type": "line-start",
"ref": "P334168.5",
"n": "4",
"label": "o 4"}
,
{
"node": "l",
"frag": "a-na",
"id": "P334168.l01868",
"ref": "P334168.5.1",
"inst": "ana[to]PRP",
"sig": "@saao/saa15%akk-x-neoass:a-na=ana[to//to]PRP'PRP$ana",
"f": {"lang": "akk-x-neoass",
"form": "a-na",
"cf": "ana",
"gw": "to",
"sense": "to",
"norm": "ana",
"pos": "PRP",
"epos": "PRP"}
}
,
{
"node": "l",
"frag": "LUGAL",
"id": "P334168.l01869",
"ref": "P334168.5.2",
"inst": "šarri[king]N",
"sig": "@saao/saa15%akk-x-neoass:LUGAL=šarru[king//king]N'N$šarri",
"f": {"lang": "akk-x-neoass",
"form": "LUGAL",
"cf": "šarru",
"gw": "king",
"sense": "king",
"norm": "šarri",
"pos": "N",
"epos": "N"}
}
,
{
"node": "l",
"frag": "be-li₂-ia₂",
"id": "P334168.l0186a",
"ref": "P334168.5.3",
"inst": "bēlīya[lord]N",
"sig": "@saao/saa15%akk-x-neoass:be-li₂-ia₂=bēlu[lord//lord]N'N$bēlīya",
"f": {"lang": "akk-x-neoass",
"form": "be-li₂-ia₂",
"cf": "bēlu",
"gw": "lord",
"sense": "lord",
"norm": "bēlīya",
"pos": "N",
"epos": "N"}
}
,
{
"node": "d",
"type": "line-start",
"ref": "P334168.6",
"n": "5",
"label": "o 5"}
,
{
"node": "l",
"frag": "a-dan-niš",
"id": "P334168.l0186b",
"ref": "P334168.6.1",
"inst": "adanniš[very much]AV",
"sig": "@saao/saa15%akk-x-neoass:a-dan-niš=adanniš[very much//very much]AV'AV$adanniš",
"f": {"lang": "akk-x-neoass",
"form": "a-dan-niš",
"cf": "adanniš",
"gw": "very much",
"sense": "very much",
"norm": "adanniš",
"pos": "AV",
"epos": "AV"}
}
,
{
"node": "l",
"frag": "a-dan-niš",
"id": "P334168.l0186c",
"ref": "P334168.6.2",
"inst": "adanniš[very much]AV",
"sig": "@saao/saa15%akk-x-neoass:a-dan-niš=adanniš[very much//very much]AV'AV$adanniš",
"f": {"lang": "akk-x-neoass",
"form": "a-dan-niš",
"cf": "adanniš",
"gw": "very much",
"sense": "very much",
"norm": "adanniš",
"pos": "AV",
"epos": "AV"}
}
,
{
"node": "d",
"type": "line-start",
"ref": "P334168.7",
"n": "6",
"label": "o 6"}
,
{
"node": "l",
"frag": "a-na",
"id": "P334168.l0186d",
"ref": "P334168.7.1",
"inst": "ana[to]PRP",
"sig": "@saao/saa15%akk-x-neoass:a-na=ana[to//to]PRP'PRP$ana",
"f": {"lang": "akk-x-neoass",
"form": "a-na",
"cf": "ana",
"gw": "to",
"sense": "to",
"norm": "ana",
"pos": "PRP",
"epos": "PRP"}
}
,
{
"node": "l",
"frag": "KUR",
"id": "P334168.l0186e",
"ref": "P334168.7.2",
"inst": "māti[land]N",
"sig": "@saao/saa15%akk-x-neoass:KUR=mātu[land//land]N'N$māti",
"f": {"lang": "akk-x-neoass",
"form": "KUR",
"cf": "mātu",
"gw": "land",
"sense": "land",
"norm": "māti",
"pos": "N",
"epos": "N"}
}
,
{
"node": "l",
"frag": "ša",
"id": "P334168.l0186f",
"ref": "P334168.7.3",
"inst": "ša[of]DET",
"sig": "@saao/saa15%akk-x-neoass:ša=ša[of//of]DET'DET$ša",
"f": {"lang": "akk-x-neoass",
"form": "ša",
"cf": "ša",
"gw": "of",
"sense": "of",
"norm": "ša",
"pos": "DET",
"epos": "DET"}
}
,
{
"node": "l",
"frag": "LUGAL",
"id": "P334168.l01870",
"ref": "P334168.7.4",
"inst": "šarri[king]N",
"sig": "@saao/saa15%akk-x-neoass:LUGAL=šarru[king//king]N'N$šarri",
"f": {"lang": "akk-x-neoass",
"form": "LUGAL",
"cf": "šarru",
"gw": "king",
"sense": "king",
"norm": "šarri",
"pos": "N",
"epos": "N"}
}
,
{
"node": "d",
"type": "line-start",
"ref": "P334168.8",
"n": "7",
"label": "o 7"}
,
{
"node": "l",
"frag": "šul-mu",
"id": "P334168.l01871",
"ref": "P334168.8.1",
"inst": "šulmu[health]N",
"sig": "@saao/saa15%akk-x-neoass:šul-mu=šulmu[completeness//health]N'N$šulmu",
"f": {"lang": "akk-x-neoass",
"form": "šul-mu",
"cf": "šulmu",
"gw": "completeness",
"sense": "health",
"norm": "šulmu",
"pos": "N",
"epos": "N"}
}
,
{
"node": "d",
"type": "line-start",
"ref": "P334168.9",
"n": "8",
"label": "o 8"}
,
{
"node": "l",
"frag": "ŠA₃-bu",
"id": "P334168.l01872",
"ref": "P334168.9.1",
"inst": "libbu[mood]N",
"sig": "@saao/saa15%akk-x-neoass:ŠA₃-bu=libbu[interior//mood]N'N$libbu",
"f": {"lang": "akk-x-neoass",
"form": "ŠA₃-bu",
"cf": "libbu",
"gw": "interior",
"sense": "mood",
"norm": "libbu",
"pos": "N",
"epos": "N"}
}
,
{
"node": "l",
"frag": "ša",
"id": "P334168.l01873",
"ref": "P334168.9.2",
"inst": "ša[of]DET",
"sig": "@saao/saa15%akk-x-neoass:ša=ša[of//of]DET'DET$ša",
"f": {"lang": "akk-x-neoass",
"form": "ša",
"cf": "ša",
"gw": "of",
"sense": "of",
"norm": "ša",
"pos": "DET",
"epos": "DET"}
}
,
{
"node": "l",
"frag": "LUGAL",
"id": "P334168.l01874",
"ref": "P334168.9.3",
"inst": "šarri[king]N",
"sig": "@saao/saa15%akk-x-neoass:LUGAL=šarru[king//king]N'N$šarri",
"f": {"lang": "akk-x-neoass",
"form": "LUGAL",
"cf": "šarru",
"gw": "king",
"sense": "king",
"norm": "šarri",
"pos": "N",
"epos": "N"}
}
,
{
"node": "l",
"frag": "EN-ia₂",
"id": "P334168.l01875",
"ref": "P334168.9.4",
"inst": "bēlīya[lord]N",
"sig": "@saao/saa15%akk-x-neoass:EN-ia₂=bēlu[lord//lord]N'N$bēlīya",
"f": {"lang": "akk-x-neoass",
"form": "EN-ia₂",
"cf": "bēlu",
"gw": "lord",
"sense": "lord",
"norm": "bēlīya",
"pos": "N",
"epos": "N"}
}
,
{
"node": "d",
"type": "line-start",
"ref": "P334168.10",
"n": "9",
"label": "o 9"}
,
{
"node": "l",
"frag": "a-dan-niš",
"id": "P334168.l01876",
"ref": "P334168.10.1",
"inst": "adanniš[very much]AV",
"sig": "@saao/saa15%akk-x-neoass:a-dan-niš=adanniš[very much//very much]AV'AV$adanniš",
"f": {"lang": "akk-x-neoass",
"form": "a-dan-niš",
"cf": "adanniš",
"gw": "very much",
"sense": "very much",
"norm": "adanniš",
"pos": "AV",
"epos": "AV"}
}
,
{
"node": "l",
"frag": "lu-u",
"id": "P334168.l01877",
"ref": "P334168.10.2",
"inst": "lū[may]MOD",
"sig": "@saao/saa15%akk-x-neoass:lu-u=lū[may//may]MOD'MOD$lū",
"f": {"lang": "akk-x-neoass",
"form": "lu-u",
"cf": "lū",
"gw": "may",
"sense": "may",
"norm": "lū",
"pos": "MOD",
"epos": "MOD"}
}
,
{
"node": "l",
"frag": "DUG₃.GA",
"id": "P334168.l01878",
"ref": "P334168.10.3",
"inst": "ṭāb[good]AJ",
"sig": "@saao/saa15%akk-x-neoass:DUG₃.GA=ṭābu[good//good]AJ'AJ$ṭāb",
"f": {"lang": "akk-x-neoass",
"form": "DUG₃.GA",
"cf": "ṭābu",
"gw": "good",
"sense": "good",
"norm": "ṭāb",
"pos": "AJ",
"epos": "AJ"}
}
,
{
"node": "d",
"type": "line-start",
"ref": "P334168.11",
"n": "10",
"label": "o 10"}
,
{
"node": "c",
"type": "phrase",
"tag": "phr",
"id": "P334168.U4",
"ref": "P334168.ls00000",
"cdl": [
{
"node": "l",
"frag": "{lu₂v}DUMU-šip-ri",
"id": "P334168.l01879",
"ref": "P334168.11.1",
"cof-tails": "P334168.l0187a",
"inst": "māru[son]N$mār&šipru[sending]N$šipri",
"sig": "@saao/saa15%akk-x-neoass:{LU₂}DUMU-šip-ri=māru[son//son]N'N$mār&&@saao%akk-x-neoass:=šipru[sending//sending]N'N$šipri",
"f": {"lang": "akk-x-neoass",
"form": "{LU₂}DUMU-šip-ri",
"cf": "māru",
"gw": "son",
"sense": "son",
"norm": "mār",
"pos": "N",
"epos": "N"}
}
,
{
"node": "l",
"frag": "{lu₂v}DUMU-šip-ri",
"id": "P334168.l0187a",
"ref": "P334168.11.1",
"cof-head": "P334168.l01879",
"inst": "māru[son]N$mār&šipru[sending]N$šipri",
"tail-sig": "@saao%akk-x-neoass:=šipru[sending//sending]N'N$šipri",
"f": {"lang": "akk-x-neoass",
"form": "{LU₂}DUMU-šip-ri",
"cf": "šipru",
"gw": "sending",
"sense": "sending",
"norm": "šipri",
"pos": "N",
"epos": "N"}
}
]}
,
{
"node": "d",
"type": "line-start",
"ref": "P334168.12",
"n": "11",
"label": "o 11"}
,
{
"node": "l",
"frag": "ša",
"id": "P334168.l0187b",
"ref": "P334168.12.1",
"inst": "ša[of]DET",
"sig": "@saao/saa15%akk-x-neoass:ša=ša[of//of]DET'DET$ša",
"f": {"lang": "akk-x-neoass",
"form": "ša",
"cf": "ša",
"gw": "of",
"sense": "of",
"norm": "ša",
"pos": "DET",
"epos": "DET"}
}
,
{
"node": "l",
"frag": "{1}dal-ta-a",
"id": "P334168.l0187c",
"ref": "P334168.12.2",
"inst": "Dalta[]PN$",
"sig": "@saao/saa15%akk-x-neoass:{1}dal-ta-a=Dalta[1//1]PN'PN$Dalta",
"f": {"lang": "akk-x-neoass",
"form": "{1}dal-ta-a",
"cf": "Dalta",
"gw": "1",
"sense": "1",
"norm": "Dalta",
"pos": "PN",
"epos": "PN"}
}
,
{
"node": "d",
"type": "line-start",
"ref": "P334168.13",
"n": "12",
"label": "o 12"}
,
{
"node": "c",
"type": "phrase",
"tag": "phr",
"id": "P334168.U5",
"ref": "P334168.ls00001",
"cdl": [
{
"node": "l",
"frag": "ina",
"id": "P334168.l0187d",
"ref": "P334168.13.1",
"inst": "ina[in+=to]PRP",
"sig": "@saao/saa15%akk-x-neoass:ina=ina[in//in]PRP'PRP$ina",
"f": {"lang": "akk-x-neoass",
"form": "ina",
"cf": "ina",
"gw": "in",
"sense": "in",
"norm": "ina",
"pos": "PRP",
"epos": "PRP"}
}
,
{
"node": "l",
"frag": "pa-an",
"id": "P334168.l0187e",
"ref": "P334168.13.2",
"inst": "pān[front]N",
"sig": "@saao/saa15%akk-x-neoass:pa-an=pānu[front//front]N'N$pān",
"f": {"lang": "akk-x-neoass",
"form": "pa-an",
"cf": "pānu",
"gw": "front",
"sense": "front",
"norm": "pān",
"pos": "N",
"epos": "N"}
}
]}
,
{
"node": "l",
"frag": "LUGAL",
"id": "P334168.l0187f",
"ref": "P334168.13.3",
"inst": "šarri[king]N",
"sig": "@saao/saa15%akk-x-neoass:LUGAL=šarru[king//king]N'N$šarri",
"f": {"lang": "akk-x-neoass",
"form": "LUGAL",
"cf": "šarru",
"gw": "king",
"sense": "king",
"norm": "šarri",
"pos": "N",
"epos": "N"}
}
,
{
"node": "l",
"frag": "be-li₂-ia₂",
"id": "P334168.l01880",
"ref": "P334168.13.4",
"inst": "bēlīya[lord]N",
"sig": "@saao/saa15%akk-x-neoass:be-li₂-ia₂=bēlu[lord//lord]N'N$bēlīya",
"f": {"lang": "akk-x-neoass",
"form": "be-li₂-ia₂",
"cf": "bēlu",
"gw": "lord",
"sense": "lord",
"norm": "bēlīya",
"pos": "N",
"epos": "N"}
}
,
{
"node": "d",
"type": "line-start",
"ref": "P334168.14",
"n": "13",
"label": "o 13"}
,
{
"node": "l",
"frag": "[it]-tal-ka",
"id": "P334168.l01881",
"ref": "P334168.14.1",
"inst": "ittalka[come]V",
"sig": "@saao/saa15%akk-x-neoass:it-tal-ka=alāku[go//come]V'V$ittalka",
"f": {"lang": "akk-x-neoass",
"form": "it-tal-ka",
"cf": "alāku",
"gw": "go",
"sense": "come",
"norm": "ittalka",
"pos": "V",
"epos": "V"}
}
,
{
"node": "d",
"subtype": "bottom",
"type": "surface",
"ref": "P334168.b.e..15",
"type": "bottom",
"label": "b.e."}
,
{
"node": "d",
"type": "line-start",
"ref": "P334168.16",
"n": "14",
"label": "b.e. 14"}
,
{
"node": "l",
"frag": "[x]",
"id": "P334168.l01882",
"ref": "P334168.16.1",
"inst": "u",
"f": {"lang": "akk-x-neoass",
"form": "x",
"pos": "u"}
}
,
{
"node": "l",
"frag": "{⸢anše⸣}KUR.RA-MEŠ\\m",
"id": "P334168.l01883",
"ref": "P334168.16.2",
"inst": "sissê[horse]N",
"sig": "@saao/saa15%akk-x-neoass:{ANŠE}KUR.RA-MEŠ=sisû[horse//horse]N'N$sissê",
"f": {"lang": "akk-x-neoass",
"form": "{ANŠE}KUR.RA-MEŠ",
"cf": "sisû",
"gw": "horse",
"sense": "horse",
"norm": "sissê",
"pos": "N",
"epos": "N"}
}
,
{
"node": "d",
"type": "line-start",
"ref": "P334168.17",
"n": "15",
"label": "b.e. 15"}
,
{
"node": "c",
"type": "phrase",
"tag": "phr",
"id": "P334168.U6",
"ref": "P334168.ls00002",
"cdl": [
{
"node": "l",
"frag": "[ina]",
"id": "P334168.l01884",
"ref": "P334168.17.1",
"inst": "ina[in]PRP",
"sig": "@saao/saa15%akk-x-neoass:ina=ina[in//in]PRP'PRP$ina",
"f": {"lang": "akk-x-neoass",
"form": "ina",
"cf": "ina",
"gw": "in",
"sense": "in",
"norm": "ina",
"pos": "PRP",
"epos": "PRP"}
}
,
{
"node": "l",
"frag": "⸢ŠU⸣.2-šu₂",
"id": "P334168.l01885",
"ref": "P334168.17.2",
"inst": "qātīšu[hand]N",
"sig": "@saao/saa15%akk-x-neoass:ŠU.2-šu₂=qātu[hand//hand]N'N$qātīšu",
"f": {"lang": "akk-x-neoass",
"form": "ŠU.2-šu₂",
"cf": "qātu",
"gw": "hand",
"sense": "hand",
"norm": "qātīšu",
"pos": "N",
"epos": "N"}
}
]}
,
{
"node": "d",
"subtype": "reverse",
"type": "surface",
"ref": "P334168.r.18",
"type": "reverse",
"label": "r"}
,
{
"node": "d",
"type": "line-start",
"ref": "P334168.19",
"n": "1",
"label": "r 1"}
,
{
"node": "c",
"type": "phrase",
"tag": "phr",
"id": "P334168.U7",
"ref": "P334168.ls00003",
"cdl": [
{
"node": "l",
"frag": "{lu₂v}kal-la-pu-ši-bir-te",
"id": "P334168.l01886",
"ref": "P334168.19.1",
"cof-tails": "P334168.l01887",
"inst": "kallāpu[outrider]N$kallāpu&šipirtu[message]N$šibirte",
"sig": "@saao/saa15%akk-x-neoass:{LU₂}kal-la-pu-ši-bir-te=kallāpu[outrider//outrider]N'N$kallāpu&&@saao%akk-x-neoass:=šipirtu[message//message]N'N$šibirte",
"f": {"lang": "akk-x-neoass",
"form": "{LU₂}kal-la-pu-ši-bir-te",
"cf": "kallāpu",
"gw": "outrider",
"sense": "outrider",
"norm": "kallāpu",
"pos": "N",
"epos": "N"}
}
,
{
"node": "l",
"frag": "{lu₂v}kal-la-pu-ši-bir-te",
"id": "P334168.l01887",
"ref": "P334168.19.1",
"cof-head": "P334168.l01886",
"inst": "kallāpu[outrider]N$kallāpu&šipirtu[message]N$šibirte",
"tail-sig": "@saao%akk-x-neoass:=šipirtu[message//message]N'N$šibirte",
"f": {"lang": "akk-x-neoass",
"form": "{LU₂}kal-la-pu-ši-bir-te",
"cf": "šipirtu",
"gw": "message",
"sense": "message",
"norm": "šibirte",
"pos": "N",
"epos": "N"}
}
]}
,
{
"node": "d",
"type": "line-start",
"ref": "P334168.20",
"n": "2",
"label": "r 2"}
,
{
"node": "l",
"frag": "i-si-šu₂",
"id": "P334168.l01888",
"ref": "P334168.20.1",
"inst": "issīšu[with]PRP",
"sig": "@saao/saa15%akk-x-neoass:i-si-šu₂=išti[with//with]PRP'PRP$issīšu",
"f": {"lang": "akk-x-neoass",
"form": "i-si-šu₂",
"cf": "išti",
"gw": "with",
"sense": "with",
"norm": "issīšu",
"pos": "PRP",
"epos": "PRP"}
}
]}
]}
]}
,
{
"linkbase": [{
"type": "linkset",
"xlink_title": "mār šipri[messenger//messenger]N'N",
"id": "P334168.ls00000",
"xlink_type": "extended",
"xlink_role": "psu",
"sig": "{{LU₂}DUMU-šip-ri = māru[son]N šipru[sending]N += mār šipri[messenger//messenger]N'N}::@saao/saa10%akk-x-neoass:{LU₂}DUMU-šip-ri=māru[son//son]N'N$mār++@saao/saa10%akk-x-neoass:{LU₂}DUMU-šip-ri=šipru[sending//sending]N'N$šipri",
"links": [
{
"type": "link",
"xlink_title": "māru",
"xlink_type": "locator",
"xlink_href": "#P334168.l01879",
"xlink_role": "elt"}
,
{
"type": "link",
"xlink_title": "šipru",
"xlink_type": "locator",
"xlink_href": "#P334168.l0187a",
"xlink_role": "elt"}
]}
,
{
"type": "linkset",
"xlink_title": "ina pān[in the presence of//at the disposal of]PRP'PRP",
"id": "P334168.ls00001",
"xlink_type": "extended",
"xlink_role": "psu",
"sig": "{ina[in]PRP pānu[front]N += ina pān[in the presence of//at the disposal of]PRP'PRP}::@saao%akk-x-neoass:ina=ina[in//into]PRP'PRP$ina++@saao%akk-x-neoass:pa-an=pānu[front//front]N'N$pān",
"links": [
{
"type": "link",
"xlink_title": "ina",
"xlink_type": "locator",
"xlink_href": "#P334168.l0187d",
"xlink_role": "elt"}
,
{
"type": "link",
"xlink_title": "pān",
"xlink_type": "locator",
"xlink_href": "#P334168.l0187e",
"xlink_role": "elt"}
]}
,
{
"type": "linkset",
"xlink_title": "ina qāti[in/from s.o.ʾs possession, control//in/from s.o.ʾs possession, control]PRP'PRP",
"id": "P334168.ls00002",
"xlink_type": "extended",
"xlink_role": "psu",
"sig": "{ina[in]PRP qātu[hand]N += ina qāti[in/from s.o.ʾs possession, control//in/from s.o.ʾs possession, control]PRP'PRP}::@saao%akk-x-neoass:ina=ina[in//into]PRP'PRP$ina++@saao%akk-x-neoass:ŠU.2-šu₂=qātu[hand//hand]N'N$qātīšu",
"links": [
{
"type": "link",
"xlink_title": "ina",
"xlink_type": "locator",
"xlink_href": "#P334168.l01884",
"xlink_role": "elt"}
,
{
"type": "link",
"xlink_title": "qātīšu",
"xlink_type": "locator",
"xlink_href": "#P334168.l01885",
"xlink_role": "elt"}
]}
,
{
"type": "linkset",
"xlink_title": "kallāp šipirti[messenger//dispatch rider]N'N",
"id": "P334168.ls00003",
"xlink_type": "extended",
"xlink_role": "psu",
"sig": "{kallāpu[outrider]N šipirtu[message]N += kallāp šipirti[messenger//dispatch rider]N'N}::@saao%akk-x-neoass:{LU₂}kal-la-pu-ši-bir-te=kallāpu[outrider//outrider]N'N$kallāpu++@saao%akk-x-neoass:{LU₂}kal-la-pu-ši-bir-te=šipirtu[message//message]N'N$šibirte",
"links": [
{
"type": "link",
"xlink_title": "kallāpu",
"xlink_type": "locator",
"xlink_href": "#P334168.l01886",
"xlink_role": "elt"}
,
{
"type": "link",
"xlink_title": "šipirtu",
"xlink_type": "locator",
"xlink_href": "#P334168.l01887",
"xlink_role": "elt"}
]}
]}
]}
