{
"type": "cdl",
  "source": "http://oracc.org/saao/saa15",
  "license": "This data is released under the CC0 license",
  "license-url": "https://creativecommons.org/publicdomain/zero/1.0/",
  "more-info": "http://oracc.org/doc/opendata/",
  "UTC-timestamp": "2017-05-19T11:53:50",
"project": "saao/saa15",
"textid": "P334780",
"cdl": [
{
"node": "c",
"type": "text",
"id": "P334780.U0",
"cdl": [
{
"node": "d",
"type": "object",
"ref": ""}
,
{
"node": "d",
"type": "surface",
"ref": ""}
,
{
"node": "d",
"type": "nonx",
"ref": "P334780.1",
"strict": "0",
"state": "other"}
,
{
"node": "d",
"subtype": "bottom",
"type": "surface",
"ref": "P334780.b.e..2",
"type": "bottom",
"label": "b.e."}
,
{
"node": "c",
"type": "discourse",
"subtype": "body",
"id": "P334780.U1",
"cdl": [
{
"node": "c",
"type": "sentence",
"id": "P334780.U2",
"label": "b.e. 1' - r 7'",
"cdl": [
{
"node": "d",
"type": "line-start",
"ref": "P334780.3",
"n": "1'",
"label": "b.e. 1'"}
,
{
"node": "l",
"frag": "[ma]",
"id": "P334780.l01d5e",
"ref": "P334780.3.1",
"inst": "mā[saying]PRP",
"sig": "@saao/saa15%akk-x-neoass:ma=mā[saying//saying]PRP'PRP$mā",
"f": {"lang": "akk-x-neoass",
"form": "ma",
"cf": "mā",
"gw": "saying",
"sense": "saying",
"norm": "mā",
"pos": "PRP",
"epos": "PRP"}
}
,
{
"node": "l",
"frag": "{giš}⸢UR₃⸣-[MEŠ",
"id": "P334780.l01d5f",
"ref": "P334780.3.2",
"inst": "gušūrī[log]N",
"sig": "@saao/saa15%akk-x-neoass:{GIŠ}UR₃-MEŠ=gušūru[tree-trunk//log]N'N$gušūrī",
"f": {"lang": "akk-x-neoass",
"form": "{GIŠ}UR₃-MEŠ",
"cf": "gušūru",
"gw": "tree-trunk",
"sense": "log",
"norm": "gušūrī",
"pos": "N",
"epos": "N"}
}
,
{
"node": "l",
"frag": "x",
"id": "P334780.l01d60",
"ref": "P334780.3.3",
"inst": "u",
"f": {"lang": "akk-x-neoass",
"form": "x",
"pos": "u"}
}
,
{
"node": "l",
"frag": "x]",
"id": "P334780.l01d61",
"ref": "P334780.3.4",
"inst": "u",
"f": {"lang": "akk-x-neoass",
"form": "x",
"pos": "u"}
}
,
{
"node": "d",
"type": "line-start",
"ref": "P334780.4",
"n": "2'",
"label": "b.e. 2'"}
,
{
"node": "l",
"frag": "la-aš₂-šu₂",
"id": "P334780.l01d62",
"ref": "P334780.4.1",
"inst": "laššu[(there) is not]V",
"sig": "@saao/saa15%akk-x-neoass:la-aš₂-šu₂=laššu[(there) is not//(there) is not]V'V$laššu",
"f": {"lang": "akk-x-neoass",
"form": "la-aš₂-šu₂",
"cf": "laššu",
"gw": "(there) is not",
"sense": "(there) is not",
"norm": "laššu",
"pos": "V",
"epos": "V"}
}
,
{
"node": "l",
"frag": "[x",
"id": "P334780.l01d63",
"ref": "P334780.4.2",
"inst": "u",
"f": {"lang": "akk-x-neoass",
"form": "x",
"pos": "u"}
}
,
{
"node": "l",
"frag": "x",
"id": "P334780.l01d64",
"ref": "P334780.4.3",
"inst": "u",
"f": {"lang": "akk-x-neoass",
"form": "x",
"pos": "u"}
}
,
{
"node": "l",
"frag": "x]",
"id": "P334780.l01d65",
"ref": "P334780.4.4",
"inst": "u",
"f": {"lang": "akk-x-neoass",
"form": "x",
"pos": "u"}
}
,
{
"node": "d",
"subtype": "reverse",
"type": "surface",
"ref": "P334780.r.5",
"type": "reverse",
"label": "r"}
,
{
"node": "d",
"type": "line-start",
"ref": "P334780.6",
"n": "1'",
"label": "r 1'"}
,
{
"node": "l",
"frag": "ana-ku",
"id": "P334780.l01d66",
"ref": "P334780.6.1",
"inst": "anāku[I]IP",
"sig": "@saao/saa15%akk-x-neoass:ana-ku=anāku[I//I]IP'IP$anāku",
"f": {"lang": "akk-x-neoass",
"form": "ana-ku",
"cf": "anāku",
"gw": "I",
"sense": "I",
"norm": "anāku",
"pos": "IP",
"epos": "IP"}
}
,
{
"node": "l",
"frag": "02",
"id": "P334780.l01d67",
"ref": "P334780.6.2",
"inst": "n",
"f": {"lang": "akk-x-neoass",
"form": "02",
"pos": "n"}
}
,
{
"node": "l",
"frag": "me",
"id": "P334780.l01d68",
"ref": "P334780.6.3",
"inst": "mē[hundred]NU",
"sig": "@saao/saa15%akk-x-neoass:me=meʾatu[(one) hundred//(one) hundred]NU'NU$mē",
"f": {"lang": "akk-x-neoass",
"form": "me",
"cf": "meʾatu",
"gw": "(one) hundred",
"sense": "(one) hundred",
"norm": "mē",
"pos": "NU",
"epos": "NU"}
}
,
{
"node": "l",
"frag": "{giš}[UR₃-MEŠ]",
"id": "P334780.l01d69",
"ref": "P334780.6.4",
"inst": "gušūrī[log]N",
"sig": "@saao/saa15%akk-x-neoass:{GIŠ}UR₃-MEŠ=gušūru[tree-trunk//log]N'N$gušūrī",
"f": {"lang": "akk-x-neoass",
"form": "{GIŠ}UR₃-MEŠ",
"cf": "gušūru",
"gw": "tree-trunk",
"sense": "log",
"norm": "gušūrī",
"pos": "N",
"epos": "N"}
}
,
{
"node": "d",
"type": "line-start",
"ref": "P334780.7",
"n": "2'",
"label": "r 2'"}
,
{
"node": "c",
"type": "phrase",
"tag": "phr",
"id": "P334780.U4",
"ref": "P334780.ls00000",
"cdl": [
{
"node": "l",
"frag": "TA@v\\m",
"id": "P334780.l01d6a",
"ref": "P334780.7.1",
"inst": "issu[from+=from]PRP",
"sig": "@saao/saa15%akk-x-neoass:TA@v=ištu[from//from]PRP'PRP$issu",
"f": {"lang": "akk-x-neoass",
"form": "TA@v",
"cf": "ištu",
"gw": "from",
"sense": "from",
"norm": "issu",
"pos": "PRP",
"epos": "PRP"}
}
,
{
"node": "l",
"frag": "ŠA₃",
"id": "P334780.l01d6b",
"ref": "P334780.7.2",
"inst": "libbi[interior]N",
"sig": "@saao/saa15%akk-x-neoass:ŠA₃=libbu[interior//interior]N'N$libbi",
"f": {"lang": "akk-x-neoass",
"form": "ŠA₃",
"cf": "libbu",
"gw": "interior",
"sense": "interior",
"norm": "libbi",
"pos": "N",
"epos": "N"}
}
]}
,
{
"node": "l",
"frag": "{giš}[x",
"id": "P334780.l01d6c",
"ref": "P334780.7.3",
"inst": "u",
"f": {"lang": "akk-x-neoass",
"form": "{GIŠ}x",
"pos": "u"}
}
,
{
"node": "l",
"frag": "x",
"id": "P334780.l01d6d",
"ref": "P334780.7.4",
"inst": "u",
"f": {"lang": "akk-x-neoass",
"form": "x",
"pos": "u"}
}
,
{
"node": "l",
"frag": "x]",
"id": "P334780.l01d6e",
"ref": "P334780.7.5",
"inst": "u",
"f": {"lang": "akk-x-neoass",
"form": "x",
"pos": "u"}
}
,
{
"node": "d",
"type": "line-start",
"ref": "P334780.8",
"n": "3'",
"label": "r 3'"}
,
{
"node": "l",
"frag": "at-ta-na-aš₂-šu",
"id": "P334780.l01d6f",
"ref": "P334780.8.1",
"inst": "tadānu[give]V$attannaššu",
"sig": "@saao/saa15%akk-x-neoass:at-ta-na-aš₂-šu=tadānu[give//give]V'V$attannaššu",
"f": {"lang": "akk-x-neoass",
"form": "at-ta-na-aš₂-šu",
"cf": "tadānu",
"gw": "give",
"sense": "give",
"norm": "attannaššu",
"pos": "V",
"epos": "V"}
}
,
{
"node": "l",
"frag": "[x",
"id": "P334780.l01d70",
"ref": "P334780.8.2",
"inst": "u",
"f": {"lang": "akk-x-neoass",
"form": "x",
"pos": "u"}
}
,
{
"node": "l",
"frag": "x",
"id": "P334780.l01d71",
"ref": "P334780.8.3",
"inst": "u",
"f": {"lang": "akk-x-neoass",
"form": "x",
"pos": "u"}
}
,
{
"node": "l",
"frag": "x]",
"id": "P334780.l01d72",
"ref": "P334780.8.4",
"inst": "u",
"f": {"lang": "akk-x-neoass",
"form": "x",
"pos": "u"}
}
,
{
"node": "d",
"type": "line-start",
"ref": "P334780.9",
"n": "4'",
"label": "r 4'"}
,
{
"node": "l",
"frag": "an-nu-rig",
"id": "P334780.l01d73",
"ref": "P334780.9.1",
"inst": "annurig[now]AV",
"sig": "@saao/saa15%akk-x-neoass:an-nu-rig=annûri[now//now]AV'AV$annurig",
"f": {"lang": "akk-x-neoass",
"form": "an-nu-rig",
"cf": "annûri",
"gw": "now",
"sense": "now",
"norm": "annurig",
"pos": "AV",
"epos": "AV"}
}
,
{
"node": "l",
"frag": "{lu₂}[x",
"id": "P334780.l01d74",
"ref": "P334780.9.2",
"inst": "u",
"f": {"lang": "akk-x-neoass",
"form": "{LU₂}x",
"pos": "u"}
}
,
{
"node": "l",
"frag": "x]",
"id": "P334780.l01d75",
"ref": "P334780.9.3",
"inst": "u",
"f": {"lang": "akk-x-neoass",
"form": "x",
"pos": "u"}
}
,
{
"node": "d",
"type": "line-start",
"ref": "P334780.10",
"n": "5'",
"label": "r 5'"}
,
{
"node": "l",
"frag": "TA@v\\m",
"id": "P334780.l01d76",
"ref": "P334780.10.1",
"inst": "issi[with]PRP",
"sig": "@saao/saa15%akk-x-neoass:TA@v=išti[with//with]PRP'PRP$issi",
"f": {"lang": "akk-x-neoass",
"form": "TA@v",
"cf": "išti",
"gw": "with",
"sense": "with",
"norm": "issi",
"pos": "PRP",
"epos": "PRP"}
}
,
{
"node": "l",
"frag": "{lu₂}mu-⸢tir⸣-[ṭe₃-me]",
"id": "P334780.l01d77",
"ref": "P334780.10.2",
"cof-tails": "P334780.l01d78",
"inst": "muterru[(re)turner)]N$mutīr&ṭēmu[(fore)thought]N$ṭēme",
"sig": "@saao/saa15%akk-x-neoass:{LU₂}mu-tir-ṭe₃-me=muterru[(re)turner//(re)turner]N'N$mutīr&&@saao%akk-x-neoass:=ṭēmu[(fore)thought//(fore)thought]N'N$ṭēme",
"f": {"lang": "akk-x-neoass",
"form": "{LU₂}mu-tir-ṭe₃-me",
"cf": "muterru",
"gw": "(re)turner",
"sense": "(re)turner",
"norm": "mutīr",
"pos": "N",
"epos": "N"}
}
,
{
"node": "l",
"frag": "{lu₂}mu-⸢tir⸣-[ṭe₃-me]",
"id": "P334780.l01d78",
"ref": "P334780.10.2",
"cof-head": "P334780.l01d77",
"inst": "muterru[(re)turner)]N$mutīr&ṭēmu[(fore)thought]N$ṭēme",
"tail-sig": "@saao%akk-x-neoass:=ṭēmu[(fore)thought//(fore)thought]N'N$ṭēme",
"f": {"lang": "akk-x-neoass",
"form": "{LU₂}mu-tir-ṭe₃-me",
"cf": "ṭēmu",
"gw": "(fore)thought",
"sense": "(fore)thought",
"norm": "ṭēme",
"pos": "N",
"epos": "N"}
}
,
{
"node": "d",
"type": "line-start",
"ref": "P334780.11",
"n": "6'",
"label": "r 6'"}
,
{
"node": "l",
"frag": "ša\\m",
"id": "P334780.l01d79",
"ref": "P334780.11.1",
"inst": "ša[of]DET",
"sig": "@saao/saa15%akk-x-neoass:ša=ša[of//of]DET'DET$ša",
"f": {"lang": "akk-x-neoass",
"form": "ša",
"cf": "ša",
"gw": "of",
"sense": "of",
"norm": "ša",
"pos": "DET",
"epos": "DET"}
}
,
{
"node": "l",
"frag": "{1}{d}ŠU₂-⸢MAN-PAB⸣",
"id": "P334780.l01d7a",
"ref": "P334780.11.2",
"inst": "Marduk-šarru-uṣur[1]PN",
"sig": "@saao/saa15%akk-x-neoass:{1}{d}ŠU₂-MAN-PAB=Marduk-šarru-uṣur[1//1]PN'PN$Marduk-šarru-uṣur",
"f": {"lang": "akk-x-neoass",
"form": "{1}{d}ŠU₂-MAN-PAB",
"cf": "Marduk-šarru-uṣur",
"gw": "1",
"sense": "1",
"norm": "Marduk-šarru-uṣur",
"pos": "PN",
"epos": "PN"}
}
,
{
"node": "l",
"frag": "[x",
"id": "P334780.l01d7b",
"ref": "P334780.11.3",
"inst": "u",
"f": {"lang": "akk-x-neoass",
"form": "x",
"pos": "u"}
}
,
{
"node": "l",
"frag": "x]",
"id": "P334780.l01d7c",
"ref": "P334780.11.4",
"inst": "u",
"f": {"lang": "akk-x-neoass",
"form": "x",
"pos": "u"}
}
,
{
"node": "d",
"type": "line-start",
"ref": "P334780.12",
"n": "7'",
"label": "r 7'"}
,
{
"node": "l",
"frag": "⸢x",
"id": "P334780.l01d7d",
"ref": "P334780.12.1",
"inst": "u",
"f": {"lang": "akk-x-neoass",
"form": "x",
"pos": "u"}
}
,
{
"node": "l",
"frag": "x⸣+[x",
"id": "P334780.l01d7e",
"ref": "P334780.12.2",
"inst": "u",
"f": {"lang": "akk-x-neoass",
"form": "x+x",
"pos": "u"}
}
,
{
"node": "l",
"frag": "x",
"id": "P334780.l01d7f",
"ref": "P334780.12.3",
"inst": "u",
"f": {"lang": "akk-x-neoass",
"form": "x",
"pos": "u"}
}
,
{
"node": "l",
"frag": "x",
"id": "P334780.l01d80",
"ref": "P334780.12.4",
"inst": "u",
"f": {"lang": "akk-x-neoass",
"form": "x",
"pos": "u"}
}
,
{
"node": "l",
"frag": "x",
"id": "P334780.l01d81",
"ref": "P334780.12.5",
"inst": "u",
"f": {"lang": "akk-x-neoass",
"form": "x",
"pos": "u"}
}
,
{
"node": "l",
"frag": "x]",
"id": "P334780.l01d82",
"ref": "P334780.12.6",
"inst": "u",
"f": {"lang": "akk-x-neoass",
"form": "x",
"pos": "u"}
}
,
{
"node": "d",
"type": "nonx",
"ref": "P334780.13",
"strict": "0",
"extent": "rest",
"state": "missing"}
]}
]}
]}
,
{
"linkbase": [{
"type": "linkset",
"xlink_title": "ištu libbi[from//from out of]PRP'PRP",
"id": "P334780.ls00000",
"xlink_type": "extended",
"xlink_role": "psu",
"sig": "{ištu[from]PRP libbu[interior]N += ištu libbi[from//from out of]PRP'PRP}::@saao%akk-x-neoass:TA@v=ištu[from//from]PRP'PRP$issu++@saao%akk-x-neoass:ŠA₃=libbu[interior//interior]N'N$libbi",
"links": [
{
"type": "link",
"xlink_title": "issu",
"xlink_type": "locator",
"xlink_href": "#P334780.l01d6a",
"xlink_role": "elt"}
,
{
"type": "link",
"xlink_title": "libbi",
"xlink_type": "locator",
"xlink_href": "#P334780.l01d6b",
"xlink_role": "elt"}
]}
]}
]}
