{
"type": "cdl",
  "source": "http://oracc.org/saao/saa15",
  "license": "This data is released under the CC0 license",
  "license-url": "https://creativecommons.org/publicdomain/zero/1.0/",
  "more-info": "http://oracc.org/doc/opendata/",
  "UTC-timestamp": "2017-05-19T11:53:48",
"project": "saao/saa15",
"textid": "P334703",
"cdl": [
{
"node": "c",
"type": "text",
"id": "P334703.U0",
"cdl": [
{
"node": "d",
"type": "object",
"ref": ""}
,
{
"node": "d",
"subtype": "obverse",
"type": "surface",
"ref": "P334703.o.1",
"type": "obverse",
"label": "o"}
,
{
"node": "c",
"type": "discourse",
"subtype": "body",
"id": "P334703.U1",
"cdl": [
{
"node": "c",
"type": "sentence",
"id": "P334703.U2",
"label": "o 1 - e. 2",
"cdl": [
{
"node": "d",
"type": "line-start",
"ref": "P334703.2",
"n": "1",
"label": "o 1"}
,
{
"node": "l",
"frag": "[a-na",
"id": "P334703.l000e0",
"ref": "P334703.2.1",
"inst": "ana[to]PRP",
"sig": "@saao/saa15%akk-x-neoass:a-na=ana[to//to]PRP'PRP$ana",
"f": {"lang": "akk-x-neoass",
"form": "a-na",
"cf": "ana",
"gw": "to",
"sense": "to",
"norm": "ana",
"pos": "PRP",
"epos": "PRP"}
}
,
{
"node": "l",
"frag": "LUGAL",
"id": "P334703.l000e1",
"ref": "P334703.2.2",
"inst": "šarri[king]N",
"sig": "@saao/saa15%akk-x-neoass:LUGAL=šarru[king//king]N'N$šarri",
"f": {"lang": "akk-x-neoass",
"form": "LUGAL",
"cf": "šarru",
"gw": "king",
"sense": "king",
"norm": "šarri",
"pos": "N",
"epos": "N"}
}
,
{
"node": "l",
"frag": "be-li₂-ia]",
"id": "P334703.l000e2",
"ref": "P334703.2.3",
"inst": "bēlīya[lord]N",
"sig": "@saao/saa15%akk-x-neoass:be-li₂-ia=bēlu[lord//lord]N'N$bēlīya",
"f": {"lang": "akk-x-neoass",
"form": "be-li₂-ia",
"cf": "bēlu",
"gw": "lord",
"sense": "lord",
"norm": "bēlīya",
"pos": "N",
"epos": "N"}
}
,
{
"node": "d",
"type": "line-start",
"ref": "P334703.3",
"n": "2",
"label": "o 2"}
,
{
"node": "l",
"frag": "[ARAD-ka",
"id": "P334703.l000e3",
"ref": "P334703.3.1",
"inst": "urdaka[servant]N",
"sig": "@saao/saa15%akk-x-neoass:ARAD-ka=ardu[slave//servant]N'N$urdaka",
"f": {"lang": "akk-x-neoass",
"form": "ARAD-ka",
"cf": "ardu",
"gw": "slave",
"sense": "servant",
"norm": "urdaka",
"pos": "N",
"epos": "N"}
}
,
{
"node": "l",
"frag": "{1}{d]}15--du-[ri]",
"id": "P334703.l000e4",
"ref": "P334703.3.2",
"inst": "Issar-duri[]PN$",
"sig": "@saao/saa15%akk-x-neoass:{1}{d}15-du-ri=Issar-duri[1//1]PN'PN$Issar-duri",
"f": {"lang": "akk-x-neoass",
"form": "{1}{d}15-du-ri",
"cf": "Issar-duri",
"gw": "1",
"sense": "1",
"norm": "Issar-duri",
"pos": "PN",
"epos": "PN"}
}
,
{
"node": "d",
"type": "line-start",
"ref": "P334703.4",
"n": "3",
"label": "o 3"}
,
{
"node": "l",
"frag": "[lu",
"id": "P334703.l000e5",
"ref": "P334703.4.1",
"inst": "lū[may]MOD",
"sig": "@saao/saa15%akk-x-neoass:lu=lū[may//may]MOD'MOD$lū",
"f": {"lang": "akk-x-neoass",
"form": "lu",
"cf": "lū",
"gw": "may",
"sense": "may",
"norm": "lū",
"pos": "MOD",
"epos": "MOD"}
}
,
{
"node": "l",
"frag": "DI-mu",
"id": "P334703.l000e6",
"ref": "P334703.4.2",
"inst": "šulmu[health]N",
"sig": "@saao/saa15%akk-x-neoass:DI-mu=šulmu[completeness//health]N'N$šulmu",
"f": {"lang": "akk-x-neoass",
"form": "DI-mu",
"cf": "šulmu",
"gw": "completeness",
"sense": "health",
"norm": "šulmu",
"pos": "N",
"epos": "N"}
}
,
{
"node": "l",
"frag": "a]-na",
"id": "P334703.l000e7",
"ref": "P334703.4.3",
"inst": "ana[to]PRP",
"sig": "@saao/saa15%akk-x-neoass:a-na=ana[to//to]PRP'PRP$ana",
"f": {"lang": "akk-x-neoass",
"form": "a-na",
"cf": "ana",
"gw": "to",
"sense": "to",
"norm": "ana",
"pos": "PRP",
"epos": "PRP"}
}
,
{
"node": "l",
"frag": "LUGAL",
"id": "P334703.l000e8",
"ref": "P334703.4.4",
"inst": "šarri[king]N",
"sig": "@saao/saa15%akk-x-neoass:LUGAL=šarru[king//king]N'N$šarri",
"f": {"lang": "akk-x-neoass",
"form": "LUGAL",
"cf": "šarru",
"gw": "king",
"sense": "king",
"norm": "šarri",
"pos": "N",
"epos": "N"}
}
,
{
"node": "l",
"frag": "⸢be⸣-[li₂-ia₂]",
"id": "P334703.l000e9",
"ref": "P334703.4.5",
"inst": "bēlīya[lord]N",
"sig": "@saao/saa15%akk-x-neoass:be-li₂-ia₂=bēlu[lord//lord]N'N$bēlīya",
"f": {"lang": "akk-x-neoass",
"form": "be-li₂-ia₂",
"cf": "bēlu",
"gw": "lord",
"sense": "lord",
"norm": "bēlīya",
"pos": "N",
"epos": "N"}
}
,
{
"node": "d",
"type": "line-start",
"ref": "P334703.5",
"n": "4",
"label": "o 4"}
,
{
"node": "c",
"type": "phrase",
"tag": "phr",
"id": "P334703.U4",
"ref": "P334703.ls00000",
"cdl": [
{
"node": "l",
"frag": "[ina",
"id": "P334703.l000ea",
"ref": "P334703.5.1",
"inst": "ina[in+=concerning]PRP",
"sig": "@saao/saa15%akk-x-neoass:ina=ina[in//in]PRP'PRP$ina",
"f": {"lang": "akk-x-neoass",
"form": "ina",
"cf": "ina",
"gw": "in",
"sense": "in",
"norm": "ina",
"pos": "PRP",
"epos": "PRP"}
}
,
{
"node": "l",
"frag": "UGU",
"id": "P334703.l000eb",
"ref": "P334703.5.2",
"inst": "muhhi[skull]N",
"sig": "@saao/saa15%akk-x-neoass:UGU=muhhu[skull//skull]N'N$muhhi",
"f": {"lang": "akk-x-neoass",
"form": "UGU",
"cf": "muhhu",
"gw": "skull",
"sense": "skull",
"norm": "muhhi",
"pos": "N",
"epos": "N"}
}
]}
,
{
"node": "l",
"frag": "{lu₂v]}⸢ša₂⸣-EN.NUN\\m",
"id": "P334703.l000ec",
"ref": "P334703.5.3",
"inst": "ša-maṣṣarti[guard]N",
"sig": "@saao/saa15%akk-x-neoass:{LU₂}ša₂-EN.NUN=ša-maṣṣarti[guard//guard]N'N$ša-maṣṣarti",
"f": {"lang": "akk-x-neoass",
"form": "{LU₂}ša₂-EN.NUN",
"cf": "ša-maṣṣarti",
"gw": "guard",
"sense": "guard",
"norm": "ša-maṣṣarti",
"pos": "N",
"epos": "N"}
}
,
{
"node": "l",
"frag": "ša\\dm",
"id": "P334703.l000ed",
"ref": "P334703.5.4",
"inst": "ša[who]REL",
"sig": "@saao/saa15%akk-x-neoass:ša=ša[that//who]REL'REL$ša",
"f": {"lang": "akk-x-neoass",
"form": "ša",
"cf": "ša",
"gw": "that",
"sense": "who",
"norm": "ša",
"pos": "REL",
"epos": "REL"}
}
,
{
"node": "l",
"frag": "LUGAL",
"id": "P334703.l000ee",
"ref": "P334703.5.5",
"inst": "šarru[king]N",
"sig": "@saao/saa15%akk-x-neoass:LUGAL=šarru[king//king]N'N$šarru",
"f": {"lang": "akk-x-neoass",
"form": "LUGAL",
"cf": "šarru",
"gw": "king",
"sense": "king",
"norm": "šarru",
"pos": "N",
"epos": "N"}
}
,
{
"node": "l",
"frag": "be-li₂",
"id": "P334703.l000ef",
"ref": "P334703.5.6",
"inst": "bēlī[lord]N",
"sig": "@saao/saa15%akk-x-neoass:be-li₂=bēlu[lord//lord]N'N$bēlī",
"f": {"lang": "akk-x-neoass",
"form": "be-li₂",
"cf": "bēlu",
"gw": "lord",
"sense": "lord",
"norm": "bēlī",
"pos": "N",
"epos": "N"}
}
,
{
"node": "d",
"type": "line-start",
"ref": "P334703.6",
"n": "5",
"label": "o 5"}
,
{
"node": "l",
"frag": "[iš-pur-an]-⸢ni⸣",
"id": "P334703.l000f0",
"ref": "P334703.6.1",
"inst": "išpuranni[write]V",
"sig": "@saao/saa15%akk-x-neoass:iš-pur-an-ni=šapāru[send//write]V'V$išpuranni",
"f": {"lang": "akk-x-neoass",
"form": "iš-pur-an-ni",
"cf": "šapāru",
"gw": "send",
"sense": "write",
"norm": "išpuranni",
"pos": "V",
"epos": "V"}
}
,
{
"node": "l",
"frag": "ša\\dm",
"id": "P334703.l000f1",
"ref": "P334703.6.2",
"inst": "ša[who]REL",
"sig": "@saao/saa15%akk-x-neoass:ša=ša[that//who]REL'REL$ša",
"f": {"lang": "akk-x-neoass",
"form": "ša",
"cf": "ša",
"gw": "that",
"sense": "who",
"norm": "ša",
"pos": "REL",
"epos": "REL"}
}
,
{
"node": "l",
"frag": "{lu₂v}ARAD-MEŠ",
"id": "P334703.l000f2",
"ref": "P334703.6.3",
"inst": "urdāni[servant]N",
"sig": "@saao/saa15%akk-x-neoass:{LU₂}ARAD-MEŠ=ardu[slave//servant]N'N$urdāni",
"f": {"lang": "akk-x-neoass",
"form": "{LU₂}ARAD-MEŠ",
"cf": "ardu",
"gw": "slave",
"sense": "servant",
"norm": "urdāni",
"pos": "N",
"epos": "N"}
}
,
{
"node": "d",
"type": "line-start",
"ref": "P334703.7",
"n": "6",
"label": "o 6"}
,
{
"node": "l",
"frag": "[ša]",
"id": "P334703.l000f3",
"ref": "P334703.7.1",
"inst": "ša[of]DET",
"sig": "@saao/saa15%akk-x-neoass:ša=ša[of//of]DET'DET$ša",
"f": {"lang": "akk-x-neoass",
"form": "ša",
"cf": "ša",
"gw": "of",
"sense": "of",
"norm": "ša",
"pos": "DET",
"epos": "DET"}
}
,
{
"node": "l",
"frag": "⸢LUGAL⸣",
"id": "P334703.l000f4",
"ref": "P334703.7.2",
"inst": "šarri[king]N",
"sig": "@saao/saa15%akk-x-neoass:LUGAL=šarru[king//king]N'N$šarri",
"f": {"lang": "akk-x-neoass",
"form": "LUGAL",
"cf": "šarru",
"gw": "king",
"sense": "king",
"norm": "šarri",
"pos": "N",
"epos": "N"}
}
,
{
"node": "l",
"frag": "be-li₂-ia₂",
"id": "P334703.l000f5",
"ref": "P334703.7.3",
"inst": "bēlīya[lord]N",
"sig": "@saao/saa15%akk-x-neoass:be-li₂-ia₂=bēlu[lord//lord]N'N$bēlīya",
"f": {"lang": "akk-x-neoass",
"form": "be-li₂-ia₂",
"cf": "bēlu",
"gw": "lord",
"sense": "lord",
"norm": "bēlīya",
"pos": "N",
"epos": "N"}
}
,
{
"node": "l",
"frag": "e-ga-ru-ni-ni",
"id": "P334703.l000f6",
"ref": "P334703.7.4",
"inst": "agāru[hire]V$ēgarūninni",
"sig": "@saao/saa15%akk-x-neoass:e-ga-ru-ni-ni=agāru[hire//hire]V'V$ēgarūninni",
"f": {"lang": "akk-x-neoass",
"form": "e-ga-ru-ni-ni",
"cf": "agāru",
"gw": "hire",
"sense": "hire",
"norm": "ēgarūninni",
"pos": "V",
"epos": "V"}
}
,
{
"node": "d",
"type": "line-start",
"ref": "P334703.8",
"n": "7",
"label": "o 7"}
,
{
"node": "c",
"type": "phrase",
"tag": "phr",
"id": "P334703.U5",
"ref": "P334703.ls00001",
"cdl": [
{
"node": "l",
"frag": "[ina",
"id": "P334703.l000f7",
"ref": "P334703.8.1",
"inst": "ina[in+=tomorrow]PRP$ina",
"sig": "@saao/saa15%akk-x-neoass:ina=ina[in//in]PRP'PRP$ina",
"f": {"lang": "akk-x-neoass",
"form": "ina",
"cf": "ina",
"gw": "in",
"sense": "in",
"norm": "ina",
"pos": "PRP",
"epos": "PRP"}
}
,
{
"node": "l",
"frag": "ši]-a-ri",
"id": "P334703.l000f8",
"ref": "P334703.8.2",
"inst": "šiāru[morning]N$šiāri",
"sig": "@saao/saa15%akk-x-neoass:ši-a-ri=šiāru[morning//morning]N'N$šiāri",
"f": {"lang": "akk-x-neoass",
"form": "ši-a-ri",
"cf": "šiāru",
"gw": "morning",
"sense": "morning",
"norm": "šiāri",
"pos": "N",
"epos": "N"}
}
]}
,
{
"node": "l",
"frag": "u₂-nam-ma-aš₂",
"id": "P334703.l000f9",
"ref": "P334703.8.3",
"inst": "namāšu[set (o.s.) in motion//set out]V$unammaš",
"sig": "@saao/saa15%akk-x-neoass:u₂-nam-ma-aš₂=namāšu[set (o.s.) in motion//set out]V'V$unammaš",
"f": {"lang": "akk-x-neoass",
"form": "u₂-nam-ma-aš₂",
"cf": "namāšu",
"gw": "set (o.s.) in motion",
"sense": "set out",
"norm": "unammaš",
"pos": "V",
"epos": "V"}
}
,
{
"node": "d",
"type": "line-start",
"ref": "P334703.9",
"n": "8",
"label": "o 8"}
,
{
"node": "l",
"frag": "{[lu₂v}MA₂].LAH₄-MEŠ",
"id": "P334703.l000fa",
"ref": "P334703.9.1",
"inst": "malāhu[sailor//boatman]N$mallāhī",
"sig": "@saao/saa15%akk-x-neoass:{LU₂}MA₂.LAH₄-MEŠ=malāhu[sailor//boatman]N'N$mallāhī",
"f": {"lang": "akk-x-neoass",
"form": "{LU₂}MA₂.LAH₄-MEŠ",
"cf": "malāhu",
"gw": "sailor",
"sense": "boatman",
"norm": "mallāhī",
"pos": "N",
"epos": "N"}
}
,
{
"node": "l",
"frag": "a-ki",
"id": "P334703.l000fb",
"ref": "P334703.9.2",
"inst": "akī[like]PRP",
"sig": "@saao/saa15%akk-x-neoass:a-ki=akī[as//as, like]PRP'PRP$akī",
"f": {"lang": "akk-x-neoass",
"form": "a-ki",
"cf": "akī",
"gw": "as",
"sense": "as, like",
"norm": "akī",
"pos": "PRP",
"epos": "PRP"}
}
,
{
"node": "l",
"frag": "an-ni-e",
"id": "P334703.l000fc",
"ref": "P334703.9.3",
"inst": "annīe[this]DP",
"sig": "@saao/saa15%akk-x-neoass:an-ni-e=annû[this//this]DP'DP$annīe",
"f": {"lang": "akk-x-neoass",
"form": "an-ni-e",
"cf": "annû",
"gw": "this",
"sense": "this",
"norm": "annīe",
"pos": "DP",
"epos": "DP"}
}
,
{
"node": "d",
"type": "line-start",
"ref": "P334703.10",
"n": "9",
"label": "o 9"}
,
{
"node": "l",
"frag": "[iq-ṭi]-bu-u-ni",
"id": "P334703.l000fd",
"ref": "P334703.10.1",
"inst": "qabû[say]V$iqṭibûni",
"sig": "@saao/saa15%akk-x-neoass:iq-ṭi-bu-u-ni=qabû[say//say]V'V$iqṭibûni",
"f": {"lang": "akk-x-neoass",
"form": "iq-ṭi-bu-u-ni",
"cf": "qabû",
"gw": "say",
"sense": "say",
"norm": "iqṭibûni",
"pos": "V",
"epos": "V"}
}
,
{
"node": "l",
"frag": "ma-a",
"id": "P334703.l000fe",
"ref": "P334703.10.2",
"inst": "mā[saying]PRP",
"sig": "@saao/saa15%akk-x-neoass:ma-a=mā[saying//saying]PRP'PRP$mā",
"f": {"lang": "akk-x-neoass",
"form": "ma-a",
"cf": "mā",
"gw": "saying",
"sense": "saying",
"norm": "mā",
"pos": "PRP",
"epos": "PRP"}
}
,
{
"node": "d",
"type": "line-start",
"ref": "P334703.11",
"n": "10",
"label": "o 10"}
,
{
"node": "l",
"frag": "GIM",
"id": "P334703.l000ff",
"ref": "P334703.11.1",
"inst": "kīma[like]PRP$",
"sig": "@saao/saa15%akk-x-neoass:GIM=kīma[like//like]PRP'PRP$kīma",
"f": {"lang": "akk-x-neoass",
"form": "GIM",
"cf": "kīma",
"gw": "like",
"sense": "like",
"norm": "kīma",
"pos": "PRP",
"epos": "PRP"}
}
,
{
"node": "l",
"frag": "⸢pi⸣-i-šu₂-u",
"id": "P334703.l00100",
"ref": "P334703.11.2",
"inst": "pû[mouth//command]N$pîšû",
"sig": "@saao/saa15%akk-x-neoass:pi-i-šu₂-u=pû[mouth//command]N'N$pîšû",
"f": {"lang": "akk-x-neoass",
"form": "pi-i-šu₂-u",
"cf": "pû",
"gw": "mouth",
"sense": "command",
"norm": "pîšû",
"pos": "N",
"epos": "N"}
}
,
{
"node": "l",
"frag": "ni-il-lak",
"id": "P334703.l00101",
"ref": "P334703.11.3",
"inst": "nillak[go]V",
"sig": "@saao/saa15%akk-x-neoass:ni-il-lak=alāku[go//go]V'V$nillak",
"f": {"lang": "akk-x-neoass",
"form": "ni-il-lak",
"cf": "alāku",
"gw": "go",
"sense": "go",
"norm": "nillak",
"pos": "V",
"epos": "V"}
}
,
{
"node": "d",
"type": "line-start",
"ref": "P334703.12",
"n": "11",
"label": "o 11"}
,
{
"node": "l",
"frag": "ma-⸢a⸣",
"id": "P334703.l00102",
"ref": "P334703.12.1",
"inst": "mā[saying]PRP",
"sig": "@saao/saa15%akk-x-neoass:ma-a=mā[saying//saying]PRP'PRP$mā",
"f": {"lang": "akk-x-neoass",
"form": "ma-a",
"cf": "mā",
"gw": "saying",
"sense": "saying",
"norm": "mā",
"pos": "PRP",
"epos": "PRP"}
}
,
{
"node": "l",
"frag": "[ka]-qu-ru",
"id": "P334703.l00103",
"ref": "P334703.12.2",
"inst": "qaqqaru[ground]N$kaqquru",
"sig": "@saao/saa15%akk-x-neoass:ka-qu-ru=qaqqaru[ground//ground]N'N$kaqquru",
"f": {"lang": "akk-x-neoass",
"form": "ka-qu-ru",
"cf": "qaqqaru",
"gw": "ground",
"sense": "ground",
"norm": "kaqquru",
"pos": "N",
"epos": "N"}
}
,
{
"node": "l",
"frag": "la",
"id": "P334703.l00104",
"ref": "P334703.12.3",
"inst": "lā[not]MOD",
"sig": "@saao/saa15%akk-x-neoass:la=lā[not//not]MOD'MOD$lā",
"f": {"lang": "akk-x-neoass",
"form": "la",
"cf": "lā",
"gw": "not",
"sense": "not",
"norm": "lā",
"pos": "MOD",
"epos": "MOD"}
}
,
{
"node": "l",
"frag": "šal-mu",
"id": "P334703.l00105",
"ref": "P334703.12.4",
"inst": "šalmu[intact//safe]AJ$",
"sig": "@saao/saa15%akk-x-neoass:šal-mu=šalmu[intact//safe]AJ'AJ$šalmu",
"f": {"lang": "akk-x-neoass",
"form": "šal-mu",
"cf": "šalmu",
"gw": "intact",
"sense": "safe",
"norm": "šalmu",
"pos": "AJ",
"epos": "AJ"}
}
,
{
"node": "l",
"frag": "šu₂-u",
"id": "P334703.l00106",
"ref": "P334703.12.5",
"inst": "šū[he//it]IP$šû",
"sig": "@saao/saa15%akk-x-neoass:šu₂-u=šū[he//it]IP'IP$šû",
"f": {"lang": "akk-x-neoass",
"form": "šu₂-u",
"cf": "šū",
"gw": "he",
"sense": "it",
"norm": "šû",
"pos": "IP",
"epos": "IP"}
}
,
{
"node": "d",
"type": "line-start",
"ref": "P334703.13",
"n": "12",
"label": "o 12"}
,
{
"node": "l",
"frag": "ma-[a",
"id": "P334703.l00107",
"ref": "P334703.13.1",
"inst": "mā[saying]PRP",
"sig": "@saao/saa15%akk-x-neoass:ma-a=mā[saying//saying]PRP'PRP$mā",
"f": {"lang": "akk-x-neoass",
"form": "ma-a",
"cf": "mā",
"gw": "saying",
"sense": "saying",
"norm": "mā",
"pos": "PRP",
"epos": "PRP"}
}
,
{
"node": "l",
"frag": "{lu₂v]}par-ri-ṣu-u₂-te",
"id": "P334703.l00108",
"ref": "P334703.13.2",
"inst": "parriṣu[criminal]N$parriṣūte",
"sig": "@saao/saa15%akk-x-neoass:{LU₂}par-ri-ṣu-u₂-te=parriṣu[criminal//criminal]N'N$parriṣūte",
"f": {"lang": "akk-x-neoass",
"form": "{LU₂}par-ri-ṣu-u₂-te",
"cf": "parriṣu",
"gw": "criminal",
"sense": "criminal",
"norm": "parriṣūte",
"pos": "N",
"epos": "N"}
}
,
{
"node": "d",
"type": "line-start",
"ref": "P334703.14",
"n": "13",
"label": "o 13"}
,
{
"node": "l",
"frag": "⸢ša\\dm⸣",
"id": "P334703.l00109",
"ref": "P334703.14.1",
"inst": "ša[who]REL",
"sig": "@saao/saa15%akk-x-neoass:ša=ša[that//who]REL'REL$ša",
"f": {"lang": "akk-x-neoass",
"form": "ša",
"cf": "ša",
"gw": "that",
"sense": "who",
"norm": "ša",
"pos": "REL",
"epos": "REL"}
}
,
{
"node": "l",
"frag": "[x",
"id": "P334703.l0010a",
"ref": "P334703.14.2",
"inst": "u",
"f": {"lang": "akk-x-neoass",
"form": "x",
"pos": "u"}
}
,
{
"node": "l",
"frag": "x]",
"id": "P334703.l0010b",
"ref": "P334703.14.3",
"inst": "u",
"f": {"lang": "akk-x-neoass",
"form": "x",
"pos": "u"}
}
,
{
"node": "c",
"type": "phrase",
"tag": "phr",
"id": "P334703.U6",
"ref": "P334703.ls00002",
"cdl": [
{
"node": "l",
"frag": "ina",
"id": "P334703.l0010c",
"ref": "P334703.14.4",
"inst": "ina[in+=there]PRP",
"sig": "@saao/saa15%akk-x-neoass:ina=ina[in//in]PRP'PRP$ina",
"f": {"lang": "akk-x-neoass",
"form": "ina",
"cf": "ina",
"gw": "in",
"sense": "in",
"norm": "ina",
"pos": "PRP",
"epos": "PRP"}
}
,
{
"node": "l",
"frag": "ŠA₃-bi",
"id": "P334703.l0010d",
"ref": "P334703.14.5",
"inst": "libbi[interior]N",
"sig": "@saao/saa15%akk-x-neoass:ŠA₃-bi=libbu[interior//interior]N'N$libbi",
"f": {"lang": "akk-x-neoass",
"form": "ŠA₃-bi",
"cf": "libbu",
"gw": "interior",
"sense": "interior",
"norm": "libbi",
"pos": "N",
"epos": "N"}
}
]}
,
{
"node": "d",
"type": "line-start",
"ref": "P334703.15",
"n": "14",
"label": "o 14"}
,
{
"node": "l",
"frag": "[x",
"id": "P334703.l0010e",
"ref": "P334703.15.1",
"inst": "u",
"f": {"lang": "akk-x-neoass",
"form": "x",
"pos": "u"}
}
,
{
"node": "l",
"frag": "x",
"id": "P334703.l0010f",
"ref": "P334703.15.2",
"inst": "u",
"f": {"lang": "akk-x-neoass",
"form": "x",
"pos": "u"}
}
,
{
"node": "l",
"frag": "ma-a]",
"id": "P334703.l00110",
"ref": "P334703.15.3",
"inst": "mā[saying]PRP",
"sig": "@saao/saa15%akk-x-neoass:ma-a=mā[saying//saying]PRP'PRP$mā",
"f": {"lang": "akk-x-neoass",
"form": "ma-a",
"cf": "mā",
"gw": "saying",
"sense": "saying",
"norm": "mā",
"pos": "PRP",
"epos": "PRP"}
}
,
{
"node": "l",
"frag": "⸢pi⸣-iq-ta-te",
"id": "P334703.l00111",
"ref": "P334703.15.4",
"inst": "pīqat[perhaps//surely]AV$piqtatte",
"sig": "@saao/saa15%akk-x-neoass:pi-iq-ta-te=pīqat[perhaps//surely]AV'AV$piqtatte",
"f": {"lang": "akk-x-neoass",
"form": "pi-iq-ta-te",
"cf": "pīqat",
"gw": "perhaps",
"sense": "surely",
"norm": "piqtatte",
"pos": "AV",
"epos": "AV"}
}
,
{
"node": "d",
"type": "line-start",
"ref": "P334703.16",
"n": "15",
"label": "o 15"}
,
{
"node": "l",
"frag": "[x",
"id": "P334703.l00112",
"ref": "P334703.16.1",
"inst": "u",
"f": {"lang": "akk-x-neoass",
"form": "x",
"pos": "u"}
}
,
{
"node": "l",
"frag": "x]",
"id": "P334703.l00113",
"ref": "P334703.16.2",
"inst": "u",
"f": {"lang": "akk-x-neoass",
"form": "x",
"pos": "u"}
}
,
{
"node": "l",
"frag": "⸢x",
"id": "P334703.l00114",
"ref": "P334703.16.3",
"inst": "u",
"f": {"lang": "akk-x-neoass",
"form": "x",
"pos": "u"}
}
,
{
"node": "l",
"frag": "x⸣",
"id": "P334703.l00115",
"ref": "P334703.16.4",
"inst": "u",
"f": {"lang": "akk-x-neoass",
"form": "x",
"pos": "u"}
}
,
{
"node": "l",
"frag": "[i]-šam-me",
"id": "P334703.l00116",
"ref": "P334703.16.5",
"inst": "šemû[hear]V$išamme",
"sig": "@saao/saa15%akk-x-neoass:i-šam-me=šemû[hear//hear]V'V$išamme",
"f": {"lang": "akk-x-neoass",
"form": "i-šam-me",
"cf": "šemû",
"gw": "hear",
"sense": "hear",
"norm": "išamme",
"pos": "V",
"epos": "V"}
}
,
{
"node": "d",
"type": "line-start",
"ref": "P334703.17",
"n": "16",
"label": "o 16"}
,
{
"node": "l",
"frag": "[x",
"id": "P334703.l00117",
"ref": "P334703.17.1",
"inst": "u",
"f": {"lang": "akk-x-neoass",
"form": "x",
"pos": "u"}
}
,
{
"node": "l",
"frag": "x",
"id": "P334703.l00118",
"ref": "P334703.17.2",
"inst": "u",
"f": {"lang": "akk-x-neoass",
"form": "x",
"pos": "u"}
}
,
{
"node": "l",
"frag": "x]-MEŠ",
"id": "P334703.l00119",
"ref": "P334703.17.3",
"inst": "u",
"f": {"lang": "akk-x-neoass",
"form": "x-MEŠ",
"pos": "u"}
}
,
{
"node": "l",
"frag": "i-šap-par",
"id": "P334703.l0011a",
"ref": "P334703.17.4",
"inst": "šapāru[send]V$išappar",
"sig": "@saao/saa15%akk-x-neoass:i-šap-par=šapāru[send//send]V'V$išappar",
"f": {"lang": "akk-x-neoass",
"form": "i-šap-par",
"cf": "šapāru",
"gw": "send",
"sense": "send",
"norm": "išappar",
"pos": "V",
"epos": "V"}
}
,
{
"node": "d",
"type": "line-start",
"ref": "P334703.18",
"n": "17",
"label": "o 17"}
,
{
"node": "l",
"frag": "[x",
"id": "P334703.l0011b",
"ref": "P334703.18.1",
"inst": "u",
"f": {"lang": "akk-x-neoass",
"form": "x",
"pos": "u"}
}
,
{
"node": "l",
"frag": "x]+⸢x⸣",
"id": "P334703.l0011c",
"ref": "P334703.18.2",
"inst": "u",
"f": {"lang": "akk-x-neoass",
"form": "x+x",
"pos": "u"}
}
,
{
"node": "l",
"frag": "{giš}MA₂-MEŠ",
"id": "P334703.l0011d",
"ref": "P334703.18.3",
"inst": "eleppāti[boat]N",
"sig": "@saao/saa15%akk-x-neoass:{GIŠ}MA₂-MEŠ=eleppu[ship//boat]N'N$eleppāti",
"f": {"lang": "akk-x-neoass",
"form": "{GIŠ}MA₂-MEŠ",
"cf": "eleppu",
"gw": "ship",
"sense": "boat",
"norm": "eleppāti",
"pos": "N",
"epos": "N"}
}
,
{
"node": "d",
"type": "line-start",
"ref": "P334703.19",
"n": "18",
"label": "o 18"}
,
{
"node": "l",
"frag": "[i-pu]-gu-na-a-ši",
"id": "P334703.l0011e",
"ref": "P334703.19.1",
"inst": "puāgu[take away forcibly from//abduct]V$ipuggunāši",
"sig": "@saao/saa15%akk-x-neoass:i-pu-gu-na-a-ši=puāgu[take away forcibly from//abduct]V'V$ipuggunāši",
"f": {"lang": "akk-x-neoass",
"form": "i-pu-gu-na-a-ši",
"cf": "puāgu",
"gw": "take away forcibly from",
"sense": "abduct",
"norm": "ipuggunāši",
"pos": "V",
"epos": "V"}
}
,
{
"node": "d",
"type": "line-start",
"ref": "P334703.20",
"n": "19",
"label": "o 19"}
,
{
"node": "l",
"frag": "[x",
"id": "P334703.l0011f",
"ref": "P334703.20.1",
"inst": "u",
"f": {"lang": "akk-x-neoass",
"form": "x",
"pos": "u"}
}
,
{
"node": "l",
"frag": "x]-ma",
"id": "P334703.l00120",
"ref": "P334703.20.2",
"inst": "u",
"f": {"lang": "akk-x-neoass",
"form": "x-ma",
"pos": "u"}
}
,
{
"node": "l",
"frag": "ina",
"id": "P334703.l00121",
"ref": "P334703.20.3",
"inst": "ina[in]PRP",
"sig": "@saao/saa15%akk-x-neoass:ina=ina[in//in]PRP'PRP$ina",
"f": {"lang": "akk-x-neoass",
"form": "ina",
"cf": "ina",
"gw": "in",
"sense": "in",
"norm": "ina",
"pos": "PRP",
"epos": "PRP"}
}
,
{
"node": "l",
"frag": "⸢ID₂⸣",
"id": "P334703.l00122",
"ref": "P334703.20.4",
"inst": "nāri[river]N",
"sig": "@saao/saa15%akk-x-neoass:ID₂=nāru[river//river]N'N$nāri",
"f": {"lang": "akk-x-neoass",
"form": "ID₂",
"cf": "nāru",
"gw": "river",
"sense": "river",
"norm": "nāri",
"pos": "N",
"epos": "N"}
}
,
{
"node": "d",
"type": "line-start",
"ref": "P334703.21",
"n": "20",
"label": "o 20"}
,
{
"node": "l",
"frag": "[x",
"id": "P334703.l00123",
"ref": "P334703.21.1",
"inst": "u",
"f": {"lang": "akk-x-neoass",
"form": "x",
"pos": "u"}
}
,
{
"node": "l",
"frag": "x",
"id": "P334703.l00124",
"ref": "P334703.21.2",
"inst": "u",
"f": {"lang": "akk-x-neoass",
"form": "x",
"pos": "u"}
}
,
{
"node": "l",
"frag": "x]",
"id": "P334703.l00125",
"ref": "P334703.21.3",
"inst": "u",
"f": {"lang": "akk-x-neoass",
"form": "x",
"pos": "u"}
}
,
{
"node": "l",
"frag": "⸢ša\\dm⸣",
"id": "P334703.l00126",
"ref": "P334703.21.4",
"inst": "u",
"f": {"lang": "akk-x-neoass",
"form": "ša",
"pos": "u"}
}
,
{
"node": "l",
"frag": "ap",
"id": "P334703.l00127",
"ref": "P334703.21.5",
"inst": "u",
"f": {"lang": "akk-x-neoass",
"form": "ap",
"pos": "u"}
}
,
{
"node": "l",
"frag": "⸢x⸣+[x",
"id": "P334703.l00128",
"ref": "P334703.21.6",
"inst": "u",
"f": {"lang": "akk-x-neoass",
"form": "x+x",
"pos": "u"}
}
,
{
"node": "l",
"frag": "x]",
"id": "P334703.l00129",
"ref": "P334703.21.7",
"inst": "u",
"f": {"lang": "akk-x-neoass",
"form": "x",
"pos": "u"}
}
,
{
"node": "d",
"subtype": "reverse",
"type": "surface",
"ref": "P334703.r.22",
"type": "reverse",
"label": "r"}
,
{
"node": "d",
"type": "line-start",
"ref": "P334703.23",
"n": "1",
"label": "r 1"}
,
{
"node": "l",
"frag": "[x",
"id": "P334703.l0012a",
"ref": "P334703.23.1",
"inst": "u",
"f": {"lang": "akk-x-neoass",
"form": "x",
"pos": "u"}
}
,
{
"node": "l",
"frag": "x",
"id": "P334703.l0012b",
"ref": "P334703.23.2",
"inst": "u",
"f": {"lang": "akk-x-neoass",
"form": "x",
"pos": "u"}
}
,
{
"node": "l",
"frag": "x",
"id": "P334703.l0012c",
"ref": "P334703.23.3",
"inst": "u",
"f": {"lang": "akk-x-neoass",
"form": "x",
"pos": "u"}
}
,
{
"node": "l",
"frag": "la]-al-lik",
"id": "P334703.l0012d",
"ref": "P334703.23.4",
"inst": "lallik[go]V",
"sig": "@saao/saa15%akk-x-neoass:la-al-lik=alāku[go//go]V'V$lallik",
"f": {"lang": "akk-x-neoass",
"form": "la-al-lik",
"cf": "alāku",
"gw": "go",
"sense": "go",
"norm": "lallik",
"pos": "V",
"epos": "V"}
}
,
{
"node": "d",
"type": "line-start",
"ref": "P334703.24",
"n": "2",
"label": "r 2"}
,
{
"node": "l",
"frag": "[x",
"id": "P334703.l0012e",
"ref": "P334703.24.1",
"inst": "u",
"f": {"lang": "akk-x-neoass",
"form": "x",
"pos": "u"}
}
,
{
"node": "l",
"frag": "x",
"id": "P334703.l0012f",
"ref": "P334703.24.2",
"inst": "u",
"f": {"lang": "akk-x-neoass",
"form": "x",
"pos": "u"}
}
,
{
"node": "l",
"frag": "x",
"id": "P334703.l00130",
"ref": "P334703.24.3",
"inst": "u",
"f": {"lang": "akk-x-neoass",
"form": "x",
"pos": "u"}
}
,
{
"node": "l",
"frag": "x]+⸢x⸣",
"id": "P334703.l00131",
"ref": "P334703.24.4",
"inst": "u",
"f": {"lang": "akk-x-neoass",
"form": "x+x",
"pos": "u"}
}
,
{
"node": "l",
"frag": "la-din",
"id": "P334703.l00132",
"ref": "P334703.24.5",
"inst": "laddin[give]V",
"sig": "@saao/saa15%akk-x-neoass:la-din=tadānu[give//give]V'V$laddin",
"f": {"lang": "akk-x-neoass",
"form": "la-din",
"cf": "tadānu",
"gw": "give",
"sense": "give",
"norm": "laddin",
"pos": "V",
"epos": "V"}
}
,
{
"node": "d",
"type": "line-start",
"ref": "P334703.25",
"n": "3",
"label": "r 3"}
,
{
"node": "c",
"type": "phrase",
"tag": "phr",
"id": "P334703.U7",
"ref": "P334703.ls00003",
"cdl": [
{
"node": "l",
"frag": "[ina",
"id": "P334703.l00133",
"ref": "P334703.25.1",
"inst": "ina[in+=wait for someone]PRP$",
"sig": "@saao/saa15%akk-x-neoass:ina=ina[in//in]PRP'PRP$ina",
"f": {"lang": "akk-x-neoass",
"form": "ina",
"cf": "ina",
"gw": "in",
"sense": "in",
"norm": "ina",
"pos": "PRP",
"epos": "PRP"}
}
,
{
"node": "l",
"frag": "pa]-⸢an⸣",
"id": "P334703.l00134",
"ref": "P334703.25.2",
"inst": "pānu[front]N$pān",
"sig": "@saao/saa15%akk-x-neoass:pa-an=pānu[front//front]N'N$pān",
"f": {"lang": "akk-x-neoass",
"form": "pa-an",
"cf": "pānu",
"gw": "front",
"sense": "front",
"norm": "pān",
"pos": "N",
"epos": "N"}
}
]}
,
{
"node": "l",
"frag": "LUGAL",
"id": "P334703.l00135",
"ref": "P334703.25.3",
"inst": "-šarri[king]N",
"sig": "@saao/saa15%akk-x-neoass:LUGAL=šarru[king//king]N'N$šarri",
"f": {"lang": "akk-x-neoass",
"form": "LUGAL",
"cf": "šarru",
"gw": "king",
"sense": "king",
"norm": "šarri",
"pos": "N",
"epos": "N"}
}
,
{
"node": "l",
"frag": "EN-ia₂",
"id": "P334703.l00136",
"ref": "P334703.25.4",
"inst": "-bēlīya[lord]N",
"sig": "@saao/saa15%akk-x-neoass:EN-ia₂=bēlu[lord//lord]N'N$bēlīya",
"f": {"lang": "akk-x-neoass",
"form": "EN-ia₂",
"cf": "bēlu",
"gw": "lord",
"sense": "lord",
"norm": "bēlīya",
"pos": "N",
"epos": "N"}
}
,
{
"node": "l",
"frag": "ni-id-gul",
"id": "P334703.l00137",
"ref": "P334703.25.5",
"inst": "dagālu[see]V$nidgul",
"sig": "@saao/saa15%akk-x-neoass:ni-id-gul=dagālu[see//see]V'V$nidgul",
"f": {"lang": "akk-x-neoass",
"form": "ni-id-gul",
"cf": "dagālu",
"gw": "see",
"sense": "see",
"norm": "nidgul",
"pos": "V",
"epos": "V"}
}
,
{
"node": "d",
"type": "line-start",
"ref": "P334703.26",
"n": "4",
"label": "r 4"}
,
{
"node": "l",
"frag": "[ma-a]",
"id": "P334703.l00138",
"ref": "P334703.26.1",
"inst": "mā[saying]PRP",
"sig": "@saao/saa15%akk-x-neoass:ma-a=mā[saying//saying]PRP'PRP$mā",
"f": {"lang": "akk-x-neoass",
"form": "ma-a",
"cf": "mā",
"gw": "saying",
"sense": "saying",
"norm": "mā",
"pos": "PRP",
"epos": "PRP"}
}
,
{
"node": "l",
"frag": "a-du",
"id": "P334703.l00139",
"ref": "P334703.26.2",
"inst": "adi[until+=as soon as]PRP'SBJ$adu",
"sig": "@saao/saa15%akk-x-neoass:a-du=adi[until//until]PRP'SBJ$adu",
"f": {"lang": "akk-x-neoass",
"form": "a-du",
"cf": "adi",
"gw": "until",
"sense": "until",
"norm": "adu",
"pos": "PRP",
"epos": "SBJ"}
}
,
{
"node": "c",
"type": "phrase",
"tag": "phr",
"id": "P334703.U8",
"ref": "P334703.ls00004",
"cdl": [
{
"node": "l",
"frag": "E₂",
"id": "P334703.l0013a",
"ref": "P334703.26.3",
"inst": "bītu[house]N$bēt",
"sig": "@saao/saa15%akk-x-neoass:E₂=bītu[house//house]N'N$bēt",
"f": {"lang": "akk-x-neoass",
"form": "E₂",
"cf": "bītu",
"gw": "house",
"sense": "house",
"norm": "bēt",
"pos": "N",
"epos": "N"}
}
,
{
"node": "l",
"frag": "LUGAL",
"id": "P334703.l0013b",
"ref": "P334703.26.4",
"inst": "šarru[king]N",
"sig": "@saao/saa15%akk-x-neoass:LUGAL=šarru[king//king]N'N$šarru",
"f": {"lang": "akk-x-neoass",
"form": "LUGAL",
"cf": "šarru",
"gw": "king",
"sense": "king",
"norm": "šarru",
"pos": "N",
"epos": "N"}
}
]}
,
{
"node": "l",
"frag": "šum₂\\m-ma",
"id": "P334703.l0013c",
"ref": "P334703.26.5",
"inst": "šumma[if]MOD",
"sig": "@saao/saa15%akk-x-neoass:šum₂-ma=šumma[if//if]MOD'MOD$šumma",
"f": {"lang": "akk-x-neoass",
"form": "šum₂-ma",
"cf": "šumma",
"gw": "if",
"sense": "if",
"norm": "šumma",
"pos": "MOD",
"epos": "MOD"}
}
,
{
"node": "d",
"type": "line-start",
"ref": "P334703.27",
"n": "5",
"label": "r 5"}
,
{
"node": "l",
"frag": "[a]-na",
"id": "P334703.l0013d",
"ref": "P334703.27.1",
"inst": "ana[to]PRP",
"sig": "@saao/saa15%akk-x-neoass:a-na=ana[to//to]PRP'PRP$ana",
"f": {"lang": "akk-x-neoass",
"form": "a-na",
"cf": "ana",
"gw": "to",
"sense": "to",
"norm": "ana",
"pos": "PRP",
"epos": "PRP"}
}
,
{
"node": "l",
"frag": "{uru}ŠE",
"id": "P334703.l0013e",
"ref": "P334703.27.2",
"inst": "kapru[village]N$kapri",
"sig": "@saao/saa15%akk-x-neoass:{URU}ŠE=kapru[village//village]N'N$kapri",
"f": {"lang": "akk-x-neoass",
"form": "{URU}ŠE",
"cf": "kapru",
"gw": "village",
"sense": "village",
"norm": "kapri",
"pos": "N",
"epos": "N"}
}
,
{
"node": "l",
"frag": "šum₂\\m-ma",
"id": "P334703.l0013f",
"ref": "P334703.27.3",
"inst": "šumma[if]MOD",
"sig": "@saao/saa15%akk-x-neoass:šum₂-ma=šumma[if//if]MOD'MOD$šumma",
"f": {"lang": "akk-x-neoass",
"form": "šum₂-ma",
"cf": "šumma",
"gw": "if",
"sense": "if",
"norm": "šumma",
"pos": "MOD",
"epos": "MOD"}
}
,
{
"node": "l",
"frag": "a-na",
"id": "P334703.l00140",
"ref": "P334703.27.4",
"inst": "ana[to]PRP",
"sig": "@saao/saa15%akk-x-neoass:a-na=ana[to//to]PRP'PRP$ana",
"f": {"lang": "akk-x-neoass",
"form": "a-na",
"cf": "ana",
"gw": "to",
"sense": "to",
"norm": "ana",
"pos": "PRP",
"epos": "PRP"}
}
,
{
"node": "d",
"type": "line-start",
"ref": "P334703.28",
"n": "6",
"label": "r 6"}
,
{
"node": "l",
"frag": "UNUG\\m{ki}",
"id": "P334703.l00141",
"ref": "P334703.28.1",
"inst": "Uruk[]GN$",
"sig": "@saao/saa15%akk-x-neoass:UNUG{KI}=Uruk[1//1]GN'GN$Uruk",
"f": {"lang": "akk-x-neoass",
"form": "UNUG{KI}",
"cf": "Uruk",
"gw": "1",
"sense": "1",
"norm": "Uruk",
"pos": "GN",
"epos": "GN"}
}
,
{
"node": "l",
"frag": "i-qar-rib-u₂-ni",
"id": "P334703.l00142",
"ref": "P334703.28.2",
"inst": "qerēbu[approach]V$iqarribūni",
"sig": "@saao/saa15%akk-x-neoass:i-qar-rib-u₂-ni=qerēbu[approach//approach]V'V$iqarribūni",
"f": {"lang": "akk-x-neoass",
"form": "i-qar-rib-u₂-ni",
"cf": "qerēbu",
"gw": "approach",
"sense": "approach",
"norm": "iqarribūni",
"pos": "V",
"epos": "V"}
}
,
{
"node": "d",
"type": "line-start",
"ref": "P334703.29",
"n": "7",
"label": "r 7"}
,
{
"node": "l",
"frag": "ma-a",
"id": "P334703.l00143",
"ref": "P334703.29.1",
"inst": "mā[saying]PRP",
"sig": "@saao/saa15%akk-x-neoass:ma-a=mā[saying//saying]PRP'PRP$mā",
"f": {"lang": "akk-x-neoass",
"form": "ma-a",
"cf": "mā",
"gw": "saying",
"sense": "saying",
"norm": "mā",
"pos": "PRP",
"epos": "PRP"}
}
,
{
"node": "l",
"frag": "liš\\t-pur-u-na-a-ši",
"id": "P334703.l00144",
"ref": "P334703.29.2",
"inst": "šapāru[send//write]V$lišpurunāši",
"sig": "@saao/saa15%akk-x-neoass:liš-pur-u-na-a-ši=šapāru[send//write]V'V$lišpurunāši",
"f": {"lang": "akk-x-neoass",
"form": "liš-pur-u-na-a-ši",
"cf": "šapāru",
"gw": "send",
"sense": "write",
"norm": "lišpurunāši",
"pos": "V",
"epos": "V"}
}
,
{
"node": "l",
"frag": "nu-nam-me-ša\\dm",
"id": "P334703.l00145",
"ref": "P334703.29.3",
"inst": "namāšu[set (o.s.) in motion//set out]V$nunammeša",
"sig": "@saao/saa15%akk-x-neoass:nu-nam-me-ša=namāšu[set (o.s.) in motion//set out]V'V$nunammeša",
"f": {"lang": "akk-x-neoass",
"form": "nu-nam-me-ša",
"cf": "namāšu",
"gw": "set (o.s.) in motion",
"sense": "set out",
"norm": "nunammeša",
"pos": "V",
"epos": "V"}
}
,
{
"node": "d",
"type": "line-start",
"ref": "P334703.30",
"n": "8",
"label": "r 8"}
,
{
"node": "l",
"frag": "u₂-ma-a",
"id": "P334703.l00146",
"ref": "P334703.30.1",
"inst": "ūmâ[now]AV",
"sig": "@saao/saa15%akk-x-neoass:u₂-ma-a=ūma[today//now]AV'AV$ūmâ",
"f": {"lang": "akk-x-neoass",
"form": "u₂-ma-a",
"cf": "ūma",
"gw": "today",
"sense": "now",
"norm": "ūmâ",
"pos": "AV",
"epos": "AV"}
}
,
{
"node": "l",
"frag": "an-nu-rig\\d",
"id": "P334703.l00147",
"ref": "P334703.30.2",
"inst": "annurig[now]AV",
"sig": "@saao/saa15%akk-x-neoass:an-nu-rig=annûri[now//now]AV'AV$annurig",
"f": {"lang": "akk-x-neoass",
"form": "an-nu-rig",
"cf": "annûri",
"gw": "now",
"sense": "now",
"norm": "annurig",
"pos": "AV",
"epos": "AV"}
}
,
{
"node": "l",
"frag": "a-na",
"id": "P334703.l00148",
"ref": "P334703.30.3",
"inst": "ana[to]PRP",
"sig": "@saao/saa15%akk-x-neoass:a-na=ana[to//to]PRP'PRP$ana",
"f": {"lang": "akk-x-neoass",
"form": "a-na",
"cf": "ana",
"gw": "to",
"sense": "to",
"norm": "ana",
"pos": "PRP",
"epos": "PRP"}
}
,
{
"node": "d",
"type": "line-start",
"ref": "P334703.31",
"n": "9",
"label": "r 9"}
,
{
"node": "l",
"frag": "LUGAL",
"id": "P334703.l00149",
"ref": "P334703.31.1",
"inst": "šarri[king]N",
"sig": "@saao/saa15%akk-x-neoass:LUGAL=šarru[king//king]N'N$šarri",
"f": {"lang": "akk-x-neoass",
"form": "LUGAL",
"cf": "šarru",
"gw": "king",
"sense": "king",
"norm": "šarri",
"pos": "N",
"epos": "N"}
}
,
{
"node": "l",
"frag": "EN-ia₂",
"id": "P334703.l0014a",
"ref": "P334703.31.2",
"inst": "bēlīya[lord]N",
"sig": "@saao/saa15%akk-x-neoass:EN-ia₂=bēlu[lord//lord]N'N$bēlīya",
"f": {"lang": "akk-x-neoass",
"form": "EN-ia₂",
"cf": "bēlu",
"gw": "lord",
"sense": "lord",
"norm": "bēlīya",
"pos": "N",
"epos": "N"}
}
,
{
"node": "l",
"frag": "a-sap-ra",
"id": "P334703.l0014b",
"ref": "P334703.31.3",
"inst": "assapra[write]V",
"sig": "@saao/saa15%akk-x-neoass:a-sap-ra=šapāru[send//write]V'V$assapra",
"f": {"lang": "akk-x-neoass",
"form": "a-sap-ra",
"cf": "šapāru",
"gw": "send",
"sense": "write",
"norm": "assapra",
"pos": "V",
"epos": "V"}
}
,
{
"node": "d",
"type": "line-start",
"ref": "P334703.32",
"n": "10",
"label": "r 10"}
,
{
"node": "l",
"frag": "[mi]-i-nu",
"id": "P334703.l0014c",
"ref": "P334703.32.1",
"inst": "mīnu[what?]QP",
"sig": "@saao/saa15%akk-x-neoass:mi-i-nu=mīnu[what?//what?]QP'QP$mīnu",
"f": {"lang": "akk-x-neoass",
"form": "mi-i-nu",
"cf": "mīnu",
"gw": "what?",
"sense": "what?",
"norm": "mīnu",
"pos": "QP",
"epos": "QP"}
}
,
{
"node": "l",
"frag": "ša\\dm",
"id": "P334703.l0014d",
"ref": "P334703.32.2",
"inst": "ša[that]REL",
"sig": "@saao/saa15%akk-x-neoass:ša=ša[that//that]REL'REL$ša",
"f": {"lang": "akk-x-neoass",
"form": "ša",
"cf": "ša",
"gw": "that",
"sense": "that",
"norm": "ša",
"pos": "REL",
"epos": "REL"}
}
,
{
"node": "l",
"frag": "LUGAL",
"id": "P334703.l0014e",
"ref": "P334703.32.3",
"inst": "šarru[king]N",
"sig": "@saao/saa15%akk-x-neoass:LUGAL=šarru[king//king]N'N$šarru",
"f": {"lang": "akk-x-neoass",
"form": "LUGAL",
"cf": "šarru",
"gw": "king",
"sense": "king",
"norm": "šarru",
"pos": "N",
"epos": "N"}
}
,
{
"node": "l",
"frag": "be-li₂",
"id": "P334703.l0014f",
"ref": "P334703.32.4",
"inst": "bēlī[lord]N",
"sig": "@saao/saa15%akk-x-neoass:be-li₂=bēlu[lord//lord]N'N$bēlī",
"f": {"lang": "akk-x-neoass",
"form": "be-li₂",
"cf": "bēlu",
"gw": "lord",
"sense": "lord",
"norm": "bēlī",
"pos": "N",
"epos": "N"}
}
,
{
"node": "d",
"type": "line-start",
"ref": "P334703.33",
"n": "11",
"label": "r 11"}
,
{
"node": "l",
"frag": "[i-qab]-⸢bu⸣-u-ni",
"id": "P334703.l00150",
"ref": "P334703.33.1",
"inst": "iqabbûni[say]V",
"sig": "@saao/saa15%akk-x-neoass:i-qab-bu-u-ni=qabû[say//say]V'V$iqabbûni",
"f": {"lang": "akk-x-neoass",
"form": "i-qab-bu-u-ni",
"cf": "qabû",
"gw": "say",
"sense": "say",
"norm": "iqabbûni",
"pos": "V",
"epos": "V"}
}
,
{
"node": "l",
"frag": "liš\\t-pur-u-ni",
"id": "P334703.l00151",
"ref": "P334703.33.2",
"inst": "šapāru[send//write]V$lišpurūni",
"sig": "@saao/saa15%akk-x-neoass:liš-pur-u-ni=šapāru[send//write]V'V$lišpurūni",
"f": {"lang": "akk-x-neoass",
"form": "liš-pur-u-ni",
"cf": "šapāru",
"gw": "send",
"sense": "write",
"norm": "lišpurūni",
"pos": "V",
"epos": "V"}
}
,
{
"node": "d",
"type": "line-start",
"ref": "P334703.34",
"n": "12",
"label": "r 12"}
,
{
"node": "l",
"frag": "[a-se-me",
"id": "P334703.l00152",
"ref": "P334703.34.1",
"inst": "assēme[hear]V",
"sig": "@saao/saa15%akk-x-neoass:a-se-me=šemû[hear//hear]V'V$assēme",
"f": {"lang": "akk-x-neoass",
"form": "a-se-me",
"cf": "šemû",
"gw": "hear",
"sense": "hear",
"norm": "assēme",
"pos": "V",
"epos": "V"}
}
,
{
"node": "l",
"frag": "ma]-a",
"id": "P334703.l00153",
"ref": "P334703.34.2",
"inst": "mā[saying]PRP",
"sig": "@saao/saa15%akk-x-neoass:ma-a=mā[saying//saying]PRP'PRP$mā",
"f": {"lang": "akk-x-neoass",
"form": "ma-a",
"cf": "mā",
"gw": "saying",
"sense": "saying",
"norm": "mā",
"pos": "PRP",
"epos": "PRP"}
}
,
{
"node": "l",
"frag": "DUMU",
"id": "P334703.l00154",
"ref": "P334703.34.3",
"inst": "mār[son]N",
"sig": "@saao/saa15%akk-x-neoass:DUMU=māru[son//son]N'N$mār",
"f": {"lang": "akk-x-neoass",
"form": "DUMU",
"cf": "māru",
"gw": "son",
"sense": "son",
"norm": "mār",
"pos": "N",
"epos": "N"}
}
,
{
"node": "l",
"frag": "{1}na-din",
"id": "P334703.l00155",
"ref": "P334703.34.4",
"inst": "Nadin[]PN$",
"sig": "@saao/saa15%akk-x-neoass:{1}na-din=Nadin[1//1]PN'PN$Nadin",
"f": {"lang": "akk-x-neoass",
"form": "{1}na-din",
"cf": "Nadin",
"gw": "1",
"sense": "1",
"norm": "Nadin",
"pos": "PN",
"epos": "PN"}
}
,
{
"node": "d",
"type": "line-start",
"ref": "P334703.35",
"n": "13",
"label": "r 13"}
,
{
"node": "l",
"frag": "[x",
"id": "P334703.l00156",
"ref": "P334703.35.1",
"inst": "u",
"f": {"lang": "akk-x-neoass",
"form": "x",
"pos": "u"}
}
,
{
"node": "l",
"frag": "x",
"id": "P334703.l00157",
"ref": "P334703.35.2",
"inst": "u",
"f": {"lang": "akk-x-neoass",
"form": "x",
"pos": "u"}
}
,
{
"node": "l",
"frag": "x",
"id": "P334703.l00158",
"ref": "P334703.35.3",
"inst": "u",
"f": {"lang": "akk-x-neoass",
"form": "x",
"pos": "u"}
}
,
{
"node": "l",
"frag": "x",
"id": "P334703.l00159",
"ref": "P334703.35.4",
"inst": "u",
"f": {"lang": "akk-x-neoass",
"form": "x",
"pos": "u"}
}
,
{
"node": "l",
"frag": "x]-am-me",
"id": "P334703.l0015a",
"ref": "P334703.35.5",
"inst": "u",
"f": {"lang": "akk-x-neoass",
"form": "x-am-me",
"pos": "u"}
}
,
{
"node": "l",
"frag": "LUGAL",
"id": "P334703.l0015b",
"ref": "P334703.35.6",
"inst": "šarri[king]N",
"sig": "@saao/saa15%akk-x-neoass:LUGAL=šarru[king//king]N'N$šarri",
"f": {"lang": "akk-x-neoass",
"form": "LUGAL",
"cf": "šarru",
"gw": "king",
"sense": "king",
"norm": "šarri",
"pos": "N",
"epos": "N"}
}
,
{
"node": "d",
"type": "line-start",
"ref": "P334703.36",
"n": "14",
"label": "r 14"}
,
{
"node": "l",
"frag": "[x",
"id": "P334703.l0015c",
"ref": "P334703.36.1",
"inst": "u",
"f": {"lang": "akk-x-neoass",
"form": "x",
"pos": "u"}
}
,
{
"node": "l",
"frag": "x",
"id": "P334703.l0015d",
"ref": "P334703.36.2",
"inst": "u",
"f": {"lang": "akk-x-neoass",
"form": "x",
"pos": "u"}
}
,
{
"node": "l",
"frag": "x",
"id": "P334703.l0015e",
"ref": "P334703.36.3",
"inst": "u",
"f": {"lang": "akk-x-neoass",
"form": "x",
"pos": "u"}
}
,
{
"node": "l",
"frag": "x",
"id": "P334703.l0015f",
"ref": "P334703.36.4",
"inst": "u",
"f": {"lang": "akk-x-neoass",
"form": "x",
"pos": "u"}
}
,
{
"node": "l",
"frag": "x]",
"id": "P334703.l00160",
"ref": "P334703.36.5",
"inst": "u",
"f": {"lang": "akk-x-neoass",
"form": "x",
"pos": "u"}
}
,
{
"node": "l",
"frag": "E₂",
"id": "P334703.l00161",
"ref": "P334703.36.6",
"inst": "bītu[house]N$bēt",
"sig": "@saao/saa15%akk-x-neoass:E₂=bītu[house//house]N'N$bēt",
"f": {"lang": "akk-x-neoass",
"form": "E₂",
"cf": "bītu",
"gw": "house",
"sense": "house",
"norm": "bēt",
"pos": "N",
"epos": "N"}
}
,
{
"node": "l",
"frag": "{1}ha-ri-ri",
"id": "P334703.l00162",
"ref": "P334703.36.7",
"inst": "Harriru[]PN$",
"sig": "@saao/saa15%akk-x-neoass:{1}ha-ri-ri=Harriru[1//1]PN'PN$Harriru",
"f": {"lang": "akk-x-neoass",
"form": "{1}ha-ri-ri",
"cf": "Harriru",
"gw": "1",
"sense": "1",
"norm": "Harriru",
"pos": "PN",
"epos": "PN"}
}
,
{
"node": "d",
"type": "line-start",
"ref": "P334703.37",
"n": "15",
"label": "r 15"}
,
{
"node": "l",
"frag": "[x",
"id": "P334703.l00163",
"ref": "P334703.37.1",
"inst": "u",
"f": {"lang": "akk-x-neoass",
"form": "x",
"pos": "u"}
}
,
{
"node": "l",
"frag": "x",
"id": "P334703.l00164",
"ref": "P334703.37.2",
"inst": "u",
"f": {"lang": "akk-x-neoass",
"form": "x",
"pos": "u"}
}
,
{
"node": "l",
"frag": "x",
"id": "P334703.l00165",
"ref": "P334703.37.3",
"inst": "u",
"f": {"lang": "akk-x-neoass",
"form": "x",
"pos": "u"}
}
,
{
"node": "l",
"frag": "x]-⸢ni⸣",
"id": "P334703.l00166",
"ref": "P334703.37.4",
"inst": "u",
"f": {"lang": "akk-x-neoass",
"form": "x-ni",
"pos": "u"}
}
,
{
"node": "l",
"frag": "LUGAL",
"id": "P334703.l00167",
"ref": "P334703.37.5",
"inst": "šarru[king]N",
"sig": "@saao/saa15%akk-x-neoass:LUGAL=šarru[king//king]N'N$šarru",
"f": {"lang": "akk-x-neoass",
"form": "LUGAL",
"cf": "šarru",
"gw": "king",
"sense": "king",
"norm": "šarru",
"pos": "N",
"epos": "N"}
}
,
{
"node": "d",
"type": "line-start",
"ref": "P334703.38",
"n": "16",
"label": "r 16"}
,
{
"node": "l",
"frag": "[x",
"id": "P334703.l00168",
"ref": "P334703.38.1",
"inst": "u",
"f": {"lang": "akk-x-neoass",
"form": "x",
"pos": "u"}
}
,
{
"node": "l",
"frag": "x",
"id": "P334703.l00169",
"ref": "P334703.38.2",
"inst": "u",
"f": {"lang": "akk-x-neoass",
"form": "x",
"pos": "u"}
}
,
{
"node": "l",
"frag": "x",
"id": "P334703.l0016a",
"ref": "P334703.38.3",
"inst": "u",
"f": {"lang": "akk-x-neoass",
"form": "x",
"pos": "u"}
}
,
{
"node": "l",
"frag": "x",
"id": "P334703.l0016b",
"ref": "P334703.38.4",
"inst": "u",
"f": {"lang": "akk-x-neoass",
"form": "x",
"pos": "u"}
}
,
{
"node": "l",
"frag": "x",
"id": "P334703.l0016c",
"ref": "P334703.38.5",
"inst": "u",
"f": {"lang": "akk-x-neoass",
"form": "x",
"pos": "u"}
}
,
{
"node": "l",
"frag": "x]",
"id": "P334703.l0016d",
"ref": "P334703.38.6",
"inst": "u",
"f": {"lang": "akk-x-neoass",
"form": "x",
"pos": "u"}
}
,
{
"node": "l",
"frag": "i-sa-⸢par⸣-an-ni",
"id": "P334703.l0016e",
"ref": "P334703.38.7",
"inst": "šapāru[send]V$issaparanni",
"sig": "@saao/saa15%akk-x-neoass:i-sa-par-an-ni=šapāru[send//send]V'V$issaparanni",
"f": {"lang": "akk-x-neoass",
"form": "i-sa-par-an-ni",
"cf": "šapāru",
"gw": "send",
"sense": "send",
"norm": "issaparanni",
"pos": "V",
"epos": "V"}
}
,
{
"node": "d",
"type": "line-start",
"ref": "P334703.39",
"n": "17",
"label": "r 17"}
,
{
"node": "l",
"frag": "[x",
"id": "P334703.l0016f",
"ref": "P334703.39.1",
"inst": "u",
"f": {"lang": "akk-x-neoass",
"form": "x",
"pos": "u"}
}
,
{
"node": "l",
"frag": "x",
"id": "P334703.l00170",
"ref": "P334703.39.2",
"inst": "u",
"f": {"lang": "akk-x-neoass",
"form": "x",
"pos": "u"}
}
,
{
"node": "l",
"frag": "x",
"id": "P334703.l00171",
"ref": "P334703.39.3",
"inst": "u",
"f": {"lang": "akk-x-neoass",
"form": "x",
"pos": "u"}
}
,
{
"node": "l",
"frag": "x",
"id": "P334703.l00172",
"ref": "P334703.39.4",
"inst": "u",
"f": {"lang": "akk-x-neoass",
"form": "x",
"pos": "u"}
}
,
{
"node": "l",
"frag": "x",
"id": "P334703.l00173",
"ref": "P334703.39.5",
"inst": "u",
"f": {"lang": "akk-x-neoass",
"form": "x",
"pos": "u"}
}
,
{
"node": "l",
"frag": "x]",
"id": "P334703.l00174",
"ref": "P334703.39.6",
"inst": "u",
"f": {"lang": "akk-x-neoass",
"form": "x",
"pos": "u"}
}
,
{
"node": "l",
"frag": "MAN",
"id": "P334703.l00175",
"ref": "P334703.39.7",
"inst": "u",
"f": {"lang": "akk-x-neoass",
"form": "MAN",
"pos": "u"}
}
,
{
"node": "l",
"frag": "[x",
"id": "P334703.l00176",
"ref": "P334703.39.8",
"inst": "u",
"f": {"lang": "akk-x-neoass",
"form": "x",
"pos": "u"}
}
,
{
"node": "l",
"frag": "x]",
"id": "P334703.l00177",
"ref": "P334703.39.9",
"inst": "u",
"f": {"lang": "akk-x-neoass",
"form": "x",
"pos": "u"}
}
,
{
"node": "d",
"type": "nonx",
"ref": "P334703.40",
"strict": "0",
"extent": "rest",
"scope": "line",
"state": "missing"}
,
{
"node": "d",
"subtype": "edge",
"type": "surface",
"ref": "P334703.e..41",
"type": "edge",
"label": "e."}
,
{
"node": "d",
"type": "line-start",
"ref": "P334703.42",
"n": "1",
"label": "e. 1"}
,
{
"node": "l",
"frag": "[x",
"id": "P334703.l00178",
"ref": "P334703.42.1",
"inst": "u",
"f": {"lang": "akk-x-neoass",
"form": "x",
"pos": "u"}
}
,
{
"node": "l",
"frag": "x",
"id": "P334703.l00179",
"ref": "P334703.42.2",
"inst": "u",
"f": {"lang": "akk-x-neoass",
"form": "x",
"pos": "u"}
}
,
{
"node": "l",
"frag": "x",
"id": "P334703.l0017a",
"ref": "P334703.42.3",
"inst": "u",
"f": {"lang": "akk-x-neoass",
"form": "x",
"pos": "u"}
}
,
{
"node": "l",
"frag": "x",
"id": "P334703.l0017b",
"ref": "P334703.42.4",
"inst": "u",
"f": {"lang": "akk-x-neoass",
"form": "x",
"pos": "u"}
}
,
{
"node": "l",
"frag": "x",
"id": "P334703.l0017c",
"ref": "P334703.42.5",
"inst": "u",
"f": {"lang": "akk-x-neoass",
"form": "x",
"pos": "u"}
}
,
{
"node": "l",
"frag": "x]",
"id": "P334703.l0017d",
"ref": "P334703.42.6",
"inst": "u",
"f": {"lang": "akk-x-neoass",
"form": "x",
"pos": "u"}
}
,
{
"node": "l",
"frag": "{uru}pa-⸢x⸣+[x",
"id": "P334703.l0017e",
"ref": "P334703.42.7",
"inst": "u",
"f": {"lang": "akk-x-neoass",
"form": "{URU}pa-x+x",
"pos": "u"}
}
,
{
"node": "l",
"frag": "x",
"id": "P334703.l0017f",
"ref": "P334703.42.8",
"inst": "u",
"f": {"lang": "akk-x-neoass",
"form": "x",
"pos": "u"}
}
,
{
"node": "l",
"frag": "x",
"id": "P334703.l00180",
"ref": "P334703.42.9",
"inst": "u",
"f": {"lang": "akk-x-neoass",
"form": "x",
"pos": "u"}
}
,
{
"node": "l",
"frag": "x]",
"id": "P334703.l00181",
"ref": "P334703.42.10",
"inst": "u",
"f": {"lang": "akk-x-neoass",
"form": "x",
"pos": "u"}
}
,
{
"node": "d",
"type": "line-start",
"ref": "P334703.43",
"n": "2",
"label": "e. 2"}
,
{
"node": "l",
"frag": "[x",
"id": "P334703.l00182",
"ref": "P334703.43.1",
"inst": "u",
"f": {"lang": "akk-x-neoass",
"form": "x",
"pos": "u"}
}
,
{
"node": "l",
"frag": "x",
"id": "P334703.l00183",
"ref": "P334703.43.2",
"inst": "u",
"f": {"lang": "akk-x-neoass",
"form": "x",
"pos": "u"}
}
,
{
"node": "l",
"frag": "x",
"id": "P334703.l00184",
"ref": "P334703.43.3",
"inst": "u",
"f": {"lang": "akk-x-neoass",
"form": "x",
"pos": "u"}
}
,
{
"node": "l",
"frag": "x",
"id": "P334703.l00185",
"ref": "P334703.43.4",
"inst": "u",
"f": {"lang": "akk-x-neoass",
"form": "x",
"pos": "u"}
}
,
{
"node": "l",
"frag": "x",
"id": "P334703.l00186",
"ref": "P334703.43.5",
"inst": "u",
"f": {"lang": "akk-x-neoass",
"form": "x",
"pos": "u"}
}
,
{
"node": "l",
"frag": "x]",
"id": "P334703.l00187",
"ref": "P334703.43.6",
"inst": "u",
"f": {"lang": "akk-x-neoass",
"form": "x",
"pos": "u"}
}
,
{
"node": "l",
"frag": "zu",
"id": "P334703.l00188",
"ref": "P334703.43.7",
"inst": "u",
"f": {"lang": "akk-x-neoass",
"form": "zu",
"pos": "u"}
}
,
{
"node": "l",
"frag": "[x",
"id": "P334703.l00189",
"ref": "P334703.43.8",
"inst": "u",
"f": {"lang": "akk-x-neoass",
"form": "x",
"pos": "u"}
}
,
{
"node": "l",
"frag": "x",
"id": "P334703.l0018a",
"ref": "P334703.43.9",
"inst": "u",
"f": {"lang": "akk-x-neoass",
"form": "x",
"pos": "u"}
}
,
{
"node": "l",
"frag": "x",
"id": "P334703.l0018b",
"ref": "P334703.43.10",
"inst": "u",
"f": {"lang": "akk-x-neoass",
"form": "x",
"pos": "u"}
}
,
{
"node": "l",
"frag": "x",
"id": "P334703.l0018c",
"ref": "P334703.43.11",
"inst": "u",
"f": {"lang": "akk-x-neoass",
"form": "x",
"pos": "u"}
}
,
{
"node": "l",
"frag": "x",
"id": "P334703.l0018d",
"ref": "P334703.43.12",
"inst": "u",
"f": {"lang": "akk-x-neoass",
"form": "x",
"pos": "u"}
}
,
{
"node": "l",
"frag": "x]",
"id": "P334703.l0018e",
"ref": "P334703.43.13",
"inst": "u",
"f": {"lang": "akk-x-neoass",
"form": "x",
"pos": "u"}
}
]}
]}
]}
,
{
"linkbase": [{
"type": "linkset",
"xlink_title": "ina muhhi[on//about]PRP'PRP",
"id": "P334703.ls00000",
"xlink_type": "extended",
"xlink_role": "psu",
"sig": "{ina[in]PRP muhhu[skull]N += ina muhhi[on//about]PRP'PRP}::@saao%akk-x-neoass:ina=ina[in//into]PRP'PRP$ina++@saao%akk-x-neoass:UGU=muhhu[skull//skull]N'N$muhhi",
"links": [
{
"type": "link",
"xlink_title": "ina",
"xlink_type": "locator",
"xlink_href": "#P334703.l000ea",
"xlink_role": "elt"}
,
{
"type": "link",
"xlink_title": "muhhi",
"xlink_type": "locator",
"xlink_href": "#P334703.l000eb",
"xlink_role": "elt"}
]}
,
{
"type": "linkset",
"xlink_title": "ina šiāri[tomorrow//tomorrow]AV'AV",
"id": "P334703.ls00001",
"xlink_type": "extended",
"xlink_role": "psu",
"sig": "{ina[in]PRP šiāru[morning]N += ina šiāri[tomorrow//tomorrow]AV'AV}::@saao%akk-x-neoass:ina=ina[in//into]PRP'PRP$ina++@saao%akk-x-neoass:ši-a-ri=šiāru[morning//morning]N'N$šiāri",
"links": [
{
"type": "link",
"xlink_title": "ina",
"xlink_type": "locator",
"xlink_href": "#P334703.l000f7",
"xlink_role": "elt"}
,
{
"type": "link",
"xlink_title": "šiāru",
"xlink_type": "locator",
"xlink_href": "#P334703.l000f8",
"xlink_role": "elt"}
]}
,
{
"type": "linkset",
"xlink_title": "ina libbi[in//(in exchange) for]PRP'PRP",
"id": "P334703.ls00002",
"xlink_type": "extended",
"xlink_role": "psu",
"sig": "{ina[in]PRP libbu[interior]N += ina libbi[in//(in exchange) for]PRP'PRP}::@saao%akk-x-neoass:ina=ina[in//into]PRP'PRP$ina++@saao%akk-x-neoass:ŠA₃-bi=libbu[interior//interior]N'N$libbi",
"links": [
{
"type": "link",
"xlink_title": "ina",
"xlink_type": "locator",
"xlink_href": "#P334703.l0010c",
"xlink_role": "elt"}
,
{
"type": "link",
"xlink_title": "libbi",
"xlink_type": "locator",
"xlink_href": "#P334703.l0010d",
"xlink_role": "elt"}
]}
,
{
"type": "linkset",
"xlink_title": "ina pān[in the presence of//at the disposal of]PRP'PRP",
"id": "P334703.ls00003",
"xlink_type": "extended",
"xlink_role": "psu",
"sig": "{ina[in]PRP pānu[front]N += ina pān[in the presence of//at the disposal of]PRP'PRP}::@saao%akk-x-neoass:ina=ina[in//into]PRP'PRP$ina++@saao%akk-x-neoass:pa-an=pānu[front//front]N'N$pān",
"links": [
{
"type": "link",
"xlink_title": "ina",
"xlink_type": "locator",
"xlink_href": "#P334703.l00133",
"xlink_role": "elt"}
,
{
"type": "link",
"xlink_title": "pānu",
"xlink_type": "locator",
"xlink_href": "#P334703.l00134",
"xlink_role": "elt"}
]}
,
{
"type": "linkset",
"xlink_title": "bīt šarri[royal residence//royal residence]N'N",
"id": "P334703.ls00004",
"xlink_type": "extended",
"xlink_role": "psu",
"sig": "{bītu[house]N šarru[king]N += bīt šarri[royal residence//royal residence]N'N}::@saao%akk-x-neoass:E₂=bītu[house//house]N'N$bēt++@saao%akk-x-neoass:LUGAL=šarru[king//king]N'N$šarri",
"links": [
{
"type": "link",
"xlink_title": "bītu",
"xlink_type": "locator",
"xlink_href": "#P334703.l0013a",
"xlink_role": "elt"}
,
{
"type": "link",
"xlink_title": "šarru",
"xlink_type": "locator",
"xlink_href": "#P334703.l0013b",
"xlink_role": "elt"}
]}
]}
]}
