{
"type": "cdl",
  "source": "http://oracc.org/saao/saa15",
  "license": "This data is released under the CC0 license",
  "license-url": "https://creativecommons.org/publicdomain/zero/1.0/",
  "more-info": "http://oracc.org/doc/opendata/",
  "UTC-timestamp": "2017-05-19T11:53:41",
"project": "saao/saa15",
"textid": "P334343",
"cdl": [
{
"node": "c",
"type": "text",
"id": "P334343.U0",
"cdl": [
{
"node": "d",
"type": "object",
"ref": ""}
,
{
"node": "d",
"subtype": "obverse",
"type": "surface",
"ref": "P334343.o.1",
"type": "obverse",
"label": "o"}
,
{
"node": "c",
"type": "discourse",
"subtype": "body",
"id": "P334343.U1",
"cdl": [
{
"node": "c",
"type": "sentence",
"id": "P334343.U2",
"label": "o 1 - r 14",
"cdl": [
{
"node": "d",
"type": "line-start",
"ref": "P334343.2",
"n": "1",
"label": "o 1"}
,
{
"node": "l",
"frag": "[a-na]",
"id": "P334343.l045ad",
"ref": "P334343.2.1",
"inst": "ana[to]PRP",
"sig": "@saao/saa15%akk-x-neoass:a-na=ana[to//to]PRP'PRP$ana",
"f": {"lang": "akk-x-neoass",
"form": "a-na",
"cf": "ana",
"gw": "to",
"sense": "to",
"norm": "ana",
"pos": "PRP",
"epos": "PRP"}
}
,
{
"node": "l",
"frag": "⸢LUGAL⸣",
"id": "P334343.l045ae",
"ref": "P334343.2.2",
"inst": "šarri[king]N",
"sig": "@saao/saa15%akk-x-neoass:LUGAL=šarru[king//king]N'N$šarri",
"f": {"lang": "akk-x-neoass",
"form": "LUGAL",
"cf": "šarru",
"gw": "king",
"sense": "king",
"norm": "šarri",
"pos": "N",
"epos": "N"}
}
,
{
"node": "l",
"frag": "be-li₂-ia",
"id": "P334343.l045af",
"ref": "P334343.2.3",
"inst": "bēlīya[lord]N",
"sig": "@saao/saa15%akk-x-neoass:be-li₂-ia=bēlu[lord//lord]N'N$bēlīya",
"f": {"lang": "akk-x-neoass",
"form": "be-li₂-ia",
"cf": "bēlu",
"gw": "lord",
"sense": "lord",
"norm": "bēlīya",
"pos": "N",
"epos": "N"}
}
,
{
"node": "d",
"type": "line-start",
"ref": "P334343.3",
"n": "2",
"label": "o 2"}
,
{
"node": "l",
"frag": "[ARAD]-ka",
"id": "P334343.l045b0",
"ref": "P334343.3.1",
"inst": "urdaka[servant]N",
"sig": "@saao/saa15%akk-x-neoass:ARAD-ka=ardu[slave//servant]N'N$urdaka",
"f": {"lang": "akk-x-neoass",
"form": "ARAD-ka",
"cf": "ardu",
"gw": "slave",
"sense": "servant",
"norm": "urdaka",
"pos": "N",
"epos": "N"}
}
,
{
"node": "l",
"frag": "{1}DINGIR-ia-da-aʾ",
"id": "P334343.l045b1",
"ref": "P334343.3.2",
"inst": "Il-yadaʾ[1]PN",
"sig": "@saao/saa15%akk-x-neoass:{1}DINGIR-ia-da-aʾ=Il-yadaʾ[1//1]PN'PN$Il-yadaʾ",
"f": {"lang": "akk-x-neoass",
"form": "{1}DINGIR-ia-da-aʾ",
"cf": "Il-yadaʾ",
"gw": "1",
"sense": "1",
"norm": "Il-yadaʾ",
"pos": "PN",
"epos": "PN"}
}
,
{
"node": "d",
"type": "line-start",
"ref": "P334343.4",
"n": "3",
"label": "o 3"}
,
{
"node": "l",
"frag": "[lu]-u₂\\m",
"id": "P334343.l045b2",
"ref": "P334343.4.1",
"inst": "lū[may]MOD",
"sig": "@saao/saa15%akk-x-neoass:lu-u₂=lū[may//may]MOD'MOD$lū",
"f": {"lang": "akk-x-neoass",
"form": "lu-u₂",
"cf": "lū",
"gw": "may",
"sense": "may",
"norm": "lū",
"pos": "MOD",
"epos": "MOD"}
}
,
{
"node": "l",
"frag": "DI-mu",
"id": "P334343.l045b3",
"ref": "P334343.4.2",
"inst": "šulmu[health]N",
"sig": "@saao/saa15%akk-x-neoass:DI-mu=šulmu[completeness//health]N'N$šulmu",
"f": {"lang": "akk-x-neoass",
"form": "DI-mu",
"cf": "šulmu",
"gw": "completeness",
"sense": "health",
"norm": "šulmu",
"pos": "N",
"epos": "N"}
}
,
{
"node": "l",
"frag": "a-na",
"id": "P334343.l045b4",
"ref": "P334343.4.3",
"inst": "ana[to]PRP",
"sig": "@saao/saa15%akk-x-neoass:a-na=ana[to//to]PRP'PRP$ana",
"f": {"lang": "akk-x-neoass",
"form": "a-na",
"cf": "ana",
"gw": "to",
"sense": "to",
"norm": "ana",
"pos": "PRP",
"epos": "PRP"}
}
,
{
"node": "l",
"frag": "LUGAL",
"id": "P334343.l045b5",
"ref": "P334343.4.4",
"inst": "šarri[king]N",
"sig": "@saao/saa15%akk-x-neoass:LUGAL=šarru[king//king]N'N$šarri",
"f": {"lang": "akk-x-neoass",
"form": "LUGAL",
"cf": "šarru",
"gw": "king",
"sense": "king",
"norm": "šarri",
"pos": "N",
"epos": "N"}
}
,
{
"node": "l",
"frag": "be-li₂-ia",
"id": "P334343.l045b6",
"ref": "P334343.4.5",
"inst": "bēlīya[lord]N",
"sig": "@saao/saa15%akk-x-neoass:be-li₂-ia=bēlu[lord//lord]N'N$bēlīya",
"f": {"lang": "akk-x-neoass",
"form": "be-li₂-ia",
"cf": "bēlu",
"gw": "lord",
"sense": "lord",
"norm": "bēlīya",
"pos": "N",
"epos": "N"}
}
,
{
"node": "d",
"type": "line-start",
"ref": "P334343.5",
"n": "4",
"label": "o 4"}
,
{
"node": "l",
"frag": "[DI]-mu",
"id": "P334343.l045b7",
"ref": "P334343.5.1",
"inst": "šulmu[health]N",
"sig": "@saao/saa15%akk-x-neoass:DI-mu=šulmu[completeness//health]N'N$šulmu",
"f": {"lang": "akk-x-neoass",
"form": "DI-mu",
"cf": "šulmu",
"gw": "completeness",
"sense": "health",
"norm": "šulmu",
"pos": "N",
"epos": "N"}
}
,
{
"node": "l",
"frag": "a-na",
"id": "P334343.l045b8",
"ref": "P334343.5.2",
"inst": "ana[to]PRP",
"sig": "@saao/saa15%akk-x-neoass:a-na=ana[to//to]PRP'PRP$ana",
"f": {"lang": "akk-x-neoass",
"form": "a-na",
"cf": "ana",
"gw": "to",
"sense": "to",
"norm": "ana",
"pos": "PRP",
"epos": "PRP"}
}
,
{
"node": "l",
"frag": "ma-a-te",
"id": "P334343.l045b9",
"ref": "P334343.5.3",
"inst": "māte[land]N",
"sig": "@saao/saa15%akk-x-neoass:ma-a-te=mātu[land//land]N'N$māte",
"f": {"lang": "akk-x-neoass",
"form": "ma-a-te",
"cf": "mātu",
"gw": "land",
"sense": "land",
"norm": "māte",
"pos": "N",
"epos": "N"}
}
,
{
"node": "l",
"frag": "u₃",
"id": "P334343.l045ba",
"ref": "P334343.5.4",
"inst": "u[and]CNJ",
"sig": "@saao/saa15%akk-x-neoass:u₃=u[and//and]CNJ'CNJ$u",
"f": {"lang": "akk-x-neoass",
"form": "u₃",
"cf": "u",
"gw": "and",
"sense": "and",
"norm": "u",
"pos": "CNJ",
"epos": "CNJ"}
}
,
{
"node": "d",
"type": "line-start",
"ref": "P334343.6",
"n": "5",
"label": "o 5"}
,
{
"node": "l",
"frag": "{⸢uru⸣}HAL.ṢU-MEŠ",
"id": "P334343.l045bb",
"ref": "P334343.6.1",
"inst": "bīrāti[fort]N",
"sig": "@saao/saa15%akk-x-neoass:{URU}HAL.ṢU-MEŠ=birtu[fort//fort]N'N$bīrāti",
"f": {"lang": "akk-x-neoass",
"form": "{URU}HAL.ṢU-MEŠ",
"cf": "birtu",
"gw": "fort",
"sense": "fort",
"norm": "bīrāti",
"pos": "N",
"epos": "N"}
}
,
{
"node": "l",
"frag": "ša",
"id": "P334343.l045bc",
"ref": "P334343.6.2",
"inst": "ša[of]DET",
"sig": "@saao/saa15%akk-x-neoass:ša=ša[of//of]DET'DET$ša",
"f": {"lang": "akk-x-neoass",
"form": "ša",
"cf": "ša",
"gw": "of",
"sense": "of",
"norm": "ša",
"pos": "DET",
"epos": "DET"}
}
,
{
"node": "l",
"frag": "LUGAL",
"id": "P334343.l045bd",
"ref": "P334343.6.3",
"inst": "šarri[king]N",
"sig": "@saao/saa15%akk-x-neoass:LUGAL=šarru[king//king]N'N$šarri",
"f": {"lang": "akk-x-neoass",
"form": "LUGAL",
"cf": "šarru",
"gw": "king",
"sense": "king",
"norm": "šarri",
"pos": "N",
"epos": "N"}
}
,
{
"node": "l",
"frag": "be-li₂-ia",
"id": "P334343.l045be",
"ref": "P334343.6.4",
"inst": "bēlīya[lord]N",
"sig": "@saao/saa15%akk-x-neoass:be-li₂-ia=bēlu[lord//lord]N'N$bēlīya",
"f": {"lang": "akk-x-neoass",
"form": "be-li₂-ia",
"cf": "bēlu",
"gw": "lord",
"sense": "lord",
"norm": "bēlīya",
"pos": "N",
"epos": "N"}
}
,
{
"node": "d",
"type": "line-start",
"ref": "P334343.7",
"n": "6",
"label": "o 6"}
,
{
"node": "l",
"frag": "ŠA₃-bu\\t",
"id": "P334343.l045bf",
"ref": "P334343.7.1",
"inst": "libbu[mood]N",
"sig": "@saao/saa15%akk-x-neoass:ŠA₃-bu=libbu[interior//mood]N'N$libbu",
"f": {"lang": "akk-x-neoass",
"form": "ŠA₃-bu",
"cf": "libbu",
"gw": "interior",
"sense": "mood",
"norm": "libbu",
"pos": "N",
"epos": "N"}
}
,
{
"node": "l",
"frag": "ša\\m",
"id": "P334343.l045c0",
"ref": "P334343.7.2",
"inst": "ša[of]DET",
"sig": "@saao/saa15%akk-x-neoass:ša=ša[of//of]DET'DET$ša",
"f": {"lang": "akk-x-neoass",
"form": "ša",
"cf": "ša",
"gw": "of",
"sense": "of",
"norm": "ša",
"pos": "DET",
"epos": "DET"}
}
,
{
"node": "l",
"frag": "LUGAL\\t",
"id": "P334343.l045c1",
"ref": "P334343.7.3",
"inst": "šarri[king]N",
"sig": "@saao/saa15%akk-x-neoass:LUGAL=šarru[king//king]N'N$šarri",
"f": {"lang": "akk-x-neoass",
"form": "LUGAL",
"cf": "šarru",
"gw": "king",
"sense": "king",
"norm": "šarri",
"pos": "N",
"epos": "N"}
}
,
{
"node": "l",
"frag": "be-li₂-ia",
"id": "P334343.l045c2",
"ref": "P334343.7.4",
"inst": "bēlīya[lord]N",
"sig": "@saao/saa15%akk-x-neoass:be-li₂-ia=bēlu[lord//lord]N'N$bēlīya",
"f": {"lang": "akk-x-neoass",
"form": "be-li₂-ia",
"cf": "bēlu",
"gw": "lord",
"sense": "lord",
"norm": "bēlīya",
"pos": "N",
"epos": "N"}
}
,
{
"node": "d",
"type": "line-start",
"ref": "P334343.8",
"n": "7",
"label": "o 7"}
,
{
"node": "l",
"frag": "lu",
"id": "P334343.l045c3",
"ref": "P334343.8.1",
"inst": "lū[may]MOD",
"sig": "@saao/saa15%akk-x-neoass:lu=lū[may//may]MOD'MOD$lū",
"f": {"lang": "akk-x-neoass",
"form": "lu",
"cf": "lū",
"gw": "may",
"sense": "may",
"norm": "lū",
"pos": "MOD",
"epos": "MOD"}
}
,
{
"node": "l",
"frag": "DUG₃.GA-šu₂",
"id": "P334343.l045c4",
"ref": "P334343.8.2",
"inst": "ṭābšu[good]AJ",
"sig": "@saao/saa15%akk-x-neoass:DUG₃.GA-šu₂=ṭābu[good//good]AJ'AJ$ṭābšu",
"f": {"lang": "akk-x-neoass",
"form": "DUG₃.GA-šu₂",
"cf": "ṭābu",
"gw": "good",
"sense": "good",
"norm": "ṭābšu",
"pos": "AJ",
"epos": "AJ"}
}
,
{
"node": "l",
"frag": "ŠEŠ-MEŠ\\t",
"id": "P334343.l045c5",
"ref": "P334343.8.3",
"inst": "ahu[brother]N$ahhē",
"sig": "@saao/saa15%akk-x-neoass:ŠEŠ-MEŠ=ahu[brother//brother]N'N$ahhē",
"f": {"lang": "akk-x-neoass",
"form": "ŠEŠ-MEŠ",
"cf": "ahu",
"gw": "brother",
"sense": "brother",
"norm": "ahhē",
"pos": "N",
"epos": "N"}
}
,
{
"node": "d",
"type": "line-start",
"ref": "P334343.9",
"n": "8",
"label": "o 8"}
,
{
"node": "l",
"frag": "ša",
"id": "P334343.l045c6",
"ref": "P334343.9.1",
"inst": "ša[of]DET",
"sig": "@saao/saa15%akk-x-neoass:ša=ša[of//of]DET'DET$ša",
"f": {"lang": "akk-x-neoass",
"form": "ša",
"cf": "ša",
"gw": "of",
"sense": "of",
"norm": "ša",
"pos": "DET",
"epos": "DET"}
}
,
{
"node": "l",
"frag": "{1}ku-ta-a.a",
"id": "P334343.l045c7",
"ref": "P334343.9.2",
"inst": "Kutayu[]PN$Kutaya",
"sig": "@saao/saa15%akk-x-neoass:{1}ku-ta-a.a=Kutayu[1//1]PN'PN$Kutaya",
"f": {"lang": "akk-x-neoass",
"form": "{1}ku-ta-a.a",
"cf": "Kutayu",
"gw": "1",
"sense": "1",
"norm": "Kutaya",
"pos": "PN",
"epos": "PN"}
}
,
{
"node": "l",
"frag": "DUMU",
"id": "P334343.l045c8",
"ref": "P334343.9.3",
"inst": "mār[son]N",
"sig": "@saao/saa15%akk-x-neoass:DUMU=māru[son//son]N'N$mār",
"f": {"lang": "akk-x-neoass",
"form": "DUMU",
"cf": "māru",
"gw": "son",
"sense": "son",
"norm": "mār",
"pos": "N",
"epos": "N"}
}
,
{
"node": "l",
"frag": "{1}se-eʾ-DI",
"id": "P334343.l045c9",
"ref": "P334343.9.4",
"inst": "Seʾ-salamu[]PN$",
"sig": "@saao/saa15%akk-x-neoass:{1}se-eʾ-DI=Seʾ-salamu[1//1]PN'PN$Seʾ-salamu",
"f": {"lang": "akk-x-neoass",
"form": "{1}se-eʾ-DI",
"cf": "Seʾ-salamu",
"gw": "1",
"sense": "1",
"norm": "Seʾ-salamu",
"pos": "PN",
"epos": "PN"}
}
,
{
"node": "d",
"type": "line-start",
"ref": "P334343.10",
"n": "9",
"label": "o 9"}
,
{
"node": "l",
"frag": "{lu₂v}i-su\\t-qa-a.a",
"id": "P334343.l045ca",
"ref": "P334343.10.1",
"inst": "Isuqaya[]EN$",
"sig": "@saao/saa15%akk-x-neoass:{LU₂}i-su-qa-a.a=Isuqaya[1//1]EN'EN$Isuqaya",
"f": {"lang": "akk-x-neoass",
"form": "{LU₂}i-su-qa-a.a",
"cf": "Isuqaya",
"gw": "1",
"sense": "1",
"norm": "Isuqaya",
"pos": "EN",
"epos": "EN"}
}
,
{
"node": "l",
"frag": "šu₂-nu",
"id": "P334343.l045cb",
"ref": "P334343.10.2",
"inst": "šunu[they]IP",
"sig": "@saao/saa15%akk-x-neoass:šu₂-nu=šunu[they//they]IP'IP$šunu",
"f": {"lang": "akk-x-neoass",
"form": "šu₂-nu",
"cf": "šunu",
"gw": "they",
"sense": "they",
"norm": "šunu",
"pos": "IP",
"epos": "IP"}
}
,
{
"node": "d",
"type": "line-start",
"ref": "P334343.11",
"n": "10",
"label": "o 10"}
,
{
"node": "l",
"frag": "TA@v\\m",
"id": "P334343.l045cc",
"ref": "P334343.11.1",
"inst": "issu[from]PRP",
"sig": "@saao/saa15%akk-x-neoass:TA@v=ištu[from//from]PRP'PRP$issu",
"f": {"lang": "akk-x-neoass",
"form": "TA@v",
"cf": "ištu",
"gw": "from",
"sense": "from",
"norm": "issu",
"pos": "PRP",
"epos": "PRP"}
}
,
{
"node": "l",
"frag": "na-ka",
"id": "P334343.l045cd",
"ref": "P334343.11.2",
"inst": "nāka[here]AV",
"sig": "@saao/saa15%akk-x-neoass:na-ka=annaka[here//here]AV'AV$nāka",
"f": {"lang": "akk-x-neoass",
"form": "na-ka",
"cf": "annaka",
"gw": "here",
"sense": "here",
"norm": "nāka",
"pos": "AV",
"epos": "AV"}
}
,
{
"node": "l",
"frag": "TA@v\\m",
"id": "P334343.l045ce",
"ref": "P334343.11.3",
"inst": "issi[with]PRP",
"sig": "@saao/saa15%akk-x-neoass:TA@v=išti[with//with]PRP'PRP$issi",
"f": {"lang": "akk-x-neoass",
"form": "TA@v",
"cf": "išti",
"gw": "with",
"sense": "with",
"norm": "issi",
"pos": "PRP",
"epos": "PRP"}
}
,
{
"node": "l",
"frag": "{1}ia-su\\t-mu",
"id": "P334343.l045cf",
"ref": "P334343.11.4",
"inst": "Yasumu[]PN$",
"sig": "@saao/saa15%akk-x-neoass:{1}ia-su-mu=Yasumu[1//1]PN'PN$Yasumu",
"f": {"lang": "akk-x-neoass",
"form": "{1}ia-su-mu",
"cf": "Yasumu",
"gw": "1",
"sense": "1",
"norm": "Yasumu",
"pos": "PN",
"epos": "PN"}
}
,
{
"node": "d",
"type": "line-start",
"ref": "P334343.12",
"n": "11",
"label": "o 11"}
,
{
"node": "l",
"frag": "[a]-na",
"id": "P334343.l045d0",
"ref": "P334343.12.1",
"inst": "ana[to]PRP",
"sig": "@saao/saa15%akk-x-neoass:a-na=ana[to//to]PRP'PRP$ana",
"f": {"lang": "akk-x-neoass",
"form": "a-na",
"cf": "ana",
"gw": "to",
"sense": "to",
"norm": "ana",
"pos": "PRP",
"epos": "PRP"}
}
,
{
"node": "l",
"frag": "{uru}ar₂-ra-nu",
"id": "P334343.l045d1",
"ref": "P334343.12.2",
"inst": "Arranu[]GN$",
"sig": "@saao/saa15%akk-x-neoass:{URU}ar₂-ra-nu=Arranu[1//1]GN'GN$Arranu",
"f": {"lang": "akk-x-neoass",
"form": "{URU}ar₂-ra-nu",
"cf": "Arranu",
"gw": "1",
"sense": "1",
"norm": "Arranu",
"pos": "GN",
"epos": "GN"}
}
,
{
"node": "d",
"type": "line-start",
"ref": "P334343.13",
"n": "12",
"label": "o 12"}
,
{
"node": "l",
"frag": "[it]-tal-ka",
"id": "P334343.l045d2",
"ref": "P334343.13.1",
"inst": "ittalka[come]V",
"sig": "@saao/saa15%akk-x-neoass:it-tal-ka=alāku[go//come]V'V$ittalka",
"f": {"lang": "akk-x-neoass",
"form": "it-tal-ka",
"cf": "alāku",
"gw": "go",
"sense": "come",
"norm": "ittalka",
"pos": "V",
"epos": "V"}
}
,
{
"node": "l",
"frag": "u₂\\m-ma-a",
"id": "P334343.l045d3",
"ref": "P334343.13.2",
"inst": "ūmâ[now]AV",
"sig": "@saao/saa15%akk-x-neoass:u₂-ma-a=ūma[today//now]AV'AV$ūmâ",
"f": {"lang": "akk-x-neoass",
"form": "u₂-ma-a",
"cf": "ūma",
"gw": "today",
"sense": "now",
"norm": "ūmâ",
"pos": "AV",
"epos": "AV"}
}
,
{
"node": "d",
"type": "line-start",
"ref": "P334343.14",
"n": "13",
"label": "o 13"}
,
{
"node": "l",
"frag": "[i-ba-aš₂-šu₂]",
"id": "P334343.l045d4",
"ref": "P334343.14.1",
"inst": "bašû[exist//some]V'XP$ibaššû",
"sig": "@saao/saa15%akk-x-neoass:i-ba-aš₂-šu₂=bašû[exist//some]V'XP$ibaššû",
"f": {"lang": "akk-x-neoass",
"form": "i-ba-aš₂-šu₂",
"cf": "bašû",
"gw": "exist",
"sense": "some",
"norm": "ibaššû",
"pos": "V",
"epos": "XP"}
}
,
{
"node": "l",
"frag": "10",
"id": "P334343.l045d5",
"ref": "P334343.14.2",
"inst": "n",
"f": {"lang": "akk-x-neoass",
"form": "10",
"pos": "n"}
}
,
{
"node": "c",
"type": "phrase",
"tag": "phr",
"id": "P334343.U4",
"ref": "P334343.ls00000",
"cdl": [
{
"node": "l",
"frag": "TA@v\\m",
"id": "P334343.l045d6",
"ref": "P334343.14.3",
"inst": "issu[from+=from out of]PRP",
"sig": "@saao/saa15%akk-x-neoass:TA@v=ištu[from//from]PRP'PRP$issu",
"f": {"lang": "akk-x-neoass",
"form": "TA@v",
"cf": "ištu",
"gw": "from",
"sense": "from",
"norm": "issu",
"pos": "PRP",
"epos": "PRP"}
}
,
{
"node": "l",
"frag": "ŠA₃-bi-šu₂-nu",
"id": "P334343.l045d7",
"ref": "P334343.14.4",
"inst": "libbišunu[interior]N",
"sig": "@saao/saa15%akk-x-neoass:ŠA₃-bi-šu₂-nu=libbu[interior//interior]N'N$libbišunu",
"f": {"lang": "akk-x-neoass",
"form": "ŠA₃-bi-šu₂-nu",
"cf": "libbu",
"gw": "interior",
"sense": "interior",
"norm": "libbišunu",
"pos": "N",
"epos": "N"}
}
]}
,
{
"node": "d",
"type": "line-start",
"ref": "P334343.15",
"n": "14",
"label": "o 14"}
,
{
"node": "c",
"type": "phrase",
"tag": "phr",
"id": "P334343.U5",
"ref": "P334343.ls00001",
"cdl": [
{
"node": "l",
"frag": "[TA@v\\m",
"id": "P334343.l045d8",
"ref": "P334343.15.1",
"inst": "issu[from+=from]PRP",
"sig": "@saao/saa15%akk-x-neoass:TA@v=ištu[from//from]PRP'PRP$issu",
"f": {"lang": "akk-x-neoass",
"form": "TA@v",
"cf": "ištu",
"gw": "from",
"sense": "from",
"norm": "issu",
"pos": "PRP",
"epos": "PRP"}
}
,
{
"node": "l",
"frag": "ŠA₃]-bi",
"id": "P334343.l045d9",
"ref": "P334343.15.2",
"inst": "libbi[interior]N",
"sig": "@saao/saa15%akk-x-neoass:ŠA₃-bi=libbu[interior//interior]N'N$libbi",
"f": {"lang": "akk-x-neoass",
"form": "ŠA₃-bi",
"cf": "libbu",
"gw": "interior",
"sense": "interior",
"norm": "libbi",
"pos": "N",
"epos": "N"}
}
]}
,
{
"node": "l",
"frag": "{uru}ar₂-ra-nu",
"id": "P334343.l045da",
"ref": "P334343.15.3",
"inst": "Arranu[1]GN",
"sig": "@saao/saa15%akk-x-neoass:{URU}ar₂-ra-nu=Arranu[1//1]GN'GN$Arranu",
"f": {"lang": "akk-x-neoass",
"form": "{URU}ar₂-ra-nu",
"cf": "Arranu",
"gw": "1",
"sense": "1",
"norm": "Arranu",
"pos": "GN",
"epos": "GN"}
}
,
{
"node": "d",
"type": "line-start",
"ref": "P334343.16",
"n": "15",
"label": "o 15"}
,
{
"node": "c",
"type": "phrase",
"tag": "phr",
"id": "P334343.U6",
"ref": "P334343.ls00002",
"cdl": [
{
"node": "l",
"frag": "[ina]",
"id": "P334343.l045db",
"ref": "P334343.16.1",
"inst": "ina[in+=to]PRP",
"sig": "@saao/saa15%akk-x-neoass:ina=ina[in//in]PRP'PRP$ina",
"f": {"lang": "akk-x-neoass",
"form": "ina",
"cf": "ina",
"gw": "in",
"sense": "in",
"norm": "ina",
"pos": "PRP",
"epos": "PRP"}
}
,
{
"node": "l",
"frag": "pa-ni-ia",
"id": "P334343.l045dc",
"ref": "P334343.16.2",
"inst": "pānīya[front]N",
"sig": "@saao/saa15%akk-x-neoass:pa-ni-ia=pānu[front//front]N'N$pānīya",
"f": {"lang": "akk-x-neoass",
"form": "pa-ni-ia",
"cf": "pānu",
"gw": "front",
"sense": "front",
"norm": "pānīya",
"pos": "N",
"epos": "N"}
}
]}
,
{
"node": "l",
"frag": "it-tal-ku-ni",
"id": "P334343.l045dd",
"ref": "P334343.16.3",
"inst": "ittalkūni[come]V",
"sig": "@saao/saa15%akk-x-neoass:it-tal-ku-ni=alāku[go//come]V'V$ittalkūni",
"f": {"lang": "akk-x-neoass",
"form": "it-tal-ku-ni",
"cf": "alāku",
"gw": "go",
"sense": "come",
"norm": "ittalkūni",
"pos": "V",
"epos": "V"}
}
,
{
"node": "d",
"type": "line-start",
"ref": "P334343.17",
"n": "16",
"label": "o 16"}
,
{
"node": "l",
"frag": "[x]",
"id": "P334343.l045de",
"ref": "P334343.17.1",
"inst": "u",
"f": {"lang": "akk-x-neoass",
"form": "x",
"pos": "u"}
}
,
{
"node": "l",
"frag": "⸢i⸣-bi-is-su\\t-ni",
"id": "P334343.l045df",
"ref": "P334343.17.2",
"inst": "u",
"f": {"lang": "akk-x-neoass",
"form": "i-bi-is-su-ni",
"pos": "u"}
}
,
{
"node": "d",
"type": "line-start",
"ref": "P334343.18",
"n": "17",
"label": "o 17"}
,
{
"node": "l",
"frag": "[i]-⸢du⸣-bu-bu",
"id": "P334343.l045e0",
"ref": "P334343.18.1",
"inst": "iddubūbu[speak]V",
"sig": "@saao/saa15%akk-x-neoass:i-du-bu-bu=dabābu[speak//speak]V'V$iddubūbu",
"f": {"lang": "akk-x-neoass",
"form": "i-du-bu-bu",
"cf": "dabābu",
"gw": "speak",
"sense": "speak",
"norm": "iddubūbu",
"pos": "V",
"epos": "V"}
}
,
{
"node": "l",
"frag": "ma-a",
"id": "P334343.l045e1",
"ref": "P334343.18.2",
"inst": "mā[saying]PRP",
"sig": "@saao/saa15%akk-x-neoass:ma-a=mā[saying//saying]PRP'PRP$mā",
"f": {"lang": "akk-x-neoass",
"form": "ma-a",
"cf": "mā",
"gw": "saying",
"sense": "saying",
"norm": "mā",
"pos": "PRP",
"epos": "PRP"}
}
,
{
"node": "d",
"type": "line-start",
"ref": "P334343.19",
"n": "18",
"label": "o 18"}
,
{
"node": "l",
"frag": "[re]-⸢eh⸣-ti\\t",
"id": "P334343.l045e2",
"ref": "P334343.19.1",
"inst": "rēhti[remainder]N",
"sig": "@saao/saa15%akk-x-neoass:re-eh-ti=rēhtu[remainder//remainder]N'N$rēhti",
"f": {"lang": "akk-x-neoass",
"form": "re-eh-ti",
"cf": "rēhtu",
"gw": "remainder",
"sense": "remainder",
"norm": "rēhti",
"pos": "N",
"epos": "N"}
}
,
{
"node": "l",
"frag": "ŠEŠ-MEŠ-ni",
"id": "P334343.l045e3",
"ref": "P334343.19.2",
"inst": "ahu[brother]N$ahhēni",
"sig": "@saao/saa15%akk-x-neoass:ŠEŠ-MEŠ-ni=ahu[brother//brother]N'N$ahhēni",
"f": {"lang": "akk-x-neoass",
"form": "ŠEŠ-MEŠ-ni",
"cf": "ahu",
"gw": "brother",
"sense": "brother",
"norm": "ahhēni",
"pos": "N",
"epos": "N"}
}
,
{
"node": "d",
"type": "line-start",
"ref": "P334343.20",
"n": "19",
"label": "o 19"}
,
{
"node": "l",
"frag": "[ša",
"id": "P334343.l045e4",
"ref": "P334343.20.1",
"inst": "ša[who]REL",
"sig": "@saao/saa15%akk-x-neoass:ša=ša[that//who]REL'REL$ša",
"f": {"lang": "akk-x-neoass",
"form": "ša",
"cf": "ša",
"gw": "that",
"sense": "who",
"norm": "ša",
"pos": "REL",
"epos": "REL"}
}
,
{
"node": "l",
"frag": "am]-ma-ka",
"id": "P334343.l045e5",
"ref": "P334343.20.2",
"inst": "ammāka[there]AV",
"sig": "@saao/saa15%akk-x-neoass:am-ma-ka=ammaka[there//there]AV'AV$ammāka",
"f": {"lang": "akk-x-neoass",
"form": "am-ma-ka",
"cf": "ammaka",
"gw": "there",
"sense": "there",
"norm": "ammāka",
"pos": "AV",
"epos": "AV"}
}
,
{
"node": "l",
"frag": "ma-a",
"id": "P334343.l045e6",
"ref": "P334343.20.3",
"inst": "mā[saying]PRP",
"sig": "@saao/saa15%akk-x-neoass:ma-a=mā[saying//saying]PRP'PRP$mā",
"f": {"lang": "akk-x-neoass",
"form": "ma-a",
"cf": "mā",
"gw": "saying",
"sense": "saying",
"norm": "mā",
"pos": "PRP",
"epos": "PRP"}
}
,
{
"node": "d",
"subtype": "reverse",
"type": "surface",
"ref": "P334343.r.21",
"type": "reverse",
"label": "r"}
,
{
"node": "d",
"type": "line-start",
"ref": "P334343.22",
"n": "1",
"label": "r 1"}
,
{
"node": "l",
"frag": "[i]-⸢ba⸣-aš₂-šu₂",
"id": "P334343.l045e7",
"ref": "P334343.22.1",
"inst": "bašû[exist//some]V'XP$ibaššû",
"sig": "@saao/saa15%akk-x-neoass:i-ba-aš₂-šu₂=bašû[exist//some]V'XP$ibaššû",
"f": {"lang": "akk-x-neoass",
"form": "i-ba-aš₂-šu₂",
"cf": "bašû",
"gw": "exist",
"sense": "some",
"norm": "ibaššû",
"pos": "V",
"epos": "XP"}
}
,
{
"node": "c",
"type": "phrase",
"tag": "phr",
"id": "P334343.U7",
"ref": "P334343.ls00003",
"cdl": [
{
"node": "l",
"frag": "TA@v\\m",
"id": "P334343.l045e8",
"ref": "P334343.22.2",
"inst": "issu[from+=from out of]PRP",
"sig": "@saao/saa15%akk-x-neoass:TA@v=ištu[from//from]PRP'PRP$issu",
"f": {"lang": "akk-x-neoass",
"form": "TA@v",
"cf": "ištu",
"gw": "from",
"sense": "from",
"norm": "issu",
"pos": "PRP",
"epos": "PRP"}
}
,
{
"node": "l",
"frag": "ŠA₃-bi-šu₂-nu",
"id": "P334343.l045e9",
"ref": "P334343.22.3",
"inst": "libbišunu[interior]N",
"sig": "@saao/saa15%akk-x-neoass:ŠA₃-bi-šu₂-nu=libbu[interior//interior]N'N$libbišunu",
"f": {"lang": "akk-x-neoass",
"form": "ŠA₃-bi-šu₂-nu",
"cf": "libbu",
"gw": "interior",
"sense": "interior",
"norm": "libbišunu",
"pos": "N",
"epos": "N"}
}
]}
,
{
"node": "d",
"type": "line-start",
"ref": "P334343.23",
"n": "2",
"label": "r 2"}
,
{
"node": "l",
"frag": "{[lu₂v]}⸢ARAD⸣-MEŠ",
"id": "P334343.l045ea",
"ref": "P334343.23.1",
"inst": "urdāni[servant]N",
"sig": "@saao/saa15%akk-x-neoass:{LU₂}ARAD-MEŠ=ardu[slave//servant]N'N$urdāni",
"f": {"lang": "akk-x-neoass",
"form": "{LU₂}ARAD-MEŠ",
"cf": "ardu",
"gw": "slave",
"sense": "servant",
"norm": "urdāni",
"pos": "N",
"epos": "N"}
}
,
{
"node": "l",
"frag": "ša",
"id": "P334343.l045eb",
"ref": "P334343.23.2",
"inst": "ša[of]DET",
"sig": "@saao/saa15%akk-x-neoass:ša=ša[of//of]DET'DET$ša",
"f": {"lang": "akk-x-neoass",
"form": "ša",
"cf": "ša",
"gw": "of",
"sense": "of",
"norm": "ša",
"pos": "DET",
"epos": "DET"}
}
,
{
"node": "l",
"frag": "E₂",
"id": "P334343.l045ec",
"ref": "P334343.23.3",
"inst": "bēt[house]N",
"sig": "@saao/saa15%akk-x-neoass:E₂=bītu[house//house]N'N$bēt",
"f": {"lang": "akk-x-neoass",
"form": "E₂",
"cf": "bītu",
"gw": "house",
"sense": "house",
"norm": "bēt",
"pos": "N",
"epos": "N"}
}
,
{
"node": "l",
"frag": "{lu₂v}NIGIR₂-E₂.GAL",
"id": "P334343.l045ed",
"ref": "P334343.23.4",
"cof-tails": "P334343.l045ee",
"inst": "nāgiru[herald]N$nāgir&ēkallu[palace]N$ēkalli",
"sig": "@saao/saa15%akk-x-neoass:{LU₂}NIGIR₂-E₂.GAL=nāgiru[herald//herald]N'N$nāgir&&@saao%akk-x-neoass:=ēkallu[palace//palace]N'N$ēkalli",
"f": {"lang": "akk-x-neoass",
"form": "{LU₂}NIGIR₂-E₂.GAL",
"cf": "nāgiru",
"gw": "herald",
"sense": "herald",
"norm": "nāgir",
"pos": "N",
"epos": "N"}
}
,
{
"node": "l",
"frag": "{lu₂v}NIGIR₂-E₂.GAL",
"id": "P334343.l045ee",
"ref": "P334343.23.4",
"cof-head": "P334343.l045ed",
"inst": "nāgiru[herald]N$nāgir&ēkallu[palace]N$ēkalli",
"tail-sig": "@saao%akk-x-neoass:=ēkallu[palace//palace]N'N$ēkalli",
"f": {"lang": "akk-x-neoass",
"form": "{LU₂}NIGIR₂-E₂.GAL",
"cf": "ēkallu",
"gw": "palace",
"sense": "palace",
"norm": "ēkalli",
"pos": "N",
"epos": "N"}
}
,
{
"node": "d",
"type": "line-start",
"ref": "P334343.24",
"n": "3",
"label": "r 3"}
,
{
"node": "l",
"frag": "[ma]-⸢a⸣",
"id": "P334343.l045ef",
"ref": "P334343.24.1",
"inst": "mā[saying]PRP",
"sig": "@saao/saa15%akk-x-neoass:ma-a=mā[saying//saying]PRP'PRP$mā",
"f": {"lang": "akk-x-neoass",
"form": "ma-a",
"cf": "mā",
"gw": "saying",
"sense": "saying",
"norm": "mā",
"pos": "PRP",
"epos": "PRP"}
}
,
{
"node": "l",
"frag": "MU",
"id": "P334343.l045f0",
"ref": "P334343.24.2",
"inst": "šumu[name]N$šum",
"sig": "@saao/saa15%akk-x-neoass:MU=šumu[name//name]N'N$šum",
"f": {"lang": "akk-x-neoass",
"form": "MU",
"cf": "šumu",
"gw": "name",
"sense": "name",
"norm": "šum",
"pos": "N",
"epos": "N"}
}
,
{
"node": "l",
"frag": "DINGIR",
"id": "P334343.l045f1",
"ref": "P334343.24.3",
"inst": "ilu[god]N$ili",
"sig": "@saao/saa15%akk-x-neoass:DINGIR=ilu[god//god]N'N$ili",
"f": {"lang": "akk-x-neoass",
"form": "DINGIR",
"cf": "ilu",
"gw": "god",
"sense": "god",
"norm": "ili",
"pos": "N",
"epos": "N"}
}
,
{
"node": "l",
"frag": "še-la-an-na-šu₂",
"id": "P334343.l045f2",
"ref": "P334343.24.4",
"inst": "elû[go up//swear]V$šēlannāšu",
"sig": "@saao/saa15%akk-x-neoass:še-la-an-na-šu₂=elû[go up//swear]V'V$šēlannāšu",
"f": {"lang": "akk-x-neoass",
"form": "še-la-an-na-šu₂",
"cf": "elû",
"gw": "go up",
"sense": "swear",
"norm": "šēlannāšu",
"pos": "V",
"epos": "V"}
}
,
{
"node": "d",
"type": "line-start",
"ref": "P334343.25",
"n": "4",
"label": "r 4"}
,
{
"node": "l",
"frag": "[šum₂]-⸢ma⸣",
"id": "P334343.l045f3",
"ref": "P334343.25.1",
"inst": "šumma[if]MOD",
"sig": "@saao/saa15%akk-x-neoass:šum₂-ma=šumma[if//if]MOD'MOD$šumma",
"f": {"lang": "akk-x-neoass",
"form": "šum₂-ma",
"cf": "šumma",
"gw": "if",
"sense": "if",
"norm": "šumma",
"pos": "MOD",
"epos": "MOD"}
}
,
{
"node": "l",
"frag": "ta-dan-an-na-šu₂",
"id": "P334343.l045f4",
"ref": "P334343.25.2",
"inst": "tadānu[give]V$taddanannāšu",
"sig": "@saao/saa15%akk-x-neoass:ta-dan-an-na-šu₂=tadānu[give//give]V'V$taddanannāšu",
"f": {"lang": "akk-x-neoass",
"form": "ta-dan-an-na-šu₂",
"cf": "tadānu",
"gw": "give",
"sense": "give",
"norm": "taddanannāšu",
"pos": "V",
"epos": "V"}
}
,
{
"node": "d",
"type": "line-start",
"ref": "P334343.26",
"n": "5",
"label": "r 5"}
,
{
"node": "l",
"frag": "[ma-a]",
"id": "P334343.l045f5",
"ref": "P334343.26.1",
"inst": "mā[saying]PRP",
"sig": "@saao/saa15%akk-x-neoass:ma-a=mā[saying//saying]PRP'PRP$mā",
"f": {"lang": "akk-x-neoass",
"form": "ma-a",
"cf": "mā",
"gw": "saying",
"sense": "saying",
"norm": "mā",
"pos": "PRP",
"epos": "PRP"}
}
,
{
"node": "l",
"frag": "⸢ni⸣-il-lik",
"id": "P334343.l045f6",
"ref": "P334343.26.2",
"inst": "nillik[go]V",
"sig": "@saao/saa15%akk-x-neoass:ni-il-lik=alāku[go//go]V'V$nillik",
"f": {"lang": "akk-x-neoass",
"form": "ni-il-lik",
"cf": "alāku",
"gw": "go",
"sense": "go",
"norm": "nillik",
"pos": "V",
"epos": "V"}
}
,
{
"node": "l",
"frag": "ŠEŠ-MEŠ-ni",
"id": "P334343.l045f7",
"ref": "P334343.26.3",
"inst": "ahhēni[brother]N",
"sig": "@saao/saa15%akk-x-neoass:ŠEŠ-MEŠ-ni=ahu[brother//brother]N'N$ahhēni",
"f": {"lang": "akk-x-neoass",
"form": "ŠEŠ-MEŠ-ni",
"cf": "ahu",
"gw": "brother",
"sense": "brother",
"norm": "ahhēni",
"pos": "N",
"epos": "N"}
}
,
{
"node": "d",
"type": "line-start",
"ref": "P334343.27",
"n": "6",
"label": "r 6"}
,
{
"node": "l",
"frag": "[ni]-ik-me-si",
"id": "P334343.l045f8",
"ref": "P334343.27.1",
"inst": "kamāsu[gather in//gather]V$nikmēsi",
"sig": "@saao/saa15%akk-x-neoass:ni-ik-me-si=kamāsu[gather in//gather]V'V$nikmēsi",
"f": {"lang": "akk-x-neoass",
"form": "ni-ik-me-si",
"cf": "kamāsu",
"gw": "gather in",
"sense": "gather",
"norm": "nikmēsi",
"pos": "V",
"epos": "V"}
}
,
{
"node": "l",
"frag": "ni-il-lik",
"id": "P334343.l045f9",
"ref": "P334343.27.2",
"inst": "nillik[go]V",
"sig": "@saao/saa15%akk-x-neoass:ni-il-lik=alāku[go//go]V'V$nillik",
"f": {"lang": "akk-x-neoass",
"form": "ni-il-lik",
"cf": "alāku",
"gw": "go",
"sense": "go",
"norm": "nillik",
"pos": "V",
"epos": "V"}
}
,
{
"node": "d",
"type": "line-start",
"ref": "P334343.28",
"n": "7",
"label": "r 7"}
,
{
"node": "l",
"frag": "⸢šum₂⸣-ma",
"id": "P334343.l045fa",
"ref": "P334343.28.1",
"inst": "šumma[if]MOD",
"sig": "@saao/saa15%akk-x-neoass:šum₂-ma=šumma[if//if]MOD'MOD$šumma",
"f": {"lang": "akk-x-neoass",
"form": "šum₂-ma",
"cf": "šumma",
"gw": "if",
"sense": "if",
"norm": "šumma",
"pos": "MOD",
"epos": "MOD"}
}
,
{
"node": "l",
"frag": "LUGAL",
"id": "P334343.l045fb",
"ref": "P334343.28.2",
"inst": "šarru[king]N",
"sig": "@saao/saa15%akk-x-neoass:LUGAL=šarru[king//king]N'N$šarru",
"f": {"lang": "akk-x-neoass",
"form": "LUGAL",
"cf": "šarru",
"gw": "king",
"sense": "king",
"norm": "šarru",
"pos": "N",
"epos": "N"}
}
,
{
"node": "l",
"frag": "be-li₂",
"id": "P334343.l045fc",
"ref": "P334343.28.3",
"inst": "bēlī[lord]N",
"sig": "@saao/saa15%akk-x-neoass:be-li₂=bēlu[lord//lord]N'N$bēlī",
"f": {"lang": "akk-x-neoass",
"form": "be-li₂",
"cf": "bēlu",
"gw": "lord",
"sense": "lord",
"norm": "bēlī",
"pos": "N",
"epos": "N"}
}
,
{
"node": "l",
"frag": "i-qab-bi",
"id": "P334343.l045fd",
"ref": "P334343.28.4",
"inst": "iqabbi[say]V",
"sig": "@saao/saa15%akk-x-neoass:i-qab-bi=qabû[say//say]V'V$iqabbi",
"f": {"lang": "akk-x-neoass",
"form": "i-qab-bi",
"cf": "qabû",
"gw": "say",
"sense": "say",
"norm": "iqabbi",
"pos": "V",
"epos": "V"}
}
,
{
"node": "d",
"type": "line-start",
"ref": "P334343.29",
"n": "8",
"label": "r 8"}
,
{
"node": "l",
"frag": "MU",
"id": "P334343.l045fe",
"ref": "P334343.29.1",
"inst": "šumu[name]N$šum",
"sig": "@saao/saa15%akk-x-neoass:MU=šumu[name//name]N'N$šum",
"f": {"lang": "akk-x-neoass",
"form": "MU",
"cf": "šumu",
"gw": "name",
"sense": "name",
"norm": "šum",
"pos": "N",
"epos": "N"}
}
,
{
"node": "l",
"frag": "DINGIR",
"id": "P334343.l045ff",
"ref": "P334343.29.2",
"inst": "ilu[god]N$ili",
"sig": "@saao/saa15%akk-x-neoass:DINGIR=ilu[god//god]N'N$ili",
"f": {"lang": "akk-x-neoass",
"form": "DINGIR",
"cf": "ilu",
"gw": "god",
"sense": "god",
"norm": "ili",
"pos": "N",
"epos": "N"}
}
,
{
"node": "l",
"frag": "lu-še-la-aš₂-šu₂-nu",
"id": "P334343.l04600",
"ref": "P334343.29.3",
"inst": "elû[go up//swear]V$lušēlaššunu",
"sig": "@saao/saa15%akk-x-neoass:lu-še-la-aš₂-šu₂-nu=elû[go up//swear]V'V$lušēlaššunu",
"f": {"lang": "akk-x-neoass",
"form": "lu-še-la-aš₂-šu₂-nu",
"cf": "elû",
"gw": "go up",
"sense": "swear",
"norm": "lušēlaššunu",
"pos": "V",
"epos": "V"}
}
,
{
"node": "d",
"type": "line-start",
"ref": "P334343.30",
"n": "9",
"label": "r 9"}
,
{
"node": "l",
"frag": "ur-ki-ti\\t",
"id": "P334343.l04601",
"ref": "P334343.30.1",
"inst": "urkīti[afterwards]AV",
"sig": "@saao/saa15%akk-x-neoass:ur-ki-ti=arkītu[later//afterwards]AV'AV$urkīti",
"f": {"lang": "akk-x-neoass",
"form": "ur-ki-ti",
"cf": "arkītu",
"gw": "later",
"sense": "afterwards",
"norm": "urkīti",
"pos": "AV",
"epos": "AV"}
}
,
{
"node": "l",
"frag": "ki-i",
"id": "P334343.l04602",
"ref": "P334343.30.2",
"inst": "kî[in accordance with]PRP",
"sig": "@saao/saa15%akk-x-neoass:ki-i=kī[like//in accordance with]PRP'PRP$kî",
"f": {"lang": "akk-x-neoass",
"form": "ki-i",
"cf": "kī",
"gw": "like",
"sense": "in accordance with",
"norm": "kî",
"pos": "PRP",
"epos": "PRP"}
}
,
{
"node": "l",
"frag": "ša",
"id": "P334343.l04603",
"ref": "P334343.30.3",
"inst": "ša[what]REL",
"sig": "@saao/saa15%akk-x-neoass:ša=ša[that//what]REL'REL$ša",
"f": {"lang": "akk-x-neoass",
"form": "ša",
"cf": "ša",
"gw": "that",
"sense": "what",
"norm": "ša",
"pos": "REL",
"epos": "REL"}
}
,
{
"node": "l",
"frag": "LUGAL",
"id": "P334343.l04604",
"ref": "P334343.30.4",
"inst": "šarru[king]N",
"sig": "@saao/saa15%akk-x-neoass:LUGAL=šarru[king//king]N'N$šarru",
"f": {"lang": "akk-x-neoass",
"form": "LUGAL",
"cf": "šarru",
"gw": "king",
"sense": "king",
"norm": "šarru",
"pos": "N",
"epos": "N"}
}
,
{
"node": "d",
"type": "line-start",
"ref": "P334343.31",
"n": "10",
"label": "r 10"}
,
{
"node": "l",
"frag": "be-li₂",
"id": "P334343.l04605",
"ref": "P334343.31.1",
"inst": "bēlī[lord]N",
"sig": "@saao/saa15%akk-x-neoass:be-li₂=bēlu[lord//lord]N'N$bēlī",
"f": {"lang": "akk-x-neoass",
"form": "be-li₂",
"cf": "bēlu",
"gw": "lord",
"sense": "lord",
"norm": "bēlī",
"pos": "N",
"epos": "N"}
}
,
{
"node": "l",
"frag": "i-la-u-ni",
"id": "P334343.l04606",
"ref": "P334343.31.2",
"inst": "ilaʾʾûni[deem]V",
"sig": "@saao/saa15%akk-x-neoass:i-la-u-ni=leʾû[be able//deem]V'V$ilaʾʾûni",
"f": {"lang": "akk-x-neoass",
"form": "i-la-u-ni",
"cf": "leʾû",
"gw": "be able",
"sense": "deem",
"norm": "ilaʾʾûni",
"pos": "V",
"epos": "V"}
}
,
{
"node": "l",
"frag": "le-pu-šu₂",
"id": "P334343.l04607",
"ref": "P334343.31.3",
"inst": "lēpūšu[do]V",
"sig": "@saao/saa15%akk-x-neoass:le-pu-šu₂=epēšu[do//do]V'V$lēpūšu",
"f": {"lang": "akk-x-neoass",
"form": "le-pu-šu₂",
"cf": "epēšu",
"gw": "do",
"sense": "do",
"norm": "lēpūšu",
"pos": "V",
"epos": "V"}
}
,
{
"node": "d",
"type": "line-start",
"ref": "P334343.32",
"n": "11",
"label": "r 11"}
,
{
"node": "l",
"frag": "ṭe₃-e-mu",
"id": "P334343.l04608",
"ref": "P334343.32.1",
"inst": "ṭēmu[report]N",
"sig": "@saao/saa15%akk-x-neoass:ṭe₃-e-mu=ṭēmu[(fore)thought//report]N'N$ṭēmu",
"f": {"lang": "akk-x-neoass",
"form": "ṭe₃-e-mu",
"cf": "ṭēmu",
"gw": "(fore)thought",
"sense": "report",
"norm": "ṭēmu",
"pos": "N",
"epos": "N"}
}
,
{
"node": "l",
"frag": "ša",
"id": "P334343.l04609",
"ref": "P334343.32.2",
"inst": "ša[of]DET",
"sig": "@saao/saa15%akk-x-neoass:ša=ša[of//of]DET'DET$ša",
"f": {"lang": "akk-x-neoass",
"form": "ša",
"cf": "ša",
"gw": "of",
"sense": "of",
"norm": "ša",
"pos": "DET",
"epos": "DET"}
}
,
{
"node": "l",
"frag": "DUMU-{1}NUMUN\\d-i",
"id": "P334343.l0460a",
"ref": "P334343.32.3",
"inst": "Mar-Zeri[]PN$",
"sig": "@saao/saa15%akk-x-neoass:DUMU-{1}NUMUN-i=Mar-Zeri[1//1]PN'PN$Mar-Zeri",
"f": {"lang": "akk-x-neoass",
"form": "DUMU-{1}NUMUN-i",
"cf": "Mar-Zeri",
"gw": "1",
"sense": "1",
"norm": "Mar-Zeri",
"pos": "PN",
"epos": "PN"}
}
,
{
"node": "d",
"type": "line-start",
"ref": "P334343.33",
"n": "12",
"label": "r 12"}
,
{
"node": "l",
"frag": "{lu₂v}e-mu-qi-šu₂",
"id": "P334343.l0460b",
"ref": "P334343.33.1",
"inst": "emūqīšu[troops]N",
"sig": "@saao/saa15%akk-x-neoass:{LU₂}e-mu-qi-šu₂=emūqu[strength//troops]N'N$emūqīšu",
"f": {"lang": "akk-x-neoass",
"form": "{LU₂}e-mu-qi-šu₂",
"cf": "emūqu",
"gw": "strength",
"sense": "troops",
"norm": "emūqīšu",
"pos": "N",
"epos": "N"}
}
,
{
"node": "l",
"frag": "ina",
"id": "P334343.l0460c",
"ref": "P334343.33.2",
"inst": "ina[in]PRP",
"sig": "@saao/saa15%akk-x-neoass:ina=ina[in//in]PRP'PRP$ina",
"f": {"lang": "akk-x-neoass",
"form": "ina",
"cf": "ina",
"gw": "in",
"sense": "in",
"norm": "ina",
"pos": "PRP",
"epos": "PRP"}
}
,
{
"node": "l",
"frag": "{uru}kiš{ki}",
"id": "P334343.l0460d",
"ref": "P334343.33.3",
"inst": "Kiš[]GN$",
"sig": "@saao/saa15%akk-x-neoass:{URU}kiš{KI}=Kiš[1//1]GN'GN$Kiš",
"f": {"lang": "akk-x-neoass",
"form": "{URU}kiš{KI}",
"cf": "Kiš",
"gw": "1",
"sense": "1",
"norm": "Kiš",
"pos": "GN",
"epos": "GN"}
}
,
{
"node": "d",
"type": "line-start",
"ref": "P334343.34",
"n": "13",
"label": "r 13"}
,
{
"node": "l",
"frag": "šu₂-u₂\\m",
"id": "P334343.l0460e",
"ref": "P334343.34.1",
"inst": "šû[he]IP",
"sig": "@saao/saa15%akk-x-neoass:šu₂-u₂=šū[he//he]IP'IP$šû",
"f": {"lang": "akk-x-neoass",
"form": "šu₂-u₂",
"cf": "šū",
"gw": "he",
"sense": "he",
"norm": "šû",
"pos": "IP",
"epos": "IP"}
}
,
{
"node": "l",
"frag": "KA₂.DINGIR.RA{ki}",
"id": "P334343.l0460f",
"ref": "P334343.34.2",
"inst": "Babili[Babylon]GN",
"sig": "@saao/saa15%akk-x-neoass:KA₂.DINGIR.RA{KI}=Babili[Babylon//Babylon]GN'GN$Babili",
"f": {"lang": "akk-x-neoass",
"form": "KA₂.DINGIR.RA{KI}",
"cf": "Babili",
"gw": "Babylon",
"sense": "Babylon",
"norm": "Babili",
"pos": "GN",
"epos": "GN"}
}
,
{
"node": "d",
"type": "line-start",
"ref": "P334343.35",
"n": "14",
"label": "r 14"}
,
{
"node": "l",
"frag": "ka-mu-su\\t",
"id": "P334343.l04610",
"ref": "P334343.35.1",
"inst": "kamsu[squatting//staying]AJ$kammūsu",
"sig": "@saao/saa15%akk-x-neoass:ka-mu-su=kamsu[squatting//staying]AJ'AJ$kammūsu",
"f": {"lang": "akk-x-neoass",
"form": "ka-mu-su",
"cf": "kamsu",
"gw": "squatting",
"sense": "staying",
"norm": "kammūsu",
"pos": "AJ",
"epos": "AJ"}
}
]}
]}
]}
,
{
"linkbase": [{
"type": "linkset",
"xlink_title": "ištu libbi[from//from out of]PRP'PRP",
"id": "P334343.ls00000",
"xlink_type": "extended",
"xlink_role": "psu",
"sig": "{ištu[from]PRP libbu[interior]N += ištu libbi[from//from out of]PRP'PRP}::@saao%akk-x-neoass:TA@v=ištu[from//from]PRP'PRP$issu++@saao%akk-x-neoass:ŠA₃-bi-šu₂-nu=libbu[interior//interior]N'N$libbišunu",
"links": [
{
"type": "link",
"xlink_title": "issu",
"xlink_type": "locator",
"xlink_href": "#P334343.l045d6",
"xlink_role": "elt"}
,
{
"type": "link",
"xlink_title": "libbišunu",
"xlink_type": "locator",
"xlink_href": "#P334343.l045d7",
"xlink_role": "elt"}
]}
,
{
"type": "linkset",
"xlink_title": "ištu libbi[from//from out of]PRP'PRP",
"id": "P334343.ls00001",
"xlink_type": "extended",
"xlink_role": "psu",
"sig": "{ištu[from]PRP libbu[interior]N += ištu libbi[from//from out of]PRP'PRP}::@saao%akk-x-neoass:TA@v=ištu[from//from]PRP'PRP$issu++@saao%akk-x-neoass:ŠA₃-bi=libbu[interior//interior]N'N$libbi",
"links": [
{
"type": "link",
"xlink_title": "issu",
"xlink_type": "locator",
"xlink_href": "#P334343.l045d8",
"xlink_role": "elt"}
,
{
"type": "link",
"xlink_title": "libbi",
"xlink_type": "locator",
"xlink_href": "#P334343.l045d9",
"xlink_role": "elt"}
]}
,
{
"type": "linkset",
"xlink_title": "ina pān[in the presence of//at the disposal of]PRP'PRP",
"id": "P334343.ls00002",
"xlink_type": "extended",
"xlink_role": "psu",
"sig": "{ina[in]PRP pānu[front]N += ina pān[in the presence of//at the disposal of]PRP'PRP}::@saao%akk-x-neoass:ina=ina[in//into]PRP'PRP$ina++@saao%akk-x-neoass:pa-ni-ia=pānu[front//front]N'N$pānīya",
"links": [
{
"type": "link",
"xlink_title": "ina",
"xlink_type": "locator",
"xlink_href": "#P334343.l045db",
"xlink_role": "elt"}
,
{
"type": "link",
"xlink_title": "pānīya",
"xlink_type": "locator",
"xlink_href": "#P334343.l045dc",
"xlink_role": "elt"}
]}
,
{
"type": "linkset",
"xlink_title": "ištu libbi[from//from out of]PRP'PRP",
"id": "P334343.ls00003",
"xlink_type": "extended",
"xlink_role": "psu",
"sig": "{ištu[from]PRP libbu[interior]N += ištu libbi[from//from out of]PRP'PRP}::@saao%akk-x-neoass:TA@v=ištu[from//from]PRP'PRP$issu++@saao%akk-x-neoass:ŠA₃-bi-šu₂-nu=libbu[interior//interior]N'N$libbišunu",
"links": [
{
"type": "link",
"xlink_title": "issu",
"xlink_type": "locator",
"xlink_href": "#P334343.l045e8",
"xlink_role": "elt"}
,
{
"type": "link",
"xlink_title": "libbišunu",
"xlink_type": "locator",
"xlink_href": "#P334343.l045e9",
"xlink_role": "elt"}
]}
]}
]}
