{
"type": "cdl",
  "source": "http://oracc.org/saao/saa15",
  "license": "This data is released under the CC0 license",
  "license-url": "https://creativecommons.org/publicdomain/zero/1.0/",
  "more-info": "http://oracc.org/doc/opendata/",
  "UTC-timestamp": "2017-05-19T11:53:48",
"project": "saao/saa15",
"textid": "P334692",
"cdl": [
{
"node": "c",
"type": "text",
"id": "P334692.U0",
"cdl": [
{
"node": "d",
"type": "object",
"ref": ""}
,
{
"node": "d",
"subtype": "obverse",
"type": "surface",
"ref": "P334692.o.1",
"type": "obverse",
"label": "o"}
,
{
"node": "d",
"type": "nonx",
"ref": "P334692.2",
"strict": "0",
"extent": "beginning",
"state": "other"}
,
{
"node": "c",
"type": "discourse",
"subtype": "body",
"id": "P334692.U1",
"cdl": [
{
"node": "c",
"type": "sentence",
"id": "P334692.U2",
"label": "o 1' - r 12'",
"cdl": [
{
"node": "d",
"type": "line-start",
"ref": "P334692.3",
"n": "1'",
"label": "o 1'"}
,
{
"node": "l",
"frag": "[x",
"id": "P334692.l043e7",
"ref": "P334692.3.1",
"inst": "u",
"f": {"lang": "akk-x-neoass",
"form": "x",
"pos": "u"}
}
,
{
"node": "l",
"frag": "x",
"id": "P334692.l043e8",
"ref": "P334692.3.2",
"inst": "u",
"f": {"lang": "akk-x-neoass",
"form": "x",
"pos": "u"}
}
,
{
"node": "l",
"frag": "x",
"id": "P334692.l043e9",
"ref": "P334692.3.3",
"inst": "u",
"f": {"lang": "akk-x-neoass",
"form": "x",
"pos": "u"}
}
,
{
"node": "c",
"type": "phrase",
"tag": "phr",
"id": "P334692.U4",
"ref": "P334692.ls00000",
"cdl": [
{
"node": "l",
"frag": "ina]",
"id": "P334692.l043ea",
"ref": "P334692.3.4",
"inst": "ina[in+=to]PRP",
"sig": "@saao/saa15%akk-x-neoass:ina=ina[in//in]PRP'PRP$ina",
"f": {"lang": "akk-x-neoass",
"form": "ina",
"cf": "ina",
"gw": "in",
"sense": "in",
"norm": "ina",
"pos": "PRP",
"epos": "PRP"}
}
,
{
"node": "l",
"frag": "UGU-hi-⸢ia₂",
"id": "P334692.l043eb",
"ref": "P334692.3.5",
"inst": "muhhīya[skull]N",
"sig": "@saao/saa15%akk-x-neoass:UGU-hi-ia₂=muhhu[skull//skull]N'N$muhhīya",
"f": {"lang": "akk-x-neoass",
"form": "UGU-hi-ia₂",
"cf": "muhhu",
"gw": "skull",
"sense": "skull",
"norm": "muhhīya",
"pos": "N",
"epos": "N"}
}
]}
,
{
"node": "l",
"frag": "i⸣-[tal-ka]",
"id": "P334692.l043ec",
"ref": "P334692.3.6",
"inst": "ittalka[come]V",
"sig": "@saao/saa15%akk-x-neoass:i-tal-ka=alāku[go//come]V'V$ittalka",
"f": {"lang": "akk-x-neoass",
"form": "i-tal-ka",
"cf": "alāku",
"gw": "go",
"sense": "come",
"norm": "ittalka",
"pos": "V",
"epos": "V"}
}
,
{
"node": "d",
"type": "line-start",
"ref": "P334692.4",
"n": "2'",
"label": "o 2'"}
,
{
"node": "l",
"frag": "[ma-a",
"id": "P334692.l043ed",
"ref": "P334692.4.1",
"inst": "mā[saying]PRP",
"sig": "@saao/saa15%akk-x-neoass:ma-a=mā[saying//saying]PRP'PRP$mā",
"f": {"lang": "akk-x-neoass",
"form": "ma-a",
"cf": "mā",
"gw": "saying",
"sense": "saying",
"norm": "mā",
"pos": "PRP",
"epos": "PRP"}
}
,
{
"node": "l",
"frag": "x",
"id": "P334692.l043ee",
"ref": "P334692.4.2",
"inst": "u",
"f": {"lang": "akk-x-neoass",
"form": "x",
"pos": "u"}
}
,
{
"node": "l",
"frag": "x]",
"id": "P334692.l043ef",
"ref": "P334692.4.3",
"inst": "u",
"f": {"lang": "akk-x-neoass",
"form": "x",
"pos": "u"}
}
,
{
"node": "l",
"frag": "ša\\dm",
"id": "P334692.l043f0",
"ref": "P334692.4.4",
"inst": "ša[of]DET",
"sig": "@saao/saa15%akk-x-neoass:ša=ša[of//of]DET'DET$ša",
"f": {"lang": "akk-x-neoass",
"form": "ša",
"cf": "ša",
"gw": "of",
"sense": "of",
"norm": "ša",
"pos": "DET",
"epos": "DET"}
}
,
{
"node": "l",
"frag": "LUGAL\\t",
"id": "P334692.l043f1",
"ref": "P334692.4.5",
"inst": "šarri[king]N",
"sig": "@saao/saa15%akk-x-neoass:LUGAL=šarru[king//king]N'N$šarri",
"f": {"lang": "akk-x-neoass",
"form": "LUGAL",
"cf": "šarru",
"gw": "king",
"sense": "king",
"norm": "šarri",
"pos": "N",
"epos": "N"}
}
,
{
"node": "l",
"frag": "be-li₂-ni",
"id": "P334692.l043f2",
"ref": "P334692.4.6",
"inst": "bēlīni[lord]N",
"sig": "@saao/saa15%akk-x-neoass:be-li₂-ni=bēlu[lord//lord]N'N$bēlīni",
"f": {"lang": "akk-x-neoass",
"form": "be-li₂-ni",
"cf": "bēlu",
"gw": "lord",
"sense": "lord",
"norm": "bēlīni",
"pos": "N",
"epos": "N"}
}
,
{
"node": "l",
"frag": "[x",
"id": "P334692.l043f3",
"ref": "P334692.4.7",
"inst": "u",
"f": {"lang": "akk-x-neoass",
"form": "x",
"pos": "u"}
}
,
{
"node": "l",
"frag": "x",
"id": "P334692.l043f4",
"ref": "P334692.4.8",
"inst": "u",
"f": {"lang": "akk-x-neoass",
"form": "x",
"pos": "u"}
}
,
{
"node": "l",
"frag": "x]",
"id": "P334692.l043f5",
"ref": "P334692.4.9",
"inst": "u",
"f": {"lang": "akk-x-neoass",
"form": "x",
"pos": "u"}
}
,
{
"node": "d",
"type": "line-start",
"ref": "P334692.5",
"n": "3'",
"label": "o 3'"}
,
{
"node": "l",
"frag": "[x",
"id": "P334692.l043f6",
"ref": "P334692.5.1",
"inst": "u",
"f": {"lang": "akk-x-neoass",
"form": "x",
"pos": "u"}
}
,
{
"node": "l",
"frag": "x",
"id": "P334692.l043f7",
"ref": "P334692.5.2",
"inst": "u",
"f": {"lang": "akk-x-neoass",
"form": "x",
"pos": "u"}
}
,
{
"node": "l",
"frag": "x]",
"id": "P334692.l043f8",
"ref": "P334692.5.3",
"inst": "u",
"f": {"lang": "akk-x-neoass",
"form": "x",
"pos": "u"}
}
,
{
"node": "l",
"frag": "BURU₁₄-MEŠ-ni-ni",
"id": "P334692.l043f9",
"ref": "P334692.5.4",
"inst": "ebūru[harvest]N$ebūrānīni",
"sig": "@saao/saa15%akk-x-neoass:BURU₁₄-MEŠ-ni-ni=ebūru[harvest//harvest]N'N$ebūrānīni",
"f": {"lang": "akk-x-neoass",
"form": "BURU₁₄-MEŠ-ni-ni",
"cf": "ebūru",
"gw": "harvest",
"sense": "harvest",
"norm": "ebūrānīni",
"pos": "N",
"epos": "N"}
}
,
{
"node": "l",
"frag": "⸢nu⸣-[x",
"id": "P334692.l043fa",
"ref": "P334692.5.5",
"inst": "u",
"f": {"lang": "akk-x-neoass",
"form": "nu-x",
"pos": "u"}
}
,
{
"node": "l",
"frag": "x",
"id": "P334692.l043fb",
"ref": "P334692.5.6",
"inst": "u",
"f": {"lang": "akk-x-neoass",
"form": "x",
"pos": "u"}
}
,
{
"node": "l",
"frag": "x]",
"id": "P334692.l043fc",
"ref": "P334692.5.7",
"inst": "u",
"f": {"lang": "akk-x-neoass",
"form": "x",
"pos": "u"}
}
,
{
"node": "d",
"type": "line-start",
"ref": "P334692.6",
"n": "4'",
"label": "o 4'"}
,
{
"node": "l",
"frag": "[x",
"id": "P334692.l043fd",
"ref": "P334692.6.1",
"inst": "u",
"f": {"lang": "akk-x-neoass",
"form": "x",
"pos": "u"}
}
,
{
"node": "l",
"frag": "x]-⸢bu⸣-li\\d-ia",
"id": "P334692.l043fe",
"ref": "P334692.6.2",
"inst": "u",
"f": {"lang": "akk-x-neoass",
"form": "x-bu-li-ia",
"pos": "u"}
}
,
{
"node": "c",
"type": "phrase",
"tag": "phr",
"id": "P334692.U5",
"ref": "P334692.ls00001",
"cdl": [
{
"node": "l",
"frag": "ina",
"id": "P334692.l043ff",
"ref": "P334692.6.3",
"inst": "ina[in+=to]PRP",
"sig": "@saao/saa15%akk-x-neoass:ina=ina[in//in]PRP'PRP$ina",
"f": {"lang": "akk-x-neoass",
"form": "ina",
"cf": "ina",
"gw": "in",
"sense": "in",
"norm": "ina",
"pos": "PRP",
"epos": "PRP"}
}
,
{
"node": "l",
"frag": "pa-ni-⸢šu⸣",
"id": "P334692.l04400",
"ref": "P334692.6.4",
"inst": "pānīšu[front]N",
"sig": "@saao/saa15%akk-x-neoass:pa-ni-šu=pānu[front//front]N'N$pānīšu",
"f": {"lang": "akk-x-neoass",
"form": "pa-ni-šu",
"cf": "pānu",
"gw": "front",
"sense": "front",
"norm": "pānīšu",
"pos": "N",
"epos": "N"}
}
]}
,
{
"node": "d",
"type": "line-start",
"ref": "P334692.7",
"n": "5'",
"label": "o 5'"}
,
{
"node": "l",
"frag": "[it-ta]-lak",
"id": "P334692.l04401",
"ref": "P334692.7.1",
"inst": "ittalak[go]V",
"sig": "@saao/saa15%akk-x-neoass:it-ta-lak=alāku[go//go]V'V$ittalak",
"f": {"lang": "akk-x-neoass",
"form": "it-ta-lak",
"cf": "alāku",
"gw": "go",
"sense": "go",
"norm": "ittalak",
"pos": "V",
"epos": "V"}
}
,
{
"node": "l",
"frag": "{1}ṣa-la-a-DINGIR",
"id": "P334692.l04402",
"ref": "P334692.7.2",
"inst": "Ṣala-il[]PN$",
"sig": "@saao/saa15%akk-x-neoass:{1}ṣa-la-a-DINGIR=Ṣala-il[1//1]PN'PN$Ṣala-il",
"f": {"lang": "akk-x-neoass",
"form": "{1}ṣa-la-a-DINGIR",
"cf": "Ṣala-il",
"gw": "1",
"sense": "1",
"norm": "Ṣala-il",
"pos": "PN",
"epos": "PN"}
}
,
{
"node": "l",
"frag": "i-qab-⸢bu⸣-[niš-šu₂]",
"id": "P334692.l04403",
"ref": "P334692.7.3",
"inst": "qabû[say]V$iqabbûniššu",
"sig": "@saao/saa15%akk-x-neoass:i-qab-bu-niš-šu₂=qabû[say//say]V'V$iqabbûniššu",
"f": {"lang": "akk-x-neoass",
"form": "i-qab-bu-niš-šu₂",
"cf": "qabû",
"gw": "say",
"sense": "say",
"norm": "iqabbûniššu",
"pos": "V",
"epos": "V"}
}
,
{
"node": "d",
"type": "line-start",
"ref": "P334692.8",
"n": "6'",
"label": "o 6'"}
,
{
"node": "c",
"type": "phrase",
"tag": "phr",
"id": "P334692.U6",
"ref": "P334692.ls00002",
"cdl": [
{
"node": "l",
"frag": "TA@v\\m",
"id": "P334692.l04404",
"ref": "P334692.8.1",
"inst": "issu[from+=from out of]PRP",
"sig": "@saao/saa15%akk-x-neoass:TA@v=ištu[from//from]PRP'PRP$issu",
"f": {"lang": "akk-x-neoass",
"form": "TA@v",
"cf": "ištu",
"gw": "from",
"sense": "from",
"norm": "issu",
"pos": "PRP",
"epos": "PRP"}
}
,
{
"node": "l",
"frag": "ŠA₃-bi-šu₂-nu",
"id": "P334692.l04405",
"ref": "P334692.8.2",
"inst": "libbišunu[interior]N",
"sig": "@saao/saa15%akk-x-neoass:ŠA₃-bi-šu₂-nu=libbu[interior//interior]N'N$libbišunu",
"f": {"lang": "akk-x-neoass",
"form": "ŠA₃-bi-šu₂-nu",
"cf": "libbu",
"gw": "interior",
"sense": "interior",
"norm": "libbišunu",
"pos": "N",
"epos": "N"}
}
]}
,
{
"node": "l",
"frag": "šu-u₂\\p",
"id": "P334692.l04406",
"ref": "P334692.8.3",
"inst": "šû[he]IP",
"sig": "@saao/saa15%akk-x-neoass:šu-u₂=šū[he//he]IP'IP$šû",
"f": {"lang": "akk-x-neoass",
"form": "šu-u₂",
"cf": "šū",
"gw": "he",
"sense": "he",
"norm": "šû",
"pos": "IP",
"epos": "IP"}
}
,
{
"node": "d",
"frag": ":",
"type": "nonw",
"ref": "P334692.8.4",
"lang": "akk-x-neoass",
"type": "punct",
"gdl_delim": " "}
,
{
"node": "l",
"frag": "šu-u₂\\p",
"id": "P334692.l04407",
"ref": "P334692.8.5",
"inst": "šû[he]IP",
"sig": "@saao/saa15%akk-x-neoass:šu-u₂=šū[he//he]IP'IP$šû",
"f": {"lang": "akk-x-neoass",
"form": "šu-u₂",
"cf": "šū",
"gw": "he",
"sense": "he",
"norm": "šû",
"pos": "IP",
"epos": "IP"}
}
,
{
"node": "l",
"frag": "[x",
"id": "P334692.l04408",
"ref": "P334692.8.6",
"inst": "u",
"f": {"lang": "akk-x-neoass",
"form": "x",
"pos": "u"}
}
,
{
"node": "l",
"frag": "x]",
"id": "P334692.l04409",
"ref": "P334692.8.7",
"inst": "u",
"f": {"lang": "akk-x-neoass",
"form": "x",
"pos": "u"}
}
,
{
"node": "d",
"type": "line-start",
"ref": "P334692.9",
"n": "7'",
"label": "o 7'"}
,
{
"node": "l",
"frag": "EN",
"id": "P334692.l0440a",
"ref": "P334692.9.1",
"inst": "bēlu[lord]N$bēl",
"sig": "@saao/saa15%akk-x-neoass:EN=bēlu[lord//lord]N'N$bēl",
"f": {"lang": "akk-x-neoass",
"form": "EN",
"cf": "bēlu",
"gw": "lord",
"sense": "lord",
"norm": "bēl",
"pos": "N",
"epos": "N"}
}
,
{
"node": "l",
"frag": "ša\\dm",
"id": "P334692.l0440b",
"ref": "P334692.9.2",
"inst": "ša[of]DET",
"sig": "@saao/saa15%akk-x-neoass:ša=ša[of//of]DET'DET$ša",
"f": {"lang": "akk-x-neoass",
"form": "ša",
"cf": "ša",
"gw": "of",
"sense": "of",
"norm": "ša",
"pos": "DET",
"epos": "DET"}
}
,
{
"node": "l",
"frag": "da\\d-bu-bi-šu-nu",
"id": "P334692.l0440c",
"ref": "P334692.9.3",
"inst": "dabābu[speak]V$dabubišunu",
"sig": "@saao/saa15%akk-x-neoass:da-bu-bi-šu-nu=dabābu[speak//speak]V'V$dabubišunu",
"f": {"lang": "akk-x-neoass",
"form": "da-bu-bi-šu-nu",
"cf": "dabābu",
"gw": "speak",
"sense": "speak",
"norm": "dabubišunu",
"pos": "V",
"epos": "V"}
}
,
{
"node": "l",
"frag": "ma-a",
"id": "P334692.l0440d",
"ref": "P334692.9.4",
"inst": "mā[saying]PRP",
"sig": "@saao/saa15%akk-x-neoass:ma-a=mā[saying//saying]PRP'PRP$mā",
"f": {"lang": "akk-x-neoass",
"form": "ma-a",
"cf": "mā",
"gw": "saying",
"sense": "saying",
"norm": "mā",
"pos": "PRP",
"epos": "PRP"}
}
,
{
"node": "l",
"frag": "⸢x⸣+[x",
"id": "P334692.l0440e",
"ref": "P334692.9.5",
"inst": "u",
"f": {"lang": "akk-x-neoass",
"form": "x+x",
"pos": "u"}
}
,
{
"node": "l",
"frag": "x]",
"id": "P334692.l0440f",
"ref": "P334692.9.6",
"inst": "u",
"f": {"lang": "akk-x-neoass",
"form": "x",
"pos": "u"}
}
,
{
"node": "d",
"type": "line-start",
"ref": "P334692.10",
"n": "8'",
"label": "o 8'"}
,
{
"node": "c",
"type": "phrase",
"tag": "phr",
"id": "P334692.U7",
"ref": "P334692.ls00003",
"cdl": [
{
"node": "l",
"frag": "ina",
"id": "P334692.l04410",
"ref": "P334692.10.1",
"inst": "ina[in+=to]PRP",
"sig": "@saao/saa15%akk-x-neoass:ina=ina[in//in]PRP'PRP$ina",
"f": {"lang": "akk-x-neoass",
"form": "ina",
"cf": "ina",
"gw": "in",
"sense": "in",
"norm": "ina",
"pos": "PRP",
"epos": "PRP"}
}
,
{
"node": "l",
"frag": "UGU",
"id": "P334692.l04411",
"ref": "P334692.10.2",
"inst": "muhhi[skull]N",
"sig": "@saao/saa15%akk-x-neoass:UGU=muhhu[skull//skull]N'N$muhhi",
"f": {"lang": "akk-x-neoass",
"form": "UGU",
"cf": "muhhu",
"gw": "skull",
"sense": "skull",
"norm": "muhhi",
"pos": "N",
"epos": "N"}
}
]}
,
{
"node": "l",
"frag": "{1}DINGIR-ia\\d-da-aʾ",
"id": "P334692.l04412",
"ref": "P334692.10.3",
"inst": "Il-yadaʾ[1]PN",
"sig": "@saao/saa15%akk-x-neoass:{1}DINGIR-ia-da-aʾ=Il-yadaʾ[1//1]PN'PN$Il-yadaʾ",
"f": {"lang": "akk-x-neoass",
"form": "{1}DINGIR-ia-da-aʾ",
"cf": "Il-yadaʾ",
"gw": "1",
"sense": "1",
"norm": "Il-yadaʾ",
"pos": "PN",
"epos": "PN"}
}
,
{
"node": "l",
"frag": "ni-⸢ik⸣-[mi-si]",
"id": "P334692.l04413",
"ref": "P334692.10.4",
"inst": "kamāsu[gather in//gather]V$nikmīsi",
"sig": "@saao/saa15%akk-x-neoass:ni-ik-mi-si=kamāsu[gather in//gather]V'V$nikmīsi",
"f": {"lang": "akk-x-neoass",
"form": "ni-ik-mi-si",
"cf": "kamāsu",
"gw": "gather in",
"sense": "gather",
"norm": "nikmīsi",
"pos": "V",
"epos": "V"}
}
,
{
"node": "d",
"type": "line-start",
"ref": "P334692.11",
"n": "9'",
"label": "o 9'"}
,
{
"node": "l",
"frag": "ni-il-lik",
"id": "P334692.l04414",
"ref": "P334692.11.1",
"inst": "nillik[go]V",
"sig": "@saao/saa15%akk-x-neoass:ni-il-lik=alāku[go//go]V'V$nillik",
"f": {"lang": "akk-x-neoass",
"form": "ni-il-lik",
"cf": "alāku",
"gw": "go",
"sense": "go",
"norm": "nillik",
"pos": "V",
"epos": "V"}
}
,
{
"node": "l",
"frag": "01.en",
"id": "P334692.l04415",
"ref": "P334692.11.2",
"inst": "issēn[one]NU",
"sig": "@saao/saa15%akk-x-neoass:01.en=ištēn[one//one]NU'NU$issēn",
"f": {"lang": "akk-x-neoass",
"form": "01.en",
"cf": "ištēn",
"gw": "one",
"sense": "one",
"norm": "issēn",
"pos": "NU",
"epos": "NU"}
}
,
{
"node": "c",
"type": "phrase",
"tag": "phr",
"id": "P334692.U8",
"ref": "P334692.ls00004",
"cdl": [
{
"node": "l",
"frag": "TA\\m",
"id": "P334692.l04416",
"ref": "P334692.11.3",
"inst": "issu[from+=from]PRP",
"sig": "@saao/saa15%akk-x-neoass:TA=ištu[from//from]PRP'PRP$issu",
"f": {"lang": "akk-x-neoass",
"form": "TA",
"cf": "ištu",
"gw": "from",
"sense": "from",
"norm": "issu",
"pos": "PRP",
"epos": "PRP"}
}
,
{
"node": "l",
"frag": "ŠA₃-bi",
"id": "P334692.l04417",
"ref": "P334692.11.4",
"inst": "libbi[interior]N",
"sig": "@saao/saa15%akk-x-neoass:ŠA₃-bi=libbu[interior//interior]N'N$libbi",
"f": {"lang": "akk-x-neoass",
"form": "ŠA₃-bi",
"cf": "libbu",
"gw": "interior",
"sense": "interior",
"norm": "libbi",
"pos": "N",
"epos": "N"}
}
]}
,
{
"node": "l",
"frag": "ŠEŠ-[MEŠ-šu₂]",
"id": "P334692.l04418",
"ref": "P334692.11.5",
"inst": "ahhēšu[brother]N",
"sig": "@saao/saa15%akk-x-neoass:ŠEŠ-MEŠ-šu₂=ahu[brother//brother]N'N$ahhēšu",
"f": {"lang": "akk-x-neoass",
"form": "ŠEŠ-MEŠ-šu₂",
"cf": "ahu",
"gw": "brother",
"sense": "brother",
"norm": "ahhēšu",
"pos": "N",
"epos": "N"}
}
,
{
"node": "d",
"type": "line-start",
"ref": "P334692.12",
"n": "10'",
"label": "o 10'"}
,
{
"node": "l",
"frag": "a-na",
"id": "P334692.l04419",
"ref": "P334692.12.1",
"inst": "ana[to]PRP",
"sig": "@saao/saa15%akk-x-neoass:a-na=ana[to//to]PRP'PRP$ana",
"f": {"lang": "akk-x-neoass",
"form": "a-na",
"cf": "ana",
"gw": "to",
"sense": "to",
"norm": "ana",
"pos": "PRP",
"epos": "PRP"}
}
,
{
"node": "l",
"frag": "KA₂.DINGIR{ki}",
"id": "P334692.l0441a",
"ref": "P334692.12.2",
"inst": "Babili[Babylon]GN$",
"sig": "@saao/saa15%akk-x-neoass:KA₂.DINGIR{KI}=Babili[Babylon//Babylon]GN'GN$Babili",
"f": {"lang": "akk-x-neoass",
"form": "KA₂.DINGIR{KI}",
"cf": "Babili",
"gw": "Babylon",
"sense": "Babylon",
"norm": "Babili",
"pos": "GN",
"epos": "GN"}
}
,
{
"node": "c",
"type": "phrase",
"tag": "phr",
"id": "P334692.U9",
"ref": "P334692.ls00005",
"cdl": [
{
"node": "l",
"frag": "a-na",
"id": "P334692.l0441b",
"ref": "P334692.12.3",
"inst": "ana[to+=to]PRP",
"sig": "@saao/saa15%akk-x-neoass:a-na=ana[to//to]PRP'PRP$ana",
"f": {"lang": "akk-x-neoass",
"form": "a-na",
"cf": "ana",
"gw": "to",
"sense": "to",
"norm": "ana",
"pos": "PRP",
"epos": "PRP"}
}
,
{
"node": "l",
"frag": "pa-an",
"id": "P334692.l0441c",
"ref": "P334692.12.4",
"inst": "pān[front]N",
"sig": "@saao/saa15%akk-x-neoass:pa-an=pānu[front//front]N'N$pān",
"f": {"lang": "akk-x-neoass",
"form": "pa-an",
"cf": "pānu",
"gw": "front",
"sense": "front",
"norm": "pān",
"pos": "N",
"epos": "N"}
}
]}
,
{
"node": "l",
"frag": "DUMU-{1}⸢ia⸣-[GIN]",
"id": "P334692.l0441d",
"ref": "P334692.12.5",
"inst": "Mar-Yakin[1]PN",
"sig": "@saao/saa15%akk-x-neoass:DUMU-{1}ia-GIN=Mar-Yakin[1//1]PN'PN$Mar-Yakin",
"f": {"lang": "akk-x-neoass",
"form": "DUMU-{1}ia-GIN",
"cf": "Mar-Yakin",
"gw": "1",
"sense": "1",
"norm": "Mar-Yakin",
"pos": "PN",
"epos": "PN"}
}
,
{
"node": "d",
"type": "line-start",
"ref": "P334692.13",
"n": "11'",
"label": "o 11'"}
,
{
"node": "l",
"frag": "it-ta-lak",
"id": "P334692.l0441e",
"ref": "P334692.13.1",
"inst": "ittalak[go]V",
"sig": "@saao/saa15%akk-x-neoass:it-ta-lak=alāku[go//go]V'V$ittalak",
"f": {"lang": "akk-x-neoass",
"form": "it-ta-lak",
"cf": "alāku",
"gw": "go",
"sense": "go",
"norm": "ittalak",
"pos": "V",
"epos": "V"}
}
,
{
"node": "l",
"frag": "ma-a",
"id": "P334692.l0441f",
"ref": "P334692.13.2",
"inst": "mā[saying]PRP",
"sig": "@saao/saa15%akk-x-neoass:ma-a=mā[saying//saying]PRP'PRP$mā",
"f": {"lang": "akk-x-neoass",
"form": "ma-a",
"cf": "mā",
"gw": "saying",
"sense": "saying",
"norm": "mā",
"pos": "PRP",
"epos": "PRP"}
}
,
{
"node": "l",
"frag": "ERIM-MEŠ",
"id": "P334692.l04420",
"ref": "P334692.13.3",
"inst": "ṣābāni[troops]N",
"sig": "@saao/saa15%akk-x-neoass:ERIM-MEŠ=ṣābu[people//troops]N'N$ṣābāni",
"f": {"lang": "akk-x-neoass",
"form": "ERIM-MEŠ",
"cf": "ṣābu",
"gw": "people",
"sense": "troops",
"norm": "ṣābāni",
"pos": "N",
"epos": "N"}
}
,
{
"node": "c",
"type": "phrase",
"tag": "phr",
"id": "P334692.U10",
"ref": "P334692.ls00006",
"cdl": [
{
"node": "l",
"frag": "ina",
"id": "P334692.l04421",
"ref": "P334692.13.4",
"inst": "ina[in+=to]PRP",
"sig": "@saao/saa15%akk-x-neoass:ina=ina[in//in]PRP'PRP$ina",
"f": {"lang": "akk-x-neoass",
"form": "ina",
"cf": "ina",
"gw": "in",
"sense": "in",
"norm": "ina",
"pos": "PRP",
"epos": "PRP"}
}
,
{
"node": "l",
"frag": "⸢UGU⸣",
"id": "P334692.l04422",
"ref": "P334692.13.5",
"inst": "muhhi[skull]N",
"sig": "@saao/saa15%akk-x-neoass:UGU=muhhu[skull//skull]N'N$muhhi",
"f": {"lang": "akk-x-neoass",
"form": "UGU",
"cf": "muhhu",
"gw": "skull",
"sense": "skull",
"norm": "muhhi",
"pos": "N",
"epos": "N"}
}
]}
,
{
"node": "l",
"frag": "[KUR-aš-šur]",
"id": "P334692.l04423",
"ref": "P334692.13.6",
"cof-tails": "P334692.l04424",
"inst": "+mātu[land]N$māt&+Aššur[1]DN$",
"sig": "@saao/saa15%akk-x-neoass:KUR-aš-šur=mātu[land//land]N'N$māt&&@saao/saa15%akk-x-neoass:KUR-aš-šur=Aššur[1//1]DN'DN$Aššur",
"f": {"lang": "akk-x-neoass",
"form": "KUR-aš-šur",
"cf": "mātu",
"gw": "land",
"sense": "land",
"norm": "māt",
"pos": "N",
"epos": "N"}
}
,
{
"node": "l",
"frag": "[KUR-aš-šur]",
"id": "P334692.l04424",
"ref": "P334692.13.6",
"cof-head": "P334692.l04423",
"inst": "+mātu[land]N$māt&+Aššur[1]DN$",
"f": {"lang": "akk-x-neoass",
"form": "KUR-aš-šur",
"cf": "Aššur",
"gw": "1",
"sense": "1",
"norm": "Aššur",
"pos": "DN",
"epos": "DN"}
}
,
{
"node": "d",
"type": "line-start",
"ref": "P334692.14",
"n": "12'",
"label": "o 12'"}
,
{
"node": "l",
"frag": "pa-ni-šu-nu",
"id": "P334692.l04425",
"ref": "P334692.14.1",
"inst": "+pānu[front//face]N'N$pānīšunu",
"newsig": "@saao/saa15%akk-x-neoass:pa-ni-šu-nu=pānu[front//face]N'N$pānīšunu",
"f": {"lang": "akk-x-neoass",
"form": "pa-ni-šu-nu",
"cf": "pānu",
"gw": "front",
"sense": "face",
"norm": "pānīšunu",
"pos": "N",
"epos": "N"}
}
,
{
"node": "l",
"frag": "i-⸢sak⸣-nu",
"id": "P334692.l04426",
"ref": "P334692.14.2",
"inst": "šakānu[put//place]V$issaknu",
"sig": "@saao/saa15%akk-x-neoass:i-sak-nu=šakānu[put//place]V'V$issaknu",
"f": {"lang": "akk-x-neoass",
"form": "i-sak-nu",
"cf": "šakānu",
"gw": "put",
"sense": "place",
"norm": "issaknu",
"pos": "V",
"epos": "V"}
}
,
{
"node": "l",
"frag": "⸢ma⸣-[a",
"id": "P334692.l04427",
"ref": "P334692.14.3",
"inst": "mā[saying]PRP",
"sig": "@saao/saa15%akk-x-neoass:ma-a=mā[saying//saying]PRP'PRP$mā",
"f": {"lang": "akk-x-neoass",
"form": "ma-a",
"cf": "mā",
"gw": "saying",
"sense": "saying",
"norm": "mā",
"pos": "PRP",
"epos": "PRP"}
}
,
{
"node": "l",
"frag": "x",
"id": "P334692.l04428",
"ref": "P334692.14.4",
"inst": "u",
"f": {"lang": "akk-x-neoass",
"form": "x",
"pos": "u"}
}
,
{
"node": "l",
"frag": "x",
"id": "P334692.l04429",
"ref": "P334692.14.5",
"inst": "u",
"f": {"lang": "akk-x-neoass",
"form": "x",
"pos": "u"}
}
,
{
"node": "l",
"frag": "x]",
"id": "P334692.l0442a",
"ref": "P334692.14.6",
"inst": "u",
"f": {"lang": "akk-x-neoass",
"form": "x",
"pos": "u"}
}
,
{
"node": "d",
"type": "nonx",
"ref": "P334692.15",
"strict": "0",
"extent": "rest",
"state": "missing"}
,
{
"node": "d",
"subtype": "reverse",
"type": "surface",
"ref": "P334692.r.16",
"type": "reverse",
"label": "r"}
,
{
"node": "d",
"type": "nonx",
"ref": "P334692.17",
"strict": "0",
"extent": "beginning",
"state": "missing"}
,
{
"node": "d",
"type": "line-start",
"ref": "P334692.18",
"n": "1'",
"label": "r 1'"}
,
{
"node": "l",
"frag": "ša\\dm",
"id": "P334692.l0442b",
"ref": "P334692.18.1",
"inst": "ša[what]REL",
"sig": "@saao/saa15%akk-x-neoass:ša=ša[that//what]REL'REL$ša",
"f": {"lang": "akk-x-neoass",
"form": "ša",
"cf": "ša",
"gw": "that",
"sense": "what",
"norm": "ša",
"pos": "REL",
"epos": "REL"}
}
,
{
"node": "l",
"frag": "LUGAL",
"id": "P334692.l0442c",
"ref": "P334692.18.2",
"inst": "šarru[king]N",
"sig": "@saao/saa15%akk-x-neoass:LUGAL=šarru[king//king]N'N$šarru",
"f": {"lang": "akk-x-neoass",
"form": "LUGAL",
"cf": "šarru",
"gw": "king",
"sense": "king",
"norm": "šarru",
"pos": "N",
"epos": "N"}
}
,
{
"node": "l",
"frag": "be-⸢li₂⸣",
"id": "P334692.l0442d",
"ref": "P334692.18.3",
"inst": "bēlī[lord]N",
"sig": "@saao/saa15%akk-x-neoass:be-li₂=bēlu[lord//lord]N'N$bēlī",
"f": {"lang": "akk-x-neoass",
"form": "be-li₂",
"cf": "bēlu",
"gw": "lord",
"sense": "lord",
"norm": "bēlī",
"pos": "N",
"epos": "N"}
}
,
{
"node": "l",
"frag": "[x",
"id": "P334692.l0442e",
"ref": "P334692.18.4",
"inst": "u",
"f": {"lang": "akk-x-neoass",
"form": "x",
"pos": "u"}
}
,
{
"node": "l",
"frag": "x",
"id": "P334692.l0442f",
"ref": "P334692.18.5",
"inst": "u",
"f": {"lang": "akk-x-neoass",
"form": "x",
"pos": "u"}
}
,
{
"node": "l",
"frag": "x",
"id": "P334692.l04430",
"ref": "P334692.18.6",
"inst": "u",
"f": {"lang": "akk-x-neoass",
"form": "x",
"pos": "u"}
}
,
{
"node": "l",
"frag": "x",
"id": "P334692.l04431",
"ref": "P334692.18.7",
"inst": "u",
"f": {"lang": "akk-x-neoass",
"form": "x",
"pos": "u"}
}
,
{
"node": "l",
"frag": "x",
"id": "P334692.l04432",
"ref": "P334692.18.8",
"inst": "u",
"f": {"lang": "akk-x-neoass",
"form": "x",
"pos": "u"}
}
,
{
"node": "l",
"frag": "x]",
"id": "P334692.l04433",
"ref": "P334692.18.9",
"inst": "u",
"f": {"lang": "akk-x-neoass",
"form": "x",
"pos": "u"}
}
,
{
"node": "d",
"type": "line-start",
"ref": "P334692.19",
"n": "2'",
"label": "r 2'"}
,
{
"node": "l",
"frag": "mu-⸢uk\\d⸣",
"id": "P334692.l04434",
"ref": "P334692.19.1",
"inst": "muk[saying]PRP",
"sig": "@saao/saa15%akk-x-neoass:mu-uk=muk[saying//saying]PRP'PRP$muk",
"f": {"lang": "akk-x-neoass",
"form": "mu-uk",
"cf": "muk",
"gw": "saying",
"sense": "saying",
"norm": "muk",
"pos": "PRP",
"epos": "PRP"}
}
,
{
"node": "c",
"type": "phrase",
"tag": "phr",
"id": "P334692.U11",
"ref": "P334692.ls00007",
"cdl": [
{
"node": "l",
"frag": "ina",
"id": "P334692.l04435",
"ref": "P334692.19.2",
"inst": "ina[in+=in]PRP",
"sig": "@saao/saa15%akk-x-neoass:ina=ina[in//in]PRP'PRP$ina",
"f": {"lang": "akk-x-neoass",
"form": "ina",
"cf": "ina",
"gw": "in",
"sense": "in",
"norm": "ina",
"pos": "PRP",
"epos": "PRP"}
}
,
{
"node": "l",
"frag": "ŠA₃-bi",
"id": "P334692.l04436",
"ref": "P334692.19.3",
"inst": "libbi[interior]N",
"sig": "@saao/saa15%akk-x-neoass:ŠA₃-bi=libbu[interior//interior]N'N$libbi",
"f": {"lang": "akk-x-neoass",
"form": "ŠA₃-bi",
"cf": "libbu",
"gw": "interior",
"sense": "interior",
"norm": "libbi",
"pos": "N",
"epos": "N"}
}
]}
,
{
"node": "l",
"frag": "{uru}ana-te",
"id": "P334692.l04437",
"ref": "P334692.19.4",
"inst": "Anat[]GN$Anate",
"sig": "@saao/saa15%akk-x-neoass:{URU}ana-te=Anat[1//1]GN'GN$Anate",
"f": {"lang": "akk-x-neoass",
"form": "{URU}ana-te",
"cf": "Anat",
"gw": "1",
"sense": "1",
"norm": "Anate",
"pos": "GN",
"epos": "GN"}
}
,
{
"node": "l",
"frag": "⸢ša\\dm⸣",
"id": "P334692.l04438",
"ref": "P334692.19.5",
"inst": "ša[of]DET",
"sig": "@saao/saa15%akk-x-neoass:ša=ša[of//of]DET'DET$ša",
"f": {"lang": "akk-x-neoass",
"form": "ša",
"cf": "ša",
"gw": "of",
"sense": "of",
"norm": "ša",
"pos": "DET",
"epos": "DET"}
}
,
{
"node": "l",
"frag": "[x",
"id": "P334692.l04439",
"ref": "P334692.19.6",
"inst": "u",
"f": {"lang": "akk-x-neoass",
"form": "x",
"pos": "u"}
}
,
{
"node": "l",
"frag": "x",
"id": "P334692.l0443a",
"ref": "P334692.19.7",
"inst": "u",
"f": {"lang": "akk-x-neoass",
"form": "x",
"pos": "u"}
}
,
{
"node": "l",
"frag": "x]",
"id": "P334692.l0443b",
"ref": "P334692.19.8",
"inst": "u",
"f": {"lang": "akk-x-neoass",
"form": "x",
"pos": "u"}
}
,
{
"node": "d",
"type": "line-start",
"ref": "P334692.20",
"n": "3'",
"label": "r 3'"}
,
{
"node": "l",
"frag": "it-ta-lak",
"id": "P334692.l0443c",
"ref": "P334692.20.1",
"inst": "ittalak[go]V",
"sig": "@saao/saa15%akk-x-neoass:it-ta-lak=alāku[go//go]V'V$ittalak",
"f": {"lang": "akk-x-neoass",
"form": "it-ta-lak",
"cf": "alāku",
"gw": "go",
"sense": "go",
"norm": "ittalak",
"pos": "V",
"epos": "V"}
}
,
{
"node": "l",
"frag": "URU",
"id": "P334692.l0443d",
"ref": "P334692.20.2",
"inst": "ālu[city//town]N$",
"sig": "@saao/saa15%akk-x-neoass:URU=ālu[city//town]N'N$ālu",
"f": {"lang": "akk-x-neoass",
"form": "URU",
"cf": "ālu",
"gw": "city",
"sense": "town",
"norm": "ālu",
"pos": "N",
"epos": "N"}
}
,
{
"node": "l",
"frag": "e-ta-mar",
"id": "P334692.l0443e",
"ref": "P334692.20.3",
"inst": "amāru[see]V$ētamar",
"sig": "@saao/saa15%akk-x-neoass:e-ta-mar=amāru[see//see]V'V$ētamar",
"f": {"lang": "akk-x-neoass",
"form": "e-ta-mar",
"cf": "amāru",
"gw": "see",
"sense": "see",
"norm": "ētamar",
"pos": "V",
"epos": "V"}
}
,
{
"node": "l",
"frag": "[x",
"id": "P334692.l0443f",
"ref": "P334692.20.4",
"inst": "u",
"f": {"lang": "akk-x-neoass",
"form": "x",
"pos": "u"}
}
,
{
"node": "l",
"frag": "x",
"id": "P334692.l04440",
"ref": "P334692.20.5",
"inst": "u",
"f": {"lang": "akk-x-neoass",
"form": "x",
"pos": "u"}
}
,
{
"node": "l",
"frag": "x]",
"id": "P334692.l04441",
"ref": "P334692.20.6",
"inst": "u",
"f": {"lang": "akk-x-neoass",
"form": "x",
"pos": "u"}
}
,
{
"node": "d",
"type": "line-start",
"ref": "P334692.21",
"n": "4'",
"label": "r 4'"}
,
{
"node": "l",
"frag": "i-su-uh-ru\\d",
"id": "P334692.l04442",
"ref": "P334692.21.1",
"inst": "issuhru[return]V",
"sig": "@saao/saa15%akk-x-neoass:i-su-uh-ru=sahāru[go around//return]V'V$issuhru",
"f": {"lang": "akk-x-neoass",
"form": "i-su-uh-ru",
"cf": "sahāru",
"gw": "go around",
"sense": "return",
"norm": "issuhru",
"pos": "V",
"epos": "V"}
}
,
{
"node": "l",
"frag": "TA\\m",
"id": "P334692.l04443",
"ref": "P334692.21.2",
"inst": "issi[with]PRP",
"sig": "@saao/saa15%akk-x-neoass:TA=išti[with//with]PRP'PRP$issi",
"f": {"lang": "akk-x-neoass",
"form": "TA",
"cf": "išti",
"gw": "with",
"sense": "with",
"norm": "issi",
"pos": "PRP",
"epos": "PRP"}
}
,
{
"node": "l",
"frag": "ŠEŠ-MEŠ-šu₂",
"id": "P334692.l04444",
"ref": "P334692.21.3",
"inst": "ahhēšu[brother]N",
"sig": "@saao/saa15%akk-x-neoass:ŠEŠ-MEŠ-šu₂=ahu[brother//brother]N'N$ahhēšu",
"f": {"lang": "akk-x-neoass",
"form": "ŠEŠ-MEŠ-šu₂",
"cf": "ahu",
"gw": "brother",
"sense": "brother",
"norm": "ahhēšu",
"pos": "N",
"epos": "N"}
}
,
{
"node": "l",
"frag": "{lu₂v}[x",
"id": "P334692.l04445",
"ref": "P334692.21.4",
"inst": "u",
"f": {"lang": "akk-x-neoass",
"form": "{LU₂}x",
"pos": "u"}
}
,
{
"node": "l",
"frag": "x",
"id": "P334692.l04446",
"ref": "P334692.21.5",
"inst": "u",
"f": {"lang": "akk-x-neoass",
"form": "x",
"pos": "u"}
}
,
{
"node": "l",
"frag": "x]",
"id": "P334692.l04447",
"ref": "P334692.21.6",
"inst": "u",
"f": {"lang": "akk-x-neoass",
"form": "x",
"pos": "u"}
}
,
{
"node": "d",
"type": "line-start",
"ref": "P334692.22",
"n": "5'",
"label": "r 5'"}
,
{
"node": "l",
"frag": "ša",
"id": "P334692.l04448",
"ref": "P334692.22.1",
"inst": "ša[who]REL",
"sig": "@saao/saa15%akk-x-neoass:ša=ša[that//who]REL'REL$ša",
"f": {"lang": "akk-x-neoass",
"form": "ša",
"cf": "ša",
"gw": "that",
"sense": "who",
"norm": "ša",
"pos": "REL",
"epos": "REL"}
}
,
{
"node": "c",
"type": "phrase",
"tag": "phr",
"id": "P334692.U12",
"ref": "P334692.ls00008",
"cdl": [
{
"node": "l",
"frag": "ina",
"id": "P334692.l04449",
"ref": "P334692.22.2",
"inst": "ina[in+=on]PRP",
"sig": "@saao/saa15%akk-x-neoass:ina=ina[in//in]PRP'PRP$ina",
"f": {"lang": "akk-x-neoass",
"form": "ina",
"cf": "ina",
"gw": "in",
"sense": "in",
"norm": "ina",
"pos": "PRP",
"epos": "PRP"}
}
,
{
"node": "l",
"frag": "UGU",
"id": "P334692.l0444a",
"ref": "P334692.22.3",
"inst": "muhhi[skull]N",
"sig": "@saao/saa15%akk-x-neoass:UGU=muhhu[skull//skull]N'N$muhhi",
"f": {"lang": "akk-x-neoass",
"form": "UGU",
"cf": "muhhu",
"gw": "skull",
"sense": "skull",
"norm": "muhhi",
"pos": "N",
"epos": "N"}
}
]}
,
{
"node": "l",
"frag": "{id₂}tur-nu",
"id": "P334692.l0444b",
"ref": "P334692.22.4",
"inst": "Turnu[Diyala]WN",
"sig": "@saao/saa15%akk-x-neoass:{ID₂}tur-nu=Turna[Diyala//Diyala]WN'WN$Turnu",
"f": {"lang": "akk-x-neoass",
"form": "{ID₂}tur-nu",
"cf": "Turna",
"gw": "Diyala",
"sense": "Diyala",
"norm": "Turnu",
"pos": "WN",
"epos": "WN"}
}
,
{
"node": "l",
"frag": "it-tu-[ši-bi]",
"id": "P334692.l0444c",
"ref": "P334692.22.5",
"inst": "ašābu[sit (down)//settle]V$ittūšībi",
"sig": "@saao/saa15%akk-x-neoass:it-tu-ši-bi=ašābu[sit (down)//settle]V'V$ittūšībi",
"f": {"lang": "akk-x-neoass",
"form": "it-tu-ši-bi",
"cf": "ašābu",
"gw": "sit (down)",
"sense": "settle",
"norm": "ittūšībi",
"pos": "V",
"epos": "V"}
}
,
{
"node": "d",
"type": "line-start",
"ref": "P334692.23",
"n": "6'",
"label": "r 6'"}
,
{
"node": "l",
"frag": "{lu₂v}A-KIN-MEŠ-šu₂",
"id": "P334692.l0444d",
"ref": "P334692.23.1",
"cof-tails": "P334692.l0444e",
"inst": "māru[son]N$mār&šipru[sending]N$šiprānīšu",
"sig": "@saao/saa15%akk-x-neoass:{LU₂}A-KIN-MEŠ-šu₂=māru[son//son]N'N$mār&&@saao%akk-x-neoass:=šipru[sending//sending]N'N$šiprānīšu",
"f": {"lang": "akk-x-neoass",
"form": "{LU₂}A-KIN-MEŠ-šu₂",
"cf": "māru",
"gw": "son",
"sense": "son",
"norm": "mār",
"pos": "N",
"epos": "N"}
}
,
{
"node": "l",
"frag": "{lu₂v}A-KIN-MEŠ-šu₂",
"id": "P334692.l0444e",
"ref": "P334692.23.1",
"cof-head": "P334692.l0444d",
"inst": "māru[son]N$mār&šipru[sending]N$šiprānīšu",
"tail-sig": "@saao%akk-x-neoass:=šipru[sending//sending]N'N$šiprānīšu",
"f": {"lang": "akk-x-neoass",
"form": "{LU₂}A-KIN-MEŠ-šu₂",
"cf": "šipru",
"gw": "sending",
"sense": "sending",
"norm": "šiprānīšu",
"pos": "N",
"epos": "N"}
}
,
{
"node": "c",
"type": "phrase",
"tag": "phr",
"id": "P334692.U13",
"ref": "P334692.ls00009",
"cdl": [
{
"node": "l",
"frag": "ina",
"id": "P334692.l0444f",
"ref": "P334692.23.2",
"inst": "ina[in+=to]PRP",
"sig": "@saao/saa15%akk-x-neoass:ina=ina[in//in]PRP'PRP$ina",
"f": {"lang": "akk-x-neoass",
"form": "ina",
"cf": "ina",
"gw": "in",
"sense": "in",
"norm": "ina",
"pos": "PRP",
"epos": "PRP"}
}
,
{
"node": "l",
"frag": "UGU",
"id": "P334692.l04450",
"ref": "P334692.23.3",
"inst": "muhhi[skull]N",
"sig": "@saao/saa15%akk-x-neoass:UGU=muhhu[skull//skull]N'N$muhhi",
"f": {"lang": "akk-x-neoass",
"form": "UGU",
"cf": "muhhu",
"gw": "skull",
"sense": "skull",
"norm": "muhhi",
"pos": "N",
"epos": "N"}
}
]}
,
{
"node": "l",
"frag": "{lu₂v}tu-uʾ-⸢ma-na⸣-[a.a]",
"id": "P334692.l04451",
"ref": "P334692.23.4",
"inst": "Tuʾmanaya[]EN$",
"sig": "@saao/saa15%akk-x-neoass:{LU₂}tu-uʾ-ma-na-a.a=Tuʾmanaya[1//1]EN'EN$Tuʾmanaya",
"f": {"lang": "akk-x-neoass",
"form": "{LU₂}tu-uʾ-ma-na-a.a",
"cf": "Tuʾmanaya",
"gw": "1",
"sense": "1",
"norm": "Tuʾmanaya",
"pos": "EN",
"epos": "EN"}
}
,
{
"node": "d",
"type": "line-start",
"ref": "P334692.24",
"n": "7'",
"label": "r 7'"}
,
{
"node": "l",
"frag": "ša\\dm",
"id": "P334692.l04452",
"ref": "P334692.24.1",
"inst": "ša[who]REL",
"sig": "@saao/saa15%akk-x-neoass:ša=ša[that//who]REL'REL$ša",
"f": {"lang": "akk-x-neoass",
"form": "ša",
"cf": "ša",
"gw": "that",
"sense": "who",
"norm": "ša",
"pos": "REL",
"epos": "REL"}
}
,
{
"node": "l",
"frag": "ina",
"id": "P334692.l04453",
"ref": "P334692.24.2",
"inst": "ina[in]PRP",
"sig": "@saao/saa15%akk-x-neoass:ina=ina[in//in]PRP'PRP$ina",
"f": {"lang": "akk-x-neoass",
"form": "ina",
"cf": "ina",
"gw": "in",
"sense": "in",
"norm": "ina",
"pos": "PRP",
"epos": "PRP"}
}
,
{
"node": "l",
"frag": "{lu₂v}ha-⸢tal⸣-la",
"id": "P334692.l04454",
"ref": "P334692.24.3",
"inst": "Hatalla[]GN$",
"sig": "@saao/saa15%akk-x-neoass:{LU₂}ha-tal-la=Hatalla[1//1]GN'GN$Hatalla",
"f": {"lang": "akk-x-neoass",
"form": "{LU₂}ha-tal-la",
"cf": "Hatalla",
"gw": "1",
"sense": "1",
"norm": "Hatalla",
"pos": "GN",
"epos": "GN"}
}
,
{
"node": "l",
"frag": "kam-ma-su-ni",
"id": "P334692.l04455",
"ref": "P334692.24.4",
"inst": "kamsu[squatting//staying]AJ$kammasūni",
"sig": "@saao/saa15%akk-x-neoass:kam-ma-su-ni=kamsu[squatting//staying]AJ'AJ$kammasūni",
"f": {"lang": "akk-x-neoass",
"form": "kam-ma-su-ni",
"cf": "kamsu",
"gw": "squatting",
"sense": "staying",
"norm": "kammasūni",
"pos": "AJ",
"epos": "AJ"}
}
,
{
"node": "l",
"frag": "i-⸢sap⸣-[ra]",
"id": "P334692.l04456",
"ref": "P334692.24.5",
"inst": "issapra[write]V",
"sig": "@saao/saa15%akk-x-neoass:i-sap-ra=šapāru[send//write]V'V$issapra",
"f": {"lang": "akk-x-neoass",
"form": "i-sap-ra",
"cf": "šapāru",
"gw": "send",
"sense": "write",
"norm": "issapra",
"pos": "V",
"epos": "V"}
}
,
{
"node": "d",
"type": "line-start",
"ref": "P334692.25",
"n": "8'",
"label": "r 8'"}
,
{
"node": "l",
"frag": "ma-a",
"id": "P334692.l04457",
"ref": "P334692.25.1",
"inst": "mā[saying]PRP",
"sig": "@saao/saa15%akk-x-neoass:ma-a=mā[saying//saying]PRP'PRP$mā",
"f": {"lang": "akk-x-neoass",
"form": "ma-a",
"cf": "mā",
"gw": "saying",
"sense": "saying",
"norm": "mā",
"pos": "PRP",
"epos": "PRP"}
}
,
{
"node": "l",
"frag": "LUGAL",
"id": "P334692.l04458",
"ref": "P334692.25.2",
"inst": "šarru[king]N$",
"sig": "@saao/saa15%akk-x-neoass:LUGAL=šarru[king//king]N'N$šarru",
"f": {"lang": "akk-x-neoass",
"form": "LUGAL",
"cf": "šarru",
"gw": "king",
"sense": "king",
"norm": "šarru",
"pos": "N",
"epos": "N"}
}
,
{
"node": "l",
"frag": "be-⸢li₂⸣",
"id": "P334692.l04459",
"ref": "P334692.25.3",
"inst": "bēlī[lord]N",
"sig": "@saao/saa15%akk-x-neoass:be-li₂=bēlu[lord//lord]N'N$bēlī",
"f": {"lang": "akk-x-neoass",
"form": "be-li₂",
"cf": "bēlu",
"gw": "lord",
"sense": "lord",
"norm": "bēlī",
"pos": "N",
"epos": "N"}
}
,
{
"node": "l",
"frag": "a-na",
"id": "P334692.l0445a",
"ref": "P334692.25.4",
"inst": "ana[to]PRP",
"sig": "@saao/saa15%akk-x-neoass:a-na=ana[to//to]PRP'PRP$ana",
"f": {"lang": "akk-x-neoass",
"form": "a-na",
"cf": "ana",
"gw": "to",
"sense": "to",
"norm": "ana",
"pos": "PRP",
"epos": "PRP"}
}
,
{
"node": "l",
"frag": "E₂-ia",
"id": "P334692.l0445b",
"ref": "P334692.25.5",
"inst": "bītu[house]N$bētīya",
"sig": "@saao/saa15%akk-x-neoass:E₂-ia=bītu[house//house]N'N$bētīya",
"f": {"lang": "akk-x-neoass",
"form": "E₂-ia",
"cf": "bītu",
"gw": "house",
"sense": "house",
"norm": "bētīya",
"pos": "N",
"epos": "N"}
}
,
{
"node": "l",
"frag": "u₂-ṣa",
"id": "P334692.l0445c",
"ref": "P334692.25.6",
"inst": "uṣṣa[come out]V",
"sig": "@saao/saa15%akk-x-neoass:u₂-ṣa=aṣû[go out//come out]V'V$uṣṣa",
"f": {"lang": "akk-x-neoass",
"form": "u₂-ṣa",
"cf": "aṣû",
"gw": "go out",
"sense": "come out",
"norm": "uṣṣa",
"pos": "V",
"epos": "V"}
}
,
{
"node": "l",
"frag": "[x",
"id": "P334692.l0445d",
"ref": "P334692.25.7",
"inst": "u",
"f": {"lang": "akk-x-neoass",
"form": "x",
"pos": "u"}
}
,
{
"node": "l",
"frag": "x]",
"id": "P334692.l0445e",
"ref": "P334692.25.8",
"inst": "u",
"f": {"lang": "akk-x-neoass",
"form": "x",
"pos": "u"}
}
,
{
"node": "d",
"type": "line-start",
"ref": "P334692.26",
"n": "9'",
"label": "r 9'"}
,
{
"node": "l",
"frag": "ma-a",
"id": "P334692.l0445f",
"ref": "P334692.26.1",
"inst": "mā[saying]PRP",
"sig": "@saao/saa15%akk-x-neoass:ma-a=mā[saying//saying]PRP'PRP$mā",
"f": {"lang": "akk-x-neoass",
"form": "ma-a",
"cf": "mā",
"gw": "saying",
"sense": "saying",
"norm": "mā",
"pos": "PRP",
"epos": "PRP"}
}
,
{
"node": "l",
"frag": "at-tu-nu",
"id": "P334692.l04460",
"ref": "P334692.26.2",
"inst": "attunu[you (pl.)]IP",
"sig": "@saao/saa15%akk-x-neoass:at-tu-nu=attunu[you (pl.)//you (pl.)]IP'IP$attunu",
"f": {"lang": "akk-x-neoass",
"form": "at-tu-nu",
"cf": "attunu",
"gw": "you (pl.)",
"sense": "you (pl.)",
"norm": "attunu",
"pos": "IP",
"epos": "IP"}
}
,
{
"node": "l",
"frag": "et-qa-ni",
"id": "P334692.l04461",
"ref": "P334692.26.3",
"inst": "etēqu[proceed]V$etqāni",
"sig": "@saao/saa15%akk-x-neoass:et-qa-ni=etēqu[proceed//proceed]V'V$etqāni",
"f": {"lang": "akk-x-neoass",
"form": "et-qa-ni",
"cf": "etēqu",
"gw": "proceed",
"sense": "proceed",
"norm": "etqāni",
"pos": "V",
"epos": "V"}
}
,
{
"node": "c",
"type": "phrase",
"tag": "phr",
"id": "P334692.U14",
"ref": "P334692.ls0000a",
"cdl": [
{
"node": "l",
"frag": "a-na",
"id": "P334692.l04462",
"ref": "P334692.26.4",
"inst": "ana[to+=to]PRP",
"sig": "@saao/saa15%akk-x-neoass:a-na=ana[to//to]PRP'PRP$ana",
"f": {"lang": "akk-x-neoass",
"form": "a-na",
"cf": "ana",
"gw": "to",
"sense": "to",
"norm": "ana",
"pos": "PRP",
"epos": "PRP"}
}
,
{
"node": "l",
"frag": "pa-ni-⸢ia₂⸣",
"id": "P334692.l04463",
"ref": "P334692.26.5",
"inst": "pānīya[front]N",
"sig": "@saao/saa15%akk-x-neoass:pa-ni-ia₂=pānu[front//front]N'N$pānīya",
"f": {"lang": "akk-x-neoass",
"form": "pa-ni-ia₂",
"cf": "pānu",
"gw": "front",
"sense": "front",
"norm": "pānīya",
"pos": "N",
"epos": "N"}
}
]}
,
{
"node": "l",
"frag": "[al-ka-ni]",
"id": "P334692.l04464",
"ref": "P334692.26.6",
"inst": "alkāni[come]V",
"sig": "@saao/saa15%akk-x-neoass:al-ka-ni=alāku[go//come]V'V$alkāni",
"f": {"lang": "akk-x-neoass",
"form": "al-ka-ni",
"cf": "alāku",
"gw": "go",
"sense": "come",
"norm": "alkāni",
"pos": "V",
"epos": "V"}
}
,
{
"node": "d",
"type": "line-start",
"ref": "P334692.27",
"n": "10'",
"label": "r 10'"}
,
{
"node": "l",
"frag": "{lu₂v}A-KIN-MEŠ-šu₂",
"id": "P334692.l04465",
"ref": "P334692.27.1",
"cof-tails": "P334692.l04466",
"inst": "māru[son]N$mār&šipru[sending]N$šiprānīšu",
"sig": "@saao/saa15%akk-x-neoass:{LU₂}A-KIN-MEŠ-šu₂=māru[son//son]N'N$mār&&@saao%akk-x-neoass:=šipru[sending//sending]N'N$šiprānīšu",
"f": {"lang": "akk-x-neoass",
"form": "{LU₂}A-KIN-MEŠ-šu₂",
"cf": "māru",
"gw": "son",
"sense": "son",
"norm": "mār",
"pos": "N",
"epos": "N"}
}
,
{
"node": "l",
"frag": "{lu₂v}A-KIN-MEŠ-šu₂",
"id": "P334692.l04466",
"ref": "P334692.27.1",
"cof-head": "P334692.l04465",
"inst": "māru[son]N$mār&šipru[sending]N$šiprānīšu",
"tail-sig": "@saao%akk-x-neoass:=šipru[sending//sending]N'N$šiprānīšu",
"f": {"lang": "akk-x-neoass",
"form": "{LU₂}A-KIN-MEŠ-šu₂",
"cf": "šipru",
"gw": "sending",
"sense": "sending",
"norm": "šiprānīšu",
"pos": "N",
"epos": "N"}
}
,
{
"node": "l",
"frag": "ša\\dm",
"id": "P334692.l04467",
"ref": "P334692.27.2",
"inst": "ša[who]REL",
"sig": "@saao/saa15%akk-x-neoass:ša=ša[that//who]REL'REL$ša",
"f": {"lang": "akk-x-neoass",
"form": "ša",
"cf": "ša",
"gw": "that",
"sense": "who",
"norm": "ša",
"pos": "REL",
"epos": "REL"}
}
,
{
"node": "l",
"frag": "iš-pur-u-ni",
"id": "P334692.l04468",
"ref": "P334692.27.3",
"inst": "šapāru[send]V$išpurūni",
"sig": "@saao/saa15%akk-x-neoass:iš-pur-u-ni=šapāru[send//send]V'V$išpurūni",
"f": {"lang": "akk-x-neoass",
"form": "iš-pur-u-ni",
"cf": "šapāru",
"gw": "send",
"sense": "send",
"norm": "išpurūni",
"pos": "V",
"epos": "V"}
}
,
{
"node": "l",
"frag": "u₂-[di-ni]",
"id": "P334692.l04469",
"ref": "P334692.27.4",
"inst": "udīni[yet]AV",
"sig": "@saao/saa15%akk-x-neoass:u₂-di-ni=udīni[up till now//yet]AV'AV$udīni",
"f": {"lang": "akk-x-neoass",
"form": "u₂-di-ni",
"cf": "udīni",
"gw": "up till now",
"sense": "yet",
"norm": "udīni",
"pos": "AV",
"epos": "AV"}
}
,
{
"node": "d",
"type": "line-start",
"ref": "P334692.28",
"n": "11'",
"label": "r 11'"}
,
{
"node": "l",
"frag": "la",
"id": "P334692.l0446a",
"ref": "P334692.28.1",
"inst": "lā[not]MOD",
"sig": "@saao/saa15%akk-x-neoass:la=lā[not//not]MOD'MOD$lā",
"f": {"lang": "akk-x-neoass",
"form": "la",
"cf": "lā",
"gw": "not",
"sense": "not",
"norm": "lā",
"pos": "MOD",
"epos": "MOD"}
}
,
{
"node": "l",
"frag": "⸢i-sa-ha-ru-ni⸣",
"id": "P334692.l0446b",
"ref": "P334692.28.2",
"inst": "sahāru[go around//return]V$isahharūni",
"sig": "@saao/saa15%akk-x-neoass:i-sa-ha-ru-ni=sahāru[go around//return]V'V$isahharūni",
"f": {"lang": "akk-x-neoass",
"form": "i-sa-ha-ru-ni",
"cf": "sahāru",
"gw": "go around",
"sense": "return",
"norm": "isahharūni",
"pos": "V",
"epos": "V"}
}
,
{
"node": "l",
"frag": "ki-ma",
"id": "P334692.l0446c",
"ref": "P334692.28.3",
"inst": "kīma[as soon as]'MOD",
"sig": "@saao/saa15%akk-x-neoass:ki-ma=kīma[like//as soon as]PRP'MOD$kīma",
"f": {"lang": "akk-x-neoass",
"form": "ki-ma",
"cf": "kīma",
"gw": "like",
"sense": "as soon as",
"norm": "kīma",
"pos": "PRP",
"epos": "MOD"}
}
,
{
"node": "l",
"frag": "i-⸢su\\t⸣-[uh-ru-ni]",
"id": "P334692.l0446d",
"ref": "P334692.28.4",
"inst": "issuhrūni[return]V",
"sig": "@saao/saa15%akk-x-neoass:i-su-uh-ru-ni=sahāru[go around//return]V'V$issuhrūni",
"f": {"lang": "akk-x-neoass",
"form": "i-su-uh-ru-ni",
"cf": "sahāru",
"gw": "go around",
"sense": "return",
"norm": "issuhrūni",
"pos": "V",
"epos": "V"}
}
,
{
"node": "d",
"type": "line-start",
"ref": "P334692.29",
"n": "12'",
"label": "r 12'"}
,
{
"node": "l",
"frag": "mi-[i-nu",
"id": "P334692.l0446e",
"ref": "P334692.29.1",
"inst": "mīnu[what?//whatever]QP'XP$",
"sig": "@saao/saa15%akk-x-neoass:mi-i-nu=mīnu[what?//whatever]QP'XP$mīnu",
"f": {"lang": "akk-x-neoass",
"form": "mi-i-nu",
"cf": "mīnu",
"gw": "what?",
"sense": "whatever",
"norm": "mīnu",
"pos": "QP",
"epos": "XP"}
}
,
{
"node": "l",
"frag": "ṭe₃]-⸢en⸣-ša-nu-ni",
"id": "P334692.l0446f",
"ref": "P334692.29.2",
"inst": "ṭēmu[(fore)thought//report]N$ṭēnšanūni",
"sig": "@saao/saa15%akk-x-neoass:ṭe₃-en-ša-nu-ni=ṭēmu[(fore)thought//report]N'N$ṭēnšanūni",
"f": {"lang": "akk-x-neoass",
"form": "ṭe₃-en-ša-nu-ni",
"cf": "ṭēmu",
"gw": "(fore)thought",
"sense": "report",
"norm": "ṭēnšanūni",
"pos": "N",
"epos": "N"}
}
,
{
"node": "l",
"frag": "[x",
"id": "P334692.l04470",
"ref": "P334692.29.3",
"inst": "u",
"f": {"lang": "akk-x-neoass",
"form": "x",
"pos": "u"}
}
,
{
"node": "l",
"frag": "x",
"id": "P334692.l04471",
"ref": "P334692.29.4",
"inst": "u",
"f": {"lang": "akk-x-neoass",
"form": "x",
"pos": "u"}
}
,
{
"node": "l",
"frag": "x]",
"id": "P334692.l04472",
"ref": "P334692.29.5",
"inst": "u",
"f": {"lang": "akk-x-neoass",
"form": "x",
"pos": "u"}
}
,
{
"node": "d",
"type": "nonx",
"ref": "P334692.30",
"strict": "0",
"extent": "rest",
"state": "missing"}
]}
]}
]}
,
{
"linkbase": [{
"type": "linkset",
"xlink_title": "ina muhhi[on//about]PRP'PRP",
"id": "P334692.ls00000",
"xlink_type": "extended",
"xlink_role": "psu",
"sig": "{ina[in]PRP muhhu[skull]N += ina muhhi[on//about]PRP'PRP}::@saao%akk-x-neoass:ina=ina[in//into]PRP'PRP$ina++@saao%akk-x-neoass:UGU-hi-ia₂=muhhu[skull//skull]N'N$muhhīya",
"links": [
{
"type": "link",
"xlink_title": "ina",
"xlink_type": "locator",
"xlink_href": "#P334692.l043ea",
"xlink_role": "elt"}
,
{
"type": "link",
"xlink_title": "muhhīya",
"xlink_type": "locator",
"xlink_href": "#P334692.l043eb",
"xlink_role": "elt"}
]}
,
{
"type": "linkset",
"xlink_title": "ina pān[in the presence of//at the disposal of]PRP'PRP",
"id": "P334692.ls00001",
"xlink_type": "extended",
"xlink_role": "psu",
"sig": "{ina[in]PRP pānu[front]N += ina pān[in the presence of//at the disposal of]PRP'PRP}::@saao%akk-x-neoass:ina=ina[in//into]PRP'PRP$ina++@saao%akk-x-neoass:pa-ni-šu=pānu[front//front]N'N$pānīšu",
"links": [
{
"type": "link",
"xlink_title": "ina",
"xlink_type": "locator",
"xlink_href": "#P334692.l043ff",
"xlink_role": "elt"}
,
{
"type": "link",
"xlink_title": "pānīšu",
"xlink_type": "locator",
"xlink_href": "#P334692.l04400",
"xlink_role": "elt"}
]}
,
{
"type": "linkset",
"xlink_title": "ištu libbi[from//from out of]PRP'PRP",
"id": "P334692.ls00002",
"xlink_type": "extended",
"xlink_role": "psu",
"sig": "{ištu[from]PRP libbu[interior]N += ištu libbi[from//from out of]PRP'PRP}::@saao%akk-x-neoass:TA@v=ištu[from//from]PRP'PRP$issu++@saao%akk-x-neoass:ŠA₃-bi-šu₂-nu=libbu[interior//interior]N'N$libbišunu",
"links": [
{
"type": "link",
"xlink_title": "issu",
"xlink_type": "locator",
"xlink_href": "#P334692.l04404",
"xlink_role": "elt"}
,
{
"type": "link",
"xlink_title": "libbišunu",
"xlink_type": "locator",
"xlink_href": "#P334692.l04405",
"xlink_role": "elt"}
]}
,
{
"type": "linkset",
"xlink_title": "ina muhhi[on//about]PRP'PRP",
"id": "P334692.ls00003",
"xlink_type": "extended",
"xlink_role": "psu",
"sig": "{ina[in]PRP muhhu[skull]N += ina muhhi[on//about]PRP'PRP}::@saao%akk-x-neoass:ina=ina[in//into]PRP'PRP$ina++@saao%akk-x-neoass:UGU=muhhu[skull//skull]N'N$muhhi",
"links": [
{
"type": "link",
"xlink_title": "ina",
"xlink_type": "locator",
"xlink_href": "#P334692.l04410",
"xlink_role": "elt"}
,
{
"type": "link",
"xlink_title": "muhhi",
"xlink_type": "locator",
"xlink_href": "#P334692.l04411",
"xlink_role": "elt"}
]}
,
{
"type": "linkset",
"xlink_title": "ištu libbi[from//from out of]PRP'PRP",
"id": "P334692.ls00004",
"xlink_type": "extended",
"xlink_role": "psu",
"sig": "{ištu[from]PRP libbu[interior]N += ištu libbi[from//from out of]PRP'PRP}::@saao%akk-x-neoass:TA=ištu[from//from]PRP'PRP$issu++@saao%akk-x-neoass:ŠA₃-bi=libbu[interior//interior]N'N$libbi",
"links": [
{
"type": "link",
"xlink_title": "issu",
"xlink_type": "locator",
"xlink_href": "#P334692.l04416",
"xlink_role": "elt"}
,
{
"type": "link",
"xlink_title": "libbi",
"xlink_type": "locator",
"xlink_href": "#P334692.l04417",
"xlink_role": "elt"}
]}
,
{
"type": "linkset",
"xlink_title": "ana pān[in the presence of//before]PRP'PRP",
"id": "P334692.ls00005",
"xlink_type": "extended",
"xlink_role": "psu",
"sig": "{ana[to]PRP pānu[front]N += ana pān[in the presence of//before]PRP'PRP}::@saao%akk-x-neoass:a-na=ana[to//to]PRP'PRP$ana++@saao%akk-x-neoass:pa-an=pānu[front//front]N'N$pān",
"links": [
{
"type": "link",
"xlink_title": "ana",
"xlink_type": "locator",
"xlink_href": "#P334692.l0441b",
"xlink_role": "elt"}
,
{
"type": "link",
"xlink_title": "pān",
"xlink_type": "locator",
"xlink_href": "#P334692.l0441c",
"xlink_role": "elt"}
]}
,
{
"type": "linkset",
"xlink_title": "ina muhhi[on//about]PRP'PRP",
"id": "P334692.ls00006",
"xlink_type": "extended",
"xlink_role": "psu",
"sig": "{ina[in]PRP muhhu[skull]N += ina muhhi[on//about]PRP'PRP}::@saao%akk-x-neoass:ina=ina[in//into]PRP'PRP$ina++@saao%akk-x-neoass:UGU=muhhu[skull//skull]N'N$muhhi",
"links": [
{
"type": "link",
"xlink_title": "ina",
"xlink_type": "locator",
"xlink_href": "#P334692.l04421",
"xlink_role": "elt"}
,
{
"type": "link",
"xlink_title": "muhhi",
"xlink_type": "locator",
"xlink_href": "#P334692.l04422",
"xlink_role": "elt"}
]}
,
{
"type": "linkset",
"xlink_title": "ina libbi[in//(in exchange) for]PRP'PRP",
"id": "P334692.ls00007",
"xlink_type": "extended",
"xlink_role": "psu",
"sig": "{ina[in]PRP libbu[interior]N += ina libbi[in//(in exchange) for]PRP'PRP}::@saao%akk-x-neoass:ina=ina[in//into]PRP'PRP$ina++@saao%akk-x-neoass:ŠA₃-bi=libbu[interior//interior]N'N$libbi",
"links": [
{
"type": "link",
"xlink_title": "ina",
"xlink_type": "locator",
"xlink_href": "#P334692.l04435",
"xlink_role": "elt"}
,
{
"type": "link",
"xlink_title": "libbi",
"xlink_type": "locator",
"xlink_href": "#P334692.l04436",
"xlink_role": "elt"}
]}
,
{
"type": "linkset",
"xlink_title": "ina muhhi[on//about]PRP'PRP",
"id": "P334692.ls00008",
"xlink_type": "extended",
"xlink_role": "psu",
"sig": "{ina[in]PRP muhhu[skull]N += ina muhhi[on//about]PRP'PRP}::@saao%akk-x-neoass:ina=ina[in//into]PRP'PRP$ina++@saao%akk-x-neoass:UGU=muhhu[skull//skull]N'N$muhhi",
"links": [
{
"type": "link",
"xlink_title": "ina",
"xlink_type": "locator",
"xlink_href": "#P334692.l04449",
"xlink_role": "elt"}
,
{
"type": "link",
"xlink_title": "muhhi",
"xlink_type": "locator",
"xlink_href": "#P334692.l0444a",
"xlink_role": "elt"}
]}
,
{
"type": "linkset",
"xlink_title": "ina muhhi[on//about]PRP'PRP",
"id": "P334692.ls00009",
"xlink_type": "extended",
"xlink_role": "psu",
"sig": "{ina[in]PRP muhhu[skull]N += ina muhhi[on//about]PRP'PRP}::@saao%akk-x-neoass:ina=ina[in//into]PRP'PRP$ina++@saao%akk-x-neoass:UGU=muhhu[skull//skull]N'N$muhhi",
"links": [
{
"type": "link",
"xlink_title": "ina",
"xlink_type": "locator",
"xlink_href": "#P334692.l0444f",
"xlink_role": "elt"}
,
{
"type": "link",
"xlink_title": "muhhi",
"xlink_type": "locator",
"xlink_href": "#P334692.l04450",
"xlink_role": "elt"}
]}
,
{
"type": "linkset",
"xlink_title": "ana pān[in the presence of//before]PRP'PRP",
"id": "P334692.ls0000a",
"xlink_type": "extended",
"xlink_role": "psu",
"sig": "{ana[to]PRP pānu[front]N += ana pān[in the presence of//before]PRP'PRP}::@saao%akk-x-neoass:a-na=ana[to//to]PRP'PRP$ana++@saao%akk-x-neoass:pa-ni-ia₂=pānu[front//front]N'N$pānīya",
"links": [
{
"type": "link",
"xlink_title": "ana",
"xlink_type": "locator",
"xlink_href": "#P334692.l04462",
"xlink_role": "elt"}
,
{
"type": "link",
"xlink_title": "pānīya",
"xlink_type": "locator",
"xlink_href": "#P334692.l04463",
"xlink_role": "elt"}
]}
]}
]}
