{
"type": "cdl",
  "source": "http://oracc.org/saao/saa15",
  "license": "This data is released under the CC0 license",
  "license-url": "https://creativecommons.org/publicdomain/zero/1.0/",
  "more-info": "http://oracc.org/doc/opendata/",
  "UTC-timestamp": "2017-05-19T11:53:52",
"project": "saao/saa15",
"textid": "P334859",
"cdl": [
{
"node": "c",
"type": "text",
"id": "P334859.U0",
"cdl": [
{
"node": "d",
"type": "object",
"ref": ""}
,
{
"node": "d",
"subtype": "obverse",
"type": "surface",
"ref": "P334859.o.1",
"type": "obverse",
"label": "o"}
,
{
"node": "c",
"type": "discourse",
"subtype": "body",
"id": "P334859.U1",
"cdl": [
{
"node": "c",
"type": "sentence",
"id": "P334859.U2",
"label": "o 1 - r 1'",
"cdl": [
{
"node": "d",
"type": "line-start",
"ref": "P334859.2",
"n": "1",
"label": "o 1"}
,
{
"node": "l",
"frag": "a-na",
"id": "P334859.l060f7",
"ref": "P334859.2.1",
"inst": "ana[to]PRP",
"sig": "@saao/saa15%akk-x-neoass:a-na=ana[to//to]PRP'PRP$ana",
"f": {"lang": "akk-x-neoass",
"form": "a-na",
"cf": "ana",
"gw": "to",
"sense": "to",
"norm": "ana",
"pos": "PRP",
"epos": "PRP"}
}
,
{
"node": "l",
"frag": "LUGAL",
"id": "P334859.l060f8",
"ref": "P334859.2.2",
"inst": "šarri[king]N",
"sig": "@saao/saa15%akk-x-neoass:LUGAL=šarru[king//king]N'N$šarri",
"f": {"lang": "akk-x-neoass",
"form": "LUGAL",
"cf": "šarru",
"gw": "king",
"sense": "king",
"norm": "šarri",
"pos": "N",
"epos": "N"}
}
,
{
"node": "l",
"frag": "EN-⸢ia⸣",
"id": "P334859.l060f9",
"ref": "P334859.2.3",
"inst": "bēlīya[lord]N",
"sig": "@saao/saa15%akk-x-neoass:EN-ia=bēlu[lord//lord]N'N$bēlīya",
"f": {"lang": "akk-x-neoass",
"form": "EN-ia",
"cf": "bēlu",
"gw": "lord",
"sense": "lord",
"norm": "bēlīya",
"pos": "N",
"epos": "N"}
}
,
{
"node": "d",
"type": "line-start",
"ref": "P334859.3",
"n": "2",
"label": "o 2"}
,
{
"node": "l",
"frag": "ARAD-ka",
"id": "P334859.l060fa",
"ref": "P334859.3.1",
"inst": "urdaka[servant]N",
"sig": "@saao/saa15%akk-x-neoass:ARAD-ka=ardu[slave//servant]N'N$urdaka",
"f": {"lang": "akk-x-neoass",
"form": "ARAD-ka",
"cf": "ardu",
"gw": "slave",
"sense": "servant",
"norm": "urdaka",
"pos": "N",
"epos": "N"}
}
,
{
"node": "l",
"frag": "{1}aš-šur-EN-MAN-[MEŠ-ni]",
"id": "P334859.l060fb",
"ref": "P334859.3.2",
"inst": "Aššur-bel-šarrani[]PN$",
"sig": "@saao/saa15%akk-x-neoass:{1}aš-šur-EN-MAN-MEŠ-ni=Aššur-bel-šarrani[1//1]PN'PN$Aššur-bel-šarrani",
"f": {"lang": "akk-x-neoass",
"form": "{1}aš-šur-EN-MAN-MEŠ-ni",
"cf": "Aššur-bel-šarrani",
"gw": "1",
"sense": "1",
"norm": "Aššur-bel-šarrani",
"pos": "PN",
"epos": "PN"}
}
,
{
"node": "d",
"type": "line-start",
"ref": "P334859.4",
"n": "3",
"label": "o 3"}
,
{
"node": "l",
"frag": "lu",
"id": "P334859.l060fc",
"ref": "P334859.4.1",
"inst": "lū[may]MOD",
"sig": "@saao/saa15%akk-x-neoass:lu=lū[may//may]MOD'MOD$lū",
"f": {"lang": "akk-x-neoass",
"form": "lu",
"cf": "lū",
"gw": "may",
"sense": "may",
"norm": "lū",
"pos": "MOD",
"epos": "MOD"}
}
,
{
"node": "l",
"frag": "DI\\d-mu",
"id": "P334859.l060fd",
"ref": "P334859.4.2",
"inst": "šulmu[health]N",
"sig": "@saao/saa15%akk-x-neoass:DI-mu=šulmu[completeness//health]N'N$šulmu",
"f": {"lang": "akk-x-neoass",
"form": "DI-mu",
"cf": "šulmu",
"gw": "completeness",
"sense": "health",
"norm": "šulmu",
"pos": "N",
"epos": "N"}
}
,
{
"node": "l",
"frag": "a-na",
"id": "P334859.l060fe",
"ref": "P334859.4.3",
"inst": "ana[to]PRP",
"sig": "@saao/saa15%akk-x-neoass:a-na=ana[to//to]PRP'PRP$ana",
"f": {"lang": "akk-x-neoass",
"form": "a-na",
"cf": "ana",
"gw": "to",
"sense": "to",
"norm": "ana",
"pos": "PRP",
"epos": "PRP"}
}
,
{
"node": "l",
"frag": "LUGAL",
"id": "P334859.l060ff",
"ref": "P334859.4.4",
"inst": "šarri[king]N",
"sig": "@saao/saa15%akk-x-neoass:LUGAL=šarru[king//king]N'N$šarri",
"f": {"lang": "akk-x-neoass",
"form": "LUGAL",
"cf": "šarru",
"gw": "king",
"sense": "king",
"norm": "šarri",
"pos": "N",
"epos": "N"}
}
,
{
"node": "l",
"frag": "[EN-ia]",
"id": "P334859.l06100",
"ref": "P334859.4.5",
"inst": "bēlīya[lord]N",
"sig": "@saao/saa15%akk-x-neoass:EN-ia=bēlu[lord//lord]N'N$bēlīya",
"f": {"lang": "akk-x-neoass",
"form": "EN-ia",
"cf": "bēlu",
"gw": "lord",
"sense": "lord",
"norm": "bēlīya",
"pos": "N",
"epos": "N"}
}
,
{
"node": "d",
"type": "line-start",
"ref": "P334859.5",
"n": "4",
"label": "o 4"}
,
{
"node": "l",
"frag": "a-du-al",
"id": "P334859.l06101",
"ref": "P334859.5.1",
"inst": "dâlu[move//run about]V$adūal",
"sig": "@saao/saa15%akk-x-neoass:a-du-al=dâlu[move//run about]V'V$adūal",
"f": {"lang": "akk-x-neoass",
"form": "a-du-al",
"cf": "dâlu",
"gw": "move",
"sense": "run about",
"norm": "adūal",
"pos": "V",
"epos": "V"}
}
,
{
"node": "c",
"type": "phrase",
"tag": "phr",
"id": "P334859.U4",
"ref": "P334859.ls00000",
"cdl": [
{
"node": "l",
"frag": "ina",
"id": "P334859.l06102",
"ref": "P334859.5.2",
"inst": "ina[in+=on]PRP",
"sig": "@saao/saa15%akk-x-neoass:ina=ina[in//in]PRP'PRP$ina",
"f": {"lang": "akk-x-neoass",
"form": "ina",
"cf": "ina",
"gw": "in",
"sense": "in",
"norm": "ina",
"pos": "PRP",
"epos": "PRP"}
}
,
{
"node": "l",
"frag": "UGU",
"id": "P334859.l06103",
"ref": "P334859.5.3",
"inst": "muhhi[skull]N",
"sig": "@saao/saa15%akk-x-neoass:UGU=muhhu[skull//skull]N'N$muhhi",
"f": {"lang": "akk-x-neoass",
"form": "UGU",
"cf": "muhhu",
"gw": "skull",
"sense": "skull",
"norm": "muhhi",
"pos": "N",
"epos": "N"}
}
]}
,
{
"node": "l",
"frag": "⸢x⸣+[x",
"id": "P334859.l06104",
"ref": "P334859.5.4",
"inst": "u",
"f": {"lang": "akk-x-neoass",
"form": "x+x",
"pos": "u"}
}
,
{
"node": "l",
"frag": "x]",
"id": "P334859.l06105",
"ref": "P334859.5.5",
"inst": "u",
"f": {"lang": "akk-x-neoass",
"form": "x",
"pos": "u"}
}
,
{
"node": "d",
"type": "line-start",
"ref": "P334859.6",
"n": "5",
"label": "o 5"}
,
{
"node": "l",
"frag": "ina",
"id": "P334859.l06106",
"ref": "P334859.6.1",
"inst": "ina[in]PRP",
"sig": "@saao/saa15%akk-x-neoass:ina=ina[in//in]PRP'PRP$ina",
"f": {"lang": "akk-x-neoass",
"form": "ina",
"cf": "ina",
"gw": "in",
"sense": "in",
"norm": "ina",
"pos": "PRP",
"epos": "PRP"}
}
,
{
"node": "l",
"frag": "{⸢uru⸣}sa-ba-[ha-ni]",
"id": "P334859.l06107",
"ref": "P334859.6.2",
"inst": "Sabahani[1]GN",
"sig": "@saao/saa15%akk-x-neoass:{URU}sa-ba-ha-ni=Sabhanu[1//1]GN'GN$Sabahani",
"f": {"lang": "akk-x-neoass",
"form": "{URU}sa-ba-ha-ni",
"cf": "Sabhanu",
"gw": "1",
"sense": "1",
"norm": "Sabahani",
"pos": "GN",
"epos": "GN"}
}
,
{
"node": "d",
"type": "nonx",
"ref": "P334859.7",
"strict": "0",
"extent": "rest",
"state": "missing"}
,
{
"node": "d",
"subtype": "reverse",
"type": "surface",
"ref": "P334859.r.8",
"type": "reverse",
"label": "r"}
,
{
"node": "d",
"type": "nonx",
"ref": "P334859.9",
"strict": "0",
"state": "other"}
,
{
"node": "d",
"type": "line-start",
"ref": "P334859.10",
"n": "1'",
"label": "r 1'"}
,
{
"node": "l",
"frag": "⸢ki⸣-[x",
"id": "P334859.l06108",
"ref": "P334859.10.1",
"inst": "u",
"f": {"lang": "akk-x-neoass",
"form": "ki-x",
"pos": "u"}
}
,
{
"node": "l",
"frag": "x",
"id": "P334859.l06109",
"ref": "P334859.10.2",
"inst": "u",
"f": {"lang": "akk-x-neoass",
"form": "x",
"pos": "u"}
}
,
{
"node": "l",
"frag": "x",
"id": "P334859.l0610a",
"ref": "P334859.10.3",
"inst": "u",
"f": {"lang": "akk-x-neoass",
"form": "x",
"pos": "u"}
}
,
{
"node": "l",
"frag": "x",
"id": "P334859.l0610b",
"ref": "P334859.10.4",
"inst": "u",
"f": {"lang": "akk-x-neoass",
"form": "x",
"pos": "u"}
}
,
{
"node": "l",
"frag": "x",
"id": "P334859.l0610c",
"ref": "P334859.10.5",
"inst": "u",
"f": {"lang": "akk-x-neoass",
"form": "x",
"pos": "u"}
}
,
{
"node": "l",
"frag": "x]",
"id": "P334859.l0610d",
"ref": "P334859.10.6",
"inst": "u",
"f": {"lang": "akk-x-neoass",
"form": "x",
"pos": "u"}
}
]}
]}
]}
,
{
"linkbase": [{
"type": "linkset",
"xlink_title": "ina muhhi[on//about]PRP'PRP",
"id": "P334859.ls00000",
"xlink_type": "extended",
"xlink_role": "psu",
"sig": "{ina[in]PRP muhhu[skull]N += ina muhhi[on//about]PRP'PRP}::@saao%akk-x-neoass:ina=ina[in//into]PRP'PRP$ina++@saao%akk-x-neoass:UGU=muhhu[skull//skull]N'N$muhhi",
"links": [
{
"type": "link",
"xlink_title": "ina",
"xlink_type": "locator",
"xlink_href": "#P334859.l06102",
"xlink_role": "elt"}
,
{
"type": "link",
"xlink_title": "muhhi",
"xlink_type": "locator",
"xlink_href": "#P334859.l06103",
"xlink_role": "elt"}
]}
]}
]}
