{
"type": "cdl",
  "source": "http://oracc.org/saao/saa15",
  "license": "This data is released under the CC0 license",
  "license-url": "https://creativecommons.org/publicdomain/zero/1.0/",
  "more-info": "http://oracc.org/doc/opendata/",
  "UTC-timestamp": "2017-05-19T11:53:52",
"project": "saao/saa15",
"textid": "P334890",
"cdl": [
{
"node": "c",
"type": "text",
"id": "P334890.U0",
"cdl": [
{
"node": "d",
"type": "object",
"ref": ""}
,
{
"node": "d",
"subtype": "obverse",
"type": "surface",
"ref": "P334890.o.1",
"type": "obverse",
"label": "o"}
,
{
"node": "d",
"type": "nonx",
"ref": "P334890.2",
"strict": "0",
"state": "other"}
,
{
"node": "d",
"subtype": "reverse",
"type": "surface",
"ref": "P334890.r.3",
"type": "reverse",
"label": "r"}
,
{
"node": "c",
"type": "discourse",
"subtype": "body",
"id": "P334890.U1",
"cdl": [
{
"node": "c",
"type": "sentence",
"id": "P334890.U2",
"label": "r 1' - r 14'",
"cdl": [
{
"node": "d",
"type": "line-start",
"ref": "P334890.4",
"n": "1'",
"label": "r 1'"}
,
{
"node": "l",
"frag": "[x",
"id": "P334890.l07735",
"ref": "P334890.4.1",
"inst": "u",
"f": {"lang": "akk-x-neoass",
"form": "x",
"pos": "u"}
}
,
{
"node": "l",
"frag": "x",
"id": "P334890.l07736",
"ref": "P334890.4.2",
"inst": "u",
"f": {"lang": "akk-x-neoass",
"form": "x",
"pos": "u"}
}
,
{
"node": "l",
"frag": "x",
"id": "P334890.l07737",
"ref": "P334890.4.3",
"inst": "u",
"f": {"lang": "akk-x-neoass",
"form": "x",
"pos": "u"}
}
,
{
"node": "l",
"frag": "x]",
"id": "P334890.l07738",
"ref": "P334890.4.4",
"inst": "u",
"f": {"lang": "akk-x-neoass",
"form": "x",
"pos": "u"}
}
,
{
"node": "l",
"frag": "LUGAL",
"id": "P334890.l07739",
"ref": "P334890.4.5",
"inst": "šarru[king]N",
"sig": "@saao/saa15%akk-x-neoass:LUGAL=šarru[king//king]N'N$šarru",
"f": {"lang": "akk-x-neoass",
"form": "LUGAL",
"cf": "šarru",
"gw": "king",
"sense": "king",
"norm": "šarru",
"pos": "N",
"epos": "N"}
}
,
{
"node": "l",
"frag": "u₂\\m-[x",
"id": "P334890.l0773a",
"ref": "P334890.4.6",
"inst": "u",
"f": {"lang": "akk-x-neoass",
"form": "u₂-x",
"pos": "u"}
}
,
{
"node": "l",
"frag": "x",
"id": "P334890.l0773b",
"ref": "P334890.4.7",
"inst": "u",
"f": {"lang": "akk-x-neoass",
"form": "x",
"pos": "u"}
}
,
{
"node": "l",
"frag": "x",
"id": "P334890.l0773c",
"ref": "P334890.4.8",
"inst": "u",
"f": {"lang": "akk-x-neoass",
"form": "x",
"pos": "u"}
}
,
{
"node": "l",
"frag": "x]",
"id": "P334890.l0773d",
"ref": "P334890.4.9",
"inst": "u",
"f": {"lang": "akk-x-neoass",
"form": "x",
"pos": "u"}
}
,
{
"node": "d",
"type": "line-start",
"ref": "P334890.5",
"n": "2'",
"label": "r 2'"}
,
{
"node": "l",
"frag": "[x",
"id": "P334890.l0773e",
"ref": "P334890.5.1",
"inst": "u",
"f": {"lang": "akk-x-neoass",
"form": "x",
"pos": "u"}
}
,
{
"node": "l",
"frag": "x",
"id": "P334890.l0773f",
"ref": "P334890.5.2",
"inst": "u",
"f": {"lang": "akk-x-neoass",
"form": "x",
"pos": "u"}
}
,
{
"node": "l",
"frag": "x]+⸢x⸣",
"id": "P334890.l07740",
"ref": "P334890.5.3",
"inst": "u",
"f": {"lang": "akk-x-neoass",
"form": "x+x",
"pos": "u"}
}
,
{
"node": "l",
"frag": "u₂\\m-ra-⸢x⸣+[x",
"id": "P334890.l07741",
"ref": "P334890.5.4",
"inst": "u",
"f": {"lang": "akk-x-neoass",
"form": "u₂-ra-x+x",
"pos": "u"}
}
,
{
"node": "l",
"frag": "x",
"id": "P334890.l07742",
"ref": "P334890.5.5",
"inst": "u",
"f": {"lang": "akk-x-neoass",
"form": "x",
"pos": "u"}
}
,
{
"node": "l",
"frag": "x",
"id": "P334890.l07743",
"ref": "P334890.5.6",
"inst": "u",
"f": {"lang": "akk-x-neoass",
"form": "x",
"pos": "u"}
}
,
{
"node": "l",
"frag": "x",
"id": "P334890.l07744",
"ref": "P334890.5.7",
"inst": "u",
"f": {"lang": "akk-x-neoass",
"form": "x",
"pos": "u"}
}
,
{
"node": "l",
"frag": "x]",
"id": "P334890.l07745",
"ref": "P334890.5.8",
"inst": "u",
"f": {"lang": "akk-x-neoass",
"form": "x",
"pos": "u"}
}
,
{
"node": "d",
"type": "line-start",
"ref": "P334890.6",
"n": "3'",
"label": "r 3'"}
,
{
"node": "l",
"frag": "[x",
"id": "P334890.l07746",
"ref": "P334890.6.1",
"inst": "u",
"f": {"lang": "akk-x-neoass",
"form": "x",
"pos": "u"}
}
,
{
"node": "l",
"frag": "x",
"id": "P334890.l07747",
"ref": "P334890.6.2",
"inst": "u",
"f": {"lang": "akk-x-neoass",
"form": "x",
"pos": "u"}
}
,
{
"node": "l",
"frag": "x]",
"id": "P334890.l07748",
"ref": "P334890.6.3",
"inst": "u",
"f": {"lang": "akk-x-neoass",
"form": "x",
"pos": "u"}
}
,
{
"node": "l",
"frag": "{lu₂v}ERIM-MEŠ-šu₂",
"id": "P334890.l07749",
"ref": "P334890.6.4",
"inst": "ṣābānīšu[troops]N",
"sig": "@saao/saa15%akk-x-neoass:{LU₂}ERIM-MEŠ-šu₂=ṣābu[people//troops]N'N$ṣābānīšu",
"f": {"lang": "akk-x-neoass",
"form": "{LU₂}ERIM-MEŠ-šu₂",
"cf": "ṣābu",
"gw": "people",
"sense": "troops",
"norm": "ṣābānīšu",
"pos": "N",
"epos": "N"}
}
,
{
"node": "l",
"frag": "u₂\\m-ra-du-u-⸢ni⸣",
"id": "P334890.l0774a",
"ref": "P334890.6.5",
"inst": "arādu[go down//come down]V$urradūni",
"sig": "@saao/saa15%akk-x-neoass:u₂-ra-du-u-ni=arādu[go down//come down]V'V$urradūni",
"f": {"lang": "akk-x-neoass",
"form": "u₂-ra-du-u-ni",
"cf": "arādu",
"gw": "go down",
"sense": "come down",
"norm": "urradūni",
"pos": "V",
"epos": "V"}
}
,
{
"node": "l",
"frag": "[o]",
"id": "P334890.l0774b",
"ref": "P334890.6.6",
"inst": "u",
"f": {"lang": "akk-x-neoass",
"form": "o",
"pos": "u"}
}
,
{
"node": "d",
"type": "line-start",
"ref": "P334890.7",
"n": "4'",
"label": "r 4'"}
,
{
"node": "l",
"frag": "[x",
"id": "P334890.l0774c",
"ref": "P334890.7.1",
"inst": "u",
"f": {"lang": "akk-x-neoass",
"form": "x",
"pos": "u"}
}
,
{
"node": "l",
"frag": "x]",
"id": "P334890.l0774d",
"ref": "P334890.7.2",
"inst": "u",
"f": {"lang": "akk-x-neoass",
"form": "x",
"pos": "u"}
}
,
{
"node": "l",
"frag": "UN-MEŠ-šu₂",
"id": "P334890.l0774e",
"ref": "P334890.7.3",
"inst": "nišēšu[people]N",
"sig": "@saao/saa15%akk-x-neoass:UN-MEŠ-šu₂=nišu[people//people]N'N$nišēšu",
"f": {"lang": "akk-x-neoass",
"form": "UN-MEŠ-šu₂",
"cf": "nišu",
"gw": "people",
"sense": "people",
"norm": "nišēšu",
"pos": "N",
"epos": "N"}
}
,
{
"node": "l",
"frag": "u₂\\m-šu-bu",
"id": "P334890.l0774f",
"ref": "P334890.7.4",
"inst": "uššubu[stay]V",
"sig": "@saao/saa15%akk-x-neoass:u₂-šu-bu=ašābu[sit (down)//stay]V'V$uššubu",
"f": {"lang": "akk-x-neoass",
"form": "u₂-šu-bu",
"cf": "ašābu",
"gw": "sit (down)",
"sense": "stay",
"norm": "uššubu",
"pos": "V",
"epos": "V"}
}
,
{
"node": "l",
"frag": "[x",
"id": "P334890.l07750",
"ref": "P334890.7.5",
"inst": "u",
"f": {"lang": "akk-x-neoass",
"form": "x",
"pos": "u"}
}
,
{
"node": "l",
"frag": "x]",
"id": "P334890.l07751",
"ref": "P334890.7.6",
"inst": "u",
"f": {"lang": "akk-x-neoass",
"form": "x",
"pos": "u"}
}
,
{
"node": "d",
"type": "line-start",
"ref": "P334890.8",
"n": "5'",
"label": "r 5'"}
,
{
"node": "l",
"frag": "[šum₂]-⸢mu⸣",
"id": "P334890.l07752",
"ref": "P334890.8.1",
"inst": "šummu[if]MOD",
"sig": "@saao/saa15%akk-x-neoass:šum₂-mu=šumma[if//if]MOD'MOD$šummu",
"f": {"lang": "akk-x-neoass",
"form": "šum₂-mu",
"cf": "šumma",
"gw": "if",
"sense": "if",
"norm": "šummu",
"pos": "MOD",
"epos": "MOD"}
}
,
{
"node": "l",
"frag": "LUGAL",
"id": "P334890.l07753",
"ref": "P334890.8.2",
"inst": "šarru[king]N",
"sig": "@saao/saa15%akk-x-neoass:LUGAL=šarru[king//king]N'N$šarru",
"f": {"lang": "akk-x-neoass",
"form": "LUGAL",
"cf": "šarru",
"gw": "king",
"sense": "king",
"norm": "šarru",
"pos": "N",
"epos": "N"}
}
,
{
"node": "l",
"frag": "be-li\\d",
"id": "P334890.l07754",
"ref": "P334890.8.3",
"inst": "bēlī[lord]N",
"sig": "@saao/saa15%akk-x-neoass:be-li=bēlu[lord//lord]N'N$bēlī",
"f": {"lang": "akk-x-neoass",
"form": "be-li",
"cf": "bēlu",
"gw": "lord",
"sense": "lord",
"norm": "bēlī",
"pos": "N",
"epos": "N"}
}
,
{
"node": "l",
"frag": "i-qab-bi",
"id": "P334890.l07755",
"ref": "P334890.8.4",
"inst": "iqabbi[say]V",
"sig": "@saao/saa15%akk-x-neoass:i-qab-bi=qabû[say//say]V'V$iqabbi",
"f": {"lang": "akk-x-neoass",
"form": "i-qab-bi",
"cf": "qabû",
"gw": "say",
"sense": "say",
"norm": "iqabbi",
"pos": "V",
"epos": "V"}
}
,
{
"node": "l",
"frag": "[o]",
"id": "P334890.l07756",
"ref": "P334890.8.5",
"inst": "u",
"f": {"lang": "akk-x-neoass",
"form": "o",
"pos": "u"}
}
,
{
"node": "d",
"type": "line-start",
"ref": "P334890.9",
"n": "6'",
"label": "r 6'"}
,
{
"node": "l",
"frag": "[la-aš₂]-ši-a-šu-nu",
"id": "P334890.l07757",
"ref": "P334890.9.1",
"inst": "našû[lift//take]V$laššiaššunu",
"sig": "@saao/saa15%akk-x-neoass:la-aš₂-ši-a-šu-nu=našû[lift//take]V'V$laššiaššunu",
"f": {"lang": "akk-x-neoass",
"form": "la-aš₂-ši-a-šu-nu",
"cf": "našû",
"gw": "lift",
"sense": "take",
"norm": "laššiaššunu",
"pos": "V",
"epos": "V"}
}
,
{
"node": "l",
"frag": "a-na\\t",
"id": "P334890.l07758",
"ref": "P334890.9.2",
"inst": "ana[to]PRP",
"sig": "@saao/saa15%akk-x-neoass:a-na=ana[to//to]PRP'PRP$ana",
"f": {"lang": "akk-x-neoass",
"form": "a-na",
"cf": "ana",
"gw": "to",
"sense": "to",
"norm": "ana",
"pos": "PRP",
"epos": "PRP"}
}
,
{
"node": "l",
"frag": "ša₂-a-šu",
"id": "P334890.l07759",
"ref": "P334890.9.3",
"inst": "šāšu[him]IP",
"sig": "@saao/saa15%akk-x-neoass:ša₂-a-šu=šâšu[him//him]IP'IP$šāšu",
"f": {"lang": "akk-x-neoass",
"form": "ša₂-a-šu",
"cf": "šâšu",
"gw": "him",
"sense": "him",
"norm": "šāšu",
"pos": "IP",
"epos": "IP"}
}
,
{
"node": "l",
"frag": "[o]",
"id": "P334890.l0775a",
"ref": "P334890.9.4",
"inst": "u",
"f": {"lang": "akk-x-neoass",
"form": "o",
"pos": "u"}
}
,
{
"node": "d",
"type": "line-start",
"ref": "P334890.10",
"n": "7'",
"label": "r 7'"}
,
{
"node": "l",
"frag": "[x",
"id": "P334890.l0775b",
"ref": "P334890.10.1",
"inst": "u",
"f": {"lang": "akk-x-neoass",
"form": "x",
"pos": "u"}
}
,
{
"node": "l",
"frag": "x",
"id": "P334890.l0775c",
"ref": "P334890.10.2",
"inst": "u",
"f": {"lang": "akk-x-neoass",
"form": "x",
"pos": "u"}
}
,
{
"node": "l",
"frag": "x]+⸢x⸣-e-šu",
"id": "P334890.l0775d",
"ref": "P334890.10.3",
"inst": "u",
"f": {"lang": "akk-x-neoass",
"form": "x+x-e-šu",
"pos": "u"}
}
,
{
"node": "l",
"frag": "lu-ra-am-me",
"id": "P334890.l0775e",
"ref": "P334890.10.4",
"inst": "ramû[slacken//release]V$luramme",
"sig": "@saao/saa15%akk-x-neoass:lu-ra-am-me=ramû[slacken//release]V'V$luramme",
"f": {"lang": "akk-x-neoass",
"form": "lu-ra-am-me",
"cf": "ramû",
"gw": "slacken",
"sense": "release",
"norm": "luramme",
"pos": "V",
"epos": "V"}
}
,
{
"node": "l",
"frag": "⸢x⸣+[x]",
"id": "P334890.l0775f",
"ref": "P334890.10.5",
"inst": "u",
"f": {"lang": "akk-x-neoass",
"form": "x+x",
"pos": "u"}
}
,
{
"node": "d",
"type": "line-start",
"ref": "P334890.11",
"n": "8'",
"label": "r 8'"}
,
{
"node": "l",
"frag": "[x",
"id": "P334890.l07760",
"ref": "P334890.11.1",
"inst": "u",
"f": {"lang": "akk-x-neoass",
"form": "x",
"pos": "u"}
}
,
{
"node": "l",
"frag": "x",
"id": "P334890.l07761",
"ref": "P334890.11.2",
"inst": "u",
"f": {"lang": "akk-x-neoass",
"form": "x",
"pos": "u"}
}
,
{
"node": "l",
"frag": "x]+⸢x⸣-nu",
"id": "P334890.l07762",
"ref": "P334890.11.3",
"inst": "u",
"f": {"lang": "akk-x-neoass",
"form": "x+x-nu",
"pos": "u"}
}
,
{
"node": "l",
"frag": "e-pa-aš₂-<$x$>-šu-ni",
"id": "P334890.l07763",
"ref": "P334890.11.4",
"inst": "epēšu[do]V$eppašūni",
"sig": "@saao/saa15%akk-x-neoass:e-pa-aš₂-x-šu-ni=epēšu[do//do]V'V$eppašūni",
"f": {"lang": "akk-x-neoass",
"form": "e-pa-aš₂-x-šu-ni",
"cf": "epēšu",
"gw": "do",
"sense": "do",
"norm": "eppašūni",
"pos": "V",
"epos": "V"}
}
,
{
"node": "l",
"frag": "[o]",
"id": "P334890.l07764",
"ref": "P334890.11.5",
"inst": "u",
"f": {"lang": "akk-x-neoass",
"form": "o",
"pos": "u"}
}
,
{
"node": "d",
"type": "line-start",
"ref": "P334890.12",
"n": "9'",
"label": "r 9'"}
,
{
"node": "l",
"frag": "[x",
"id": "P334890.l07765",
"ref": "P334890.12.1",
"inst": "u",
"f": {"lang": "akk-x-neoass",
"form": "x",
"pos": "u"}
}
,
{
"node": "l",
"frag": "i]-⸢ba⸣-aš₂-ši",
"id": "P334890.l07766",
"ref": "P334890.12.2",
"inst": "ibašši[exist//really]V'AV",
"sig": "@saao/saa15%akk-x-neoass:i-ba-aš₂-ši=bašû[exist//really]V'AV$ibašši",
"f": {"lang": "akk-x-neoass",
"form": "i-ba-aš₂-ši",
"cf": "bašû",
"gw": "exist",
"sense": "really",
"norm": "ibašši",
"pos": "V",
"epos": "AV"}
}
,
{
"node": "l",
"frag": "i-hal-⸢x⸣+[x",
"id": "P334890.l07767",
"ref": "P334890.12.3",
"inst": "u",
"f": {"lang": "akk-x-neoass",
"form": "i-hal-x+x",
"pos": "u"}
}
,
{
"node": "l",
"frag": "x",
"id": "P334890.l07768",
"ref": "P334890.12.4",
"inst": "u",
"f": {"lang": "akk-x-neoass",
"form": "x",
"pos": "u"}
}
,
{
"node": "l",
"frag": "x]",
"id": "P334890.l07769",
"ref": "P334890.12.5",
"inst": "u",
"f": {"lang": "akk-x-neoass",
"form": "x",
"pos": "u"}
}
,
{
"node": "d",
"type": "line-start",
"ref": "P334890.13",
"n": "10'",
"label": "r 10'"}
,
{
"node": "l",
"frag": "[x",
"id": "P334890.l0776a",
"ref": "P334890.13.1",
"inst": "u",
"f": {"lang": "akk-x-neoass",
"form": "x",
"pos": "u"}
}
,
{
"node": "l",
"frag": "{lu₂v}ERIM]-MAN-ia",
"id": "P334890.l0776b",
"ref": "P334890.13.2",
"cof-tails": "P334890.l0776c",
"inst": "ṣābu[people]N$ṣāb&šarru[king]N$šarrīya",
"sig": "@saao/saa15%akk-x-neoass:{LU₂}ERIM-MAN-ia=ṣābu[people//people]N'N$ṣāb&&@saao%akk-x-neoass:=šarru[king//king]N'N$šarrīya",
"f": {"lang": "akk-x-neoass",
"form": "{LU₂}ERIM-MAN-ia",
"cf": "ṣābu",
"gw": "people",
"sense": "people",
"norm": "ṣāb",
"pos": "N",
"epos": "N"}
}
,
{
"node": "l",
"frag": "{lu₂v}ERIM]-MAN-ia",
"id": "P334890.l0776c",
"ref": "P334890.13.2",
"cof-head": "P334890.l0776b",
"inst": "ṣābu[people]N$ṣāb&šarru[king]N$šarrīya",
"tail-sig": "@saao%akk-x-neoass:=šarru[king//king]N'N$šarrīya",
"f": {"lang": "akk-x-neoass",
"form": "{LU₂}ERIM-MAN-ia",
"cf": "šarru",
"gw": "king",
"sense": "king",
"norm": "šarrīya",
"pos": "N",
"epos": "N"}
}
,
{
"node": "l",
"frag": "šu-u",
"id": "P334890.l0776d",
"ref": "P334890.13.3",
"inst": "šû[he]IP",
"sig": "@saao/saa15%akk-x-neoass:šu-u=šū[he//he]IP'IP$šû",
"f": {"lang": "akk-x-neoass",
"form": "šu-u",
"cf": "šū",
"gw": "he",
"sense": "he",
"norm": "šû",
"pos": "IP",
"epos": "IP"}
}
,
{
"node": "l",
"frag": "a-na\\t",
"id": "P334890.l0776e",
"ref": "P334890.13.4",
"inst": "ana[to]PRP",
"sig": "@saao/saa15%akk-x-neoass:a-na=ana[to//to]PRP'PRP$ana",
"f": {"lang": "akk-x-neoass",
"form": "a-na",
"cf": "ana",
"gw": "to",
"sense": "to",
"norm": "ana",
"pos": "PRP",
"epos": "PRP"}
}
,
{
"node": "l",
"frag": "ki-[x",
"id": "P334890.l0776f",
"ref": "P334890.13.5",
"inst": "u",
"f": {"lang": "akk-x-neoass",
"form": "ki-x",
"pos": "u"}
}
,
{
"node": "l",
"frag": "x]",
"id": "P334890.l07770",
"ref": "P334890.13.6",
"inst": "u",
"f": {"lang": "akk-x-neoass",
"form": "x",
"pos": "u"}
}
,
{
"node": "d",
"type": "line-start",
"ref": "P334890.14",
"n": "11'",
"label": "r 11'"}
,
{
"node": "l",
"frag": "[x",
"id": "P334890.l07771",
"ref": "P334890.14.1",
"inst": "u",
"f": {"lang": "akk-x-neoass",
"form": "x",
"pos": "u"}
}
,
{
"node": "l",
"frag": "x]+⸢x⸣",
"id": "P334890.l07772",
"ref": "P334890.14.2",
"inst": "u",
"f": {"lang": "akk-x-neoass",
"form": "x+x",
"pos": "u"}
}
,
{
"node": "l",
"frag": "ip-ta-la-ah",
"id": "P334890.l07773",
"ref": "P334890.14.3",
"inst": "palāhu[fear]V$iptalah",
"sig": "@saao/saa15%akk-x-neoass:ip-ta-la-ah=palāhu[fear//fear]V'V$iptalah",
"f": {"lang": "akk-x-neoass",
"form": "ip-ta-la-ah",
"cf": "palāhu",
"gw": "fear",
"sense": "fear",
"norm": "iptalah",
"pos": "V",
"epos": "V"}
}
,
{
"node": "l",
"frag": "[x",
"id": "P334890.l07774",
"ref": "P334890.14.4",
"inst": "u",
"f": {"lang": "akk-x-neoass",
"form": "x",
"pos": "u"}
}
,
{
"node": "l",
"frag": "x",
"id": "P334890.l07775",
"ref": "P334890.14.5",
"inst": "u",
"f": {"lang": "akk-x-neoass",
"form": "x",
"pos": "u"}
}
,
{
"node": "l",
"frag": "x",
"id": "P334890.l07776",
"ref": "P334890.14.6",
"inst": "u",
"f": {"lang": "akk-x-neoass",
"form": "x",
"pos": "u"}
}
,
{
"node": "l",
"frag": "x]",
"id": "P334890.l07777",
"ref": "P334890.14.7",
"inst": "u",
"f": {"lang": "akk-x-neoass",
"form": "x",
"pos": "u"}
}
,
{
"node": "d",
"type": "line-start",
"ref": "P334890.15",
"n": "12'",
"label": "r 12'"}
,
{
"node": "l",
"frag": "[x",
"id": "P334890.l07778",
"ref": "P334890.15.1",
"inst": "u",
"f": {"lang": "akk-x-neoass",
"form": "x",
"pos": "u"}
}
,
{
"node": "l",
"frag": "x]",
"id": "P334890.l07779",
"ref": "P334890.15.2",
"inst": "u",
"f": {"lang": "akk-x-neoass",
"form": "x",
"pos": "u"}
}
,
{
"node": "l",
"frag": "ih-te-ri-di",
"id": "P334890.l0777a",
"ref": "P334890.15.3",
"inst": "harādu[be(come) awake//alert]V$ihterīdi",
"sig": "@saao/saa15%akk-x-neoass:ih-te-ri-di=harādu[be(come) awake//alert]V'V$ihterīdi",
"f": {"lang": "akk-x-neoass",
"form": "ih-te-ri-di",
"cf": "harādu",
"gw": "be(come) awake",
"sense": "alert",
"norm": "ihterīdi",
"pos": "V",
"epos": "V"}
}
,
{
"node": "l",
"frag": "[x",
"id": "P334890.l0777b",
"ref": "P334890.15.4",
"inst": "u",
"f": {"lang": "akk-x-neoass",
"form": "x",
"pos": "u"}
}
,
{
"node": "l",
"frag": "x",
"id": "P334890.l0777c",
"ref": "P334890.15.5",
"inst": "u",
"f": {"lang": "akk-x-neoass",
"form": "x",
"pos": "u"}
}
,
{
"node": "l",
"frag": "x",
"id": "P334890.l0777d",
"ref": "P334890.15.6",
"inst": "u",
"f": {"lang": "akk-x-neoass",
"form": "x",
"pos": "u"}
}
,
{
"node": "l",
"frag": "x]",
"id": "P334890.l0777e",
"ref": "P334890.15.7",
"inst": "u",
"f": {"lang": "akk-x-neoass",
"form": "x",
"pos": "u"}
}
,
{
"node": "d",
"type": "line-start",
"ref": "P334890.16",
"n": "13'",
"label": "r 13'"}
,
{
"node": "l",
"frag": "[x",
"id": "P334890.l0777f",
"ref": "P334890.16.1",
"inst": "u",
"f": {"lang": "akk-x-neoass",
"form": "x",
"pos": "u"}
}
,
{
"node": "l",
"frag": "x",
"id": "P334890.l07780",
"ref": "P334890.16.2",
"inst": "u",
"f": {"lang": "akk-x-neoass",
"form": "x",
"pos": "u"}
}
,
{
"node": "l",
"frag": "x]-⸢e⸣-ša₂",
"id": "P334890.l07781",
"ref": "P334890.16.3",
"inst": "u",
"f": {"lang": "akk-x-neoass",
"form": "x-e-ša₂",
"pos": "u"}
}
,
{
"node": "l",
"frag": "u₂\\m-ra-[x",
"id": "P334890.l07782",
"ref": "P334890.16.4",
"inst": "u",
"f": {"lang": "akk-x-neoass",
"form": "u₂-ra-x",
"pos": "u"}
}
,
{
"node": "l",
"frag": "x",
"id": "P334890.l07783",
"ref": "P334890.16.5",
"inst": "u",
"f": {"lang": "akk-x-neoass",
"form": "x",
"pos": "u"}
}
,
{
"node": "l",
"frag": "x",
"id": "P334890.l07784",
"ref": "P334890.16.6",
"inst": "u",
"f": {"lang": "akk-x-neoass",
"form": "x",
"pos": "u"}
}
,
{
"node": "l",
"frag": "x]",
"id": "P334890.l07785",
"ref": "P334890.16.7",
"inst": "u",
"f": {"lang": "akk-x-neoass",
"form": "x",
"pos": "u"}
}
,
{
"node": "d",
"type": "line-start",
"ref": "P334890.17",
"n": "14'",
"label": "r 14'"}
,
{
"node": "l",
"frag": "[x",
"id": "P334890.l07786",
"ref": "P334890.17.1",
"inst": "u",
"f": {"lang": "akk-x-neoass",
"form": "x",
"pos": "u"}
}
,
{
"node": "l",
"frag": "x",
"id": "P334890.l07787",
"ref": "P334890.17.2",
"inst": "u",
"f": {"lang": "akk-x-neoass",
"form": "x",
"pos": "u"}
}
,
{
"node": "l",
"frag": "x",
"id": "P334890.l07788",
"ref": "P334890.17.3",
"inst": "u",
"f": {"lang": "akk-x-neoass",
"form": "x",
"pos": "u"}
}
,
{
"node": "l",
"frag": "x]+⸢x⸣",
"id": "P334890.l07789",
"ref": "P334890.17.4",
"inst": "u",
"f": {"lang": "akk-x-neoass",
"form": "x+x",
"pos": "u"}
}
,
{
"node": "l",
"frag": "u₂\\m-ra-[x",
"id": "P334890.l0778a",
"ref": "P334890.17.5",
"inst": "u",
"f": {"lang": "akk-x-neoass",
"form": "u₂-ra-x",
"pos": "u"}
}
,
{
"node": "l",
"frag": "x",
"id": "P334890.l0778b",
"ref": "P334890.17.6",
"inst": "u",
"f": {"lang": "akk-x-neoass",
"form": "x",
"pos": "u"}
}
,
{
"node": "l",
"frag": "x",
"id": "P334890.l0778c",
"ref": "P334890.17.7",
"inst": "u",
"f": {"lang": "akk-x-neoass",
"form": "x",
"pos": "u"}
}
,
{
"node": "l",
"frag": "x]",
"id": "P334890.l0778d",
"ref": "P334890.17.8",
"inst": "u",
"f": {"lang": "akk-x-neoass",
"form": "x",
"pos": "u"}
}
,
{
"node": "d",
"type": "nonx",
"ref": "P334890.18",
"strict": "0",
"extent": "rest",
"state": "missing"}
]}
]}
]}
]}
