{
"type": "cdl",
  "source": "http://oracc.org/saao/saa15",
  "license": "This data is released under the CC0 license",
  "license-url": "https://creativecommons.org/publicdomain/zero/1.0/",
  "more-info": "http://oracc.org/doc/opendata/",
  "UTC-timestamp": "2017-05-19T11:53:46",
"project": "saao/saa15",
"textid": "P334596",
"cdl": [
{
"node": "c",
"type": "text",
"id": "P334596.U0",
"cdl": [
{
"node": "d",
"type": "object",
"ref": ""}
,
{
"node": "d",
"subtype": "obverse",
"type": "surface",
"ref": "P334596.o.1",
"type": "obverse",
"label": "o"}
,
{
"node": "d",
"type": "nonx",
"ref": "P334596.2",
"strict": "0",
"extent": "beginning",
"state": "missing"}
,
{
"node": "c",
"type": "discourse",
"subtype": "body",
"id": "P334596.U1",
"cdl": [
{
"node": "c",
"type": "sentence",
"id": "P334596.U2",
"label": "o 1' - r 4",
"cdl": [
{
"node": "d",
"type": "line-start",
"ref": "P334596.3",
"n": "1'",
"label": "o 1'"}
,
{
"node": "l",
"frag": "[x",
"id": "P334596.l03f35",
"ref": "P334596.3.1",
"inst": "u",
"f": {"lang": "akk-x-neoass",
"form": "x",
"pos": "u"}
}
,
{
"node": "l",
"frag": "x",
"id": "P334596.l03f36",
"ref": "P334596.3.2",
"inst": "u",
"f": {"lang": "akk-x-neoass",
"form": "x",
"pos": "u"}
}
,
{
"node": "l",
"frag": "x",
"id": "P334596.l03f37",
"ref": "P334596.3.3",
"inst": "u",
"f": {"lang": "akk-x-neoass",
"form": "x",
"pos": "u"}
}
,
{
"node": "l",
"frag": "x",
"id": "P334596.l03f38",
"ref": "P334596.3.4",
"inst": "u",
"f": {"lang": "akk-x-neoass",
"form": "x",
"pos": "u"}
}
,
{
"node": "l",
"frag": "x]-an-ni",
"id": "P334596.l03f39",
"ref": "P334596.3.5",
"inst": "u",
"f": {"lang": "akk-x-neoass",
"form": "x-an-ni",
"pos": "u"}
}
,
{
"node": "l",
"frag": "[o]",
"id": "P334596.l03f3a",
"ref": "P334596.3.6",
"inst": "u",
"f": {"lang": "akk-x-neoass",
"form": "o",
"pos": "u"}
}
,
{
"node": "d",
"type": "line-start",
"ref": "P334596.4",
"n": "2'",
"label": "o 2'"}
,
{
"node": "l",
"frag": "[x",
"id": "P334596.l03f3b",
"ref": "P334596.4.1",
"inst": "u",
"f": {"lang": "akk-x-neoass",
"form": "x",
"pos": "u"}
}
,
{
"node": "l",
"frag": "x",
"id": "P334596.l03f3c",
"ref": "P334596.4.2",
"inst": "u",
"f": {"lang": "akk-x-neoass",
"form": "x",
"pos": "u"}
}
,
{
"node": "l",
"frag": "x]+⸢x⸣-ta-na-⸢x⸣+[x]",
"id": "P334596.l03f3d",
"ref": "P334596.4.3",
"inst": "u",
"f": {"lang": "akk-x-neoass",
"form": "x+x-ta-na-x+x",
"pos": "u"}
}
,
{
"node": "d",
"type": "line-start",
"ref": "P334596.5",
"n": "3'",
"label": "o 3'"}
,
{
"node": "c",
"type": "phrase",
"tag": "phr",
"id": "P334596.U4",
"ref": "P334596.ls00000",
"cdl": [
{
"node": "l",
"frag": "[ina",
"id": "P334596.l03f3e",
"ref": "P334596.5.1",
"inst": "ina[in+=to]PRP",
"sig": "@saao/saa15%akk-x-neoass:ina=ina[in//in]PRP'PRP$ina",
"f": {"lang": "akk-x-neoass",
"form": "ina",
"cf": "ina",
"gw": "in",
"sense": "in",
"norm": "ina",
"pos": "PRP",
"epos": "PRP"}
}
,
{
"node": "l",
"frag": "IGI",
"id": "P334596.l03f3f",
"ref": "P334596.5.2",
"inst": "pān[front]N",
"sig": "@saao/saa15%akk-x-neoass:IGI=pānu[front//front]N'N$pān",
"f": {"lang": "akk-x-neoass",
"form": "IGI",
"cf": "pānu",
"gw": "front",
"sense": "front",
"norm": "pān",
"pos": "N",
"epos": "N"}
}
]}
,
{
"node": "l",
"frag": "LUGAL]",
"id": "P334596.l03f40",
"ref": "P334596.5.3",
"inst": "šarri[king]N",
"sig": "@saao/saa15%akk-x-neoass:LUGAL=šarru[king//king]N'N$šarri",
"f": {"lang": "akk-x-neoass",
"form": "LUGAL",
"cf": "šarru",
"gw": "king",
"sense": "king",
"norm": "šarri",
"pos": "N",
"epos": "N"}
}
,
{
"node": "l",
"frag": "be-li₂-ia",
"id": "P334596.l03f41",
"ref": "P334596.5.4",
"inst": "bēlīya[lord]N",
"sig": "@saao/saa15%akk-x-neoass:be-li₂-ia=bēlu[lord//lord]N'N$bēlīya",
"f": {"lang": "akk-x-neoass",
"form": "be-li₂-ia",
"cf": "bēlu",
"gw": "lord",
"sense": "lord",
"norm": "bēlīya",
"pos": "N",
"epos": "N"}
}
,
{
"node": "d",
"type": "line-start",
"ref": "P334596.6",
"n": "4'",
"label": "o 4'"}
,
{
"node": "l",
"frag": "[u₂-se]-bi-la-aš₂-ši",
"id": "P334596.l03f42",
"ref": "P334596.6.1",
"inst": "wabālu[bring//send]V$ussēbilašši",
"sig": "@saao/saa15%akk-x-neoass:u₂-se-bi-la-aš₂-ši=wabālu[bring//send]V'V$ussēbilašši",
"f": {"lang": "akk-x-neoass",
"form": "u₂-se-bi-la-aš₂-ši",
"cf": "wabālu",
"gw": "bring",
"sense": "send",
"norm": "ussēbilašši",
"pos": "V",
"epos": "V"}
}
,
{
"node": "d",
"type": "line-start",
"ref": "P334596.7",
"n": "5'",
"label": "o 5'"}
,
{
"node": "l",
"frag": "u₃",
"id": "P334596.l03f43",
"ref": "P334596.7.1",
"inst": "u[and]CNJ",
"sig": "@saao/saa15%akk-x-neoass:u₃=u[and//and]CNJ'CNJ$u",
"f": {"lang": "akk-x-neoass",
"form": "u₃",
"cf": "u",
"gw": "and",
"sense": "and",
"norm": "u",
"pos": "CNJ",
"epos": "CNJ"}
}
,
{
"node": "l",
"frag": "{lu₂v}qe-e-pu",
"id": "P334596.l03f44",
"ref": "P334596.7.2",
"inst": "qīpu[representative//(royal) delegate]N$qēpu",
"sig": "@saao/saa15%akk-x-neoass:{LU₂}qe-e-pu=qīpu[representative//(royal) delegate]N'N$qēpu",
"f": {"lang": "akk-x-neoass",
"form": "{LU₂}qe-e-pu",
"cf": "qīpu",
"gw": "representative",
"sense": "(royal) delegate",
"norm": "qēpu",
"pos": "N",
"epos": "N"}
}
,
{
"node": "d",
"type": "line-start",
"ref": "P334596.8",
"n": "6'",
"label": "o 6'"}
,
{
"node": "l",
"frag": "ša",
"id": "P334596.l03f45",
"ref": "P334596.8.1",
"inst": "ša[of]DET",
"sig": "@saao/saa15%akk-x-neoass:ša=ša[of//of]DET'DET$ša",
"f": {"lang": "akk-x-neoass",
"form": "ša",
"cf": "ša",
"gw": "of",
"sense": "of",
"norm": "ša",
"pos": "DET",
"epos": "DET"}
}
,
{
"node": "l",
"frag": "{uru}de-e-ri",
"id": "P334596.l03f46",
"ref": "P334596.8.2",
"inst": "Deri[Der]GN",
"sig": "@saao/saa15%akk-x-neoass:{URU}de-e-ri=Deru[Der//Der]GN'GN$Deri",
"f": {"lang": "akk-x-neoass",
"form": "{URU}de-e-ri",
"cf": "Deru",
"gw": "Der",
"sense": "Der",
"norm": "Deri",
"pos": "GN",
"epos": "GN"}
}
,
{
"node": "d",
"type": "line-start",
"ref": "P334596.9",
"n": "7'",
"label": "o 7'"}
,
{
"node": "l",
"frag": "is-sa-pa-ra",
"id": "P334596.l03f47",
"ref": "P334596.9.1",
"inst": "šapāru[send//write]V$issapāra",
"sig": "@saao/saa15%akk-x-neoass:is-sa-pa-ra=šapāru[send//write]V'V$issapāra",
"f": {"lang": "akk-x-neoass",
"form": "is-sa-pa-ra",
"cf": "šapāru",
"gw": "send",
"sense": "write",
"norm": "issapāra",
"pos": "V",
"epos": "V"}
}
,
{
"node": "l",
"frag": "ma-a",
"id": "P334596.l03f48",
"ref": "P334596.9.2",
"inst": "mā[saying]PRP",
"sig": "@saao/saa15%akk-x-neoass:ma-a=mā[saying//saying]PRP'PRP$mā",
"f": {"lang": "akk-x-neoass",
"form": "ma-a",
"cf": "mā",
"gw": "saying",
"sense": "saying",
"norm": "mā",
"pos": "PRP",
"epos": "PRP"}
}
,
{
"node": "d",
"type": "line-start",
"ref": "P334596.10",
"n": "8'",
"label": "o 8'"}
,
{
"node": "l",
"frag": "02",
"id": "P334596.l03f49",
"ref": "P334596.10.1",
"inst": "n",
"f": {"lang": "akk-x-neoass",
"form": "02",
"pos": "n"}
}
,
{
"node": "l",
"frag": "lim",
"id": "P334596.l03f4a",
"ref": "P334596.10.2",
"inst": "līmu[thousand]NU",
"sig": "@saao/saa15%akk-x-neoass:lim=līm[thousand//thousand]NU'NU$līmu",
"f": {"lang": "akk-x-neoass",
"form": "lim",
"cf": "līm",
"gw": "thousand",
"sense": "thousand",
"norm": "līmu",
"pos": "NU",
"epos": "NU"}
}
,
{
"node": "l",
"frag": "{lu₂v}ERIM-MEŠ",
"id": "P334596.l03f4b",
"ref": "P334596.10.3",
"inst": "ṣābāni[troops]N",
"sig": "@saao/saa15%akk-x-neoass:{LU₂}ERIM-MEŠ=ṣābu[people//troops]N'N$ṣābāni",
"f": {"lang": "akk-x-neoass",
"form": "{LU₂}ERIM-MEŠ",
"cf": "ṣābu",
"gw": "people",
"sense": "troops",
"norm": "ṣābāni",
"pos": "N",
"epos": "N"}
}
,
{
"node": "d",
"type": "line-start",
"ref": "P334596.11",
"n": "9'",
"label": "o 9'"}
,
{
"node": "l",
"frag": "še-bi-la",
"id": "P334596.l03f4c",
"ref": "P334596.11.1",
"inst": "šēbila[send]V",
"sig": "@saao/saa15%akk-x-neoass:še-bi-la=wabālu[bring//send]V'V$šēbila",
"f": {"lang": "akk-x-neoass",
"form": "še-bi-la",
"cf": "wabālu",
"gw": "bring",
"sense": "send",
"norm": "šēbila",
"pos": "V",
"epos": "V"}
}
,
{
"node": "l",
"frag": "u₃",
"id": "P334596.l03f4d",
"ref": "P334596.11.2",
"inst": "u[and]CNJ",
"sig": "@saao/saa15%akk-x-neoass:u₃=u[and//and]CNJ'CNJ$u",
"f": {"lang": "akk-x-neoass",
"form": "u₃",
"cf": "u",
"gw": "and",
"sense": "and",
"norm": "u",
"pos": "CNJ",
"epos": "CNJ"}
}
,
{
"node": "l",
"frag": "ERIM-MEŠ",
"id": "P334596.l03f4e",
"ref": "P334596.11.3",
"inst": "ṣābāni[troops]N",
"sig": "@saao/saa15%akk-x-neoass:ERIM-MEŠ=ṣābu[people//troops]N'N$ṣābāni",
"f": {"lang": "akk-x-neoass",
"form": "ERIM-MEŠ",
"cf": "ṣābu",
"gw": "people",
"sense": "troops",
"norm": "ṣābāni",
"pos": "N",
"epos": "N"}
}
,
{
"node": "d",
"type": "line-start",
"ref": "P334596.12",
"n": "10'",
"label": "o 10'"}
,
{
"node": "l",
"frag": "TA@v",
"id": "P334596.l03f4f",
"ref": "P334596.12.1",
"inst": "issu[from]PRP",
"sig": "@saao/saa15%akk-x-neoass:TA@v=ištu[from//from]PRP'PRP$issu",
"f": {"lang": "akk-x-neoass",
"form": "TA@v",
"cf": "ištu",
"gw": "from",
"sense": "from",
"norm": "issu",
"pos": "PRP",
"epos": "PRP"}
}
,
{
"node": "l",
"frag": "an-na-ka",
"id": "P334596.l03f50",
"ref": "P334596.12.2",
"inst": "annāka[here]AV",
"sig": "@saao/saa15%akk-x-neoass:an-na-ka=annaka[here//here]AV'AV$annāka",
"f": {"lang": "akk-x-neoass",
"form": "an-na-ka",
"cf": "annaka",
"gw": "here",
"sense": "here",
"norm": "annāka",
"pos": "AV",
"epos": "AV"}
}
,
{
"node": "d",
"subtype": "reverse",
"type": "surface",
"ref": "P334596.r.13",
"type": "reverse",
"label": "r"}
,
{
"node": "d",
"type": "line-start",
"ref": "P334596.14",
"n": "1",
"label": "r 1"}
,
{
"node": "l",
"frag": "a-na",
"id": "P334596.l03f51",
"ref": "P334596.14.1",
"inst": "ana[to]PRP",
"sig": "@saao/saa15%akk-x-neoass:a-na=ana[to//to]PRP'PRP$ana",
"f": {"lang": "akk-x-neoass",
"form": "a-na",
"cf": "ana",
"gw": "to",
"sense": "to",
"norm": "ana",
"pos": "PRP",
"epos": "PRP"}
}
,
{
"node": "l",
"frag": "{uru}HAL.ṢU-MEŠ",
"id": "P334596.l03f52",
"ref": "P334596.14.2",
"inst": "bīrāti[fort]N",
"sig": "@saao/saa15%akk-x-neoass:{URU}HAL.ṢU-MEŠ=birtu[fort//fort]N'N$bīrāti",
"f": {"lang": "akk-x-neoass",
"form": "{URU}HAL.ṢU-MEŠ",
"cf": "birtu",
"gw": "fort",
"sense": "fort",
"norm": "bīrāti",
"pos": "N",
"epos": "N"}
}
,
{
"node": "d",
"type": "line-start",
"ref": "P334596.15",
"n": "2",
"label": "r 2"}
,
{
"node": "l",
"frag": "la",
"id": "P334596.l03f53",
"ref": "P334596.15.1",
"inst": "lā[not]MOD",
"sig": "@saao/saa15%akk-x-neoass:la=lā[not//not]MOD'MOD$lā",
"f": {"lang": "akk-x-neoass",
"form": "la",
"cf": "lā",
"gw": "not",
"sense": "not",
"norm": "lā",
"pos": "MOD",
"epos": "MOD"}
}
,
{
"node": "l",
"frag": "i-sa-pi-qu",
"id": "P334596.l03f54",
"ref": "P334596.15.2",
"inst": "sapāqu[be(come) sufficient]V$isappiqu",
"sig": "@saao/saa15%akk-x-neoass:i-sa-pi-qu=sapāqu[be(come) sufficient//be(come) sufficient]V'V$isappiqu",
"f": {"lang": "akk-x-neoass",
"form": "i-sa-pi-qu",
"cf": "sapāqu",
"gw": "be(come) sufficient",
"sense": "be(come) sufficient",
"norm": "isappiqu",
"pos": "V",
"epos": "V"}
}
,
{
"node": "d",
"type": "line-start",
"ref": "P334596.16",
"n": "3",
"label": "r 3"}
,
{
"node": "l",
"frag": "TA@v",
"id": "P334596.l03f55",
"ref": "P334596.16.1",
"inst": "issu[from]PRP",
"sig": "@saao/saa15%akk-x-neoass:TA@v=ištu[from//from]PRP'PRP$issu",
"f": {"lang": "akk-x-neoass",
"form": "TA@v",
"cf": "ištu",
"gw": "from",
"sense": "from",
"norm": "issu",
"pos": "PRP",
"epos": "PRP"}
}
,
{
"node": "l",
"frag": "a-a-ka",
"id": "P334596.l03f56",
"ref": "P334596.16.2",
"inst": "ayyaka[where?]QP$ayāka",
"sig": "@saao/saa15%akk-x-neoass:a-a-ka=ayyaka[where?//where?]QP'QP$ayāka",
"f": {"lang": "akk-x-neoass",
"form": "a-a-ka",
"cf": "ayyaka",
"gw": "where?",
"sense": "where?",
"norm": "ayāka",
"pos": "QP",
"epos": "QP"}
}
,
{
"node": "l",
"frag": "ERIM-MEŠ",
"id": "P334596.l03f57",
"ref": "P334596.16.3",
"inst": "ṣābāni[troops]N",
"sig": "@saao/saa15%akk-x-neoass:ERIM-MEŠ=ṣābu[people//troops]N'N$ṣābāni",
"f": {"lang": "akk-x-neoass",
"form": "ERIM-MEŠ",
"cf": "ṣābu",
"gw": "people",
"sense": "troops",
"norm": "ṣābāni",
"pos": "N",
"epos": "N"}
}
,
{
"node": "d",
"type": "line-start",
"ref": "P334596.17",
"n": "4",
"label": "r 4"}
,
{
"node": "l",
"frag": "lu-še-bi-la-aš₂-šu₂",
"id": "P334596.l03f58",
"ref": "P334596.17.1",
"inst": "wabālu[bring//send]V$lušēbilaššu",
"sig": "@saao/saa15%akk-x-neoass:lu-še-bi-la-aš₂-šu₂=wabālu[bring//send]V'V$lušēbilaššu",
"f": {"lang": "akk-x-neoass",
"form": "lu-še-bi-la-aš₂-šu₂",
"cf": "wabālu",
"gw": "bring",
"sense": "send",
"norm": "lušēbilaššu",
"pos": "V",
"epos": "V"}
}
]}
]}
]}
,
{
"linkbase": [{
"type": "linkset",
"xlink_title": "ina pān[in the presence of//at the disposal of]PRP'PRP",
"id": "P334596.ls00000",
"xlink_type": "extended",
"xlink_role": "psu",
"sig": "{ina[in]PRP pānu[front]N += ina pān[in the presence of//at the disposal of]PRP'PRP}::@saao%akk-x-neoass:ina=ina[in//into]PRP'PRP$ina++@saao%akk-x-neoass:IGI=pānu[front//front]N'N$pān",
"links": [
{
"type": "link",
"xlink_title": "ina",
"xlink_type": "locator",
"xlink_href": "#P334596.l03f3e",
"xlink_role": "elt"}
,
{
"type": "link",
"xlink_title": "pān",
"xlink_type": "locator",
"xlink_href": "#P334596.l03f3f",
"xlink_role": "elt"}
]}
]}
]}
