{
"type": "cdl",
  "source": "http://oracc.org/saao/saa15",
  "license": "This data is released under the CC0 license",
  "license-url": "https://creativecommons.org/publicdomain/zero/1.0/",
  "more-info": "http://oracc.org/doc/opendata/",
  "UTC-timestamp": "2017-05-19T11:53:49",
"project": "saao/saa15",
"textid": "P334711",
"cdl": [
{
"node": "c",
"type": "text",
"id": "P334711.U0",
"cdl": [
{
"node": "d",
"type": "object",
"ref": ""}
,
{
"node": "d",
"subtype": "obverse",
"type": "surface",
"ref": "P334711.o.1",
"type": "obverse",
"label": "o"}
,
{
"node": "d",
"type": "nonx",
"ref": "P334711.2",
"strict": "0",
"state": "other"}
,
{
"node": "d",
"subtype": "reverse",
"type": "surface",
"ref": "P334711.r.3",
"type": "reverse",
"label": "r"}
,
{
"node": "d",
"type": "nonx",
"ref": "P334711.4",
"strict": "0",
"extent": "beginning",
"state": "missing"}
,
{
"node": "c",
"type": "discourse",
"subtype": "body",
"id": "P334711.U1",
"cdl": [
{
"node": "c",
"type": "sentence",
"id": "P334711.U2",
"label": "r 1' - e. 1",
"cdl": [
{
"node": "d",
"type": "line-start",
"ref": "P334711.5",
"n": "1'",
"label": "r 1'"}
,
{
"node": "l",
"frag": "[x",
"id": "P334711.l062e3",
"ref": "P334711.5.1",
"inst": "u",
"f": {"lang": "akk-x-neoass",
"form": "x",
"pos": "u"}
}
,
{
"node": "l",
"frag": "x",
"id": "P334711.l062e4",
"ref": "P334711.5.2",
"inst": "u",
"f": {"lang": "akk-x-neoass",
"form": "x",
"pos": "u"}
}
,
{
"node": "l",
"frag": "x]",
"id": "P334711.l062e5",
"ref": "P334711.5.3",
"inst": "u",
"f": {"lang": "akk-x-neoass",
"form": "x",
"pos": "u"}
}
,
{
"node": "l",
"frag": "⸢x-ni⸣",
"id": "P334711.l062e6",
"ref": "P334711.5.4",
"inst": "u",
"f": {"lang": "akk-x-neoass",
"form": "x-ni",
"pos": "u"}
}
,
{
"node": "l",
"frag": "i-ma-qu-tu-⸢ni⸣",
"id": "P334711.l062e7",
"ref": "P334711.5.5",
"inst": "maqātu[fall]V$imaqqutūni",
"sig": "@saao/saa15%akk-x-neoass:i-ma-qu-tu-ni=maqātu[fall//fall]V'V$imaqqutūni",
"f": {"lang": "akk-x-neoass",
"form": "i-ma-qu-tu-ni",
"cf": "maqātu",
"gw": "fall",
"sense": "fall",
"norm": "imaqqutūni",
"pos": "V",
"epos": "V"}
}
,
{
"node": "l",
"frag": "[x",
"id": "P334711.l062e8",
"ref": "P334711.5.6",
"inst": "u",
"f": {"lang": "akk-x-neoass",
"form": "x",
"pos": "u"}
}
,
{
"node": "l",
"frag": "x",
"id": "P334711.l062e9",
"ref": "P334711.5.7",
"inst": "u",
"f": {"lang": "akk-x-neoass",
"form": "x",
"pos": "u"}
}
,
{
"node": "l",
"frag": "x",
"id": "P334711.l062ea",
"ref": "P334711.5.8",
"inst": "u",
"f": {"lang": "akk-x-neoass",
"form": "x",
"pos": "u"}
}
,
{
"node": "l",
"frag": "x]",
"id": "P334711.l062eb",
"ref": "P334711.5.9",
"inst": "u",
"f": {"lang": "akk-x-neoass",
"form": "x",
"pos": "u"}
}
,
{
"node": "d",
"type": "line-start",
"ref": "P334711.6",
"n": "2'",
"label": "r 2'"}
,
{
"node": "l",
"frag": "[la]",
"id": "P334711.l062ec",
"ref": "P334711.6.1",
"inst": "lā[not]MOD",
"sig": "@saao/saa15%akk-x-neoass:la=lā[not//not]MOD'MOD$lā",
"f": {"lang": "akk-x-neoass",
"form": "la",
"cf": "lā",
"gw": "not",
"sense": "not",
"norm": "lā",
"pos": "MOD",
"epos": "MOD"}
}
,
{
"node": "l",
"frag": "ep-pa-aš₂",
"id": "P334711.l062ed",
"ref": "P334711.6.2",
"inst": "eppaš[do]V",
"sig": "@saao/saa15%akk-x-neoass:ep-pa-aš₂=epēšu[do//do]V'V$eppaš",
"f": {"lang": "akk-x-neoass",
"form": "ep-pa-aš₂",
"cf": "epēšu",
"gw": "do",
"sense": "do",
"norm": "eppaš",
"pos": "V",
"epos": "V"}
}
,
{
"node": "l",
"frag": "{giš}MES.MA₂.GAN\\m.NA",
"id": "P334711.l062ee",
"ref": "P334711.6.3",
"inst": "musukkannī[Magan-tree]N",
"sig": "@saao/saa15%akk-x-neoass:{GIŠ}MES.MA₂.GAN.NA=musukkannu[Magan-tree//Magan-tree]N'N$musukkannī",
"f": {"lang": "akk-x-neoass",
"form": "{GIŠ}MES.MA₂.GAN.NA",
"cf": "musukkannu",
"gw": "Magan-tree",
"sense": "Magan-tree",
"norm": "musukkannī",
"pos": "N",
"epos": "N"}
}
,
{
"node": "l",
"frag": "[x",
"id": "P334711.l062ef",
"ref": "P334711.6.4",
"inst": "u",
"f": {"lang": "akk-x-neoass",
"form": "x",
"pos": "u"}
}
,
{
"node": "l",
"frag": "x",
"id": "P334711.l062f0",
"ref": "P334711.6.5",
"inst": "u",
"f": {"lang": "akk-x-neoass",
"form": "x",
"pos": "u"}
}
,
{
"node": "l",
"frag": "x]",
"id": "P334711.l062f1",
"ref": "P334711.6.6",
"inst": "u",
"f": {"lang": "akk-x-neoass",
"form": "x",
"pos": "u"}
}
,
{
"node": "d",
"type": "line-start",
"ref": "P334711.7",
"n": "3'",
"label": "r 3'"}
,
{
"node": "l",
"frag": "⸢a⸣-na",
"id": "P334711.l062f2",
"ref": "P334711.7.1",
"inst": "ana[for]PRP",
"sig": "@saao/saa15%akk-x-neoass:a-na=ana[to//for]PRP'PRP$ana",
"f": {"lang": "akk-x-neoass",
"form": "a-na",
"cf": "ana",
"gw": "to",
"sense": "for",
"norm": "ana",
"pos": "PRP",
"epos": "PRP"}
}
,
{
"node": "l",
"frag": "DIB",
"id": "P334711.l062f3",
"ref": "P334711.7.2",
"inst": "ṣabātu[seize//taking]V'N$ṣabāt",
"sig": "@saao/saa15%akk-x-neoass:DIB=ṣabātu[seize//taking]V'N$ṣabāt",
"f": {"lang": "akk-x-neoass",
"form": "DIB",
"cf": "ṣabātu",
"gw": "seize",
"sense": "taking",
"norm": "ṣabāt",
"pos": "V",
"epos": "N"}
}
,
{
"node": "l",
"frag": "KIN",
"id": "P334711.l062f4",
"ref": "P334711.7.3",
"inst": "dullu[trouble//work]N$dulli",
"sig": "@saao/saa15%akk-x-neoass:KIN=dullu[trouble//work]N'N$dulli",
"f": {"lang": "akk-x-neoass",
"form": "KIN",
"cf": "dullu",
"gw": "trouble",
"sense": "work",
"norm": "dulli",
"pos": "N",
"epos": "N"}
}
,
{
"node": "l",
"frag": "ina",
"id": "P334711.l062f5",
"ref": "P334711.7.4",
"inst": "ina[in]PRP",
"sig": "@saao/saa15%akk-x-neoass:ina=ina[in//in]PRP'PRP$ina",
"f": {"lang": "akk-x-neoass",
"form": "ina",
"cf": "ina",
"gw": "in",
"sense": "in",
"norm": "ina",
"pos": "PRP",
"epos": "PRP"}
}
,
{
"node": "l",
"frag": "KA₂.DINGIR.RA{ki}",
"id": "P334711.l062f6",
"ref": "P334711.7.5",
"inst": "Babili[Babylon]GN$",
"sig": "@saao/saa15%akk-x-neoass:KA₂.DINGIR.RA{KI}=Babili[Babylon//Babylon]GN'GN$Babili",
"f": {"lang": "akk-x-neoass",
"form": "KA₂.DINGIR.RA{KI}",
"cf": "Babili",
"gw": "Babylon",
"sense": "Babylon",
"norm": "Babili",
"pos": "GN",
"epos": "GN"}
}
,
{
"node": "l",
"frag": "[e-ṣe]",
"id": "P334711.l062f7",
"ref": "P334711.7.6",
"inst": "īṣu[few//little]AJ$ēṣe",
"sig": "@saao/saa15%akk-x-neoass:e-ṣe=īṣu[few//little]AJ'AJ$ēṣe",
"f": {"lang": "akk-x-neoass",
"form": "e-ṣe",
"cf": "īṣu",
"gw": "few",
"sense": "little",
"norm": "ēṣe",
"pos": "AJ",
"epos": "AJ"}
}
,
{
"node": "d",
"type": "line-start",
"ref": "P334711.8",
"n": "4'",
"label": "r 4'"}
,
{
"node": "l",
"frag": "a-dan-niš",
"id": "P334711.l062f8",
"ref": "P334711.8.1",
"inst": "adanniš[very much]AV",
"sig": "@saao/saa15%akk-x-neoass:a-dan-niš=adanniš[very much//very much]AV'AV$adanniš",
"f": {"lang": "akk-x-neoass",
"form": "a-dan-niš",
"cf": "adanniš",
"gw": "very much",
"sense": "very much",
"norm": "adanniš",
"pos": "AV",
"epos": "AV"}
}
,
{
"node": "l",
"frag": "ša",
"id": "P334711.l062f9",
"ref": "P334711.8.2",
"inst": "ša[what]REL",
"sig": "@saao/saa15%akk-x-neoass:ša=ša[that//what]REL'REL$ša",
"f": {"lang": "akk-x-neoass",
"form": "ša",
"cf": "ša",
"gw": "that",
"sense": "what",
"norm": "ša",
"pos": "REL",
"epos": "REL"}
}
,
{
"node": "l",
"frag": "TA@v\\m",
"id": "P334711.l062fa",
"ref": "P334711.8.3",
"inst": "issu[from]PRP",
"sig": "@saao/saa15%akk-x-neoass:TA@v=ištu[from//from]PRP'PRP$issu",
"f": {"lang": "akk-x-neoass",
"form": "TA@v",
"cf": "ištu",
"gw": "from",
"sense": "from",
"norm": "issu",
"pos": "PRP",
"epos": "PRP"}
}
,
{
"node": "l",
"frag": "{uru}bi-ra-ti\\t",
"id": "P334711.l062fb",
"ref": "P334711.8.4",
"inst": "Birate[]GN$Birati",
"sig": "@saao/saa15%akk-x-neoass:{URU}bi-ra-ti=Birate[1//1]GN'GN$Birati",
"f": {"lang": "akk-x-neoass",
"form": "{URU}bi-ra-ti",
"cf": "Birate",
"gw": "1",
"sense": "1",
"norm": "Birati",
"pos": "GN",
"epos": "GN"}
}
,
{
"node": "l",
"frag": "[x",
"id": "P334711.l062fc",
"ref": "P334711.8.5",
"inst": "u",
"f": {"lang": "akk-x-neoass",
"form": "x",
"pos": "u"}
}
,
{
"node": "l",
"frag": "x",
"id": "P334711.l062fd",
"ref": "P334711.8.6",
"inst": "u",
"f": {"lang": "akk-x-neoass",
"form": "x",
"pos": "u"}
}
,
{
"node": "l",
"frag": "x]",
"id": "P334711.l062fe",
"ref": "P334711.8.7",
"inst": "u",
"f": {"lang": "akk-x-neoass",
"form": "x",
"pos": "u"}
}
,
{
"node": "d",
"type": "line-start",
"ref": "P334711.9",
"n": "5'",
"label": "r 5'"}
,
{
"node": "l",
"frag": "ub-ba-lu-ni-ni",
"id": "P334711.l062ff",
"ref": "P334711.9.1",
"inst": "wabālu[bring]V$ubbalūninni",
"sig": "@saao/saa15%akk-x-neoass:ub-ba-lu-ni-ni=wabālu[bring//bring]V'V$ubbalūninni",
"f": {"lang": "akk-x-neoass",
"form": "ub-ba-lu-ni-ni",
"cf": "wabālu",
"gw": "bring",
"sense": "bring",
"norm": "ubbalūninni",
"pos": "V",
"epos": "V"}
}
,
{
"node": "l",
"frag": "gab-bu",
"id": "P334711.l06300",
"ref": "P334711.9.2",
"inst": "gabbu[all]N",
"sig": "@saao/saa15%akk-x-neoass:gab-bu=gabbu[totality//all]N'N$gabbu",
"f": {"lang": "akk-x-neoass",
"form": "gab-bu",
"cf": "gabbu",
"gw": "totality",
"sense": "all",
"norm": "gabbu",
"pos": "N",
"epos": "N"}
}
,
{
"node": "l",
"frag": "raṭ-⸢bu⸣",
"id": "P334711.l06301",
"ref": "P334711.9.3",
"inst": "raṭbu[damp//moist]AJ$",
"sig": "@saao/saa15%akk-x-neoass:raṭ-bu=raṭbu[damp//moist]AJ'AJ$raṭbu",
"f": {"lang": "akk-x-neoass",
"form": "raṭ-bu",
"cf": "raṭbu",
"gw": "damp",
"sense": "moist",
"norm": "raṭbu",
"pos": "AJ",
"epos": "AJ"}
}
,
{
"node": "l",
"frag": "[LUGAL",
"id": "P334711.l06302",
"ref": "P334711.9.4",
"inst": "šarru[king]N",
"sig": "@saao/saa15%akk-x-neoass:LUGAL=šarru[king//king]N'N$šarru",
"f": {"lang": "akk-x-neoass",
"form": "LUGAL",
"cf": "šarru",
"gw": "king",
"sense": "king",
"norm": "šarru",
"pos": "N",
"epos": "N"}
}
,
{
"node": "l",
"frag": "be-li₂]",
"id": "P334711.l06303",
"ref": "P334711.9.5",
"inst": "bēlī[lord]N",
"sig": "@saao/saa15%akk-x-neoass:be-li₂=bēlu[lord//lord]N'N$bēlī",
"f": {"lang": "akk-x-neoass",
"form": "be-li₂",
"cf": "bēlu",
"gw": "lord",
"sense": "lord",
"norm": "bēlī",
"pos": "N",
"epos": "N"}
}
,
{
"node": "d",
"type": "line-start",
"ref": "P334711.10",
"n": "6'",
"label": "r 6'"}
,
{
"node": "l",
"frag": "u₂-da",
"id": "P334711.l06304",
"ref": "P334711.10.1",
"inst": "ūda[know]V",
"sig": "@saao/saa15%akk-x-neoass:u₂-da=wadû[know//know]V'V$ūda",
"f": {"lang": "akk-x-neoass",
"form": "u₂-da",
"cf": "wadû",
"gw": "know",
"sense": "know",
"norm": "ūda",
"pos": "V",
"epos": "V"}
}
,
{
"node": "l",
"frag": "ki-i",
"id": "P334711.l06305",
"ref": "P334711.10.2",
"inst": "kî[that]PRP'SBJ",
"sig": "@saao/saa15%akk-x-neoass:ki-i=kī[like//that]PRP'SBJ$kî",
"f": {"lang": "akk-x-neoass",
"form": "ki-i",
"cf": "kī",
"gw": "like",
"sense": "that",
"norm": "kî",
"pos": "PRP",
"epos": "SBJ"}
}
,
{
"node": "l",
"frag": "{giš}MES.MA₂.GAN\\m.[NA",
"id": "P334711.l06306",
"ref": "P334711.10.3",
"inst": "musukkannī[Magan-tree]N",
"sig": "@saao/saa15%akk-x-neoass:{GIŠ}MES.MA₂.GAN.NA=musukkannu[Magan-tree//Magan-tree]N'N$musukkannī",
"f": {"lang": "akk-x-neoass",
"form": "{GIŠ}MES.MA₂.GAN.NA",
"cf": "musukkannu",
"gw": "Magan-tree",
"sense": "Magan-tree",
"norm": "musukkannī",
"pos": "N",
"epos": "N"}
}
,
{
"node": "l",
"frag": "ma-aʾ-da]",
"id": "P334711.l06307",
"ref": "P334711.10.4",
"inst": "maʾda[many]AJ",
"sig": "@saao/saa15%akk-x-neoass:ma-aʾ-da=mādu[many//many]AJ'AJ$maʾda",
"f": {"lang": "akk-x-neoass",
"form": "ma-aʾ-da",
"cf": "mādu",
"gw": "many",
"sense": "many",
"norm": "maʾda",
"pos": "AJ",
"epos": "AJ"}
}
,
{
"node": "d",
"type": "line-start",
"ref": "P334711.11",
"n": "7'",
"label": "r 7'"}
,
{
"node": "c",
"type": "phrase",
"tag": "phr",
"id": "P334711.U4",
"ref": "P334711.ls00000",
"cdl": [
{
"node": "l",
"frag": "ina",
"id": "P334711.l06308",
"ref": "P334711.11.1",
"inst": "ina[in+=in]PRP",
"sig": "@saao/saa15%akk-x-neoass:ina=ina[in//in]PRP'PRP$ina",
"f": {"lang": "akk-x-neoass",
"form": "ina",
"cf": "ina",
"gw": "in",
"sense": "in",
"norm": "ina",
"pos": "PRP",
"epos": "PRP"}
}
,
{
"node": "l",
"frag": "ŠA₃",
"id": "P334711.l06309",
"ref": "P334711.11.2",
"inst": "libbi[interior]N",
"sig": "@saao/saa15%akk-x-neoass:ŠA₃=libbu[interior//interior]N'N$libbi",
"f": {"lang": "akk-x-neoass",
"form": "ŠA₃",
"cf": "libbu",
"gw": "interior",
"sense": "interior",
"norm": "libbi",
"pos": "N",
"epos": "N"}
}
]}
,
{
"node": "l",
"frag": "dul-lu",
"id": "P334711.l0630a",
"ref": "P334711.11.3",
"inst": "dullu[work]N",
"sig": "@saao/saa15%akk-x-neoass:dul-lu=dullu[trouble//work]N'N$dullu",
"f": {"lang": "akk-x-neoass",
"form": "dul-lu",
"cf": "dullu",
"gw": "trouble",
"sense": "work",
"norm": "dullu",
"pos": "N",
"epos": "N"}
}
,
{
"node": "l",
"frag": "an-ni-u₂",
"id": "P334711.l0630b",
"ref": "P334711.11.4",
"inst": "annīu[this]DP",
"sig": "@saao/saa15%akk-x-neoass:an-ni-u₂=annû[this//this]DP'DP$annīu",
"f": {"lang": "akk-x-neoass",
"form": "an-ni-u₂",
"cf": "annû",
"gw": "this",
"sense": "this",
"norm": "annīu",
"pos": "DP",
"epos": "DP"}
}
,
{
"node": "l",
"frag": "il-⸢la⸣-[ku-ni]",
"id": "P334711.l0630c",
"ref": "P334711.11.5",
"inst": "illakūni[come]V",
"sig": "@saao/saa15%akk-x-neoass:il-la-ku-ni=alāku[go//come]V'V$illakūni",
"f": {"lang": "akk-x-neoass",
"form": "il-la-ku-ni",
"cf": "alāku",
"gw": "go",
"sense": "come",
"norm": "illakūni",
"pos": "V",
"epos": "V"}
}
,
{
"node": "d",
"type": "line-start",
"ref": "P334711.12",
"n": "8'",
"label": "r 8'"}
,
{
"node": "l",
"frag": "{1}e-ṭe₃-ru\\d",
"id": "P334711.l0630d",
"ref": "P334711.12.1",
"inst": "Eṭiru[1]PN",
"sig": "@saao/saa15%akk-x-neoass:{1}e-ṭe₃-ru=Eṭiru[1//1]PN'PN$Eṭiru",
"f": {"lang": "akk-x-neoass",
"form": "{1}e-ṭe₃-ru",
"cf": "Eṭiru",
"gw": "1",
"sense": "1",
"norm": "Eṭiru",
"pos": "PN",
"epos": "PN"}
}
,
{
"node": "l",
"frag": "{1}EN-ib-ni",
"id": "P334711.l0630e",
"ref": "P334711.12.2",
"inst": "Bel-ibni[]PN$",
"sig": "@saao/saa15%akk-x-neoass:{1}EN-ib-ni=Bel-ibni[1//1]PN'PN$Bel-ibni",
"f": {"lang": "akk-x-neoass",
"form": "{1}EN-ib-ni",
"cf": "Bel-ibni",
"gw": "1",
"sense": "1",
"norm": "Bel-ibni",
"pos": "PN",
"epos": "PN"}
}
,
{
"node": "l",
"frag": "[x",
"id": "P334711.l0630f",
"ref": "P334711.12.3",
"inst": "u",
"f": {"lang": "akk-x-neoass",
"form": "x",
"pos": "u"}
}
,
{
"node": "l",
"frag": "x",
"id": "P334711.l06310",
"ref": "P334711.12.4",
"inst": "u",
"f": {"lang": "akk-x-neoass",
"form": "x",
"pos": "u"}
}
,
{
"node": "l",
"frag": "x]",
"id": "P334711.l06311",
"ref": "P334711.12.5",
"inst": "u",
"f": {"lang": "akk-x-neoass",
"form": "x",
"pos": "u"}
}
,
{
"node": "d",
"type": "line-start",
"ref": "P334711.13",
"n": "9'",
"label": "r 9'"}
,
{
"node": "l",
"frag": "ki-i",
"id": "P334711.l06312",
"ref": "P334711.13.1",
"inst": "kî[that]'SBJ",
"sig": "@saao/saa15%akk-x-neoass:ki-i=kī[like//that]PRP'SBJ$kî",
"f": {"lang": "akk-x-neoass",
"form": "ki-i",
"cf": "kī",
"gw": "like",
"sense": "that",
"norm": "kî",
"pos": "PRP",
"epos": "SBJ"}
}
,
{
"node": "l",
"frag": "me-me-ni",
"id": "P334711.l06313",
"ref": "P334711.13.2",
"inst": "memmēni[anybody]XP",
"sig": "@saao/saa15%akk-x-neoass:me-me-ni=memēni[somebody//anybody]XP'XP$memmēni",
"f": {"lang": "akk-x-neoass",
"form": "me-me-ni",
"cf": "memēni",
"gw": "somebody",
"sense": "anybody",
"norm": "memmēni",
"pos": "XP",
"epos": "XP"}
}
,
{
"node": "l",
"frag": "a-bu-tu₂",
"id": "P334711.l06314",
"ref": "P334711.13.3",
"inst": "awātu[word//matter]N$abutu",
"sig": "@saao/saa15%akk-x-neoass:a-bu-tu₂=awātu[word//matter]N'N$abutu",
"f": {"lang": "akk-x-neoass",
"form": "a-bu-tu₂",
"cf": "awātu",
"gw": "word",
"sense": "matter",
"norm": "abutu",
"pos": "N",
"epos": "N"}
}
,
{
"node": "c",
"type": "phrase",
"tag": "phr",
"id": "P334711.U5",
"ref": "P334711.ls00001",
"cdl": [
{
"node": "l",
"frag": "ina",
"id": "P334711.l06315",
"ref": "P334711.13.4",
"inst": "ina[in+=to]PRP",
"sig": "@saao/saa15%akk-x-neoass:ina=ina[in//in]PRP'PRP$ina",
"f": {"lang": "akk-x-neoass",
"form": "ina",
"cf": "ina",
"gw": "in",
"sense": "in",
"norm": "ina",
"pos": "PRP",
"epos": "PRP"}
}
,
{
"node": "l",
"frag": "UGU-hi-[šu₂-nu",
"id": "P334711.l06316",
"ref": "P334711.13.5",
"inst": "muhhišunu[skull]N",
"sig": "@saao/saa15%akk-x-neoass:UGU-hi-šu₂-nu=muhhu[skull//skull]N'N$muhhišunu",
"f": {"lang": "akk-x-neoass",
"form": "UGU-hi-šu₂-nu",
"cf": "muhhu",
"gw": "skull",
"sense": "skull",
"norm": "muhhišunu",
"pos": "N",
"epos": "N"}
}
]}
,
{
"node": "l",
"frag": "la",
"id": "P334711.l06317",
"ref": "P334711.13.6",
"inst": "lā[not]MOD",
"sig": "@saao/saa15%akk-x-neoass:la=lā[not//not]MOD'MOD$lā",
"f": {"lang": "akk-x-neoass",
"form": "la",
"cf": "lā",
"gw": "not",
"sense": "not",
"norm": "lā",
"pos": "MOD",
"epos": "MOD"}
}
,
{
"node": "l",
"frag": "x",
"id": "P334711.l06318",
"ref": "P334711.13.7",
"inst": "u",
"f": {"lang": "akk-x-neoass",
"form": "x",
"pos": "u"}
}
,
{
"node": "l",
"frag": "x]",
"id": "P334711.l06319",
"ref": "P334711.13.8",
"inst": "u",
"f": {"lang": "akk-x-neoass",
"form": "x",
"pos": "u"}
}
,
{
"node": "d",
"type": "line-start",
"ref": "P334711.14",
"n": "10'",
"label": "r 10'"}
,
{
"node": "c",
"type": "phrase",
"tag": "phr",
"id": "P334711.U6",
"ref": "P334711.ls00002",
"cdl": [
{
"node": "l",
"frag": "ina",
"id": "P334711.l0631a",
"ref": "P334711.14.1",
"inst": "ina[in+=because of]PRP",
"sig": "@saao/saa15%akk-x-neoass:ina=ina[in//in]PRP'PRP$ina",
"f": {"lang": "akk-x-neoass",
"form": "ina",
"cf": "ina",
"gw": "in",
"sense": "in",
"norm": "ina",
"pos": "PRP",
"epos": "PRP"}
}
,
{
"node": "l",
"frag": "UGU",
"id": "P334711.l0631b",
"ref": "P334711.14.2",
"inst": "muhhi[skull]N",
"sig": "@saao/saa15%akk-x-neoass:UGU=muhhu[skull//skull]N'N$muhhi",
"f": {"lang": "akk-x-neoass",
"form": "UGU",
"cf": "muhhu",
"gw": "skull",
"sense": "skull",
"norm": "muhhi",
"pos": "N",
"epos": "N"}
}
]}
,
{
"node": "l",
"frag": "ŠA₃-bi-šu₂-nu",
"id": "P334711.l0631c",
"ref": "P334711.14.3",
"inst": "libbu[interior//heart]N$libbišunu",
"sig": "@saao/saa15%akk-x-neoass:ŠA₃-bi-šu₂-nu=libbu[interior//heart]N'N$libbišunu",
"f": {"lang": "akk-x-neoass",
"form": "ŠA₃-bi-šu₂-nu",
"cf": "libbu",
"gw": "interior",
"sense": "heart",
"norm": "libbišunu",
"pos": "N",
"epos": "N"}
}
,
{
"node": "l",
"frag": "la-aš₂-šu₂",
"id": "P334711.l0631d",
"ref": "P334711.14.4",
"inst": "laššu[(there) is not]V",
"sig": "@saao/saa15%akk-x-neoass:la-aš₂-šu₂=laššu[(there) is not//(there) is not]V'V$laššu",
"f": {"lang": "akk-x-neoass",
"form": "la-aš₂-šu₂",
"cf": "laššu",
"gw": "(there) is not",
"sense": "(there) is not",
"norm": "laššu",
"pos": "V",
"epos": "V"}
}
,
{
"node": "l",
"frag": "u₂-ma-a",
"id": "P334711.l0631e",
"ref": "P334711.14.5",
"inst": "ūmâ[now]AV",
"sig": "@saao/saa15%akk-x-neoass:u₂-ma-a=ūma[today//now]AV'AV$ūmâ",
"f": {"lang": "akk-x-neoass",
"form": "u₂-ma-a",
"cf": "ūma",
"gw": "today",
"sense": "now",
"norm": "ūmâ",
"pos": "AV",
"epos": "AV"}
}
,
{
"node": "l",
"frag": "[o]",
"id": "P334711.l0631f",
"ref": "P334711.14.6",
"inst": "u",
"f": {"lang": "akk-x-neoass",
"form": "o",
"pos": "u"}
}
,
{
"node": "d",
"type": "line-start",
"ref": "P334711.15",
"n": "11'",
"label": "r 11'"}
,
{
"node": "l",
"frag": "{giš}MES.MA₂.GAN\\m.NA",
"id": "P334711.l06320",
"ref": "P334711.15.1",
"inst": "musukkannī[Magan-tree]N",
"sig": "@saao/saa15%akk-x-neoass:{GIŠ}MES.MA₂.GAN.NA=musukkannu[Magan-tree//Magan-tree]N'N$musukkannī",
"f": {"lang": "akk-x-neoass",
"form": "{GIŠ}MES.MA₂.GAN.NA",
"cf": "musukkannu",
"gw": "Magan-tree",
"sense": "Magan-tree",
"norm": "musukkannī",
"pos": "N",
"epos": "N"}
}
,
{
"node": "l",
"frag": "ina",
"id": "P334711.l06321",
"ref": "P334711.15.2",
"inst": "ina[in//from]PRP$",
"sig": "@saao/saa15%akk-x-neoass:ina=ina[in//from]PRP'PRP$ina",
"f": {"lang": "akk-x-neoass",
"form": "ina",
"cf": "ina",
"gw": "in",
"sense": "from",
"norm": "ina",
"pos": "PRP",
"epos": "PRP"}
}
,
{
"node": "l",
"frag": "{uru}ki-[is-sik]",
"id": "P334711.l06322",
"ref": "P334711.15.3",
"inst": "Kissik[]GN$",
"sig": "@saao/saa15%akk-x-neoass:{URU}ki-is-sik=Kissik[1//1]GN'GN$Kissik",
"f": {"lang": "akk-x-neoass",
"form": "{URU}ki-is-sik",
"cf": "Kissik",
"gw": "1",
"sense": "1",
"norm": "Kissik",
"pos": "GN",
"epos": "GN"}
}
,
{
"node": "d",
"type": "line-start",
"ref": "P334711.16",
"n": "12'",
"label": "r 12'"}
,
{
"node": "l",
"frag": "lu",
"id": "P334711.l06323",
"ref": "P334711.16.1",
"inst": "lū[may]MOD",
"sig": "@saao/saa15%akk-x-neoass:lu=lū[may//may]MOD'MOD$lū",
"f": {"lang": "akk-x-neoass",
"form": "lu",
"cf": "lū",
"gw": "may",
"sense": "may",
"norm": "lū",
"pos": "MOD",
"epos": "MOD"}
}
,
{
"node": "l",
"frag": "ina",
"id": "P334711.l06324",
"ref": "P334711.16.2",
"inst": "ina[in//from]PRP$",
"sig": "@saao/saa15%akk-x-neoass:ina=ina[in//from]PRP'PRP$ina",
"f": {"lang": "akk-x-neoass",
"form": "ina",
"cf": "ina",
"gw": "in",
"sense": "from",
"norm": "ina",
"pos": "PRP",
"epos": "PRP"}
}
,
{
"node": "l",
"frag": "be₂-et",
"id": "P334711.l06325",
"ref": "P334711.16.3",
"inst": "bēt[where]SBJ",
"sig": "@saao/saa15%akk-x-neoass:be₂-et=bīt[where//where]SBJ'SBJ$bēt",
"f": {"lang": "akk-x-neoass",
"form": "be₂-et",
"cf": "bīt",
"gw": "where",
"sense": "where",
"norm": "bēt",
"pos": "SBJ",
"epos": "SBJ"}
}
,
{
"node": "l",
"frag": "i-ba-aš₂-šu-⸢nu⸣",
"id": "P334711.l06326",
"ref": "P334711.16.4",
"inst": "bašû[exist]V$ibaššûnu",
"sig": "@saao/saa15%akk-x-neoass:i-ba-aš₂-šu-nu=bašû[exist//exist]V'V$ibaššûnu",
"f": {"lang": "akk-x-neoass",
"form": "i-ba-aš₂-šu-nu",
"cf": "bašû",
"gw": "exist",
"sense": "exist",
"norm": "ibaššûnu",
"pos": "V",
"epos": "V"}
}
,
{
"node": "l",
"frag": "[x",
"id": "P334711.l06327",
"ref": "P334711.16.5",
"inst": "u",
"f": {"lang": "akk-x-neoass",
"form": "x",
"pos": "u"}
}
,
{
"node": "l",
"frag": "x",
"id": "P334711.l06328",
"ref": "P334711.16.6",
"inst": "u",
"f": {"lang": "akk-x-neoass",
"form": "x",
"pos": "u"}
}
,
{
"node": "l",
"frag": "x",
"id": "P334711.l06329",
"ref": "P334711.16.7",
"inst": "u",
"f": {"lang": "akk-x-neoass",
"form": "x",
"pos": "u"}
}
,
{
"node": "l",
"frag": "x]",
"id": "P334711.l0632a",
"ref": "P334711.16.8",
"inst": "u",
"f": {"lang": "akk-x-neoass",
"form": "x",
"pos": "u"}
}
,
{
"node": "d",
"type": "line-start",
"ref": "P334711.17",
"n": "13'",
"label": "r 13'"}
,
{
"node": "l",
"frag": "[x",
"id": "P334711.l0632b",
"ref": "P334711.17.1",
"inst": "u",
"f": {"lang": "akk-x-neoass",
"form": "x",
"pos": "u"}
}
,
{
"node": "l",
"frag": "x]-⸢ti⸣",
"id": "P334711.l0632c",
"ref": "P334711.17.2",
"inst": "u",
"f": {"lang": "akk-x-neoass",
"form": "x-ti",
"pos": "u"}
}
,
{
"node": "l",
"frag": "le-pu-šu₂",
"id": "P334711.l0632d",
"ref": "P334711.17.3",
"inst": "lēpušu[do]V",
"sig": "@saao/saa15%akk-x-neoass:le-pu-šu₂=epēšu[do//do]V'V$lēpušu",
"f": {"lang": "akk-x-neoass",
"form": "le-pu-šu₂",
"cf": "epēšu",
"gw": "do",
"sense": "do",
"norm": "lēpušu",
"pos": "V",
"epos": "V"}
}
,
{
"node": "l",
"frag": "[x",
"id": "P334711.l0632e",
"ref": "P334711.17.4",
"inst": "u",
"f": {"lang": "akk-x-neoass",
"form": "x",
"pos": "u"}
}
,
{
"node": "l",
"frag": "x",
"id": "P334711.l0632f",
"ref": "P334711.17.5",
"inst": "u",
"f": {"lang": "akk-x-neoass",
"form": "x",
"pos": "u"}
}
,
{
"node": "l",
"frag": "x",
"id": "P334711.l06330",
"ref": "P334711.17.6",
"inst": "u",
"f": {"lang": "akk-x-neoass",
"form": "x",
"pos": "u"}
}
,
{
"node": "l",
"frag": "x",
"id": "P334711.l06331",
"ref": "P334711.17.7",
"inst": "u",
"f": {"lang": "akk-x-neoass",
"form": "x",
"pos": "u"}
}
,
{
"node": "l",
"frag": "x]",
"id": "P334711.l06332",
"ref": "P334711.17.8",
"inst": "u",
"f": {"lang": "akk-x-neoass",
"form": "x",
"pos": "u"}
}
,
{
"node": "d",
"type": "line-start",
"ref": "P334711.18",
"n": "14'",
"label": "r 14'"}
,
{
"node": "l",
"frag": "[x",
"id": "P334711.l06333",
"ref": "P334711.18.1",
"inst": "u",
"f": {"lang": "akk-x-neoass",
"form": "x",
"pos": "u"}
}
,
{
"node": "l",
"frag": "x",
"id": "P334711.l06334",
"ref": "P334711.18.2",
"inst": "u",
"f": {"lang": "akk-x-neoass",
"form": "x",
"pos": "u"}
}
,
{
"node": "l",
"frag": "x]+⸢x⸣",
"id": "P334711.l06335",
"ref": "P334711.18.3",
"inst": "u",
"f": {"lang": "akk-x-neoass",
"form": "x+x",
"pos": "u"}
}
,
{
"node": "l",
"frag": "LUGAL",
"id": "P334711.l06336",
"ref": "P334711.18.4",
"inst": "šarru[king]N",
"sig": "@saao/saa15%akk-x-neoass:LUGAL=šarru[king//king]N'N$šarru",
"f": {"lang": "akk-x-neoass",
"form": "LUGAL",
"cf": "šarru",
"gw": "king",
"sense": "king",
"norm": "šarru",
"pos": "N",
"epos": "N"}
}
,
{
"node": "l",
"frag": "⸢EN⸣",
"id": "P334711.l06337",
"ref": "P334711.18.5",
"inst": "bēlī[lord]N",
"sig": "@saao/saa15%akk-x-neoass:EN=bēlu[lord//lord]N'N$bēlī",
"f": {"lang": "akk-x-neoass",
"form": "EN",
"cf": "bēlu",
"gw": "lord",
"sense": "lord",
"norm": "bēlī",
"pos": "N",
"epos": "N"}
}
,
{
"node": "l",
"frag": "[x",
"id": "P334711.l06338",
"ref": "P334711.18.6",
"inst": "u",
"f": {"lang": "akk-x-neoass",
"form": "x",
"pos": "u"}
}
,
{
"node": "l",
"frag": "x",
"id": "P334711.l06339",
"ref": "P334711.18.7",
"inst": "u",
"f": {"lang": "akk-x-neoass",
"form": "x",
"pos": "u"}
}
,
{
"node": "l",
"frag": "x",
"id": "P334711.l0633a",
"ref": "P334711.18.8",
"inst": "u",
"f": {"lang": "akk-x-neoass",
"form": "x",
"pos": "u"}
}
,
{
"node": "l",
"frag": "x]",
"id": "P334711.l0633b",
"ref": "P334711.18.9",
"inst": "u",
"f": {"lang": "akk-x-neoass",
"form": "x",
"pos": "u"}
}
,
{
"node": "d",
"type": "nonx",
"ref": "P334711.19",
"strict": "0",
"extent": "rest",
"state": "missing"}
,
{
"node": "d",
"subtype": "edge",
"type": "surface",
"ref": "P334711.e..20",
"type": "edge",
"label": "e."}
,
{
"node": "d",
"type": "line-start",
"ref": "P334711.21",
"n": "1",
"label": "e. 1"}
,
{
"node": "l",
"frag": "[x",
"id": "P334711.l0633c",
"ref": "P334711.21.1",
"inst": "u",
"f": {"lang": "akk-x-neoass",
"form": "x",
"pos": "u"}
}
,
{
"node": "l",
"frag": "x",
"id": "P334711.l0633d",
"ref": "P334711.21.2",
"inst": "u",
"f": {"lang": "akk-x-neoass",
"form": "x",
"pos": "u"}
}
,
{
"node": "l",
"frag": "x",
"id": "P334711.l0633e",
"ref": "P334711.21.3",
"inst": "u",
"f": {"lang": "akk-x-neoass",
"form": "x",
"pos": "u"}
}
,
{
"node": "l",
"frag": "x]-a-na-ši",
"id": "P334711.l0633f",
"ref": "P334711.21.4",
"inst": "u",
"f": {"lang": "akk-x-neoass",
"form": "x-a-na-ši",
"pos": "u"}
}
,
{
"node": "c",
"type": "phrase",
"tag": "phr",
"id": "P334711.U7",
"ref": "P334711.ls00003",
"cdl": [
{
"node": "l",
"frag": "ina",
"id": "P334711.l06340",
"ref": "P334711.21.5",
"inst": "ina[in+=there]PRP",
"sig": "@saao/saa15%akk-x-neoass:ina=ina[in//in]PRP'PRP$ina",
"f": {"lang": "akk-x-neoass",
"form": "ina",
"cf": "ina",
"gw": "in",
"sense": "in",
"norm": "ina",
"pos": "PRP",
"epos": "PRP"}
}
,
{
"node": "l",
"frag": "ŠA₃-bi",
"id": "P334711.l06341",
"ref": "P334711.21.6",
"inst": "libbi[interior]N",
"sig": "@saao/saa15%akk-x-neoass:ŠA₃-bi=libbu[interior//interior]N'N$libbi",
"f": {"lang": "akk-x-neoass",
"form": "ŠA₃-bi",
"cf": "libbu",
"gw": "interior",
"sense": "interior",
"norm": "libbi",
"pos": "N",
"epos": "N"}
}
]}
,
{
"node": "l",
"frag": "⸢x⸣+[x",
"id": "P334711.l06342",
"ref": "P334711.21.7",
"inst": "u",
"f": {"lang": "akk-x-neoass",
"form": "x+x",
"pos": "u"}
}
,
{
"node": "l",
"frag": "x",
"id": "P334711.l06343",
"ref": "P334711.21.8",
"inst": "u",
"f": {"lang": "akk-x-neoass",
"form": "x",
"pos": "u"}
}
,
{
"node": "l",
"frag": "x",
"id": "P334711.l06344",
"ref": "P334711.21.9",
"inst": "u",
"f": {"lang": "akk-x-neoass",
"form": "x",
"pos": "u"}
}
,
{
"node": "l",
"frag": "x]",
"id": "P334711.l06345",
"ref": "P334711.21.10",
"inst": "u",
"f": {"lang": "akk-x-neoass",
"form": "x",
"pos": "u"}
}
]}
]}
]}
,
{
"linkbase": [{
"type": "linkset",
"xlink_title": "ina libbi[in//(in exchange) for]PRP'PRP",
"id": "P334711.ls00000",
"xlink_type": "extended",
"xlink_role": "psu",
"sig": "{ina[in]PRP libbu[interior]N += ina libbi[in//(in exchange) for]PRP'PRP}::@saao%akk-x-neoass:ina=ina[in//into]PRP'PRP$ina++@saao%akk-x-neoass:ŠA₃=libbu[interior//interior]N'N$libbi",
"links": [
{
"type": "link",
"xlink_title": "ina",
"xlink_type": "locator",
"xlink_href": "#P334711.l06308",
"xlink_role": "elt"}
,
{
"type": "link",
"xlink_title": "libbi",
"xlink_type": "locator",
"xlink_href": "#P334711.l06309",
"xlink_role": "elt"}
]}
,
{
"type": "linkset",
"xlink_title": "ina muhhi[on//about]PRP'PRP",
"id": "P334711.ls00001",
"xlink_type": "extended",
"xlink_role": "psu",
"sig": "{ina[in]PRP muhhu[skull]N += ina muhhi[on//about]PRP'PRP}::@saao%akk-x-neoass:ina=ina[in//into]PRP'PRP$ina++@saao%akk-x-neoass:UGU-hi-šu₂-nu=muhhu[skull//skull]N'N$muhhišunu",
"links": [
{
"type": "link",
"xlink_title": "ina",
"xlink_type": "locator",
"xlink_href": "#P334711.l06315",
"xlink_role": "elt"}
,
{
"type": "link",
"xlink_title": "muhhišunu",
"xlink_type": "locator",
"xlink_href": "#P334711.l06316",
"xlink_role": "elt"}
]}
,
{
"type": "linkset",
"xlink_title": "ina muhhi[on//about]PRP'PRP",
"id": "P334711.ls00002",
"xlink_type": "extended",
"xlink_role": "psu",
"sig": "{ina[in]PRP muhhu[skull]N += ina muhhi[on//about]PRP'PRP}::@saao%akk-x-neoass:ina=ina[in//into]PRP'PRP$ina++@saao%akk-x-neoass:UGU=muhhu[skull//skull]N'N$muhhi",
"links": [
{
"type": "link",
"xlink_title": "ina",
"xlink_type": "locator",
"xlink_href": "#P334711.l0631a",
"xlink_role": "elt"}
,
{
"type": "link",
"xlink_title": "muhhi",
"xlink_type": "locator",
"xlink_href": "#P334711.l0631b",
"xlink_role": "elt"}
]}
,
{
"type": "linkset",
"xlink_title": "ina libbi[in//(in exchange) for]PRP'PRP",
"id": "P334711.ls00003",
"xlink_type": "extended",
"xlink_role": "psu",
"sig": "{ina[in]PRP libbu[interior]N += ina libbi[in//(in exchange) for]PRP'PRP}::@saao%akk-x-neoass:ina=ina[in//into]PRP'PRP$ina++@saao%akk-x-neoass:ŠA₃-bi=libbu[interior//interior]N'N$libbi",
"links": [
{
"type": "link",
"xlink_title": "ina",
"xlink_type": "locator",
"xlink_href": "#P334711.l06340",
"xlink_role": "elt"}
,
{
"type": "link",
"xlink_title": "libbi",
"xlink_type": "locator",
"xlink_href": "#P334711.l06341",
"xlink_role": "elt"}
]}
]}
]}
