{
"type": "cdl",
  "source": "http://oracc.org/saao/saa15",
  "license": "This data is released under the CC0 license",
  "license-url": "https://creativecommons.org/publicdomain/zero/1.0/",
  "more-info": "http://oracc.org/doc/opendata/",
  "UTC-timestamp": "2017-05-19T11:53:44",
"project": "saao/saa15",
"textid": "P334502",
"cdl": [
{
"node": "c",
"type": "text",
"id": "P334502.U0",
"cdl": [
{
"node": "d",
"type": "object",
"ref": ""}
,
{
"node": "d",
"subtype": "obverse",
"type": "surface",
"ref": "P334502.o.1",
"type": "obverse",
"label": "o"}
,
{
"node": "c",
"type": "discourse",
"subtype": "body",
"id": "P334502.U1",
"cdl": [
{
"node": "c",
"type": "sentence",
"id": "P334502.U2",
"label": "o 1 - r.e. 17",
"cdl": [
{
"node": "d",
"type": "line-start",
"ref": "P334502.2",
"n": "1",
"label": "o 1"}
,
{
"node": "l",
"frag": "[a-na",
"id": "P334502.l0045e",
"ref": "P334502.2.1",
"inst": "ana[to]PRP",
"sig": "@saao/saa15%akk-x-neoass:a-na=ana[to//to]PRP'PRP$ana",
"f": {"lang": "akk-x-neoass",
"form": "a-na",
"cf": "ana",
"gw": "to",
"sense": "to",
"norm": "ana",
"pos": "PRP",
"epos": "PRP"}
}
,
{
"node": "l",
"frag": "LUGAL",
"id": "P334502.l0045f",
"ref": "P334502.2.2",
"inst": "šarri[king]N",
"sig": "@saao/saa15%akk-x-neoass:LUGAL=šarru[king//king]N'N$šarri",
"f": {"lang": "akk-x-neoass",
"form": "LUGAL",
"cf": "šarru",
"gw": "king",
"sense": "king",
"norm": "šarri",
"pos": "N",
"epos": "N"}
}
,
{
"node": "l",
"frag": "be-li₂]-ia",
"id": "P334502.l00460",
"ref": "P334502.2.3",
"inst": "bēlīya[lord]N",
"sig": "@saao/saa15%akk-x-neoass:be-li₂-ia=bēlu[lord//lord]N'N$bēlīya",
"f": {"lang": "akk-x-neoass",
"form": "be-li₂-ia",
"cf": "bēlu",
"gw": "lord",
"sense": "lord",
"norm": "bēlīya",
"pos": "N",
"epos": "N"}
}
,
{
"node": "l",
"frag": "ARAD-ka",
"id": "P334502.l00461",
"ref": "P334502.2.4",
"inst": "urdaka[servant]N",
"sig": "@saao/saa15%akk-x-neoass:ARAD-ka=ardu[slave//servant]N'N$urdaka",
"f": {"lang": "akk-x-neoass",
"form": "ARAD-ka",
"cf": "ardu",
"gw": "slave",
"sense": "servant",
"norm": "urdaka",
"pos": "N",
"epos": "N"}
}
,
{
"node": "l",
"frag": "{1}{d}15--BAD₃",
"id": "P334502.l00462",
"ref": "P334502.2.5",
"inst": "Issar-duri[]PN$",
"sig": "@saao/saa15%akk-x-neoass:{1}{d}15-BAD₃=Issar-duri[1//1]PN'PN$Issar-duri",
"f": {"lang": "akk-x-neoass",
"form": "{1}{d}15-BAD₃",
"cf": "Issar-duri",
"gw": "1",
"sense": "1",
"norm": "Issar-duri",
"pos": "PN",
"epos": "PN"}
}
,
{
"node": "d",
"type": "line-start",
"ref": "P334502.3",
"n": "2",
"label": "o 2"}
,
{
"node": "l",
"frag": "[lu-u",
"id": "P334502.l00463",
"ref": "P334502.3.1",
"inst": "lū[may]MOD",
"sig": "@saao/saa15%akk-x-neoass:lu-u=lū[may//may]MOD'MOD$lū",
"f": {"lang": "akk-x-neoass",
"form": "lu-u",
"cf": "lū",
"gw": "may",
"sense": "may",
"norm": "lū",
"pos": "MOD",
"epos": "MOD"}
}
,
{
"node": "l",
"frag": "DI-mu",
"id": "P334502.l00464",
"ref": "P334502.3.2",
"inst": "šulmu[health]N",
"sig": "@saao/saa15%akk-x-neoass:DI-mu=šulmu[completeness//health]N'N$šulmu",
"f": {"lang": "akk-x-neoass",
"form": "DI-mu",
"cf": "šulmu",
"gw": "completeness",
"sense": "health",
"norm": "šulmu",
"pos": "N",
"epos": "N"}
}
,
{
"node": "l",
"frag": "a]-na",
"id": "P334502.l00465",
"ref": "P334502.3.3",
"inst": "ana[to]PRP",
"sig": "@saao/saa15%akk-x-neoass:a-na=ana[to//to]PRP'PRP$ana",
"f": {"lang": "akk-x-neoass",
"form": "a-na",
"cf": "ana",
"gw": "to",
"sense": "to",
"norm": "ana",
"pos": "PRP",
"epos": "PRP"}
}
,
{
"node": "l",
"frag": "LUGAL",
"id": "P334502.l00466",
"ref": "P334502.3.4",
"inst": "šarri[king]N",
"sig": "@saao/saa15%akk-x-neoass:LUGAL=šarru[king//king]N'N$šarri",
"f": {"lang": "akk-x-neoass",
"form": "LUGAL",
"cf": "šarru",
"gw": "king",
"sense": "king",
"norm": "šarri",
"pos": "N",
"epos": "N"}
}
,
{
"node": "l",
"frag": "be-li₂-ia",
"id": "P334502.l00467",
"ref": "P334502.3.5",
"inst": "bēlīya[lord]N",
"sig": "@saao/saa15%akk-x-neoass:be-li₂-ia=bēlu[lord//lord]N'N$bēlīya",
"f": {"lang": "akk-x-neoass",
"form": "be-li₂-ia",
"cf": "bēlu",
"gw": "lord",
"sense": "lord",
"norm": "bēlīya",
"pos": "N",
"epos": "N"}
}
,
{
"node": "d",
"type": "line-start",
"ref": "P334502.4",
"n": "3",
"label": "o 3"}
,
{
"node": "c",
"type": "phrase",
"tag": "phr",
"id": "P334502.U4",
"ref": "P334502.ls00000",
"cdl": [
{
"node": "l",
"frag": "[ina",
"id": "P334502.l00468",
"ref": "P334502.4.1",
"inst": "ina[in+=concerning]PRP",
"sig": "@saao/saa15%akk-x-neoass:ina=ina[in//in]PRP'PRP$ina",
"f": {"lang": "akk-x-neoass",
"form": "ina",
"cf": "ina",
"gw": "in",
"sense": "in",
"norm": "ina",
"pos": "PRP",
"epos": "PRP"}
}
,
{
"node": "l",
"frag": "UGU",
"id": "P334502.l00469",
"ref": "P334502.4.2",
"inst": "muhhi[skull]N",
"sig": "@saao/saa15%akk-x-neoass:UGU=muhhu[skull//skull]N'N$muhhi",
"f": {"lang": "akk-x-neoass",
"form": "UGU",
"cf": "muhhu",
"gw": "skull",
"sense": "skull",
"norm": "muhhi",
"pos": "N",
"epos": "N"}
}
]}
,
{
"node": "l",
"frag": "{lu₂v}rak-su]-te",
"id": "P334502.l0046a",
"ref": "P334502.4.3",
"inst": "raksu[recruit//conscript]N$raksūte",
"sig": "@saao/saa15%akk-x-neoass:{LU₂}rak-su-te=raksu[recruit//conscript]N'N$raksūte",
"f": {"lang": "akk-x-neoass",
"form": "{LU₂}rak-su-te",
"cf": "raksu",
"gw": "recruit",
"sense": "conscript",
"norm": "raksūte",
"pos": "N",
"epos": "N"}
}
,
{
"node": "l",
"frag": "ša\\d",
"id": "P334502.l0046b",
"ref": "P334502.4.4",
"inst": "ša[of]DET",
"sig": "@saao/saa15%akk-x-neoass:ša=ša[of//of]DET'DET$ša",
"f": {"lang": "akk-x-neoass",
"form": "ša",
"cf": "ša",
"gw": "of",
"sense": "of",
"norm": "ša",
"pos": "DET",
"epos": "DET"}
}
,
{
"node": "l",
"frag": "{lu₂vy}GAL-SAG\\td",
"id": "P334502.l0046c",
"ref": "P334502.4.5",
"cof-tails": "P334502.l0046d",
"inst": "rabû[big one]N$rab&ša-rēši[eunuch]N",
"sig": "@saao/saa15%akk-x-neoass:{LU₂}GAL-SAG=rabû[big one//big one]N'N$rab&&@saao%akk-x-neoass:=ša-rēši[eunuch//eunuch]N'N$ša-rēši",
"f": {"lang": "akk-x-neoass",
"form": "{LU₂}GAL-SAG",
"cf": "rabû",
"gw": "big one",
"sense": "big one",
"norm": "rab",
"pos": "N",
"epos": "N"}
}
,
{
"node": "l",
"frag": "{lu₂vy}GAL-SAG\\td",
"id": "P334502.l0046d",
"ref": "P334502.4.5",
"cof-head": "P334502.l0046c",
"inst": "rabû[big one]N$rab&ša-rēši[eunuch]N",
"tail-sig": "@saao%akk-x-neoass:=ša-rēši[eunuch//eunuch]N'N$ša-rēši",
"f": {"lang": "akk-x-neoass",
"form": "{LU₂}GAL-SAG",
"cf": "ša-rēši",
"gw": "eunuch",
"sense": "eunuch",
"norm": "ša-rēši",
"pos": "N",
"epos": "N"}
}
,
{
"node": "d",
"type": "line-start",
"ref": "P334502.5",
"n": "4",
"label": "o 4"}
,
{
"node": "l",
"frag": "[ša",
"id": "P334502.l0046e",
"ref": "P334502.5.1",
"inst": "ša[who]REL",
"sig": "@saao/saa15%akk-x-neoass:ša=ša[that//who]REL'REL$ša",
"f": {"lang": "akk-x-neoass",
"form": "ša",
"cf": "ša",
"gw": "that",
"sense": "who",
"norm": "ša",
"pos": "REL",
"epos": "REL"}
}
,
{
"node": "l",
"frag": "LUGAL",
"id": "P334502.l0046f",
"ref": "P334502.5.2",
"inst": "šarru[king]N",
"sig": "@saao/saa15%akk-x-neoass:LUGAL=šarru[king//king]N'N$šarru",
"f": {"lang": "akk-x-neoass",
"form": "LUGAL",
"cf": "šarru",
"gw": "king",
"sense": "king",
"norm": "šarru",
"pos": "N",
"epos": "N"}
}
,
{
"node": "l",
"frag": "be-li₂]",
"id": "P334502.l00470",
"ref": "P334502.5.3",
"inst": "bēlī[lord]N",
"sig": "@saao/saa15%akk-x-neoass:be-li₂=bēlu[lord//lord]N'N$bēlī",
"f": {"lang": "akk-x-neoass",
"form": "be-li₂",
"cf": "bēlu",
"gw": "lord",
"sense": "lord",
"norm": "bēlī",
"pos": "N",
"epos": "N"}
}
,
{
"node": "l",
"frag": "⸢iš⸣-pur-an-ni",
"id": "P334502.l00471",
"ref": "P334502.5.4",
"inst": "išpuranni[write]V",
"sig": "@saao/saa15%akk-x-neoass:iš-pur-an-ni=šapāru[send//write]V'V$išpuranni",
"f": {"lang": "akk-x-neoass",
"form": "iš-pur-an-ni",
"cf": "šapāru",
"gw": "send",
"sense": "write",
"norm": "išpuranni",
"pos": "V",
"epos": "V"}
}
,
{
"node": "l",
"frag": "ma-a",
"id": "P334502.l00472",
"ref": "P334502.5.5",
"inst": "mā[saying]PRP",
"sig": "@saao/saa15%akk-x-neoass:ma-a=mā[saying//saying]PRP'PRP$mā",
"f": {"lang": "akk-x-neoass",
"form": "ma-a",
"cf": "mā",
"gw": "saying",
"sense": "saying",
"norm": "mā",
"pos": "PRP",
"epos": "PRP"}
}
,
{
"node": "l",
"frag": "lu",
"id": "P334502.l00473",
"ref": "P334502.5.6",
"inst": "lū[may]MOD",
"sig": "@saao/saa15%akk-x-neoass:lu=lū[may//may]MOD'MOD$lū",
"f": {"lang": "akk-x-neoass",
"form": "lu",
"cf": "lū",
"gw": "may",
"sense": "may",
"norm": "lū",
"pos": "MOD",
"epos": "MOD"}
}
,
{
"node": "l",
"frag": "za-ku-u₂",
"id": "P334502.l00474",
"ref": "P334502.5.7",
"inst": "zakû[pure//exempt]AJ$",
"sig": "@saao/saa15%akk-x-neoass:za-ku-u₂=zakû[pure//exempt]AJ'AJ$zakû",
"f": {"lang": "akk-x-neoass",
"form": "za-ku-u₂",
"cf": "zakû",
"gw": "pure",
"sense": "exempt",
"norm": "zakû",
"pos": "AJ",
"epos": "AJ"}
}
,
{
"node": "d",
"type": "line-start",
"ref": "P334502.6",
"n": "5",
"label": "o 5"}
,
{
"node": "l",
"frag": "[ma-a",
"id": "P334502.l00475",
"ref": "P334502.6.1",
"inst": "mā[saying]PRP",
"sig": "@saao/saa15%akk-x-neoass:ma-a=mā[saying//saying]PRP'PRP$mā",
"f": {"lang": "akk-x-neoass",
"form": "ma-a",
"cf": "mā",
"gw": "saying",
"sense": "saying",
"norm": "mā",
"pos": "PRP",
"epos": "PRP"}
}
,
{
"node": "l",
"frag": "i-si-šu₂-nu",
"id": "P334502.l00476",
"ref": "P334502.6.2",
"inst": "issišunu[with]PRP",
"sig": "@saao/saa15%akk-x-neoass:i-si-šu₂-nu=išti[with//with]PRP'PRP$issišunu",
"f": {"lang": "akk-x-neoass",
"form": "i-si-šu₂-nu",
"cf": "išti",
"gw": "with",
"sense": "with",
"norm": "issišunu",
"pos": "PRP",
"epos": "PRP"}
}
,
{
"node": "l",
"frag": "me]-me-ni",
"id": "P334502.l00477",
"ref": "P334502.6.3",
"inst": "memmēni[anybody]XP",
"sig": "@saao/saa15%akk-x-neoass:me-me-ni=memēni[somebody//anybody]XP'XP$memmēni",
"f": {"lang": "akk-x-neoass",
"form": "me-me-ni",
"cf": "memēni",
"gw": "somebody",
"sense": "anybody",
"norm": "memmēni",
"pos": "XP",
"epos": "XP"}
}
,
{
"node": "l",
"frag": "lu",
"id": "P334502.l00478",
"ref": "P334502.6.4",
"inst": "lū[may]MOD",
"sig": "@saao/saa15%akk-x-neoass:lu=lū[may//may]MOD'MOD$lū",
"f": {"lang": "akk-x-neoass",
"form": "lu",
"cf": "lū",
"gw": "may",
"sense": "may",
"norm": "lū",
"pos": "MOD",
"epos": "MOD"}
}
,
{
"node": "l",
"frag": "la",
"id": "P334502.l00479",
"ref": "P334502.6.5",
"inst": "lā[not]MOD",
"sig": "@saao/saa15%akk-x-neoass:la=lā[not//not]MOD'MOD$lā",
"f": {"lang": "akk-x-neoass",
"form": "la",
"cf": "lā",
"gw": "not",
"sense": "not",
"norm": "lā",
"pos": "MOD",
"epos": "MOD"}
}
,
{
"node": "l",
"frag": "i-da-bu\\t-ub",
"id": "P334502.l0047a",
"ref": "P334502.6.6",
"inst": "idabbub[speak]V",
"sig": "@saao/saa15%akk-x-neoass:i-da-bu-ub=dabābu[speak//speak]V'V$idabbub",
"f": {"lang": "akk-x-neoass",
"form": "i-da-bu-ub",
"cf": "dabābu",
"gw": "speak",
"sense": "speak",
"norm": "idabbub",
"pos": "V",
"epos": "V"}
}
,
{
"node": "d",
"type": "line-start",
"ref": "P334502.7",
"n": "6",
"label": "o 6"}
,
{
"node": "l",
"frag": "{[še}nu-sa-hi-šu₂-nu",
"id": "P334502.l0047b",
"ref": "P334502.7.1",
"inst": "nusāhu[(a grain tax)//grain tax]N$nusāhīšunu",
"sig": "@saao/saa15%akk-x-neoass:{ŠE}nu-sa-hi-šu₂-nu=nusāhu[(a grain tax)//grain tax]N'N$nusāhīšunu",
"f": {"lang": "akk-x-neoass",
"form": "{ŠE}nu-sa-hi-šu₂-nu",
"cf": "nusāhu",
"gw": "(a grain tax)",
"sense": "grain tax",
"norm": "nusāhīšunu",
"pos": "N",
"epos": "N"}
}
,
{
"node": "l",
"frag": "me]-me-ni",
"id": "P334502.l0047c",
"ref": "P334502.7.2",
"inst": "memmēni[anybody]XP",
"sig": "@saao/saa15%akk-x-neoass:me-me-ni=memēni[somebody//anybody]XP'XP$memmēni",
"f": {"lang": "akk-x-neoass",
"form": "me-me-ni",
"cf": "memēni",
"gw": "somebody",
"sense": "anybody",
"norm": "memmēni",
"pos": "XP",
"epos": "XP"}
}
,
{
"node": "l",
"frag": "lu",
"id": "P334502.l0047d",
"ref": "P334502.7.3",
"inst": "lū[may]MOD",
"sig": "@saao/saa15%akk-x-neoass:lu=lū[may//may]MOD'MOD$lū",
"f": {"lang": "akk-x-neoass",
"form": "lu",
"cf": "lū",
"gw": "may",
"sense": "may",
"norm": "lū",
"pos": "MOD",
"epos": "MOD"}
}
,
{
"node": "l",
"frag": "la",
"id": "P334502.l0047e",
"ref": "P334502.7.4",
"inst": "lā[not]MOD",
"sig": "@saao/saa15%akk-x-neoass:la=lā[not//not]MOD'MOD$lā",
"f": {"lang": "akk-x-neoass",
"form": "la",
"cf": "lā",
"gw": "not",
"sense": "not",
"norm": "lā",
"pos": "MOD",
"epos": "MOD"}
}
,
{
"node": "l",
"frag": "i-na-sa-ha",
"id": "P334502.l0047f",
"ref": "P334502.7.5",
"inst": "nasāhu[tear out//extract]V$inassāha",
"sig": "@saao/saa15%akk-x-neoass:i-na-sa-ha=nasāhu[tear out//extract]V'V$inassāha",
"f": {"lang": "akk-x-neoass",
"form": "i-na-sa-ha",
"cf": "nasāhu",
"gw": "tear out",
"sense": "extract",
"norm": "inassāha",
"pos": "V",
"epos": "V"}
}
,
{
"node": "d",
"type": "line-start",
"ref": "P334502.8",
"n": "7",
"label": "o 7"}
,
{
"node": "l",
"frag": "[x",
"id": "P334502.l00480",
"ref": "P334502.8.1",
"inst": "u",
"f": {"lang": "akk-x-neoass",
"form": "x",
"pos": "u"}
}
,
{
"node": "l",
"frag": "x",
"id": "P334502.l00481",
"ref": "P334502.8.2",
"inst": "u",
"f": {"lang": "akk-x-neoass",
"form": "x",
"pos": "u"}
}
,
{
"node": "c",
"type": "phrase",
"tag": "phr",
"id": "P334502.U5",
"ref": "P334502.ls00001",
"cdl": [
{
"node": "l",
"frag": "{lu₂v}GAL-ki]-⸢ṣir⸣-MEŠ",
"id": "P334502.l00482",
"ref": "P334502.8.3",
"cof-tails": "P334502.l00483",
"inst": "rabû[big one]N$rab&kiṣru[cohort]N$kiṣrāni",
"sig": "@saao/saa15%akk-x-neoass:{LU₂}GAL-ki-ṣir-MEŠ=rabû[big one//big one]N'N$rab&&@saao%akk-x-neoass:=kiṣru[knot//cohort]N'N$kiṣrāni",
"f": {"lang": "akk-x-neoass",
"form": "{LU₂}GAL-ki-ṣir-MEŠ",
"cf": "rabû",
"gw": "big one",
"sense": "big one",
"norm": "rab",
"pos": "N",
"epos": "N"}
}
,
{
"node": "l",
"frag": "{lu₂v}GAL-ki]-⸢ṣir⸣-MEŠ",
"id": "P334502.l00483",
"ref": "P334502.8.3",
"cof-head": "P334502.l00482",
"inst": "rabû[big one]N$rab&kiṣru[cohort]N$kiṣrāni",
"tail-sig": "@saao%akk-x-neoass:=kiṣru[knot//cohort]N'N$kiṣrāni",
"f": {"lang": "akk-x-neoass",
"form": "{LU₂}GAL-ki-ṣir-MEŠ",
"cf": "kiṣru",
"gw": "knot",
"sense": "cohort",
"norm": "kiṣrāni",
"pos": "N",
"epos": "N"}
}
]}
,
{
"node": "l",
"frag": "u₃",
"id": "P334502.l00484",
"ref": "P334502.8.4",
"inst": "u[and]CNJ",
"sig": "@saao/saa15%akk-x-neoass:u₃=u[and//and]CNJ'CNJ$u",
"f": {"lang": "akk-x-neoass",
"form": "u₃",
"cf": "u",
"gw": "and",
"sense": "and",
"norm": "u",
"pos": "CNJ",
"epos": "CNJ"}
}
,
{
"node": "l",
"frag": "{lu₂v}rak-su\\t-te",
"id": "P334502.l00485",
"ref": "P334502.8.5",
"inst": "raksu[recruit//conscript]N$raksūte",
"sig": "@saao/saa15%akk-x-neoass:{LU₂}rak-su-te=raksu[recruit//conscript]N'N$raksūte",
"f": {"lang": "akk-x-neoass",
"form": "{LU₂}rak-su-te",
"cf": "raksu",
"gw": "recruit",
"sense": "conscript",
"norm": "raksūte",
"pos": "N",
"epos": "N"}
}
,
{
"node": "d",
"type": "line-start",
"ref": "P334502.9",
"n": "8",
"label": "o 8"}
,
{
"node": "l",
"frag": "[x",
"id": "P334502.l00486",
"ref": "P334502.9.1",
"inst": "u",
"f": {"lang": "akk-x-neoass",
"form": "x",
"pos": "u"}
}
,
{
"node": "l",
"frag": "x",
"id": "P334502.l00487",
"ref": "P334502.9.2",
"inst": "u",
"f": {"lang": "akk-x-neoass",
"form": "x",
"pos": "u"}
}
,
{
"node": "l",
"frag": "x",
"id": "P334502.l00488",
"ref": "P334502.9.3",
"inst": "u",
"f": {"lang": "akk-x-neoass",
"form": "x",
"pos": "u"}
}
,
{
"node": "l",
"frag": "x",
"id": "P334502.l00489",
"ref": "P334502.9.4",
"inst": "u",
"f": {"lang": "akk-x-neoass",
"form": "x",
"pos": "u"}
}
,
{
"node": "l",
"frag": "x",
"id": "P334502.l0048a",
"ref": "P334502.9.5",
"inst": "u",
"f": {"lang": "akk-x-neoass",
"form": "x",
"pos": "u"}
}
,
{
"node": "l",
"frag": "x]",
"id": "P334502.l0048b",
"ref": "P334502.9.6",
"inst": "u",
"f": {"lang": "akk-x-neoass",
"form": "x",
"pos": "u"}
}
,
{
"node": "l",
"frag": "DUMU-MEŠ-šu₂-u-ni",
"id": "P334502.l0048c",
"ref": "P334502.9.7",
"inst": "māru[son]N$mārīšūni",
"sig": "@saao/saa15%akk-x-neoass:DUMU-MEŠ-šu₂-u-ni=māru[son//son]N'N$mārīšūni",
"f": {"lang": "akk-x-neoass",
"form": "DUMU-MEŠ-šu₂-u-ni",
"cf": "māru",
"gw": "son",
"sense": "son",
"norm": "mārīšūni",
"pos": "N",
"epos": "N"}
}
,
{
"node": "d",
"type": "line-start",
"ref": "P334502.10",
"n": "9",
"label": "o 9"}
,
{
"node": "l",
"frag": "[x",
"id": "P334502.l0048d",
"ref": "P334502.10.1",
"inst": "u",
"f": {"lang": "akk-x-neoass",
"form": "x",
"pos": "u"}
}
,
{
"node": "l",
"frag": "x",
"id": "P334502.l0048e",
"ref": "P334502.10.2",
"inst": "u",
"f": {"lang": "akk-x-neoass",
"form": "x",
"pos": "u"}
}
,
{
"node": "l",
"frag": "x",
"id": "P334502.l0048f",
"ref": "P334502.10.3",
"inst": "u",
"f": {"lang": "akk-x-neoass",
"form": "x",
"pos": "u"}
}
,
{
"node": "l",
"frag": "x",
"id": "P334502.l00490",
"ref": "P334502.10.4",
"inst": "u",
"f": {"lang": "akk-x-neoass",
"form": "x",
"pos": "u"}
}
,
{
"node": "l",
"frag": "x",
"id": "P334502.l00491",
"ref": "P334502.10.5",
"inst": "u",
"f": {"lang": "akk-x-neoass",
"form": "x",
"pos": "u"}
}
,
{
"node": "l",
"frag": "x]+⸢x⸣-šu₂-nu",
"id": "P334502.l00492",
"ref": "P334502.10.6",
"inst": "u",
"f": {"lang": "akk-x-neoass",
"form": "x+x-šu₂-nu",
"pos": "u"}
}
,
{
"node": "l",
"frag": "i-sa-an-ni",
"id": "P334502.l00493",
"ref": "P334502.10.7",
"inst": "sanû[(meaning unknown)]V$isanni",
"sig": "@saao/saa15%akk-x-neoass:i-sa-an-ni=sanû[(meaning unknown)//(meaning unknown)]V'V$isanni",
"f": {"lang": "akk-x-neoass",
"form": "i-sa-an-ni",
"cf": "sanû",
"gw": "(meaning unknown)",
"sense": "(meaning unknown)",
"norm": "isanni",
"pos": "V",
"epos": "V"}
}
,
{
"node": "l",
"frag": "DUMU-MEŠ\\m-šu₂-nu",
"id": "P334502.l00494",
"ref": "P334502.10.8",
"inst": "māru[son]N$mārīšunu",
"sig": "@saao/saa15%akk-x-neoass:DUMU-MEŠ-šu₂-nu=māru[son//son]N'N$mārīšunu",
"f": {"lang": "akk-x-neoass",
"form": "DUMU-MEŠ-šu₂-nu",
"cf": "māru",
"gw": "son",
"sense": "son",
"norm": "mārīšunu",
"pos": "N",
"epos": "N"}
}
,
{
"node": "d",
"type": "line-start",
"ref": "P334502.11",
"n": "10",
"label": "o 10"}
,
{
"node": "l",
"frag": "[x",
"id": "P334502.l00495",
"ref": "P334502.11.1",
"inst": "u",
"f": {"lang": "akk-x-neoass",
"form": "x",
"pos": "u"}
}
,
{
"node": "l",
"frag": "x",
"id": "P334502.l00496",
"ref": "P334502.11.2",
"inst": "u",
"f": {"lang": "akk-x-neoass",
"form": "x",
"pos": "u"}
}
,
{
"node": "l",
"frag": "x",
"id": "P334502.l00497",
"ref": "P334502.11.3",
"inst": "u",
"f": {"lang": "akk-x-neoass",
"form": "x",
"pos": "u"}
}
,
{
"node": "l",
"frag": "x",
"id": "P334502.l00498",
"ref": "P334502.11.4",
"inst": "u",
"f": {"lang": "akk-x-neoass",
"form": "x",
"pos": "u"}
}
,
{
"node": "l",
"frag": "x",
"id": "P334502.l00499",
"ref": "P334502.11.5",
"inst": "u",
"f": {"lang": "akk-x-neoass",
"form": "x",
"pos": "u"}
}
,
{
"node": "l",
"frag": "za]-ku-u₂",
"id": "P334502.l0049a",
"ref": "P334502.11.6",
"inst": "zakû[pure//exempt]AJ$",
"sig": "@saao/saa15%akk-x-neoass:za-ku-u₂=zakû[pure//exempt]AJ'AJ$zakû",
"f": {"lang": "akk-x-neoass",
"form": "za-ku-u₂",
"cf": "zakû",
"gw": "pure",
"sense": "exempt",
"norm": "zakû",
"pos": "AJ",
"epos": "AJ"}
}
,
{
"node": "l",
"frag": "re-eh-ti\\t",
"id": "P334502.l0049b",
"ref": "P334502.11.7",
"inst": "rēhti[remainder]N",
"sig": "@saao/saa15%akk-x-neoass:re-eh-ti=rēhtu[remainder//remainder]N'N$rēhti",
"f": {"lang": "akk-x-neoass",
"form": "re-eh-ti",
"cf": "rēhtu",
"gw": "remainder",
"sense": "remainder",
"norm": "rēhti",
"pos": "N",
"epos": "N"}
}
,
{
"node": "d",
"type": "line-start",
"ref": "P334502.12",
"n": "11",
"label": "o 11"}
,
{
"node": "l",
"frag": "[x",
"id": "P334502.l0049c",
"ref": "P334502.12.1",
"inst": "u",
"f": {"lang": "akk-x-neoass",
"form": "x",
"pos": "u"}
}
,
{
"node": "l",
"frag": "x",
"id": "P334502.l0049d",
"ref": "P334502.12.2",
"inst": "u",
"f": {"lang": "akk-x-neoass",
"form": "x",
"pos": "u"}
}
,
{
"node": "l",
"frag": "x",
"id": "P334502.l0049e",
"ref": "P334502.12.3",
"inst": "u",
"f": {"lang": "akk-x-neoass",
"form": "x",
"pos": "u"}
}
,
{
"node": "l",
"frag": "x",
"id": "P334502.l0049f",
"ref": "P334502.12.4",
"inst": "u",
"f": {"lang": "akk-x-neoass",
"form": "x",
"pos": "u"}
}
,
{
"node": "l",
"frag": "x",
"id": "P334502.l004a0",
"ref": "P334502.12.5",
"inst": "u",
"f": {"lang": "akk-x-neoass",
"form": "x",
"pos": "u"}
}
,
{
"node": "l",
"frag": "x]",
"id": "P334502.l004a1",
"ref": "P334502.12.6",
"inst": "u",
"f": {"lang": "akk-x-neoass",
"form": "x",
"pos": "u"}
}
,
{
"node": "l",
"frag": "gir₂-ri",
"id": "P334502.l004a2",
"ref": "P334502.12.7",
"inst": "gerru[way//campaign]N$gerri",
"sig": "@saao/saa15%akk-x-neoass:gir₂-ri=gerru[way//campaign]N'N$gerri",
"f": {"lang": "akk-x-neoass",
"form": "gir₂-ri",
"cf": "gerru",
"gw": "way",
"sense": "campaign",
"norm": "gerri",
"pos": "N",
"epos": "N"}
}
,
{
"node": "l",
"frag": "ša\\m",
"id": "P334502.l004a3",
"ref": "P334502.12.8",
"inst": "ša[of]DET",
"sig": "@saao/saa15%akk-x-neoass:ša=ša[of//of]DET'DET$ša",
"f": {"lang": "akk-x-neoass",
"form": "ša",
"cf": "ša",
"gw": "of",
"sense": "of",
"norm": "ša",
"pos": "DET",
"epos": "DET"}
}
,
{
"node": "l",
"frag": "LUGAL",
"id": "P334502.l004a4",
"ref": "P334502.12.9",
"inst": "šarri[king]N",
"sig": "@saao/saa15%akk-x-neoass:LUGAL=šarru[king//king]N'N$šarri",
"f": {"lang": "akk-x-neoass",
"form": "LUGAL",
"cf": "šarru",
"gw": "king",
"sense": "king",
"norm": "šarri",
"pos": "N",
"epos": "N"}
}
,
{
"node": "l",
"frag": "EN-ia₂",
"id": "P334502.l004a5",
"ref": "P334502.12.10",
"inst": "bēlīya[lord]N",
"sig": "@saao/saa15%akk-x-neoass:EN-ia₂=bēlu[lord//lord]N'N$bēlīya",
"f": {"lang": "akk-x-neoass",
"form": "EN-ia₂",
"cf": "bēlu",
"gw": "lord",
"sense": "lord",
"norm": "bēlīya",
"pos": "N",
"epos": "N"}
}
,
{
"node": "d",
"type": "line-start",
"ref": "P334502.13",
"n": "12",
"label": "o 12"}
,
{
"node": "l",
"frag": "[x",
"id": "P334502.l004a6",
"ref": "P334502.13.1",
"inst": "u",
"f": {"lang": "akk-x-neoass",
"form": "x",
"pos": "u"}
}
,
{
"node": "l",
"frag": "x",
"id": "P334502.l004a7",
"ref": "P334502.13.2",
"inst": "u",
"f": {"lang": "akk-x-neoass",
"form": "x",
"pos": "u"}
}
,
{
"node": "l",
"frag": "x",
"id": "P334502.l004a8",
"ref": "P334502.13.3",
"inst": "u",
"f": {"lang": "akk-x-neoass",
"form": "x",
"pos": "u"}
}
,
{
"node": "l",
"frag": "x",
"id": "P334502.l004a9",
"ref": "P334502.13.4",
"inst": "u",
"f": {"lang": "akk-x-neoass",
"form": "x",
"pos": "u"}
}
,
{
"node": "l",
"frag": "x",
"id": "P334502.l004aa",
"ref": "P334502.13.5",
"inst": "u",
"f": {"lang": "akk-x-neoass",
"form": "x",
"pos": "u"}
}
,
{
"node": "c",
"type": "phrase",
"tag": "phr",
"id": "P334502.U6",
"ref": "P334502.ls00002",
"cdl": [
{
"node": "l",
"frag": "ina]",
"id": "P334502.l004ab",
"ref": "P334502.13.6",
"inst": "ina[in+=yesterday]PRP$",
"sig": "@saao/saa15%akk-x-neoass:ina=ina[in//in]PRP'PRP$ina",
"f": {"lang": "akk-x-neoass",
"form": "ina",
"cf": "ina",
"gw": "in",
"sense": "in",
"norm": "ina",
"pos": "PRP",
"epos": "PRP"}
}
,
{
"node": "l",
"frag": "ti\\t-ma-li",
"id": "P334502.l004ac",
"ref": "P334502.13.7",
"inst": "timāli[yesterday]AV$",
"sig": "@saao/saa15%akk-x-neoass:ti-ma-li=timāli[yesterday//yesterday]AV'AV$timāli",
"f": {"lang": "akk-x-neoass",
"form": "ti-ma-li",
"cf": "timāli",
"gw": "yesterday",
"sense": "yesterday",
"norm": "timāli",
"pos": "AV",
"epos": "AV"}
}
]}
,
{
"node": "l",
"frag": "ina",
"id": "P334502.l004ad",
"ref": "P334502.13.8",
"inst": "ina[in]PRP",
"sig": "@saao/saa15%akk-x-neoass:ina=ina[in//in]PRP'PRP$ina",
"f": {"lang": "akk-x-neoass",
"form": "ina",
"cf": "ina",
"gw": "in",
"sense": "in",
"norm": "ina",
"pos": "PRP",
"epos": "PRP"}
}
,
{
"node": "l",
"frag": "šal-ši",
"id": "P334502.l004ae",
"ref": "P334502.13.9",
"inst": "šalšu[third]NU$šalši",
"sig": "@saao/saa15%akk-x-neoass:šal-ši=šalšu[third//third]NU'NU$šalši",
"f": {"lang": "akk-x-neoass",
"form": "šal-ši",
"cf": "šalšu",
"gw": "third",
"sense": "third",
"norm": "šalši",
"pos": "NU",
"epos": "NU"}
}
,
{
"node": "l",
"frag": "UD-me",
"id": "P334502.l004af",
"ref": "P334502.13.10",
"inst": "ūme[day]N",
"sig": "@saao/saa15%akk-x-neoass:UD-me=ūmu[day//day]N'N$ūme",
"f": {"lang": "akk-x-neoass",
"form": "UD-me",
"cf": "ūmu",
"gw": "day",
"sense": "day",
"norm": "ūme",
"pos": "N",
"epos": "N"}
}
,
{
"node": "d",
"type": "nonx",
"ref": "P334502.14",
"strict": "0",
"extent": "rest",
"state": "missing"}
,
{
"node": "d",
"subtype": "reverse",
"type": "surface",
"ref": "P334502.r.15",
"type": "reverse",
"label": "r"}
,
{
"node": "d",
"type": "nonx",
"ref": "P334502.16",
"strict": "0",
"extent": "beginning",
"state": "missing"}
,
{
"node": "d",
"type": "line-start",
"ref": "P334502.17",
"n": "1'",
"label": "r 1'"}
,
{
"node": "l",
"frag": "[x",
"id": "P334502.l004b0",
"ref": "P334502.17.1",
"inst": "u",
"f": {"lang": "akk-x-neoass",
"form": "x",
"pos": "u"}
}
,
{
"node": "l",
"frag": "x",
"id": "P334502.l004b1",
"ref": "P334502.17.2",
"inst": "u",
"f": {"lang": "akk-x-neoass",
"form": "x",
"pos": "u"}
}
,
{
"node": "l",
"frag": "x",
"id": "P334502.l004b2",
"ref": "P334502.17.3",
"inst": "u",
"f": {"lang": "akk-x-neoass",
"form": "x",
"pos": "u"}
}
,
{
"node": "l",
"frag": "x",
"id": "P334502.l004b3",
"ref": "P334502.17.4",
"inst": "u",
"f": {"lang": "akk-x-neoass",
"form": "x",
"pos": "u"}
}
,
{
"node": "l",
"frag": "ih]-⸢har⸣-u-ni",
"id": "P334502.l004b4",
"ref": "P334502.17.5",
"inst": "mahāru[face//appeal]V$ihharūni",
"sig": "@saao/saa15%akk-x-neoass:ih-har-u-ni=mahāru[face//appeal]V'V$ihharūni",
"f": {"lang": "akk-x-neoass",
"form": "ih-har-u-ni",
"cf": "mahāru",
"gw": "face",
"sense": "appeal",
"norm": "ihharūni",
"pos": "V",
"epos": "V"}
}
,
{
"node": "l",
"frag": "⸢LUGAL",
"id": "P334502.l004b5",
"ref": "P334502.17.6",
"inst": "šarru[king]N",
"sig": "@saao/saa15%akk-x-neoass:LUGAL=šarru[king//king]N'N$šarru",
"f": {"lang": "akk-x-neoass",
"form": "LUGAL",
"cf": "šarru",
"gw": "king",
"sense": "king",
"norm": "šarru",
"pos": "N",
"epos": "N"}
}
,
{
"node": "l",
"frag": "be-li₂⸣",
"id": "P334502.l004b6",
"ref": "P334502.17.7",
"inst": "bēlī[lord]N",
"sig": "@saao/saa15%akk-x-neoass:be-li₂=bēlu[lord//lord]N'N$bēlī",
"f": {"lang": "akk-x-neoass",
"form": "be-li₂",
"cf": "bēlu",
"gw": "lord",
"sense": "lord",
"norm": "bēlī",
"pos": "N",
"epos": "N"}
}
,
{
"node": "l",
"frag": "[x",
"id": "P334502.l004b7",
"ref": "P334502.17.8",
"inst": "u",
"f": {"lang": "akk-x-neoass",
"form": "x",
"pos": "u"}
}
,
{
"node": "l",
"frag": "x]",
"id": "P334502.l004b8",
"ref": "P334502.17.9",
"inst": "u",
"f": {"lang": "akk-x-neoass",
"form": "x",
"pos": "u"}
}
,
{
"node": "d",
"type": "line-start",
"ref": "P334502.18",
"n": "2'",
"label": "r 2'"}
,
{
"node": "l",
"frag": "[ša",
"id": "P334502.l004b9",
"ref": "P334502.18.1",
"inst": "ša[who]REL",
"sig": "@saao/saa15%akk-x-neoass:ša=ša[that//who]REL'REL$ša",
"f": {"lang": "akk-x-neoass",
"form": "ša",
"cf": "ša",
"gw": "that",
"sense": "who",
"norm": "ša",
"pos": "REL",
"epos": "REL"}
}
,
{
"node": "l",
"frag": "a-na",
"id": "P334502.l004ba",
"ref": "P334502.18.2",
"inst": "ana[to]PRP",
"sig": "@saao/saa15%akk-x-neoass:a-na=ana[to//to]PRP'PRP$ana",
"f": {"lang": "akk-x-neoass",
"form": "a-na",
"cf": "ana",
"gw": "to",
"sense": "to",
"norm": "ana",
"pos": "PRP",
"epos": "PRP"}
}
,
{
"node": "l",
"frag": "LUGAL]",
"id": "P334502.l004bb",
"ref": "P334502.18.3",
"inst": "šarri[king]N",
"sig": "@saao/saa15%akk-x-neoass:LUGAL=šarru[king//king]N'N$šarri",
"f": {"lang": "akk-x-neoass",
"form": "LUGAL",
"cf": "šarru",
"gw": "king",
"sense": "king",
"norm": "šarri",
"pos": "N",
"epos": "N"}
}
,
{
"node": "l",
"frag": "EN-ia₂",
"id": "P334502.l004bc",
"ref": "P334502.18.4",
"inst": "bēlīya[lord]N",
"sig": "@saao/saa15%akk-x-neoass:EN-ia₂=bēlu[lord//lord]N'N$bēlīya",
"f": {"lang": "akk-x-neoass",
"form": "EN-ia₂",
"cf": "bēlu",
"gw": "lord",
"sense": "lord",
"norm": "bēlīya",
"pos": "N",
"epos": "N"}
}
,
{
"node": "l",
"frag": "ih-har-u-ni",
"id": "P334502.l004bd",
"ref": "P334502.18.5",
"inst": "mahāru[face//appeal]V$ihharūni",
"sig": "@saao/saa15%akk-x-neoass:ih-har-u-ni=mahāru[face//appeal]V'V$ihharūni",
"f": {"lang": "akk-x-neoass",
"form": "ih-har-u-ni",
"cf": "mahāru",
"gw": "face",
"sense": "appeal",
"norm": "ihharūni",
"pos": "V",
"epos": "V"}
}
,
{
"node": "l",
"frag": "ma-a",
"id": "P334502.l004be",
"ref": "P334502.18.6",
"inst": "mā[saying]PRP",
"sig": "@saao/saa15%akk-x-neoass:ma-a=mā[saying//saying]PRP'PRP$mā",
"f": {"lang": "akk-x-neoass",
"form": "ma-a",
"cf": "mā",
"gw": "saying",
"sense": "saying",
"norm": "mā",
"pos": "PRP",
"epos": "PRP"}
}
,
{
"node": "l",
"frag": "a-ni-[nu",
"id": "P334502.l004bf",
"ref": "P334502.18.7",
"inst": "anīnu[we]IP",
"sig": "@saao/saa15%akk-x-neoass:a-ni-nu=anīnu[we//we]IP'IP$anīnu",
"f": {"lang": "akk-x-neoass",
"form": "a-ni-nu",
"cf": "anīnu",
"gw": "we",
"sense": "we",
"norm": "anīnu",
"pos": "IP",
"epos": "IP"}
}
,
{
"node": "l",
"frag": "za-ka-ni]",
"id": "P334502.l004c0",
"ref": "P334502.18.8",
"inst": "zakû[pure//exempt]AJ$zakāni",
"sig": "@saao/saa15%akk-x-neoass:za-ka-ni=zakû[pure//exempt]AJ'AJ$zakāni",
"f": {"lang": "akk-x-neoass",
"form": "za-ka-ni",
"cf": "zakû",
"gw": "pure",
"sense": "exempt",
"norm": "zakāni",
"pos": "AJ",
"epos": "AJ"}
}
,
{
"node": "d",
"type": "line-start",
"ref": "P334502.19",
"n": "3'",
"label": "r 3'"}
,
{
"node": "l",
"frag": "[ma-a",
"id": "P334502.l004c1",
"ref": "P334502.19.1",
"inst": "mā[saying]PRP",
"sig": "@saao/saa15%akk-x-neoass:ma-a=mā[saying//saying]PRP'PRP$mā",
"f": {"lang": "akk-x-neoass",
"form": "ma-a",
"cf": "mā",
"gw": "saying",
"sense": "saying",
"norm": "mā",
"pos": "PRP",
"epos": "PRP"}
}
,
{
"node": "l",
"frag": "ŠEŠ]-MEŠ\\m-e-ni",
"id": "P334502.l004c2",
"ref": "P334502.19.2",
"inst": "ahu[brother]N$ahhēni",
"sig": "@saao/saa15%akk-x-neoass:ŠEŠ-MEŠ-e-ni=ahu[brother//brother]N'N$ahhēni",
"f": {"lang": "akk-x-neoass",
"form": "ŠEŠ-MEŠ-e-ni",
"cf": "ahu",
"gw": "brother",
"sense": "brother",
"norm": "ahhēni",
"pos": "N",
"epos": "N"}
}
,
{
"node": "l",
"frag": "ina",
"id": "P334502.l004c3",
"ref": "P334502.19.3",
"inst": "ina[in]PRP",
"sig": "@saao/saa15%akk-x-neoass:ina=ina[in//in]PRP'PRP$ina",
"f": {"lang": "akk-x-neoass",
"form": "ina",
"cf": "ina",
"gw": "in",
"sense": "in",
"norm": "ina",
"pos": "PRP",
"epos": "PRP"}
}
,
{
"node": "l",
"frag": "{uru}BAD₃-MAN-GIN",
"id": "P334502.l004c4",
"ref": "P334502.19.4",
"inst": "Dur-Šarruken[1]GN",
"sig": "@saao/saa15%akk-x-neoass:{URU}BAD₃-MAN-GIN=Dur-Šarruken[1//1]GN'GN$Dur-Šarruken",
"f": {"lang": "akk-x-neoass",
"form": "{URU}BAD₃-MAN-GIN",
"cf": "Dur-Šarruken",
"gw": "1",
"sense": "1",
"norm": "Dur-Šarruken",
"pos": "GN",
"epos": "GN"}
}
,
{
"node": "d",
"type": "line-start",
"ref": "P334502.20",
"n": "4'",
"label": "r 4'"}
,
{
"node": "l",
"frag": "[a-na",
"id": "P334502.l004c5",
"ref": "P334502.20.1",
"inst": "ana[for]PRP",
"sig": "@saao/saa15%akk-x-neoass:a-na=ana[to//for]PRP'PRP$ana",
"f": {"lang": "akk-x-neoass",
"form": "a-na",
"cf": "ana",
"gw": "to",
"sense": "for",
"norm": "ana",
"pos": "PRP",
"epos": "PRP"}
}
,
{
"node": "l",
"frag": "u₂-ra]-su\\t-te",
"id": "P334502.l004c6",
"ref": "P334502.20.2",
"inst": "urāsūtu[rôle of foreman//position of brick mason]N$urāsūte",
"sig": "@saao/saa15%akk-x-neoass:u₂-ra-su-te=urāsūtu[rôle of foreman//position of brick mason]N'N$urāsūte",
"f": {"lang": "akk-x-neoass",
"form": "u₂-ra-su-te",
"cf": "urāsūtu",
"gw": "rôle of foreman",
"sense": "position of brick mason",
"norm": "urāsūte",
"pos": "N",
"epos": "N"}
}
,
{
"node": "l",
"frag": "u₂-se-ṣi-u₂",
"id": "P334502.l004c7",
"ref": "P334502.20.3",
"inst": "aṣû[go out//bring out]V$ussēṣiu",
"sig": "@saao/saa15%akk-x-neoass:u₂-se-ṣi-u₂=aṣû[go out//bring out]V'V$ussēṣiu",
"f": {"lang": "akk-x-neoass",
"form": "u₂-se-ṣi-u₂",
"cf": "aṣû",
"gw": "go out",
"sense": "bring out",
"norm": "ussēṣiu",
"pos": "V",
"epos": "V"}
}
,
{
"node": "l",
"frag": "man-nu",
"id": "P334502.l004c8",
"ref": "P334502.20.4",
"inst": "mannu[who?]QP",
"sig": "@saao/saa15%akk-x-neoass:man-nu=mannu[who?//who?]QP'QP$mannu",
"f": {"lang": "akk-x-neoass",
"form": "man-nu",
"cf": "mannu",
"gw": "who?",
"sense": "who?",
"norm": "mannu",
"pos": "QP",
"epos": "QP"}
}
,
{
"node": "d",
"type": "line-start",
"ref": "P334502.21",
"n": "5'",
"label": "r 5'"}
,
{
"node": "l",
"frag": "{[lu₂v}rak]-⸢su⸣",
"id": "P334502.l004c9",
"ref": "P334502.21.1",
"inst": "raksu[recruit//conscript]N$",
"sig": "@saao/saa15%akk-x-neoass:{LU₂}rak-su=raksu[recruit//conscript]N'N$raksu",
"f": {"lang": "akk-x-neoass",
"form": "{LU₂}rak-su",
"cf": "raksu",
"gw": "recruit",
"sense": "conscript",
"norm": "raksu",
"pos": "N",
"epos": "N"}
}
,
{
"node": "l",
"frag": "ša\\y",
"id": "P334502.l004ca",
"ref": "P334502.21.2",
"inst": "ša[who]REL",
"sig": "@saao/saa15%akk-x-neoass:ša=ša[that//who]REL'REL$ša",
"f": {"lang": "akk-x-neoass",
"form": "ša",
"cf": "ša",
"gw": "that",
"sense": "who",
"norm": "ša",
"pos": "REL",
"epos": "REL"}
}
,
{
"node": "l",
"frag": "ŠEŠ-šu₂",
"id": "P334502.l004cb",
"ref": "P334502.21.3",
"inst": "ahu[brother]N$ahūšu",
"sig": "@saao/saa15%akk-x-neoass:ŠEŠ-šu₂=ahu[brother//brother]N'N$ahūšu",
"f": {"lang": "akk-x-neoass",
"form": "ŠEŠ-šu₂",
"cf": "ahu",
"gw": "brother",
"sense": "brother",
"norm": "ahūšu",
"pos": "N",
"epos": "N"}
}
,
{
"node": "l",
"frag": "šum₂-ma",
"id": "P334502.l004cc",
"ref": "P334502.21.4",
"inst": "šumma[if]MOD",
"sig": "@saao/saa15%akk-x-neoass:šum₂-ma=šumma[if//if]MOD'MOD$šumma",
"f": {"lang": "akk-x-neoass",
"form": "šum₂-ma",
"cf": "šumma",
"gw": "if",
"sense": "if",
"norm": "šumma",
"pos": "MOD",
"epos": "MOD"}
}
,
{
"node": "c",
"type": "phrase",
"tag": "phr",
"id": "P334502.U7",
"ref": "P334502.ls00003",
"cdl": [
{
"node": "l",
"frag": "DUMU-ŠEŠ-AD-šu₂",
"id": "P334502.l004cd",
"ref": "P334502.21.5",
"cof-tails": "P334502.l004ce P334502.l004cf",
"inst": "māru[son]N$mār&ahu[brother]N$ah&abu[father]N$abīšu",
"sig": "@saao/saa15%akk-x-neoass:DUMU-ŠEŠ-AD-šu₂=māru[son//son]N'N$mār&&@saao%akk-x-neoass:=ahu[brother//brother]N'N$ah&&@saao%akk-x-neoass:=abu[father//father]N'N$abīšu",
"f": {"lang": "akk-x-neoass",
"form": "DUMU-ŠEŠ-AD-šu₂",
"cf": "māru",
"gw": "son",
"sense": "son",
"norm": "mār",
"pos": "N",
"epos": "N"}
}
,
{
"node": "l",
"frag": "DUMU-ŠEŠ-AD-šu₂",
"id": "P334502.l004ce",
"ref": "P334502.21.5",
"cof-head": "P334502.l004cd",
"inst": "māru[son]N$mār&ahu[brother]N$ah&abu[father]N$abīšu",
"tail-sig": "@saao%akk-x-neoass:=ahu[brother//brother]N'N$ah",
"f": {"lang": "akk-x-neoass",
"form": "DUMU-ŠEŠ-AD-šu₂",
"cf": "ahu",
"gw": "brother",
"sense": "brother",
"norm": "ah",
"pos": "N",
"epos": "N"}
}
,
{
"node": "l",
"frag": "DUMU-ŠEŠ-AD-šu₂",
"id": "P334502.l004cf",
"ref": "P334502.21.5",
"cof-head": "P334502.l004cd",
"inst": "māru[son]N$mār&ahu[brother]N$ah&abu[father]N$abīšu",
"f": {"lang": "akk-x-neoass",
"form": "DUMU-ŠEŠ-AD-šu₂",
"cf": "abu",
"gw": "father",
"sense": "father",
"norm": "abīšu",
"pos": "N",
"epos": "N"}
}
]}
,
{
"node": "d",
"type": "line-start",
"ref": "P334502.22",
"n": "6'",
"label": "r 6'"}
,
{
"node": "l",
"frag": "[u₂-še]-⸢ṣi⸣-u₂",
"id": "P334502.l004d0",
"ref": "P334502.22.1",
"inst": "aṣû[go out//bring out]V$ušēṣiu",
"sig": "@saao/saa15%akk-x-neoass:u₂-še-ṣi-u₂=aṣû[go out//bring out]V'V$ušēṣiu",
"f": {"lang": "akk-x-neoass",
"form": "u₂-še-ṣi-u₂",
"cf": "aṣû",
"gw": "go out",
"sense": "bring out",
"norm": "ušēṣiu",
"pos": "V",
"epos": "V"}
}
,
{
"node": "l",
"frag": "šu-nu",
"id": "P334502.l004d1",
"ref": "P334502.22.2",
"inst": "šunu[they]IP",
"sig": "@saao/saa15%akk-x-neoass:šu-nu=šunu[they//they]IP'IP$šunu",
"f": {"lang": "akk-x-neoass",
"form": "šu-nu",
"cf": "šunu",
"gw": "they",
"sense": "they",
"norm": "šunu",
"pos": "IP",
"epos": "IP"}
}
,
{
"node": "l",
"frag": "a-na",
"id": "P334502.l004d2",
"ref": "P334502.22.3",
"inst": "ana[to]PRP",
"sig": "@saao/saa15%akk-x-neoass:a-na=ana[to//to]PRP'PRP$ana",
"f": {"lang": "akk-x-neoass",
"form": "a-na",
"cf": "ana",
"gw": "to",
"sense": "to",
"norm": "ana",
"pos": "PRP",
"epos": "PRP"}
}
,
{
"node": "l",
"frag": "LUGAL",
"id": "P334502.l004d3",
"ref": "P334502.22.4",
"inst": "šarri[king]N",
"sig": "@saao/saa15%akk-x-neoass:LUGAL=šarru[king//king]N'N$šarri",
"f": {"lang": "akk-x-neoass",
"form": "LUGAL",
"cf": "šarru",
"gw": "king",
"sense": "king",
"norm": "šarri",
"pos": "N",
"epos": "N"}
}
,
{
"node": "l",
"frag": "EN-ia₂",
"id": "P334502.l004d4",
"ref": "P334502.22.5",
"inst": "bēlīya[lord]N",
"sig": "@saao/saa15%akk-x-neoass:EN-ia₂=bēlu[lord//lord]N'N$bēlīya",
"f": {"lang": "akk-x-neoass",
"form": "EN-ia₂",
"cf": "bēlu",
"gw": "lord",
"sense": "lord",
"norm": "bēlīya",
"pos": "N",
"epos": "N"}
}
,
{
"node": "d",
"type": "line-start",
"ref": "P334502.23",
"n": "7'",
"label": "r 7'"}
,
{
"node": "l",
"frag": "[iq-ṭi-bi-u]",
"id": "P334502.l004d5",
"ref": "P334502.23.1",
"inst": "iqṭibiu[say]V",
"sig": "@saao/saa15%akk-x-neoass:iq-ṭi-bi-u=qabû[say//say]V'V$iqṭibiu",
"f": {"lang": "akk-x-neoass",
"form": "iq-ṭi-bi-u",
"cf": "qabû",
"gw": "say",
"sense": "say",
"norm": "iqṭibiu",
"pos": "V",
"epos": "V"}
}
,
{
"node": "l",
"frag": "ma-a",
"id": "P334502.l004d6",
"ref": "P334502.23.2",
"inst": "mā[saying]PRP",
"sig": "@saao/saa15%akk-x-neoass:ma-a=mā[saying//saying]PRP'PRP$mā",
"f": {"lang": "akk-x-neoass",
"form": "ma-a",
"cf": "mā",
"gw": "saying",
"sense": "saying",
"norm": "mā",
"pos": "PRP",
"epos": "PRP"}
}
,
{
"node": "l",
"frag": "in-nu-u₂",
"id": "P334502.l004d7",
"ref": "P334502.23.3",
"inst": "innû[ours]PP$",
"sig": "@saao/saa15%akk-x-neoass:in-nu-u₂=innû[ours//ours]PP'PP$innû",
"f": {"lang": "akk-x-neoass",
"form": "in-nu-u₂",
"cf": "innû",
"gw": "ours",
"sense": "ours",
"norm": "innû",
"pos": "PP",
"epos": "PP"}
}
,
{
"node": "l",
"frag": "u₂-se-ṣi-u",
"id": "P334502.l004d8",
"ref": "P334502.23.4",
"inst": "aṣû[go out//bring out]V$ussēṣiu",
"sig": "@saao/saa15%akk-x-neoass:u₂-se-ṣi-u=aṣû[go out//bring out]V'V$ussēṣiu",
"f": {"lang": "akk-x-neoass",
"form": "u₂-se-ṣi-u",
"cf": "aṣû",
"gw": "go out",
"sense": "bring out",
"norm": "ussēṣiu",
"pos": "V",
"epos": "V"}
}
,
{
"node": "d",
"type": "line-start",
"ref": "P334502.24",
"n": "8'",
"label": "r 8'"}
,
{
"node": "c",
"type": "phrase",
"tag": "phr",
"id": "P334502.U8",
"ref": "P334502.ls00004",
"cdl": [
{
"node": "l",
"frag": "[ina",
"id": "P334502.l004d9",
"ref": "P334502.24.1",
"inst": "ina[in+=in]PRP",
"sig": "@saao/saa15%akk-x-neoass:ina=ina[in//in]PRP'PRP$ina",
"f": {"lang": "akk-x-neoass",
"form": "ina",
"cf": "ina",
"gw": "in",
"sense": "in",
"norm": "ina",
"pos": "PRP",
"epos": "PRP"}
}
,
{
"node": "l",
"frag": "ŠA₃",
"id": "P334502.l004da",
"ref": "P334502.24.2",
"inst": "libbi[interior]N",
"sig": "@saao/saa15%akk-x-neoass:ŠA₃=libbu[interior//interior]N'N$libbi",
"f": {"lang": "akk-x-neoass",
"form": "ŠA₃",
"cf": "libbu",
"gw": "interior",
"sense": "interior",
"norm": "libbi",
"pos": "N",
"epos": "N"}
}
]}
,
{
"node": "l",
"frag": "an-ni]-im-ma",
"id": "P334502.l004db",
"ref": "P334502.24.3",
"inst": "annû[this]DP$annimma",
"sig": "@saao/saa15%akk-x-neoass:an-ni-im-ma=annû[this//this]DP'DP$annimma",
"f": {"lang": "akk-x-neoass",
"form": "an-ni-im-ma",
"cf": "annû",
"gw": "this",
"sense": "this",
"norm": "annimma",
"pos": "DP",
"epos": "DP"}
}
,
{
"node": "l",
"frag": "LUGAL",
"id": "P334502.l004dc",
"ref": "P334502.24.4",
"inst": "šarru[king]N",
"sig": "@saao/saa15%akk-x-neoass:LUGAL=šarru[king//king]N'N$šarru",
"f": {"lang": "akk-x-neoass",
"form": "LUGAL",
"cf": "šarru",
"gw": "king",
"sense": "king",
"norm": "šarru",
"pos": "N",
"epos": "N"}
}
,
{
"node": "l",
"frag": "be-li₂",
"id": "P334502.l004dd",
"ref": "P334502.24.5",
"inst": "bēlī[lord]N",
"sig": "@saao/saa15%akk-x-neoass:be-li₂=bēlu[lord//lord]N'N$bēlī",
"f": {"lang": "akk-x-neoass",
"form": "be-li₂",
"cf": "bēlu",
"gw": "lord",
"sense": "lord",
"norm": "bēlī",
"pos": "N",
"epos": "N"}
}
,
{
"node": "l",
"frag": "ket\\d-tu₂",
"id": "P334502.l004de",
"ref": "P334502.24.6",
"inst": "kittu[truth]N$kettu",
"sig": "@saao/saa15%akk-x-neoass:ket-tu₂=kittu[truth//truth]N'N$kettu",
"f": {"lang": "akk-x-neoass",
"form": "ket-tu₂",
"cf": "kittu",
"gw": "truth",
"sense": "truth",
"norm": "kettu",
"pos": "N",
"epos": "N"}
}
,
{
"node": "l",
"frag": "le-mur",
"id": "P334502.l004df",
"ref": "P334502.24.7",
"inst": "amāru[see]V$lēmur",
"sig": "@saao/saa15%akk-x-neoass:le-mur=amāru[see//see]V'V$lēmur",
"f": {"lang": "akk-x-neoass",
"form": "le-mur",
"cf": "amāru",
"gw": "see",
"sense": "see",
"norm": "lēmur",
"pos": "V",
"epos": "V"}
}
,
{
"node": "d",
"type": "line-start",
"ref": "P334502.25",
"n": "9'",
"label": "r 9'"}
,
{
"node": "l",
"frag": "[x",
"id": "P334502.l004e0",
"ref": "P334502.25.1",
"inst": "u",
"f": {"lang": "akk-x-neoass",
"form": "x",
"pos": "u"}
}
,
{
"node": "l",
"frag": "x",
"id": "P334502.l004e1",
"ref": "P334502.25.2",
"inst": "u",
"f": {"lang": "akk-x-neoass",
"form": "x",
"pos": "u"}
}
,
{
"node": "l",
"frag": "{uru}BAD₃]-⸢MAN⸣-GIN",
"id": "P334502.l004e2",
"ref": "P334502.25.3",
"inst": "Dur-Šarruken[1]GN",
"sig": "@saao/saa15%akk-x-neoass:{URU}BAD₃-MAN-GIN=Dur-Šarruken[1//1]GN'GN$Dur-Šarruken",
"f": {"lang": "akk-x-neoass",
"form": "{URU}BAD₃-MAN-GIN",
"cf": "Dur-Šarruken",
"gw": "1",
"sense": "1",
"norm": "Dur-Šarruken",
"pos": "GN",
"epos": "GN"}
}
,
{
"node": "l",
"frag": "le-mu-ru",
"id": "P334502.l004e3",
"ref": "P334502.25.4",
"inst": "amāru[see]V$lēmuru",
"sig": "@saao/saa15%akk-x-neoass:le-mu-ru=amāru[see//see]V'V$lēmuru",
"f": {"lang": "akk-x-neoass",
"form": "le-mu-ru",
"cf": "amāru",
"gw": "see",
"sense": "see",
"norm": "lēmuru",
"pos": "V",
"epos": "V"}
}
,
{
"node": "l",
"frag": "šum₂-ma",
"id": "P334502.l004e4",
"ref": "P334502.25.5",
"inst": "šumma[if]MOD",
"sig": "@saao/saa15%akk-x-neoass:šum₂-ma=šumma[if//if]MOD'MOD$šumma",
"f": {"lang": "akk-x-neoass",
"form": "šum₂-ma",
"cf": "šumma",
"gw": "if",
"sense": "if",
"norm": "šumma",
"pos": "MOD",
"epos": "MOD"}
}
,
{
"node": "l",
"frag": "i-ba\\t-ši",
"id": "P334502.l004e5",
"ref": "P334502.25.6",
"inst": "ibašši[exist]V",
"sig": "@saao/saa15%akk-x-neoass:i-ba-ši=bašû[exist//exist]V'V$ibašši",
"f": {"lang": "akk-x-neoass",
"form": "i-ba-ši",
"cf": "bašû",
"gw": "exist",
"sense": "exist",
"norm": "ibašši",
"pos": "V",
"epos": "V"}
}
,
{
"node": "d",
"type": "line-start",
"ref": "P334502.26",
"n": "10'",
"label": "r 10'"}
,
{
"node": "l",
"frag": "{[lu₂v}rak-su",
"id": "P334502.l004e6",
"ref": "P334502.26.1",
"inst": "raksu[recruit//conscript]N$",
"sig": "@saao/saa15%akk-x-neoass:{LU₂}rak-su=raksu[recruit//conscript]N'N$raksu",
"f": {"lang": "akk-x-neoass",
"form": "{LU₂}rak-su",
"cf": "raksu",
"gw": "recruit",
"sense": "conscript",
"norm": "raksu",
"pos": "N",
"epos": "N"}
}
,
{
"node": "l",
"frag": "01-en]",
"id": "P334502.l004e7",
"ref": "P334502.26.2",
"inst": "ištēn[one]NU$issēn",
"sig": "@saao/saa15%akk-x-neoass:01-en=ištēn[one//one]NU'NU$issēn",
"f": {"lang": "akk-x-neoass",
"form": "01-en",
"cf": "ištēn",
"gw": "one",
"sense": "one",
"norm": "issēn",
"pos": "NU",
"epos": "NU"}
}
,
{
"node": "l",
"frag": "ša",
"id": "P334502.l004e8",
"ref": "P334502.26.3",
"inst": "ša[of]DET",
"sig": "@saao/saa15%akk-x-neoass:ša=ša[of//of]DET'DET$ša",
"f": {"lang": "akk-x-neoass",
"form": "ša",
"cf": "ša",
"gw": "of",
"sense": "of",
"norm": "ša",
"pos": "DET",
"epos": "DET"}
}
,
{
"node": "l",
"frag": "KAB",
"id": "P334502.l004e9",
"ref": "P334502.26.4",
"inst": "šumēlu[left side]N$šumēli",
"sig": "@saao/saa15%akk-x-neoass:KAB=šumēlu[left side//left side]N'N$šumēli",
"f": {"lang": "akk-x-neoass",
"form": "KAB",
"cf": "šumēlu",
"gw": "left side",
"sense": "left side",
"norm": "šumēli",
"pos": "N",
"epos": "N"}
}
,
{
"node": "c",
"type": "phrase",
"tag": "phr",
"id": "P334502.U9",
"ref": "P334502.ls00005",
"cdl": [
{
"node": "l",
"frag": "[ina]",
"id": "P334502.l004ea",
"ref": "P334502.26.5",
"inst": "ina[in+=from out of]PRP",
"sig": "@saao/saa15%akk-x-neoass:ina=ina[in//in]PRP'PRP$ina",
"f": {"lang": "akk-x-neoass",
"form": "ina",
"cf": "ina",
"gw": "in",
"sense": "in",
"norm": "ina",
"pos": "PRP",
"epos": "PRP"}
}
,
{
"node": "l",
"frag": "ŠA₃-bi-šu₂-nu",
"id": "P334502.l004eb",
"ref": "P334502.26.6",
"inst": "libbišunu[interior]N",
"sig": "@saao/saa15%akk-x-neoass:ŠA₃-bi-šu₂-nu=libbu[interior//interior]N'N$libbišunu",
"f": {"lang": "akk-x-neoass",
"form": "ŠA₃-bi-šu₂-nu",
"cf": "libbu",
"gw": "interior",
"sense": "interior",
"norm": "libbišunu",
"pos": "N",
"epos": "N"}
}
]}
,
{
"node": "l",
"frag": "⸢LUGAL",
"id": "P334502.l004ec",
"ref": "P334502.26.7",
"inst": "šarru[king]N",
"sig": "@saao/saa15%akk-x-neoass:LUGAL=šarru[king//king]N'N$šarru",
"f": {"lang": "akk-x-neoass",
"form": "LUGAL",
"cf": "šarru",
"gw": "king",
"sense": "king",
"norm": "šarru",
"pos": "N",
"epos": "N"}
}
,
{
"node": "l",
"frag": "be-li₂⸣",
"id": "P334502.l004ed",
"ref": "P334502.26.8",
"inst": "bēlī[lord]N",
"sig": "@saao/saa15%akk-x-neoass:be-li₂=bēlu[lord//lord]N'N$bēlī",
"f": {"lang": "akk-x-neoass",
"form": "be-li₂",
"cf": "bēlu",
"gw": "lord",
"sense": "lord",
"norm": "bēlī",
"pos": "N",
"epos": "N"}
}
,
{
"node": "d",
"type": "line-start",
"ref": "P334502.27",
"n": "11'",
"label": "r 11'"}
,
{
"node": "l",
"frag": "[a-na",
"id": "P334502.l004ee",
"ref": "P334502.27.1",
"inst": "ana[to]PRP",
"sig": "@saao/saa15%akk-x-neoass:a-na=ana[to//to]PRP'PRP$ana",
"f": {"lang": "akk-x-neoass",
"form": "a-na",
"cf": "ana",
"gw": "to",
"sense": "to",
"norm": "ana",
"pos": "PRP",
"epos": "PRP"}
}
,
{
"node": "l",
"frag": "x",
"id": "P334502.l004ef",
"ref": "P334502.27.2",
"inst": "u",
"f": {"lang": "akk-x-neoass",
"form": "x",
"pos": "u"}
}
,
{
"node": "l",
"frag": "x]",
"id": "P334502.l004f0",
"ref": "P334502.27.3",
"inst": "u",
"f": {"lang": "akk-x-neoass",
"form": "x",
"pos": "u"}
}
,
{
"node": "l",
"frag": "⸢liš⸣-al",
"id": "P334502.l004f1",
"ref": "P334502.27.4",
"inst": "lišʾal[ask]V",
"sig": "@saao/saa15%akk-x-neoass:liš-al=šâlu[ask//ask]V'V$lišʾal",
"f": {"lang": "akk-x-neoass",
"form": "liš-al",
"cf": "šâlu",
"gw": "ask",
"sense": "ask",
"norm": "lišʾal",
"pos": "V",
"epos": "V"}
}
,
{
"node": "l",
"frag": "šum₂-ma",
"id": "P334502.l004f2",
"ref": "P334502.27.5",
"inst": "šumma[if]MOD",
"sig": "@saao/saa15%akk-x-neoass:šum₂-ma=šumma[if//if]MOD'MOD$šumma",
"f": {"lang": "akk-x-neoass",
"form": "šum₂-ma",
"cf": "šumma",
"gw": "if",
"sense": "if",
"norm": "šumma",
"pos": "MOD",
"epos": "MOD"}
}
,
{
"node": "c",
"type": "phrase",
"tag": "phr",
"id": "P334502.U10",
"ref": "P334502.ls00006",
"cdl": [
{
"node": "l",
"frag": "ina",
"id": "P334502.l004f3",
"ref": "P334502.27.6",
"inst": "ina[in+=about]PRP",
"sig": "@saao/saa15%akk-x-neoass:ina=ina[in//in]PRP'PRP$ina",
"f": {"lang": "akk-x-neoass",
"form": "ina",
"cf": "ina",
"gw": "in",
"sense": "in",
"norm": "ina",
"pos": "PRP",
"epos": "PRP"}
}
,
{
"node": "l",
"frag": "UGU-hi-šu₂-nu",
"id": "P334502.l004f4",
"ref": "P334502.27.7",
"inst": "muhhišunu[skull]N",
"sig": "@saao/saa15%akk-x-neoass:UGU-hi-šu₂-nu=muhhu[skull//skull]N'N$muhhišunu",
"f": {"lang": "akk-x-neoass",
"form": "UGU-hi-šu₂-nu",
"cf": "muhhu",
"gw": "skull",
"sense": "skull",
"norm": "muhhišunu",
"pos": "N",
"epos": "N"}
}
]}
,
{
"node": "l",
"frag": "ṭe₃-e-mu",
"id": "P334502.l004f5",
"ref": "P334502.27.8",
"inst": "ṭēmu[order]N",
"sig": "@saao/saa15%akk-x-neoass:ṭe₃-e-mu=ṭēmu[(fore)thought//order]N'N$ṭēmu",
"f": {"lang": "akk-x-neoass",
"form": "ṭe₃-e-mu",
"cf": "ṭēmu",
"gw": "(fore)thought",
"sense": "order",
"norm": "ṭēmu",
"pos": "N",
"epos": "N"}
}
,
{
"node": "d",
"type": "line-start",
"ref": "P334502.28",
"n": "12'",
"label": "r 12'"}
,
{
"node": "l",
"frag": "[la",
"id": "P334502.l004f6",
"ref": "P334502.28.1",
"inst": "lā[not]MOD",
"sig": "@saao/saa15%akk-x-neoass:la=lā[not//not]MOD'MOD$lā",
"f": {"lang": "akk-x-neoass",
"form": "la",
"cf": "lā",
"gw": "not",
"sense": "not",
"norm": "lā",
"pos": "MOD",
"epos": "MOD"}
}
,
{
"node": "l",
"frag": "aš₂-ku-nu]-⸢ni⸣",
"id": "P334502.l004f7",
"ref": "P334502.28.2",
"inst": "šakānu[put//place]V$aškunūni",
"sig": "@saao/saa15%akk-x-neoass:aš₂-ku-nu-ni=šakānu[put//place]V'V$aškunūni",
"f": {"lang": "akk-x-neoass",
"form": "aš₂-ku-nu-ni",
"cf": "šakānu",
"gw": "put",
"sense": "place",
"norm": "aškunūni",
"pos": "V",
"epos": "V"}
}
,
{
"node": "l",
"frag": "bir-te",
"id": "P334502.l004f8",
"ref": "P334502.28.3",
"inst": "birte[between]PRP",
"sig": "@saao/saa15%akk-x-neoass:bir-te=birti[between//between]PRP'PRP$birte",
"f": {"lang": "akk-x-neoass",
"form": "bir-te",
"cf": "birti",
"gw": "between",
"sense": "between",
"norm": "birte",
"pos": "PRP",
"epos": "PRP"}
}
,
{
"node": "l",
"frag": "IGI.2",
"id": "P334502.l004f9",
"ref": "P334502.28.4",
"inst": "īnu[eye]N$ēnāti",
"sig": "@saao/saa15%akk-x-neoass:IGI.2=īnu[eye//eye]N'N$ēnāti",
"f": {"lang": "akk-x-neoass",
"form": "IGI.2",
"cf": "īnu",
"gw": "eye",
"sense": "eye",
"norm": "ēnāti",
"pos": "N",
"epos": "N"}
}
,
{
"node": "l",
"frag": "la",
"id": "P334502.l004fa",
"ref": "P334502.28.5",
"inst": "lā[not]MOD",
"sig": "@saao/saa15%akk-x-neoass:la=lā[not//not]MOD'MOD$lā",
"f": {"lang": "akk-x-neoass",
"form": "la",
"cf": "lā",
"gw": "not",
"sense": "not",
"norm": "lā",
"pos": "MOD",
"epos": "MOD"}
}
,
{
"node": "l",
"frag": "u₂-<ma>-⸢di⸣-du-u-ni",
"id": "P334502.l004fb",
"ref": "P334502.28.6",
"inst": "madādu[measure (out)//make clear]V$umaddidūni",
"sig": "@saao/saa15%akk-x-neoass:u₂-ma-di-du-u-ni=madādu[measure (out)//make clear]V'V$umaddidūni",
"f": {"lang": "akk-x-neoass",
"form": "u₂-ma-di-du-u-ni",
"cf": "madādu",
"gw": "measure (out)",
"sense": "make clear",
"norm": "umaddidūni",
"pos": "V",
"epos": "V"}
}
,
{
"node": "d",
"type": "line-start",
"ref": "P334502.29",
"n": "13'",
"label": "r 13'"}
,
{
"node": "l",
"frag": "[mu-uk",
"id": "P334502.l004fc",
"ref": "P334502.29.1",
"inst": "muk[saying]PRP",
"sig": "@saao/saa15%akk-x-neoass:mu-uk=muk[saying//saying]PRP'PRP$muk",
"f": {"lang": "akk-x-neoass",
"form": "mu-uk",
"cf": "muk",
"gw": "saying",
"sense": "saying",
"norm": "muk",
"pos": "PRP",
"epos": "PRP"}
}
,
{
"node": "l",
"frag": "me-me]-⸢ni⸣",
"id": "P334502.l004fd",
"ref": "P334502.29.2",
"inst": "memmēni[anybody]XP",
"sig": "@saao/saa15%akk-x-neoass:me-me-ni=memēni[somebody//anybody]XP'XP$memmēni",
"f": {"lang": "akk-x-neoass",
"form": "me-me-ni",
"cf": "memēni",
"gw": "somebody",
"sense": "anybody",
"norm": "memmēni",
"pos": "XP",
"epos": "XP"}
}
,
{
"node": "l",
"frag": "i-si-šu₂-nu",
"id": "P334502.l004fe",
"ref": "P334502.29.3",
"inst": "issišunu[with]PRP",
"sig": "@saao/saa15%akk-x-neoass:i-si-šu₂-nu=išti[with//with]PRP'PRP$issišunu",
"f": {"lang": "akk-x-neoass",
"form": "i-si-šu₂-nu",
"cf": "išti",
"gw": "with",
"sense": "with",
"norm": "issišunu",
"pos": "PRP",
"epos": "PRP"}
}
,
{
"node": "l",
"frag": "la",
"id": "P334502.l004ff",
"ref": "P334502.29.4",
"inst": "lā[not]MOD",
"sig": "@saao/saa15%akk-x-neoass:la=lā[not//not]MOD'MOD$lā",
"f": {"lang": "akk-x-neoass",
"form": "la",
"cf": "lā",
"gw": "not",
"sense": "not",
"norm": "lā",
"pos": "MOD",
"epos": "MOD"}
}
,
{
"node": "l",
"frag": "i-da-bu\\tp-ub",
"id": "P334502.l00500",
"ref": "P334502.29.5",
"inst": "idabbub[speak]V",
"sig": "@saao/saa15%akk-x-neoass:i-da-bu-ub=dabābu[speak//speak]V'V$idabbub",
"f": {"lang": "akk-x-neoass",
"form": "i-da-bu-ub",
"cf": "dabābu",
"gw": "speak",
"sense": "speak",
"norm": "idabbub",
"pos": "V",
"epos": "V"}
}
,
{
"node": "d",
"subtype": "right",
"type": "surface",
"ref": "P334502.r.e..30",
"type": "right",
"label": "r.e."}
,
{
"node": "d",
"type": "line-start",
"ref": "P334502.31",
"n": "14",
"label": "r.e. 14"}
,
{
"node": "l",
"frag": "[ina",
"id": "P334502.l00501",
"ref": "P334502.31.1",
"inst": "ina[in//through]PRP$",
"sig": "@saao/saa15%akk-x-neoass:ina=ina[in//through]PRP'PRP$ina",
"f": {"lang": "akk-x-neoass",
"form": "ina",
"cf": "ina",
"gw": "in",
"sense": "through",
"norm": "ina",
"pos": "PRP",
"epos": "PRP"}
}
,
{
"node": "l",
"frag": "KA₂-šu₂-nu]",
"id": "P334502.l00502",
"ref": "P334502.31.2",
"inst": "bābu[gate]N$bābišunu",
"sig": "@saao/saa15%akk-x-neoass:KA₂-šu₂-nu=bābu[gate//gate]N'N$bābišunu",
"f": {"lang": "akk-x-neoass",
"form": "KA₂-šu₂-nu",
"cf": "bābu",
"gw": "gate",
"sense": "gate",
"norm": "bābišunu",
"pos": "N",
"epos": "N"}
}
,
{
"node": "l",
"frag": "lu",
"id": "P334502.l00503",
"ref": "P334502.31.3",
"inst": "lū[may]MOD",
"sig": "@saao/saa15%akk-x-neoass:lu=lū[may//may]MOD'MOD$lū",
"f": {"lang": "akk-x-neoass",
"form": "lu",
"cf": "lū",
"gw": "may",
"sense": "may",
"norm": "lū",
"pos": "MOD",
"epos": "MOD"}
}
,
{
"node": "l",
"frag": "la",
"id": "P334502.l00504",
"ref": "P334502.31.4",
"inst": "lā[not]MOD",
"sig": "@saao/saa15%akk-x-neoass:la=lā[not//not]MOD'MOD$lā",
"f": {"lang": "akk-x-neoass",
"form": "la",
"cf": "lā",
"gw": "not",
"sense": "not",
"norm": "lā",
"pos": "MOD",
"epos": "MOD"}
}
,
{
"node": "l",
"frag": "e-ti\\t-qi",
"id": "P334502.l00505",
"ref": "P334502.31.5",
"inst": "etēqu[proceed]V$ettīqi",
"sig": "@saao/saa15%akk-x-neoass:e-ti-qi=etēqu[proceed//proceed]V'V$ettīqi",
"f": {"lang": "akk-x-neoass",
"form": "e-ti-qi",
"cf": "etēqu",
"gw": "proceed",
"sense": "proceed",
"norm": "ettīqi",
"pos": "V",
"epos": "V"}
}
,
{
"node": "d",
"type": "line-start",
"ref": "P334502.32",
"n": "15",
"label": "r.e. 15"}
,
{
"node": "l",
"frag": "{1}x",
"id": "P334502.l00506",
"ref": "P334502.32.1",
"inst": "u",
"f": {"lang": "akk-x-neoass",
"form": "{1}x",
"pos": "u"}
}
,
{
"node": "l",
"frag": "x]-⸢U⸣.GUR",
"id": "P334502.l00507",
"ref": "P334502.32.2",
"inst": "u",
"f": {"lang": "akk-x-neoass",
"form": "x-U.GUR",
"pos": "u"}
}
,
{
"node": "l",
"frag": "{lu₂v}rak-su\\t",
"id": "P334502.l00508",
"ref": "P334502.32.3",
"inst": "raksu[recruit//conscript]N$",
"sig": "@saao/saa15%akk-x-neoass:{LU₂}rak-su=raksu[recruit//conscript]N'N$raksu",
"f": {"lang": "akk-x-neoass",
"form": "{LU₂}rak-su",
"cf": "raksu",
"gw": "recruit",
"sense": "conscript",
"norm": "raksu",
"pos": "N",
"epos": "N"}
}
,
{
"node": "d",
"type": "line-start",
"ref": "P334502.33",
"n": "16",
"label": "r.e. 16"}
,
{
"node": "l",
"frag": "[x",
"id": "P334502.l00509",
"ref": "P334502.33.1",
"inst": "u",
"f": {"lang": "akk-x-neoass",
"form": "x",
"pos": "u"}
}
,
{
"node": "l",
"frag": "x",
"id": "P334502.l0050a",
"ref": "P334502.33.2",
"inst": "u",
"f": {"lang": "akk-x-neoass",
"form": "x",
"pos": "u"}
}
,
{
"node": "l",
"frag": "{1}{d]}⸢AMAR⸣.UTU-SUM-na",
"id": "P334502.l0050b",
"ref": "P334502.33.3",
"inst": "Marduk-iddina[]PN$",
"sig": "@saao/saa15%akk-x-neoass:{1}{d}AMAR.UTU-SUM-na=Marduk-iddina[1//1]PN'PN$Marduk-iddina",
"f": {"lang": "akk-x-neoass",
"form": "{1}{d}AMAR.UTU-SUM-na",
"cf": "Marduk-iddina",
"gw": "1",
"sense": "1",
"norm": "Marduk-iddina",
"pos": "PN",
"epos": "PN"}
}
,
{
"node": "d",
"type": "line-start",
"ref": "P334502.34",
"n": "17",
"label": "r.e. 17"}
,
{
"node": "l",
"frag": "[x",
"id": "P334502.l0050c",
"ref": "P334502.34.1",
"inst": "u",
"f": {"lang": "akk-x-neoass",
"form": "x",
"pos": "u"}
}
,
{
"node": "l",
"frag": "x",
"id": "P334502.l0050d",
"ref": "P334502.34.2",
"inst": "u",
"f": {"lang": "akk-x-neoass",
"form": "x",
"pos": "u"}
}
,
{
"node": "l",
"frag": "x",
"id": "P334502.l0050e",
"ref": "P334502.34.3",
"inst": "u",
"f": {"lang": "akk-x-neoass",
"form": "x",
"pos": "u"}
}
,
{
"node": "l",
"frag": "{1}{d}UTU-SUD\\t-a.a",
"id": "P334502.l0050f",
"ref": "P334502.34.4",
"inst": "Šamaš-ruqaya[]PN$",
"sig": "@saao/saa15%akk-x-neoass:{1}{d}UTU-SUD-a.a=Šamaš-ruqaya[1//1]PN'PN$Šamaš-ruqaya",
"f": {"lang": "akk-x-neoass",
"form": "{1}{d}UTU-SUD-a.a",
"cf": "Šamaš-ruqaya",
"gw": "1",
"sense": "1",
"norm": "Šamaš-ruqaya",
"pos": "PN",
"epos": "PN"}
}
]}
]}
]}
,
{
"linkbase": [{
"type": "linkset",
"xlink_title": "ina muhhi[on//about]PRP'PRP",
"id": "P334502.ls00000",
"xlink_type": "extended",
"xlink_role": "psu",
"sig": "{ina[in]PRP muhhu[skull]N += ina muhhi[on//about]PRP'PRP}::@saao%akk-x-neoass:ina=ina[in//into]PRP'PRP$ina++@saao%akk-x-neoass:UGU=muhhu[skull//skull]N'N$muhhi",
"links": [
{
"type": "link",
"xlink_title": "ina",
"xlink_type": "locator",
"xlink_href": "#P334502.l00468",
"xlink_role": "elt"}
,
{
"type": "link",
"xlink_title": "muhhi",
"xlink_type": "locator",
"xlink_href": "#P334502.l00469",
"xlink_role": "elt"}
]}
,
{
"type": "linkset",
"xlink_title": "rab kiṣri[centurion//cohort commander]N'N",
"id": "P334502.ls00001",
"xlink_type": "extended",
"xlink_role": "psu",
"sig": "{rabû[big one]N kiṣru[knot]N += rab kiṣri[centurion//cohort commander]N'N}::@saao%akk-x-neoass:{LU₂}GAL-ki-ṣir-MEŠ=rabû[big one//big one]N'N$rab++@saao%akk-x-neoass:{LU₂}GAL-ki-ṣir-MEŠ=kiṣru[knot//knot]N'N$kiṣrāni",
"links": [
{
"type": "link",
"xlink_title": "rabû",
"xlink_type": "locator",
"xlink_href": "#P334502.l00482",
"xlink_role": "elt"}
,
{
"type": "link",
"xlink_title": "kiṣru",
"xlink_type": "locator",
"xlink_href": "#P334502.l00483",
"xlink_role": "elt"}
]}
,
{
"type": "linkset",
"xlink_title": "ina timāli[yesterday//yesterday]AV'AV",
"id": "P334502.ls00002",
"xlink_type": "extended",
"xlink_role": "psu",
"sig": "{ina[in]PRP timāli[yesterday]AV += ina timāli[yesterday//yesterday]AV'AV}::@saao%akk-x-neoass:ina=ina[in//into]PRP'PRP$ina++@saao%akk-x-neoass:ti-ma-li=timāli[yesterday//yesterday]AV'AV$timāli",
"links": [
{
"type": "link",
"xlink_title": "ina",
"xlink_type": "locator",
"xlink_href": "#P334502.l004ab",
"xlink_role": "elt"}
,
{
"type": "link",
"xlink_title": "timāli",
"xlink_type": "locator",
"xlink_href": "#P334502.l004ac",
"xlink_role": "elt"}
]}
,
{
"type": "linkset",
"xlink_title": "mār ah abi[cousin//cousin]N'N",
"id": "P334502.ls00003",
"xlink_type": "extended",
"xlink_role": "psu",
"sig": "{māru[son]N ahu[brother]N abu[father]N += mār ah abi[cousin//cousin]N'N}::@saao%akk-x-neoass:DUMU-ŠEŠ-AD-šu₂=māru[son//son]N'N$mār++@saao%akk-x-neoass:DUMU-ŠEŠ-AD-šu₂=ahu[brother//brother]N'N$ah++@saao%akk-x-neoass:DUMU-ŠEŠ-AD-šu₂=abu[father//father]N'N$abīšu",
"links": [
{
"type": "link",
"xlink_title": "māru",
"xlink_type": "locator",
"xlink_href": "#P334502.l004cd",
"xlink_role": "elt"}
,
{
"type": "link",
"xlink_title": "ahu",
"xlink_type": "locator",
"xlink_href": "#P334502.l004ce",
"xlink_role": "elt"}
,
{
"type": "link",
"xlink_title": "abu",
"xlink_type": "locator",
"xlink_href": "#P334502.l004cf",
"xlink_role": "elt"}
]}
,
{
"type": "linkset",
"xlink_title": "ina libbi[in//(in exchange) for]PRP'PRP",
"id": "P334502.ls00004",
"xlink_type": "extended",
"xlink_role": "psu",
"sig": "{ina[in]PRP libbu[interior]N += ina libbi[in//(in exchange) for]PRP'PRP}::@saao%akk-x-neoass:ina=ina[in//into]PRP'PRP$ina++@saao%akk-x-neoass:ŠA₃=libbu[interior//interior]N'N$libbi",
"links": [
{
"type": "link",
"xlink_title": "ina",
"xlink_type": "locator",
"xlink_href": "#P334502.l004d9",
"xlink_role": "elt"}
,
{
"type": "link",
"xlink_title": "libbi",
"xlink_type": "locator",
"xlink_href": "#P334502.l004da",
"xlink_role": "elt"}
]}
,
{
"type": "linkset",
"xlink_title": "ina libbi[in//(in exchange) for]PRP'PRP",
"id": "P334502.ls00005",
"xlink_type": "extended",
"xlink_role": "psu",
"sig": "{ina[in]PRP libbu[interior]N += ina libbi[in//(in exchange) for]PRP'PRP}::@saao%akk-x-neoass:ina=ina[in//into]PRP'PRP$ina++@saao%akk-x-neoass:ŠA₃-bi-šu₂-nu=libbu[interior//interior]N'N$libbišunu",
"links": [
{
"type": "link",
"xlink_title": "ina",
"xlink_type": "locator",
"xlink_href": "#P334502.l004ea",
"xlink_role": "elt"}
,
{
"type": "link",
"xlink_title": "libbišunu",
"xlink_type": "locator",
"xlink_href": "#P334502.l004eb",
"xlink_role": "elt"}
]}
,
{
"type": "linkset",
"xlink_title": "ina muhhi[on//about]PRP'PRP",
"id": "P334502.ls00006",
"xlink_type": "extended",
"xlink_role": "psu",
"sig": "{ina[in]PRP muhhu[skull]N += ina muhhi[on//about]PRP'PRP}::@saao%akk-x-neoass:ina=ina[in//into]PRP'PRP$ina++@saao%akk-x-neoass:UGU-hi-šu₂-nu=muhhu[skull//skull]N'N$muhhišunu",
"links": [
{
"type": "link",
"xlink_title": "ina",
"xlink_type": "locator",
"xlink_href": "#P334502.l004f3",
"xlink_role": "elt"}
,
{
"type": "link",
"xlink_title": "muhhišunu",
"xlink_type": "locator",
"xlink_href": "#P334502.l004f4",
"xlink_role": "elt"}
]}
]}
]}
