{
"type": "cdl",
  "source": "http://oracc.org/saao/saa19",
  "license": "This data is released under the CC0 license",
  "license-url": "https://creativecommons.org/publicdomain/zero/1.0/",
  "more-info": "http://oracc.org/doc/opendata/",
  "UTC-timestamp": "2017-05-19T12:03:38",
"project": "saao/saa19",
"textid": "P224406",
"cdl": [
{
"node": "c",
"type": "text",
"id": "P224406.U0",
"cdl": [
{
"node": "d",
"type": "object",
"ref": ""}
,
{
"node": "d",
"subtype": "obverse",
"type": "surface",
"ref": "P224406.o.1",
"type": "obverse",
"label": "o"}
,
{
"node": "c",
"type": "discourse",
"subtype": "body",
"id": "P224406.U1",
"cdl": [
{
"node": "c",
"type": "sentence",
"id": "P224406.U2",
"label": "o 1 - r.e. 8",
"cdl": [
{
"node": "d",
"type": "line-start",
"ref": "P224406.2",
"n": "1",
"label": "o 1"}
,
{
"node": "l",
"frag": "a-na",
"id": "P224406.l02a07",
"ref": "P224406.2.1",
"inst": "ana[to]PRP",
"sig": "@saao/saa19%akk-x-neoass:a-na=ana[to//to]PRP'PRP$ana",
"f": {"lang": "akk-x-neoass",
"form": "a-na",
"cf": "ana",
"gw": "to",
"sense": "to",
"norm": "ana",
"pos": "PRP",
"epos": "PRP"}
}
,
{
"node": "l",
"frag": "LUGAL",
"id": "P224406.l02a08",
"ref": "P224406.2.2",
"inst": "šarri[king]N",
"sig": "@saao/saa19%akk-x-neoass:LUGAL=šarru[king//king]N'N$šarri",
"f": {"lang": "akk-x-neoass",
"form": "LUGAL",
"cf": "šarru",
"gw": "king",
"sense": "king",
"norm": "šarri",
"pos": "N",
"epos": "N"}
}
,
{
"node": "l",
"frag": "EN-⸢ia⸣",
"id": "P224406.l02a09",
"ref": "P224406.2.3",
"inst": "bēlīya[lord]N",
"sig": "@saao/saa19%akk-x-neoass:EN-ia=bēlu[lord//lord]N'N$bēlīya",
"f": {"lang": "akk-x-neoass",
"form": "EN-ia",
"cf": "bēlu",
"gw": "lord",
"sense": "lord",
"norm": "bēlīya",
"pos": "N",
"epos": "N"}
}
,
{
"node": "d",
"type": "line-start",
"ref": "P224406.3",
"n": "2",
"label": "o 2"}
,
{
"node": "l",
"frag": "ARAD-ka",
"id": "P224406.l02a0a",
"ref": "P224406.3.1",
"inst": "urdaka[servant]N",
"sig": "@saao/saa19%akk-x-neoass:ARAD-ka=ardu[slave//servant]N'N$urdaka",
"f": {"lang": "akk-x-neoass",
"form": "ARAD-ka",
"cf": "ardu",
"gw": "slave",
"sense": "servant",
"norm": "urdaka",
"pos": "N",
"epos": "N"}
}
,
{
"node": "l",
"frag": "{1}a-ši-⸢pa-a⸣",
"id": "P224406.l02a0b",
"ref": "P224406.3.2",
"inst": "+Ašipa[1]PN$",
"sig": "@saao/saa19%akk-x-neoass:{1}a-ši-pa-a=Ašipa[1//1]PN'PN$Ašipa",
"f": {"lang": "akk-x-neoass",
"form": "{1}a-ši-pa-a",
"cf": "Ašipa",
"gw": "1",
"sense": "1",
"norm": "Ašipa",
"pos": "PN",
"epos": "PN"}
}
,
{
"node": "d",
"type": "line-start",
"ref": "P224406.4",
"n": "3",
"label": "o 3"}
,
{
"node": "l",
"frag": "lu-u",
"id": "P224406.l02a0c",
"ref": "P224406.4.1",
"inst": "lū[may]MOD",
"sig": "@saao/saa19%akk-x-neoass:lu-u=lū[may//may]MOD'MOD$lū",
"f": {"lang": "akk-x-neoass",
"form": "lu-u",
"cf": "lū",
"gw": "may",
"sense": "may",
"norm": "lū",
"pos": "MOD",
"epos": "MOD"}
}
,
{
"node": "l",
"frag": "DI-mu",
"id": "P224406.l02a0d",
"ref": "P224406.4.2",
"inst": "šulmu[health]N",
"sig": "@saao/saa19%akk-x-neoass:DI-mu=šulmu[completeness//health]N'N$šulmu",
"f": {"lang": "akk-x-neoass",
"form": "DI-mu",
"cf": "šulmu",
"gw": "completeness",
"sense": "health",
"norm": "šulmu",
"pos": "N",
"epos": "N"}
}
,
{
"node": "l",
"frag": "a-⸢na⸣",
"id": "P224406.l02a0e",
"ref": "P224406.4.3",
"inst": "ana[to]PRP",
"sig": "@saao/saa19%akk-x-neoass:a-na=ana[to//to]PRP'PRP$ana",
"f": {"lang": "akk-x-neoass",
"form": "a-na",
"cf": "ana",
"gw": "to",
"sense": "to",
"norm": "ana",
"pos": "PRP",
"epos": "PRP"}
}
,
{
"node": "l",
"frag": "[LUGAL",
"id": "P224406.l02a0f",
"ref": "P224406.4.4",
"inst": "šarri[king]N",
"sig": "@saao/saa19%akk-x-neoass:LUGAL=šarru[king//king]N'N$šarri",
"f": {"lang": "akk-x-neoass",
"form": "LUGAL",
"cf": "šarru",
"gw": "king",
"sense": "king",
"norm": "šarri",
"pos": "N",
"epos": "N"}
}
,
{
"node": "l",
"frag": "EN-ia₂]",
"id": "P224406.l02a10",
"ref": "P224406.4.5",
"inst": "bēlīya[lord]N",
"sig": "@saao/saa19%akk-x-neoass:EN-ia₂=bēlu[lord//lord]N'N$bēlīya",
"f": {"lang": "akk-x-neoass",
"form": "EN-ia₂",
"cf": "bēlu",
"gw": "lord",
"sense": "lord",
"norm": "bēlīya",
"pos": "N",
"epos": "N"}
}
,
{
"node": "d",
"type": "line-start",
"ref": "P224406.5",
"n": "4",
"label": "o 4"}
,
{
"node": "l",
"frag": "ina",
"id": "P224406.l02a11",
"ref": "P224406.5.1",
"inst": "ina[in+=concerning]PRP",
"sig": "@saao/saa19%akk-x-neoass:ina=ina[in//in]PRP'PRP$ina",
"f": {"lang": "akk-x-neoass",
"form": "ina",
"cf": "ina",
"gw": "in",
"sense": "in",
"norm": "ina",
"pos": "PRP",
"epos": "PRP"}
}
,
{
"node": "l",
"frag": "UGU",
"id": "P224406.l02a12",
"ref": "P224406.5.2",
"inst": "muhhi[skull]N",
"sig": "@saao/saa19%akk-x-neoass:UGU=muhhu[skull//skull]N'N$muhhi",
"f": {"lang": "akk-x-neoass",
"form": "UGU",
"cf": "muhhu",
"gw": "skull",
"sense": "skull",
"norm": "muhhi",
"pos": "N",
"epos": "N"}
}
,
{
"node": "l",
"frag": "{giš}MA₂-MEŠ",
"id": "P224406.l02a13",
"ref": "P224406.5.3",
"inst": "eleppāti[boat]N",
"sig": "@saao/saa19%akk-x-neoass:{GIŠ}MA₂-MEŠ=eleppu[ship//boat]N'N$eleppāti",
"f": {"lang": "akk-x-neoass",
"form": "{GIŠ}MA₂-MEŠ",
"cf": "eleppu",
"gw": "ship",
"sense": "boat",
"norm": "eleppāti",
"pos": "N",
"epos": "N"}
}
,
{
"node": "d",
"type": "line-start",
"ref": "P224406.6",
"n": "5",
"label": "o 5"}
,
{
"node": "l",
"frag": "ša",
"id": "P224406.l02a14",
"ref": "P224406.6.1",
"inst": "ša[which]REL",
"sig": "@saao/saa19%akk-x-neoass:ša=ša[that//which]REL'REL$ša",
"f": {"lang": "akk-x-neoass",
"form": "ša",
"cf": "ša",
"gw": "that",
"sense": "which",
"norm": "ša",
"pos": "REL",
"epos": "REL"}
}
,
{
"node": "l",
"frag": "LUGAL",
"id": "P224406.l02a15",
"ref": "P224406.6.2",
"inst": "šarru[king]N",
"sig": "@saao/saa19%akk-x-neoass:LUGAL=šarru[king//king]N'N$šarri",
"f": {"lang": "akk-x-neoass",
"form": "LUGAL",
"cf": "šarru",
"gw": "king",
"sense": "king",
"norm": "šarri",
"pos": "N",
"epos": "N"}
}
,
{
"node": "l",
"frag": "EN",
"id": "P224406.l02a16",
"ref": "P224406.6.3",
"inst": "bēlī[lord]N",
"sig": "@saao/saa19%akk-x-neoass:EN=bēlu[lord//lord]N'N$bēlī",
"f": {"lang": "akk-x-neoass",
"form": "EN",
"cf": "bēlu",
"gw": "lord",
"sense": "lord",
"norm": "bēlī",
"pos": "N",
"epos": "N"}
}
,
{
"node": "l",
"frag": "⸢iš-pur⸣-an-ni",
"id": "P224406.l02a17",
"ref": "P224406.6.4",
"inst": "išpuranni[write]V",
"sig": "@saao/saa19%akk-x-neoass:iš-pur-an-ni=šapāru[send//write]V'V$išpuranni",
"f": {"lang": "akk-x-neoass",
"form": "iš-pur-an-ni",
"cf": "šapāru",
"gw": "send",
"sense": "write",
"norm": "išpuranni",
"pos": "V",
"epos": "V"}
}
,
{
"node": "d",
"type": "line-start",
"ref": "P224406.7",
"n": "6",
"label": "o 6"}
,
{
"node": "l",
"frag": "04",
"id": "P224406.l02a18",
"ref": "P224406.7.1",
"inst": "n",
"f": {"lang": "akk-x-neoass",
"form": "04",
"pos": "n"}
}
,
{
"node": "l",
"frag": "⸢me",
"id": "P224406.l02a19",
"ref": "P224406.7.2",
"inst": "mē[hundred]NU",
"sig": "@saao/saa19%akk-x-neoass:me=meʾatu[(one) hundred//(one) hundred]NU'NU$mē",
"f": {"lang": "akk-x-neoass",
"form": "me",
"cf": "meʾatu",
"gw": "(one) hundred",
"sense": "(one) hundred",
"norm": "mē",
"pos": "NU",
"epos": "NU"}
}
,
{
"node": "l",
"frag": "{giš⸣}MA₂-MEŠ",
"id": "P224406.l02a1a",
"ref": "P224406.7.3",
"inst": "eleppāti[boat]N",
"sig": "@saao/saa19%akk-x-neoass:{GIŠ}MA₂-MEŠ=eleppu[ship//boat]N'N$eleppāti",
"f": {"lang": "akk-x-neoass",
"form": "{GIŠ}MA₂-MEŠ",
"cf": "eleppu",
"gw": "ship",
"sense": "boat",
"norm": "eleppāti",
"pos": "N",
"epos": "N"}
}
,
{
"node": "d",
"type": "line-start",
"ref": "P224406.8",
"n": "7",
"label": "o 7"}
,
{
"node": "l",
"frag": "[x",
"id": "P224406.l02a1b",
"ref": "P224406.8.1",
"inst": "u",
"f": {"lang": "akk-x-neoass",
"form": "x",
"pos": "u"}
}
,
{
"node": "l",
"frag": "x]",
"id": "P224406.l02a1c",
"ref": "P224406.8.2",
"inst": "u",
"f": {"lang": "akk-x-neoass",
"form": "x",
"pos": "u"}
}
,
{
"node": "l",
"frag": "{⸢kuš}maš-kir⸣",
"id": "P224406.l02a1d",
"ref": "P224406.8.3",
"inst": "maškir[wineskin]N",
"sig": "@saao/saa19%akk-x-neoass:{KUŠ}maš-kir=maškuru[(inflatable) animal skin//wineskin]N'N$maškir",
"f": {"lang": "akk-x-neoass",
"form": "{KUŠ}maš-kir",
"cf": "maškuru",
"gw": "(inflatable) animal skin",
"sense": "wineskin",
"norm": "maškir",
"pos": "N",
"epos": "N"}
}
,
{
"node": "d",
"type": "nonx",
"ref": "P224406.9",
"strict": "0",
"extent": "rest",
"state": "missing"}
,
{
"node": "d",
"subtype": "reverse",
"type": "surface",
"ref": "P224406.r.10",
"type": "reverse",
"label": "r"}
,
{
"node": "d",
"type": "nonx",
"ref": "P224406.11",
"strict": "0",
"extent": "beginning",
"state": "missing"}
,
{
"node": "d",
"type": "line-start",
"ref": "P224406.12",
"n": "1'",
"label": "r 1'"}
,
{
"node": "l",
"frag": "[x]",
"id": "P224406.l02a1e",
"ref": "P224406.12.1",
"inst": "u",
"f": {"lang": "akk-x-neoass",
"form": "x",
"pos": "u"}
}
,
{
"node": "l",
"frag": "⸢x⸣+[x",
"id": "P224406.l02a1f",
"ref": "P224406.12.2",
"inst": "u",
"f": {"lang": "akk-x-neoass",
"form": "x+x",
"pos": "u"}
}
,
{
"node": "l",
"frag": "x",
"id": "P224406.l02a20",
"ref": "P224406.12.3",
"inst": "u",
"f": {"lang": "akk-x-neoass",
"form": "x",
"pos": "u"}
}
,
{
"node": "l",
"frag": "x]+⸢x⸣",
"id": "P224406.l02a21",
"ref": "P224406.12.4",
"inst": "u",
"f": {"lang": "akk-x-neoass",
"form": "x+x",
"pos": "u"}
}
,
{
"node": "d",
"type": "line-start",
"ref": "P224406.13",
"n": "2'",
"label": "r 2'"}
,
{
"node": "l",
"frag": "u₂-na-⸢ma⸣-aš₂",
"id": "P224406.l02a22",
"ref": "P224406.13.1",
"inst": "unammaš[set out]V",
"sig": "@saao/saa19%akk-x-neoass:u₂-na-ma-aš₂=namāšu[set (o.s.) in motion//set out]V'V$unammaš",
"f": {"lang": "akk-x-neoass",
"form": "u₂-na-ma-aš₂",
"cf": "namāšu",
"gw": "set (o.s.) in motion",
"sense": "set out",
"norm": "unammaš",
"pos": "V",
"epos": "V"}
}
,
{
"node": "d",
"type": "line-start",
"ref": "P224406.14",
"n": "3'",
"label": "r 3'"}
,
{
"node": "l",
"frag": "ki-ma",
"id": "P224406.l02a23",
"ref": "P224406.14.1",
"inst": "kīma[as soon as]'MOD",
"sig": "@saao/saa19%akk-x-neoass:ki-ma=kīma[like//as soon as]PRP'MOD$kīma",
"f": {"lang": "akk-x-neoass",
"form": "ki-ma",
"cf": "kīma",
"gw": "like",
"sense": "as soon as",
"norm": "kīma",
"pos": "PRP",
"epos": "MOD"}
}
,
{
"node": "d",
"frag": ":",
"type": "nonw",
"ref": "P224406.14.2",
"lang": "akk-x-neoass",
"type": "punct",
"gdl_delim": " "}
,
{
"node": "l",
"frag": "{⸢giš}MA₂⸣-MEŠ",
"id": "P224406.l02a24",
"ref": "P224406.14.3",
"inst": "eleppāti[boat]N",
"sig": "@saao/saa19%akk-x-neoass:{GIŠ}MA₂-MEŠ=eleppu[ship//boat]N'N$eleppāti",
"f": {"lang": "akk-x-neoass",
"form": "{GIŠ}MA₂-MEŠ",
"cf": "eleppu",
"gw": "ship",
"sense": "boat",
"norm": "eleppāti",
"pos": "N",
"epos": "N"}
}
,
{
"node": "d",
"type": "line-start",
"ref": "P224406.15",
"n": "4'",
"label": "r 4'"}
,
{
"node": "l",
"frag": "u₂-sa-⸢ri⸣-qu",
"id": "P224406.l02a25",
"ref": "P224406.15.1",
"inst": "+riāqu[be(come) empty]V$ussarīqu",
"sig": "@saao/saa19%akk-x-neoass:u₂-sa-ri-qu=riāqu[be(come) empty//be(come) empty]V'V$ussarīqu",
"f": {"lang": "akk-x-neoass",
"form": "u₂-sa-ri-qu",
"cf": "riāqu",
"gw": "be(come) empty",
"sense": "be(come) available",
"norm": "ussarīqu",
"pos": "V",
"epos": "V"}
}
,
{
"node": "d",
"type": "line-start",
"ref": "P224406.16",
"n": "5'",
"label": "r 5'"}
,
{
"node": "l",
"frag": "lu-ra-mi-i",
"id": "P224406.l02a26",
"ref": "P224406.16.1",
"inst": "+ramû[slacken//release]V$lurammî",
"sig": "@saao/saa19%akk-x-neoass:lu-ra-mi-i=ramû[slacken//release]V'V$lurammî",
"f": {"lang": "akk-x-neoass",
"form": "lu-ra-mi-i",
"cf": "ramû",
"gw": "slacken",
"sense": "release",
"norm": "lurammî",
"pos": "V",
"epos": "V"}
}
,
{
"node": "d",
"type": "line-start",
"ref": "P224406.17",
"n": "6'",
"label": "r 6'"}
,
{
"node": "l",
"frag": "li-li-ku",
"id": "P224406.l02a27",
"ref": "P224406.17.1",
"inst": "lilliku[go]V",
"sig": "@saao/saa19%akk-x-neoass:li-li-ku=alāku[go//go]V'V$lilliku",
"f": {"lang": "akk-x-neoass",
"form": "li-li-ku",
"cf": "alāku",
"gw": "go",
"sense": "go",
"norm": "lilliku",
"pos": "V",
"epos": "V"}
}
,
{
"node": "d",
"type": "line-start",
"ref": "P224406.18",
"n": "7'",
"label": "r 7'"}
,
{
"node": "l",
"frag": "u₂-la-a",
"id": "P224406.l02a28",
"ref": "P224406.18.1",
"inst": "ulâ[otherwise]AV",
"sig": "@saao/saa19%akk-x-neoass:u₂-la-a=ulâ[or//otherwise]AV'AV$ulâ",
"f": {"lang": "akk-x-neoass",
"form": "u₂-la-a",
"cf": "ulâ",
"gw": "or",
"sense": "otherwise",
"norm": "ulâ",
"pos": "AV",
"epos": "AV"}
}
,
{
"node": "d",
"subtype": "right",
"type": "surface",
"ref": "P224406.r.e..19",
"type": "right",
"label": "r.e."}
,
{
"node": "d",
"type": "line-start",
"ref": "P224406.20",
"n": "8",
"label": "r.e. 8"}
,
{
"node": "l",
"frag": "ni-ka-⸢la-šu₂⸣-nu",
"id": "P224406.l02a29",
"ref": "P224406.20.1",
"inst": "+kalû[hold (back)]V$nikallašunu",
"sig": "@saao/saa19%akk-x-neoass:ni-ka-la-šu₂-nu=kalû[hold (back)//hold (back)]V'V$nikallašunu",
"f": {"lang": "akk-x-neoass",
"form": "ni-ka-la-šu₂-nu",
"cf": "kalû",
"gw": "hold (back)",
"sense": "hold (back)",
"norm": "nikallašunu",
"pos": "V",
"epos": "V"}
}
]}
]}
]}
]}
