{
"type": "cdl",
  "source": "http://oracc.org/saao/saa19",
  "license": "This data is released under the CC0 license",
  "license-url": "https://creativecommons.org/publicdomain/zero/1.0/",
  "more-info": "http://oracc.org/doc/opendata/",
  "UTC-timestamp": "2017-05-19T12:03:41",
"project": "saao/saa19",
"textid": "P224427",
"cdl": [
{
"node": "c",
"type": "text",
"id": "P224427.U0",
"cdl": [
{
"node": "d",
"type": "object",
"ref": ""}
,
{
"node": "d",
"subtype": "obverse",
"type": "surface",
"ref": "P224427.o.1",
"type": "obverse",
"label": "o"}
,
{
"node": "d",
"type": "nonx",
"ref": "P224427.2",
"strict": "0",
"extent": "beginning",
"state": "missing"}
,
{
"node": "c",
"type": "discourse",
"subtype": "body",
"id": "P224427.U1",
"cdl": [
{
"node": "c",
"type": "sentence",
"id": "P224427.U2",
"label": "o 1' - r 2",
"cdl": [
{
"node": "d",
"type": "line-start",
"ref": "P224427.3",
"n": "1'",
"label": "o 1'"}
,
{
"node": "l",
"frag": "[x",
"id": "P224427.l014db",
"ref": "P224427.3.1",
"inst": "u",
"f": {"lang": "akk-x-neoass",
"form": "x",
"pos": "u"}
}
,
{
"node": "l",
"frag": "x",
"id": "P224427.l014dc",
"ref": "P224427.3.2",
"inst": "u",
"f": {"lang": "akk-x-neoass",
"form": "x",
"pos": "u"}
}
,
{
"node": "l",
"frag": "x",
"id": "P224427.l014dd",
"ref": "P224427.3.3",
"inst": "u",
"f": {"lang": "akk-x-neoass",
"form": "x",
"pos": "u"}
}
,
{
"node": "l",
"frag": "x",
"id": "P224427.l014de",
"ref": "P224427.3.4",
"inst": "u",
"f": {"lang": "akk-x-neoass",
"form": "x",
"pos": "u"}
}
,
{
"node": "l",
"frag": "x",
"id": "P224427.l014df",
"ref": "P224427.3.5",
"inst": "u",
"f": {"lang": "akk-x-neoass",
"form": "x",
"pos": "u"}
}
,
{
"node": "l",
"frag": "x",
"id": "P224427.l014e0",
"ref": "P224427.3.6",
"inst": "u",
"f": {"lang": "akk-x-neoass",
"form": "x",
"pos": "u"}
}
,
{
"node": "l",
"frag": "x",
"id": "P224427.l014e1",
"ref": "P224427.3.7",
"inst": "u",
"f": {"lang": "akk-x-neoass",
"form": "x",
"pos": "u"}
}
,
{
"node": "l",
"frag": "x]+⸢x",
"id": "P224427.l014e2",
"ref": "P224427.3.8",
"inst": "u",
"f": {"lang": "akk-x-neoass",
"form": "x+x",
"pos": "u"}
}
,
{
"node": "l",
"frag": "x",
"id": "P224427.l014e3",
"ref": "P224427.3.9",
"inst": "u",
"f": {"lang": "akk-x-neoass",
"form": "x",
"pos": "u"}
}
,
{
"node": "l",
"frag": "x",
"id": "P224427.l014e4",
"ref": "P224427.3.10",
"inst": "u",
"f": {"lang": "akk-x-neoass",
"form": "x",
"pos": "u"}
}
,
{
"node": "l",
"frag": "x⸣",
"id": "P224427.l014e5",
"ref": "P224427.3.11",
"inst": "u",
"f": {"lang": "akk-x-neoass",
"form": "x",
"pos": "u"}
}
,
{
"node": "d",
"type": "line-start",
"ref": "P224427.4",
"n": "2'",
"label": "o 2'"}
,
{
"node": "l",
"frag": "[x",
"id": "P224427.l014e6",
"ref": "P224427.4.1",
"inst": "u",
"f": {"lang": "akk-x-neoass",
"form": "x",
"pos": "u"}
}
,
{
"node": "l",
"frag": "x",
"id": "P224427.l014e7",
"ref": "P224427.4.2",
"inst": "u",
"f": {"lang": "akk-x-neoass",
"form": "x",
"pos": "u"}
}
,
{
"node": "l",
"frag": "x",
"id": "P224427.l014e8",
"ref": "P224427.4.3",
"inst": "u",
"f": {"lang": "akk-x-neoass",
"form": "x",
"pos": "u"}
}
,
{
"node": "l",
"frag": "x",
"id": "P224427.l014e9",
"ref": "P224427.4.4",
"inst": "u",
"f": {"lang": "akk-x-neoass",
"form": "x",
"pos": "u"}
}
,
{
"node": "l",
"frag": "x",
"id": "P224427.l014ea",
"ref": "P224427.4.5",
"inst": "u",
"f": {"lang": "akk-x-neoass",
"form": "x",
"pos": "u"}
}
,
{
"node": "l",
"frag": "x",
"id": "P224427.l014eb",
"ref": "P224427.4.6",
"inst": "u",
"f": {"lang": "akk-x-neoass",
"form": "x",
"pos": "u"}
}
,
{
"node": "l",
"frag": "x]+⸢x⸣",
"id": "P224427.l014ec",
"ref": "P224427.4.7",
"inst": "u",
"f": {"lang": "akk-x-neoass",
"form": "x+x",
"pos": "u"}
}
,
{
"node": "l",
"frag": "ka-ṣip",
"id": "P224427.l014ed",
"ref": "P224427.4.8",
"inst": "+kaṣpu[estimated]AJ$kaṣip",
"sig": "@saao/saa19%akk-x-neoass:ka-ṣip=kaṣpu[estimated//estimated]AJ'AJ$kaṣip",
"f": {"lang": "akk-x-neoass",
"form": "ka-ṣip",
"cf": "kaṣpu",
"gw": "estimated",
"sense": "estimated",
"norm": "kaṣip",
"pos": "AJ",
"epos": "AJ"}
}
,
{
"node": "d",
"type": "line-start",
"ref": "P224427.5",
"n": "3'",
"label": "o 3'"}
,
{
"node": "l",
"frag": "02-[lim-x-me-x-lim-x]-⸢me⸣",
"id": "P224427.l014ee",
"ref": "P224427.5.1",
"inst": "n",
"f": {"lang": "akk-x-neoass",
"form": "02-lim-x-me-x-lim-x-me",
"pos": "n"}
}
,
{
"node": "l",
"frag": "SIG₄\\dd",
"id": "P224427.l014ef",
"ref": "P224427.5.2",
"inst": "libittu[mudbrick]N",
"sig": "@saao/saa19%akk-x-neoass:SIG₄=libittu[mudbrick//mudbrick]N'N$libittu",
"f": {"lang": "akk-x-neoass",
"form": "SIG₄",
"cf": "libittu",
"gw": "mudbrick",
"sense": "mudbrick",
"norm": "libittu",
"pos": "N",
"epos": "N"}
}
,
{
"node": "l",
"frag": "EŠ₂.QAR",
"id": "P224427.l014f0",
"ref": "P224427.5.3",
"inst": "iškāru[work assignment]N",
"sig": "@saao/saa19%akk-x-neoass:EŠ₂.QAR=iškāru[work assignment//work assignment]N'N$iškār",
"f": {"lang": "akk-x-neoass",
"form": "EŠ₂.QAR",
"cf": "iškāru",
"gw": "work assignment",
"sense": "work assignment",
"norm": "iškār",
"pos": "N",
"epos": "N"}
}
,
{
"node": "d",
"type": "line-start",
"ref": "P224427.6",
"n": "4'",
"label": "o 4'"}
,
{
"node": "d",
"type": "nonw",
"ref": ""}
,
{
"node": "l",
"frag": "⸢ša\\d⸣",
"id": "P224427.l014f1",
"ref": "P224427.6.1",
"inst": "ša[of]DET",
"sig": "@saao/saa19%akk-x-neoass:ša=ša[of//of]DET'DET$ša",
"f": {"lang": "akk-x-neoass",
"form": "ša",
"cf": "ša",
"gw": "of",
"sense": "of",
"norm": "ša",
"pos": "DET",
"epos": "DET"}
}
,
{
"node": "l",
"frag": "[x",
"id": "P224427.l014f2",
"ref": "P224427.6.2",
"inst": "u",
"f": {"lang": "akk-x-neoass",
"form": "x",
"pos": "u"}
}
,
{
"node": "l",
"frag": "MU.AN].⸢NA⸣-MEŠ\\m",
"id": "P224427.l014f3",
"ref": "P224427.6.3",
"inst": "šanāti[year]N",
"sig": "@saao/saa19%akk-x-neoass:MU.AN.NA-MEŠ=šattu[year//year]N'N$šanāti",
"f": {"lang": "akk-x-neoass",
"form": "MU.AN.NA-MEŠ",
"cf": "šattu",
"gw": "year",
"sense": "year",
"norm": "šanāti",
"pos": "N",
"epos": "N"}
}
,
{
"node": "d",
"type": "line-start",
"ref": "P224427.7",
"n": "5'",
"label": "o 5'"}
,
{
"node": "l",
"frag": "01",
"id": "P224427.l014f4",
"ref": "P224427.7.1",
"inst": "n",
"f": {"lang": "akk-x-neoass",
"form": "01",
"pos": "n"}
}
,
{
"node": "l",
"frag": "lim",
"id": "P224427.l014f5",
"ref": "P224427.7.2",
"inst": "līmu[thousand]NU",
"sig": "@saao/saa19%akk-x-neoass:lim=līm[thousand//thousand]NU'NU$līmu",
"f": {"lang": "akk-x-neoass",
"form": "lim",
"cf": "līm",
"gw": "thousand",
"sense": "thousand",
"norm": "līmu",
"pos": "NU",
"epos": "NU"}
}
,
{
"node": "l",
"frag": "01",
"id": "P224427.l014f6",
"ref": "P224427.7.3",
"inst": "n",
"f": {"lang": "akk-x-neoass",
"form": "01",
"pos": "n"}
}
,
{
"node": "l",
"frag": "lim",
"id": "P224427.l014f7",
"ref": "P224427.7.4",
"inst": "līmu[thousand]NU",
"sig": "@saao/saa19%akk-x-neoass:lim=līm[thousand//thousand]NU'NU$līmu",
"f": {"lang": "akk-x-neoass",
"form": "lim",
"cf": "līm",
"gw": "thousand",
"sense": "thousand",
"norm": "līmu",
"pos": "NU",
"epos": "NU"}
}
,
{
"node": "l",
"frag": "03",
"id": "P224427.l014f8",
"ref": "P224427.7.5",
"inst": "n",
"f": {"lang": "akk-x-neoass",
"form": "03",
"pos": "n"}
}
,
{
"node": "l",
"frag": "me",
"id": "P224427.l014f9",
"ref": "P224427.7.6",
"inst": "mē[hundred]NU",
"sig": "@saao/saa19%akk-x-neoass:me=meʾatu[(one) hundred//(one) hundred]NU'NU$mē",
"f": {"lang": "akk-x-neoass",
"form": "me",
"cf": "meʾatu",
"gw": "(one) hundred",
"sense": "(one) hundred",
"norm": "mē",
"pos": "NU",
"epos": "NU"}
}
,
{
"node": "l",
"frag": "82",
"id": "P224427.l014fa",
"ref": "P224427.7.7",
"inst": "n",
"f": {"lang": "akk-x-neoass",
"form": "82",
"pos": "n"}
}
,
{
"node": "l",
"frag": "lim",
"id": "P224427.l014fb",
"ref": "P224427.7.8",
"inst": "līmu[thousand]NU",
"sig": "@saao/saa19%akk-x-neoass:lim=līm[thousand//thousand]NU'NU$līmu",
"f": {"lang": "akk-x-neoass",
"form": "lim",
"cf": "līm",
"gw": "thousand",
"sense": "thousand",
"norm": "līmu",
"pos": "NU",
"epos": "NU"}
}
,
{
"node": "l",
"frag": "04",
"id": "P224427.l014fc",
"ref": "P224427.7.9",
"inst": "n",
"f": {"lang": "akk-x-neoass",
"form": "04",
"pos": "n"}
}
,
{
"node": "l",
"frag": "me",
"id": "P224427.l014fd",
"ref": "P224427.7.10",
"inst": "mē[hundred]NU",
"sig": "@saao/saa19%akk-x-neoass:me=meʾatu[(one) hundred//(one) hundred]NU'NU$mē",
"f": {"lang": "akk-x-neoass",
"form": "me",
"cf": "meʾatu",
"gw": "(one) hundred",
"sense": "(one) hundred",
"norm": "mē",
"pos": "NU",
"epos": "NU"}
}
,
{
"node": "d",
"type": "line-start",
"ref": "P224427.8",
"n": "6'",
"label": "o 6'"}
,
{
"node": "l",
"frag": "SIG₄\\d",
"id": "P224427.l014fe",
"ref": "P224427.8.1",
"inst": "libittu[mudbrick]N",
"sig": "@saao/saa19%akk-x-neoass:SIG₄=libittu[mudbrick//mudbrick]N'N$libittu",
"f": {"lang": "akk-x-neoass",
"form": "SIG₄",
"cf": "libittu",
"gw": "mudbrick",
"sense": "mudbrick",
"norm": "libittu",
"pos": "N",
"epos": "N"}
}
,
{
"node": "l",
"frag": "EŠ₂.QAR\\d",
"id": "P224427.l014ff",
"ref": "P224427.8.2",
"inst": "iškāru[work assignment]N",
"sig": "@saao/saa19%akk-x-neoass:EŠ₂.QAR=iškāru[work assignment//work assignment]N'N$iškār",
"f": {"lang": "akk-x-neoass",
"form": "EŠ₂.QAR",
"cf": "iškāru",
"gw": "work assignment",
"sense": "work assignment",
"norm": "iškār",
"pos": "N",
"epos": "N"}
}
,
{
"node": "l",
"frag": "ša",
"id": "P224427.l01500",
"ref": "P224427.8.3",
"inst": "ša[of]DET",
"sig": "@saao/saa19%akk-x-neoass:ša=ša[of//of]DET'DET$ša",
"f": {"lang": "akk-x-neoass",
"form": "ša",
"cf": "ša",
"gw": "of",
"sense": "of",
"norm": "ša",
"pos": "DET",
"epos": "DET"}
}
,
{
"node": "l",
"frag": "04",
"id": "P224427.l01501",
"ref": "P224427.8.4",
"inst": "n",
"f": {"lang": "akk-x-neoass",
"form": "04",
"pos": "n"}
}
,
{
"node": "l",
"frag": "⸢ITI-MEŠ⸣",
"id": "P224427.l01502",
"ref": "P224427.8.5",
"inst": "urhāni[month]N",
"sig": "@saao/saa19%akk-x-neoass:ITI-MEŠ=arhu[month//month]N'N$urhāni",
"f": {"lang": "akk-x-neoass",
"form": "ITI-MEŠ",
"cf": "arhu",
"gw": "month",
"sense": "month",
"norm": "urhāni",
"pos": "N",
"epos": "N"}
}
,
{
"node": "d",
"type": "line-start",
"ref": "P224427.9",
"n": "7'",
"label": "o 7'"}
,
{
"node": "l",
"frag": "ina",
"id": "P224427.l01503",
"ref": "P224427.9.1",
"inst": "ina[in]PRP",
"sig": "@saao/saa19%akk-x-neoass:ina=ina[in//in]PRP'PRP$ina",
"f": {"lang": "akk-x-neoass",
"form": "ina",
"cf": "ina",
"gw": "in",
"sense": "in",
"norm": "ina",
"pos": "PRP",
"epos": "PRP"}
}
,
{
"node": "l",
"frag": "MU.AN.NA",
"id": "P224427.l01504",
"ref": "P224427.9.2",
"inst": "šatti[year]N",
"sig": "@saao/saa19%akk-x-neoass:MU.AN.NA=šattu[year//year]N'N$šatti",
"f": {"lang": "akk-x-neoass",
"form": "MU.AN.NA",
"cf": "šattu",
"gw": "year",
"sense": "year",
"norm": "šatti",
"pos": "N",
"epos": "N"}
}
,
{
"node": "l",
"frag": "ša₂\\m-ni-ti\\t",
"id": "P224427.l01505",
"ref": "P224427.9.3",
"inst": "šanīti[(an)other]AJ",
"sig": "@saao/saa19%akk-x-neoass:ša₂-ni-ti=šanû[(an)other//(an)other]AJ'AJ$šanīti",
"f": {"lang": "akk-x-neoass",
"form": "ša₂-ni-ti",
"cf": "šanû",
"gw": "(an)other",
"sense": "(an)other",
"norm": "šanīti",
"pos": "AJ",
"epos": "AJ"}
}
,
{
"node": "d",
"type": "line-start",
"ref": "P224427.10",
"n": "8'",
"label": "o 8'"}
,
{
"node": "l",
"frag": "ki-i",
"id": "P224427.l01506",
"ref": "P224427.10.1",
"inst": "kî[like]PRP",
"sig": "@saao/saa19%akk-x-neoass:ki-i=kī[like//in accordance with]PRP'PRP$kî",
"f": {"lang": "akk-x-neoass",
"form": "ki-i",
"cf": "kī",
"gw": "like",
"sense": "in accordance with",
"norm": "kî",
"pos": "PRP",
"epos": "PRP"}
}
,
{
"node": "l",
"frag": "an-⸢nim⸣-ma",
"id": "P224427.l01507",
"ref": "P224427.10.2",
"inst": "annîmma[this]DP",
"sig": "@saao/saa19%akk-x-neoass:an-nim-ma=annû[this//this]DP'DP$annîmma",
"f": {"lang": "akk-x-neoass",
"form": "an-nim-ma",
"cf": "annû",
"gw": "this",
"sense": "this",
"norm": "annîmma",
"pos": "DP",
"epos": "DP"}
}
,
{
"node": "l",
"frag": "i-šah\\mm-hu-⸢ṭu⸣",
"id": "P224427.l01508",
"ref": "P224427.10.3",
"inst": "+šahāṭu[tear away//make bricks]V$išahhuṭu",
"sig": "@saao/saa19%akk-x-neoass:i-šah-hu-ṭu=šahāṭu[tear away//make bricks]V'V$išahhuṭu",
"f": {"lang": "akk-x-neoass",
"form": "i-šah-hu-ṭu",
"cf": "šahāṭu",
"gw": "tear away",
"sense": "make bricks",
"norm": "išahhuṭu",
"pos": "V",
"epos": "V"}
}
,
{
"node": "d",
"type": "line-start",
"ref": "P224427.11",
"n": "9'",
"label": "o 9'"}
,
{
"node": "l",
"frag": "PAB",
"id": "P224427.l01509",
"ref": "P224427.11.1",
"inst": "gimru[total]N",
"sig": "@saao/saa19%akk-x-neoass:PAB=gimru[totality//total]N'N$gimru",
"f": {"lang": "akk-x-neoass",
"form": "PAB",
"cf": "gimru",
"gw": "totality",
"sense": "total",
"norm": "gimru",
"pos": "N",
"epos": "N"}
}
,
{
"node": "l",
"frag": "02",
"id": "P224427.l0150a",
"ref": "P224427.11.2",
"inst": "n",
"f": {"lang": "akk-x-neoass",
"form": "02",
"pos": "n"}
}
,
{
"node": "l",
"frag": "lim",
"id": "P224427.l0150b",
"ref": "P224427.11.3",
"inst": "līmu[thousand]NU",
"sig": "@saao/saa19%akk-x-neoass:lim=līm[thousand//thousand]NU'NU$līmu",
"f": {"lang": "akk-x-neoass",
"form": "lim",
"cf": "līm",
"gw": "thousand",
"sense": "thousand",
"norm": "līmu",
"pos": "NU",
"epos": "NU"}
}
,
{
"node": "l",
"frag": "lim",
"id": "P224427.l0150c",
"ref": "P224427.11.4",
"inst": "līmu[thousand]NU",
"sig": "@saao/saa19%akk-x-neoass:lim=līm[thousand//thousand]NU'NU$līmu",
"f": {"lang": "akk-x-neoass",
"form": "lim",
"cf": "līm",
"gw": "thousand",
"sense": "thousand",
"norm": "līmu",
"pos": "NU",
"epos": "NU"}
}
,
{
"node": "l",
"frag": "05",
"id": "P224427.l0150d",
"ref": "P224427.11.5",
"inst": "n",
"f": {"lang": "akk-x-neoass",
"form": "05",
"pos": "n"}
}
,
{
"node": "l",
"frag": "me",
"id": "P224427.l0150e",
"ref": "P224427.11.6",
"inst": "mē[hundred]NU",
"sig": "@saao/saa19%akk-x-neoass:me=meʾatu[(one) hundred//(one) hundred]NU'NU$mē",
"f": {"lang": "akk-x-neoass",
"form": "me",
"cf": "meʾatu",
"gw": "(one) hundred",
"sense": "(one) hundred",
"norm": "mē",
"pos": "NU",
"epos": "NU"}
}
,
{
"node": "l",
"frag": "54",
"id": "P224427.l0150f",
"ref": "P224427.11.7",
"inst": "n",
"f": {"lang": "akk-x-neoass",
"form": "54",
"pos": "n"}
}
,
{
"node": "l",
"frag": "lim",
"id": "P224427.l01510",
"ref": "P224427.11.8",
"inst": "līmu[thousand]NU",
"sig": "@saao/saa19%akk-x-neoass:lim=līm[thousand//thousand]NU'NU$līmu",
"f": {"lang": "akk-x-neoass",
"form": "lim",
"cf": "līm",
"gw": "thousand",
"sense": "thousand",
"norm": "līmu",
"pos": "NU",
"epos": "NU"}
}
,
{
"node": "l",
"frag": "06",
"id": "P224427.l01511",
"ref": "P224427.11.9",
"inst": "n",
"f": {"lang": "akk-x-neoass",
"form": "06",
"pos": "n"}
}
,
{
"node": "l",
"frag": "me",
"id": "P224427.l01512",
"ref": "P224427.11.10",
"inst": "mē[hundred]NU",
"sig": "@saao/saa19%akk-x-neoass:me=meʾatu[(one) hundred//(one) hundred]NU'NU$mē",
"f": {"lang": "akk-x-neoass",
"form": "me",
"cf": "meʾatu",
"gw": "(one) hundred",
"sense": "(one) hundred",
"norm": "mē",
"pos": "NU",
"epos": "NU"}
}
,
{
"node": "d",
"type": "line-start",
"ref": "P224427.12",
"n": "10'",
"label": "o 10'"}
,
{
"node": "l",
"frag": "SIG₄",
"id": "P224427.l01513",
"ref": "P224427.12.1",
"inst": "libittu[mudbrick]N",
"sig": "@saao/saa19%akk-x-neoass:SIG₄=libittu[mudbrick//mudbrick]N'N$libittu",
"f": {"lang": "akk-x-neoass",
"form": "SIG₄",
"cf": "libittu",
"gw": "mudbrick",
"sense": "mudbrick",
"norm": "libittu",
"pos": "N",
"epos": "N"}
}
,
{
"node": "l",
"frag": "EŠ₂.QAR\\p",
"id": "P224427.l01514",
"ref": "P224427.12.2",
"inst": "iškāru[work assignment]N",
"sig": "@saao/saa19%akk-x-neoass:EŠ₂.QAR=iškāru[work assignment//work assignment]N'N$iškār",
"f": {"lang": "akk-x-neoass",
"form": "EŠ₂.QAR",
"cf": "iškāru",
"gw": "work assignment",
"sense": "work assignment",
"norm": "iškār",
"pos": "N",
"epos": "N"}
}
,
{
"node": "l",
"frag": "ša\\d",
"id": "P224427.l01515",
"ref": "P224427.12.3",
"inst": "ša[of]DET",
"sig": "@saao/saa19%akk-x-neoass:ša=ša[of//of]DET'DET$ša",
"f": {"lang": "akk-x-neoass",
"form": "ša",
"cf": "ša",
"gw": "of",
"sense": "of",
"norm": "ša",
"pos": "DET",
"epos": "DET"}
}
,
{
"node": "l",
"frag": "02",
"id": "P224427.l01516",
"ref": "P224427.12.4",
"inst": "n",
"f": {"lang": "akk-x-neoass",
"form": "02",
"pos": "n"}
}
,
{
"node": "l",
"frag": "MU.AN.NA\\t-MEŠ\\m",
"id": "P224427.l01517",
"ref": "P224427.12.5",
"inst": "šanāti[year]N",
"sig": "@saao/saa19%akk-x-neoass:MU.AN.NA-MEŠ=šattu[year//year]N'N$šanāti",
"f": {"lang": "akk-x-neoass",
"form": "MU.AN.NA-MEŠ",
"cf": "šattu",
"gw": "year",
"sense": "year",
"norm": "šanāti",
"pos": "N",
"epos": "N"}
}
,
{
"node": "d",
"type": "line-start",
"ref": "P224427.13",
"n": "11'",
"label": "o 11'"}
,
{
"node": "l",
"frag": "40",
"id": "P224427.l01518",
"ref": "P224427.13.1",
"inst": "n",
"f": {"lang": "akk-x-neoass",
"form": "40",
"pos": "n"}
}
,
{
"node": "l",
"frag": "lim",
"id": "P224427.l01519",
"ref": "P224427.13.2",
"inst": "līmu[thousand]NU",
"sig": "@saao/saa19%akk-x-neoass:lim=līm[thousand//thousand]NU'NU$līmu",
"f": {"lang": "akk-x-neoass",
"form": "lim",
"cf": "līm",
"gw": "thousand",
"sense": "thousand",
"norm": "līmu",
"pos": "NU",
"epos": "NU"}
}
,
{
"node": "l",
"frag": "ma-qar\\d-rat",
"id": "P224427.l0151a",
"ref": "P224427.13.3",
"inst": "+maqarratu[bale (of straw)]N$maqarrāt",
"sig": "@saao/saa19%akk-x-neoass:ma-qar-rat=maqarratu[bale (of straw)//bale (of straw)]N'N$maqarrāt",
"f": {"lang": "akk-x-neoass",
"form": "ma-qar-rat",
"cf": "maqarratu",
"gw": "bale (of straw)",
"sense": "bale (of straw)",
"norm": "maqarrāt",
"pos": "N",
"epos": "N"}
}
,
{
"node": "l",
"frag": "{še}IN.NU",
"id": "P224427.l0151b",
"ref": "P224427.13.4",
"inst": "tibni[straw]N",
"sig": "@saao/saa19%akk-x-neoass:{ŠE}IN.NU=tibnu[straw//straw]N'N$tibni",
"f": {"lang": "akk-x-neoass",
"form": "{ŠE}IN.NU",
"cf": "tibnu",
"gw": "straw",
"sense": "straw",
"norm": "tibni",
"pos": "N",
"epos": "N"}
}
,
{
"node": "d",
"type": "line-start",
"ref": "P224427.14",
"n": "12'",
"label": "o 12'"}
,
{
"node": "l",
"frag": "⸢ina⸣",
"id": "P224427.l0151c",
"ref": "P224427.14.1",
"inst": "ina[in]PRP",
"sig": "@saao/saa19%akk-x-neoass:ina=ina[in//in]PRP'PRP$ina",
"f": {"lang": "akk-x-neoass",
"form": "ina",
"cf": "ina",
"gw": "in",
"sense": "in",
"norm": "ina",
"pos": "PRP",
"epos": "PRP"}
}
,
{
"node": "l",
"frag": "01",
"id": "P224427.l0151d",
"ref": "P224427.14.2",
"inst": "n",
"f": {"lang": "akk-x-neoass",
"form": "01",
"pos": "n"}
}
,
{
"node": "l",
"frag": "qa",
"id": "P224427.l0151e",
"ref": "P224427.14.3",
"inst": "+qû[unit//a unit of capacity]N$qa",
"sig": "@saao/saa19%akk-x-neoass:qa=qû[unit//a unit of capacity]N'N$qa",
"f": {"lang": "akk-x-neoass",
"form": "qa",
"cf": "qû",
"gw": "unit",
"sense": "a unit of capacity",
"norm": "qa",
"pos": "N",
"epos": "N"}
}
,
{
"node": "l",
"frag": "{še}IN.NU",
"id": "P224427.l0151f",
"ref": "P224427.14.4",
"inst": "tibni[straw]N",
"sig": "@saao/saa19%akk-x-neoass:{ŠE}IN.NU=tibnu[straw//straw]N'N$tibni",
"f": {"lang": "akk-x-neoass",
"form": "{ŠE}IN.NU",
"cf": "tibnu",
"gw": "straw",
"sense": "straw",
"norm": "tibni",
"pos": "N",
"epos": "N"}
}
,
{
"node": "l",
"frag": "ša\\pm",
"id": "P224427.l01520",
"ref": "P224427.14.5",
"inst": "ša[of]DET",
"sig": "@saao/saa19%akk-x-neoass:ša=ša[of//of]DET'DET$ša",
"f": {"lang": "akk-x-neoass",
"form": "ša",
"cf": "ša",
"gw": "of",
"sense": "of",
"norm": "ša",
"pos": "DET",
"epos": "DET"}
}
,
{
"node": "l",
"frag": "01",
"id": "P224427.l01521",
"ref": "P224427.14.6",
"inst": "n",
"f": {"lang": "akk-x-neoass",
"form": "01",
"pos": "n"}
}
,
{
"node": "l",
"frag": "SIG₄",
"id": "P224427.l01522",
"ref": "P224427.14.7",
"inst": "+libittu[mudbrick]N$libitti",
"sig": "@saao/saa19%akk-x-neoass:SIG₄=libittu[mudbrick//mudbrick]N'N$libitti",
"f": {"lang": "akk-x-neoass",
"form": "SIG₄",
"cf": "libittu",
"gw": "mudbrick",
"sense": "mudbrick",
"norm": "libitti",
"pos": "N",
"epos": "N"}
}
,
{
"node": "d",
"type": "line-start",
"ref": "P224427.15",
"n": "13'",
"label": "o 13'"}
,
{
"node": "l",
"frag": "04",
"id": "P224427.l01523",
"ref": "P224427.15.1",
"inst": "n",
"f": {"lang": "akk-x-neoass",
"form": "04",
"pos": "n"}
}
,
{
"node": "l",
"frag": "qa",
"id": "P224427.l01524",
"ref": "P224427.15.2",
"inst": "qa[a unit of capacity]N",
"sig": "@saao/saa19%akk-x-neoass:qa=qû[unit//a unit of capacity]N'N$qa",
"f": {"lang": "akk-x-neoass",
"form": "qa",
"cf": "qû",
"gw": "unit",
"sense": "a unit of capacity",
"norm": "qa",
"pos": "N",
"epos": "N"}
}
,
{
"node": "l",
"frag": "a-na",
"id": "P224427.l01525",
"ref": "P224427.15.3",
"inst": "ana[to//for]PRP",
"sig": "@saao/saa19%akk-x-neoass:a-na=ana[to//for]PRP'PRP$ana",
"f": {"lang": "akk-x-neoass",
"form": "a-na",
"cf": "ana",
"gw": "to",
"sense": "for",
"norm": "ana",
"pos": "PRP",
"epos": "PRP"}
}
,
{
"node": "l",
"frag": "ṣi-in-di",
"id": "P224427.l01526",
"ref": "P224427.15.4",
"inst": "+ṣimdu[binding]N$ṣindi",
"sig": "@saao/saa19%akk-x-neoass:ṣi-in-di=ṣimdu[binding//binding]N'N$ṣindi",
"f": {"lang": "akk-x-neoass",
"form": "ṣi-in-di",
"cf": "ṣimdu",
"gw": "binding",
"sense": "binding",
"norm": "ṣindi",
"pos": "N",
"epos": "N"}
}
,
{
"node": "l",
"frag": "ša₂",
"id": "P224427.l01527",
"ref": "P224427.15.5",
"inst": "ša[of]DET",
"sig": "@saao/saa19%akk-x-neoass:ša₂=ša[of//of]DET'DET$ša",
"f": {"lang": "akk-x-neoass",
"form": "ša₂",
"cf": "ša",
"gw": "of",
"sense": "of",
"norm": "ša",
"pos": "DET",
"epos": "DET"}
}
,
{
"node": "l",
"frag": "[x]",
"id": "P224427.l01528",
"ref": "P224427.15.6",
"inst": "u",
"f": {"lang": "akk-x-neoass",
"form": "x",
"pos": "u"}
}
,
{
"node": "d",
"type": "line-start",
"ref": "P224427.16",
"n": "14'",
"label": "o 14'"}
,
{
"node": "l",
"frag": "06",
"id": "P224427.l01529",
"ref": "P224427.16.1",
"inst": "n",
"f": {"lang": "akk-x-neoass",
"form": "06",
"pos": "n"}
}
,
{
"node": "l",
"frag": "lim",
"id": "P224427.l0152a",
"ref": "P224427.16.2",
"inst": "līmu[thousand]NU",
"sig": "@saao/saa19%akk-x-neoass:lim=līm[thousand//thousand]NU'NU$līmu",
"f": {"lang": "akk-x-neoass",
"form": "lim",
"cf": "līm",
"gw": "thousand",
"sense": "thousand",
"norm": "līmu",
"pos": "NU",
"epos": "NU"}
}
,
{
"node": "l",
"frag": "02",
"id": "P224427.l0152b",
"ref": "P224427.16.3",
"inst": "n",
"f": {"lang": "akk-x-neoass",
"form": "02",
"pos": "n"}
}
,
{
"node": "l",
"frag": "me",
"id": "P224427.l0152c",
"ref": "P224427.16.4",
"inst": "mē[hundred]NU",
"sig": "@saao/saa19%akk-x-neoass:me=meʾatu[(one) hundred//(one) hundred]NU'NU$mē",
"f": {"lang": "akk-x-neoass",
"form": "me",
"cf": "meʾatu",
"gw": "(one) hundred",
"sense": "(one) hundred",
"norm": "mē",
"pos": "NU",
"epos": "NU"}
}
,
{
"node": "l",
"frag": "60",
"id": "P224427.l0152d",
"ref": "P224427.16.5",
"inst": "n",
"f": {"lang": "akk-x-neoass",
"form": "60",
"pos": "n"}
}
,
{
"node": "l",
"frag": "ma-qar\\d-rat",
"id": "P224427.l0152e",
"ref": "P224427.16.6",
"inst": "maqarrāt[bale (of straw)]N",
"sig": "@saao/saa19%akk-x-neoass:ma-qar-rat=maqarratu[bale (of straw)//bale (of straw)]N'N$maqarrāt",
"f": {"lang": "akk-x-neoass",
"form": "ma-qar-rat",
"cf": "maqarratu",
"gw": "bale (of straw)",
"sense": "bale (of straw)",
"norm": "maqarrāt",
"pos": "N",
"epos": "N"}
}
,
{
"node": "l",
"frag": "{gid}⸢AMBAR⸣",
"id": "P224427.l0152f",
"ref": "P224427.16.7",
"inst": "appārī[reed]N",
"sig": "@saao/saa19%akk-x-neoass:{GI}AMBAR=appāru[reed-bed//reed]N'N$appārī",
"f": {"lang": "akk-x-neoass",
"form": "{GI}AMBAR",
"cf": "appāru",
"gw": "reed-bed",
"sense": "reed",
"norm": "appārī",
"pos": "N",
"epos": "N"}
}
,
{
"node": "d",
"type": "line-start",
"ref": "P224427.17",
"n": "15'",
"label": "o 15'"}
,
{
"node": "l",
"frag": "07",
"id": "P224427.l01530",
"ref": "P224427.17.1",
"inst": "n",
"f": {"lang": "akk-x-neoass",
"form": "07",
"pos": "n"}
}
,
{
"node": "l",
"frag": "KUŠ₃",
"id": "P224427.l01531",
"ref": "P224427.17.2",
"inst": "ammutu[a unit of length]N",
"sig": "@saao/saa19%akk-x-neoass:KUŠ₃=ammatu[unit//a unit of length]N'N$ammutu",
"f": {"lang": "akk-x-neoass",
"form": "KUŠ₃",
"cf": "ammatu",
"gw": "unit",
"sense": "a unit of length",
"norm": "ammutu",
"pos": "N",
"epos": "N"}
}
,
{
"node": "l",
"frag": "⸢ru⸣-ṭu",
"id": "P224427.l01532",
"ref": "P224427.17.3",
"inst": "rūṭu[a unit of length]N",
"sig": "@saao/saa19%akk-x-neoass:ru-ṭu=rūṭu[unit//a unit of length]N'N$rūṭu",
"f": {"lang": "akk-x-neoass",
"form": "ru-ṭu",
"cf": "rūṭu",
"gw": "unit",
"sense": "a unit of length",
"norm": "rūṭu",
"pos": "N",
"epos": "N"}
}
,
{
"node": "l",
"frag": "ina",
"id": "P224427.l01533",
"ref": "P224427.17.4",
"inst": "ina[in]PRP",
"sig": "@saao/saa19%akk-x-neoass:ina=ina[in//in]PRP'PRP$ina",
"f": {"lang": "akk-x-neoass",
"form": "ina",
"cf": "ina",
"gw": "in",
"sense": "in",
"norm": "ina",
"pos": "PRP",
"epos": "PRP"}
}
,
{
"node": "l",
"frag": "01",
"id": "P224427.l01534",
"ref": "P224427.17.5",
"inst": "n",
"f": {"lang": "akk-x-neoass",
"form": "01",
"pos": "n"}
}
,
{
"node": "c",
"type": "phrase",
"tag": "phr",
"id": "P224427.U4",
"ref": "P224427.ls00000",
"cdl": [
{
"node": "l",
"frag": "KUŠ₃-MAN",
"id": "P224427.l01535",
"ref": "P224427.17.6",
"cof-tails": "P224427.l01536",
"inst": "ammatu[unit]N$ammat&šarru[king]N$šarri",
"sig": "@saao/saa19%akk-x-neoass:KUŠ₃-MAN=ammatu[unit//unit]N'N$ammat&&@saao/saa19%akk-x-neoass:=šarru[king//king]N'N$šarri",
"f": {"lang": "akk-x-neoass",
"form": "KUŠ₃-MAN",
"cf": "ammatu",
"gw": "unit",
"sense": "unit",
"norm": "ammat",
"pos": "N",
"epos": "N"}
}
,
{
"node": "l",
"frag": "KUŠ₃-MAN",
"id": "P224427.l01536",
"ref": "P224427.17.6",
"cof-head": "P224427.l01535",
"inst": "ammatu[unit]N$ammat&šarru[king]N$šarri",
"tail-sig": "@saao/saa19%akk-x-neoass:=šarru[king//king]N'N$šarri",
"f": {"lang": "akk-x-neoass",
"form": "KUŠ₃-MAN",
"cf": "šarru",
"gw": "king",
"sense": "king",
"norm": "šarri",
"pos": "N",
"epos": "N"}
}
]}
,
{
"node": "d",
"type": "line-start",
"ref": "P224427.18",
"n": "16'",
"label": "o 16'"}
,
{
"node": "l",
"frag": "01-et",
"id": "P224427.l01537",
"ref": "P224427.18.1",
"inst": "issēt[one]NU",
"sig": "@saao/saa19%akk-x-neoass:01-et=ištēn[one//one]NU'NU$issēt",
"f": {"lang": "akk-x-neoass",
"form": "01-et",
"cf": "ištēn",
"gw": "one",
"sense": "one",
"norm": "issēt",
"pos": "NU",
"epos": "NU"}
}
,
{
"node": "l",
"frag": "ma-qar\\d-rat-tu₂",
"id": "P224427.l01538",
"ref": "P224427.18.2",
"inst": "+maqarratu[bale (of straw)]N$maqarrattu",
"sig": "@saao/saa19%akk-x-neoass:ma-qar-rat-tu₂=maqarratu[bale (of straw)//bale (of straw)]N'N$maqarrattu",
"f": {"lang": "akk-x-neoass",
"form": "ma-qar-rat-tu₂",
"cf": "maqarratu",
"gw": "bale (of straw)",
"sense": "bale (of straw)",
"norm": "maqarrattu",
"pos": "N",
"epos": "N"}
}
,
{
"node": "d",
"type": "line-start",
"ref": "P224427.19",
"n": "17'",
"label": "o 17'"}
,
{
"node": "l",
"frag": "07",
"id": "P224427.l01539",
"ref": "P224427.19.1",
"inst": "n",
"f": {"lang": "akk-x-neoass",
"form": "07",
"pos": "n"}
}
,
{
"node": "l",
"frag": "lim",
"id": "P224427.l0153a",
"ref": "P224427.19.2",
"inst": "līmu[thousand]NU",
"sig": "@saao/saa19%akk-x-neoass:lim=līm[thousand//thousand]NU'NU$līmu",
"f": {"lang": "akk-x-neoass",
"form": "lim",
"cf": "līm",
"gw": "thousand",
"sense": "thousand",
"norm": "līmu",
"pos": "NU",
"epos": "NU"}
}
,
{
"node": "l",
"frag": "GI",
"id": "P224427.l0153b",
"ref": "P224427.19.3",
"inst": "+qanû[reed]N$qanê",
"sig": "@saao/saa19%akk-x-neoass:GI=qanû[reed//reed]N'N$qanê",
"f": {"lang": "akk-x-neoass",
"form": "GI",
"cf": "qanû",
"gw": "reed",
"sense": "reed",
"norm": "qanê",
"pos": "N",
"epos": "N"}
}
,
{
"node": "l",
"frag": "SAR\\p-ʾi",
"id": "P224427.l0153c",
"ref": "P224427.19.4",
"inst": "+kirû[garden]N$kiriʾi",
"sig": "@saao/saa19%akk-x-neoass:SAR-ʾi=kirû[garden//garden]N'N$kiriʾi",
"f": {"lang": "akk-x-neoass",
"form": "SAR-ʾi",
"cf": "kirû",
"gw": "garden",
"sense": "garden",
"norm": "kiriʾi",
"pos": "N",
"epos": "N"}
}
,
{
"node": "d",
"subtype": "bottom",
"type": "surface",
"ref": "P224427.b.e..20",
"type": "bottom",
"label": "b.e."}
,
{
"node": "d",
"type": "line-start",
"ref": "P224427.21",
"n": "18'",
"label": "b.e. 18'"}
,
{
"node": "l",
"frag": "[x]",
"id": "P224427.l0153d",
"ref": "P224427.21.1",
"inst": "u",
"f": {"lang": "akk-x-neoass",
"form": "x",
"pos": "u"}
}
,
{
"node": "l",
"frag": "ina",
"id": "P224427.l0153e",
"ref": "P224427.21.2",
"inst": "ina[in]PRP",
"sig": "@saao/saa19%akk-x-neoass:ina=ina[in//in]PRP'PRP$ina",
"f": {"lang": "akk-x-neoass",
"form": "ina",
"cf": "ina",
"gw": "in",
"sense": "in",
"norm": "ina",
"pos": "PRP",
"epos": "PRP"}
}
,
{
"node": "l",
"frag": "01",
"id": "P224427.l0153f",
"ref": "P224427.21.3",
"inst": "n",
"f": {"lang": "akk-x-neoass",
"form": "01",
"pos": "n"}
}
,
{
"node": "c",
"type": "phrase",
"tag": "phr",
"id": "P224427.U5",
"ref": "P224427.ls00001",
"cdl": [
{
"node": "l",
"frag": "KUŠ₃-MAN",
"id": "P224427.l01540",
"ref": "P224427.21.4",
"cof-tails": "P224427.l01541",
"inst": "ammatu[unit]N$ammat&šarru[king]N$šarri",
"sig": "@saao/saa19%akk-x-neoass:KUŠ₃-MAN=ammatu[unit//unit]N'N$ammat&&@saao/saa19%akk-x-neoass:=šarru[king//king]N'N$šarri",
"f": {"lang": "akk-x-neoass",
"form": "KUŠ₃-MAN",
"cf": "ammatu",
"gw": "unit",
"sense": "unit",
"norm": "ammat",
"pos": "N",
"epos": "N"}
}
,
{
"node": "l",
"frag": "KUŠ₃-MAN",
"id": "P224427.l01541",
"ref": "P224427.21.4",
"cof-head": "P224427.l01540",
"inst": "ammatu[unit]N$ammat&šarru[king]N$šarri",
"tail-sig": "@saao/saa19%akk-x-neoass:=šarru[king//king]N'N$šarri",
"f": {"lang": "akk-x-neoass",
"form": "KUŠ₃-MAN",
"cf": "šarru",
"gw": "king",
"sense": "king",
"norm": "šarri",
"pos": "N",
"epos": "N"}
}
]}
,
{
"node": "l",
"frag": "GID₂.DA\\dd",
"id": "P224427.l01542",
"ref": "P224427.21.5",
"inst": "mūruku[length]N",
"sig": "@saao/saa19%akk-x-neoass:GID₂.DA=mūraku[length//length]N'N$mūruku",
"f": {"lang": "akk-x-neoass",
"form": "GID₂.DA",
"cf": "mūraku",
"gw": "length",
"sense": "length",
"norm": "mūruku",
"pos": "N",
"epos": "N"}
}
,
{
"node": "d",
"subtype": "reverse",
"type": "surface",
"ref": "P224427.r.22",
"type": "reverse",
"label": "r"}
,
{
"node": "d",
"type": "line-start",
"ref": "P224427.23",
"n": "1",
"label": "r 1"}
,
{
"node": "l",
"frag": "01",
"id": "P224427.l01543",
"ref": "P224427.23.1",
"inst": "n",
"f": {"lang": "akk-x-neoass",
"form": "01",
"pos": "n"}
}
,
{
"node": "c",
"type": "phrase",
"tag": "phr",
"id": "P224427.U6",
"ref": "P224427.ls00002",
"cdl": [
{
"node": "l",
"frag": "⸢KUŠ₃⸣-MAN",
"id": "P224427.l01544",
"ref": "P224427.23.2",
"cof-tails": "P224427.l01545",
"inst": "ammatu[unit]N$ammat&šarru[king]N$šarri",
"sig": "@saao/saa19%akk-x-neoass:KUŠ₃-MAN=ammatu[unit//unit]N'N$ammat&&@saao/saa19%akk-x-neoass:=šarru[king//king]N'N$šarri",
"f": {"lang": "akk-x-neoass",
"form": "KUŠ₃-MAN",
"cf": "ammatu",
"gw": "unit",
"sense": "unit",
"norm": "ammat",
"pos": "N",
"epos": "N"}
}
,
{
"node": "l",
"frag": "⸢KUŠ₃⸣-MAN",
"id": "P224427.l01545",
"ref": "P224427.23.2",
"cof-head": "P224427.l01544",
"inst": "ammatu[unit]N$ammat&šarru[king]N$šarri",
"tail-sig": "@saao/saa19%akk-x-neoass:=šarru[king//king]N'N$šarri",
"f": {"lang": "akk-x-neoass",
"form": "KUŠ₃-MAN",
"cf": "šarru",
"gw": "king",
"sense": "king",
"norm": "šarri",
"pos": "N",
"epos": "N"}
}
]}
,
{
"node": "l",
"frag": "⸢DAGAL⸣",
"id": "P224427.l01546",
"ref": "P224427.23.3",
"inst": "rupšu[width]N",
"sig": "@saao/saa19%akk-x-neoass:DAGAL=rupšu[width//width]N'N$rupšu",
"f": {"lang": "akk-x-neoass",
"form": "DAGAL",
"cf": "rupšu",
"gw": "width",
"sense": "width",
"norm": "rupšu",
"pos": "N",
"epos": "N"}
}
,
{
"node": "d",
"type": "line-start",
"ref": "P224427.24",
"n": "2",
"label": "r 2"}
,
{
"node": "l",
"frag": "PAB",
"id": "P224427.l01547",
"ref": "P224427.24.1",
"inst": "gimru[total]N",
"sig": "@saao/saa19%akk-x-neoass:PAB=gimru[totality//total]N'N$gimru",
"f": {"lang": "akk-x-neoass",
"form": "PAB",
"cf": "gimru",
"gw": "totality",
"sense": "total",
"norm": "gimru",
"pos": "N",
"epos": "N"}
}
,
{
"node": "l",
"frag": "tur-tan",
"id": "P224427.l01548",
"ref": "P224427.24.2",
"inst": "+tartānu[second in command//commander-in-chief]N'N$turtān",
"sig": "@saao/saa19%akk-x-neoass:tur-tan=tartānu[second in command//commander-in-chief]N'N$turtān",
"f": {"lang": "akk-x-neoass",
"form": "tur-tan",
"cf": "tartānu",
"gw": "second in command",
"sense": "commander-in-chief",
"norm": "turtān",
"pos": "N",
"epos": "N"}
}
,
{
"node": "l",
"frag": "KUŠ₃",
"id": "P224427.l01549",
"ref": "P224427.24.3",
"inst": "ammutu[a unit of length]N",
"sig": "@saao/saa19%akk-x-neoass:KUŠ₃=ammatu[unit//a unit of length]N'N$ammutu",
"f": {"lang": "akk-x-neoass",
"form": "KUŠ₃",
"cf": "ammatu",
"gw": "unit",
"sense": "a unit of length",
"norm": "ammutu",
"pos": "N",
"epos": "N"}
}
,
{
"node": "l",
"frag": "⸢ar₂\\d⸣-pad-da\\d",
"id": "P224427.l0154a",
"ref": "P224427.24.4",
"inst": "+Arpadda[Arpad]GN$",
"sig": "@saao/saa19%akk-x-neoass:ar₂-pad-da=Arpadda[Arpad//Arpad]GN'GN$Arpadda",
"f": {"lang": "akk-x-neoass",
"form": "ar₂-pad-da",
"cf": "Arpadda",
"gw": "Arpad",
"sense": "Arpad",
"norm": "Arpadda",
"pos": "GN",
"epos": "GN"}
}
,
{
"node": "d",
"type": "nonx",
"ref": "P224427.25",
"strict": "0",
"extent": "rest",
"state": "other"}
]}
]}
]}
,
{
"linkbase": [{
"type": "linkset",
"xlink_title": "ammat šarri[a unit of length//a unit of length]N'N",
"id": "P224427.ls00000",
"xlink_type": "extended",
"xlink_role": "psu",
"sig": "{KUŠ₃-MAN = ammatu[unit]N šarru[king]N += ammat šarri[a unit of length//a unit of length]N'N}::@saao/saa19%akk-x-neoass:KUŠ₃-MAN=ammatu[unit//a unit of length]N'N$ammat++@saao/saa19%akk-x-neoass:KUŠ₃-MAN=šarru[king//king]N'N$šarri",
"links": [
{
"type": "link",
"xlink_title": "ammatu",
"xlink_type": "locator",
"xlink_href": "#P224427.l01535",
"xlink_role": "elt"}
,
{
"type": "link",
"xlink_title": "šarru",
"xlink_type": "locator",
"xlink_href": "#P224427.l01536",
"xlink_role": "elt"}
]}
,
{
"type": "linkset",
"xlink_title": "ammat šarri[a unit of length//a unit of length]N'N",
"id": "P224427.ls00001",
"xlink_type": "extended",
"xlink_role": "psu",
"sig": "{KUŠ₃-MAN = ammatu[unit]N šarru[king]N += ammat šarri[a unit of length//a unit of length]N'N}::@saao/saa19%akk-x-neoass:KUŠ₃-MAN=ammatu[unit//a unit of length]N'N$ammat++@saao/saa19%akk-x-neoass:KUŠ₃-MAN=šarru[king//king]N'N$šarri",
"links": [
{
"type": "link",
"xlink_title": "ammatu",
"xlink_type": "locator",
"xlink_href": "#P224427.l01540",
"xlink_role": "elt"}
,
{
"type": "link",
"xlink_title": "šarru",
"xlink_type": "locator",
"xlink_href": "#P224427.l01541",
"xlink_role": "elt"}
]}
,
{
"type": "linkset",
"xlink_title": "ammat šarri[a unit of length//a unit of length]N'N",
"id": "P224427.ls00002",
"xlink_type": "extended",
"xlink_role": "psu",
"sig": "{KUŠ₃-MAN = ammatu[unit]N šarru[king]N += ammat šarri[a unit of length//a unit of length]N'N}::@saao/saa19%akk-x-neoass:KUŠ₃-MAN=ammatu[unit//a unit of length]N'N$ammat++@saao/saa19%akk-x-neoass:KUŠ₃-MAN=šarru[king//king]N'N$šarri",
"links": [
{
"type": "link",
"xlink_title": "ammatu",
"xlink_type": "locator",
"xlink_href": "#P224427.l01544",
"xlink_role": "elt"}
,
{
"type": "link",
"xlink_title": "šarru",
"xlink_type": "locator",
"xlink_href": "#P224427.l01545",
"xlink_role": "elt"}
]}
]}
]}
