{
"type": "cdl",
  "source": "http://oracc.org/saao/saa19",
  "license": "This data is released under the CC0 license",
  "license-url": "https://creativecommons.org/publicdomain/zero/1.0/",
  "more-info": "http://oracc.org/doc/opendata/",
  "UTC-timestamp": "2017-05-19T12:03:38",
"project": "saao/saa19",
"textid": "P224403",
"cdl": [
{
"node": "c",
"type": "text",
"id": "P224403.U0",
"cdl": [
{
"node": "d",
"type": "object",
"ref": ""}
,
{
"node": "d",
"subtype": "obverse",
"type": "surface",
"ref": "P224403.o.1",
"type": "obverse",
"label": "o"}
,
{
"node": "c",
"type": "discourse",
"subtype": "body",
"id": "P224403.U1",
"cdl": [
{
"node": "c",
"type": "sentence",
"id": "P224403.U2",
"label": "o 1 - r 4",
"cdl": [
{
"node": "d",
"type": "line-start",
"ref": "P224403.2",
"n": "1",
"label": "o 1"}
,
{
"node": "l",
"frag": "a-bat",
"id": "P224403.l04278",
"ref": "P224403.2.1",
"inst": "abat[word]N",
"sig": "@saao/saa19%akk-x-neoass:a-bat=awātu[word//word]N'N$abat",
"f": {"lang": "akk-x-neoass",
"form": "a-bat",
"cf": "awātu",
"gw": "word",
"sense": "word",
"norm": "abat",
"pos": "N",
"epos": "N"}
}
,
{
"node": "l",
"frag": "LUGAL",
"id": "P224403.l04279",
"ref": "P224403.2.2",
"inst": "!šarri[king]N",
"sig": "@saao/saa19%akk-x-neoass:LUGAL=šarru[king//king]N'N$šarri",
"f": {"lang": "akk-x-neoass",
"form": "LUGAL",
"cf": "šarru",
"gw": "king",
"sense": "king",
"norm": "šarri",
"pos": "N",
"epos": "N"}
}
,
{
"node": "l",
"frag": "a-na\\t",
"id": "P224403.l0427a",
"ref": "P224403.2.3",
"inst": "ana[to]PRP",
"sig": "@saao/saa19%akk-x-neoass:a-na=ana[to//to]PRP'PRP$ana",
"f": {"lang": "akk-x-neoass",
"form": "a-na",
"cf": "ana",
"gw": "to",
"sense": "to",
"norm": "ana",
"pos": "PRP",
"epos": "PRP"}
}
,
{
"node": "l",
"frag": "{lu₂v}⸢šak⸣-[ni]",
"id": "P224403.l0427b",
"ref": "P224403.2.4",
"inst": "šakni[prefect]N",
"sig": "@saao/saa19%akk-x-neoass:{LU₂}šak-ni=šaknu[appointee//prefect]N'N$šakni",
"f": {"lang": "akk-x-neoass",
"form": "{LU₂}šak-ni",
"cf": "šaknu",
"gw": "appointee",
"sense": "prefect",
"norm": "šakni",
"pos": "N",
"epos": "N"}
}
,
{
"node": "d",
"type": "line-start",
"ref": "P224403.3",
"n": "2",
"label": "o 2"}
,
{
"node": "l",
"frag": "07",
"id": "P224403.l0427c",
"ref": "P224403.3.1",
"inst": "n",
"f": {"lang": "akk-x-neoass",
"form": "07",
"pos": "n"}
}
,
{
"node": "l",
"frag": "me",
"id": "P224403.l0427d",
"ref": "P224403.3.2",
"inst": "mē[hundred]NU",
"sig": "@saao/saa19%akk-x-neoass:me=meʾatu[(one) hundred//(one) hundred]NU'NU$mē",
"f": {"lang": "akk-x-neoass",
"form": "me",
"cf": "meʾatu",
"gw": "(one) hundred",
"sense": "(one) hundred",
"norm": "mē",
"pos": "NU",
"epos": "NU"}
}
,
{
"node": "l",
"frag": "{tug₂m}ma-qar-rat",
"id": "P224403.l0427e",
"ref": "P224403.3.3",
"inst": "maqarrāt[bale (of straw)]N",
"sig": "@saao/saa19%akk-x-neoass:{TUG₂}ma-qar-rat=maqarratu[bale (of straw)//bale (of straw)]N'N$maqarrāt",
"f": {"lang": "akk-x-neoass",
"form": "{TUG₂}ma-qar-rat",
"cf": "maqarratu",
"gw": "bale (of straw)",
"sense": "bale (of straw)",
"norm": "maqarrāt",
"pos": "N",
"epos": "N"}
}
,
{
"node": "l",
"frag": "ša\\yd",
"id": "P224403.l0427f",
"ref": "P224403.3.4",
"inst": "ša[of]DET",
"sig": "@saao/saa19%akk-x-neoass:ša=ša[of//of]DET'DET$ša",
"f": {"lang": "akk-x-neoass",
"form": "ša",
"cf": "ša",
"gw": "of",
"sense": "of",
"norm": "ša",
"pos": "DET",
"epos": "DET"}
}
,
{
"node": "l",
"frag": "{še}IN.NU",
"id": "P224403.l04280",
"ref": "P224403.3.5",
"inst": "+tibnu[straw]N$tibni",
"sig": "@saao/saa19%akk-x-neoass:{ŠE}IN.NU=tibnu[straw//straw]N'N$tibni",
"f": {"lang": "akk-x-neoass",
"form": "{ŠE}IN.NU",
"cf": "tibnu",
"gw": "straw",
"sense": "straw",
"norm": "tibni",
"pos": "N",
"epos": "N"}
}
,
{
"node": "d",
"type": "line-start",
"ref": "P224403.4",
"n": "3",
"label": "o 3"}
,
{
"node": "l",
"frag": "07",
"id": "P224403.l04281",
"ref": "P224403.4.1",
"inst": "n",
"f": {"lang": "akk-x-neoass",
"form": "07",
"pos": "n"}
}
,
{
"node": "l",
"frag": "me",
"id": "P224403.l04282",
"ref": "P224403.4.2",
"inst": "mē[hundred]NU",
"sig": "@saao/saa19%akk-x-neoass:me=meʾatu[(one) hundred//(one) hundred]NU'NU$mē",
"f": {"lang": "akk-x-neoass",
"form": "me",
"cf": "meʾatu",
"gw": "(one) hundred",
"sense": "(one) hundred",
"norm": "mē",
"pos": "NU",
"epos": "NU"}
}
,
{
"node": "l",
"frag": "e-bi-is-su",
"id": "P224403.l04283",
"ref": "P224403.4.3",
"inst": "ebissu[bundle]N",
"sig": "@saao/saa19%akk-x-neoass:e-bi-is-su=ebissu[(roped-up) bundle//bundle]N'N$ebissu",
"f": {"lang": "akk-x-neoass",
"form": "e-bi-is-su",
"cf": "ebissu",
"gw": "(roped-up) bundle",
"sense": "bundle",
"norm": "ebissu",
"pos": "N",
"epos": "N"}
}
,
{
"node": "l",
"frag": "ša\\yd",
"id": "P224403.l04284",
"ref": "P224403.4.4",
"inst": "ša[of]DET",
"sig": "@saao/saa19%akk-x-neoass:ša=ša[of//of]DET'DET$ša",
"f": {"lang": "akk-x-neoass",
"form": "ša",
"cf": "ša",
"gw": "of",
"sense": "of",
"norm": "ša",
"pos": "DET",
"epos": "DET"}
}
,
{
"node": "l",
"frag": "{gi}⸢AMBAR-MEŠ⸣",
"id": "P224403.l04285",
"ref": "P224403.4.5",
"inst": "appārī[reed]N",
"sig": "@saao/saa19%akk-x-neoass:{GI}AMBAR-MEŠ=appāru[reed-bed//reed]N'N$appārī",
"f": {"lang": "akk-x-neoass",
"form": "{GI}AMBAR-MEŠ",
"cf": "appāru",
"gw": "reed-bed",
"sense": "reed",
"norm": "appārī",
"pos": "N",
"epos": "N"}
}
,
{
"node": "d",
"type": "line-start",
"ref": "P224403.5",
"n": "4",
"label": "o 4"}
,
{
"node": "l",
"frag": "ša\\y",
"id": "P224403.l04286",
"ref": "P224403.5.1",
"inst": "ša[of]DET",
"sig": "@saao/saa19%akk-x-neoass:ša=ša[of//of]DET'DET$ša",
"f": {"lang": "akk-x-neoass",
"form": "ša",
"cf": "ša",
"gw": "of",
"sense": "of",
"norm": "ša",
"pos": "DET",
"epos": "DET"}
}
,
{
"node": "l",
"frag": "01-et",
"id": "P224403.l04287",
"ref": "P224403.5.2",
"inst": "issēt[one]NU",
"sig": "@saao/saa19%akk-x-neoass:01-et=ištēn[one//one]NU'NU$issēt",
"f": {"lang": "akk-x-neoass",
"form": "01-et",
"cf": "ištēn",
"gw": "one",
"sense": "one",
"norm": "issēt",
"pos": "NU",
"epos": "NU"}
}
,
{
"node": "l",
"frag": "e-bi-is-si",
"id": "P224403.l04288",
"ref": "P224403.5.3",
"inst": "ebissi[bundle]N",
"sig": "@saao/saa19%akk-x-neoass:e-bi-is-si=ebissu[(roped-up) bundle//bundle]N'N$ebissi",
"f": {"lang": "akk-x-neoass",
"form": "e-bi-is-si",
"cf": "ebissu",
"gw": "(roped-up) bundle",
"sense": "bundle",
"norm": "ebissi",
"pos": "N",
"epos": "N"}
}
,
{
"node": "d",
"type": "line-start",
"ref": "P224403.6",
"n": "5",
"label": "o 5"}
,
{
"node": "l",
"frag": "ANŠE.NITA₂",
"id": "P224403.l04289",
"ref": "P224403.6.1",
"inst": "imāru[donkey]N",
"sig": "@saao/saa19%akk-x-neoass:ANŠE.NITA₂=imēru[donkey//donkey]N'N$imāru",
"f": {"lang": "akk-x-neoass",
"form": "ANŠE.NITA₂",
"cf": "imēru",
"gw": "donkey",
"sense": "donkey",
"norm": "imāru",
"pos": "N",
"epos": "N"}
}
,
{
"node": "l",
"frag": "la",
"id": "P224403.l0428a",
"ref": "P224403.6.2",
"inst": "lā[not]MOD",
"sig": "@saao/saa19%akk-x-neoass:la=lā[not//not]MOD'MOD$lā",
"f": {"lang": "akk-x-neoass",
"form": "la",
"cf": "lā",
"gw": "not",
"sense": "not",
"norm": "lā",
"pos": "MOD",
"epos": "MOD"}
}
,
{
"node": "l",
"frag": "e-mu-qa\\d-šu₂-u-⸢ni⸣",
"id": "P224403.l0428b",
"ref": "P224403.6.3",
"inst": "emūqašūni[ability]N",
"sig": "@saao/saa19%akk-x-neoass:e-mu-qa-šu₂-u-ni=emūqu[strength//ability]N'N$emūqašūni",
"f": {"lang": "akk-x-neoass",
"form": "e-mu-qa-šu₂-u-ni",
"cf": "emūqu",
"gw": "strength",
"sense": "ability",
"norm": "emūqašūni",
"pos": "N",
"epos": "N"}
}
,
{
"node": "d",
"type": "line-start",
"ref": "P224403.7",
"n": "6",
"label": "o 6"}
,
{
"node": "l",
"frag": "la",
"id": "P224403.l0428c",
"ref": "P224403.7.1",
"inst": "lā[not]MOD",
"sig": "@saao/saa19%akk-x-neoass:la=lā[not//not]MOD'MOD$lā",
"f": {"lang": "akk-x-neoass",
"form": "la",
"cf": "lā",
"gw": "not",
"sense": "not",
"norm": "lā",
"pos": "MOD",
"epos": "MOD"}
}
,
{
"node": "l",
"frag": "i-mat-ta-hu-u-ni",
"id": "P224403.l0428d",
"ref": "P224403.7.2",
"inst": "imattahūni[pick up]V",
"sig": "@saao/saa19%akk-x-neoass:i-mat-ta-hu-u-ni=matāhu[lift//pick up]V'V$imattahūni",
"f": {"lang": "akk-x-neoass",
"form": "i-mat-ta-hu-u-ni",
"cf": "matāhu",
"gw": "lift",
"sense": "pick up",
"norm": "imattahūni",
"pos": "V",
"epos": "V"}
}
,
{
"node": "d",
"subtype": "bottom",
"type": "surface",
"ref": "P224403.b.e..8",
"type": "bottom",
"label": "b.e."}
,
{
"node": "d",
"type": "line-start",
"ref": "P224403.9",
"n": "7",
"label": "b.e. 7"}
,
{
"node": "l",
"frag": "UD",
"id": "P224403.l0428e",
"ref": "P224403.9.1",
"inst": "ūm[day]N",
"sig": "@saao/saa19%akk-x-neoass:UD=ūmu[day//day]N'N$ūm",
"f": {"lang": "akk-x-neoass",
"form": "UD",
"cf": "ūmu",
"gw": "day",
"sense": "day",
"norm": "ūm",
"pos": "N",
"epos": "N"}
}
,
{
"node": "l",
"frag": "01-⸢KAM⸣",
"id": "P224403.l0428f",
"ref": "P224403.9.2",
"inst": "n",
"f": {"lang": "akk-x-neoass",
"form": "01-KAM",
"pos": "n"}
}
,
{
"node": "l",
"frag": "ša\\yd",
"id": "P224403.l04290",
"ref": "P224403.9.3",
"inst": "ša[of]DET",
"sig": "@saao/saa19%akk-x-neoass:ša=ša[of//of]DET'DET$ša",
"f": {"lang": "akk-x-neoass",
"form": "ša",
"cf": "ša",
"gw": "of",
"sense": "of",
"norm": "ša",
"pos": "DET",
"epos": "DET"}
}
,
{
"node": "l",
"frag": "{iti}GAN",
"id": "P224403.l04291",
"ref": "P224403.9.4",
"inst": "Kislimi[Kislev]MN",
"sig": "@saao/saa19%akk-x-neoass:{ITI}GAN=Kislimu[Kislev//Kislev]MN'MN$Kislimi",
"f": {"lang": "akk-x-neoass",
"form": "{ITI}GAN",
"cf": "Kislimu",
"gw": "Kislev",
"sense": "Kislev",
"norm": "Kislimi",
"pos": "MN",
"epos": "MN"}
}
,
{
"node": "d",
"subtype": "reverse",
"type": "surface",
"ref": "P224403.r.10",
"type": "reverse",
"label": "r"}
,
{
"node": "d",
"type": "line-start",
"ref": "P224403.11",
"n": "1",
"label": "r 1"}
,
{
"node": "l",
"frag": "ina",
"id": "P224403.l04292",
"ref": "P224403.11.1",
"inst": "ina[in]PRP",
"sig": "@saao/saa19%akk-x-neoass:ina=ina[in//in]PRP'PRP$ina",
"f": {"lang": "akk-x-neoass",
"form": "ina",
"cf": "ina",
"gw": "in",
"sense": "in",
"norm": "ina",
"pos": "PRP",
"epos": "PRP"}
}
,
{
"node": "l",
"frag": "{⸢uru}BAD₃⸣-MAN-GIN",
"id": "P224403.l04293",
"ref": "P224403.11.2",
"inst": "Dur-Šarruken[1]GN",
"sig": "@saao/saa19%akk-x-neoass:{URU}BAD₃-MAN-GIN=Dur-Šarruken[1//1]GN'GN$Dur-Šarruken",
"f": {"lang": "akk-x-neoass",
"form": "{URU}BAD₃-MAN-GIN",
"cf": "Dur-Šarruken",
"gw": "1",
"sense": "1",
"norm": "Dur-Šarruken",
"pos": "GN",
"epos": "GN"}
}
,
{
"node": "d",
"type": "line-start",
"ref": "P224403.12",
"n": "2",
"label": "r 2"}
,
{
"node": "l",
"frag": "lu",
"id": "P224403.l04294",
"ref": "P224403.12.1",
"inst": "lū[may]MOD",
"sig": "@saao/saa19%akk-x-neoass:lu=lū[may//may]MOD'MOD$lū",
"f": {"lang": "akk-x-neoass",
"form": "lu",
"cf": "lū",
"gw": "may",
"sense": "may",
"norm": "lū",
"pos": "MOD",
"epos": "MOD"}
}
,
{
"node": "l",
"frag": "⸢qu⸣-[ru]-⸢bu⸣",
"id": "P224403.l04295",
"ref": "P224403.12.2",
"inst": "+qurbu[near//available]AJ$qurubu",
"sig": "@saao/saa19%akk-x-neoass:qu-ru-bu=qurbu[near//available]AJ'AJ$qurubu",
"f": {"lang": "akk-x-neoass",
"form": "qu-ru-bu",
"cf": "qurbu",
"gw": "near",
"sense": "available",
"norm": "qurubu",
"pos": "AJ",
"epos": "AJ"}
}
,
{
"node": "d",
"type": "line-start",
"ref": "P224403.13",
"n": "3",
"label": "r 3"}
,
{
"node": "l",
"frag": "01-en",
"id": "P224403.l04296",
"ref": "P224403.13.1",
"inst": "issēn[one]NU",
"sig": "@saao/saa19%akk-x-neoass:01-en=ištēn[one//one]NU'NU$issēn",
"f": {"lang": "akk-x-neoass",
"form": "01-en",
"cf": "ištēn",
"gw": "one",
"sense": "one",
"norm": "issēn",
"pos": "NU",
"epos": "NU"}
}
,
{
"node": "l",
"frag": "UD-⸢mu⸣",
"id": "P224403.l04297",
"ref": "P224403.13.2",
"inst": "ūmu[day]N",
"sig": "@saao/saa19%akk-x-neoass:UD-mu=ūmu[day//day]N'N$ūmu",
"f": {"lang": "akk-x-neoass",
"form": "UD-mu",
"cf": "ūmu",
"gw": "day",
"sense": "day",
"norm": "ūmu",
"pos": "N",
"epos": "N"}
}
,
{
"node": "l",
"frag": "[e-te]-ti\\t-⸢iq⸣",
"id": "P224403.l04298",
"ref": "P224403.13.3",
"inst": "+etēqu[proceed//pass]V$ētetiq",
"sig": "@saao/saa19%akk-x-neoass:e-te-ti-iq=etēqu[proceed//pass]V'V$ētetiq",
"f": {"lang": "akk-x-neoass",
"form": "e-te-ti-iq",
"cf": "etēqu",
"gw": "proceed",
"sense": "pass",
"norm": "ētetiq",
"pos": "V",
"epos": "V"}
}
,
{
"node": "d",
"type": "line-start",
"ref": "P224403.14",
"n": "4",
"label": "r 4"}
,
{
"node": "l",
"frag": "ta-⸢mu⸣-at",
"id": "P224403.l04299",
"ref": "P224403.14.1",
"inst": "tamūat[die]V",
"sig": "@saao/saa19%akk-x-neoass:ta-mu-at=mâtu[die//die]V'V$tamūat",
"f": {"lang": "akk-x-neoass",
"form": "ta-mu-at",
"cf": "mâtu",
"gw": "die",
"sense": "die",
"norm": "tamūat",
"pos": "V",
"epos": "V"}
}
,
{
"node": "d",
"type": "nonx",
"ref": "P224403.15",
"strict": "0",
"extent": "rest",
"state": "other"}
]}
]}
]}
]}
