{
"type": "cdl",
  "source": "http://oracc.org/saao/saa19",
  "license": "This data is released under the CC0 license",
  "license-url": "https://creativecommons.org/publicdomain/zero/1.0/",
  "more-info": "http://oracc.org/doc/opendata/",
  "UTC-timestamp": "2017-05-19T12:03:44",
"project": "saao/saa19",
"textid": "P224445",
"cdl": [
{
"node": "c",
"type": "text",
"id": "P224445.U0",
"cdl": [
{
"node": "d",
"type": "object",
"ref": ""}
,
{
"node": "d",
"subtype": "obverse",
"type": "surface",
"ref": "P224445.o.1",
"type": "obverse",
"label": "o"}
,
{
"node": "c",
"type": "discourse",
"subtype": "body",
"id": "P224445.U1",
"cdl": [
{
"node": "c",
"type": "sentence",
"id": "P224445.U2",
"label": "o 1 - r.e. 12",
"cdl": [
{
"node": "d",
"type": "line-start",
"ref": "P224445.2",
"n": "1",
"label": "o 1"}
,
{
"node": "l",
"frag": "a-na",
"id": "P224445.l00453",
"ref": "P224445.2.1",
"inst": "ana[to]PRP",
"sig": "@saao/saa19%akk-x-neoass:a-na=ana[to//to]PRP'PRP$ana",
"f": {"lang": "akk-x-neoass",
"form": "a-na",
"cf": "ana",
"gw": "to",
"sense": "to",
"norm": "ana",
"pos": "PRP",
"epos": "PRP"}
}
,
{
"node": "l",
"frag": "LUGAL",
"id": "P224445.l00454",
"ref": "P224445.2.2",
"inst": "šarri[king]N",
"sig": "@saao/saa19%akk-x-neoass:LUGAL=šarru[king//king]N'N$šarri",
"f": {"lang": "akk-x-neoass",
"form": "LUGAL",
"cf": "šarru",
"gw": "king",
"sense": "king",
"norm": "šarri",
"pos": "N",
"epos": "N"}
}
,
{
"node": "l",
"frag": "EN-ia",
"id": "P224445.l00455",
"ref": "P224445.2.3",
"inst": "bēlīya[lord]N",
"sig": "@saao/saa19%akk-x-neoass:EN-ia=bēlu[lord//lord]N'N$bēlīya",
"f": {"lang": "akk-x-neoass",
"form": "EN-ia",
"cf": "bēlu",
"gw": "lord",
"sense": "lord",
"norm": "bēlīya",
"pos": "N",
"epos": "N"}
}
,
{
"node": "d",
"type": "line-start",
"ref": "P224445.3",
"n": "2",
"label": "o 2"}
,
{
"node": "l",
"frag": "ARAD-ka",
"id": "P224445.l00456",
"ref": "P224445.3.1",
"inst": "urdaka[servant]N",
"sig": "@saao/saa19%akk-x-neoass:ARAD-ka=ardu[slave//servant]N'N$urdaka",
"f": {"lang": "akk-x-neoass",
"form": "ARAD-ka",
"cf": "ardu",
"gw": "slave",
"sense": "servant",
"norm": "urdaka",
"pos": "N",
"epos": "N"}
}
,
{
"node": "l",
"frag": "{1}aš-šur-KUR-ka-GUR",
"id": "P224445.l00457",
"ref": "P224445.3.2",
"inst": "+Aššur-matka-tera[1]PN$",
"sig": "@saao/saa19%akk-x-neoass:{1}aš-šur-KUR-ka-GUR=Aššur-matka-tera[1//1]PN'PN$Aššur-matka-tera",
"f": {"lang": "akk-x-neoass",
"form": "{1}aš-šur-KUR-ka-GUR",
"cf": "Aššur-matka-tera",
"gw": "1",
"sense": "1",
"norm": "Aššur-matka-tera",
"pos": "PN",
"epos": "PN"}
}
,
{
"node": "d",
"type": "line-start",
"ref": "P224445.4",
"n": "3",
"label": "o 3"}
,
{
"node": "l",
"frag": "lu",
"id": "P224445.l00458",
"ref": "P224445.4.1",
"inst": "lū[may]MOD",
"sig": "@saao/saa19%akk-x-neoass:lu=lū[may//may]MOD'MOD$lū",
"f": {"lang": "akk-x-neoass",
"form": "lu",
"cf": "lū",
"gw": "may",
"sense": "may",
"norm": "lū",
"pos": "MOD",
"epos": "MOD"}
}
,
{
"node": "l",
"frag": "DI-mu",
"id": "P224445.l00459",
"ref": "P224445.4.2",
"inst": "šulmu[health]N",
"sig": "@saao/saa19%akk-x-neoass:DI-mu=šulmu[completeness//health]N'N$šulmu",
"f": {"lang": "akk-x-neoass",
"form": "DI-mu",
"cf": "šulmu",
"gw": "completeness",
"sense": "health",
"norm": "šulmu",
"pos": "N",
"epos": "N"}
}
,
{
"node": "l",
"frag": "a-na",
"id": "P224445.l0045a",
"ref": "P224445.4.3",
"inst": "ana[to]PRP",
"sig": "@saao/saa19%akk-x-neoass:a-na=ana[to//to]PRP'PRP$ana",
"f": {"lang": "akk-x-neoass",
"form": "a-na",
"cf": "ana",
"gw": "to",
"sense": "to",
"norm": "ana",
"pos": "PRP",
"epos": "PRP"}
}
,
{
"node": "l",
"frag": "LUGAL",
"id": "P224445.l0045b",
"ref": "P224445.4.4",
"inst": "šarri[king]N",
"sig": "@saao/saa19%akk-x-neoass:LUGAL=šarru[king//king]N'N$šarri",
"f": {"lang": "akk-x-neoass",
"form": "LUGAL",
"cf": "šarru",
"gw": "king",
"sense": "king",
"norm": "šarri",
"pos": "N",
"epos": "N"}
}
,
{
"node": "d",
"type": "line-start",
"ref": "P224445.5",
"n": "4",
"label": "o 4"}
,
{
"node": "l",
"frag": "EN-ia",
"id": "P224445.l0045c",
"ref": "P224445.5.1",
"inst": "bēlīya[lord]N",
"sig": "@saao/saa19%akk-x-neoass:EN-ia=bēlu[lord//lord]N'N$bēlīya",
"f": {"lang": "akk-x-neoass",
"form": "EN-ia",
"cf": "bēlu",
"gw": "lord",
"sense": "lord",
"norm": "bēlīya",
"pos": "N",
"epos": "N"}
}
,
{
"node": "d",
"type": "nonx",
"ref": "P224445.6",
"strict": "0",
"state": "other"}
,
{
"node": "d",
"type": "line-start",
"ref": "P224445.7",
"n": "5",
"label": "o 5"}
,
{
"node": "l",
"frag": "ina",
"id": "P224445.l0045d",
"ref": "P224445.7.1",
"inst": "ina[in+=concerning]PRP",
"sig": "@saao/saa19%akk-x-neoass:ina=ina[in//in]PRP'PRP$ina",
"f": {"lang": "akk-x-neoass",
"form": "ina",
"cf": "ina",
"gw": "in",
"sense": "in",
"norm": "ina",
"pos": "PRP",
"epos": "PRP"}
}
,
{
"node": "l",
"frag": "UGU",
"id": "P224445.l0045e",
"ref": "P224445.7.2",
"inst": "muhhi[skull]N",
"sig": "@saao/saa19%akk-x-neoass:UGU=muhhu[skull//skull]N'N$muhhi",
"f": {"lang": "akk-x-neoass",
"form": "UGU",
"cf": "muhhu",
"gw": "skull",
"sense": "skull",
"norm": "muhhi",
"pos": "N",
"epos": "N"}
}
,
{
"node": "l",
"frag": "{lu₂v}ERIM-MEŠ",
"id": "P224445.l0045f",
"ref": "P224445.7.3",
"inst": "ṣābāni[troops]N",
"sig": "@saao/saa19%akk-x-neoass:{LU₂}ERIM-MEŠ=ṣābu[people//troops]N'N$ṣābāni",
"f": {"lang": "akk-x-neoass",
"form": "{LU₂}ERIM-MEŠ",
"cf": "ṣābu",
"gw": "people",
"sense": "troops",
"norm": "ṣābāni",
"pos": "N",
"epos": "N"}
}
,
{
"node": "d",
"type": "line-start",
"ref": "P224445.8",
"n": "6",
"label": "o 6"}
,
{
"node": "l",
"frag": "{kur}ar₂-ma-a-a",
"id": "P224445.l00460",
"ref": "P224445.8.1",
"inst": "+Armaya[Aramean]EN$",
"sig": "@saao/saa19%akk-x-neoass:{KUR}ar₂-ma-a-a=Armaya[Aramean//Aramean]EN'EN$Armaya",
"f": {"lang": "akk-x-neoass",
"form": "{KUR}ar₂-ma-a-a",
"cf": "Armaya",
"gw": "Aramean",
"sense": "Aramean",
"norm": "Armaya",
"pos": "EN",
"epos": "EN"}
}
,
{
"node": "d",
"type": "line-start",
"ref": "P224445.9",
"n": "7",
"label": "o 7"}
,
{
"node": "l",
"frag": "ša",
"id": "P224445.l00461",
"ref": "P224445.9.1",
"inst": "ša[who]REL",
"sig": "@saao/saa19%akk-x-neoass:ša=ša[that//who]REL'REL$ša",
"f": {"lang": "akk-x-neoass",
"form": "ša",
"cf": "ša",
"gw": "that",
"sense": "who",
"norm": "ša",
"pos": "REL",
"epos": "REL"}
}
,
{
"node": "l",
"frag": "LUGAL",
"id": "P224445.l00462",
"ref": "P224445.9.2",
"inst": "šarru[king]N",
"sig": "@saao/saa19%akk-x-neoass:LUGAL=šarru[king//king]N'N$šarri",
"f": {"lang": "akk-x-neoass",
"form": "LUGAL",
"cf": "šarru",
"gw": "king",
"sense": "king",
"norm": "šarri",
"pos": "N",
"epos": "N"}
}
,
{
"node": "l",
"frag": "be-li₂",
"id": "P224445.l00463",
"ref": "P224445.9.3",
"inst": "bēlī[lord]N",
"sig": "@saao/saa19%akk-x-neoass:be-li₂=bēlu[lord//lord]N'N$bēlī",
"f": {"lang": "akk-x-neoass",
"form": "be-li₂",
"cf": "bēlu",
"gw": "lord",
"sense": "lord",
"norm": "bēlī",
"pos": "N",
"epos": "N"}
}
,
{
"node": "d",
"type": "line-start",
"ref": "P224445.10",
"n": "8",
"label": "o 8"}
,
{
"node": "l",
"frag": "iš-pur-an-ni",
"id": "P224445.l00464",
"ref": "P224445.10.1",
"inst": "išpuranni[write]V",
"sig": "@saao/saa19%akk-x-neoass:iš-pur-an-ni=šapāru[send//write]V'V$išpuranni",
"f": {"lang": "akk-x-neoass",
"form": "iš-pur-an-ni",
"cf": "šapāru",
"gw": "send",
"sense": "write",
"norm": "išpuranni",
"pos": "V",
"epos": "V"}
}
,
{
"node": "d",
"type": "line-start",
"ref": "P224445.11",
"n": "9",
"label": "o 9"}
,
{
"node": "l",
"frag": "ma-a",
"id": "P224445.l00465",
"ref": "P224445.11.1",
"inst": "mā[saying]PRP",
"sig": "@saao/saa19%akk-x-neoass:ma-a=mā[saying//saying]PRP'PRP$mā",
"f": {"lang": "akk-x-neoass",
"form": "ma-a",
"cf": "mā",
"gw": "saying",
"sense": "saying",
"norm": "mā",
"pos": "PRP",
"epos": "PRP"}
}
,
{
"node": "l",
"frag": "ša₂-aṣ-bi-su-nu",
"id": "P224445.l00466",
"ref": "P224445.11.2",
"inst": "+ṣabātu[seize//provide]V$šaṣbissunu",
"sig": "@saao/saa19%akk-x-neoass:ša₂-aṣ-bi-su-nu=ṣabātu[seize//provide]V'V$šaṣbissunu",
"f": {"lang": "akk-x-neoass",
"form": "ša₂-aṣ-bi-su-nu",
"cf": "ṣabātu",
"gw": "seize",
"sense": "provide",
"norm": "šaṣbissunu",
"pos": "V",
"epos": "V"}
}
,
{
"node": "d",
"type": "line-start",
"ref": "P224445.12",
"n": "10",
"label": "o 10"}
,
{
"node": "l",
"frag": "ma",
"id": "P224445.l00467",
"ref": "P224445.12.1",
"inst": "mā[saying]PRP",
"sig": "@saao/saa19%akk-x-neoass:ma=mā[saying//saying]PRP'PRP$mā",
"f": {"lang": "akk-x-neoass",
"form": "ma",
"cf": "mā",
"gw": "saying",
"sense": "saying",
"norm": "mā",
"pos": "PRP",
"epos": "PRP"}
}
,
{
"node": "l",
"frag": "a-na",
"id": "P224445.l00468",
"ref": "P224445.12.2",
"inst": "ana[to]PRP",
"sig": "@saao/saa19%akk-x-neoass:a-na=ana[to//to]PRP'PRP$ana",
"f": {"lang": "akk-x-neoass",
"form": "a-na",
"cf": "ana",
"gw": "to",
"sense": "to",
"norm": "ana",
"pos": "PRP",
"epos": "PRP"}
}
,
{
"node": "l",
"frag": "KASKAL",
"id": "P224445.l00469",
"ref": "P224445.12.3",
"inst": "+hūlu[way//campaign]N$hūli",
"sig": "@saao/saa19%akk-x-neoass:KASKAL=hūlu[way//campaign]N'N$hūli",
"f": {"lang": "akk-x-neoass",
"form": "KASKAL",
"cf": "hūlu",
"gw": "way",
"sense": "campaign",
"norm": "hūli",
"pos": "N",
"epos": "N"}
}
,
{
"node": "d",
"subtype": "bottom",
"type": "surface",
"ref": "P224445.b.e..13",
"type": "bottom",
"label": "b.e."}
,
{
"node": "d",
"type": "line-start",
"ref": "P224445.14",
"n": "11",
"label": "b.e. 11"}
,
{
"node": "l",
"frag": "il-lu-ku",
"id": "P224445.l0046a",
"ref": "P224445.14.1",
"inst": "illuku[go]V",
"sig": "@saao/saa19%akk-x-neoass:il-lu-ku=alāku[go//go]V'V$illuku",
"f": {"lang": "akk-x-neoass",
"form": "il-lu-ku",
"cf": "alāku",
"gw": "go",
"sense": "go",
"norm": "illuku",
"pos": "V",
"epos": "V"}
}
,
{
"node": "d",
"type": "line-start",
"ref": "P224445.15",
"n": "12",
"label": "b.e. 12"}
,
{
"node": "l",
"frag": "e-ṣi-di-su-nu",
"id": "P224445.l0046b",
"ref": "P224445.15.1",
"inst": "+eṣidītu[provisions]N$eṣidīssunu",
"sig": "@saao/saa19%akk-x-neoass:e-ṣi-di-su-nu=eṣidītu[provisions//provisions]N'N$eṣidīssunu",
"f": {"lang": "akk-x-neoass",
"form": "e-ṣi-di-su-nu",
"cf": "eṣidītu",
"gw": "provisions",
"sense": "provisions",
"norm": "eṣidīssunu",
"pos": "N",
"epos": "N"}
}
,
{
"node": "d",
"subtype": "reverse",
"type": "surface",
"ref": "P224445.r.16",
"type": "reverse",
"label": "r"}
,
{
"node": "d",
"type": "line-start",
"ref": "P224445.17",
"n": "1",
"label": "r 1"}
,
{
"node": "l",
"frag": "{tug₂}sa-a-gu",
"id": "P224445.l0046c",
"ref": "P224445.17.1",
"inst": "+sāgu[(a skirt)//sackcloth]N$",
"sig": "@saao/saa19%akk-x-neoass:{TUG₂}sa-a-gu=sāgu[(a skirt)//sackcloth]N'N$sāgu",
"f": {"lang": "akk-x-neoass",
"form": "{TUG₂}sa-a-gu",
"cf": "sāgu",
"gw": "(a skirt)",
"sense": "sackcloth",
"norm": "sāgu",
"pos": "N",
"epos": "N"}
}
,
{
"node": "d",
"type": "line-start",
"ref": "P224445.18",
"n": "2",
"label": "r 2"}
,
{
"node": "l",
"frag": "{kuš}hi-in-tu₂",
"id": "P224445.l0046d",
"ref": "P224445.18.1",
"inst": "+himtu[leather skin//leather bag]N$hintu",
"sig": "@saao/saa19%akk-x-neoass:{KUŠ}hi-in-tu₂=himtu[leather skin//leather bag]N'N$hintu",
"f": {"lang": "akk-x-neoass",
"form": "{KUŠ}hi-in-tu₂",
"cf": "himtu",
"gw": "leather skin",
"sense": "leather bag",
"norm": "hintu",
"pos": "N",
"epos": "N"}
}
,
{
"node": "d",
"type": "line-start",
"ref": "P224445.19",
"n": "3",
"label": "r 3"}
,
{
"node": "l",
"frag": "{kuš}E.SIR",
"id": "P224445.l0046e",
"ref": "P224445.19.1",
"inst": "+mešēnu[sandal]N$mašennu",
"sig": "@saao/saa19%akk-x-neoass:{KUŠ}E.SIR=mešēnu[sandal//sandal]N'N$mašennu",
"f": {"lang": "akk-x-neoass",
"form": "{KUŠ}E.SIR",
"cf": "mešēnu",
"gw": "sandal",
"sense": "sandal",
"norm": "mašennu",
"pos": "N",
"epos": "N"}
}
,
{
"node": "d",
"type": "line-start",
"ref": "P224445.20",
"n": "4",
"label": "r 4"}
,
{
"node": "l",
"frag": "I₃-MEŠ",
"id": "P224445.l0046f",
"ref": "P224445.20.1",
"inst": "šamnī[oil]N",
"sig": "@saao/saa19%akk-x-neoass:I₃-MEŠ=šamnu[oil//oil]N'N$šamnī",
"f": {"lang": "akk-x-neoass",
"form": "I₃-MEŠ",
"cf": "šamnu",
"gw": "oil",
"sense": "oil",
"norm": "šamnī",
"pos": "N",
"epos": "N"}
}
,
{
"node": "l",
"frag": "a-da-na-šu₂-nu",
"id": "P224445.l00470",
"ref": "P224445.20.2",
"inst": "addanaššunu[give]V",
"sig": "@saao/saa19%akk-x-neoass:a-da-na-šu₂-nu=tadānu[give//give]V'V$addanaššunu",
"f": {"lang": "akk-x-neoass",
"form": "a-da-na-šu₂-nu",
"cf": "tadānu",
"gw": "give",
"sense": "give",
"norm": "addanaššunu",
"pos": "V",
"epos": "V"}
}
,
{
"node": "d",
"type": "line-start",
"ref": "P224445.21",
"n": "5",
"label": "r 5"}
,
{
"node": "l",
"frag": "ANŠE.NITA₂-MEŠ-ia",
"id": "P224445.l00471",
"ref": "P224445.21.1",
"inst": "+imēru[donkey]N$imārīya",
"sig": "@saao/saa19%akk-x-neoass:ANŠE.NITA₂-MEŠ-ia=imēru[donkey//donkey]N'N$imārīya",
"f": {"lang": "akk-x-neoass",
"form": "ANŠE.NITA₂-MEŠ-ia",
"cf": "imēru",
"gw": "donkey",
"sense": "donkey",
"norm": "imārīya",
"pos": "N",
"epos": "N"}
}
,
{
"node": "d",
"type": "line-start",
"ref": "P224445.22",
"n": "6",
"label": "r 6"}
,
{
"node": "l",
"frag": "la-aš₂-šu₂",
"id": "P224445.l00472",
"ref": "P224445.22.1",
"inst": "laššu[(there) is not]V",
"sig": "@saao/saa19%akk-x-neoass:la-aš₂-šu₂=laššu[(there) is not//(there) is not]V'V$laššu",
"f": {"lang": "akk-x-neoass",
"form": "la-aš₂-šu₂",
"cf": "laššu",
"gw": "(there) is not",
"sense": "(there) is not",
"norm": "laššu",
"pos": "V",
"epos": "V"}
}
,
{
"node": "d",
"type": "line-start",
"ref": "P224445.23",
"n": "7",
"label": "r 7"}
,
{
"node": "l",
"frag": "TA@v",
"id": "P224445.l00473",
"ref": "P224445.23.1",
"inst": "issu[from]PRP",
"sig": "@saao/saa19%akk-x-neoass:TA@v=ištu[from//from]PRP'PRP$issu",
"f": {"lang": "akk-x-neoass",
"form": "TA@v",
"cf": "ištu",
"gw": "from",
"sense": "from",
"norm": "issu",
"pos": "PRP",
"epos": "PRP"}
}
,
{
"node": "l",
"frag": "ma-ṣi-en",
"id": "P224445.l00474",
"ref": "P224445.23.2",
"inst": "+maṣû[correspond//if really]V'SBJ$maṣin",
"sig": "@saao/saa19%akk-x-neoass:ma-ṣi-en=maṣû[correspond//if really]V'SBJ$maṣin",
"f": {"lang": "akk-x-neoass",
"form": "ma-ṣi-en",
"cf": "maṣû",
"gw": "correspond",
"sense": "if really",
"norm": "maṣin",
"pos": "V",
"epos": "SBJ"}
}
,
{
"node": "d",
"type": "line-start",
"ref": "P224445.24",
"n": "8",
"label": "r 8"}
,
{
"node": "l",
"frag": "ANŠE.NITA₂-MEŠ-ia",
"id": "P224445.l00475",
"ref": "P224445.24.1",
"inst": "imārīya[donkey]N",
"sig": "@saao/saa19%akk-x-neoass:ANŠE.NITA₂-MEŠ-ia=imēru[donkey//donkey]N'N$imārīya",
"f": {"lang": "akk-x-neoass",
"form": "ANŠE.NITA₂-MEŠ-ia",
"cf": "imēru",
"gw": "donkey",
"sense": "donkey",
"norm": "imārīya",
"pos": "N",
"epos": "N"}
}
,
{
"node": "d",
"type": "line-start",
"ref": "P224445.25",
"n": "9",
"label": "r 9"}
,
{
"node": "l",
"frag": "i-ba-šu₂-u-ni",
"id": "P224445.l00476",
"ref": "P224445.25.1",
"inst": "ibaššûni[exist]V",
"sig": "@saao/saa19%akk-x-neoass:i-ba-šu₂-u-ni=bašû[exist//exist]V'V$ibaššûni",
"f": {"lang": "akk-x-neoass",
"form": "i-ba-šu₂-u-ni",
"cf": "bašû",
"gw": "exist",
"sense": "exist",
"norm": "ibaššûni",
"pos": "V",
"epos": "V"}
}
,
{
"node": "d",
"type": "line-start",
"ref": "P224445.26",
"n": "10",
"label": "r 10"}
,
{
"node": "l",
"frag": "{giš}qir-si-ia-ma",
"id": "P224445.l00477",
"ref": "P224445.26.1",
"inst": "+qirsu[cart]N$qirsīyāma",
"sig": "@saao/saa19%akk-x-neoass:{GIŠ}qir-si-ia-ma=qirsu[cart//cart]N'N$qirsīyāma",
"f": {"lang": "akk-x-neoass",
"form": "{GIŠ}qir-si-ia-ma",
"cf": "qirsu",
"gw": "cart",
"sense": "cart",
"norm": "qirsīyāma",
"pos": "N",
"epos": "N"}
}
,
{
"node": "d",
"type": "line-start",
"ref": "P224445.27",
"n": "11",
"label": "r 11"}
,
{
"node": "l",
"frag": "a-na",
"id": "P224445.l00478",
"ref": "P224445.27.1",
"inst": "ana[to]PRP",
"sig": "@saao/saa19%akk-x-neoass:a-na=ana[to//to]PRP'PRP$ana",
"f": {"lang": "akk-x-neoass",
"form": "a-na",
"cf": "ana",
"gw": "to",
"sense": "to",
"norm": "ana",
"pos": "PRP",
"epos": "PRP"}
}
,
{
"node": "l",
"frag": "KASKAL",
"id": "P224445.l00479",
"ref": "P224445.27.2",
"inst": "+hūlu[way//campaign]N$hūli",
"sig": "@saao/saa19%akk-x-neoass:KASKAL=hūlu[way//campaign]N'N$hūli",
"f": {"lang": "akk-x-neoass",
"form": "KASKAL",
"cf": "hūlu",
"gw": "way",
"sense": "campaign",
"norm": "hūli",
"pos": "N",
"epos": "N"}
}
,
{
"node": "d",
"subtype": "right",
"type": "surface",
"ref": "P224445.r.e..28",
"type": "right",
"label": "r.e."}
,
{
"node": "d",
"type": "line-start",
"ref": "P224445.29",
"n": "12",
"label": "r.e. 12"}
,
{
"node": "l",
"frag": "la-am-⸢tu-uh⸣",
"id": "P224445.l0047a",
"ref": "P224445.29.1",
"inst": "+matāhu[lift//pick up]V$lamtuh",
"sig": "@saao/saa19%akk-x-neoass:la-am-tu-uh=matāhu[lift//pick up]V'V$lamtuh",
"f": {"lang": "akk-x-neoass",
"form": "la-am-tu-uh",
"cf": "matāhu",
"gw": "lift",
"sense": "pick up",
"norm": "lamtuh",
"pos": "V",
"epos": "V"}
}
]}
]}
]}
]}
