{
"type": "cdl",
  "source": "http://oracc.org/saao/saa19",
  "license": "This data is released under the CC0 license",
  "license-url": "https://creativecommons.org/publicdomain/zero/1.0/",
  "more-info": "http://oracc.org/doc/opendata/",
  "UTC-timestamp": "2017-05-19T12:03:44",
"project": "saao/saa19",
"textid": "P224442",
"cdl": [
{
"node": "c",
"type": "text",
"id": "P224442.U0",
"cdl": [
{
"node": "d",
"type": "object",
"ref": ""}
,
{
"node": "d",
"subtype": "obverse",
"type": "surface",
"ref": "P224442.o.1",
"type": "obverse",
"label": "o"}
,
{
"node": "d",
"type": "nonx",
"ref": "P224442.2",
"strict": "0",
"extent": "beginning",
"state": "missing"}
,
{
"node": "c",
"type": "discourse",
"subtype": "body",
"id": "P224442.U1",
"cdl": [
{
"node": "c",
"type": "sentence",
"id": "P224442.U2",
"label": "o 1' - r 14",
"cdl": [
{
"node": "d",
"type": "line-start",
"ref": "P224442.3",
"n": "1'",
"label": "o 1'"}
,
{
"node": "l",
"frag": "⸢LUGAL",
"id": "P224442.l0347f",
"ref": "P224442.3.1",
"inst": "šarru[king]N",
"sig": "@saao/saa19%akk-x-neobab:LUGAL=šarru[king//king]N'N$šarru",
"f": {"lang": "akk-x-neobab",
"form": "LUGAL",
"cf": "šarru",
"gw": "king",
"sense": "king",
"norm": "šarru",
"pos": "N",
"epos": "N"}
}
,
{
"node": "l",
"frag": "be-li₂⸣",
"id": "P224442.l03480",
"ref": "P224442.3.2",
"inst": "bēlī[lord]N",
"sig": "@saao/saa19%akk-x-neobab:be-li₂=bēlu[lord//lord]N'N$bēlī",
"f": {"lang": "akk-x-neobab",
"form": "be-li₂",
"cf": "bēlu",
"gw": "lord",
"sense": "lord",
"norm": "bēlī",
"pos": "N",
"epos": "N"}
}
,
{
"node": "l",
"frag": "[x",
"id": "P224442.l03481",
"ref": "P224442.3.3",
"inst": "u",
"f": {"lang": "akk-x-neobab",
"form": "x",
"pos": "u"}
}
,
{
"node": "l",
"frag": "x",
"id": "P224442.l03482",
"ref": "P224442.3.4",
"inst": "u",
"f": {"lang": "akk-x-neobab",
"form": "x",
"pos": "u"}
}
,
{
"node": "l",
"frag": "x",
"id": "P224442.l03483",
"ref": "P224442.3.5",
"inst": "u",
"f": {"lang": "akk-x-neobab",
"form": "x",
"pos": "u"}
}
,
{
"node": "l",
"frag": "x",
"id": "P224442.l03484",
"ref": "P224442.3.6",
"inst": "u",
"f": {"lang": "akk-x-neobab",
"form": "x",
"pos": "u"}
}
,
{
"node": "l",
"frag": "x",
"id": "P224442.l03485",
"ref": "P224442.3.7",
"inst": "u",
"f": {"lang": "akk-x-neobab",
"form": "x",
"pos": "u"}
}
,
{
"node": "l",
"frag": "x",
"id": "P224442.l03486",
"ref": "P224442.3.8",
"inst": "u",
"f": {"lang": "akk-x-neobab",
"form": "x",
"pos": "u"}
}
,
{
"node": "l",
"frag": "x]",
"id": "P224442.l03487",
"ref": "P224442.3.9",
"inst": "u",
"f": {"lang": "akk-x-neobab",
"form": "x",
"pos": "u"}
}
,
{
"node": "d",
"type": "line-start",
"ref": "P224442.4",
"n": "2'",
"label": "o 2'"}
,
{
"node": "l",
"frag": "mi-ti-ia",
"id": "P224442.l03488",
"ref": "P224442.4.1",
"inst": "+mītu[dead//dead one]AJ'N$mītīya",
"sig": "@saao/saa19%akk-x-neobab:mi-ti-ia=mītu[dead//dead one]AJ'N$mītīya",
"f": {"lang": "akk-x-neobab",
"form": "mi-ti-ia",
"cf": "mītu",
"gw": "dead",
"sense": "dead one",
"norm": "mītīya",
"pos": "AJ",
"epos": "N"}
}
,
{
"node": "l",
"frag": "⸢x",
"id": "P224442.l03489",
"ref": "P224442.4.2",
"inst": "u",
"f": {"lang": "akk-x-neobab",
"form": "x",
"pos": "u"}
}
,
{
"node": "l",
"frag": "x",
"id": "P224442.l0348a",
"ref": "P224442.4.3",
"inst": "u",
"f": {"lang": "akk-x-neobab",
"form": "x",
"pos": "u"}
}
,
{
"node": "l",
"frag": "x⸣+[x",
"id": "P224442.l0348b",
"ref": "P224442.4.4",
"inst": "u",
"f": {"lang": "akk-x-neobab",
"form": "x+x",
"pos": "u"}
}
,
{
"node": "l",
"frag": "x",
"id": "P224442.l0348c",
"ref": "P224442.4.5",
"inst": "u",
"f": {"lang": "akk-x-neobab",
"form": "x",
"pos": "u"}
}
,
{
"node": "l",
"frag": "x",
"id": "P224442.l0348d",
"ref": "P224442.4.6",
"inst": "u",
"f": {"lang": "akk-x-neobab",
"form": "x",
"pos": "u"}
}
,
{
"node": "l",
"frag": "x",
"id": "P224442.l0348e",
"ref": "P224442.4.7",
"inst": "u",
"f": {"lang": "akk-x-neobab",
"form": "x",
"pos": "u"}
}
,
{
"node": "l",
"frag": "x]",
"id": "P224442.l0348f",
"ref": "P224442.4.8",
"inst": "u",
"f": {"lang": "akk-x-neobab",
"form": "x",
"pos": "u"}
}
,
{
"node": "d",
"type": "line-start",
"ref": "P224442.5",
"n": "3'",
"label": "o 3'"}
,
{
"node": "l",
"frag": "ṭe₃-ma-a",
"id": "P224442.l03490",
"ref": "P224442.5.1",
"inst": "+ṭēmu[(fore)thought//report]N'N$ṭēmā",
"sig": "@saao/saa19%akk-x-neobab:ṭe₃-ma-a=ṭēmu[(fore)thought//report]N'N$ṭēmā",
"f": {"lang": "akk-x-neobab",
"form": "ṭe₃-ma-a",
"cf": "ṭēmu",
"gw": "(fore)thought",
"sense": "report",
"norm": "ṭēmā",
"pos": "N",
"epos": "N"}
}
,
{
"node": "l",
"frag": "la-pa-an",
"id": "P224442.l03491",
"ref": "P224442.5.2",
"inst": "+lapān[in front of//from]PRP$la-pān",
"sig": "@saao/saa19%akk-x-neobab:la-pa-an=lapān[in front of//from]PRP'PRP$la-pān",
"f": {"lang": "akk-x-neobab",
"form": "la-pa-an",
"cf": "lapān",
"gw": "in front of",
"sense": "from",
"norm": "la-pān",
"pos": "PRP",
"epos": "PRP"}
}
,
{
"node": "l",
"frag": "⸢LUGAL⸣",
"id": "P224442.l03492",
"ref": "P224442.5.3",
"inst": "šarri[king]N",
"sig": "@saao/saa19%akk-x-neobab:LUGAL=šarru[king//king]N'N$šarri",
"f": {"lang": "akk-x-neobab",
"form": "LUGAL",
"cf": "šarru",
"gw": "king",
"sense": "king",
"norm": "šarri",
"pos": "N",
"epos": "N"}
}
,
{
"node": "l",
"frag": "[ip-te-es-nu]",
"id": "P224442.l03493",
"ref": "P224442.5.4",
"inst": "+pesēnu[cover up//conceal]V'V$iptesnu",
"sig": "@saao/saa19%akk-x-neobab:ip-te-es-nu=pesēnu[cover up//conceal]V'V$iptesnu",
"f": {"lang": "akk-x-neobab",
"form": "ip-te-es-nu",
"cf": "pesēnu",
"gw": "cover up",
"sense": "conceal",
"norm": "iptesnu",
"pos": "V",
"epos": "V"}
}
,
{
"node": "d",
"type": "line-start",
"ref": "P224442.6",
"n": "4'",
"label": "o 4'"}
,
{
"node": "l",
"frag": "u₃",
"id": "P224442.l03494",
"ref": "P224442.6.1",
"inst": "u[and]CNJ",
"sig": "@saao/saa19%akk-x-neobab:u₃=u[and//and]CNJ'CNJ$u",
"f": {"lang": "akk-x-neobab",
"form": "u₃",
"cf": "u",
"gw": "and",
"sense": "and",
"norm": "u",
"pos": "CNJ",
"epos": "CNJ"}
}
,
{
"node": "l",
"frag": "KUD",
"id": "P224442.l03495",
"ref": "P224442.6.2",
"inst": "u",
"f": {"lang": "akk-x-neobab",
"form": "KUD",
"pos": "u"}
}
,
{
"node": "l",
"frag": "a",
"id": "P224442.l03496",
"ref": "P224442.6.3",
"inst": "u",
"f": {"lang": "akk-x-neobab",
"form": "a",
"pos": "u"}
}
,
{
"node": "l",
"frag": "⸢da⸣",
"id": "P224442.l03497",
"ref": "P224442.6.4",
"inst": "u",
"f": {"lang": "akk-x-neobab",
"form": "da",
"pos": "u"}
}
,
{
"node": "l",
"frag": "ra",
"id": "P224442.l03498",
"ref": "P224442.6.5",
"inst": "u",
"f": {"lang": "akk-x-neobab",
"form": "ra",
"pos": "u"}
}
,
{
"node": "l",
"frag": "⸢a-na",
"id": "P224442.l03499",
"ref": "P224442.6.6",
"inst": "+ana[to+=to]PRP$",
"sig": "@saao/saa19%akk-x-neobab:a-na=ana[to//to]PRP'PRP$ana",
"f": {"lang": "akk-x-neobab",
"form": "a-na",
"cf": "ana",
"gw": "to",
"sense": "to",
"norm": "ana",
"pos": "PRP",
"epos": "PRP"}
}
,
{
"node": "l",
"frag": "pa⸣-[an",
"id": "P224442.l0349a",
"ref": "P224442.6.7",
"inst": "+pānu[front]N$pān",
"sig": "@saao/saa19%akk-x-neobab:pa-an=pānu[front//front]N'N$pān",
"f": {"lang": "akk-x-neobab",
"form": "pa-an",
"cf": "pānu",
"gw": "front",
"sense": "front",
"norm": "pān",
"pos": "N",
"epos": "N"}
}
,
{
"node": "l",
"frag": "LUGAL",
"id": "P224442.l0349b",
"ref": "P224442.6.8",
"inst": "šarri[king]N",
"sig": "@saao/saa19%akk-x-neobab:LUGAL=šarru[king//king]N'N$šarri",
"f": {"lang": "akk-x-neobab",
"form": "LUGAL",
"cf": "šarru",
"gw": "king",
"sense": "king",
"norm": "šarri",
"pos": "N",
"epos": "N"}
}
,
{
"node": "l",
"frag": "be]-⸢li₂-ia₂⸣",
"id": "P224442.l0349c",
"ref": "P224442.6.9",
"inst": "bēlīya[lord]N",
"sig": "@saao/saa19%akk-x-neobab:be-li₂-ia₂=bēlu[lord//lord]N'N$bēlīya",
"f": {"lang": "akk-x-neobab",
"form": "be-li₂-ia₂",
"cf": "bēlu",
"gw": "lord",
"sense": "lord",
"norm": "bēlīya",
"pos": "N",
"epos": "N"}
}
,
{
"node": "d",
"type": "line-start",
"ref": "P224442.7",
"n": "5'",
"label": "o 5'"}
,
{
"node": "l",
"frag": "la",
"id": "P224442.l0349d",
"ref": "P224442.7.1",
"inst": "lā[not]MOD",
"sig": "@saao/saa19%akk-x-neobab:la=lā[not//not]MOD'MOD$lā",
"f": {"lang": "akk-x-neobab",
"form": "la",
"cf": "lā",
"gw": "not",
"sense": "not",
"norm": "lā",
"pos": "MOD",
"epos": "MOD"}
}
,
{
"node": "l",
"frag": "⸢il⸣-la-⸢ka",
"id": "P224442.l0349e",
"ref": "P224442.7.2",
"inst": "illaka[come]V",
"sig": "@saao/saa19%akk-x-neobab:il-la-ka=alāku[go//come]V'V$illaka",
"f": {"lang": "akk-x-neobab",
"form": "il-la-ka",
"cf": "alāku",
"gw": "go",
"sense": "come",
"norm": "illaka",
"pos": "V",
"epos": "V"}
}
,
{
"node": "c",
"type": "phrase",
"tag": "phr",
"id": "P224442.U4",
"ref": "P224442.ls00000",
"cdl": [
{
"node": "l",
"frag": "ul-tu₂⸣",
"id": "P224442.l0349f",
"ref": "P224442.7.3",
"inst": "+ištu[from+=because of]PRP$ultu",
"sig": "@saao/saa19%akk-x-neobab:ul-tu₂=ištu[from//from]PRP'PRP$ultu",
"f": {"lang": "akk-x-neobab",
"form": "ul-tu₂",
"cf": "ištu",
"gw": "from",
"sense": "from",
"norm": "ultu",
"pos": "PRP",
"epos": "PRP"}
}
,
{
"node": "l",
"frag": "UGU-hi",
"id": "P224442.l034a0",
"ref": "P224442.7.4",
"inst": "+muhhu[skull]N$muhhi",
"sig": "@saao/saa19%akk-x-neobab:UGU-hi=muhhu[skull//skull]N'N$muhhi",
"f": {"lang": "akk-x-neobab",
"form": "UGU-hi",
"cf": "muhhu",
"gw": "skull",
"sense": "skull",
"norm": "muhhi",
"pos": "N",
"epos": "N"}
}
]}
,
{
"node": "d",
"type": "line-start",
"ref": "P224442.8",
"n": "6'",
"label": "o 6'"}
,
{
"node": "l",
"frag": "a-⸢gan-nim⸣-ma",
"id": "P224442.l034a1",
"ref": "P224442.8.1",
"inst": "+agannû[these//this]DP$agannîmma",
"sig": "@saao/saa19%akk-x-neobab:a-gan-nim-ma=agannû[these//this]DP'DP$agannîmma",
"f": {"lang": "akk-x-neobab",
"form": "a-gan-nim-ma",
"cf": "agannû",
"gw": "these",
"sense": "this",
"norm": "agannîmma",
"pos": "DP",
"epos": "DP"}
}
,
{
"node": "l",
"frag": "⸢LUGAL⸣",
"id": "P224442.l034a2",
"ref": "P224442.8.2",
"inst": "šarru[king]N",
"sig": "@saao/saa19%akk-x-neobab:LUGAL=šarru[king//king]N'N$šarru",
"f": {"lang": "akk-x-neobab",
"form": "LUGAL",
"cf": "šarru",
"gw": "king",
"sense": "king",
"norm": "šarru",
"pos": "N",
"epos": "N"}
}
,
{
"node": "l",
"frag": "be-li₂",
"id": "P224442.l034a3",
"ref": "P224442.8.3",
"inst": "bēlī[lord]N",
"sig": "@saao/saa19%akk-x-neobab:be-li₂=bēlu[lord//lord]N'N$bēlī",
"f": {"lang": "akk-x-neobab",
"form": "be-li₂",
"cf": "bēlu",
"gw": "lord",
"sense": "lord",
"norm": "bēlī",
"pos": "N",
"epos": "N"}
}
,
{
"node": "l",
"frag": "li-ih-su-us",
"id": "P224442.l034a4",
"ref": "P224442.8.4",
"inst": "+hasāsu[be(come) conscious]V$lihsus",
"sig": "@saao/saa19%akk-x-neobab:li-ih-su-us=hasāsu[be(come) conscious//be(come) conscious]V'V$lihsus",
"f": {"lang": "akk-x-neobab",
"form": "li-ih-su-us",
"cf": "hasāsu",
"gw": "be(come) conscious",
"sense": "be(come) conscious",
"norm": "lihsus",
"pos": "V",
"epos": "V"}
}
,
{
"node": "d",
"type": "line-start",
"ref": "P224442.9",
"n": "7'",
"label": "o 7'"}
,
{
"node": "l",
"frag": "ki-i",
"id": "P224442.l034a5",
"ref": "P224442.9.1",
"inst": "+kī[like//that]PRP'SBJ$kî",
"sig": "@saao/saa19%akk-x-neobab:ki-i=kī[like//that]PRP'SBJ$kî",
"f": {"lang": "akk-x-neobab",
"form": "ki-i",
"cf": "kī",
"gw": "like",
"sense": "that",
"norm": "kî",
"pos": "PRP",
"epos": "SBJ"}
}
,
{
"node": "l",
"frag": "mar-ṣa-[ku]",
"id": "P224442.l034a6",
"ref": "P224442.9.2",
"inst": "marṣāku[sick]AJ",
"sig": "@saao/saa19%akk-x-neobab:mar-ṣa-ku=marṣu[sick//sick]AJ'AJ$marṣāku",
"f": {"lang": "akk-x-neobab",
"form": "mar-ṣa-ku",
"cf": "marṣu",
"gw": "sick",
"sense": "sick",
"norm": "marṣāku",
"pos": "AJ",
"epos": "AJ"}
}
,
{
"node": "l",
"frag": "x",
"id": "P224442.l034a7",
"ref": "P224442.9.3",
"inst": "u",
"f": {"lang": "akk-x-neobab",
"form": "x",
"pos": "u"}
}
,
{
"node": "l",
"frag": "a",
"id": "P224442.l034a8",
"ref": "P224442.9.4",
"inst": "u",
"f": {"lang": "akk-x-neobab",
"form": "a",
"pos": "u"}
}
,
{
"node": "l",
"frag": "an",
"id": "P224442.l034a9",
"ref": "P224442.9.5",
"inst": "u",
"f": {"lang": "akk-x-neobab",
"form": "an",
"pos": "u"}
}
,
{
"node": "l",
"frag": "ni",
"id": "P224442.l034aa",
"ref": "P224442.9.6",
"inst": "u",
"f": {"lang": "akk-x-neobab",
"form": "ni",
"pos": "u"}
}
,
{
"node": "d",
"type": "line-start",
"ref": "P224442.10",
"n": "8'",
"label": "o 8'"}
,
{
"node": "l",
"frag": "ul-tu",
"id": "P224442.l034ab",
"ref": "P224442.10.1",
"inst": "+ultu[from//since]PRP'SBJ$",
"sig": "@saao/saa19%akk-x-neobab:ul-tu=ultu[from//since]PRP'SBJ$ultu",
"f": {"lang": "akk-x-neobab",
"form": "ul-tu",
"cf": "ultu",
"gw": "from",
"sense": "since",
"norm": "ultu",
"pos": "PRP",
"epos": "SBJ"}
}
,
{
"node": "l",
"frag": "{1}GIN-NUMUN",
"id": "P224442.l034ac",
"ref": "P224442.10.2",
"inst": "+Mukin-zeri[1]PN$",
"sig": "@saao/saa19%akk-x-neobab:{1}GIN-NUMUN=Mukin-zeri[1//1]PN'PN$Mukin-zeri",
"f": {"lang": "akk-x-neobab",
"form": "{1}GIN-NUMUN",
"cf": "Mukin-zeri",
"gw": "1",
"sense": "1",
"norm": "Mukin-zeri",
"pos": "PN",
"epos": "PN"}
}
,
{
"node": "l",
"frag": "ma-⸢dak-tu⸣",
"id": "P224442.l034ad",
"ref": "P224442.10.3",
"inst": "+madaktu[(military) camp]N$madāktu",
"sig": "@saao/saa19%akk-x-neobab:ma-dak-tu=madaktu[(military) camp//(military) camp]N'N$madāktu",
"f": {"lang": "akk-x-neobab",
"form": "ma-dak-tu",
"cf": "madaktu",
"gw": "(military) camp",
"sense": "military camp",
"norm": "madāktu",
"pos": "N",
"epos": "N"}
}
,
{
"node": "d",
"type": "line-start",
"ref": "P224442.11",
"n": "9'",
"label": "o 9'"}
,
{
"node": "l",
"frag": "a-na",
"id": "P224442.l034ae",
"ref": "P224442.11.1",
"inst": "+ana[to+=against]PRP$",
"sig": "@saao/saa19%akk-x-neobab:a-na=ana[to//to]PRP'PRP$ana",
"f": {"lang": "akk-x-neobab",
"form": "a-na",
"cf": "ana",
"gw": "to",
"sense": "to",
"norm": "ana",
"pos": "PRP",
"epos": "PRP"}
}
,
{
"node": "l",
"frag": "UGU-hi-ia",
"id": "P224442.l034af",
"ref": "P224442.11.2",
"inst": "+muhhu[skull]N$muhhīya",
"sig": "@saao/saa19%akk-x-neobab:UGU-hi-ia=muhhu[skull//skull]N'N$muhhīya",
"f": {"lang": "akk-x-neobab",
"form": "UGU-hi-ia",
"cf": "muhhu",
"gw": "skull",
"sense": "skull",
"norm": "muhhīya",
"pos": "N",
"epos": "N"}
}
,
{
"node": "l",
"frag": "ša₂-kan",
"id": "P224442.l034b0",
"ref": "P224442.11.3",
"inst": "+šaknu[placed]AJ$šakan",
"sig": "@saao/saa19%akk-x-neobab:ša₂-kan=šaknu[placed//placed]AJ'AJ$šakan",
"f": {"lang": "akk-x-neobab",
"form": "ša₂-kan",
"cf": "šaknu",
"gw": "placed",
"sense": "placed",
"norm": "šakan",
"pos": "AJ",
"epos": "AJ"}
}
,
{
"node": "l",
"frag": "ina",
"id": "P224442.l034b1",
"ref": "P224442.11.4",
"inst": "ina[in]PRP",
"sig": "@saao/saa19%akk-x-neobab:ina=ina[in//in]PRP'PRP$ina",
"f": {"lang": "akk-x-neobab",
"form": "ina",
"cf": "ina",
"gw": "in",
"sense": "in",
"norm": "ina",
"pos": "PRP",
"epos": "PRP"}
}
,
{
"node": "l",
"frag": "GIŠ.⸢MI",
"id": "P224442.l034b2",
"ref": "P224442.11.5",
"inst": "ṣilli[protection]N",
"sig": "@saao/saa19%akk-x-neobab:GIŠ.MI=ṣillu[shade//protection]N'N$ṣilli",
"f": {"lang": "akk-x-neobab",
"form": "GIŠ.MI",
"cf": "ṣillu",
"gw": "shade",
"sense": "protection",
"norm": "ṣilli",
"pos": "N",
"epos": "N"}
}
,
{
"node": "l",
"frag": "LUGAL⸣",
"id": "P224442.l034b3",
"ref": "P224442.11.6",
"inst": "šarri[king]N",
"sig": "@saao/saa19%akk-x-neobab:LUGAL=šarru[king//king]N'N$šarri",
"f": {"lang": "akk-x-neobab",
"form": "LUGAL",
"cf": "šarru",
"gw": "king",
"sense": "king",
"norm": "šarri",
"pos": "N",
"epos": "N"}
}
,
{
"node": "d",
"type": "line-start",
"ref": "P224442.12",
"n": "10'",
"label": "o 10'"}
,
{
"node": "l",
"frag": "⸢EN⸣-ia",
"id": "P224442.l034b4",
"ref": "P224442.12.1",
"inst": "bēlīya[lord]N",
"sig": "@saao/saa19%akk-x-neobab:EN-ia=bēlu[lord//lord]N'N$bēlīya",
"f": {"lang": "akk-x-neobab",
"form": "EN-ia",
"cf": "bēlu",
"gw": "lord",
"sense": "lord",
"norm": "bēlīya",
"pos": "N",
"epos": "N"}
}
,
{
"node": "l",
"frag": "ul",
"id": "P224442.l034b5",
"ref": "P224442.12.2",
"inst": "+ul[not]MOD$",
"sig": "@saao/saa19%akk-x-neobab:ul=ul[not//not]MOD'MOD$ul",
"f": {"lang": "akk-x-neobab",
"form": "ul",
"cf": "ul",
"gw": "not",
"sense": "not",
"norm": "ul",
"pos": "MOD",
"epos": "MOD"}
}
,
{
"node": "l",
"frag": "UŠ₂",
"id": "P224442.l034b6",
"ref": "P224442.12.3",
"inst": "+mâtu[die]V$amūt",
"sig": "@saao/saa19%akk-x-neobab:UŠ₂=mâtu[die//die]V'V$amūt",
"f": {"lang": "akk-x-neobab",
"form": "UŠ₂",
"cf": "mâtu",
"gw": "die",
"sense": "die",
"norm": "amūt",
"pos": "V",
"epos": "V"}
}
,
{
"node": "l",
"frag": "en-na",
"id": "P224442.l034b7",
"ref": "P224442.12.4",
"inst": "enna[now]AV",
"sig": "@saao/saa19%akk-x-neobab:en-na=enna[now//now]AV'AV$enna",
"f": {"lang": "akk-x-neobab",
"form": "en-na",
"cf": "enna",
"gw": "now",
"sense": "now",
"norm": "enna",
"pos": "AV",
"epos": "AV"}
}
,
{
"node": "c",
"type": "phrase",
"tag": "phr",
"id": "P224442.U5",
"ref": "P224442.ls00001",
"cdl": [
{
"node": "l",
"frag": "⸢am⸣-mi₃-ni",
"id": "P224442.l034b8",
"ref": "P224442.12.5",
"cof-tails": "P224442.l034b9",
"inst": "ana[to]PRP&mīnu[what?]QP$mīni",
"sig": "@saao/saa19%akk-x-neobab:am-mi₃-ni=ana[to//to]PRP'PRP$ana&&@saao/saa19%akk-x-neobab:=mīnu[what?//what?]QP'QP$mīni",
"f": {"lang": "akk-x-neobab",
"form": "am-mi₃-ni",
"cf": "ana",
"gw": "to",
"sense": "to",
"norm": "ana",
"pos": "PRP",
"epos": "PRP"}
}
,
{
"node": "l",
"frag": "⸢am⸣-mi₃-ni",
"id": "P224442.l034b9",
"ref": "P224442.12.5",
"cof-head": "P224442.l034b8",
"inst": "ana[to]PRP&mīnu[what?]QP$mīni",
"tail-sig": "@saao/saa19%akk-x-neobab:=mīnu[what?//what?]QP'QP$mīni",
"f": {"lang": "akk-x-neobab",
"form": "am-mi₃-ni",
"cf": "mīnu",
"gw": "what?",
"sense": "what?",
"norm": "mīni",
"pos": "QP",
"epos": "QP"}
}
]}
,
{
"node": "d",
"type": "line-start",
"ref": "P224442.13",
"n": "11'",
"label": "o 11'"}
,
{
"node": "l",
"frag": "i-na",
"id": "P224442.l034ba",
"ref": "P224442.13.1",
"inst": "ina[in]PRP",
"sig": "@saao/saa19%akk-x-neobab:i-na=ina[in//in]PRP'PRP$ina",
"f": {"lang": "akk-x-neobab",
"form": "i-na",
"cf": "ina",
"gw": "in",
"sense": "in",
"norm": "ina",
"pos": "PRP",
"epos": "PRP"}
}
,
{
"node": "l",
"frag": "hu-lu",
"id": "P224442.l034bb",
"ref": "P224442.13.2",
"inst": "+hūlu[way//road]N$",
"sig": "@saao/saa19%akk-x-neobab:hu-lu=hūlu[way//road]N'N$hūlu",
"f": {"lang": "akk-x-neobab",
"form": "hu-lu",
"cf": "hūlu",
"gw": "way",
"sense": "road",
"norm": "hūlu",
"pos": "N",
"epos": "N"}
}
,
{
"node": "l",
"frag": "uk-ku-šu₂",
"id": "P224442.l034bc",
"ref": "P224442.13.3",
"inst": "+kâšu[delay]V$ukkušu",
"sig": "@saao/saa19%akk-x-neobab:uk-ku-šu₂=kâšu[delay//delay]V'V$ukkušu",
"f": {"lang": "akk-x-neobab",
"form": "uk-ku-šu₂",
"cf": "kâšu",
"gw": "delay",
"sense": "delay",
"norm": "ukkušu",
"pos": "V",
"epos": "V"}
}
,
{
"node": "l",
"frag": "UD",
"id": "P224442.l034bd",
"ref": "P224442.13.4",
"inst": "ūm[day]N",
"sig": "@saao/saa19%akk-x-neobab:UD=ūmu[day//day]N'N$ūm",
"f": {"lang": "akk-x-neobab",
"form": "UD",
"cf": "ūmu",
"gw": "day",
"sense": "day",
"norm": "ūm",
"pos": "N",
"epos": "N"}
}
,
{
"node": "l",
"frag": "04-KAM⸣",
"id": "P224442.l034be",
"ref": "P224442.13.5",
"inst": "n",
"f": {"lang": "akk-x-neobab",
"form": "04-KAM",
"pos": "n"}
}
,
{
"node": "d",
"type": "line-start",
"ref": "P224442.14",
"n": "12'",
"label": "o 12'"}
,
{
"node": "l",
"frag": "NINDA-HI.A",
"id": "P224442.l034bf",
"ref": "P224442.14.1",
"inst": "+akalu[bread]N$aklū",
"sig": "@saao/saa19%akk-x-neobab:NINDA-HI.A=akalu[bread//bread]N'N$aklū",
"f": {"lang": "akk-x-neobab",
"form": "NINDA-HI.A",
"cf": "akalu",
"gw": "bread",
"sense": "bread",
"norm": "aklū",
"pos": "N",
"epos": "N"}
}
,
{
"node": "l",
"frag": "ul",
"id": "P224442.l034c0",
"ref": "P224442.14.2",
"inst": "ul[not]MOD",
"sig": "@saao/saa19%akk-x-neobab:ul=ul[not//not]MOD'MOD$ul",
"f": {"lang": "akk-x-neobab",
"form": "ul",
"cf": "ul",
"gw": "not",
"sense": "not",
"norm": "ul",
"pos": "MOD",
"epos": "MOD"}
}
,
{
"node": "l",
"frag": "al-hi-im",
"id": "P224442.l034c1",
"ref": "P224442.14.3",
"inst": "+lehēmu[consume]V$alhim",
"sig": "@saao/saa19%akk-x-neobab:al-hi-im=lehēmu[consume//consume]V'V$alhim",
"f": {"lang": "akk-x-neobab",
"form": "al-hi-im",
"cf": "lehēmu",
"gw": "consume",
"sense": "consume",
"norm": "alhim",
"pos": "V",
"epos": "V"}
}
,
{
"node": "l",
"frag": "LUGAL",
"id": "P224442.l034c2",
"ref": "P224442.14.4",
"inst": "šarru[king]N",
"sig": "@saao/saa19%akk-x-neobab:LUGAL=šarru[king//king]N'N$šarru",
"f": {"lang": "akk-x-neobab",
"form": "LUGAL",
"cf": "šarru",
"gw": "king",
"sense": "king",
"norm": "šarru",
"pos": "N",
"epos": "N"}
}
,
{
"node": "l",
"frag": "⸢be-li₂⸣-a",
"id": "P224442.l034c3",
"ref": "P224442.14.5",
"inst": "+bēlu[lord]N$bēlā",
"sig": "@saao/saa19%akk-x-neobab:be-li₂-a=bēlu[lord//lord]N'N$bēlā",
"f": {"lang": "akk-x-neobab",
"form": "be-li₂-a",
"cf": "bēlu",
"gw": "lord",
"sense": "lord",
"norm": "bēlā",
"pos": "N",
"epos": "N"}
}
,
{
"node": "d",
"type": "line-start",
"ref": "P224442.15",
"n": "13'",
"label": "o 13'"}
,
{
"node": "l",
"frag": "la",
"id": "P224442.l034c4",
"ref": "P224442.15.1",
"inst": "lā[not]MOD",
"sig": "@saao/saa19%akk-x-neobab:la=lā[not//not]MOD'MOD$lā",
"f": {"lang": "akk-x-neobab",
"form": "la",
"cf": "lā",
"gw": "not",
"sense": "not",
"norm": "lā",
"pos": "MOD",
"epos": "MOD"}
}
,
{
"node": "l",
"frag": "i-qab-bi",
"id": "P224442.l034c5",
"ref": "P224442.15.2",
"inst": "iqabbi[say]V",
"sig": "@saao/saa19%akk-x-neobab:i-qab-bi=qabû[say//say]V'V$iqabbi",
"f": {"lang": "akk-x-neobab",
"form": "i-qab-bi",
"cf": "qabû",
"gw": "say",
"sense": "say",
"norm": "iqabbi",
"pos": "V",
"epos": "V"}
}
,
{
"node": "l",
"frag": "um-ma",
"id": "P224442.l034c6",
"ref": "P224442.15.3",
"inst": "+umma[saying]PRP$",
"sig": "@saao/saa19%akk-x-neobab:um-ma=umma[saying//saying]PRP'PRP$umma",
"f": {"lang": "akk-x-neobab",
"form": "um-ma",
"cf": "umma",
"gw": "saying",
"sense": "saying",
"norm": "umma",
"pos": "PRP",
"epos": "PRP"}
}
,
{
"node": "l",
"frag": "⸢mi-nu⸣-u₂",
"id": "P224442.l034c7",
"ref": "P224442.15.4",
"inst": "+mīnu[what?]QP$minû",
"sig": "@saao/saa19%akk-x-neobab:mi-nu-u₂=mīnu[what?//what?]QP'QP$minû",
"f": {"lang": "akk-x-neobab",
"form": "mi-nu-u₂",
"cf": "mīnu",
"gw": "what?",
"sense": "what?",
"norm": "minû",
"pos": "QP",
"epos": "QP"}
}
,
{
"node": "d",
"type": "line-start",
"ref": "P224442.16",
"n": "14'",
"label": "o 14'"}
,
{
"node": "l",
"frag": "⸢šu-u₂",
"id": "P224442.l034c8",
"ref": "P224442.16.1",
"inst": "šû[it]IP",
"sig": "@saao/saa19%akk-x-neobab:šu-u₂=šū[he//it]IP'IP$šû",
"f": {"lang": "akk-x-neobab",
"form": "šu-u₂",
"cf": "šū",
"gw": "he",
"sense": "it",
"norm": "šû",
"pos": "IP",
"epos": "IP"}
}
,
{
"node": "l",
"frag": "mi⸣-nam-ma",
"id": "P224442.l034c9",
"ref": "P224442.16.2",
"inst": "+minamma[why?]QP$",
"sig": "@saao/saa19%akk-x-neobab:mi-nam-ma=minamma[why?//why?]QP'QP$minamma",
"f": {"lang": "akk-x-neobab",
"form": "mi-nam-ma",
"cf": "minamma",
"gw": "why?",
"sense": "why?",
"norm": "minamma",
"pos": "QP",
"epos": "QP"}
}
,
{
"node": "l",
"frag": "la",
"id": "P224442.l034ca",
"ref": "P224442.16.3",
"inst": "lā[not]MOD",
"sig": "@saao/saa19%akk-x-neobab:la=lā[not//not]MOD'MOD$lā",
"f": {"lang": "akk-x-neobab",
"form": "la",
"cf": "lā",
"gw": "not",
"sense": "not",
"norm": "lā",
"pos": "MOD",
"epos": "MOD"}
}
,
{
"node": "l",
"frag": "⸢taš-pu⸣-ra",
"id": "P224442.l034cb",
"ref": "P224442.16.4",
"inst": "tašpura[write]V",
"sig": "@saao/saa19%akk-x-neobab:taš-pu-ra=šapāru[send//write]V'V$tašpura",
"f": {"lang": "akk-x-neobab",
"form": "taš-pu-ra",
"cf": "šapāru",
"gw": "send",
"sense": "write",
"norm": "tašpura",
"pos": "V",
"epos": "V"}
}
,
{
"node": "d",
"type": "line-start",
"ref": "P224442.17",
"n": "15'",
"label": "o 15'"}
,
{
"node": "l",
"frag": "gab-bi",
"id": "P224442.l034cc",
"ref": "P224442.17.1",
"inst": "gabbi[all]N",
"sig": "@saao/saa19%akk-x-neobab:gab-bi=gabbu[totality//all]N'N$gabbi",
"f": {"lang": "akk-x-neobab",
"form": "gab-bi",
"cf": "gabbu",
"gw": "totality",
"sense": "all",
"norm": "gabbi",
"pos": "N",
"epos": "N"}
}
,
{
"node": "l",
"frag": "⸢x",
"id": "P224442.l034cd",
"ref": "P224442.17.2",
"inst": "u",
"f": {"lang": "akk-x-neobab",
"form": "x",
"pos": "u"}
}
,
{
"node": "l",
"frag": "x⸣",
"id": "P224442.l034ce",
"ref": "P224442.17.3",
"inst": "u",
"f": {"lang": "akk-x-neobab",
"form": "x",
"pos": "u"}
}
,
{
"node": "l",
"frag": "mar",
"id": "P224442.l034cf",
"ref": "P224442.17.4",
"inst": "u",
"f": {"lang": "akk-x-neobab",
"form": "mar",
"pos": "u"}
}
,
{
"node": "l",
"frag": "⸢x⸣",
"id": "P224442.l034d0",
"ref": "P224442.17.5",
"inst": "u",
"f": {"lang": "akk-x-neobab",
"form": "x",
"pos": "u"}
}
,
{
"node": "l",
"frag": "[x]",
"id": "P224442.l034d1",
"ref": "P224442.17.6",
"inst": "u",
"f": {"lang": "akk-x-neobab",
"form": "x",
"pos": "u"}
}
,
{
"node": "d",
"subtype": "reverse",
"type": "surface",
"ref": "P224442.r.18",
"type": "reverse",
"label": "r"}
,
{
"node": "d",
"type": "line-start",
"ref": "P224442.19",
"n": "1",
"label": "r 1"}
,
{
"node": "l",
"frag": "a-na",
"id": "P224442.l034d2",
"ref": "P224442.19.1",
"inst": "ana[to]PRP",
"sig": "@saao/saa19%akk-x-neobab:a-na=ana[to//to]PRP'PRP$ana",
"f": {"lang": "akk-x-neobab",
"form": "a-na",
"cf": "ana",
"gw": "to",
"sense": "to",
"norm": "ana",
"pos": "PRP",
"epos": "PRP"}
}
,
{
"node": "l",
"frag": "LUGAL",
"id": "P224442.l034d3",
"ref": "P224442.19.2",
"inst": "šarri[king]N",
"sig": "@saao/saa19%akk-x-neobab:LUGAL=šarru[king//king]N'N$šarri",
"f": {"lang": "akk-x-neobab",
"form": "LUGAL",
"cf": "šarru",
"gw": "king",
"sense": "king",
"norm": "šarri",
"pos": "N",
"epos": "N"}
}
,
{
"node": "l",
"frag": "al-ta-par",
"id": "P224442.l034d4",
"ref": "P224442.19.3",
"inst": "+šapāru[send]V$altapar",
"sig": "@saao/saa19%akk-x-neobab:al-ta-par=šapāru[send//send]V'V$altapar",
"f": {"lang": "akk-x-neobab",
"form": "al-ta-par",
"cf": "šapāru",
"gw": "send",
"sense": "send",
"norm": "altapar",
"pos": "V",
"epos": "V"}
}
,
{
"node": "l",
"frag": "[x",
"id": "P224442.l034d5",
"ref": "P224442.19.4",
"inst": "u",
"f": {"lang": "akk-x-neobab",
"form": "x",
"pos": "u"}
}
,
{
"node": "l",
"frag": "x",
"id": "P224442.l034d6",
"ref": "P224442.19.5",
"inst": "u",
"f": {"lang": "akk-x-neobab",
"form": "x",
"pos": "u"}
}
,
{
"node": "l",
"frag": "x]",
"id": "P224442.l034d7",
"ref": "P224442.19.6",
"inst": "u",
"f": {"lang": "akk-x-neobab",
"form": "x",
"pos": "u"}
}
,
{
"node": "d",
"type": "line-start",
"ref": "P224442.20",
"n": "2",
"label": "r 2"}
,
{
"node": "l",
"frag": "⸢a-na⸣",
"id": "P224442.l034d8",
"ref": "P224442.20.1",
"inst": "ana[to]PRP$",
"sig": "@saao/saa19%akk-x-neobab:a-na=ana[to//to]PRP'PRP$ana",
"f": {"lang": "akk-x-neobab",
"form": "a-na",
"cf": "ana",
"gw": "to",
"sense": "to",
"norm": "ana",
"pos": "PRP",
"epos": "PRP"}
}
,
{
"node": "l",
"frag": "GIR₃.2-šu₂",
"id": "P224442.l034d9",
"ref": "P224442.20.2",
"inst": "šēpēšu[foot]N",
"sig": "@saao/saa19%akk-x-neobab:GIR₃.2-šu₂=šēpu[foot//foot]N'N$šēpēšu",
"f": {"lang": "akk-x-neobab",
"form": "GIR₃.2-šu₂",
"cf": "šēpu",
"gw": "foot",
"sense": "foot",
"norm": "šēpēšu",
"pos": "N",
"epos": "N"}
}
,
{
"node": "l",
"frag": "aṣ-ṣa-bat",
"id": "P224442.l034da",
"ref": "P224442.20.3",
"inst": "+ṣabātu[seize]V$aṣṣabat",
"sig": "@saao/saa19%akk-x-neobab:aṣ-ṣa-bat=ṣabātu[seize//seize]V'V$aṣṣabat",
"f": {"lang": "akk-x-neobab",
"form": "aṣ-ṣa-bat",
"cf": "ṣabātu",
"gw": "seize",
"sense": "seize",
"norm": "aṣṣabat",
"pos": "V",
"epos": "V"}
}
,
{
"node": "l",
"frag": "[x",
"id": "P224442.l034db",
"ref": "P224442.20.4",
"inst": "u",
"f": {"lang": "akk-x-neobab",
"form": "x",
"pos": "u"}
}
,
{
"node": "l",
"frag": "x",
"id": "P224442.l034dc",
"ref": "P224442.20.5",
"inst": "u",
"f": {"lang": "akk-x-neobab",
"form": "x",
"pos": "u"}
}
,
{
"node": "l",
"frag": "x]",
"id": "P224442.l034dd",
"ref": "P224442.20.6",
"inst": "u",
"f": {"lang": "akk-x-neobab",
"form": "x",
"pos": "u"}
}
,
{
"node": "d",
"type": "line-start",
"ref": "P224442.21",
"n": "3",
"label": "r 3"}
,
{
"node": "l",
"frag": "ṭe₃-e-mu-ma",
"id": "P224442.l034de",
"ref": "P224442.21.1",
"inst": "ṭēmumma[report]N",
"sig": "@saao/saa19%akk-x-neobab:ṭe₃-e-mu-ma=ṭēmu[(fore)thought//report]N'N$ṭēmumma",
"f": {"lang": "akk-x-neobab",
"form": "ṭe₃-e-mu-ma",
"cf": "ṭēmu",
"gw": "(fore)thought",
"sense": "report",
"norm": "ṭēmumma",
"pos": "N",
"epos": "N"}
}
,
{
"node": "l",
"frag": "⸢bab⸣-ba-nu-u",
"id": "P224442.l034df",
"ref": "P224442.21.2",
"inst": "+babbanû[excellent]AJ$",
"sig": "@saao/saa19%akk-x-neobab:bab-ba-nu-u=babbanû[excellent//excellent]AJ'AJ$babbanû",
"f": {"lang": "akk-x-neobab",
"form": "bab-ba-nu-u",
"cf": "babbanû",
"gw": "excellent",
"sense": "excellent",
"norm": "babbanû",
"pos": "AJ",
"epos": "AJ"}
}
,
{
"node": "l",
"frag": "[ina",
"id": "P224442.l034e0",
"ref": "P224442.21.3",
"inst": "+ina[in+=on]PRP$",
"sig": "@saao/saa19%akk-x-neobab:ina=ina[in//in]PRP'PRP$ina",
"f": {"lang": "akk-x-neobab",
"form": "ina",
"cf": "ina",
"gw": "in",
"sense": "in",
"norm": "ina",
"pos": "PRP",
"epos": "PRP"}
}
,
{
"node": "l",
"frag": "UGU-ia₂]",
"id": "P224442.l034e1",
"ref": "P224442.21.4",
"inst": "+muhhu[skull]N$muhhīya",
"sig": "@saao/saa19%akk-x-neobab:UGU-ia₂=muhhu[skull//skull]N'N$muhhīya",
"f": {"lang": "akk-x-neobab",
"form": "UGU-ia₂",
"cf": "muhhu",
"gw": "skull",
"sense": "skull",
"norm": "muhhīya",
"pos": "N",
"epos": "N"}
}
,
{
"node": "d",
"type": "line-start",
"ref": "P224442.22",
"n": "4",
"label": "r 4"}
,
{
"node": "l",
"frag": "la",
"id": "P224442.l034e2",
"ref": "P224442.22.1",
"inst": "lā[not]MOD",
"sig": "@saao/saa19%akk-x-neobab:la=lā[not//not]MOD'MOD$lā",
"f": {"lang": "akk-x-neobab",
"form": "la",
"cf": "lā",
"gw": "not",
"sense": "not",
"norm": "lā",
"pos": "MOD",
"epos": "MOD"}
}
,
{
"node": "l",
"frag": "iq-bu-u₂",
"id": "P224442.l034e3",
"ref": "P224442.22.2",
"inst": "+qabû[say]V$iqbû",
"sig": "@saao/saa19%akk-x-neobab:iq-bu-u₂=qabû[say//say]V'V$iqbû",
"f": {"lang": "akk-x-neobab",
"form": "iq-bu-u₂",
"cf": "qabû",
"gw": "say",
"sense": "say",
"norm": "iqbû",
"pos": "V",
"epos": "V"}
}
,
{
"node": "l",
"frag": "ul",
"id": "P224442.l034e4",
"ref": "P224442.22.3",
"inst": "ul[not]MOD",
"sig": "@saao/saa19%akk-x-neobab:ul=ul[not//not]MOD'MOD$ul",
"f": {"lang": "akk-x-neobab",
"form": "ul",
"cf": "ul",
"gw": "not",
"sense": "not",
"norm": "ul",
"pos": "MOD",
"epos": "MOD"}
}
,
{
"node": "l",
"frag": "i-qi₂-⸢pu⸣-[in-ni]",
"id": "P224442.l034e5",
"ref": "P224442.22.4",
"inst": "+qiāpu[trust]V$iqīpuʾinni",
"sig": "@saao/saa19%akk-x-neobab:i-qi₂-pu-in-ni=qiāpu[trust//trust]V'V$iqīpuʾinni",
"f": {"lang": "akk-x-neobab",
"form": "i-qi₂-pu-in-ni",
"cf": "qiāpu",
"gw": "trust",
"sense": "trust",
"norm": "iqīpuʾinni",
"pos": "V",
"epos": "V"}
}
,
{
"node": "d",
"type": "line-start",
"ref": "P224442.23",
"n": "5",
"label": "r 5"}
,
{
"node": "l",
"frag": "LUGAL",
"id": "P224442.l034e6",
"ref": "P224442.23.1",
"inst": "šarru[king]N",
"sig": "@saao/saa19%akk-x-neobab:LUGAL=šarru[king//king]N'N$šarru",
"f": {"lang": "akk-x-neobab",
"form": "LUGAL",
"cf": "šarru",
"gw": "king",
"sense": "king",
"norm": "šarru",
"pos": "N",
"epos": "N"}
}
,
{
"node": "l",
"frag": "be-li₂-a",
"id": "P224442.l034e7",
"ref": "P224442.23.2",
"inst": "+bēlu[lord]N$bēlā",
"sig": "@saao/saa19%akk-x-neobab:be-li₂-a=bēlu[lord//lord]N'N$bēlā",
"f": {"lang": "akk-x-neobab",
"form": "be-li₂-a",
"cf": "bēlu",
"gw": "lord",
"sense": "lord",
"norm": "bēlā",
"pos": "N",
"epos": "N"}
}
,
{
"node": "l",
"frag": "⸢uh-ta⸣-mu-u₂",
"id": "P224442.l034e8",
"ref": "P224442.23.3",
"inst": "+hamû[paralyse//stun]V'V$uhtammû",
"sig": "@saao/saa19%akk-x-neobab:uh-ta-mu-u₂=hamû[paralyse//stun]V'V$uhtammû",
"f": {"lang": "akk-x-neobab",
"form": "uh-ta-mu-u₂",
"cf": "hamû",
"gw": "paralyse",
"sense": "stun",
"norm": "uhtammû",
"pos": "V",
"epos": "V"}
}
,
{
"node": "l",
"frag": "ul",
"id": "P224442.l034e9",
"ref": "P224442.23.4",
"inst": "ul[not]MOD",
"sig": "@saao/saa19%akk-x-neobab:ul=ul[not//not]MOD'MOD$ul",
"f": {"lang": "akk-x-neobab",
"form": "ul",
"cf": "ul",
"gw": "not",
"sense": "not",
"norm": "ul",
"pos": "MOD",
"epos": "MOD"}
}
,
{
"node": "l",
"frag": "⸢i-x⸣-ma",
"id": "P224442.l034ea",
"ref": "P224442.23.5",
"inst": "u",
"f": {"lang": "akk-x-neobab",
"form": "i-x-ma",
"pos": "u"}
}
,
{
"node": "d",
"type": "line-start",
"ref": "P224442.24",
"n": "6",
"label": "r 6"}
,
{
"node": "l",
"frag": "01-en]",
"id": "P224442.l034eb",
"ref": "P224442.24.1",
"inst": "iltēn[one]NU",
"sig": "@saao/saa19%akk-x-neobab:01-en=ištēn[one//one]NU'NU$iltēn",
"f": {"lang": "akk-x-neobab",
"form": "01-en",
"cf": "ištēn",
"gw": "one",
"sense": "one",
"norm": "iltēn",
"pos": "NU",
"epos": "NU"}
}
,
{
"node": "l",
"frag": "{⸢lu₂}qur-ru-bu⸣-ti",
"id": "P224442.l034ec",
"ref": "P224442.24.2",
"inst": "+ša-qurbūti[close follower//(royal) confidant]N'N$ša-qurrubūti",
"sig": "@saao/saa19%akk-x-neobab:{LU₂}qur-ru-bu-ti=ša-qurbūti[close follower//(royal) confidant]N'N$ša-qurrubūti",
"f": {"lang": "akk-x-neobab",
"form": "{LU₂}qur-ru-bu-ti",
"cf": "ša-qurbūti",
"gw": "close follower",
"sense": "(royal) confidant",
"norm": "ša-qurrubūti",
"pos": "N",
"epos": "N"}
}
,
{
"node": "l",
"frag": "ša₂",
"id": "P224442.l034ed",
"ref": "P224442.24.3",
"inst": "ša[of]DET",
"sig": "@saao/saa19%akk-x-neobab:ša₂=ša[of//of]DET'DET$ša",
"f": {"lang": "akk-x-neobab",
"form": "ša₂",
"cf": "ša",
"gw": "of",
"sense": "of",
"norm": "ša",
"pos": "DET",
"epos": "DET"}
}
,
{
"node": "l",
"frag": "LUGAL",
"id": "P224442.l034ee",
"ref": "P224442.24.4",
"inst": "šarri[king]N",
"sig": "@saao/saa19%akk-x-neobab:LUGAL=šarru[king//king]N'N$šarri",
"f": {"lang": "akk-x-neobab",
"form": "LUGAL",
"cf": "šarru",
"gw": "king",
"sense": "king",
"norm": "šarri",
"pos": "N",
"epos": "N"}
}
,
{
"node": "d",
"type": "line-start",
"ref": "P224442.25",
"n": "7",
"label": "r 7"}
,
{
"node": "l",
"frag": "[i]-⸢na⸣",
"id": "P224442.l034ef",
"ref": "P224442.25.1",
"inst": "+ina[in+=in the presence of]PRP$",
"sig": "@saao/saa19%akk-x-neobab:i-na=ina[in//in]PRP'PRP$ina",
"f": {"lang": "akk-x-neobab",
"form": "i-na",
"cf": "ina",
"gw": "in",
"sense": "in",
"norm": "ina",
"pos": "PRP",
"epos": "PRP"}
}
,
{
"node": "l",
"frag": "pa-ni-ia",
"id": "P224442.l034f0",
"ref": "P224442.25.2",
"inst": "+pānu[front]N$pānīya",
"sig": "@saao/saa19%akk-x-neobab:pa-ni-ia=pānu[front//front]N'N$pānīya",
"f": {"lang": "akk-x-neobab",
"form": "pa-ni-ia",
"cf": "pānu",
"gw": "front",
"sense": "front",
"norm": "pānīya",
"pos": "N",
"epos": "N"}
}
,
{
"node": "l",
"frag": "qu-⸢la-li⸣",
"id": "P224442.l034f1",
"ref": "P224442.25.3",
"inst": "+qulālu[belittlement]N$qulālī",
"sig": "@saao/saa19%akk-x-neobab:qu-la-li=qulālu[belittlement//belittlement]N'N$qulālī",
"f": {"lang": "akk-x-neobab",
"form": "qu-la-li",
"cf": "qulālu",
"gw": "belittlement",
"sense": "belittlement",
"norm": "qulālī",
"pos": "N",
"epos": "N"}
}
,
{
"node": "d",
"type": "line-start",
"ref": "P224442.26",
"n": "8",
"label": "r 8"}
,
{
"node": "l",
"frag": "⸢la⸣-pa-⸢an⸣",
"id": "P224442.l034f2",
"ref": "P224442.26.1",
"inst": "+lapān[in front of//from]PRP$la-pān",
"sig": "@saao/saa19%akk-x-neobab:la-pa-an=lapān[in front of//from]PRP'PRP$la-pān",
"f": {"lang": "akk-x-neobab",
"form": "la-pa-an",
"cf": "lapān",
"gw": "in front of",
"sense": "from",
"norm": "la-pān",
"pos": "PRP",
"epos": "PRP"}
}
,
{
"node": "l",
"frag": "KUR",
"id": "P224442.l034f3",
"ref": "P224442.26.2",
"inst": "māti[land]N",
"sig": "@saao/saa19%akk-x-neobab:KUR=mātu[land//land]N'N$māti",
"f": {"lang": "akk-x-neobab",
"form": "KUR",
"cf": "mātu",
"gw": "land",
"sense": "land",
"norm": "māti",
"pos": "N",
"epos": "N"}
}
,
{
"node": "l",
"frag": "⸢ma-la",
"id": "P224442.l034f4",
"ref": "P224442.26.3",
"inst": "mala[as many as]REL",
"sig": "@saao/saa19%akk-x-neobab:ma-la=mala[as much as//as many as]REL'REL$mala",
"f": {"lang": "akk-x-neobab",
"form": "ma-la",
"cf": "mala",
"gw": "as much as",
"sense": "as many as",
"norm": "mala",
"pos": "REL",
"epos": "REL"}
}
,
{
"node": "l",
"frag": "ub⸣-bal-u₂",
"id": "P224442.l034f5",
"ref": "P224442.26.4",
"inst": "+wabālu[bring]V$ubbalu",
"sig": "@saao/saa19%akk-x-neobab:ub-bal-u₂=wabālu[bring//bring]V'V$ubbalu",
"f": {"lang": "akk-x-neobab",
"form": "ub-bal-u₂",
"cf": "wabālu",
"gw": "bring",
"sense": "send",
"norm": "ubbalu",
"pos": "V",
"epos": "V"}
}
,
{
"node": "l",
"frag": "a-na",
"id": "P224442.l034f6",
"ref": "P224442.26.5",
"inst": "ana[to]PRP",
"sig": "@saao/saa19%akk-x-neobab:a-na=ana[to//to]PRP'PRP$ana",
"f": {"lang": "akk-x-neobab",
"form": "a-na",
"cf": "ana",
"gw": "to",
"sense": "to",
"norm": "ana",
"pos": "PRP",
"epos": "PRP"}
}
,
{
"node": "l",
"frag": "LUGAL",
"id": "P224442.l034f7",
"ref": "P224442.26.6",
"inst": "šarri[king]N",
"sig": "@saao/saa19%akk-x-neobab:LUGAL=šarru[king//king]N'N$šarri",
"f": {"lang": "akk-x-neobab",
"form": "LUGAL",
"cf": "šarru",
"gw": "king",
"sense": "king",
"norm": "šarri",
"pos": "N",
"epos": "N"}
}
,
{
"node": "d",
"type": "line-start",
"ref": "P224442.27",
"n": "9",
"label": "r 9"}
,
{
"node": "l",
"frag": "⸢liq⸣-bi-ma",
"id": "P224442.l034f8",
"ref": "P224442.27.1",
"inst": "+qabû[say]V$liqbīma",
"sig": "@saao/saa19%akk-x-neobab:liq-bi-ma=qabû[say//say]V'V$liqbīma",
"f": {"lang": "akk-x-neobab",
"form": "liq-bi-ma",
"cf": "qabû",
"gw": "say",
"sense": "say",
"norm": "liqbīma",
"pos": "V",
"epos": "V"}
}
,
{
"node": "l",
"frag": "⸢x⸣",
"id": "P224442.l034f9",
"ref": "P224442.27.2",
"inst": "u",
"f": {"lang": "akk-x-neobab",
"form": "x",
"pos": "u"}
}
,
{
"node": "l",
"frag": "ša₂",
"id": "P224442.l034fa",
"ref": "P224442.27.3",
"inst": "ša[what]REL",
"sig": "@saao/saa19%akk-x-neobab:ša₂=ša[that//what]REL'REL$ša",
"f": {"lang": "akk-x-neobab",
"form": "ša₂",
"cf": "ša",
"gw": "that",
"sense": "what",
"norm": "ša",
"pos": "REL",
"epos": "REL"}
}
,
{
"node": "l",
"frag": "⸢i-paq⸣-qi₂-dan-ni",
"id": "P224442.l034fb",
"ref": "P224442.27.4",
"inst": "+paqādu[entrust]V$ipaqqidanni",
"sig": "@saao/saa19%akk-x-neobab:i-paq-qi₂-dan-ni=paqādu[entrust//entrust]V'V$ipaqqidanni",
"f": {"lang": "akk-x-neobab",
"form": "i-paq-qi₂-dan-ni",
"cf": "paqādu",
"gw": "entrust",
"sense": "entrust",
"norm": "ipaqqidanni",
"pos": "V",
"epos": "V"}
}
,
{
"node": "d",
"type": "line-start",
"ref": "P224442.28",
"n": "10",
"label": "r 10"}
,
{
"node": "l",
"frag": "[x",
"id": "P224442.l034fc",
"ref": "P224442.28.1",
"inst": "u",
"f": {"lang": "akk-x-neobab",
"form": "x",
"pos": "u"}
}
,
{
"node": "l",
"frag": "x",
"id": "P224442.l034fd",
"ref": "P224442.28.2",
"inst": "u",
"f": {"lang": "akk-x-neobab",
"form": "x",
"pos": "u"}
}
,
{
"node": "l",
"frag": "x",
"id": "P224442.l034fe",
"ref": "P224442.28.3",
"inst": "u",
"f": {"lang": "akk-x-neobab",
"form": "x",
"pos": "u"}
}
,
{
"node": "l",
"frag": "x]",
"id": "P224442.l034ff",
"ref": "P224442.28.4",
"inst": "u",
"f": {"lang": "akk-x-neobab",
"form": "x",
"pos": "u"}
}
,
{
"node": "l",
"frag": "⸢x⸣",
"id": "P224442.l03500",
"ref": "P224442.28.5",
"inst": "u",
"f": {"lang": "akk-x-neobab",
"form": "x",
"pos": "u"}
}
,
{
"node": "l",
"frag": "UD.UD{ki}",
"id": "P224442.l03501",
"ref": "P224442.28.6",
"inst": "+Larak[]GN$",
"sig": "@saao/saa19%akk-x-neobab:UD.UD{KI}=Larak[1//1]GN'GN$Larak",
"f": {"lang": "akk-x-neobab",
"form": "UD.UD{KI}",
"cf": "Larak",
"gw": "1",
"sense": "1",
"norm": "Larak",
"pos": "GN",
"epos": "GN"}
}
,
{
"node": "l",
"frag": "ša₂",
"id": "P224442.l03502",
"ref": "P224442.28.7",
"inst": "ša[which]REL",
"sig": "@saao/saa19%akk-x-neobab:ša₂=ša[that//which]REL'REL$ša",
"f": {"lang": "akk-x-neobab",
"form": "ša₂",
"cf": "ša",
"gw": "that",
"sense": "which",
"norm": "ša",
"pos": "REL",
"epos": "REL"}
}
,
{
"node": "l",
"frag": "⸢u₂⸣-ṣa-aʾ",
"id": "P224442.l03503",
"ref": "P224442.28.8",
"inst": "+aṣû[go out//come out]V$ūṣâʾ",
"sig": "@saao/saa19%akk-x-neobab:u₂-ṣa-aʾ=aṣû[go out//come out]V'V$ūṣâʾ",
"f": {"lang": "akk-x-neobab",
"form": "u₂-ṣa-aʾ",
"cf": "aṣû",
"gw": "go out",
"sense": "come out",
"norm": "ūṣâʾ",
"pos": "V",
"epos": "V"}
}
,
{
"node": "d",
"type": "line-start",
"ref": "P224442.29",
"n": "11",
"label": "r 11"}
,
{
"node": "l",
"frag": "[x",
"id": "P224442.l03504",
"ref": "P224442.29.1",
"inst": "u",
"f": {"lang": "akk-x-neobab",
"form": "x",
"pos": "u"}
}
,
{
"node": "l",
"frag": "x",
"id": "P224442.l03505",
"ref": "P224442.29.2",
"inst": "u",
"f": {"lang": "akk-x-neobab",
"form": "x",
"pos": "u"}
}
,
{
"node": "l",
"frag": "x",
"id": "P224442.l03506",
"ref": "P224442.29.3",
"inst": "u",
"f": {"lang": "akk-x-neobab",
"form": "x",
"pos": "u"}
}
,
{
"node": "l",
"frag": "x",
"id": "P224442.l03507",
"ref": "P224442.29.4",
"inst": "u",
"f": {"lang": "akk-x-neobab",
"form": "x",
"pos": "u"}
}
,
{
"node": "l",
"frag": "x]+⸢x⸣",
"id": "P224442.l03508",
"ref": "P224442.29.5",
"inst": "u",
"f": {"lang": "akk-x-neobab",
"form": "x+x",
"pos": "u"}
}
,
{
"node": "l",
"frag": "mi-nu-⸢u₂⸣",
"id": "P224442.l03509",
"ref": "P224442.29.6",
"inst": "+mīnu[what?//why?]QP$minû",
"sig": "@saao/saa19%akk-x-neobab:mi-nu-u₂=mīnu[what?//why?]QP'QP$minû",
"f": {"lang": "akk-x-neobab",
"form": "mi-nu-u₂",
"cf": "mīnu",
"gw": "what?",
"sense": "why?",
"norm": "minû",
"pos": "QP",
"epos": "QP"}
}
,
{
"node": "l",
"frag": "ina",
"id": "P224442.l0350a",
"ref": "P224442.29.7",
"inst": "+ina[in+=in the presence of]PRP",
"sig": "@saao/saa19%akk-x-neobab:ina=ina[in//in]PRP'PRP$ina",
"f": {"lang": "akk-x-neobab",
"form": "ina",
"cf": "ina",
"gw": "in",
"sense": "in",
"norm": "ina",
"pos": "PRP",
"epos": "PRP"}
}
,
{
"node": "l",
"frag": "⸢pa⸣-ni-ia",
"id": "P224442.l0350b",
"ref": "P224442.29.8",
"inst": "+pānu[front]N$pānīya",
"sig": "@saao/saa19%akk-x-neobab:pa-ni-ia=pānu[front//front]N'N$pānīya",
"f": {"lang": "akk-x-neobab",
"form": "pa-ni-ia",
"cf": "pānu",
"gw": "front",
"sense": "front",
"norm": "pānīya",
"pos": "N",
"epos": "N"}
}
,
{
"node": "d",
"type": "line-start",
"ref": "P224442.30",
"n": "12",
"label": "r 12"}
,
{
"node": "l",
"frag": "[x",
"id": "P224442.l0350c",
"ref": "P224442.30.1",
"inst": "u",
"f": {"lang": "akk-x-neobab",
"form": "x",
"pos": "u"}
}
,
{
"node": "l",
"frag": "x",
"id": "P224442.l0350d",
"ref": "P224442.30.2",
"inst": "u",
"f": {"lang": "akk-x-neobab",
"form": "x",
"pos": "u"}
}
,
{
"node": "l",
"frag": "LUGAL",
"id": "P224442.l0350e",
"ref": "P224442.30.3",
"inst": "šarru[king]N",
"sig": "@saao/saa19%akk-x-neobab:LUGAL=šarru[king//king]N'N$šarru",
"f": {"lang": "akk-x-neobab",
"form": "LUGAL",
"cf": "šarru",
"gw": "king",
"sense": "king",
"norm": "šarru",
"pos": "N",
"epos": "N"}
}
,
{
"node": "l",
"frag": "be-li₂]-⸢a",
"id": "P224442.l0350f",
"ref": "P224442.30.4",
"inst": "+bēlu[lord]N$bēlā",
"sig": "@saao/saa19%akk-x-neobab:be-li₂-a=bēlu[lord//lord]N'N$bēlā",
"f": {"lang": "akk-x-neobab",
"form": "be-li₂-a",
"cf": "bēlu",
"gw": "lord",
"sense": "lord",
"norm": "bēlā",
"pos": "N",
"epos": "N"}
}
,
{
"node": "l",
"frag": "i⸣-di",
"id": "P224442.l03510",
"ref": "P224442.30.5",
"inst": "+wadû[know]V$īdī",
"sig": "@saao/saa19%akk-x-neobab:i-di=wadû[know//know]V'V$īdī",
"f": {"lang": "akk-x-neobab",
"form": "i-di",
"cf": "wadû",
"gw": "know",
"sense": "know",
"norm": "īdī",
"pos": "V",
"epos": "V"}
}
,
{
"node": "l",
"frag": "ki-i",
"id": "P224442.l03511",
"ref": "P224442.30.6",
"inst": "+kī[like//that]PRP'SBJ$kî",
"sig": "@saao/saa19%akk-x-neobab:ki-i=kī[like//that]PRP'SBJ$kî",
"f": {"lang": "akk-x-neobab",
"form": "ki-i",
"cf": "kī",
"gw": "like",
"sense": "that",
"norm": "kî",
"pos": "PRP",
"epos": "SBJ"}
}
,
{
"node": "l",
"frag": "[x]+⸢x⸣",
"id": "P224442.l03512",
"ref": "P224442.30.7",
"inst": "u",
"f": {"lang": "akk-x-neobab",
"form": "x+x",
"pos": "u"}
}
,
{
"node": "d",
"type": "line-start",
"ref": "P224442.31",
"n": "13",
"label": "r 13"}
,
{
"node": "l",
"frag": "[x",
"id": "P224442.l03513",
"ref": "P224442.31.1",
"inst": "u",
"f": {"lang": "akk-x-neobab",
"form": "x",
"pos": "u"}
}
,
{
"node": "l",
"frag": "x",
"id": "P224442.l03514",
"ref": "P224442.31.2",
"inst": "u",
"f": {"lang": "akk-x-neobab",
"form": "x",
"pos": "u"}
}
,
{
"node": "l",
"frag": "x",
"id": "P224442.l03515",
"ref": "P224442.31.3",
"inst": "u",
"f": {"lang": "akk-x-neobab",
"form": "x",
"pos": "u"}
}
,
{
"node": "l",
"frag": "x",
"id": "P224442.l03516",
"ref": "P224442.31.4",
"inst": "u",
"f": {"lang": "akk-x-neobab",
"form": "x",
"pos": "u"}
}
,
{
"node": "l",
"frag": "x",
"id": "P224442.l03517",
"ref": "P224442.31.5",
"inst": "u",
"f": {"lang": "akk-x-neobab",
"form": "x",
"pos": "u"}
}
,
{
"node": "l",
"frag": "x]+⸢x⸣",
"id": "P224442.l03518",
"ref": "P224442.31.6",
"inst": "u",
"f": {"lang": "akk-x-neobab",
"form": "x+x",
"pos": "u"}
}
,
{
"node": "l",
"frag": "u₃",
"id": "P224442.l03519",
"ref": "P224442.31.7",
"inst": "u[and]CNJ",
"sig": "@saao/saa19%akk-x-neobab:u₃=u[and//and]CNJ'CNJ$u",
"f": {"lang": "akk-x-neobab",
"form": "u₃",
"cf": "u",
"gw": "and",
"sense": "and",
"norm": "u",
"pos": "CNJ",
"epos": "CNJ"}
}
,
{
"node": "l",
"frag": "⸢x⸣+[x",
"id": "P224442.l0351a",
"ref": "P224442.31.8",
"inst": "u",
"f": {"lang": "akk-x-neobab",
"form": "x+x",
"pos": "u"}
}
,
{
"node": "l",
"frag": "x",
"id": "P224442.l0351b",
"ref": "P224442.31.9",
"inst": "u",
"f": {"lang": "akk-x-neobab",
"form": "x",
"pos": "u"}
}
,
{
"node": "l",
"frag": "x]",
"id": "P224442.l0351c",
"ref": "P224442.31.10",
"inst": "u",
"f": {"lang": "akk-x-neobab",
"form": "x",
"pos": "u"}
}
,
{
"node": "l",
"frag": "⸢a⸣-na-ku",
"id": "P224442.l0351d",
"ref": "P224442.31.11",
"inst": "anāku[I]IP",
"sig": "@saao/saa19%akk-x-neobab:a-na-ku=anāku[I//I]IP'IP$anāku",
"f": {"lang": "akk-x-neobab",
"form": "a-na-ku",
"cf": "anāku",
"gw": "I",
"sense": "I",
"norm": "anāku",
"pos": "IP",
"epos": "IP"}
}
,
{
"node": "d",
"type": "line-start",
"ref": "P224442.32",
"n": "14",
"label": "r 14"}
,
{
"node": "l",
"frag": "[x",
"id": "P224442.l0351e",
"ref": "P224442.32.1",
"inst": "u",
"f": {"lang": "akk-x-neobab",
"form": "x",
"pos": "u"}
}
,
{
"node": "l",
"frag": "x",
"id": "P224442.l0351f",
"ref": "P224442.32.2",
"inst": "u",
"f": {"lang": "akk-x-neobab",
"form": "x",
"pos": "u"}
}
,
{
"node": "l",
"frag": "x",
"id": "P224442.l03520",
"ref": "P224442.32.3",
"inst": "u",
"f": {"lang": "akk-x-neobab",
"form": "x",
"pos": "u"}
}
,
{
"node": "l",
"frag": "x",
"id": "P224442.l03521",
"ref": "P224442.32.4",
"inst": "u",
"f": {"lang": "akk-x-neobab",
"form": "x",
"pos": "u"}
}
,
{
"node": "l",
"frag": "x",
"id": "P224442.l03522",
"ref": "P224442.32.5",
"inst": "u",
"f": {"lang": "akk-x-neobab",
"form": "x",
"pos": "u"}
}
,
{
"node": "l",
"frag": "x",
"id": "P224442.l03523",
"ref": "P224442.32.6",
"inst": "u",
"f": {"lang": "akk-x-neobab",
"form": "x",
"pos": "u"}
}
,
{
"node": "l",
"frag": "x",
"id": "P224442.l03524",
"ref": "P224442.32.7",
"inst": "u",
"f": {"lang": "akk-x-neobab",
"form": "x",
"pos": "u"}
}
,
{
"node": "l",
"frag": "x",
"id": "P224442.l03525",
"ref": "P224442.32.8",
"inst": "u",
"f": {"lang": "akk-x-neobab",
"form": "x",
"pos": "u"}
}
,
{
"node": "l",
"frag": "x",
"id": "P224442.l03526",
"ref": "P224442.32.9",
"inst": "u",
"f": {"lang": "akk-x-neobab",
"form": "x",
"pos": "u"}
}
,
{
"node": "l",
"frag": "x]+⸢x⸣",
"id": "P224442.l03527",
"ref": "P224442.32.10",
"inst": "u",
"f": {"lang": "akk-x-neobab",
"form": "x+x",
"pos": "u"}
}
,
{
"node": "d",
"type": "nonx",
"ref": "P224442.33",
"strict": "0",
"extent": "rest",
"state": "missing"}
]}
]}
]}
,
{
"linkbase": [{
"type": "linkset",
"xlink_title": "ištu muhhi[concerning//because of]PRP'PRP",
"id": "P224442.ls00000",
"xlink_type": "extended",
"xlink_role": "psu",
"sig": "{ul-tu₂ UGU-hi = ištu[from]PRP muhhu[skull]N += ištu muhhi[concerning//because of]PRP'PRP}::@saao/saa19%akk-x-neobab:ul-tu₂=ištu[from//from]PRP'PRP$ultu++@saao/saa19%akk-x-neobab:UGU-hi=muhhu[skull//skull]N'N$muhhi",
"links": [
{
"type": "link",
"xlink_title": "ištu",
"xlink_type": "locator",
"xlink_href": "#P224442.l0349f",
"xlink_role": "elt"}
,
{
"type": "link",
"xlink_title": "muhhu",
"xlink_type": "locator",
"xlink_href": "#P224442.l034a0",
"xlink_role": "elt"}
]}
,
{
"type": "linkset",
"xlink_title": "ana mīni[why?//why?]QP'QP",
"id": "P224442.ls00001",
"xlink_type": "extended",
"xlink_role": "psu",
"sig": "{am-mi₃-ni = ana[to]PRP mīnu[what?]QP += ana mīni[why?//why?]QP'QP}::@saao/saa19%akk-x-neobab:am-mi₃-ni=ana[to//to]PRP'PRP$ana++@saao/saa19%akk-x-neobab:am-mi₃-ni=mīnu[what?//what?]QP'QP$mīni",
"links": [
{
"type": "link",
"xlink_title": "ana",
"xlink_type": "locator",
"xlink_href": "#P224442.l034b8",
"xlink_role": "elt"}
,
{
"type": "link",
"xlink_title": "mīnu",
"xlink_type": "locator",
"xlink_href": "#P224442.l034b9",
"xlink_role": "elt"}
]}
]}
]}
