{
"type": "cdl",
  "source": "http://oracc.org/saao/saa19",
  "license": "This data is released under the CC0 license",
  "license-url": "https://creativecommons.org/publicdomain/zero/1.0/",
  "more-info": "http://oracc.org/doc/opendata/",
  "UTC-timestamp": "2017-05-19T12:03:51",
"project": "saao/saa19",
"textid": "P224491",
"cdl": [
{
"node": "c",
"type": "text",
"id": "P224491.U0",
"cdl": [
{
"node": "d",
"type": "object",
"ref": ""}
,
{
"node": "d",
"subtype": "obverse",
"type": "surface",
"ref": "P224491.o.1",
"type": "obverse",
"label": "o"}
,
{
"node": "c",
"type": "discourse",
"subtype": "body",
"id": "P224491.U1",
"cdl": [
{
"node": "c",
"type": "sentence",
"id": "P224491.U2",
"label": "o 1 - e. 1",
"cdl": [
{
"node": "d",
"type": "line-start",
"ref": "P224491.2",
"n": "1",
"label": "o 1"}
,
{
"node": "l",
"frag": "a-na",
"id": "P224491.l02323",
"ref": "P224491.2.1",
"inst": "ana[to]PRP",
"sig": "@saao/saa19%akk-x-neoass:a-na=ana[to//to]PRP'PRP$ana",
"f": {"lang": "akk-x-neoass",
"form": "a-na",
"cf": "ana",
"gw": "to",
"sense": "to",
"norm": "ana",
"pos": "PRP",
"epos": "PRP"}
}
,
{
"node": "l",
"frag": "⸢LUGAL",
"id": "P224491.l02324",
"ref": "P224491.2.2",
"inst": "šarri[king]N",
"sig": "@saao/saa19%akk-x-neoass:LUGAL=šarru[king//king]N'N$šarri",
"f": {"lang": "akk-x-neoass",
"form": "LUGAL",
"cf": "šarru",
"gw": "king",
"sense": "king",
"norm": "šarri",
"pos": "N",
"epos": "N"}
}
,
{
"node": "l",
"frag": "EN-ia⸣",
"id": "P224491.l02325",
"ref": "P224491.2.3",
"inst": "bēlīya[lord]N",
"sig": "@saao/saa19%akk-x-neoass:EN-ia=bēlu[lord//lord]N'N$bēlīya",
"f": {"lang": "akk-x-neoass",
"form": "EN-ia",
"cf": "bēlu",
"gw": "lord",
"sense": "lord",
"norm": "bēlīya",
"pos": "N",
"epos": "N"}
}
,
{
"node": "d",
"type": "line-start",
"ref": "P224491.3",
"n": "2",
"label": "o 2"}
,
{
"node": "l",
"frag": "⸢ARAD-ka",
"id": "P224491.l02326",
"ref": "P224491.3.1",
"inst": "urdaka[servant]N",
"sig": "@saao/saa19%akk-x-neoass:ARAD-ka=ardu[slave//servant]N'N$urdaka",
"f": {"lang": "akk-x-neoass",
"form": "ARAD-ka",
"cf": "ardu",
"gw": "slave",
"sense": "servant",
"norm": "urdaka",
"pos": "N",
"epos": "N"}
}
,
{
"node": "l",
"frag": "{1}x⸣+[x",
"id": "P224491.l02327",
"ref": "P224491.3.2",
"inst": "u",
"f": {"lang": "akk-x-neoass",
"form": "{1}x+x",
"pos": "u"}
}
,
{
"node": "l",
"frag": "x",
"id": "P224491.l02328",
"ref": "P224491.3.3",
"inst": "u",
"f": {"lang": "akk-x-neoass",
"form": "x",
"pos": "u"}
}
,
{
"node": "l",
"frag": "x]",
"id": "P224491.l02329",
"ref": "P224491.3.4",
"inst": "u",
"f": {"lang": "akk-x-neoass",
"form": "x",
"pos": "u"}
}
,
{
"node": "d",
"type": "line-start",
"ref": "P224491.4",
"n": "3",
"label": "o 3"}
,
{
"node": "l",
"frag": "[lu-u",
"id": "P224491.l0232a",
"ref": "P224491.4.1",
"inst": "lū[may]MOD",
"sig": "@saao/saa19%akk-x-neoass:lu-u=lū[may//may]MOD'MOD$lū",
"f": {"lang": "akk-x-neoass",
"form": "lu-u",
"cf": "lū",
"gw": "may",
"sense": "may",
"norm": "lū",
"pos": "MOD",
"epos": "MOD"}
}
,
{
"node": "l",
"frag": "DI-mu",
"id": "P224491.l0232b",
"ref": "P224491.4.2",
"inst": "šulmu[health]N",
"sig": "@saao/saa19%akk-x-neoass:DI-mu=šulmu[completeness//health]N'N$šulmu",
"f": {"lang": "akk-x-neoass",
"form": "DI-mu",
"cf": "šulmu",
"gw": "completeness",
"sense": "health",
"norm": "šulmu",
"pos": "N",
"epos": "N"}
}
,
{
"node": "l",
"frag": "a-na]",
"id": "P224491.l0232c",
"ref": "P224491.4.3",
"inst": "ana[to]PRP",
"sig": "@saao/saa19%akk-x-neoass:a-na=ana[to//to]PRP'PRP$ana",
"f": {"lang": "akk-x-neoass",
"form": "a-na",
"cf": "ana",
"gw": "to",
"sense": "to",
"norm": "ana",
"pos": "PRP",
"epos": "PRP"}
}
,
{
"node": "d",
"type": "line-start",
"ref": "P224491.5",
"n": "4",
"label": "o 4"}
,
{
"node": "l",
"frag": "⸢LUGAL⸣",
"id": "P224491.l0232d",
"ref": "P224491.5.1",
"inst": "šarri[king]N",
"sig": "@saao/saa19%akk-x-neoass:LUGAL=šarru[king//king]N'N$šarri",
"f": {"lang": "akk-x-neoass",
"form": "LUGAL",
"cf": "šarru",
"gw": "king",
"sense": "king",
"norm": "šarri",
"pos": "N",
"epos": "N"}
}
,
{
"node": "l",
"frag": "[EN]-⸢ia⸣",
"id": "P224491.l0232e",
"ref": "P224491.5.2",
"inst": "bēlīya[lord]N",
"sig": "@saao/saa19%akk-x-neoass:EN-ia=bēlu[lord//lord]N'N$bēlīya",
"f": {"lang": "akk-x-neoass",
"form": "EN-ia",
"cf": "bēlu",
"gw": "lord",
"sense": "lord",
"norm": "bēlīya",
"pos": "N",
"epos": "N"}
}
,
{
"node": "d",
"type": "nonx",
"ref": "P224491.6",
"strict": "0",
"state": "other"}
,
{
"node": "d",
"type": "line-start",
"ref": "P224491.7",
"n": "5",
"label": "o 5"}
,
{
"node": "l",
"frag": "⸢TA@v",
"id": "P224491.l0232f",
"ref": "P224491.7.1",
"inst": "+ištu[from+=concerning]PRP$issu",
"sig": "@saao/saa19%akk-x-neoass:TA@v=ištu[from//from]PRP'PRP$issu",
"f": {"lang": "akk-x-neoass",
"form": "TA@v",
"cf": "ištu",
"gw": "from",
"sense": "from",
"norm": "issu",
"pos": "PRP",
"epos": "PRP"}
}
,
{
"node": "l",
"frag": "UGU",
"id": "P224491.l02330",
"ref": "P224491.7.2",
"inst": "+muhhu[skull]N$muhhi",
"sig": "@saao/saa19%akk-x-neoass:UGU=muhhu[skull//skull]N'N$muhhi",
"f": {"lang": "akk-x-neoass",
"form": "UGU",
"cf": "muhhu",
"gw": "skull",
"sense": "skull",
"norm": "muhhi",
"pos": "N",
"epos": "N"}
}
,
{
"node": "l",
"frag": "URU",
"id": "P224491.l02331",
"ref": "P224491.7.3",
"inst": "āli[town]N",
"sig": "@saao/saa19%akk-x-neoass:URU=ālu[city//town]N'N$āli",
"f": {"lang": "akk-x-neoass",
"form": "URU",
"cf": "ālu",
"gw": "city",
"sense": "town",
"norm": "āli",
"pos": "N",
"epos": "N"}
}
,
{
"node": "l",
"frag": "ša⸣",
"id": "P224491.l02332",
"ref": "P224491.7.4",
"inst": "ša[of]DET",
"sig": "@saao/saa19%akk-x-neoass:ša=ša[of//of]DET'DET$ša",
"f": {"lang": "akk-x-neoass",
"form": "ša",
"cf": "ša",
"gw": "of",
"sense": "of",
"norm": "ša",
"pos": "DET",
"epos": "DET"}
}
,
{
"node": "l",
"frag": "{kur}⸢ma-za-mu⸣-[a-a]",
"id": "P224491.l02333",
"ref": "P224491.7.5",
"inst": "+Mazamuaya[1]EN$",
"sig": "@saao/saa19%akk-x-neoass:{KUR}ma-za-mu-a-a=Mazamuaya[1//1]EN'EN$Mazamuaya",
"f": {"lang": "akk-x-neoass",
"form": "{KUR}ma-za-mu-a-a",
"cf": "Mazamuaya",
"gw": "1",
"sense": "1",
"norm": "Mazamuaya",
"pos": "EN",
"epos": "EN"}
}
,
{
"node": "d",
"type": "line-start",
"ref": "P224491.8",
"n": "6",
"label": "o 6"}
,
{
"node": "l",
"frag": "⸢ša",
"id": "P224491.l02334",
"ref": "P224491.8.1",
"inst": "ša[which]REL",
"sig": "@saao/saa19%akk-x-neoass:ša=ša[that//which]REL'REL$ša",
"f": {"lang": "akk-x-neoass",
"form": "ša",
"cf": "ša",
"gw": "that",
"sense": "which",
"norm": "ša",
"pos": "REL",
"epos": "REL"}
}
,
{
"node": "l",
"frag": "LUGAL⸣",
"id": "P224491.l02335",
"ref": "P224491.8.2",
"inst": "šarru[king]N",
"sig": "@saao/saa19%akk-x-neoass:LUGAL=šarru[king//king]N'N$šarri",
"f": {"lang": "akk-x-neoass",
"form": "LUGAL",
"cf": "šarru",
"gw": "king",
"sense": "king",
"norm": "šarri",
"pos": "N",
"epos": "N"}
}
,
{
"node": "l",
"frag": "EN",
"id": "P224491.l02336",
"ref": "P224491.8.3",
"inst": "bēlī[lord]N",
"sig": "@saao/saa19%akk-x-neoass:EN=bēlu[lord//lord]N'N$bēlī",
"f": {"lang": "akk-x-neoass",
"form": "EN",
"cf": "bēlu",
"gw": "lord",
"sense": "lord",
"norm": "bēlī",
"pos": "N",
"epos": "N"}
}
,
{
"node": "l",
"frag": "⸢iš-pur-a-ni⸣",
"id": "P224491.l02337",
"ref": "P224491.8.4",
"inst": "išpuranni[write]V",
"sig": "@saao/saa19%akk-x-neoass:iš-pur-a-ni=šapāru[send//write]V'V$išpuranni",
"f": {"lang": "akk-x-neoass",
"form": "iš-pur-a-ni",
"cf": "šapāru",
"gw": "send",
"sense": "write",
"norm": "išpuranni",
"pos": "V",
"epos": "V"}
}
,
{
"node": "d",
"type": "line-start",
"ref": "P224491.9",
"n": "7",
"label": "o 7"}
,
{
"node": "l",
"frag": "⸢ma-a",
"id": "P224491.l02338",
"ref": "P224491.9.1",
"inst": "mā[saying]PRP",
"sig": "@saao/saa19%akk-x-neoass:ma-a=mā[saying//saying]PRP'PRP$mā",
"f": {"lang": "akk-x-neoass",
"form": "ma-a",
"cf": "mā",
"gw": "saying",
"sense": "saying",
"norm": "mā",
"pos": "PRP",
"epos": "PRP"}
}
,
{
"node": "l",
"frag": "ki",
"id": "P224491.l02339",
"ref": "P224491.9.2",
"inst": "+kī[like+=how much?]PRP$kî",
"sig": "@saao/saa19%akk-x-neoass:ki=kī[like//like]PRP'PRP$kî",
"f": {"lang": "akk-x-neoass",
"form": "ki",
"cf": "kī",
"gw": "like",
"sense": "like",
"norm": "kî",
"pos": "PRP",
"epos": "PRP"}
}
,
{
"node": "l",
"frag": "ma-ṣi⸣",
"id": "P224491.l0233a",
"ref": "P224491.9.3",
"inst": "+maṣû[correspond]V$maṣi",
"sig": "@saao/saa19%akk-x-neoass:ma-ṣi=maṣû[correspond//be able to]V'V$maṣi",
"f": {"lang": "akk-x-neoass",
"form": "ma-ṣi",
"cf": "maṣû",
"gw": "correspond",
"sense": "be able to",
"norm": "maṣi",
"pos": "V",
"epos": "V"}
}
,
{
"node": "d",
"type": "line-start",
"ref": "P224491.10",
"n": "8",
"label": "o 8"}
,
{
"node": "l",
"frag": "{⸢še⸣}NUMUN",
"id": "P224491.l0233b",
"ref": "P224491.10.1",
"inst": "zarʾē[seed(s)]N",
"sig": "@saao/saa19%akk-x-neoass:{ŠE}NUMUN=zēru[seed(s)//agricultural land]N'N$zarʾē",
"f": {"lang": "akk-x-neoass",
"form": "{ŠE}NUMUN",
"cf": "zēru",
"gw": "seed(s)",
"sense": "agricultural land",
"norm": "zarʾē",
"pos": "N",
"epos": "N"}
}
,
{
"node": "l",
"frag": "⸢ina",
"id": "P224491.l0233c",
"ref": "P224491.10.2",
"inst": "ina[in+=in]PRP",
"sig": "@saao/saa19%akk-x-neoass:ina=ina[in//in]PRP'PRP$ina",
"f": {"lang": "akk-x-neoass",
"form": "ina",
"cf": "ina",
"gw": "in",
"sense": "in",
"norm": "ina",
"pos": "PRP",
"epos": "PRP"}
}
,
{
"node": "l",
"frag": "ŠA₃⸣-bi",
"id": "P224491.l0233d",
"ref": "P224491.10.3",
"inst": "libbi[interior]N",
"sig": "@saao/saa19%akk-x-neoass:ŠA₃-bi=libbu[interior//interior]N'N$libbi",
"f": {"lang": "akk-x-neoass",
"form": "ŠA₃-bi",
"cf": "libbu",
"gw": "interior",
"sense": "interior",
"norm": "libbi",
"pos": "N",
"epos": "N"}
}
,
{
"node": "d",
"type": "line-start",
"ref": "P224491.11",
"n": "9",
"label": "o 9"}
,
{
"node": "l",
"frag": "⸢x",
"id": "P224491.l0233e",
"ref": "P224491.11.1",
"inst": "u",
"f": {"lang": "akk-x-neoass",
"form": "x",
"pos": "u"}
}
,
{
"node": "l",
"frag": "x",
"id": "P224491.l0233f",
"ref": "P224491.11.2",
"inst": "u",
"f": {"lang": "akk-x-neoass",
"form": "x",
"pos": "u"}
}
,
{
"node": "l",
"frag": "x",
"id": "P224491.l02340",
"ref": "P224491.11.3",
"inst": "u",
"f": {"lang": "akk-x-neoass",
"form": "x",
"pos": "u"}
}
,
{
"node": "l",
"frag": "x",
"id": "P224491.l02341",
"ref": "P224491.11.4",
"inst": "u",
"f": {"lang": "akk-x-neoass",
"form": "x",
"pos": "u"}
}
,
{
"node": "l",
"frag": "{še⸣}NUMUN-šu₂-nu",
"id": "P224491.l02342",
"ref": "P224491.11.5",
"inst": "+zēru[seed(s)]N$zarʾēšunu",
"sig": "@saao/saa19%akk-x-neoass:{ŠE}NUMUN-šu₂-nu=zēru[seed(s)//seed(s)]N'N$zarʾēšunu",
"f": {"lang": "akk-x-neoass",
"form": "{ŠE}NUMUN-šu₂-nu",
"cf": "zēru",
"gw": "seed(s)",
"sense": "seed(s)",
"norm": "zarʾēšunu",
"pos": "N",
"epos": "N"}
}
,
{
"node": "d",
"type": "line-start",
"ref": "P224491.12",
"n": "10",
"label": "o 10"}
,
{
"node": "l",
"frag": "⸢lu",
"id": "P224491.l02343",
"ref": "P224491.12.1",
"inst": "u",
"f": {"lang": "akk-x-neoass",
"form": "lu",
"pos": "u"}
}
,
{
"node": "l",
"frag": "x⸣+[x]",
"id": "P224491.l02344",
"ref": "P224491.12.2",
"inst": "u",
"f": {"lang": "akk-x-neoass",
"form": "x+x",
"pos": "u"}
}
,
{
"node": "l",
"frag": "hi",
"id": "P224491.l02345",
"ref": "P224491.12.3",
"inst": "u",
"f": {"lang": "akk-x-neoass",
"form": "hi",
"pos": "u"}
}
,
{
"node": "l",
"frag": "[x]",
"id": "P224491.l02346",
"ref": "P224491.12.4",
"inst": "u",
"f": {"lang": "akk-x-neoass",
"form": "x",
"pos": "u"}
}
,
{
"node": "l",
"frag": "⸢x",
"id": "P224491.l02347",
"ref": "P224491.12.5",
"inst": "u",
"f": {"lang": "akk-x-neoass",
"form": "x",
"pos": "u"}
}
,
{
"node": "l",
"frag": "ti",
"id": "P224491.l02348",
"ref": "P224491.12.6",
"inst": "u",
"f": {"lang": "akk-x-neoass",
"form": "ti",
"pos": "u"}
}
,
{
"node": "l",
"frag": "u₂⸣",
"id": "P224491.l02349",
"ref": "P224491.12.7",
"inst": "u",
"f": {"lang": "akk-x-neoass",
"form": "u₂",
"pos": "u"}
}
,
{
"node": "d",
"type": "line-start",
"ref": "P224491.13",
"n": "11",
"label": "o 11"}
,
{
"node": "l",
"frag": "⸢ki-i",
"id": "P224491.l0234a",
"ref": "P224491.13.1",
"inst": "kî[in accordance with]PRP",
"sig": "@saao/saa19%akk-x-neoass:ki-i=kī[like//in accordance with]PRP'PRP$kî",
"f": {"lang": "akk-x-neoass",
"form": "ki-i",
"cf": "kī",
"gw": "like",
"sense": "in accordance with",
"norm": "kî",
"pos": "PRP",
"epos": "PRP"}
}
,
{
"node": "l",
"frag": "ša⸣",
"id": "P224491.l0234b",
"ref": "P224491.13.2",
"inst": "ša[what]REL",
"sig": "@saao/saa19%akk-x-neoass:ša=ša[that//what]REL'REL$ša",
"f": {"lang": "akk-x-neoass",
"form": "ša",
"cf": "ša",
"gw": "that",
"sense": "what",
"norm": "ša",
"pos": "REL",
"epos": "REL"}
}
,
{
"node": "l",
"frag": "[LUGAL]",
"id": "P224491.l0234c",
"ref": "P224491.13.3",
"inst": "šarru[king]N",
"sig": "@saao/saa19%akk-x-neoass:LUGAL=šarru[king//king]N'N$šarri",
"f": {"lang": "akk-x-neoass",
"form": "LUGAL",
"cf": "šarru",
"gw": "king",
"sense": "king",
"norm": "šarri",
"pos": "N",
"epos": "N"}
}
,
{
"node": "l",
"frag": "⸢be-li₂⸣",
"id": "P224491.l0234d",
"ref": "P224491.13.4",
"inst": "bēlī[lord]N",
"sig": "@saao/saa19%akk-x-neoass:be-li₂=bēlu[lord//lord]N'N$bēlī",
"f": {"lang": "akk-x-neoass",
"form": "be-li₂",
"cf": "bēlu",
"gw": "lord",
"sense": "lord",
"norm": "bēlī",
"pos": "N",
"epos": "N"}
}
,
{
"node": "d",
"type": "line-start",
"ref": "P224491.14",
"n": "12",
"label": "o 12"}
,
{
"node": "l",
"frag": "[iq]-⸢bu-u₂-ni⸣",
"id": "P224491.l0234e",
"ref": "P224491.14.1",
"inst": "iqbûni[say]V",
"sig": "@saao/saa19%akk-x-neoass:iq-bu-u₂-ni=qabû[say//say]V'V$iqbûni",
"f": {"lang": "akk-x-neoass",
"form": "iq-bu-u₂-ni",
"cf": "qabû",
"gw": "say",
"sense": "say",
"norm": "iqbûni",
"pos": "V",
"epos": "V"}
}
,
{
"node": "d",
"type": "line-start",
"ref": "P224491.15",
"n": "13",
"label": "o 13"}
,
{
"node": "l",
"frag": "⸢a-na",
"id": "P224491.l0234f",
"ref": "P224491.15.1",
"inst": "ana[to]PRP",
"sig": "@saao/saa19%akk-x-neoass:a-na=ana[to//to]PRP'PRP$ana",
"f": {"lang": "akk-x-neoass",
"form": "a-na",
"cf": "ana",
"gw": "to",
"sense": "to",
"norm": "ana",
"pos": "PRP",
"epos": "PRP"}
}
,
{
"node": "c",
"type": "phrase",
"tag": "phr",
"id": "P224491.U4",
"ref": "P224491.ls00000",
"cdl": [
{
"node": "l",
"frag": "{lu₂vm}EN-URU-MEŠ⸣",
"id": "P224491.l02350",
"ref": "P224491.15.2",
"cof-tails": "P224491.l02351",
"inst": "bēlu[lord]N$bēl&ālu[city]N$ālāni",
"sig": "@saao/saa19%akk-x-neoass:{LU₂}EN-URU-MEŠ=bēlu[lord//lord]N'N$bēl&&@saao/saa19%akk-x-neoass:=ālu[city//city]N'N$ālāni",
"f": {"lang": "akk-x-neoass",
"form": "{LU₂}EN-URU-MEŠ",
"cf": "bēlu",
"gw": "lord",
"sense": "lord",
"norm": "bēl",
"pos": "N",
"epos": "N"}
}
,
{
"node": "l",
"frag": "{lu₂vm}EN-URU-MEŠ⸣",
"id": "P224491.l02351",
"ref": "P224491.15.2",
"cof-head": "P224491.l02350",
"inst": "bēlu[lord]N$bēl&ālu[city]N$ālāni",
"tail-sig": "@saao/saa19%akk-x-neoass:=ālu[city//city]N'N$ālāni",
"f": {"lang": "akk-x-neoass",
"form": "{LU₂}EN-URU-MEŠ",
"cf": "ālu",
"gw": "city",
"sense": "city",
"norm": "ālāni",
"pos": "N",
"epos": "N"}
}
]}
,
{
"node": "d",
"type": "line-start",
"ref": "P224491.16",
"n": "14",
"label": "o 14"}
,
{
"node": "l",
"frag": "⸢x",
"id": "P224491.l02352",
"ref": "P224491.16.1",
"inst": "u",
"f": {"lang": "akk-x-neoass",
"form": "x",
"pos": "u"}
}
,
{
"node": "l",
"frag": "x",
"id": "P224491.l02353",
"ref": "P224491.16.2",
"inst": "u",
"f": {"lang": "akk-x-neoass",
"form": "x",
"pos": "u"}
}
,
{
"node": "l",
"frag": "x",
"id": "P224491.l02354",
"ref": "P224491.16.3",
"inst": "u",
"f": {"lang": "akk-x-neoass",
"form": "x",
"pos": "u"}
}
,
{
"node": "l",
"frag": "LU₂~v\\m",
"id": "P224491.l02355",
"ref": "P224491.16.4",
"inst": "u",
"f": {"lang": "akk-x-neoass",
"form": "LU₂",
"pos": "u"}
}
,
{
"node": "l",
"frag": "x⸣",
"id": "P224491.l02356",
"ref": "P224491.16.5",
"inst": "u",
"f": {"lang": "akk-x-neoass",
"form": "x",
"pos": "u"}
}
,
{
"node": "l",
"frag": "[x]+⸢x⸣",
"id": "P224491.l02357",
"ref": "P224491.16.6",
"inst": "u",
"f": {"lang": "akk-x-neoass",
"form": "x+x",
"pos": "u"}
}
,
{
"node": "l",
"frag": "[x]",
"id": "P224491.l02358",
"ref": "P224491.16.7",
"inst": "u",
"f": {"lang": "akk-x-neoass",
"form": "x",
"pos": "u"}
}
,
{
"node": "d",
"type": "line-start",
"ref": "P224491.17",
"n": "15",
"label": "o 15"}
,
{
"node": "l",
"frag": "[x]+⸢x",
"id": "P224491.l02359",
"ref": "P224491.17.1",
"inst": "u",
"f": {"lang": "akk-x-neoass",
"form": "x+x",
"pos": "u"}
}
,
{
"node": "l",
"frag": "x",
"id": "P224491.l0235a",
"ref": "P224491.17.2",
"inst": "u",
"f": {"lang": "akk-x-neoass",
"form": "x",
"pos": "u"}
}
,
{
"node": "l",
"frag": "x",
"id": "P224491.l0235b",
"ref": "P224491.17.3",
"inst": "u",
"f": {"lang": "akk-x-neoass",
"form": "x",
"pos": "u"}
}
,
{
"node": "l",
"frag": "x⸣",
"id": "P224491.l0235c",
"ref": "P224491.17.4",
"inst": "u",
"f": {"lang": "akk-x-neoass",
"form": "x",
"pos": "u"}
}
,
{
"node": "l",
"frag": "[x]+⸢x",
"id": "P224491.l0235d",
"ref": "P224491.17.5",
"inst": "u",
"f": {"lang": "akk-x-neoass",
"form": "x+x",
"pos": "u"}
}
,
{
"node": "l",
"frag": "x⸣+[x",
"id": "P224491.l0235e",
"ref": "P224491.17.6",
"inst": "u",
"f": {"lang": "akk-x-neoass",
"form": "x+x",
"pos": "u"}
}
,
{
"node": "l",
"frag": "x]",
"id": "P224491.l0235f",
"ref": "P224491.17.7",
"inst": "u",
"f": {"lang": "akk-x-neoass",
"form": "x",
"pos": "u"}
}
,
{
"node": "d",
"type": "nonx",
"ref": "P224491.18",
"strict": "0",
"state": "other"}
,
{
"node": "d",
"subtype": "bottom",
"type": "surface",
"ref": "P224491.b.e..19",
"type": "bottom",
"label": "b.e."}
,
{
"node": "d",
"type": "line-start",
"ref": "P224491.20",
"n": "16",
"label": "b.e. 16"}
,
{
"node": "l",
"frag": "[x",
"id": "P224491.l02360",
"ref": "P224491.20.1",
"inst": "u",
"f": {"lang": "akk-x-neoass",
"form": "x",
"pos": "u"}
}
,
{
"node": "l",
"frag": "x",
"id": "P224491.l02361",
"ref": "P224491.20.2",
"inst": "u",
"f": {"lang": "akk-x-neoass",
"form": "x",
"pos": "u"}
}
,
{
"node": "l",
"frag": "x]+⸢x⸣",
"id": "P224491.l02362",
"ref": "P224491.20.3",
"inst": "u",
"f": {"lang": "akk-x-neoass",
"form": "x+x",
"pos": "u"}
}
,
{
"node": "l",
"frag": "[x",
"id": "P224491.l02363",
"ref": "P224491.20.4",
"inst": "u",
"f": {"lang": "akk-x-neoass",
"form": "x",
"pos": "u"}
}
,
{
"node": "l",
"frag": "x",
"id": "P224491.l02364",
"ref": "P224491.20.5",
"inst": "u",
"f": {"lang": "akk-x-neoass",
"form": "x",
"pos": "u"}
}
,
{
"node": "l",
"frag": "x",
"id": "P224491.l02365",
"ref": "P224491.20.6",
"inst": "u",
"f": {"lang": "akk-x-neoass",
"form": "x",
"pos": "u"}
}
,
{
"node": "l",
"frag": "x]",
"id": "P224491.l02366",
"ref": "P224491.20.7",
"inst": "u",
"f": {"lang": "akk-x-neoass",
"form": "x",
"pos": "u"}
}
,
{
"node": "d",
"type": "line-start",
"ref": "P224491.21",
"n": "17",
"label": "b.e. 17"}
,
{
"node": "l",
"frag": "[x",
"id": "P224491.l02367",
"ref": "P224491.21.1",
"inst": "u",
"f": {"lang": "akk-x-neoass",
"form": "x",
"pos": "u"}
}
,
{
"node": "l",
"frag": "x",
"id": "P224491.l02368",
"ref": "P224491.21.2",
"inst": "u",
"f": {"lang": "akk-x-neoass",
"form": "x",
"pos": "u"}
}
,
{
"node": "l",
"frag": "x]+⸢x⸣",
"id": "P224491.l02369",
"ref": "P224491.21.3",
"inst": "u",
"f": {"lang": "akk-x-neoass",
"form": "x+x",
"pos": "u"}
}
,
{
"node": "l",
"frag": "šu₂",
"id": "P224491.l0236a",
"ref": "P224491.21.4",
"inst": "u",
"f": {"lang": "akk-x-neoass",
"form": "šu₂",
"pos": "u"}
}
,
{
"node": "l",
"frag": "[x",
"id": "P224491.l0236b",
"ref": "P224491.21.5",
"inst": "u",
"f": {"lang": "akk-x-neoass",
"form": "x",
"pos": "u"}
}
,
{
"node": "l",
"frag": "x",
"id": "P224491.l0236c",
"ref": "P224491.21.6",
"inst": "u",
"f": {"lang": "akk-x-neoass",
"form": "x",
"pos": "u"}
}
,
{
"node": "l",
"frag": "x",
"id": "P224491.l0236d",
"ref": "P224491.21.7",
"inst": "u",
"f": {"lang": "akk-x-neoass",
"form": "x",
"pos": "u"}
}
,
{
"node": "l",
"frag": "x]",
"id": "P224491.l0236e",
"ref": "P224491.21.8",
"inst": "u",
"f": {"lang": "akk-x-neoass",
"form": "x",
"pos": "u"}
}
,
{
"node": "d",
"subtype": "reverse",
"type": "surface",
"ref": "P224491.r.22",
"type": "reverse",
"label": "r"}
,
{
"node": "d",
"type": "line-start",
"ref": "P224491.23",
"n": "1",
"label": "r 1"}
,
{
"node": "l",
"frag": "[x",
"id": "P224491.l0236f",
"ref": "P224491.23.1",
"inst": "u",
"f": {"lang": "akk-x-neoass",
"form": "x",
"pos": "u"}
}
,
{
"node": "l",
"frag": "x]+⸢x⸣",
"id": "P224491.l02370",
"ref": "P224491.23.2",
"inst": "u",
"f": {"lang": "akk-x-neoass",
"form": "x+x",
"pos": "u"}
}
,
{
"node": "l",
"frag": "[x",
"id": "P224491.l02371",
"ref": "P224491.23.3",
"inst": "u",
"f": {"lang": "akk-x-neoass",
"form": "x",
"pos": "u"}
}
,
{
"node": "l",
"frag": "x]+⸢x⸣",
"id": "P224491.l02372",
"ref": "P224491.23.4",
"inst": "u",
"f": {"lang": "akk-x-neoass",
"form": "x+x",
"pos": "u"}
}
,
{
"node": "l",
"frag": "[x]+⸢x⸣",
"id": "P224491.l02373",
"ref": "P224491.23.5",
"inst": "u",
"f": {"lang": "akk-x-neoass",
"form": "x+x",
"pos": "u"}
}
,
{
"node": "l",
"frag": "[x",
"id": "P224491.l02374",
"ref": "P224491.23.6",
"inst": "u",
"f": {"lang": "akk-x-neoass",
"form": "x",
"pos": "u"}
}
,
{
"node": "l",
"frag": "x]+⸢x⸣",
"id": "P224491.l02375",
"ref": "P224491.23.7",
"inst": "u",
"f": {"lang": "akk-x-neoass",
"form": "x+x",
"pos": "u"}
}
,
{
"node": "d",
"type": "line-start",
"ref": "P224491.24",
"n": "2",
"label": "r 2"}
,
{
"node": "l",
"frag": "[x",
"id": "P224491.l02376",
"ref": "P224491.24.1",
"inst": "u",
"f": {"lang": "akk-x-neoass",
"form": "x",
"pos": "u"}
}
,
{
"node": "l",
"frag": "x",
"id": "P224491.l02377",
"ref": "P224491.24.2",
"inst": "u",
"f": {"lang": "akk-x-neoass",
"form": "x",
"pos": "u"}
}
,
{
"node": "l",
"frag": "x",
"id": "P224491.l02378",
"ref": "P224491.24.3",
"inst": "u",
"f": {"lang": "akk-x-neoass",
"form": "x",
"pos": "u"}
}
,
{
"node": "l",
"frag": "x",
"id": "P224491.l02379",
"ref": "P224491.24.4",
"inst": "u",
"f": {"lang": "akk-x-neoass",
"form": "x",
"pos": "u"}
}
,
{
"node": "l",
"frag": "x",
"id": "P224491.l0237a",
"ref": "P224491.24.5",
"inst": "u",
"f": {"lang": "akk-x-neoass",
"form": "x",
"pos": "u"}
}
,
{
"node": "l",
"frag": "x]+⸢x⸣",
"id": "P224491.l0237b",
"ref": "P224491.24.6",
"inst": "u",
"f": {"lang": "akk-x-neoass",
"form": "x+x",
"pos": "u"}
}
,
{
"node": "d",
"type": "line-start",
"ref": "P224491.25",
"n": "3",
"label": "r 3"}
,
{
"node": "l",
"frag": "⸢x⸣+[x",
"id": "P224491.l0237c",
"ref": "P224491.25.1",
"inst": "u",
"f": {"lang": "akk-x-neoass",
"form": "x+x",
"pos": "u"}
}
,
{
"node": "l",
"frag": "x",
"id": "P224491.l0237d",
"ref": "P224491.25.2",
"inst": "u",
"f": {"lang": "akk-x-neoass",
"form": "x",
"pos": "u"}
}
,
{
"node": "l",
"frag": "x",
"id": "P224491.l0237e",
"ref": "P224491.25.3",
"inst": "u",
"f": {"lang": "akk-x-neoass",
"form": "x",
"pos": "u"}
}
,
{
"node": "l",
"frag": "x",
"id": "P224491.l0237f",
"ref": "P224491.25.4",
"inst": "u",
"f": {"lang": "akk-x-neoass",
"form": "x",
"pos": "u"}
}
,
{
"node": "l",
"frag": "x",
"id": "P224491.l02380",
"ref": "P224491.25.5",
"inst": "u",
"f": {"lang": "akk-x-neoass",
"form": "x",
"pos": "u"}
}
,
{
"node": "l",
"frag": "x]-⸢ni⸣",
"id": "P224491.l02381",
"ref": "P224491.25.6",
"inst": "u",
"f": {"lang": "akk-x-neoass",
"form": "x-ni",
"pos": "u"}
}
,
{
"node": "d",
"type": "line-start",
"ref": "P224491.26",
"n": "4",
"label": "r 4"}
,
{
"node": "l",
"frag": "[x",
"id": "P224491.l02382",
"ref": "P224491.26.1",
"inst": "u",
"f": {"lang": "akk-x-neoass",
"form": "x",
"pos": "u"}
}
,
{
"node": "l",
"frag": "x",
"id": "P224491.l02383",
"ref": "P224491.26.2",
"inst": "u",
"f": {"lang": "akk-x-neoass",
"form": "x",
"pos": "u"}
}
,
{
"node": "l",
"frag": "x",
"id": "P224491.l02384",
"ref": "P224491.26.3",
"inst": "u",
"f": {"lang": "akk-x-neoass",
"form": "x",
"pos": "u"}
}
,
{
"node": "l",
"frag": "x]+⸢x⸣",
"id": "P224491.l02385",
"ref": "P224491.26.4",
"inst": "u",
"f": {"lang": "akk-x-neoass",
"form": "x+x",
"pos": "u"}
}
,
{
"node": "l",
"frag": "šu₂-nu",
"id": "P224491.l02386",
"ref": "P224491.26.5",
"inst": "u",
"f": {"lang": "akk-x-neoass",
"form": "šu₂-nu",
"pos": "u"}
}
,
{
"node": "d",
"type": "line-start",
"ref": "P224491.27",
"n": "5",
"label": "r 5"}
,
{
"node": "l",
"frag": "[x",
"id": "P224491.l02387",
"ref": "P224491.27.1",
"inst": "u",
"f": {"lang": "akk-x-neoass",
"form": "x",
"pos": "u"}
}
,
{
"node": "l",
"frag": "x",
"id": "P224491.l02388",
"ref": "P224491.27.2",
"inst": "u",
"f": {"lang": "akk-x-neoass",
"form": "x",
"pos": "u"}
}
,
{
"node": "l",
"frag": "x",
"id": "P224491.l02389",
"ref": "P224491.27.3",
"inst": "u",
"f": {"lang": "akk-x-neoass",
"form": "x",
"pos": "u"}
}
,
{
"node": "l",
"frag": "x]+⸢x⸣",
"id": "P224491.l0238a",
"ref": "P224491.27.4",
"inst": "u",
"f": {"lang": "akk-x-neoass",
"form": "x+x",
"pos": "u"}
}
,
{
"node": "l",
"frag": "ina",
"id": "P224491.l0238b",
"ref": "P224491.27.5",
"inst": "ina[in+=in]PRP",
"sig": "@saao/saa19%akk-x-neoass:ina=ina[in//in]PRP'PRP$ina",
"f": {"lang": "akk-x-neoass",
"form": "ina",
"cf": "ina",
"gw": "in",
"sense": "in",
"norm": "ina",
"pos": "PRP",
"epos": "PRP"}
}
,
{
"node": "l",
"frag": "⸢ŠA₃⸣",
"id": "P224491.l0238c",
"ref": "P224491.27.6",
"inst": "libbi[interior]N",
"sig": "@saao/saa19%akk-x-neoass:ŠA₃=libbu[interior//interior]N'N$libbi",
"f": {"lang": "akk-x-neoass",
"form": "ŠA₃",
"cf": "libbu",
"gw": "interior",
"sense": "interior",
"norm": "libbi",
"pos": "N",
"epos": "N"}
}
,
{
"node": "d",
"type": "line-start",
"ref": "P224491.28",
"n": "6",
"label": "r 6"}
,
{
"node": "l",
"frag": "[x",
"id": "P224491.l0238d",
"ref": "P224491.28.1",
"inst": "u",
"f": {"lang": "akk-x-neoass",
"form": "x",
"pos": "u"}
}
,
{
"node": "l",
"frag": "x]",
"id": "P224491.l0238e",
"ref": "P224491.28.2",
"inst": "u",
"f": {"lang": "akk-x-neoass",
"form": "x",
"pos": "u"}
}
,
{
"node": "l",
"frag": "⸢ta⸣-hu-mu",
"id": "P224491.l0238f",
"ref": "P224491.28.3",
"inst": "tahūmu[border]N",
"sig": "@saao/saa19%akk-x-neoass:ta-hu-mu=tahūmu[boundary//border]N'N$tahūmu",
"f": {"lang": "akk-x-neoass",
"form": "ta-hu-mu",
"cf": "tahūmu",
"gw": "boundary",
"sense": "border",
"norm": "tahūmu",
"pos": "N",
"epos": "N"}
}
,
{
"node": "d",
"type": "line-start",
"ref": "P224491.29",
"n": "7",
"label": "r 7"}
,
{
"node": "l",
"frag": "⸢x⸣+[x",
"id": "P224491.l02390",
"ref": "P224491.29.1",
"inst": "u",
"f": {"lang": "akk-x-neoass",
"form": "x+x",
"pos": "u"}
}
,
{
"node": "l",
"frag": "x]",
"id": "P224491.l02391",
"ref": "P224491.29.2",
"inst": "u",
"f": {"lang": "akk-x-neoass",
"form": "x",
"pos": "u"}
}
,
{
"node": "l",
"frag": "⸢e-ka-la⸣",
"id": "P224491.l02392",
"ref": "P224491.29.3",
"inst": "+akālu[eat]V$ekkāla",
"sig": "@saao/saa19%akk-x-neoass:e-ka-la=akālu[eat//eat]V'V$ekkāla",
"f": {"lang": "akk-x-neoass",
"form": "e-ka-la",
"cf": "akālu",
"gw": "eat",
"sense": "eat",
"norm": "ekkāla",
"pos": "V",
"epos": "V"}
}
,
{
"node": "l",
"frag": "tal\\d-mid",
"id": "P224491.l02393",
"ref": "P224491.29.4",
"inst": "+talmīdu[apprentice]N$talmīd",
"sig": "@saao/saa19%akk-x-neoass:tal-mid=talmīdu[apprentice//apprentice]N'N$talmīd",
"f": {"lang": "akk-x-neoass",
"form": "tal-mid",
"cf": "talmīdu",
"gw": "apprentice",
"sense": "apprentice",
"norm": "talmīd",
"pos": "N",
"epos": "N"}
}
,
{
"node": "d",
"type": "line-start",
"ref": "P224491.30",
"n": "8",
"label": "r 8"}
,
{
"node": "l",
"frag": "⸢x",
"id": "P224491.l02394",
"ref": "P224491.30.1",
"inst": "u",
"f": {"lang": "akk-x-neoass",
"form": "x",
"pos": "u"}
}
,
{
"node": "l",
"frag": "x",
"id": "P224491.l02395",
"ref": "P224491.30.2",
"inst": "u",
"f": {"lang": "akk-x-neoass",
"form": "x",
"pos": "u"}
}
,
{
"node": "l",
"frag": "x",
"id": "P224491.l02396",
"ref": "P224491.30.3",
"inst": "u",
"f": {"lang": "akk-x-neoass",
"form": "x",
"pos": "u"}
}
,
{
"node": "l",
"frag": "URU⸣",
"id": "P224491.l02397",
"ref": "P224491.30.4",
"inst": "ālu[town]N",
"sig": "@saao/saa19%akk-x-neoass:URU=ālu[city//town]N'N$āli",
"f": {"lang": "akk-x-neoass",
"form": "URU",
"cf": "ālu",
"gw": "city",
"sense": "town",
"norm": "āli",
"pos": "N",
"epos": "N"}
}
,
{
"node": "l",
"frag": "an-⸢ni⸣-u",
"id": "P224491.l02398",
"ref": "P224491.30.5",
"inst": "annīu[this]DP",
"sig": "@saao/saa19%akk-x-neoass:an-ni-u=annû[this//this]DP'DP$annīu",
"f": {"lang": "akk-x-neoass",
"form": "an-ni-u",
"cf": "annû",
"gw": "this",
"sense": "this",
"norm": "annīu",
"pos": "DP",
"epos": "DP"}
}
,
{
"node": "d",
"type": "line-start",
"ref": "P224491.31",
"n": "9",
"label": "r 9"}
,
{
"node": "l",
"frag": "⸢ša⸣",
"id": "P224491.l02399",
"ref": "P224491.31.1",
"inst": "ša[of]DET",
"sig": "@saao/saa19%akk-x-neoass:ša=ša[of//of]DET'DET$ša",
"f": {"lang": "akk-x-neoass",
"form": "ša",
"cf": "ša",
"gw": "of",
"sense": "of",
"norm": "ša",
"pos": "DET",
"epos": "DET"}
}
,
{
"node": "l",
"frag": "{kur}ma-za-mu-a-⸢a⸣",
"id": "P224491.l0239a",
"ref": "P224491.31.2",
"inst": "+Mazamuaya[1]EN$",
"sig": "@saao/saa19%akk-x-neoass:{KUR}ma-za-mu-a-a=Mazamuaya[1//1]EN'EN$Mazamuaya",
"f": {"lang": "akk-x-neoass",
"form": "{KUR}ma-za-mu-a-a",
"cf": "Mazamuaya",
"gw": "1",
"sense": "1",
"norm": "Mazamuaya",
"pos": "EN",
"epos": "EN"}
}
,
{
"node": "d",
"type": "line-start",
"ref": "P224491.32",
"n": "10",
"label": "r 10"}
,
{
"node": "l",
"frag": "u₂-še-⸢lu⸣-u-⸢ni⸣",
"id": "P224491.l0239b",
"ref": "P224491.32.1",
"inst": "ušēlûni[promote]V",
"sig": "@saao/saa19%akk-x-neoass:u₂-še-lu-u-ni=elû[go up//promote]V'V$ušēlûni",
"f": {"lang": "akk-x-neoass",
"form": "u₂-še-lu-u-ni",
"cf": "elû",
"gw": "go up",
"sense": "promote",
"norm": "ušēlûni",
"pos": "V",
"epos": "V"}
}
,
{
"node": "d",
"type": "line-start",
"ref": "P224491.33",
"n": "11",
"label": "r 11"}
,
{
"node": "l",
"frag": "⸢ina",
"id": "P224491.l0239c",
"ref": "P224491.33.1",
"inst": "ina[in]PRP",
"sig": "@saao/saa19%akk-x-neoass:ina=ina[in//in]PRP'PRP$ina",
"f": {"lang": "akk-x-neoass",
"form": "ina",
"cf": "ina",
"gw": "in",
"sense": "in",
"norm": "ina",
"pos": "PRP",
"epos": "PRP"}
}
,
{
"node": "l",
"frag": "x",
"id": "P224491.l0239d",
"ref": "P224491.33.2",
"inst": "u",
"f": {"lang": "akk-x-neoass",
"form": "x",
"pos": "u"}
}
,
{
"node": "l",
"frag": "ri⸣",
"id": "P224491.l0239e",
"ref": "P224491.33.3",
"inst": "u",
"f": {"lang": "akk-x-neoass",
"form": "ri",
"pos": "u"}
}
,
{
"node": "l",
"frag": "ši",
"id": "P224491.l0239f",
"ref": "P224491.33.4",
"inst": "u",
"f": {"lang": "akk-x-neoass",
"form": "ši",
"pos": "u"}
}
,
{
"node": "l",
"frag": "[x]",
"id": "P224491.l023a0",
"ref": "P224491.33.5",
"inst": "u",
"f": {"lang": "akk-x-neoass",
"form": "x",
"pos": "u"}
}
,
{
"node": "d",
"type": "line-start",
"ref": "P224491.34",
"n": "12",
"label": "r 12"}
,
{
"node": "l",
"frag": "⸢x",
"id": "P224491.l023a1",
"ref": "P224491.34.1",
"inst": "u",
"f": {"lang": "akk-x-neoass",
"form": "x",
"pos": "u"}
}
,
{
"node": "l",
"frag": "x",
"id": "P224491.l023a2",
"ref": "P224491.34.2",
"inst": "u",
"f": {"lang": "akk-x-neoass",
"form": "x",
"pos": "u"}
}
,
{
"node": "l",
"frag": "x⸣-ma",
"id": "P224491.l023a3",
"ref": "P224491.34.3",
"inst": "u",
"f": {"lang": "akk-x-neoass",
"form": "x-ma",
"pos": "u"}
}
,
{
"node": "l",
"frag": "tal-mid",
"id": "P224491.l023a4",
"ref": "P224491.34.4",
"inst": "talmīd[apprentice]N",
"sig": "@saao/saa19%akk-x-neoass:tal-mid=talmīdu[apprentice//apprentice]N'N$talmīd",
"f": {"lang": "akk-x-neoass",
"form": "tal-mid",
"cf": "talmīdu",
"gw": "apprentice",
"sense": "apprentice",
"norm": "talmīd",
"pos": "N",
"epos": "N"}
}
,
{
"node": "d",
"type": "line-start",
"ref": "P224491.35",
"n": "13",
"label": "r 13"}
,
{
"node": "l",
"frag": "⸢x⸣",
"id": "P224491.l023a5",
"ref": "P224491.35.1",
"inst": "u",
"f": {"lang": "akk-x-neoass",
"form": "x",
"pos": "u"}
}
,
{
"node": "l",
"frag": "ka-a",
"id": "P224491.l023a6",
"ref": "P224491.35.2",
"inst": "u",
"f": {"lang": "akk-x-neoass",
"form": "ka-a",
"pos": "u"}
}
,
{
"node": "l",
"frag": "⸢x",
"id": "P224491.l023a7",
"ref": "P224491.35.3",
"inst": "u",
"f": {"lang": "akk-x-neoass",
"form": "x",
"pos": "u"}
}
,
{
"node": "l",
"frag": "ka⸣",
"id": "P224491.l023a8",
"ref": "P224491.35.4",
"inst": "u",
"f": {"lang": "akk-x-neoass",
"form": "ka",
"pos": "u"}
}
,
{
"node": "d",
"type": "line-start",
"ref": "P224491.36",
"n": "14",
"label": "r 14"}
,
{
"node": "l",
"frag": "⸢URU",
"id": "P224491.l023a9",
"ref": "P224491.36.1",
"inst": "ālu[town]N",
"sig": "@saao/saa19%akk-x-neoass:URU=ālu[city//town]N'N$āli",
"f": {"lang": "akk-x-neoass",
"form": "URU",
"cf": "ālu",
"gw": "city",
"sense": "town",
"norm": "āli",
"pos": "N",
"epos": "N"}
}
,
{
"node": "l",
"frag": "ša⸣",
"id": "P224491.l023aa",
"ref": "P224491.36.2",
"inst": "ša[of]DET",
"sig": "@saao/saa19%akk-x-neoass:ša=ša[of//of]DET'DET$ša",
"f": {"lang": "akk-x-neoass",
"form": "ša",
"cf": "ša",
"gw": "of",
"sense": "of",
"norm": "ša",
"pos": "DET",
"epos": "DET"}
}
,
{
"node": "l",
"frag": "{[kur]}⸢ma-za-mu-a-a⸣",
"id": "P224491.l023ab",
"ref": "P224491.36.3",
"inst": "+Mazamuaya[1]EN$",
"sig": "@saao/saa19%akk-x-neoass:{KUR}ma-za-mu-a-a=Mazamuaya[1//1]EN'EN$Mazamuaya",
"f": {"lang": "akk-x-neoass",
"form": "{KUR}ma-za-mu-a-a",
"cf": "Mazamuaya",
"gw": "1",
"sense": "1",
"norm": "Mazamuaya",
"pos": "EN",
"epos": "EN"}
}
,
{
"node": "d",
"type": "line-start",
"ref": "P224491.37",
"n": "15",
"label": "r 15"}
,
{
"node": "l",
"frag": "ina",
"id": "P224491.l023ac",
"ref": "P224491.37.1",
"inst": "ina[in]PRP",
"sig": "@saao/saa19%akk-x-neoass:ina=ina[in//in]PRP'PRP$ina",
"f": {"lang": "akk-x-neoass",
"form": "ina",
"cf": "ina",
"gw": "in",
"sense": "in",
"norm": "ina",
"pos": "PRP",
"epos": "PRP"}
}
,
{
"node": "l",
"frag": "⸢x",
"id": "P224491.l023ad",
"ref": "P224491.37.2",
"inst": "u",
"f": {"lang": "akk-x-neoass",
"form": "x",
"pos": "u"}
}
,
{
"node": "l",
"frag": "x",
"id": "P224491.l023ae",
"ref": "P224491.37.3",
"inst": "u",
"f": {"lang": "akk-x-neoass",
"form": "x",
"pos": "u"}
}
,
{
"node": "l",
"frag": "x⸣",
"id": "P224491.l023af",
"ref": "P224491.37.4",
"inst": "u",
"f": {"lang": "akk-x-neoass",
"form": "x",
"pos": "u"}
}
,
{
"node": "l",
"frag": "be",
"id": "P224491.l023b0",
"ref": "P224491.37.5",
"inst": "u",
"f": {"lang": "akk-x-neoass",
"form": "be",
"pos": "u"}
}
,
{
"node": "l",
"frag": "⸢x⸣+[x]",
"id": "P224491.l023b1",
"ref": "P224491.37.6",
"inst": "u",
"f": {"lang": "akk-x-neoass",
"form": "x+x",
"pos": "u"}
}
,
{
"node": "d",
"type": "line-start",
"ref": "P224491.38",
"n": "16",
"label": "r 16"}
,
{
"node": "l",
"frag": "⸢x",
"id": "P224491.l023b2",
"ref": "P224491.38.1",
"inst": "u",
"f": {"lang": "akk-x-neoass",
"form": "x",
"pos": "u"}
}
,
{
"node": "l",
"frag": "x",
"id": "P224491.l023b3",
"ref": "P224491.38.2",
"inst": "u",
"f": {"lang": "akk-x-neoass",
"form": "x",
"pos": "u"}
}
,
{
"node": "l",
"frag": "x⸣",
"id": "P224491.l023b4",
"ref": "P224491.38.3",
"inst": "u",
"f": {"lang": "akk-x-neoass",
"form": "x",
"pos": "u"}
}
,
{
"node": "l",
"frag": "[x",
"id": "P224491.l023b5",
"ref": "P224491.38.4",
"inst": "u",
"f": {"lang": "akk-x-neoass",
"form": "x",
"pos": "u"}
}
,
{
"node": "l",
"frag": "x",
"id": "P224491.l023b6",
"ref": "P224491.38.5",
"inst": "u",
"f": {"lang": "akk-x-neoass",
"form": "x",
"pos": "u"}
}
,
{
"node": "l",
"frag": "x]",
"id": "P224491.l023b7",
"ref": "P224491.38.6",
"inst": "u",
"f": {"lang": "akk-x-neoass",
"form": "x",
"pos": "u"}
}
,
{
"node": "l",
"frag": "nu",
"id": "P224491.l023b8",
"ref": "P224491.38.7",
"inst": "u",
"f": {"lang": "akk-x-neoass",
"form": "nu",
"pos": "u"}
}
,
{
"node": "d",
"subtype": "right",
"type": "surface",
"ref": "P224491.r.e..39",
"type": "right",
"label": "r.e."}
,
{
"node": "d",
"type": "line-start",
"ref": "P224491.40",
"n": "17",
"label": "r.e. 17"}
,
{
"node": "l",
"frag": "⸢x⸣+[x",
"id": "P224491.l023b9",
"ref": "P224491.40.1",
"inst": "u",
"f": {"lang": "akk-x-neoass",
"form": "x+x",
"pos": "u"}
}
,
{
"node": "l",
"frag": "x",
"id": "P224491.l023ba",
"ref": "P224491.40.2",
"inst": "u",
"f": {"lang": "akk-x-neoass",
"form": "x",
"pos": "u"}
}
,
{
"node": "l",
"frag": "x]",
"id": "P224491.l023bb",
"ref": "P224491.40.3",
"inst": "u",
"f": {"lang": "akk-x-neoass",
"form": "x",
"pos": "u"}
}
,
{
"node": "l",
"frag": "⸢x⸣",
"id": "P224491.l023bc",
"ref": "P224491.40.4",
"inst": "u",
"f": {"lang": "akk-x-neoass",
"form": "x",
"pos": "u"}
}
,
{
"node": "l",
"frag": "[x",
"id": "P224491.l023bd",
"ref": "P224491.40.5",
"inst": "u",
"f": {"lang": "akk-x-neoass",
"form": "x",
"pos": "u"}
}
,
{
"node": "l",
"frag": "x]+⸢x⸣",
"id": "P224491.l023be",
"ref": "P224491.40.6",
"inst": "u",
"f": {"lang": "akk-x-neoass",
"form": "x+x",
"pos": "u"}
}
,
{
"node": "l",
"frag": "[x",
"id": "P224491.l023bf",
"ref": "P224491.40.7",
"inst": "u",
"f": {"lang": "akk-x-neoass",
"form": "x",
"pos": "u"}
}
,
{
"node": "l",
"frag": "x]+⸢x⸣",
"id": "P224491.l023c0",
"ref": "P224491.40.8",
"inst": "u",
"f": {"lang": "akk-x-neoass",
"form": "x+x",
"pos": "u"}
}
,
{
"node": "d",
"type": "line-start",
"ref": "P224491.41",
"n": "18",
"label": "r.e. 18"}
,
{
"node": "l",
"frag": "⸢ru",
"id": "P224491.l023c1",
"ref": "P224491.41.1",
"inst": "u",
"f": {"lang": "akk-x-neoass",
"form": "ru",
"pos": "u"}
}
,
{
"node": "l",
"frag": "mu⸣",
"id": "P224491.l023c2",
"ref": "P224491.41.2",
"inst": "u",
"f": {"lang": "akk-x-neoass",
"form": "mu",
"pos": "u"}
}
,
{
"node": "l",
"frag": "[x",
"id": "P224491.l023c3",
"ref": "P224491.41.3",
"inst": "u",
"f": {"lang": "akk-x-neoass",
"form": "x",
"pos": "u"}
}
,
{
"node": "l",
"frag": "x",
"id": "P224491.l023c4",
"ref": "P224491.41.4",
"inst": "u",
"f": {"lang": "akk-x-neoass",
"form": "x",
"pos": "u"}
}
,
{
"node": "l",
"frag": "x]+⸢x⸣",
"id": "P224491.l023c5",
"ref": "P224491.41.5",
"inst": "u",
"f": {"lang": "akk-x-neoass",
"form": "x+x",
"pos": "u"}
}
,
{
"node": "l",
"frag": "[x]",
"id": "P224491.l023c6",
"ref": "P224491.41.6",
"inst": "u",
"f": {"lang": "akk-x-neoass",
"form": "x",
"pos": "u"}
}
,
{
"node": "d",
"type": "line-start",
"ref": "P224491.42",
"n": "19",
"label": "r.e. 19"}
,
{
"node": "l",
"frag": "ina",
"id": "P224491.l023c7",
"ref": "P224491.42.1",
"inst": "ina[in]PRP",
"sig": "@saao/saa19%akk-x-neoass:ina=ina[in//in]PRP'PRP$ina",
"f": {"lang": "akk-x-neoass",
"form": "ina",
"cf": "ina",
"gw": "in",
"sense": "in",
"norm": "ina",
"pos": "PRP",
"epos": "PRP"}
}
,
{
"node": "l",
"frag": "⸢x",
"id": "P224491.l023c8",
"ref": "P224491.42.2",
"inst": "u",
"f": {"lang": "akk-x-neoass",
"form": "x",
"pos": "u"}
}
,
{
"node": "l",
"frag": "ti",
"id": "P224491.l023c9",
"ref": "P224491.42.3",
"inst": "u",
"f": {"lang": "akk-x-neoass",
"form": "ti",
"pos": "u"}
}
,
{
"node": "l",
"frag": "x⸣",
"id": "P224491.l023ca",
"ref": "P224491.42.4",
"inst": "u",
"f": {"lang": "akk-x-neoass",
"form": "x",
"pos": "u"}
}
,
{
"node": "l",
"frag": "[x]",
"id": "P224491.l023cb",
"ref": "P224491.42.5",
"inst": "u",
"f": {"lang": "akk-x-neoass",
"form": "x",
"pos": "u"}
}
,
{
"node": "l",
"frag": "⸢x⸣",
"id": "P224491.l023cc",
"ref": "P224491.42.6",
"inst": "u",
"f": {"lang": "akk-x-neoass",
"form": "x",
"pos": "u"}
}
,
{
"node": "d",
"subtype": "edge",
"type": "surface",
"ref": "P224491.e..43",
"type": "edge",
"label": "e."}
,
{
"node": "d",
"type": "line-start",
"ref": "P224491.44",
"n": "1",
"label": "e. 1"}
,
{
"node": "l",
"frag": "⸢ina⸣",
"id": "P224491.l023cd",
"ref": "P224491.44.1",
"inst": "u",
"f": {"lang": "akk-x-neoass",
"form": "ina",
"pos": "u"}
}
,
{
"node": "l",
"frag": "be",
"id": "P224491.l023ce",
"ref": "P224491.44.2",
"inst": "u",
"f": {"lang": "akk-x-neoass",
"form": "be",
"pos": "u"}
}
,
{
"node": "l",
"frag": "⸢x⸣",
"id": "P224491.l023cf",
"ref": "P224491.44.3",
"inst": "u",
"f": {"lang": "akk-x-neoass",
"form": "x",
"pos": "u"}
}
,
{
"node": "l",
"frag": "[x]+⸢x⸣",
"id": "P224491.l023d0",
"ref": "P224491.44.4",
"inst": "u",
"f": {"lang": "akk-x-neoass",
"form": "x+x",
"pos": "u"}
}
,
{
"node": "l",
"frag": "li",
"id": "P224491.l023d1",
"ref": "P224491.44.5",
"inst": "u",
"f": {"lang": "akk-x-neoass",
"form": "li",
"pos": "u"}
}
,
{
"node": "l",
"frag": "[x",
"id": "P224491.l023d2",
"ref": "P224491.44.6",
"inst": "u",
"f": {"lang": "akk-x-neoass",
"form": "x",
"pos": "u"}
}
,
{
"node": "l",
"frag": "x]",
"id": "P224491.l023d3",
"ref": "P224491.44.7",
"inst": "u",
"f": {"lang": "akk-x-neoass",
"form": "x",
"pos": "u"}
}
,
{
"node": "d",
"type": "nonx",
"ref": "P224491.45",
"strict": "0",
"state": "other"}
]}
]}
]}
,
{
"linkbase": [{
"type": "linkset",
"xlink_title": "bēl āli[city lord//city lord]N'N",
"id": "P224491.ls00000",
"xlink_type": "extended",
"xlink_role": "psu",
"sig": "{{LU₂}EN-URU-MEŠ = bēlu[lord]N ālu[city]N += bēl āli[city lord//city lord]N'N}::@saao/saa19%akk-x-neoass:{LU₂}EN-URU-MEŠ=bēlu[lord//lord]N'N$bēl++@saao/saa19%akk-x-neoass:{LU₂}EN-URU-MEŠ=ālu[city//city]N'N$ālāni",
"links": [
{
"type": "link",
"xlink_title": "bēlu",
"xlink_type": "locator",
"xlink_href": "#P224491.l02350",
"xlink_role": "elt"}
,
{
"type": "link",
"xlink_title": "ālu",
"xlink_type": "locator",
"xlink_href": "#P224491.l02351",
"xlink_role": "elt"}
]}
]}
]}
