{
"type": "cdl",
  "source": "http://oracc.org/saao/saa19",
  "license": "This data is released under the CC0 license",
  "license-url": "https://creativecommons.org/publicdomain/zero/1.0/",
  "more-info": "http://oracc.org/doc/opendata/",
  "UTC-timestamp": "2017-05-19T12:03:42",
"project": "saao/saa19",
"textid": "P224434",
"cdl": [
{
"node": "c",
"type": "text",
"id": "P224434.U0",
"cdl": [
{
"node": "d",
"type": "object",
"ref": ""}
,
{
"node": "d",
"subtype": "obverse",
"type": "surface",
"ref": "P224434.o.1",
"type": "obverse",
"label": "o"}
,
{
"node": "c",
"type": "discourse",
"subtype": "body",
"id": "P224434.U1",
"cdl": [
{
"node": "c",
"type": "sentence",
"id": "P224434.U2",
"label": "o 1 - o 6",
"cdl": [
{
"node": "d",
"type": "line-start",
"ref": "P224434.2",
"n": "1",
"label": "o 1"}
,
{
"node": "l",
"frag": "[a-na]",
"id": "P224434.l063ae",
"ref": "P224434.2.1",
"inst": "ana[to]PRP",
"sig": "@saao/saa19%akk-x-neoass:a-na=ana[to//to]PRP'PRP$ana",
"f": {"lang": "akk-x-neoass",
"form": "a-na",
"cf": "ana",
"gw": "to",
"sense": "to",
"norm": "ana",
"pos": "PRP",
"epos": "PRP"}
}
,
{
"node": "l",
"frag": "⸢LUGAL⸣",
"id": "P224434.l063af",
"ref": "P224434.2.2",
"inst": "šarri[king]N",
"sig": "@saao/saa19%akk-x-neoass:LUGAL=šarru[king//king]N'N$šarri",
"f": {"lang": "akk-x-neoass",
"form": "LUGAL",
"cf": "šarru",
"gw": "king",
"sense": "king",
"norm": "šarri",
"pos": "N",
"epos": "N"}
}
,
{
"node": "l",
"frag": "EN-⸢ia₂⸣",
"id": "P224434.l063b0",
"ref": "P224434.2.3",
"inst": "bēlīya[lord]N",
"sig": "@saao/saa19%akk-x-neoass:EN-ia₂=bēlu[lord//lord]N'N$bēlīya",
"f": {"lang": "akk-x-neoass",
"form": "EN-ia₂",
"cf": "bēlu",
"gw": "lord",
"sense": "lord",
"norm": "bēlīya",
"pos": "N",
"epos": "N"}
}
,
{
"node": "d",
"type": "line-start",
"ref": "P224434.3",
"n": "2",
"label": "o 2"}
,
{
"node": "l",
"frag": "⸢ARAD⸣-ka",
"id": "P224434.l063b1",
"ref": "P224434.3.1",
"inst": "urdaka[servant]N",
"sig": "@saao/saa19%akk-x-neoass:ARAD-ka=ardu[slave//servant]N'N$urdaka",
"f": {"lang": "akk-x-neoass",
"form": "ARAD-ka",
"cf": "ardu",
"gw": "slave",
"sense": "servant",
"norm": "urdaka",
"pos": "N",
"epos": "N"}
}
,
{
"node": "l",
"frag": "{1}{d}⸢x⸣",
"id": "P224434.l063b2",
"ref": "P224434.3.2",
"inst": "u",
"f": {"lang": "akk-x-neoass",
"form": "{1}{d}x",
"pos": "u"}
}
,
{
"node": "l",
"frag": "[x]+⸢x",
"id": "P224434.l063b3",
"ref": "P224434.3.3",
"inst": "u",
"f": {"lang": "akk-x-neoass",
"form": "x+x",
"pos": "u"}
}
,
{
"node": "l",
"frag": "x⸣",
"id": "P224434.l063b4",
"ref": "P224434.3.4",
"inst": "u",
"f": {"lang": "akk-x-neoass",
"form": "x",
"pos": "u"}
}
,
{
"node": "l",
"frag": "[x]+⸢x⸣",
"id": "P224434.l063b5",
"ref": "P224434.3.5",
"inst": "u",
"f": {"lang": "akk-x-neoass",
"form": "x+x",
"pos": "u"}
}
,
{
"node": "d",
"type": "nonx",
"ref": "P224434.4",
"strict": "0",
"state": "other"}
,
{
"node": "d",
"type": "line-start",
"ref": "P224434.5",
"n": "3",
"label": "o 3"}
,
{
"node": "l",
"frag": "hu-ub\\d-tu₂",
"id": "P224434.l063b6",
"ref": "P224434.5.1",
"inst": "+hubtu[robbery//booty]N$",
"sig": "@saao/saa19%akk-x-neoass:hu-ub-tu₂=hubtu[robbery//booty]N'N$hubtu",
"f": {"lang": "akk-x-neoass",
"form": "hu-ub-tu₂",
"cf": "hubtu",
"gw": "robbery",
"sense": "booty",
"norm": "hubtu",
"pos": "N",
"epos": "N"}
}
,
{
"node": "l",
"frag": "ša\\dm",
"id": "P224434.l063b7",
"ref": "P224434.5.2",
"inst": "ša[which]REL",
"sig": "@saao/saa19%akk-x-neoass:ša=ša[that//which]REL'REL$ša",
"f": {"lang": "akk-x-neoass",
"form": "ša",
"cf": "ša",
"gw": "that",
"sense": "which",
"norm": "ša",
"pos": "REL",
"epos": "REL"}
}
,
{
"node": "l",
"frag": "⸢LUGAL⸣",
"id": "P224434.l063b8",
"ref": "P224434.5.3",
"inst": "šarru[king]N",
"sig": "@saao/saa19%akk-x-neoass:LUGAL=šarru[king//king]N'N$šarri",
"f": {"lang": "akk-x-neoass",
"form": "LUGAL",
"cf": "šarru",
"gw": "king",
"sense": "king",
"norm": "šarri",
"pos": "N",
"epos": "N"}
}
,
{
"node": "l",
"frag": "EN",
"id": "P224434.l063b9",
"ref": "P224434.5.4",
"inst": "bēlī[lord]N",
"sig": "@saao/saa19%akk-x-neoass:EN=bēlu[lord//lord]N'N$bēlī",
"f": {"lang": "akk-x-neoass",
"form": "EN",
"cf": "bēlu",
"gw": "lord",
"sense": "lord",
"norm": "bēlī",
"pos": "N",
"epos": "N"}
}
,
{
"node": "d",
"type": "line-start",
"ref": "P224434.6",
"n": "4",
"label": "o 4"}
,
{
"node": "l",
"frag": "⸢UDU⸣",
"id": "P224434.l063ba",
"ref": "P224434.6.1",
"inst": "immeru[sheep]N",
"sig": "@saao/saa19%akk-x-neoass:UDU=immeru[sheep//sheep]N'N$immeru",
"f": {"lang": "akk-x-neoass",
"form": "UDU",
"cf": "immeru",
"gw": "sheep",
"sense": "sheep",
"norm": "immeru",
"pos": "N",
"epos": "N"}
}
,
{
"node": "l",
"frag": "MUŠEN",
"id": "P224434.l063bb",
"ref": "P224434.6.2",
"inst": "+iṣṣūru[bird]N$",
"sig": "@saao/saa19%akk-x-neoass:MUŠEN=iṣṣūru[bird//bird]N'N$iṣṣūru",
"f": {"lang": "akk-x-neoass",
"form": "MUŠEN",
"cf": "iṣṣūru",
"gw": "bird",
"sense": "bird",
"norm": "iṣṣūru",
"pos": "N",
"epos": "N"}
}
,
{
"node": "d",
"frag": ":",
"type": "nonw",
"ref": "P224434.6.3",
"lang": "akk-x-neoass",
"type": "punct",
"gdl_delim": " "}
,
{
"node": "l",
"frag": "DA",
"id": "P224434.l063bc",
"ref": "P224434.6.4",
"inst": "+lû[bull]N$",
"sig": "@saao/saa19%akk-x-neoass:DA=lû[bull//bull]N'N$lû",
"f": {"lang": "akk-x-neoass",
"form": "DA",
"cf": "lû",
"gw": "bull",
"sense": "bull",
"norm": "lû",
"pos": "N",
"epos": "N"}
}
,
{
"node": "l",
"frag": "KU₆",
"id": "P224434.l063bd",
"ref": "P224434.6.5",
"inst": "+nūnu[fish]N$",
"sig": "@saao/saa19%akk-x-neoass:KU₆=nūnu[fish//fish]N'N$nūnu",
"f": {"lang": "akk-x-neoass",
"form": "KU₆",
"cf": "nūnu",
"gw": "fish",
"sense": "fish",
"norm": "nūnu",
"pos": "N",
"epos": "N"}
}
,
{
"node": "d",
"type": "line-start",
"ref": "P224434.7",
"n": "5",
"label": "o 5"}
,
{
"node": "l",
"frag": "[x]+⸢x⸣",
"id": "P224434.l063be",
"ref": "P224434.7.1",
"inst": "u",
"f": {"lang": "akk-x-neoass",
"form": "x+x",
"pos": "u"}
}
,
{
"node": "l",
"frag": "ŠE",
"id": "P224434.l063bf",
"ref": "P224434.7.2",
"inst": "šeʾu[grain]N",
"sig": "@saao/saa19%akk-x-neoass:ŠE=šeʾu[barley//grain]N'N$šeʾu",
"f": {"lang": "akk-x-neoass",
"form": "ŠE",
"cf": "šeʾu",
"gw": "barley",
"sense": "grain",
"norm": "šeʾu",
"pos": "N",
"epos": "N"}
}
,
{
"node": "l",
"frag": "⸢KAŠ⸣-ME",
"id": "P224434.l063c0",
"ref": "P224434.7.3",
"inst": "+šikaru[beer]N$šikārī",
"sig": "@saao/saa19%akk-x-neoass:KAŠ-ME=šikaru[beer//beer]N'N$šikārī",
"f": {"lang": "akk-x-neoass",
"form": "KAŠ-ME",
"cf": "šikaru",
"gw": "beer",
"sense": "beer",
"norm": "šikārī",
"pos": "N",
"epos": "N"}
}
,
{
"node": "l",
"frag": "02",
"id": "P224434.l063c1",
"ref": "P224434.7.4",
"inst": "n",
"f": {"lang": "akk-x-neoass",
"form": "02",
"pos": "n"}
}
,
{
"node": "l",
"frag": "lim⸣",
"id": "P224434.l063c2",
"ref": "P224434.7.5",
"inst": "līmu[thousand]NU",
"sig": "@saao/saa19%akk-x-neoass:lim=līm[thousand//thousand]NU'NU$līmu",
"f": {"lang": "akk-x-neoass",
"form": "lim",
"cf": "līm",
"gw": "thousand",
"sense": "thousand",
"norm": "līmu",
"pos": "NU",
"epos": "NU"}
}
,
{
"node": "d",
"type": "line-start",
"ref": "P224434.8",
"n": "6",
"label": "o 6"}
,
{
"node": "l",
"frag": "[x",
"id": "P224434.l063c3",
"ref": "P224434.8.1",
"inst": "u",
"f": {"lang": "akk-x-neoass",
"form": "x",
"pos": "u"}
}
,
{
"node": "l",
"frag": "x]-⸢MEŠ⸣",
"id": "P224434.l063c4",
"ref": "P224434.8.2",
"inst": "u",
"f": {"lang": "akk-x-neoass",
"form": "x-MEŠ",
"pos": "u"}
}
,
{
"node": "l",
"frag": "{še}⸢ZIB₂",
"id": "P224434.l063c5",
"ref": "P224434.8.3",
"inst": "+duhnu[millet]N$tuhnu",
"sig": "@saao/saa19%akk-x-neoass:{ŠE}ZIB₂=duhnu[millet//millet]N'N$tuhnu",
"f": {"lang": "akk-x-neoass",
"form": "{ŠE}ZIB₂",
"cf": "duhnu",
"gw": "millet",
"sense": "millet",
"norm": "tuhnu",
"pos": "N",
"epos": "N"}
}
,
{
"node": "l",
"frag": "SUM\\p{sar⸣}",
"id": "P224434.l063c6",
"ref": "P224434.8.4",
"inst": "+šūmū[garlic]N$šūmu",
"sig": "@saao/saa19%akk-x-neoass:SUM{SAR}=šūmū[garlic//garlic]N'N$šūmu",
"f": {"lang": "akk-x-neoass",
"form": "SUM{SAR}",
"cf": "šūmū",
"gw": "garlic",
"sense": "garlic",
"norm": "šūmu",
"pos": "N",
"epos": "N"}
}
,
{
"node": "d",
"type": "nonx",
"ref": "P224434.9",
"strict": "0",
"extent": "rest",
"state": "missing"}
,
{
"node": "d",
"subtype": "reverse",
"type": "surface",
"ref": "P224434.r.10",
"type": "reverse",
"label": "r"}
,
{
"node": "d",
"type": "nonx",
"ref": "P224434.11",
"strict": "0",
"state": "other"}
]}
]}
]}
]}
