{
"type": "cdl",
  "source": "http://oracc.org/saao/saa19",
  "license": "This data is released under the CC0 license",
  "license-url": "https://creativecommons.org/publicdomain/zero/1.0/",
  "more-info": "http://oracc.org/doc/opendata/",
  "UTC-timestamp": "2017-05-19T12:03:49",
"project": "saao/saa19",
"textid": "P224477",
"cdl": [
{
"node": "c",
"type": "text",
"id": "P224477.U0",
"cdl": [
{
"node": "d",
"type": "object",
"ref": ""}
,
{
"node": "d",
"subtype": "obverse",
"type": "surface",
"ref": "P224477.o.1",
"type": "obverse",
"label": "o"}
,
{
"node": "c",
"type": "discourse",
"subtype": "body",
"id": "P224477.U1",
"cdl": [
{
"node": "c",
"type": "sentence",
"id": "P224477.U2",
"label": "o 1 - r 8'",
"cdl": [
{
"node": "d",
"type": "line-start",
"ref": "P224477.2",
"n": "1",
"label": "o 1"}
,
{
"node": "l",
"frag": "[a-na",
"id": "P224477.l01bdd",
"ref": "P224477.2.1",
"inst": "ana[to]PRP",
"sig": "@saao/saa19%akk-x-neoass:a-na=ana[to//to]PRP'PRP$ana",
"f": {"lang": "akk-x-neoass",
"form": "a-na",
"cf": "ana",
"gw": "to",
"sense": "to",
"norm": "ana",
"pos": "PRP",
"epos": "PRP"}
}
,
{
"node": "l",
"frag": "LUGAL]",
"id": "P224477.l01bde",
"ref": "P224477.2.2",
"inst": "šarri[king]N",
"sig": "@saao/saa19%akk-x-neoass:LUGAL=šarru[king//king]N'N$šarri",
"f": {"lang": "akk-x-neoass",
"form": "LUGAL",
"cf": "šarru",
"gw": "king",
"sense": "king",
"norm": "šarri",
"pos": "N",
"epos": "N"}
}
,
{
"node": "l",
"frag": "⸢EN-ia⸣",
"id": "P224477.l01bdf",
"ref": "P224477.2.3",
"inst": "bēlīya[lord]N",
"sig": "@saao/saa19%akk-x-neoass:EN-ia=bēlu[lord//lord]N'N$bēlīya",
"f": {"lang": "akk-x-neoass",
"form": "EN-ia",
"cf": "bēlu",
"gw": "lord",
"sense": "lord",
"norm": "bēlīya",
"pos": "N",
"epos": "N"}
}
,
{
"node": "l",
"frag": "[ARAD-ka",
"id": "P224477.l01be0",
"ref": "P224477.2.4",
"inst": "urdaka[servant]N",
"sig": "@saao/saa19%akk-x-neoass:ARAD-ka=ardu[slave//servant]N'N$urdaka",
"f": {"lang": "akk-x-neoass",
"form": "ARAD-ka",
"cf": "ardu",
"gw": "slave",
"sense": "servant",
"norm": "urdaka",
"pos": "N",
"epos": "N"}
}
,
{
"node": "l",
"frag": "{1}x",
"id": "P224477.l01be1",
"ref": "P224477.2.5",
"inst": "u",
"f": {"lang": "akk-x-neoass",
"form": "{1}x",
"pos": "u"}
}
,
{
"node": "l",
"frag": "x",
"id": "P224477.l01be2",
"ref": "P224477.2.6",
"inst": "u",
"f": {"lang": "akk-x-neoass",
"form": "x",
"pos": "u"}
}
,
{
"node": "l",
"frag": "x]",
"id": "P224477.l01be3",
"ref": "P224477.2.7",
"inst": "u",
"f": {"lang": "akk-x-neoass",
"form": "x",
"pos": "u"}
}
,
{
"node": "d",
"type": "line-start",
"ref": "P224477.3",
"n": "2",
"label": "o 2"}
,
{
"node": "l",
"frag": "⸢a-na",
"id": "P224477.l01be4",
"ref": "P224477.3.1",
"inst": "ana[to]PRP",
"sig": "@saao/saa19%akk-x-neoass:a-na=ana[to//to]PRP'PRP$ana",
"f": {"lang": "akk-x-neoass",
"form": "a-na",
"cf": "ana",
"gw": "to",
"sense": "to",
"norm": "ana",
"pos": "PRP",
"epos": "PRP"}
}
,
{
"node": "l",
"frag": "LUGAL",
"id": "P224477.l01be5",
"ref": "P224477.3.2",
"inst": "šarri[king]N",
"sig": "@saao/saa19%akk-x-neoass:LUGAL=šarru[king//king]N'N$šarri",
"f": {"lang": "akk-x-neoass",
"form": "LUGAL",
"cf": "šarru",
"gw": "king",
"sense": "king",
"norm": "šarri",
"pos": "N",
"epos": "N"}
}
,
{
"node": "l",
"frag": "EN-ia⸣",
"id": "P224477.l01be6",
"ref": "P224477.3.3",
"inst": "bēlīya[lord]N",
"sig": "@saao/saa19%akk-x-neoass:EN-ia=bēlu[lord//lord]N'N$bēlīya",
"f": {"lang": "akk-x-neoass",
"form": "EN-ia",
"cf": "bēlu",
"gw": "lord",
"sense": "lord",
"norm": "bēlīya",
"pos": "N",
"epos": "N"}
}
,
{
"node": "l",
"frag": "i-⸢kar-ru⸣-[bu]",
"id": "P224477.l01be7",
"ref": "P224477.3.4",
"inst": "+karābu[pray to//bless]V$ikarrubu",
"sig": "@saao/saa19%akk-x-neoass:i-kar-ru-bu=karābu[pray to//bless]V'V$ikarrubu",
"f": {"lang": "akk-x-neoass",
"form": "i-kar-ru-bu",
"cf": "karābu",
"gw": "pray",
"sense": "bless",
"norm": "ikarrubu",
"pos": "V",
"epos": "V"}
}
,
{
"node": "d",
"type": "line-start",
"ref": "P224477.4",
"n": "3",
"label": "o 3"}
,
{
"node": "l",
"frag": "⸢ma-a⸣",
"id": "P224477.l01be8",
"ref": "P224477.4.1",
"inst": "mā[saying]PRP",
"sig": "@saao/saa19%akk-x-neoass:ma-a=mā[saying//saying]PRP'PRP$mā",
"f": {"lang": "akk-x-neoass",
"form": "ma-a",
"cf": "mā",
"gw": "saying",
"sense": "saying",
"norm": "mā",
"pos": "PRP",
"epos": "PRP"}
}
,
{
"node": "l",
"frag": "[x",
"id": "P224477.l01be9",
"ref": "P224477.4.2",
"inst": "u",
"f": {"lang": "akk-x-neoass",
"form": "x",
"pos": "u"}
}
,
{
"node": "l",
"frag": "x",
"id": "P224477.l01bea",
"ref": "P224477.4.3",
"inst": "u",
"f": {"lang": "akk-x-neoass",
"form": "x",
"pos": "u"}
}
,
{
"node": "l",
"frag": "x",
"id": "P224477.l01beb",
"ref": "P224477.4.4",
"inst": "u",
"f": {"lang": "akk-x-neoass",
"form": "x",
"pos": "u"}
}
,
{
"node": "l",
"frag": "x",
"id": "P224477.l01bec",
"ref": "P224477.4.5",
"inst": "u",
"f": {"lang": "akk-x-neoass",
"form": "x",
"pos": "u"}
}
,
{
"node": "l",
"frag": "x",
"id": "P224477.l01bed",
"ref": "P224477.4.6",
"inst": "u",
"f": {"lang": "akk-x-neoass",
"form": "x",
"pos": "u"}
}
,
{
"node": "l",
"frag": "a]-⸢na",
"id": "P224477.l01bee",
"ref": "P224477.4.7",
"inst": "ana[to]PRP",
"sig": "@saao/saa19%akk-x-neoass:a-na=ana[to//to]PRP'PRP$ana",
"f": {"lang": "akk-x-neoass",
"form": "a-na",
"cf": "ana",
"gw": "to",
"sense": "to",
"norm": "ana",
"pos": "PRP",
"epos": "PRP"}
}
,
{
"node": "l",
"frag": "LUGAL⸣",
"id": "P224477.l01bef",
"ref": "P224477.4.8",
"inst": "šarri[king]N",
"sig": "@saao/saa19%akk-x-neoass:LUGAL=šarru[king//king]N'N$šarri",
"f": {"lang": "akk-x-neoass",
"form": "LUGAL",
"cf": "šarru",
"gw": "king",
"sense": "king",
"norm": "šarri",
"pos": "N",
"epos": "N"}
}
,
{
"node": "d",
"type": "line-start",
"ref": "P224477.5",
"n": "4",
"label": "o 4"}
,
{
"node": "l",
"frag": "ma-[a",
"id": "P224477.l01bf0",
"ref": "P224477.5.1",
"inst": "mā[saying]PRP",
"sig": "@saao/saa19%akk-x-neoass:ma-a=mā[saying//saying]PRP'PRP$mā",
"f": {"lang": "akk-x-neoass",
"form": "ma-a",
"cf": "mā",
"gw": "saying",
"sense": "saying",
"norm": "mā",
"pos": "PRP",
"epos": "PRP"}
}
,
{
"node": "l",
"frag": "{d}x",
"id": "P224477.l01bf1",
"ref": "P224477.5.2",
"inst": "u",
"f": {"lang": "akk-x-neoass",
"form": "{d}x",
"pos": "u"}
}
,
{
"node": "l",
"frag": "x",
"id": "P224477.l01bf2",
"ref": "P224477.5.3",
"inst": "u",
"f": {"lang": "akk-x-neoass",
"form": "x",
"pos": "u"}
}
,
{
"node": "l",
"frag": "a]-⸢na⸣",
"id": "P224477.l01bf3",
"ref": "P224477.5.4",
"inst": "ana[to]PRP",
"sig": "@saao/saa19%akk-x-neoass:a-na=ana[to//to]PRP'PRP$ana",
"f": {"lang": "akk-x-neoass",
"form": "a-na",
"cf": "ana",
"gw": "to",
"sense": "to",
"norm": "ana",
"pos": "PRP",
"epos": "PRP"}
}
,
{
"node": "l",
"frag": "LUGAL",
"id": "P224477.l01bf4",
"ref": "P224477.5.5",
"inst": "šarri[king]N",
"sig": "@saao/saa19%akk-x-neoass:LUGAL=šarru[king//king]N'N$šarri",
"f": {"lang": "akk-x-neoass",
"form": "LUGAL",
"cf": "šarru",
"gw": "king",
"sense": "king",
"norm": "šarri",
"pos": "N",
"epos": "N"}
}
,
{
"node": "l",
"frag": "⸢EN-ia⸣",
"id": "P224477.l01bf5",
"ref": "P224477.5.6",
"inst": "bēlīya[lord]N",
"sig": "@saao/saa19%akk-x-neoass:EN-ia=bēlu[lord//lord]N'N$bēlīya",
"f": {"lang": "akk-x-neoass",
"form": "EN-ia",
"cf": "bēlu",
"gw": "lord",
"sense": "lord",
"norm": "bēlīya",
"pos": "N",
"epos": "N"}
}
,
{
"node": "d",
"type": "line-start",
"ref": "P224477.6",
"n": "5",
"label": "o 5"}
,
{
"node": "l",
"frag": "⸢u₂⸣-da-⸢ra⸣",
"id": "P224477.l01bf6",
"ref": "P224477.6.1",
"inst": "+darû[last (for ever)//make live forever]V'V$udarra",
"sig": "@saao/saa19%akk-x-neoass:u₂-da-ra=darû[last (for ever)//make live forever]V'V$udarra",
"f": {"lang": "akk-x-neoass",
"form": "u₂-da-ra",
"cf": "darû",
"gw": "last (for ever)",
"sense": "make live forever",
"norm": "udarra",
"pos": "V",
"epos": "V"}
}
,
{
"node": "d",
"type": "line-start",
"ref": "P224477.7",
"n": "6",
"label": "o 6"}
,
{
"node": "l",
"frag": "KUR",
"id": "P224477.l01bf7",
"ref": "P224477.7.1",
"inst": "u",
"f": {"lang": "akk-x-neoass",
"form": "KUR",
"pos": "u"}
}
,
{
"node": "l",
"frag": "⸢x",
"id": "P224477.l01bf8",
"ref": "P224477.7.2",
"inst": "u",
"f": {"lang": "akk-x-neoass",
"form": "x",
"pos": "u"}
}
,
{
"node": "l",
"frag": "x",
"id": "P224477.l01bf9",
"ref": "P224477.7.3",
"inst": "u",
"f": {"lang": "akk-x-neoass",
"form": "x",
"pos": "u"}
}
,
{
"node": "l",
"frag": "x",
"id": "P224477.l01bfa",
"ref": "P224477.7.4",
"inst": "u",
"f": {"lang": "akk-x-neoass",
"form": "x",
"pos": "u"}
}
,
{
"node": "l",
"frag": "x⸣",
"id": "P224477.l01bfb",
"ref": "P224477.7.5",
"inst": "u",
"f": {"lang": "akk-x-neoass",
"form": "x",
"pos": "u"}
}
,
{
"node": "l",
"frag": "i-sa-par",
"id": "P224477.l01bfc",
"ref": "P224477.7.6",
"inst": "issapar[send]V",
"sig": "@saao/saa19%akk-x-neoass:i-sa-par=šapāru[send//send]V'V$issapar",
"f": {"lang": "akk-x-neoass",
"form": "i-sa-par",
"cf": "šapāru",
"gw": "send",
"sense": "send",
"norm": "issapar",
"pos": "V",
"epos": "V"}
}
,
{
"node": "d",
"type": "line-start",
"ref": "P224477.8",
"n": "7",
"label": "o 7"}
,
{
"node": "l",
"frag": "ma-⸢a",
"id": "P224477.l01bfd",
"ref": "P224477.8.1",
"inst": "mā[saying]PRP",
"sig": "@saao/saa19%akk-x-neoass:ma-a=mā[saying//saying]PRP'PRP$mā",
"f": {"lang": "akk-x-neoass",
"form": "ma-a",
"cf": "mā",
"gw": "saying",
"sense": "saying",
"norm": "mā",
"pos": "PRP",
"epos": "PRP"}
}
,
{
"node": "l",
"frag": "x",
"id": "P224477.l01bfe",
"ref": "P224477.8.2",
"inst": "u",
"f": {"lang": "akk-x-neoass",
"form": "x",
"pos": "u"}
}
,
{
"node": "l",
"frag": "x",
"id": "P224477.l01bff",
"ref": "P224477.8.3",
"inst": "u",
"f": {"lang": "akk-x-neoass",
"form": "x",
"pos": "u"}
}
,
{
"node": "l",
"frag": "x⸣-ia",
"id": "P224477.l01c00",
"ref": "P224477.8.4",
"inst": "u",
"f": {"lang": "akk-x-neoass",
"form": "x-ia",
"pos": "u"}
}
,
{
"node": "d",
"type": "line-start",
"ref": "P224477.9",
"n": "8",
"label": "o 8"}
,
{
"node": "l",
"frag": "[x",
"id": "P224477.l01c01",
"ref": "P224477.9.1",
"inst": "u",
"f": {"lang": "akk-x-neoass",
"form": "x",
"pos": "u"}
}
,
{
"node": "l",
"frag": "x",
"id": "P224477.l01c02",
"ref": "P224477.9.2",
"inst": "u",
"f": {"lang": "akk-x-neoass",
"form": "x",
"pos": "u"}
}
,
{
"node": "l",
"frag": "x",
"id": "P224477.l01c03",
"ref": "P224477.9.3",
"inst": "u",
"f": {"lang": "akk-x-neoass",
"form": "x",
"pos": "u"}
}
,
{
"node": "l",
"frag": "x",
"id": "P224477.l01c04",
"ref": "P224477.9.4",
"inst": "u",
"f": {"lang": "akk-x-neoass",
"form": "x",
"pos": "u"}
}
,
{
"node": "l",
"frag": "x",
"id": "P224477.l01c05",
"ref": "P224477.9.5",
"inst": "u",
"f": {"lang": "akk-x-neoass",
"form": "x",
"pos": "u"}
}
,
{
"node": "l",
"frag": "x",
"id": "P224477.l01c06",
"ref": "P224477.9.6",
"inst": "u",
"f": {"lang": "akk-x-neoass",
"form": "x",
"pos": "u"}
}
,
{
"node": "l",
"frag": "x]+⸢x",
"id": "P224477.l01c07",
"ref": "P224477.9.7",
"inst": "u",
"f": {"lang": "akk-x-neoass",
"form": "x+x",
"pos": "u"}
}
,
{
"node": "l",
"frag": "LUGAL\\d⸣",
"id": "P224477.l01c08",
"ref": "P224477.9.8",
"inst": "šarru[king]N",
"sig": "@saao/saa19%akk-x-neoass:LUGAL=šarru[king//king]N'N$šarri",
"f": {"lang": "akk-x-neoass",
"form": "LUGAL",
"cf": "šarru",
"gw": "king",
"sense": "king",
"norm": "šarri",
"pos": "N",
"epos": "N"}
}
,
{
"node": "l",
"frag": "be-li₂",
"id": "P224477.l01c09",
"ref": "P224477.9.9",
"inst": "bēlī[lord]N",
"sig": "@saao/saa19%akk-x-neoass:be-li₂=bēlu[lord//lord]N'N$bēlī",
"f": {"lang": "akk-x-neoass",
"form": "be-li₂",
"cf": "bēlu",
"gw": "lord",
"sense": "lord",
"norm": "bēlī",
"pos": "N",
"epos": "N"}
}
,
{
"node": "d",
"type": "nonx",
"ref": "P224477.10",
"strict": "0",
"extent": "rest",
"state": "missing"}
,
{
"node": "d",
"type": "nonx",
"ref": "P224477.11",
"strict": "0",
"extent": "beginning",
"state": "missing"}
,
{
"node": "d",
"subtype": "reverse",
"type": "surface",
"ref": "P224477.r.12",
"type": "reverse",
"label": "r"}
,
{
"node": "d",
"type": "line-start",
"ref": "P224477.13",
"n": "1'",
"label": "r 1'"}
,
{
"node": "l",
"frag": "[ina]",
"id": "P224477.l01c0a",
"ref": "P224477.13.1",
"inst": "+ina[in+=concerning]PRP$",
"sig": "@saao/saa19%akk-x-neoass:ina=ina[in//in]PRP'PRP$ina",
"f": {"lang": "akk-x-neoass",
"form": "ina",
"cf": "ina",
"gw": "in",
"sense": "in",
"norm": "ina",
"pos": "PRP",
"epos": "PRP"}
}
,
{
"node": "l",
"frag": "⸢UGU",
"id": "P224477.l01c0b",
"ref": "P224477.13.2",
"inst": "+muhhu[skull]N$muhhi",
"sig": "@saao/saa19%akk-x-neoass:UGU=muhhu[skull//skull]N'N$muhhi",
"f": {"lang": "akk-x-neoass",
"form": "UGU",
"cf": "muhhu",
"gw": "skull",
"sense": "skull",
"norm": "muhhi",
"pos": "N",
"epos": "N"}
}
,
{
"node": "l",
"frag": "x",
"id": "P224477.l01c0c",
"ref": "P224477.13.3",
"inst": "u",
"f": {"lang": "akk-x-neoass",
"form": "x",
"pos": "u"}
}
,
{
"node": "l",
"frag": "x",
"id": "P224477.l01c0d",
"ref": "P224477.13.4",
"inst": "u",
"f": {"lang": "akk-x-neoass",
"form": "x",
"pos": "u"}
}
,
{
"node": "l",
"frag": "x⸣",
"id": "P224477.l01c0e",
"ref": "P224477.13.5",
"inst": "u",
"f": {"lang": "akk-x-neoass",
"form": "x",
"pos": "u"}
}
,
{
"node": "l",
"frag": "[x",
"id": "P224477.l01c0f",
"ref": "P224477.13.6",
"inst": "u",
"f": {"lang": "akk-x-neoass",
"form": "x",
"pos": "u"}
}
,
{
"node": "l",
"frag": "x]",
"id": "P224477.l01c10",
"ref": "P224477.13.7",
"inst": "u",
"f": {"lang": "akk-x-neoass",
"form": "x",
"pos": "u"}
}
,
{
"node": "d",
"type": "line-start",
"ref": "P224477.14",
"n": "2'",
"label": "r 2'"}
,
{
"node": "l",
"frag": "⸢ša⸣",
"id": "P224477.l01c11",
"ref": "P224477.14.1",
"inst": "ša[who]REL",
"sig": "@saao/saa19%akk-x-neoass:ša=ša[that//who]REL'REL$ša",
"f": {"lang": "akk-x-neoass",
"form": "ša",
"cf": "ša",
"gw": "that",
"sense": "who",
"norm": "ša",
"pos": "REL",
"epos": "REL"}
}
,
{
"node": "l",
"frag": "LUGAL",
"id": "P224477.l01c12",
"ref": "P224477.14.2",
"inst": "šarru[king]N",
"sig": "@saao/saa19%akk-x-neoass:LUGAL=šarru[king//king]N'N$šarri",
"f": {"lang": "akk-x-neoass",
"form": "LUGAL",
"cf": "šarru",
"gw": "king",
"sense": "king",
"norm": "šarri",
"pos": "N",
"epos": "N"}
}
,
{
"node": "l",
"frag": "be-li₂",
"id": "P224477.l01c13",
"ref": "P224477.14.3",
"inst": "bēlī[lord]N",
"sig": "@saao/saa19%akk-x-neoass:be-li₂=bēlu[lord//lord]N'N$bēlī",
"f": {"lang": "akk-x-neoass",
"form": "be-li₂",
"cf": "bēlu",
"gw": "lord",
"sense": "lord",
"norm": "bēlī",
"pos": "N",
"epos": "N"}
}
,
{
"node": "l",
"frag": "iš-⸢pur⸣-[an-ni]",
"id": "P224477.l01c14",
"ref": "P224477.14.4",
"inst": "išpuranni[write]V",
"sig": "@saao/saa19%akk-x-neoass:iš-pur-an-ni=šapāru[send//write]V'V$išpuranni",
"f": {"lang": "akk-x-neoass",
"form": "iš-pur-an-ni",
"cf": "šapāru",
"gw": "send",
"sense": "write",
"norm": "išpuranni",
"pos": "V",
"epos": "V"}
}
,
{
"node": "d",
"type": "line-start",
"ref": "P224477.15",
"n": "3'",
"label": "r 3'"}
,
{
"node": "l",
"frag": "⸢ma⸣",
"id": "P224477.l01c15",
"ref": "P224477.15.1",
"inst": "mā[saying]PRP",
"sig": "@saao/saa19%akk-x-neoass:ma=mā[saying//saying]PRP'PRP$mā",
"f": {"lang": "akk-x-neoass",
"form": "ma",
"cf": "mā",
"gw": "saying",
"sense": "saying",
"norm": "mā",
"pos": "PRP",
"epos": "PRP"}
}
,
{
"node": "l",
"frag": "mi₃-nu\\y",
"id": "P224477.l01c16",
"ref": "P224477.15.2",
"inst": "mīnu[what?]QP",
"sig": "@saao/saa19%akk-x-neoass:mi₃-nu=mīnu[what?//what?]QP'QP$mīnu",
"f": {"lang": "akk-x-neoass",
"form": "mi₃-nu",
"cf": "mīnu",
"gw": "what?",
"sense": "what?",
"norm": "mīnu",
"pos": "QP",
"epos": "QP"}
}
,
{
"node": "l",
"frag": "ša\\dpm",
"id": "P224477.l01c17",
"ref": "P224477.15.3",
"inst": "ša[that]REL",
"sig": "@saao/saa19%akk-x-neoass:ša=ša[that//whose]REL'REL$ša",
"f": {"lang": "akk-x-neoass",
"form": "ša",
"cf": "ša",
"gw": "that",
"sense": "whose",
"norm": "ša",
"pos": "REL",
"epos": "REL"}
}
,
{
"node": "l",
"frag": "ṭe₃-en-⸢šu₂-ni⸣",
"id": "P224477.l01c18",
"ref": "P224477.15.4",
"inst": "ṭēnšūni[report]N",
"sig": "@saao/saa19%akk-x-neoass:ṭe₃-en-šu₂-ni=ṭēmu[(fore)thought//report]N'N$ṭēnšūni",
"f": {"lang": "akk-x-neoass",
"form": "ṭe₃-en-šu₂-ni",
"cf": "ṭēmu",
"gw": "(fore)thought",
"sense": "report",
"norm": "ṭēnšūni",
"pos": "N",
"epos": "N"}
}
,
{
"node": "d",
"type": "line-start",
"ref": "P224477.16",
"n": "4'",
"label": "r 4'"}
,
{
"node": "l",
"frag": "hur\\p-ṣa",
"id": "P224477.l01c19",
"ref": "P224477.16.1",
"inst": "hurṣa[clear up]V",
"sig": "@saao/saa19%akk-x-neoass:hur-ṣa=harāṣu[break off//clear up]V'V$hurṣa",
"f": {"lang": "akk-x-neoass",
"form": "hur-ṣa",
"cf": "harāṣu",
"gw": "break off",
"sense": "clear up",
"norm": "hurṣa",
"pos": "V",
"epos": "V"}
}
,
{
"node": "l",
"frag": "šup-ra",
"id": "P224477.l01c1a",
"ref": "P224477.16.2",
"inst": "šupra[write]V",
"sig": "@saao/saa19%akk-x-neoass:šup-ra=šapāru[send//write]V'V$šupra",
"f": {"lang": "akk-x-neoass",
"form": "šup-ra",
"cf": "šapāru",
"gw": "send",
"sense": "write",
"norm": "šupra",
"pos": "V",
"epos": "V"}
}
,
{
"node": "l",
"frag": "ina",
"id": "P224477.l01c1b",
"ref": "P224477.16.3",
"inst": "ina[in]PRP",
"sig": "@saao/saa19%akk-x-neoass:ina=ina[in//in]PRP'PRP$ina",
"f": {"lang": "akk-x-neoass",
"form": "ina",
"cf": "ina",
"gw": "in",
"sense": "in",
"norm": "ina",
"pos": "PRP",
"epos": "PRP"}
}
,
{
"node": "l",
"frag": "KUR-šu",
"id": "P224477.l01c1c",
"ref": "P224477.16.4",
"inst": "mātīšu[land]N",
"sig": "@saao/saa19%akk-x-neoass:KUR-šu=mātu[land//land]N'N$mātīšu",
"f": {"lang": "akk-x-neoass",
"form": "KUR-šu",
"cf": "mātu",
"gw": "land",
"sense": "land",
"norm": "mātīšu",
"pos": "N",
"epos": "N"}
}
,
{
"node": "l",
"frag": "šu₂-u",
"id": "P224477.l01c1d",
"ref": "P224477.16.5",
"inst": "šû[he]IP",
"sig": "@saao/saa19%akk-x-neoass:šu₂-u=šū[he//he]IP'IP$šû",
"f": {"lang": "akk-x-neoass",
"form": "šu₂-u",
"cf": "šū",
"gw": "he",
"sense": "he",
"norm": "šû",
"pos": "IP",
"epos": "IP"}
}
,
{
"node": "d",
"type": "line-start",
"ref": "P224477.17",
"n": "5'",
"label": "r 5'"}
,
{
"node": "l",
"frag": "⸢dul⸣-lu-šu₂",
"id": "P224477.l01c1e",
"ref": "P224477.17.1",
"inst": "+dullu[trouble//work]N$dullušu",
"sig": "@saao/saa19%akk-x-neoass:dul-lu-šu₂=dullu[trouble//work]N'N$dullušu",
"f": {"lang": "akk-x-neoass",
"form": "dul-lu-šu₂",
"cf": "dullu",
"gw": "trouble",
"sense": "work",
"norm": "dullušu",
"pos": "N",
"epos": "N"}
}
,
{
"node": "l",
"frag": "e-pa-aš₂",
"id": "P224477.l01c1f",
"ref": "P224477.17.2",
"inst": "eppaš[do]V",
"sig": "@saao/saa19%akk-x-neoass:e-pa-aš₂=epēšu[do//do]V'V$eppaš",
"f": {"lang": "akk-x-neoass",
"form": "e-pa-aš₂",
"cf": "epēšu",
"gw": "do",
"sense": "do",
"norm": "eppaš",
"pos": "V",
"epos": "V"}
}
,
{
"node": "l",
"frag": "KUR-su\\t",
"id": "P224477.l01c20",
"ref": "P224477.17.3",
"inst": "māssu[land]N",
"sig": "@saao/saa19%akk-x-neoass:KUR-su=mātu[land//land]N'N$māssu",
"f": {"lang": "akk-x-neoass",
"form": "KUR-su",
"cf": "mātu",
"gw": "land",
"sense": "land",
"norm": "māssu",
"pos": "N",
"epos": "N"}
}
,
{
"node": "l",
"frag": "gab-bu",
"id": "P224477.l01c21",
"ref": "P224477.17.4",
"inst": "+gabbu[totality//whole]N'AJ$",
"sig": "@saao/saa19%akk-x-neoass:gab-bu=gabbu[totality//whole]N'AJ$gabbu",
"f": {"lang": "akk-x-neoass",
"form": "gab-bu",
"cf": "gabbu",
"gw": "totality",
"sense": "whole",
"norm": "gabbu",
"pos": "N",
"epos": "AJ"}
}
,
{
"node": "d",
"type": "line-start",
"ref": "P224477.18",
"n": "6'",
"label": "r 6'"}
,
{
"node": "l",
"frag": "ne₂-ha-at",
"id": "P224477.l01c22",
"ref": "P224477.18.1",
"inst": "nēhat[calm]AJ",
"sig": "@saao/saa19%akk-x-neoass:ne₂-ha-at=nēhu[calm//calm]AJ'AJ$nēhat",
"f": {"lang": "akk-x-neoass",
"form": "ne₂-ha-at",
"cf": "nēhu",
"gw": "calm",
"sense": "calm",
"norm": "nēhat",
"pos": "AJ",
"epos": "AJ"}
}
,
{
"node": "l",
"frag": "⸢dul⸣-la-šu₂-nu",
"id": "P224477.l01c23",
"ref": "P224477.18.2",
"inst": "dullašunu[work]N",
"sig": "@saao/saa19%akk-x-neoass:dul-la-šu₂-nu=dullu[trouble//work]N'N$dullašunu",
"f": {"lang": "akk-x-neoass",
"form": "dul-la-šu₂-nu",
"cf": "dullu",
"gw": "trouble",
"sense": "work",
"norm": "dullašunu",
"pos": "N",
"epos": "N"}
}
,
{
"node": "l",
"frag": "e-pu-šu",
"id": "P224477.l01c24",
"ref": "P224477.18.3",
"inst": "eppušu[do]V",
"sig": "@saao/saa19%akk-x-neoass:e-pu-šu=epēšu[do//do]V'V$eppušu",
"f": {"lang": "akk-x-neoass",
"form": "e-pu-šu",
"cf": "epēšu",
"gw": "do",
"sense": "do",
"norm": "eppušu",
"pos": "V",
"epos": "V"}
}
,
{
"node": "d",
"type": "line-start",
"ref": "P224477.19",
"n": "7'",
"label": "r 7'"}
,
{
"node": "l",
"frag": "{lu₂v}ERIM-MEŠ-šu₂",
"id": "P224477.l01c25",
"ref": "P224477.19.1",
"inst": "ṣābānīšu[troops]N",
"sig": "@saao/saa19%akk-x-neoass:{LU₂}ERIM-MEŠ-šu₂=ṣābu[people//troops]N'N$ṣābānīšu",
"f": {"lang": "akk-x-neoass",
"form": "{LU₂}ERIM-MEŠ-šu₂",
"cf": "ṣābu",
"gw": "people",
"sense": "troops",
"norm": "ṣābānīšu",
"pos": "N",
"epos": "N"}
}
,
{
"node": "l",
"frag": "ina",
"id": "P224477.l01c26",
"ref": "P224477.19.2",
"inst": "ina[in]PRP",
"sig": "@saao/saa19%akk-x-neoass:ina=ina[in//in]PRP'PRP$ina",
"f": {"lang": "akk-x-neoass",
"form": "ina",
"cf": "ina",
"gw": "in",
"sense": "in",
"norm": "ina",
"pos": "PRP",
"epos": "PRP"}
}
,
{
"node": "l",
"frag": "{uru}HAL.ṢU",
"id": "P224477.l01c27",
"ref": "P224477.19.3",
"inst": "bīrti[fort]N",
"sig": "@saao/saa19%akk-x-neoass:{URU}HAL.ṢU=birtu[fort//fort]N'N$bīrti",
"f": {"lang": "akk-x-neoass",
"form": "{URU}HAL.ṢU",
"cf": "birtu",
"gw": "fort",
"sense": "fort",
"norm": "bīrti",
"pos": "N",
"epos": "N"}
}
,
{
"node": "d",
"type": "line-start",
"ref": "P224477.20",
"n": "8'",
"label": "r 8'"}
,
{
"node": "l",
"frag": "⸢dul-lu⸣",
"id": "P224477.l01c28",
"ref": "P224477.20.1",
"inst": "dullu[work]N",
"sig": "@saao/saa19%akk-x-neoass:dul-lu=dullu[trouble//work]N'N$dullu",
"f": {"lang": "akk-x-neoass",
"form": "dul-lu",
"cf": "dullu",
"gw": "trouble",
"sense": "work",
"norm": "dullu",
"pos": "N",
"epos": "N"}
}
,
{
"node": "l",
"frag": "e-pu-šu",
"id": "P224477.l01c29",
"ref": "P224477.20.2",
"inst": "eppušu[do]V",
"sig": "@saao/saa19%akk-x-neoass:e-pu-šu=epēšu[do//do]V'V$eppušu",
"f": {"lang": "akk-x-neoass",
"form": "e-pu-šu",
"cf": "epēšu",
"gw": "do",
"sense": "do",
"norm": "eppušu",
"pos": "V",
"epos": "V"}
}
,
{
"node": "d",
"type": "nonx",
"ref": "P224477.21",
"strict": "0",
"extent": "1",
"scope": "line",
"state": "other"}
]}
]}
]}
]}
