{
"type": "cdl",
  "source": "http://oracc.org/saao/saa19",
  "license": "This data is released under the CC0 license",
  "license-url": "https://creativecommons.org/publicdomain/zero/1.0/",
  "more-info": "http://oracc.org/doc/opendata/",
  "UTC-timestamp": "2017-05-19T12:03:53",
"project": "saao/saa19",
"textid": "P224502",
"cdl": [
{
"node": "c",
"type": "text",
"id": "P224502.U0",
"cdl": [
{
"node": "d",
"type": "object",
"ref": ""}
,
{
"node": "d",
"subtype": "obverse",
"type": "surface",
"ref": "P224502.o.1",
"type": "obverse",
"label": "o"}
,
{
"node": "c",
"type": "discourse",
"subtype": "body",
"id": "P224502.U1",
"cdl": [
{
"node": "c",
"type": "sentence",
"id": "P224502.U2",
"label": "o 1 - r 2",
"cdl": [
{
"node": "d",
"type": "line-start",
"ref": "P224502.2",
"n": "1",
"label": "o 1"}
,
{
"node": "l",
"frag": "a-na",
"id": "P224502.l017db",
"ref": "P224502.2.1",
"inst": "ana[to]PRP",
"sig": "@saao/saa19%akk-x-neoass:a-na=ana[to//to]PRP'PRP$ana",
"f": {"lang": "akk-x-neoass",
"form": "a-na",
"cf": "ana",
"gw": "to",
"sense": "to",
"norm": "ana",
"pos": "PRP",
"epos": "PRP"}
}
,
{
"node": "l",
"frag": "LUGAL",
"id": "P224502.l017dc",
"ref": "P224502.2.2",
"inst": "šarri[king]N",
"sig": "@saao/saa19%akk-x-neoass:LUGAL=šarru[king//king]N'N$šarri",
"f": {"lang": "akk-x-neoass",
"form": "LUGAL",
"cf": "šarru",
"gw": "king",
"sense": "king",
"norm": "šarri",
"pos": "N",
"epos": "N"}
}
,
{
"node": "l",
"frag": "EN-⸢ia⸣",
"id": "P224502.l017dd",
"ref": "P224502.2.3",
"inst": "bēlīya[lord]N",
"sig": "@saao/saa19%akk-x-neoass:EN-ia=bēlu[lord//lord]N'N$bēlīya",
"f": {"lang": "akk-x-neoass",
"form": "EN-ia",
"cf": "bēlu",
"gw": "lord",
"sense": "lord",
"norm": "bēlīya",
"pos": "N",
"epos": "N"}
}
,
{
"node": "d",
"type": "line-start",
"ref": "P224502.3",
"n": "2",
"label": "o 2"}
,
{
"node": "l",
"frag": "⸢ARAD-ka⸣",
"id": "P224502.l017de",
"ref": "P224502.3.1",
"inst": "urdaka[servant]N",
"sig": "@saao/saa19%akk-x-neoass:ARAD-ka=ardu[slave//servant]N'N$urdaka",
"f": {"lang": "akk-x-neoass",
"form": "ARAD-ka",
"cf": "ardu",
"gw": "slave",
"sense": "servant",
"norm": "urdaka",
"pos": "N",
"epos": "N"}
}
,
{
"node": "l",
"frag": "{1}⸢BAD₃⸣-aš-⸢šur⸣",
"id": "P224502.l017df",
"ref": "P224502.3.2",
"inst": "+Duri-Aššur[02]PN$",
"sig": "@saao/saa19%akk-x-neoass:{1}BAD₃-aš-šur=Duri-Aššur[02//02]PN'PN$Duri-Aššur",
"f": {"lang": "akk-x-neoass",
"form": "{1}BAD₃-aš-šur",
"cf": "Duri-Aššur",
"gw": "02",
"sense": "02",
"norm": "Duri-Aššur",
"pos": "PN",
"epos": "PN"}
}
,
{
"node": "d",
"type": "line-start",
"ref": "P224502.4",
"n": "3",
"label": "o 3"}
,
{
"node": "l",
"frag": "[lu",
"id": "P224502.l017e0",
"ref": "P224502.4.1",
"inst": "lū[may]MOD",
"sig": "@saao/saa19%akk-x-neoass:lu=lū[may//may]MOD'MOD$lū",
"f": {"lang": "akk-x-neoass",
"form": "lu",
"cf": "lū",
"gw": "may",
"sense": "may",
"norm": "lū",
"pos": "MOD",
"epos": "MOD"}
}
,
{
"node": "l",
"frag": "DI]-⸢mu",
"id": "P224502.l017e1",
"ref": "P224502.4.2",
"inst": "šulmu[health]N",
"sig": "@saao/saa19%akk-x-neoass:DI-mu=šulmu[completeness//health]N'N$šulmu",
"f": {"lang": "akk-x-neoass",
"form": "DI-mu",
"cf": "šulmu",
"gw": "completeness",
"sense": "health",
"norm": "šulmu",
"pos": "N",
"epos": "N"}
}
,
{
"node": "l",
"frag": "a-na⸣",
"id": "P224502.l017e2",
"ref": "P224502.4.3",
"inst": "ana[to]PRP",
"sig": "@saao/saa19%akk-x-neoass:a-na=ana[to//to]PRP'PRP$ana",
"f": {"lang": "akk-x-neoass",
"form": "a-na",
"cf": "ana",
"gw": "to",
"sense": "to",
"norm": "ana",
"pos": "PRP",
"epos": "PRP"}
}
,
{
"node": "d",
"type": "line-start",
"ref": "P224502.5",
"n": "4",
"label": "o 4"}
,
{
"node": "l",
"frag": "[LUGAL]",
"id": "P224502.l017e3",
"ref": "P224502.5.1",
"inst": "šarri[king]N",
"sig": "@saao/saa19%akk-x-neoass:LUGAL=šarru[king//king]N'N$šarri",
"f": {"lang": "akk-x-neoass",
"form": "LUGAL",
"cf": "šarru",
"gw": "king",
"sense": "king",
"norm": "šarri",
"pos": "N",
"epos": "N"}
}
,
{
"node": "l",
"frag": "EN-⸢ia⸣",
"id": "P224502.l017e4",
"ref": "P224502.5.2",
"inst": "bēlīya[lord]N",
"sig": "@saao/saa19%akk-x-neoass:EN-ia=bēlu[lord//lord]N'N$bēlīya",
"f": {"lang": "akk-x-neoass",
"form": "EN-ia",
"cf": "bēlu",
"gw": "lord",
"sense": "lord",
"norm": "bēlīya",
"pos": "N",
"epos": "N"}
}
,
{
"node": "d",
"type": "line-start",
"ref": "P224502.6",
"n": "5",
"label": "o 5"}
,
{
"node": "l",
"frag": "[a]-⸢dan-niš⸣",
"id": "P224502.l017e5",
"ref": "P224502.6.1",
"inst": "adanniš[very much]AV",
"sig": "@saao/saa19%akk-x-neoass:a-dan-niš=adanniš[very much//very much]AV'AV$adanniš",
"f": {"lang": "akk-x-neoass",
"form": "a-dan-niš",
"cf": "adanniš",
"gw": "very much",
"sense": "very much",
"norm": "adanniš",
"pos": "AV",
"epos": "AV"}
}
,
{
"node": "d",
"type": "line-start",
"ref": "P224502.7",
"n": "6",
"label": "o 6"}
,
{
"node": "l",
"frag": "⸢DI⸣-[mu",
"id": "P224502.l017e6",
"ref": "P224502.7.1",
"inst": "šulmu[health]N",
"sig": "@saao/saa19%akk-x-neoass:DI-mu=šulmu[completeness//health]N'N$šulmu",
"f": {"lang": "akk-x-neoass",
"form": "DI-mu",
"cf": "šulmu",
"gw": "completeness",
"sense": "health",
"norm": "šulmu",
"pos": "N",
"epos": "N"}
}
,
{
"node": "l",
"frag": "a-na]",
"id": "P224502.l017e7",
"ref": "P224502.7.2",
"inst": "ana[to]PRP",
"sig": "@saao/saa19%akk-x-neoass:a-na=ana[to//to]PRP'PRP$ana",
"f": {"lang": "akk-x-neoass",
"form": "a-na",
"cf": "ana",
"gw": "to",
"sense": "to",
"norm": "ana",
"pos": "PRP",
"epos": "PRP"}
}
,
{
"node": "l",
"frag": "{⸢uru⸣}[bi]-⸢rat⸣",
"id": "P224502.l017e8",
"ref": "P224502.7.3",
"inst": "bīrāt[fort]N",
"sig": "@saao/saa19%akk-x-neoass:{URU}bi-rat=birtu[fort//fort]N'N$bīrāt",
"f": {"lang": "akk-x-neoass",
"form": "{URU}bi-rat",
"cf": "birtu",
"gw": "fort",
"sense": "fort",
"norm": "bīrāt",
"pos": "N",
"epos": "N"}
}
,
{
"node": "d",
"type": "line-start",
"ref": "P224502.8",
"n": "7",
"label": "o 7"}
,
{
"node": "l",
"frag": "⸢ša",
"id": "P224502.l017e9",
"ref": "P224502.8.1",
"inst": "ša[of]DET",
"sig": "@saao/saa19%akk-x-neoass:ša=ša[of//of]DET'DET$ša",
"f": {"lang": "akk-x-neoass",
"form": "ša",
"cf": "ša",
"gw": "of",
"sense": "of",
"norm": "ša",
"pos": "DET",
"epos": "DET"}
}
,
{
"node": "l",
"frag": "LUGAL⸣",
"id": "P224502.l017ea",
"ref": "P224502.8.2",
"inst": "šarri[king]N",
"sig": "@saao/saa19%akk-x-neoass:LUGAL=šarru[king//king]N'N$šarri",
"f": {"lang": "akk-x-neoass",
"form": "LUGAL",
"cf": "šarru",
"gw": "king",
"sense": "king",
"norm": "šarri",
"pos": "N",
"epos": "N"}
}
,
{
"node": "d",
"type": "nonw",
"ref": ""}
,
{
"node": "l",
"frag": "EN-⸢ia⸣",
"id": "P224502.l017eb",
"ref": "P224502.8.3",
"inst": "bēlīya[lord]N",
"sig": "@saao/saa19%akk-x-neoass:EN-ia=bēlu[lord//lord]N'N$bēlīya",
"f": {"lang": "akk-x-neoass",
"form": "EN-ia",
"cf": "bēlu",
"gw": "lord",
"sense": "lord",
"norm": "bēlīya",
"pos": "N",
"epos": "N"}
}
,
{
"node": "d",
"type": "line-start",
"ref": "P224502.9",
"n": "8",
"label": "o 8"}
,
{
"node": "l",
"frag": "[a-dan]-⸢niš⸣",
"id": "P224502.l017ec",
"ref": "P224502.9.1",
"inst": "adanniš[very much]AV",
"sig": "@saao/saa19%akk-x-neoass:a-dan-niš=adanniš[very much//very much]AV'AV$adanniš",
"f": {"lang": "akk-x-neoass",
"form": "a-dan-niš",
"cf": "adanniš",
"gw": "very much",
"sense": "very much",
"norm": "adanniš",
"pos": "AV",
"epos": "AV"}
}
,
{
"node": "l",
"frag": "[a]-⸢dan-niš⸣",
"id": "P224502.l017ed",
"ref": "P224502.9.2",
"inst": "adanniš[very much]AV",
"sig": "@saao/saa19%akk-x-neoass:a-dan-niš=adanniš[very much//very much]AV'AV$adanniš",
"f": {"lang": "akk-x-neoass",
"form": "a-dan-niš",
"cf": "adanniš",
"gw": "very much",
"sense": "very much",
"norm": "adanniš",
"pos": "AV",
"epos": "AV"}
}
,
{
"node": "d",
"subtype": "reverse",
"type": "surface",
"ref": "P224502.r.10",
"type": "reverse",
"label": "r"}
,
{
"node": "d",
"type": "line-start",
"ref": "P224502.11",
"n": "1",
"label": "r 1"}
,
{
"node": "l",
"frag": "⸢ŠA₃",
"id": "P224502.l017ee",
"ref": "P224502.11.1",
"inst": "+libbu[interior//mood]N$",
"sig": "@saao/saa19%akk-x-neoass:ŠA₃=libbu[interior//mood]N'N$libbu",
"f": {"lang": "akk-x-neoass",
"form": "ŠA₃",
"cf": "libbu",
"gw": "interior",
"sense": "mood",
"norm": "libbu",
"pos": "N",
"epos": "N"}
}
,
{
"node": "l",
"frag": "LUGAL",
"id": "P224502.l017ef",
"ref": "P224502.11.2",
"inst": "šarri[king]N",
"sig": "@saao/saa19%akk-x-neoass:LUGAL=šarru[king//king]N'N$šarri",
"f": {"lang": "akk-x-neoass",
"form": "LUGAL",
"cf": "šarru",
"gw": "king",
"sense": "king",
"norm": "šarri",
"pos": "N",
"epos": "N"}
}
,
{
"node": "l",
"frag": "EN⸣-[ia]",
"id": "P224502.l017f0",
"ref": "P224502.11.3",
"inst": "bēlīya[lord]N",
"sig": "@saao/saa19%akk-x-neoass:EN-ia=bēlu[lord//lord]N'N$bēlīya",
"f": {"lang": "akk-x-neoass",
"form": "EN-ia",
"cf": "bēlu",
"gw": "lord",
"sense": "lord",
"norm": "bēlīya",
"pos": "N",
"epos": "N"}
}
,
{
"node": "d",
"type": "line-start",
"ref": "P224502.12",
"n": "2",
"label": "r 2"}
,
{
"node": "l",
"frag": "⸢lu⸣-u",
"id": "P224502.l017f1",
"ref": "P224502.12.1",
"inst": "lū[may]MOD",
"sig": "@saao/saa19%akk-x-neoass:lu-u=lū[may//may]MOD'MOD$lū",
"f": {"lang": "akk-x-neoass",
"form": "lu-u",
"cf": "lū",
"gw": "may",
"sense": "may",
"norm": "lū",
"pos": "MOD",
"epos": "MOD"}
}
,
{
"node": "d",
"type": "nonw",
"ref": ""}
,
{
"node": "l",
"frag": "[DUG₃].⸢GA⸣",
"id": "P224502.l017f2",
"ref": "P224502.12.2",
"inst": "ṭāb[good]AJ",
"sig": "@saao/saa19%akk-x-neoass:DUG₃.GA=ṭābu[good//good]AJ'AJ$ṭāb",
"f": {"lang": "akk-x-neoass",
"form": "DUG₃.GA",
"cf": "ṭābu",
"gw": "good",
"sense": "good",
"norm": "ṭāb",
"pos": "AJ",
"epos": "AJ"}
}
,
{
"node": "d",
"type": "nonx",
"ref": "P224502.13",
"strict": "0",
"extent": "rest",
"state": "other"}
]}
]}
]}
]}
