{
"type": "cdl",
  "source": "http://oracc.org/saao/saa19",
  "license": "This data is released under the CC0 license",
  "license-url": "https://creativecommons.org/publicdomain/zero/1.0/",
  "more-info": "http://oracc.org/doc/opendata/",
  "UTC-timestamp": "2017-05-19T12:03:48",
"project": "saao/saa19",
"textid": "P224467",
"cdl": [
{
"node": "c",
"type": "text",
"id": "P224467.U0",
"cdl": [
{
"node": "d",
"type": "object",
"ref": ""}
,
{
"node": "d",
"subtype": "obverse",
"type": "surface",
"ref": "P224467.o.1",
"type": "obverse",
"label": "o"}
,
{
"node": "d",
"type": "nonx",
"ref": "P224467.2",
"strict": "0",
"extent": "beginning",
"state": "missing"}
,
{
"node": "c",
"type": "discourse",
"subtype": "body",
"id": "P224467.U1",
"cdl": [
{
"node": "c",
"type": "sentence",
"id": "P224467.U2",
"label": "o 1' - r 17'",
"cdl": [
{
"node": "d",
"type": "line-start",
"ref": "P224467.3",
"n": "1'",
"label": "o 1'"}
,
{
"node": "l",
"frag": "[la",
"id": "P224467.l0326f",
"ref": "P224467.3.1",
"inst": "lā[not]MOD",
"sig": "@saao/saa19%akk-x-neoass:la=lā[not//not]MOD'MOD$lā",
"f": {"lang": "akk-x-neoass",
"form": "la",
"cf": "lā",
"gw": "not",
"sense": "not",
"norm": "lā",
"pos": "MOD",
"epos": "MOD"}
}
,
{
"node": "l",
"frag": "e]-⸢mu⸣-qa-a-⸢ni⸣",
"id": "P224467.l03270",
"ref": "P224467.3.2",
"inst": "+emūqu[strength//ability]N$emūqāni",
"sig": "@saao/saa19%akk-x-neoass:e-mu-qa-a-ni=emūqu[strength//ability]N'N$emūqāni",
"f": {"lang": "akk-x-neoass",
"form": "e-mu-qa-a-ni",
"cf": "emūqu",
"gw": "strength",
"sense": "ability",
"norm": "emūqāni",
"pos": "N",
"epos": "N"}
}
,
{
"node": "l",
"frag": "[x",
"id": "P224467.l03271",
"ref": "P224467.3.3",
"inst": "u",
"f": {"lang": "akk-x-neoass",
"form": "x",
"pos": "u"}
}
,
{
"node": "l",
"frag": "x",
"id": "P224467.l03272",
"ref": "P224467.3.4",
"inst": "u",
"f": {"lang": "akk-x-neoass",
"form": "x",
"pos": "u"}
}
,
{
"node": "l",
"frag": "x",
"id": "P224467.l03273",
"ref": "P224467.3.5",
"inst": "u",
"f": {"lang": "akk-x-neoass",
"form": "x",
"pos": "u"}
}
,
{
"node": "l",
"frag": "x",
"id": "P224467.l03274",
"ref": "P224467.3.6",
"inst": "u",
"f": {"lang": "akk-x-neoass",
"form": "x",
"pos": "u"}
}
,
{
"node": "l",
"frag": "x]",
"id": "P224467.l03275",
"ref": "P224467.3.7",
"inst": "u",
"f": {"lang": "akk-x-neoass",
"form": "x",
"pos": "u"}
}
,
{
"node": "d",
"type": "line-start",
"ref": "P224467.4",
"n": "2'",
"label": "o 2'"}
,
{
"node": "l",
"frag": "[la",
"id": "P224467.l03276",
"ref": "P224467.4.1",
"inst": "lā[not]MOD",
"sig": "@saao/saa19%akk-x-neoass:la=lā[not//not]MOD'MOD$lā",
"f": {"lang": "akk-x-neoass",
"form": "la",
"cf": "lā",
"gw": "not",
"sense": "not",
"norm": "lā",
"pos": "MOD",
"epos": "MOD"}
}
,
{
"node": "l",
"frag": "e]-⸢mu⸣-qa-a-⸢ka⸣",
"id": "P224467.l03277",
"ref": "P224467.4.2",
"inst": "+emūqu[strength//ability]N$emūqāka",
"sig": "@saao/saa19%akk-x-neoass:e-mu-qa-a-ka=emūqu[strength//ability]N'N$emūqāka",
"f": {"lang": "akk-x-neoass",
"form": "e-mu-qa-a-ka",
"cf": "emūqu",
"gw": "strength",
"sense": "ability",
"norm": "emūqāka",
"pos": "N",
"epos": "N"}
}
,
{
"node": "l",
"frag": "[x",
"id": "P224467.l03278",
"ref": "P224467.4.3",
"inst": "u",
"f": {"lang": "akk-x-neoass",
"form": "x",
"pos": "u"}
}
,
{
"node": "l",
"frag": "x",
"id": "P224467.l03279",
"ref": "P224467.4.4",
"inst": "u",
"f": {"lang": "akk-x-neoass",
"form": "x",
"pos": "u"}
}
,
{
"node": "l",
"frag": "x",
"id": "P224467.l0327a",
"ref": "P224467.4.5",
"inst": "u",
"f": {"lang": "akk-x-neoass",
"form": "x",
"pos": "u"}
}
,
{
"node": "l",
"frag": "x",
"id": "P224467.l0327b",
"ref": "P224467.4.6",
"inst": "u",
"f": {"lang": "akk-x-neoass",
"form": "x",
"pos": "u"}
}
,
{
"node": "l",
"frag": "x]",
"id": "P224467.l0327c",
"ref": "P224467.4.7",
"inst": "u",
"f": {"lang": "akk-x-neoass",
"form": "x",
"pos": "u"}
}
,
{
"node": "d",
"type": "line-start",
"ref": "P224467.5",
"n": "3'",
"label": "o 3'"}
,
{
"node": "l",
"frag": "[ina]",
"id": "P224467.l0327d",
"ref": "P224467.5.1",
"inst": "ina[in+=in the presence of]PRP",
"sig": "@saao/saa19%akk-x-neoass:ina=ina[in//in]PRP'PRP$ina",
"f": {"lang": "akk-x-neoass",
"form": "ina",
"cf": "ina",
"gw": "in",
"sense": "in",
"norm": "ina",
"pos": "PRP",
"epos": "PRP"}
}
,
{
"node": "l",
"frag": "⸢pa⸣-ni-šu₂",
"id": "P224467.l0327e",
"ref": "P224467.5.2",
"inst": "pānīšu[front]N",
"sig": "@saao/saa19%akk-x-neoass:pa-ni-šu₂=pānu[front//front]N'N$pānīšu",
"f": {"lang": "akk-x-neoass",
"form": "pa-ni-šu₂",
"cf": "pānu",
"gw": "front",
"sense": "front",
"norm": "pānīšu",
"pos": "N",
"epos": "N"}
}
,
{
"node": "l",
"frag": "an-nu-rig",
"id": "P224467.l0327f",
"ref": "P224467.5.3",
"inst": "annurig[now]AV",
"sig": "@saao/saa19%akk-x-neoass:an-nu-rig=annûri[now//now]AV'AV$annurig",
"f": {"lang": "akk-x-neoass",
"form": "an-nu-rig",
"cf": "annûri",
"gw": "now",
"sense": "now",
"norm": "annurig",
"pos": "AV",
"epos": "AV"}
}
,
{
"node": "l",
"frag": "⸢i-na⸣",
"id": "P224467.l03280",
"ref": "P224467.5.4",
"inst": "ina[in+=to]PRP",
"sig": "@saao/saa19%akk-x-neoass:i-na=ina[in//in]PRP'PRP$ina",
"f": {"lang": "akk-x-neoass",
"form": "i-na",
"cf": "ina",
"gw": "in",
"sense": "in",
"norm": "ina",
"pos": "PRP",
"epos": "PRP"}
}
,
{
"node": "l",
"frag": "UGU",
"id": "P224467.l03281",
"ref": "P224467.5.5",
"inst": "muhhi[skull]N",
"sig": "@saao/saa19%akk-x-neoass:UGU=muhhu[skull//skull]N'N$muhhi",
"f": {"lang": "akk-x-neoass",
"form": "UGU",
"cf": "muhhu",
"gw": "skull",
"sense": "skull",
"norm": "muhhi",
"pos": "N",
"epos": "N"}
}
,
{
"node": "l",
"frag": "⸢LUGAL⸣",
"id": "P224467.l03282",
"ref": "P224467.5.6",
"inst": "šarri[king]N",
"sig": "@saao/saa19%akk-x-neoass:LUGAL=šarru[king//king]N'N$šarri",
"f": {"lang": "akk-x-neoass",
"form": "LUGAL",
"cf": "šarru",
"gw": "king",
"sense": "king",
"norm": "šarri",
"pos": "N",
"epos": "N"}
}
,
{
"node": "d",
"type": "line-start",
"ref": "P224467.6",
"n": "4'",
"label": "o 4'"}
,
{
"node": "l",
"frag": "[u₂]-⸢se⸣-bi-la-šu₂",
"id": "P224467.l03283",
"ref": "P224467.6.1",
"inst": "ussēbilaššu[send]V",
"sig": "@saao/saa19%akk-x-neoass:u₂-se-bi-la-šu₂=wabālu[bring//send]V'V$ussēbilaššu",
"f": {"lang": "akk-x-neoass",
"form": "u₂-se-bi-la-šu₂",
"cf": "wabālu",
"gw": "bring",
"sense": "send",
"norm": "ussēbilaššu",
"pos": "V",
"epos": "V"}
}
,
{
"node": "l",
"frag": "⸢LUGAL⸣",
"id": "P224467.l03284",
"ref": "P224467.6.2",
"inst": "šarru[king]N",
"sig": "@saao/saa19%akk-x-neoass:LUGAL=šarru[king//king]N'N$šarri",
"f": {"lang": "akk-x-neoass",
"form": "LUGAL",
"cf": "šarru",
"gw": "king",
"sense": "king",
"norm": "šarri",
"pos": "N",
"epos": "N"}
}
,
{
"node": "l",
"frag": "[be]-li",
"id": "P224467.l03285",
"ref": "P224467.6.3",
"inst": "bēlī[lord]N",
"sig": "@saao/saa19%akk-x-neoass:be-li=bēlu[lord//lord]N'N$bēlī",
"f": {"lang": "akk-x-neoass",
"form": "be-li",
"cf": "bēlu",
"gw": "lord",
"sense": "lord",
"norm": "bēlī",
"pos": "N",
"epos": "N"}
}
,
{
"node": "l",
"frag": "⸢liš-ʾa⸣-al-šu₂",
"id": "P224467.l03286",
"ref": "P224467.6.4",
"inst": "lišʾalšu[ask]V",
"sig": "@saao/saa19%akk-x-neoass:liš-ʾa-al-šu₂=šâlu[ask//ask]V'V$lišʾalšu",
"f": {"lang": "akk-x-neoass",
"form": "liš-ʾa-al-šu₂",
"cf": "šâlu",
"gw": "ask",
"sense": "ask",
"norm": "lišʾalšu",
"pos": "V",
"epos": "V"}
}
,
{
"node": "d",
"type": "line-start",
"ref": "P224467.7",
"n": "5'",
"label": "o 5'"}
,
{
"node": "l",
"frag": "[ina]",
"id": "P224467.l03287",
"ref": "P224467.7.1",
"inst": "ina[in+=concerning]PRP",
"sig": "@saao/saa19%akk-x-neoass:ina=ina[in//in]PRP'PRP$ina",
"f": {"lang": "akk-x-neoass",
"form": "ina",
"cf": "ina",
"gw": "in",
"sense": "in",
"norm": "ina",
"pos": "PRP",
"epos": "PRP"}
}
,
{
"node": "l",
"frag": "⸢UGU⸣",
"id": "P224467.l03288",
"ref": "P224467.7.2",
"inst": "muhhi[skull]N",
"sig": "@saao/saa19%akk-x-neoass:UGU=muhhu[skull//skull]N'N$muhhi",
"f": {"lang": "akk-x-neoass",
"form": "UGU",
"cf": "muhhu",
"gw": "skull",
"sense": "skull",
"norm": "muhhi",
"pos": "N",
"epos": "N"}
}
,
{
"node": "l",
"frag": "dul-li",
"id": "P224467.l03289",
"ref": "P224467.7.3",
"inst": "+dullu[trouble//work]N$dulli",
"sig": "@saao/saa19%akk-x-neoass:dul-li=dullu[trouble//work]N'N$dulli",
"f": {"lang": "akk-x-neoass",
"form": "dul-li",
"cf": "dullu",
"gw": "trouble",
"sense": "work",
"norm": "dulli",
"pos": "N",
"epos": "N"}
}
,
{
"node": "l",
"frag": "ša",
"id": "P224467.l0328a",
"ref": "P224467.7.4",
"inst": "ša[of]DET",
"sig": "@saao/saa19%akk-x-neoass:ša=ša[of//of]DET'DET$ša",
"f": {"lang": "akk-x-neoass",
"form": "ša",
"cf": "ša",
"gw": "of",
"sense": "of",
"norm": "ša",
"pos": "DET",
"epos": "DET"}
}
,
{
"node": "l",
"frag": "{uru}⸢BAD₃⸣-ti-nu-ta-a",
"id": "P224467.l0328b",
"ref": "P224467.7.5",
"inst": "+Dur-Tinuta[1]GN$",
"sig": "@saao/saa19%akk-x-neoass:{URU}BAD₃-ti-nu-ta-a=Dur-Tinuta[1//1]GN'GN$Dur-Tinuta",
"f": {"lang": "akk-x-neoass",
"form": "{URU}BAD₃-ti-nu-ta-a",
"cf": "Dur-Tinuta",
"gw": "1",
"sense": "1",
"norm": "Dur-Tinuta",
"pos": "GN",
"epos": "GN"}
}
,
{
"node": "d",
"type": "line-start",
"ref": "P224467.8",
"n": "6'",
"label": "o 6'"}
,
{
"node": "l",
"frag": "[ša",
"id": "P224467.l0328c",
"ref": "P224467.8.1",
"inst": "ša[which]REL",
"sig": "@saao/saa19%akk-x-neoass:ša=ša[that//which]REL'REL$ša",
"f": {"lang": "akk-x-neoass",
"form": "ša",
"cf": "ša",
"gw": "that",
"sense": "which",
"norm": "ša",
"pos": "REL",
"epos": "REL"}
}
,
{
"node": "l",
"frag": "a-na]",
"id": "P224467.l0328d",
"ref": "P224467.8.2",
"inst": "ana[to]PRP",
"sig": "@saao/saa19%akk-x-neoass:a-na=ana[to//to]PRP'PRP$ana",
"f": {"lang": "akk-x-neoass",
"form": "a-na",
"cf": "ana",
"gw": "to",
"sense": "to",
"norm": "ana",
"pos": "PRP",
"epos": "PRP"}
}
,
{
"node": "l",
"frag": "LUGAL",
"id": "P224467.l0328e",
"ref": "P224467.8.3",
"inst": "šarri[king]N",
"sig": "@saao/saa19%akk-x-neoass:LUGAL=šarru[king//king]N'N$šarri",
"f": {"lang": "akk-x-neoass",
"form": "LUGAL",
"cf": "šarru",
"gw": "king",
"sense": "king",
"norm": "šarri",
"pos": "N",
"epos": "N"}
}
,
{
"node": "l",
"frag": "aš₂-pur-an-⸢ni⸣",
"id": "P224467.l0328f",
"ref": "P224467.8.4",
"inst": "ašpuranni[write]V",
"sig": "@saao/saa19%akk-x-neoass:aš₂-pur-an-ni=šapāru[send//write]V'V$ašpuranni",
"f": {"lang": "akk-x-neoass",
"form": "aš₂-pur-an-ni",
"cf": "šapāru",
"gw": "send",
"sense": "write",
"norm": "ašpuranni",
"pos": "V",
"epos": "V"}
}
,
{
"node": "l",
"frag": "SIG₄-MEŠ",
"id": "P224467.l03290",
"ref": "P224467.8.5",
"inst": "libittāti[mudbrick]N",
"sig": "@saao/saa19%akk-x-neoass:SIG₄-MEŠ=libittu[mudbrick//mudbrick]N'N$libittāti",
"f": {"lang": "akk-x-neoass",
"form": "SIG₄-MEŠ",
"cf": "libittu",
"gw": "mudbrick",
"sense": "mudbrick",
"norm": "libittāti",
"pos": "N",
"epos": "N"}
}
,
{
"node": "d",
"type": "line-start",
"ref": "P224467.9",
"n": "7'",
"label": "o 7'"}
,
{
"node": "l",
"frag": "[u₂-še]-⸢rab⸣",
"id": "P224467.l03291",
"ref": "P224467.9.1",
"inst": "ušerrab[bring in]V",
"sig": "@saao/saa19%akk-x-neoass:u₂-še-rab=erēbu[enter//bring in]V'V$ušerrab",
"f": {"lang": "akk-x-neoass",
"form": "u₂-še-rab",
"cf": "erēbu",
"gw": "enter",
"sense": "bring in",
"norm": "ušerrab",
"pos": "V",
"epos": "V"}
}
,
{
"node": "l",
"frag": "u₂-di-na",
"id": "P224467.l03292",
"ref": "P224467.9.2",
"inst": "udīna[yet]AV",
"sig": "@saao/saa19%akk-x-neoass:u₂-di-na=udīni[up till now//yet]AV'AV$udīna",
"f": {"lang": "akk-x-neoass",
"form": "u₂-di-na",
"cf": "udīni",
"gw": "up till now",
"sense": "yet",
"norm": "udīna",
"pos": "AV",
"epos": "AV"}
}
,
{
"node": "l",
"frag": "⸢i-na⸣",
"id": "P224467.l03293",
"ref": "P224467.9.3",
"inst": "ina[in+=to]PRP",
"sig": "@saao/saa19%akk-x-neoass:i-na=ina[in//in]PRP'PRP$ina",
"f": {"lang": "akk-x-neoass",
"form": "i-na",
"cf": "ina",
"gw": "in",
"sense": "in",
"norm": "ina",
"pos": "PRP",
"epos": "PRP"}
}
,
{
"node": "l",
"frag": "UGU",
"id": "P224467.l03294",
"ref": "P224467.9.4",
"inst": "muhhi[skull]N",
"sig": "@saao/saa19%akk-x-neoass:UGU=muhhu[skull//skull]N'N$muhhi",
"f": {"lang": "akk-x-neoass",
"form": "UGU",
"cf": "muhhu",
"gw": "skull",
"sense": "skull",
"norm": "muhhi",
"pos": "N",
"epos": "N"}
}
,
{
"node": "d",
"type": "line-start",
"ref": "P224467.10",
"n": "8'",
"label": "o 8'"}
,
{
"node": "l",
"frag": "[x",
"id": "P224467.l03295",
"ref": "P224467.10.1",
"inst": "u",
"f": {"lang": "akk-x-neoass",
"form": "x",
"pos": "u"}
}
,
{
"node": "l",
"frag": "x",
"id": "P224467.l03296",
"ref": "P224467.10.2",
"inst": "u",
"f": {"lang": "akk-x-neoass",
"form": "x",
"pos": "u"}
}
,
{
"node": "l",
"frag": "x]+⸢x⸣",
"id": "P224467.l03297",
"ref": "P224467.10.3",
"inst": "u",
"f": {"lang": "akk-x-neoass",
"form": "x+x",
"pos": "u"}
}
,
{
"node": "l",
"frag": "la",
"id": "P224467.l03298",
"ref": "P224467.10.4",
"inst": "lā[not]MOD",
"sig": "@saao/saa19%akk-x-neoass:la=lā[not//not]MOD'MOD$lā",
"f": {"lang": "akk-x-neoass",
"form": "la",
"cf": "lā",
"gw": "not",
"sense": "not",
"norm": "lā",
"pos": "MOD",
"epos": "MOD"}
}
,
{
"node": "l",
"frag": "a-qa-ri-⸢bi⸣",
"id": "P224467.l03299",
"ref": "P224467.10.5",
"inst": "+qerēbu[approach]V$aqarrībi",
"sig": "@saao/saa19%akk-x-neoass:a-qa-ri-bi=qerēbu[approach//approach]V'V$aqarrībi",
"f": {"lang": "akk-x-neoass",
"form": "a-qa-ri-bi",
"cf": "qerēbu",
"gw": "approach",
"sense": "approach",
"norm": "aqarrībi",
"pos": "V",
"epos": "V"}
}
,
{
"node": "d",
"type": "line-start",
"ref": "P224467.11",
"n": "9'",
"label": "o 9'"}
,
{
"node": "l",
"frag": "{[mi₂}bar-si]-⸢bi⸣-tu",
"id": "P224467.l0329a",
"ref": "P224467.11.1",
"inst": "+Barsipitu[]PN$Barsibitu",
"sig": "@saao/saa19%akk-x-neoass:{MI₂}bar-si-bi-tu=Barsipitu[1//1]PN'PN$Barsibitu",
"f": {"lang": "akk-x-neoass",
"form": "{MI₂}bar-si-bi-tu",
"cf": "Barsipitu",
"gw": "1",
"sense": "1",
"norm": "Barsibitu",
"pos": "PN",
"epos": "PN"}
}
,
{
"node": "l",
"frag": "i-na",
"id": "P224467.l0329b",
"ref": "P224467.11.2",
"inst": "ina[in]PRP",
"sig": "@saao/saa19%akk-x-neoass:i-na=ina[in//in]PRP'PRP$ina",
"f": {"lang": "akk-x-neoass",
"form": "i-na",
"cf": "ina",
"gw": "in",
"sense": "in",
"norm": "ina",
"pos": "PRP",
"epos": "PRP"}
}
,
{
"node": "l",
"frag": "ŠU.2",
"id": "P224467.l0329c",
"ref": "P224467.11.3",
"inst": "qātē[hand]N",
"sig": "@saao/saa19%akk-x-neoass:ŠU.2=qātu[hand//hand]N'N$qātē",
"f": {"lang": "akk-x-neoass",
"form": "ŠU.2",
"cf": "qātu",
"gw": "hand",
"sense": "hand",
"norm": "qātē",
"pos": "N",
"epos": "N"}
}
,
{
"node": "l",
"frag": "{⸢lu₂⸣}qe-e-pi",
"id": "P224467.l0329d",
"ref": "P224467.11.4",
"inst": "qēpi[(royal) delegate]N",
"sig": "@saao/saa19%akk-x-neoass:{LU₂}qe-e-pi=qīpu[representative//(royal) delegate]N'N$qēpi",
"f": {"lang": "akk-x-neoass",
"form": "{LU₂}qe-e-pi",
"cf": "qīpu",
"gw": "representative",
"sense": "(royal) delegate",
"norm": "qēpi",
"pos": "N",
"epos": "N"}
}
,
{
"node": "d",
"type": "line-start",
"ref": "P224467.12",
"n": "10'",
"label": "o 10'"}
,
{
"node": "l",
"frag": "[ina",
"id": "P224467.l0329e",
"ref": "P224467.12.1",
"inst": "ina[in+=to]PRP",
"sig": "@saao/saa19%akk-x-neoass:ina=ina[in//in]PRP'PRP$ina",
"f": {"lang": "akk-x-neoass",
"form": "ina",
"cf": "ina",
"gw": "in",
"sense": "in",
"norm": "ina",
"pos": "PRP",
"epos": "PRP"}
}
,
{
"node": "l",
"frag": "UGU]-⸢hi⸣-ia",
"id": "P224467.l0329f",
"ref": "P224467.12.2",
"inst": "muhhīya[skull]N",
"sig": "@saao/saa19%akk-x-neoass:UGU-hi-ia=muhhu[skull//skull]N'N$muhhīya",
"f": {"lang": "akk-x-neoass",
"form": "UGU-hi-ia",
"cf": "muhhu",
"gw": "skull",
"sense": "skull",
"norm": "muhhīya",
"pos": "N",
"epos": "N"}
}
,
{
"node": "l",
"frag": "ta-sa-pa-ra",
"id": "P224467.l032a0",
"ref": "P224467.12.3",
"inst": "+šapāru[send//write]V$tassapāra",
"sig": "@saao/saa19%akk-x-neoass:ta-sa-pa-ra=šapāru[send//write]V'V$tassapāra",
"f": {"lang": "akk-x-neoass",
"form": "ta-sa-pa-ra",
"cf": "šapāru",
"gw": "send",
"sense": "write",
"norm": "tassapāra",
"pos": "V",
"epos": "V"}
}
,
{
"node": "d",
"type": "line-start",
"ref": "P224467.13",
"n": "11'",
"label": "o 11'"}
,
{
"node": "l",
"frag": "[ka-ni-ku]",
"id": "P224467.l032a1",
"ref": "P224467.13.1",
"inst": "+kanīku[sealed document]N$",
"sig": "@saao/saa19%akk-x-neoass:ka-ni-ku=kanīku[sealed document//sealed document]N'N$kanīku",
"f": {"lang": "akk-x-neoass",
"form": "ka-ni-ku",
"cf": "kanīku",
"gw": "sealed document",
"sense": "sealed document",
"norm": "kanīku",
"pos": "N",
"epos": "N"}
}
,
{
"node": "l",
"frag": "tu-se-bi-la",
"id": "P224467.l032a2",
"ref": "P224467.13.2",
"inst": "+wabālu[bring//send]V$tussēbila",
"sig": "@saao/saa19%akk-x-neoass:tu-se-bi-la=wabālu[bring//send]V'V$tussēbila",
"f": {"lang": "akk-x-neoass",
"form": "tu-se-bi-la",
"cf": "wabālu",
"gw": "bring",
"sense": "send",
"norm": "tussēbila",
"pos": "V",
"epos": "V"}
}
,
{
"node": "l",
"frag": "ma",
"id": "P224467.l032a3",
"ref": "P224467.13.3",
"inst": "mā[saying]PRP",
"sig": "@saao/saa19%akk-x-neoass:ma=mā[saying//saying]PRP'PRP$mā",
"f": {"lang": "akk-x-neoass",
"form": "ma",
"cf": "mā",
"gw": "saying",
"sense": "saying",
"norm": "mā",
"pos": "PRP",
"epos": "PRP"}
}
,
{
"node": "l",
"frag": "a-ta-a",
"id": "P224467.l032a4",
"ref": "P224467.13.4",
"inst": "atâ[why?]QP",
"sig": "@saao/saa19%akk-x-neoass:a-ta-a=atā[why?//why?]QP'QP$atâ",
"f": {"lang": "akk-x-neoass",
"form": "a-ta-a",
"cf": "atā",
"gw": "why?",
"sense": "why?",
"norm": "atâ",
"pos": "QP",
"epos": "QP"}
}
,
{
"node": "d",
"type": "line-start",
"ref": "P224467.14",
"n": "12'",
"label": "o 12'"}
,
{
"node": "l",
"frag": "[a-na",
"id": "P224467.l032a5",
"ref": "P224467.14.1",
"inst": "ana[to]PRP",
"sig": "@saao/saa19%akk-x-neoass:a-na=ana[to//to]PRP'PRP$ana",
"f": {"lang": "akk-x-neoass",
"form": "a-na",
"cf": "ana",
"gw": "to",
"sense": "to",
"norm": "ana",
"pos": "PRP",
"epos": "PRP"}
}
,
{
"node": "l",
"frag": "x",
"id": "P224467.l032a6",
"ref": "P224467.14.2",
"inst": "u",
"f": {"lang": "akk-x-neoass",
"form": "x",
"pos": "u"}
}
,
{
"node": "l",
"frag": "x]-ka",
"id": "P224467.l032a7",
"ref": "P224467.14.3",
"inst": "u",
"f": {"lang": "akk-x-neoass",
"form": "x-ka",
"pos": "u"}
}
,
{
"node": "l",
"frag": "ta-du-ku",
"id": "P224467.l032a8",
"ref": "P224467.14.4",
"inst": "+dâku[kill]V$tadūku",
"sig": "@saao/saa19%akk-x-neoass:ta-du-ku=dâku[kill//kill]V'V$tadūku",
"f": {"lang": "akk-x-neoass",
"form": "ta-du-ku",
"cf": "dâku",
"gw": "kill",
"sense": "kill",
"norm": "tadūku",
"pos": "V",
"epos": "V"}
}
,
{
"node": "d",
"type": "line-start",
"ref": "P224467.15",
"n": "13'",
"label": "o 13'"}
,
{
"node": "l",
"frag": "[x",
"id": "P224467.l032a9",
"ref": "P224467.15.1",
"inst": "u",
"f": {"lang": "akk-x-neoass",
"form": "x",
"pos": "u"}
}
,
{
"node": "l",
"frag": "x",
"id": "P224467.l032aa",
"ref": "P224467.15.2",
"inst": "u",
"f": {"lang": "akk-x-neoass",
"form": "x",
"pos": "u"}
}
,
{
"node": "l",
"frag": "x]-ni",
"id": "P224467.l032ab",
"ref": "P224467.15.3",
"inst": "u",
"f": {"lang": "akk-x-neoass",
"form": "x-ni",
"pos": "u"}
}
,
{
"node": "l",
"frag": "a-na-ku",
"id": "P224467.l032ac",
"ref": "P224467.15.4",
"inst": "anāku[I]IP",
"sig": "@saao/saa19%akk-x-neoass:a-na-ku=anāku[I//I]IP'IP$anāku",
"f": {"lang": "akk-x-neoass",
"form": "a-na-ku",
"cf": "anāku",
"gw": "I",
"sense": "I",
"norm": "anāku",
"pos": "IP",
"epos": "IP"}
}
,
{
"node": "l",
"frag": "gab-ru-u₂",
"id": "P224467.l032ad",
"ref": "P224467.15.5",
"inst": "gabrû[answer]N",
"sig": "@saao/saa19%akk-x-neoass:gab-ru-u₂=gabarû[copy//answer]N'N$gabrû",
"f": {"lang": "akk-x-neoass",
"form": "gab-ru-u₂",
"cf": "gabarû",
"gw": "copy",
"sense": "answer",
"norm": "gabrû",
"pos": "N",
"epos": "N"}
}
,
{
"node": "d",
"type": "line-start",
"ref": "P224467.16",
"n": "14'",
"label": "o 14'"}
,
{
"node": "l",
"frag": "[ša",
"id": "P224467.l032ae",
"ref": "P224467.16.1",
"inst": "ša[of]DET",
"sig": "@saao/saa19%akk-x-neoass:ša=ša[of//of]DET'DET$ša",
"f": {"lang": "akk-x-neoass",
"form": "ša",
"cf": "ša",
"gw": "of",
"sense": "of",
"norm": "ša",
"pos": "DET",
"epos": "DET"}
}
,
{
"node": "l",
"frag": "ka-ni]-⸢ki⸣",
"id": "P224467.l032af",
"ref": "P224467.16.2",
"inst": "kanīki[sealed document]N",
"sig": "@saao/saa19%akk-x-neoass:ka-ni-ki=kanīku[sealed document//sealed document]N'N$kanīki",
"f": {"lang": "akk-x-neoass",
"form": "ka-ni-ki",
"cf": "kanīku",
"gw": "sealed document",
"sense": "sealed document",
"norm": "kanīki",
"pos": "N",
"epos": "N"}
}
,
{
"node": "l",
"frag": "a-sa-ṭar",
"id": "P224467.l032b0",
"ref": "P224467.16.3",
"inst": "assaṭar[write]V",
"sig": "@saao/saa19%akk-x-neoass:a-sa-ṭar=šaṭāru[write//write]V'V$assaṭar",
"f": {"lang": "akk-x-neoass",
"form": "a-sa-ṭar",
"cf": "šaṭāru",
"gw": "write",
"sense": "write",
"norm": "assaṭar",
"pos": "V",
"epos": "V"}
}
,
{
"node": "l",
"frag": "[x",
"id": "P224467.l032b1",
"ref": "P224467.16.4",
"inst": "u",
"f": {"lang": "akk-x-neoass",
"form": "x",
"pos": "u"}
}
,
{
"node": "l",
"frag": "x]",
"id": "P224467.l032b2",
"ref": "P224467.16.5",
"inst": "u",
"f": {"lang": "akk-x-neoass",
"form": "x",
"pos": "u"}
}
,
{
"node": "d",
"type": "line-start",
"ref": "P224467.17",
"n": "15'",
"label": "o 15'"}
,
{
"node": "l",
"frag": "[x",
"id": "P224467.l032b3",
"ref": "P224467.17.1",
"inst": "u",
"f": {"lang": "akk-x-neoass",
"form": "x",
"pos": "u"}
}
,
{
"node": "l",
"frag": "x",
"id": "P224467.l032b4",
"ref": "P224467.17.2",
"inst": "u",
"f": {"lang": "akk-x-neoass",
"form": "x",
"pos": "u"}
}
,
{
"node": "l",
"frag": "x",
"id": "P224467.l032b5",
"ref": "P224467.17.3",
"inst": "u",
"f": {"lang": "akk-x-neoass",
"form": "x",
"pos": "u"}
}
,
{
"node": "l",
"frag": "x]",
"id": "P224467.l032b6",
"ref": "P224467.17.4",
"inst": "u",
"f": {"lang": "akk-x-neoass",
"form": "x",
"pos": "u"}
}
,
{
"node": "l",
"frag": "⸢an⸣-nu-[rig]",
"id": "P224467.l032b7",
"ref": "P224467.17.5",
"inst": "annurig[now]AV",
"sig": "@saao/saa19%akk-x-neoass:an-nu-rig=annûri[now//now]AV'AV$annurig",
"f": {"lang": "akk-x-neoass",
"form": "an-nu-rig",
"cf": "annûri",
"gw": "now",
"sense": "now",
"norm": "annurig",
"pos": "AV",
"epos": "AV"}
}
,
{
"node": "d",
"type": "nonx",
"ref": "P224467.18",
"strict": "0",
"extent": "rest",
"state": "missing"}
,
{
"node": "d",
"subtype": "reverse",
"type": "surface",
"ref": "P224467.r.19",
"type": "reverse",
"label": "r"}
,
{
"node": "d",
"type": "nonx",
"ref": "P224467.20",
"strict": "0",
"extent": "beginning",
"state": "missing"}
,
{
"node": "d",
"type": "line-start",
"ref": "P224467.21",
"n": "1'",
"label": "r 1'"}
,
{
"node": "l",
"frag": "[x",
"id": "P224467.l032b8",
"ref": "P224467.21.1",
"inst": "u",
"f": {"lang": "akk-x-neoass",
"form": "x",
"pos": "u"}
}
,
{
"node": "l",
"frag": "x",
"id": "P224467.l032b9",
"ref": "P224467.21.2",
"inst": "u",
"f": {"lang": "akk-x-neoass",
"form": "x",
"pos": "u"}
}
,
{
"node": "l",
"frag": "x]+⸢x",
"id": "P224467.l032ba",
"ref": "P224467.21.3",
"inst": "u",
"f": {"lang": "akk-x-neoass",
"form": "x+x",
"pos": "u"}
}
,
{
"node": "l",
"frag": "x⸣+[x",
"id": "P224467.l032bb",
"ref": "P224467.21.4",
"inst": "u",
"f": {"lang": "akk-x-neoass",
"form": "x+x",
"pos": "u"}
}
,
{
"node": "l",
"frag": "x]",
"id": "P224467.l032bc",
"ref": "P224467.21.5",
"inst": "u",
"f": {"lang": "akk-x-neoass",
"form": "x",
"pos": "u"}
}
,
{
"node": "l",
"frag": "⸢x⸣+[x",
"id": "P224467.l032bd",
"ref": "P224467.21.6",
"inst": "u",
"f": {"lang": "akk-x-neoass",
"form": "x+x",
"pos": "u"}
}
,
{
"node": "l",
"frag": "x",
"id": "P224467.l032be",
"ref": "P224467.21.7",
"inst": "u",
"f": {"lang": "akk-x-neoass",
"form": "x",
"pos": "u"}
}
,
{
"node": "l",
"frag": "x]+⸢x⸣+[x",
"id": "P224467.l032bf",
"ref": "P224467.21.8",
"inst": "u",
"f": {"lang": "akk-x-neoass",
"form": "x+x+x",
"pos": "u"}
}
,
{
"node": "l",
"frag": "x",
"id": "P224467.l032c0",
"ref": "P224467.21.9",
"inst": "u",
"f": {"lang": "akk-x-neoass",
"form": "x",
"pos": "u"}
}
,
{
"node": "l",
"frag": "x",
"id": "P224467.l032c1",
"ref": "P224467.21.10",
"inst": "u",
"f": {"lang": "akk-x-neoass",
"form": "x",
"pos": "u"}
}
,
{
"node": "l",
"frag": "x",
"id": "P224467.l032c2",
"ref": "P224467.21.11",
"inst": "u",
"f": {"lang": "akk-x-neoass",
"form": "x",
"pos": "u"}
}
,
{
"node": "l",
"frag": "x]",
"id": "P224467.l032c3",
"ref": "P224467.21.12",
"inst": "u",
"f": {"lang": "akk-x-neoass",
"form": "x",
"pos": "u"}
}
,
{
"node": "d",
"type": "line-start",
"ref": "P224467.22",
"n": "2'",
"label": "r 2'"}
,
{
"node": "l",
"frag": "⸢u₂⸣-ma-a",
"id": "P224467.l032c4",
"ref": "P224467.22.1",
"inst": "ūmâ[now]AV",
"sig": "@saao/saa19%akk-x-neoass:u₂-ma-a=ūma[today//now]AV'AV$ūmâ",
"f": {"lang": "akk-x-neoass",
"form": "u₂-ma-a",
"cf": "ūma",
"gw": "today",
"sense": "now",
"norm": "ūmâ",
"pos": "AV",
"epos": "AV"}
}
,
{
"node": "l",
"frag": "a-sa-par",
"id": "P224467.l032c5",
"ref": "P224467.22.2",
"inst": "assapar[send]V",
"sig": "@saao/saa19%akk-x-neoass:a-sa-par=šapāru[send//send]V'V$assapar",
"f": {"lang": "akk-x-neoass",
"form": "a-sa-par",
"cf": "šapāru",
"gw": "send",
"sense": "send",
"norm": "assapar",
"pos": "V",
"epos": "V"}
}
,
{
"node": "l",
"frag": "be₂-et",
"id": "P224467.l032c6",
"ref": "P224467.22.3",
"inst": "bēt[where]SBJ",
"sig": "@saao/saa19%akk-x-neoass:be₂-et=bīt[where//where]SBJ'SBJ$bēt",
"f": {"lang": "akk-x-neoass",
"form": "be₂-et",
"cf": "bīt",
"gw": "where",
"sense": "where",
"norm": "bēt",
"pos": "SBJ",
"epos": "SBJ"}
}
,
{
"node": "l",
"frag": "ša-⸢ki⸣-[nu]-⸢u-ni⸣",
"id": "P224467.l032c7",
"ref": "P224467.22.4",
"inst": "+šaknu[placed]AJ$šakinūni",
"sig": "@saao/saa19%akk-x-neoass:ša-ki-nu-u-ni=šaknu[placed//placed]AJ'AJ$šakinūni",
"f": {"lang": "akk-x-neoass",
"form": "ša-ki-nu-u-ni",
"cf": "šaknu",
"gw": "placed",
"sense": "placed",
"norm": "šakinūni",
"pos": "AJ",
"epos": "AJ"}
}
,
{
"node": "d",
"type": "line-start",
"ref": "P224467.23",
"n": "3'",
"label": "r 3'"}
,
{
"node": "l",
"frag": "e-mu-ru",
"id": "P224467.l032c8",
"ref": "P224467.23.1",
"inst": "+amāru[see]V$emmuru",
"sig": "@saao/saa19%akk-x-neoass:e-mu-ru=amāru[see//see]V'V$emmuru",
"f": {"lang": "akk-x-neoass",
"form": "e-mu-ru",
"cf": "amāru",
"gw": "see",
"sense": "see",
"norm": "emmuru",
"pos": "V",
"epos": "V"}
}
,
{
"node": "l",
"frag": "ki-ma",
"id": "P224467.l032c9",
"ref": "P224467.23.2",
"inst": "+kīma[like//when]PRP'SBJ$",
"sig": "@saao/saa19%akk-x-neoass:ki-ma=kīma[like//when]PRP'SBJ$kīma",
"f": {"lang": "akk-x-neoass",
"form": "ki-ma",
"cf": "kīma",
"gw": "like",
"sense": "when",
"norm": "kīma",
"pos": "PRP",
"epos": "SBJ"}
}
,
{
"node": "l",
"frag": "dul-li",
"id": "P224467.l032ca",
"ref": "P224467.23.3",
"inst": "+dullu[trouble//work]N$dullī",
"sig": "@saao/saa19%akk-x-neoass:dul-li=dullu[trouble//work]N'N$dullī",
"f": {"lang": "akk-x-neoass",
"form": "dul-li",
"cf": "dullu",
"gw": "trouble",
"sense": "work",
"norm": "dullī",
"pos": "N",
"epos": "N"}
}
,
{
"node": "l",
"frag": "ug-da-mir",
"id": "P224467.l032cb",
"ref": "P224467.23.4",
"inst": "ugdammir[finish]V",
"sig": "@saao/saa19%akk-x-neoass:ug-da-mir=gamāru[complete//finish]V'V$ugdammir",
"f": {"lang": "akk-x-neoass",
"form": "ug-da-mir",
"cf": "gamāru",
"gw": "complete",
"sense": "finish",
"norm": "ugdammir",
"pos": "V",
"epos": "V"}
}
,
{
"node": "d",
"type": "line-start",
"ref": "P224467.24",
"n": "4'",
"label": "r 4'"}
,
{
"node": "l",
"frag": "la",
"id": "P224467.l032cc",
"ref": "P224467.24.1",
"inst": "lā[not]MOD",
"sig": "@saao/saa19%akk-x-neoass:la=lā[not//not]MOD'MOD$lā",
"f": {"lang": "akk-x-neoass",
"form": "la",
"cf": "lā",
"gw": "not",
"sense": "not",
"norm": "lā",
"pos": "MOD",
"epos": "MOD"}
}
,
{
"node": "l",
"frag": "u₂-⸢da-ma⸣",
"id": "P224467.l032cd",
"ref": "P224467.24.2",
"inst": "+wadû[know]V$ūdāma",
"sig": "@saao/saa19%akk-x-neoass:u₂-da-ma=wadû[know//know]V'V$ūdāma",
"f": {"lang": "akk-x-neoass",
"form": "u₂-da-ma",
"cf": "wadû",
"gw": "know",
"sense": "know",
"norm": "ūdāma",
"pos": "V",
"epos": "V"}
}
,
{
"node": "l",
"frag": "a-di",
"id": "P224467.l032ce",
"ref": "P224467.24.3",
"inst": "+adi[until+=until]PRP$",
"sig": "@saao/saa19%akk-x-neoass:a-di=adi[until//until]PRP'PRP$adi",
"f": {"lang": "akk-x-neoass",
"form": "a-di",
"cf": "adi",
"gw": "until",
"sense": "until",
"norm": "adi",
"pos": "PRP",
"epos": "PRP"}
}
,
{
"node": "l",
"frag": "E₂",
"id": "P224467.l032cf",
"ref": "P224467.24.4",
"inst": "+bītu[house]N$bēt",
"sig": "@saao/saa19%akk-x-neoass:E₂=bītu[house//house]N'N$bēt",
"f": {"lang": "akk-x-neoass",
"form": "E₂",
"cf": "bītu",
"gw": "house",
"sense": "house",
"norm": "bēt",
"pos": "N",
"epos": "N"}
}
,
{
"node": "l",
"frag": "a-na",
"id": "P224467.l032d0",
"ref": "P224467.24.5",
"inst": "ana[to]PRP",
"sig": "@saao/saa19%akk-x-neoass:a-na=ana[to//to]PRP'PRP$ana",
"f": {"lang": "akk-x-neoass",
"form": "a-na",
"cf": "ana",
"gw": "to",
"sense": "to",
"norm": "ana",
"pos": "PRP",
"epos": "PRP"}
}
,
{
"node": "l",
"frag": "ša₂-a-ša₂",
"id": "P224467.l032d1",
"ref": "P224467.24.6",
"inst": "+šâša[to her//her]IP$šāša",
"sig": "@saao/saa19%akk-x-neoass:ša₂-a-ša₂=šâša[to her//her]IP'IP$šāša",
"f": {"lang": "akk-x-neoass",
"form": "ša₂-a-ša₂",
"cf": "šâša",
"gw": "to her",
"sense": "her",
"norm": "šāša",
"pos": "IP",
"epos": "IP"}
}
,
{
"node": "d",
"type": "line-start",
"ref": "P224467.25",
"n": "5'",
"label": "r 5'"}
,
{
"node": "l",
"frag": "a-ma-ha-⸢ar⸣-ši-i-ni",
"id": "P224467.l032d2",
"ref": "P224467.25.1",
"inst": "+mahāru[face//receive]V$amahharšīni",
"sig": "@saao/saa19%akk-x-neoass:a-ma-ha-ar-ši-i-ni=mahāru[face//receive]V'V$amahharšīni",
"f": {"lang": "akk-x-neoass",
"form": "a-ma-ha-ar-ši-i-ni",
"cf": "mahāru",
"gw": "face",
"sense": "receive",
"norm": "amahharšīni",
"pos": "V",
"epos": "V"}
}
,
{
"node": "l",
"frag": "an-nu-rig",
"id": "P224467.l032d3",
"ref": "P224467.25.2",
"inst": "annurig[now]AV",
"sig": "@saao/saa19%akk-x-neoass:an-nu-rig=annûri[now//now]AV'AV$annurig",
"f": {"lang": "akk-x-neoass",
"form": "an-nu-rig",
"cf": "annûri",
"gw": "now",
"sense": "now",
"norm": "annurig",
"pos": "AV",
"epos": "AV"}
}
,
{
"node": "l",
"frag": "ka-ni-ku",
"id": "P224467.l032d4",
"ref": "P224467.25.3",
"inst": "kanīku[sealed document]N",
"sig": "@saao/saa19%akk-x-neoass:ka-ni-ku=kanīku[sealed document//sealed document]N'N$kanīku",
"f": {"lang": "akk-x-neoass",
"form": "ka-ni-ku",
"cf": "kanīku",
"gw": "sealed document",
"sense": "sealed document",
"norm": "kanīku",
"pos": "N",
"epos": "N"}
}
,
{
"node": "d",
"type": "line-start",
"ref": "P224467.26",
"n": "6'",
"label": "r 6'"}
,
{
"node": "l",
"frag": "ša",
"id": "P224467.l032d5",
"ref": "P224467.26.1",
"inst": "ša[which]REL",
"sig": "@saao/saa19%akk-x-neoass:ša=ša[that//which]REL'REL$ša",
"f": {"lang": "akk-x-neoass",
"form": "ša",
"cf": "ša",
"gw": "that",
"sense": "which",
"norm": "ša",
"pos": "REL",
"epos": "REL"}
}
,
{
"node": "l",
"frag": "tu-⸢še-bi⸣-la-an-ni",
"id": "P224467.l032d6",
"ref": "P224467.26.2",
"inst": "+wabālu[bring//send]V$tušēbilanni",
"sig": "@saao/saa19%akk-x-neoass:tu-še-bi-la-an-ni=wabālu[bring//send]V'V$tušēbilanni",
"f": {"lang": "akk-x-neoass",
"form": "tu-še-bi-la-an-ni",
"cf": "wabālu",
"gw": "bring",
"sense": "send",
"norm": "tušēbilanni",
"pos": "V",
"epos": "V"}
}
,
{
"node": "l",
"frag": "ak-ta-nak",
"id": "P224467.l032d7",
"ref": "P224467.26.3",
"inst": "aktanak[seal]V",
"sig": "@saao/saa19%akk-x-neoass:ak-ta-nak=kanāku[seal//seal]V'V$aktanak",
"f": {"lang": "akk-x-neoass",
"form": "ak-ta-nak",
"cf": "kanāku",
"gw": "seal",
"sense": "seal",
"norm": "aktanak",
"pos": "V",
"epos": "V"}
}
,
{
"node": "l",
"frag": "ina",
"id": "P224467.l032d8",
"ref": "P224467.26.4",
"inst": "ina[in+=to]PRP",
"sig": "@saao/saa19%akk-x-neoass:ina=ina[in//in]PRP'PRP$ina",
"f": {"lang": "akk-x-neoass",
"form": "ina",
"cf": "ina",
"gw": "in",
"sense": "in",
"norm": "ina",
"pos": "PRP",
"epos": "PRP"}
}
,
{
"node": "l",
"frag": "UGU",
"id": "P224467.l032d9",
"ref": "P224467.26.5",
"inst": "muhhi[skull]N",
"sig": "@saao/saa19%akk-x-neoass:UGU=muhhu[skull//skull]N'N$muhhi",
"f": {"lang": "akk-x-neoass",
"form": "UGU",
"cf": "muhhu",
"gw": "skull",
"sense": "skull",
"norm": "muhhi",
"pos": "N",
"epos": "N"}
}
,
{
"node": "l",
"frag": "LUGAL",
"id": "P224467.l032da",
"ref": "P224467.26.6",
"inst": "šarri[king]N",
"sig": "@saao/saa19%akk-x-neoass:LUGAL=šarru[king//king]N'N$šarri",
"f": {"lang": "akk-x-neoass",
"form": "LUGAL",
"cf": "šarru",
"gw": "king",
"sense": "king",
"norm": "šarri",
"pos": "N",
"epos": "N"}
}
,
{
"node": "d",
"type": "line-start",
"ref": "P224467.27",
"n": "7'",
"label": "r 7'"}
,
{
"node": "l",
"frag": "u₂-se-⸢bi⸣-la",
"id": "P224467.l032db",
"ref": "P224467.27.1",
"inst": "ussēbila[send]V",
"sig": "@saao/saa19%akk-x-neoass:u₂-se-bi-la=wabālu[bring//send]V'V$ussēbila",
"f": {"lang": "akk-x-neoass",
"form": "u₂-se-bi-la",
"cf": "wabālu",
"gw": "bring",
"sense": "send",
"norm": "ussēbila",
"pos": "V",
"epos": "V"}
}
,
{
"node": "l",
"frag": "TA@v",
"id": "P224467.l032dc",
"ref": "P224467.27.2",
"inst": "issu[from+=concerning]PRP",
"sig": "@saao/saa19%akk-x-neoass:TA@v=ištu[from//from]PRP'PRP$issu",
"f": {"lang": "akk-x-neoass",
"form": "TA@v",
"cf": "ištu",
"gw": "from",
"sense": "from",
"norm": "issu",
"pos": "PRP",
"epos": "PRP"}
}
,
{
"node": "l",
"frag": "UGU",
"id": "P224467.l032dd",
"ref": "P224467.27.3",
"inst": "muhhi[skull]N",
"sig": "@saao/saa19%akk-x-neoass:UGU=muhhu[skull//skull]N'N$muhhi",
"f": {"lang": "akk-x-neoass",
"form": "UGU",
"cf": "muhhu",
"gw": "skull",
"sense": "skull",
"norm": "muhhi",
"pos": "N",
"epos": "N"}
}
,
{
"node": "l",
"frag": "{lu₂}MAH",
"id": "P224467.l032de",
"ref": "P224467.27.4",
"inst": "+ṣīru[envoy//emissary]N$ṣīri",
"sig": "@saao/saa19%akk-x-neoass:{LU₂}MAH=ṣīru[envoy//emissary]N'N$ṣīri",
"f": {"lang": "akk-x-neoass",
"form": "{LU₂}MAH",
"cf": "ṣīru",
"gw": "envoy",
"sense": "emissary",
"norm": "ṣīri",
"pos": "N",
"epos": "N"}
}
,
{
"node": "l",
"frag": "ša",
"id": "P224467.l032df",
"ref": "P224467.27.5",
"inst": "ša[of]DET",
"sig": "@saao/saa19%akk-x-neoass:ša=ša[of//of]DET'DET$ša",
"f": {"lang": "akk-x-neoass",
"form": "ša",
"cf": "ša",
"gw": "of",
"sense": "of",
"norm": "ša",
"pos": "DET",
"epos": "DET"}
}
,
{
"node": "l",
"frag": "{1}GIN-NUMUN",
"id": "P224467.l032e0",
"ref": "P224467.27.6",
"inst": "+Mukin-zeri[1]PN$",
"sig": "@saao/saa19%akk-x-neoass:{1}GIN-NUMUN=Mukin-zeri[1//1]PN'PN$Mukin-zeri",
"f": {"lang": "akk-x-neoass",
"form": "{1}GIN-NUMUN",
"cf": "Mukin-zeri",
"gw": "1",
"sense": "1",
"norm": "Mukin-zeri",
"pos": "PN",
"epos": "PN"}
}
,
{
"node": "d",
"type": "line-start",
"ref": "P224467.28",
"n": "8'",
"label": "r 8'"}
,
{
"node": "l",
"frag": "ša",
"id": "P224467.l032e1",
"ref": "P224467.28.1",
"inst": "ša[who]REL",
"sig": "@saao/saa19%akk-x-neoass:ša=ša[that//those who]REL'REL$ša",
"f": {"lang": "akk-x-neoass",
"form": "ša",
"cf": "ša",
"gw": "that",
"sense": "those who",
"norm": "ša",
"pos": "REL",
"epos": "REL"}
}
,
{
"node": "l",
"frag": "a-na",
"id": "P224467.l032e2",
"ref": "P224467.28.2",
"inst": "ana[to]PRP",
"sig": "@saao/saa19%akk-x-neoass:a-na=ana[to//to]PRP'PRP$ana",
"f": {"lang": "akk-x-neoass",
"form": "a-na",
"cf": "ana",
"gw": "to",
"sense": "to",
"norm": "ana",
"pos": "PRP",
"epos": "PRP"}
}
,
{
"node": "l",
"frag": "LUGAL",
"id": "P224467.l032e3",
"ref": "P224467.28.3",
"inst": "šarri[king]N",
"sig": "@saao/saa19%akk-x-neoass:LUGAL=šarru[king//king]N'N$šarri",
"f": {"lang": "akk-x-neoass",
"form": "LUGAL",
"cf": "šarru",
"gw": "king",
"sense": "king",
"norm": "šarri",
"pos": "N",
"epos": "N"}
}
,
{
"node": "l",
"frag": "aš₂-pur-an-ni",
"id": "P224467.l032e4",
"ref": "P224467.28.4",
"inst": "ašpuranni[write]V",
"sig": "@saao/saa19%akk-x-neoass:aš₂-pur-an-ni=šapāru[send//write]V'V$ašpuranni",
"f": {"lang": "akk-x-neoass",
"form": "aš₂-pur-an-ni",
"cf": "šapāru",
"gw": "send",
"sense": "write",
"norm": "ašpuranni",
"pos": "V",
"epos": "V"}
}
,
{
"node": "l",
"frag": "nu-ku",
"id": "P224467.l032e5",
"ref": "P224467.28.5",
"inst": "nūku[saying]PRP",
"sig": "@saao/saa19%akk-x-neoass:nu-ku=nuk[saying//saying]PRP'PRP$nūku",
"f": {"lang": "akk-x-neoass",
"form": "nu-ku",
"cf": "nuk",
"gw": "saying",
"sense": "saying",
"norm": "nūku",
"pos": "PRP",
"epos": "PRP"}
}
,
{
"node": "l",
"frag": "EN.NUN-šu₂",
"id": "P224467.l032e6",
"ref": "P224467.28.6",
"inst": "+maṣṣartu[observation//guard]N$maṣṣartušu",
"sig": "@saao/saa19%akk-x-neoass:EN.NUN-šu₂=maṣṣartu[observation//guard]N'N$maṣṣartušu",
"f": {"lang": "akk-x-neoass",
"form": "EN.NUN-šu₂",
"cf": "maṣṣartu",
"gw": "observation",
"sense": "guard",
"norm": "maṣṣartušu",
"pos": "N",
"epos": "N"}
}
,
{
"node": "d",
"type": "line-start",
"ref": "P224467.29",
"n": "9'",
"label": "r 9'"}
,
{
"node": "l",
"frag": "u₂-da-in",
"id": "P224467.l032e7",
"ref": "P224467.29.1",
"inst": "+danānu[be(come) strong//strengthen]V$uddaʾʾin",
"sig": "@saao/saa19%akk-x-neoass:u₂-da-in=danānu[be(come) strong//strengthen]V'V$uddaʾʾin",
"f": {"lang": "akk-x-neoass",
"form": "u₂-da-in",
"cf": "danānu",
"gw": "be(come) strong",
"sense": "strengthen",
"norm": "uddaʾʾin",
"pos": "V",
"epos": "V"}
}
,
{
"node": "l",
"frag": "nu-ku",
"id": "P224467.l032e8",
"ref": "P224467.29.2",
"inst": "nūku[saying]PRP",
"sig": "@saao/saa19%akk-x-neoass:nu-ku=nuk[saying//saying]PRP'PRP$nūku",
"f": {"lang": "akk-x-neoass",
"form": "nu-ku",
"cf": "nuk",
"gw": "saying",
"sense": "saying",
"norm": "nūku",
"pos": "PRP",
"epos": "PRP"}
}
,
{
"node": "l",
"frag": "šum₂-mu",
"id": "P224467.l032e9",
"ref": "P224467.29.3",
"inst": "šummu[if]MOD",
"sig": "@saao/saa19%akk-x-neoass:šum₂-mu=šumma[if//if]MOD'MOD$šummu",
"f": {"lang": "akk-x-neoass",
"form": "šum₂-mu",
"cf": "šumma",
"gw": "if",
"sense": "if",
"norm": "šummu",
"pos": "MOD",
"epos": "MOD"}
}
,
{
"node": "l",
"frag": "i-na",
"id": "P224467.l032ea",
"ref": "P224467.29.4",
"inst": "ina[in]PRP",
"sig": "@saao/saa19%akk-x-neoass:i-na=ina[in//in]PRP'PRP$ina",
"f": {"lang": "akk-x-neoass",
"form": "i-na",
"cf": "ina",
"gw": "in",
"sense": "in",
"norm": "ina",
"pos": "PRP",
"epos": "PRP"}
}
,
{
"node": "l",
"frag": "ŠU.2",
"id": "P224467.l032eb",
"ref": "P224467.29.5",
"inst": "qātē[hand]N",
"sig": "@saao/saa19%akk-x-neoass:ŠU.2=qātu[hand//hand]N'N$qātē",
"f": {"lang": "akk-x-neoass",
"form": "ŠU.2",
"cf": "qātu",
"gw": "hand",
"sense": "hand",
"norm": "qātē",
"pos": "N",
"epos": "N"}
}
,
{
"node": "l",
"frag": "i-⸢tu-qut⸣",
"id": "P224467.l032ec",
"ref": "P224467.29.6",
"inst": "+maqātu[fall]V$ittuqut",
"sig": "@saao/saa19%akk-x-neoass:i-tu-qut=maqātu[fall//fall]V'V$ittuqut",
"f": {"lang": "akk-x-neoass",
"form": "i-tu-qut",
"cf": "maqātu",
"gw": "fall",
"sense": "fall",
"norm": "ittuqut",
"pos": "V",
"epos": "V"}
}
,
{
"node": "d",
"type": "line-start",
"ref": "P224467.30",
"n": "10'",
"label": "r 10'"}
,
{
"node": "l",
"frag": "i-ṣab-tu₂-ni-šu₂",
"id": "P224467.l032ed",
"ref": "P224467.30.1",
"inst": "+ṣabātu[seize]V$iṣṣabtuniššu",
"sig": "@saao/saa19%akk-x-neoass:i-ṣab-tu₂-ni-šu₂=ṣabātu[seize//seize]V'V$iṣṣabtuniššu",
"f": {"lang": "akk-x-neoass",
"form": "i-ṣab-tu₂-ni-šu₂",
"cf": "ṣabātu",
"gw": "seize",
"sense": "seize",
"norm": "iṣṣabtuniššu",
"pos": "V",
"epos": "V"}
}
,
{
"node": "l",
"frag": "ina",
"id": "P224467.l032ee",
"ref": "P224467.30.2",
"inst": "ina[in+=to]PRP",
"sig": "@saao/saa19%akk-x-neoass:ina=ina[in//in]PRP'PRP$ina",
"f": {"lang": "akk-x-neoass",
"form": "ina",
"cf": "ina",
"gw": "in",
"sense": "in",
"norm": "ina",
"pos": "PRP",
"epos": "PRP"}
}
,
{
"node": "l",
"frag": "UGU",
"id": "P224467.l032ef",
"ref": "P224467.30.3",
"inst": "muhhi[skull]N",
"sig": "@saao/saa19%akk-x-neoass:UGU=muhhu[skull//skull]N'N$muhhi",
"f": {"lang": "akk-x-neoass",
"form": "UGU",
"cf": "muhhu",
"gw": "skull",
"sense": "skull",
"norm": "muhhi",
"pos": "N",
"epos": "N"}
}
,
{
"node": "l",
"frag": "LUGAL",
"id": "P224467.l032f0",
"ref": "P224467.30.4",
"inst": "šarri[king]N",
"sig": "@saao/saa19%akk-x-neoass:LUGAL=šarru[king//king]N'N$šarri",
"f": {"lang": "akk-x-neoass",
"form": "LUGAL",
"cf": "šarru",
"gw": "king",
"sense": "king",
"norm": "šarri",
"pos": "N",
"epos": "N"}
}
,
{
"node": "l",
"frag": "u₂-še-⸢bi⸣-la-šu₂",
"id": "P224467.l032f1",
"ref": "P224467.30.5",
"inst": "+wabālu[bring//send]V$ušēbilaššu",
"sig": "@saao/saa19%akk-x-neoass:u₂-še-bi-la-šu₂=wabālu[bring//send]V'V$ušēbilaššu",
"f": {"lang": "akk-x-neoass",
"form": "u₂-še-bi-la-šu₂",
"cf": "wabālu",
"gw": "bring",
"sense": "send",
"norm": "ušēbilaššu",
"pos": "V",
"epos": "V"}
}
,
{
"node": "d",
"type": "line-start",
"ref": "P224467.31",
"n": "11'",
"label": "r 11'"}
,
{
"node": "l",
"frag": "{1}ia-di-⸢iʾ⸣-i-lu",
"id": "P224467.l032f2",
"ref": "P224467.31.1",
"inst": "+Yadiʾ-il[1]PN$Yadiʾ-ilu",
"sig": "@saao/saa19%akk-x-neoass:{1}ia-di-iʾ-i-lu=Yadiʾ-il[1//1]PN'PN$Yadiʾ-ilu",
"f": {"lang": "akk-x-neoass",
"form": "{1}ia-di-iʾ-i-lu",
"cf": "Yadiʾ-il",
"gw": "1",
"sense": "1",
"norm": "Yadiʾ-ilu",
"pos": "PN",
"epos": "PN"}
}
,
{
"node": "l",
"frag": "MU-šu₂",
"id": "P224467.l032f3",
"ref": "P224467.31.2",
"inst": "šumšu[name]N",
"sig": "@saao/saa19%akk-x-neoass:MU-šu₂=šumu[name//name]N'N$šumšu",
"f": {"lang": "akk-x-neoass",
"form": "MU-šu₂",
"cf": "šumu",
"gw": "name",
"sense": "name",
"norm": "šumšu",
"pos": "N",
"epos": "N"}
}
,
{
"node": "l",
"frag": "ih-ti-liq",
"id": "P224467.l032f4",
"ref": "P224467.31.3",
"inst": "ihtiliq[run away]V",
"sig": "@saao/saa19%akk-x-neoass:ih-ti-liq=halāqu[be(come) lost//run away]V'V$ihtiliq",
"f": {"lang": "akk-x-neoass",
"form": "ih-ti-liq",
"cf": "halāqu",
"gw": "be(come) lost",
"sense": "run away",
"norm": "ihtiliq",
"pos": "V",
"epos": "V"}
}
,
{
"node": "l",
"frag": "⸢ina",
"id": "P224467.l032f5",
"ref": "P224467.31.4",
"inst": "ina[in+=to]PRP",
"sig": "@saao/saa19%akk-x-neoass:ina=ina[in//in]PRP'PRP$ina",
"f": {"lang": "akk-x-neoass",
"form": "ina",
"cf": "ina",
"gw": "in",
"sense": "in",
"norm": "ina",
"pos": "PRP",
"epos": "PRP"}
}
,
{
"node": "l",
"frag": "UGU⸣",
"id": "P224467.l032f6",
"ref": "P224467.31.5",
"inst": "muhhi[skull]N",
"sig": "@saao/saa19%akk-x-neoass:UGU=muhhu[skull//skull]N'N$muhhi",
"f": {"lang": "akk-x-neoass",
"form": "UGU",
"cf": "muhhu",
"gw": "skull",
"sense": "skull",
"norm": "muhhi",
"pos": "N",
"epos": "N"}
}
,
{
"node": "d",
"type": "line-start",
"ref": "P224467.32",
"n": "12'",
"label": "r 12'"}
,
{
"node": "l",
"frag": "{1}GIN-NUMUN",
"id": "P224467.l032f7",
"ref": "P224467.32.1",
"inst": "+Mukin-zeri[1]PN$",
"sig": "@saao/saa19%akk-x-neoass:{1}GIN-NUMUN=Mukin-zeri[1//1]PN'PN$Mukin-zeri",
"f": {"lang": "akk-x-neoass",
"form": "{1}GIN-NUMUN",
"cf": "Mukin-zeri",
"gw": "1",
"sense": "1",
"norm": "Mukin-zeri",
"pos": "PN",
"epos": "PN"}
}
,
{
"node": "l",
"frag": "i-ta-lak",
"id": "P224467.l032f8",
"ref": "P224467.32.2",
"inst": "ittalak[go]V",
"sig": "@saao/saa19%akk-x-neoass:i-ta-lak=alāku[go//go]V'V$ittalak",
"f": {"lang": "akk-x-neoass",
"form": "i-ta-lak",
"cf": "alāku",
"gw": "go",
"sense": "go",
"norm": "ittalak",
"pos": "V",
"epos": "V"}
}
,
{
"node": "l",
"frag": "E₂-su",
"id": "P224467.l032f9",
"ref": "P224467.32.3",
"inst": "bēssu[house]N",
"sig": "@saao/saa19%akk-x-neoass:E₂-su=bītu[house//house]N'N$bēssu",
"f": {"lang": "akk-x-neoass",
"form": "E₂-su",
"cf": "bītu",
"gw": "house",
"sense": "house",
"norm": "bēssu",
"pos": "N",
"epos": "N"}
}
,
{
"node": "l",
"frag": "UN-⸢MEŠ-šu₂⸣",
"id": "P224467.l032fa",
"ref": "P224467.32.4",
"inst": "nišēšu[people]N",
"sig": "@saao/saa19%akk-x-neoass:UN-MEŠ-šu₂=nišu[people//people]N'N$nišēšu",
"f": {"lang": "akk-x-neoass",
"form": "UN-MEŠ-šu₂",
"cf": "nišu",
"gw": "people",
"sense": "people",
"norm": "nišēšu",
"pos": "N",
"epos": "N"}
}
,
{
"node": "d",
"type": "line-start",
"ref": "P224467.33",
"n": "13'",
"label": "r 13'"}
,
{
"node": "l",
"frag": "⸢i⸣-na",
"id": "P224467.l032fb",
"ref": "P224467.33.1",
"inst": "ina[in]PRP",
"sig": "@saao/saa19%akk-x-neoass:i-na=ina[in//in]PRP'PRP$ina",
"f": {"lang": "akk-x-neoass",
"form": "i-na",
"cf": "ina",
"gw": "in",
"sense": "in",
"norm": "ina",
"pos": "PRP",
"epos": "PRP"}
}
,
{
"node": "l",
"frag": "{uru}hi-in-da-na",
"id": "P224467.l032fc",
"ref": "P224467.33.2",
"inst": "Hindana[1]GN",
"sig": "@saao/saa19%akk-x-neoass:{URU}hi-in-da-na=Hindanu[1//1]GN'GN$Hindana",
"f": {"lang": "akk-x-neoass",
"form": "{URU}hi-in-da-na",
"cf": "Hindanu",
"gw": "1",
"sense": "1",
"norm": "Hindana",
"pos": "GN",
"epos": "GN"}
}
,
{
"node": "l",
"frag": "an-nu-rig",
"id": "P224467.l032fd",
"ref": "P224467.33.3",
"inst": "annurig[now]AV",
"sig": "@saao/saa19%akk-x-neoass:an-nu-rig=annûri[now//now]AV'AV$annurig",
"f": {"lang": "akk-x-neoass",
"form": "an-nu-rig",
"cf": "annûri",
"gw": "now",
"sense": "now",
"norm": "annurig",
"pos": "AV",
"epos": "AV"}
}
,
{
"node": "d",
"type": "line-start",
"ref": "P224467.34",
"n": "14'",
"label": "r 14'"}
,
{
"node": "c",
"type": "phrase",
"tag": "phr",
"id": "P224467.U4",
"ref": "P224467.ls00000",
"cdl": [
{
"node": "l",
"frag": "{[lu₂}A-KIN]-⸢ia⸣",
"id": "P224467.l032fe",
"ref": "P224467.34.1",
"cof-tails": "P224467.l032ff",
"inst": "māru[son]N$mār&šipru[sending]N$šiprīya",
"sig": "@saao/saa19%akk-x-neoass:{LU₂}A-KIN-ia=māru[son//son]N'N$mār&&@saao/saa19%akk-x-neoass:=šipru[sending//sending]N'N$šiprīya",
"f": {"lang": "akk-x-neoass",
"form": "{LU₂}A-KIN-ia",
"cf": "māru",
"gw": "son",
"sense": "son",
"norm": "mār",
"pos": "N",
"epos": "N"}
}
,
{
"node": "l",
"frag": "{[lu₂}A-KIN]-⸢ia⸣",
"id": "P224467.l032ff",
"ref": "P224467.34.1",
"cof-head": "P224467.l032fe",
"inst": "māru[son]N$mār&šipru[sending]N$šiprīya",
"tail-sig": "@saao/saa19%akk-x-neoass:=šipru[sending//sending]N'N$šiprīya",
"f": {"lang": "akk-x-neoass",
"form": "{LU₂}A-KIN-ia",
"cf": "šipru",
"gw": "sending",
"sense": "sending",
"norm": "šiprīya",
"pos": "N",
"epos": "N"}
}
]}
,
{
"node": "l",
"frag": "ina",
"id": "P224467.l03300",
"ref": "P224467.34.2",
"inst": "ina[in+=to]PRP",
"sig": "@saao/saa19%akk-x-neoass:ina=ina[in//in]PRP'PRP$ina",
"f": {"lang": "akk-x-neoass",
"form": "ina",
"cf": "ina",
"gw": "in",
"sense": "in",
"norm": "ina",
"pos": "PRP",
"epos": "PRP"}
}
,
{
"node": "l",
"frag": "UGU",
"id": "P224467.l03301",
"ref": "P224467.34.3",
"inst": "muhhi[skull]N",
"sig": "@saao/saa19%akk-x-neoass:UGU=muhhu[skull//skull]N'N$muhhi",
"f": {"lang": "akk-x-neoass",
"form": "UGU",
"cf": "muhhu",
"gw": "skull",
"sense": "skull",
"norm": "muhhi",
"pos": "N",
"epos": "N"}
}
,
{
"node": "l",
"frag": "{1}{d}IM-A-AŠ",
"id": "P224467.l03302",
"ref": "P224467.34.4",
"inst": "+Adad-aplu-iddina[1]PN$",
"sig": "@saao/saa19%akk-x-neoass:{1}{d}IM-A-AŠ=Adad-aplu-iddina[1//1]PN'PN$Adad-aplu-iddina",
"f": {"lang": "akk-x-neoass",
"form": "{1}{d}IM-A-AŠ",
"cf": "Adad-aplu-iddina",
"gw": "1",
"sense": "1",
"norm": "Adad-aplu-iddina",
"pos": "PN",
"epos": "PN"}
}
,
{
"node": "l",
"frag": "a-⸢sap⸣-[ra]",
"id": "P224467.l03303",
"ref": "P224467.34.5",
"inst": "assapra[send]V",
"sig": "@saao/saa19%akk-x-neoass:a-sap-ra=šapāru[send//send]V'V$assapra",
"f": {"lang": "akk-x-neoass",
"form": "a-sap-ra",
"cf": "šapāru",
"gw": "send",
"sense": "send",
"norm": "assapra",
"pos": "V",
"epos": "V"}
}
,
{
"node": "d",
"type": "line-start",
"ref": "P224467.35",
"n": "15'",
"label": "r 15'"}
,
{
"node": "l",
"frag": "[u₂]-ṣa-bu-tu₂",
"id": "P224467.l03304",
"ref": "P224467.35.1",
"inst": "+ṣabātu[seize]V$uṣabbūtu",
"sig": "@saao/saa19%akk-x-neoass:u₂-ṣa-bu-tu₂=ṣabātu[seize//seize]V'V$uṣabbūtu",
"f": {"lang": "akk-x-neoass",
"form": "u₂-ṣa-bu-tu₂",
"cf": "ṣabātu",
"gw": "seize",
"sense": "seize",
"norm": "uṣabbūtu",
"pos": "V",
"epos": "V"}
}
,
{
"node": "l",
"frag": "ina",
"id": "P224467.l03305",
"ref": "P224467.35.2",
"inst": "ina[in+=to]PRP",
"sig": "@saao/saa19%akk-x-neoass:ina=ina[in//in]PRP'PRP$ina",
"f": {"lang": "akk-x-neoass",
"form": "ina",
"cf": "ina",
"gw": "in",
"sense": "in",
"norm": "ina",
"pos": "PRP",
"epos": "PRP"}
}
,
{
"node": "l",
"frag": "UGU",
"id": "P224467.l03306",
"ref": "P224467.35.3",
"inst": "muhhi[skull]N",
"sig": "@saao/saa19%akk-x-neoass:UGU=muhhu[skull//skull]N'N$muhhi",
"f": {"lang": "akk-x-neoass",
"form": "UGU",
"cf": "muhhu",
"gw": "skull",
"sense": "skull",
"norm": "muhhi",
"pos": "N",
"epos": "N"}
}
,
{
"node": "l",
"frag": "LUGAL",
"id": "P224467.l03307",
"ref": "P224467.35.4",
"inst": "šarri[king]N",
"sig": "@saao/saa19%akk-x-neoass:LUGAL=šarru[king//king]N'N$šarri",
"f": {"lang": "akk-x-neoass",
"form": "LUGAL",
"cf": "šarru",
"gw": "king",
"sense": "king",
"norm": "šarri",
"pos": "N",
"epos": "N"}
}
,
{
"node": "l",
"frag": "⸢u₂⸣-[še-ba-lu-ni]",
"id": "P224467.l03308",
"ref": "P224467.35.5",
"inst": "+wabālu[bring//send]V$ušebbalūni",
"sig": "@saao/saa19%akk-x-neoass:u₂-še-ba-lu-ni=wabālu[bring//send]V'V$ušebbalūni",
"f": {"lang": "akk-x-neoass",
"form": "u₂-še-ba-lu-ni",
"cf": "wabālu",
"gw": "bring",
"sense": "send",
"norm": "ušebbalūni",
"pos": "V",
"epos": "V"}
}
,
{
"node": "d",
"type": "line-start",
"ref": "P224467.36",
"n": "16'",
"label": "r 16'"}
,
{
"node": "l",
"frag": "[LUGAL]",
"id": "P224467.l03309",
"ref": "P224467.36.1",
"inst": "šarru[king]N",
"sig": "@saao/saa19%akk-x-neoass:LUGAL=šarru[king//king]N'N$šarri",
"f": {"lang": "akk-x-neoass",
"form": "LUGAL",
"cf": "šarru",
"gw": "king",
"sense": "king",
"norm": "šarri",
"pos": "N",
"epos": "N"}
}
,
{
"node": "l",
"frag": "⸢lu⸣",
"id": "P224467.l0330a",
"ref": "P224467.36.2",
"inst": "lū[may]MOD",
"sig": "@saao/saa19%akk-x-neoass:lu=lū[may//may]MOD'MOD$lū",
"f": {"lang": "akk-x-neoass",
"form": "lu",
"cf": "lū",
"gw": "may",
"sense": "may",
"norm": "lū",
"pos": "MOD",
"epos": "MOD"}
}
,
{
"node": "l",
"frag": "u₂-da",
"id": "P224467.l0330b",
"ref": "P224467.36.3",
"inst": "ūda[know]V",
"sig": "@saao/saa19%akk-x-neoass:u₂-da=wadû[know//know]V'V$ūda",
"f": {"lang": "akk-x-neoass",
"form": "u₂-da",
"cf": "wadû",
"gw": "know",
"sense": "know",
"norm": "ūda",
"pos": "V",
"epos": "V"}
}
,
{
"node": "l",
"frag": "i-si-šu₂",
"id": "P224467.l0330c",
"ref": "P224467.36.4",
"inst": "issīšu[with]PRP",
"sig": "@saao/saa19%akk-x-neoass:i-si-šu₂=išti[with//with]PRP'PRP$issīšu",
"f": {"lang": "akk-x-neoass",
"form": "i-si-šu₂",
"cf": "išti",
"gw": "with",
"sense": "with",
"norm": "issīšu",
"pos": "PRP",
"epos": "PRP"}
}
,
{
"node": "l",
"frag": "{1}⸢x⸣+[x",
"id": "P224467.l0330d",
"ref": "P224467.36.5",
"inst": "u",
"f": {"lang": "akk-x-neoass",
"form": "{1}x+x",
"pos": "u"}
}
,
{
"node": "l",
"frag": "x",
"id": "P224467.l0330e",
"ref": "P224467.36.6",
"inst": "u",
"f": {"lang": "akk-x-neoass",
"form": "x",
"pos": "u"}
}
,
{
"node": "l",
"frag": "x",
"id": "P224467.l0330f",
"ref": "P224467.36.7",
"inst": "u",
"f": {"lang": "akk-x-neoass",
"form": "x",
"pos": "u"}
}
,
{
"node": "l",
"frag": "x]",
"id": "P224467.l03310",
"ref": "P224467.36.8",
"inst": "u",
"f": {"lang": "akk-x-neoass",
"form": "x",
"pos": "u"}
}
,
{
"node": "d",
"type": "line-start",
"ref": "P224467.37",
"n": "17'",
"label": "r 17'"}
,
{
"node": "l",
"frag": "[x",
"id": "P224467.l03311",
"ref": "P224467.37.1",
"inst": "u",
"f": {"lang": "akk-x-neoass",
"form": "x",
"pos": "u"}
}
,
{
"node": "l",
"frag": "x",
"id": "P224467.l03312",
"ref": "P224467.37.2",
"inst": "u",
"f": {"lang": "akk-x-neoass",
"form": "x",
"pos": "u"}
}
,
{
"node": "l",
"frag": "x",
"id": "P224467.l03313",
"ref": "P224467.37.3",
"inst": "u",
"f": {"lang": "akk-x-neoass",
"form": "x",
"pos": "u"}
}
,
{
"node": "l",
"frag": "x]",
"id": "P224467.l03314",
"ref": "P224467.37.4",
"inst": "u",
"f": {"lang": "akk-x-neoass",
"form": "x",
"pos": "u"}
}
,
{
"node": "l",
"frag": "⸢x",
"id": "P224467.l03315",
"ref": "P224467.37.5",
"inst": "u",
"f": {"lang": "akk-x-neoass",
"form": "x",
"pos": "u"}
}
,
{
"node": "l",
"frag": "x",
"id": "P224467.l03316",
"ref": "P224467.37.6",
"inst": "u",
"f": {"lang": "akk-x-neoass",
"form": "x",
"pos": "u"}
}
,
{
"node": "l",
"frag": "x⸣",
"id": "P224467.l03317",
"ref": "P224467.37.7",
"inst": "u",
"f": {"lang": "akk-x-neoass",
"form": "x",
"pos": "u"}
}
,
{
"node": "l",
"frag": "[x",
"id": "P224467.l03318",
"ref": "P224467.37.8",
"inst": "u",
"f": {"lang": "akk-x-neoass",
"form": "x",
"pos": "u"}
}
,
{
"node": "l",
"frag": "x",
"id": "P224467.l03319",
"ref": "P224467.37.9",
"inst": "u",
"f": {"lang": "akk-x-neoass",
"form": "x",
"pos": "u"}
}
,
{
"node": "l",
"frag": "x",
"id": "P224467.l0331a",
"ref": "P224467.37.10",
"inst": "u",
"f": {"lang": "akk-x-neoass",
"form": "x",
"pos": "u"}
}
,
{
"node": "l",
"frag": "x]",
"id": "P224467.l0331b",
"ref": "P224467.37.11",
"inst": "u",
"f": {"lang": "akk-x-neoass",
"form": "x",
"pos": "u"}
}
,
{
"node": "d",
"type": "nonx",
"ref": "P224467.38",
"strict": "0",
"extent": "rest",
"state": "missing"}
]}
]}
]}
,
{
"linkbase": [{
"type": "linkset",
"xlink_title": "mār šipri[messenger//messenger]N'N",
"id": "P224467.ls00000",
"xlink_type": "extended",
"xlink_role": "psu",
"sig": "{māru[son]N šipru[sending]N += mār šipri[messenger//messenger]N'N}::@saao%akk-x-neoass:{LU₂}DUMU-šip-ri-ia=māru[son//son]N'N$mār++@saao%akk-x-neoass:{LU₂}DUMU-šip-ri-ia=šipru[sending//sending]N'N$šiprīya",
"links": [
{
"type": "link",
"xlink_title": "māru",
"xlink_type": "locator",
"xlink_href": "#P224467.l032fe",
"xlink_role": "elt"}
,
{
"type": "link",
"xlink_title": "šipru",
"xlink_type": "locator",
"xlink_href": "#P224467.l032ff",
"xlink_role": "elt"}
]}
]}
]}
