{
"type": "cdl",
  "source": "http://oracc.org/saao/saa19",
  "license": "This data is released under the CC0 license",
  "license-url": "https://creativecommons.org/publicdomain/zero/1.0/",
  "more-info": "http://oracc.org/doc/opendata/",
  "UTC-timestamp": "2017-05-19T12:04:06",
"project": "saao/saa19",
"textid": "P393694",
"cdl": [
{
"node": "c",
"type": "text",
"id": "P393694.U0",
"cdl": [
{
"node": "d",
"type": "object",
"ref": ""}
,
{
"node": "d",
"subtype": "obverse",
"type": "surface",
"ref": "P393694.o.1",
"type": "obverse",
"label": "o"}
,
{
"node": "d",
"type": "nonx",
"ref": "P393694.2",
"strict": "0",
"extent": "beginning",
"state": "missing"}
,
{
"node": "c",
"type": "discourse",
"subtype": "body",
"id": "P393694.U1",
"cdl": [
{
"node": "c",
"type": "sentence",
"id": "P393694.U2",
"label": "o 1' - o 11'",
"cdl": [
{
"node": "d",
"type": "line-start",
"ref": "P393694.3",
"n": "1'",
"label": "o 1'"}
,
{
"node": "l",
"frag": "[x",
"id": "P393694.l02f64",
"ref": "P393694.3.1",
"inst": "u",
"f": {"lang": "akk-x-neoass",
"form": "x",
"pos": "u"}
}
,
{
"node": "l",
"frag": "x",
"id": "P393694.l02f65",
"ref": "P393694.3.2",
"inst": "u",
"f": {"lang": "akk-x-neoass",
"form": "x",
"pos": "u"}
}
,
{
"node": "l",
"frag": "x",
"id": "P393694.l02f66",
"ref": "P393694.3.3",
"inst": "u",
"f": {"lang": "akk-x-neoass",
"form": "x",
"pos": "u"}
}
,
{
"node": "l",
"frag": "x",
"id": "P393694.l02f67",
"ref": "P393694.3.4",
"inst": "u",
"f": {"lang": "akk-x-neoass",
"form": "x",
"pos": "u"}
}
,
{
"node": "l",
"frag": "x",
"id": "P393694.l02f68",
"ref": "P393694.3.5",
"inst": "u",
"f": {"lang": "akk-x-neoass",
"form": "x",
"pos": "u"}
}
,
{
"node": "l",
"frag": "x]",
"id": "P393694.l02f69",
"ref": "P393694.3.6",
"inst": "u",
"f": {"lang": "akk-x-neoass",
"form": "x",
"pos": "u"}
}
,
{
"node": "l",
"frag": "⸢x",
"id": "P393694.l02f6a",
"ref": "P393694.3.7",
"inst": "u",
"f": {"lang": "akk-x-neoass",
"form": "x",
"pos": "u"}
}
,
{
"node": "l",
"frag": "mu⸣",
"id": "P393694.l02f6b",
"ref": "P393694.3.8",
"inst": "u",
"f": {"lang": "akk-x-neoass",
"form": "mu",
"pos": "u"}
}
,
{
"node": "l",
"frag": "[x",
"id": "P393694.l02f6c",
"ref": "P393694.3.9",
"inst": "u",
"f": {"lang": "akk-x-neoass",
"form": "x",
"pos": "u"}
}
,
{
"node": "l",
"frag": "x",
"id": "P393694.l02f6d",
"ref": "P393694.3.10",
"inst": "u",
"f": {"lang": "akk-x-neoass",
"form": "x",
"pos": "u"}
}
,
{
"node": "l",
"frag": "x]",
"id": "P393694.l02f6e",
"ref": "P393694.3.11",
"inst": "u",
"f": {"lang": "akk-x-neoass",
"form": "x",
"pos": "u"}
}
,
{
"node": "d",
"type": "line-start",
"ref": "P393694.4",
"n": "2'",
"label": "o 2'"}
,
{
"node": "l",
"frag": "[x",
"id": "P393694.l02f6f",
"ref": "P393694.4.1",
"inst": "u",
"f": {"lang": "akk-x-neoass",
"form": "x",
"pos": "u"}
}
,
{
"node": "l",
"frag": "x",
"id": "P393694.l02f70",
"ref": "P393694.4.2",
"inst": "u",
"f": {"lang": "akk-x-neoass",
"form": "x",
"pos": "u"}
}
,
{
"node": "l",
"frag": "x]",
"id": "P393694.l02f71",
"ref": "P393694.4.3",
"inst": "u",
"f": {"lang": "akk-x-neoass",
"form": "x",
"pos": "u"}
}
,
{
"node": "l",
"frag": "⸢LUGAL\\t",
"id": "P393694.l02f72",
"ref": "P393694.4.4",
"inst": "šarru[king]N",
"sig": "@saao/saa19%akk-x-neoass:LUGAL=šarru[king//king]N'N$šarri",
"f": {"lang": "akk-x-neoass",
"form": "LUGAL",
"cf": "šarru",
"gw": "king",
"sense": "king",
"norm": "šarri",
"pos": "N",
"epos": "N"}
}
,
{
"node": "l",
"frag": "be-li₂",
"id": "P393694.l02f73",
"ref": "P393694.4.5",
"inst": "bēlī[lord]N",
"sig": "@saao/saa19%akk-x-neoass:be-li₂=bēlu[lord//lord]N'N$bēlī",
"f": {"lang": "akk-x-neoass",
"form": "be-li₂",
"cf": "bēlu",
"gw": "lord",
"sense": "lord",
"norm": "bēlī",
"pos": "N",
"epos": "N"}
}
,
{
"node": "l",
"frag": "lu",
"id": "P393694.l02f74",
"ref": "P393694.4.6",
"inst": "lū[may]MOD",
"sig": "@saao/saa19%akk-x-neoass:lu=lū[may//may]MOD'MOD$lū",
"f": {"lang": "akk-x-neoass",
"form": "lu",
"cf": "lū",
"gw": "may",
"sense": "may",
"norm": "lū",
"pos": "MOD",
"epos": "MOD"}
}
,
{
"node": "l",
"frag": "u₂⸣-[da",
"id": "P393694.l02f75",
"ref": "P393694.4.7",
"inst": "ūda[know]V",
"sig": "@saao/saa19%akk-x-neoass:u₂-da=wadû[know//know]V'V$ūda",
"f": {"lang": "akk-x-neoass",
"form": "u₂-da",
"cf": "wadû",
"gw": "know",
"sense": "know",
"norm": "ūda",
"pos": "V",
"epos": "V"}
}
,
{
"node": "l",
"frag": "x",
"id": "P393694.l02f76",
"ref": "P393694.4.8",
"inst": "u",
"f": {"lang": "akk-x-neoass",
"form": "x",
"pos": "u"}
}
,
{
"node": "l",
"frag": "x",
"id": "P393694.l02f77",
"ref": "P393694.4.9",
"inst": "u",
"f": {"lang": "akk-x-neoass",
"form": "x",
"pos": "u"}
}
,
{
"node": "l",
"frag": "x]",
"id": "P393694.l02f78",
"ref": "P393694.4.10",
"inst": "u",
"f": {"lang": "akk-x-neoass",
"form": "x",
"pos": "u"}
}
,
{
"node": "d",
"type": "line-start",
"ref": "P393694.5",
"n": "3'",
"label": "o 3'"}
,
{
"node": "l",
"frag": "[x",
"id": "P393694.l02f79",
"ref": "P393694.5.1",
"inst": "u",
"f": {"lang": "akk-x-neoass",
"form": "x",
"pos": "u"}
}
,
{
"node": "l",
"frag": "x",
"id": "P393694.l02f7a",
"ref": "P393694.5.2",
"inst": "u",
"f": {"lang": "akk-x-neoass",
"form": "x",
"pos": "u"}
}
,
{
"node": "l",
"frag": "x]+x-ni",
"id": "P393694.l02f7b",
"ref": "P393694.5.3",
"inst": "u",
"f": {"lang": "akk-x-neoass",
"form": "x+x-ni",
"pos": "u"}
}
,
{
"node": "l",
"frag": "a-na",
"id": "P393694.l02f7c",
"ref": "P393694.5.4",
"inst": "ana[to]PRP",
"sig": "@saao/saa19%akk-x-neoass:a-na=ana[to//to]PRP'PRP$ana",
"f": {"lang": "akk-x-neoass",
"form": "a-na",
"cf": "ana",
"gw": "to",
"sense": "to",
"norm": "ana",
"pos": "PRP",
"epos": "PRP"}
}
,
{
"node": "l",
"frag": "si-li\\t-⸢e⸣-[te",
"id": "P393694.l02f7d",
"ref": "P393694.5.5",
"inst": "+silītu[lie]N$siliēte",
"sig": "@saao/saa19%akk-x-neoass:si-li-e-te=silītu[lie//lie]N'N$siliēte",
"f": {"lang": "akk-x-neoass",
"form": "si-li-e-te",
"cf": "silītu",
"gw": "lie",
"sense": "lie",
"norm": "siliēte",
"pos": "N",
"epos": "N"}
}
,
{
"node": "l",
"frag": "x",
"id": "P393694.l02f7e",
"ref": "P393694.5.6",
"inst": "u",
"f": {"lang": "akk-x-neoass",
"form": "x",
"pos": "u"}
}
,
{
"node": "l",
"frag": "x]",
"id": "P393694.l02f7f",
"ref": "P393694.5.7",
"inst": "u",
"f": {"lang": "akk-x-neoass",
"form": "x",
"pos": "u"}
}
,
{
"node": "d",
"type": "line-start",
"ref": "P393694.6",
"n": "4'",
"label": "o 4'"}
,
{
"node": "l",
"frag": "[x",
"id": "P393694.l02f80",
"ref": "P393694.6.1",
"inst": "u",
"f": {"lang": "akk-x-neoass",
"form": "x",
"pos": "u"}
}
,
{
"node": "l",
"frag": "x",
"id": "P393694.l02f81",
"ref": "P393694.6.2",
"inst": "u",
"f": {"lang": "akk-x-neoass",
"form": "x",
"pos": "u"}
}
,
{
"node": "l",
"frag": "ina]",
"id": "P393694.l02f82",
"ref": "P393694.6.3",
"inst": "+ina[in+=before]PRP$",
"sig": "@saao/saa19%akk-x-neoass:ina=ina[in//in]PRP'PRP$ina",
"f": {"lang": "akk-x-neoass",
"form": "ina",
"cf": "ina",
"gw": "in",
"sense": "in",
"norm": "ina",
"pos": "PRP",
"epos": "PRP"}
}
,
{
"node": "l",
"frag": "⸢pa⸣-na-tu\\tm-u₂\\m-a",
"id": "P393694.l02f83",
"ref": "P393694.6.4",
"inst": "+pānātu[front]N$pānātūwa",
"sig": "@saao/saa19%akk-x-neoass:pa-na-tu-u₂-a=pānātu[front//front]N'N$pānātūwa",
"f": {"lang": "akk-x-neoass",
"form": "pa-na-tu-u₂-a",
"cf": "pānātu",
"gw": "front",
"sense": "front",
"norm": "pānātūwa",
"pos": "N",
"epos": "N"}
}
,
{
"node": "l",
"frag": "la",
"id": "P393694.l02f84",
"ref": "P393694.6.5",
"inst": "lā[not]MOD",
"sig": "@saao/saa19%akk-x-neoass:la=lā[not//not]MOD'MOD$lā",
"f": {"lang": "akk-x-neoass",
"form": "la",
"cf": "lā",
"gw": "not",
"sense": "not",
"norm": "lā",
"pos": "MOD",
"epos": "MOD"}
}
,
{
"node": "l",
"frag": "ina",
"id": "P393694.l02f85",
"ref": "P393694.6.6",
"inst": "ina[in+=in]PRP",
"sig": "@saao/saa19%akk-x-neoass:ina=ina[in//in]PRP'PRP$ina",
"f": {"lang": "akk-x-neoass",
"form": "ina",
"cf": "ina",
"gw": "in",
"sense": "in",
"norm": "ina",
"pos": "PRP",
"epos": "PRP"}
}
,
{
"node": "l",
"frag": "ŠA₃-[bi",
"id": "P393694.l02f86",
"ref": "P393694.6.7",
"inst": "libbi[interior]N",
"sig": "@saao/saa19%akk-x-neoass:ŠA₃-bi=libbu[interior//interior]N'N$libbi",
"f": {"lang": "akk-x-neoass",
"form": "ŠA₃-bi",
"cf": "libbu",
"gw": "interior",
"sense": "interior",
"norm": "libbi",
"pos": "N",
"epos": "N"}
}
,
{
"node": "l",
"frag": "x",
"id": "P393694.l02f87",
"ref": "P393694.6.8",
"inst": "u",
"f": {"lang": "akk-x-neoass",
"form": "x",
"pos": "u"}
}
,
{
"node": "l",
"frag": "x",
"id": "P393694.l02f88",
"ref": "P393694.6.9",
"inst": "u",
"f": {"lang": "akk-x-neoass",
"form": "x",
"pos": "u"}
}
,
{
"node": "l",
"frag": "x]",
"id": "P393694.l02f89",
"ref": "P393694.6.10",
"inst": "u",
"f": {"lang": "akk-x-neoass",
"form": "x",
"pos": "u"}
}
,
{
"node": "d",
"type": "line-start",
"ref": "P393694.7",
"n": "5'",
"label": "o 5'"}
,
{
"node": "l",
"frag": "[x",
"id": "P393694.l02f8a",
"ref": "P393694.7.1",
"inst": "u",
"f": {"lang": "akk-x-neoass",
"form": "x",
"pos": "u"}
}
,
{
"node": "l",
"frag": "x",
"id": "P393694.l02f8b",
"ref": "P393694.7.2",
"inst": "u",
"f": {"lang": "akk-x-neoass",
"form": "x",
"pos": "u"}
}
,
{
"node": "l",
"frag": "x]+⸢x⸣",
"id": "P393694.l02f8c",
"ref": "P393694.7.3",
"inst": "u",
"f": {"lang": "akk-x-neoass",
"form": "x+x",
"pos": "u"}
}
,
{
"node": "l",
"frag": "la",
"id": "P393694.l02f8d",
"ref": "P393694.7.4",
"inst": "lā[not]MOD",
"sig": "@saao/saa19%akk-x-neoass:la=lā[not//not]MOD'MOD$lā",
"f": {"lang": "akk-x-neoass",
"form": "la",
"cf": "lā",
"gw": "not",
"sense": "not",
"norm": "lā",
"pos": "MOD",
"epos": "MOD"}
}
,
{
"node": "l",
"frag": "u₂\\m-ša\\tdm-⸢aṣ-bit",
"id": "P393694.l02f8e",
"ref": "P393694.7.5",
"inst": "+ṣabātu[seize//provide]V$ušaṣbit",
"sig": "@saao/saa19%akk-x-neoass:u₂-ša-aṣ-bit=ṣabātu[seize//provide]V'V$ušaṣbit",
"f": {"lang": "akk-x-neoass",
"form": "u₂-ša-aṣ-bit",
"cf": "ṣabātu",
"gw": "seize",
"sense": "provide",
"norm": "ušaṣbit",
"pos": "V",
"epos": "V"}
}
,
{
"node": "l",
"frag": "x",
"id": "P393694.l02f8f",
"ref": "P393694.7.6",
"inst": "u",
"f": {"lang": "akk-x-neoass",
"form": "x",
"pos": "u"}
}
,
{
"node": "l",
"frag": "x⸣",
"id": "P393694.l02f90",
"ref": "P393694.7.7",
"inst": "u",
"f": {"lang": "akk-x-neoass",
"form": "x",
"pos": "u"}
}
,
{
"node": "l",
"frag": "[x",
"id": "P393694.l02f91",
"ref": "P393694.7.8",
"inst": "u",
"f": {"lang": "akk-x-neoass",
"form": "x",
"pos": "u"}
}
,
{
"node": "l",
"frag": "x",
"id": "P393694.l02f92",
"ref": "P393694.7.9",
"inst": "u",
"f": {"lang": "akk-x-neoass",
"form": "x",
"pos": "u"}
}
,
{
"node": "l",
"frag": "x]",
"id": "P393694.l02f93",
"ref": "P393694.7.10",
"inst": "u",
"f": {"lang": "akk-x-neoass",
"form": "x",
"pos": "u"}
}
,
{
"node": "d",
"type": "line-start",
"ref": "P393694.8",
"n": "6'",
"label": "o 6'"}
,
{
"node": "l",
"frag": "[TA@v",
"id": "P393694.l02f94",
"ref": "P393694.8.1",
"inst": "issi[with]PRP",
"sig": "@saao/saa19%akk-x-neoass:TA@v=išti[with//with]PRP'PRP$issi",
"f": {"lang": "akk-x-neoass",
"form": "TA@v",
"cf": "išti",
"gw": "with",
"sense": "with",
"norm": "issi",
"pos": "PRP",
"epos": "PRP"}
}
,
{
"node": "l",
"frag": "{giš]}⸢MA₂⸣-te-e-a",
"id": "P393694.l02f95",
"ref": "P393694.8.2",
"inst": "+eleppu[ship//boat]N'N$eleppātēya",
"sig": "@saao/saa19%akk-x-neoass:{GIŠ}MA₂-te-e-a=eleppu[ship//boat]N'N$eleppātēya",
"f": {"lang": "akk-x-neoass",
"form": "{GIŠ}MA₂-te-e-a",
"cf": "eleppu",
"gw": "ship",
"sense": "boat",
"norm": "eleppātēya",
"pos": "N",
"epos": "N"}
}
,
{
"node": "l",
"frag": "at-tu\\tm-ṣi",
"id": "P393694.l02f96",
"ref": "P393694.8.3",
"inst": "attūṣi[go out]V",
"sig": "@saao/saa19%akk-x-neoass:at-tu-ṣi=aṣû[go out//go out]V'V$attūṣi",
"f": {"lang": "akk-x-neoass",
"form": "at-tu-ṣi",
"cf": "aṣû",
"gw": "go out",
"sense": "go out",
"norm": "attūṣi",
"pos": "V",
"epos": "V"}
}
,
{
"node": "l",
"frag": "[a-na",
"id": "P393694.l02f97",
"ref": "P393694.8.4",
"inst": "ana[to]PRP",
"sig": "@saao/saa19%akk-x-neoass:a-na=ana[to//to]PRP'PRP$ana",
"f": {"lang": "akk-x-neoass",
"form": "a-na",
"cf": "ana",
"gw": "to",
"sense": "to",
"norm": "ana",
"pos": "PRP",
"epos": "PRP"}
}
,
{
"node": "l",
"frag": "x",
"id": "P393694.l02f98",
"ref": "P393694.8.5",
"inst": "u",
"f": {"lang": "akk-x-neoass",
"form": "x",
"pos": "u"}
}
,
{
"node": "l",
"frag": "x",
"id": "P393694.l02f99",
"ref": "P393694.8.6",
"inst": "u",
"f": {"lang": "akk-x-neoass",
"form": "x",
"pos": "u"}
}
,
{
"node": "l",
"frag": "x]",
"id": "P393694.l02f9a",
"ref": "P393694.8.7",
"inst": "u",
"f": {"lang": "akk-x-neoass",
"form": "x",
"pos": "u"}
}
,
{
"node": "d",
"type": "line-start",
"ref": "P393694.9",
"n": "7'",
"label": "o 7'"}
,
{
"node": "l",
"frag": "[at]-⸢ta⸣-lak",
"id": "P393694.l02f9b",
"ref": "P393694.9.1",
"inst": "attalak[go]V",
"sig": "@saao/saa19%akk-x-neoass:at-ta-lak=alāku[go//go]V'V$attalak",
"f": {"lang": "akk-x-neoass",
"form": "at-ta-lak",
"cf": "alāku",
"gw": "go",
"sense": "go",
"norm": "attalak",
"pos": "V",
"epos": "V"}
}
,
{
"node": "l",
"frag": "{1}mu-še-zib-DINGIR",
"id": "P393694.l02f9c",
"ref": "P393694.9.2",
"inst": "+Mušezib-ilu[1]PN$",
"sig": "@saao/saa19%akk-x-neoass:{1}mu-še-zib-DINGIR=Mušezib-ilu[1//1]PN'PN$Mušezib-ilu",
"f": {"lang": "akk-x-neoass",
"form": "{1}mu-še-zib-DINGIR",
"cf": "Mušezib-ilu",
"gw": "1",
"sense": "1",
"norm": "Mušezib-ilu",
"pos": "PN",
"epos": "PN"}
}
,
{
"node": "l",
"frag": "[x",
"id": "P393694.l02f9d",
"ref": "P393694.9.3",
"inst": "u",
"f": {"lang": "akk-x-neoass",
"form": "x",
"pos": "u"}
}
,
{
"node": "l",
"frag": "x",
"id": "P393694.l02f9e",
"ref": "P393694.9.4",
"inst": "u",
"f": {"lang": "akk-x-neoass",
"form": "x",
"pos": "u"}
}
,
{
"node": "l",
"frag": "x]",
"id": "P393694.l02f9f",
"ref": "P393694.9.5",
"inst": "u",
"f": {"lang": "akk-x-neoass",
"form": "x",
"pos": "u"}
}
,
{
"node": "d",
"type": "line-start",
"ref": "P393694.10",
"n": "8'",
"label": "o 8'"}
,
{
"node": "l",
"frag": "[x",
"id": "P393694.l02fa0",
"ref": "P393694.10.1",
"inst": "u",
"f": {"lang": "akk-x-neoass",
"form": "x",
"pos": "u"}
}
,
{
"node": "l",
"frag": "x",
"id": "P393694.l02fa1",
"ref": "P393694.10.2",
"inst": "u",
"f": {"lang": "akk-x-neoass",
"form": "x",
"pos": "u"}
}
,
{
"node": "l",
"frag": "x]",
"id": "P393694.l02fa2",
"ref": "P393694.10.3",
"inst": "u",
"f": {"lang": "akk-x-neoass",
"form": "x",
"pos": "u"}
}
,
{
"node": "l",
"frag": "⸢MEŠ⸣",
"id": "P393694.l02fa3",
"ref": "P393694.10.4",
"inst": "u",
"f": {"lang": "akk-x-neoass",
"form": "MEŠ",
"pos": "u"}
}
,
{
"node": "l",
"frag": "ina",
"id": "P393694.l02fa4",
"ref": "P393694.10.5",
"inst": "ina[in+=in]PRP",
"sig": "@saao/saa19%akk-x-neoass:ina=ina[in//in]PRP'PRP$ina",
"f": {"lang": "akk-x-neoass",
"form": "ina",
"cf": "ina",
"gw": "in",
"sense": "in",
"norm": "ina",
"pos": "PRP",
"epos": "PRP"}
}
,
{
"node": "l",
"frag": "ŠA₃-⸢bi",
"id": "P393694.l02fa5",
"ref": "P393694.10.6",
"inst": "libbi[interior]N",
"sig": "@saao/saa19%akk-x-neoass:ŠA₃-bi=libbu[interior//interior]N'N$libbi",
"f": {"lang": "akk-x-neoass",
"form": "ŠA₃-bi",
"cf": "libbu",
"gw": "interior",
"sense": "interior",
"norm": "libbi",
"pos": "N",
"epos": "N"}
}
,
{
"node": "l",
"frag": "e⸣-ni",
"id": "P393694.l02fa6",
"ref": "P393694.10.7",
"inst": "+īnu[eye//spring]N$ēnī",
"sig": "@saao/saa19%akk-x-neoass:e-ni=īnu[eye//spring]N'N$ēnī",
"f": {"lang": "akk-x-neoass",
"form": "e-ni",
"cf": "īnu",
"gw": "eye",
"sense": "spring",
"norm": "ēnī",
"pos": "N",
"epos": "N"}
}
,
{
"node": "l",
"frag": "[x",
"id": "P393694.l02fa7",
"ref": "P393694.10.8",
"inst": "u",
"f": {"lang": "akk-x-neoass",
"form": "x",
"pos": "u"}
}
,
{
"node": "l",
"frag": "x",
"id": "P393694.l02fa8",
"ref": "P393694.10.9",
"inst": "u",
"f": {"lang": "akk-x-neoass",
"form": "x",
"pos": "u"}
}
,
{
"node": "l",
"frag": "x]",
"id": "P393694.l02fa9",
"ref": "P393694.10.10",
"inst": "u",
"f": {"lang": "akk-x-neoass",
"form": "x",
"pos": "u"}
}
,
{
"node": "d",
"type": "line-start",
"ref": "P393694.11",
"n": "9'",
"label": "o 9'"}
,
{
"node": "l",
"frag": "[x",
"id": "P393694.l02faa",
"ref": "P393694.11.1",
"inst": "u",
"f": {"lang": "akk-x-neoass",
"form": "x",
"pos": "u"}
}
,
{
"node": "l",
"frag": "x",
"id": "P393694.l02fab",
"ref": "P393694.11.2",
"inst": "u",
"f": {"lang": "akk-x-neoass",
"form": "x",
"pos": "u"}
}
,
{
"node": "l",
"frag": "x",
"id": "P393694.l02fac",
"ref": "P393694.11.3",
"inst": "u",
"f": {"lang": "akk-x-neoass",
"form": "x",
"pos": "u"}
}
,
{
"node": "l",
"frag": "x]+⸢x",
"id": "P393694.l02fad",
"ref": "P393694.11.4",
"inst": "u",
"f": {"lang": "akk-x-neoass",
"form": "x+x",
"pos": "u"}
}
,
{
"node": "l",
"frag": "x⸣+[x",
"id": "P393694.l02fae",
"ref": "P393694.11.5",
"inst": "u",
"f": {"lang": "akk-x-neoass",
"form": "x+x",
"pos": "u"}
}
,
{
"node": "l",
"frag": "x]+⸢x⸣",
"id": "P393694.l02faf",
"ref": "P393694.11.6",
"inst": "u",
"f": {"lang": "akk-x-neoass",
"form": "x+x",
"pos": "u"}
}
,
{
"node": "l",
"frag": "la\\y-⸢a⸣",
"id": "P393694.l02fb0",
"ref": "P393694.11.7",
"inst": "lā[not]MOD",
"sig": "@saao/saa19%akk-x-neoass:la-a=lā[not//not]MOD'MOD$lā",
"f": {"lang": "akk-x-neoass",
"form": "la-a",
"cf": "lā",
"gw": "not",
"sense": "not",
"norm": "lā",
"pos": "MOD",
"epos": "MOD"}
}
,
{
"node": "l",
"frag": "[x",
"id": "P393694.l02fb1",
"ref": "P393694.11.8",
"inst": "u",
"f": {"lang": "akk-x-neoass",
"form": "x",
"pos": "u"}
}
,
{
"node": "l",
"frag": "x",
"id": "P393694.l02fb2",
"ref": "P393694.11.9",
"inst": "u",
"f": {"lang": "akk-x-neoass",
"form": "x",
"pos": "u"}
}
,
{
"node": "l",
"frag": "x]",
"id": "P393694.l02fb3",
"ref": "P393694.11.10",
"inst": "u",
"f": {"lang": "akk-x-neoass",
"form": "x",
"pos": "u"}
}
,
{
"node": "d",
"type": "line-start",
"ref": "P393694.12",
"n": "10'",
"label": "o 10'"}
,
{
"node": "l",
"frag": "[x",
"id": "P393694.l02fb4",
"ref": "P393694.12.1",
"inst": "u",
"f": {"lang": "akk-x-neoass",
"form": "x",
"pos": "u"}
}
,
{
"node": "l",
"frag": "x",
"id": "P393694.l02fb5",
"ref": "P393694.12.2",
"inst": "u",
"f": {"lang": "akk-x-neoass",
"form": "x",
"pos": "u"}
}
,
{
"node": "l",
"frag": "x",
"id": "P393694.l02fb6",
"ref": "P393694.12.3",
"inst": "u",
"f": {"lang": "akk-x-neoass",
"form": "x",
"pos": "u"}
}
,
{
"node": "l",
"frag": "x",
"id": "P393694.l02fb7",
"ref": "P393694.12.4",
"inst": "u",
"f": {"lang": "akk-x-neoass",
"form": "x",
"pos": "u"}
}
,
{
"node": "l",
"frag": "x",
"id": "P393694.l02fb8",
"ref": "P393694.12.5",
"inst": "u",
"f": {"lang": "akk-x-neoass",
"form": "x",
"pos": "u"}
}
,
{
"node": "l",
"frag": "x",
"id": "P393694.l02fb9",
"ref": "P393694.12.6",
"inst": "u",
"f": {"lang": "akk-x-neoass",
"form": "x",
"pos": "u"}
}
,
{
"node": "l",
"frag": "x]+⸢x",
"id": "P393694.l02fba",
"ref": "P393694.12.7",
"inst": "u",
"f": {"lang": "akk-x-neoass",
"form": "x+x",
"pos": "u"}
}
,
{
"node": "l",
"frag": "ša⸣",
"id": "P393694.l02fbb",
"ref": "P393694.12.8",
"inst": "ša[of]DET",
"sig": "@saao/saa19%akk-x-neoass:ša=ša[of//of]DET'DET$ša",
"f": {"lang": "akk-x-neoass",
"form": "ša",
"cf": "ša",
"gw": "of",
"sense": "of",
"norm": "ša",
"pos": "DET",
"epos": "DET"}
}
,
{
"node": "l",
"frag": "[x",
"id": "P393694.l02fbc",
"ref": "P393694.12.9",
"inst": "u",
"f": {"lang": "akk-x-neoass",
"form": "x",
"pos": "u"}
}
,
{
"node": "l",
"frag": "x",
"id": "P393694.l02fbd",
"ref": "P393694.12.10",
"inst": "u",
"f": {"lang": "akk-x-neoass",
"form": "x",
"pos": "u"}
}
,
{
"node": "l",
"frag": "x]",
"id": "P393694.l02fbe",
"ref": "P393694.12.11",
"inst": "u",
"f": {"lang": "akk-x-neoass",
"form": "x",
"pos": "u"}
}
,
{
"node": "d",
"type": "line-start",
"ref": "P393694.13",
"n": "11'",
"label": "o 11'"}
,
{
"node": "l",
"frag": "[x",
"id": "P393694.l02fbf",
"ref": "P393694.13.1",
"inst": "u",
"f": {"lang": "akk-x-neoass",
"form": "x",
"pos": "u"}
}
,
{
"node": "l",
"frag": "x",
"id": "P393694.l02fc0",
"ref": "P393694.13.2",
"inst": "u",
"f": {"lang": "akk-x-neoass",
"form": "x",
"pos": "u"}
}
,
{
"node": "l",
"frag": "x",
"id": "P393694.l02fc1",
"ref": "P393694.13.3",
"inst": "u",
"f": {"lang": "akk-x-neoass",
"form": "x",
"pos": "u"}
}
,
{
"node": "l",
"frag": "x",
"id": "P393694.l02fc2",
"ref": "P393694.13.4",
"inst": "u",
"f": {"lang": "akk-x-neoass",
"form": "x",
"pos": "u"}
}
,
{
"node": "l",
"frag": "x",
"id": "P393694.l02fc3",
"ref": "P393694.13.5",
"inst": "u",
"f": {"lang": "akk-x-neoass",
"form": "x",
"pos": "u"}
}
,
{
"node": "l",
"frag": "x]",
"id": "P393694.l02fc4",
"ref": "P393694.13.6",
"inst": "u",
"f": {"lang": "akk-x-neoass",
"form": "x",
"pos": "u"}
}
,
{
"node": "l",
"frag": "⸢x⸣+[x",
"id": "P393694.l02fc5",
"ref": "P393694.13.7",
"inst": "u",
"f": {"lang": "akk-x-neoass",
"form": "x+x",
"pos": "u"}
}
,
{
"node": "l",
"frag": "x",
"id": "P393694.l02fc6",
"ref": "P393694.13.8",
"inst": "u",
"f": {"lang": "akk-x-neoass",
"form": "x",
"pos": "u"}
}
,
{
"node": "l",
"frag": "x",
"id": "P393694.l02fc7",
"ref": "P393694.13.9",
"inst": "u",
"f": {"lang": "akk-x-neoass",
"form": "x",
"pos": "u"}
}
,
{
"node": "l",
"frag": "x]",
"id": "P393694.l02fc8",
"ref": "P393694.13.10",
"inst": "u",
"f": {"lang": "akk-x-neoass",
"form": "x",
"pos": "u"}
}
,
{
"node": "d",
"type": "nonx",
"ref": "P393694.14",
"strict": "0",
"extent": "rest",
"state": "missing"}
,
{
"node": "d",
"subtype": "reverse",
"type": "surface",
"ref": "P393694.r.15",
"type": "reverse",
"label": "r"}
,
{
"node": "d",
"type": "nonx",
"ref": "P393694.16",
"strict": "0",
"state": "missing"}
]}
]}
]}
]}
