{
"type": "cdl",
  "source": "http://oracc.org/saao/saa19",
  "license": "This data is released under the CC0 license",
  "license-url": "https://creativecommons.org/publicdomain/zero/1.0/",
  "more-info": "http://oracc.org/doc/opendata/",
  "UTC-timestamp": "2017-05-19T12:04:04",
"project": "saao/saa19",
"textid": "P393677",
"cdl": [
{
"node": "c",
"type": "text",
"id": "P393677.U0",
"cdl": [
{
"node": "d",
"type": "object",
"ref": ""}
,
{
"node": "d",
"subtype": "obverse",
"type": "surface",
"ref": "P393677.o.1",
"type": "obverse",
"label": "o"}
,
{
"node": "c",
"type": "discourse",
"subtype": "body",
"id": "P393677.U1",
"cdl": [
{
"node": "c",
"type": "sentence",
"id": "P393677.U2",
"label": "o 1 - r 13",
"cdl": [
{
"node": "d",
"type": "line-start",
"ref": "P393677.2",
"n": "1",
"label": "o 1"}
,
{
"node": "l",
"frag": "a-na",
"id": "P393677.l00d90",
"ref": "P393677.2.1",
"inst": "ana[to]PRP",
"sig": "@saao/saa19%akk-x-neoass:a-na=ana[to//to]PRP'PRP$ana",
"f": {"lang": "akk-x-neoass",
"form": "a-na",
"cf": "ana",
"gw": "to",
"sense": "to",
"norm": "ana",
"pos": "PRP",
"epos": "PRP"}
}
,
{
"node": "c",
"type": "phrase",
"tag": "phr",
"id": "P393677.U4",
"ref": "P393677.ls00000",
"cdl": [
{
"node": "l",
"frag": "{⸢lu₂vy⸣}GAL-SAG",
"id": "P393677.l00d91",
"ref": "P393677.2.2",
"cof-tails": "P393677.l00d92",
"inst": "rabû[big one]N$rab&ša-rēši[eunuch]N$ša-rēši",
"sig": "@saao/saa19%akk-x-neoass:{LU₂}GAL-SAG=rabû[big one//big one]N'N$rab&&@saao/saa19%akk-x-neoass:=ša-rēši[eunuch//eunuch]N'N$ša-rēši",
"f": {"lang": "akk-x-neoass",
"form": "{LU₂}GAL-SAG",
"cf": "rabû",
"gw": "big one",
"sense": "big one",
"norm": "rab",
"pos": "N",
"epos": "N"}
}
,
{
"node": "l",
"frag": "{⸢lu₂vy⸣}GAL-SAG",
"id": "P393677.l00d92",
"ref": "P393677.2.2",
"cof-head": "P393677.l00d91",
"inst": "rabû[big one]N$rab&ša-rēši[eunuch]N$ša-rēši",
"tail-sig": "@saao/saa19%akk-x-neoass:=ša-rēši[eunuch//eunuch]N'N$ša-rēši",
"f": {"lang": "akk-x-neoass",
"form": "{LU₂}GAL-SAG",
"cf": "ša-rēši",
"gw": "eunuch",
"sense": "eunuch",
"norm": "ša-rēši",
"pos": "N",
"epos": "N"}
}
]}
,
{
"node": "l",
"frag": "EN-ia",
"id": "P393677.l00d93",
"ref": "P393677.2.3",
"inst": "bēlīya[lord]N",
"sig": "@saao/saa19%akk-x-neoass:EN-ia=bēlu[lord//lord]N'N$bēlīya",
"f": {"lang": "akk-x-neoass",
"form": "EN-ia",
"cf": "bēlu",
"gw": "lord",
"sense": "lord",
"norm": "bēlīya",
"pos": "N",
"epos": "N"}
}
,
{
"node": "d",
"type": "line-start",
"ref": "P393677.3",
"n": "2",
"label": "o 2"}
,
{
"node": "l",
"frag": "ARAD-ka",
"id": "P393677.l00d94",
"ref": "P393677.3.1",
"inst": "urdaka[servant]N",
"sig": "@saao/saa19%akk-x-neoass:ARAD-ka=ardu[slave//servant]N'N$urdaka",
"f": {"lang": "akk-x-neoass",
"form": "ARAD-ka",
"cf": "ardu",
"gw": "slave",
"sense": "servant",
"norm": "urdaka",
"pos": "N",
"epos": "N"}
}
,
{
"node": "l",
"frag": "{1}PAB-⸢la-mur⸣",
"id": "P393677.l00d95",
"ref": "P393677.3.2",
"inst": "+Ahu-lamur[1]PN$",
"sig": "@saao/saa19%akk-x-neoass:{1}PAB-la-mur=Ahu-lamur[1//1]PN'PN$Ahu-lamur",
"f": {"lang": "akk-x-neoass",
"form": "{1}PAB-la-mur",
"cf": "Ahu-lamur",
"gw": "1",
"sense": "1",
"norm": "Ahu-lamur",
"pos": "PN",
"epos": "PN"}
}
,
{
"node": "d",
"type": "nonx",
"ref": "P393677.4",
"strict": "0",
"state": "other"}
,
{
"node": "d",
"type": "line-start",
"ref": "P393677.5",
"n": "3",
"label": "o 3"}
,
{
"node": "l",
"frag": "lu",
"id": "P393677.l00d96",
"ref": "P393677.5.1",
"inst": "lū[may]MOD",
"sig": "@saao/saa19%akk-x-neoass:lu=lū[may//may]MOD'MOD$lū",
"f": {"lang": "akk-x-neoass",
"form": "lu",
"cf": "lū",
"gw": "may",
"sense": "may",
"norm": "lū",
"pos": "MOD",
"epos": "MOD"}
}
,
{
"node": "l",
"frag": "šul-mu",
"id": "P393677.l00d97",
"ref": "P393677.5.2",
"inst": "šulmu[health]N",
"sig": "@saao/saa19%akk-x-neoass:šul-mu=šulmu[completeness//health]N'N$šulmu",
"f": {"lang": "akk-x-neoass",
"form": "šul-mu",
"cf": "šulmu",
"gw": "completeness",
"sense": "health",
"norm": "šulmu",
"pos": "N",
"epos": "N"}
}
,
{
"node": "d",
"type": "line-start",
"ref": "P393677.6",
"n": "4",
"label": "o 4"}
,
{
"node": "l",
"frag": "a-na",
"id": "P393677.l00d98",
"ref": "P393677.6.1",
"inst": "ana[to]PRP",
"sig": "@saao/saa19%akk-x-neoass:a-na=ana[to//to]PRP'PRP$ana",
"f": {"lang": "akk-x-neoass",
"form": "a-na",
"cf": "ana",
"gw": "to",
"sense": "to",
"norm": "ana",
"pos": "PRP",
"epos": "PRP"}
}
,
{
"node": "l",
"frag": "EN-ia",
"id": "P393677.l00d99",
"ref": "P393677.6.2",
"inst": "bēlīya[lord]N",
"sig": "@saao/saa19%akk-x-neoass:EN-ia=bēlu[lord//lord]N'N$bēlīya",
"f": {"lang": "akk-x-neoass",
"form": "EN-ia",
"cf": "bēlu",
"gw": "lord",
"sense": "lord",
"norm": "bēlīya",
"pos": "N",
"epos": "N"}
}
,
{
"node": "l",
"frag": "a-dan-niš",
"id": "P393677.l00d9a",
"ref": "P393677.6.3",
"inst": "adanniš[very much]AV",
"sig": "@saao/saa19%akk-x-neoass:a-dan-niš=adanniš[very much//very much]AV'AV$adanniš",
"f": {"lang": "akk-x-neoass",
"form": "a-dan-niš",
"cf": "adanniš",
"gw": "very much",
"sense": "very much",
"norm": "adanniš",
"pos": "AV",
"epos": "AV"}
}
,
{
"node": "d",
"type": "line-start",
"ref": "P393677.7",
"n": "5",
"label": "o 5"}
,
{
"node": "c",
"type": "phrase",
"tag": "phr",
"id": "P393677.U5",
"ref": "P393677.ls00001",
"cdl": [
{
"node": "l",
"frag": "{lu₂vy}GAL-ka-ri\\d",
"id": "P393677.l00d9b",
"ref": "P393677.7.1",
"cof-tails": "P393677.l00d9c",
"inst": "+rabû[big one]N$rab&+kāru[quay]N$kāri",
"sig": "@saao/saa19%akk-x-neoass:{LU₂}GAL-ka-ri=rabû[big one//big one]N'N$rab&&@saao/saa19%akk-x-neoass:{LU₂}GAL-ka-ri=kāru[quay//quay]N'N$kāri",
"f": {"lang": "akk-x-neoass",
"form": "{LU₂}GAL-ka-ri",
"cf": "rabû",
"gw": "big one",
"sense": "big one",
"norm": "rab",
"pos": "N",
"epos": "N"}
}
,
{
"node": "l",
"frag": "{lu₂vy}GAL-ka-ri\\d",
"id": "P393677.l00d9c",
"ref": "P393677.7.1",
"cof-head": "P393677.l00d9b",
"inst": "+rabû[big one]N$rab&+kāru[quay]N$kāri",
"f": {"lang": "akk-x-neoass",
"form": "{LU₂}GAL-ka-ri",
"cf": "kāru",
"gw": "quay",
"sense": "quay",
"norm": "kāri",
"pos": "N",
"epos": "N"}
}
]}
,
{
"node": "d",
"type": "line-start",
"ref": "P393677.8",
"n": "6",
"label": "o 6"}
,
{
"node": "l",
"frag": "UD",
"id": "P393677.l00d9d",
"ref": "P393677.8.1",
"inst": "ūm[day]N",
"sig": "@saao/saa19%akk-x-neoass:UD=ūmu[day//day]N'N$ūm",
"f": {"lang": "akk-x-neoass",
"form": "UD",
"cf": "ūmu",
"gw": "day",
"sense": "day",
"norm": "ūm",
"pos": "N",
"epos": "N"}
}
,
{
"node": "l",
"frag": "22-KAM",
"id": "P393677.l00d9e",
"ref": "P393677.8.2",
"inst": "n",
"f": {"lang": "akk-x-neoass",
"form": "22-KAM",
"pos": "n"}
}
,
{
"node": "l",
"frag": "ša\\dm",
"id": "P393677.l00d9f",
"ref": "P393677.8.3",
"inst": "ša[of]DET",
"sig": "@saao/saa19%akk-x-neoass:ša=ša[of//of]DET'DET$ša",
"f": {"lang": "akk-x-neoass",
"form": "ša",
"cf": "ša",
"gw": "of",
"sense": "of",
"norm": "ša",
"pos": "DET",
"epos": "DET"}
}
,
{
"node": "l",
"frag": "{itid}⸢KIN⸣",
"id": "P393677.l00da0",
"ref": "P393677.8.4",
"inst": "Eluli[Elul]MN",
"sig": "@saao/saa19%akk-x-neoass:{ITI}KIN=Elulu[Elul//Elul]MN'MN$Eluli",
"f": {"lang": "akk-x-neoass",
"form": "{ITI}KIN",
"cf": "Elulu",
"gw": "Elul",
"sense": "Elul",
"norm": "Eluli",
"pos": "MN",
"epos": "MN"}
}
,
{
"node": "d",
"type": "line-start",
"ref": "P393677.9",
"n": "7",
"label": "o 7"}
,
{
"node": "l",
"frag": "lip-tu₂",
"id": "P393677.l00da1",
"ref": "P393677.9.1",
"inst": "+liptu[touch//attack (of illness)]N$",
"sig": "@saao/saa19%akk-x-neoass:lip-tu₂=liptu[touch//attack (of illness)]N'N$liptu",
"f": {"lang": "akk-x-neoass",
"form": "lip-tu₂",
"cf": "liptu",
"gw": "touch",
"sense": "attack (of illness)",
"norm": "liptu",
"pos": "N",
"epos": "N"}
}
,
{
"node": "l",
"frag": "⸢il\\y⸣-ta-pa-su",
"id": "P393677.l00da2",
"ref": "P393677.9.2",
"inst": "+lapātu[touch//affect]V$iltapassu",
"sig": "@saao/saa19%akk-x-neoass:il-ta-pa-su=lapātu[touch//affect]V'V$iltapassu",
"f": {"lang": "akk-x-neoass",
"form": "il-ta-pa-su",
"cf": "lapātu",
"gw": "touch",
"sense": "affect",
"norm": "iltapassu",
"pos": "V",
"epos": "V"}
}
,
{
"node": "d",
"type": "line-start",
"ref": "P393677.10",
"n": "8",
"label": "o 8"}
,
{
"node": "l",
"frag": "01-en",
"id": "P393677.l00da3",
"ref": "P393677.10.1",
"inst": "issēn[one]NU",
"sig": "@saao/saa19%akk-x-neoass:01-en=ištēn[one//one]NU'NU$issēn",
"f": {"lang": "akk-x-neoass",
"form": "01-en",
"cf": "ištēn",
"gw": "one",
"sense": "one",
"norm": "issēn",
"pos": "NU",
"epos": "NU"}
}
,
{
"node": "l",
"frag": "UD-⸢mu⸣",
"id": "P393677.l00da4",
"ref": "P393677.10.2",
"inst": "ūmu[day]N",
"sig": "@saao/saa19%akk-x-neoass:UD-mu=ūmu[day//day]N'N$ūmu",
"f": {"lang": "akk-x-neoass",
"form": "UD-mu",
"cf": "ūmu",
"gw": "day",
"sense": "day",
"norm": "ūmu",
"pos": "N",
"epos": "N"}
}
,
{
"node": "l",
"frag": "a-da-gal",
"id": "P393677.l00da5",
"ref": "P393677.10.3",
"inst": "+dagālu[see//wait]V$addagal",
"sig": "@saao/saa19%akk-x-neoass:a-da-gal=dagālu[see//wait]V'V$addagal",
"f": {"lang": "akk-x-neoass",
"form": "a-da-gal",
"cf": "dagālu",
"gw": "see",
"sense": "wait",
"norm": "addagal",
"pos": "V",
"epos": "V"}
}
,
{
"node": "d",
"type": "line-start",
"ref": "P393677.11",
"n": "9",
"label": "o 9"}
,
{
"node": "l",
"frag": "la",
"id": "P393677.l00da6",
"ref": "P393677.11.1",
"inst": "lā[not]MOD",
"sig": "@saao/saa19%akk-x-neoass:la=lā[not//not]MOD'MOD$lā",
"f": {"lang": "akk-x-neoass",
"form": "la",
"cf": "lā",
"gw": "not",
"sense": "not",
"norm": "lā",
"pos": "MOD",
"epos": "MOD"}
}
,
{
"node": "l",
"frag": "u₂-⸢ra⸣-mi-šu\\d",
"id": "P393677.l00da7",
"ref": "P393677.11.2",
"inst": "+ramû[slacken//leave]V$urammišu",
"sig": "@saao/saa19%akk-x-neoass:u₂-ra-mi-šu=ramû[slacken//leave]V'V$urammišu",
"f": {"lang": "akk-x-neoass",
"form": "u₂-ra-mi-šu",
"cf": "ramû",
"gw": "slacken",
"sense": "leave",
"norm": "urammišu",
"pos": "V",
"epos": "V"}
}
,
{
"node": "d",
"type": "line-start",
"ref": "P393677.12",
"n": "10",
"label": "o 10"}
,
{
"node": "l",
"frag": "⸢a-na\\d",
"id": "P393677.l00da8",
"ref": "P393677.12.1",
"inst": "ana[to]PRP",
"sig": "@saao/saa19%akk-x-neoass:a-na=ana[to//to]PRP'PRP$ana",
"f": {"lang": "akk-x-neoass",
"form": "a-na",
"cf": "ana",
"gw": "to",
"sense": "to",
"norm": "ana",
"pos": "PRP",
"epos": "PRP"}
}
,
{
"node": "l",
"frag": "UD-MEŠ⸣",
"id": "P393677.l00da9",
"ref": "P393677.12.2",
"inst": "ūmāti[day]N",
"sig": "@saao/saa19%akk-x-neoass:UD-MEŠ=ūmu[day//day]N'N$ūmāti",
"f": {"lang": "akk-x-neoass",
"form": "UD-MEŠ",
"cf": "ūmu",
"gw": "day",
"sense": "day",
"norm": "ūmāti",
"pos": "N",
"epos": "N"}
}
,
{
"node": "d",
"type": "line-start",
"ref": "P393677.13",
"n": "11",
"label": "o 11"}
,
{
"node": "l",
"frag": "a-da\\d-⸢gal⸣",
"id": "P393677.l00daa",
"ref": "P393677.13.1",
"inst": "+dagālu[see//wait]V$addagal",
"sig": "@saao/saa19%akk-x-neoass:a-da-gal=dagālu[see//wait]V'V$addagal",
"f": {"lang": "akk-x-neoass",
"form": "a-da-gal",
"cf": "dagālu",
"gw": "see",
"sense": "wait",
"norm": "addagal",
"pos": "V",
"epos": "V"}
}
,
{
"node": "d",
"type": "line-start",
"ref": "P393677.14",
"n": "12",
"label": "o 12"}
,
{
"node": "l",
"frag": "la",
"id": "P393677.l00dab",
"ref": "P393677.14.1",
"inst": "lā[not]MOD",
"sig": "@saao/saa19%akk-x-neoass:la=lā[not//not]MOD'MOD$lā",
"f": {"lang": "akk-x-neoass",
"form": "la",
"cf": "lā",
"gw": "not",
"sense": "not",
"norm": "lā",
"pos": "MOD",
"epos": "MOD"}
}
,
{
"node": "l",
"frag": "u₂-ra-mi-⸢šu⸣",
"id": "P393677.l00dac",
"ref": "P393677.14.2",
"inst": "urammišu[leave]V",
"sig": "@saao/saa19%akk-x-neoass:u₂-ra-mi-šu=ramû[slacken//leave]V'V$urammišu",
"f": {"lang": "akk-x-neoass",
"form": "u₂-ra-mi-šu",
"cf": "ramû",
"gw": "slacken",
"sense": "leave",
"norm": "urammišu",
"pos": "V",
"epos": "V"}
}
,
{
"node": "d",
"type": "line-start",
"ref": "P393677.15",
"n": "13",
"label": "o 13"}
,
{
"node": "l",
"frag": "ha-ra-mi-⸢ma⸣",
"id": "P393677.l00dad",
"ref": "P393677.15.1",
"inst": "+haramma[later]AV$harammīma",
"sig": "@saao/saa19%akk-x-neoass:ha-ra-mi-ma=haramma[later//later]AV'AV$harammīma",
"f": {"lang": "akk-x-neoass",
"form": "ha-ra-mi-ma",
"cf": "haramma",
"gw": "later",
"sense": "later",
"norm": "harammīma",
"pos": "AV",
"epos": "AV"}
}
,
{
"node": "d",
"type": "line-start",
"ref": "P393677.16",
"n": "14",
"label": "o 14"}
,
{
"node": "c",
"type": "phrase",
"tag": "phr",
"id": "P393677.U6",
"ref": "P393677.ls00002",
"cdl": [
{
"node": "l",
"frag": "{lu₂vy}DUMU\\m-šip-⸢ri\\d⸣",
"id": "P393677.l00dae",
"ref": "P393677.16.1",
"cof-tails": "P393677.l00daf",
"inst": "māru[son]N$mār&šipru[sending]N$šipri",
"sig": "@saao/saa19%akk-x-neoass:{LU₂}DUMU-šip-ri=māru[son//son]N'N$mār&&@saao/saa19%akk-x-neoass:=šipru[sending//sending]N'N$šipri",
"f": {"lang": "akk-x-neoass",
"form": "{LU₂}DUMU-šip-ri",
"cf": "māru",
"gw": "son",
"sense": "son",
"norm": "mār",
"pos": "N",
"epos": "N"}
}
,
{
"node": "l",
"frag": "{lu₂vy}DUMU\\m-šip-⸢ri\\d⸣",
"id": "P393677.l00daf",
"ref": "P393677.16.1",
"cof-head": "P393677.l00dae",
"inst": "māru[son]N$mār&šipru[sending]N$šipri",
"tail-sig": "@saao/saa19%akk-x-neoass:=šipru[sending//sending]N'N$šipri",
"f": {"lang": "akk-x-neoass",
"form": "{LU₂}DUMU-šip-ri",
"cf": "šipru",
"gw": "sending",
"sense": "sending",
"norm": "šipri",
"pos": "N",
"epos": "N"}
}
]}
,
{
"node": "d",
"type": "line-start",
"ref": "P393677.17",
"n": "15",
"label": "o 15"}
,
{
"node": "l",
"frag": "ina",
"id": "P393677.l00db0",
"ref": "P393677.17.1",
"inst": "ina[in+=to]PRP",
"sig": "@saao/saa19%akk-x-neoass:ina=ina[in//in]PRP'PRP$ina",
"f": {"lang": "akk-x-neoass",
"form": "ina",
"cf": "ina",
"gw": "in",
"sense": "in",
"norm": "ina",
"pos": "PRP",
"epos": "PRP"}
}
,
{
"node": "l",
"frag": "UGU",
"id": "P393677.l00db1",
"ref": "P393677.17.2",
"inst": "muhhi[skull]N",
"sig": "@saao/saa19%akk-x-neoass:UGU=muhhu[skull//skull]N'N$muhhi",
"f": {"lang": "akk-x-neoass",
"form": "UGU",
"cf": "muhhu",
"gw": "skull",
"sense": "skull",
"norm": "muhhi",
"pos": "N",
"epos": "N"}
}
,
{
"node": "l",
"frag": "EN-⸢ia⸣",
"id": "P393677.l00db2",
"ref": "P393677.17.3",
"inst": "bēlīya[lord]N",
"sig": "@saao/saa19%akk-x-neoass:EN-ia=bēlu[lord//lord]N'N$bēlīya",
"f": {"lang": "akk-x-neoass",
"form": "EN-ia",
"cf": "bēlu",
"gw": "lord",
"sense": "lord",
"norm": "bēlīya",
"pos": "N",
"epos": "N"}
}
,
{
"node": "d",
"subtype": "bottom",
"type": "surface",
"ref": "P393677.b.e..18",
"type": "bottom",
"label": "b.e."}
,
{
"node": "d",
"type": "line-start",
"ref": "P393677.19",
"n": "16",
"label": "b.e. 16"}
,
{
"node": "l",
"frag": "a-sap-ra",
"id": "P393677.l00db3",
"ref": "P393677.19.1",
"inst": "assapra[send]V",
"sig": "@saao/saa19%akk-x-neoass:a-sap-ra=šapāru[send//send]V'V$assapra",
"f": {"lang": "akk-x-neoass",
"form": "a-sap-ra",
"cf": "šapāru",
"gw": "send",
"sense": "send",
"norm": "assapra",
"pos": "V",
"epos": "V"}
}
,
{
"node": "d",
"type": "line-start",
"ref": "P393677.20",
"n": "17",
"label": "b.e. 17"}
,
{
"node": "l",
"frag": "⸢EN⸣-li",
"id": "P393677.l00db4",
"ref": "P393677.20.1",
"inst": "bēlī[lord]N",
"sig": "@saao/saa19%akk-x-neoass:EN-li=bēlu[lord//lord]N'N$bēlī",
"f": {"lang": "akk-x-neoass",
"form": "EN-li",
"cf": "bēlu",
"gw": "lord",
"sense": "lord",
"norm": "bēlī",
"pos": "N",
"epos": "N"}
}
,
{
"node": "l",
"frag": "šum₂\\ppp-mu",
"id": "P393677.l00db5",
"ref": "P393677.20.2",
"inst": "šummu[if]MOD",
"sig": "@saao/saa19%akk-x-neoass:šum₂-mu=šumma[if//if]MOD'MOD$šummu",
"f": {"lang": "akk-x-neoass",
"form": "šum₂-mu",
"cf": "šumma",
"gw": "if",
"sense": "if",
"norm": "šummu",
"pos": "MOD",
"epos": "MOD"}
}
,
{
"node": "d",
"subtype": "reverse",
"type": "surface",
"ref": "P393677.r.21",
"type": "reverse",
"label": "r"}
,
{
"node": "d",
"type": "line-start",
"ref": "P393677.22",
"n": "1",
"label": "r 1"}
,
{
"node": "l",
"frag": "ina",
"id": "P393677.l00db6",
"ref": "P393677.22.1",
"inst": "ina[in]PRP",
"sig": "@saao/saa19%akk-x-neoass:ina=ina[in//in]PRP'PRP$ina",
"f": {"lang": "akk-x-neoass",
"form": "ina",
"cf": "ina",
"gw": "in",
"sense": "in",
"norm": "ina",
"pos": "PRP",
"epos": "PRP"}
}
,
{
"node": "l",
"frag": "E₂.GAL",
"id": "P393677.l00db7",
"ref": "P393677.22.2",
"inst": "ēkalli[palace]N",
"sig": "@saao/saa19%akk-x-neoass:E₂.GAL=ēkallu[palace//palace]N'N$ēkalli",
"f": {"lang": "akk-x-neoass",
"form": "E₂.GAL",
"cf": "ēkallu",
"gw": "palace",
"sense": "palace",
"norm": "ēkalli",
"pos": "N",
"epos": "N"}
}
,
{
"node": "l",
"frag": "i\\p-taq-bi",
"id": "P393677.l00db8",
"ref": "P393677.22.3",
"inst": "+qabû[say]V$ittaqbi",
"sig": "@saao/saa19%akk-x-neoass:i-taq-bi=qabû[say//say]V'V$ittaqbi",
"f": {"lang": "akk-x-neoass",
"form": "i-taq-bi",
"cf": "qabû",
"gw": "say",
"sense": "say",
"norm": "ittaqbi",
"pos": "V",
"epos": "V"}
}
,
{
"node": "d",
"type": "line-start",
"ref": "P393677.23",
"n": "2",
"label": "r 2"}
,
{
"node": "l",
"frag": "li-iq-bi",
"id": "P393677.l00db9",
"ref": "P393677.23.1",
"inst": "liqbi[say]V",
"sig": "@saao/saa19%akk-x-neoass:li-iq-bi=qabû[say//say]V'V$liqbi",
"f": {"lang": "akk-x-neoass",
"form": "li-iq-bi",
"cf": "qabû",
"gw": "say",
"sense": "say",
"norm": "liqbi",
"pos": "V",
"epos": "V"}
}
,
{
"node": "d",
"type": "line-start",
"ref": "P393677.24",
"n": "3",
"label": "r 3"}
,
{
"node": "l",
"frag": "u₂\\m-la-⸢a⸣",
"id": "P393677.l00dba",
"ref": "P393677.24.1",
"inst": "ulâ[otherwise]AV",
"sig": "@saao/saa19%akk-x-neoass:u₂-la-a=ulâ[or//otherwise]AV'AV$ulâ",
"f": {"lang": "akk-x-neoass",
"form": "u₂-la-a",
"cf": "ulâ",
"gw": "or",
"sense": "otherwise",
"norm": "ulâ",
"pos": "AV",
"epos": "AV"}
}
,
{
"node": "l",
"frag": "EN-li\\m",
"id": "P393677.l00dbb",
"ref": "P393677.24.2",
"inst": "bēlī[lord]N",
"sig": "@saao/saa19%akk-x-neoass:EN-li=bēlu[lord//lord]N'N$bēlī",
"f": {"lang": "akk-x-neoass",
"form": "EN-li",
"cf": "bēlu",
"gw": "lord",
"sense": "lord",
"norm": "bēlī",
"pos": "N",
"epos": "N"}
}
,
{
"node": "d",
"type": "line-start",
"ref": "P393677.25",
"n": "4",
"label": "r 4"}
,
{
"node": "l",
"frag": "a-[na]",
"id": "P393677.l00dbc",
"ref": "P393677.25.1",
"inst": "ana[to]PRP",
"sig": "@saao/saa19%akk-x-neoass:a-na=ana[to//to]PRP'PRP$ana",
"f": {"lang": "akk-x-neoass",
"form": "a-na",
"cf": "ana",
"gw": "to",
"sense": "to",
"norm": "ana",
"pos": "PRP",
"epos": "PRP"}
}
,
{
"node": "l",
"frag": "{⸢lu₂vy}A.ZU⸣-ni",
"id": "P393677.l00dbd",
"ref": "P393677.25.2",
"inst": "+asû[physician]N$asîni",
"sig": "@saao/saa19%akk-x-neoass:{LU₂}A.ZU-ni=asû[physician//physician]N'N$asîni",
"f": {"lang": "akk-x-neoass",
"form": "{LU₂}A.ZU-ni",
"cf": "asû",
"gw": "physician",
"sense": "physician",
"norm": "asîni",
"pos": "N",
"epos": "N"}
}
,
{
"node": "d",
"type": "line-start",
"ref": "P393677.26",
"n": "5",
"label": "r 5"}
,
{
"node": "l",
"frag": "⸢li⸣-[iš-pu]-⸢ra⸣",
"id": "P393677.l00dbe",
"ref": "P393677.26.1",
"inst": "lišpura[write]V",
"sig": "@saao/saa19%akk-x-neoass:li-iš-pu-ra=šapāru[send//write]V'V$lišpura",
"f": {"lang": "akk-x-neoass",
"form": "li-iš-pu-ra",
"cf": "šapāru",
"gw": "send",
"sense": "write",
"norm": "lišpura",
"pos": "V",
"epos": "V"}
}
,
{
"node": "d",
"type": "line-start",
"ref": "P393677.27",
"n": "6",
"label": "r 6"}
,
{
"node": "l",
"frag": "ma-⸢da⸣-[tu",
"id": "P393677.l00dbf",
"ref": "P393677.27.1",
"inst": "maddattu[tribute]N",
"sig": "@saao/saa19%akk-x-neoass:ma-da-tu=maddattu[payment//tribute]N'N$maddattu",
"f": {"lang": "akk-x-neoass",
"form": "ma-da-tu",
"cf": "maddattu",
"gw": "payment",
"sense": "tribute",
"norm": "maddattu",
"pos": "N",
"epos": "N"}
}
,
{
"node": "l",
"frag": "u₂-di-na]",
"id": "P393677.l00dc0",
"ref": "P393677.27.2",
"inst": "udīna[yet]AV",
"sig": "@saao/saa19%akk-x-neoass:u₂-di-na=udīni[up till now//yet]AV'AV$udīna",
"f": {"lang": "akk-x-neoass",
"form": "u₂-di-na",
"cf": "udīni",
"gw": "up till now",
"sense": "yet",
"norm": "udīna",
"pos": "AV",
"epos": "AV"}
}
,
{
"node": "d",
"type": "line-start",
"ref": "P393677.28",
"n": "7",
"label": "r 7"}
,
{
"node": "l",
"frag": "la",
"id": "P393677.l00dc1",
"ref": "P393677.28.1",
"inst": "lā[not]MOD",
"sig": "@saao/saa19%akk-x-neoass:la=lā[not//not]MOD'MOD$lā",
"f": {"lang": "akk-x-neoass",
"form": "la",
"cf": "lā",
"gw": "not",
"sense": "not",
"norm": "lā",
"pos": "MOD",
"epos": "MOD"}
}
,
{
"node": "l",
"frag": "u₂-⸢nam-ma⸣-[aš₂]",
"id": "P393677.l00dc2",
"ref": "P393677.28.2",
"inst": "unammaš[set out]V",
"sig": "@saao/saa19%akk-x-neoass:u₂-nam-ma-aš₂=namāšu[set (o.s.) in motion//set out]V'V$unammaš",
"f": {"lang": "akk-x-neoass",
"form": "u₂-nam-ma-aš₂",
"cf": "namāšu",
"gw": "set (o.s.) in motion",
"sense": "set out",
"norm": "unammaš",
"pos": "V",
"epos": "V"}
}
,
{
"node": "d",
"type": "line-start",
"ref": "P393677.29",
"n": "8",
"label": "r 8"}
,
{
"node": "l",
"frag": "EN-li\\dd",
"id": "P393677.l00dc3",
"ref": "P393677.29.1",
"inst": "bēlī[lord]N",
"sig": "@saao/saa19%akk-x-neoass:EN-li=bēlu[lord//lord]N'N$bēlī",
"f": {"lang": "akk-x-neoass",
"form": "EN-li",
"cf": "bēlu",
"gw": "lord",
"sense": "lord",
"norm": "bēlī",
"pos": "N",
"epos": "N"}
}
,
{
"node": "l",
"frag": "a-bat",
"id": "P393677.l00dc4",
"ref": "P393677.29.2",
"inst": "abat[word]N",
"sig": "@saao/saa19%akk-x-neoass:a-bat=awātu[word//word]N'N$abat",
"f": {"lang": "akk-x-neoass",
"form": "a-bat",
"cf": "awātu",
"gw": "word",
"sense": "word",
"norm": "abat",
"pos": "N",
"epos": "N"}
}
,
{
"node": "l",
"frag": "⸢LUGAL⸣",
"id": "P393677.l00dc5",
"ref": "P393677.29.3",
"inst": "!šarri[king]N",
"sig": "@saao/saa19%akk-x-neoass:LUGAL=šarru[king//king]N'N$šarri",
"f": {"lang": "akk-x-neoass",
"form": "LUGAL",
"cf": "šarru",
"gw": "king",
"sense": "king",
"norm": "šarri",
"pos": "N",
"epos": "N"}
}
,
{
"node": "d",
"type": "line-start",
"ref": "P393677.30",
"n": "9",
"label": "r 9"}
,
{
"node": "l",
"frag": "ina",
"id": "P393677.l00dc6",
"ref": "P393677.30.1",
"inst": "ina[in+=to]PRP",
"sig": "@saao/saa19%akk-x-neoass:ina=ina[in//in]PRP'PRP$ina",
"f": {"lang": "akk-x-neoass",
"form": "ina",
"cf": "ina",
"gw": "in",
"sense": "in",
"norm": "ina",
"pos": "PRP",
"epos": "PRP"}
}
,
{
"node": "l",
"frag": "UGU",
"id": "P393677.l00dc7",
"ref": "P393677.30.2",
"inst": "muhhi[skull]N",
"sig": "@saao/saa19%akk-x-neoass:UGU=muhhu[skull//skull]N'N$muhhi",
"f": {"lang": "akk-x-neoass",
"form": "UGU",
"cf": "muhhu",
"gw": "skull",
"sense": "skull",
"norm": "muhhi",
"pos": "N",
"epos": "N"}
}
,
{
"node": "l",
"frag": "{1}{d}MAŠ.MAŠ-EN-KALAG-an",
"id": "P393677.l00dc8",
"ref": "P393677.30.3",
"inst": "+Nergal-belu-udaʾʾan[]PN$",
"sig": "@saao/saa19%akk-x-neoass:{1}{d}MAŠ.MAŠ-EN-KALAG-an=Nergal-belu-udaʾʾan[1//1]PN'PN$Nergal-belu-udaʾʾan",
"f": {"lang": "akk-x-neoass",
"form": "{1}{d}MAŠ.MAŠ-EN-KALAG-an",
"cf": "Nergal-belu-udaʾʾan",
"gw": "1",
"sense": "1",
"norm": "Nergal-belu-udaʾʾan",
"pos": "PN",
"epos": "PN"}
}
,
{
"node": "d",
"type": "line-start",
"ref": "P393677.31",
"n": "10",
"label": "r 10"}
,
{
"node": "l",
"frag": "liš\\d-pu\\td-ra\\y",
"id": "P393677.l00dc9",
"ref": "P393677.31.1",
"inst": "+šapāru[send]V$lišpura",
"sig": "@saao/saa19%akk-x-neoass:liš-pu-ra=šapāru[send//send]V'V$lišpura",
"f": {"lang": "akk-x-neoass",
"form": "liš-pu-ra",
"cf": "šapāru",
"gw": "send",
"sense": "send",
"norm": "lišpura",
"pos": "V",
"epos": "V"}
}
,
{
"node": "l",
"frag": "re\\d-eh-te",
"id": "P393677.l00dca",
"ref": "P393677.31.2",
"inst": "rēhte[remainder]N",
"sig": "@saao/saa19%akk-x-neoass:re-eh-te=rēhtu[remainder//remainder]N'N$rēhte",
"f": {"lang": "akk-x-neoass",
"form": "re-eh-te",
"cf": "rēhtu",
"gw": "remainder",
"sense": "remainder",
"norm": "rēhte",
"pos": "N",
"epos": "N"}
}
,
{
"node": "d",
"type": "line-start",
"ref": "P393677.32",
"n": "11",
"label": "r 11"}
,
{
"node": "l",
"frag": "ma-da\\d-tu\\d",
"id": "P393677.l00dcb",
"ref": "P393677.32.1",
"inst": "maddattu[tribute]N",
"sig": "@saao/saa19%akk-x-neoass:ma-da-tu=maddattu[payment//tribute]N'N$maddattu",
"f": {"lang": "akk-x-neoass",
"form": "ma-da-tu",
"cf": "maddattu",
"gw": "payment",
"sense": "tribute",
"norm": "maddattu",
"pos": "N",
"epos": "N"}
}
,
{
"node": "d",
"type": "line-start",
"ref": "P393677.33",
"n": "12",
"label": "r 12"}
,
{
"node": "l",
"frag": "li\\dd-iṣ-bat",
"id": "P393677.l00dcc",
"ref": "P393677.33.1",
"inst": "+ṣabātu[seize]V$liṣbat",
"sig": "@saao/saa19%akk-x-neoass:li-iṣ-bat=ṣabātu[seize//seize]V'V$liṣbat",
"f": {"lang": "akk-x-neoass",
"form": "li-iṣ-bat",
"cf": "ṣabātu",
"gw": "seize",
"sense": "seize",
"norm": "liṣbat",
"pos": "V",
"epos": "V"}
}
,
{
"node": "l",
"frag": "pu\\td-tu₂-hu\\d",
"id": "P393677.l00dcd",
"ref": "P393677.33.2",
"inst": "+pūtuhhu[responsibility]N$pūtuhu",
"sig": "@saao/saa19%akk-x-neoass:pu-tu₂-hu=pūtuhhu[responsibility//responsibility]N'N$pūtuhu",
"f": {"lang": "akk-x-neoass",
"form": "pu-tu₂-hu",
"cf": "pūtuhhu",
"gw": "responsibility",
"sense": "responsibility",
"norm": "pūtuhu",
"pos": "N",
"epos": "N"}
}
,
{
"node": "d",
"type": "line-start",
"ref": "P393677.34",
"n": "13",
"label": "r 13"}
,
{
"node": "l",
"frag": "ma-da\\d-⸢tu\\d⸣",
"id": "P393677.l00dce",
"ref": "P393677.34.1",
"inst": "maddattu[tribute]N",
"sig": "@saao/saa19%akk-x-neoass:ma-da-tu=maddattu[payment//tribute]N'N$maddattu",
"f": {"lang": "akk-x-neoass",
"form": "ma-da-tu",
"cf": "maddattu",
"gw": "payment",
"sense": "tribute",
"norm": "maddattu",
"pos": "N",
"epos": "N"}
}
,
{
"node": "l",
"frag": "liš\\d-ši",
"id": "P393677.l00dcf",
"ref": "P393677.34.2",
"inst": "+našû[lift//take]V$lišši",
"sig": "@saao/saa19%akk-x-neoass:liš-ši=našû[lift//take]V'V$lišši",
"f": {"lang": "akk-x-neoass",
"form": "liš-ši",
"cf": "našû",
"gw": "lift",
"sense": "take",
"norm": "lišši",
"pos": "V",
"epos": "V"}
}
,
{
"node": "d",
"type": "nonx",
"ref": "P393677.35",
"strict": "0",
"extent": "rest",
"scope": "line",
"state": "other"}
]}
]}
]}
,
{
"linkbase": [{
"type": "linkset",
"xlink_title": "rab ša-rēši[chief eunuch//chief eunuch]N'N",
"id": "P393677.ls00000",
"xlink_type": "extended",
"xlink_role": "psu",
"sig": "{{LU₂}GAL-SAG = rabû[big one]N ša-rēši[eunuch]N += rab ša-rēši[chief eunuch//chief eunuch]N'N}::@saao/saa19%akk-x-neoass:{LU₂}GAL-SAG=rabû[big one//big one]N'N$rab++@saao/saa19%akk-x-neoass:{LU₂}GAL-SAG=ša-rēši[eunuch//eunuch]N'N$ša-rēši",
"links": [
{
"type": "link",
"xlink_title": "rabû",
"xlink_type": "locator",
"xlink_href": "#P393677.l00d91",
"xlink_role": "elt"}
,
{
"type": "link",
"xlink_title": "ša-rēši",
"xlink_type": "locator",
"xlink_href": "#P393677.l00d92",
"xlink_role": "elt"}
]}
,
{
"type": "linkset",
"xlink_title": "rab kāri[quay overseer//chief of trade]N'N",
"id": "P393677.ls00001",
"xlink_type": "extended",
"xlink_role": "psu",
"sig": "{{LU₂}GAL-ka-ri = rabû[big one]N kāru[quay]N += rab kāri[quay overseer//chief of trade]N'N}::@saao/saa19%akk-x-neoass:{LU₂}GAL-ka-ri=rabû[big one//big one]N'N$rab++@saao/saa19%akk-x-neoass:{LU₂}GAL-ka-ri=kāru[quay//quay]N'N$kāri",
"links": [
{
"type": "link",
"xlink_title": "rabû",
"xlink_type": "locator",
"xlink_href": "#P393677.l00d9b",
"xlink_role": "elt"}
,
{
"type": "link",
"xlink_title": "kāru",
"xlink_type": "locator",
"xlink_href": "#P393677.l00d9c",
"xlink_role": "elt"}
]}
,
{
"type": "linkset",
"xlink_title": "mār šipri[messenger//messenger]N'N",
"id": "P393677.ls00002",
"xlink_type": "extended",
"xlink_role": "psu",
"sig": "{{LU₂}DUMU-šip-ri = māru[son]N šipru[sending]N += mār šipri[messenger//messenger]N'N}::@saao/saa10%akk-x-neoass:{LU₂}DUMU-šip-ri=māru[son//son]N'N$mār++@saao/saa10%akk-x-neoass:{LU₂}DUMU-šip-ri=šipru[sending//sending]N'N$šipri",
"links": [
{
"type": "link",
"xlink_title": "māru",
"xlink_type": "locator",
"xlink_href": "#P393677.l00dae",
"xlink_role": "elt"}
,
{
"type": "link",
"xlink_title": "šipru",
"xlink_type": "locator",
"xlink_href": "#P393677.l00daf",
"xlink_role": "elt"}
]}
]}
]}
