{
"type": "cdl",
  "source": "http://oracc.org/saao/saa19",
  "license": "This data is released under the CC0 license",
  "license-url": "https://creativecommons.org/publicdomain/zero/1.0/",
  "more-info": "http://oracc.org/doc/opendata/",
  "UTC-timestamp": "2017-05-19T12:03:56",
"project": "saao/saa19",
"textid": "P393619",
"cdl": [
{
"node": "c",
"type": "text",
"id": "P393619.U0",
"cdl": [
{
"node": "d",
"type": "object",
"ref": ""}
,
{
"node": "d",
"subtype": "obverse",
"type": "surface",
"ref": "P393619.o.1",
"type": "obverse",
"label": "o"}
,
{
"node": "d",
"type": "nonx",
"ref": "P393619.2",
"strict": "0",
"extent": "beginning",
"state": "missing"}
,
{
"node": "c",
"type": "discourse",
"subtype": "body",
"id": "P393619.U1",
"cdl": [
{
"node": "c",
"type": "sentence",
"id": "P393619.U2",
"label": "o 1' - r 10",
"cdl": [
{
"node": "d",
"type": "line-start",
"ref": "P393619.3",
"n": "1'",
"label": "o 1'"}
,
{
"node": "l",
"frag": "⸢a-na⸣",
"id": "P393619.l00e82",
"ref": "P393619.3.1",
"inst": "ana[to]PRP",
"sig": "@saao/saa19%akk-x-neoass:a-na=ana[to//to]PRP'PRP$ana",
"f": {"lang": "akk-x-neoass",
"form": "a-na",
"cf": "ana",
"gw": "to",
"sense": "to",
"norm": "ana",
"pos": "PRP",
"epos": "PRP"}
}
,
{
"node": "l",
"frag": "[x]",
"id": "P393619.l00e83",
"ref": "P393619.3.2",
"inst": "u",
"f": {"lang": "akk-x-neoass",
"form": "x",
"pos": "u"}
}
,
{
"node": "l",
"frag": "⸢x",
"id": "P393619.l00e84",
"ref": "P393619.3.3",
"inst": "u",
"f": {"lang": "akk-x-neoass",
"form": "x",
"pos": "u"}
}
,
{
"node": "l",
"frag": "x⸣",
"id": "P393619.l00e85",
"ref": "P393619.3.4",
"inst": "u",
"f": {"lang": "akk-x-neoass",
"form": "x",
"pos": "u"}
}
,
{
"node": "l",
"frag": "[x]",
"id": "P393619.l00e86",
"ref": "P393619.3.5",
"inst": "u",
"f": {"lang": "akk-x-neoass",
"form": "x",
"pos": "u"}
}
,
{
"node": "l",
"frag": "⸢MEŠ⸣",
"id": "P393619.l00e87",
"ref": "P393619.3.6",
"inst": "u",
"f": {"lang": "akk-x-neoass",
"form": "MEŠ",
"pos": "u"}
}
,
{
"node": "l",
"frag": "[x]",
"id": "P393619.l00e88",
"ref": "P393619.3.7",
"inst": "u",
"f": {"lang": "akk-x-neoass",
"form": "x",
"pos": "u"}
}
,
{
"node": "d",
"type": "line-start",
"ref": "P393619.4",
"n": "2'",
"label": "o 2'"}
,
{
"node": "l",
"frag": "ina",
"id": "P393619.l00e89",
"ref": "P393619.4.1",
"inst": "ina[in+=in]PRP",
"sig": "@saao/saa19%akk-x-neoass:ina=ina[in//in]PRP'PRP$ina",
"f": {"lang": "akk-x-neoass",
"form": "ina",
"cf": "ina",
"gw": "in",
"sense": "in",
"norm": "ina",
"pos": "PRP",
"epos": "PRP"}
}
,
{
"node": "l",
"frag": "ŠA₃",
"id": "P393619.l00e8a",
"ref": "P393619.4.2",
"inst": "libbi[interior]N",
"sig": "@saao/saa19%akk-x-neoass:ŠA₃=libbu[interior//interior]N'N$libbi",
"f": {"lang": "akk-x-neoass",
"form": "ŠA₃",
"cf": "libbu",
"gw": "interior",
"sense": "interior",
"norm": "libbi",
"pos": "N",
"epos": "N"}
}
,
{
"node": "l",
"frag": "{lu₂v}hu-ub-te",
"id": "P393619.l00e8b",
"ref": "P393619.4.3",
"inst": "hubte[captives]N",
"sig": "@saao/saa19%akk-x-neoass:{LU₂}hu-ub-te=hubtu[robbery//captives]N'N$hubte",
"f": {"lang": "akk-x-neoass",
"form": "{LU₂}hu-ub-te",
"cf": "hubtu",
"gw": "robbery",
"sense": "captives",
"norm": "hubte",
"pos": "N",
"epos": "N"}
}
,
{
"node": "l",
"frag": "ur-⸢ki⸣-[e]",
"id": "P393619.l00e8c",
"ref": "P393619.4.4",
"inst": "+arkû[rear//later]AJ$urkīe",
"sig": "@saao/saa19%akk-x-neoass:ur-ki-e=arkû[rear//later]AJ'AJ$urkīe",
"f": {"lang": "akk-x-neoass",
"form": "ur-ki-e",
"cf": "arkû",
"gw": "rear",
"sense": "later",
"norm": "urkīe",
"pos": "AJ",
"epos": "AJ"}
}
,
{
"node": "d",
"type": "line-start",
"ref": "P393619.5",
"n": "3'",
"label": "o 3'"}
,
{
"node": "l",
"frag": "ša",
"id": "P393619.l00e8d",
"ref": "P393619.5.1",
"inst": "ša[who]REL",
"sig": "@saao/saa19%akk-x-neoass:ša=ša[that//who]REL'REL$ša",
"f": {"lang": "akk-x-neoass",
"form": "ša",
"cf": "ša",
"gw": "that",
"sense": "who",
"norm": "ša",
"pos": "REL",
"epos": "REL"}
}
,
{
"node": "l",
"frag": "TA@v",
"id": "P393619.l00e8e",
"ref": "P393619.5.2",
"inst": "issu[from+=from]PRP",
"sig": "@saao/saa19%akk-x-neoass:TA@v=ištu[from//from]PRP'PRP$issu",
"f": {"lang": "akk-x-neoass",
"form": "TA@v",
"cf": "ištu",
"gw": "from",
"sense": "from",
"norm": "issu",
"pos": "PRP",
"epos": "PRP"}
}
,
{
"node": "l",
"frag": "ŠA₃",
"id": "P393619.l00e8f",
"ref": "P393619.5.3",
"inst": "libbi[interior]N",
"sig": "@saao/saa19%akk-x-neoass:ŠA₃=libbu[interior//interior]N'N$libbi",
"f": {"lang": "akk-x-neoass",
"form": "ŠA₃",
"cf": "libbu",
"gw": "interior",
"sense": "interior",
"norm": "libbi",
"pos": "N",
"epos": "N"}
}
,
{
"node": "l",
"frag": "{uru}DU₆-⸢bar⸣-[si-ba]",
"id": "P393619.l00e90",
"ref": "P393619.5.4",
"inst": "+Til-Barsip[]GN$Til-Barsiba",
"sig": "@saao/saa19%akk-x-neoass:{URU}DU₆-bar-si-ba=Til-Barsip[1//1]GN'GN$Til-Barsiba",
"f": {"lang": "akk-x-neoass",
"form": "{URU}DU₆-bar-si-ba",
"cf": "Til-Barsip",
"gw": "1",
"sense": "1",
"norm": "Til-Barsiba",
"pos": "GN",
"epos": "GN"}
}
,
{
"node": "d",
"type": "line-start",
"ref": "P393619.6",
"n": "4'",
"label": "o 4'"}
,
{
"node": "l",
"frag": "LUGAL",
"id": "P393619.l00e91",
"ref": "P393619.6.1",
"inst": "šarru[king]N",
"sig": "@saao/saa19%akk-x-neoass:LUGAL=šarru[king//king]N'N$šarri",
"f": {"lang": "akk-x-neoass",
"form": "LUGAL",
"cf": "šarru",
"gw": "king",
"sense": "king",
"norm": "šarri",
"pos": "N",
"epos": "N"}
}
,
{
"node": "l",
"frag": "be-li₂",
"id": "P393619.l00e92",
"ref": "P393619.6.2",
"inst": "bēlī[lord]N",
"sig": "@saao/saa19%akk-x-neoass:be-li₂=bēlu[lord//lord]N'N$bēlī",
"f": {"lang": "akk-x-neoass",
"form": "be-li₂",
"cf": "bēlu",
"gw": "lord",
"sense": "lord",
"norm": "bēlī",
"pos": "N",
"epos": "N"}
}
,
{
"node": "d",
"frag": ":",
"type": "nonw",
"ref": "P393619.6.3",
"lang": "akk-x-neoass",
"type": "punct",
"gdl_delim": " "}
,
{
"node": "l",
"frag": "i-di-na-⸢an⸣-[ni]",
"id": "P393619.l00e93",
"ref": "P393619.6.4",
"inst": "iddinanni[give]V",
"sig": "@saao/saa19%akk-x-neoass:i-di-na-an-ni=tadānu[give//give]V'V$iddinanni",
"f": {"lang": "akk-x-neoass",
"form": "i-di-na-an-ni",
"cf": "tadānu",
"gw": "give",
"sense": "give",
"norm": "iddinanni",
"pos": "V",
"epos": "V"}
}
,
{
"node": "d",
"type": "line-start",
"ref": "P393619.7",
"n": "5'",
"label": "o 5'"}
,
{
"node": "l",
"frag": "mu-uk",
"id": "P393619.l00e94",
"ref": "P393619.7.1",
"inst": "muk[saying]PRP",
"sig": "@saao/saa19%akk-x-neoass:mu-uk=muk[saying//saying]PRP'PRP$muk",
"f": {"lang": "akk-x-neoass",
"form": "mu-uk",
"cf": "muk",
"gw": "saying",
"sense": "saying",
"norm": "muk",
"pos": "PRP",
"epos": "PRP"}
}
,
{
"node": "l",
"frag": "lu",
"id": "P393619.l00e95",
"ref": "P393619.7.2",
"inst": "lū[may]MOD",
"sig": "@saao/saa19%akk-x-neoass:lu=lū[may//may]MOD'MOD$lū",
"f": {"lang": "akk-x-neoass",
"form": "lu",
"cf": "lū",
"gw": "may",
"sense": "may",
"norm": "lū",
"pos": "MOD",
"epos": "MOD"}
}
,
{
"node": "l",
"frag": "u₂-da",
"id": "P393619.l00e96",
"ref": "P393619.7.3",
"inst": "ūda[know]V",
"sig": "@saao/saa19%akk-x-neoass:u₂-da=wadû[know//know]V'V$ūda",
"f": {"lang": "akk-x-neoass",
"form": "u₂-da",
"cf": "wadû",
"gw": "know",
"sense": "know",
"norm": "ūda",
"pos": "V",
"epos": "V"}
}
,
{
"node": "l",
"frag": "⸢ki⸣-[i",
"id": "P393619.l00e97",
"ref": "P393619.7.4",
"inst": "kî[like//that]PRP'SBJ",
"sig": "@saao/saa19%akk-x-neoass:ki-i=kī[like//that]PRP'SBJ$kî",
"f": {"lang": "akk-x-neoass",
"form": "ki-i",
"cf": "kī",
"gw": "like",
"sense": "that",
"norm": "kî",
"pos": "PRP",
"epos": "SBJ"}
}
,
{
"node": "l",
"frag": "x",
"id": "P393619.l00e98",
"ref": "P393619.7.5",
"inst": "u",
"f": {"lang": "akk-x-neoass",
"form": "x",
"pos": "u"}
}
,
{
"node": "l",
"frag": "x]",
"id": "P393619.l00e99",
"ref": "P393619.7.6",
"inst": "u",
"f": {"lang": "akk-x-neoass",
"form": "x",
"pos": "u"}
}
,
{
"node": "d",
"type": "line-start",
"ref": "P393619.8",
"n": "6'",
"label": "o 6'"}
,
{
"node": "l",
"frag": "i-ba-ši",
"id": "P393619.l00e9a",
"ref": "P393619.8.1",
"inst": "+bašû[exist//actually]V'AV$ibašši",
"sig": "@saao/saa19%akk-x-neoass:i-ba-ši=bašû[exist//actually]V'AV$ibašši",
"f": {"lang": "akk-x-neoass",
"form": "i-ba-ši",
"cf": "bašû",
"gw": "exist",
"sense": "actually",
"norm": "ibašši",
"pos": "V",
"epos": "AV"}
}
,
{
"node": "l",
"frag": "ina",
"id": "P393619.l00e9b",
"ref": "P393619.8.2",
"inst": "ina[in+=there]PRP",
"sig": "@saao/saa19%akk-x-neoass:ina=ina[in//in]PRP'PRP$ina",
"f": {"lang": "akk-x-neoass",
"form": "ina",
"cf": "ina",
"gw": "in",
"sense": "in",
"norm": "ina",
"pos": "PRP",
"epos": "PRP"}
}
,
{
"node": "l",
"frag": "ŠA₃-bi",
"id": "P393619.l00e9c",
"ref": "P393619.8.3",
"inst": "libbi[interior]N",
"sig": "@saao/saa19%akk-x-neoass:ŠA₃-bi=libbu[interior//interior]N'N$libbi",
"f": {"lang": "akk-x-neoass",
"form": "ŠA₃-bi",
"cf": "libbu",
"gw": "interior",
"sense": "interior",
"norm": "libbi",
"pos": "N",
"epos": "N"}
}
,
{
"node": "l",
"frag": "⸢la-aš₂⸣-šu₂-[ni]",
"id": "P393619.l00e9d",
"ref": "P393619.8.4",
"inst": "laššūni[(there) is not]V",
"sig": "@saao/saa19%akk-x-neoass:la-aš₂-šu₂-ni=laššu[(there) is not//(there) is not]V'V$laššūni",
"f": {"lang": "akk-x-neoass",
"form": "la-aš₂-šu₂-ni",
"cf": "laššu",
"gw": "(there) is not",
"sense": "(there) is not",
"norm": "laššūni",
"pos": "V",
"epos": "V"}
}
,
{
"node": "d",
"type": "line-start",
"ref": "P393619.9",
"n": "7'",
"label": "o 7'"}
,
{
"node": "l",
"frag": "{1}ha-ra-am-mu",
"id": "P393619.l00e9e",
"ref": "P393619.9.1",
"inst": "+Harammu[1]PN$",
"sig": "@saao/saa19%akk-x-neoass:{1}ha-ra-am-mu=Harammu[1//1]PN'PN$Harammu",
"f": {"lang": "akk-x-neoass",
"form": "{1}ha-ra-am-mu",
"cf": "Harammu",
"gw": "1",
"sense": "1",
"norm": "Harammu",
"pos": "PN",
"epos": "PN"}
}
,
{
"node": "c",
"type": "phrase",
"tag": "phr",
"id": "P393619.U4",
"ref": "P393619.ls00000",
"cdl": [
{
"node": "l",
"frag": "{lu₂v}GAL-01-lim",
"id": "P393619.l00e9f",
"ref": "P393619.9.2",
"cof-tails": "P393619.l00ea0",
"inst": "+rabû[big one]N$rab&+līm[thousand]NU$līmi",
"sig": "@saao/saa19%akk-x-neoass:{LU₂}GAL-01-lim=rabû[big one//big one]N'N$rab&&@saao/saa19%akk-x-neoass:{LU₂}GAL-01-lim=līm[thousand//thousand]NU'NU$līmi",
"f": {"lang": "akk-x-neoass",
"form": "{LU₂}GAL-01-lim",
"cf": "rabû",
"gw": "big one",
"sense": "big one",
"norm": "rab",
"pos": "N",
"epos": "N"}
}
,
{
"node": "l",
"frag": "{lu₂v}GAL-01-lim",
"id": "P393619.l00ea0",
"ref": "P393619.9.2",
"cof-head": "P393619.l00e9f",
"inst": "+rabû[big one]N$rab&+līm[thousand]NU$līmi",
"f": {"lang": "akk-x-neoass",
"form": "{LU₂}GAL-01-lim",
"cf": "līm",
"gw": "thousand",
"sense": "thousand",
"norm": "līmi",
"pos": "NU",
"epos": "NU"}
}
]}
,
{
"node": "d",
"type": "line-start",
"ref": "P393619.10",
"n": "8'",
"label": "o 8'"}
,
{
"node": "l",
"frag": "ša",
"id": "P393619.l00ea1",
"ref": "P393619.10.1",
"inst": "ša[of]DET",
"sig": "@saao/saa19%akk-x-neoass:ša=ša[of//of]DET'DET$ša",
"f": {"lang": "akk-x-neoass",
"form": "ša",
"cf": "ša",
"gw": "of",
"sense": "of",
"norm": "ša",
"pos": "DET",
"epos": "DET"}
}
,
{
"node": "l",
"frag": "{uru}man-ṣu-a-te",
"id": "P393619.l00ea2",
"ref": "P393619.10.2",
"inst": "Manṣuate[1]GN",
"sig": "@saao/saa19%akk-x-neoass:{URU}man-ṣu-a-te=Manṣuati[1//1]GN'GN$Manṣuate",
"f": {"lang": "akk-x-neoass",
"form": "{URU}man-ṣu-a-te",
"cf": "Manṣuati",
"gw": "1",
"sense": "1",
"norm": "Manṣuate",
"pos": "GN",
"epos": "GN"}
}
,
{
"node": "l",
"frag": "ina",
"id": "P393619.l00ea3",
"ref": "P393619.10.3",
"inst": "ina[in+=to]PRP",
"sig": "@saao/saa19%akk-x-neoass:ina=ina[in//in]PRP'PRP$ina",
"f": {"lang": "akk-x-neoass",
"form": "ina",
"cf": "ina",
"gw": "in",
"sense": "in",
"norm": "ina",
"pos": "PRP",
"epos": "PRP"}
}
,
{
"node": "l",
"frag": "UGU-⸢ia⸣",
"id": "P393619.l00ea4",
"ref": "P393619.10.4",
"inst": "muhhīya[skull]N",
"sig": "@saao/saa19%akk-x-neoass:UGU-ia=muhhu[skull//skull]N'N$muhhīya",
"f": {"lang": "akk-x-neoass",
"form": "UGU-ia",
"cf": "muhhu",
"gw": "skull",
"sense": "skull",
"norm": "muhhīya",
"pos": "N",
"epos": "N"}
}
,
{
"node": "d",
"type": "line-start",
"ref": "P393619.11",
"n": "9'",
"label": "o 9'"}
,
{
"node": "l",
"frag": "⸢i⸣-tal-ka",
"id": "P393619.l00ea5",
"ref": "P393619.11.1",
"inst": "ittalka[come]V",
"sig": "@saao/saa19%akk-x-neoass:i-tal-ka=alāku[go//come]V'V$ittalka",
"f": {"lang": "akk-x-neoass",
"form": "i-tal-ka",
"cf": "alāku",
"gw": "go",
"sense": "come",
"norm": "ittalka",
"pos": "V",
"epos": "V"}
}
,
{
"node": "l",
"frag": "05",
"id": "P393619.l00ea6",
"ref": "P393619.11.2",
"inst": "n",
"f": {"lang": "akk-x-neoass",
"form": "05",
"pos": "n"}
}
,
{
"node": "l",
"frag": "DUMU-MEŠ-šu₂",
"id": "P393619.l00ea7",
"ref": "P393619.11.3",
"inst": "marʾēšu[son]N",
"sig": "@saao/saa19%akk-x-neoass:DUMU-MEŠ-šu₂=māru[son//son]N'N$marʾēšu",
"f": {"lang": "akk-x-neoass",
"form": "DUMU-MEŠ-šu₂",
"cf": "māru",
"gw": "son",
"sense": "son",
"norm": "marʾēšu",
"pos": "N",
"epos": "N"}
}
,
{
"node": "l",
"frag": "[o]",
"id": "P393619.l00ea8",
"ref": "P393619.11.4",
"inst": "u",
"f": {"lang": "akk-x-neoass",
"form": "o",
"pos": "u"}
}
,
{
"node": "d",
"type": "line-start",
"ref": "P393619.12",
"n": "10'",
"label": "o 10'"}
,
{
"node": "l",
"frag": "[x",
"id": "P393619.l00ea9",
"ref": "P393619.12.1",
"inst": "u",
"f": {"lang": "akk-x-neoass",
"form": "x",
"pos": "u"}
}
,
{
"node": "l",
"frag": "x",
"id": "P393619.l00eaa",
"ref": "P393619.12.2",
"inst": "u",
"f": {"lang": "akk-x-neoass",
"form": "x",
"pos": "u"}
}
,
{
"node": "l",
"frag": "x]+⸢x⸣-šu₂",
"id": "P393619.l00eab",
"ref": "P393619.12.3",
"inst": "u",
"f": {"lang": "akk-x-neoass",
"form": "x+x-šu₂",
"pos": "u"}
}
,
{
"node": "l",
"frag": "⸢ša⸣",
"id": "P393619.l00eac",
"ref": "P393619.12.4",
"inst": "ša[of]DET",
"sig": "@saao/saa19%akk-x-neoass:ša=ša[of//of]DET'DET$ša",
"f": {"lang": "akk-x-neoass",
"form": "ša",
"cf": "ša",
"gw": "of",
"sense": "of",
"norm": "ša",
"pos": "DET",
"epos": "DET"}
}
,
{
"node": "l",
"frag": "am-⸢x",
"id": "P393619.l00ead",
"ref": "P393619.12.5",
"inst": "u",
"f": {"lang": "akk-x-neoass",
"form": "am-x",
"pos": "u"}
}
,
{
"node": "l",
"frag": "x⸣",
"id": "P393619.l00eae",
"ref": "P393619.12.6",
"inst": "u",
"f": {"lang": "akk-x-neoass",
"form": "x",
"pos": "u"}
}
,
{
"node": "d",
"subtype": "bottom",
"type": "surface",
"ref": "P393619.b.e..13",
"type": "bottom",
"label": "b.e."}
,
{
"node": "d",
"type": "line-start",
"ref": "P393619.14",
"n": "11'",
"label": "b.e. 11'"}
,
{
"node": "l",
"frag": "[re-eh]-te",
"id": "P393619.l00eaf",
"ref": "P393619.14.1",
"inst": "rēhte[remainder]N",
"sig": "@saao/saa19%akk-x-neoass:re-eh-te=rēhtu[remainder//remainder]N'N$rēhte",
"f": {"lang": "akk-x-neoass",
"form": "re-eh-te",
"cf": "rēhtu",
"gw": "remainder",
"sense": "remainder",
"norm": "rēhte",
"pos": "N",
"epos": "N"}
}
,
{
"node": "l",
"frag": "UN-MEŠ-[šu₂]",
"id": "P393619.l00eb0",
"ref": "P393619.14.2",
"inst": "nišēšu[people]N",
"sig": "@saao/saa19%akk-x-neoass:UN-MEŠ-šu₂=nišu[people//people]N'N$nišēšu",
"f": {"lang": "akk-x-neoass",
"form": "UN-MEŠ-šu₂",
"cf": "nišu",
"gw": "people",
"sense": "people",
"norm": "nišēšu",
"pos": "N",
"epos": "N"}
}
,
{
"node": "d",
"type": "line-start",
"ref": "P393619.15",
"n": "12'",
"label": "b.e. 12'"}
,
{
"node": "l",
"frag": "[i-si]-šu₂",
"id": "P393619.l00eb1",
"ref": "P393619.15.1",
"inst": "issīšu[with]PRP",
"sig": "@saao/saa19%akk-x-neoass:i-si-šu₂=išti[with//with]PRP'PRP$issīšu",
"f": {"lang": "akk-x-neoass",
"form": "i-si-šu₂",
"cf": "išti",
"gw": "with",
"sense": "with",
"norm": "issīšu",
"pos": "PRP",
"epos": "PRP"}
}
,
{
"node": "l",
"frag": "UD",
"id": "P393619.l00eb2",
"ref": "P393619.15.2",
"inst": "ūm[day]N",
"sig": "@saao/saa19%akk-x-neoass:UD=ūmu[day//day]N'N$ūm",
"f": {"lang": "akk-x-neoass",
"form": "UD",
"cf": "ūmu",
"gw": "day",
"sense": "day",
"norm": "ūm",
"pos": "N",
"epos": "N"}
}
,
{
"node": "l",
"frag": "30-KAM₂⸣",
"id": "P393619.l00eb3",
"ref": "P393619.15.3",
"inst": "n",
"f": {"lang": "akk-x-neoass",
"form": "30-KAM₂",
"pos": "n"}
}
,
{
"node": "l",
"frag": "[ša",
"id": "P393619.l00eb4",
"ref": "P393619.15.4",
"inst": "ša[of]DET",
"sig": "@saao/saa19%akk-x-neoass:ša=ša[of//of]DET'DET$ša",
"f": {"lang": "akk-x-neoass",
"form": "ša",
"cf": "ša",
"gw": "of",
"sense": "of",
"norm": "ša",
"pos": "DET",
"epos": "DET"}
}
,
{
"node": "l",
"frag": "{iti}x]",
"id": "P393619.l00eb5",
"ref": "P393619.15.5",
"inst": "urhi[month]N",
"sig": "@saao/saa19%akk-x-neoass:{ITI}x=arhu[month//month]N'N$urhi",
"f": {"lang": "akk-x-neoass",
"form": "{ITI}x",
"cf": "arhu",
"gw": "month",
"sense": "month",
"norm": "urhi",
"pos": "N",
"epos": "N"}
}
,
{
"node": "d",
"subtype": "reverse",
"type": "surface",
"ref": "P393619.r.16",
"type": "reverse",
"label": "r"}
,
{
"node": "d",
"type": "line-start",
"ref": "P393619.17",
"n": "1",
"label": "r 1"}
,
{
"node": "l",
"frag": "{[lu₂v]}⸢ERIM⸣-MEŠ",
"id": "P393619.l00eb6",
"ref": "P393619.17.1",
"inst": "ṣābāni[troops]N",
"sig": "@saao/saa19%akk-x-neoass:{LU₂}ERIM-MEŠ=ṣābu[people//troops]N'N$ṣābāni",
"f": {"lang": "akk-x-neoass",
"form": "{LU₂}ERIM-MEŠ",
"cf": "ṣābu",
"gw": "people",
"sense": "troops",
"norm": "ṣābāni",
"pos": "N",
"epos": "N"}
}
,
{
"node": "l",
"frag": "⸢iq⸣-[ṭar-bu-ni]",
"id": "P393619.l00eb7",
"ref": "P393619.17.2",
"inst": "iqṭarbūni[arrive]V",
"sig": "@saao/saa19%akk-x-neoass:iq-ṭar-bu-ni=qerēbu[approach//arrive]V'V$iqṭarbūni",
"f": {"lang": "akk-x-neoass",
"form": "iq-ṭar-bu-ni",
"cf": "qerēbu",
"gw": "approach",
"sense": "arrive",
"norm": "iqṭarbūni",
"pos": "V",
"epos": "V"}
}
,
{
"node": "d",
"type": "line-start",
"ref": "P393619.18",
"n": "2",
"label": "r 2"}
,
{
"node": "l",
"frag": "⸢a⸣-na",
"id": "P393619.l00eb8",
"ref": "P393619.18.1",
"inst": "ana[to]PRP",
"sig": "@saao/saa19%akk-x-neoass:a-na=ana[to//to]PRP'PRP$ana",
"f": {"lang": "akk-x-neoass",
"form": "a-na",
"cf": "ana",
"gw": "to",
"sense": "to",
"norm": "ana",
"pos": "PRP",
"epos": "PRP"}
}
,
{
"node": "l",
"frag": "me-eh-ri-[šu₂]-⸢nu⸣",
"id": "P393619.l00eb9",
"ref": "P393619.18.2",
"inst": "+mehru[colleague//equal]N$mehrīšunu",
"sig": "@saao/saa19%akk-x-neoass:me-eh-ri-šu₂-nu=mehru[colleague//equal]N'N$mehrīšunu",
"f": {"lang": "akk-x-neoass",
"form": "me-eh-ri-šu₂-nu",
"cf": "mehru",
"gw": "colleague",
"sense": "equal",
"norm": "mehrīšunu",
"pos": "N",
"epos": "N"}
}
,
{
"node": "d",
"type": "line-start",
"ref": "P393619.19",
"n": "3",
"label": "r 3"}
,
{
"node": "l",
"frag": "mu-uk",
"id": "P393619.l00eba",
"ref": "P393619.19.1",
"inst": "muk[saying]PRP",
"sig": "@saao/saa19%akk-x-neoass:mu-uk=muk[saying//saying]PRP'PRP$muk",
"f": {"lang": "akk-x-neoass",
"form": "mu-uk",
"cf": "muk",
"gw": "saying",
"sense": "saying",
"norm": "muk",
"pos": "PRP",
"epos": "PRP"}
}
,
{
"node": "l",
"frag": "la-ap-ṭur-šu₂-nu",
"id": "P393619.l00ebb",
"ref": "P393619.19.2",
"inst": "+paṭāru[loosen//release]V$lapṭuršunu",
"sig": "@saao/saa19%akk-x-neoass:la-ap-ṭur-šu₂-nu=paṭāru[loosen//release]V'V$lapṭuršunu",
"f": {"lang": "akk-x-neoass",
"form": "la-ap-ṭur-šu₂-nu",
"cf": "paṭāru",
"gw": "loosen",
"sense": "release",
"norm": "lapṭuršunu",
"pos": "V",
"epos": "V"}
}
,
{
"node": "d",
"type": "line-start",
"ref": "P393619.20",
"n": "4",
"label": "r 4"}
,
{
"node": "l",
"frag": "lu-ša₂-aṣ-bi-su-nu",
"id": "P393619.l00ebc",
"ref": "P393619.20.1",
"inst": "+ṣabātu[seize//provide]V$lušaṣbissunu",
"sig": "@saao/saa19%akk-x-neoass:lu-ša₂-aṣ-bi-su-nu=ṣabātu[seize//provide]V'V$lušaṣbissunu",
"f": {"lang": "akk-x-neoass",
"form": "lu-ša₂-aṣ-bi-su-nu",
"cf": "ṣabātu",
"gw": "seize",
"sense": "provide",
"norm": "lušaṣbissunu",
"pos": "V",
"epos": "V"}
}
,
{
"node": "l",
"frag": "PAB-MEŠ-šu₂-nu",
"id": "P393619.l00ebd",
"ref": "P393619.20.2",
"inst": "+ahu[brother]N$ahhēšunu",
"sig": "@saao/saa19%akk-x-neoass:PAB-MEŠ-šu₂-nu=ahu[brother//brother]N'N$ahhēšunu",
"f": {"lang": "akk-x-neoass",
"form": "PAB-MEŠ-šu₂-nu",
"cf": "ahu",
"gw": "brother",
"sense": "brother",
"norm": "ahhēšunu",
"pos": "N",
"epos": "N"}
}
,
{
"node": "d",
"type": "line-start",
"ref": "P393619.21",
"n": "5",
"label": "r 5"}
,
{
"node": "l",
"frag": "la",
"id": "P393619.l00ebe",
"ref": "P393619.21.1",
"inst": "lā[not]MOD",
"sig": "@saao/saa19%akk-x-neoass:la=lā[not//not]MOD'MOD$lā",
"f": {"lang": "akk-x-neoass",
"form": "la",
"cf": "lā",
"gw": "not",
"sense": "not",
"norm": "lā",
"pos": "MOD",
"epos": "MOD"}
}
,
{
"node": "l",
"frag": "i-ma-gur₂",
"id": "P393619.l00ebf",
"ref": "P393619.21.2",
"inst": "immaggur[agree]V",
"sig": "@saao/saa19%akk-x-neoass:i-ma-gur₂=magāru[consent//agree]V'V$immaggur",
"f": {"lang": "akk-x-neoass",
"form": "i-ma-gur₂",
"cf": "magāru",
"gw": "consent",
"sense": "agree",
"norm": "immaggur",
"pos": "V",
"epos": "V"}
}
,
{
"node": "d",
"frag": ":",
"type": "nonw",
"ref": "P393619.21.3",
"lang": "akk-x-neoass",
"type": "punct",
"gdl_delim": " "}
,
{
"node": "l",
"frag": "ma-a",
"id": "P393619.l00ec0",
"ref": "P393619.21.4",
"inst": "mā[saying]PRP",
"sig": "@saao/saa19%akk-x-neoass:ma-a=mā[saying//saying]PRP'PRP$mā",
"f": {"lang": "akk-x-neoass",
"form": "ma-a",
"cf": "mā",
"gw": "saying",
"sense": "saying",
"norm": "mā",
"pos": "PRP",
"epos": "PRP"}
}
,
{
"node": "l",
"frag": "{lu₂v}ERIM-MEŠ",
"id": "P393619.l00ec1",
"ref": "P393619.21.5",
"inst": "ṣābāni[troops]N",
"sig": "@saao/saa19%akk-x-neoass:{LU₂}ERIM-MEŠ=ṣābu[people//troops]N'N$ṣābāni",
"f": {"lang": "akk-x-neoass",
"form": "{LU₂}ERIM-MEŠ",
"cf": "ṣābu",
"gw": "people",
"sense": "troops",
"norm": "ṣābāni",
"pos": "N",
"epos": "N"}
}
,
{
"node": "d",
"type": "line-start",
"ref": "P393619.22",
"n": "6",
"label": "r 6"}
,
{
"node": "l",
"frag": "pa-ri-ṣu-te",
"id": "P393619.l00ec2",
"ref": "P393619.22.1",
"inst": "+parriṣu[criminal]N$parriṣūte",
"sig": "@saao/saa19%akk-x-neoass:pa-ri-ṣu-te=parriṣu[criminal//criminal]N'N$parriṣūte",
"f": {"lang": "akk-x-neoass",
"form": "pa-ri-ṣu-te",
"cf": "parriṣu",
"gw": "criminal",
"sense": "criminal",
"norm": "parriṣūte",
"pos": "N",
"epos": "N"}
}
,
{
"node": "l",
"frag": "šu-nu",
"id": "P393619.l00ec3",
"ref": "P393619.22.2",
"inst": "šunu[they]IP",
"sig": "@saao/saa19%akk-x-neoass:šu-nu=šunu[they//they]IP'IP$šunu",
"f": {"lang": "akk-x-neoass",
"form": "šu-nu",
"cf": "šunu",
"gw": "they",
"sense": "they",
"norm": "šunu",
"pos": "IP",
"epos": "IP"}
}
,
{
"node": "l",
"frag": "[o]",
"id": "P393619.l00ec4",
"ref": "P393619.22.3",
"inst": "u",
"f": {"lang": "akk-x-neoass",
"form": "o",
"pos": "u"}
}
,
{
"node": "d",
"type": "line-start",
"ref": "P393619.23",
"n": "7",
"label": "r 7"}
,
{
"node": "l",
"frag": "ma-a",
"id": "P393619.l00ec5",
"ref": "P393619.23.1",
"inst": "mā[saying]PRP",
"sig": "@saao/saa19%akk-x-neoass:ma-a=mā[saying//saying]PRP'PRP$mā",
"f": {"lang": "akk-x-neoass",
"form": "ma-a",
"cf": "mā",
"gw": "saying",
"sense": "saying",
"norm": "mā",
"pos": "PRP",
"epos": "PRP"}
}
,
{
"node": "l",
"frag": "i-tab-bi-u₂",
"id": "P393619.l00ec6",
"ref": "P393619.23.2",
"inst": "+tebû[arise]V$itabbiu",
"sig": "@saao/saa19%akk-x-neoass:i-tab-bi-u₂=tebû[arise//arise]V'V$itabbiu",
"f": {"lang": "akk-x-neoass",
"form": "i-tab-bi-u₂",
"cf": "tebû",
"gw": "arise",
"sense": "arise",
"norm": "itabbiu",
"pos": "V",
"epos": "V"}
}
,
{
"node": "l",
"frag": "i-hal-⸢li⸣-[qu]",
"id": "P393619.l00ec7",
"ref": "P393619.23.3",
"inst": "+halāqu[be(come) lost//run away]V$ihalliqu",
"sig": "@saao/saa19%akk-x-neoass:i-hal-li-qu=halāqu[be(come) lost//run away]V'V$ihalliqu",
"f": {"lang": "akk-x-neoass",
"form": "i-hal-li-qu",
"cf": "halāqu",
"gw": "be(come) lost",
"sense": "run away",
"norm": "ihalliqu",
"pos": "V",
"epos": "V"}
}
,
{
"node": "d",
"type": "line-start",
"ref": "P393619.24",
"n": "8",
"label": "r 8"}
,
{
"node": "l",
"frag": "ma-a",
"id": "P393619.l00ec8",
"ref": "P393619.24.1",
"inst": "mā[saying]PRP",
"sig": "@saao/saa19%akk-x-neoass:ma-a=mā[saying//saying]PRP'PRP$mā",
"f": {"lang": "akk-x-neoass",
"form": "ma-a",
"cf": "mā",
"gw": "saying",
"sense": "saying",
"norm": "mā",
"pos": "PRP",
"epos": "PRP"}
}
,
{
"node": "l",
"frag": "a-na",
"id": "P393619.l00ec9",
"ref": "P393619.24.2",
"inst": "ana[to]PRP",
"sig": "@saao/saa19%akk-x-neoass:a-na=ana[to//to]PRP'PRP$ana",
"f": {"lang": "akk-x-neoass",
"form": "a-na",
"cf": "ana",
"gw": "to",
"sense": "to",
"norm": "ana",
"pos": "PRP",
"epos": "PRP"}
}
,
{
"node": "l",
"frag": "du-a-ki",
"id": "P393619.l00eca",
"ref": "P393619.24.3",
"inst": "duāki[killing]'N",
"sig": "@saao/saa19%akk-x-neoass:du-a-ki=dâku[kill//killing]V'N$duāki",
"f": {"lang": "akk-x-neoass",
"form": "du-a-ki",
"cf": "dâku",
"gw": "kill",
"sense": "killing",
"norm": "duāki",
"pos": "V",
"epos": "N"}
}
,
{
"node": "l",
"frag": "i-⸢du⸣-[ub-bu]",
"id": "P393619.l00ecb",
"ref": "P393619.24.4",
"inst": "+dabābu[speak//plot]V$iddubbu",
"sig": "@saao/saa19%akk-x-neoass:i-du-ub-bu=dabābu[speak//plot]V'V$iddubbu",
"f": {"lang": "akk-x-neoass",
"form": "i-du-ub-bu",
"cf": "dabābu",
"gw": "speak",
"sense": "plot",
"norm": "iddubbu",
"pos": "V",
"epos": "V"}
}
,
{
"node": "d",
"type": "line-start",
"ref": "P393619.25",
"n": "9",
"label": "r 9"}
,
{
"node": "l",
"frag": "a-na",
"id": "P393619.l00ecc",
"ref": "P393619.25.1",
"inst": "ana[to+=why?]PRP",
"sig": "@saao/saa19%akk-x-neoass:a-na=ana[to//to]PRP'PRP$ana",
"f": {"lang": "akk-x-neoass",
"form": "a-na",
"cf": "ana",
"gw": "to",
"sense": "to",
"norm": "ana",
"pos": "PRP",
"epos": "PRP"}
}
,
{
"node": "l",
"frag": "mi-ni",
"id": "P393619.l00ecd",
"ref": "P393619.25.2",
"inst": "mīni[what?]QP",
"sig": "@saao/saa19%akk-x-neoass:mi-ni=mīnu[what?//what?]QP'QP$mīni",
"f": {"lang": "akk-x-neoass",
"form": "mi-ni",
"cf": "mīnu",
"gw": "what?",
"sense": "what?",
"norm": "mīni",
"pos": "QP",
"epos": "QP"}
}
,
{
"node": "l",
"frag": "{lu₂v}ERIM-⸢MEŠ⸣",
"id": "P393619.l00ece",
"ref": "P393619.25.3",
"inst": "ṣābāni[troops]N",
"sig": "@saao/saa19%akk-x-neoass:{LU₂}ERIM-MEŠ=ṣābu[people//troops]N'N$ṣābāni",
"f": {"lang": "akk-x-neoass",
"form": "{LU₂}ERIM-MEŠ",
"cf": "ṣābu",
"gw": "people",
"sense": "troops",
"norm": "ṣābāni",
"pos": "N",
"epos": "N"}
}
,
{
"node": "l",
"frag": "[x",
"id": "P393619.l00ecf",
"ref": "P393619.25.4",
"inst": "u",
"f": {"lang": "akk-x-neoass",
"form": "x",
"pos": "u"}
}
,
{
"node": "l",
"frag": "x]",
"id": "P393619.l00ed0",
"ref": "P393619.25.5",
"inst": "u",
"f": {"lang": "akk-x-neoass",
"form": "x",
"pos": "u"}
}
,
{
"node": "d",
"type": "line-start",
"ref": "P393619.26",
"n": "10",
"label": "r 10"}
,
{
"node": "l",
"frag": "⸢x⸣+[x",
"id": "P393619.l00ed1",
"ref": "P393619.26.1",
"inst": "u",
"f": {"lang": "akk-x-neoass",
"form": "x+x",
"pos": "u"}
}
,
{
"node": "l",
"frag": "x",
"id": "P393619.l00ed2",
"ref": "P393619.26.2",
"inst": "u",
"f": {"lang": "akk-x-neoass",
"form": "x",
"pos": "u"}
}
,
{
"node": "l",
"frag": "x]",
"id": "P393619.l00ed3",
"ref": "P393619.26.3",
"inst": "u",
"f": {"lang": "akk-x-neoass",
"form": "x",
"pos": "u"}
}
,
{
"node": "l",
"frag": "⸢x-šu₂⸣-nu",
"id": "P393619.l00ed4",
"ref": "P393619.26.4",
"inst": "u",
"f": {"lang": "akk-x-neoass",
"form": "x-šu₂-nu",
"pos": "u"}
}
,
{
"node": "l",
"frag": "⸢x⸣",
"id": "P393619.l00ed5",
"ref": "P393619.26.5",
"inst": "u",
"f": {"lang": "akk-x-neoass",
"form": "x",
"pos": "u"}
}
,
{
"node": "l",
"frag": "[x",
"id": "P393619.l00ed6",
"ref": "P393619.26.6",
"inst": "u",
"f": {"lang": "akk-x-neoass",
"form": "x",
"pos": "u"}
}
,
{
"node": "l",
"frag": "x",
"id": "P393619.l00ed7",
"ref": "P393619.26.7",
"inst": "u",
"f": {"lang": "akk-x-neoass",
"form": "x",
"pos": "u"}
}
,
{
"node": "l",
"frag": "x]",
"id": "P393619.l00ed8",
"ref": "P393619.26.8",
"inst": "u",
"f": {"lang": "akk-x-neoass",
"form": "x",
"pos": "u"}
}
,
{
"node": "d",
"type": "nonx",
"ref": "P393619.27",
"strict": "0",
"extent": "rest",
"state": "missing"}
]}
]}
]}
,
{
"linkbase": [{
"type": "linkset",
"xlink_title": "rab līm[commander-of-thousand//commander-of-thousand]N'N",
"id": "P393619.ls00000",
"xlink_type": "extended",
"xlink_role": "psu",
"sig": "{{LU₂}GAL-01-lim = rabû[big one]N līm[thousand]NU += rab līm[commander-of-thousand//commander-of-thousand]N'N}::@saao/saa19%akk-x-neoass:{LU₂}GAL-01-lim=rabû[big one//big one]N'N$rab++@saao/saa19%akk-x-neoass:{LU₂}GAL-01-lim=līm[thousand//thousand]NU'NU$līmi",
"links": [
{
"type": "link",
"xlink_title": "rabû",
"xlink_type": "locator",
"xlink_href": "#P393619.l00e9f",
"xlink_role": "elt"}
,
{
"type": "link",
"xlink_title": "līm",
"xlink_type": "locator",
"xlink_href": "#P393619.l00ea0",
"xlink_role": "elt"}
]}
]}
]}
