{
"type": "cdl",
  "source": "http://oracc.org/saao/saa19",
  "license": "This data is released under the CC0 license",
  "license-url": "https://creativecommons.org/publicdomain/zero/1.0/",
  "more-info": "http://oracc.org/doc/opendata/",
  "UTC-timestamp": "2017-05-19T12:04:03",
"project": "saao/saa19",
"textid": "P393668",
"cdl": [
{
"node": "c",
"type": "text",
"id": "P393668.U0",
"cdl": [
{
"node": "d",
"type": "object",
"ref": ""}
,
{
"node": "d",
"subtype": "obverse",
"type": "surface",
"ref": "P393668.o.1",
"type": "obverse",
"label": "o"}
,
{
"node": "c",
"type": "discourse",
"subtype": "body",
"id": "P393668.U1",
"cdl": [
{
"node": "c",
"type": "sentence",
"id": "P393668.U2",
"label": "o 1 - r.e. 11",
"cdl": [
{
"node": "d",
"type": "line-start",
"ref": "P393668.2",
"n": "1",
"label": "o 1"}
,
{
"node": "l",
"frag": "a-na",
"id": "P393668.l04e66",
"ref": "P393668.2.1",
"inst": "ana[to]PRP",
"sig": "@saao/saa19%akk-x-neoass:a-na=ana[to//to]PRP'PRP$ana",
"f": {"lang": "akk-x-neoass",
"form": "a-na",
"cf": "ana",
"gw": "to",
"sense": "to",
"norm": "ana",
"pos": "PRP",
"epos": "PRP"}
}
,
{
"node": "l",
"frag": "LUGAL",
"id": "P393668.l04e67",
"ref": "P393668.2.2",
"inst": "šarri[king]N",
"sig": "@saao/saa19%akk-x-neoass:LUGAL=šarru[king//king]N'N$šarri",
"f": {"lang": "akk-x-neoass",
"form": "LUGAL",
"cf": "šarru",
"gw": "king",
"sense": "king",
"norm": "šarri",
"pos": "N",
"epos": "N"}
}
,
{
"node": "l",
"frag": "EN-ia",
"id": "P393668.l04e68",
"ref": "P393668.2.3",
"inst": "bēlīya[lord]N",
"sig": "@saao/saa19%akk-x-neoass:EN-ia=bēlu[lord//lord]N'N$bēlīya",
"f": {"lang": "akk-x-neoass",
"form": "EN-ia",
"cf": "bēlu",
"gw": "lord",
"sense": "lord",
"norm": "bēlīya",
"pos": "N",
"epos": "N"}
}
,
{
"node": "d",
"type": "line-start",
"ref": "P393668.3",
"n": "2",
"label": "o 2"}
,
{
"node": "l",
"frag": "ARAD-ka",
"id": "P393668.l04e69",
"ref": "P393668.3.1",
"inst": "urdaka[servant]N",
"sig": "@saao/saa19%akk-x-neoass:ARAD-ka=ardu[slave//servant]N'N$urdaka",
"f": {"lang": "akk-x-neoass",
"form": "ARAD-ka",
"cf": "ardu",
"gw": "slave",
"sense": "servant",
"norm": "urdaka",
"pos": "N",
"epos": "N"}
}
,
{
"node": "l",
"frag": "{1}{d}PA-iš-ma-ni",
"id": "P393668.l04e6a",
"ref": "P393668.3.2",
"inst": "+Nabu-išmanni[1]PN$",
"sig": "@saao/saa19%akk-x-neoass:{1}{d}PA-iš-ma-ni=Nabu-išmanni[1//1]PN'PN$Nabu-išmanni",
"f": {"lang": "akk-x-neoass",
"form": "{1}{d}PA-iš-ma-ni",
"cf": "Nabu-išmanni",
"gw": "1",
"sense": "1",
"norm": "Nabu-išmanni",
"pos": "PN",
"epos": "PN"}
}
,
{
"node": "d",
"type": "line-start",
"ref": "P393668.4",
"n": "3",
"label": "o 3"}
,
{
"node": "l",
"frag": "lu-u",
"id": "P393668.l04e6b",
"ref": "P393668.4.1",
"inst": "lū[may]MOD",
"sig": "@saao/saa19%akk-x-neoass:lu-u=lū[may//may]MOD'MOD$lū",
"f": {"lang": "akk-x-neoass",
"form": "lu-u",
"cf": "lū",
"gw": "may",
"sense": "may",
"norm": "lū",
"pos": "MOD",
"epos": "MOD"}
}
,
{
"node": "l",
"frag": "DI-mu",
"id": "P393668.l04e6c",
"ref": "P393668.4.2",
"inst": "šulmu[health]N",
"sig": "@saao/saa19%akk-x-neoass:DI-mu=šulmu[completeness//health]N'N$šulmu",
"f": {"lang": "akk-x-neoass",
"form": "DI-mu",
"cf": "šulmu",
"gw": "completeness",
"sense": "health",
"norm": "šulmu",
"pos": "N",
"epos": "N"}
}
,
{
"node": "d",
"type": "line-start",
"ref": "P393668.5",
"n": "4",
"label": "o 4"}
,
{
"node": "l",
"frag": "a-na",
"id": "P393668.l04e6d",
"ref": "P393668.5.1",
"inst": "ana[to]PRP",
"sig": "@saao/saa19%akk-x-neoass:a-na=ana[to//to]PRP'PRP$ana",
"f": {"lang": "akk-x-neoass",
"form": "a-na",
"cf": "ana",
"gw": "to",
"sense": "to",
"norm": "ana",
"pos": "PRP",
"epos": "PRP"}
}
,
{
"node": "l",
"frag": "LUGAL",
"id": "P393668.l04e6e",
"ref": "P393668.5.2",
"inst": "šarri[king]N",
"sig": "@saao/saa19%akk-x-neoass:LUGAL=šarru[king//king]N'N$šarri",
"f": {"lang": "akk-x-neoass",
"form": "LUGAL",
"cf": "šarru",
"gw": "king",
"sense": "king",
"norm": "šarri",
"pos": "N",
"epos": "N"}
}
,
{
"node": "l",
"frag": "EN-li-ia-⸢ma⸣",
"id": "P393668.l04e6f",
"ref": "P393668.5.3",
"inst": "+bēlu[lord]N$bēlīyāma",
"sig": "@saao/saa19%akk-x-neoass:EN-li-ia-ma=bēlu[lord//lord]N'N$bēlīyāma",
"f": {"lang": "akk-x-neoass",
"form": "EN-li-ia-ma",
"cf": "bēlu",
"gw": "lord",
"sense": "lord",
"norm": "bēlīyāma",
"pos": "N",
"epos": "N"}
}
,
{
"node": "d",
"type": "line-start",
"ref": "P393668.6",
"n": "5",
"label": "o 5"}
,
{
"node": "l",
"frag": "ina",
"id": "P393668.l04e70",
"ref": "P393668.6.1",
"inst": "ina[in+=concerning]PRP",
"sig": "@saao/saa19%akk-x-neoass:ina=ina[in//in]PRP'PRP$ina",
"f": {"lang": "akk-x-neoass",
"form": "ina",
"cf": "ina",
"gw": "in",
"sense": "in",
"norm": "ina",
"pos": "PRP",
"epos": "PRP"}
}
,
{
"node": "l",
"frag": "UGU",
"id": "P393668.l04e71",
"ref": "P393668.6.2",
"inst": "muhhi[skull]N",
"sig": "@saao/saa19%akk-x-neoass:UGU=muhhu[skull//skull]N'N$muhhi",
"f": {"lang": "akk-x-neoass",
"form": "UGU",
"cf": "muhhu",
"gw": "skull",
"sense": "skull",
"norm": "muhhi",
"pos": "N",
"epos": "N"}
}
,
{
"node": "l",
"frag": "a-ṣa-pi",
"id": "P393668.l04e72",
"ref": "P393668.6.3",
"inst": "+aṣappu[pack animal]N$aṣappi",
"sig": "@saao/saa19%akk-x-neoass:a-ṣa-pi=aṣappu[pack animal//pack animal]N'N$aṣappi",
"f": {"lang": "akk-x-neoass",
"form": "a-ṣa-pi",
"cf": "aṣappu",
"gw": "pack animal",
"sense": "pack animal",
"norm": "aṣappi",
"pos": "N",
"epos": "N"}
}
,
{
"node": "d",
"type": "line-start",
"ref": "P393668.7",
"n": "6",
"label": "o 6"}
,
{
"node": "l",
"frag": "ša",
"id": "P393668.l04e73",
"ref": "P393668.7.1",
"inst": "ša[of]DET",
"sig": "@saao/saa19%akk-x-neoass:ša=ša[of//of]DET'DET$ša",
"f": {"lang": "akk-x-neoass",
"form": "ša",
"cf": "ša",
"gw": "of",
"sense": "of",
"norm": "ša",
"pos": "DET",
"epos": "DET"}
}
,
{
"node": "l",
"frag": "{kur}su-ha-a.a",
"id": "P393668.l04e74",
"ref": "P393668.7.2",
"inst": "Suhaya[from Suhu]EN",
"sig": "@saao/saa19%akk-x-neoass:{KUR}su-ha-a.a=Suhaya[from Suhu//from Suhu]EN'EN$Suhaya",
"f": {"lang": "akk-x-neoass",
"form": "{KUR}su-ha-a.a",
"cf": "Suhaya",
"gw": "from Suhu",
"sense": "from Suhu",
"norm": "Suhaya",
"pos": "EN",
"epos": "EN"}
}
,
{
"node": "d",
"type": "line-start",
"ref": "P393668.8",
"n": "7",
"label": "o 7"}
,
{
"node": "l",
"frag": "ša",
"id": "P393668.l04e75",
"ref": "P393668.8.1",
"inst": "ša[which]REL",
"sig": "@saao/saa19%akk-x-neoass:ša=ša[that//which]REL'REL$ša",
"f": {"lang": "akk-x-neoass",
"form": "ša",
"cf": "ša",
"gw": "that",
"sense": "which",
"norm": "ša",
"pos": "REL",
"epos": "REL"}
}
,
{
"node": "l",
"frag": "LUGAL",
"id": "P393668.l04e76",
"ref": "P393668.8.2",
"inst": "šarru[king]N",
"sig": "@saao/saa19%akk-x-neoass:LUGAL=šarru[king//king]N'N$šarri",
"f": {"lang": "akk-x-neoass",
"form": "LUGAL",
"cf": "šarru",
"gw": "king",
"sense": "king",
"norm": "šarri",
"pos": "N",
"epos": "N"}
}
,
{
"node": "l",
"frag": "be-li",
"id": "P393668.l04e77",
"ref": "P393668.8.3",
"inst": "bēlī[lord]N",
"sig": "@saao/saa19%akk-x-neoass:be-li=bēlu[lord//lord]N'N$bēlī",
"f": {"lang": "akk-x-neoass",
"form": "be-li",
"cf": "bēlu",
"gw": "lord",
"sense": "lord",
"norm": "bēlī",
"pos": "N",
"epos": "N"}
}
,
{
"node": "d",
"type": "line-start",
"ref": "P393668.9",
"n": "8",
"label": "o 8"}
,
{
"node": "l",
"frag": "iš-pur-a-ni",
"id": "P393668.l04e78",
"ref": "P393668.9.1",
"inst": "išpuranni[write]V",
"sig": "@saao/saa19%akk-x-neoass:iš-pur-a-ni=šapāru[send//write]V'V$išpuranni",
"f": {"lang": "akk-x-neoass",
"form": "iš-pur-a-ni",
"cf": "šapāru",
"gw": "send",
"sense": "write",
"norm": "išpuranni",
"pos": "V",
"epos": "V"}
}
,
{
"node": "d",
"type": "line-start",
"ref": "P393668.10",
"n": "9",
"label": "o 9"}
,
{
"node": "l",
"frag": "a-ta-šar",
"id": "P393668.l04e79",
"ref": "P393668.10.1",
"inst": "ātašar[check]V",
"sig": "@saao/saa19%akk-x-neoass:a-ta-šar=ašāru[muster//check]V'V$ātašar",
"f": {"lang": "akk-x-neoass",
"form": "a-ta-šar",
"cf": "ašāru",
"gw": "muster",
"sense": "check",
"norm": "ātašar",
"pos": "V",
"epos": "V"}
}
,
{
"node": "d",
"type": "line-start",
"ref": "P393668.11",
"n": "10",
"label": "o 10"}
,
{
"node": "l",
"frag": "06",
"id": "P393668.l04e7a",
"ref": "P393668.11.1",
"inst": "n",
"f": {"lang": "akk-x-neoass",
"form": "06",
"pos": "n"}
}
,
{
"node": "l",
"frag": "{giš}GIGIR-⸢MEŠ⸣",
"id": "P393668.l04e7b",
"ref": "P393668.11.2",
"inst": "mugirrī[chariot]N",
"sig": "@saao/saa19%akk-x-neoass:{GIŠ}GIGIR-MEŠ=mugerru[chariot//chariot]N'N$mugirrī",
"f": {"lang": "akk-x-neoass",
"form": "{GIŠ}GIGIR-MEŠ",
"cf": "mugerru",
"gw": "chariot",
"sense": "chariot",
"norm": "mugirrī",
"pos": "N",
"epos": "N"}
}
,
{
"node": "d",
"subtype": "bottom",
"type": "surface",
"ref": "P393668.b.e..12",
"type": "bottom",
"label": "b.e."}
,
{
"node": "d",
"type": "line-start",
"ref": "P393668.13",
"n": "11",
"label": "b.e. 11"}
,
{
"node": "l",
"frag": "01",
"id": "P393668.l04e7c",
"ref": "P393668.13.1",
"inst": "n",
"f": {"lang": "akk-x-neoass",
"form": "01",
"pos": "n"}
}
,
{
"node": "l",
"frag": "{giš}u₂-nu-tu₂",
"id": "P393668.l04e7d",
"ref": "P393668.13.2",
"inst": "+unūtu[tools//utensil]N$",
"sig": "@saao/saa19%akk-x-neoass:{GIŠ}u₂-nu-tu₂=unūtu[tools//utensil]N'N$unūtu",
"f": {"lang": "akk-x-neoass",
"form": "{GIŠ}u₂-nu-tu₂",
"cf": "unūtu",
"gw": "tools",
"sense": "utensil",
"norm": "unūtu",
"pos": "N",
"epos": "N"}
}
,
{
"node": "d",
"type": "line-start",
"ref": "P393668.14",
"n": "12",
"label": "b.e. 12"}
,
{
"node": "l",
"frag": "12",
"id": "P393668.l04e7e",
"ref": "P393668.14.1",
"inst": "n",
"f": {"lang": "akk-x-neoass",
"form": "12",
"pos": "n"}
}
,
{
"node": "l",
"frag": "u₂-rat",
"id": "P393668.l04e7f",
"ref": "P393668.14.2",
"inst": "urāt[team (of equids)]N",
"sig": "@saao/saa19%akk-x-neoass:u₂-rat=urû[team//team (of equids)]N'N$urāt",
"f": {"lang": "akk-x-neoass",
"form": "u₂-rat",
"cf": "urû",
"gw": "team",
"sense": "team (of equids)",
"norm": "urāt",
"pos": "N",
"epos": "N"}
}
,
{
"node": "d",
"subtype": "reverse",
"type": "surface",
"ref": "P393668.r.15",
"type": "reverse",
"label": "r"}
,
{
"node": "d",
"type": "line-start",
"ref": "P393668.16",
"n": "1",
"label": "r 1"}
,
{
"node": "l",
"frag": "ša",
"id": "P393668.l04e80",
"ref": "P393668.16.1",
"inst": "ša[of]DET",
"sig": "@saao/saa19%akk-x-neoass:ša=ša[of//of]DET'DET$ša",
"f": {"lang": "akk-x-neoass",
"form": "ša",
"cf": "ša",
"gw": "of",
"sense": "of",
"norm": "ša",
"pos": "DET",
"epos": "DET"}
}
,
{
"node": "l",
"frag": "{anše}KUR.RA-MEŠ",
"id": "P393668.l04e81",
"ref": "P393668.16.2",
"inst": "sissê[horse]N",
"sig": "@saao/saa19%akk-x-neoass:{ANŠE}KUR.RA-MEŠ=sisû[horse//horse]N'N$sissê",
"f": {"lang": "akk-x-neoass",
"form": "{ANŠE}KUR.RA-MEŠ",
"cf": "sisû",
"gw": "horse",
"sense": "horse",
"norm": "sissê",
"pos": "N",
"epos": "N"}
}
,
{
"node": "d",
"type": "line-start",
"ref": "P393668.17",
"n": "2",
"label": "r 2"}
,
{
"node": "l",
"frag": "03",
"id": "P393668.l04e82",
"ref": "P393668.17.1",
"inst": "n",
"f": {"lang": "akk-x-neoass",
"form": "03",
"pos": "n"}
}
,
{
"node": "l",
"frag": "u₂-rat",
"id": "P393668.l04e83",
"ref": "P393668.17.2",
"inst": "urāt[team (of equids)]N",
"sig": "@saao/saa19%akk-x-neoass:u₂-rat=urû[team//team (of equids)]N'N$urāt",
"f": {"lang": "akk-x-neoass",
"form": "u₂-rat",
"cf": "urû",
"gw": "team",
"sense": "team (of equids)",
"norm": "urāt",
"pos": "N",
"epos": "N"}
}
,
{
"node": "d",
"type": "line-start",
"ref": "P393668.18",
"n": "3",
"label": "r 3"}
,
{
"node": "l",
"frag": "ša",
"id": "P393668.l04e84",
"ref": "P393668.18.1",
"inst": "ša[of]DET",
"sig": "@saao/saa19%akk-x-neoass:ša=ša[of//of]DET'DET$ša",
"f": {"lang": "akk-x-neoass",
"form": "ša",
"cf": "ša",
"gw": "of",
"sense": "of",
"norm": "ša",
"pos": "DET",
"epos": "DET"}
}
,
{
"node": "l",
"frag": "ku-din",
"id": "P393668.l04e85",
"ref": "P393668.18.2",
"inst": "kūdin[mule]N",
"sig": "@saao/saa19%akk-x-neoass:ku-din=kūdanu[mule//mule]N'N$kūdin",
"f": {"lang": "akk-x-neoass",
"form": "ku-din",
"cf": "kūdanu",
"gw": "mule",
"sense": "mule",
"norm": "kūdin",
"pos": "N",
"epos": "N"}
}
,
{
"node": "d",
"type": "line-start",
"ref": "P393668.19",
"n": "4",
"label": "r 4"}
,
{
"node": "l",
"frag": "01",
"id": "P393668.l04e86",
"ref": "P393668.19.1",
"inst": "n",
"f": {"lang": "akk-x-neoass",
"form": "01",
"pos": "n"}
}
,
{
"node": "l",
"frag": "me",
"id": "P393668.l04e87",
"ref": "P393668.19.2",
"inst": "mē[hundred]NU",
"sig": "@saao/saa19%akk-x-neoass:me=meʾatu[(one) hundred//(one) hundred]NU'NU$mē",
"f": {"lang": "akk-x-neoass",
"form": "me",
"cf": "meʾatu",
"gw": "(one) hundred",
"sense": "(one) hundred",
"norm": "mē",
"pos": "NU",
"epos": "NU"}
}
,
{
"node": "l",
"frag": "20",
"id": "P393668.l04e88",
"ref": "P393668.19.3",
"inst": "n",
"f": {"lang": "akk-x-neoass",
"form": "20",
"pos": "n"}
}
,
{
"node": "l",
"frag": "ANŠE-MEŠ",
"id": "P393668.l04e89",
"ref": "P393668.19.4",
"inst": "imārī[donkey]N",
"sig": "@saao/saa19%akk-x-neoass:ANŠE-MEŠ=imēru[donkey//donkey]N'N$imārī",
"f": {"lang": "akk-x-neoass",
"form": "ANŠE-MEŠ",
"cf": "imēru",
"gw": "donkey",
"sense": "donkey",
"norm": "imārī",
"pos": "N",
"epos": "N"}
}
,
{
"node": "d",
"type": "line-start",
"ref": "P393668.20",
"n": "5",
"label": "r 5"}
,
{
"node": "l",
"frag": "60",
"id": "P393668.l04e8a",
"ref": "P393668.20.1",
"inst": "n",
"f": {"lang": "akk-x-neoass",
"form": "60",
"pos": "n"}
}
,
{
"node": "l",
"frag": "{anše}AB.BA-MEŠ",
"id": "P393668.l04e8b",
"ref": "P393668.20.2",
"inst": "+gammalu[camel]N$gammalī",
"sig": "@saao/saa19%akk-x-neoass:{ANŠE}AB.BA-MEŠ=gammalu[camel//camel]N'N$gammalī",
"f": {"lang": "akk-x-neoass",
"form": "{ANŠE}AB.BA-MEŠ",
"cf": "gammalu",
"gw": "camel",
"sense": "camel",
"norm": "gammalī",
"pos": "N",
"epos": "N"}
}
,
{
"node": "d",
"type": "line-start",
"ref": "P393668.21",
"n": "6",
"label": "r 6"}
,
{
"node": "l",
"frag": "{⸢lu₂v⸣}ERIM-MEŠ",
"id": "P393668.l04e8c",
"ref": "P393668.21.1",
"inst": "ṣābāni[troops]N",
"sig": "@saao/saa19%akk-x-neoass:{LU₂}ERIM-MEŠ=ṣābu[people//troops]N'N$ṣābāni",
"f": {"lang": "akk-x-neoass",
"form": "{LU₂}ERIM-MEŠ",
"cf": "ṣābu",
"gw": "people",
"sense": "troops",
"norm": "ṣābāni",
"pos": "N",
"epos": "N"}
}
,
{
"node": "l",
"frag": "la",
"id": "P393668.l04e8d",
"ref": "P393668.21.2",
"inst": "lā[not]MOD",
"sig": "@saao/saa19%akk-x-neoass:la=lā[not//not]MOD'MOD$lā",
"f": {"lang": "akk-x-neoass",
"form": "la",
"cf": "lā",
"gw": "not",
"sense": "not",
"norm": "lā",
"pos": "MOD",
"epos": "MOD"}
}
,
{
"node": "l",
"frag": "am-nu",
"id": "P393668.l04e8e",
"ref": "P393668.21.3",
"inst": "+manû[count]V$amnu",
"sig": "@saao/saa19%akk-x-neoass:am-nu=manû[count//count]V'V$amnu",
"f": {"lang": "akk-x-neoass",
"form": "am-nu",
"cf": "manû",
"gw": "count",
"sense": "deliver",
"norm": "amnu",
"pos": "V",
"epos": "V"}
}
,
{
"node": "d",
"type": "line-start",
"ref": "P393668.22",
"n": "7",
"label": "r 7"}
,
{
"node": "l",
"frag": "ina",
"id": "P393668.l04e8f",
"ref": "P393668.22.1",
"inst": "ina[in]PRP",
"sig": "@saao/saa19%akk-x-neoass:ina=ina[in//in]PRP'PRP$ina",
"f": {"lang": "akk-x-neoass",
"form": "ina",
"cf": "ina",
"gw": "in",
"sense": "in",
"norm": "ina",
"pos": "PRP",
"epos": "PRP"}
}
,
{
"node": "l",
"frag": "pu-tu-u-a",
"id": "P393668.l04e90",
"ref": "P393668.22.2",
"inst": "pūtūwa[opposite]'PRP",
"sig": "@saao/saa19%akk-x-neoass:pu-tu-u-a=pūtu[forehead//opposite]N'PRP$pūtūwa",
"f": {"lang": "akk-x-neoass",
"form": "pu-tu-u-a",
"cf": "pūtu",
"gw": "forehead",
"sense": "opposite",
"norm": "pūtūwa",
"pos": "N",
"epos": "PRP"}
}
,
{
"node": "d",
"type": "line-start",
"ref": "P393668.23",
"n": "8",
"label": "r 8"}
,
{
"node": "l",
"frag": "{lu₂v}ERIM-MEŠ",
"id": "P393668.l04e91",
"ref": "P393668.23.1",
"inst": "ṣābāni[troops]N",
"sig": "@saao/saa19%akk-x-neoass:{LU₂}ERIM-MEŠ=ṣābu[people//troops]N'N$ṣābāni",
"f": {"lang": "akk-x-neoass",
"form": "{LU₂}ERIM-MEŠ",
"cf": "ṣābu",
"gw": "people",
"sense": "troops",
"norm": "ṣābāni",
"pos": "N",
"epos": "N"}
}
,
{
"node": "d",
"type": "line-start",
"ref": "P393668.24",
"n": "9",
"label": "r 9"}
,
{
"node": "l",
"frag": "04",
"id": "P393668.l04e92",
"ref": "P393668.24.1",
"inst": "n",
"f": {"lang": "akk-x-neoass",
"form": "04",
"pos": "n"}
}
,
{
"node": "l",
"frag": "me",
"id": "P393668.l04e93",
"ref": "P393668.24.2",
"inst": "mē[hundred]NU",
"sig": "@saao/saa19%akk-x-neoass:me=meʾatu[(one) hundred//(one) hundred]NU'NU$mē",
"f": {"lang": "akk-x-neoass",
"form": "me",
"cf": "meʾatu",
"gw": "(one) hundred",
"sense": "(one) hundred",
"norm": "mē",
"pos": "NU",
"epos": "NU"}
}
,
{
"node": "l",
"frag": "i-ba-ši",
"id": "P393668.l04e94",
"ref": "P393668.24.3",
"inst": "ibašši[exist]V",
"sig": "@saao/saa19%akk-x-neoass:i-ba-ši=bašû[exist//exist]V'V$ibašši",
"f": {"lang": "akk-x-neoass",
"form": "i-ba-ši",
"cf": "bašû",
"gw": "exist",
"sense": "exist",
"norm": "ibašši",
"pos": "V",
"epos": "V"}
}
,
{
"node": "d",
"type": "line-start",
"ref": "P393668.25",
"n": "10",
"label": "r 10"}
,
{
"node": "l",
"frag": "⸢e⸣-te-bir",
"id": "P393668.l04e95",
"ref": "P393668.25.1",
"inst": "ētebir[cross over]V",
"sig": "@saao/saa19%akk-x-neoass:e-te-bir=ebēru[cross over//cross over]V'V$ētebir",
"f": {"lang": "akk-x-neoass",
"form": "e-te-bir",
"cf": "ebēru",
"gw": "cross over",
"sense": "cross over",
"norm": "ētebir",
"pos": "V",
"epos": "V"}
}
,
{
"node": "d",
"subtype": "right",
"type": "surface",
"ref": "P393668.r.e..26",
"type": "right",
"label": "r.e."}
,
{
"node": "d",
"type": "line-start",
"ref": "P393668.27",
"n": "11",
"label": "r.e. 11"}
,
{
"node": "l",
"frag": "ug-da-ta-mir",
"id": "P393668.l04e96",
"ref": "P393668.27.1",
"inst": "+gamāru[complete//finish]V$ugdatammir",
"sig": "@saao/saa19%akk-x-neoass:ug-da-ta-mir=gamāru[complete//finish]V'V$ugdatammir",
"f": {"lang": "akk-x-neoass",
"form": "ug-da-ta-mir",
"cf": "gamāru",
"gw": "complete",
"sense": "finish",
"norm": "ugdatammir",
"pos": "V",
"epos": "V"}
}
]}
]}
]}
]}
