{
"type": "cdl",
  "source": "http://oracc.org/saao/saa19",
  "license": "This data is released under the CC0 license",
  "license-url": "https://creativecommons.org/publicdomain/zero/1.0/",
  "more-info": "http://oracc.org/doc/opendata/",
  "UTC-timestamp": "2017-05-19T12:04:05",
"project": "saao/saa19",
"textid": "P393683",
"cdl": [
{
"node": "c",
"type": "text",
"id": "P393683.U0",
"cdl": [
{
"node": "d",
"type": "object",
"ref": ""}
,
{
"node": "d",
"subtype": "obverse",
"type": "surface",
"ref": "P393683.o.1",
"type": "obverse",
"label": "o"}
,
{
"node": "c",
"type": "discourse",
"subtype": "body",
"id": "P393683.U1",
"cdl": [
{
"node": "c",
"type": "sentence",
"id": "P393683.U2",
"label": "o 1 - r 2'",
"cdl": [
{
"node": "d",
"type": "line-start",
"ref": "P393683.2",
"n": "1",
"label": "o 1"}
,
{
"node": "l",
"frag": "a-na\\y",
"id": "P393683.l05cea",
"ref": "P393683.2.1",
"inst": "ana[to]PRP",
"sig": "@saao/saa19%akk-x-neoass:a-na=ana[to//to]PRP'PRP$ana",
"f": {"lang": "akk-x-neoass",
"form": "a-na",
"cf": "ana",
"gw": "to",
"sense": "to",
"norm": "ana",
"pos": "PRP",
"epos": "PRP"}
}
,
{
"node": "l",
"frag": "LUGAL",
"id": "P393683.l05ceb",
"ref": "P393683.2.2",
"inst": "šarri[king]N",
"sig": "@saao/saa19%akk-x-neoass:LUGAL=šarru[king//king]N'N$šarri",
"f": {"lang": "akk-x-neoass",
"form": "LUGAL",
"cf": "šarru",
"gw": "king",
"sense": "king",
"norm": "šarri",
"pos": "N",
"epos": "N"}
}
,
{
"node": "l",
"frag": "EN-ia",
"id": "P393683.l05cec",
"ref": "P393683.2.3",
"inst": "bēlīya[lord]N",
"sig": "@saao/saa19%akk-x-neoass:EN-ia=bēlu[lord//lord]N'N$bēlīya",
"f": {"lang": "akk-x-neoass",
"form": "EN-ia",
"cf": "bēlu",
"gw": "lord",
"sense": "lord",
"norm": "bēlīya",
"pos": "N",
"epos": "N"}
}
,
{
"node": "l",
"frag": "ARAD-ka",
"id": "P393683.l05ced",
"ref": "P393683.2.4",
"inst": "urdaka[servant]N",
"sig": "@saao/saa19%akk-x-neoass:ARAD-ka=ardu[slave//servant]N'N$urdaka",
"f": {"lang": "akk-x-neoass",
"form": "ARAD-ka",
"cf": "ardu",
"gw": "slave",
"sense": "servant",
"norm": "urdaka",
"pos": "N",
"epos": "N"}
}
,
{
"node": "d",
"type": "line-start",
"ref": "P393683.3",
"n": "2",
"label": "o 2"}
,
{
"node": "l",
"frag": "{1}[x",
"id": "P393683.l05cee",
"ref": "P393683.3.1",
"inst": "u",
"f": {"lang": "akk-x-neoass",
"form": "{1}x",
"pos": "u"}
}
,
{
"node": "l",
"frag": "x]+⸢x⸣-MAN-PAB\\d",
"id": "P393683.l05cef",
"ref": "P393683.3.2",
"inst": "u",
"f": {"lang": "akk-x-neoass",
"form": "x+x-MAN-PAB",
"pos": "u"}
}
,
{
"node": "l",
"frag": "lu-u",
"id": "P393683.l05cf0",
"ref": "P393683.3.3",
"inst": "lū[may]MOD",
"sig": "@saao/saa19%akk-x-neoass:lu-u=lū[may//may]MOD'MOD$lū",
"f": {"lang": "akk-x-neoass",
"form": "lu-u",
"cf": "lū",
"gw": "may",
"sense": "may",
"norm": "lū",
"pos": "MOD",
"epos": "MOD"}
}
,
{
"node": "l",
"frag": "DI-mu",
"id": "P393683.l05cf1",
"ref": "P393683.3.4",
"inst": "šulmu[health]N",
"sig": "@saao/saa19%akk-x-neoass:DI-mu=šulmu[completeness//health]N'N$šulmu",
"f": {"lang": "akk-x-neoass",
"form": "DI-mu",
"cf": "šulmu",
"gw": "completeness",
"sense": "health",
"norm": "šulmu",
"pos": "N",
"epos": "N"}
}
,
{
"node": "l",
"frag": "a-na\\y",
"id": "P393683.l05cf2",
"ref": "P393683.3.5",
"inst": "ana[to]PRP",
"sig": "@saao/saa19%akk-x-neoass:a-na=ana[to//to]PRP'PRP$ana",
"f": {"lang": "akk-x-neoass",
"form": "a-na",
"cf": "ana",
"gw": "to",
"sense": "to",
"norm": "ana",
"pos": "PRP",
"epos": "PRP"}
}
,
{
"node": "l",
"frag": "⸢LUGAL⸣",
"id": "P393683.l05cf3",
"ref": "P393683.3.6",
"inst": "šarri[king]N",
"sig": "@saao/saa19%akk-x-neoass:LUGAL=šarru[king//king]N'N$šarri",
"f": {"lang": "akk-x-neoass",
"form": "LUGAL",
"cf": "šarru",
"gw": "king",
"sense": "king",
"norm": "šarri",
"pos": "N",
"epos": "N"}
}
,
{
"node": "d",
"type": "line-start",
"ref": "P393683.4",
"n": "3",
"label": "o 3"}
,
{
"node": "l",
"frag": "[EN-ia]",
"id": "P393683.l05cf4",
"ref": "P393683.4.1",
"inst": "bēlīya[lord]N",
"sig": "@saao/saa19%akk-x-neoass:EN-ia=bēlu[lord//lord]N'N$bēlīya",
"f": {"lang": "akk-x-neoass",
"form": "EN-ia",
"cf": "bēlu",
"gw": "lord",
"sense": "lord",
"norm": "bēlīya",
"pos": "N",
"epos": "N"}
}
,
{
"node": "l",
"frag": "⸢a⸣-dan-niš",
"id": "P393683.l05cf5",
"ref": "P393683.4.2",
"inst": "adanniš[very much]AV",
"sig": "@saao/saa19%akk-x-neoass:a-dan-niš=adanniš[very much//very much]AV'AV$adanniš",
"f": {"lang": "akk-x-neoass",
"form": "a-dan-niš",
"cf": "adanniš",
"gw": "very much",
"sense": "very much",
"norm": "adanniš",
"pos": "AV",
"epos": "AV"}
}
,
{
"node": "l",
"frag": "lu-u",
"id": "P393683.l05cf6",
"ref": "P393683.4.3",
"inst": "lū[may]MOD",
"sig": "@saao/saa19%akk-x-neoass:lu-u=lū[may//may]MOD'MOD$lū",
"f": {"lang": "akk-x-neoass",
"form": "lu-u",
"cf": "lū",
"gw": "may",
"sense": "may",
"norm": "lū",
"pos": "MOD",
"epos": "MOD"}
}
,
{
"node": "l",
"frag": "⸢DI⸣-[mu]",
"id": "P393683.l05cf7",
"ref": "P393683.4.4",
"inst": "šulmu[health]N",
"sig": "@saao/saa19%akk-x-neoass:DI-mu=šulmu[completeness//health]N'N$šulmu",
"f": {"lang": "akk-x-neoass",
"form": "DI-mu",
"cf": "šulmu",
"gw": "completeness",
"sense": "health",
"norm": "šulmu",
"pos": "N",
"epos": "N"}
}
,
{
"node": "d",
"type": "nonx",
"ref": "P393683.5",
"strict": "0",
"extent": "rest",
"state": "missing"}
,
{
"node": "d",
"subtype": "reverse",
"type": "surface",
"ref": "P393683.r.6",
"type": "reverse",
"label": "r"}
,
{
"node": "d",
"type": "line-start",
"ref": "P393683.7",
"n": "1'",
"label": "r 1'"}
,
{
"node": "l",
"frag": "[x",
"id": "P393683.l05cf8",
"ref": "P393683.7.1",
"inst": "u",
"f": {"lang": "akk-x-neoass",
"form": "x",
"pos": "u"}
}
,
{
"node": "l",
"frag": "x",
"id": "P393683.l05cf9",
"ref": "P393683.7.2",
"inst": "u",
"f": {"lang": "akk-x-neoass",
"form": "x",
"pos": "u"}
}
,
{
"node": "l",
"frag": "x",
"id": "P393683.l05cfa",
"ref": "P393683.7.3",
"inst": "u",
"f": {"lang": "akk-x-neoass",
"form": "x",
"pos": "u"}
}
,
{
"node": "l",
"frag": "x",
"id": "P393683.l05cfb",
"ref": "P393683.7.4",
"inst": "u",
"f": {"lang": "akk-x-neoass",
"form": "x",
"pos": "u"}
}
,
{
"node": "l",
"frag": "LUGAL",
"id": "P393683.l05cfc",
"ref": "P393683.7.5",
"inst": "šarru[king]N",
"sig": "@saao/saa19%akk-x-neoass:LUGAL=šarru[king//king]N'N$šarri",
"f": {"lang": "akk-x-neoass",
"form": "LUGAL",
"cf": "šarru",
"gw": "king",
"sense": "king",
"norm": "šarri",
"pos": "N",
"epos": "N"}
}
,
{
"node": "l",
"frag": "be-li₂]",
"id": "P393683.l05cfd",
"ref": "P393683.7.6",
"inst": "bēlī[lord]N",
"sig": "@saao/saa19%akk-x-neoass:be-li₂=bēlu[lord//lord]N'N$bēlī",
"f": {"lang": "akk-x-neoass",
"form": "be-li₂",
"cf": "bēlu",
"gw": "lord",
"sense": "lord",
"norm": "bēlī",
"pos": "N",
"epos": "N"}
}
,
{
"node": "d",
"type": "line-start",
"ref": "P393683.8",
"n": "2'",
"label": "r 2'"}
,
{
"node": "l",
"frag": "[liš]-al-šu",
"id": "P393683.l05cfe",
"ref": "P393683.8.1",
"inst": "lišʾalšu[ask]V",
"sig": "@saao/saa19%akk-x-neoass:liš-al-šu=šâlu[ask//ask]V'V$lišʾalšu",
"f": {"lang": "akk-x-neoass",
"form": "liš-al-šu",
"cf": "šâlu",
"gw": "ask",
"sense": "ask",
"norm": "lišʾalšu",
"pos": "V",
"epos": "V"}
}
,
{
"node": "d",
"type": "nonx",
"ref": "P393683.9",
"strict": "0",
"extent": "rest",
"state": "other"}
]}
]}
]}
]}
