{
"type": "cdl",
  "source": "http://oracc.org/saao/saa19",
  "license": "This data is released under the CC0 license",
  "license-url": "https://creativecommons.org/publicdomain/zero/1.0/",
  "more-info": "http://oracc.org/doc/opendata/",
  "UTC-timestamp": "2017-05-19T12:04:01",
"project": "saao/saa19",
"textid": "P393657",
"cdl": [
{
"node": "c",
"type": "text",
"id": "P393657.U0",
"cdl": [
{
"node": "d",
"type": "object",
"ref": ""}
,
{
"node": "d",
"subtype": "obverse",
"type": "surface",
"ref": "P393657.o.1",
"type": "obverse",
"label": "o"}
,
{
"node": "c",
"type": "discourse",
"subtype": "body",
"id": "P393657.U1",
"cdl": [
{
"node": "c",
"type": "sentence",
"id": "P393657.U2",
"label": "o 1 - o 13",
"cdl": [
{
"node": "d",
"type": "line-start",
"ref": "P393657.2",
"n": "1",
"label": "o 1"}
,
{
"node": "l",
"frag": "ARAD-⸢ka⸣",
"id": "P393657.l03b46",
"ref": "P393657.2.1",
"inst": "+ardu[slave//servant]N$aradka",
"sig": "@saao/saa19%akk-x-neobab:ARAD-ka=ardu[slave//servant]N'N$aradka",
"f": {"lang": "akk-x-neobab",
"form": "ARAD-ka",
"cf": "ardu",
"gw": "slave",
"sense": "servant",
"norm": "aradka",
"pos": "N",
"epos": "N"}
}
,
{
"node": "l",
"frag": "i-⸢qi₂⸣-pi",
"id": "P393657.l03b47",
"ref": "P393657.2.2",
"inst": "+Iqipi[]PN$",
"sig": "@saao/saa19%akk-x-neobab:i-qi₂-pi=Iqipi[1//1]PN'PN$Iqipi",
"f": {"lang": "akk-x-neobab",
"form": "i-qi₂-pi",
"cf": "Iqipi",
"gw": "1",
"sense": "1",
"norm": "Iqipi",
"pos": "PN",
"epos": "PN"}
}
,
{
"node": "d",
"type": "line-start",
"ref": "P393657.3",
"n": "2",
"label": "o 2"}
,
{
"node": "l",
"frag": "a-⸢na",
"id": "P393657.l03b48",
"ref": "P393657.3.1",
"inst": "ana[to]PRP",
"sig": "@saao/saa19%akk-x-neobab:a-na=ana[to//to]PRP'PRP$ana",
"f": {"lang": "akk-x-neobab",
"form": "a-na",
"cf": "ana",
"gw": "to",
"sense": "to",
"norm": "ana",
"pos": "PRP",
"epos": "PRP"}
}
,
{
"node": "l",
"frag": "di⸣-na-an",
"id": "P393657.l03b49",
"ref": "P393657.3.2",
"inst": "dinān[substitute]N",
"sig": "@saao/saa19%akk-x-neobab:di-na-an=dinānu[substitution//substitute]N'N$dinān",
"f": {"lang": "akk-x-neobab",
"form": "di-na-an",
"cf": "dinānu",
"gw": "substitution",
"sense": "substitute",
"norm": "dinān",
"pos": "N",
"epos": "N"}
}
,
{
"node": "l",
"frag": "SUKKAL",
"id": "P393657.l03b4a",
"ref": "P393657.3.3",
"inst": "+šukkallu[(a court official)//vizier]N'N$sukkalli",
"sig": "@saao/saa19%akk-x-neobab:SUKKAL=šukkallu[(a court official)//vizier]N'N$sukkalli",
"f": {"lang": "akk-x-neobab",
"form": "SUKKAL",
"cf": "šukkallu",
"gw": "(a court official)",
"sense": "vizier",
"norm": "sukkalli",
"pos": "N",
"epos": "N"}
}
,
{
"node": "l",
"frag": "GAL",
"id": "P393657.l03b4b",
"ref": "P393657.3.4",
"inst": "+rabû[big//great]AJ'AJ$rabî",
"sig": "@saao/saa19%akk-x-neobab:GAL=rabû[big//great]AJ'AJ$rabî",
"f": {"lang": "akk-x-neobab",
"form": "GAL",
"cf": "rabû",
"gw": "big",
"sense": "great",
"norm": "rabî",
"pos": "AJ",
"epos": "AJ"}
}
,
{
"node": "d",
"type": "line-start",
"ref": "P393657.4",
"n": "3",
"label": "o 3"}
,
{
"node": "l",
"frag": "be-li₂-⸢ia⸣",
"id": "P393657.l03b4c",
"ref": "P393657.4.1",
"inst": "bēlīya[lord]N",
"sig": "@saao/saa19%akk-x-neobab:be-li₂-ia=bēlu[lord//lord]N'N$bēlīya",
"f": {"lang": "akk-x-neobab",
"form": "be-li₂-ia",
"cf": "bēlu",
"gw": "lord",
"sense": "lord",
"norm": "bēlīya",
"pos": "N",
"epos": "N"}
}
,
{
"node": "l",
"frag": "lul-lik",
"id": "P393657.l03b4d",
"ref": "P393657.4.2",
"inst": "lullik[go]V",
"sig": "@saao/saa19%akk-x-neobab:lul-lik=alāku[go//go]V'V$lullik",
"f": {"lang": "akk-x-neobab",
"form": "lul-lik",
"cf": "alāku",
"gw": "go",
"sense": "go",
"norm": "lullik",
"pos": "V",
"epos": "V"}
}
,
{
"node": "d",
"type": "line-start",
"ref": "P393657.5",
"n": "4",
"label": "o 4"}
,
{
"node": "l",
"frag": "um-ma",
"id": "P393657.l03b4e",
"ref": "P393657.5.1",
"inst": "umma[saying]PRP",
"sig": "@saao/saa19%akk-x-neobab:um-ma=umma[saying//saying]PRP'PRP$umma",
"f": {"lang": "akk-x-neobab",
"form": "um-ma",
"cf": "umma",
"gw": "saying",
"sense": "saying",
"norm": "umma",
"pos": "PRP",
"epos": "PRP"}
}
,
{
"node": "l",
"frag": "a-na",
"id": "P393657.l03b4f",
"ref": "P393657.5.2",
"inst": "ana[to]PRP",
"sig": "@saao/saa19%akk-x-neobab:a-na=ana[to//to]PRP'PRP$ana",
"f": {"lang": "akk-x-neobab",
"form": "a-na",
"cf": "ana",
"gw": "to",
"sense": "to",
"norm": "ana",
"pos": "PRP",
"epos": "PRP"}
}
,
{
"node": "l",
"frag": "⸢be-li₂-ia-a⸣-ma",
"id": "P393657.l03b50",
"ref": "P393657.5.3",
"inst": "bēlīyāma[lord]N",
"sig": "@saao/saa19%akk-x-neobab:be-li₂-ia-a-ma=bēlu[lord//lord]N'N$bēlīyāma",
"f": {"lang": "akk-x-neobab",
"form": "be-li₂-ia-a-ma",
"cf": "bēlu",
"gw": "lord",
"sense": "lord",
"norm": "bēlīyāma",
"pos": "N",
"epos": "N"}
}
,
{
"node": "d",
"type": "line-start",
"ref": "P393657.6",
"n": "5",
"label": "o 5"}
,
{
"node": "l",
"frag": "ar₂-ki",
"id": "P393657.l03b51",
"ref": "P393657.6.1",
"inst": "+arki[after//thereafter]PRP'AV$",
"sig": "@saao/saa19%akk-x-neobab:ar₂-ki=arki[after//thereafter]PRP'AV$arki",
"f": {"lang": "akk-x-neobab",
"form": "ar₂-ki",
"cf": "arki",
"gw": "after",
"sense": "thereafter",
"norm": "arki",
"pos": "PRP",
"epos": "AV"}
}
,
{
"node": "l",
"frag": "{lu₂}A-⸢KIN⸣",
"id": "P393657.l03b52",
"ref": "P393657.6.2",
"cof-tails": "P393657.l03b53",
"inst": "māru[son]N$mār&šipru[sending]N$šipri",
"sig": "@saao%akk-x-neobab:{LU₂}A-KIN=māru[son//son]N'N$mār&&@saao%akk-x-neobab:=šipru[sending//sending]N'N$šipri",
"f": {"lang": "akk-x-neobab",
"form": "{LU₂}A-KIN",
"cf": "māru",
"gw": "son",
"sense": "son",
"norm": "mār",
"pos": "N",
"epos": "N"}
}
,
{
"node": "l",
"frag": "{lu₂}A-⸢KIN⸣",
"id": "P393657.l03b53",
"ref": "P393657.6.2",
"cof-head": "P393657.l03b52",
"inst": "māru[son]N$mār&šipru[sending]N$šipri",
"f": {"lang": "akk-x-neobab",
"form": "{LU₂}A-KIN",
"cf": "šipru",
"gw": "sending",
"sense": "sending",
"norm": "šipri",
"pos": "N",
"epos": "N"}
}
,
{
"node": "l",
"frag": "ša₂",
"id": "P393657.l03b54",
"ref": "P393657.6.3",
"inst": "ša[of]DET",
"sig": "@saao/saa19%akk-x-neobab:ša₂=ša[of//of]DET'DET$ša",
"f": {"lang": "akk-x-neobab",
"form": "ša₂",
"cf": "ša",
"gw": "of",
"sense": "of",
"norm": "ša",
"pos": "DET",
"epos": "DET"}
}
,
{
"node": "l",
"frag": "LUGAL",
"id": "P393657.l03b55",
"ref": "P393657.6.4",
"inst": "šarri[king]N",
"sig": "@saao/saa19%akk-x-neobab:LUGAL=šarru[king//king]N'N$šarri",
"f": {"lang": "akk-x-neobab",
"form": "LUGAL",
"cf": "šarru",
"gw": "king",
"sense": "king",
"norm": "šarri",
"pos": "N",
"epos": "N"}
}
,
{
"node": "d",
"type": "line-start",
"ref": "P393657.7",
"n": "6",
"label": "o 6"}
,
{
"node": "l",
"frag": "mu-ša₂-qir",
"id": "P393657.l03b56",
"ref": "P393657.7.1",
"inst": "+mušēqiru[one who raises high]N$mušāqir",
"sig": "@saao/saa19%akk-x-neobab:mu-ša₂-qir=mušēqiru[one who raises high//one who raises high]N'N$mušāqir",
"f": {"lang": "akk-x-neobab",
"form": "mu-ša₂-qir",
"cf": "mušēqiru",
"gw": "one who raises high",
"sense": "one who raises high",
"norm": "mušāqir",
"pos": "N",
"epos": "N"}
}
,
{
"node": "l",
"frag": "⸢dul-lu⸣-ša₂",
"id": "P393657.l03b57",
"ref": "P393657.7.2",
"inst": "+dullu[trouble//ritual]N'N$dulluša",
"sig": "@saao/saa19%akk-x-neobab:dul-lu-ša₂=dullu[trouble//ritual]N'N$dulluša",
"f": {"lang": "akk-x-neobab",
"form": "dul-lu-ša₂",
"cf": "dullu",
"gw": "trouble",
"sense": "ritual",
"norm": "dulluša",
"pos": "N",
"epos": "N"}
}
,
{
"node": "l",
"frag": "KASKAL",
"id": "P393657.l03b58",
"ref": "P393657.7.3",
"inst": "+harrānu[way//road]N'N$",
"sig": "@saao/saa19%akk-x-neobab:KASKAL=harrānu[way//road]N'N$harrānu",
"f": {"lang": "akk-x-neobab",
"form": "KASKAL",
"cf": "harrānu",
"gw": "way",
"sense": "road",
"norm": "harrānu",
"pos": "N",
"epos": "N"}
}
,
{
"node": "d",
"type": "line-start",
"ref": "P393657.8",
"n": "7",
"label": "o 7"}
,
{
"node": "l",
"frag": "a-na",
"id": "P393657.l03b59",
"ref": "P393657.8.1",
"inst": "ana[to]PRP",
"sig": "@saao/saa19%akk-x-neobab:a-na=ana[to//to]PRP'PRP$ana",
"f": {"lang": "akk-x-neobab",
"form": "a-na",
"cf": "ana",
"gw": "to",
"sense": "to",
"norm": "ana",
"pos": "PRP",
"epos": "PRP"}
}
,
{
"node": "l",
"frag": "GIR₃.2-šu₂",
"id": "P393657.l03b5a",
"ref": "P393657.8.2",
"inst": "šēpēšu[foot]N",
"sig": "@saao/saa19%akk-x-neobab:GIR₃.2-šu₂=šēpu[foot//foot]N'N$šēpēšu",
"f": {"lang": "akk-x-neobab",
"form": "GIR₃.2-šu₂",
"cf": "šēpu",
"gw": "foot",
"sense": "foot",
"norm": "šēpēšu",
"pos": "N",
"epos": "N"}
}
,
{
"node": "l",
"frag": "aš₂-⸢ku-nam⸣-ma",
"id": "P393657.l03b5b",
"ref": "P393657.8.3",
"inst": "+šakānu[put//place]V'V$aškunamma",
"sig": "@saao/saa19%akk-x-neobab:aš₂-ku-nam-ma=šakānu[put//place]V'V$aškunamma",
"f": {"lang": "akk-x-neobab",
"form": "aš₂-ku-nam-ma",
"cf": "šakānu",
"gw": "put",
"sense": "place",
"norm": "aškunamma",
"pos": "V",
"epos": "V"}
}
,
{
"node": "d",
"type": "line-start",
"ref": "P393657.9",
"n": "8",
"label": "o 8"}
,
{
"node": "l",
"frag": "a-na",
"id": "P393657.l03b5c",
"ref": "P393657.9.1",
"inst": "ana[to+=to]PRP",
"sig": "@saao/saa19%akk-x-neobab:a-na=ana[to//to]PRP'PRP$ana",
"f": {"lang": "akk-x-neobab",
"form": "a-na",
"cf": "ana",
"gw": "to",
"sense": "to",
"norm": "ana",
"pos": "PRP",
"epos": "PRP"}
}
,
{
"node": "l",
"frag": "pa-an",
"id": "P393657.l03b5d",
"ref": "P393657.9.2",
"inst": "pān[front]N",
"sig": "@saao/saa19%akk-x-neobab:pa-an=pānu[front//front]N'N$pān",
"f": {"lang": "akk-x-neobab",
"form": "pa-an",
"cf": "pānu",
"gw": "front",
"sense": "front",
"norm": "pān",
"pos": "N",
"epos": "N"}
}
,
{
"node": "l",
"frag": "LUGAL",
"id": "P393657.l03b5e",
"ref": "P393657.9.3",
"inst": "šarri[king]N",
"sig": "@saao/saa19%akk-x-neobab:LUGAL=šarru[king//king]N'N$šarri",
"f": {"lang": "akk-x-neobab",
"form": "LUGAL",
"cf": "šarru",
"gw": "king",
"sense": "king",
"norm": "šarri",
"pos": "N",
"epos": "N"}
}
,
{
"node": "l",
"frag": "⸢il-li-ka⸣",
"id": "P393657.l03b5f",
"ref": "P393657.9.4",
"inst": "illika[come]V",
"sig": "@saao/saa19%akk-x-neobab:il-li-ka=alāku[go//come]V'V$illika",
"f": {"lang": "akk-x-neobab",
"form": "il-li-ka",
"cf": "alāku",
"gw": "go",
"sense": "come",
"norm": "illika",
"pos": "V",
"epos": "V"}
}
,
{
"node": "d",
"type": "line-start",
"ref": "P393657.10",
"n": "9",
"label": "o 9"}
,
{
"node": "l",
"frag": "{lu₂}šu-ur-ki",
"id": "P393657.l03b60",
"ref": "P393657.10.1",
"inst": "+šerku[temple oblate]N$šurkī",
"sig": "@saao/saa19%akk-x-neobab:{LU₂}šu-ur-ki=šerku[temple oblate//temple oblate]N'N$šurkī",
"f": {"lang": "akk-x-neobab",
"form": "{LU₂}šu-ur-ki",
"cf": "šerku",
"gw": "temple oblate",
"sense": "temple oblate",
"norm": "šurkī",
"pos": "N",
"epos": "N"}
}
,
{
"node": "l",
"frag": "ša₂",
"id": "P393657.l03b61",
"ref": "P393657.10.2",
"inst": "ša[of]DET",
"sig": "@saao/saa19%akk-x-neobab:ša₂=ša[of//of]DET'DET$ša",
"f": {"lang": "akk-x-neobab",
"form": "ša₂",
"cf": "ša",
"gw": "of",
"sense": "of",
"norm": "ša",
"pos": "DET",
"epos": "DET"}
}
,
{
"node": "l",
"frag": "{uru}ku-⸢te⸣-a",
"id": "P393657.l03b62",
"ref": "P393657.10.3",
"inst": "+Kute[Cutha]GN$Kutea",
"sig": "@saao/saa19%akk-x-neobab:{URU}ku-te-a=Kute[Cutha//Cutha]GN'GN$Kutea",
"f": {"lang": "akk-x-neobab",
"form": "{URU}ku-te-a",
"cf": "Kute",
"gw": "Cutha",
"sense": "Cutha",
"norm": "Kutea",
"pos": "GN",
"epos": "GN"}
}
,
{
"node": "d",
"type": "line-start",
"ref": "P393657.11",
"n": "10",
"label": "o 10"}
,
{
"node": "l",
"frag": "u",
"id": "P393657.l03b63",
"ref": "P393657.11.1",
"inst": "u[and]CNJ",
"sig": "@saao/saa19%akk-x-neobab:u=u[and//and]CNJ'CNJ$u",
"f": {"lang": "akk-x-neobab",
"form": "u",
"cf": "u",
"gw": "and",
"sense": "and",
"norm": "u",
"pos": "CNJ",
"epos": "CNJ"}
}
,
{
"node": "l",
"frag": "⸢KA₂⸣.[DINGIR].⸢RA{ki⸣}",
"id": "P393657.l03b64",
"ref": "P393657.11.2",
"inst": "Babili[Babylon]GN",
"sig": "@saao/saa19%akk-x-neobab:KA₂.DINGIR.RA{KI}=Babili[Babylon//Babylon]GN'GN$Babili",
"f": {"lang": "akk-x-neobab",
"form": "KA₂.DINGIR.RA{KI}",
"cf": "Babili",
"gw": "Babylon",
"sense": "Babylon",
"norm": "Babili",
"pos": "GN",
"epos": "GN"}
}
,
{
"node": "l",
"frag": "ERIM-⸢MEŠ⸣",
"id": "P393657.l03b65",
"ref": "P393657.11.3",
"inst": "ṣābāni[troops]N",
"sig": "@saao/saa19%akk-x-neobab:ERIM-MEŠ=ṣābu[people//troops]N'N$ṣābāni",
"f": {"lang": "akk-x-neobab",
"form": "ERIM-MEŠ",
"cf": "ṣābu",
"gw": "people",
"sense": "troops",
"norm": "ṣābāni",
"pos": "N",
"epos": "N"}
}
,
{
"node": "d",
"type": "line-start",
"ref": "P393657.12",
"n": "11",
"label": "o 11"}
,
{
"node": "l",
"frag": "ša₂",
"id": "P393657.l03b66",
"ref": "P393657.12.1",
"inst": "ša[of]DET",
"sig": "@saao/saa19%akk-x-neobab:ša₂=ša[of//of]DET'DET$ša",
"f": {"lang": "akk-x-neobab",
"form": "ša₂",
"cf": "ša",
"gw": "of",
"sense": "of",
"norm": "ša",
"pos": "DET",
"epos": "DET"}
}
,
{
"node": "l",
"frag": "⸢LUGAL⸣",
"id": "P393657.l03b67",
"ref": "P393657.12.2",
"inst": "šarri[king]N",
"sig": "@saao/saa19%akk-x-neobab:LUGAL=šarru[king//king]N'N$šarri",
"f": {"lang": "akk-x-neobab",
"form": "LUGAL",
"cf": "šarru",
"gw": "king",
"sense": "king",
"norm": "šarri",
"pos": "N",
"epos": "N"}
}
,
{
"node": "l",
"frag": "[ina]",
"id": "P393657.l03b68",
"ref": "P393657.12.3",
"inst": "ina[in]PRP",
"sig": "@saao/saa19%akk-x-neobab:ina=ina[in//in]PRP'PRP$ina",
"f": {"lang": "akk-x-neobab",
"form": "ina",
"cf": "ina",
"gw": "in",
"sense": "in",
"norm": "ina",
"pos": "PRP",
"epos": "PRP"}
}
,
{
"node": "l",
"frag": "GIŠ.MI-⸢i⸣-nu",
"id": "P393657.l03b69",
"ref": "P393657.12.4",
"inst": "+ṣillu[shade//protection]N'N$ṣillīnu",
"sig": "@saao/saa19%akk-x-neobab:GIŠ.MI-i-nu=ṣillu[shade//protection]N'N$ṣillīnu",
"f": {"lang": "akk-x-neobab",
"form": "GIŠ.MI-i-nu",
"cf": "ṣillu",
"gw": "shade",
"sense": "protection",
"norm": "ṣillīnu",
"pos": "N",
"epos": "N"}
}
,
{
"node": "d",
"type": "line-start",
"ref": "P393657.13",
"n": "12",
"label": "o 12"}
,
{
"node": "l",
"frag": "a-na",
"id": "P393657.l03b6a",
"ref": "P393657.13.1",
"inst": "ana[to]PRP",
"sig": "@saao/saa19%akk-x-neobab:a-na=ana[to//to]PRP'PRP$ana",
"f": {"lang": "akk-x-neobab",
"form": "a-na",
"cf": "ana",
"gw": "to",
"sense": "to",
"norm": "ana",
"pos": "PRP",
"epos": "PRP"}
}
,
{
"node": "l",
"frag": "{⸢uru}bir⸣-ti",
"id": "P393657.l03b6b",
"ref": "P393657.13.2",
"inst": "bīrti[fort]N",
"sig": "@saao/saa19%akk-x-neobab:{URU}bir-ti=birtu[fort//fort]N'N$bīrti",
"f": {"lang": "akk-x-neobab",
"form": "{URU}bir-ti",
"cf": "birtu",
"gw": "fort",
"sense": "fort",
"norm": "bīrti",
"pos": "N",
"epos": "N"}
}
,
{
"node": "d",
"type": "line-start",
"ref": "P393657.14",
"n": "13",
"label": "o 13"}
,
{
"node": "l",
"frag": "⸢iq⸣-tir-⸢bu-na⸣",
"id": "P393657.l03b6c",
"ref": "P393657.14.1",
"inst": "+qerēbu[approach//arrive]V$iqtirbūna",
"sig": "@saao/saa19%akk-x-neobab:iq-tir-bu-na=qerēbu[approach//arrive]V'V$iqtirbūna",
"f": {"lang": "akk-x-neobab",
"form": "iq-tir-bu-na",
"cf": "qerēbu",
"gw": "approach",
"sense": "arrive",
"norm": "iqtirbūna",
"pos": "V",
"epos": "V"}
}
,
{
"node": "d",
"subtype": "reverse",
"type": "surface",
"ref": "P393657.r.15",
"type": "reverse",
"label": "r"}
,
{
"node": "d",
"type": "nonx",
"ref": "P393657.16",
"strict": "0",
"state": "other"}
]}
]}
]}
]}
