{
"type": "cdl",
  "source": "http://oracc.org/saao/saa19",
  "license": "This data is released under the CC0 license",
  "license-url": "https://creativecommons.org/publicdomain/zero/1.0/",
  "more-info": "http://oracc.org/doc/opendata/",
  "UTC-timestamp": "2017-05-19T12:04:02",
"project": "saao/saa19",
"textid": "P393664",
"cdl": [
{
"node": "c",
"type": "text",
"id": "P393664.U0",
"cdl": [
{
"node": "d",
"type": "object",
"ref": ""}
,
{
"node": "d",
"subtype": "obverse",
"type": "surface",
"ref": "P393664.o.1",
"type": "obverse",
"label": "o"}
,
{
"node": "d",
"type": "nonx",
"ref": "P393664.2",
"strict": "0",
"extent": "beginning",
"state": "missing"}
,
{
"node": "c",
"type": "discourse",
"subtype": "body",
"id": "P393664.U1",
"cdl": [
{
"node": "c",
"type": "sentence",
"id": "P393664.U2",
"label": "o 1' - r 8",
"cdl": [
{
"node": "d",
"type": "line-start",
"ref": "P393664.3",
"n": "1'",
"label": "o 1'"}
,
{
"node": "l",
"frag": "[LUGAL",
"id": "P393664.l04ab3",
"ref": "P393664.3.1",
"inst": "šarri[king]N",
"sig": "@saao/saa19%akk-x-neoass:LUGAL=šarru[king//king]N'N$šarri",
"f": {"lang": "akk-x-neoass",
"form": "LUGAL",
"cf": "šarru",
"gw": "king",
"sense": "king",
"norm": "šarri",
"pos": "N",
"epos": "N"}
}
,
{
"node": "l",
"frag": "be-li]",
"id": "P393664.l04ab4",
"ref": "P393664.3.2",
"inst": "bēlī[lord]N",
"sig": "@saao/saa19%akk-x-neoass:be-li=bēlu[lord//lord]N'N$bēlī",
"f": {"lang": "akk-x-neoass",
"form": "be-li",
"cf": "bēlu",
"gw": "lord",
"sense": "lord",
"norm": "bēlī",
"pos": "N",
"epos": "N"}
}
,
{
"node": "l",
"frag": "{⸢anše}a-ṣap⸣-[pu]",
"id": "P393664.l04ab5",
"ref": "P393664.3.3",
"inst": "+aṣappu[pack animal]N$",
"sig": "@saao/saa19%akk-x-neoass:{ANŠE}a-ṣap-pu=aṣappu[pack animal//pack animal]N'N$aṣappu",
"f": {"lang": "akk-x-neoass",
"form": "{ANŠE}a-ṣap-pu",
"cf": "aṣappu",
"gw": "pack animal",
"sense": "pack animal",
"norm": "aṣappu",
"pos": "N",
"epos": "N"}
}
,
{
"node": "d",
"type": "line-start",
"ref": "P393664.4",
"n": "2'",
"label": "o 2'"}
,
{
"node": "l",
"frag": "ina",
"id": "P393664.l04ab6",
"ref": "P393664.4.1",
"inst": "ina[in]PRP",
"sig": "@saao/saa19%akk-x-neoass:ina=ina[in//in]PRP'PRP$ina",
"f": {"lang": "akk-x-neoass",
"form": "ina",
"cf": "ina",
"gw": "in",
"sense": "in",
"norm": "ina",
"pos": "PRP",
"epos": "PRP"}
}
,
{
"node": "l",
"frag": "ŠU\\d-a-⸢a⸣",
"id": "P393664.l04ab7",
"ref": "P393664.4.2",
"inst": "+qātu[hand]N$qātīya",
"sig": "@saao/saa19%akk-x-neoass:ŠU-a-a=qātu[hand//hand]N'N$qātīya",
"f": {"lang": "akk-x-neoass",
"form": "ŠU-a-a",
"cf": "qātu",
"gw": "hand",
"sense": "hand",
"norm": "qātīya",
"pos": "N",
"epos": "N"}
}
,
{
"node": "l",
"frag": "i-ta-na",
"id": "P393664.l04ab8",
"ref": "P393664.4.3",
"inst": "ittanna[give]V",
"sig": "@saao/saa19%akk-x-neoass:i-ta-na=tadānu[give//give]V'V$ittanna",
"f": {"lang": "akk-x-neoass",
"form": "i-ta-na",
"cf": "tadānu",
"gw": "give",
"sense": "give",
"norm": "ittanna",
"pos": "V",
"epos": "V"}
}
,
{
"node": "l",
"frag": "[o]",
"id": "P393664.l04ab9",
"ref": "P393664.4.4",
"inst": "u",
"f": {"lang": "akk-x-neoass",
"form": "o",
"pos": "u"}
}
,
{
"node": "d",
"type": "line-start",
"ref": "P393664.5",
"n": "3'",
"label": "o 3'"}
,
{
"node": "l",
"frag": "la",
"id": "P393664.l04aba",
"ref": "P393664.5.1",
"inst": "lā[not]MOD",
"sig": "@saao/saa19%akk-x-neoass:la=lā[not//not]MOD'MOD$lā",
"f": {"lang": "akk-x-neoass",
"form": "la",
"cf": "lā",
"gw": "not",
"sense": "not",
"norm": "lā",
"pos": "MOD",
"epos": "MOD"}
}
,
{
"node": "l",
"frag": "mu-⸢qa⸣-a.a",
"id": "P393664.l04abb",
"ref": "P393664.5.2",
"inst": "mūqāya[ability]N",
"sig": "@saao/saa19%akk-x-neoass:mu-qa-a.a=emūqu[strength//ability]N'N$mūqāya",
"f": {"lang": "akk-x-neoass",
"form": "mu-qa-a.a",
"cf": "emūqu",
"gw": "strength",
"sense": "ability",
"norm": "mūqāya",
"pos": "N",
"epos": "N"}
}
,
{
"node": "l",
"frag": "la",
"id": "P393664.l04abc",
"ref": "P393664.5.3",
"inst": "lā[not]MOD",
"sig": "@saao/saa19%akk-x-neoass:la=lā[not//not]MOD'MOD$lā",
"f": {"lang": "akk-x-neoass",
"form": "la",
"cf": "lā",
"gw": "not",
"sense": "not",
"norm": "lā",
"pos": "MOD",
"epos": "MOD"}
}
,
{
"node": "l",
"frag": "a-ha-ṣi-⸢in\\d⸣",
"id": "P393664.l04abd",
"ref": "P393664.5.4",
"inst": "+haṣānu[hug//take care of]V$ahaṣṣin",
"sig": "@saao/saa19%akk-x-neoass:a-ha-ṣi-in=haṣānu[hug//take care of]V'V$ahaṣṣin",
"f": {"lang": "akk-x-neoass",
"form": "a-ha-ṣi-in",
"cf": "haṣānu",
"gw": "hug",
"sense": "take care of",
"norm": "ahaṣṣin",
"pos": "V",
"epos": "V"}
}
,
{
"node": "d",
"type": "line-start",
"ref": "P393664.6",
"n": "4'",
"label": "o 4'"}
,
{
"node": "l",
"frag": "⸢ina",
"id": "P393664.l04abe",
"ref": "P393664.6.1",
"inst": "ina[in]PRP",
"sig": "@saao/saa19%akk-x-neoass:ina=ina[in//in]PRP'PRP$ina",
"f": {"lang": "akk-x-neoass",
"form": "ina",
"cf": "ina",
"gw": "in",
"sense": "in",
"norm": "ina",
"pos": "PRP",
"epos": "PRP"}
}
,
{
"node": "l",
"frag": "bu⸣-bu-te",
"id": "P393664.l04abf",
"ref": "P393664.6.2",
"inst": "bubūte[hunger]N",
"sig": "@saao/saa19%akk-x-neoass:bu-bu-te=bubūtu[hunger//hunger]N'N$bubūte",
"f": {"lang": "akk-x-neoass",
"form": "bu-bu-te",
"cf": "bubūtu",
"gw": "hunger",
"sense": "hunger",
"norm": "bubūte",
"pos": "N",
"epos": "N"}
}
,
{
"node": "l",
"frag": "i-mu-tu₂",
"id": "P393664.l04ac0",
"ref": "P393664.6.3",
"inst": "+mâtu[die]V$imuttu",
"sig": "@saao/saa19%akk-x-neoass:i-mu-tu₂=mâtu[die//die]V'V$imuttu",
"f": {"lang": "akk-x-neoass",
"form": "i-mu-tu₂",
"cf": "mâtu",
"gw": "die",
"sense": "die",
"norm": "imuttu",
"pos": "V",
"epos": "V"}
}
,
{
"node": "d",
"type": "line-start",
"ref": "P393664.7",
"n": "5'",
"label": "o 5'"}
,
{
"node": "l",
"frag": "{⸢še}PAD⸣-MEŠ",
"id": "P393664.l04ac1",
"ref": "P393664.7.1",
"inst": "kurummāti[barley (ration)]N",
"sig": "@saao/saa19%akk-x-neoass:{ŠE}PAD-MEŠ=kurummatu[ration//barley (ration)]N'N$kurummāti",
"f": {"lang": "akk-x-neoass",
"form": "{ŠE}PAD-MEŠ",
"cf": "kurummatu",
"gw": "ration",
"sense": "barley (ration)",
"norm": "kurummāti",
"pos": "N",
"epos": "N"}
}
,
{
"node": "l",
"frag": "ša\\dm",
"id": "P393664.l04ac2",
"ref": "P393664.7.2",
"inst": "ša[which]REL",
"sig": "@saao/saa19%akk-x-neoass:ša=ša[that//which]REL'REL$ša",
"f": {"lang": "akk-x-neoass",
"form": "ša",
"cf": "ša",
"gw": "that",
"sense": "which",
"norm": "ša",
"pos": "REL",
"epos": "REL"}
}
,
{
"node": "l",
"frag": "⸢LUGAL⸣",
"id": "P393664.l04ac3",
"ref": "P393664.7.3",
"inst": "šarru[king]N",
"sig": "@saao/saa19%akk-x-neoass:LUGAL=šarru[king//king]N'N$šarri",
"f": {"lang": "akk-x-neoass",
"form": "LUGAL",
"cf": "šarru",
"gw": "king",
"sense": "king",
"norm": "šarri",
"pos": "N",
"epos": "N"}
}
,
{
"node": "l",
"frag": "be-li\\d",
"id": "P393664.l04ac4",
"ref": "P393664.7.4",
"inst": "bēlī[lord]N",
"sig": "@saao/saa19%akk-x-neoass:be-li=bēlu[lord//lord]N'N$bēlī",
"f": {"lang": "akk-x-neoass",
"form": "be-li",
"cf": "bēlu",
"gw": "lord",
"sense": "lord",
"norm": "bēlī",
"pos": "N",
"epos": "N"}
}
,
{
"node": "d",
"type": "line-start",
"ref": "P393664.8",
"n": "6'",
"label": "o 6'"}
,
{
"node": "l",
"frag": "⸢i⸣-di-na-an-ni",
"id": "P393664.l04ac5",
"ref": "P393664.8.1",
"inst": "iddinanni[give]V",
"sig": "@saao/saa19%akk-x-neoass:i-di-na-an-ni=tadānu[give//give]V'V$iddinanni",
"f": {"lang": "akk-x-neoass",
"form": "i-di-na-an-ni",
"cf": "tadānu",
"gw": "give",
"sense": "give",
"norm": "iddinanni",
"pos": "V",
"epos": "V"}
}
,
{
"node": "d",
"type": "line-start",
"ref": "P393664.9",
"n": "7'",
"label": "o 7'"}
,
{
"node": "l",
"frag": "[a-na]",
"id": "P393664.l04ac6",
"ref": "P393664.9.1",
"inst": "ana[to]PRP",
"sig": "@saao/saa19%akk-x-neoass:a-na=ana[to//to]PRP'PRP$ana",
"f": {"lang": "akk-x-neoass",
"form": "a-na",
"cf": "ana",
"gw": "to",
"sense": "to",
"norm": "ana",
"pos": "PRP",
"epos": "PRP"}
}
,
{
"node": "l",
"frag": "UN-MEŠ",
"id": "P393664.l04ac7",
"ref": "P393664.9.2",
"inst": "nišē[people]N",
"sig": "@saao/saa19%akk-x-neoass:UN-MEŠ=nišu[people//people]N'N$nišē",
"f": {"lang": "akk-x-neoass",
"form": "UN-MEŠ",
"cf": "nišu",
"gw": "people",
"sense": "people",
"norm": "nišē",
"pos": "N",
"epos": "N"}
}
,
{
"node": "l",
"frag": "KUR",
"id": "P393664.l04ac8",
"ref": "P393664.9.3",
"inst": "māti[land]N",
"sig": "@saao/saa19%akk-x-neoass:KUR=mātu[land//land]N'N$māti",
"f": {"lang": "akk-x-neoass",
"form": "KUR",
"cf": "mātu",
"gw": "land",
"sense": "land",
"norm": "māti",
"pos": "N",
"epos": "N"}
}
,
{
"node": "d",
"type": "line-start",
"ref": "P393664.10",
"n": "8'",
"label": "o 8'"}
,
{
"node": "l",
"frag": "[a-na]",
"id": "P393664.l04ac9",
"ref": "P393664.10.1",
"inst": "ana[to]PRP",
"sig": "@saao/saa19%akk-x-neoass:a-na=ana[to//to]PRP'PRP$ana",
"f": {"lang": "akk-x-neoass",
"form": "a-na",
"cf": "ana",
"gw": "to",
"sense": "to",
"norm": "ana",
"pos": "PRP",
"epos": "PRP"}
}
,
{
"node": "l",
"frag": "{⸢lu₂vy⸣}um-⸢ma⸣-ni\\d",
"id": "P393664.l04aca",
"ref": "P393664.10.2",
"inst": "ummânī[scholar]N",
"sig": "@saao/saa19%akk-x-neoass:{LU₂}um-ma-ni=ummiānu[scholar//master craftsman]N'N$ummânī",
"f": {"lang": "akk-x-neoass",
"form": "{LU₂}um-ma-ni",
"cf": "ummiānu",
"gw": "scholar",
"sense": "master craftsman",
"norm": "ummânī",
"pos": "N",
"epos": "N"}
}
,
{
"node": "l",
"frag": "ša\\dm",
"id": "P393664.l04acb",
"ref": "P393664.10.3",
"inst": "ša[who]REL",
"sig": "@saao/saa19%akk-x-neoass:ša=ša[that//those who]REL'REL$ša",
"f": {"lang": "akk-x-neoass",
"form": "ša",
"cf": "ša",
"gw": "that",
"sense": "those who",
"norm": "ša",
"pos": "REL",
"epos": "REL"}
}
,
{
"node": "l",
"frag": "ŠU.2",
"id": "P393664.l04acc",
"ref": "P393664.10.4",
"inst": "qātē[hand]N",
"sig": "@saao/saa19%akk-x-neoass:ŠU.2=qātu[hand//hand]N'N$qātē",
"f": {"lang": "akk-x-neoass",
"form": "ŠU.2",
"cf": "qātu",
"gw": "hand",
"sense": "hand",
"norm": "qātē",
"pos": "N",
"epos": "N"}
}
,
{
"node": "l",
"frag": "{lu₂vy}IGI.UM",
"id": "P393664.l04acd",
"ref": "P393664.10.5",
"inst": "+mašennu[(an administrator)//treasurer]N'N$masenni",
"sig": "@saao/saa19%akk-x-neoass:{LU₂}IGI.UM=mašennu[(an administrator)//treasurer]N'N$masenni",
"f": {"lang": "akk-x-neoass",
"form": "{LU₂}IGI.UM",
"cf": "mašennu",
"gw": "(an administrator)",
"sense": "treasurer",
"norm": "masenni",
"pos": "N",
"epos": "N"}
}
,
{
"node": "d",
"subtype": "reverse",
"type": "surface",
"ref": "P393664.r.11",
"type": "reverse",
"label": "r"}
,
{
"node": "d",
"type": "line-start",
"ref": "P393664.12",
"n": "1",
"label": "r 1"}
,
{
"node": "l",
"frag": "⸢a-na\\t⸣",
"id": "P393664.l04ace",
"ref": "P393664.12.1",
"inst": "ana[to]PRP",
"sig": "@saao/saa19%akk-x-neoass:a-na=ana[to//to]PRP'PRP$ana",
"f": {"lang": "akk-x-neoass",
"form": "a-na",
"cf": "ana",
"gw": "to",
"sense": "to",
"norm": "ana",
"pos": "PRP",
"epos": "PRP"}
}
,
{
"node": "l",
"frag": "{lu₂vy}kit-ki-te-e",
"id": "P393664.l04acf",
"ref": "P393664.12.2",
"inst": "+kiškattû[craftsman]N$kitkittê",
"sig": "@saao/saa19%akk-x-neoass:{LU₂}kit-ki-te-e=kiškattû[craftsman//craftsman]N'N$kitkittê",
"f": {"lang": "akk-x-neoass",
"form": "{LU₂}kit-ki-te-e",
"cf": "kiškattû",
"gw": "craftsman",
"sense": "craftsman",
"norm": "kitkittê",
"pos": "N",
"epos": "N"}
}
,
{
"node": "l",
"frag": "⸢ša",
"id": "P393664.l04ad0",
"ref": "P393664.12.3",
"inst": "ša[of]DET",
"sig": "@saao/saa19%akk-x-neoass:ša=ša[of//of]DET'DET$ša",
"f": {"lang": "akk-x-neoass",
"form": "ša",
"cf": "ša",
"gw": "of",
"sense": "of",
"norm": "ša",
"pos": "DET",
"epos": "DET"}
}
,
{
"node": "l",
"frag": "E₂⸣.[GAL]",
"id": "P393664.l04ad1",
"ref": "P393664.12.4",
"inst": "ēkalli[palace]N",
"sig": "@saao/saa19%akk-x-neoass:E₂.GAL=ēkallu[palace//palace]N'N$ēkalli",
"f": {"lang": "akk-x-neoass",
"form": "E₂.GAL",
"cf": "ēkallu",
"gw": "palace",
"sense": "palace",
"norm": "ēkalli",
"pos": "N",
"epos": "N"}
}
,
{
"node": "d",
"type": "line-start",
"ref": "P393664.13",
"n": "2",
"label": "r 2"}
,
{
"node": "l",
"frag": "⸢ug-da\\d-mir",
"id": "P393664.l04ad2",
"ref": "P393664.13.1",
"inst": "ugdammir[finish]V",
"sig": "@saao/saa19%akk-x-neoass:ug-da-mir=gamāru[complete//finish]V'V$ugdammir",
"f": {"lang": "akk-x-neoass",
"form": "ug-da-mir",
"cf": "gamāru",
"gw": "complete",
"sense": "finish",
"norm": "ugdammir",
"pos": "V",
"epos": "V"}
}
,
{
"node": "l",
"frag": "a-ti⸣-[din]",
"id": "P393664.l04ad3",
"ref": "P393664.13.2",
"inst": "attidin[give]V",
"sig": "@saao/saa19%akk-x-neoass:a-ti-din=tadānu[give//give]V'V$attidin",
"f": {"lang": "akk-x-neoass",
"form": "a-ti-din",
"cf": "tadānu",
"gw": "give",
"sense": "give",
"norm": "attidin",
"pos": "V",
"epos": "V"}
}
,
{
"node": "d",
"type": "line-start",
"ref": "P393664.14",
"n": "3",
"label": "r 3"}
,
{
"node": "l",
"frag": "01",
"id": "P393664.l04ad4",
"ref": "P393664.14.1",
"inst": "n",
"f": {"lang": "akk-x-neoass",
"form": "01",
"pos": "n"}
}
,
{
"node": "l",
"frag": "ANŠE\\y",
"id": "P393664.l04ad5",
"ref": "P393664.14.2",
"inst": "+imēru[unit//a unit of capacity]N$imāru",
"sig": "@saao/saa19%akk-x-neoass:ANŠE=imēru[unit//a unit of capacity]N'N$imāru",
"f": {"lang": "akk-x-neoass",
"form": "ANŠE",
"cf": "imēru",
"gw": "unit",
"sense": "a unit of capacity",
"norm": "imāru",
"pos": "N",
"epos": "N"}
}
,
{
"node": "l",
"frag": "{še}PAD-MEŠ",
"id": "P393664.l04ad6",
"ref": "P393664.14.3",
"inst": "kurummāti[barley (ration)]N",
"sig": "@saao/saa19%akk-x-neoass:{ŠE}PAD-MEŠ=kurummatu[ration//barley (ration)]N'N$kurummāti",
"f": {"lang": "akk-x-neoass",
"form": "{ŠE}PAD-MEŠ",
"cf": "kurummatu",
"gw": "ration",
"sense": "barley (ration)",
"norm": "kurummāti",
"pos": "N",
"epos": "N"}
}
,
{
"node": "l",
"frag": "la-din-⸢ni⸣",
"id": "P393664.l04ad7",
"ref": "P393664.14.4",
"inst": "laddinni[give]V",
"sig": "@saao/saa19%akk-x-neoass:la-din-ni=tadānu[give//give]V'V$laddinni",
"f": {"lang": "akk-x-neoass",
"form": "la-din-ni",
"cf": "tadānu",
"gw": "give",
"sense": "give",
"norm": "laddinni",
"pos": "V",
"epos": "V"}
}
,
{
"node": "l",
"frag": "[o]",
"id": "P393664.l04ad8",
"ref": "P393664.14.5",
"inst": "u",
"f": {"lang": "akk-x-neoass",
"form": "o",
"pos": "u"}
}
,
{
"node": "d",
"type": "line-start",
"ref": "P393664.15",
"n": "4",
"label": "r 4"}
,
{
"node": "l",
"frag": "{lu₂vy}NAM\\dd",
"id": "P393664.l04ad9",
"ref": "P393664.15.1",
"inst": "+pīhātu[responsibility//governor]N$pāhutu",
"sig": "@saao/saa19%akk-x-neoass:{LU₂}NAM=pīhātu[responsibility//governor]N'N$pāhutu",
"f": {"lang": "akk-x-neoass",
"form": "{LU₂}NAM",
"cf": "pīhātu",
"gw": "responsibility",
"sense": "governor",
"norm": "pāhutu",
"pos": "N",
"epos": "N"}
}
,
{
"node": "l",
"frag": "ša\\dm",
"id": "P393664.l04ada",
"ref": "P393664.15.2",
"inst": "ša[of]DET",
"sig": "@saao/saa19%akk-x-neoass:ša=ša[of//of]DET'DET$ša",
"f": {"lang": "akk-x-neoass",
"form": "ša",
"cf": "ša",
"gw": "of",
"sense": "of",
"norm": "ša",
"pos": "DET",
"epos": "DET"}
}
,
{
"node": "l",
"frag": "{uru}arba-il₃",
"id": "P393664.l04adb",
"ref": "P393664.15.3",
"inst": "Arbail[Arbela]GN",
"sig": "@saao/saa19%akk-x-neoass:{URU}arba-il₃=Arbail[Arbela//Arbela]GN'GN$Arbail",
"f": {"lang": "akk-x-neoass",
"form": "{URU}arba-il₃",
"cf": "Arbail",
"gw": "Arbela",
"sense": "Arbela",
"norm": "Arbail",
"pos": "GN",
"epos": "GN"}
}
,
{
"node": "l",
"frag": "am-⸢mar⸣",
"id": "P393664.l04adc",
"ref": "P393664.15.4",
"inst": "ammar[as much as]REL",
"sig": "@saao/saa19%akk-x-neoass:am-mar=ammar[as much as//as much as]REL'REL$ammar",
"f": {"lang": "akk-x-neoass",
"form": "am-mar",
"cf": "ammar",
"gw": "as much as",
"sense": "as much as",
"norm": "ammar",
"pos": "REL",
"epos": "REL"}
}
,
{
"node": "l",
"frag": "[ma]-⸢ṣu⸣-u-ni\\d",
"id": "P393664.l04add",
"ref": "P393664.15.5",
"inst": "+maṣû[correspond//ability]V'N$maṣûni",
"sig": "@saao/saa19%akk-x-neoass:ma-ṣu-u-ni=maṣû[correspond//ability]V'N$maṣûni",
"f": {"lang": "akk-x-neoass",
"form": "ma-ṣu-u-ni",
"cf": "maṣû",
"gw": "correspond",
"sense": "ability",
"norm": "maṣûni",
"pos": "V",
"epos": "N"}
}
,
{
"node": "d",
"type": "line-start",
"ref": "P393664.16",
"n": "5",
"label": "r 5"}
,
{
"node": "l",
"frag": "LUGAL",
"id": "P393664.l04ade",
"ref": "P393664.16.1",
"inst": "šarru[king]N",
"sig": "@saao/saa19%akk-x-neoass:LUGAL=šarru[king//king]N'N$šarri",
"f": {"lang": "akk-x-neoass",
"form": "LUGAL",
"cf": "šarru",
"gw": "king",
"sense": "king",
"norm": "šarri",
"pos": "N",
"epos": "N"}
}
,
{
"node": "l",
"frag": "be-li\\d",
"id": "P393664.l04adf",
"ref": "P393664.16.2",
"inst": "bēlī[lord]N",
"sig": "@saao/saa19%akk-x-neoass:be-li=bēlu[lord//lord]N'N$bēlī",
"f": {"lang": "akk-x-neoass",
"form": "be-li",
"cf": "bēlu",
"gw": "lord",
"sense": "lord",
"norm": "bēlī",
"pos": "N",
"epos": "N"}
}
,
{
"node": "l",
"frag": "u₂\\m-da\\d",
"id": "P393664.l04ae0",
"ref": "P393664.16.3",
"inst": "ūda[know]V",
"sig": "@saao/saa19%akk-x-neoass:u₂-da=wadû[know//know]V'V$ūda",
"f": {"lang": "akk-x-neoass",
"form": "u₂-da",
"cf": "wadû",
"gw": "know",
"sense": "know",
"norm": "ūda",
"pos": "V",
"epos": "V"}
}
,
{
"node": "d",
"type": "line-start",
"ref": "P393664.17",
"n": "6",
"label": "r 6"}
,
{
"node": "l",
"frag": "{⸢kur⸣}hi-in-dar-a-a\\d",
"id": "P393664.l04ae1",
"ref": "P393664.17.1",
"inst": "+Hindaraya[]EN$",
"sig": "@saao/saa19%akk-x-neoass:{KUR}hi-in-dar-a-a=Hindaraya[1//1]EN'EN$Hindaraya",
"f": {"lang": "akk-x-neoass",
"form": "{KUR}hi-in-dar-a-a",
"cf": "Hindaraya",
"gw": "1",
"sense": "1",
"norm": "Hindaraya",
"pos": "EN",
"epos": "EN"}
}
,
{
"node": "d",
"type": "line-start",
"ref": "P393664.18",
"n": "7",
"label": "r 7"}
,
{
"node": "l",
"frag": "{[kur]}⸢ha⸣-ṭal\\d-la-a.a",
"id": "P393664.l04ae2",
"ref": "P393664.18.1",
"inst": "+Haṭallaya[1]EN$",
"sig": "@saao/saa19%akk-x-neoass:{KUR}ha-ṭal-la-a.a=Haṭallaya[1//1]EN'EN$Haṭallaya",
"f": {"lang": "akk-x-neoass",
"form": "{KUR}ha-ṭal-la-a.a",
"cf": "Haṭallaya",
"gw": "1",
"sense": "1",
"norm": "Haṭallaya",
"pos": "EN",
"epos": "EN"}
}
,
{
"node": "d",
"type": "line-start",
"ref": "P393664.19",
"n": "8",
"label": "r 8"}
,
{
"node": "l",
"frag": "[x",
"id": "P393664.l04ae3",
"ref": "P393664.19.1",
"inst": "u",
"f": {"lang": "akk-x-neoass",
"form": "x",
"pos": "u"}
}
,
{
"node": "l",
"frag": "x",
"id": "P393664.l04ae4",
"ref": "P393664.19.2",
"inst": "u",
"f": {"lang": "akk-x-neoass",
"form": "x",
"pos": "u"}
}
,
{
"node": "l",
"frag": "x]+⸢x⸣",
"id": "P393664.l04ae5",
"ref": "P393664.19.3",
"inst": "u",
"f": {"lang": "akk-x-neoass",
"form": "x+x",
"pos": "u"}
}
,
{
"node": "l",
"frag": "{1}ki-⸢i⸣+[x",
"id": "P393664.l04ae6",
"ref": "P393664.19.4",
"inst": "u",
"f": {"lang": "akk-x-neoass",
"form": "{1}ki-i+x",
"pos": "u"}
}
,
{
"node": "l",
"frag": "x]",
"id": "P393664.l04ae7",
"ref": "P393664.19.5",
"inst": "u",
"f": {"lang": "akk-x-neoass",
"form": "x",
"pos": "u"}
}
,
{
"node": "d",
"type": "nonx",
"ref": "P393664.20",
"strict": "0",
"extent": "rest",
"state": "missing"}
]}
]}
]}
]}
