{
"type": "cdl",
  "source": "http://oracc.org/saao/saa19",
  "license": "This data is released under the CC0 license",
  "license-url": "https://creativecommons.org/publicdomain/zero/1.0/",
  "more-info": "http://oracc.org/doc/opendata/",
  "UTC-timestamp": "2017-05-19T12:04:00",
"project": "saao/saa19",
"textid": "P393648",
"cdl": [
{
"node": "c",
"type": "text",
"id": "P393648.U0",
"cdl": [
{
"node": "d",
"type": "object",
"ref": ""}
,
{
"node": "d",
"subtype": "obverse",
"type": "surface",
"ref": "P393648.o.1",
"type": "obverse",
"label": "o"}
,
{
"node": "c",
"type": "discourse",
"subtype": "body",
"id": "P393648.U1",
"cdl": [
{
"node": "c",
"type": "sentence",
"id": "P393648.U2",
"label": "o 1 - o 8",
"cdl": [
{
"node": "d",
"type": "line-start",
"ref": "P393648.2",
"n": "1",
"label": "o 1"}
,
{
"node": "l",
"frag": "a-na\\t",
"id": "P393648.l028b0",
"ref": "P393648.2.1",
"inst": "ana[to]PRP",
"sig": "@saao/saa19%akk-x-neoass:a-na=ana[to//to]PRP'PRP$ana",
"f": {"lang": "akk-x-neoass",
"form": "a-na",
"cf": "ana",
"gw": "to",
"sense": "to",
"norm": "ana",
"pos": "PRP",
"epos": "PRP"}
}
,
{
"node": "l",
"frag": "LUGAL\\d",
"id": "P393648.l028b1",
"ref": "P393648.2.2",
"inst": "šarri[king]N",
"sig": "@saao/saa19%akk-x-neoass:LUGAL=šarru[king//king]N'N$šarri",
"f": {"lang": "akk-x-neoass",
"form": "LUGAL",
"cf": "šarru",
"gw": "king",
"sense": "king",
"norm": "šarri",
"pos": "N",
"epos": "N"}
}
,
{
"node": "l",
"frag": "⸢EN⸣-[ia]",
"id": "P393648.l028b2",
"ref": "P393648.2.3",
"inst": "bēlīya[lord]N",
"sig": "@saao/saa19%akk-x-neoass:EN-ia=bēlu[lord//lord]N'N$bēlīya",
"f": {"lang": "akk-x-neoass",
"form": "EN-ia",
"cf": "bēlu",
"gw": "lord",
"sense": "lord",
"norm": "bēlīya",
"pos": "N",
"epos": "N"}
}
,
{
"node": "d",
"type": "line-start",
"ref": "P393648.3",
"n": "2",
"label": "o 2"}
,
{
"node": "l",
"frag": "ARAD-ka",
"id": "P393648.l028b3",
"ref": "P393648.3.1",
"inst": "urdaka[servant]N",
"sig": "@saao/saa19%akk-x-neoass:ARAD-ka=ardu[slave//servant]N'N$urdaka",
"f": {"lang": "akk-x-neoass",
"form": "ARAD-ka",
"cf": "ardu",
"gw": "slave",
"sense": "servant",
"norm": "urdaka",
"pos": "N",
"epos": "N"}
}
,
{
"node": "l",
"frag": "{1}{d}⸢AG⸣-[ZALAG₂-ir]",
"id": "P393648.l028b4",
"ref": "P393648.3.2",
"inst": "+Nabu-nammir[1]PN$",
"sig": "@saao/saa19%akk-x-neoass:{1}{d}AG-ZALAG₂-ir=Nabu-nammir[1//1]PN'PN$Nabu-nammir",
"f": {"lang": "akk-x-neoass",
"form": "{1}{d}AG-ZALAG₂-ir",
"cf": "Nabu-nammir",
"gw": "1",
"sense": "1",
"norm": "Nabu-nammir",
"pos": "PN",
"epos": "PN"}
}
,
{
"node": "d",
"type": "line-start",
"ref": "P393648.4",
"n": "3",
"label": "o 3"}
,
{
"node": "l",
"frag": "lu",
"id": "P393648.l028b5",
"ref": "P393648.4.1",
"inst": "lū[may]MOD",
"sig": "@saao/saa19%akk-x-neoass:lu=lū[may//may]MOD'MOD$lū",
"f": {"lang": "akk-x-neoass",
"form": "lu",
"cf": "lū",
"gw": "may",
"sense": "may",
"norm": "lū",
"pos": "MOD",
"epos": "MOD"}
}
,
{
"node": "l",
"frag": "DI-mu",
"id": "P393648.l028b6",
"ref": "P393648.4.2",
"inst": "šulmu[health]N",
"sig": "@saao/saa19%akk-x-neoass:DI-mu=šulmu[completeness//health]N'N$šulmu",
"f": {"lang": "akk-x-neoass",
"form": "DI-mu",
"cf": "šulmu",
"gw": "completeness",
"sense": "health",
"norm": "šulmu",
"pos": "N",
"epos": "N"}
}
,
{
"node": "l",
"frag": "a-na",
"id": "P393648.l028b7",
"ref": "P393648.4.3",
"inst": "ana[to]PRP",
"sig": "@saao/saa19%akk-x-neoass:a-na=ana[to//to]PRP'PRP$ana",
"f": {"lang": "akk-x-neoass",
"form": "a-na",
"cf": "ana",
"gw": "to",
"sense": "to",
"norm": "ana",
"pos": "PRP",
"epos": "PRP"}
}
,
{
"node": "l",
"frag": "[LUGAL",
"id": "P393648.l028b8",
"ref": "P393648.4.4",
"inst": "šarri[king]N",
"sig": "@saao/saa19%akk-x-neoass:LUGAL=šarru[king//king]N'N$šarri",
"f": {"lang": "akk-x-neoass",
"form": "LUGAL",
"cf": "šarru",
"gw": "king",
"sense": "king",
"norm": "šarri",
"pos": "N",
"epos": "N"}
}
,
{
"node": "l",
"frag": "EN-ia]",
"id": "P393648.l028b9",
"ref": "P393648.4.5",
"inst": "bēlīya[lord]N",
"sig": "@saao/saa19%akk-x-neoass:EN-ia=bēlu[lord//lord]N'N$bēlīya",
"f": {"lang": "akk-x-neoass",
"form": "EN-ia",
"cf": "bēlu",
"gw": "lord",
"sense": "lord",
"norm": "bēlīya",
"pos": "N",
"epos": "N"}
}
,
{
"node": "d",
"type": "line-start",
"ref": "P393648.5",
"n": "4",
"label": "o 4"}
,
{
"node": "l",
"frag": "{d}AG\\t",
"id": "P393648.l028ba",
"ref": "P393648.5.1",
"inst": "Nabu[1]DN",
"sig": "@saao/saa19%akk-x-neoass:{d}AG=Nabu[1//1]DN'DN$Nabu",
"f": {"lang": "akk-x-neoass",
"form": "{d}AG",
"cf": "Nabu",
"gw": "1",
"sense": "1",
"norm": "Nabu",
"pos": "DN",
"epos": "DN"}
}
,
{
"node": "l",
"frag": "u",
"id": "P393648.l028bb",
"ref": "P393648.5.2",
"inst": "u[and]CNJ",
"sig": "@saao/saa19%akk-x-neoass:u=u[and//and]CNJ'CNJ$u",
"f": {"lang": "akk-x-neoass",
"form": "u",
"cf": "u",
"gw": "and",
"sense": "and",
"norm": "u",
"pos": "CNJ",
"epos": "CNJ"}
}
,
{
"node": "l",
"frag": "{⸢d⸣}[AMAR.UTU]",
"id": "P393648.l028bc",
"ref": "P393648.5.3",
"inst": "Marduk[1]DN",
"sig": "@saao/saa19%akk-x-neoass:{d}AMAR.UTU=Marduk[1//1]DN'DN$Marduk",
"f": {"lang": "akk-x-neoass",
"form": "{d}AMAR.UTU",
"cf": "Marduk",
"gw": "1",
"sense": "1",
"norm": "Marduk",
"pos": "DN",
"epos": "DN"}
}
,
{
"node": "d",
"type": "line-start",
"ref": "P393648.6",
"n": "5",
"label": "o 5"}
,
{
"node": "l",
"frag": "a-na",
"id": "P393648.l028bd",
"ref": "P393648.6.1",
"inst": "ana[to]PRP",
"sig": "@saao/saa19%akk-x-neoass:a-na=ana[to//to]PRP'PRP$ana",
"f": {"lang": "akk-x-neoass",
"form": "a-na",
"cf": "ana",
"gw": "to",
"sense": "to",
"norm": "ana",
"pos": "PRP",
"epos": "PRP"}
}
,
{
"node": "l",
"frag": "LUGAL\\d",
"id": "P393648.l028be",
"ref": "P393648.6.2",
"inst": "šarri[king]N",
"sig": "@saao/saa19%akk-x-neoass:LUGAL=šarru[king//king]N'N$šarri",
"f": {"lang": "akk-x-neoass",
"form": "LUGAL",
"cf": "šarru",
"gw": "king",
"sense": "king",
"norm": "šarri",
"pos": "N",
"epos": "N"}
}
,
{
"node": "l",
"frag": "⸢lik⸣-[ru-bu]",
"id": "P393648.l028bf",
"ref": "P393648.6.3",
"inst": "likrubu[bless]V",
"sig": "@saao/saa19%akk-x-neoass:lik-ru-bu=karābu[pray//bless]V'V$likrubu",
"f": {"lang": "akk-x-neoass",
"form": "lik-ru-bu",
"cf": "karābu",
"gw": "pray",
"sense": "bless",
"norm": "likrubu",
"pos": "V",
"epos": "V"}
}
,
{
"node": "d",
"type": "line-start",
"ref": "P393648.7",
"n": "6",
"label": "o 6"}
,
{
"node": "l",
"frag": "ina",
"id": "P393648.l028c0",
"ref": "P393648.7.1",
"inst": "ina[in+=concerning]PRP",
"sig": "@saao/saa19%akk-x-neoass:ina=ina[in//in]PRP'PRP$ina",
"f": {"lang": "akk-x-neoass",
"form": "ina",
"cf": "ina",
"gw": "in",
"sense": "in",
"norm": "ina",
"pos": "PRP",
"epos": "PRP"}
}
,
{
"node": "l",
"frag": "UGU",
"id": "P393648.l028c1",
"ref": "P393648.7.2",
"inst": "muhhi[skull]N",
"sig": "@saao/saa19%akk-x-neoass:UGU=muhhu[skull//skull]N'N$muhhi",
"f": {"lang": "akk-x-neoass",
"form": "UGU",
"cf": "muhhu",
"gw": "skull",
"sense": "skull",
"norm": "muhhi",
"pos": "N",
"epos": "N"}
}
,
{
"node": "l",
"frag": "{lu₂}⸢mas⸣-[ʾa-a-a]",
"id": "P393648.l028c2",
"ref": "P393648.7.3",
"inst": "+Masʾaya[Mas'ean]EN$",
"sig": "@saao/saa19%akk-x-neoass:{LU₂}mas-ʾa-a-a=Masʾaya[Mas'ean//Mas'ean]EN'EN$Masʾaya",
"f": {"lang": "akk-x-neoass",
"form": "{LU₂}mas-ʾa-a-a",
"cf": "Masʾaya",
"gw": "Mas'ean",
"sense": "Mas'ean",
"norm": "Masʾaya",
"pos": "EN",
"epos": "EN"}
}
,
{
"node": "d",
"type": "line-start",
"ref": "P393648.8",
"n": "7",
"label": "o 7"}
,
{
"node": "l",
"frag": "ša\\dm",
"id": "P393648.l028c3",
"ref": "P393648.8.1",
"inst": "ša[who]REL",
"sig": "@saao/saa19%akk-x-neoass:ša=ša[that//those who]REL'REL$ša",
"f": {"lang": "akk-x-neoass",
"form": "ša",
"cf": "ša",
"gw": "that",
"sense": "those who",
"norm": "ša",
"pos": "REL",
"epos": "REL"}
}
,
{
"node": "l",
"frag": "LUGAL\\d",
"id": "P393648.l028c4",
"ref": "P393648.8.2",
"inst": "šarru[king]N",
"sig": "@saao/saa19%akk-x-neoass:LUGAL=šarru[king//king]N'N$šarri",
"f": {"lang": "akk-x-neoass",
"form": "LUGAL",
"cf": "šarru",
"gw": "king",
"sense": "king",
"norm": "šarri",
"pos": "N",
"epos": "N"}
}
,
{
"node": "l",
"frag": "be-li₂",
"id": "P393648.l028c5",
"ref": "P393648.8.3",
"inst": "bēlī[lord]N",
"sig": "@saao/saa19%akk-x-neoass:be-li₂=bēlu[lord//lord]N'N$bēlī",
"f": {"lang": "akk-x-neoass",
"form": "be-li₂",
"cf": "bēlu",
"gw": "lord",
"sense": "lord",
"norm": "bēlī",
"pos": "N",
"epos": "N"}
}
,
{
"node": "l",
"frag": "[ṭe₃-e-mu]",
"id": "P393648.l028c6",
"ref": "P393648.8.4",
"inst": "ṭēmu[report]N",
"sig": "@saao/saa19%akk-x-neoass:ṭe₃-e-mu=ṭēmu[(fore)thought//report]N'N$ṭēmu",
"f": {"lang": "akk-x-neoass",
"form": "ṭe₃-e-mu",
"cf": "ṭēmu",
"gw": "(fore)thought",
"sense": "report",
"norm": "ṭēmu",
"pos": "N",
"epos": "N"}
}
,
{
"node": "d",
"type": "line-start",
"ref": "P393648.9",
"n": "8",
"label": "o 8"}
,
{
"node": "l",
"frag": "[iš-kun-an]-⸢ni⸣",
"id": "P393648.l028c7",
"ref": "P393648.9.1",
"inst": "iškunanni[place]V",
"sig": "@saao/saa19%akk-x-neoass:iš-kun-an-ni=šakānu[put//place]V'V$iškunanni",
"f": {"lang": "akk-x-neoass",
"form": "iš-kun-an-ni",
"cf": "šakānu",
"gw": "put",
"sense": "place",
"norm": "iškunanni",
"pos": "V",
"epos": "V"}
}
,
{
"node": "l",
"frag": "[x",
"id": "P393648.l028c8",
"ref": "P393648.9.2",
"inst": "u",
"f": {"lang": "akk-x-neoass",
"form": "x",
"pos": "u"}
}
,
{
"node": "l",
"frag": "x]",
"id": "P393648.l028c9",
"ref": "P393648.9.3",
"inst": "u",
"f": {"lang": "akk-x-neoass",
"form": "x",
"pos": "u"}
}
,
{
"node": "d",
"type": "nonx",
"ref": "P393648.10",
"strict": "0",
"extent": "rest",
"state": "missing"}
,
{
"node": "d",
"subtype": "reverse",
"type": "surface",
"ref": "P393648.r.11",
"type": "reverse",
"label": "r"}
,
{
"node": "d",
"type": "nonx",
"ref": "P393648.12",
"strict": "0",
"state": "other"}
]}
]}
]}
]}
