{
"type": "cdl",
  "source": "http://oracc.org/saao/saa19",
  "license": "This data is released under the CC0 license",
  "license-url": "https://creativecommons.org/publicdomain/zero/1.0/",
  "more-info": "http://oracc.org/doc/opendata/",
  "UTC-timestamp": "2017-05-19T12:04:01",
"project": "saao/saa19",
"textid": "P393656",
"cdl": [
{
"node": "c",
"type": "text",
"id": "P393656.U0",
"cdl": [
{
"node": "d",
"type": "object",
"ref": ""}
,
{
"node": "d",
"subtype": "obverse",
"type": "surface",
"ref": "P393656.o.1",
"type": "obverse",
"label": "o"}
,
{
"node": "c",
"type": "discourse",
"subtype": "body",
"id": "P393656.U1",
"cdl": [
{
"node": "c",
"type": "sentence",
"id": "P393656.U2",
"label": "o 1 - e. 4",
"cdl": [
{
"node": "d",
"type": "line-start",
"ref": "P393656.2",
"n": "1",
"label": "o 1"}
,
{
"node": "l",
"frag": "ARAD-ka",
"id": "P393656.l03ade",
"ref": "P393656.2.1",
"inst": "+ardu[slave//servant]N$aradka",
"sig": "@saao/saa19%akk-x-neobab:ARAD-ka=ardu[slave//servant]N'N$aradka",
"f": {"lang": "akk-x-neobab",
"form": "ARAD-ka",
"cf": "ardu",
"gw": "slave",
"sense": "servant",
"norm": "aradka",
"pos": "N",
"epos": "N"}
}
,
{
"node": "l",
"frag": "{1}[a-bi]-ha-ri",
"id": "P393656.l03adf",
"ref": "P393656.2.2",
"inst": "+Abi-hari[1]PN$",
"sig": "@saao/saa19%akk-x-neobab:{1}a-bi-ha-ri=Abi-hari[1//1]PN'PN$Abi-hari",
"f": {"lang": "akk-x-neobab",
"form": "{1}a-bi-ha-ri",
"cf": "Abi-hari",
"gw": "1",
"sense": "1",
"norm": "Abi-hari",
"pos": "PN",
"epos": "PN"}
}
,
{
"node": "d",
"type": "line-start",
"ref": "P393656.3",
"n": "2",
"label": "o 2"}
,
{
"node": "l",
"frag": "a-na",
"id": "P393656.l03ae0",
"ref": "P393656.3.1",
"inst": "ana[to]PRP",
"sig": "@saao/saa19%akk-x-neobab:a-na=ana[to//to]PRP'PRP$ana",
"f": {"lang": "akk-x-neobab",
"form": "a-na",
"cf": "ana",
"gw": "to",
"sense": "to",
"norm": "ana",
"pos": "PRP",
"epos": "PRP"}
}
,
{
"node": "l",
"frag": "di-na-⸢an⸣",
"id": "P393656.l03ae1",
"ref": "P393656.3.2",
"inst": "dinān[substitute]N",
"sig": "@saao/saa19%akk-x-neobab:di-na-an=dinānu[substitution//substitute]N'N$dinān",
"f": {"lang": "akk-x-neobab",
"form": "di-na-an",
"cf": "dinānu",
"gw": "substitution",
"sense": "substitute",
"norm": "dinān",
"pos": "N",
"epos": "N"}
}
,
{
"node": "l",
"frag": "LUGAL",
"id": "P393656.l03ae2",
"ref": "P393656.3.3",
"inst": "šarri[king]N",
"sig": "@saao/saa19%akk-x-neobab:LUGAL=šarru[king//king]N'N$šarri",
"f": {"lang": "akk-x-neobab",
"form": "LUGAL",
"cf": "šarru",
"gw": "king",
"sense": "king",
"norm": "šarri",
"pos": "N",
"epos": "N"}
}
,
{
"node": "l",
"frag": "be-li₂-ia₂",
"id": "P393656.l03ae3",
"ref": "P393656.3.4",
"inst": "bēlīya[lord]N",
"sig": "@saao/saa19%akk-x-neobab:be-li₂-ia₂=bēlu[lord//lord]N'N$bēlīya",
"f": {"lang": "akk-x-neobab",
"form": "be-li₂-ia₂",
"cf": "bēlu",
"gw": "lord",
"sense": "lord",
"norm": "bēlīya",
"pos": "N",
"epos": "N"}
}
,
{
"node": "l",
"frag": "lul-⸢lik⸣",
"id": "P393656.l03ae4",
"ref": "P393656.3.5",
"inst": "lullik[go]V",
"sig": "@saao/saa19%akk-x-neobab:lul-lik=alāku[go//go]V'V$lullik",
"f": {"lang": "akk-x-neobab",
"form": "lul-lik",
"cf": "alāku",
"gw": "go",
"sense": "go",
"norm": "lullik",
"pos": "V",
"epos": "V"}
}
,
{
"node": "d",
"type": "line-start",
"ref": "P393656.4",
"n": "3",
"label": "o 3"}
,
{
"node": "l",
"frag": "um-ma-a",
"id": "P393656.l03ae5",
"ref": "P393656.4.1",
"inst": "+umma[saying]PRP$ummā",
"sig": "@saao/saa19%akk-x-neobab:um-ma-a=umma[saying//saying]PRP'PRP$ummā",
"f": {"lang": "akk-x-neobab",
"form": "um-ma-a",
"cf": "umma",
"gw": "saying",
"sense": "saying",
"norm": "ummā",
"pos": "PRP",
"epos": "PRP"}
}
,
{
"node": "l",
"frag": "a-na",
"id": "P393656.l03ae6",
"ref": "P393656.4.2",
"inst": "ana[to]PRP",
"sig": "@saao/saa19%akk-x-neobab:a-na=ana[to//to]PRP'PRP$ana",
"f": {"lang": "akk-x-neobab",
"form": "a-na",
"cf": "ana",
"gw": "to",
"sense": "to",
"norm": "ana",
"pos": "PRP",
"epos": "PRP"}
}
,
{
"node": "l",
"frag": "LUGAL",
"id": "P393656.l03ae7",
"ref": "P393656.4.3",
"inst": "šarri[king]N",
"sig": "@saao/saa19%akk-x-neobab:LUGAL=šarru[king//king]N'N$šarri",
"f": {"lang": "akk-x-neobab",
"form": "LUGAL",
"cf": "šarru",
"gw": "king",
"sense": "king",
"norm": "šarri",
"pos": "N",
"epos": "N"}
}
,
{
"node": "l",
"frag": "be-li₂-ia₂-a-ma",
"id": "P393656.l03ae8",
"ref": "P393656.4.4",
"inst": "bēlīyāma[lord]N",
"sig": "@saao/saa19%akk-x-neobab:be-li₂-ia₂-a-ma=bēlu[lord//lord]N'N$bēlīyāma",
"f": {"lang": "akk-x-neobab",
"form": "be-li₂-ia₂-a-ma",
"cf": "bēlu",
"gw": "lord",
"sense": "lord",
"norm": "bēlīyāma",
"pos": "N",
"epos": "N"}
}
,
{
"node": "d",
"type": "line-start",
"ref": "P393656.5",
"n": "4",
"label": "o 4"}
,
{
"node": "l",
"frag": "ṭup-pi",
"id": "P393656.l03ae9",
"ref": "P393656.5.1",
"inst": "+ṭuppu[tablet]N$ṭuppī",
"sig": "@saao/saa19%akk-x-neobab:ṭup-pi=ṭuppu[tablet//tablet]N'N$ṭuppī",
"f": {"lang": "akk-x-neobab",
"form": "ṭup-pi",
"cf": "ṭuppu",
"gw": "tablet",
"sense": "tablet",
"norm": "ṭuppī",
"pos": "N",
"epos": "N"}
}
,
{
"node": "l",
"frag": "a-na",
"id": "P393656.l03aea",
"ref": "P393656.5.2",
"inst": "ana[to]PRP",
"sig": "@saao/saa19%akk-x-neobab:a-na=ana[to//to]PRP'PRP$ana",
"f": {"lang": "akk-x-neobab",
"form": "a-na",
"cf": "ana",
"gw": "to",
"sense": "to",
"norm": "ana",
"pos": "PRP",
"epos": "PRP"}
}
,
{
"node": "l",
"frag": "DI-mu",
"id": "P393656.l03aeb",
"ref": "P393656.5.3",
"inst": "+šulmu[completeness//salutation]N",
"sig": "@saao/saa19%akk-x-neobab:DI-mu=šulmu[completeness//salutation]N'N$šulmu",
"f": {"lang": "akk-x-neobab",
"form": "DI-mu",
"cf": "šulmu",
"gw": "completeness",
"sense": "salutation",
"norm": "šulmu",
"pos": "N",
"epos": "N"}
}
,
{
"node": "l",
"frag": "LUGAL",
"id": "P393656.l03aec",
"ref": "P393656.5.4",
"inst": "šarri[king]N",
"sig": "@saao/saa19%akk-x-neobab:LUGAL=šarru[king//king]N'N$šarri",
"f": {"lang": "akk-x-neobab",
"form": "LUGAL",
"cf": "šarru",
"gw": "king",
"sense": "king",
"norm": "šarri",
"pos": "N",
"epos": "N"}
}
,
{
"node": "d",
"type": "line-start",
"ref": "P393656.6",
"n": "5",
"label": "o 5"}
,
{
"node": "l",
"frag": "be-li₂-ia",
"id": "P393656.l03aed",
"ref": "P393656.6.1",
"inst": "bēlīya[lord]N",
"sig": "@saao/saa19%akk-x-neobab:be-li₂-ia=bēlu[lord//lord]N'N$bēlīya",
"f": {"lang": "akk-x-neobab",
"form": "be-li₂-ia",
"cf": "bēlu",
"gw": "lord",
"sense": "lord",
"norm": "bēlīya",
"pos": "N",
"epos": "N"}
}
,
{
"node": "l",
"frag": "al-tap-⸢ra⸣",
"id": "P393656.l03aee",
"ref": "P393656.6.2",
"inst": "+šapāru[send]V$altapra",
"sig": "@saao/saa19%akk-x-neobab:al-tap-ra=šapāru[send//send]V'V$altapra",
"f": {"lang": "akk-x-neobab",
"form": "al-tap-ra",
"cf": "šapāru",
"gw": "send",
"sense": "send",
"norm": "altapra",
"pos": "V",
"epos": "V"}
}
,
{
"node": "d",
"type": "line-start",
"ref": "P393656.7",
"n": "6",
"label": "o 6"}
,
{
"node": "l",
"frag": "a-na-ku",
"id": "P393656.l03aef",
"ref": "P393656.7.1",
"inst": "anāku[I]IP",
"sig": "@saao/saa19%akk-x-neobab:a-na-ku=anāku[I//I]IP'IP$anāku",
"f": {"lang": "akk-x-neobab",
"form": "a-na-ku",
"cf": "anāku",
"gw": "I",
"sense": "I",
"norm": "anāku",
"pos": "IP",
"epos": "IP"}
}
,
{
"node": "l",
"frag": "dul-lum",
"id": "P393656.l03af0",
"ref": "P393656.7.2",
"inst": "dullu[work]N",
"sig": "@saao/saa19%akk-x-neobab:dul-lum=dullu[trouble//work]N'N$dullu",
"f": {"lang": "akk-x-neobab",
"form": "dul-lum",
"cf": "dullu",
"gw": "trouble",
"sense": "work",
"norm": "dullu",
"pos": "N",
"epos": "N"}
}
,
{
"node": "l",
"frag": "[ep-pu-uš]",
"id": "P393656.l03af1",
"ref": "P393656.7.3",
"inst": "+epēšu[do]V$eppuš",
"sig": "@saao/saa19%akk-x-neobab:ep-pu-uš=epēšu[do//do]V'V$eppuš",
"f": {"lang": "akk-x-neobab",
"form": "ep-pu-uš",
"cf": "epēšu",
"gw": "do",
"sense": "do",
"norm": "eppuš",
"pos": "V",
"epos": "V"}
}
,
{
"node": "d",
"type": "line-start",
"ref": "P393656.8",
"n": "7",
"label": "o 7"}
,
{
"node": "l",
"frag": "u₃",
"id": "P393656.l03af2",
"ref": "P393656.8.1",
"inst": "u[and]CNJ",
"sig": "@saao/saa19%akk-x-neobab:u₃=u[and//and]CNJ'CNJ$u",
"f": {"lang": "akk-x-neobab",
"form": "u₃",
"cf": "u",
"gw": "and",
"sense": "and",
"norm": "u",
"pos": "CNJ",
"epos": "CNJ"}
}
,
{
"node": "l",
"frag": "ki-⸢i⸣",
"id": "P393656.l03af3",
"ref": "P393656.8.2",
"inst": "+kī[like//since]PRP'SBJ$kî",
"sig": "@saao/saa19%akk-x-neobab:ki-i=kī[like//since]PRP'SBJ$kî",
"f": {"lang": "akk-x-neobab",
"form": "ki-i",
"cf": "kī",
"gw": "like",
"sense": "since",
"norm": "kî",
"pos": "PRP",
"epos": "SBJ"}
}
,
{
"node": "l",
"frag": "[x]+⸢x",
"id": "P393656.l03af4",
"ref": "P393656.8.3",
"inst": "u",
"f": {"lang": "akk-x-neobab",
"form": "x+x",
"pos": "u"}
}
,
{
"node": "l",
"frag": "x⸣-an-⸢ni⸣",
"id": "P393656.l03af5",
"ref": "P393656.8.4",
"inst": "u",
"f": {"lang": "akk-x-neobab",
"form": "x-an-ni",
"pos": "u"}
}
,
{
"node": "d",
"type": "line-start",
"ref": "P393656.9",
"n": "8",
"label": "o 8"}
,
{
"node": "l",
"frag": "LUGAL",
"id": "P393656.l03af6",
"ref": "P393656.9.1",
"inst": "šarru[king]N",
"sig": "@saao/saa19%akk-x-neobab:LUGAL=šarru[king//king]N'N$šar",
"f": {"lang": "akk-x-neobab",
"form": "LUGAL",
"cf": "šarru",
"gw": "king",
"sense": "king",
"norm": "šar",
"pos": "N",
"epos": "N"}
}
,
{
"node": "l",
"frag": "ina",
"id": "P393656.l03af7",
"ref": "P393656.9.2",
"inst": "ina[in]PRP",
"sig": "@saao/saa19%akk-x-neobab:ina=ina[in//in]PRP'PRP$ina",
"f": {"lang": "akk-x-neobab",
"form": "ina",
"cf": "ina",
"gw": "in",
"sense": "in",
"norm": "ina",
"pos": "PRP",
"epos": "PRP"}
}
,
{
"node": "l",
"frag": "ru-[x",
"id": "P393656.l03af8",
"ref": "P393656.9.3",
"inst": "u",
"f": {"lang": "akk-x-neobab",
"form": "ru-x",
"pos": "u"}
}
,
{
"node": "l",
"frag": "x]",
"id": "P393656.l03af9",
"ref": "P393656.9.4",
"inst": "u",
"f": {"lang": "akk-x-neobab",
"form": "x",
"pos": "u"}
}
,
{
"node": "l",
"frag": "bat",
"id": "P393656.l03afa",
"ref": "P393656.9.5",
"inst": "u",
"f": {"lang": "akk-x-neobab",
"form": "bat",
"pos": "u"}
}
,
{
"node": "l",
"frag": "⸢x⸣+[x]",
"id": "P393656.l03afb",
"ref": "P393656.9.6",
"inst": "u",
"f": {"lang": "akk-x-neobab",
"form": "x+x",
"pos": "u"}
}
,
{
"node": "d",
"type": "line-start",
"ref": "P393656.10",
"n": "9",
"label": "o 9"}
,
{
"node": "l",
"frag": "⸢x⸣+[x",
"id": "P393656.l03afc",
"ref": "P393656.10.1",
"inst": "u",
"f": {"lang": "akk-x-neobab",
"form": "x+x",
"pos": "u"}
}
,
{
"node": "l",
"frag": "x]+⸢x",
"id": "P393656.l03afd",
"ref": "P393656.10.2",
"inst": "u",
"f": {"lang": "akk-x-neobab",
"form": "x+x",
"pos": "u"}
}
,
{
"node": "l",
"frag": "x⸣+[x",
"id": "P393656.l03afe",
"ref": "P393656.10.3",
"inst": "u",
"f": {"lang": "akk-x-neobab",
"form": "x+x",
"pos": "u"}
}
,
{
"node": "l",
"frag": "x",
"id": "P393656.l03aff",
"ref": "P393656.10.4",
"inst": "u",
"f": {"lang": "akk-x-neobab",
"form": "x",
"pos": "u"}
}
,
{
"node": "l",
"frag": "x]+⸢x⸣",
"id": "P393656.l03b00",
"ref": "P393656.10.5",
"inst": "u",
"f": {"lang": "akk-x-neobab",
"form": "x+x",
"pos": "u"}
}
,
{
"node": "l",
"frag": "[x",
"id": "P393656.l03b01",
"ref": "P393656.10.6",
"inst": "u",
"f": {"lang": "akk-x-neobab",
"form": "x",
"pos": "u"}
}
,
{
"node": "l",
"frag": "x]",
"id": "P393656.l03b02",
"ref": "P393656.10.7",
"inst": "u",
"f": {"lang": "akk-x-neobab",
"form": "x",
"pos": "u"}
}
,
{
"node": "d",
"type": "nonx",
"ref": "P393656.11",
"strict": "0",
"extent": "rest",
"state": "missing"}
,
{
"node": "d",
"subtype": "reverse",
"type": "surface",
"ref": "P393656.r.12",
"type": "reverse",
"label": "r"}
,
{
"node": "d",
"type": "nonx",
"ref": "P393656.13",
"strict": "0",
"extent": "beginning",
"state": "missing"}
,
{
"node": "d",
"type": "line-start",
"ref": "P393656.14",
"n": "1'",
"label": "r 1'"}
,
{
"node": "l",
"frag": "⸢x",
"id": "P393656.l03b03",
"ref": "P393656.14.1",
"inst": "u",
"f": {"lang": "akk-x-neobab",
"form": "x",
"pos": "u"}
}
,
{
"node": "l",
"frag": "x",
"id": "P393656.l03b04",
"ref": "P393656.14.2",
"inst": "u",
"f": {"lang": "akk-x-neobab",
"form": "x",
"pos": "u"}
}
,
{
"node": "l",
"frag": "ta",
"id": "P393656.l03b05",
"ref": "P393656.14.3",
"inst": "u",
"f": {"lang": "akk-x-neobab",
"form": "ta",
"pos": "u"}
}
,
{
"node": "l",
"frag": "x⸣+[x",
"id": "P393656.l03b06",
"ref": "P393656.14.4",
"inst": "u",
"f": {"lang": "akk-x-neobab",
"form": "x+x",
"pos": "u"}
}
,
{
"node": "l",
"frag": "x",
"id": "P393656.l03b07",
"ref": "P393656.14.5",
"inst": "u",
"f": {"lang": "akk-x-neobab",
"form": "x",
"pos": "u"}
}
,
{
"node": "l",
"frag": "x",
"id": "P393656.l03b08",
"ref": "P393656.14.6",
"inst": "u",
"f": {"lang": "akk-x-neobab",
"form": "x",
"pos": "u"}
}
,
{
"node": "l",
"frag": "x]",
"id": "P393656.l03b09",
"ref": "P393656.14.7",
"inst": "u",
"f": {"lang": "akk-x-neobab",
"form": "x",
"pos": "u"}
}
,
{
"node": "d",
"type": "line-start",
"ref": "P393656.15",
"n": "2'",
"label": "r 2'"}
,
{
"node": "l",
"frag": "a-na",
"id": "P393656.l03b0a",
"ref": "P393656.15.1",
"inst": "ana[to]PRP",
"sig": "@saao/saa19%akk-x-neobab:a-na=ana[to//to]PRP'PRP$ana",
"f": {"lang": "akk-x-neobab",
"form": "a-na",
"cf": "ana",
"gw": "to",
"sense": "to",
"norm": "ana",
"pos": "PRP",
"epos": "PRP"}
}
,
{
"node": "l",
"frag": "ERIM-⸢MEŠ⸣",
"id": "P393656.l03b0b",
"ref": "P393656.15.2",
"inst": "ṣābāni[troops]N",
"sig": "@saao/saa19%akk-x-neobab:ERIM-MEŠ=ṣābu[people//troops]N'N$ṣābāni",
"f": {"lang": "akk-x-neobab",
"form": "ERIM-MEŠ",
"cf": "ṣābu",
"gw": "people",
"sense": "troops",
"norm": "ṣābāni",
"pos": "N",
"epos": "N"}
}
,
{
"node": "l",
"frag": "[x",
"id": "P393656.l03b0c",
"ref": "P393656.15.3",
"inst": "u",
"f": {"lang": "akk-x-neobab",
"form": "x",
"pos": "u"}
}
,
{
"node": "l",
"frag": "x",
"id": "P393656.l03b0d",
"ref": "P393656.15.4",
"inst": "u",
"f": {"lang": "akk-x-neobab",
"form": "x",
"pos": "u"}
}
,
{
"node": "l",
"frag": "x]",
"id": "P393656.l03b0e",
"ref": "P393656.15.5",
"inst": "u",
"f": {"lang": "akk-x-neobab",
"form": "x",
"pos": "u"}
}
,
{
"node": "d",
"type": "line-start",
"ref": "P393656.16",
"n": "3'",
"label": "r 3'"}
,
{
"node": "l",
"frag": "ša₂",
"id": "P393656.l03b0f",
"ref": "P393656.16.1",
"inst": "ša[who]REL",
"sig": "@saao/saa19%akk-x-neobab:ša₂=ša[that//who]REL'REL$ša",
"f": {"lang": "akk-x-neobab",
"form": "ša₂",
"cf": "ša",
"gw": "that",
"sense": "who",
"norm": "ša",
"pos": "REL",
"epos": "REL"}
}
,
{
"node": "l",
"frag": "a-di",
"id": "P393656.l03b10",
"ref": "P393656.16.2",
"inst": "+adi[until]PRP'SBJ$",
"sig": "@saao/saa19%akk-x-neobab:a-di=adi[until//until]PRP'SBJ$adi",
"f": {"lang": "akk-x-neobab",
"form": "a-di",
"cf": "adi",
"gw": "until",
"sense": "until",
"norm": "adi",
"pos": "PRP",
"epos": "SBJ"}
}
,
{
"node": "l",
"frag": "qi₂-⸢ti⸣",
"id": "P393656.l03b11",
"ref": "P393656.16.3",
"inst": "+qītu[end]N$qīti",
"sig": "@saao/saa19%akk-x-neobab:qi₂-ti=qītu[end//end]N'N$qīti",
"f": {"lang": "akk-x-neobab",
"form": "qi₂-ti",
"cf": "qītu",
"gw": "end",
"sense": "end",
"norm": "qīti",
"pos": "N",
"epos": "N"}
}
,
{
"node": "l",
"frag": "[x",
"id": "P393656.l03b12",
"ref": "P393656.16.4",
"inst": "u",
"f": {"lang": "akk-x-neobab",
"form": "x",
"pos": "u"}
}
,
{
"node": "l",
"frag": "x]",
"id": "P393656.l03b13",
"ref": "P393656.16.5",
"inst": "u",
"f": {"lang": "akk-x-neobab",
"form": "x",
"pos": "u"}
}
,
{
"node": "d",
"type": "line-start",
"ref": "P393656.17",
"n": "4'",
"label": "r 4'"}
,
{
"node": "l",
"frag": "ul",
"id": "P393656.l03b14",
"ref": "P393656.17.1",
"inst": "ul[not]MOD",
"sig": "@saao/saa19%akk-x-neobab:ul=ul[not//not]MOD'MOD$ul",
"f": {"lang": "akk-x-neobab",
"form": "ul",
"cf": "ul",
"gw": "not",
"sense": "not",
"norm": "ul",
"pos": "MOD",
"epos": "MOD"}
}
,
{
"node": "l",
"frag": "i-tu-ru",
"id": "P393656.l03b15",
"ref": "P393656.17.2",
"inst": "+târu[turn//return]V$itūru",
"sig": "@saao/saa19%akk-x-neobab:i-tu-ru=târu[turn//return]V'V$itūru",
"f": {"lang": "akk-x-neobab",
"form": "i-tu-ru",
"cf": "târu",
"gw": "turn",
"sense": "return",
"norm": "itūru",
"pos": "V",
"epos": "V"}
}
,
{
"node": "l",
"frag": "a-⸢du⸣-[u]",
"id": "P393656.l03b16",
"ref": "P393656.17.3",
"inst": "+adû[now]AV$",
"sig": "@saao/saa19%akk-x-neobab:a-du-u=adû[now//now]AV'AV$adû",
"f": {"lang": "akk-x-neobab",
"form": "a-du-u",
"cf": "adû",
"gw": "now",
"sense": "now",
"norm": "adû",
"pos": "AV",
"epos": "AV"}
}
,
{
"node": "d",
"type": "line-start",
"ref": "P393656.18",
"n": "5'",
"label": "r 5'"}
,
{
"node": "l",
"frag": "01",
"id": "P393656.l03b17",
"ref": "P393656.18.1",
"inst": "n",
"f": {"lang": "akk-x-neobab",
"form": "01",
"pos": "n"}
}
,
{
"node": "l",
"frag": "me",
"id": "P393656.l03b18",
"ref": "P393656.18.2",
"inst": "mē[(one) hundred]NU",
"sig": "@saao/saa19%akk-x-neobab:me=meʾatu[(one) hundred//(one) hundred]NU'NU$mē",
"f": {"lang": "akk-x-neobab",
"form": "me",
"cf": "meʾatu",
"gw": "(one) hundred",
"sense": "(one) hundred",
"norm": "mē",
"pos": "NU",
"epos": "NU"}
}
,
{
"node": "l",
"frag": "ERIM-MEŠ",
"id": "P393656.l03b19",
"ref": "P393656.18.3",
"inst": "ṣābāni[troops]N",
"sig": "@saao/saa19%akk-x-neobab:ERIM-MEŠ=ṣābu[people//troops]N'N$ṣābāni",
"f": {"lang": "akk-x-neobab",
"form": "ERIM-MEŠ",
"cf": "ṣābu",
"gw": "people",
"sense": "troops",
"norm": "ṣābāni",
"pos": "N",
"epos": "N"}
}
,
{
"node": "l",
"frag": "ina",
"id": "P393656.l03b1a",
"ref": "P393656.18.4",
"inst": "ina[in+=there]PRP",
"sig": "@saao/saa19%akk-x-neobab:ina=ina[in//in]PRP'PRP$ina",
"f": {"lang": "akk-x-neobab",
"form": "ina",
"cf": "ina",
"gw": "in",
"sense": "in",
"norm": "ina",
"pos": "PRP",
"epos": "PRP"}
}
,
{
"node": "l",
"frag": "ŠA₃-bi-⸢šu₂⸣",
"id": "P393656.l03b1b",
"ref": "P393656.18.5",
"inst": "libbīšu[interior]N",
"sig": "@saao/saa19%akk-x-neobab:ŠA₃-bi-šu₂=libbu[interior//interior]N'N$libbīšu",
"f": {"lang": "akk-x-neobab",
"form": "ŠA₃-bi-šu₂",
"cf": "libbu",
"gw": "interior",
"sense": "interior",
"norm": "libbīšu",
"pos": "N",
"epos": "N"}
}
,
{
"node": "d",
"type": "line-start",
"ref": "P393656.19",
"n": "6'",
"label": "r 6'"}
,
{
"node": "l",
"frag": "a-na",
"id": "P393656.l03b1c",
"ref": "P393656.19.1",
"inst": "ana[to//for]PRP",
"sig": "@saao/saa19%akk-x-neobab:a-na=ana[to//for]PRP'PRP$ana",
"f": {"lang": "akk-x-neobab",
"form": "a-na",
"cf": "ana",
"gw": "to",
"sense": "for",
"norm": "ana",
"pos": "PRP",
"epos": "PRP"}
}
,
{
"node": "l",
"frag": "kal-le-e",
"id": "P393656.l03b1d",
"ref": "P393656.19.2",
"inst": "+kallû[express messenger]N$kallê",
"sig": "@saao/saa19%akk-x-neobab:kal-le-e=kallû[express messenger//express messenger]N'N$kallê",
"f": {"lang": "akk-x-neobab",
"form": "kal-le-e",
"cf": "kallû",
"gw": "express messenger",
"sense": "express messenger",
"norm": "kallê",
"pos": "N",
"epos": "N"}
}
,
{
"node": "l",
"frag": "ša₂",
"id": "P393656.l03b1e",
"ref": "P393656.19.3",
"inst": "ša[of]DET",
"sig": "@saao/saa19%akk-x-neobab:ša₂=ša[of//of]DET'DET$ša",
"f": {"lang": "akk-x-neobab",
"form": "ša₂",
"cf": "ša",
"gw": "of",
"sense": "of",
"norm": "ša",
"pos": "DET",
"epos": "DET"}
}
,
{
"node": "l",
"frag": "⸢LUGAL⸣",
"id": "P393656.l03b1f",
"ref": "P393656.19.4",
"inst": "šarri[king]N",
"sig": "@saao/saa19%akk-x-neobab:LUGAL=šarru[king//king]N'N$šarri",
"f": {"lang": "akk-x-neobab",
"form": "LUGAL",
"cf": "šarru",
"gw": "king",
"sense": "king",
"norm": "šarri",
"pos": "N",
"epos": "N"}
}
,
{
"node": "d",
"type": "line-start",
"ref": "P393656.20",
"n": "7'",
"label": "r 7'"}
,
{
"node": "l",
"frag": "ul-ta-aṣ-bat",
"id": "P393656.l03b20",
"ref": "P393656.20.1",
"inst": "+ṣabātu[seize//provide]V'V$ultaṣbat",
"sig": "@saao/saa19%akk-x-neobab:ul-ta-aṣ-bat=ṣabātu[seize//provide]V'V$ultaṣbat",
"f": {"lang": "akk-x-neobab",
"form": "ul-ta-aṣ-bat",
"cf": "ṣabātu",
"gw": "seize",
"sense": "provide",
"norm": "ultaṣbat",
"pos": "V",
"epos": "V"}
}
,
{
"node": "l",
"frag": "DINGIR-MEŠ",
"id": "P393656.l03b21",
"ref": "P393656.20.2",
"inst": "ilāni[god]N",
"sig": "@saao/saa19%akk-x-neobab:DINGIR-MEŠ=ilu[god//god]N'N$ilāni",
"f": {"lang": "akk-x-neobab",
"form": "DINGIR-MEŠ",
"cf": "ilu",
"gw": "god",
"sense": "god",
"norm": "ilāni",
"pos": "N",
"epos": "N"}
}
,
{
"node": "d",
"type": "line-start",
"ref": "P393656.21",
"n": "8'",
"label": "r 8'"}
,
{
"node": "l",
"frag": "ša₂",
"id": "P393656.l03b22",
"ref": "P393656.21.1",
"inst": "ša[of]DET",
"sig": "@saao/saa19%akk-x-neobab:ša₂=ša[of//of]DET'DET$ša",
"f": {"lang": "akk-x-neobab",
"form": "ša₂",
"cf": "ša",
"gw": "of",
"sense": "of",
"norm": "ša",
"pos": "DET",
"epos": "DET"}
}
,
{
"node": "l",
"frag": "LUGAL",
"id": "P393656.l03b23",
"ref": "P393656.21.2",
"inst": "šarri[king]N",
"sig": "@saao/saa19%akk-x-neobab:LUGAL=šarru[king//king]N'N$šarri",
"f": {"lang": "akk-x-neobab",
"form": "LUGAL",
"cf": "šarru",
"gw": "king",
"sense": "king",
"norm": "šarri",
"pos": "N",
"epos": "N"}
}
,
{
"node": "l",
"frag": "be-li₂-ia₂",
"id": "P393656.l03b24",
"ref": "P393656.21.3",
"inst": "bēlīya[lord]N",
"sig": "@saao/saa19%akk-x-neobab:be-li₂-ia₂=bēlu[lord//lord]N'N$bēlīya",
"f": {"lang": "akk-x-neobab",
"form": "be-li₂-ia₂",
"cf": "bēlu",
"gw": "lord",
"sense": "lord",
"norm": "bēlīya",
"pos": "N",
"epos": "N"}
}
,
{
"node": "l",
"frag": "lu-u₂",
"id": "P393656.l03b25",
"ref": "P393656.21.4",
"inst": "lū[may]MOD",
"sig": "@saao/saa19%akk-x-neobab:lu-u₂=lū[may//may]MOD'MOD$lū",
"f": {"lang": "akk-x-neobab",
"form": "lu-u₂",
"cf": "lū",
"gw": "may",
"sense": "may",
"norm": "lū",
"pos": "MOD",
"epos": "MOD"}
}
,
{
"node": "d",
"type": "line-start",
"ref": "P393656.22",
"n": "9'",
"label": "r 9'"}
,
{
"node": "l",
"frag": "⸢i⸣-du-u₂",
"id": "P393656.l03b26",
"ref": "P393656.22.1",
"inst": "īdû[know]V",
"sig": "@saao/saa19%akk-x-neobab:i-du-u₂=wadû[know//know]V'V$īdû",
"f": {"lang": "akk-x-neobab",
"form": "i-du-u₂",
"cf": "wadû",
"gw": "know",
"sense": "know",
"norm": "īdû",
"pos": "V",
"epos": "V"}
}
,
{
"node": "l",
"frag": "ki-⸢i⸣",
"id": "P393656.l03b27",
"ref": "P393656.22.2",
"inst": "+kī[like//that]PRP'SBJ$kî",
"sig": "@saao/saa19%akk-x-neobab:ki-i=kī[like//that]PRP'SBJ$kî",
"f": {"lang": "akk-x-neobab",
"form": "ki-i",
"cf": "kī",
"gw": "like",
"sense": "that",
"norm": "kî",
"pos": "PRP",
"epos": "SBJ"}
}
,
{
"node": "d",
"subtype": "right",
"type": "surface",
"ref": "P393656.r.e..23",
"type": "right",
"label": "r.e."}
,
{
"node": "d",
"type": "line-start",
"ref": "P393656.24",
"n": "10",
"label": "r.e. 10"}
,
{
"node": "l",
"frag": "a-na-ku",
"id": "P393656.l03b28",
"ref": "P393656.24.1",
"inst": "anāku[I]IP",
"sig": "@saao/saa19%akk-x-neobab:a-na-ku=anāku[I//I]IP'IP$anāku",
"f": {"lang": "akk-x-neobab",
"form": "a-na-ku",
"cf": "anāku",
"gw": "I",
"sense": "I",
"norm": "anāku",
"pos": "IP",
"epos": "IP"}
}
,
{
"node": "l",
"frag": "u",
"id": "P393656.l03b29",
"ref": "P393656.24.2",
"inst": "u[and]CNJ",
"sig": "@saao/saa19%akk-x-neobab:u=u[and//and]CNJ'CNJ$u",
"f": {"lang": "akk-x-neobab",
"form": "u",
"cf": "u",
"gw": "and",
"sense": "and",
"norm": "u",
"pos": "CNJ",
"epos": "CNJ"}
}
,
{
"node": "l",
"frag": "AD-ia₂",
"id": "P393656.l03b2a",
"ref": "P393656.24.3",
"inst": "+abu[father]N$abīya",
"sig": "@saao/saa19%akk-x-neobab:AD-ia₂=abu[father//father]N'N$abīya",
"f": {"lang": "akk-x-neobab",
"form": "AD-ia₂",
"cf": "abu",
"gw": "father",
"sense": "father",
"norm": "abīya",
"pos": "N",
"epos": "N"}
}
,
{
"node": "l",
"frag": "la",
"id": "P393656.l03b2b",
"ref": "P393656.24.4",
"inst": "lā[not]MOD",
"sig": "@saao/saa19%akk-x-neobab:la=lā[not//not]MOD'MOD$lā",
"f": {"lang": "akk-x-neobab",
"form": "la",
"cf": "lā",
"gw": "not",
"sense": "not",
"norm": "lā",
"pos": "MOD",
"epos": "MOD"}
}
,
{
"node": "d",
"type": "line-start",
"ref": "P393656.25",
"n": "11",
"label": "r.e. 11"}
,
{
"node": "l",
"frag": "{lu₂}ARAD-a-nu",
"id": "P393656.l03b2c",
"ref": "P393656.25.1",
"inst": "+ardu[slave//servant]N$ardānu",
"sig": "@saao/saa19%akk-x-neobab:{LU₂}ARAD-a-nu=ardu[slave//servant]N'N$ardānu",
"f": {"lang": "akk-x-neobab",
"form": "{LU₂}ARAD-a-nu",
"cf": "ardu",
"gw": "slave",
"sense": "servant",
"norm": "ardānu",
"pos": "N",
"epos": "N"}
}
,
{
"node": "l",
"frag": "ša₂",
"id": "P393656.l03b2d",
"ref": "P393656.25.2",
"inst": "ša[of]DET",
"sig": "@saao/saa19%akk-x-neobab:ša₂=ša[of//of]DET'DET$ša",
"f": {"lang": "akk-x-neobab",
"form": "ša₂",
"cf": "ša",
"gw": "of",
"sense": "of",
"norm": "ša",
"pos": "DET",
"epos": "DET"}
}
,
{
"node": "l",
"frag": "LUGAL",
"id": "P393656.l03b2e",
"ref": "P393656.25.3",
"inst": "šarri[king]N",
"sig": "@saao/saa19%akk-x-neobab:LUGAL=šarru[king//king]N'N$šarri",
"f": {"lang": "akk-x-neobab",
"form": "LUGAL",
"cf": "šarru",
"gw": "king",
"sense": "king",
"norm": "šarri",
"pos": "N",
"epos": "N"}
}
,
{
"node": "l",
"frag": "be-⸢li₂⸣-ia₂",
"id": "P393656.l03b2f",
"ref": "P393656.25.4",
"inst": "bēlīya[lord]N",
"sig": "@saao/saa19%akk-x-neobab:be-li₂-ia₂=bēlu[lord//lord]N'N$bēlīya",
"f": {"lang": "akk-x-neobab",
"form": "be-li₂-ia₂",
"cf": "bēlu",
"gw": "lord",
"sense": "lord",
"norm": "bēlīya",
"pos": "N",
"epos": "N"}
}
,
{
"node": "d",
"type": "line-start",
"ref": "P393656.26",
"n": "12",
"label": "r.e. 12"}
,
{
"node": "l",
"frag": "a-⸢na⸣",
"id": "P393656.l03b30",
"ref": "P393656.26.1",
"inst": "ana[to]PRP",
"sig": "@saao/saa19%akk-x-neobab:a-na=ana[to//to]PRP'PRP$ana",
"f": {"lang": "akk-x-neobab",
"form": "a-na",
"cf": "ana",
"gw": "to",
"sense": "to",
"norm": "ana",
"pos": "PRP",
"epos": "PRP"}
}
,
{
"node": "l",
"frag": "LUGAL",
"id": "P393656.l03b31",
"ref": "P393656.26.2",
"inst": "šarri[king]N",
"sig": "@saao/saa19%akk-x-neobab:LUGAL=šarru[king//king]N'N$šarri",
"f": {"lang": "akk-x-neobab",
"form": "LUGAL",
"cf": "šarru",
"gw": "king",
"sense": "king",
"norm": "šarri",
"pos": "N",
"epos": "N"}
}
,
{
"node": "l",
"frag": "la",
"id": "P393656.l03b32",
"ref": "P393656.26.3",
"inst": "lā[not]MOD",
"sig": "@saao/saa19%akk-x-neobab:la=lā[not//not]MOD'MOD$lā",
"f": {"lang": "akk-x-neobab",
"form": "la",
"cf": "lā",
"gw": "not",
"sense": "not",
"norm": "lā",
"pos": "MOD",
"epos": "MOD"}
}
,
{
"node": "l",
"frag": "qab-⸢le-e-nu⸣",
"id": "P393656.l03b33",
"ref": "P393656.26.4",
"inst": "+qablu[hips//loins]N$qablēnu",
"sig": "@saao/saa19%akk-x-neobab:qab-le-e-nu=qablu[hips//loins]N'N$qablēnu",
"f": {"lang": "akk-x-neobab",
"form": "qab-le-e-nu",
"cf": "qablu",
"gw": "hips",
"sense": "loins",
"norm": "qablēnu",
"pos": "N",
"epos": "N"}
}
,
{
"node": "d",
"subtype": "edge",
"type": "surface",
"ref": "P393656.e..27",
"type": "edge",
"label": "e."}
,
{
"node": "d",
"type": "line-start",
"ref": "P393656.28",
"n": "1",
"label": "e. 1"}
,
{
"node": "l",
"frag": "[rak-sa",
"id": "P393656.l03b34",
"ref": "P393656.28.1",
"inst": "+raksu[bound//equipped]AJ'AJ$raksa",
"sig": "@saao/saa19%akk-x-neobab:rak-sa=raksu[bound//equipped]AJ'AJ$raksa",
"f": {"lang": "akk-x-neobab",
"form": "rak-sa",
"cf": "raksu",
"gw": "bound",
"sense": "equipped",
"norm": "raksa",
"pos": "AJ",
"epos": "AJ"}
}
,
{
"node": "l",
"frag": "x",
"id": "P393656.l03b35",
"ref": "P393656.28.2",
"inst": "u",
"f": {"lang": "akk-x-neobab",
"form": "x",
"pos": "u"}
}
,
{
"node": "l",
"frag": "x",
"id": "P393656.l03b36",
"ref": "P393656.28.3",
"inst": "u",
"f": {"lang": "akk-x-neobab",
"form": "x",
"pos": "u"}
}
,
{
"node": "l",
"frag": "x]+⸢x⸣",
"id": "P393656.l03b37",
"ref": "P393656.28.4",
"inst": "u",
"f": {"lang": "akk-x-neobab",
"form": "x+x",
"pos": "u"}
}
,
{
"node": "l",
"frag": "LUGAL",
"id": "P393656.l03b38",
"ref": "P393656.28.5",
"inst": "šarru[king]N",
"sig": "@saao/saa19%akk-x-neobab:LUGAL=šarru[king//king]N'N$šar",
"f": {"lang": "akk-x-neobab",
"form": "LUGAL",
"cf": "šarru",
"gw": "king",
"sense": "king",
"norm": "šar",
"pos": "N",
"epos": "N"}
}
,
{
"node": "l",
"frag": "li-iṣ-rim",
"id": "P393656.l03b39",
"ref": "P393656.28.6",
"inst": "+ṣarāmu[strive]V$liṣrim",
"sig": "@saao/saa19%akk-x-neobab:li-iṣ-rim=ṣarāmu[strive//strive]V'V$liṣrim",
"f": {"lang": "akk-x-neobab",
"form": "li-iṣ-rim",
"cf": "ṣarāmu",
"gw": "strive",
"sense": "strive",
"norm": "liṣrim",
"pos": "V",
"epos": "V"}
}
,
{
"node": "d",
"type": "line-start",
"ref": "P393656.29",
"n": "2",
"label": "e. 2"}
,
{
"node": "l",
"frag": "[x",
"id": "P393656.l03b3a",
"ref": "P393656.29.1",
"inst": "u",
"f": {"lang": "akk-x-neobab",
"form": "x",
"pos": "u"}
}
,
{
"node": "l",
"frag": "x",
"id": "P393656.l03b3b",
"ref": "P393656.29.2",
"inst": "u",
"f": {"lang": "akk-x-neobab",
"form": "x",
"pos": "u"}
}
,
{
"node": "l",
"frag": "it]-⸢ta⸣-an-na",
"id": "P393656.l03b3c",
"ref": "P393656.29.3",
"inst": "ittanna[give]V",
"sig": "@saao/saa19%akk-x-neobab:it-ta-an-na=nadānu[give//give]V'V$ittanna",
"f": {"lang": "akk-x-neobab",
"form": "it-ta-an-na",
"cf": "nadānu",
"gw": "give",
"sense": "give",
"norm": "ittanna",
"pos": "V",
"epos": "V"}
}
,
{
"node": "l",
"frag": "mi-nu-u₂",
"id": "P393656.l03b3d",
"ref": "P393656.29.4",
"inst": "+mīnu[what?]QP$minû",
"sig": "@saao/saa19%akk-x-neobab:mi-nu-u₂=mīnu[what?//what?]QP'QP$minû",
"f": {"lang": "akk-x-neobab",
"form": "mi-nu-u₂",
"cf": "mīnu",
"gw": "what?",
"sense": "what?",
"norm": "minû",
"pos": "QP",
"epos": "QP"}
}
,
{
"node": "d",
"type": "line-start",
"ref": "P393656.30",
"n": "3",
"label": "e. 3"}
,
{
"node": "l",
"frag": "[lu-din",
"id": "P393656.l03b3e",
"ref": "P393656.30.1",
"inst": "+nadānu[give]V$luddin",
"sig": "@saao/saa19%akk-x-neobab:lu-din=nadānu[give//give]V'V$luddin",
"f": {"lang": "akk-x-neobab",
"form": "lu-din",
"cf": "nadānu",
"gw": "give",
"sense": "give",
"norm": "luddin",
"pos": "V",
"epos": "V"}
}
,
{
"node": "l",
"frag": "šul]-mu",
"id": "P393656.l03b3f",
"ref": "P393656.30.2",
"inst": "šulmu[health]N",
"sig": "@saao/saa19%akk-x-neobab:šul-mu=šulmu[completeness//health]N'N$šulmu",
"f": {"lang": "akk-x-neobab",
"form": "šul-mu",
"cf": "šulmu",
"gw": "completeness",
"sense": "health",
"norm": "šulmu",
"pos": "N",
"epos": "N"}
}
,
{
"node": "l",
"frag": "ša₂",
"id": "P393656.l03b40",
"ref": "P393656.30.3",
"inst": "ša[of]DET",
"sig": "@saao/saa19%akk-x-neobab:ša₂=ša[of//of]DET'DET$ša",
"f": {"lang": "akk-x-neobab",
"form": "ša₂",
"cf": "ša",
"gw": "of",
"sense": "of",
"norm": "ša",
"pos": "DET",
"epos": "DET"}
}
,
{
"node": "l",
"frag": "LUGAL",
"id": "P393656.l03b41",
"ref": "P393656.30.4",
"inst": "šarri[king]N",
"sig": "@saao/saa19%akk-x-neobab:LUGAL=šarru[king//king]N'N$šarri",
"f": {"lang": "akk-x-neobab",
"form": "LUGAL",
"cf": "šarru",
"gw": "king",
"sense": "king",
"norm": "šarri",
"pos": "N",
"epos": "N"}
}
,
{
"node": "l",
"frag": "be-li₂-ia₂",
"id": "P393656.l03b42",
"ref": "P393656.30.5",
"inst": "bēlīya[lord]N",
"sig": "@saao/saa19%akk-x-neobab:be-li₂-ia₂=bēlu[lord//lord]N'N$bēlīya",
"f": {"lang": "akk-x-neobab",
"form": "be-li₂-ia₂",
"cf": "bēlu",
"gw": "lord",
"sense": "lord",
"norm": "bēlīya",
"pos": "N",
"epos": "N"}
}
,
{
"node": "l",
"frag": "[o]",
"id": "P393656.l03b43",
"ref": "P393656.30.6",
"inst": "u",
"f": {"lang": "akk-x-neobab",
"form": "o",
"pos": "u"}
}
,
{
"node": "d",
"type": "line-start",
"ref": "P393656.31",
"n": "4",
"label": "e. 4"}
,
{
"node": "l",
"frag": "[lu-uš]-⸢me₂⸣-e-ma",
"id": "P393656.l03b44",
"ref": "P393656.31.1",
"inst": "+šemû[hear]V$lušmēma",
"sig": "@saao/saa19%akk-x-neobab:lu-uš-me₂-e-ma=šemû[hear//hear]V'V$lušmēma",
"f": {"lang": "akk-x-neobab",
"form": "lu-uš-me₂-e-ma",
"cf": "šemû",
"gw": "hear",
"sense": "hear",
"norm": "lušmēma",
"pos": "V",
"epos": "V"}
}
,
{
"node": "l",
"frag": "lu-uh-ma",
"id": "P393656.l03b45",
"ref": "P393656.31.2",
"inst": "+hamû[trust//rejoice]V$luhma",
"sig": "@saao/saa19%akk-x-neobab:lu-uh-ma=hamû[trust//rejoice]V'V$luhma",
"f": {"lang": "akk-x-neobab",
"form": "lu-uh-ma",
"cf": "hamû",
"gw": "trust",
"sense": "rejoice",
"norm": "luhma",
"pos": "V",
"epos": "V"}
}
]}
]}
]}
]}
