{
"type": "cdl",
  "source": "http://oracc.org/saao/saa19",
  "license": "This data is released under the CC0 license",
  "license-url": "https://creativecommons.org/publicdomain/zero/1.0/",
  "more-info": "http://oracc.org/doc/opendata/",
  "UTC-timestamp": "2017-05-19T12:04:04",
"project": "saao/saa19",
"textid": "P393676",
"cdl": [
{
"node": "c",
"type": "text",
"id": "P393676.U0",
"cdl": [
{
"node": "d",
"type": "object",
"ref": ""}
,
{
"node": "d",
"subtype": "obverse",
"type": "surface",
"ref": "P393676.o.1",
"type": "obverse",
"label": "o"}
,
{
"node": "c",
"type": "discourse",
"subtype": "body",
"id": "P393676.U1",
"cdl": [
{
"node": "c",
"type": "sentence",
"id": "P393676.U2",
"label": "o 1 - e. 1",
"cdl": [
{
"node": "d",
"type": "line-start",
"ref": "P393676.2",
"n": "1",
"label": "o 1"}
,
{
"node": "l",
"frag": "a-na",
"id": "P393676.l05a52",
"ref": "P393676.2.1",
"inst": "ana[to]PRP",
"sig": "@saao/saa19%akk-x-neoass:a-na=ana[to//to]PRP'PRP$ana",
"f": {"lang": "akk-x-neoass",
"form": "a-na",
"cf": "ana",
"gw": "to",
"sense": "to",
"norm": "ana",
"pos": "PRP",
"epos": "PRP"}
}
,
{
"node": "l",
"frag": "⸢LUGAL\\d⸣",
"id": "P393676.l05a53",
"ref": "P393676.2.2",
"inst": "šarri[king]N",
"sig": "@saao/saa19%akk-x-neoass:LUGAL=šarru[king//king]N'N$šarri",
"f": {"lang": "akk-x-neoass",
"form": "LUGAL",
"cf": "šarru",
"gw": "king",
"sense": "king",
"norm": "šarri",
"pos": "N",
"epos": "N"}
}
,
{
"node": "l",
"frag": "EN-ia",
"id": "P393676.l05a54",
"ref": "P393676.2.3",
"inst": "bēlīya[lord]N",
"sig": "@saao/saa19%akk-x-neoass:EN-ia=bēlu[lord//lord]N'N$bēlīya",
"f": {"lang": "akk-x-neoass",
"form": "EN-ia",
"cf": "bēlu",
"gw": "lord",
"sense": "lord",
"norm": "bēlīya",
"pos": "N",
"epos": "N"}
}
,
{
"node": "d",
"type": "line-start",
"ref": "P393676.3",
"n": "2",
"label": "o 2"}
,
{
"node": "l",
"frag": "ARAD-ka",
"id": "P393676.l05a55",
"ref": "P393676.3.1",
"inst": "+ardu[slave//servant]N$urdaka",
"sig": "@saao/saa19%akk-x-neoass:ARAD-ka=ardu[slave//servant]N'N$urdaka",
"f": {"lang": "akk-x-neoass",
"form": "ARAD-ka",
"cf": "ardu",
"gw": "slave",
"sense": "servant",
"norm": "urdaka",
"pos": "N",
"epos": "N"}
}
,
{
"node": "l",
"frag": "{1}30--SAG.KAL\\d",
"id": "P393676.l05a56",
"ref": "P393676.3.2",
"inst": "+Sin-ašared[1]PN$",
"sig": "@saao/saa19%akk-x-neoass:{1}30-SAG.KAL=Sin-ašared[1//1]PN'PN$Sin-ašared",
"f": {"lang": "akk-x-neoass",
"form": "{1}30-SAG.KAL",
"cf": "Sin-ašared",
"gw": "1",
"sense": "1",
"norm": "Sin-ašared",
"pos": "PN",
"epos": "PN"}
}
,
{
"node": "d",
"type": "line-start",
"ref": "P393676.4",
"n": "3",
"label": "o 3"}
,
{
"node": "l",
"frag": "lu",
"id": "P393676.l05a57",
"ref": "P393676.4.1",
"inst": "lū[may]MOD",
"sig": "@saao/saa19%akk-x-neoass:lu=lū[may//may]MOD'MOD$lū",
"f": {"lang": "akk-x-neoass",
"form": "lu",
"cf": "lū",
"gw": "may",
"sense": "may",
"norm": "lū",
"pos": "MOD",
"epos": "MOD"}
}
,
{
"node": "l",
"frag": "DI-mu",
"id": "P393676.l05a58",
"ref": "P393676.4.2",
"inst": "šulmu[health]N",
"sig": "@saao/saa19%akk-x-neoass:DI-mu=šulmu[completeness//health]N'N$šulmu",
"f": {"lang": "akk-x-neoass",
"form": "DI-mu",
"cf": "šulmu",
"gw": "completeness",
"sense": "health",
"norm": "šulmu",
"pos": "N",
"epos": "N"}
}
,
{
"node": "l",
"frag": "a-na",
"id": "P393676.l05a59",
"ref": "P393676.4.3",
"inst": "ana[to]PRP",
"sig": "@saao/saa19%akk-x-neoass:a-na=ana[to//to]PRP'PRP$ana",
"f": {"lang": "akk-x-neoass",
"form": "a-na",
"cf": "ana",
"gw": "to",
"sense": "to",
"norm": "ana",
"pos": "PRP",
"epos": "PRP"}
}
,
{
"node": "l",
"frag": "LUGAL\\d",
"id": "P393676.l05a5a",
"ref": "P393676.4.4",
"inst": "šarri[king]N",
"sig": "@saao/saa19%akk-x-neoass:LUGAL=šarru[king//king]N'N$šarri",
"f": {"lang": "akk-x-neoass",
"form": "LUGAL",
"cf": "šarru",
"gw": "king",
"sense": "king",
"norm": "šarri",
"pos": "N",
"epos": "N"}
}
,
{
"node": "l",
"frag": "EN-ia",
"id": "P393676.l05a5b",
"ref": "P393676.4.5",
"inst": "bēlīya[lord]N",
"sig": "@saao/saa19%akk-x-neoass:EN-ia=bēlu[lord//lord]N'N$bēlīya",
"f": {"lang": "akk-x-neoass",
"form": "EN-ia",
"cf": "bēlu",
"gw": "lord",
"sense": "lord",
"norm": "bēlīya",
"pos": "N",
"epos": "N"}
}
,
{
"node": "d",
"type": "line-start",
"ref": "P393676.5",
"n": "4",
"label": "o 4"}
,
{
"node": "c",
"type": "phrase",
"tag": "phr",
"id": "P393676.U4",
"ref": "P393676.ls00000",
"cdl": [
{
"node": "l",
"frag": "{lu₂vy}A-⸢KIN\\tm⸣-MEŠ\\m",
"id": "P393676.l05a5c",
"ref": "P393676.5.1",
"cof-tails": "P393676.l05a5d",
"inst": "māru[son]N$mār&šipru[sending]N$šiprāni",
"sig": "@saao/saa19%akk-x-neoass:{LU₂}A-KIN-MEŠ=māru[son//son]N'N$mār&&@saao/saa19%akk-x-neoass:=šipru[sending//sending]N'N$šiprāni",
"f": {"lang": "akk-x-neoass",
"form": "{LU₂}A-KIN-MEŠ",
"cf": "māru",
"gw": "son",
"sense": "son",
"norm": "mār",
"pos": "N",
"epos": "N"}
}
,
{
"node": "l",
"frag": "{lu₂vy}A-⸢KIN\\tm⸣-MEŠ\\m",
"id": "P393676.l05a5d",
"ref": "P393676.5.1",
"cof-head": "P393676.l05a5c",
"inst": "māru[son]N$mār&šipru[sending]N$šiprāni",
"tail-sig": "@saao/saa19%akk-x-neoass:=šipru[sending//sending]N'N$šiprāni",
"f": {"lang": "akk-x-neoass",
"form": "{LU₂}A-KIN-MEŠ",
"cf": "šipru",
"gw": "sending",
"sense": "sending",
"norm": "šiprāni",
"pos": "N",
"epos": "N"}
}
]}
,
{
"node": "l",
"frag": "TA@v\\dm",
"id": "P393676.l05a5e",
"ref": "P393676.5.2",
"inst": "issu[from+=from]PRP",
"sig": "@saao/saa19%akk-x-neoass:TA@v=ištu[from//from]PRP'PRP$issu",
"f": {"lang": "akk-x-neoass",
"form": "TA@v",
"cf": "ištu",
"gw": "from",
"sense": "from",
"norm": "issu",
"pos": "PRP",
"epos": "PRP"}
}
,
{
"node": "l",
"frag": "ŠA₃-bi",
"id": "P393676.l05a5f",
"ref": "P393676.5.3",
"inst": "libbi[interior]N",
"sig": "@saao/saa19%akk-x-neoass:ŠA₃-bi=libbu[interior//interior]N'N$libbi",
"f": {"lang": "akk-x-neoass",
"form": "ŠA₃-bi",
"cf": "libbu",
"gw": "interior",
"sense": "interior",
"norm": "libbi",
"pos": "N",
"epos": "N"}
}
,
{
"node": "l",
"frag": "{uru}BAD₃\\yp-la-di-⸢ni⸣",
"id": "P393676.l05a60",
"ref": "P393676.5.4",
"inst": "Dur-Ladini[1]GN",
"sig": "@saao/saa19%akk-x-neoass:{URU}BAD₃-la-di-ni=Dur-Ladini[1//1]GN'GN$Dur-Ladini",
"f": {"lang": "akk-x-neoass",
"form": "{URU}BAD₃-la-di-ni",
"cf": "Dur-Ladini",
"gw": "1",
"sense": "1",
"norm": "Dur-Ladini",
"pos": "GN",
"epos": "GN"}
}
,
{
"node": "d",
"type": "line-start",
"ref": "P393676.6",
"n": "5",
"label": "o 5"}
,
{
"node": "l",
"frag": "i-tal\\d-ku-⸢ni⸣",
"id": "P393676.l05a61",
"ref": "P393676.6.1",
"inst": "ittalkūni[come]V",
"sig": "@saao/saa19%akk-x-neoass:i-tal-ku-ni=alāku[go//come]V'V$ittalkūni",
"f": {"lang": "akk-x-neoass",
"form": "i-tal-ku-ni",
"cf": "alāku",
"gw": "go",
"sense": "come",
"norm": "ittalkūni",
"pos": "V",
"epos": "V"}
}
,
{
"node": "l",
"frag": "ma-a",
"id": "P393676.l05a62",
"ref": "P393676.6.2",
"inst": "mā[saying]PRP",
"sig": "@saao/saa19%akk-x-neoass:ma-a=mā[saying//saying]PRP'PRP$mā",
"f": {"lang": "akk-x-neoass",
"form": "ma-a",
"cf": "mā",
"gw": "saying",
"sense": "saying",
"norm": "mā",
"pos": "PRP",
"epos": "PRP"}
}
,
{
"node": "l",
"frag": "e-mu-⸢qi\\tm⸣",
"id": "P393676.l05a63",
"ref": "P393676.6.3",
"inst": "emūqī[troops]N",
"sig": "@saao/saa19%akk-x-neoass:e-mu-qi=emūqu[strength//troops]N'N$emūqī",
"f": {"lang": "akk-x-neoass",
"form": "e-mu-qi",
"cf": "emūqu",
"gw": "strength",
"sense": "troops",
"norm": "emūqī",
"pos": "N",
"epos": "N"}
}
,
{
"node": "d",
"type": "line-start",
"ref": "P393676.7",
"n": "6",
"label": "o 6"}
,
{
"node": "l",
"frag": "⸢ša⸣",
"id": "P393676.l05a64",
"ref": "P393676.7.1",
"inst": "ša[of]DET",
"sig": "@saao/saa19%akk-x-neoass:ša=ša[of//of]DET'DET$ša",
"f": {"lang": "akk-x-neoass",
"form": "ša",
"cf": "ša",
"gw": "of",
"sense": "of",
"norm": "ša",
"pos": "DET",
"epos": "DET"}
}
,
{
"node": "l",
"frag": "DUMU-{1}NUMUN-i",
"id": "P393676.l05a65",
"ref": "P393676.7.2",
"inst": "+Mar-Zeri[1]PN$",
"sig": "@saao/saa19%akk-x-neoass:DUMU-{1}NUMUN-i=Mar-Zeri[1//1]PN'PN$Mar-Zeri",
"f": {"lang": "akk-x-neoass",
"form": "DUMU-{1}NUMUN-i",
"cf": "Mar-Zeri",
"gw": "1",
"sense": "1",
"norm": "Mar-Zeri",
"pos": "PN",
"epos": "PN"}
}
,
{
"node": "l",
"frag": "ma-a",
"id": "P393676.l05a66",
"ref": "P393676.7.3",
"inst": "mā[saying]PRP",
"sig": "@saao/saa19%akk-x-neoass:ma-a=mā[saying//saying]PRP'PRP$mā",
"f": {"lang": "akk-x-neoass",
"form": "ma-a",
"cf": "mā",
"gw": "saying",
"sense": "saying",
"norm": "mā",
"pos": "PRP",
"epos": "PRP"}
}
,
{
"node": "l",
"frag": "02",
"id": "P393676.l05a67",
"ref": "P393676.7.4",
"inst": "n",
"f": {"lang": "akk-x-neoass",
"form": "02",
"pos": "n"}
}
,
{
"node": "l",
"frag": "me",
"id": "P393676.l05a68",
"ref": "P393676.7.5",
"inst": "mē[hundred]NU",
"sig": "@saao/saa19%akk-x-neoass:me=meʾatu[(one) hundred//(one) hundred]NU'NU$mē",
"f": {"lang": "akk-x-neoass",
"form": "me",
"cf": "meʾatu",
"gw": "(one) hundred",
"sense": "(one) hundred",
"norm": "mē",
"pos": "NU",
"epos": "NU"}
}
,
{
"node": "l",
"frag": "50",
"id": "P393676.l05a69",
"ref": "P393676.7.6",
"inst": "n",
"f": {"lang": "akk-x-neoass",
"form": "50",
"pos": "n"}
}
,
{
"node": "l",
"frag": "BAD-HAL",
"id": "P393676.l05a6a",
"ref": "P393676.7.7",
"inst": "pēthallu[riding horse]N",
"sig": "@saao/saa19%akk-x-neoass:BAD-HAL=pēthallu[riding horse//riding horse]N'N$pēthallu",
"f": {"lang": "akk-x-neoass",
"form": "BAD-HAL",
"cf": "pēthallu",
"gw": "riding horse",
"sense": "riding horse",
"norm": "pēthallu",
"pos": "N",
"epos": "N"}
}
,
{
"node": "d",
"type": "line-start",
"ref": "P393676.8",
"n": "7",
"label": "o 7"}
,
{
"node": "l",
"frag": "[ma-a]",
"id": "P393676.l05a6b",
"ref": "P393676.8.1",
"inst": "mā[saying]PRP",
"sig": "@saao/saa19%akk-x-neoass:ma-a=mā[saying//saying]PRP'PRP$mā",
"f": {"lang": "akk-x-neoass",
"form": "ma-a",
"cf": "mā",
"gw": "saying",
"sense": "saying",
"norm": "mā",
"pos": "PRP",
"epos": "PRP"}
}
,
{
"node": "l",
"frag": "{⸢lu₂vy⸣}GIŠ.⸢BAN-MEŠ⸣-šu₂",
"id": "P393676.l05a6c",
"ref": "P393676.8.2",
"inst": "+māhiṣu[beater//archer]N'N$māhiṣānīšu",
"sig": "@saao/saa19%akk-x-neoass:{LU₂}GIŠ.BAN-MEŠ-šu₂=māhiṣu[beater//archer]N'N$māhiṣānīšu",
"f": {"lang": "akk-x-neoass",
"form": "{LU₂}GIŠ.BAN-MEŠ-šu₂",
"cf": "māhiṣu",
"gw": "beater",
"sense": "archer",
"norm": "māhiṣānīšu",
"pos": "N",
"epos": "N"}
}
,
{
"node": "l",
"frag": "la-šu₂",
"id": "P393676.l05a6d",
"ref": "P393676.8.3",
"inst": "laššu[(there) is not]V",
"sig": "@saao/saa19%akk-x-neoass:la-šu₂=laššu[(there) is not//(there) is not]V'V$laššu",
"f": {"lang": "akk-x-neoass",
"form": "la-šu₂",
"cf": "laššu",
"gw": "(there) is not",
"sense": "(there) is not",
"norm": "laššu",
"pos": "V",
"epos": "V"}
}
,
{
"node": "l",
"frag": "i-se-niš",
"id": "P393676.l05a6e",
"ref": "P393676.8.4",
"inst": "issēniš[also]AV",
"sig": "@saao/saa19%akk-x-neoass:i-se-niš=ištēniš[together//also]AV'AV$issēniš",
"f": {"lang": "akk-x-neoass",
"form": "i-se-niš",
"cf": "ištēniš",
"gw": "together",
"sense": "also",
"norm": "issēniš",
"pos": "AV",
"epos": "AV"}
}
,
{
"node": "d",
"type": "line-start",
"ref": "P393676.9",
"n": "8",
"label": "o 8"}
,
{
"node": "l",
"frag": "[x]",
"id": "P393676.l05a6f",
"ref": "P393676.9.1",
"inst": "u",
"f": {"lang": "akk-x-neoass",
"form": "x",
"pos": "u"}
}
,
{
"node": "l",
"frag": "⸢x⸣-a",
"id": "P393676.l05a70",
"ref": "P393676.9.2",
"inst": "u",
"f": {"lang": "akk-x-neoass",
"form": "x-a",
"pos": "u"}
}
,
{
"node": "l",
"frag": "ina",
"id": "P393676.l05a71",
"ref": "P393676.9.3",
"inst": "ina[in+=to]PRP",
"sig": "@saao/saa19%akk-x-neoass:ina=ina[in//in]PRP'PRP$ina",
"f": {"lang": "akk-x-neoass",
"form": "ina",
"cf": "ina",
"gw": "in",
"sense": "in",
"norm": "ina",
"pos": "PRP",
"epos": "PRP"}
}
,
{
"node": "l",
"frag": "⸢UGU⸣-hi-⸢ni⸣",
"id": "P393676.l05a72",
"ref": "P393676.9.4",
"inst": "muhhīni[skull]N",
"sig": "@saao/saa19%akk-x-neoass:UGU-hi-ni=muhhu[skull//skull]N'N$muhhīni",
"f": {"lang": "akk-x-neoass",
"form": "UGU-hi-ni",
"cf": "muhhu",
"gw": "skull",
"sense": "skull",
"norm": "muhhīni",
"pos": "N",
"epos": "N"}
}
,
{
"node": "l",
"frag": "i-tal\\d-ku-⸢ni⸣",
"id": "P393676.l05a73",
"ref": "P393676.9.5",
"inst": "ittalkūni[come]V",
"sig": "@saao/saa19%akk-x-neoass:i-tal-ku-ni=alāku[go//come]V'V$ittalkūni",
"f": {"lang": "akk-x-neoass",
"form": "i-tal-ku-ni",
"cf": "alāku",
"gw": "go",
"sense": "come",
"norm": "ittalkūni",
"pos": "V",
"epos": "V"}
}
,
{
"node": "d",
"type": "line-start",
"ref": "P393676.10",
"n": "9",
"label": "o 9"}
,
{
"node": "l",
"frag": "14",
"id": "P393676.l05a74",
"ref": "P393676.10.1",
"inst": "n",
"f": {"lang": "akk-x-neoass",
"form": "14",
"pos": "n"}
}
,
{
"node": "l",
"frag": "UD-⸢MEŠ⸣",
"id": "P393676.l05a75",
"ref": "P393676.10.2",
"inst": "ūmāti[day]N",
"sig": "@saao/saa19%akk-x-neoass:UD-MEŠ=ūmu[day//day]N'N$ūmāti",
"f": {"lang": "akk-x-neoass",
"form": "UD-MEŠ",
"cf": "ūmu",
"gw": "day",
"sense": "day",
"norm": "ūmāti",
"pos": "N",
"epos": "N"}
}
,
{
"node": "l",
"frag": "ina",
"id": "P393676.l05a76",
"ref": "P393676.10.3",
"inst": "ina[in+=on]PRP",
"sig": "@saao/saa19%akk-x-neoass:ina=ina[in//in]PRP'PRP$ina",
"f": {"lang": "akk-x-neoass",
"form": "ina",
"cf": "ina",
"gw": "in",
"sense": "in",
"norm": "ina",
"pos": "PRP",
"epos": "PRP"}
}
,
{
"node": "l",
"frag": "⸢UGU⸣",
"id": "P393676.l05a77",
"ref": "P393676.10.4",
"inst": "muhhi[skull]N",
"sig": "@saao/saa19%akk-x-neoass:UGU=muhhu[skull//skull]N'N$muhhi",
"f": {"lang": "akk-x-neoass",
"form": "UGU",
"cf": "muhhu",
"gw": "skull",
"sense": "skull",
"norm": "muhhi",
"pos": "N",
"epos": "N"}
}
,
{
"node": "l",
"frag": "šap\\y-te",
"id": "P393676.l05a78",
"ref": "P393676.10.5",
"inst": "+šaptu[lip//edge]N$šapte",
"sig": "@saao/saa19%akk-x-neoass:šap-te=šaptu[lip//edge]N'N$šapte",
"f": {"lang": "akk-x-neoass",
"form": "šap-te",
"cf": "šaptu",
"gw": "lip",
"sense": "edge",
"norm": "šapte",
"pos": "N",
"epos": "N"}
}
,
{
"node": "l",
"frag": "ša\\m",
"id": "P393676.l05a79",
"ref": "P393676.10.6",
"inst": "ša[of]DET",
"sig": "@saao/saa19%akk-x-neoass:ša=ša[of//of]DET'DET$ša",
"f": {"lang": "akk-x-neoass",
"form": "ša",
"cf": "ša",
"gw": "of",
"sense": "of",
"norm": "ša",
"pos": "DET",
"epos": "DET"}
}
,
{
"node": "l",
"frag": "⸢ID₂⸣",
"id": "P393676.l05a7a",
"ref": "P393676.10.7",
"inst": "nāri[river]N",
"sig": "@saao/saa19%akk-x-neoass:ID₂=nāru[river//river]N'N$nāri",
"f": {"lang": "akk-x-neoass",
"form": "ID₂",
"cf": "nāru",
"gw": "river",
"sense": "river",
"norm": "nāri",
"pos": "N",
"epos": "N"}
}
,
{
"node": "d",
"type": "line-start",
"ref": "P393676.11",
"n": "10",
"label": "o 10"}
,
{
"node": "l",
"frag": "⸢ina",
"id": "P393676.l05a7b",
"ref": "P393676.11.1",
"inst": "ina[in]PRP",
"sig": "@saao/saa19%akk-x-neoass:ina=ina[in//in]PRP'PRP$ina",
"f": {"lang": "akk-x-neoass",
"form": "ina",
"cf": "ina",
"gw": "in",
"sense": "in",
"norm": "ina",
"pos": "PRP",
"epos": "PRP"}
}
,
{
"node": "l",
"frag": "ba\\t-te⸣",
"id": "P393676.l05a7c",
"ref": "P393676.11.2",
"inst": "!batte[side]N",
"sig": "@saao/saa19%akk-x-neoass:ba-te=battu[side//side]N'N$batte",
"f": {"lang": "akk-x-neoass",
"form": "ba-te",
"cf": "battu",
"gw": "side",
"sense": "side",
"norm": "batte",
"pos": "N",
"epos": "N"}
}
,
{
"node": "l",
"frag": "am-me-te",
"id": "P393676.l05a7d",
"ref": "P393676.11.3",
"inst": "ammete[that]DP",
"sig": "@saao/saa19%akk-x-neoass:am-me-te=ammiu[that//that]DP'DP$ammete",
"f": {"lang": "akk-x-neoass",
"form": "am-me-te",
"cf": "ammiu",
"gw": "that",
"sense": "that",
"norm": "ammete",
"pos": "DP",
"epos": "DP"}
}
,
{
"node": "l",
"frag": "⸢kam-mu-su\\t⸣",
"id": "P393676.l05a7e",
"ref": "P393676.11.4",
"inst": "kammusu[staying]AJ",
"sig": "@saao/saa19%akk-x-neoass:kam-mu-su=kamsu[squatting//staying]AJ'AJ$kammusu",
"f": {"lang": "akk-x-neoass",
"form": "kam-mu-su",
"cf": "kamsu",
"gw": "squatting",
"sense": "staying",
"norm": "kammusu",
"pos": "AJ",
"epos": "AJ"}
}
,
{
"node": "d",
"type": "line-start",
"ref": "P393676.12",
"n": "11",
"label": "o 11"}
,
{
"node": "l",
"frag": "[ma]-⸢a⸣",
"id": "P393676.l05a7f",
"ref": "P393676.12.1",
"inst": "mā[saying]PRP",
"sig": "@saao/saa19%akk-x-neoass:ma-a=mā[saying//saying]PRP'PRP$mā",
"f": {"lang": "akk-x-neoass",
"form": "ma-a",
"cf": "mā",
"gw": "saying",
"sense": "saying",
"norm": "mā",
"pos": "PRP",
"epos": "PRP"}
}
,
{
"node": "l",
"frag": "a-ni-⸢nu",
"id": "P393676.l05a80",
"ref": "P393676.12.2",
"inst": "anīnu[we]IP",
"sig": "@saao/saa19%akk-x-neoass:a-ni-nu=anīnu[we//we]IP'IP$anīnu",
"f": {"lang": "akk-x-neoass",
"form": "a-ni-nu",
"cf": "anīnu",
"gw": "we",
"sense": "we",
"norm": "anīnu",
"pos": "IP",
"epos": "IP"}
}
,
{
"node": "l",
"frag": "x⸣+[x",
"id": "P393676.l05a81",
"ref": "P393676.12.3",
"inst": "u",
"f": {"lang": "akk-x-neoass",
"form": "x+x",
"pos": "u"}
}
,
{
"node": "l",
"frag": "x",
"id": "P393676.l05a82",
"ref": "P393676.12.4",
"inst": "u",
"f": {"lang": "akk-x-neoass",
"form": "x",
"pos": "u"}
}
,
{
"node": "l",
"frag": "x]+⸢x⸣",
"id": "P393676.l05a83",
"ref": "P393676.12.5",
"inst": "u",
"f": {"lang": "akk-x-neoass",
"form": "x+x",
"pos": "u"}
}
,
{
"node": "l",
"frag": "[x",
"id": "P393676.l05a84",
"ref": "P393676.12.6",
"inst": "u",
"f": {"lang": "akk-x-neoass",
"form": "x",
"pos": "u"}
}
,
{
"node": "l",
"frag": "x]",
"id": "P393676.l05a85",
"ref": "P393676.12.7",
"inst": "u",
"f": {"lang": "akk-x-neoass",
"form": "x",
"pos": "u"}
}
,
{
"node": "d",
"type": "line-start",
"ref": "P393676.13",
"n": "12",
"label": "o 12"}
,
{
"node": "l",
"frag": "[x",
"id": "P393676.l05a86",
"ref": "P393676.13.1",
"inst": "u",
"f": {"lang": "akk-x-neoass",
"form": "x",
"pos": "u"}
}
,
{
"node": "l",
"frag": "x]+⸢x",
"id": "P393676.l05a87",
"ref": "P393676.13.2",
"inst": "u",
"f": {"lang": "akk-x-neoass",
"form": "x+x",
"pos": "u"}
}
,
{
"node": "l",
"frag": "x⸣",
"id": "P393676.l05a88",
"ref": "P393676.13.3",
"inst": "u",
"f": {"lang": "akk-x-neoass",
"form": "x",
"pos": "u"}
}
,
{
"node": "l",
"frag": "[x",
"id": "P393676.l05a89",
"ref": "P393676.13.4",
"inst": "u",
"f": {"lang": "akk-x-neoass",
"form": "x",
"pos": "u"}
}
,
{
"node": "l",
"frag": "x",
"id": "P393676.l05a8a",
"ref": "P393676.13.5",
"inst": "u",
"f": {"lang": "akk-x-neoass",
"form": "x",
"pos": "u"}
}
,
{
"node": "l",
"frag": "x",
"id": "P393676.l05a8b",
"ref": "P393676.13.6",
"inst": "u",
"f": {"lang": "akk-x-neoass",
"form": "x",
"pos": "u"}
}
,
{
"node": "l",
"frag": "x",
"id": "P393676.l05a8c",
"ref": "P393676.13.7",
"inst": "u",
"f": {"lang": "akk-x-neoass",
"form": "x",
"pos": "u"}
}
,
{
"node": "l",
"frag": "x",
"id": "P393676.l05a8d",
"ref": "P393676.13.8",
"inst": "u",
"f": {"lang": "akk-x-neoass",
"form": "x",
"pos": "u"}
}
,
{
"node": "l",
"frag": "x]",
"id": "P393676.l05a8e",
"ref": "P393676.13.9",
"inst": "u",
"f": {"lang": "akk-x-neoass",
"form": "x",
"pos": "u"}
}
,
{
"node": "d",
"type": "nonx",
"ref": "P393676.14",
"strict": "0",
"extent": "rest",
"state": "missing"}
,
{
"node": "d",
"subtype": "reverse",
"type": "surface",
"ref": "P393676.r.15",
"type": "reverse",
"label": "r"}
,
{
"node": "d",
"type": "nonx",
"ref": "P393676.16",
"strict": "0",
"extent": "beginning",
"state": "missing"}
,
{
"node": "d",
"type": "line-start",
"ref": "P393676.17",
"n": "1'",
"label": "r 1'"}
,
{
"node": "l",
"frag": "[x]",
"id": "P393676.l05a8f",
"ref": "P393676.17.1",
"inst": "u",
"f": {"lang": "akk-x-neoass",
"form": "x",
"pos": "u"}
}
,
{
"node": "l",
"frag": "⸢x",
"id": "P393676.l05a90",
"ref": "P393676.17.2",
"inst": "u",
"f": {"lang": "akk-x-neoass",
"form": "x",
"pos": "u"}
}
,
{
"node": "l",
"frag": "x⸣",
"id": "P393676.l05a91",
"ref": "P393676.17.3",
"inst": "u",
"f": {"lang": "akk-x-neoass",
"form": "x",
"pos": "u"}
}
,
{
"node": "l",
"frag": "[x]",
"id": "P393676.l05a92",
"ref": "P393676.17.4",
"inst": "u",
"f": {"lang": "akk-x-neoass",
"form": "x",
"pos": "u"}
}
,
{
"node": "l",
"frag": "⸢ra⸣",
"id": "P393676.l05a93",
"ref": "P393676.17.5",
"inst": "u",
"f": {"lang": "akk-x-neoass",
"form": "ra",
"pos": "u"}
}
,
{
"node": "l",
"frag": "[x",
"id": "P393676.l05a94",
"ref": "P393676.17.6",
"inst": "u",
"f": {"lang": "akk-x-neoass",
"form": "x",
"pos": "u"}
}
,
{
"node": "l",
"frag": "x",
"id": "P393676.l05a95",
"ref": "P393676.17.7",
"inst": "u",
"f": {"lang": "akk-x-neoass",
"form": "x",
"pos": "u"}
}
,
{
"node": "l",
"frag": "x",
"id": "P393676.l05a96",
"ref": "P393676.17.8",
"inst": "u",
"f": {"lang": "akk-x-neoass",
"form": "x",
"pos": "u"}
}
,
{
"node": "l",
"frag": "x]",
"id": "P393676.l05a97",
"ref": "P393676.17.9",
"inst": "u",
"f": {"lang": "akk-x-neoass",
"form": "x",
"pos": "u"}
}
,
{
"node": "d",
"type": "line-start",
"ref": "P393676.18",
"n": "2'",
"label": "r 2'"}
,
{
"node": "l",
"frag": "⸢ka-ra\\t⸣-nu",
"id": "P393676.l05a98",
"ref": "P393676.18.1",
"inst": "+karānu[vine//wine]N$",
"sig": "@saao/saa19%akk-x-neoass:ka-ra-nu=karānu[vine//wine]N'N$karānu",
"f": {"lang": "akk-x-neoass",
"form": "ka-ra-nu",
"cf": "karānu",
"gw": "vine",
"sense": "wine",
"norm": "karānu",
"pos": "N",
"epos": "N"}
}
,
{
"node": "l",
"frag": "⸢x⸣",
"id": "P393676.l05a99",
"ref": "P393676.18.2",
"inst": "u",
"f": {"lang": "akk-x-neoass",
"form": "x",
"pos": "u"}
}
,
{
"node": "l",
"frag": "[x",
"id": "P393676.l05a9a",
"ref": "P393676.18.3",
"inst": "u",
"f": {"lang": "akk-x-neoass",
"form": "x",
"pos": "u"}
}
,
{
"node": "l",
"frag": "x",
"id": "P393676.l05a9b",
"ref": "P393676.18.4",
"inst": "u",
"f": {"lang": "akk-x-neoass",
"form": "x",
"pos": "u"}
}
,
{
"node": "l",
"frag": "x",
"id": "P393676.l05a9c",
"ref": "P393676.18.5",
"inst": "u",
"f": {"lang": "akk-x-neoass",
"form": "x",
"pos": "u"}
}
,
{
"node": "l",
"frag": "x]",
"id": "P393676.l05a9d",
"ref": "P393676.18.6",
"inst": "u",
"f": {"lang": "akk-x-neoass",
"form": "x",
"pos": "u"}
}
,
{
"node": "d",
"type": "line-start",
"ref": "P393676.19",
"n": "3'",
"label": "r 3'"}
,
{
"node": "l",
"frag": "⸢x",
"id": "P393676.l05a9e",
"ref": "P393676.19.1",
"inst": "u",
"f": {"lang": "akk-x-neoass",
"form": "x",
"pos": "u"}
}
,
{
"node": "l",
"frag": "E₂.GAL",
"id": "P393676.l05a9f",
"ref": "P393676.19.2",
"inst": "ēkalli[palace]N",
"sig": "@saao/saa19%akk-x-neoass:E₂.GAL=ēkallu[palace//palace]N'N$ēkalli",
"f": {"lang": "akk-x-neoass",
"form": "E₂.GAL",
"cf": "ēkallu",
"gw": "palace",
"sense": "palace",
"norm": "ēkalli",
"pos": "N",
"epos": "N"}
}
,
{
"node": "l",
"frag": "du⸣",
"id": "P393676.l05aa0",
"ref": "P393676.19.3",
"inst": "u",
"f": {"lang": "akk-x-neoass",
"form": "du",
"pos": "u"}
}
,
{
"node": "l",
"frag": "[x",
"id": "P393676.l05aa1",
"ref": "P393676.19.4",
"inst": "u",
"f": {"lang": "akk-x-neoass",
"form": "x",
"pos": "u"}
}
,
{
"node": "l",
"frag": "x",
"id": "P393676.l05aa2",
"ref": "P393676.19.5",
"inst": "u",
"f": {"lang": "akk-x-neoass",
"form": "x",
"pos": "u"}
}
,
{
"node": "l",
"frag": "x",
"id": "P393676.l05aa3",
"ref": "P393676.19.6",
"inst": "u",
"f": {"lang": "akk-x-neoass",
"form": "x",
"pos": "u"}
}
,
{
"node": "l",
"frag": "x]",
"id": "P393676.l05aa4",
"ref": "P393676.19.7",
"inst": "u",
"f": {"lang": "akk-x-neoass",
"form": "x",
"pos": "u"}
}
,
{
"node": "d",
"type": "line-start",
"ref": "P393676.20",
"n": "4'",
"label": "r 4'"}
,
{
"node": "l",
"frag": "[(x)]",
"id": "P393676.l05aa5",
"ref": "P393676.20.1",
"inst": "u",
"f": {"lang": "akk-x-neoass",
"form": "x",
"pos": "u"}
}
,
{
"node": "l",
"frag": "⸢x⸣",
"id": "P393676.l05aa6",
"ref": "P393676.20.2",
"inst": "u",
"f": {"lang": "akk-x-neoass",
"form": "x",
"pos": "u"}
}
,
{
"node": "l",
"frag": "[x",
"id": "P393676.l05aa7",
"ref": "P393676.20.3",
"inst": "u",
"f": {"lang": "akk-x-neoass",
"form": "x",
"pos": "u"}
}
,
{
"node": "l",
"frag": "x]",
"id": "P393676.l05aa8",
"ref": "P393676.20.4",
"inst": "u",
"f": {"lang": "akk-x-neoass",
"form": "x",
"pos": "u"}
}
,
{
"node": "l",
"frag": "⸢x",
"id": "P393676.l05aa9",
"ref": "P393676.20.5",
"inst": "u",
"f": {"lang": "akk-x-neoass",
"form": "x",
"pos": "u"}
}
,
{
"node": "l",
"frag": "x",
"id": "P393676.l05aaa",
"ref": "P393676.20.6",
"inst": "u",
"f": {"lang": "akk-x-neoass",
"form": "x",
"pos": "u"}
}
,
{
"node": "l",
"frag": "x⸣",
"id": "P393676.l05aab",
"ref": "P393676.20.7",
"inst": "u",
"f": {"lang": "akk-x-neoass",
"form": "x",
"pos": "u"}
}
,
{
"node": "l",
"frag": "[x",
"id": "P393676.l05aac",
"ref": "P393676.20.8",
"inst": "u",
"f": {"lang": "akk-x-neoass",
"form": "x",
"pos": "u"}
}
,
{
"node": "l",
"frag": "x]",
"id": "P393676.l05aad",
"ref": "P393676.20.9",
"inst": "u",
"f": {"lang": "akk-x-neoass",
"form": "x",
"pos": "u"}
}
,
{
"node": "d",
"type": "line-start",
"ref": "P393676.21",
"n": "5'",
"label": "r 5'"}
,
{
"node": "l",
"frag": "[i]-⸢tal⸣-[ku]-⸢ni⸣",
"id": "P393676.l05aae",
"ref": "P393676.21.1",
"inst": "ittalkūni[come]V",
"sig": "@saao/saa19%akk-x-neoass:i-tal-ku-ni=alāku[go//come]V'V$ittalkūni",
"f": {"lang": "akk-x-neoass",
"form": "i-tal-ku-ni",
"cf": "alāku",
"gw": "go",
"sense": "come",
"norm": "ittalkūni",
"pos": "V",
"epos": "V"}
}
,
{
"node": "l",
"frag": "iq-⸢ṭi-bu⸣-[ni",
"id": "P393676.l05aaf",
"ref": "P393676.21.2",
"inst": "iqṭibûni[say]V",
"sig": "@saao/saa19%akk-x-neoass:iq-ṭi-bu-ni=qabû[say//say]V'V$iqṭibûni",
"f": {"lang": "akk-x-neoass",
"form": "iq-ṭi-bu-ni",
"cf": "qabû",
"gw": "say",
"sense": "say",
"norm": "iqṭibûni",
"pos": "V",
"epos": "V"}
}
,
{
"node": "l",
"frag": "ma-a]",
"id": "P393676.l05ab0",
"ref": "P393676.21.3",
"inst": "mā[saying]PRP",
"sig": "@saao/saa19%akk-x-neoass:ma-a=mā[saying//saying]PRP'PRP$mā",
"f": {"lang": "akk-x-neoass",
"form": "ma-a",
"cf": "mā",
"gw": "saying",
"sense": "saying",
"norm": "mā",
"pos": "PRP",
"epos": "PRP"}
}
,
{
"node": "d",
"type": "line-start",
"ref": "P393676.22",
"n": "6'",
"label": "r 6'"}
,
{
"node": "l",
"frag": "[x]+⸢x",
"id": "P393676.l05ab1",
"ref": "P393676.22.1",
"inst": "u",
"f": {"lang": "akk-x-neoass",
"form": "x+x",
"pos": "u"}
}
,
{
"node": "l",
"frag": "x⸣",
"id": "P393676.l05ab2",
"ref": "P393676.22.2",
"inst": "u",
"f": {"lang": "akk-x-neoass",
"form": "x",
"pos": "u"}
}
,
{
"node": "l",
"frag": "[x]",
"id": "P393676.l05ab3",
"ref": "P393676.22.3",
"inst": "u",
"f": {"lang": "akk-x-neoass",
"form": "x",
"pos": "u"}
}
,
{
"node": "l",
"frag": "⸢x",
"id": "P393676.l05ab4",
"ref": "P393676.22.4",
"inst": "u",
"f": {"lang": "akk-x-neoass",
"form": "x",
"pos": "u"}
}
,
{
"node": "l",
"frag": "x",
"id": "P393676.l05ab5",
"ref": "P393676.22.5",
"inst": "u",
"f": {"lang": "akk-x-neoass",
"form": "x",
"pos": "u"}
}
,
{
"node": "l",
"frag": "ziq",
"id": "P393676.l05ab6",
"ref": "P393676.22.6",
"inst": "u",
"f": {"lang": "akk-x-neoass",
"form": "ziq",
"pos": "u"}
}
,
{
"node": "l",
"frag": "x⸣+[x",
"id": "P393676.l05ab7",
"ref": "P393676.22.7",
"inst": "u",
"f": {"lang": "akk-x-neoass",
"form": "x+x",
"pos": "u"}
}
,
{
"node": "l",
"frag": "x]",
"id": "P393676.l05ab8",
"ref": "P393676.22.8",
"inst": "u",
"f": {"lang": "akk-x-neoass",
"form": "x",
"pos": "u"}
}
,
{
"node": "d",
"type": "line-start",
"ref": "P393676.23",
"n": "7'",
"label": "r 7'"}
,
{
"node": "l",
"frag": "⸢u₂",
"id": "P393676.l05ab9",
"ref": "P393676.23.1",
"inst": "u",
"f": {"lang": "akk-x-neoass",
"form": "u₂",
"pos": "u"}
}
,
{
"node": "l",
"frag": "x",
"id": "P393676.l05aba",
"ref": "P393676.23.2",
"inst": "u",
"f": {"lang": "akk-x-neoass",
"form": "x",
"pos": "u"}
}
,
{
"node": "l",
"frag": "GEŠTIN",
"id": "P393676.l05abb",
"ref": "P393676.23.3",
"inst": "+karānu[vine//wine]N$",
"sig": "@saao/saa19%akk-x-neoass:GEŠTIN=karānu[vine//wine]N'N$karānu",
"f": {"lang": "akk-x-neoass",
"form": "GEŠTIN",
"cf": "karānu",
"gw": "vine",
"sense": "wine",
"norm": "karānu",
"pos": "N",
"epos": "N"}
}
,
{
"node": "l",
"frag": "x",
"id": "P393676.l05abc",
"ref": "P393676.23.4",
"inst": "u",
"f": {"lang": "akk-x-neoass",
"form": "x",
"pos": "u"}
}
,
{
"node": "l",
"frag": "x⸣",
"id": "P393676.l05abd",
"ref": "P393676.23.5",
"inst": "u",
"f": {"lang": "akk-x-neoass",
"form": "x",
"pos": "u"}
}
,
{
"node": "l",
"frag": "[x",
"id": "P393676.l05abe",
"ref": "P393676.23.6",
"inst": "u",
"f": {"lang": "akk-x-neoass",
"form": "x",
"pos": "u"}
}
,
{
"node": "l",
"frag": "x]",
"id": "P393676.l05abf",
"ref": "P393676.23.7",
"inst": "u",
"f": {"lang": "akk-x-neoass",
"form": "x",
"pos": "u"}
}
,
{
"node": "d",
"type": "line-start",
"ref": "P393676.24",
"n": "8'",
"label": "r 8'"}
,
{
"node": "l",
"frag": "[x]",
"id": "P393676.l05ac0",
"ref": "P393676.24.1",
"inst": "u",
"f": {"lang": "akk-x-neoass",
"form": "x",
"pos": "u"}
}
,
{
"node": "l",
"frag": "⸢na",
"id": "P393676.l05ac1",
"ref": "P393676.24.2",
"inst": "u",
"f": {"lang": "akk-x-neoass",
"form": "na",
"pos": "u"}
}
,
{
"node": "l",
"frag": "x⸣",
"id": "P393676.l05ac2",
"ref": "P393676.24.3",
"inst": "u",
"f": {"lang": "akk-x-neoass",
"form": "x",
"pos": "u"}
}
,
{
"node": "l",
"frag": "IGI",
"id": "P393676.l05ac3",
"ref": "P393676.24.4",
"inst": "u",
"f": {"lang": "akk-x-neoass",
"form": "IGI",
"pos": "u"}
}
,
{
"node": "l",
"frag": "⸢x⸣",
"id": "P393676.l05ac4",
"ref": "P393676.24.5",
"inst": "u",
"f": {"lang": "akk-x-neoass",
"form": "x",
"pos": "u"}
}
,
{
"node": "l",
"frag": "šu",
"id": "P393676.l05ac5",
"ref": "P393676.24.6",
"inst": "u",
"f": {"lang": "akk-x-neoass",
"form": "šu",
"pos": "u"}
}
,
{
"node": "l",
"frag": "⸢x⸣",
"id": "P393676.l05ac6",
"ref": "P393676.24.7",
"inst": "u",
"f": {"lang": "akk-x-neoass",
"form": "x",
"pos": "u"}
}
,
{
"node": "l",
"frag": "[x",
"id": "P393676.l05ac7",
"ref": "P393676.24.8",
"inst": "u",
"f": {"lang": "akk-x-neoass",
"form": "x",
"pos": "u"}
}
,
{
"node": "l",
"frag": "x]",
"id": "P393676.l05ac8",
"ref": "P393676.24.9",
"inst": "u",
"f": {"lang": "akk-x-neoass",
"form": "x",
"pos": "u"}
}
,
{
"node": "d",
"type": "line-start",
"ref": "P393676.25",
"n": "9'",
"label": "r 9'"}
,
{
"node": "l",
"frag": "la",
"id": "P393676.l05ac9",
"ref": "P393676.25.1",
"inst": "lā[not]MOD",
"sig": "@saao/saa19%akk-x-neoass:la=lā[not//not]MOD'MOD$lā",
"f": {"lang": "akk-x-neoass",
"form": "la",
"cf": "lā",
"gw": "not",
"sense": "not",
"norm": "lā",
"pos": "MOD",
"epos": "MOD"}
}
,
{
"node": "l",
"frag": "⸢x",
"id": "P393676.l05aca",
"ref": "P393676.25.2",
"inst": "u",
"f": {"lang": "akk-x-neoass",
"form": "x",
"pos": "u"}
}
,
{
"node": "l",
"frag": "x",
"id": "P393676.l05acb",
"ref": "P393676.25.3",
"inst": "u",
"f": {"lang": "akk-x-neoass",
"form": "x",
"pos": "u"}
}
,
{
"node": "l",
"frag": "x⸣",
"id": "P393676.l05acc",
"ref": "P393676.25.4",
"inst": "u",
"f": {"lang": "akk-x-neoass",
"form": "x",
"pos": "u"}
}
,
{
"node": "l",
"frag": "[x",
"id": "P393676.l05acd",
"ref": "P393676.25.5",
"inst": "u",
"f": {"lang": "akk-x-neoass",
"form": "x",
"pos": "u"}
}
,
{
"node": "l",
"frag": "x",
"id": "P393676.l05ace",
"ref": "P393676.25.6",
"inst": "u",
"f": {"lang": "akk-x-neoass",
"form": "x",
"pos": "u"}
}
,
{
"node": "l",
"frag": "x",
"id": "P393676.l05acf",
"ref": "P393676.25.7",
"inst": "u",
"f": {"lang": "akk-x-neoass",
"form": "x",
"pos": "u"}
}
,
{
"node": "l",
"frag": "x",
"id": "P393676.l05ad0",
"ref": "P393676.25.8",
"inst": "u",
"f": {"lang": "akk-x-neoass",
"form": "x",
"pos": "u"}
}
,
{
"node": "l",
"frag": "x]",
"id": "P393676.l05ad1",
"ref": "P393676.25.9",
"inst": "u",
"f": {"lang": "akk-x-neoass",
"form": "x",
"pos": "u"}
}
,
{
"node": "d",
"type": "line-start",
"ref": "P393676.26",
"n": "10'",
"label": "r 10'"}
,
{
"node": "l",
"frag": "⸢x⸣",
"id": "P393676.l05ad2",
"ref": "P393676.26.1",
"inst": "u",
"f": {"lang": "akk-x-neoass",
"form": "x",
"pos": "u"}
}
,
{
"node": "l",
"frag": "[x]+⸢x",
"id": "P393676.l05ad3",
"ref": "P393676.26.2",
"inst": "u",
"f": {"lang": "akk-x-neoass",
"form": "x+x",
"pos": "u"}
}
,
{
"node": "l",
"frag": "a",
"id": "P393676.l05ad4",
"ref": "P393676.26.3",
"inst": "u",
"f": {"lang": "akk-x-neoass",
"form": "a",
"pos": "u"}
}
,
{
"node": "l",
"frag": "x⸣+[x",
"id": "P393676.l05ad5",
"ref": "P393676.26.4",
"inst": "u",
"f": {"lang": "akk-x-neoass",
"form": "x+x",
"pos": "u"}
}
,
{
"node": "l",
"frag": "x",
"id": "P393676.l05ad6",
"ref": "P393676.26.5",
"inst": "u",
"f": {"lang": "akk-x-neoass",
"form": "x",
"pos": "u"}
}
,
{
"node": "l",
"frag": "x",
"id": "P393676.l05ad7",
"ref": "P393676.26.6",
"inst": "u",
"f": {"lang": "akk-x-neoass",
"form": "x",
"pos": "u"}
}
,
{
"node": "l",
"frag": "x]",
"id": "P393676.l05ad8",
"ref": "P393676.26.7",
"inst": "u",
"f": {"lang": "akk-x-neoass",
"form": "x",
"pos": "u"}
}
,
{
"node": "d",
"subtype": "right",
"type": "surface",
"ref": "P393676.r.e..27",
"type": "right",
"label": "r.e."}
,
{
"node": "d",
"type": "line-start",
"ref": "P393676.28",
"n": "11",
"label": "r.e. 11"}
,
{
"node": "l",
"frag": "i-⸢sa⸣-ak\\t-nu-šu₂\\d",
"id": "P393676.l05ad9",
"ref": "P393676.28.1",
"inst": "+šakānu[put//place]V$issaknūšu",
"sig": "@saao/saa19%akk-x-neoass:i-sa-ak-nu-šu₂=šakānu[put//place]V'V$issaknūšu",
"f": {"lang": "akk-x-neoass",
"form": "i-sa-ak-nu-šu₂",
"cf": "šakānu",
"gw": "put",
"sense": "place",
"norm": "issaknūšu",
"pos": "V",
"epos": "V"}
}
,
{
"node": "l",
"frag": "[(x)]",
"id": "P393676.l05ada",
"ref": "P393676.28.2",
"inst": "u",
"f": {"lang": "akk-x-neoass",
"form": "x",
"pos": "u"}
}
,
{
"node": "d",
"type": "line-start",
"ref": "P393676.29",
"n": "12",
"label": "r.e. 12"}
,
{
"node": "l",
"frag": "⸢ha⸣-ra-ma-ma",
"id": "P393676.l05adb",
"ref": "P393676.29.1",
"inst": "harammāma[later]AV",
"sig": "@saao/saa19%akk-x-neoass:ha-ra-ma-ma=haramma[later//later]AV'AV$harammāma",
"f": {"lang": "akk-x-neoass",
"form": "ha-ra-ma-ma",
"cf": "haramma",
"gw": "later",
"sense": "later",
"norm": "harammāma",
"pos": "AV",
"epos": "AV"}
}
,
{
"node": "d",
"subtype": "edge",
"type": "surface",
"ref": "P393676.e..30",
"type": "edge",
"label": "e."}
,
{
"node": "d",
"type": "line-start",
"ref": "P393676.31",
"n": "1",
"label": "e. 1"}
,
{
"node": "l",
"frag": "[x",
"id": "P393676.l05adc",
"ref": "P393676.31.1",
"inst": "u",
"f": {"lang": "akk-x-neoass",
"form": "x",
"pos": "u"}
}
,
{
"node": "l",
"frag": "x",
"id": "P393676.l05add",
"ref": "P393676.31.2",
"inst": "u",
"f": {"lang": "akk-x-neoass",
"form": "x",
"pos": "u"}
}
,
{
"node": "l",
"frag": "x",
"id": "P393676.l05ade",
"ref": "P393676.31.3",
"inst": "u",
"f": {"lang": "akk-x-neoass",
"form": "x",
"pos": "u"}
}
,
{
"node": "l",
"frag": "x",
"id": "P393676.l05adf",
"ref": "P393676.31.4",
"inst": "u",
"f": {"lang": "akk-x-neoass",
"form": "x",
"pos": "u"}
}
,
{
"node": "l",
"frag": "x",
"id": "P393676.l05ae0",
"ref": "P393676.31.5",
"inst": "u",
"f": {"lang": "akk-x-neoass",
"form": "x",
"pos": "u"}
}
,
{
"node": "l",
"frag": "x",
"id": "P393676.l05ae1",
"ref": "P393676.31.6",
"inst": "u",
"f": {"lang": "akk-x-neoass",
"form": "x",
"pos": "u"}
}
,
{
"node": "l",
"frag": "x]+⸢x",
"id": "P393676.l05ae2",
"ref": "P393676.31.7",
"inst": "u",
"f": {"lang": "akk-x-neoass",
"form": "x+x",
"pos": "u"}
}
,
{
"node": "l",
"frag": "x⸣+[x",
"id": "P393676.l05ae3",
"ref": "P393676.31.8",
"inst": "u",
"f": {"lang": "akk-x-neoass",
"form": "x+x",
"pos": "u"}
}
,
{
"node": "l",
"frag": "x",
"id": "P393676.l05ae4",
"ref": "P393676.31.9",
"inst": "u",
"f": {"lang": "akk-x-neoass",
"form": "x",
"pos": "u"}
}
,
{
"node": "l",
"frag": "x]",
"id": "P393676.l05ae5",
"ref": "P393676.31.10",
"inst": "u",
"f": {"lang": "akk-x-neoass",
"form": "x",
"pos": "u"}
}
]}
]}
]}
,
{
"linkbase": [{
"type": "linkset",
"xlink_title": "mār šipri[messenger//messenger]N'N",
"id": "P393676.ls00000",
"xlink_type": "extended",
"xlink_role": "psu",
"sig": "{māru[son]N šipru[sending]N += mār šipri[messenger//messenger]N'N}::@saao%akk-x-neoass:DUMU-šip-ri-MEŠ=māru[son//son]N'N$mār++@saao%akk-x-neoass:DUMU-šip-ri-MEŠ=šipru[sending//sending]N'N$šiprāni",
"links": [
{
"type": "link",
"xlink_title": "māru",
"xlink_type": "locator",
"xlink_href": "#P393676.l05a5c",
"xlink_role": "elt"}
,
{
"type": "link",
"xlink_title": "šipru",
"xlink_type": "locator",
"xlink_href": "#P393676.l05a5d",
"xlink_role": "elt"}
]}
]}
]}
