{
"type": "cdl",
  "source": "http://oracc.org/saao/saa14",
  "license": "This data is released under the CC0 license",
  "license-url": "https://creativecommons.org/publicdomain/zero/1.0/",
  "more-info": "http://oracc.org/doc/opendata/",
  "UTC-timestamp": "2017-05-19T11:49:24",
"project": "saao/saa14",
"textid": "P224946",
"cdl": [
{
"node": "c",
"type": "text",
"id": "P224946.U0",
"cdl": [
{
"node": "d",
"type": "object",
"ref": ""}
,
{
"node": "d",
"subtype": "obverse",
"type": "surface",
"ref": "P224946.o.1",
"type": "obverse",
"label": "o"}
,
{
"node": "c",
"type": "discourse",
"subtype": "body",
"id": "P224946.U1",
"cdl": [
{
"node": "c",
"type": "sentence",
"id": "P224946.U2",
"label": "o 1 - e. 1",
"cdl": [
{
"node": "d",
"type": "line-start",
"ref": "P224946.2",
"n": "1",
"label": "o 1"}
,
{
"node": "l",
"frag": "{na₄}KIŠIB",
"id": "P224946.l076e7",
"ref": "P224946.2.1",
"inst": "kunukku[seal]N",
"sig": "@saao/saa14%akk-x-neoass:{NA₄}KIŠIB=kunukku[seal//seal]N'N$kunukku",
"f": {"lang": "akk-x-neoass",
"form": "{NA₄}KIŠIB",
"cf": "kunukku",
"gw": "seal",
"sense": "seal",
"norm": "kunukku",
"pos": "N",
"epos": "N"}
}
,
{
"node": "l",
"frag": "{1}ha-la-be₂-e-si",
"id": "P224946.l076e8",
"ref": "P224946.2.2",
"inst": "Halabeše[1]PN$",
"sig": "@saao/saa14%akk-x-neoass:{1}ha-la-be₂-e-si=Halabeše[1//1]PN'PN$Halabeše",
"f": {"lang": "akk-x-neoass",
"form": "{1}ha-la-be₂-e-si",
"cf": "Halabeše",
"gw": "1",
"sense": "1",
"norm": "Halabeše",
"pos": "PN",
"epos": "PN"}
}
,
{
"node": "d",
"type": "line-start",
"ref": "P224946.3",
"n": "2",
"label": "o 2"}
,
{
"node": "c",
"type": "phrase",
"tag": "phr",
"id": "P224946.U4",
"ref": "P224946.ls00000",
"cdl": [
{
"node": "l",
"frag": "{lu₂}SIMUG-URUDU",
"id": "P224946.l076e9",
"ref": "P224946.3.1",
"cof-tails": "P224946.l076ea",
"inst": "nappāhu[smith]N$nappāh&erû[copper]N$erê",
"sig": "@saao/saa14%akk-x-neoass:{LU₂}SIMUG-URUDU=nappāhu[smith//smith]N'N$nappāh&&@saao%akk-x-neoass:=erû[copper//copper]N'N$erê",
"f": {"lang": "akk-x-neoass",
"form": "{LU₂}SIMUG-URUDU",
"cf": "nappāhu",
"gw": "smith",
"sense": "smith",
"norm": "nappāh",
"pos": "N",
"epos": "N"}
}
,
{
"node": "l",
"frag": "{lu₂}SIMUG-URUDU",
"id": "P224946.l076ea",
"ref": "P224946.3.1",
"cof-head": "P224946.l076e9",
"inst": "nappāhu[smith]N$nappāh&erû[copper]N$erê",
"tail-sig": "@saao%akk-x-neoass:=erû[copper//copper]N'N$erê",
"f": {"lang": "akk-x-neoass",
"form": "{LU₂}SIMUG-URUDU",
"cf": "erû",
"gw": "copper",
"sense": "copper",
"norm": "erê",
"pos": "N",
"epos": "N"}
}
]}
,
{
"node": "l",
"frag": "A",
"id": "P224946.l076eb",
"ref": "P224946.3.2",
"inst": "mār[son]N",
"sig": "@saao/saa14%akk-x-neoass:A=māru[son//son]N'N$mār",
"f": {"lang": "akk-x-neoass",
"form": "A",
"cf": "māru",
"gw": "son",
"sense": "son",
"norm": "mār",
"pos": "N",
"epos": "N"}
}
,
{
"node": "l",
"frag": "{1}il-la-a.a",
"id": "P224946.l076ec",
"ref": "P224946.3.3",
"inst": "Illaya[1]PN$",
"sig": "@saao/saa14%akk-x-neoass:{1}il-la-a.a=Illaya[1//1]PN'PN$Illaya",
"f": {"lang": "akk-x-neoass",
"form": "{1}il-la-a.a",
"cf": "Illaya",
"gw": "1",
"sense": "1",
"norm": "Illaya",
"pos": "PN",
"epos": "PN"}
}
,
{
"node": "d",
"type": "line-start",
"ref": "P224946.4",
"n": "3",
"label": "o 3"}
,
{
"node": "l",
"frag": "EN",
"id": "P224946.l076ed",
"ref": "P224946.4.1",
"inst": "bēl[owner]N",
"sig": "@saao/saa14%akk-x-neoass:EN=bēlu[lord//owner]N'N$bēl",
"f": {"lang": "akk-x-neoass",
"form": "EN",
"cf": "bēlu",
"gw": "lord",
"sense": "owner",
"norm": "bēl",
"pos": "N",
"epos": "N"}
}
,
{
"node": "l",
"frag": "MI₂",
"id": "P224946.l076ee",
"ref": "P224946.4.2",
"inst": "sinništu[woman]N$issi",
"sig": "@saao/saa14%akk-x-neoass:MI₂=sinništu[woman//woman]N'N$issi",
"f": {"lang": "akk-x-neoass",
"form": "MI₂",
"cf": "sinništu",
"gw": "woman",
"sense": "woman",
"norm": "issi",
"pos": "N",
"epos": "N"}
}
,
{
"node": "l",
"frag": "SUM-a-ni",
"id": "P224946.l076ef",
"ref": "P224946.4.3",
"inst": "tadāni[giving]'N",
"sig": "@saao/saa14%akk-x-neoass:SUM-a-ni=tadānu[give//giving]V'N$tadāni",
"f": {"lang": "akk-x-neoass",
"form": "SUM-a-ni",
"cf": "tadānu",
"gw": "give",
"sense": "giving",
"norm": "tadāni",
"pos": "V",
"epos": "N"}
}
,
{
"node": "d",
"type": "nonx",
"ref": "P224946.5",
"strict": "1",
"extent": "n",
"scope": "line",
"state": "ruling"}
,
{
"node": "d",
"type": "nonx",
"ref": "P224946.6",
"strict": "0",
"extent": "1",
"scope": "impression",
"state": "other"}
,
{
"node": "d",
"type": "nonx",
"ref": "P224946.7",
"strict": "1",
"extent": "n",
"scope": "line",
"state": "ruling"}
,
{
"node": "d",
"type": "line-start",
"ref": "P224946.8",
"n": "4",
"label": "o 4"}
,
{
"node": "l",
"frag": "{mi₂}pu-u-ṭu-ši-i-⸢si⸣",
"id": "P224946.l076f0",
"ref": "P224946.8.1",
"inst": "Puṭu-šisi[1]PN$",
"sig": "@saao/saa14%akk-x-neoass:{MI₂}pu-u-ṭu-ši-i-si=Puṭu-šisi[1//1]PN'PN$Puṭu-šisi",
"f": {"lang": "akk-x-neoass",
"form": "{MI₂}pu-u-ṭu-ši-i-si",
"cf": "Puṭu-šisi",
"gw": "1",
"sense": "1",
"norm": "Puṭu-šisi",
"pos": "PN",
"epos": "PN"}
}
,
{
"node": "l",
"frag": "[x",
"id": "P224946.l076f1",
"ref": "P224946.8.2",
"inst": "u",
"f": {"lang": "akk-x-neoass",
"form": "x",
"pos": "u"}
}
,
{
"node": "l",
"frag": "x]",
"id": "P224946.l076f2",
"ref": "P224946.8.3",
"inst": "u",
"f": {"lang": "akk-x-neoass",
"form": "x",
"pos": "u"}
}
,
{
"node": "d",
"type": "line-start",
"ref": "P224946.9",
"n": "5",
"label": "o 5"}
,
{
"node": "l",
"frag": "GEME₂-šu₂",
"id": "P224946.l076f3",
"ref": "P224946.9.1",
"inst": "amtīšu[maid]N",
"sig": "@saao/saa14%akk-x-neoass:GEME₂-šu₂=amtu[maid//maid]N'N$amtīšu",
"f": {"lang": "akk-x-neoass",
"form": "GEME₂-šu₂",
"cf": "amtu",
"gw": "maid",
"sense": "maid",
"norm": "amtīšu",
"pos": "N",
"epos": "N"}
}
,
{
"node": "l",
"frag": "ša",
"id": "P224946.l076f4",
"ref": "P224946.9.2",
"inst": "ša[of]DET",
"sig": "@saao/saa14%akk-x-neoass:ša=ša[of//of]DET'DET$ša",
"f": {"lang": "akk-x-neoass",
"form": "ša",
"cf": "ša",
"gw": "of",
"sense": "of",
"norm": "ša",
"pos": "DET",
"epos": "DET"}
}
,
{
"node": "l",
"frag": "{1}ha-la-be₂-e-še",
"id": "P224946.l076f5",
"ref": "P224946.9.3",
"inst": "Halabeše[1]PN$",
"sig": "@saao/saa14%akk-x-neoass:{1}ha-la-be₂-e-še=Halabeše[1//1]PN'PN$Halabeše",
"f": {"lang": "akk-x-neoass",
"form": "{1}ha-la-be₂-e-še",
"cf": "Halabeše",
"gw": "1",
"sense": "1",
"norm": "Halabeše",
"pos": "PN",
"epos": "PN"}
}
,
{
"node": "d",
"type": "line-start",
"ref": "P224946.10",
"n": "6",
"label": "o 6"}
,
{
"node": "l",
"frag": "⸢u₂-piš⸣-ma",
"id": "P224946.l076f6",
"ref": "P224946.10.1",
"inst": "uppišma[contract]V",
"sig": "@saao/saa14%akk-x-neoass:u₂-piš-ma=epēšu[do//contract]V'V$uppišma",
"f": {"lang": "akk-x-neoass",
"form": "u₂-piš-ma",
"cf": "epēšu",
"gw": "do",
"sense": "contract",
"norm": "uppišma",
"pos": "V",
"epos": "V"}
}
,
{
"node": "l",
"frag": "{1}{d}MAŠ-MAN-PAB",
"id": "P224946.l076f7",
"ref": "P224946.10.2",
"inst": "Inurta-šarru-uṣur[1]PN",
"sig": "@saao/saa14%akk-x-neoass:{1}{d}MAŠ-MAN-PAB=Inurta-šarru-uṣur[1//1]PN'PN$Inurta-šarru-uṣur",
"f": {"lang": "akk-x-neoass",
"form": "{1}{d}MAŠ-MAN-PAB",
"cf": "Inurta-šarru-uṣur",
"gw": "1",
"sense": "1",
"norm": "Inurta-šarru-uṣur",
"pos": "PN",
"epos": "PN"}
}
,
{
"node": "c",
"type": "phrase",
"tag": "phr",
"id": "P224946.U5",
"ref": "P224946.ls00001",
"cdl": [
{
"node": "l",
"frag": "DUMU-E₂.GAL",
"id": "P224946.l076f8",
"ref": "P224946.10.3",
"cof-tails": "P224946.l076f9",
"inst": "māru[son]N$mār&ēkallu[palace]N$ēkalli",
"sig": "@saao/saa14%akk-x-neoass:DUMU-E₂.GAL=māru[son//son]N'N$mār&&@saao%akk-x-neoass:=ēkallu[palace//palace]N'N$ēkalli",
"f": {"lang": "akk-x-neoass",
"form": "DUMU-E₂.GAL",
"cf": "māru",
"gw": "son",
"sense": "son",
"norm": "mār",
"pos": "N",
"epos": "N"}
}
,
{
"node": "l",
"frag": "DUMU-E₂.GAL",
"id": "P224946.l076f9",
"ref": "P224946.10.3",
"cof-head": "P224946.l076f8",
"inst": "māru[son]N$mār&ēkallu[palace]N$ēkalli",
"tail-sig": "@saao%akk-x-neoass:=ēkallu[palace//palace]N'N$ēkalli",
"f": {"lang": "akk-x-neoass",
"form": "DUMU-E₂.GAL",
"cf": "ēkallu",
"gw": "palace",
"sense": "palace",
"norm": "ēkalli",
"pos": "N",
"epos": "N"}
}
]}
,
{
"node": "d",
"type": "line-start",
"ref": "P224946.11",
"n": "7",
"label": "o 7"}
,
{
"node": "c",
"type": "phrase",
"tag": "phr",
"id": "P224946.U6",
"ref": "P224946.ls00002",
"cdl": [
{
"node": "l",
"frag": "ina",
"id": "P224946.l076fa",
"ref": "P224946.11.1",
"inst": "ina[in+=for]PRP",
"sig": "@saao/saa14%akk-x-neoass:ina=ina[in//in]PRP'PRP$ina",
"f": {"lang": "akk-x-neoass",
"form": "ina",
"cf": "ina",
"gw": "in",
"sense": "in",
"norm": "ina",
"pos": "PRP",
"epos": "PRP"}
}
,
{
"node": "l",
"frag": "ŠA₃",
"id": "P224946.l076fb",
"ref": "P224946.11.2",
"inst": "libbi[interior]N",
"sig": "@saao/saa14%akk-x-neoass:ŠA₃=libbu[interior//interior]N'N$libbi",
"f": {"lang": "akk-x-neoass",
"form": "ŠA₃",
"cf": "libbu",
"gw": "interior",
"sense": "interior",
"norm": "libbi",
"pos": "N",
"epos": "N"}
}
]}
,
{
"node": "l",
"frag": "50",
"id": "P224946.l076fc",
"ref": "P224946.11.3",
"inst": "n",
"f": {"lang": "akk-x-neoass",
"form": "50",
"pos": "n"}
}
,
{
"node": "l",
"frag": "GIN₂-MEŠ",
"id": "P224946.l076fd",
"ref": "P224946.11.4",
"inst": "šiqlī[a unit of weight]N",
"sig": "@saao/saa14%akk-x-neoass:GIN₂-MEŠ=šiqlu[unit//a unit of weight]N'N$šiqlī",
"f": {"lang": "akk-x-neoass",
"form": "GIN₂-MEŠ",
"cf": "šiqlu",
"gw": "unit",
"sense": "a unit of weight",
"norm": "šiqlī",
"pos": "N",
"epos": "N"}
}
,
{
"node": "l",
"frag": "KUG.UD",
"id": "P224946.l076fe",
"ref": "P224946.11.5",
"inst": "ṣarpu[silver]N",
"sig": "@saao/saa14%akk-x-neoass:KUG.UD=ṣarpu[silver//silver]N'N$ṣarpi",
"f": {"lang": "akk-x-neoass",
"form": "KUG.UD",
"cf": "ṣarpu",
"gw": "silver",
"sense": "silver",
"norm": "ṣarpi",
"pos": "N",
"epos": "N"}
}
,
{
"node": "d",
"type": "line-start",
"ref": "P224946.12",
"n": "8",
"label": "o 8"}
,
{
"node": "c",
"type": "phrase",
"tag": "phr",
"id": "P224946.U7",
"ref": "P224946.ls00003",
"cdl": [
{
"node": "l",
"frag": "TA@v",
"id": "P224946.l076ff",
"ref": "P224946.12.1",
"inst": "issu[from+=from]PRP",
"sig": "@saao/saa14%akk-x-neoass:TA@v=ištu[from//from]PRP'PRP$issu",
"f": {"lang": "akk-x-neoass",
"form": "TA@v",
"cf": "ištu",
"gw": "from",
"sense": "from",
"norm": "issu",
"pos": "PRP",
"epos": "PRP"}
}
,
{
"node": "l",
"frag": "IGI",
"id": "P224946.l07700",
"ref": "P224946.12.2",
"inst": "pān[front]N",
"sig": "@saao/saa14%akk-x-neoass:IGI=pānu[front//front]N'N$pān",
"f": {"lang": "akk-x-neoass",
"form": "IGI",
"cf": "pānu",
"gw": "front",
"sense": "front",
"norm": "pān",
"pos": "N",
"epos": "N"}
}
]}
,
{
"node": "l",
"frag": "{1}ha-la-be₂-e-še",
"id": "P224946.l07701",
"ref": "P224946.12.3",
"inst": "Halabeše[1]PN$",
"sig": "@saao/saa14%akk-x-neoass:{1}ha-la-be₂-e-še=Halabeše[1//1]PN'PN$Halabeše",
"f": {"lang": "akk-x-neoass",
"form": "{1}ha-la-be₂-e-še",
"cf": "Halabeše",
"gw": "1",
"sense": "1",
"norm": "Halabeše",
"pos": "PN",
"epos": "PN"}
}
,
{
"node": "d",
"type": "line-start",
"ref": "P224946.13",
"n": "9",
"label": "o 9"}
,
{
"node": "l",
"frag": "TI-qi₂",
"id": "P224946.l07702",
"ref": "P224946.13.1",
"inst": "ilaqqi[purchase]V",
"sig": "@saao/saa14%akk-x-neoass:TI-qi₂=leqû[take//purchase]V'V$ilaqqi",
"f": {"lang": "akk-x-neoass",
"form": "TI-qi₂",
"cf": "leqû",
"gw": "take",
"sense": "purchase",
"norm": "ilaqqi",
"pos": "V",
"epos": "V"}
}
,
{
"node": "l",
"frag": "kas-pu",
"id": "P224946.l07703",
"ref": "P224946.13.2",
"inst": "kaspu[money]N",
"sig": "@saao/saa14%akk-x-neoass:kas-pu=kaspu[silver//money]N'N$kaspu",
"f": {"lang": "akk-x-neoass",
"form": "kas-pu",
"cf": "kaspu",
"gw": "silver",
"sense": "money",
"norm": "kaspu",
"pos": "N",
"epos": "N"}
}
,
{
"node": "l",
"frag": "gam-mur",
"id": "P224946.l07704",
"ref": "P224946.13.3",
"inst": "gammur[completed]AJ",
"sig": "@saao/saa14%akk-x-neoass:gam-mur=gammuru[finished//completed]AJ'AJ$gammur",
"f": {"lang": "akk-x-neoass",
"form": "gam-mur",
"cf": "gammuru",
"gw": "finished",
"sense": "completed",
"norm": "gammur",
"pos": "AJ",
"epos": "AJ"}
}
,
{
"node": "d",
"type": "line-start",
"ref": "P224946.14",
"n": "10",
"label": "o 10"}
,
{
"node": "l",
"frag": "⸢ta⸣-ad-din",
"id": "P224946.l07705",
"ref": "P224946.14.1",
"inst": "taddin[paid]AJ",
"sig": "@saao/saa14%akk-x-neoass:ta-ad-din=tadnu[given//paid]AJ'AJ$taddin",
"f": {"lang": "akk-x-neoass",
"form": "ta-ad-din",
"cf": "tadnu",
"gw": "given",
"sense": "paid",
"norm": "taddin",
"pos": "AJ",
"epos": "AJ"}
}
,
{
"node": "l",
"frag": "GEME₂",
"id": "P224946.l07706",
"ref": "P224946.14.2",
"inst": "amtu[maid]N",
"sig": "@saao/saa14%akk-x-neoass:GEME₂=amtu[maid//maid]N'N$amtu",
"f": {"lang": "akk-x-neoass",
"form": "GEME₂",
"cf": "amtu",
"gw": "maid",
"sense": "maid",
"norm": "amtu",
"pos": "N",
"epos": "N"}
}
,
{
"node": "l",
"frag": "šu₂-a-tu₂",
"id": "P224946.l07707",
"ref": "P224946.14.3",
"inst": "šuātu[that]'DP",
"sig": "@saao/saa14%akk-x-neoass:šu₂-a-tu₂=šuāti[him//that]IP'DP$šuātu",
"f": {"lang": "akk-x-neoass",
"form": "šu₂-a-tu₂",
"cf": "šuāti",
"gw": "him",
"sense": "that",
"norm": "šuātu",
"pos": "IP",
"epos": "DP"}
}
,
{
"node": "d",
"type": "line-start",
"ref": "P224946.15",
"n": "11",
"label": "o 11"}
,
{
"node": "l",
"frag": "⸢za-ar⸣-pat",
"id": "P224946.l07708",
"ref": "P224946.15.1",
"inst": "zarpat[purchased]AJ",
"sig": "@saao/saa14%akk-x-neoass:za-ar-pat=zarpu[purchased//purchased]AJ'AJ$zarpat",
"f": {"lang": "akk-x-neoass",
"form": "za-ar-pat",
"cf": "zarpu",
"gw": "purchased",
"sense": "purchased",
"norm": "zarpat",
"pos": "AJ",
"epos": "AJ"}
}
,
{
"node": "l",
"frag": "laq-qi-at",
"id": "P224946.l07709",
"ref": "P224946.15.2",
"inst": "laqqiat[acquired]AJ",
"sig": "@saao/saa14%akk-x-neoass:laq-qi-at=leqû[taken//acquired]AJ'AJ$laqqiat",
"f": {"lang": "akk-x-neoass",
"form": "laq-qi-at",
"cf": "leqû",
"gw": "taken",
"sense": "acquired",
"norm": "laqqiat",
"pos": "AJ",
"epos": "AJ"}
}
,
{
"node": "l",
"frag": "tu₂-a-ru",
"id": "P224946.l0770a",
"ref": "P224946.15.3",
"inst": "tuāru[revocation]'N",
"sig": "@saao/saa14%akk-x-neoass:tu₂-a-ru=târu[turn//revocation]V'N$tuāru",
"f": {"lang": "akk-x-neoass",
"form": "tu₂-a-ru",
"cf": "târu",
"gw": "turn",
"sense": "revocation",
"norm": "tuāru",
"pos": "V",
"epos": "N"}
}
,
{
"node": "d",
"type": "line-start",
"ref": "P224946.16",
"n": "12",
"label": "o 12"}
,
{
"node": "l",
"frag": "[de-e]-nu",
"id": "P224946.l0770b",
"ref": "P224946.16.1",
"inst": "dēnu[lawsuit]N",
"sig": "@saao/saa14%akk-x-neoass:de-e-nu=dīnu[legal decision//lawsuit]N'N$dēnu",
"f": {"lang": "akk-x-neoass",
"form": "de-e-nu",
"cf": "dīnu",
"gw": "legal decision",
"sense": "lawsuit",
"norm": "dēnu",
"pos": "N",
"epos": "N"}
}
,
{
"node": "l",
"frag": "DUG₄.DUG₄",
"id": "P224946.l0770c",
"ref": "P224946.16.2",
"inst": "dabābu[litigation]'N",
"sig": "@saao/saa14%akk-x-neoass:DUG₄.DUG₄=dabābu[speak//litigation]V'N$dabābu",
"f": {"lang": "akk-x-neoass",
"form": "DUG₄.DUG₄",
"cf": "dabābu",
"gw": "speak",
"sense": "litigation",
"norm": "dabābu",
"pos": "V",
"epos": "N"}
}
,
{
"node": "l",
"frag": "la-aš₂-šu₂",
"id": "P224946.l0770d",
"ref": "P224946.16.3",
"inst": "laššu[(there) is not]V",
"sig": "@saao/saa14%akk-x-neoass:la-aš₂-šu₂=laššu[(there) is not//(there) is not]V'V$laššu",
"f": {"lang": "akk-x-neoass",
"form": "la-aš₂-šu₂",
"cf": "laššu",
"gw": "(there) is not",
"sense": "(there) is not",
"norm": "laššu",
"pos": "V",
"epos": "V"}
}
,
{
"node": "d",
"type": "line-start",
"ref": "P224946.17",
"n": "13",
"label": "o 13"}
,
{
"node": "l",
"frag": "[man-nu",
"id": "P224946.l0770e",
"ref": "P224946.17.1",
"inst": "mannu[whoever]XP",
"sig": "@saao/saa14%akk-x-neoass:man-nu=mannu[who?//whoever]QP'XP$mannu",
"f": {"lang": "akk-x-neoass",
"form": "man-nu",
"cf": "mannu",
"gw": "who?",
"sense": "whoever",
"norm": "mannu",
"pos": "QP",
"epos": "XP"}
}
,
{
"node": "l",
"frag": "ša₂]",
"id": "P224946.l0770f",
"ref": "P224946.17.2",
"inst": "ša[that]REL",
"sig": "@saao/saa14%akk-x-neoass:ša₂=ša[that//that]REL'REL$ša",
"f": {"lang": "akk-x-neoass",
"form": "ša₂",
"cf": "ša",
"gw": "that",
"sense": "that",
"norm": "ša",
"pos": "REL",
"epos": "REL"}
}
,
{
"node": "c",
"type": "phrase",
"tag": "phr",
"id": "P224946.U8",
"ref": "P224946.ls00004",
"cdl": [
{
"node": "l",
"frag": "ina",
"id": "P224946.l07710",
"ref": "P224946.17.3",
"inst": "ina[in+=in the future]PRP",
"sig": "@saao/saa14%akk-x-neoass:ina=ina[in//in]PRP'PRP$ina",
"f": {"lang": "akk-x-neoass",
"form": "ina",
"cf": "ina",
"gw": "in",
"sense": "in",
"norm": "ina",
"pos": "PRP",
"epos": "PRP"}
}
,
{
"node": "l",
"frag": "ur-kiš",
"id": "P224946.l07711",
"ref": "P224946.17.4",
"inst": "urkiš[later]AV",
"sig": "@saao/saa14%akk-x-neoass:ur-kiš=urkiš[later//later]AV'AV$urkiš",
"f": {"lang": "akk-x-neoass",
"form": "ur-kiš",
"cf": "urkiš",
"gw": "later",
"sense": "later",
"norm": "urkiš",
"pos": "AV",
"epos": "AV"}
}
]}
,
{
"node": "l",
"frag": "ina",
"id": "P224946.l07712",
"ref": "P224946.17.5",
"inst": "ina[in+=whenever]PRP",
"sig": "@saao/saa14%akk-x-neoass:ina=ina[in//in]PRP'PRP$ina",
"f": {"lang": "akk-x-neoass",
"form": "ina",
"cf": "ina",
"gw": "in",
"sense": "in",
"norm": "ina",
"pos": "PRP",
"epos": "PRP"}
}
,
{
"node": "l",
"frag": "mat-e-ma",
"id": "P224946.l07713",
"ref": "P224946.17.6",
"inst": "matēma[ever]AV",
"sig": "@saao/saa14%akk-x-neoass:mat-e-ma=matīma[ever//ever]AV'AV$matēma",
"f": {"lang": "akk-x-neoass",
"form": "mat-e-ma",
"cf": "matīma",
"gw": "ever",
"sense": "ever",
"norm": "matēma",
"pos": "AV",
"epos": "AV"}
}
,
{
"node": "d",
"type": "line-start",
"ref": "P224946.18",
"n": "14",
"label": "o 14"}
,
{
"node": "l",
"frag": "[i-za]-⸢qup⸣-pa-a-ni",
"id": "P224946.l07714",
"ref": "P224946.18.1",
"inst": "zaqāpu[fix upright//complain]V$izaqqupāni",
"sig": "@saao/saa14%akk-x-neoass:i-za-qup-pa-a-ni=zaqāpu[fix upright//complain]V'V$izaqqupāni",
"f": {"lang": "akk-x-neoass",
"form": "i-za-qup-pa-a-ni",
"cf": "zaqāpu",
"gw": "fix upright",
"sense": "complain",
"norm": "izaqqupāni",
"pos": "V",
"epos": "V"}
}
,
{
"node": "l",
"frag": "GIL-u-ni",
"id": "P224946.l07715",
"ref": "P224946.18.2",
"inst": "iparrakūni[contravene]V",
"sig": "@saao/saa14%akk-x-neoass:GIL-u-ni=parāku[lie across//contravene]V'V$iparrakūni",
"f": {"lang": "akk-x-neoass",
"form": "GIL-u-ni",
"cf": "parāku",
"gw": "lie across",
"sense": "contravene",
"norm": "iparrakūni",
"pos": "V",
"epos": "V"}
}
,
{
"node": "d",
"type": "line-start",
"ref": "P224946.19",
"n": "15",
"label": "o 15"}
,
{
"node": "l",
"frag": "[lu-u",
"id": "P224946.l07716",
"ref": "P224946.19.1",
"inst": "lū[may]MOD",
"sig": "@saao/saa14%akk-x-neoass:lu-u=lū[may//may]MOD'MOD$lū",
"f": {"lang": "akk-x-neoass",
"form": "lu-u",
"cf": "lū",
"gw": "may",
"sense": "may",
"norm": "lū",
"pos": "MOD",
"epos": "MOD"}
}
,
{
"node": "l",
"frag": "{1}ha-la-be₂-e-še",
"id": "P224946.l07717",
"ref": "P224946.19.2",
"inst": "Halabeše[1]PN$",
"sig": "@saao/saa14%akk-x-neoass:{1}ha-la-be₂-e-še=Halabeše[1//1]PN'PN$Halabeše",
"f": {"lang": "akk-x-neoass",
"form": "{1}ha-la-be₂-e-še",
"cf": "Halabeše",
"gw": "1",
"sense": "1",
"norm": "Halabeše",
"pos": "PN",
"epos": "PN"}
}
,
{
"node": "d",
"subtype": "bottom",
"type": "surface",
"ref": "P224946.b.e..20",
"type": "bottom",
"label": "b.e."}
,
{
"node": "d",
"type": "line-start",
"ref": "P224946.21",
"n": "16",
"label": "b.e. 16"}
,
{
"node": "l",
"frag": "[lu-u",
"id": "P224946.l07718",
"ref": "P224946.21.1",
"inst": "lū[may]MOD",
"sig": "@saao/saa14%akk-x-neoass:lu-u=lū[may//may]MOD'MOD$lū",
"f": {"lang": "akk-x-neoass",
"form": "lu-u",
"cf": "lū",
"gw": "may",
"sense": "may",
"norm": "lū",
"pos": "MOD",
"epos": "MOD"}
}
,
{
"node": "l",
"frag": "DUMU]-⸢MEŠ⸣-šu₂",
"id": "P224946.l07719",
"ref": "P224946.21.2",
"inst": "marʾēšu[son]N",
"sig": "@saao/saa14%akk-x-neoass:DUMU-MEŠ-šu₂=māru[son//son]N'N$marʾēšu",
"f": {"lang": "akk-x-neoass",
"form": "DUMU-MEŠ-šu₂",
"cf": "māru",
"gw": "son",
"sense": "son",
"norm": "marʾēšu",
"pos": "N",
"epos": "N"}
}
,
{
"node": "l",
"frag": "DUMU-DUMU-MEŠ-⸢šu₂⸣",
"id": "P224946.l0771a",
"ref": "P224946.21.3",
"cof-tails": "P224946.l0771b",
"inst": "māru[son]N$mār&māru[son]N$marʾēšu",
"sig": "@saao/saa14%akk-x-neoass:DUMU-DUMU-MEŠ-šu₂=māru[son//son]N'N$mār&&@saao%akk-x-neoass:=māru[son//son]N'N$marʾēšu",
"f": {"lang": "akk-x-neoass",
"form": "DUMU-DUMU-MEŠ-šu₂",
"cf": "māru",
"gw": "son",
"sense": "son",
"norm": "mār",
"pos": "N",
"epos": "N"}
}
,
{
"node": "l",
"frag": "DUMU-DUMU-MEŠ-⸢šu₂⸣",
"id": "P224946.l0771b",
"ref": "P224946.21.3",
"cof-head": "P224946.l0771a",
"inst": "māru[son]N$mār&māru[son]N$marʾēšu",
"tail-sig": "@saao%akk-x-neoass:=māru[son//son]N'N$marʾēšu",
"f": {"lang": "akk-x-neoass",
"form": "DUMU-DUMU-MEŠ-šu₂",
"cf": "māru",
"gw": "son",
"sense": "son",
"norm": "marʾēšu",
"pos": "N",
"epos": "N"}
}
,
{
"node": "d",
"subtype": "reverse",
"type": "surface",
"ref": "P224946.r.22",
"type": "reverse",
"label": "r"}
,
{
"node": "d",
"type": "line-start",
"ref": "P224946.23",
"n": "1",
"label": "r 1"}
,
{
"node": "l",
"frag": "[ša₂]",
"id": "P224946.l0771c",
"ref": "P224946.23.1",
"inst": "ša[that]REL",
"sig": "@saao/saa14%akk-x-neoass:ša₂=ša[that//that]REL'REL$ša",
"f": {"lang": "akk-x-neoass",
"form": "ša₂",
"cf": "ša",
"gw": "that",
"sense": "that",
"norm": "ša",
"pos": "REL",
"epos": "REL"}
}
,
{
"node": "l",
"frag": "⸢TA@v⸣",
"id": "P224946.l0771d",
"ref": "P224946.23.2",
"inst": "issi[with]PRP",
"sig": "@saao/saa14%akk-x-neoass:TA@v=išti[with//with]PRP'PRP$issi",
"f": {"lang": "akk-x-neoass",
"form": "TA@v",
"cf": "išti",
"gw": "with",
"sense": "with",
"norm": "issi",
"pos": "PRP",
"epos": "PRP"}
}
,
{
"node": "l",
"frag": "{1}{d}MAŠ-LUGAL-PAB",
"id": "P224946.l0771e",
"ref": "P224946.23.3",
"inst": "Inurta-šarru-uṣur[1]PN$",
"sig": "@saao/saa14%akk-x-neoass:{1}{d}MAŠ-LUGAL-PAB=Inurta-šarru-uṣur[1//1]PN'PN$Inurta-šarru-uṣur",
"f": {"lang": "akk-x-neoass",
"form": "{1}{d}MAŠ-LUGAL-PAB",
"cf": "Inurta-šarru-uṣur",
"gw": "1",
"sense": "1",
"norm": "Inurta-šarru-uṣur",
"pos": "PN",
"epos": "PN"}
}
,
{
"node": "d",
"type": "line-start",
"ref": "P224946.24",
"n": "2",
"label": "r 2"}
,
{
"node": "l",
"frag": "⸢TA@v⸣",
"id": "P224946.l0771f",
"ref": "P224946.24.1",
"inst": "issi[with]PRP",
"sig": "@saao/saa14%akk-x-neoass:TA@v=išti[with//with]PRP'PRP$issi",
"f": {"lang": "akk-x-neoass",
"form": "TA@v",
"cf": "išti",
"gw": "with",
"sense": "with",
"norm": "issi",
"pos": "PRP",
"epos": "PRP"}
}
,
{
"node": "l",
"frag": "DUMU-MEŠ-šu₂",
"id": "P224946.l07720",
"ref": "P224946.24.2",
"inst": "marʾēšu[son]N",
"sig": "@saao/saa14%akk-x-neoass:DUMU-MEŠ-šu₂=māru[son//son]N'N$marʾēšu",
"f": {"lang": "akk-x-neoass",
"form": "DUMU-MEŠ-šu₂",
"cf": "māru",
"gw": "son",
"sense": "son",
"norm": "marʾēšu",
"pos": "N",
"epos": "N"}
}
,
{
"node": "l",
"frag": "TA@v",
"id": "P224946.l07721",
"ref": "P224946.24.3",
"inst": "issi[with]PRP",
"sig": "@saao/saa14%akk-x-neoass:TA@v=išti[with//with]PRP'PRP$issi",
"f": {"lang": "akk-x-neoass",
"form": "TA@v",
"cf": "išti",
"gw": "with",
"sense": "with",
"norm": "issi",
"pos": "PRP",
"epos": "PRP"}
}
,
{
"node": "l",
"frag": "DUMU-DUMU-MEŠ-šu₂",
"id": "P224946.l07722",
"ref": "P224946.24.4",
"cof-tails": "P224946.l07723",
"inst": "māru[son]N$mār&māru[son]N$marʾēšu",
"sig": "@saao/saa14%akk-x-neoass:DUMU-DUMU-MEŠ-šu₂=māru[son//son]N'N$mār&&@saao%akk-x-neoass:=māru[son//son]N'N$marʾēšu",
"f": {"lang": "akk-x-neoass",
"form": "DUMU-DUMU-MEŠ-šu₂",
"cf": "māru",
"gw": "son",
"sense": "son",
"norm": "mār",
"pos": "N",
"epos": "N"}
}
,
{
"node": "l",
"frag": "DUMU-DUMU-MEŠ-šu₂",
"id": "P224946.l07723",
"ref": "P224946.24.4",
"cof-head": "P224946.l07722",
"inst": "māru[son]N$mār&māru[son]N$marʾēšu",
"tail-sig": "@saao%akk-x-neoass:=māru[son//son]N'N$marʾēšu",
"f": {"lang": "akk-x-neoass",
"form": "DUMU-DUMU-MEŠ-šu₂",
"cf": "māru",
"gw": "son",
"sense": "son",
"norm": "marʾēšu",
"pos": "N",
"epos": "N"}
}
,
{
"node": "d",
"type": "line-start",
"ref": "P224946.25",
"n": "3",
"label": "r 3"}
,
{
"node": "l",
"frag": "⸢de⸣-e-nu",
"id": "P224946.l07724",
"ref": "P224946.25.1",
"inst": "dēnu[lawsuit]N",
"sig": "@saao/saa14%akk-x-neoass:de-e-nu=dīnu[legal decision//lawsuit]N'N$dēnu",
"f": {"lang": "akk-x-neoass",
"form": "de-e-nu",
"cf": "dīnu",
"gw": "legal decision",
"sense": "lawsuit",
"norm": "dēnu",
"pos": "N",
"epos": "N"}
}
,
{
"node": "l",
"frag": "DUG₄.DUG₄",
"id": "P224946.l07725",
"ref": "P224946.25.2",
"inst": "dabābu[litigation]'N",
"sig": "@saao/saa14%akk-x-neoass:DUG₄.DUG₄=dabābu[speak//litigation]V'N$dabābu",
"f": {"lang": "akk-x-neoass",
"form": "DUG₄.DUG₄",
"cf": "dabābu",
"gw": "speak",
"sense": "litigation",
"norm": "dabābu",
"pos": "V",
"epos": "N"}
}
,
{
"node": "l",
"frag": "ub-ta-u-ni",
"id": "P224946.l07726",
"ref": "P224946.25.3",
"inst": "ubtaʾʾūni[seek]V",
"sig": "@saao/saa14%akk-x-neoass:ub-ta-u-ni=buʾʾû[look for//seek]V'V$ubtaʾʾūni",
"f": {"lang": "akk-x-neoass",
"form": "ub-ta-u-ni",
"cf": "buʾʾû",
"gw": "look for",
"sense": "seek",
"norm": "ubtaʾʾūni",
"pos": "V",
"epos": "V"}
}
,
{
"node": "d",
"type": "line-start",
"ref": "P224946.26",
"n": "4",
"label": "r 4"}
,
{
"node": "l",
"frag": "10",
"id": "P224946.l07727",
"ref": "P224946.26.1",
"inst": "n",
"f": {"lang": "akk-x-neoass",
"form": "10",
"pos": "n"}
}
,
{
"node": "l",
"frag": "MA.NA",
"id": "P224946.l07728",
"ref": "P224946.26.2",
"inst": "manê[a unit of weight]N",
"sig": "@saao/saa14%akk-x-neoass:MA.NA=manû[unit//a unit of weight]N'N$manê",
"f": {"lang": "akk-x-neoass",
"form": "MA.NA",
"cf": "manû",
"gw": "unit",
"sense": "a unit of weight",
"norm": "manê",
"pos": "N",
"epos": "N"}
}
,
{
"node": "l",
"frag": "KUG.UD",
"id": "P224946.l07729",
"ref": "P224946.26.3",
"inst": "ṣarpu[silver]N",
"sig": "@saao/saa14%akk-x-neoass:KUG.UD=ṣarpu[silver//silver]N'N$ṣarpi",
"f": {"lang": "akk-x-neoass",
"form": "KUG.UD",
"cf": "ṣarpu",
"gw": "silver",
"sense": "silver",
"norm": "ṣarpi",
"pos": "N",
"epos": "N"}
}
,
{
"node": "l",
"frag": "01",
"id": "P224946.l0772a",
"ref": "P224946.26.4",
"inst": "n",
"f": {"lang": "akk-x-neoass",
"form": "01",
"pos": "n"}
}
,
{
"node": "l",
"frag": "MA.NA",
"id": "P224946.l0772b",
"ref": "P224946.26.5",
"inst": "manû[a unit of weight]N",
"sig": "@saao/saa14%akk-x-neoass:MA.NA=manû[unit//a unit of weight]N'N$manû",
"f": {"lang": "akk-x-neoass",
"form": "MA.NA",
"cf": "manû",
"gw": "unit",
"sense": "a unit of weight",
"norm": "manû",
"pos": "N",
"epos": "N"}
}
,
{
"node": "l",
"frag": "KUG.GI",
"id": "P224946.l0772c",
"ref": "P224946.26.6",
"inst": "hurāṣu[gold]N",
"sig": "@saao/saa14%akk-x-neoass:KUG.GI=hurāṣu[gold//gold]N'N$hurāṣi",
"f": {"lang": "akk-x-neoass",
"form": "KUG.GI",
"cf": "hurāṣu",
"gw": "gold",
"sense": "gold",
"norm": "hurāṣi",
"pos": "N",
"epos": "N"}
}
,
{
"node": "d",
"type": "line-start",
"ref": "P224946.27",
"n": "5",
"label": "r 5"}
,
{
"node": "l",
"frag": "⸢ina⸣",
"id": "P224946.l0772d",
"ref": "P224946.27.1",
"inst": "ina[in]PRP",
"sig": "@saao/saa14%akk-x-neoass:ina=ina[in//in]PRP'PRP$ina",
"f": {"lang": "akk-x-neoass",
"form": "ina",
"cf": "ina",
"gw": "in",
"sense": "in",
"norm": "ina",
"pos": "PRP",
"epos": "PRP"}
}
,
{
"node": "l",
"frag": "bur-ki",
"id": "P224946.l0772e",
"ref": "P224946.27.2",
"inst": "burki[lap]N",
"sig": "@saao/saa14%akk-x-neoass:bur-ki=burku[knee//lap]N'N$burki",
"f": {"lang": "akk-x-neoass",
"form": "bur-ki",
"cf": "burku",
"gw": "knee",
"sense": "lap",
"norm": "burki",
"pos": "N",
"epos": "N"}
}
,
{
"node": "l",
"frag": "{d}15",
"id": "P224946.l0772f",
"ref": "P224946.27.3",
"inst": "Issar[1]DN",
"sig": "@saao/saa14%akk-x-neoass:{d}15=Ištar[1//1]DN'DN$Issar",
"f": {"lang": "akk-x-neoass",
"form": "{d}15",
"cf": "Ištar",
"gw": "1",
"sense": "1",
"norm": "Issar",
"pos": "DN",
"epos": "DN"}
}
,
{
"node": "l",
"frag": "ša₂",
"id": "P224946.l07730",
"ref": "P224946.27.4",
"inst": "ša[of]DET",
"sig": "@saao/saa14%akk-x-neoass:ša₂=ša[of//of]DET'DET$ša",
"f": {"lang": "akk-x-neoass",
"form": "ša₂",
"cf": "ša",
"gw": "of",
"sense": "of",
"norm": "ša",
"pos": "DET",
"epos": "DET"}
}
,
{
"node": "l",
"frag": "NINA{ki}",
"id": "P224946.l07731",
"ref": "P224946.27.5",
"inst": "Ninua[Nineveh]GN",
"sig": "@saao/saa14%akk-x-neoass:NINA{KI}=Ninua[Nineveh//Nineveh]GN'GN$Ninua",
"f": {"lang": "akk-x-neoass",
"form": "NINA{KI}",
"cf": "Ninua",
"gw": "Nineveh",
"sense": "Nineveh",
"norm": "Ninua",
"pos": "GN",
"epos": "GN"}
}
,
{
"node": "l",
"frag": "GAR-an",
"id": "P224946.l07732",
"ref": "P224946.27.6",
"inst": "išakkan[place]V",
"sig": "@saao/saa14%akk-x-neoass:GAR-an=šakānu[put//place]V'V$išakkan",
"f": {"lang": "akk-x-neoass",
"form": "GAR-an",
"cf": "šakānu",
"gw": "put",
"sense": "place",
"norm": "išakkan",
"pos": "V",
"epos": "V"}
}
,
{
"node": "d",
"type": "line-start",
"ref": "P224946.28",
"n": "6",
"label": "r 6"}
,
{
"node": "l",
"frag": "kas-pu",
"id": "P224946.l07733",
"ref": "P224946.28.1",
"inst": "kaspu[money]N",
"sig": "@saao/saa14%akk-x-neoass:kas-pu=kaspu[silver//money]N'N$kaspu",
"f": {"lang": "akk-x-neoass",
"form": "kas-pu",
"cf": "kaspu",
"gw": "silver",
"sense": "money",
"norm": "kaspu",
"pos": "N",
"epos": "N"}
}
,
{
"node": "c",
"type": "phrase",
"tag": "phr",
"id": "P224946.U9",
"ref": "P224946.ls00005",
"cdl": [
{
"node": "l",
"frag": "a-na",
"id": "P224946.l07734",
"ref": "P224946.28.2",
"inst": "ana[to+=tenfold]PRP",
"sig": "@saao/saa14%akk-x-neoass:a-na=ana[to//to]PRP'PRP$ana",
"f": {"lang": "akk-x-neoass",
"form": "a-na",
"cf": "ana",
"gw": "to",
"sense": "to",
"norm": "ana",
"pos": "PRP",
"epos": "PRP"}
}
,
{
"node": "l",
"frag": "10-MEŠ",
"id": "P224946.l07735",
"ref": "P224946.28.3",
"inst": "ešrāti[tenfold]AV",
"sig": "@saao/saa14%akk-x-neoass:10-MEŠ=ešriātu[tenfold//tenfold]AV'AV$ešrāti",
"f": {"lang": "akk-x-neoass",
"form": "10-MEŠ",
"cf": "ešriātu",
"gw": "tenfold",
"sense": "tenfold",
"norm": "ešrāti",
"pos": "AV",
"epos": "AV"}
}
]}
,
{
"node": "l",
"frag": "a-na",
"id": "P224946.l07736",
"ref": "P224946.28.4",
"inst": "ana[to]PRP",
"sig": "@saao/saa14%akk-x-neoass:a-na=ana[to//to]PRP'PRP$ana",
"f": {"lang": "akk-x-neoass",
"form": "a-na",
"cf": "ana",
"gw": "to",
"sense": "to",
"norm": "ana",
"pos": "PRP",
"epos": "PRP"}
}
,
{
"node": "l",
"frag": "EN-MEŠ-šu₂",
"id": "P224946.l07737",
"ref": "P224946.28.5",
"inst": "bēlēšu[owner]N",
"sig": "@saao/saa14%akk-x-neoass:EN-MEŠ-šu₂=bēlu[lord//owner]N'N$bēlēšu",
"f": {"lang": "akk-x-neoass",
"form": "EN-MEŠ-šu₂",
"cf": "bēlu",
"gw": "lord",
"sense": "owner",
"norm": "bēlēšu",
"pos": "N",
"epos": "N"}
}
,
{
"node": "l",
"frag": "GUR",
"id": "P224946.l07738",
"ref": "P224946.28.6",
"inst": "itūar[return]V",
"sig": "@saao/saa14%akk-x-neoass:GUR=târu[turn//return]V'V$itūar",
"f": {"lang": "akk-x-neoass",
"form": "GUR",
"cf": "târu",
"gw": "turn",
"sense": "return",
"norm": "itūar",
"pos": "V",
"epos": "V"}
}
,
{
"node": "d",
"type": "line-start",
"ref": "P224946.29",
"n": "7",
"label": "r 7"}
,
{
"node": "l",
"frag": "ina",
"id": "P224946.l07739",
"ref": "P224946.29.1",
"inst": "ina[in]PRP",
"sig": "@saao/saa14%akk-x-neoass:ina=ina[in//in]PRP'PRP$ina",
"f": {"lang": "akk-x-neoass",
"form": "ina",
"cf": "ina",
"gw": "in",
"sense": "in",
"norm": "ina",
"pos": "PRP",
"epos": "PRP"}
}
,
{
"node": "l",
"frag": "de-ni-šu₂",
"id": "P224946.l0773a",
"ref": "P224946.29.2",
"inst": "dēnīšu[lawsuit]N",
"sig": "@saao/saa14%akk-x-neoass:de-ni-šu₂=dīnu[legal decision//lawsuit]N'N$dēnīšu",
"f": {"lang": "akk-x-neoass",
"form": "de-ni-šu₂",
"cf": "dīnu",
"gw": "legal decision",
"sense": "lawsuit",
"norm": "dēnīšu",
"pos": "N",
"epos": "N"}
}
,
{
"node": "l",
"frag": "DUG₄.DUG₄-ma",
"id": "P224946.l0773b",
"ref": "P224946.29.3",
"inst": "idabbubma[contest]V",
"sig": "@saao/saa14%akk-x-neoass:DUG₄.DUG₄-ma=dabābu[speak//contest]V'V$idabbubma",
"f": {"lang": "akk-x-neoass",
"form": "DUG₄.DUG₄-ma",
"cf": "dabābu",
"gw": "speak",
"sense": "contest",
"norm": "idabbubma",
"pos": "V",
"epos": "V"}
}
,
{
"node": "l",
"frag": "NU",
"id": "P224946.l0773c",
"ref": "P224946.29.4",
"inst": "lā[not]MOD",
"sig": "@saao/saa14%akk-x-neoass:NU=lā[not//not]MOD'MOD$lā",
"f": {"lang": "akk-x-neoass",
"form": "NU",
"cf": "lā",
"gw": "not",
"sense": "not",
"norm": "lā",
"pos": "MOD",
"epos": "MOD"}
}
,
{
"node": "l",
"frag": "TI-qi₂",
"id": "P224946.l0773d",
"ref": "P224946.29.5",
"inst": "ilaqqi[succeed]V",
"sig": "@saao/saa14%akk-x-neoass:TI-qi₂=leqû[take//succeed]V'V$ilaqqi",
"f": {"lang": "akk-x-neoass",
"form": "TI-qi₂",
"cf": "leqû",
"gw": "take",
"sense": "succeed",
"norm": "ilaqqi",
"pos": "V",
"epos": "V"}
}
,
{
"node": "d",
"type": "line-start",
"ref": "P224946.30",
"n": "8",
"label": "r 8"}
,
{
"node": "l",
"frag": "ṣib-ti",
"id": "P224946.l0773e",
"ref": "P224946.30.1",
"inst": "ṣibti[seizure]N",
"sig": "@saao/saa14%akk-x-neoass:ṣib-ti=ṣibtu[seizure//seizure]N'N$ṣibti",
"f": {"lang": "akk-x-neoass",
"form": "ṣib-ti",
"cf": "ṣibtu",
"gw": "seizure",
"sense": "seizure",
"norm": "ṣibti",
"pos": "N",
"epos": "N"}
}
,
{
"node": "l",
"frag": "be-ni",
"id": "P224946.l0773f",
"ref": "P224946.30.2",
"inst": "benni[epilepsy]N",
"sig": "@saao/saa14%akk-x-neoass:be-ni=bennu[epilepsy//epilepsy]N'N$benni",
"f": {"lang": "akk-x-neoass",
"form": "be-ni",
"cf": "bennu",
"gw": "epilepsy",
"sense": "epilepsy",
"norm": "benni",
"pos": "N",
"epos": "N"}
}
,
{
"node": "l",
"frag": "a-na",
"id": "P224946.l07740",
"ref": "P224946.30.3",
"inst": "ana[for]PRP",
"sig": "@saao/saa14%akk-x-neoass:a-na=ana[to//for]PRP'PRP$ana",
"f": {"lang": "akk-x-neoass",
"form": "a-na",
"cf": "ana",
"gw": "to",
"sense": "for",
"norm": "ana",
"pos": "PRP",
"epos": "PRP"}
}
,
{
"node": "l",
"frag": "01",
"id": "P224946.l07741",
"ref": "P224946.30.4",
"inst": "n",
"f": {"lang": "akk-x-neoass",
"form": "01",
"pos": "n"}
}
,
{
"node": "l",
"frag": "me",
"id": "P224946.l07742",
"ref": "P224946.30.5",
"inst": "mē[(one) hundred]NU",
"sig": "@saao/saa14%akk-x-neoass:me=meʾatu[(one) hundred//(one) hundred]NU'NU$mē",
"f": {"lang": "akk-x-neoass",
"form": "me",
"cf": "meʾatu",
"gw": "(one) hundred",
"sense": "(one) hundred",
"norm": "mē",
"pos": "NU",
"epos": "NU"}
}
,
{
"node": "l",
"frag": "UD-me",
"id": "P224946.l07743",
"ref": "P224946.30.6",
"inst": "ūme[day]N",
"sig": "@saao/saa14%akk-x-neoass:UD-me=ūmu[day//day]N'N$ūme",
"f": {"lang": "akk-x-neoass",
"form": "UD-me",
"cf": "ūmu",
"gw": "day",
"sense": "day",
"norm": "ūme",
"pos": "N",
"epos": "N"}
}
,
{
"node": "d",
"type": "line-start",
"ref": "P224946.31",
"n": "9",
"label": "r 9"}
,
{
"node": "l",
"frag": "sa-ar-tu₂",
"id": "P224946.l07744",
"ref": "P224946.31.1",
"inst": "sartu[fine]N",
"sig": "@saao/saa14%akk-x-neoass:sa-ar-tu₂=sartu[falsehood//fine]N'N$sartu",
"f": {"lang": "akk-x-neoass",
"form": "sa-ar-tu₂",
"cf": "sartu",
"gw": "falsehood",
"sense": "fine",
"norm": "sartu",
"pos": "N",
"epos": "N"}
}
,
{
"node": "l",
"frag": "a-na",
"id": "P224946.l07745",
"ref": "P224946.31.2",
"inst": "ana[for]PRP",
"sig": "@saao/saa14%akk-x-neoass:a-na=ana[to//for]PRP'PRP$ana",
"f": {"lang": "akk-x-neoass",
"form": "a-na",
"cf": "ana",
"gw": "to",
"sense": "for",
"norm": "ana",
"pos": "PRP",
"epos": "PRP"}
}
,
{
"node": "l",
"frag": "kal",
"id": "P224946.l07746",
"ref": "P224946.31.3",
"inst": "kal[all]'AJ",
"sig": "@saao/saa14%akk-x-neoass:kal=kalû[totality//all]N'AJ$kal",
"f": {"lang": "akk-x-neoass",
"form": "kal",
"cf": "kalû",
"gw": "totality",
"sense": "all",
"norm": "kal",
"pos": "N",
"epos": "AJ"}
}
,
{
"node": "l",
"frag": "MU.AN.⸢NA-MEŠ⸣",
"id": "P224946.l07747",
"ref": "P224946.31.4",
"inst": "šanāti[year]N",
"sig": "@saao/saa14%akk-x-neoass:MU.AN.NA-MEŠ=šattu[year//year]N'N$šanāti",
"f": {"lang": "akk-x-neoass",
"form": "MU.AN.NA-MEŠ",
"cf": "šattu",
"gw": "year",
"sense": "year",
"norm": "šanāti",
"pos": "N",
"epos": "N"}
}
,
{
"node": "d",
"type": "line-start",
"ref": "P224946.32",
"n": "10",
"label": "r 10"}
,
{
"node": "l",
"frag": "⸢EGIR⸣",
"id": "P224946.l07748",
"ref": "P224946.32.1",
"inst": "urki[after]PRP",
"sig": "@saao/saa14%akk-x-neoass:EGIR=arki[after//after]PRP'PRP$urki",
"f": {"lang": "akk-x-neoass",
"form": "EGIR",
"cf": "arki",
"gw": "after",
"sense": "after",
"norm": "urki",
"pos": "PRP",
"epos": "PRP"}
}
,
{
"node": "l",
"frag": "du-ra-ri",
"id": "P224946.l07749",
"ref": "P224946.32.2",
"inst": "durāri[debt-remission]N",
"sig": "@saao/saa14%akk-x-neoass:du-ra-ri=andurāru[freedom//debt-remission]N'N$durāri",
"f": {"lang": "akk-x-neoass",
"form": "du-ra-ri",
"cf": "andurāru",
"gw": "freedom",
"sense": "debt-remission",
"norm": "durāri",
"pos": "N",
"epos": "N"}
}
,
{
"node": "l",
"frag": "dan-nu-⸢tu₂⸣",
"id": "P224946.l0774a",
"ref": "P224946.32.3",
"inst": "dannutu[binding document]N$",
"sig": "@saao/saa14%akk-x-neoass:dan-nu-tu₂=dannutu[binding document//binding document]N'N$dannutu",
"f": {"lang": "akk-x-neoass",
"form": "dan-nu-tu₂",
"cf": "dannutu",
"gw": "binding document",
"sense": "binding document",
"norm": "dannutu",
"pos": "N",
"epos": "N"}
}
,
{
"node": "l",
"frag": "[šaṭ]-⸢rat⸣",
"id": "P224946.l0774b",
"ref": "P224946.32.4",
"inst": "šaṭru[written]AJ$šaṭrat",
"sig": "@saao/saa14%akk-x-neoass:šaṭ-rat=šaṭru[written//written]AJ'AJ$šaṭrat",
"f": {"lang": "akk-x-neoass",
"form": "šaṭ-rat",
"cf": "šaṭru",
"gw": "written",
"sense": "written",
"norm": "šaṭrat",
"pos": "AJ",
"epos": "AJ"}
}
,
{
"node": "d",
"type": "nonx",
"ref": "P224946.33",
"strict": "1",
"extent": "n",
"scope": "line",
"state": "ruling"}
,
{
"node": "d",
"type": "line-start",
"ref": "P224946.34",
"n": "11",
"label": "r 11"}
,
{
"node": "l",
"frag": "IGI",
"id": "P224946.l0774c",
"ref": "P224946.34.1",
"inst": "šību[witness]N",
"sig": "@saao/saa14%akk-x-neoass:IGI=šību[witness//witness]N'N$šību",
"f": {"lang": "akk-x-neoass",
"form": "IGI",
"cf": "šību",
"gw": "witness",
"sense": "witness",
"norm": "šību",
"pos": "N",
"epos": "N"}
}
,
{
"node": "l",
"frag": "{1}IGI-{d}15--la-⸢mur⸣",
"id": "P224946.l0774d",
"ref": "P224946.34.2",
"inst": "Pan-Issar-lamur[1]PN",
"sig": "@saao/saa14%akk-x-neoass:{1}IGI-{d}15-la-mur=Pan-Issar-lamur[1//1]PN'PN$Pan-Issar-lamur",
"f": {"lang": "akk-x-neoass",
"form": "{1}IGI-{d}15-la-mur",
"cf": "Pan-Issar-lamur",
"gw": "1",
"sense": "1",
"norm": "Pan-Issar-lamur",
"pos": "PN",
"epos": "PN"}
}
,
{
"node": "d",
"type": "line-start",
"ref": "P224946.35",
"n": "12",
"label": "r 12"}
,
{
"node": "l",
"frag": "IGI",
"id": "P224946.l0774e",
"ref": "P224946.35.1",
"inst": "šību[witness]N",
"sig": "@saao/saa14%akk-x-neoass:IGI=šību[witness//witness]N'N$šību",
"f": {"lang": "akk-x-neoass",
"form": "IGI",
"cf": "šību",
"gw": "witness",
"sense": "witness",
"norm": "šību",
"pos": "N",
"epos": "N"}
}
,
{
"node": "l",
"frag": "{1}ab-di-sa-am-si",
"id": "P224946.l0774f",
"ref": "P224946.35.2",
"inst": "Abdi-Samsi[1]PN$",
"sig": "@saao/saa14%akk-x-neoass:{1}ab-di-sa-am-si=Abdi-Samsi[1//1]PN'PN$Abdi-Samsi",
"f": {"lang": "akk-x-neoass",
"form": "{1}ab-di-sa-am-si",
"cf": "Abdi-Samsi",
"gw": "1",
"sense": "1",
"norm": "Abdi-Samsi",
"pos": "PN",
"epos": "PN"}
}
,
{
"node": "d",
"type": "line-start",
"ref": "P224946.36",
"n": "13",
"label": "r 13"}
,
{
"node": "l",
"frag": "IGI",
"id": "P224946.l07750",
"ref": "P224946.36.1",
"inst": "šību[witness]N",
"sig": "@saao/saa14%akk-x-neoass:IGI=šību[witness//witness]N'N$šību",
"f": {"lang": "akk-x-neoass",
"form": "IGI",
"cf": "šību",
"gw": "witness",
"sense": "witness",
"norm": "šību",
"pos": "N",
"epos": "N"}
}
,
{
"node": "l",
"frag": "{⸢lu₂⸣}GAR-nu-šu₂",
"id": "P224946.l07751",
"ref": "P224946.36.2",
"inst": "šaknušu[prefect]N",
"sig": "@saao/saa14%akk-x-neoass:{LU₂}GAR-nu-šu₂=šaknu[appointee//prefect]N'N$šaknušu",
"f": {"lang": "akk-x-neoass",
"form": "{LU₂}GAR-nu-šu₂",
"cf": "šaknu",
"gw": "appointee",
"sense": "prefect",
"norm": "šaknušu",
"pos": "N",
"epos": "N"}
}
,
{
"node": "l",
"frag": "ša₂",
"id": "P224946.l07752",
"ref": "P224946.36.3",
"inst": "ša[of]DET",
"sig": "@saao/saa14%akk-x-neoass:ša₂=ša[of//of]DET'DET$ša",
"f": {"lang": "akk-x-neoass",
"form": "ša₂",
"cf": "ša",
"gw": "of",
"sense": "of",
"norm": "ša",
"pos": "DET",
"epos": "DET"}
}
,
{
"node": "l",
"frag": "{1}ha-la-be₂-e-še",
"id": "P224946.l07753",
"ref": "P224946.36.4",
"inst": "Halabese[1]PN$",
"sig": "@saao/saa14%akk-x-neoass:{1}ha-la-be₂-e-še=Halabese[1//1]PN'PN$Halabese",
"f": {"lang": "akk-x-neoass",
"form": "{1}ha-la-be₂-e-še",
"cf": "Halabese",
"gw": "1",
"sense": "1",
"norm": "Halabese",
"pos": "PN",
"epos": "PN"}
}
,
{
"node": "d",
"type": "line-start",
"ref": "P224946.37",
"n": "14",
"label": "r 14"}
,
{
"node": "l",
"frag": "IGI",
"id": "P224946.l07754",
"ref": "P224946.37.1",
"inst": "šību[witness]N",
"sig": "@saao/saa14%akk-x-neoass:IGI=šību[witness//witness]N'N$šību",
"f": {"lang": "akk-x-neoass",
"form": "IGI",
"cf": "šību",
"gw": "witness",
"sense": "witness",
"norm": "šību",
"pos": "N",
"epos": "N"}
}
,
{
"node": "l",
"frag": "{1}pu-u-ṭu-e-še",
"id": "P224946.l07755",
"ref": "P224946.37.2",
"inst": "Puṭi-Eše[1]PN$",
"sig": "@saao/saa14%akk-x-neoass:{1}pu-u-ṭu-e-še=Puṭi-Eše[1//1]PN'PN$Puṭi-Eše",
"f": {"lang": "akk-x-neoass",
"form": "{1}pu-u-ṭu-e-še",
"cf": "Puṭi-Eše",
"gw": "1",
"sense": "1",
"norm": "Puṭi-Eše",
"pos": "PN",
"epos": "PN"}
}
,
{
"node": "d",
"type": "line-start",
"ref": "P224946.38",
"n": "15",
"label": "r 15"}
,
{
"node": "l",
"frag": "IGI",
"id": "P224946.l07756",
"ref": "P224946.38.1",
"inst": "šību[witness]N",
"sig": "@saao/saa14%akk-x-neoass:IGI=šību[witness//witness]N'N$šību",
"f": {"lang": "akk-x-neoass",
"form": "IGI",
"cf": "šību",
"gw": "witness",
"sense": "witness",
"norm": "šību",
"pos": "N",
"epos": "N"}
}
,
{
"node": "l",
"frag": "{1}PAB-u-a-SU",
"id": "P224946.l07757",
"ref": "P224946.38.2",
"inst": "Ahuʾa-eriba[1]PN",
"sig": "@saao/saa14%akk-x-neoass:{1}PAB-u-a-SU=Ahuʾa-eriba[1//1]PN'PN$Ahuʾa-eriba",
"f": {"lang": "akk-x-neoass",
"form": "{1}PAB-u-a-SU",
"cf": "Ahuʾa-eriba",
"gw": "1",
"sense": "1",
"norm": "Ahuʾa-eriba",
"pos": "PN",
"epos": "PN"}
}
,
{
"node": "l",
"frag": "IGI",
"id": "P224946.l07758",
"ref": "P224946.38.3",
"inst": "šību[witness]N",
"sig": "@saao/saa14%akk-x-neoass:IGI=šību[witness//witness]N'N$šību",
"f": {"lang": "akk-x-neoass",
"form": "IGI",
"cf": "šību",
"gw": "witness",
"sense": "witness",
"norm": "šību",
"pos": "N",
"epos": "N"}
}
,
{
"node": "l",
"frag": "{1}{iti}KIN-a.a",
"id": "P224946.l07759",
"ref": "P224946.38.4",
"inst": "Ululaya[1]PN",
"sig": "@saao/saa14%akk-x-neoass:{1}{ITI}KIN-a.a=Ululayu[1//1]PN'PN$Ululaya",
"f": {"lang": "akk-x-neoass",
"form": "{1}{ITI}KIN-a.a",
"cf": "Ululayu",
"gw": "1",
"sense": "1",
"norm": "Ululaya",
"pos": "PN",
"epos": "PN"}
}
,
{
"node": "d",
"type": "line-start",
"ref": "P224946.39",
"n": "16",
"label": "r 16"}
,
{
"node": "l",
"frag": "IGI",
"id": "P224946.l0775a",
"ref": "P224946.39.1",
"inst": "šību[witness]N",
"sig": "@saao/saa14%akk-x-neoass:IGI=šību[witness//witness]N'N$šību",
"f": {"lang": "akk-x-neoass",
"form": "IGI",
"cf": "šību",
"gw": "witness",
"sense": "witness",
"norm": "šību",
"pos": "N",
"epos": "N"}
}
,
{
"node": "l",
"frag": "{1}da-a-du",
"id": "P224946.l0775b",
"ref": "P224946.39.2",
"inst": "Dadu[1]PN$",
"sig": "@saao/saa14%akk-x-neoass:{1}da-a-du=Dadu[1//1]PN'PN$Dadu",
"f": {"lang": "akk-x-neoass",
"form": "{1}da-a-du",
"cf": "Dadu",
"gw": "1",
"sense": "1",
"norm": "Dadu",
"pos": "PN",
"epos": "PN"}
}
,
{
"node": "l",
"frag": "IGI",
"id": "P224946.l0775c",
"ref": "P224946.39.3",
"inst": "šību[witness]N",
"sig": "@saao/saa14%akk-x-neoass:IGI=šību[witness//witness]N'N$šību",
"f": {"lang": "akk-x-neoass",
"form": "IGI",
"cf": "šību",
"gw": "witness",
"sense": "witness",
"norm": "šību",
"pos": "N",
"epos": "N"}
}
,
{
"node": "l",
"frag": "{1}rem₂-ana-BE",
"id": "P224946.l0775d",
"ref": "P224946.39.4",
"inst": "Remanni-Illil[1]PN$",
"sig": "@saao/saa14%akk-x-neoass:{1}rem₂-ana-BE=Remanni-Illil[1//1]PN'PN$Remanni-Illil",
"f": {"lang": "akk-x-neoass",
"form": "{1}rem₂-ana-BE",
"cf": "Remanni-Illil",
"gw": "1",
"sense": "1",
"norm": "Remanni-Illil",
"pos": "PN",
"epos": "PN"}
}
,
{
"node": "d",
"type": "line-start",
"ref": "P224946.40",
"n": "17",
"label": "r 17"}
,
{
"node": "l",
"frag": "IGI",
"id": "P224946.l0775e",
"ref": "P224946.40.1",
"inst": "šību[witness]N",
"sig": "@saao/saa14%akk-x-neoass:IGI=šību[witness//witness]N'N$šību",
"f": {"lang": "akk-x-neoass",
"form": "IGI",
"cf": "šību",
"gw": "witness",
"sense": "witness",
"norm": "šību",
"pos": "N",
"epos": "N"}
}
,
{
"node": "l",
"frag": "{1}bi-ʾi-i-si-i",
"id": "P224946.l0775f",
"ref": "P224946.40.2",
"inst": "Biʾisi[1]PN$",
"sig": "@saao/saa14%akk-x-neoass:{1}bi-ʾi-i-si-i=Biʾisi[1//1]PN'PN$Biʾisi",
"f": {"lang": "akk-x-neoass",
"form": "{1}bi-ʾi-i-si-i",
"cf": "Biʾisi",
"gw": "1",
"sense": "1",
"norm": "Biʾisi",
"pos": "PN",
"epos": "PN"}
}
,
{
"node": "d",
"type": "line-start",
"ref": "P224946.41",
"n": "18",
"label": "r 18"}
,
{
"node": "l",
"frag": "IGI",
"id": "P224946.l07760",
"ref": "P224946.41.1",
"inst": "šību[witness]N",
"sig": "@saao/saa14%akk-x-neoass:IGI=šību[witness//witness]N'N$šību",
"f": {"lang": "akk-x-neoass",
"form": "IGI",
"cf": "šību",
"gw": "witness",
"sense": "witness",
"norm": "šību",
"pos": "N",
"epos": "N"}
}
,
{
"node": "l",
"frag": "{1}{d}UTU-SUM-na",
"id": "P224946.l07761",
"ref": "P224946.41.2",
"inst": "Šamaš-iddina[1]PN",
"sig": "@saao/saa14%akk-x-neoass:{1}{d}UTU-SUM-na=Šamaš-iddina[1//1]PN'PN$Šamaš-iddina",
"f": {"lang": "akk-x-neoass",
"form": "{1}{d}UTU-SUM-na",
"cf": "Šamaš-iddina",
"gw": "1",
"sense": "1",
"norm": "Šamaš-iddina",
"pos": "PN",
"epos": "PN"}
}
,
{
"node": "l",
"frag": "IGI",
"id": "P224946.l07762",
"ref": "P224946.41.3",
"inst": "šību[witness]N",
"sig": "@saao/saa14%akk-x-neoass:IGI=šību[witness//witness]N'N$šību",
"f": {"lang": "akk-x-neoass",
"form": "IGI",
"cf": "šību",
"gw": "witness",
"sense": "witness",
"norm": "šību",
"pos": "N",
"epos": "N"}
}
,
{
"node": "l",
"frag": "{1}SUHUŠ-15",
"id": "P224946.l07763",
"ref": "P224946.41.4",
"inst": "Ubru-Issar[1]PN",
"sig": "@saao/saa14%akk-x-neoass:{1}SUHUŠ-15=Ubru-Issar[1//1]PN'PN$Ubru-Issar",
"f": {"lang": "akk-x-neoass",
"form": "{1}SUHUŠ-15",
"cf": "Ubru-Issar",
"gw": "1",
"sense": "1",
"norm": "Ubru-Issar",
"pos": "PN",
"epos": "PN"}
}
,
{
"node": "d",
"type": "line-start",
"ref": "P224946.42",
"n": "19",
"label": "r 19"}
,
{
"node": "l",
"frag": "IGI",
"id": "P224946.l07764",
"ref": "P224946.42.1",
"inst": "šību[witness]N",
"sig": "@saao/saa14%akk-x-neoass:IGI=šību[witness//witness]N'N$šību",
"f": {"lang": "akk-x-neoass",
"form": "IGI",
"cf": "šību",
"gw": "witness",
"sense": "witness",
"norm": "šību",
"pos": "N",
"epos": "N"}
}
,
{
"node": "l",
"frag": "{1}man-nu-ki-NINA{ki}",
"id": "P224946.l07765",
"ref": "P224946.42.2",
"inst": "Mannu-ki-Ninua[1]PN",
"sig": "@saao/saa14%akk-x-neoass:{1}man-nu-ki-NINA{KI}=Mannu-ki-Ninua[1//1]PN'PN$Mannu-ki-Ninua",
"f": {"lang": "akk-x-neoass",
"form": "{1}man-nu-ki-NINA{KI}",
"cf": "Mannu-ki-Ninua",
"gw": "1",
"sense": "1",
"norm": "Mannu-ki-Ninua",
"pos": "PN",
"epos": "PN"}
}
,
{
"node": "d",
"subtype": "right",
"type": "surface",
"ref": "P224946.r.e..43",
"type": "right",
"label": "r.e."}
,
{
"node": "d",
"type": "line-start",
"ref": "P224946.44",
"n": "20",
"label": "r.e. 20"}
,
{
"node": "l",
"frag": "IGI",
"id": "P224946.l07766",
"ref": "P224946.44.1",
"inst": "šību[witness]N",
"sig": "@saao/saa14%akk-x-neoass:IGI=šību[witness//witness]N'N$šību",
"f": {"lang": "akk-x-neoass",
"form": "IGI",
"cf": "šību",
"gw": "witness",
"sense": "witness",
"norm": "šību",
"pos": "N",
"epos": "N"}
}
,
{
"node": "l",
"frag": "{1}{d}UTU-PAB-AŠ",
"id": "P224946.l07767",
"ref": "P224946.44.2",
"inst": "Šamaš-ahu-iddina[1]PN",
"sig": "@saao/saa14%akk-x-neoass:{1}{d}UTU-PAB-AŠ=Šamaš-ahu-iddina[1//1]PN'PN$Šamaš-ahu-iddina",
"f": {"lang": "akk-x-neoass",
"form": "{1}{d}UTU-PAB-AŠ",
"cf": "Šamaš-ahu-iddina",
"gw": "1",
"sense": "1",
"norm": "Šamaš-ahu-iddina",
"pos": "PN",
"epos": "PN"}
}
,
{
"node": "d",
"type": "line-start",
"ref": "P224946.45",
"n": "21",
"label": "r.e. 21"}
,
{
"node": "l",
"frag": "IGI",
"id": "P224946.l07768",
"ref": "P224946.45.1",
"inst": "šību[witness]N",
"sig": "@saao/saa14%akk-x-neoass:IGI=šību[witness//witness]N'N$šību",
"f": {"lang": "akk-x-neoass",
"form": "IGI",
"cf": "šību",
"gw": "witness",
"sense": "witness",
"norm": "šību",
"pos": "N",
"epos": "N"}
}
,
{
"node": "l",
"frag": "{1}{d}PA-SUM-PAB-MEŠ",
"id": "P224946.l07769",
"ref": "P224946.45.2",
"inst": "Nabu-nadin-ahhe[1]PN",
"sig": "@saao/saa14%akk-x-neoass:{1}{d}PA-SUM-PAB-MEŠ=Nabu-nadin-ahhe[1//1]PN'PN$Nabu-nadin-ahhe",
"f": {"lang": "akk-x-neoass",
"form": "{1}{d}PA-SUM-PAB-MEŠ",
"cf": "Nabu-nadin-ahhe",
"gw": "1",
"sense": "1",
"norm": "Nabu-nadin-ahhe",
"pos": "PN",
"epos": "PN"}
}
,
{
"node": "l",
"frag": "A.BA",
"id": "P224946.l0776a",
"ref": "P224946.45.3",
"inst": "ṭupšarru[scribe]N",
"sig": "@saao/saa14%akk-x-neoass:A.BA=ṭupšarru[scribe//scribe]N'N$ṭupšarru",
"f": {"lang": "akk-x-neoass",
"form": "A.BA",
"cf": "ṭupšarru",
"gw": "scribe",
"sense": "scribe",
"norm": "ṭupšarru",
"pos": "N",
"epos": "N"}
}
,
{
"node": "d",
"subtype": "edge",
"type": "surface",
"ref": "P224946.e..46",
"type": "edge",
"label": "e."}
,
{
"node": "d",
"type": "line-start",
"ref": "P224946.47",
"n": "1",
"label": "e. 1"}
,
{
"node": "l",
"frag": "{[iti}x",
"id": "P224946.l0776b",
"ref": "P224946.47.1",
"inst": "urhu[month]N",
"sig": "@saao/saa14%akk-x-neoass:{ITI}x=arhu[month//month]N'N$urhu",
"f": {"lang": "akk-x-neoass",
"form": "{ITI}x",
"cf": "arhu",
"gw": "month",
"sense": "month",
"norm": "urhu",
"pos": "N",
"epos": "N"}
}
,
{
"node": "l",
"frag": "UD",
"id": "P224946.l0776c",
"ref": "P224946.47.2",
"inst": "ūm[day]N",
"sig": "@saao/saa14%akk-x-neoass:UD=ūmu[day//day]N'N$ūm",
"f": {"lang": "akk-x-neoass",
"form": "UD",
"cf": "ūmu",
"gw": "day",
"sense": "day",
"norm": "ūm",
"pos": "N",
"epos": "N"}
}
,
{
"node": "l",
"frag": "x]-⸢KAM₂⸣",
"id": "P224946.l0776d",
"ref": "P224946.47.3",
"inst": "n",
"f": {"lang": "akk-x-neoass",
"form": "x-KAM₂",
"pos": "n"}
}
,
{
"node": "l",
"frag": "lim-me",
"id": "P224946.l0776e",
"ref": "P224946.47.4",
"inst": "limme[eponym (of year)]N",
"sig": "@saao/saa14%akk-x-neoass:lim-me=līmu[eponym (of year)//eponym (of year)]N'N$limme",
"f": {"lang": "akk-x-neoass",
"form": "lim-me",
"cf": "līmu",
"gw": "eponym (of year)",
"sense": "eponym (of year)",
"norm": "limme",
"pos": "N",
"epos": "N"}
}
,
{
"node": "l",
"frag": "{1}{d}UTU-MAN-DU₃",
"id": "P224946.l0776f",
"ref": "P224946.47.5",
"inst": "Šamaš-šarru-ibni[1]PN",
"sig": "@saao/saa14%akk-x-neoass:{1}{d}UTU-MAN-DU₃=Šamaš-šarru-ibni[1//1]PN'PN$Šamaš-šarru-ibni",
"f": {"lang": "akk-x-neoass",
"form": "{1}{d}UTU-MAN-DU₃",
"cf": "Šamaš-šarru-ibni",
"gw": "1",
"sense": "1",
"norm": "Šamaš-šarru-ibni",
"pos": "PN",
"epos": "PN"}
}
,
{
"node": "l",
"frag": "{lu₂}tur-tan-⸢nu⸣",
"id": "P224946.l07770",
"ref": "P224946.47.6",
"inst": "turtannu[commander-in-chief]N",
"sig": "@saao/saa14%akk-x-neoass:{LU₂}tur-tan-nu=tartānu[second in command//commander-in-chief]N'N$turtannu",
"f": {"lang": "akk-x-neoass",
"form": "{LU₂}tur-tan-nu",
"cf": "tartānu",
"gw": "second in command",
"sense": "commander-in-chief",
"norm": "turtannu",
"pos": "N",
"epos": "N"}
}
]}
]}
]}
,
{
"linkbase": [{
"type": "linkset",
"xlink_title": "nappāh erê[copper-smith//copper-smith]N'N",
"id": "P224946.ls00000",
"xlink_type": "extended",
"xlink_role": "psu",
"sig": "{nappāhu[smith]N erû[copper]N += nappāh erê[copper-smith//copper-smith]N'N}::@saao%akk-x-neoass:{LU₂}SIMUG-URUDU=nappāhu[smith//smith]N'N$nappāh++@saao%akk-x-neoass:{LU₂}SIMUG-URUDU=erû[copper//copper]N'N$erê",
"links": [
{
"type": "link",
"xlink_title": "nappāhu",
"xlink_type": "locator",
"xlink_href": "#P224946.l076e9",
"xlink_role": "elt"}
,
{
"type": "link",
"xlink_title": "erû",
"xlink_type": "locator",
"xlink_href": "#P224946.l076ea",
"xlink_role": "elt"}
]}
,
{
"type": "linkset",
"xlink_title": "mār ēkalli[courtier//courtier]N'N",
"id": "P224946.ls00001",
"xlink_type": "extended",
"xlink_role": "psu",
"sig": "{māru[son]N ēkallu[palace]N += mār ēkalli[courtier//courtier]N'N}::@saao%akk-x-neoass:DUMU-E₂.GAL=māru[son//son]N'N$mār++@saao%akk-x-neoass:DUMU-E₂.GAL=ēkallu[palace//palace]N'N$ēkalli",
"links": [
{
"type": "link",
"xlink_title": "māru",
"xlink_type": "locator",
"xlink_href": "#P224946.l076f8",
"xlink_role": "elt"}
,
{
"type": "link",
"xlink_title": "ēkallu",
"xlink_type": "locator",
"xlink_href": "#P224946.l076f9",
"xlink_role": "elt"}
]}
,
{
"type": "linkset",
"xlink_title": "ina libbi[in//(in exchange) for]PRP'PRP",
"id": "P224946.ls00002",
"xlink_type": "extended",
"xlink_role": "psu",
"sig": "{ina[in]PRP libbu[interior]N += ina libbi[in//(in exchange) for]PRP'PRP}::@saao%akk-x-neoass:ina=ina[in//into]PRP'PRP$ina++@saao%akk-x-neoass:ŠA₃=libbu[interior//interior]N'N$libbi",
"links": [
{
"type": "link",
"xlink_title": "ina",
"xlink_type": "locator",
"xlink_href": "#P224946.l076fa",
"xlink_role": "elt"}
,
{
"type": "link",
"xlink_title": "libbi",
"xlink_type": "locator",
"xlink_href": "#P224946.l076fb",
"xlink_role": "elt"}
]}
,
{
"type": "linkset",
"xlink_title": "ištu pān[from//because of]PRP'PRP",
"id": "P224946.ls00003",
"xlink_type": "extended",
"xlink_role": "psu",
"sig": "{ištu[from]PRP pānu[front]N += ištu pān[from//because of]PRP'PRP}::@saao%akk-x-neoass:TA@v=ištu[from//from]PRP'PRP$issu++@saao%akk-x-neoass:IGI=pānu[front//front]N'N$pān",
"links": [
{
"type": "link",
"xlink_title": "issu",
"xlink_type": "locator",
"xlink_href": "#P224946.l076ff",
"xlink_role": "elt"}
,
{
"type": "link",
"xlink_title": "pān",
"xlink_type": "locator",
"xlink_href": "#P224946.l07700",
"xlink_role": "elt"}
]}
,
{
"type": "linkset",
"xlink_title": "ina urkiš[in the future//in the future]AV'AV",
"id": "P224946.ls00004",
"xlink_type": "extended",
"xlink_role": "psu",
"sig": "{ina[in]PRP urkiš[later]AV += ina urkiš[in the future//in the future]AV'AV}::@saao%akk-x-neoass:ina=ina[in//into]PRP'PRP$ina++@saao%akk-x-neoass:ur-kiš=urkiš[later//later]AV'AV$urkiš",
"links": [
{
"type": "link",
"xlink_title": "ina",
"xlink_type": "locator",
"xlink_href": "#P224946.l07710",
"xlink_role": "elt"}
,
{
"type": "link",
"xlink_title": "urkiš",
"xlink_type": "locator",
"xlink_href": "#P224946.l07711",
"xlink_role": "elt"}
]}
,
{
"type": "linkset",
"xlink_title": "ana ešriāti[tenfold//tenfold]AV'AV",
"id": "P224946.ls00005",
"xlink_type": "extended",
"xlink_role": "psu",
"sig": "{ana[to]PRP ešriātu[tenfold]AV += ana ešriāti[tenfold//tenfold]AV'AV}::@saao%akk-x-neoass:a-na=ana[to//to]PRP'PRP$ana++@saao%akk-x-neoass:10-MEŠ=ešriātu[tenfold//tenfold]AV'AV$ešrāti",
"links": [
{
"type": "link",
"xlink_title": "ana",
"xlink_type": "locator",
"xlink_href": "#P224946.l07734",
"xlink_role": "elt"}
,
{
"type": "link",
"xlink_title": "ešrāti",
"xlink_type": "locator",
"xlink_href": "#P224946.l07735",
"xlink_role": "elt"}
]}
]}
]}
