{
"type": "cdl",
  "source": "http://oracc.org/saao/saa14",
  "license": "This data is released under the CC0 license",
  "license-url": "https://creativecommons.org/publicdomain/zero/1.0/",
  "more-info": "http://oracc.org/doc/opendata/",
  "UTC-timestamp": "2017-05-19T11:49:29",
"project": "saao/saa14",
"textid": "P334964",
"cdl": [
{
"node": "c",
"type": "text",
"id": "P334964.U0",
"cdl": [
{
"node": "d",
"type": "object",
"ref": ""}
,
{
"node": "d",
"subtype": "obverse",
"type": "surface",
"ref": "P334964.o.1",
"type": "obverse",
"label": "o"}
,
{
"node": "c",
"type": "discourse",
"subtype": "body",
"id": "P334964.U1",
"cdl": [
{
"node": "c",
"type": "sentence",
"id": "P334964.U2",
"label": "o 1 - e. 1",
"cdl": [
{
"node": "d",
"type": "line-start",
"ref": "P334964.2",
"n": "1",
"label": "o 1"}
,
{
"node": "l",
"frag": "[x",
"id": "P334964.l04952",
"ref": "P334964.2.1",
"inst": "u",
"f": {"lang": "akk-x-neoass",
"form": "x",
"pos": "u"}
}
,
{
"node": "l",
"frag": "x",
"id": "P334964.l04953",
"ref": "P334964.2.2",
"inst": "u",
"f": {"lang": "akk-x-neoass",
"form": "x",
"pos": "u"}
}
,
{
"node": "l",
"frag": "x]",
"id": "P334964.l04954",
"ref": "P334964.2.3",
"inst": "u",
"f": {"lang": "akk-x-neoass",
"form": "x",
"pos": "u"}
}
,
{
"node": "l",
"frag": "KUG.UD",
"id": "P334964.l04955",
"ref": "P334964.2.4",
"inst": "ṣarpu[silver]N",
"sig": "@saao/saa14%akk-x-neoass:KUG.UD=ṣarpu[silver//silver]N'N$ṣarpi",
"f": {"lang": "akk-x-neoass",
"form": "KUG.UD",
"cf": "ṣarpu",
"gw": "silver",
"sense": "silver",
"norm": "ṣarpi",
"pos": "N",
"epos": "N"}
}
,
{
"node": "l",
"frag": "ina",
"id": "P334964.l04956",
"ref": "P334964.2.5",
"inst": "ina[by]PRP",
"sig": "@saao/saa14%akk-x-neoass:ina=ina[in//by]PRP'PRP$ina",
"f": {"lang": "akk-x-neoass",
"form": "ina",
"cf": "ina",
"gw": "in",
"sense": "by",
"norm": "ina",
"pos": "PRP",
"epos": "PRP"}
}
,
{
"node": "l",
"frag": "01",
"id": "P334964.l04957",
"ref": "P334964.2.6",
"inst": "n",
"f": {"lang": "akk-x-neoass",
"form": "01",
"pos": "n"}
}
,
{
"node": "l",
"frag": "MA.NA",
"id": "P334964.l04958",
"ref": "P334964.2.7",
"inst": "manê[a unit of weight]N",
"sig": "@saao/saa14%akk-x-neoass:MA.NA=manû[unit//a unit of weight]N'N$manê",
"f": {"lang": "akk-x-neoass",
"form": "MA.NA",
"cf": "manû",
"gw": "unit",
"sense": "a unit of weight",
"norm": "manê",
"pos": "N",
"epos": "N"}
}
,
{
"node": "l",
"frag": "o",
"id": "P334964.l04959",
"ref": "P334964.2.8",
"inst": "u",
"f": {"lang": "akk-x-neoass",
"form": "o",
"pos": "u"}
}
,
{
"node": "d",
"type": "nonx",
"ref": "P334964.3",
"strict": "0",
"extent": "n",
"scope": "line",
"state": "blank"}
,
{
"node": "d",
"type": "line-start",
"ref": "P334964.4",
"n": "2",
"label": "o 2"}
,
{
"node": "l",
"frag": "[x",
"id": "P334964.l0495a",
"ref": "P334964.4.1",
"inst": "u",
"f": {"lang": "akk-x-neoass",
"form": "x",
"pos": "u"}
}
,
{
"node": "l",
"frag": "x",
"id": "P334964.l0495b",
"ref": "P334964.4.2",
"inst": "u",
"f": {"lang": "akk-x-neoass",
"form": "x",
"pos": "u"}
}
,
{
"node": "l",
"frag": "x",
"id": "P334964.l0495c",
"ref": "P334964.4.3",
"inst": "u",
"f": {"lang": "akk-x-neoass",
"form": "x",
"pos": "u"}
}
,
{
"node": "l",
"frag": "x",
"id": "P334964.l0495d",
"ref": "P334964.4.4",
"inst": "u",
"f": {"lang": "akk-x-neoass",
"form": "x",
"pos": "u"}
}
,
{
"node": "l",
"frag": "x",
"id": "P334964.l0495e",
"ref": "P334964.4.5",
"inst": "u",
"f": {"lang": "akk-x-neoass",
"form": "x",
"pos": "u"}
}
,
{
"node": "l",
"frag": "x",
"id": "P334964.l0495f",
"ref": "P334964.4.6",
"inst": "u",
"f": {"lang": "akk-x-neoass",
"form": "x",
"pos": "u"}
}
,
{
"node": "l",
"frag": "x]",
"id": "P334964.l04960",
"ref": "P334964.4.7",
"inst": "u",
"f": {"lang": "akk-x-neoass",
"form": "x",
"pos": "u"}
}
,
{
"node": "l",
"frag": "{⸢lu₂v⸣}EN.NAM",
"id": "P334964.l04961",
"ref": "P334964.4.8",
"inst": "pāhutu[governor]N",
"sig": "@saao/saa14%akk-x-neoass:{LU₂}EN.NAM=pīhātu[responsibility//governor]N'N$pāhutu",
"f": {"lang": "akk-x-neoass",
"form": "{LU₂}EN.NAM",
"cf": "pīhātu",
"gw": "responsibility",
"sense": "governor",
"norm": "pāhutu",
"pos": "N",
"epos": "N"}
}
,
{
"node": "d",
"type": "line-start",
"ref": "P334964.5",
"n": "3",
"label": "o 3"}
,
{
"node": "l",
"frag": "[x",
"id": "P334964.l04962",
"ref": "P334964.5.1",
"inst": "u",
"f": {"lang": "akk-x-neoass",
"form": "x",
"pos": "u"}
}
,
{
"node": "l",
"frag": "x",
"id": "P334964.l04963",
"ref": "P334964.5.2",
"inst": "u",
"f": {"lang": "akk-x-neoass",
"form": "x",
"pos": "u"}
}
,
{
"node": "l",
"frag": "x",
"id": "P334964.l04964",
"ref": "P334964.5.3",
"inst": "u",
"f": {"lang": "akk-x-neoass",
"form": "x",
"pos": "u"}
}
,
{
"node": "l",
"frag": "x",
"id": "P334964.l04965",
"ref": "P334964.5.4",
"inst": "u",
"f": {"lang": "akk-x-neoass",
"form": "x",
"pos": "u"}
}
,
{
"node": "l",
"frag": "x]+⸢x⸣",
"id": "P334964.l04966",
"ref": "P334964.5.5",
"inst": "u",
"f": {"lang": "akk-x-neoass",
"form": "x+x",
"pos": "u"}
}
,
{
"node": "l",
"frag": "{1}DINGIR-ZALAG₂-ri",
"id": "P334964.l04967",
"ref": "P334964.5.6",
"inst": "Il-nuri[1]PN$",
"sig": "@saao/saa14%akk-x-neoass:{1}DINGIR-ZALAG₂-ri=Il-nuri[1//1]PN'PN$Il-nuri",
"f": {"lang": "akk-x-neoass",
"form": "{1}DINGIR-ZALAG₂-ri",
"cf": "Il-nuri",
"gw": "1",
"sense": "1",
"norm": "Il-nuri",
"pos": "PN",
"epos": "PN"}
}
,
{
"node": "d",
"type": "line-start",
"ref": "P334964.6",
"n": "4",
"label": "o 4"}
,
{
"node": "l",
"frag": "[x",
"id": "P334964.l04968",
"ref": "P334964.6.1",
"inst": "u",
"f": {"lang": "akk-x-neoass",
"form": "x",
"pos": "u"}
}
,
{
"node": "l",
"frag": "x",
"id": "P334964.l04969",
"ref": "P334964.6.2",
"inst": "u",
"f": {"lang": "akk-x-neoass",
"form": "x",
"pos": "u"}
}
,
{
"node": "l",
"frag": "x",
"id": "P334964.l0496a",
"ref": "P334964.6.3",
"inst": "u",
"f": {"lang": "akk-x-neoass",
"form": "x",
"pos": "u"}
}
,
{
"node": "l",
"frag": "x",
"id": "P334964.l0496b",
"ref": "P334964.6.4",
"inst": "u",
"f": {"lang": "akk-x-neoass",
"form": "x",
"pos": "u"}
}
,
{
"node": "l",
"frag": "x",
"id": "P334964.l0496c",
"ref": "P334964.6.5",
"inst": "u",
"f": {"lang": "akk-x-neoass",
"form": "x",
"pos": "u"}
}
,
{
"node": "l",
"frag": "x",
"id": "P334964.l0496d",
"ref": "P334964.6.6",
"inst": "u",
"f": {"lang": "akk-x-neoass",
"form": "x",
"pos": "u"}
}
,
{
"node": "l",
"frag": "x",
"id": "P334964.l0496e",
"ref": "P334964.6.7",
"inst": "u",
"f": {"lang": "akk-x-neoass",
"form": "x",
"pos": "u"}
}
,
{
"node": "l",
"frag": "x",
"id": "P334964.l0496f",
"ref": "P334964.6.8",
"inst": "u",
"f": {"lang": "akk-x-neoass",
"form": "x",
"pos": "u"}
}
,
{
"node": "l",
"frag": "x",
"id": "P334964.l04970",
"ref": "P334964.6.9",
"inst": "u",
"f": {"lang": "akk-x-neoass",
"form": "x",
"pos": "u"}
}
,
{
"node": "l",
"frag": "x]+⸢x⸣",
"id": "P334964.l04971",
"ref": "P334964.6.10",
"inst": "u",
"f": {"lang": "akk-x-neoass",
"form": "x+x",
"pos": "u"}
}
,
{
"node": "d",
"subtype": "reverse",
"type": "surface",
"ref": "P334964.r.7",
"type": "reverse",
"label": "r"}
,
{
"node": "d",
"type": "line-start",
"ref": "P334964.8",
"n": "1",
"label": "r 1"}
,
{
"node": "l",
"frag": "⸢ša₂⸣",
"id": "P334964.l04972",
"ref": "P334964.8.1",
"inst": "ša[of]DET",
"sig": "@saao/saa14%akk-x-neoass:ša₂=ša[of//of]DET'DET$ša",
"f": {"lang": "akk-x-neoass",
"form": "ša₂",
"cf": "ša",
"gw": "of",
"sense": "of",
"norm": "ša",
"pos": "DET",
"epos": "DET"}
}
,
{
"node": "l",
"frag": "{uru}ba-⸢la-ṭa⸣",
"id": "P334964.l04973",
"ref": "P334964.8.2",
"inst": "Balaṭu[1]GN$Balaṭa",
"sig": "@saao/saa14%akk-x-neoass:{URU}ba-la-ṭa=Balaṭu[1//1]GN'GN$Balaṭa",
"f": {"lang": "akk-x-neoass",
"form": "{URU}ba-la-ṭa",
"cf": "Balaṭu",
"gw": "1",
"sense": "1",
"norm": "Balaṭa",
"pos": "GN",
"epos": "GN"}
}
,
{
"node": "l",
"frag": "[x",
"id": "P334964.l04974",
"ref": "P334964.8.3",
"inst": "u",
"f": {"lang": "akk-x-neoass",
"form": "x",
"pos": "u"}
}
,
{
"node": "l",
"frag": "x",
"id": "P334964.l04975",
"ref": "P334964.8.4",
"inst": "u",
"f": {"lang": "akk-x-neoass",
"form": "x",
"pos": "u"}
}
,
{
"node": "l",
"frag": "x]",
"id": "P334964.l04976",
"ref": "P334964.8.5",
"inst": "u",
"f": {"lang": "akk-x-neoass",
"form": "x",
"pos": "u"}
}
,
{
"node": "d",
"type": "line-start",
"ref": "P334964.9",
"n": "2",
"label": "r 2"}
,
{
"node": "l",
"frag": "{1}⸢mu⸣-da-da",
"id": "P334964.l04977",
"ref": "P334964.9.1",
"inst": "Mudadi[1]PN$Mudada",
"sig": "@saao/saa14%akk-x-neoass:{1}mu-da-da=Mudadi[1//1]PN'PN$Mudada",
"f": {"lang": "akk-x-neoass",
"form": "{1}mu-da-da",
"cf": "Mudadi",
"gw": "1",
"sense": "1",
"norm": "Mudada",
"pos": "PN",
"epos": "PN"}
}
,
{
"node": "l",
"frag": "02-i",
"id": "P334964.l04978",
"ref": "P334964.9.2",
"inst": "šanî[deputy]'N",
"sig": "@saao/saa14%akk-x-neoass:02-i=šanû[second//deputy]NU'N$šanî",
"f": {"lang": "akk-x-neoass",
"form": "02-i",
"cf": "šanû",
"gw": "second",
"sense": "deputy",
"norm": "šanî",
"pos": "NU",
"epos": "N"}
}
,
{
"node": "d",
"type": "line-start",
"ref": "P334964.10",
"n": "3",
"label": "r 3"}
,
{
"node": "l",
"frag": "{1}{d}PA-u₂-še-zib",
"id": "P334964.l04979",
"ref": "P334964.10.1",
"inst": "Nabu-ušezib[1]PN$",
"sig": "@saao/saa14%akk-x-neoass:{1}{d}PA-u₂-še-zib=Nabu-ušezib[1//1]PN'PN$Nabu-ušezib",
"f": {"lang": "akk-x-neoass",
"form": "{1}{d}PA-u₂-še-zib",
"cf": "Nabu-ušezib",
"gw": "1",
"sense": "1",
"norm": "Nabu-ušezib",
"pos": "PN",
"epos": "PN"}
}
,
{
"node": "l",
"frag": "DUB.SAR",
"id": "P334964.l0497a",
"ref": "P334964.10.2",
"inst": "ṭupšarru[scribe]N$",
"sig": "@saao/saa14%akk-x-neoass:DUB.SAR=ṭupšarru[scribe//scribe]N'N$ṭupšarru",
"f": {"lang": "akk-x-neoass",
"form": "DUB.SAR",
"cf": "ṭupšarru",
"gw": "scribe",
"sense": "scribe",
"norm": "ṭupšarru",
"pos": "N",
"epos": "N"}
}
,
{
"node": "d",
"type": "line-start",
"ref": "P334964.11",
"n": "4",
"label": "r 4"}
,
{
"node": "l",
"frag": "ina",
"id": "P334964.l0497b",
"ref": "P334964.11.1",
"inst": "ina[in]PRP",
"sig": "@saao/saa14%akk-x-neoass:ina=ina[in//in]PRP'PRP$ina",
"f": {"lang": "akk-x-neoass",
"form": "ina",
"cf": "ina",
"gw": "in",
"sense": "in",
"norm": "ina",
"pos": "PRP",
"epos": "PRP"}
}
,
{
"node": "l",
"frag": "{iti}DU₆",
"id": "P334964.l0497c",
"ref": "P334964.11.2",
"inst": "Tašriti[Tishri]MN",
"sig": "@saao/saa14%akk-x-neoass:{ITI}DU₆=Tašritu[Tishri//Tishri]MN'MN$Tašriti",
"f": {"lang": "akk-x-neoass",
"form": "{ITI}DU₆",
"cf": "Tašritu",
"gw": "Tishri",
"sense": "Tishri",
"norm": "Tašriti",
"pos": "MN",
"epos": "MN"}
}
,
{
"node": "l",
"frag": "i-dan",
"id": "P334964.l0497d",
"ref": "P334964.11.3",
"inst": "iddan[pay]V",
"sig": "@saao/saa14%akk-x-neoass:i-dan=tadānu[give//pay]V'V$iddan",
"f": {"lang": "akk-x-neoass",
"form": "i-dan",
"cf": "tadānu",
"gw": "give",
"sense": "pay",
"norm": "iddan",
"pos": "V",
"epos": "V"}
}
,
{
"node": "l",
"frag": "šum-ma",
"id": "P334964.l0497e",
"ref": "P334964.11.4",
"inst": "šumma[if]MOD",
"sig": "@saao/saa14%akk-x-neoass:šum-ma=šumma[if//if]MOD'MOD$šumma",
"f": {"lang": "akk-x-neoass",
"form": "šum-ma",
"cf": "šumma",
"gw": "if",
"sense": "if",
"norm": "šumma",
"pos": "MOD",
"epos": "MOD"}
}
,
{
"node": "l",
"frag": "la",
"id": "P334964.l0497f",
"ref": "P334964.11.5",
"inst": "lā[not]MOD",
"sig": "@saao/saa14%akk-x-neoass:la=lā[not//not]MOD'MOD$lā",
"f": {"lang": "akk-x-neoass",
"form": "la",
"cf": "lā",
"gw": "not",
"sense": "not",
"norm": "lā",
"pos": "MOD",
"epos": "MOD"}
}
,
{
"node": "l",
"frag": "i-din",
"id": "P334964.l04980",
"ref": "P334964.11.6",
"inst": "iddin[pay]V",
"sig": "@saao/saa14%akk-x-neoass:i-din=tadānu[give//pay]V'V$iddin",
"f": {"lang": "akk-x-neoass",
"form": "i-din",
"cf": "tadānu",
"gw": "give",
"sense": "pay",
"norm": "iddin",
"pos": "V",
"epos": "V"}
}
,
{
"node": "d",
"type": "line-start",
"ref": "P334964.12",
"n": "5",
"label": "r 5"}
,
{
"node": "l",
"frag": "a-na",
"id": "P334964.l04981",
"ref": "P334964.12.1",
"inst": "ana[by]PRP",
"sig": "@saao/saa14%akk-x-neoass:a-na=ana[to//by]PRP'PRP$ana",
"f": {"lang": "akk-x-neoass",
"form": "a-na",
"cf": "ana",
"gw": "to",
"sense": "by",
"norm": "ana",
"pos": "PRP",
"epos": "PRP"}
}
,
{
"node": "l",
"frag": "04-ti-šu₂",
"id": "P334964.l04982",
"ref": "P334964.12.2",
"inst": "rabuttīšu[fourth]NU",
"sig": "@saao/saa14%akk-x-neoass:04-ti-šu₂=rebû[fourth//fourth]NU'NU$rabuttīšu",
"f": {"lang": "akk-x-neoass",
"form": "04-ti-šu₂",
"cf": "rebû",
"gw": "fourth",
"sense": "fourth",
"norm": "rabuttīšu",
"pos": "NU",
"epos": "NU"}
}
,
{
"node": "l",
"frag": "i-rab-bi",
"id": "P334964.l04983",
"ref": "P334964.12.3",
"inst": "irabbi[increase]V",
"sig": "@saao/saa14%akk-x-neoass:i-rab-bi=rabû[to be big//increase]V'V$irabbi",
"f": {"lang": "akk-x-neoass",
"form": "i-rab-bi",
"cf": "rabû",
"gw": "to be big",
"sense": "increase",
"norm": "irabbi",
"pos": "V",
"epos": "V"}
}
,
{
"node": "d",
"type": "line-start",
"ref": "P334964.13",
"n": "6",
"label": "r 6"}
,
{
"node": "l",
"frag": "IGI",
"id": "P334964.l04984",
"ref": "P334964.13.1",
"inst": "šību[witness]N",
"sig": "@saao/saa14%akk-x-neoass:IGI=šību[witness//witness]N'N$šību",
"f": {"lang": "akk-x-neoass",
"form": "IGI",
"cf": "šību",
"gw": "witness",
"sense": "witness",
"norm": "šību",
"pos": "N",
"epos": "N"}
}
,
{
"node": "l",
"frag": "{1}{d}PA-ZU-an-ni",
"id": "P334964.l04985",
"ref": "P334964.13.2",
"inst": "Nabu-ušezib[1]PN$",
"sig": "@saao/saa14%akk-x-neoass:{1}{d}PA-ZU-an-ni=Nabu-ušezib[1//1]PN'PN$Nabu-ušezib",
"f": {"lang": "akk-x-neoass",
"form": "{1}{d}PA-ZU-an-ni",
"cf": "Nabu-ušezib",
"gw": "1",
"sense": "1",
"norm": "Nabu-ušezib",
"pos": "PN",
"epos": "PN"}
}
,
{
"node": "d",
"subtype": "right",
"type": "surface",
"ref": "P334964.r.e..14",
"type": "right",
"label": "r.e."}
,
{
"node": "d",
"type": "line-start",
"ref": "P334964.15",
"n": "7",
"label": "r.e. 7"}
,
{
"node": "l",
"frag": "⸢IGI⸣",
"id": "P334964.l04986",
"ref": "P334964.15.1",
"inst": "šību[witness]N",
"sig": "@saao/saa14%akk-x-neoass:IGI=šību[witness//witness]N'N$šību",
"f": {"lang": "akk-x-neoass",
"form": "IGI",
"cf": "šību",
"gw": "witness",
"sense": "witness",
"norm": "šību",
"pos": "N",
"epos": "N"}
}
,
{
"node": "l",
"frag": "{1}EN-ZU",
"id": "P334964.l04987",
"ref": "P334964.15.2",
"inst": "Bel-leʾi[1]PN",
"sig": "@saao/saa14%akk-x-neoass:{1}EN-ZU=Bel-leʾi[1//1]PN'PN$Bel-leʾi",
"f": {"lang": "akk-x-neoass",
"form": "{1}EN-ZU",
"cf": "Bel-leʾi",
"gw": "1",
"sense": "1",
"norm": "Bel-leʾi",
"pos": "PN",
"epos": "PN"}
}
,
{
"node": "l",
"frag": "o",
"id": "P334964.l04988",
"ref": "P334964.15.3",
"inst": "u",
"f": {"lang": "akk-x-neoass",
"form": "o",
"pos": "u"}
}
,
{
"node": "l",
"frag": "{1}man-nu-ki-⸢NINA⸣",
"id": "P334964.l04989",
"ref": "P334964.15.4",
"inst": "Mannu-ki-Ninua[1]PN",
"sig": "@saao/saa14%akk-x-neoass:{1}man-nu-ki-NINA=Mannu-ki-Ninua[1//1]PN'PN$Mannu-ki-Ninua",
"f": {"lang": "akk-x-neoass",
"form": "{1}man-nu-ki-NINA",
"cf": "Mannu-ki-Ninua",
"gw": "1",
"sense": "1",
"norm": "Mannu-ki-Ninua",
"pos": "PN",
"epos": "PN"}
}
,
{
"node": "d",
"type": "line-start",
"ref": "P334964.16",
"n": "8",
"label": "r.e. 8"}
,
{
"node": "l",
"frag": "IGI",
"id": "P334964.l0498a",
"ref": "P334964.16.1",
"inst": "šību[witness]N",
"sig": "@saao/saa14%akk-x-neoass:IGI=šību[witness//witness]N'N$šību",
"f": {"lang": "akk-x-neoass",
"form": "IGI",
"cf": "šību",
"gw": "witness",
"sense": "witness",
"norm": "šību",
"pos": "N",
"epos": "N"}
}
,
{
"node": "l",
"frag": "{1}{d}PA-BAD₃-EN-ia₂",
"id": "P334964.l0498b",
"ref": "P334964.16.2",
"inst": "Nabu-dur-beliya[1]PN$",
"sig": "@saao/saa14%akk-x-neoass:{1}{d}PA-BAD₃-EN-ia₂=Nabu-dur-beliya[1//1]PN'PN$Nabu-dur-beliya",
"f": {"lang": "akk-x-neoass",
"form": "{1}{d}PA-BAD₃-EN-ia₂",
"cf": "Nabu-dur-beliya",
"gw": "1",
"sense": "1",
"norm": "Nabu-dur-beliya",
"pos": "PN",
"epos": "PN"}
}
,
{
"node": "d",
"subtype": "edge",
"type": "surface",
"ref": "P334964.e..17",
"type": "edge",
"label": "e."}
,
{
"node": "d",
"type": "line-start",
"ref": "P334964.18",
"n": "1",
"label": "e. 1"}
,
{
"node": "l",
"frag": "[IGI]",
"id": "P334964.l0498c",
"ref": "P334964.18.1",
"inst": "šību[witness]N",
"sig": "@saao/saa14%akk-x-neoass:IGI=šību[witness//witness]N'N$šību",
"f": {"lang": "akk-x-neoass",
"form": "IGI",
"cf": "šību",
"gw": "witness",
"sense": "witness",
"norm": "šību",
"pos": "N",
"epos": "N"}
}
,
{
"node": "l",
"frag": "{1}ha-te-nu",
"id": "P334964.l0498d",
"ref": "P334964.18.2",
"inst": "Hatinu[1]PN$",
"sig": "@saao/saa14%akk-x-neoass:{1}ha-te-nu=Hatinu[1//1]PN'PN$Hatinu",
"f": {"lang": "akk-x-neoass",
"form": "{1}ha-te-nu",
"cf": "Hatinu",
"gw": "1",
"sense": "1",
"norm": "Hatinu",
"pos": "PN",
"epos": "PN"}
}
,
{
"node": "l",
"frag": "[x]",
"id": "P334964.l0498e",
"ref": "P334964.18.3",
"inst": "u",
"f": {"lang": "akk-x-neoass",
"form": "x",
"pos": "u"}
}
]}
]}
]}
]}
