{
"type": "cdl",
  "source": "http://oracc.org/saao/saa14",
  "license": "This data is released under the CC0 license",
  "license-url": "https://creativecommons.org/publicdomain/zero/1.0/",
  "more-info": "http://oracc.org/doc/opendata/",
  "UTC-timestamp": "2017-05-19T11:50:13",
"project": "saao/saa14",
"textid": "P335956",
"cdl": [
{
"node": "c",
"type": "text",
"id": "P335956.U0",
"cdl": [
{
"node": "d",
"type": "object",
"ref": ""}
,
{
"node": "d",
"subtype": "obverse",
"type": "surface",
"ref": "P335956.o.1",
"type": "obverse",
"label": "o"}
,
{
"node": "c",
"type": "discourse",
"subtype": "body",
"id": "P335956.U1",
"cdl": [
{
"node": "c",
"type": "sentence",
"id": "P335956.U2",
"label": "o 1 - r 14",
"cdl": [
{
"node": "d",
"type": "line-start",
"ref": "P335956.2",
"n": "1",
"label": "o 1"}
,
{
"node": "l",
"frag": "[ku-um",
"id": "P335956.l081ba",
"ref": "P335956.2.1",
"inst": "kūm[instead of]PRP",
"sig": "@saao/saa14%akk-x-neoass:ku-um=kūm[instead of//instead of]PRP'PRP$kūm",
"f": {"lang": "akk-x-neoass",
"form": "ku-um",
"cf": "kūm",
"gw": "instead of",
"sense": "instead of",
"norm": "kūm",
"pos": "PRP",
"epos": "PRP"}
}
,
{
"node": "l",
"frag": "{na₄}KIŠIB-šu₂]",
"id": "P335956.l081bb",
"ref": "P335956.2.2",
"inst": "kunukkīšu[seal]N",
"sig": "@saao/saa14%akk-x-neoass:{NA₄}KIŠIB-šu₂=kunukku[seal//seal]N'N$kunukkīšu",
"f": {"lang": "akk-x-neoass",
"form": "{NA₄}KIŠIB-šu₂",
"cf": "kunukku",
"gw": "seal",
"sense": "seal",
"norm": "kunukkīšu",
"pos": "N",
"epos": "N"}
}
,
{
"node": "l",
"frag": "ṣu-pur-šu₂",
"id": "P335956.l081bc",
"ref": "P335956.2.3",
"inst": "ṣupuršu[fingernail]N",
"sig": "@saao/saa14%akk-x-neoass:ṣu-pur-šu₂=ṣupru[nail//fingernail]N'N$ṣupuršu",
"f": {"lang": "akk-x-neoass",
"form": "ṣu-pur-šu₂",
"cf": "ṣupru",
"gw": "nail",
"sense": "fingernail",
"norm": "ṣupuršu",
"pos": "N",
"epos": "N"}
}
,
{
"node": "l",
"frag": "[iš-kun]",
"id": "P335956.l081bd",
"ref": "P335956.2.4",
"inst": "iškun[place]V",
"sig": "@saao/saa14%akk-x-neoass:iš-kun=šakānu[put//place]V'V$iškun",
"f": {"lang": "akk-x-neoass",
"form": "iš-kun",
"cf": "šakānu",
"gw": "put",
"sense": "place",
"norm": "iškun",
"pos": "V",
"epos": "V"}
}
,
{
"node": "d",
"type": "line-start",
"ref": "P335956.3",
"n": "2",
"label": "o 2"}
,
{
"node": "l",
"frag": "[ṣu-pur",
"id": "P335956.l081be",
"ref": "P335956.3.1",
"inst": "ṣupur[fingernail]N",
"sig": "@saao/saa14%akk-x-neoass:ṣu-pur=ṣupru[nail//fingernail]N'N$ṣupur",
"f": {"lang": "akk-x-neoass",
"form": "ṣu-pur",
"cf": "ṣupru",
"gw": "nail",
"sense": "fingernail",
"norm": "ṣupur",
"pos": "N",
"epos": "N"}
}
,
{
"node": "l",
"frag": "{1}ARAD-da]-⸢ga⸣-na",
"id": "P335956.l081bf",
"ref": "P335956.3.2",
"inst": "Urdu-Dagan[1]PN$",
"sig": "@saao/saa14%akk-x-neoass:{1}ARAD-da-ga-na=Urdu-Dagan[1//1]PN'PN$Urdu-Dagan",
"f": {"lang": "akk-x-neoass",
"form": "{1}ARAD-da-ga-na",
"cf": "Urdu-Dagan",
"gw": "1",
"sense": "1",
"norm": "Urdu-Dagan",
"pos": "PN",
"epos": "PN"}
}
,
{
"node": "l",
"frag": "{[lu₂}x",
"id": "P335956.l081c0",
"ref": "P335956.3.3",
"inst": "u",
"f": {"lang": "akk-x-neoass",
"form": "{LU₂}x",
"pos": "u"}
}
,
{
"node": "l",
"frag": "x]",
"id": "P335956.l081c1",
"ref": "P335956.3.4",
"inst": "u",
"f": {"lang": "akk-x-neoass",
"form": "x",
"pos": "u"}
}
,
{
"node": "d",
"type": "line-start",
"ref": "P335956.4",
"n": "3",
"label": "o 3"}
,
{
"node": "l",
"frag": "[EN",
"id": "P335956.l081c2",
"ref": "P335956.4.1",
"inst": "bēl[owner]N",
"sig": "@saao/saa14%akk-x-neoass:EN=bēlu[lord//owner]N'N$bēl",
"f": {"lang": "akk-x-neoass",
"form": "EN",
"cf": "bēlu",
"gw": "lord",
"sense": "owner",
"norm": "bēl",
"pos": "N",
"epos": "N"}
}
,
{
"node": "l",
"frag": "A.ŠA₃]",
"id": "P335956.l081c3",
"ref": "P335956.4.2",
"inst": "eqli[land]N",
"sig": "@saao/saa14%akk-x-neoass:A.ŠA₃=eqlu[field//land]N'N$eqli",
"f": {"lang": "akk-x-neoass",
"form": "A.ŠA₃",
"cf": "eqlu",
"gw": "field",
"sense": "land",
"norm": "eqli",
"pos": "N",
"epos": "N"}
}
,
{
"node": "l",
"frag": "⸢ta⸣-da-a-[ni]",
"id": "P335956.l081c4",
"ref": "P335956.4.3",
"inst": "tadāni[giving]'N",
"sig": "@saao/saa14%akk-x-neoass:ta-da-a-ni=tadānu[give//giving]V'N$tadāni",
"f": {"lang": "akk-x-neoass",
"form": "ta-da-a-ni",
"cf": "tadānu",
"gw": "give",
"sense": "giving",
"norm": "tadāni",
"pos": "V",
"epos": "N"}
}
,
{
"node": "d",
"type": "nonx",
"ref": "P335956.5",
"strict": "1",
"extent": "n",
"scope": "line",
"state": "ruling"}
,
{
"node": "d",
"type": "nonx",
"ref": "P335956.6",
"strict": "0",
"extent": "2",
"state": "other"}
,
{
"node": "d",
"type": "nonx",
"ref": "P335956.7",
"strict": "1",
"extent": "n",
"scope": "line",
"state": "ruling"}
,
{
"node": "d",
"type": "line-start",
"ref": "P335956.8",
"n": "4",
"label": "o 4"}
,
{
"node": "l",
"frag": "[E₂",
"id": "P335956.l081c5",
"ref": "P335956.8.1",
"inst": "bētu[plot of land]N",
"sig": "@saao/saa14%akk-x-neoass:E₂=bītu[house//plot of land]N'N$bētu",
"f": {"lang": "akk-x-neoass",
"form": "E₂",
"cf": "bītu",
"gw": "house",
"sense": "plot of land",
"norm": "bētu",
"pos": "N",
"epos": "N"}
}
,
{
"node": "l",
"frag": "x",
"id": "P335956.l081c6",
"ref": "P335956.8.2",
"inst": "u",
"f": {"lang": "akk-x-neoass",
"form": "x",
"pos": "u"}
}
,
{
"node": "l",
"frag": "x",
"id": "P335956.l081c7",
"ref": "P335956.8.3",
"inst": "u",
"f": {"lang": "akk-x-neoass",
"form": "x",
"pos": "u"}
}
,
{
"node": "l",
"frag": "x",
"id": "P335956.l081c8",
"ref": "P335956.8.4",
"inst": "u",
"f": {"lang": "akk-x-neoass",
"form": "x",
"pos": "u"}
}
,
{
"node": "l",
"frag": "SUHUR]",
"id": "P335956.l081c9",
"ref": "P335956.8.5",
"inst": "ṭēhi[adjacent to]PRP",
"sig": "@saao/saa14%akk-x-neoass:SUHUR=ṭāhu[adjacent to//adjacent to]PRP'PRP$ṭēhi",
"f": {"lang": "akk-x-neoass",
"form": "SUHUR",
"cf": "ṭāhu",
"gw": "adjacent to",
"sense": "adjacent to",
"norm": "ṭēhi",
"pos": "PRP",
"epos": "PRP"}
}
,
{
"node": "l",
"frag": "KASKAL",
"id": "P335956.l081ca",
"ref": "P335956.8.6",
"inst": "harrāni[road]N",
"sig": "@saao/saa14%akk-x-neoass:KASKAL=harrānu[way//road]N'N$harrāni",
"f": {"lang": "akk-x-neoass",
"form": "KASKAL",
"cf": "harrānu",
"gw": "way",
"sense": "road",
"norm": "harrāni",
"pos": "N",
"epos": "N"}
}
,
{
"node": "l",
"frag": "{uru}kal-a-ha",
"id": "P335956.l081cb",
"ref": "P335956.8.7",
"inst": "Kalhu[1]GN$Kalaha",
"sig": "@saao/saa14%akk-x-neoass:{URU}kal-a-ha=Kalhu[1//1]GN'GN$Kalaha",
"f": {"lang": "akk-x-neoass",
"form": "{URU}kal-a-ha",
"cf": "Kalhu",
"gw": "1",
"sense": "1",
"norm": "Kalaha",
"pos": "GN",
"epos": "GN"}
}
,
{
"node": "d",
"type": "line-start",
"ref": "P335956.9",
"n": "5",
"label": "o 5"}
,
{
"node": "l",
"frag": "[x",
"id": "P335956.l081cc",
"ref": "P335956.9.1",
"inst": "u",
"f": {"lang": "akk-x-neoass",
"form": "x",
"pos": "u"}
}
,
{
"node": "l",
"frag": "x",
"id": "P335956.l081cd",
"ref": "P335956.9.2",
"inst": "u",
"f": {"lang": "akk-x-neoass",
"form": "x",
"pos": "u"}
}
,
{
"node": "l",
"frag": "x",
"id": "P335956.l081ce",
"ref": "P335956.9.3",
"inst": "u",
"f": {"lang": "akk-x-neoass",
"form": "x",
"pos": "u"}
}
,
{
"node": "l",
"frag": "x",
"id": "P335956.l081cf",
"ref": "P335956.9.4",
"inst": "u",
"f": {"lang": "akk-x-neoass",
"form": "x",
"pos": "u"}
}
,
{
"node": "l",
"frag": "x",
"id": "P335956.l081d0",
"ref": "P335956.9.5",
"inst": "u",
"f": {"lang": "akk-x-neoass",
"form": "x",
"pos": "u"}
}
,
{
"node": "l",
"frag": "x]",
"id": "P335956.l081d1",
"ref": "P335956.9.6",
"inst": "u",
"f": {"lang": "akk-x-neoass",
"form": "x",
"pos": "u"}
}
,
{
"node": "l",
"frag": "{kur}ṣu-ṣi",
"id": "P335956.l081d2",
"ref": "P335956.9.7",
"inst": "Ṣuṣi[1]GN$",
"sig": "@saao/saa14%akk-x-neoass:{KUR}ṣu-ṣi=Ṣuṣi[1//1]GN'GN$Ṣuṣi",
"f": {"lang": "akk-x-neoass",
"form": "{KUR}ṣu-ṣi",
"cf": "Ṣuṣi",
"gw": "1",
"sense": "1",
"norm": "Ṣuṣi",
"pos": "GN",
"epos": "GN"}
}
,
{
"node": "d",
"type": "line-start",
"ref": "P335956.10",
"n": "6",
"label": "o 6"}
,
{
"node": "l",
"frag": "[x",
"id": "P335956.l081d3",
"ref": "P335956.10.1",
"inst": "u",
"f": {"lang": "akk-x-neoass",
"form": "x",
"pos": "u"}
}
,
{
"node": "l",
"frag": "x",
"id": "P335956.l081d4",
"ref": "P335956.10.2",
"inst": "u",
"f": {"lang": "akk-x-neoass",
"form": "x",
"pos": "u"}
}
,
{
"node": "l",
"frag": "x",
"id": "P335956.l081d5",
"ref": "P335956.10.3",
"inst": "u",
"f": {"lang": "akk-x-neoass",
"form": "x",
"pos": "u"}
}
,
{
"node": "l",
"frag": "x",
"id": "P335956.l081d6",
"ref": "P335956.10.4",
"inst": "u",
"f": {"lang": "akk-x-neoass",
"form": "x",
"pos": "u"}
}
,
{
"node": "l",
"frag": "x]",
"id": "P335956.l081d7",
"ref": "P335956.10.5",
"inst": "u",
"f": {"lang": "akk-x-neoass",
"form": "x",
"pos": "u"}
}
,
{
"node": "d",
"frag": ":",
"type": "nonw",
"ref": "P335956.10.6",
"lang": "akk-x-neoass",
"type": "punct",
"gdl_delim": " "}
,
{
"node": "l",
"frag": "{1}a-pa-a.a",
"id": "P335956.l081d8",
"ref": "P335956.10.7",
"inst": "Apaya[1]PN$",
"sig": "@saao/saa14%akk-x-neoass:{1}a-pa-a.a=Apaya[1//1]PN'PN$Apaya",
"f": {"lang": "akk-x-neoass",
"form": "{1}a-pa-a.a",
"cf": "Apaya",
"gw": "1",
"sense": "1",
"norm": "Apaya",
"pos": "PN",
"epos": "PN"}
}
,
{
"node": "d",
"type": "line-start",
"ref": "P335956.11",
"n": "7",
"label": "o 7"}
,
{
"node": "l",
"frag": "[x",
"id": "P335956.l081d9",
"ref": "P335956.11.1",
"inst": "u",
"f": {"lang": "akk-x-neoass",
"form": "x",
"pos": "u"}
}
,
{
"node": "l",
"frag": "x",
"id": "P335956.l081da",
"ref": "P335956.11.2",
"inst": "u",
"f": {"lang": "akk-x-neoass",
"form": "x",
"pos": "u"}
}
,
{
"node": "l",
"frag": "x",
"id": "P335956.l081db",
"ref": "P335956.11.3",
"inst": "u",
"f": {"lang": "akk-x-neoass",
"form": "x",
"pos": "u"}
}
,
{
"node": "l",
"frag": "x",
"id": "P335956.l081dc",
"ref": "P335956.11.4",
"inst": "u",
"f": {"lang": "akk-x-neoass",
"form": "x",
"pos": "u"}
}
,
{
"node": "l",
"frag": "x]",
"id": "P335956.l081dd",
"ref": "P335956.11.5",
"inst": "u",
"f": {"lang": "akk-x-neoass",
"form": "x",
"pos": "u"}
}
,
{
"node": "d",
"frag": ":",
"type": "nonw",
"ref": "P335956.11.6",
"lang": "akk-x-neoass",
"type": "punct",
"gdl_delim": " "}
,
{
"node": "l",
"frag": "{1}se-eʾ-a-mu-ti",
"id": "P335956.l081de",
"ref": "P335956.11.7",
"inst": "Seʾ-amuti[1]PN$",
"sig": "@saao/saa14%akk-x-neoass:{1}se-eʾ-a-mu-ti=Seʾ-amuti[1//1]PN'PN$Seʾ-amuti",
"f": {"lang": "akk-x-neoass",
"form": "{1}se-eʾ-a-mu-ti",
"cf": "Seʾ-amuti",
"gw": "1",
"sense": "1",
"norm": "Seʾ-amuti",
"pos": "PN",
"epos": "PN"}
}
,
{
"node": "d",
"type": "line-start",
"ref": "P335956.12",
"n": "8",
"label": "o 8"}
,
{
"node": "l",
"frag": "[x",
"id": "P335956.l081df",
"ref": "P335956.12.1",
"inst": "u",
"f": {"lang": "akk-x-neoass",
"form": "x",
"pos": "u"}
}
,
{
"node": "l",
"frag": "x",
"id": "P335956.l081e0",
"ref": "P335956.12.2",
"inst": "u",
"f": {"lang": "akk-x-neoass",
"form": "x",
"pos": "u"}
}
,
{
"node": "l",
"frag": "x",
"id": "P335956.l081e1",
"ref": "P335956.12.3",
"inst": "u",
"f": {"lang": "akk-x-neoass",
"form": "x",
"pos": "u"}
}
,
{
"node": "l",
"frag": "x",
"id": "P335956.l081e2",
"ref": "P335956.12.4",
"inst": "u",
"f": {"lang": "akk-x-neoass",
"form": "x",
"pos": "u"}
}
,
{
"node": "l",
"frag": "x",
"id": "P335956.l081e3",
"ref": "P335956.12.5",
"inst": "u",
"f": {"lang": "akk-x-neoass",
"form": "x",
"pos": "u"}
}
,
{
"node": "l",
"frag": "x]+⸢x⸣-nu",
"id": "P335956.l081e4",
"ref": "P335956.12.6",
"inst": "u",
"f": {"lang": "akk-x-neoass",
"form": "x+x-nu",
"pos": "u"}
}
,
{
"node": "l",
"frag": "{uru}ka-la-ha",
"id": "P335956.l081e5",
"ref": "P335956.12.7",
"inst": "Kalhu[1]GN$Kalaha",
"sig": "@saao/saa14%akk-x-neoass:{URU}ka-la-ha=Kalhu[1//1]GN'GN$Kalaha",
"f": {"lang": "akk-x-neoass",
"form": "{URU}ka-la-ha",
"cf": "Kalhu",
"gw": "1",
"sense": "1",
"norm": "Kalaha",
"pos": "GN",
"epos": "GN"}
}
,
{
"node": "d",
"type": "line-start",
"ref": "P335956.13",
"n": "9",
"label": "o 9"}
,
{
"node": "l",
"frag": "[x",
"id": "P335956.l081e6",
"ref": "P335956.13.1",
"inst": "u",
"f": {"lang": "akk-x-neoass",
"form": "x",
"pos": "u"}
}
,
{
"node": "l",
"frag": "x",
"id": "P335956.l081e7",
"ref": "P335956.13.2",
"inst": "u",
"f": {"lang": "akk-x-neoass",
"form": "x",
"pos": "u"}
}
,
{
"node": "l",
"frag": "x",
"id": "P335956.l081e8",
"ref": "P335956.13.3",
"inst": "u",
"f": {"lang": "akk-x-neoass",
"form": "x",
"pos": "u"}
}
,
{
"node": "l",
"frag": "x",
"id": "P335956.l081e9",
"ref": "P335956.13.4",
"inst": "u",
"f": {"lang": "akk-x-neoass",
"form": "x",
"pos": "u"}
}
,
{
"node": "l",
"frag": "x",
"id": "P335956.l081ea",
"ref": "P335956.13.5",
"inst": "u",
"f": {"lang": "akk-x-neoass",
"form": "x",
"pos": "u"}
}
,
{
"node": "l",
"frag": "x]",
"id": "P335956.l081eb",
"ref": "P335956.13.6",
"inst": "u",
"f": {"lang": "akk-x-neoass",
"form": "x",
"pos": "u"}
}
,
{
"node": "l",
"frag": "A.ŠA₃",
"id": "P335956.l081ec",
"ref": "P335956.13.7",
"inst": "eqlu[field]N",
"sig": "@saao/saa14%akk-x-neoass:A.ŠA₃=eqlu[field//field]N'N$eqlu",
"f": {"lang": "akk-x-neoass",
"form": "A.ŠA₃",
"cf": "eqlu",
"gw": "field",
"sense": "field",
"norm": "eqlu",
"pos": "N",
"epos": "N"}
}
,
{
"node": "l",
"frag": "ša",
"id": "P335956.l081ed",
"ref": "P335956.13.8",
"inst": "ša[of]DET",
"sig": "@saao/saa14%akk-x-neoass:ša=ša[of//of]DET'DET$ša",
"f": {"lang": "akk-x-neoass",
"form": "ša",
"cf": "ša",
"gw": "of",
"sense": "of",
"norm": "ša",
"pos": "DET",
"epos": "DET"}
}
,
{
"node": "l",
"frag": "{1}{d}IM-DU₃",
"id": "P335956.l081ee",
"ref": "P335956.13.9",
"inst": "Adad-ibni[1]PN",
"sig": "@saao/saa14%akk-x-neoass:{1}{d}IM-DU₃=Adad-ibni[1//1]PN'PN$Adad-ibni",
"f": {"lang": "akk-x-neoass",
"form": "{1}{d}IM-DU₃",
"cf": "Adad-ibni",
"gw": "1",
"sense": "1",
"norm": "Adad-ibni",
"pos": "PN",
"epos": "PN"}
}
,
{
"node": "d",
"type": "line-start",
"ref": "P335956.14",
"n": "10",
"label": "o 10"}
,
{
"node": "l",
"frag": "[x",
"id": "P335956.l081ef",
"ref": "P335956.14.1",
"inst": "u",
"f": {"lang": "akk-x-neoass",
"form": "x",
"pos": "u"}
}
,
{
"node": "l",
"frag": "x",
"id": "P335956.l081f0",
"ref": "P335956.14.2",
"inst": "u",
"f": {"lang": "akk-x-neoass",
"form": "x",
"pos": "u"}
}
,
{
"node": "l",
"frag": "x",
"id": "P335956.l081f1",
"ref": "P335956.14.3",
"inst": "u",
"f": {"lang": "akk-x-neoass",
"form": "x",
"pos": "u"}
}
,
{
"node": "l",
"frag": "x",
"id": "P335956.l081f2",
"ref": "P335956.14.4",
"inst": "u",
"f": {"lang": "akk-x-neoass",
"form": "x",
"pos": "u"}
}
,
{
"node": "l",
"frag": "x]",
"id": "P335956.l081f3",
"ref": "P335956.14.5",
"inst": "u",
"f": {"lang": "akk-x-neoass",
"form": "x",
"pos": "u"}
}
,
{
"node": "d",
"frag": ":",
"type": "nonw",
"ref": "P335956.14.6",
"lang": "akk-x-neoass",
"type": "punct",
"gdl_delim": " "}
,
{
"node": "d",
"frag": ":",
"type": "nonw",
"ref": "P335956.14.7",
"lang": "akk-x-neoass",
"type": "punct",
"gdl_delim": " "}
,
{
"node": "l",
"frag": "{1}{d}MAŠ.MAŠ-I",
"id": "P335956.l081f4",
"ref": "P335956.14.8",
"inst": "Nergal-naʾdi[1]PN$",
"sig": "@saao/saa14%akk-x-neoass:{1}{d}MAŠ.MAŠ-I=Nergal-naʾdi[1//1]PN'PN$Nergal-naʾdi",
"f": {"lang": "akk-x-neoass",
"form": "{1}{d}MAŠ.MAŠ-I",
"cf": "Nergal-naʾdi",
"gw": "1",
"sense": "1",
"norm": "Nergal-naʾdi",
"pos": "PN",
"epos": "PN"}
}
,
{
"node": "d",
"type": "line-start",
"ref": "P335956.15",
"n": "11",
"label": "o 11"}
,
{
"node": "l",
"frag": "[x",
"id": "P335956.l081f5",
"ref": "P335956.15.1",
"inst": "u",
"f": {"lang": "akk-x-neoass",
"form": "x",
"pos": "u"}
}
,
{
"node": "l",
"frag": "x",
"id": "P335956.l081f6",
"ref": "P335956.15.2",
"inst": "u",
"f": {"lang": "akk-x-neoass",
"form": "x",
"pos": "u"}
}
,
{
"node": "l",
"frag": "x",
"id": "P335956.l081f7",
"ref": "P335956.15.3",
"inst": "u",
"f": {"lang": "akk-x-neoass",
"form": "x",
"pos": "u"}
}
,
{
"node": "l",
"frag": "x",
"id": "P335956.l081f8",
"ref": "P335956.15.4",
"inst": "u",
"f": {"lang": "akk-x-neoass",
"form": "x",
"pos": "u"}
}
,
{
"node": "l",
"frag": "x]",
"id": "P335956.l081f9",
"ref": "P335956.15.5",
"inst": "u",
"f": {"lang": "akk-x-neoass",
"form": "x",
"pos": "u"}
}
,
{
"node": "l",
"frag": "3(ban₂)",
"id": "P335956.l081fa",
"ref": "P335956.15.6",
"inst": "n",
"f": {"lang": "akk-x-neoass",
"form": "3(ban₂)",
"pos": "n"}
}
,
{
"node": "l",
"frag": "A.ŠA₃",
"id": "P335956.l081fb",
"ref": "P335956.15.7",
"inst": "eqlu[field]N",
"sig": "@saao/saa14%akk-x-neoass:A.ŠA₃=eqlu[field//field]N'N$eqlu",
"f": {"lang": "akk-x-neoass",
"form": "A.ŠA₃",
"cf": "eqlu",
"gw": "field",
"sense": "field",
"norm": "eqlu",
"pos": "N",
"epos": "N"}
}
,
{
"node": "l",
"frag": "ina",
"id": "P335956.l081fc",
"ref": "P335956.15.8",
"inst": "ina[in]PRP",
"sig": "@saao/saa14%akk-x-neoass:ina=ina[in//in]PRP'PRP$ina",
"f": {"lang": "akk-x-neoass",
"form": "ina",
"cf": "ina",
"gw": "in",
"sense": "in",
"norm": "ina",
"pos": "PRP",
"epos": "PRP"}
}
,
{
"node": "l",
"frag": "ma-za-ru-u-te",
"id": "P335956.l081fd",
"ref": "P335956.15.9",
"inst": "mazarūte[(area or state of) cultivation]N",
"sig": "@saao/saa14%akk-x-neoass:ma-za-ru-u-te=mazrūtu[(area or state of) cultivation//(area or state of) cultivation]N'N$mazarūte",
"f": {"lang": "akk-x-neoass",
"form": "ma-za-ru-u-te",
"cf": "mazrūtu",
"gw": "(area or state of) cultivation",
"sense": "(area or state of) cultivation",
"norm": "mazarūte",
"pos": "N",
"epos": "N"}
}
,
{
"node": "l",
"frag": "<$x$>",
"id": "P335956.l081fe",
"ref": "P335956.15.10",
"inst": "u",
"f": {"lang": "akk-x-neoass",
"form": "x",
"pos": "u"}
}
,
{
"node": "d",
"type": "line-start",
"ref": "P335956.16",
"n": "12",
"label": "o 12"}
,
{
"node": "l",
"frag": "[(x",
"id": "P335956.l081ff",
"ref": "P335956.16.1",
"inst": "u",
"f": {"lang": "akk-x-neoass",
"form": "x",
"pos": "u"}
}
,
{
"node": "l",
"frag": "x)",
"id": "P335956.l08200",
"ref": "P335956.16.2",
"inst": "u",
"f": {"lang": "akk-x-neoass",
"form": "x",
"pos": "u"}
}
,
{
"node": "l",
"frag": "u₂-piš]-ma",
"id": "P335956.l08201",
"ref": "P335956.16.3",
"inst": "uppišma[contract]V",
"sig": "@saao/saa14%akk-x-neoass:u₂-piš-ma=epēšu[do//contract]V'V$uppišma",
"f": {"lang": "akk-x-neoass",
"form": "u₂-piš-ma",
"cf": "epēšu",
"gw": "do",
"sense": "contract",
"norm": "uppišma",
"pos": "V",
"epos": "V"}
}
,
{
"node": "l",
"frag": "{1}pu-ta-[a].a",
"id": "P335956.l08202",
"ref": "P335956.16.4",
"inst": "Putaya[1]PN$",
"sig": "@saao/saa14%akk-x-neoass:{1}pu-ta-a.a=Putaya[1//1]PN'PN$Putaya",
"f": {"lang": "akk-x-neoass",
"form": "{1}pu-ta-a.a",
"cf": "Putaya",
"gw": "1",
"sense": "1",
"norm": "Putaya",
"pos": "PN",
"epos": "PN"}
}
,
{
"node": "d",
"type": "line-start",
"ref": "P335956.17",
"n": "13",
"label": "o 13"}
,
{
"node": "c",
"type": "phrase",
"tag": "phr",
"id": "P335956.U4",
"ref": "P335956.ls00000",
"cdl": [
{
"node": "l",
"frag": "[TA@v",
"id": "P335956.l08203",
"ref": "P335956.17.1",
"inst": "issu[from]PRP",
"sig": "@saao/saa14%akk-x-neoass:TA@v=ištu[from//from]PRP'PRP$issu",
"f": {"lang": "akk-x-neoass",
"form": "TA@v",
"cf": "ištu",
"gw": "from",
"sense": "from",
"norm": "issu",
"pos": "PRP",
"epos": "PRP"}
}
,
{
"node": "l",
"frag": "IGI",
"id": "P335956.l08204",
"ref": "P335956.17.2",
"inst": "pān[front]N",
"sig": "@saao/saa14%akk-x-neoass:IGI=pānu[front//front]N'N$pān",
"f": {"lang": "akk-x-neoass",
"form": "IGI",
"cf": "pānu",
"gw": "front",
"sense": "front",
"norm": "pān",
"pos": "N",
"epos": "N"}
}
]}
,
{
"node": "l",
"frag": "{1}x",
"id": "P335956.l08205",
"ref": "P335956.17.3",
"inst": "u",
"f": {"lang": "akk-x-neoass",
"form": "{1}x",
"pos": "u"}
}
,
{
"node": "l",
"frag": "x]+⸢x",
"id": "P335956.l08206",
"ref": "P335956.17.4",
"inst": "u",
"f": {"lang": "akk-x-neoass",
"form": "x+x",
"pos": "u"}
}
,
{
"node": "l",
"frag": "x⸣-u-nu",
"id": "P335956.l08207",
"ref": "P335956.17.5",
"inst": "u",
"f": {"lang": "akk-x-neoass",
"form": "x-u-nu",
"pos": "u"}
}
,
{
"node": "d",
"type": "line-start",
"ref": "P335956.18",
"n": "14",
"label": "o 14"}
,
{
"node": "c",
"type": "phrase",
"tag": "phr",
"id": "P335956.U5",
"ref": "P335956.ls00001",
"cdl": [
{
"node": "l",
"frag": "[ina",
"id": "P335956.l08208",
"ref": "P335956.18.1",
"inst": "ina[in+=for]PRP",
"sig": "@saao/saa14%akk-x-neoass:ina=ina[in//in]PRP'PRP$ina",
"f": {"lang": "akk-x-neoass",
"form": "ina",
"cf": "ina",
"gw": "in",
"sense": "in",
"norm": "ina",
"pos": "PRP",
"epos": "PRP"}
}
,
{
"node": "l",
"frag": "ŠA₃",
"id": "P335956.l08209",
"ref": "P335956.18.2",
"inst": "libbi[interior]N",
"sig": "@saao/saa14%akk-x-neoass:ŠA₃=libbu[interior//interior]N'N$libbi",
"f": {"lang": "akk-x-neoass",
"form": "ŠA₃",
"cf": "libbu",
"gw": "interior",
"sense": "interior",
"norm": "libbi",
"pos": "N",
"epos": "N"}
}
]}
,
{
"node": "l",
"frag": "x",
"id": "P335956.l0820a",
"ref": "P335956.18.3",
"inst": "u",
"f": {"lang": "akk-x-neoass",
"form": "x",
"pos": "u"}
}
,
{
"node": "l",
"frag": "MA.NA",
"id": "P335956.l0820b",
"ref": "P335956.18.4",
"inst": "manê[a unit of weight]N",
"sig": "@saao/saa14%akk-x-neoass:MA.NA=manû[unit//a unit of weight]N'N$manê",
"f": {"lang": "akk-x-neoass",
"form": "MA.NA",
"cf": "manû",
"gw": "unit",
"sense": "a unit of weight",
"norm": "manê",
"pos": "N",
"epos": "N"}
}
,
{
"node": "l",
"frag": "KUG.UD]",
"id": "P335956.l0820c",
"ref": "P335956.18.5",
"inst": "ṣarpu[silver]N",
"sig": "@saao/saa14%akk-x-neoass:KUG.UD=ṣarpu[silver//silver]N'N$ṣarpi",
"f": {"lang": "akk-x-neoass",
"form": "KUG.UD",
"cf": "ṣarpu",
"gw": "silver",
"sense": "silver",
"norm": "ṣarpi",
"pos": "N",
"epos": "N"}
}
,
{
"node": "l",
"frag": "il-qi",
"id": "P335956.l0820d",
"ref": "P335956.18.6",
"inst": "ilqi[purchase]V",
"sig": "@saao/saa14%akk-x-neoass:il-qi=leqû[take//purchase]V'V$ilqi",
"f": {"lang": "akk-x-neoass",
"form": "il-qi",
"cf": "leqû",
"gw": "take",
"sense": "purchase",
"norm": "ilqi",
"pos": "V",
"epos": "V"}
}
,
{
"node": "d",
"type": "line-start",
"ref": "P335956.19",
"n": "15",
"label": "o 15"}
,
{
"node": "l",
"frag": "[kas-pu",
"id": "P335956.l0820e",
"ref": "P335956.19.1",
"inst": "kaspu[money]N",
"sig": "@saao/saa14%akk-x-neoass:kas-pu=kaspu[silver//money]N'N$kaspu",
"f": {"lang": "akk-x-neoass",
"form": "kas-pu",
"cf": "kaspu",
"gw": "silver",
"sense": "money",
"norm": "kaspu",
"pos": "N",
"epos": "N"}
}
,
{
"node": "l",
"frag": "gam-mur",
"id": "P335956.l0820f",
"ref": "P335956.19.2",
"inst": "gammur[completed]AJ",
"sig": "@saao/saa14%akk-x-neoass:gam-mur=gammuru[finished//completed]AJ'AJ$gammur",
"f": {"lang": "akk-x-neoass",
"form": "gam-mur",
"cf": "gammuru",
"gw": "finished",
"sense": "completed",
"norm": "gammur",
"pos": "AJ",
"epos": "AJ"}
}
,
{
"node": "l",
"frag": "ta]-din",
"id": "P335956.l08210",
"ref": "P335956.19.3",
"inst": "tadin[paid]AJ",
"sig": "@saao/saa14%akk-x-neoass:ta-din=tadnu[given//paid]AJ'AJ$tadin",
"f": {"lang": "akk-x-neoass",
"form": "ta-din",
"cf": "tadnu",
"gw": "given",
"sense": "paid",
"norm": "tadin",
"pos": "AJ",
"epos": "AJ"}
}
,
{
"node": "l",
"frag": "A.ŠA₃",
"id": "P335956.l08211",
"ref": "P335956.19.4",
"inst": "eqlu[field]N",
"sig": "@saao/saa14%akk-x-neoass:A.ŠA₃=eqlu[field//field]N'N$eqlu",
"f": {"lang": "akk-x-neoass",
"form": "A.ŠA₃",
"cf": "eqlu",
"gw": "field",
"sense": "field",
"norm": "eqlu",
"pos": "N",
"epos": "N"}
}
,
{
"node": "l",
"frag": "šu-a-tu₂",
"id": "P335956.l08212",
"ref": "P335956.19.5",
"inst": "šuātu[that]'DP",
"sig": "@saao/saa14%akk-x-neoass:šu-a-tu₂=šuāti[him//that]IP'DP$šuātu",
"f": {"lang": "akk-x-neoass",
"form": "šu-a-tu₂",
"cf": "šuāti",
"gw": "him",
"sense": "that",
"norm": "šuātu",
"pos": "IP",
"epos": "DP"}
}
,
{
"node": "d",
"type": "line-start",
"ref": "P335956.20",
"n": "16",
"label": "o 16"}
,
{
"node": "l",
"frag": "[za-rip",
"id": "P335956.l08213",
"ref": "P335956.20.1",
"inst": "zarip[purchased]AJ",
"sig": "@saao/saa14%akk-x-neoass:za-rip=zarpu[purchased//purchased]AJ'AJ$zarip",
"f": {"lang": "akk-x-neoass",
"form": "za-rip",
"cf": "zarpu",
"gw": "purchased",
"sense": "purchased",
"norm": "zarip",
"pos": "AJ",
"epos": "AJ"}
}
,
{
"node": "l",
"frag": "la-qi]",
"id": "P335956.l08214",
"ref": "P335956.20.2",
"inst": "laqi[acquired]AJ",
"sig": "@saao/saa14%akk-x-neoass:la-qi=leqû[taken//acquired]AJ'AJ$laqi",
"f": {"lang": "akk-x-neoass",
"form": "la-qi",
"cf": "leqû",
"gw": "taken",
"sense": "acquired",
"norm": "laqi",
"pos": "AJ",
"epos": "AJ"}
}
,
{
"node": "l",
"frag": "⸢tu-a-ru⸣",
"id": "P335956.l08215",
"ref": "P335956.20.3",
"inst": "tuāru[revocation]'N",
"sig": "@saao/saa14%akk-x-neoass:tu-a-ru=târu[turn//revocation]V'N$tuāru",
"f": {"lang": "akk-x-neoass",
"form": "tu-a-ru",
"cf": "târu",
"gw": "turn",
"sense": "revocation",
"norm": "tuāru",
"pos": "V",
"epos": "N"}
}
,
{
"node": "d",
"subtype": "bottom",
"type": "surface",
"ref": "P335956.b.e..21",
"type": "bottom",
"label": "b.e."}
,
{
"node": "d",
"type": "line-start",
"ref": "P335956.22",
"n": "17",
"label": "b.e. 17"}
,
{
"node": "l",
"frag": "[de-e-nu",
"id": "P335956.l08216",
"ref": "P335956.22.1",
"inst": "dēnu[lawsuit]N",
"sig": "@saao/saa14%akk-x-neoass:de-e-nu=dīnu[legal decision//lawsuit]N'N$dēnu",
"f": {"lang": "akk-x-neoass",
"form": "de-e-nu",
"cf": "dīnu",
"gw": "legal decision",
"sense": "lawsuit",
"norm": "dēnu",
"pos": "N",
"epos": "N"}
}
,
{
"node": "l",
"frag": "DUG₄.DUG₄]",
"id": "P335956.l08217",
"ref": "P335956.22.2",
"inst": "dabābu[litigation]'N",
"sig": "@saao/saa14%akk-x-neoass:DUG₄.DUG₄=dabābu[speak//litigation]V'N$dabābu",
"f": {"lang": "akk-x-neoass",
"form": "DUG₄.DUG₄",
"cf": "dabābu",
"gw": "speak",
"sense": "litigation",
"norm": "dabābu",
"pos": "V",
"epos": "N"}
}
,
{
"node": "l",
"frag": "la-aš₂-šu₂",
"id": "P335956.l08218",
"ref": "P335956.22.3",
"inst": "laššu[(there) is not]V",
"sig": "@saao/saa14%akk-x-neoass:la-aš₂-šu₂=laššu[(there) is not//(there) is not]V'V$laššu",
"f": {"lang": "akk-x-neoass",
"form": "la-aš₂-šu₂",
"cf": "laššu",
"gw": "(there) is not",
"sense": "(there) is not",
"norm": "laššu",
"pos": "V",
"epos": "V"}
}
,
{
"node": "d",
"type": "line-start",
"ref": "P335956.23",
"n": "18",
"label": "b.e. 18"}
,
{
"node": "l",
"frag": "[man-nu",
"id": "P335956.l08219",
"ref": "P335956.23.1",
"inst": "mannu[whoever]'XP",
"sig": "@saao/saa14%akk-x-neoass:man-nu=mannu[who?//whoever]QP'XP$mannu",
"f": {"lang": "akk-x-neoass",
"form": "man-nu",
"cf": "mannu",
"gw": "who?",
"sense": "whoever",
"norm": "mannu",
"pos": "QP",
"epos": "XP"}
}
,
{
"node": "l",
"frag": "ša",
"id": "P335956.l0821a",
"ref": "P335956.23.2",
"inst": "ša[that]REL",
"sig": "@saao/saa14%akk-x-neoass:ša=ša[that//that]REL'REL$ša",
"f": {"lang": "akk-x-neoass",
"form": "ša",
"cf": "ša",
"gw": "that",
"sense": "that",
"norm": "ša",
"pos": "REL",
"epos": "REL"}
}
,
{
"node": "c",
"type": "phrase",
"tag": "phr",
"id": "P335956.U6",
"ref": "P335956.ls00002",
"cdl": [
{
"node": "l",
"frag": "ina",
"id": "P335956.l0821b",
"ref": "P335956.23.3",
"inst": "ina[in+=in the future]PRP",
"sig": "@saao/saa14%akk-x-neoass:ina=ina[in//in]PRP'PRP$ina",
"f": {"lang": "akk-x-neoass",
"form": "ina",
"cf": "ina",
"gw": "in",
"sense": "in",
"norm": "ina",
"pos": "PRP",
"epos": "PRP"}
}
,
{
"node": "l",
"frag": "ur-kiš",
"id": "P335956.l0821c",
"ref": "P335956.23.4",
"inst": "urkiš[later]AV",
"sig": "@saao/saa14%akk-x-neoass:ur-kiš=urkiš[later//later]AV'AV$urkiš",
"f": {"lang": "akk-x-neoass",
"form": "ur-kiš",
"cf": "urkiš",
"gw": "later",
"sense": "later",
"norm": "urkiš",
"pos": "AV",
"epos": "AV"}
}
]}
,
{
"node": "c",
"type": "phrase",
"tag": "phr",
"id": "P335956.U7",
"ref": "P335956.ls00003",
"cdl": [
{
"node": "l",
"frag": "ina]",
"id": "P335956.l0821d",
"ref": "P335956.23.5",
"inst": "ina[in+=whenever]PRP",
"sig": "@saao/saa14%akk-x-neoass:ina=ina[in//in]PRP'PRP$ina",
"f": {"lang": "akk-x-neoass",
"form": "ina",
"cf": "ina",
"gw": "in",
"sense": "in",
"norm": "ina",
"pos": "PRP",
"epos": "PRP"}
}
,
{
"node": "l",
"frag": "⸢ma⸣-te-ma",
"id": "P335956.l0821e",
"ref": "P335956.23.6",
"inst": "matēma[ever]AV",
"sig": "@saao/saa14%akk-x-neoass:ma-te-ma=matīma[ever//ever]AV'AV$matēma",
"f": {"lang": "akk-x-neoass",
"form": "ma-te-ma",
"cf": "matīma",
"gw": "ever",
"sense": "ever",
"norm": "matēma",
"pos": "AV",
"epos": "AV"}
}
]}
,
{
"node": "d",
"subtype": "reverse",
"type": "surface",
"ref": "P335956.r.24",
"type": "reverse",
"label": "r"}
,
{
"node": "d",
"type": "line-start",
"ref": "P335956.25",
"n": "1",
"label": "r 1"}
,
{
"node": "l",
"frag": "[lu-u",
"id": "P335956.l0821f",
"ref": "P335956.25.1",
"inst": "lū[may]MOD",
"sig": "@saao/saa14%akk-x-neoass:lu-u=lū[may//may]MOD'MOD$lū",
"f": {"lang": "akk-x-neoass",
"form": "lu-u",
"cf": "lū",
"gw": "may",
"sense": "may",
"norm": "lū",
"pos": "MOD",
"epos": "MOD"}
}
,
{
"node": "l",
"frag": "{1}x",
"id": "P335956.l08220",
"ref": "P335956.25.2",
"inst": "u",
"f": {"lang": "akk-x-neoass",
"form": "{1}x",
"pos": "u"}
}
,
{
"node": "l",
"frag": "x",
"id": "P335956.l08221",
"ref": "P335956.25.3",
"inst": "u",
"f": {"lang": "akk-x-neoass",
"form": "x",
"pos": "u"}
}
,
{
"node": "l",
"frag": "x-u-nu]",
"id": "P335956.l08222",
"ref": "P335956.25.4",
"inst": "u",
"f": {"lang": "akk-x-neoass",
"form": "x-u-nu",
"pos": "u"}
}
,
{
"node": "l",
"frag": "lu-u",
"id": "P335956.l08223",
"ref": "P335956.25.5",
"inst": "lū[may]MOD",
"sig": "@saao/saa14%akk-x-neoass:lu-u=lū[may//may]MOD'MOD$lū",
"f": {"lang": "akk-x-neoass",
"form": "lu-u",
"cf": "lū",
"gw": "may",
"sense": "may",
"norm": "lū",
"pos": "MOD",
"epos": "MOD"}
}
,
{
"node": "d",
"type": "line-start",
"ref": "P335956.26",
"n": "2",
"label": "r 2"}
,
{
"node": "l",
"frag": "[x",
"id": "P335956.l08224",
"ref": "P335956.26.1",
"inst": "u",
"f": {"lang": "akk-x-neoass",
"form": "x",
"pos": "u"}
}
,
{
"node": "l",
"frag": "x",
"id": "P335956.l08225",
"ref": "P335956.26.2",
"inst": "u",
"f": {"lang": "akk-x-neoass",
"form": "x",
"pos": "u"}
}
,
{
"node": "l",
"frag": "x",
"id": "P335956.l08226",
"ref": "P335956.26.3",
"inst": "u",
"f": {"lang": "akk-x-neoass",
"form": "x",
"pos": "u"}
}
,
{
"node": "l",
"frag": "x",
"id": "P335956.l08227",
"ref": "P335956.26.4",
"inst": "u",
"f": {"lang": "akk-x-neoass",
"form": "x",
"pos": "u"}
}
,
{
"node": "l",
"frag": "x",
"id": "P335956.l08228",
"ref": "P335956.26.5",
"inst": "u",
"f": {"lang": "akk-x-neoass",
"form": "x",
"pos": "u"}
}
,
{
"node": "l",
"frag": "x",
"id": "P335956.l08229",
"ref": "P335956.26.6",
"inst": "u",
"f": {"lang": "akk-x-neoass",
"form": "x",
"pos": "u"}
}
,
{
"node": "l",
"frag": "x]",
"id": "P335956.l0822a",
"ref": "P335956.26.7",
"inst": "u",
"f": {"lang": "akk-x-neoass",
"form": "x",
"pos": "u"}
}
,
{
"node": "l",
"frag": "⸢lu⸣-u",
"id": "P335956.l0822b",
"ref": "P335956.26.8",
"inst": "lū[may]MOD",
"sig": "@saao/saa14%akk-x-neoass:lu-u=lū[may//may]MOD'MOD$lū",
"f": {"lang": "akk-x-neoass",
"form": "lu-u",
"cf": "lū",
"gw": "may",
"sense": "may",
"norm": "lū",
"pos": "MOD",
"epos": "MOD"}
}
,
{
"node": "l",
"frag": "GAL-šu₂",
"id": "P335956.l0822c",
"ref": "P335956.26.9",
"inst": "rabû[big//superior]AJ'N$rabiūšu",
"sig": "@saao/saa14%akk-x-neoass:GAL-šu₂=rabû[big//superior]AJ'N$rabiūšu",
"f": {"lang": "akk-x-neoass",
"form": "GAL-šu₂",
"cf": "rabû",
"gw": "big",
"sense": "superior",
"norm": "rabiūšu",
"pos": "AJ",
"epos": "N"}
}
,
{
"node": "d",
"type": "line-start",
"ref": "P335956.27",
"n": "3",
"label": "r 3"}
,
{
"node": "l",
"frag": "[lu-u",
"id": "P335956.l0822d",
"ref": "P335956.27.1",
"inst": "lū[may]MOD",
"sig": "@saao/saa14%akk-x-neoass:lu-u=lū[may//may]MOD'MOD$lū",
"f": {"lang": "akk-x-neoass",
"form": "lu-u",
"cf": "lū",
"gw": "may",
"sense": "may",
"norm": "lū",
"pos": "MOD",
"epos": "MOD"}
}
,
{
"node": "l",
"frag": "x",
"id": "P335956.l0822e",
"ref": "P335956.27.2",
"inst": "u",
"f": {"lang": "akk-x-neoass",
"form": "x",
"pos": "u"}
}
,
{
"node": "l",
"frag": "x",
"id": "P335956.l0822f",
"ref": "P335956.27.3",
"inst": "u",
"f": {"lang": "akk-x-neoass",
"form": "x",
"pos": "u"}
}
,
{
"node": "l",
"frag": "x",
"id": "P335956.l08230",
"ref": "P335956.27.4",
"inst": "u",
"f": {"lang": "akk-x-neoass",
"form": "x",
"pos": "u"}
}
,
{
"node": "l",
"frag": "x",
"id": "P335956.l08231",
"ref": "P335956.27.5",
"inst": "u",
"f": {"lang": "akk-x-neoass",
"form": "x",
"pos": "u"}
}
,
{
"node": "l",
"frag": "x",
"id": "P335956.l08232",
"ref": "P335956.27.6",
"inst": "u",
"f": {"lang": "akk-x-neoass",
"form": "x",
"pos": "u"}
}
,
{
"node": "l",
"frag": "x]",
"id": "P335956.l08233",
"ref": "P335956.27.7",
"inst": "u",
"f": {"lang": "akk-x-neoass",
"form": "x",
"pos": "u"}
}
,
{
"node": "l",
"frag": "PAB-MEŠ-šu₂",
"id": "P335956.l08234",
"ref": "P335956.27.8",
"inst": "ahhēšu[brother]N",
"sig": "@saao/saa14%akk-x-neoass:PAB-MEŠ-šu₂=ahu[brother//brother]N'N$ahhēšu",
"f": {"lang": "akk-x-neoass",
"form": "PAB-MEŠ-šu₂",
"cf": "ahu",
"gw": "brother",
"sense": "brother",
"norm": "ahhēšu",
"pos": "N",
"epos": "N"}
}
,
{
"node": "d",
"type": "line-start",
"ref": "P335956.28",
"n": "4",
"label": "r 4"}
,
{
"node": "l",
"frag": "[ša",
"id": "P335956.l08235",
"ref": "P335956.28.1",
"inst": "ša[that]REL",
"sig": "@saao/saa14%akk-x-neoass:ša=ša[that//that]REL'REL$ša",
"f": {"lang": "akk-x-neoass",
"form": "ša",
"cf": "ša",
"gw": "that",
"sense": "that",
"norm": "ša",
"pos": "REL",
"epos": "REL"}
}
,
{
"node": "l",
"frag": "TA@v",
"id": "P335956.l08236",
"ref": "P335956.28.2",
"inst": "issi[with]PRP",
"sig": "@saao/saa14%akk-x-neoass:TA@v=išti[with//with]PRP'PRP$issi",
"f": {"lang": "akk-x-neoass",
"form": "TA@v",
"cf": "išti",
"gw": "with",
"sense": "with",
"norm": "issi",
"pos": "PRP",
"epos": "PRP"}
}
,
{
"node": "l",
"frag": "{1}pu-ta]-a.a",
"id": "P335956.l08237",
"ref": "P335956.28.3",
"inst": "Putaya[1]PN$",
"sig": "@saao/saa14%akk-x-neoass:{1}pu-ta-a.a=Putaya[1//1]PN'PN$Putaya",
"f": {"lang": "akk-x-neoass",
"form": "{1}pu-ta-a.a",
"cf": "Putaya",
"gw": "1",
"sense": "1",
"norm": "Putaya",
"pos": "PN",
"epos": "PN"}
}
,
{
"node": "l",
"frag": "<lu>-u₂",
"id": "P335956.l08238",
"ref": "P335956.28.4",
"inst": "lū[may]MOD",
"sig": "@saao/saa14%akk-x-neoass:lu-u₂=lū[may//may]MOD'MOD$lū",
"f": {"lang": "akk-x-neoass",
"form": "lu-u₂",
"cf": "lū",
"gw": "may",
"sense": "may",
"norm": "lū",
"pos": "MOD",
"epos": "MOD"}
}
,
{
"node": "l",
"frag": "GIR₃.2-MEŠ-šu₂",
"id": "P335956.l08239",
"ref": "P335956.28.5",
"inst": "u",
"f": {"lang": "akk-x-neoass",
"form": "GIR₃.2-MEŠ-šu₂",
"pos": "u"}
}
,
{
"node": "d",
"type": "line-start",
"ref": "P335956.29",
"n": "5",
"label": "r 5"}
,
{
"node": "l",
"frag": "[x",
"id": "P335956.l0823a",
"ref": "P335956.29.1",
"inst": "u",
"f": {"lang": "akk-x-neoass",
"form": "x",
"pos": "u"}
}
,
{
"node": "l",
"frag": "x",
"id": "P335956.l0823b",
"ref": "P335956.29.2",
"inst": "u",
"f": {"lang": "akk-x-neoass",
"form": "x",
"pos": "u"}
}
,
{
"node": "l",
"frag": "x",
"id": "P335956.l0823c",
"ref": "P335956.29.3",
"inst": "u",
"f": {"lang": "akk-x-neoass",
"form": "x",
"pos": "u"}
}
,
{
"node": "l",
"frag": "x",
"id": "P335956.l0823d",
"ref": "P335956.29.4",
"inst": "u",
"f": {"lang": "akk-x-neoass",
"form": "x",
"pos": "u"}
}
,
{
"node": "l",
"frag": "x]+⸢x⸣-MEŠ-šu₂",
"id": "P335956.l0823e",
"ref": "P335956.29.5",
"inst": "u",
"f": {"lang": "akk-x-neoass",
"form": "x+x-MEŠ-šu₂",
"pos": "u"}
}
,
{
"node": "d",
"type": "line-start",
"ref": "P335956.30",
"n": "6",
"label": "r 6"}
,
{
"node": "l",
"frag": "[de-e-nu",
"id": "P335956.l0823f",
"ref": "P335956.30.1",
"inst": "dēnu[lawsuit]N",
"sig": "@saao/saa14%akk-x-neoass:de-e-nu=dīnu[legal decision//lawsuit]N'N$dēnu",
"f": {"lang": "akk-x-neoass",
"form": "de-e-nu",
"cf": "dīnu",
"gw": "legal decision",
"sense": "lawsuit",
"norm": "dēnu",
"pos": "N",
"epos": "N"}
}
,
{
"node": "l",
"frag": "DUG₄].DUG₄",
"id": "P335956.l08240",
"ref": "P335956.30.2",
"inst": "dabābu[litigation]'N",
"sig": "@saao/saa14%akk-x-neoass:DUG₄.DUG₄=dabābu[speak//litigation]V'N$dabābu",
"f": {"lang": "akk-x-neoass",
"form": "DUG₄.DUG₄",
"cf": "dabābu",
"gw": "speak",
"sense": "litigation",
"norm": "dabābu",
"pos": "V",
"epos": "N"}
}
,
{
"node": "l",
"frag": "ub-ta-u-[ni]",
"id": "P335956.l08241",
"ref": "P335956.30.3",
"inst": "ubtaʾʾūni[seek]V",
"sig": "@saao/saa14%akk-x-neoass:ub-ta-u-ni=buʾʾû[look for//seek]V'V$ubtaʾʾūni",
"f": {"lang": "akk-x-neoass",
"form": "ub-ta-u-ni",
"cf": "buʾʾû",
"gw": "look for",
"sense": "seek",
"norm": "ubtaʾʾūni",
"pos": "V",
"epos": "V"}
}
,
{
"node": "d",
"type": "line-start",
"ref": "P335956.31",
"n": "7",
"label": "r 7"}
,
{
"node": "l",
"frag": "01",
"id": "P335956.l08242",
"ref": "P335956.31.1",
"inst": "n",
"f": {"lang": "akk-x-neoass",
"form": "01",
"pos": "n"}
}
,
{
"node": "l",
"frag": "MA.NA",
"id": "P335956.l08243",
"ref": "P335956.31.2",
"inst": "manû[a unit of weight]N",
"sig": "@saao/saa14%akk-x-neoass:MA.NA=manû[unit//a unit of weight]N'N$manû",
"f": {"lang": "akk-x-neoass",
"form": "MA.NA",
"cf": "manû",
"gw": "unit",
"sense": "a unit of weight",
"norm": "manû",
"pos": "N",
"epos": "N"}
}
,
{
"node": "l",
"frag": "KUG.UD",
"id": "P335956.l08244",
"ref": "P335956.31.3",
"inst": "ṣarpu[silver]N",
"sig": "@saao/saa14%akk-x-neoass:KUG.UD=ṣarpu[silver//silver]N'N$ṣarpi",
"f": {"lang": "akk-x-neoass",
"form": "KUG.UD",
"cf": "ṣarpu",
"gw": "silver",
"sense": "silver",
"norm": "ṣarpi",
"pos": "N",
"epos": "N"}
}
,
{
"node": "l",
"frag": "LUH]-u",
"id": "P335956.l08245",
"ref": "P335956.31.4",
"inst": "masû[washed]AJ",
"sig": "@saao/saa14%akk-x-neoass:LUH-u=mesû[washed//washed]AJ'AJ$masû",
"f": {"lang": "akk-x-neoass",
"form": "LUH-u",
"cf": "mesû",
"gw": "washed",
"sense": "washed",
"norm": "masû",
"pos": "AJ",
"epos": "AJ"}
}
,
{
"node": "l",
"frag": "01",
"id": "P335956.l08246",
"ref": "P335956.31.5",
"inst": "n",
"f": {"lang": "akk-x-neoass",
"form": "01",
"pos": "n"}
}
,
{
"node": "l",
"frag": "MA.NA",
"id": "P335956.l08247",
"ref": "P335956.31.6",
"inst": "manû[a unit of weight]N",
"sig": "@saao/saa14%akk-x-neoass:MA.NA=manû[unit//a unit of weight]N'N$manû",
"f": {"lang": "akk-x-neoass",
"form": "MA.NA",
"cf": "manû",
"gw": "unit",
"sense": "a unit of weight",
"norm": "manû",
"pos": "N",
"epos": "N"}
}
,
{
"node": "l",
"frag": "KUG.GI",
"id": "P335956.l08248",
"ref": "P335956.31.7",
"inst": "hurāṣu[gold]N",
"sig": "@saao/saa14%akk-x-neoass:KUG.GI=hurāṣu[gold//gold]N'N$hurāṣi",
"f": {"lang": "akk-x-neoass",
"form": "KUG.GI",
"cf": "hurāṣu",
"gw": "gold",
"sense": "gold",
"norm": "hurāṣi",
"pos": "N",
"epos": "N"}
}
,
{
"node": "l",
"frag": "sak-ru",
"id": "P335956.l08249",
"ref": "P335956.31.8",
"inst": "sakru[refined]AJ",
"sig": "@saao/saa14%akk-x-neoass:sak-ru=sakru[refined//refined]AJ'AJ$sakru",
"f": {"lang": "akk-x-neoass",
"form": "sak-ru",
"cf": "sakru",
"gw": "refined",
"sense": "refined",
"norm": "sakru",
"pos": "AJ",
"epos": "AJ"}
}
,
{
"node": "d",
"type": "line-start",
"ref": "P335956.32",
"n": "8",
"label": "r 8"}
,
{
"node": "l",
"frag": "[ina",
"id": "P335956.l0824a",
"ref": "P335956.32.1",
"inst": "ina[in]PRP",
"sig": "@saao/saa14%akk-x-neoass:ina=ina[in//in]PRP'PRP$ina",
"f": {"lang": "akk-x-neoass",
"form": "ina",
"cf": "ina",
"gw": "in",
"sense": "in",
"norm": "ina",
"pos": "PRP",
"epos": "PRP"}
}
,
{
"node": "l",
"frag": "bur-ki]",
"id": "P335956.l0824b",
"ref": "P335956.32.2",
"inst": "burki[lap]N",
"sig": "@saao/saa14%akk-x-neoass:bur-ki=burku[knee//lap]N'N$burki",
"f": {"lang": "akk-x-neoass",
"form": "bur-ki",
"cf": "burku",
"gw": "knee",
"sense": "lap",
"norm": "burki",
"pos": "N",
"epos": "N"}
}
,
{
"node": "l",
"frag": "{d}IŠ.TAR",
"id": "P335956.l0824c",
"ref": "P335956.32.3",
"inst": "Ištar[1]DN",
"sig": "@saao/saa14%akk-x-neoass:{d}IŠ.TAR=Ištar[1//1]DN'DN$Issar",
"f": {"lang": "akk-x-neoass",
"form": "{d}IŠ.TAR",
"cf": "Ištar",
"gw": "1",
"sense": "1",
"norm": "Issar",
"pos": "DN",
"epos": "DN"}
}
,
{
"node": "l",
"frag": "⸢ša₂⸣",
"id": "P335956.l0824d",
"ref": "P335956.32.4",
"inst": "ša[of]DET",
"sig": "@saao/saa14%akk-x-neoass:ša₂=ša[of//of]DET'DET$ša",
"f": {"lang": "akk-x-neoass",
"form": "ša₂",
"cf": "ša",
"gw": "of",
"sense": "of",
"norm": "ša",
"pos": "DET",
"epos": "DET"}
}
,
{
"node": "l",
"frag": "{uru}ni-[nu]-a",
"id": "P335956.l0824e",
"ref": "P335956.32.5",
"inst": "Ninua[Nineveh]GN",
"sig": "@saao/saa14%akk-x-neoass:{URU}ni-nu-a=Ninua[Nineveh//Nineveh]GN'GN$Ninua",
"f": {"lang": "akk-x-neoass",
"form": "{URU}ni-nu-a",
"cf": "Ninua",
"gw": "Nineveh",
"sense": "Nineveh",
"norm": "Ninua",
"pos": "GN",
"epos": "GN"}
}
,
{
"node": "d",
"type": "line-start",
"ref": "P335956.33",
"n": "9",
"label": "r 9"}
,
{
"node": "l",
"frag": "[GAR-an",
"id": "P335956.l0824f",
"ref": "P335956.33.1",
"inst": "išakkan[place]V",
"sig": "@saao/saa14%akk-x-neoass:GAR-an=šakānu[put//place]V'V$išakkan",
"f": {"lang": "akk-x-neoass",
"form": "GAR-an",
"cf": "šakānu",
"gw": "put",
"sense": "place",
"norm": "išakkan",
"pos": "V",
"epos": "V"}
}
,
{
"node": "l",
"frag": "ina",
"id": "P335956.l08250",
"ref": "P335956.33.2",
"inst": "ina[in]PRP",
"sig": "@saao/saa14%akk-x-neoass:ina=ina[in//in]PRP'PRP$ina",
"f": {"lang": "akk-x-neoass",
"form": "ina",
"cf": "ina",
"gw": "in",
"sense": "in",
"norm": "ina",
"pos": "PRP",
"epos": "PRP"}
}
,
{
"node": "l",
"frag": "de]-ni-šu₂",
"id": "P335956.l08251",
"ref": "P335956.33.3",
"inst": "dēnīšu[lawsuit]N",
"sig": "@saao/saa14%akk-x-neoass:de-ni-šu₂=dīnu[legal decision//lawsuit]N'N$dēnīšu",
"f": {"lang": "akk-x-neoass",
"form": "de-ni-šu₂",
"cf": "dīnu",
"gw": "legal decision",
"sense": "lawsuit",
"norm": "dēnīšu",
"pos": "N",
"epos": "N"}
}
,
{
"node": "l",
"frag": "DUG₄.DUG₄",
"id": "P335956.l08252",
"ref": "P335956.33.4",
"inst": "idabbub[contest]V",
"sig": "@saao/saa14%akk-x-neoass:DUG₄.DUG₄=dabābu[speak//contest]V'V$idabbub",
"f": {"lang": "akk-x-neoass",
"form": "DUG₄.DUG₄",
"cf": "dabābu",
"gw": "speak",
"sense": "contest",
"norm": "idabbub",
"pos": "V",
"epos": "V"}
}
,
{
"node": "d",
"type": "line-start",
"ref": "P335956.34",
"n": "10",
"label": "r 10"}
,
{
"node": "l",
"frag": "[la",
"id": "P335956.l08253",
"ref": "P335956.34.1",
"inst": "lā[not]MOD",
"sig": "@saao/saa14%akk-x-neoass:la=lā[not//not]MOD'MOD$lā",
"f": {"lang": "akk-x-neoass",
"form": "la",
"cf": "lā",
"gw": "not",
"sense": "not",
"norm": "lā",
"pos": "MOD",
"epos": "MOD"}
}
,
{
"node": "l",
"frag": "i]-laq-qi",
"id": "P335956.l08254",
"ref": "P335956.34.2",
"inst": "ilaqqi[succeed]V",
"sig": "@saao/saa14%akk-x-neoass:i-laq-qi=leqû[take//succeed]V'V$ilaqqi",
"f": {"lang": "akk-x-neoass",
"form": "i-laq-qi",
"cf": "leqû",
"gw": "take",
"sense": "succeed",
"norm": "ilaqqi",
"pos": "V",
"epos": "V"}
}
,
{
"node": "l",
"frag": "kas-pu",
"id": "P335956.l08255",
"ref": "P335956.34.3",
"inst": "kaspu[money]N",
"sig": "@saao/saa14%akk-x-neoass:kas-pu=kaspu[silver//money]N'N$kaspu",
"f": {"lang": "akk-x-neoass",
"form": "kas-pu",
"cf": "kaspu",
"gw": "silver",
"sense": "money",
"norm": "kaspu",
"pos": "N",
"epos": "N"}
}
,
{
"node": "d",
"type": "line-start",
"ref": "P335956.35",
"n": "11",
"label": "r 11"}
,
{
"node": "l",
"frag": "[ana",
"id": "P335956.l08256",
"ref": "P335956.35.1",
"inst": "ana[to+=tenfold]PRP",
"sig": "@saao/saa14%akk-x-neoass:ana=ana[to//to]PRP'PRP$ana",
"f": {"lang": "akk-x-neoass",
"form": "ana",
"cf": "ana",
"gw": "to",
"sense": "to",
"norm": "ana",
"pos": "PRP",
"epos": "PRP"}
}
,
{
"node": "l",
"frag": "10-MEŠ-te",
"id": "P335956.l08257",
"ref": "P335956.35.2",
"inst": "ešrāte[tenfold]AV",
"sig": "@saao/saa14%akk-x-neoass:10-MEŠ-te=ešriātu[tenfold//tenfold]AV'AV$ešrāte",
"f": {"lang": "akk-x-neoass",
"form": "10-MEŠ-te",
"cf": "ešriātu",
"gw": "tenfold",
"sense": "tenfold",
"norm": "ešrāte",
"pos": "AV",
"epos": "AV"}
}
,
{
"node": "l",
"frag": "ana]",
"id": "P335956.l08258",
"ref": "P335956.35.3",
"inst": "ana[to]PRP",
"sig": "@saao/saa14%akk-x-neoass:ana=ana[to//to]PRP'PRP$ana",
"f": {"lang": "akk-x-neoass",
"form": "ana",
"cf": "ana",
"gw": "to",
"sense": "to",
"norm": "ana",
"pos": "PRP",
"epos": "PRP"}
}
,
{
"node": "l",
"frag": "EN-MEŠ-<šu₂>",
"id": "P335956.l08259",
"ref": "P335956.35.4",
"inst": "bēlēšu[owner]N",
"sig": "@saao/saa14%akk-x-neoass:EN-MEŠ-šu₂=bēlu[lord//owner]N'N$bēlēšu",
"f": {"lang": "akk-x-neoass",
"form": "EN-MEŠ-šu₂",
"cf": "bēlu",
"gw": "lord",
"sense": "owner",
"norm": "bēlēšu",
"pos": "N",
"epos": "N"}
}
,
{
"node": "l",
"frag": "u₂-ta-ra",
"id": "P335956.l0825a",
"ref": "P335956.35.5",
"inst": "utâra[return]V",
"sig": "@saao/saa14%akk-x-neoass:u₂-ta-ra=târu[turn//return]V'V$utâra",
"f": {"lang": "akk-x-neoass",
"form": "u₂-ta-ra",
"cf": "târu",
"gw": "turn",
"sense": "return",
"norm": "utâra",
"pos": "V",
"epos": "V"}
}
,
{
"node": "d",
"type": "nonx",
"ref": "P335956.36",
"strict": "1",
"extent": "n",
"scope": "line",
"state": "ruling",
"flags": "!"}
,
{
"node": "d",
"type": "line-start",
"ref": "P335956.37",
"n": "12",
"label": "r 12"}
,
{
"node": "l",
"frag": "[IGI",
"id": "P335956.l0825b",
"ref": "P335956.37.1",
"inst": "šību[witness]N",
"sig": "@saao/saa14%akk-x-neoass:IGI=šību[witness//witness]N'N$šību",
"f": {"lang": "akk-x-neoass",
"form": "IGI",
"cf": "šību",
"gw": "witness",
"sense": "witness",
"norm": "šību",
"pos": "N",
"epos": "N"}
}
,
{
"node": "l",
"frag": "{1}⸢ARAD⸣-{d}15",
"id": "P335956.l0825c",
"ref": "P335956.37.2",
"inst": "Urdu-Issar[1]PN",
"sig": "@saao/saa14%akk-x-neoass:{1}ARAD-{d}15=Urdu-Issar[1//1]PN'PN$Urdu-Issar",
"f": {"lang": "akk-x-neoass",
"form": "{1}ARAD-{d}15",
"cf": "Urdu-Issar",
"gw": "1",
"sense": "1",
"norm": "Urdu-Issar",
"pos": "PN",
"epos": "PN"}
}
,
{
"node": "l",
"frag": "IGI",
"id": "P335956.l0825d",
"ref": "P335956.37.3",
"inst": "šību[witness]N",
"sig": "@saao/saa14%akk-x-neoass:IGI=šību[witness//witness]N'N$šību",
"f": {"lang": "akk-x-neoass",
"form": "IGI",
"cf": "šību",
"gw": "witness",
"sense": "witness",
"norm": "šību",
"pos": "N",
"epos": "N"}
}
,
{
"node": "l",
"frag": "{1}⸢x",
"id": "P335956.l0825e",
"ref": "P335956.37.4",
"inst": "u",
"f": {"lang": "akk-x-neoass",
"form": "{1}x",
"pos": "u"}
}
,
{
"node": "l",
"frag": "x⸣-{d}15",
"id": "P335956.l0825f",
"ref": "P335956.37.5",
"inst": "u",
"f": {"lang": "akk-x-neoass",
"form": "x-{d}15",
"pos": "u"}
}
,
{
"node": "d",
"type": "line-start",
"ref": "P335956.38",
"n": "13",
"label": "r 13"}
,
{
"node": "l",
"frag": "[IGI",
"id": "P335956.l08260",
"ref": "P335956.38.1",
"inst": "šību[witness]N",
"sig": "@saao/saa14%akk-x-neoass:IGI=šību[witness//witness]N'N$šību",
"f": {"lang": "akk-x-neoass",
"form": "IGI",
"cf": "šību",
"gw": "witness",
"sense": "witness",
"norm": "šību",
"pos": "N",
"epos": "N"}
}
,
{
"node": "l",
"frag": "{1}x",
"id": "P335956.l08261",
"ref": "P335956.38.2",
"inst": "u",
"f": {"lang": "akk-x-neoass",
"form": "{1}x",
"pos": "u"}
}
,
{
"node": "l",
"frag": "x",
"id": "P335956.l08262",
"ref": "P335956.38.3",
"inst": "u",
"f": {"lang": "akk-x-neoass",
"form": "x",
"pos": "u"}
}
,
{
"node": "l",
"frag": "x",
"id": "P335956.l08263",
"ref": "P335956.38.4",
"inst": "u",
"f": {"lang": "akk-x-neoass",
"form": "x",
"pos": "u"}
}
,
{
"node": "l",
"frag": "x]-a.a",
"id": "P335956.l08264",
"ref": "P335956.38.5",
"inst": "u",
"f": {"lang": "akk-x-neoass",
"form": "x-a.a",
"pos": "u"}
}
,
{
"node": "l",
"frag": "[x",
"id": "P335956.l08265",
"ref": "P335956.38.6",
"inst": "u",
"f": {"lang": "akk-x-neoass",
"form": "x",
"pos": "u"}
}
,
{
"node": "l",
"frag": "x",
"id": "P335956.l08266",
"ref": "P335956.38.7",
"inst": "u",
"f": {"lang": "akk-x-neoass",
"form": "x",
"pos": "u"}
}
,
{
"node": "l",
"frag": "x",
"id": "P335956.l08267",
"ref": "P335956.38.8",
"inst": "u",
"f": {"lang": "akk-x-neoass",
"form": "x",
"pos": "u"}
}
,
{
"node": "l",
"frag": "x",
"id": "P335956.l08268",
"ref": "P335956.38.9",
"inst": "u",
"f": {"lang": "akk-x-neoass",
"form": "x",
"pos": "u"}
}
,
{
"node": "l",
"frag": "x]",
"id": "P335956.l08269",
"ref": "P335956.38.10",
"inst": "u",
"f": {"lang": "akk-x-neoass",
"form": "x",
"pos": "u"}
}
,
{
"node": "d",
"type": "line-start",
"ref": "P335956.39",
"n": "14",
"label": "r 14"}
,
{
"node": "l",
"frag": "[IGI",
"id": "P335956.l0826a",
"ref": "P335956.39.1",
"inst": "šību[witness]N",
"sig": "@saao/saa14%akk-x-neoass:IGI=šību[witness//witness]N'N$šību",
"f": {"lang": "akk-x-neoass",
"form": "IGI",
"cf": "šību",
"gw": "witness",
"sense": "witness",
"norm": "šību",
"pos": "N",
"epos": "N"}
}
,
{
"node": "l",
"frag": "{1}x",
"id": "P335956.l0826b",
"ref": "P335956.39.2",
"inst": "u",
"f": {"lang": "akk-x-neoass",
"form": "{1}x",
"pos": "u"}
}
,
{
"node": "l",
"frag": "x",
"id": "P335956.l0826c",
"ref": "P335956.39.3",
"inst": "u",
"f": {"lang": "akk-x-neoass",
"form": "x",
"pos": "u"}
}
,
{
"node": "l",
"frag": "x",
"id": "P335956.l0826d",
"ref": "P335956.39.4",
"inst": "u",
"f": {"lang": "akk-x-neoass",
"form": "x",
"pos": "u"}
}
,
{
"node": "l",
"frag": "x]+⸢x⸣",
"id": "P335956.l0826e",
"ref": "P335956.39.5",
"inst": "u",
"f": {"lang": "akk-x-neoass",
"form": "x+x",
"pos": "u"}
}
,
{
"node": "l",
"frag": "[x",
"id": "P335956.l0826f",
"ref": "P335956.39.6",
"inst": "u",
"f": {"lang": "akk-x-neoass",
"form": "x",
"pos": "u"}
}
,
{
"node": "l",
"frag": "x",
"id": "P335956.l08270",
"ref": "P335956.39.7",
"inst": "u",
"f": {"lang": "akk-x-neoass",
"form": "x",
"pos": "u"}
}
,
{
"node": "l",
"frag": "x",
"id": "P335956.l08271",
"ref": "P335956.39.8",
"inst": "u",
"f": {"lang": "akk-x-neoass",
"form": "x",
"pos": "u"}
}
,
{
"node": "l",
"frag": "x",
"id": "P335956.l08272",
"ref": "P335956.39.9",
"inst": "u",
"f": {"lang": "akk-x-neoass",
"form": "x",
"pos": "u"}
}
,
{
"node": "l",
"frag": "x]",
"id": "P335956.l08273",
"ref": "P335956.39.10",
"inst": "u",
"f": {"lang": "akk-x-neoass",
"form": "x",
"pos": "u"}
}
,
{
"node": "d",
"type": "nonx",
"ref": "P335956.40",
"strict": "0",
"extent": "rest",
"state": "missing"}
]}
]}
]}
,
{
"linkbase": [{
"type": "linkset",
"xlink_title": "ištu pān[from//because of]PRP'PRP",
"id": "P335956.ls00000",
"xlink_type": "extended",
"xlink_role": "psu",
"sig": "{ištu[from]PRP pānu[front]N += ištu pān[from//because of]PRP'PRP}::@saao%akk-x-neoass:TA@v=ištu[from//from]PRP'PRP$issu++@saao%akk-x-neoass:IGI=pānu[front//front]N'N$pān",
"links": [
{
"type": "link",
"xlink_title": "issu",
"xlink_type": "locator",
"xlink_href": "#P335956.l08203",
"xlink_role": "elt"}
,
{
"type": "link",
"xlink_title": "pān",
"xlink_type": "locator",
"xlink_href": "#P335956.l08204",
"xlink_role": "elt"}
]}
,
{
"type": "linkset",
"xlink_title": "ina libbi[in//(in exchange) for]PRP'PRP",
"id": "P335956.ls00001",
"xlink_type": "extended",
"xlink_role": "psu",
"sig": "{ina[in]PRP libbu[interior]N += ina libbi[in//(in exchange) for]PRP'PRP}::@saao%akk-x-neoass:ina=ina[in//into]PRP'PRP$ina++@saao%akk-x-neoass:ŠA₃=libbu[interior//interior]N'N$libbi",
"links": [
{
"type": "link",
"xlink_title": "ina",
"xlink_type": "locator",
"xlink_href": "#P335956.l08208",
"xlink_role": "elt"}
,
{
"type": "link",
"xlink_title": "libbi",
"xlink_type": "locator",
"xlink_href": "#P335956.l08209",
"xlink_role": "elt"}
]}
,
{
"type": "linkset",
"xlink_title": "ina urkiš[in the future//in the future]AV'AV",
"id": "P335956.ls00002",
"xlink_type": "extended",
"xlink_role": "psu",
"sig": "{ina[in]PRP urkiš[later]AV += ina urkiš[in the future//in the future]AV'AV}::@saao%akk-x-neoass:ina=ina[in//into]PRP'PRP$ina++@saao%akk-x-neoass:ur-kiš=urkiš[later//later]AV'AV$urkiš",
"links": [
{
"type": "link",
"xlink_title": "ina",
"xlink_type": "locator",
"xlink_href": "#P335956.l0821b",
"xlink_role": "elt"}
,
{
"type": "link",
"xlink_title": "urkiš",
"xlink_type": "locator",
"xlink_href": "#P335956.l0821c",
"xlink_role": "elt"}
]}
,
{
"type": "linkset",
"xlink_title": "ina matīma[whenever//whenever]XP'XP",
"id": "P335956.ls00003",
"xlink_type": "extended",
"xlink_role": "psu",
"sig": "{ina[in]PRP matīma[ever]AV += ina matīma[whenever//whenever]XP'XP}::@saao%akk-x-neoass:ina=ina[in//into]PRP'PRP$ina++@saao%akk-x-neoass:ma-te-ma=matīma[ever//ever]AV'AV$matēma",
"links": [
{
"type": "link",
"xlink_title": "ina",
"xlink_type": "locator",
"xlink_href": "#P335956.l0821d",
"xlink_role": "elt"}
,
{
"type": "link",
"xlink_title": "matēma",
"xlink_type": "locator",
"xlink_href": "#P335956.l0821e",
"xlink_role": "elt"}
]}
]}
]}
