{
"type": "cdl",
  "source": "http://oracc.org/saao/saa14",
  "license": "This data is released under the CC0 license",
  "license-url": "https://creativecommons.org/publicdomain/zero/1.0/",
  "more-info": "http://oracc.org/doc/opendata/",
  "UTC-timestamp": "2017-05-19T11:49:44",
"project": "saao/saa14",
"textid": "P335237",
"cdl": [
{
"node": "c",
"type": "text",
"id": "P335237.U0",
"cdl": [
{
"node": "d",
"type": "object",
"ref": ""}
,
{
"node": "d",
"subtype": "obverse",
"type": "surface",
"ref": "P335237.o.1",
"type": "obverse",
"label": "o"}
,
{
"node": "d",
"type": "nonx",
"ref": "P335237.2",
"strict": "0",
"extent": "beginning",
"state": "missing"}
,
{
"node": "d",
"type": "nonx",
"ref": "P335237.3",
"strict": "1",
"extent": "1",
"scope": "space",
"state": "blank"}
,
{
"node": "d",
"type": "nonx",
"ref": "P335237.4",
"strict": "1",
"extent": "n",
"scope": "line",
"state": "ruling"}
,
{
"node": "c",
"type": "discourse",
"subtype": "body",
"id": "P335237.U1",
"cdl": [
{
"node": "c",
"type": "sentence",
"id": "P335237.U2",
"label": "o 1' - r 9'",
"cdl": [
{
"node": "d",
"type": "line-start",
"ref": "P335237.5",
"n": "1'",
"label": "o 1'"}
,
{
"node": "l",
"frag": "{1}⸢man⸣-nu-ki-i-[x",
"id": "P335237.l02c1b",
"ref": "P335237.5.1",
"inst": "u",
"f": {"lang": "akk-x-neoass",
"form": "{1}man-nu-ki-i-x",
"pos": "u"}
}
,
{
"node": "l",
"frag": "x",
"id": "P335237.l02c1c",
"ref": "P335237.5.2",
"inst": "u",
"f": {"lang": "akk-x-neoass",
"form": "x",
"pos": "u"}
}
,
{
"node": "l",
"frag": "x]",
"id": "P335237.l02c1d",
"ref": "P335237.5.3",
"inst": "u",
"f": {"lang": "akk-x-neoass",
"form": "x",
"pos": "u"}
}
,
{
"node": "d",
"type": "line-start",
"ref": "P335237.6",
"n": "2'",
"label": "o 2'"}
,
{
"node": "l",
"frag": "{⸢mi₂⸣}ha-an-di-[x",
"id": "P335237.l02c1e",
"ref": "P335237.6.1",
"inst": "u",
"f": {"lang": "akk-x-neoass",
"form": "{MI₂}ha-an-di-x",
"pos": "u"}
}
,
{
"node": "l",
"frag": "x",
"id": "P335237.l02c1f",
"ref": "P335237.6.2",
"inst": "u",
"f": {"lang": "akk-x-neoass",
"form": "x",
"pos": "u"}
}
,
{
"node": "l",
"frag": "x]",
"id": "P335237.l02c20",
"ref": "P335237.6.3",
"inst": "u",
"f": {"lang": "akk-x-neoass",
"form": "x",
"pos": "u"}
}
,
{
"node": "d",
"type": "line-start",
"ref": "P335237.7",
"n": "3'",
"label": "o 3'"}
,
{
"node": "l",
"frag": "{mi₂}{d}15--HAL-[an-ni]",
"id": "P335237.l02c21",
"ref": "P335237.7.1",
"inst": "Issar-šimanni[1]PN$",
"sig": "@saao/saa14%akk-x-neoass:{MI₂}{d}15-HAL-an-ni=Issar-šimanni[1//1]PN'PN$Issar-šimanni",
"f": {"lang": "akk-x-neoass",
"form": "{MI₂}{d}15-HAL-an-ni",
"cf": "Issar-šimanni",
"gw": "1",
"sense": "1",
"norm": "Issar-šimanni",
"pos": "PN",
"epos": "PN"}
}
,
{
"node": "d",
"type": "line-start",
"ref": "P335237.8",
"n": "4'",
"label": "o 4'"}
,
{
"node": "l",
"frag": "{⸢mi₂}x",
"id": "P335237.l02c22",
"ref": "P335237.8.1",
"inst": "u",
"f": {"lang": "akk-x-neoass",
"form": "{MI₂}x",
"pos": "u"}
}
,
{
"node": "l",
"frag": "x⸣+[x",
"id": "P335237.l02c23",
"ref": "P335237.8.2",
"inst": "u",
"f": {"lang": "akk-x-neoass",
"form": "x+x",
"pos": "u"}
}
,
{
"node": "l",
"frag": "x",
"id": "P335237.l02c24",
"ref": "P335237.8.3",
"inst": "u",
"f": {"lang": "akk-x-neoass",
"form": "x",
"pos": "u"}
}
,
{
"node": "l",
"frag": "x",
"id": "P335237.l02c25",
"ref": "P335237.8.4",
"inst": "u",
"f": {"lang": "akk-x-neoass",
"form": "x",
"pos": "u"}
}
,
{
"node": "l",
"frag": "x",
"id": "P335237.l02c26",
"ref": "P335237.8.5",
"inst": "u",
"f": {"lang": "akk-x-neoass",
"form": "x",
"pos": "u"}
}
,
{
"node": "l",
"frag": "x]",
"id": "P335237.l02c27",
"ref": "P335237.8.6",
"inst": "u",
"f": {"lang": "akk-x-neoass",
"form": "x",
"pos": "u"}
}
,
{
"node": "d",
"type": "nonx",
"ref": "P335237.9",
"strict": "0",
"extent": "rest",
"state": "missing"}
,
{
"node": "d",
"subtype": "reverse",
"type": "surface",
"ref": "P335237.r.10",
"type": "reverse",
"label": "r"}
,
{
"node": "d",
"type": "nonx",
"ref": "P335237.11",
"strict": "0",
"extent": "beginning",
"state": "missing"}
,
{
"node": "d",
"type": "line-start",
"ref": "P335237.12",
"n": "1'",
"label": "r 1'"}
,
{
"node": "l",
"frag": "[IGI",
"id": "P335237.l02c28",
"ref": "P335237.12.1",
"inst": "šību[witness]N",
"sig": "@saao/saa14%akk-x-neoass:IGI=šību[witness//witness]N'N$šību",
"f": {"lang": "akk-x-neoass",
"form": "IGI",
"cf": "šību",
"gw": "witness",
"sense": "witness",
"norm": "šību",
"pos": "N",
"epos": "N"}
}
,
{
"node": "l",
"frag": "{1}⸢EN⸣-[x",
"id": "P335237.l02c29",
"ref": "P335237.12.2",
"inst": "u",
"f": {"lang": "akk-x-neoass",
"form": "{1}EN-x",
"pos": "u"}
}
,
{
"node": "l",
"frag": "x",
"id": "P335237.l02c2a",
"ref": "P335237.12.3",
"inst": "u",
"f": {"lang": "akk-x-neoass",
"form": "x",
"pos": "u"}
}
,
{
"node": "l",
"frag": "x",
"id": "P335237.l02c2b",
"ref": "P335237.12.4",
"inst": "u",
"f": {"lang": "akk-x-neoass",
"form": "x",
"pos": "u"}
}
,
{
"node": "l",
"frag": "x",
"id": "P335237.l02c2c",
"ref": "P335237.12.5",
"inst": "u",
"f": {"lang": "akk-x-neoass",
"form": "x",
"pos": "u"}
}
,
{
"node": "l",
"frag": "x]",
"id": "P335237.l02c2d",
"ref": "P335237.12.6",
"inst": "u",
"f": {"lang": "akk-x-neoass",
"form": "x",
"pos": "u"}
}
,
{
"node": "d",
"type": "line-start",
"ref": "P335237.13",
"n": "2'",
"label": "r 2'"}
,
{
"node": "l",
"frag": "⸢IGI⸣",
"id": "P335237.l02c2e",
"ref": "P335237.13.1",
"inst": "šību[witness]N",
"sig": "@saao/saa14%akk-x-neoass:IGI=šību[witness//witness]N'N$šību",
"f": {"lang": "akk-x-neoass",
"form": "IGI",
"cf": "šību",
"gw": "witness",
"sense": "witness",
"norm": "šību",
"pos": "N",
"epos": "N"}
}
,
{
"node": "l",
"frag": "{1}{d}⸢UTU-tu-x⸣+[x",
"id": "P335237.l02c2f",
"ref": "P335237.13.2",
"inst": "u",
"f": {"lang": "akk-x-neoass",
"form": "{1}{d}UTU-tu-x+x",
"pos": "u"}
}
,
{
"node": "l",
"frag": "x",
"id": "P335237.l02c30",
"ref": "P335237.13.3",
"inst": "u",
"f": {"lang": "akk-x-neoass",
"form": "x",
"pos": "u"}
}
,
{
"node": "l",
"frag": "x]",
"id": "P335237.l02c31",
"ref": "P335237.13.4",
"inst": "u",
"f": {"lang": "akk-x-neoass",
"form": "x",
"pos": "u"}
}
,
{
"node": "d",
"type": "line-start",
"ref": "P335237.14",
"n": "3'",
"label": "r 3'"}
,
{
"node": "l",
"frag": "⸢IGI⸣",
"id": "P335237.l02c32",
"ref": "P335237.14.1",
"inst": "šību[witness]N",
"sig": "@saao/saa14%akk-x-neoass:IGI=šību[witness//witness]N'N$šību",
"f": {"lang": "akk-x-neoass",
"form": "IGI",
"cf": "šību",
"gw": "witness",
"sense": "witness",
"norm": "šību",
"pos": "N",
"epos": "N"}
}
,
{
"node": "l",
"frag": "{1}EN-DU₃",
"id": "P335237.l02c33",
"ref": "P335237.14.2",
"inst": "Bel-ibni[1]PN",
"sig": "@saao/saa14%akk-x-neoass:{1}EN-DU₃=Bel-ibni[1//1]PN'PN$Bel-ibni",
"f": {"lang": "akk-x-neoass",
"form": "{1}EN-DU₃",
"cf": "Bel-ibni",
"gw": "1",
"sense": "1",
"norm": "Bel-ibni",
"pos": "PN",
"epos": "PN"}
}
,
{
"node": "l",
"frag": "{uru}kal₃-[ha-a.a]",
"id": "P335237.l02c34",
"ref": "P335237.14.3",
"inst": "Kalhaya[1]EN$",
"sig": "@saao/saa14%akk-x-neoass:{URU}kal₃-ha-a.a=Kalhaya[1//1]EN'EN$Kalhaya",
"f": {"lang": "akk-x-neoass",
"form": "{URU}kal₃-ha-a.a",
"cf": "Kalhaya",
"gw": "1",
"sense": "1",
"norm": "Kalhaya",
"pos": "EN",
"epos": "EN"}
}
,
{
"node": "d",
"type": "line-start",
"ref": "P335237.15",
"n": "4'",
"label": "r 4'"}
,
{
"node": "l",
"frag": "IGI",
"id": "P335237.l02c35",
"ref": "P335237.15.1",
"inst": "šību[witness]N",
"sig": "@saao/saa14%akk-x-neoass:IGI=šību[witness//witness]N'N$šību",
"f": {"lang": "akk-x-neoass",
"form": "IGI",
"cf": "šību",
"gw": "witness",
"sense": "witness",
"norm": "šību",
"pos": "N",
"epos": "N"}
}
,
{
"node": "l",
"frag": "{1}na-aʾ-nu",
"id": "P335237.l02c36",
"ref": "P335237.15.2",
"inst": "Naʾnu[1]PN$",
"sig": "@saao/saa14%akk-x-neoass:{1}na-aʾ-nu=Naʾnu[1//1]PN'PN$Naʾnu",
"f": {"lang": "akk-x-neoass",
"form": "{1}na-aʾ-nu",
"cf": "Naʾnu",
"gw": "1",
"sense": "1",
"norm": "Naʾnu",
"pos": "PN",
"epos": "PN"}
}
,
{
"node": "l",
"frag": "⸢x⸣+[x",
"id": "P335237.l02c37",
"ref": "P335237.15.3",
"inst": "u",
"f": {"lang": "akk-x-neoass",
"form": "x+x",
"pos": "u"}
}
,
{
"node": "l",
"frag": "x",
"id": "P335237.l02c38",
"ref": "P335237.15.4",
"inst": "u",
"f": {"lang": "akk-x-neoass",
"form": "x",
"pos": "u"}
}
,
{
"node": "l",
"frag": "x]",
"id": "P335237.l02c39",
"ref": "P335237.15.5",
"inst": "u",
"f": {"lang": "akk-x-neoass",
"form": "x",
"pos": "u"}
}
,
{
"node": "d",
"type": "line-start",
"ref": "P335237.16",
"n": "5'",
"label": "r 5'"}
,
{
"node": "l",
"frag": "IGI",
"id": "P335237.l02c3a",
"ref": "P335237.16.1",
"inst": "šību[witness]N",
"sig": "@saao/saa14%akk-x-neoass:IGI=šību[witness//witness]N'N$šību",
"f": {"lang": "akk-x-neoass",
"form": "IGI",
"cf": "šību",
"gw": "witness",
"sense": "witness",
"norm": "šību",
"pos": "N",
"epos": "N"}
}
,
{
"node": "l",
"frag": "{1}ab-di",
"id": "P335237.l02c3b",
"ref": "P335237.16.2",
"inst": "Abdi[1]PN$",
"sig": "@saao/saa14%akk-x-neoass:{1}ab-di=Abdi[1//1]PN'PN$Abdi",
"f": {"lang": "akk-x-neoass",
"form": "{1}ab-di",
"cf": "Abdi",
"gw": "1",
"sense": "1",
"norm": "Abdi",
"pos": "PN",
"epos": "PN"}
}
,
{
"node": "l",
"frag": "{lu₂}⸢NAGAR⸣",
"id": "P335237.l02c3c",
"ref": "P335237.16.3",
"inst": "naggāru[carpenter]N",
"sig": "@saao/saa14%akk-x-neoass:{LU₂}NAGAR=nagāru[joiner//carpenter]N'N$naggāru",
"f": {"lang": "akk-x-neoass",
"form": "{LU₂}NAGAR",
"cf": "nagāru",
"gw": "joiner",
"sense": "carpenter",
"norm": "naggāru",
"pos": "N",
"epos": "N"}
}
,
{
"node": "d",
"type": "line-start",
"ref": "P335237.17",
"n": "6'",
"label": "r 6'"}
,
{
"node": "l",
"frag": "IGI",
"id": "P335237.l02c3d",
"ref": "P335237.17.1",
"inst": "šību[witness]N",
"sig": "@saao/saa14%akk-x-neoass:IGI=šību[witness//witness]N'N$šību",
"f": {"lang": "akk-x-neoass",
"form": "IGI",
"cf": "šību",
"gw": "witness",
"sense": "witness",
"norm": "šību",
"pos": "N",
"epos": "N"}
}
,
{
"node": "l",
"frag": "{1}{d}PA-⸢BAD₃⸣-SIG",
"id": "P335237.l02c3e",
"ref": "P335237.17.2",
"inst": "Nabu-dur-enši[1]PN$",
"sig": "@saao/saa14%akk-x-neoass:{1}{d}PA-BAD₃-SIG=Nabu-dur-enši[1//1]PN'PN$Nabu-dur-enši",
"f": {"lang": "akk-x-neoass",
"form": "{1}{d}PA-BAD₃-SIG",
"cf": "Nabu-dur-enši",
"gw": "1",
"sense": "1",
"norm": "Nabu-dur-enši",
"pos": "PN",
"epos": "PN"}
}
,
{
"node": "l",
"frag": "⸢x⸣+[x",
"id": "P335237.l02c3f",
"ref": "P335237.17.3",
"inst": "u",
"f": {"lang": "akk-x-neoass",
"form": "x+x",
"pos": "u"}
}
,
{
"node": "l",
"frag": "x",
"id": "P335237.l02c40",
"ref": "P335237.17.4",
"inst": "u",
"f": {"lang": "akk-x-neoass",
"form": "x",
"pos": "u"}
}
,
{
"node": "l",
"frag": "x]",
"id": "P335237.l02c41",
"ref": "P335237.17.5",
"inst": "u",
"f": {"lang": "akk-x-neoass",
"form": "x",
"pos": "u"}
}
,
{
"node": "d",
"type": "line-start",
"ref": "P335237.18",
"n": "7'",
"label": "r 7'"}
,
{
"node": "l",
"frag": "IGI",
"id": "P335237.l02c42",
"ref": "P335237.18.1",
"inst": "šību[witness]N",
"sig": "@saao/saa14%akk-x-neoass:IGI=šību[witness//witness]N'N$šību",
"f": {"lang": "akk-x-neoass",
"form": "IGI",
"cf": "šību",
"gw": "witness",
"sense": "witness",
"norm": "šību",
"pos": "N",
"epos": "N"}
}
,
{
"node": "l",
"frag": "{1}{d}PA-I",
"id": "P335237.l02c43",
"ref": "P335237.18.2",
"inst": "Nabu-naʾid[1]PN",
"sig": "@saao/saa14%akk-x-neoass:{1}{d}PA-I=Nabu-naʾid[1//1]PN'PN$Nabu-naʾid",
"f": {"lang": "akk-x-neoass",
"form": "{1}{d}PA-I",
"cf": "Nabu-naʾid",
"gw": "1",
"sense": "1",
"norm": "Nabu-naʾid",
"pos": "PN",
"epos": "PN"}
}
,
{
"node": "l",
"frag": "{lu₂}A.[BA]",
"id": "P335237.l02c44",
"ref": "P335237.18.3",
"inst": "ṭupšarru[scribe]N",
"sig": "@saao/saa14%akk-x-neoass:{LU₂}A.BA=ṭupšarru[scribe//scribe]N'N$ṭupšarru",
"f": {"lang": "akk-x-neoass",
"form": "{LU₂}A.BA",
"cf": "ṭupšarru",
"gw": "scribe",
"sense": "scribe",
"norm": "ṭupšarru",
"pos": "N",
"epos": "N"}
}
,
{
"node": "d",
"type": "line-start",
"ref": "P335237.19",
"n": "8'",
"label": "r 8'"}
,
{
"node": "l",
"frag": "{iti}BARAG",
"id": "P335237.l02c45",
"ref": "P335237.19.1",
"inst": "Nisanni[Nisan]MN",
"sig": "@saao/saa14%akk-x-neoass:{ITI}BARAG=Nisannu[Nisan//Nisan]MN'MN$Nisanni",
"f": {"lang": "akk-x-neoass",
"form": "{ITI}BARAG",
"cf": "Nisannu",
"gw": "Nisan",
"sense": "Nisan",
"norm": "Nisanni",
"pos": "MN",
"epos": "MN"}
}
,
{
"node": "l",
"frag": "UD",
"id": "P335237.l02c46",
"ref": "P335237.19.2",
"inst": "ūm[day]N",
"sig": "@saao/saa14%akk-x-neoass:UD=ūmu[day//day]N'N$ūm",
"f": {"lang": "akk-x-neoass",
"form": "UD",
"cf": "ūmu",
"gw": "day",
"sense": "day",
"norm": "ūm",
"pos": "N",
"epos": "N"}
}
,
{
"node": "l",
"frag": "28-[KAM₂]",
"id": "P335237.l02c47",
"ref": "P335237.19.3",
"inst": "n",
"f": {"lang": "akk-x-neoass",
"form": "28-KAM₂",
"pos": "n"}
}
,
{
"node": "d",
"type": "line-start",
"ref": "P335237.20",
"n": "9'",
"label": "r 9'"}
,
{
"node": "l",
"frag": "[lim]-mu",
"id": "P335237.l02c48",
"ref": "P335237.20.1",
"inst": "limmu[eponym (of year)]N",
"sig": "@saao/saa14%akk-x-neoass:lim-mu=līmu[eponym (of year)//eponym (of year)]N'N$limmu",
"f": {"lang": "akk-x-neoass",
"form": "lim-mu",
"cf": "līmu",
"gw": "eponym (of year)",
"sense": "eponym (of year)",
"norm": "limmu",
"pos": "N",
"epos": "N"}
}
,
{
"node": "l",
"frag": "{1}ša₂-{⸢d⸣}[PA-šu-u]",
"id": "P335237.l02c49",
"ref": "P335237.20.2",
"inst": "Ša-Nabu-šu[1]PN",
"sig": "@saao/saa14%akk-x-neoass:{1}ša₂-{d}PA-šu-u=Ša-Nabu-šu[1//1]PN'PN$Ša-Nabu-šu",
"f": {"lang": "akk-x-neoass",
"form": "{1}ša₂-{d}PA-šu-u",
"cf": "Ša-Nabu-šu",
"gw": "1",
"sense": "1",
"norm": "Ša-Nabu-šu",
"pos": "PN",
"epos": "PN"}
}
,
{
"node": "d",
"type": "nonx",
"ref": "P335237.21",
"strict": "0",
"extent": "rest",
"state": "missing"}
]}
]}
]}
]}
