{
"type": "cdl",
  "source": "http://oracc.org/saao/saa14",
  "license": "This data is released under the CC0 license",
  "license-url": "https://creativecommons.org/publicdomain/zero/1.0/",
  "more-info": "http://oracc.org/doc/opendata/",
  "UTC-timestamp": "2017-05-19T11:50:12",
"project": "saao/saa14",
"textid": "P335648",
"cdl": [
{
"node": "c",
"type": "text",
"id": "P335648.U0",
"cdl": [
{
"node": "d",
"type": "object",
"ref": ""}
,
{
"node": "d",
"type": "surface",
"ref": ""}
,
{
"node": "d",
"type": "nonx",
"ref": "P335648.1",
"strict": "0",
"extent": "beginning",
"state": "missing"}
,
{
"node": "c",
"type": "discourse",
"subtype": "body",
"id": "P335648.U1",
"cdl": [
{
"node": "c",
"type": "sentence",
"id": "P335648.U2",
"label": "1' - 6'",
"cdl": [
{
"node": "d",
"type": "line-start",
"ref": "P335648.2",
"n": "1'",
"label": "1'"}
,
{
"node": "l",
"frag": "03",
"id": "P335648.l0629c",
"ref": "P335648.2.1",
"inst": "n",
"f": {"lang": "akk-x-neoass",
"form": "03",
"pos": "n"}
}
,
{
"node": "l",
"frag": "ANŠE",
"id": "P335648.l0629d",
"ref": "P335648.2.2",
"inst": "imārī[a unit of capacity]N",
"sig": "@saao/saa14%akk-x-neoass:ANŠE=imēru[unit//a unit of capacity]N'N$imārī",
"f": {"lang": "akk-x-neoass",
"form": "ANŠE",
"cf": "imēru",
"gw": "unit",
"sense": "a unit of capacity",
"norm": "imārī",
"pos": "N",
"epos": "N"}
}
,
{
"node": "l",
"frag": "[x",
"id": "P335648.l0629e",
"ref": "P335648.2.3",
"inst": "u",
"f": {"lang": "akk-x-neoass",
"form": "x",
"pos": "u"}
}
,
{
"node": "l",
"frag": "x",
"id": "P335648.l0629f",
"ref": "P335648.2.4",
"inst": "u",
"f": {"lang": "akk-x-neoass",
"form": "x",
"pos": "u"}
}
,
{
"node": "l",
"frag": "x",
"id": "P335648.l062a0",
"ref": "P335648.2.5",
"inst": "u",
"f": {"lang": "akk-x-neoass",
"form": "x",
"pos": "u"}
}
,
{
"node": "l",
"frag": "x]",
"id": "P335648.l062a1",
"ref": "P335648.2.6",
"inst": "u",
"f": {"lang": "akk-x-neoass",
"form": "x",
"pos": "u"}
}
,
{
"node": "d",
"type": "line-start",
"ref": "P335648.3",
"n": "2'",
"label": "2'"}
,
{
"node": "d",
"type": "nonw",
"ref": ""}
,
{
"node": "l",
"frag": "ša",
"id": "P335648.l062a2",
"ref": "P335648.3.1",
"inst": "ša[of]DET",
"sig": "@saao/saa14%akk-x-neoass:ša=ša[of//of]DET'DET$ša",
"f": {"lang": "akk-x-neoass",
"form": "ša",
"cf": "ša",
"gw": "of",
"sense": "of",
"norm": "ša",
"pos": "DET",
"epos": "DET"}
}
,
{
"node": "l",
"frag": "{1}[x",
"id": "P335648.l062a3",
"ref": "P335648.3.2",
"inst": "u",
"f": {"lang": "akk-x-neoass",
"form": "{1}x",
"pos": "u"}
}
,
{
"node": "l",
"frag": "x",
"id": "P335648.l062a4",
"ref": "P335648.3.3",
"inst": "u",
"f": {"lang": "akk-x-neoass",
"form": "x",
"pos": "u"}
}
,
{
"node": "l",
"frag": "x",
"id": "P335648.l062a5",
"ref": "P335648.3.4",
"inst": "u",
"f": {"lang": "akk-x-neoass",
"form": "x",
"pos": "u"}
}
,
{
"node": "l",
"frag": "x]",
"id": "P335648.l062a6",
"ref": "P335648.3.5",
"inst": "u",
"f": {"lang": "akk-x-neoass",
"form": "x",
"pos": "u"}
}
,
{
"node": "d",
"type": "line-start",
"ref": "P335648.4",
"n": "3'",
"label": "3'"}
,
{
"node": "d",
"type": "nonw",
"ref": ""}
,
{
"node": "l",
"frag": "ina",
"id": "P335648.l062a7",
"ref": "P335648.4.1",
"inst": "ina[in+=at the disposal of]PRP",
"sig": "@saao/saa14%akk-x-neoass:ina=ina[in//in]PRP'PRP$ina",
"f": {"lang": "akk-x-neoass",
"form": "ina",
"cf": "ina",
"gw": "in",
"sense": "in",
"norm": "ina",
"pos": "PRP",
"epos": "PRP"}
}
,
{
"node": "l",
"frag": "IGI",
"id": "P335648.l062a8",
"ref": "P335648.4.2",
"inst": "pān[front]N",
"sig": "@saao/saa14%akk-x-neoass:IGI=pānu[front//front]N'N$pān",
"f": {"lang": "akk-x-neoass",
"form": "IGI",
"cf": "pānu",
"gw": "front",
"sense": "front",
"norm": "pān",
"pos": "N",
"epos": "N"}
}
,
{
"node": "l",
"frag": "{1}⸢x⸣+[x",
"id": "P335648.l062a9",
"ref": "P335648.4.3",
"inst": "u",
"f": {"lang": "akk-x-neoass",
"form": "{1}x+x",
"pos": "u"}
}
,
{
"node": "l",
"frag": "x",
"id": "P335648.l062aa",
"ref": "P335648.4.4",
"inst": "u",
"f": {"lang": "akk-x-neoass",
"form": "x",
"pos": "u"}
}
,
{
"node": "l",
"frag": "x",
"id": "P335648.l062ab",
"ref": "P335648.4.5",
"inst": "u",
"f": {"lang": "akk-x-neoass",
"form": "x",
"pos": "u"}
}
,
{
"node": "l",
"frag": "x]",
"id": "P335648.l062ac",
"ref": "P335648.4.6",
"inst": "u",
"f": {"lang": "akk-x-neoass",
"form": "x",
"pos": "u"}
}
,
{
"node": "d",
"type": "line-start",
"ref": "P335648.5",
"n": "4'",
"label": "4'"}
,
{
"node": "d",
"type": "nonw",
"ref": ""}
,
{
"node": "l",
"frag": "{lu₂}⸢hi⸣-[x",
"id": "P335648.l062ad",
"ref": "P335648.5.1",
"inst": "u",
"f": {"lang": "akk-x-neoass",
"form": "{LU₂}hi-x",
"pos": "u"}
}
,
{
"node": "l",
"frag": "x",
"id": "P335648.l062ae",
"ref": "P335648.5.2",
"inst": "u",
"f": {"lang": "akk-x-neoass",
"form": "x",
"pos": "u"}
}
,
{
"node": "l",
"frag": "x",
"id": "P335648.l062af",
"ref": "P335648.5.3",
"inst": "u",
"f": {"lang": "akk-x-neoass",
"form": "x",
"pos": "u"}
}
,
{
"node": "l",
"frag": "x]",
"id": "P335648.l062b0",
"ref": "P335648.5.4",
"inst": "u",
"f": {"lang": "akk-x-neoass",
"form": "x",
"pos": "u"}
}
,
{
"node": "d",
"type": "nonx",
"ref": "P335648.6",
"strict": "0",
"extent": "1",
"scope": "impression",
"state": "other"}
,
{
"node": "d",
"type": "line-start",
"ref": "P335648.7",
"n": "5'",
"label": "5'"}
,
{
"node": "l",
"frag": "ina",
"id": "P335648.l062b1",
"ref": "P335648.7.1",
"inst": "ina[in+=as a loan]PRP",
"sig": "@saao/saa14%akk-x-neoass:ina=ina[in//in]PRP'PRP$ina",
"f": {"lang": "akk-x-neoass",
"form": "ina",
"cf": "ina",
"gw": "in",
"sense": "in",
"norm": "ina",
"pos": "PRP",
"epos": "PRP"}
}
,
{
"node": "l",
"frag": "pu-u-hi",
"id": "P335648.l062b2",
"ref": "P335648.7.2",
"inst": "pūhi[exchange]N",
"sig": "@saao/saa14%akk-x-neoass:pu-u-hi=pūhu[exchange//exchange]N'N$pūhi",
"f": {"lang": "akk-x-neoass",
"form": "pu-u-hi",
"cf": "pūhu",
"gw": "exchange",
"sense": "exchange",
"norm": "pūhi",
"pos": "N",
"epos": "N"}
}
,
{
"node": "l",
"frag": "it-[ti-ši]",
"id": "P335648.l062b3",
"ref": "P335648.7.3",
"inst": "ittiši[take]V",
"sig": "@saao/saa14%akk-x-neoass:it-ti-ši=našû[lift//take]V'V$ittiši",
"f": {"lang": "akk-x-neoass",
"form": "it-ti-ši",
"cf": "našû",
"gw": "lift",
"sense": "take",
"norm": "ittiši",
"pos": "V",
"epos": "V"}
}
,
{
"node": "d",
"type": "line-start",
"ref": "P335648.8",
"n": "6'",
"label": "6'"}
,
{
"node": "l",
"frag": "ana",
"id": "P335648.l062b4",
"ref": "P335648.8.1",
"inst": "ana[by]PRP",
"sig": "@saao/saa14%akk-x-neoass:ana=ana[to//by]PRP'PRP$ana",
"f": {"lang": "akk-x-neoass",
"form": "ana",
"cf": "ana",
"gw": "to",
"sense": "by",
"norm": "ana",
"pos": "PRP",
"epos": "PRP"}
}
,
{
"node": "l",
"frag": "01",
"id": "P335648.l062b5",
"ref": "P335648.8.2",
"inst": "n",
"f": {"lang": "akk-x-neoass",
"form": "01",
"pos": "n"}
}
,
{
"node": "d",
"frag": ":.",
"type": "nonw",
"ref": "P335648.8.3",
"lang": "akk-x-neoass",
"type": "punct",
"gdl_delim": " "}
,
{
"node": "l",
"frag": "5(ban₂)",
"id": "P335648.l062b6",
"ref": "P335648.8.4",
"inst": "n",
"f": {"lang": "akk-x-neoass",
"form": "5(ban₂)",
"pos": "n"}
}
,
{
"node": "l",
"frag": "[x",
"id": "P335648.l062b7",
"ref": "P335648.8.5",
"inst": "u",
"f": {"lang": "akk-x-neoass",
"form": "x",
"pos": "u"}
}
,
{
"node": "l",
"frag": "x",
"id": "P335648.l062b8",
"ref": "P335648.8.6",
"inst": "u",
"f": {"lang": "akk-x-neoass",
"form": "x",
"pos": "u"}
}
,
{
"node": "l",
"frag": "x]",
"id": "P335648.l062b9",
"ref": "P335648.8.7",
"inst": "u",
"f": {"lang": "akk-x-neoass",
"form": "x",
"pos": "u"}
}
,
{
"node": "d",
"subtype": "reverse",
"type": "surface",
"ref": "P335648.r.9",
"type": "reverse",
"label": "r"}
,
{
"node": "d",
"type": "nonx",
"ref": "P335648.10",
"strict": "0",
"extent": "5",
"state": "blank"}
]}
]}
]}
]}
