{
"type": "cdl",
  "source": "http://oracc.org/saao/saa14",
  "license": "This data is released under the CC0 license",
  "license-url": "https://creativecommons.org/publicdomain/zero/1.0/",
  "more-info": "http://oracc.org/doc/opendata/",
  "UTC-timestamp": "2017-05-19T11:49:41",
"project": "saao/saa14",
"textid": "P335171",
"cdl": [
{
"node": "c",
"type": "text",
"id": "P335171.U0",
"cdl": [
{
"node": "d",
"type": "object",
"ref": ""}
,
{
"node": "d",
"subtype": "obverse",
"type": "surface",
"ref": "P335171.o.1",
"type": "obverse",
"label": "o"}
,
{
"node": "c",
"type": "discourse",
"subtype": "body",
"id": "P335171.U1",
"cdl": [
{
"node": "c",
"type": "sentence",
"id": "P335171.U2",
"label": "o 1 - r 4'",
"cdl": [
{
"node": "d",
"type": "line-start",
"ref": "P335171.2",
"n": "1",
"label": "o 1"}
,
{
"node": "l",
"frag": "{[na₄}KIŠIB",
"id": "P335171.l04b6d",
"ref": "P335171.2.1",
"inst": "kunukku[seal]N",
"sig": "@saao/saa14%akk-x-neoass:{NA₄}KIŠIB=kunukku[seal//seal]N'N$kunukku",
"f": {"lang": "akk-x-neoass",
"form": "{NA₄}KIŠIB",
"cf": "kunukku",
"gw": "seal",
"sense": "seal",
"norm": "kunukku",
"pos": "N",
"epos": "N"}
}
,
{
"node": "l",
"frag": "{1}x",
"id": "P335171.l04b6e",
"ref": "P335171.2.2",
"inst": "u",
"f": {"lang": "akk-x-neoass",
"form": "{1}x",
"pos": "u"}
}
,
{
"node": "l",
"frag": "x",
"id": "P335171.l04b6f",
"ref": "P335171.2.3",
"inst": "u",
"f": {"lang": "akk-x-neoass",
"form": "x",
"pos": "u"}
}
,
{
"node": "l",
"frag": "x",
"id": "P335171.l04b70",
"ref": "P335171.2.4",
"inst": "u",
"f": {"lang": "akk-x-neoass",
"form": "x",
"pos": "u"}
}
,
{
"node": "l",
"frag": "x",
"id": "P335171.l04b71",
"ref": "P335171.2.5",
"inst": "u",
"f": {"lang": "akk-x-neoass",
"form": "x",
"pos": "u"}
}
,
{
"node": "l",
"frag": "x]",
"id": "P335171.l04b72",
"ref": "P335171.2.6",
"inst": "u",
"f": {"lang": "akk-x-neoass",
"form": "x",
"pos": "u"}
}
,
{
"node": "d",
"type": "line-start",
"ref": "P335171.3",
"n": "2",
"label": "o 2"}
,
{
"node": "l",
"frag": "[EN",
"id": "P335171.l04b73",
"ref": "P335171.3.1",
"inst": "bēl[owner]N",
"sig": "@saao/saa14%akk-x-neoass:EN=bēlu[lord//owner]N'N$bēl",
"f": {"lang": "akk-x-neoass",
"form": "EN",
"cf": "bēlu",
"gw": "lord",
"sense": "owner",
"norm": "bēl",
"pos": "N",
"epos": "N"}
}
,
{
"node": "l",
"frag": "MI₂",
"id": "P335171.l04b74",
"ref": "P335171.3.2",
"inst": "sinništu[woman]N$issi",
"sig": "@saao/saa14%akk-x-neoass:MI₂=sinništu[woman//woman]N'N$issi",
"f": {"lang": "akk-x-neoass",
"form": "MI₂",
"cf": "sinništu",
"gw": "woman",
"sense": "woman",
"norm": "issi",
"pos": "N",
"epos": "N"}
}
,
{
"node": "l",
"frag": "ta-da]-ni",
"id": "P335171.l04b75",
"ref": "P335171.3.3",
"inst": "tadāni[giving]'N",
"sig": "@saao/saa14%akk-x-neoass:ta-da-ni=tadānu[give//giving]V'N$tadāni",
"f": {"lang": "akk-x-neoass",
"form": "ta-da-ni",
"cf": "tadānu",
"gw": "give",
"sense": "giving",
"norm": "tadāni",
"pos": "V",
"epos": "N"}
}
,
{
"node": "d",
"type": "nonx",
"ref": "P335171.4",
"strict": "1",
"extent": "n",
"scope": "line",
"state": "ruling"}
,
{
"node": "d",
"type": "nonx",
"ref": "P335171.5",
"strict": "0",
"state": "other"}
,
{
"node": "d",
"type": "nonx",
"ref": "P335171.6",
"strict": "1",
"extent": "n",
"scope": "line",
"state": "ruling"}
,
{
"node": "d",
"type": "line-start",
"ref": "P335171.7",
"n": "3",
"label": "o 3"}
,
{
"node": "l",
"frag": "{[mi₂}x",
"id": "P335171.l04b76",
"ref": "P335171.7.1",
"inst": "u",
"f": {"lang": "akk-x-neoass",
"form": "{MI₂}x",
"pos": "u"}
}
,
{
"node": "l",
"frag": "x",
"id": "P335171.l04b77",
"ref": "P335171.7.2",
"inst": "u",
"f": {"lang": "akk-x-neoass",
"form": "x",
"pos": "u"}
}
,
{
"node": "l",
"frag": "x]-x-su",
"id": "P335171.l04b78",
"ref": "P335171.7.3",
"inst": "u",
"f": {"lang": "akk-x-neoass",
"form": "x-x-su",
"pos": "u"}
}
,
{
"node": "l",
"frag": "GEME₂",
"id": "P335171.l04b79",
"ref": "P335171.7.4",
"inst": "amtu[maid]N",
"sig": "@saao/saa14%akk-x-neoass:GEME₂=amtu[maid//maid]N'N$amtu",
"f": {"lang": "akk-x-neoass",
"form": "GEME₂",
"cf": "amtu",
"gw": "maid",
"sense": "maid",
"norm": "amtu",
"pos": "N",
"epos": "N"}
}
,
{
"node": "d",
"type": "line-start",
"ref": "P335171.8",
"n": "4",
"label": "o 4"}
,
{
"node": "l",
"frag": "[ša",
"id": "P335171.l04b7a",
"ref": "P335171.8.1",
"inst": "ša[of]DET",
"sig": "@saao/saa14%akk-x-neoass:ša=ša[of//of]DET'DET$ša",
"f": {"lang": "akk-x-neoass",
"form": "ša",
"cf": "ša",
"gw": "of",
"sense": "of",
"norm": "ša",
"pos": "DET",
"epos": "DET"}
}
,
{
"node": "l",
"frag": "{1}x",
"id": "P335171.l04b7b",
"ref": "P335171.8.2",
"inst": "u",
"f": {"lang": "akk-x-neoass",
"form": "{1}x",
"pos": "u"}
}
,
{
"node": "l",
"frag": "x",
"id": "P335171.l04b7c",
"ref": "P335171.8.3",
"inst": "u",
"f": {"lang": "akk-x-neoass",
"form": "x",
"pos": "u"}
}
,
{
"node": "l",
"frag": "x",
"id": "P335171.l04b7d",
"ref": "P335171.8.4",
"inst": "u",
"f": {"lang": "akk-x-neoass",
"form": "x",
"pos": "u"}
}
,
{
"node": "l",
"frag": "x]-⸢a⸣",
"id": "P335171.l04b7e",
"ref": "P335171.8.5",
"inst": "u",
"f": {"lang": "akk-x-neoass",
"form": "x-a",
"pos": "u"}
}
,
{
"node": "l",
"frag": "u₂-piš-ma",
"id": "P335171.l04b7f",
"ref": "P335171.8.6",
"inst": "uppišma[contract]V",
"sig": "@saao/saa14%akk-x-neoass:u₂-piš-ma=epēšu[do//contract]V'V$uppišma",
"f": {"lang": "akk-x-neoass",
"form": "u₂-piš-ma",
"cf": "epēšu",
"gw": "do",
"sense": "contract",
"norm": "uppišma",
"pos": "V",
"epos": "V"}
}
,
{
"node": "d",
"type": "line-start",
"ref": "P335171.9",
"n": "5",
"label": "o 5"}
,
{
"node": "l",
"frag": "{1}x",
"id": "P335171.l04b80",
"ref": "P335171.9.1",
"inst": "u",
"f": {"lang": "akk-x-neoass",
"form": "{1}x",
"pos": "u"}
}
,
{
"node": "l",
"frag": "x",
"id": "P335171.l04b81",
"ref": "P335171.9.2",
"inst": "u",
"f": {"lang": "akk-x-neoass",
"form": "x",
"pos": "u"}
}
,
{
"node": "l",
"frag": "x",
"id": "P335171.l04b82",
"ref": "P335171.9.3",
"inst": "u",
"f": {"lang": "akk-x-neoass",
"form": "x",
"pos": "u"}
}
,
{
"node": "l",
"frag": "x]-aš₂",
"id": "P335171.l04b83",
"ref": "P335171.9.4",
"inst": "u",
"f": {"lang": "akk-x-neoass",
"form": "x-aš₂",
"pos": "u"}
}
,
{
"node": "l",
"frag": "TA@v",
"id": "P335171.l04b84",
"ref": "P335171.9.5",
"inst": "issu[from+=from]PRP",
"sig": "@saao/saa14%akk-x-neoass:TA@v=ištu[from//from]PRP'PRP$issu",
"f": {"lang": "akk-x-neoass",
"form": "TA@v",
"cf": "ištu",
"gw": "from",
"sense": "from",
"norm": "issu",
"pos": "PRP",
"epos": "PRP"}
}
,
{
"node": "l",
"frag": "pa-an",
"id": "P335171.l04b85",
"ref": "P335171.9.6",
"inst": "pān[front]N",
"sig": "@saao/saa14%akk-x-neoass:pa-an=pānu[front//front]N'N$pān",
"f": {"lang": "akk-x-neoass",
"form": "pa-an",
"cf": "pānu",
"gw": "front",
"sense": "front",
"norm": "pān",
"pos": "N",
"epos": "N"}
}
,
{
"node": "d",
"type": "line-start",
"ref": "P335171.10",
"n": "6",
"label": "o 6"}
,
{
"node": "l",
"frag": "{1}x",
"id": "P335171.l04b86",
"ref": "P335171.10.1",
"inst": "u",
"f": {"lang": "akk-x-neoass",
"form": "{1}x",
"pos": "u"}
}
,
{
"node": "l",
"frag": "x",
"id": "P335171.l04b87",
"ref": "P335171.10.2",
"inst": "u",
"f": {"lang": "akk-x-neoass",
"form": "x",
"pos": "u"}
}
,
{
"node": "l",
"frag": "x",
"id": "P335171.l04b88",
"ref": "P335171.10.3",
"inst": "u",
"f": {"lang": "akk-x-neoass",
"form": "x",
"pos": "u"}
}
,
{
"node": "l",
"frag": "x]",
"id": "P335171.l04b89",
"ref": "P335171.10.4",
"inst": "u",
"f": {"lang": "akk-x-neoass",
"form": "x",
"pos": "u"}
}
,
{
"node": "c",
"type": "phrase",
"tag": "phr",
"id": "P335171.U4",
"ref": "P335171.ls00000",
"cdl": [
{
"node": "l",
"frag": "ina",
"id": "P335171.l04b8a",
"ref": "P335171.10.5",
"inst": "ina[in+=for]PRP",
"sig": "@saao/saa14%akk-x-neoass:ina=ina[in//in]PRP'PRP$ina",
"f": {"lang": "akk-x-neoass",
"form": "ina",
"cf": "ina",
"gw": "in",
"sense": "in",
"norm": "ina",
"pos": "PRP",
"epos": "PRP"}
}
,
{
"node": "l",
"frag": "ŠA₃",
"id": "P335171.l04b8b",
"ref": "P335171.10.6",
"inst": "libbi[interior]N",
"sig": "@saao/saa14%akk-x-neoass:ŠA₃=libbu[interior//interior]N'N$libbi",
"f": {"lang": "akk-x-neoass",
"form": "ŠA₃",
"cf": "libbu",
"gw": "interior",
"sense": "interior",
"norm": "libbi",
"pos": "N",
"epos": "N"}
}
]}
,
{
"node": "l",
"frag": "30",
"id": "P335171.l04b8c",
"ref": "P335171.10.7",
"inst": "n",
"f": {"lang": "akk-x-neoass",
"form": "30",
"pos": "n"}
}
,
{
"node": "l",
"frag": "GIN₂",
"id": "P335171.l04b8d",
"ref": "P335171.10.8",
"inst": "šiqlī[a unit of weight]N",
"sig": "@saao/saa14%akk-x-neoass:GIN₂=šiqlu[unit//a unit of weight]N'N$šiqlī",
"f": {"lang": "akk-x-neoass",
"form": "GIN₂",
"cf": "šiqlu",
"gw": "unit",
"sense": "a unit of weight",
"norm": "šiqlī",
"pos": "N",
"epos": "N"}
}
,
{
"node": "l",
"frag": "KUG.UD",
"id": "P335171.l04b8e",
"ref": "P335171.10.9",
"inst": "ṣarpu[silver]N",
"sig": "@saao/saa14%akk-x-neoass:KUG.UD=ṣarpu[silver//silver]N'N$ṣarpi",
"f": {"lang": "akk-x-neoass",
"form": "KUG.UD",
"cf": "ṣarpu",
"gw": "silver",
"sense": "silver",
"norm": "ṣarpi",
"pos": "N",
"epos": "N"}
}
,
{
"node": "d",
"type": "line-start",
"ref": "P335171.11",
"n": "7",
"label": "o 7"}
,
{
"node": "l",
"frag": "[il-qi",
"id": "P335171.l04b8f",
"ref": "P335171.11.1",
"inst": "ilqi[purchase]V",
"sig": "@saao/saa14%akk-x-neoass:il-qi=leqû[take//purchase]V'V$ilqi",
"f": {"lang": "akk-x-neoass",
"form": "il-qi",
"cf": "leqû",
"gw": "take",
"sense": "purchase",
"norm": "ilqi",
"pos": "V",
"epos": "V"}
}
,
{
"node": "l",
"frag": "kas]-⸢pu⸣",
"id": "P335171.l04b90",
"ref": "P335171.11.2",
"inst": "kaspu[money]N",
"sig": "@saao/saa14%akk-x-neoass:kas-pu=kaspu[silver//money]N'N$kaspu",
"f": {"lang": "akk-x-neoass",
"form": "kas-pu",
"cf": "kaspu",
"gw": "silver",
"sense": "money",
"norm": "kaspu",
"pos": "N",
"epos": "N"}
}
,
{
"node": "l",
"frag": "ga-mur",
"id": "P335171.l04b91",
"ref": "P335171.11.3",
"inst": "gammur[completed]AJ",
"sig": "@saao/saa14%akk-x-neoass:ga-mur=gammuru[finished//completed]AJ'AJ$gammur",
"f": {"lang": "akk-x-neoass",
"form": "ga-mur",
"cf": "gammuru",
"gw": "finished",
"sense": "completed",
"norm": "gammur",
"pos": "AJ",
"epos": "AJ"}
}
,
{
"node": "d",
"type": "line-start",
"ref": "P335171.12",
"n": "8",
"label": "o 8"}
,
{
"node": "l",
"frag": "[ta-din",
"id": "P335171.l04b92",
"ref": "P335171.12.1",
"inst": "tadin[paid]AJ",
"sig": "@saao/saa14%akk-x-neoass:ta-din=tadnu[given//paid]AJ'AJ$tadin",
"f": {"lang": "akk-x-neoass",
"form": "ta-din",
"cf": "tadnu",
"gw": "given",
"sense": "paid",
"norm": "tadin",
"pos": "AJ",
"epos": "AJ"}
}
,
{
"node": "l",
"frag": "MI₂]",
"id": "P335171.l04b93",
"ref": "P335171.12.2",
"inst": "issu[woman]N",
"sig": "@saao/saa14%akk-x-neoass:MI₂=sinništu[woman//woman]N'N$issu",
"f": {"lang": "akk-x-neoass",
"form": "MI₂",
"cf": "sinništu",
"gw": "woman",
"sense": "woman",
"norm": "issu",
"pos": "N",
"epos": "N"}
}
,
{
"node": "l",
"frag": "⸢šu⸣-a-[te]",
"id": "P335171.l04b94",
"ref": "P335171.12.3",
"inst": "šuāte[that]'DP",
"sig": "@saao/saa14%akk-x-neoass:šu-a-te=šuāti[him//that]IP'DP$šuāte",
"f": {"lang": "akk-x-neoass",
"form": "šu-a-te",
"cf": "šuāti",
"gw": "him",
"sense": "that",
"norm": "šuāte",
"pos": "IP",
"epos": "DP"}
}
,
{
"node": "d",
"type": "nonx",
"ref": "P335171.13",
"strict": "0",
"extent": "rest",
"state": "missing"}
,
{
"node": "d",
"subtype": "reverse",
"type": "surface",
"ref": "P335171.r.14",
"type": "reverse",
"label": "r"}
,
{
"node": "d",
"type": "nonx",
"ref": "P335171.15",
"strict": "0",
"extent": "beginning",
"state": "missing"}
,
{
"node": "d",
"type": "line-start",
"ref": "P335171.16",
"n": "1'",
"label": "r 1'"}
,
{
"node": "l",
"frag": "[IGI",
"id": "P335171.l04b95",
"ref": "P335171.16.1",
"inst": "šību[witness]N",
"sig": "@saao/saa14%akk-x-neoass:IGI=šību[witness//witness]N'N$šību",
"f": {"lang": "akk-x-neoass",
"form": "IGI",
"cf": "šību",
"gw": "witness",
"sense": "witness",
"norm": "šību",
"pos": "N",
"epos": "N"}
}
,
{
"node": "l",
"frag": "{1}x",
"id": "P335171.l04b96",
"ref": "P335171.16.2",
"inst": "u",
"f": {"lang": "akk-x-neoass",
"form": "{1}x",
"pos": "u"}
}
,
{
"node": "l",
"frag": "x",
"id": "P335171.l04b97",
"ref": "P335171.16.3",
"inst": "u",
"f": {"lang": "akk-x-neoass",
"form": "x",
"pos": "u"}
}
,
{
"node": "l",
"frag": "x",
"id": "P335171.l04b98",
"ref": "P335171.16.4",
"inst": "u",
"f": {"lang": "akk-x-neoass",
"form": "x",
"pos": "u"}
}
,
{
"node": "l",
"frag": "x",
"id": "P335171.l04b99",
"ref": "P335171.16.5",
"inst": "u",
"f": {"lang": "akk-x-neoass",
"form": "x",
"pos": "u"}
}
,
{
"node": "l",
"frag": "x]",
"id": "P335171.l04b9a",
"ref": "P335171.16.6",
"inst": "u",
"f": {"lang": "akk-x-neoass",
"form": "x",
"pos": "u"}
}
,
{
"node": "l",
"frag": "A",
"id": "P335171.l04b9b",
"ref": "P335171.16.7",
"inst": "mār[son]N",
"sig": "@saao/saa14%akk-x-neoass:A=māru[son//son]N'N$mār",
"f": {"lang": "akk-x-neoass",
"form": "A",
"cf": "māru",
"gw": "son",
"sense": "son",
"norm": "mār",
"pos": "N",
"epos": "N"}
}
,
{
"node": "l",
"frag": "{1}30--MAŠ⸣",
"id": "P335171.l04b9c",
"ref": "P335171.16.8",
"inst": "Sin-ašared[1]PN",
"sig": "@saao/saa14%akk-x-neoass:{1}30-MAŠ=Sin-ašared[1//1]PN'PN$Sin-ašared",
"f": {"lang": "akk-x-neoass",
"form": "{1}30-MAŠ",
"cf": "Sin-ašared",
"gw": "1",
"sense": "1",
"norm": "Sin-ašared",
"pos": "PN",
"epos": "PN"}
}
,
{
"node": "d",
"type": "line-start",
"ref": "P335171.17",
"n": "2'",
"label": "r 2'"}
,
{
"node": "l",
"frag": "[IGI",
"id": "P335171.l04b9d",
"ref": "P335171.17.1",
"inst": "šību[witness]N",
"sig": "@saao/saa14%akk-x-neoass:IGI=šību[witness//witness]N'N$šību",
"f": {"lang": "akk-x-neoass",
"form": "IGI",
"cf": "šību",
"gw": "witness",
"sense": "witness",
"norm": "šību",
"pos": "N",
"epos": "N"}
}
,
{
"node": "l",
"frag": "{1}x",
"id": "P335171.l04b9e",
"ref": "P335171.17.2",
"inst": "u",
"f": {"lang": "akk-x-neoass",
"form": "{1}x",
"pos": "u"}
}
,
{
"node": "l",
"frag": "x",
"id": "P335171.l04b9f",
"ref": "P335171.17.3",
"inst": "u",
"f": {"lang": "akk-x-neoass",
"form": "x",
"pos": "u"}
}
,
{
"node": "l",
"frag": "x",
"id": "P335171.l04ba0",
"ref": "P335171.17.4",
"inst": "u",
"f": {"lang": "akk-x-neoass",
"form": "x",
"pos": "u"}
}
,
{
"node": "l",
"frag": "x]-me",
"id": "P335171.l04ba1",
"ref": "P335171.17.5",
"inst": "u",
"f": {"lang": "akk-x-neoass",
"form": "x-me",
"pos": "u"}
}
,
{
"node": "l",
"frag": "ARAD-ša₂",
"id": "P335171.l04ba2",
"ref": "P335171.17.6",
"inst": "ardu[servant]N$urdaša",
"sig": "@saao/saa14%akk-x-neoass:ARAD-ša₂=ardu[slave//servant]N'N$urdaša",
"f": {"lang": "akk-x-neoass",
"form": "ARAD-ša₂",
"cf": "ardu",
"gw": "slave",
"sense": "servant",
"norm": "urdaša",
"pos": "N",
"epos": "N"}
}
,
{
"node": "d",
"type": "line-start",
"ref": "P335171.18",
"n": "3'",
"label": "r 3'"}
,
{
"node": "l",
"frag": "[IGI",
"id": "P335171.l04ba3",
"ref": "P335171.18.1",
"inst": "šību[witness]N",
"sig": "@saao/saa14%akk-x-neoass:IGI=šību[witness//witness]N'N$šību",
"f": {"lang": "akk-x-neoass",
"form": "IGI",
"cf": "šību",
"gw": "witness",
"sense": "witness",
"norm": "šību",
"pos": "N",
"epos": "N"}
}
,
{
"node": "l",
"frag": "{1}x",
"id": "P335171.l04ba4",
"ref": "P335171.18.2",
"inst": "u",
"f": {"lang": "akk-x-neoass",
"form": "{1}x",
"pos": "u"}
}
,
{
"node": "l",
"frag": "x",
"id": "P335171.l04ba5",
"ref": "P335171.18.3",
"inst": "u",
"f": {"lang": "akk-x-neoass",
"form": "x",
"pos": "u"}
}
,
{
"node": "l",
"frag": "x]-GIN-PAB",
"id": "P335171.l04ba6",
"ref": "P335171.18.4",
"inst": "u",
"f": {"lang": "akk-x-neoass",
"form": "x-GIN-PAB",
"pos": "u"}
}
,
{
"node": "d",
"type": "line-start",
"ref": "P335171.19",
"n": "4'",
"label": "r 4'"}
,
{
"node": "l",
"frag": "[IGI",
"id": "P335171.l04ba7",
"ref": "P335171.19.1",
"inst": "šību[witness]N",
"sig": "@saao/saa14%akk-x-neoass:IGI=šību[witness//witness]N'N$šību",
"f": {"lang": "akk-x-neoass",
"form": "IGI",
"cf": "šību",
"gw": "witness",
"sense": "witness",
"norm": "šību",
"pos": "N",
"epos": "N"}
}
,
{
"node": "l",
"frag": "{1}x",
"id": "P335171.l04ba8",
"ref": "P335171.19.2",
"inst": "u",
"f": {"lang": "akk-x-neoass",
"form": "{1}x",
"pos": "u"}
}
,
{
"node": "l",
"frag": "x",
"id": "P335171.l04ba9",
"ref": "P335171.19.3",
"inst": "u",
"f": {"lang": "akk-x-neoass",
"form": "x",
"pos": "u"}
}
,
{
"node": "l",
"frag": "x",
"id": "P335171.l04baa",
"ref": "P335171.19.4",
"inst": "u",
"f": {"lang": "akk-x-neoass",
"form": "x",
"pos": "u"}
}
,
{
"node": "l",
"frag": "x]+⸢x",
"id": "P335171.l04bab",
"ref": "P335171.19.5",
"inst": "u",
"f": {"lang": "akk-x-neoass",
"form": "x+x",
"pos": "u"}
}
,
{
"node": "l",
"frag": "SUKKAL⸣",
"id": "P335171.l04bac",
"ref": "P335171.19.6",
"inst": "šukkallu[vizier]N",
"sig": "@saao/saa14%akk-x-neoass:SUKKAL=šukkallu[(a court official)//vizier]N'N$šukkallu",
"f": {"lang": "akk-x-neoass",
"form": "SUKKAL",
"cf": "šukkallu",
"gw": "(a court official)",
"sense": "vizier",
"norm": "šukkallu",
"pos": "N",
"epos": "N"}
}
,
{
"node": "d",
"type": "nonx",
"ref": "P335171.20",
"strict": "0",
"extent": "rest",
"state": "missing"}
]}
]}
]}
,
{
"linkbase": [{
"type": "linkset",
"xlink_title": "ina libbi[in//(in exchange) for]PRP'PRP",
"id": "P335171.ls00000",
"xlink_type": "extended",
"xlink_role": "psu",
"sig": "{ina[in]PRP libbu[interior]N += ina libbi[in//(in exchange) for]PRP'PRP}::@saao%akk-x-neoass:ina=ina[in//into]PRP'PRP$ina++@saao%akk-x-neoass:ŠA₃=libbu[interior//interior]N'N$libbi",
"links": [
{
"type": "link",
"xlink_title": "ina",
"xlink_type": "locator",
"xlink_href": "#P335171.l04b8a",
"xlink_role": "elt"}
,
{
"type": "link",
"xlink_title": "libbi",
"xlink_type": "locator",
"xlink_href": "#P335171.l04b8b",
"xlink_role": "elt"}
]}
]}
]}
