{
"type": "cdl",
  "source": "http://oracc.org/saao/saa14",
  "license": "This data is released under the CC0 license",
  "license-url": "https://creativecommons.org/publicdomain/zero/1.0/",
  "more-info": "http://oracc.org/doc/opendata/",
  "UTC-timestamp": "2017-05-19T11:50:08",
"project": "saao/saa14",
"textid": "P335542",
"cdl": [
{
"node": "c",
"type": "text",
"id": "P335542.U0",
"cdl": [
{
"node": "d",
"type": "object",
"ref": ""}
,
{
"node": "d",
"subtype": "obverse",
"type": "surface",
"ref": "P335542.o.1",
"type": "obverse",
"label": "o"}
,
{
"node": "c",
"type": "discourse",
"subtype": "body",
"id": "P335542.U1",
"cdl": [
{
"node": "c",
"type": "sentence",
"id": "P335542.U2",
"label": "o 1 - e. 2",
"cdl": [
{
"node": "d",
"type": "line-start",
"ref": "P335542.2",
"n": "1",
"label": "o 1"}
,
{
"node": "l",
"frag": "{na₄}KIŠIB",
"id": "P335542.l000a8",
"ref": "P335542.2.1",
"inst": "kunukku[seal]N",
"sig": "@saao/saa14%akk-x-neoass:{NA₄}KIŠIB=kunukku[seal//seal]N'N$kunukku",
"f": {"lang": "akk-x-neoass",
"form": "{NA₄}KIŠIB",
"cf": "kunukku",
"gw": "seal",
"sense": "seal",
"norm": "kunukku",
"pos": "N",
"epos": "N"}
}
,
{
"node": "l",
"frag": "{1}a-tar-DINGIR",
"id": "P335542.l000a9",
"ref": "P335542.2.2",
"inst": "Atar-ili[1]PN",
"sig": "@saao/saa14%akk-x-neoass:{1}a-tar-DINGIR=Atar-ili[1//1]PN'PN$Atar-ili",
"f": {"lang": "akk-x-neoass",
"form": "{1}a-tar-DINGIR",
"cf": "Atar-ili",
"gw": "1",
"sense": "1",
"norm": "Atar-ili",
"pos": "PN",
"epos": "PN"}
}
,
{
"node": "c",
"type": "phrase",
"tag": "phr",
"id": "P335542.U4",
"ref": "P335542.ls00000",
"cdl": [
{
"node": "l",
"frag": "{lu₂v}GAL-u₂-rat",
"id": "P335542.l000aa",
"ref": "P335542.2.3",
"cof-tails": "P335542.l000ab",
"inst": "+rabû[big one]N$rab&+urû[team]N$urāt",
"sig": "@saao/saa14%akk-x-neoass:{LU₂}GAL-u₂-rat=rabû[big one//big one]N'N$rab&&@saao/saa14%akk-x-neoass:{LU₂}GAL-u₂-rat=urû[team//team]N'N$urāt",
"f": {"lang": "akk-x-neoass",
"form": "{LU₂}GAL-u₂-rat",
"cf": "rabû",
"gw": "big one",
"sense": "big one",
"norm": "rab",
"pos": "N",
"epos": "N"}
}
,
{
"node": "l",
"frag": "{lu₂v}GAL-u₂-rat",
"id": "P335542.l000ab",
"ref": "P335542.2.3",
"cof-head": "P335542.l000aa",
"inst": "+rabû[big one]N$rab&+urû[team]N$urāt",
"f": {"lang": "akk-x-neoass",
"form": "{LU₂}GAL-u₂-rat",
"cf": "urû",
"gw": "team",
"sense": "team",
"norm": "urāt",
"pos": "N",
"epos": "N"}
}
]}
,
{
"node": "d",
"type": "line-start",
"ref": "P335542.3",
"n": "2",
"label": "o 2"}
,
{
"node": "l",
"frag": "EN",
"id": "P335542.l000ac",
"ref": "P335542.3.1",
"inst": "!bēl[owner]N",
"sig": "@saao/saa14%akk-x-neoass:EN=bēlu[lord//owner]N'N$bēl",
"f": {"lang": "akk-x-neoass",
"form": "EN",
"cf": "bēlu",
"gw": "lord",
"sense": "owner",
"norm": "bēl",
"pos": "N",
"epos": "N"}
}
,
{
"node": "l",
"frag": "URU",
"id": "P335542.l000ad",
"ref": "P335542.3.2",
"inst": "!āli[town]N",
"sig": "@saao/saa14%akk-x-neoass:URU=ālu[city//town]N'N$āli",
"f": {"lang": "akk-x-neoass",
"form": "URU",
"cf": "ālu",
"gw": "city",
"sense": "town",
"norm": "āli",
"pos": "N",
"epos": "N"}
}
,
{
"node": "l",
"frag": "ta-da-ni",
"id": "P335542.l000ae",
"ref": "P335542.3.3",
"inst": "tadāni[giving]'N",
"sig": "@saao/saa14%akk-x-neoass:ta-da-ni=tadānu[give//giving]V'N$tadāni",
"f": {"lang": "akk-x-neoass",
"form": "ta-da-ni",
"cf": "tadānu",
"gw": "give",
"sense": "giving",
"norm": "tadāni",
"pos": "V",
"epos": "N"}
}
,
{
"node": "d",
"type": "nonx",
"ref": "P335542.4",
"strict": "1",
"extent": "n",
"scope": "line",
"state": "ruling"}
,
{
"node": "d",
"type": "nonx",
"ref": "P335542.5",
"strict": "0",
"extent": "1",
"scope": "impression",
"state": "other"}
,
{
"node": "d",
"type": "nonx",
"ref": "P335542.6",
"strict": "1",
"extent": "n",
"scope": "line",
"state": "ruling"}
,
{
"node": "d",
"type": "line-start",
"ref": "P335542.7",
"n": "3",
"label": "o 3"}
,
{
"node": "l",
"frag": "{uru}ŠE-{1}ba-ha-a.a",
"id": "P335542.l000af",
"ref": "P335542.7.1",
"inst": "Kapar-Bahaya[1]GN",
"sig": "@saao/saa14%akk-x-neoass:{URU}ŠE-{1}ba-ha-a.a=Kapar-Bahaya[1//1]GN'GN$Kapar-Bahaya",
"f": {"lang": "akk-x-neoass",
"form": "{URU}ŠE-{1}ba-ha-a.a",
"cf": "Kapar-Bahaya",
"gw": "1",
"sense": "1",
"norm": "Kapar-Bahaya",
"pos": "GN",
"epos": "GN"}
}
,
{
"node": "c",
"type": "phrase",
"tag": "phr",
"id": "P335542.U5",
"ref": "P335542.ls00001",
"cdl": [
{
"node": "l",
"frag": "a-na",
"id": "P335542.l000b0",
"ref": "P335542.7.2",
"inst": "ana[to+=in its totality]PRP",
"sig": "@saao/saa14%akk-x-neoass:a-na=ana[to//to]PRP'PRP$ana",
"f": {"lang": "akk-x-neoass",
"form": "a-na",
"cf": "ana",
"gw": "to",
"sense": "to",
"norm": "ana",
"pos": "PRP",
"epos": "PRP"}
}
,
{
"node": "l",
"frag": "gi-mir-ti-šu₂",
"id": "P335542.l000b1",
"ref": "P335542.7.3",
"inst": "gimirtīšu[totality]N",
"sig": "@saao/saa14%akk-x-neoass:gi-mir-ti-šu₂=gimirtu[totality//totality]N'N$gimirtīšu",
"f": {"lang": "akk-x-neoass",
"form": "gi-mir-ti-šu₂",
"cf": "gimirtu",
"gw": "totality",
"sense": "totality",
"norm": "gimirtīšu",
"pos": "N",
"epos": "N"}
}
]}
,
{
"node": "d",
"type": "line-start",
"ref": "P335542.8",
"n": "4",
"label": "o 4"}
,
{
"node": "l",
"frag": "a-di",
"id": "P335542.l000b2",
"ref": "P335542.8.1",
"inst": "adi[with]PRP",
"sig": "@saao/saa14%akk-x-neoass:a-di=adi[until//with]PRP'PRP$adi",
"f": {"lang": "akk-x-neoass",
"form": "a-di",
"cf": "adi",
"gw": "until",
"sense": "with",
"norm": "adi",
"pos": "PRP",
"epos": "PRP"}
}
,
{
"node": "l",
"frag": "A.ŠA₃-MEŠ-šu₂",
"id": "P335542.l000b3",
"ref": "P335542.8.2",
"inst": "eqlātīšu[field]N",
"sig": "@saao/saa14%akk-x-neoass:A.ŠA₃-MEŠ-šu₂=eqlu[field//field]N'N$eqlātīšu",
"f": {"lang": "akk-x-neoass",
"form": "A.ŠA₃-MEŠ-šu₂",
"cf": "eqlu",
"gw": "field",
"sense": "field",
"norm": "eqlātīšu",
"pos": "N",
"epos": "N"}
}
,
{
"node": "l",
"frag": "01",
"id": "P335542.l000b4",
"ref": "P335542.8.3",
"inst": "n",
"f": {"lang": "akk-x-neoass",
"form": "01",
"pos": "n"}
}
,
{
"node": "l",
"frag": "{lu₂v}ENGAR",
"id": "P335542.l000b5",
"ref": "P335542.8.4",
"inst": "ikkāru[farmer]N",
"sig": "@saao/saa14%akk-x-neoass:{LU₂}ENGAR=ikkaru[farmer//farmer]N'N$ikkāru",
"f": {"lang": "akk-x-neoass",
"form": "{LU₂}ENGAR",
"cf": "ikkaru",
"gw": "farmer",
"sense": "farmer",
"norm": "ikkāru",
"pos": "N",
"epos": "N"}
}
,
{
"node": "l",
"frag": "a-di",
"id": "P335542.l000b6",
"ref": "P335542.8.5",
"inst": "adi[with]PRP",
"sig": "@saao/saa14%akk-x-neoass:a-di=adi[until//with]PRP'PRP$adi",
"f": {"lang": "akk-x-neoass",
"form": "a-di",
"cf": "adi",
"gw": "until",
"sense": "with",
"norm": "adi",
"pos": "PRP",
"epos": "PRP"}
}
,
{
"node": "l",
"frag": "UN-MEŠ-šu₂",
"id": "P335542.l000b7",
"ref": "P335542.8.6",
"inst": "nišēšu[people]N",
"sig": "@saao/saa14%akk-x-neoass:UN-MEŠ-šu₂=nišu[people//people]N'N$nišēšu",
"f": {"lang": "akk-x-neoass",
"form": "UN-MEŠ-šu₂",
"cf": "nišu",
"gw": "people",
"sense": "people",
"norm": "nišēšu",
"pos": "N",
"epos": "N"}
}
,
{
"node": "c",
"type": "phrase",
"tag": "phr",
"id": "P335542.U6",
"ref": "P335542.ls00002",
"cdl": [
{
"node": "l",
"frag": "ina",
"id": "P335542.l000b8",
"ref": "P335542.8.7",
"inst": "ina[in+=in]PRP",
"sig": "@saao/saa14%akk-x-neoass:ina=ina[in//in]PRP'PRP$ina",
"f": {"lang": "akk-x-neoass",
"form": "ina",
"cf": "ina",
"gw": "in",
"sense": "in",
"norm": "ina",
"pos": "PRP",
"epos": "PRP"}
}
,
{
"node": "l",
"frag": "ŠA₃",
"id": "P335542.l000b9",
"ref": "P335542.8.8",
"inst": "libbi[interior]N",
"sig": "@saao/saa14%akk-x-neoass:ŠA₃=libbu[interior//interior]N'N$libbi",
"f": {"lang": "akk-x-neoass",
"form": "ŠA₃",
"cf": "libbu",
"gw": "interior",
"sense": "interior",
"norm": "libbi",
"pos": "N",
"epos": "N"}
}
]}
,
{
"node": "d",
"type": "line-start",
"ref": "P335542.9",
"n": "5",
"label": "o 5"}
,
{
"node": "l",
"frag": "⸢na⸣-gi-e",
"id": "P335542.l000ba",
"ref": "P335542.9.1",
"inst": "nagie[region]N",
"sig": "@saao/saa14%akk-x-neoass:na-gi-e=nagû[region//region]N'N$nagie",
"f": {"lang": "akk-x-neoass",
"form": "na-gi-e",
"cf": "nagû",
"gw": "region",
"sense": "region",
"norm": "nagie",
"pos": "N",
"epos": "N"}
}
,
{
"node": "l",
"frag": "{kur}la-hi-ra",
"id": "P335542.l000bb",
"ref": "P335542.9.2",
"inst": "Lahira[1]GN",
"sig": "@saao/saa14%akk-x-neoass:{KUR}la-hi-ra=Lahiru[1//1]GN'GN$Lahira",
"f": {"lang": "akk-x-neoass",
"form": "{KUR}la-hi-ra",
"cf": "Lahiru",
"gw": "1",
"sense": "1",
"norm": "Lahira",
"pos": "GN",
"epos": "GN"}
}
,
{
"node": "d",
"type": "line-start",
"ref": "P335542.10",
"n": "6",
"label": "o 6"}
,
{
"node": "l",
"frag": "[u₂-piš-ma]",
"id": "P335542.l000bc",
"ref": "P335542.10.1",
"inst": "uppišma[contract]V",
"sig": "@saao/saa14%akk-x-neoass:u₂-piš-ma=epēšu[do//contract]V'V$uppišma",
"f": {"lang": "akk-x-neoass",
"form": "u₂-piš-ma",
"cf": "epēšu",
"gw": "do",
"sense": "contract",
"norm": "uppišma",
"pos": "V",
"epos": "V"}
}
,
{
"node": "l",
"frag": "{1}mil-ki-ZALAG₂",
"id": "P335542.l000bd",
"ref": "P335542.10.2",
"inst": "Milki-nuri[1]PN",
"sig": "@saao/saa14%akk-x-neoass:{1}mil-ki-ZALAG₂=Milki-nuri[1//1]PN'PN$Milki-nuri",
"f": {"lang": "akk-x-neoass",
"form": "{1}mil-ki-ZALAG₂",
"cf": "Milki-nuri",
"gw": "1",
"sense": "1",
"norm": "Milki-nuri",
"pos": "PN",
"epos": "PN"}
}
,
{
"node": "d",
"type": "line-start",
"ref": "P335542.11",
"n": "7",
"label": "o 7"}
,
{
"node": "l",
"frag": "{[lu₂v}SAG",
"id": "P335542.l000be",
"ref": "P335542.11.1",
"inst": "ša-rēši[eunuch]N",
"sig": "@saao/saa14%akk-x-neoass:{LU₂}SAG=ša-rēši[eunuch//eunuch]N'N$ša-rēši",
"f": {"lang": "akk-x-neoass",
"form": "{LU₂}SAG",
"cf": "ša-rēši",
"gw": "eunuch",
"sense": "eunuch",
"norm": "ša-rēši",
"pos": "N",
"epos": "N"}
}
,
{
"node": "l",
"frag": "ša]",
"id": "P335542.l000bf",
"ref": "P335542.11.2",
"inst": "ša[of]DET",
"sig": "@saao/saa14%akk-x-neoass:ša=ša[of//of]DET'DET$ša",
"f": {"lang": "akk-x-neoass",
"form": "ša",
"cf": "ša",
"gw": "of",
"sense": "of",
"norm": "ša",
"pos": "DET",
"epos": "DET"}
}
,
{
"node": "c",
"type": "phrase",
"tag": "phr",
"id": "P335542.U7",
"ref": "P335542.ls00003",
"cdl": [
{
"node": "l",
"frag": "MI₂-E₂.GAL",
"id": "P335542.l000c0",
"ref": "P335542.11.3",
"cof-tails": "P335542.l000c1",
"inst": "sinništu[woman]N$issi&ēkallu[palace]N$ēkalli",
"sig": "@saao/saa14%akk-x-neoass:MI₂-E₂.GAL=sinništu[woman//woman]N'N$issi&&@saao%akk-x-neoass:=ēkallu[palace//palace]N'N$ēkalli",
"f": {"lang": "akk-x-neoass",
"form": "MI₂-E₂.GAL",
"cf": "sinništu",
"gw": "woman",
"sense": "woman",
"norm": "issi",
"pos": "N",
"epos": "N"}
}
,
{
"node": "l",
"frag": "MI₂-E₂.GAL",
"id": "P335542.l000c1",
"ref": "P335542.11.3",
"cof-head": "P335542.l000c0",
"inst": "sinništu[woman]N$issi&ēkallu[palace]N$ēkalli",
"tail-sig": "@saao%akk-x-neoass:=ēkallu[palace//palace]N'N$ēkalli",
"f": {"lang": "akk-x-neoass",
"form": "MI₂-E₂.GAL",
"cf": "ēkallu",
"gw": "palace",
"sense": "palace",
"norm": "ēkalli",
"pos": "N",
"epos": "N"}
}
]}
,
{
"node": "d",
"type": "line-start",
"ref": "P335542.12",
"n": "8",
"label": "o 8"}
,
{
"node": "c",
"type": "phrase",
"tag": "phr",
"id": "P335542.U8",
"ref": "P335542.ls00004",
"cdl": [
{
"node": "l",
"frag": "[TA@v",
"id": "P335542.l000c2",
"ref": "P335542.12.1",
"inst": "issu[from+=from]PRP",
"sig": "@saao/saa14%akk-x-neoass:TA@v=ištu[from//from]PRP'PRP$issu",
"f": {"lang": "akk-x-neoass",
"form": "TA@v",
"cf": "ištu",
"gw": "from",
"sense": "from",
"norm": "issu",
"pos": "PRP",
"epos": "PRP"}
}
,
{
"node": "l",
"frag": "IGI",
"id": "P335542.l000c3",
"ref": "P335542.12.2",
"inst": "pān[front]N",
"sig": "@saao/saa14%akk-x-neoass:IGI=pānu[front//front]N'N$pān",
"f": {"lang": "akk-x-neoass",
"form": "IGI",
"cf": "pānu",
"gw": "front",
"sense": "front",
"norm": "pān",
"pos": "N",
"epos": "N"}
}
]}
,
{
"node": "l",
"frag": "{1}a]-tar-DINGIR",
"id": "P335542.l000c4",
"ref": "P335542.12.3",
"inst": "Atar-ili[1]PN",
"sig": "@saao/saa14%akk-x-neoass:{1}a-tar-DINGIR=Atar-ili[1//1]PN'PN$Atar-ili",
"f": {"lang": "akk-x-neoass",
"form": "{1}a-tar-DINGIR",
"cf": "Atar-ili",
"gw": "1",
"sense": "1",
"norm": "Atar-ili",
"pos": "PN",
"epos": "PN"}
}
,
{
"node": "d",
"type": "line-start",
"ref": "P335542.13",
"n": "9",
"label": "o 9"}
,
{
"node": "c",
"type": "phrase",
"tag": "phr",
"id": "P335542.U9",
"ref": "P335542.ls00005",
"cdl": [
{
"node": "l",
"frag": "[ina",
"id": "P335542.l000c5",
"ref": "P335542.13.1",
"inst": "ina[in+=for]PRP",
"sig": "@saao/saa14%akk-x-neoass:ina=ina[in//in]PRP'PRP$ina",
"f": {"lang": "akk-x-neoass",
"form": "ina",
"cf": "ina",
"gw": "in",
"sense": "in",
"norm": "ina",
"pos": "PRP",
"epos": "PRP"}
}
,
{
"node": "l",
"frag": "ŠA₃",
"id": "P335542.l000c6",
"ref": "P335542.13.2",
"inst": "libbi[interior]N",
"sig": "@saao/saa14%akk-x-neoass:ŠA₃=libbu[interior//interior]N'N$libbi",
"f": {"lang": "akk-x-neoass",
"form": "ŠA₃",
"cf": "libbu",
"gw": "interior",
"sense": "interior",
"norm": "libbi",
"pos": "N",
"epos": "N"}
}
]}
,
{
"node": "l",
"frag": "x",
"id": "P335542.l000c7",
"ref": "P335542.13.3",
"inst": "u",
"f": {"lang": "akk-x-neoass",
"form": "x",
"pos": "u"}
}
,
{
"node": "l",
"frag": "MA",
"id": "P335542.l000c8",
"ref": "P335542.13.4",
"inst": "manû[a unit of weight]N",
"sig": "@saao/saa14%akk-x-neoass:MA=manû[unit//a unit of weight]N'N$manû",
"f": {"lang": "akk-x-neoass",
"form": "MA",
"cf": "manû",
"gw": "unit",
"sense": "a unit of weight",
"norm": "manû",
"pos": "N",
"epos": "N"}
}
,
{
"node": "l",
"frag": "KUG.UD",
"id": "P335542.l000c9",
"ref": "P335542.13.5",
"inst": "ṣarpi[silver]N",
"sig": "@saao/saa14%akk-x-neoass:KUG.UD=ṣarpu[silver//silver]N'N$ṣarpi",
"f": {"lang": "akk-x-neoass",
"form": "KUG.UD",
"cf": "ṣarpu",
"gw": "silver",
"sense": "silver",
"norm": "ṣarpi",
"pos": "N",
"epos": "N"}
}
,
{
"node": "l",
"frag": "ša₂]",
"id": "P335542.l000ca",
"ref": "P335542.13.6",
"inst": "ša[of]DET",
"sig": "@saao/saa14%akk-x-neoass:ša₂=ša[of//of]DET'DET$ša",
"f": {"lang": "akk-x-neoass",
"form": "ša₂",
"cf": "ša",
"gw": "of",
"sense": "of",
"norm": "ša",
"pos": "DET",
"epos": "DET"}
}
,
{
"node": "l",
"frag": "{⸢uru⸣}gar-ga-mis",
"id": "P335542.l000cb",
"ref": "P335542.13.7",
"inst": "Gargamis[Carchemish]GN",
"sig": "@saao/saa14%akk-x-neoass:{URU}gar-ga-mis=Gargamis[Carchemish//Carchemish]GN'GN$Gargamis",
"f": {"lang": "akk-x-neoass",
"form": "{URU}gar-ga-mis",
"cf": "Gargamis",
"gw": "Carchemish",
"sense": "Carchemish",
"norm": "Gargamis",
"pos": "GN",
"epos": "GN"}
}
,
{
"node": "d",
"type": "line-start",
"ref": "P335542.14",
"n": "10",
"label": "o 10"}
,
{
"node": "l",
"frag": "[il-qi",
"id": "P335542.l000cc",
"ref": "P335542.14.1",
"inst": "ilqi[purchase]V",
"sig": "@saao/saa14%akk-x-neoass:il-qi=leqû[take//purchase]V'V$ilqi",
"f": {"lang": "akk-x-neoass",
"form": "il-qi",
"cf": "leqû",
"gw": "take",
"sense": "purchase",
"norm": "ilqi",
"pos": "V",
"epos": "V"}
}
,
{
"node": "l",
"frag": "kas-pu",
"id": "P335542.l000cd",
"ref": "P335542.14.2",
"inst": "kaspu[money]N",
"sig": "@saao/saa14%akk-x-neoass:kas-pu=kaspu[silver//money]N'N$kaspu",
"f": {"lang": "akk-x-neoass",
"form": "kas-pu",
"cf": "kaspu",
"gw": "silver",
"sense": "money",
"norm": "kaspu",
"pos": "N",
"epos": "N"}
}
,
{
"node": "l",
"frag": "gam]-⸢mur⸣",
"id": "P335542.l000ce",
"ref": "P335542.14.3",
"inst": "gammur[completed]AJ",
"sig": "@saao/saa14%akk-x-neoass:gam-mur=gammuru[finished//completed]AJ'AJ$gammur",
"f": {"lang": "akk-x-neoass",
"form": "gam-mur",
"cf": "gammuru",
"gw": "finished",
"sense": "completed",
"norm": "gammur",
"pos": "AJ",
"epos": "AJ"}
}
,
{
"node": "l",
"frag": "ta-din",
"id": "P335542.l000cf",
"ref": "P335542.14.4",
"inst": "tadin[paid]AJ",
"sig": "@saao/saa14%akk-x-neoass:ta-din=tadnu[given//paid]AJ'AJ$tadin",
"f": {"lang": "akk-x-neoass",
"form": "ta-din",
"cf": "tadnu",
"gw": "given",
"sense": "paid",
"norm": "tadin",
"pos": "AJ",
"epos": "AJ"}
}
,
{
"node": "d",
"type": "line-start",
"ref": "P335542.15",
"n": "11",
"label": "o 11"}
,
{
"node": "l",
"frag": "{[uru}ŠE",
"id": "P335542.l000d0",
"ref": "P335542.15.1",
"inst": "kapru[village]N",
"sig": "@saao/saa14%akk-x-neoass:{URU}ŠE=kapru[village//village]N'N$kapru",
"f": {"lang": "akk-x-neoass",
"form": "{URU}ŠE",
"cf": "kapru",
"gw": "village",
"sense": "village",
"norm": "kapru",
"pos": "N",
"epos": "N"}
}
,
{
"node": "l",
"frag": "šu₂-a-tu₂",
"id": "P335542.l000d1",
"ref": "P335542.15.2",
"inst": "šuātu[that]'DP",
"sig": "@saao/saa14%akk-x-neoass:šu₂-a-tu₂=šuāti[him//that]IP'DP$šuātu",
"f": {"lang": "akk-x-neoass",
"form": "šu₂-a-tu₂",
"cf": "šuāti",
"gw": "him",
"sense": "that",
"norm": "šuātu",
"pos": "IP",
"epos": "DP"}
}
,
{
"node": "l",
"frag": "za-rip]",
"id": "P335542.l000d2",
"ref": "P335542.15.3",
"inst": "zarip[purchased]AJ",
"sig": "@saao/saa14%akk-x-neoass:za-rip=zarpu[purchased//purchased]AJ'AJ$zarip",
"f": {"lang": "akk-x-neoass",
"form": "za-rip",
"cf": "zarpu",
"gw": "purchased",
"sense": "purchased",
"norm": "zarip",
"pos": "AJ",
"epos": "AJ"}
}
,
{
"node": "l",
"frag": "laq-qi",
"id": "P335542.l000d3",
"ref": "P335542.15.4",
"inst": "laqqi[acquired]AJ",
"sig": "@saao/saa14%akk-x-neoass:laq-qi=leqû[taken//acquired]AJ'AJ$laqqi",
"f": {"lang": "akk-x-neoass",
"form": "laq-qi",
"cf": "leqû",
"gw": "taken",
"sense": "acquired",
"norm": "laqqi",
"pos": "AJ",
"epos": "AJ"}
}
,
{
"node": "d",
"type": "line-start",
"ref": "P335542.16",
"n": "12",
"label": "o 12"}
,
{
"node": "l",
"frag": "[tu-a-ru",
"id": "P335542.l000d4",
"ref": "P335542.16.1",
"inst": "tuāru[revocation]'N",
"sig": "@saao/saa14%akk-x-neoass:tu-a-ru=târu[turn//revocation]V'N$tuāru",
"f": {"lang": "akk-x-neoass",
"form": "tu-a-ru",
"cf": "târu",
"gw": "turn",
"sense": "revocation",
"norm": "tuāru",
"pos": "V",
"epos": "N"}
}
,
{
"node": "l",
"frag": "de-e-nu]",
"id": "P335542.l000d5",
"ref": "P335542.16.2",
"inst": "dēnu[lawsuit]N",
"sig": "@saao/saa14%akk-x-neoass:de-e-nu=dīnu[legal decision//lawsuit]N'N$dēnu",
"f": {"lang": "akk-x-neoass",
"form": "de-e-nu",
"cf": "dīnu",
"gw": "legal decision",
"sense": "lawsuit",
"norm": "dēnu",
"pos": "N",
"epos": "N"}
}
,
{
"node": "l",
"frag": "DUG₄.⸢DUG₄⸣",
"id": "P335542.l000d6",
"ref": "P335542.16.3",
"inst": "dabābu[litigation]'N",
"sig": "@saao/saa14%akk-x-neoass:DUG₄.DUG₄=dabābu[speak//litigation]V'N$dabābu",
"f": {"lang": "akk-x-neoass",
"form": "DUG₄.DUG₄",
"cf": "dabābu",
"gw": "speak",
"sense": "litigation",
"norm": "dabābu",
"pos": "V",
"epos": "N"}
}
,
{
"node": "l",
"frag": "o",
"id": "P335542.l000d7",
"ref": "P335542.16.4",
"inst": "u",
"f": {"lang": "akk-x-neoass",
"form": "o",
"pos": "u"}
}
,
{
"node": "d",
"type": "nonx",
"ref": "P335542.17",
"strict": "0",
"extent": "rest",
"state": "missing"}
,
{
"node": "d",
"subtype": "reverse",
"type": "surface",
"ref": "P335542.r.18",
"type": "reverse",
"label": "r"}
,
{
"node": "d",
"type": "nonx",
"ref": "P335542.19",
"strict": "0",
"extent": "beginning",
"state": "missing"}
,
{
"node": "d",
"type": "line-start",
"ref": "P335542.20",
"n": "1'",
"label": "r 1'"}
,
{
"node": "l",
"frag": "[IGI",
"id": "P335542.l000d8",
"ref": "P335542.20.1",
"inst": "šību[witness]N",
"sig": "@saao/saa14%akk-x-neoass:IGI=šību[witness//witness]N'N$šību",
"f": {"lang": "akk-x-neoass",
"form": "IGI",
"cf": "šību",
"gw": "witness",
"sense": "witness",
"norm": "šību",
"pos": "N",
"epos": "N"}
}
,
{
"node": "l",
"frag": "{1}x",
"id": "P335542.l000d9",
"ref": "P335542.20.2",
"inst": "u",
"f": {"lang": "akk-x-neoass",
"form": "{1}x",
"pos": "u"}
}
,
{
"node": "l",
"frag": "x",
"id": "P335542.l000da",
"ref": "P335542.20.3",
"inst": "u",
"f": {"lang": "akk-x-neoass",
"form": "x",
"pos": "u"}
}
,
{
"node": "l",
"frag": "x",
"id": "P335542.l000db",
"ref": "P335542.20.4",
"inst": "u",
"f": {"lang": "akk-x-neoass",
"form": "x",
"pos": "u"}
}
,
{
"node": "l",
"frag": "x",
"id": "P335542.l000dc",
"ref": "P335542.20.5",
"inst": "u",
"f": {"lang": "akk-x-neoass",
"form": "x",
"pos": "u"}
}
,
{
"node": "l",
"frag": "x",
"id": "P335542.l000dd",
"ref": "P335542.20.6",
"inst": "u",
"f": {"lang": "akk-x-neoass",
"form": "x",
"pos": "u"}
}
,
{
"node": "l",
"frag": "x]+⸢x⸣",
"id": "P335542.l000de",
"ref": "P335542.20.7",
"inst": "u",
"f": {"lang": "akk-x-neoass",
"form": "x+x",
"pos": "u"}
}
,
{
"node": "d",
"type": "line-start",
"ref": "P335542.21",
"n": "2'",
"label": "r 2'"}
,
{
"node": "l",
"frag": "[IGI",
"id": "P335542.l000df",
"ref": "P335542.21.1",
"inst": "šību[witness]N",
"sig": "@saao/saa14%akk-x-neoass:IGI=šību[witness//witness]N'N$šību",
"f": {"lang": "akk-x-neoass",
"form": "IGI",
"cf": "šību",
"gw": "witness",
"sense": "witness",
"norm": "šību",
"pos": "N",
"epos": "N"}
}
,
{
"node": "l",
"frag": "{1}x",
"id": "P335542.l000e0",
"ref": "P335542.21.2",
"inst": "u",
"f": {"lang": "akk-x-neoass",
"form": "{1}x",
"pos": "u"}
}
,
{
"node": "l",
"frag": "x",
"id": "P335542.l000e1",
"ref": "P335542.21.3",
"inst": "u",
"f": {"lang": "akk-x-neoass",
"form": "x",
"pos": "u"}
}
,
{
"node": "l",
"frag": "x",
"id": "P335542.l000e2",
"ref": "P335542.21.4",
"inst": "u",
"f": {"lang": "akk-x-neoass",
"form": "x",
"pos": "u"}
}
,
{
"node": "l",
"frag": "x",
"id": "P335542.l000e3",
"ref": "P335542.21.5",
"inst": "u",
"f": {"lang": "akk-x-neoass",
"form": "x",
"pos": "u"}
}
,
{
"node": "l",
"frag": "{lu₂v]}GAL-KA.⸢KEŠ₂⸣",
"id": "P335542.l000e4",
"ref": "P335542.21.6",
"cof-tails": "P335542.l000e5",
"inst": "rabû[big one]N$rab&kiṣru[knot]N$kiṣri",
"sig": "@saao/saa14%akk-x-neoass:{LU₂}GAL-KA.KEŠ₂=rabû[big one//big one]N'N$rab&&@saao%akk-x-neoass:=kiṣru[knot//knot]N'N$kiṣri",
"f": {"lang": "akk-x-neoass",
"form": "{LU₂}GAL-KA.KEŠ₂",
"cf": "rabû",
"gw": "big one",
"sense": "big one",
"norm": "rab",
"pos": "N",
"epos": "N"}
}
,
{
"node": "l",
"frag": "{lu₂v]}GAL-KA.⸢KEŠ₂⸣",
"id": "P335542.l000e5",
"ref": "P335542.21.6",
"cof-head": "P335542.l000e4",
"inst": "rabû[big one]N$rab&kiṣru[knot]N$kiṣri",
"tail-sig": "@saao%akk-x-neoass:=kiṣru[knot//knot]N'N$kiṣri",
"f": {"lang": "akk-x-neoass",
"form": "{LU₂}GAL-KA.KEŠ₂",
"cf": "kiṣru",
"gw": "knot",
"sense": "knot",
"norm": "kiṣri",
"pos": "N",
"epos": "N"}
}
,
{
"node": "d",
"type": "line-start",
"ref": "P335542.22",
"n": "3'",
"label": "r 3'"}
,
{
"node": "l",
"frag": "[IGI",
"id": "P335542.l000e6",
"ref": "P335542.22.1",
"inst": "šību[witness]N",
"sig": "@saao/saa14%akk-x-neoass:IGI=šību[witness//witness]N'N$šību",
"f": {"lang": "akk-x-neoass",
"form": "IGI",
"cf": "šību",
"gw": "witness",
"sense": "witness",
"norm": "šību",
"pos": "N",
"epos": "N"}
}
,
{
"node": "l",
"frag": "{1}x",
"id": "P335542.l000e7",
"ref": "P335542.22.2",
"inst": "u",
"f": {"lang": "akk-x-neoass",
"form": "{1}x",
"pos": "u"}
}
,
{
"node": "l",
"frag": "x",
"id": "P335542.l000e8",
"ref": "P335542.22.3",
"inst": "u",
"f": {"lang": "akk-x-neoass",
"form": "x",
"pos": "u"}
}
,
{
"node": "l",
"frag": "x",
"id": "P335542.l000e9",
"ref": "P335542.22.4",
"inst": "u",
"f": {"lang": "akk-x-neoass",
"form": "x",
"pos": "u"}
}
,
{
"node": "l",
"frag": "x]-PAB",
"id": "P335542.l000ea",
"ref": "P335542.22.5",
"inst": "u",
"f": {"lang": "akk-x-neoass",
"form": "x-PAB",
"pos": "u"}
}
,
{
"node": "l",
"frag": "{lu₂v}IGI.DUB",
"id": "P335542.l000eb",
"ref": "P335542.22.6",
"inst": "masenni[treasurer]N",
"sig": "@saao/saa14%akk-x-neoass:{LU₂}IGI.DUB=mašennu[(an administrator)//treasurer]N'N$masenni",
"f": {"lang": "akk-x-neoass",
"form": "{LU₂}IGI.DUB",
"cf": "mašennu",
"gw": "(an administrator)",
"sense": "treasurer",
"norm": "masenni",
"pos": "N",
"epos": "N"}
}
,
{
"node": "d",
"type": "line-start",
"ref": "P335542.23",
"n": "4'",
"label": "r 4'"}
,
{
"node": "l",
"frag": "[IGI",
"id": "P335542.l000ec",
"ref": "P335542.23.1",
"inst": "šību[witness]N",
"sig": "@saao/saa14%akk-x-neoass:IGI=šību[witness//witness]N'N$šību",
"f": {"lang": "akk-x-neoass",
"form": "IGI",
"cf": "šību",
"gw": "witness",
"sense": "witness",
"norm": "šību",
"pos": "N",
"epos": "N"}
}
,
{
"node": "l",
"frag": "{1}x",
"id": "P335542.l000ed",
"ref": "P335542.23.2",
"inst": "u",
"f": {"lang": "akk-x-neoass",
"form": "{1}x",
"pos": "u"}
}
,
{
"node": "l",
"frag": "x",
"id": "P335542.l000ee",
"ref": "P335542.23.3",
"inst": "u",
"f": {"lang": "akk-x-neoass",
"form": "x",
"pos": "u"}
}
,
{
"node": "l",
"frag": "x]-{d}al-la-tum",
"id": "P335542.l000ef",
"ref": "P335542.23.4",
"inst": "u",
"f": {"lang": "akk-x-neoass",
"form": "x-{d}al-la-tum",
"pos": "u"}
}
,
{
"node": "c",
"type": "phrase",
"tag": "phr",
"id": "P335542.U10",
"ref": "P335542.ls00006",
"cdl": [
{
"node": "l",
"frag": "{lu₂v}GAL-ki-ṣir",
"id": "P335542.l000f0",
"ref": "P335542.23.5",
"cof-tails": "P335542.l000f1",
"inst": "rabû[big one]N$rab&kiṣru[cohort]N$kiṣir",
"sig": "@saao/saa14%akk-x-neoass:{LU₂}GAL-ki-ṣir=rabû[big one//big one]N'N$rab&&@saao%akk-x-neoass:=kiṣru[knot//cohort]N'N$kiṣir",
"f": {"lang": "akk-x-neoass",
"form": "{LU₂}GAL-ki-ṣir",
"cf": "rabû",
"gw": "big one",
"sense": "big one",
"norm": "rab",
"pos": "N",
"epos": "N"}
}
,
{
"node": "l",
"frag": "{lu₂v}GAL-ki-ṣir",
"id": "P335542.l000f1",
"ref": "P335542.23.5",
"cof-head": "P335542.l000f0",
"inst": "rabû[big one]N$rab&kiṣru[cohort]N$kiṣir",
"tail-sig": "@saao%akk-x-neoass:=kiṣru[knot//cohort]N'N$kiṣir",
"f": {"lang": "akk-x-neoass",
"form": "{LU₂}GAL-ki-ṣir",
"cf": "kiṣru",
"gw": "knot",
"sense": "cohort",
"norm": "kiṣir",
"pos": "N",
"epos": "N"}
}
]}
,
{
"node": "d",
"type": "line-start",
"ref": "P335542.24",
"n": "5'",
"label": "r 5'"}
,
{
"node": "l",
"frag": "⸢IGI⸣",
"id": "P335542.l000f2",
"ref": "P335542.24.1",
"inst": "šību[witness]N",
"sig": "@saao/saa14%akk-x-neoass:IGI=šību[witness//witness]N'N$šību",
"f": {"lang": "akk-x-neoass",
"form": "IGI",
"cf": "šību",
"gw": "witness",
"sense": "witness",
"norm": "šību",
"pos": "N",
"epos": "N"}
}
,
{
"node": "l",
"frag": "{1}⸢BAD₃⸣-i",
"id": "P335542.l000f3",
"ref": "P335542.24.2",
"inst": "Duri[1]PN$",
"sig": "@saao/saa14%akk-x-neoass:{1}BAD₃-i=Duri[1//1]PN'PN$Duri",
"f": {"lang": "akk-x-neoass",
"form": "{1}BAD₃-i",
"cf": "Duri",
"gw": "1",
"sense": "1",
"norm": "Duri",
"pos": "PN",
"epos": "PN"}
}
,
{
"node": "l",
"frag": "{lu₂v}3.U₅",
"id": "P335542.l000f4",
"ref": "P335542.24.3",
"inst": "tašlīšu[third man on chariot]N",
"sig": "@saao/saa14%akk-x-neoass:{LU₂}3.U₅=tašlīšu[third man on chariot//third man on chariot]N'N$tašlīšu",
"f": {"lang": "akk-x-neoass",
"form": "{LU₂}3.U₅",
"cf": "tašlīšu",
"gw": "third man on chariot",
"sense": "third man on chariot",
"norm": "tašlīšu",
"pos": "N",
"epos": "N"}
}
,
{
"node": "d",
"type": "line-start",
"ref": "P335542.25",
"n": "6'",
"label": "r 6'"}
,
{
"node": "l",
"frag": "IGI",
"id": "P335542.l000f5",
"ref": "P335542.25.1",
"inst": "šību[witness]N",
"sig": "@saao/saa14%akk-x-neoass:IGI=šību[witness//witness]N'N$šību",
"f": {"lang": "akk-x-neoass",
"form": "IGI",
"cf": "šību",
"gw": "witness",
"sense": "witness",
"norm": "šību",
"pos": "N",
"epos": "N"}
}
,
{
"node": "l",
"frag": "{1}DINGIR-ma-ZU",
"id": "P335542.l000f6",
"ref": "P335542.25.2",
"inst": "Ilumma-leʾi[1]PN",
"sig": "@saao/saa14%akk-x-neoass:{1}DINGIR-ma-ZU=Ilumma-leʾi[1//1]PN'PN$Ilumma-leʾi",
"f": {"lang": "akk-x-neoass",
"form": "{1}DINGIR-ma-ZU",
"cf": "Ilumma-leʾi",
"gw": "1",
"sense": "1",
"norm": "Ilumma-leʾi",
"pos": "PN",
"epos": "PN"}
}
,
{
"node": "c",
"type": "phrase",
"tag": "phr",
"id": "P335542.U11",
"ref": "P335542.ls00007",
"cdl": [
{
"node": "l",
"frag": "{lu₂v}GAL-ki-ṣir",
"id": "P335542.l000f7",
"ref": "P335542.25.3",
"cof-tails": "P335542.l000f8",
"inst": "rabû[big one]N$rab&kiṣru[cohort]N$kiṣir",
"sig": "@saao/saa14%akk-x-neoass:{LU₂}GAL-ki-ṣir=rabû[big one//big one]N'N$rab&&@saao%akk-x-neoass:=kiṣru[knot//cohort]N'N$kiṣir",
"f": {"lang": "akk-x-neoass",
"form": "{LU₂}GAL-ki-ṣir",
"cf": "rabû",
"gw": "big one",
"sense": "big one",
"norm": "rab",
"pos": "N",
"epos": "N"}
}
,
{
"node": "l",
"frag": "{lu₂v}GAL-ki-ṣir",
"id": "P335542.l000f8",
"ref": "P335542.25.3",
"cof-head": "P335542.l000f7",
"inst": "rabû[big one]N$rab&kiṣru[cohort]N$kiṣir",
"tail-sig": "@saao%akk-x-neoass:=kiṣru[knot//cohort]N'N$kiṣir",
"f": {"lang": "akk-x-neoass",
"form": "{LU₂}GAL-ki-ṣir",
"cf": "kiṣru",
"gw": "knot",
"sense": "cohort",
"norm": "kiṣir",
"pos": "N",
"epos": "N"}
}
]}
,
{
"node": "d",
"type": "line-start",
"ref": "P335542.26",
"n": "7'",
"label": "r 7'"}
,
{
"node": "l",
"frag": "IGI",
"id": "P335542.l000f9",
"ref": "P335542.26.1",
"inst": "šību[witness]N",
"sig": "@saao/saa14%akk-x-neoass:IGI=šību[witness//witness]N'N$šību",
"f": {"lang": "akk-x-neoass",
"form": "IGI",
"cf": "šību",
"gw": "witness",
"sense": "witness",
"norm": "šību",
"pos": "N",
"epos": "N"}
}
,
{
"node": "l",
"frag": "{1}DI-mu-MAN",
"id": "P335542.l000fa",
"ref": "P335542.26.2",
"inst": "Šulmu-šarri[1]PN",
"sig": "@saao/saa14%akk-x-neoass:{1}DI-mu-MAN=Šulmu-šarri[1//1]PN'PN$Šulmu-šarri",
"f": {"lang": "akk-x-neoass",
"form": "{1}DI-mu-MAN",
"cf": "Šulmu-šarri",
"gw": "1",
"sense": "1",
"norm": "Šulmu-šarri",
"pos": "PN",
"epos": "PN"}
}
,
{
"node": "l",
"frag": "{lu₂v}qur-ZAG",
"id": "P335542.l000fb",
"ref": "P335542.26.3",
"inst": "ša-qurbūti[(royal) confidant]N",
"sig": "@saao/saa14%akk-x-neoass:{LU₂}qur-ZAG=ša-qurbūti[close follower//(royal) confidant]N'N$ša-qurbūti",
"f": {"lang": "akk-x-neoass",
"form": "{LU₂}qur-ZAG",
"cf": "ša-qurbūti",
"gw": "close follower",
"sense": "(royal) confidant",
"norm": "ša-qurbūti",
"pos": "N",
"epos": "N"}
}
,
{
"node": "d",
"type": "line-start",
"ref": "P335542.27",
"n": "8'",
"label": "r 8'"}
,
{
"node": "l",
"frag": "IGI",
"id": "P335542.l000fc",
"ref": "P335542.27.1",
"inst": "šību[witness]N",
"sig": "@saao/saa14%akk-x-neoass:IGI=šību[witness//witness]N'N$šību",
"f": {"lang": "akk-x-neoass",
"form": "IGI",
"cf": "šību",
"gw": "witness",
"sense": "witness",
"norm": "šību",
"pos": "N",
"epos": "N"}
}
,
{
"node": "l",
"frag": "{1}10--la-din",
"id": "P335542.l000fd",
"ref": "P335542.27.2",
"inst": "Adda-ladin[1]PN$",
"sig": "@saao/saa14%akk-x-neoass:{1}10-la-din=Adda-ladin[1//1]PN'PN$Adda-ladin",
"f": {"lang": "akk-x-neoass",
"form": "{1}10-la-din",
"cf": "Adda-ladin",
"gw": "1",
"sense": "1",
"norm": "Adda-ladin",
"pos": "PN",
"epos": "PN"}
}
,
{
"node": "l",
"frag": "{lu₂v}qur-ZAG",
"id": "P335542.l000fe",
"ref": "P335542.27.3",
"inst": "ša-qurbūti[(royal) confidant]N",
"sig": "@saao/saa14%akk-x-neoass:{LU₂}qur-ZAG=ša-qurbūti[close follower//(royal) confidant]N'N$ša-qurbūti",
"f": {"lang": "akk-x-neoass",
"form": "{LU₂}qur-ZAG",
"cf": "ša-qurbūti",
"gw": "close follower",
"sense": "(royal) confidant",
"norm": "ša-qurbūti",
"pos": "N",
"epos": "N"}
}
,
{
"node": "d",
"type": "line-start",
"ref": "P335542.28",
"n": "9'",
"label": "r 9'"}
,
{
"node": "l",
"frag": "IGI",
"id": "P335542.l000ff",
"ref": "P335542.28.1",
"inst": "šību[witness]N",
"sig": "@saao/saa14%akk-x-neoass:IGI=šību[witness//witness]N'N$šību",
"f": {"lang": "akk-x-neoass",
"form": "IGI",
"cf": "šību",
"gw": "witness",
"sense": "witness",
"norm": "šību",
"pos": "N",
"epos": "N"}
}
,
{
"node": "l",
"frag": "{1}SUHUŠ-KASKAL",
"id": "P335542.l00100",
"ref": "P335542.28.2",
"inst": "Ubru-Harran[1]PN",
"sig": "@saao/saa14%akk-x-neoass:{1}SUHUŠ-KASKAL=Ubru-Harran[1//1]PN'PN$Ubru-Harran",
"f": {"lang": "akk-x-neoass",
"form": "{1}SUHUŠ-KASKAL",
"cf": "Ubru-Harran",
"gw": "1",
"sense": "1",
"norm": "Ubru-Harran",
"pos": "PN",
"epos": "PN"}
}
,
{
"node": "l",
"frag": "{lu₂v}3.U₅",
"id": "P335542.l00101",
"ref": "P335542.28.3",
"inst": "tašlīšu[third man on chariot]N",
"sig": "@saao/saa14%akk-x-neoass:{LU₂}3.U₅=tašlīšu[third man on chariot//third man on chariot]N'N$tašlīšu",
"f": {"lang": "akk-x-neoass",
"form": "{LU₂}3.U₅",
"cf": "tašlīšu",
"gw": "third man on chariot",
"sense": "third man on chariot",
"norm": "tašlīšu",
"pos": "N",
"epos": "N"}
}
,
{
"node": "d",
"type": "line-start",
"ref": "P335542.29",
"n": "10'",
"label": "r 10'"}
,
{
"node": "l",
"frag": "IGI",
"id": "P335542.l00102",
"ref": "P335542.29.1",
"inst": "šību[witness]N",
"sig": "@saao/saa14%akk-x-neoass:IGI=šību[witness//witness]N'N$šību",
"f": {"lang": "akk-x-neoass",
"form": "IGI",
"cf": "šību",
"gw": "witness",
"sense": "witness",
"norm": "šību",
"pos": "N",
"epos": "N"}
}
,
{
"node": "l",
"frag": "{1}{d}PA-MAN-PAB",
"id": "P335542.l00103",
"ref": "P335542.29.2",
"inst": "Nabu-šarru-uṣur[1]PN",
"sig": "@saao/saa14%akk-x-neoass:{1}{d}PA-MAN-PAB=Nabu-šarru-uṣur[1//1]PN'PN$Nabu-šarru-uṣur",
"f": {"lang": "akk-x-neoass",
"form": "{1}{d}PA-MAN-PAB",
"cf": "Nabu-šarru-uṣur",
"gw": "1",
"sense": "1",
"norm": "Nabu-šarru-uṣur",
"pos": "PN",
"epos": "PN"}
}
,
{
"node": "l",
"frag": "{lu₂v}3.U₅",
"id": "P335542.l00104",
"ref": "P335542.29.3",
"inst": "tašlīšu[third man on chariot]N",
"sig": "@saao/saa14%akk-x-neoass:{LU₂}3.U₅=tašlīšu[third man on chariot//third man on chariot]N'N$tašlīšu",
"f": {"lang": "akk-x-neoass",
"form": "{LU₂}3.U₅",
"cf": "tašlīšu",
"gw": "third man on chariot",
"sense": "third man on chariot",
"norm": "tašlīšu",
"pos": "N",
"epos": "N"}
}
,
{
"node": "d",
"type": "line-start",
"ref": "P335542.30",
"n": "11'",
"label": "r 11'"}
,
{
"node": "l",
"frag": "IGI",
"id": "P335542.l00105",
"ref": "P335542.30.1",
"inst": "šību[witness]N",
"sig": "@saao/saa14%akk-x-neoass:IGI=šību[witness//witness]N'N$šību",
"f": {"lang": "akk-x-neoass",
"form": "IGI",
"cf": "šību",
"gw": "witness",
"sense": "witness",
"norm": "šību",
"pos": "N",
"epos": "N"}
}
,
{
"node": "l",
"frag": "{1}ig-la-nu",
"id": "P335542.l00106",
"ref": "P335542.30.2",
"inst": "Iglanu[1]PN$",
"sig": "@saao/saa14%akk-x-neoass:{1}ig-la-nu=Iglanu[1//1]PN'PN$Iglanu",
"f": {"lang": "akk-x-neoass",
"form": "{1}ig-la-nu",
"cf": "Iglanu",
"gw": "1",
"sense": "1",
"norm": "Iglanu",
"pos": "PN",
"epos": "PN"}
}
,
{
"node": "l",
"frag": "{lu₂v}GAL-URU-MEŠ",
"id": "P335542.l00107",
"ref": "P335542.30.3",
"cof-tails": "P335542.l00108",
"inst": "rabû[big one]N$rab&ālu[city]N$ālāni",
"sig": "@saao/saa14%akk-x-neoass:{LU₂}GAL-URU-MEŠ=rabû[big one//big one]N'N$rab&&@saao%akk-x-neoass:=ālu[city//city]N'N$ālāni",
"f": {"lang": "akk-x-neoass",
"form": "{LU₂}GAL-URU-MEŠ",
"cf": "rabû",
"gw": "big one",
"sense": "big one",
"norm": "rab",
"pos": "N",
"epos": "N"}
}
,
{
"node": "l",
"frag": "{lu₂v}GAL-URU-MEŠ",
"id": "P335542.l00108",
"ref": "P335542.30.3",
"cof-head": "P335542.l00107",
"inst": "rabû[big one]N$rab&ālu[city]N$ālāni",
"tail-sig": "@saao%akk-x-neoass:=ālu[city//city]N'N$ālāni",
"f": {"lang": "akk-x-neoass",
"form": "{LU₂}GAL-URU-MEŠ",
"cf": "ālu",
"gw": "city",
"sense": "city",
"norm": "ālāni",
"pos": "N",
"epos": "N"}
}
,
{
"node": "d",
"type": "nonx",
"ref": "P335542.31",
"strict": "0",
"extent": "3",
"scope": "line",
"state": "other"}
,
{
"node": "d",
"type": "line-start",
"ref": "P335542.32",
"n": "12'",
"label": "r 12'"}
,
{
"node": "l",
"frag": "{iti}ŠE",
"id": "P335542.l00109",
"ref": "P335542.32.1",
"inst": "Addari[Adar]MN",
"sig": "@saao/saa14%akk-x-neoass:{ITI}ŠE=Addaru[Adar//Adar]MN'MN$Addari",
"f": {"lang": "akk-x-neoass",
"form": "{ITI}ŠE",
"cf": "Addaru",
"gw": "Adar",
"sense": "Adar",
"norm": "Addari",
"pos": "MN",
"epos": "MN"}
}
,
{
"node": "l",
"frag": "UD",
"id": "P335542.l0010a",
"ref": "P335542.32.2",
"inst": "ūm[day]N",
"sig": "@saao/saa14%akk-x-neoass:UD=ūmu[day//day]N'N$ūm",
"f": {"lang": "akk-x-neoass",
"form": "UD",
"cf": "ūmu",
"gw": "day",
"sense": "day",
"norm": "ūm",
"pos": "N",
"epos": "N"}
}
,
{
"node": "l",
"frag": "19-KAM₂",
"id": "P335542.l0010b",
"ref": "P335542.32.3",
"inst": "n",
"f": {"lang": "akk-x-neoass",
"form": "19-KAM₂",
"pos": "n"}
}
,
{
"node": "d",
"type": "line-start",
"ref": "P335542.33",
"n": "13'",
"label": "r 13'"}
,
{
"node": "l",
"frag": "⸢lim-me⸣",
"id": "P335542.l0010c",
"ref": "P335542.33.1",
"inst": "limme[eponym (of year)]N",
"sig": "@saao/saa14%akk-x-neoass:lim-me=līmu[eponym (of year)//eponym (of year)]N'N$limme",
"f": {"lang": "akk-x-neoass",
"form": "lim-me",
"cf": "līmu",
"gw": "eponym (of year)",
"sense": "eponym (of year)",
"norm": "limme",
"pos": "N",
"epos": "N"}
}
,
{
"node": "l",
"frag": "{1}{iti}AB-a.a",
"id": "P335542.l0010d",
"ref": "P335542.33.2",
"inst": "Kanunaya[1]PN",
"sig": "@saao/saa14%akk-x-neoass:{1}{ITI}AB-a.a=Kanunayu[1//1]PN'PN$Kanunaya",
"f": {"lang": "akk-x-neoass",
"form": "{1}{ITI}AB-a.a",
"cf": "Kanunayu",
"gw": "1",
"sense": "1",
"norm": "Kanunaya",
"pos": "PN",
"epos": "PN"}
}
,
{
"node": "d",
"subtype": "edge",
"type": "surface",
"ref": "P335542.e..34",
"type": "edge",
"label": "e."}
,
{
"node": "d",
"type": "line-start",
"ref": "P335542.35",
"n": "1",
"label": "e. 1"}
,
{
"node": "l",
"frag": "[ša",
"id": "P335542.l0010e",
"ref": "P335542.35.1",
"inst": "ša[from]'PRP",
"sig": "@saao/saa14%akk-x-neoass:ša=ša[of//from]DET'PRP$ša",
"f": {"lang": "akk-x-neoass",
"form": "ša",
"cf": "ša",
"gw": "of",
"sense": "from",
"norm": "ša",
"pos": "DET",
"epos": "PRP"}
}
,
{
"node": "l",
"frag": "{uru}ŠE",
"id": "P335542.l0010f",
"ref": "P335542.35.2",
"inst": "kapru[village]N",
"sig": "@saao/saa14%akk-x-neoass:{URU}ŠE=kapru[village//village]N'N$kapru",
"f": {"lang": "akk-x-neoass",
"form": "{URU}ŠE",
"cf": "kapru",
"gw": "village",
"sense": "village",
"norm": "kapru",
"pos": "N",
"epos": "N"}
}
,
{
"node": "l",
"frag": "šu₂-a-tu₂]",
"id": "P335542.l00110",
"ref": "P335542.35.3",
"inst": "šuātu[that]'DP",
"sig": "@saao/saa14%akk-x-neoass:šu₂-a-tu₂=šuāti[him//that]IP'DP$šuātu",
"f": {"lang": "akk-x-neoass",
"form": "šu₂-a-tu₂",
"cf": "šuāti",
"gw": "him",
"sense": "that",
"norm": "šuātu",
"pos": "IP",
"epos": "DP"}
}
,
{
"node": "l",
"frag": "{še}nu-sa-hi-šu₂",
"id": "P335542.l00111",
"ref": "P335542.35.4",
"inst": "nusāhu[(a grain tax)//grain tax]N$nusāhīšu",
"sig": "@saao/saa14%akk-x-neoass:{ŠE}nu-sa-hi-šu₂=nusāhu[(a grain tax)//grain tax]N'N$nusāhīšu",
"f": {"lang": "akk-x-neoass",
"form": "{ŠE}nu-sa-hi-šu₂",
"cf": "nusāhu",
"gw": "(a grain tax)",
"sense": "grain tax",
"norm": "nusāhīšu",
"pos": "N",
"epos": "N"}
}
,
{
"node": "d",
"type": "line-start",
"ref": "P335542.36",
"n": "2",
"label": "e. 2"}
,
{
"node": "l",
"frag": "[la",
"id": "P335542.l00112",
"ref": "P335542.36.1",
"inst": "lā[not]MOD",
"sig": "@saao/saa14%akk-x-neoass:la=lā[not//not]MOD'MOD$lā",
"f": {"lang": "akk-x-neoass",
"form": "la",
"cf": "lā",
"gw": "not",
"sense": "not",
"norm": "lā",
"pos": "MOD",
"epos": "MOD"}
}
,
{
"node": "l",
"frag": "i-na-su-hu]",
"id": "P335542.l00113",
"ref": "P335542.36.2",
"inst": "nasāhu[tear out//exact]V$inassuhu",
"sig": "@saao/saa14%akk-x-neoass:i-na-su-hu=nasāhu[tear out//exact]V'V$inassuhu",
"f": {"lang": "akk-x-neoass",
"form": "i-na-su-hu",
"cf": "nasāhu",
"gw": "tear out",
"sense": "exact",
"norm": "inassuhu",
"pos": "V",
"epos": "V"}
}
,
{
"node": "l",
"frag": "{še}IN.NU-šu₂",
"id": "P335542.l00114",
"ref": "P335542.36.3",
"inst": "tibnūšu[straw]N",
"sig": "@saao/saa14%akk-x-neoass:{ŠE}IN.NU-šu₂=tibnu[straw//straw]N'N$tibnūšu",
"f": {"lang": "akk-x-neoass",
"form": "{ŠE}IN.NU-šu₂",
"cf": "tibnu",
"gw": "straw",
"sense": "straw",
"norm": "tibnūšu",
"pos": "N",
"epos": "N"}
}
,
{
"node": "l",
"frag": "la",
"id": "P335542.l00115",
"ref": "P335542.36.4",
"inst": "lā[not]MOD",
"sig": "@saao/saa14%akk-x-neoass:la=lā[not//not]MOD'MOD$lā",
"f": {"lang": "akk-x-neoass",
"form": "la",
"cf": "lā",
"gw": "not",
"sense": "not",
"norm": "lā",
"pos": "MOD",
"epos": "MOD"}
}
,
{
"node": "l",
"frag": "iš-šab-ba-aš₂",
"id": "P335542.l00116",
"ref": "P335542.36.5",
"inst": "šabāšu[gather//collect]V$išabbaš",
"sig": "@saao/saa14%akk-x-neoass:iš-šab-ba-aš₂=šabāšu[gather//collect]V'V$išabbaš",
"f": {"lang": "akk-x-neoass",
"form": "iš-šab-ba-aš₂",
"cf": "šabāšu",
"gw": "gather",
"sense": "collect",
"norm": "išabbaš",
"pos": "V",
"epos": "V"}
}
]}
]}
]}
,
{
"linkbase": [{
"type": "linkset",
"xlink_title": "rab urâti[overseer of teams//team commander]N'N",
"id": "P335542.ls00000",
"xlink_type": "extended",
"xlink_role": "psu",
"sig": "{rabû[big one]N urû[team]N += rab urâti[overseer of teams//team commander]N'N}::@saao%akk-x-neoass:{LU₂}GAL-u₂-rat=rabû[big one//big one]N'N$rab++@saao%akk-x-neoass:{LU₂}GAL-u₂-rat=urû[team//team (of equids)]N'N$urāt",
"links": [
{
"type": "link",
"xlink_title": "rabû",
"xlink_type": "locator",
"xlink_href": "#P335542.l000aa",
"xlink_role": "elt"}
,
{
"type": "link",
"xlink_title": "urû",
"xlink_type": "locator",
"xlink_href": "#P335542.l000ab",
"xlink_role": "elt"}
]}
,
{
"type": "linkset",
"xlink_title": "ana gimirtīšu[in its totality//in its totality]PRP'PRP",
"id": "P335542.ls00001",
"xlink_type": "extended",
"xlink_role": "psu",
"sig": "{ana[to]PRP gimirtu[totality]N += ana gimirtīšu[in its totality//in its totality]PRP'PRP}::@saao%akk-x-neoass:a-na=ana[to//to]PRP'PRP$ana++@saao%akk-x-neoass:gi-mir-ti-šu₂=gimirtu[totality//totality]N'N$gimirtīšu",
"links": [
{
"type": "link",
"xlink_title": "ana",
"xlink_type": "locator",
"xlink_href": "#P335542.l000b0",
"xlink_role": "elt"}
,
{
"type": "link",
"xlink_title": "gimirtīšu",
"xlink_type": "locator",
"xlink_href": "#P335542.l000b1",
"xlink_role": "elt"}
]}
,
{
"type": "linkset",
"xlink_title": "ina libbi[in//(in exchange) for]PRP'PRP",
"id": "P335542.ls00002",
"xlink_type": "extended",
"xlink_role": "psu",
"sig": "{ina[in]PRP libbu[interior]N += ina libbi[in//(in exchange) for]PRP'PRP}::@saao%akk-x-neoass:ina=ina[in//into]PRP'PRP$ina++@saao%akk-x-neoass:ŠA₃=libbu[interior//interior]N'N$libbi",
"links": [
{
"type": "link",
"xlink_title": "ina",
"xlink_type": "locator",
"xlink_href": "#P335542.l000b8",
"xlink_role": "elt"}
,
{
"type": "link",
"xlink_title": "libbi",
"xlink_type": "locator",
"xlink_href": "#P335542.l000b9",
"xlink_role": "elt"}
]}
,
{
"type": "linkset",
"xlink_title": "issi ēkalli[queen//queen]N'N",
"id": "P335542.ls00003",
"xlink_type": "extended",
"xlink_role": "psu",
"sig": "{sinništu[woman]N ēkallu[palace]N += issi ēkalli[queen//queen]N'N}::@saao%akk-x-neoass:MI₂-E₂.GAL=sinništu[woman//woman]N'N$issi++@saao%akk-x-neoass:MI₂-E₂.GAL=ēkallu[palace//palace]N'N$ēkalli",
"links": [
{
"type": "link",
"xlink_title": "sinništu",
"xlink_type": "locator",
"xlink_href": "#P335542.l000c0",
"xlink_role": "elt"}
,
{
"type": "link",
"xlink_title": "ēkallu",
"xlink_type": "locator",
"xlink_href": "#P335542.l000c1",
"xlink_role": "elt"}
]}
,
{
"type": "linkset",
"xlink_title": "ištu pān[from//because of]PRP'PRP",
"id": "P335542.ls00004",
"xlink_type": "extended",
"xlink_role": "psu",
"sig": "{ištu[from]PRP pānu[front]N += ištu pān[from//because of]PRP'PRP}::@saao%akk-x-neoass:TA@v=ištu[from//from]PRP'PRP$issu++@saao%akk-x-neoass:IGI=pānu[front//front]N'N$pān",
"links": [
{
"type": "link",
"xlink_title": "issu",
"xlink_type": "locator",
"xlink_href": "#P335542.l000c2",
"xlink_role": "elt"}
,
{
"type": "link",
"xlink_title": "pān",
"xlink_type": "locator",
"xlink_href": "#P335542.l000c3",
"xlink_role": "elt"}
]}
,
{
"type": "linkset",
"xlink_title": "ina libbi[in//(in exchange) for]PRP'PRP",
"id": "P335542.ls00005",
"xlink_type": "extended",
"xlink_role": "psu",
"sig": "{ina[in]PRP libbu[interior]N += ina libbi[in//(in exchange) for]PRP'PRP}::@saao%akk-x-neoass:ina=ina[in//into]PRP'PRP$ina++@saao%akk-x-neoass:ŠA₃=libbu[interior//interior]N'N$libbi",
"links": [
{
"type": "link",
"xlink_title": "ina",
"xlink_type": "locator",
"xlink_href": "#P335542.l000c5",
"xlink_role": "elt"}
,
{
"type": "link",
"xlink_title": "libbi",
"xlink_type": "locator",
"xlink_href": "#P335542.l000c6",
"xlink_role": "elt"}
]}
,
{
"type": "linkset",
"xlink_title": "rab kiṣri[centurion//cohort commander]N'N",
"id": "P335542.ls00006",
"xlink_type": "extended",
"xlink_role": "psu",
"sig": "{{LU₂}GAL-ki-ṣir = rabû[big one]N kiṣru[knot]N += rab kiṣri[centurion//cohort commander]N'N}::@saao/saa10%akk-x-neoass:{LU₂}GAL-ki-ṣir=rabû[big one//big one]N'N$rab++@saao/saa10%akk-x-neobab:{LU₂}GAL-ki-ṣir=kiṣru[knot//knot]N'N$kiṣir",
"links": [
{
"type": "link",
"xlink_title": "rabû",
"xlink_type": "locator",
"xlink_href": "#P335542.l000f0",
"xlink_role": "elt"}
,
{
"type": "link",
"xlink_title": "kiṣru",
"xlink_type": "locator",
"xlink_href": "#P335542.l000f1",
"xlink_role": "elt"}
]}
,
{
"type": "linkset",
"xlink_title": "rab kiṣri[centurion//cohort commander]N'N",
"id": "P335542.ls00007",
"xlink_type": "extended",
"xlink_role": "psu",
"sig": "{{LU₂}GAL-ki-ṣir = rabû[big one]N kiṣru[knot]N += rab kiṣri[centurion//cohort commander]N'N}::@saao/saa10%akk-x-neoass:{LU₂}GAL-ki-ṣir=rabû[big one//big one]N'N$rab++@saao/saa10%akk-x-neobab:{LU₂}GAL-ki-ṣir=kiṣru[knot//knot]N'N$kiṣir",
"links": [
{
"type": "link",
"xlink_title": "rabû",
"xlink_type": "locator",
"xlink_href": "#P335542.l000f7",
"xlink_role": "elt"}
,
{
"type": "link",
"xlink_title": "kiṣru",
"xlink_type": "locator",
"xlink_href": "#P335542.l000f8",
"xlink_role": "elt"}
]}
]}
]}
