{
"type": "cdl",
  "source": "http://oracc.org/saao/saa14",
  "license": "This data is released under the CC0 license",
  "license-url": "https://creativecommons.org/publicdomain/zero/1.0/",
  "more-info": "http://oracc.org/doc/opendata/",
  "UTC-timestamp": "2017-05-19T11:49:58",
"project": "saao/saa14",
"textid": "P335432",
"cdl": [
{
"node": "c",
"type": "text",
"id": "P335432.U0",
"cdl": [
{
"node": "d",
"type": "object",
"ref": ""}
,
{
"node": "d",
"subtype": "obverse",
"type": "surface",
"ref": "P335432.o.1",
"type": "obverse",
"label": "o"}
,
{
"node": "d",
"type": "nonx",
"ref": "P335432.2",
"strict": "0",
"state": "other"}
,
{
"node": "d",
"subtype": "reverse",
"type": "surface",
"ref": "P335432.r.3",
"type": "reverse",
"label": "r"}
,
{
"node": "c",
"type": "discourse",
"subtype": "body",
"id": "P335432.U1",
"cdl": [
{
"node": "c",
"type": "sentence",
"id": "P335432.U2",
"label": "r 1 - r 10",
"cdl": [
{
"node": "d",
"type": "line-start",
"ref": "P335432.4",
"n": "1",
"label": "r 1"}
,
{
"node": "l",
"frag": "[ša₂]",
"id": "P335432.l001d3",
"ref": "P335432.4.1",
"inst": "ša[that]REL",
"sig": "@saao/saa14%akk-x-neoass:ša₂=ša[that//that]REL'REL$ša",
"f": {"lang": "akk-x-neoass",
"form": "ša₂",
"cf": "ša",
"gw": "that",
"sense": "that",
"norm": "ša",
"pos": "REL",
"epos": "REL"}
}
,
{
"node": "l",
"frag": "⸢de⸣-e-nu",
"id": "P335432.l001d4",
"ref": "P335432.4.2",
"inst": "dēnu[lawsuit]N",
"sig": "@saao/saa14%akk-x-neoass:de-e-nu=dīnu[legal decision//lawsuit]N'N$dēnu",
"f": {"lang": "akk-x-neoass",
"form": "de-e-nu",
"cf": "dīnu",
"gw": "legal decision",
"sense": "lawsuit",
"norm": "dēnu",
"pos": "N",
"epos": "N"}
}
,
{
"node": "l",
"frag": "⸢DUG₄⸣.[DUG₄]",
"id": "P335432.l001d5",
"ref": "P335432.4.3",
"inst": "dabābu[litigation]'N",
"sig": "@saao/saa14%akk-x-neoass:DUG₄.DUG₄=dabābu[speak//litigation]V'N$dabābu",
"f": {"lang": "akk-x-neoass",
"form": "DUG₄.DUG₄",
"cf": "dabābu",
"gw": "speak",
"sense": "litigation",
"norm": "dabābu",
"pos": "V",
"epos": "N"}
}
,
{
"node": "d",
"type": "line-start",
"ref": "P335432.5",
"n": "2",
"label": "r 2"}
,
{
"node": "l",
"frag": "⸢TA@v⸣",
"id": "P335432.l001d6",
"ref": "P335432.5.1",
"inst": "issi[with]PRP",
"sig": "@saao/saa14%akk-x-neoass:TA@v=išti[with//with]PRP'PRP$issi",
"f": {"lang": "akk-x-neoass",
"form": "TA@v",
"cf": "išti",
"gw": "with",
"sense": "with",
"norm": "issi",
"pos": "PRP",
"epos": "PRP"}
}
,
{
"node": "l",
"frag": "{1}mil-ki-ZALAG₂",
"id": "P335432.l001d7",
"ref": "P335432.5.2",
"inst": "Milki-nuri[1]PN$",
"sig": "@saao/saa14%akk-x-neoass:{1}mil-ki-ZALAG₂=Milki-nuri[1//1]PN'PN$Milki-nuri",
"f": {"lang": "akk-x-neoass",
"form": "{1}mil-ki-ZALAG₂",
"cf": "Milki-nuri",
"gw": "1",
"sense": "1",
"norm": "Milki-nuri",
"pos": "PN",
"epos": "PN"}
}
,
{
"node": "l",
"frag": "DUMU-⸢MEŠ⸣-[šu₂]",
"id": "P335432.l001d8",
"ref": "P335432.5.3",
"inst": "marʾēšu[son]N",
"sig": "@saao/saa14%akk-x-neoass:DUMU-MEŠ-šu₂=māru[son//son]N'N$marʾēšu",
"f": {"lang": "akk-x-neoass",
"form": "DUMU-MEŠ-šu₂",
"cf": "māru",
"gw": "son",
"sense": "son",
"norm": "marʾēšu",
"pos": "N",
"epos": "N"}
}
,
{
"node": "d",
"type": "line-start",
"ref": "P335432.6",
"n": "3",
"label": "r 3"}
,
{
"node": "l",
"frag": "⸢ub⸣-ta-ʾu-u₂-⸢ni⸣",
"id": "P335432.l001d9",
"ref": "P335432.6.1",
"inst": "buʾʾû[look for]V$ubtaʾʾūni",
"sig": "@saao/saa14%akk-x-neoass:ub-ta-ʾu-u₂-ni=buʾʾû[look for//look for]V'V$ubtaʾʾūni",
"f": {"lang": "akk-x-neoass",
"form": "ub-ta-ʾu-u₂-ni",
"cf": "buʾʾû",
"gw": "look for",
"sense": "look for",
"norm": "ubtaʾʾūni",
"pos": "V",
"epos": "V"}
}
,
{
"node": "d",
"type": "line-start",
"ref": "P335432.7",
"n": "4",
"label": "r 4"}
,
{
"node": "l",
"frag": "kas-pu",
"id": "P335432.l001da",
"ref": "P335432.7.1",
"inst": "kaspu[money]N",
"sig": "@saao/saa14%akk-x-neoass:kas-pu=kaspu[silver//money]N'N$kaspu",
"f": {"lang": "akk-x-neoass",
"form": "kas-pu",
"cf": "kaspu",
"gw": "silver",
"sense": "money",
"norm": "kaspu",
"pos": "N",
"epos": "N"}
}
,
{
"node": "c",
"type": "phrase",
"tag": "phr",
"id": "P335432.U4",
"ref": "P335432.ls00000",
"cdl": [
{
"node": "l",
"frag": "a-na",
"id": "P335432.l001db",
"ref": "P335432.7.2",
"inst": "ana[to+=tenfold]PRP",
"sig": "@saao/saa14%akk-x-neoass:a-na=ana[to//to]PRP'PRP$ana",
"f": {"lang": "akk-x-neoass",
"form": "a-na",
"cf": "ana",
"gw": "to",
"sense": "to",
"norm": "ana",
"pos": "PRP",
"epos": "PRP"}
}
,
{
"node": "l",
"frag": "10-MEŠ-te",
"id": "P335432.l001dc",
"ref": "P335432.7.3",
"inst": "ešrāte[tenfold]AV",
"sig": "@saao/saa14%akk-x-neoass:10-MEŠ-te=ešriātu[tenfold//tenfold]AV'AV$ešrāte",
"f": {"lang": "akk-x-neoass",
"form": "10-MEŠ-te",
"cf": "ešriātu",
"gw": "tenfold",
"sense": "tenfold",
"norm": "ešrāte",
"pos": "AV",
"epos": "AV"}
}
]}
,
{
"node": "l",
"frag": "a-na",
"id": "P335432.l001dd",
"ref": "P335432.7.4",
"inst": "ana[to]PRP",
"sig": "@saao/saa14%akk-x-neoass:a-na=ana[to//to]PRP'PRP$ana",
"f": {"lang": "akk-x-neoass",
"form": "a-na",
"cf": "ana",
"gw": "to",
"sense": "to",
"norm": "ana",
"pos": "PRP",
"epos": "PRP"}
}
,
{
"node": "l",
"frag": "⸢EN-MEŠ-šu₂⸣",
"id": "P335432.l001de",
"ref": "P335432.7.5",
"inst": "bēlēšu[owner]N",
"sig": "@saao/saa14%akk-x-neoass:EN-MEŠ-šu₂=bēlu[lord//owner]N'N$bēlēšu",
"f": {"lang": "akk-x-neoass",
"form": "EN-MEŠ-šu₂",
"cf": "bēlu",
"gw": "lord",
"sense": "owner",
"norm": "bēlēšu",
"pos": "N",
"epos": "N"}
}
,
{
"node": "d",
"type": "line-start",
"ref": "P335432.8",
"n": "5",
"label": "r 5"}
,
{
"node": "l",
"frag": "u₂-ta-ra",
"id": "P335432.l001df",
"ref": "P335432.8.1",
"inst": "utâra[return]V",
"sig": "@saao/saa14%akk-x-neoass:u₂-ta-ra=târu[turn//return]V'V$utâra",
"f": {"lang": "akk-x-neoass",
"form": "u₂-ta-ra",
"cf": "târu",
"gw": "turn",
"sense": "return",
"norm": "utâra",
"pos": "V",
"epos": "V"}
}
,
{
"node": "l",
"frag": "ina",
"id": "P335432.l001e0",
"ref": "P335432.8.2",
"inst": "ina[in]PRP",
"sig": "@saao/saa14%akk-x-neoass:ina=ina[in//in]PRP'PRP$ina",
"f": {"lang": "akk-x-neoass",
"form": "ina",
"cf": "ina",
"gw": "in",
"sense": "in",
"norm": "ina",
"pos": "PRP",
"epos": "PRP"}
}
,
{
"node": "l",
"frag": "de-ni-šu₂",
"id": "P335432.l001e1",
"ref": "P335432.8.3",
"inst": "dēnīšu[lawsuit]N",
"sig": "@saao/saa14%akk-x-neoass:de-ni-šu₂=dīnu[legal decision//lawsuit]N'N$dēnīšu",
"f": {"lang": "akk-x-neoass",
"form": "de-ni-šu₂",
"cf": "dīnu",
"gw": "legal decision",
"sense": "lawsuit",
"norm": "dēnīšu",
"pos": "N",
"epos": "N"}
}
,
{
"node": "d",
"type": "line-start",
"ref": "P335432.9",
"n": "6",
"label": "r 6"}
,
{
"node": "l",
"frag": "DUG₄.DUG₄-ma",
"id": "P335432.l001e2",
"ref": "P335432.9.1",
"inst": "idabbubma[contest]V",
"sig": "@saao/saa14%akk-x-neoass:DUG₄.DUG₄-ma=dabābu[speak//contest]V'V$idabbubma",
"f": {"lang": "akk-x-neoass",
"form": "DUG₄.DUG₄-ma",
"cf": "dabābu",
"gw": "speak",
"sense": "contest",
"norm": "idabbubma",
"pos": "V",
"epos": "V"}
}
,
{
"node": "l",
"frag": "la",
"id": "P335432.l001e3",
"ref": "P335432.9.2",
"inst": "lā[not]MOD",
"sig": "@saao/saa14%akk-x-neoass:la=lā[not//not]MOD'MOD$lā",
"f": {"lang": "akk-x-neoass",
"form": "la",
"cf": "lā",
"gw": "not",
"sense": "not",
"norm": "lā",
"pos": "MOD",
"epos": "MOD"}
}
,
{
"node": "l",
"frag": "i-laq-qi",
"id": "P335432.l001e4",
"ref": "P335432.9.3",
"inst": "ilaqqi[succeed]V",
"sig": "@saao/saa14%akk-x-neoass:i-laq-qi=leqû[take//succeed]V'V$ilaqqi",
"f": {"lang": "akk-x-neoass",
"form": "i-laq-qi",
"cf": "leqû",
"gw": "take",
"sense": "succeed",
"norm": "ilaqqi",
"pos": "V",
"epos": "V"}
}
,
{
"node": "d",
"type": "nonx",
"ref": "P335432.10",
"strict": "1",
"extent": "n",
"scope": "line",
"state": "ruling"}
,
{
"node": "d",
"type": "line-start",
"ref": "P335432.11",
"n": "7",
"label": "r 7"}
,
{
"node": "l",
"frag": "⸢IGI⸣",
"id": "P335432.l001e5",
"ref": "P335432.11.1",
"inst": "šību[witness]N",
"sig": "@saao/saa14%akk-x-neoass:IGI=šību[witness//witness]N'N$šību",
"f": {"lang": "akk-x-neoass",
"form": "IGI",
"cf": "šību",
"gw": "witness",
"sense": "witness",
"norm": "šību",
"pos": "N",
"epos": "N"}
}
,
{
"node": "l",
"frag": "{1}ZU-DINGIR",
"id": "P335432.l001e6",
"ref": "P335432.11.2",
"inst": "Lit-ili[1]PN$",
"sig": "@saao/saa14%akk-x-neoass:{1}ZU-DINGIR=Lit-ili[1//1]PN'PN$Lit-ili",
"f": {"lang": "akk-x-neoass",
"form": "{1}ZU-DINGIR",
"cf": "Lit-ili",
"gw": "1",
"sense": "1",
"norm": "Lit-ili",
"pos": "PN",
"epos": "PN"}
}
,
{
"node": "c",
"type": "phrase",
"tag": "phr",
"id": "P335432.U5",
"ref": "P335432.ls00001",
"cdl": [
{
"node": "l",
"frag": "{lu₂}GAL-ki-ṣir",
"id": "P335432.l001e7",
"ref": "P335432.11.3",
"cof-tails": "P335432.l001e8",
"inst": "rabû[big one]N$rab&kiṣru[cohort]N$kiṣir",
"sig": "@saao/saa14%akk-x-neoass:{LU₂}GAL-ki-ṣir=rabû[big one//big one]N'N$rab&&@saao%akk-x-neoass:=kiṣru[knot//cohort]N'N$kiṣir",
"f": {"lang": "akk-x-neoass",
"form": "{LU₂}GAL-ki-ṣir",
"cf": "rabû",
"gw": "big one",
"sense": "big one",
"norm": "rab",
"pos": "N",
"epos": "N"}
}
,
{
"node": "l",
"frag": "{lu₂}GAL-ki-ṣir",
"id": "P335432.l001e8",
"ref": "P335432.11.3",
"cof-head": "P335432.l001e7",
"inst": "rabû[big one]N$rab&kiṣru[cohort]N$kiṣir",
"tail-sig": "@saao%akk-x-neoass:=kiṣru[knot//cohort]N'N$kiṣir",
"f": {"lang": "akk-x-neoass",
"form": "{LU₂}GAL-ki-ṣir",
"cf": "kiṣru",
"gw": "knot",
"sense": "cohort",
"norm": "kiṣir",
"pos": "N",
"epos": "N"}
}
]}
,
{
"node": "d",
"type": "line-start",
"ref": "P335432.12",
"n": "8",
"label": "r 8"}
,
{
"node": "d",
"type": "nonw",
"ref": ""}
,
{
"node": "l",
"frag": "ša",
"id": "P335432.l001e9",
"ref": "P335432.12.1",
"inst": "ša[of]DET",
"sig": "@saao/saa14%akk-x-neoass:ša=ša[of//of]DET'DET$ša",
"f": {"lang": "akk-x-neoass",
"form": "ša",
"cf": "ša",
"gw": "of",
"sense": "of",
"norm": "ša",
"pos": "DET",
"epos": "DET"}
}
,
{
"node": "l",
"frag": "{lu₂v}A-SIG",
"id": "P335432.l001ea",
"ref": "P335432.12.2",
"cof-tails": "P335432.l001eb",
"inst": "māru[son]N$mār&damqu[good]AJ$damqi",
"sig": "@saao/saa14%akk-x-neoass:{LU₂}A-SIG=māru[son//son]N'N$mār&&@saao%akk-x-neoass:=damqu[good//good]AJ'AJ$damqi",
"f": {"lang": "akk-x-neoass",
"form": "{LU₂}A-SIG",
"cf": "māru",
"gw": "son",
"sense": "son",
"norm": "mār",
"pos": "N",
"epos": "N"}
}
,
{
"node": "l",
"frag": "{lu₂v}A-SIG",
"id": "P335432.l001eb",
"ref": "P335432.12.2",
"cof-head": "P335432.l001ea",
"inst": "māru[son]N$mār&damqu[good]AJ$damqi",
"tail-sig": "@saao%akk-x-neoass:=damqu[good//good]AJ'AJ$damqi",
"f": {"lang": "akk-x-neoass",
"form": "{LU₂}A-SIG",
"cf": "damqu",
"gw": "good",
"sense": "good",
"norm": "damqi",
"pos": "AJ",
"epos": "AJ"}
}
,
{
"node": "l",
"frag": "ša",
"id": "P335432.l001ec",
"ref": "P335432.12.3",
"inst": "ša[of]DET",
"sig": "@saao/saa14%akk-x-neoass:ša=ša[of//of]DET'DET$ša",
"f": {"lang": "akk-x-neoass",
"form": "ša",
"cf": "ša",
"gw": "of",
"sense": "of",
"norm": "ša",
"pos": "DET",
"epos": "DET"}
}
,
{
"node": "c",
"type": "phrase",
"tag": "phr",
"id": "P335432.U6",
"ref": "P335432.ls00002",
"cdl": [
{
"node": "l",
"frag": "MI₂-E₂.GAL",
"id": "P335432.l001ed",
"ref": "P335432.12.4",
"cof-tails": "P335432.l001ee",
"inst": "sinništu[woman]N$issi&ēkallu[palace]N$ēkalli",
"sig": "@saao/saa14%akk-x-neoass:MI₂-E₂.GAL=sinništu[woman//woman]N'N$issi&&@saao%akk-x-neoass:=ēkallu[palace//palace]N'N$ēkalli",
"f": {"lang": "akk-x-neoass",
"form": "MI₂-E₂.GAL",
"cf": "sinništu",
"gw": "woman",
"sense": "woman",
"norm": "issi",
"pos": "N",
"epos": "N"}
}
,
{
"node": "l",
"frag": "MI₂-E₂.GAL",
"id": "P335432.l001ee",
"ref": "P335432.12.4",
"cof-head": "P335432.l001ed",
"inst": "sinništu[woman]N$issi&ēkallu[palace]N$ēkalli",
"tail-sig": "@saao%akk-x-neoass:=ēkallu[palace//palace]N'N$ēkalli",
"f": {"lang": "akk-x-neoass",
"form": "MI₂-E₂.GAL",
"cf": "ēkallu",
"gw": "palace",
"sense": "palace",
"norm": "ēkalli",
"pos": "N",
"epos": "N"}
}
]}
,
{
"node": "d",
"type": "line-start",
"ref": "P335432.13",
"n": "9",
"label": "r 9"}
,
{
"node": "l",
"frag": "[IGI",
"id": "P335432.l001ef",
"ref": "P335432.13.1",
"inst": "šību[witness]N",
"sig": "@saao/saa14%akk-x-neoass:IGI=šību[witness//witness]N'N$šību",
"f": {"lang": "akk-x-neoass",
"form": "IGI",
"cf": "šību",
"gw": "witness",
"sense": "witness",
"norm": "šību",
"pos": "N",
"epos": "N"}
}
,
{
"node": "l",
"frag": "{1}x]+⸢x⸣-ʾe-e-i",
"id": "P335432.l001f0",
"ref": "P335432.13.2",
"inst": "u",
"f": {"lang": "akk-x-neoass",
"form": "{1}x+x-ʾe-e-i",
"pos": "u"}
}
,
{
"node": "l",
"frag": "{lu₂}03.U₅-šu₂",
"id": "P335432.l001f1",
"ref": "P335432.13.3",
"inst": "tašlīšu[third man on chariot]N",
"sig": "@saao/saa14%akk-x-neoass:{LU₂}03.U₅-šu₂=tašlīšu[third man on chariot//third man on chariot]N'N$tašlīšu",
"f": {"lang": "akk-x-neoass",
"form": "{LU₂}03.U₅-šu₂",
"cf": "tašlīšu",
"gw": "third man on chariot",
"sense": "third man on chariot",
"norm": "tašlīšu",
"pos": "N",
"epos": "N"}
}
,
{
"node": "l",
"frag": "ša",
"id": "P335432.l001f2",
"ref": "P335432.13.4",
"inst": "ša[of]DET",
"sig": "@saao/saa14%akk-x-neoass:ša=ša[of//of]DET'DET$ša",
"f": {"lang": "akk-x-neoass",
"form": "ša",
"cf": "ša",
"gw": "of",
"sense": "of",
"norm": "ša",
"pos": "DET",
"epos": "DET"}
}
,
{
"node": "l",
"frag": "[x",
"id": "P335432.l001f3",
"ref": "P335432.13.5",
"inst": "u",
"f": {"lang": "akk-x-neoass",
"form": "x",
"pos": "u"}
}
,
{
"node": "l",
"frag": "x]",
"id": "P335432.l001f4",
"ref": "P335432.13.6",
"inst": "u",
"f": {"lang": "akk-x-neoass",
"form": "x",
"pos": "u"}
}
,
{
"node": "d",
"type": "line-start",
"ref": "P335432.14",
"n": "10",
"label": "r 10"}
,
{
"node": "l",
"frag": "[IGI",
"id": "P335432.l001f5",
"ref": "P335432.14.1",
"inst": "šību[witness]N",
"sig": "@saao/saa14%akk-x-neoass:IGI=šību[witness//witness]N'N$šību",
"f": {"lang": "akk-x-neoass",
"form": "IGI",
"cf": "šību",
"gw": "witness",
"sense": "witness",
"norm": "šību",
"pos": "N",
"epos": "N"}
}
,
{
"node": "l",
"frag": "{1}qur]-di-U.GUR",
"id": "P335432.l001f6",
"ref": "P335432.14.2",
"inst": "Qurdi-Nergal[1]PN$",
"sig": "@saao/saa14%akk-x-neoass:{1}qur-di-U.GUR=Qurdi-Nergal[1//1]PN'PN$Qurdi-Nergal",
"f": {"lang": "akk-x-neoass",
"form": "{1}qur-di-U.GUR",
"cf": "Qurdi-Nergal",
"gw": "1",
"sense": "1",
"norm": "Qurdi-Nergal",
"pos": "PN",
"epos": "PN"}
}
,
{
"node": "c",
"type": "phrase",
"tag": "phr",
"id": "P335432.U7",
"ref": "P335432.ls00003",
"cdl": [
{
"node": "l",
"frag": "{lu₂v}GAL-kal-⸢lap⸣",
"id": "P335432.l001f7",
"ref": "P335432.14.3",
"cof-tails": "P335432.l001f8",
"inst": "rabû[big one]N$rab&kallāpu[outrider]N$kallāp",
"sig": "@saao/saa14%akk-x-neoass:{LU₂}GAL-kal-lap=rabû[big one//big one]N'N$rab&&@saao%akk-x-neoass:=kallāpu[outrider//outrider]N'N$kallāp",
"f": {"lang": "akk-x-neoass",
"form": "{LU₂}GAL-kal-lap",
"cf": "rabû",
"gw": "big one",
"sense": "big one",
"norm": "rab",
"pos": "N",
"epos": "N"}
}
,
{
"node": "l",
"frag": "{lu₂v}GAL-kal-⸢lap⸣",
"id": "P335432.l001f8",
"ref": "P335432.14.3",
"cof-head": "P335432.l001f7",
"inst": "rabû[big one]N$rab&kallāpu[outrider]N$kallāp",
"tail-sig": "@saao%akk-x-neoass:=kallāpu[outrider//outrider]N'N$kallāp",
"f": {"lang": "akk-x-neoass",
"form": "{LU₂}GAL-kal-lap",
"cf": "kallāpu",
"gw": "outrider",
"sense": "outrider",
"norm": "kallāp",
"pos": "N",
"epos": "N"}
}
]}
,
{
"node": "l",
"frag": "[x",
"id": "P335432.l001f9",
"ref": "P335432.14.4",
"inst": "u",
"f": {"lang": "akk-x-neoass",
"form": "x",
"pos": "u"}
}
,
{
"node": "l",
"frag": "x]",
"id": "P335432.l001fa",
"ref": "P335432.14.5",
"inst": "u",
"f": {"lang": "akk-x-neoass",
"form": "x",
"pos": "u"}
}
,
{
"node": "d",
"type": "nonx",
"ref": "P335432.15",
"strict": "0",
"extent": "rest",
"state": "missing"}
]}
]}
]}
,
{
"linkbase": [{
"type": "linkset",
"xlink_title": "ana ešriāti[tenfold//tenfold]AV'AV",
"id": "P335432.ls00000",
"xlink_type": "extended",
"xlink_role": "psu",
"sig": "{ana[to]PRP ešriātu[tenfold]AV += ana ešriāti[tenfold//tenfold]AV'AV}::@saao%akk-x-neoass:a-na=ana[to//to]PRP'PRP$ana++@saao%akk-x-neoass:10-MEŠ-te=ešriātu[tenfold//tenfold]AV'AV$ešrāte",
"links": [
{
"type": "link",
"xlink_title": "ana",
"xlink_type": "locator",
"xlink_href": "#P335432.l001db",
"xlink_role": "elt"}
,
{
"type": "link",
"xlink_title": "ešrāte",
"xlink_type": "locator",
"xlink_href": "#P335432.l001dc",
"xlink_role": "elt"}
]}
,
{
"type": "linkset",
"xlink_title": "rab kiṣri[centurion//cohort commander]N'N",
"id": "P335432.ls00001",
"xlink_type": "extended",
"xlink_role": "psu",
"sig": "{{LU₂}GAL-ki-ṣir = rabû[big one]N kiṣru[knot]N += rab kiṣri[centurion//cohort commander]N'N}::@saao/saa10%akk-x-neoass:{LU₂}GAL-ki-ṣir=rabû[big one//big one]N'N$rab++@saao/saa10%akk-x-neobab:{LU₂}GAL-ki-ṣir=kiṣru[knot//knot]N'N$kiṣir",
"links": [
{
"type": "link",
"xlink_title": "rabû",
"xlink_type": "locator",
"xlink_href": "#P335432.l001e7",
"xlink_role": "elt"}
,
{
"type": "link",
"xlink_title": "kiṣru",
"xlink_type": "locator",
"xlink_href": "#P335432.l001e8",
"xlink_role": "elt"}
]}
,
{
"type": "linkset",
"xlink_title": "issi ēkalli[queen//queen]N'N",
"id": "P335432.ls00002",
"xlink_type": "extended",
"xlink_role": "psu",
"sig": "{sinništu[woman]N ēkallu[palace]N += issi ēkalli[queen//queen]N'N}::@saao%akk-x-neoass:MI₂-E₂.GAL=sinništu[woman//woman]N'N$issi++@saao%akk-x-neoass:MI₂-E₂.GAL=ēkallu[palace//palace]N'N$ēkalli",
"links": [
{
"type": "link",
"xlink_title": "sinništu",
"xlink_type": "locator",
"xlink_href": "#P335432.l001ed",
"xlink_role": "elt"}
,
{
"type": "link",
"xlink_title": "ēkallu",
"xlink_type": "locator",
"xlink_href": "#P335432.l001ee",
"xlink_role": "elt"}
]}
,
{
"type": "linkset",
"xlink_title": "rab kallāpi[commander of outriders//commander of outriders]N'N",
"id": "P335432.ls00003",
"xlink_type": "extended",
"xlink_role": "psu",
"sig": "{rabû[big one]N kallāpu[outrider]N += rab kallāpi[commander of outriders//commander of outriders]N'N}::@saao%akk-x-neoass:{LU₂}GAL-kal-lap=rabû[big one//big one]N'N$rab++@saao%akk-x-neoass:{LU₂}GAL-kal-lap=kallāpu[outrider//outrider]N'N$kallāp",
"links": [
{
"type": "link",
"xlink_title": "rabû",
"xlink_type": "locator",
"xlink_href": "#P335432.l001f7",
"xlink_role": "elt"}
,
{
"type": "link",
"xlink_title": "kallāpu",
"xlink_type": "locator",
"xlink_href": "#P335432.l001f8",
"xlink_role": "elt"}
]}
]}
]}
