{
"type": "cdl",
  "source": "http://oracc.org/saao/saa14",
  "license": "This data is released under the CC0 license",
  "license-url": "https://creativecommons.org/publicdomain/zero/1.0/",
  "more-info": "http://oracc.org/doc/opendata/",
  "UTC-timestamp": "2017-05-19T11:50:06",
"project": "saao/saa14",
"textid": "P335518",
"cdl": [
{
"node": "c",
"type": "text",
"id": "P335518.U0",
"cdl": [
{
"node": "d",
"type": "object",
"ref": ""}
,
{
"node": "d",
"subtype": "obverse",
"type": "surface",
"ref": "P335518.o.1",
"type": "obverse",
"label": "o"}
,
{
"node": "d",
"type": "nonx",
"ref": "P335518.2",
"strict": "0",
"extent": "beginning",
"state": "missing"}
,
{
"node": "c",
"type": "discourse",
"subtype": "body",
"id": "P335518.U1",
"cdl": [
{
"node": "c",
"type": "sentence",
"id": "P335518.U2",
"label": "o 1' - r 9",
"cdl": [
{
"node": "d",
"type": "line-start",
"ref": "P335518.3",
"n": "1'",
"label": "o 1'"}
,
{
"node": "l",
"frag": "kas-[pu",
"id": "P335518.l05d36",
"ref": "P335518.3.1",
"inst": "kaspu[money]N",
"sig": "@saao/saa14%akk-x-neoass:kas-pu=kaspu[silver//money]N'N$kaspu",
"f": {"lang": "akk-x-neoass",
"form": "kas-pu",
"cf": "kaspu",
"gw": "silver",
"sense": "money",
"norm": "kaspu",
"pos": "N",
"epos": "N"}
}
,
{
"node": "l",
"frag": "gam]-mur",
"id": "P335518.l05d37",
"ref": "P335518.3.2",
"inst": "gammur[completed]AJ",
"sig": "@saao/saa14%akk-x-neoass:gam-mur=gammuru[finished//completed]AJ'AJ$gammur",
"f": {"lang": "akk-x-neoass",
"form": "gam-mur",
"cf": "gammuru",
"gw": "finished",
"sense": "completed",
"norm": "gammur",
"pos": "AJ",
"epos": "AJ"}
}
,
{
"node": "l",
"frag": "ta-din",
"id": "P335518.l05d38",
"ref": "P335518.3.3",
"inst": "tadin[paid]AJ",
"sig": "@saao/saa14%akk-x-neoass:ta-din=tadnu[given//paid]AJ'AJ$tadin",
"f": {"lang": "akk-x-neoass",
"form": "ta-din",
"cf": "tadnu",
"gw": "given",
"sense": "paid",
"norm": "tadin",
"pos": "AJ",
"epos": "AJ"}
}
,
{
"node": "d",
"type": "line-start",
"ref": "P335518.4",
"n": "2'",
"label": "o 2'"}
,
{
"node": "l",
"frag": "⸢x⸣+[x",
"id": "P335518.l05d39",
"ref": "P335518.4.1",
"inst": "u",
"f": {"lang": "akk-x-neoass",
"form": "x+x",
"pos": "u"}
}
,
{
"node": "l",
"frag": "x",
"id": "P335518.l05d3a",
"ref": "P335518.4.2",
"inst": "u",
"f": {"lang": "akk-x-neoass",
"form": "x",
"pos": "u"}
}
,
{
"node": "l",
"frag": "x]",
"id": "P335518.l05d3b",
"ref": "P335518.4.3",
"inst": "u",
"f": {"lang": "akk-x-neoass",
"form": "x",
"pos": "u"}
}
,
{
"node": "l",
"frag": "za-rip",
"id": "P335518.l05d3c",
"ref": "P335518.4.4",
"inst": "zarip[purchased]AJ",
"sig": "@saao/saa14%akk-x-neoass:za-rip=zarpu[purchased//purchased]AJ'AJ$zarip",
"f": {"lang": "akk-x-neoass",
"form": "za-rip",
"cf": "zarpu",
"gw": "purchased",
"sense": "purchased",
"norm": "zarip",
"pos": "AJ",
"epos": "AJ"}
}
,
{
"node": "l",
"frag": "TI",
"id": "P335518.l05d3d",
"ref": "P335518.4.5",
"inst": "ilaqqi[succeed]V",
"sig": "@saao/saa14%akk-x-neoass:TI=leqû[take//succeed]V'V$ilaqqi",
"f": {"lang": "akk-x-neoass",
"form": "TI",
"cf": "leqû",
"gw": "take",
"sense": "succeed",
"norm": "ilaqqi",
"pos": "V",
"epos": "V"}
}
,
{
"node": "d",
"type": "line-start",
"ref": "P335518.5",
"n": "3'",
"label": "o 3'"}
,
{
"node": "l",
"frag": "tu-[a-ru",
"id": "P335518.l05d3e",
"ref": "P335518.5.1",
"inst": "tuāru[revocation]'N",
"sig": "@saao/saa14%akk-x-neoass:tu-a-ru=târu[turn//revocation]V'N$tuāru",
"f": {"lang": "akk-x-neoass",
"form": "tu-a-ru",
"cf": "târu",
"gw": "turn",
"sense": "revocation",
"norm": "tuāru",
"pos": "V",
"epos": "N"}
}
,
{
"node": "l",
"frag": "de-e-nu]",
"id": "P335518.l05d3f",
"ref": "P335518.5.2",
"inst": "dēnu[lawsuit]N",
"sig": "@saao/saa14%akk-x-neoass:de-e-nu=dīnu[legal decision//lawsuit]N'N$dēnu",
"f": {"lang": "akk-x-neoass",
"form": "de-e-nu",
"cf": "dīnu",
"gw": "legal decision",
"sense": "lawsuit",
"norm": "dēnu",
"pos": "N",
"epos": "N"}
}
,
{
"node": "d",
"type": "line-start",
"ref": "P335518.6",
"n": "4'",
"label": "o 4'"}
,
{
"node": "l",
"frag": "DUG₄.[DUG₄",
"id": "P335518.l05d40",
"ref": "P335518.6.1",
"inst": "dabābu[litigation]'N",
"sig": "@saao/saa14%akk-x-neoass:DUG₄.DUG₄=dabābu[speak//litigation]V'N$dabābu",
"f": {"lang": "akk-x-neoass",
"form": "DUG₄.DUG₄",
"cf": "dabābu",
"gw": "speak",
"sense": "litigation",
"norm": "dabābu",
"pos": "V",
"epos": "N"}
}
,
{
"node": "l",
"frag": "la-aš-šu₂]",
"id": "P335518.l05d41",
"ref": "P335518.6.2",
"inst": "laššu[(there) is not]V",
"sig": "@saao/saa14%akk-x-neoass:la-aš-šu₂=laššu[(there) is not//(there) is not]V'V$laššu",
"f": {"lang": "akk-x-neoass",
"form": "la-aš-šu₂",
"cf": "laššu",
"gw": "(there) is not",
"sense": "(there) is not",
"norm": "laššu",
"pos": "V",
"epos": "V"}
}
,
{
"node": "d",
"subtype": "bottom",
"type": "surface",
"ref": "P335518.b.e..7",
"type": "bottom",
"label": "b.e."}
,
{
"node": "d",
"type": "nonx",
"ref": "P335518.8",
"strict": "0",
"state": "illegible"}
,
{
"node": "d",
"subtype": "reverse",
"type": "surface",
"ref": "P335518.r.9",
"type": "reverse",
"label": "r"}
,
{
"node": "d",
"type": "line-start",
"ref": "P335518.10",
"n": "1",
"label": "r 1"}
,
{
"node": "l",
"frag": "10",
"id": "P335518.l05d42",
"ref": "P335518.10.1",
"inst": "n",
"f": {"lang": "akk-x-neoass",
"form": "10",
"pos": "n"}
}
,
{
"node": "l",
"frag": "MA.NA",
"id": "P335518.l05d43",
"ref": "P335518.10.2",
"inst": "manê[a unit of weight]N",
"sig": "@saao/saa14%akk-x-neoass:MA.NA=manû[unit//a unit of weight]N'N$manê",
"f": {"lang": "akk-x-neoass",
"form": "MA.NA",
"cf": "manû",
"gw": "unit",
"sense": "a unit of weight",
"norm": "manê",
"pos": "N",
"epos": "N"}
}
,
{
"node": "l",
"frag": "KUG.UD",
"id": "P335518.l05d44",
"ref": "P335518.10.3",
"inst": "ṣarpu[silver]N",
"sig": "@saao/saa14%akk-x-neoass:KUG.UD=ṣarpu[silver//silver]N'N$ṣarpi",
"f": {"lang": "akk-x-neoass",
"form": "KUG.UD",
"cf": "ṣarpu",
"gw": "silver",
"sense": "silver",
"norm": "ṣarpi",
"pos": "N",
"epos": "N"}
}
,
{
"node": "l",
"frag": "01",
"id": "P335518.l05d45",
"ref": "P335518.10.4",
"inst": "n",
"f": {"lang": "akk-x-neoass",
"form": "01",
"pos": "n"}
}
,
{
"node": "l",
"frag": "MA.NA",
"id": "P335518.l05d46",
"ref": "P335518.10.5",
"inst": "manê[a unit of weight]N",
"sig": "@saao/saa14%akk-x-neoass:MA.NA=manû[unit//a unit of weight]N'N$manê",
"f": {"lang": "akk-x-neoass",
"form": "MA.NA",
"cf": "manû",
"gw": "unit",
"sense": "a unit of weight",
"norm": "manê",
"pos": "N",
"epos": "N"}
}
,
{
"node": "l",
"frag": "KUG.GI",
"id": "P335518.l05d47",
"ref": "P335518.10.6",
"inst": "hurāṣu[gold]N",
"sig": "@saao/saa14%akk-x-neoass:KUG.GI=hurāṣu[gold//gold]N'N$hurāṣi",
"f": {"lang": "akk-x-neoass",
"form": "KUG.GI",
"cf": "hurāṣu",
"gw": "gold",
"sense": "gold",
"norm": "hurāṣi",
"pos": "N",
"epos": "N"}
}
,
{
"node": "l",
"frag": "i-dan",
"id": "P335518.l05d48",
"ref": "P335518.10.7",
"inst": "iddan[pay]V",
"sig": "@saao/saa14%akk-x-neoass:i-dan=tadānu[give//pay]V'V$iddan",
"f": {"lang": "akk-x-neoass",
"form": "i-dan",
"cf": "tadānu",
"gw": "give",
"sense": "pay",
"norm": "iddan",
"pos": "V",
"epos": "V"}
}
,
{
"node": "d",
"type": "line-start",
"ref": "P335518.11",
"n": "2",
"label": "r 2"}
,
{
"node": "l",
"frag": "kas-pu",
"id": "P335518.l05d49",
"ref": "P335518.11.1",
"inst": "kaspu[money]N",
"sig": "@saao/saa14%akk-x-neoass:kas-pu=kaspu[silver//money]N'N$kaspu",
"f": {"lang": "akk-x-neoass",
"form": "kas-pu",
"cf": "kaspu",
"gw": "silver",
"sense": "money",
"norm": "kaspu",
"pos": "N",
"epos": "N"}
}
,
{
"node": "c",
"type": "phrase",
"tag": "phr",
"id": "P335518.U4",
"ref": "P335518.ls00000",
"cdl": [
{
"node": "l",
"frag": "a-na",
"id": "P335518.l05d4a",
"ref": "P335518.11.2",
"inst": "ana[to+=tenfold]PRP",
"sig": "@saao/saa14%akk-x-neoass:a-na=ana[to//to]PRP'PRP$ana",
"f": {"lang": "akk-x-neoass",
"form": "a-na",
"cf": "ana",
"gw": "to",
"sense": "to",
"norm": "ana",
"pos": "PRP",
"epos": "PRP"}
}
,
{
"node": "l",
"frag": "10-MEŠ-te",
"id": "P335518.l05d4b",
"ref": "P335518.11.3",
"inst": "ešrāte[tenfold]AV",
"sig": "@saao/saa14%akk-x-neoass:10-MEŠ-te=ešriātu[tenfold//tenfold]AV'AV$ešrāte",
"f": {"lang": "akk-x-neoass",
"form": "10-MEŠ-te",
"cf": "ešriātu",
"gw": "tenfold",
"sense": "tenfold",
"norm": "ešrāte",
"pos": "AV",
"epos": "AV"}
}
]}
,
{
"node": "l",
"frag": "ana",
"id": "P335518.l05d4c",
"ref": "P335518.11.4",
"inst": "ana[to]PRP",
"sig": "@saao/saa14%akk-x-neoass:ana=ana[to//to]PRP'PRP$ana",
"f": {"lang": "akk-x-neoass",
"form": "ana",
"cf": "ana",
"gw": "to",
"sense": "to",
"norm": "ana",
"pos": "PRP",
"epos": "PRP"}
}
,
{
"node": "l",
"frag": "EN-šu₂",
"id": "P335518.l05d4d",
"ref": "P335518.11.5",
"inst": "bēlīšu[owner]N",
"sig": "@saao/saa14%akk-x-neoass:EN-šu₂=bēlu[lord//owner]N'N$bēlīšu",
"f": {"lang": "akk-x-neoass",
"form": "EN-šu₂",
"cf": "bēlu",
"gw": "lord",
"sense": "owner",
"norm": "bēlīšu",
"pos": "N",
"epos": "N"}
}
,
{
"node": "l",
"frag": "u₂-GUR",
"id": "P335518.l05d4e",
"ref": "P335518.11.6",
"inst": "utâr[turn]V",
"sig": "@saao/saa14%akk-x-neoass:u₂-GUR=târu[turn//turn]V'V$utâr",
"f": {"lang": "akk-x-neoass",
"form": "u₂-GUR",
"cf": "târu",
"gw": "turn",
"sense": "turn",
"norm": "utâr",
"pos": "V",
"epos": "V"}
}
,
{
"node": "d",
"type": "line-start",
"ref": "P335518.12",
"n": "3",
"label": "r 3"}
,
{
"node": "l",
"frag": "ina",
"id": "P335518.l05d4f",
"ref": "P335518.12.1",
"inst": "ina[in]PRP",
"sig": "@saao/saa14%akk-x-neoass:ina=ina[in//in]PRP'PRP$ina",
"f": {"lang": "akk-x-neoass",
"form": "ina",
"cf": "ina",
"gw": "in",
"sense": "in",
"norm": "ina",
"pos": "PRP",
"epos": "PRP"}
}
,
{
"node": "l",
"frag": "de-ni-šu₂",
"id": "P335518.l05d50",
"ref": "P335518.12.2",
"inst": "dēnīšu[lawsuit]N",
"sig": "@saao/saa14%akk-x-neoass:de-ni-šu₂=dīnu[legal decision//lawsuit]N'N$dēnīšu",
"f": {"lang": "akk-x-neoass",
"form": "de-ni-šu₂",
"cf": "dīnu",
"gw": "legal decision",
"sense": "lawsuit",
"norm": "dēnīšu",
"pos": "N",
"epos": "N"}
}
,
{
"node": "l",
"frag": "DUG₄.DUG₄",
"id": "P335518.l05d51",
"ref": "P335518.12.3",
"inst": "idabbub[contest]V",
"sig": "@saao/saa14%akk-x-neoass:DUG₄.DUG₄=dabābu[speak//contest]V'V$idabbub",
"f": {"lang": "akk-x-neoass",
"form": "DUG₄.DUG₄",
"cf": "dabābu",
"gw": "speak",
"sense": "contest",
"norm": "idabbub",
"pos": "V",
"epos": "V"}
}
,
{
"node": "l",
"frag": "la",
"id": "P335518.l05d52",
"ref": "P335518.12.4",
"inst": "lā[not]MOD",
"sig": "@saao/saa14%akk-x-neoass:la=lā[not//not]MOD'MOD$lā",
"f": {"lang": "akk-x-neoass",
"form": "la",
"cf": "lā",
"gw": "not",
"sense": "not",
"norm": "lā",
"pos": "MOD",
"epos": "MOD"}
}
,
{
"node": "l",
"frag": "i-laq-qi",
"id": "P335518.l05d53",
"ref": "P335518.12.5",
"inst": "ilaqqi[succeed]V",
"sig": "@saao/saa14%akk-x-neoass:i-laq-qi=leqû[take//succeed]V'V$ilaqqi",
"f": {"lang": "akk-x-neoass",
"form": "i-laq-qi",
"cf": "leqû",
"gw": "take",
"sense": "succeed",
"norm": "ilaqqi",
"pos": "V",
"epos": "V"}
}
,
{
"node": "d",
"type": "nonx",
"ref": "P335518.13",
"strict": "1",
"extent": "n",
"scope": "line",
"state": "ruling"}
,
{
"node": "d",
"type": "line-start",
"ref": "P335518.14",
"n": "4",
"label": "r 4"}
,
{
"node": "l",
"frag": "IGI",
"id": "P335518.l05d54",
"ref": "P335518.14.1",
"inst": "šību[witness]N",
"sig": "@saao/saa14%akk-x-neoass:IGI=šību[witness//witness]N'N$šību",
"f": {"lang": "akk-x-neoass",
"form": "IGI",
"cf": "šību",
"gw": "witness",
"sense": "witness",
"norm": "šību",
"pos": "N",
"epos": "N"}
}
,
{
"node": "l",
"frag": "{1}{d}PA-DINGIR-a.a",
"id": "P335518.l05d55",
"ref": "P335518.14.2",
"inst": "Nabu-ilaʾi[1]PN$",
"sig": "@saao/saa14%akk-x-neoass:{1}{d}PA-DINGIR-a.a=Nabu-ilaʾi[1//1]PN'PN$Nabu-ilaʾi",
"f": {"lang": "akk-x-neoass",
"form": "{1}{d}PA-DINGIR-a.a",
"cf": "Nabu-ilaʾi",
"gw": "1",
"sense": "1",
"norm": "Nabu-ilaʾi",
"pos": "PN",
"epos": "PN"}
}
,
{
"node": "d",
"type": "line-start",
"ref": "P335518.15",
"n": "5",
"label": "r 5"}
,
{
"node": "l",
"frag": "IGI",
"id": "P335518.l05d56",
"ref": "P335518.15.1",
"inst": "šību[witness]N",
"sig": "@saao/saa14%akk-x-neoass:IGI=šību[witness//witness]N'N$šību",
"f": {"lang": "akk-x-neoass",
"form": "IGI",
"cf": "šību",
"gw": "witness",
"sense": "witness",
"norm": "šību",
"pos": "N",
"epos": "N"}
}
,
{
"node": "l",
"frag": "{1}i-man-nu-u",
"id": "P335518.l05d57",
"ref": "P335518.15.2",
"inst": "Imannu[1]PN",
"sig": "@saao/saa14%akk-x-neoass:{1}i-man-nu-u=Imannu[1//1]PN'PN$Imannu",
"f": {"lang": "akk-x-neoass",
"form": "{1}i-man-nu-u",
"cf": "Imannu",
"gw": "1",
"sense": "1",
"norm": "Imannu",
"pos": "PN",
"epos": "PN"}
}
,
{
"node": "d",
"type": "line-start",
"ref": "P335518.16",
"n": "6",
"label": "r 6"}
,
{
"node": "l",
"frag": "IGI",
"id": "P335518.l05d58",
"ref": "P335518.16.1",
"inst": "šību[witness]N",
"sig": "@saao/saa14%akk-x-neoass:IGI=šību[witness//witness]N'N$šību",
"f": {"lang": "akk-x-neoass",
"form": "IGI",
"cf": "šību",
"gw": "witness",
"sense": "witness",
"norm": "šību",
"pos": "N",
"epos": "N"}
}
,
{
"node": "l",
"frag": "{1}sa-la-ma-man",
"id": "P335518.l05d59",
"ref": "P335518.16.2",
"inst": "Salamanu[1]PN$",
"sig": "@saao/saa14%akk-x-neoass:{1}sa-la-ma-man=Salamanu[1//1]PN'PN$Salamanu",
"f": {"lang": "akk-x-neoass",
"form": "{1}sa-la-ma-man",
"cf": "Salamanu",
"gw": "1",
"sense": "1",
"norm": "Salamanu",
"pos": "PN",
"epos": "PN"}
}
,
{
"node": "d",
"type": "line-start",
"ref": "P335518.17",
"n": "7",
"label": "r 7"}
,
{
"node": "l",
"frag": "IGI",
"id": "P335518.l05d5a",
"ref": "P335518.17.1",
"inst": "šību[witness]N",
"sig": "@saao/saa14%akk-x-neoass:IGI=šību[witness//witness]N'N$šību",
"f": {"lang": "akk-x-neoass",
"form": "IGI",
"cf": "šību",
"gw": "witness",
"sense": "witness",
"norm": "šību",
"pos": "N",
"epos": "N"}
}
,
{
"node": "l",
"frag": "{1}PAB-id-ri",
"id": "P335518.l05d5b",
"ref": "P335518.17.2",
"inst": "Ahi-idri[1]PN$",
"sig": "@saao/saa14%akk-x-neoass:{1}PAB-id-ri=Ahi-idri[1//1]PN'PN$Ahi-idri",
"f": {"lang": "akk-x-neoass",
"form": "{1}PAB-id-ri",
"cf": "Ahi-idri",
"gw": "1",
"sense": "1",
"norm": "Ahi-idri",
"pos": "PN",
"epos": "PN"}
}
,
{
"node": "d",
"type": "line-start",
"ref": "P335518.18",
"n": "8",
"label": "r 8"}
,
{
"node": "l",
"frag": "IGI",
"id": "P335518.l05d5c",
"ref": "P335518.18.1",
"inst": "šību[witness]N",
"sig": "@saao/saa14%akk-x-neoass:IGI=šību[witness//witness]N'N$šību",
"f": {"lang": "akk-x-neoass",
"form": "IGI",
"cf": "šību",
"gw": "witness",
"sense": "witness",
"norm": "šību",
"pos": "N",
"epos": "N"}
}
,
{
"node": "l",
"frag": "{1}sa-ma-ka",
"id": "P335518.l05d5d",
"ref": "P335518.18.2",
"inst": "Samaku[1]PN$",
"sig": "@saao/saa14%akk-x-neoass:{1}sa-ma-ka=Samaku[1//1]PN'PN$Samaku",
"f": {"lang": "akk-x-neoass",
"form": "{1}sa-ma-ka",
"cf": "Samaku",
"gw": "1",
"sense": "1",
"norm": "Samaku",
"pos": "PN",
"epos": "PN"}
}
,
{
"node": "d",
"type": "line-start",
"ref": "P335518.19",
"n": "9",
"label": "r 9"}
,
{
"node": "l",
"frag": "IGI",
"id": "P335518.l05d5e",
"ref": "P335518.19.1",
"inst": "šību[witness]N",
"sig": "@saao/saa14%akk-x-neoass:IGI=šību[witness//witness]N'N$šību",
"f": {"lang": "akk-x-neoass",
"form": "IGI",
"cf": "šību",
"gw": "witness",
"sense": "witness",
"norm": "šību",
"pos": "N",
"epos": "N"}
}
,
{
"node": "l",
"frag": "{1}{d}PA-PAB-PAB",
"id": "P335518.l05d5f",
"ref": "P335518.19.2",
"inst": "Nabu-ahu-uṣur[1]PN",
"sig": "@saao/saa14%akk-x-neoass:{1}{d}PA-PAB-PAB=Nabu-ahu-uṣur[1//1]PN'PN$Nabu-ahu-uṣur",
"f": {"lang": "akk-x-neoass",
"form": "{1}{d}PA-PAB-PAB",
"cf": "Nabu-ahu-uṣur",
"gw": "1",
"sense": "1",
"norm": "Nabu-ahu-uṣur",
"pos": "PN",
"epos": "PN"}
}
,
{
"node": "l",
"frag": "A.BA",
"id": "P335518.l05d60",
"ref": "P335518.19.3",
"inst": "ṭupšarru[scribe]N",
"sig": "@saao/saa14%akk-x-neoass:A.BA=ṭupšarru[scribe//scribe]N'N$ṭupšarru",
"f": {"lang": "akk-x-neoass",
"form": "A.BA",
"cf": "ṭupšarru",
"gw": "scribe",
"sense": "scribe",
"norm": "ṭupšarru",
"pos": "N",
"epos": "N"}
}
,
{
"node": "d",
"type": "nonx",
"ref": "P335518.20",
"strict": "0",
"extent": "rest",
"state": "blank"}
]}
]}
]}
,
{
"linkbase": [{
"type": "linkset",
"xlink_title": "ana ešriāti[tenfold//tenfold]AV'AV",
"id": "P335518.ls00000",
"xlink_type": "extended",
"xlink_role": "psu",
"sig": "{ana[to]PRP ešriātu[tenfold]AV += ana ešriāti[tenfold//tenfold]AV'AV}::@saao%akk-x-neoass:a-na=ana[to//to]PRP'PRP$ana++@saao%akk-x-neoass:10-MEŠ-te=ešriātu[tenfold//tenfold]AV'AV$ešrāte",
"links": [
{
"type": "link",
"xlink_title": "ana",
"xlink_type": "locator",
"xlink_href": "#P335518.l05d4a",
"xlink_role": "elt"}
,
{
"type": "link",
"xlink_title": "ešrāte",
"xlink_type": "locator",
"xlink_href": "#P335518.l05d4b",
"xlink_role": "elt"}
]}
]}
]}
