{
"type": "cdl",
  "source": "http://oracc.org/saao/saa14",
  "license": "This data is released under the CC0 license",
  "license-url": "https://creativecommons.org/publicdomain/zero/1.0/",
  "more-info": "http://oracc.org/doc/opendata/",
  "UTC-timestamp": "2017-05-19T11:49:45",
"project": "saao/saa14",
"textid": "P335255",
"cdl": [
{
"node": "c",
"type": "text",
"id": "P335255.U0",
"cdl": [
{
"node": "d",
"type": "object",
"ref": ""}
,
{
"node": "d",
"subtype": "obverse",
"type": "surface",
"ref": "P335255.o.1",
"type": "obverse",
"label": "o"}
,
{
"node": "c",
"type": "discourse",
"subtype": "body",
"id": "P335255.U1",
"cdl": [
{
"node": "c",
"type": "sentence",
"id": "P335255.U2",
"label": "o 1 - e. 3",
"cdl": [
{
"node": "d",
"type": "line-start",
"ref": "P335255.2",
"n": "1",
"label": "o 1"}
,
{
"node": "l",
"frag": "{⸢na₄⸣}KIŠIB",
"id": "P335255.l0180b",
"ref": "P335255.2.1",
"inst": "kunukku[seal]N",
"sig": "@saao/saa14%akk-x-neoass:{NA₄}KIŠIB=kunukku[seal//seal]N'N$kunukku",
"f": {"lang": "akk-x-neoass",
"form": "{NA₄}KIŠIB",
"cf": "kunukku",
"gw": "seal",
"sense": "seal",
"norm": "kunukku",
"pos": "N",
"epos": "N"}
}
,
{
"node": "l",
"frag": "{1}{d}IM-⸢PAB⸣-[AŠ]",
"id": "P335255.l0180c",
"ref": "P335255.2.2",
"inst": "Adad-ahu-iddina[1]PN$",
"sig": "@saao/saa14%akk-x-neoass:{1}{d}IM-PAB-AŠ=Adad-ahu-iddina[1//1]PN'PN$Adad-ahu-iddina",
"f": {"lang": "akk-x-neoass",
"form": "{1}{d}IM-PAB-AŠ",
"cf": "Adad-ahu-iddina",
"gw": "1",
"sense": "1",
"norm": "Adad-ahu-iddina",
"pos": "PN",
"epos": "PN"}
}
,
{
"node": "d",
"type": "line-start",
"ref": "P335255.3",
"n": "2",
"label": "o 2"}
,
{
"node": "l",
"frag": "[EN]",
"id": "P335255.l0180d",
"ref": "P335255.3.1",
"inst": "bēl[owner]N",
"sig": "@saao/saa14%akk-x-neoass:EN=bēlu[lord//owner]N'N$bēl",
"f": {"lang": "akk-x-neoass",
"form": "EN",
"cf": "bēlu",
"gw": "lord",
"sense": "owner",
"norm": "bēl",
"pos": "N",
"epos": "N"}
}
,
{
"node": "l",
"frag": "⸢UN-MEŠ⸣",
"id": "P335255.l0180e",
"ref": "P335255.3.2",
"inst": "nišē[people]N",
"sig": "@saao/saa14%akk-x-neoass:UN-MEŠ=nišu[people//people]N'N$nišē",
"f": {"lang": "akk-x-neoass",
"form": "UN-MEŠ",
"cf": "nišu",
"gw": "people",
"sense": "people",
"norm": "nišē",
"pos": "N",
"epos": "N"}
}
,
{
"node": "l",
"frag": "SUM-⸢ni⸣",
"id": "P335255.l0180f",
"ref": "P335255.3.3",
"inst": "tadāni[giving]'N",
"sig": "@saao/saa14%akk-x-neoass:SUM-ni=tadānu[give//giving]V'N$tadāni",
"f": {"lang": "akk-x-neoass",
"form": "SUM-ni",
"cf": "tadānu",
"gw": "give",
"sense": "giving",
"norm": "tadāni",
"pos": "V",
"epos": "N"}
}
,
{
"node": "d",
"type": "nonx",
"ref": "P335255.4",
"strict": "1",
"extent": "n",
"scope": "line",
"state": "ruling",
"flags": "!"}
,
{
"node": "d",
"type": "nonx",
"ref": "P335255.5",
"strict": "0",
"extent": "1",
"scope": "impression",
"state": "other"}
,
{
"node": "d",
"type": "nonx",
"ref": "P335255.6",
"strict": "1",
"extent": "n",
"scope": "line",
"state": "ruling",
"flags": "!"}
,
{
"node": "d",
"type": "line-start",
"ref": "P335255.7",
"n": "3",
"label": "o 3"}
,
{
"node": "l",
"frag": "{1}{⸢d⸣}[U].GUR-⸢KAL⸣-an",
"id": "P335255.l01810",
"ref": "P335255.7.1",
"inst": "Nergal-dan[1]PN$",
"sig": "@saao/saa14%akk-x-neoass:{1}{d}U.GUR-KAL-an=Nergal-dan[1//1]PN'PN$Nergal-dan",
"f": {"lang": "akk-x-neoass",
"form": "{1}{d}U.GUR-KAL-an",
"cf": "Nergal-dan",
"gw": "1",
"sense": "1",
"norm": "Nergal-dan",
"pos": "PN",
"epos": "PN"}
}
,
{
"node": "l",
"frag": "{mi₂}15--x⸣+[x",
"id": "P335255.l01811",
"ref": "P335255.7.2",
"inst": "u",
"f": {"lang": "akk-x-neoass",
"form": "{MI₂}15-x+x",
"pos": "u"}
}
,
{
"node": "l",
"frag": "MI₂-šu₂]",
"id": "P335255.l01812",
"ref": "P335255.7.3",
"inst": "issušu[woman]N",
"sig": "@saao/saa14%akk-x-neoass:MI₂-šu₂=sinništu[woman//woman]N'N$issušu",
"f": {"lang": "akk-x-neoass",
"form": "MI₂-šu₂",
"cf": "sinništu",
"gw": "woman",
"sense": "woman",
"norm": "issušu",
"pos": "N",
"epos": "N"}
}
,
{
"node": "d",
"type": "line-start",
"ref": "P335255.8",
"n": "4",
"label": "o 4"}
,
{
"node": "l",
"frag": "{⸢mi₂⸣}mar-ti-i",
"id": "P335255.l01813",
"ref": "P335255.8.1",
"inst": "Marti[1]PN$",
"sig": "@saao/saa14%akk-x-neoass:{MI₂}mar-ti-i=Marti[1//1]PN'PN$Marti",
"f": {"lang": "akk-x-neoass",
"form": "{MI₂}mar-ti-i",
"cf": "Marti",
"gw": "1",
"sense": "1",
"norm": "Marti",
"pos": "PN",
"epos": "PN"}
}
,
{
"node": "d",
"frag": ":.",
"type": "nonw",
"ref": "P335255.8.2",
"lang": "akk-x-neoass",
"type": "punct",
"gdl_delim": " "}
,
{
"node": "l",
"frag": "ma-ar₂-a-⸢sa⸣",
"id": "P335255.l01814",
"ref": "P335255.8.3",
"inst": "mārtu[daughter]N$marʾassa",
"sig": "@saao/saa14%akk-x-neoass:ma-ar₂-a-sa=mārtu[daughter//daughter]N'N$marʾassa",
"f": {"lang": "akk-x-neoass",
"form": "ma-ar₂-a-sa",
"cf": "mārtu",
"gw": "daughter",
"sense": "daughter",
"norm": "marʾassa",
"pos": "N",
"epos": "N"}
}
,
{
"node": "d",
"type": "line-start",
"ref": "P335255.9",
"n": "5",
"label": "o 5"}
,
{
"node": "l",
"frag": "03",
"id": "P335255.l01815",
"ref": "P335255.9.1",
"inst": "n",
"f": {"lang": "akk-x-neoass",
"form": "03",
"pos": "n"}
}
,
{
"node": "l",
"frag": "ru-u-⸢ṭu⸣",
"id": "P335255.l01816",
"ref": "P335255.9.2",
"inst": "rūṭu[a unit of length]N",
"sig": "@saao/saa14%akk-x-neoass:ru-u-ṭu=rūṭu[unit//a unit of length]N'N$rūṭu",
"f": {"lang": "akk-x-neoass",
"form": "ru-u-ṭu",
"cf": "rūṭu",
"gw": "unit",
"sense": "a unit of length",
"norm": "rūṭu",
"pos": "N",
"epos": "N"}
}
,
{
"node": "l",
"frag": "[la-an-ša₂]",
"id": "P335255.l01817",
"ref": "P335255.9.3",
"inst": "lānša[body]N",
"sig": "@saao/saa14%akk-x-neoass:la-an-ša₂=lānu[form//body]N'N$lānša",
"f": {"lang": "akk-x-neoass",
"form": "la-an-ša₂",
"cf": "lānu",
"gw": "form",
"sense": "body",
"norm": "lānša",
"pos": "N",
"epos": "N"}
}
,
{
"node": "d",
"type": "line-start",
"ref": "P335255.10",
"n": "6",
"label": "o 6"}
,
{
"node": "l",
"frag": "PAB",
"id": "P335255.l01818",
"ref": "P335255.10.1",
"inst": "gimru[total]N",
"sig": "@saao/saa14%akk-x-neoass:PAB=gimru[totality//total]N'N$gimru",
"f": {"lang": "akk-x-neoass",
"form": "PAB",
"cf": "gimru",
"gw": "totality",
"sense": "total",
"norm": "gimru",
"pos": "N",
"epos": "N"}
}
,
{
"node": "l",
"frag": "03",
"id": "P335255.l01819",
"ref": "P335255.10.2",
"inst": "n",
"f": {"lang": "akk-x-neoass",
"form": "03",
"pos": "n"}
}
,
{
"node": "l",
"frag": "ZI-[MEŠ",
"id": "P335255.l0181a",
"ref": "P335255.10.3",
"inst": "nupšāti[person]N",
"sig": "@saao/saa14%akk-x-neoass:ZI-MEŠ=napištu[throat//person]N'N$nupšāti",
"f": {"lang": "akk-x-neoass",
"form": "ZI-MEŠ",
"cf": "napištu",
"gw": "throat",
"sense": "person",
"norm": "nupšāti",
"pos": "N",
"epos": "N"}
}
,
{
"node": "l",
"frag": "ARAD-MEŠ]",
"id": "P335255.l0181b",
"ref": "P335255.10.4",
"inst": "urdāni[servant]N",
"sig": "@saao/saa14%akk-x-neoass:ARAD-MEŠ=ardu[slave//servant]N'N$urdāni",
"f": {"lang": "akk-x-neoass",
"form": "ARAD-MEŠ",
"cf": "ardu",
"gw": "slave",
"sense": "servant",
"norm": "urdāni",
"pos": "N",
"epos": "N"}
}
,
{
"node": "l",
"frag": "⸢ša⸣",
"id": "P335255.l0181c",
"ref": "P335255.10.5",
"inst": "ša[of]DET",
"sig": "@saao/saa14%akk-x-neoass:ša=ša[of//of]DET'DET$ša",
"f": {"lang": "akk-x-neoass",
"form": "ša",
"cf": "ša",
"gw": "of",
"sense": "of",
"norm": "ša",
"pos": "DET",
"epos": "DET"}
}
,
{
"node": "l",
"frag": "{1}{d}IM-PAB-AŠ]",
"id": "P335255.l0181d",
"ref": "P335255.10.6",
"inst": "Adad-ahu-iddina[1]PN$",
"sig": "@saao/saa14%akk-x-neoass:{1}{d}IM-PAB-AŠ=Adad-ahu-iddina[1//1]PN'PN$Adad-ahu-iddina",
"f": {"lang": "akk-x-neoass",
"form": "{1}{d}IM-PAB-AŠ",
"cf": "Adad-ahu-iddina",
"gw": "1",
"sense": "1",
"norm": "Adad-ahu-iddina",
"pos": "PN",
"epos": "PN"}
}
,
{
"node": "d",
"type": "line-start",
"ref": "P335255.11",
"n": "7",
"label": "o 7"}
,
{
"node": "l",
"frag": "u₂-piš-ma",
"id": "P335255.l0181e",
"ref": "P335255.11.1",
"inst": "uppišma[contract]V",
"sig": "@saao/saa14%akk-x-neoass:u₂-piš-ma=epēšu[do//contract]V'V$uppišma",
"f": {"lang": "akk-x-neoass",
"form": "u₂-piš-ma",
"cf": "epēšu",
"gw": "do",
"sense": "contract",
"norm": "uppišma",
"pos": "V",
"epos": "V"}
}
,
{
"node": "l",
"frag": "{1}man-nu-ki-i]-{d}⸢al-la⸣-[a.a]",
"id": "P335255.l0181f",
"ref": "P335255.11.2",
"inst": "Mannu-ki-Allaya[1]PN$",
"sig": "@saao/saa14%akk-x-neoass:{1}man-nu-ki-i-{d}al-la-a.a=Mannu-ki-Allaya[1//1]PN'PN$Mannu-ki-Allaya",
"f": {"lang": "akk-x-neoass",
"form": "{1}man-nu-ki-i-{d}al-la-a.a",
"cf": "Mannu-ki-Allaya",
"gw": "1",
"sense": "1",
"norm": "Mannu-ki-Allaya",
"pos": "PN",
"epos": "PN"}
}
,
{
"node": "d",
"type": "line-start",
"ref": "P335255.12",
"n": "8",
"label": "o 8"}
,
{
"node": "l",
"frag": "rak-⸢su⸣",
"id": "P335255.l01820",
"ref": "P335255.12.1",
"inst": "raksu[recruit//conscript]N$",
"sig": "@saao/saa14%akk-x-neoass:rak-su=raksu[recruit//conscript]N'N$raksu",
"f": {"lang": "akk-x-neoass",
"form": "rak-su",
"cf": "raksu",
"gw": "recruit",
"sense": "conscript",
"norm": "raksu",
"pos": "N",
"epos": "N"}
}
,
{
"node": "l",
"frag": "ša",
"id": "P335255.l01821",
"ref": "P335255.12.2",
"inst": "ša[of]DET",
"sig": "@saao/saa14%akk-x-neoass:ša=ša[of//of]DET'DET$ša",
"f": {"lang": "akk-x-neoass",
"form": "ša",
"cf": "ša",
"gw": "of",
"sense": "of",
"norm": "ša",
"pos": "DET",
"epos": "DET"}
}
,
{
"node": "l",
"frag": "{lu₂}⸢GAL-SAG-MEŠ⸣",
"id": "P335255.l01822",
"ref": "P335255.12.3",
"cof-tails": "P335255.l01823",
"inst": "+rabû[big one]N$rab&+ša-rēši[eunuch]N$rēšāni",
"newsig": "@saao/saa14%akk-x-neoass:{LU₂}GAL-SAG-MEŠ=rabû[big one//big one]N'N$rab&&@saao/saa14%akk-x-neoass:{LU₂}GAL-SAG-MEŠ=ša-rēši[eunuch//eunuch]N'N$rēšāni",
"f": {"lang": "akk-x-neoass",
"form": "{LU₂}GAL-SAG-MEŠ",
"cf": "rabû",
"gw": "big one",
"sense": "big one",
"norm": "rab",
"pos": "N",
"epos": "N"}
}
,
{
"node": "l",
"frag": "{lu₂}⸢GAL-SAG-MEŠ⸣",
"id": "P335255.l01823",
"ref": "P335255.12.3",
"cof-head": "P335255.l01822",
"inst": "+rabû[big one]N$rab&+ša-rēši[eunuch]N$rēšāni",
"f": {"lang": "akk-x-neoass",
"form": "{LU₂}GAL-SAG-MEŠ",
"cf": "ša-rēši",
"gw": "eunuch",
"sense": "eunuch",
"norm": "rēšāni",
"pos": "N",
"epos": "N"}
}
,
{
"node": "d",
"type": "line-start",
"ref": "P335255.13",
"n": "9",
"label": "o 9"}
,
{
"node": "l",
"frag": "ina",
"id": "P335255.l01824",
"ref": "P335255.13.1",
"inst": "ina[in+=for]PRP",
"sig": "@saao/saa14%akk-x-neoass:ina=ina[in//in]PRP'PRP$ina",
"f": {"lang": "akk-x-neoass",
"form": "ina",
"cf": "ina",
"gw": "in",
"sense": "in",
"norm": "ina",
"pos": "PRP",
"epos": "PRP"}
}
,
{
"node": "l",
"frag": "ŠA₃-bi",
"id": "P335255.l01825",
"ref": "P335255.13.2",
"inst": "libbi[interior]N",
"sig": "@saao/saa14%akk-x-neoass:ŠA₃-bi=libbu[interior//interior]N'N$libbi",
"f": {"lang": "akk-x-neoass",
"form": "ŠA₃-bi",
"cf": "libbu",
"gw": "interior",
"sense": "interior",
"norm": "libbi",
"pos": "N",
"epos": "N"}
}
,
{
"node": "l",
"frag": "02",
"id": "P335255.l01826",
"ref": "P335255.13.3",
"inst": "n",
"f": {"lang": "akk-x-neoass",
"form": "02",
"pos": "n"}
}
,
{
"node": "l",
"frag": "⸢MA.NA⸣",
"id": "P335255.l01827",
"ref": "P335255.13.4",
"inst": "manê[a unit of weight]N",
"sig": "@saao/saa14%akk-x-neoass:MA.NA=manû[unit//a unit of weight]N'N$manê",
"f": {"lang": "akk-x-neoass",
"form": "MA.NA",
"cf": "manû",
"gw": "unit",
"sense": "a unit of weight",
"norm": "manê",
"pos": "N",
"epos": "N"}
}
,
{
"node": "l",
"frag": "KUG.UD",
"id": "P335255.l01828",
"ref": "P335255.13.5",
"inst": "ṣarpi[silver]N",
"sig": "@saao/saa14%akk-x-neoass:KUG.UD=ṣarpu[silver//silver]N'N$ṣarpi",
"f": {"lang": "akk-x-neoass",
"form": "KUG.UD",
"cf": "ṣarpu",
"gw": "silver",
"sense": "silver",
"norm": "ṣarpi",
"pos": "N",
"epos": "N"}
}
,
{
"node": "l",
"frag": "ina",
"id": "P335255.l01829",
"ref": "P335255.13.6",
"inst": "ina[by]PRP",
"sig": "@saao/saa14%akk-x-neoass:ina=ina[in//by]PRP'PRP$ina",
"f": {"lang": "akk-x-neoass",
"form": "ina",
"cf": "ina",
"gw": "in",
"sense": "by",
"norm": "ina",
"pos": "PRP",
"epos": "PRP"}
}
,
{
"node": "l",
"frag": "ma-⸢ne₂⸣-e",
"id": "P335255.l0182a",
"ref": "P335255.13.7",
"inst": "manê[a unit of weight]N",
"sig": "@saao/saa14%akk-x-neoass:ma-ne₂-e=manû[unit//a unit of weight]N'N$manê",
"f": {"lang": "akk-x-neoass",
"form": "ma-ne₂-e",
"cf": "manû",
"gw": "unit",
"sense": "a unit of weight",
"norm": "manê",
"pos": "N",
"epos": "N"}
}
,
{
"node": "d",
"type": "line-start",
"ref": "P335255.14",
"n": "10",
"label": "o 10"}
,
{
"node": "l",
"frag": "ša",
"id": "P335255.l0182b",
"ref": "P335255.14.1",
"inst": "ša[of]DET",
"sig": "@saao/saa14%akk-x-neoass:ša=ša[of//of]DET'DET$ša",
"f": {"lang": "akk-x-neoass",
"form": "ša",
"cf": "ša",
"gw": "of",
"sense": "of",
"norm": "ša",
"pos": "DET",
"epos": "DET"}
}
,
{
"node": "l",
"frag": "{uru}ga-⸢ar₂⸣-sa-mi₃-si",
"id": "P335255.l0182c",
"ref": "P335255.14.2",
"inst": "Gargamis[Carchemish]GN$Garsamisi",
"sig": "@saao/saa14%akk-x-neoass:{URU}ga-ar₂-sa-mi₃-si=Gargamis[Carchemish//Carchemish]GN'GN$Garsamisi",
"f": {"lang": "akk-x-neoass",
"form": "{URU}ga-ar₂-sa-mi₃-si",
"cf": "Gargamis",
"gw": "Carchemish",
"sense": "Carchemish",
"norm": "Garsamisi",
"pos": "GN",
"epos": "GN"}
}
,
{
"node": "l",
"frag": "TI",
"id": "P335255.l0182d",
"ref": "P335255.14.3",
"inst": "ilaqqi[purchase]V",
"sig": "@saao/saa14%akk-x-neoass:TI=leqû[take//purchase]V'V$ilaqqi",
"f": {"lang": "akk-x-neoass",
"form": "TI",
"cf": "leqû",
"gw": "take",
"sense": "purchase",
"norm": "ilaqqi",
"pos": "V",
"epos": "V"}
}
,
{
"node": "d",
"type": "line-start",
"ref": "P335255.15",
"n": "11",
"label": "o 11"}
,
{
"node": "l",
"frag": "ur-ki",
"id": "P335255.l0182e",
"ref": "P335255.15.1",
"inst": "arki[after]PRP$urki",
"sig": "@saao/saa14%akk-x-neoass:ur-ki=arki[after//after]PRP'PRP$urki",
"f": {"lang": "akk-x-neoass",
"form": "ur-ki",
"cf": "arki",
"gw": "after",
"sense": "after",
"norm": "urki",
"pos": "PRP",
"epos": "PRP"}
}
,
{
"node": "l",
"frag": "⸢da-ra⸣-ri",
"id": "P335255.l0182f",
"ref": "P335255.15.2",
"inst": "darāri[debt-remission]N",
"sig": "@saao/saa14%akk-x-neoass:da-ra-ri=andurāru[freedom//debt-remission]N'N$darāri",
"f": {"lang": "akk-x-neoass",
"form": "da-ra-ri",
"cf": "andurāru",
"gw": "freedom",
"sense": "debt-remission",
"norm": "darāri",
"pos": "N",
"epos": "N"}
}
,
{
"node": "l",
"frag": "UN-MEŠ",
"id": "P335255.l01830",
"ref": "P335255.15.3",
"inst": "nišē[people]N",
"sig": "@saao/saa14%akk-x-neoass:UN-MEŠ=nišu[people//people]N'N$nišē",
"f": {"lang": "akk-x-neoass",
"form": "UN-MEŠ",
"cf": "nišu",
"gw": "people",
"sense": "people",
"norm": "nišē",
"pos": "N",
"epos": "N"}
}
,
{
"node": "l",
"frag": "a-si-qi",
"id": "P335255.l01831",
"ref": "P335255.15.4",
"inst": "assiqi[purchase]V",
"sig": "@saao/saa14%akk-x-neoass:a-si-qi=leqû[take//purchase]V'V$assiqi",
"f": {"lang": "akk-x-neoass",
"form": "a-si-qi",
"cf": "leqû",
"gw": "take",
"sense": "purchase",
"norm": "assiqi",
"pos": "V",
"epos": "V"}
}
,
{
"node": "d",
"type": "line-start",
"ref": "P335255.16",
"n": "12",
"label": "o 12"}
,
{
"node": "l",
"frag": "kas-pu",
"id": "P335255.l01832",
"ref": "P335255.16.1",
"inst": "kaspu[money]N",
"sig": "@saao/saa14%akk-x-neoass:kas-pu=kaspu[silver//money]N'N$kaspu",
"f": {"lang": "akk-x-neoass",
"form": "kas-pu",
"cf": "kaspu",
"gw": "silver",
"sense": "money",
"norm": "kaspu",
"pos": "N",
"epos": "N"}
}
,
{
"node": "l",
"frag": "⸢ga-mur⸣",
"id": "P335255.l01833",
"ref": "P335255.16.2",
"inst": "gammur[completed]AJ",
"sig": "@saao/saa14%akk-x-neoass:ga-mur=gammuru[finished//completed]AJ'AJ$gammur",
"f": {"lang": "akk-x-neoass",
"form": "ga-mur",
"cf": "gammuru",
"gw": "finished",
"sense": "completed",
"norm": "gammur",
"pos": "AJ",
"epos": "AJ"}
}
,
{
"node": "l",
"frag": "ta-din",
"id": "P335255.l01834",
"ref": "P335255.16.3",
"inst": "tadin[paid]AJ",
"sig": "@saao/saa14%akk-x-neoass:ta-din=tadnu[given//paid]AJ'AJ$tadin",
"f": {"lang": "akk-x-neoass",
"form": "ta-din",
"cf": "tadnu",
"gw": "given",
"sense": "paid",
"norm": "tadin",
"pos": "AJ",
"epos": "AJ"}
}
,
{
"node": "d",
"type": "line-start",
"ref": "P335255.17",
"n": "13",
"label": "o 13"}
,
{
"node": "l",
"frag": "UN-MEŠ",
"id": "P335255.l01835",
"ref": "P335255.17.1",
"inst": "nišē[people]N",
"sig": "@saao/saa14%akk-x-neoass:UN-MEŠ=nišu[people//people]N'N$nišē",
"f": {"lang": "akk-x-neoass",
"form": "UN-MEŠ",
"cf": "nišu",
"gw": "people",
"sense": "people",
"norm": "nišē",
"pos": "N",
"epos": "N"}
}
,
{
"node": "l",
"frag": "šu₂-[a-tu]",
"id": "P335255.l01836",
"ref": "P335255.17.2",
"inst": "šuātu[that]'DP",
"sig": "@saao/saa14%akk-x-neoass:šu₂-a-tu=šuāti[him//that]IP'DP$šuātu",
"f": {"lang": "akk-x-neoass",
"form": "šu₂-a-tu",
"cf": "šuāti",
"gw": "him",
"sense": "that",
"norm": "šuātu",
"pos": "IP",
"epos": "DP"}
}
,
{
"node": "l",
"frag": "za-ar₂-pu",
"id": "P335255.l01837",
"ref": "P335255.17.3",
"inst": "zarpu[purchased]AJ",
"sig": "@saao/saa14%akk-x-neoass:za-ar₂-pu=zarpu[purchased//purchased]AJ'AJ$zarpu",
"f": {"lang": "akk-x-neoass",
"form": "za-ar₂-pu",
"cf": "zarpu",
"gw": "purchased",
"sense": "purchased",
"norm": "zarpu",
"pos": "AJ",
"epos": "AJ"}
}
,
{
"node": "d",
"frag": ":.",
"type": "nonw",
"ref": "P335255.17.4",
"lang": "akk-x-neoass",
"type": "punct",
"gdl_delim": " "}
,
{
"node": "l",
"frag": "TI",
"id": "P335255.l01838",
"ref": "P335255.17.5",
"inst": "ilaqqi[succeed]V",
"sig": "@saao/saa14%akk-x-neoass:TI=leqû[take//succeed]V'V$ilaqqi",
"f": {"lang": "akk-x-neoass",
"form": "TI",
"cf": "leqû",
"gw": "take",
"sense": "succeed",
"norm": "ilaqqi",
"pos": "V",
"epos": "V"}
}
,
{
"node": "d",
"type": "line-start",
"ref": "P335255.18",
"n": "14",
"label": "o 14"}
,
{
"node": "l",
"frag": "tu-⸢a-ru⸣",
"id": "P335255.l01839",
"ref": "P335255.18.1",
"inst": "tuāru[revocation]'N",
"sig": "@saao/saa14%akk-x-neoass:tu-a-ru=târu[turn//revocation]V'N$tuāru",
"f": {"lang": "akk-x-neoass",
"form": "tu-a-ru",
"cf": "târu",
"gw": "turn",
"sense": "revocation",
"norm": "tuāru",
"pos": "V",
"epos": "N"}
}
,
{
"node": "l",
"frag": "[de]-e-nu",
"id": "P335255.l0183a",
"ref": "P335255.18.2",
"inst": "dēnu[lawsuit]N",
"sig": "@saao/saa14%akk-x-neoass:de-e-nu=dīnu[legal decision//lawsuit]N'N$dēnu",
"f": {"lang": "akk-x-neoass",
"form": "de-e-nu",
"cf": "dīnu",
"gw": "legal decision",
"sense": "lawsuit",
"norm": "dēnu",
"pos": "N",
"epos": "N"}
}
,
{
"node": "l",
"frag": "DUG₄.⸢DUG₄⸣",
"id": "P335255.l0183b",
"ref": "P335255.18.3",
"inst": "dabābu[litigation]'N",
"sig": "@saao/saa14%akk-x-neoass:DUG₄.DUG₄=dabābu[speak//litigation]V'N$dabābu",
"f": {"lang": "akk-x-neoass",
"form": "DUG₄.DUG₄",
"cf": "dabābu",
"gw": "speak",
"sense": "litigation",
"norm": "dabābu",
"pos": "V",
"epos": "N"}
}
,
{
"node": "d",
"type": "line-start",
"ref": "P335255.19",
"n": "15",
"label": "o 15"}
,
{
"node": "l",
"frag": "⸢la-aš₂-šu₂⸣",
"id": "P335255.l0183c",
"ref": "P335255.19.1",
"inst": "laššu[(there) is not]V",
"sig": "@saao/saa14%akk-x-neoass:la-aš₂-šu₂=laššu[(there) is not//(there) is not]V'V$laššu",
"f": {"lang": "akk-x-neoass",
"form": "la-aš₂-šu₂",
"cf": "laššu",
"gw": "(there) is not",
"sense": "(there) is not",
"norm": "laššu",
"pos": "V",
"epos": "V"}
}
,
{
"node": "l",
"frag": "[man-nu]",
"id": "P335255.l0183d",
"ref": "P335255.19.2",
"inst": "mannu[whoever]'XP",
"sig": "@saao/saa14%akk-x-neoass:man-nu=mannu[who?//whoever]QP'XP$mannu",
"f": {"lang": "akk-x-neoass",
"form": "man-nu",
"cf": "mannu",
"gw": "who?",
"sense": "whoever",
"norm": "mannu",
"pos": "QP",
"epos": "XP"}
}
,
{
"node": "l",
"frag": "⸢ša⸣",
"id": "P335255.l0183e",
"ref": "P335255.19.3",
"inst": "ša[that]REL",
"sig": "@saao/saa14%akk-x-neoass:ša=ša[that//that]REL'REL$ša",
"f": {"lang": "akk-x-neoass",
"form": "ša",
"cf": "ša",
"gw": "that",
"sense": "that",
"norm": "ša",
"pos": "REL",
"epos": "REL"}
}
,
{
"node": "c",
"type": "phrase",
"tag": "phr",
"id": "P335255.U4",
"ref": "P335255.ls00000",
"cdl": [
{
"node": "l",
"frag": "ina",
"id": "P335255.l0183f",
"ref": "P335255.19.4",
"inst": "ina[in+=in the future]PRP",
"sig": "@saao/saa14%akk-x-neoass:ina=ina[in//in]PRP'PRP$ina",
"f": {"lang": "akk-x-neoass",
"form": "ina",
"cf": "ina",
"gw": "in",
"sense": "in",
"norm": "ina",
"pos": "PRP",
"epos": "PRP"}
}
,
{
"node": "l",
"frag": "ur-kiš",
"id": "P335255.l01840",
"ref": "P335255.19.5",
"inst": "urkiš[later]AV",
"sig": "@saao/saa14%akk-x-neoass:ur-kiš=urkiš[later//later]AV'AV$urkiš",
"f": {"lang": "akk-x-neoass",
"form": "ur-kiš",
"cf": "urkiš",
"gw": "later",
"sense": "later",
"norm": "urkiš",
"pos": "AV",
"epos": "AV"}
}
]}
,
{
"node": "d",
"type": "line-start",
"ref": "P335255.20",
"n": "16",
"label": "o 16"}
,
{
"node": "c",
"type": "phrase",
"tag": "phr",
"id": "P335255.U5",
"ref": "P335255.ls00001",
"cdl": [
{
"node": "l",
"frag": "[ina",
"id": "P335255.l01841",
"ref": "P335255.20.1",
"inst": "ina[in+=whenever]PRP",
"sig": "@saao/saa14%akk-x-neoass:ina=ina[in//in]PRP'PRP$ina",
"f": {"lang": "akk-x-neoass",
"form": "ina",
"cf": "ina",
"gw": "in",
"sense": "in",
"norm": "ina",
"pos": "PRP",
"epos": "PRP"}
}
,
{
"node": "l",
"frag": "ma-te-ma]",
"id": "P335255.l01842",
"ref": "P335255.20.2",
"inst": "matēma[ever]AV",
"sig": "@saao/saa14%akk-x-neoass:ma-te-ma=matīma[ever//ever]AV'AV$matēma",
"f": {"lang": "akk-x-neoass",
"form": "ma-te-ma",
"cf": "matīma",
"gw": "ever",
"sense": "ever",
"norm": "matēma",
"pos": "AV",
"epos": "AV"}
}
]}
,
{
"node": "l",
"frag": "⸢lu⸣-u",
"id": "P335255.l01843",
"ref": "P335255.20.3",
"inst": "lū[may]MOD",
"sig": "@saao/saa14%akk-x-neoass:lu-u=lū[may//may]MOD'MOD$lū",
"f": {"lang": "akk-x-neoass",
"form": "lu-u",
"cf": "lū",
"gw": "may",
"sense": "may",
"norm": "lū",
"pos": "MOD",
"epos": "MOD"}
}
,
{
"node": "l",
"frag": "{1}{d}IM-PAB-AŠ",
"id": "P335255.l01844",
"ref": "P335255.20.4",
"inst": "Adad-ahu-iddina[1]PN$",
"sig": "@saao/saa14%akk-x-neoass:{1}{d}IM-PAB-AŠ=Adad-ahu-iddina[1//1]PN'PN$Adad-ahu-iddina",
"f": {"lang": "akk-x-neoass",
"form": "{1}{d}IM-PAB-AŠ",
"cf": "Adad-ahu-iddina",
"gw": "1",
"sense": "1",
"norm": "Adad-ahu-iddina",
"pos": "PN",
"epos": "PN"}
}
,
{
"node": "d",
"type": "line-start",
"ref": "P335255.21",
"n": "17",
"label": "o 17"}
,
{
"node": "l",
"frag": "[lu-u",
"id": "P335255.l01845",
"ref": "P335255.21.1",
"inst": "lū[may]MOD",
"sig": "@saao/saa14%akk-x-neoass:lu-u=lū[may//may]MOD'MOD$lū",
"f": {"lang": "akk-x-neoass",
"form": "lu-u",
"cf": "lū",
"gw": "may",
"sense": "may",
"norm": "lū",
"pos": "MOD",
"epos": "MOD"}
}
,
{
"node": "l",
"frag": "DUMU-MEŠ-šu₂",
"id": "P335255.l01846",
"ref": "P335255.21.2",
"inst": "marʾēšu[son]N",
"sig": "@saao/saa14%akk-x-neoass:DUMU-MEŠ-šu₂=māru[son//son]N'N$marʾēšu",
"f": {"lang": "akk-x-neoass",
"form": "DUMU-MEŠ-šu₂",
"cf": "māru",
"gw": "son",
"sense": "son",
"norm": "marʾēšu",
"pos": "N",
"epos": "N"}
}
,
{
"node": "l",
"frag": "lu-u",
"id": "P335255.l01847",
"ref": "P335255.21.3",
"inst": "lū[may]MOD",
"sig": "@saao/saa14%akk-x-neoass:lu-u=lū[may//may]MOD'MOD$lū",
"f": {"lang": "akk-x-neoass",
"form": "lu-u",
"cf": "lū",
"gw": "may",
"sense": "may",
"norm": "lū",
"pos": "MOD",
"epos": "MOD"}
}
,
{
"node": "l",
"frag": "DUMU]-DUMU-MEŠ-šu₂",
"id": "P335255.l01848",
"ref": "P335255.21.4",
"cof-tails": "P335255.l01849",
"inst": "māru[son]N$mār&māru[son]N$marʾēšu",
"sig": "@saao/saa14%akk-x-neoass:DUMU-DUMU-MEŠ-šu₂=māru[son//son]N'N$mār&&@saao%akk-x-neoass:=māru[son//son]N'N$marʾēšu",
"f": {"lang": "akk-x-neoass",
"form": "DUMU-DUMU-MEŠ-šu₂",
"cf": "māru",
"gw": "son",
"sense": "son",
"norm": "mār",
"pos": "N",
"epos": "N"}
}
,
{
"node": "l",
"frag": "DUMU]-DUMU-MEŠ-šu₂",
"id": "P335255.l01849",
"ref": "P335255.21.4",
"cof-head": "P335255.l01848",
"inst": "māru[son]N$mār&māru[son]N$marʾēšu",
"tail-sig": "@saao%akk-x-neoass:=māru[son//son]N'N$marʾēšu",
"f": {"lang": "akk-x-neoass",
"form": "DUMU-DUMU-MEŠ-šu₂",
"cf": "māru",
"gw": "son",
"sense": "son",
"norm": "marʾēšu",
"pos": "N",
"epos": "N"}
}
,
{
"node": "d",
"type": "line-start",
"ref": "P335255.22",
"n": "18",
"label": "o 18"}
,
{
"node": "l",
"frag": "[lu-u",
"id": "P335255.l0184a",
"ref": "P335255.22.1",
"inst": "lū[may]MOD",
"sig": "@saao/saa14%akk-x-neoass:lu-u=lū[may//may]MOD'MOD$lū",
"f": {"lang": "akk-x-neoass",
"form": "lu-u",
"cf": "lū",
"gw": "may",
"sense": "may",
"norm": "lū",
"pos": "MOD",
"epos": "MOD"}
}
,
{
"node": "l",
"frag": "ŠEŠ-MEŠ-šu₂",
"id": "P335255.l0184b",
"ref": "P335255.22.2",
"inst": "ahhēšu[brother]N",
"sig": "@saao/saa14%akk-x-neoass:ŠEŠ-MEŠ-šu₂=ahu[brother//brother]N'N$ahhēšu",
"f": {"lang": "akk-x-neoass",
"form": "ŠEŠ-MEŠ-šu₂",
"cf": "ahu",
"gw": "brother",
"sense": "brother",
"norm": "ahhēšu",
"pos": "N",
"epos": "N"}
}
,
{
"node": "l",
"frag": "lu]-u",
"id": "P335255.l0184c",
"ref": "P335255.22.3",
"inst": "lū[may]MOD",
"sig": "@saao/saa14%akk-x-neoass:lu-u=lū[may//may]MOD'MOD$lū",
"f": {"lang": "akk-x-neoass",
"form": "lu-u",
"cf": "lū",
"gw": "may",
"sense": "may",
"norm": "lū",
"pos": "MOD",
"epos": "MOD"}
}
,
{
"node": "c",
"type": "phrase",
"tag": "phr",
"id": "P335255.U6",
"ref": "P335255.ls00002",
"cdl": [
{
"node": "l",
"frag": "DUMU-ŠEŠ-MEŠ-šu₂",
"id": "P335255.l0184d",
"ref": "P335255.22.4",
"cof-tails": "P335255.l0184e",
"inst": "māru[son]N$mār&ahu[brother]N$ahhēšu",
"sig": "@saao/saa14%akk-x-neoass:DUMU-ŠEŠ-MEŠ-šu₂=māru[son//son]N'N$mār&&@saao%akk-x-neoass:=ahu[brother//brother]N'N$ahhēšu",
"f": {"lang": "akk-x-neoass",
"form": "DUMU-ŠEŠ-MEŠ-šu₂",
"cf": "māru",
"gw": "son",
"sense": "son",
"norm": "mār",
"pos": "N",
"epos": "N"}
}
,
{
"node": "l",
"frag": "DUMU-ŠEŠ-MEŠ-šu₂",
"id": "P335255.l0184e",
"ref": "P335255.22.4",
"cof-head": "P335255.l0184d",
"inst": "māru[son]N$mār&ahu[brother]N$ahhēšu",
"tail-sig": "@saao%akk-x-neoass:=ahu[brother//brother]N'N$ahhēšu",
"f": {"lang": "akk-x-neoass",
"form": "DUMU-ŠEŠ-MEŠ-šu₂",
"cf": "ahu",
"gw": "brother",
"sense": "brother",
"norm": "ahhēšu",
"pos": "N",
"epos": "N"}
}
]}
,
{
"node": "d",
"subtype": "bottom",
"type": "surface",
"ref": "P335255.b.e..23",
"type": "bottom",
"label": "b.e."}
,
{
"node": "d",
"type": "line-start",
"ref": "P335255.24",
"n": "19",
"label": "b.e. 19"}
,
{
"node": "l",
"frag": "[x",
"id": "P335255.l0184f",
"ref": "P335255.24.1",
"inst": "u",
"f": {"lang": "akk-x-neoass",
"form": "x",
"pos": "u"}
}
,
{
"node": "l",
"frag": "x",
"id": "P335255.l01850",
"ref": "P335255.24.2",
"inst": "u",
"f": {"lang": "akk-x-neoass",
"form": "x",
"pos": "u"}
}
,
{
"node": "l",
"frag": "x",
"id": "P335255.l01851",
"ref": "P335255.24.3",
"inst": "u",
"f": {"lang": "akk-x-neoass",
"form": "x",
"pos": "u"}
}
,
{
"node": "l",
"frag": "x]",
"id": "P335255.l01852",
"ref": "P335255.24.4",
"inst": "u",
"f": {"lang": "akk-x-neoass",
"form": "x",
"pos": "u"}
}
,
{
"node": "l",
"frag": "pa-nu-uʾ",
"id": "P335255.l01853",
"ref": "P335255.24.5",
"inst": "pānû[previous]AJ$pānuʾ",
"sig": "@saao/saa14%akk-x-neoass:pa-nu-uʾ=pānû[previous//previous]AJ'AJ$pānuʾ",
"f": {"lang": "akk-x-neoass",
"form": "pa-nu-uʾ",
"cf": "pānû",
"gw": "previous",
"sense": "previous",
"norm": "pānuʾ",
"pos": "AJ",
"epos": "AJ"}
}
,
{
"node": "d",
"type": "line-start",
"ref": "P335255.25",
"n": "20",
"label": "b.e. 20"}
,
{
"node": "l",
"frag": "[i-za]-⸢qu⸣-pa-a-ni",
"id": "P335255.l01854",
"ref": "P335255.25.1",
"inst": "izaqqupāni[complain]V",
"sig": "@saao/saa14%akk-x-neoass:i-za-qu-pa-a-ni=zaqāpu[fix upright//complain]V'V$izaqqupāni",
"f": {"lang": "akk-x-neoass",
"form": "i-za-qu-pa-a-ni",
"cf": "zaqāpu",
"gw": "fix upright",
"sense": "complain",
"norm": "izaqqupāni",
"pos": "V",
"epos": "V"}
}
,
{
"node": "l",
"frag": "GIL-u-ni",
"id": "P335255.l01855",
"ref": "P335255.25.2",
"inst": "iparrakūni[contravene]V",
"sig": "@saao/saa14%akk-x-neoass:GIL-u-ni=parāku[lie across//contravene]V'V$iparrakūni",
"f": {"lang": "akk-x-neoass",
"form": "GIL-u-ni",
"cf": "parāku",
"gw": "lie across",
"sense": "contravene",
"norm": "iparrakūni",
"pos": "V",
"epos": "V"}
}
,
{
"node": "d",
"subtype": "reverse",
"type": "surface",
"ref": "P335255.r.26",
"type": "reverse",
"label": "r"}
,
{
"node": "d",
"type": "line-start",
"ref": "P335255.27",
"n": "1",
"label": "r 1"}
,
{
"node": "l",
"frag": "[TA@v",
"id": "P335255.l01856",
"ref": "P335255.27.1",
"inst": "issi[with]PRP",
"sig": "@saao/saa14%akk-x-neoass:TA@v=išti[with//with]PRP'PRP$issi",
"f": {"lang": "akk-x-neoass",
"form": "TA@v",
"cf": "išti",
"gw": "with",
"sense": "with",
"norm": "issi",
"pos": "PRP",
"epos": "PRP"}
}
,
{
"node": "l",
"frag": "{1}man-nu-ki-{d}al-la-a.a",
"id": "P335255.l01857",
"ref": "P335255.27.2",
"inst": "Mannu-ki-Allaya[1]PN$",
"sig": "@saao/saa14%akk-x-neoass:{1}man-nu-ki-{d}al-la-a.a=Mannu-ki-Allaya[1//1]PN'PN$Mannu-ki-Allaya",
"f": {"lang": "akk-x-neoass",
"form": "{1}man-nu-ki-{d}al-la-a.a",
"cf": "Mannu-ki-Allaya",
"gw": "1",
"sense": "1",
"norm": "Mannu-ki-Allaya",
"pos": "PN",
"epos": "PN"}
}
,
{
"node": "d",
"type": "line-start",
"ref": "P335255.28",
"n": "2",
"label": "r 2"}
,
{
"node": "l",
"frag": "[u₃]",
"id": "P335255.l01858",
"ref": "P335255.28.1",
"inst": "u[and]CNJ",
"sig": "@saao/saa14%akk-x-neoass:u₃=u[and//and]CNJ'CNJ$u",
"f": {"lang": "akk-x-neoass",
"form": "u₃",
"cf": "u",
"gw": "and",
"sense": "and",
"norm": "u",
"pos": "CNJ",
"epos": "CNJ"}
}
,
{
"node": "l",
"frag": "DUMU-MEŠ-šu₂",
"id": "P335255.l01859",
"ref": "P335255.28.2",
"inst": "marʾēšu[son]N",
"sig": "@saao/saa14%akk-x-neoass:DUMU-MEŠ-šu₂=māru[son//son]N'N$marʾēšu",
"f": {"lang": "akk-x-neoass",
"form": "DUMU-MEŠ-šu₂",
"cf": "māru",
"gw": "son",
"sense": "son",
"norm": "marʾēšu",
"pos": "N",
"epos": "N"}
}
,
{
"node": "l",
"frag": "ub-ta-u-ni",
"id": "P335255.l0185a",
"ref": "P335255.28.3",
"inst": "ubtaʾʾūni[seek]V",
"sig": "@saao/saa14%akk-x-neoass:ub-ta-u-ni=buʾʾû[look for//seek]V'V$ubtaʾʾūni",
"f": {"lang": "akk-x-neoass",
"form": "ub-ta-u-ni",
"cf": "buʾʾû",
"gw": "look for",
"sense": "seek",
"norm": "ubtaʾʾūni",
"pos": "V",
"epos": "V"}
}
,
{
"node": "d",
"type": "line-start",
"ref": "P335255.29",
"n": "3",
"label": "r 3"}
,
{
"node": "l",
"frag": "[x",
"id": "P335255.l0185b",
"ref": "P335255.29.1",
"inst": "u",
"f": {"lang": "akk-x-neoass",
"form": "x",
"pos": "u"}
}
,
{
"node": "l",
"frag": "MA].⸢NA⸣",
"id": "P335255.l0185c",
"ref": "P335255.29.2",
"inst": "manû[a unit of weight]N",
"sig": "@saao/saa14%akk-x-neoass:MA.NA=manû[unit//a unit of weight]N'N$manû",
"f": {"lang": "akk-x-neoass",
"form": "MA.NA",
"cf": "manû",
"gw": "unit",
"sense": "a unit of weight",
"norm": "manû",
"pos": "N",
"epos": "N"}
}
,
{
"node": "l",
"frag": "KUG.UD",
"id": "P335255.l0185d",
"ref": "P335255.29.3",
"inst": "ṣarpi[silver]N",
"sig": "@saao/saa14%akk-x-neoass:KUG.UD=ṣarpu[silver//silver]N'N$ṣarpi",
"f": {"lang": "akk-x-neoass",
"form": "KUG.UD",
"cf": "ṣarpu",
"gw": "silver",
"sense": "silver",
"norm": "ṣarpi",
"pos": "N",
"epos": "N"}
}
,
{
"node": "l",
"frag": "LUH-u₂",
"id": "P335255.l0185e",
"ref": "P335255.29.4",
"inst": "masû[washed]AJ",
"sig": "@saao/saa14%akk-x-neoass:LUH-u₂=mesû[washed//washed]AJ'AJ$masû",
"f": {"lang": "akk-x-neoass",
"form": "LUH-u₂",
"cf": "mesû",
"gw": "washed",
"sense": "washed",
"norm": "masû",
"pos": "AJ",
"epos": "AJ"}
}
,
{
"node": "l",
"frag": "01",
"id": "P335255.l0185f",
"ref": "P335255.29.5",
"inst": "n",
"f": {"lang": "akk-x-neoass",
"form": "01",
"pos": "n"}
}
,
{
"node": "l",
"frag": "MA.NA",
"id": "P335255.l01860",
"ref": "P335255.29.6",
"inst": "manû[a unit of weight]N",
"sig": "@saao/saa14%akk-x-neoass:MA.NA=manû[unit//a unit of weight]N'N$manû",
"f": {"lang": "akk-x-neoass",
"form": "MA.NA",
"cf": "manû",
"gw": "unit",
"sense": "a unit of weight",
"norm": "manû",
"pos": "N",
"epos": "N"}
}
,
{
"node": "l",
"frag": "⸢KUG.GI⸣",
"id": "P335255.l01861",
"ref": "P335255.29.7",
"inst": "hurāṣi[gold]N",
"sig": "@saao/saa14%akk-x-neoass:KUG.GI=hurāṣu[gold//gold]N'N$hurāṣi",
"f": {"lang": "akk-x-neoass",
"form": "KUG.GI",
"cf": "hurāṣu",
"gw": "gold",
"sense": "gold",
"norm": "hurāṣi",
"pos": "N",
"epos": "N"}
}
,
{
"node": "d",
"type": "line-start",
"ref": "P335255.30",
"n": "4",
"label": "r 4"}
,
{
"node": "l",
"frag": "⸢sak⸣-ru",
"id": "P335255.l01862",
"ref": "P335255.30.1",
"inst": "sakru[refined]AJ",
"sig": "@saao/saa14%akk-x-neoass:sak-ru=sakru[refined//refined]AJ'AJ$sakru",
"f": {"lang": "akk-x-neoass",
"form": "sak-ru",
"cf": "sakru",
"gw": "refined",
"sense": "refined",
"norm": "sakru",
"pos": "AJ",
"epos": "AJ"}
}
,
{
"node": "l",
"frag": "ina",
"id": "P335255.l01863",
"ref": "P335255.30.2",
"inst": "ina[in]PRP",
"sig": "@saao/saa14%akk-x-neoass:ina=ina[in//in]PRP'PRP$ina",
"f": {"lang": "akk-x-neoass",
"form": "ina",
"cf": "ina",
"gw": "in",
"sense": "in",
"norm": "ina",
"pos": "PRP",
"epos": "PRP"}
}
,
{
"node": "l",
"frag": "bur-ki",
"id": "P335255.l01864",
"ref": "P335255.30.3",
"inst": "burki[lap]N",
"sig": "@saao/saa14%akk-x-neoass:bur-ki=burku[knee//lap]N'N$burki",
"f": {"lang": "akk-x-neoass",
"form": "bur-ki",
"cf": "burku",
"gw": "knee",
"sense": "lap",
"norm": "burki",
"pos": "N",
"epos": "N"}
}
,
{
"node": "l",
"frag": "{d}IŠ.TAR",
"id": "P335255.l01865",
"ref": "P335255.30.4",
"inst": "Ištar[1]DN",
"sig": "@saao/saa14%akk-x-neoass:{d}IŠ.TAR=Ištar[1//1]DN'DN$Issar",
"f": {"lang": "akk-x-neoass",
"form": "{d}IŠ.TAR",
"cf": "Ištar",
"gw": "1",
"sense": "1",
"norm": "Issar",
"pos": "DN",
"epos": "DN"}
}
,
{
"node": "d",
"type": "line-start",
"ref": "P335255.31",
"n": "5",
"label": "r 5"}
,
{
"node": "l",
"frag": "a-šib",
"id": "P335255.l01866",
"ref": "P335255.31.1",
"inst": "āšib[residing]AJ",
"sig": "@saao/saa14%akk-x-neoass:a-šib=āšibu[sitting//residing]AJ'AJ$āšib",
"f": {"lang": "akk-x-neoass",
"form": "a-šib",
"cf": "āšibu",
"gw": "sitting",
"sense": "residing",
"norm": "āšib",
"pos": "AJ",
"epos": "AJ"}
}
,
{
"node": "l",
"frag": "{uru}NINA",
"id": "P335255.l01867",
"ref": "P335255.31.2",
"inst": "Ninua[Nineveh]GN",
"sig": "@saao/saa14%akk-x-neoass:{URU}NINA=Ninua[Nineveh//Nineveh]GN'GN$Ninua",
"f": {"lang": "akk-x-neoass",
"form": "{URU}NINA",
"cf": "Ninua",
"gw": "Nineveh",
"sense": "Nineveh",
"norm": "Ninua",
"pos": "GN",
"epos": "GN"}
}
,
{
"node": "d",
"frag": ":.",
"type": "nonw",
"ref": "P335255.31.3",
"lang": "akk-x-neoass",
"type": "punct",
"gdl_delim": " "}
,
{
"node": "l",
"frag": "GAR-an",
"id": "P335255.l01868",
"ref": "P335255.31.4",
"inst": "išakkan[place]V",
"sig": "@saao/saa14%akk-x-neoass:GAR-an=šakānu[put//place]V'V$išakkan",
"f": {"lang": "akk-x-neoass",
"form": "GAR-an",
"cf": "šakānu",
"gw": "put",
"sense": "place",
"norm": "išakkan",
"pos": "V",
"epos": "V"}
}
,
{
"node": "l",
"frag": "{giš}BAN",
"id": "P335255.l01869",
"ref": "P335255.31.5",
"inst": "qassu[bow]N",
"sig": "@saao/saa14%akk-x-neoass:{GIŠ}BAN=qaštu[bow//bow]N'N$qassu",
"f": {"lang": "akk-x-neoass",
"form": "{GIŠ}BAN",
"cf": "qaštu",
"gw": "bow",
"sense": "bow",
"norm": "qassu",
"pos": "N",
"epos": "N"}
}
,
{
"node": "l",
"frag": "⸢GU₂⸣.[UN]",
"id": "P335255.l0186a",
"ref": "P335255.31.6",
"inst": "biltu[a unit of weight]N",
"sig": "@saao/saa14%akk-x-neoass:GU₂.UN=biltu[load//a unit of weight]N'N$biltu",
"f": {"lang": "akk-x-neoass",
"form": "GU₂.UN",
"cf": "biltu",
"gw": "load",
"sense": "a unit of weight",
"norm": "biltu",
"pos": "N",
"epos": "N"}
}
,
{
"node": "d",
"type": "line-start",
"ref": "P335255.32",
"n": "6",
"label": "r 6"}
,
{
"node": "l",
"frag": "URUDU-MEŠ",
"id": "P335255.l0186b",
"ref": "P335255.32.1",
"inst": "erî[copper]N",
"sig": "@saao/saa14%akk-x-neoass:URUDU-MEŠ=erû[copper//copper]N'N$erî",
"f": {"lang": "akk-x-neoass",
"form": "URUDU-MEŠ",
"cf": "erû",
"gw": "copper",
"sense": "copper",
"norm": "erî",
"pos": "N",
"epos": "N"}
}
,
{
"node": "l",
"frag": "a-na",
"id": "P335255.l0186c",
"ref": "P335255.32.2",
"inst": "ana[to]PRP",
"sig": "@saao/saa14%akk-x-neoass:a-na=ana[to//to]PRP'PRP$ana",
"f": {"lang": "akk-x-neoass",
"form": "a-na",
"cf": "ana",
"gw": "to",
"sense": "to",
"norm": "ana",
"pos": "PRP",
"epos": "PRP"}
}
,
{
"node": "l",
"frag": "{d}MAŠ",
"id": "P335255.l0186d",
"ref": "P335255.32.3",
"inst": "Inurta[1]DN",
"sig": "@saao/saa14%akk-x-neoass:{d}MAŠ=Inurta[1//1]DN'DN$Inurta",
"f": {"lang": "akk-x-neoass",
"form": "{d}MAŠ",
"cf": "Inurta",
"gw": "1",
"sense": "1",
"norm": "Inurta",
"pos": "DN",
"epos": "DN"}
}
,
{
"node": "l",
"frag": "a-šib",
"id": "P335255.l0186e",
"ref": "P335255.32.4",
"inst": "āšib[residing]AJ",
"sig": "@saao/saa14%akk-x-neoass:a-šib=āšibu[sitting//residing]AJ'AJ$āšib",
"f": {"lang": "akk-x-neoass",
"form": "a-šib",
"cf": "āšibu",
"gw": "sitting",
"sense": "residing",
"norm": "āšib",
"pos": "AJ",
"epos": "AJ"}
}
,
{
"node": "l",
"frag": "{uru}⸢kal₃-ha⸣",
"id": "P335255.l0186f",
"ref": "P335255.32.5",
"inst": "Kalha[1]GN",
"sig": "@saao/saa14%akk-x-neoass:{URU}kal₃-ha=Kalhu[1//1]GN'GN$Kalha",
"f": {"lang": "akk-x-neoass",
"form": "{URU}kal₃-ha",
"cf": "Kalhu",
"gw": "1",
"sense": "1",
"norm": "Kalha",
"pos": "GN",
"epos": "GN"}
}
,
{
"node": "d",
"type": "line-start",
"ref": "P335255.33",
"n": "7",
"label": "r 7"}
,
{
"node": "l",
"frag": "u₂-še-la",
"id": "P335255.l01870",
"ref": "P335255.33.1",
"inst": "elû[go up//dedicate]V$ušella",
"sig": "@saao/saa14%akk-x-neoass:u₂-še-la=elû[go up//dedicate]V'V$ušella",
"f": {"lang": "akk-x-neoass",
"form": "u₂-še-la",
"cf": "elû",
"gw": "go up",
"sense": "dedicate",
"norm": "ušella",
"pos": "V",
"epos": "V"}
}
,
{
"node": "l",
"frag": "lu-u",
"id": "P335255.l01871",
"ref": "P335255.33.2",
"inst": "lū[may]MOD",
"sig": "@saao/saa14%akk-x-neoass:lu-u=lū[may//may]MOD'MOD$lū",
"f": {"lang": "akk-x-neoass",
"form": "lu-u",
"cf": "lū",
"gw": "may",
"sense": "may",
"norm": "lū",
"pos": "MOD",
"epos": "MOD"}
}
,
{
"node": "l",
"frag": "DUMU.UŠ-šu₂",
"id": "P335255.l01872",
"ref": "P335255.33.3",
"inst": "apilšu[heir]N",
"sig": "@saao/saa14%akk-x-neoass:DUMU.UŠ-šu₂=aplu[heir//heir]N'N$apilšu",
"f": {"lang": "akk-x-neoass",
"form": "DUMU.UŠ-šu₂",
"cf": "aplu",
"gw": "heir",
"sense": "heir",
"norm": "apilšu",
"pos": "N",
"epos": "N"}
}
,
{
"node": "l",
"frag": "GAL-⸢u⸣",
"id": "P335255.l01873",
"ref": "P335255.33.4",
"inst": "rabû[big//eldest]AJ$rabiu",
"sig": "@saao/saa14%akk-x-neoass:GAL-u=rabû[big//eldest]AJ'AJ$rabiu",
"f": {"lang": "akk-x-neoass",
"form": "GAL-u",
"cf": "rabû",
"gw": "big",
"sense": "eldest",
"norm": "rabiu",
"pos": "AJ",
"epos": "AJ"}
}
,
{
"node": "d",
"type": "line-start",
"ref": "P335255.34",
"n": "8",
"label": "r 8"}
,
{
"node": "l",
"frag": "lu-u",
"id": "P335255.l01874",
"ref": "P335255.34.1",
"inst": "lū[may]MOD",
"sig": "@saao/saa14%akk-x-neoass:lu-u=lū[may//may]MOD'MOD$lū",
"f": {"lang": "akk-x-neoass",
"form": "lu-u",
"cf": "lū",
"gw": "may",
"sense": "may",
"norm": "lū",
"pos": "MOD",
"epos": "MOD"}
}
,
{
"node": "l",
"frag": "DUMU.MI₂-su",
"id": "P335255.l01875",
"ref": "P335255.34.2",
"inst": "marʾussu[daughter]N",
"sig": "@saao/saa14%akk-x-neoass:DUMU.MI₂-su=mārtu[daughter//daughter]N'N$marʾussu",
"f": {"lang": "akk-x-neoass",
"form": "DUMU.MI₂-su",
"cf": "mārtu",
"gw": "daughter",
"sense": "daughter",
"norm": "marʾussu",
"pos": "N",
"epos": "N"}
}
,
{
"node": "l",
"frag": "ra-bi-tu",
"id": "P335255.l01876",
"ref": "P335255.34.3",
"inst": "rabû[big//eldest]AJ$rabîtu",
"sig": "@saao/saa14%akk-x-neoass:ra-bi-tu=rabû[big//eldest]AJ'AJ$rabîtu",
"f": {"lang": "akk-x-neoass",
"form": "ra-bi-tu",
"cf": "rabû",
"gw": "big",
"sense": "eldest",
"norm": "rabîtu",
"pos": "AJ",
"epos": "AJ"}
}
,
{
"node": "d",
"type": "line-start",
"ref": "P335255.35",
"n": "9",
"label": "r 9"}
,
{
"node": "l",
"frag": "⸢TA@v⸣",
"id": "P335255.l01877",
"ref": "P335255.35.1",
"inst": "issi[with]PRP",
"sig": "@saao/saa14%akk-x-neoass:TA@v=išti[with//with]PRP'PRP$issi",
"f": {"lang": "akk-x-neoass",
"form": "TA@v",
"cf": "išti",
"gw": "with",
"sense": "with",
"norm": "issi",
"pos": "PRP",
"epos": "PRP"}
}
,
{
"node": "l",
"frag": "01",
"id": "P335255.l01878",
"ref": "P335255.35.2",
"inst": "n",
"f": {"lang": "akk-x-neoass",
"form": "01",
"pos": "n"}
}
,
{
"node": "l",
"frag": "ANŠE",
"id": "P335255.l01879",
"ref": "P335255.35.3",
"inst": "imāru[a unit of capacity]N",
"sig": "@saao/saa14%akk-x-neoass:ANŠE=imēru[unit//a unit of capacity]N'N$imāru",
"f": {"lang": "akk-x-neoass",
"form": "ANŠE",
"cf": "imēru",
"gw": "unit",
"sense": "a unit of capacity",
"norm": "imāru",
"pos": "N",
"epos": "N"}
}
,
{
"node": "l",
"frag": "ri-qi-e",
"id": "P335255.l0187a",
"ref": "P335255.35.4",
"inst": "rīqu[aromatic substance]N$rīqie",
"sig": "@saao/saa14%akk-x-neoass:ri-qi-e=rīqu[aromatic substance//aromatic substance]N'N$rīqie",
"f": {"lang": "akk-x-neoass",
"form": "ri-qi-e",
"cf": "rīqu",
"gw": "aromatic substance",
"sense": "aromatic substance",
"norm": "rīqie",
"pos": "N",
"epos": "N"}
}
,
{
"node": "l",
"frag": "DUG₃.GA-MEŠ-⸢te⸣",
"id": "P335255.l0187b",
"ref": "P335255.35.5",
"inst": "ṭābu[good]AJ$ṭābūte",
"sig": "@saao/saa14%akk-x-neoass:DUG₃.GA-MEŠ-te=ṭābu[good//good]AJ'AJ$ṭābūte",
"f": {"lang": "akk-x-neoass",
"form": "DUG₃.GA-MEŠ-te",
"cf": "ṭābu",
"gw": "good",
"sense": "good",
"norm": "ṭābūte",
"pos": "AJ",
"epos": "AJ"}
}
,
{
"node": "d",
"type": "line-start",
"ref": "P335255.36",
"n": "10",
"label": "r 10"}
,
{
"node": "l",
"frag": "a-na",
"id": "P335255.l0187c",
"ref": "P335255.36.1",
"inst": "ana[to]PRP",
"sig": "@saao/saa14%akk-x-neoass:a-na=ana[to//to]PRP'PRP$ana",
"f": {"lang": "akk-x-neoass",
"form": "a-na",
"cf": "ana",
"gw": "to",
"sense": "to",
"norm": "ana",
"pos": "PRP",
"epos": "PRP"}
}
,
{
"node": "l",
"frag": "be₂-la-tu-ṣe-e-ri",
"id": "P335255.l0187d",
"ref": "P335255.36.2",
"inst": "+Belat-ṣeri[1]DN$Belatu-ṣeri",
"newsig": "@saao/saa14%akk-x-neoass:be₂-la-tu-ṣe-e-ri=Belat-ṣeri[1//1]DN'DN$Belatu-ṣeri",
"f": {"lang": "akk-x-neoass",
"form": "be₂-la-tu-ṣe-e-ri",
"cf": "Belat-ṣeri",
"gw": "1",
"sense": "1",
"norm": "Belatu-ṣeri",
"pos": "DN",
"epos": "DN"}
}
,
{
"node": "d",
"frag": ":.",
"type": "nonw",
"ref": "P335255.36.3",
"lang": "akk-x-neoass",
"type": "punct",
"gdl_delim": " "}
,
{
"node": "l",
"frag": "i-qa-⸢mu⸣",
"id": "P335255.l0187e",
"ref": "P335255.36.4",
"inst": "qamû[burn]V$iqammu",
"sig": "@saao/saa14%akk-x-neoass:i-qa-mu=qamû[burn//burn]V'V$iqammu",
"f": {"lang": "akk-x-neoass",
"form": "i-qa-mu",
"cf": "qamû",
"gw": "burn",
"sense": "burn",
"norm": "iqammu",
"pos": "V",
"epos": "V"}
}
,
{
"node": "d",
"type": "line-start",
"ref": "P335255.37",
"n": "11",
"label": "r 11"}
,
{
"node": "l",
"frag": "[kas]-⸢pu⸣",
"id": "P335255.l0187f",
"ref": "P335255.37.1",
"inst": "kaspu[money]N",
"sig": "@saao/saa14%akk-x-neoass:kas-pu=kaspu[silver//money]N'N$kaspu",
"f": {"lang": "akk-x-neoass",
"form": "kas-pu",
"cf": "kaspu",
"gw": "silver",
"sense": "money",
"norm": "kaspu",
"pos": "N",
"epos": "N"}
}
,
{
"node": "c",
"type": "phrase",
"tag": "phr",
"id": "P335255.U7",
"ref": "P335255.ls00003",
"cdl": [
{
"node": "l",
"frag": "a-na",
"id": "P335255.l01880",
"ref": "P335255.37.2",
"inst": "ana[to+=tenfold]PRP",
"sig": "@saao/saa14%akk-x-neoass:a-na=ana[to//to]PRP'PRP$ana",
"f": {"lang": "akk-x-neoass",
"form": "a-na",
"cf": "ana",
"gw": "to",
"sense": "to",
"norm": "ana",
"pos": "PRP",
"epos": "PRP"}
}
,
{
"node": "l",
"frag": "10-MEŠ",
"id": "P335255.l01881",
"ref": "P335255.37.3",
"inst": "ešrāti[tenfold]AV",
"sig": "@saao/saa14%akk-x-neoass:10-MEŠ=ešriātu[tenfold//tenfold]AV'AV$ešrāti",
"f": {"lang": "akk-x-neoass",
"form": "10-MEŠ",
"cf": "ešriātu",
"gw": "tenfold",
"sense": "tenfold",
"norm": "ešrāti",
"pos": "AV",
"epos": "AV"}
}
]}
,
{
"node": "l",
"frag": "a-na",
"id": "P335255.l01882",
"ref": "P335255.37.4",
"inst": "ana[to]PRP",
"sig": "@saao/saa14%akk-x-neoass:a-na=ana[to//to]PRP'PRP$ana",
"f": {"lang": "akk-x-neoass",
"form": "a-na",
"cf": "ana",
"gw": "to",
"sense": "to",
"norm": "ana",
"pos": "PRP",
"epos": "PRP"}
}
,
{
"node": "l",
"frag": "EN-MEŠ-šu₂",
"id": "P335255.l01883",
"ref": "P335255.37.5",
"inst": "bēlēšu[owner]N",
"sig": "@saao/saa14%akk-x-neoass:EN-MEŠ-šu₂=bēlu[lord//owner]N'N$bēlēšu",
"f": {"lang": "akk-x-neoass",
"form": "EN-MEŠ-šu₂",
"cf": "bēlu",
"gw": "lord",
"sense": "owner",
"norm": "bēlēšu",
"pos": "N",
"epos": "N"}
}
,
{
"node": "l",
"frag": "u-⸢GUR⸣",
"id": "P335255.l01884",
"ref": "P335255.37.6",
"inst": "utâr[return]V",
"sig": "@saao/saa14%akk-x-neoass:u-GUR=târu[turn//return]V'V$utâr",
"f": {"lang": "akk-x-neoass",
"form": "u-GUR",
"cf": "târu",
"gw": "turn",
"sense": "return",
"norm": "utâr",
"pos": "V",
"epos": "V"}
}
,
{
"node": "d",
"type": "line-start",
"ref": "P335255.38",
"n": "12",
"label": "r 12"}
,
{
"node": "l",
"frag": "[ina]",
"id": "P335255.l01885",
"ref": "P335255.38.1",
"inst": "ina[in]PRP",
"sig": "@saao/saa14%akk-x-neoass:ina=ina[in//in]PRP'PRP$ina",
"f": {"lang": "akk-x-neoass",
"form": "ina",
"cf": "ina",
"gw": "in",
"sense": "in",
"norm": "ina",
"pos": "PRP",
"epos": "PRP"}
}
,
{
"node": "l",
"frag": "de-nu-šu₂",
"id": "P335255.l01886",
"ref": "P335255.38.2",
"inst": "dīnu[legal decision//lawsuit]N$dēnūšu",
"sig": "@saao/saa14%akk-x-neoass:de-nu-šu₂=dīnu[legal decision//lawsuit]N'N$dēnūšu",
"f": {"lang": "akk-x-neoass",
"form": "de-nu-šu₂",
"cf": "dīnu",
"gw": "legal decision",
"sense": "lawsuit",
"norm": "dēnūšu",
"pos": "N",
"epos": "N"}
}
,
{
"node": "l",
"frag": "DUG₄.DUG₄-ma",
"id": "P335255.l01887",
"ref": "P335255.38.3",
"inst": "idabbubma[contest]V",
"sig": "@saao/saa14%akk-x-neoass:DUG₄.DUG₄-ma=dabābu[speak//contest]V'V$idabbubma",
"f": {"lang": "akk-x-neoass",
"form": "DUG₄.DUG₄-ma",
"cf": "dabābu",
"gw": "speak",
"sense": "contest",
"norm": "idabbubma",
"pos": "V",
"epos": "V"}
}
,
{
"node": "l",
"frag": "la₃",
"id": "P335255.l01888",
"ref": "P335255.38.4",
"inst": "lā[not]MOD",
"sig": "@saao/saa14%akk-x-neoass:la₃=lā[not//not]MOD'MOD$lā",
"f": {"lang": "akk-x-neoass",
"form": "la₃",
"cf": "lā",
"gw": "not",
"sense": "not",
"norm": "lā",
"pos": "MOD",
"epos": "MOD"}
}
,
{
"node": "l",
"frag": "⸢TI⸣",
"id": "P335255.l01889",
"ref": "P335255.38.5",
"inst": "ilaqqi[succeed]V",
"sig": "@saao/saa14%akk-x-neoass:TI=leqû[take//succeed]V'V$ilaqqi",
"f": {"lang": "akk-x-neoass",
"form": "TI",
"cf": "leqû",
"gw": "take",
"sense": "succeed",
"norm": "ilaqqi",
"pos": "V",
"epos": "V"}
}
,
{
"node": "d",
"type": "line-start",
"ref": "P335255.39",
"n": "13",
"label": "r 13"}
,
{
"node": "l",
"frag": "[be]-⸢e⸣-nu",
"id": "P335255.l0188a",
"ref": "P335255.39.1",
"inst": "bennu[epilepsy]N$",
"sig": "@saao/saa14%akk-x-neoass:be-e-nu=bennu[epilepsy//epilepsy]N'N$bennu",
"f": {"lang": "akk-x-neoass",
"form": "be-e-nu",
"cf": "bennu",
"gw": "epilepsy",
"sense": "epilepsy",
"norm": "bennu",
"pos": "N",
"epos": "N"}
}
,
{
"node": "l",
"frag": "ṣib-tu₂",
"id": "P335255.l0188b",
"ref": "P335255.39.2",
"inst": "ṣibtu[seizure]N",
"sig": "@saao/saa14%akk-x-neoass:ṣib-tu₂=ṣibtu[seizure//seizure]N'N$ṣibtu",
"f": {"lang": "akk-x-neoass",
"form": "ṣib-tu₂",
"cf": "ṣibtu",
"gw": "seizure",
"sense": "seizure",
"norm": "ṣibtu",
"pos": "N",
"epos": "N"}
}
,
{
"node": "l",
"frag": "a-na",
"id": "P335255.l0188c",
"ref": "P335255.39.3",
"inst": "ana[for]PRP",
"sig": "@saao/saa14%akk-x-neoass:a-na=ana[to//for]PRP'PRP$ana",
"f": {"lang": "akk-x-neoass",
"form": "a-na",
"cf": "ana",
"gw": "to",
"sense": "for",
"norm": "ana",
"pos": "PRP",
"epos": "PRP"}
}
,
{
"node": "l",
"frag": "01",
"id": "P335255.l0188d",
"ref": "P335255.39.4",
"inst": "n",
"f": {"lang": "akk-x-neoass",
"form": "01",
"pos": "n"}
}
,
{
"node": "l",
"frag": "me",
"id": "P335255.l0188e",
"ref": "P335255.39.5",
"inst": "mē[(one) hundred]NU",
"sig": "@saao/saa14%akk-x-neoass:me=meʾatu[(one) hundred//(one) hundred]NU'NU$mē",
"f": {"lang": "akk-x-neoass",
"form": "me",
"cf": "meʾatu",
"gw": "(one) hundred",
"sense": "(one) hundred",
"norm": "mē",
"pos": "NU",
"epos": "NU"}
}
,
{
"node": "l",
"frag": "UD-MEŠ",
"id": "P335255.l0188f",
"ref": "P335255.39.6",
"inst": "ūmāti[day]N",
"sig": "@saao/saa14%akk-x-neoass:UD-MEŠ=ūmu[day//day]N'N$ūmāti",
"f": {"lang": "akk-x-neoass",
"form": "UD-MEŠ",
"cf": "ūmu",
"gw": "day",
"sense": "day",
"norm": "ūmāti",
"pos": "N",
"epos": "N"}
}
,
{
"node": "d",
"type": "line-start",
"ref": "P335255.40",
"n": "14",
"label": "r 14"}
,
{
"node": "l",
"frag": "[sa]-⸢ar₂⸣-tu₂",
"id": "P335255.l01890",
"ref": "P335255.40.1",
"inst": "sartu[fraud]N",
"sig": "@saao/saa14%akk-x-neoass:sa-ar₂-tu₂=sartu[falsehood//fraud]N'N$sartu",
"f": {"lang": "akk-x-neoass",
"form": "sa-ar₂-tu₂",
"cf": "sartu",
"gw": "falsehood",
"sense": "fraud",
"norm": "sartu",
"pos": "N",
"epos": "N"}
}
,
{
"node": "l",
"frag": "a-na",
"id": "P335255.l01891",
"ref": "P335255.40.2",
"inst": "ana[for]PRP",
"sig": "@saao/saa14%akk-x-neoass:a-na=ana[to//for]PRP'PRP$ana",
"f": {"lang": "akk-x-neoass",
"form": "a-na",
"cf": "ana",
"gw": "to",
"sense": "for",
"norm": "ana",
"pos": "PRP",
"epos": "PRP"}
}
,
{
"node": "l",
"frag": "<kal>",
"id": "P335255.l01892",
"ref": "P335255.40.3",
"inst": "kal[all]'AJ",
"sig": "@saao/saa14%akk-x-neoass:kal=kalû[totality//all]N'AJ$kal",
"f": {"lang": "akk-x-neoass",
"form": "kal",
"cf": "kalû",
"gw": "totality",
"sense": "all",
"norm": "kal",
"pos": "N",
"epos": "AJ"}
}
,
{
"node": "l",
"frag": "MU.AN.NA-⸢MEŠ⸣",
"id": "P335255.l01893",
"ref": "P335255.40.4",
"inst": "šanāti[year]N",
"sig": "@saao/saa14%akk-x-neoass:MU.AN.NA-MEŠ=šattu[year//year]N'N$šanāti",
"f": {"lang": "akk-x-neoass",
"form": "MU.AN.NA-MEŠ",
"cf": "šattu",
"gw": "year",
"sense": "year",
"norm": "šanāti",
"pos": "N",
"epos": "N"}
}
,
{
"node": "d",
"type": "nonx",
"ref": "P335255.41",
"strict": "1",
"extent": "n",
"scope": "line",
"state": "ruling"}
,
{
"node": "d",
"type": "line-start",
"ref": "P335255.42",
"n": "15",
"label": "r 15"}
,
{
"node": "l",
"frag": "[IGI",
"id": "P335255.l01894",
"ref": "P335255.42.1",
"inst": "šību[witness]N",
"sig": "@saao/saa14%akk-x-neoass:IGI=šību[witness//witness]N'N$šību",
"f": {"lang": "akk-x-neoass",
"form": "IGI",
"cf": "šību",
"gw": "witness",
"sense": "witness",
"norm": "šību",
"pos": "N",
"epos": "N"}
}
,
{
"node": "l",
"frag": "{1}{d]}PA-MU-PAB-MEŠ",
"id": "P335255.l01895",
"ref": "P335255.42.2",
"inst": "Nabu-nadin-ahhe[1]PN",
"sig": "@saao/saa14%akk-x-neoass:{1}{d}PA-MU-PAB-MEŠ=Nabu-nadin-ahhe[1//1]PN'PN$Nabu-nadin-ahhe",
"f": {"lang": "akk-x-neoass",
"form": "{1}{d}PA-MU-PAB-MEŠ",
"cf": "Nabu-nadin-ahhe",
"gw": "1",
"sense": "1",
"norm": "Nabu-nadin-ahhe",
"pos": "PN",
"epos": "PN"}
}
,
{
"node": "l",
"frag": "IGI",
"id": "P335255.l01896",
"ref": "P335255.42.3",
"inst": "šību[witness]N",
"sig": "@saao/saa14%akk-x-neoass:IGI=šību[witness//witness]N'N$šību",
"f": {"lang": "akk-x-neoass",
"form": "IGI",
"cf": "šību",
"gw": "witness",
"sense": "witness",
"norm": "šību",
"pos": "N",
"epos": "N"}
}
,
{
"node": "l",
"frag": "{1}DI-mu-LUGAL",
"id": "P335255.l01897",
"ref": "P335255.42.4",
"inst": "Šulmu-šarri[1]PN",
"sig": "@saao/saa14%akk-x-neoass:{1}DI-mu-LUGAL=Šulmu-šarri[1//1]PN'PN$Šulmu-šarri",
"f": {"lang": "akk-x-neoass",
"form": "{1}DI-mu-LUGAL",
"cf": "Šulmu-šarri",
"gw": "1",
"sense": "1",
"norm": "Šulmu-šarri",
"pos": "PN",
"epos": "PN"}
}
,
{
"node": "d",
"type": "line-start",
"ref": "P335255.43",
"n": "16",
"label": "r 16"}
,
{
"node": "l",
"frag": "[IGI",
"id": "P335255.l01898",
"ref": "P335255.43.1",
"inst": "šību[witness]N",
"sig": "@saao/saa14%akk-x-neoass:IGI=šību[witness//witness]N'N$šību",
"f": {"lang": "akk-x-neoass",
"form": "IGI",
"cf": "šību",
"gw": "witness",
"sense": "witness",
"norm": "šību",
"pos": "N",
"epos": "N"}
}
,
{
"node": "l",
"frag": "{1}man]-⸢nu⸣-ki-{uru}ni-⸢nu-a⸣",
"id": "P335255.l01899",
"ref": "P335255.43.2",
"inst": "Mannu-ki-Ninua[1]PN",
"sig": "@saao/saa14%akk-x-neoass:{1}man-nu-ki-{URU}ni-nu-a=Mannu-ki-Ninua[1//1]PN'PN$Mannu-ki-Ninua",
"f": {"lang": "akk-x-neoass",
"form": "{1}man-nu-ki-{URU}ni-nu-a",
"cf": "Mannu-ki-Ninua",
"gw": "1",
"sense": "1",
"norm": "Mannu-ki-Ninua",
"pos": "PN",
"epos": "PN"}
}
,
{
"node": "l",
"frag": "PAB",
"id": "P335255.l0189a",
"ref": "P335255.43.3",
"inst": "gimru[total]N",
"sig": "@saao/saa14%akk-x-neoass:PAB=gimru[totality//total]N'N$gimru",
"f": {"lang": "akk-x-neoass",
"form": "PAB",
"cf": "gimru",
"gw": "totality",
"sense": "total",
"norm": "gimru",
"pos": "N",
"epos": "N"}
}
,
{
"node": "l",
"frag": "03",
"id": "P335255.l0189b",
"ref": "P335255.43.4",
"inst": "n",
"f": {"lang": "akk-x-neoass",
"form": "03",
"pos": "n"}
}
,
{
"node": "l",
"frag": "⸢IGI-MEŠ⸣",
"id": "P335255.l0189c",
"ref": "P335255.43.5",
"inst": "šībūti[witness]N",
"sig": "@saao/saa14%akk-x-neoass:IGI-MEŠ=šību[witness//witness]N'N$šībūti",
"f": {"lang": "akk-x-neoass",
"form": "IGI-MEŠ",
"cf": "šību",
"gw": "witness",
"sense": "witness",
"norm": "šībūti",
"pos": "N",
"epos": "N"}
}
,
{
"node": "d",
"type": "line-start",
"ref": "P335255.44",
"n": "17",
"label": "r 17"}
,
{
"node": "l",
"frag": "[x",
"id": "P335255.l0189d",
"ref": "P335255.44.1",
"inst": "u",
"f": {"lang": "akk-x-neoass",
"form": "x",
"pos": "u"}
}
,
{
"node": "l",
"frag": "x",
"id": "P335255.l0189e",
"ref": "P335255.44.2",
"inst": "u",
"f": {"lang": "akk-x-neoass",
"form": "x",
"pos": "u"}
}
,
{
"node": "l",
"frag": "x",
"id": "P335255.l0189f",
"ref": "P335255.44.3",
"inst": "u",
"f": {"lang": "akk-x-neoass",
"form": "x",
"pos": "u"}
}
,
{
"node": "l",
"frag": "x]+⸢x",
"id": "P335255.l018a0",
"ref": "P335255.44.4",
"inst": "u",
"f": {"lang": "akk-x-neoass",
"form": "x+x",
"pos": "u"}
}
,
{
"node": "l",
"frag": "x",
"id": "P335255.l018a1",
"ref": "P335255.44.5",
"inst": "u",
"f": {"lang": "akk-x-neoass",
"form": "x",
"pos": "u"}
}
,
{
"node": "l",
"frag": "x⸣",
"id": "P335255.l018a2",
"ref": "P335255.44.6",
"inst": "u",
"f": {"lang": "akk-x-neoass",
"form": "x",
"pos": "u"}
}
,
{
"node": "l",
"frag": "te",
"id": "P335255.l018a3",
"ref": "P335255.44.7",
"inst": "u",
"f": {"lang": "akk-x-neoass",
"form": "te",
"pos": "u"}
}
,
{
"node": "d",
"type": "line-start",
"ref": "P335255.45",
"n": "18",
"label": "r 18"}
,
{
"node": "l",
"frag": "[IGI",
"id": "P335255.l018a4",
"ref": "P335255.45.1",
"inst": "šību[witness]N",
"sig": "@saao/saa14%akk-x-neoass:IGI=šību[witness//witness]N'N$šību",
"f": {"lang": "akk-x-neoass",
"form": "IGI",
"cf": "šību",
"gw": "witness",
"sense": "witness",
"norm": "šību",
"pos": "N",
"epos": "N"}
}
,
{
"node": "l",
"frag": "{1}ta]-⸢bal⸣-a.a",
"id": "P335255.l018a5",
"ref": "P335255.45.2",
"inst": "Tabalaya[1]PN",
"sig": "@saao/saa14%akk-x-neoass:{1}ta-bal-a.a=Tabalayu[1//1]PN'PN$Tabalaya",
"f": {"lang": "akk-x-neoass",
"form": "{1}ta-bal-a.a",
"cf": "Tabalayu",
"gw": "1",
"sense": "1",
"norm": "Tabalaya",
"pos": "PN",
"epos": "PN"}
}
,
{
"node": "l",
"frag": "IGI",
"id": "P335255.l018a6",
"ref": "P335255.45.3",
"inst": "šību[witness]N",
"sig": "@saao/saa14%akk-x-neoass:IGI=šību[witness//witness]N'N$šību",
"f": {"lang": "akk-x-neoass",
"form": "IGI",
"cf": "šību",
"gw": "witness",
"sense": "witness",
"norm": "šību",
"pos": "N",
"epos": "N"}
}
,
{
"node": "l",
"frag": "{1}pu-hi-⸢i⸣",
"id": "P335255.l018a7",
"ref": "P335255.45.4",
"inst": "Puhi[1]PN$",
"sig": "@saao/saa14%akk-x-neoass:{1}pu-hi-i=Puhi[1//1]PN'PN$Puhi",
"f": {"lang": "akk-x-neoass",
"form": "{1}pu-hi-i",
"cf": "Puhi",
"gw": "1",
"sense": "1",
"norm": "Puhi",
"pos": "PN",
"epos": "PN"}
}
,
{
"node": "l",
"frag": "[o]",
"id": "P335255.l018a8",
"ref": "P335255.45.5",
"inst": "u",
"f": {"lang": "akk-x-neoass",
"form": "o",
"pos": "u"}
}
,
{
"node": "d",
"type": "line-start",
"ref": "P335255.46",
"n": "19",
"label": "r 19"}
,
{
"node": "l",
"frag": "[IGI",
"id": "P335255.l018a9",
"ref": "P335255.46.1",
"inst": "šību[witness]N",
"sig": "@saao/saa14%akk-x-neoass:IGI=šību[witness//witness]N'N$šību",
"f": {"lang": "akk-x-neoass",
"form": "IGI",
"cf": "šību",
"gw": "witness",
"sense": "witness",
"norm": "šību",
"pos": "N",
"epos": "N"}
}
,
{
"node": "l",
"frag": "{1}{d}bu]-⸢ru⸣-AD-PAB",
"id": "P335255.l018aa",
"ref": "P335255.46.2",
"inst": "Buru-abu-uṣur[1]PN$",
"sig": "@saao/saa14%akk-x-neoass:{1}{d}bu-ru-AD-PAB=Buru-abu-uṣur[1//1]PN'PN$Buru-abu-uṣur",
"f": {"lang": "akk-x-neoass",
"form": "{1}{d}bu-ru-AD-PAB",
"cf": "Buru-abu-uṣur",
"gw": "1",
"sense": "1",
"norm": "Buru-abu-uṣur",
"pos": "PN",
"epos": "PN"}
}
,
{
"node": "l",
"frag": "{1}10--PAB-⸢ir⸣",
"id": "P335255.l018ab",
"ref": "P335255.46.3",
"inst": "Adad-naṣir[1]PN",
"sig": "@saao/saa14%akk-x-neoass:{1}10-PAB-ir=Adad-naṣir[1//1]PN'PN$Adad-naṣir",
"f": {"lang": "akk-x-neoass",
"form": "{1}10-PAB-ir",
"cf": "Adad-naṣir",
"gw": "1",
"sense": "1",
"norm": "Adad-naṣir",
"pos": "PN",
"epos": "PN"}
}
,
{
"node": "d",
"type": "line-start",
"ref": "P335255.47",
"n": "20",
"label": "r 20"}
,
{
"node": "l",
"frag": "[IGI",
"id": "P335255.l018ac",
"ref": "P335255.47.1",
"inst": "šību[witness]N",
"sig": "@saao/saa14%akk-x-neoass:IGI=šību[witness//witness]N'N$šību",
"f": {"lang": "akk-x-neoass",
"form": "IGI",
"cf": "šību",
"gw": "witness",
"sense": "witness",
"norm": "šību",
"pos": "N",
"epos": "N"}
}
,
{
"node": "l",
"frag": "{1}⸢iz⸣-bu",
"id": "P335255.l018ad",
"ref": "P335255.47.2",
"inst": "Ezbu[1]PN",
"sig": "@saao/saa14%akk-x-neoass:{1}iz-bu=Ezbu[1//1]PN'PN$Ezbu",
"f": {"lang": "akk-x-neoass",
"form": "{1}iz-bu",
"cf": "Ezbu",
"gw": "1",
"sense": "1",
"norm": "Ezbu",
"pos": "PN",
"epos": "PN"}
}
,
{
"node": "l",
"frag": "IGI",
"id": "P335255.l018ae",
"ref": "P335255.47.3",
"inst": "šību[witness]N",
"sig": "@saao/saa14%akk-x-neoass:IGI=šību[witness//witness]N'N$šību",
"f": {"lang": "akk-x-neoass",
"form": "IGI",
"cf": "šību",
"gw": "witness",
"sense": "witness",
"norm": "šību",
"pos": "N",
"epos": "N"}
}
,
{
"node": "l",
"frag": "{1}ta-li-[x]",
"id": "P335255.l018af",
"ref": "P335255.47.4",
"inst": "u",
"f": {"lang": "akk-x-neoass",
"form": "{1}ta-li-x",
"pos": "u"}
}
,
{
"node": "d",
"type": "line-start",
"ref": "P335255.48",
"n": "21",
"label": "r 21"}
,
{
"node": "l",
"frag": "[IGI",
"id": "P335255.l018b0",
"ref": "P335255.48.1",
"inst": "šību[witness]N",
"sig": "@saao/saa14%akk-x-neoass:IGI=šību[witness//witness]N'N$šību",
"f": {"lang": "akk-x-neoass",
"form": "IGI",
"cf": "šību",
"gw": "witness",
"sense": "witness",
"norm": "šību",
"pos": "N",
"epos": "N"}
}
,
{
"node": "l",
"frag": "{1}x",
"id": "P335255.l018b1",
"ref": "P335255.48.2",
"inst": "u",
"f": {"lang": "akk-x-neoass",
"form": "{1}x",
"pos": "u"}
}
,
{
"node": "l",
"frag": "x",
"id": "P335255.l018b2",
"ref": "P335255.48.3",
"inst": "u",
"f": {"lang": "akk-x-neoass",
"form": "x",
"pos": "u"}
}
,
{
"node": "l",
"frag": "x]-⸢ia⸣",
"id": "P335255.l018b3",
"ref": "P335255.48.4",
"inst": "u",
"f": {"lang": "akk-x-neoass",
"form": "x-ia",
"pos": "u"}
}
,
{
"node": "l",
"frag": "IGI",
"id": "P335255.l018b4",
"ref": "P335255.48.5",
"inst": "šību[witness]N",
"sig": "@saao/saa14%akk-x-neoass:IGI=šību[witness//witness]N'N$šību",
"f": {"lang": "akk-x-neoass",
"form": "IGI",
"cf": "šību",
"gw": "witness",
"sense": "witness",
"norm": "šību",
"pos": "N",
"epos": "N"}
}
,
{
"node": "l",
"frag": "{1}ki-[x",
"id": "P335255.l018b5",
"ref": "P335255.48.6",
"inst": "u",
"f": {"lang": "akk-x-neoass",
"form": "{1}ki-x",
"pos": "u"}
}
,
{
"node": "l",
"frag": "x",
"id": "P335255.l018b6",
"ref": "P335255.48.7",
"inst": "u",
"f": {"lang": "akk-x-neoass",
"form": "x",
"pos": "u"}
}
,
{
"node": "l",
"frag": "x]",
"id": "P335255.l018b7",
"ref": "P335255.48.8",
"inst": "u",
"f": {"lang": "akk-x-neoass",
"form": "x",
"pos": "u"}
}
,
{
"node": "d",
"type": "line-start",
"ref": "P335255.49",
"n": "22",
"label": "r 22"}
,
{
"node": "l",
"frag": "[x",
"id": "P335255.l018b8",
"ref": "P335255.49.1",
"inst": "u",
"f": {"lang": "akk-x-neoass",
"form": "x",
"pos": "u"}
}
,
{
"node": "l",
"frag": "x",
"id": "P335255.l018b9",
"ref": "P335255.49.2",
"inst": "u",
"f": {"lang": "akk-x-neoass",
"form": "x",
"pos": "u"}
}
,
{
"node": "l",
"frag": "x",
"id": "P335255.l018ba",
"ref": "P335255.49.3",
"inst": "u",
"f": {"lang": "akk-x-neoass",
"form": "x",
"pos": "u"}
}
,
{
"node": "l",
"frag": "x]+⸢x",
"id": "P335255.l018bb",
"ref": "P335255.49.4",
"inst": "u",
"f": {"lang": "akk-x-neoass",
"form": "x+x",
"pos": "u"}
}
,
{
"node": "l",
"frag": "x",
"id": "P335255.l018bc",
"ref": "P335255.49.5",
"inst": "u",
"f": {"lang": "akk-x-neoass",
"form": "x",
"pos": "u"}
}
,
{
"node": "l",
"frag": "x⸣+[x",
"id": "P335255.l018bd",
"ref": "P335255.49.6",
"inst": "u",
"f": {"lang": "akk-x-neoass",
"form": "x+x",
"pos": "u"}
}
,
{
"node": "l",
"frag": "x",
"id": "P335255.l018be",
"ref": "P335255.49.7",
"inst": "u",
"f": {"lang": "akk-x-neoass",
"form": "x",
"pos": "u"}
}
,
{
"node": "l",
"frag": "x]",
"id": "P335255.l018bf",
"ref": "P335255.49.8",
"inst": "u",
"f": {"lang": "akk-x-neoass",
"form": "x",
"pos": "u"}
}
,
{
"node": "d",
"subtype": "right",
"type": "surface",
"ref": "P335255.r.e..50",
"type": "right",
"label": "r.e."}
,
{
"node": "d",
"type": "line-start",
"ref": "P335255.51",
"n": "23",
"label": "r.e. 23"}
,
{
"node": "l",
"frag": "{[iti}x]",
"id": "P335255.l018c0",
"ref": "P335255.51.1",
"inst": "urhi[month]N",
"sig": "@saao/saa14%akk-x-neoass:{ITI}x=arhu[month//month]N'N$urhi",
"f": {"lang": "akk-x-neoass",
"form": "{ITI}x",
"cf": "arhu",
"gw": "month",
"sense": "month",
"norm": "urhi",
"pos": "N",
"epos": "N"}
}
,
{
"node": "l",
"frag": "UD",
"id": "P335255.l018c1",
"ref": "P335255.51.2",
"inst": "ūm[day]N",
"sig": "@saao/saa14%akk-x-neoass:UD=ūmu[day//day]N'N$ūm",
"f": {"lang": "akk-x-neoass",
"form": "UD",
"cf": "ūmu",
"gw": "day",
"sense": "day",
"norm": "ūm",
"pos": "N",
"epos": "N"}
}
,
{
"node": "l",
"frag": "03-⸢KAM₂⸣",
"id": "P335255.l018c2",
"ref": "P335255.51.3",
"inst": "n",
"f": {"lang": "akk-x-neoass",
"form": "03-KAM₂",
"pos": "n"}
}
,
{
"node": "d",
"type": "line-start",
"ref": "P335255.52",
"n": "24",
"label": "r.e. 24"}
,
{
"node": "l",
"frag": "[lim-mu",
"id": "P335255.l018c3",
"ref": "P335255.52.1",
"inst": "limmu[eponym (of year)]N",
"sig": "@saao/saa14%akk-x-neoass:lim-mu=līmu[eponym (of year)//eponym (of year)]N'N$limmu",
"f": {"lang": "akk-x-neoass",
"form": "lim-mu",
"cf": "līmu",
"gw": "eponym (of year)",
"sense": "eponym (of year)",
"norm": "limmu",
"pos": "N",
"epos": "N"}
}
,
{
"node": "l",
"frag": "{1}{d}ša₂-maš-KUR-a.a-[bi]",
"id": "P335255.l018c4",
"ref": "P335255.52.2",
"inst": "Šamaš-kašid-ayabi[1]PN$",
"sig": "@saao/saa14%akk-x-neoass:{1}{d}ša₂-maš-KUR-a.a-bi=Šamaš-kašid-ayabi[1//1]PN'PN$Šamaš-kašid-ayabi",
"f": {"lang": "akk-x-neoass",
"form": "{1}{d}ša₂-maš-KUR-a.a-bi",
"cf": "Šamaš-kašid-ayabi",
"gw": "1",
"sense": "1",
"norm": "Šamaš-kašid-ayabi",
"pos": "PN",
"epos": "PN"}
}
,
{
"node": "d",
"subtype": "edge",
"type": "surface",
"ref": "P335255.e..53",
"type": "edge",
"label": "e."}
,
{
"node": "d",
"type": "line-start",
"ref": "P335255.54",
"n": "1",
"label": "e. 1"}
,
{
"node": "l",
"frag": "[IGI",
"id": "P335255.l018c5",
"ref": "P335255.54.1",
"inst": "šību[witness]N",
"sig": "@saao/saa14%akk-x-neoass:IGI=šību[witness//witness]N'N$šību",
"f": {"lang": "akk-x-neoass",
"form": "IGI",
"cf": "šību",
"gw": "witness",
"sense": "witness",
"norm": "šību",
"pos": "N",
"epos": "N"}
}
,
{
"node": "l",
"frag": "{1}arba-il₃-a.a",
"id": "P335255.l018c6",
"ref": "P335255.54.2",
"inst": "Arbailayu[1]PN$Arbailaya",
"sig": "@saao/saa14%akk-x-neoass:{1}arba-il₃-a.a=Arbailayu[1//1]PN'PN$Arbailaya",
"f": {"lang": "akk-x-neoass",
"form": "{1}arba-il₃-a.a",
"cf": "Arbailayu",
"gw": "1",
"sense": "1",
"norm": "Arbailaya",
"pos": "PN",
"epos": "PN"}
}
,
{
"node": "l",
"frag": "IGI",
"id": "P335255.l018c7",
"ref": "P335255.54.3",
"inst": "šību[witness]N",
"sig": "@saao/saa14%akk-x-neoass:IGI=šību[witness//witness]N'N$šību",
"f": {"lang": "akk-x-neoass",
"form": "IGI",
"cf": "šību",
"gw": "witness",
"sense": "witness",
"norm": "šību",
"pos": "N",
"epos": "N"}
}
,
{
"node": "l",
"frag": "{1}U.GUR-[x",
"id": "P335255.l018c8",
"ref": "P335255.54.4",
"inst": "u",
"f": {"lang": "akk-x-neoass",
"form": "{1}U.GUR-x",
"pos": "u"}
}
,
{
"node": "l",
"frag": "x]",
"id": "P335255.l018c9",
"ref": "P335255.54.5",
"inst": "u",
"f": {"lang": "akk-x-neoass",
"form": "x",
"pos": "u"}
}
,
{
"node": "d",
"type": "line-start",
"ref": "P335255.55",
"n": "2",
"label": "e. 2"}
,
{
"node": "l",
"frag": "[IGI",
"id": "P335255.l018ca",
"ref": "P335255.55.1",
"inst": "šību[witness]N",
"sig": "@saao/saa14%akk-x-neoass:IGI=šību[witness//witness]N'N$šību",
"f": {"lang": "akk-x-neoass",
"form": "IGI",
"cf": "šību",
"gw": "witness",
"sense": "witness",
"norm": "šību",
"pos": "N",
"epos": "N"}
}
,
{
"node": "l",
"frag": "{1}x",
"id": "P335255.l018cb",
"ref": "P335255.55.2",
"inst": "u",
"f": {"lang": "akk-x-neoass",
"form": "{1}x",
"pos": "u"}
}
,
{
"node": "l",
"frag": "x]-AŠ-PAB",
"id": "P335255.l018cc",
"ref": "P335255.55.3",
"inst": "u",
"f": {"lang": "akk-x-neoass",
"form": "x-AŠ-PAB",
"pos": "u"}
}
,
{
"node": "l",
"frag": "IGI",
"id": "P335255.l018cd",
"ref": "P335255.55.4",
"inst": "šību[witness]N",
"sig": "@saao/saa14%akk-x-neoass:IGI=šību[witness//witness]N'N$šību",
"f": {"lang": "akk-x-neoass",
"form": "IGI",
"cf": "šību",
"gw": "witness",
"sense": "witness",
"norm": "šību",
"pos": "N",
"epos": "N"}
}
,
{
"node": "l",
"frag": "{1}da-di-[i]",
"id": "P335255.l018ce",
"ref": "P335255.55.5",
"inst": "Dadi[1]PN",
"sig": "@saao/saa14%akk-x-neoass:{1}da-di-i=Dadi[1//1]PN'PN$Dadi",
"f": {"lang": "akk-x-neoass",
"form": "{1}da-di-i",
"cf": "Dadi",
"gw": "1",
"sense": "1",
"norm": "Dadi",
"pos": "PN",
"epos": "PN"}
}
,
{
"node": "d",
"type": "line-start",
"ref": "P335255.56",
"n": "3",
"label": "e. 3"}
,
{
"node": "l",
"frag": "IGI",
"id": "P335255.l018cf",
"ref": "P335255.56.1",
"inst": "šību[witness]N",
"sig": "@saao/saa14%akk-x-neoass:IGI=šību[witness//witness]N'N$šību",
"f": {"lang": "akk-x-neoass",
"form": "IGI",
"cf": "šību",
"gw": "witness",
"sense": "witness",
"norm": "šību",
"pos": "N",
"epos": "N"}
}
,
{
"node": "l",
"frag": "{1}SUHUŠ-⸢x⸣+[x",
"id": "P335255.l018d0",
"ref": "P335255.56.2",
"inst": "u",
"f": {"lang": "akk-x-neoass",
"form": "{1}SUHUŠ-x+x",
"pos": "u"}
}
,
{
"node": "l",
"frag": "x",
"id": "P335255.l018d1",
"ref": "P335255.56.3",
"inst": "u",
"f": {"lang": "akk-x-neoass",
"form": "x",
"pos": "u"}
}
,
{
"node": "l",
"frag": "x]",
"id": "P335255.l018d2",
"ref": "P335255.56.4",
"inst": "u",
"f": {"lang": "akk-x-neoass",
"form": "x",
"pos": "u"}
}
]}
]}
]}
,
{
"linkbase": [{
"type": "linkset",
"xlink_title": "ina urkiš[in the future//in the future]AV'AV",
"id": "P335255.ls00000",
"xlink_type": "extended",
"xlink_role": "psu",
"sig": "{ina[in]PRP urkiš[later]AV += ina urkiš[in the future//in the future]AV'AV}::@saao%akk-x-neoass:ina=ina[in//into]PRP'PRP$ina++@saao%akk-x-neoass:ur-kiš=urkiš[later//later]AV'AV$urkiš",
"links": [
{
"type": "link",
"xlink_title": "ina",
"xlink_type": "locator",
"xlink_href": "#P335255.l0183f",
"xlink_role": "elt"}
,
{
"type": "link",
"xlink_title": "urkiš",
"xlink_type": "locator",
"xlink_href": "#P335255.l01840",
"xlink_role": "elt"}
]}
,
{
"type": "linkset",
"xlink_title": "ina matīma[whenever//whenever]XP'XP",
"id": "P335255.ls00001",
"xlink_type": "extended",
"xlink_role": "psu",
"sig": "{ina[in]PRP matīma[ever]AV += ina matīma[whenever//whenever]XP'XP}::@saao%akk-x-neoass:ina=ina[in//into]PRP'PRP$ina++@saao%akk-x-neoass:ma-te-ma=matīma[ever//ever]AV'AV$matēma",
"links": [
{
"type": "link",
"xlink_title": "ina",
"xlink_type": "locator",
"xlink_href": "#P335255.l01841",
"xlink_role": "elt"}
,
{
"type": "link",
"xlink_title": "matēma",
"xlink_type": "locator",
"xlink_href": "#P335255.l01842",
"xlink_role": "elt"}
]}
,
{
"type": "linkset",
"xlink_title": "mār ahi[nephew//nephew]N'N",
"id": "P335255.ls00002",
"xlink_type": "extended",
"xlink_role": "psu",
"sig": "{māru[son]N ahu[brother]N += mār ahi[nephew//nephew]N'N}::@saao%akk-x-neoass:DUMU-ŠEŠ-MEŠ-šu₂=māru[son//son]N'N$mār++@saao%akk-x-neoass:DUMU-ŠEŠ-MEŠ-šu₂=ahu[brother//brother]N'N$ahhēšu",
"links": [
{
"type": "link",
"xlink_title": "māru",
"xlink_type": "locator",
"xlink_href": "#P335255.l0184d",
"xlink_role": "elt"}
,
{
"type": "link",
"xlink_title": "ahu",
"xlink_type": "locator",
"xlink_href": "#P335255.l0184e",
"xlink_role": "elt"}
]}
,
{
"type": "linkset",
"xlink_title": "ana ešriāti[tenfold//tenfold]AV'AV",
"id": "P335255.ls00003",
"xlink_type": "extended",
"xlink_role": "psu",
"sig": "{ana[to]PRP ešriātu[tenfold]AV += ana ešriāti[tenfold//tenfold]AV'AV}::@saao%akk-x-neoass:a-na=ana[to//to]PRP'PRP$ana++@saao%akk-x-neoass:10-MEŠ=ešriātu[tenfold//tenfold]AV'AV$ešrāti",
"links": [
{
"type": "link",
"xlink_title": "ana",
"xlink_type": "locator",
"xlink_href": "#P335255.l01880",
"xlink_role": "elt"}
,
{
"type": "link",
"xlink_title": "ešrāti",
"xlink_type": "locator",
"xlink_href": "#P335255.l01881",
"xlink_role": "elt"}
]}
]}
]}
