{
"type": "cdl",
  "source": "http://oracc.org/saao/saa14",
  "license": "This data is released under the CC0 license",
  "license-url": "https://creativecommons.org/publicdomain/zero/1.0/",
  "more-info": "http://oracc.org/doc/opendata/",
  "UTC-timestamp": "2017-05-19T11:49:48",
"project": "saao/saa14",
"textid": "P335289",
"cdl": [
{
"node": "c",
"type": "text",
"id": "P335289.U0",
"cdl": [
{
"node": "d",
"type": "object",
"ref": ""}
,
{
"node": "d",
"subtype": "obverse",
"type": "surface",
"ref": "P335289.o.1",
"type": "obverse",
"label": "o"}
,
{
"node": "c",
"type": "discourse",
"subtype": "body",
"id": "P335289.U1",
"cdl": [
{
"node": "c",
"type": "sentence",
"id": "P335289.U2",
"label": "o 1 - e. 1",
"cdl": [
{
"node": "d",
"type": "line-start",
"ref": "P335289.2",
"n": "1",
"label": "o 1"}
,
{
"node": "l",
"frag": "{na₄}KIŠIB",
"id": "P335289.l0149d",
"ref": "P335289.2.1",
"inst": "kunukku[seal]N",
"sig": "@saao/saa14%akk-x-neoass:{NA₄}KIŠIB=kunukku[seal//seal]N'N$kunukku",
"f": {"lang": "akk-x-neoass",
"form": "{NA₄}KIŠIB",
"cf": "kunukku",
"gw": "seal",
"sense": "seal",
"norm": "kunukku",
"pos": "N",
"epos": "N"}
}
,
{
"node": "l",
"frag": "{1}SUHUŠ-i",
"id": "P335289.l0149e",
"ref": "P335289.2.2",
"inst": "Ubri[1]PN",
"sig": "@saao/saa14%akk-x-neoass:{1}SUHUŠ-i=Ubri[1//1]PN'PN$Ubri",
"f": {"lang": "akk-x-neoass",
"form": "{1}SUHUŠ-i",
"cf": "Ubri",
"gw": "1",
"sense": "1",
"norm": "Ubri",
"pos": "PN",
"epos": "PN"}
}
,
{
"node": "d",
"type": "line-start",
"ref": "P335289.3",
"n": "2",
"label": "o 2"}
,
{
"node": "l",
"frag": "DUMU",
"id": "P335289.l0149f",
"ref": "P335289.3.1",
"inst": "mār[son]N",
"sig": "@saao/saa14%akk-x-neoass:DUMU=māru[son//son]N'N$mār",
"f": {"lang": "akk-x-neoass",
"form": "DUMU",
"cf": "māru",
"gw": "son",
"sense": "son",
"norm": "mār",
"pos": "N",
"epos": "N"}
}
,
{
"node": "l",
"frag": "{1}ha-la-id-di",
"id": "P335289.l014a0",
"ref": "P335289.3.2",
"inst": "Halaiddi[1]PN$",
"sig": "@saao/saa14%akk-x-neoass:{1}ha-la-id-di=Halaiddi[1//1]PN'PN$Halaiddi",
"f": {"lang": "akk-x-neoass",
"form": "{1}ha-la-id-di",
"cf": "Halaiddi",
"gw": "1",
"sense": "1",
"norm": "Halaiddi",
"pos": "PN",
"epos": "PN"}
}
,
{
"node": "d",
"type": "line-start",
"ref": "P335289.4",
"n": "3",
"label": "o 3"}
,
{
"node": "l",
"frag": "EN",
"id": "P335289.l014a1",
"ref": "P335289.4.1",
"inst": "bēl[owner]N",
"sig": "@saao/saa14%akk-x-neoass:EN=bēlu[lord//owner]N'N$bēl",
"f": {"lang": "akk-x-neoass",
"form": "EN",
"cf": "bēlu",
"gw": "lord",
"sense": "owner",
"norm": "bēl",
"pos": "N",
"epos": "N"}
}
,
{
"node": "l",
"frag": "E₂",
"id": "P335289.l014a2",
"ref": "P335289.4.2",
"inst": "!bēti[house]N",
"sig": "@saao/saa14%akk-x-neoass:E₂=bītu[house//house]N'N$bēti",
"f": {"lang": "akk-x-neoass",
"form": "E₂",
"cf": "bītu",
"gw": "house",
"sense": "house",
"norm": "bēti",
"pos": "N",
"epos": "N"}
}
,
{
"node": "l",
"frag": "ta-da-ni",
"id": "P335289.l014a3",
"ref": "P335289.4.3",
"inst": "tadāni[giving]'N",
"sig": "@saao/saa14%akk-x-neoass:ta-da-ni=tadānu[give//giving]V'N$tadāni",
"f": {"lang": "akk-x-neoass",
"form": "ta-da-ni",
"cf": "tadānu",
"gw": "give",
"sense": "giving",
"norm": "tadāni",
"pos": "V",
"epos": "N"}
}
,
{
"node": "d",
"type": "nonx",
"ref": "P335289.5",
"strict": "1",
"extent": "n",
"scope": "line",
"state": "ruling",
"flags": "!"}
,
{
"node": "d",
"type": "nonx",
"ref": "P335289.6",
"strict": "0",
"extent": "1",
"scope": "impression",
"state": "other"}
,
{
"node": "d",
"type": "nonx",
"ref": "P335289.7",
"strict": "0",
"extent": "rest",
"state": "missing"}
,
{
"node": "d",
"subtype": "reverse",
"type": "surface",
"ref": "P335289.r.8",
"type": "reverse",
"label": "r"}
,
{
"node": "d",
"type": "nonx",
"ref": "P335289.9",
"strict": "0",
"extent": "beginning",
"state": "missing"}
,
{
"node": "d",
"type": "line-start",
"ref": "P335289.10",
"n": "1'",
"label": "r 1'"}
,
{
"node": "l",
"frag": "IGI",
"id": "P335289.l014a4",
"ref": "P335289.10.1",
"inst": "šību[witness]N",
"sig": "@saao/saa14%akk-x-neoass:IGI=šību[witness//witness]N'N$šību",
"f": {"lang": "akk-x-neoass",
"form": "IGI",
"cf": "šību",
"gw": "witness",
"sense": "witness",
"norm": "šību",
"pos": "N",
"epos": "N"}
}
,
{
"node": "l",
"frag": "{1}hi-ri-ṣa-a-[a]",
"id": "P335289.l014a5",
"ref": "P335289.10.2",
"inst": "Hiriṣayu[1]PN$Hiriṣaya",
"sig": "@saao/saa14%akk-x-neoass:{1}hi-ri-ṣa-a-a=Hiriṣayu[1//1]PN'PN$Hiriṣaya",
"f": {"lang": "akk-x-neoass",
"form": "{1}hi-ri-ṣa-a-a",
"cf": "Hiriṣayu",
"gw": "1",
"sense": "1",
"norm": "Hiriṣaya",
"pos": "PN",
"epos": "PN"}
}
,
{
"node": "l",
"frag": "{lu₂}[I₃.DU₈]",
"id": "P335289.l014a6",
"ref": "P335289.10.3",
"inst": "atû[gatekeeper]N",
"sig": "@saao/saa14%akk-x-neoass:{LU₂}I₃.DU₈=atû[gatekeeper//gatekeeper]N'N$atû",
"f": {"lang": "akk-x-neoass",
"form": "{LU₂}I₃.DU₈",
"cf": "atû",
"gw": "gatekeeper",
"sense": "gatekeeper",
"norm": "atû",
"pos": "N",
"epos": "N"}
}
,
{
"node": "d",
"type": "line-start",
"ref": "P335289.11",
"n": "2'",
"label": "r 2'"}
,
{
"node": "l",
"frag": "IGI",
"id": "P335289.l014a7",
"ref": "P335289.11.1",
"inst": "šību[witness]N",
"sig": "@saao/saa14%akk-x-neoass:IGI=šību[witness//witness]N'N$šību",
"f": {"lang": "akk-x-neoass",
"form": "IGI",
"cf": "šību",
"gw": "witness",
"sense": "witness",
"norm": "šību",
"pos": "N",
"epos": "N"}
}
,
{
"node": "l",
"frag": "{1}ZU-te-DINGIR",
"id": "P335289.l014a8",
"ref": "P335289.11.2",
"inst": "Lit-ili[1]PN$Lite-ili",
"sig": "@saao/saa14%akk-x-neoass:{1}ZU-te-DINGIR=Lit-ili[1//1]PN'PN$Lite-ili",
"f": {"lang": "akk-x-neoass",
"form": "{1}ZU-te-DINGIR",
"cf": "Lit-ili",
"gw": "1",
"sense": "1",
"norm": "Lite-ili",
"pos": "PN",
"epos": "PN"}
}
,
{
"node": "l",
"frag": "{lu₂}⸢da⸣-[a.a]-⸢li⸣",
"id": "P335289.l014a9",
"ref": "P335289.11.3",
"inst": "dayālī[scout]N",
"sig": "@saao/saa14%akk-x-neoass:{LU₂}da-a.a-li=dayyālu[scout//scout]N'N$dayālī",
"f": {"lang": "akk-x-neoass",
"form": "{LU₂}da-a.a-li",
"cf": "dayyālu",
"gw": "scout",
"sense": "scout",
"norm": "dayālī",
"pos": "N",
"epos": "N"}
}
,
{
"node": "d",
"type": "line-start",
"ref": "P335289.12",
"n": "3'",
"label": "r 3'"}
,
{
"node": "l",
"frag": "IGI",
"id": "P335289.l014aa",
"ref": "P335289.12.1",
"inst": "šību[witness]N",
"sig": "@saao/saa14%akk-x-neoass:IGI=šību[witness//witness]N'N$šību",
"f": {"lang": "akk-x-neoass",
"form": "IGI",
"cf": "šību",
"gw": "witness",
"sense": "witness",
"norm": "šību",
"pos": "N",
"epos": "N"}
}
,
{
"node": "l",
"frag": "{1}aq-da-aš₂-DINGIR",
"id": "P335289.l014ab",
"ref": "P335289.12.2",
"inst": "Aqdaš-il[1]PN$",
"sig": "@saao/saa14%akk-x-neoass:{1}aq-da-aš₂-DINGIR=Aqdaš-il[1//1]PN'PN$Aqdaš-il",
"f": {"lang": "akk-x-neoass",
"form": "{1}aq-da-aš₂-DINGIR",
"cf": "Aqdaš-il",
"gw": "1",
"sense": "1",
"norm": "Aqdaš-il",
"pos": "PN",
"epos": "PN"}
}
,
{
"node": "l",
"frag": "{lu₂}BAPPIR",
"id": "P335289.l014ac",
"ref": "P335289.12.3",
"inst": "sīrāšû[brewer]N$",
"sig": "@saao/saa14%akk-x-neoass:{LU₂}BAPPIR=sīrāšû[brewer//brewer]N'N$sīrāšû",
"f": {"lang": "akk-x-neoass",
"form": "{LU₂}BAPPIR",
"cf": "sīrāšû",
"gw": "brewer",
"sense": "brewer",
"norm": "sīrāšû",
"pos": "N",
"epos": "N"}
}
,
{
"node": "d",
"type": "line-start",
"ref": "P335289.13",
"n": "4'",
"label": "r 4'"}
,
{
"node": "l",
"frag": "IGI",
"id": "P335289.l014ad",
"ref": "P335289.13.1",
"inst": "šību[witness]N",
"sig": "@saao/saa14%akk-x-neoass:IGI=šību[witness//witness]N'N$šību",
"f": {"lang": "akk-x-neoass",
"form": "IGI",
"cf": "šību",
"gw": "witness",
"sense": "witness",
"norm": "šību",
"pos": "N",
"epos": "N"}
}
,
{
"node": "l",
"frag": "{1}AD-ul-ZU",
"id": "P335289.l014ae",
"ref": "P335289.13.2",
"inst": "Abu-ul-idi[1]PN",
"sig": "@saao/saa14%akk-x-neoass:{1}AD-ul-ZU=Abu-ul-idi[1//1]PN'PN$Abu-ul-idi",
"f": {"lang": "akk-x-neoass",
"form": "{1}AD-ul-ZU",
"cf": "Abu-ul-idi",
"gw": "1",
"sense": "1",
"norm": "Abu-ul-idi",
"pos": "PN",
"epos": "PN"}
}
,
{
"node": "d",
"frag": ":",
"type": "nonw",
"ref": "P335289.13.3",
"lang": "akk-x-neoass",
"type": "punct",
"gdl_delim": " "}
,
{
"node": "d",
"frag": ":",
"type": "nonw",
"ref": "P335289.13.4",
"lang": "akk-x-neoass",
"type": "punct"}
,
{
"node": "d",
"type": "line-start",
"ref": "P335289.14",
"n": "5'",
"label": "r 5'"}
,
{
"node": "l",
"frag": "IGI",
"id": "P335289.l014af",
"ref": "P335289.14.1",
"inst": "šību[witness]N",
"sig": "@saao/saa14%akk-x-neoass:IGI=šību[witness//witness]N'N$šību",
"f": {"lang": "akk-x-neoass",
"form": "IGI",
"cf": "šību",
"gw": "witness",
"sense": "witness",
"norm": "šību",
"pos": "N",
"epos": "N"}
}
,
{
"node": "l",
"frag": "{1}ZALAG₂-{d}UTU",
"id": "P335289.l014b0",
"ref": "P335289.14.2",
"inst": "Nur-Šamaš[1]PN$",
"sig": "@saao/saa14%akk-x-neoass:{1}ZALAG₂-{d}UTU=Nur-Šamaš[1//1]PN'PN$Nur-Šamaš",
"f": {"lang": "akk-x-neoass",
"form": "{1}ZALAG₂-{d}UTU",
"cf": "Nur-Šamaš",
"gw": "1",
"sense": "1",
"norm": "Nur-Šamaš",
"pos": "PN",
"epos": "PN"}
}
,
{
"node": "l",
"frag": "{lu₂}SIMUG.KUG.GI",
"id": "P335289.l014b1",
"ref": "P335289.14.3",
"inst": "ṣarrāpu[goldsmith]N",
"sig": "@saao/saa14%akk-x-neoass:{LU₂}SIMUG.KUG.GI=ṣarrāpu[goldsmith//goldsmith]N'N$ṣarrāpu",
"f": {"lang": "akk-x-neoass",
"form": "{LU₂}SIMUG.KUG.GI",
"cf": "ṣarrāpu",
"gw": "goldsmith",
"sense": "goldsmith",
"norm": "ṣarrāpu",
"pos": "N",
"epos": "N"}
}
,
{
"node": "d",
"type": "line-start",
"ref": "P335289.15",
"n": "6'",
"label": "r 6'"}
,
{
"node": "l",
"frag": "IGI",
"id": "P335289.l014b2",
"ref": "P335289.15.1",
"inst": "šību[witness]N",
"sig": "@saao/saa14%akk-x-neoass:IGI=šību[witness//witness]N'N$šību",
"f": {"lang": "akk-x-neoass",
"form": "IGI",
"cf": "šību",
"gw": "witness",
"sense": "witness",
"norm": "šību",
"pos": "N",
"epos": "N"}
}
,
{
"node": "l",
"frag": "{1}aš-šur-rem₂-a-ni",
"id": "P335289.l014b3",
"ref": "P335289.15.2",
"inst": "Aššur-remanni[1]PN",
"sig": "@saao/saa14%akk-x-neoass:{1}aš-šur-rem₂-a-ni=Aššur-remanni[1//1]PN'PN$Aššur-remanni",
"f": {"lang": "akk-x-neoass",
"form": "{1}aš-šur-rem₂-a-ni",
"cf": "Aššur-remanni",
"gw": "1",
"sense": "1",
"norm": "Aššur-remanni",
"pos": "PN",
"epos": "PN"}
}
,
{
"node": "l",
"frag": "{lu₂v}03-šu₂",
"id": "P335289.l014b4",
"ref": "P335289.15.3",
"inst": "tašlīšu[third man on chariot]N",
"sig": "@saao/saa14%akk-x-neoass:{LU₂}03-šu₂=tašlīšu[third man on chariot//third man on chariot]N'N$tašlīšu",
"f": {"lang": "akk-x-neoass",
"form": "{LU₂}03-šu₂",
"cf": "tašlīšu",
"gw": "third man on chariot",
"sense": "third man on chariot",
"norm": "tašlīšu",
"pos": "N",
"epos": "N"}
}
,
{
"node": "l",
"frag": "02-u",
"id": "P335289.l014b5",
"ref": "P335289.15.4",
"inst": "šaniu[deputy]'N",
"sig": "@saao/saa14%akk-x-neoass:02-u=šanû[second//deputy]NU'N$šaniu",
"f": {"lang": "akk-x-neoass",
"form": "02-u",
"cf": "šanû",
"gw": "second",
"sense": "deputy",
"norm": "šaniu",
"pos": "NU",
"epos": "N"}
}
,
{
"node": "l",
"frag": "A-MAN",
"id": "P335289.l014b6",
"ref": "P335289.15.5",
"cof-tails": "P335289.l014b7",
"inst": "māru[son]N$mār&šarru[king]N$šarri",
"sig": "@saao/saa14%akk-x-neoass:A-MAN=māru[son//son]N'N$mār&&@saao%akk-x-neoass:=šarru[king//king]N'N$šarri",
"f": {"lang": "akk-x-neoass",
"form": "A-MAN",
"cf": "māru",
"gw": "son",
"sense": "son",
"norm": "mār",
"pos": "N",
"epos": "N"}
}
,
{
"node": "l",
"frag": "A-MAN",
"id": "P335289.l014b7",
"ref": "P335289.15.5",
"cof-head": "P335289.l014b6",
"inst": "māru[son]N$mār&šarru[king]N$šarri",
"tail-sig": "@saao%akk-x-neoass:=šarru[king//king]N'N$šarri",
"f": {"lang": "akk-x-neoass",
"form": "A-MAN",
"cf": "šarru",
"gw": "king",
"sense": "king",
"norm": "šarri",
"pos": "N",
"epos": "N"}
}
,
{
"node": "d",
"subtype": "right",
"type": "surface",
"ref": "P335289.r.e..16",
"type": "right",
"label": "r.e."}
,
{
"node": "d",
"type": "line-start",
"ref": "P335289.17",
"n": "7",
"label": "r.e. 7"}
,
{
"node": "l",
"frag": "IGI",
"id": "P335289.l014b8",
"ref": "P335289.17.1",
"inst": "šību[witness]N",
"sig": "@saao/saa14%akk-x-neoass:IGI=šību[witness//witness]N'N$šību",
"f": {"lang": "akk-x-neoass",
"form": "IGI",
"cf": "šību",
"gw": "witness",
"sense": "witness",
"norm": "šību",
"pos": "N",
"epos": "N"}
}
,
{
"node": "l",
"frag": "{1}DINGIR-ia-di-nu",
"id": "P335289.l014b9",
"ref": "P335289.17.2",
"inst": "Il-yadini[1]PN$Il-yadinu",
"newsig": "@saao/saa14%akk-x-neoass:{1}DINGIR-ia-di-nu=Il-yadini[1//1]PN'PN$Il-yadinu",
"f": {"lang": "akk-x-neoass",
"form": "{1}DINGIR-ia-di-nu",
"cf": "Il-yadini",
"gw": "1",
"sense": "1",
"norm": "Il-yadinu",
"pos": "PN",
"epos": "PN"}
}
,
{
"node": "l",
"frag": "GAL-ki-ṣir",
"id": "P335289.l014ba",
"ref": "P335289.17.3",
"cof-tails": "P335289.l014bb",
"inst": "rabû[big one]N$rab&kiṣru[knot]N$kiṣir",
"sig": "@saao/saa14%akk-x-neoass:GAL-ki-ṣir=rabû[big one//big one]N'N$rab&&@saao%akk-x-neoass:=kiṣru[knot//knot]N'N$kiṣir",
"f": {"lang": "akk-x-neoass",
"form": "GAL-ki-ṣir",
"cf": "rabû",
"gw": "big one",
"sense": "big one",
"norm": "rab",
"pos": "N",
"epos": "N"}
}
,
{
"node": "l",
"frag": "GAL-ki-ṣir",
"id": "P335289.l014bb",
"ref": "P335289.17.3",
"cof-head": "P335289.l014ba",
"inst": "rabû[big one]N$rab&kiṣru[knot]N$kiṣir",
"tail-sig": "@saao%akk-x-neoass:=kiṣru[knot//knot]N'N$kiṣir",
"f": {"lang": "akk-x-neoass",
"form": "GAL-ki-ṣir",
"cf": "kiṣru",
"gw": "knot",
"sense": "knot",
"norm": "kiṣir",
"pos": "N",
"epos": "N"}
}
,
{
"node": "d",
"frag": ":",
"type": "nonw",
"ref": "P335289.17.4",
"lang": "akk-x-neoass",
"type": "punct"}
,
{
"node": "d",
"type": "line-start",
"ref": "P335289.18",
"n": "8",
"label": "r.e. 8"}
,
{
"node": "l",
"frag": "IGI",
"id": "P335289.l014bc",
"ref": "P335289.18.1",
"inst": "šību[witness]N",
"sig": "@saao/saa14%akk-x-neoass:IGI=šību[witness//witness]N'N$šību",
"f": {"lang": "akk-x-neoass",
"form": "IGI",
"cf": "šību",
"gw": "witness",
"sense": "witness",
"norm": "šību",
"pos": "N",
"epos": "N"}
}
,
{
"node": "l",
"frag": "{1}{d}PA-KAD₃-a-ni",
"id": "P335289.l014bd",
"ref": "P335289.18.2",
"inst": "Nabu-kuṣuranni[1]PN$",
"sig": "@saao/saa14%akk-x-neoass:{1}{d}PA-KAD₃-a-ni=Nabu-kuṣuranni[1//1]PN'PN$Nabu-kuṣuranni",
"f": {"lang": "akk-x-neoass",
"form": "{1}{d}PA-KAD₃-a-ni",
"cf": "Nabu-kuṣuranni",
"gw": "1",
"sense": "1",
"norm": "Nabu-kuṣuranni",
"pos": "PN",
"epos": "PN"}
}
,
{
"node": "l",
"frag": "{lu₂}DIB-{kuš}o-MEŠ",
"id": "P335289.l014be",
"ref": "P335289.18.3",
"cof-tails": "P335289.l014bf",
"inst": "mukillu[holder]N$mukīl&appatu[bridle]N$appāti",
"sig": "@saao/saa14%akk-x-neoass:{LU₂}DIB-{KUŠ}o-MEŠ=mukillu[holder//holder]N'N$mukīl&&@saao%akk-x-neoass:=appatu[bridle//bridle]N'N$appāti",
"f": {"lang": "akk-x-neoass",
"form": "{LU₂}DIB-{KUŠ}o-MEŠ",
"cf": "mukillu",
"gw": "holder",
"sense": "holder",
"norm": "mukīl",
"pos": "N",
"epos": "N"}
}
,
{
"node": "l",
"frag": "{lu₂}DIB-{kuš}o-MEŠ",
"id": "P335289.l014bf",
"ref": "P335289.18.3",
"cof-head": "P335289.l014be",
"inst": "mukillu[holder]N$mukīl&appatu[bridle]N$appāti",
"tail-sig": "@saao%akk-x-neoass:=appatu[bridle//bridle]N'N$appāti",
"f": {"lang": "akk-x-neoass",
"form": "{LU₂}DIB-{KUŠ}o-MEŠ",
"cf": "appatu",
"gw": "bridle",
"sense": "bridle",
"norm": "appāti",
"pos": "N",
"epos": "N"}
}
,
{
"node": "d",
"frag": ":",
"type": "nonw",
"ref": "P335289.18.4",
"lang": "akk-x-neoass",
"type": "punct"}
,
{
"node": "d",
"type": "line-start",
"ref": "P335289.19",
"n": "9",
"label": "r.e. 9"}
,
{
"node": "l",
"frag": "22",
"id": "P335289.l014c0",
"ref": "P335289.19.1",
"inst": "n",
"f": {"lang": "akk-x-neoass",
"form": "22",
"pos": "n"}
}
,
{
"node": "l",
"frag": "GID₂.DA",
"id": "P335289.l014c1",
"ref": "P335289.19.2",
"inst": "mūruku[length]N",
"sig": "@saao/saa14%akk-x-neoass:GID₂.DA=mūraku[length//length]N'N$mūruku",
"f": {"lang": "akk-x-neoass",
"form": "GID₂.DA",
"cf": "mūraku",
"gw": "length",
"sense": "length",
"norm": "mūruku",
"pos": "N",
"epos": "N"}
}
,
{
"node": "l",
"frag": "18",
"id": "P335289.l014c2",
"ref": "P335289.19.3",
"inst": "n",
"f": {"lang": "akk-x-neoass",
"form": "18",
"pos": "n"}
}
,
{
"node": "l",
"frag": "DAGAL",
"id": "P335289.l014c3",
"ref": "P335289.19.4",
"inst": "rupšu[width]N",
"sig": "@saao/saa14%akk-x-neoass:DAGAL=rupšu[width//width]N'N$rupšu",
"f": {"lang": "akk-x-neoass",
"form": "DAGAL",
"cf": "rupšu",
"gw": "width",
"sense": "width",
"norm": "rupšu",
"pos": "N",
"epos": "N"}
}
,
{
"node": "d",
"subtype": "edge",
"type": "surface",
"ref": "P335289.e..20",
"type": "edge",
"label": "e."}
,
{
"node": "d",
"type": "line-start",
"ref": "P335289.21",
"n": "1",
"label": "e. 1"}
,
{
"node": "l",
"frag": "{iti}GAN",
"id": "P335289.l014c4",
"ref": "P335289.21.1",
"inst": "Kislimi[Kislev]MN",
"sig": "@saao/saa14%akk-x-neoass:{ITI}GAN=Kislimu[Kislev//Kislev]MN'MN$Kislimi",
"f": {"lang": "akk-x-neoass",
"form": "{ITI}GAN",
"cf": "Kislimu",
"gw": "Kislev",
"sense": "Kislev",
"norm": "Kislimi",
"pos": "MN",
"epos": "MN"}
}
,
{
"node": "l",
"frag": "UD",
"id": "P335289.l014c5",
"ref": "P335289.21.2",
"inst": "ūm[day]N",
"sig": "@saao/saa14%akk-x-neoass:UD=ūmu[day//day]N'N$ūm",
"f": {"lang": "akk-x-neoass",
"form": "UD",
"cf": "ūmu",
"gw": "day",
"sense": "day",
"norm": "ūm",
"pos": "N",
"epos": "N"}
}
,
{
"node": "l",
"frag": "28-[KAM₂",
"id": "P335289.l014c6",
"ref": "P335289.21.3",
"inst": "n",
"f": {"lang": "akk-x-neoass",
"form": "28-KAM₂",
"pos": "n"}
}
,
{
"node": "l",
"frag": "x",
"id": "P335289.l014c7",
"ref": "P335289.21.4",
"inst": "u",
"f": {"lang": "akk-x-neoass",
"form": "x",
"pos": "u"}
}
,
{
"node": "l",
"frag": "x",
"id": "P335289.l014c8",
"ref": "P335289.21.5",
"inst": "u",
"f": {"lang": "akk-x-neoass",
"form": "x",
"pos": "u"}
}
,
{
"node": "l",
"frag": "x",
"id": "P335289.l014c9",
"ref": "P335289.21.6",
"inst": "u",
"f": {"lang": "akk-x-neoass",
"form": "x",
"pos": "u"}
}
,
{
"node": "l",
"frag": "x",
"id": "P335289.l014ca",
"ref": "P335289.21.7",
"inst": "u",
"f": {"lang": "akk-x-neoass",
"form": "x",
"pos": "u"}
}
,
{
"node": "l",
"frag": "x",
"id": "P335289.l014cb",
"ref": "P335289.21.8",
"inst": "u",
"f": {"lang": "akk-x-neoass",
"form": "x",
"pos": "u"}
}
,
{
"node": "l",
"frag": "x",
"id": "P335289.l014cc",
"ref": "P335289.21.9",
"inst": "u",
"f": {"lang": "akk-x-neoass",
"form": "x",
"pos": "u"}
}
,
{
"node": "l",
"frag": "x]",
"id": "P335289.l014cd",
"ref": "P335289.21.10",
"inst": "u",
"f": {"lang": "akk-x-neoass",
"form": "x",
"pos": "u"}
}
]}
]}
]}
]}
