{
"type": "cdl",
  "source": "http://oracc.org/saao/saa14",
  "license": "This data is released under the CC0 license",
  "license-url": "https://creativecommons.org/publicdomain/zero/1.0/",
  "more-info": "http://oracc.org/doc/opendata/",
  "UTC-timestamp": "2017-05-19T11:50:04",
"project": "saao/saa14",
"textid": "P335498",
"cdl": [
{
"node": "c",
"type": "text",
"id": "P335498.U0",
"cdl": [
{
"node": "d",
"type": "object",
"ref": ""}
,
{
"node": "d",
"type": "surface",
"ref": ""}
,
{
"node": "d",
"type": "nonx",
"ref": "P335498.1",
"strict": "0",
"extent": "beginning",
"state": "missing"}
,
{
"node": "c",
"type": "discourse",
"subtype": "body",
"id": "P335498.U1",
"cdl": [
{
"node": "c",
"type": "sentence",
"id": "P335498.U2",
"label": "1' - r 11'",
"cdl": [
{
"node": "d",
"type": "line-start",
"ref": "P335498.2",
"n": "1'",
"label": "1'"}
,
{
"node": "l",
"frag": "[ina]",
"id": "P335498.l05900",
"ref": "P335498.2.1",
"inst": "ina[in+=for]PRP",
"sig": "@saao/saa14%akk-x-neoass:ina=ina[in//in]PRP'PRP$ina",
"f": {"lang": "akk-x-neoass",
"form": "ina",
"cf": "ina",
"gw": "in",
"sense": "in",
"norm": "ina",
"pos": "PRP",
"epos": "PRP"}
}
,
{
"node": "l",
"frag": "ŠA₃-bi",
"id": "P335498.l05901",
"ref": "P335498.2.2",
"inst": "libbi[interior]N",
"sig": "@saao/saa14%akk-x-neoass:ŠA₃-bi=libbu[interior//interior]N'N$libbi",
"f": {"lang": "akk-x-neoass",
"form": "ŠA₃-bi",
"cf": "libbu",
"gw": "interior",
"sense": "interior",
"norm": "libbi",
"pos": "N",
"epos": "N"}
}
,
{
"node": "l",
"frag": "55",
"id": "P335498.l05902",
"ref": "P335498.2.3",
"inst": "n",
"f": {"lang": "akk-x-neoass",
"form": "55",
"pos": "n"}
}
,
{
"node": "l",
"frag": "[GIN₂",
"id": "P335498.l05903",
"ref": "P335498.2.4",
"inst": "šiqlī[a unit of weight]N",
"sig": "@saao/saa14%akk-x-neoass:GIN₂=šiqlu[unit//a unit of weight]N'N$šiqlī",
"f": {"lang": "akk-x-neoass",
"form": "GIN₂",
"cf": "šiqlu",
"gw": "unit",
"sense": "a unit of weight",
"norm": "šiqlī",
"pos": "N",
"epos": "N"}
}
,
{
"node": "l",
"frag": "KUG.UD",
"id": "P335498.l05904",
"ref": "P335498.2.5",
"inst": "ṣarpu[silver]N",
"sig": "@saao/saa14%akk-x-neoass:KUG.UD=ṣarpu[silver//silver]N'N$ṣarpi",
"f": {"lang": "akk-x-neoass",
"form": "KUG.UD",
"cf": "ṣarpu",
"gw": "silver",
"sense": "silver",
"norm": "ṣarpi",
"pos": "N",
"epos": "N"}
}
,
{
"node": "l",
"frag": "x",
"id": "P335498.l05905",
"ref": "P335498.2.6",
"inst": "u",
"f": {"lang": "akk-x-neoass",
"form": "x",
"pos": "u"}
}
,
{
"node": "l",
"frag": "x",
"id": "P335498.l05906",
"ref": "P335498.2.7",
"inst": "u",
"f": {"lang": "akk-x-neoass",
"form": "x",
"pos": "u"}
}
,
{
"node": "l",
"frag": "x",
"id": "P335498.l05907",
"ref": "P335498.2.8",
"inst": "u",
"f": {"lang": "akk-x-neoass",
"form": "x",
"pos": "u"}
}
,
{
"node": "l",
"frag": "x]",
"id": "P335498.l05908",
"ref": "P335498.2.9",
"inst": "u",
"f": {"lang": "akk-x-neoass",
"form": "x",
"pos": "u"}
}
,
{
"node": "d",
"type": "line-start",
"ref": "P335498.3",
"n": "2'",
"label": "2'"}
,
{
"node": "l",
"frag": "[il]-⸢qi⸣",
"id": "P335498.l05909",
"ref": "P335498.3.1",
"inst": "ilqi[purchase]V",
"sig": "@saao/saa14%akk-x-neoass:il-qi=leqû[take//purchase]V'V$ilqi",
"f": {"lang": "akk-x-neoass",
"form": "il-qi",
"cf": "leqû",
"gw": "take",
"sense": "purchase",
"norm": "ilqi",
"pos": "V",
"epos": "V"}
}
,
{
"node": "l",
"frag": "kas-pu",
"id": "P335498.l0590a",
"ref": "P335498.3.2",
"inst": "kaspu[money]N",
"sig": "@saao/saa14%akk-x-neoass:kas-pu=kaspu[silver//money]N'N$kaspu",
"f": {"lang": "akk-x-neoass",
"form": "kas-pu",
"cf": "kaspu",
"gw": "silver",
"sense": "money",
"norm": "kaspu",
"pos": "N",
"epos": "N"}
}
,
{
"node": "l",
"frag": "ga-[mur",
"id": "P335498.l0590b",
"ref": "P335498.3.3",
"inst": "gammur[completed]AJ",
"sig": "@saao/saa14%akk-x-neoass:ga-mur=gammuru[finished//completed]AJ'AJ$gammur",
"f": {"lang": "akk-x-neoass",
"form": "ga-mur",
"cf": "gammuru",
"gw": "finished",
"sense": "completed",
"norm": "gammur",
"pos": "AJ",
"epos": "AJ"}
}
,
{
"node": "l",
"frag": "ta-din]",
"id": "P335498.l0590c",
"ref": "P335498.3.4",
"inst": "tadin[paid]AJ",
"sig": "@saao/saa14%akk-x-neoass:ta-din=tadnu[given//paid]AJ'AJ$tadin",
"f": {"lang": "akk-x-neoass",
"form": "ta-din",
"cf": "tadnu",
"gw": "given",
"sense": "paid",
"norm": "tadin",
"pos": "AJ",
"epos": "AJ"}
}
,
{
"node": "d",
"type": "line-start",
"ref": "P335498.4",
"n": "3'",
"label": "3'"}
,
{
"node": "l",
"frag": "[x",
"id": "P335498.l0590d",
"ref": "P335498.4.1",
"inst": "u",
"f": {"lang": "akk-x-neoass",
"form": "x",
"pos": "u"}
}
,
{
"node": "l",
"frag": "x",
"id": "P335498.l0590e",
"ref": "P335498.4.2",
"inst": "u",
"f": {"lang": "akk-x-neoass",
"form": "x",
"pos": "u"}
}
,
{
"node": "l",
"frag": "x",
"id": "P335498.l0590f",
"ref": "P335498.4.3",
"inst": "u",
"f": {"lang": "akk-x-neoass",
"form": "x",
"pos": "u"}
}
,
{
"node": "l",
"frag": "x]",
"id": "P335498.l05910",
"ref": "P335498.4.4",
"inst": "u",
"f": {"lang": "akk-x-neoass",
"form": "x",
"pos": "u"}
}
,
{
"node": "l",
"frag": "šu-a-tu",
"id": "P335498.l05911",
"ref": "P335498.4.5",
"inst": "šuātu[that]'DP",
"sig": "@saao/saa14%akk-x-neoass:šu-a-tu=šuāti[him//that]IP'DP$šuātu",
"f": {"lang": "akk-x-neoass",
"form": "šu-a-tu",
"cf": "šuāti",
"gw": "him",
"sense": "that",
"norm": "šuātu",
"pos": "IP",
"epos": "DP"}
}
,
{
"node": "l",
"frag": "za-rip",
"id": "P335498.l05912",
"ref": "P335498.4.6",
"inst": "zarip[purchased]AJ",
"sig": "@saao/saa14%akk-x-neoass:za-rip=zarpu[purchased//purchased]AJ'AJ$zarip",
"f": {"lang": "akk-x-neoass",
"form": "za-rip",
"cf": "zarpu",
"gw": "purchased",
"sense": "purchased",
"norm": "zarip",
"pos": "AJ",
"epos": "AJ"}
}
,
{
"node": "l",
"frag": "⸢la⸣-[qi]",
"id": "P335498.l05913",
"ref": "P335498.4.7",
"inst": "laqi[acquired]AJ",
"sig": "@saao/saa14%akk-x-neoass:la-qi=leqû[taken//acquired]AJ'AJ$laqi",
"f": {"lang": "akk-x-neoass",
"form": "la-qi",
"cf": "leqû",
"gw": "taken",
"sense": "acquired",
"norm": "laqi",
"pos": "AJ",
"epos": "AJ"}
}
,
{
"node": "d",
"type": "line-start",
"ref": "P335498.5",
"n": "4'",
"label": "4'"}
,
{
"node": "l",
"frag": "[tu-a]-⸢ru⸣",
"id": "P335498.l05914",
"ref": "P335498.5.1",
"inst": "tuāru[revocation]'N",
"sig": "@saao/saa14%akk-x-neoass:tu-a-ru=târu[turn//revocation]V'N$tuāru",
"f": {"lang": "akk-x-neoass",
"form": "tu-a-ru",
"cf": "târu",
"gw": "turn",
"sense": "revocation",
"norm": "tuāru",
"pos": "V",
"epos": "N"}
}
,
{
"node": "l",
"frag": "de-nu",
"id": "P335498.l05915",
"ref": "P335498.5.2",
"inst": "dēnu[lawsuit]N",
"sig": "@saao/saa14%akk-x-neoass:de-nu=dīnu[legal decision//lawsuit]N'N$dēnu",
"f": {"lang": "akk-x-neoass",
"form": "de-nu",
"cf": "dīnu",
"gw": "legal decision",
"sense": "lawsuit",
"norm": "dēnu",
"pos": "N",
"epos": "N"}
}
,
{
"node": "l",
"frag": "⸢DUG₄⸣.[DUG₄",
"id": "P335498.l05916",
"ref": "P335498.5.3",
"inst": "dabābu[litigation]'N",
"sig": "@saao/saa14%akk-x-neoass:DUG₄.DUG₄=dabābu[speak//litigation]V'N$dabābu",
"f": {"lang": "akk-x-neoass",
"form": "DUG₄.DUG₄",
"cf": "dabābu",
"gw": "speak",
"sense": "litigation",
"norm": "dabābu",
"pos": "V",
"epos": "N"}
}
,
{
"node": "l",
"frag": "la-šu₂]",
"id": "P335498.l05917",
"ref": "P335498.5.4",
"inst": "laššu[(there) is not]V",
"sig": "@saao/saa14%akk-x-neoass:la-šu₂=laššu[(there) is not//(there) is not]V'V$laššu",
"f": {"lang": "akk-x-neoass",
"form": "la-šu₂",
"cf": "laššu",
"gw": "(there) is not",
"sense": "(there) is not",
"norm": "laššu",
"pos": "V",
"epos": "V"}
}
,
{
"node": "d",
"type": "line-start",
"ref": "P335498.6",
"n": "5'",
"label": "5'"}
,
{
"node": "l",
"frag": "[man-nu",
"id": "P335498.l05918",
"ref": "P335498.6.1",
"inst": "mannu[whoever]'XP",
"sig": "@saao/saa14%akk-x-neoass:man-nu=mannu[who?//whoever]QP'XP$mannu",
"f": {"lang": "akk-x-neoass",
"form": "man-nu",
"cf": "mannu",
"gw": "who?",
"sense": "whoever",
"norm": "mannu",
"pos": "QP",
"epos": "XP"}
}
,
{
"node": "l",
"frag": "ša",
"id": "P335498.l05919",
"ref": "P335498.6.2",
"inst": "ša[that]REL",
"sig": "@saao/saa14%akk-x-neoass:ša=ša[that//that]REL'REL$ša",
"f": {"lang": "akk-x-neoass",
"form": "ša",
"cf": "ša",
"gw": "that",
"sense": "that",
"norm": "ša",
"pos": "REL",
"epos": "REL"}
}
,
{
"node": "c",
"type": "phrase",
"tag": "phr",
"id": "P335498.U4",
"ref": "P335498.ls00000",
"cdl": [
{
"node": "l",
"frag": "ina]",
"id": "P335498.l0591a",
"ref": "P335498.6.3",
"inst": "ina[in+=in the future]PRP",
"sig": "@saao/saa14%akk-x-neoass:ina=ina[in//in]PRP'PRP$ina",
"f": {"lang": "akk-x-neoass",
"form": "ina",
"cf": "ina",
"gw": "in",
"sense": "in",
"norm": "ina",
"pos": "PRP",
"epos": "PRP"}
}
,
{
"node": "l",
"frag": "⸢ur⸣-kiš",
"id": "P335498.l0591b",
"ref": "P335498.6.4",
"inst": "urkiš[later]AV",
"sig": "@saao/saa14%akk-x-neoass:ur-kiš=urkiš[later//later]AV'AV$urkiš",
"f": {"lang": "akk-x-neoass",
"form": "ur-kiš",
"cf": "urkiš",
"gw": "later",
"sense": "later",
"norm": "urkiš",
"pos": "AV",
"epos": "AV"}
}
]}
,
{
"node": "c",
"type": "phrase",
"tag": "phr",
"id": "P335498.U5",
"ref": "P335498.ls00001",
"cdl": [
{
"node": "l",
"frag": "ina",
"id": "P335498.l0591c",
"ref": "P335498.6.5",
"inst": "ina[in+=whenever]PRP",
"sig": "@saao/saa14%akk-x-neoass:ina=ina[in//in]PRP'PRP$ina",
"f": {"lang": "akk-x-neoass",
"form": "ina",
"cf": "ina",
"gw": "in",
"sense": "in",
"norm": "ina",
"pos": "PRP",
"epos": "PRP"}
}
,
{
"node": "l",
"frag": "[ma-te-ma]",
"id": "P335498.l0591d",
"ref": "P335498.6.6",
"inst": "matēma[ever]AV",
"sig": "@saao/saa14%akk-x-neoass:ma-te-ma=matīma[ever//ever]AV'AV$matēma",
"f": {"lang": "akk-x-neoass",
"form": "ma-te-ma",
"cf": "matīma",
"gw": "ever",
"sense": "ever",
"norm": "matēma",
"pos": "AV",
"epos": "AV"}
}
]}
,
{
"node": "d",
"type": "nonx",
"ref": "P335498.7",
"strict": "0",
"extent": "rest",
"state": "missing"}
,
{
"node": "d",
"subtype": "reverse",
"type": "surface",
"ref": "P335498.r.8",
"type": "reverse",
"label": "r"}
,
{
"node": "d",
"type": "nonx",
"ref": "P335498.9",
"strict": "0",
"extent": "beginning",
"state": "missing"}
,
{
"node": "d",
"type": "line-start",
"ref": "P335498.10",
"n": "1'",
"label": "r 1'"}
,
{
"node": "l",
"frag": "[x",
"id": "P335498.l0591e",
"ref": "P335498.10.1",
"inst": "u",
"f": {"lang": "akk-x-neoass",
"form": "x",
"pos": "u"}
}
,
{
"node": "l",
"frag": "x",
"id": "P335498.l0591f",
"ref": "P335498.10.2",
"inst": "u",
"f": {"lang": "akk-x-neoass",
"form": "x",
"pos": "u"}
}
,
{
"node": "l",
"frag": "x",
"id": "P335498.l05920",
"ref": "P335498.10.3",
"inst": "u",
"f": {"lang": "akk-x-neoass",
"form": "x",
"pos": "u"}
}
,
{
"node": "l",
"frag": "x",
"id": "P335498.l05921",
"ref": "P335498.10.4",
"inst": "u",
"f": {"lang": "akk-x-neoass",
"form": "x",
"pos": "u"}
}
,
{
"node": "l",
"frag": "x",
"id": "P335498.l05922",
"ref": "P335498.10.5",
"inst": "u",
"f": {"lang": "akk-x-neoass",
"form": "x",
"pos": "u"}
}
,
{
"node": "l",
"frag": "x]",
"id": "P335498.l05923",
"ref": "P335498.10.6",
"inst": "u",
"f": {"lang": "akk-x-neoass",
"form": "x",
"pos": "u"}
}
,
{
"node": "l",
"frag": "⸢ha⸣",
"id": "P335498.l05924",
"ref": "P335498.10.7",
"inst": "u",
"f": {"lang": "akk-x-neoass",
"form": "ha",
"pos": "u"}
}
,
{
"node": "l",
"frag": "ni",
"id": "P335498.l05925",
"ref": "P335498.10.8",
"inst": "u",
"f": {"lang": "akk-x-neoass",
"form": "ni",
"pos": "u"}
}
,
{
"node": "l",
"frag": "[x",
"id": "P335498.l05926",
"ref": "P335498.10.9",
"inst": "u",
"f": {"lang": "akk-x-neoass",
"form": "x",
"pos": "u"}
}
,
{
"node": "l",
"frag": "x]",
"id": "P335498.l05927",
"ref": "P335498.10.10",
"inst": "u",
"f": {"lang": "akk-x-neoass",
"form": "x",
"pos": "u"}
}
,
{
"node": "d",
"type": "line-start",
"ref": "P335498.11",
"n": "2'",
"label": "r 2'"}
,
{
"node": "l",
"frag": "[x",
"id": "P335498.l05928",
"ref": "P335498.11.1",
"inst": "u",
"f": {"lang": "akk-x-neoass",
"form": "x",
"pos": "u"}
}
,
{
"node": "l",
"frag": "x",
"id": "P335498.l05929",
"ref": "P335498.11.2",
"inst": "u",
"f": {"lang": "akk-x-neoass",
"form": "x",
"pos": "u"}
}
,
{
"node": "l",
"frag": "x",
"id": "P335498.l0592a",
"ref": "P335498.11.3",
"inst": "u",
"f": {"lang": "akk-x-neoass",
"form": "x",
"pos": "u"}
}
,
{
"node": "l",
"frag": "x",
"id": "P335498.l0592b",
"ref": "P335498.11.4",
"inst": "u",
"f": {"lang": "akk-x-neoass",
"form": "x",
"pos": "u"}
}
,
{
"node": "l",
"frag": "x",
"id": "P335498.l0592c",
"ref": "P335498.11.5",
"inst": "u",
"f": {"lang": "akk-x-neoass",
"form": "x",
"pos": "u"}
}
,
{
"node": "l",
"frag": "x]",
"id": "P335498.l0592d",
"ref": "P335498.11.6",
"inst": "u",
"f": {"lang": "akk-x-neoass",
"form": "x",
"pos": "u"}
}
,
{
"node": "l",
"frag": "e",
"id": "P335498.l0592e",
"ref": "P335498.11.7",
"inst": "u",
"f": {"lang": "akk-x-neoass",
"form": "e",
"pos": "u"}
}
,
{
"node": "l",
"frag": "da",
"id": "P335498.l0592f",
"ref": "P335498.11.8",
"inst": "u",
"f": {"lang": "akk-x-neoass",
"form": "da",
"pos": "u"}
}
,
{
"node": "l",
"frag": "an",
"id": "P335498.l05930",
"ref": "P335498.11.9",
"inst": "u",
"f": {"lang": "akk-x-neoass",
"form": "an",
"pos": "u"}
}
,
{
"node": "l",
"frag": "[x",
"id": "P335498.l05931",
"ref": "P335498.11.10",
"inst": "u",
"f": {"lang": "akk-x-neoass",
"form": "x",
"pos": "u"}
}
,
{
"node": "l",
"frag": "x",
"id": "P335498.l05932",
"ref": "P335498.11.11",
"inst": "u",
"f": {"lang": "akk-x-neoass",
"form": "x",
"pos": "u"}
}
,
{
"node": "l",
"frag": "x]",
"id": "P335498.l05933",
"ref": "P335498.11.12",
"inst": "u",
"f": {"lang": "akk-x-neoass",
"form": "x",
"pos": "u"}
}
,
{
"node": "d",
"type": "line-start",
"ref": "P335498.12",
"n": "3'",
"label": "r 3'"}
,
{
"node": "l",
"frag": "[IGI]",
"id": "P335498.l05934",
"ref": "P335498.12.1",
"inst": "šību[witness]N",
"sig": "@saao/saa14%akk-x-neoass:IGI=šību[witness//witness]N'N$šību",
"f": {"lang": "akk-x-neoass",
"form": "IGI",
"cf": "šību",
"gw": "witness",
"sense": "witness",
"norm": "šību",
"pos": "N",
"epos": "N"}
}
,
{
"node": "l",
"frag": "{1}la-i-ti-⸢DINGIR⸣",
"id": "P335498.l05935",
"ref": "P335498.12.2",
"inst": "Lit-ili[1]PN$",
"sig": "@saao/saa14%akk-x-neoass:{1}la-i-ti-DINGIR=Lit-ili[1//1]PN'PN$Lit-ili",
"f": {"lang": "akk-x-neoass",
"form": "{1}la-i-ti-DINGIR",
"cf": "Lit-ili",
"gw": "1",
"sense": "1",
"norm": "Lit-ili",
"pos": "PN",
"epos": "PN"}
}
,
{
"node": "l",
"frag": "[x",
"id": "P335498.l05936",
"ref": "P335498.12.3",
"inst": "u",
"f": {"lang": "akk-x-neoass",
"form": "x",
"pos": "u"}
}
,
{
"node": "l",
"frag": "x",
"id": "P335498.l05937",
"ref": "P335498.12.4",
"inst": "u",
"f": {"lang": "akk-x-neoass",
"form": "x",
"pos": "u"}
}
,
{
"node": "l",
"frag": "x]",
"id": "P335498.l05938",
"ref": "P335498.12.5",
"inst": "u",
"f": {"lang": "akk-x-neoass",
"form": "x",
"pos": "u"}
}
,
{
"node": "d",
"type": "line-start",
"ref": "P335498.13",
"n": "4'",
"label": "r 4'"}
,
{
"node": "l",
"frag": "⸢IGI⸣",
"id": "P335498.l05939",
"ref": "P335498.13.1",
"inst": "šību[witness]N",
"sig": "@saao/saa14%akk-x-neoass:IGI=šību[witness//witness]N'N$šību",
"f": {"lang": "akk-x-neoass",
"form": "IGI",
"cf": "šību",
"gw": "witness",
"sense": "witness",
"norm": "šību",
"pos": "N",
"epos": "N"}
}
,
{
"node": "l",
"frag": "{1}pa-ri-pa-za",
"id": "P335498.l0593a",
"ref": "P335498.13.2",
"inst": "Paripaza[1]PN$",
"sig": "@saao/saa14%akk-x-neoass:{1}pa-ri-pa-za=Paripaza[1//1]PN'PN$Paripaza",
"f": {"lang": "akk-x-neoass",
"form": "{1}pa-ri-pa-za",
"cf": "Paripaza",
"gw": "1",
"sense": "1",
"norm": "Paripaza",
"pos": "PN",
"epos": "PN"}
}
,
{
"node": "l",
"frag": "[x",
"id": "P335498.l0593b",
"ref": "P335498.13.3",
"inst": "u",
"f": {"lang": "akk-x-neoass",
"form": "x",
"pos": "u"}
}
,
{
"node": "l",
"frag": "x",
"id": "P335498.l0593c",
"ref": "P335498.13.4",
"inst": "u",
"f": {"lang": "akk-x-neoass",
"form": "x",
"pos": "u"}
}
,
{
"node": "l",
"frag": "x]",
"id": "P335498.l0593d",
"ref": "P335498.13.5",
"inst": "u",
"f": {"lang": "akk-x-neoass",
"form": "x",
"pos": "u"}
}
,
{
"node": "d",
"type": "line-start",
"ref": "P335498.14",
"n": "5'",
"label": "r 5'"}
,
{
"node": "l",
"frag": "[IGI]",
"id": "P335498.l0593e",
"ref": "P335498.14.1",
"inst": "šību[witness]N",
"sig": "@saao/saa14%akk-x-neoass:IGI=šību[witness//witness]N'N$šību",
"f": {"lang": "akk-x-neoass",
"form": "IGI",
"cf": "šību",
"gw": "witness",
"sense": "witness",
"norm": "šību",
"pos": "N",
"epos": "N"}
}
,
{
"node": "l",
"frag": "{1}se-eʾ-gab-[ba-ri]",
"id": "P335498.l0593f",
"ref": "P335498.14.2",
"inst": "Se-gabbari[1]PN",
"sig": "@saao/saa14%akk-x-neoass:{1}se-eʾ-gab-ba-ri=Se-gabbari[1//1]PN'PN$Se-gabbari",
"f": {"lang": "akk-x-neoass",
"form": "{1}se-eʾ-gab-ba-ri",
"cf": "Se-gabbari",
"gw": "1",
"sense": "1",
"norm": "Se-gabbari",
"pos": "PN",
"epos": "PN"}
}
,
{
"node": "d",
"type": "line-start",
"ref": "P335498.15",
"n": "6'",
"label": "r 6'"}
,
{
"node": "l",
"frag": "⸢IGI⸣",
"id": "P335498.l05940",
"ref": "P335498.15.1",
"inst": "šību[witness]N",
"sig": "@saao/saa14%akk-x-neoass:IGI=šību[witness//witness]N'N$šību",
"f": {"lang": "akk-x-neoass",
"form": "IGI",
"cf": "šību",
"gw": "witness",
"sense": "witness",
"norm": "šību",
"pos": "N",
"epos": "N"}
}
,
{
"node": "l",
"frag": "{1}ha-za-DINGIR",
"id": "P335498.l05941",
"ref": "P335498.15.2",
"inst": "Haza-il[1]PN",
"sig": "@saao/saa14%akk-x-neoass:{1}ha-za-DINGIR=Haza-il[1//1]PN'PN$Haza-il",
"f": {"lang": "akk-x-neoass",
"form": "{1}ha-za-DINGIR",
"cf": "Haza-il",
"gw": "1",
"sense": "1",
"norm": "Haza-il",
"pos": "PN",
"epos": "PN"}
}
,
{
"node": "l",
"frag": "{lu₂v}⸢x⸣+[x",
"id": "P335498.l05942",
"ref": "P335498.15.3",
"inst": "u",
"f": {"lang": "akk-x-neoass",
"form": "{LU₂}x+x",
"pos": "u"}
}
,
{
"node": "l",
"frag": "x",
"id": "P335498.l05943",
"ref": "P335498.15.4",
"inst": "u",
"f": {"lang": "akk-x-neoass",
"form": "x",
"pos": "u"}
}
,
{
"node": "l",
"frag": "x",
"id": "P335498.l05944",
"ref": "P335498.15.5",
"inst": "u",
"f": {"lang": "akk-x-neoass",
"form": "x",
"pos": "u"}
}
,
{
"node": "l",
"frag": "x]",
"id": "P335498.l05945",
"ref": "P335498.15.6",
"inst": "u",
"f": {"lang": "akk-x-neoass",
"form": "x",
"pos": "u"}
}
,
{
"node": "d",
"type": "line-start",
"ref": "P335498.16",
"n": "7'",
"label": "r 7'"}
,
{
"node": "l",
"frag": "<$[IGI]",
"id": "P335498.l05946",
"ref": "P335498.16.1",
"inst": "šību[witness]N",
"sig": "@saao/saa14%akk-x-neoass:IGI=šību[witness//witness]N'N$šību",
"f": {"lang": "akk-x-neoass",
"form": "IGI",
"cf": "šību",
"gw": "witness",
"sense": "witness",
"norm": "šību",
"pos": "N",
"epos": "N"}
}
,
{
"node": "l",
"frag": "{1}{d}PA.TUG₂-IGI.[LAL-an-ni]$>",
"id": "P335498.l05947",
"ref": "P335498.16.2",
"inst": "Nušku-emuranni[1]PN",
"sig": "@saao/saa14%akk-x-neoass:{1}{d}PA.TUG₂-IGI.LAL-an-ni=Nušku-emuranni[1//1]PN'PN$Nušku-emuranni",
"f": {"lang": "akk-x-neoass",
"form": "{1}{d}PA.TUG₂-IGI.LAL-an-ni",
"cf": "Nušku-emuranni",
"gw": "1",
"sense": "1",
"norm": "Nušku-emuranni",
"pos": "PN",
"epos": "PN"}
}
,
{
"node": "d",
"type": "line-start",
"ref": "P335498.17",
"n": "8'",
"label": "r 8'"}
,
{
"node": "l",
"frag": "[IGI]",
"id": "P335498.l05948",
"ref": "P335498.17.1",
"inst": "šību[witness]N",
"sig": "@saao/saa14%akk-x-neoass:IGI=šību[witness//witness]N'N$šību",
"f": {"lang": "akk-x-neoass",
"form": "IGI",
"cf": "šību",
"gw": "witness",
"sense": "witness",
"norm": "šību",
"pos": "N",
"epos": "N"}
}
,
{
"node": "l",
"frag": "{1}DINGIR-mu-še-zib",
"id": "P335498.l05949",
"ref": "P335498.17.2",
"inst": "Ilu-mušezib[1]PN",
"sig": "@saao/saa14%akk-x-neoass:{1}DINGIR-mu-še-zib=Ilu-mušezib[1//1]PN'PN$Ilu-mušezib",
"f": {"lang": "akk-x-neoass",
"form": "{1}DINGIR-mu-še-zib",
"cf": "Ilu-mušezib",
"gw": "1",
"sense": "1",
"norm": "Ilu-mušezib",
"pos": "PN",
"epos": "PN"}
}
,
{
"node": "l",
"frag": "{⸢lu₂v⸣}[A.BA]",
"id": "P335498.l0594a",
"ref": "P335498.17.3",
"inst": "ṭupšarru[scribe]N",
"sig": "@saao/saa14%akk-x-neoass:{LU₂}A.BA=ṭupšarru[scribe//scribe]N'N$ṭupšarru",
"f": {"lang": "akk-x-neoass",
"form": "{LU₂}A.BA",
"cf": "ṭupšarru",
"gw": "scribe",
"sense": "scribe",
"norm": "ṭupšarru",
"pos": "N",
"epos": "N"}
}
,
{
"node": "d",
"type": "line-start",
"ref": "P335498.18",
"n": "9'",
"label": "r 9'"}
,
{
"node": "l",
"frag": "[ṣa-bit]",
"id": "P335498.l0594b",
"ref": "P335498.18.1",
"inst": "ṣābit[keeper]N",
"sig": "@saao/saa14%akk-x-neoass:ṣa-bit=ṣābitu[recipient//keeper]N'N$ṣābit",
"f": {"lang": "akk-x-neoass",
"form": "ṣa-bit",
"cf": "ṣābitu",
"gw": "recipient",
"sense": "keeper",
"norm": "ṣābit",
"pos": "N",
"epos": "N"}
}
,
{
"node": "l",
"frag": "IM",
"id": "P335498.l0594c",
"ref": "P335498.18.2",
"inst": "ṭuppi[tablet]N",
"sig": "@saao/saa14%akk-x-neoass:IM=ṭuppu[tablet//tablet]N'N$ṭuppi",
"f": {"lang": "akk-x-neoass",
"form": "IM",
"cf": "ṭuppu",
"gw": "tablet",
"sense": "tablet",
"norm": "ṭuppi",
"pos": "N",
"epos": "N"}
}
,
{
"node": "l",
"frag": "{iti}ZIZ₂",
"id": "P335498.l0594d",
"ref": "P335498.18.3",
"inst": "Šabaṭi[Shebat]MN",
"sig": "@saao/saa14%akk-x-neoass:{ITI}ZIZ₂=Šabaṭu[Shebat//Shebat]MN'MN$Šabaṭi",
"f": {"lang": "akk-x-neoass",
"form": "{ITI}ZIZ₂",
"cf": "Šabaṭu",
"gw": "Shebat",
"sense": "Shebat",
"norm": "Šabaṭi",
"pos": "MN",
"epos": "MN"}
}
,
{
"node": "l",
"frag": "UD",
"id": "P335498.l0594e",
"ref": "P335498.18.4",
"inst": "ūm[day]N",
"sig": "@saao/saa14%akk-x-neoass:UD=ūmu[day//day]N'N$ūm",
"f": {"lang": "akk-x-neoass",
"form": "UD",
"cf": "ūmu",
"gw": "day",
"sense": "day",
"norm": "ūm",
"pos": "N",
"epos": "N"}
}
,
{
"node": "l",
"frag": "[x-KAM]",
"id": "P335498.l0594f",
"ref": "P335498.18.5",
"inst": "n",
"f": {"lang": "akk-x-neoass",
"form": "x-KAM",
"pos": "n"}
}
,
{
"node": "d",
"type": "line-start",
"ref": "P335498.19",
"n": "10'",
"label": "r 10'"}
,
{
"node": "l",
"frag": "[li]-mu",
"id": "P335498.l05950",
"ref": "P335498.19.1",
"inst": "līmu[eponym (of year)]N",
"sig": "@saao/saa14%akk-x-neoass:li-mu=līmu[eponym (of year)//eponym (of year)]N'N$līmu",
"f": {"lang": "akk-x-neoass",
"form": "li-mu",
"cf": "līmu",
"gw": "eponym (of year)",
"sense": "eponym (of year)",
"norm": "līmu",
"pos": "N",
"epos": "N"}
}
,
{
"node": "l",
"frag": "{1}{d}PA-[x",
"id": "P335498.l05951",
"ref": "P335498.19.2",
"inst": "u",
"f": {"lang": "akk-x-neoass",
"form": "{1}{d}PA-x",
"pos": "u"}
}
,
{
"node": "l",
"frag": "x",
"id": "P335498.l05952",
"ref": "P335498.19.3",
"inst": "u",
"f": {"lang": "akk-x-neoass",
"form": "x",
"pos": "u"}
}
,
{
"node": "l",
"frag": "x",
"id": "P335498.l05953",
"ref": "P335498.19.4",
"inst": "u",
"f": {"lang": "akk-x-neoass",
"form": "x",
"pos": "u"}
}
,
{
"node": "l",
"frag": "x]",
"id": "P335498.l05954",
"ref": "P335498.19.5",
"inst": "u",
"f": {"lang": "akk-x-neoass",
"form": "x",
"pos": "u"}
}
,
{
"node": "d",
"type": "line-start",
"ref": "P335498.20",
"n": "11'",
"label": "r 11'"}
,
{
"node": "l",
"frag": "[x",
"id": "P335498.l05955",
"ref": "P335498.20.1",
"inst": "u",
"f": {"lang": "akk-x-neoass",
"form": "x",
"pos": "u"}
}
,
{
"node": "l",
"frag": "x",
"id": "P335498.l05956",
"ref": "P335498.20.2",
"inst": "u",
"f": {"lang": "akk-x-neoass",
"form": "x",
"pos": "u"}
}
,
{
"node": "l",
"frag": "x",
"id": "P335498.l05957",
"ref": "P335498.20.3",
"inst": "u",
"f": {"lang": "akk-x-neoass",
"form": "x",
"pos": "u"}
}
,
{
"node": "l",
"frag": "x",
"id": "P335498.l05958",
"ref": "P335498.20.4",
"inst": "u",
"f": {"lang": "akk-x-neoass",
"form": "x",
"pos": "u"}
}
,
{
"node": "l",
"frag": "x",
"id": "P335498.l05959",
"ref": "P335498.20.5",
"inst": "u",
"f": {"lang": "akk-x-neoass",
"form": "x",
"pos": "u"}
}
,
{
"node": "l",
"frag": "x]",
"id": "P335498.l0595a",
"ref": "P335498.20.6",
"inst": "u",
"f": {"lang": "akk-x-neoass",
"form": "x",
"pos": "u"}
}
,
{
"node": "l",
"frag": "ra",
"id": "P335498.l0595b",
"ref": "P335498.20.7",
"inst": "u",
"f": {"lang": "akk-x-neoass",
"form": "ra",
"pos": "u"}
}
,
{
"node": "l",
"frag": "[x",
"id": "P335498.l0595c",
"ref": "P335498.20.8",
"inst": "u",
"f": {"lang": "akk-x-neoass",
"form": "x",
"pos": "u"}
}
,
{
"node": "l",
"frag": "x",
"id": "P335498.l0595d",
"ref": "P335498.20.9",
"inst": "u",
"f": {"lang": "akk-x-neoass",
"form": "x",
"pos": "u"}
}
,
{
"node": "l",
"frag": "x",
"id": "P335498.l0595e",
"ref": "P335498.20.10",
"inst": "u",
"f": {"lang": "akk-x-neoass",
"form": "x",
"pos": "u"}
}
,
{
"node": "l",
"frag": "x]",
"id": "P335498.l0595f",
"ref": "P335498.20.11",
"inst": "u",
"f": {"lang": "akk-x-neoass",
"form": "x",
"pos": "u"}
}
]}
]}
]}
,
{
"linkbase": [{
"type": "linkset",
"xlink_title": "ina urkiš[in the future//in the future]AV'AV",
"id": "P335498.ls00000",
"xlink_type": "extended",
"xlink_role": "psu",
"sig": "{ina[in]PRP urkiš[later]AV += ina urkiš[in the future//in the future]AV'AV}::@saao%akk-x-neoass:ina=ina[in//into]PRP'PRP$ina++@saao%akk-x-neoass:ur-kiš=urkiš[later//later]AV'AV$urkiš",
"links": [
{
"type": "link",
"xlink_title": "ina",
"xlink_type": "locator",
"xlink_href": "#P335498.l0591a",
"xlink_role": "elt"}
,
{
"type": "link",
"xlink_title": "urkiš",
"xlink_type": "locator",
"xlink_href": "#P335498.l0591b",
"xlink_role": "elt"}
]}
,
{
"type": "linkset",
"xlink_title": "ina matīma[whenever//whenever]XP'XP",
"id": "P335498.ls00001",
"xlink_type": "extended",
"xlink_role": "psu",
"sig": "{ina[in]PRP matīma[ever]AV += ina matīma[whenever//whenever]XP'XP}::@saao%akk-x-neoass:ina=ina[in//into]PRP'PRP$ina++@saao%akk-x-neoass:ma-te-ma=matīma[ever//ever]AV'AV$matēma",
"links": [
{
"type": "link",
"xlink_title": "ina",
"xlink_type": "locator",
"xlink_href": "#P335498.l0591c",
"xlink_role": "elt"}
,
{
"type": "link",
"xlink_title": "matēma",
"xlink_type": "locator",
"xlink_href": "#P335498.l0591d",
"xlink_role": "elt"}
]}
]}
]}
