{
"type": "cdl",
  "source": "http://oracc.org/saao/saa14",
  "license": "This data is released under the CC0 license",
  "license-url": "https://creativecommons.org/publicdomain/zero/1.0/",
  "more-info": "http://oracc.org/doc/opendata/",
  "UTC-timestamp": "2017-05-19T11:50:07",
"project": "saao/saa14",
"textid": "P335526",
"cdl": [
{
"node": "c",
"type": "text",
"id": "P335526.U0",
"cdl": [
{
"node": "d",
"type": "object",
"ref": ""}
,
{
"node": "d",
"subtype": "obverse",
"type": "surface",
"ref": "P335526.o.1",
"type": "obverse",
"label": "o"}
,
{
"node": "d",
"type": "nonx",
"ref": "P335526.2",
"strict": "0",
"extent": "beginning",
"state": "missing"}
,
{
"node": "c",
"type": "discourse",
"subtype": "body",
"id": "P335526.U1",
"cdl": [
{
"node": "c",
"type": "sentence",
"id": "P335526.U2",
"label": "o 1' - r 7",
"cdl": [
{
"node": "d",
"type": "line-start",
"ref": "P335526.3",
"n": "1'",
"label": "o 1'"}
,
{
"node": "l",
"frag": "[IGI",
"id": "P335526.l05e64",
"ref": "P335526.3.1",
"inst": "šību[witness]N",
"sig": "@saao/saa14%akk-x-neoass:IGI=šību[witness//witness]N'N$šību",
"f": {"lang": "akk-x-neoass",
"form": "IGI",
"cf": "šību",
"gw": "witness",
"sense": "witness",
"norm": "šību",
"pos": "N",
"epos": "N"}
}
,
{
"node": "l",
"frag": "{1}x",
"id": "P335526.l05e65",
"ref": "P335526.3.2",
"inst": "u",
"f": {"lang": "akk-x-neoass",
"form": "{1}x",
"pos": "u"}
}
,
{
"node": "l",
"frag": "x",
"id": "P335526.l05e66",
"ref": "P335526.3.3",
"inst": "u",
"f": {"lang": "akk-x-neoass",
"form": "x",
"pos": "u"}
}
,
{
"node": "l",
"frag": "x",
"id": "P335526.l05e67",
"ref": "P335526.3.4",
"inst": "u",
"f": {"lang": "akk-x-neoass",
"form": "x",
"pos": "u"}
}
,
{
"node": "l",
"frag": "x",
"id": "P335526.l05e68",
"ref": "P335526.3.5",
"inst": "u",
"f": {"lang": "akk-x-neoass",
"form": "x",
"pos": "u"}
}
,
{
"node": "c",
"type": "phrase",
"tag": "phr",
"id": "P335526.U4",
"ref": "P335526.ls00000",
"cdl": [
{
"node": "l",
"frag": "{lu₂}GAL]-ki-ṣir",
"id": "P335526.l05e69",
"ref": "P335526.3.6",
"cof-tails": "P335526.l05e6a",
"inst": "rabû[big one]N$rab&kiṣru[cohort]N$kiṣir",
"sig": "@saao/saa14%akk-x-neoass:{LU₂}GAL-ki-ṣir=rabû[big one//big one]N'N$rab&&@saao%akk-x-neoass:=kiṣru[knot//cohort]N'N$kiṣir",
"f": {"lang": "akk-x-neoass",
"form": "{LU₂}GAL-ki-ṣir",
"cf": "rabû",
"gw": "big one",
"sense": "big one",
"norm": "rab",
"pos": "N",
"epos": "N"}
}
,
{
"node": "l",
"frag": "{lu₂}GAL]-ki-ṣir",
"id": "P335526.l05e6a",
"ref": "P335526.3.6",
"cof-head": "P335526.l05e69",
"inst": "rabû[big one]N$rab&kiṣru[cohort]N$kiṣir",
"tail-sig": "@saao%akk-x-neoass:=kiṣru[knot//cohort]N'N$kiṣir",
"f": {"lang": "akk-x-neoass",
"form": "{LU₂}GAL-ki-ṣir",
"cf": "kiṣru",
"gw": "knot",
"sense": "cohort",
"norm": "kiṣir",
"pos": "N",
"epos": "N"}
}
]}
,
{
"node": "d",
"type": "line-start",
"ref": "P335526.4",
"n": "2'",
"label": "o 2'"}
,
{
"node": "l",
"frag": "[IGI",
"id": "P335526.l05e6b",
"ref": "P335526.4.1",
"inst": "šību[witness]N",
"sig": "@saao/saa14%akk-x-neoass:IGI=šību[witness//witness]N'N$šību",
"f": {"lang": "akk-x-neoass",
"form": "IGI",
"cf": "šību",
"gw": "witness",
"sense": "witness",
"norm": "šību",
"pos": "N",
"epos": "N"}
}
,
{
"node": "l",
"frag": "{1}x",
"id": "P335526.l05e6c",
"ref": "P335526.4.2",
"inst": "u",
"f": {"lang": "akk-x-neoass",
"form": "{1}x",
"pos": "u"}
}
,
{
"node": "l",
"frag": "x]-DINGIR-a.a",
"id": "P335526.l05e6d",
"ref": "P335526.4.3",
"inst": "u",
"f": {"lang": "akk-x-neoass",
"form": "x-DINGIR-a.a",
"pos": "u"}
}
,
{
"node": "l",
"frag": "{lu₂}3.U₅",
"id": "P335526.l05e6e",
"ref": "P335526.4.4",
"inst": "tašlīšu[third man on chariot]N",
"sig": "@saao/saa14%akk-x-neoass:{LU₂}3.U₅=tašlīšu[third man on chariot//third man on chariot]N'N$tašlīšu",
"f": {"lang": "akk-x-neoass",
"form": "{LU₂}3.U₅",
"cf": "tašlīšu",
"gw": "third man on chariot",
"sense": "third man on chariot",
"norm": "tašlīšu",
"pos": "N",
"epos": "N"}
}
,
{
"node": "l",
"frag": "A-MAN",
"id": "P335526.l05e6f",
"ref": "P335526.4.5",
"cof-tails": "P335526.l05e70",
"inst": "māru[son]N$mār&šarru[king]N$šarri",
"sig": "@saao/saa14%akk-x-neoass:A-MAN=māru[son//son]N'N$mār&&@saao%akk-x-neoass:=šarru[king//king]N'N$šarri",
"f": {"lang": "akk-x-neoass",
"form": "A-MAN",
"cf": "māru",
"gw": "son",
"sense": "son",
"norm": "mār",
"pos": "N",
"epos": "N"}
}
,
{
"node": "l",
"frag": "A-MAN",
"id": "P335526.l05e70",
"ref": "P335526.4.5",
"cof-head": "P335526.l05e6f",
"inst": "māru[son]N$mār&šarru[king]N$šarri",
"tail-sig": "@saao%akk-x-neoass:=šarru[king//king]N'N$šarri",
"f": {"lang": "akk-x-neoass",
"form": "A-MAN",
"cf": "šarru",
"gw": "king",
"sense": "king",
"norm": "šarri",
"pos": "N",
"epos": "N"}
}
,
{
"node": "d",
"type": "line-start",
"ref": "P335526.5",
"n": "3'",
"label": "o 3'"}
,
{
"node": "l",
"frag": "[IGI",
"id": "P335526.l05e71",
"ref": "P335526.5.1",
"inst": "šību[witness]N",
"sig": "@saao/saa14%akk-x-neoass:IGI=šību[witness//witness]N'N$šību",
"f": {"lang": "akk-x-neoass",
"form": "IGI",
"cf": "šību",
"gw": "witness",
"sense": "witness",
"norm": "šību",
"pos": "N",
"epos": "N"}
}
,
{
"node": "l",
"frag": "{1}x",
"id": "P335526.l05e72",
"ref": "P335526.5.2",
"inst": "u",
"f": {"lang": "akk-x-neoass",
"form": "{1}x",
"pos": "u"}
}
,
{
"node": "l",
"frag": "x",
"id": "P335526.l05e73",
"ref": "P335526.5.3",
"inst": "u",
"f": {"lang": "akk-x-neoass",
"form": "x",
"pos": "u"}
}
,
{
"node": "l",
"frag": "x]-{d}GAŠAN",
"id": "P335526.l05e74",
"ref": "P335526.5.4",
"inst": "u",
"f": {"lang": "akk-x-neoass",
"form": "x-{d}GAŠAN",
"pos": "u"}
}
,
{
"node": "l",
"frag": "{lu₂}3.U₅",
"id": "P335526.l05e75",
"ref": "P335526.5.5",
"inst": "tašlīšu[third man on chariot]N",
"sig": "@saao/saa14%akk-x-neoass:{LU₂}3.U₅=tašlīšu[third man on chariot//third man on chariot]N'N$tašlīšu",
"f": {"lang": "akk-x-neoass",
"form": "{LU₂}3.U₅",
"cf": "tašlīšu",
"gw": "third man on chariot",
"sense": "third man on chariot",
"norm": "tašlīšu",
"pos": "N",
"epos": "N"}
}
,
{
"node": "l",
"frag": "KUR",
"id": "P335526.l05e76",
"ref": "P335526.5.6",
"inst": "māti[land]N",
"sig": "@saao/saa14%akk-x-neoass:KUR=mātu[land//land]N'N$māti",
"f": {"lang": "akk-x-neoass",
"form": "KUR",
"cf": "mātu",
"gw": "land",
"sense": "land",
"norm": "māti",
"pos": "N",
"epos": "N"}
}
,
{
"node": "d",
"type": "line-start",
"ref": "P335526.6",
"n": "4'",
"label": "o 4'"}
,
{
"node": "l",
"frag": "[IGI",
"id": "P335526.l05e77",
"ref": "P335526.6.1",
"inst": "šību[witness]N",
"sig": "@saao/saa14%akk-x-neoass:IGI=šību[witness//witness]N'N$šību",
"f": {"lang": "akk-x-neoass",
"form": "IGI",
"cf": "šību",
"gw": "witness",
"sense": "witness",
"norm": "šību",
"pos": "N",
"epos": "N"}
}
,
{
"node": "l",
"frag": "{1}x",
"id": "P335526.l05e78",
"ref": "P335526.6.2",
"inst": "u",
"f": {"lang": "akk-x-neoass",
"form": "{1}x",
"pos": "u"}
}
,
{
"node": "l",
"frag": "x",
"id": "P335526.l05e79",
"ref": "P335526.6.3",
"inst": "u",
"f": {"lang": "akk-x-neoass",
"form": "x",
"pos": "u"}
}
,
{
"node": "l",
"frag": "x",
"id": "P335526.l05e7a",
"ref": "P335526.6.4",
"inst": "u",
"f": {"lang": "akk-x-neoass",
"form": "x",
"pos": "u"}
}
,
{
"node": "l",
"frag": "x",
"id": "P335526.l05e7b",
"ref": "P335526.6.5",
"inst": "u",
"f": {"lang": "akk-x-neoass",
"form": "x",
"pos": "u"}
}
,
{
"node": "l",
"frag": "x]",
"id": "P335526.l05e7c",
"ref": "P335526.6.6",
"inst": "u",
"f": {"lang": "akk-x-neoass",
"form": "x",
"pos": "u"}
}
,
{
"node": "l",
"frag": "{lu₂v}ša₂-GIR₃.2",
"id": "P335526.l05e7d",
"ref": "P335526.6.7",
"inst": "ša-šēpi[(kingʾs) personal guard]N",
"sig": "@saao/saa14%akk-x-neoass:{LU₂}ša₂-GIR₃.2=ša-šēpi[(kingʾs) personal guard//(kingʾs) personal guard]N'N$ša-šēpi",
"f": {"lang": "akk-x-neoass",
"form": "{LU₂}ša₂-GIR₃.2",
"cf": "ša-šēpi",
"gw": "(kingʾs) personal guard",
"sense": "(kingʾs) personal guard",
"norm": "ša-šēpi",
"pos": "N",
"epos": "N"}
}
,
{
"node": "d",
"subtype": "reverse",
"type": "surface",
"ref": "P335526.r.7",
"type": "reverse",
"label": "r"}
,
{
"node": "d",
"type": "line-start",
"ref": "P335526.8",
"n": "1",
"label": "r 1"}
,
{
"node": "l",
"frag": "[IGI",
"id": "P335526.l05e7e",
"ref": "P335526.8.1",
"inst": "šību[witness]N",
"sig": "@saao/saa14%akk-x-neoass:IGI=šību[witness//witness]N'N$šību",
"f": {"lang": "akk-x-neoass",
"form": "IGI",
"cf": "šību",
"gw": "witness",
"sense": "witness",
"norm": "šību",
"pos": "N",
"epos": "N"}
}
,
{
"node": "l",
"frag": "{1}⸢aš⸣-šur-MAN-PAB",
"id": "P335526.l05e7f",
"ref": "P335526.8.2",
"inst": "Aššur-šarru-uṣur[1]PN",
"sig": "@saao/saa14%akk-x-neoass:{1}aš-šur-MAN-PAB=Aššur-šarru-uṣur[1//1]PN'PN$Aššur-šarru-uṣur",
"f": {"lang": "akk-x-neoass",
"form": "{1}aš-šur-MAN-PAB",
"cf": "Aššur-šarru-uṣur",
"gw": "1",
"sense": "1",
"norm": "Aššur-šarru-uṣur",
"pos": "PN",
"epos": "PN"}
}
,
{
"node": "c",
"type": "phrase",
"tag": "phr",
"id": "P335526.U5",
"ref": "P335526.ls00001",
"cdl": [
{
"node": "l",
"frag": "{lu₂v}GAL-ki-ṣir",
"id": "P335526.l05e80",
"ref": "P335526.8.3",
"cof-tails": "P335526.l05e81",
"inst": "rabû[big one]N$rab&kiṣru[cohort]N$kiṣir",
"sig": "@saao/saa14%akk-x-neoass:{LU₂}GAL-ki-ṣir=rabû[big one//big one]N'N$rab&&@saao%akk-x-neoass:=kiṣru[knot//cohort]N'N$kiṣir",
"f": {"lang": "akk-x-neoass",
"form": "{LU₂}GAL-ki-ṣir",
"cf": "rabû",
"gw": "big one",
"sense": "big one",
"norm": "rab",
"pos": "N",
"epos": "N"}
}
,
{
"node": "l",
"frag": "{lu₂v}GAL-ki-ṣir",
"id": "P335526.l05e81",
"ref": "P335526.8.3",
"cof-head": "P335526.l05e80",
"inst": "rabû[big one]N$rab&kiṣru[cohort]N$kiṣir",
"tail-sig": "@saao%akk-x-neoass:=kiṣru[knot//cohort]N'N$kiṣir",
"f": {"lang": "akk-x-neoass",
"form": "{LU₂}GAL-ki-ṣir",
"cf": "kiṣru",
"gw": "knot",
"sense": "cohort",
"norm": "kiṣir",
"pos": "N",
"epos": "N"}
}
]}
,
{
"node": "d",
"type": "line-start",
"ref": "P335526.9",
"n": "2",
"label": "r 2"}
,
{
"node": "l",
"frag": "[IGI",
"id": "P335526.l05e82",
"ref": "P335526.9.1",
"inst": "šību[witness]N",
"sig": "@saao/saa14%akk-x-neoass:IGI=šību[witness//witness]N'N$šību",
"f": {"lang": "akk-x-neoass",
"form": "IGI",
"cf": "šību",
"gw": "witness",
"sense": "witness",
"norm": "šību",
"pos": "N",
"epos": "N"}
}
,
{
"node": "l",
"frag": "{1}man-nu-ki-i]-ERIM-MEŠ",
"id": "P335526.l05e83",
"ref": "P335526.9.2",
"inst": "Mannu-ki-ṣabi[1]PN$",
"sig": "@saao/saa14%akk-x-neoass:{1}man-nu-ki-i-ERIM-MEŠ=Mannu-ki-ṣabi[1//1]PN'PN$Mannu-ki-ṣabi",
"f": {"lang": "akk-x-neoass",
"form": "{1}man-nu-ki-i-ERIM-MEŠ",
"cf": "Mannu-ki-ṣabi",
"gw": "1",
"sense": "1",
"norm": "Mannu-ki-ṣabi",
"pos": "PN",
"epos": "PN"}
}
,
{
"node": "l",
"frag": "ša₂",
"id": "P335526.l05e84",
"ref": "P335526.9.3",
"inst": "ša[of]DET",
"sig": "@saao/saa14%akk-x-neoass:ša₂=ša[of//of]DET'DET$ša",
"f": {"lang": "akk-x-neoass",
"form": "ša₂",
"cf": "ša",
"gw": "of",
"sense": "of",
"norm": "ša",
"pos": "DET",
"epos": "DET"}
}
,
{
"node": "l",
"frag": "E₂.GAL",
"id": "P335526.l05e85",
"ref": "P335526.9.4",
"inst": "ēkalli[palace]N",
"sig": "@saao/saa14%akk-x-neoass:E₂.GAL=ēkallu[palace//palace]N'N$ēkalli",
"f": {"lang": "akk-x-neoass",
"form": "E₂.GAL",
"cf": "ēkallu",
"gw": "palace",
"sense": "palace",
"norm": "ēkalli",
"pos": "N",
"epos": "N"}
}
,
{
"node": "d",
"type": "line-start",
"ref": "P335526.10",
"n": "3",
"label": "r 3"}
,
{
"node": "l",
"frag": "[IGI",
"id": "P335526.l05e86",
"ref": "P335526.10.1",
"inst": "šību[witness]N",
"sig": "@saao/saa14%akk-x-neoass:IGI=šību[witness//witness]N'N$šību",
"f": {"lang": "akk-x-neoass",
"form": "IGI",
"cf": "šību",
"gw": "witness",
"sense": "witness",
"norm": "šību",
"pos": "N",
"epos": "N"}
}
,
{
"node": "l",
"frag": "{1}x",
"id": "P335526.l05e87",
"ref": "P335526.10.2",
"inst": "u",
"f": {"lang": "akk-x-neoass",
"form": "{1}x",
"pos": "u"}
}
,
{
"node": "l",
"frag": "x",
"id": "P335526.l05e88",
"ref": "P335526.10.3",
"inst": "u",
"f": {"lang": "akk-x-neoass",
"form": "x",
"pos": "u"}
}
,
{
"node": "l",
"frag": "x",
"id": "P335526.l05e89",
"ref": "P335526.10.4",
"inst": "u",
"f": {"lang": "akk-x-neoass",
"form": "x",
"pos": "u"}
}
,
{
"node": "l",
"frag": "x",
"id": "P335526.l05e8a",
"ref": "P335526.10.5",
"inst": "u",
"f": {"lang": "akk-x-neoass",
"form": "x",
"pos": "u"}
}
,
{
"node": "c",
"type": "phrase",
"tag": "phr",
"id": "P335526.U6",
"ref": "P335526.ls00002",
"cdl": [
{
"node": "l",
"frag": "{lu₂v]}GAL-ki-ṣir",
"id": "P335526.l05e8b",
"ref": "P335526.10.6",
"cof-tails": "P335526.l05e8c",
"inst": "rabû[big one]N$rab&kiṣru[cohort]N$kiṣir",
"sig": "@saao/saa14%akk-x-neoass:{LU₂}GAL-ki-ṣir=rabû[big one//big one]N'N$rab&&@saao%akk-x-neoass:=kiṣru[knot//cohort]N'N$kiṣir",
"f": {"lang": "akk-x-neoass",
"form": "{LU₂}GAL-ki-ṣir",
"cf": "rabû",
"gw": "big one",
"sense": "big one",
"norm": "rab",
"pos": "N",
"epos": "N"}
}
,
{
"node": "l",
"frag": "{lu₂v]}GAL-ki-ṣir",
"id": "P335526.l05e8c",
"ref": "P335526.10.6",
"cof-head": "P335526.l05e8b",
"inst": "rabû[big one]N$rab&kiṣru[cohort]N$kiṣir",
"tail-sig": "@saao%akk-x-neoass:=kiṣru[knot//cohort]N'N$kiṣir",
"f": {"lang": "akk-x-neoass",
"form": "{LU₂}GAL-ki-ṣir",
"cf": "kiṣru",
"gw": "knot",
"sense": "cohort",
"norm": "kiṣir",
"pos": "N",
"epos": "N"}
}
]}
,
{
"node": "d",
"type": "line-start",
"ref": "P335526.11",
"n": "4",
"label": "r 4"}
,
{
"node": "l",
"frag": "[x",
"id": "P335526.l05e8d",
"ref": "P335526.11.1",
"inst": "u",
"f": {"lang": "akk-x-neoass",
"form": "x",
"pos": "u"}
}
,
{
"node": "l",
"frag": "x",
"id": "P335526.l05e8e",
"ref": "P335526.11.2",
"inst": "u",
"f": {"lang": "akk-x-neoass",
"form": "x",
"pos": "u"}
}
,
{
"node": "l",
"frag": "x",
"id": "P335526.l05e8f",
"ref": "P335526.11.3",
"inst": "u",
"f": {"lang": "akk-x-neoass",
"form": "x",
"pos": "u"}
}
,
{
"node": "l",
"frag": "x",
"id": "P335526.l05e90",
"ref": "P335526.11.4",
"inst": "u",
"f": {"lang": "akk-x-neoass",
"form": "x",
"pos": "u"}
}
,
{
"node": "l",
"frag": "x]-ba-a.a",
"id": "P335526.l05e91",
"ref": "P335526.11.5",
"inst": "u",
"f": {"lang": "akk-x-neoass",
"form": "x-ba-a.a",
"pos": "u"}
}
,
{
"node": "d",
"type": "line-start",
"ref": "P335526.12",
"n": "5",
"label": "r 5"}
,
{
"node": "l",
"frag": "[IGI",
"id": "P335526.l05e92",
"ref": "P335526.12.1",
"inst": "šību[witness]N",
"sig": "@saao/saa14%akk-x-neoass:IGI=šību[witness//witness]N'N$šību",
"f": {"lang": "akk-x-neoass",
"form": "IGI",
"cf": "šību",
"gw": "witness",
"sense": "witness",
"norm": "šību",
"pos": "N",
"epos": "N"}
}
,
{
"node": "l",
"frag": "{1}x",
"id": "P335526.l05e93",
"ref": "P335526.12.2",
"inst": "u",
"f": {"lang": "akk-x-neoass",
"form": "{1}x",
"pos": "u"}
}
,
{
"node": "l",
"frag": "x",
"id": "P335526.l05e94",
"ref": "P335526.12.3",
"inst": "u",
"f": {"lang": "akk-x-neoass",
"form": "x",
"pos": "u"}
}
,
{
"node": "l",
"frag": "x",
"id": "P335526.l05e95",
"ref": "P335526.12.4",
"inst": "u",
"f": {"lang": "akk-x-neoass",
"form": "x",
"pos": "u"}
}
,
{
"node": "l",
"frag": "x",
"id": "P335526.l05e96",
"ref": "P335526.12.5",
"inst": "u",
"f": {"lang": "akk-x-neoass",
"form": "x",
"pos": "u"}
}
,
{
"node": "l",
"frag": "x]",
"id": "P335526.l05e97",
"ref": "P335526.12.6",
"inst": "u",
"f": {"lang": "akk-x-neoass",
"form": "x",
"pos": "u"}
}
,
{
"node": "l",
"frag": "{lu₂v}ša₂-GIR₃.2",
"id": "P335526.l05e98",
"ref": "P335526.12.7",
"inst": "ša-šēpi[(kingʾs) personal guard]N",
"sig": "@saao/saa14%akk-x-neoass:{LU₂}ša₂-GIR₃.2=ša-šēpi[(kingʾs) personal guard//(kingʾs) personal guard]N'N$ša-šēpi",
"f": {"lang": "akk-x-neoass",
"form": "{LU₂}ša₂-GIR₃.2",
"cf": "ša-šēpi",
"gw": "(kingʾs) personal guard",
"sense": "(kingʾs) personal guard",
"norm": "ša-šēpi",
"pos": "N",
"epos": "N"}
}
,
{
"node": "d",
"type": "line-start",
"ref": "P335526.13",
"n": "6",
"label": "r 6"}
,
{
"node": "l",
"frag": "[IGI",
"id": "P335526.l05e99",
"ref": "P335526.13.1",
"inst": "šību[witness]N",
"sig": "@saao/saa14%akk-x-neoass:IGI=šību[witness//witness]N'N$šību",
"f": {"lang": "akk-x-neoass",
"form": "IGI",
"cf": "šību",
"gw": "witness",
"sense": "witness",
"norm": "šību",
"pos": "N",
"epos": "N"}
}
,
{
"node": "l",
"frag": "{1}x",
"id": "P335526.l05e9a",
"ref": "P335526.13.2",
"inst": "u",
"f": {"lang": "akk-x-neoass",
"form": "{1}x",
"pos": "u"}
}
,
{
"node": "l",
"frag": "x",
"id": "P335526.l05e9b",
"ref": "P335526.13.3",
"inst": "u",
"f": {"lang": "akk-x-neoass",
"form": "x",
"pos": "u"}
}
,
{
"node": "l",
"frag": "x]+⸢x⸣",
"id": "P335526.l05e9c",
"ref": "P335526.13.4",
"inst": "u",
"f": {"lang": "akk-x-neoass",
"form": "x+x",
"pos": "u"}
}
,
{
"node": "d",
"frag": ":.",
"type": "nonw",
"ref": "P335526.13.5",
"lang": "akk-x-neoass",
"type": "punct"}
,
{
"node": "d",
"type": "line-start",
"ref": "P335526.14",
"n": "7",
"label": "r 7"}
,
{
"node": "l",
"frag": "[IGI",
"id": "P335526.l05e9d",
"ref": "P335526.14.1",
"inst": "šību[witness]N",
"sig": "@saao/saa14%akk-x-neoass:IGI=šību[witness//witness]N'N$šību",
"f": {"lang": "akk-x-neoass",
"form": "IGI",
"cf": "šību",
"gw": "witness",
"sense": "witness",
"norm": "šību",
"pos": "N",
"epos": "N"}
}
,
{
"node": "l",
"frag": "{1}x",
"id": "P335526.l05e9e",
"ref": "P335526.14.2",
"inst": "u",
"f": {"lang": "akk-x-neoass",
"form": "{1}x",
"pos": "u"}
}
,
{
"node": "l",
"frag": "x",
"id": "P335526.l05e9f",
"ref": "P335526.14.3",
"inst": "u",
"f": {"lang": "akk-x-neoass",
"form": "x",
"pos": "u"}
}
,
{
"node": "l",
"frag": "x",
"id": "P335526.l05ea0",
"ref": "P335526.14.4",
"inst": "u",
"f": {"lang": "akk-x-neoass",
"form": "x",
"pos": "u"}
}
,
{
"node": "l",
"frag": "x",
"id": "P335526.l05ea1",
"ref": "P335526.14.5",
"inst": "u",
"f": {"lang": "akk-x-neoass",
"form": "x",
"pos": "u"}
}
,
{
"node": "c",
"type": "phrase",
"tag": "phr",
"id": "P335526.U7",
"ref": "P335526.ls00003",
"cdl": [
{
"node": "l",
"frag": "{lu₂v]}GAL-ki-ṣir",
"id": "P335526.l05ea2",
"ref": "P335526.14.6",
"cof-tails": "P335526.l05ea3",
"inst": "rabû[big one]N$rab&kiṣru[cohort]N$kiṣir",
"sig": "@saao/saa14%akk-x-neoass:{LU₂}GAL-ki-ṣir=rabû[big one//big one]N'N$rab&&@saao%akk-x-neoass:=kiṣru[knot//cohort]N'N$kiṣir",
"f": {"lang": "akk-x-neoass",
"form": "{LU₂}GAL-ki-ṣir",
"cf": "rabû",
"gw": "big one",
"sense": "big one",
"norm": "rab",
"pos": "N",
"epos": "N"}
}
,
{
"node": "l",
"frag": "{lu₂v]}GAL-ki-ṣir",
"id": "P335526.l05ea3",
"ref": "P335526.14.6",
"cof-head": "P335526.l05ea2",
"inst": "rabû[big one]N$rab&kiṣru[cohort]N$kiṣir",
"tail-sig": "@saao%akk-x-neoass:=kiṣru[knot//cohort]N'N$kiṣir",
"f": {"lang": "akk-x-neoass",
"form": "{LU₂}GAL-ki-ṣir",
"cf": "kiṣru",
"gw": "knot",
"sense": "cohort",
"norm": "kiṣir",
"pos": "N",
"epos": "N"}
}
]}
,
{
"node": "d",
"type": "nonx",
"ref": "P335526.15",
"strict": "0",
"extent": "rest",
"state": "missing"}
]}
]}
]}
,
{
"linkbase": [{
"type": "linkset",
"xlink_title": "rab kiṣri[centurion//cohort commander]N'N",
"id": "P335526.ls00000",
"xlink_type": "extended",
"xlink_role": "psu",
"sig": "{{LU₂}GAL-ki-ṣir = rabû[big one]N kiṣru[knot]N += rab kiṣri[centurion//cohort commander]N'N}::@saao/saa10%akk-x-neoass:{LU₂}GAL-ki-ṣir=rabû[big one//big one]N'N$rab++@saao/saa10%akk-x-neobab:{LU₂}GAL-ki-ṣir=kiṣru[knot//knot]N'N$kiṣir",
"links": [
{
"type": "link",
"xlink_title": "rabû",
"xlink_type": "locator",
"xlink_href": "#P335526.l05e69",
"xlink_role": "elt"}
,
{
"type": "link",
"xlink_title": "kiṣru",
"xlink_type": "locator",
"xlink_href": "#P335526.l05e6a",
"xlink_role": "elt"}
]}
,
{
"type": "linkset",
"xlink_title": "rab kiṣri[centurion//cohort commander]N'N",
"id": "P335526.ls00001",
"xlink_type": "extended",
"xlink_role": "psu",
"sig": "{{LU₂}GAL-ki-ṣir = rabû[big one]N kiṣru[knot]N += rab kiṣri[centurion//cohort commander]N'N}::@saao/saa10%akk-x-neoass:{LU₂}GAL-ki-ṣir=rabû[big one//big one]N'N$rab++@saao/saa10%akk-x-neobab:{LU₂}GAL-ki-ṣir=kiṣru[knot//knot]N'N$kiṣir",
"links": [
{
"type": "link",
"xlink_title": "rabû",
"xlink_type": "locator",
"xlink_href": "#P335526.l05e80",
"xlink_role": "elt"}
,
{
"type": "link",
"xlink_title": "kiṣru",
"xlink_type": "locator",
"xlink_href": "#P335526.l05e81",
"xlink_role": "elt"}
]}
,
{
"type": "linkset",
"xlink_title": "rab kiṣri[centurion//cohort commander]N'N",
"id": "P335526.ls00002",
"xlink_type": "extended",
"xlink_role": "psu",
"sig": "{{LU₂}GAL-ki-ṣir = rabû[big one]N kiṣru[knot]N += rab kiṣri[centurion//cohort commander]N'N}::@saao/saa10%akk-x-neoass:{LU₂}GAL-ki-ṣir=rabû[big one//big one]N'N$rab++@saao/saa10%akk-x-neobab:{LU₂}GAL-ki-ṣir=kiṣru[knot//knot]N'N$kiṣir",
"links": [
{
"type": "link",
"xlink_title": "rabû",
"xlink_type": "locator",
"xlink_href": "#P335526.l05e8b",
"xlink_role": "elt"}
,
{
"type": "link",
"xlink_title": "kiṣru",
"xlink_type": "locator",
"xlink_href": "#P335526.l05e8c",
"xlink_role": "elt"}
]}
,
{
"type": "linkset",
"xlink_title": "rab kiṣri[centurion//cohort commander]N'N",
"id": "P335526.ls00003",
"xlink_type": "extended",
"xlink_role": "psu",
"sig": "{{LU₂}GAL-ki-ṣir = rabû[big one]N kiṣru[knot]N += rab kiṣri[centurion//cohort commander]N'N}::@saao/saa10%akk-x-neoass:{LU₂}GAL-ki-ṣir=rabû[big one//big one]N'N$rab++@saao/saa10%akk-x-neobab:{LU₂}GAL-ki-ṣir=kiṣru[knot//knot]N'N$kiṣir",
"links": [
{
"type": "link",
"xlink_title": "rabû",
"xlink_type": "locator",
"xlink_href": "#P335526.l05ea2",
"xlink_role": "elt"}
,
{
"type": "link",
"xlink_title": "kiṣru",
"xlink_type": "locator",
"xlink_href": "#P335526.l05ea3",
"xlink_role": "elt"}
]}
]}
]}
