{
"type": "cdl",
  "source": "http://oracc.org/saao/saa14",
  "license": "This data is released under the CC0 license",
  "license-url": "https://creativecommons.org/publicdomain/zero/1.0/",
  "more-info": "http://oracc.org/doc/opendata/",
  "UTC-timestamp": "2017-05-19T11:50:14",
"project": "saao/saa14",
"textid": "P335963",
"cdl": [
{
"node": "c",
"type": "text",
"id": "P335963.U0",
"cdl": [
{
"node": "d",
"type": "object",
"ref": ""}
,
{
"node": "d",
"subtype": "obverse",
"type": "surface",
"ref": "P335963.o.1",
"type": "obverse",
"label": "o"}
,
{
"node": "c",
"type": "discourse",
"subtype": "body",
"id": "P335963.U1",
"cdl": [
{
"node": "c",
"type": "sentence",
"id": "P335963.U2",
"label": "o 1 - r.e. 9",
"cdl": [
{
"node": "d",
"type": "line-start",
"ref": "P335963.2",
"n": "1",
"label": "o 1"}
,
{
"node": "l",
"frag": "{na₄}KIŠIB",
"id": "P335963.l02e46",
"ref": "P335963.2.1",
"inst": "kunukku[seal]N",
"sig": "@saao/saa14%akk-x-neoass:{NA₄}KIŠIB=kunukku[seal//seal]N'N$kunukku",
"f": {"lang": "akk-x-neoass",
"form": "{NA₄}KIŠIB",
"cf": "kunukku",
"gw": "seal",
"sense": "seal",
"norm": "kunukku",
"pos": "N",
"epos": "N"}
}
,
{
"node": "l",
"frag": "{1}ki-ṣir-{d}PA",
"id": "P335963.l02e47",
"ref": "P335963.2.2",
"inst": "Kiṣir-Nabu[1]PN",
"sig": "@saao/saa14%akk-x-neoass:{1}ki-ṣir-{d}PA=Kiṣir-Nabu[1//1]PN'PN$Kiṣir-Nabu",
"f": {"lang": "akk-x-neoass",
"form": "{1}ki-ṣir-{d}PA",
"cf": "Kiṣir-Nabu",
"gw": "1",
"sense": "1",
"norm": "Kiṣir-Nabu",
"pos": "PN",
"epos": "PN"}
}
,
{
"node": "d",
"type": "line-start",
"ref": "P335963.3",
"n": "2",
"label": "o 2"}
,
{
"node": "l",
"frag": "A",
"id": "P335963.l02e48",
"ref": "P335963.3.1",
"inst": "mār[son]N",
"sig": "@saao/saa14%akk-x-neoass:A=māru[son//son]N'N$mār",
"f": {"lang": "akk-x-neoass",
"form": "A",
"cf": "māru",
"gw": "son",
"sense": "son",
"norm": "mār",
"pos": "N",
"epos": "N"}
}
,
{
"node": "l",
"frag": "{1}gab-bu-⸢ina-ŠU⸣.2-DINGIR",
"id": "P335963.l02e49",
"ref": "P335963.3.2",
"inst": "Gabbu-ina-qat-ili[1]PN$",
"sig": "@saao/saa14%akk-x-neoass:{1}gab-bu-ina-ŠU.2-DINGIR=Gabbu-ina-qat-ili[1//1]PN'PN$Gabbu-ina-qat-ili",
"f": {"lang": "akk-x-neoass",
"form": "{1}gab-bu-ina-ŠU.2-DINGIR",
"cf": "Gabbu-ina-qat-ili",
"gw": "1",
"sense": "1",
"norm": "Gabbu-ina-qat-ili",
"pos": "PN",
"epos": "PN"}
}
,
{
"node": "d",
"type": "line-start",
"ref": "P335963.4",
"n": "3",
"label": "o 3"}
,
{
"node": "l",
"frag": "⸢TA@v⸣",
"id": "P335963.l02e4a",
"ref": "P335963.4.1",
"inst": "issu[from+=from]PRP",
"sig": "@saao/saa14%akk-x-neoass:TA@v=ištu[from//from]PRP'PRP$issu",
"f": {"lang": "akk-x-neoass",
"form": "TA@v",
"cf": "ištu",
"gw": "from",
"sense": "from",
"norm": "issu",
"pos": "PRP",
"epos": "PRP"}
}
,
{
"node": "l",
"frag": "ŠA₃",
"id": "P335963.l02e4b",
"ref": "P335963.4.2",
"inst": "libbi[interior]N",
"sig": "@saao/saa14%akk-x-neoass:ŠA₃=libbu[interior//interior]N'N$libbi",
"f": {"lang": "akk-x-neoass",
"form": "ŠA₃",
"cf": "libbu",
"gw": "interior",
"sense": "interior",
"norm": "libbi",
"pos": "N",
"epos": "N"}
}
,
{
"node": "l",
"frag": "{uru}qar-[x",
"id": "P335963.l02e4c",
"ref": "P335963.4.3",
"inst": "u",
"f": {"lang": "akk-x-neoass",
"form": "{URU}qar-x",
"pos": "u"}
}
,
{
"node": "l",
"frag": "x]+⸢x⸣-a.a",
"id": "P335963.l02e4d",
"ref": "P335963.4.4",
"inst": "u",
"f": {"lang": "akk-x-neoass",
"form": "x+x-a.a",
"pos": "u"}
}
,
{
"node": "d",
"type": "line-start",
"ref": "P335963.5",
"n": "4",
"label": "o 4"}
,
{
"node": "l",
"frag": "EN",
"id": "P335963.l02e4e",
"ref": "P335963.5.1",
"inst": "bēl[owner]N",
"sig": "@saao/saa14%akk-x-neoass:EN=bēlu[lord//owner]N'N$bēl",
"f": {"lang": "akk-x-neoass",
"form": "EN",
"cf": "bēlu",
"gw": "lord",
"sense": "owner",
"norm": "bēl",
"pos": "N",
"epos": "N"}
}
,
{
"node": "l",
"frag": "GEME₂",
"id": "P335963.l02e4f",
"ref": "P335963.5.2",
"inst": "amti[maid]N",
"sig": "@saao/saa14%akk-x-neoass:GEME₂=amtu[maid//maid]N'N$amti",
"f": {"lang": "akk-x-neoass",
"form": "GEME₂",
"cf": "amtu",
"gw": "maid",
"sense": "maid",
"norm": "amti",
"pos": "N",
"epos": "N"}
}
,
{
"node": "l",
"frag": "[ta-da-ni]",
"id": "P335963.l02e50",
"ref": "P335963.5.3",
"inst": "tadāni[giving]'N",
"sig": "@saao/saa14%akk-x-neoass:ta-da-ni=tadānu[give//giving]V'N$tadāni",
"f": {"lang": "akk-x-neoass",
"form": "ta-da-ni",
"cf": "tadānu",
"gw": "give",
"sense": "giving",
"norm": "tadāni",
"pos": "V",
"epos": "N"}
}
,
{
"node": "d",
"type": "nonx",
"ref": "P335963.6",
"strict": "1",
"extent": "n",
"scope": "line",
"state": "ruling",
"flags": "!"}
,
{
"node": "d",
"type": "nonx",
"ref": "P335963.7",
"strict": "0",
"extent": "1",
"scope": "impression",
"state": "other"}
,
{
"node": "d",
"type": "nonx",
"ref": "P335963.8",
"strict": "1",
"extent": "n",
"scope": "line",
"state": "ruling"}
,
{
"node": "d",
"type": "nonx",
"ref": "P335963.9",
"strict": "0",
"extent": "rest",
"state": "missing"}
,
{
"node": "d",
"subtype": "reverse",
"type": "surface",
"ref": "P335963.r.10",
"type": "reverse",
"label": "r"}
,
{
"node": "d",
"type": "nonx",
"ref": "P335963.11",
"strict": "0",
"extent": "beginning",
"state": "missing"}
,
{
"node": "d",
"type": "line-start",
"ref": "P335963.12",
"n": "1'",
"label": "r 1'"}
,
{
"node": "l",
"frag": "[x",
"id": "P335963.l02e51",
"ref": "P335963.12.1",
"inst": "u",
"f": {"lang": "akk-x-neoass",
"form": "x",
"pos": "u"}
}
,
{
"node": "l",
"frag": "x",
"id": "P335963.l02e52",
"ref": "P335963.12.2",
"inst": "u",
"f": {"lang": "akk-x-neoass",
"form": "x",
"pos": "u"}
}
,
{
"node": "l",
"frag": "x",
"id": "P335963.l02e53",
"ref": "P335963.12.3",
"inst": "u",
"f": {"lang": "akk-x-neoass",
"form": "x",
"pos": "u"}
}
,
{
"node": "l",
"frag": "x",
"id": "P335963.l02e54",
"ref": "P335963.12.4",
"inst": "u",
"f": {"lang": "akk-x-neoass",
"form": "x",
"pos": "u"}
}
,
{
"node": "l",
"frag": "x",
"id": "P335963.l02e55",
"ref": "P335963.12.5",
"inst": "u",
"f": {"lang": "akk-x-neoass",
"form": "x",
"pos": "u"}
}
,
{
"node": "l",
"frag": "x",
"id": "P335963.l02e56",
"ref": "P335963.12.6",
"inst": "u",
"f": {"lang": "akk-x-neoass",
"form": "x",
"pos": "u"}
}
,
{
"node": "l",
"frag": "x]-⸢na",
"id": "P335963.l02e57",
"ref": "P335963.12.7",
"inst": "u",
"f": {"lang": "akk-x-neoass",
"form": "x-na",
"pos": "u"}
}
,
{
"node": "l",
"frag": "ši",
"id": "P335963.l02e58",
"ref": "P335963.12.8",
"inst": "u",
"f": {"lang": "akk-x-neoass",
"form": "ši",
"pos": "u"}
}
,
{
"node": "l",
"frag": "šu⸣",
"id": "P335963.l02e59",
"ref": "P335963.12.9",
"inst": "u",
"f": {"lang": "akk-x-neoass",
"form": "šu",
"pos": "u"}
}
,
{
"node": "d",
"type": "nonx",
"ref": "P335963.13",
"strict": "0",
"extent": "n",
"scope": "line",
"state": "other"}
,
{
"node": "d",
"type": "line-start",
"ref": "P335963.14",
"n": "5'",
"label": "r 5'"}
,
{
"node": "l",
"frag": "[(x",
"id": "P335963.l02e5a",
"ref": "P335963.14.1",
"inst": "u",
"f": {"lang": "akk-x-neoass",
"form": "x",
"pos": "u"}
}
,
{
"node": "l",
"frag": "x",
"id": "P335963.l02e5b",
"ref": "P335963.14.2",
"inst": "u",
"f": {"lang": "akk-x-neoass",
"form": "x",
"pos": "u"}
}
,
{
"node": "l",
"frag": "x)",
"id": "P335963.l02e5c",
"ref": "P335963.14.3",
"inst": "u",
"f": {"lang": "akk-x-neoass",
"form": "x",
"pos": "u"}
}
,
{
"node": "l",
"frag": "{iti}x]",
"id": "P335963.l02e5d",
"ref": "P335963.14.4",
"inst": "urhu[month]N",
"sig": "@saao/saa14%akk-x-neoass:{ITI}x=arhu[month//month]N'N$urhu",
"f": {"lang": "akk-x-neoass",
"form": "{ITI}x",
"cf": "arhu",
"gw": "month",
"sense": "month",
"norm": "urhu",
"pos": "N",
"epos": "N"}
}
,
{
"node": "l",
"frag": "UD",
"id": "P335963.l02e5e",
"ref": "P335963.14.5",
"inst": "ūm[day]N",
"sig": "@saao/saa14%akk-x-neoass:UD=ūmu[day//day]N'N$ūm",
"f": {"lang": "akk-x-neoass",
"form": "UD",
"cf": "ūmu",
"gw": "day",
"sense": "day",
"norm": "ūm",
"pos": "N",
"epos": "N"}
}
,
{
"node": "l",
"frag": "14-KAM₂",
"id": "P335963.l02e5f",
"ref": "P335963.14.6",
"inst": "n",
"f": {"lang": "akk-x-neoass",
"form": "14-KAM₂",
"pos": "n"}
}
,
{
"node": "d",
"type": "line-start",
"ref": "P335963.15",
"n": "6'",
"label": "r 6'"}
,
{
"node": "l",
"frag": "[(x",
"id": "P335963.l02e60",
"ref": "P335963.15.1",
"inst": "u",
"f": {"lang": "akk-x-neoass",
"form": "x",
"pos": "u"}
}
,
{
"node": "l",
"frag": "x)]",
"id": "P335963.l02e61",
"ref": "P335963.15.2",
"inst": "u",
"f": {"lang": "akk-x-neoass",
"form": "x",
"pos": "u"}
}
,
{
"node": "l",
"frag": "lim-me",
"id": "P335963.l02e62",
"ref": "P335963.15.3",
"inst": "limme[eponym (of year)]N",
"sig": "@saao/saa14%akk-x-neoass:lim-me=līmu[eponym (of year)//eponym (of year)]N'N$limme",
"f": {"lang": "akk-x-neoass",
"form": "lim-me",
"cf": "līmu",
"gw": "eponym (of year)",
"sense": "eponym (of year)",
"norm": "limme",
"pos": "N",
"epos": "N"}
}
,
{
"node": "l",
"frag": "{1}aš-šur-MAN-PAB-MEŠ",
"id": "P335963.l02e63",
"ref": "P335963.15.4",
"inst": "Aššur-šar-ahhe[1]PN$",
"sig": "@saao/saa14%akk-x-neoass:{1}aš-šur-MAN-PAB-MEŠ=Aššur-šar-ahhe[1//1]PN'PN$Aššur-šar-ahhe",
"f": {"lang": "akk-x-neoass",
"form": "{1}aš-šur-MAN-PAB-MEŠ",
"cf": "Aššur-šar-ahhe",
"gw": "1",
"sense": "1",
"norm": "Aššur-šar-ahhe",
"pos": "PN",
"epos": "PN"}
}
,
{
"node": "d",
"subtype": "right",
"type": "surface",
"ref": "P335963.r.e..16",
"type": "right",
"label": "r.e."}
,
{
"node": "d",
"type": "line-start",
"ref": "P335963.17",
"n": "7",
"label": "r.e. 7"}
,
{
"node": "l",
"frag": "[IGI",
"id": "P335963.l02e64",
"ref": "P335963.17.1",
"inst": "šību[witness]N",
"sig": "@saao/saa14%akk-x-neoass:IGI=šību[witness//witness]N'N$šību",
"f": {"lang": "akk-x-neoass",
"form": "IGI",
"cf": "šību",
"gw": "witness",
"sense": "witness",
"norm": "šību",
"pos": "N",
"epos": "N"}
}
,
{
"node": "l",
"frag": "{1}{d}ŠU₂-PAB-AŠ",
"id": "P335963.l02e65",
"ref": "P335963.17.2",
"inst": "Marduk-ahu-iddina[1]PN$",
"sig": "@saao/saa14%akk-x-neoass:{1}{d}ŠU₂-PAB-AŠ=Marduk-ahu-iddina[1//1]PN'PN$Marduk-ahu-iddina",
"f": {"lang": "akk-x-neoass",
"form": "{1}{d}ŠU₂-PAB-AŠ",
"cf": "Marduk-ahu-iddina",
"gw": "1",
"sense": "1",
"norm": "Marduk-ahu-iddina",
"pos": "PN",
"epos": "PN"}
}
,
{
"node": "l",
"frag": "A.BA",
"id": "P335963.l02e66",
"ref": "P335963.17.3",
"inst": "ṭupšarru[scribe]N",
"sig": "@saao/saa14%akk-x-neoass:A.BA=ṭupšarru[scribe//scribe]N'N$ṭupšarru",
"f": {"lang": "akk-x-neoass",
"form": "A.BA",
"cf": "ṭupšarru",
"gw": "scribe",
"sense": "scribe",
"norm": "ṭupšarru",
"pos": "N",
"epos": "N"}
}
,
{
"node": "d",
"type": "line-start",
"ref": "P335963.18",
"n": "8",
"label": "r.e. 8"}
,
{
"node": "l",
"frag": "IGI",
"id": "P335963.l02e67",
"ref": "P335963.18.1",
"inst": "šību[witness]N",
"sig": "@saao/saa14%akk-x-neoass:IGI=šību[witness//witness]N'N$šību",
"f": {"lang": "akk-x-neoass",
"form": "IGI",
"cf": "šību",
"gw": "witness",
"sense": "witness",
"norm": "šību",
"pos": "N",
"epos": "N"}
}
,
{
"node": "l",
"frag": "{1}ba-laṭ-E",
"id": "P335963.l02e68",
"ref": "P335963.18.2",
"inst": "Balaṭu-iqbi[1]PN$",
"sig": "@saao/saa14%akk-x-neoass:{1}ba-laṭ-E=Balaṭu-iqbi[1//1]PN'PN$Balaṭu-iqbi",
"f": {"lang": "akk-x-neoass",
"form": "{1}ba-laṭ-E",
"cf": "Balaṭu-iqbi",
"gw": "1",
"sense": "1",
"norm": "Balaṭu-iqbi",
"pos": "PN",
"epos": "PN"}
}
,
{
"node": "d",
"type": "line-start",
"ref": "P335963.19",
"n": "9",
"label": "r.e. 9"}
,
{
"node": "l",
"frag": "IGI",
"id": "P335963.l02e69",
"ref": "P335963.19.1",
"inst": "šību[witness]N",
"sig": "@saao/saa14%akk-x-neoass:IGI=šību[witness//witness]N'N$šību",
"f": {"lang": "akk-x-neoass",
"form": "IGI",
"cf": "šību",
"gw": "witness",
"sense": "witness",
"norm": "šību",
"pos": "N",
"epos": "N"}
}
,
{
"node": "l",
"frag": "{1}IGI-{d}ŠU₂",
"id": "P335963.l02e6a",
"ref": "P335963.19.2",
"inst": "Pan-Marduk[1]PN$",
"sig": "@saao/saa14%akk-x-neoass:{1}IGI-{d}ŠU₂=Pan-Marduk[1//1]PN'PN$Pan-Marduk",
"f": {"lang": "akk-x-neoass",
"form": "{1}IGI-{d}ŠU₂",
"cf": "Pan-Marduk",
"gw": "1",
"sense": "1",
"norm": "Pan-Marduk",
"pos": "PN",
"epos": "PN"}
}
]}
]}
]}
]}
