{
"type": "cdl",
  "source": "http://oracc.org/saao/saa14",
  "license": "This data is released under the CC0 license",
  "license-url": "https://creativecommons.org/publicdomain/zero/1.0/",
  "more-info": "http://oracc.org/doc/opendata/",
  "UTC-timestamp": "2017-05-19T11:50:10",
"project": "saao/saa14",
"textid": "P335615",
"cdl": [
{
"node": "c",
"type": "text",
"id": "P335615.U0",
"cdl": [
{
"node": "d",
"type": "object",
"ref": ""}
,
{
"node": "d",
"type": "surface",
"ref": ""}
,
{
"node": "d",
"type": "nonx",
"ref": "P335615.1",
"strict": "0",
"extent": "beginning",
"state": "missing"}
,
{
"node": "c",
"type": "discourse",
"subtype": "body",
"id": "P335615.U1",
"cdl": [
{
"node": "c",
"type": "sentence",
"id": "P335615.U2",
"label": "1 - 4",
"cdl": [
{
"node": "d",
"type": "line-start",
"ref": "P335615.2",
"n": "1",
"label": "1"}
,
{
"node": "l",
"frag": "[x",
"id": "P335615.l060ee",
"ref": "P335615.2.1",
"inst": "u",
"f": {"lang": "akk-x-neoass",
"form": "x",
"pos": "u"}
}
,
{
"node": "l",
"frag": "x",
"id": "P335615.l060ef",
"ref": "P335615.2.2",
"inst": "u",
"f": {"lang": "akk-x-neoass",
"form": "x",
"pos": "u"}
}
,
{
"node": "l",
"frag": "x",
"id": "P335615.l060f0",
"ref": "P335615.2.3",
"inst": "u",
"f": {"lang": "akk-x-neoass",
"form": "x",
"pos": "u"}
}
,
{
"node": "l",
"frag": "x",
"id": "P335615.l060f1",
"ref": "P335615.2.4",
"inst": "u",
"f": {"lang": "akk-x-neoass",
"form": "x",
"pos": "u"}
}
,
{
"node": "l",
"frag": "x",
"id": "P335615.l060f2",
"ref": "P335615.2.5",
"inst": "u",
"f": {"lang": "akk-x-neoass",
"form": "x",
"pos": "u"}
}
,
{
"node": "l",
"frag": "x]-E",
"id": "P335615.l060f3",
"ref": "P335615.2.6",
"inst": "u",
"f": {"lang": "akk-x-neoass",
"form": "x-E",
"pos": "u"}
}
,
{
"node": "l",
"frag": "{lu₂v}GAL-[x",
"id": "P335615.l060f4",
"ref": "P335615.2.7",
"inst": "u",
"f": {"lang": "akk-x-neoass",
"form": "{LU₂}GAL-x",
"pos": "u"}
}
,
{
"node": "l",
"frag": "x",
"id": "P335615.l060f5",
"ref": "P335615.2.8",
"inst": "u",
"f": {"lang": "akk-x-neoass",
"form": "x",
"pos": "u"}
}
,
{
"node": "l",
"frag": "x",
"id": "P335615.l060f6",
"ref": "P335615.2.9",
"inst": "u",
"f": {"lang": "akk-x-neoass",
"form": "x",
"pos": "u"}
}
,
{
"node": "l",
"frag": "x]",
"id": "P335615.l060f7",
"ref": "P335615.2.10",
"inst": "u",
"f": {"lang": "akk-x-neoass",
"form": "x",
"pos": "u"}
}
,
{
"node": "d",
"type": "line-start",
"ref": "P335615.3",
"n": "2",
"label": "2"}
,
{
"node": "l",
"frag": "[x",
"id": "P335615.l060f8",
"ref": "P335615.3.1",
"inst": "u",
"f": {"lang": "akk-x-neoass",
"form": "x",
"pos": "u"}
}
,
{
"node": "l",
"frag": "x",
"id": "P335615.l060f9",
"ref": "P335615.3.2",
"inst": "u",
"f": {"lang": "akk-x-neoass",
"form": "x",
"pos": "u"}
}
,
{
"node": "l",
"frag": "x",
"id": "P335615.l060fa",
"ref": "P335615.3.3",
"inst": "u",
"f": {"lang": "akk-x-neoass",
"form": "x",
"pos": "u"}
}
,
{
"node": "l",
"frag": "x",
"id": "P335615.l060fb",
"ref": "P335615.3.4",
"inst": "u",
"f": {"lang": "akk-x-neoass",
"form": "x",
"pos": "u"}
}
,
{
"node": "l",
"frag": "x",
"id": "P335615.l060fc",
"ref": "P335615.3.5",
"inst": "u",
"f": {"lang": "akk-x-neoass",
"form": "x",
"pos": "u"}
}
,
{
"node": "l",
"frag": "x]-a",
"id": "P335615.l060fd",
"ref": "P335615.3.6",
"inst": "u",
"f": {"lang": "akk-x-neoass",
"form": "x-a",
"pos": "u"}
}
,
{
"node": "l",
"frag": "PAB",
"id": "P335615.l060fe",
"ref": "P335615.3.7",
"inst": "gimru[total]N",
"sig": "@saao/saa14%akk-x-neoass:PAB=gimru[totality//total]N'N$gimru",
"f": {"lang": "akk-x-neoass",
"form": "PAB",
"cf": "gimru",
"gw": "totality",
"sense": "total",
"norm": "gimru",
"pos": "N",
"epos": "N"}
}
,
{
"node": "l",
"frag": "09",
"id": "P335615.l060ff",
"ref": "P335615.3.8",
"inst": "n",
"f": {"lang": "akk-x-neoass",
"form": "09",
"pos": "n"}
}
,
{
"node": "l",
"frag": "{lu₂v}ERIM-[MEŠ",
"id": "P335615.l06100",
"ref": "P335615.3.9",
"inst": "ṣābāni[people]N",
"sig": "@saao/saa14%akk-x-neoass:{LU₂}ERIM-MEŠ=ṣābu[people//people]N'N$ṣābāni",
"f": {"lang": "akk-x-neoass",
"form": "{LU₂}ERIM-MEŠ",
"cf": "ṣābu",
"gw": "people",
"sense": "people",
"norm": "ṣābāni",
"pos": "N",
"epos": "N"}
}
,
{
"node": "l",
"frag": "x",
"id": "P335615.l06101",
"ref": "P335615.3.10",
"inst": "u",
"f": {"lang": "akk-x-neoass",
"form": "x",
"pos": "u"}
}
,
{
"node": "l",
"frag": "x",
"id": "P335615.l06102",
"ref": "P335615.3.11",
"inst": "u",
"f": {"lang": "akk-x-neoass",
"form": "x",
"pos": "u"}
}
,
{
"node": "l",
"frag": "x]",
"id": "P335615.l06103",
"ref": "P335615.3.12",
"inst": "u",
"f": {"lang": "akk-x-neoass",
"form": "x",
"pos": "u"}
}
,
{
"node": "d",
"type": "line-start",
"ref": "P335615.4",
"n": "3",
"label": "3"}
,
{
"node": "l",
"frag": "[x",
"id": "P335615.l06104",
"ref": "P335615.4.1",
"inst": "u",
"f": {"lang": "akk-x-neoass",
"form": "x",
"pos": "u"}
}
,
{
"node": "l",
"frag": "x",
"id": "P335615.l06105",
"ref": "P335615.4.2",
"inst": "u",
"f": {"lang": "akk-x-neoass",
"form": "x",
"pos": "u"}
}
,
{
"node": "l",
"frag": "x",
"id": "P335615.l06106",
"ref": "P335615.4.3",
"inst": "u",
"f": {"lang": "akk-x-neoass",
"form": "x",
"pos": "u"}
}
,
{
"node": "l",
"frag": "x",
"id": "P335615.l06107",
"ref": "P335615.4.4",
"inst": "u",
"f": {"lang": "akk-x-neoass",
"form": "x",
"pos": "u"}
}
,
{
"node": "l",
"frag": "x",
"id": "P335615.l06108",
"ref": "P335615.4.5",
"inst": "u",
"f": {"lang": "akk-x-neoass",
"form": "x",
"pos": "u"}
}
,
{
"node": "l",
"frag": "x]",
"id": "P335615.l06109",
"ref": "P335615.4.6",
"inst": "u",
"f": {"lang": "akk-x-neoass",
"form": "x",
"pos": "u"}
}
,
{
"node": "l",
"frag": "{giš}SAR-MEŠ",
"id": "P335615.l0610a",
"ref": "P335615.4.7",
"inst": "kirâti[garden]N",
"sig": "@saao/saa14%akk-x-neoass:{GIŠ}SAR-MEŠ=kirû[garden//garden]N'N$kirâti",
"f": {"lang": "akk-x-neoass",
"form": "{GIŠ}SAR-MEŠ",
"cf": "kirû",
"gw": "garden",
"sense": "garden",
"norm": "kirâti",
"pos": "N",
"epos": "N"}
}
,
{
"node": "l",
"frag": "{giš}MURUB₄-MEŠ",
"id": "P335615.l0610b",
"ref": "P335615.4.8",
"inst": "qablāti[grove]N",
"sig": "@saao/saa14%akk-x-neoass:{GIŠ}MURUB₄-MEŠ=qablu[plantation (of trees)//grove]N'N$qablāti",
"f": {"lang": "akk-x-neoass",
"form": "{GIŠ}MURUB₄-MEŠ",
"cf": "qablu",
"gw": "plantation (of trees)",
"sense": "grove",
"norm": "qablāti",
"pos": "N",
"epos": "N"}
}
,
{
"node": "l",
"frag": "[x",
"id": "P335615.l0610c",
"ref": "P335615.4.9",
"inst": "u",
"f": {"lang": "akk-x-neoass",
"form": "x",
"pos": "u"}
}
,
{
"node": "l",
"frag": "x",
"id": "P335615.l0610d",
"ref": "P335615.4.10",
"inst": "u",
"f": {"lang": "akk-x-neoass",
"form": "x",
"pos": "u"}
}
,
{
"node": "l",
"frag": "x]",
"id": "P335615.l0610e",
"ref": "P335615.4.11",
"inst": "u",
"f": {"lang": "akk-x-neoass",
"form": "x",
"pos": "u"}
}
,
{
"node": "d",
"type": "nonx",
"ref": "P335615.5",
"strict": "1",
"extent": "n",
"scope": "line",
"state": "ruling"}
,
{
"node": "d",
"type": "nonx",
"ref": "P335615.6",
"strict": "0",
"extent": "n",
"scope": "space",
"state": "other"}
,
{
"node": "d",
"type": "nonx",
"ref": "P335615.7",
"strict": "1",
"extent": "n",
"scope": "line",
"state": "ruling"}
,
{
"node": "d",
"type": "line-start",
"ref": "P335615.8",
"n": "4",
"label": "4"}
,
{
"node": "l",
"frag": "[x",
"id": "P335615.l0610f",
"ref": "P335615.8.1",
"inst": "u",
"f": {"lang": "akk-x-neoass",
"form": "x",
"pos": "u"}
}
,
{
"node": "l",
"frag": "x",
"id": "P335615.l06110",
"ref": "P335615.8.2",
"inst": "u",
"f": {"lang": "akk-x-neoass",
"form": "x",
"pos": "u"}
}
,
{
"node": "l",
"frag": "x",
"id": "P335615.l06111",
"ref": "P335615.8.3",
"inst": "u",
"f": {"lang": "akk-x-neoass",
"form": "x",
"pos": "u"}
}
,
{
"node": "l",
"frag": "x",
"id": "P335615.l06112",
"ref": "P335615.8.4",
"inst": "u",
"f": {"lang": "akk-x-neoass",
"form": "x",
"pos": "u"}
}
,
{
"node": "l",
"frag": "x",
"id": "P335615.l06113",
"ref": "P335615.8.5",
"inst": "u",
"f": {"lang": "akk-x-neoass",
"form": "x",
"pos": "u"}
}
,
{
"node": "l",
"frag": "x",
"id": "P335615.l06114",
"ref": "P335615.8.6",
"inst": "u",
"f": {"lang": "akk-x-neoass",
"form": "x",
"pos": "u"}
}
,
{
"node": "l",
"frag": "x",
"id": "P335615.l06115",
"ref": "P335615.8.7",
"inst": "u",
"f": {"lang": "akk-x-neoass",
"form": "x",
"pos": "u"}
}
,
{
"node": "l",
"frag": "x]-MEŠ",
"id": "P335615.l06116",
"ref": "P335615.8.8",
"inst": "u",
"f": {"lang": "akk-x-neoass",
"form": "x-MEŠ",
"pos": "u"}
}
,
{
"node": "l",
"frag": "03",
"id": "P335615.l06117",
"ref": "P335615.8.9",
"inst": "n",
"f": {"lang": "akk-x-neoass",
"form": "03",
"pos": "n"}
}
,
{
"node": "l",
"frag": "⸢ad⸣-[x",
"id": "P335615.l06118",
"ref": "P335615.8.10",
"inst": "u",
"f": {"lang": "akk-x-neoass",
"form": "ad-x",
"pos": "u"}
}
,
{
"node": "l",
"frag": "x",
"id": "P335615.l06119",
"ref": "P335615.8.11",
"inst": "u",
"f": {"lang": "akk-x-neoass",
"form": "x",
"pos": "u"}
}
,
{
"node": "l",
"frag": "x",
"id": "P335615.l0611a",
"ref": "P335615.8.12",
"inst": "u",
"f": {"lang": "akk-x-neoass",
"form": "x",
"pos": "u"}
}
,
{
"node": "l",
"frag": "x",
"id": "P335615.l0611b",
"ref": "P335615.8.13",
"inst": "u",
"f": {"lang": "akk-x-neoass",
"form": "x",
"pos": "u"}
}
,
{
"node": "l",
"frag": "x]",
"id": "P335615.l0611c",
"ref": "P335615.8.14",
"inst": "u",
"f": {"lang": "akk-x-neoass",
"form": "x",
"pos": "u"}
}
,
{
"node": "d",
"type": "nonx",
"ref": "P335615.9",
"strict": "0",
"extent": "rest",
"state": "missing"}
]}
]}
]}
]}
