{
"type": "cdl",
  "source": "http://oracc.org/saao/saa14",
  "license": "This data is released under the CC0 license",
  "license-url": "https://creativecommons.org/publicdomain/zero/1.0/",
  "more-info": "http://oracc.org/doc/opendata/",
  "UTC-timestamp": "2017-05-19T11:49:51",
"project": "saao/saa14",
"textid": "P335324",
"cdl": [
{
"node": "c",
"type": "text",
"id": "P335324.U0",
"cdl": [
{
"node": "d",
"type": "object",
"ref": ""}
,
{
"node": "d",
"type": "surface",
"ref": ""}
,
{
"node": "c",
"type": "discourse",
"subtype": "body",
"id": "P335324.U1",
"cdl": [
{
"node": "c",
"type": "sentence",
"id": "P335324.U2",
"label": "1 - b.e. 12",
"cdl": [
{
"node": "d",
"type": "line-start",
"ref": "P335324.1",
"n": "1",
"label": "1"}
,
{
"node": "l",
"frag": "[ṣu-pur",
"id": "P335324.l04dc6",
"ref": "P335324.1.1",
"inst": "ṣupur[fingernail]N",
"sig": "@saao/saa14%akk-x-neoass:ṣu-pur=ṣupru[nail//fingernail]N'N$ṣupur",
"f": {"lang": "akk-x-neoass",
"form": "ṣu-pur",
"cf": "ṣupru",
"gw": "nail",
"sense": "fingernail",
"norm": "ṣupur",
"pos": "N",
"epos": "N"}
}
,
{
"node": "l",
"frag": "{1}x",
"id": "P335324.l04dc7",
"ref": "P335324.1.2",
"inst": "u",
"f": {"lang": "akk-x-neoass",
"form": "{1}x",
"pos": "u"}
}
,
{
"node": "l",
"frag": "x",
"id": "P335324.l04dc8",
"ref": "P335324.1.3",
"inst": "u",
"f": {"lang": "akk-x-neoass",
"form": "x",
"pos": "u"}
}
,
{
"node": "l",
"frag": "x]",
"id": "P335324.l04dc9",
"ref": "P335324.1.4",
"inst": "u",
"f": {"lang": "akk-x-neoass",
"form": "x",
"pos": "u"}
}
,
{
"node": "l",
"frag": "ṣu-pur",
"id": "P335324.l04dca",
"ref": "P335324.1.5",
"inst": "ṣupur[fingernail]N",
"sig": "@saao/saa14%akk-x-neoass:ṣu-pur=ṣupru[nail//fingernail]N'N$ṣupur",
"f": {"lang": "akk-x-neoass",
"form": "ṣu-pur",
"cf": "ṣupru",
"gw": "nail",
"sense": "fingernail",
"norm": "ṣupur",
"pos": "N",
"epos": "N"}
}
,
{
"node": "l",
"frag": "{1}[x",
"id": "P335324.l04dcb",
"ref": "P335324.1.6",
"inst": "u",
"f": {"lang": "akk-x-neoass",
"form": "{1}x",
"pos": "u"}
}
,
{
"node": "l",
"frag": "x",
"id": "P335324.l04dcc",
"ref": "P335324.1.7",
"inst": "u",
"f": {"lang": "akk-x-neoass",
"form": "x",
"pos": "u"}
}
,
{
"node": "l",
"frag": "x]",
"id": "P335324.l04dcd",
"ref": "P335324.1.8",
"inst": "u",
"f": {"lang": "akk-x-neoass",
"form": "x",
"pos": "u"}
}
,
{
"node": "d",
"type": "line-start",
"ref": "P335324.2",
"n": "2",
"label": "2"}
,
{
"node": "l",
"frag": "[x",
"id": "P335324.l04dce",
"ref": "P335324.2.1",
"inst": "u",
"f": {"lang": "akk-x-neoass",
"form": "x",
"pos": "u"}
}
,
{
"node": "l",
"frag": "x",
"id": "P335324.l04dcf",
"ref": "P335324.2.2",
"inst": "u",
"f": {"lang": "akk-x-neoass",
"form": "x",
"pos": "u"}
}
,
{
"node": "l",
"frag": "x",
"id": "P335324.l04dd0",
"ref": "P335324.2.3",
"inst": "u",
"f": {"lang": "akk-x-neoass",
"form": "x",
"pos": "u"}
}
,
{
"node": "l",
"frag": "x",
"id": "P335324.l04dd1",
"ref": "P335324.2.4",
"inst": "u",
"f": {"lang": "akk-x-neoass",
"form": "x",
"pos": "u"}
}
,
{
"node": "l",
"frag": "ŠA₃].GA",
"id": "P335324.l04dd2",
"ref": "P335324.2.5",
"inst": "eqlu[field]N$eqli",
"sig": "@saao/saa14%akk-x-neoass:ŠA₃.GA=eqlu[field//field]N'N$eqli",
"f": {"lang": "akk-x-neoass",
"form": "ŠA₃.GA",
"cf": "eqlu",
"gw": "field",
"sense": "field",
"norm": "eqli",
"pos": "N",
"epos": "N"}
}
,
{
"node": "l",
"frag": "SUM-ni",
"id": "P335324.l04dd3",
"ref": "P335324.2.6",
"inst": "tadāni[giving]'N",
"sig": "@saao/saa14%akk-x-neoass:SUM-ni=tadānu[give//giving]V'N$tadāni",
"f": {"lang": "akk-x-neoass",
"form": "SUM-ni",
"cf": "tadānu",
"gw": "give",
"sense": "giving",
"norm": "tadāni",
"pos": "V",
"epos": "N"}
}
,
{
"node": "d",
"type": "nonx",
"ref": "P335324.3",
"strict": "1",
"extent": "n",
"scope": "line",
"state": "ruling"}
,
{
"node": "d",
"type": "nonx",
"ref": "P335324.4",
"strict": "0",
"state": "other"}
,
{
"node": "d",
"type": "nonx",
"ref": "P335324.5",
"strict": "1",
"extent": "n",
"scope": "line",
"state": "ruling"}
,
{
"node": "d",
"type": "line-start",
"ref": "P335324.6",
"n": "3",
"label": "3"}
,
{
"node": "l",
"frag": "⸢E₂⸣",
"id": "P335324.l04dd4",
"ref": "P335324.6.1",
"inst": "bētu[plot of land]N",
"sig": "@saao/saa14%akk-x-neoass:E₂=bītu[house//plot of land]N'N$bētu",
"f": {"lang": "akk-x-neoass",
"form": "E₂",
"cf": "bītu",
"gw": "house",
"sense": "plot of land",
"norm": "bētu",
"pos": "N",
"epos": "N"}
}
,
{
"node": "l",
"frag": "01",
"id": "P335324.l04dd5",
"ref": "P335324.6.2",
"inst": "n",
"f": {"lang": "akk-x-neoass",
"form": "01",
"pos": "n"}
}
,
{
"node": "l",
"frag": "ANŠE",
"id": "P335324.l04dd6",
"ref": "P335324.6.3",
"inst": "imāru[a unit of capacity]N",
"sig": "@saao/saa14%akk-x-neoass:ANŠE=imēru[unit//a unit of capacity]N'N$imāru",
"f": {"lang": "akk-x-neoass",
"form": "ANŠE",
"cf": "imēru",
"gw": "unit",
"sense": "a unit of capacity",
"norm": "imāru",
"pos": "N",
"epos": "N"}
}
,
{
"node": "l",
"frag": "5(ban₂)",
"id": "P335324.l04dd7",
"ref": "P335324.6.4",
"inst": "n",
"f": {"lang": "akk-x-neoass",
"form": "5(ban₂)",
"pos": "n"}
}
,
{
"node": "l",
"frag": "ŠA₃.GA",
"id": "P335324.l04dd8",
"ref": "P335324.6.5",
"inst": "eqlu[field]N$",
"sig": "@saao/saa14%akk-x-neoass:ŠA₃.GA=eqlu[field//field]N'N$eqlu",
"f": {"lang": "akk-x-neoass",
"form": "ŠA₃.GA",
"cf": "eqlu",
"gw": "field",
"sense": "field",
"norm": "eqlu",
"pos": "N",
"epos": "N"}
}
,
{
"node": "l",
"frag": "ina",
"id": "P335324.l04dd9",
"ref": "P335324.6.6",
"inst": "ina[in]PRP",
"sig": "@saao/saa14%akk-x-neoass:ina=ina[in//in]PRP'PRP$ina",
"f": {"lang": "akk-x-neoass",
"form": "ina",
"cf": "ina",
"gw": "in",
"sense": "in",
"norm": "ina",
"pos": "PRP",
"epos": "PRP"}
}
,
{
"node": "l",
"frag": "[x",
"id": "P335324.l04dda",
"ref": "P335324.6.7",
"inst": "u",
"f": {"lang": "akk-x-neoass",
"form": "x",
"pos": "u"}
}
,
{
"node": "l",
"frag": "x]",
"id": "P335324.l04ddb",
"ref": "P335324.6.8",
"inst": "u",
"f": {"lang": "akk-x-neoass",
"form": "x",
"pos": "u"}
}
,
{
"node": "d",
"type": "line-start",
"ref": "P335324.7",
"n": "4",
"label": "4"}
,
{
"node": "l",
"frag": "[ina]",
"id": "P335324.l04ddc",
"ref": "P335324.7.1",
"inst": "ina[in]PRP",
"sig": "@saao/saa14%akk-x-neoass:ina=ina[in//in]PRP'PRP$ina",
"f": {"lang": "akk-x-neoass",
"form": "ina",
"cf": "ina",
"gw": "in",
"sense": "in",
"norm": "ina",
"pos": "PRP",
"epos": "PRP"}
}
,
{
"node": "l",
"frag": "{uru}⸢ki⸣-si-⸢ri⸣",
"id": "P335324.l04ddd",
"ref": "P335324.7.2",
"inst": "Kisiri[1]GN$",
"sig": "@saao/saa14%akk-x-neoass:{URU}ki-si-ri=Kisiri[1//1]GN'GN$Kisiri",
"f": {"lang": "akk-x-neoass",
"form": "{URU}ki-si-ri",
"cf": "Kisiri",
"gw": "1",
"sense": "1",
"norm": "Kisiri",
"pos": "GN",
"epos": "GN"}
}
,
{
"node": "d",
"type": "line-start",
"ref": "P335324.8",
"n": "5",
"label": "5"}
,
{
"node": "l",
"frag": "SUHUR",
"id": "P335324.l04dde",
"ref": "P335324.8.1",
"inst": "ṭēhi[adjacent to]PRP",
"sig": "@saao/saa14%akk-x-neoass:SUHUR=ṭāhu[adjacent to//adjacent to]PRP'PRP$ṭēhi",
"f": {"lang": "akk-x-neoass",
"form": "SUHUR",
"cf": "ṭāhu",
"gw": "adjacent to",
"sense": "adjacent to",
"norm": "ṭēhi",
"pos": "PRP",
"epos": "PRP"}
}
,
{
"node": "l",
"frag": "ŠA₃.GA",
"id": "P335324.l04ddf",
"ref": "P335324.8.2",
"inst": "eqlu[field]N$eqli",
"sig": "@saao/saa14%akk-x-neoass:ŠA₃.GA=eqlu[field//field]N'N$eqli",
"f": {"lang": "akk-x-neoass",
"form": "ŠA₃.GA",
"cf": "eqlu",
"gw": "field",
"sense": "field",
"norm": "eqli",
"pos": "N",
"epos": "N"}
}
,
{
"node": "l",
"frag": "⸢ša⸣",
"id": "P335324.l04de0",
"ref": "P335324.8.3",
"inst": "ša[of]DET",
"sig": "@saao/saa14%akk-x-neoass:ša=ša[of//of]DET'DET$ša",
"f": {"lang": "akk-x-neoass",
"form": "ša",
"cf": "ša",
"gw": "of",
"sense": "of",
"norm": "ša",
"pos": "DET",
"epos": "DET"}
}
,
{
"node": "l",
"frag": "{1}15--DU-⸢IGI⸣",
"id": "P335324.l04de1",
"ref": "P335324.8.4",
"inst": "Issar-alik-pani[1]PN$",
"sig": "@saao/saa14%akk-x-neoass:{1}15-DU-IGI=Issar-alik-pani[1//1]PN'PN$Issar-alik-pani",
"f": {"lang": "akk-x-neoass",
"form": "{1}15-DU-IGI",
"cf": "Issar-alik-pani",
"gw": "1",
"sense": "1",
"norm": "Issar-alik-pani",
"pos": "PN",
"epos": "PN"}
}
,
{
"node": "d",
"type": "line-start",
"ref": "P335324.9",
"n": "6",
"label": "6"}
,
{
"node": "l",
"frag": "SUHUR",
"id": "P335324.l04de2",
"ref": "P335324.9.1",
"inst": "ṭēhi[adjacent to]PRP",
"sig": "@saao/saa14%akk-x-neoass:SUHUR=ṭāhu[adjacent to//adjacent to]PRP'PRP$ṭēhi",
"f": {"lang": "akk-x-neoass",
"form": "SUHUR",
"cf": "ṭāhu",
"gw": "adjacent to",
"sense": "adjacent to",
"norm": "ṭēhi",
"pos": "PRP",
"epos": "PRP"}
}
,
{
"node": "l",
"frag": "<$o$>",
"id": "P335324.l04de3",
"ref": "P335324.9.2",
"inst": "u",
"f": {"lang": "akk-x-neoass",
"form": "o",
"pos": "u"}
}
,
{
"node": "l",
"frag": "KASKAL",
"id": "P335324.l04de4",
"ref": "P335324.9.3",
"inst": "hūli[road]N",
"sig": "@saao/saa14%akk-x-neoass:KASKAL=hūlu[way//road]N'N$hūli",
"f": {"lang": "akk-x-neoass",
"form": "KASKAL",
"cf": "hūlu",
"gw": "way",
"sense": "road",
"norm": "hūli",
"pos": "N",
"epos": "N"}
}
,
{
"node": "l",
"frag": "[ša",
"id": "P335324.l04de5",
"ref": "P335324.9.4",
"inst": "ša[that]REL",
"sig": "@saao/saa14%akk-x-neoass:ša=ša[that//that]REL'REL$ša",
"f": {"lang": "akk-x-neoass",
"form": "ša",
"cf": "ša",
"gw": "that",
"sense": "that",
"norm": "ša",
"pos": "REL",
"epos": "REL"}
}
,
{
"node": "l",
"frag": "a]-na",
"id": "P335324.l04de6",
"ref": "P335324.9.5",
"inst": "ana[to]PRP",
"sig": "@saao/saa14%akk-x-neoass:a-na=ana[to//to]PRP'PRP$ana",
"f": {"lang": "akk-x-neoass",
"form": "a-na",
"cf": "ana",
"gw": "to",
"sense": "to",
"norm": "ana",
"pos": "PRP",
"epos": "PRP"}
}
,
{
"node": "l",
"frag": "{⸢uru}x",
"id": "P335324.l04de7",
"ref": "P335324.9.6",
"inst": "u",
"f": {"lang": "akk-x-neoass",
"form": "{URU}x",
"pos": "u"}
}
,
{
"node": "l",
"frag": "<x>",
"id": "P335324.l04de8",
"ref": "P335324.9.7",
"inst": "u",
"f": {"lang": "akk-x-neoass",
"form": "x",
"pos": "u"}
}
,
{
"node": "d",
"type": "line-start",
"ref": "P335324.10",
"n": "7",
"label": "7"}
,
{
"node": "l",
"frag": "i-la-ku-u-ni",
"id": "P335324.l04de9",
"ref": "P335324.10.1",
"inst": "illakūni[lead]V",
"sig": "@saao/saa14%akk-x-neoass:i-la-ku-u-ni=alāku[go//lead]V'V$illakūni",
"f": {"lang": "akk-x-neoass",
"form": "i-la-ku-u-ni",
"cf": "alāku",
"gw": "go",
"sense": "lead",
"norm": "illakūni",
"pos": "V",
"epos": "V"}
}
,
{
"node": "d",
"type": "line-start",
"ref": "P335324.11",
"n": "8",
"label": "8"}
,
{
"node": "l",
"frag": "E₂",
"id": "P335324.l04dea",
"ref": "P335324.11.1",
"inst": "bētu[plot of land]N",
"sig": "@saao/saa14%akk-x-neoass:E₂=bītu[house//plot of land]N'N$bētu",
"f": {"lang": "akk-x-neoass",
"form": "E₂",
"cf": "bītu",
"gw": "house",
"sense": "plot of land",
"norm": "bētu",
"pos": "N",
"epos": "N"}
}
,
{
"node": "l",
"frag": "3(ban₂)",
"id": "P335324.l04deb",
"ref": "P335324.11.2",
"inst": "n",
"f": {"lang": "akk-x-neoass",
"form": "3(ban₂)",
"pos": "n"}
}
,
{
"node": "l",
"frag": "ŠA₃.GA",
"id": "P335324.l04dec",
"ref": "P335324.11.3",
"inst": "eqlu[field]N$",
"sig": "@saao/saa14%akk-x-neoass:ŠA₃.GA=eqlu[field//field]N'N$eqlu",
"f": {"lang": "akk-x-neoass",
"form": "ŠA₃.GA",
"cf": "eqlu",
"gw": "field",
"sense": "field",
"norm": "eqlu",
"pos": "N",
"epos": "N"}
}
,
{
"node": "l",
"frag": "SUHUR",
"id": "P335324.l04ded",
"ref": "P335324.11.4",
"inst": "ṭēhi[adjacent to]PRP",
"sig": "@saao/saa14%akk-x-neoass:SUHUR=ṭāhu[adjacent to//adjacent to]PRP'PRP$ṭēhi",
"f": {"lang": "akk-x-neoass",
"form": "SUHUR",
"cf": "ṭāhu",
"gw": "adjacent to",
"sense": "adjacent to",
"norm": "ṭēhi",
"pos": "PRP",
"epos": "PRP"}
}
,
{
"node": "l",
"frag": "[x]+⸢x",
"id": "P335324.l04dee",
"ref": "P335324.11.5",
"inst": "u",
"f": {"lang": "akk-x-neoass",
"form": "x+x",
"pos": "u"}
}
,
{
"node": "l",
"frag": "x⸣",
"id": "P335324.l04def",
"ref": "P335324.11.6",
"inst": "u",
"f": {"lang": "akk-x-neoass",
"form": "x",
"pos": "u"}
}
,
{
"node": "d",
"type": "line-start",
"ref": "P335324.12",
"n": "9",
"label": "9"}
,
{
"node": "l",
"frag": "SUHUR",
"id": "P335324.l04df0",
"ref": "P335324.12.1",
"inst": "ṭēhi[adjacent to]PRP",
"sig": "@saao/saa14%akk-x-neoass:SUHUR=ṭāhu[adjacent to//adjacent to]PRP'PRP$ṭēhi",
"f": {"lang": "akk-x-neoass",
"form": "SUHUR",
"cf": "ṭāhu",
"gw": "adjacent to",
"sense": "adjacent to",
"norm": "ṭēhi",
"pos": "PRP",
"epos": "PRP"}
}
,
{
"node": "l",
"frag": "ŠA₃.GA",
"id": "P335324.l04df1",
"ref": "P335324.12.2",
"inst": "eqlu[field]N$eqli",
"sig": "@saao/saa14%akk-x-neoass:ŠA₃.GA=eqlu[field//field]N'N$eqli",
"f": {"lang": "akk-x-neoass",
"form": "ŠA₃.GA",
"cf": "eqlu",
"gw": "field",
"sense": "field",
"norm": "eqli",
"pos": "N",
"epos": "N"}
}
,
{
"node": "l",
"frag": "[x",
"id": "P335324.l04df2",
"ref": "P335324.12.3",
"inst": "u",
"f": {"lang": "akk-x-neoass",
"form": "x",
"pos": "u"}
}
,
{
"node": "l",
"frag": "x",
"id": "P335324.l04df3",
"ref": "P335324.12.4",
"inst": "u",
"f": {"lang": "akk-x-neoass",
"form": "x",
"pos": "u"}
}
,
{
"node": "l",
"frag": "x]",
"id": "P335324.l04df4",
"ref": "P335324.12.5",
"inst": "u",
"f": {"lang": "akk-x-neoass",
"form": "x",
"pos": "u"}
}
,
{
"node": "d",
"type": "line-start",
"ref": "P335324.13",
"n": "10",
"label": "10"}
,
{
"node": "l",
"frag": "SUHUR",
"id": "P335324.l04df5",
"ref": "P335324.13.1",
"inst": "ṭēhi[adjacent to]PRP",
"sig": "@saao/saa14%akk-x-neoass:SUHUR=ṭāhu[adjacent to//adjacent to]PRP'PRP$ṭēhi",
"f": {"lang": "akk-x-neoass",
"form": "SUHUR",
"cf": "ṭāhu",
"gw": "adjacent to",
"sense": "adjacent to",
"norm": "ṭēhi",
"pos": "PRP",
"epos": "PRP"}
}
,
{
"node": "l",
"frag": "KI.MIN",
"id": "P335324.l04df6",
"ref": "P335324.13.2",
"inst": "šanīš[ditto]AV",
"sig": "@saao/saa14%akk-x-neoass:KI.MIN=šanîš[otherwise//ditto]AV'AV$šanīš",
"f": {"lang": "akk-x-neoass",
"form": "KI.MIN",
"cf": "šanîš",
"gw": "otherwise",
"sense": "ditto",
"norm": "šanīš",
"pos": "AV",
"epos": "AV"}
}
,
{
"node": "l",
"frag": "[x",
"id": "P335324.l04df7",
"ref": "P335324.13.3",
"inst": "u",
"f": {"lang": "akk-x-neoass",
"form": "x",
"pos": "u"}
}
,
{
"node": "l",
"frag": "x",
"id": "P335324.l04df8",
"ref": "P335324.13.4",
"inst": "u",
"f": {"lang": "akk-x-neoass",
"form": "x",
"pos": "u"}
}
,
{
"node": "l",
"frag": "x",
"id": "P335324.l04df9",
"ref": "P335324.13.5",
"inst": "u",
"f": {"lang": "akk-x-neoass",
"form": "x",
"pos": "u"}
}
,
{
"node": "l",
"frag": "x",
"id": "P335324.l04dfa",
"ref": "P335324.13.6",
"inst": "u",
"f": {"lang": "akk-x-neoass",
"form": "x",
"pos": "u"}
}
,
{
"node": "l",
"frag": "x]",
"id": "P335324.l04dfb",
"ref": "P335324.13.7",
"inst": "u",
"f": {"lang": "akk-x-neoass",
"form": "x",
"pos": "u"}
}
,
{
"node": "d",
"type": "line-start",
"ref": "P335324.14",
"n": "11",
"label": "11"}
,
{
"node": "l",
"frag": "[u₂]-piš-ma",
"id": "P335324.l04dfc",
"ref": "P335324.14.1",
"inst": "uppišma[contract]V",
"sig": "@saao/saa14%akk-x-neoass:u₂-piš-ma=epēšu[do//contract]V'V$uppišma",
"f": {"lang": "akk-x-neoass",
"form": "u₂-piš-ma",
"cf": "epēšu",
"gw": "do",
"sense": "contract",
"norm": "uppišma",
"pos": "V",
"epos": "V"}
}
,
{
"node": "l",
"frag": "{1}[x",
"id": "P335324.l04dfd",
"ref": "P335324.14.2",
"inst": "u",
"f": {"lang": "akk-x-neoass",
"form": "{1}x",
"pos": "u"}
}
,
{
"node": "l",
"frag": "x",
"id": "P335324.l04dfe",
"ref": "P335324.14.3",
"inst": "u",
"f": {"lang": "akk-x-neoass",
"form": "x",
"pos": "u"}
}
,
{
"node": "l",
"frag": "x",
"id": "P335324.l04dff",
"ref": "P335324.14.4",
"inst": "u",
"f": {"lang": "akk-x-neoass",
"form": "x",
"pos": "u"}
}
,
{
"node": "l",
"frag": "x",
"id": "P335324.l04e00",
"ref": "P335324.14.5",
"inst": "u",
"f": {"lang": "akk-x-neoass",
"form": "x",
"pos": "u"}
}
,
{
"node": "l",
"frag": "x]",
"id": "P335324.l04e01",
"ref": "P335324.14.6",
"inst": "u",
"f": {"lang": "akk-x-neoass",
"form": "x",
"pos": "u"}
}
,
{
"node": "d",
"subtype": "bottom",
"type": "surface",
"ref": "P335324.b.e..15",
"type": "bottom",
"label": "b.e."}
,
{
"node": "d",
"type": "line-start",
"ref": "P335324.16",
"n": "12",
"label": "b.e. 12"}
,
{
"node": "c",
"type": "phrase",
"tag": "phr",
"id": "P335324.U4",
"ref": "P335324.ls00000",
"cdl": [
{
"node": "l",
"frag": "[TA@v]",
"id": "P335324.l04e02",
"ref": "P335324.16.1",
"inst": "issu[from+=from]PRP",
"sig": "@saao/saa14%akk-x-neoass:TA@v=ištu[from//from]PRP'PRP$issu",
"f": {"lang": "akk-x-neoass",
"form": "TA@v",
"cf": "ištu",
"gw": "from",
"sense": "from",
"norm": "issu",
"pos": "PRP",
"epos": "PRP"}
}
,
{
"node": "l",
"frag": "IGI",
"id": "P335324.l04e03",
"ref": "P335324.16.2",
"inst": "pān[front]N",
"sig": "@saao/saa14%akk-x-neoass:IGI=pānu[front//front]N'N$pān",
"f": {"lang": "akk-x-neoass",
"form": "IGI",
"cf": "pānu",
"gw": "front",
"sense": "front",
"norm": "pān",
"pos": "N",
"epos": "N"}
}
]}
,
{
"node": "l",
"frag": "{1}mu-⸢DI⸣-[x",
"id": "P335324.l04e04",
"ref": "P335324.16.3",
"inst": "u",
"f": {"lang": "akk-x-neoass",
"form": "{1}mu-DI-x",
"pos": "u"}
}
,
{
"node": "l",
"frag": "x",
"id": "P335324.l04e05",
"ref": "P335324.16.4",
"inst": "u",
"f": {"lang": "akk-x-neoass",
"form": "x",
"pos": "u"}
}
,
{
"node": "l",
"frag": "x]",
"id": "P335324.l04e06",
"ref": "P335324.16.5",
"inst": "u",
"f": {"lang": "akk-x-neoass",
"form": "x",
"pos": "u"}
}
,
{
"node": "d",
"type": "nonx",
"ref": "P335324.17",
"strict": "0",
"extent": "rest",
"state": "missing"}
]}
]}
]}
,
{
"linkbase": [{
"type": "linkset",
"xlink_title": "ištu pān[from//because of]PRP'PRP",
"id": "P335324.ls00000",
"xlink_type": "extended",
"xlink_role": "psu",
"sig": "{ištu[from]PRP pānu[front]N += ištu pān[from//because of]PRP'PRP}::@saao%akk-x-neoass:TA@v=ištu[from//from]PRP'PRP$issu++@saao%akk-x-neoass:IGI=pānu[front//front]N'N$pān",
"links": [
{
"type": "link",
"xlink_title": "issu",
"xlink_type": "locator",
"xlink_href": "#P335324.l04e02",
"xlink_role": "elt"}
,
{
"type": "link",
"xlink_title": "pān",
"xlink_type": "locator",
"xlink_href": "#P335324.l04e03",
"xlink_role": "elt"}
]}
]}
]}
