{
"type": "cdl",
  "source": "http://oracc.org/saao/saa14",
  "license": "This data is released under the CC0 license",
  "license-url": "https://creativecommons.org/publicdomain/zero/1.0/",
  "more-info": "http://oracc.org/doc/opendata/",
  "UTC-timestamp": "2017-05-19T11:49:52",
"project": "saao/saa14",
"textid": "P335331",
"cdl": [
{
"node": "c",
"type": "text",
"id": "P335331.U0",
"cdl": [
{
"node": "d",
"type": "object",
"ref": ""}
,
{
"node": "d",
"subtype": "obverse",
"type": "surface",
"ref": "P335331.o.1",
"type": "obverse",
"label": "o"}
,
{
"node": "c",
"type": "discourse",
"subtype": "body",
"id": "P335331.U1",
"cdl": [
{
"node": "c",
"type": "sentence",
"id": "P335331.U2",
"label": "o 1 - e. 1",
"cdl": [
{
"node": "d",
"type": "line-start",
"ref": "P335331.2",
"n": "1",
"label": "o 1"}
,
{
"node": "l",
"frag": "{⸢na₄⸣}KIŠIB",
"id": "P335331.l02c9c",
"ref": "P335331.2.1",
"inst": "kunukku[seal]N",
"sig": "@saao/saa14%akk-x-neoass:{NA₄}KIŠIB=kunukku[seal//seal]N'N$kunukku",
"f": {"lang": "akk-x-neoass",
"form": "{NA₄}KIŠIB",
"cf": "kunukku",
"gw": "seal",
"sense": "seal",
"norm": "kunukku",
"pos": "N",
"epos": "N"}
}
,
{
"node": "l",
"frag": "{1}{d}⸢na-x-x-x⸣+[x",
"id": "P335331.l02c9d",
"ref": "P335331.2.2",
"inst": "u",
"f": {"lang": "akk-x-neoass",
"form": "{1}{d}na-x-x-x+x",
"pos": "u"}
}
,
{
"node": "l",
"frag": "x",
"id": "P335331.l02c9e",
"ref": "P335331.2.3",
"inst": "u",
"f": {"lang": "akk-x-neoass",
"form": "x",
"pos": "u"}
}
,
{
"node": "l",
"frag": "x",
"id": "P335331.l02c9f",
"ref": "P335331.2.4",
"inst": "u",
"f": {"lang": "akk-x-neoass",
"form": "x",
"pos": "u"}
}
,
{
"node": "l",
"frag": "x]",
"id": "P335331.l02ca0",
"ref": "P335331.2.5",
"inst": "u",
"f": {"lang": "akk-x-neoass",
"form": "x",
"pos": "u"}
}
,
{
"node": "d",
"type": "line-start",
"ref": "P335331.3",
"n": "2",
"label": "o 2"}
,
{
"node": "l",
"frag": "DUMU",
"id": "P335331.l02ca1",
"ref": "P335331.3.1",
"inst": "mār[son]N",
"sig": "@saao/saa14%akk-x-neoass:DUMU=māru[son//son]N'N$mār",
"f": {"lang": "akk-x-neoass",
"form": "DUMU",
"cf": "māru",
"gw": "son",
"sense": "son",
"norm": "mār",
"pos": "N",
"epos": "N"}
}
,
{
"node": "l",
"frag": "{1}{d}AMAR.UTU-bal-liṭ",
"id": "P335331.l02ca2",
"ref": "P335331.3.2",
"inst": "Marduk-uballiṭ[1]PN$",
"sig": "@saao/saa14%akk-x-neoass:{1}{d}AMAR.UTU-bal-liṭ=Marduk-uballiṭ[1//1]PN'PN$Marduk-uballiṭ",
"f": {"lang": "akk-x-neoass",
"form": "{1}{d}AMAR.UTU-bal-liṭ",
"cf": "Marduk-uballiṭ",
"gw": "1",
"sense": "1",
"norm": "Marduk-uballiṭ",
"pos": "PN",
"epos": "PN"}
}
,
{
"node": "d",
"type": "line-start",
"ref": "P335331.4",
"n": "3",
"label": "o 3"}
,
{
"node": "l",
"frag": "EN",
"id": "P335331.l02ca3",
"ref": "P335331.4.1",
"inst": "bēl[owner]N",
"sig": "@saao/saa14%akk-x-neoass:EN=bēlu[lord//owner]N'N$bēl",
"f": {"lang": "akk-x-neoass",
"form": "EN",
"cf": "bēlu",
"gw": "lord",
"sense": "owner",
"norm": "bēl",
"pos": "N",
"epos": "N"}
}
,
{
"node": "l",
"frag": "A.ŠA₃",
"id": "P335331.l02ca4",
"ref": "P335331.4.2",
"inst": "eqli[field]N",
"sig": "@saao/saa14%akk-x-neoass:A.ŠA₃=eqlu[field//field]N'N$eqli",
"f": {"lang": "akk-x-neoass",
"form": "A.ŠA₃",
"cf": "eqlu",
"gw": "field",
"sense": "field",
"norm": "eqli",
"pos": "N",
"epos": "N"}
}
,
{
"node": "l",
"frag": "SUM-ni",
"id": "P335331.l02ca5",
"ref": "P335331.4.3",
"inst": "tadāni[giving]'N",
"sig": "@saao/saa14%akk-x-neoass:SUM-ni=tadānu[give//giving]V'N$tadāni",
"f": {"lang": "akk-x-neoass",
"form": "SUM-ni",
"cf": "tadānu",
"gw": "give",
"sense": "giving",
"norm": "tadāni",
"pos": "V",
"epos": "N"}
}
,
{
"node": "d",
"type": "nonx",
"ref": "P335331.5",
"strict": "1",
"extent": "n",
"scope": "line",
"state": "ruling",
"flags": "!"}
,
{
"node": "d",
"type": "nonx",
"ref": "P335331.6",
"strict": "0",
"extent": "1",
"scope": "impression",
"state": "other"}
,
{
"node": "d",
"type": "nonx",
"ref": "P335331.7",
"strict": "1",
"extent": "n",
"scope": "line",
"state": "ruling",
"flags": "!"}
,
{
"node": "d",
"type": "line-start",
"ref": "P335331.8",
"n": "4",
"label": "o 4"}
,
{
"node": "l",
"frag": "[E₂]",
"id": "P335331.l02ca6",
"ref": "P335331.8.1",
"inst": "bētu[plot of land]N",
"sig": "@saao/saa14%akk-x-neoass:E₂=bītu[house//plot of land]N'N$bētu",
"f": {"lang": "akk-x-neoass",
"form": "E₂",
"cf": "bītu",
"gw": "house",
"sense": "plot of land",
"norm": "bētu",
"pos": "N",
"epos": "N"}
}
,
{
"node": "l",
"frag": "05",
"id": "P335331.l02ca7",
"ref": "P335331.8.2",
"inst": "n",
"f": {"lang": "akk-x-neoass",
"form": "05",
"pos": "n"}
}
,
{
"node": "l",
"frag": "ANŠE",
"id": "P335331.l02ca8",
"ref": "P335331.8.3",
"inst": "imārī[a unit of capacity]N",
"sig": "@saao/saa14%akk-x-neoass:ANŠE=imēru[unit//a unit of capacity]N'N$imārī",
"f": {"lang": "akk-x-neoass",
"form": "ANŠE",
"cf": "imēru",
"gw": "unit",
"sense": "a unit of capacity",
"norm": "imārī",
"pos": "N",
"epos": "N"}
}
,
{
"node": "l",
"frag": "A.ŠA₃.GA",
"id": "P335331.l02ca9",
"ref": "P335331.8.4",
"inst": "eqlu[field]N",
"sig": "@saao/saa14%akk-x-neoass:A.ŠA₃.GA=eqlu[field//field]N'N$eqlu",
"f": {"lang": "akk-x-neoass",
"form": "A.ŠA₃.GA",
"cf": "eqlu",
"gw": "field",
"sense": "field",
"norm": "eqlu",
"pos": "N",
"epos": "N"}
}
,
{
"node": "d",
"type": "line-start",
"ref": "P335331.9",
"n": "5",
"label": "o 5"}
,
{
"node": "l",
"frag": "[ina",
"id": "P335331.l02caa",
"ref": "P335331.9.1",
"inst": "ina[by]PRP",
"sig": "@saao/saa14%akk-x-neoass:ina=ina[in//by]PRP'PRP$ina",
"f": {"lang": "akk-x-neoass",
"form": "ina",
"cf": "ina",
"gw": "in",
"sense": "by",
"norm": "ina",
"pos": "PRP",
"epos": "PRP"}
}
,
{
"node": "l",
"frag": "{giš]}BAN₂",
"id": "P335331.l02cab",
"ref": "P335331.9.2",
"inst": "sūti[a unit of capacity]N",
"sig": "@saao/saa14%akk-x-neoass:{GIŠ}BAN₂=sūtu[unit//a unit of capacity]N'N$sūti",
"f": {"lang": "akk-x-neoass",
"form": "{GIŠ}BAN₂",
"cf": "sūtu",
"gw": "unit",
"sense": "a unit of capacity",
"norm": "sūti",
"pos": "N",
"epos": "N"}
}
,
{
"node": "l",
"frag": "ša",
"id": "P335331.l02cac",
"ref": "P335331.9.3",
"inst": "ša[of]DET",
"sig": "@saao/saa14%akk-x-neoass:ša=ša[of//of]DET'DET$ša",
"f": {"lang": "akk-x-neoass",
"form": "ša",
"cf": "ša",
"gw": "of",
"sense": "of",
"norm": "ša",
"pos": "DET",
"epos": "DET"}
}
,
{
"node": "l",
"frag": "08",
"id": "P335331.l02cad",
"ref": "P335331.9.4",
"inst": "n",
"f": {"lang": "akk-x-neoass",
"form": "08",
"pos": "n"}
}
,
{
"node": "l",
"frag": "qa",
"id": "P335331.l02cae",
"ref": "P335331.9.5",
"inst": "qâ[a unit of capacity]N",
"sig": "@saao/saa14%akk-x-neoass:qa=qû[unit//a unit of capacity]N'N$qâ",
"f": {"lang": "akk-x-neoass",
"form": "qa",
"cf": "qû",
"gw": "unit",
"sense": "a unit of capacity",
"norm": "qâ",
"pos": "N",
"epos": "N"}
}
,
{
"node": "d",
"type": "line-start",
"ref": "P335331.10",
"n": "6",
"label": "o 6"}
,
{
"node": "l",
"frag": "[ina",
"id": "P335331.l02caf",
"ref": "P335331.10.1",
"inst": "ina[in]PRP",
"sig": "@saao/saa14%akk-x-neoass:ina=ina[in//in]PRP'PRP$ina",
"f": {"lang": "akk-x-neoass",
"form": "ina",
"cf": "ina",
"gw": "in",
"sense": "in",
"norm": "ina",
"pos": "PRP",
"epos": "PRP"}
}
,
{
"node": "l",
"frag": "{uru]}⸢ŠE⸣-{1}ZALAG₂-⸢E₂⸣",
"id": "P335331.l02cb0",
"ref": "P335331.10.2",
"inst": "Kapar-Nur-beti[1]GN$",
"sig": "@saao/saa14%akk-x-neoass:{URU}ŠE-{1}ZALAG₂-E₂=Kapar-Nur-beti[1//1]GN'GN$Kapar-Nur-beti",
"f": {"lang": "akk-x-neoass",
"form": "{URU}ŠE-{1}ZALAG₂-E₂",
"cf": "Kapar-Nur-beti",
"gw": "1",
"sense": "1",
"norm": "Kapar-Nur-beti",
"pos": "GN",
"epos": "GN"}
}
,
{
"node": "d",
"type": "line-start",
"ref": "P335331.11",
"n": "7",
"label": "o 7"}
,
{
"node": "l",
"frag": "[x",
"id": "P335331.l02cb1",
"ref": "P335331.11.1",
"inst": "u",
"f": {"lang": "akk-x-neoass",
"form": "x",
"pos": "u"}
}
,
{
"node": "l",
"frag": "x",
"id": "P335331.l02cb2",
"ref": "P335331.11.2",
"inst": "u",
"f": {"lang": "akk-x-neoass",
"form": "x",
"pos": "u"}
}
,
{
"node": "l",
"frag": "x]+⸢x",
"id": "P335331.l02cb3",
"ref": "P335331.11.3",
"inst": "u",
"f": {"lang": "akk-x-neoass",
"form": "x+x",
"pos": "u"}
}
,
{
"node": "l",
"frag": "x",
"id": "P335331.l02cb4",
"ref": "P335331.11.4",
"inst": "u",
"f": {"lang": "akk-x-neoass",
"form": "x",
"pos": "u"}
}
,
{
"node": "l",
"frag": "x",
"id": "P335331.l02cb5",
"ref": "P335331.11.5",
"inst": "u",
"f": {"lang": "akk-x-neoass",
"form": "x",
"pos": "u"}
}
,
{
"node": "l",
"frag": "x⸣+[x",
"id": "P335331.l02cb6",
"ref": "P335331.11.6",
"inst": "u",
"f": {"lang": "akk-x-neoass",
"form": "x+x",
"pos": "u"}
}
,
{
"node": "l",
"frag": "x",
"id": "P335331.l02cb7",
"ref": "P335331.11.7",
"inst": "u",
"f": {"lang": "akk-x-neoass",
"form": "x",
"pos": "u"}
}
,
{
"node": "l",
"frag": "x]",
"id": "P335331.l02cb8",
"ref": "P335331.11.8",
"inst": "u",
"f": {"lang": "akk-x-neoass",
"form": "x",
"pos": "u"}
}
,
{
"node": "d",
"type": "nonx",
"ref": "P335331.12",
"strict": "0",
"extent": "rest",
"state": "missing"}
,
{
"node": "d",
"subtype": "reverse",
"type": "surface",
"ref": "P335331.r.13",
"type": "reverse",
"label": "r"}
,
{
"node": "d",
"type": "nonx",
"ref": "P335331.14",
"strict": "0",
"extent": "beginning",
"state": "missing"}
,
{
"node": "d",
"type": "line-start",
"ref": "P335331.15",
"n": "1'",
"label": "r 1'"}
,
{
"node": "l",
"frag": "[IGI]",
"id": "P335331.l02cb9",
"ref": "P335331.15.1",
"inst": "šību[witness]N",
"sig": "@saao/saa14%akk-x-neoass:IGI=šību[witness//witness]N'N$šību",
"f": {"lang": "akk-x-neoass",
"form": "IGI",
"cf": "šību",
"gw": "witness",
"sense": "witness",
"norm": "šību",
"pos": "N",
"epos": "N"}
}
,
{
"node": "l",
"frag": "{1}na-ni-i",
"id": "P335331.l02cba",
"ref": "P335331.15.2",
"inst": "Nani[1]PN",
"sig": "@saao/saa14%akk-x-neoass:{1}na-ni-i=Nani[1//1]PN'PN$Nani",
"f": {"lang": "akk-x-neoass",
"form": "{1}na-ni-i",
"cf": "Nani",
"gw": "1",
"sense": "1",
"norm": "Nani",
"pos": "PN",
"epos": "PN"}
}
,
{
"node": "l",
"frag": "{lu₂}[x",
"id": "P335331.l02cbb",
"ref": "P335331.15.3",
"inst": "u",
"f": {"lang": "akk-x-neoass",
"form": "{LU₂}x",
"pos": "u"}
}
,
{
"node": "l",
"frag": "x",
"id": "P335331.l02cbc",
"ref": "P335331.15.4",
"inst": "u",
"f": {"lang": "akk-x-neoass",
"form": "x",
"pos": "u"}
}
,
{
"node": "l",
"frag": "x",
"id": "P335331.l02cbd",
"ref": "P335331.15.5",
"inst": "u",
"f": {"lang": "akk-x-neoass",
"form": "x",
"pos": "u"}
}
,
{
"node": "l",
"frag": "x]",
"id": "P335331.l02cbe",
"ref": "P335331.15.6",
"inst": "u",
"f": {"lang": "akk-x-neoass",
"form": "x",
"pos": "u"}
}
,
{
"node": "d",
"type": "line-start",
"ref": "P335331.16",
"n": "2'",
"label": "r 2'"}
,
{
"node": "l",
"frag": "[IGI]",
"id": "P335331.l02cbf",
"ref": "P335331.16.1",
"inst": "šību[witness]N",
"sig": "@saao/saa14%akk-x-neoass:IGI=šību[witness//witness]N'N$šību",
"f": {"lang": "akk-x-neoass",
"form": "IGI",
"cf": "šību",
"gw": "witness",
"sense": "witness",
"norm": "šību",
"pos": "N",
"epos": "N"}
}
,
{
"node": "l",
"frag": "{1}se-e-ha-za-a",
"id": "P335331.l02cc0",
"ref": "P335331.16.2",
"inst": "Seʾ-haza[1]PN$",
"sig": "@saao/saa14%akk-x-neoass:{1}se-e-ha-za-a=Seʾ-haza[1//1]PN'PN$Seʾ-haza",
"f": {"lang": "akk-x-neoass",
"form": "{1}se-e-ha-za-a",
"cf": "Seʾ-haza",
"gw": "1",
"sense": "1",
"norm": "Seʾ-haza",
"pos": "PN",
"epos": "PN"}
}
,
{
"node": "l",
"frag": "{⸢lu₂⸣}[x",
"id": "P335331.l02cc1",
"ref": "P335331.16.3",
"inst": "u",
"f": {"lang": "akk-x-neoass",
"form": "{LU₂}x",
"pos": "u"}
}
,
{
"node": "l",
"frag": "x",
"id": "P335331.l02cc2",
"ref": "P335331.16.4",
"inst": "u",
"f": {"lang": "akk-x-neoass",
"form": "x",
"pos": "u"}
}
,
{
"node": "l",
"frag": "x]",
"id": "P335331.l02cc3",
"ref": "P335331.16.5",
"inst": "u",
"f": {"lang": "akk-x-neoass",
"form": "x",
"pos": "u"}
}
,
{
"node": "d",
"type": "line-start",
"ref": "P335331.17",
"n": "3'",
"label": "r 3'"}
,
{
"node": "l",
"frag": "[IGI]",
"id": "P335331.l02cc4",
"ref": "P335331.17.1",
"inst": "šību[witness]N",
"sig": "@saao/saa14%akk-x-neoass:IGI=šību[witness//witness]N'N$šību",
"f": {"lang": "akk-x-neoass",
"form": "IGI",
"cf": "šību",
"gw": "witness",
"sense": "witness",
"norm": "šību",
"pos": "N",
"epos": "N"}
}
,
{
"node": "l",
"frag": "{1}PAB-la-maš-ši",
"id": "P335331.l02cc5",
"ref": "P335331.17.2",
"inst": "Ahu-la-amašši[1]PN",
"sig": "@saao/saa14%akk-x-neoass:{1}PAB-la-maš-ši=Ahu-la-amašši[1//1]PN'PN$Ahu-la-amašši",
"f": {"lang": "akk-x-neoass",
"form": "{1}PAB-la-maš-ši",
"cf": "Ahu-la-amašši",
"gw": "1",
"sense": "1",
"norm": "Ahu-la-amašši",
"pos": "PN",
"epos": "PN"}
}
,
{
"node": "l",
"frag": "{lu₂v}GAL-⸢x⸣+[x]",
"id": "P335331.l02cc6",
"ref": "P335331.17.3",
"inst": "u",
"f": {"lang": "akk-x-neoass",
"form": "{LU₂}GAL-x+x",
"pos": "u"}
}
,
{
"node": "d",
"type": "line-start",
"ref": "P335331.18",
"n": "4'",
"label": "r 4'"}
,
{
"node": "l",
"frag": "[IGI]",
"id": "P335331.l02cc7",
"ref": "P335331.18.1",
"inst": "šību[witness]N",
"sig": "@saao/saa14%akk-x-neoass:IGI=šību[witness//witness]N'N$šību",
"f": {"lang": "akk-x-neoass",
"form": "IGI",
"cf": "šību",
"gw": "witness",
"sense": "witness",
"norm": "šību",
"pos": "N",
"epos": "N"}
}
,
{
"node": "l",
"frag": "{1}har-U.U",
"id": "P335331.l02cc8",
"ref": "P335331.18.2",
"inst": "Hara-Dadi[1]PN$",
"sig": "@saao/saa14%akk-x-neoass:{1}har-U.U=Hara-Dadi[1//1]PN'PN$Hara-Dadi",
"f": {"lang": "akk-x-neoass",
"form": "{1}har-U.U",
"cf": "Hara-Dadi",
"gw": "1",
"sense": "1",
"norm": "Hara-Dadi",
"pos": "PN",
"epos": "PN"}
}
,
{
"node": "l",
"frag": "DUMU",
"id": "P335331.l02cc9",
"ref": "P335331.18.3",
"inst": "mār[son]N",
"sig": "@saao/saa14%akk-x-neoass:DUMU=māru[son//son]N'N$mār",
"f": {"lang": "akk-x-neoass",
"form": "DUMU",
"cf": "māru",
"gw": "son",
"sense": "son",
"norm": "mār",
"pos": "N",
"epos": "N"}
}
,
{
"node": "l",
"frag": "{mi₂}pir-su-⸢u₂⸣",
"id": "P335331.l02cca",
"ref": "P335331.18.4",
"inst": "Pirsu[1]PN$",
"sig": "@saao/saa14%akk-x-neoass:{MI₂}pir-su-u₂=Pirsu[1//1]PN'PN$Pirsu",
"f": {"lang": "akk-x-neoass",
"form": "{MI₂}pir-su-u₂",
"cf": "Pirsu",
"gw": "1",
"sense": "1",
"norm": "Pirsu",
"pos": "PN",
"epos": "PN"}
}
,
{
"node": "d",
"type": "line-start",
"ref": "P335331.19",
"n": "5'",
"label": "r 5'"}
,
{
"node": "l",
"frag": "[IGI]",
"id": "P335331.l02ccb",
"ref": "P335331.19.1",
"inst": "šību[witness]N",
"sig": "@saao/saa14%akk-x-neoass:IGI=šību[witness//witness]N'N$šību",
"f": {"lang": "akk-x-neoass",
"form": "IGI",
"cf": "šību",
"gw": "witness",
"sense": "witness",
"norm": "šību",
"pos": "N",
"epos": "N"}
}
,
{
"node": "l",
"frag": "{1}il-ti-TEŠ₂",
"id": "P335331.l02ccc",
"ref": "P335331.19.2",
"inst": "Ilti-bassi[1]PN$",
"sig": "@saao/saa14%akk-x-neoass:{1}il-ti-TEŠ₂=Ilti-bassi[1//1]PN'PN$Ilti-bassi",
"f": {"lang": "akk-x-neoass",
"form": "{1}il-ti-TEŠ₂",
"cf": "Ilti-bassi",
"gw": "1",
"sense": "1",
"norm": "Ilti-bassi",
"pos": "PN",
"epos": "PN"}
}
,
{
"node": "l",
"frag": "{lu₂v}DAM.QAR",
"id": "P335331.l02ccd",
"ref": "P335331.19.3",
"inst": "tankāru[merchant]N",
"sig": "@saao/saa14%akk-x-neoass:{LU₂}DAM.QAR=tamkāru[merchant//merchant]N'N$tankāru",
"f": {"lang": "akk-x-neoass",
"form": "{LU₂}DAM.QAR",
"cf": "tamkāru",
"gw": "merchant",
"sense": "merchant",
"norm": "tankāru",
"pos": "N",
"epos": "N"}
}
,
{
"node": "d",
"type": "line-start",
"ref": "P335331.20",
"n": "6'",
"label": "r 6'"}
,
{
"node": "l",
"frag": "[IGI]",
"id": "P335331.l02cce",
"ref": "P335331.20.1",
"inst": "šību[witness]N",
"sig": "@saao/saa14%akk-x-neoass:IGI=šību[witness//witness]N'N$šību",
"f": {"lang": "akk-x-neoass",
"form": "IGI",
"cf": "šību",
"gw": "witness",
"sense": "witness",
"norm": "šību",
"pos": "N",
"epos": "N"}
}
,
{
"node": "l",
"frag": "{1}10--ia-ba-bi",
"id": "P335331.l02ccf",
"ref": "P335331.20.2",
"inst": "Adda-yababa[1]PN$",
"sig": "@saao/saa14%akk-x-neoass:{1}10-ia-ba-bi=Adda-yababa[1//1]PN'PN$Adda-yababa",
"f": {"lang": "akk-x-neoass",
"form": "{1}10-ia-ba-bi",
"cf": "Adda-yababa",
"gw": "1",
"sense": "1",
"norm": "Adda-yababa",
"pos": "PN",
"epos": "PN"}
}
,
{
"node": "l",
"frag": "{lu₂v}A.BA",
"id": "P335331.l02cd0",
"ref": "P335331.20.3",
"inst": "ṭupšarru[scribe]N",
"sig": "@saao/saa14%akk-x-neoass:{LU₂}A.BA=ṭupšarru[scribe//scribe]N'N$ṭupšarru",
"f": {"lang": "akk-x-neoass",
"form": "{LU₂}A.BA",
"cf": "ṭupšarru",
"gw": "scribe",
"sense": "scribe",
"norm": "ṭupšarru",
"pos": "N",
"epos": "N"}
}
,
{
"node": "d",
"type": "line-start",
"ref": "P335331.21",
"n": "7'",
"label": "r 7'"}
,
{
"node": "l",
"frag": "[IGI]",
"id": "P335331.l02cd1",
"ref": "P335331.21.1",
"inst": "šību[witness]N",
"sig": "@saao/saa14%akk-x-neoass:IGI=šību[witness//witness]N'N$šību",
"f": {"lang": "akk-x-neoass",
"form": "IGI",
"cf": "šību",
"gw": "witness",
"sense": "witness",
"norm": "šību",
"pos": "N",
"epos": "N"}
}
,
{
"node": "l",
"frag": "{1}30--A-PAB",
"id": "P335331.l02cd2",
"ref": "P335331.21.2",
"inst": "Sin-aplu-uṣur[1]PN$",
"sig": "@saao/saa14%akk-x-neoass:{1}30-A-PAB=Sin-aplu-uṣur[1//1]PN'PN$Sin-aplu-uṣur",
"f": {"lang": "akk-x-neoass",
"form": "{1}30-A-PAB",
"cf": "Sin-aplu-uṣur",
"gw": "1",
"sense": "1",
"norm": "Sin-aplu-uṣur",
"pos": "PN",
"epos": "PN"}
}
,
{
"node": "l",
"frag": "GAL-ki-ṣir",
"id": "P335331.l02cd3",
"ref": "P335331.21.3",
"cof-tails": "P335331.l02cd4",
"inst": "rabû[big one]N$rab&kiṣru[knot]N$kiṣir",
"sig": "@saao/saa14%akk-x-neoass:GAL-ki-ṣir=rabû[big one//big one]N'N$rab&&@saao%akk-x-neoass:=kiṣru[knot//knot]N'N$kiṣir",
"f": {"lang": "akk-x-neoass",
"form": "GAL-ki-ṣir",
"cf": "rabû",
"gw": "big one",
"sense": "big one",
"norm": "rab",
"pos": "N",
"epos": "N"}
}
,
{
"node": "l",
"frag": "GAL-ki-ṣir",
"id": "P335331.l02cd4",
"ref": "P335331.21.3",
"cof-head": "P335331.l02cd3",
"inst": "rabû[big one]N$rab&kiṣru[knot]N$kiṣir",
"tail-sig": "@saao%akk-x-neoass:=kiṣru[knot//knot]N'N$kiṣir",
"f": {"lang": "akk-x-neoass",
"form": "GAL-ki-ṣir",
"cf": "kiṣru",
"gw": "knot",
"sense": "knot",
"norm": "kiṣir",
"pos": "N",
"epos": "N"}
}
,
{
"node": "d",
"type": "line-start",
"ref": "P335331.22",
"n": "8'",
"label": "r 8'"}
,
{
"node": "l",
"frag": "IGI",
"id": "P335331.l02cd5",
"ref": "P335331.22.1",
"inst": "šību[witness]N",
"sig": "@saao/saa14%akk-x-neoass:IGI=šību[witness//witness]N'N$šību",
"f": {"lang": "akk-x-neoass",
"form": "IGI",
"cf": "šību",
"gw": "witness",
"sense": "witness",
"norm": "šību",
"pos": "N",
"epos": "N"}
}
,
{
"node": "l",
"frag": "{1}IGI-{d}15--la-mur",
"id": "P335331.l02cd6",
"ref": "P335331.22.2",
"inst": "Pan-Issar-lamur[1]PN$",
"sig": "@saao/saa14%akk-x-neoass:{1}IGI-{d}15-la-mur=Pan-Issar-lamur[1//1]PN'PN$Pan-Issar-lamur",
"f": {"lang": "akk-x-neoass",
"form": "{1}IGI-{d}15-la-mur",
"cf": "Pan-Issar-lamur",
"gw": "1",
"sense": "1",
"norm": "Pan-Issar-lamur",
"pos": "PN",
"epos": "PN"}
}
,
{
"node": "d",
"type": "line-start",
"ref": "P335331.23",
"n": "9'",
"label": "r 9'"}
,
{
"node": "l",
"frag": "IGI",
"id": "P335331.l02cd7",
"ref": "P335331.23.1",
"inst": "šību[witness]N",
"sig": "@saao/saa14%akk-x-neoass:IGI=šību[witness//witness]N'N$šību",
"f": {"lang": "akk-x-neoass",
"form": "IGI",
"cf": "šību",
"gw": "witness",
"sense": "witness",
"norm": "šību",
"pos": "N",
"epos": "N"}
}
,
{
"node": "l",
"frag": "{1}{d}PA.TUG₂-IGI.LAL-an-ni",
"id": "P335331.l02cd8",
"ref": "P335331.23.2",
"inst": "Nušku-emuranni[1]PN$",
"sig": "@saao/saa14%akk-x-neoass:{1}{d}PA.TUG₂-IGI.LAL-an-ni=Nušku-emuranni[1//1]PN'PN$Nušku-emuranni",
"f": {"lang": "akk-x-neoass",
"form": "{1}{d}PA.TUG₂-IGI.LAL-an-ni",
"cf": "Nušku-emuranni",
"gw": "1",
"sense": "1",
"norm": "Nušku-emuranni",
"pos": "PN",
"epos": "PN"}
}
,
{
"node": "d",
"type": "line-start",
"ref": "P335331.24",
"n": "10'",
"label": "r 10'"}
,
{
"node": "l",
"frag": "A",
"id": "P335331.l02cd9",
"ref": "P335331.24.1",
"inst": "mār[son]N",
"sig": "@saao/saa14%akk-x-neoass:A=māru[son//son]N'N$mār",
"f": {"lang": "akk-x-neoass",
"form": "A",
"cf": "māru",
"gw": "son",
"sense": "son",
"norm": "mār",
"pos": "N",
"epos": "N"}
}
,
{
"node": "l",
"frag": "{1}{uru}KA₂.DINGIR-a.a",
"id": "P335331.l02cda",
"ref": "P335331.24.2",
"inst": "Babilayu[1]PN$Babilaya",
"sig": "@saao/saa14%akk-x-neoass:{1}{URU}KA₂.DINGIR-a.a=Babilayu[1//1]PN'PN$Babilaya",
"f": {"lang": "akk-x-neoass",
"form": "{1}{URU}KA₂.DINGIR-a.a",
"cf": "Babilayu",
"gw": "1",
"sense": "1",
"norm": "Babilaya",
"pos": "PN",
"epos": "PN"}
}
,
{
"node": "d",
"type": "line-start",
"ref": "P335331.25",
"n": "11'",
"label": "r 11'"}
,
{
"node": "l",
"frag": "IGI",
"id": "P335331.l02cdb",
"ref": "P335331.25.1",
"inst": "šību[witness]N",
"sig": "@saao/saa14%akk-x-neoass:IGI=šību[witness//witness]N'N$šību",
"f": {"lang": "akk-x-neoass",
"form": "IGI",
"cf": "šību",
"gw": "witness",
"sense": "witness",
"norm": "šību",
"pos": "N",
"epos": "N"}
}
,
{
"node": "l",
"frag": "{1}{d}PA-I",
"id": "P335331.l02cdc",
"ref": "P335331.25.2",
"inst": "Nabu-naʾid[1]PN",
"sig": "@saao/saa14%akk-x-neoass:{1}{d}PA-I=Nabu-naʾid[1//1]PN'PN$Nabu-naʾid",
"f": {"lang": "akk-x-neoass",
"form": "{1}{d}PA-I",
"cf": "Nabu-naʾid",
"gw": "1",
"sense": "1",
"norm": "Nabu-naʾid",
"pos": "PN",
"epos": "PN"}
}
,
{
"node": "l",
"frag": "{lu₂v}A.BA",
"id": "P335331.l02cdd",
"ref": "P335331.25.3",
"inst": "ṭupšarru[scribe]N",
"sig": "@saao/saa14%akk-x-neoass:{LU₂}A.BA=ṭupšarru[scribe//scribe]N'N$ṭupšarru",
"f": {"lang": "akk-x-neoass",
"form": "{LU₂}A.BA",
"cf": "ṭupšarru",
"gw": "scribe",
"sense": "scribe",
"norm": "ṭupšarru",
"pos": "N",
"epos": "N"}
}
,
{
"node": "d",
"type": "line-start",
"ref": "P335331.26",
"n": "12'",
"label": "r 12'"}
,
{
"node": "l",
"frag": "{iti}GAN",
"id": "P335331.l02cde",
"ref": "P335331.26.1",
"inst": "Kislimi[Kislev]MN",
"sig": "@saao/saa14%akk-x-neoass:{ITI}GAN=Kislimu[Kislev//Kislev]MN'MN$Kislimi",
"f": {"lang": "akk-x-neoass",
"form": "{ITI}GAN",
"cf": "Kislimu",
"gw": "Kislev",
"sense": "Kislev",
"norm": "Kislimi",
"pos": "MN",
"epos": "MN"}
}
,
{
"node": "l",
"frag": "UD",
"id": "P335331.l02cdf",
"ref": "P335331.26.2",
"inst": "ūm[day]N",
"sig": "@saao/saa14%akk-x-neoass:UD=ūmu[day//day]N'N$ūm",
"f": {"lang": "akk-x-neoass",
"form": "UD",
"cf": "ūmu",
"gw": "day",
"sense": "day",
"norm": "ūm",
"pos": "N",
"epos": "N"}
}
,
{
"node": "l",
"frag": "08-KAM",
"id": "P335331.l02ce0",
"ref": "P335331.26.3",
"inst": "n",
"f": {"lang": "akk-x-neoass",
"form": "08-KAM",
"pos": "n"}
}
,
{
"node": "d",
"type": "line-start",
"ref": "P335331.27",
"n": "13'",
"label": "r 13'"}
,
{
"node": "l",
"frag": "⸢lim-mu⸣",
"id": "P335331.l02ce1",
"ref": "P335331.27.1",
"inst": "limmu[eponym (of year)]N",
"sig": "@saao/saa14%akk-x-neoass:lim-mu=līmu[eponym (of year)//eponym (of year)]N'N$limmu",
"f": {"lang": "akk-x-neoass",
"form": "lim-mu",
"cf": "līmu",
"gw": "eponym (of year)",
"sense": "eponym (of year)",
"norm": "limmu",
"pos": "N",
"epos": "N"}
}
,
{
"node": "l",
"frag": "{1}aš-šur-DINGIR-a.a",
"id": "P335331.l02ce2",
"ref": "P335331.27.2",
"inst": "Aššur-ilaʾi[1]PN",
"sig": "@saao/saa14%akk-x-neoass:{1}aš-šur-DINGIR-a.a=Aššur-ilaʾi[1//1]PN'PN$Aššur-ilaʾi",
"f": {"lang": "akk-x-neoass",
"form": "{1}aš-šur-DINGIR-a.a",
"cf": "Aššur-ilaʾi",
"gw": "1",
"sense": "1",
"norm": "Aššur-ilaʾi",
"pos": "PN",
"epos": "PN"}
}
,
{
"node": "d",
"type": "line-start",
"ref": "P335331.28",
"n": "14'",
"label": "r 14'"}
,
{
"node": "l",
"frag": "{[lu₂]}⸢SUKKAL⸣",
"id": "P335331.l02ce3",
"ref": "P335331.28.1",
"inst": "šukkallu[vizier]N",
"sig": "@saao/saa14%akk-x-neoass:{LU₂}SUKKAL=šukkallu[(a court official)//vizier]N'N$šukkallu",
"f": {"lang": "akk-x-neoass",
"form": "{LU₂}SUKKAL",
"cf": "šukkallu",
"gw": "(a court official)",
"sense": "vizier",
"norm": "šukkallu",
"pos": "N",
"epos": "N"}
}
,
{
"node": "l",
"frag": "GAL-[u₂]",
"id": "P335331.l02ce4",
"ref": "P335331.28.2",
"inst": "rabiu[big]AJ",
"sig": "@saao/saa14%akk-x-neoass:GAL-u₂=rabû[big//big]AJ'AJ$rabiu",
"f": {"lang": "akk-x-neoass",
"form": "GAL-u₂",
"cf": "rabû",
"gw": "big",
"sense": "big",
"norm": "rabiu",
"pos": "AJ",
"epos": "AJ"}
}
,
{
"node": "d",
"subtype": "edge",
"type": "surface",
"ref": "P335331.e..29",
"type": "edge",
"label": "e."}
,
{
"node": "d",
"type": "line-start",
"ref": "P335331.30",
"n": "1",
"label": "e. 1"}
,
{
"node": "l",
"id": "P335331.l02ce5",
"ref": "P335331.30.1",
"inst": "u",
"f": {"lang": "arc",
"form": "dnt",
"pos": "u"}
}
,
{
"node": "l",
"id": "P335331.l02ce6",
"ref": "P335331.30.2",
"inst": "u",
"f": {"lang": "arc",
"form": "ḥqlʾ",
"pos": "u"}
}
,
{
"node": "l",
"id": "P335331.l02ce7",
"ref": "P335331.30.3",
"inst": "u",
"f": {"lang": "arc",
"form": "zy",
"pos": "u"}
}
,
{
"node": "l",
"id": "P335331.l02ce8",
"ref": "P335331.30.4",
"inst": "u",
"f": {"lang": "arc",
"form": "xzry",
"pos": "u"}
}
,
{
"node": "l",
"id": "P335331.l02ce9",
"ref": "P335331.30.5",
"inst": "u",
"f": {"lang": "arc",
"form": "zy",
"pos": "u"}
}
,
{
"node": "l",
"id": "P335331.l02cea",
"ref": "P335331.30.6",
"inst": "u",
"f": {"lang": "arc",
"form": "kpr",
"pos": "u"}
}
,
{
"node": "l",
"id": "P335331.l02ceb",
"ref": "P335331.30.7",
"inst": "u",
"f": {"lang": "arc",
"form": "x",
"pos": "u"}
}
]}
]}
]}
]}
