{
"type": "cdl",
  "source": "http://oracc.org/saao/saa14",
  "license": "This data is released under the CC0 license",
  "license-url": "https://creativecommons.org/publicdomain/zero/1.0/",
  "more-info": "http://oracc.org/doc/opendata/",
  "UTC-timestamp": "2017-05-19T11:49:38",
"project": "saao/saa14",
"textid": "P335123",
"cdl": [
{
"node": "c",
"type": "text",
"id": "P335123.U0",
"cdl": [
{
"node": "d",
"type": "object",
"ref": ""}
,
{
"node": "d",
"subtype": "obverse",
"type": "surface",
"ref": "P335123.o.1",
"type": "obverse",
"label": "o"}
,
{
"node": "c",
"type": "discourse",
"subtype": "body",
"id": "P335123.U1",
"cdl": [
{
"node": "c",
"type": "sentence",
"id": "P335123.U2",
"label": "o 1 - r.e. 15",
"cdl": [
{
"node": "d",
"type": "line-start",
"ref": "P335123.2",
"n": "1",
"label": "o 1"}
,
{
"node": "l",
"frag": "{na₄}KIŠIB",
"id": "P335123.l0230e",
"ref": "P335123.2.1",
"inst": "kunukku[seal]N",
"sig": "@saao/saa14%akk-x-neoass:{NA₄}KIŠIB=kunukku[seal//seal]N'N$kunukku",
"f": {"lang": "akk-x-neoass",
"form": "{NA₄}KIŠIB",
"cf": "kunukku",
"gw": "seal",
"sense": "seal",
"norm": "kunukku",
"pos": "N",
"epos": "N"}
}
,
{
"node": "l",
"frag": "{1}qi-bit-{d}15",
"id": "P335123.l0230f",
"ref": "P335123.2.2",
"inst": "Qibit-Issar[1]PN$",
"sig": "@saao/saa14%akk-x-neoass:{1}qi-bit-{d}15=Qibit-Issar[1//1]PN'PN$Qibit-Issar",
"f": {"lang": "akk-x-neoass",
"form": "{1}qi-bit-{d}15",
"cf": "Qibit-Issar",
"gw": "1",
"sense": "1",
"norm": "Qibit-Issar",
"pos": "PN",
"epos": "PN"}
}
,
{
"node": "d",
"type": "line-start",
"ref": "P335123.3",
"n": "2",
"label": "o 2"}
,
{
"node": "l",
"frag": "{na₄}KIŠIB",
"id": "P335123.l02310",
"ref": "P335123.3.1",
"inst": "kunukku[seal]N",
"sig": "@saao/saa14%akk-x-neoass:{NA₄}KIŠIB=kunukku[seal//seal]N'N$kunukku",
"f": {"lang": "akk-x-neoass",
"form": "{NA₄}KIŠIB",
"cf": "kunukku",
"gw": "seal",
"sense": "seal",
"norm": "kunukku",
"pos": "N",
"epos": "N"}
}
,
{
"node": "l",
"frag": "{1}la-te-gi-{d}na-na-a.a",
"id": "P335123.l02311",
"ref": "P335123.3.2",
"inst": "La-teggi-Nanaya[1]PN$",
"sig": "@saao/saa14%akk-x-neoass:{1}la-te-gi-{d}na-na-a.a=La-teggi-Nanaya[1//1]PN'PN$La-teggi-Nanaya",
"f": {"lang": "akk-x-neoass",
"form": "{1}la-te-gi-{d}na-na-a.a",
"cf": "La-teggi-Nanaya",
"gw": "1",
"sense": "1",
"norm": "La-teggi-Nanaya",
"pos": "PN",
"epos": "PN"}
}
,
{
"node": "d",
"type": "line-start",
"ref": "P335123.4",
"n": "3",
"label": "o 3"}
,
{
"node": "l",
"frag": "{na₄}KIŠIB",
"id": "P335123.l02312",
"ref": "P335123.4.1",
"inst": "kunukku[seal]N",
"sig": "@saao/saa14%akk-x-neoass:{NA₄}KIŠIB=kunukku[seal//seal]N'N$kunukku",
"f": {"lang": "akk-x-neoass",
"form": "{NA₄}KIŠIB",
"cf": "kunukku",
"gw": "seal",
"sense": "seal",
"norm": "kunukku",
"pos": "N",
"epos": "N"}
}
,
{
"node": "l",
"frag": "{1}man-nu-ki-{d}IM",
"id": "P335123.l02313",
"ref": "P335123.4.2",
"inst": "Mannu-ki-Adad[1]PN",
"sig": "@saao/saa14%akk-x-neoass:{1}man-nu-ki-{d}IM=Mannu-ki-Adad[1//1]PN'PN$Mannu-ki-Adad",
"f": {"lang": "akk-x-neoass",
"form": "{1}man-nu-ki-{d}IM",
"cf": "Mannu-ki-Adad",
"gw": "1",
"sense": "1",
"norm": "Mannu-ki-Adad",
"pos": "PN",
"epos": "PN"}
}
,
{
"node": "d",
"type": "line-start",
"ref": "P335123.5",
"n": "4",
"label": "o 4"}
,
{
"node": "l",
"frag": "PAB",
"id": "P335123.l02314",
"ref": "P335123.5.1",
"inst": "gimru[total]N",
"sig": "@saao/saa14%akk-x-neoass:PAB=gimru[totality//total]N'N$gimru",
"f": {"lang": "akk-x-neoass",
"form": "PAB",
"cf": "gimru",
"gw": "totality",
"sense": "total",
"norm": "gimru",
"pos": "N",
"epos": "N"}
}
,
{
"node": "l",
"frag": "03",
"id": "P335123.l02315",
"ref": "P335123.5.2",
"inst": "n",
"f": {"lang": "akk-x-neoass",
"form": "03",
"pos": "n"}
}
,
{
"node": "l",
"frag": "LU₂-MEŠ",
"id": "P335123.l02316",
"ref": "P335123.5.3",
"inst": "amēlē[man]N",
"sig": "@saao/saa14%akk-x-neoass:LU₂-MEŠ=awīlu[man//man]N'N$amēlē",
"f": {"lang": "akk-x-neoass",
"form": "LU₂-MEŠ",
"cf": "awīlu",
"gw": "man",
"sense": "man",
"norm": "amēlē",
"pos": "N",
"epos": "N"}
}
,
{
"node": "l",
"frag": "EN",
"id": "P335123.l02317",
"ref": "P335123.5.4",
"inst": "bēlu[lord//owner]N$bēlī",
"sig": "@saao/saa14%akk-x-neoass:EN=bēlu[lord//owner]N'N$bēlī",
"f": {"lang": "akk-x-neoass",
"form": "EN",
"cf": "bēlu",
"gw": "lord",
"sense": "owner",
"norm": "bēlī",
"pos": "N",
"epos": "N"}
}
,
{
"node": "l",
"frag": "LU₂",
"id": "P335123.l02318",
"ref": "P335123.5.5",
"inst": "amēli[man]N",
"sig": "@saao/saa14%akk-x-neoass:LU₂=awīlu[man//man]N'N$amēli",
"f": {"lang": "akk-x-neoass",
"form": "LU₂",
"cf": "awīlu",
"gw": "man",
"sense": "man",
"norm": "amēli",
"pos": "N",
"epos": "N"}
}
,
{
"node": "l",
"frag": "SUM-ni",
"id": "P335123.l02319",
"ref": "P335123.5.6",
"inst": "tadāni[giving]'N",
"sig": "@saao/saa14%akk-x-neoass:SUM-ni=tadānu[give//giving]V'N$tadāni",
"f": {"lang": "akk-x-neoass",
"form": "SUM-ni",
"cf": "tadānu",
"gw": "give",
"sense": "giving",
"norm": "tadāni",
"pos": "V",
"epos": "N"}
}
,
{
"node": "d",
"type": "nonx",
"ref": "P335123.6",
"strict": "1",
"extent": "n",
"scope": "line",
"state": "ruling",
"flags": "!"}
,
{
"node": "d",
"type": "nonx",
"ref": "P335123.7",
"strict": "0",
"extent": "1",
"scope": "impression",
"state": "other"}
,
{
"node": "d",
"type": "nonx",
"ref": "P335123.8",
"strict": "1",
"extent": "n",
"scope": "line",
"state": "ruling",
"flags": "!"}
,
{
"node": "d",
"type": "line-start",
"ref": "P335123.9",
"n": "5",
"label": "o 5"}
,
{
"node": "l",
"frag": "{1}ha-bil₂-GIN",
"id": "P335123.l0231a",
"ref": "P335123.9.1",
"inst": "Habil-kenu[1]PN",
"sig": "@saao/saa14%akk-x-neoass:{1}ha-bil₂-GIN=Habil-kenu[1//1]PN'PN$Habil-kenu",
"f": {"lang": "akk-x-neoass",
"form": "{1}ha-bil₂-GIN",
"cf": "Habil-kenu",
"gw": "1",
"sense": "1",
"norm": "Habil-kenu",
"pos": "PN",
"epos": "PN"}
}
,
{
"node": "l",
"frag": "ARAD-šu₂-nu",
"id": "P335123.l0231b",
"ref": "P335123.9.2",
"inst": "urdušunu[servant]N",
"sig": "@saao/saa14%akk-x-neoass:ARAD-šu₂-nu=ardu[slave//servant]N'N$urdušunu",
"f": {"lang": "akk-x-neoass",
"form": "ARAD-šu₂-nu",
"cf": "ardu",
"gw": "slave",
"sense": "servant",
"norm": "urdušunu",
"pos": "N",
"epos": "N"}
}
,
{
"node": "d",
"type": "line-start",
"ref": "P335123.10",
"n": "6",
"label": "o 6"}
,
{
"node": "l",
"frag": "u₂-piš-ma",
"id": "P335123.l0231c",
"ref": "P335123.10.1",
"inst": "uppišma[contract]V",
"sig": "@saao/saa14%akk-x-neoass:u₂-piš-ma=epēšu[do//contract]V'V$uppišma",
"f": {"lang": "akk-x-neoass",
"form": "u₂-piš-ma",
"cf": "epēšu",
"gw": "do",
"sense": "contract",
"norm": "uppišma",
"pos": "V",
"epos": "V"}
}
,
{
"node": "l",
"frag": "{1}ri-ba-a-te",
"id": "P335123.l0231d",
"ref": "P335123.10.2",
"inst": "Ribate[1]PN",
"sig": "@saao/saa14%akk-x-neoass:{1}ri-ba-a-te=Ribati[1//1]PN'PN$Ribate",
"f": {"lang": "akk-x-neoass",
"form": "{1}ri-ba-a-te",
"cf": "Ribati",
"gw": "1",
"sense": "1",
"norm": "Ribate",
"pos": "PN",
"epos": "PN"}
}
,
{
"node": "d",
"type": "line-start",
"ref": "P335123.11",
"n": "7",
"label": "o 7"}
,
{
"node": "c",
"type": "phrase",
"tag": "phr",
"id": "P335123.U4",
"ref": "P335123.ls00000",
"cdl": [
{
"node": "l",
"frag": "TA@v",
"id": "P335123.l0231e",
"ref": "P335123.11.1",
"inst": "issu[from+=from]PRP",
"sig": "@saao/saa14%akk-x-neoass:TA@v=ištu[from//from]PRP'PRP$issu",
"f": {"lang": "akk-x-neoass",
"form": "TA@v",
"cf": "ištu",
"gw": "from",
"sense": "from",
"norm": "issu",
"pos": "PRP",
"epos": "PRP"}
}
,
{
"node": "l",
"frag": "IGI",
"id": "P335123.l0231f",
"ref": "P335123.11.2",
"inst": "pān[front]N",
"sig": "@saao/saa14%akk-x-neoass:IGI=pānu[front//front]N'N$pān",
"f": {"lang": "akk-x-neoass",
"form": "IGI",
"cf": "pānu",
"gw": "front",
"sense": "front",
"norm": "pān",
"pos": "N",
"epos": "N"}
}
]}
,
{
"node": "l",
"frag": "LU₂-MEŠ",
"id": "P335123.l02320",
"ref": "P335123.11.3",
"inst": "amēlē[man]N",
"sig": "@saao/saa14%akk-x-neoass:LU₂-MEŠ=awīlu[man//man]N'N$amēlē",
"f": {"lang": "akk-x-neoass",
"form": "LU₂-MEŠ",
"cf": "awīlu",
"gw": "man",
"sense": "man",
"norm": "amēlē",
"pos": "N",
"epos": "N"}
}
,
{
"node": "l",
"frag": "an-nu-te",
"id": "P335123.l02321",
"ref": "P335123.11.4",
"inst": "annūte[this]DP",
"sig": "@saao/saa14%akk-x-neoass:an-nu-te=annû[this//this]DP'DP$annūte",
"f": {"lang": "akk-x-neoass",
"form": "an-nu-te",
"cf": "annû",
"gw": "this",
"sense": "this",
"norm": "annūte",
"pos": "DP",
"epos": "DP"}
}
,
{
"node": "d",
"type": "line-start",
"ref": "P335123.12",
"n": "8",
"label": "o 8"}
,
{
"node": "c",
"type": "phrase",
"tag": "phr",
"id": "P335123.U5",
"ref": "P335123.ls00001",
"cdl": [
{
"node": "l",
"frag": "ina",
"id": "P335123.l02322",
"ref": "P335123.12.1",
"inst": "ina[in+=for]PRP",
"sig": "@saao/saa14%akk-x-neoass:ina=ina[in//in]PRP'PRP$ina",
"f": {"lang": "akk-x-neoass",
"form": "ina",
"cf": "ina",
"gw": "in",
"sense": "in",
"norm": "ina",
"pos": "PRP",
"epos": "PRP"}
}
,
{
"node": "l",
"frag": "ŠA₃",
"id": "P335123.l02323",
"ref": "P335123.12.2",
"inst": "libbi[interior]N",
"sig": "@saao/saa14%akk-x-neoass:ŠA₃=libbu[interior//interior]N'N$libbi",
"f": {"lang": "akk-x-neoass",
"form": "ŠA₃",
"cf": "libbu",
"gw": "interior",
"sense": "interior",
"norm": "libbi",
"pos": "N",
"epos": "N"}
}
]}
,
{
"node": "l",
"frag": "02",
"id": "P335123.l02324",
"ref": "P335123.12.3",
"inst": "n",
"f": {"lang": "akk-x-neoass",
"form": "02",
"pos": "n"}
}
,
{
"node": "l",
"frag": "MA.NA",
"id": "P335123.l02325",
"ref": "P335123.12.4",
"inst": "manê[a unit of weight]N",
"sig": "@saao/saa14%akk-x-neoass:MA.NA=manû[unit//a unit of weight]N'N$manê",
"f": {"lang": "akk-x-neoass",
"form": "MA.NA",
"cf": "manû",
"gw": "unit",
"sense": "a unit of weight",
"norm": "manê",
"pos": "N",
"epos": "N"}
}
,
{
"node": "l",
"frag": "10",
"id": "P335123.l02326",
"ref": "P335123.12.5",
"inst": "n",
"f": {"lang": "akk-x-neoass",
"form": "10",
"pos": "n"}
}
,
{
"node": "l",
"frag": "GIN₂-MEŠ",
"id": "P335123.l02327",
"ref": "P335123.12.6",
"inst": "šiqlī[a unit of weight]N",
"sig": "@saao/saa14%akk-x-neoass:GIN₂-MEŠ=šiqlu[unit//a unit of weight]N'N$šiqlī",
"f": {"lang": "akk-x-neoass",
"form": "GIN₂-MEŠ",
"cf": "šiqlu",
"gw": "unit",
"sense": "a unit of weight",
"norm": "šiqlī",
"pos": "N",
"epos": "N"}
}
,
{
"node": "l",
"frag": "KUG.UD",
"id": "P335123.l02328",
"ref": "P335123.12.7",
"inst": "ṣarpi[silver]N",
"sig": "@saao/saa14%akk-x-neoass:KUG.UD=ṣarpu[silver//silver]N'N$ṣarpi",
"f": {"lang": "akk-x-neoass",
"form": "KUG.UD",
"cf": "ṣarpu",
"gw": "silver",
"sense": "silver",
"norm": "ṣarpi",
"pos": "N",
"epos": "N"}
}
,
{
"node": "d",
"type": "line-start",
"ref": "P335123.13",
"n": "9",
"label": "o 9"}
,
{
"node": "l",
"frag": "i-zi-rip",
"id": "P335123.l02329",
"ref": "P335123.13.1",
"inst": "izzirip[purchase]V",
"sig": "@saao/saa14%akk-x-neoass:i-zi-rip=zarāpu[purchase//purchase]V'V$izzirip",
"f": {"lang": "akk-x-neoass",
"form": "i-zi-rip",
"cf": "zarāpu",
"gw": "purchase",
"sense": "purchase",
"norm": "izzirip",
"pos": "V",
"epos": "V"}
}
,
{
"node": "l",
"frag": "i-si-qi",
"id": "P335123.l0232a",
"ref": "P335123.13.2",
"inst": "leqû[take//acquire]V$issiqi",
"sig": "@saao/saa14%akk-x-neoass:i-si-qi=leqû[take//acquire]V'V$issiqi",
"f": {"lang": "akk-x-neoass",
"form": "i-si-qi",
"cf": "leqû",
"gw": "take",
"sense": "acquire",
"norm": "issiqi",
"pos": "V",
"epos": "V"}
}
,
{
"node": "d",
"type": "line-start",
"ref": "P335123.14",
"n": "10",
"label": "o 10"}
,
{
"node": "l",
"frag": "kas-pu",
"id": "P335123.l0232b",
"ref": "P335123.14.1",
"inst": "kaspu[money]N",
"sig": "@saao/saa14%akk-x-neoass:kas-pu=kaspu[silver//money]N'N$kaspu",
"f": {"lang": "akk-x-neoass",
"form": "kas-pu",
"cf": "kaspu",
"gw": "silver",
"sense": "money",
"norm": "kaspu",
"pos": "N",
"epos": "N"}
}
,
{
"node": "l",
"frag": "ga-mur",
"id": "P335123.l0232c",
"ref": "P335123.14.2",
"inst": "gammur[completed]AJ",
"sig": "@saao/saa14%akk-x-neoass:ga-mur=gammuru[finished//completed]AJ'AJ$gammur",
"f": {"lang": "akk-x-neoass",
"form": "ga-mur",
"cf": "gammuru",
"gw": "finished",
"sense": "completed",
"norm": "gammur",
"pos": "AJ",
"epos": "AJ"}
}
,
{
"node": "l",
"frag": "ta-din",
"id": "P335123.l0232d",
"ref": "P335123.14.3",
"inst": "tadin[paid]AJ",
"sig": "@saao/saa14%akk-x-neoass:ta-din=tadnu[given//paid]AJ'AJ$tadin",
"f": {"lang": "akk-x-neoass",
"form": "ta-din",
"cf": "tadnu",
"gw": "given",
"sense": "paid",
"norm": "tadin",
"pos": "AJ",
"epos": "AJ"}
}
,
{
"node": "d",
"type": "line-start",
"ref": "P335123.15",
"n": "11",
"label": "o 11"}
,
{
"node": "l",
"frag": "LU₂",
"id": "P335123.l0232e",
"ref": "P335123.15.1",
"inst": "amēli[man]N",
"sig": "@saao/saa14%akk-x-neoass:LU₂=awīlu[man//man]N'N$amēli",
"f": {"lang": "akk-x-neoass",
"form": "LU₂",
"cf": "awīlu",
"gw": "man",
"sense": "man",
"norm": "amēli",
"pos": "N",
"epos": "N"}
}
,
{
"node": "l",
"frag": "šu-a-tu₂",
"id": "P335123.l0232f",
"ref": "P335123.15.2",
"inst": "šuātu[that]'DP",
"sig": "@saao/saa14%akk-x-neoass:šu-a-tu₂=šuāti[him//that]IP'DP$šuātu",
"f": {"lang": "akk-x-neoass",
"form": "šu-a-tu₂",
"cf": "šuāti",
"gw": "him",
"sense": "that",
"norm": "šuātu",
"pos": "IP",
"epos": "DP"}
}
,
{
"node": "l",
"frag": "za-rip",
"id": "P335123.l02330",
"ref": "P335123.15.3",
"inst": "zarip[purchased]AJ",
"sig": "@saao/saa14%akk-x-neoass:za-rip=zarpu[purchased//purchased]AJ'AJ$zarip",
"f": {"lang": "akk-x-neoass",
"form": "za-rip",
"cf": "zarpu",
"gw": "purchased",
"sense": "purchased",
"norm": "zarip",
"pos": "AJ",
"epos": "AJ"}
}
,
{
"node": "l",
"frag": "laq-qi",
"id": "P335123.l02331",
"ref": "P335123.15.4",
"inst": "laqqi[acquired]AJ",
"sig": "@saao/saa14%akk-x-neoass:laq-qi=leqû[taken//acquired]AJ'AJ$laqqi",
"f": {"lang": "akk-x-neoass",
"form": "laq-qi",
"cf": "leqû",
"gw": "taken",
"sense": "acquired",
"norm": "laqqi",
"pos": "AJ",
"epos": "AJ"}
}
,
{
"node": "d",
"type": "line-start",
"ref": "P335123.16",
"n": "12",
"label": "o 12"}
,
{
"node": "l",
"frag": "tu-a-ru",
"id": "P335123.l02332",
"ref": "P335123.16.1",
"inst": "tuāru[revocation]'N",
"sig": "@saao/saa14%akk-x-neoass:tu-a-ru=târu[turn//revocation]V'N$tuāru",
"f": {"lang": "akk-x-neoass",
"form": "tu-a-ru",
"cf": "târu",
"gw": "turn",
"sense": "revocation",
"norm": "tuāru",
"pos": "V",
"epos": "N"}
}
,
{
"node": "l",
"frag": "de-nu",
"id": "P335123.l02333",
"ref": "P335123.16.2",
"inst": "dēnu[lawsuit]N",
"sig": "@saao/saa14%akk-x-neoass:de-nu=dīnu[legal decision//lawsuit]N'N$dēnu",
"f": {"lang": "akk-x-neoass",
"form": "de-nu",
"cf": "dīnu",
"gw": "legal decision",
"sense": "lawsuit",
"norm": "dēnu",
"pos": "N",
"epos": "N"}
}
,
{
"node": "l",
"frag": "DUG₄.DUG₄",
"id": "P335123.l02334",
"ref": "P335123.16.3",
"inst": "dabābu[litigation]'N",
"sig": "@saao/saa14%akk-x-neoass:DUG₄.DUG₄=dabābu[speak//litigation]V'N$dabābu",
"f": {"lang": "akk-x-neoass",
"form": "DUG₄.DUG₄",
"cf": "dabābu",
"gw": "speak",
"sense": "litigation",
"norm": "dabābu",
"pos": "V",
"epos": "N"}
}
,
{
"node": "l",
"frag": "la-šu₂",
"id": "P335123.l02335",
"ref": "P335123.16.4",
"inst": "laššu[(there) is not]V",
"sig": "@saao/saa14%akk-x-neoass:la-šu₂=laššu[(there) is not//(there) is not]V'V$laššu",
"f": {"lang": "akk-x-neoass",
"form": "la-šu₂",
"cf": "laššu",
"gw": "(there) is not",
"sense": "(there) is not",
"norm": "laššu",
"pos": "V",
"epos": "V"}
}
,
{
"node": "d",
"type": "line-start",
"ref": "P335123.17",
"n": "13",
"label": "o 13"}
,
{
"node": "l",
"frag": "man-nu",
"id": "P335123.l02336",
"ref": "P335123.17.1",
"inst": "mannu[whoever]'XP",
"sig": "@saao/saa14%akk-x-neoass:man-nu=mannu[who?//whoever]QP'XP$mannu",
"f": {"lang": "akk-x-neoass",
"form": "man-nu",
"cf": "mannu",
"gw": "who?",
"sense": "whoever",
"norm": "mannu",
"pos": "QP",
"epos": "XP"}
}
,
{
"node": "l",
"frag": "ša",
"id": "P335123.l02337",
"ref": "P335123.17.2",
"inst": "ša[that]REL",
"sig": "@saao/saa14%akk-x-neoass:ša=ša[that//that]REL'REL$ša",
"f": {"lang": "akk-x-neoass",
"form": "ša",
"cf": "ša",
"gw": "that",
"sense": "that",
"norm": "ša",
"pos": "REL",
"epos": "REL"}
}
,
{
"node": "c",
"type": "phrase",
"tag": "phr",
"id": "P335123.U6",
"ref": "P335123.ls00002",
"cdl": [
{
"node": "l",
"frag": "ina",
"id": "P335123.l02338",
"ref": "P335123.17.3",
"inst": "ina[in+=in the future]PRP",
"sig": "@saao/saa14%akk-x-neoass:ina=ina[in//in]PRP'PRP$ina",
"f": {"lang": "akk-x-neoass",
"form": "ina",
"cf": "ina",
"gw": "in",
"sense": "in",
"norm": "ina",
"pos": "PRP",
"epos": "PRP"}
}
,
{
"node": "l",
"frag": "ur-kiš",
"id": "P335123.l02339",
"ref": "P335123.17.4",
"inst": "urkiš[later]AV",
"sig": "@saao/saa14%akk-x-neoass:ur-kiš=urkiš[later//later]AV'AV$urkiš",
"f": {"lang": "akk-x-neoass",
"form": "ur-kiš",
"cf": "urkiš",
"gw": "later",
"sense": "later",
"norm": "urkiš",
"pos": "AV",
"epos": "AV"}
}
]}
,
{
"node": "l",
"frag": "im-te-ma",
"id": "P335123.l0233a",
"ref": "P335123.17.5",
"inst": "matīma[ever]AV$imtēma",
"sig": "@saao/saa14%akk-x-neoass:im-te-ma=matīma[ever//ever]AV'AV$imtēma",
"f": {"lang": "akk-x-neoass",
"form": "im-te-ma",
"cf": "matīma",
"gw": "ever",
"sense": "ever",
"norm": "imtēma",
"pos": "AV",
"epos": "AV"}
}
,
{
"node": "d",
"type": "line-start",
"ref": "P335123.18",
"n": "14",
"label": "o 14"}
,
{
"node": "l",
"frag": "i-za-qu-pa-ni",
"id": "P335123.l0233b",
"ref": "P335123.18.1",
"inst": "izaqqupāni[complain]V",
"sig": "@saao/saa14%akk-x-neoass:i-za-qu-pa-ni=zaqāpu[fix upright//complain]V'V$izaqqupāni",
"f": {"lang": "akk-x-neoass",
"form": "i-za-qu-pa-ni",
"cf": "zaqāpu",
"gw": "fix upright",
"sense": "complain",
"norm": "izaqqupāni",
"pos": "V",
"epos": "V"}
}
,
{
"node": "l",
"frag": "⸢i⸣-GIL-u-ni",
"id": "P335123.l0233c",
"ref": "P335123.18.2",
"inst": "iparrakūni[contravene]V",
"sig": "@saao/saa14%akk-x-neoass:i-GIL-u-ni=parāku[lie across//contravene]V'V$iparrakūni",
"f": {"lang": "akk-x-neoass",
"form": "i-GIL-u-ni",
"cf": "parāku",
"gw": "lie across",
"sense": "contravene",
"norm": "iparrakūni",
"pos": "V",
"epos": "V"}
}
,
{
"node": "d",
"type": "line-start",
"ref": "P335123.19",
"n": "15",
"label": "o 15"}
,
{
"node": "l",
"frag": "lu-u",
"id": "P335123.l0233d",
"ref": "P335123.19.1",
"inst": "lū[may]MOD",
"sig": "@saao/saa14%akk-x-neoass:lu-u=lū[may//may]MOD'MOD$lū",
"f": {"lang": "akk-x-neoass",
"form": "lu-u",
"cf": "lū",
"gw": "may",
"sense": "may",
"norm": "lū",
"pos": "MOD",
"epos": "MOD"}
}
,
{
"node": "l",
"frag": "LU₂-MEŠ",
"id": "P335123.l0233e",
"ref": "P335123.19.2",
"inst": "amēlē[man]N",
"sig": "@saao/saa14%akk-x-neoass:LU₂-MEŠ=awīlu[man//man]N'N$amēlē",
"f": {"lang": "akk-x-neoass",
"form": "LU₂-MEŠ",
"cf": "awīlu",
"gw": "man",
"sense": "man",
"norm": "amēlē",
"pos": "N",
"epos": "N"}
}
,
{
"node": "l",
"frag": "an-nu-⸢te⸣",
"id": "P335123.l0233f",
"ref": "P335123.19.3",
"inst": "annūte[this]DP",
"sig": "@saao/saa14%akk-x-neoass:an-nu-te=annû[this//this]DP'DP$annūte",
"f": {"lang": "akk-x-neoass",
"form": "an-nu-te",
"cf": "annû",
"gw": "this",
"sense": "this",
"norm": "annūte",
"pos": "DP",
"epos": "DP"}
}
,
{
"node": "l",
"frag": "lu-u",
"id": "P335123.l02340",
"ref": "P335123.19.4",
"inst": "lū[may]MOD",
"sig": "@saao/saa14%akk-x-neoass:lu-u=lū[may//may]MOD'MOD$lū",
"f": {"lang": "akk-x-neoass",
"form": "lu-u",
"cf": "lū",
"gw": "may",
"sense": "may",
"norm": "lū",
"pos": "MOD",
"epos": "MOD"}
}
,
{
"node": "l",
"frag": "DUMU-MEŠ-šu₂-nu",
"id": "P335123.l02341",
"ref": "P335123.19.5",
"inst": "marʾēšunu[son]N",
"sig": "@saao/saa14%akk-x-neoass:DUMU-MEŠ-šu₂-nu=māru[son//son]N'N$marʾēšunu",
"f": {"lang": "akk-x-neoass",
"form": "DUMU-MEŠ-šu₂-nu",
"cf": "māru",
"gw": "son",
"sense": "son",
"norm": "marʾēšunu",
"pos": "N",
"epos": "N"}
}
,
{
"node": "d",
"type": "line-start",
"ref": "P335123.20",
"n": "16",
"label": "o 16"}
,
{
"node": "l",
"frag": "⸢lu⸣-u",
"id": "P335123.l02342",
"ref": "P335123.20.1",
"inst": "lū[may]MOD",
"sig": "@saao/saa14%akk-x-neoass:lu-u=lū[may//may]MOD'MOD$lū",
"f": {"lang": "akk-x-neoass",
"form": "lu-u",
"cf": "lū",
"gw": "may",
"sense": "may",
"norm": "lū",
"pos": "MOD",
"epos": "MOD"}
}
,
{
"node": "c",
"type": "phrase",
"tag": "phr",
"id": "P335123.U7",
"ref": "P335123.ls00003",
"cdl": [
{
"node": "l",
"frag": "DUMU-DUMU-MEŠ-šu₂-nu",
"id": "P335123.l02343",
"ref": "P335123.20.2",
"cof-tails": "P335123.l02344",
"inst": "māru[son]N$mār&māru[son]N$marʾēšunu",
"sig": "@saao/saa14%akk-x-neoass:DUMU-DUMU-MEŠ-šu₂-nu=māru[son//son]N'N$mār&&@saao%akk-x-neoass:=māru[son//son]N'N$marʾēšunu",
"f": {"lang": "akk-x-neoass",
"form": "DUMU-DUMU-MEŠ-šu₂-nu",
"cf": "māru",
"gw": "son",
"sense": "son",
"norm": "mār",
"pos": "N",
"epos": "N"}
}
,
{
"node": "l",
"frag": "DUMU-DUMU-MEŠ-šu₂-nu",
"id": "P335123.l02344",
"ref": "P335123.20.2",
"cof-head": "P335123.l02343",
"inst": "māru[son]N$mār&māru[son]N$marʾēšunu",
"tail-sig": "@saao%akk-x-neoass:=māru[son//son]N'N$marʾēšunu",
"f": {"lang": "akk-x-neoass",
"form": "DUMU-DUMU-MEŠ-šu₂-nu",
"cf": "māru",
"gw": "son",
"sense": "son",
"norm": "marʾēšunu",
"pos": "N",
"epos": "N"}
}
]}
,
{
"node": "l",
"frag": "[lu]-⸢u⸣",
"id": "P335123.l02345",
"ref": "P335123.20.3",
"inst": "lū[may]MOD",
"sig": "@saao/saa14%akk-x-neoass:lu-u=lū[may//may]MOD'MOD$lū",
"f": {"lang": "akk-x-neoass",
"form": "lu-u",
"cf": "lū",
"gw": "may",
"sense": "may",
"norm": "lū",
"pos": "MOD",
"epos": "MOD"}
}
,
{
"node": "l",
"frag": "PAB-MEŠ-šu₂-⸢nu⸣",
"id": "P335123.l02346",
"ref": "P335123.20.4",
"inst": "ahhēšunu[brother]N",
"sig": "@saao/saa14%akk-x-neoass:PAB-MEŠ-šu₂-nu=ahu[brother//brother]N'N$ahhēšunu",
"f": {"lang": "akk-x-neoass",
"form": "PAB-MEŠ-šu₂-nu",
"cf": "ahu",
"gw": "brother",
"sense": "brother",
"norm": "ahhēšunu",
"pos": "N",
"epos": "N"}
}
,
{
"node": "d",
"type": "line-start",
"ref": "P335123.21",
"n": "17",
"label": "o 17"}
,
{
"node": "l",
"frag": "[ša]",
"id": "P335123.l02347",
"ref": "P335123.21.1",
"inst": "ša[that]REL",
"sig": "@saao/saa14%akk-x-neoass:ša=ša[that//that]REL'REL$ša",
"f": {"lang": "akk-x-neoass",
"form": "ša",
"cf": "ša",
"gw": "that",
"sense": "that",
"norm": "ša",
"pos": "REL",
"epos": "REL"}
}
,
{
"node": "l",
"frag": "⸢TA@v⸣",
"id": "P335123.l02348",
"ref": "P335123.21.2",
"inst": "issi[with]PRP",
"sig": "@saao/saa14%akk-x-neoass:TA@v=išti[with//with]PRP'PRP$issi",
"f": {"lang": "akk-x-neoass",
"form": "TA@v",
"cf": "išti",
"gw": "with",
"sense": "with",
"norm": "issi",
"pos": "PRP",
"epos": "PRP"}
}
,
{
"node": "l",
"frag": "{1}ri-ba-a-⸢te⸣",
"id": "P335123.l02349",
"ref": "P335123.21.3",
"inst": "Ribate[1]PN",
"sig": "@saao/saa14%akk-x-neoass:{1}ri-ba-a-te=Ribati[1//1]PN'PN$Ribate",
"f": {"lang": "akk-x-neoass",
"form": "{1}ri-ba-a-te",
"cf": "Ribati",
"gw": "1",
"sense": "1",
"norm": "Ribate",
"pos": "PN",
"epos": "PN"}
}
,
{
"node": "l",
"frag": "[lu-u",
"id": "P335123.l0234a",
"ref": "P335123.21.4",
"inst": "lū[may]MOD",
"sig": "@saao/saa14%akk-x-neoass:lu-u=lū[may//may]MOD'MOD$lū",
"f": {"lang": "akk-x-neoass",
"form": "lu-u",
"cf": "lū",
"gw": "may",
"sense": "may",
"norm": "lū",
"pos": "MOD",
"epos": "MOD"}
}
,
{
"node": "l",
"frag": "DUMU]-⸢MEŠ⸣-[šu₂]",
"id": "P335123.l0234b",
"ref": "P335123.21.5",
"inst": "marʾēšu[son]N",
"sig": "@saao/saa14%akk-x-neoass:DUMU-MEŠ-šu₂=māru[son//son]N'N$marʾēšu",
"f": {"lang": "akk-x-neoass",
"form": "DUMU-MEŠ-šu₂",
"cf": "māru",
"gw": "son",
"sense": "son",
"norm": "marʾēšu",
"pos": "N",
"epos": "N"}
}
,
{
"node": "d",
"subtype": "bottom",
"type": "surface",
"ref": "P335123.b.e..22",
"type": "bottom",
"label": "b.e."}
,
{
"node": "d",
"type": "nonx",
"ref": "P335123.23",
"strict": "0",
"state": "missing"}
,
{
"node": "d",
"subtype": "reverse",
"type": "surface",
"ref": "P335123.r.24",
"type": "reverse",
"label": "r"}
,
{
"node": "d",
"type": "line-start",
"ref": "P335123.25",
"n": "1",
"label": "r 1"}
,
{
"node": "l",
"frag": "[x",
"id": "P335123.l0234c",
"ref": "P335123.25.1",
"inst": "u",
"f": {"lang": "akk-x-neoass",
"form": "x",
"pos": "u"}
}
,
{
"node": "l",
"frag": "x",
"id": "P335123.l0234d",
"ref": "P335123.25.2",
"inst": "u",
"f": {"lang": "akk-x-neoass",
"form": "x",
"pos": "u"}
}
,
{
"node": "l",
"frag": "x",
"id": "P335123.l0234e",
"ref": "P335123.25.3",
"inst": "u",
"f": {"lang": "akk-x-neoass",
"form": "x",
"pos": "u"}
}
,
{
"node": "l",
"frag": "x",
"id": "P335123.l0234f",
"ref": "P335123.25.4",
"inst": "u",
"f": {"lang": "akk-x-neoass",
"form": "x",
"pos": "u"}
}
,
{
"node": "l",
"frag": "x",
"id": "P335123.l02350",
"ref": "P335123.25.5",
"inst": "u",
"f": {"lang": "akk-x-neoass",
"form": "x",
"pos": "u"}
}
,
{
"node": "l",
"frag": "x",
"id": "P335123.l02351",
"ref": "P335123.25.6",
"inst": "u",
"f": {"lang": "akk-x-neoass",
"form": "x",
"pos": "u"}
}
,
{
"node": "l",
"frag": "x",
"id": "P335123.l02352",
"ref": "P335123.25.7",
"inst": "u",
"f": {"lang": "akk-x-neoass",
"form": "x",
"pos": "u"}
}
,
{
"node": "l",
"frag": "x",
"id": "P335123.l02353",
"ref": "P335123.25.8",
"inst": "u",
"f": {"lang": "akk-x-neoass",
"form": "x",
"pos": "u"}
}
,
{
"node": "l",
"frag": "x",
"id": "P335123.l02354",
"ref": "P335123.25.9",
"inst": "u",
"f": {"lang": "akk-x-neoass",
"form": "x",
"pos": "u"}
}
,
{
"node": "l",
"frag": "x",
"id": "P335123.l02355",
"ref": "P335123.25.10",
"inst": "u",
"f": {"lang": "akk-x-neoass",
"form": "x",
"pos": "u"}
}
,
{
"node": "l",
"frag": "x",
"id": "P335123.l02356",
"ref": "P335123.25.11",
"inst": "u",
"f": {"lang": "akk-x-neoass",
"form": "x",
"pos": "u"}
}
,
{
"node": "l",
"frag": "x",
"id": "P335123.l02357",
"ref": "P335123.25.12",
"inst": "u",
"f": {"lang": "akk-x-neoass",
"form": "x",
"pos": "u"}
}
,
{
"node": "l",
"frag": "x]",
"id": "P335123.l02358",
"ref": "P335123.25.13",
"inst": "u",
"f": {"lang": "akk-x-neoass",
"form": "x",
"pos": "u"}
}
,
{
"node": "d",
"type": "line-start",
"ref": "P335123.26",
"n": "2",
"label": "r 2"}
,
{
"node": "l",
"frag": "ina",
"id": "P335123.l02359",
"ref": "P335123.26.1",
"inst": "ina[in]PRP",
"sig": "@saao/saa14%akk-x-neoass:ina=ina[in//in]PRP'PRP$ina",
"f": {"lang": "akk-x-neoass",
"form": "ina",
"cf": "ina",
"gw": "in",
"sense": "in",
"norm": "ina",
"pos": "PRP",
"epos": "PRP"}
}
,
{
"node": "l",
"frag": "bur-⸢ki⸣",
"id": "P335123.l0235a",
"ref": "P335123.26.2",
"inst": "burki[lap]N",
"sig": "@saao/saa14%akk-x-neoass:bur-ki=burku[knee//lap]N'N$burki",
"f": {"lang": "akk-x-neoass",
"form": "bur-ki",
"cf": "burku",
"gw": "knee",
"sense": "lap",
"norm": "burki",
"pos": "N",
"epos": "N"}
}
,
{
"node": "l",
"frag": "{[d}x",
"id": "P335123.l0235b",
"ref": "P335123.26.3",
"inst": "u",
"f": {"lang": "akk-x-neoass",
"form": "{d}x",
"pos": "u"}
}
,
{
"node": "l",
"frag": "x",
"id": "P335123.l0235c",
"ref": "P335123.26.4",
"inst": "u",
"f": {"lang": "akk-x-neoass",
"form": "x",
"pos": "u"}
}
,
{
"node": "l",
"frag": "x",
"id": "P335123.l0235d",
"ref": "P335123.26.5",
"inst": "u",
"f": {"lang": "akk-x-neoass",
"form": "x",
"pos": "u"}
}
,
{
"node": "l",
"frag": "x",
"id": "P335123.l0235e",
"ref": "P335123.26.6",
"inst": "u",
"f": {"lang": "akk-x-neoass",
"form": "x",
"pos": "u"}
}
,
{
"node": "l",
"frag": "x",
"id": "P335123.l0235f",
"ref": "P335123.26.7",
"inst": "u",
"f": {"lang": "akk-x-neoass",
"form": "x",
"pos": "u"}
}
,
{
"node": "l",
"frag": "x",
"id": "P335123.l02360",
"ref": "P335123.26.8",
"inst": "u",
"f": {"lang": "akk-x-neoass",
"form": "x",
"pos": "u"}
}
,
{
"node": "l",
"frag": "x]",
"id": "P335123.l02361",
"ref": "P335123.26.9",
"inst": "u",
"f": {"lang": "akk-x-neoass",
"form": "x",
"pos": "u"}
}
,
{
"node": "d",
"type": "line-start",
"ref": "P335123.27",
"n": "3",
"label": "r 3"}
,
{
"node": "l",
"frag": "kas-pu",
"id": "P335123.l02362",
"ref": "P335123.27.1",
"inst": "kaspu[money]N",
"sig": "@saao/saa14%akk-x-neoass:kas-pu=kaspu[silver//money]N'N$kaspu",
"f": {"lang": "akk-x-neoass",
"form": "kas-pu",
"cf": "kaspu",
"gw": "silver",
"sense": "money",
"norm": "kaspu",
"pos": "N",
"epos": "N"}
}
,
{
"node": "c",
"type": "phrase",
"tag": "phr",
"id": "P335123.U8",
"ref": "P335123.ls00004",
"cdl": [
{
"node": "l",
"frag": "a-na",
"id": "P335123.l02363",
"ref": "P335123.27.2",
"inst": "ana[to+=tenfold]PRP",
"sig": "@saao/saa14%akk-x-neoass:a-na=ana[to//to]PRP'PRP$ana",
"f": {"lang": "akk-x-neoass",
"form": "a-na",
"cf": "ana",
"gw": "to",
"sense": "to",
"norm": "ana",
"pos": "PRP",
"epos": "PRP"}
}
,
{
"node": "l",
"frag": "10-MEŠ-te",
"id": "P335123.l02364",
"ref": "P335123.27.3",
"inst": "ešrāte[tenfold]AV",
"sig": "@saao/saa14%akk-x-neoass:10-MEŠ-te=ešriātu[tenfold//tenfold]AV'AV$ešrāte",
"f": {"lang": "akk-x-neoass",
"form": "10-MEŠ-te",
"cf": "ešriātu",
"gw": "tenfold",
"sense": "tenfold",
"norm": "ešrāte",
"pos": "AV",
"epos": "AV"}
}
]}
,
{
"node": "l",
"frag": "a-na",
"id": "P335123.l02365",
"ref": "P335123.27.4",
"inst": "ana[to]PRP",
"sig": "@saao/saa14%akk-x-neoass:a-na=ana[to//to]PRP'PRP$ana",
"f": {"lang": "akk-x-neoass",
"form": "a-na",
"cf": "ana",
"gw": "to",
"sense": "to",
"norm": "ana",
"pos": "PRP",
"epos": "PRP"}
}
,
{
"node": "l",
"frag": "EN-šu₂",
"id": "P335123.l02366",
"ref": "P335123.27.5",
"inst": "bēlīšu[owner]N",
"sig": "@saao/saa14%akk-x-neoass:EN-šu₂=bēlu[lord//owner]N'N$bēlīšu",
"f": {"lang": "akk-x-neoass",
"form": "EN-šu₂",
"cf": "bēlu",
"gw": "lord",
"sense": "owner",
"norm": "bēlīšu",
"pos": "N",
"epos": "N"}
}
,
{
"node": "l",
"frag": "GUR-ar₂]",
"id": "P335123.l02367",
"ref": "P335123.27.6",
"inst": "itūar[return]V",
"sig": "@saao/saa14%akk-x-neoass:GUR-ar₂=târu[turn//return]V'V$itūar",
"f": {"lang": "akk-x-neoass",
"form": "GUR-ar₂",
"cf": "târu",
"gw": "turn",
"sense": "return",
"norm": "itūar",
"pos": "V",
"epos": "V"}
}
,
{
"node": "d",
"type": "line-start",
"ref": "P335123.28",
"n": "4",
"label": "r 4"}
,
{
"node": "l",
"frag": "ina",
"id": "P335123.l02368",
"ref": "P335123.28.1",
"inst": "ina[in]PRP",
"sig": "@saao/saa14%akk-x-neoass:ina=ina[in//in]PRP'PRP$ina",
"f": {"lang": "akk-x-neoass",
"form": "ina",
"cf": "ina",
"gw": "in",
"sense": "in",
"norm": "ina",
"pos": "PRP",
"epos": "PRP"}
}
,
{
"node": "l",
"frag": "la",
"id": "P335123.l02369",
"ref": "P335123.28.2",
"inst": "lā[not]MOD",
"sig": "@saao/saa14%akk-x-neoass:la=lā[not//not]MOD'MOD$lā",
"f": {"lang": "akk-x-neoass",
"form": "la",
"cf": "lā",
"gw": "not",
"sense": "not",
"norm": "lā",
"pos": "MOD",
"epos": "MOD"}
}
,
{
"node": "l",
"frag": "de-ni-šu₂",
"id": "P335123.l0236a",
"ref": "P335123.28.3",
"inst": "dēnīšu[lawsuit]N",
"sig": "@saao/saa14%akk-x-neoass:de-ni-šu₂=dīnu[legal decision//lawsuit]N'N$dēnīšu",
"f": {"lang": "akk-x-neoass",
"form": "de-ni-šu₂",
"cf": "dīnu",
"gw": "legal decision",
"sense": "lawsuit",
"norm": "dēnīšu",
"pos": "N",
"epos": "N"}
}
,
{
"node": "l",
"frag": "DUG₄.[DUG₄",
"id": "P335123.l0236b",
"ref": "P335123.28.4",
"inst": "dabābu[litigation]'N",
"sig": "@saao/saa14%akk-x-neoass:DUG₄.DUG₄=dabābu[speak//litigation]V'N$dabābu",
"f": {"lang": "akk-x-neoass",
"form": "DUG₄.DUG₄",
"cf": "dabābu",
"gw": "speak",
"sense": "litigation",
"norm": "dabābu",
"pos": "V",
"epos": "N"}
}
,
{
"node": "l",
"frag": "la",
"id": "P335123.l0236c",
"ref": "P335123.28.5",
"inst": "lā[not]MOD",
"sig": "@saao/saa14%akk-x-neoass:la=lā[not//not]MOD'MOD$lā",
"f": {"lang": "akk-x-neoass",
"form": "la",
"cf": "lā",
"gw": "not",
"sense": "not",
"norm": "lā",
"pos": "MOD",
"epos": "MOD"}
}
,
{
"node": "l",
"frag": "TI-qi]",
"id": "P335123.l0236d",
"ref": "P335123.28.6",
"inst": "ilaqqi[succeed]V",
"sig": "@saao/saa14%akk-x-neoass:TI-qi=leqû[take//succeed]V'V$ilaqqi",
"f": {"lang": "akk-x-neoass",
"form": "TI-qi",
"cf": "leqû",
"gw": "take",
"sense": "succeed",
"norm": "ilaqqi",
"pos": "V",
"epos": "V"}
}
,
{
"node": "d",
"type": "nonx",
"ref": "P335123.29",
"strict": "1",
"extent": "n",
"scope": "line",
"state": "ruling"}
,
{
"node": "d",
"type": "line-start",
"ref": "P335123.30",
"n": "5",
"label": "r 5"}
,
{
"node": "l",
"frag": "IGI",
"id": "P335123.l0236e",
"ref": "P335123.30.1",
"inst": "šību[witness]N",
"sig": "@saao/saa14%akk-x-neoass:IGI=šību[witness//witness]N'N$šību",
"f": {"lang": "akk-x-neoass",
"form": "IGI",
"cf": "šību",
"gw": "witness",
"sense": "witness",
"norm": "šību",
"pos": "N",
"epos": "N"}
}
,
{
"node": "l",
"frag": "{1}{d}⸢ša₂-maš⸣-DINGIR-[a.a]",
"id": "P335123.l0236f",
"ref": "P335123.30.2",
"inst": "Šamaš-ilaʾi[1]PN",
"sig": "@saao/saa14%akk-x-neoass:{1}{d}ša₂-maš-DINGIR-a.a=Šamaš-ilaʾi[1//1]PN'PN$Šamaš-ilaʾi",
"f": {"lang": "akk-x-neoass",
"form": "{1}{d}ša₂-maš-DINGIR-a.a",
"cf": "Šamaš-ilaʾi",
"gw": "1",
"sense": "1",
"norm": "Šamaš-ilaʾi",
"pos": "PN",
"epos": "PN"}
}
,
{
"node": "d",
"type": "line-start",
"ref": "P335123.31",
"n": "6",
"label": "r 6"}
,
{
"node": "l",
"frag": "IGI",
"id": "P335123.l02370",
"ref": "P335123.31.1",
"inst": "šību[witness]N",
"sig": "@saao/saa14%akk-x-neoass:IGI=šību[witness//witness]N'N$šību",
"f": {"lang": "akk-x-neoass",
"form": "IGI",
"cf": "šību",
"gw": "witness",
"sense": "witness",
"norm": "šību",
"pos": "N",
"epos": "N"}
}
,
{
"node": "l",
"frag": "{1}ṭu-⸢ri⸣-i",
"id": "P335123.l02371",
"ref": "P335123.31.2",
"inst": "Ṭuri[1]PN$",
"sig": "@saao/saa14%akk-x-neoass:{1}ṭu-ri-i=Ṭuri[1//1]PN'PN$Ṭuri",
"f": {"lang": "akk-x-neoass",
"form": "{1}ṭu-ri-i",
"cf": "Ṭuri",
"gw": "1",
"sense": "1",
"norm": "Ṭuri",
"pos": "PN",
"epos": "PN"}
}
,
{
"node": "d",
"type": "line-start",
"ref": "P335123.32",
"n": "7",
"label": "r 7"}
,
{
"node": "l",
"frag": "IGI",
"id": "P335123.l02372",
"ref": "P335123.32.1",
"inst": "šību[witness]N",
"sig": "@saao/saa14%akk-x-neoass:IGI=šību[witness//witness]N'N$šību",
"f": {"lang": "akk-x-neoass",
"form": "IGI",
"cf": "šību",
"gw": "witness",
"sense": "witness",
"norm": "šību",
"pos": "N",
"epos": "N"}
}
,
{
"node": "l",
"frag": "{1}10--PAB-AŠ",
"id": "P335123.l02373",
"ref": "P335123.32.2",
"inst": "Adad-ahu-iddina[1]PN",
"sig": "@saao/saa14%akk-x-neoass:{1}10-PAB-AŠ=Adad-ahu-iddina[1//1]PN'PN$Adad-ahu-iddina",
"f": {"lang": "akk-x-neoass",
"form": "{1}10-PAB-AŠ",
"cf": "Adad-ahu-iddina",
"gw": "1",
"sense": "1",
"norm": "Adad-ahu-iddina",
"pos": "PN",
"epos": "PN"}
}
,
{
"node": "l",
"frag": "[IGI",
"id": "P335123.l02374",
"ref": "P335123.32.3",
"inst": "šību[witness]N",
"sig": "@saao/saa14%akk-x-neoass:IGI=šību[witness//witness]N'N$šību",
"f": {"lang": "akk-x-neoass",
"form": "IGI",
"cf": "šību",
"gw": "witness",
"sense": "witness",
"norm": "šību",
"pos": "N",
"epos": "N"}
}
,
{
"node": "l",
"frag": "{1}⸢d⸣.PA-AG₂-⸢ZI⸣",
"id": "P335123.l02375",
"ref": "P335123.32.4",
"inst": "Nabu-raʾim-ketti[1]PN$",
"sig": "@saao/saa14%akk-x-neoass:{1}d.PA-AG₂-ZI=Nabu-raʾim-ketti[1//1]PN'PN$Nabu-raʾim-ketti",
"f": {"lang": "akk-x-neoass",
"form": "{1}d.PA-AG₂-ZI",
"cf": "Nabu-raʾim-ketti",
"gw": "1",
"sense": "1",
"norm": "Nabu-raʾim-ketti",
"pos": "PN",
"epos": "PN"}
}
,
{
"node": "d",
"type": "line-start",
"ref": "P335123.33",
"n": "8",
"label": "r 8"}
,
{
"node": "l",
"frag": "IGI",
"id": "P335123.l02376",
"ref": "P335123.33.1",
"inst": "šību[witness]N",
"sig": "@saao/saa14%akk-x-neoass:IGI=šību[witness//witness]N'N$šību",
"f": {"lang": "akk-x-neoass",
"form": "IGI",
"cf": "šību",
"gw": "witness",
"sense": "witness",
"norm": "šību",
"pos": "N",
"epos": "N"}
}
,
{
"node": "l",
"frag": "{1}{d}MAŠ-i",
"id": "P335123.l02377",
"ref": "P335123.33.2",
"inst": "Inurti[1]PN",
"sig": "@saao/saa14%akk-x-neoass:{1}{d}MAŠ-i=Inurti[1//1]PN'PN$Inurti",
"f": {"lang": "akk-x-neoass",
"form": "{1}{d}MAŠ-i",
"cf": "Inurti",
"gw": "1",
"sense": "1",
"norm": "Inurti",
"pos": "PN",
"epos": "PN"}
}
,
{
"node": "l",
"frag": "[o]",
"id": "P335123.l02378",
"ref": "P335123.33.3",
"inst": "u",
"f": {"lang": "akk-x-neoass",
"form": "o",
"pos": "u"}
}
,
{
"node": "d",
"type": "line-start",
"ref": "P335123.34",
"n": "9",
"label": "r 9"}
,
{
"node": "l",
"frag": "IGI",
"id": "P335123.l02379",
"ref": "P335123.34.1",
"inst": "šību[witness]N",
"sig": "@saao/saa14%akk-x-neoass:IGI=šību[witness//witness]N'N$šību",
"f": {"lang": "akk-x-neoass",
"form": "IGI",
"cf": "šību",
"gw": "witness",
"sense": "witness",
"norm": "šību",
"pos": "N",
"epos": "N"}
}
,
{
"node": "l",
"frag": "{1}{d}PA-⸢x⸣+[x",
"id": "P335123.l0237a",
"ref": "P335123.34.2",
"inst": "u",
"f": {"lang": "akk-x-neoass",
"form": "{1}{d}PA-x+x",
"pos": "u"}
}
,
{
"node": "l",
"frag": "x",
"id": "P335123.l0237b",
"ref": "P335123.34.3",
"inst": "u",
"f": {"lang": "akk-x-neoass",
"form": "x",
"pos": "u"}
}
,
{
"node": "l",
"frag": "x",
"id": "P335123.l0237c",
"ref": "P335123.34.4",
"inst": "u",
"f": {"lang": "akk-x-neoass",
"form": "x",
"pos": "u"}
}
,
{
"node": "l",
"frag": "x]",
"id": "P335123.l0237d",
"ref": "P335123.34.5",
"inst": "u",
"f": {"lang": "akk-x-neoass",
"form": "x",
"pos": "u"}
}
,
{
"node": "d",
"type": "line-start",
"ref": "P335123.35",
"n": "10",
"label": "r 10"}
,
{
"node": "l",
"frag": "IGI",
"id": "P335123.l0237e",
"ref": "P335123.35.1",
"inst": "šību[witness]N",
"sig": "@saao/saa14%akk-x-neoass:IGI=šību[witness//witness]N'N$šību",
"f": {"lang": "akk-x-neoass",
"form": "IGI",
"cf": "šību",
"gw": "witness",
"sense": "witness",
"norm": "šību",
"pos": "N",
"epos": "N"}
}
,
{
"node": "l",
"frag": "{1}DUG₃.⸢GA⸣-GIŠ.[MI-{d}x]+x",
"id": "P335123.l0237f",
"ref": "P335123.35.2",
"inst": "u",
"f": {"lang": "akk-x-neoass",
"form": "{1}DUG₃.GA-GIŠ.MI-{d}x+x",
"pos": "u"}
}
,
{
"node": "d",
"type": "nonx",
"ref": "P335123.36",
"strict": "1",
"extent": "3",
"scope": "line",
"state": "blank"}
,
{
"node": "d",
"type": "line-start",
"ref": "P335123.37",
"n": "11",
"label": "r 11"}
,
{
"node": "l",
"frag": "IGI",
"id": "P335123.l02380",
"ref": "P335123.37.1",
"inst": "šību[witness]N",
"sig": "@saao/saa14%akk-x-neoass:IGI=šību[witness//witness]N'N$šību",
"f": {"lang": "akk-x-neoass",
"form": "IGI",
"cf": "šību",
"gw": "witness",
"sense": "witness",
"norm": "šību",
"pos": "N",
"epos": "N"}
}
,
{
"node": "l",
"frag": "{1}{d}U.⸢GUR⸣-MAŠ",
"id": "P335123.l02381",
"ref": "P335123.37.2",
"inst": "Nergal-ašared[1]PN",
"sig": "@saao/saa14%akk-x-neoass:{1}{d}U.GUR-MAŠ=Nergal-ašared[1//1]PN'PN$Nergal-ašared",
"f": {"lang": "akk-x-neoass",
"form": "{1}{d}U.GUR-MAŠ",
"cf": "Nergal-ašared",
"gw": "1",
"sense": "1",
"norm": "Nergal-ašared",
"pos": "PN",
"epos": "PN"}
}
,
{
"node": "l",
"frag": "{[lu₂]}A.BA",
"id": "P335123.l02382",
"ref": "P335123.37.3",
"inst": "ṭupšarru[scribe]N",
"sig": "@saao/saa14%akk-x-neoass:{LU₂}A.BA=ṭupšarru[scribe//scribe]N'N$ṭupšarru",
"f": {"lang": "akk-x-neoass",
"form": "{LU₂}A.BA",
"cf": "ṭupšarru",
"gw": "scribe",
"sense": "scribe",
"norm": "ṭupšarru",
"pos": "N",
"epos": "N"}
}
,
{
"node": "d",
"type": "line-start",
"ref": "P335123.38",
"n": "12",
"label": "r 12"}
,
{
"node": "l",
"frag": "{iti}ZIZ₂",
"id": "P335123.l02383",
"ref": "P335123.38.1",
"inst": "Šabaṭi[Shebat]MN",
"sig": "@saao/saa14%akk-x-neoass:{ITI}ZIZ₂=Šabaṭu[Shebat//Shebat]MN'MN$Šabaṭi",
"f": {"lang": "akk-x-neoass",
"form": "{ITI}ZIZ₂",
"cf": "Šabaṭu",
"gw": "Shebat",
"sense": "Shebat",
"norm": "Šabaṭi",
"pos": "MN",
"epos": "MN"}
}
,
{
"node": "l",
"frag": "UD",
"id": "P335123.l02384",
"ref": "P335123.38.2",
"inst": "ūm[day]N",
"sig": "@saao/saa14%akk-x-neoass:UD=ūmu[day//day]N'N$ūm",
"f": {"lang": "akk-x-neoass",
"form": "UD",
"cf": "ūmu",
"gw": "day",
"sense": "day",
"norm": "ūm",
"pos": "N",
"epos": "N"}
}
,
{
"node": "l",
"frag": "22-⸢KAM₂⸣",
"id": "P335123.l02385",
"ref": "P335123.38.3",
"inst": "n",
"f": {"lang": "akk-x-neoass",
"form": "22-KAM₂",
"pos": "n"}
}
,
{
"node": "d",
"type": "line-start",
"ref": "P335123.39",
"n": "13",
"label": "r 13"}
,
{
"node": "l",
"frag": "lim-mu",
"id": "P335123.l02386",
"ref": "P335123.39.1",
"inst": "limmu[eponym (of year)]N",
"sig": "@saao/saa14%akk-x-neoass:lim-mu=līmu[eponym (of year)//eponym (of year)]N'N$limmu",
"f": {"lang": "akk-x-neoass",
"form": "lim-mu",
"cf": "līmu",
"gw": "eponym (of year)",
"sense": "eponym (of year)",
"norm": "limmu",
"pos": "N",
"epos": "N"}
}
,
{
"node": "l",
"frag": "{1}mu-šal-lim-aš-šur",
"id": "P335123.l02387",
"ref": "P335123.39.2",
"inst": "Mušallim-Aššur[1]PN",
"sig": "@saao/saa14%akk-x-neoass:{1}mu-šal-lim-aš-šur=Mušallim-Aššur[1//1]PN'PN$Mušallim-Aššur",
"f": {"lang": "akk-x-neoass",
"form": "{1}mu-šal-lim-aš-šur",
"cf": "Mušallim-Aššur",
"gw": "1",
"sense": "1",
"norm": "Mušallim-Aššur",
"pos": "PN",
"epos": "PN"}
}
,
{
"node": "d",
"type": "line-start",
"ref": "P335123.40",
"n": "14",
"label": "r 14"}
,
{
"node": "c",
"type": "phrase",
"tag": "phr",
"id": "P335123.U9",
"ref": "P335123.ls00005",
"cdl": [
{
"node": "l",
"frag": "{lu₂}GAR.KUR",
"id": "P335123.l02388",
"ref": "P335123.40.1",
"cof-tails": "P335123.l02389",
"inst": "šaknu[appointee]N$šakin&mātu[land]N$māti",
"sig": "@saao/saa14%akk-x-neoass:{LU₂}GAR.KUR=šaknu[appointee//appointee]N'N$šakin&&@saao%akk-x-neoass:=mātu[land//land]N'N$māti",
"f": {"lang": "akk-x-neoass",
"form": "{LU₂}GAR.KUR",
"cf": "šaknu",
"gw": "appointee",
"sense": "appointee",
"norm": "šakin",
"pos": "N",
"epos": "N"}
}
,
{
"node": "l",
"frag": "{lu₂}GAR.KUR",
"id": "P335123.l02389",
"ref": "P335123.40.1",
"cof-head": "P335123.l02388",
"inst": "šaknu[appointee]N$šakin&mātu[land]N$māti",
"tail-sig": "@saao%akk-x-neoass:=mātu[land//land]N'N$māti",
"f": {"lang": "akk-x-neoass",
"form": "{LU₂}GAR.KUR",
"cf": "mātu",
"gw": "land",
"sense": "land",
"norm": "māti",
"pos": "N",
"epos": "N"}
}
]}
,
{
"node": "l",
"frag": "{uru}a-li-[hi]",
"id": "P335123.l0238a",
"ref": "P335123.40.2",
"inst": "Alihu[1]GN$Alihi",
"sig": "@saao/saa14%akk-x-neoass:{URU}a-li-hi=Alihu[1//1]GN'GN$Alihi",
"f": {"lang": "akk-x-neoass",
"form": "{URU}a-li-hi",
"cf": "Alihu",
"gw": "1",
"sense": "1",
"norm": "Alihi",
"pos": "GN",
"epos": "GN"}
}
,
{
"node": "d",
"subtype": "right",
"type": "surface",
"ref": "P335123.r.e..41",
"type": "right",
"label": "r.e."}
,
{
"node": "d",
"type": "line-start",
"ref": "P335123.42",
"n": "15",
"label": "r.e. 15"}
,
{
"node": "l",
"frag": "07",
"id": "P335123.l0238b",
"ref": "P335123.42.1",
"inst": "n",
"f": {"lang": "akk-x-neoass",
"form": "07",
"pos": "n"}
}
,
{
"node": "l",
"frag": "GIN₂",
"id": "P335123.l0238c",
"ref": "P335123.42.2",
"inst": "šiqlī[a unit of weight]N",
"sig": "@saao/saa14%akk-x-neoass:GIN₂=šiqlu[unit//a unit of weight]N'N$šiqlī",
"f": {"lang": "akk-x-neoass",
"form": "GIN₂",
"cf": "šiqlu",
"gw": "unit",
"sense": "a unit of weight",
"norm": "šiqlī",
"pos": "N",
"epos": "N"}
}
,
{
"node": "l",
"frag": "KUG.UD",
"id": "P335123.l0238d",
"ref": "P335123.42.3",
"inst": "ṣarpi[silver]N",
"sig": "@saao/saa14%akk-x-neoass:KUG.UD=ṣarpu[silver//silver]N'N$ṣarpi",
"f": {"lang": "akk-x-neoass",
"form": "KUG.UD",
"cf": "ṣarpu",
"gw": "silver",
"sense": "silver",
"norm": "ṣarpi",
"pos": "N",
"epos": "N"}
}
,
{
"node": "l",
"frag": "ša",
"id": "P335123.l0238e",
"ref": "P335123.42.4",
"inst": "ša[for]'PRP",
"sig": "@saao/saa14%akk-x-neoass:ša=ša[of//for]DET'PRP$ša",
"f": {"lang": "akk-x-neoass",
"form": "ša",
"cf": "ša",
"gw": "of",
"sense": "for",
"norm": "ša",
"pos": "DET",
"epos": "PRP"}
}
,
{
"node": "l",
"frag": "{na₄}KIŠIB-šu₂-nu",
"id": "P335123.l0238f",
"ref": "P335123.42.5",
"inst": "kunukkišunu[seal]N",
"sig": "@saao/saa14%akk-x-neoass:{NA₄}KIŠIB-šu₂-nu=kunukku[seal//seal]N'N$kunukkišunu",
"f": {"lang": "akk-x-neoass",
"form": "{NA₄}KIŠIB-šu₂-nu",
"cf": "kunukku",
"gw": "seal",
"sense": "seal",
"norm": "kunukkišunu",
"pos": "N",
"epos": "N"}
}
]}
]}
]}
,
{
"linkbase": [{
"type": "linkset",
"xlink_title": "ištu pān[from//because of]PRP'PRP",
"id": "P335123.ls00000",
"xlink_type": "extended",
"xlink_role": "psu",
"sig": "{ištu[from]PRP pānu[front]N += ištu pān[from//because of]PRP'PRP}::@saao%akk-x-neoass:TA@v=ištu[from//from]PRP'PRP$issu++@saao%akk-x-neoass:IGI=pānu[front//front]N'N$pān",
"links": [
{
"type": "link",
"xlink_title": "issu",
"xlink_type": "locator",
"xlink_href": "#P335123.l0231e",
"xlink_role": "elt"}
,
{
"type": "link",
"xlink_title": "pān",
"xlink_type": "locator",
"xlink_href": "#P335123.l0231f",
"xlink_role": "elt"}
]}
,
{
"type": "linkset",
"xlink_title": "ina libbi[in//(in exchange) for]PRP'PRP",
"id": "P335123.ls00001",
"xlink_type": "extended",
"xlink_role": "psu",
"sig": "{ina[in]PRP libbu[interior]N += ina libbi[in//(in exchange) for]PRP'PRP}::@saao%akk-x-neoass:ina=ina[in//into]PRP'PRP$ina++@saao%akk-x-neoass:ŠA₃=libbu[interior//interior]N'N$libbi",
"links": [
{
"type": "link",
"xlink_title": "ina",
"xlink_type": "locator",
"xlink_href": "#P335123.l02322",
"xlink_role": "elt"}
,
{
"type": "link",
"xlink_title": "libbi",
"xlink_type": "locator",
"xlink_href": "#P335123.l02323",
"xlink_role": "elt"}
]}
,
{
"type": "linkset",
"xlink_title": "ina urkiš[in the future//in the future]AV'AV",
"id": "P335123.ls00002",
"xlink_type": "extended",
"xlink_role": "psu",
"sig": "{ina[in]PRP urkiš[later]AV += ina urkiš[in the future//in the future]AV'AV}::@saao%akk-x-neoass:ina=ina[in//into]PRP'PRP$ina++@saao%akk-x-neoass:ur-kiš=urkiš[later//later]AV'AV$urkiš",
"links": [
{
"type": "link",
"xlink_title": "ina",
"xlink_type": "locator",
"xlink_href": "#P335123.l02338",
"xlink_role": "elt"}
,
{
"type": "link",
"xlink_title": "urkiš",
"xlink_type": "locator",
"xlink_href": "#P335123.l02339",
"xlink_role": "elt"}
]}
,
{
"type": "linkset",
"xlink_title": "mār māri[grandson//grandson]N'N",
"id": "P335123.ls00003",
"xlink_type": "extended",
"xlink_role": "psu",
"sig": "{māru[son]N māru[son]N += mār māri[grandson//grandson]N'N}::@saao/saa10%akk-x-neoass:DUMU-DUMU-MEŠ-šu₂-nu=māru[son//son]N'N$mār++@saao/saa10%akk-x-neoass:DUMU-DUMU-MEŠ-šu₂-nu=māru[son//son]N'N$marʾēšunu",
"links": [
{
"type": "link",
"xlink_title": "māru",
"xlink_type": "locator",
"xlink_href": "#P335123.l02343",
"xlink_role": "elt"}
,
{
"type": "link",
"xlink_title": "māru",
"xlink_type": "locator",
"xlink_href": "#P335123.l02344",
"xlink_role": "elt"}
]}
,
{
"type": "linkset",
"xlink_title": "ana ešriāti[tenfold//tenfold]AV'AV",
"id": "P335123.ls00004",
"xlink_type": "extended",
"xlink_role": "psu",
"sig": "{ana[to]PRP ešriātu[tenfold]AV += ana ešriāti[tenfold//tenfold]AV'AV}::@saao%akk-x-neoass:a-na=ana[to//to]PRP'PRP$ana++@saao%akk-x-neoass:10-MEŠ-te=ešriātu[tenfold//tenfold]AV'AV$ešrāte",
"links": [
{
"type": "link",
"xlink_title": "ana",
"xlink_type": "locator",
"xlink_href": "#P335123.l02363",
"xlink_role": "elt"}
,
{
"type": "link",
"xlink_title": "ešrāte",
"xlink_type": "locator",
"xlink_href": "#P335123.l02364",
"xlink_role": "elt"}
]}
,
{
"type": "linkset",
"xlink_title": "šakin māti[governor//governor]N'N",
"id": "P335123.ls00005",
"xlink_type": "extended",
"xlink_role": "psu",
"sig": "{šaknu[appointee]N mātu[land]N += šakin māti[governor//governor]N'N}::@saao%akk-x-neoass:GAR.KUR=šaknu[appointee//appointee]N'N$šakin++@saao%akk-x-neoass:GAR.KUR=mātu[land//land]N'N$māti",
"links": [
{
"type": "link",
"xlink_title": "šaknu",
"xlink_type": "locator",
"xlink_href": "#P335123.l02388",
"xlink_role": "elt"}
,
{
"type": "link",
"xlink_title": "mātu",
"xlink_type": "locator",
"xlink_href": "#P335123.l02389",
"xlink_role": "elt"}
]}
]}
]}
