{
"type": "cdl",
  "source": "http://oracc.org/saao/saa14",
  "license": "This data is released under the CC0 license",
  "license-url": "https://creativecommons.org/publicdomain/zero/1.0/",
  "more-info": "http://oracc.org/doc/opendata/",
  "UTC-timestamp": "2017-05-19T11:49:31",
"project": "saao/saa14",
"textid": "P335002",
"cdl": [
{
"node": "c",
"type": "text",
"id": "P335002.U0",
"cdl": [
{
"node": "d",
"type": "object",
"ref": ""}
,
{
"node": "d",
"subtype": "obverse",
"type": "surface",
"ref": "P335002.o.1",
"type": "obverse",
"label": "o"}
,
{
"node": "c",
"type": "discourse",
"subtype": "body",
"id": "P335002.U1",
"cdl": [
{
"node": "c",
"type": "sentence",
"id": "P335002.U2",
"label": "o 1 - r 11",
"cdl": [
{
"node": "d",
"type": "line-start",
"ref": "P335002.2",
"n": "1",
"label": "o 1"}
,
{
"node": "l",
"frag": "ki-ṣir-ti",
"id": "P335002.l03626",
"ref": "P335002.2.1",
"inst": "kiṣirti[envelope]N",
"sig": "@saao/saa14%akk-x-neoass:ki-ṣir-ti=kiṣirtu[envelope//envelope]N'N$kiṣirti",
"f": {"lang": "akk-x-neoass",
"form": "ki-ṣir-ti",
"cf": "kiṣirtu",
"gw": "envelope",
"sense": "envelope",
"norm": "kiṣirti",
"pos": "N",
"epos": "N"}
}
,
{
"node": "l",
"frag": "08",
"id": "P335002.l03627",
"ref": "P335002.2.2",
"inst": "n",
"f": {"lang": "akk-x-neoass",
"form": "08",
"pos": "n"}
}
,
{
"node": "l",
"frag": "MA.NA",
"id": "P335002.l03628",
"ref": "P335002.2.3",
"inst": "manê[a unit of weight]N",
"sig": "@saao/saa14%akk-x-neoass:MA.NA=manû[unit//a unit of weight]N'N$manê",
"f": {"lang": "akk-x-neoass",
"form": "MA.NA",
"cf": "manû",
"gw": "unit",
"sense": "a unit of weight",
"norm": "manê",
"pos": "N",
"epos": "N"}
}
,
{
"node": "l",
"frag": "03-su",
"id": "P335002.l03629",
"ref": "P335002.2.4",
"inst": "šalussu[third]NU",
"sig": "@saao/saa14%akk-x-neoass:03-su=šalšu[third//third]NU'NU$šalussu",
"f": {"lang": "akk-x-neoass",
"form": "03-su",
"cf": "šalšu",
"gw": "third",
"sense": "third",
"norm": "šalussu",
"pos": "NU",
"epos": "NU"}
}
,
{
"node": "l",
"frag": "KUG.UD",
"id": "P335002.l0362a",
"ref": "P335002.2.5",
"inst": "ṣarpi[silver]N",
"sig": "@saao/saa14%akk-x-neoass:KUG.UD=ṣarpu[silver//silver]N'N$ṣarpi",
"f": {"lang": "akk-x-neoass",
"form": "KUG.UD",
"cf": "ṣarpu",
"gw": "silver",
"sense": "silver",
"norm": "ṣarpi",
"pos": "N",
"epos": "N"}
}
,
{
"node": "l",
"frag": "SAG-MEŠ",
"id": "P335002.l0362b",
"ref": "P335002.2.6",
"inst": "rēštu[beginning//first-fruits]N$rēšāti",
"sig": "@saao/saa14%akk-x-neoass:SAG-MEŠ=rēštu[beginning//first-fruits]N'N$rēšāti",
"f": {"lang": "akk-x-neoass",
"form": "SAG-MEŠ",
"cf": "rēštu",
"gw": "beginning",
"sense": "first-fruits",
"norm": "rēšāti",
"pos": "N",
"epos": "N"}
}
,
{
"node": "d",
"type": "line-start",
"ref": "P335002.3",
"n": "2",
"label": "o 2"}
,
{
"node": "l",
"frag": "ša",
"id": "P335002.l0362c",
"ref": "P335002.3.1",
"inst": "ša[of]DET",
"sig": "@saao/saa14%akk-x-neoass:ša=ša[of//of]DET'DET$ša",
"f": {"lang": "akk-x-neoass",
"form": "ša",
"cf": "ša",
"gw": "of",
"sense": "of",
"norm": "ša",
"pos": "DET",
"epos": "DET"}
}
,
{
"node": "l",
"frag": "{d}15",
"id": "P335002.l0362d",
"ref": "P335002.3.2",
"inst": "Issar[1]DN",
"sig": "@saao/saa14%akk-x-neoass:{d}15=Ištar[1//1]DN'DN$Issar",
"f": {"lang": "akk-x-neoass",
"form": "{d}15",
"cf": "Ištar",
"gw": "1",
"sense": "1",
"norm": "Issar",
"pos": "DN",
"epos": "DN"}
}
,
{
"node": "l",
"frag": "ša",
"id": "P335002.l0362e",
"ref": "P335002.3.3",
"inst": "ša[of]DET",
"sig": "@saao/saa14%akk-x-neoass:ša=ša[of//of]DET'DET$ša",
"f": {"lang": "akk-x-neoass",
"form": "ša",
"cf": "ša",
"gw": "of",
"sense": "of",
"norm": "ša",
"pos": "DET",
"epos": "DET"}
}
,
{
"node": "l",
"frag": "{uru}arba-il₃",
"id": "P335002.l0362f",
"ref": "P335002.3.4",
"inst": "Arbail[Arbela]GN",
"sig": "@saao/saa14%akk-x-neoass:{URU}arba-il₃=Arbail[Arbela//Arbela]GN'GN$Arbail",
"f": {"lang": "akk-x-neoass",
"form": "{URU}arba-il₃",
"cf": "Arbail",
"gw": "Arbela",
"sense": "Arbela",
"norm": "Arbail",
"pos": "GN",
"epos": "GN"}
}
,
{
"node": "l",
"frag": "ša₂",
"id": "P335002.l03630",
"ref": "P335002.3.5",
"inst": "ša[of]DET",
"sig": "@saao/saa14%akk-x-neoass:ša₂=ša[of//of]DET'DET$ša",
"f": {"lang": "akk-x-neoass",
"form": "ša₂",
"cf": "ša",
"gw": "of",
"sense": "of",
"norm": "ša",
"pos": "DET",
"epos": "DET"}
}
,
{
"node": "l",
"frag": "{1}LAL-APIN-eš",
"id": "P335002.l03631",
"ref": "P335002.3.6",
"inst": "Tuqunu-ereš[1]PN$",
"sig": "@saao/saa14%akk-x-neoass:{1}LAL-APIN-eš=Tuqunu-ereš[1//1]PN'PN$Tuqunu-ereš",
"f": {"lang": "akk-x-neoass",
"form": "{1}LAL-APIN-eš",
"cf": "Tuqunu-ereš",
"gw": "1",
"sense": "1",
"norm": "Tuqunu-ereš",
"pos": "PN",
"epos": "PN"}
}
,
{
"node": "l",
"frag": "{lu₂v}SIMUG",
"id": "P335002.l03632",
"ref": "P335002.3.7",
"inst": "nappāhu[smith]N",
"sig": "@saao/saa14%akk-x-neoass:{LU₂}SIMUG=nappāhu[smith//smith]N'N$nappāhu",
"f": {"lang": "akk-x-neoass",
"form": "{LU₂}SIMUG",
"cf": "nappāhu",
"gw": "smith",
"sense": "smith",
"norm": "nappāhu",
"pos": "N",
"epos": "N"}
}
,
{
"node": "d",
"type": "line-start",
"ref": "P335002.4",
"n": "3",
"label": "o 3"}
,
{
"node": "l",
"frag": "ina",
"id": "P335002.l03633",
"ref": "P335002.4.1",
"inst": "ina[in+=at the disposal of]PRP",
"sig": "@saao/saa14%akk-x-neoass:ina=ina[in//in]PRP'PRP$ina",
"f": {"lang": "akk-x-neoass",
"form": "ina",
"cf": "ina",
"gw": "in",
"sense": "in",
"norm": "ina",
"pos": "PRP",
"epos": "PRP"}
}
,
{
"node": "l",
"frag": "IGI",
"id": "P335002.l03634",
"ref": "P335002.4.2",
"inst": "pān[front]N",
"sig": "@saao/saa14%akk-x-neoass:IGI=pānu[front//front]N'N$pān",
"f": {"lang": "akk-x-neoass",
"form": "IGI",
"cf": "pānu",
"gw": "front",
"sense": "front",
"norm": "pān",
"pos": "N",
"epos": "N"}
}
,
{
"node": "l",
"frag": "{1}gir₂-te",
"id": "P335002.l03635",
"ref": "P335002.4.3",
"inst": "Girte[1]PN",
"sig": "@saao/saa14%akk-x-neoass:{1}gir₂-te=Giritu[1//1]PN'PN$Girte",
"f": {"lang": "akk-x-neoass",
"form": "{1}gir₂-te",
"cf": "Giritu",
"gw": "1",
"sense": "1",
"norm": "Girte",
"pos": "PN",
"epos": "PN"}
}
,
{
"node": "c",
"type": "phrase",
"tag": "phr",
"id": "P335002.U4",
"ref": "P335002.ls00000",
"cdl": [
{
"node": "l",
"frag": "{lu₂v}NAGAR-{giš}mu-gir₂-ri",
"id": "P335002.l03636",
"ref": "P335002.4.4",
"cof-tails": "P335002.l03637",
"inst": "nagāru[joiner]N$naggār&mugerru[chariot]N$mugirri",
"sig": "@saao/saa14%akk-x-neoass:{LU₂}NAGAR-{GIŠ}mu-gir₂-ri=nagāru[joiner//joiner]N'N$naggār&&@saao%akk-x-neoass:=mugerru[chariot//chariot]N'N$mugirri",
"f": {"lang": "akk-x-neoass",
"form": "{LU₂}NAGAR-{GIŠ}mu-gir₂-ri",
"cf": "nagāru",
"gw": "joiner",
"sense": "joiner",
"norm": "naggār",
"pos": "N",
"epos": "N"}
}
,
{
"node": "l",
"frag": "{lu₂v}NAGAR-{giš}mu-gir₂-ri",
"id": "P335002.l03637",
"ref": "P335002.4.4",
"cof-head": "P335002.l03636",
"inst": "nagāru[joiner]N$naggār&mugerru[chariot]N$mugirri",
"tail-sig": "@saao%akk-x-neoass:=mugerru[chariot//chariot]N'N$mugirri",
"f": {"lang": "akk-x-neoass",
"form": "{LU₂}NAGAR-{GIŠ}mu-gir₂-ri",
"cf": "mugerru",
"gw": "chariot",
"sense": "chariot",
"norm": "mugirri",
"pos": "N",
"epos": "N"}
}
]}
,
{
"node": "d",
"type": "line-start",
"ref": "P335002.5",
"n": "4",
"label": "o 4"}
,
{
"node": "l",
"frag": "ina",
"id": "P335002.l03638",
"ref": "P335002.5.1",
"inst": "ina[in+=as a loan]PRP$",
"sig": "@saao/saa14%akk-x-neoass:ina=ina[in//in]PRP'PRP$ina",
"f": {"lang": "akk-x-neoass",
"form": "ina",
"cf": "ina",
"gw": "in",
"sense": "in",
"norm": "ina",
"pos": "PRP",
"epos": "PRP"}
}
,
{
"node": "l",
"frag": "pu-u₂-hi",
"id": "P335002.l03639",
"ref": "P335002.5.2",
"inst": "pūhu[exchange]N$pūhi",
"sig": "@saao/saa14%akk-x-neoass:pu-u₂-hi=pūhu[exchange//exchange]N'N$pūhi",
"f": {"lang": "akk-x-neoass",
"form": "pu-u₂-hi",
"cf": "pūhu",
"gw": "exchange",
"sense": "exchange",
"norm": "pūhi",
"pos": "N",
"epos": "N"}
}
,
{
"node": "l",
"frag": "it-ti-ši",
"id": "P335002.l0363a",
"ref": "P335002.5.3",
"inst": "ittiši[take]V",
"sig": "@saao/saa14%akk-x-neoass:it-ti-ši=našû[lift//take]V'V$ittiši",
"f": {"lang": "akk-x-neoass",
"form": "it-ti-ši",
"cf": "našû",
"gw": "lift",
"sense": "take",
"norm": "ittiši",
"pos": "V",
"epos": "V"}
}
,
{
"node": "l",
"frag": "ina",
"id": "P335002.l0363b",
"ref": "P335002.5.4",
"inst": "ina[in]PRP",
"sig": "@saao/saa14%akk-x-neoass:ina=ina[in//in]PRP'PRP$ina",
"f": {"lang": "akk-x-neoass",
"form": "ina",
"cf": "ina",
"gw": "in",
"sense": "in",
"norm": "ina",
"pos": "PRP",
"epos": "PRP"}
}
,
{
"node": "l",
"frag": "{iti}APIN",
"id": "P335002.l0363c",
"ref": "P335002.5.5",
"inst": "Arahsamni[Marchesvan]MN",
"sig": "@saao/saa14%akk-x-neoass:{ITI}APIN=Arahsamnu[Marchesvan//Marchesvan]MN'MN$Arahsamni",
"f": {"lang": "akk-x-neoass",
"form": "{ITI}APIN",
"cf": "Arahsamnu",
"gw": "Marchesvan",
"sense": "Marchesvan",
"norm": "Arahsamni",
"pos": "MN",
"epos": "MN"}
}
,
{
"node": "l",
"frag": "id-dan",
"id": "P335002.l0363d",
"ref": "P335002.5.6",
"inst": "iddan[pay]V",
"sig": "@saao/saa14%akk-x-neoass:id-dan=tadānu[give//pay]V'V$iddan",
"f": {"lang": "akk-x-neoass",
"form": "id-dan",
"cf": "tadānu",
"gw": "give",
"sense": "pay",
"norm": "iddan",
"pos": "V",
"epos": "V"}
}
,
{
"node": "d",
"type": "line-start",
"ref": "P335002.6",
"n": "5",
"label": "o 5"}
,
{
"node": "l",
"frag": "šum-ma",
"id": "P335002.l0363e",
"ref": "P335002.6.1",
"inst": "šumma[if]MOD",
"sig": "@saao/saa14%akk-x-neoass:šum-ma=šumma[if//if]MOD'MOD$šumma",
"f": {"lang": "akk-x-neoass",
"form": "šum-ma",
"cf": "šumma",
"gw": "if",
"sense": "if",
"norm": "šumma",
"pos": "MOD",
"epos": "MOD"}
}
,
{
"node": "l",
"frag": "ina",
"id": "P335002.l0363f",
"ref": "P335002.6.2",
"inst": "ina[in]PRP",
"sig": "@saao/saa14%akk-x-neoass:ina=ina[in//in]PRP'PRP$ina",
"f": {"lang": "akk-x-neoass",
"form": "ina",
"cf": "ina",
"gw": "in",
"sense": "in",
"norm": "ina",
"pos": "PRP",
"epos": "PRP"}
}
,
{
"node": "l",
"frag": "{iti}APIN",
"id": "P335002.l03640",
"ref": "P335002.6.3",
"inst": "Arahsamni[Marchesvan]MN",
"sig": "@saao/saa14%akk-x-neoass:{ITI}APIN=Arahsamnu[Marchesvan//Marchesvan]MN'MN$Arahsamni",
"f": {"lang": "akk-x-neoass",
"form": "{ITI}APIN",
"cf": "Arahsamnu",
"gw": "Marchesvan",
"sense": "Marchesvan",
"norm": "Arahsamni",
"pos": "MN",
"epos": "MN"}
}
,
{
"node": "l",
"frag": "la",
"id": "P335002.l03641",
"ref": "P335002.6.4",
"inst": "lā[not]MOD",
"sig": "@saao/saa14%akk-x-neoass:la=lā[not//not]MOD'MOD$lā",
"f": {"lang": "akk-x-neoass",
"form": "la",
"cf": "lā",
"gw": "not",
"sense": "not",
"norm": "lā",
"pos": "MOD",
"epos": "MOD"}
}
,
{
"node": "l",
"frag": "id-din",
"id": "P335002.l03642",
"ref": "P335002.6.5",
"inst": "iddin[pay]V",
"sig": "@saao/saa14%akk-x-neoass:id-din=tadānu[give//pay]V'V$iddin",
"f": {"lang": "akk-x-neoass",
"form": "id-din",
"cf": "tadānu",
"gw": "give",
"sense": "pay",
"norm": "iddin",
"pos": "V",
"epos": "V"}
}
,
{
"node": "l",
"frag": "KUG.UD",
"id": "P335002.l03643",
"ref": "P335002.6.6",
"inst": "ṣarpi[silver]N",
"sig": "@saao/saa14%akk-x-neoass:KUG.UD=ṣarpu[silver//silver]N'N$ṣarpi",
"f": {"lang": "akk-x-neoass",
"form": "KUG.UD",
"cf": "ṣarpu",
"gw": "silver",
"sense": "silver",
"norm": "ṣarpi",
"pos": "N",
"epos": "N"}
}
,
{
"node": "l",
"frag": "a-na",
"id": "P335002.l03644",
"ref": "P335002.6.7",
"inst": "ana[by]PRP",
"sig": "@saao/saa14%akk-x-neoass:a-na=ana[to//by]PRP'PRP$ana",
"f": {"lang": "akk-x-neoass",
"form": "a-na",
"cf": "ana",
"gw": "to",
"sense": "by",
"norm": "ana",
"pos": "PRP",
"epos": "PRP"}
}
,
{
"node": "l",
"frag": "05",
"id": "P335002.l03645",
"ref": "P335002.6.8",
"inst": "n",
"f": {"lang": "akk-x-neoass",
"form": "05",
"pos": "n"}
}
,
{
"node": "l",
"frag": "GIN₂-šu₂",
"id": "P335002.l03646",
"ref": "P335002.6.9",
"inst": "šiqilšu[a unit of weight]N",
"sig": "@saao/saa14%akk-x-neoass:GIN₂-šu₂=šiqlu[unit//a unit of weight]N'N$šiqilšu",
"f": {"lang": "akk-x-neoass",
"form": "GIN₂-šu₂",
"cf": "šiqlu",
"gw": "unit",
"sense": "a unit of weight",
"norm": "šiqilšu",
"pos": "N",
"epos": "N"}
}
,
{
"node": "l",
"frag": "i-rab-bi",
"id": "P335002.l03647",
"ref": "P335002.6.10",
"inst": "irabbi[increase]V",
"sig": "@saao/saa14%akk-x-neoass:i-rab-bi=rabû[to be big//increase]V'V$irabbi",
"f": {"lang": "akk-x-neoass",
"form": "i-rab-bi",
"cf": "rabû",
"gw": "to be big",
"sense": "increase",
"norm": "irabbi",
"pos": "V",
"epos": "V"}
}
,
{
"node": "d",
"type": "nonx",
"ref": "P335002.7",
"strict": "1",
"extent": "n",
"scope": "line",
"state": "ruling"}
,
{
"node": "d",
"type": "line-start",
"ref": "P335002.8",
"n": "6",
"label": "o 6"}
,
{
"node": "l",
"frag": "IGI",
"id": "P335002.l03648",
"ref": "P335002.8.1",
"inst": "šību[witness]N",
"sig": "@saao/saa14%akk-x-neoass:IGI=šību[witness//witness]N'N$šību",
"f": {"lang": "akk-x-neoass",
"form": "IGI",
"cf": "šību",
"gw": "witness",
"sense": "witness",
"norm": "šību",
"pos": "N",
"epos": "N"}
}
,
{
"node": "l",
"frag": "{1}la-te-ga-ana-{d}15",
"id": "P335002.l03649",
"ref": "P335002.8.2",
"inst": "La-teggi-ana-Issar[1]PN$",
"sig": "@saao/saa14%akk-x-neoass:{1}la-te-ga-ana-{d}15=La-teggi-ana-Issar[1//1]PN'PN$La-teggi-ana-Issar",
"f": {"lang": "akk-x-neoass",
"form": "{1}la-te-ga-ana-{d}15",
"cf": "La-teggi-ana-Issar",
"gw": "1",
"sense": "1",
"norm": "La-teggi-ana-Issar",
"pos": "PN",
"epos": "PN"}
}
,
{
"node": "l",
"frag": "{lu₂v}03.U₅",
"id": "P335002.l0364a",
"ref": "P335002.8.3",
"inst": "tašlīšu[third man on chariot]N",
"sig": "@saao/saa14%akk-x-neoass:{LU₂}03.U₅=tašlīšu[third man on chariot//third man on chariot]N'N$tašlīšu",
"f": {"lang": "akk-x-neoass",
"form": "{LU₂}03.U₅",
"cf": "tašlīšu",
"gw": "third man on chariot",
"sense": "third man on chariot",
"norm": "tašlīšu",
"pos": "N",
"epos": "N"}
}
,
{
"node": "l",
"frag": "{uru}ŠA₃-URU-a.a",
"id": "P335002.l0364b",
"ref": "P335002.8.4",
"inst": "Libbalaya[from Assur]EN",
"sig": "@saao/saa14%akk-x-neoass:{URU}ŠA₃-URU-a.a=Libbalaya[from Assur//from Assur]EN'EN$Libbalaya",
"f": {"lang": "akk-x-neoass",
"form": "{URU}ŠA₃-URU-a.a",
"cf": "Libbalaya",
"gw": "from Assur",
"sense": "from Assur",
"norm": "Libbalaya",
"pos": "EN",
"epos": "EN"}
}
,
{
"node": "d",
"type": "line-start",
"ref": "P335002.9",
"n": "7",
"label": "o 7"}
,
{
"node": "l",
"frag": "IGI",
"id": "P335002.l0364c",
"ref": "P335002.9.1",
"inst": "šību[witness]N",
"sig": "@saao/saa14%akk-x-neoass:IGI=šību[witness//witness]N'N$šību",
"f": {"lang": "akk-x-neoass",
"form": "IGI",
"cf": "šību",
"gw": "witness",
"sense": "witness",
"norm": "šību",
"pos": "N",
"epos": "N"}
}
,
{
"node": "l",
"frag": "{1}da-du-su",
"id": "P335002.l0364d",
"ref": "P335002.9.2",
"inst": "Dadusu[1]PN",
"sig": "@saao/saa14%akk-x-neoass:{1}da-du-su=Dadusu[1//1]PN'PN$Dadusu",
"f": {"lang": "akk-x-neoass",
"form": "{1}da-du-su",
"cf": "Dadusu",
"gw": "1",
"sense": "1",
"norm": "Dadusu",
"pos": "PN",
"epos": "PN"}
}
,
{
"node": "l",
"frag": "{lu₂v}DAM.QAR",
"id": "P335002.l0364e",
"ref": "P335002.9.3",
"inst": "tankāru[merchant]N",
"sig": "@saao/saa14%akk-x-neoass:{LU₂}DAM.QAR=tamkāru[merchant//merchant]N'N$tankāru",
"f": {"lang": "akk-x-neoass",
"form": "{LU₂}DAM.QAR",
"cf": "tamkāru",
"gw": "merchant",
"sense": "merchant",
"norm": "tankāru",
"pos": "N",
"epos": "N"}
}
,
{
"node": "l",
"frag": "{uru}kal₃-zi-a.a",
"id": "P335002.l0364f",
"ref": "P335002.9.4",
"inst": "Kilizaya[from Kilizi]GN$Kalziaya",
"sig": "@saao/saa14%akk-x-neoass:{URU}kal₃-zi-a.a=Kilizaya[from Kilizi//from Kilizi]GN'GN$Kalziaya",
"f": {"lang": "akk-x-neoass",
"form": "{URU}kal₃-zi-a.a",
"cf": "Kilizaya",
"gw": "from Kilizi",
"sense": "from Kilizi",
"norm": "Kalziaya",
"pos": "GN",
"epos": "GN"}
}
,
{
"node": "d",
"type": "line-start",
"ref": "P335002.10",
"n": "8",
"label": "o 8"}
,
{
"node": "l",
"frag": "IGI",
"id": "P335002.l03650",
"ref": "P335002.10.1",
"inst": "šību[witness]N",
"sig": "@saao/saa14%akk-x-neoass:IGI=šību[witness//witness]N'N$šību",
"f": {"lang": "akk-x-neoass",
"form": "IGI",
"cf": "šību",
"gw": "witness",
"sense": "witness",
"norm": "šību",
"pos": "N",
"epos": "N"}
}
,
{
"node": "l",
"frag": "{1}{d}PA-KI-ia",
"id": "P335002.l03651",
"ref": "P335002.10.2",
"inst": "Nabu-isseʾa[1]PN$",
"sig": "@saao/saa14%akk-x-neoass:{1}{d}PA-KI-ia=Nabu-isseʾa[1//1]PN'PN$Nabu-isseʾa",
"f": {"lang": "akk-x-neoass",
"form": "{1}{d}PA-KI-ia",
"cf": "Nabu-isseʾa",
"gw": "1",
"sense": "1",
"norm": "Nabu-isseʾa",
"pos": "PN",
"epos": "PN"}
}
,
{
"node": "l",
"frag": "{lu₂v}I₃.DU₈",
"id": "P335002.l03652",
"ref": "P335002.10.3",
"inst": "atû[gatekeeper]N",
"sig": "@saao/saa14%akk-x-neoass:{LU₂}I₃.DU₈=atû[gatekeeper//gatekeeper]N'N$atû",
"f": {"lang": "akk-x-neoass",
"form": "{LU₂}I₃.DU₈",
"cf": "atû",
"gw": "gatekeeper",
"sense": "gatekeeper",
"norm": "atû",
"pos": "N",
"epos": "N"}
}
,
{
"node": "l",
"frag": "ša",
"id": "P335002.l03653",
"ref": "P335002.10.4",
"inst": "ša[of]DET",
"sig": "@saao/saa14%akk-x-neoass:ša=ša[of//of]DET'DET$ša",
"f": {"lang": "akk-x-neoass",
"form": "ša",
"cf": "ša",
"gw": "of",
"sense": "of",
"norm": "ša",
"pos": "DET",
"epos": "DET"}
}
,
{
"node": "c",
"type": "phrase",
"tag": "phr",
"id": "P335002.U5",
"ref": "P335002.ls00001",
"cdl": [
{
"node": "l",
"frag": "E₂.GAL-GIBIL",
"id": "P335002.l03654",
"ref": "P335002.10.5",
"cof-tails": "P335002.l03655",
"inst": "ēkallu[palace]N$&eššu[new]AJ$",
"sig": "@saao/saa14%akk-x-neoass:E₂.GAL-GIBIL=ēkallu[palace//palace]N'N$ēkallu&&@saao%akk-x-neoass:=eššu[new//new]AJ'AJ$eššu",
"f": {"lang": "akk-x-neoass",
"form": "E₂.GAL-GIBIL",
"cf": "ēkallu",
"gw": "palace",
"sense": "palace",
"norm": "ēkallu",
"pos": "N",
"epos": "N"}
}
,
{
"node": "l",
"frag": "E₂.GAL-GIBIL",
"id": "P335002.l03655",
"ref": "P335002.10.5",
"cof-head": "P335002.l03654",
"inst": "ēkallu[palace]N$&eššu[new]AJ$",
"tail-sig": "@saao%akk-x-neoass:=eššu[new//new]AJ'AJ$eššu",
"f": {"lang": "akk-x-neoass",
"form": "E₂.GAL-GIBIL",
"cf": "eššu",
"gw": "new",
"sense": "new",
"norm": "eššu",
"pos": "AJ",
"epos": "AJ"}
}
]}
,
{
"node": "d",
"type": "line-start",
"ref": "P335002.11",
"n": "9",
"label": "o 9"}
,
{
"node": "l",
"frag": "IGI",
"id": "P335002.l03656",
"ref": "P335002.11.1",
"inst": "šību[witness]N",
"sig": "@saao/saa14%akk-x-neoass:IGI=šību[witness//witness]N'N$šību",
"f": {"lang": "akk-x-neoass",
"form": "IGI",
"cf": "šību",
"gw": "witness",
"sense": "witness",
"norm": "šību",
"pos": "N",
"epos": "N"}
}
,
{
"node": "l",
"frag": "{1}PAB-la-rim",
"id": "P335002.l03657",
"ref": "P335002.11.2",
"inst": "Ahi-larim[1]PN$",
"sig": "@saao/saa14%akk-x-neoass:{1}PAB-la-rim=Ahi-larim[1//1]PN'PN$Ahi-larim",
"f": {"lang": "akk-x-neoass",
"form": "{1}PAB-la-rim",
"cf": "Ahi-larim",
"gw": "1",
"sense": "1",
"norm": "Ahi-larim",
"pos": "PN",
"epos": "PN"}
}
,
{
"node": "l",
"frag": "{lu₂v}I₃.DU₈",
"id": "P335002.l03658",
"ref": "P335002.11.3",
"inst": "atû[gatekeeper]N",
"sig": "@saao/saa14%akk-x-neoass:{LU₂}I₃.DU₈=atû[gatekeeper//gatekeeper]N'N$atû",
"f": {"lang": "akk-x-neoass",
"form": "{LU₂}I₃.DU₈",
"cf": "atû",
"gw": "gatekeeper",
"sense": "gatekeeper",
"norm": "atû",
"pos": "N",
"epos": "N"}
}
,
{
"node": "l",
"frag": "ša",
"id": "P335002.l03659",
"ref": "P335002.11.4",
"inst": "ša[of]DET",
"sig": "@saao/saa14%akk-x-neoass:ša=ša[of//of]DET'DET$ša",
"f": {"lang": "akk-x-neoass",
"form": "ša",
"cf": "ša",
"gw": "of",
"sense": "of",
"norm": "ša",
"pos": "DET",
"epos": "DET"}
}
,
{
"node": "c",
"type": "phrase",
"tag": "phr",
"id": "P335002.U6",
"ref": "P335002.ls00002",
"cdl": [
{
"node": "l",
"frag": "E₂-{d}MAŠ",
"id": "P335002.l0365a",
"ref": "P335002.11.5",
"cof-tails": "P335002.l0365b",
"inst": "bītu[house]N$bēt&Inurta[1]DN$",
"sig": "@saao/saa14%akk-x-neoass:E₂-{d}MAŠ=bītu[house//house]N'N$bēt&&@saao%akk-x-neoass:=Inurta[1//1]DN'DN$Inurta",
"f": {"lang": "akk-x-neoass",
"form": "E₂-{d}MAŠ",
"cf": "bītu",
"gw": "house",
"sense": "house",
"norm": "bēt",
"pos": "N",
"epos": "N"}
}
,
{
"node": "l",
"frag": "E₂-{d}MAŠ",
"id": "P335002.l0365b",
"ref": "P335002.11.5",
"cof-head": "P335002.l0365a",
"inst": "bītu[house]N$bēt&Inurta[1]DN$",
"tail-sig": "@saao%akk-x-neoass:=Inurta[1//1]DN'DN$Inurta",
"f": {"lang": "akk-x-neoass",
"form": "E₂-{d}MAŠ",
"cf": "Inurta",
"gw": "1",
"sense": "1",
"norm": "Inurta",
"pos": "DN",
"epos": "DN"}
}
]}
,
{
"node": "d",
"type": "line-start",
"ref": "P335002.12",
"n": "10",
"label": "o 10"}
,
{
"node": "l",
"frag": "IGI",
"id": "P335002.l0365c",
"ref": "P335002.12.1",
"inst": "šību[witness]N",
"sig": "@saao/saa14%akk-x-neoass:IGI=šību[witness//witness]N'N$šību",
"f": {"lang": "akk-x-neoass",
"form": "IGI",
"cf": "šību",
"gw": "witness",
"sense": "witness",
"norm": "šību",
"pos": "N",
"epos": "N"}
}
,
{
"node": "l",
"frag": "{1}PA-NIG₂.GUB-PAB",
"id": "P335002.l0365d",
"ref": "P335002.12.2",
"inst": "+Nabu-kudurri-uṣur[1]PN$",
"sig": "@saao/saa14%akk-x-neoass:{1}PA-NIG₂.GUB-PAB=Nabu-kudurri-uṣur[1//1]PN'PN$Nabu-kudurri-uṣur",
"f": {"lang": "akk-x-neoass",
"form": "{1}PA-NIG₂.GUB-PAB",
"cf": "Nabu-kudurri-uṣur",
"gw": "1",
"sense": "1",
"norm": "Nabu-kudurri-uṣur",
"pos": "PN",
"epos": "PN"}
}
,
{
"node": "l",
"frag": "{lu₂v}I₃.DU₈",
"id": "P335002.l0365e",
"ref": "P335002.12.3",
"inst": "atû[gatekeeper]N",
"sig": "@saao/saa14%akk-x-neoass:{LU₂}I₃.DU₈=atû[gatekeeper//gatekeeper]N'N$atû",
"f": {"lang": "akk-x-neoass",
"form": "{LU₂}I₃.DU₈",
"cf": "atû",
"gw": "gatekeeper",
"sense": "gatekeeper",
"norm": "atû",
"pos": "N",
"epos": "N"}
}
,
{
"node": "l",
"frag": "ša",
"id": "P335002.l0365f",
"ref": "P335002.12.4",
"inst": "ša[of]DET",
"sig": "@saao/saa14%akk-x-neoass:ša=ša[of//of]DET'DET$ša",
"f": {"lang": "akk-x-neoass",
"form": "ša",
"cf": "ša",
"gw": "of",
"sense": "of",
"norm": "ša",
"pos": "DET",
"epos": "DET"}
}
,
{
"node": "l",
"frag": "{lu₂v}tur-ta-nu",
"id": "P335002.l03660",
"ref": "P335002.12.5",
"inst": "turtānu[commander-in-chief]N",
"sig": "@saao/saa14%akk-x-neoass:{LU₂}tur-ta-nu=tartānu[second in command//commander-in-chief]N'N$turtānu",
"f": {"lang": "akk-x-neoass",
"form": "{LU₂}tur-ta-nu",
"cf": "tartānu",
"gw": "second in command",
"sense": "commander-in-chief",
"norm": "turtānu",
"pos": "N",
"epos": "N"}
}
,
{
"node": "d",
"type": "line-start",
"ref": "P335002.13",
"n": "11",
"label": "o 11"}
,
{
"node": "l",
"frag": "IGI",
"id": "P335002.l03661",
"ref": "P335002.13.1",
"inst": "šību[witness]N",
"sig": "@saao/saa14%akk-x-neoass:IGI=šību[witness//witness]N'N$šību",
"f": {"lang": "akk-x-neoass",
"form": "IGI",
"cf": "šību",
"gw": "witness",
"sense": "witness",
"norm": "šību",
"pos": "N",
"epos": "N"}
}
,
{
"node": "l",
"frag": "{1}{d}PA-ŠU.2-DIB",
"id": "P335002.l03662",
"ref": "P335002.13.2",
"inst": "Nabu-qati-ṣabat[1]PN$",
"sig": "@saao/saa14%akk-x-neoass:{1}{d}PA-ŠU.2-DIB=Nabu-qati-ṣabat[1//1]PN'PN$Nabu-qati-ṣabat",
"f": {"lang": "akk-x-neoass",
"form": "{1}{d}PA-ŠU.2-DIB",
"cf": "Nabu-qati-ṣabat",
"gw": "1",
"sense": "1",
"norm": "Nabu-qati-ṣabat",
"pos": "PN",
"epos": "PN"}
}
,
{
"node": "l",
"frag": "{lu₂v}qur-ZAG",
"id": "P335002.l03663",
"ref": "P335002.13.3",
"inst": "ša-qurbūti[(royal) confidant]N",
"sig": "@saao/saa14%akk-x-neoass:{LU₂}qur-ZAG=ša-qurbūti[close follower//(royal) confidant]N'N$ša-qurbūti",
"f": {"lang": "akk-x-neoass",
"form": "{LU₂}qur-ZAG",
"cf": "ša-qurbūti",
"gw": "close follower",
"sense": "(royal) confidant",
"norm": "ša-qurbūti",
"pos": "N",
"epos": "N"}
}
,
{
"node": "l",
"frag": "{uru}KASKAL-⸢a⸣-a",
"id": "P335002.l03664",
"ref": "P335002.13.4",
"inst": "Harranaya[from Harran]EN$",
"sig": "@saao/saa14%akk-x-neoass:{URU}KASKAL-a-a=Harranaya[from Harran//from Harran]EN'EN$Harranaya",
"f": {"lang": "akk-x-neoass",
"form": "{URU}KASKAL-a-a",
"cf": "Harranaya",
"gw": "from Harran",
"sense": "from Harran",
"norm": "Harranaya",
"pos": "EN",
"epos": "EN"}
}
,
{
"node": "d",
"subtype": "reverse",
"type": "surface",
"ref": "P335002.r.14",
"type": "reverse",
"label": "r"}
,
{
"node": "d",
"type": "line-start",
"ref": "P335002.15",
"n": "1",
"label": "r 1"}
,
{
"node": "l",
"frag": "IGI",
"id": "P335002.l03665",
"ref": "P335002.15.1",
"inst": "šību[witness]N",
"sig": "@saao/saa14%akk-x-neoass:IGI=šību[witness//witness]N'N$šību",
"f": {"lang": "akk-x-neoass",
"form": "IGI",
"cf": "šību",
"gw": "witness",
"sense": "witness",
"norm": "šību",
"pos": "N",
"epos": "N"}
}
,
{
"node": "l",
"frag": "{1}EN-KASKAL-KI-ia",
"id": "P335002.l03666",
"ref": "P335002.15.2",
"inst": "Bel-Harran-issiʾa[1]PN",
"sig": "@saao/saa14%akk-x-neoass:{1}EN-KASKAL-KI-ia=Bel-Harran-isseʾa[1//1]PN'PN$Bel-Harran-issiʾa",
"f": {"lang": "akk-x-neoass",
"form": "{1}EN-KASKAL-KI-ia",
"cf": "Bel-Harran-isseʾa",
"gw": "1",
"sense": "1",
"norm": "Bel-Harran-issiʾa",
"pos": "PN",
"epos": "PN"}
}
,
{
"node": "l",
"frag": "{lu₂v}A-SIG",
"id": "P335002.l03667",
"ref": "P335002.15.3",
"cof-tails": "P335002.l03668",
"inst": "māru[son]N$mār&damqu[good]AJ$damqi",
"sig": "@saao/saa14%akk-x-neoass:{LU₂}A-SIG=māru[son//son]N'N$mār&&@saao%akk-x-neoass:=damqu[good//good]AJ'AJ$damqi",
"f": {"lang": "akk-x-neoass",
"form": "{LU₂}A-SIG",
"cf": "māru",
"gw": "son",
"sense": "son",
"norm": "mār",
"pos": "N",
"epos": "N"}
}
,
{
"node": "l",
"frag": "{lu₂v}A-SIG",
"id": "P335002.l03668",
"ref": "P335002.15.3",
"cof-head": "P335002.l03667",
"inst": "māru[son]N$mār&damqu[good]AJ$damqi",
"tail-sig": "@saao%akk-x-neoass:=damqu[good//good]AJ'AJ$damqi",
"f": {"lang": "akk-x-neoass",
"form": "{LU₂}A-SIG",
"cf": "damqu",
"gw": "good",
"sense": "good",
"norm": "damqi",
"pos": "AJ",
"epos": "AJ"}
}
,
{
"node": "l",
"frag": "ša",
"id": "P335002.l03669",
"ref": "P335002.15.4",
"inst": "ša[of]DET",
"sig": "@saao/saa14%akk-x-neoass:ša=ša[of//of]DET'DET$ša",
"f": {"lang": "akk-x-neoass",
"form": "ša",
"cf": "ša",
"gw": "of",
"sense": "of",
"norm": "ša",
"pos": "DET",
"epos": "DET"}
}
,
{
"node": "c",
"type": "phrase",
"tag": "phr",
"id": "P335002.U7",
"ref": "P335002.ls00003",
"cdl": [
{
"node": "l",
"frag": "GAŠAN-E₂",
"id": "P335002.l0366a",
"ref": "P335002.15.5",
"cof-tails": "P335002.l0366b",
"inst": "bēltu[lady]N$bēlat&bītu[house]N$bēti",
"sig": "@saao/saa14%akk-x-neoass:GAŠAN-E₂=bēltu[lady//lady]N'N$bēlat&&@saao%akk-x-neoass:=bītu[house//house]N'N$bēti",
"f": {"lang": "akk-x-neoass",
"form": "GAŠAN-E₂",
"cf": "bēltu",
"gw": "lady",
"sense": "lady",
"norm": "bēlat",
"pos": "N",
"epos": "N"}
}
,
{
"node": "l",
"frag": "GAŠAN-E₂",
"id": "P335002.l0366b",
"ref": "P335002.15.5",
"cof-head": "P335002.l0366a",
"inst": "bēltu[lady]N$bēlat&bītu[house]N$bēti",
"tail-sig": "@saao%akk-x-neoass:=bītu[house//house]N'N$bēti",
"f": {"lang": "akk-x-neoass",
"form": "GAŠAN-E₂",
"cf": "bītu",
"gw": "house",
"sense": "house",
"norm": "bēti",
"pos": "N",
"epos": "N"}
}
]}
,
{
"node": "d",
"type": "line-start",
"ref": "P335002.16",
"n": "2",
"label": "r 2"}
,
{
"node": "l",
"frag": "IGI",
"id": "P335002.l0366c",
"ref": "P335002.16.1",
"inst": "šību[witness]N",
"sig": "@saao/saa14%akk-x-neoass:IGI=šību[witness//witness]N'N$šību",
"f": {"lang": "akk-x-neoass",
"form": "IGI",
"cf": "šību",
"gw": "witness",
"sense": "witness",
"norm": "šību",
"pos": "N",
"epos": "N"}
}
,
{
"node": "l",
"frag": "{1}HE₂.NUN-a.a",
"id": "P335002.l0366d",
"ref": "P335002.16.2",
"inst": "Nuhšaya[1]PN",
"sig": "@saao/saa14%akk-x-neoass:{1}HE₂.NUN-a.a=Nuhšaya[1//1]PN'PN$Nuhšaya",
"f": {"lang": "akk-x-neoass",
"form": "{1}HE₂.NUN-a.a",
"cf": "Nuhšaya",
"gw": "1",
"sense": "1",
"norm": "Nuhšaya",
"pos": "PN",
"epos": "PN"}
}
,
{
"node": "l",
"frag": "{lu₂v}rak-su",
"id": "P335002.l0366e",
"ref": "P335002.16.3",
"inst": "raksu[conscript]N",
"sig": "@saao/saa14%akk-x-neoass:{LU₂}rak-su=raksu[recruit//conscript]N'N$raksu",
"f": {"lang": "akk-x-neoass",
"form": "{LU₂}rak-su",
"cf": "raksu",
"gw": "recruit",
"sense": "conscript",
"norm": "raksu",
"pos": "N",
"epos": "N"}
}
,
{
"node": "l",
"frag": "da-la-a-ni",
"id": "P335002.l0366f",
"ref": "P335002.16.4",
"inst": "u",
"f": {"lang": "akk-x-neoass",
"form": "da-la-a-ni",
"pos": "u"}
}
,
{
"node": "d",
"type": "line-start",
"ref": "P335002.17",
"n": "3",
"label": "r 3"}
,
{
"node": "l",
"frag": "IGI",
"id": "P335002.l03670",
"ref": "P335002.17.1",
"inst": "šību[witness]N",
"sig": "@saao/saa14%akk-x-neoass:IGI=šību[witness//witness]N'N$šību",
"f": {"lang": "akk-x-neoass",
"form": "IGI",
"cf": "šību",
"gw": "witness",
"sense": "witness",
"norm": "šību",
"pos": "N",
"epos": "N"}
}
,
{
"node": "l",
"frag": "{1}mu-qa-lil-IDIM",
"id": "P335002.l03671",
"ref": "P335002.17.2",
"inst": "Muqallil-kabti[1]PN",
"sig": "@saao/saa14%akk-x-neoass:{1}mu-qa-lil-IDIM=Muqallil-kabti[1//1]PN'PN$Muqallil-kabti",
"f": {"lang": "akk-x-neoass",
"form": "{1}mu-qa-lil-IDIM",
"cf": "Muqallil-kabti",
"gw": "1",
"sense": "1",
"norm": "Muqallil-kabti",
"pos": "PN",
"epos": "PN"}
}
,
{
"node": "l",
"frag": "{lu₂v}NAR",
"id": "P335002.l03672",
"ref": "P335002.17.3",
"inst": "nāru[singer]N",
"sig": "@saao/saa14%akk-x-neoass:{LU₂}NAR=nāru[musician//singer]N'N$nāru",
"f": {"lang": "akk-x-neoass",
"form": "{LU₂}NAR",
"cf": "nāru",
"gw": "musician",
"sense": "singer",
"norm": "nāru",
"pos": "N",
"epos": "N"}
}
,
{
"node": "l",
"frag": "aš-šur-a.a",
"id": "P335002.l03673",
"ref": "P335002.17.4",
"inst": "Aššuraya[Assyrian]EN",
"sig": "@saao/saa14%akk-x-neoass:aš-šur-a.a=Aššuraya[Assyrian//Assyrian]EN'EN$Aššuraya",
"f": {"lang": "akk-x-neoass",
"form": "aš-šur-a.a",
"cf": "Aššuraya",
"gw": "Assyrian",
"sense": "Assyrian",
"norm": "Aššuraya",
"pos": "EN",
"epos": "EN"}
}
,
{
"node": "d",
"type": "line-start",
"ref": "P335002.18",
"n": "4",
"label": "r 4"}
,
{
"node": "l",
"frag": "IGI",
"id": "P335002.l03674",
"ref": "P335002.18.1",
"inst": "šību[witness]N",
"sig": "@saao/saa14%akk-x-neoass:IGI=šību[witness//witness]N'N$šību",
"f": {"lang": "akk-x-neoass",
"form": "IGI",
"cf": "šību",
"gw": "witness",
"sense": "witness",
"norm": "šību",
"pos": "N",
"epos": "N"}
}
,
{
"node": "l",
"frag": "{1}BE-a-dur₂",
"id": "P335002.l03675",
"ref": "P335002.18.2",
"inst": "Miqtu-adur[1]PN$",
"sig": "@saao/saa14%akk-x-neoass:{1}BE-a-dur₂=Miqtu-adur[1//1]PN'PN$Miqtu-adur",
"f": {"lang": "akk-x-neoass",
"form": "{1}BE-a-dur₂",
"cf": "Miqtu-adur",
"gw": "1",
"sense": "1",
"norm": "Miqtu-adur",
"pos": "PN",
"epos": "PN"}
}
,
{
"node": "l",
"frag": "{lu₂v}še-lap-pa-a.a",
"id": "P335002.l03676",
"ref": "P335002.18.3",
"inst": "šelappāya[architect]N",
"sig": "@saao/saa14%akk-x-neoass:{LU₂}še-lap-pa-a.a=šeleppāyu[(a type of craftsman)//architect]N'N$šelappāya",
"f": {"lang": "akk-x-neoass",
"form": "{LU₂}še-lap-pa-a.a",
"cf": "šeleppāyu",
"gw": "(a type of craftsman)",
"sense": "architect",
"norm": "šelappāya",
"pos": "N",
"epos": "N"}
}
,
{
"node": "d",
"type": "line-start",
"ref": "P335002.19",
"n": "5",
"label": "r 5"}
,
{
"node": "l",
"frag": "IGI",
"id": "P335002.l03677",
"ref": "P335002.19.1",
"inst": "šību[witness]N",
"sig": "@saao/saa14%akk-x-neoass:IGI=šību[witness//witness]N'N$šību",
"f": {"lang": "akk-x-neoass",
"form": "IGI",
"cf": "šību",
"gw": "witness",
"sense": "witness",
"norm": "šību",
"pos": "N",
"epos": "N"}
}
,
{
"node": "l",
"frag": "{1}AD-NU-ZU",
"id": "P335002.l03678",
"ref": "P335002.19.2",
"inst": "Abu-ul-idi[1]PN",
"sig": "@saao/saa14%akk-x-neoass:{1}AD-NU-ZU=Abu-ul-idi[1//1]PN'PN$Abu-ul-idi",
"f": {"lang": "akk-x-neoass",
"form": "{1}AD-NU-ZU",
"cf": "Abu-ul-idi",
"gw": "1",
"sense": "1",
"norm": "Abu-ul-idi",
"pos": "PN",
"epos": "PN"}
}
,
{
"node": "l",
"frag": "{lu₂v}NINDA",
"id": "P335002.l03679",
"ref": "P335002.19.3",
"inst": "āpiu[baker]N",
"sig": "@saao/saa14%akk-x-neoass:{LU₂}NINDA=ēpû[baker//baker]N'N$āpiu",
"f": {"lang": "akk-x-neoass",
"form": "{LU₂}NINDA",
"cf": "ēpû",
"gw": "baker",
"sense": "baker",
"norm": "āpiu",
"pos": "N",
"epos": "N"}
}
,
{
"node": "l",
"frag": "{uru}kal₃-zi-a.a",
"id": "P335002.l0367a",
"ref": "P335002.19.4",
"inst": "Kilizaya[from Kilizi]EN$Kalziaya",
"sig": "@saao/saa14%akk-x-neoass:{URU}kal₃-zi-a.a=Kilizaya[from Kilizi//from Kilizi]EN'EN$Kalziaya",
"f": {"lang": "akk-x-neoass",
"form": "{URU}kal₃-zi-a.a",
"cf": "Kilizaya",
"gw": "from Kilizi",
"sense": "from Kilizi",
"norm": "Kalziaya",
"pos": "EN",
"epos": "EN"}
}
,
{
"node": "d",
"type": "line-start",
"ref": "P335002.20",
"n": "6",
"label": "r 6"}
,
{
"node": "l",
"frag": "IGI",
"id": "P335002.l0367b",
"ref": "P335002.20.1",
"inst": "šību[witness]N",
"sig": "@saao/saa14%akk-x-neoass:IGI=šību[witness//witness]N'N$šību",
"f": {"lang": "akk-x-neoass",
"form": "IGI",
"cf": "šību",
"gw": "witness",
"sense": "witness",
"norm": "šību",
"pos": "N",
"epos": "N"}
}
,
{
"node": "l",
"frag": "{1}{d}U.GUR-PAB-ir",
"id": "P335002.l0367c",
"ref": "P335002.20.2",
"inst": "Nergal-naṣir[1]PN",
"sig": "@saao/saa14%akk-x-neoass:{1}{d}U.GUR-PAB-ir=Nergal-naṣir[1//1]PN'PN$Nergal-naṣir",
"f": {"lang": "akk-x-neoass",
"form": "{1}{d}U.GUR-PAB-ir",
"cf": "Nergal-naṣir",
"gw": "1",
"sense": "1",
"norm": "Nergal-naṣir",
"pos": "PN",
"epos": "PN"}
}
,
{
"node": "l",
"frag": "{lu₂v}GAR.U.U",
"id": "P335002.l0367d",
"ref": "P335002.20.3",
"inst": "pallišu[(stone) borer]N",
"sig": "@saao/saa14%akk-x-neoass:{LU₂}GAR.U.U=pallišu[(stone) borer//(stone) borer]N'N$pallišu",
"f": {"lang": "akk-x-neoass",
"form": "{LU₂}GAR.U.U",
"cf": "pallišu",
"gw": "(stone) borer",
"sense": "(stone) borer",
"norm": "pallišu",
"pos": "N",
"epos": "N"}
}
,
{
"node": "l",
"frag": "{uru}kur-ba-il₃-a.a",
"id": "P335002.l0367e",
"ref": "P335002.20.4",
"inst": "Kurbailaya[from Kurbail]EN$",
"sig": "@saao/saa14%akk-x-neoass:{URU}kur-ba-il₃-a.a=Kurbailaya[from Kurbail//from Kurbail]EN'EN$Kurbailaya",
"f": {"lang": "akk-x-neoass",
"form": "{URU}kur-ba-il₃-a.a",
"cf": "Kurbailaya",
"gw": "from Kurbail",
"sense": "from Kurbail",
"norm": "Kurbailaya",
"pos": "EN",
"epos": "EN"}
}
,
{
"node": "d",
"type": "line-start",
"ref": "P335002.21",
"n": "7",
"label": "r 7"}
,
{
"node": "l",
"frag": "IGI",
"id": "P335002.l0367f",
"ref": "P335002.21.1",
"inst": "šību[witness]N",
"sig": "@saao/saa14%akk-x-neoass:IGI=šību[witness//witness]N'N$šību",
"f": {"lang": "akk-x-neoass",
"form": "IGI",
"cf": "šību",
"gw": "witness",
"sense": "witness",
"norm": "šību",
"pos": "N",
"epos": "N"}
}
,
{
"node": "l",
"frag": "{1}EN-lih-kim",
"id": "P335002.l03680",
"ref": "P335002.21.2",
"inst": "Bel-lihkim[1]PN$",
"sig": "@saao/saa14%akk-x-neoass:{1}EN-lih-kim=Bel-lihkim[1//1]PN'PN$Bel-lihkim",
"f": {"lang": "akk-x-neoass",
"form": "{1}EN-lih-kim",
"cf": "Bel-lihkim",
"gw": "1",
"sense": "1",
"norm": "Bel-lihkim",
"pos": "PN",
"epos": "PN"}
}
,
{
"node": "c",
"type": "phrase",
"tag": "phr",
"id": "P335002.U8",
"ref": "P335002.ls00004",
"cdl": [
{
"node": "l",
"frag": "{lu₂v}mu-tar-UMUŠ",
"id": "P335002.l03681",
"ref": "P335002.21.3",
"cof-tails": "P335002.l03682",
"inst": "muterru[(re)turner]N$mutār&ṭēmu[(fore)thought]N$ṭēmi",
"sig": "@saao/saa14%akk-x-neoass:{LU₂}mu-tar-UMUŠ=muterru[(re)turner//(re)turner]N'N$mutār&&@saao%akk-x-neoass:=ṭēmu[(fore)thought//(fore)thought]N'N$ṭēmi",
"f": {"lang": "akk-x-neoass",
"form": "{LU₂}mu-tar-UMUŠ",
"cf": "muterru",
"gw": "(re)turner",
"sense": "(re)turner",
"norm": "mutār",
"pos": "N",
"epos": "N"}
}
,
{
"node": "l",
"frag": "{lu₂v}mu-tar-UMUŠ",
"id": "P335002.l03682",
"ref": "P335002.21.3",
"cof-head": "P335002.l03681",
"inst": "muterru[(re)turner]N$mutār&ṭēmu[(fore)thought]N$ṭēmi",
"tail-sig": "@saao%akk-x-neoass:=ṭēmu[(fore)thought//(fore)thought]N'N$ṭēmi",
"f": {"lang": "akk-x-neoass",
"form": "{LU₂}mu-tar-UMUŠ",
"cf": "ṭēmu",
"gw": "(fore)thought",
"sense": "(fore)thought",
"norm": "ṭēmi",
"pos": "N",
"epos": "N"}
}
]}
,
{
"node": "l",
"frag": "ša",
"id": "P335002.l03683",
"ref": "P335002.21.4",
"inst": "ša[of]DET",
"sig": "@saao/saa14%akk-x-neoass:ša=ša[of//of]DET'DET$ša",
"f": {"lang": "akk-x-neoass",
"form": "ša",
"cf": "ša",
"gw": "of",
"sense": "of",
"norm": "ša",
"pos": "DET",
"epos": "DET"}
}
,
{
"node": "l",
"frag": "A-MAN",
"id": "P335002.l03684",
"ref": "P335002.21.5",
"cof-tails": "P335002.l03685",
"inst": "māru[son]N$mār&šarru[king]N$šarri",
"sig": "@saao/saa14%akk-x-neoass:A-MAN=māru[son//son]N'N$mār&&@saao%akk-x-neoass:=šarru[king//king]N'N$šarri",
"f": {"lang": "akk-x-neoass",
"form": "A-MAN",
"cf": "māru",
"gw": "son",
"sense": "son",
"norm": "mār",
"pos": "N",
"epos": "N"}
}
,
{
"node": "l",
"frag": "A-MAN",
"id": "P335002.l03685",
"ref": "P335002.21.5",
"cof-head": "P335002.l03684",
"inst": "māru[son]N$mār&šarru[king]N$šarri",
"tail-sig": "@saao%akk-x-neoass:=šarru[king//king]N'N$šarri",
"f": {"lang": "akk-x-neoass",
"form": "A-MAN",
"cf": "šarru",
"gw": "king",
"sense": "king",
"norm": "šarri",
"pos": "N",
"epos": "N"}
}
,
{
"node": "d",
"type": "line-start",
"ref": "P335002.22",
"n": "8",
"label": "r 8"}
,
{
"node": "l",
"frag": "IGI",
"id": "P335002.l03686",
"ref": "P335002.22.1",
"inst": "šību[witness]N",
"sig": "@saao/saa14%akk-x-neoass:IGI=šību[witness//witness]N'N$šību",
"f": {"lang": "akk-x-neoass",
"form": "IGI",
"cf": "šību",
"gw": "witness",
"sense": "witness",
"norm": "šību",
"pos": "N",
"epos": "N"}
}
,
{
"node": "l",
"frag": "{1}AD-ana-E₂.GAL-lil-bur",
"id": "P335002.l03687",
"ref": "P335002.22.2",
"inst": "Abu-ina-ekalli-lilbur[1]PN$Abu-ana-ekalli-lilbur",
"sig": "@saao/saa14%akk-x-neoass:{1}AD-ana-E₂.GAL-lil-bur=Abu-ina-ekalli-lilbur[1//1]PN'PN$Abu-ana-ekalli-lilbur",
"f": {"lang": "akk-x-neoass",
"form": "{1}AD-ana-E₂.GAL-lil-bur",
"cf": "Abu-ina-ekalli-lilbur",
"gw": "1",
"sense": "1",
"norm": "Abu-ana-ekalli-lilbur",
"pos": "PN",
"epos": "PN"}
}
,
{
"node": "l",
"frag": "{lu₂v}A.BA",
"id": "P335002.l03688",
"ref": "P335002.22.3",
"inst": "ṭupšarru[scribe]N",
"sig": "@saao/saa14%akk-x-neoass:{LU₂}A.BA=ṭupšarru[scribe//scribe]N'N$ṭupšarru",
"f": {"lang": "akk-x-neoass",
"form": "{LU₂}A.BA",
"cf": "ṭupšarru",
"gw": "scribe",
"sense": "scribe",
"norm": "ṭupšarru",
"pos": "N",
"epos": "N"}
}
,
{
"node": "d",
"type": "line-start",
"ref": "P335002.23",
"n": "9",
"label": "r 9"}
,
{
"node": "l",
"frag": "IGI",
"id": "P335002.l03689",
"ref": "P335002.23.1",
"inst": "šību[witness]N",
"sig": "@saao/saa14%akk-x-neoass:IGI=šību[witness//witness]N'N$šību",
"f": {"lang": "akk-x-neoass",
"form": "IGI",
"cf": "šību",
"gw": "witness",
"sense": "witness",
"norm": "šību",
"pos": "N",
"epos": "N"}
}
,
{
"node": "l",
"frag": "{1}EN-la-mur",
"id": "P335002.l0368a",
"ref": "P335002.23.2",
"inst": "Bel-lamur[1]PN",
"sig": "@saao/saa14%akk-x-neoass:{1}EN-la-mur=Bel-lamur[1//1]PN'PN$Bel-lamur",
"f": {"lang": "akk-x-neoass",
"form": "{1}EN-la-mur",
"cf": "Bel-lamur",
"gw": "1",
"sense": "1",
"norm": "Bel-lamur",
"pos": "PN",
"epos": "PN"}
}
,
{
"node": "l",
"frag": "{lu₂v}A.BA",
"id": "P335002.l0368b",
"ref": "P335002.23.3",
"inst": "ṭupšarru[scribe]N",
"sig": "@saao/saa14%akk-x-neoass:{LU₂}A.BA=ṭupšarru[scribe//scribe]N'N$ṭupšarru",
"f": {"lang": "akk-x-neoass",
"form": "{LU₂}A.BA",
"cf": "ṭupšarru",
"gw": "scribe",
"sense": "scribe",
"norm": "ṭupšarru",
"pos": "N",
"epos": "N"}
}
,
{
"node": "l",
"frag": "ṣa-bit",
"id": "P335002.l0368c",
"ref": "P335002.23.4",
"inst": "ṣābit[keeper]N",
"sig": "@saao/saa14%akk-x-neoass:ṣa-bit=ṣābitu[recipient//keeper]N'N$ṣābit",
"f": {"lang": "akk-x-neoass",
"form": "ṣa-bit",
"cf": "ṣābitu",
"gw": "recipient",
"sense": "keeper",
"norm": "ṣābit",
"pos": "N",
"epos": "N"}
}
,
{
"node": "l",
"frag": "dan-ni-te",
"id": "P335002.l0368d",
"ref": "P335002.23.5",
"inst": "dannite[binding document]N",
"sig": "@saao/saa14%akk-x-neoass:dan-ni-te=dannutu[binding document//binding document]N'N$dannite",
"f": {"lang": "akk-x-neoass",
"form": "dan-ni-te",
"cf": "dannutu",
"gw": "binding document",
"sense": "binding document",
"norm": "dannite",
"pos": "N",
"epos": "N"}
}
,
{
"node": "d",
"type": "line-start",
"ref": "P335002.24",
"n": "10",
"label": "r 10"}
,
{
"node": "l",
"frag": "{iti}GUD",
"id": "P335002.l0368e",
"ref": "P335002.24.1",
"inst": "Ayari[Iyyar]MN",
"sig": "@saao/saa14%akk-x-neoass:{ITI}GUD=Ayaru[Iyyar//Iyyar]MN'MN$Ayari",
"f": {"lang": "akk-x-neoass",
"form": "{ITI}GUD",
"cf": "Ayaru",
"gw": "Iyyar",
"sense": "Iyyar",
"norm": "Ayari",
"pos": "MN",
"epos": "MN"}
}
,
{
"node": "l",
"frag": "UD",
"id": "P335002.l0368f",
"ref": "P335002.24.2",
"inst": "ūm[day]N",
"sig": "@saao/saa14%akk-x-neoass:UD=ūmu[day//day]N'N$ūm",
"f": {"lang": "akk-x-neoass",
"form": "UD",
"cf": "ūmu",
"gw": "day",
"sense": "day",
"norm": "ūm",
"pos": "N",
"epos": "N"}
}
,
{
"node": "l",
"frag": "20-KAM₂",
"id": "P335002.l03690",
"ref": "P335002.24.3",
"inst": "n",
"f": {"lang": "akk-x-neoass",
"form": "20-KAM₂",
"pos": "n"}
}
,
{
"node": "l",
"frag": "lim-me",
"id": "P335002.l03691",
"ref": "P335002.24.4",
"inst": "limme[eponym (of year)]N",
"sig": "@saao/saa14%akk-x-neoass:lim-me=līmu[eponym (of year)//eponym (of year)]N'N$limme",
"f": {"lang": "akk-x-neoass",
"form": "lim-me",
"cf": "līmu",
"gw": "eponym (of year)",
"sense": "eponym (of year)",
"norm": "limme",
"pos": "N",
"epos": "N"}
}
,
{
"node": "l",
"frag": "{1}man-nu-ki-PAB-MEŠ",
"id": "P335002.l03692",
"ref": "P335002.24.5",
"inst": "Mannu-ki-ahhe[1]PN",
"sig": "@saao/saa14%akk-x-neoass:{1}man-nu-ki-PAB-MEŠ=Mannu-ki-ahhe[1//1]PN'PN$Mannu-ki-ahhe",
"f": {"lang": "akk-x-neoass",
"form": "{1}man-nu-ki-PAB-MEŠ",
"cf": "Mannu-ki-ahhe",
"gw": "1",
"sense": "1",
"norm": "Mannu-ki-ahhe",
"pos": "PN",
"epos": "PN"}
}
,
{
"node": "d",
"type": "line-start",
"ref": "P335002.25",
"n": "11",
"label": "r 11"}
,
{
"node": "d",
"type": "nonw",
"ref": ""}
,
{
"node": "c",
"type": "phrase",
"tag": "phr",
"id": "P335002.U9",
"ref": "P335002.ls00005",
"cdl": [
{
"node": "l",
"frag": "{lu₂v}GAR.KUR",
"id": "P335002.l03693",
"ref": "P335002.25.1",
"cof-tails": "P335002.l03694",
"inst": "šaknu[appointee]N$šakin&mātu[land]N$māt",
"sig": "@saao/saa14%akk-x-neoass:{LU₂}GAR.KUR=šaknu[appointee//appointee]N'N$šakin&&@saao%akk-x-neoass:=mātu[land//land]N'N$māt",
"f": {"lang": "akk-x-neoass",
"form": "{LU₂}GAR.KUR",
"cf": "šaknu",
"gw": "appointee",
"sense": "appointee",
"norm": "šakin",
"pos": "N",
"epos": "N"}
}
,
{
"node": "l",
"frag": "{lu₂v}GAR.KUR",
"id": "P335002.l03694",
"ref": "P335002.25.1",
"cof-head": "P335002.l03693",
"inst": "šaknu[appointee]N$šakin&mātu[land]N$māt",
"tail-sig": "@saao%akk-x-neoass:=mātu[land//land]N'N$māt",
"f": {"lang": "akk-x-neoass",
"form": "{LU₂}GAR.KUR",
"cf": "mātu",
"gw": "land",
"sense": "land",
"norm": "māt",
"pos": "N",
"epos": "N"}
}
]}
,
{
"node": "l",
"frag": "{uru}ṣi-mir",
"id": "P335002.l03695",
"ref": "P335002.25.2",
"inst": "Ṣimirra[1]GN$Ṣimir",
"sig": "@saao/saa14%akk-x-neoass:{URU}ṣi-mir=Ṣimirra[1//1]GN'GN$Ṣimir",
"f": {"lang": "akk-x-neoass",
"form": "{URU}ṣi-mir",
"cf": "Ṣimirra",
"gw": "1",
"sense": "1",
"norm": "Ṣimir",
"pos": "GN",
"epos": "GN"}
}
]}
]}
]}
,
{
"linkbase": [{
"type": "linkset",
"xlink_title": "naggār mugir[cartwright//cartwright]N'N",
"id": "P335002.ls00000",
"xlink_type": "extended",
"xlink_role": "psu",
"sig": "{nagāru[joiner]N mugerru[chariot]N += naggār mugir[cartwright//cartwright]N'N}::@saao%akk-x-neoass:{LU₂}NAGAR-{GIŠ}mu-gir₂-ri=nagāru[joiner//joiner]N'N$naggār++@saao%akk-x-neoass:{LU₂}NAGAR-{GIŠ}mu-gir₂-ri=mugerru[chariot//chariot]N'N$mugirri",
"links": [
{
"type": "link",
"xlink_title": "nagāru",
"xlink_type": "locator",
"xlink_href": "#P335002.l03636",
"xlink_role": "elt"}
,
{
"type": "link",
"xlink_title": "mugerru",
"xlink_type": "locator",
"xlink_href": "#P335002.l03637",
"xlink_role": "elt"}
]}
,
{
"type": "linkset",
"xlink_title": "ēkallu eššu[new palace//new palace]N'N",
"id": "P335002.ls00001",
"xlink_type": "extended",
"xlink_role": "psu",
"sig": "{ēkallu[palace]N eššu[new]AJ += ēkallu eššu[new palace//new palace]N'N}::@saao%akk-x-neoass:E₂.GAL-GIBIL=ēkallu[palace//palace]N'N$ēkallu++@saao%akk-x-neoass:E₂.GAL-GIBIL=eššu[new//new]AJ'AJ$eššu",
"links": [
{
"type": "link",
"xlink_title": "ēkallu",
"xlink_type": "locator",
"xlink_href": "#P335002.l03654",
"xlink_role": "elt"}
,
{
"type": "link",
"xlink_title": "eššu",
"xlink_type": "locator",
"xlink_href": "#P335002.l03655",
"xlink_role": "elt"}
]}
,
{
"type": "linkset",
"xlink_title": "bit Ninurta[Temple of Ninurta//Temple of Ninurta]TN'TN",
"id": "P335002.ls00002",
"xlink_type": "extended",
"xlink_role": "psu",
"sig": "{bītu[house]N Inurta[1]DN += bit Ninurta[Temple of Ninurta//Temple of Ninurta]TN'TN}::@saao%akk-x-neoass:E₂-{d}MAŠ=bītu[house//house]N'N$bēt++@saao%akk-x-neoass:E₂-{d}MAŠ=Inurta[1//1]DN'DN$Inurta",
"links": [
{
"type": "link",
"xlink_title": "bītu",
"xlink_type": "locator",
"xlink_href": "#P335002.l0365a",
"xlink_role": "elt"}
,
{
"type": "link",
"xlink_title": "Inurta",
"xlink_type": "locator",
"xlink_href": "#P335002.l0365b",
"xlink_role": "elt"}
]}
,
{
"type": "linkset",
"xlink_title": "bēlat bīti[lady of the household//lady of the household]N'N",
"id": "P335002.ls00003",
"xlink_type": "extended",
"xlink_role": "psu",
"sig": "{bēltu[lady]N bītu[house]N += bēlat bīti[lady of the household//lady of the household]N'N}::@saao%akk-x-neoass:GAŠAN-E₂=bēltu[lady//lady]N'N$bēlat++@saao%akk-x-neoass:GAŠAN-E₂=bītu[house//house]N'N$bēti",
"links": [
{
"type": "link",
"xlink_title": "bēltu",
"xlink_type": "locator",
"xlink_href": "#P335002.l0366a",
"xlink_role": "elt"}
,
{
"type": "link",
"xlink_title": "bītu",
"xlink_type": "locator",
"xlink_href": "#P335002.l0366b",
"xlink_role": "elt"}
]}
,
{
"type": "linkset",
"xlink_title": "mutīr ṭēmi[adviser//information officer]N'N",
"id": "P335002.ls00004",
"xlink_type": "extended",
"xlink_role": "psu",
"sig": "{muterru[(re)turner]N ṭēmu[(fore)thought]N += mutīr ṭēmi[adviser//information officer]N'N}::@saao%akk-x-neoass:{LU₂}mu-tar-UMUŠ=muterru[(re)turner//(re)turner]N'N$mutār++@saao%akk-x-neoass:{LU₂}mu-tar-UMUŠ=ṭēmu[(fore)thought//(fore)thought]N'N$ṭēmi",
"links": [
{
"type": "link",
"xlink_title": "muterru",
"xlink_type": "locator",
"xlink_href": "#P335002.l03681",
"xlink_role": "elt"}
,
{
"type": "link",
"xlink_title": "ṭēmu",
"xlink_type": "locator",
"xlink_href": "#P335002.l03682",
"xlink_role": "elt"}
]}
,
{
"type": "linkset",
"xlink_title": "šakin māti[governor//governor]N'N",
"id": "P335002.ls00005",
"xlink_type": "extended",
"xlink_role": "psu",
"sig": "{šaknu[appointee]N mātu[land]N += šakin māti[governor//governor]N'N}::@saao%akk-x-neoass:{LU₂}GAR.KUR=šaknu[appointee//appointee]N'N$šakin++@saao%akk-x-neoass:{LU₂}GAR.KUR=mātu[land//land]N'N$māt",
"links": [
{
"type": "link",
"xlink_title": "šaknu",
"xlink_type": "locator",
"xlink_href": "#P335002.l03693",
"xlink_role": "elt"}
,
{
"type": "link",
"xlink_title": "mātu",
"xlink_type": "locator",
"xlink_href": "#P335002.l03694",
"xlink_role": "elt"}
]}
]}
]}
