{
"type": "cdl",
  "source": "http://oracc.org/saao/saa14",
  "license": "This data is released under the CC0 license",
  "license-url": "https://creativecommons.org/publicdomain/zero/1.0/",
  "more-info": "http://oracc.org/doc/opendata/",
  "UTC-timestamp": "2017-05-19T11:50:09",
"project": "saao/saa14",
"textid": "P335595",
"cdl": [
{
"node": "c",
"type": "text",
"id": "P335595.U0",
"cdl": [
{
"node": "d",
"type": "object",
"ref": ""}
,
{
"node": "d",
"type": "surface",
"ref": ""}
,
{
"node": "d",
"type": "nonx",
"ref": "P335595.1",
"strict": "0",
"extent": "beginning",
"state": "missing"}
,
{
"node": "c",
"type": "discourse",
"subtype": "body",
"id": "P335595.U1",
"cdl": [
{
"node": "c",
"type": "sentence",
"id": "P335595.U2",
"label": "1' - r 2",
"cdl": [
{
"node": "d",
"type": "line-start",
"ref": "P335595.2",
"n": "1'",
"label": "1'"}
,
{
"node": "l",
"frag": "[x",
"id": "P335595.l06065",
"ref": "P335595.2.1",
"inst": "u",
"f": {"lang": "akk-x-neoass",
"form": "x",
"pos": "u"}
}
,
{
"node": "l",
"frag": "(x)]-MEŠ",
"id": "P335595.l06066",
"ref": "P335595.2.2",
"inst": "u",
"f": {"lang": "akk-x-neoass",
"form": "x-MEŠ",
"pos": "u"}
}
,
{
"node": "l",
"frag": "MU-[MEŠ",
"id": "P335595.l06067",
"ref": "P335595.2.3",
"inst": "u",
"f": {"lang": "akk-x-neoass",
"form": "MU-MEŠ",
"pos": "u"}
}
,
{
"node": "l",
"frag": "zar-pu]",
"id": "P335595.l06068",
"ref": "P335595.2.4",
"inst": "zarpu[purchased]AJ",
"sig": "@saao/saa14%akk-x-neoass:zar-pu=zarpu[purchased//purchased]AJ'AJ$zarpu",
"f": {"lang": "akk-x-neoass",
"form": "zar-pu",
"cf": "zarpu",
"gw": "purchased",
"sense": "purchased",
"norm": "zarpu",
"pos": "AJ",
"epos": "AJ"}
}
,
{
"node": "d",
"type": "line-start",
"ref": "P335595.3",
"n": "2'",
"label": "2'"}
,
{
"node": "l",
"frag": "[la]-qi-u₂",
"id": "P335595.l06069",
"ref": "P335595.3.1",
"inst": "laqiu[acquired]AJ",
"sig": "@saao/saa14%akk-x-neoass:la-qi-u₂=leqû[taken//acquired]AJ'AJ$laqiu",
"f": {"lang": "akk-x-neoass",
"form": "la-qi-u₂",
"cf": "leqû",
"gw": "taken",
"sense": "acquired",
"norm": "laqiu",
"pos": "AJ",
"epos": "AJ"}
}
,
{
"node": "l",
"frag": "⸢tu₂⸣-[a-ru]",
"id": "P335595.l0606a",
"ref": "P335595.3.2",
"inst": "tuāru[revocation]'N",
"sig": "@saao/saa14%akk-x-neoass:tu₂-a-ru=târu[turn//revocation]V'N$tuāru",
"f": {"lang": "akk-x-neoass",
"form": "tu₂-a-ru",
"cf": "târu",
"gw": "turn",
"sense": "revocation",
"norm": "tuāru",
"pos": "V",
"epos": "N"}
}
,
{
"node": "d",
"type": "line-start",
"ref": "P335595.4",
"n": "3'",
"label": "3'"}
,
{
"node": "l",
"frag": "[de]-e-nu",
"id": "P335595.l0606b",
"ref": "P335595.4.1",
"inst": "dēnu[lawsuit]N",
"sig": "@saao/saa14%akk-x-neoass:de-e-nu=dīnu[legal decision//lawsuit]N'N$dēnu",
"f": {"lang": "akk-x-neoass",
"form": "de-e-nu",
"cf": "dīnu",
"gw": "legal decision",
"sense": "lawsuit",
"norm": "dēnu",
"pos": "N",
"epos": "N"}
}
,
{
"node": "l",
"frag": "DUG₄.[DUG₄",
"id": "P335595.l0606c",
"ref": "P335595.4.2",
"inst": "dabābu[litigation]'N",
"sig": "@saao/saa14%akk-x-neoass:DUG₄.DUG₄=dabābu[speak//litigation]V'N$dabābu",
"f": {"lang": "akk-x-neoass",
"form": "DUG₄.DUG₄",
"cf": "dabābu",
"gw": "speak",
"sense": "litigation",
"norm": "dabābu",
"pos": "V",
"epos": "N"}
}
,
{
"node": "l",
"frag": "la-aš₂-šu₂]",
"id": "P335595.l0606d",
"ref": "P335595.4.3",
"inst": "laššu[(there) is not]V",
"sig": "@saao/saa14%akk-x-neoass:la-aš₂-šu₂=laššu[(there) is not//(there) is not]V'V$laššu",
"f": {"lang": "akk-x-neoass",
"form": "la-aš₂-šu₂",
"cf": "laššu",
"gw": "(there) is not",
"sense": "(there) is not",
"norm": "laššu",
"pos": "V",
"epos": "V"}
}
,
{
"node": "d",
"type": "line-start",
"ref": "P335595.5",
"n": "4'",
"label": "4'"}
,
{
"node": "l",
"frag": "[man-nu]",
"id": "P335595.l0606e",
"ref": "P335595.5.1",
"inst": "mannu[whoever]'XP",
"sig": "@saao/saa14%akk-x-neoass:man-nu=mannu[who?//whoever]QP'XP$mannu",
"f": {"lang": "akk-x-neoass",
"form": "man-nu",
"cf": "mannu",
"gw": "who?",
"sense": "whoever",
"norm": "mannu",
"pos": "QP",
"epos": "XP"}
}
,
{
"node": "l",
"frag": "ša",
"id": "P335595.l0606f",
"ref": "P335595.5.2",
"inst": "ša[that]REL",
"sig": "@saao/saa14%akk-x-neoass:ša=ša[that//that]REL'REL$ša",
"f": {"lang": "akk-x-neoass",
"form": "ša",
"cf": "ša",
"gw": "that",
"sense": "that",
"norm": "ša",
"pos": "REL",
"epos": "REL"}
}
,
{
"node": "c",
"type": "phrase",
"tag": "phr",
"id": "P335595.U4",
"ref": "P335595.ls00000",
"cdl": [
{
"node": "l",
"frag": "ina",
"id": "P335595.l06070",
"ref": "P335595.5.3",
"inst": "ina[in+=in the future]PRP",
"sig": "@saao/saa14%akk-x-neoass:ina=ina[in//in]PRP'PRP$ina",
"f": {"lang": "akk-x-neoass",
"form": "ina",
"cf": "ina",
"gw": "in",
"sense": "in",
"norm": "ina",
"pos": "PRP",
"epos": "PRP"}
}
,
{
"node": "l",
"frag": "ur-kiš",
"id": "P335595.l06071",
"ref": "P335595.5.4",
"inst": "urkiš[later]AV",
"sig": "@saao/saa14%akk-x-neoass:ur-kiš=urkiš[later//later]AV'AV$urkiš",
"f": {"lang": "akk-x-neoass",
"form": "ur-kiš",
"cf": "urkiš",
"gw": "later",
"sense": "later",
"norm": "urkiš",
"pos": "AV",
"epos": "AV"}
}
]}
,
{
"node": "l",
"frag": "⸢im⸣-[ma-ti-ma]",
"id": "P335595.l06072",
"ref": "P335595.5.5",
"inst": "matīma[ever]AV$immatīma",
"sig": "@saao/saa14%akk-x-neoass:im-ma-ti-ma=matīma[ever//ever]AV'AV$immatīma",
"f": {"lang": "akk-x-neoass",
"form": "im-ma-ti-ma",
"cf": "matīma",
"gw": "ever",
"sense": "ever",
"norm": "immatīma",
"pos": "AV",
"epos": "AV"}
}
,
{
"node": "d",
"type": "line-start",
"ref": "P335595.6",
"n": "5'",
"label": "5'"}
,
{
"node": "l",
"frag": "[i-pa]-ri-ku-u₂-ni",
"id": "P335595.l06073",
"ref": "P335595.6.1",
"inst": "parāku[lie across//contravene]V$iparrikūni",
"sig": "@saao/saa14%akk-x-neoass:i-pa-ri-ku-u₂-ni=parāku[lie across//contravene]V'V$iparrikūni",
"f": {"lang": "akk-x-neoass",
"form": "i-pa-ri-ku-u₂-ni",
"cf": "parāku",
"gw": "lie across",
"sense": "contravene",
"norm": "iparrikūni",
"pos": "V",
"epos": "V"}
}
,
{
"node": "d",
"type": "line-start",
"ref": "P335595.7",
"n": "6'",
"label": "6'"}
,
{
"node": "l",
"frag": "[x",
"id": "P335595.l06074",
"ref": "P335595.7.1",
"inst": "u",
"f": {"lang": "akk-x-neoass",
"form": "x",
"pos": "u"}
}
,
{
"node": "l",
"frag": "MA.NA",
"id": "P335595.l06075",
"ref": "P335595.7.2",
"inst": "manê[a unit of weight]N",
"sig": "@saao/saa14%akk-x-neoass:MA.NA=manû[unit//a unit of weight]N'N$manê",
"f": {"lang": "akk-x-neoass",
"form": "MA.NA",
"cf": "manû",
"gw": "unit",
"sense": "a unit of weight",
"norm": "manê",
"pos": "N",
"epos": "N"}
}
,
{
"node": "l",
"frag": "KUG].UD",
"id": "P335595.l06076",
"ref": "P335595.7.3",
"inst": "ṣarpu[silver]N",
"sig": "@saao/saa14%akk-x-neoass:KUG.UD=ṣarpu[silver//silver]N'N$ṣarpi",
"f": {"lang": "akk-x-neoass",
"form": "KUG.UD",
"cf": "ṣarpu",
"gw": "silver",
"sense": "silver",
"norm": "ṣarpi",
"pos": "N",
"epos": "N"}
}
,
{
"node": "l",
"frag": "ba-aš₂-[lu]",
"id": "P335595.l06077",
"ref": "P335595.7.4",
"inst": "bašlu[cooked//heat-treated]AJ$",
"sig": "@saao/saa14%akk-x-neoass:ba-aš₂-lu=bašlu[cooked//heat-treated]AJ'AJ$bašlu",
"f": {"lang": "akk-x-neoass",
"form": "ba-aš₂-lu",
"cf": "bašlu",
"gw": "cooked",
"sense": "heat-treated",
"norm": "bašlu",
"pos": "AJ",
"epos": "AJ"}
}
,
{
"node": "d",
"type": "line-start",
"ref": "P335595.8",
"n": "7'",
"label": "7'"}
,
{
"node": "l",
"frag": "[x",
"id": "P335595.l06078",
"ref": "P335595.8.1",
"inst": "u",
"f": {"lang": "akk-x-neoass",
"form": "x",
"pos": "u"}
}
,
{
"node": "l",
"frag": "MA.NA",
"id": "P335595.l06079",
"ref": "P335595.8.2",
"inst": "manê[a unit of weight]N",
"sig": "@saao/saa14%akk-x-neoass:MA.NA=manû[unit//a unit of weight]N'N$manê",
"f": {"lang": "akk-x-neoass",
"form": "MA.NA",
"cf": "manû",
"gw": "unit",
"sense": "a unit of weight",
"norm": "manê",
"pos": "N",
"epos": "N"}
}
,
{
"node": "l",
"frag": "KUG.GI]",
"id": "P335595.l0607a",
"ref": "P335595.8.3",
"inst": "hurāṣu[gold]N",
"sig": "@saao/saa14%akk-x-neoass:KUG.GI=hurāṣu[gold//gold]N'N$hurāṣi",
"f": {"lang": "akk-x-neoass",
"form": "KUG.GI",
"cf": "hurāṣu",
"gw": "gold",
"sense": "gold",
"norm": "hurāṣi",
"pos": "N",
"epos": "N"}
}
,
{
"node": "l",
"frag": "sa-ak-⸢ru⸣",
"id": "P335595.l0607b",
"ref": "P335595.8.4",
"inst": "sakru[refined]AJ",
"sig": "@saao/saa14%akk-x-neoass:sa-ak-ru=sakru[refined//refined]AJ'AJ$sakru",
"f": {"lang": "akk-x-neoass",
"form": "sa-ak-ru",
"cf": "sakru",
"gw": "refined",
"sense": "refined",
"norm": "sakru",
"pos": "AJ",
"epos": "AJ"}
}
,
{
"node": "d",
"subtype": "bottom",
"type": "surface",
"ref": "P335595.b.e..9",
"type": "bottom",
"label": "b.e."}
,
{
"node": "d",
"type": "line-start",
"ref": "P335595.10",
"n": "8'",
"label": "b.e. 8'"}
,
{
"node": "l",
"frag": "[ina",
"id": "P335595.l0607c",
"ref": "P335595.10.1",
"inst": "ina[in]PRP",
"sig": "@saao/saa14%akk-x-neoass:ina=ina[in//in]PRP'PRP$ina",
"f": {"lang": "akk-x-neoass",
"form": "ina",
"cf": "ina",
"gw": "in",
"sense": "in",
"norm": "ina",
"pos": "PRP",
"epos": "PRP"}
}
,
{
"node": "l",
"frag": "bur-ki]",
"id": "P335595.l0607d",
"ref": "P335595.10.2",
"inst": "burki[lap]N",
"sig": "@saao/saa14%akk-x-neoass:bur-ki=burku[knee//lap]N'N$burki",
"f": {"lang": "akk-x-neoass",
"form": "bur-ki",
"cf": "burku",
"gw": "knee",
"sense": "lap",
"norm": "burki",
"pos": "N",
"epos": "N"}
}
,
{
"node": "l",
"frag": "{d}NIN.LIL₂",
"id": "P335595.l0607e",
"ref": "P335595.10.3",
"inst": "Mullissu[1]DN",
"sig": "@saao/saa14%akk-x-neoass:{d}NIN.LIL₂=Mullissu[1//1]DN'DN$Mullissu",
"f": {"lang": "akk-x-neoass",
"form": "{d}NIN.LIL₂",
"cf": "Mullissu",
"gw": "1",
"sense": "1",
"norm": "Mullissu",
"pos": "DN",
"epos": "DN"}
}
,
{
"node": "l",
"frag": "i-sa-[kan]",
"id": "P335595.l0607f",
"ref": "P335595.10.4",
"inst": "issakan[place]V",
"sig": "@saao/saa14%akk-x-neoass:i-sa-kan=šakānu[put//place]V'V$issakan",
"f": {"lang": "akk-x-neoass",
"form": "i-sa-kan",
"cf": "šakānu",
"gw": "put",
"sense": "place",
"norm": "issakan",
"pos": "V",
"epos": "V"}
}
,
{
"node": "d",
"type": "line-start",
"ref": "P335595.11",
"n": "9'",
"label": "b.e. 9'"}
,
{
"node": "l",
"frag": "[kas-pu]",
"id": "P335595.l06080",
"ref": "P335595.11.1",
"inst": "kaspu[money]N",
"sig": "@saao/saa14%akk-x-neoass:kas-pu=kaspu[silver//money]N'N$kaspu",
"f": {"lang": "akk-x-neoass",
"form": "kas-pu",
"cf": "kaspu",
"gw": "silver",
"sense": "money",
"norm": "kaspu",
"pos": "N",
"epos": "N"}
}
,
{
"node": "l",
"frag": "ana",
"id": "P335595.l06081",
"ref": "P335595.11.2",
"inst": "ana[to+=tenfold]PRP",
"sig": "@saao/saa14%akk-x-neoass:ana=ana[to//to]PRP'PRP$ana",
"f": {"lang": "akk-x-neoass",
"form": "ana",
"cf": "ana",
"gw": "to",
"sense": "to",
"norm": "ana",
"pos": "PRP",
"epos": "PRP"}
}
,
{
"node": "l",
"frag": "10-MEŠ",
"id": "P335595.l06082",
"ref": "P335595.11.3",
"inst": "ešrāti[tenfold]AV",
"sig": "@saao/saa14%akk-x-neoass:10-MEŠ=ešriātu[tenfold//tenfold]AV'AV$ešrāti",
"f": {"lang": "akk-x-neoass",
"form": "10-MEŠ",
"cf": "ešriātu",
"gw": "tenfold",
"sense": "tenfold",
"norm": "ešrāti",
"pos": "AV",
"epos": "AV"}
}
,
{
"node": "l",
"frag": "a-na",
"id": "P335595.l06083",
"ref": "P335595.11.4",
"inst": "ana[to]PRP",
"sig": "@saao/saa14%akk-x-neoass:a-na=ana[to//to]PRP'PRP$ana",
"f": {"lang": "akk-x-neoass",
"form": "a-na",
"cf": "ana",
"gw": "to",
"sense": "to",
"norm": "ana",
"pos": "PRP",
"epos": "PRP"}
}
,
{
"node": "l",
"frag": "EN-⸢MEŠ⸣-[šu₂",
"id": "P335595.l06084",
"ref": "P335595.11.5",
"inst": "bēlēšu[owner]N",
"sig": "@saao/saa14%akk-x-neoass:EN-MEŠ-šu₂=bēlu[lord//owner]N'N$bēlēšu",
"f": {"lang": "akk-x-neoass",
"form": "EN-MEŠ-šu₂",
"cf": "bēlu",
"gw": "lord",
"sense": "owner",
"norm": "bēlēšu",
"pos": "N",
"epos": "N"}
}
,
{
"node": "l",
"frag": "GUR]",
"id": "P335595.l06085",
"ref": "P335595.11.6",
"inst": "itūar[return]V",
"sig": "@saao/saa14%akk-x-neoass:GUR=târu[turn//return]V'V$itūar",
"f": {"lang": "akk-x-neoass",
"form": "GUR",
"cf": "târu",
"gw": "turn",
"sense": "return",
"norm": "itūar",
"pos": "V",
"epos": "V"}
}
,
{
"node": "d",
"subtype": "reverse",
"type": "surface",
"ref": "P335595.r.12",
"type": "reverse",
"label": "r"}
,
{
"node": "d",
"type": "line-start",
"ref": "P335595.13",
"n": "1",
"label": "r 1"}
,
{
"node": "l",
"frag": "[ina",
"id": "P335595.l06086",
"ref": "P335595.13.1",
"inst": "ina[in]PRP",
"sig": "@saao/saa14%akk-x-neoass:ina=ina[in//in]PRP'PRP$ina",
"f": {"lang": "akk-x-neoass",
"form": "ina",
"cf": "ina",
"gw": "in",
"sense": "in",
"norm": "ina",
"pos": "PRP",
"epos": "PRP"}
}
,
{
"node": "l",
"frag": "de-ni-šu₂]",
"id": "P335595.l06087",
"ref": "P335595.13.2",
"inst": "dēnīšu[lawsuit]N",
"sig": "@saao/saa14%akk-x-neoass:de-ni-šu₂=dīnu[legal decision//lawsuit]N'N$dēnīšu",
"f": {"lang": "akk-x-neoass",
"form": "de-ni-šu₂",
"cf": "dīnu",
"gw": "legal decision",
"sense": "lawsuit",
"norm": "dēnīšu",
"pos": "N",
"epos": "N"}
}
,
{
"node": "l",
"frag": "DUG₄.DUG₄-[ma]",
"id": "P335595.l06088",
"ref": "P335595.13.3",
"inst": "idabbubma[contest]V",
"sig": "@saao/saa14%akk-x-neoass:DUG₄.DUG₄-ma=dabābu[speak//contest]V'V$idabbubma",
"f": {"lang": "akk-x-neoass",
"form": "DUG₄.DUG₄-ma",
"cf": "dabābu",
"gw": "speak",
"sense": "contest",
"norm": "idabbubma",
"pos": "V",
"epos": "V"}
}
,
{
"node": "d",
"type": "line-start",
"ref": "P335595.14",
"n": "2",
"label": "r 2"}
,
{
"node": "l",
"frag": "[la",
"id": "P335595.l06089",
"ref": "P335595.14.1",
"inst": "lā[not]MOD",
"sig": "@saao/saa14%akk-x-neoass:la=lā[not//not]MOD'MOD$lā",
"f": {"lang": "akk-x-neoass",
"form": "la",
"cf": "lā",
"gw": "not",
"sense": "not",
"norm": "lā",
"pos": "MOD",
"epos": "MOD"}
}
,
{
"node": "l",
"frag": "i-laq]-qi",
"id": "P335595.l0608a",
"ref": "P335595.14.2",
"inst": "ilaqqi[succeed]V",
"sig": "@saao/saa14%akk-x-neoass:i-laq-qi=leqû[take//succeed]V'V$ilaqqi",
"f": {"lang": "akk-x-neoass",
"form": "i-laq-qi",
"cf": "leqû",
"gw": "take",
"sense": "succeed",
"norm": "ilaqqi",
"pos": "V",
"epos": "V"}
}
,
{
"node": "d",
"type": "nonx",
"ref": "P335595.15",
"strict": "1",
"extent": "n",
"scope": "line",
"state": "ruling"}
,
{
"node": "d",
"type": "nonx",
"ref": "P335595.16",
"strict": "0",
"extent": "n",
"scope": "line",
"state": "illegible"}
]}
]}
]}
,
{
"linkbase": [{
"type": "linkset",
"xlink_title": "ina urkiš[in the future//in the future]AV'AV",
"id": "P335595.ls00000",
"xlink_type": "extended",
"xlink_role": "psu",
"sig": "{ina[in]PRP urkiš[later]AV += ina urkiš[in the future//in the future]AV'AV}::@saao%akk-x-neoass:ina=ina[in//into]PRP'PRP$ina++@saao%akk-x-neoass:ur-kiš=urkiš[later//later]AV'AV$urkiš",
"links": [
{
"type": "link",
"xlink_title": "ina",
"xlink_type": "locator",
"xlink_href": "#P335595.l06070",
"xlink_role": "elt"}
,
{
"type": "link",
"xlink_title": "urkiš",
"xlink_type": "locator",
"xlink_href": "#P335595.l06071",
"xlink_role": "elt"}
]}
]}
]}
