{
"type": "cdl",
  "source": "http://oracc.org/saao/saa14",
  "license": "This data is released under the CC0 license",
  "license-url": "https://creativecommons.org/publicdomain/zero/1.0/",
  "more-info": "http://oracc.org/doc/opendata/",
  "UTC-timestamp": "2017-05-19T11:49:36",
"project": "saao/saa14",
"textid": "P335088",
"cdl": [
{
"node": "c",
"type": "text",
"id": "P335088.U0",
"cdl": [
{
"node": "d",
"type": "object",
"ref": ""}
,
{
"node": "d",
"subtype": "obverse",
"type": "surface",
"ref": "P335088.o.1",
"type": "obverse",
"label": "o"}
,
{
"node": "c",
"type": "discourse",
"subtype": "body",
"id": "P335088.U1",
"cdl": [
{
"node": "c",
"type": "sentence",
"id": "P335088.U2",
"label": "o 1 - r 6'",
"cdl": [
{
"node": "d",
"type": "line-start",
"ref": "P335088.2",
"n": "1",
"label": "o 1"}
,
{
"node": "l",
"frag": "02",
"id": "P335088.l08274",
"ref": "P335088.2.1",
"inst": "n",
"f": {"lang": "akk-x-neoass",
"form": "02",
"pos": "n"}
}
,
{
"node": "l",
"frag": "me",
"id": "P335088.l08275",
"ref": "P335088.2.2",
"inst": "mē[hundred]NU",
"sig": "@saao/saa14%akk-x-neoass:me=meʾatu[(one) hundred//(one) hundred]NU'NU$mē",
"f": {"lang": "akk-x-neoass",
"form": "me",
"cf": "meʾatu",
"gw": "(one) hundred",
"sense": "(one) hundred",
"norm": "mē",
"pos": "NU",
"epos": "NU"}
}
,
{
"node": "l",
"frag": "{še}PAD-MEŠ",
"id": "P335088.l08276",
"ref": "P335088.2.3",
"inst": "kurummāti[barley (ration)]N",
"sig": "@saao/saa14%akk-x-neoass:{ŠE}PAD-MEŠ=kurummatu[ration//barley (ration)]N'N$kurummāti",
"f": {"lang": "akk-x-neoass",
"form": "{ŠE}PAD-MEŠ",
"cf": "kurummatu",
"gw": "ration",
"sense": "barley (ration)",
"norm": "kurummāti",
"pos": "N",
"epos": "N"}
}
,
{
"node": "l",
"frag": "SAG.⸢DU⸣",
"id": "P335088.l08277",
"ref": "P335088.2.4",
"inst": "kaqqudu[capital]N",
"sig": "@saao/saa14%akk-x-neoass:SAG.DU=qaqqadu[head//capital]N'N$kaqqudu",
"f": {"lang": "akk-x-neoass",
"form": "SAG.DU",
"cf": "qaqqadu",
"gw": "head",
"sense": "capital",
"norm": "kaqqudu",
"pos": "N",
"epos": "N"}
}
,
{
"node": "d",
"type": "line-start",
"ref": "P335088.3",
"n": "2",
"label": "o 2"}
,
{
"node": "l",
"frag": "ša",
"id": "P335088.l08278",
"ref": "P335088.3.1",
"inst": "ša[of]DET",
"sig": "@saao/saa14%akk-x-neoass:ša=ša[of//of]DET'DET$ša",
"f": {"lang": "akk-x-neoass",
"form": "ša",
"cf": "ša",
"gw": "of",
"sense": "of",
"norm": "ša",
"pos": "DET",
"epos": "DET"}
}
,
{
"node": "l",
"frag": "{mi₂}ša₂-kin₂-tu",
"id": "P335088.l08279",
"ref": "P335088.3.2",
"inst": "šakintu[(a female official)//governess]N$",
"sig": "@saao/saa14%akk-x-neoass:{MI₂}ša₂-kin₂-tu=šakintu[(a female official)//governess]N'N$šakintu",
"f": {"lang": "akk-x-neoass",
"form": "{MI₂}ša₂-kin₂-tu",
"cf": "šakintu",
"gw": "(a female official)",
"sense": "governess",
"norm": "šakintu",
"pos": "N",
"epos": "N"}
}
,
{
"node": "l",
"frag": "ša",
"id": "P335088.l0827a",
"ref": "P335088.3.3",
"inst": "ša[of]DET",
"sig": "@saao/saa14%akk-x-neoass:ša=ša[of//of]DET'DET$ša",
"f": {"lang": "akk-x-neoass",
"form": "ša",
"cf": "ša",
"gw": "of",
"sense": "of",
"norm": "ša",
"pos": "DET",
"epos": "DET"}
}
,
{
"node": "l",
"frag": "[x",
"id": "P335088.l0827b",
"ref": "P335088.3.4",
"inst": "u",
"f": {"lang": "akk-x-neoass",
"form": "x",
"pos": "u"}
}
,
{
"node": "l",
"frag": "x",
"id": "P335088.l0827c",
"ref": "P335088.3.5",
"inst": "u",
"f": {"lang": "akk-x-neoass",
"form": "x",
"pos": "u"}
}
,
{
"node": "l",
"frag": "x]",
"id": "P335088.l0827d",
"ref": "P335088.3.6",
"inst": "u",
"f": {"lang": "akk-x-neoass",
"form": "x",
"pos": "u"}
}
,
{
"node": "d",
"type": "line-start",
"ref": "P335088.4",
"n": "3",
"label": "o 3"}
,
{
"node": "l",
"frag": "ina",
"id": "P335088.l0827e",
"ref": "P335088.4.1",
"inst": "ina[in+=at the disposal of]PRP",
"sig": "@saao/saa14%akk-x-neoass:ina=ina[in//in]PRP'PRP$ina",
"f": {"lang": "akk-x-neoass",
"form": "ina",
"cf": "ina",
"gw": "in",
"sense": "in",
"norm": "ina",
"pos": "PRP",
"epos": "PRP"}
}
,
{
"node": "l",
"frag": "IGI",
"id": "P335088.l0827f",
"ref": "P335088.4.2",
"inst": "pān[front]N",
"sig": "@saao/saa14%akk-x-neoass:IGI=pānu[front//front]N'N$pān",
"f": {"lang": "akk-x-neoass",
"form": "IGI",
"cf": "pānu",
"gw": "front",
"sense": "front",
"norm": "pān",
"pos": "N",
"epos": "N"}
}
,
{
"node": "l",
"frag": "{1}DINGIR-a-mar",
"id": "P335088.l08280",
"ref": "P335088.4.3",
"inst": "Il-amar[1]PN",
"sig": "@saao/saa14%akk-x-neoass:{1}DINGIR-a-mar=Il-amar[1//1]PN'PN$Il-amar",
"f": {"lang": "akk-x-neoass",
"form": "{1}DINGIR-a-mar",
"cf": "Il-amar",
"gw": "1",
"sense": "1",
"norm": "Il-amar",
"pos": "PN",
"epos": "PN"}
}
,
{
"node": "c",
"type": "phrase",
"tag": "phr",
"id": "P335088.U4",
"ref": "P335088.ls00000",
"cdl": [
{
"node": "l",
"frag": "{lu₂v}⸢GAL⸣-[kar-ma-ni]",
"id": "P335088.l08281",
"ref": "P335088.4.4",
"cof-tails": "P335088.l08282",
"inst": "rabû[big one]N$rab&karmu[heap]N$karmāni",
"sig": "@saao/saa14%akk-x-neoass:{LU₂}GAL-kar-ma-ni=rabû[big one//big one]N'N$rab&&@saao%akk-x-neoass:=karmu[heap//heap]N'N$karmāni",
"f": {"lang": "akk-x-neoass",
"form": "{LU₂}GAL-kar-ma-ni",
"cf": "rabû",
"gw": "big one",
"sense": "big one",
"norm": "rab",
"pos": "N",
"epos": "N"}
}
,
{
"node": "l",
"frag": "{lu₂v}⸢GAL⸣-[kar-ma-ni]",
"id": "P335088.l08282",
"ref": "P335088.4.4",
"cof-head": "P335088.l08281",
"inst": "rabû[big one]N$rab&karmu[heap]N$karmāni",
"tail-sig": "@saao%akk-x-neoass:=karmu[heap//heap]N'N$karmāni",
"f": {"lang": "akk-x-neoass",
"form": "{LU₂}GAL-kar-ma-ni",
"cf": "karmu",
"gw": "heap",
"sense": "heap",
"norm": "karmāni",
"pos": "N",
"epos": "N"}
}
]}
,
{
"node": "d",
"type": "line-start",
"ref": "P335088.5",
"n": "4",
"label": "o 4"}
,
{
"node": "l",
"frag": "ina",
"id": "P335088.l08283",
"ref": "P335088.5.1",
"inst": "ina[in+=in]PRP",
"sig": "@saao/saa14%akk-x-neoass:ina=ina[in//in]PRP'PRP$ina",
"f": {"lang": "akk-x-neoass",
"form": "ina",
"cf": "ina",
"gw": "in",
"sense": "in",
"norm": "ina",
"pos": "PRP",
"epos": "PRP"}
}
,
{
"node": "l",
"frag": "ŠA₃-bi",
"id": "P335088.l08284",
"ref": "P335088.5.2",
"inst": "libbi[interior]N",
"sig": "@saao/saa14%akk-x-neoass:ŠA₃-bi=libbu[interior//interior]N'N$libbi",
"f": {"lang": "akk-x-neoass",
"form": "ŠA₃-bi",
"cf": "libbu",
"gw": "interior",
"sense": "interior",
"norm": "libbi",
"pos": "N",
"epos": "N"}
}
,
{
"node": "l",
"frag": "{iti}NE",
"id": "P335088.l08285",
"ref": "P335088.5.3",
"inst": "Abi[Ab]MN",
"sig": "@saao/saa14%akk-x-neoass:{ITI}NE=Abu[Ab//Ab]MN'MN$Abi",
"f": {"lang": "akk-x-neoass",
"form": "{ITI}NE",
"cf": "Abu",
"gw": "Ab",
"sense": "Ab",
"norm": "Abi",
"pos": "MN",
"epos": "MN"}
}
,
{
"node": "l",
"frag": "⸢x⸣+[x",
"id": "P335088.l08286",
"ref": "P335088.5.4",
"inst": "u",
"f": {"lang": "akk-x-neoass",
"form": "x+x",
"pos": "u"}
}
,
{
"node": "l",
"frag": "x",
"id": "P335088.l08287",
"ref": "P335088.5.5",
"inst": "u",
"f": {"lang": "akk-x-neoass",
"form": "x",
"pos": "u"}
}
,
{
"node": "l",
"frag": "x]",
"id": "P335088.l08288",
"ref": "P335088.5.6",
"inst": "u",
"f": {"lang": "akk-x-neoass",
"form": "x",
"pos": "u"}
}
,
{
"node": "d",
"type": "line-start",
"ref": "P335088.6",
"n": "5",
"label": "o 5"}
,
{
"node": "l",
"frag": "ina",
"id": "P335088.l08289",
"ref": "P335088.6.1",
"inst": "ina[in]PRP",
"sig": "@saao/saa14%akk-x-neoass:ina=ina[in//in]PRP'PRP$ina",
"f": {"lang": "akk-x-neoass",
"form": "ina",
"cf": "ina",
"gw": "in",
"sense": "in",
"norm": "ina",
"pos": "PRP",
"epos": "PRP"}
}
,
{
"node": "l",
"frag": "{uru}BAD₃-MAN-GIN",
"id": "P335088.l0828a",
"ref": "P335088.6.2",
"inst": "Dur-Šarruken[1]GN",
"sig": "@saao/saa14%akk-x-neoass:{URU}BAD₃-MAN-GIN=Dur-Šarruken[1//1]GN'GN$Dur-Šarruken",
"f": {"lang": "akk-x-neoass",
"form": "{URU}BAD₃-MAN-GIN",
"cf": "Dur-Šarruken",
"gw": "1",
"sense": "1",
"norm": "Dur-Šarruken",
"pos": "GN",
"epos": "GN"}
}
,
{
"node": "l",
"frag": "[x",
"id": "P335088.l0828b",
"ref": "P335088.6.3",
"inst": "u",
"f": {"lang": "akk-x-neoass",
"form": "x",
"pos": "u"}
}
,
{
"node": "l",
"frag": "x",
"id": "P335088.l0828c",
"ref": "P335088.6.4",
"inst": "u",
"f": {"lang": "akk-x-neoass",
"form": "x",
"pos": "u"}
}
,
{
"node": "l",
"frag": "x]",
"id": "P335088.l0828d",
"ref": "P335088.6.5",
"inst": "u",
"f": {"lang": "akk-x-neoass",
"form": "x",
"pos": "u"}
}
,
{
"node": "d",
"type": "nonx",
"ref": "P335088.7",
"strict": "0",
"extent": "1",
"scope": "impression",
"state": "other"}
,
{
"node": "d",
"type": "line-start",
"ref": "P335088.8",
"n": "6",
"label": "o 6"}
,
{
"node": "l",
"frag": "[x",
"id": "P335088.l0828e",
"ref": "P335088.8.1",
"inst": "u",
"f": {"lang": "akk-x-neoass",
"form": "x",
"pos": "u"}
}
,
{
"node": "l",
"frag": "x]",
"id": "P335088.l0828f",
"ref": "P335088.8.2",
"inst": "u",
"f": {"lang": "akk-x-neoass",
"form": "x",
"pos": "u"}
}
,
{
"node": "l",
"frag": "⸢x⸣",
"id": "P335088.l08290",
"ref": "P335088.8.3",
"inst": "u",
"f": {"lang": "akk-x-neoass",
"form": "x",
"pos": "u"}
}
,
{
"node": "l",
"frag": "SUM-an",
"id": "P335088.l08291",
"ref": "P335088.8.4",
"inst": "iddan[give]V",
"sig": "@saao/saa14%akk-x-neoass:SUM-an=tadānu[give//give]V'V$iddan",
"f": {"lang": "akk-x-neoass",
"form": "SUM-an",
"cf": "tadānu",
"gw": "give",
"sense": "give",
"norm": "iddan",
"pos": "V",
"epos": "V"}
}
,
{
"node": "d",
"type": "nonx",
"ref": "P335088.9",
"strict": "0",
"extent": "rest",
"state": "missing"}
,
{
"node": "d",
"subtype": "reverse",
"type": "surface",
"ref": "P335088.r.10",
"type": "reverse",
"label": "r"}
,
{
"node": "d",
"type": "nonx",
"ref": "P335088.11",
"strict": "0",
"extent": "beginning",
"state": "missing"}
,
{
"node": "d",
"type": "nonx",
"ref": "P335088.12",
"strict": "0",
"extent": "1",
"scope": "impression",
"state": "other"}
,
{
"node": "d",
"type": "line-start",
"ref": "P335088.13",
"n": "1'",
"label": "r 1'"}
,
{
"node": "l",
"frag": "<$IGI$>",
"id": "P335088.l08292",
"ref": "P335088.13.1",
"inst": "šību[witness]N",
"sig": "@saao/saa14%akk-x-neoass:IGI=šību[witness//witness]N'N$šību",
"f": {"lang": "akk-x-neoass",
"form": "IGI",
"cf": "šību",
"gw": "witness",
"sense": "witness",
"norm": "šību",
"pos": "N",
"epos": "N"}
}
,
{
"node": "d",
"type": "line-start",
"ref": "P335088.14",
"n": "2'",
"label": "r 2'"}
,
{
"node": "l",
"frag": "IGI",
"id": "P335088.l08293",
"ref": "P335088.14.1",
"inst": "šību[witness]N",
"sig": "@saao/saa14%akk-x-neoass:IGI=šību[witness//witness]N'N$šību",
"f": {"lang": "akk-x-neoass",
"form": "IGI",
"cf": "šību",
"gw": "witness",
"sense": "witness",
"norm": "šību",
"pos": "N",
"epos": "N"}
}
,
{
"node": "l",
"frag": "{1}te-rik-[x",
"id": "P335088.l08294",
"ref": "P335088.14.2",
"inst": "u",
"f": {"lang": "akk-x-neoass",
"form": "{1}te-rik-x",
"pos": "u"}
}
,
{
"node": "l",
"frag": "x]",
"id": "P335088.l08295",
"ref": "P335088.14.3",
"inst": "u",
"f": {"lang": "akk-x-neoass",
"form": "x",
"pos": "u"}
}
,
{
"node": "d",
"type": "line-start",
"ref": "P335088.15",
"n": "3'",
"label": "r 3'"}
,
{
"node": "l",
"frag": "IGI",
"id": "P335088.l08296",
"ref": "P335088.15.1",
"inst": "šību[witness]N",
"sig": "@saao/saa14%akk-x-neoass:IGI=šību[witness//witness]N'N$šību",
"f": {"lang": "akk-x-neoass",
"form": "IGI",
"cf": "šību",
"gw": "witness",
"sense": "witness",
"norm": "šību",
"pos": "N",
"epos": "N"}
}
,
{
"node": "l",
"frag": "{1}LUGAL-⸢DINGIR-a⸣.[a",
"id": "P335088.l08297",
"ref": "P335088.15.2",
"inst": "Šarru-ilaʾi[1]PN",
"sig": "@saao/saa14%akk-x-neoass:{1}LUGAL-DINGIR-a.a=Šarru-ilaʾi[1//1]PN'PN$Šarru-ilaʾi",
"f": {"lang": "akk-x-neoass",
"form": "{1}LUGAL-DINGIR-a.a",
"cf": "Šarru-ilaʾi",
"gw": "1",
"sense": "1",
"norm": "Šarru-ilaʾi",
"pos": "PN",
"epos": "PN"}
}
,
{
"node": "l",
"frag": "x",
"id": "P335088.l08298",
"ref": "P335088.15.3",
"inst": "u",
"f": {"lang": "akk-x-neoass",
"form": "x",
"pos": "u"}
}
,
{
"node": "l",
"frag": "x",
"id": "P335088.l08299",
"ref": "P335088.15.4",
"inst": "u",
"f": {"lang": "akk-x-neoass",
"form": "x",
"pos": "u"}
}
,
{
"node": "l",
"frag": "x]",
"id": "P335088.l0829a",
"ref": "P335088.15.5",
"inst": "u",
"f": {"lang": "akk-x-neoass",
"form": "x",
"pos": "u"}
}
,
{
"node": "d",
"type": "line-start",
"ref": "P335088.16",
"n": "4'",
"label": "r 4'"}
,
{
"node": "l",
"frag": "IGI",
"id": "P335088.l0829b",
"ref": "P335088.16.1",
"inst": "šību[witness]N",
"sig": "@saao/saa14%akk-x-neoass:IGI=šību[witness//witness]N'N$šību",
"f": {"lang": "akk-x-neoass",
"form": "IGI",
"cf": "šību",
"gw": "witness",
"sense": "witness",
"norm": "šību",
"pos": "N",
"epos": "N"}
}
,
{
"node": "l",
"frag": "{1}qur-[di-x",
"id": "P335088.l0829c",
"ref": "P335088.16.2",
"inst": "u",
"f": {"lang": "akk-x-neoass",
"form": "{1}qur-di-x",
"pos": "u"}
}
,
{
"node": "l",
"frag": "x",
"id": "P335088.l0829d",
"ref": "P335088.16.3",
"inst": "u",
"f": {"lang": "akk-x-neoass",
"form": "x",
"pos": "u"}
}
,
{
"node": "l",
"frag": "x]",
"id": "P335088.l0829e",
"ref": "P335088.16.4",
"inst": "u",
"f": {"lang": "akk-x-neoass",
"form": "x",
"pos": "u"}
}
,
{
"node": "d",
"type": "nonx",
"ref": "P335088.17",
"strict": "1",
"extent": "1",
"scope": "line",
"state": "blank"}
,
{
"node": "d",
"type": "line-start",
"ref": "P335088.18",
"n": "5'",
"label": "r 5'"}
,
{
"node": "l",
"frag": "{iti}⸢ŠU⸣",
"id": "P335088.l0829f",
"ref": "P335088.18.1",
"inst": "Taʾuzi[Tammuz]MN",
"sig": "@saao/saa14%akk-x-neoass:{ITI}ŠU=Duʾuzu[Tammuz//Tammuz]MN'MN$Taʾuzi",
"f": {"lang": "akk-x-neoass",
"form": "{ITI}ŠU",
"cf": "Duʾuzu",
"gw": "Tammuz",
"sense": "Tammuz",
"norm": "Taʾuzi",
"pos": "MN",
"epos": "MN"}
}
,
{
"node": "l",
"frag": "[UD",
"id": "P335088.l082a0",
"ref": "P335088.18.2",
"inst": "ūm[day]N",
"sig": "@saao/saa14%akk-x-neoass:UD=ūmu[day//day]N'N$ūm",
"f": {"lang": "akk-x-neoass",
"form": "UD",
"cf": "ūmu",
"gw": "day",
"sense": "day",
"norm": "ūm",
"pos": "N",
"epos": "N"}
}
,
{
"node": "l",
"frag": "x]-KAM₂",
"id": "P335088.l082a1",
"ref": "P335088.18.3",
"inst": "n",
"f": {"lang": "akk-x-neoass",
"form": "x-KAM₂",
"pos": "n"}
}
,
{
"node": "l",
"frag": "[lim-mu",
"id": "P335088.l082a2",
"ref": "P335088.18.4",
"inst": "limmu[eponym (of year)]N",
"sig": "@saao/saa14%akk-x-neoass:lim-mu=līmu[eponym (of year)//eponym (of year)]N'N$limmu",
"f": {"lang": "akk-x-neoass",
"form": "lim-mu",
"cf": "līmu",
"gw": "eponym (of year)",
"sense": "eponym (of year)",
"norm": "limmu",
"pos": "N",
"epos": "N"}
}
,
{
"node": "l",
"frag": "{1}x",
"id": "P335088.l082a3",
"ref": "P335088.18.5",
"inst": "u",
"f": {"lang": "akk-x-neoass",
"form": "{1}x",
"pos": "u"}
}
,
{
"node": "l",
"frag": "x",
"id": "P335088.l082a4",
"ref": "P335088.18.6",
"inst": "u",
"f": {"lang": "akk-x-neoass",
"form": "x",
"pos": "u"}
}
,
{
"node": "l",
"frag": "x]",
"id": "P335088.l082a5",
"ref": "P335088.18.7",
"inst": "u",
"f": {"lang": "akk-x-neoass",
"form": "x",
"pos": "u"}
}
,
{
"node": "d",
"type": "line-start",
"ref": "P335088.19",
"n": "6'",
"label": "r 6'"}
,
{
"node": "l",
"frag": "IGI",
"id": "P335088.l082a6",
"ref": "P335088.19.1",
"inst": "šību[witness]N",
"sig": "@saao/saa14%akk-x-neoass:IGI=šību[witness//witness]N'N$šību",
"f": {"lang": "akk-x-neoass",
"form": "IGI",
"cf": "šību",
"gw": "witness",
"sense": "witness",
"norm": "šību",
"pos": "N",
"epos": "N"}
}
,
{
"node": "l",
"frag": "{1}{d}PA-ša₂-⸢rid⸣",
"id": "P335088.l082a7",
"ref": "P335088.19.2",
"inst": "Nabu-ašared[1]PN$",
"sig": "@saao/saa14%akk-x-neoass:{1}{d}PA-ša₂-rid=Nabu-ašared[1//1]PN'PN$Nabu-ašared",
"f": {"lang": "akk-x-neoass",
"form": "{1}{d}PA-ša₂-rid",
"cf": "Nabu-ašared",
"gw": "1",
"sense": "1",
"norm": "Nabu-ašared",
"pos": "PN",
"epos": "PN"}
}
,
{
"node": "l",
"frag": "[x",
"id": "P335088.l082a8",
"ref": "P335088.19.3",
"inst": "u",
"f": {"lang": "akk-x-neoass",
"form": "x",
"pos": "u"}
}
,
{
"node": "l",
"frag": "x",
"id": "P335088.l082a9",
"ref": "P335088.19.4",
"inst": "u",
"f": {"lang": "akk-x-neoass",
"form": "x",
"pos": "u"}
}
,
{
"node": "l",
"frag": "x]",
"id": "P335088.l082aa",
"ref": "P335088.19.5",
"inst": "u",
"f": {"lang": "akk-x-neoass",
"form": "x",
"pos": "u"}
}
,
{
"node": "d",
"subtype": "edge",
"type": "surface",
"ref": "P335088.e..20",
"type": "edge",
"label": "e."}
,
{
"node": "d",
"type": "nonx",
"ref": "P335088.21",
"strict": "0",
"extent": "1",
"scope": "impression",
"state": "other"}
]}
]}
]}
,
{
"linkbase": [{
"type": "linkset",
"xlink_title": "rab karmāni[chief of granaries//chief of granaries]N'N",
"id": "P335088.ls00000",
"xlink_type": "extended",
"xlink_role": "psu",
"sig": "{rabû[big one]N karmu[heap]N += rab karmāni[chief of granaries//chief of granaries]N'N}::@saao%akk-x-neoass:{LU₂}GAL-kar-ma-ni=rabû[big one//big one]N'N$rab++@saao%akk-x-neoass:{LU₂}GAL-kar-ma-ni=karmu[heap//heap]N'N$karmāni",
"links": [
{
"type": "link",
"xlink_title": "rabû",
"xlink_type": "locator",
"xlink_href": "#P335088.l08281",
"xlink_role": "elt"}
,
{
"type": "link",
"xlink_title": "karmu",
"xlink_type": "locator",
"xlink_href": "#P335088.l08282",
"xlink_role": "elt"}
]}
]}
]}
