{
"type": "cdl",
  "source": "http://oracc.org/saao/saa14",
  "license": "This data is released under the CC0 license",
  "license-url": "https://creativecommons.org/publicdomain/zero/1.0/",
  "more-info": "http://oracc.org/doc/opendata/",
  "UTC-timestamp": "2017-05-19T11:50:05",
"project": "saao/saa14",
"textid": "P335503",
"cdl": [
{
"node": "c",
"type": "text",
"id": "P335503.U0",
"cdl": [
{
"node": "d",
"type": "object",
"ref": ""}
,
{
"node": "d",
"subtype": "obverse",
"type": "surface",
"ref": "P335503.o.1",
"type": "obverse",
"label": "o"}
,
{
"node": "d",
"type": "nonx",
"ref": "P335503.2",
"strict": "0",
"state": "missing"}
,
{
"node": "d",
"subtype": "reverse",
"type": "surface",
"ref": "P335503.r.3",
"type": "reverse",
"label": "r"}
,
{
"node": "d",
"type": "nonx",
"ref": "P335503.4",
"strict": "0",
"extent": "beginning",
"state": "missing"}
,
{
"node": "c",
"type": "discourse",
"subtype": "body",
"id": "P335503.U1",
"cdl": [
{
"node": "c",
"type": "sentence",
"id": "P335503.U2",
"label": "r 1' - r.e. 12",
"cdl": [
{
"node": "d",
"type": "line-start",
"ref": "P335503.5",
"n": "1'",
"label": "r 1'"}
,
{
"node": "l",
"frag": "lu-u",
"id": "P335503.l059f9",
"ref": "P335503.5.1",
"inst": "lū[may]MOD",
"sig": "@saao/saa14%akk-x-neoass:lu-u=lū[may//may]MOD'MOD$lū",
"f": {"lang": "akk-x-neoass",
"form": "lu-u",
"cf": "lū",
"gw": "may",
"sense": "may",
"norm": "lū",
"pos": "MOD",
"epos": "MOD"}
}
,
{
"node": "l",
"frag": "ŠEŠ-MEŠ-[x",
"id": "P335503.l059fa",
"ref": "P335503.5.2",
"inst": "u",
"f": {"lang": "akk-x-neoass",
"form": "ŠEŠ-MEŠ-x",
"pos": "u"}
}
,
{
"node": "l",
"frag": "x",
"id": "P335503.l059fb",
"ref": "P335503.5.3",
"inst": "u",
"f": {"lang": "akk-x-neoass",
"form": "x",
"pos": "u"}
}
,
{
"node": "l",
"frag": "x",
"id": "P335503.l059fc",
"ref": "P335503.5.4",
"inst": "u",
"f": {"lang": "akk-x-neoass",
"form": "x",
"pos": "u"}
}
,
{
"node": "l",
"frag": "x",
"id": "P335503.l059fd",
"ref": "P335503.5.5",
"inst": "u",
"f": {"lang": "akk-x-neoass",
"form": "x",
"pos": "u"}
}
,
{
"node": "l",
"frag": "x",
"id": "P335503.l059fe",
"ref": "P335503.5.6",
"inst": "u",
"f": {"lang": "akk-x-neoass",
"form": "x",
"pos": "u"}
}
,
{
"node": "l",
"frag": "x",
"id": "P335503.l059ff",
"ref": "P335503.5.7",
"inst": "u",
"f": {"lang": "akk-x-neoass",
"form": "x",
"pos": "u"}
}
,
{
"node": "l",
"frag": "x",
"id": "P335503.l05a00",
"ref": "P335503.5.8",
"inst": "u",
"f": {"lang": "akk-x-neoass",
"form": "x",
"pos": "u"}
}
,
{
"node": "l",
"frag": "x]",
"id": "P335503.l05a01",
"ref": "P335503.5.9",
"inst": "u",
"f": {"lang": "akk-x-neoass",
"form": "x",
"pos": "u"}
}
,
{
"node": "d",
"type": "line-start",
"ref": "P335503.6",
"n": "2'",
"label": "r 2'"}
,
{
"node": "l",
"frag": "u₃",
"id": "P335503.l05a02",
"ref": "P335503.6.1",
"inst": "u[and]CNJ",
"sig": "@saao/saa14%akk-x-neoass:u₃=u[and//and]CNJ'CNJ$u",
"f": {"lang": "akk-x-neoass",
"form": "u₃",
"cf": "u",
"gw": "and",
"sense": "and",
"norm": "u",
"pos": "CNJ",
"epos": "CNJ"}
}
,
{
"node": "l",
"frag": "DUMU-MEŠ",
"id": "P335503.l05a03",
"ref": "P335503.6.2",
"inst": "marʾē[son]N",
"sig": "@saao/saa14%akk-x-neoass:DUMU-MEŠ=māru[son//son]N'N$marʾē",
"f": {"lang": "akk-x-neoass",
"form": "DUMU-MEŠ",
"cf": "māru",
"gw": "son",
"sense": "son",
"norm": "marʾē",
"pos": "N",
"epos": "N"}
}
,
{
"node": "l",
"frag": "[x",
"id": "P335503.l05a04",
"ref": "P335503.6.3",
"inst": "u",
"f": {"lang": "akk-x-neoass",
"form": "x",
"pos": "u"}
}
,
{
"node": "l",
"frag": "x",
"id": "P335503.l05a05",
"ref": "P335503.6.4",
"inst": "u",
"f": {"lang": "akk-x-neoass",
"form": "x",
"pos": "u"}
}
,
{
"node": "l",
"frag": "x",
"id": "P335503.l05a06",
"ref": "P335503.6.5",
"inst": "u",
"f": {"lang": "akk-x-neoass",
"form": "x",
"pos": "u"}
}
,
{
"node": "l",
"frag": "x",
"id": "P335503.l05a07",
"ref": "P335503.6.6",
"inst": "u",
"f": {"lang": "akk-x-neoass",
"form": "x",
"pos": "u"}
}
,
{
"node": "l",
"frag": "x",
"id": "P335503.l05a08",
"ref": "P335503.6.7",
"inst": "u",
"f": {"lang": "akk-x-neoass",
"form": "x",
"pos": "u"}
}
,
{
"node": "l",
"frag": "x",
"id": "P335503.l05a09",
"ref": "P335503.6.8",
"inst": "u",
"f": {"lang": "akk-x-neoass",
"form": "x",
"pos": "u"}
}
,
{
"node": "l",
"frag": "x",
"id": "P335503.l05a0a",
"ref": "P335503.6.9",
"inst": "u",
"f": {"lang": "akk-x-neoass",
"form": "x",
"pos": "u"}
}
,
{
"node": "l",
"frag": "x]",
"id": "P335503.l05a0b",
"ref": "P335503.6.10",
"inst": "u",
"f": {"lang": "akk-x-neoass",
"form": "x",
"pos": "u"}
}
,
{
"node": "d",
"type": "line-start",
"ref": "P335503.7",
"n": "3'",
"label": "r 3'"}
,
{
"node": "l",
"frag": "ub-ta-ʾu-u-ni",
"id": "P335503.l05a0c",
"ref": "P335503.7.1",
"inst": "ubtaʾʾūni[seek]V",
"sig": "@saao/saa14%akk-x-neoass:ub-ta-ʾu-u-ni=buʾʾû[look for//seek]V'V$ubtaʾʾūni",
"f": {"lang": "akk-x-neoass",
"form": "ub-ta-ʾu-u-ni",
"cf": "buʾʾû",
"gw": "look for",
"sense": "seek",
"norm": "ubtaʾʾūni",
"pos": "V",
"epos": "V"}
}
,
{
"node": "l",
"frag": "[x",
"id": "P335503.l05a0d",
"ref": "P335503.7.2",
"inst": "u",
"f": {"lang": "akk-x-neoass",
"form": "x",
"pos": "u"}
}
,
{
"node": "l",
"frag": "x",
"id": "P335503.l05a0e",
"ref": "P335503.7.3",
"inst": "u",
"f": {"lang": "akk-x-neoass",
"form": "x",
"pos": "u"}
}
,
{
"node": "l",
"frag": "x",
"id": "P335503.l05a0f",
"ref": "P335503.7.4",
"inst": "u",
"f": {"lang": "akk-x-neoass",
"form": "x",
"pos": "u"}
}
,
{
"node": "l",
"frag": "x",
"id": "P335503.l05a10",
"ref": "P335503.7.5",
"inst": "u",
"f": {"lang": "akk-x-neoass",
"form": "x",
"pos": "u"}
}
,
{
"node": "l",
"frag": "x",
"id": "P335503.l05a11",
"ref": "P335503.7.6",
"inst": "u",
"f": {"lang": "akk-x-neoass",
"form": "x",
"pos": "u"}
}
,
{
"node": "l",
"frag": "x",
"id": "P335503.l05a12",
"ref": "P335503.7.7",
"inst": "u",
"f": {"lang": "akk-x-neoass",
"form": "x",
"pos": "u"}
}
,
{
"node": "l",
"frag": "x",
"id": "P335503.l05a13",
"ref": "P335503.7.8",
"inst": "u",
"f": {"lang": "akk-x-neoass",
"form": "x",
"pos": "u"}
}
,
{
"node": "l",
"frag": "x]",
"id": "P335503.l05a14",
"ref": "P335503.7.9",
"inst": "u",
"f": {"lang": "akk-x-neoass",
"form": "x",
"pos": "u"}
}
,
{
"node": "d",
"type": "line-start",
"ref": "P335503.8",
"n": "4'",
"label": "r 4'"}
,
{
"node": "l",
"frag": "sak-ru",
"id": "P335503.l05a15",
"ref": "P335503.8.1",
"inst": "sakru[refined]AJ",
"sig": "@saao/saa14%akk-x-neoass:sak-ru=sakru[refined//refined]AJ'AJ$sakru",
"f": {"lang": "akk-x-neoass",
"form": "sak-ru",
"cf": "sakru",
"gw": "refined",
"sense": "refined",
"norm": "sakru",
"pos": "AJ",
"epos": "AJ"}
}
,
{
"node": "l",
"frag": "ina",
"id": "P335503.l05a16",
"ref": "P335503.8.2",
"inst": "ina[in]PRP",
"sig": "@saao/saa14%akk-x-neoass:ina=ina[in//in]PRP'PRP$ina",
"f": {"lang": "akk-x-neoass",
"form": "ina",
"cf": "ina",
"gw": "in",
"sense": "in",
"norm": "ina",
"pos": "PRP",
"epos": "PRP"}
}
,
{
"node": "l",
"frag": "bur-ki",
"id": "P335503.l05a17",
"ref": "P335503.8.3",
"inst": "burki[lap]N",
"sig": "@saao/saa14%akk-x-neoass:bur-ki=burku[knee//lap]N'N$burki",
"f": {"lang": "akk-x-neoass",
"form": "bur-ki",
"cf": "burku",
"gw": "knee",
"sense": "lap",
"norm": "burki",
"pos": "N",
"epos": "N"}
}
,
{
"node": "l",
"frag": "[x",
"id": "P335503.l05a18",
"ref": "P335503.8.4",
"inst": "u",
"f": {"lang": "akk-x-neoass",
"form": "x",
"pos": "u"}
}
,
{
"node": "l",
"frag": "x",
"id": "P335503.l05a19",
"ref": "P335503.8.5",
"inst": "u",
"f": {"lang": "akk-x-neoass",
"form": "x",
"pos": "u"}
}
,
{
"node": "l",
"frag": "x",
"id": "P335503.l05a1a",
"ref": "P335503.8.6",
"inst": "u",
"f": {"lang": "akk-x-neoass",
"form": "x",
"pos": "u"}
}
,
{
"node": "l",
"frag": "x",
"id": "P335503.l05a1b",
"ref": "P335503.8.7",
"inst": "u",
"f": {"lang": "akk-x-neoass",
"form": "x",
"pos": "u"}
}
,
{
"node": "l",
"frag": "x",
"id": "P335503.l05a1c",
"ref": "P335503.8.8",
"inst": "u",
"f": {"lang": "akk-x-neoass",
"form": "x",
"pos": "u"}
}
,
{
"node": "l",
"frag": "x",
"id": "P335503.l05a1d",
"ref": "P335503.8.9",
"inst": "u",
"f": {"lang": "akk-x-neoass",
"form": "x",
"pos": "u"}
}
,
{
"node": "l",
"frag": "x",
"id": "P335503.l05a1e",
"ref": "P335503.8.10",
"inst": "u",
"f": {"lang": "akk-x-neoass",
"form": "x",
"pos": "u"}
}
,
{
"node": "l",
"frag": "x]",
"id": "P335503.l05a1f",
"ref": "P335503.8.11",
"inst": "u",
"f": {"lang": "akk-x-neoass",
"form": "x",
"pos": "u"}
}
,
{
"node": "d",
"type": "line-start",
"ref": "P335503.9",
"n": "5'",
"label": "r 5'"}
,
{
"node": "l",
"frag": "01",
"id": "P335503.l05a20",
"ref": "P335503.9.1",
"inst": "n",
"f": {"lang": "akk-x-neoass",
"form": "01",
"pos": "n"}
}
,
{
"node": "l",
"frag": "GU₂.UN",
"id": "P335503.l05a21",
"ref": "P335503.9.2",
"inst": "biltu[a unit of weight]N",
"sig": "@saao/saa14%akk-x-neoass:GU₂.UN=biltu[load//a unit of weight]N'N$biltu",
"f": {"lang": "akk-x-neoass",
"form": "GU₂.UN",
"cf": "biltu",
"gw": "load",
"sense": "a unit of weight",
"norm": "biltu",
"pos": "N",
"epos": "N"}
}
,
{
"node": "l",
"frag": "AN.NA",
"id": "P335503.l05a22",
"ref": "P335503.9.3",
"inst": "annuku[tin]N",
"sig": "@saao/saa14%akk-x-neoass:AN.NA=annaku[tin//tin]N'N$annuku",
"f": {"lang": "akk-x-neoass",
"form": "AN.NA",
"cf": "annaku",
"gw": "tin",
"sense": "tin",
"norm": "annuku",
"pos": "N",
"epos": "N"}
}
,
{
"node": "l",
"frag": "a-na",
"id": "P335503.l05a23",
"ref": "P335503.9.4",
"inst": "ana[to]PRP",
"sig": "@saao/saa14%akk-x-neoass:a-na=ana[to//to]PRP'PRP$ana",
"f": {"lang": "akk-x-neoass",
"form": "a-na",
"cf": "ana",
"gw": "to",
"sense": "to",
"norm": "ana",
"pos": "PRP",
"epos": "PRP"}
}
,
{
"node": "l",
"frag": "[x",
"id": "P335503.l05a24",
"ref": "P335503.9.5",
"inst": "u",
"f": {"lang": "akk-x-neoass",
"form": "x",
"pos": "u"}
}
,
{
"node": "l",
"frag": "x",
"id": "P335503.l05a25",
"ref": "P335503.9.6",
"inst": "u",
"f": {"lang": "akk-x-neoass",
"form": "x",
"pos": "u"}
}
,
{
"node": "l",
"frag": "x",
"id": "P335503.l05a26",
"ref": "P335503.9.7",
"inst": "u",
"f": {"lang": "akk-x-neoass",
"form": "x",
"pos": "u"}
}
,
{
"node": "l",
"frag": "x",
"id": "P335503.l05a27",
"ref": "P335503.9.8",
"inst": "u",
"f": {"lang": "akk-x-neoass",
"form": "x",
"pos": "u"}
}
,
{
"node": "l",
"frag": "x",
"id": "P335503.l05a28",
"ref": "P335503.9.9",
"inst": "u",
"f": {"lang": "akk-x-neoass",
"form": "x",
"pos": "u"}
}
,
{
"node": "l",
"frag": "x]",
"id": "P335503.l05a29",
"ref": "P335503.9.10",
"inst": "u",
"f": {"lang": "akk-x-neoass",
"form": "x",
"pos": "u"}
}
,
{
"node": "d",
"type": "line-start",
"ref": "P335503.10",
"n": "6'",
"label": "r 6'"}
,
{
"node": "l",
"frag": "a-na",
"id": "P335503.l05a2a",
"ref": "P335503.10.1",
"inst": "ana[to+=tenfold]PRP",
"sig": "@saao/saa14%akk-x-neoass:a-na=ana[to//to]PRP'PRP$ana",
"f": {"lang": "akk-x-neoass",
"form": "a-na",
"cf": "ana",
"gw": "to",
"sense": "to",
"norm": "ana",
"pos": "PRP",
"epos": "PRP"}
}
,
{
"node": "l",
"frag": "10-a-te",
"id": "P335503.l05a2b",
"ref": "P335503.10.2",
"inst": "ešrāte[tenfold]AV",
"sig": "@saao/saa14%akk-x-neoass:10-a-te=ešriātu[tenfold//tenfold]AV'AV$ešrāte",
"f": {"lang": "akk-x-neoass",
"form": "10-a-te",
"cf": "ešriātu",
"gw": "tenfold",
"sense": "tenfold",
"norm": "ešrāte",
"pos": "AV",
"epos": "AV"}
}
,
{
"node": "l",
"frag": "a-na",
"id": "P335503.l05a2c",
"ref": "P335503.10.3",
"inst": "ana[to]PRP",
"sig": "@saao/saa14%akk-x-neoass:a-na=ana[to//to]PRP'PRP$ana",
"f": {"lang": "akk-x-neoass",
"form": "a-na",
"cf": "ana",
"gw": "to",
"sense": "to",
"norm": "ana",
"pos": "PRP",
"epos": "PRP"}
}
,
{
"node": "l",
"frag": "EN-[šu₂",
"id": "P335503.l05a2d",
"ref": "P335503.10.4",
"inst": "bēlīšu[owner]N",
"sig": "@saao/saa14%akk-x-neoass:EN-šu₂=bēlu[lord//owner]N'N$bēlīšu",
"f": {"lang": "akk-x-neoass",
"form": "EN-šu₂",
"cf": "bēlu",
"gw": "lord",
"sense": "owner",
"norm": "bēlīšu",
"pos": "N",
"epos": "N"}
}
,
{
"node": "l",
"frag": "x",
"id": "P335503.l05a2e",
"ref": "P335503.10.5",
"inst": "u",
"f": {"lang": "akk-x-neoass",
"form": "x",
"pos": "u"}
}
,
{
"node": "l",
"frag": "x",
"id": "P335503.l05a2f",
"ref": "P335503.10.6",
"inst": "u",
"f": {"lang": "akk-x-neoass",
"form": "x",
"pos": "u"}
}
,
{
"node": "l",
"frag": "x",
"id": "P335503.l05a30",
"ref": "P335503.10.7",
"inst": "u",
"f": {"lang": "akk-x-neoass",
"form": "x",
"pos": "u"}
}
,
{
"node": "l",
"frag": "x",
"id": "P335503.l05a31",
"ref": "P335503.10.8",
"inst": "u",
"f": {"lang": "akk-x-neoass",
"form": "x",
"pos": "u"}
}
,
{
"node": "l",
"frag": "x",
"id": "P335503.l05a32",
"ref": "P335503.10.9",
"inst": "u",
"f": {"lang": "akk-x-neoass",
"form": "x",
"pos": "u"}
}
,
{
"node": "l",
"frag": "x]",
"id": "P335503.l05a33",
"ref": "P335503.10.10",
"inst": "u",
"f": {"lang": "akk-x-neoass",
"form": "x",
"pos": "u"}
}
,
{
"node": "d",
"type": "nonx",
"ref": "P335503.11",
"strict": "1",
"extent": "n",
"scope": "line",
"state": "ruling"}
,
{
"node": "d",
"type": "line-start",
"ref": "P335503.12",
"n": "7'",
"label": "r 7'"}
,
{
"node": "l",
"frag": "IGI",
"id": "P335503.l05a34",
"ref": "P335503.12.1",
"inst": "šību[witness]N",
"sig": "@saao/saa14%akk-x-neoass:IGI=šību[witness//witness]N'N$šību",
"f": {"lang": "akk-x-neoass",
"form": "IGI",
"cf": "šību",
"gw": "witness",
"sense": "witness",
"norm": "šību",
"pos": "N",
"epos": "N"}
}
,
{
"node": "l",
"frag": "{1}{d}EN-NUMUN-BA-ša₂",
"id": "P335503.l05a35",
"ref": "P335503.12.2",
"inst": "Bel-zeru-iqiša[1]PN$",
"sig": "@saao/saa14%akk-x-neoass:{1}{d}EN-NUMUN-BA-ša₂=Bel-zeru-iqiša[1//1]PN'PN$Bel-zeru-iqiša",
"f": {"lang": "akk-x-neoass",
"form": "{1}{d}EN-NUMUN-BA-ša₂",
"cf": "Bel-zeru-iqiša",
"gw": "1",
"sense": "1",
"norm": "Bel-zeru-iqiša",
"pos": "PN",
"epos": "PN"}
}
,
{
"node": "l",
"frag": "{lu₂v}[x",
"id": "P335503.l05a36",
"ref": "P335503.12.3",
"inst": "u",
"f": {"lang": "akk-x-neoass",
"form": "{LU₂}x",
"pos": "u"}
}
,
{
"node": "l",
"frag": "x",
"id": "P335503.l05a37",
"ref": "P335503.12.4",
"inst": "u",
"f": {"lang": "akk-x-neoass",
"form": "x",
"pos": "u"}
}
,
{
"node": "l",
"frag": "x",
"id": "P335503.l05a38",
"ref": "P335503.12.5",
"inst": "u",
"f": {"lang": "akk-x-neoass",
"form": "x",
"pos": "u"}
}
,
{
"node": "l",
"frag": "x]",
"id": "P335503.l05a39",
"ref": "P335503.12.6",
"inst": "u",
"f": {"lang": "akk-x-neoass",
"form": "x",
"pos": "u"}
}
,
{
"node": "d",
"type": "line-start",
"ref": "P335503.13",
"n": "8'",
"label": "r 8'"}
,
{
"node": "l",
"frag": "[IGI]",
"id": "P335503.l05a3a",
"ref": "P335503.13.1",
"inst": "šību[witness]N",
"sig": "@saao/saa14%akk-x-neoass:IGI=šību[witness//witness]N'N$šību",
"f": {"lang": "akk-x-neoass",
"form": "IGI",
"cf": "šību",
"gw": "witness",
"sense": "witness",
"norm": "šību",
"pos": "N",
"epos": "N"}
}
,
{
"node": "l",
"frag": "{1}{d}IM-šal-lim",
"id": "P335503.l05a3b",
"ref": "P335503.13.2",
"inst": "Adad-šallim[1]PN",
"sig": "@saao/saa14%akk-x-neoass:{1}{d}IM-šal-lim=Adad-šallim[1//1]PN'PN$Adad-šallim",
"f": {"lang": "akk-x-neoass",
"form": "{1}{d}IM-šal-lim",
"cf": "Adad-šallim",
"gw": "1",
"sense": "1",
"norm": "Adad-šallim",
"pos": "PN",
"epos": "PN"}
}
,
{
"node": "l",
"frag": "[x",
"id": "P335503.l05a3c",
"ref": "P335503.13.3",
"inst": "u",
"f": {"lang": "akk-x-neoass",
"form": "x",
"pos": "u"}
}
,
{
"node": "l",
"frag": "x",
"id": "P335503.l05a3d",
"ref": "P335503.13.4",
"inst": "u",
"f": {"lang": "akk-x-neoass",
"form": "x",
"pos": "u"}
}
,
{
"node": "l",
"frag": "x",
"id": "P335503.l05a3e",
"ref": "P335503.13.5",
"inst": "u",
"f": {"lang": "akk-x-neoass",
"form": "x",
"pos": "u"}
}
,
{
"node": "l",
"frag": "x]",
"id": "P335503.l05a3f",
"ref": "P335503.13.6",
"inst": "u",
"f": {"lang": "akk-x-neoass",
"form": "x",
"pos": "u"}
}
,
{
"node": "d",
"type": "line-start",
"ref": "P335503.14",
"n": "9'",
"label": "r 9'"}
,
{
"node": "l",
"frag": "[IGI]",
"id": "P335503.l05a40",
"ref": "P335503.14.1",
"inst": "šību[witness]N",
"sig": "@saao/saa14%akk-x-neoass:IGI=šību[witness//witness]N'N$šību",
"f": {"lang": "akk-x-neoass",
"form": "IGI",
"cf": "šību",
"gw": "witness",
"sense": "witness",
"norm": "šību",
"pos": "N",
"epos": "N"}
}
,
{
"node": "l",
"frag": "{1}se-eʾ-ha-an-[x",
"id": "P335503.l05a41",
"ref": "P335503.14.2",
"inst": "u",
"f": {"lang": "akk-x-neoass",
"form": "{1}se-eʾ-ha-an-x",
"pos": "u"}
}
,
{
"node": "l",
"frag": "x",
"id": "P335503.l05a42",
"ref": "P335503.14.3",
"inst": "u",
"f": {"lang": "akk-x-neoass",
"form": "x",
"pos": "u"}
}
,
{
"node": "l",
"frag": "x",
"id": "P335503.l05a43",
"ref": "P335503.14.4",
"inst": "u",
"f": {"lang": "akk-x-neoass",
"form": "x",
"pos": "u"}
}
,
{
"node": "l",
"frag": "x]",
"id": "P335503.l05a44",
"ref": "P335503.14.5",
"inst": "u",
"f": {"lang": "akk-x-neoass",
"form": "x",
"pos": "u"}
}
,
{
"node": "d",
"type": "line-start",
"ref": "P335503.15",
"n": "10'",
"label": "r 10'"}
,
{
"node": "l",
"frag": "[IGI",
"id": "P335503.l05a45",
"ref": "P335503.15.1",
"inst": "šību[witness]N",
"sig": "@saao/saa14%akk-x-neoass:IGI=šību[witness//witness]N'N$šību",
"f": {"lang": "akk-x-neoass",
"form": "IGI",
"cf": "šību",
"gw": "witness",
"sense": "witness",
"norm": "šību",
"pos": "N",
"epos": "N"}
}
,
{
"node": "l",
"frag": "{1}30--na-tan-⸢nu⸣",
"id": "P335503.l05a46",
"ref": "P335503.15.2",
"inst": "Sin-natannu[1]PN$",
"sig": "@saao/saa14%akk-x-neoass:{1}30-na-tan-nu=Sin-natannu[1//1]PN'PN$Sin-natannu",
"f": {"lang": "akk-x-neoass",
"form": "{1}30-na-tan-nu",
"cf": "Sin-natannu",
"gw": "1",
"sense": "1",
"norm": "Sin-natannu",
"pos": "PN",
"epos": "PN"}
}
,
{
"node": "l",
"frag": "[x",
"id": "P335503.l05a47",
"ref": "P335503.15.3",
"inst": "u",
"f": {"lang": "akk-x-neoass",
"form": "x",
"pos": "u"}
}
,
{
"node": "l",
"frag": "x",
"id": "P335503.l05a48",
"ref": "P335503.15.4",
"inst": "u",
"f": {"lang": "akk-x-neoass",
"form": "x",
"pos": "u"}
}
,
{
"node": "l",
"frag": "x]",
"id": "P335503.l05a49",
"ref": "P335503.15.5",
"inst": "u",
"f": {"lang": "akk-x-neoass",
"form": "x",
"pos": "u"}
}
,
{
"node": "d",
"subtype": "right",
"type": "surface",
"ref": "P335503.r.e..16",
"type": "right",
"label": "r.e."}
,
{
"node": "d",
"type": "line-start",
"ref": "P335503.17",
"n": "11",
"label": "r.e. 11"}
,
{
"node": "l",
"frag": "[x",
"id": "P335503.l05a4a",
"ref": "P335503.17.1",
"inst": "u",
"f": {"lang": "akk-x-neoass",
"form": "x",
"pos": "u"}
}
,
{
"node": "l",
"frag": "x",
"id": "P335503.l05a4b",
"ref": "P335503.17.2",
"inst": "u",
"f": {"lang": "akk-x-neoass",
"form": "x",
"pos": "u"}
}
,
{
"node": "l",
"frag": "x",
"id": "P335503.l05a4c",
"ref": "P335503.17.3",
"inst": "u",
"f": {"lang": "akk-x-neoass",
"form": "x",
"pos": "u"}
}
,
{
"node": "l",
"frag": "x",
"id": "P335503.l05a4d",
"ref": "P335503.17.4",
"inst": "u",
"f": {"lang": "akk-x-neoass",
"form": "x",
"pos": "u"}
}
,
{
"node": "l",
"frag": "x]-kin-nu",
"id": "P335503.l05a4e",
"ref": "P335503.17.5",
"inst": "u",
"f": {"lang": "akk-x-neoass",
"form": "x-kin-nu",
"pos": "u"}
}
,
{
"node": "l",
"frag": "[x",
"id": "P335503.l05a4f",
"ref": "P335503.17.6",
"inst": "u",
"f": {"lang": "akk-x-neoass",
"form": "x",
"pos": "u"}
}
,
{
"node": "l",
"frag": "x",
"id": "P335503.l05a50",
"ref": "P335503.17.7",
"inst": "u",
"f": {"lang": "akk-x-neoass",
"form": "x",
"pos": "u"}
}
,
{
"node": "l",
"frag": "x",
"id": "P335503.l05a51",
"ref": "P335503.17.8",
"inst": "u",
"f": {"lang": "akk-x-neoass",
"form": "x",
"pos": "u"}
}
,
{
"node": "l",
"frag": "x]",
"id": "P335503.l05a52",
"ref": "P335503.17.9",
"inst": "u",
"f": {"lang": "akk-x-neoass",
"form": "x",
"pos": "u"}
}
,
{
"node": "d",
"type": "line-start",
"ref": "P335503.18",
"n": "12",
"label": "r.e. 12"}
,
{
"node": "l",
"frag": "[x",
"id": "P335503.l05a53",
"ref": "P335503.18.1",
"inst": "u",
"f": {"lang": "akk-x-neoass",
"form": "x",
"pos": "u"}
}
,
{
"node": "l",
"frag": "x",
"id": "P335503.l05a54",
"ref": "P335503.18.2",
"inst": "u",
"f": {"lang": "akk-x-neoass",
"form": "x",
"pos": "u"}
}
,
{
"node": "l",
"frag": "x",
"id": "P335503.l05a55",
"ref": "P335503.18.3",
"inst": "u",
"f": {"lang": "akk-x-neoass",
"form": "x",
"pos": "u"}
}
,
{
"node": "l",
"frag": "x",
"id": "P335503.l05a56",
"ref": "P335503.18.4",
"inst": "u",
"f": {"lang": "akk-x-neoass",
"form": "x",
"pos": "u"}
}
,
{
"node": "l",
"frag": "x]-15",
"id": "P335503.l05a57",
"ref": "P335503.18.5",
"inst": "u",
"f": {"lang": "akk-x-neoass",
"form": "x-15",
"pos": "u"}
}
,
{
"node": "l",
"frag": "{lu₂v}[x",
"id": "P335503.l05a58",
"ref": "P335503.18.6",
"inst": "u",
"f": {"lang": "akk-x-neoass",
"form": "{LU₂}x",
"pos": "u"}
}
,
{
"node": "l",
"frag": "x",
"id": "P335503.l05a59",
"ref": "P335503.18.7",
"inst": "u",
"f": {"lang": "akk-x-neoass",
"form": "x",
"pos": "u"}
}
,
{
"node": "l",
"frag": "x",
"id": "P335503.l05a5a",
"ref": "P335503.18.8",
"inst": "u",
"f": {"lang": "akk-x-neoass",
"form": "x",
"pos": "u"}
}
,
{
"node": "l",
"frag": "x]",
"id": "P335503.l05a5b",
"ref": "P335503.18.9",
"inst": "u",
"f": {"lang": "akk-x-neoass",
"form": "x",
"pos": "u"}
}
,
{
"node": "d",
"type": "nonx",
"ref": "P335503.19",
"strict": "0",
"extent": "rest",
"state": "missing"}
]}
]}
]}
]}
