{
"type": "cdl",
  "source": "http://oracc.org/saao/saa14",
  "license": "This data is released under the CC0 license",
  "license-url": "https://creativecommons.org/publicdomain/zero/1.0/",
  "more-info": "http://oracc.org/doc/opendata/",
  "UTC-timestamp": "2017-05-19T11:49:37",
"project": "saao/saa14",
"textid": "P335103",
"cdl": [
{
"node": "c",
"type": "text",
"id": "P335103.U0",
"cdl": [
{
"node": "d",
"type": "object",
"ref": ""}
,
{
"node": "d",
"subtype": "obverse",
"type": "surface",
"ref": "P335103.o.1",
"type": "obverse",
"label": "o"}
,
{
"node": "c",
"type": "discourse",
"subtype": "body",
"id": "P335103.U1",
"cdl": [
{
"node": "c",
"type": "sentence",
"id": "P335103.U2",
"label": "o 1 - r.e. 9",
"cdl": [
{
"node": "d",
"type": "line-start",
"ref": "P335103.2",
"n": "1",
"label": "o 1"}
,
{
"node": "l",
"frag": "32",
"id": "P335103.l00753",
"ref": "P335103.2.1",
"inst": "n",
"f": {"lang": "akk-x-neoass",
"form": "32",
"pos": "n"}
}
,
{
"node": "l",
"frag": "ANŠE",
"id": "P335103.l00754",
"ref": "P335103.2.2",
"inst": "imārī[a unit of area]N",
"sig": "@saao/saa14%akk-x-neoass:ANŠE=imēru[unit//a unit of area]N'N$imārī",
"f": {"lang": "akk-x-neoass",
"form": "ANŠE",
"cf": "imēru",
"gw": "unit",
"sense": "a unit of area",
"norm": "imārī",
"pos": "N",
"epos": "N"}
}
,
{
"node": "l",
"frag": "5(ban₂)",
"id": "P335103.l00755",
"ref": "P335103.2.3",
"inst": "n",
"f": {"lang": "akk-x-neoass",
"form": "5(ban₂)",
"pos": "n"}
}
,
{
"node": "l",
"frag": "{še}PAD-MEŠ",
"id": "P335103.l00756",
"ref": "P335103.2.4",
"inst": "kurummāti[barley (ration)]N",
"sig": "@saao/saa14%akk-x-neoass:{ŠE}PAD-MEŠ=kurummatu[ration//barley (ration)]N'N$kurummāti",
"f": {"lang": "akk-x-neoass",
"form": "{ŠE}PAD-MEŠ",
"cf": "kurummatu",
"gw": "ration",
"sense": "barley (ration)",
"norm": "kurummāti",
"pos": "N",
"epos": "N"}
}
,
{
"node": "d",
"type": "line-start",
"ref": "P335103.3",
"n": "2",
"label": "o 2"}
,
{
"node": "l",
"frag": "01",
"id": "P335103.l00757",
"ref": "P335103.3.1",
"inst": "n",
"f": {"lang": "akk-x-neoass",
"form": "01",
"pos": "n"}
}
,
{
"node": "l",
"frag": "GUD.NITA₂",
"id": "P335103.l00758",
"ref": "P335103.3.2",
"inst": "alpu[ox]N",
"sig": "@saao/saa14%akk-x-neoass:GUD.NITA₂=alpu[ox//ox]N'N$alpu",
"f": {"lang": "akk-x-neoass",
"form": "GUD.NITA₂",
"cf": "alpu",
"gw": "ox",
"sense": "ox",
"norm": "alpu",
"pos": "N",
"epos": "N"}
}
,
{
"node": "l",
"frag": "ša",
"id": "P335103.l00759",
"ref": "P335103.3.3",
"inst": "ša[of]DET",
"sig": "@saao/saa14%akk-x-neoass:ša=ša[of//of]DET'DET$ša",
"f": {"lang": "akk-x-neoass",
"form": "ša",
"cf": "ša",
"gw": "of",
"sense": "of",
"norm": "ša",
"pos": "DET",
"epos": "DET"}
}
,
{
"node": "l",
"frag": "{giš}ta-lak-te",
"id": "P335103.l0075a",
"ref": "P335103.3.4",
"inst": "tallaktu[walkway//cart]N$tallakte",
"sig": "@saao/saa14%akk-x-neoass:{GIŠ}ta-lak-te=tallaktu[walkway//cart]N'N$tallakte",
"f": {"lang": "akk-x-neoass",
"form": "{GIŠ}ta-lak-te",
"cf": "tallaktu",
"gw": "walkway",
"sense": "cart",
"norm": "tallakte",
"pos": "N",
"epos": "N"}
}
,
{
"node": "d",
"type": "line-start",
"ref": "P335103.4",
"n": "3",
"label": "o 3"}
,
{
"node": "l",
"frag": "ša",
"id": "P335103.l0075b",
"ref": "P335103.4.1",
"inst": "ša[of]DET",
"sig": "@saao/saa14%akk-x-neoass:ša=ša[of//of]DET'DET$ša",
"f": {"lang": "akk-x-neoass",
"form": "ša",
"cf": "ša",
"gw": "of",
"sense": "of",
"norm": "ša",
"pos": "DET",
"epos": "DET"}
}
,
{
"node": "l",
"frag": "DUMU-MAN",
"id": "P335103.l0075c",
"ref": "P335103.4.2",
"cof-tails": "P335103.l0075d",
"inst": "māru[son]N$mār&šarru[king]N$šarri",
"sig": "@saao/saa14%akk-x-neoass:DUMU-MAN=māru[son//son]N'N$mār&&@saao%akk-x-neoass:=šarru[king//king]N'N$šarri",
"f": {"lang": "akk-x-neoass",
"form": "DUMU-MAN",
"cf": "māru",
"gw": "son",
"sense": "son",
"norm": "mār",
"pos": "N",
"epos": "N"}
}
,
{
"node": "l",
"frag": "DUMU-MAN",
"id": "P335103.l0075d",
"ref": "P335103.4.2",
"cof-head": "P335103.l0075c",
"inst": "māru[son]N$mār&šarru[king]N$šarri",
"tail-sig": "@saao%akk-x-neoass:=šarru[king//king]N'N$šarri",
"f": {"lang": "akk-x-neoass",
"form": "DUMU-MAN",
"cf": "šarru",
"gw": "king",
"sense": "king",
"norm": "šarri",
"pos": "N",
"epos": "N"}
}
,
{
"node": "l",
"frag": "ša",
"id": "P335103.l0075e",
"ref": "P335103.4.3",
"inst": "+ša[of//in]DET'PRP$",
"sig": "@saao/saa14%akk-x-neoass:ša=ša[of//in]DET'PRP$ša",
"f": {"lang": "akk-x-neoass",
"form": "ša",
"cf": "ša",
"gw": "of",
"sense": "in",
"norm": "ša",
"pos": "DET",
"epos": "PRP"}
}
,
{
"node": "l",
"frag": "ŠU.2",
"id": "P335103.l0075f",
"ref": "P335103.4.4",
"inst": "qāti[hand]N",
"sig": "@saao/saa14%akk-x-neoass:ŠU.2=qātu[hand//hand]N'N$qāti",
"f": {"lang": "akk-x-neoass",
"form": "ŠU.2",
"cf": "qātu",
"gw": "hand",
"sense": "hand",
"norm": "qāti",
"pos": "N",
"epos": "N"}
}
,
{
"node": "l",
"frag": "{1}EN-BAD₃",
"id": "P335103.l00760",
"ref": "P335103.4.5",
"inst": "Bel-duri[1]PN",
"sig": "@saao/saa14%akk-x-neoass:{1}EN-BAD₃=Bel-duri[1//1]PN'PN$Bel-duri",
"f": {"lang": "akk-x-neoass",
"form": "{1}EN-BAD₃",
"cf": "Bel-duri",
"gw": "1",
"sense": "1",
"norm": "Bel-duri",
"pos": "PN",
"epos": "PN"}
}
,
{
"node": "d",
"type": "line-start",
"ref": "P335103.5",
"n": "4",
"label": "o 4"}
,
{
"node": "l",
"frag": "{lu₂v}EN.NAM",
"id": "P335103.l00761",
"ref": "P335103.5.1",
"inst": "pāhiti[governor]N",
"sig": "@saao/saa14%akk-x-neoass:{LU₂}EN.NAM=pīhātu[responsibility//governor]N'N$pāhiti",
"f": {"lang": "akk-x-neoass",
"form": "{LU₂}EN.NAM",
"cf": "pīhātu",
"gw": "responsibility",
"sense": "governor",
"norm": "pāhiti",
"pos": "N",
"epos": "N"}
}
,
{
"node": "l",
"frag": "ša",
"id": "P335103.l00762",
"ref": "P335103.5.2",
"inst": "ša[of]DET",
"sig": "@saao/saa14%akk-x-neoass:ša=ša[of//of]DET'DET$ša",
"f": {"lang": "akk-x-neoass",
"form": "ša",
"cf": "ša",
"gw": "of",
"sense": "of",
"norm": "ša",
"pos": "DET",
"epos": "DET"}
}
,
{
"node": "l",
"frag": "DUMU-MAN",
"id": "P335103.l00763",
"ref": "P335103.5.3",
"cof-tails": "P335103.l00764",
"inst": "māru[son]N$mār&šarru[king]N$šarri",
"sig": "@saao/saa14%akk-x-neoass:DUMU-MAN=māru[son//son]N'N$mār&&@saao%akk-x-neoass:=šarru[king//king]N'N$šarri",
"f": {"lang": "akk-x-neoass",
"form": "DUMU-MAN",
"cf": "māru",
"gw": "son",
"sense": "son",
"norm": "mār",
"pos": "N",
"epos": "N"}
}
,
{
"node": "l",
"frag": "DUMU-MAN",
"id": "P335103.l00764",
"ref": "P335103.5.3",
"cof-head": "P335103.l00763",
"inst": "māru[son]N$mār&šarru[king]N$šarri",
"tail-sig": "@saao%akk-x-neoass:=šarru[king//king]N'N$šarri",
"f": {"lang": "akk-x-neoass",
"form": "DUMU-MAN",
"cf": "šarru",
"gw": "king",
"sense": "king",
"norm": "šarri",
"pos": "N",
"epos": "N"}
}
,
{
"node": "d",
"type": "line-start",
"ref": "P335103.6",
"n": "5",
"label": "o 5"}
,
{
"node": "l",
"frag": "ina",
"id": "P335103.l00765",
"ref": "P335103.6.1",
"inst": "ina[in+=at the disposal of]PRP",
"sig": "@saao/saa14%akk-x-neoass:ina=ina[in//in]PRP'PRP$ina",
"f": {"lang": "akk-x-neoass",
"form": "ina",
"cf": "ina",
"gw": "in",
"sense": "in",
"norm": "ina",
"pos": "PRP",
"epos": "PRP"}
}
,
{
"node": "l",
"frag": "IGI",
"id": "P335103.l00766",
"ref": "P335103.6.2",
"inst": "pān[front]N",
"sig": "@saao/saa14%akk-x-neoass:IGI=pānu[front//front]N'N$pān",
"f": {"lang": "akk-x-neoass",
"form": "IGI",
"cf": "pānu",
"gw": "front",
"sense": "front",
"norm": "pān",
"pos": "N",
"epos": "N"}
}
,
{
"node": "l",
"frag": "{1}nar-gi-i",
"id": "P335103.l00767",
"ref": "P335103.6.3",
"inst": "Nargi[1]PN",
"sig": "@saao/saa14%akk-x-neoass:{1}nar-gi-i=Nargi[1//1]PN'PN$Nargi",
"f": {"lang": "akk-x-neoass",
"form": "{1}nar-gi-i",
"cf": "Nargi",
"gw": "1",
"sense": "1",
"norm": "Nargi",
"pos": "PN",
"epos": "PN"}
}
,
{
"node": "l",
"frag": "ša",
"id": "P335103.l00768",
"ref": "P335103.6.4",
"inst": "ša[of]DET",
"sig": "@saao/saa14%akk-x-neoass:ša=ša[of//of]DET'DET$ša",
"f": {"lang": "akk-x-neoass",
"form": "ša",
"cf": "ša",
"gw": "of",
"sense": "of",
"norm": "ša",
"pos": "DET",
"epos": "DET"}
}
,
{
"node": "l",
"frag": "{uru}ba-la-MEŠ",
"id": "P335103.l00769",
"ref": "P335103.6.5",
"inst": "Balaṭu[1]GN$",
"sig": "@saao/saa14%akk-x-neoass:{URU}ba-la-MEŠ=Balaṭu[1//1]GN'GN$Balaṭu",
"f": {"lang": "akk-x-neoass",
"form": "{URU}ba-la-MEŠ",
"cf": "Balaṭu",
"gw": "1",
"sense": "1",
"norm": "Balaṭu",
"pos": "GN",
"epos": "GN"}
}
,
{
"node": "d",
"type": "line-start",
"ref": "P335103.7",
"n": "6",
"label": "o 6"}
,
{
"node": "l",
"frag": "ku-um",
"id": "P335103.l0076a",
"ref": "P335103.7.1",
"inst": "kūm[instead of]PRP",
"sig": "@saao/saa14%akk-x-neoass:ku-um=kūm[instead of//instead of]PRP'PRP$kūm",
"f": {"lang": "akk-x-neoass",
"form": "ku-um",
"cf": "kūm",
"gw": "instead of",
"sense": "instead of",
"norm": "kūm",
"pos": "PRP",
"epos": "PRP"}
}
,
{
"node": "l",
"frag": "{še}PAD-MEŠ",
"id": "P335103.l0076b",
"ref": "P335103.7.2",
"inst": "kurummāti[barley (ration)]N",
"sig": "@saao/saa14%akk-x-neoass:{ŠE}PAD-MEŠ=kurummatu[ration//barley (ration)]N'N$kurummāti",
"f": {"lang": "akk-x-neoass",
"form": "{ŠE}PAD-MEŠ",
"cf": "kurummatu",
"gw": "ration",
"sense": "barley (ration)",
"norm": "kurummāti",
"pos": "N",
"epos": "N"}
}
,
{
"node": "l",
"frag": "ku-um",
"id": "P335103.l0076c",
"ref": "P335103.7.3",
"inst": "kūm[instead of]PRP",
"sig": "@saao/saa14%akk-x-neoass:ku-um=kūm[instead of//instead of]PRP'PRP$kūm",
"f": {"lang": "akk-x-neoass",
"form": "ku-um",
"cf": "kūm",
"gw": "instead of",
"sense": "instead of",
"norm": "kūm",
"pos": "PRP",
"epos": "PRP"}
}
,
{
"node": "l",
"frag": "GUD.NITA₂",
"id": "P335103.l0076d",
"ref": "P335103.7.4",
"inst": "alpu[ox]N",
"sig": "@saao/saa14%akk-x-neoass:GUD.NITA₂=alpu[ox//ox]N'N$alpu",
"f": {"lang": "akk-x-neoass",
"form": "GUD.NITA₂",
"cf": "alpu",
"gw": "ox",
"sense": "ox",
"norm": "alpu",
"pos": "N",
"epos": "N"}
}
,
{
"node": "d",
"type": "line-start",
"ref": "P335103.8",
"n": "7",
"label": "o 7"}
,
{
"node": "l",
"frag": "a-na",
"id": "P335103.l0076e",
"ref": "P335103.8.1",
"inst": "ana[to]PRP",
"sig": "@saao/saa14%akk-x-neoass:a-na=ana[to//to]PRP'PRP$ana",
"f": {"lang": "akk-x-neoass",
"form": "a-na",
"cf": "ana",
"gw": "to",
"sense": "to",
"norm": "ana",
"pos": "PRP",
"epos": "PRP"}
}
,
{
"node": "l",
"frag": "{1}EN-BAD₃",
"id": "P335103.l0076f",
"ref": "P335103.8.2",
"inst": "Bel-duri[1]PN",
"sig": "@saao/saa14%akk-x-neoass:{1}EN-BAD₃=Bel-duri[1//1]PN'PN$Bel-duri",
"f": {"lang": "akk-x-neoass",
"form": "{1}EN-BAD₃",
"cf": "Bel-duri",
"gw": "1",
"sense": "1",
"norm": "Bel-duri",
"pos": "PN",
"epos": "PN"}
}
,
{
"node": "l",
"frag": "i-pa-lah₃-šu₂",
"id": "P335103.l00770",
"ref": "P335103.8.3",
"inst": "ipallahšu[serve]V",
"sig": "@saao/saa14%akk-x-neoass:i-pa-lah₃-šu₂=palāhu[fear//serve]V'V$ipallahšu",
"f": {"lang": "akk-x-neoass",
"form": "i-pa-lah₃-šu₂",
"cf": "palāhu",
"gw": "fear",
"sense": "serve",
"norm": "ipallahšu",
"pos": "V",
"epos": "V"}
}
,
{
"node": "d",
"type": "line-start",
"ref": "P335103.9",
"n": "8",
"label": "o 8"}
,
{
"node": "l",
"frag": "ša",
"id": "P335103.l00771",
"ref": "P335103.9.1",
"inst": "ša[the one who]REL",
"sig": "@saao/saa14%akk-x-neoass:ša=ša[that//the one who]REL'REL$ša",
"f": {"lang": "akk-x-neoass",
"form": "ša",
"cf": "ša",
"gw": "that",
"sense": "the one who",
"norm": "ša",
"pos": "REL",
"epos": "REL"}
}
,
{
"node": "l",
"frag": "man",
"id": "P335103.l00772",
"ref": "P335103.9.2",
"inst": "mannu[who?//whoever]'XP$man",
"sig": "@saao/saa14%akk-x-neoass:man=mannu[who?//whoever]QP'XP$man",
"f": {"lang": "akk-x-neoass",
"form": "man",
"cf": "mannu",
"gw": "who?",
"sense": "whoever",
"norm": "man",
"pos": "QP",
"epos": "XP"}
}
,
{
"node": "l",
"frag": "ša",
"id": "P335103.l00773",
"ref": "P335103.9.3",
"inst": "ša[that]REL",
"sig": "@saao/saa14%akk-x-neoass:ša=ša[that//that]REL'REL$ša",
"f": {"lang": "akk-x-neoass",
"form": "ša",
"cf": "ša",
"gw": "that",
"sense": "that",
"norm": "ša",
"pos": "REL",
"epos": "REL"}
}
,
{
"node": "l",
"frag": "{še}BAR",
"id": "P335103.l00774",
"ref": "P335103.9.4",
"inst": "uṭṭutu[barley]N",
"sig": "@saao/saa14%akk-x-neoass:{ŠE}BAR=uṭṭatu[grain//barley]N'N$uṭṭutu",
"f": {"lang": "akk-x-neoass",
"form": "{ŠE}BAR",
"cf": "uṭṭatu",
"gw": "grain",
"sense": "barley",
"norm": "uṭṭutu",
"pos": "N",
"epos": "N"}
}
,
{
"node": "l",
"frag": "GUD-MEŠ",
"id": "P335103.l00775",
"ref": "P335103.9.5",
"inst": "alpāni[ox]N",
"sig": "@saao/saa14%akk-x-neoass:GUD-MEŠ=alpu[ox//ox]N'N$alpāni",
"f": {"lang": "akk-x-neoass",
"form": "GUD-MEŠ",
"cf": "alpu",
"gw": "ox",
"sense": "ox",
"norm": "alpāni",
"pos": "N",
"epos": "N"}
}
,
{
"node": "d",
"subtype": "bottom",
"type": "surface",
"ref": "P335103.b.e..10",
"type": "bottom",
"label": "b.e."}
,
{
"node": "d",
"type": "line-start",
"ref": "P335103.11",
"n": "9",
"label": "b.e. 9"}
,
{
"node": "l",
"frag": "u₂-še-rab-a-ni",
"id": "P335103.l00776",
"ref": "P335103.11.1",
"inst": "ušerrabāni[bring in]V",
"sig": "@saao/saa14%akk-x-neoass:u₂-še-rab-a-ni=erēbu[enter//bring in]V'V$ušerrabāni",
"f": {"lang": "akk-x-neoass",
"form": "u₂-še-rab-a-ni",
"cf": "erēbu",
"gw": "enter",
"sense": "bring in",
"norm": "ušerrabāni",
"pos": "V",
"epos": "V"}
}
,
{
"node": "d",
"type": "line-start",
"ref": "P335103.12",
"n": "10",
"label": "b.e. 10"}
,
{
"node": "l",
"frag": "LU₂",
"id": "P335103.l00777",
"ref": "P335103.12.1",
"inst": "amēlu[man]N",
"sig": "@saao/saa14%akk-x-neoass:LU₂=awīlu[man//man]N'N$amēlu",
"f": {"lang": "akk-x-neoass",
"form": "LU₂",
"cf": "awīlu",
"gw": "man",
"sense": "man",
"norm": "amēlu",
"pos": "N",
"epos": "N"}
}
,
{
"node": "l",
"frag": "u₂-še-ṣa",
"id": "P335103.l00778",
"ref": "P335103.12.2",
"inst": "ušēṣa[redeem]V",
"sig": "@saao/saa14%akk-x-neoass:u₂-še-ṣa=aṣû[go out//redeem]V'V$ušēṣa",
"f": {"lang": "akk-x-neoass",
"form": "u₂-še-ṣa",
"cf": "aṣû",
"gw": "go out",
"sense": "redeem",
"norm": "ušēṣa",
"pos": "V",
"epos": "V"}
}
,
{
"node": "d",
"subtype": "reverse",
"type": "surface",
"ref": "P335103.r.13",
"type": "reverse",
"label": "r"}
,
{
"node": "d",
"type": "line-start",
"ref": "P335103.14",
"n": "1",
"label": "r 1"}
,
{
"node": "l",
"frag": "IGI",
"id": "P335103.l00779",
"ref": "P335103.14.1",
"inst": "šību[witness]N",
"sig": "@saao/saa14%akk-x-neoass:IGI=šību[witness//witness]N'N$šību",
"f": {"lang": "akk-x-neoass",
"form": "IGI",
"cf": "šību",
"gw": "witness",
"sense": "witness",
"norm": "šību",
"pos": "N",
"epos": "N"}
}
,
{
"node": "l",
"frag": "{1}aš-šur-MAN-PAB",
"id": "P335103.l0077a",
"ref": "P335103.14.2",
"inst": "Aššur-šarru-uṣur[1]PN",
"sig": "@saao/saa14%akk-x-neoass:{1}aš-šur-MAN-PAB=Aššur-šarru-uṣur[1//1]PN'PN$Aššur-šarru-uṣur",
"f": {"lang": "akk-x-neoass",
"form": "{1}aš-šur-MAN-PAB",
"cf": "Aššur-šarru-uṣur",
"gw": "1",
"sense": "1",
"norm": "Aššur-šarru-uṣur",
"pos": "PN",
"epos": "PN"}
}
,
{
"node": "l",
"frag": "{lu₂v}qur-ZAG",
"id": "P335103.l0077b",
"ref": "P335103.14.3",
"inst": "ša-qurbūti[(royal) confidant]N",
"sig": "@saao/saa14%akk-x-neoass:{LU₂}qur-ZAG=ša-qurbūti[close follower//(royal) confidant]N'N$ša-qurbūti",
"f": {"lang": "akk-x-neoass",
"form": "{LU₂}qur-ZAG",
"cf": "ša-qurbūti",
"gw": "close follower",
"sense": "(royal) confidant",
"norm": "ša-qurbūti",
"pos": "N",
"epos": "N"}
}
,
{
"node": "d",
"type": "line-start",
"ref": "P335103.15",
"n": "2",
"label": "r 2"}
,
{
"node": "l",
"frag": "{uru}ba-laṭ-a.a",
"id": "P335103.l0077c",
"ref": "P335103.15.1",
"inst": "Balaṭaya[from Balaṭu]EN$",
"sig": "@saao/saa14%akk-x-neoass:{URU}ba-laṭ-a.a=Balaṭaya[from Balaṭu//from Balaṭu]EN'EN$Balaṭaya",
"f": {"lang": "akk-x-neoass",
"form": "{URU}ba-laṭ-a.a",
"cf": "Balaṭaya",
"gw": "from Balaṭu",
"sense": "from Balaṭu",
"norm": "Balaṭaya",
"pos": "EN",
"epos": "EN"}
}
,
{
"node": "d",
"type": "line-start",
"ref": "P335103.16",
"n": "3",
"label": "r 3"}
,
{
"node": "l",
"frag": "IGI",
"id": "P335103.l0077d",
"ref": "P335103.16.1",
"inst": "šību[witness]N",
"sig": "@saao/saa14%akk-x-neoass:IGI=šību[witness//witness]N'N$šību",
"f": {"lang": "akk-x-neoass",
"form": "IGI",
"cf": "šību",
"gw": "witness",
"sense": "witness",
"norm": "šību",
"pos": "N",
"epos": "N"}
}
,
{
"node": "l",
"frag": "{1}aš-šur-ZU",
"id": "P335103.l0077e",
"ref": "P335103.16.2",
"inst": "Aššur-leʾi[1]PN",
"sig": "@saao/saa14%akk-x-neoass:{1}aš-šur-ZU=Aššur-leʾi[1//1]PN'PN$Aššur-leʾi",
"f": {"lang": "akk-x-neoass",
"form": "{1}aš-šur-ZU",
"cf": "Aššur-leʾi",
"gw": "1",
"sense": "1",
"norm": "Aššur-leʾi",
"pos": "PN",
"epos": "PN"}
}
,
{
"node": "l",
"frag": "IGI",
"id": "P335103.l0077f",
"ref": "P335103.16.3",
"inst": "šību[witness]N",
"sig": "@saao/saa14%akk-x-neoass:IGI=šību[witness//witness]N'N$šību",
"f": {"lang": "akk-x-neoass",
"form": "IGI",
"cf": "šību",
"gw": "witness",
"sense": "witness",
"norm": "šību",
"pos": "N",
"epos": "N"}
}
,
{
"node": "l",
"frag": "{1}aš-šur-SIPA-šu₂-nu",
"id": "P335103.l00780",
"ref": "P335103.16.4",
"inst": "Aššur-reʾušunu[1]PN$",
"sig": "@saao/saa14%akk-x-neoass:{1}aš-šur-SIPA-šu₂-nu=Aššur-reʾušunu[1//1]PN'PN$Aššur-reʾušunu",
"f": {"lang": "akk-x-neoass",
"form": "{1}aš-šur-SIPA-šu₂-nu",
"cf": "Aššur-reʾušunu",
"gw": "1",
"sense": "1",
"norm": "Aššur-reʾušunu",
"pos": "PN",
"epos": "PN"}
}
,
{
"node": "d",
"type": "line-start",
"ref": "P335103.17",
"n": "4",
"label": "r 4"}
,
{
"node": "l",
"frag": "{uru}ba-laṭ-a.a",
"id": "P335103.l00781",
"ref": "P335103.17.1",
"inst": "Balaṭaya[from Balaṭu]EN",
"sig": "@saao/saa14%akk-x-neoass:{URU}ba-laṭ-a.a=Balaṭaya[from Balaṭu//from Balaṭu]EN'EN$Balaṭaya",
"f": {"lang": "akk-x-neoass",
"form": "{URU}ba-laṭ-a.a",
"cf": "Balaṭaya",
"gw": "from Balaṭu",
"sense": "from Balaṭu",
"norm": "Balaṭaya",
"pos": "EN",
"epos": "EN"}
}
,
{
"node": "l",
"frag": "IGI",
"id": "P335103.l00782",
"ref": "P335103.17.2",
"inst": "šību[witness]N",
"sig": "@saao/saa14%akk-x-neoass:IGI=šību[witness//witness]N'N$šību",
"f": {"lang": "akk-x-neoass",
"form": "IGI",
"cf": "šību",
"gw": "witness",
"sense": "witness",
"norm": "šību",
"pos": "N",
"epos": "N"}
}
,
{
"node": "l",
"frag": "{1}ARAD-15",
"id": "P335103.l00783",
"ref": "P335103.17.3",
"inst": "Urdu-Issar[1]PN",
"sig": "@saao/saa14%akk-x-neoass:{1}ARAD-15=Urdu-Issar[1//1]PN'PN$Urdu-Issar",
"f": {"lang": "akk-x-neoass",
"form": "{1}ARAD-15",
"cf": "Urdu-Issar",
"gw": "1",
"sense": "1",
"norm": "Urdu-Issar",
"pos": "PN",
"epos": "PN"}
}
,
{
"node": "d",
"type": "line-start",
"ref": "P335103.18",
"n": "5",
"label": "r 5"}
,
{
"node": "l",
"frag": "IGI",
"id": "P335103.l00784",
"ref": "P335103.18.1",
"inst": "šību[witness]N",
"sig": "@saao/saa14%akk-x-neoass:IGI=šību[witness//witness]N'N$šību",
"f": {"lang": "akk-x-neoass",
"form": "IGI",
"cf": "šību",
"gw": "witness",
"sense": "witness",
"norm": "šību",
"pos": "N",
"epos": "N"}
}
,
{
"node": "l",
"frag": "{1}EN-AD-PAB",
"id": "P335103.l00785",
"ref": "P335103.18.2",
"inst": "Bel-abu-uṣur[1]PN",
"sig": "@saao/saa14%akk-x-neoass:{1}EN-AD-PAB=Bel-abu-uṣur[1//1]PN'PN$Bel-abu-uṣur",
"f": {"lang": "akk-x-neoass",
"form": "{1}EN-AD-PAB",
"cf": "Bel-abu-uṣur",
"gw": "1",
"sense": "1",
"norm": "Bel-abu-uṣur",
"pos": "PN",
"epos": "PN"}
}
,
{
"node": "l",
"frag": "IGI",
"id": "P335103.l00786",
"ref": "P335103.18.3",
"inst": "šību[witness]N",
"sig": "@saao/saa14%akk-x-neoass:IGI=šību[witness//witness]N'N$šību",
"f": {"lang": "akk-x-neoass",
"form": "IGI",
"cf": "šību",
"gw": "witness",
"sense": "witness",
"norm": "šību",
"pos": "N",
"epos": "N"}
}
,
{
"node": "l",
"frag": "{1}ki-ma-ma",
"id": "P335103.l00787",
"ref": "P335103.18.4",
"inst": "Ki-Mama[1]PN$",
"sig": "@saao/saa14%akk-x-neoass:{1}ki-ma-ma=Ki-Mama[1//1]PN'PN$Ki-Mama",
"f": {"lang": "akk-x-neoass",
"form": "{1}ki-ma-ma",
"cf": "Ki-Mama",
"gw": "1",
"sense": "1",
"norm": "Ki-Mama",
"pos": "PN",
"epos": "PN"}
}
,
{
"node": "d",
"type": "line-start",
"ref": "P335103.19",
"n": "6",
"label": "r 6"}
,
{
"node": "l",
"frag": "ša",
"id": "P335103.l00788",
"ref": "P335103.19.1",
"inst": "ša[of]DET",
"sig": "@saao/saa14%akk-x-neoass:ša=ša[of//of]DET'DET$ša",
"f": {"lang": "akk-x-neoass",
"form": "ša",
"cf": "ša",
"gw": "of",
"sense": "of",
"norm": "ša",
"pos": "DET",
"epos": "DET"}
}
,
{
"node": "l",
"frag": "{uru}na-ṣa-pi-na-a.a",
"id": "P335103.l00789",
"ref": "P335103.19.2",
"inst": "Naṣibinaya[from Naṣibina]EN$Naṣabinaya",
"sig": "@saao/saa14%akk-x-neoass:{URU}na-ṣa-pi-na-a.a=Naṣibinaya[from Naṣibina//from Naṣibina]EN'EN$Naṣabinaya",
"f": {"lang": "akk-x-neoass",
"form": "{URU}na-ṣa-pi-na-a.a",
"cf": "Naṣibinaya",
"gw": "from Naṣibina",
"sense": "from Naṣibina",
"norm": "Naṣabinaya",
"pos": "EN",
"epos": "EN"}
}
,
{
"node": "l",
"frag": "IGI",
"id": "P335103.l0078a",
"ref": "P335103.19.3",
"inst": "šību[witness]N",
"sig": "@saao/saa14%akk-x-neoass:IGI=šību[witness//witness]N'N$šību",
"f": {"lang": "akk-x-neoass",
"form": "IGI",
"cf": "šību",
"gw": "witness",
"sense": "witness",
"norm": "šību",
"pos": "N",
"epos": "N"}
}
,
{
"node": "l",
"frag": "{1}EN-KASKAL-AD-PAB",
"id": "P335103.l0078b",
"ref": "P335103.19.4",
"inst": "Bel-Harran-abu-uṣur[1]PN$",
"sig": "@saao/saa14%akk-x-neoass:{1}EN-KASKAL-AD-PAB=Bel-Harran-abu-uṣur[1//1]PN'PN$Bel-Harran-abu-uṣur",
"f": {"lang": "akk-x-neoass",
"form": "{1}EN-KASKAL-AD-PAB",
"cf": "Bel-Harran-abu-uṣur",
"gw": "1",
"sense": "1",
"norm": "Bel-Harran-abu-uṣur",
"pos": "PN",
"epos": "PN"}
}
,
{
"node": "d",
"type": "line-start",
"ref": "P335103.20",
"n": "7",
"label": "r 7"}
,
{
"node": "l",
"frag": "{uru}ba-laṭ-a.a",
"id": "P335103.l0078c",
"ref": "P335103.20.1",
"inst": "Balaṭaya[from Balaṭu]EN",
"sig": "@saao/saa14%akk-x-neoass:{URU}ba-laṭ-a.a=Balaṭaya[from Balaṭu//from Balaṭu]EN'EN$Balaṭaya",
"f": {"lang": "akk-x-neoass",
"form": "{URU}ba-laṭ-a.a",
"cf": "Balaṭaya",
"gw": "from Balaṭu",
"sense": "from Balaṭu",
"norm": "Balaṭaya",
"pos": "EN",
"epos": "EN"}
}
,
{
"node": "l",
"frag": "IGI",
"id": "P335103.l0078d",
"ref": "P335103.20.2",
"inst": "šību[witness]N",
"sig": "@saao/saa14%akk-x-neoass:IGI=šību[witness//witness]N'N$šību",
"f": {"lang": "akk-x-neoass",
"form": "IGI",
"cf": "šību",
"gw": "witness",
"sense": "witness",
"norm": "šību",
"pos": "N",
"epos": "N"}
}
,
{
"node": "l",
"frag": "{1}DINGIR-rem₂-a-ni",
"id": "P335103.l0078e",
"ref": "P335103.20.3",
"inst": "Ilu-remanni[1]PN$",
"sig": "@saao/saa14%akk-x-neoass:{1}DINGIR-rem₂-a-ni=Ilu-remanni[1//1]PN'PN$Ilu-remanni",
"f": {"lang": "akk-x-neoass",
"form": "{1}DINGIR-rem₂-a-ni",
"cf": "Ilu-remanni",
"gw": "1",
"sense": "1",
"norm": "Ilu-remanni",
"pos": "PN",
"epos": "PN"}
}
,
{
"node": "d",
"type": "line-start",
"ref": "P335103.21",
"n": "8",
"label": "r 8"}
,
{
"node": "l",
"frag": "ša-{na₄}pu-li-šu₂",
"id": "P335103.l0078f",
"ref": "P335103.21.1",
"inst": "ša-pīlūšu[limestone dealer]N$ša-pūlīšu",
"sig": "@saao/saa14%akk-x-neoass:ša-{NA₄}pu-li-šu₂=ša-pīlūšu[limestone dealer//limestone dealer]N'N$ša-pūlīšu",
"f": {"lang": "akk-x-neoass",
"form": "ša-{NA₄}pu-li-šu₂",
"cf": "ša-pīlūšu",
"gw": "limestone dealer",
"sense": "limestone dealer",
"norm": "ša-pūlīšu",
"pos": "N",
"epos": "N"}
}
,
{
"node": "l",
"frag": "{iti}KIN",
"id": "P335103.l00790",
"ref": "P335103.21.2",
"inst": "Eluli[Elul]MN",
"sig": "@saao/saa14%akk-x-neoass:{ITI}KIN=Elulu[Elul//Elul]MN'MN$Eluli",
"f": {"lang": "akk-x-neoass",
"form": "{ITI}KIN",
"cf": "Elulu",
"gw": "Elul",
"sense": "Elul",
"norm": "Eluli",
"pos": "MN",
"epos": "MN"}
}
,
{
"node": "d",
"subtype": "right",
"type": "surface",
"ref": "P335103.r.e..22",
"type": "right",
"label": "r.e."}
,
{
"node": "d",
"type": "line-start",
"ref": "P335103.23",
"n": "9",
"label": "r.e. 9"}
,
{
"node": "l",
"frag": "UD",
"id": "P335103.l00791",
"ref": "P335103.23.1",
"inst": "ūm[day]N",
"sig": "@saao/saa14%akk-x-neoass:UD=ūmu[day//day]N'N$ūm",
"f": {"lang": "akk-x-neoass",
"form": "UD",
"cf": "ūmu",
"gw": "day",
"sense": "day",
"norm": "ūm",
"pos": "N",
"epos": "N"}
}
,
{
"node": "l",
"frag": "18",
"id": "P335103.l00792",
"ref": "P335103.23.2",
"inst": "n",
"f": {"lang": "akk-x-neoass",
"form": "18",
"pos": "n"}
}
,
{
"node": "l",
"frag": "lim-mu",
"id": "P335103.l00793",
"ref": "P335103.23.3",
"inst": "limmu[eponym (of year)]N",
"sig": "@saao/saa14%akk-x-neoass:lim-mu=līmu[eponym (of year)//eponym (of year)]N'N$limmu",
"f": {"lang": "akk-x-neoass",
"form": "lim-mu",
"cf": "līmu",
"gw": "eponym (of year)",
"sense": "eponym (of year)",
"norm": "limmu",
"pos": "N",
"epos": "N"}
}
,
{
"node": "l",
"frag": "{1}ša₂-{d}PA-šu₂-u",
"id": "P335103.l00794",
"ref": "P335103.23.4",
"inst": "Ša-Nabu-šu[1]PN$",
"sig": "@saao/saa14%akk-x-neoass:{1}ša₂-{d}PA-šu₂-u=Ša-Nabu-šu[1//1]PN'PN$Ša-Nabu-šu",
"f": {"lang": "akk-x-neoass",
"form": "{1}ša₂-{d}PA-šu₂-u",
"cf": "Ša-Nabu-šu",
"gw": "1",
"sense": "1",
"norm": "Ša-Nabu-šu",
"pos": "PN",
"epos": "PN"}
}
]}
]}
]}
]}
