{
"type": "cdl",
  "source": "http://oracc.org/saao/saa14",
  "license": "This data is released under the CC0 license",
  "license-url": "https://creativecommons.org/publicdomain/zero/1.0/",
  "more-info": "http://oracc.org/doc/opendata/",
  "UTC-timestamp": "2017-05-19T11:49:31",
"project": "saao/saa14",
"textid": "P335001",
"cdl": [
{
"node": "c",
"type": "text",
"id": "P335001.U0",
"cdl": [
{
"node": "d",
"type": "object",
"ref": ""}
,
{
"node": "d",
"subtype": "obverse",
"type": "surface",
"ref": "P335001.o.1",
"type": "obverse",
"label": "o"}
,
{
"node": "c",
"type": "discourse",
"subtype": "body",
"id": "P335001.U1",
"cdl": [
{
"node": "c",
"type": "sentence",
"id": "P335001.U2",
"label": "o 1 - r 8",
"cdl": [
{
"node": "d",
"type": "line-start",
"ref": "P335001.2",
"n": "1",
"label": "o 1"}
,
{
"node": "l",
"frag": "09",
"id": "P335001.l016dd",
"ref": "P335001.2.1",
"inst": "n",
"f": {"lang": "akk-x-neoass",
"form": "09",
"pos": "n"}
}
,
{
"node": "l",
"frag": "MA.NA",
"id": "P335001.l016de",
"ref": "P335001.2.2",
"inst": "manê[a unit of weight]N",
"sig": "@saao/saa14%akk-x-neoass:MA.NA=manû[unit//a unit of weight]N'N$manê",
"f": {"lang": "akk-x-neoass",
"form": "MA.NA",
"cf": "manû",
"gw": "unit",
"sense": "a unit of weight",
"norm": "manê",
"pos": "N",
"epos": "N"}
}
,
{
"node": "l",
"frag": "15",
"id": "P335001.l016df",
"ref": "P335001.2.3",
"inst": "n",
"f": {"lang": "akk-x-neoass",
"form": "15",
"pos": "n"}
}
,
{
"node": "l",
"frag": "GIN₂",
"id": "P335001.l016e0",
"ref": "P335001.2.4",
"inst": "šiqlī[a unit of weight]N",
"sig": "@saao/saa14%akk-x-neoass:GIN₂=šiqlu[unit//a unit of weight]N'N$šiqlī",
"f": {"lang": "akk-x-neoass",
"form": "GIN₂",
"cf": "šiqlu",
"gw": "unit",
"sense": "a unit of weight",
"norm": "šiqlī",
"pos": "N",
"epos": "N"}
}
,
{
"node": "l",
"frag": "KUG.UD",
"id": "P335001.l016e1",
"ref": "P335001.2.5",
"inst": "ṣarpi[silver]N",
"sig": "@saao/saa14%akk-x-neoass:KUG.UD=ṣarpu[silver//silver]N'N$ṣarpi",
"f": {"lang": "akk-x-neoass",
"form": "KUG.UD",
"cf": "ṣarpu",
"gw": "silver",
"sense": "silver",
"norm": "ṣarpi",
"pos": "N",
"epos": "N"}
}
,
{
"node": "d",
"type": "line-start",
"ref": "P335001.3",
"n": "2",
"label": "o 2"}
,
{
"node": "l",
"frag": "gi-nu-u",
"id": "P335001.l016e2",
"ref": "P335001.3.1",
"inst": "ginû[regular offering]N",
"sig": "@saao/saa14%akk-x-neoass:gi-nu-u=ginû[regular contribution (to temple)//regular offering]N'N$ginû",
"f": {"lang": "akk-x-neoass",
"form": "gi-nu-u",
"cf": "ginû",
"gw": "regular contribution (to temple)",
"sense": "regular offering",
"norm": "ginû",
"pos": "N",
"epos": "N"}
}
,
{
"node": "l",
"frag": "ša",
"id": "P335001.l016e3",
"ref": "P335001.3.2",
"inst": "ša[of]DET",
"sig": "@saao/saa14%akk-x-neoass:ša=ša[of//of]DET'DET$ša",
"f": {"lang": "akk-x-neoass",
"form": "ša",
"cf": "ša",
"gw": "of",
"sense": "of",
"norm": "ša",
"pos": "DET",
"epos": "DET"}
}
,
{
"node": "l",
"frag": "aš-šur",
"id": "P335001.l016e4",
"ref": "P335001.3.3",
"inst": "Aššur[1]DN",
"sig": "@saao/saa14%akk-x-neoass:aš-šur=Aššur[1//1]DN'DN$Aššur",
"f": {"lang": "akk-x-neoass",
"form": "aš-šur",
"cf": "Aššur",
"gw": "1",
"sense": "1",
"norm": "Aššur",
"pos": "DN",
"epos": "DN"}
}
,
{
"node": "d",
"type": "line-start",
"ref": "P335001.4",
"n": "3",
"label": "o 3"}
,
{
"node": "l",
"frag": "ša",
"id": "P335001.l016e5",
"ref": "P335001.4.1",
"inst": "ša[of]DET",
"sig": "@saao/saa14%akk-x-neoass:ša=ša[of//of]DET'DET$ša",
"f": {"lang": "akk-x-neoass",
"form": "ša",
"cf": "ša",
"gw": "of",
"sense": "of",
"norm": "ša",
"pos": "DET",
"epos": "DET"}
}
,
{
"node": "l",
"frag": "{1}aš-šur-SAG-iš",
"id": "P335001.l016e6",
"ref": "P335001.4.2",
"inst": "Aššur-reši-išši[1]PN$",
"sig": "@saao/saa14%akk-x-neoass:{1}aš-šur-SAG-iš=Aššur-reši-išši[1//1]PN'PN$Aššur-reši-išši",
"f": {"lang": "akk-x-neoass",
"form": "{1}aš-šur-SAG-iš",
"cf": "Aššur-reši-išši",
"gw": "1",
"sense": "1",
"norm": "Aššur-reši-išši",
"pos": "PN",
"epos": "PN"}
}
,
{
"node": "d",
"type": "line-start",
"ref": "P335001.5",
"n": "4",
"label": "o 4"}
,
{
"node": "l",
"frag": "ina",
"id": "P335001.l016e7",
"ref": "P335001.5.1",
"inst": "ina[in+=at the disposal of]PRP",
"sig": "@saao/saa14%akk-x-neoass:ina=ina[in//in]PRP'PRP$ina",
"f": {"lang": "akk-x-neoass",
"form": "ina",
"cf": "ina",
"gw": "in",
"sense": "in",
"norm": "ina",
"pos": "PRP",
"epos": "PRP"}
}
,
{
"node": "l",
"frag": "IGI",
"id": "P335001.l016e8",
"ref": "P335001.5.2",
"inst": "pān[front]N",
"sig": "@saao/saa14%akk-x-neoass:IGI=pānu[front//front]N'N$pān",
"f": {"lang": "akk-x-neoass",
"form": "IGI",
"cf": "pānu",
"gw": "front",
"sense": "front",
"norm": "pān",
"pos": "N",
"epos": "N"}
}
,
{
"node": "l",
"frag": "{1}NUMUN-u-ti",
"id": "P335001.l016e9",
"ref": "P335001.5.3",
"inst": "Zarʾuti[1]PN",
"sig": "@saao/saa14%akk-x-neoass:{1}NUMUN-u-ti=Zarʾuti[1//1]PN'PN$Zarʾuti",
"f": {"lang": "akk-x-neoass",
"form": "{1}NUMUN-u-ti",
"cf": "Zarʾuti",
"gw": "1",
"sense": "1",
"norm": "Zarʾuti",
"pos": "PN",
"epos": "PN"}
}
,
{
"node": "l",
"frag": "GAL-GEŠTIN",
"id": "P335001.l016ea",
"ref": "P335001.5.4",
"cof-tails": "P335001.l016eb",
"inst": "rabû[big one]N$rab&karānu[vine]N$karāni",
"sig": "@saao/saa14%akk-x-neoass:GAL-GEŠTIN=rabû[big one//big one]N'N$rab&&@saao%akk-x-neoass:=karānu[vine//vine]N'N$karāni",
"f": {"lang": "akk-x-neoass",
"form": "GAL-GEŠTIN",
"cf": "rabû",
"gw": "big one",
"sense": "big one",
"norm": "rab",
"pos": "N",
"epos": "N"}
}
,
{
"node": "l",
"frag": "GAL-GEŠTIN",
"id": "P335001.l016eb",
"ref": "P335001.5.4",
"cof-head": "P335001.l016ea",
"inst": "rabû[big one]N$rab&karānu[vine]N$karāni",
"tail-sig": "@saao%akk-x-neoass:=karānu[vine//vine]N'N$karāni",
"f": {"lang": "akk-x-neoass",
"form": "GAL-GEŠTIN",
"cf": "karānu",
"gw": "vine",
"sense": "vine",
"norm": "karāni",
"pos": "N",
"epos": "N"}
}
,
{
"node": "d",
"type": "line-start",
"ref": "P335001.6",
"n": "5",
"label": "o 5"}
,
{
"node": "l",
"frag": "ina",
"id": "P335001.l016ec",
"ref": "P335001.6.1",
"inst": "ina[in+=at the disposal of]PRP",
"sig": "@saao/saa14%akk-x-neoass:ina=ina[in//in]PRP'PRP$ina",
"f": {"lang": "akk-x-neoass",
"form": "ina",
"cf": "ina",
"gw": "in",
"sense": "in",
"norm": "ina",
"pos": "PRP",
"epos": "PRP"}
}
,
{
"node": "l",
"frag": "IGI",
"id": "P335001.l016ed",
"ref": "P335001.6.2",
"inst": "pān[front]N",
"sig": "@saao/saa14%akk-x-neoass:IGI=pānu[front//front]N'N$pān",
"f": {"lang": "akk-x-neoass",
"form": "IGI",
"cf": "pānu",
"gw": "front",
"sense": "front",
"norm": "pān",
"pos": "N",
"epos": "N"}
}
,
{
"node": "l",
"frag": "{1}{iti}KIN-a.a",
"id": "P335001.l016ee",
"ref": "P335001.6.3",
"inst": "Ululaya[1]PN",
"sig": "@saao/saa14%akk-x-neoass:{1}{ITI}KIN-a.a=Ululayu[1//1]PN'PN$Ululaya",
"f": {"lang": "akk-x-neoass",
"form": "{1}{ITI}KIN-a.a",
"cf": "Ululayu",
"gw": "1",
"sense": "1",
"norm": "Ululaya",
"pos": "PN",
"epos": "PN"}
}
,
{
"node": "l",
"frag": "{lu₂v}02-u",
"id": "P335001.l016ef",
"ref": "P335001.6.4",
"inst": "šaniu[deputy]'N",
"sig": "@saao/saa14%akk-x-neoass:{LU₂}02-u=šanû[second//deputy]NU'N$šaniu",
"f": {"lang": "akk-x-neoass",
"form": "{LU₂}02-u",
"cf": "šanû",
"gw": "second",
"sense": "deputy",
"norm": "šaniu",
"pos": "NU",
"epos": "N"}
}
,
{
"node": "d",
"type": "line-start",
"ref": "P335001.7",
"n": "6",
"label": "o 6"}
,
{
"node": "l",
"frag": "{iti}SIG₄",
"id": "P335001.l016f0",
"ref": "P335001.7.1",
"inst": "Simani[Sivan]MN",
"sig": "@saao/saa14%akk-x-neoass:{ITI}SIG₄=Simanu[Sivan//Sivan]MN'MN$Simani",
"f": {"lang": "akk-x-neoass",
"form": "{ITI}SIG₄",
"cf": "Simanu",
"gw": "Sivan",
"sense": "Sivan",
"norm": "Simani",
"pos": "MN",
"epos": "MN"}
}
,
{
"node": "l",
"frag": "UD",
"id": "P335001.l016f1",
"ref": "P335001.7.2",
"inst": "ūm[day]N",
"sig": "@saao/saa14%akk-x-neoass:UD=ūmu[day//day]N'N$ūm",
"f": {"lang": "akk-x-neoass",
"form": "UD",
"cf": "ūmu",
"gw": "day",
"sense": "day",
"norm": "ūm",
"pos": "N",
"epos": "N"}
}
,
{
"node": "l",
"frag": "16-KAM",
"id": "P335001.l016f2",
"ref": "P335001.7.3",
"inst": "n",
"f": {"lang": "akk-x-neoass",
"form": "16-KAM",
"pos": "n"}
}
,
{
"node": "d",
"subtype": "bottom",
"type": "surface",
"ref": "P335001.b.e..8",
"type": "bottom",
"label": "b.e."}
,
{
"node": "d",
"type": "line-start",
"ref": "P335001.9",
"n": "7",
"label": "b.e. 7"}
,
{
"node": "l",
"frag": "lim-mu",
"id": "P335001.l016f3",
"ref": "P335001.9.1",
"inst": "limmu[eponym (of year)]N",
"sig": "@saao/saa14%akk-x-neoass:lim-mu=līmu[eponym (of year)//eponym (of year)]N'N$limmu",
"f": {"lang": "akk-x-neoass",
"form": "lim-mu",
"cf": "līmu",
"gw": "eponym (of year)",
"sense": "eponym (of year)",
"norm": "limmu",
"pos": "N",
"epos": "N"}
}
,
{
"node": "l",
"frag": "{1}ša₂-{d}PA-šu-u",
"id": "P335001.l016f4",
"ref": "P335001.9.2",
"inst": "Ša-Nabu-šu[1]PN",
"sig": "@saao/saa14%akk-x-neoass:{1}ša₂-{d}PA-šu-u=Ša-Nabu-šu[1//1]PN'PN$Ša-Nabu-šu",
"f": {"lang": "akk-x-neoass",
"form": "{1}ša₂-{d}PA-šu-u",
"cf": "Ša-Nabu-šu",
"gw": "1",
"sense": "1",
"norm": "Ša-Nabu-šu",
"pos": "PN",
"epos": "PN"}
}
,
{
"node": "d",
"type": "line-start",
"ref": "P335001.10",
"n": "8",
"label": "b.e. 8"}
,
{
"node": "l",
"frag": "KUG.UD",
"id": "P335001.l016f5",
"ref": "P335001.10.1",
"inst": "ṣarpu[silver]N",
"sig": "@saao/saa14%akk-x-neoass:KUG.UD=ṣarpu[silver//silver]N'N$ṣarpi",
"f": {"lang": "akk-x-neoass",
"form": "KUG.UD",
"cf": "ṣarpu",
"gw": "silver",
"sense": "silver",
"norm": "ṣarpi",
"pos": "N",
"epos": "N"}
}
,
{
"node": "l",
"frag": "a-na",
"id": "P335001.l016f6",
"ref": "P335001.10.2",
"inst": "ana[by]PRP",
"sig": "@saao/saa14%akk-x-neoass:a-na=ana[to//by]PRP'PRP$ana",
"f": {"lang": "akk-x-neoass",
"form": "a-na",
"cf": "ana",
"gw": "to",
"sense": "by",
"norm": "ana",
"pos": "PRP",
"epos": "PRP"}
}
,
{
"node": "l",
"frag": "04-tu₂-šu₂",
"id": "P335001.l016f7",
"ref": "P335001.10.3",
"inst": "rabuttūšu[fourth]NU",
"sig": "@saao/saa14%akk-x-neoass:04-tu₂-šu₂=rebû[fourth//fourth]NU'NU$rabuttūšu",
"f": {"lang": "akk-x-neoass",
"form": "04-tu₂-šu₂",
"cf": "rebû",
"gw": "fourth",
"sense": "fourth",
"norm": "rabuttūšu",
"pos": "NU",
"epos": "NU"}
}
,
{
"node": "l",
"frag": "GAL-bi",
"id": "P335001.l016f8",
"ref": "P335001.10.4",
"inst": "irabbi[increase]V",
"sig": "@saao/saa14%akk-x-neoass:GAL-bi=rabû[to be big//increase]V'V$irabbi",
"f": {"lang": "akk-x-neoass",
"form": "GAL-bi",
"cf": "rabû",
"gw": "to be big",
"sense": "increase",
"norm": "irabbi",
"pos": "V",
"epos": "V"}
}
,
{
"node": "d",
"subtype": "reverse",
"type": "surface",
"ref": "P335001.r.11",
"type": "reverse",
"label": "r"}
,
{
"node": "d",
"type": "line-start",
"ref": "P335001.12",
"n": "1",
"label": "r 1"}
,
{
"node": "l",
"frag": "IGI",
"id": "P335001.l016f9",
"ref": "P335001.12.1",
"inst": "šību[witness]N",
"sig": "@saao/saa14%akk-x-neoass:IGI=šību[witness//witness]N'N$šību",
"f": {"lang": "akk-x-neoass",
"form": "IGI",
"cf": "šību",
"gw": "witness",
"sense": "witness",
"norm": "šību",
"pos": "N",
"epos": "N"}
}
,
{
"node": "l",
"frag": "{1}{d}PA-še-zib-a-ni",
"id": "P335001.l016fa",
"ref": "P335001.12.2",
"inst": "Nabu-šezibanni[1]PN",
"sig": "@saao/saa14%akk-x-neoass:{1}{d}PA-še-zib-a-ni=Nabu-šezibanni[1//1]PN'PN$Nabu-šezibanni",
"f": {"lang": "akk-x-neoass",
"form": "{1}{d}PA-še-zib-a-ni",
"cf": "Nabu-šezibanni",
"gw": "1",
"sense": "1",
"norm": "Nabu-šezibanni",
"pos": "PN",
"epos": "PN"}
}
,
{
"node": "d",
"type": "line-start",
"ref": "P335001.13",
"n": "2",
"label": "r 2"}
,
{
"node": "l",
"frag": "{lu₂v}SAG",
"id": "P335001.l016fb",
"ref": "P335001.13.1",
"inst": "ša-rēši[eunuch]N",
"sig": "@saao/saa14%akk-x-neoass:{LU₂}SAG=ša-rēši[eunuch//eunuch]N'N$ša-rēši",
"f": {"lang": "akk-x-neoass",
"form": "{LU₂}SAG",
"cf": "ša-rēši",
"gw": "eunuch",
"sense": "eunuch",
"norm": "ša-rēši",
"pos": "N",
"epos": "N"}
}
,
{
"node": "l",
"frag": "ša₂",
"id": "P335001.l016fc",
"ref": "P335001.13.2",
"inst": "ša[of+=official in charge of]DET",
"sig": "@saao/saa14%akk-x-neoass:ša₂=ša[of//of]DET'DET$ša",
"f": {"lang": "akk-x-neoass",
"form": "ša₂",
"cf": "ša",
"gw": "of",
"sense": "of",
"norm": "ša",
"pos": "DET",
"epos": "DET"}
}
,
{
"node": "l",
"frag": "UGU",
"id": "P335001.l016fd",
"ref": "P335001.13.3",
"inst": "muhhi[skull]N",
"sig": "@saao/saa14%akk-x-neoass:UGU=muhhu[skull//skull]N'N$muhhi",
"f": {"lang": "akk-x-neoass",
"form": "UGU",
"cf": "muhhu",
"gw": "skull",
"sense": "skull",
"norm": "muhhi",
"pos": "N",
"epos": "N"}
}
,
{
"node": "c",
"type": "phrase",
"tag": "phr",
"id": "P335001.U4",
"ref": "P335001.ls00000",
"cdl": [
{
"node": "l",
"frag": "E₂-LUGAL-MEŠ",
"id": "P335001.l016fe",
"ref": "P335001.13.4",
"cof-tails": "P335001.l016ff",
"inst": "bītu[house]N$bēt&šarru[king]N$šarrāni",
"sig": "@saao/saa14%akk-x-neoass:E₂-LUGAL-MEŠ=bītu[house//house]N'N$bēt&&@saao%akk-x-neoass:=šarru[king//king]N'N$šarrāni",
"f": {"lang": "akk-x-neoass",
"form": "E₂-LUGAL-MEŠ",
"cf": "bītu",
"gw": "house",
"sense": "house",
"norm": "bēt",
"pos": "N",
"epos": "N"}
}
,
{
"node": "l",
"frag": "E₂-LUGAL-MEŠ",
"id": "P335001.l016ff",
"ref": "P335001.13.4",
"cof-head": "P335001.l016fe",
"inst": "bītu[house]N$bēt&šarru[king]N$šarrāni",
"tail-sig": "@saao%akk-x-neoass:=šarru[king//king]N'N$šarrāni",
"f": {"lang": "akk-x-neoass",
"form": "E₂-LUGAL-MEŠ",
"cf": "šarru",
"gw": "king",
"sense": "king",
"norm": "šarrāni",
"pos": "N",
"epos": "N"}
}
]}
,
{
"node": "d",
"type": "line-start",
"ref": "P335001.14",
"n": "3",
"label": "r 3"}
,
{
"node": "l",
"frag": "IGI",
"id": "P335001.l01700",
"ref": "P335001.14.1",
"inst": "šību[witness]N",
"sig": "@saao/saa14%akk-x-neoass:IGI=šību[witness//witness]N'N$šību",
"f": {"lang": "akk-x-neoass",
"form": "IGI",
"cf": "šību",
"gw": "witness",
"sense": "witness",
"norm": "šību",
"pos": "N",
"epos": "N"}
}
,
{
"node": "l",
"frag": "{1}DINGIR-MU-ki-in",
"id": "P335001.l01701",
"ref": "P335001.14.2",
"inst": "Ilu-šumu-kaʾʾin[1]PN",
"sig": "@saao/saa14%akk-x-neoass:{1}DINGIR-MU-ki-in=Ilu-šumu-kaʾʾin[1//1]PN'PN$Ilu-šumu-kaʾʾin",
"f": {"lang": "akk-x-neoass",
"form": "{1}DINGIR-MU-ki-in",
"cf": "Ilu-šumu-kaʾʾin",
"gw": "1",
"sense": "1",
"norm": "Ilu-šumu-kaʾʾin",
"pos": "PN",
"epos": "PN"}
}
,
{
"node": "d",
"type": "line-start",
"ref": "P335001.15",
"n": "4",
"label": "r 4"}
,
{
"node": "l",
"frag": "{lu₂v}A-SIG",
"id": "P335001.l01702",
"ref": "P335001.15.1",
"cof-tails": "P335001.l01703",
"inst": "māru[son]N$mār&damqu[good]AJ$damqi",
"sig": "@saao/saa14%akk-x-neoass:{LU₂}A-SIG=māru[son//son]N'N$mār&&@saao%akk-x-neoass:=damqu[good//good]AJ'AJ$damqi",
"f": {"lang": "akk-x-neoass",
"form": "{LU₂}A-SIG",
"cf": "māru",
"gw": "son",
"sense": "son",
"norm": "mār",
"pos": "N",
"epos": "N"}
}
,
{
"node": "l",
"frag": "{lu₂v}A-SIG",
"id": "P335001.l01703",
"ref": "P335001.15.1",
"cof-head": "P335001.l01702",
"inst": "māru[son]N$mār&damqu[good]AJ$damqi",
"tail-sig": "@saao%akk-x-neoass:=damqu[good//good]AJ'AJ$damqi",
"f": {"lang": "akk-x-neoass",
"form": "{LU₂}A-SIG",
"cf": "damqu",
"gw": "good",
"sense": "good",
"norm": "damqi",
"pos": "AJ",
"epos": "AJ"}
}
,
{
"node": "l",
"frag": "ša",
"id": "P335001.l01704",
"ref": "P335001.15.2",
"inst": "ša[of]DET",
"sig": "@saao/saa14%akk-x-neoass:ša=ša[of//of]DET'DET$ša",
"f": {"lang": "akk-x-neoass",
"form": "ša",
"cf": "ša",
"gw": "of",
"sense": "of",
"norm": "ša",
"pos": "DET",
"epos": "DET"}
}
,
{
"node": "l",
"frag": "{lu₂v}EN.NAM",
"id": "P335001.l01705",
"ref": "P335001.15.3",
"inst": "pāhiti[governor]N",
"sig": "@saao/saa14%akk-x-neoass:{LU₂}EN.NAM=pīhātu[responsibility//governor]N'N$pāhiti",
"f": {"lang": "akk-x-neoass",
"form": "{LU₂}EN.NAM",
"cf": "pīhātu",
"gw": "responsibility",
"sense": "governor",
"norm": "pāhiti",
"pos": "N",
"epos": "N"}
}
,
{
"node": "d",
"type": "line-start",
"ref": "P335001.16",
"n": "5",
"label": "r 5"}
,
{
"node": "l",
"frag": "IGI",
"id": "P335001.l01706",
"ref": "P335001.16.1",
"inst": "šību[witness]N",
"sig": "@saao/saa14%akk-x-neoass:IGI=šību[witness//witness]N'N$šību",
"f": {"lang": "akk-x-neoass",
"form": "IGI",
"cf": "šību",
"gw": "witness",
"sense": "witness",
"norm": "šību",
"pos": "N",
"epos": "N"}
}
,
{
"node": "l",
"frag": "{1}ki-ṣir-aš-šur",
"id": "P335001.l01707",
"ref": "P335001.16.2",
"inst": "Kiṣir-Aššur[1]PN",
"sig": "@saao/saa14%akk-x-neoass:{1}ki-ṣir-aš-šur=Kiṣir-Aššur[1//1]PN'PN$Kiṣir-Aššur",
"f": {"lang": "akk-x-neoass",
"form": "{1}ki-ṣir-aš-šur",
"cf": "Kiṣir-Aššur",
"gw": "1",
"sense": "1",
"norm": "Kiṣir-Aššur",
"pos": "PN",
"epos": "PN"}
}
,
{
"node": "d",
"type": "line-start",
"ref": "P335001.17",
"n": "6",
"label": "r 6"}
,
{
"node": "l",
"frag": "IGI",
"id": "P335001.l01708",
"ref": "P335001.17.1",
"inst": "šību[witness]N",
"sig": "@saao/saa14%akk-x-neoass:IGI=šību[witness//witness]N'N$šību",
"f": {"lang": "akk-x-neoass",
"form": "IGI",
"cf": "šību",
"gw": "witness",
"sense": "witness",
"norm": "šību",
"pos": "N",
"epos": "N"}
}
,
{
"node": "l",
"frag": "{1}{d}ŠU₂-DU₃",
"id": "P335001.l01709",
"ref": "P335001.17.2",
"inst": "Marduk-ibni[1]PN",
"sig": "@saao/saa14%akk-x-neoass:{1}{d}ŠU₂-DU₃=Marduk-ibni[1//1]PN'PN$Marduk-ibni",
"f": {"lang": "akk-x-neoass",
"form": "{1}{d}ŠU₂-DU₃",
"cf": "Marduk-ibni",
"gw": "1",
"sense": "1",
"norm": "Marduk-ibni",
"pos": "PN",
"epos": "PN"}
}
,
{
"node": "d",
"type": "line-start",
"ref": "P335001.18",
"n": "7",
"label": "r 7"}
,
{
"node": "l",
"frag": "IGI",
"id": "P335001.l0170a",
"ref": "P335001.18.1",
"inst": "šību[witness]N",
"sig": "@saao/saa14%akk-x-neoass:IGI=šību[witness//witness]N'N$šību",
"f": {"lang": "akk-x-neoass",
"form": "IGI",
"cf": "šību",
"gw": "witness",
"sense": "witness",
"norm": "šību",
"pos": "N",
"epos": "N"}
}
,
{
"node": "l",
"frag": "{1}{d}PA-de-ni-a-mur",
"id": "P335001.l0170b",
"ref": "P335001.18.2",
"inst": "Nabu-deni-amur[1]PN",
"sig": "@saao/saa14%akk-x-neoass:{1}{d}PA-de-ni-a-mur=Nabu-deni-amur[1//1]PN'PN$Nabu-deni-amur",
"f": {"lang": "akk-x-neoass",
"form": "{1}{d}PA-de-ni-a-mur",
"cf": "Nabu-deni-amur",
"gw": "1",
"sense": "1",
"norm": "Nabu-deni-amur",
"pos": "PN",
"epos": "PN"}
}
,
{
"node": "d",
"type": "line-start",
"ref": "P335001.19",
"n": "8",
"label": "r 8"}
,
{
"node": "l",
"frag": "IGI",
"id": "P335001.l0170c",
"ref": "P335001.19.1",
"inst": "šību[witness]N",
"sig": "@saao/saa14%akk-x-neoass:IGI=šību[witness//witness]N'N$šību",
"f": {"lang": "akk-x-neoass",
"form": "IGI",
"cf": "šību",
"gw": "witness",
"sense": "witness",
"norm": "šību",
"pos": "N",
"epos": "N"}
}
,
{
"node": "l",
"frag": "{1}mu-tak-kil-aš-šur",
"id": "P335001.l0170d",
"ref": "P335001.19.2",
"inst": "Mutakkil-Aššur[1]PN",
"sig": "@saao/saa14%akk-x-neoass:{1}mu-tak-kil-aš-šur=Mutakkil-Aššur[1//1]PN'PN$Mutakkil-Aššur",
"f": {"lang": "akk-x-neoass",
"form": "{1}mu-tak-kil-aš-šur",
"cf": "Mutakkil-Aššur",
"gw": "1",
"sense": "1",
"norm": "Mutakkil-Aššur",
"pos": "PN",
"epos": "PN"}
}
,
{
"node": "l",
"frag": "BAPPIR",
"id": "P335001.l0170e",
"ref": "P335001.19.3",
"inst": "sīrāšû[brewer]N",
"sig": "@saao/saa14%akk-x-neoass:BAPPIR=sīrāšû[brewer//brewer]N'N$sīrāšû",
"f": {"lang": "akk-x-neoass",
"form": "BAPPIR",
"cf": "sīrāšû",
"gw": "brewer",
"sense": "brewer",
"norm": "sīrāšû",
"pos": "N",
"epos": "N"}
}
]}
]}
]}
,
{
"linkbase": [{
"type": "linkset",
"xlink_title": "bīt šarri[royal residence//royal residence]N'N",
"id": "P335001.ls00000",
"xlink_type": "extended",
"xlink_role": "psu",
"sig": "{bītu[house]N šarru[king]N += bīt šarri[royal residence//royal residence]N'N}::@saao%akk-x-neoass:E₂-LUGAL-MEŠ=bītu[house//house]N'N$bēt++@saao%akk-x-neoass:E₂-LUGAL-MEŠ=šarru[king//king]N'N$šarrāni",
"links": [
{
"type": "link",
"xlink_title": "bītu",
"xlink_type": "locator",
"xlink_href": "#P335001.l016fe",
"xlink_role": "elt"}
,
{
"type": "link",
"xlink_title": "šarru",
"xlink_type": "locator",
"xlink_href": "#P335001.l016ff",
"xlink_role": "elt"}
]}
]}
]}
