{
"type": "cdl",
  "source": "http://oracc.org/saao/saa14",
  "license": "This data is released under the CC0 license",
  "license-url": "https://creativecommons.org/publicdomain/zero/1.0/",
  "more-info": "http://oracc.org/doc/opendata/",
  "UTC-timestamp": "2017-05-19T11:49:59",
"project": "saao/saa14",
"textid": "P335447",
"cdl": [
{
"node": "c",
"type": "text",
"id": "P335447.U0",
"cdl": [
{
"node": "d",
"type": "object",
"ref": ""}
,
{
"node": "d",
"subtype": "obverse",
"type": "surface",
"ref": "P335447.o.1",
"type": "obverse",
"label": "o"}
,
{
"node": "d",
"type": "nonx",
"ref": "P335447.2",
"strict": "0",
"extent": "beginning",
"state": "missing"}
,
{
"node": "c",
"type": "discourse",
"subtype": "body",
"id": "P335447.U1",
"cdl": [
{
"node": "c",
"type": "sentence",
"id": "P335447.U2",
"label": "o 1' - r 8",
"cdl": [
{
"node": "d",
"type": "line-start",
"ref": "P335447.3",
"n": "1'",
"label": "o 1'"}
,
{
"node": "l",
"frag": "u₂-[piš-ma",
"id": "P335447.l04637",
"ref": "P335447.3.1",
"inst": "uppišma[contract]V",
"sig": "@saao/saa14%akk-x-neoass:u₂-piš-ma=epēšu[do//contract]V'V$uppišma",
"f": {"lang": "akk-x-neoass",
"form": "u₂-piš-ma",
"cf": "epēšu",
"gw": "do",
"sense": "contract",
"norm": "uppišma",
"pos": "V",
"epos": "V"}
}
,
{
"node": "l",
"frag": "{1}IM-U.GUR-DU-lak]",
"id": "P335447.l04638",
"ref": "P335447.3.2",
"inst": "Ina-šar-Nergal-allak[1]PN$",
"sig": "@saao/saa14%akk-x-neoass:{1}IM-U.GUR-DU-lak=Ina-šar-Nergal-allak[1//1]PN'PN$Ina-šar-Nergal-allak",
"f": {"lang": "akk-x-neoass",
"form": "{1}IM-U.GUR-DU-lak",
"cf": "Ina-šar-Nergal-allak",
"gw": "1",
"sense": "1",
"norm": "Ina-šar-Nergal-allak",
"pos": "PN",
"epos": "PN"}
}
,
{
"node": "d",
"type": "line-start",
"ref": "P335447.4",
"n": "2'",
"label": "o 2'"}
,
{
"node": "l",
"frag": "ina",
"id": "P335447.l04639",
"ref": "P335447.4.1",
"inst": "ina[in+=for]PRP",
"sig": "@saao/saa14%akk-x-neoass:ina=ina[in//in]PRP'PRP$ina",
"f": {"lang": "akk-x-neoass",
"form": "ina",
"cf": "ina",
"gw": "in",
"sense": "in",
"norm": "ina",
"pos": "PRP",
"epos": "PRP"}
}
,
{
"node": "l",
"frag": "ŠA₃-bi",
"id": "P335447.l0463a",
"ref": "P335447.4.2",
"inst": "libbi[interior]N",
"sig": "@saao/saa14%akk-x-neoass:ŠA₃-bi=libbu[interior//interior]N'N$libbi",
"f": {"lang": "akk-x-neoass",
"form": "ŠA₃-bi",
"cf": "libbu",
"gw": "interior",
"sense": "interior",
"norm": "libbi",
"pos": "N",
"epos": "N"}
}
,
{
"node": "l",
"frag": "[x",
"id": "P335447.l0463b",
"ref": "P335447.4.3",
"inst": "u",
"f": {"lang": "akk-x-neoass",
"form": "x",
"pos": "u"}
}
,
{
"node": "l",
"frag": "x",
"id": "P335447.l0463c",
"ref": "P335447.4.4",
"inst": "u",
"f": {"lang": "akk-x-neoass",
"form": "x",
"pos": "u"}
}
,
{
"node": "l",
"frag": "x",
"id": "P335447.l0463d",
"ref": "P335447.4.5",
"inst": "u",
"f": {"lang": "akk-x-neoass",
"form": "x",
"pos": "u"}
}
,
{
"node": "l",
"frag": "x",
"id": "P335447.l0463e",
"ref": "P335447.4.6",
"inst": "u",
"f": {"lang": "akk-x-neoass",
"form": "x",
"pos": "u"}
}
,
{
"node": "l",
"frag": "x",
"id": "P335447.l0463f",
"ref": "P335447.4.7",
"inst": "u",
"f": {"lang": "akk-x-neoass",
"form": "x",
"pos": "u"}
}
,
{
"node": "l",
"frag": "x]",
"id": "P335447.l04640",
"ref": "P335447.4.8",
"inst": "u",
"f": {"lang": "akk-x-neoass",
"form": "x",
"pos": "u"}
}
,
{
"node": "d",
"type": "line-start",
"ref": "P335447.5",
"n": "3'",
"label": "o 3'"}
,
{
"node": "l",
"frag": "a-na",
"id": "P335447.l04641",
"ref": "P335447.5.1",
"inst": "ana[for]PRP",
"sig": "@saao/saa14%akk-x-neoass:a-na=ana[to//for]PRP'PRP$ana",
"f": {"lang": "akk-x-neoass",
"form": "a-na",
"cf": "ana",
"gw": "to",
"sense": "for",
"norm": "ana",
"pos": "PRP",
"epos": "PRP"}
}
,
{
"node": "l",
"frag": "MI₂-⸢u₂⸣-[ti",
"id": "P335447.l04642",
"ref": "P335447.5.2",
"inst": "sinnišūtu[(rôle of female)//wifehood]N$issūti",
"sig": "@saao/saa14%akk-x-neoass:MI₂-u₂-ti=sinnišūtu[(rôle of female)//wifehood]N'N$issūti",
"f": {"lang": "akk-x-neoass",
"form": "MI₂-u₂-ti",
"cf": "sinnišūtu",
"gw": "(rôle of female)",
"sense": "wifehood",
"norm": "issūti",
"pos": "N",
"epos": "N"}
}
,
{
"node": "l",
"frag": "x",
"id": "P335447.l04643",
"ref": "P335447.5.3",
"inst": "u",
"f": {"lang": "akk-x-neoass",
"form": "x",
"pos": "u"}
}
,
{
"node": "l",
"frag": "x",
"id": "P335447.l04644",
"ref": "P335447.5.4",
"inst": "u",
"f": {"lang": "akk-x-neoass",
"form": "x",
"pos": "u"}
}
,
{
"node": "l",
"frag": "x",
"id": "P335447.l04645",
"ref": "P335447.5.5",
"inst": "u",
"f": {"lang": "akk-x-neoass",
"form": "x",
"pos": "u"}
}
,
{
"node": "l",
"frag": "x",
"id": "P335447.l04646",
"ref": "P335447.5.6",
"inst": "u",
"f": {"lang": "akk-x-neoass",
"form": "x",
"pos": "u"}
}
,
{
"node": "l",
"frag": "x]",
"id": "P335447.l04647",
"ref": "P335447.5.7",
"inst": "u",
"f": {"lang": "akk-x-neoass",
"form": "x",
"pos": "u"}
}
,
{
"node": "d",
"type": "line-start",
"ref": "P335447.6",
"n": "4'",
"label": "o 4'"}
,
{
"node": "l",
"frag": "kas-pu",
"id": "P335447.l04648",
"ref": "P335447.6.1",
"inst": "kaspu[money]N",
"sig": "@saao/saa14%akk-x-neoass:kas-pu=kaspu[silver//money]N'N$kaspu",
"f": {"lang": "akk-x-neoass",
"form": "kas-pu",
"cf": "kaspu",
"gw": "silver",
"sense": "money",
"norm": "kaspu",
"pos": "N",
"epos": "N"}
}
,
{
"node": "l",
"frag": "gam-mur",
"id": "P335447.l04649",
"ref": "P335447.6.2",
"inst": "gammur[completed]AJ",
"sig": "@saao/saa14%akk-x-neoass:gam-mur=gammuru[finished//completed]AJ'AJ$gammur",
"f": {"lang": "akk-x-neoass",
"form": "gam-mur",
"cf": "gammuru",
"gw": "finished",
"sense": "completed",
"norm": "gammur",
"pos": "AJ",
"epos": "AJ"}
}
,
{
"node": "l",
"frag": "[ta-din]",
"id": "P335447.l0464a",
"ref": "P335447.6.3",
"inst": "tadin[paid]AJ",
"sig": "@saao/saa14%akk-x-neoass:ta-din=tadnu[given//paid]AJ'AJ$tadin",
"f": {"lang": "akk-x-neoass",
"form": "ta-din",
"cf": "tadnu",
"gw": "given",
"sense": "paid",
"norm": "tadin",
"pos": "AJ",
"epos": "AJ"}
}
,
{
"node": "d",
"type": "line-start",
"ref": "P335447.7",
"n": "5'",
"label": "o 5'"}
,
{
"node": "l",
"frag": "⸢man-nu",
"id": "P335447.l0464b",
"ref": "P335447.7.1",
"inst": "mannu[whoever]'XP",
"sig": "@saao/saa14%akk-x-neoass:man-nu=mannu[who?//whoever]QP'XP$mannu",
"f": {"lang": "akk-x-neoass",
"form": "man-nu",
"cf": "mannu",
"gw": "who?",
"sense": "whoever",
"norm": "mannu",
"pos": "QP",
"epos": "XP"}
}
,
{
"node": "l",
"frag": "ša⸣",
"id": "P335447.l0464c",
"ref": "P335447.7.2",
"inst": "ša[that]REL",
"sig": "@saao/saa14%akk-x-neoass:ša=ša[that//that]REL'REL$ša",
"f": {"lang": "akk-x-neoass",
"form": "ša",
"cf": "ša",
"gw": "that",
"sense": "that",
"norm": "ša",
"pos": "REL",
"epos": "REL"}
}
,
{
"node": "c",
"type": "phrase",
"tag": "phr",
"id": "P335447.U4",
"ref": "P335447.ls00000",
"cdl": [
{
"node": "l",
"frag": "ina",
"id": "P335447.l0464d",
"ref": "P335447.7.3",
"inst": "ina[in+=in the future]PRP",
"sig": "@saao/saa14%akk-x-neoass:ina=ina[in//in]PRP'PRP$ina",
"f": {"lang": "akk-x-neoass",
"form": "ina",
"cf": "ina",
"gw": "in",
"sense": "in",
"norm": "ina",
"pos": "PRP",
"epos": "PRP"}
}
,
{
"node": "l",
"frag": "ur-kiš",
"id": "P335447.l0464e",
"ref": "P335447.7.4",
"inst": "urkiš[later]AV",
"sig": "@saao/saa14%akk-x-neoass:ur-kiš=urkiš[later//later]AV'AV$urkiš",
"f": {"lang": "akk-x-neoass",
"form": "ur-kiš",
"cf": "urkiš",
"gw": "later",
"sense": "later",
"norm": "urkiš",
"pos": "AV",
"epos": "AV"}
}
]}
,
{
"node": "d",
"type": "line-start",
"ref": "P335447.8",
"n": "6'",
"label": "o 6'"}
,
{
"node": "l",
"frag": "ina",
"id": "P335447.l0464f",
"ref": "P335447.8.1",
"inst": "ina[in+=whenever]PRP",
"sig": "@saao/saa14%akk-x-neoass:ina=ina[in//in]PRP'PRP$ina",
"f": {"lang": "akk-x-neoass",
"form": "ina",
"cf": "ina",
"gw": "in",
"sense": "in",
"norm": "ina",
"pos": "PRP",
"epos": "PRP"}
}
,
{
"node": "l",
"frag": "ma-ti-ma",
"id": "P335447.l04650",
"ref": "P335447.8.2",
"inst": "matīma[ever]AV",
"sig": "@saao/saa14%akk-x-neoass:ma-ti-ma=matīma[ever//ever]AV'AV$matīma",
"f": {"lang": "akk-x-neoass",
"form": "ma-ti-ma",
"cf": "matīma",
"gw": "ever",
"sense": "ever",
"norm": "matīma",
"pos": "AV",
"epos": "AV"}
}
,
{
"node": "l",
"frag": "GIL-u-ni",
"id": "P335447.l04651",
"ref": "P335447.8.3",
"inst": "iparrakūni[contravene]V",
"sig": "@saao/saa14%akk-x-neoass:GIL-u-ni=parāku[lie across//contravene]V'V$iparrakūni",
"f": {"lang": "akk-x-neoass",
"form": "GIL-u-ni",
"cf": "parāku",
"gw": "lie across",
"sense": "contravene",
"norm": "iparrakūni",
"pos": "V",
"epos": "V"}
}
,
{
"node": "d",
"type": "line-start",
"ref": "P335447.9",
"n": "7'",
"label": "o 7'"}
,
{
"node": "l",
"frag": "lu-u",
"id": "P335447.l04652",
"ref": "P335447.9.1",
"inst": "lū[may]MOD",
"sig": "@saao/saa14%akk-x-neoass:lu-u=lū[may//may]MOD'MOD$lū",
"f": {"lang": "akk-x-neoass",
"form": "lu-u",
"cf": "lū",
"gw": "may",
"sense": "may",
"norm": "lū",
"pos": "MOD",
"epos": "MOD"}
}
,
{
"node": "l",
"frag": "LU₂~v-MEŠ",
"id": "P335447.l04653",
"ref": "P335447.9.2",
"inst": "amēlē[man]N",
"sig": "@saao/saa14%akk-x-neoass:LU₂-MEŠ=awīlu[man//man]N'N$amēlē",
"f": {"lang": "akk-x-neoass",
"form": "LU₂-MEŠ",
"cf": "awīlu",
"gw": "man",
"sense": "man",
"norm": "amēlē",
"pos": "N",
"epos": "N"}
}
,
{
"node": "l",
"frag": "an-nu-te",
"id": "P335447.l04654",
"ref": "P335447.9.3",
"inst": "annūte[this]DP",
"sig": "@saao/saa14%akk-x-neoass:an-nu-te=annû[this//this]DP'DP$annūte",
"f": {"lang": "akk-x-neoass",
"form": "an-nu-te",
"cf": "annû",
"gw": "this",
"sense": "this",
"norm": "annūte",
"pos": "DP",
"epos": "DP"}
}
,
{
"node": "d",
"type": "line-start",
"ref": "P335447.10",
"n": "8'",
"label": "o 8'"}
,
{
"node": "l",
"frag": "lu-u",
"id": "P335447.l04655",
"ref": "P335447.10.1",
"inst": "lū[may]MOD",
"sig": "@saao/saa14%akk-x-neoass:lu-u=lū[may//may]MOD'MOD$lū",
"f": {"lang": "akk-x-neoass",
"form": "lu-u",
"cf": "lū",
"gw": "may",
"sense": "may",
"norm": "lū",
"pos": "MOD",
"epos": "MOD"}
}
,
{
"node": "l",
"frag": "mam₂-ma-nu-šu₂-nu",
"id": "P335447.l04656",
"ref": "P335447.10.2",
"inst": "mammannušunu[relative]'N",
"sig": "@saao/saa14%akk-x-neoass:mam₂-ma-nu-šu₂-nu=mammanu-[whosoever//relative]XP'N$mammannušunu",
"f": {"lang": "akk-x-neoass",
"form": "mam₂-ma-nu-šu₂-nu",
"cf": "mammanu-",
"gw": "whosoever",
"sense": "relative",
"norm": "mammannušunu",
"pos": "XP",
"epos": "N"}
}
,
{
"node": "d",
"subtype": "reverse",
"type": "surface",
"ref": "P335447.r.11",
"type": "reverse",
"label": "r"}
,
{
"node": "d",
"type": "line-start",
"ref": "P335447.12",
"n": "1",
"label": "r 1"}
,
{
"node": "l",
"frag": "lu-u",
"id": "P335447.l04657",
"ref": "P335447.12.1",
"inst": "lū[may]MOD",
"sig": "@saao/saa14%akk-x-neoass:lu-u=lū[may//may]MOD'MOD$lū",
"f": {"lang": "akk-x-neoass",
"form": "lu-u",
"cf": "lū",
"gw": "may",
"sense": "may",
"norm": "lū",
"pos": "MOD",
"epos": "MOD"}
}
,
{
"node": "l",
"frag": "{lu₂v}GAL-⸢ki-ṣir⸣-šu₂-nu",
"id": "P335447.l04658",
"ref": "P335447.12.2",
"cof-tails": "P335447.l04659",
"inst": "rabû[big one]N$rab&kiṣru[knot]N$kiṣiršunu",
"sig": "@saao/saa14%akk-x-neoass:{LU₂}GAL-ki-ṣir-šu₂-nu=rabû[big one//big one]N'N$rab&&@saao%akk-x-neoass:=kiṣru[knot//knot]N'N$kiṣiršunu",
"f": {"lang": "akk-x-neoass",
"form": "{LU₂}GAL-ki-ṣir-šu₂-nu",
"cf": "rabû",
"gw": "big one",
"sense": "big one",
"norm": "rab",
"pos": "N",
"epos": "N"}
}
,
{
"node": "l",
"frag": "{lu₂v}GAL-⸢ki-ṣir⸣-šu₂-nu",
"id": "P335447.l04659",
"ref": "P335447.12.2",
"cof-head": "P335447.l04658",
"inst": "rabû[big one]N$rab&kiṣru[knot]N$kiṣiršunu",
"tail-sig": "@saao%akk-x-neoass:=kiṣru[knot//knot]N'N$kiṣiršunu",
"f": {"lang": "akk-x-neoass",
"form": "{LU₂}GAL-ki-ṣir-šu₂-nu",
"cf": "kiṣru",
"gw": "knot",
"sense": "knot",
"norm": "kiṣiršunu",
"pos": "N",
"epos": "N"}
}
,
{
"node": "d",
"type": "line-start",
"ref": "P335447.13",
"n": "2",
"label": "r 2"}
,
{
"node": "l",
"frag": "TA@v",
"id": "P335447.l0465a",
"ref": "P335447.13.1",
"inst": "issi[with]PRP",
"sig": "@saao/saa14%akk-x-neoass:TA@v=išti[with//with]PRP'PRP$issi",
"f": {"lang": "akk-x-neoass",
"form": "TA@v",
"cf": "išti",
"gw": "with",
"sense": "with",
"norm": "issi",
"pos": "PRP",
"epos": "PRP"}
}
,
{
"node": "l",
"frag": "IGI",
"id": "P335447.l0465b",
"ref": "P335447.13.2",
"inst": "u",
"f": {"lang": "akk-x-neoass",
"form": "IGI",
"pos": "u"}
}
,
{
"node": "l",
"frag": "{1}IM-U.GUR-DU-⸢lak⸣",
"id": "P335447.l0465c",
"ref": "P335447.13.3",
"inst": "Ina-šar-Nergal-allak[1]PN$",
"sig": "@saao/saa14%akk-x-neoass:{1}IM-U.GUR-DU-lak=Ina-šar-Nergal-allak[1//1]PN'PN$Ina-šar-Nergal-allak",
"f": {"lang": "akk-x-neoass",
"form": "{1}IM-U.GUR-DU-lak",
"cf": "Ina-šar-Nergal-allak",
"gw": "1",
"sense": "1",
"norm": "Ina-šar-Nergal-allak",
"pos": "PN",
"epos": "PN"}
}
,
{
"node": "d",
"type": "line-start",
"ref": "P335447.14",
"n": "3",
"label": "r 3"}
,
{
"node": "l",
"frag": "de-e-⸢nu⸣",
"id": "P335447.l0465d",
"ref": "P335447.14.1",
"inst": "dēnu[lawsuit]N",
"sig": "@saao/saa14%akk-x-neoass:de-e-nu=dīnu[legal decision//lawsuit]N'N$dēnu",
"f": {"lang": "akk-x-neoass",
"form": "de-e-nu",
"cf": "dīnu",
"gw": "legal decision",
"sense": "lawsuit",
"norm": "dēnu",
"pos": "N",
"epos": "N"}
}
,
{
"node": "l",
"frag": "DUG₄.DUG₄",
"id": "P335447.l0465e",
"ref": "P335447.14.2",
"inst": "dabābu[litigation]'N",
"sig": "@saao/saa14%akk-x-neoass:DUG₄.DUG₄=dabābu[speak//litigation]V'N$dabābu",
"f": {"lang": "akk-x-neoass",
"form": "DUG₄.DUG₄",
"cf": "dabābu",
"gw": "speak",
"sense": "litigation",
"norm": "dabābu",
"pos": "V",
"epos": "N"}
}
,
{
"node": "l",
"frag": "ub-ta-u-ni",
"id": "P335447.l0465f",
"ref": "P335447.14.3",
"inst": "ubtaʾʾūni[seek]V",
"sig": "@saao/saa14%akk-x-neoass:ub-ta-u-ni=buʾʾû[look for//seek]V'V$ubtaʾʾūni",
"f": {"lang": "akk-x-neoass",
"form": "ub-ta-u-ni",
"cf": "buʾʾû",
"gw": "look for",
"sense": "seek",
"norm": "ubtaʾʾūni",
"pos": "V",
"epos": "V"}
}
,
{
"node": "d",
"type": "line-start",
"ref": "P335447.15",
"n": "4",
"label": "r 4"}
,
{
"node": "l",
"frag": "02",
"id": "P335447.l04660",
"ref": "P335447.15.1",
"inst": "n",
"f": {"lang": "akk-x-neoass",
"form": "02",
"pos": "n"}
}
,
{
"node": "l",
"frag": "MA.NA",
"id": "P335447.l04661",
"ref": "P335447.15.2",
"inst": "manê[a unit of weight]N",
"sig": "@saao/saa14%akk-x-neoass:MA.NA=manû[unit//a unit of weight]N'N$manê",
"f": {"lang": "akk-x-neoass",
"form": "MA.NA",
"cf": "manû",
"gw": "unit",
"sense": "a unit of weight",
"norm": "manê",
"pos": "N",
"epos": "N"}
}
,
{
"node": "l",
"frag": "KUG.UD",
"id": "P335447.l04662",
"ref": "P335447.15.3",
"inst": "ṣarpu[silver]N",
"sig": "@saao/saa14%akk-x-neoass:KUG.UD=ṣarpu[silver//silver]N'N$ṣarpi",
"f": {"lang": "akk-x-neoass",
"form": "KUG.UD",
"cf": "ṣarpu",
"gw": "silver",
"sense": "silver",
"norm": "ṣarpi",
"pos": "N",
"epos": "N"}
}
,
{
"node": "l",
"frag": "i-dan",
"id": "P335447.l04663",
"ref": "P335447.15.4",
"inst": "iddan[pay]V",
"sig": "@saao/saa14%akk-x-neoass:i-dan=tadānu[give//pay]V'V$iddan",
"f": {"lang": "akk-x-neoass",
"form": "i-dan",
"cf": "tadānu",
"gw": "give",
"sense": "pay",
"norm": "iddan",
"pos": "V",
"epos": "V"}
}
,
{
"node": "d",
"type": "nonx",
"ref": "P335447.16",
"strict": "1",
"extent": "n",
"scope": "line",
"state": "ruling"}
,
{
"node": "d",
"type": "line-start",
"ref": "P335447.17",
"n": "5",
"label": "r 5"}
,
{
"node": "l",
"frag": "IGI",
"id": "P335447.l04664",
"ref": "P335447.17.1",
"inst": "šību[witness]N",
"sig": "@saao/saa14%akk-x-neoass:IGI=šību[witness//witness]N'N$šību",
"f": {"lang": "akk-x-neoass",
"form": "IGI",
"cf": "šību",
"gw": "witness",
"sense": "witness",
"norm": "šību",
"pos": "N",
"epos": "N"}
}
,
{
"node": "l",
"frag": "{1}{d}30--I",
"id": "P335447.l04665",
"ref": "P335447.17.2",
"inst": "Sin-naʾdi[1]PN",
"sig": "@saao/saa14%akk-x-neoass:{1}{d}30-I=Sin-naʾdi[1//1]PN'PN$Sin-naʾdi",
"f": {"lang": "akk-x-neoass",
"form": "{1}{d}30-I",
"cf": "Sin-naʾdi",
"gw": "1",
"sense": "1",
"norm": "Sin-naʾdi",
"pos": "PN",
"epos": "PN"}
}
,
{
"node": "l",
"frag": "[x",
"id": "P335447.l04666",
"ref": "P335447.17.3",
"inst": "u",
"f": {"lang": "akk-x-neoass",
"form": "x",
"pos": "u"}
}
,
{
"node": "l",
"frag": "x",
"id": "P335447.l04667",
"ref": "P335447.17.4",
"inst": "u",
"f": {"lang": "akk-x-neoass",
"form": "x",
"pos": "u"}
}
,
{
"node": "l",
"frag": "x]",
"id": "P335447.l04668",
"ref": "P335447.17.5",
"inst": "u",
"f": {"lang": "akk-x-neoass",
"form": "x",
"pos": "u"}
}
,
{
"node": "d",
"type": "line-start",
"ref": "P335447.18",
"n": "6",
"label": "r 6"}
,
{
"node": "l",
"frag": "IGI",
"id": "P335447.l04669",
"ref": "P335447.18.1",
"inst": "šību[witness]N",
"sig": "@saao/saa14%akk-x-neoass:IGI=šību[witness//witness]N'N$šību",
"f": {"lang": "akk-x-neoass",
"form": "IGI",
"cf": "šību",
"gw": "witness",
"sense": "witness",
"norm": "šību",
"pos": "N",
"epos": "N"}
}
,
{
"node": "l",
"frag": "{1}ab-bu-⸢x⸣+[x",
"id": "P335447.l0466a",
"ref": "P335447.18.2",
"inst": "u",
"f": {"lang": "akk-x-neoass",
"form": "{1}ab-bu-x+x",
"pos": "u"}
}
,
{
"node": "l",
"frag": "x",
"id": "P335447.l0466b",
"ref": "P335447.18.3",
"inst": "u",
"f": {"lang": "akk-x-neoass",
"form": "x",
"pos": "u"}
}
,
{
"node": "l",
"frag": "x",
"id": "P335447.l0466c",
"ref": "P335447.18.4",
"inst": "u",
"f": {"lang": "akk-x-neoass",
"form": "x",
"pos": "u"}
}
,
{
"node": "l",
"frag": "x]",
"id": "P335447.l0466d",
"ref": "P335447.18.5",
"inst": "u",
"f": {"lang": "akk-x-neoass",
"form": "x",
"pos": "u"}
}
,
{
"node": "d",
"type": "line-start",
"ref": "P335447.19",
"n": "7",
"label": "r 7"}
,
{
"node": "l",
"frag": "IGI",
"id": "P335447.l0466e",
"ref": "P335447.19.1",
"inst": "šību[witness]N",
"sig": "@saao/saa14%akk-x-neoass:IGI=šību[witness//witness]N'N$šību",
"f": {"lang": "akk-x-neoass",
"form": "IGI",
"cf": "šību",
"gw": "witness",
"sense": "witness",
"norm": "šību",
"pos": "N",
"epos": "N"}
}
,
{
"node": "l",
"frag": "{1}DINGIR-a.⸢a⸣-[x",
"id": "P335447.l0466f",
"ref": "P335447.19.2",
"inst": "u",
"f": {"lang": "akk-x-neoass",
"form": "{1}DINGIR-a.a-x",
"pos": "u"}
}
,
{
"node": "l",
"frag": "x",
"id": "P335447.l04670",
"ref": "P335447.19.3",
"inst": "u",
"f": {"lang": "akk-x-neoass",
"form": "x",
"pos": "u"}
}
,
{
"node": "l",
"frag": "x",
"id": "P335447.l04671",
"ref": "P335447.19.4",
"inst": "u",
"f": {"lang": "akk-x-neoass",
"form": "x",
"pos": "u"}
}
,
{
"node": "l",
"frag": "x]",
"id": "P335447.l04672",
"ref": "P335447.19.5",
"inst": "u",
"f": {"lang": "akk-x-neoass",
"form": "x",
"pos": "u"}
}
,
{
"node": "d",
"type": "line-start",
"ref": "P335447.20",
"n": "8",
"label": "r 8"}
,
{
"node": "l",
"frag": "IGI",
"id": "P335447.l04673",
"ref": "P335447.20.1",
"inst": "šību[witness]N",
"sig": "@saao/saa14%akk-x-neoass:IGI=šību[witness//witness]N'N$šību",
"f": {"lang": "akk-x-neoass",
"form": "IGI",
"cf": "šību",
"gw": "witness",
"sense": "witness",
"norm": "šību",
"pos": "N",
"epos": "N"}
}
,
{
"node": "l",
"frag": "{1}10-[x",
"id": "P335447.l04674",
"ref": "P335447.20.2",
"inst": "u",
"f": {"lang": "akk-x-neoass",
"form": "{1}10-x",
"pos": "u"}
}
,
{
"node": "l",
"frag": "x",
"id": "P335447.l04675",
"ref": "P335447.20.3",
"inst": "u",
"f": {"lang": "akk-x-neoass",
"form": "x",
"pos": "u"}
}
,
{
"node": "l",
"frag": "x",
"id": "P335447.l04676",
"ref": "P335447.20.4",
"inst": "u",
"f": {"lang": "akk-x-neoass",
"form": "x",
"pos": "u"}
}
,
{
"node": "l",
"frag": "x]",
"id": "P335447.l04677",
"ref": "P335447.20.5",
"inst": "u",
"f": {"lang": "akk-x-neoass",
"form": "x",
"pos": "u"}
}
,
{
"node": "d",
"type": "nonx",
"ref": "P335447.21",
"strict": "0",
"extent": "rest",
"state": "missing"}
]}
]}
]}
,
{
"linkbase": [{
"type": "linkset",
"xlink_title": "ina urkiš[in the future//in the future]AV'AV",
"id": "P335447.ls00000",
"xlink_type": "extended",
"xlink_role": "psu",
"sig": "{ina[in]PRP urkiš[later]AV += ina urkiš[in the future//in the future]AV'AV}::@saao%akk-x-neoass:ina=ina[in//into]PRP'PRP$ina++@saao%akk-x-neoass:ur-kiš=urkiš[later//later]AV'AV$urkiš",
"links": [
{
"type": "link",
"xlink_title": "ina",
"xlink_type": "locator",
"xlink_href": "#P335447.l0464d",
"xlink_role": "elt"}
,
{
"type": "link",
"xlink_title": "urkiš",
"xlink_type": "locator",
"xlink_href": "#P335447.l0464e",
"xlink_role": "elt"}
]}
]}
]}
