{
"type": "cdl",
  "source": "http://oracc.org/saao/saa14",
  "license": "This data is released under the CC0 license",
  "license-url": "https://creativecommons.org/publicdomain/zero/1.0/",
  "more-info": "http://oracc.org/doc/opendata/",
  "UTC-timestamp": "2017-05-19T11:50:04",
"project": "saao/saa14",
"textid": "P335494",
"cdl": [
{
"node": "c",
"type": "text",
"id": "P335494.U0",
"cdl": [
{
"node": "d",
"type": "object",
"ref": ""}
,
{
"node": "d",
"subtype": "obverse",
"type": "surface",
"ref": "P335494.o.1",
"type": "obverse",
"label": "o"}
,
{
"node": "d",
"type": "nonx",
"ref": "P335494.2",
"strict": "0",
"state": "missing"}
,
{
"node": "d",
"subtype": "reverse",
"type": "surface",
"ref": "P335494.r.3",
"type": "reverse",
"label": "r"}
,
{
"node": "d",
"type": "nonx",
"ref": "P335494.4",
"strict": "0",
"extent": "beginning",
"state": "missing"}
,
{
"node": "c",
"type": "discourse",
"subtype": "body",
"id": "P335494.U1",
"cdl": [
{
"node": "c",
"type": "sentence",
"id": "P335494.U2",
"label": "r 1' - r 9'",
"cdl": [
{
"node": "d",
"type": "line-start",
"ref": "P335494.5",
"n": "1'",
"label": "r 1'"}
,
{
"node": "l",
"frag": "[x",
"id": "P335494.l014f3",
"ref": "P335494.5.1",
"inst": "u",
"f": {"lang": "akk-x-neoass",
"form": "x",
"pos": "u"}
}
,
{
"node": "l",
"frag": "x",
"id": "P335494.l014f4",
"ref": "P335494.5.2",
"inst": "u",
"f": {"lang": "akk-x-neoass",
"form": "x",
"pos": "u"}
}
,
{
"node": "l",
"frag": "x",
"id": "P335494.l014f5",
"ref": "P335494.5.3",
"inst": "u",
"f": {"lang": "akk-x-neoass",
"form": "x",
"pos": "u"}
}
,
{
"node": "l",
"frag": "x",
"id": "P335494.l014f6",
"ref": "P335494.5.4",
"inst": "u",
"f": {"lang": "akk-x-neoass",
"form": "x",
"pos": "u"}
}
,
{
"node": "l",
"frag": "x",
"id": "P335494.l014f7",
"ref": "P335494.5.5",
"inst": "u",
"f": {"lang": "akk-x-neoass",
"form": "x",
"pos": "u"}
}
,
{
"node": "l",
"frag": "NU]",
"id": "P335494.l014f8",
"ref": "P335494.5.6",
"inst": "lā[not]MOD",
"sig": "@saao/saa14%akk-x-neoass:NU=lā[not//not]MOD'MOD$lā",
"f": {"lang": "akk-x-neoass",
"form": "NU",
"cf": "lā",
"gw": "not",
"sense": "not",
"norm": "lā",
"pos": "MOD",
"epos": "MOD"}
}
,
{
"node": "l",
"frag": "⸢TI⸣",
"id": "P335494.l014f9",
"ref": "P335494.5.7",
"inst": "ilaqqi[succeed]V",
"sig": "@saao/saa14%akk-x-neoass:TI=leqû[take//succeed]V'V$ilaqqi",
"f": {"lang": "akk-x-neoass",
"form": "TI",
"cf": "leqû",
"gw": "take",
"sense": "succeed",
"norm": "ilaqqi",
"pos": "V",
"epos": "V"}
}
,
{
"node": "d",
"type": "nonx",
"ref": "P335494.6",
"strict": "1",
"extent": "n",
"scope": "line",
"state": "ruling",
"flags": "!"}
,
{
"node": "d",
"type": "line-start",
"ref": "P335494.7",
"n": "2'",
"label": "r 2'"}
,
{
"node": "l",
"frag": "[IGI",
"id": "P335494.l014fa",
"ref": "P335494.7.1",
"inst": "šību[witness]N",
"sig": "@saao/saa14%akk-x-neoass:IGI=šību[witness//witness]N'N$šību",
"f": {"lang": "akk-x-neoass",
"form": "IGI",
"cf": "šību",
"gw": "witness",
"sense": "witness",
"norm": "šību",
"pos": "N",
"epos": "N"}
}
,
{
"node": "l",
"frag": "{1}{iti}AB-a.a",
"id": "P335494.l014fb",
"ref": "P335494.7.2",
"inst": "Kanunaya[1]PN",
"sig": "@saao/saa14%akk-x-neoass:{1}{ITI}AB-a.a=Kanunayu[1//1]PN'PN$Kanunaya",
"f": {"lang": "akk-x-neoass",
"form": "{1}{ITI}AB-a.a",
"cf": "Kanunayu",
"gw": "1",
"sense": "1",
"norm": "Kanunaya",
"pos": "PN",
"epos": "PN"}
}
,
{
"node": "l",
"frag": "{lu₂v}⸢x⸣+[x",
"id": "P335494.l014fc",
"ref": "P335494.7.3",
"inst": "u",
"f": {"lang": "akk-x-neoass",
"form": "{LU₂}x+x",
"pos": "u"}
}
,
{
"node": "l",
"frag": "x",
"id": "P335494.l014fd",
"ref": "P335494.7.4",
"inst": "u",
"f": {"lang": "akk-x-neoass",
"form": "x",
"pos": "u"}
}
,
{
"node": "l",
"frag": "x",
"id": "P335494.l014fe",
"ref": "P335494.7.5",
"inst": "u",
"f": {"lang": "akk-x-neoass",
"form": "x",
"pos": "u"}
}
,
{
"node": "l",
"frag": "x]",
"id": "P335494.l014ff",
"ref": "P335494.7.6",
"inst": "u",
"f": {"lang": "akk-x-neoass",
"form": "x",
"pos": "u"}
}
,
{
"node": "d",
"type": "line-start",
"ref": "P335494.8",
"n": "3'",
"label": "r 3'"}
,
{
"node": "l",
"frag": "[IGI]",
"id": "P335494.l01500",
"ref": "P335494.8.1",
"inst": "šību[witness]N",
"sig": "@saao/saa14%akk-x-neoass:IGI=šību[witness//witness]N'N$šību",
"f": {"lang": "akk-x-neoass",
"form": "IGI",
"cf": "šību",
"gw": "witness",
"sense": "witness",
"norm": "šību",
"pos": "N",
"epos": "N"}
}
,
{
"node": "l",
"frag": "{1}30--u₂-bal-⸢liṭ⸣",
"id": "P335494.l01501",
"ref": "P335494.8.2",
"inst": "Sin-uballiṭ[1]PN$",
"sig": "@saao/saa14%akk-x-neoass:{1}30-u₂-bal-liṭ=Sin-uballiṭ[1//1]PN'PN$Sin-uballiṭ",
"f": {"lang": "akk-x-neoass",
"form": "{1}30-u₂-bal-liṭ",
"cf": "Sin-uballiṭ",
"gw": "1",
"sense": "1",
"norm": "Sin-uballiṭ",
"pos": "PN",
"epos": "PN"}
}
,
{
"node": "l",
"frag": "[x",
"id": "P335494.l01502",
"ref": "P335494.8.3",
"inst": "u",
"f": {"lang": "akk-x-neoass",
"form": "x",
"pos": "u"}
}
,
{
"node": "l",
"frag": "x",
"id": "P335494.l01503",
"ref": "P335494.8.4",
"inst": "u",
"f": {"lang": "akk-x-neoass",
"form": "x",
"pos": "u"}
}
,
{
"node": "l",
"frag": "x",
"id": "P335494.l01504",
"ref": "P335494.8.5",
"inst": "u",
"f": {"lang": "akk-x-neoass",
"form": "x",
"pos": "u"}
}
,
{
"node": "l",
"frag": "x]",
"id": "P335494.l01505",
"ref": "P335494.8.6",
"inst": "u",
"f": {"lang": "akk-x-neoass",
"form": "x",
"pos": "u"}
}
,
{
"node": "d",
"type": "line-start",
"ref": "P335494.9",
"n": "4'",
"label": "r 4'"}
,
{
"node": "l",
"frag": "⸢IGI⸣",
"id": "P335494.l01506",
"ref": "P335494.9.1",
"inst": "šību[witness]N",
"sig": "@saao/saa14%akk-x-neoass:IGI=šību[witness//witness]N'N$šību",
"f": {"lang": "akk-x-neoass",
"form": "IGI",
"cf": "šību",
"gw": "witness",
"sense": "witness",
"norm": "šību",
"pos": "N",
"epos": "N"}
}
,
{
"node": "l",
"frag": "{1}SU-ti-DINGIR",
"id": "P335494.l01507",
"ref": "P335494.9.2",
"inst": "Ribati-ili[1]PN$",
"sig": "@saao/saa14%akk-x-neoass:{1}SU-ti-DINGIR=Ribati-ili[1//1]PN'PN$Ribati-ili",
"f": {"lang": "akk-x-neoass",
"form": "{1}SU-ti-DINGIR",
"cf": "Ribati-ili",
"gw": "1",
"sense": "1",
"norm": "Ribati-ili",
"pos": "PN",
"epos": "PN"}
}
,
{
"node": "l",
"frag": "[x",
"id": "P335494.l01508",
"ref": "P335494.9.3",
"inst": "u",
"f": {"lang": "akk-x-neoass",
"form": "x",
"pos": "u"}
}
,
{
"node": "l",
"frag": "x",
"id": "P335494.l01509",
"ref": "P335494.9.4",
"inst": "u",
"f": {"lang": "akk-x-neoass",
"form": "x",
"pos": "u"}
}
,
{
"node": "l",
"frag": "x",
"id": "P335494.l0150a",
"ref": "P335494.9.5",
"inst": "u",
"f": {"lang": "akk-x-neoass",
"form": "x",
"pos": "u"}
}
,
{
"node": "l",
"frag": "x]",
"id": "P335494.l0150b",
"ref": "P335494.9.6",
"inst": "u",
"f": {"lang": "akk-x-neoass",
"form": "x",
"pos": "u"}
}
,
{
"node": "d",
"type": "line-start",
"ref": "P335494.10",
"n": "5'",
"label": "r 5'"}
,
{
"node": "l",
"frag": "IGI",
"id": "P335494.l0150c",
"ref": "P335494.10.1",
"inst": "šību[witness]N",
"sig": "@saao/saa14%akk-x-neoass:IGI=šību[witness//witness]N'N$šību",
"f": {"lang": "akk-x-neoass",
"form": "IGI",
"cf": "šību",
"gw": "witness",
"sense": "witness",
"norm": "šību",
"pos": "N",
"epos": "N"}
}
,
{
"node": "l",
"frag": "{1}{d}PA-A-AŠ",
"id": "P335494.l0150d",
"ref": "P335494.10.2",
"inst": "Nabu-aplu-iddina[1]PN",
"sig": "@saao/saa14%akk-x-neoass:{1}{d}PA-A-AŠ=Nabu-aplu-iddina[1//1]PN'PN$Nabu-aplu-iddina",
"f": {"lang": "akk-x-neoass",
"form": "{1}{d}PA-A-AŠ",
"cf": "Nabu-aplu-iddina",
"gw": "1",
"sense": "1",
"norm": "Nabu-aplu-iddina",
"pos": "PN",
"epos": "PN"}
}
,
{
"node": "l",
"frag": "{⸢lu₂v⸣}[x",
"id": "P335494.l0150e",
"ref": "P335494.10.3",
"inst": "u",
"f": {"lang": "akk-x-neoass",
"form": "{LU₂}x",
"pos": "u"}
}
,
{
"node": "l",
"frag": "x",
"id": "P335494.l0150f",
"ref": "P335494.10.4",
"inst": "u",
"f": {"lang": "akk-x-neoass",
"form": "x",
"pos": "u"}
}
,
{
"node": "l",
"frag": "x",
"id": "P335494.l01510",
"ref": "P335494.10.5",
"inst": "u",
"f": {"lang": "akk-x-neoass",
"form": "x",
"pos": "u"}
}
,
{
"node": "l",
"frag": "x]",
"id": "P335494.l01511",
"ref": "P335494.10.6",
"inst": "u",
"f": {"lang": "akk-x-neoass",
"form": "x",
"pos": "u"}
}
,
{
"node": "d",
"type": "line-start",
"ref": "P335494.11",
"n": "6'",
"label": "r 6'"}
,
{
"node": "l",
"frag": "IGI",
"id": "P335494.l01512",
"ref": "P335494.11.1",
"inst": "šību[witness]N",
"sig": "@saao/saa14%akk-x-neoass:IGI=šību[witness//witness]N'N$šību",
"f": {"lang": "akk-x-neoass",
"form": "IGI",
"cf": "šību",
"gw": "witness",
"sense": "witness",
"norm": "šību",
"pos": "N",
"epos": "N"}
}
,
{
"node": "l",
"frag": "{1}{d}PA-I",
"id": "P335494.l01513",
"ref": "P335494.11.2",
"inst": "Nabu-naʾid[1]PN",
"sig": "@saao/saa14%akk-x-neoass:{1}{d}PA-I=Nabu-naʾid[1//1]PN'PN$Nabu-naʾid",
"f": {"lang": "akk-x-neoass",
"form": "{1}{d}PA-I",
"cf": "Nabu-naʾid",
"gw": "1",
"sense": "1",
"norm": "Nabu-naʾid",
"pos": "PN",
"epos": "PN"}
}
,
{
"node": "l",
"frag": "{lu₂v}⸢qur⸣-[ZAG]",
"id": "P335494.l01514",
"ref": "P335494.11.3",
"inst": "ša-qurbūti[(royal) confidant]N",
"sig": "@saao/saa14%akk-x-neoass:{LU₂}qur-ZAG=ša-qurbūti[close follower//(royal) confidant]N'N$ša-qurbūti",
"f": {"lang": "akk-x-neoass",
"form": "{LU₂}qur-ZAG",
"cf": "ša-qurbūti",
"gw": "close follower",
"sense": "(royal) confidant",
"norm": "ša-qurbūti",
"pos": "N",
"epos": "N"}
}
,
{
"node": "d",
"type": "line-start",
"ref": "P335494.12",
"n": "7'",
"label": "r 7'"}
,
{
"node": "l",
"frag": "IGI",
"id": "P335494.l01515",
"ref": "P335494.12.1",
"inst": "šību[witness]N",
"sig": "@saao/saa14%akk-x-neoass:IGI=šību[witness//witness]N'N$šību",
"f": {"lang": "akk-x-neoass",
"form": "IGI",
"cf": "šību",
"gw": "witness",
"sense": "witness",
"norm": "šību",
"pos": "N",
"epos": "N"}
}
,
{
"node": "l",
"frag": "{1}EN-DU₃",
"id": "P335494.l01516",
"ref": "P335494.12.2",
"inst": "Bel-ibni[1]PN",
"sig": "@saao/saa14%akk-x-neoass:{1}EN-DU₃=Bel-ibni[1//1]PN'PN$Bel-ibni",
"f": {"lang": "akk-x-neoass",
"form": "{1}EN-DU₃",
"cf": "Bel-ibni",
"gw": "1",
"sense": "1",
"norm": "Bel-ibni",
"pos": "PN",
"epos": "PN"}
}
,
{
"node": "l",
"frag": "[x",
"id": "P335494.l01517",
"ref": "P335494.12.3",
"inst": "u",
"f": {"lang": "akk-x-neoass",
"form": "x",
"pos": "u"}
}
,
{
"node": "l",
"frag": "x",
"id": "P335494.l01518",
"ref": "P335494.12.4",
"inst": "u",
"f": {"lang": "akk-x-neoass",
"form": "x",
"pos": "u"}
}
,
{
"node": "l",
"frag": "x",
"id": "P335494.l01519",
"ref": "P335494.12.5",
"inst": "u",
"f": {"lang": "akk-x-neoass",
"form": "x",
"pos": "u"}
}
,
{
"node": "l",
"frag": "x",
"id": "P335494.l0151a",
"ref": "P335494.12.6",
"inst": "u",
"f": {"lang": "akk-x-neoass",
"form": "x",
"pos": "u"}
}
,
{
"node": "l",
"frag": "x]",
"id": "P335494.l0151b",
"ref": "P335494.12.7",
"inst": "u",
"f": {"lang": "akk-x-neoass",
"form": "x",
"pos": "u"}
}
,
{
"node": "d",
"type": "line-start",
"ref": "P335494.13",
"n": "8'",
"label": "r 8'"}
,
{
"node": "l",
"frag": "[IGI]",
"id": "P335494.l0151c",
"ref": "P335494.13.1",
"inst": "šību[witness]N",
"sig": "@saao/saa14%akk-x-neoass:IGI=šību[witness//witness]N'N$šību",
"f": {"lang": "akk-x-neoass",
"form": "IGI",
"cf": "šību",
"gw": "witness",
"sense": "witness",
"norm": "šību",
"pos": "N",
"epos": "N"}
}
,
{
"node": "l",
"frag": "{1}{d}PA-MU-[x",
"id": "P335494.l0151d",
"ref": "P335494.13.2",
"inst": "u",
"f": {"lang": "akk-x-neoass",
"form": "{1}{d}PA-MU-x",
"pos": "u"}
}
,
{
"node": "l",
"frag": "x",
"id": "P335494.l0151e",
"ref": "P335494.13.3",
"inst": "u",
"f": {"lang": "akk-x-neoass",
"form": "x",
"pos": "u"}
}
,
{
"node": "l",
"frag": "x",
"id": "P335494.l0151f",
"ref": "P335494.13.4",
"inst": "u",
"f": {"lang": "akk-x-neoass",
"form": "x",
"pos": "u"}
}
,
{
"node": "l",
"frag": "x",
"id": "P335494.l01520",
"ref": "P335494.13.5",
"inst": "u",
"f": {"lang": "akk-x-neoass",
"form": "x",
"pos": "u"}
}
,
{
"node": "l",
"frag": "x]",
"id": "P335494.l01521",
"ref": "P335494.13.6",
"inst": "u",
"f": {"lang": "akk-x-neoass",
"form": "x",
"pos": "u"}
}
,
{
"node": "d",
"type": "line-start",
"ref": "P335494.14",
"n": "9'",
"label": "r 9'"}
,
{
"node": "l",
"frag": "[IGI",
"id": "P335494.l01522",
"ref": "P335494.14.1",
"inst": "šību[witness]N",
"sig": "@saao/saa14%akk-x-neoass:IGI=šību[witness//witness]N'N$šību",
"f": {"lang": "akk-x-neoass",
"form": "IGI",
"cf": "šību",
"gw": "witness",
"sense": "witness",
"norm": "šību",
"pos": "N",
"epos": "N"}
}
,
{
"node": "l",
"frag": "{1}⸢ab-di⸣-[x",
"id": "P335494.l01523",
"ref": "P335494.14.2",
"inst": "u",
"f": {"lang": "akk-x-neoass",
"form": "{1}ab-di-x",
"pos": "u"}
}
,
{
"node": "l",
"frag": "x",
"id": "P335494.l01524",
"ref": "P335494.14.3",
"inst": "u",
"f": {"lang": "akk-x-neoass",
"form": "x",
"pos": "u"}
}
,
{
"node": "l",
"frag": "x",
"id": "P335494.l01525",
"ref": "P335494.14.4",
"inst": "u",
"f": {"lang": "akk-x-neoass",
"form": "x",
"pos": "u"}
}
,
{
"node": "l",
"frag": "x]",
"id": "P335494.l01526",
"ref": "P335494.14.5",
"inst": "u",
"f": {"lang": "akk-x-neoass",
"form": "x",
"pos": "u"}
}
,
{
"node": "d",
"type": "nonx",
"ref": "P335494.15",
"strict": "0",
"extent": "rest",
"state": "missing"}
]}
]}
]}
]}
