{
"type": "cdl",
  "source": "http://oracc.org/saao/saa14",
  "license": "This data is released under the CC0 license",
  "license-url": "https://creativecommons.org/publicdomain/zero/1.0/",
  "more-info": "http://oracc.org/doc/opendata/",
  "UTC-timestamp": "2017-05-19T11:50:06",
"project": "saao/saa14",
"textid": "P335509",
"cdl": [
{
"node": "c",
"type": "text",
"id": "P335509.U0",
"cdl": [
{
"node": "d",
"type": "object",
"ref": ""}
,
{
"node": "d",
"type": "surface",
"ref": ""}
,
{
"node": "d",
"type": "nonx",
"ref": "P335509.1",
"strict": "0",
"extent": "beginning",
"state": "missing"}
,
{
"node": "c",
"type": "discourse",
"subtype": "body",
"id": "P335509.U1",
"cdl": [
{
"node": "c",
"type": "sentence",
"id": "P335509.U2",
"label": "1' - r 8'",
"cdl": [
{
"node": "d",
"type": "line-start",
"ref": "P335509.2",
"n": "1'",
"label": "1'"}
,
{
"node": "c",
"type": "phrase",
"tag": "phr",
"id": "P335509.U4",
"ref": "P335509.ls00000",
"cdl": [
{
"node": "l",
"frag": "[ina",
"id": "P335509.l05b57",
"ref": "P335509.2.1",
"inst": "ina[in+=for]PRP",
"sig": "@saao/saa14%akk-x-neoass:ina=ina[in//in]PRP'PRP$ina",
"f": {"lang": "akk-x-neoass",
"form": "ina",
"cf": "ina",
"gw": "in",
"sense": "in",
"norm": "ina",
"pos": "PRP",
"epos": "PRP"}
}
,
{
"node": "l",
"frag": "ŠA₃",
"id": "P335509.l05b58",
"ref": "P335509.2.2",
"inst": "libbi[interior]N",
"sig": "@saao/saa14%akk-x-neoass:ŠA₃=libbu[interior//interior]N'N$libbi",
"f": {"lang": "akk-x-neoass",
"form": "ŠA₃",
"cf": "libbu",
"gw": "interior",
"sense": "interior",
"norm": "libbi",
"pos": "N",
"epos": "N"}
}
]}
,
{
"node": "l",
"frag": "x]",
"id": "P335509.l05b59",
"ref": "P335509.2.3",
"inst": "u",
"f": {"lang": "akk-x-neoass",
"form": "x",
"pos": "u"}
}
,
{
"node": "l",
"frag": "MA.NA",
"id": "P335509.l05b5a",
"ref": "P335509.2.4",
"inst": "manê[a unit of weight]N",
"sig": "@saao/saa14%akk-x-neoass:MA.NA=manû[unit//a unit of weight]N'N$manê",
"f": {"lang": "akk-x-neoass",
"form": "MA.NA",
"cf": "manû",
"gw": "unit",
"sense": "a unit of weight",
"norm": "manê",
"pos": "N",
"epos": "N"}
}
,
{
"node": "l",
"frag": "[KUG.UD]",
"id": "P335509.l05b5b",
"ref": "P335509.2.5",
"inst": "ṣarpu[silver]N",
"sig": "@saao/saa14%akk-x-neoass:KUG.UD=ṣarpu[silver//silver]N'N$ṣarpi",
"f": {"lang": "akk-x-neoass",
"form": "KUG.UD",
"cf": "ṣarpu",
"gw": "silver",
"sense": "silver",
"norm": "ṣarpi",
"pos": "N",
"epos": "N"}
}
,
{
"node": "d",
"type": "line-start",
"ref": "P335509.3",
"n": "2'",
"label": "2'"}
,
{
"node": "l",
"frag": "[ina",
"id": "P335509.l05b5c",
"ref": "P335509.3.1",
"inst": "ina[by]PRP",
"sig": "@saao/saa14%akk-x-neoass:ina=ina[in//by]PRP'PRP$ina",
"f": {"lang": "akk-x-neoass",
"form": "ina",
"cf": "ina",
"gw": "in",
"sense": "by",
"norm": "ina",
"pos": "PRP",
"epos": "PRP"}
}
,
{
"node": "l",
"frag": "01",
"id": "P335509.l05b5d",
"ref": "P335509.3.2",
"inst": "n",
"f": {"lang": "akk-x-neoass",
"form": "01",
"pos": "n"}
}
,
{
"node": "l",
"frag": "MA.NA-e]",
"id": "P335509.l05b5e",
"ref": "P335509.3.3",
"inst": "manê[a unit of weight]N",
"sig": "@saao/saa14%akk-x-neoass:MA.NA-e=manû[unit//a unit of weight]N'N$manê",
"f": {"lang": "akk-x-neoass",
"form": "MA.NA-e",
"cf": "manû",
"gw": "unit",
"sense": "a unit of weight",
"norm": "manê",
"pos": "N",
"epos": "N"}
}
,
{
"node": "l",
"frag": "ša",
"id": "P335509.l05b5f",
"ref": "P335509.3.4",
"inst": "ša[of]DET",
"sig": "@saao/saa14%akk-x-neoass:ša=ša[of//of]DET'DET$ša",
"f": {"lang": "akk-x-neoass",
"form": "ša",
"cf": "ša",
"gw": "of",
"sense": "of",
"norm": "ša",
"pos": "DET",
"epos": "DET"}
}
,
{
"node": "l",
"frag": "{kur}gar-ga-mis",
"id": "P335509.l05b60",
"ref": "P335509.3.5",
"inst": "Gargamis[Carchemish]GN",
"sig": "@saao/saa14%akk-x-neoass:{KUR}gar-ga-mis=Gargamis[Carchemish//Carchemish]GN'GN$Gargamis",
"f": {"lang": "akk-x-neoass",
"form": "{KUR}gar-ga-mis",
"cf": "Gargamis",
"gw": "Carchemish",
"sense": "Carchemish",
"norm": "Gargamis",
"pos": "GN",
"epos": "GN"}
}
,
{
"node": "d",
"type": "line-start",
"ref": "P335509.4",
"n": "3'",
"label": "3'"}
,
{
"node": "l",
"frag": "[il-qi₂",
"id": "P335509.l05b61",
"ref": "P335509.4.1",
"inst": "ilqi[purchase]V",
"sig": "@saao/saa14%akk-x-neoass:il-qi₂=leqû[take//purchase]V'V$ilqi",
"f": {"lang": "akk-x-neoass",
"form": "il-qi₂",
"cf": "leqû",
"gw": "take",
"sense": "purchase",
"norm": "ilqi",
"pos": "V",
"epos": "V"}
}
,
{
"node": "l",
"frag": "kas-pu]",
"id": "P335509.l05b62",
"ref": "P335509.4.2",
"inst": "kaspu[money]N",
"sig": "@saao/saa14%akk-x-neoass:kas-pu=kaspu[silver//money]N'N$kaspu",
"f": {"lang": "akk-x-neoass",
"form": "kas-pu",
"cf": "kaspu",
"gw": "silver",
"sense": "money",
"norm": "kaspu",
"pos": "N",
"epos": "N"}
}
,
{
"node": "l",
"frag": "gam-mur",
"id": "P335509.l05b63",
"ref": "P335509.4.3",
"inst": "gammur[completed]AJ",
"sig": "@saao/saa14%akk-x-neoass:gam-mur=gammuru[finished//completed]AJ'AJ$gammur",
"f": {"lang": "akk-x-neoass",
"form": "gam-mur",
"cf": "gammuru",
"gw": "finished",
"sense": "completed",
"norm": "gammur",
"pos": "AJ",
"epos": "AJ"}
}
,
{
"node": "l",
"frag": "ta-⸢din⸣",
"id": "P335509.l05b64",
"ref": "P335509.4.4",
"inst": "tadin[paid]AJ",
"sig": "@saao/saa14%akk-x-neoass:ta-din=tadnu[given//paid]AJ'AJ$tadin",
"f": {"lang": "akk-x-neoass",
"form": "ta-din",
"cf": "tadnu",
"gw": "given",
"sense": "paid",
"norm": "tadin",
"pos": "AJ",
"epos": "AJ"}
}
,
{
"node": "d",
"type": "line-start",
"ref": "P335509.5",
"n": "4'",
"label": "4'"}
,
{
"node": "l",
"frag": "[x",
"id": "P335509.l05b65",
"ref": "P335509.5.1",
"inst": "u",
"f": {"lang": "akk-x-neoass",
"form": "x",
"pos": "u"}
}
,
{
"node": "l",
"frag": "šu-a-tu]",
"id": "P335509.l05b66",
"ref": "P335509.5.2",
"inst": "šuātu[that]'DP",
"sig": "@saao/saa14%akk-x-neoass:šu-a-tu=šuāti[him//that]IP'DP$šuātu",
"f": {"lang": "akk-x-neoass",
"form": "šu-a-tu",
"cf": "šuāti",
"gw": "him",
"sense": "that",
"norm": "šuātu",
"pos": "IP",
"epos": "DP"}
}
,
{
"node": "l",
"frag": "za-rip",
"id": "P335509.l05b67",
"ref": "P335509.5.3",
"inst": "zarip[purchased]AJ",
"sig": "@saao/saa14%akk-x-neoass:za-rip=zarpu[purchased//purchased]AJ'AJ$zarip",
"f": {"lang": "akk-x-neoass",
"form": "za-rip",
"cf": "zarpu",
"gw": "purchased",
"sense": "purchased",
"norm": "zarip",
"pos": "AJ",
"epos": "AJ"}
}
,
{
"node": "l",
"frag": "laq-qi",
"id": "P335509.l05b68",
"ref": "P335509.5.4",
"inst": "laqqi[acquired]AJ",
"sig": "@saao/saa14%akk-x-neoass:laq-qi=leqû[taken//acquired]AJ'AJ$laqqi",
"f": {"lang": "akk-x-neoass",
"form": "laq-qi",
"cf": "leqû",
"gw": "taken",
"sense": "acquired",
"norm": "laqqi",
"pos": "AJ",
"epos": "AJ"}
}
,
{
"node": "d",
"type": "line-start",
"ref": "P335509.6",
"n": "5'",
"label": "5'"}
,
{
"node": "l",
"frag": "[tu-a-ru]",
"id": "P335509.l05b69",
"ref": "P335509.6.1",
"inst": "tuāru[revocation]'N",
"sig": "@saao/saa14%akk-x-neoass:tu-a-ru=târu[turn//revocation]V'N$tuāru",
"f": {"lang": "akk-x-neoass",
"form": "tu-a-ru",
"cf": "târu",
"gw": "turn",
"sense": "revocation",
"norm": "tuāru",
"pos": "V",
"epos": "N"}
}
,
{
"node": "l",
"frag": "⸢de⸣-e-nu",
"id": "P335509.l05b6a",
"ref": "P335509.6.2",
"inst": "dēnu[lawsuit]N",
"sig": "@saao/saa14%akk-x-neoass:de-e-nu=dīnu[legal decision//lawsuit]N'N$dēnu",
"f": {"lang": "akk-x-neoass",
"form": "de-e-nu",
"cf": "dīnu",
"gw": "legal decision",
"sense": "lawsuit",
"norm": "dēnu",
"pos": "N",
"epos": "N"}
}
,
{
"node": "l",
"frag": "DUG₄.DUG₄",
"id": "P335509.l05b6b",
"ref": "P335509.6.3",
"inst": "dabābu[litigation]'N",
"sig": "@saao/saa14%akk-x-neoass:DUG₄.DUG₄=dabābu[speak//litigation]V'N$dabābu",
"f": {"lang": "akk-x-neoass",
"form": "DUG₄.DUG₄",
"cf": "dabābu",
"gw": "speak",
"sense": "litigation",
"norm": "dabābu",
"pos": "V",
"epos": "N"}
}
,
{
"node": "d",
"type": "line-start",
"ref": "P335509.7",
"n": "6'",
"label": "6'"}
,
{
"node": "l",
"frag": "[la-aš-šu₂",
"id": "P335509.l05b6c",
"ref": "P335509.7.1",
"inst": "laššu[(there) is not]V",
"sig": "@saao/saa14%akk-x-neoass:la-aš-šu₂=laššu[(there) is not//(there) is not]V'V$laššu",
"f": {"lang": "akk-x-neoass",
"form": "la-aš-šu₂",
"cf": "laššu",
"gw": "(there) is not",
"sense": "(there) is not",
"norm": "laššu",
"pos": "V",
"epos": "V"}
}
,
{
"node": "l",
"frag": "man]-nu",
"id": "P335509.l05b6d",
"ref": "P335509.7.2",
"inst": "mannu[whoever]'XP",
"sig": "@saao/saa14%akk-x-neoass:man-nu=mannu[who?//whoever]QP'XP$mannu",
"f": {"lang": "akk-x-neoass",
"form": "man-nu",
"cf": "mannu",
"gw": "who?",
"sense": "whoever",
"norm": "mannu",
"pos": "QP",
"epos": "XP"}
}
,
{
"node": "l",
"frag": "ša₂",
"id": "P335509.l05b6e",
"ref": "P335509.7.3",
"inst": "ša[that]REL",
"sig": "@saao/saa14%akk-x-neoass:ša₂=ša[that//that]REL'REL$ša",
"f": {"lang": "akk-x-neoass",
"form": "ša₂",
"cf": "ša",
"gw": "that",
"sense": "that",
"norm": "ša",
"pos": "REL",
"epos": "REL"}
}
,
{
"node": "c",
"type": "phrase",
"tag": "phr",
"id": "P335509.U5",
"ref": "P335509.ls00001",
"cdl": [
{
"node": "l",
"frag": "ina",
"id": "P335509.l05b6f",
"ref": "P335509.7.4",
"inst": "ina[in+=in the future]PRP",
"sig": "@saao/saa14%akk-x-neoass:ina=ina[in//in]PRP'PRP$ina",
"f": {"lang": "akk-x-neoass",
"form": "ina",
"cf": "ina",
"gw": "in",
"sense": "in",
"norm": "ina",
"pos": "PRP",
"epos": "PRP"}
}
,
{
"node": "l",
"frag": "ur-⸢kiš⸣",
"id": "P335509.l05b70",
"ref": "P335509.7.5",
"inst": "urkiš[later]AV",
"sig": "@saao/saa14%akk-x-neoass:ur-kiš=urkiš[later//later]AV'AV$urkiš",
"f": {"lang": "akk-x-neoass",
"form": "ur-kiš",
"cf": "urkiš",
"gw": "later",
"sense": "later",
"norm": "urkiš",
"pos": "AV",
"epos": "AV"}
}
]}
,
{
"node": "d",
"type": "line-start",
"ref": "P335509.8",
"n": "7'",
"label": "7'"}
,
{
"node": "c",
"type": "phrase",
"tag": "phr",
"id": "P335509.U6",
"ref": "P335509.ls00002",
"cdl": [
{
"node": "l",
"frag": "[ina",
"id": "P335509.l05b71",
"ref": "P335509.8.1",
"inst": "ina[in+=whenever]PRP",
"sig": "@saao/saa14%akk-x-neoass:ina=ina[in//in]PRP'PRP$ina",
"f": {"lang": "akk-x-neoass",
"form": "ina",
"cf": "ina",
"gw": "in",
"sense": "in",
"norm": "ina",
"pos": "PRP",
"epos": "PRP"}
}
,
{
"node": "l",
"frag": "ma-te-ma]",
"id": "P335509.l05b72",
"ref": "P335509.8.2",
"inst": "matēma[ever]AV",
"sig": "@saao/saa14%akk-x-neoass:ma-te-ma=matīma[ever//ever]AV'AV$matēma",
"f": {"lang": "akk-x-neoass",
"form": "ma-te-ma",
"cf": "matīma",
"gw": "ever",
"sense": "ever",
"norm": "matēma",
"pos": "AV",
"epos": "AV"}
}
]}
,
{
"node": "l",
"frag": "i-zaq-qup-an-[ni]",
"id": "P335509.l05b73",
"ref": "P335509.8.3",
"inst": "izaqqupanni[complain]V",
"sig": "@saao/saa14%akk-x-neoass:i-zaq-qup-an-ni=zaqāpu[fix upright//complain]V'V$izaqqupanni",
"f": {"lang": "akk-x-neoass",
"form": "i-zaq-qup-an-ni",
"cf": "zaqāpu",
"gw": "fix upright",
"sense": "complain",
"norm": "izaqqupanni",
"pos": "V",
"epos": "V"}
}
,
{
"node": "d",
"type": "line-start",
"ref": "P335509.9",
"n": "8'",
"label": "8'"}
,
{
"node": "l",
"frag": "[x",
"id": "P335509.l05b74",
"ref": "P335509.9.1",
"inst": "u",
"f": {"lang": "akk-x-neoass",
"form": "x",
"pos": "u"}
}
,
{
"node": "l",
"frag": "x",
"id": "P335509.l05b75",
"ref": "P335509.9.2",
"inst": "u",
"f": {"lang": "akk-x-neoass",
"form": "x",
"pos": "u"}
}
,
{
"node": "l",
"frag": "x",
"id": "P335509.l05b76",
"ref": "P335509.9.3",
"inst": "u",
"f": {"lang": "akk-x-neoass",
"form": "x",
"pos": "u"}
}
,
{
"node": "l",
"frag": "x",
"id": "P335509.l05b77",
"ref": "P335509.9.4",
"inst": "u",
"f": {"lang": "akk-x-neoass",
"form": "x",
"pos": "u"}
}
,
{
"node": "l",
"frag": "x",
"id": "P335509.l05b78",
"ref": "P335509.9.5",
"inst": "u",
"f": {"lang": "akk-x-neoass",
"form": "x",
"pos": "u"}
}
,
{
"node": "l",
"frag": "x",
"id": "P335509.l05b79",
"ref": "P335509.9.6",
"inst": "u",
"f": {"lang": "akk-x-neoass",
"form": "x",
"pos": "u"}
}
,
{
"node": "l",
"frag": "x",
"id": "P335509.l05b7a",
"ref": "P335509.9.7",
"inst": "u",
"f": {"lang": "akk-x-neoass",
"form": "x",
"pos": "u"}
}
,
{
"node": "l",
"frag": "x]-us",
"id": "P335509.l05b7b",
"ref": "P335509.9.8",
"inst": "u",
"f": {"lang": "akk-x-neoass",
"form": "x-us",
"pos": "u"}
}
,
{
"node": "d",
"type": "line-start",
"ref": "P335509.10",
"n": "9'",
"label": "9'"}
,
{
"node": "l",
"frag": "[x",
"id": "P335509.l05b7c",
"ref": "P335509.10.1",
"inst": "u",
"f": {"lang": "akk-x-neoass",
"form": "x",
"pos": "u"}
}
,
{
"node": "l",
"frag": "x",
"id": "P335509.l05b7d",
"ref": "P335509.10.2",
"inst": "u",
"f": {"lang": "akk-x-neoass",
"form": "x",
"pos": "u"}
}
,
{
"node": "l",
"frag": "x",
"id": "P335509.l05b7e",
"ref": "P335509.10.3",
"inst": "u",
"f": {"lang": "akk-x-neoass",
"form": "x",
"pos": "u"}
}
,
{
"node": "l",
"frag": "x",
"id": "P335509.l05b7f",
"ref": "P335509.10.4",
"inst": "u",
"f": {"lang": "akk-x-neoass",
"form": "x",
"pos": "u"}
}
,
{
"node": "l",
"frag": "x",
"id": "P335509.l05b80",
"ref": "P335509.10.5",
"inst": "u",
"f": {"lang": "akk-x-neoass",
"form": "x",
"pos": "u"}
}
,
{
"node": "l",
"frag": "x",
"id": "P335509.l05b81",
"ref": "P335509.10.6",
"inst": "u",
"f": {"lang": "akk-x-neoass",
"form": "x",
"pos": "u"}
}
,
{
"node": "l",
"frag": "x",
"id": "P335509.l05b82",
"ref": "P335509.10.7",
"inst": "u",
"f": {"lang": "akk-x-neoass",
"form": "x",
"pos": "u"}
}
,
{
"node": "l",
"frag": "x",
"id": "P335509.l05b83",
"ref": "P335509.10.8",
"inst": "u",
"f": {"lang": "akk-x-neoass",
"form": "x",
"pos": "u"}
}
,
{
"node": "l",
"frag": "x",
"id": "P335509.l05b84",
"ref": "P335509.10.9",
"inst": "u",
"f": {"lang": "akk-x-neoass",
"form": "x",
"pos": "u"}
}
,
{
"node": "l",
"frag": "x]-šu₂",
"id": "P335509.l05b85",
"ref": "P335509.10.10",
"inst": "u",
"f": {"lang": "akk-x-neoass",
"form": "x-šu₂",
"pos": "u"}
}
,
{
"node": "d",
"type": "nonx",
"ref": "P335509.11",
"strict": "0",
"extent": "rest",
"state": "missing"}
,
{
"node": "d",
"subtype": "reverse",
"type": "surface",
"ref": "P335509.r.12",
"type": "reverse",
"label": "r"}
,
{
"node": "d",
"type": "nonx",
"ref": "P335509.13",
"strict": "0",
"extent": "beginning",
"state": "missing"}
,
{
"node": "d",
"type": "line-start",
"ref": "P335509.14",
"n": "1'",
"label": "r 1'"}
,
{
"node": "l",
"frag": "[x",
"id": "P335509.l05b86",
"ref": "P335509.14.1",
"inst": "u",
"f": {"lang": "akk-x-neoass",
"form": "x",
"pos": "u"}
}
,
{
"node": "l",
"frag": "x",
"id": "P335509.l05b87",
"ref": "P335509.14.2",
"inst": "u",
"f": {"lang": "akk-x-neoass",
"form": "x",
"pos": "u"}
}
,
{
"node": "l",
"frag": "x",
"id": "P335509.l05b88",
"ref": "P335509.14.3",
"inst": "u",
"f": {"lang": "akk-x-neoass",
"form": "x",
"pos": "u"}
}
,
{
"node": "l",
"frag": "x",
"id": "P335509.l05b89",
"ref": "P335509.14.4",
"inst": "u",
"f": {"lang": "akk-x-neoass",
"form": "x",
"pos": "u"}
}
,
{
"node": "l",
"frag": "x",
"id": "P335509.l05b8a",
"ref": "P335509.14.5",
"inst": "u",
"f": {"lang": "akk-x-neoass",
"form": "x",
"pos": "u"}
}
,
{
"node": "l",
"frag": "x",
"id": "P335509.l05b8b",
"ref": "P335509.14.6",
"inst": "u",
"f": {"lang": "akk-x-neoass",
"form": "x",
"pos": "u"}
}
,
{
"node": "l",
"frag": "x",
"id": "P335509.l05b8c",
"ref": "P335509.14.7",
"inst": "u",
"f": {"lang": "akk-x-neoass",
"form": "x",
"pos": "u"}
}
,
{
"node": "l",
"frag": "x]-AŠ",
"id": "P335509.l05b8d",
"ref": "P335509.14.8",
"inst": "u",
"f": {"lang": "akk-x-neoass",
"form": "x-AŠ",
"pos": "u"}
}
,
{
"node": "d",
"type": "line-start",
"ref": "P335509.15",
"n": "2'",
"label": "r 2'"}
,
{
"node": "l",
"frag": "[IGI",
"id": "P335509.l05b8e",
"ref": "P335509.15.1",
"inst": "šību[witness]N",
"sig": "@saao/saa14%akk-x-neoass:IGI=šību[witness//witness]N'N$šību",
"f": {"lang": "akk-x-neoass",
"form": "IGI",
"cf": "šību",
"gw": "witness",
"sense": "witness",
"norm": "šību",
"pos": "N",
"epos": "N"}
}
,
{
"node": "l",
"frag": "{1}x",
"id": "P335509.l05b8f",
"ref": "P335509.15.2",
"inst": "u",
"f": {"lang": "akk-x-neoass",
"form": "{1}x",
"pos": "u"}
}
,
{
"node": "l",
"frag": "x",
"id": "P335509.l05b90",
"ref": "P335509.15.3",
"inst": "u",
"f": {"lang": "akk-x-neoass",
"form": "x",
"pos": "u"}
}
,
{
"node": "l",
"frag": "x",
"id": "P335509.l05b91",
"ref": "P335509.15.4",
"inst": "u",
"f": {"lang": "akk-x-neoass",
"form": "x",
"pos": "u"}
}
,
{
"node": "l",
"frag": "x",
"id": "P335509.l05b92",
"ref": "P335509.15.5",
"inst": "u",
"f": {"lang": "akk-x-neoass",
"form": "x",
"pos": "u"}
}
,
{
"node": "l",
"frag": "x",
"id": "P335509.l05b93",
"ref": "P335509.15.6",
"inst": "u",
"f": {"lang": "akk-x-neoass",
"form": "x",
"pos": "u"}
}
,
{
"node": "l",
"frag": "{lu₂}DIB]-{kuš}PA-MEŠ",
"id": "P335509.l05b94",
"ref": "P335509.15.7",
"cof-tails": "P335509.l05b95",
"inst": "mukillu[holder]N$mukīl&appatu[bridle]N$appāti",
"sig": "@saao/saa14%akk-x-neoass:{LU₂}DIB-{KUŠ}PA-MEŠ=mukillu[holder//holder]N'N$mukīl&&@saao%akk-x-neoass:=appatu[bridle//bridle]N'N$appāti",
"f": {"lang": "akk-x-neoass",
"form": "{LU₂}DIB-{KUŠ}PA-MEŠ",
"cf": "mukillu",
"gw": "holder",
"sense": "holder",
"norm": "mukīl",
"pos": "N",
"epos": "N"}
}
,
{
"node": "l",
"frag": "{lu₂}DIB]-{kuš}PA-MEŠ",
"id": "P335509.l05b95",
"ref": "P335509.15.7",
"cof-head": "P335509.l05b94",
"inst": "mukillu[holder]N$mukīl&appatu[bridle]N$appāti",
"tail-sig": "@saao%akk-x-neoass:=appatu[bridle//bridle]N'N$appāti",
"f": {"lang": "akk-x-neoass",
"form": "{LU₂}DIB-{KUŠ}PA-MEŠ",
"cf": "appatu",
"gw": "bridle",
"sense": "bridle",
"norm": "appāti",
"pos": "N",
"epos": "N"}
}
,
{
"node": "d",
"type": "line-start",
"ref": "P335509.16",
"n": "3'",
"label": "r 3'"}
,
{
"node": "l",
"frag": "[IGI",
"id": "P335509.l05b96",
"ref": "P335509.16.1",
"inst": "šību[witness]N",
"sig": "@saao/saa14%akk-x-neoass:IGI=šību[witness//witness]N'N$šību",
"f": {"lang": "akk-x-neoass",
"form": "IGI",
"cf": "šību",
"gw": "witness",
"sense": "witness",
"norm": "šību",
"pos": "N",
"epos": "N"}
}
,
{
"node": "l",
"frag": "{1}x",
"id": "P335509.l05b97",
"ref": "P335509.16.2",
"inst": "u",
"f": {"lang": "akk-x-neoass",
"form": "{1}x",
"pos": "u"}
}
,
{
"node": "l",
"frag": "x",
"id": "P335509.l05b98",
"ref": "P335509.16.3",
"inst": "u",
"f": {"lang": "akk-x-neoass",
"form": "x",
"pos": "u"}
}
,
{
"node": "l",
"frag": "x",
"id": "P335509.l05b99",
"ref": "P335509.16.4",
"inst": "u",
"f": {"lang": "akk-x-neoass",
"form": "x",
"pos": "u"}
}
,
{
"node": "l",
"frag": "x",
"id": "P335509.l05b9a",
"ref": "P335509.16.5",
"inst": "u",
"f": {"lang": "akk-x-neoass",
"form": "x",
"pos": "u"}
}
,
{
"node": "l",
"frag": "x",
"id": "P335509.l05b9b",
"ref": "P335509.16.6",
"inst": "u",
"f": {"lang": "akk-x-neoass",
"form": "x",
"pos": "u"}
}
,
{
"node": "l",
"frag": "{lu₂}EN].⸢NAM⸣",
"id": "P335509.l05b9c",
"ref": "P335509.16.7",
"inst": "pāhutu[governor]N",
"sig": "@saao/saa14%akk-x-neoass:{LU₂}EN.NAM=pīhātu[responsibility//governor]N'N$pāhutu",
"f": {"lang": "akk-x-neoass",
"form": "{LU₂}EN.NAM",
"cf": "pīhātu",
"gw": "responsibility",
"sense": "governor",
"norm": "pāhutu",
"pos": "N",
"epos": "N"}
}
,
{
"node": "l",
"frag": "ša₂",
"id": "P335509.l05b9d",
"ref": "P335509.16.8",
"inst": "ša[of]DET",
"sig": "@saao/saa14%akk-x-neoass:ša₂=ša[of//of]DET'DET$ša",
"f": {"lang": "akk-x-neoass",
"form": "ša₂",
"cf": "ša",
"gw": "of",
"sense": "of",
"norm": "ša",
"pos": "DET",
"epos": "DET"}
}
,
{
"node": "l",
"frag": "arba-il₃",
"id": "P335509.l05b9e",
"ref": "P335509.16.9",
"inst": "Arbail[Arbela]GN",
"sig": "@saao/saa14%akk-x-neoass:arba-il₃=Arbail[Arbela//Arbela]GN'GN$Arbail",
"f": {"lang": "akk-x-neoass",
"form": "arba-il₃",
"cf": "Arbail",
"gw": "Arbela",
"sense": "Arbela",
"norm": "Arbail",
"pos": "GN",
"epos": "GN"}
}
,
{
"node": "d",
"type": "line-start",
"ref": "P335509.17",
"n": "4'",
"label": "r 4'"}
,
{
"node": "l",
"frag": "[IGI",
"id": "P335509.l05b9f",
"ref": "P335509.17.1",
"inst": "šību[witness]N",
"sig": "@saao/saa14%akk-x-neoass:IGI=šību[witness//witness]N'N$šību",
"f": {"lang": "akk-x-neoass",
"form": "IGI",
"cf": "šību",
"gw": "witness",
"sense": "witness",
"norm": "šību",
"pos": "N",
"epos": "N"}
}
,
{
"node": "l",
"frag": "{1}x",
"id": "P335509.l05ba0",
"ref": "P335509.17.2",
"inst": "u",
"f": {"lang": "akk-x-neoass",
"form": "{1}x",
"pos": "u"}
}
,
{
"node": "l",
"frag": "x",
"id": "P335509.l05ba1",
"ref": "P335509.17.3",
"inst": "u",
"f": {"lang": "akk-x-neoass",
"form": "x",
"pos": "u"}
}
,
{
"node": "l",
"frag": "x",
"id": "P335509.l05ba2",
"ref": "P335509.17.4",
"inst": "u",
"f": {"lang": "akk-x-neoass",
"form": "x",
"pos": "u"}
}
,
{
"node": "l",
"frag": "x",
"id": "P335509.l05ba3",
"ref": "P335509.17.5",
"inst": "u",
"f": {"lang": "akk-x-neoass",
"form": "x",
"pos": "u"}
}
,
{
"node": "c",
"type": "phrase",
"tag": "phr",
"id": "P335509.U7",
"ref": "P335509.ls00003",
"cdl": [
{
"node": "l",
"frag": "{lu₂}GAL]-da-ni-bat",
"id": "P335509.l05ba4",
"ref": "P335509.17.6",
"cof-tails": "P335509.l05ba5",
"inst": "rabû[big one]N$rab&danību[victualler]N$danībāt",
"sig": "@saao/saa14%akk-x-neoass:{LU₂}GAL-da-ni-bat=rabû[big one//big one]N'N$rab&&@saao%akk-x-neoass:=danību[victualler//victualler]N'N$danībāt",
"f": {"lang": "akk-x-neoass",
"form": "{LU₂}GAL-da-ni-bat",
"cf": "rabû",
"gw": "big one",
"sense": "big one",
"norm": "rab",
"pos": "N",
"epos": "N"}
}
,
{
"node": "l",
"frag": "{lu₂}GAL]-da-ni-bat",
"id": "P335509.l05ba5",
"ref": "P335509.17.6",
"cof-head": "P335509.l05ba4",
"inst": "rabû[big one]N$rab&danību[victualler]N$danībāt",
"tail-sig": "@saao%akk-x-neoass:=danību[victualler//victualler]N'N$danībāt",
"f": {"lang": "akk-x-neoass",
"form": "{LU₂}GAL-da-ni-bat",
"cf": "danību",
"gw": "victualler",
"sense": "victualler",
"norm": "danībāt",
"pos": "N",
"epos": "N"}
}
]}
,
{
"node": "d",
"type": "line-start",
"ref": "P335509.18",
"n": "5'",
"label": "r 5'"}
,
{
"node": "l",
"frag": "[IGI",
"id": "P335509.l05ba6",
"ref": "P335509.18.1",
"inst": "šību[witness]N",
"sig": "@saao/saa14%akk-x-neoass:IGI=šību[witness//witness]N'N$šību",
"f": {"lang": "akk-x-neoass",
"form": "IGI",
"cf": "šību",
"gw": "witness",
"sense": "witness",
"norm": "šību",
"pos": "N",
"epos": "N"}
}
,
{
"node": "l",
"frag": "{1}x",
"id": "P335509.l05ba7",
"ref": "P335509.18.2",
"inst": "u",
"f": {"lang": "akk-x-neoass",
"form": "{1}x",
"pos": "u"}
}
,
{
"node": "l",
"frag": "x",
"id": "P335509.l05ba8",
"ref": "P335509.18.3",
"inst": "u",
"f": {"lang": "akk-x-neoass",
"form": "x",
"pos": "u"}
}
,
{
"node": "l",
"frag": "x",
"id": "P335509.l05ba9",
"ref": "P335509.18.4",
"inst": "u",
"f": {"lang": "akk-x-neoass",
"form": "x",
"pos": "u"}
}
,
{
"node": "l",
"frag": "x",
"id": "P335509.l05baa",
"ref": "P335509.18.5",
"inst": "u",
"f": {"lang": "akk-x-neoass",
"form": "x",
"pos": "u"}
}
,
{
"node": "l",
"frag": "x]",
"id": "P335509.l05bab",
"ref": "P335509.18.6",
"inst": "u",
"f": {"lang": "akk-x-neoass",
"form": "x",
"pos": "u"}
}
,
{
"node": "c",
"type": "phrase",
"tag": "phr",
"id": "P335509.U8",
"ref": "P335509.ls00004",
"cdl": [
{
"node": "l",
"frag": "{lu₂}GAL-MU",
"id": "P335509.l05bac",
"ref": "P335509.18.7",
"cof-tails": "P335509.l05bad",
"inst": "rabû[big one]N$rab&nuhatimmu[cook]N$nuhatimmi",
"sig": "@saao/saa14%akk-x-neoass:{LU₂}GAL-MU=rabû[big one//big one]N'N$rab&&@saao%akk-x-neoass:=nuhatimmu[cook//cook]N'N$nuhatimmi",
"f": {"lang": "akk-x-neoass",
"form": "{LU₂}GAL-MU",
"cf": "rabû",
"gw": "big one",
"sense": "big one",
"norm": "rab",
"pos": "N",
"epos": "N"}
}
,
{
"node": "l",
"frag": "{lu₂}GAL-MU",
"id": "P335509.l05bad",
"ref": "P335509.18.7",
"cof-head": "P335509.l05bac",
"inst": "rabû[big one]N$rab&nuhatimmu[cook]N$nuhatimmi",
"tail-sig": "@saao%akk-x-neoass:=nuhatimmu[cook//cook]N'N$nuhatimmi",
"f": {"lang": "akk-x-neoass",
"form": "{LU₂}GAL-MU",
"cf": "nuhatimmu",
"gw": "cook",
"sense": "cook",
"norm": "nuhatimmi",
"pos": "N",
"epos": "N"}
}
]}
,
{
"node": "l",
"frag": "ša₂",
"id": "P335509.l05bae",
"ref": "P335509.18.8",
"inst": "ša[of]DET",
"sig": "@saao/saa14%akk-x-neoass:ša₂=ša[of//of]DET'DET$ša",
"f": {"lang": "akk-x-neoass",
"form": "ša₂",
"cf": "ša",
"gw": "of",
"sense": "of",
"norm": "ša",
"pos": "DET",
"epos": "DET"}
}
,
{
"node": "l",
"frag": "A-MAN",
"id": "P335509.l05baf",
"ref": "P335509.18.9",
"cof-tails": "P335509.l05bb0",
"inst": "māru[son]N$mār&šarru[king]N$šarri",
"sig": "@saao/saa14%akk-x-neoass:A-MAN=māru[son//son]N'N$mār&&@saao%akk-x-neoass:=šarru[king//king]N'N$šarri",
"f": {"lang": "akk-x-neoass",
"form": "A-MAN",
"cf": "māru",
"gw": "son",
"sense": "son",
"norm": "mār",
"pos": "N",
"epos": "N"}
}
,
{
"node": "l",
"frag": "A-MAN",
"id": "P335509.l05bb0",
"ref": "P335509.18.9",
"cof-head": "P335509.l05baf",
"inst": "māru[son]N$mār&šarru[king]N$šarri",
"tail-sig": "@saao%akk-x-neoass:=šarru[king//king]N'N$šarri",
"f": {"lang": "akk-x-neoass",
"form": "A-MAN",
"cf": "šarru",
"gw": "king",
"sense": "king",
"norm": "šarri",
"pos": "N",
"epos": "N"}
}
,
{
"node": "d",
"type": "line-start",
"ref": "P335509.19",
"n": "6'",
"label": "r 6'"}
,
{
"node": "l",
"frag": "[IGI",
"id": "P335509.l05bb1",
"ref": "P335509.19.1",
"inst": "šību[witness]N",
"sig": "@saao/saa14%akk-x-neoass:IGI=šību[witness//witness]N'N$šību",
"f": {"lang": "akk-x-neoass",
"form": "IGI",
"cf": "šību",
"gw": "witness",
"sense": "witness",
"norm": "šību",
"pos": "N",
"epos": "N"}
}
,
{
"node": "l",
"frag": "{1}x",
"id": "P335509.l05bb2",
"ref": "P335509.19.2",
"inst": "u",
"f": {"lang": "akk-x-neoass",
"form": "{1}x",
"pos": "u"}
}
,
{
"node": "l",
"frag": "x",
"id": "P335509.l05bb3",
"ref": "P335509.19.3",
"inst": "u",
"f": {"lang": "akk-x-neoass",
"form": "x",
"pos": "u"}
}
,
{
"node": "l",
"frag": "x",
"id": "P335509.l05bb4",
"ref": "P335509.19.4",
"inst": "u",
"f": {"lang": "akk-x-neoass",
"form": "x",
"pos": "u"}
}
,
{
"node": "l",
"frag": "x",
"id": "P335509.l05bb5",
"ref": "P335509.19.5",
"inst": "u",
"f": {"lang": "akk-x-neoass",
"form": "x",
"pos": "u"}
}
,
{
"node": "l",
"frag": "{lu₂]}ha-za-nu",
"id": "P335509.l05bb6",
"ref": "P335509.19.6",
"inst": "hazannu[mayor]N",
"sig": "@saao/saa14%akk-x-neoass:{LU₂}ha-za-nu=hazannu[mayor//mayor]N'N$hazannu",
"f": {"lang": "akk-x-neoass",
"form": "{LU₂}ha-za-nu",
"cf": "hazannu",
"gw": "mayor",
"sense": "mayor",
"norm": "hazannu",
"pos": "N",
"epos": "N"}
}
,
{
"node": "l",
"frag": "ša",
"id": "P335509.l05bb7",
"ref": "P335509.19.7",
"inst": "ša[of]DET",
"sig": "@saao/saa14%akk-x-neoass:ša=ša[of//of]DET'DET$ša",
"f": {"lang": "akk-x-neoass",
"form": "ša",
"cf": "ša",
"gw": "of",
"sense": "of",
"norm": "ša",
"pos": "DET",
"epos": "DET"}
}
,
{
"node": "l",
"frag": "arba-il₃",
"id": "P335509.l05bb8",
"ref": "P335509.19.8",
"inst": "Arbail[Arbela]GN",
"sig": "@saao/saa14%akk-x-neoass:arba-il₃=Arbail[Arbela//Arbela]GN'GN$Arbail",
"f": {"lang": "akk-x-neoass",
"form": "arba-il₃",
"cf": "Arbail",
"gw": "Arbela",
"sense": "Arbela",
"norm": "Arbail",
"pos": "GN",
"epos": "GN"}
}
,
{
"node": "d",
"type": "line-start",
"ref": "P335509.20",
"n": "7'",
"label": "r 7'"}
,
{
"node": "l",
"frag": "[IGI",
"id": "P335509.l05bb9",
"ref": "P335509.20.1",
"inst": "šību[witness]N",
"sig": "@saao/saa14%akk-x-neoass:IGI=šību[witness//witness]N'N$šību",
"f": {"lang": "akk-x-neoass",
"form": "IGI",
"cf": "šību",
"gw": "witness",
"sense": "witness",
"norm": "šību",
"pos": "N",
"epos": "N"}
}
,
{
"node": "l",
"frag": "{1}x",
"id": "P335509.l05bba",
"ref": "P335509.20.2",
"inst": "u",
"f": {"lang": "akk-x-neoass",
"form": "{1}x",
"pos": "u"}
}
,
{
"node": "l",
"frag": "x",
"id": "P335509.l05bbb",
"ref": "P335509.20.3",
"inst": "u",
"f": {"lang": "akk-x-neoass",
"form": "x",
"pos": "u"}
}
,
{
"node": "l",
"frag": "x",
"id": "P335509.l05bbc",
"ref": "P335509.20.4",
"inst": "u",
"f": {"lang": "akk-x-neoass",
"form": "x",
"pos": "u"}
}
,
{
"node": "l",
"frag": "x",
"id": "P335509.l05bbd",
"ref": "P335509.20.5",
"inst": "u",
"f": {"lang": "akk-x-neoass",
"form": "x",
"pos": "u"}
}
,
{
"node": "l",
"frag": "x",
"id": "P335509.l05bbe",
"ref": "P335509.20.6",
"inst": "u",
"f": {"lang": "akk-x-neoass",
"form": "x",
"pos": "u"}
}
,
{
"node": "l",
"frag": "x",
"id": "P335509.l05bbf",
"ref": "P335509.20.7",
"inst": "u",
"f": {"lang": "akk-x-neoass",
"form": "x",
"pos": "u"}
}
,
{
"node": "l",
"frag": "x]",
"id": "P335509.l05bc0",
"ref": "P335509.20.8",
"inst": "u",
"f": {"lang": "akk-x-neoass",
"form": "x",
"pos": "u"}
}
,
{
"node": "c",
"type": "phrase",
"tag": "phr",
"id": "P335509.U9",
"ref": "P335509.ls00005",
"cdl": [
{
"node": "l",
"frag": "MURUB₄-URU",
"id": "P335509.l05bc1",
"ref": "P335509.20.9",
"cof-tails": "P335509.l05bc2",
"inst": "qabaltu[middle]N$qabsi&ālu[city]N$āli",
"sig": "@saao/saa14%akk-x-neoass:MURUB₄-URU=qabaltu[middle//middle]N'N$qabsi&&@saao%akk-x-neoass:=ālu[city//city]N'N$āli",
"f": {"lang": "akk-x-neoass",
"form": "MURUB₄-URU",
"cf": "qabaltu",
"gw": "middle",
"sense": "middle",
"norm": "qabsi",
"pos": "N",
"epos": "N"}
}
,
{
"node": "l",
"frag": "MURUB₄-URU",
"id": "P335509.l05bc2",
"ref": "P335509.20.9",
"cof-head": "P335509.l05bc1",
"inst": "qabaltu[middle]N$qabsi&ālu[city]N$āli",
"tail-sig": "@saao%akk-x-neoass:=ālu[city//city]N'N$āli",
"f": {"lang": "akk-x-neoass",
"form": "MURUB₄-URU",
"cf": "ālu",
"gw": "city",
"sense": "city",
"norm": "āli",
"pos": "N",
"epos": "N"}
}
]}
,
{
"node": "l",
"frag": "ša",
"id": "P335509.l05bc3",
"ref": "P335509.20.10",
"inst": "ša[of]DET",
"sig": "@saao/saa14%akk-x-neoass:ša=ša[of//of]DET'DET$ša",
"f": {"lang": "akk-x-neoass",
"form": "ša",
"cf": "ša",
"gw": "of",
"sense": "of",
"norm": "ša",
"pos": "DET",
"epos": "DET"}
}
,
{
"node": "l",
"frag": "NINA",
"id": "P335509.l05bc4",
"ref": "P335509.20.11",
"inst": "Ninua[Nineveh]GN",
"sig": "@saao/saa14%akk-x-neoass:NINA=Ninua[Nineveh//Nineveh]GN'GN$Ninua",
"f": {"lang": "akk-x-neoass",
"form": "NINA",
"cf": "Ninua",
"gw": "Nineveh",
"sense": "Nineveh",
"norm": "Ninua",
"pos": "GN",
"epos": "GN"}
}
,
{
"node": "d",
"type": "line-start",
"ref": "P335509.21",
"n": "8'",
"label": "r 8'"}
,
{
"node": "l",
"frag": "[x",
"id": "P335509.l05bc5",
"ref": "P335509.21.1",
"inst": "u",
"f": {"lang": "akk-x-neoass",
"form": "x",
"pos": "u"}
}
,
{
"node": "l",
"frag": "x",
"id": "P335509.l05bc6",
"ref": "P335509.21.2",
"inst": "u",
"f": {"lang": "akk-x-neoass",
"form": "x",
"pos": "u"}
}
,
{
"node": "l",
"frag": "x",
"id": "P335509.l05bc7",
"ref": "P335509.21.3",
"inst": "u",
"f": {"lang": "akk-x-neoass",
"form": "x",
"pos": "u"}
}
,
{
"node": "l",
"frag": "x",
"id": "P335509.l05bc8",
"ref": "P335509.21.4",
"inst": "u",
"f": {"lang": "akk-x-neoass",
"form": "x",
"pos": "u"}
}
,
{
"node": "l",
"frag": "x",
"id": "P335509.l05bc9",
"ref": "P335509.21.5",
"inst": "u",
"f": {"lang": "akk-x-neoass",
"form": "x",
"pos": "u"}
}
,
{
"node": "l",
"frag": "x",
"id": "P335509.l05bca",
"ref": "P335509.21.6",
"inst": "u",
"f": {"lang": "akk-x-neoass",
"form": "x",
"pos": "u"}
}
,
{
"node": "l",
"frag": "x",
"id": "P335509.l05bcb",
"ref": "P335509.21.7",
"inst": "u",
"f": {"lang": "akk-x-neoass",
"form": "x",
"pos": "u"}
}
,
{
"node": "l",
"frag": "x",
"id": "P335509.l05bcc",
"ref": "P335509.21.8",
"inst": "u",
"f": {"lang": "akk-x-neoass",
"form": "x",
"pos": "u"}
}
,
{
"node": "l",
"frag": "x",
"id": "P335509.l05bcd",
"ref": "P335509.21.9",
"inst": "u",
"f": {"lang": "akk-x-neoass",
"form": "x",
"pos": "u"}
}
,
{
"node": "l",
"frag": "x",
"id": "P335509.l05bce",
"ref": "P335509.21.10",
"inst": "u",
"f": {"lang": "akk-x-neoass",
"form": "x",
"pos": "u"}
}
,
{
"node": "l",
"frag": "x",
"id": "P335509.l05bcf",
"ref": "P335509.21.11",
"inst": "u",
"f": {"lang": "akk-x-neoass",
"form": "x",
"pos": "u"}
}
,
{
"node": "l",
"frag": "x]+⸢x⸣",
"id": "P335509.l05bd0",
"ref": "P335509.21.12",
"inst": "u",
"f": {"lang": "akk-x-neoass",
"form": "x+x",
"pos": "u"}
}
,
{
"node": "d",
"type": "nonx",
"ref": "P335509.22",
"strict": "0",
"extent": "rest",
"state": "missing"}
]}
]}
]}
,
{
"linkbase": [{
"type": "linkset",
"xlink_title": "ina libbi[in//(in exchange) for]PRP'PRP",
"id": "P335509.ls00000",
"xlink_type": "extended",
"xlink_role": "psu",
"sig": "{ina[in]PRP libbu[interior]N += ina libbi[in//(in exchange) for]PRP'PRP}::@saao%akk-x-neoass:ina=ina[in//into]PRP'PRP$ina++@saao%akk-x-neoass:ŠA₃=libbu[interior//interior]N'N$libbi",
"links": [
{
"type": "link",
"xlink_title": "ina",
"xlink_type": "locator",
"xlink_href": "#P335509.l05b57",
"xlink_role": "elt"}
,
{
"type": "link",
"xlink_title": "libbi",
"xlink_type": "locator",
"xlink_href": "#P335509.l05b58",
"xlink_role": "elt"}
]}
,
{
"type": "linkset",
"xlink_title": "ina urkiš[in the future//in the future]AV'AV",
"id": "P335509.ls00001",
"xlink_type": "extended",
"xlink_role": "psu",
"sig": "{ina[in]PRP urkiš[later]AV += ina urkiš[in the future//in the future]AV'AV}::@saao%akk-x-neoass:ina=ina[in//into]PRP'PRP$ina++@saao%akk-x-neoass:ur-kiš=urkiš[later//later]AV'AV$urkiš",
"links": [
{
"type": "link",
"xlink_title": "ina",
"xlink_type": "locator",
"xlink_href": "#P335509.l05b6f",
"xlink_role": "elt"}
,
{
"type": "link",
"xlink_title": "urkiš",
"xlink_type": "locator",
"xlink_href": "#P335509.l05b70",
"xlink_role": "elt"}
]}
,
{
"type": "linkset",
"xlink_title": "ina matīma[whenever//whenever]XP'XP",
"id": "P335509.ls00002",
"xlink_type": "extended",
"xlink_role": "psu",
"sig": "{ina[in]PRP matīma[ever]AV += ina matīma[whenever//whenever]XP'XP}::@saao%akk-x-neoass:ina=ina[in//into]PRP'PRP$ina++@saao%akk-x-neoass:ma-te-ma=matīma[ever//ever]AV'AV$matēma",
"links": [
{
"type": "link",
"xlink_title": "ina",
"xlink_type": "locator",
"xlink_href": "#P335509.l05b71",
"xlink_role": "elt"}
,
{
"type": "link",
"xlink_title": "matēma",
"xlink_type": "locator",
"xlink_href": "#P335509.l05b72",
"xlink_role": "elt"}
]}
,
{
"type": "linkset",
"xlink_title": "rab danībāti[chief victualler//chief victualler]N'N",
"id": "P335509.ls00003",
"xlink_type": "extended",
"xlink_role": "psu",
"sig": "{rabû[big one]N danību[victualler]N += rab danībāti[chief victualler//chief victualler]N'N}::@saao%akk-x-neoass:{LU₂}GAL-da-ni-bat=rabû[big one//big one]N'N$rab++@saao%akk-x-neoass:{LU₂}GAL-da-ni-bat=danību[victualler//victualler]N'N$danībāt",
"links": [
{
"type": "link",
"xlink_title": "rabû",
"xlink_type": "locator",
"xlink_href": "#P335509.l05ba4",
"xlink_role": "elt"}
,
{
"type": "link",
"xlink_title": "danību",
"xlink_type": "locator",
"xlink_href": "#P335509.l05ba5",
"xlink_role": "elt"}
]}
,
{
"type": "linkset",
"xlink_title": "rab nuhatimmi[chief cook//chief cook]N'N",
"id": "P335509.ls00004",
"xlink_type": "extended",
"xlink_role": "psu",
"sig": "{rabû[big one]N nuhatimmu[cook]N += rab nuhatimmi[chief cook//chief cook]N'N}::@saao%akk-x-neoass:{LU₂}GAL-MU=rabû[big one//big one]N'N$rab++@saao%akk-x-neoass:{LU₂}GAL-MU=nuhatimmu[cook//cook]N'N$nuhatimmi",
"links": [
{
"type": "link",
"xlink_title": "rabû",
"xlink_type": "locator",
"xlink_href": "#P335509.l05bac",
"xlink_role": "elt"}
,
{
"type": "link",
"xlink_title": "nuhatimmu",
"xlink_type": "locator",
"xlink_href": "#P335509.l05bad",
"xlink_role": "elt"}
]}
,
{
"type": "linkset",
"xlink_title": "qabsi āli[centre of the city//centre of the city]N'N",
"id": "P335509.ls00005",
"xlink_type": "extended",
"xlink_role": "psu",
"sig": "{qabaltu[middle]N ālu[city]N += qabsi āli[centre of the city//centre of the city]N'N}::@saao%akk-x-neoass:MURUB₄-URU=qabaltu[middle//middle]N'N$qabsi++@saao%akk-x-neoass:MURUB₄-URU=ālu[city//city]N'N$āli",
"links": [
{
"type": "link",
"xlink_title": "qabaltu",
"xlink_type": "locator",
"xlink_href": "#P335509.l05bc1",
"xlink_role": "elt"}
,
{
"type": "link",
"xlink_title": "ālu",
"xlink_type": "locator",
"xlink_href": "#P335509.l05bc2",
"xlink_role": "elt"}
]}
]}
]}
