{
"type": "cdl",
  "source": "http://oracc.org/saao/saa14",
  "license": "This data is released under the CC0 license",
  "license-url": "https://creativecommons.org/publicdomain/zero/1.0/",
  "more-info": "http://oracc.org/doc/opendata/",
  "UTC-timestamp": "2017-05-19T11:50:11",
"project": "saao/saa14",
"textid": "P335647",
"cdl": [
{
"node": "c",
"type": "text",
"id": "P335647.U0",
"cdl": [
{
"node": "d",
"type": "object",
"ref": ""}
,
{
"node": "d",
"type": "surface",
"ref": ""}
,
{
"node": "c",
"type": "discourse",
"subtype": "body",
"id": "P335647.U1",
"cdl": [
{
"node": "c",
"type": "sentence",
"id": "P335647.U2",
"label": "1 - 4",
"cdl": [
{
"node": "d",
"type": "line-start",
"ref": "P335647.1",
"n": "1",
"label": "1"}
,
{
"node": "l",
"frag": "ku-um",
"id": "P335647.l06283",
"ref": "P335647.1.1",
"inst": "kūm[instead of]PRP",
"sig": "@saao/saa14%akk-x-neoass:ku-um=kūm[instead of//instead of]PRP'PRP$kūm",
"f": {"lang": "akk-x-neoass",
"form": "ku-um",
"cf": "kūm",
"gw": "instead of",
"sense": "instead of",
"norm": "kūm",
"pos": "PRP",
"epos": "PRP"}
}
,
{
"node": "l",
"frag": "{na₄}⸢KIŠIB⸣-[šu₂-nu",
"id": "P335647.l06284",
"ref": "P335647.1.2",
"inst": "kunukkišunu[seal]N",
"sig": "@saao/saa14%akk-x-neoass:{NA₄}KIŠIB-šu₂-nu=kunukku[seal//seal]N'N$kunukkišunu",
"f": {"lang": "akk-x-neoass",
"form": "{NA₄}KIŠIB-šu₂-nu",
"cf": "kunukku",
"gw": "seal",
"sense": "seal",
"norm": "kunukkišunu",
"pos": "N",
"epos": "N"}
}
,
{
"node": "l",
"frag": "ṣu-pur-šu₂-nu]",
"id": "P335647.l06285",
"ref": "P335647.1.3",
"inst": "ṣupuršunu[fingernail]N",
"sig": "@saao/saa14%akk-x-neoass:ṣu-pur-šu₂-nu=ṣupru[nail//fingernail]N'N$ṣupuršunu",
"f": {"lang": "akk-x-neoass",
"form": "ṣu-pur-šu₂-nu",
"cf": "ṣupru",
"gw": "nail",
"sense": "fingernail",
"norm": "ṣupuršunu",
"pos": "N",
"epos": "N"}
}
,
{
"node": "d",
"type": "line-start",
"ref": "P335647.2",
"n": "2",
"label": "2"}
,
{
"node": "l",
"frag": "iš-kun-nu",
"id": "P335647.l06286",
"ref": "P335647.2.1",
"inst": "iškunu[place]V",
"sig": "@saao/saa14%akk-x-neoass:iš-kun-nu=šakānu[put//place]V'V$iškunu",
"f": {"lang": "akk-x-neoass",
"form": "iš-kun-nu",
"cf": "šakānu",
"gw": "put",
"sense": "place",
"norm": "iškunu",
"pos": "V",
"epos": "V"}
}
,
{
"node": "l",
"frag": "⸢ṣu⸣-[pur",
"id": "P335647.l06287",
"ref": "P335647.2.2",
"inst": "ṣupur[fingernail]N",
"sig": "@saao/saa14%akk-x-neoass:ṣu-pur=ṣupru[nail//fingernail]N'N$ṣupur",
"f": {"lang": "akk-x-neoass",
"form": "ṣu-pur",
"cf": "ṣupru",
"gw": "nail",
"sense": "fingernail",
"norm": "ṣupur",
"pos": "N",
"epos": "N"}
}
,
{
"node": "l",
"frag": "{1}x",
"id": "P335647.l06288",
"ref": "P335647.2.3",
"inst": "u",
"f": {"lang": "akk-x-neoass",
"form": "{1}x",
"pos": "u"}
}
,
{
"node": "l",
"frag": "x",
"id": "P335647.l06289",
"ref": "P335647.2.4",
"inst": "u",
"f": {"lang": "akk-x-neoass",
"form": "x",
"pos": "u"}
}
,
{
"node": "l",
"frag": "x",
"id": "P335647.l0628a",
"ref": "P335647.2.5",
"inst": "u",
"f": {"lang": "akk-x-neoass",
"form": "x",
"pos": "u"}
}
,
{
"node": "l",
"frag": "x",
"id": "P335647.l0628b",
"ref": "P335647.2.6",
"inst": "u",
"f": {"lang": "akk-x-neoass",
"form": "x",
"pos": "u"}
}
,
{
"node": "l",
"frag": "x]",
"id": "P335647.l0628c",
"ref": "P335647.2.7",
"inst": "u",
"f": {"lang": "akk-x-neoass",
"form": "x",
"pos": "u"}
}
,
{
"node": "d",
"type": "line-start",
"ref": "P335647.3",
"n": "3",
"label": "3"}
,
{
"node": "l",
"frag": "ṣu-pur",
"id": "P335647.l0628d",
"ref": "P335647.3.1",
"inst": "ṣupur[fingernail]N",
"sig": "@saao/saa14%akk-x-neoass:ṣu-pur=ṣupru[nail//fingernail]N'N$ṣupur",
"f": {"lang": "akk-x-neoass",
"form": "ṣu-pur",
"cf": "ṣupru",
"gw": "nail",
"sense": "fingernail",
"norm": "ṣupur",
"pos": "N",
"epos": "N"}
}
,
{
"node": "l",
"frag": "{1}gab-⸢ba⸣-[ru",
"id": "P335647.l0628e",
"ref": "P335647.3.2",
"inst": "Gabbaru[1]PN",
"sig": "@saao/saa14%akk-x-neoass:{1}gab-ba-ru=Gabbaru[1//1]PN'PN$Gabbaru",
"f": {"lang": "akk-x-neoass",
"form": "{1}gab-ba-ru",
"cf": "Gabbaru",
"gw": "1",
"sense": "1",
"norm": "Gabbaru",
"pos": "PN",
"epos": "PN"}
}
,
{
"node": "l",
"frag": "x",
"id": "P335647.l0628f",
"ref": "P335647.3.3",
"inst": "u",
"f": {"lang": "akk-x-neoass",
"form": "x",
"pos": "u"}
}
,
{
"node": "l",
"frag": "x",
"id": "P335647.l06290",
"ref": "P335647.3.4",
"inst": "u",
"f": {"lang": "akk-x-neoass",
"form": "x",
"pos": "u"}
}
,
{
"node": "l",
"frag": "x",
"id": "P335647.l06291",
"ref": "P335647.3.5",
"inst": "u",
"f": {"lang": "akk-x-neoass",
"form": "x",
"pos": "u"}
}
,
{
"node": "l",
"frag": "x",
"id": "P335647.l06292",
"ref": "P335647.3.6",
"inst": "u",
"f": {"lang": "akk-x-neoass",
"form": "x",
"pos": "u"}
}
,
{
"node": "l",
"frag": "x]",
"id": "P335647.l06293",
"ref": "P335647.3.7",
"inst": "u",
"f": {"lang": "akk-x-neoass",
"form": "x",
"pos": "u"}
}
,
{
"node": "d",
"type": "line-start",
"ref": "P335647.4",
"n": "4",
"label": "4"}
,
{
"node": "l",
"frag": "⸢PAB⸣",
"id": "P335647.l06294",
"ref": "P335647.4.1",
"inst": "gimru[total]N",
"sig": "@saao/saa14%akk-x-neoass:PAB=gimru[totality//total]N'N$gimru",
"f": {"lang": "akk-x-neoass",
"form": "PAB",
"cf": "gimru",
"gw": "totality",
"sense": "total",
"norm": "gimru",
"pos": "N",
"epos": "N"}
}
,
{
"node": "l",
"frag": "02",
"id": "P335647.l06295",
"ref": "P335647.4.2",
"inst": "n",
"f": {"lang": "akk-x-neoass",
"form": "02",
"pos": "n"}
}
,
{
"node": "l",
"frag": "ŠEŠ-MEŠ",
"id": "P335647.l06296",
"ref": "P335647.4.3",
"inst": "ahhē[brother]N",
"sig": "@saao/saa14%akk-x-neoass:ŠEŠ-MEŠ=ahu[brother//brother]N'N$ahhē",
"f": {"lang": "akk-x-neoass",
"form": "ŠEŠ-MEŠ",
"cf": "ahu",
"gw": "brother",
"sense": "brother",
"norm": "ahhē",
"pos": "N",
"epos": "N"}
}
,
{
"node": "l",
"frag": "⸢EN⸣-[MEŠ",
"id": "P335647.l06297",
"ref": "P335647.4.4",
"inst": "bēlī[owner]N",
"sig": "@saao/saa14%akk-x-neoass:EN-MEŠ=bēlu[lord//owner]N'N$bēlī",
"f": {"lang": "akk-x-neoass",
"form": "EN-MEŠ",
"cf": "bēlu",
"gw": "lord",
"sense": "owner",
"norm": "bēlī",
"pos": "N",
"epos": "N"}
}
,
{
"node": "l",
"frag": "x",
"id": "P335647.l06298",
"ref": "P335647.4.5",
"inst": "u",
"f": {"lang": "akk-x-neoass",
"form": "x",
"pos": "u"}
}
,
{
"node": "l",
"frag": "x",
"id": "P335647.l06299",
"ref": "P335647.4.6",
"inst": "u",
"f": {"lang": "akk-x-neoass",
"form": "x",
"pos": "u"}
}
,
{
"node": "l",
"frag": "x",
"id": "P335647.l0629a",
"ref": "P335647.4.7",
"inst": "u",
"f": {"lang": "akk-x-neoass",
"form": "x",
"pos": "u"}
}
,
{
"node": "l",
"frag": "x]",
"id": "P335647.l0629b",
"ref": "P335647.4.8",
"inst": "u",
"f": {"lang": "akk-x-neoass",
"form": "x",
"pos": "u"}
}
,
{
"node": "d",
"type": "nonx",
"ref": "P335647.5",
"strict": "1",
"extent": "n",
"scope": "line",
"state": "ruling"}
,
{
"node": "d",
"type": "nonx",
"ref": "P335647.6",
"strict": "0",
"extent": "rest",
"state": "missing"}
]}
]}
]}
]}
