{
"type": "cdl",
  "source": "http://oracc.org/saao/saa14",
  "license": "This data is released under the CC0 license",
  "license-url": "https://creativecommons.org/publicdomain/zero/1.0/",
  "more-info": "http://oracc.org/doc/opendata/",
  "UTC-timestamp": "2017-05-19T11:50:01",
"project": "saao/saa14",
"textid": "P335464",
"cdl": [
{
"node": "c",
"type": "text",
"id": "P335464.U0",
"cdl": [
{
"node": "d",
"type": "object",
"ref": ""}
,
{
"node": "d",
"subtype": "obverse",
"type": "surface",
"ref": "P335464.o.1",
"type": "obverse",
"label": "o"}
,
{
"node": "d",
"type": "nonx",
"ref": "P335464.2",
"strict": "0",
"extent": "beginning",
"state": "missing"}
,
{
"node": "d",
"type": "nonx",
"ref": "P335464.3",
"strict": "0",
"extent": "1",
"scope": "impression",
"state": "other"}
,
{
"node": "d",
"type": "nonx",
"ref": "P335464.4",
"strict": "1",
"extent": "n",
"scope": "line",
"state": "ruling"}
,
{
"node": "c",
"type": "discourse",
"subtype": "body",
"id": "P335464.U1",
"cdl": [
{
"node": "c",
"type": "sentence",
"id": "P335464.U2",
"label": "o 1' - e. 3",
"cdl": [
{
"node": "d",
"type": "line-start",
"ref": "P335464.5",
"n": "1'",
"label": "o 1'"}
,
{
"node": "l",
"frag": "{1}EN-GIŠ",
"id": "P335464.l054b9",
"ref": "P335464.5.1",
"inst": "Bel-lešir[1]PN",
"sig": "@saao/saa14%akk-x-neoass:{1}EN-GIŠ=Bel-lešir[1//1]PN'PN$Bel-lešir",
"f": {"lang": "akk-x-neoass",
"form": "{1}EN-GIŠ",
"cf": "Bel-lešir",
"gw": "1",
"sense": "1",
"norm": "Bel-lešir",
"pos": "PN",
"epos": "PN"}
}
,
{
"node": "l",
"frag": "[x",
"id": "P335464.l054ba",
"ref": "P335464.5.2",
"inst": "u",
"f": {"lang": "akk-x-neoass",
"form": "x",
"pos": "u"}
}
,
{
"node": "l",
"frag": "x",
"id": "P335464.l054bb",
"ref": "P335464.5.3",
"inst": "u",
"f": {"lang": "akk-x-neoass",
"form": "x",
"pos": "u"}
}
,
{
"node": "l",
"frag": "x",
"id": "P335464.l054bc",
"ref": "P335464.5.4",
"inst": "u",
"f": {"lang": "akk-x-neoass",
"form": "x",
"pos": "u"}
}
,
{
"node": "l",
"frag": "x",
"id": "P335464.l054bd",
"ref": "P335464.5.5",
"inst": "u",
"f": {"lang": "akk-x-neoass",
"form": "x",
"pos": "u"}
}
,
{
"node": "l",
"frag": "x",
"id": "P335464.l054be",
"ref": "P335464.5.6",
"inst": "u",
"f": {"lang": "akk-x-neoass",
"form": "x",
"pos": "u"}
}
,
{
"node": "l",
"frag": "x",
"id": "P335464.l054bf",
"ref": "P335464.5.7",
"inst": "u",
"f": {"lang": "akk-x-neoass",
"form": "x",
"pos": "u"}
}
,
{
"node": "l",
"frag": "x",
"id": "P335464.l054c0",
"ref": "P335464.5.8",
"inst": "u",
"f": {"lang": "akk-x-neoass",
"form": "x",
"pos": "u"}
}
,
{
"node": "l",
"frag": "x]",
"id": "P335464.l054c1",
"ref": "P335464.5.9",
"inst": "u",
"f": {"lang": "akk-x-neoass",
"form": "x",
"pos": "u"}
}
,
{
"node": "d",
"type": "line-start",
"ref": "P335464.6",
"n": "2'",
"label": "o 2'"}
,
{
"node": "l",
"frag": "{1}id-⸢x⸣+[x",
"id": "P335464.l054c2",
"ref": "P335464.6.1",
"inst": "u",
"f": {"lang": "akk-x-neoass",
"form": "{1}id-x+x",
"pos": "u"}
}
,
{
"node": "l",
"frag": "x",
"id": "P335464.l054c3",
"ref": "P335464.6.2",
"inst": "u",
"f": {"lang": "akk-x-neoass",
"form": "x",
"pos": "u"}
}
,
{
"node": "l",
"frag": "x",
"id": "P335464.l054c4",
"ref": "P335464.6.3",
"inst": "u",
"f": {"lang": "akk-x-neoass",
"form": "x",
"pos": "u"}
}
,
{
"node": "l",
"frag": "x",
"id": "P335464.l054c5",
"ref": "P335464.6.4",
"inst": "u",
"f": {"lang": "akk-x-neoass",
"form": "x",
"pos": "u"}
}
,
{
"node": "l",
"frag": "x",
"id": "P335464.l054c6",
"ref": "P335464.6.5",
"inst": "u",
"f": {"lang": "akk-x-neoass",
"form": "x",
"pos": "u"}
}
,
{
"node": "l",
"frag": "x",
"id": "P335464.l054c7",
"ref": "P335464.6.6",
"inst": "u",
"f": {"lang": "akk-x-neoass",
"form": "x",
"pos": "u"}
}
,
{
"node": "l",
"frag": "x",
"id": "P335464.l054c8",
"ref": "P335464.6.7",
"inst": "u",
"f": {"lang": "akk-x-neoass",
"form": "x",
"pos": "u"}
}
,
{
"node": "l",
"frag": "x]",
"id": "P335464.l054c9",
"ref": "P335464.6.8",
"inst": "u",
"f": {"lang": "akk-x-neoass",
"form": "x",
"pos": "u"}
}
,
{
"node": "d",
"type": "line-start",
"ref": "P335464.7",
"n": "3'",
"label": "o 3'"}
,
{
"node": "l",
"frag": "35",
"id": "P335464.l054ca",
"ref": "P335464.7.1",
"inst": "n",
"f": {"lang": "akk-x-neoass",
"form": "35",
"pos": "n"}
}
,
{
"node": "l",
"frag": "{giš}[x",
"id": "P335464.l054cb",
"ref": "P335464.7.2",
"inst": "u",
"f": {"lang": "akk-x-neoass",
"form": "{GIŠ}x",
"pos": "u"}
}
,
{
"node": "l",
"frag": "x",
"id": "P335464.l054cc",
"ref": "P335464.7.3",
"inst": "u",
"f": {"lang": "akk-x-neoass",
"form": "x",
"pos": "u"}
}
,
{
"node": "l",
"frag": "x",
"id": "P335464.l054cd",
"ref": "P335464.7.4",
"inst": "u",
"f": {"lang": "akk-x-neoass",
"form": "x",
"pos": "u"}
}
,
{
"node": "l",
"frag": "x]",
"id": "P335464.l054ce",
"ref": "P335464.7.5",
"inst": "u",
"f": {"lang": "akk-x-neoass",
"form": "x",
"pos": "u"}
}
,
{
"node": "d",
"type": "nonx",
"ref": "P335464.8",
"strict": "0",
"extent": "rest",
"state": "missing"}
,
{
"node": "d",
"subtype": "reverse",
"type": "surface",
"ref": "P335464.r.9",
"type": "reverse",
"label": "r"}
,
{
"node": "d",
"type": "nonx",
"ref": "P335464.10",
"strict": "0",
"extent": "beginning",
"state": "missing"}
,
{
"node": "d",
"type": "line-start",
"ref": "P335464.11",
"n": "1'",
"label": "r 1'"}
,
{
"node": "l",
"frag": "IGI",
"id": "P335464.l054cf",
"ref": "P335464.11.1",
"inst": "šību[witness]N",
"sig": "@saao/saa14%akk-x-neoass:IGI=šību[witness//witness]N'N$šību",
"f": {"lang": "akk-x-neoass",
"form": "IGI",
"cf": "šību",
"gw": "witness",
"sense": "witness",
"norm": "šību",
"pos": "N",
"epos": "N"}
}
,
{
"node": "l",
"frag": "{1}[x",
"id": "P335464.l054d0",
"ref": "P335464.11.2",
"inst": "u",
"f": {"lang": "akk-x-neoass",
"form": "{1}x",
"pos": "u"}
}
,
{
"node": "l",
"frag": "x",
"id": "P335464.l054d1",
"ref": "P335464.11.3",
"inst": "u",
"f": {"lang": "akk-x-neoass",
"form": "x",
"pos": "u"}
}
,
{
"node": "l",
"frag": "x",
"id": "P335464.l054d2",
"ref": "P335464.11.4",
"inst": "u",
"f": {"lang": "akk-x-neoass",
"form": "x",
"pos": "u"}
}
,
{
"node": "l",
"frag": "x",
"id": "P335464.l054d3",
"ref": "P335464.11.5",
"inst": "u",
"f": {"lang": "akk-x-neoass",
"form": "x",
"pos": "u"}
}
,
{
"node": "l",
"frag": "x]",
"id": "P335464.l054d4",
"ref": "P335464.11.6",
"inst": "u",
"f": {"lang": "akk-x-neoass",
"form": "x",
"pos": "u"}
}
,
{
"node": "d",
"type": "line-start",
"ref": "P335464.12",
"n": "2'",
"label": "r 2'"}
,
{
"node": "l",
"frag": "IGI",
"id": "P335464.l054d5",
"ref": "P335464.12.1",
"inst": "šību[witness]N",
"sig": "@saao/saa14%akk-x-neoass:IGI=šību[witness//witness]N'N$šību",
"f": {"lang": "akk-x-neoass",
"form": "IGI",
"cf": "šību",
"gw": "witness",
"sense": "witness",
"norm": "šību",
"pos": "N",
"epos": "N"}
}
,
{
"node": "l",
"frag": "{1}{d}PA-[x",
"id": "P335464.l054d6",
"ref": "P335464.12.2",
"inst": "u",
"f": {"lang": "akk-x-neoass",
"form": "{1}{d}PA-x",
"pos": "u"}
}
,
{
"node": "l",
"frag": "x",
"id": "P335464.l054d7",
"ref": "P335464.12.3",
"inst": "u",
"f": {"lang": "akk-x-neoass",
"form": "x",
"pos": "u"}
}
,
{
"node": "l",
"frag": "x]",
"id": "P335464.l054d8",
"ref": "P335464.12.4",
"inst": "u",
"f": {"lang": "akk-x-neoass",
"form": "x",
"pos": "u"}
}
,
{
"node": "d",
"type": "line-start",
"ref": "P335464.13",
"n": "3'",
"label": "r 3'"}
,
{
"node": "l",
"frag": "IGI",
"id": "P335464.l054d9",
"ref": "P335464.13.1",
"inst": "šību[witness]N",
"sig": "@saao/saa14%akk-x-neoass:IGI=šību[witness//witness]N'N$šību",
"f": {"lang": "akk-x-neoass",
"form": "IGI",
"cf": "šību",
"gw": "witness",
"sense": "witness",
"norm": "šību",
"pos": "N",
"epos": "N"}
}
,
{
"node": "l",
"frag": "{1}man-nu-ki-[x",
"id": "P335464.l054da",
"ref": "P335464.13.2",
"inst": "u",
"f": {"lang": "akk-x-neoass",
"form": "{1}man-nu-ki-x",
"pos": "u"}
}
,
{
"node": "l",
"frag": "x]",
"id": "P335464.l054db",
"ref": "P335464.13.3",
"inst": "u",
"f": {"lang": "akk-x-neoass",
"form": "x",
"pos": "u"}
}
,
{
"node": "d",
"type": "line-start",
"ref": "P335464.14",
"n": "4'",
"label": "r 4'"}
,
{
"node": "l",
"frag": "IGI",
"id": "P335464.l054dc",
"ref": "P335464.14.1",
"inst": "šību[witness]N",
"sig": "@saao/saa14%akk-x-neoass:IGI=šību[witness//witness]N'N$šību",
"f": {"lang": "akk-x-neoass",
"form": "IGI",
"cf": "šību",
"gw": "witness",
"sense": "witness",
"norm": "šību",
"pos": "N",
"epos": "N"}
}
,
{
"node": "l",
"frag": "{1}aš-šur-be₂-sun",
"id": "P335464.l054dd",
"ref": "P335464.14.2",
"inst": "Aššur-bessunu[1]PN",
"sig": "@saao/saa14%akk-x-neoass:{1}aš-šur-be₂-sun=Aššur-bessunu[1//1]PN'PN$Aššur-bessunu",
"f": {"lang": "akk-x-neoass",
"form": "{1}aš-šur-be₂-sun",
"cf": "Aššur-bessunu",
"gw": "1",
"sense": "1",
"norm": "Aššur-bessunu",
"pos": "PN",
"epos": "PN"}
}
,
{
"node": "l",
"frag": "{[lu₂}x",
"id": "P335464.l054de",
"ref": "P335464.14.3",
"inst": "u",
"f": {"lang": "akk-x-neoass",
"form": "{LU₂}x",
"pos": "u"}
}
,
{
"node": "l",
"frag": "x]",
"id": "P335464.l054df",
"ref": "P335464.14.4",
"inst": "u",
"f": {"lang": "akk-x-neoass",
"form": "x",
"pos": "u"}
}
,
{
"node": "d",
"type": "line-start",
"ref": "P335464.15",
"n": "5'",
"label": "r 5'"}
,
{
"node": "l",
"frag": "ša",
"id": "P335464.l054e0",
"ref": "P335464.15.1",
"inst": "ša[of]DET",
"sig": "@saao/saa14%akk-x-neoass:ša=ša[of//of]DET'DET$ša",
"f": {"lang": "akk-x-neoass",
"form": "ša",
"cf": "ša",
"gw": "of",
"sense": "of",
"norm": "ša",
"pos": "DET",
"epos": "DET"}
}
,
{
"node": "l",
"frag": "A-MAN",
"id": "P335464.l054e1",
"ref": "P335464.15.2",
"cof-tails": "P335464.l054e2",
"inst": "māru[son]N$mār&šarru[king]N$šarri",
"sig": "@saao/saa14%akk-x-neoass:A-MAN=māru[son//son]N'N$mār&&@saao%akk-x-neoass:=šarru[king//king]N'N$šarri",
"f": {"lang": "akk-x-neoass",
"form": "A-MAN",
"cf": "māru",
"gw": "son",
"sense": "son",
"norm": "mār",
"pos": "N",
"epos": "N"}
}
,
{
"node": "l",
"frag": "A-MAN",
"id": "P335464.l054e2",
"ref": "P335464.15.2",
"cof-head": "P335464.l054e1",
"inst": "māru[son]N$mār&šarru[king]N$šarri",
"tail-sig": "@saao%akk-x-neoass:=šarru[king//king]N'N$šarri",
"f": {"lang": "akk-x-neoass",
"form": "A-MAN",
"cf": "šarru",
"gw": "king",
"sense": "king",
"norm": "šarri",
"pos": "N",
"epos": "N"}
}
,
{
"node": "l",
"frag": "IGI",
"id": "P335464.l054e3",
"ref": "P335464.15.3",
"inst": "šību[witness]N",
"sig": "@saao/saa14%akk-x-neoass:IGI=šību[witness//witness]N'N$šību",
"f": {"lang": "akk-x-neoass",
"form": "IGI",
"cf": "šību",
"gw": "witness",
"sense": "witness",
"norm": "šību",
"pos": "N",
"epos": "N"}
}
,
{
"node": "l",
"frag": "{1}{d}PA-[x",
"id": "P335464.l054e4",
"ref": "P335464.15.4",
"inst": "u",
"f": {"lang": "akk-x-neoass",
"form": "{1}{d}PA-x",
"pos": "u"}
}
,
{
"node": "l",
"frag": "x]",
"id": "P335464.l054e5",
"ref": "P335464.15.5",
"inst": "u",
"f": {"lang": "akk-x-neoass",
"form": "x",
"pos": "u"}
}
,
{
"node": "d",
"type": "line-start",
"ref": "P335464.16",
"n": "6'",
"label": "r 6'"}
,
{
"node": "l",
"frag": "IGI",
"id": "P335464.l054e6",
"ref": "P335464.16.1",
"inst": "šību[witness]N",
"sig": "@saao/saa14%akk-x-neoass:IGI=šību[witness//witness]N'N$šību",
"f": {"lang": "akk-x-neoass",
"form": "IGI",
"cf": "šību",
"gw": "witness",
"sense": "witness",
"norm": "šību",
"pos": "N",
"epos": "N"}
}
,
{
"node": "l",
"frag": "{1}[x",
"id": "P335464.l054e7",
"ref": "P335464.16.2",
"inst": "u",
"f": {"lang": "akk-x-neoass",
"form": "{1}x",
"pos": "u"}
}
,
{
"node": "l",
"frag": "x",
"id": "P335464.l054e8",
"ref": "P335464.16.3",
"inst": "u",
"f": {"lang": "akk-x-neoass",
"form": "x",
"pos": "u"}
}
,
{
"node": "l",
"frag": "x",
"id": "P335464.l054e9",
"ref": "P335464.16.4",
"inst": "u",
"f": {"lang": "akk-x-neoass",
"form": "x",
"pos": "u"}
}
,
{
"node": "l",
"frag": "x]",
"id": "P335464.l054ea",
"ref": "P335464.16.5",
"inst": "u",
"f": {"lang": "akk-x-neoass",
"form": "x",
"pos": "u"}
}
,
{
"node": "d",
"type": "nonx",
"ref": "P335464.17",
"strict": "0",
"extent": "rest",
"state": "missing"}
,
{
"node": "d",
"subtype": "edge",
"type": "surface",
"ref": "P335464.e..18",
"type": "edge",
"label": "e."}
,
{
"node": "d",
"type": "line-start",
"ref": "P335464.19",
"n": "1",
"label": "e. 1"}
,
{
"node": "l",
"frag": "[IGI",
"id": "P335464.l054eb",
"ref": "P335464.19.1",
"inst": "šību[witness]N",
"sig": "@saao/saa14%akk-x-neoass:IGI=šību[witness//witness]N'N$šību",
"f": {"lang": "akk-x-neoass",
"form": "IGI",
"cf": "šību",
"gw": "witness",
"sense": "witness",
"norm": "šību",
"pos": "N",
"epos": "N"}
}
,
{
"node": "l",
"frag": "{1}x",
"id": "P335464.l054ec",
"ref": "P335464.19.2",
"inst": "u",
"f": {"lang": "akk-x-neoass",
"form": "{1}x",
"pos": "u"}
}
,
{
"node": "l",
"frag": "x]-AŠ-PAB",
"id": "P335464.l054ed",
"ref": "P335464.19.3",
"inst": "u",
"f": {"lang": "akk-x-neoass",
"form": "x-AŠ-PAB",
"pos": "u"}
}
,
{
"node": "l",
"frag": "IGI",
"id": "P335464.l054ee",
"ref": "P335464.19.4",
"inst": "šību[witness]N",
"sig": "@saao/saa14%akk-x-neoass:IGI=šību[witness//witness]N'N$šību",
"f": {"lang": "akk-x-neoass",
"form": "IGI",
"cf": "šību",
"gw": "witness",
"sense": "witness",
"norm": "šību",
"pos": "N",
"epos": "N"}
}
,
{
"node": "l",
"frag": "{1}15-[x",
"id": "P335464.l054ef",
"ref": "P335464.19.5",
"inst": "u",
"f": {"lang": "akk-x-neoass",
"form": "{1}15-x",
"pos": "u"}
}
,
{
"node": "l",
"frag": "x",
"id": "P335464.l054f0",
"ref": "P335464.19.6",
"inst": "u",
"f": {"lang": "akk-x-neoass",
"form": "x",
"pos": "u"}
}
,
{
"node": "l",
"frag": "x]",
"id": "P335464.l054f1",
"ref": "P335464.19.7",
"inst": "u",
"f": {"lang": "akk-x-neoass",
"form": "x",
"pos": "u"}
}
,
{
"node": "d",
"type": "line-start",
"ref": "P335464.20",
"n": "2",
"label": "e. 2"}
,
{
"node": "l",
"frag": "[x",
"id": "P335464.l054f2",
"ref": "P335464.20.1",
"inst": "u",
"f": {"lang": "akk-x-neoass",
"form": "x",
"pos": "u"}
}
,
{
"node": "l",
"frag": "x",
"id": "P335464.l054f3",
"ref": "P335464.20.2",
"inst": "u",
"f": {"lang": "akk-x-neoass",
"form": "x",
"pos": "u"}
}
,
{
"node": "l",
"frag": "x",
"id": "P335464.l054f4",
"ref": "P335464.20.3",
"inst": "u",
"f": {"lang": "akk-x-neoass",
"form": "x",
"pos": "u"}
}
,
{
"node": "l",
"frag": "x]",
"id": "P335464.l054f5",
"ref": "P335464.20.4",
"inst": "u",
"f": {"lang": "akk-x-neoass",
"form": "x",
"pos": "u"}
}
,
{
"node": "l",
"frag": "{na₄}KIŠIB-šu₂",
"id": "P335464.l054f6",
"ref": "P335464.20.5",
"inst": "kunukkīšu[seal]N",
"sig": "@saao/saa14%akk-x-neoass:{NA₄}KIŠIB-šu₂=kunukku[seal//seal]N'N$kunukkīšu",
"f": {"lang": "akk-x-neoass",
"form": "{NA₄}KIŠIB-šu₂",
"cf": "kunukku",
"gw": "seal",
"sense": "seal",
"norm": "kunukkīšu",
"pos": "N",
"epos": "N"}
}
,
{
"node": "d",
"type": "line-start",
"ref": "P335464.21",
"n": "3",
"label": "e. 3"}
,
{
"node": "l",
"frag": "[IGI",
"id": "P335464.l054f7",
"ref": "P335464.21.1",
"inst": "šību[witness]N",
"sig": "@saao/saa14%akk-x-neoass:IGI=šību[witness//witness]N'N$šību",
"f": {"lang": "akk-x-neoass",
"form": "IGI",
"cf": "šību",
"gw": "witness",
"sense": "witness",
"norm": "šību",
"pos": "N",
"epos": "N"}
}
,
{
"node": "l",
"frag": "{1}{d}PA]-re-eh-tu₂-PAB",
"id": "P335464.l054f8",
"ref": "P335464.21.2",
"inst": "Nabu-rehtu-uṣur[1]PN",
"sig": "@saao/saa14%akk-x-neoass:{1}{d}PA-re-eh-tu₂-PAB=Nabu-rehtu-uṣur[1//1]PN'PN$Nabu-rehtu-uṣur",
"f": {"lang": "akk-x-neoass",
"form": "{1}{d}PA-re-eh-tu₂-PAB",
"cf": "Nabu-rehtu-uṣur",
"gw": "1",
"sense": "1",
"norm": "Nabu-rehtu-uṣur",
"pos": "PN",
"epos": "PN"}
}
,
{
"node": "l",
"frag": "{lu₂v}[A.BA]",
"id": "P335464.l054f9",
"ref": "P335464.21.3",
"inst": "ṭupšarru[scribe]N",
"sig": "@saao/saa14%akk-x-neoass:{LU₂}A.BA=ṭupšarru[scribe//scribe]N'N$ṭupšarru",
"f": {"lang": "akk-x-neoass",
"form": "{LU₂}A.BA",
"cf": "ṭupšarru",
"gw": "scribe",
"sense": "scribe",
"norm": "ṭupšarru",
"pos": "N",
"epos": "N"}
}
]}
]}
]}
]}
