{
"type": "cdl",
  "source": "http://oracc.org/saao/saa14",
  "license": "This data is released under the CC0 license",
  "license-url": "https://creativecommons.org/publicdomain/zero/1.0/",
  "more-info": "http://oracc.org/doc/opendata/",
  "UTC-timestamp": "2017-05-19T11:49:41",
"project": "saao/saa14",
"textid": "P335167",
"cdl": [
{
"node": "c",
"type": "text",
"id": "P335167.U0",
"cdl": [
{
"node": "d",
"type": "object",
"ref": ""}
,
{
"node": "d",
"subtype": "obverse",
"type": "surface",
"ref": "P335167.o.1",
"type": "obverse",
"label": "o"}
,
{
"node": "d",
"type": "nonx",
"ref": "P335167.2",
"strict": "0",
"extent": "beginning",
"state": "missing"}
,
{
"node": "d",
"type": "nonx",
"ref": "P335167.3",
"strict": "0",
"extent": "n",
"scope": "line",
"state": "blank"}
,
{
"node": "c",
"type": "discourse",
"subtype": "body",
"id": "P335167.U1",
"cdl": [
{
"node": "c",
"type": "sentence",
"id": "P335167.U2",
"label": "o 1' - r 1",
"cdl": [
{
"node": "d",
"type": "line-start",
"ref": "P335167.4",
"n": "1'",
"label": "o 1'"}
,
{
"node": "l",
"frag": "{mi₂}e-ri-⸢x⸣+[x",
"id": "P335167.l03757",
"ref": "P335167.4.1",
"inst": "u",
"f": {"lang": "akk-x-neoass",
"form": "{MI₂}e-ri-x+x",
"pos": "u"}
}
,
{
"node": "l",
"frag": "x",
"id": "P335167.l03758",
"ref": "P335167.4.2",
"inst": "u",
"f": {"lang": "akk-x-neoass",
"form": "x",
"pos": "u"}
}
,
{
"node": "l",
"frag": "x]",
"id": "P335167.l03759",
"ref": "P335167.4.3",
"inst": "u",
"f": {"lang": "akk-x-neoass",
"form": "x",
"pos": "u"}
}
,
{
"node": "d",
"type": "line-start",
"ref": "P335167.5",
"n": "2'",
"label": "o 2'"}
,
{
"node": "l",
"frag": "u₂-piš-ma",
"id": "P335167.l0375a",
"ref": "P335167.5.1",
"inst": "uppišma[contract]V",
"sig": "@saao/saa14%akk-x-neoass:u₂-piš-ma=epēšu[do//contract]V'V$uppišma",
"f": {"lang": "akk-x-neoass",
"form": "u₂-piš-ma",
"cf": "epēšu",
"gw": "do",
"sense": "contract",
"norm": "uppišma",
"pos": "V",
"epos": "V"}
}
,
{
"node": "l",
"frag": "{mi₂}[x",
"id": "P335167.l0375b",
"ref": "P335167.5.2",
"inst": "u",
"f": {"lang": "akk-x-neoass",
"form": "{MI₂}x",
"pos": "u"}
}
,
{
"node": "l",
"frag": "x",
"id": "P335167.l0375c",
"ref": "P335167.5.3",
"inst": "u",
"f": {"lang": "akk-x-neoass",
"form": "x",
"pos": "u"}
}
,
{
"node": "l",
"frag": "x",
"id": "P335167.l0375d",
"ref": "P335167.5.4",
"inst": "u",
"f": {"lang": "akk-x-neoass",
"form": "x",
"pos": "u"}
}
,
{
"node": "l",
"frag": "x",
"id": "P335167.l0375e",
"ref": "P335167.5.5",
"inst": "u",
"f": {"lang": "akk-x-neoass",
"form": "x",
"pos": "u"}
}
,
{
"node": "l",
"frag": "x]",
"id": "P335167.l0375f",
"ref": "P335167.5.6",
"inst": "u",
"f": {"lang": "akk-x-neoass",
"form": "x",
"pos": "u"}
}
,
{
"node": "d",
"type": "line-start",
"ref": "P335167.6",
"n": "3'",
"label": "o 3'"}
,
{
"node": "c",
"type": "phrase",
"tag": "phr",
"id": "P335167.U4",
"ref": "P335167.ls00000",
"cdl": [
{
"node": "l",
"frag": "ina",
"id": "P335167.l03760",
"ref": "P335167.6.1",
"inst": "ina[in+=for]PRP",
"sig": "@saao/saa14%akk-x-neoass:ina=ina[in//in]PRP'PRP$ina",
"f": {"lang": "akk-x-neoass",
"form": "ina",
"cf": "ina",
"gw": "in",
"sense": "in",
"norm": "ina",
"pos": "PRP",
"epos": "PRP"}
}
,
{
"node": "l",
"frag": "ŠA₃",
"id": "P335167.l03761",
"ref": "P335167.6.2",
"inst": "libbi[interior]N",
"sig": "@saao/saa14%akk-x-neoass:ŠA₃=libbu[interior//interior]N'N$libbi",
"f": {"lang": "akk-x-neoass",
"form": "ŠA₃",
"cf": "libbu",
"gw": "interior",
"sense": "interior",
"norm": "libbi",
"pos": "N",
"epos": "N"}
}
]}
,
{
"node": "l",
"frag": "1/2",
"id": "P335167.l03762",
"ref": "P335167.6.3",
"inst": "n",
"f": {"lang": "akk-x-neoass",
"form": "1/2",
"pos": "n"}
}
,
{
"node": "l",
"frag": "MA",
"id": "P335167.l03763",
"ref": "P335167.6.4",
"inst": "manû[a unit of weight]N",
"sig": "@saao/saa14%akk-x-neoass:MA=manû[unit//a unit of weight]N'N$manû",
"f": {"lang": "akk-x-neoass",
"form": "MA",
"cf": "manû",
"gw": "unit",
"sense": "a unit of weight",
"norm": "manû",
"pos": "N",
"epos": "N"}
}
,
{
"node": "l",
"frag": "04",
"id": "P335167.l03764",
"ref": "P335167.6.5",
"inst": "n",
"f": {"lang": "akk-x-neoass",
"form": "04",
"pos": "n"}
}
,
{
"node": "l",
"frag": "⸢GIN₂⸣-[MEŠ",
"id": "P335167.l03765",
"ref": "P335167.6.6",
"inst": "šiqlī[a unit of weight]N",
"sig": "@saao/saa14%akk-x-neoass:GIN₂-MEŠ=šiqlu[unit//a unit of weight]N'N$šiqlī",
"f": {"lang": "akk-x-neoass",
"form": "GIN₂-MEŠ",
"cf": "šiqlu",
"gw": "unit",
"sense": "a unit of weight",
"norm": "šiqlī",
"pos": "N",
"epos": "N"}
}
,
{
"node": "l",
"frag": "KUG.UD]",
"id": "P335167.l03766",
"ref": "P335167.6.7",
"inst": "ṣarpi[silver]N",
"sig": "@saao/saa14%akk-x-neoass:KUG.UD=ṣarpu[silver//silver]N'N$ṣarpi",
"f": {"lang": "akk-x-neoass",
"form": "KUG.UD",
"cf": "ṣarpu",
"gw": "silver",
"sense": "silver",
"norm": "ṣarpi",
"pos": "N",
"epos": "N"}
}
,
{
"node": "d",
"type": "line-start",
"ref": "P335167.7",
"n": "4'",
"label": "o 4'"}
,
{
"node": "c",
"type": "phrase",
"tag": "phr",
"id": "P335167.U5",
"ref": "P335167.ls00001",
"cdl": [
{
"node": "l",
"frag": "TA@v",
"id": "P335167.l03767",
"ref": "P335167.7.1",
"inst": "issu[from+=from]PRP",
"sig": "@saao/saa14%akk-x-neoass:TA@v=ištu[from//from]PRP'PRP$issu",
"f": {"lang": "akk-x-neoass",
"form": "TA@v",
"cf": "ištu",
"gw": "from",
"sense": "from",
"norm": "issu",
"pos": "PRP",
"epos": "PRP"}
}
,
{
"node": "l",
"frag": "IGI",
"id": "P335167.l03768",
"ref": "P335167.7.2",
"inst": "pān[front]N",
"sig": "@saao/saa14%akk-x-neoass:IGI=pānu[front//front]N'N$pān",
"f": {"lang": "akk-x-neoass",
"form": "IGI",
"cf": "pānu",
"gw": "front",
"sense": "front",
"norm": "pān",
"pos": "N",
"epos": "N"}
}
]}
,
{
"node": "l",
"frag": "{1}{d}MAŠ-[x",
"id": "P335167.l03769",
"ref": "P335167.7.3",
"inst": "u",
"f": {"lang": "akk-x-neoass",
"form": "{1}{d}MAŠ-x",
"pos": "u"}
}
,
{
"node": "l",
"frag": "x",
"id": "P335167.l0376a",
"ref": "P335167.7.4",
"inst": "u",
"f": {"lang": "akk-x-neoass",
"form": "x",
"pos": "u"}
}
,
{
"node": "l",
"frag": "x",
"id": "P335167.l0376b",
"ref": "P335167.7.5",
"inst": "u",
"f": {"lang": "akk-x-neoass",
"form": "x",
"pos": "u"}
}
,
{
"node": "l",
"frag": "x",
"id": "P335167.l0376c",
"ref": "P335167.7.6",
"inst": "u",
"f": {"lang": "akk-x-neoass",
"form": "x",
"pos": "u"}
}
,
{
"node": "l",
"frag": "x",
"id": "P335167.l0376d",
"ref": "P335167.7.7",
"inst": "u",
"f": {"lang": "akk-x-neoass",
"form": "x",
"pos": "u"}
}
,
{
"node": "l",
"frag": "x",
"id": "P335167.l0376e",
"ref": "P335167.7.8",
"inst": "u",
"f": {"lang": "akk-x-neoass",
"form": "x",
"pos": "u"}
}
,
{
"node": "l",
"frag": "x]",
"id": "P335167.l0376f",
"ref": "P335167.7.9",
"inst": "u",
"f": {"lang": "akk-x-neoass",
"form": "x",
"pos": "u"}
}
,
{
"node": "d",
"type": "line-start",
"ref": "P335167.8",
"n": "5'",
"label": "o 5'"}
,
{
"node": "l",
"frag": "kas-pu",
"id": "P335167.l03770",
"ref": "P335167.8.1",
"inst": "kaspu[money]N",
"sig": "@saao/saa14%akk-x-neoass:kas-pu=kaspu[silver//money]N'N$kaspu",
"f": {"lang": "akk-x-neoass",
"form": "kas-pu",
"cf": "kaspu",
"gw": "silver",
"sense": "money",
"norm": "kaspu",
"pos": "N",
"epos": "N"}
}
,
{
"node": "l",
"frag": "gam-mur",
"id": "P335167.l03771",
"ref": "P335167.8.2",
"inst": "gammur[completed]AJ",
"sig": "@saao/saa14%akk-x-neoass:gam-mur=gammuru[finished//completed]AJ'AJ$gammur",
"f": {"lang": "akk-x-neoass",
"form": "gam-mur",
"cf": "gammuru",
"gw": "finished",
"sense": "completed",
"norm": "gammur",
"pos": "AJ",
"epos": "AJ"}
}
,
{
"node": "l",
"frag": "⸢ta⸣-[din",
"id": "P335167.l03772",
"ref": "P335167.8.3",
"inst": "tadin[paid]AJ",
"sig": "@saao/saa14%akk-x-neoass:ta-din=tadnu[given//paid]AJ'AJ$tadin",
"f": {"lang": "akk-x-neoass",
"form": "ta-din",
"cf": "tadnu",
"gw": "given",
"sense": "paid",
"norm": "tadin",
"pos": "AJ",
"epos": "AJ"}
}
,
{
"node": "l",
"frag": "MI₂",
"id": "P335167.l03773",
"ref": "P335167.8.4",
"inst": "issu[woman]N",
"sig": "@saao/saa14%akk-x-neoass:MI₂=sinništu[woman//woman]N'N$issu",
"f": {"lang": "akk-x-neoass",
"form": "MI₂",
"cf": "sinništu",
"gw": "woman",
"sense": "woman",
"norm": "issu",
"pos": "N",
"epos": "N"}
}
,
{
"node": "l",
"frag": "šu-a-te]",
"id": "P335167.l03774",
"ref": "P335167.8.5",
"inst": "šuāte[that]'DP",
"sig": "@saao/saa14%akk-x-neoass:šu-a-te=šuāti[him//that]IP'DP$šuāte",
"f": {"lang": "akk-x-neoass",
"form": "šu-a-te",
"cf": "šuāti",
"gw": "him",
"sense": "that",
"norm": "šuāte",
"pos": "IP",
"epos": "DP"}
}
,
{
"node": "d",
"type": "line-start",
"ref": "P335167.9",
"n": "6'",
"label": "o 6'"}
,
{
"node": "l",
"frag": "zar-pat",
"id": "P335167.l03775",
"ref": "P335167.9.1",
"inst": "zarpat[purchased]AJ",
"sig": "@saao/saa14%akk-x-neoass:zar-pat=zarpu[purchased//purchased]AJ'AJ$zarpat",
"f": {"lang": "akk-x-neoass",
"form": "zar-pat",
"cf": "zarpu",
"gw": "purchased",
"sense": "purchased",
"norm": "zarpat",
"pos": "AJ",
"epos": "AJ"}
}
,
{
"node": "l",
"frag": "la-qi-at",
"id": "P335167.l03776",
"ref": "P335167.9.2",
"inst": "laqiat[acquired]AJ",
"sig": "@saao/saa14%akk-x-neoass:la-qi-at=leqû[taken//acquired]AJ'AJ$laqiat",
"f": {"lang": "akk-x-neoass",
"form": "la-qi-at",
"cf": "leqû",
"gw": "taken",
"sense": "acquired",
"norm": "laqiat",
"pos": "AJ",
"epos": "AJ"}
}
,
{
"node": "l",
"frag": "[tu-a-ru]",
"id": "P335167.l03777",
"ref": "P335167.9.3",
"inst": "tuāru[revocation]'N",
"sig": "@saao/saa14%akk-x-neoass:tu-a-ru=târu[turn//revocation]V'N$tuāru",
"f": {"lang": "akk-x-neoass",
"form": "tu-a-ru",
"cf": "târu",
"gw": "turn",
"sense": "revocation",
"norm": "tuāru",
"pos": "V",
"epos": "N"}
}
,
{
"node": "d",
"type": "line-start",
"ref": "P335167.10",
"n": "7'",
"label": "o 7'"}
,
{
"node": "l",
"frag": "de-nu",
"id": "P335167.l03778",
"ref": "P335167.10.1",
"inst": "dēnu[lawsuit]N",
"sig": "@saao/saa14%akk-x-neoass:de-nu=dīnu[legal decision//lawsuit]N'N$dēnu",
"f": {"lang": "akk-x-neoass",
"form": "de-nu",
"cf": "dīnu",
"gw": "legal decision",
"sense": "lawsuit",
"norm": "dēnu",
"pos": "N",
"epos": "N"}
}
,
{
"node": "l",
"frag": "DUG₄.DUG₄",
"id": "P335167.l03779",
"ref": "P335167.10.2",
"inst": "dabābu[litigation]'N",
"sig": "@saao/saa14%akk-x-neoass:DUG₄.DUG₄=dabābu[speak//litigation]V'N$dabābu",
"f": {"lang": "akk-x-neoass",
"form": "DUG₄.DUG₄",
"cf": "dabābu",
"gw": "speak",
"sense": "litigation",
"norm": "dabābu",
"pos": "V",
"epos": "N"}
}
,
{
"node": "l",
"frag": "[la-aš₂-šu₂]",
"id": "P335167.l0377a",
"ref": "P335167.10.3",
"inst": "laššu[(there) is not]V",
"sig": "@saao/saa14%akk-x-neoass:la-aš₂-šu₂=laššu[(there) is not//(there) is not]V'V$laššu",
"f": {"lang": "akk-x-neoass",
"form": "la-aš₂-šu₂",
"cf": "laššu",
"gw": "(there) is not",
"sense": "(there) is not",
"norm": "laššu",
"pos": "V",
"epos": "V"}
}
,
{
"node": "d",
"subtype": "reverse",
"type": "surface",
"ref": "P335167.r.11",
"type": "reverse",
"label": "r"}
,
{
"node": "d",
"type": "line-start",
"ref": "P335167.12",
"n": "1",
"label": "r 1"}
,
{
"node": "l",
"frag": "man-nu",
"id": "P335167.l0377b",
"ref": "P335167.12.1",
"inst": "mannu[whoever]'XP",
"sig": "@saao/saa14%akk-x-neoass:man-nu=mannu[who?//whoever]QP'XP$mannu",
"f": {"lang": "akk-x-neoass",
"form": "man-nu",
"cf": "mannu",
"gw": "who?",
"sense": "whoever",
"norm": "mannu",
"pos": "QP",
"epos": "XP"}
}
,
{
"node": "l",
"frag": "[x",
"id": "P335167.l0377c",
"ref": "P335167.12.2",
"inst": "u",
"f": {"lang": "akk-x-neoass",
"form": "x",
"pos": "u"}
}
,
{
"node": "l",
"frag": "x",
"id": "P335167.l0377d",
"ref": "P335167.12.3",
"inst": "u",
"f": {"lang": "akk-x-neoass",
"form": "x",
"pos": "u"}
}
,
{
"node": "l",
"frag": "x",
"id": "P335167.l0377e",
"ref": "P335167.12.4",
"inst": "u",
"f": {"lang": "akk-x-neoass",
"form": "x",
"pos": "u"}
}
,
{
"node": "l",
"frag": "x",
"id": "P335167.l0377f",
"ref": "P335167.12.5",
"inst": "u",
"f": {"lang": "akk-x-neoass",
"form": "x",
"pos": "u"}
}
,
{
"node": "l",
"frag": "x",
"id": "P335167.l03780",
"ref": "P335167.12.6",
"inst": "u",
"f": {"lang": "akk-x-neoass",
"form": "x",
"pos": "u"}
}
,
{
"node": "l",
"frag": "x",
"id": "P335167.l03781",
"ref": "P335167.12.7",
"inst": "u",
"f": {"lang": "akk-x-neoass",
"form": "x",
"pos": "u"}
}
,
{
"node": "l",
"frag": "x",
"id": "P335167.l03782",
"ref": "P335167.12.8",
"inst": "u",
"f": {"lang": "akk-x-neoass",
"form": "x",
"pos": "u"}
}
,
{
"node": "l",
"frag": "x]",
"id": "P335167.l03783",
"ref": "P335167.12.9",
"inst": "u",
"f": {"lang": "akk-x-neoass",
"form": "x",
"pos": "u"}
}
,
{
"node": "d",
"type": "nonx",
"ref": "P335167.13",
"strict": "0",
"extent": "beginning",
"scope": "line",
"state": "traces"}
,
{
"node": "d",
"type": "nonx",
"ref": "P335167.14",
"strict": "0",
"extent": "rest",
"state": "missing"}
]}
]}
]}
,
{
"linkbase": [{
"type": "linkset",
"xlink_title": "ina libbi[in//(in exchange) for]PRP'PRP",
"id": "P335167.ls00000",
"xlink_type": "extended",
"xlink_role": "psu",
"sig": "{ina[in]PRP libbu[interior]N += ina libbi[in//(in exchange) for]PRP'PRP}::@saao%akk-x-neoass:ina=ina[in//into]PRP'PRP$ina++@saao%akk-x-neoass:ŠA₃=libbu[interior//interior]N'N$libbi",
"links": [
{
"type": "link",
"xlink_title": "ina",
"xlink_type": "locator",
"xlink_href": "#P335167.l03760",
"xlink_role": "elt"}
,
{
"type": "link",
"xlink_title": "libbi",
"xlink_type": "locator",
"xlink_href": "#P335167.l03761",
"xlink_role": "elt"}
]}
,
{
"type": "linkset",
"xlink_title": "ištu pān[from//because of]PRP'PRP",
"id": "P335167.ls00001",
"xlink_type": "extended",
"xlink_role": "psu",
"sig": "{ištu[from]PRP pānu[front]N += ištu pān[from//because of]PRP'PRP}::@saao%akk-x-neoass:TA@v=ištu[from//from]PRP'PRP$issu++@saao%akk-x-neoass:IGI=pānu[front//front]N'N$pān",
"links": [
{
"type": "link",
"xlink_title": "issu",
"xlink_type": "locator",
"xlink_href": "#P335167.l03767",
"xlink_role": "elt"}
,
{
"type": "link",
"xlink_title": "pān",
"xlink_type": "locator",
"xlink_href": "#P335167.l03768",
"xlink_role": "elt"}
]}
]}
]}
