{
"type": "cdl",
  "source": "http://oracc.org/saao/saa14",
  "license": "This data is released under the CC0 license",
  "license-url": "https://creativecommons.org/publicdomain/zero/1.0/",
  "more-info": "http://oracc.org/doc/opendata/",
  "UTC-timestamp": "2017-05-19T11:50:12",
"project": "saao/saa14",
"textid": "P335933",
"cdl": [
{
"node": "c",
"type": "text",
"id": "P335933.U0",
"cdl": [
{
"node": "d",
"type": "object",
"ref": ""}
,
{
"node": "d",
"type": "surface",
"ref": ""}
,
{
"node": "d",
"type": "nonx",
"ref": "P335933.1",
"strict": "0",
"extent": "beginning",
"state": "missing"}
,
{
"node": "d",
"type": "nonx",
"ref": "P335933.2",
"strict": "1",
"extent": "n",
"scope": "line",
"state": "ruling"}
,
{
"node": "c",
"type": "discourse",
"subtype": "body",
"id": "P335933.U1",
"cdl": [
{
"node": "c",
"type": "sentence",
"id": "P335933.U2",
"label": "1' - 3'",
"cdl": [
{
"node": "d",
"type": "line-start",
"ref": "P335933.3",
"n": "1'",
"label": "1'"}
,
{
"node": "l",
"frag": "[x",
"id": "P335933.l062c2",
"ref": "P335933.3.1",
"inst": "u",
"f": {"lang": "akk-x-neoass",
"form": "x",
"pos": "u"}
}
,
{
"node": "l",
"frag": "x",
"id": "P335933.l062c3",
"ref": "P335933.3.2",
"inst": "u",
"f": {"lang": "akk-x-neoass",
"form": "x",
"pos": "u"}
}
,
{
"node": "l",
"frag": "x]+⸢x⸣",
"id": "P335933.l062c4",
"ref": "P335933.3.3",
"inst": "u",
"f": {"lang": "akk-x-neoass",
"form": "x+x",
"pos": "u"}
}
,
{
"node": "l",
"frag": "ši",
"id": "P335933.l062c5",
"ref": "P335933.3.4",
"inst": "u",
"f": {"lang": "akk-x-neoass",
"form": "ši",
"pos": "u"}
}
,
{
"node": "l",
"frag": "⸢ud⸣",
"id": "P335933.l062c6",
"ref": "P335933.3.5",
"inst": "u",
"f": {"lang": "akk-x-neoass",
"form": "ud",
"pos": "u"}
}
,
{
"node": "l",
"frag": "[x",
"id": "P335933.l062c7",
"ref": "P335933.3.6",
"inst": "u",
"f": {"lang": "akk-x-neoass",
"form": "x",
"pos": "u"}
}
,
{
"node": "l",
"frag": "x]",
"id": "P335933.l062c8",
"ref": "P335933.3.7",
"inst": "u",
"f": {"lang": "akk-x-neoass",
"form": "x",
"pos": "u"}
}
,
{
"node": "d",
"type": "line-start",
"ref": "P335933.4",
"n": "2'",
"label": "2'"}
,
{
"node": "l",
"frag": "[x",
"id": "P335933.l062c9",
"ref": "P335933.4.1",
"inst": "u",
"f": {"lang": "akk-x-neoass",
"form": "x",
"pos": "u"}
}
,
{
"node": "l",
"frag": "{1}{d]}⸢AMAR⸣.UTU-PAB-⸢x⸣+[x",
"id": "P335933.l062ca",
"ref": "P335933.4.2",
"inst": "u",
"f": {"lang": "akk-x-neoass",
"form": "{1}{d}AMAR.UTU-PAB-x+x",
"pos": "u"}
}
,
{
"node": "l",
"frag": "x",
"id": "P335933.l062cb",
"ref": "P335933.4.3",
"inst": "u",
"f": {"lang": "akk-x-neoass",
"form": "x",
"pos": "u"}
}
,
{
"node": "l",
"frag": "x]",
"id": "P335933.l062cc",
"ref": "P335933.4.4",
"inst": "u",
"f": {"lang": "akk-x-neoass",
"form": "x",
"pos": "u"}
}
,
{
"node": "d",
"type": "line-start",
"ref": "P335933.5",
"n": "3'",
"label": "3'"}
,
{
"node": "l",
"frag": "[x",
"id": "P335933.l062cd",
"ref": "P335933.5.1",
"inst": "u",
"f": {"lang": "akk-x-neoass",
"form": "x",
"pos": "u"}
}
,
{
"node": "l",
"frag": "x]",
"id": "P335933.l062ce",
"ref": "P335933.5.2",
"inst": "u",
"f": {"lang": "akk-x-neoass",
"form": "x",
"pos": "u"}
}
,
{
"node": "l",
"frag": "⸢ŠU.SI⸣",
"id": "P335933.l062cf",
"ref": "P335933.5.3",
"inst": "u",
"f": {"lang": "akk-x-neoass",
"form": "ŠU.SI",
"pos": "u"}
}
,
{
"node": "l",
"frag": "[x",
"id": "P335933.l062d0",
"ref": "P335933.5.4",
"inst": "u",
"f": {"lang": "akk-x-neoass",
"form": "x",
"pos": "u"}
}
,
{
"node": "l",
"frag": "x]",
"id": "P335933.l062d1",
"ref": "P335933.5.5",
"inst": "u",
"f": {"lang": "akk-x-neoass",
"form": "x",
"pos": "u"}
}
,
{
"node": "d",
"type": "nonx",
"ref": "P335933.6",
"strict": "0",
"extent": "rest",
"state": "missing"}
]}
]}
]}
]}
