{
"type": "cdl",
  "source": "http://oracc.org/saao/saa14",
  "license": "This data is released under the CC0 license",
  "license-url": "https://creativecommons.org/publicdomain/zero/1.0/",
  "more-info": "http://oracc.org/doc/opendata/",
  "UTC-timestamp": "2017-05-19T11:50:14",
"project": "saao/saa14",
"textid": "P335967",
"cdl": [
{
"node": "c",
"type": "text",
"id": "P335967.U0",
"cdl": [
{
"node": "d",
"type": "object",
"ref": ""}
,
{
"node": "d",
"subtype": "obverse",
"type": "surface",
"ref": "P335967.o.1",
"type": "obverse",
"label": "o"}
,
{
"node": "c",
"type": "discourse",
"subtype": "body",
"id": "P335967.U1",
"cdl": [
{
"node": "c",
"type": "sentence",
"id": "P335967.U2",
"label": "o 1 - r 3",
"cdl": [
{
"node": "d",
"type": "line-start",
"ref": "P335967.2",
"n": "1",
"label": "o 1"}
,
{
"node": "l",
"frag": "{na₄}KIŠIB",
"id": "P335967.l01a50",
"ref": "P335967.2.1",
"inst": "kunukku[seal]N",
"sig": "@saao/saa14%akk-x-neoass:{NA₄}KIŠIB=kunukku[seal//seal]N'N$kunukku",
"f": {"lang": "akk-x-neoass",
"form": "{NA₄}KIŠIB",
"cf": "kunukku",
"gw": "seal",
"sense": "seal",
"norm": "kunukku",
"pos": "N",
"epos": "N"}
}
,
{
"node": "l",
"frag": "{1}PAB-AD-u",
"id": "P335967.l01a51",
"ref": "P335967.2.2",
"inst": "Ah-abu[1]PN$",
"sig": "@saao/saa14%akk-x-neoass:{1}PAB-AD-u=Ah-abu[1//1]PN'PN$Ah-abu",
"f": {"lang": "akk-x-neoass",
"form": "{1}PAB-AD-u",
"cf": "Ah-abu",
"gw": "1",
"sense": "1",
"norm": "Ah-abu",
"pos": "PN",
"epos": "PN"}
}
,
{
"node": "l",
"frag": "{lu₂v}qur-bu-te",
"id": "P335967.l01a52",
"ref": "P335967.2.3",
"inst": "ša-qurbūte[(royal) confidant]N",
"sig": "@saao/saa14%akk-x-neoass:{LU₂}qur-bu-te=ša-qurbūti[close follower//(royal) confidant]N'N$ša-qurbūte",
"f": {"lang": "akk-x-neoass",
"form": "{LU₂}qur-bu-te",
"cf": "ša-qurbūti",
"gw": "close follower",
"sense": "(royal) confidant",
"norm": "ša-qurbūte",
"pos": "N",
"epos": "N"}
}
,
{
"node": "d",
"type": "line-start",
"ref": "P335967.3",
"n": "2",
"label": "o 2"}
,
{
"node": "l",
"frag": "01",
"id": "P335967.l01a53",
"ref": "P335967.3.1",
"inst": "n",
"f": {"lang": "akk-x-neoass",
"form": "01",
"pos": "n"}
}
,
{
"node": "l",
"frag": "MA.NA",
"id": "P335967.l01a54",
"ref": "P335967.3.2",
"inst": "manû[a unit of weight]N",
"sig": "@saao/saa14%akk-x-neoass:MA.NA=manû[unit//a unit of weight]N'N$manû",
"f": {"lang": "akk-x-neoass",
"form": "MA.NA",
"cf": "manû",
"gw": "unit",
"sense": "a unit of weight",
"norm": "manû",
"pos": "N",
"epos": "N"}
}
,
{
"node": "l",
"frag": "04",
"id": "P335967.l01a55",
"ref": "P335967.3.3",
"inst": "n",
"f": {"lang": "akk-x-neoass",
"form": "04",
"pos": "n"}
}
,
{
"node": "l",
"frag": "1/2",
"id": "P335967.l01a56",
"ref": "P335967.3.4",
"inst": "n",
"f": {"lang": "akk-x-neoass",
"form": "1/2",
"pos": "n"}
}
,
{
"node": "l",
"frag": "GIN₂",
"id": "P335967.l01a57",
"ref": "P335967.3.5",
"inst": "šiqlī[a unit of weight]N",
"sig": "@saao/saa14%akk-x-neoass:GIN₂=šiqlu[unit//a unit of weight]N'N$šiqlī",
"f": {"lang": "akk-x-neoass",
"form": "GIN₂",
"cf": "šiqlu",
"gw": "unit",
"sense": "a unit of weight",
"norm": "šiqlī",
"pos": "N",
"epos": "N"}
}
,
{
"node": "l",
"frag": "KUG.UD",
"id": "P335967.l01a58",
"ref": "P335967.3.6",
"inst": "ṣarpi[silver]N",
"sig": "@saao/saa14%akk-x-neoass:KUG.UD=ṣarpu[silver//silver]N'N$ṣarpi",
"f": {"lang": "akk-x-neoass",
"form": "KUG.UD",
"cf": "ṣarpu",
"gw": "silver",
"sense": "silver",
"norm": "ṣarpi",
"pos": "N",
"epos": "N"}
}
,
{
"node": "l",
"frag": "SAG.DU",
"id": "P335967.l01a59",
"ref": "P335967.3.7",
"inst": "kaqqudu[capital]N",
"sig": "@saao/saa14%akk-x-neoass:SAG.DU=qaqqadu[head//capital]N'N$kaqqudu",
"f": {"lang": "akk-x-neoass",
"form": "SAG.DU",
"cf": "qaqqadu",
"gw": "head",
"sense": "capital",
"norm": "kaqqudu",
"pos": "N",
"epos": "N"}
}
,
{
"node": "d",
"type": "line-start",
"ref": "P335967.4",
"n": "3",
"label": "o 3"}
,
{
"node": "l",
"frag": "ša",
"id": "P335967.l01a5a",
"ref": "P335967.4.1",
"inst": "ša[of]DET",
"sig": "@saao/saa14%akk-x-neoass:ša=ša[of//of]DET'DET$ša",
"f": {"lang": "akk-x-neoass",
"form": "ša",
"cf": "ša",
"gw": "of",
"sense": "of",
"norm": "ša",
"pos": "DET",
"epos": "DET"}
}
,
{
"node": "l",
"frag": "{1}bu-ra-qa-a",
"id": "P335967.l01a5b",
"ref": "P335967.4.2",
"inst": "Buraqa[1]PN$",
"sig": "@saao/saa14%akk-x-neoass:{1}bu-ra-qa-a=Buraqa[1//1]PN'PN$Buraqa",
"f": {"lang": "akk-x-neoass",
"form": "{1}bu-ra-qa-a",
"cf": "Buraqa",
"gw": "1",
"sense": "1",
"norm": "Buraqa",
"pos": "PN",
"epos": "PN"}
}
,
{
"node": "l",
"frag": "ina",
"id": "P335967.l01a5c",
"ref": "P335967.4.3",
"inst": "ina[in+=at the disposal of]PRP",
"sig": "@saao/saa14%akk-x-neoass:ina=ina[in//in]PRP'PRP$ina",
"f": {"lang": "akk-x-neoass",
"form": "ina",
"cf": "ina",
"gw": "in",
"sense": "in",
"norm": "ina",
"pos": "PRP",
"epos": "PRP"}
}
,
{
"node": "l",
"frag": "IGI",
"id": "P335967.l01a5d",
"ref": "P335967.4.4",
"inst": "pān[front]N",
"sig": "@saao/saa14%akk-x-neoass:IGI=pānu[front//front]N'N$pān",
"f": {"lang": "akk-x-neoass",
"form": "IGI",
"cf": "pānu",
"gw": "front",
"sense": "front",
"norm": "pān",
"pos": "N",
"epos": "N"}
}
,
{
"node": "l",
"frag": "{1}PAB-AD-u",
"id": "P335967.l01a5e",
"ref": "P335967.4.5",
"inst": "Ah-abu[1]PN$",
"sig": "@saao/saa14%akk-x-neoass:{1}PAB-AD-u=Ah-abu[1//1]PN'PN$Ah-abu",
"f": {"lang": "akk-x-neoass",
"form": "{1}PAB-AD-u",
"cf": "Ah-abu",
"gw": "1",
"sense": "1",
"norm": "Ah-abu",
"pos": "PN",
"epos": "PN"}
}
,
{
"node": "d",
"type": "nonx",
"ref": "P335967.5",
"strict": "0",
"extent": "1",
"scope": "impression",
"state": "other"}
,
{
"node": "d",
"type": "line-start",
"ref": "P335967.6",
"n": "4",
"label": "o 4"}
,
{
"node": "l",
"frag": "UD",
"id": "P335967.l01a5f",
"ref": "P335967.6.1",
"inst": "ūm[day]N",
"sig": "@saao/saa14%akk-x-neoass:UD=ūmu[day//day]N'N$ūm",
"f": {"lang": "akk-x-neoass",
"form": "UD",
"cf": "ūmu",
"gw": "day",
"sense": "day",
"norm": "ūm",
"pos": "N",
"epos": "N"}
}
,
{
"node": "l",
"frag": "30-KAM₂",
"id": "P335967.l01a60",
"ref": "P335967.6.2",
"inst": "n",
"f": {"lang": "akk-x-neoass",
"form": "30-KAM₂",
"pos": "n"}
}
,
{
"node": "l",
"frag": "ša₂",
"id": "P335967.l01a61",
"ref": "P335967.6.3",
"inst": "ša[of]DET",
"sig": "@saao/saa14%akk-x-neoass:ša₂=ša[of//of]DET'DET$ša",
"f": {"lang": "akk-x-neoass",
"form": "ša₂",
"cf": "ša",
"gw": "of",
"sense": "of",
"norm": "ša",
"pos": "DET",
"epos": "DET"}
}
,
{
"node": "l",
"frag": "{iti}DU₆",
"id": "P335967.l01a62",
"ref": "P335967.6.4",
"inst": "Tašriti[Tishri]MN",
"sig": "@saao/saa14%akk-x-neoass:{ITI}DU₆=Tašritu[Tishri//Tishri]MN'MN$Tašriti",
"f": {"lang": "akk-x-neoass",
"form": "{ITI}DU₆",
"cf": "Tašritu",
"gw": "Tishri",
"sense": "Tishri",
"norm": "Tašriti",
"pos": "MN",
"epos": "MN"}
}
,
{
"node": "l",
"frag": "KUG.UD",
"id": "P335967.l01a63",
"ref": "P335967.6.5",
"inst": "ṣarpi[silver]N",
"sig": "@saao/saa14%akk-x-neoass:KUG.UD=ṣarpu[silver//silver]N'N$ṣarpi",
"f": {"lang": "akk-x-neoass",
"form": "KUG.UD",
"cf": "ṣarpu",
"gw": "silver",
"sense": "silver",
"norm": "ṣarpi",
"pos": "N",
"epos": "N"}
}
,
{
"node": "l",
"frag": "SAG.DU",
"id": "P335967.l01a64",
"ref": "P335967.6.6",
"inst": "kaqqidi[original amount]N",
"sig": "@saao/saa14%akk-x-neoass:SAG.DU=qaqqadu[head//original amount]N'N$kaqqidi",
"f": {"lang": "akk-x-neoass",
"form": "SAG.DU",
"cf": "qaqqadu",
"gw": "head",
"sense": "original amount",
"norm": "kaqqidi",
"pos": "N",
"epos": "N"}
}
,
{
"node": "l",
"frag": "<SUM>",
"id": "P335967.l01a65",
"ref": "P335967.6.7",
"inst": "tadānu[give]V$iddan",
"sig": "@saao/saa14%akk-x-neoass:SUM=tadānu[give//give]V'V$iddan",
"f": {"lang": "akk-x-neoass",
"form": "SUM",
"cf": "tadānu",
"gw": "give",
"sense": "give",
"norm": "iddan",
"pos": "V",
"epos": "V"}
}
,
{
"node": "d",
"type": "line-start",
"ref": "P335967.7",
"n": "5",
"label": "o 5"}
,
{
"node": "l",
"frag": "šum₂-mu",
"id": "P335967.l01a66",
"ref": "P335967.7.1",
"inst": "šummu[if]MOD",
"sig": "@saao/saa14%akk-x-neoass:šum₂-mu=šumma[if//if]MOD'MOD$šummu",
"f": {"lang": "akk-x-neoass",
"form": "šum₂-mu",
"cf": "šumma",
"gw": "if",
"sense": "if",
"norm": "šummu",
"pos": "MOD",
"epos": "MOD"}
}
,
{
"node": "l",
"frag": "la",
"id": "P335967.l01a67",
"ref": "P335967.7.2",
"inst": "lā[not]MOD",
"sig": "@saao/saa14%akk-x-neoass:la=lā[not//not]MOD'MOD$lā",
"f": {"lang": "akk-x-neoass",
"form": "la",
"cf": "lā",
"gw": "not",
"sense": "not",
"norm": "lā",
"pos": "MOD",
"epos": "MOD"}
}
,
{
"node": "l",
"frag": "i-din",
"id": "P335967.l01a68",
"ref": "P335967.7.3",
"inst": "iddin[pay]V",
"sig": "@saao/saa14%akk-x-neoass:i-din=tadānu[give//pay]V'V$iddin",
"f": {"lang": "akk-x-neoass",
"form": "i-din",
"cf": "tadānu",
"gw": "give",
"sense": "pay",
"norm": "iddin",
"pos": "V",
"epos": "V"}
}
,
{
"node": "l",
"frag": "04",
"id": "P335967.l01a69",
"ref": "P335967.7.4",
"inst": "n",
"f": {"lang": "akk-x-neoass",
"form": "04",
"pos": "n"}
}
,
{
"node": "l",
"frag": "GIN₂",
"id": "P335967.l01a6a",
"ref": "P335967.7.5",
"inst": "šiqlī[a unit of weight]N",
"sig": "@saao/saa14%akk-x-neoass:GIN₂=šiqlu[unit//a unit of weight]N'N$šiqlī",
"f": {"lang": "akk-x-neoass",
"form": "GIN₂",
"cf": "šiqlu",
"gw": "unit",
"sense": "a unit of weight",
"norm": "šiqlī",
"pos": "N",
"epos": "N"}
}
,
{
"node": "l",
"frag": "KUG.UD",
"id": "P335967.l01a6b",
"ref": "P335967.7.6",
"inst": "ṣarpi[silver]N",
"sig": "@saao/saa14%akk-x-neoass:KUG.UD=ṣarpu[silver//silver]N'N$ṣarpi",
"f": {"lang": "akk-x-neoass",
"form": "KUG.UD",
"cf": "ṣarpu",
"gw": "silver",
"sense": "silver",
"norm": "ṣarpi",
"pos": "N",
"epos": "N"}
}
,
{
"node": "l",
"frag": "ša₂",
"id": "P335967.l01a6c",
"ref": "P335967.7.7",
"inst": "ša[per]'PRP",
"sig": "@saao/saa14%akk-x-neoass:ša₂=ša[of//per]DET'PRP$ša",
"f": {"lang": "akk-x-neoass",
"form": "ša₂",
"cf": "ša",
"gw": "of",
"sense": "per",
"norm": "ša",
"pos": "DET",
"epos": "PRP"}
}
,
{
"node": "l",
"frag": "ITI-šu₂",
"id": "P335967.l01a6d",
"ref": "P335967.7.8",
"inst": "urhīšu[month]N",
"sig": "@saao/saa14%akk-x-neoass:ITI-šu₂=arhu[month//month]N'N$urhīšu",
"f": {"lang": "akk-x-neoass",
"form": "ITI-šu₂",
"cf": "arhu",
"gw": "month",
"sense": "month",
"norm": "urhīšu",
"pos": "N",
"epos": "N"}
}
,
{
"node": "l",
"frag": "GAL-bi",
"id": "P335967.l01a6e",
"ref": "P335967.7.9",
"inst": "irabbi[increase]V",
"sig": "@saao/saa14%akk-x-neoass:GAL-bi=rabû[to be big//increase]V'V$irabbi",
"f": {"lang": "akk-x-neoass",
"form": "GAL-bi",
"cf": "rabû",
"gw": "to be big",
"sense": "increase",
"norm": "irabbi",
"pos": "V",
"epos": "V"}
}
,
{
"node": "d",
"type": "line-start",
"ref": "P335967.8",
"n": "6",
"label": "o 6"}
,
{
"node": "l",
"frag": "{1}{d}PA-PAB-AŠ",
"id": "P335967.l01a6f",
"ref": "P335967.8.1",
"inst": "Nabu-ahu-iddina[1]PN",
"sig": "@saao/saa14%akk-x-neoass:{1}{d}PA-PAB-AŠ=Nabu-ahu-iddina[1//1]PN'PN$Nabu-ahu-iddina",
"f": {"lang": "akk-x-neoass",
"form": "{1}{d}PA-PAB-AŠ",
"cf": "Nabu-ahu-iddina",
"gw": "1",
"sense": "1",
"norm": "Nabu-ahu-iddina",
"pos": "PN",
"epos": "PN"}
}
,
{
"node": "l",
"frag": "EN-ŠU.2",
"id": "P335967.l01a70",
"ref": "P335967.8.2",
"cof-tails": "P335967.l01a71",
"inst": "bēlu[lord]N$bēl&qātu[hand]N$qātāti",
"sig": "@saao/saa14%akk-x-neoass:EN-ŠU.2=bēlu[lord//lord]N'N$bēl&&@saao%akk-x-neoass:=qātu[hand//hand]N'N$qātāti",
"f": {"lang": "akk-x-neoass",
"form": "EN-ŠU.2",
"cf": "bēlu",
"gw": "lord",
"sense": "lord",
"norm": "bēl",
"pos": "N",
"epos": "N"}
}
,
{
"node": "l",
"frag": "EN-ŠU.2",
"id": "P335967.l01a71",
"ref": "P335967.8.2",
"cof-head": "P335967.l01a70",
"inst": "bēlu[lord]N$bēl&qātu[hand]N$qātāti",
"tail-sig": "@saao%akk-x-neoass:=qātu[hand//hand]N'N$qātāti",
"f": {"lang": "akk-x-neoass",
"form": "EN-ŠU.2",
"cf": "qātu",
"gw": "hand",
"sense": "hand",
"norm": "qātāti",
"pos": "N",
"epos": "N"}
}
,
{
"node": "l",
"frag": "ša₂",
"id": "P335967.l01a72",
"ref": "P335967.8.3",
"inst": "ša[of]DET",
"sig": "@saao/saa14%akk-x-neoass:ša₂=ša[of//of]DET'DET$ša",
"f": {"lang": "akk-x-neoass",
"form": "ša₂",
"cf": "ša",
"gw": "of",
"sense": "of",
"norm": "ša",
"pos": "DET",
"epos": "DET"}
}
,
{
"node": "l",
"frag": "KUG.UD",
"id": "P335967.l01a73",
"ref": "P335967.8.4",
"inst": "ṣarpi[silver]N",
"sig": "@saao/saa14%akk-x-neoass:KUG.UD=ṣarpu[silver//silver]N'N$ṣarpi",
"f": {"lang": "akk-x-neoass",
"form": "KUG.UD",
"cf": "ṣarpu",
"gw": "silver",
"sense": "silver",
"norm": "ṣarpi",
"pos": "N",
"epos": "N"}
}
,
{
"node": "d",
"type": "line-start",
"ref": "P335967.9",
"n": "7",
"label": "o 7"}
,
{
"node": "l",
"frag": "{iti}DU₆",
"id": "P335967.l01a74",
"ref": "P335967.9.1",
"inst": "Tašriti[Tishri]MN",
"sig": "@saao/saa14%akk-x-neoass:{ITI}DU₆=Tašritu[Tishri//Tishri]MN'MN$Tašriti",
"f": {"lang": "akk-x-neoass",
"form": "{ITI}DU₆",
"cf": "Tašritu",
"gw": "Tishri",
"sense": "Tishri",
"norm": "Tašriti",
"pos": "MN",
"epos": "MN"}
}
,
{
"node": "l",
"frag": "UD",
"id": "P335967.l01a75",
"ref": "P335967.9.2",
"inst": "ūm[day]N",
"sig": "@saao/saa14%akk-x-neoass:UD=ūmu[day//day]N'N$ūm",
"f": {"lang": "akk-x-neoass",
"form": "UD",
"cf": "ūmu",
"gw": "day",
"sense": "day",
"norm": "ūm",
"pos": "N",
"epos": "N"}
}
,
{
"node": "l",
"frag": "20-KAM₂",
"id": "P335967.l01a76",
"ref": "P335967.9.3",
"inst": "n",
"f": {"lang": "akk-x-neoass",
"form": "20-KAM₂",
"pos": "n"}
}
,
{
"node": "l",
"frag": "lim-mu",
"id": "P335967.l01a77",
"ref": "P335967.9.4",
"inst": "limmu[eponym (of year)]N",
"sig": "@saao/saa14%akk-x-neoass:lim-mu=līmu[eponym (of year)//eponym (of year)]N'N$limmu",
"f": {"lang": "akk-x-neoass",
"form": "lim-mu",
"cf": "līmu",
"gw": "eponym (of year)",
"sense": "eponym (of year)",
"norm": "limmu",
"pos": "N",
"epos": "N"}
}
,
{
"node": "l",
"frag": "{1}gab-ba-ri",
"id": "P335967.l01a78",
"ref": "P335967.9.5",
"inst": "Gabbaru[1]PN$Gabbari",
"sig": "@saao/saa14%akk-x-neoass:{1}gab-ba-ri=Gabbaru[1//1]PN'PN$Gabbari",
"f": {"lang": "akk-x-neoass",
"form": "{1}gab-ba-ri",
"cf": "Gabbaru",
"gw": "1",
"sense": "1",
"norm": "Gabbari",
"pos": "PN",
"epos": "PN"}
}
,
{
"node": "d",
"subtype": "reverse",
"type": "surface",
"ref": "P335967.r.10",
"type": "reverse",
"label": "r"}
,
{
"node": "d",
"type": "line-start",
"ref": "P335967.11",
"n": "1",
"label": "r 1"}
,
{
"node": "l",
"frag": "IGI",
"id": "P335967.l01a79",
"ref": "P335967.11.1",
"inst": "šību[witness]N",
"sig": "@saao/saa14%akk-x-neoass:IGI=šību[witness//witness]N'N$šību",
"f": {"lang": "akk-x-neoass",
"form": "IGI",
"cf": "šību",
"gw": "witness",
"sense": "witness",
"norm": "šību",
"pos": "N",
"epos": "N"}
}
,
{
"node": "l",
"frag": "{1}na-ni-i",
"id": "P335967.l01a7a",
"ref": "P335967.11.2",
"inst": "Nani[1]PN",
"sig": "@saao/saa14%akk-x-neoass:{1}na-ni-i=Nani[1//1]PN'PN$Nani",
"f": {"lang": "akk-x-neoass",
"form": "{1}na-ni-i",
"cf": "Nani",
"gw": "1",
"sense": "1",
"norm": "Nani",
"pos": "PN",
"epos": "PN"}
}
,
{
"node": "l",
"frag": "IGI",
"id": "P335967.l01a7b",
"ref": "P335967.11.3",
"inst": "šību[witness]N",
"sig": "@saao/saa14%akk-x-neoass:IGI=šību[witness//witness]N'N$šību",
"f": {"lang": "akk-x-neoass",
"form": "IGI",
"cf": "šību",
"gw": "witness",
"sense": "witness",
"norm": "šību",
"pos": "N",
"epos": "N"}
}
,
{
"node": "l",
"frag": "{1}{d}GIŠ-GIBIL-šak-šid",
"id": "P335967.l01a7c",
"ref": "P335967.11.4",
"inst": "Gilgameš-edašu-šakšid[1]PN$",
"sig": "@saao/saa14%akk-x-neoass:{1}{d}GIŠ-GIBIL-šak-šid=Gilgameš-edašu-šakšid[1//1]PN'PN$Gilgameš-edašu-šakšid",
"f": {"lang": "akk-x-neoass",
"form": "{1}{d}GIŠ-GIBIL-šak-šid",
"cf": "Gilgameš-edašu-šakšid",
"gw": "1",
"sense": "1",
"norm": "Gilgameš-edašu-šakšid",
"pos": "PN",
"epos": "PN"}
}
,
{
"node": "d",
"type": "line-start",
"ref": "P335967.12",
"n": "2",
"label": "r 2"}
,
{
"node": "l",
"frag": "⸢IGI",
"id": "P335967.l01a7d",
"ref": "P335967.12.1",
"inst": "šību[witness]N",
"sig": "@saao/saa14%akk-x-neoass:IGI=šību[witness//witness]N'N$šību",
"f": {"lang": "akk-x-neoass",
"form": "IGI",
"cf": "šību",
"gw": "witness",
"sense": "witness",
"norm": "šību",
"pos": "N",
"epos": "N"}
}
,
{
"node": "l",
"frag": "{1}man-nu-ka-se-eʾ",
"id": "P335967.l01a7e",
"ref": "P335967.12.2",
"inst": "Mannu-ka-Seʾ[1]PN$",
"sig": "@saao/saa14%akk-x-neoass:{1}man-nu-ka-se-eʾ=Mannu-ka-Seʾ[1//1]PN'PN$Mannu-ka-Seʾ",
"f": {"lang": "akk-x-neoass",
"form": "{1}man-nu-ka-se-eʾ",
"cf": "Mannu-ka-Seʾ",
"gw": "1",
"sense": "1",
"norm": "Mannu-ka-Seʾ",
"pos": "PN",
"epos": "PN"}
}
,
{
"node": "l",
"frag": "{lu₂v}[SIMUG].KUG.GI",
"id": "P335967.l01a7f",
"ref": "P335967.12.3",
"inst": "ṣarrāpu[goldsmith]N",
"sig": "@saao/saa14%akk-x-neoass:{LU₂}SIMUG.KUG.GI=ṣarrāpu[goldsmith//goldsmith]N'N$ṣarrāpu",
"f": {"lang": "akk-x-neoass",
"form": "{LU₂}SIMUG.KUG.GI",
"cf": "ṣarrāpu",
"gw": "goldsmith",
"sense": "goldsmith",
"norm": "ṣarrāpu",
"pos": "N",
"epos": "N"}
}
,
{
"node": "d",
"type": "line-start",
"ref": "P335967.13",
"n": "3",
"label": "r 3"}
,
{
"node": "l",
"frag": "[IGI",
"id": "P335967.l01a80",
"ref": "P335967.13.1",
"inst": "šību[witness]N",
"sig": "@saao/saa14%akk-x-neoass:IGI=šību[witness//witness]N'N$šību",
"f": {"lang": "akk-x-neoass",
"form": "IGI",
"cf": "šību",
"gw": "witness",
"sense": "witness",
"norm": "šību",
"pos": "N",
"epos": "N"}
}
,
{
"node": "l",
"frag": "{1}x]+⸢x⸣-li-i",
"id": "P335967.l01a81",
"ref": "P335967.13.2",
"inst": "u",
"f": {"lang": "akk-x-neoass",
"form": "{1}x+x-li-i",
"pos": "u"}
}
,
{
"node": "d",
"type": "nonx",
"ref": "P335967.14",
"strict": "0",
"extent": "1",
"scope": "impression",
"state": "other"}
]}
]}
]}
]}
