{
"type": "cdl",
  "source": "http://oracc.org/saao/saa14",
  "license": "This data is released under the CC0 license",
  "license-url": "https://creativecommons.org/publicdomain/zero/1.0/",
  "more-info": "http://oracc.org/doc/opendata/",
  "UTC-timestamp": "2017-05-19T11:50:15",
"project": "saao/saa14",
"textid": "P335972",
"cdl": [
{
"node": "c",
"type": "text",
"id": "P335972.U0",
"cdl": [
{
"node": "d",
"type": "object",
"ref": ""}
,
{
"node": "d",
"subtype": "obverse",
"type": "surface",
"ref": "P335972.o.1",
"type": "obverse",
"label": "o"}
,
{
"node": "c",
"type": "discourse",
"subtype": "body",
"id": "P335972.U1",
"cdl": [
{
"node": "c",
"type": "sentence",
"id": "P335972.U2",
"label": "o 1 - e. 1",
"cdl": [
{
"node": "d",
"type": "line-start",
"ref": "P335972.2",
"n": "1",
"label": "o 1"}
,
{
"node": "l",
"frag": "{na₄}KIŠIB",
"id": "P335972.l01cf8",
"ref": "P335972.2.1",
"inst": "kunukku[seal]N",
"sig": "@saao/saa14%akk-x-neoass:{NA₄}KIŠIB=kunukku[seal//seal]N'N$kunukku",
"f": {"lang": "akk-x-neoass",
"form": "{NA₄}KIŠIB",
"cf": "kunukku",
"gw": "seal",
"sense": "seal",
"norm": "kunukku",
"pos": "N",
"epos": "N"}
}
,
{
"node": "l",
"frag": "{1}{d}[aš-šur-AŠ]",
"id": "P335972.l01cf9",
"ref": "P335972.2.2",
"inst": "Aššur-iddina[1]PN$",
"sig": "@saao/saa14%akk-x-neoass:{1}{d}aš-šur-AŠ=Aššur-iddina[1//1]PN'PN$Aššur-iddina",
"f": {"lang": "akk-x-neoass",
"form": "{1}{d}aš-šur-AŠ",
"cf": "Aššur-iddina",
"gw": "1",
"sense": "1",
"norm": "Aššur-iddina",
"pos": "PN",
"epos": "PN"}
}
,
{
"node": "d",
"type": "line-start",
"ref": "P335972.3",
"n": "2",
"label": "o 2"}
,
{
"node": "l",
"frag": "01",
"id": "P335972.l01cfa",
"ref": "P335972.3.1",
"inst": "n",
"f": {"lang": "akk-x-neoass",
"form": "01",
"pos": "n"}
}
,
{
"node": "l",
"frag": "MA.NA",
"id": "P335972.l01cfb",
"ref": "P335972.3.2",
"inst": "manû[a unit of weight]N",
"sig": "@saao/saa14%akk-x-neoass:MA.NA=manû[unit//a unit of weight]N'N$manû",
"f": {"lang": "akk-x-neoass",
"form": "MA.NA",
"cf": "manû",
"gw": "unit",
"sense": "a unit of weight",
"norm": "manû",
"pos": "N",
"epos": "N"}
}
,
{
"node": "l",
"frag": "KUG.UD",
"id": "P335972.l01cfc",
"ref": "P335972.3.3",
"inst": "ṣarpi[silver]N",
"sig": "@saao/saa14%akk-x-neoass:KUG.UD=ṣarpu[silver//silver]N'N$ṣarpi",
"f": {"lang": "akk-x-neoass",
"form": "KUG.UD",
"cf": "ṣarpu",
"gw": "silver",
"sense": "silver",
"norm": "ṣarpi",
"pos": "N",
"epos": "N"}
}
,
{
"node": "l",
"frag": "⸢SAG⸣.[DU]",
"id": "P335972.l01cfd",
"ref": "P335972.3.4",
"inst": "kaqqudu[capital]N",
"sig": "@saao/saa14%akk-x-neoass:SAG.DU=qaqqadu[head//capital]N'N$kaqqudu",
"f": {"lang": "akk-x-neoass",
"form": "SAG.DU",
"cf": "qaqqadu",
"gw": "head",
"sense": "capital",
"norm": "kaqqudu",
"pos": "N",
"epos": "N"}
}
,
{
"node": "d",
"type": "line-start",
"ref": "P335972.4",
"n": "3",
"label": "o 3"}
,
{
"node": "l",
"frag": "ša",
"id": "P335972.l01cfe",
"ref": "P335972.4.1",
"inst": "ša[of]DET",
"sig": "@saao/saa14%akk-x-neoass:ša=ša[of//of]DET'DET$ša",
"f": {"lang": "akk-x-neoass",
"form": "ša",
"cf": "ša",
"gw": "of",
"sense": "of",
"norm": "ša",
"pos": "DET",
"epos": "DET"}
}
,
{
"node": "l",
"frag": "{1}DUG₃-IM-aš-⸢šur⸣",
"id": "P335972.l01cff",
"ref": "P335972.4.2",
"inst": "Ṭab-šar-Aššur[1]PN",
"sig": "@saao/saa14%akk-x-neoass:{1}DUG₃-IM-aš-šur=Ṭab-šar-Aššur[1//1]PN'PN$Ṭab-šar-Aššur",
"f": {"lang": "akk-x-neoass",
"form": "{1}DUG₃-IM-aš-šur",
"cf": "Ṭab-šar-Aššur",
"gw": "1",
"sense": "1",
"norm": "Ṭab-šar-Aššur",
"pos": "PN",
"epos": "PN"}
}
,
{
"node": "d",
"type": "line-start",
"ref": "P335972.5",
"n": "4",
"label": "o 4"}
,
{
"node": "l",
"frag": "ina",
"id": "P335972.l01d00",
"ref": "P335972.5.1",
"inst": "ina[in+=at the disposal of]PRP",
"sig": "@saao/saa14%akk-x-neoass:ina=ina[in//in]PRP'PRP$ina",
"f": {"lang": "akk-x-neoass",
"form": "ina",
"cf": "ina",
"gw": "in",
"sense": "in",
"norm": "ina",
"pos": "PRP",
"epos": "PRP"}
}
,
{
"node": "l",
"frag": "IGI",
"id": "P335972.l01d01",
"ref": "P335972.5.2",
"inst": "pān[front]N",
"sig": "@saao/saa14%akk-x-neoass:IGI=pānu[front//front]N'N$pān",
"f": {"lang": "akk-x-neoass",
"form": "IGI",
"cf": "pānu",
"gw": "front",
"sense": "front",
"norm": "pān",
"pos": "N",
"epos": "N"}
}
,
{
"node": "l",
"frag": "{1}aš-šur-AŠ",
"id": "P335972.l01d02",
"ref": "P335972.5.3",
"inst": "Aššur-iddin[1]PN",
"sig": "@saao/saa14%akk-x-neoass:{1}aš-šur-AŠ=Aššur-iddin[1//1]PN'PN$Aššur-iddin",
"f": {"lang": "akk-x-neoass",
"form": "{1}aš-šur-AŠ",
"cf": "Aššur-iddin",
"gw": "1",
"sense": "1",
"norm": "Aššur-iddin",
"pos": "PN",
"epos": "PN"}
}
,
{
"node": "d",
"type": "line-start",
"ref": "P335972.6",
"n": "5",
"label": "o 5"}
,
{
"node": "l",
"frag": "KUG.UD",
"id": "P335972.l01d03",
"ref": "P335972.6.1",
"inst": "ṣarpu[silver]N",
"sig": "@saao/saa14%akk-x-neoass:KUG.UD=ṣarpu[silver//silver]N'N$ṣarpi",
"f": {"lang": "akk-x-neoass",
"form": "KUG.UD",
"cf": "ṣarpu",
"gw": "silver",
"sense": "silver",
"norm": "ṣarpi",
"pos": "N",
"epos": "N"}
}
,
{
"node": "l",
"frag": "a-na",
"id": "P335972.l01d04",
"ref": "P335972.6.2",
"inst": "ana[by]PRP",
"sig": "@saao/saa14%akk-x-neoass:a-na=ana[to//by]PRP'PRP$ana",
"f": {"lang": "akk-x-neoass",
"form": "a-na",
"cf": "ana",
"gw": "to",
"sense": "by",
"norm": "ana",
"pos": "PRP",
"epos": "PRP"}
}
,
{
"node": "l",
"frag": "04-ut-ti-šu₂",
"id": "P335972.l01d05",
"ref": "P335972.6.3",
"inst": "rabuttīšu[fourth]NU",
"sig": "@saao/saa14%akk-x-neoass:04-ut-ti-šu₂=rebû[fourth//fourth]NU'NU$rabuttīšu",
"f": {"lang": "akk-x-neoass",
"form": "04-ut-ti-šu₂",
"cf": "rebû",
"gw": "fourth",
"sense": "fourth",
"norm": "rabuttīšu",
"pos": "NU",
"epos": "NU"}
}
,
{
"node": "d",
"type": "line-start",
"ref": "P335972.7",
"n": "6",
"label": "o 6"}
,
{
"node": "l",
"frag": "i-rab-bi",
"id": "P335972.l01d06",
"ref": "P335972.7.1",
"inst": "irabbi[increase]V",
"sig": "@saao/saa14%akk-x-neoass:i-rab-bi=rabû[to be big//increase]V'V$irabbi",
"f": {"lang": "akk-x-neoass",
"form": "i-rab-bi",
"cf": "rabû",
"gw": "to be big",
"sense": "increase",
"norm": "irabbi",
"pos": "V",
"epos": "V"}
}
,
{
"node": "d",
"subtype": "bottom",
"type": "surface",
"ref": "P335972.b.e..8",
"type": "bottom",
"label": "b.e."}
,
{
"node": "d",
"type": "line-start",
"ref": "P335972.9",
"n": "7",
"label": "b.e. 7"}
,
{
"node": "l",
"frag": "IGI",
"id": "P335972.l01d07",
"ref": "P335972.9.1",
"inst": "šību[witness]N",
"sig": "@saao/saa14%akk-x-neoass:IGI=šību[witness//witness]N'N$šību",
"f": {"lang": "akk-x-neoass",
"form": "IGI",
"cf": "šību",
"gw": "witness",
"sense": "witness",
"norm": "šību",
"pos": "N",
"epos": "N"}
}
,
{
"node": "l",
"frag": "{1}{d}PA-u-a",
"id": "P335972.l01d08",
"ref": "P335972.9.2",
"inst": "Nabuʾa[1]PN",
"sig": "@saao/saa14%akk-x-neoass:{1}{d}PA-u-a=Nabuʾa[1//1]PN'PN$Nabuʾa",
"f": {"lang": "akk-x-neoass",
"form": "{1}{d}PA-u-a",
"cf": "Nabuʾa",
"gw": "1",
"sense": "1",
"norm": "Nabuʾa",
"pos": "PN",
"epos": "PN"}
}
,
{
"node": "d",
"type": "line-start",
"ref": "P335972.10",
"n": "8",
"label": "b.e. 8"}
,
{
"node": "l",
"frag": "IGI",
"id": "P335972.l01d09",
"ref": "P335972.10.1",
"inst": "šību[witness]N",
"sig": "@saao/saa14%akk-x-neoass:IGI=šību[witness//witness]N'N$šību",
"f": {"lang": "akk-x-neoass",
"form": "IGI",
"cf": "šību",
"gw": "witness",
"sense": "witness",
"norm": "šību",
"pos": "N",
"epos": "N"}
}
,
{
"node": "l",
"frag": "{1}U.U-iq-bi",
"id": "P335972.l01d0a",
"ref": "P335972.10.2",
"inst": "Dadi-iqbi[1]PN",
"sig": "@saao/saa14%akk-x-neoass:{1}U.U-iq-bi=Dadi-iqbi[1//1]PN'PN$Dadi-iqbi",
"f": {"lang": "akk-x-neoass",
"form": "{1}U.U-iq-bi",
"cf": "Dadi-iqbi",
"gw": "1",
"sense": "1",
"norm": "Dadi-iqbi",
"pos": "PN",
"epos": "PN"}
}
,
{
"node": "d",
"subtype": "reverse",
"type": "surface",
"ref": "P335972.r.11",
"type": "reverse",
"label": "r"}
,
{
"node": "d",
"type": "line-start",
"ref": "P335972.12",
"n": "1",
"label": "r 1"}
,
{
"node": "l",
"frag": "IGI",
"id": "P335972.l01d0b",
"ref": "P335972.12.1",
"inst": "šību[witness]N",
"sig": "@saao/saa14%akk-x-neoass:IGI=šību[witness//witness]N'N$šību",
"f": {"lang": "akk-x-neoass",
"form": "IGI",
"cf": "šību",
"gw": "witness",
"sense": "witness",
"norm": "šību",
"pos": "N",
"epos": "N"}
}
,
{
"node": "l",
"frag": "{1}{d}PA-na-⸢din⸣-PAB-MEŠ",
"id": "P335972.l01d0c",
"ref": "P335972.12.2",
"inst": "Nabu-nadin-ahhe[1]PN$",
"sig": "@saao/saa14%akk-x-neoass:{1}{d}PA-na-din-PAB-MEŠ=Nabu-nadin-ahhe[1//1]PN'PN$Nabu-nadin-ahhe",
"f": {"lang": "akk-x-neoass",
"form": "{1}{d}PA-na-din-PAB-MEŠ",
"cf": "Nabu-nadin-ahhe",
"gw": "1",
"sense": "1",
"norm": "Nabu-nadin-ahhe",
"pos": "PN",
"epos": "PN"}
}
,
{
"node": "d",
"type": "line-start",
"ref": "P335972.13",
"n": "2",
"label": "r 2"}
,
{
"node": "l",
"frag": "IGI",
"id": "P335972.l01d0d",
"ref": "P335972.13.1",
"inst": "šību[witness]N",
"sig": "@saao/saa14%akk-x-neoass:IGI=šību[witness//witness]N'N$šību",
"f": {"lang": "akk-x-neoass",
"form": "IGI",
"cf": "šību",
"gw": "witness",
"sense": "witness",
"norm": "šību",
"pos": "N",
"epos": "N"}
}
,
{
"node": "l",
"frag": "{1}ha-bur-{d}15",
"id": "P335972.l01d0e",
"ref": "P335972.13.2",
"inst": "Habbur-Issar[1]PN$",
"sig": "@saao/saa14%akk-x-neoass:{1}ha-bur-{d}15=Habbur-Issar[1//1]PN'PN$Habbur-Issar",
"f": {"lang": "akk-x-neoass",
"form": "{1}ha-bur-{d}15",
"cf": "Habbur-Issar",
"gw": "1",
"sense": "1",
"norm": "Habbur-Issar",
"pos": "PN",
"epos": "PN"}
}
,
{
"node": "d",
"type": "line-start",
"ref": "P335972.14",
"n": "3",
"label": "r 3"}
,
{
"node": "l",
"frag": "IGI",
"id": "P335972.l01d0f",
"ref": "P335972.14.1",
"inst": "šību[witness]N",
"sig": "@saao/saa14%akk-x-neoass:IGI=šību[witness//witness]N'N$šību",
"f": {"lang": "akk-x-neoass",
"form": "IGI",
"cf": "šību",
"gw": "witness",
"sense": "witness",
"norm": "šību",
"pos": "N",
"epos": "N"}
}
,
{
"node": "l",
"frag": "{1}{d}30--I",
"id": "P335972.l01d10",
"ref": "P335972.14.2",
"inst": "Sin-naʾdi[1]PN",
"sig": "@saao/saa14%akk-x-neoass:{1}{d}30-I=Sin-naʾdi[1//1]PN'PN$Sin-naʾdi",
"f": {"lang": "akk-x-neoass",
"form": "{1}{d}30-I",
"cf": "Sin-naʾdi",
"gw": "1",
"sense": "1",
"norm": "Sin-naʾdi",
"pos": "PN",
"epos": "PN"}
}
,
{
"node": "d",
"type": "line-start",
"ref": "P335972.15",
"n": "4",
"label": "r 4"}
,
{
"node": "l",
"frag": "IGI",
"id": "P335972.l01d11",
"ref": "P335972.15.1",
"inst": "šību[witness]N",
"sig": "@saao/saa14%akk-x-neoass:IGI=šību[witness//witness]N'N$šību",
"f": {"lang": "akk-x-neoass",
"form": "IGI",
"cf": "šību",
"gw": "witness",
"sense": "witness",
"norm": "šību",
"pos": "N",
"epos": "N"}
}
,
{
"node": "l",
"frag": "{1}{[d]}⸢U.GUR⸣-PAB-PAB",
"id": "P335972.l01d12",
"ref": "P335972.15.2",
"inst": "Nergal-ahu-uṣur[1]PN",
"sig": "@saao/saa14%akk-x-neoass:{1}{d}U.GUR-PAB-PAB=Nergal-ahu-uṣur[1//1]PN'PN$Nergal-ahu-uṣur",
"f": {"lang": "akk-x-neoass",
"form": "{1}{d}U.GUR-PAB-PAB",
"cf": "Nergal-ahu-uṣur",
"gw": "1",
"sense": "1",
"norm": "Nergal-ahu-uṣur",
"pos": "PN",
"epos": "PN"}
}
,
{
"node": "d",
"type": "line-start",
"ref": "P335972.16",
"n": "5",
"label": "r 5"}
,
{
"node": "l",
"frag": "IGI",
"id": "P335972.l01d13",
"ref": "P335972.16.1",
"inst": "šību[witness]N",
"sig": "@saao/saa14%akk-x-neoass:IGI=šību[witness//witness]N'N$šību",
"f": {"lang": "akk-x-neoass",
"form": "IGI",
"cf": "šību",
"gw": "witness",
"sense": "witness",
"norm": "šību",
"pos": "N",
"epos": "N"}
}
,
{
"node": "l",
"frag": "{1}{⸢d}PA⸣-PAB-⸢x⸣+[x]",
"id": "P335972.l01d14",
"ref": "P335972.16.2",
"inst": "u",
"f": {"lang": "akk-x-neoass",
"form": "{1}{d}PA-PAB-x+x",
"pos": "u"}
}
,
{
"node": "d",
"type": "line-start",
"ref": "P335972.17",
"n": "6",
"label": "r 6"}
,
{
"node": "l",
"frag": "{iti}DUL",
"id": "P335972.l01d15",
"ref": "P335972.17.1",
"inst": "Tašriti[Tishri]MN",
"sig": "@saao/saa14%akk-x-neoass:{ITI}DUL=Tašritu[Tishri//Tishri]MN'MN$Tašriti",
"f": {"lang": "akk-x-neoass",
"form": "{ITI}DUL",
"cf": "Tašritu",
"gw": "Tishri",
"sense": "Tishri",
"norm": "Tašriti",
"pos": "MN",
"epos": "MN"}
}
,
{
"node": "l",
"frag": "UD",
"id": "P335972.l01d16",
"ref": "P335972.17.2",
"inst": "ūm[day]N",
"sig": "@saao/saa14%akk-x-neoass:UD=ūmu[day//day]N'N$ūm",
"f": {"lang": "akk-x-neoass",
"form": "UD",
"cf": "ūmu",
"gw": "day",
"sense": "day",
"norm": "ūm",
"pos": "N",
"epos": "N"}
}
,
{
"node": "l",
"frag": "11-⸢KAM₂⸣",
"id": "P335972.l01d17",
"ref": "P335972.17.3",
"inst": "n",
"f": {"lang": "akk-x-neoass",
"form": "11-KAM₂",
"pos": "n"}
}
,
{
"node": "d",
"type": "line-start",
"ref": "P335972.18",
"n": "7",
"label": "r 7"}
,
{
"node": "l",
"frag": "lim-me",
"id": "P335972.l01d18",
"ref": "P335972.18.1",
"inst": "limme[eponym (of year)]N",
"sig": "@saao/saa14%akk-x-neoass:lim-me=līmu[eponym (of year)//eponym (of year)]N'N$limme",
"f": {"lang": "akk-x-neoass",
"form": "lim-me",
"cf": "līmu",
"gw": "eponym (of year)",
"sense": "eponym (of year)",
"norm": "limme",
"pos": "N",
"epos": "N"}
}
,
{
"node": "l",
"frag": "{1}a-⸢u₂⸣-[ia-nu]",
"id": "P335972.l01d19",
"ref": "P335972.18.2",
"inst": "Awianu[1]PN$",
"sig": "@saao/saa14%akk-x-neoass:{1}a-u₂-ia-nu=Awianu[1//1]PN'PN$Awianu",
"f": {"lang": "akk-x-neoass",
"form": "{1}a-u₂-ia-nu",
"cf": "Awianu",
"gw": "1",
"sense": "1",
"norm": "Awianu",
"pos": "PN",
"epos": "PN"}
}
,
{
"node": "d",
"subtype": "right",
"type": "surface",
"ref": "P335972.r.e..19",
"type": "right",
"label": "r.e."}
,
{
"node": "d",
"type": "line-start",
"ref": "P335972.20",
"n": "8",
"label": "r.e. 8"}
,
{
"node": "l",
"frag": "IGI",
"id": "P335972.l01d1a",
"ref": "P335972.20.1",
"inst": "šību[witness]N",
"sig": "@saao/saa14%akk-x-neoass:IGI=šību[witness//witness]N'N$šību",
"f": {"lang": "akk-x-neoass",
"form": "IGI",
"cf": "šību",
"gw": "witness",
"sense": "witness",
"norm": "šību",
"pos": "N",
"epos": "N"}
}
,
{
"node": "l",
"frag": "{1}ud-[x",
"id": "P335972.l01d1b",
"ref": "P335972.20.2",
"inst": "u",
"f": {"lang": "akk-x-neoass",
"form": "{1}ud-x",
"pos": "u"}
}
,
{
"node": "l",
"frag": "x",
"id": "P335972.l01d1c",
"ref": "P335972.20.3",
"inst": "u",
"f": {"lang": "akk-x-neoass",
"form": "x",
"pos": "u"}
}
,
{
"node": "l",
"frag": "x]",
"id": "P335972.l01d1d",
"ref": "P335972.20.4",
"inst": "u",
"f": {"lang": "akk-x-neoass",
"form": "x",
"pos": "u"}
}
,
{
"node": "d",
"subtype": "edge",
"type": "surface",
"ref": "P335972.e..21",
"type": "edge",
"label": "e."}
,
{
"node": "d",
"type": "line-start",
"ref": "P335972.22",
"n": "1",
"label": "e. 1"}
,
{
"node": "l",
"frag": "IGI",
"id": "P335972.l01d1e",
"ref": "P335972.22.1",
"inst": "šību[witness]N",
"sig": "@saao/saa14%akk-x-neoass:IGI=šību[witness//witness]N'N$šību",
"f": {"lang": "akk-x-neoass",
"form": "IGI",
"cf": "šību",
"gw": "witness",
"sense": "witness",
"norm": "šību",
"pos": "N",
"epos": "N"}
}
,
{
"node": "l",
"frag": "{1}BAD₃-10",
"id": "P335972.l01d1f",
"ref": "P335972.22.2",
"inst": "Duri-Adad[1]PN",
"sig": "@saao/saa14%akk-x-neoass:{1}BAD₃-10=Duri-Adad[1//1]PN'PN$Duri-Adad",
"f": {"lang": "akk-x-neoass",
"form": "{1}BAD₃-10",
"cf": "Duri-Adad",
"gw": "1",
"sense": "1",
"norm": "Duri-Adad",
"pos": "PN",
"epos": "PN"}
}
]}
]}
]}
]}
