{
"type": "cdl",
  "source": "http://oracc.org/saao/saa14",
  "license": "This data is released under the CC0 license",
  "license-url": "https://creativecommons.org/publicdomain/zero/1.0/",
  "more-info": "http://oracc.org/doc/opendata/",
  "UTC-timestamp": "2017-05-19T11:50:16",
"project": "saao/saa14",
"textid": "P335984",
"cdl": [
{
"node": "c",
"type": "text",
"id": "P335984.U0",
"cdl": [
{
"node": "d",
"type": "object",
"ref": ""}
,
{
"node": "d",
"subtype": "obverse",
"type": "surface",
"ref": "P335984.o.1",
"type": "obverse",
"label": "o"}
,
{
"node": "d",
"type": "nonx",
"ref": "P335984.2",
"strict": "0",
"extent": "beginning",
"state": "missing"}
,
{
"node": "c",
"type": "discourse",
"subtype": "body",
"id": "P335984.U1",
"cdl": [
{
"node": "c",
"type": "sentence",
"id": "P335984.U2",
"label": "o 1' - o 5'",
"cdl": [
{
"node": "d",
"type": "line-start",
"ref": "P335984.3",
"n": "1'",
"label": "o 1'"}
,
{
"node": "l",
"frag": "{[na₄}KIŠIB",
"id": "P335984.l0664f",
"ref": "P335984.3.1",
"inst": "kunukku[seal]N",
"sig": "@saao/saa14%akk-x-neoass:{NA₄}KIŠIB=kunukku[seal//seal]N'N$kunukku",
"f": {"lang": "akk-x-neoass",
"form": "{NA₄}KIŠIB",
"cf": "kunukku",
"gw": "seal",
"sense": "seal",
"norm": "kunukku",
"pos": "N",
"epos": "N"}
}
,
{
"node": "l",
"frag": "{1}mil]-ki-im-[me-e]",
"id": "P335984.l06650",
"ref": "P335984.3.2",
"inst": "Milki-immi[1]PN$",
"sig": "@saao/saa14%akk-x-neoass:{1}mil-ki-im-me-e=Milki-immi[1//1]PN'PN$Milki-immi",
"f": {"lang": "akk-x-neoass",
"form": "{1}mil-ki-im-me-e",
"cf": "Milki-immi",
"gw": "1",
"sense": "1",
"norm": "Milki-immi",
"pos": "PN",
"epos": "PN"}
}
,
{
"node": "d",
"type": "line-start",
"ref": "P335984.4",
"n": "2'",
"label": "o 2'"}
,
{
"node": "l",
"frag": "[x",
"id": "P335984.l06651",
"ref": "P335984.4.1",
"inst": "u",
"f": {"lang": "akk-x-neoass",
"form": "x",
"pos": "u"}
}
,
{
"node": "l",
"frag": "x",
"id": "P335984.l06652",
"ref": "P335984.4.2",
"inst": "u",
"f": {"lang": "akk-x-neoass",
"form": "x",
"pos": "u"}
}
,
{
"node": "l",
"frag": "x]",
"id": "P335984.l06653",
"ref": "P335984.4.3",
"inst": "u",
"f": {"lang": "akk-x-neoass",
"form": "x",
"pos": "u"}
}
,
{
"node": "l",
"frag": "⸢x",
"id": "P335984.l06654",
"ref": "P335984.4.4",
"inst": "u",
"f": {"lang": "akk-x-neoass",
"form": "x",
"pos": "u"}
}
,
{
"node": "l",
"frag": "x⸣",
"id": "P335984.l06655",
"ref": "P335984.4.5",
"inst": "u",
"f": {"lang": "akk-x-neoass",
"form": "x",
"pos": "u"}
}
,
{
"node": "l",
"frag": "gi",
"id": "P335984.l06656",
"ref": "P335984.4.6",
"inst": "u",
"f": {"lang": "akk-x-neoass",
"form": "gi",
"pos": "u"}
}
,
{
"node": "l",
"frag": "[x",
"id": "P335984.l06657",
"ref": "P335984.4.7",
"inst": "u",
"f": {"lang": "akk-x-neoass",
"form": "x",
"pos": "u"}
}
,
{
"node": "l",
"frag": "x",
"id": "P335984.l06658",
"ref": "P335984.4.8",
"inst": "u",
"f": {"lang": "akk-x-neoass",
"form": "x",
"pos": "u"}
}
,
{
"node": "l",
"frag": "x",
"id": "P335984.l06659",
"ref": "P335984.4.9",
"inst": "u",
"f": {"lang": "akk-x-neoass",
"form": "x",
"pos": "u"}
}
,
{
"node": "l",
"frag": "x]",
"id": "P335984.l0665a",
"ref": "P335984.4.10",
"inst": "u",
"f": {"lang": "akk-x-neoass",
"form": "x",
"pos": "u"}
}
,
{
"node": "d",
"type": "nonx",
"ref": "P335984.5",
"strict": "1",
"extent": "n",
"scope": "line",
"state": "ruling"}
,
{
"node": "d",
"type": "nonx",
"ref": "P335984.6",
"strict": "0",
"extent": "1",
"scope": "impression",
"state": "other"}
,
{
"node": "d",
"type": "nonx",
"ref": "P335984.7",
"strict": "1",
"extent": "n",
"scope": "line",
"state": "ruling"}
,
{
"node": "d",
"type": "line-start",
"ref": "P335984.8",
"n": "3'",
"label": "o 3'"}
,
{
"node": "l",
"frag": "[x",
"id": "P335984.l0665b",
"ref": "P335984.8.1",
"inst": "u",
"f": {"lang": "akk-x-neoass",
"form": "x",
"pos": "u"}
}
,
{
"node": "l",
"frag": "x",
"id": "P335984.l0665c",
"ref": "P335984.8.2",
"inst": "u",
"f": {"lang": "akk-x-neoass",
"form": "x",
"pos": "u"}
}
,
{
"node": "l",
"frag": "x",
"id": "P335984.l0665d",
"ref": "P335984.8.3",
"inst": "u",
"f": {"lang": "akk-x-neoass",
"form": "x",
"pos": "u"}
}
,
{
"node": "l",
"frag": "x",
"id": "P335984.l0665e",
"ref": "P335984.8.4",
"inst": "u",
"f": {"lang": "akk-x-neoass",
"form": "x",
"pos": "u"}
}
,
{
"node": "l",
"frag": "x]+⸢x⸣",
"id": "P335984.l0665f",
"ref": "P335984.8.5",
"inst": "u",
"f": {"lang": "akk-x-neoass",
"form": "x+x",
"pos": "u"}
}
,
{
"node": "l",
"frag": "20",
"id": "P335984.l06660",
"ref": "P335984.8.6",
"inst": "n",
"f": {"lang": "akk-x-neoass",
"form": "20",
"pos": "n"}
}
,
{
"node": "l",
"frag": "ANŠE",
"id": "P335984.l06661",
"ref": "P335984.8.7",
"inst": "imārī[a unit of capacity]N",
"sig": "@saao/saa14%akk-x-neoass:ANŠE=imēru[unit//a unit of capacity]N'N$imārī",
"f": {"lang": "akk-x-neoass",
"form": "ANŠE",
"cf": "imēru",
"gw": "unit",
"sense": "a unit of capacity",
"norm": "imārī",
"pos": "N",
"epos": "N"}
}
,
{
"node": "l",
"frag": "[x",
"id": "P335984.l06662",
"ref": "P335984.8.8",
"inst": "u",
"f": {"lang": "akk-x-neoass",
"form": "x",
"pos": "u"}
}
,
{
"node": "l",
"frag": "x",
"id": "P335984.l06663",
"ref": "P335984.8.9",
"inst": "u",
"f": {"lang": "akk-x-neoass",
"form": "x",
"pos": "u"}
}
,
{
"node": "l",
"frag": "x",
"id": "P335984.l06664",
"ref": "P335984.8.10",
"inst": "u",
"f": {"lang": "akk-x-neoass",
"form": "x",
"pos": "u"}
}
,
{
"node": "l",
"frag": "x]",
"id": "P335984.l06665",
"ref": "P335984.8.11",
"inst": "u",
"f": {"lang": "akk-x-neoass",
"form": "x",
"pos": "u"}
}
,
{
"node": "d",
"type": "line-start",
"ref": "P335984.9",
"n": "4'",
"label": "o 4'"}
,
{
"node": "l",
"frag": "[x",
"id": "P335984.l06666",
"ref": "P335984.9.1",
"inst": "u",
"f": {"lang": "akk-x-neoass",
"form": "x",
"pos": "u"}
}
,
{
"node": "l",
"frag": "x",
"id": "P335984.l06667",
"ref": "P335984.9.2",
"inst": "u",
"f": {"lang": "akk-x-neoass",
"form": "x",
"pos": "u"}
}
,
{
"node": "l",
"frag": "x",
"id": "P335984.l06668",
"ref": "P335984.9.3",
"inst": "u",
"f": {"lang": "akk-x-neoass",
"form": "x",
"pos": "u"}
}
,
{
"node": "l",
"frag": "x",
"id": "P335984.l06669",
"ref": "P335984.9.4",
"inst": "u",
"f": {"lang": "akk-x-neoass",
"form": "x",
"pos": "u"}
}
,
{
"node": "l",
"frag": "x]-MEŠ",
"id": "P335984.l0666a",
"ref": "P335984.9.5",
"inst": "u",
"f": {"lang": "akk-x-neoass",
"form": "x-MEŠ",
"pos": "u"}
}
,
{
"node": "l",
"frag": "{1}PAB-⸢x⸣+[x",
"id": "P335984.l0666b",
"ref": "P335984.9.6",
"inst": "u",
"f": {"lang": "akk-x-neoass",
"form": "{1}PAB-x+x",
"pos": "u"}
}
,
{
"node": "l",
"frag": "x",
"id": "P335984.l0666c",
"ref": "P335984.9.7",
"inst": "u",
"f": {"lang": "akk-x-neoass",
"form": "x",
"pos": "u"}
}
,
{
"node": "l",
"frag": "x",
"id": "P335984.l0666d",
"ref": "P335984.9.8",
"inst": "u",
"f": {"lang": "akk-x-neoass",
"form": "x",
"pos": "u"}
}
,
{
"node": "l",
"frag": "x",
"id": "P335984.l0666e",
"ref": "P335984.9.9",
"inst": "u",
"f": {"lang": "akk-x-neoass",
"form": "x",
"pos": "u"}
}
,
{
"node": "l",
"frag": "x]",
"id": "P335984.l0666f",
"ref": "P335984.9.10",
"inst": "u",
"f": {"lang": "akk-x-neoass",
"form": "x",
"pos": "u"}
}
,
{
"node": "d",
"type": "line-start",
"ref": "P335984.10",
"n": "5'",
"label": "o 5'"}
,
{
"node": "l",
"frag": "[x",
"id": "P335984.l06670",
"ref": "P335984.10.1",
"inst": "u",
"f": {"lang": "akk-x-neoass",
"form": "x",
"pos": "u"}
}
,
{
"node": "l",
"frag": "x",
"id": "P335984.l06671",
"ref": "P335984.10.2",
"inst": "u",
"f": {"lang": "akk-x-neoass",
"form": "x",
"pos": "u"}
}
,
{
"node": "l",
"frag": "x",
"id": "P335984.l06672",
"ref": "P335984.10.3",
"inst": "u",
"f": {"lang": "akk-x-neoass",
"form": "x",
"pos": "u"}
}
,
{
"node": "l",
"frag": "x]+⸢x⸣",
"id": "P335984.l06673",
"ref": "P335984.10.4",
"inst": "u",
"f": {"lang": "akk-x-neoass",
"form": "x+x",
"pos": "u"}
}
,
{
"node": "l",
"frag": "me",
"id": "P335984.l06674",
"ref": "P335984.10.5",
"inst": "u",
"f": {"lang": "akk-x-neoass",
"form": "me",
"pos": "u"}
}
,
{
"node": "l",
"frag": "[x",
"id": "P335984.l06675",
"ref": "P335984.10.6",
"inst": "u",
"f": {"lang": "akk-x-neoass",
"form": "x",
"pos": "u"}
}
,
{
"node": "l",
"frag": "x",
"id": "P335984.l06676",
"ref": "P335984.10.7",
"inst": "u",
"f": {"lang": "akk-x-neoass",
"form": "x",
"pos": "u"}
}
,
{
"node": "l",
"frag": "x",
"id": "P335984.l06677",
"ref": "P335984.10.8",
"inst": "u",
"f": {"lang": "akk-x-neoass",
"form": "x",
"pos": "u"}
}
,
{
"node": "l",
"frag": "x",
"id": "P335984.l06678",
"ref": "P335984.10.9",
"inst": "u",
"f": {"lang": "akk-x-neoass",
"form": "x",
"pos": "u"}
}
,
{
"node": "l",
"frag": "x]",
"id": "P335984.l06679",
"ref": "P335984.10.10",
"inst": "u",
"f": {"lang": "akk-x-neoass",
"form": "x",
"pos": "u"}
}
,
{
"node": "d",
"type": "nonx",
"ref": "P335984.11",
"strict": "0",
"extent": "rest",
"state": "missing"}
]}
]}
]}
]}
