{
"type": "cdl",
  "source": "http://oracc.org/saao/saa14",
  "license": "This data is released under the CC0 license",
  "license-url": "https://creativecommons.org/publicdomain/zero/1.0/",
  "more-info": "http://oracc.org/doc/opendata/",
  "UTC-timestamp": "2017-05-19T11:50:17",
"project": "saao/saa14",
"textid": "P335991",
"cdl": [
{
"node": "c",
"type": "text",
"id": "P335991.U0",
"cdl": [
{
"node": "d",
"type": "object",
"ref": ""}
,
{
"node": "d",
"subtype": "obverse",
"type": "surface",
"ref": "P335991.o.1",
"type": "obverse",
"label": "o"}
,
{
"node": "d",
"type": "nonx",
"ref": "P335991.2",
"strict": "0",
"state": "other"}
,
{
"node": "d",
"subtype": "reverse",
"type": "surface",
"ref": "P335991.r.3",
"type": "reverse",
"label": "r"}
,
{
"node": "d",
"type": "nonx",
"ref": "P335991.4",
"strict": "0",
"extent": "beginning",
"state": "other"}
,
{
"node": "c",
"type": "discourse",
"subtype": "body",
"id": "P335991.U1",
"cdl": [
{
"node": "c",
"type": "sentence",
"id": "P335991.U2",
"label": "r 1' - r 7'",
"cdl": [
{
"node": "d",
"type": "line-start",
"ref": "P335991.5",
"n": "1'",
"label": "r 1'"}
,
{
"node": "l",
"frag": "[x",
"id": "P335991.l067ba",
"ref": "P335991.5.1",
"inst": "u",
"f": {"lang": "akk-x-neoass",
"form": "x",
"pos": "u"}
}
,
{
"node": "l",
"frag": "x]",
"id": "P335991.l067bb",
"ref": "P335991.5.2",
"inst": "u",
"f": {"lang": "akk-x-neoass",
"form": "x",
"pos": "u"}
}
,
{
"node": "l",
"frag": "⸢x⸣+[x]",
"id": "P335991.l067bc",
"ref": "P335991.5.3",
"inst": "u",
"f": {"lang": "akk-x-neoass",
"form": "x+x",
"pos": "u"}
}
,
{
"node": "d",
"type": "line-start",
"ref": "P335991.6",
"n": "2'",
"label": "r 2'"}
,
{
"node": "l",
"frag": "⸢IGI⸣",
"id": "P335991.l067bd",
"ref": "P335991.6.1",
"inst": "šību[witness]N",
"sig": "@saao/saa14%akk-x-neoass:IGI=šību[witness//witness]N'N$šību",
"f": {"lang": "akk-x-neoass",
"form": "IGI",
"cf": "šību",
"gw": "witness",
"sense": "witness",
"norm": "šību",
"pos": "N",
"epos": "N"}
}
,
{
"node": "l",
"frag": "{1}DINGIR-[x",
"id": "P335991.l067be",
"ref": "P335991.6.2",
"inst": "u",
"f": {"lang": "akk-x-neoass",
"form": "{1}DINGIR-x",
"pos": "u"}
}
,
{
"node": "l",
"frag": "x",
"id": "P335991.l067bf",
"ref": "P335991.6.3",
"inst": "u",
"f": {"lang": "akk-x-neoass",
"form": "x",
"pos": "u"}
}
,
{
"node": "l",
"frag": "x",
"id": "P335991.l067c0",
"ref": "P335991.6.4",
"inst": "u",
"f": {"lang": "akk-x-neoass",
"form": "x",
"pos": "u"}
}
,
{
"node": "l",
"frag": "x]",
"id": "P335991.l067c1",
"ref": "P335991.6.5",
"inst": "u",
"f": {"lang": "akk-x-neoass",
"form": "x",
"pos": "u"}
}
,
{
"node": "d",
"type": "line-start",
"ref": "P335991.7",
"n": "3'",
"label": "r 3'"}
,
{
"node": "l",
"frag": "⸢IGI⸣",
"id": "P335991.l067c2",
"ref": "P335991.7.1",
"inst": "šību[witness]N",
"sig": "@saao/saa14%akk-x-neoass:IGI=šību[witness//witness]N'N$šību",
"f": {"lang": "akk-x-neoass",
"form": "IGI",
"cf": "šību",
"gw": "witness",
"sense": "witness",
"norm": "šību",
"pos": "N",
"epos": "N"}
}
,
{
"node": "l",
"frag": "{1}si-⸢si⸣-[i",
"id": "P335991.l067c3",
"ref": "P335991.7.2",
"inst": "Sisi[1]PN$",
"sig": "@saao/saa14%akk-x-neoass:{1}si-si-i=Sisi[1//1]PN'PN$Sisi",
"f": {"lang": "akk-x-neoass",
"form": "{1}si-si-i",
"cf": "Sisi",
"gw": "1",
"sense": "1",
"norm": "Sisi",
"pos": "PN",
"epos": "PN"}
}
,
{
"node": "l",
"frag": "x",
"id": "P335991.l067c4",
"ref": "P335991.7.3",
"inst": "u",
"f": {"lang": "akk-x-neoass",
"form": "x",
"pos": "u"}
}
,
{
"node": "l",
"frag": "x",
"id": "P335991.l067c5",
"ref": "P335991.7.4",
"inst": "u",
"f": {"lang": "akk-x-neoass",
"form": "x",
"pos": "u"}
}
,
{
"node": "l",
"frag": "x]",
"id": "P335991.l067c6",
"ref": "P335991.7.5",
"inst": "u",
"f": {"lang": "akk-x-neoass",
"form": "x",
"pos": "u"}
}
,
{
"node": "d",
"type": "line-start",
"ref": "P335991.8",
"n": "4'",
"label": "r 4'"}
,
{
"node": "l",
"frag": "⸢IGI⸣",
"id": "P335991.l067c7",
"ref": "P335991.8.1",
"inst": "šību[witness]N",
"sig": "@saao/saa14%akk-x-neoass:IGI=šību[witness//witness]N'N$šību",
"f": {"lang": "akk-x-neoass",
"form": "IGI",
"cf": "šību",
"gw": "witness",
"sense": "witness",
"norm": "šību",
"pos": "N",
"epos": "N"}
}
,
{
"node": "l",
"frag": "{1}ba-⸢x⸣+[x",
"id": "P335991.l067c8",
"ref": "P335991.8.2",
"inst": "u",
"f": {"lang": "akk-x-neoass",
"form": "{1}ba-x+x",
"pos": "u"}
}
,
{
"node": "l",
"frag": "x",
"id": "P335991.l067c9",
"ref": "P335991.8.3",
"inst": "u",
"f": {"lang": "akk-x-neoass",
"form": "x",
"pos": "u"}
}
,
{
"node": "l",
"frag": "x",
"id": "P335991.l067ca",
"ref": "P335991.8.4",
"inst": "u",
"f": {"lang": "akk-x-neoass",
"form": "x",
"pos": "u"}
}
,
{
"node": "l",
"frag": "x]",
"id": "P335991.l067cb",
"ref": "P335991.8.5",
"inst": "u",
"f": {"lang": "akk-x-neoass",
"form": "x",
"pos": "u"}
}
,
{
"node": "d",
"type": "line-start",
"ref": "P335991.9",
"n": "5'",
"label": "r 5'"}
,
{
"node": "l",
"frag": "IGI",
"id": "P335991.l067cc",
"ref": "P335991.9.1",
"inst": "šību[witness]N",
"sig": "@saao/saa14%akk-x-neoass:IGI=šību[witness//witness]N'N$šību",
"f": {"lang": "akk-x-neoass",
"form": "IGI",
"cf": "šību",
"gw": "witness",
"sense": "witness",
"norm": "šību",
"pos": "N",
"epos": "N"}
}
,
{
"node": "l",
"frag": "{1}man-nu-⸢x⸣+[x",
"id": "P335991.l067cd",
"ref": "P335991.9.2",
"inst": "u",
"f": {"lang": "akk-x-neoass",
"form": "{1}man-nu-x+x",
"pos": "u"}
}
,
{
"node": "l",
"frag": "x",
"id": "P335991.l067ce",
"ref": "P335991.9.3",
"inst": "u",
"f": {"lang": "akk-x-neoass",
"form": "x",
"pos": "u"}
}
,
{
"node": "l",
"frag": "x",
"id": "P335991.l067cf",
"ref": "P335991.9.4",
"inst": "u",
"f": {"lang": "akk-x-neoass",
"form": "x",
"pos": "u"}
}
,
{
"node": "l",
"frag": "x]",
"id": "P335991.l067d0",
"ref": "P335991.9.5",
"inst": "u",
"f": {"lang": "akk-x-neoass",
"form": "x",
"pos": "u"}
}
,
{
"node": "d",
"type": "line-start",
"ref": "P335991.10",
"n": "6'",
"label": "r 6'"}
,
{
"node": "l",
"frag": "⸢IGI⸣",
"id": "P335991.l067d1",
"ref": "P335991.10.1",
"inst": "šību[witness]N",
"sig": "@saao/saa14%akk-x-neoass:IGI=šību[witness//witness]N'N$šību",
"f": {"lang": "akk-x-neoass",
"form": "IGI",
"cf": "šību",
"gw": "witness",
"sense": "witness",
"norm": "šību",
"pos": "N",
"epos": "N"}
}
,
{
"node": "l",
"frag": "{1}{d}EN-[x",
"id": "P335991.l067d2",
"ref": "P335991.10.2",
"inst": "u",
"f": {"lang": "akk-x-neoass",
"form": "{1}{d}EN-x",
"pos": "u"}
}
,
{
"node": "l",
"frag": "x",
"id": "P335991.l067d3",
"ref": "P335991.10.3",
"inst": "u",
"f": {"lang": "akk-x-neoass",
"form": "x",
"pos": "u"}
}
,
{
"node": "l",
"frag": "x",
"id": "P335991.l067d4",
"ref": "P335991.10.4",
"inst": "u",
"f": {"lang": "akk-x-neoass",
"form": "x",
"pos": "u"}
}
,
{
"node": "l",
"frag": "x]",
"id": "P335991.l067d5",
"ref": "P335991.10.5",
"inst": "u",
"f": {"lang": "akk-x-neoass",
"form": "x",
"pos": "u"}
}
,
{
"node": "d",
"type": "line-start",
"ref": "P335991.11",
"n": "7'",
"label": "r 7'"}
,
{
"node": "l",
"frag": "[IGI]",
"id": "P335991.l067d6",
"ref": "P335991.11.1",
"inst": "šību[witness]N",
"sig": "@saao/saa14%akk-x-neoass:IGI=šību[witness//witness]N'N$šību",
"f": {"lang": "akk-x-neoass",
"form": "IGI",
"cf": "šību",
"gw": "witness",
"sense": "witness",
"norm": "šību",
"pos": "N",
"epos": "N"}
}
,
{
"node": "l",
"frag": "{1}[x",
"id": "P335991.l067d7",
"ref": "P335991.11.2",
"inst": "u",
"f": {"lang": "akk-x-neoass",
"form": "{1}x",
"pos": "u"}
}
,
{
"node": "l",
"frag": "x",
"id": "P335991.l067d8",
"ref": "P335991.11.3",
"inst": "u",
"f": {"lang": "akk-x-neoass",
"form": "x",
"pos": "u"}
}
,
{
"node": "l",
"frag": "x",
"id": "P335991.l067d9",
"ref": "P335991.11.4",
"inst": "u",
"f": {"lang": "akk-x-neoass",
"form": "x",
"pos": "u"}
}
,
{
"node": "l",
"frag": "x]",
"id": "P335991.l067da",
"ref": "P335991.11.5",
"inst": "u",
"f": {"lang": "akk-x-neoass",
"form": "x",
"pos": "u"}
}
,
{
"node": "d",
"type": "nonx",
"ref": "P335991.12",
"strict": "0",
"extent": "rest",
"state": "missing"}
]}
]}
]}
]}
