{
"type": "cdl",
  "source": "http://oracc.org/saao/saa14",
  "license": "This data is released under the CC0 license",
  "license-url": "https://creativecommons.org/publicdomain/zero/1.0/",
  "more-info": "http://oracc.org/doc/opendata/",
  "UTC-timestamp": "2017-05-19T11:49:45",
"project": "saao/saa14",
"textid": "P335254",
"cdl": [
{
"node": "c",
"type": "text",
"id": "P335254.U0",
"cdl": [
{
"node": "d",
"type": "object",
"ref": ""}
,
{
"node": "d",
"subtype": "obverse",
"type": "surface",
"ref": "P335254.o.1",
"type": "obverse",
"label": "o"}
,
{
"node": "d",
"type": "nonx",
"ref": "P335254.2",
"strict": "0",
"extent": "beginning",
"state": "missing"}
,
{
"node": "d",
"type": "nonx",
"ref": "P335254.3",
"strict": "0",
"extent": "1",
"scope": "space",
"state": "other"}
,
{
"node": "d",
"type": "nonx",
"ref": "P335254.4",
"strict": "1",
"extent": "n",
"scope": "line",
"state": "ruling",
"flags": "!"}
,
{
"node": "c",
"type": "discourse",
"subtype": "body",
"id": "P335254.U1",
"cdl": [
{
"node": "c",
"type": "sentence",
"id": "P335254.U2",
"label": "o 1' - e. 2",
"cdl": [
{
"node": "d",
"type": "line-start",
"ref": "P335254.5",
"n": "1'",
"label": "o 1'"}
,
{
"node": "l",
"frag": "{mi₂}a-bi-da-⸢la⸣",
"id": "P335254.l00c10",
"ref": "P335254.5.1",
"inst": "Abi-dala[1]PN$",
"sig": "@saao/saa14%akk-x-neoass:{MI₂}a-bi-da-la=Abi-dala[1//1]PN'PN$Abi-dala",
"f": {"lang": "akk-x-neoass",
"form": "{MI₂}a-bi-da-la",
"cf": "Abi-dala",
"gw": "1",
"sense": "1",
"norm": "Abi-dala",
"pos": "PN",
"epos": "PN"}
}
,
{
"node": "l",
"frag": "[x",
"id": "P335254.l00c11",
"ref": "P335254.5.2",
"inst": "u",
"f": {"lang": "akk-x-neoass",
"form": "x",
"pos": "u"}
}
,
{
"node": "l",
"frag": "x",
"id": "P335254.l00c12",
"ref": "P335254.5.3",
"inst": "u",
"f": {"lang": "akk-x-neoass",
"form": "x",
"pos": "u"}
}
,
{
"node": "l",
"frag": "x]",
"id": "P335254.l00c13",
"ref": "P335254.5.4",
"inst": "u",
"f": {"lang": "akk-x-neoass",
"form": "x",
"pos": "u"}
}
,
{
"node": "d",
"type": "line-start",
"ref": "P335254.6",
"n": "2'",
"label": "o 2'"}
,
{
"node": "l",
"frag": "u₂-piš-ma",
"id": "P335254.l00c14",
"ref": "P335254.6.1",
"inst": "uppišma[contract]V",
"sig": "@saao/saa14%akk-x-neoass:u₂-piš-ma=epēšu[do//contract]V'V$uppišma",
"f": {"lang": "akk-x-neoass",
"form": "u₂-piš-ma",
"cf": "epēšu",
"gw": "do",
"sense": "contract",
"norm": "uppišma",
"pos": "V",
"epos": "V"}
}
,
{
"node": "l",
"frag": "{1}kak-kul-la-nu",
"id": "P335254.l00c15",
"ref": "P335254.6.2",
"inst": "Kakkullanu[1]PN$",
"sig": "@saao/saa14%akk-x-neoass:{1}kak-kul-la-nu=Kakkullanu[1//1]PN'PN$Kakkullanu",
"f": {"lang": "akk-x-neoass",
"form": "{1}kak-kul-la-nu",
"cf": "Kakkullanu",
"gw": "1",
"sense": "1",
"norm": "Kakkullanu",
"pos": "PN",
"epos": "PN"}
}
,
{
"node": "d",
"type": "line-start",
"ref": "P335254.7",
"n": "3'",
"label": "o 3'"}
,
{
"node": "l",
"frag": "ina",
"id": "P335254.l00c16",
"ref": "P335254.7.1",
"inst": "ina[in+=for]PRP",
"sig": "@saao/saa14%akk-x-neoass:ina=ina[in//in]PRP'PRP$ina",
"f": {"lang": "akk-x-neoass",
"form": "ina",
"cf": "ina",
"gw": "in",
"sense": "in",
"norm": "ina",
"pos": "PRP",
"epos": "PRP"}
}
,
{
"node": "l",
"frag": "ŠA₃-bi",
"id": "P335254.l00c17",
"ref": "P335254.7.2",
"inst": "libbi[interior]N",
"sig": "@saao/saa14%akk-x-neoass:ŠA₃-bi=libbu[interior//interior]N'N$libbi",
"f": {"lang": "akk-x-neoass",
"form": "ŠA₃-bi",
"cf": "libbu",
"gw": "interior",
"sense": "interior",
"norm": "libbi",
"pos": "N",
"epos": "N"}
}
,
{
"node": "l",
"frag": "1/2",
"id": "P335254.l00c18",
"ref": "P335254.7.3",
"inst": "n",
"f": {"lang": "akk-x-neoass",
"form": "1/2",
"pos": "n"}
}
,
{
"node": "l",
"frag": "MA.NA",
"id": "P335254.l00c19",
"ref": "P335254.7.4",
"inst": "manû[a unit of weight]N",
"sig": "@saao/saa14%akk-x-neoass:MA.NA=manû[unit//a unit of weight]N'N$manû",
"f": {"lang": "akk-x-neoass",
"form": "MA.NA",
"cf": "manû",
"gw": "unit",
"sense": "a unit of weight",
"norm": "manû",
"pos": "N",
"epos": "N"}
}
,
{
"node": "l",
"frag": "KUG.UD",
"id": "P335254.l00c1a",
"ref": "P335254.7.5",
"inst": "ṣarpi[silver]N",
"sig": "@saao/saa14%akk-x-neoass:KUG.UD=ṣarpu[silver//silver]N'N$ṣarpi",
"f": {"lang": "akk-x-neoass",
"form": "KUG.UD",
"cf": "ṣarpu",
"gw": "silver",
"sense": "silver",
"norm": "ṣarpi",
"pos": "N",
"epos": "N"}
}
,
{
"node": "d",
"type": "line-start",
"ref": "P335254.8",
"n": "4'",
"label": "o 4'"}
,
{
"node": "l",
"frag": "a-na",
"id": "P335254.l00c1b",
"ref": "P335254.8.1",
"inst": "ana[to]PRP",
"sig": "@saao/saa14%akk-x-neoass:a-na=ana[to//to]PRP'PRP$ana",
"f": {"lang": "akk-x-neoass",
"form": "a-na",
"cf": "ana",
"gw": "to",
"sense": "to",
"norm": "ana",
"pos": "PRP",
"epos": "PRP"}
}
,
{
"node": "l",
"frag": "{1}{iti}KIN-a.a",
"id": "P335254.l00c1c",
"ref": "P335254.8.2",
"inst": "Ululaya[1]PN",
"sig": "@saao/saa14%akk-x-neoass:{1}{ITI}KIN-a.a=Ululayu[1//1]PN'PN$Ululaya",
"f": {"lang": "akk-x-neoass",
"form": "{1}{ITI}KIN-a.a",
"cf": "Ululayu",
"gw": "1",
"sense": "1",
"norm": "Ululaya",
"pos": "PN",
"epos": "PN"}
}
,
{
"node": "l",
"frag": "{lu₂}ARAD-šu₂",
"id": "P335254.l00c1d",
"ref": "P335254.8.3",
"inst": "urdīšu[servant]N",
"sig": "@saao/saa14%akk-x-neoass:{LU₂}ARAD-šu₂=ardu[slave//servant]N'N$urdīšu",
"f": {"lang": "akk-x-neoass",
"form": "{LU₂}ARAD-šu₂",
"cf": "ardu",
"gw": "slave",
"sense": "servant",
"norm": "urdīšu",
"pos": "N",
"epos": "N"}
}
,
{
"node": "d",
"type": "line-start",
"ref": "P335254.9",
"n": "5'",
"label": "o 5'"}
,
{
"node": "l",
"frag": "a-na",
"id": "P335254.l00c1e",
"ref": "P335254.9.1",
"inst": "ana[to]PRP",
"sig": "@saao/saa14%akk-x-neoass:a-na=ana[to//to]PRP'PRP$ana",
"f": {"lang": "akk-x-neoass",
"form": "a-na",
"cf": "ana",
"gw": "to",
"sense": "to",
"norm": "ana",
"pos": "PRP",
"epos": "PRP"}
}
,
{
"node": "l",
"frag": "MI₂-u-te",
"id": "P335254.l00c1f",
"ref": "P335254.9.2",
"inst": "sinnišūtu[(rôle of female)//wifehood]N$issūte",
"sig": "@saao/saa14%akk-x-neoass:MI₂-u-te=sinnišūtu[(rôle of female)//wifehood]N'N$issūte",
"f": {"lang": "akk-x-neoass",
"form": "MI₂-u-te",
"cf": "sinnišūtu",
"gw": "(rôle of female)",
"sense": "wifehood",
"norm": "issūte",
"pos": "N",
"epos": "N"}
}
,
{
"node": "c",
"type": "phrase",
"tag": "phr",
"id": "P335254.U4",
"ref": "P335254.ls00000",
"cdl": [
{
"node": "l",
"frag": "TA",
"id": "P335254.l00c20",
"ref": "P335254.9.3",
"inst": "issu[from+=from]PRP",
"sig": "@saao/saa14%akk-x-neoass:TA=ištu[from//from]PRP'PRP$issu",
"f": {"lang": "akk-x-neoass",
"form": "TA",
"cf": "ištu",
"gw": "from",
"sense": "from",
"norm": "issu",
"pos": "PRP",
"epos": "PRP"}
}
,
{
"node": "l",
"frag": "IGI",
"id": "P335254.l00c21",
"ref": "P335254.9.4",
"inst": "pān[front]N",
"sig": "@saao/saa14%akk-x-neoass:IGI=pānu[front//front]N'N$pān",
"f": {"lang": "akk-x-neoass",
"form": "IGI",
"cf": "pānu",
"gw": "front",
"sense": "front",
"norm": "pān",
"pos": "N",
"epos": "N"}
}
]}
,
{
"node": "l",
"frag": "{1}TE-a.a",
"id": "P335254.l00c22",
"ref": "P335254.9.5",
"inst": "Sukkaya[1]PN",
"sig": "@saao/saa14%akk-x-neoass:{1}TE-a.a=Sukkaya[1//1]PN'PN$Sukkaya",
"f": {"lang": "akk-x-neoass",
"form": "{1}TE-a.a",
"cf": "Sukkaya",
"gw": "1",
"sense": "1",
"norm": "Sukkaya",
"pos": "PN",
"epos": "PN"}
}
,
{
"node": "d",
"type": "line-start",
"ref": "P335254.10",
"n": "6'",
"label": "o 6'"}
,
{
"node": "c",
"type": "phrase",
"tag": "phr",
"id": "P335254.U5",
"ref": "P335254.ls00001",
"cdl": [
{
"node": "l",
"frag": "TA",
"id": "P335254.l00c23",
"ref": "P335254.10.1",
"inst": "issu[from+=from]PRP",
"sig": "@saao/saa14%akk-x-neoass:TA=ištu[from//from]PRP'PRP$issu",
"f": {"lang": "akk-x-neoass",
"form": "TA",
"cf": "ištu",
"gw": "from",
"sense": "from",
"norm": "issu",
"pos": "PRP",
"epos": "PRP"}
}
,
{
"node": "l",
"frag": "IGI",
"id": "P335254.l00c24",
"ref": "P335254.10.2",
"inst": "pān[front]N",
"sig": "@saao/saa14%akk-x-neoass:IGI=pānu[front//front]N'N$pān",
"f": {"lang": "akk-x-neoass",
"form": "IGI",
"cf": "pānu",
"gw": "front",
"sense": "front",
"norm": "pān",
"pos": "N",
"epos": "N"}
}
]}
,
{
"node": "l",
"frag": "02",
"id": "P335254.l00c25",
"ref": "P335254.10.3",
"inst": "n",
"f": {"lang": "akk-x-neoass",
"form": "02",
"pos": "n"}
}
,
{
"node": "l",
"frag": "DUMU-MEŠ-šu₂",
"id": "P335254.l00c26",
"ref": "P335254.10.4",
"inst": "marʾēšu[son]N",
"sig": "@saao/saa14%akk-x-neoass:DUMU-MEŠ-šu₂=māru[son//son]N'N$marʾēšu",
"f": {"lang": "akk-x-neoass",
"form": "DUMU-MEŠ-šu₂",
"cf": "māru",
"gw": "son",
"sense": "son",
"norm": "marʾēšu",
"pos": "N",
"epos": "N"}
}
,
{
"node": "l",
"frag": "il-qi",
"id": "P335254.l00c27",
"ref": "P335254.10.5",
"inst": "ilqi[purchase]V",
"sig": "@saao/saa14%akk-x-neoass:il-qi=leqû[take//purchase]V'V$ilqi",
"f": {"lang": "akk-x-neoass",
"form": "il-qi",
"cf": "leqû",
"gw": "take",
"sense": "purchase",
"norm": "ilqi",
"pos": "V",
"epos": "V"}
}
,
{
"node": "d",
"type": "line-start",
"ref": "P335254.11",
"n": "7'",
"label": "o 7'"}
,
{
"node": "l",
"frag": "[kas-pu",
"id": "P335254.l00c28",
"ref": "P335254.11.1",
"inst": "kaspu[money]N",
"sig": "@saao/saa14%akk-x-neoass:kas-pu=kaspu[silver//money]N'N$kaspu",
"f": {"lang": "akk-x-neoass",
"form": "kas-pu",
"cf": "kaspu",
"gw": "silver",
"sense": "money",
"norm": "kaspu",
"pos": "N",
"epos": "N"}
}
,
{
"node": "l",
"frag": "gam-mur]",
"id": "P335254.l00c29",
"ref": "P335254.11.2",
"inst": "gammur[completed]AJ",
"sig": "@saao/saa14%akk-x-neoass:gam-mur=gammuru[finished//completed]AJ'AJ$gammur",
"f": {"lang": "akk-x-neoass",
"form": "gam-mur",
"cf": "gammuru",
"gw": "finished",
"sense": "completed",
"norm": "gammur",
"pos": "AJ",
"epos": "AJ"}
}
,
{
"node": "l",
"frag": "SUM-ni",
"id": "P335254.l00c2a",
"ref": "P335254.11.3",
"inst": "tadni[paid]AJ",
"sig": "@saao/saa14%akk-x-neoass:SUM-ni=tadnu[given//paid]AJ'AJ$tadni",
"f": {"lang": "akk-x-neoass",
"form": "SUM-ni",
"cf": "tadnu",
"gw": "given",
"sense": "paid",
"norm": "tadni",
"pos": "AJ",
"epos": "AJ"}
}
,
{
"node": "l",
"frag": "MI₂",
"id": "P335254.l00c2b",
"ref": "P335254.11.4",
"inst": "issu[woman]N",
"sig": "@saao/saa14%akk-x-neoass:MI₂=sinništu[woman//woman]N'N$issu",
"f": {"lang": "akk-x-neoass",
"form": "MI₂",
"cf": "sinništu",
"gw": "woman",
"sense": "woman",
"norm": "issu",
"pos": "N",
"epos": "N"}
}
,
{
"node": "l",
"frag": "[x",
"id": "P335254.l00c2c",
"ref": "P335254.11.5",
"inst": "u",
"f": {"lang": "akk-x-neoass",
"form": "x",
"pos": "u"}
}
,
{
"node": "l",
"frag": "x",
"id": "P335254.l00c2d",
"ref": "P335254.11.6",
"inst": "u",
"f": {"lang": "akk-x-neoass",
"form": "x",
"pos": "u"}
}
,
{
"node": "l",
"frag": "x]",
"id": "P335254.l00c2e",
"ref": "P335254.11.7",
"inst": "u",
"f": {"lang": "akk-x-neoass",
"form": "x",
"pos": "u"}
}
,
{
"node": "d",
"type": "nonx",
"ref": "P335254.12",
"strict": "0",
"extent": "rest",
"state": "missing"}
,
{
"node": "d",
"subtype": "reverse",
"type": "surface",
"ref": "P335254.r.13",
"type": "reverse",
"label": "r"}
,
{
"node": "d",
"type": "nonx",
"ref": "P335254.14",
"strict": "0",
"extent": "beginning",
"state": "missing"}
,
{
"node": "d",
"type": "line-start",
"ref": "P335254.15",
"n": "1'",
"label": "r 1'"}
,
{
"node": "l",
"frag": "IGI",
"id": "P335254.l00c2f",
"ref": "P335254.15.1",
"inst": "šību[witness]N",
"sig": "@saao/saa14%akk-x-neoass:IGI=šību[witness//witness]N'N$šību",
"f": {"lang": "akk-x-neoass",
"form": "IGI",
"cf": "šību",
"gw": "witness",
"sense": "witness",
"norm": "šību",
"pos": "N",
"epos": "N"}
}
,
{
"node": "l",
"frag": "{1}⸢li⸣-qi-pu",
"id": "P335254.l00c30",
"ref": "P335254.15.2",
"inst": "La-qipu[1]PN",
"sig": "@saao/saa14%akk-x-neoass:{1}li-qi-pu=La-qepu[1//1]PN'PN$La-qipu",
"f": {"lang": "akk-x-neoass",
"form": "{1}li-qi-pu",
"cf": "La-qepu",
"gw": "1",
"sense": "1",
"norm": "La-qipu",
"pos": "PN",
"epos": "PN"}
}
,
{
"node": "c",
"type": "phrase",
"tag": "phr",
"id": "P335254.U6",
"ref": "P335254.ls00002",
"cdl": [
{
"node": "l",
"frag": "{lu₂v}{<:(GAL-ki-ṣir)>}",
"id": "P335254.l00c31",
"ref": "P335254.15.3",
"cof-tails": "P335254.l00c32",
"inst": "rabû[big one]N$rab&kiṣru[knot]N$kiṣir$",
"sig": "@saao/saa14%akk-x-neoass:{LU₂}GAL-ki-ṣir=rabû[big one//big one]N'N$rab&&@saao%akk-x-neoass:=kiṣru[knot//cohort]N'N$kiṣir",
"f": {"lang": "akk-x-neoass",
"form": "{LU₂}GAL-ki-ṣir",
"cf": "rabû",
"gw": "big one",
"sense": "big one",
"norm": "rab",
"pos": "N",
"epos": "N"}
}
,
{
"node": "l",
"frag": "{lu₂v}{<:(GAL-ki-ṣir)>}",
"id": "P335254.l00c32",
"ref": "P335254.15.3",
"cof-head": "P335254.l00c31",
"inst": "rabû[big one]N$rab&kiṣru[knot]N$kiṣir$",
"tail-sig": "@saao%akk-x-neoass:=kiṣru[knot//cohort]N'N$kiṣir",
"f": {"lang": "akk-x-neoass",
"form": "{LU₂}GAL-ki-ṣir",
"cf": "kiṣru",
"gw": "knot",
"sense": "cohort",
"norm": "kiṣir",
"pos": "N",
"epos": "N"}
}
]}
,
{
"node": "d",
"type": "line-start",
"ref": "P335254.16",
"n": "2'",
"label": "r 2'"}
,
{
"node": "l",
"frag": "IGI",
"id": "P335254.l00c33",
"ref": "P335254.16.1",
"inst": "šību[witness]N",
"sig": "@saao/saa14%akk-x-neoass:IGI=šību[witness//witness]N'N$šību",
"f": {"lang": "akk-x-neoass",
"form": "IGI",
"cf": "šību",
"gw": "witness",
"sense": "witness",
"norm": "šību",
"pos": "N",
"epos": "N"}
}
,
{
"node": "l",
"frag": "{1}zi-zi-i",
"id": "P335254.l00c34",
"ref": "P335254.16.2",
"inst": "Zizi[1]PN",
"sig": "@saao/saa14%akk-x-neoass:{1}zi-zi-i=Zizi[1//1]PN'PN$Zizi",
"f": {"lang": "akk-x-neoass",
"form": "{1}zi-zi-i",
"cf": "Zizi",
"gw": "1",
"sense": "1",
"norm": "Zizi",
"pos": "PN",
"epos": "PN"}
}
,
{
"node": "l",
"frag": "{lu₂v}02-u",
"id": "P335254.l00c35",
"ref": "P335254.16.3",
"inst": "šaniu[deputy]'N",
"sig": "@saao/saa14%akk-x-neoass:{LU₂}02-u=šanû[second//deputy]NU'N$šaniu",
"f": {"lang": "akk-x-neoass",
"form": "{LU₂}02-u",
"cf": "šanû",
"gw": "second",
"sense": "deputy",
"norm": "šaniu",
"pos": "NU",
"epos": "N"}
}
,
{
"node": "l",
"frag": "ša",
"id": "P335254.l00c36",
"ref": "P335254.16.4",
"inst": "ša[of]DET",
"sig": "@saao/saa14%akk-x-neoass:ša=ša[of//of]DET'DET$ša",
"f": {"lang": "akk-x-neoass",
"form": "ša",
"cf": "ša",
"gw": "of",
"sense": "of",
"norm": "ša",
"pos": "DET",
"epos": "DET"}
}
,
{
"node": "c",
"type": "phrase",
"tag": "phr",
"id": "P335254.U7",
"ref": "P335254.ls00003",
"cdl": [
{
"node": "l",
"frag": "{lu₂v}{<:(GAL-ki-ṣir)>}",
"id": "P335254.l00c37",
"ref": "P335254.16.5",
"cof-tails": "P335254.l00c38",
"inst": "rabû[big one]N$rab&kiṣru[knot]N$kiṣir$",
"sig": "@saao/saa14%akk-x-neoass:{LU₂}GAL-ki-ṣir=rabû[big one//big one]N'N$rab&&@saao%akk-x-neoass:=kiṣru[knot//cohort]N'N$kiṣir",
"f": {"lang": "akk-x-neoass",
"form": "{LU₂}GAL-ki-ṣir",
"cf": "rabû",
"gw": "big one",
"sense": "big one",
"norm": "rab",
"pos": "N",
"epos": "N"}
}
,
{
"node": "l",
"frag": "{lu₂v}{<:(GAL-ki-ṣir)>}",
"id": "P335254.l00c38",
"ref": "P335254.16.5",
"cof-head": "P335254.l00c37",
"inst": "rabû[big one]N$rab&kiṣru[knot]N$kiṣir$",
"tail-sig": "@saao%akk-x-neoass:=kiṣru[knot//cohort]N'N$kiṣir",
"f": {"lang": "akk-x-neoass",
"form": "{LU₂}GAL-ki-ṣir",
"cf": "kiṣru",
"gw": "knot",
"sense": "cohort",
"norm": "kiṣir",
"pos": "N",
"epos": "N"}
}
]}
,
{
"node": "d",
"type": "line-start",
"ref": "P335254.17",
"n": "3'",
"label": "r 3'"}
,
{
"node": "l",
"frag": "IGI",
"id": "P335254.l00c39",
"ref": "P335254.17.1",
"inst": "šību[witness]N",
"sig": "@saao/saa14%akk-x-neoass:IGI=šību[witness//witness]N'N$šību",
"f": {"lang": "akk-x-neoass",
"form": "IGI",
"cf": "šību",
"gw": "witness",
"sense": "witness",
"norm": "šību",
"pos": "N",
"epos": "N"}
}
,
{
"node": "l",
"frag": "{1}aš-šur-kil-la-an-ni",
"id": "P335254.l00c3a",
"ref": "P335254.17.2",
"inst": "Aššur-killanni[1]PN$",
"sig": "@saao/saa14%akk-x-neoass:{1}aš-šur-kil-la-an-ni=Aššur-killanni[1//1]PN'PN$Aššur-killanni",
"f": {"lang": "akk-x-neoass",
"form": "{1}aš-šur-kil-la-an-ni",
"cf": "Aššur-killanni",
"gw": "1",
"sense": "1",
"norm": "Aššur-killanni",
"pos": "PN",
"epos": "PN"}
}
,
{
"node": "l",
"frag": "{lu₂v}qur-ZAG",
"id": "P335254.l00c3b",
"ref": "P335254.17.3",
"inst": "ša-qurbūti[(royal) confidant]N",
"sig": "@saao/saa14%akk-x-neoass:{LU₂}qur-ZAG=ša-qurbūti[close follower//(royal) confidant]N'N$ša-qurbūti",
"f": {"lang": "akk-x-neoass",
"form": "{LU₂}qur-ZAG",
"cf": "ša-qurbūti",
"gw": "close follower",
"sense": "(royal) confidant",
"norm": "ša-qurbūti",
"pos": "N",
"epos": "N"}
}
,
{
"node": "d",
"type": "line-start",
"ref": "P335254.18",
"n": "4'",
"label": "r 4'"}
,
{
"node": "l",
"frag": "IGI",
"id": "P335254.l00c3c",
"ref": "P335254.18.1",
"inst": "šību[witness]N",
"sig": "@saao/saa14%akk-x-neoass:IGI=šību[witness//witness]N'N$šību",
"f": {"lang": "akk-x-neoass",
"form": "IGI",
"cf": "šību",
"gw": "witness",
"sense": "witness",
"norm": "šību",
"pos": "N",
"epos": "N"}
}
,
{
"node": "l",
"frag": "{1}{d}PA-LAL-iṣ",
"id": "P335254.l00c3d",
"ref": "P335254.18.2",
"inst": "Nabu-tariṣ[1]PN",
"sig": "@saao/saa14%akk-x-neoass:{1}{d}PA-LAL-iṣ=Nabu-tariṣ[1//1]PN'PN$Nabu-tariṣ",
"f": {"lang": "akk-x-neoass",
"form": "{1}{d}PA-LAL-iṣ",
"cf": "Nabu-tariṣ",
"gw": "1",
"sense": "1",
"norm": "Nabu-tariṣ",
"pos": "PN",
"epos": "PN"}
}
,
{
"node": "l",
"frag": "{lu₂v}{giš}GIGIR",
"id": "P335254.l00c3e",
"ref": "P335254.18.3",
"inst": "šušānu[horse-trainer]N$sūsān",
"sig": "@saao/saa14%akk-x-neoass:{LU₂}{GIŠ}GIGIR=šušānu[horse-trainer//horse-trainer]N'N$sūsān",
"f": {"lang": "akk-x-neoass",
"form": "{LU₂}{GIŠ}GIGIR",
"cf": "šušānu",
"gw": "horse-trainer",
"sense": "horse-trainer",
"norm": "sūsān",
"pos": "N",
"epos": "N"}
}
,
{
"node": "l",
"frag": "MAN",
"id": "P335254.l00c3f",
"ref": "P335254.18.4",
"inst": "šarri[king]N",
"sig": "@saao/saa14%akk-x-neoass:MAN=šarru[king//king]N'N$šarri",
"f": {"lang": "akk-x-neoass",
"form": "MAN",
"cf": "šarru",
"gw": "king",
"sense": "king",
"norm": "šarri",
"pos": "N",
"epos": "N"}
}
,
{
"node": "d",
"type": "line-start",
"ref": "P335254.19",
"n": "5'",
"label": "r 5'"}
,
{
"node": "l",
"frag": "IGI",
"id": "P335254.l00c40",
"ref": "P335254.19.1",
"inst": "šību[witness]N",
"sig": "@saao/saa14%akk-x-neoass:IGI=šību[witness//witness]N'N$šību",
"f": {"lang": "akk-x-neoass",
"form": "IGI",
"cf": "šību",
"gw": "witness",
"sense": "witness",
"norm": "šību",
"pos": "N",
"epos": "N"}
}
,
{
"node": "l",
"frag": "{1}i-di-i",
"id": "P335254.l00c41",
"ref": "P335254.19.2",
"inst": "Addi[1]PN$Iddi",
"sig": "@saao/saa14%akk-x-neoass:{1}i-di-i=Addi[1//1]PN'PN$Iddi",
"f": {"lang": "akk-x-neoass",
"form": "{1}i-di-i",
"cf": "Addi",
"gw": "1",
"sense": "1",
"norm": "Iddi",
"pos": "PN",
"epos": "PN"}
}
,
{
"node": "l",
"frag": "{kur}kiš-⸢qa⸣-[a.a]",
"id": "P335254.l00c42",
"ref": "P335254.19.3",
"inst": "Kišqaya[from Kišqu]EN$",
"sig": "@saao/saa14%akk-x-neoass:{KUR}kiš-qa-a.a=Kišqaya[from Kišqu//from Kišqu]EN'EN$Kišqaya",
"f": {"lang": "akk-x-neoass",
"form": "{KUR}kiš-qa-a.a",
"cf": "Kišqaya",
"gw": "from Kišqu",
"sense": "from Kišqu",
"norm": "Kišqaya",
"pos": "EN",
"epos": "EN"}
}
,
{
"node": "d",
"type": "line-start",
"ref": "P335254.20",
"n": "6'",
"label": "r 6'"}
,
{
"node": "l",
"frag": "IGI",
"id": "P335254.l00c43",
"ref": "P335254.20.1",
"inst": "šību[witness]N",
"sig": "@saao/saa14%akk-x-neoass:IGI=šību[witness//witness]N'N$šību",
"f": {"lang": "akk-x-neoass",
"form": "IGI",
"cf": "šību",
"gw": "witness",
"sense": "witness",
"norm": "šību",
"pos": "N",
"epos": "N"}
}
,
{
"node": "l",
"frag": "{1}⸢hi⸣-ri-ṣa-a.a",
"id": "P335254.l00c44",
"ref": "P335254.20.2",
"inst": "Hiriṣaya[1]PN",
"sig": "@saao/saa14%akk-x-neoass:{1}hi-ri-ṣa-a.a=Hiriṣayu[1//1]PN'PN$Hiriṣaya",
"f": {"lang": "akk-x-neoass",
"form": "{1}hi-ri-ṣa-a.a",
"cf": "Hiriṣayu",
"gw": "1",
"sense": "1",
"norm": "Hiriṣaya",
"pos": "PN",
"epos": "PN"}
}
,
{
"node": "l",
"frag": "{lu₂v}[I₃.DU₈]",
"id": "P335254.l00c45",
"ref": "P335254.20.3",
"inst": "atû[gatekeeper]N",
"sig": "@saao/saa14%akk-x-neoass:{LU₂}I₃.DU₈=atû[gatekeeper//gatekeeper]N'N$atû",
"f": {"lang": "akk-x-neoass",
"form": "{LU₂}I₃.DU₈",
"cf": "atû",
"gw": "gatekeeper",
"sense": "gatekeeper",
"norm": "atû",
"pos": "N",
"epos": "N"}
}
,
{
"node": "d",
"type": "nonx",
"ref": "P335254.21",
"strict": "0",
"extent": "rest",
"state": "missing"}
,
{
"node": "d",
"subtype": "edge",
"type": "surface",
"ref": "P335254.e..22",
"type": "edge",
"label": "e."}
,
{
"node": "d",
"type": "line-start",
"ref": "P335254.23",
"n": "1",
"label": "e. 1"}
,
{
"node": "l",
"frag": "{[iti}x",
"id": "P335254.l00c46",
"ref": "P335254.23.1",
"inst": "urhi[month]N",
"sig": "@saao/saa14%akk-x-neoass:{ITI}x=arhu[month//month]N'N$urhi",
"f": {"lang": "akk-x-neoass",
"form": "{ITI}x",
"cf": "arhu",
"gw": "month",
"sense": "month",
"norm": "urhi",
"pos": "N",
"epos": "N"}
}
,
{
"node": "l",
"frag": "UD",
"id": "P335254.l00c47",
"ref": "P335254.23.2",
"inst": "ūm[day]N",
"sig": "@saao/saa14%akk-x-neoass:UD=ūmu[day//day]N'N$ūm",
"f": {"lang": "akk-x-neoass",
"form": "UD",
"cf": "ūmu",
"gw": "day",
"sense": "day",
"norm": "ūm",
"pos": "N",
"epos": "N"}
}
,
{
"node": "l",
"frag": "x]-KAM₂",
"id": "P335254.l00c48",
"ref": "P335254.23.3",
"inst": "n",
"f": {"lang": "akk-x-neoass",
"form": "x-KAM₂",
"pos": "n"}
}
,
{
"node": "l",
"frag": "lim-mu",
"id": "P335254.l00c49",
"ref": "P335254.23.4",
"inst": "limmu[eponym (of year)]N",
"sig": "@saao/saa14%akk-x-neoass:lim-mu=līmu[eponym (of year)//eponym (of year)]N'N$limmu",
"f": {"lang": "akk-x-neoass",
"form": "lim-mu",
"cf": "līmu",
"gw": "eponym (of year)",
"sense": "eponym (of year)",
"norm": "limmu",
"pos": "N",
"epos": "N"}
}
,
{
"node": "l",
"frag": "{1}⸢NU⸣-[MAN-E]",
"id": "P335254.l00c4a",
"ref": "P335254.23.5",
"inst": "Ṣalam-šarri-iqbi[1]PN",
"sig": "@saao/saa14%akk-x-neoass:{1}NU-MAN-E=Ṣalam-šarri-iqbi[1//1]PN'PN$Ṣalam-šarri-iqbi",
"f": {"lang": "akk-x-neoass",
"form": "{1}NU-MAN-E",
"cf": "Ṣalam-šarri-iqbi",
"gw": "1",
"sense": "1",
"norm": "Ṣalam-šarri-iqbi",
"pos": "PN",
"epos": "PN"}
}
,
{
"node": "d",
"type": "line-start",
"ref": "P335254.24",
"n": "2",
"label": "e. 2"}
,
{
"node": "l",
"frag": "{lu₂v}tur-ta-nu",
"id": "P335254.l00c4b",
"ref": "P335254.24.1",
"inst": "turtānu[commander-in-chief]N",
"sig": "@saao/saa14%akk-x-neoass:{LU₂}tur-ta-nu=tartānu[second in command//commander-in-chief]N'N$turtānu",
"f": {"lang": "akk-x-neoass",
"form": "{LU₂}tur-ta-nu",
"cf": "tartānu",
"gw": "second in command",
"sense": "commander-in-chief",
"norm": "turtānu",
"pos": "N",
"epos": "N"}
}
,
{
"node": "l",
"frag": "{kur}⸢ku⸣-[mu-hi]",
"id": "P335254.l00c4c",
"ref": "P335254.24.2",
"inst": "Kummuhi[Commagene]GN",
"sig": "@saao/saa14%akk-x-neoass:{KUR}ku-mu-hi=Kummuhi[Commagene//Commagene]GN'GN$Kummuhi",
"f": {"lang": "akk-x-neoass",
"form": "{KUR}ku-mu-hi",
"cf": "Kummuhi",
"gw": "Commagene",
"sense": "Commagene",
"norm": "Kummuhi",
"pos": "GN",
"epos": "GN"}
}
]}
]}
]}
,
{
"linkbase": [{
"type": "linkset",
"xlink_title": "ištu pān[from//because of]PRP'PRP",
"id": "P335254.ls00000",
"xlink_type": "extended",
"xlink_role": "psu",
"sig": "{ištu[from]PRP pānu[front]N += ištu pān[from//because of]PRP'PRP}::@saao%akk-x-neoass:TA=ištu[from//from]PRP'PRP$issu++@saao%akk-x-neoass:IGI=pānu[front//front]N'N$pān",
"links": [
{
"type": "link",
"xlink_title": "issu",
"xlink_type": "locator",
"xlink_href": "#P335254.l00c20",
"xlink_role": "elt"}
,
{
"type": "link",
"xlink_title": "pān",
"xlink_type": "locator",
"xlink_href": "#P335254.l00c21",
"xlink_role": "elt"}
]}
,
{
"type": "linkset",
"xlink_title": "ištu pān[from//because of]PRP'PRP",
"id": "P335254.ls00001",
"xlink_type": "extended",
"xlink_role": "psu",
"sig": "{ištu[from]PRP pānu[front]N += ištu pān[from//because of]PRP'PRP}::@saao%akk-x-neoass:TA=ištu[from//from]PRP'PRP$issu++@saao%akk-x-neoass:IGI=pānu[front//front]N'N$pān",
"links": [
{
"type": "link",
"xlink_title": "issu",
"xlink_type": "locator",
"xlink_href": "#P335254.l00c23",
"xlink_role": "elt"}
,
{
"type": "link",
"xlink_title": "pān",
"xlink_type": "locator",
"xlink_href": "#P335254.l00c24",
"xlink_role": "elt"}
]}
,
{
"type": "linkset",
"xlink_title": "rab kiṣri[centurion//cohort commander]N'N",
"id": "P335254.ls00002",
"xlink_type": "extended",
"xlink_role": "psu",
"sig": "{{LU₂}GAL-ki-ṣir = rabû[big one]N kiṣru[knot]N += rab kiṣri[centurion//cohort commander]N'N}::@saao/saa10%akk-x-neoass:{LU₂}GAL-ki-ṣir=rabû[big one//big one]N'N$rab++@saao/saa10%akk-x-neobab:{LU₂}GAL-ki-ṣir=kiṣru[knot//knot]N'N$kiṣir",
"links": [
{
"type": "link",
"xlink_title": "rabû",
"xlink_type": "locator",
"xlink_href": "#P335254.l00c31",
"xlink_role": "elt"}
,
{
"type": "link",
"xlink_title": "kiṣru",
"xlink_type": "locator",
"xlink_href": "#P335254.l00c32",
"xlink_role": "elt"}
]}
,
{
"type": "linkset",
"xlink_title": "rab kiṣri[centurion//cohort commander]N'N",
"id": "P335254.ls00003",
"xlink_type": "extended",
"xlink_role": "psu",
"sig": "{{LU₂}GAL-ki-ṣir = rabû[big one]N kiṣru[knot]N += rab kiṣri[centurion//cohort commander]N'N}::@saao/saa10%akk-x-neoass:{LU₂}GAL-ki-ṣir=rabû[big one//big one]N'N$rab++@saao/saa10%akk-x-neobab:{LU₂}GAL-ki-ṣir=kiṣru[knot//knot]N'N$kiṣir",
"links": [
{
"type": "link",
"xlink_title": "rabû",
"xlink_type": "locator",
"xlink_href": "#P335254.l00c37",
"xlink_role": "elt"}
,
{
"type": "link",
"xlink_title": "kiṣru",
"xlink_type": "locator",
"xlink_href": "#P335254.l00c38",
"xlink_role": "elt"}
]}
]}
]}
