{
"type": "cdl",
  "source": "http://oracc.org/saao/saa14",
  "license": "This data is released under the CC0 license",
  "license-url": "https://creativecommons.org/publicdomain/zero/1.0/",
  "more-info": "http://oracc.org/doc/opendata/",
  "UTC-timestamp": "2017-05-19T11:49:33",
"project": "saao/saa14",
"textid": "P335037",
"cdl": [
{
"node": "c",
"type": "text",
"id": "P335037.U0",
"cdl": [
{
"node": "d",
"type": "object",
"ref": ""}
,
{
"node": "d",
"subtype": "obverse",
"type": "surface",
"ref": "P335037.o.1",
"type": "obverse",
"label": "o"}
,
{
"node": "c",
"type": "discourse",
"subtype": "body",
"id": "P335037.U1",
"cdl": [
{
"node": "c",
"type": "sentence",
"id": "P335037.U2",
"label": "o 1 - r 7",
"cdl": [
{
"node": "d",
"type": "line-start",
"ref": "P335037.2",
"n": "1",
"label": "o 1"}
,
{
"node": "l",
"frag": "[x",
"id": "P335037.l04594",
"ref": "P335037.2.1",
"inst": "u",
"f": {"lang": "akk-x-neoass",
"form": "x",
"pos": "u"}
}
,
{
"node": "l",
"frag": "x",
"id": "P335037.l04595",
"ref": "P335037.2.2",
"inst": "u",
"f": {"lang": "akk-x-neoass",
"form": "x",
"pos": "u"}
}
,
{
"node": "l",
"frag": "x]",
"id": "P335037.l04596",
"ref": "P335037.2.3",
"inst": "u",
"f": {"lang": "akk-x-neoass",
"form": "x",
"pos": "u"}
}
,
{
"node": "l",
"frag": "{1}man-nu-ki-i-{d}⸢MAŠ⸣",
"id": "P335037.l04597",
"ref": "P335037.2.4",
"inst": "Mannu-ki-Inurta[1]PN$",
"sig": "@saao/saa14%akk-x-neoass:{1}man-nu-ki-i-{d}MAŠ=Mannu-ki-Inurta[1//1]PN'PN$Mannu-ki-Inurta",
"f": {"lang": "akk-x-neoass",
"form": "{1}man-nu-ki-i-{d}MAŠ",
"cf": "Mannu-ki-Inurta",
"gw": "1",
"sense": "1",
"norm": "Mannu-ki-Inurta",
"pos": "PN",
"epos": "PN"}
}
,
{
"node": "d",
"type": "line-start",
"ref": "P335037.3",
"n": "2",
"label": "o 2"}
,
{
"node": "l",
"frag": "[x",
"id": "P335037.l04598",
"ref": "P335037.3.1",
"inst": "u",
"f": {"lang": "akk-x-neoass",
"form": "x",
"pos": "u"}
}
,
{
"node": "l",
"frag": "x",
"id": "P335037.l04599",
"ref": "P335037.3.2",
"inst": "u",
"f": {"lang": "akk-x-neoass",
"form": "x",
"pos": "u"}
}
,
{
"node": "l",
"frag": "x",
"id": "P335037.l0459a",
"ref": "P335037.3.3",
"inst": "u",
"f": {"lang": "akk-x-neoass",
"form": "x",
"pos": "u"}
}
,
{
"node": "l",
"frag": "KUG].UD",
"id": "P335037.l0459b",
"ref": "P335037.3.4",
"inst": "ṣarpi[silver]N",
"sig": "@saao/saa14%akk-x-neoass:KUG.UD=ṣarpu[silver//silver]N'N$ṣarpi",
"f": {"lang": "akk-x-neoass",
"form": "KUG.UD",
"cf": "ṣarpu",
"gw": "silver",
"sense": "silver",
"norm": "ṣarpi",
"pos": "N",
"epos": "N"}
}
,
{
"node": "l",
"frag": "ha-bu-li-⸢šu⸣",
"id": "P335037.l0459c",
"ref": "P335037.3.5",
"inst": "hubullu[debt]N$habullīšu",
"sig": "@saao/saa14%akk-x-neoass:ha-bu-li-šu=hubullu[debt//debt]N'N$habullīšu",
"f": {"lang": "akk-x-neoass",
"form": "ha-bu-li-šu",
"cf": "hubullu",
"gw": "debt",
"sense": "debt",
"norm": "habullīšu",
"pos": "N",
"epos": "N"}
}
,
{
"node": "d",
"type": "line-start",
"ref": "P335037.4",
"n": "3",
"label": "o 3"}
,
{
"node": "l",
"frag": "{1}{d}NU]-⸢MAN⸣-iq-bi",
"id": "P335037.l0459d",
"ref": "P335037.4.1",
"inst": "Ṣallam-šarri-iqbi[1]PN",
"sig": "@saao/saa14%akk-x-neoass:{1}{d}NU-MAN-iq-bi=Ṣallam-šarri-iqbi[1//1]PN'PN$Ṣallam-šarri-iqbi",
"f": {"lang": "akk-x-neoass",
"form": "{1}{d}NU-MAN-iq-bi",
"cf": "Ṣallam-šarri-iqbi",
"gw": "1",
"sense": "1",
"norm": "Ṣallam-šarri-iqbi",
"pos": "PN",
"epos": "PN"}
}
,
{
"node": "l",
"frag": "a-na",
"id": "P335037.l0459e",
"ref": "P335037.4.2",
"inst": "ana[to]PRP",
"sig": "@saao/saa14%akk-x-neoass:a-na=ana[to//to]PRP'PRP$ana",
"f": {"lang": "akk-x-neoass",
"form": "a-na",
"cf": "ana",
"gw": "to",
"sense": "to",
"norm": "ana",
"pos": "PRP",
"epos": "PRP"}
}
,
{
"node": "l",
"frag": "{lu₂}DAM.⸢QAR⸣",
"id": "P335037.l0459f",
"ref": "P335037.4.3",
"inst": "tankāru[merchant]N",
"sig": "@saao/saa14%akk-x-neoass:{LU₂}DAM.QAR=tamkāru[merchant//merchant]N'N$tankāru",
"f": {"lang": "akk-x-neoass",
"form": "{LU₂}DAM.QAR",
"cf": "tamkāru",
"gw": "merchant",
"sense": "merchant",
"norm": "tankāru",
"pos": "N",
"epos": "N"}
}
,
{
"node": "d",
"type": "line-start",
"ref": "P335037.5",
"n": "4",
"label": "o 4"}
,
{
"node": "l",
"frag": "⸢id-din⸣",
"id": "P335037.l045a0",
"ref": "P335037.5.1",
"inst": "iddin[pay]V",
"sig": "@saao/saa14%akk-x-neoass:id-din=tadānu[give//pay]V'V$iddin",
"f": {"lang": "akk-x-neoass",
"form": "id-din",
"cf": "tadānu",
"gw": "give",
"sense": "pay",
"norm": "iddin",
"pos": "V",
"epos": "V"}
}
,
{
"node": "l",
"frag": "{1}man-nu-ki-{d}MAŠ",
"id": "P335037.l045a1",
"ref": "P335037.5.2",
"inst": "Mannu-ki-Inurta[1]PN$",
"sig": "@saao/saa14%akk-x-neoass:{1}man-nu-ki-{d}MAŠ=Mannu-ki-Inurta[1//1]PN'PN$Mannu-ki-Inurta",
"f": {"lang": "akk-x-neoass",
"form": "{1}man-nu-ki-{d}MAŠ",
"cf": "Mannu-ki-Inurta",
"gw": "1",
"sense": "1",
"norm": "Mannu-ki-Inurta",
"pos": "PN",
"epos": "PN"}
}
,
{
"node": "l",
"frag": "{mi₂}arba-il₃{ki}MAN-⸢rat⸣",
"id": "P335037.l045a2",
"ref": "P335037.5.3",
"inst": "Arbail-šarrat[1]PN$",
"sig": "@saao/saa14%akk-x-neoass:{MI₂}arba-il₃{KI}-MAN-rat=Arbail-šarrat[1//1]PN'PN$Arbail-šarrat",
"f": {"lang": "akk-x-neoass",
"form": "{MI₂}arba-il₃{KI}-MAN-rat",
"cf": "Arbail-šarrat",
"gw": "1",
"sense": "1",
"norm": "Arbail-šarrat",
"pos": "PN",
"epos": "PN"}
}
,
{
"node": "d",
"type": "line-start",
"ref": "P335037.6",
"n": "5",
"label": "o 5"}
,
{
"node": "l",
"frag": "MI₂-šu",
"id": "P335037.l045a3",
"ref": "P335037.6.1",
"inst": "issušu[woman]N",
"sig": "@saao/saa14%akk-x-neoass:MI₂-šu=sinništu[woman//woman]N'N$issušu",
"f": {"lang": "akk-x-neoass",
"form": "MI₂-šu",
"cf": "sinništu",
"gw": "woman",
"sense": "woman",
"norm": "issušu",
"pos": "N",
"epos": "N"}
}
,
{
"node": "l",
"frag": "DUMU.MI₂-su",
"id": "P335037.l045a4",
"ref": "P335037.6.2",
"inst": "marʾussu[daughter]N",
"sig": "@saao/saa14%akk-x-neoass:DUMU.MI₂-su=mārtu[daughter//daughter]N'N$marʾussu",
"f": {"lang": "akk-x-neoass",
"form": "DUMU.MI₂-su",
"cf": "mārtu",
"gw": "daughter",
"sense": "daughter",
"norm": "marʾussu",
"pos": "N",
"epos": "N"}
}
,
{
"node": "d",
"type": "nonx",
"ref": "P335037.7",
"strict": "1",
"extent": "n",
"scope": "line",
"state": "ruling",
"flags": "!"}
,
{
"node": "d",
"type": "nonx",
"ref": "P335037.8",
"strict": "0",
"extent": "1",
"scope": "space",
"state": "other"}
,
{
"node": "d",
"type": "nonx",
"ref": "P335037.9",
"strict": "1",
"extent": "n",
"scope": "line",
"state": "ruling",
"flags": "!"}
,
{
"node": "d",
"type": "line-start",
"ref": "P335037.10",
"n": "6",
"label": "o 6"}
,
{
"node": "l",
"frag": "PAB",
"id": "P335037.l045a5",
"ref": "P335037.10.1",
"inst": "gimru[total]N",
"sig": "@saao/saa14%akk-x-neoass:PAB=gimru[totality//total]N'N$gimru",
"f": {"lang": "akk-x-neoass",
"form": "PAB",
"cf": "gimru",
"gw": "totality",
"sense": "total",
"norm": "gimru",
"pos": "N",
"epos": "N"}
}
,
{
"node": "l",
"frag": "03",
"id": "P335037.l045a6",
"ref": "P335037.10.2",
"inst": "n",
"f": {"lang": "akk-x-neoass",
"form": "03",
"pos": "n"}
}
,
{
"node": "l",
"frag": "ZI-MEŠ",
"id": "P335037.l045a7",
"ref": "P335037.10.3",
"inst": "nupšāti[person]N",
"sig": "@saao/saa14%akk-x-neoass:ZI-MEŠ=napištu[throat//person]N'N$nupšāti",
"f": {"lang": "akk-x-neoass",
"form": "ZI-MEŠ",
"cf": "napištu",
"gw": "throat",
"sense": "person",
"norm": "nupšāti",
"pos": "N",
"epos": "N"}
}
,
{
"node": "c",
"type": "phrase",
"tag": "phr",
"id": "P335037.U4",
"ref": "P335037.ls00000",
"cdl": [
{
"node": "l",
"frag": "TA@v",
"id": "P335037.l045a8",
"ref": "P335037.10.4",
"inst": "issu[from+=from]PRP",
"sig": "@saao/saa14%akk-x-neoass:TA@v=ištu[from//from]PRP'PRP$issu",
"f": {"lang": "akk-x-neoass",
"form": "TA@v",
"cf": "ištu",
"gw": "from",
"sense": "from",
"norm": "issu",
"pos": "PRP",
"epos": "PRP"}
}
,
{
"node": "l",
"frag": "IGI",
"id": "P335037.l045a9",
"ref": "P335037.10.5",
"inst": "pān[front]N",
"sig": "@saao/saa14%akk-x-neoass:IGI=pānu[front//front]N'N$pān",
"f": {"lang": "akk-x-neoass",
"form": "IGI",
"cf": "pānu",
"gw": "front",
"sense": "front",
"norm": "pān",
"pos": "N",
"epos": "N"}
}
]}
,
{
"node": "l",
"frag": "{lu₂}DAM.QAR",
"id": "P335037.l045aa",
"ref": "P335037.10.6",
"inst": "tankāru[merchant]N",
"sig": "@saao/saa14%akk-x-neoass:{LU₂}DAM.QAR=tamkāru[merchant//merchant]N'N$tankāru",
"f": {"lang": "akk-x-neoass",
"form": "{LU₂}DAM.QAR",
"cf": "tamkāru",
"gw": "merchant",
"sense": "merchant",
"norm": "tankāru",
"pos": "N",
"epos": "N"}
}
,
{
"node": "l",
"frag": "ip-ta-ṭar",
"id": "P335037.l045ab",
"ref": "P335037.10.7",
"inst": "iptaṭar[release]V",
"sig": "@saao/saa14%akk-x-neoass:ip-ta-ṭar=paṭāru[loosen//release]V'V$iptaṭar",
"f": {"lang": "akk-x-neoass",
"form": "ip-ta-ṭar",
"cf": "paṭāru",
"gw": "loosen",
"sense": "release",
"norm": "iptaṭar",
"pos": "V",
"epos": "V"}
}
,
{
"node": "d",
"type": "line-start",
"ref": "P335037.11",
"n": "7",
"label": "o 7"}
,
{
"node": "l",
"frag": "⸢ku⸣-um",
"id": "P335037.l045ac",
"ref": "P335037.11.1",
"inst": "kūm[instead of]PRP",
"sig": "@saao/saa14%akk-x-neoass:ku-um=kūm[instead of//instead of]PRP'PRP$kūm",
"f": {"lang": "akk-x-neoass",
"form": "ku-um",
"cf": "kūm",
"gw": "instead of",
"sense": "instead of",
"norm": "kūm",
"pos": "PRP",
"epos": "PRP"}
}
,
{
"node": "l",
"frag": "ru-be₂-e",
"id": "P335037.l045ad",
"ref": "P335037.11.2",
"inst": "rubbê[interest]N",
"sig": "@saao/saa14%akk-x-neoass:ru-be₂-e=rubbû[increase//interest]N'N$rubbê",
"f": {"lang": "akk-x-neoass",
"form": "ru-be₂-e",
"cf": "rubbû",
"gw": "increase",
"sense": "interest",
"norm": "rubbê",
"pos": "N",
"epos": "N"}
}
,
{
"node": "l",
"frag": "ša₂",
"id": "P335037.l045ae",
"ref": "P335037.11.3",
"inst": "ša[in]'PRP",
"sig": "@saao/saa14%akk-x-neoass:ša₂=ša[of//in]DET'PRP$ša",
"f": {"lang": "akk-x-neoass",
"form": "ša₂",
"cf": "ša",
"gw": "of",
"sense": "in",
"norm": "ša",
"pos": "DET",
"epos": "PRP"}
}
,
{
"node": "l",
"frag": "KUG.UD",
"id": "P335037.l045af",
"ref": "P335037.11.4",
"inst": "ṣarpi[silver]N",
"sig": "@saao/saa14%akk-x-neoass:KUG.UD=ṣarpu[silver//silver]N'N$ṣarpi",
"f": {"lang": "akk-x-neoass",
"form": "KUG.UD",
"cf": "ṣarpu",
"gw": "silver",
"sense": "silver",
"norm": "ṣarpi",
"pos": "N",
"epos": "N"}
}
,
{
"node": "l",
"frag": "a-na",
"id": "P335037.l045b0",
"ref": "P335037.11.5",
"inst": "ana[to]PRP",
"sig": "@saao/saa14%akk-x-neoass:a-na=ana[to//to]PRP'PRP$ana",
"f": {"lang": "akk-x-neoass",
"form": "a-na",
"cf": "ana",
"gw": "to",
"sense": "to",
"norm": "ana",
"pos": "PRP",
"epos": "PRP"}
}
,
{
"node": "l",
"frag": "{1}{d}NU-MAN-iq-bi",
"id": "P335037.l045b1",
"ref": "P335037.11.6",
"inst": "Ṣallam-šarri-iqbi[1]PN",
"sig": "@saao/saa14%akk-x-neoass:{1}{d}NU-MAN-iq-bi=Ṣallam-šarri-iqbi[1//1]PN'PN$Ṣallam-šarri-iqbi",
"f": {"lang": "akk-x-neoass",
"form": "{1}{d}NU-MAN-iq-bi",
"cf": "Ṣallam-šarri-iqbi",
"gw": "1",
"sense": "1",
"norm": "Ṣallam-šarri-iqbi",
"pos": "PN",
"epos": "PN"}
}
,
{
"node": "d",
"type": "line-start",
"ref": "P335037.12",
"n": "8",
"label": "o 8"}
,
{
"node": "l",
"frag": "[i]-⸢pal⸣-lu-hu-šu",
"id": "P335037.l045b2",
"ref": "P335037.12.1",
"inst": "palāhu[fear//serve]V$ipalluhūšu",
"sig": "@saao/saa14%akk-x-neoass:i-pal-lu-hu-šu=palāhu[fear//serve]V'V$ipalluhūšu",
"f": {"lang": "akk-x-neoass",
"form": "i-pal-lu-hu-šu",
"cf": "palāhu",
"gw": "fear",
"sense": "serve",
"norm": "ipalluhūšu",
"pos": "V",
"epos": "V"}
}
,
{
"node": "l",
"frag": "lu-u",
"id": "P335037.l045b3",
"ref": "P335037.12.2",
"inst": "lū[may]MOD",
"sig": "@saao/saa14%akk-x-neoass:lu-u=lū[may//may]MOD'MOD$lū",
"f": {"lang": "akk-x-neoass",
"form": "lu-u",
"cf": "lū",
"gw": "may",
"sense": "may",
"norm": "lū",
"pos": "MOD",
"epos": "MOD"}
}
,
{
"node": "l",
"frag": "{lu₂}GAR-nu-šu",
"id": "P335037.l045b4",
"ref": "P335037.12.3",
"inst": "šaknūšu[prefect]N",
"sig": "@saao/saa14%akk-x-neoass:{LU₂}GAR-nu-šu=šaknu[appointee//prefect]N'N$šaknūšu",
"f": {"lang": "akk-x-neoass",
"form": "{LU₂}GAR-nu-šu",
"cf": "šaknu",
"gw": "appointee",
"sense": "prefect",
"norm": "šaknūšu",
"pos": "N",
"epos": "N"}
}
,
{
"node": "d",
"subtype": "bottom",
"type": "surface",
"ref": "P335037.b.e..13",
"type": "bottom",
"label": "b.e."}
,
{
"node": "d",
"type": "line-start",
"ref": "P335037.14",
"n": "9",
"label": "b.e. 9"}
,
{
"node": "l",
"frag": "[lu-u",
"id": "P335037.l045b5",
"ref": "P335037.14.1",
"inst": "lū[may]MOD",
"sig": "@saao/saa14%akk-x-neoass:lu-u=lū[may//may]MOD'MOD$lū",
"f": {"lang": "akk-x-neoass",
"form": "lu-u",
"cf": "lū",
"gw": "may",
"sense": "may",
"norm": "lū",
"pos": "MOD",
"epos": "MOD"}
}
,
{
"node": "l",
"frag": "x",
"id": "P335037.l045b6",
"ref": "P335037.14.2",
"inst": "u",
"f": {"lang": "akk-x-neoass",
"form": "x",
"pos": "u"}
}
,
{
"node": "l",
"frag": "x",
"id": "P335037.l045b7",
"ref": "P335037.14.3",
"inst": "u",
"f": {"lang": "akk-x-neoass",
"form": "x",
"pos": "u"}
}
,
{
"node": "l",
"frag": "x",
"id": "P335037.l045b8",
"ref": "P335037.14.4",
"inst": "u",
"f": {"lang": "akk-x-neoass",
"form": "x",
"pos": "u"}
}
,
{
"node": "l",
"frag": "x",
"id": "P335037.l045b9",
"ref": "P335037.14.5",
"inst": "u",
"f": {"lang": "akk-x-neoass",
"form": "x",
"pos": "u"}
}
,
{
"node": "l",
"frag": "x]-⸢ti⸣-šu",
"id": "P335037.l045ba",
"ref": "P335037.14.6",
"inst": "u",
"f": {"lang": "akk-x-neoass",
"form": "x-ti-šu",
"pos": "u"}
}
,
{
"node": "l",
"frag": "ša",
"id": "P335037.l045bb",
"ref": "P335037.14.7",
"inst": "ša[that]REL",
"sig": "@saao/saa14%akk-x-neoass:ša=ša[that//that]REL'REL$ša",
"f": {"lang": "akk-x-neoass",
"form": "ša",
"cf": "ša",
"gw": "that",
"sense": "that",
"norm": "ša",
"pos": "REL",
"epos": "REL"}
}
,
{
"node": "l",
"frag": "KUG.UD",
"id": "P335037.l045bc",
"ref": "P335037.14.8",
"inst": "ṣarpi[silver]N",
"sig": "@saao/saa14%akk-x-neoass:KUG.UD=ṣarpu[silver//silver]N'N$ṣarpi",
"f": {"lang": "akk-x-neoass",
"form": "KUG.UD",
"cf": "ṣarpu",
"gw": "silver",
"sense": "silver",
"norm": "ṣarpi",
"pos": "N",
"epos": "N"}
}
,
{
"node": "d",
"subtype": "reverse",
"type": "surface",
"ref": "P335037.r.15",
"type": "reverse",
"label": "r"}
,
{
"node": "d",
"type": "line-start",
"ref": "P335037.16",
"n": "1",
"label": "r 1"}
,
{
"node": "l",
"frag": "[x",
"id": "P335037.l045bd",
"ref": "P335037.16.1",
"inst": "u",
"f": {"lang": "akk-x-neoass",
"form": "x",
"pos": "u"}
}
,
{
"node": "l",
"frag": "x",
"id": "P335037.l045be",
"ref": "P335037.16.2",
"inst": "u",
"f": {"lang": "akk-x-neoass",
"form": "x",
"pos": "u"}
}
,
{
"node": "l",
"frag": "x",
"id": "P335037.l045bf",
"ref": "P335037.16.3",
"inst": "u",
"f": {"lang": "akk-x-neoass",
"form": "x",
"pos": "u"}
}
,
{
"node": "l",
"frag": "x",
"id": "P335037.l045c0",
"ref": "P335037.16.4",
"inst": "u",
"f": {"lang": "akk-x-neoass",
"form": "x",
"pos": "u"}
}
,
{
"node": "l",
"frag": "x",
"id": "P335037.l045c1",
"ref": "P335037.16.5",
"inst": "u",
"f": {"lang": "akk-x-neoass",
"form": "x",
"pos": "u"}
}
,
{
"node": "l",
"frag": "x",
"id": "P335037.l045c2",
"ref": "P335037.16.6",
"inst": "u",
"f": {"lang": "akk-x-neoass",
"form": "x",
"pos": "u"}
}
,
{
"node": "l",
"frag": "x",
"id": "P335037.l045c3",
"ref": "P335037.16.7",
"inst": "u",
"f": {"lang": "akk-x-neoass",
"form": "x",
"pos": "u"}
}
,
{
"node": "l",
"frag": "x]",
"id": "P335037.l045c4",
"ref": "P335037.16.8",
"inst": "u",
"f": {"lang": "akk-x-neoass",
"form": "x",
"pos": "u"}
}
,
{
"node": "l",
"frag": "{1}{d}NU-MAN-DUG₄.GA",
"id": "P335037.l045c5",
"ref": "P335037.16.9",
"inst": "Ṣalam-šarri-iqbi[1]PN$",
"sig": "@saao/saa14%akk-x-neoass:{1}{d}NU-MAN-DUG₄.GA=Ṣalam-šarri-iqbi[1//1]PN'PN$Ṣalam-šarri-iqbi",
"f": {"lang": "akk-x-neoass",
"form": "{1}{d}NU-MAN-DUG₄.GA",
"cf": "Ṣalam-šarri-iqbi",
"gw": "1",
"sense": "1",
"norm": "Ṣalam-šarri-iqbi",
"pos": "PN",
"epos": "PN"}
}
,
{
"node": "d",
"type": "line-start",
"ref": "P335037.17",
"n": "2",
"label": "r 2"}
,
{
"node": "l",
"frag": "[x",
"id": "P335037.l045c6",
"ref": "P335037.17.1",
"inst": "u",
"f": {"lang": "akk-x-neoass",
"form": "x",
"pos": "u"}
}
,
{
"node": "l",
"frag": "x",
"id": "P335037.l045c7",
"ref": "P335037.17.2",
"inst": "u",
"f": {"lang": "akk-x-neoass",
"form": "x",
"pos": "u"}
}
,
{
"node": "l",
"frag": "x",
"id": "P335037.l045c8",
"ref": "P335037.17.3",
"inst": "u",
"f": {"lang": "akk-x-neoass",
"form": "x",
"pos": "u"}
}
,
{
"node": "l",
"frag": "x",
"id": "P335037.l045c9",
"ref": "P335037.17.4",
"inst": "u",
"f": {"lang": "akk-x-neoass",
"form": "x",
"pos": "u"}
}
,
{
"node": "l",
"frag": "x",
"id": "P335037.l045ca",
"ref": "P335037.17.5",
"inst": "u",
"f": {"lang": "akk-x-neoass",
"form": "x",
"pos": "u"}
}
,
{
"node": "l",
"frag": "x",
"id": "P335037.l045cb",
"ref": "P335037.17.6",
"inst": "u",
"f": {"lang": "akk-x-neoass",
"form": "x",
"pos": "u"}
}
,
{
"node": "l",
"frag": "x",
"id": "P335037.l045cc",
"ref": "P335037.17.7",
"inst": "u",
"f": {"lang": "akk-x-neoass",
"form": "x",
"pos": "u"}
}
,
{
"node": "l",
"frag": "u₂]-še-ṣa",
"id": "P335037.l045cd",
"ref": "P335037.17.8",
"inst": "ušēṣa[redeem]V",
"sig": "@saao/saa14%akk-x-neoass:u₂-še-ṣa=aṣû[go out//redeem]V'V$ušēṣa",
"f": {"lang": "akk-x-neoass",
"form": "u₂-še-ṣa",
"cf": "aṣû",
"gw": "go out",
"sense": "redeem",
"norm": "ušēṣa",
"pos": "V",
"epos": "V"}
}
,
{
"node": "l",
"frag": "{iti}GAN",
"id": "P335037.l045ce",
"ref": "P335037.17.9",
"inst": "Kislimi[Kislev]MN",
"sig": "@saao/saa14%akk-x-neoass:{ITI}GAN=Kislimu[Kislev//Kislev]MN'MN$Kislimi",
"f": {"lang": "akk-x-neoass",
"form": "{ITI}GAN",
"cf": "Kislimu",
"gw": "Kislev",
"sense": "Kislev",
"norm": "Kislimi",
"pos": "MN",
"epos": "MN"}
}
,
{
"node": "l",
"frag": "UD",
"id": "P335037.l045cf",
"ref": "P335037.17.10",
"inst": "ūm[day]N",
"sig": "@saao/saa14%akk-x-neoass:UD=ūmu[day//day]N'N$ūm",
"f": {"lang": "akk-x-neoass",
"form": "UD",
"cf": "ūmu",
"gw": "day",
"sense": "day",
"norm": "ūm",
"pos": "N",
"epos": "N"}
}
,
{
"node": "l",
"frag": "16-KAM₂\\t",
"id": "P335037.l045d0",
"ref": "P335037.17.11",
"inst": "n",
"f": {"lang": "akk-x-neoass",
"form": "16-KAM₂",
"pos": "n"}
}
,
{
"node": "d",
"type": "line-start",
"ref": "P335037.18",
"n": "3",
"label": "r 3"}
,
{
"node": "l",
"frag": "[x",
"id": "P335037.l045d1",
"ref": "P335037.18.1",
"inst": "u",
"f": {"lang": "akk-x-neoass",
"form": "x",
"pos": "u"}
}
,
{
"node": "l",
"frag": "x",
"id": "P335037.l045d2",
"ref": "P335037.18.2",
"inst": "u",
"f": {"lang": "akk-x-neoass",
"form": "x",
"pos": "u"}
}
,
{
"node": "l",
"frag": "x",
"id": "P335037.l045d3",
"ref": "P335037.18.3",
"inst": "u",
"f": {"lang": "akk-x-neoass",
"form": "x",
"pos": "u"}
}
,
{
"node": "l",
"frag": "x",
"id": "P335037.l045d4",
"ref": "P335037.18.4",
"inst": "u",
"f": {"lang": "akk-x-neoass",
"form": "x",
"pos": "u"}
}
,
{
"node": "l",
"frag": "x",
"id": "P335037.l045d5",
"ref": "P335037.18.5",
"inst": "u",
"f": {"lang": "akk-x-neoass",
"form": "x",
"pos": "u"}
}
,
{
"node": "l",
"frag": "x",
"id": "P335037.l045d6",
"ref": "P335037.18.6",
"inst": "u",
"f": {"lang": "akk-x-neoass",
"form": "x",
"pos": "u"}
}
,
{
"node": "l",
"frag": "x]",
"id": "P335037.l045d7",
"ref": "P335037.18.7",
"inst": "u",
"f": {"lang": "akk-x-neoass",
"form": "x",
"pos": "u"}
}
,
{
"node": "l",
"frag": "IGI",
"id": "P335037.l045d8",
"ref": "P335037.18.8",
"inst": "šību[witness]N",
"sig": "@saao/saa14%akk-x-neoass:IGI=šību[witness//witness]N'N$šību",
"f": {"lang": "akk-x-neoass",
"form": "IGI",
"cf": "šību",
"gw": "witness",
"sense": "witness",
"norm": "šību",
"pos": "N",
"epos": "N"}
}
,
{
"node": "l",
"frag": "{1}{d}PA-MU-AŠ",
"id": "P335037.l045d9",
"ref": "P335037.18.9",
"inst": "Nabu-šumu-iddina[1]PN",
"sig": "@saao/saa14%akk-x-neoass:{1}{d}PA-MU-AŠ=Nabu-šumu-iddina[1//1]PN'PN$Nabu-šumu-iddina",
"f": {"lang": "akk-x-neoass",
"form": "{1}{d}PA-MU-AŠ",
"cf": "Nabu-šumu-iddina",
"gw": "1",
"sense": "1",
"norm": "Nabu-šumu-iddina",
"pos": "PN",
"epos": "PN"}
}
,
{
"node": "d",
"type": "line-start",
"ref": "P335037.19",
"n": "4",
"label": "r 4"}
,
{
"node": "l",
"frag": "[x",
"id": "P335037.l045da",
"ref": "P335037.19.1",
"inst": "u",
"f": {"lang": "akk-x-neoass",
"form": "x",
"pos": "u"}
}
,
{
"node": "l",
"frag": "x",
"id": "P335037.l045db",
"ref": "P335037.19.2",
"inst": "u",
"f": {"lang": "akk-x-neoass",
"form": "x",
"pos": "u"}
}
,
{
"node": "l",
"frag": "x",
"id": "P335037.l045dc",
"ref": "P335037.19.3",
"inst": "u",
"f": {"lang": "akk-x-neoass",
"form": "x",
"pos": "u"}
}
,
{
"node": "l",
"frag": "x",
"id": "P335037.l045dd",
"ref": "P335037.19.4",
"inst": "u",
"f": {"lang": "akk-x-neoass",
"form": "x",
"pos": "u"}
}
,
{
"node": "l",
"frag": "IGI",
"id": "P335037.l045de",
"ref": "P335037.19.5",
"inst": "šību[witness]N",
"sig": "@saao/saa14%akk-x-neoass:IGI=šību[witness//witness]N'N$šību",
"f": {"lang": "akk-x-neoass",
"form": "IGI",
"cf": "šību",
"gw": "witness",
"sense": "witness",
"norm": "šību",
"pos": "N",
"epos": "N"}
}
,
{
"node": "l",
"frag": "{1}{d]}UTU-šal-lim",
"id": "P335037.l045df",
"ref": "P335037.19.6",
"inst": "Šamaš-šallim[1]PN",
"sig": "@saao/saa14%akk-x-neoass:{1}{d}UTU-šal-lim=Šamaš-šallim[1//1]PN'PN$Šamaš-šallim",
"f": {"lang": "akk-x-neoass",
"form": "{1}{d}UTU-šal-lim",
"cf": "Šamaš-šallim",
"gw": "1",
"sense": "1",
"norm": "Šamaš-šallim",
"pos": "PN",
"epos": "PN"}
}
,
{
"node": "l",
"frag": "IGI",
"id": "P335037.l045e0",
"ref": "P335037.19.7",
"inst": "šību[witness]N",
"sig": "@saao/saa14%akk-x-neoass:IGI=šību[witness//witness]N'N$šību",
"f": {"lang": "akk-x-neoass",
"form": "IGI",
"cf": "šību",
"gw": "witness",
"sense": "witness",
"norm": "šību",
"pos": "N",
"epos": "N"}
}
,
{
"node": "l",
"frag": "{1}iz-bu",
"id": "P335037.l045e1",
"ref": "P335037.19.8",
"inst": "Ezbu[1]PN",
"sig": "@saao/saa14%akk-x-neoass:{1}iz-bu=Ezbu[1//1]PN'PN$Ezbu",
"f": {"lang": "akk-x-neoass",
"form": "{1}iz-bu",
"cf": "Ezbu",
"gw": "1",
"sense": "1",
"norm": "Ezbu",
"pos": "PN",
"epos": "PN"}
}
,
{
"node": "d",
"type": "line-start",
"ref": "P335037.20",
"n": "5",
"label": "r 5"}
,
{
"node": "l",
"frag": "[x",
"id": "P335037.l045e2",
"ref": "P335037.20.1",
"inst": "u",
"f": {"lang": "akk-x-neoass",
"form": "x",
"pos": "u"}
}
,
{
"node": "l",
"frag": "x",
"id": "P335037.l045e3",
"ref": "P335037.20.2",
"inst": "u",
"f": {"lang": "akk-x-neoass",
"form": "x",
"pos": "u"}
}
,
{
"node": "l",
"frag": "x",
"id": "P335037.l045e4",
"ref": "P335037.20.3",
"inst": "u",
"f": {"lang": "akk-x-neoass",
"form": "x",
"pos": "u"}
}
,
{
"node": "l",
"frag": "x",
"id": "P335037.l045e5",
"ref": "P335037.20.4",
"inst": "u",
"f": {"lang": "akk-x-neoass",
"form": "x",
"pos": "u"}
}
,
{
"node": "l",
"frag": "x",
"id": "P335037.l045e6",
"ref": "P335037.20.5",
"inst": "u",
"f": {"lang": "akk-x-neoass",
"form": "x",
"pos": "u"}
}
,
{
"node": "l",
"frag": "x]",
"id": "P335037.l045e7",
"ref": "P335037.20.6",
"inst": "u",
"f": {"lang": "akk-x-neoass",
"form": "x",
"pos": "u"}
}
,
{
"node": "l",
"frag": "⸢IGI⸣",
"id": "P335037.l045e8",
"ref": "P335037.20.7",
"inst": "šību[witness]N",
"sig": "@saao/saa14%akk-x-neoass:IGI=šību[witness//witness]N'N$šību",
"f": {"lang": "akk-x-neoass",
"form": "IGI",
"cf": "šību",
"gw": "witness",
"sense": "witness",
"norm": "šību",
"pos": "N",
"epos": "N"}
}
,
{
"node": "l",
"frag": "{1}⸢x⸣+[x",
"id": "P335037.l045e9",
"ref": "P335037.20.8",
"inst": "u",
"f": {"lang": "akk-x-neoass",
"form": "{1}x+x",
"pos": "u"}
}
,
{
"node": "l",
"frag": "x",
"id": "P335037.l045ea",
"ref": "P335037.20.9",
"inst": "u",
"f": {"lang": "akk-x-neoass",
"form": "x",
"pos": "u"}
}
,
{
"node": "l",
"frag": "x]-me",
"id": "P335037.l045eb",
"ref": "P335037.20.10",
"inst": "u",
"f": {"lang": "akk-x-neoass",
"form": "x-me",
"pos": "u"}
}
,
{
"node": "d",
"type": "line-start",
"ref": "P335037.21",
"n": "6",
"label": "r 6"}
,
{
"node": "l",
"frag": "[x",
"id": "P335037.l045ec",
"ref": "P335037.21.1",
"inst": "u",
"f": {"lang": "akk-x-neoass",
"form": "x",
"pos": "u"}
}
,
{
"node": "l",
"frag": "x",
"id": "P335037.l045ed",
"ref": "P335037.21.2",
"inst": "u",
"f": {"lang": "akk-x-neoass",
"form": "x",
"pos": "u"}
}
,
{
"node": "l",
"frag": "x",
"id": "P335037.l045ee",
"ref": "P335037.21.3",
"inst": "u",
"f": {"lang": "akk-x-neoass",
"form": "x",
"pos": "u"}
}
,
{
"node": "l",
"frag": "x",
"id": "P335037.l045ef",
"ref": "P335037.21.4",
"inst": "u",
"f": {"lang": "akk-x-neoass",
"form": "x",
"pos": "u"}
}
,
{
"node": "l",
"frag": "{1}{d}IM-[x",
"id": "P335037.l045f0",
"ref": "P335037.21.5",
"inst": "u",
"f": {"lang": "akk-x-neoass",
"form": "{1}{d}IM-x",
"pos": "u"}
}
,
{
"node": "l",
"frag": "x",
"id": "P335037.l045f1",
"ref": "P335037.21.6",
"inst": "u",
"f": {"lang": "akk-x-neoass",
"form": "x",
"pos": "u"}
}
,
{
"node": "l",
"frag": "x",
"id": "P335037.l045f2",
"ref": "P335037.21.7",
"inst": "u",
"f": {"lang": "akk-x-neoass",
"form": "x",
"pos": "u"}
}
,
{
"node": "l",
"frag": "x]+⸢x⸣",
"id": "P335037.l045f3",
"ref": "P335037.21.8",
"inst": "u",
"f": {"lang": "akk-x-neoass",
"form": "x+x",
"pos": "u"}
}
,
{
"node": "d",
"type": "line-start",
"ref": "P335037.22",
"n": "7",
"label": "r 7"}
,
{
"node": "l",
"frag": "[o",
"id": "P335037.l045f4",
"ref": "P335037.22.1",
"inst": "u",
"f": {"lang": "akk-x-neoass",
"form": "o",
"pos": "u"}
}
,
{
"node": "l",
"frag": "IGI",
"id": "P335037.l045f5",
"ref": "P335037.22.2",
"inst": "šību[witness]N",
"sig": "@saao/saa14%akk-x-neoass:IGI=šību[witness//witness]N'N$šību",
"f": {"lang": "akk-x-neoass",
"form": "IGI",
"cf": "šību",
"gw": "witness",
"sense": "witness",
"norm": "šību",
"pos": "N",
"epos": "N"}
}
,
{
"node": "l",
"frag": "{1}⸢im⸣-ma-ni-[DINGIR",
"id": "P335037.l045f6",
"ref": "P335037.22.3",
"inst": "Imanni-il[1]PN",
"sig": "@saao/saa14%akk-x-neoass:{1}im-ma-ni-DINGIR=Imanni-il[1//1]PN'PN$Imanni-il",
"f": {"lang": "akk-x-neoass",
"form": "{1}im-ma-ni-DINGIR",
"cf": "Imanni-il",
"gw": "1",
"sense": "1",
"norm": "Imanni-il",
"pos": "PN",
"epos": "PN"}
}
,
{
"node": "l",
"frag": "x",
"id": "P335037.l045f7",
"ref": "P335037.22.4",
"inst": "u",
"f": {"lang": "akk-x-neoass",
"form": "x",
"pos": "u"}
}
,
{
"node": "l",
"frag": "x",
"id": "P335037.l045f8",
"ref": "P335037.22.5",
"inst": "u",
"f": {"lang": "akk-x-neoass",
"form": "x",
"pos": "u"}
}
,
{
"node": "l",
"frag": "x]",
"id": "P335037.l045f9",
"ref": "P335037.22.6",
"inst": "u",
"f": {"lang": "akk-x-neoass",
"form": "x",
"pos": "u"}
}
]}
]}
]}
,
{
"linkbase": [{
"type": "linkset",
"xlink_title": "ištu pān[from//because of]PRP'PRP",
"id": "P335037.ls00000",
"xlink_type": "extended",
"xlink_role": "psu",
"sig": "{ištu[from]PRP pānu[front]N += ištu pān[from//because of]PRP'PRP}::@saao%akk-x-neoass:TA@v=ištu[from//from]PRP'PRP$issu++@saao%akk-x-neoass:IGI=pānu[front//front]N'N$pān",
"links": [
{
"type": "link",
"xlink_title": "issu",
"xlink_type": "locator",
"xlink_href": "#P335037.l045a8",
"xlink_role": "elt"}
,
{
"type": "link",
"xlink_title": "pān",
"xlink_type": "locator",
"xlink_href": "#P335037.l045a9",
"xlink_role": "elt"}
]}
]}
]}
