{
"type": "cdl",
  "source": "http://oracc.org/saao/saa14",
  "license": "This data is released under the CC0 license",
  "license-url": "https://creativecommons.org/publicdomain/zero/1.0/",
  "more-info": "http://oracc.org/doc/opendata/",
  "UTC-timestamp": "2017-05-19T11:50:01",
"project": "saao/saa14",
"textid": "P335473",
"cdl": [
{
"node": "c",
"type": "text",
"id": "P335473.U0",
"cdl": [
{
"node": "d",
"type": "object",
"ref": ""}
,
{
"node": "d",
"subtype": "obverse",
"type": "surface",
"ref": "P335473.o.1",
"type": "obverse",
"label": "o"}
,
{
"node": "d",
"type": "nonx",
"ref": "P335473.2",
"strict": "0",
"extent": "beginning",
"state": "missing"}
,
{
"node": "c",
"type": "discourse",
"subtype": "body",
"id": "P335473.U1",
"cdl": [
{
"node": "c",
"type": "sentence",
"id": "P335473.U2",
"label": "o 1' - r 4'",
"cdl": [
{
"node": "d",
"type": "line-start",
"ref": "P335473.3",
"n": "1'",
"label": "o 1'"}
,
{
"node": "l",
"frag": "[x",
"id": "P335473.l02fa7",
"ref": "P335473.3.1",
"inst": "u",
"f": {"lang": "akk-x-neoass",
"form": "x",
"pos": "u"}
}
,
{
"node": "l",
"frag": "x",
"id": "P335473.l02fa8",
"ref": "P335473.3.2",
"inst": "u",
"f": {"lang": "akk-x-neoass",
"form": "x",
"pos": "u"}
}
,
{
"node": "l",
"frag": "x",
"id": "P335473.l02fa9",
"ref": "P335473.3.3",
"inst": "u",
"f": {"lang": "akk-x-neoass",
"form": "x",
"pos": "u"}
}
,
{
"node": "l",
"frag": "x",
"id": "P335473.l02faa",
"ref": "P335473.3.4",
"inst": "u",
"f": {"lang": "akk-x-neoass",
"form": "x",
"pos": "u"}
}
,
{
"node": "l",
"frag": "x]+⸢x⸣",
"id": "P335473.l02fab",
"ref": "P335473.3.5",
"inst": "u",
"f": {"lang": "akk-x-neoass",
"form": "x+x",
"pos": "u"}
}
,
{
"node": "l",
"frag": "x",
"id": "P335473.l02fac",
"ref": "P335473.3.6",
"inst": "u",
"f": {"lang": "akk-x-neoass",
"form": "x",
"pos": "u"}
}
,
{
"node": "l",
"frag": "x",
"id": "P335473.l02fad",
"ref": "P335473.3.7",
"inst": "u",
"f": {"lang": "akk-x-neoass",
"form": "x",
"pos": "u"}
}
,
{
"node": "l",
"frag": "⸢x",
"id": "P335473.l02fae",
"ref": "P335473.3.8",
"inst": "u",
"f": {"lang": "akk-x-neoass",
"form": "x",
"pos": "u"}
}
,
{
"node": "l",
"frag": "x⸣+[x",
"id": "P335473.l02faf",
"ref": "P335473.3.9",
"inst": "u",
"f": {"lang": "akk-x-neoass",
"form": "x+x",
"pos": "u"}
}
,
{
"node": "l",
"frag": "x",
"id": "P335473.l02fb0",
"ref": "P335473.3.10",
"inst": "u",
"f": {"lang": "akk-x-neoass",
"form": "x",
"pos": "u"}
}
,
{
"node": "l",
"frag": "x]",
"id": "P335473.l02fb1",
"ref": "P335473.3.11",
"inst": "u",
"f": {"lang": "akk-x-neoass",
"form": "x",
"pos": "u"}
}
,
{
"node": "d",
"type": "nonx",
"ref": "P335473.4",
"strict": "0",
"extent": "n",
"scope": "line",
"state": "blank"}
,
{
"node": "d",
"type": "line-start",
"ref": "P335473.5",
"n": "2'",
"label": "o 2'"}
,
{
"node": "l",
"frag": "[x",
"id": "P335473.l02fb2",
"ref": "P335473.5.1",
"inst": "u",
"f": {"lang": "akk-x-neoass",
"form": "x",
"pos": "u"}
}
,
{
"node": "l",
"frag": "x",
"id": "P335473.l02fb3",
"ref": "P335473.5.2",
"inst": "u",
"f": {"lang": "akk-x-neoass",
"form": "x",
"pos": "u"}
}
,
{
"node": "l",
"frag": "x",
"id": "P335473.l02fb4",
"ref": "P335473.5.3",
"inst": "u",
"f": {"lang": "akk-x-neoass",
"form": "x",
"pos": "u"}
}
,
{
"node": "l",
"frag": "x",
"id": "P335473.l02fb5",
"ref": "P335473.5.4",
"inst": "u",
"f": {"lang": "akk-x-neoass",
"form": "x",
"pos": "u"}
}
,
{
"node": "l",
"frag": "{1}⸢EN⸣-SUM-na",
"id": "P335473.l02fb6",
"ref": "P335473.5.5",
"inst": "Bel-iddina[1]PN",
"sig": "@saao/saa14%akk-x-neoass:{1}EN-SUM-na=Bel-iddina[1//1]PN'PN$Bel-iddina",
"f": {"lang": "akk-x-neoass",
"form": "{1}EN-SUM-na",
"cf": "Bel-iddina",
"gw": "1",
"sense": "1",
"norm": "Bel-iddina",
"pos": "PN",
"epos": "PN"}
}
,
{
"node": "l",
"frag": "{lu₂}NAM",
"id": "P335473.l02fb7",
"ref": "P335473.5.6",
"inst": "pāhutu[governor]N",
"sig": "@saao/saa14%akk-x-neoass:{LU₂}NAM=pīhātu[responsibility//governor]N'N$pāhutu",
"f": {"lang": "akk-x-neoass",
"form": "{LU₂}NAM",
"cf": "pīhātu",
"gw": "responsibility",
"sense": "governor",
"norm": "pāhutu",
"pos": "N",
"epos": "N"}
}
,
{
"node": "l",
"frag": "{uru}[kul-me-ra]",
"id": "P335473.l02fb8",
"ref": "P335473.5.7",
"inst": "Kulimmeri[1]GN$Kulimmera",
"sig": "@saao/saa14%akk-x-neoass:{URU}kul-me-ra=Kulimmeri[1//1]GN'GN$Kulimmera",
"f": {"lang": "akk-x-neoass",
"form": "{URU}kul-me-ra",
"cf": "Kulimmeri",
"gw": "1",
"sense": "1",
"norm": "Kulimmera",
"pos": "GN",
"epos": "GN"}
}
,
{
"node": "d",
"type": "line-start",
"ref": "P335473.6",
"n": "3'",
"label": "o 3'"}
,
{
"node": "l",
"frag": "[x",
"id": "P335473.l02fb9",
"ref": "P335473.6.1",
"inst": "u",
"f": {"lang": "akk-x-neoass",
"form": "x",
"pos": "u"}
}
,
{
"node": "l",
"frag": "x",
"id": "P335473.l02fba",
"ref": "P335473.6.2",
"inst": "u",
"f": {"lang": "akk-x-neoass",
"form": "x",
"pos": "u"}
}
,
{
"node": "l",
"frag": "x",
"id": "P335473.l02fbb",
"ref": "P335473.6.3",
"inst": "u",
"f": {"lang": "akk-x-neoass",
"form": "x",
"pos": "u"}
}
,
{
"node": "l",
"frag": "x",
"id": "P335473.l02fbc",
"ref": "P335473.6.4",
"inst": "u",
"f": {"lang": "akk-x-neoass",
"form": "x",
"pos": "u"}
}
,
{
"node": "l",
"frag": "x]",
"id": "P335473.l02fbd",
"ref": "P335473.6.5",
"inst": "u",
"f": {"lang": "akk-x-neoass",
"form": "x",
"pos": "u"}
}
,
{
"node": "l",
"frag": "{1}gab-ba-⸢ra⸣",
"id": "P335473.l02fbe",
"ref": "P335473.6.6",
"inst": "Gabbaru[1]PN$Gabbara",
"sig": "@saao/saa14%akk-x-neoass:{1}gab-ba-ra=Gabbaru[1//1]PN'PN$Gabbara",
"f": {"lang": "akk-x-neoass",
"form": "{1}gab-ba-ra",
"cf": "Gabbaru",
"gw": "1",
"sense": "1",
"norm": "Gabbara",
"pos": "PN",
"epos": "PN"}
}
,
{
"node": "l",
"frag": "[x",
"id": "P335473.l02fbf",
"ref": "P335473.6.7",
"inst": "u",
"f": {"lang": "akk-x-neoass",
"form": "x",
"pos": "u"}
}
,
{
"node": "l",
"frag": "x",
"id": "P335473.l02fc0",
"ref": "P335473.6.8",
"inst": "u",
"f": {"lang": "akk-x-neoass",
"form": "x",
"pos": "u"}
}
,
{
"node": "l",
"frag": "x",
"id": "P335473.l02fc1",
"ref": "P335473.6.9",
"inst": "u",
"f": {"lang": "akk-x-neoass",
"form": "x",
"pos": "u"}
}
,
{
"node": "l",
"frag": "x]",
"id": "P335473.l02fc2",
"ref": "P335473.6.10",
"inst": "u",
"f": {"lang": "akk-x-neoass",
"form": "x",
"pos": "u"}
}
,
{
"node": "d",
"type": "nonx",
"ref": "P335473.7",
"strict": "0",
"extent": "rest",
"state": "missing"}
,
{
"node": "d",
"subtype": "reverse",
"type": "surface",
"ref": "P335473.r.8",
"type": "reverse",
"label": "r"}
,
{
"node": "d",
"type": "nonx",
"ref": "P335473.9",
"strict": "0",
"extent": "beginning",
"state": "missing"}
,
{
"node": "d",
"type": "line-start",
"ref": "P335473.10",
"n": "1'",
"label": "r 1'"}
,
{
"node": "l",
"frag": "[x",
"id": "P335473.l02fc3",
"ref": "P335473.10.1",
"inst": "u",
"f": {"lang": "akk-x-neoass",
"form": "x",
"pos": "u"}
}
,
{
"node": "l",
"frag": "x",
"id": "P335473.l02fc4",
"ref": "P335473.10.2",
"inst": "u",
"f": {"lang": "akk-x-neoass",
"form": "x",
"pos": "u"}
}
,
{
"node": "l",
"frag": "x",
"id": "P335473.l02fc5",
"ref": "P335473.10.3",
"inst": "u",
"f": {"lang": "akk-x-neoass",
"form": "x",
"pos": "u"}
}
,
{
"node": "l",
"frag": "x",
"id": "P335473.l02fc6",
"ref": "P335473.10.4",
"inst": "u",
"f": {"lang": "akk-x-neoass",
"form": "x",
"pos": "u"}
}
,
{
"node": "l",
"frag": "x",
"id": "P335473.l02fc7",
"ref": "P335473.10.5",
"inst": "u",
"f": {"lang": "akk-x-neoass",
"form": "x",
"pos": "u"}
}
,
{
"node": "l",
"frag": "x",
"id": "P335473.l02fc8",
"ref": "P335473.10.6",
"inst": "u",
"f": {"lang": "akk-x-neoass",
"form": "x",
"pos": "u"}
}
,
{
"node": "l",
"frag": "x",
"id": "P335473.l02fc9",
"ref": "P335473.10.7",
"inst": "u",
"f": {"lang": "akk-x-neoass",
"form": "x",
"pos": "u"}
}
,
{
"node": "l",
"frag": "x]+⸢x",
"id": "P335473.l02fca",
"ref": "P335473.10.8",
"inst": "u",
"f": {"lang": "akk-x-neoass",
"form": "x+x",
"pos": "u"}
}
,
{
"node": "l",
"frag": "x⸣+[x",
"id": "P335473.l02fcb",
"ref": "P335473.10.9",
"inst": "u",
"f": {"lang": "akk-x-neoass",
"form": "x+x",
"pos": "u"}
}
,
{
"node": "l",
"frag": "x",
"id": "P335473.l02fcc",
"ref": "P335473.10.10",
"inst": "u",
"f": {"lang": "akk-x-neoass",
"form": "x",
"pos": "u"}
}
,
{
"node": "l",
"frag": "x",
"id": "P335473.l02fcd",
"ref": "P335473.10.11",
"inst": "u",
"f": {"lang": "akk-x-neoass",
"form": "x",
"pos": "u"}
}
,
{
"node": "l",
"frag": "x",
"id": "P335473.l02fce",
"ref": "P335473.10.12",
"inst": "u",
"f": {"lang": "akk-x-neoass",
"form": "x",
"pos": "u"}
}
,
{
"node": "l",
"frag": "x",
"id": "P335473.l02fcf",
"ref": "P335473.10.13",
"inst": "u",
"f": {"lang": "akk-x-neoass",
"form": "x",
"pos": "u"}
}
,
{
"node": "l",
"frag": "x]",
"id": "P335473.l02fd0",
"ref": "P335473.10.14",
"inst": "u",
"f": {"lang": "akk-x-neoass",
"form": "x",
"pos": "u"}
}
,
{
"node": "d",
"type": "line-start",
"ref": "P335473.11",
"n": "2'",
"label": "r 2'"}
,
{
"node": "l",
"frag": "[x",
"id": "P335473.l02fd1",
"ref": "P335473.11.1",
"inst": "u",
"f": {"lang": "akk-x-neoass",
"form": "x",
"pos": "u"}
}
,
{
"node": "l",
"frag": "x",
"id": "P335473.l02fd2",
"ref": "P335473.11.2",
"inst": "u",
"f": {"lang": "akk-x-neoass",
"form": "x",
"pos": "u"}
}
,
{
"node": "l",
"frag": "x",
"id": "P335473.l02fd3",
"ref": "P335473.11.3",
"inst": "u",
"f": {"lang": "akk-x-neoass",
"form": "x",
"pos": "u"}
}
,
{
"node": "l",
"frag": "x",
"id": "P335473.l02fd4",
"ref": "P335473.11.4",
"inst": "u",
"f": {"lang": "akk-x-neoass",
"form": "x",
"pos": "u"}
}
,
{
"node": "l",
"frag": "x",
"id": "P335473.l02fd5",
"ref": "P335473.11.5",
"inst": "u",
"f": {"lang": "akk-x-neoass",
"form": "x",
"pos": "u"}
}
,
{
"node": "l",
"frag": "x",
"id": "P335473.l02fd6",
"ref": "P335473.11.6",
"inst": "u",
"f": {"lang": "akk-x-neoass",
"form": "x",
"pos": "u"}
}
,
{
"node": "l",
"frag": "x",
"id": "P335473.l02fd7",
"ref": "P335473.11.7",
"inst": "u",
"f": {"lang": "akk-x-neoass",
"form": "x",
"pos": "u"}
}
,
{
"node": "l",
"frag": "x]+⸢x⸣",
"id": "P335473.l02fd8",
"ref": "P335473.11.8",
"inst": "u",
"f": {"lang": "akk-x-neoass",
"form": "x+x",
"pos": "u"}
}
,
{
"node": "l",
"frag": "lu",
"id": "P335473.l02fd9",
"ref": "P335473.11.9",
"inst": "lū[may]MOD",
"sig": "@saao/saa14%akk-x-neoass:lu=lū[may//may]MOD'MOD$lū",
"f": {"lang": "akk-x-neoass",
"form": "lu",
"cf": "lū",
"gw": "may",
"sense": "may",
"norm": "lū",
"pos": "MOD",
"epos": "MOD"}
}
,
{
"node": "l",
"frag": "is",
"id": "P335473.l02fda",
"ref": "P335473.11.10",
"inst": "u",
"f": {"lang": "akk-x-neoass",
"form": "is",
"pos": "u"}
}
,
{
"node": "l",
"frag": "kal",
"id": "P335473.l02fdb",
"ref": "P335473.11.11",
"inst": "u",
"f": {"lang": "akk-x-neoass",
"form": "kal",
"pos": "u"}
}
,
{
"node": "l",
"frag": "[x",
"id": "P335473.l02fdc",
"ref": "P335473.11.12",
"inst": "u",
"f": {"lang": "akk-x-neoass",
"form": "x",
"pos": "u"}
}
,
{
"node": "l",
"frag": "x",
"id": "P335473.l02fdd",
"ref": "P335473.11.13",
"inst": "u",
"f": {"lang": "akk-x-neoass",
"form": "x",
"pos": "u"}
}
,
{
"node": "l",
"frag": "x",
"id": "P335473.l02fde",
"ref": "P335473.11.14",
"inst": "u",
"f": {"lang": "akk-x-neoass",
"form": "x",
"pos": "u"}
}
,
{
"node": "l",
"frag": "x]",
"id": "P335473.l02fdf",
"ref": "P335473.11.15",
"inst": "u",
"f": {"lang": "akk-x-neoass",
"form": "x",
"pos": "u"}
}
,
{
"node": "d",
"type": "line-start",
"ref": "P335473.12",
"n": "3'",
"label": "r 3'"}
,
{
"node": "l",
"frag": "[IGI",
"id": "P335473.l02fe0",
"ref": "P335473.12.1",
"inst": "šību[witness]N",
"sig": "@saao/saa14%akk-x-neoass:IGI=šību[witness//witness]N'N$šību",
"f": {"lang": "akk-x-neoass",
"form": "IGI",
"cf": "šību",
"gw": "witness",
"sense": "witness",
"norm": "šību",
"pos": "N",
"epos": "N"}
}
,
{
"node": "l",
"frag": "{1}sa]-⸢si⸣-i",
"id": "P335473.l02fe1",
"ref": "P335473.12.2",
"inst": "Sasi[1]PN",
"sig": "@saao/saa14%akk-x-neoass:{1}sa-si-i=Sasi[1//1]PN'PN$Sasi",
"f": {"lang": "akk-x-neoass",
"form": "{1}sa-si-i",
"cf": "Sasi",
"gw": "1",
"sense": "1",
"norm": "Sasi",
"pos": "PN",
"epos": "PN"}
}
,
{
"node": "l",
"frag": "{lu₂}ha-[za-nu",
"id": "P335473.l02fe2",
"ref": "P335473.12.3",
"inst": "hazannu[mayor]N",
"sig": "@saao/saa14%akk-x-neoass:{LU₂}ha-za-nu=hazannu[mayor//mayor]N'N$hazannu",
"f": {"lang": "akk-x-neoass",
"form": "{LU₂}ha-za-nu",
"cf": "hazannu",
"gw": "mayor",
"sense": "mayor",
"norm": "hazannu",
"pos": "N",
"epos": "N"}
}
,
{
"node": "l",
"frag": "x",
"id": "P335473.l02fe3",
"ref": "P335473.12.4",
"inst": "u",
"f": {"lang": "akk-x-neoass",
"form": "x",
"pos": "u"}
}
,
{
"node": "l",
"frag": "x",
"id": "P335473.l02fe4",
"ref": "P335473.12.5",
"inst": "u",
"f": {"lang": "akk-x-neoass",
"form": "x",
"pos": "u"}
}
,
{
"node": "l",
"frag": "x]",
"id": "P335473.l02fe5",
"ref": "P335473.12.6",
"inst": "u",
"f": {"lang": "akk-x-neoass",
"form": "x",
"pos": "u"}
}
,
{
"node": "d",
"type": "line-start",
"ref": "P335473.13",
"n": "4'",
"label": "r 4'"}
,
{
"node": "l",
"frag": "[x",
"id": "P335473.l02fe6",
"ref": "P335473.13.1",
"inst": "u",
"f": {"lang": "akk-x-neoass",
"form": "x",
"pos": "u"}
}
,
{
"node": "l",
"frag": "x",
"id": "P335473.l02fe7",
"ref": "P335473.13.2",
"inst": "u",
"f": {"lang": "akk-x-neoass",
"form": "x",
"pos": "u"}
}
,
{
"node": "l",
"frag": "x",
"id": "P335473.l02fe8",
"ref": "P335473.13.3",
"inst": "u",
"f": {"lang": "akk-x-neoass",
"form": "x",
"pos": "u"}
}
,
{
"node": "l",
"frag": "x]",
"id": "P335473.l02fe9",
"ref": "P335473.13.4",
"inst": "u",
"f": {"lang": "akk-x-neoass",
"form": "x",
"pos": "u"}
}
,
{
"node": "l",
"frag": "E₂",
"id": "P335473.l02fea",
"ref": "P335473.13.5",
"inst": "bētu[house]N",
"sig": "@saao/saa14%akk-x-neoass:E₂=bītu[house//house]N'N$bētu",
"f": {"lang": "akk-x-neoass",
"form": "E₂",
"cf": "bītu",
"gw": "house",
"sense": "house",
"norm": "bētu",
"pos": "N",
"epos": "N"}
}
,
{
"node": "l",
"frag": "[x",
"id": "P335473.l02feb",
"ref": "P335473.13.6",
"inst": "u",
"f": {"lang": "akk-x-neoass",
"form": "x",
"pos": "u"}
}
,
{
"node": "l",
"frag": "x",
"id": "P335473.l02fec",
"ref": "P335473.13.7",
"inst": "u",
"f": {"lang": "akk-x-neoass",
"form": "x",
"pos": "u"}
}
,
{
"node": "l",
"frag": "x",
"id": "P335473.l02fed",
"ref": "P335473.13.8",
"inst": "u",
"f": {"lang": "akk-x-neoass",
"form": "x",
"pos": "u"}
}
,
{
"node": "l",
"frag": "x]",
"id": "P335473.l02fee",
"ref": "P335473.13.9",
"inst": "u",
"f": {"lang": "akk-x-neoass",
"form": "x",
"pos": "u"}
}
,
{
"node": "d",
"type": "nonx",
"ref": "P335473.14",
"strict": "0",
"extent": "rest",
"state": "missing"}
]}
]}
]}
]}
