{
"type": "cdl",
  "source": "http://oracc.org/saao/saa14",
  "license": "This data is released under the CC0 license",
  "license-url": "https://creativecommons.org/publicdomain/zero/1.0/",
  "more-info": "http://oracc.org/doc/opendata/",
  "UTC-timestamp": "2017-05-19T11:49:42",
"project": "saao/saa14",
"textid": "P335201",
"cdl": [
{
"node": "c",
"type": "text",
"id": "P335201.U0",
"cdl": [
{
"node": "d",
"type": "object",
"ref": ""}
,
{
"node": "d",
"subtype": "obverse",
"type": "surface",
"ref": "P335201.o.1",
"type": "obverse",
"label": "o"}
,
{
"node": "d",
"type": "nonx",
"ref": "P335201.2",
"strict": "0",
"extent": "beginning",
"state": "missing"}
,
{
"node": "d",
"type": "nonx",
"ref": "P335201.3",
"strict": "0",
"extent": "1",
"scope": "impression",
"state": "other"}
,
{
"node": "d",
"type": "nonx",
"ref": "P335201.4",
"strict": "1",
"extent": "n",
"scope": "line",
"state": "ruling",
"flags": "!"}
,
{
"node": "c",
"type": "discourse",
"subtype": "body",
"id": "P335201.U1",
"cdl": [
{
"node": "c",
"type": "sentence",
"id": "P335201.U2",
"label": "o 1' - r 7",
"cdl": [
{
"node": "d",
"type": "line-start",
"ref": "P335201.5",
"n": "1'",
"label": "o 1'"}
,
{
"node": "l",
"frag": "{mi₂}{d}NIN.⸢LIL₂⸣-AMA",
"id": "P335201.l00652",
"ref": "P335201.5.1",
"inst": "Mullissu-ummi[1]PN$",
"sig": "@saao/saa14%akk-x-neoass:{MI₂}{d}NIN.LIL₂-AMA=Mullissu-ummi[1//1]PN'PN$Mullissu-ummi",
"f": {"lang": "akk-x-neoass",
"form": "{MI₂}{d}NIN.LIL₂-AMA",
"cf": "Mullissu-ummi",
"gw": "1",
"sense": "1",
"norm": "Mullissu-ummi",
"pos": "PN",
"epos": "PN"}
}
,
{
"node": "l",
"frag": "GEME₂-šu₂",
"id": "P335201.l00653",
"ref": "P335201.5.2",
"inst": "amtīšu[maid]N",
"sig": "@saao/saa14%akk-x-neoass:GEME₂-šu₂=amtu[maid//maid]N'N$amtīšu",
"f": {"lang": "akk-x-neoass",
"form": "GEME₂-šu₂",
"cf": "amtu",
"gw": "maid",
"sense": "maid",
"norm": "amtīšu",
"pos": "N",
"epos": "N"}
}
,
{
"node": "d",
"type": "line-start",
"ref": "P335201.6",
"n": "2'",
"label": "o 2'"}
,
{
"node": "l",
"frag": "02",
"id": "P335201.l00654",
"ref": "P335201.6.1",
"inst": "n",
"f": {"lang": "akk-x-neoass",
"form": "02",
"pos": "n"}
}
,
{
"node": "l",
"frag": "DUMU-MEŠ-šu₂",
"id": "P335201.l00655",
"ref": "P335201.6.2",
"inst": "marʾēšu[son]N",
"sig": "@saao/saa14%akk-x-neoass:DUMU-MEŠ-šu₂=māru[son//son]N'N$marʾēšu",
"f": {"lang": "akk-x-neoass",
"form": "DUMU-MEŠ-šu₂",
"cf": "māru",
"gw": "son",
"sense": "son",
"norm": "marʾēšu",
"pos": "N",
"epos": "N"}
}
,
{
"node": "l",
"frag": "PAB",
"id": "P335201.l00656",
"ref": "P335201.6.3",
"inst": "gimru[total]N",
"sig": "@saao/saa14%akk-x-neoass:PAB=gimru[totality//total]N'N$gimru",
"f": {"lang": "akk-x-neoass",
"form": "PAB",
"cf": "gimru",
"gw": "totality",
"sense": "total",
"norm": "gimru",
"pos": "N",
"epos": "N"}
}
,
{
"node": "l",
"frag": "03",
"id": "P335201.l00657",
"ref": "P335201.6.4",
"inst": "n",
"f": {"lang": "akk-x-neoass",
"form": "03",
"pos": "n"}
}
,
{
"node": "l",
"frag": "ZI-MEŠ",
"id": "P335201.l00658",
"ref": "P335201.6.5",
"inst": "nupšāti[person]N",
"sig": "@saao/saa14%akk-x-neoass:ZI-MEŠ=napištu[throat//person]N'N$nupšāti",
"f": {"lang": "akk-x-neoass",
"form": "ZI-MEŠ",
"cf": "napištu",
"gw": "throat",
"sense": "person",
"norm": "nupšāti",
"pos": "N",
"epos": "N"}
}
,
{
"node": "d",
"type": "line-start",
"ref": "P335201.7",
"n": "3'",
"label": "o 3'"}
,
{
"node": "l",
"frag": "u₂-piš-ma",
"id": "P335201.l00659",
"ref": "P335201.7.1",
"inst": "uppišma[contract]V",
"sig": "@saao/saa14%akk-x-neoass:u₂-piš-ma=epēšu[do//contract]V'V$uppišma",
"f": {"lang": "akk-x-neoass",
"form": "u₂-piš-ma",
"cf": "epēšu",
"gw": "do",
"sense": "contract",
"norm": "uppišma",
"pos": "V",
"epos": "V"}
}
,
{
"node": "l",
"frag": "{1}{uru}NINA{ki}a.a",
"id": "P335201.l0065a",
"ref": "P335201.7.2",
"inst": "Ninuayu[1]PN$Ninuaya",
"sig": "@saao/saa14%akk-x-neoass:{1}{URU}NINA{KI}-a.a=Ninuayu[1//1]PN'PN$Ninuaya",
"f": {"lang": "akk-x-neoass",
"form": "{1}{URU}NINA{KI}-a.a",
"cf": "Ninuayu",
"gw": "1",
"sense": "1",
"norm": "Ninuaya",
"pos": "PN",
"epos": "PN"}
}
,
{
"node": "d",
"type": "line-start",
"ref": "P335201.8",
"n": "4'",
"label": "o 4'"}
,
{
"node": "l",
"frag": "{lu₂}SAG-MAN",
"id": "P335201.l0065b",
"ref": "P335201.8.1",
"inst": "ša-rēš-šarri[royal eunuch]N",
"sig": "@saao/saa14%akk-x-neoass:{LU₂}SAG-MAN=ša-rēš-šarri[royal eunuch//royal eunuch]N'N$ša-rēš-šarri",
"f": {"lang": "akk-x-neoass",
"form": "{LU₂}SAG-MAN",
"cf": "ša-rēš-šarri",
"gw": "royal eunuch",
"sense": "royal eunuch",
"norm": "ša-rēš-šarri",
"pos": "N",
"epos": "N"}
}
,
{
"node": "l",
"frag": "UN-MEŠ",
"id": "P335201.l0065c",
"ref": "P335201.8.2",
"inst": "nišē[people]N",
"sig": "@saao/saa14%akk-x-neoass:UN-MEŠ=nišu[people//people]N'N$nišē",
"f": {"lang": "akk-x-neoass",
"form": "UN-MEŠ",
"cf": "nišu",
"gw": "people",
"sense": "people",
"norm": "nišē",
"pos": "N",
"epos": "N"}
}
,
{
"node": "c",
"type": "phrase",
"tag": "phr",
"id": "P335201.U4",
"ref": "P335201.ls00000",
"cdl": [
{
"node": "l",
"frag": "TA@v",
"id": "P335201.l0065d",
"ref": "P335201.8.3",
"inst": "issu[from+=from]PRP",
"sig": "@saao/saa14%akk-x-neoass:TA@v=ištu[from//from]PRP'PRP$issu",
"f": {"lang": "akk-x-neoass",
"form": "TA@v",
"cf": "ištu",
"gw": "from",
"sense": "from",
"norm": "issu",
"pos": "PRP",
"epos": "PRP"}
}
,
{
"node": "l",
"frag": "IGI",
"id": "P335201.l0065e",
"ref": "P335201.8.4",
"inst": "pān[front]N",
"sig": "@saao/saa14%akk-x-neoass:IGI=pānu[front//front]N'N$pān",
"f": {"lang": "akk-x-neoass",
"form": "IGI",
"cf": "pānu",
"gw": "front",
"sense": "front",
"norm": "pān",
"pos": "N",
"epos": "N"}
}
]}
,
{
"node": "d",
"type": "line-start",
"ref": "P335201.9",
"n": "5'",
"label": "o 5'"}
,
{
"node": "l",
"frag": "{1}ab-di-i",
"id": "P335201.l0065f",
"ref": "P335201.9.1",
"inst": "Abdi[1]PN",
"sig": "@saao/saa14%akk-x-neoass:{1}ab-di-i=Abdi[1//1]PN'PN$Abdi",
"f": {"lang": "akk-x-neoass",
"form": "{1}ab-di-i",
"cf": "Abdi",
"gw": "1",
"sense": "1",
"norm": "Abdi",
"pos": "PN",
"epos": "PN"}
}
,
{
"node": "d",
"type": "line-start",
"ref": "P335201.10",
"n": "6'",
"label": "o 6'"}
,
{
"node": "l",
"frag": "ina",
"id": "P335201.l00660",
"ref": "P335201.10.1",
"inst": "ina[in+=for]PRP",
"sig": "@saao/saa14%akk-x-neoass:ina=ina[in//in]PRP'PRP$ina",
"f": {"lang": "akk-x-neoass",
"form": "ina",
"cf": "ina",
"gw": "in",
"sense": "in",
"norm": "ina",
"pos": "PRP",
"epos": "PRP"}
}
,
{
"node": "l",
"frag": "ŠA₃-bi",
"id": "P335201.l00661",
"ref": "P335201.10.2",
"inst": "libbi[interior]N",
"sig": "@saao/saa14%akk-x-neoass:ŠA₃-bi=libbu[interior//interior]N'N$libbi",
"f": {"lang": "akk-x-neoass",
"form": "ŠA₃-bi",
"cf": "libbu",
"gw": "interior",
"sense": "interior",
"norm": "libbi",
"pos": "N",
"epos": "N"}
}
,
{
"node": "l",
"frag": "1/2",
"id": "P335201.l00662",
"ref": "P335201.10.3",
"inst": "n",
"f": {"lang": "akk-x-neoass",
"form": "1/2",
"pos": "n"}
}
,
{
"node": "l",
"frag": "MA.NA",
"id": "P335201.l00663",
"ref": "P335201.10.4",
"inst": "manê[a unit of weight]N",
"sig": "@saao/saa14%akk-x-neoass:MA.NA=manû[unit//a unit of weight]N'N$manê",
"f": {"lang": "akk-x-neoass",
"form": "MA.NA",
"cf": "manû",
"gw": "unit",
"sense": "a unit of weight",
"norm": "manê",
"pos": "N",
"epos": "N"}
}
,
{
"node": "l",
"frag": "[KUG.UD]",
"id": "P335201.l00664",
"ref": "P335201.10.5",
"inst": "ṣarpi[silver]N",
"sig": "@saao/saa14%akk-x-neoass:KUG.UD=ṣarpu[silver//silver]N'N$ṣarpi",
"f": {"lang": "akk-x-neoass",
"form": "KUG.UD",
"cf": "ṣarpu",
"gw": "silver",
"sense": "silver",
"norm": "ṣarpi",
"pos": "N",
"epos": "N"}
}
,
{
"node": "d",
"type": "line-start",
"ref": "P335201.11",
"n": "7'",
"label": "o 7'"}
,
{
"node": "l",
"frag": "ina",
"id": "P335201.l00665",
"ref": "P335201.11.1",
"inst": "ina[by]PRP",
"sig": "@saao/saa14%akk-x-neoass:ina=ina[in//by]PRP'PRP$ina",
"f": {"lang": "akk-x-neoass",
"form": "ina",
"cf": "ina",
"gw": "in",
"sense": "by",
"norm": "ina",
"pos": "PRP",
"epos": "PRP"}
}
,
{
"node": "l",
"frag": "01",
"id": "P335201.l00666",
"ref": "P335201.11.2",
"inst": "n",
"f": {"lang": "akk-x-neoass",
"form": "01",
"pos": "n"}
}
,
{
"node": "l",
"frag": "MA.NA-e",
"id": "P335201.l00667",
"ref": "P335201.11.3",
"inst": "manê[a unit of weight]N",
"sig": "@saao/saa14%akk-x-neoass:MA.NA-e=manû[unit//a unit of weight]N'N$manê",
"f": {"lang": "akk-x-neoass",
"form": "MA.NA-e",
"cf": "manû",
"gw": "unit",
"sense": "a unit of weight",
"norm": "manê",
"pos": "N",
"epos": "N"}
}
,
{
"node": "l",
"frag": "URUDU-[MEŠ]",
"id": "P335201.l00668",
"ref": "P335201.11.4",
"inst": "erî[copper]N",
"sig": "@saao/saa14%akk-x-neoass:URUDU-MEŠ=erû[copper//copper]N'N$erî",
"f": {"lang": "akk-x-neoass",
"form": "URUDU-MEŠ",
"cf": "erû",
"gw": "copper",
"sense": "copper",
"norm": "erî",
"pos": "N",
"epos": "N"}
}
,
{
"node": "d",
"type": "line-start",
"ref": "P335201.12",
"n": "8'",
"label": "o 8'"}
,
{
"node": "l",
"frag": "il-qi",
"id": "P335201.l00669",
"ref": "P335201.12.1",
"inst": "ilqi[purchase]V",
"sig": "@saao/saa14%akk-x-neoass:il-qi=leqû[take//purchase]V'V$ilqi",
"f": {"lang": "akk-x-neoass",
"form": "il-qi",
"cf": "leqû",
"gw": "take",
"sense": "purchase",
"norm": "ilqi",
"pos": "V",
"epos": "V"}
}
,
{
"node": "l",
"frag": "kas-pu",
"id": "P335201.l0066a",
"ref": "P335201.12.2",
"inst": "kaspu[money]N",
"sig": "@saao/saa14%akk-x-neoass:kas-pu=kaspu[silver//money]N'N$kaspu",
"f": {"lang": "akk-x-neoass",
"form": "kas-pu",
"cf": "kaspu",
"gw": "silver",
"sense": "money",
"norm": "kaspu",
"pos": "N",
"epos": "N"}
}
,
{
"node": "l",
"frag": "[gam-mur]",
"id": "P335201.l0066b",
"ref": "P335201.12.3",
"inst": "gammur[completed]AJ",
"sig": "@saao/saa14%akk-x-neoass:gam-mur=gammuru[finished//completed]AJ'AJ$gammur",
"f": {"lang": "akk-x-neoass",
"form": "gam-mur",
"cf": "gammuru",
"gw": "finished",
"sense": "completed",
"norm": "gammur",
"pos": "AJ",
"epos": "AJ"}
}
,
{
"node": "d",
"type": "line-start",
"ref": "P335201.13",
"n": "9'",
"label": "o 9'"}
,
{
"node": "l",
"frag": "SUM-ni",
"id": "P335201.l0066c",
"ref": "P335201.13.1",
"inst": "tadni[paid]AJ",
"sig": "@saao/saa14%akk-x-neoass:SUM-ni=tadnu[given//paid]AJ'AJ$tadni",
"f": {"lang": "akk-x-neoass",
"form": "SUM-ni",
"cf": "tadnu",
"gw": "given",
"sense": "paid",
"norm": "tadni",
"pos": "AJ",
"epos": "AJ"}
}
,
{
"node": "l",
"frag": "UN-MEŠ",
"id": "P335201.l0066d",
"ref": "P335201.13.2",
"inst": "nišē[people]N",
"sig": "@saao/saa14%akk-x-neoass:UN-MEŠ=nišu[people//people]N'N$nišē",
"f": {"lang": "akk-x-neoass",
"form": "UN-MEŠ",
"cf": "nišu",
"gw": "people",
"sense": "people",
"norm": "nišē",
"pos": "N",
"epos": "N"}
}
,
{
"node": "l",
"frag": "šu-a-tu₂",
"id": "P335201.l0066e",
"ref": "P335201.13.3",
"inst": "šuātu[that]'DP",
"sig": "@saao/saa14%akk-x-neoass:šu-a-tu₂=šuāti[him//that]IP'DP$šuātu",
"f": {"lang": "akk-x-neoass",
"form": "šu-a-tu₂",
"cf": "šuāti",
"gw": "him",
"sense": "that",
"norm": "šuātu",
"pos": "IP",
"epos": "DP"}
}
,
{
"node": "d",
"subtype": "bottom",
"type": "surface",
"ref": "P335201.b.e..14",
"type": "bottom",
"label": "b.e."}
,
{
"node": "d",
"type": "line-start",
"ref": "P335201.15",
"n": "10'",
"label": "b.e. 10'"}
,
{
"node": "l",
"frag": "zar-pu",
"id": "P335201.l0066f",
"ref": "P335201.15.1",
"inst": "zarpu[purchased]AJ",
"sig": "@saao/saa14%akk-x-neoass:zar-pu=zarpu[purchased//purchased]AJ'AJ$zarpu",
"f": {"lang": "akk-x-neoass",
"form": "zar-pu",
"cf": "zarpu",
"gw": "purchased",
"sense": "purchased",
"norm": "zarpu",
"pos": "AJ",
"epos": "AJ"}
}
,
{
"node": "l",
"frag": "la₃-TI",
"id": "P335201.l00670",
"ref": "P335201.15.2",
"inst": "leqû[taken//acquired]AJ$laqqiu",
"sig": "@saao/saa14%akk-x-neoass:la₃-TI=leqû[taken//acquired]AJ'AJ$laqqiu",
"f": {"lang": "akk-x-neoass",
"form": "la₃-TI",
"cf": "leqû",
"gw": "taken",
"sense": "acquired",
"norm": "laqqiu",
"pos": "AJ",
"epos": "AJ"}
}
,
{
"node": "d",
"type": "line-start",
"ref": "P335201.16",
"n": "11'",
"label": "b.e. 11'"}
,
{
"node": "l",
"frag": "tu-a-ru",
"id": "P335201.l00671",
"ref": "P335201.16.1",
"inst": "tuāru[revocation]'N",
"sig": "@saao/saa14%akk-x-neoass:tu-a-ru=târu[turn//revocation]V'N$tuāru",
"f": {"lang": "akk-x-neoass",
"form": "tu-a-ru",
"cf": "târu",
"gw": "turn",
"sense": "revocation",
"norm": "tuāru",
"pos": "V",
"epos": "N"}
}
,
{
"node": "l",
"frag": "de-nu",
"id": "P335201.l00672",
"ref": "P335201.16.2",
"inst": "dēnu[lawsuit]N",
"sig": "@saao/saa14%akk-x-neoass:de-nu=dīnu[legal decision//lawsuit]N'N$dēnu",
"f": {"lang": "akk-x-neoass",
"form": "de-nu",
"cf": "dīnu",
"gw": "legal decision",
"sense": "lawsuit",
"norm": "dēnu",
"pos": "N",
"epos": "N"}
}
,
{
"node": "d",
"type": "line-start",
"ref": "P335201.17",
"n": "12'",
"label": "b.e. 12'"}
,
{
"node": "l",
"frag": "⸢DUG₄⸣.DUG₄",
"id": "P335201.l00673",
"ref": "P335201.17.1",
"inst": "dabābu[litigation]'N",
"sig": "@saao/saa14%akk-x-neoass:DUG₄.DUG₄=dabābu[speak//litigation]V'N$dabābu",
"f": {"lang": "akk-x-neoass",
"form": "DUG₄.DUG₄",
"cf": "dabābu",
"gw": "speak",
"sense": "litigation",
"norm": "dabābu",
"pos": "V",
"epos": "N"}
}
,
{
"node": "l",
"frag": "la-aš₂-šu₂",
"id": "P335201.l00674",
"ref": "P335201.17.2",
"inst": "laššu[(there) is not]V",
"sig": "@saao/saa14%akk-x-neoass:la-aš₂-šu₂=laššu[(there) is not//(there) is not]V'V$laššu",
"f": {"lang": "akk-x-neoass",
"form": "la-aš₂-šu₂",
"cf": "laššu",
"gw": "(there) is not",
"sense": "(there) is not",
"norm": "laššu",
"pos": "V",
"epos": "V"}
}
,
{
"node": "d",
"subtype": "reverse",
"type": "surface",
"ref": "P335201.r.18",
"type": "reverse",
"label": "r"}
,
{
"node": "d",
"type": "line-start",
"ref": "P335201.19",
"n": "1",
"label": "r 1"}
,
{
"node": "l",
"frag": "[man]-nu",
"id": "P335201.l00675",
"ref": "P335201.19.1",
"inst": "mannu[whoever]'XP",
"sig": "@saao/saa14%akk-x-neoass:man-nu=mannu[who?//whoever]QP'XP$mannu",
"f": {"lang": "akk-x-neoass",
"form": "man-nu",
"cf": "mannu",
"gw": "who?",
"sense": "whoever",
"norm": "mannu",
"pos": "QP",
"epos": "XP"}
}
,
{
"node": "l",
"frag": "ša₂",
"id": "P335201.l00676",
"ref": "P335201.19.2",
"inst": "ša[that]REL",
"sig": "@saao/saa14%akk-x-neoass:ša₂=ša[that//that]REL'REL$ša",
"f": {"lang": "akk-x-neoass",
"form": "ša₂",
"cf": "ša",
"gw": "that",
"sense": "that",
"norm": "ša",
"pos": "REL",
"epos": "REL"}
}
,
{
"node": "l",
"frag": "GIL-u-ni",
"id": "P335201.l00677",
"ref": "P335201.19.3",
"inst": "iparrakūni[contravene]V",
"sig": "@saao/saa14%akk-x-neoass:GIL-u-ni=parāku[lie across//contravene]V'V$iparrakūni",
"f": {"lang": "akk-x-neoass",
"form": "GIL-u-ni",
"cf": "parāku",
"gw": "lie across",
"sense": "contravene",
"norm": "iparrakūni",
"pos": "V",
"epos": "V"}
}
,
{
"node": "d",
"type": "line-start",
"ref": "P335201.20",
"n": "2",
"label": "r 2"}
,
{
"node": "l",
"frag": "[x]",
"id": "P335201.l00678",
"ref": "P335201.20.1",
"inst": "u",
"f": {"lang": "akk-x-neoass",
"form": "x",
"pos": "u"}
}
,
{
"node": "l",
"frag": "MA.NA",
"id": "P335201.l00679",
"ref": "P335201.20.2",
"inst": "manê[a unit of weight]N",
"sig": "@saao/saa14%akk-x-neoass:MA.NA=manû[unit//a unit of weight]N'N$manê",
"f": {"lang": "akk-x-neoass",
"form": "MA.NA",
"cf": "manû",
"gw": "unit",
"sense": "a unit of weight",
"norm": "manê",
"pos": "N",
"epos": "N"}
}
,
{
"node": "l",
"frag": "KUG.UD",
"id": "P335201.l0067a",
"ref": "P335201.20.3",
"inst": "ṣarpi[silver]N",
"sig": "@saao/saa14%akk-x-neoass:KUG.UD=ṣarpu[silver//silver]N'N$ṣarpi",
"f": {"lang": "akk-x-neoass",
"form": "KUG.UD",
"cf": "ṣarpu",
"gw": "silver",
"sense": "silver",
"norm": "ṣarpi",
"pos": "N",
"epos": "N"}
}
,
{
"node": "l",
"frag": "SUM-an",
"id": "P335201.l0067b",
"ref": "P335201.20.4",
"inst": "iddan[pay]V",
"sig": "@saao/saa14%akk-x-neoass:SUM-an=tadānu[give//pay]V'V$iddan",
"f": {"lang": "akk-x-neoass",
"form": "SUM-an",
"cf": "tadānu",
"gw": "give",
"sense": "pay",
"norm": "iddan",
"pos": "V",
"epos": "V"}
}
,
{
"node": "d",
"type": "line-start",
"ref": "P335201.21",
"n": "3",
"label": "r 3"}
,
{
"node": "l",
"frag": "[UN-MEŠ]",
"id": "P335201.l0067c",
"ref": "P335201.21.1",
"inst": "nišē[people]N",
"sig": "@saao/saa14%akk-x-neoass:UN-MEŠ=nišu[people//people]N'N$nišē",
"f": {"lang": "akk-x-neoass",
"form": "UN-MEŠ",
"cf": "nišu",
"gw": "people",
"sense": "people",
"norm": "nišē",
"pos": "N",
"epos": "N"}
}
,
{
"node": "l",
"frag": "u₂-še-ṣa",
"id": "P335201.l0067d",
"ref": "P335201.21.2",
"inst": "ušēṣa[redeem]V",
"sig": "@saao/saa14%akk-x-neoass:u₂-še-ṣa=aṣû[go out//redeem]V'V$ušēṣa",
"f": {"lang": "akk-x-neoass",
"form": "u₂-še-ṣa",
"cf": "aṣû",
"gw": "go out",
"sense": "redeem",
"norm": "ušēṣa",
"pos": "V",
"epos": "V"}
}
,
{
"node": "d",
"type": "nonx",
"ref": "P335201.22",
"strict": "1",
"extent": "n",
"scope": "line",
"state": "ruling"}
,
{
"node": "d",
"type": "line-start",
"ref": "P335201.23",
"n": "4",
"label": "r 4"}
,
{
"node": "l",
"frag": "[IGI]",
"id": "P335201.l0067e",
"ref": "P335201.23.1",
"inst": "šību[witness]N",
"sig": "@saao/saa14%akk-x-neoass:IGI=šību[witness//witness]N'N$šību",
"f": {"lang": "akk-x-neoass",
"form": "IGI",
"cf": "šību",
"gw": "witness",
"sense": "witness",
"norm": "šību",
"pos": "N",
"epos": "N"}
}
,
{
"node": "l",
"frag": "{1}ab-di-se-eʾ",
"id": "P335201.l0067f",
"ref": "P335201.23.2",
"inst": "Abdi-Seʾ[1]PN$",
"sig": "@saao/saa14%akk-x-neoass:{1}ab-di-se-eʾ=Abdi-Seʾ[1//1]PN'PN$Abdi-Seʾ",
"f": {"lang": "akk-x-neoass",
"form": "{1}ab-di-se-eʾ",
"cf": "Abdi-Seʾ",
"gw": "1",
"sense": "1",
"norm": "Abdi-Seʾ",
"pos": "PN",
"epos": "PN"}
}
,
{
"node": "d",
"type": "line-start",
"ref": "P335201.24",
"n": "5",
"label": "r 5"}
,
{
"node": "l",
"frag": "IGI",
"id": "P335201.l00680",
"ref": "P335201.24.1",
"inst": "šību[witness]N",
"sig": "@saao/saa14%akk-x-neoass:IGI=šību[witness//witness]N'N$šību",
"f": {"lang": "akk-x-neoass",
"form": "IGI",
"cf": "šību",
"gw": "witness",
"sense": "witness",
"norm": "šību",
"pos": "N",
"epos": "N"}
}
,
{
"node": "l",
"frag": "{1}{d}UTU-ki-la-a-ni",
"id": "P335201.l00681",
"ref": "P335201.24.2",
"inst": "Šamaš-killanni[1]PN$",
"sig": "@saao/saa14%akk-x-neoass:{1}{d}UTU-ki-la-a-ni=Šamaš-killanni[1//1]PN'PN$Šamaš-killanni",
"f": {"lang": "akk-x-neoass",
"form": "{1}{d}UTU-ki-la-a-ni",
"cf": "Šamaš-killanni",
"gw": "1",
"sense": "1",
"norm": "Šamaš-killanni",
"pos": "PN",
"epos": "PN"}
}
,
{
"node": "d",
"type": "line-start",
"ref": "P335201.25",
"n": "6",
"label": "r 6"}
,
{
"node": "l",
"frag": "IGI",
"id": "P335201.l00682",
"ref": "P335201.25.1",
"inst": "šību[witness]N",
"sig": "@saao/saa14%akk-x-neoass:IGI=šību[witness//witness]N'N$šību",
"f": {"lang": "akk-x-neoass",
"form": "IGI",
"cf": "šību",
"gw": "witness",
"sense": "witness",
"norm": "šību",
"pos": "N",
"epos": "N"}
}
,
{
"node": "l",
"frag": "{1}{d}PA-šal-lim",
"id": "P335201.l00683",
"ref": "P335201.25.2",
"inst": "Nabu-šallim[1]PN",
"sig": "@saao/saa14%akk-x-neoass:{1}{d}PA-šal-lim=Nabu-šallim[1//1]PN'PN$Nabu-šallim",
"f": {"lang": "akk-x-neoass",
"form": "{1}{d}PA-šal-lim",
"cf": "Nabu-šallim",
"gw": "1",
"sense": "1",
"norm": "Nabu-šallim",
"pos": "PN",
"epos": "PN"}
}
,
{
"node": "d",
"type": "line-start",
"ref": "P335201.26",
"n": "7",
"label": "r 7"}
,
{
"node": "l",
"frag": "IGI",
"id": "P335201.l00684",
"ref": "P335201.26.1",
"inst": "šību[witness]N",
"sig": "@saao/saa14%akk-x-neoass:IGI=šību[witness//witness]N'N$šību",
"f": {"lang": "akk-x-neoass",
"form": "IGI",
"cf": "šību",
"gw": "witness",
"sense": "witness",
"norm": "šību",
"pos": "N",
"epos": "N"}
}
,
{
"node": "l",
"frag": "{1}{⸢d}PA⸣-UR-ka-ZI",
"id": "P335201.l00685",
"ref": "P335201.26.2",
"inst": "Nabu-takilka-šatbi[1]PN$",
"sig": "@saao/saa14%akk-x-neoass:{1}{d}PA-UR-ka-ZI=Nabu-takilka-šatbi[1//1]PN'PN$Nabu-takilka-šatbi",
"f": {"lang": "akk-x-neoass",
"form": "{1}{d}PA-UR-ka-ZI",
"cf": "Nabu-takilka-šatbi",
"gw": "1",
"sense": "1",
"norm": "Nabu-takilka-šatbi",
"pos": "PN",
"epos": "PN"}
}
,
{
"node": "d",
"type": "nonx",
"ref": "P335201.27",
"strict": "0",
"extent": "rest",
"state": "missing"}
]}
]}
]}
,
{
"linkbase": [{
"type": "linkset",
"xlink_title": "ištu pān[from//because of]PRP'PRP",
"id": "P335201.ls00000",
"xlink_type": "extended",
"xlink_role": "psu",
"sig": "{ištu[from]PRP pānu[front]N += ištu pān[from//because of]PRP'PRP}::@saao%akk-x-neoass:TA@v=ištu[from//from]PRP'PRP$issu++@saao%akk-x-neoass:IGI=pānu[front//front]N'N$pān",
"links": [
{
"type": "link",
"xlink_title": "issu",
"xlink_type": "locator",
"xlink_href": "#P335201.l0065d",
"xlink_role": "elt"}
,
{
"type": "link",
"xlink_title": "pān",
"xlink_type": "locator",
"xlink_href": "#P335201.l0065e",
"xlink_role": "elt"}
]}
]}
]}
