{
"type": "cdl",
  "source": "http://oracc.org/saao/saa14",
  "license": "This data is released under the CC0 license",
  "license-url": "https://creativecommons.org/publicdomain/zero/1.0/",
  "more-info": "http://oracc.org/doc/opendata/",
  "UTC-timestamp": "2017-05-19T11:49:52",
"project": "saao/saa14",
"textid": "P335340",
"cdl": [
{
"node": "c",
"type": "text",
"id": "P335340.U0",
"cdl": [
{
"node": "d",
"type": "object",
"ref": ""}
,
{
"node": "d",
"subtype": "obverse",
"type": "surface",
"ref": "P335340.o.1",
"type": "obverse",
"label": "o"}
,
{
"node": "c",
"type": "discourse",
"subtype": "body",
"id": "P335340.U1",
"cdl": [
{
"node": "c",
"type": "sentence",
"id": "P335340.U2",
"label": "o 1 - e. 1",
"cdl": [
{
"node": "d",
"type": "line-start",
"ref": "P335340.2",
"n": "1",
"label": "o 1"}
,
{
"node": "l",
"frag": "{na₄}KIŠIB",
"id": "P335340.l04ede",
"ref": "P335340.2.1",
"inst": "kunukku[seal]N",
"sig": "@saao/saa14%akk-x-neoass:{NA₄}KIŠIB=kunukku[seal//seal]N'N$kunukku",
"f": {"lang": "akk-x-neoass",
"form": "{NA₄}KIŠIB",
"cf": "kunukku",
"gw": "seal",
"sense": "seal",
"norm": "kunukku",
"pos": "N",
"epos": "N"}
}
,
{
"node": "l",
"frag": "{1}{d}NU-MAN-iq-bi",
"id": "P335340.l04edf",
"ref": "P335340.2.2",
"inst": "Ṣallam-šarri-iqbi[1]PN",
"sig": "@saao/saa14%akk-x-neoass:{1}{d}NU-MAN-iq-bi=Ṣallam-šarri-iqbi[1//1]PN'PN$Ṣallam-šarri-iqbi",
"f": {"lang": "akk-x-neoass",
"form": "{1}{d}NU-MAN-iq-bi",
"cf": "Ṣallam-šarri-iqbi",
"gw": "1",
"sense": "1",
"norm": "Ṣallam-šarri-iqbi",
"pos": "PN",
"epos": "PN"}
}
,
{
"node": "l",
"frag": "{⸢lu₂⸣}[x",
"id": "P335340.l04ee0",
"ref": "P335340.2.3",
"inst": "u",
"f": {"lang": "akk-x-neoass",
"form": "{LU₂}x",
"pos": "u"}
}
,
{
"node": "l",
"frag": "x",
"id": "P335340.l04ee1",
"ref": "P335340.2.4",
"inst": "u",
"f": {"lang": "akk-x-neoass",
"form": "x",
"pos": "u"}
}
,
{
"node": "l",
"frag": "x]",
"id": "P335340.l04ee2",
"ref": "P335340.2.5",
"inst": "u",
"f": {"lang": "akk-x-neoass",
"form": "x",
"pos": "u"}
}
,
{
"node": "d",
"type": "line-start",
"ref": "P335340.3",
"n": "2",
"label": "o 2"}
,
{
"node": "l",
"frag": "{uru}{lu₂v}{giš}GIGIR-MEŠ-a.a",
"id": "P335340.l04ee3",
"ref": "P335340.3.1",
"inst": "Susanaya[from Susanu]EN$",
"sig": "@saao/saa14%akk-x-neoass:{URU}{LU₂}{GIŠ}GIGIR-MEŠ-a.a=Susanaya[from Susanu//from Susanu]EN'EN$Susanaya",
"f": {"lang": "akk-x-neoass",
"form": "{URU}{LU₂}{GIŠ}GIGIR-MEŠ-a.a",
"cf": "Susanaya",
"gw": "from Susanu",
"sense": "from Susanu",
"norm": "Susanaya",
"pos": "EN",
"epos": "EN"}
}
,
{
"node": "l",
"frag": "EN",
"id": "P335340.l04ee4",
"ref": "P335340.3.2",
"inst": "bēl[owner]N",
"sig": "@saao/saa14%akk-x-neoass:EN=bēlu[lord//owner]N'N$bēl",
"f": {"lang": "akk-x-neoass",
"form": "EN",
"cf": "bēlu",
"gw": "lord",
"sense": "owner",
"norm": "bēl",
"pos": "N",
"epos": "N"}
}
,
{
"node": "l",
"frag": "A.⸢ŠA₃⸣",
"id": "P335340.l04ee5",
"ref": "P335340.3.3",
"inst": "eqli[field]N",
"sig": "@saao/saa14%akk-x-neoass:A.ŠA₃=eqlu[field//field]N'N$eqli",
"f": {"lang": "akk-x-neoass",
"form": "A.ŠA₃",
"cf": "eqlu",
"gw": "field",
"sense": "field",
"norm": "eqli",
"pos": "N",
"epos": "N"}
}
,
{
"node": "l",
"frag": "[x",
"id": "P335340.l04ee6",
"ref": "P335340.3.4",
"inst": "u",
"f": {"lang": "akk-x-neoass",
"form": "x",
"pos": "u"}
}
,
{
"node": "l",
"frag": "x",
"id": "P335340.l04ee7",
"ref": "P335340.3.5",
"inst": "u",
"f": {"lang": "akk-x-neoass",
"form": "x",
"pos": "u"}
}
,
{
"node": "l",
"frag": "x]",
"id": "P335340.l04ee8",
"ref": "P335340.3.6",
"inst": "u",
"f": {"lang": "akk-x-neoass",
"form": "x",
"pos": "u"}
}
,
{
"node": "d",
"type": "line-start",
"ref": "P335340.4",
"n": "3",
"label": "o 3"}
,
{
"node": "l",
"frag": "SUM-a-[ni]",
"id": "P335340.l04ee9",
"ref": "P335340.4.1",
"inst": "tadāni[giving]'N",
"sig": "@saao/saa14%akk-x-neoass:SUM-a-ni=tadānu[give//giving]V'N$tadāni",
"f": {"lang": "akk-x-neoass",
"form": "SUM-a-ni",
"cf": "tadānu",
"gw": "give",
"sense": "giving",
"norm": "tadāni",
"pos": "V",
"epos": "N"}
}
,
{
"node": "d",
"type": "nonx",
"ref": "P335340.5",
"strict": "0",
"extent": "1",
"scope": "impression",
"state": "other"}
,
{
"node": "d",
"type": "nonx",
"ref": "P335340.6",
"strict": "0",
"extent": "rest",
"state": "missing"}
,
{
"node": "d",
"subtype": "reverse",
"type": "surface",
"ref": "P335340.r.7",
"type": "reverse",
"label": "r"}
,
{
"node": "d",
"type": "nonx",
"ref": "P335340.8",
"strict": "0",
"extent": "beginning",
"state": "missing"}
,
{
"node": "d",
"type": "line-start",
"ref": "P335340.9",
"n": "1'",
"label": "r 1'"}
,
{
"node": "l",
"frag": "[IGI",
"id": "P335340.l04eea",
"ref": "P335340.9.1",
"inst": "šību[witness]N",
"sig": "@saao/saa14%akk-x-neoass:IGI=šību[witness//witness]N'N$šību",
"f": {"lang": "akk-x-neoass",
"form": "IGI",
"cf": "šību",
"gw": "witness",
"sense": "witness",
"norm": "šību",
"pos": "N",
"epos": "N"}
}
,
{
"node": "l",
"frag": "{1}10--u-[x",
"id": "P335340.l04eeb",
"ref": "P335340.9.2",
"inst": "u",
"f": {"lang": "akk-x-neoass",
"form": "{1}10-u-x",
"pos": "u"}
}
,
{
"node": "l",
"frag": "x",
"id": "P335340.l04eec",
"ref": "P335340.9.3",
"inst": "u",
"f": {"lang": "akk-x-neoass",
"form": "x",
"pos": "u"}
}
,
{
"node": "l",
"frag": "x]",
"id": "P335340.l04eed",
"ref": "P335340.9.4",
"inst": "u",
"f": {"lang": "akk-x-neoass",
"form": "x",
"pos": "u"}
}
,
{
"node": "d",
"type": "line-start",
"ref": "P335340.10",
"n": "2'",
"label": "r 2'"}
,
{
"node": "l",
"frag": "[IGI]",
"id": "P335340.l04eee",
"ref": "P335340.10.1",
"inst": "šību[witness]N",
"sig": "@saao/saa14%akk-x-neoass:IGI=šību[witness//witness]N'N$šību",
"f": {"lang": "akk-x-neoass",
"form": "IGI",
"cf": "šību",
"gw": "witness",
"sense": "witness",
"norm": "šību",
"pos": "N",
"epos": "N"}
}
,
{
"node": "l",
"frag": "{1}gab-⸢ri⸣-[x",
"id": "P335340.l04eef",
"ref": "P335340.10.2",
"inst": "u",
"f": {"lang": "akk-x-neoass",
"form": "{1}gab-ri-x",
"pos": "u"}
}
,
{
"node": "l",
"frag": "x",
"id": "P335340.l04ef0",
"ref": "P335340.10.3",
"inst": "u",
"f": {"lang": "akk-x-neoass",
"form": "x",
"pos": "u"}
}
,
{
"node": "l",
"frag": "x]",
"id": "P335340.l04ef1",
"ref": "P335340.10.4",
"inst": "u",
"f": {"lang": "akk-x-neoass",
"form": "x",
"pos": "u"}
}
,
{
"node": "d",
"type": "line-start",
"ref": "P335340.11",
"n": "3'",
"label": "r 3'"}
,
{
"node": "l",
"frag": "IGI",
"id": "P335340.l04ef2",
"ref": "P335340.11.1",
"inst": "šību[witness]N",
"sig": "@saao/saa14%akk-x-neoass:IGI=šību[witness//witness]N'N$šību",
"f": {"lang": "akk-x-neoass",
"form": "IGI",
"cf": "šību",
"gw": "witness",
"sense": "witness",
"norm": "šību",
"pos": "N",
"epos": "N"}
}
,
{
"node": "l",
"frag": "{1}aš-šur-[x",
"id": "P335340.l04ef3",
"ref": "P335340.11.2",
"inst": "u",
"f": {"lang": "akk-x-neoass",
"form": "{1}aš-šur-x",
"pos": "u"}
}
,
{
"node": "l",
"frag": "x",
"id": "P335340.l04ef4",
"ref": "P335340.11.3",
"inst": "u",
"f": {"lang": "akk-x-neoass",
"form": "x",
"pos": "u"}
}
,
{
"node": "l",
"frag": "x]",
"id": "P335340.l04ef5",
"ref": "P335340.11.4",
"inst": "u",
"f": {"lang": "akk-x-neoass",
"form": "x",
"pos": "u"}
}
,
{
"node": "d",
"type": "line-start",
"ref": "P335340.12",
"n": "4'",
"label": "r 4'"}
,
{
"node": "l",
"frag": "ša",
"id": "P335340.l04ef6",
"ref": "P335340.12.1",
"inst": "ša[of]DET",
"sig": "@saao/saa14%akk-x-neoass:ša=ša[of//of]DET'DET$ša",
"f": {"lang": "akk-x-neoass",
"form": "ša",
"cf": "ša",
"gw": "of",
"sense": "of",
"norm": "ša",
"pos": "DET",
"epos": "DET"}
}
,
{
"node": "l",
"frag": "{uru}a-di-an",
"id": "P335340.l04ef7",
"ref": "P335340.12.2",
"inst": "Adian[1]GN",
"sig": "@saao/saa14%akk-x-neoass:{URU}a-di-an=Adian[1//1]GN'GN$Adian",
"f": {"lang": "akk-x-neoass",
"form": "{URU}a-di-an",
"cf": "Adian",
"gw": "1",
"sense": "1",
"norm": "Adian",
"pos": "GN",
"epos": "GN"}
}
,
{
"node": "l",
"frag": "[x",
"id": "P335340.l04ef8",
"ref": "P335340.12.3",
"inst": "u",
"f": {"lang": "akk-x-neoass",
"form": "x",
"pos": "u"}
}
,
{
"node": "l",
"frag": "x",
"id": "P335340.l04ef9",
"ref": "P335340.12.4",
"inst": "u",
"f": {"lang": "akk-x-neoass",
"form": "x",
"pos": "u"}
}
,
{
"node": "l",
"frag": "x]",
"id": "P335340.l04efa",
"ref": "P335340.12.5",
"inst": "u",
"f": {"lang": "akk-x-neoass",
"form": "x",
"pos": "u"}
}
,
{
"node": "d",
"type": "line-start",
"ref": "P335340.13",
"n": "5'",
"label": "r 5'"}
,
{
"node": "l",
"frag": "an-nu-ti",
"id": "P335340.l04efb",
"ref": "P335340.13.1",
"inst": "annūti[this]DP",
"sig": "@saao/saa14%akk-x-neoass:an-nu-ti=annû[this//this]DP'DP$annūti",
"f": {"lang": "akk-x-neoass",
"form": "an-nu-ti",
"cf": "annû",
"gw": "this",
"sense": "this",
"norm": "annūti",
"pos": "DP",
"epos": "DP"}
}
,
{
"node": "l",
"frag": "LU₂-MEŠ",
"id": "P335340.l04efc",
"ref": "P335340.13.2",
"inst": "amēlē[man]N",
"sig": "@saao/saa14%akk-x-neoass:LU₂-MEŠ=awīlu[man//man]N'N$amēlē",
"f": {"lang": "akk-x-neoass",
"form": "LU₂-MEŠ",
"cf": "awīlu",
"gw": "man",
"sense": "man",
"norm": "amēlē",
"pos": "N",
"epos": "N"}
}
,
{
"node": "l",
"frag": "URU",
"id": "P335340.l04efd",
"ref": "P335340.13.3",
"inst": "āli[town]N",
"sig": "@saao/saa14%akk-x-neoass:URU=ālu[city//town]N'N$āli",
"f": {"lang": "akk-x-neoass",
"form": "URU",
"cf": "ālu",
"gw": "city",
"sense": "town",
"norm": "āli",
"pos": "N",
"epos": "N"}
}
,
{
"node": "l",
"frag": "IGI-MEŠ",
"id": "P335340.l04efe",
"ref": "P335340.13.4",
"inst": "šībūti[witness]N",
"sig": "@saao/saa14%akk-x-neoass:IGI-MEŠ=šību[witness//witness]N'N$šībūti",
"f": {"lang": "akk-x-neoass",
"form": "IGI-MEŠ",
"cf": "šību",
"gw": "witness",
"sense": "witness",
"norm": "šībūti",
"pos": "N",
"epos": "N"}
}
,
{
"node": "d",
"type": "line-start",
"ref": "P335340.14",
"n": "6'",
"label": "r 6'"}
,
{
"node": "l",
"frag": "IGI",
"id": "P335340.l04eff",
"ref": "P335340.14.1",
"inst": "šību[witness]N",
"sig": "@saao/saa14%akk-x-neoass:IGI=šību[witness//witness]N'N$šību",
"f": {"lang": "akk-x-neoass",
"form": "IGI",
"cf": "šību",
"gw": "witness",
"sense": "witness",
"norm": "šību",
"pos": "N",
"epos": "N"}
}
,
{
"node": "l",
"frag": "{1}{d}PA-DIB-ti-iq",
"id": "P335340.l04f00",
"ref": "P335340.14.2",
"inst": "Nabu-ussetiq[1]PN$",
"sig": "@saao/saa14%akk-x-neoass:{1}{d}PA-DIB-ti-iq=Nabu-ussetiq[1//1]PN'PN$Nabu-ussetiq",
"f": {"lang": "akk-x-neoass",
"form": "{1}{d}PA-DIB-ti-iq",
"cf": "Nabu-ussetiq",
"gw": "1",
"sense": "1",
"norm": "Nabu-ussetiq",
"pos": "PN",
"epos": "PN"}
}
,
{
"node": "d",
"type": "line-start",
"ref": "P335340.15",
"n": "7'",
"label": "r 7'"}
,
{
"node": "l",
"frag": "IGI",
"id": "P335340.l04f01",
"ref": "P335340.15.1",
"inst": "šību[witness]N",
"sig": "@saao/saa14%akk-x-neoass:IGI=šību[witness//witness]N'N$šību",
"f": {"lang": "akk-x-neoass",
"form": "IGI",
"cf": "šību",
"gw": "witness",
"sense": "witness",
"norm": "šību",
"pos": "N",
"epos": "N"}
}
,
{
"node": "l",
"frag": "{1}{giš}ZAG.MI₂-ra-ma",
"id": "P335340.l04f02",
"ref": "P335340.15.2",
"inst": "Sammu-rama[1]PN$",
"sig": "@saao/saa14%akk-x-neoass:{1}{GIŠ}ZAG.MI₂-ra-ma=Sammu-rama[1//1]PN'PN$Sammu-rama",
"f": {"lang": "akk-x-neoass",
"form": "{1}{GIŠ}ZAG.MI₂-ra-ma",
"cf": "Sammu-rama",
"gw": "1",
"sense": "1",
"norm": "Sammu-rama",
"pos": "PN",
"epos": "PN"}
}
,
{
"node": "d",
"type": "line-start",
"ref": "P335340.16",
"n": "8'",
"label": "r 8'"}
,
{
"node": "l",
"frag": "IGI",
"id": "P335340.l04f03",
"ref": "P335340.16.1",
"inst": "šību[witness]N",
"sig": "@saao/saa14%akk-x-neoass:IGI=šību[witness//witness]N'N$šību",
"f": {"lang": "akk-x-neoass",
"form": "IGI",
"cf": "šību",
"gw": "witness",
"sense": "witness",
"norm": "šību",
"pos": "N",
"epos": "N"}
}
,
{
"node": "l",
"frag": "{1}ag-ru",
"id": "P335340.l04f04",
"ref": "P335340.16.2",
"inst": "Aqru[1]PN",
"sig": "@saao/saa14%akk-x-neoass:{1}ag-ru=Aqru[1//1]PN'PN$Aqru",
"f": {"lang": "akk-x-neoass",
"form": "{1}ag-ru",
"cf": "Aqru",
"gw": "1",
"sense": "1",
"norm": "Aqru",
"pos": "PN",
"epos": "PN"}
}
,
{
"node": "l",
"frag": "{lu₂v}03.U₅",
"id": "P335340.l04f05",
"ref": "P335340.16.3",
"inst": "tašlīšu[third man on chariot]N",
"sig": "@saao/saa14%akk-x-neoass:{LU₂}03.U₅=tašlīšu[third man on chariot//third man on chariot]N'N$tašlīšu",
"f": {"lang": "akk-x-neoass",
"form": "{LU₂}03.U₅",
"cf": "tašlīšu",
"gw": "third man on chariot",
"sense": "third man on chariot",
"norm": "tašlīšu",
"pos": "N",
"epos": "N"}
}
,
{
"node": "d",
"type": "line-start",
"ref": "P335340.17",
"n": "9'",
"label": "r 9'"}
,
{
"node": "l",
"frag": "IGI",
"id": "P335340.l04f06",
"ref": "P335340.17.1",
"inst": "šību[witness]N",
"sig": "@saao/saa14%akk-x-neoass:IGI=šību[witness//witness]N'N$šību",
"f": {"lang": "akk-x-neoass",
"form": "IGI",
"cf": "šību",
"gw": "witness",
"sense": "witness",
"norm": "šību",
"pos": "N",
"epos": "N"}
}
,
{
"node": "l",
"frag": "{1}U.GUR-MAN-PAB",
"id": "P335340.l04f07",
"ref": "P335340.17.2",
"inst": "Nergal-šarru-uṣur[1]PN",
"sig": "@saao/saa14%akk-x-neoass:{1}U.GUR-MAN-PAB=Nergal-šarru-uṣur[1//1]PN'PN$Nergal-šarru-uṣur",
"f": {"lang": "akk-x-neoass",
"form": "{1}U.GUR-MAN-PAB",
"cf": "Nergal-šarru-uṣur",
"gw": "1",
"sense": "1",
"norm": "Nergal-šarru-uṣur",
"pos": "PN",
"epos": "PN"}
}
,
{
"node": "d",
"subtype": "right",
"type": "surface",
"ref": "P335340.r.e..18",
"type": "right",
"label": "r.e."}
,
{
"node": "d",
"type": "line-start",
"ref": "P335340.19",
"n": "10",
"label": "r.e. 10"}
,
{
"node": "l",
"frag": "{iti}KIN",
"id": "P335340.l04f08",
"ref": "P335340.19.1",
"inst": "Eluli[Elul]MN",
"sig": "@saao/saa14%akk-x-neoass:{ITI}KIN=Elulu[Elul//Elul]MN'MN$Eluli",
"f": {"lang": "akk-x-neoass",
"form": "{ITI}KIN",
"cf": "Elulu",
"gw": "Elul",
"sense": "Elul",
"norm": "Eluli",
"pos": "MN",
"epos": "MN"}
}
,
{
"node": "l",
"frag": "UD",
"id": "P335340.l04f09",
"ref": "P335340.19.2",
"inst": "ūm[day]N",
"sig": "@saao/saa14%akk-x-neoass:UD=ūmu[day//day]N'N$ūm",
"f": {"lang": "akk-x-neoass",
"form": "UD",
"cf": "ūmu",
"gw": "day",
"sense": "day",
"norm": "ūm",
"pos": "N",
"epos": "N"}
}
,
{
"node": "l",
"frag": "01-KAM",
"id": "P335340.l04f0a",
"ref": "P335340.19.3",
"inst": "n",
"f": {"lang": "akk-x-neoass",
"form": "01-KAM",
"pos": "n"}
}
,
{
"node": "l",
"frag": "lim-[mu",
"id": "P335340.l04f0b",
"ref": "P335340.19.4",
"inst": "limmu[eponym (of year)]N",
"sig": "@saao/saa14%akk-x-neoass:lim-mu=līmu[eponym (of year)//eponym (of year)]N'N$limmu",
"f": {"lang": "akk-x-neoass",
"form": "lim-mu",
"cf": "līmu",
"gw": "eponym (of year)",
"sense": "eponym (of year)",
"norm": "limmu",
"pos": "N",
"epos": "N"}
}
,
{
"node": "l",
"frag": "x",
"id": "P335340.l04f0c",
"ref": "P335340.19.5",
"inst": "u",
"f": {"lang": "akk-x-neoass",
"form": "x",
"pos": "u"}
}
,
{
"node": "l",
"frag": "x",
"id": "P335340.l04f0d",
"ref": "P335340.19.6",
"inst": "u",
"f": {"lang": "akk-x-neoass",
"form": "x",
"pos": "u"}
}
,
{
"node": "l",
"frag": "x",
"id": "P335340.l04f0e",
"ref": "P335340.19.7",
"inst": "u",
"f": {"lang": "akk-x-neoass",
"form": "x",
"pos": "u"}
}
,
{
"node": "l",
"frag": "x",
"id": "P335340.l04f0f",
"ref": "P335340.19.8",
"inst": "u",
"f": {"lang": "akk-x-neoass",
"form": "x",
"pos": "u"}
}
,
{
"node": "l",
"frag": "x",
"id": "P335340.l04f10",
"ref": "P335340.19.9",
"inst": "u",
"f": {"lang": "akk-x-neoass",
"form": "x",
"pos": "u"}
}
,
{
"node": "l",
"frag": "x",
"id": "P335340.l04f11",
"ref": "P335340.19.10",
"inst": "u",
"f": {"lang": "akk-x-neoass",
"form": "x",
"pos": "u"}
}
,
{
"node": "l",
"frag": "x]",
"id": "P335340.l04f12",
"ref": "P335340.19.11",
"inst": "u",
"f": {"lang": "akk-x-neoass",
"form": "x",
"pos": "u"}
}
,
{
"node": "d",
"type": "line-start",
"ref": "P335340.20",
"n": "11",
"label": "r.e. 11"}
,
{
"node": "l",
"frag": "{uru}a-mat-MAN-BAD₃-[x",
"id": "P335340.l04f13",
"ref": "P335340.20.1",
"inst": "u",
"f": {"lang": "akk-x-neoass",
"form": "{URU}a-mat-MAN-BAD₃-x",
"pos": "u"}
}
,
{
"node": "l",
"frag": "x",
"id": "P335340.l04f14",
"ref": "P335340.20.2",
"inst": "u",
"f": {"lang": "akk-x-neoass",
"form": "x",
"pos": "u"}
}
,
{
"node": "l",
"frag": "x",
"id": "P335340.l04f15",
"ref": "P335340.20.3",
"inst": "u",
"f": {"lang": "akk-x-neoass",
"form": "x",
"pos": "u"}
}
,
{
"node": "l",
"frag": "x",
"id": "P335340.l04f16",
"ref": "P335340.20.4",
"inst": "u",
"f": {"lang": "akk-x-neoass",
"form": "x",
"pos": "u"}
}
,
{
"node": "l",
"frag": "x",
"id": "P335340.l04f17",
"ref": "P335340.20.5",
"inst": "u",
"f": {"lang": "akk-x-neoass",
"form": "x",
"pos": "u"}
}
,
{
"node": "l",
"frag": "x",
"id": "P335340.l04f18",
"ref": "P335340.20.6",
"inst": "u",
"f": {"lang": "akk-x-neoass",
"form": "x",
"pos": "u"}
}
,
{
"node": "l",
"frag": "x]",
"id": "P335340.l04f19",
"ref": "P335340.20.7",
"inst": "u",
"f": {"lang": "akk-x-neoass",
"form": "x",
"pos": "u"}
}
,
{
"node": "d",
"subtype": "edge",
"type": "surface",
"ref": "P335340.e..21",
"type": "edge",
"label": "e."}
,
{
"node": "d",
"type": "line-start",
"ref": "P335340.22",
"n": "1",
"label": "e. 1"}
,
{
"node": "l",
"frag": "[IGI",
"id": "P335340.l04f1a",
"ref": "P335340.22.1",
"inst": "šību[witness]N",
"sig": "@saao/saa14%akk-x-neoass:IGI=šību[witness//witness]N'N$šību",
"f": {"lang": "akk-x-neoass",
"form": "IGI",
"cf": "šību",
"gw": "witness",
"sense": "witness",
"norm": "šību",
"pos": "N",
"epos": "N"}
}
,
{
"node": "l",
"frag": "{1}x",
"id": "P335340.l04f1b",
"ref": "P335340.22.2",
"inst": "u",
"f": {"lang": "akk-x-neoass",
"form": "{1}x",
"pos": "u"}
}
,
{
"node": "l",
"frag": "x",
"id": "P335340.l04f1c",
"ref": "P335340.22.3",
"inst": "u",
"f": {"lang": "akk-x-neoass",
"form": "x",
"pos": "u"}
}
,
{
"node": "l",
"frag": "x",
"id": "P335340.l04f1d",
"ref": "P335340.22.4",
"inst": "u",
"f": {"lang": "akk-x-neoass",
"form": "x",
"pos": "u"}
}
,
{
"node": "l",
"frag": "x",
"id": "P335340.l04f1e",
"ref": "P335340.22.5",
"inst": "u",
"f": {"lang": "akk-x-neoass",
"form": "x",
"pos": "u"}
}
,
{
"node": "l",
"frag": "x",
"id": "P335340.l04f1f",
"ref": "P335340.22.6",
"inst": "u",
"f": {"lang": "akk-x-neoass",
"form": "x",
"pos": "u"}
}
,
{
"node": "l",
"frag": "{lu₂}A.BA",
"id": "P335340.l04f20",
"ref": "P335340.22.7",
"inst": "ṭupšarru[scribe]N",
"sig": "@saao/saa14%akk-x-neoass:{LU₂}A.BA=ṭupšarru[scribe//scribe]N'N$ṭupšarru",
"f": {"lang": "akk-x-neoass",
"form": "{LU₂}A.BA",
"cf": "ṭupšarru",
"gw": "scribe",
"sense": "scribe",
"norm": "ṭupšarru",
"pos": "N",
"epos": "N"}
}
,
{
"node": "l",
"frag": "ṣa-bit]",
"id": "P335340.l04f21",
"ref": "P335340.22.8",
"inst": "ṣābit[keeper]N",
"sig": "@saao/saa14%akk-x-neoass:ṣa-bit=ṣābitu[recipient//keeper]N'N$ṣābit",
"f": {"lang": "akk-x-neoass",
"form": "ṣa-bit",
"cf": "ṣābitu",
"gw": "recipient",
"sense": "keeper",
"norm": "ṣābit",
"pos": "N",
"epos": "N"}
}
,
{
"node": "l",
"frag": "⸢dan⸣-ni-te",
"id": "P335340.l04f22",
"ref": "P335340.22.9",
"inst": "dannite[binding document]N",
"sig": "@saao/saa14%akk-x-neoass:dan-ni-te=dannutu[binding document//binding document]N'N$dannite",
"f": {"lang": "akk-x-neoass",
"form": "dan-ni-te",
"cf": "dannutu",
"gw": "binding document",
"sense": "binding document",
"norm": "dannite",
"pos": "N",
"epos": "N"}
}
]}
]}
]}
]}
