{
"type": "cdl",
  "source": "http://oracc.org/saao/saa14",
  "license": "This data is released under the CC0 license",
  "license-url": "https://creativecommons.org/publicdomain/zero/1.0/",
  "more-info": "http://oracc.org/doc/opendata/",
  "UTC-timestamp": "2017-05-19T11:50:01",
"project": "saao/saa14",
"textid": "P335471",
"cdl": [
{
"node": "c",
"type": "text",
"id": "P335471.U0",
"cdl": [
{
"node": "d",
"type": "object",
"ref": ""}
,
{
"node": "d",
"subtype": "obverse",
"type": "surface",
"ref": "P335471.o.1",
"type": "obverse",
"label": "o"}
,
{
"node": "c",
"type": "discourse",
"subtype": "body",
"id": "P335471.U1",
"cdl": [
{
"node": "c",
"type": "sentence",
"id": "P335471.U2",
"label": "o 1 - r 11'",
"cdl": [
{
"node": "d",
"type": "line-start",
"ref": "P335471.2",
"n": "1",
"label": "o 1"}
,
{
"node": "l",
"frag": "{[na₄}KIŠIB",
"id": "P335471.l01978",
"ref": "P335471.2.1",
"inst": "kunukku[seal]N",
"sig": "@saao/saa14%akk-x-neoass:{NA₄}KIŠIB=kunukku[seal//seal]N'N$kunukku",
"f": {"lang": "akk-x-neoass",
"form": "{NA₄}KIŠIB",
"cf": "kunukku",
"gw": "seal",
"sense": "seal",
"norm": "kunukku",
"pos": "N",
"epos": "N"}
}
,
{
"node": "l",
"frag": "{1}sa]-la-ma-na-i-me",
"id": "P335471.l01979",
"ref": "P335471.2.2",
"inst": "Salamu-imme[1]PN$",
"sig": "@saao/saa14%akk-x-neoass:{1}sa-la-ma-na-i-me=Salamu-imme[1//1]PN'PN$Salamu-imme",
"f": {"lang": "akk-x-neoass",
"form": "{1}sa-la-ma-na-i-me",
"cf": "Salamu-imme",
"gw": "1",
"sense": "1",
"norm": "Salamu-imme",
"pos": "PN",
"epos": "PN"}
}
,
{
"node": "d",
"type": "line-start",
"ref": "P335471.3",
"n": "2",
"label": "o 2"}
,
{
"node": "l",
"frag": "[EN",
"id": "P335471.l0197a",
"ref": "P335471.3.1",
"inst": "bēl[owner]N",
"sig": "@saao/saa14%akk-x-neoass:EN=bēlu[lord//owner]N'N$bēl",
"f": {"lang": "akk-x-neoass",
"form": "EN",
"cf": "bēlu",
"gw": "lord",
"sense": "owner",
"norm": "bēl",
"pos": "N",
"epos": "N"}
}
,
{
"node": "l",
"frag": "x",
"id": "P335471.l0197b",
"ref": "P335471.3.2",
"inst": "u",
"f": {"lang": "akk-x-neoass",
"form": "x",
"pos": "u"}
}
,
{
"node": "l",
"frag": "x",
"id": "P335471.l0197c",
"ref": "P335471.3.3",
"inst": "u",
"f": {"lang": "akk-x-neoass",
"form": "x",
"pos": "u"}
}
,
{
"node": "l",
"frag": "x]",
"id": "P335471.l0197d",
"ref": "P335471.3.4",
"inst": "u",
"f": {"lang": "akk-x-neoass",
"form": "x",
"pos": "u"}
}
,
{
"node": "l",
"frag": "ta-⸢din⸣-ni",
"id": "P335471.l0197e",
"ref": "P335471.3.5",
"inst": "tadānu[give//giving]'N$tadinni",
"sig": "@saao/saa14%akk-x-neoass:ta-din-ni=tadānu[give//giving]V'N$tadinni",
"f": {"lang": "akk-x-neoass",
"form": "ta-din-ni",
"cf": "tadānu",
"gw": "give",
"sense": "giving",
"norm": "tadinni",
"pos": "V",
"epos": "N"}
}
,
{
"node": "d",
"type": "nonx",
"ref": "P335471.4",
"strict": "1",
"extent": "n",
"scope": "line",
"state": "ruling",
"flags": "!"}
,
{
"node": "d",
"type": "nonx",
"ref": "P335471.5",
"strict": "0",
"extent": "1",
"scope": "impression",
"state": "other"}
,
{
"node": "d",
"type": "nonx",
"ref": "P335471.6",
"strict": "0",
"extent": "rest",
"state": "missing"}
,
{
"node": "d",
"subtype": "reverse",
"type": "surface",
"ref": "P335471.r.7",
"type": "reverse",
"label": "r"}
,
{
"node": "d",
"type": "nonx",
"ref": "P335471.8",
"strict": "0",
"extent": "beginning",
"state": "missing"}
,
{
"node": "d",
"type": "line-start",
"ref": "P335471.9",
"n": "1'",
"label": "r 1'"}
,
{
"node": "l",
"frag": "[IGI",
"id": "P335471.l0197f",
"ref": "P335471.9.1",
"inst": "šību[witness]N",
"sig": "@saao/saa14%akk-x-neoass:IGI=šību[witness//witness]N'N$šību",
"f": {"lang": "akk-x-neoass",
"form": "IGI",
"cf": "šību",
"gw": "witness",
"sense": "witness",
"norm": "šību",
"pos": "N",
"epos": "N"}
}
,
{
"node": "l",
"frag": "{1}dan-na-a.a",
"id": "P335471.l01980",
"ref": "P335471.9.2",
"inst": "Dannaya[1]PN",
"sig": "@saao/saa14%akk-x-neoass:{1}dan-na-a.a=Dannaya[1//1]PN'PN$Dannaya",
"f": {"lang": "akk-x-neoass",
"form": "{1}dan-na-a.a",
"cf": "Dannaya",
"gw": "1",
"sense": "1",
"norm": "Dannaya",
"pos": "PN",
"epos": "PN"}
}
,
{
"node": "l",
"frag": "{lu₂v}DIB]-{⸢kuš⸣}a-pa-te",
"id": "P335471.l01981",
"ref": "P335471.9.3",
"cof-tails": "P335471.l01982",
"inst": "mukillu[holder]N$mukīl&appatu[bridle]N$appāte",
"sig": "@saao/saa14%akk-x-neoass:{LU₂}DIB-{KUŠ}a-pa-te=mukillu[holder//holder]N'N$mukīl&&@saao%akk-x-neoass:=appatu[bridle//bridle]N'N$appāte",
"f": {"lang": "akk-x-neoass",
"form": "{LU₂}DIB-{KUŠ}a-pa-te",
"cf": "mukillu",
"gw": "holder",
"sense": "holder",
"norm": "mukīl",
"pos": "N",
"epos": "N"}
}
,
{
"node": "l",
"frag": "{lu₂v}DIB]-{⸢kuš⸣}a-pa-te",
"id": "P335471.l01982",
"ref": "P335471.9.3",
"cof-head": "P335471.l01981",
"inst": "mukillu[holder]N$mukīl&appatu[bridle]N$appāte",
"tail-sig": "@saao%akk-x-neoass:=appatu[bridle//bridle]N'N$appāte",
"f": {"lang": "akk-x-neoass",
"form": "{LU₂}DIB-{KUŠ}a-pa-te",
"cf": "appatu",
"gw": "bridle",
"sense": "bridle",
"norm": "appāte",
"pos": "N",
"epos": "N"}
}
,
{
"node": "d",
"type": "line-start",
"ref": "P335471.10",
"n": "2'",
"label": "r 2'"}
,
{
"node": "l",
"frag": "[IGI",
"id": "P335471.l01983",
"ref": "P335471.10.1",
"inst": "šību[witness]N",
"sig": "@saao/saa14%akk-x-neoass:IGI=šību[witness//witness]N'N$šību",
"f": {"lang": "akk-x-neoass",
"form": "IGI",
"cf": "šību",
"gw": "witness",
"sense": "witness",
"norm": "šību",
"pos": "N",
"epos": "N"}
}
,
{
"node": "l",
"frag": "{1}{d}[x",
"id": "P335471.l01984",
"ref": "P335471.10.2",
"inst": "u",
"f": {"lang": "akk-x-neoass",
"form": "{1}{d}x",
"pos": "u"}
}
,
{
"node": "l",
"frag": "x-DINGIR",
"id": "P335471.l01985",
"ref": "P335471.10.3",
"inst": "u",
"f": {"lang": "akk-x-neoass",
"form": "x-DINGIR",
"pos": "u"}
}
,
{
"node": "l",
"frag": "{lu₂v]}03-si",
"id": "P335471.l01986",
"ref": "P335471.10.4",
"inst": "tašlīšu[third man on chariot]N$tašlīsi",
"sig": "@saao/saa14%akk-x-neoass:{LU₂}03-si=tašlīšu[third man on chariot//third man on chariot]N'N$tašlīsi",
"f": {"lang": "akk-x-neoass",
"form": "{LU₂}03-si",
"cf": "tašlīšu",
"gw": "third man on chariot",
"sense": "third man on chariot",
"norm": "tašlīsi",
"pos": "N",
"epos": "N"}
}
,
{
"node": "d",
"type": "line-start",
"ref": "P335471.11",
"n": "3'",
"label": "r 3'"}
,
{
"node": "l",
"frag": "[IGI",
"id": "P335471.l01987",
"ref": "P335471.11.1",
"inst": "šību[witness]N",
"sig": "@saao/saa14%akk-x-neoass:IGI=šību[witness//witness]N'N$šību",
"f": {"lang": "akk-x-neoass",
"form": "IGI",
"cf": "šību",
"gw": "witness",
"sense": "witness",
"norm": "šību",
"pos": "N",
"epos": "N"}
}
,
{
"node": "l",
"frag": "{1}x",
"id": "P335471.l01988",
"ref": "P335471.11.2",
"inst": "u",
"f": {"lang": "akk-x-neoass",
"form": "{1}x",
"pos": "u"}
}
,
{
"node": "l",
"frag": "x]-DINGIR-a.a",
"id": "P335471.l01989",
"ref": "P335471.11.3",
"inst": "u",
"f": {"lang": "akk-x-neoass",
"form": "x-DINGIR-a.a",
"pos": "u"}
}
,
{
"node": "c",
"type": "phrase",
"tag": "phr",
"id": "P335471.U4",
"ref": "P335471.ls00000",
"cdl": [
{
"node": "l",
"frag": "{lu₂v}GAL-ki-ṣir",
"id": "P335471.l0198a",
"ref": "P335471.11.4",
"cof-tails": "P335471.l0198b",
"inst": "rabû[big one]N$rab&kiṣru[cohort]N$kiṣir",
"sig": "@saao/saa14%akk-x-neoass:{LU₂}GAL-ki-ṣir=rabû[big one//big one]N'N$rab&&@saao%akk-x-neoass:=kiṣru[knot//cohort]N'N$kiṣir",
"f": {"lang": "akk-x-neoass",
"form": "{LU₂}GAL-ki-ṣir",
"cf": "rabû",
"gw": "big one",
"sense": "big one",
"norm": "rab",
"pos": "N",
"epos": "N"}
}
,
{
"node": "l",
"frag": "{lu₂v}GAL-ki-ṣir",
"id": "P335471.l0198b",
"ref": "P335471.11.4",
"cof-head": "P335471.l0198a",
"inst": "rabû[big one]N$rab&kiṣru[cohort]N$kiṣir",
"tail-sig": "@saao%akk-x-neoass:=kiṣru[knot//cohort]N'N$kiṣir",
"f": {"lang": "akk-x-neoass",
"form": "{LU₂}GAL-ki-ṣir",
"cf": "kiṣru",
"gw": "knot",
"sense": "cohort",
"norm": "kiṣir",
"pos": "N",
"epos": "N"}
}
]}
,
{
"node": "d",
"type": "line-start",
"ref": "P335471.12",
"n": "4'",
"label": "r 4'"}
,
{
"node": "l",
"frag": "[IGI",
"id": "P335471.l0198c",
"ref": "P335471.12.1",
"inst": "šību[witness]N",
"sig": "@saao/saa14%akk-x-neoass:IGI=šību[witness//witness]N'N$šību",
"f": {"lang": "akk-x-neoass",
"form": "IGI",
"cf": "šību",
"gw": "witness",
"sense": "witness",
"norm": "šību",
"pos": "N",
"epos": "N"}
}
,
{
"node": "l",
"frag": "{1}ta]-⸢ri⸣-ba-15",
"id": "P335471.l0198d",
"ref": "P335471.12.2",
"inst": "Tariba-Issar[1]PN",
"sig": "@saao/saa14%akk-x-neoass:{1}ta-ri-ba-15=Tariba-Issar[1//1]PN'PN$Tariba-Issar",
"f": {"lang": "akk-x-neoass",
"form": "{1}ta-ri-ba-15",
"cf": "Tariba-Issar",
"gw": "1",
"sense": "1",
"norm": "Tariba-Issar",
"pos": "PN",
"epos": "PN"}
}
,
{
"node": "l",
"frag": "{lu₂}GAL-I₃.DU₈",
"id": "P335471.l0198e",
"ref": "P335471.12.3",
"cof-tails": "P335471.l0198f",
"inst": "rabû[big one]N$rab&atû[gatekeeper]N$atî",
"sig": "@saao/saa14%akk-x-neoass:{LU₂}GAL-I₃.DU₈=rabû[big one//big one]N'N$rab&&@saao%akk-x-neoass:=atû[gatekeeper//gatekeeper]N'N$atî",
"f": {"lang": "akk-x-neoass",
"form": "{LU₂}GAL-I₃.DU₈",
"cf": "rabû",
"gw": "big one",
"sense": "big one",
"norm": "rab",
"pos": "N",
"epos": "N"}
}
,
{
"node": "l",
"frag": "{lu₂}GAL-I₃.DU₈",
"id": "P335471.l0198f",
"ref": "P335471.12.3",
"cof-head": "P335471.l0198e",
"inst": "rabû[big one]N$rab&atû[gatekeeper]N$atî",
"tail-sig": "@saao%akk-x-neoass:=atû[gatekeeper//gatekeeper]N'N$atî",
"f": {"lang": "akk-x-neoass",
"form": "{LU₂}GAL-I₃.DU₈",
"cf": "atû",
"gw": "gatekeeper",
"sense": "gatekeeper",
"norm": "atî",
"pos": "N",
"epos": "N"}
}
,
{
"node": "d",
"type": "line-start",
"ref": "P335471.13",
"n": "5'",
"label": "r 5'"}
,
{
"node": "l",
"frag": "[IGI",
"id": "P335471.l01990",
"ref": "P335471.13.1",
"inst": "šību[witness]N",
"sig": "@saao/saa14%akk-x-neoass:IGI=šību[witness//witness]N'N$šību",
"f": {"lang": "akk-x-neoass",
"form": "IGI",
"cf": "šību",
"gw": "witness",
"sense": "witness",
"norm": "šību",
"pos": "N",
"epos": "N"}
}
,
{
"node": "l",
"frag": "{1}DI]-⸢mu⸣-KUR",
"id": "P335471.l01991",
"ref": "P335471.13.2",
"inst": "Šulmu-mati[1]PN$",
"sig": "@saao/saa14%akk-x-neoass:{1}DI-mu-KUR=Šulmu-mati[1//1]PN'PN$Šulmu-mati",
"f": {"lang": "akk-x-neoass",
"form": "{1}DI-mu-KUR",
"cf": "Šulmu-mati",
"gw": "1",
"sense": "1",
"norm": "Šulmu-mati",
"pos": "PN",
"epos": "PN"}
}
,
{
"node": "l",
"frag": "{lu₂v}GAL-za-ma-ri",
"id": "P335471.l01992",
"ref": "P335471.13.3",
"cof-tails": "P335471.l01993",
"inst": "rabû[big one]N$rab&zammāru[singer]N$zammāri",
"sig": "@saao/saa14%akk-x-neoass:{LU₂}GAL-za-ma-ri=rabû[big one//big one]N'N$rab&&@saao%akk-x-neoass:=zammāru[singer//singer]N'N$zammāri",
"f": {"lang": "akk-x-neoass",
"form": "{LU₂}GAL-za-ma-ri",
"cf": "rabû",
"gw": "big one",
"sense": "big one",
"norm": "rab",
"pos": "N",
"epos": "N"}
}
,
{
"node": "l",
"frag": "{lu₂v}GAL-za-ma-ri",
"id": "P335471.l01993",
"ref": "P335471.13.3",
"cof-head": "P335471.l01992",
"inst": "rabû[big one]N$rab&zammāru[singer]N$zammāri",
"tail-sig": "@saao%akk-x-neoass:=zammāru[singer//singer]N'N$zammāri",
"f": {"lang": "akk-x-neoass",
"form": "{LU₂}GAL-za-ma-ri",
"cf": "zammāru",
"gw": "singer",
"sense": "singer",
"norm": "zammāri",
"pos": "N",
"epos": "N"}
}
,
{
"node": "d",
"type": "line-start",
"ref": "P335471.14",
"n": "6'",
"label": "r 6'"}
,
{
"node": "l",
"frag": "[IGI",
"id": "P335471.l01994",
"ref": "P335471.14.1",
"inst": "šību[witness]N",
"sig": "@saao/saa14%akk-x-neoass:IGI=šību[witness//witness]N'N$šību",
"f": {"lang": "akk-x-neoass",
"form": "IGI",
"cf": "šību",
"gw": "witness",
"sense": "witness",
"norm": "šību",
"pos": "N",
"epos": "N"}
}
,
{
"node": "l",
"frag": "{1}{d}PA-TI]-su-iq-bi",
"id": "P335471.l01995",
"ref": "P335471.14.2",
"inst": "Nabu-balassu-iqbi[1]PN",
"sig": "@saao/saa14%akk-x-neoass:{1}{d}PA-TI-su-iq-bi=Nabu-balassu-iqbi[1//1]PN'PN$Nabu-balassu-iqbi",
"f": {"lang": "akk-x-neoass",
"form": "{1}{d}PA-TI-su-iq-bi",
"cf": "Nabu-balassu-iqbi",
"gw": "1",
"sense": "1",
"norm": "Nabu-balassu-iqbi",
"pos": "PN",
"epos": "PN"}
}
,
{
"node": "l",
"frag": "{lu₂v}ša₂-hu-si-ni-šu",
"id": "P335471.l01996",
"ref": "P335471.14.3",
"inst": "ša-husīni[husinnu-man]N$ša-husīnīšu",
"sig": "@saao/saa14%akk-x-neoass:{LU₂}ša₂-hu-si-ni-šu=ša-husīni[husinnu-man//husinnu-man]N'N$ša-husīnīšu",
"f": {"lang": "akk-x-neoass",
"form": "{LU₂}ša₂-hu-si-ni-šu",
"cf": "ša-husīni",
"gw": "husinnu-man",
"sense": "husinnu-man",
"norm": "ša-husīnīšu",
"pos": "N",
"epos": "N"}
}
,
{
"node": "d",
"type": "line-start",
"ref": "P335471.15",
"n": "7'",
"label": "r 7'"}
,
{
"node": "l",
"frag": "[IGI",
"id": "P335471.l01997",
"ref": "P335471.15.1",
"inst": "šību[witness]N",
"sig": "@saao/saa14%akk-x-neoass:IGI=šību[witness//witness]N'N$šību",
"f": {"lang": "akk-x-neoass",
"form": "IGI",
"cf": "šību",
"gw": "witness",
"sense": "witness",
"norm": "šību",
"pos": "N",
"epos": "N"}
}
,
{
"node": "l",
"frag": "{1}{d}UTU]-DINGIR-a.a",
"id": "P335471.l01998",
"ref": "P335471.15.2",
"inst": "Šamaš-ilaʾi[1]PN",
"sig": "@saao/saa14%akk-x-neoass:{1}{d}UTU-DINGIR-a.a=Šamaš-ilaʾi[1//1]PN'PN$Šamaš-ilaʾi",
"f": {"lang": "akk-x-neoass",
"form": "{1}{d}UTU-DINGIR-a.a",
"cf": "Šamaš-ilaʾi",
"gw": "1",
"sense": "1",
"norm": "Šamaš-ilaʾi",
"pos": "PN",
"epos": "PN"}
}
,
{
"node": "l",
"frag": "{lu₂v}ša-E₂-02-e",
"id": "P335471.l01999",
"ref": "P335471.15.3",
"inst": "ša-bēti-šanie[domestic servant]N",
"sig": "@saao/saa14%akk-x-neoass:{LU₂}ša-E₂-02-e=ša-bēti-šanie[domestic servant//domestic servant]N'N$ša-bēti-šanie",
"f": {"lang": "akk-x-neoass",
"form": "{LU₂}ša-E₂-02-e",
"cf": "ša-bēti-šanie",
"gw": "domestic servant",
"sense": "domestic servant",
"norm": "ša-bēti-šanie",
"pos": "N",
"epos": "N"}
}
,
{
"node": "d",
"type": "line-start",
"ref": "P335471.16",
"n": "8'",
"label": "r 8'"}
,
{
"node": "l",
"frag": "[IGI",
"id": "P335471.l0199a",
"ref": "P335471.16.1",
"inst": "šību[witness]N",
"sig": "@saao/saa14%akk-x-neoass:IGI=šību[witness//witness]N'N$šību",
"f": {"lang": "akk-x-neoass",
"form": "IGI",
"cf": "šību",
"gw": "witness",
"sense": "witness",
"norm": "šību",
"pos": "N",
"epos": "N"}
}
,
{
"node": "l",
"frag": "{1}ha]-⸢ba⸣-as-ti",
"id": "P335471.l0199b",
"ref": "P335471.16.2",
"inst": "Ha-bašti[1]PN",
"sig": "@saao/saa14%akk-x-neoass:{1}ha-ba-as-ti=Ha-bašti[1//1]PN'PN$Ha-bašti",
"f": {"lang": "akk-x-neoass",
"form": "{1}ha-ba-as-ti",
"cf": "Ha-bašti",
"gw": "1",
"sense": "1",
"norm": "Ha-bašti",
"pos": "PN",
"epos": "PN"}
}
,
{
"node": "l",
"frag": "{lu₂v}GAL-I₃.DU₈",
"id": "P335471.l0199c",
"ref": "P335471.16.3",
"cof-tails": "P335471.l0199d",
"inst": "rabû[big one]N$rab&atû[gatekeeper]N$atî",
"sig": "@saao/saa14%akk-x-neoass:{LU₂}GAL-I₃.DU₈=rabû[big one//big one]N'N$rab&&@saao%akk-x-neoass:=atû[gatekeeper//gatekeeper]N'N$atî",
"f": {"lang": "akk-x-neoass",
"form": "{LU₂}GAL-I₃.DU₈",
"cf": "rabû",
"gw": "big one",
"sense": "big one",
"norm": "rab",
"pos": "N",
"epos": "N"}
}
,
{
"node": "l",
"frag": "{lu₂v}GAL-I₃.DU₈",
"id": "P335471.l0199d",
"ref": "P335471.16.3",
"cof-head": "P335471.l0199c",
"inst": "rabû[big one]N$rab&atû[gatekeeper]N$atî",
"tail-sig": "@saao%akk-x-neoass:=atû[gatekeeper//gatekeeper]N'N$atî",
"f": {"lang": "akk-x-neoass",
"form": "{LU₂}GAL-I₃.DU₈",
"cf": "atû",
"gw": "gatekeeper",
"sense": "gatekeeper",
"norm": "atî",
"pos": "N",
"epos": "N"}
}
,
{
"node": "d",
"type": "line-start",
"ref": "P335471.17",
"n": "9'",
"label": "r 9'"}
,
{
"node": "l",
"frag": "[IGI",
"id": "P335471.l0199e",
"ref": "P335471.17.1",
"inst": "šību[witness]N",
"sig": "@saao/saa14%akk-x-neoass:IGI=šību[witness//witness]N'N$šību",
"f": {"lang": "akk-x-neoass",
"form": "IGI",
"cf": "šību",
"gw": "witness",
"sense": "witness",
"norm": "šību",
"pos": "N",
"epos": "N"}
}
,
{
"node": "l",
"frag": "{1}EN]-⸢BAD₃⸣",
"id": "P335471.l0199f",
"ref": "P335471.17.2",
"inst": "Bel-duri[1]PN",
"sig": "@saao/saa14%akk-x-neoass:{1}EN-BAD₃=Bel-duri[1//1]PN'PN$Bel-duri",
"f": {"lang": "akk-x-neoass",
"form": "{1}EN-BAD₃",
"cf": "Bel-duri",
"gw": "1",
"sense": "1",
"norm": "Bel-duri",
"pos": "PN",
"epos": "PN"}
}
,
{
"node": "l",
"frag": "IGI",
"id": "P335471.l019a0",
"ref": "P335471.17.3",
"inst": "šību[witness]N",
"sig": "@saao/saa14%akk-x-neoass:IGI=šību[witness//witness]N'N$šību",
"f": {"lang": "akk-x-neoass",
"form": "IGI",
"cf": "šību",
"gw": "witness",
"sense": "witness",
"norm": "šību",
"pos": "N",
"epos": "N"}
}
,
{
"node": "l",
"frag": "{1}{d}ša₂-maš-APIN-eš",
"id": "P335471.l019a1",
"ref": "P335471.17.4",
"inst": "Šamaš-ereš[1]PN$",
"sig": "@saao/saa14%akk-x-neoass:{1}{d}ša₂-maš-APIN-eš=Šamaš-ereš[1//1]PN'PN$Šamaš-ereš",
"f": {"lang": "akk-x-neoass",
"form": "{1}{d}ša₂-maš-APIN-eš",
"cf": "Šamaš-ereš",
"gw": "1",
"sense": "1",
"norm": "Šamaš-ereš",
"pos": "PN",
"epos": "PN"}
}
,
{
"node": "d",
"type": "line-start",
"ref": "P335471.18",
"n": "10'",
"label": "r 10'"}
,
{
"node": "l",
"frag": "{[iti}x",
"id": "P335471.l019a2",
"ref": "P335471.18.1",
"inst": "urhi[month]N",
"sig": "@saao/saa14%akk-x-neoass:{ITI}x=arhu[month//month]N'N$urhi",
"f": {"lang": "akk-x-neoass",
"form": "{ITI}x",
"cf": "arhu",
"gw": "month",
"sense": "month",
"norm": "urhi",
"pos": "N",
"epos": "N"}
}
,
{
"node": "l",
"frag": "UD]",
"id": "P335471.l019a3",
"ref": "P335471.18.2",
"inst": "ūm[day]N",
"sig": "@saao/saa14%akk-x-neoass:UD=ūmu[day//day]N'N$ūm",
"f": {"lang": "akk-x-neoass",
"form": "UD",
"cf": "ūmu",
"gw": "day",
"sense": "day",
"norm": "ūm",
"pos": "N",
"epos": "N"}
}
,
{
"node": "l",
"frag": "13-KAM",
"id": "P335471.l019a4",
"ref": "P335471.18.3",
"inst": "n",
"f": {"lang": "akk-x-neoass",
"form": "13-KAM",
"pos": "n"}
}
,
{
"node": "d",
"type": "line-start",
"ref": "P335471.19",
"n": "11'",
"label": "r 11'"}
,
{
"node": "l",
"frag": "[lim-mu",
"id": "P335471.l019a5",
"ref": "P335471.19.1",
"inst": "limmu[eponym (of year)]N",
"sig": "@saao/saa14%akk-x-neoass:lim-mu=līmu[eponym (of year)//eponym (of year)]N'N$limmu",
"f": {"lang": "akk-x-neoass",
"form": "lim-mu",
"cf": "līmu",
"gw": "eponym (of year)",
"sense": "eponym (of year)",
"norm": "limmu",
"pos": "N",
"epos": "N"}
}
,
{
"node": "l",
"frag": "{1}x",
"id": "P335471.l019a6",
"ref": "P335471.19.2",
"inst": "u",
"f": {"lang": "akk-x-neoass",
"form": "{1}x",
"pos": "u"}
}
,
{
"node": "l",
"frag": "x",
"id": "P335471.l019a7",
"ref": "P335471.19.3",
"inst": "u",
"f": {"lang": "akk-x-neoass",
"form": "x",
"pos": "u"}
}
,
{
"node": "l",
"frag": "x",
"id": "P335471.l019a8",
"ref": "P335471.19.4",
"inst": "u",
"f": {"lang": "akk-x-neoass",
"form": "x",
"pos": "u"}
}
,
{
"node": "l",
"frag": "IGI",
"id": "P335471.l019a9",
"ref": "P335471.19.5",
"inst": "šību[witness]N",
"sig": "@saao/saa14%akk-x-neoass:IGI=šību[witness//witness]N'N$šību",
"f": {"lang": "akk-x-neoass",
"form": "IGI",
"cf": "šību",
"gw": "witness",
"sense": "witness",
"norm": "šību",
"pos": "N",
"epos": "N"}
}
,
{
"node": "l",
"frag": "{1}{d}PA-KAD₃]-a-⸢ni⸣",
"id": "P335471.l019aa",
"ref": "P335471.19.6",
"inst": "Nabu-kuṣuranni[1]PN",
"sig": "@saao/saa14%akk-x-neoass:{1}{d}PA-KAD₃-a-ni=Nabu-kuṣuranni[1//1]PN'PN$Nabu-kuṣuranni",
"f": {"lang": "akk-x-neoass",
"form": "{1}{d}PA-KAD₃-a-ni",
"cf": "Nabu-kuṣuranni",
"gw": "1",
"sense": "1",
"norm": "Nabu-kuṣuranni",
"pos": "PN",
"epos": "PN"}
}
]}
]}
]}
,
{
"linkbase": [{
"type": "linkset",
"xlink_title": "rab kiṣri[centurion//cohort commander]N'N",
"id": "P335471.ls00000",
"xlink_type": "extended",
"xlink_role": "psu",
"sig": "{{LU₂}GAL-ki-ṣir = rabû[big one]N kiṣru[knot]N += rab kiṣri[centurion//cohort commander]N'N}::@saao/saa10%akk-x-neoass:{LU₂}GAL-ki-ṣir=rabû[big one//big one]N'N$rab++@saao/saa10%akk-x-neobab:{LU₂}GAL-ki-ṣir=kiṣru[knot//knot]N'N$kiṣir",
"links": [
{
"type": "link",
"xlink_title": "rabû",
"xlink_type": "locator",
"xlink_href": "#P335471.l0198a",
"xlink_role": "elt"}
,
{
"type": "link",
"xlink_title": "kiṣru",
"xlink_type": "locator",
"xlink_href": "#P335471.l0198b",
"xlink_role": "elt"}
]}
]}
]}
