{
"type": "cdl",
  "source": "http://oracc.org/saao/saa14",
  "license": "This data is released under the CC0 license",
  "license-url": "https://creativecommons.org/publicdomain/zero/1.0/",
  "more-info": "http://oracc.org/doc/opendata/",
  "UTC-timestamp": "2017-05-19T11:49:32",
"project": "saao/saa14",
"textid": "P335015",
"cdl": [
{
"node": "c",
"type": "text",
"id": "P335015.U0",
"cdl": [
{
"node": "d",
"type": "object",
"ref": ""}
,
{
"node": "d",
"subtype": "obverse",
"type": "surface",
"ref": "P335015.o.1",
"type": "obverse",
"label": "o"}
,
{
"node": "c",
"type": "discourse",
"subtype": "body",
"id": "P335015.U1",
"cdl": [
{
"node": "c",
"type": "sentence",
"id": "P335015.U2",
"label": "o 1 - r 11",
"cdl": [
{
"node": "d",
"type": "line-start",
"ref": "P335015.2",
"n": "1",
"label": "o 1"}
,
{
"node": "l",
"frag": "{[na₄]}KIŠIB",
"id": "P335015.l02001",
"ref": "P335015.2.1",
"inst": "kunukku[seal]N",
"sig": "@saao/saa14%akk-x-neoass:{NA₄}KIŠIB=kunukku[seal//seal]N'N$kunukku",
"f": {"lang": "akk-x-neoass",
"form": "{NA₄}KIŠIB",
"cf": "kunukku",
"gw": "seal",
"sense": "seal",
"norm": "kunukku",
"pos": "N",
"epos": "N"}
}
,
{
"node": "l",
"frag": "{1}man-nu-ki-ERIM",
"id": "P335015.l02002",
"ref": "P335015.2.2",
"inst": "Mannu-ki-ṣabi[1]PN",
"sig": "@saao/saa14%akk-x-neoass:{1}man-nu-ki-ERIM=Mannu-ki-ṣabi[1//1]PN'PN$Mannu-ki-ṣabi",
"f": {"lang": "akk-x-neoass",
"form": "{1}man-nu-ki-ERIM",
"cf": "Mannu-ki-ṣabi",
"gw": "1",
"sense": "1",
"norm": "Mannu-ki-ṣabi",
"pos": "PN",
"epos": "PN"}
}
,
{
"node": "d",
"type": "line-start",
"ref": "P335015.3",
"n": "2",
"label": "o 2"}
,
{
"node": "l",
"frag": "[x",
"id": "P335015.l02003",
"ref": "P335015.3.1",
"inst": "u",
"f": {"lang": "akk-x-neoass",
"form": "x",
"pos": "u"}
}
,
{
"node": "l",
"frag": "MA].NA",
"id": "P335015.l02004",
"ref": "P335015.3.2",
"inst": "manê[a unit of weight]N",
"sig": "@saao/saa14%akk-x-neoass:MA.NA=manû[unit//a unit of weight]N'N$manê",
"f": {"lang": "akk-x-neoass",
"form": "MA.NA",
"cf": "manû",
"gw": "unit",
"sense": "a unit of weight",
"norm": "manê",
"pos": "N",
"epos": "N"}
}
,
{
"node": "l",
"frag": "KUG.UD",
"id": "P335015.l02005",
"ref": "P335015.3.3",
"inst": "ṣarpi[silver]N",
"sig": "@saao/saa14%akk-x-neoass:KUG.UD=ṣarpu[silver//silver]N'N$ṣarpi",
"f": {"lang": "akk-x-neoass",
"form": "KUG.UD",
"cf": "ṣarpu",
"gw": "silver",
"sense": "silver",
"norm": "ṣarpi",
"pos": "N",
"epos": "N"}
}
,
{
"node": "l",
"frag": "ša",
"id": "P335015.l02006",
"ref": "P335015.3.4",
"inst": "ša[of]DET",
"sig": "@saao/saa14%akk-x-neoass:ša=ša[of//of]DET'DET$ša",
"f": {"lang": "akk-x-neoass",
"form": "ša",
"cf": "ša",
"gw": "of",
"sense": "of",
"norm": "ša",
"pos": "DET",
"epos": "DET"}
}
,
{
"node": "l",
"frag": "{1}PAB-BAD₃",
"id": "P335015.l02007",
"ref": "P335015.3.5",
"inst": "Ahu-duri[1]PN",
"sig": "@saao/saa14%akk-x-neoass:{1}PAB-BAD₃=Ahu-duri[1//1]PN'PN$Ahu-duri",
"f": {"lang": "akk-x-neoass",
"form": "{1}PAB-BAD₃",
"cf": "Ahu-duri",
"gw": "1",
"sense": "1",
"norm": "Ahu-duri",
"pos": "PN",
"epos": "PN"}
}
,
{
"node": "d",
"type": "line-start",
"ref": "P335015.4",
"n": "3",
"label": "o 3"}
,
{
"node": "l",
"frag": "[ina]",
"id": "P335015.l02008",
"ref": "P335015.4.1",
"inst": "ina[in+=at the disposal of]PRP",
"sig": "@saao/saa14%akk-x-neoass:ina=ina[in//in]PRP'PRP$ina",
"f": {"lang": "akk-x-neoass",
"form": "ina",
"cf": "ina",
"gw": "in",
"sense": "in",
"norm": "ina",
"pos": "PRP",
"epos": "PRP"}
}
,
{
"node": "l",
"frag": "IGI",
"id": "P335015.l02009",
"ref": "P335015.4.2",
"inst": "pān[front]N",
"sig": "@saao/saa14%akk-x-neoass:IGI=pānu[front//front]N'N$pān",
"f": {"lang": "akk-x-neoass",
"form": "IGI",
"cf": "pānu",
"gw": "front",
"sense": "front",
"norm": "pān",
"pos": "N",
"epos": "N"}
}
,
{
"node": "l",
"frag": "{1}[man-nu]-ki-{lu₂v}ERIM",
"id": "P335015.l0200a",
"ref": "P335015.4.3",
"inst": "Mannu-ki-ṣabi[1]PN$",
"sig": "@saao/saa14%akk-x-neoass:{1}man-nu-ki-{LU₂}ERIM=Mannu-ki-ṣabi[1//1]PN'PN$Mannu-ki-ṣabi",
"f": {"lang": "akk-x-neoass",
"form": "{1}man-nu-ki-{LU₂}ERIM",
"cf": "Mannu-ki-ṣabi",
"gw": "1",
"sense": "1",
"norm": "Mannu-ki-ṣabi",
"pos": "PN",
"epos": "PN"}
}
,
{
"node": "d",
"type": "nonx",
"ref": "P335015.5",
"strict": "0",
"extent": "1",
"scope": "impression",
"state": "other"}
,
{
"node": "d",
"type": "line-start",
"ref": "P335015.6",
"n": "4",
"label": "o 4"}
,
{
"node": "l",
"frag": "[ina]",
"id": "P335015.l0200b",
"ref": "P335015.6.1",
"inst": "ina[in+=instead of]PRP",
"sig": "@saao/saa14%akk-x-neoass:ina=ina[in//in]PRP'PRP$ina",
"f": {"lang": "akk-x-neoass",
"form": "ina",
"cf": "ina",
"gw": "in",
"sense": "in",
"norm": "ina",
"pos": "PRP",
"epos": "PRP"}
}
,
{
"node": "l",
"frag": "ku-um",
"id": "P335015.l0200c",
"ref": "P335015.6.2",
"inst": "kūm[instead of]PRP",
"sig": "@saao/saa14%akk-x-neoass:ku-um=kūm[instead of//instead of]PRP'PRP$kūm",
"f": {"lang": "akk-x-neoass",
"form": "ku-um",
"cf": "kūm",
"gw": "instead of",
"sense": "instead of",
"norm": "kūm",
"pos": "PRP",
"epos": "PRP"}
}
,
{
"node": "l",
"frag": "KUG.UD",
"id": "P335015.l0200d",
"ref": "P335015.6.3",
"inst": "ṣarpi[silver]N",
"sig": "@saao/saa14%akk-x-neoass:KUG.UD=ṣarpu[silver//silver]N'N$ṣarpi",
"f": {"lang": "akk-x-neoass",
"form": "KUG.UD",
"cf": "ṣarpu",
"gw": "silver",
"sense": "silver",
"norm": "ṣarpi",
"pos": "N",
"epos": "N"}
}
,
{
"node": "l",
"frag": "{1}man-nu-ki-ERIM",
"id": "P335015.l0200e",
"ref": "P335015.6.4",
"inst": "Mannu-ki-ṣabi[1]PN",
"sig": "@saao/saa14%akk-x-neoass:{1}man-nu-ki-ERIM=Mannu-ki-ṣabi[1//1]PN'PN$Mannu-ki-ṣabi",
"f": {"lang": "akk-x-neoass",
"form": "{1}man-nu-ki-ERIM",
"cf": "Mannu-ki-ṣabi",
"gw": "1",
"sense": "1",
"norm": "Mannu-ki-ṣabi",
"pos": "PN",
"epos": "PN"}
}
,
{
"node": "d",
"type": "line-start",
"ref": "P335015.7",
"n": "5",
"label": "o 5"}
,
{
"node": "l",
"frag": "[ina]",
"id": "P335015.l0200f",
"ref": "P335015.7.1",
"inst": "ina[in+=as a pledge]PRP$",
"sig": "@saao/saa14%akk-x-neoass:ina=ina[in//in]PRP'PRP$ina",
"f": {"lang": "akk-x-neoass",
"form": "ina",
"cf": "ina",
"gw": "in",
"sense": "in",
"norm": "ina",
"pos": "PRP",
"epos": "PRP"}
}
,
{
"node": "l",
"frag": "⸢ša₂⸣-bar-ti",
"id": "P335015.l02010",
"ref": "P335015.7.2",
"inst": "šapartu[pledge]N$šabarti",
"sig": "@saao/saa14%akk-x-neoass:ša₂-bar-ti=šapartu[pledge//pledge]N'N$šabarti",
"f": {"lang": "akk-x-neoass",
"form": "ša₂-bar-ti",
"cf": "šapartu",
"gw": "pledge",
"sense": "pledge",
"norm": "šabarti",
"pos": "N",
"epos": "N"}
}
,
{
"node": "l",
"frag": "ša₂-kin₂",
"id": "P335015.l02011",
"ref": "P335015.7.3",
"inst": "šakin[placed]AJ",
"sig": "@saao/saa14%akk-x-neoass:ša₂-kin₂=šaknu[placed//placed]AJ'AJ$šakin",
"f": {"lang": "akk-x-neoass",
"form": "ša₂-kin₂",
"cf": "šaknu",
"gw": "placed",
"sense": "placed",
"norm": "šakin",
"pos": "AJ",
"epos": "AJ"}
}
,
{
"node": "l",
"frag": "ina",
"id": "P335015.l02012",
"ref": "P335015.7.4",
"inst": "ina[for]PRP",
"sig": "@saao/saa14%akk-x-neoass:ina=ina[in//for]PRP'PRP$ina",
"f": {"lang": "akk-x-neoass",
"form": "ina",
"cf": "ina",
"gw": "in",
"sense": "for",
"norm": "ina",
"pos": "PRP",
"epos": "PRP"}
}
,
{
"node": "l",
"frag": "MU.⸢AN.NA⸣-MEŠ",
"id": "P335015.l02013",
"ref": "P335015.7.5",
"inst": "šanāti[year]N",
"sig": "@saao/saa14%akk-x-neoass:MU.AN.NA-MEŠ=šattu[year//year]N'N$šanāti",
"f": {"lang": "akk-x-neoass",
"form": "MU.AN.NA-MEŠ",
"cf": "šattu",
"gw": "year",
"sense": "year",
"norm": "šanāti",
"pos": "N",
"epos": "N"}
}
,
{
"node": "d",
"type": "line-start",
"ref": "P335015.8",
"n": "6",
"label": "o 6"}
,
{
"node": "l",
"frag": "[ina]",
"id": "P335015.l02014",
"ref": "P335015.8.1",
"inst": "ina[on]PRP",
"sig": "@saao/saa14%akk-x-neoass:ina=ina[in//on]PRP'PRP$ina",
"f": {"lang": "akk-x-neoass",
"form": "ina",
"cf": "ina",
"gw": "in",
"sense": "on",
"norm": "ina",
"pos": "PRP",
"epos": "PRP"}
}
,
{
"node": "l",
"frag": "UD-me",
"id": "P335015.l02015",
"ref": "P335015.8.2",
"inst": "ūme[day]N",
"sig": "@saao/saa14%akk-x-neoass:UD-me=ūmu[day//day]N'N$ūme",
"f": {"lang": "akk-x-neoass",
"form": "UD-me",
"cf": "ūmu",
"gw": "day",
"sense": "day",
"norm": "ūme",
"pos": "N",
"epos": "N"}
}
,
{
"node": "l",
"frag": "ša",
"id": "P335015.l02016",
"ref": "P335015.8.3",
"inst": "ša[which]REL",
"sig": "@saao/saa14%akk-x-neoass:ša=ša[that//which]REL'REL$ša",
"f": {"lang": "akk-x-neoass",
"form": "ša",
"cf": "ša",
"gw": "that",
"sense": "which",
"norm": "ša",
"pos": "REL",
"epos": "REL"}
}
,
{
"node": "l",
"frag": "KUG.UD",
"id": "P335015.l02017",
"ref": "P335015.8.4",
"inst": "ṣarpi[silver]N",
"sig": "@saao/saa14%akk-x-neoass:KUG.UD=ṣarpu[silver//silver]N'N$ṣarpi",
"f": {"lang": "akk-x-neoass",
"form": "KUG.UD",
"cf": "ṣarpu",
"gw": "silver",
"sense": "silver",
"norm": "ṣarpi",
"pos": "N",
"epos": "N"}
}
,
{
"node": "d",
"subtype": "bottom",
"type": "surface",
"ref": "P335015.b.e..9",
"type": "bottom",
"label": "b.e."}
,
{
"node": "d",
"type": "line-start",
"ref": "P335015.10",
"n": "7",
"label": "b.e. 7"}
,
{
"node": "l",
"frag": "⸢i⸣-da-nu-ni",
"id": "P335015.l02018",
"ref": "P335015.10.1",
"inst": "iddanūni[pay]V",
"sig": "@saao/saa14%akk-x-neoass:i-da-nu-ni=tadānu[give//pay]V'V$iddanūni",
"f": {"lang": "akk-x-neoass",
"form": "i-da-nu-ni",
"cf": "tadānu",
"gw": "give",
"sense": "pay",
"norm": "iddanūni",
"pos": "V",
"epos": "V"}
}
,
{
"node": "d",
"type": "line-start",
"ref": "P335015.11",
"n": "8",
"label": "b.e. 8"}
,
{
"node": "l",
"frag": "{1}man-nu-ki-ERIM",
"id": "P335015.l02019",
"ref": "P335015.11.1",
"inst": "Mannu-ki-ṣabi[1]PN",
"sig": "@saao/saa14%akk-x-neoass:{1}man-nu-ki-ERIM=Mannu-ki-ṣabi[1//1]PN'PN$Mannu-ki-ṣabi",
"f": {"lang": "akk-x-neoass",
"form": "{1}man-nu-ki-ERIM",
"cf": "Mannu-ki-ṣabi",
"gw": "1",
"sense": "1",
"norm": "Mannu-ki-ṣabi",
"pos": "PN",
"epos": "PN"}
}
,
{
"node": "l",
"frag": "u₂-ṣa",
"id": "P335015.l0201a",
"ref": "P335015.11.2",
"inst": "aṣû[go out//redeem]V$uṣṣa",
"sig": "@saao/saa14%akk-x-neoass:u₂-ṣa=aṣû[go out//redeem]V'V$uṣṣa",
"f": {"lang": "akk-x-neoass",
"form": "u₂-ṣa",
"cf": "aṣû",
"gw": "go out",
"sense": "redeem",
"norm": "uṣṣa",
"pos": "V",
"epos": "V"}
}
,
{
"node": "d",
"subtype": "reverse",
"type": "surface",
"ref": "P335015.r.12",
"type": "reverse",
"label": "r"}
,
{
"node": "d",
"type": "line-start",
"ref": "P335015.13",
"n": "1",
"label": "r 1"}
,
{
"node": "l",
"frag": "⸢UŠ₂⸣",
"id": "P335015.l0201b",
"ref": "P335015.13.1",
"inst": "mētu[dead]AJ",
"sig": "@saao/saa14%akk-x-neoass:UŠ₂=mītu[dead//dead]AJ'AJ$mētu",
"f": {"lang": "akk-x-neoass",
"form": "UŠ₂",
"cf": "mītu",
"gw": "dead",
"sense": "dead",
"norm": "mētu",
"pos": "AJ",
"epos": "AJ"}
}
,
{
"node": "l",
"frag": "hal-qa",
"id": "P335015.l0201c",
"ref": "P335015.13.2",
"inst": "halqu[lost//fugitive]AJ$halqa",
"sig": "@saao/saa14%akk-x-neoass:hal-qa=halqu[lost//fugitive]AJ'AJ$halqa",
"f": {"lang": "akk-x-neoass",
"form": "hal-qa",
"cf": "halqu",
"gw": "lost",
"sense": "fugitive",
"norm": "halqa",
"pos": "AJ",
"epos": "AJ"}
}
,
{
"node": "l",
"frag": "ina",
"id": "P335015.l0201d",
"ref": "P335015.13.3",
"inst": "ina[in+=in charge of]PRP",
"sig": "@saao/saa14%akk-x-neoass:ina=ina[in//in]PRP'PRP$ina",
"f": {"lang": "akk-x-neoass",
"form": "ina",
"cf": "ina",
"gw": "in",
"sense": "in",
"norm": "ina",
"pos": "PRP",
"epos": "PRP"}
}
,
{
"node": "l",
"frag": "UGU",
"id": "P335015.l0201e",
"ref": "P335015.13.4",
"inst": "muhhi[skull]N",
"sig": "@saao/saa14%akk-x-neoass:UGU=muhhu[skull//skull]N'N$muhhi",
"f": {"lang": "akk-x-neoass",
"form": "UGU",
"cf": "muhhu",
"gw": "skull",
"sense": "skull",
"norm": "muhhi",
"pos": "N",
"epos": "N"}
}
,
{
"node": "l",
"frag": "EN-šu₂",
"id": "P335015.l0201f",
"ref": "P335015.13.5",
"inst": "bēlīšu[owner]N",
"sig": "@saao/saa14%akk-x-neoass:EN-šu₂=bēlu[lord//owner]N'N$bēlīšu",
"f": {"lang": "akk-x-neoass",
"form": "EN-šu₂",
"cf": "bēlu",
"gw": "lord",
"sense": "owner",
"norm": "bēlīšu",
"pos": "N",
"epos": "N"}
}
,
{
"node": "d",
"type": "line-start",
"ref": "P335015.14",
"n": "2",
"label": "r 2"}
,
{
"node": "l",
"frag": "{⸢iti⸣}KIN",
"id": "P335015.l02020",
"ref": "P335015.14.1",
"inst": "Eluli[Elul]MN",
"sig": "@saao/saa14%akk-x-neoass:{ITI}KIN=Elulu[Elul//Elul]MN'MN$Eluli",
"f": {"lang": "akk-x-neoass",
"form": "{ITI}KIN",
"cf": "Elulu",
"gw": "Elul",
"sense": "Elul",
"norm": "Eluli",
"pos": "MN",
"epos": "MN"}
}
,
{
"node": "l",
"frag": "UD",
"id": "P335015.l02021",
"ref": "P335015.14.2",
"inst": "ūm[day]N",
"sig": "@saao/saa14%akk-x-neoass:UD=ūmu[day//day]N'N$ūm",
"f": {"lang": "akk-x-neoass",
"form": "UD",
"cf": "ūmu",
"gw": "day",
"sense": "day",
"norm": "ūm",
"pos": "N",
"epos": "N"}
}
,
{
"node": "l",
"frag": "05-KAM",
"id": "P335015.l02022",
"ref": "P335015.14.3",
"inst": "n",
"f": {"lang": "akk-x-neoass",
"form": "05-KAM",
"pos": "n"}
}
,
{
"node": "d",
"type": "line-start",
"ref": "P335015.15",
"n": "3",
"label": "r 3"}
,
{
"node": "l",
"frag": "⸢lim⸣-mu",
"id": "P335015.l02023",
"ref": "P335015.15.1",
"inst": "limmu[eponym (of year)]N",
"sig": "@saao/saa14%akk-x-neoass:lim-mu=līmu[eponym (of year)//eponym (of year)]N'N$limmu",
"f": {"lang": "akk-x-neoass",
"form": "lim-mu",
"cf": "līmu",
"gw": "eponym (of year)",
"sense": "eponym (of year)",
"norm": "limmu",
"pos": "N",
"epos": "N"}
}
,
{
"node": "l",
"frag": "{1}{d}PA-AŠ-PAB",
"id": "P335015.l02024",
"ref": "P335015.15.2",
"inst": "Nabu-nadin-ahi[1]PN",
"sig": "@saao/saa14%akk-x-neoass:{1}{d}PA-AŠ-PAB=Nabu-nadin-ahi[1//1]PN'PN$Nabu-nadin-ahi",
"f": {"lang": "akk-x-neoass",
"form": "{1}{d}PA-AŠ-PAB",
"cf": "Nabu-nadin-ahi",
"gw": "1",
"sense": "1",
"norm": "Nabu-nadin-ahi",
"pos": "PN",
"epos": "PN"}
}
,
{
"node": "d",
"type": "line-start",
"ref": "P335015.16",
"n": "4",
"label": "r 4"}
,
{
"node": "l",
"frag": "⸢IGI⸣",
"id": "P335015.l02025",
"ref": "P335015.16.1",
"inst": "šību[witness]N",
"sig": "@saao/saa14%akk-x-neoass:IGI=šību[witness//witness]N'N$šību",
"f": {"lang": "akk-x-neoass",
"form": "IGI",
"cf": "šību",
"gw": "witness",
"sense": "witness",
"norm": "šību",
"pos": "N",
"epos": "N"}
}
,
{
"node": "l",
"frag": "{1}DI-mu-PAB-MEŠ",
"id": "P335015.l02026",
"ref": "P335015.16.2",
"inst": "Šulmu-ahhe[1]PN",
"sig": "@saao/saa14%akk-x-neoass:{1}DI-mu-PAB-MEŠ=Šulmu-ahhe[1//1]PN'PN$Šulmu-ahhe",
"f": {"lang": "akk-x-neoass",
"form": "{1}DI-mu-PAB-MEŠ",
"cf": "Šulmu-ahhe",
"gw": "1",
"sense": "1",
"norm": "Šulmu-ahhe",
"pos": "PN",
"epos": "PN"}
}
,
{
"node": "d",
"type": "line-start",
"ref": "P335015.17",
"n": "5",
"label": "r 5"}
,
{
"node": "l",
"frag": "A",
"id": "P335015.l02027",
"ref": "P335015.17.1",
"inst": "mār[son]N",
"sig": "@saao/saa14%akk-x-neoass:A=māru[son//son]N'N$mār",
"f": {"lang": "akk-x-neoass",
"form": "A",
"cf": "māru",
"gw": "son",
"sense": "son",
"norm": "mār",
"pos": "N",
"epos": "N"}
}
,
{
"node": "l",
"frag": "{1}15--BAD₃",
"id": "P335015.l02028",
"ref": "P335015.17.2",
"inst": "Issar-duri[1]PN",
"sig": "@saao/saa14%akk-x-neoass:{1}15-BAD₃=Issar-duri[1//1]PN'PN$Issar-duri",
"f": {"lang": "akk-x-neoass",
"form": "{1}15-BAD₃",
"cf": "Issar-duri",
"gw": "1",
"sense": "1",
"norm": "Issar-duri",
"pos": "PN",
"epos": "PN"}
}
,
{
"node": "d",
"type": "line-start",
"ref": "P335015.18",
"n": "6",
"label": "r 6"}
,
{
"node": "l",
"frag": "IGI",
"id": "P335015.l02029",
"ref": "P335015.18.1",
"inst": "šību[witness]N",
"sig": "@saao/saa14%akk-x-neoass:IGI=šību[witness//witness]N'N$šību",
"f": {"lang": "akk-x-neoass",
"form": "IGI",
"cf": "šību",
"gw": "witness",
"sense": "witness",
"norm": "šību",
"pos": "N",
"epos": "N"}
}
,
{
"node": "l",
"frag": "{1}⸢qur₂-di⸣-i",
"id": "P335015.l0202a",
"ref": "P335015.18.2",
"inst": "Qurdi[1]PN$",
"sig": "@saao/saa14%akk-x-neoass:{1}qur₂-di-i=Qurdi[1//1]PN'PN$Qurdi",
"f": {"lang": "akk-x-neoass",
"form": "{1}qur₂-di-i",
"cf": "Qurdi",
"gw": "1",
"sense": "1",
"norm": "Qurdi",
"pos": "PN",
"epos": "PN"}
}
,
{
"node": "d",
"type": "line-start",
"ref": "P335015.19",
"n": "7",
"label": "r 7"}
,
{
"node": "l",
"frag": "IGI",
"id": "P335015.l0202b",
"ref": "P335015.19.1",
"inst": "šību[witness]N",
"sig": "@saao/saa14%akk-x-neoass:IGI=šību[witness//witness]N'N$šību",
"f": {"lang": "akk-x-neoass",
"form": "IGI",
"cf": "šību",
"gw": "witness",
"sense": "witness",
"norm": "šību",
"pos": "N",
"epos": "N"}
}
,
{
"node": "l",
"frag": "{1}u₂-⸢gi-ne₂⸣-e",
"id": "P335015.l0202c",
"ref": "P335015.19.2",
"inst": "Ugine[1]PN$",
"sig": "@saao/saa14%akk-x-neoass:{1}u₂-gi-ne₂-e=Ugine[1//1]PN'PN$Ugine",
"f": {"lang": "akk-x-neoass",
"form": "{1}u₂-gi-ne₂-e",
"cf": "Ugine",
"gw": "1",
"sense": "1",
"norm": "Ugine",
"pos": "PN",
"epos": "PN"}
}
,
{
"node": "d",
"type": "line-start",
"ref": "P335015.20",
"n": "8",
"label": "r 8"}
,
{
"node": "l",
"frag": "[IGI",
"id": "P335015.l0202d",
"ref": "P335015.20.1",
"inst": "šību[witness]N",
"sig": "@saao/saa14%akk-x-neoass:IGI=šību[witness//witness]N'N$šību",
"f": {"lang": "akk-x-neoass",
"form": "IGI",
"cf": "šību",
"gw": "witness",
"sense": "witness",
"norm": "šību",
"pos": "N",
"epos": "N"}
}
,
{
"node": "l",
"frag": "{1}⸢ia-ki⸣-ti-E",
"id": "P335015.l0202e",
"ref": "P335015.20.2",
"inst": "Aya-kettu-iqbi[1]PN$",
"sig": "@saao/saa14%akk-x-neoass:{1}ia-ki-ti-E=Aya-kettu-iqbi[1//1]PN'PN$Aya-kettu-iqbi",
"f": {"lang": "akk-x-neoass",
"form": "{1}ia-ki-ti-E",
"cf": "Aya-kettu-iqbi",
"gw": "1",
"sense": "1",
"norm": "Aya-kettu-iqbi",
"pos": "PN",
"epos": "PN"}
}
,
{
"node": "d",
"type": "line-start",
"ref": "P335015.21",
"n": "9",
"label": "r 9"}
,
{
"node": "l",
"frag": "[IGI",
"id": "P335015.l0202f",
"ref": "P335015.21.1",
"inst": "šību[witness]N",
"sig": "@saao/saa14%akk-x-neoass:IGI=šību[witness//witness]N'N$šību",
"f": {"lang": "akk-x-neoass",
"form": "IGI",
"cf": "šību",
"gw": "witness",
"sense": "witness",
"norm": "šību",
"pos": "N",
"epos": "N"}
}
,
{
"node": "l",
"frag": "{1}x-x]-⸢ka⸣-a",
"id": "P335015.l02030",
"ref": "P335015.21.2",
"inst": "u",
"f": {"lang": "akk-x-neoass",
"form": "{1}x-x-ka-a",
"pos": "u"}
}
,
{
"node": "d",
"type": "line-start",
"ref": "P335015.22",
"n": "10",
"label": "r 10"}
,
{
"node": "l",
"frag": "[IGI",
"id": "P335015.l02031",
"ref": "P335015.22.1",
"inst": "šību[witness]N",
"sig": "@saao/saa14%akk-x-neoass:IGI=šību[witness//witness]N'N$šību",
"f": {"lang": "akk-x-neoass",
"form": "IGI",
"cf": "šību",
"gw": "witness",
"sense": "witness",
"norm": "šību",
"pos": "N",
"epos": "N"}
}
,
{
"node": "l",
"frag": "{1}la]-⸢te⸣-gi-15",
"id": "P335015.l02032",
"ref": "P335015.22.2",
"inst": "La-teggi-ana-Issar[1]PN$",
"sig": "@saao/saa14%akk-x-neoass:{1}la-te-gi-15=La-teggi-ana-Issar[1//1]PN'PN$La-teggi-ana-Issar",
"f": {"lang": "akk-x-neoass",
"form": "{1}la-te-gi-15",
"cf": "La-teggi-ana-Issar",
"gw": "1",
"sense": "1",
"norm": "La-teggi-ana-Issar",
"pos": "PN",
"epos": "PN"}
}
,
{
"node": "d",
"type": "line-start",
"ref": "P335015.23",
"n": "11",
"label": "r 11"}
,
{
"node": "l",
"frag": "[IGI",
"id": "P335015.l02033",
"ref": "P335015.23.1",
"inst": "šību[witness]N",
"sig": "@saao/saa14%akk-x-neoass:IGI=šību[witness//witness]N'N$šību",
"f": {"lang": "akk-x-neoass",
"form": "IGI",
"cf": "šību",
"gw": "witness",
"sense": "witness",
"norm": "šību",
"pos": "N",
"epos": "N"}
}
,
{
"node": "l",
"frag": "{1}{d]}⸢PA-PAB⸣-AŠ",
"id": "P335015.l02034",
"ref": "P335015.23.2",
"inst": "Nabu-ahu-iddina[1]PN",
"sig": "@saao/saa14%akk-x-neoass:{1}{d}PA-PAB-AŠ=Nabu-ahu-iddina[1//1]PN'PN$Nabu-ahu-iddina",
"f": {"lang": "akk-x-neoass",
"form": "{1}{d}PA-PAB-AŠ",
"cf": "Nabu-ahu-iddina",
"gw": "1",
"sense": "1",
"norm": "Nabu-ahu-iddina",
"pos": "PN",
"epos": "PN"}
}
]}
]}
]}
]}
