{
"type": "cdl",
  "source": "http://oracc.org/saao/saa14",
  "license": "This data is released under the CC0 license",
  "license-url": "https://creativecommons.org/publicdomain/zero/1.0/",
  "more-info": "http://oracc.org/doc/opendata/",
  "UTC-timestamp": "2017-05-19T11:49:57",
"project": "saao/saa14",
"textid": "P335418",
"cdl": [
{
"node": "c",
"type": "text",
"id": "P335418.U0",
"cdl": [
{
"node": "d",
"type": "object",
"ref": ""}
,
{
"node": "d",
"type": "surface",
"ref": ""}
,
{
"node": "d",
"type": "nonx",
"ref": "P335418.1",
"strict": "0",
"extent": "beginning",
"state": "missing"}
,
{
"node": "c",
"type": "discourse",
"subtype": "body",
"id": "P335418.U1",
"cdl": [
{
"node": "c",
"type": "sentence",
"id": "P335418.U2",
"label": "1' - r 7",
"cdl": [
{
"node": "d",
"type": "line-start",
"ref": "P335418.2",
"n": "1'",
"label": "1'"}
,
{
"node": "l",
"frag": "[x",
"id": "P335418.l0520b",
"ref": "P335418.2.1",
"inst": "u",
"f": {"lang": "akk-x-neoass",
"form": "x",
"pos": "u"}
}
,
{
"node": "l",
"frag": "x",
"id": "P335418.l0520c",
"ref": "P335418.2.2",
"inst": "u",
"f": {"lang": "akk-x-neoass",
"form": "x",
"pos": "u"}
}
,
{
"node": "l",
"frag": "x",
"id": "P335418.l0520d",
"ref": "P335418.2.3",
"inst": "u",
"f": {"lang": "akk-x-neoass",
"form": "x",
"pos": "u"}
}
,
{
"node": "l",
"frag": "kas-pu]",
"id": "P335418.l0520e",
"ref": "P335418.2.4",
"inst": "kaspu[money]N",
"sig": "@saao/saa14%akk-x-neoass:kas-pu=kaspu[silver//money]N'N$kaspu",
"f": {"lang": "akk-x-neoass",
"form": "kas-pu",
"cf": "kaspu",
"gw": "silver",
"sense": "money",
"norm": "kaspu",
"pos": "N",
"epos": "N"}
}
,
{
"node": "l",
"frag": "⸢gam-mur⸣",
"id": "P335418.l0520f",
"ref": "P335418.2.5",
"inst": "gammur[completed]AJ",
"sig": "@saao/saa14%akk-x-neoass:gam-mur=gammuru[finished//completed]AJ'AJ$gammur",
"f": {"lang": "akk-x-neoass",
"form": "gam-mur",
"cf": "gammuru",
"gw": "finished",
"sense": "completed",
"norm": "gammur",
"pos": "AJ",
"epos": "AJ"}
}
,
{
"node": "l",
"frag": "[ta-din]",
"id": "P335418.l05210",
"ref": "P335418.2.6",
"inst": "tadin[paid]AJ",
"sig": "@saao/saa14%akk-x-neoass:ta-din=tadnu[given//paid]AJ'AJ$tadin",
"f": {"lang": "akk-x-neoass",
"form": "ta-din",
"cf": "tadnu",
"gw": "given",
"sense": "paid",
"norm": "tadin",
"pos": "AJ",
"epos": "AJ"}
}
,
{
"node": "d",
"type": "line-start",
"ref": "P335418.3",
"n": "2'",
"label": "2'"}
,
{
"node": "l",
"frag": "[x",
"id": "P335418.l05211",
"ref": "P335418.3.1",
"inst": "u",
"f": {"lang": "akk-x-neoass",
"form": "x",
"pos": "u"}
}
,
{
"node": "l",
"frag": "x",
"id": "P335418.l05212",
"ref": "P335418.3.2",
"inst": "u",
"f": {"lang": "akk-x-neoass",
"form": "x",
"pos": "u"}
}
,
{
"node": "l",
"frag": "x",
"id": "P335418.l05213",
"ref": "P335418.3.3",
"inst": "u",
"f": {"lang": "akk-x-neoass",
"form": "x",
"pos": "u"}
}
,
{
"node": "l",
"frag": "x",
"id": "P335418.l05214",
"ref": "P335418.3.4",
"inst": "u",
"f": {"lang": "akk-x-neoass",
"form": "x",
"pos": "u"}
}
,
{
"node": "l",
"frag": "x",
"id": "P335418.l05215",
"ref": "P335418.3.5",
"inst": "u",
"f": {"lang": "akk-x-neoass",
"form": "x",
"pos": "u"}
}
,
{
"node": "l",
"frag": "šu₂-a]-tu₂",
"id": "P335418.l05216",
"ref": "P335418.3.6",
"inst": "šuātu[that]'DP",
"sig": "@saao/saa14%akk-x-neoass:šu₂-a-tu₂=šuāti[him//that]IP'DP$šuātu",
"f": {"lang": "akk-x-neoass",
"form": "šu₂-a-tu₂",
"cf": "šuāti",
"gw": "him",
"sense": "that",
"norm": "šuātu",
"pos": "IP",
"epos": "DP"}
}
,
{
"node": "l",
"frag": "za-rip",
"id": "P335418.l05217",
"ref": "P335418.3.7",
"inst": "zarip[purchased]AJ",
"sig": "@saao/saa14%akk-x-neoass:za-rip=zarpu[purchased//purchased]AJ'AJ$zarip",
"f": {"lang": "akk-x-neoass",
"form": "za-rip",
"cf": "zarpu",
"gw": "purchased",
"sense": "purchased",
"norm": "zarip",
"pos": "AJ",
"epos": "AJ"}
}
,
{
"node": "l",
"frag": "laq-qi",
"id": "P335418.l05218",
"ref": "P335418.3.8",
"inst": "laqqi[acquired]AJ",
"sig": "@saao/saa14%akk-x-neoass:laq-qi=leqû[taken//acquired]AJ'AJ$laqqi",
"f": {"lang": "akk-x-neoass",
"form": "laq-qi",
"cf": "leqû",
"gw": "taken",
"sense": "acquired",
"norm": "laqqi",
"pos": "AJ",
"epos": "AJ"}
}
,
{
"node": "d",
"type": "line-start",
"ref": "P335418.4",
"n": "3'",
"label": "3'"}
,
{
"node": "l",
"frag": "[tu-a-ru",
"id": "P335418.l05219",
"ref": "P335418.4.1",
"inst": "tuāru[revocation]'N",
"sig": "@saao/saa14%akk-x-neoass:tu-a-ru=târu[turn//revocation]V'N$tuāru",
"f": {"lang": "akk-x-neoass",
"form": "tu-a-ru",
"cf": "târu",
"gw": "turn",
"sense": "revocation",
"norm": "tuāru",
"pos": "V",
"epos": "N"}
}
,
{
"node": "l",
"frag": "de]-ni",
"id": "P335418.l0521a",
"ref": "P335418.4.2",
"inst": "dēni[claim]N",
"sig": "@saao/saa14%akk-x-neoass:de-ni=dīnu[legal decision//claim]N'N$dēni",
"f": {"lang": "akk-x-neoass",
"form": "de-ni",
"cf": "dīnu",
"gw": "legal decision",
"sense": "claim",
"norm": "dēni",
"pos": "N",
"epos": "N"}
}
,
{
"node": "l",
"frag": "DUG₄.DUG₄",
"id": "P335418.l0521b",
"ref": "P335418.4.3",
"inst": "dabābu[litigation]'N",
"sig": "@saao/saa14%akk-x-neoass:DUG₄.DUG₄=dabābu[speak//litigation]V'N$dabābu",
"f": {"lang": "akk-x-neoass",
"form": "DUG₄.DUG₄",
"cf": "dabābu",
"gw": "speak",
"sense": "litigation",
"norm": "dabābu",
"pos": "V",
"epos": "N"}
}
,
{
"node": "l",
"frag": "la-šu₂",
"id": "P335418.l0521c",
"ref": "P335418.4.4",
"inst": "laššu[(there) is not]V",
"sig": "@saao/saa14%akk-x-neoass:la-šu₂=laššu[(there) is not//(there) is not]V'V$laššu",
"f": {"lang": "akk-x-neoass",
"form": "la-šu₂",
"cf": "laššu",
"gw": "(there) is not",
"sense": "(there) is not",
"norm": "laššu",
"pos": "V",
"epos": "V"}
}
,
{
"node": "d",
"type": "line-start",
"ref": "P335418.5",
"n": "4'",
"label": "4'"}
,
{
"node": "l",
"frag": "[man-nu",
"id": "P335418.l0521d",
"ref": "P335418.5.1",
"inst": "mannu[whoever]'XP",
"sig": "@saao/saa14%akk-x-neoass:man-nu=mannu[who?//whoever]QP'XP$mannu",
"f": {"lang": "akk-x-neoass",
"form": "man-nu",
"cf": "mannu",
"gw": "who?",
"sense": "whoever",
"norm": "mannu",
"pos": "QP",
"epos": "XP"}
}
,
{
"node": "l",
"frag": "ša₂",
"id": "P335418.l0521e",
"ref": "P335418.5.2",
"inst": "ša[that]REL",
"sig": "@saao/saa14%akk-x-neoass:ša₂=ša[that//that]REL'REL$ša",
"f": {"lang": "akk-x-neoass",
"form": "ša₂",
"cf": "ša",
"gw": "that",
"sense": "that",
"norm": "ša",
"pos": "REL",
"epos": "REL"}
}
,
{
"node": "c",
"type": "phrase",
"tag": "phr",
"id": "P335418.U4",
"ref": "P335418.ls00000",
"cdl": [
{
"node": "l",
"frag": "ina",
"id": "P335418.l0521f",
"ref": "P335418.5.3",
"inst": "ina[in+=in the future]PRP",
"sig": "@saao/saa14%akk-x-neoass:ina=ina[in//in]PRP'PRP$ina",
"f": {"lang": "akk-x-neoass",
"form": "ina",
"cf": "ina",
"gw": "in",
"sense": "in",
"norm": "ina",
"pos": "PRP",
"epos": "PRP"}
}
,
{
"node": "l",
"frag": "ur]-kiš",
"id": "P335418.l05220",
"ref": "P335418.5.4",
"inst": "urkiš[later]AV",
"sig": "@saao/saa14%akk-x-neoass:ur-kiš=urkiš[later//later]AV'AV$urkiš",
"f": {"lang": "akk-x-neoass",
"form": "ur-kiš",
"cf": "urkiš",
"gw": "later",
"sense": "later",
"norm": "urkiš",
"pos": "AV",
"epos": "AV"}
}
]}
,
{
"node": "l",
"frag": "ina",
"id": "P335418.l05221",
"ref": "P335418.5.5",
"inst": "ina[in+=whenever]PRP",
"sig": "@saao/saa14%akk-x-neoass:ina=ina[in//in]PRP'PRP$ina",
"f": {"lang": "akk-x-neoass",
"form": "ina",
"cf": "ina",
"gw": "in",
"sense": "in",
"norm": "ina",
"pos": "PRP",
"epos": "PRP"}
}
,
{
"node": "l",
"frag": "ma-te-e-ma",
"id": "P335418.l05222",
"ref": "P335418.5.6",
"inst": "matēma[ever]AV",
"sig": "@saao/saa14%akk-x-neoass:ma-te-e-ma=matīma[ever//ever]AV'AV$matēma",
"f": {"lang": "akk-x-neoass",
"form": "ma-te-e-ma",
"cf": "matīma",
"gw": "ever",
"sense": "ever",
"norm": "matēma",
"pos": "AV",
"epos": "AV"}
}
,
{
"node": "d",
"type": "line-start",
"ref": "P335418.6",
"n": "5'",
"label": "5'"}
,
{
"node": "l",
"frag": "[i-za-qu]-⸢pa⸣-a-ni",
"id": "P335418.l05223",
"ref": "P335418.6.1",
"inst": "izaqqupāni[complain]V",
"sig": "@saao/saa14%akk-x-neoass:i-za-qu-pa-a-ni=zaqāpu[fix upright//complain]V'V$izaqqupāni",
"f": {"lang": "akk-x-neoass",
"form": "i-za-qu-pa-a-ni",
"cf": "zaqāpu",
"gw": "fix upright",
"sense": "complain",
"norm": "izaqqupāni",
"pos": "V",
"epos": "V"}
}
,
{
"node": "l",
"frag": "lu-u",
"id": "P335418.l05224",
"ref": "P335418.6.2",
"inst": "lū[may]MOD",
"sig": "@saao/saa14%akk-x-neoass:lu-u=lū[may//may]MOD'MOD$lū",
"f": {"lang": "akk-x-neoass",
"form": "lu-u",
"cf": "lū",
"gw": "may",
"sense": "may",
"norm": "lū",
"pos": "MOD",
"epos": "MOD"}
}
,
{
"node": "l",
"frag": "{1}mar-su-ri",
"id": "P335418.l05225",
"ref": "P335418.6.3",
"inst": "Mar-suri[1]PN",
"sig": "@saao/saa14%akk-x-neoass:{1}mar-su-ri=Mar-suri[1//1]PN'PN$Mar-suri",
"f": {"lang": "akk-x-neoass",
"form": "{1}mar-su-ri",
"cf": "Mar-suri",
"gw": "1",
"sense": "1",
"norm": "Mar-suri",
"pos": "PN",
"epos": "PN"}
}
,
{
"node": "d",
"type": "line-start",
"ref": "P335418.7",
"n": "6'",
"label": "6'"}
,
{
"node": "l",
"frag": "[lu-u",
"id": "P335418.l05226",
"ref": "P335418.7.1",
"inst": "lū[may]MOD",
"sig": "@saao/saa14%akk-x-neoass:lu-u=lū[may//may]MOD'MOD$lū",
"f": {"lang": "akk-x-neoass",
"form": "lu-u",
"cf": "lū",
"gw": "may",
"sense": "may",
"norm": "lū",
"pos": "MOD",
"epos": "MOD"}
}
,
{
"node": "l",
"frag": "DUMU-MEŠ-šu₂]",
"id": "P335418.l05227",
"ref": "P335418.7.2",
"inst": "marʾēšu[son]N",
"sig": "@saao/saa14%akk-x-neoass:DUMU-MEŠ-šu₂=māru[son//son]N'N$marʾēšu",
"f": {"lang": "akk-x-neoass",
"form": "DUMU-MEŠ-šu₂",
"cf": "māru",
"gw": "son",
"sense": "son",
"norm": "marʾēšu",
"pos": "N",
"epos": "N"}
}
,
{
"node": "l",
"frag": "⸢lu⸣-u",
"id": "P335418.l05228",
"ref": "P335418.7.3",
"inst": "lū[may]MOD",
"sig": "@saao/saa14%akk-x-neoass:lu-u=lū[may//may]MOD'MOD$lū",
"f": {"lang": "akk-x-neoass",
"form": "lu-u",
"cf": "lū",
"gw": "may",
"sense": "may",
"norm": "lū",
"pos": "MOD",
"epos": "MOD"}
}
,
{
"node": "l",
"frag": "PAB-MEŠ-šu₂",
"id": "P335418.l05229",
"ref": "P335418.7.4",
"inst": "ahhēšu[brother]N",
"sig": "@saao/saa14%akk-x-neoass:PAB-MEŠ-šu₂=ahu[brother//brother]N'N$ahhēšu",
"f": {"lang": "akk-x-neoass",
"form": "PAB-MEŠ-šu₂",
"cf": "ahu",
"gw": "brother",
"sense": "brother",
"norm": "ahhēšu",
"pos": "N",
"epos": "N"}
}
,
{
"node": "d",
"type": "line-start",
"ref": "P335418.8",
"n": "7'",
"label": "7'"}
,
{
"node": "l",
"frag": "[x",
"id": "P335418.l0522a",
"ref": "P335418.8.1",
"inst": "u",
"f": {"lang": "akk-x-neoass",
"form": "x",
"pos": "u"}
}
,
{
"node": "l",
"frag": "x",
"id": "P335418.l0522b",
"ref": "P335418.8.2",
"inst": "u",
"f": {"lang": "akk-x-neoass",
"form": "x",
"pos": "u"}
}
,
{
"node": "l",
"frag": "x",
"id": "P335418.l0522c",
"ref": "P335418.8.3",
"inst": "u",
"f": {"lang": "akk-x-neoass",
"form": "x",
"pos": "u"}
}
,
{
"node": "l",
"frag": "x",
"id": "P335418.l0522d",
"ref": "P335418.8.4",
"inst": "u",
"f": {"lang": "akk-x-neoass",
"form": "x",
"pos": "u"}
}
,
{
"node": "l",
"frag": "x",
"id": "P335418.l0522e",
"ref": "P335418.8.5",
"inst": "u",
"f": {"lang": "akk-x-neoass",
"form": "x",
"pos": "u"}
}
,
{
"node": "l",
"frag": "x",
"id": "P335418.l0522f",
"ref": "P335418.8.6",
"inst": "u",
"f": {"lang": "akk-x-neoass",
"form": "x",
"pos": "u"}
}
,
{
"node": "l",
"frag": "x]-⸢MEŠ⸣-šu₂",
"id": "P335418.l05230",
"ref": "P335418.8.7",
"inst": "u",
"f": {"lang": "akk-x-neoass",
"form": "x-MEŠ-šu₂",
"pos": "u"}
}
,
{
"node": "d",
"type": "nonx",
"ref": "P335418.9",
"strict": "0",
"extent": "rest",
"state": "missing"}
,
{
"node": "d",
"subtype": "reverse",
"type": "surface",
"ref": "P335418.r.10",
"type": "reverse",
"label": "r"}
,
{
"node": "d",
"type": "line-start",
"ref": "P335418.11",
"n": "1",
"label": "r 1"}
,
{
"node": "l",
"frag": "[kas-pu",
"id": "P335418.l05231",
"ref": "P335418.11.1",
"inst": "kaspu[money]N",
"sig": "@saao/saa14%akk-x-neoass:kas-pu=kaspu[silver//money]N'N$kaspu",
"f": {"lang": "akk-x-neoass",
"form": "kas-pu",
"cf": "kaspu",
"gw": "silver",
"sense": "money",
"norm": "kaspu",
"pos": "N",
"epos": "N"}
}
,
{
"node": "c",
"type": "phrase",
"tag": "phr",
"id": "P335418.U5",
"ref": "P335418.ls00001",
"cdl": [
{
"node": "l",
"frag": "a-na",
"id": "P335418.l05232",
"ref": "P335418.11.2",
"inst": "ana[to+=tenfold]PRP",
"sig": "@saao/saa14%akk-x-neoass:a-na=ana[to//to]PRP'PRP$ana",
"f": {"lang": "akk-x-neoass",
"form": "a-na",
"cf": "ana",
"gw": "to",
"sense": "to",
"norm": "ana",
"pos": "PRP",
"epos": "PRP"}
}
,
{
"node": "l",
"frag": "10-MEŠ",
"id": "P335418.l05233",
"ref": "P335418.11.3",
"inst": "ešrāti[tenfold]AV",
"sig": "@saao/saa14%akk-x-neoass:10-MEŠ=ešriātu[tenfold//tenfold]AV'AV$ešrāti",
"f": {"lang": "akk-x-neoass",
"form": "10-MEŠ",
"cf": "ešriātu",
"gw": "tenfold",
"sense": "tenfold",
"norm": "ešrāti",
"pos": "AV",
"epos": "AV"}
}
]}
,
{
"node": "l",
"frag": "a-na",
"id": "P335418.l05234",
"ref": "P335418.11.4",
"inst": "ana[to]PRP",
"sig": "@saao/saa14%akk-x-neoass:a-na=ana[to//to]PRP'PRP$ana",
"f": {"lang": "akk-x-neoass",
"form": "a-na",
"cf": "ana",
"gw": "to",
"sense": "to",
"norm": "ana",
"pos": "PRP",
"epos": "PRP"}
}
,
{
"node": "l",
"frag": "EN-šu₂]-MEŠ",
"id": "P335418.l05235",
"ref": "P335418.11.5",
"inst": "bēlu[lord//owner]N$bēlīšu",
"sig": "@saao/saa14%akk-x-neoass:EN-šu₂-MEŠ=bēlu[lord//owner]N'N$bēlīšu",
"f": {"lang": "akk-x-neoass",
"form": "EN-šu₂-MEŠ",
"cf": "bēlu",
"gw": "lord",
"sense": "owner",
"norm": "bēlīšu",
"pos": "N",
"epos": "N"}
}
,
{
"node": "l",
"frag": "GUR",
"id": "P335418.l05236",
"ref": "P335418.11.6",
"inst": "itūar[return]V",
"sig": "@saao/saa14%akk-x-neoass:GUR=târu[turn//return]V'V$itūar",
"f": {"lang": "akk-x-neoass",
"form": "GUR",
"cf": "târu",
"gw": "turn",
"sense": "return",
"norm": "itūar",
"pos": "V",
"epos": "V"}
}
,
{
"node": "d",
"type": "line-start",
"ref": "P335418.12",
"n": "2",
"label": "r 2"}
,
{
"node": "l",
"frag": "[ina",
"id": "P335418.l05237",
"ref": "P335418.12.1",
"inst": "ina[in]PRP",
"sig": "@saao/saa14%akk-x-neoass:ina=ina[in//in]PRP'PRP$ina",
"f": {"lang": "akk-x-neoass",
"form": "ina",
"cf": "ina",
"gw": "in",
"sense": "in",
"norm": "ina",
"pos": "PRP",
"epos": "PRP"}
}
,
{
"node": "l",
"frag": "de-ni-šu₂",
"id": "P335418.l05238",
"ref": "P335418.12.2",
"inst": "dēnīšu[lawsuit]N",
"sig": "@saao/saa14%akk-x-neoass:de-ni-šu₂=dīnu[legal decision//lawsuit]N'N$dēnīšu",
"f": {"lang": "akk-x-neoass",
"form": "de-ni-šu₂",
"cf": "dīnu",
"gw": "legal decision",
"sense": "lawsuit",
"norm": "dēnīšu",
"pos": "N",
"epos": "N"}
}
,
{
"node": "l",
"frag": "DUG₄.DUG₄-ma]",
"id": "P335418.l05239",
"ref": "P335418.12.3",
"inst": "idabbubma[contest]V",
"sig": "@saao/saa14%akk-x-neoass:DUG₄.DUG₄-ma=dabābu[speak//contest]V'V$idabbubma",
"f": {"lang": "akk-x-neoass",
"form": "DUG₄.DUG₄-ma",
"cf": "dabābu",
"gw": "speak",
"sense": "contest",
"norm": "idabbubma",
"pos": "V",
"epos": "V"}
}
,
{
"node": "l",
"frag": "la",
"id": "P335418.l0523a",
"ref": "P335418.12.4",
"inst": "lā[not]MOD",
"sig": "@saao/saa14%akk-x-neoass:la=lā[not//not]MOD'MOD$lā",
"f": {"lang": "akk-x-neoass",
"form": "la",
"cf": "lā",
"gw": "not",
"sense": "not",
"norm": "lā",
"pos": "MOD",
"epos": "MOD"}
}
,
{
"node": "l",
"frag": "i-laq-qi",
"id": "P335418.l0523b",
"ref": "P335418.12.5",
"inst": "ilaqqi[succeed]V",
"sig": "@saao/saa14%akk-x-neoass:i-laq-qi=leqû[take//succeed]V'V$ilaqqi",
"f": {"lang": "akk-x-neoass",
"form": "i-laq-qi",
"cf": "leqû",
"gw": "take",
"sense": "succeed",
"norm": "ilaqqi",
"pos": "V",
"epos": "V"}
}
,
{
"node": "d",
"type": "nonx",
"ref": "P335418.13",
"strict": "1",
"extent": "n",
"scope": "line",
"state": "ruling"}
,
{
"node": "d",
"type": "line-start",
"ref": "P335418.14",
"n": "3",
"label": "r 3"}
,
{
"node": "l",
"frag": "[IGI",
"id": "P335418.l0523c",
"ref": "P335418.14.1",
"inst": "šību[witness]N",
"sig": "@saao/saa14%akk-x-neoass:IGI=šību[witness//witness]N'N$šību",
"f": {"lang": "akk-x-neoass",
"form": "IGI",
"cf": "šību",
"gw": "witness",
"sense": "witness",
"norm": "šību",
"pos": "N",
"epos": "N"}
}
,
{
"node": "l",
"frag": "{1}x",
"id": "P335418.l0523d",
"ref": "P335418.14.2",
"inst": "u",
"f": {"lang": "akk-x-neoass",
"form": "{1}x",
"pos": "u"}
}
,
{
"node": "l",
"frag": "x",
"id": "P335418.l0523e",
"ref": "P335418.14.3",
"inst": "u",
"f": {"lang": "akk-x-neoass",
"form": "x",
"pos": "u"}
}
,
{
"node": "l",
"frag": "x]-i",
"id": "P335418.l0523f",
"ref": "P335418.14.4",
"inst": "u",
"f": {"lang": "akk-x-neoass",
"form": "x-i",
"pos": "u"}
}
,
{
"node": "l",
"frag": "{lu₂v}SANGA",
"id": "P335418.l05240",
"ref": "P335418.14.5",
"inst": "sangû[priest]N",
"sig": "@saao/saa14%akk-x-neoass:{LU₂}SANGA=šangû[priest//priest]N'N$sangû",
"f": {"lang": "akk-x-neoass",
"form": "{LU₂}SANGA",
"cf": "šangû",
"gw": "priest",
"sense": "priest",
"norm": "sangû",
"pos": "N",
"epos": "N"}
}
,
{
"node": "d",
"type": "line-start",
"ref": "P335418.15",
"n": "4",
"label": "r 4"}
,
{
"node": "l",
"frag": "[IGI",
"id": "P335418.l05241",
"ref": "P335418.15.1",
"inst": "šību[witness]N",
"sig": "@saao/saa14%akk-x-neoass:IGI=šību[witness//witness]N'N$šību",
"f": {"lang": "akk-x-neoass",
"form": "IGI",
"cf": "šību",
"gw": "witness",
"sense": "witness",
"norm": "šību",
"pos": "N",
"epos": "N"}
}
,
{
"node": "l",
"frag": "{1}x",
"id": "P335418.l05242",
"ref": "P335418.15.2",
"inst": "u",
"f": {"lang": "akk-x-neoass",
"form": "{1}x",
"pos": "u"}
}
,
{
"node": "l",
"frag": "x",
"id": "P335418.l05243",
"ref": "P335418.15.3",
"inst": "u",
"f": {"lang": "akk-x-neoass",
"form": "x",
"pos": "u"}
}
,
{
"node": "l",
"frag": "x",
"id": "P335418.l05244",
"ref": "P335418.15.4",
"inst": "u",
"f": {"lang": "akk-x-neoass",
"form": "x",
"pos": "u"}
}
,
{
"node": "l",
"frag": "x",
"id": "P335418.l05245",
"ref": "P335418.15.5",
"inst": "u",
"f": {"lang": "akk-x-neoass",
"form": "x",
"pos": "u"}
}
,
{
"node": "l",
"frag": "x]",
"id": "P335418.l05246",
"ref": "P335418.15.6",
"inst": "u",
"f": {"lang": "akk-x-neoass",
"form": "x",
"pos": "u"}
}
,
{
"node": "l",
"frag": "{lu₂v}SANGA",
"id": "P335418.l05247",
"ref": "P335418.15.7",
"inst": "sangû[priest]N",
"sig": "@saao/saa14%akk-x-neoass:{LU₂}SANGA=šangû[priest//priest]N'N$sangû",
"f": {"lang": "akk-x-neoass",
"form": "{LU₂}SANGA",
"cf": "šangû",
"gw": "priest",
"sense": "priest",
"norm": "sangû",
"pos": "N",
"epos": "N"}
}
,
{
"node": "d",
"type": "line-start",
"ref": "P335418.16",
"n": "5",
"label": "r 5"}
,
{
"node": "l",
"frag": "[IGI",
"id": "P335418.l05248",
"ref": "P335418.16.1",
"inst": "šību[witness]N",
"sig": "@saao/saa14%akk-x-neoass:IGI=šību[witness//witness]N'N$šību",
"f": {"lang": "akk-x-neoass",
"form": "IGI",
"cf": "šību",
"gw": "witness",
"sense": "witness",
"norm": "šību",
"pos": "N",
"epos": "N"}
}
,
{
"node": "l",
"frag": "{1}x",
"id": "P335418.l05249",
"ref": "P335418.16.2",
"inst": "u",
"f": {"lang": "akk-x-neoass",
"form": "{1}x",
"pos": "u"}
}
,
{
"node": "l",
"frag": "x",
"id": "P335418.l0524a",
"ref": "P335418.16.3",
"inst": "u",
"f": {"lang": "akk-x-neoass",
"form": "x",
"pos": "u"}
}
,
{
"node": "l",
"frag": "x",
"id": "P335418.l0524b",
"ref": "P335418.16.4",
"inst": "u",
"f": {"lang": "akk-x-neoass",
"form": "x",
"pos": "u"}
}
,
{
"node": "l",
"frag": "x",
"id": "P335418.l0524c",
"ref": "P335418.16.5",
"inst": "u",
"f": {"lang": "akk-x-neoass",
"form": "x",
"pos": "u"}
}
,
{
"node": "l",
"frag": "x]",
"id": "P335418.l0524d",
"ref": "P335418.16.6",
"inst": "u",
"f": {"lang": "akk-x-neoass",
"form": "x",
"pos": "u"}
}
,
{
"node": "l",
"frag": "{lu₂v}SANGA",
"id": "P335418.l0524e",
"ref": "P335418.16.7",
"inst": "sangû[priest]N",
"sig": "@saao/saa14%akk-x-neoass:{LU₂}SANGA=šangû[priest//priest]N'N$sangû",
"f": {"lang": "akk-x-neoass",
"form": "{LU₂}SANGA",
"cf": "šangû",
"gw": "priest",
"sense": "priest",
"norm": "sangû",
"pos": "N",
"epos": "N"}
}
,
{
"node": "d",
"type": "line-start",
"ref": "P335418.17",
"n": "6",
"label": "r 6"}
,
{
"node": "l",
"frag": "[IGI",
"id": "P335418.l0524f",
"ref": "P335418.17.1",
"inst": "šību[witness]N",
"sig": "@saao/saa14%akk-x-neoass:IGI=šību[witness//witness]N'N$šību",
"f": {"lang": "akk-x-neoass",
"form": "IGI",
"cf": "šību",
"gw": "witness",
"sense": "witness",
"norm": "šību",
"pos": "N",
"epos": "N"}
}
,
{
"node": "l",
"frag": "{1}x",
"id": "P335418.l05250",
"ref": "P335418.17.2",
"inst": "u",
"f": {"lang": "akk-x-neoass",
"form": "{1}x",
"pos": "u"}
}
,
{
"node": "l",
"frag": "x",
"id": "P335418.l05251",
"ref": "P335418.17.3",
"inst": "u",
"f": {"lang": "akk-x-neoass",
"form": "x",
"pos": "u"}
}
,
{
"node": "l",
"frag": "x",
"id": "P335418.l05252",
"ref": "P335418.17.4",
"inst": "u",
"f": {"lang": "akk-x-neoass",
"form": "x",
"pos": "u"}
}
,
{
"node": "l",
"frag": "x",
"id": "P335418.l05253",
"ref": "P335418.17.5",
"inst": "u",
"f": {"lang": "akk-x-neoass",
"form": "x",
"pos": "u"}
}
,
{
"node": "l",
"frag": "x]",
"id": "P335418.l05254",
"ref": "P335418.17.6",
"inst": "u",
"f": {"lang": "akk-x-neoass",
"form": "x",
"pos": "u"}
}
,
{
"node": "l",
"frag": "{lu₂v}SANGA",
"id": "P335418.l05255",
"ref": "P335418.17.7",
"inst": "sangû[priest]N",
"sig": "@saao/saa14%akk-x-neoass:{LU₂}SANGA=šangû[priest//priest]N'N$sangû",
"f": {"lang": "akk-x-neoass",
"form": "{LU₂}SANGA",
"cf": "šangû",
"gw": "priest",
"sense": "priest",
"norm": "sangû",
"pos": "N",
"epos": "N"}
}
,
{
"node": "d",
"type": "line-start",
"ref": "P335418.18",
"n": "7",
"label": "r 7"}
,
{
"node": "l",
"frag": "[IGI",
"id": "P335418.l05256",
"ref": "P335418.18.1",
"inst": "šību[witness]N",
"sig": "@saao/saa14%akk-x-neoass:IGI=šību[witness//witness]N'N$šību",
"f": {"lang": "akk-x-neoass",
"form": "IGI",
"cf": "šību",
"gw": "witness",
"sense": "witness",
"norm": "šību",
"pos": "N",
"epos": "N"}
}
,
{
"node": "l",
"frag": "{1}x",
"id": "P335418.l05257",
"ref": "P335418.18.2",
"inst": "u",
"f": {"lang": "akk-x-neoass",
"form": "{1}x",
"pos": "u"}
}
,
{
"node": "l",
"frag": "x",
"id": "P335418.l05258",
"ref": "P335418.18.3",
"inst": "u",
"f": {"lang": "akk-x-neoass",
"form": "x",
"pos": "u"}
}
,
{
"node": "l",
"frag": "x",
"id": "P335418.l05259",
"ref": "P335418.18.4",
"inst": "u",
"f": {"lang": "akk-x-neoass",
"form": "x",
"pos": "u"}
}
,
{
"node": "l",
"frag": "x",
"id": "P335418.l0525a",
"ref": "P335418.18.5",
"inst": "u",
"f": {"lang": "akk-x-neoass",
"form": "x",
"pos": "u"}
}
,
{
"node": "l",
"frag": "x",
"id": "P335418.l0525b",
"ref": "P335418.18.6",
"inst": "u",
"f": {"lang": "akk-x-neoass",
"form": "x",
"pos": "u"}
}
,
{
"node": "l",
"frag": "{lu₂v]}⸢SANGA⸣",
"id": "P335418.l0525c",
"ref": "P335418.18.7",
"inst": "sangû[priest]N",
"sig": "@saao/saa14%akk-x-neoass:{LU₂}SANGA=šangû[priest//priest]N'N$sangû",
"f": {"lang": "akk-x-neoass",
"form": "{LU₂}SANGA",
"cf": "šangû",
"gw": "priest",
"sense": "priest",
"norm": "sangû",
"pos": "N",
"epos": "N"}
}
,
{
"node": "d",
"type": "nonx",
"ref": "P335418.19",
"strict": "0",
"extent": "rest",
"state": "missing"}
]}
]}
]}
,
{
"linkbase": [{
"type": "linkset",
"xlink_title": "ina urkiš[in the future//in the future]AV'AV",
"id": "P335418.ls00000",
"xlink_type": "extended",
"xlink_role": "psu",
"sig": "{ina[in]PRP urkiš[later]AV += ina urkiš[in the future//in the future]AV'AV}::@saao%akk-x-neoass:ina=ina[in//into]PRP'PRP$ina++@saao%akk-x-neoass:ur-kiš=urkiš[later//later]AV'AV$urkiš",
"links": [
{
"type": "link",
"xlink_title": "ina",
"xlink_type": "locator",
"xlink_href": "#P335418.l0521f",
"xlink_role": "elt"}
,
{
"type": "link",
"xlink_title": "urkiš",
"xlink_type": "locator",
"xlink_href": "#P335418.l05220",
"xlink_role": "elt"}
]}
,
{
"type": "linkset",
"xlink_title": "ana ešriāti[tenfold//tenfold]AV'AV",
"id": "P335418.ls00001",
"xlink_type": "extended",
"xlink_role": "psu",
"sig": "{ana[to]PRP ešriātu[tenfold]AV += ana ešriāti[tenfold//tenfold]AV'AV}::@saao%akk-x-neoass:a-na=ana[to//to]PRP'PRP$ana++@saao%akk-x-neoass:10-MEŠ=ešriātu[tenfold//tenfold]AV'AV$ešrāti",
"links": [
{
"type": "link",
"xlink_title": "ana",
"xlink_type": "locator",
"xlink_href": "#P335418.l05232",
"xlink_role": "elt"}
,
{
"type": "link",
"xlink_title": "ešrāti",
"xlink_type": "locator",
"xlink_href": "#P335418.l05233",
"xlink_role": "elt"}
]}
]}
]}
