{
"type": "cdl",
  "source": "http://oracc.org/saao/saa14",
  "license": "This data is released under the CC0 license",
  "license-url": "https://creativecommons.org/publicdomain/zero/1.0/",
  "more-info": "http://oracc.org/doc/opendata/",
  "UTC-timestamp": "2017-05-19T11:50:25",
"project": "saao/saa14",
"textid": "P336747",
"cdl": [
{
"node": "c",
"type": "text",
"id": "P336747.U0",
"cdl": [
{
"node": "d",
"type": "object",
"ref": ""}
,
{
"node": "d",
"type": "surface",
"ref": ""}
,
{
"node": "d",
"type": "nonx",
"ref": "P336747.1",
"strict": "0",
"extent": "beginning",
"state": "missing"}
,
{
"node": "c",
"type": "discourse",
"subtype": "body",
"id": "P336747.U1",
"cdl": [
{
"node": "c",
"type": "sentence",
"id": "P336747.U2",
"label": "1' - 5'",
"cdl": [
{
"node": "d",
"type": "line-start",
"ref": "P336747.2",
"n": "1'",
"label": "1'"}
,
{
"node": "l",
"frag": "[x",
"id": "P336747.l06ee7",
"ref": "P336747.2.1",
"inst": "u",
"f": {"lang": "akk-x-neoass",
"form": "x",
"pos": "u"}
}
,
{
"node": "l",
"frag": "x",
"id": "P336747.l06ee8",
"ref": "P336747.2.2",
"inst": "u",
"f": {"lang": "akk-x-neoass",
"form": "x",
"pos": "u"}
}
,
{
"node": "l",
"frag": "x",
"id": "P336747.l06ee9",
"ref": "P336747.2.3",
"inst": "u",
"f": {"lang": "akk-x-neoass",
"form": "x",
"pos": "u"}
}
,
{
"node": "l",
"frag": "x]",
"id": "P336747.l06eea",
"ref": "P336747.2.4",
"inst": "u",
"f": {"lang": "akk-x-neoass",
"form": "x",
"pos": "u"}
}
,
{
"node": "l",
"frag": "⸢la",
"id": "P336747.l06eeb",
"ref": "P336747.2.5",
"inst": "u",
"f": {"lang": "akk-x-neoass",
"form": "la",
"pos": "u"}
}
,
{
"node": "l",
"frag": "i⸣",
"id": "P336747.l06eec",
"ref": "P336747.2.6",
"inst": "u",
"f": {"lang": "akk-x-neoass",
"form": "i",
"pos": "u"}
}
,
{
"node": "l",
"frag": "[x",
"id": "P336747.l06eed",
"ref": "P336747.2.7",
"inst": "u",
"f": {"lang": "akk-x-neoass",
"form": "x",
"pos": "u"}
}
,
{
"node": "l",
"frag": "x",
"id": "P336747.l06eee",
"ref": "P336747.2.8",
"inst": "u",
"f": {"lang": "akk-x-neoass",
"form": "x",
"pos": "u"}
}
,
{
"node": "l",
"frag": "x",
"id": "P336747.l06eef",
"ref": "P336747.2.9",
"inst": "u",
"f": {"lang": "akk-x-neoass",
"form": "x",
"pos": "u"}
}
,
{
"node": "l",
"frag": "x]",
"id": "P336747.l06ef0",
"ref": "P336747.2.10",
"inst": "u",
"f": {"lang": "akk-x-neoass",
"form": "x",
"pos": "u"}
}
,
{
"node": "d",
"type": "line-start",
"ref": "P336747.3",
"n": "2'",
"label": "2'"}
,
{
"node": "l",
"frag": "[x",
"id": "P336747.l06ef1",
"ref": "P336747.3.1",
"inst": "u",
"f": {"lang": "akk-x-neoass",
"form": "x",
"pos": "u"}
}
,
{
"node": "l",
"frag": "x",
"id": "P336747.l06ef2",
"ref": "P336747.3.2",
"inst": "u",
"f": {"lang": "akk-x-neoass",
"form": "x",
"pos": "u"}
}
,
{
"node": "l",
"frag": "x",
"id": "P336747.l06ef3",
"ref": "P336747.3.3",
"inst": "u",
"f": {"lang": "akk-x-neoass",
"form": "x",
"pos": "u"}
}
,
{
"node": "l",
"frag": "x]+⸢x⸣-me",
"id": "P336747.l06ef4",
"ref": "P336747.3.4",
"inst": "u",
"f": {"lang": "akk-x-neoass",
"form": "x+x-me",
"pos": "u"}
}
,
{
"node": "l",
"frag": "A.ŠA₃",
"id": "P336747.l06ef5",
"ref": "P336747.3.5",
"inst": "eqlu[field]N",
"sig": "@saao/saa14%akk-x-neoass:A.ŠA₃=eqlu[field//field]N'N$eqlu",
"f": {"lang": "akk-x-neoass",
"form": "A.ŠA₃",
"cf": "eqlu",
"gw": "field",
"sense": "field",
"norm": "eqlu",
"pos": "N",
"epos": "N"}
}
,
{
"node": "l",
"frag": "⸢x⸣+[x",
"id": "P336747.l06ef6",
"ref": "P336747.3.6",
"inst": "u",
"f": {"lang": "akk-x-neoass",
"form": "x+x",
"pos": "u"}
}
,
{
"node": "l",
"frag": "x",
"id": "P336747.l06ef7",
"ref": "P336747.3.7",
"inst": "u",
"f": {"lang": "akk-x-neoass",
"form": "x",
"pos": "u"}
}
,
{
"node": "l",
"frag": "x]",
"id": "P336747.l06ef8",
"ref": "P336747.3.8",
"inst": "u",
"f": {"lang": "akk-x-neoass",
"form": "x",
"pos": "u"}
}
,
{
"node": "d",
"type": "line-start",
"ref": "P336747.4",
"n": "3'",
"label": "3'"}
,
{
"node": "l",
"frag": "{1}{d}x",
"id": "P336747.l06ef9",
"ref": "P336747.4.1",
"inst": "u",
"f": {"lang": "akk-x-neoass",
"form": "{1}{d}x",
"pos": "u"}
}
,
{
"node": "l",
"frag": "x-ku]-⸢mu⸣-u-a",
"id": "P336747.l06efa",
"ref": "P336747.4.2",
"inst": "u",
"f": {"lang": "akk-x-neoass",
"form": "x-ku-mu-u-a",
"pos": "u"}
}
,
{
"node": "l",
"frag": "i-⸢x⸣+[x",
"id": "P336747.l06efb",
"ref": "P336747.4.3",
"inst": "u",
"f": {"lang": "akk-x-neoass",
"form": "i-x+x",
"pos": "u"}
}
,
{
"node": "l",
"frag": "x",
"id": "P336747.l06efc",
"ref": "P336747.4.4",
"inst": "u",
"f": {"lang": "akk-x-neoass",
"form": "x",
"pos": "u"}
}
,
{
"node": "l",
"frag": "x",
"id": "P336747.l06efd",
"ref": "P336747.4.5",
"inst": "u",
"f": {"lang": "akk-x-neoass",
"form": "x",
"pos": "u"}
}
,
{
"node": "l",
"frag": "x]",
"id": "P336747.l06efe",
"ref": "P336747.4.6",
"inst": "u",
"f": {"lang": "akk-x-neoass",
"form": "x",
"pos": "u"}
}
,
{
"node": "d",
"type": "line-start",
"ref": "P336747.5",
"n": "4'",
"label": "4'"}
,
{
"node": "l",
"frag": "[x",
"id": "P336747.l06eff",
"ref": "P336747.5.1",
"inst": "u",
"f": {"lang": "akk-x-neoass",
"form": "x",
"pos": "u"}
}
,
{
"node": "l",
"frag": "x",
"id": "P336747.l06f00",
"ref": "P336747.5.2",
"inst": "u",
"f": {"lang": "akk-x-neoass",
"form": "x",
"pos": "u"}
}
,
{
"node": "c",
"type": "phrase",
"tag": "phr",
"id": "P336747.U4",
"ref": "P336747.ls00000",
"cdl": [
{
"node": "l",
"frag": "a-na]",
"id": "P336747.l06f01",
"ref": "P336747.5.3",
"inst": "ana[to+=in its totality]PRP",
"sig": "@saao/saa14%akk-x-neoass:a-na=ana[to//to]PRP'PRP$ana",
"f": {"lang": "akk-x-neoass",
"form": "a-na",
"cf": "ana",
"gw": "to",
"sense": "to",
"norm": "ana",
"pos": "PRP",
"epos": "PRP"}
}
,
{
"node": "l",
"frag": "⸢gi⸣-mir-⸢ti⸣-[šu₂",
"id": "P336747.l06f02",
"ref": "P336747.5.4",
"inst": "gimirtīšu[totality]N",
"sig": "@saao/saa14%akk-x-neoass:gi-mir-ti-šu₂=gimirtu[totality//totality]N'N$gimirtīšu",
"f": {"lang": "akk-x-neoass",
"form": "gi-mir-ti-šu₂",
"cf": "gimirtu",
"gw": "totality",
"sense": "totality",
"norm": "gimirtīšu",
"pos": "N",
"epos": "N"}
}
]}
,
{
"node": "l",
"frag": "x",
"id": "P336747.l06f03",
"ref": "P336747.5.5",
"inst": "u",
"f": {"lang": "akk-x-neoass",
"form": "x",
"pos": "u"}
}
,
{
"node": "l",
"frag": "x]",
"id": "P336747.l06f04",
"ref": "P336747.5.6",
"inst": "u",
"f": {"lang": "akk-x-neoass",
"form": "x",
"pos": "u"}
}
,
{
"node": "d",
"type": "line-start",
"ref": "P336747.6",
"n": "5'",
"label": "5'"}
,
{
"node": "l",
"frag": "[x",
"id": "P336747.l06f05",
"ref": "P336747.6.1",
"inst": "u",
"f": {"lang": "akk-x-neoass",
"form": "x",
"pos": "u"}
}
,
{
"node": "l",
"frag": "x",
"id": "P336747.l06f06",
"ref": "P336747.6.2",
"inst": "u",
"f": {"lang": "akk-x-neoass",
"form": "x",
"pos": "u"}
}
,
{
"node": "l",
"frag": "x",
"id": "P336747.l06f07",
"ref": "P336747.6.3",
"inst": "u",
"f": {"lang": "akk-x-neoass",
"form": "x",
"pos": "u"}
}
,
{
"node": "l",
"frag": "x",
"id": "P336747.l06f08",
"ref": "P336747.6.4",
"inst": "u",
"f": {"lang": "akk-x-neoass",
"form": "x",
"pos": "u"}
}
,
{
"node": "l",
"frag": "x]",
"id": "P336747.l06f09",
"ref": "P336747.6.5",
"inst": "u",
"f": {"lang": "akk-x-neoass",
"form": "x",
"pos": "u"}
}
,
{
"node": "l",
"frag": "{še}ka-[rap-hi",
"id": "P336747.l06f0a",
"ref": "P336747.6.6",
"inst": "karaphi[fallow year]N",
"sig": "@saao/saa14%akk-x-neoass:{ŠE}ka-rap-hi=karaphu[fallow land//fallow year]N'N$karaphi",
"f": {"lang": "akk-x-neoass",
"form": "{ŠE}ka-rap-hi",
"cf": "karaphu",
"gw": "fallow land",
"sense": "fallow year",
"norm": "karaphi",
"pos": "N",
"epos": "N"}
}
,
{
"node": "l",
"frag": "x",
"id": "P336747.l06f0b",
"ref": "P336747.6.7",
"inst": "u",
"f": {"lang": "akk-x-neoass",
"form": "x",
"pos": "u"}
}
,
{
"node": "l",
"frag": "x]",
"id": "P336747.l06f0c",
"ref": "P336747.6.8",
"inst": "u",
"f": {"lang": "akk-x-neoass",
"form": "x",
"pos": "u"}
}
,
{
"node": "d",
"type": "nonx",
"ref": "P336747.7",
"strict": "0",
"extent": "rest",
"state": "missing"}
,
{
"node": "d",
"subtype": "reverse",
"type": "surface",
"ref": "P336747.r.8",
"type": "reverse",
"label": "r"}
,
{
"node": "d",
"type": "nonx",
"ref": "P336747.9",
"strict": "0",
"state": "missing"}
]}
]}
]}
,
{
"linkbase": [{
"type": "linkset",
"xlink_title": "ana gimirtīšu[in its totality//in its totality]PRP'PRP",
"id": "P336747.ls00000",
"xlink_type": "extended",
"xlink_role": "psu",
"sig": "{ana[to]PRP gimirtu[totality]N += ana gimirtīšu[in its totality//in its totality]PRP'PRP}::@saao%akk-x-neoass:a-na=ana[to//to]PRP'PRP$ana++@saao%akk-x-neoass:gi-mir-ti-šu₂=gimirtu[totality//totality]N'N$gimirtīšu",
"links": [
{
"type": "link",
"xlink_title": "ana",
"xlink_type": "locator",
"xlink_href": "#P336747.l06f01",
"xlink_role": "elt"}
,
{
"type": "link",
"xlink_title": "gimirtīšu",
"xlink_type": "locator",
"xlink_href": "#P336747.l06f02",
"xlink_role": "elt"}
]}
]}
]}
