{
"type": "cdl",
  "source": "http://oracc.org/saao/saa14",
  "license": "This data is released under the CC0 license",
  "license-url": "https://creativecommons.org/publicdomain/zero/1.0/",
  "more-info": "http://oracc.org/doc/opendata/",
  "UTC-timestamp": "2017-05-19T11:50:26",
"project": "saao/saa14",
"textid": "P336755",
"cdl": [
{
"node": "c",
"type": "text",
"id": "P336755.U0",
"cdl": [
{
"node": "d",
"type": "object",
"ref": ""}
,
{
"node": "d",
"type": "surface",
"ref": ""}
,
{
"node": "d",
"type": "nonx",
"ref": "P336755.1",
"strict": "0",
"extent": "beginning",
"state": "missing"}
,
{
"node": "c",
"type": "discourse",
"subtype": "body",
"id": "P336755.U1",
"cdl": [
{
"node": "c",
"type": "sentence",
"id": "P336755.U2",
"label": "1' - 6'",
"cdl": [
{
"node": "d",
"type": "line-start",
"ref": "P336755.2",
"n": "1'",
"label": "1'"}
,
{
"node": "l",
"frag": "[E₂]",
"id": "P336755.l0701a",
"ref": "P336755.2.1",
"inst": "bētu[plot of land]N",
"sig": "@saao/saa14%akk-x-neoass:E₂=bītu[house//plot of land]N'N$bētu",
"f": {"lang": "akk-x-neoass",
"form": "E₂",
"cf": "bītu",
"gw": "house",
"sense": "plot of land",
"norm": "bētu",
"pos": "N",
"epos": "N"}
}
,
{
"node": "l",
"frag": "20",
"id": "P336755.l0701b",
"ref": "P336755.2.2",
"inst": "n",
"f": {"lang": "akk-x-neoass",
"form": "20",
"pos": "n"}
}
,
{
"node": "l",
"frag": "⸢ANŠE⸣",
"id": "P336755.l0701c",
"ref": "P336755.2.3",
"inst": "imārī[a unit of capacity]N",
"sig": "@saao/saa14%akk-x-neoass:ANŠE=imēru[unit//a unit of capacity]N'N$imārī",
"f": {"lang": "akk-x-neoass",
"form": "ANŠE",
"cf": "imēru",
"gw": "unit",
"sense": "a unit of capacity",
"norm": "imārī",
"pos": "N",
"epos": "N"}
}
,
{
"node": "l",
"frag": "[A.ŠA₃",
"id": "P336755.l0701d",
"ref": "P336755.2.4",
"inst": "eqlu[land]N",
"sig": "@saao/saa14%akk-x-neoass:A.ŠA₃=eqlu[field//land]N'N$eqlu",
"f": {"lang": "akk-x-neoass",
"form": "A.ŠA₃",
"cf": "eqlu",
"gw": "field",
"sense": "land",
"norm": "eqlu",
"pos": "N",
"epos": "N"}
}
,
{
"node": "l",
"frag": "x",
"id": "P336755.l0701e",
"ref": "P336755.2.5",
"inst": "u",
"f": {"lang": "akk-x-neoass",
"form": "x",
"pos": "u"}
}
,
{
"node": "l",
"frag": "x",
"id": "P336755.l0701f",
"ref": "P336755.2.6",
"inst": "u",
"f": {"lang": "akk-x-neoass",
"form": "x",
"pos": "u"}
}
,
{
"node": "l",
"frag": "x]",
"id": "P336755.l07020",
"ref": "P336755.2.7",
"inst": "u",
"f": {"lang": "akk-x-neoass",
"form": "x",
"pos": "u"}
}
,
{
"node": "d",
"type": "line-start",
"ref": "P336755.3",
"n": "2'",
"label": "2'"}
,
{
"node": "l",
"frag": "[x]+⸢x⸣",
"id": "P336755.l07021",
"ref": "P336755.3.1",
"inst": "u",
"f": {"lang": "akk-x-neoass",
"form": "x+x",
"pos": "u"}
}
,
{
"node": "l",
"frag": "{1}{d}BE-⸢x⸣+[x",
"id": "P336755.l07022",
"ref": "P336755.3.2",
"inst": "u",
"f": {"lang": "akk-x-neoass",
"form": "{1}{d}BE-x+x",
"pos": "u"}
}
,
{
"node": "l",
"frag": "x",
"id": "P336755.l07023",
"ref": "P336755.3.3",
"inst": "u",
"f": {"lang": "akk-x-neoass",
"form": "x",
"pos": "u"}
}
,
{
"node": "l",
"frag": "x",
"id": "P336755.l07024",
"ref": "P336755.3.4",
"inst": "u",
"f": {"lang": "akk-x-neoass",
"form": "x",
"pos": "u"}
}
,
{
"node": "l",
"frag": "x]",
"id": "P336755.l07025",
"ref": "P336755.3.5",
"inst": "u",
"f": {"lang": "akk-x-neoass",
"form": "x",
"pos": "u"}
}
,
{
"node": "d",
"type": "line-start",
"ref": "P336755.4",
"n": "3'",
"label": "3'"}
,
{
"node": "l",
"frag": "[x]",
"id": "P336755.l07026",
"ref": "P336755.4.1",
"inst": "u",
"f": {"lang": "akk-x-neoass",
"form": "x",
"pos": "u"}
}
,
{
"node": "l",
"frag": "x",
"id": "P336755.l07027",
"ref": "P336755.4.2",
"inst": "u",
"f": {"lang": "akk-x-neoass",
"form": "x",
"pos": "u"}
}
,
{
"node": "l",
"frag": "x",
"id": "P336755.l07028",
"ref": "P336755.4.3",
"inst": "u",
"f": {"lang": "akk-x-neoass",
"form": "x",
"pos": "u"}
}
,
{
"node": "l",
"frag": "{1}in-⸢x⸣+[x",
"id": "P336755.l07029",
"ref": "P336755.4.4",
"inst": "u",
"f": {"lang": "akk-x-neoass",
"form": "{1}in-x+x",
"pos": "u"}
}
,
{
"node": "l",
"frag": "x",
"id": "P336755.l0702a",
"ref": "P336755.4.5",
"inst": "u",
"f": {"lang": "akk-x-neoass",
"form": "x",
"pos": "u"}
}
,
{
"node": "l",
"frag": "x",
"id": "P336755.l0702b",
"ref": "P336755.4.6",
"inst": "u",
"f": {"lang": "akk-x-neoass",
"form": "x",
"pos": "u"}
}
,
{
"node": "l",
"frag": "x]",
"id": "P336755.l0702c",
"ref": "P336755.4.7",
"inst": "u",
"f": {"lang": "akk-x-neoass",
"form": "x",
"pos": "u"}
}
,
{
"node": "d",
"type": "line-start",
"ref": "P336755.5",
"n": "4'",
"label": "4'"}
,
{
"node": "l",
"frag": "[x]",
"id": "P336755.l0702d",
"ref": "P336755.5.1",
"inst": "u",
"f": {"lang": "akk-x-neoass",
"form": "x",
"pos": "u"}
}
,
{
"node": "l",
"frag": "{1}man-nu-⸢ki⸣-[x",
"id": "P336755.l0702e",
"ref": "P336755.5.2",
"inst": "u",
"f": {"lang": "akk-x-neoass",
"form": "{1}man-nu-ki-x",
"pos": "u"}
}
,
{
"node": "l",
"frag": "x",
"id": "P336755.l0702f",
"ref": "P336755.5.3",
"inst": "u",
"f": {"lang": "akk-x-neoass",
"form": "x",
"pos": "u"}
}
,
{
"node": "l",
"frag": "x",
"id": "P336755.l07030",
"ref": "P336755.5.4",
"inst": "u",
"f": {"lang": "akk-x-neoass",
"form": "x",
"pos": "u"}
}
,
{
"node": "l",
"frag": "x]",
"id": "P336755.l07031",
"ref": "P336755.5.5",
"inst": "u",
"f": {"lang": "akk-x-neoass",
"form": "x",
"pos": "u"}
}
,
{
"node": "d",
"type": "line-start",
"ref": "P336755.6",
"n": "5'",
"label": "5'"}
,
{
"node": "l",
"frag": "[E₂]",
"id": "P336755.l07032",
"ref": "P336755.6.1",
"inst": "bētu[plot of land]N",
"sig": "@saao/saa14%akk-x-neoass:E₂=bītu[house//plot of land]N'N$bētu",
"f": {"lang": "akk-x-neoass",
"form": "E₂",
"cf": "bītu",
"gw": "house",
"sense": "plot of land",
"norm": "bētu",
"pos": "N",
"epos": "N"}
}
,
{
"node": "l",
"frag": "16",
"id": "P336755.l07033",
"ref": "P336755.6.2",
"inst": "n",
"f": {"lang": "akk-x-neoass",
"form": "16",
"pos": "n"}
}
,
{
"node": "l",
"frag": "⸢ANŠE⸣",
"id": "P336755.l07034",
"ref": "P336755.6.3",
"inst": "imārī[a unit of capacity]N",
"sig": "@saao/saa14%akk-x-neoass:ANŠE=imēru[unit//a unit of capacity]N'N$imārī",
"f": {"lang": "akk-x-neoass",
"form": "ANŠE",
"cf": "imēru",
"gw": "unit",
"sense": "a unit of capacity",
"norm": "imārī",
"pos": "N",
"epos": "N"}
}
,
{
"node": "l",
"frag": "[x",
"id": "P336755.l07035",
"ref": "P336755.6.4",
"inst": "u",
"f": {"lang": "akk-x-neoass",
"form": "x",
"pos": "u"}
}
,
{
"node": "l",
"frag": "x",
"id": "P336755.l07036",
"ref": "P336755.6.5",
"inst": "u",
"f": {"lang": "akk-x-neoass",
"form": "x",
"pos": "u"}
}
,
{
"node": "l",
"frag": "x",
"id": "P336755.l07037",
"ref": "P336755.6.6",
"inst": "u",
"f": {"lang": "akk-x-neoass",
"form": "x",
"pos": "u"}
}
,
{
"node": "l",
"frag": "x]",
"id": "P336755.l07038",
"ref": "P336755.6.7",
"inst": "u",
"f": {"lang": "akk-x-neoass",
"form": "x",
"pos": "u"}
}
,
{
"node": "d",
"type": "line-start",
"ref": "P336755.7",
"n": "6'",
"label": "6'"}
,
{
"node": "l",
"frag": "[x]+⸢x⸣+[x",
"id": "P336755.l07039",
"ref": "P336755.7.1",
"inst": "u",
"f": {"lang": "akk-x-neoass",
"form": "x+x+x",
"pos": "u"}
}
,
{
"node": "l",
"frag": "x",
"id": "P336755.l0703a",
"ref": "P336755.7.2",
"inst": "u",
"f": {"lang": "akk-x-neoass",
"form": "x",
"pos": "u"}
}
,
{
"node": "l",
"frag": "x",
"id": "P336755.l0703b",
"ref": "P336755.7.3",
"inst": "u",
"f": {"lang": "akk-x-neoass",
"form": "x",
"pos": "u"}
}
,
{
"node": "l",
"frag": "x",
"id": "P336755.l0703c",
"ref": "P336755.7.4",
"inst": "u",
"f": {"lang": "akk-x-neoass",
"form": "x",
"pos": "u"}
}
,
{
"node": "l",
"frag": "x]",
"id": "P336755.l0703d",
"ref": "P336755.7.5",
"inst": "u",
"f": {"lang": "akk-x-neoass",
"form": "x",
"pos": "u"}
}
,
{
"node": "d",
"type": "nonx",
"ref": "P336755.8",
"strict": "0",
"extent": "rest",
"state": "missing"}
]}
]}
]}
]}
