{
"type": "cdl",
  "source": "http://oracc.org/saao/saa14",
  "license": "This data is released under the CC0 license",
  "license-url": "https://creativecommons.org/publicdomain/zero/1.0/",
  "more-info": "http://oracc.org/doc/opendata/",
  "UTC-timestamp": "2017-05-19T11:50:25",
"project": "saao/saa14",
"textid": "P336741",
"cdl": [
{
"node": "c",
"type": "text",
"id": "P336741.U0",
"cdl": [
{
"node": "d",
"type": "object",
"ref": ""}
,
{
"node": "d",
"subtype": "obverse",
"type": "surface",
"ref": "P336741.o.1",
"type": "obverse",
"label": "o"}
,
{
"node": "d",
"type": "nonx",
"ref": "P336741.2",
"strict": "0",
"extent": "beginning",
"state": "missing"}
,
{
"node": "c",
"type": "discourse",
"subtype": "body",
"id": "P336741.U1",
"cdl": [
{
"node": "c",
"type": "sentence",
"id": "P336741.U2",
"label": "o 1' - r 5'",
"cdl": [
{
"node": "d",
"type": "line-start",
"ref": "P336741.3",
"n": "1'",
"label": "o 1'"}
,
{
"node": "l",
"frag": "[x",
"id": "P336741.l040d9",
"ref": "P336741.3.1",
"inst": "u",
"f": {"lang": "akk-x-neoass",
"form": "x",
"pos": "u"}
}
,
{
"node": "l",
"frag": "x",
"id": "P336741.l040da",
"ref": "P336741.3.2",
"inst": "u",
"f": {"lang": "akk-x-neoass",
"form": "x",
"pos": "u"}
}
,
{
"node": "l",
"frag": "x",
"id": "P336741.l040db",
"ref": "P336741.3.3",
"inst": "u",
"f": {"lang": "akk-x-neoass",
"form": "x",
"pos": "u"}
}
,
{
"node": "l",
"frag": "x",
"id": "P336741.l040dc",
"ref": "P336741.3.4",
"inst": "u",
"f": {"lang": "akk-x-neoass",
"form": "x",
"pos": "u"}
}
,
{
"node": "l",
"frag": "x",
"id": "P336741.l040dd",
"ref": "P336741.3.5",
"inst": "u",
"f": {"lang": "akk-x-neoass",
"form": "x",
"pos": "u"}
}
,
{
"node": "l",
"frag": "x",
"id": "P336741.l040de",
"ref": "P336741.3.6",
"inst": "u",
"f": {"lang": "akk-x-neoass",
"form": "x",
"pos": "u"}
}
,
{
"node": "l",
"frag": "x",
"id": "P336741.l040df",
"ref": "P336741.3.7",
"inst": "u",
"f": {"lang": "akk-x-neoass",
"form": "x",
"pos": "u"}
}
,
{
"node": "l",
"frag": "x",
"id": "P336741.l040e0",
"ref": "P336741.3.8",
"inst": "u",
"f": {"lang": "akk-x-neoass",
"form": "x",
"pos": "u"}
}
,
{
"node": "l",
"frag": "x",
"id": "P336741.l040e1",
"ref": "P336741.3.9",
"inst": "u",
"f": {"lang": "akk-x-neoass",
"form": "x",
"pos": "u"}
}
,
{
"node": "l",
"frag": "x",
"id": "P336741.l040e2",
"ref": "P336741.3.10",
"inst": "u",
"f": {"lang": "akk-x-neoass",
"form": "x",
"pos": "u"}
}
,
{
"node": "l",
"frag": "x",
"id": "P336741.l040e3",
"ref": "P336741.3.11",
"inst": "u",
"f": {"lang": "akk-x-neoass",
"form": "x",
"pos": "u"}
}
,
{
"node": "l",
"frag": "x",
"id": "P336741.l040e4",
"ref": "P336741.3.12",
"inst": "u",
"f": {"lang": "akk-x-neoass",
"form": "x",
"pos": "u"}
}
,
{
"node": "l",
"frag": "x]",
"id": "P336741.l040e5",
"ref": "P336741.3.13",
"inst": "u",
"f": {"lang": "akk-x-neoass",
"form": "x",
"pos": "u"}
}
,
{
"node": "l",
"frag": "⸢TA@v",
"id": "P336741.l040e6",
"ref": "P336741.3.14",
"inst": "issu[from]PRP",
"sig": "@saao/saa14%akk-x-neoass:TA@v=ištu[from//from]PRP'PRP$issu",
"f": {"lang": "akk-x-neoass",
"form": "TA@v",
"cf": "ištu",
"gw": "from",
"sense": "from",
"norm": "issu",
"pos": "PRP",
"epos": "PRP"}
}
,
{
"node": "l",
"frag": "{lu₂v⸣}UN-MEŠ",
"id": "P336741.l040e7",
"ref": "P336741.3.15",
"inst": "nišē[people]N",
"sig": "@saao/saa14%akk-x-neoass:{LU₂}UN-MEŠ=nišu[people//people]N'N$nišē",
"f": {"lang": "akk-x-neoass",
"form": "{LU₂}UN-MEŠ",
"cf": "nišu",
"gw": "people",
"sense": "people",
"norm": "nišē",
"pos": "N",
"epos": "N"}
}
,
{
"node": "d",
"type": "line-start",
"ref": "P336741.4",
"n": "2'",
"label": "o 2'"}
,
{
"node": "l",
"frag": "[an-nu-te",
"id": "P336741.l040e8",
"ref": "P336741.4.1",
"inst": "annūte[this]DP",
"sig": "@saao/saa14%akk-x-neoass:an-nu-te=annû[this//this]DP'DP$annūte",
"f": {"lang": "akk-x-neoass",
"form": "an-nu-te",
"cf": "annû",
"gw": "this",
"sense": "this",
"norm": "annūte",
"pos": "DP",
"epos": "DP"}
}
,
{
"node": "l",
"frag": "il-qi",
"id": "P336741.l040e9",
"ref": "P336741.4.2",
"inst": "ilqi[purchase]V",
"sig": "@saao/saa14%akk-x-neoass:il-qi=leqû[take//purchase]V'V$ilqi",
"f": {"lang": "akk-x-neoass",
"form": "il-qi",
"cf": "leqû",
"gw": "take",
"sense": "purchase",
"norm": "ilqi",
"pos": "V",
"epos": "V"}
}
,
{
"node": "l",
"frag": "kas-pu",
"id": "P336741.l040ea",
"ref": "P336741.4.3",
"inst": "kaspu[money]N",
"sig": "@saao/saa14%akk-x-neoass:kas-pu=kaspu[silver//money]N'N$kaspu",
"f": {"lang": "akk-x-neoass",
"form": "kas-pu",
"cf": "kaspu",
"gw": "silver",
"sense": "money",
"norm": "kaspu",
"pos": "N",
"epos": "N"}
}
,
{
"node": "l",
"frag": "gam-mur",
"id": "P336741.l040eb",
"ref": "P336741.4.4",
"inst": "gammur[completed]AJ",
"sig": "@saao/saa14%akk-x-neoass:gam-mur=gammuru[finished//completed]AJ'AJ$gammur",
"f": {"lang": "akk-x-neoass",
"form": "gam-mur",
"cf": "gammuru",
"gw": "finished",
"sense": "completed",
"norm": "gammur",
"pos": "AJ",
"epos": "AJ"}
}
,
{
"node": "l",
"frag": "ta-din",
"id": "P336741.l040ec",
"ref": "P336741.4.5",
"inst": "tadin[paid]AJ",
"sig": "@saao/saa14%akk-x-neoass:ta-din=tadnu[given//paid]AJ'AJ$tadin",
"f": {"lang": "akk-x-neoass",
"form": "ta-din",
"cf": "tadnu",
"gw": "given",
"sense": "paid",
"norm": "tadin",
"pos": "AJ",
"epos": "AJ"}
}
,
{
"node": "l",
"frag": "x",
"id": "P336741.l040ed",
"ref": "P336741.4.6",
"inst": "u",
"f": {"lang": "akk-x-neoass",
"form": "x",
"pos": "u"}
}
,
{
"node": "l",
"frag": "x",
"id": "P336741.l040ee",
"ref": "P336741.4.7",
"inst": "u",
"f": {"lang": "akk-x-neoass",
"form": "x",
"pos": "u"}
}
,
{
"node": "l",
"frag": "x",
"id": "P336741.l040ef",
"ref": "P336741.4.8",
"inst": "u",
"f": {"lang": "akk-x-neoass",
"form": "x",
"pos": "u"}
}
,
{
"node": "l",
"frag": "x",
"id": "P336741.l040f0",
"ref": "P336741.4.9",
"inst": "u",
"f": {"lang": "akk-x-neoass",
"form": "x",
"pos": "u"}
}
,
{
"node": "l",
"frag": "zar-pu",
"id": "P336741.l040f1",
"ref": "P336741.4.10",
"inst": "zarpu[purchased]AJ",
"sig": "@saao/saa14%akk-x-neoass:zar-pu=zarpu[purchased//purchased]AJ'AJ$zarpu",
"f": {"lang": "akk-x-neoass",
"form": "zar-pu",
"cf": "zarpu",
"gw": "purchased",
"sense": "purchased",
"norm": "zarpu",
"pos": "AJ",
"epos": "AJ"}
}
,
{
"node": "l",
"frag": "la-qi-u]",
"id": "P336741.l040f2",
"ref": "P336741.4.11",
"inst": "laqiu[acquired]AJ",
"sig": "@saao/saa14%akk-x-neoass:la-qi-u=leqû[taken//acquired]AJ'AJ$laqiu",
"f": {"lang": "akk-x-neoass",
"form": "la-qi-u",
"cf": "leqû",
"gw": "taken",
"sense": "acquired",
"norm": "laqiu",
"pos": "AJ",
"epos": "AJ"}
}
,
{
"node": "l",
"frag": "⸢tu⸣-a-ru",
"id": "P336741.l040f3",
"ref": "P336741.4.12",
"inst": "tuāru[revocation]'N",
"sig": "@saao/saa14%akk-x-neoass:tu-a-ru=târu[turn//revocation]V'N$tuāru",
"f": {"lang": "akk-x-neoass",
"form": "tu-a-ru",
"cf": "târu",
"gw": "turn",
"sense": "revocation",
"norm": "tuāru",
"pos": "V",
"epos": "N"}
}
,
{
"node": "d",
"type": "line-start",
"ref": "P336741.5",
"n": "3'",
"label": "o 3'"}
,
{
"node": "l",
"frag": "[de-e-nu",
"id": "P336741.l040f4",
"ref": "P336741.5.1",
"inst": "dēnu[lawsuit]N",
"sig": "@saao/saa14%akk-x-neoass:de-e-nu=dīnu[legal decision//lawsuit]N'N$dēnu",
"f": {"lang": "akk-x-neoass",
"form": "de-e-nu",
"cf": "dīnu",
"gw": "legal decision",
"sense": "lawsuit",
"norm": "dēnu",
"pos": "N",
"epos": "N"}
}
,
{
"node": "l",
"frag": "DUG₄.DUG₄",
"id": "P336741.l040f5",
"ref": "P336741.5.2",
"inst": "dabābu[litigation]'N",
"sig": "@saao/saa14%akk-x-neoass:DUG₄.DUG₄=dabābu[speak//litigation]V'N$dabābu",
"f": {"lang": "akk-x-neoass",
"form": "DUG₄.DUG₄",
"cf": "dabābu",
"gw": "speak",
"sense": "litigation",
"norm": "dabābu",
"pos": "V",
"epos": "N"}
}
,
{
"node": "l",
"frag": "la-aš₂-šu",
"id": "P336741.l040f6",
"ref": "P336741.5.3",
"inst": "laššu[(there) is not]V",
"sig": "@saao/saa14%akk-x-neoass:la-aš₂-šu=laššu[(there) is not//(there) is not]V'V$laššu",
"f": {"lang": "akk-x-neoass",
"form": "la-aš₂-šu",
"cf": "laššu",
"gw": "(there) is not",
"sense": "(there) is not",
"norm": "laššu",
"pos": "V",
"epos": "V"}
}
,
{
"node": "l",
"frag": "man-nu",
"id": "P336741.l040f7",
"ref": "P336741.5.4",
"inst": "mannu[whoever]'XP",
"sig": "@saao/saa14%akk-x-neoass:man-nu=mannu[who?//whoever]QP'XP$mannu",
"f": {"lang": "akk-x-neoass",
"form": "man-nu",
"cf": "mannu",
"gw": "who?",
"sense": "whoever",
"norm": "mannu",
"pos": "QP",
"epos": "XP"}
}
,
{
"node": "l",
"frag": "ša₂",
"id": "P336741.l040f8",
"ref": "P336741.5.5",
"inst": "ša[that]REL",
"sig": "@saao/saa14%akk-x-neoass:ša₂=ša[that//that]REL'REL$ša",
"f": {"lang": "akk-x-neoass",
"form": "ša₂",
"cf": "ša",
"gw": "that",
"sense": "that",
"norm": "ša",
"pos": "REL",
"epos": "REL"}
}
,
{
"node": "c",
"type": "phrase",
"tag": "phr",
"id": "P336741.U4",
"ref": "P336741.ls00000",
"cdl": [
{
"node": "l",
"frag": "ina",
"id": "P336741.l040f9",
"ref": "P336741.5.6",
"inst": "ina[in+=in the future]PRP",
"sig": "@saao/saa14%akk-x-neoass:ina=ina[in//in]PRP'PRP$ina",
"f": {"lang": "akk-x-neoass",
"form": "ina",
"cf": "ina",
"gw": "in",
"sense": "in",
"norm": "ina",
"pos": "PRP",
"epos": "PRP"}
}
,
{
"node": "l",
"frag": "ur-kiš",
"id": "P336741.l040fa",
"ref": "P336741.5.7",
"inst": "urkiš[later]AV",
"sig": "@saao/saa14%akk-x-neoass:ur-kiš=urkiš[later//later]AV'AV$urkiš",
"f": {"lang": "akk-x-neoass",
"form": "ur-kiš",
"cf": "urkiš",
"gw": "later",
"sense": "later",
"norm": "urkiš",
"pos": "AV",
"epos": "AV"}
}
]}
,
{
"node": "c",
"type": "phrase",
"tag": "phr",
"id": "P336741.U5",
"ref": "P336741.ls00001",
"cdl": [
{
"node": "l",
"frag": "ina",
"id": "P336741.l040fb",
"ref": "P336741.5.8",
"inst": "ina[in+=whenever]PRP",
"sig": "@saao/saa14%akk-x-neoass:ina=ina[in//in]PRP'PRP$ina",
"f": {"lang": "akk-x-neoass",
"form": "ina",
"cf": "ina",
"gw": "in",
"sense": "in",
"norm": "ina",
"pos": "PRP",
"epos": "PRP"}
}
,
{
"node": "l",
"frag": "ma-te]-⸢ma⸣",
"id": "P336741.l040fc",
"ref": "P336741.5.9",
"inst": "matēma[ever]AV",
"sig": "@saao/saa14%akk-x-neoass:ma-te-ma=matīma[ever//ever]AV'AV$matēma",
"f": {"lang": "akk-x-neoass",
"form": "ma-te-ma",
"cf": "matīma",
"gw": "ever",
"sense": "ever",
"norm": "matēma",
"pos": "AV",
"epos": "AV"}
}
]}
,
{
"node": "d",
"type": "line-start",
"ref": "P336741.6",
"n": "4'",
"label": "o 4'"}
,
{
"node": "l",
"frag": "[x",
"id": "P336741.l040fd",
"ref": "P336741.6.1",
"inst": "u",
"f": {"lang": "akk-x-neoass",
"form": "x",
"pos": "u"}
}
,
{
"node": "l",
"frag": "x",
"id": "P336741.l040fe",
"ref": "P336741.6.2",
"inst": "u",
"f": {"lang": "akk-x-neoass",
"form": "x",
"pos": "u"}
}
,
{
"node": "l",
"frag": "x",
"id": "P336741.l040ff",
"ref": "P336741.6.3",
"inst": "u",
"f": {"lang": "akk-x-neoass",
"form": "x",
"pos": "u"}
}
,
{
"node": "l",
"frag": "x",
"id": "P336741.l04100",
"ref": "P336741.6.4",
"inst": "u",
"f": {"lang": "akk-x-neoass",
"form": "x",
"pos": "u"}
}
,
{
"node": "l",
"frag": "x",
"id": "P336741.l04101",
"ref": "P336741.6.5",
"inst": "u",
"f": {"lang": "akk-x-neoass",
"form": "x",
"pos": "u"}
}
,
{
"node": "l",
"frag": "x",
"id": "P336741.l04102",
"ref": "P336741.6.6",
"inst": "u",
"f": {"lang": "akk-x-neoass",
"form": "x",
"pos": "u"}
}
,
{
"node": "l",
"frag": "x",
"id": "P336741.l04103",
"ref": "P336741.6.7",
"inst": "u",
"f": {"lang": "akk-x-neoass",
"form": "x",
"pos": "u"}
}
,
{
"node": "l",
"frag": "x",
"id": "P336741.l04104",
"ref": "P336741.6.8",
"inst": "u",
"f": {"lang": "akk-x-neoass",
"form": "x",
"pos": "u"}
}
,
{
"node": "l",
"frag": "x",
"id": "P336741.l04105",
"ref": "P336741.6.9",
"inst": "u",
"f": {"lang": "akk-x-neoass",
"form": "x",
"pos": "u"}
}
,
{
"node": "l",
"frag": "x",
"id": "P336741.l04106",
"ref": "P336741.6.10",
"inst": "u",
"f": {"lang": "akk-x-neoass",
"form": "x",
"pos": "u"}
}
,
{
"node": "l",
"frag": "x",
"id": "P336741.l04107",
"ref": "P336741.6.11",
"inst": "u",
"f": {"lang": "akk-x-neoass",
"form": "x",
"pos": "u"}
}
,
{
"node": "l",
"frag": "x",
"id": "P336741.l04108",
"ref": "P336741.6.12",
"inst": "u",
"f": {"lang": "akk-x-neoass",
"form": "x",
"pos": "u"}
}
,
{
"node": "l",
"frag": "x",
"id": "P336741.l04109",
"ref": "P336741.6.13",
"inst": "u",
"f": {"lang": "akk-x-neoass",
"form": "x",
"pos": "u"}
}
,
{
"node": "l",
"frag": "x",
"id": "P336741.l0410a",
"ref": "P336741.6.14",
"inst": "u",
"f": {"lang": "akk-x-neoass",
"form": "x",
"pos": "u"}
}
,
{
"node": "l",
"frag": "x",
"id": "P336741.l0410b",
"ref": "P336741.6.15",
"inst": "u",
"f": {"lang": "akk-x-neoass",
"form": "x",
"pos": "u"}
}
,
{
"node": "l",
"frag": "x",
"id": "P336741.l0410c",
"ref": "P336741.6.16",
"inst": "u",
"f": {"lang": "akk-x-neoass",
"form": "x",
"pos": "u"}
}
,
{
"node": "l",
"frag": "x]-mar",
"id": "P336741.l0410d",
"ref": "P336741.6.17",
"inst": "u",
"f": {"lang": "akk-x-neoass",
"form": "x-mar",
"pos": "u"}
}
,
{
"node": "d",
"type": "line-start",
"ref": "P336741.7",
"n": "5'",
"label": "o 5'"}
,
{
"node": "l",
"frag": "[x",
"id": "P336741.l0410e",
"ref": "P336741.7.1",
"inst": "u",
"f": {"lang": "akk-x-neoass",
"form": "x",
"pos": "u"}
}
,
{
"node": "l",
"frag": "x",
"id": "P336741.l0410f",
"ref": "P336741.7.2",
"inst": "u",
"f": {"lang": "akk-x-neoass",
"form": "x",
"pos": "u"}
}
,
{
"node": "l",
"frag": "x",
"id": "P336741.l04110",
"ref": "P336741.7.3",
"inst": "u",
"f": {"lang": "akk-x-neoass",
"form": "x",
"pos": "u"}
}
,
{
"node": "l",
"frag": "x",
"id": "P336741.l04111",
"ref": "P336741.7.4",
"inst": "u",
"f": {"lang": "akk-x-neoass",
"form": "x",
"pos": "u"}
}
,
{
"node": "l",
"frag": "x",
"id": "P336741.l04112",
"ref": "P336741.7.5",
"inst": "u",
"f": {"lang": "akk-x-neoass",
"form": "x",
"pos": "u"}
}
,
{
"node": "l",
"frag": "x",
"id": "P336741.l04113",
"ref": "P336741.7.6",
"inst": "u",
"f": {"lang": "akk-x-neoass",
"form": "x",
"pos": "u"}
}
,
{
"node": "l",
"frag": "x",
"id": "P336741.l04114",
"ref": "P336741.7.7",
"inst": "u",
"f": {"lang": "akk-x-neoass",
"form": "x",
"pos": "u"}
}
,
{
"node": "l",
"frag": "x",
"id": "P336741.l04115",
"ref": "P336741.7.8",
"inst": "u",
"f": {"lang": "akk-x-neoass",
"form": "x",
"pos": "u"}
}
,
{
"node": "l",
"frag": "x",
"id": "P336741.l04116",
"ref": "P336741.7.9",
"inst": "u",
"f": {"lang": "akk-x-neoass",
"form": "x",
"pos": "u"}
}
,
{
"node": "l",
"frag": "x",
"id": "P336741.l04117",
"ref": "P336741.7.10",
"inst": "u",
"f": {"lang": "akk-x-neoass",
"form": "x",
"pos": "u"}
}
,
{
"node": "l",
"frag": "x",
"id": "P336741.l04118",
"ref": "P336741.7.11",
"inst": "u",
"f": {"lang": "akk-x-neoass",
"form": "x",
"pos": "u"}
}
,
{
"node": "l",
"frag": "x",
"id": "P336741.l04119",
"ref": "P336741.7.12",
"inst": "u",
"f": {"lang": "akk-x-neoass",
"form": "x",
"pos": "u"}
}
,
{
"node": "l",
"frag": "x",
"id": "P336741.l0411a",
"ref": "P336741.7.13",
"inst": "u",
"f": {"lang": "akk-x-neoass",
"form": "x",
"pos": "u"}
}
,
{
"node": "l",
"frag": "ša",
"id": "P336741.l0411b",
"ref": "P336741.7.14",
"inst": "ša[that]REL",
"sig": "@saao/saa14%akk-x-neoass:ša=ša[that//that]REL'REL$ša",
"f": {"lang": "akk-x-neoass",
"form": "ša",
"cf": "ša",
"gw": "that",
"sense": "that",
"norm": "ša",
"pos": "REL",
"epos": "REL"}
}
,
{
"node": "l",
"frag": "TA@v",
"id": "P336741.l0411c",
"ref": "P336741.7.15",
"inst": "issi[with]PRP",
"sig": "@saao/saa14%akk-x-neoass:TA@v=išti[with//with]PRP'PRP$issi",
"f": {"lang": "akk-x-neoass",
"form": "TA@v",
"cf": "išti",
"gw": "with",
"sense": "with",
"norm": "issi",
"pos": "PRP",
"epos": "PRP"}
}
,
{
"node": "l",
"frag": "{1}{d}PA-a-A₂-u-a",
"id": "P336741.l0411d",
"ref": "P336741.7.16",
"inst": "Nabu-hamatuʾa[1]PN$",
"sig": "@saao/saa14%akk-x-neoass:{1}{d}PA-a-A₂-u-a=Nabu-hamatuʾa[1//1]PN'PN$Nabu-hamatuʾa",
"f": {"lang": "akk-x-neoass",
"form": "{1}{d}PA-a-A₂-u-a",
"cf": "Nabu-hamatuʾa",
"gw": "1",
"sense": "1",
"norm": "Nabu-hamatuʾa",
"pos": "PN",
"epos": "PN"}
}
,
{
"node": "d",
"type": "line-start",
"ref": "P336741.8",
"n": "6'",
"label": "o 6'"}
,
{
"node": "l",
"frag": "[DUMU-MEŠ-šu₂",
"id": "P336741.l0411e",
"ref": "P336741.8.1",
"inst": "marʾēšu[son]N",
"sig": "@saao/saa14%akk-x-neoass:DUMU-MEŠ-šu₂=māru[son//son]N'N$marʾēšu",
"f": {"lang": "akk-x-neoass",
"form": "DUMU-MEŠ-šu₂",
"cf": "māru",
"gw": "son",
"sense": "son",
"norm": "marʾēšu",
"pos": "N",
"epos": "N"}
}
,
{
"node": "l",
"frag": "DUMU-DUMU-MEŠ-šu₂",
"id": "P336741.l0411f",
"ref": "P336741.8.2",
"cof-tails": "P336741.l04120",
"inst": "māru[son]N$mār&māru[son]N$marʾēšu",
"sig": "@saao/saa14%akk-x-neoass:DUMU-DUMU-MEŠ-šu₂=māru[son//son]N'N$mār&&@saao%akk-x-neoass:=māru[son//son]N'N$marʾēšu",
"f": {"lang": "akk-x-neoass",
"form": "DUMU-DUMU-MEŠ-šu₂",
"cf": "māru",
"gw": "son",
"sense": "son",
"norm": "mār",
"pos": "N",
"epos": "N"}
}
,
{
"node": "l",
"frag": "DUMU-DUMU-MEŠ-šu₂",
"id": "P336741.l04120",
"ref": "P336741.8.2",
"cof-head": "P336741.l0411f",
"inst": "māru[son]N$mār&māru[son]N$marʾēšu",
"tail-sig": "@saao%akk-x-neoass:=māru[son//son]N'N$marʾēšu",
"f": {"lang": "akk-x-neoass",
"form": "DUMU-DUMU-MEŠ-šu₂",
"cf": "māru",
"gw": "son",
"sense": "son",
"norm": "marʾēšu",
"pos": "N",
"epos": "N"}
}
,
{
"node": "l",
"frag": "de-e-nu",
"id": "P336741.l04121",
"ref": "P336741.8.3",
"inst": "dēnu[lawsuit]N",
"sig": "@saao/saa14%akk-x-neoass:de-e-nu=dīnu[legal decision//lawsuit]N'N$dēnu",
"f": {"lang": "akk-x-neoass",
"form": "de-e-nu",
"cf": "dīnu",
"gw": "legal decision",
"sense": "lawsuit",
"norm": "dēnu",
"pos": "N",
"epos": "N"}
}
,
{
"node": "l",
"frag": "DUG₄].⸢DUG₄⸣",
"id": "P336741.l04122",
"ref": "P336741.8.4",
"inst": "dabābu[litigation]'N",
"sig": "@saao/saa14%akk-x-neoass:DUG₄.DUG₄=dabābu[speak//litigation]V'N$dabābu",
"f": {"lang": "akk-x-neoass",
"form": "DUG₄.DUG₄",
"cf": "dabābu",
"gw": "speak",
"sense": "litigation",
"norm": "dabābu",
"pos": "V",
"epos": "N"}
}
,
{
"node": "l",
"frag": "ub-ta-u-ni",
"id": "P336741.l04123",
"ref": "P336741.8.5",
"inst": "ubtaʾʾūni[seek]V",
"sig": "@saao/saa14%akk-x-neoass:ub-ta-u-ni=buʾʾû[look for//seek]V'V$ubtaʾʾūni",
"f": {"lang": "akk-x-neoass",
"form": "ub-ta-u-ni",
"cf": "buʾʾû",
"gw": "look for",
"sense": "seek",
"norm": "ubtaʾʾūni",
"pos": "V",
"epos": "V"}
}
,
{
"node": "d",
"type": "line-start",
"ref": "P336741.9",
"n": "7'",
"label": "o 7'"}
,
{
"node": "l",
"frag": "[x",
"id": "P336741.l04124",
"ref": "P336741.9.1",
"inst": "u",
"f": {"lang": "akk-x-neoass",
"form": "x",
"pos": "u"}
}
,
{
"node": "l",
"frag": "MA.NA",
"id": "P336741.l04125",
"ref": "P336741.9.2",
"inst": "manû[a unit of weight]N",
"sig": "@saao/saa14%akk-x-neoass:MA.NA=manû[unit//a unit of weight]N'N$manû",
"f": {"lang": "akk-x-neoass",
"form": "MA.NA",
"cf": "manû",
"gw": "unit",
"sense": "a unit of weight",
"norm": "manû",
"pos": "N",
"epos": "N"}
}
,
{
"node": "l",
"frag": "KUG.UD",
"id": "P336741.l04126",
"ref": "P336741.9.3",
"inst": "ṣarpu[silver]N",
"sig": "@saao/saa14%akk-x-neoass:KUG.UD=ṣarpu[silver//silver]N'N$ṣarpi",
"f": {"lang": "akk-x-neoass",
"form": "KUG.UD",
"cf": "ṣarpu",
"gw": "silver",
"sense": "silver",
"norm": "ṣarpi",
"pos": "N",
"epos": "N"}
}
,
{
"node": "l",
"frag": "LUH-u",
"id": "P336741.l04127",
"ref": "P336741.9.4",
"inst": "masû[washed]AJ",
"sig": "@saao/saa14%akk-x-neoass:LUH-u=mesû[washed//washed]AJ'AJ$masû",
"f": {"lang": "akk-x-neoass",
"form": "LUH-u",
"cf": "mesû",
"gw": "washed",
"sense": "washed",
"norm": "masû",
"pos": "AJ",
"epos": "AJ"}
}
,
{
"node": "l",
"frag": "x",
"id": "P336741.l04128",
"ref": "P336741.9.5",
"inst": "u",
"f": {"lang": "akk-x-neoass",
"form": "x",
"pos": "u"}
}
,
{
"node": "l",
"frag": "MA.NA]",
"id": "P336741.l04129",
"ref": "P336741.9.6",
"inst": "manû[a unit of weight]N",
"sig": "@saao/saa14%akk-x-neoass:MA.NA=manû[unit//a unit of weight]N'N$manû",
"f": {"lang": "akk-x-neoass",
"form": "MA.NA",
"cf": "manû",
"gw": "unit",
"sense": "a unit of weight",
"norm": "manû",
"pos": "N",
"epos": "N"}
}
,
{
"node": "l",
"frag": "⸢KUG⸣.GI",
"id": "P336741.l0412a",
"ref": "P336741.9.7",
"inst": "hurāṣu[gold]N",
"sig": "@saao/saa14%akk-x-neoass:KUG.GI=hurāṣu[gold//gold]N'N$hurāṣi",
"f": {"lang": "akk-x-neoass",
"form": "KUG.GI",
"cf": "hurāṣu",
"gw": "gold",
"sense": "gold",
"norm": "hurāṣi",
"pos": "N",
"epos": "N"}
}
,
{
"node": "l",
"frag": "sak-ru",
"id": "P336741.l0412b",
"ref": "P336741.9.8",
"inst": "sakru[refined]AJ",
"sig": "@saao/saa14%akk-x-neoass:sak-ru=sakru[refined//refined]AJ'AJ$sakru",
"f": {"lang": "akk-x-neoass",
"form": "sak-ru",
"cf": "sakru",
"gw": "refined",
"sense": "refined",
"norm": "sakru",
"pos": "AJ",
"epos": "AJ"}
}
,
{
"node": "d",
"type": "line-start",
"ref": "P336741.10",
"n": "8'",
"label": "o 8'"}
,
{
"node": "l",
"frag": "[ina",
"id": "P336741.l0412c",
"ref": "P336741.10.1",
"inst": "ina[in]PRP",
"sig": "@saao/saa14%akk-x-neoass:ina=ina[in//in]PRP'PRP$ina",
"f": {"lang": "akk-x-neoass",
"form": "ina",
"cf": "ina",
"gw": "in",
"sense": "in",
"norm": "ina",
"pos": "PRP",
"epos": "PRP"}
}
,
{
"node": "l",
"frag": "bur-ki",
"id": "P336741.l0412d",
"ref": "P336741.10.2",
"inst": "burki[lap]N",
"sig": "@saao/saa14%akk-x-neoass:bur-ki=burku[knee//lap]N'N$burki",
"f": {"lang": "akk-x-neoass",
"form": "bur-ki",
"cf": "burku",
"gw": "knee",
"sense": "lap",
"norm": "burki",
"pos": "N",
"epos": "N"}
}
,
{
"node": "l",
"frag": "{d}15",
"id": "P336741.l0412e",
"ref": "P336741.10.3",
"inst": "Issar[1]DN",
"sig": "@saao/saa14%akk-x-neoass:{d}15=Ištar[1//1]DN'DN$Issar",
"f": {"lang": "akk-x-neoass",
"form": "{d}15",
"cf": "Ištar",
"gw": "1",
"sense": "1",
"norm": "Issar",
"pos": "DN",
"epos": "DN"}
}
,
{
"node": "l",
"frag": "a-ši]-⸢bat⸣",
"id": "P336741.l0412f",
"ref": "P336741.10.4",
"inst": "āšibāt[residing]AJ",
"sig": "@saao/saa14%akk-x-neoass:a-ši-bat=āšibu[sitting//residing]AJ'AJ$āšibāt",
"f": {"lang": "akk-x-neoass",
"form": "a-ši-bat",
"cf": "āšibu",
"gw": "sitting",
"sense": "residing",
"norm": "āšibāt",
"pos": "AJ",
"epos": "AJ"}
}
,
{
"node": "l",
"frag": "{uru}NINA",
"id": "P336741.l04130",
"ref": "P336741.10.5",
"inst": "Ninua[Nineveh]GN",
"sig": "@saao/saa14%akk-x-neoass:{URU}NINA=Ninua[Nineveh//Nineveh]GN'GN$Ninua",
"f": {"lang": "akk-x-neoass",
"form": "{URU}NINA",
"cf": "Ninua",
"gw": "Nineveh",
"sense": "Nineveh",
"norm": "Ninua",
"pos": "GN",
"epos": "GN"}
}
,
{
"node": "l",
"frag": "GAR-an",
"id": "P336741.l04131",
"ref": "P336741.10.6",
"inst": "išakkan[place]V",
"sig": "@saao/saa14%akk-x-neoass:GAR-an=šakānu[put//place]V'V$išakkan",
"f": {"lang": "akk-x-neoass",
"form": "GAR-an",
"cf": "šakānu",
"gw": "put",
"sense": "place",
"norm": "išakkan",
"pos": "V",
"epos": "V"}
}
,
{
"node": "d",
"type": "line-start",
"ref": "P336741.11",
"n": "9'",
"label": "o 9'"}
,
{
"node": "l",
"frag": "02",
"id": "P336741.l04132",
"ref": "P336741.11.1",
"inst": "n",
"f": {"lang": "akk-x-neoass",
"form": "02",
"pos": "n"}
}
,
{
"node": "l",
"frag": "{anše}KUR.RA-MEŠ",
"id": "P336741.l04133",
"ref": "P336741.11.2",
"inst": "sissê[horse]N",
"sig": "@saao/saa14%akk-x-neoass:{ANŠE}KUR.RA-MEŠ=sisû[horse//horse]N'N$sissê",
"f": {"lang": "akk-x-neoass",
"form": "{ANŠE}KUR.RA-MEŠ",
"cf": "sisû",
"gw": "horse",
"sense": "horse",
"norm": "sissê",
"pos": "N",
"epos": "N"}
}
,
{
"node": "l",
"frag": "BABBAR-MEŠ",
"id": "P336741.l04134",
"ref": "P336741.11.3",
"inst": "paṣūti[white]AJ",
"sig": "@saao/saa14%akk-x-neoass:BABBAR-MEŠ=peṣû[white//white]AJ'AJ$paṣūti",
"f": {"lang": "akk-x-neoass",
"form": "BABBAR-MEŠ",
"cf": "peṣû",
"gw": "white",
"sense": "white",
"norm": "paṣūti",
"pos": "AJ",
"epos": "AJ"}
}
,
{
"node": "l",
"frag": "ina",
"id": "P336741.l04135",
"ref": "P336741.11.4",
"inst": "ina[at]PRP",
"sig": "@saao/saa14%akk-x-neoass:ina=ina[in//at]PRP'PRP$ina",
"f": {"lang": "akk-x-neoass",
"form": "ina",
"cf": "ina",
"gw": "in",
"sense": "at",
"norm": "ina",
"pos": "PRP",
"epos": "PRP"}
}
,
{
"node": "l",
"frag": "GIR₃.2",
"id": "P336741.l04136",
"ref": "P336741.11.5",
"inst": "šēpē[foot]N",
"sig": "@saao/saa14%akk-x-neoass:GIR₃.2=šēpu[foot//foot]N'N$šēpē",
"f": {"lang": "akk-x-neoass",
"form": "GIR₃.2",
"cf": "šēpu",
"gw": "foot",
"sense": "foot",
"norm": "šēpē",
"pos": "N",
"epos": "N"}
}
,
{
"node": "l",
"frag": "aš]-⸢šur⸣",
"id": "P336741.l04137",
"ref": "P336741.11.6",
"inst": "Aššur[1]DN",
"sig": "@saao/saa14%akk-x-neoass:aš-šur=Aššur[1//1]DN'DN$Aššur",
"f": {"lang": "akk-x-neoass",
"form": "aš-šur",
"cf": "Aššur",
"gw": "1",
"sense": "1",
"norm": "Aššur",
"pos": "DN",
"epos": "DN"}
}
,
{
"node": "l",
"frag": "i-ra-kas",
"id": "P336741.l04138",
"ref": "P336741.11.7",
"inst": "irakkas[bind]V",
"sig": "@saao/saa14%akk-x-neoass:i-ra-kas=rakāsu[bind//bind]V'V$irakkas",
"f": {"lang": "akk-x-neoass",
"form": "i-ra-kas",
"cf": "rakāsu",
"gw": "bind",
"sense": "bind",
"norm": "irakkas",
"pos": "V",
"epos": "V"}
}
,
{
"node": "d",
"type": "line-start",
"ref": "P336741.12",
"n": "10'",
"label": "o 10'"}
,
{
"node": "l",
"frag": "04",
"id": "P336741.l04139",
"ref": "P336741.12.1",
"inst": "n",
"f": {"lang": "akk-x-neoass",
"form": "04",
"pos": "n"}
}
,
{
"node": "l",
"frag": "{anše}har-ba-kan-ni",
"id": "P336741.l0413a",
"ref": "P336741.12.2",
"inst": "harbakkanni[(a kind of horse)]N",
"sig": "@saao/saa14%akk-x-neoass:{ANŠE}har-ba-kan-ni=harbakkannu[(a kind of horse)//(a kind of horse)]N'N$harbakkanni",
"f": {"lang": "akk-x-neoass",
"form": "{ANŠE}har-ba-kan-ni",
"cf": "harbakkannu",
"gw": "(a kind of horse)",
"sense": "(a kind of horse)",
"norm": "harbakkanni",
"pos": "N",
"epos": "N"}
}
,
{
"node": "l",
"frag": "ina]",
"id": "P336741.l0413b",
"ref": "P336741.12.3",
"inst": "ina[at]PRP",
"sig": "@saao/saa14%akk-x-neoass:ina=ina[in//at]PRP'PRP$ina",
"f": {"lang": "akk-x-neoass",
"form": "ina",
"cf": "ina",
"gw": "in",
"sense": "at",
"norm": "ina",
"pos": "PRP",
"epos": "PRP"}
}
,
{
"node": "l",
"frag": "⸢GIR₃.2",
"id": "P336741.l0413c",
"ref": "P336741.12.4",
"inst": "šēpē[foot]N",
"sig": "@saao/saa14%akk-x-neoass:GIR₃.2=šēpu[foot//foot]N'N$šēpē",
"f": {"lang": "akk-x-neoass",
"form": "GIR₃.2",
"cf": "šēpu",
"gw": "foot",
"sense": "foot",
"norm": "šēpē",
"pos": "N",
"epos": "N"}
}
,
{
"node": "l",
"frag": "{d}MAŠ.MAŠ",
"id": "P336741.l0413d",
"ref": "P336741.12.5",
"inst": "Nergal[1]DN",
"sig": "@saao/saa14%akk-x-neoass:{d}MAŠ.MAŠ=Nergal[1//1]DN'DN$Nergal",
"f": {"lang": "akk-x-neoass",
"form": "{d}MAŠ.MAŠ",
"cf": "Nergal",
"gw": "1",
"sense": "1",
"norm": "Nergal",
"pos": "DN",
"epos": "DN"}
}
,
{
"node": "l",
"frag": "u₂-<še>-rab⸣",
"id": "P336741.l0413e",
"ref": "P336741.12.6",
"inst": "ušerrab[bring in]V",
"sig": "@saao/saa14%akk-x-neoass:u₂-še-rab=erēbu[enter//bring in]V'V$ušerrab",
"f": {"lang": "akk-x-neoass",
"form": "u₂-še-rab",
"cf": "erēbu",
"gw": "enter",
"sense": "bring in",
"norm": "ušerrab",
"pos": "V",
"epos": "V"}
}
,
{
"node": "d",
"type": "nonx",
"ref": "P336741.13",
"strict": "0",
"extent": "rest",
"state": "missing"}
,
{
"node": "d",
"subtype": "reverse",
"type": "surface",
"ref": "P336741.r.14",
"type": "reverse",
"label": "r"}
,
{
"node": "d",
"type": "nonx",
"ref": "P336741.15",
"strict": "0",
"extent": "beginning",
"state": "missing"}
,
{
"node": "d",
"type": "line-start",
"ref": "P336741.16",
"n": "1'",
"label": "r 1'"}
,
{
"node": "l",
"frag": "[x",
"id": "P336741.l0413f",
"ref": "P336741.16.1",
"inst": "u",
"f": {"lang": "akk-x-neoass",
"form": "x",
"pos": "u"}
}
,
{
"node": "l",
"frag": "x",
"id": "P336741.l04140",
"ref": "P336741.16.2",
"inst": "u",
"f": {"lang": "akk-x-neoass",
"form": "x",
"pos": "u"}
}
,
{
"node": "l",
"frag": "x",
"id": "P336741.l04141",
"ref": "P336741.16.3",
"inst": "u",
"f": {"lang": "akk-x-neoass",
"form": "x",
"pos": "u"}
}
,
{
"node": "l",
"frag": "x",
"id": "P336741.l04142",
"ref": "P336741.16.4",
"inst": "u",
"f": {"lang": "akk-x-neoass",
"form": "x",
"pos": "u"}
}
,
{
"node": "l",
"frag": "x",
"id": "P336741.l04143",
"ref": "P336741.16.5",
"inst": "u",
"f": {"lang": "akk-x-neoass",
"form": "x",
"pos": "u"}
}
,
{
"node": "l",
"frag": "x",
"id": "P336741.l04144",
"ref": "P336741.16.6",
"inst": "u",
"f": {"lang": "akk-x-neoass",
"form": "x",
"pos": "u"}
}
,
{
"node": "l",
"frag": "x",
"id": "P336741.l04145",
"ref": "P336741.16.7",
"inst": "u",
"f": {"lang": "akk-x-neoass",
"form": "x",
"pos": "u"}
}
,
{
"node": "l",
"frag": "01",
"id": "P336741.l04146",
"ref": "P336741.16.8",
"inst": "n",
"f": {"lang": "akk-x-neoass",
"form": "01",
"pos": "n"}
}
,
{
"node": "l",
"frag": "MA.NA",
"id": "P336741.l04147",
"ref": "P336741.16.9",
"inst": "manê[a unit of weight]N",
"sig": "@saao/saa14%akk-x-neoass:MA.NA=manû[unit//a unit of weight]N'N$manê",
"f": {"lang": "akk-x-neoass",
"form": "MA.NA",
"cf": "manû",
"gw": "unit",
"sense": "a unit of weight",
"norm": "manê",
"pos": "N",
"epos": "N"}
}
,
{
"node": "l",
"frag": "{sig₂}ger]-du",
"id": "P336741.l04148",
"ref": "P336741.16.10",
"inst": "+gerdu[plucked wool]N$",
"newsig": "@saao/saa14%akk-x-neoass:{SIG₂}ger-du=gerdu[plucked wool//plucked wool]N'N$gerdu",
"f": {"lang": "akk-x-neoass",
"form": "{SIG₂}ger-du",
"cf": "gerdu",
"gw": "plucked wool",
"sense": "plucked wool",
"norm": "gerdu",
"pos": "N",
"epos": "N"}
}
,
{
"node": "l",
"frag": "KU₂",
"id": "P336741.l04149",
"ref": "P336741.16.11",
"inst": "ekkal[eat]V",
"sig": "@saao/saa14%akk-x-neoass:KU₂=akālu[eat//eat]V'V$ekkal",
"f": {"lang": "akk-x-neoass",
"form": "KU₂",
"cf": "akālu",
"gw": "eat",
"sense": "eat",
"norm": "ekkal",
"pos": "V",
"epos": "V"}
}
,
{
"node": "d",
"type": "line-start",
"ref": "P336741.17",
"n": "2'",
"label": "r 2'"}
,
{
"node": "l",
"frag": "[x",
"id": "P336741.l0414a",
"ref": "P336741.17.1",
"inst": "u",
"f": {"lang": "akk-x-neoass",
"form": "x",
"pos": "u"}
}
,
{
"node": "l",
"frag": "x",
"id": "P336741.l0414b",
"ref": "P336741.17.2",
"inst": "u",
"f": {"lang": "akk-x-neoass",
"form": "x",
"pos": "u"}
}
,
{
"node": "l",
"frag": "x",
"id": "P336741.l0414c",
"ref": "P336741.17.3",
"inst": "u",
"f": {"lang": "akk-x-neoass",
"form": "x",
"pos": "u"}
}
,
{
"node": "l",
"frag": "x",
"id": "P336741.l0414d",
"ref": "P336741.17.4",
"inst": "u",
"f": {"lang": "akk-x-neoass",
"form": "x",
"pos": "u"}
}
,
{
"node": "l",
"frag": "x",
"id": "P336741.l0414e",
"ref": "P336741.17.5",
"inst": "u",
"f": {"lang": "akk-x-neoass",
"form": "x",
"pos": "u"}
}
,
{
"node": "l",
"frag": "x",
"id": "P336741.l0414f",
"ref": "P336741.17.6",
"inst": "u",
"f": {"lang": "akk-x-neoass",
"form": "x",
"pos": "u"}
}
,
{
"node": "l",
"frag": "x",
"id": "P336741.l04150",
"ref": "P336741.17.7",
"inst": "u",
"f": {"lang": "akk-x-neoass",
"form": "x",
"pos": "u"}
}
,
{
"node": "l",
"frag": "x",
"id": "P336741.l04151",
"ref": "P336741.17.8",
"inst": "u",
"f": {"lang": "akk-x-neoass",
"form": "x",
"pos": "u"}
}
,
{
"node": "l",
"frag": "x",
"id": "P336741.l04152",
"ref": "P336741.17.9",
"inst": "u",
"f": {"lang": "akk-x-neoass",
"form": "x",
"pos": "u"}
}
,
{
"node": "l",
"frag": "x",
"id": "P336741.l04153",
"ref": "P336741.17.10",
"inst": "u",
"f": {"lang": "akk-x-neoass",
"form": "x",
"pos": "u"}
}
,
{
"node": "l",
"frag": "x",
"id": "P336741.l04154",
"ref": "P336741.17.11",
"inst": "u",
"f": {"lang": "akk-x-neoass",
"form": "x",
"pos": "u"}
}
,
{
"node": "l",
"frag": "x",
"id": "P336741.l04155",
"ref": "P336741.17.12",
"inst": "u",
"f": {"lang": "akk-x-neoass",
"form": "x",
"pos": "u"}
}
,
{
"node": "l",
"frag": "x]+⸢x⸣",
"id": "P336741.l04156",
"ref": "P336741.17.13",
"inst": "u",
"f": {"lang": "akk-x-neoass",
"form": "x+x",
"pos": "u"}
}
,
{
"node": "d",
"type": "line-start",
"ref": "P336741.18",
"n": "3'",
"label": "r 3'"}
,
{
"node": "l",
"frag": "[IGI",
"id": "P336741.l04157",
"ref": "P336741.18.1",
"inst": "šību[witness]N",
"sig": "@saao/saa14%akk-x-neoass:IGI=šību[witness//witness]N'N$šību",
"f": {"lang": "akk-x-neoass",
"form": "IGI",
"cf": "šību",
"gw": "witness",
"sense": "witness",
"norm": "šību",
"pos": "N",
"epos": "N"}
}
,
{
"node": "l",
"frag": "{1}x",
"id": "P336741.l04158",
"ref": "P336741.18.2",
"inst": "u",
"f": {"lang": "akk-x-neoass",
"form": "{1}x",
"pos": "u"}
}
,
{
"node": "l",
"frag": "x",
"id": "P336741.l04159",
"ref": "P336741.18.3",
"inst": "u",
"f": {"lang": "akk-x-neoass",
"form": "x",
"pos": "u"}
}
,
{
"node": "l",
"frag": "x",
"id": "P336741.l0415a",
"ref": "P336741.18.4",
"inst": "u",
"f": {"lang": "akk-x-neoass",
"form": "x",
"pos": "u"}
}
,
{
"node": "l",
"frag": "x",
"id": "P336741.l0415b",
"ref": "P336741.18.5",
"inst": "u",
"f": {"lang": "akk-x-neoass",
"form": "x",
"pos": "u"}
}
,
{
"node": "l",
"frag": "x",
"id": "P336741.l0415c",
"ref": "P336741.18.6",
"inst": "u",
"f": {"lang": "akk-x-neoass",
"form": "x",
"pos": "u"}
}
,
{
"node": "l",
"frag": "x",
"id": "P336741.l0415d",
"ref": "P336741.18.7",
"inst": "u",
"f": {"lang": "akk-x-neoass",
"form": "x",
"pos": "u"}
}
,
{
"node": "l",
"frag": "x",
"id": "P336741.l0415e",
"ref": "P336741.18.8",
"inst": "u",
"f": {"lang": "akk-x-neoass",
"form": "x",
"pos": "u"}
}
,
{
"node": "l",
"frag": "x",
"id": "P336741.l0415f",
"ref": "P336741.18.9",
"inst": "u",
"f": {"lang": "akk-x-neoass",
"form": "x",
"pos": "u"}
}
,
{
"node": "l",
"frag": "x",
"id": "P336741.l04160",
"ref": "P336741.18.10",
"inst": "u",
"f": {"lang": "akk-x-neoass",
"form": "x",
"pos": "u"}
}
,
{
"node": "l",
"frag": "x]",
"id": "P336741.l04161",
"ref": "P336741.18.11",
"inst": "u",
"f": {"lang": "akk-x-neoass",
"form": "x",
"pos": "u"}
}
,
{
"node": "l",
"frag": "{mi₂}KUR",
"id": "P336741.l04162",
"ref": "P336741.18.12",
"cof-tails": "P336741.l04163",
"inst": "sinništu[woman]N$issi&ēkallu[palace]N$ēkalli",
"sig": "@saao/saa14%akk-x-neoass:{MI₂}KUR=sinništu[woman//woman]N'N$issi&&@saao%akk-x-neoass:=ēkallu[palace//palace]N'N$ēkalli",
"f": {"lang": "akk-x-neoass",
"form": "{MI₂}KUR",
"cf": "sinništu",
"gw": "woman",
"sense": "woman",
"norm": "issi",
"pos": "N",
"epos": "N"}
}
,
{
"node": "l",
"frag": "{mi₂}KUR",
"id": "P336741.l04163",
"ref": "P336741.18.12",
"cof-head": "P336741.l04162",
"inst": "sinništu[woman]N$issi&ēkallu[palace]N$ēkalli",
"tail-sig": "@saao%akk-x-neoass:=ēkallu[palace//palace]N'N$ēkalli",
"f": {"lang": "akk-x-neoass",
"form": "{MI₂}KUR",
"cf": "ēkallu",
"gw": "palace",
"sense": "palace",
"norm": "ēkalli",
"pos": "N",
"epos": "N"}
}
,
{
"node": "d",
"type": "line-start",
"ref": "P336741.19",
"n": "4'",
"label": "r 4'"}
,
{
"node": "l",
"frag": "[IGI",
"id": "P336741.l04164",
"ref": "P336741.19.1",
"inst": "šību[witness]N",
"sig": "@saao/saa14%akk-x-neoass:IGI=šību[witness//witness]N'N$šību",
"f": {"lang": "akk-x-neoass",
"form": "IGI",
"cf": "šību",
"gw": "witness",
"sense": "witness",
"norm": "šību",
"pos": "N",
"epos": "N"}
}
,
{
"node": "l",
"frag": "{1}x",
"id": "P336741.l04165",
"ref": "P336741.19.2",
"inst": "u",
"f": {"lang": "akk-x-neoass",
"form": "{1}x",
"pos": "u"}
}
,
{
"node": "l",
"frag": "x",
"id": "P336741.l04166",
"ref": "P336741.19.3",
"inst": "u",
"f": {"lang": "akk-x-neoass",
"form": "x",
"pos": "u"}
}
,
{
"node": "l",
"frag": "x",
"id": "P336741.l04167",
"ref": "P336741.19.4",
"inst": "u",
"f": {"lang": "akk-x-neoass",
"form": "x",
"pos": "u"}
}
,
{
"node": "l",
"frag": "x",
"id": "P336741.l04168",
"ref": "P336741.19.5",
"inst": "u",
"f": {"lang": "akk-x-neoass",
"form": "x",
"pos": "u"}
}
,
{
"node": "l",
"frag": "x",
"id": "P336741.l04169",
"ref": "P336741.19.6",
"inst": "u",
"f": {"lang": "akk-x-neoass",
"form": "x",
"pos": "u"}
}
,
{
"node": "l",
"frag": "x",
"id": "P336741.l0416a",
"ref": "P336741.19.7",
"inst": "u",
"f": {"lang": "akk-x-neoass",
"form": "x",
"pos": "u"}
}
,
{
"node": "l",
"frag": "x",
"id": "P336741.l0416b",
"ref": "P336741.19.8",
"inst": "u",
"f": {"lang": "akk-x-neoass",
"form": "x",
"pos": "u"}
}
,
{
"node": "l",
"frag": "x",
"id": "P336741.l0416c",
"ref": "P336741.19.9",
"inst": "u",
"f": {"lang": "akk-x-neoass",
"form": "x",
"pos": "u"}
}
,
{
"node": "l",
"frag": "x",
"id": "P336741.l0416d",
"ref": "P336741.19.10",
"inst": "u",
"f": {"lang": "akk-x-neoass",
"form": "x",
"pos": "u"}
}
,
{
"node": "l",
"frag": "x]",
"id": "P336741.l0416e",
"ref": "P336741.19.11",
"inst": "u",
"f": {"lang": "akk-x-neoass",
"form": "x",
"pos": "u"}
}
,
{
"node": "l",
"frag": "{mi₂}KUR",
"id": "P336741.l0416f",
"ref": "P336741.19.12",
"cof-tails": "P336741.l04170",
"inst": "sinništu[woman]N$issi&ēkallu[palace]N$ēkalli",
"sig": "@saao/saa14%akk-x-neoass:{MI₂}KUR=sinništu[woman//woman]N'N$issi&&@saao%akk-x-neoass:=ēkallu[palace//palace]N'N$ēkalli",
"f": {"lang": "akk-x-neoass",
"form": "{MI₂}KUR",
"cf": "sinništu",
"gw": "woman",
"sense": "woman",
"norm": "issi",
"pos": "N",
"epos": "N"}
}
,
{
"node": "l",
"frag": "{mi₂}KUR",
"id": "P336741.l04170",
"ref": "P336741.19.12",
"cof-head": "P336741.l0416f",
"inst": "sinništu[woman]N$issi&ēkallu[palace]N$ēkalli",
"tail-sig": "@saao%akk-x-neoass:=ēkallu[palace//palace]N'N$ēkalli",
"f": {"lang": "akk-x-neoass",
"form": "{MI₂}KUR",
"cf": "ēkallu",
"gw": "palace",
"sense": "palace",
"norm": "ēkalli",
"pos": "N",
"epos": "N"}
}
,
{
"node": "d",
"type": "line-start",
"ref": "P336741.20",
"n": "5'",
"label": "r 5'"}
,
{
"node": "l",
"frag": "[x",
"id": "P336741.l04171",
"ref": "P336741.20.1",
"inst": "u",
"f": {"lang": "akk-x-neoass",
"form": "x",
"pos": "u"}
}
,
{
"node": "l",
"frag": "x",
"id": "P336741.l04172",
"ref": "P336741.20.2",
"inst": "u",
"f": {"lang": "akk-x-neoass",
"form": "x",
"pos": "u"}
}
,
{
"node": "l",
"frag": "x",
"id": "P336741.l04173",
"ref": "P336741.20.3",
"inst": "u",
"f": {"lang": "akk-x-neoass",
"form": "x",
"pos": "u"}
}
,
{
"node": "l",
"frag": "x",
"id": "P336741.l04174",
"ref": "P336741.20.4",
"inst": "u",
"f": {"lang": "akk-x-neoass",
"form": "x",
"pos": "u"}
}
,
{
"node": "l",
"frag": "x",
"id": "P336741.l04175",
"ref": "P336741.20.5",
"inst": "u",
"f": {"lang": "akk-x-neoass",
"form": "x",
"pos": "u"}
}
,
{
"node": "l",
"frag": "x",
"id": "P336741.l04176",
"ref": "P336741.20.6",
"inst": "u",
"f": {"lang": "akk-x-neoass",
"form": "x",
"pos": "u"}
}
,
{
"node": "l",
"frag": "x",
"id": "P336741.l04177",
"ref": "P336741.20.7",
"inst": "u",
"f": {"lang": "akk-x-neoass",
"form": "x",
"pos": "u"}
}
,
{
"node": "l",
"frag": "x",
"id": "P336741.l04178",
"ref": "P336741.20.8",
"inst": "u",
"f": {"lang": "akk-x-neoass",
"form": "x",
"pos": "u"}
}
,
{
"node": "l",
"frag": "x",
"id": "P336741.l04179",
"ref": "P336741.20.9",
"inst": "u",
"f": {"lang": "akk-x-neoass",
"form": "x",
"pos": "u"}
}
,
{
"node": "l",
"frag": "x",
"id": "P336741.l0417a",
"ref": "P336741.20.10",
"inst": "u",
"f": {"lang": "akk-x-neoass",
"form": "x",
"pos": "u"}
}
,
{
"node": "l",
"frag": "x",
"id": "P336741.l0417b",
"ref": "P336741.20.11",
"inst": "u",
"f": {"lang": "akk-x-neoass",
"form": "x",
"pos": "u"}
}
,
{
"node": "l",
"frag": "x",
"id": "P336741.l0417c",
"ref": "P336741.20.12",
"inst": "u",
"f": {"lang": "akk-x-neoass",
"form": "x",
"pos": "u"}
}
,
{
"node": "l",
"frag": "x]+⸢x⸣",
"id": "P336741.l0417d",
"ref": "P336741.20.13",
"inst": "u",
"f": {"lang": "akk-x-neoass",
"form": "x+x",
"pos": "u"}
}
,
{
"node": "d",
"frag": ":",
"type": "nonw",
"ref": "P336741.20.14",
"lang": "akk-x-neoass",
"type": "punct"}
,
{
"node": "d",
"type": "nonx",
"ref": "P336741.21",
"strict": "0",
"extent": "rest",
"state": "missing"}
]}
]}
]}
,
{
"linkbase": [{
"type": "linkset",
"xlink_title": "ina urkiš[in the future//in the future]AV'AV",
"id": "P336741.ls00000",
"xlink_type": "extended",
"xlink_role": "psu",
"sig": "{ina[in]PRP urkiš[later]AV += ina urkiš[in the future//in the future]AV'AV}::@saao%akk-x-neoass:ina=ina[in//into]PRP'PRP$ina++@saao%akk-x-neoass:ur-kiš=urkiš[later//later]AV'AV$urkiš",
"links": [
{
"type": "link",
"xlink_title": "ina",
"xlink_type": "locator",
"xlink_href": "#P336741.l040f9",
"xlink_role": "elt"}
,
{
"type": "link",
"xlink_title": "urkiš",
"xlink_type": "locator",
"xlink_href": "#P336741.l040fa",
"xlink_role": "elt"}
]}
,
{
"type": "linkset",
"xlink_title": "ina matīma[whenever//whenever]XP'XP",
"id": "P336741.ls00001",
"xlink_type": "extended",
"xlink_role": "psu",
"sig": "{ina[in]PRP matīma[ever]AV += ina matīma[whenever//whenever]XP'XP}::@saao%akk-x-neoass:ina=ina[in//into]PRP'PRP$ina++@saao%akk-x-neoass:ma-te-ma=matīma[ever//ever]AV'AV$matēma",
"links": [
{
"type": "link",
"xlink_title": "ina",
"xlink_type": "locator",
"xlink_href": "#P336741.l040fb",
"xlink_role": "elt"}
,
{
"type": "link",
"xlink_title": "matēma",
"xlink_type": "locator",
"xlink_href": "#P336741.l040fc",
"xlink_role": "elt"}
]}
]}
]}
