{
"type": "cdl",
  "source": "http://oracc.org/saao/saa14",
  "license": "This data is released under the CC0 license",
  "license-url": "https://creativecommons.org/publicdomain/zero/1.0/",
  "more-info": "http://oracc.org/doc/opendata/",
  "UTC-timestamp": "2017-05-19T11:50:27",
"project": "saao/saa14",
"textid": "P336758",
"cdl": [
{
"node": "c",
"type": "text",
"id": "P336758.U0",
"cdl": [
{
"node": "d",
"type": "object",
"ref": ""}
,
{
"node": "d",
"subtype": "obverse",
"type": "surface",
"ref": "P336758.o.1",
"type": "obverse",
"label": "o"}
,
{
"node": "c",
"type": "discourse",
"subtype": "body",
"id": "P336758.U1",
"cdl": [
{
"node": "c",
"type": "sentence",
"id": "P336758.U2",
"label": "o 1 - r 2'",
"cdl": [
{
"node": "d",
"type": "line-start",
"ref": "P336758.2",
"n": "1",
"label": "o 1"}
,
{
"node": "l",
"frag": "ṣu-pur",
"id": "P336758.l070b7",
"ref": "P336758.2.1",
"inst": "ṣupur[fingernail]N",
"sig": "@saao/saa14%akk-x-neoass:ṣu-pur=ṣupru[nail//fingernail]N'N$ṣupur",
"f": {"lang": "akk-x-neoass",
"form": "ṣu-pur",
"cf": "ṣupru",
"gw": "nail",
"sense": "fingernail",
"norm": "ṣupur",
"pos": "N",
"epos": "N"}
}
,
{
"node": "l",
"frag": "{1}x",
"id": "P336758.l070b8",
"ref": "P336758.2.2",
"inst": "u",
"f": {"lang": "akk-x-neoass",
"form": "{1}x",
"pos": "u"}
}
,
{
"node": "l",
"frag": "x",
"id": "P336758.l070b9",
"ref": "P336758.2.3",
"inst": "u",
"f": {"lang": "akk-x-neoass",
"form": "x",
"pos": "u"}
}
,
{
"node": "l",
"frag": "x",
"id": "P336758.l070ba",
"ref": "P336758.2.4",
"inst": "u",
"f": {"lang": "akk-x-neoass",
"form": "x",
"pos": "u"}
}
,
{
"node": "l",
"frag": "x]",
"id": "P336758.l070bb",
"ref": "P336758.2.5",
"inst": "u",
"f": {"lang": "akk-x-neoass",
"form": "x",
"pos": "u"}
}
,
{
"node": "d",
"type": "line-start",
"ref": "P336758.3",
"n": "2",
"label": "o 2"}
,
{
"node": "l",
"frag": "ṣu-pur",
"id": "P336758.l070bc",
"ref": "P336758.3.1",
"inst": "ṣupur[fingernail]N",
"sig": "@saao/saa14%akk-x-neoass:ṣu-pur=ṣupru[nail//fingernail]N'N$ṣupur",
"f": {"lang": "akk-x-neoass",
"form": "ṣu-pur",
"cf": "ṣupru",
"gw": "nail",
"sense": "fingernail",
"norm": "ṣupur",
"pos": "N",
"epos": "N"}
}
,
{
"node": "l",
"frag": "{1}x",
"id": "P336758.l070bd",
"ref": "P336758.3.2",
"inst": "u",
"f": {"lang": "akk-x-neoass",
"form": "{1}x",
"pos": "u"}
}
,
{
"node": "l",
"frag": "x",
"id": "P336758.l070be",
"ref": "P336758.3.3",
"inst": "u",
"f": {"lang": "akk-x-neoass",
"form": "x",
"pos": "u"}
}
,
{
"node": "l",
"frag": "x",
"id": "P336758.l070bf",
"ref": "P336758.3.4",
"inst": "u",
"f": {"lang": "akk-x-neoass",
"form": "x",
"pos": "u"}
}
,
{
"node": "l",
"frag": "x]",
"id": "P336758.l070c0",
"ref": "P336758.3.5",
"inst": "u",
"f": {"lang": "akk-x-neoass",
"form": "x",
"pos": "u"}
}
,
{
"node": "d",
"type": "nonx",
"ref": "P336758.4",
"strict": "1",
"extent": "n",
"scope": "line",
"state": "ruling"}
,
{
"node": "d",
"type": "nonx",
"ref": "P336758.5",
"strict": "0",
"extent": "n",
"state": "other"}
,
{
"node": "d",
"type": "nonx",
"ref": "P336758.6",
"strict": "1",
"extent": "n",
"scope": "line",
"state": "ruling"}
,
{
"node": "d",
"type": "line-start",
"ref": "P336758.7",
"n": "3",
"label": "o 3"}
,
{
"node": "l",
"frag": "{1}KAR-ir-⸢x⸣+[x",
"id": "P336758.l070c1",
"ref": "P336758.7.1",
"inst": "u",
"f": {"lang": "akk-x-neoass",
"form": "{1}KAR-ir-x+x",
"pos": "u"}
}
,
{
"node": "l",
"frag": "x",
"id": "P336758.l070c2",
"ref": "P336758.7.2",
"inst": "u",
"f": {"lang": "akk-x-neoass",
"form": "x",
"pos": "u"}
}
,
{
"node": "l",
"frag": "x",
"id": "P336758.l070c3",
"ref": "P336758.7.3",
"inst": "u",
"f": {"lang": "akk-x-neoass",
"form": "x",
"pos": "u"}
}
,
{
"node": "l",
"frag": "x]",
"id": "P336758.l070c4",
"ref": "P336758.7.4",
"inst": "u",
"f": {"lang": "akk-x-neoass",
"form": "x",
"pos": "u"}
}
,
{
"node": "d",
"type": "line-start",
"ref": "P336758.8",
"n": "4",
"label": "o 4"}
,
{
"node": "l",
"frag": "PAB",
"id": "P336758.l070c5",
"ref": "P336758.8.1",
"inst": "gimru[total]N",
"sig": "@saao/saa14%akk-x-neoass:PAB=gimru[totality//total]N'N$gimru",
"f": {"lang": "akk-x-neoass",
"form": "PAB",
"cf": "gimru",
"gw": "totality",
"sense": "total",
"norm": "gimru",
"pos": "N",
"epos": "N"}
}
,
{
"node": "l",
"frag": "05",
"id": "P336758.l070c6",
"ref": "P336758.8.2",
"inst": "n",
"f": {"lang": "akk-x-neoass",
"form": "05",
"pos": "n"}
}
,
{
"node": "l",
"frag": "⸢UN⸣-[MEŠ",
"id": "P336758.l070c7",
"ref": "P336758.8.3",
"inst": "nišē[people]N",
"sig": "@saao/saa14%akk-x-neoass:UN-MEŠ=nišu[people//people]N'N$nišē",
"f": {"lang": "akk-x-neoass",
"form": "UN-MEŠ",
"cf": "nišu",
"gw": "people",
"sense": "people",
"norm": "nišē",
"pos": "N",
"epos": "N"}
}
,
{
"node": "l",
"frag": "ša₂",
"id": "P336758.l070c8",
"ref": "P336758.8.4",
"inst": "ša[of]DET",
"sig": "@saao/saa14%akk-x-neoass:ša₂=ša[of//of]DET'DET$ša",
"f": {"lang": "akk-x-neoass",
"form": "ša₂",
"cf": "ša",
"gw": "of",
"sense": "of",
"norm": "ša",
"pos": "DET",
"epos": "DET"}
}
,
{
"node": "l",
"frag": "{1}x",
"id": "P336758.l070c9",
"ref": "P336758.8.5",
"inst": "u",
"f": {"lang": "akk-x-neoass",
"form": "{1}x",
"pos": "u"}
}
,
{
"node": "l",
"frag": "x",
"id": "P336758.l070ca",
"ref": "P336758.8.6",
"inst": "u",
"f": {"lang": "akk-x-neoass",
"form": "x",
"pos": "u"}
}
,
{
"node": "l",
"frag": "x]",
"id": "P336758.l070cb",
"ref": "P336758.8.7",
"inst": "u",
"f": {"lang": "akk-x-neoass",
"form": "x",
"pos": "u"}
}
,
{
"node": "d",
"type": "line-start",
"ref": "P336758.9",
"n": "5",
"label": "o 5"}
,
{
"node": "l",
"frag": "u₂-piš-[ma",
"id": "P336758.l070cc",
"ref": "P336758.9.1",
"inst": "uppišma[contract]V",
"sig": "@saao/saa14%akk-x-neoass:u₂-piš-ma=epēšu[do//contract]V'V$uppišma",
"f": {"lang": "akk-x-neoass",
"form": "u₂-piš-ma",
"cf": "epēšu",
"gw": "do",
"sense": "contract",
"norm": "uppišma",
"pos": "V",
"epos": "V"}
}
,
{
"node": "l",
"frag": "{1}x",
"id": "P336758.l070cd",
"ref": "P336758.9.2",
"inst": "u",
"f": {"lang": "akk-x-neoass",
"form": "{1}x",
"pos": "u"}
}
,
{
"node": "l",
"frag": "x",
"id": "P336758.l070ce",
"ref": "P336758.9.3",
"inst": "u",
"f": {"lang": "akk-x-neoass",
"form": "x",
"pos": "u"}
}
,
{
"node": "l",
"frag": "x",
"id": "P336758.l070cf",
"ref": "P336758.9.4",
"inst": "u",
"f": {"lang": "akk-x-neoass",
"form": "x",
"pos": "u"}
}
,
{
"node": "l",
"frag": "x",
"id": "P336758.l070d0",
"ref": "P336758.9.5",
"inst": "u",
"f": {"lang": "akk-x-neoass",
"form": "x",
"pos": "u"}
}
,
{
"node": "l",
"frag": "x]",
"id": "P336758.l070d1",
"ref": "P336758.9.6",
"inst": "u",
"f": {"lang": "akk-x-neoass",
"form": "x",
"pos": "u"}
}
,
{
"node": "d",
"type": "line-start",
"ref": "P336758.10",
"n": "6",
"label": "o 6"}
,
{
"node": "l",
"frag": "⸢x",
"id": "P336758.l070d2",
"ref": "P336758.10.1",
"inst": "u",
"f": {"lang": "akk-x-neoass",
"form": "x",
"pos": "u"}
}
,
{
"node": "l",
"frag": "x",
"id": "P336758.l070d3",
"ref": "P336758.10.2",
"inst": "u",
"f": {"lang": "akk-x-neoass",
"form": "x",
"pos": "u"}
}
,
{
"node": "l",
"frag": "x",
"id": "P336758.l070d4",
"ref": "P336758.10.3",
"inst": "u",
"f": {"lang": "akk-x-neoass",
"form": "x",
"pos": "u"}
}
,
{
"node": "l",
"frag": "x⸣",
"id": "P336758.l070d5",
"ref": "P336758.10.4",
"inst": "u",
"f": {"lang": "akk-x-neoass",
"form": "x",
"pos": "u"}
}
,
{
"node": "l",
"frag": "[x",
"id": "P336758.l070d6",
"ref": "P336758.10.5",
"inst": "u",
"f": {"lang": "akk-x-neoass",
"form": "x",
"pos": "u"}
}
,
{
"node": "l",
"frag": "x",
"id": "P336758.l070d7",
"ref": "P336758.10.6",
"inst": "u",
"f": {"lang": "akk-x-neoass",
"form": "x",
"pos": "u"}
}
,
{
"node": "l",
"frag": "x]",
"id": "P336758.l070d8",
"ref": "P336758.10.7",
"inst": "u",
"f": {"lang": "akk-x-neoass",
"form": "x",
"pos": "u"}
}
,
{
"node": "d",
"type": "nonx",
"ref": "P336758.11",
"strict": "0",
"extent": "rest",
"state": "missing"}
,
{
"node": "d",
"subtype": "reverse",
"type": "surface",
"ref": "P336758.r.12",
"type": "reverse",
"label": "r"}
,
{
"node": "d",
"type": "nonx",
"ref": "P336758.13",
"strict": "0",
"extent": "beginning",
"state": "missing"}
,
{
"node": "d",
"type": "line-start",
"ref": "P336758.14",
"n": "1'",
"label": "r 1'"}
,
{
"node": "l",
"frag": "{⸢iti⸣}[x",
"id": "P336758.l070d9",
"ref": "P336758.14.1",
"inst": "urhu[month]N",
"sig": "@saao/saa14%akk-x-neoass:{ITI}x=arhu[month//month]N'N$urhu",
"f": {"lang": "akk-x-neoass",
"form": "{ITI}x",
"cf": "arhu",
"gw": "month",
"sense": "month",
"norm": "urhu",
"pos": "N",
"epos": "N"}
}
,
{
"node": "l",
"frag": "UD",
"id": "P336758.l070da",
"ref": "P336758.14.2",
"inst": "ūm[day]N",
"sig": "@saao/saa14%akk-x-neoass:UD=ūmu[day//day]N'N$ūm",
"f": {"lang": "akk-x-neoass",
"form": "UD",
"cf": "ūmu",
"gw": "day",
"sense": "day",
"norm": "ūm",
"pos": "N",
"epos": "N"}
}
,
{
"node": "l",
"frag": "x-KAM₂]",
"id": "P336758.l070db",
"ref": "P336758.14.3",
"inst": "n",
"f": {"lang": "akk-x-neoass",
"form": "x-KAM₂",
"pos": "n"}
}
,
{
"node": "d",
"type": "line-start",
"ref": "P336758.15",
"n": "2'",
"label": "r 2'"}
,
{
"node": "l",
"frag": "lim-⸢mu⸣",
"id": "P336758.l070dc",
"ref": "P336758.15.1",
"inst": "limmu[eponym (of year)]N",
"sig": "@saao/saa14%akk-x-neoass:lim-mu=līmu[eponym (of year)//eponym (of year)]N'N$limmu",
"f": {"lang": "akk-x-neoass",
"form": "lim-mu",
"cf": "līmu",
"gw": "eponym (of year)",
"sense": "eponym (of year)",
"norm": "limmu",
"pos": "N",
"epos": "N"}
}
,
{
"node": "l",
"frag": "{1}x",
"id": "P336758.l070dd",
"ref": "P336758.15.2",
"inst": "u",
"f": {"lang": "akk-x-neoass",
"form": "{1}x",
"pos": "u"}
}
,
{
"node": "l",
"frag": "x",
"id": "P336758.l070de",
"ref": "P336758.15.3",
"inst": "u",
"f": {"lang": "akk-x-neoass",
"form": "x",
"pos": "u"}
}
,
{
"node": "l",
"frag": "x",
"id": "P336758.l070df",
"ref": "P336758.15.4",
"inst": "u",
"f": {"lang": "akk-x-neoass",
"form": "x",
"pos": "u"}
}
,
{
"node": "l",
"frag": "x",
"id": "P336758.l070e0",
"ref": "P336758.15.5",
"inst": "u",
"f": {"lang": "akk-x-neoass",
"form": "x",
"pos": "u"}
}
,
{
"node": "l",
"frag": "x]",
"id": "P336758.l070e1",
"ref": "P336758.15.6",
"inst": "u",
"f": {"lang": "akk-x-neoass",
"form": "x",
"pos": "u"}
}
]}
]}
]}
]}
