{
"type": "cdl",
  "source": "http://oracc.org/saao/saa14",
  "license": "This data is released under the CC0 license",
  "license-url": "https://creativecommons.org/publicdomain/zero/1.0/",
  "more-info": "http://oracc.org/doc/opendata/",
  "UTC-timestamp": "2017-05-19T11:50:19",
"project": "saao/saa14",
"textid": "P336010",
"cdl": [
{
"node": "c",
"type": "text",
"id": "P336010.U0",
"cdl": [
{
"node": "d",
"type": "object",
"ref": ""}
,
{
"node": "d",
"subtype": "obverse",
"type": "surface",
"ref": "P336010.o.1",
"type": "obverse",
"label": "o"}
,
{
"node": "d",
"type": "nonx",
"ref": "P336010.2",
"strict": "0",
"extent": "beginning",
"state": "missing"}
,
{
"node": "d",
"type": "nonx",
"ref": "P336010.3",
"strict": "0",
"extent": "1",
"scope": "impression",
"state": "other"}
,
{
"node": "d",
"type": "nonx",
"ref": "P336010.4",
"strict": "1",
"extent": "n",
"scope": "line",
"state": "ruling"}
,
{
"node": "c",
"type": "discourse",
"subtype": "body",
"id": "P336010.U1",
"cdl": [
{
"node": "c",
"type": "sentence",
"id": "P336010.U2",
"label": "o 1' - r 10'",
"cdl": [
{
"node": "d",
"type": "line-start",
"ref": "P336010.5",
"n": "1'",
"label": "o 1'"}
,
{
"node": "l",
"frag": "{1}x]+⸢x⸣-{d}UTU",
"id": "P336010.l06906",
"ref": "P336010.5.1",
"inst": "u",
"f": {"lang": "akk-x-neoass",
"form": "{1}x+x-{d}UTU",
"pos": "u"}
}
,
{
"node": "l",
"frag": "{lu₂}I₃.[DU₈",
"id": "P336010.l06907",
"ref": "P336010.5.2",
"inst": "atû[gatekeeper]N",
"sig": "@saao/saa14%akk-x-neoass:{LU₂}I₃.DU₈=atû[gatekeeper//gatekeeper]N'N$atû",
"f": {"lang": "akk-x-neoass",
"form": "{LU₂}I₃.DU₈",
"cf": "atû",
"gw": "gatekeeper",
"sense": "gatekeeper",
"norm": "atû",
"pos": "N",
"epos": "N"}
}
,
{
"node": "l",
"frag": "x",
"id": "P336010.l06908",
"ref": "P336010.5.3",
"inst": "u",
"f": {"lang": "akk-x-neoass",
"form": "x",
"pos": "u"}
}
,
{
"node": "l",
"frag": "x",
"id": "P336010.l06909",
"ref": "P336010.5.4",
"inst": "u",
"f": {"lang": "akk-x-neoass",
"form": "x",
"pos": "u"}
}
,
{
"node": "l",
"frag": "x]",
"id": "P336010.l0690a",
"ref": "P336010.5.5",
"inst": "u",
"f": {"lang": "akk-x-neoass",
"form": "x",
"pos": "u"}
}
,
{
"node": "d",
"type": "nonx",
"ref": "P336010.6",
"strict": "0",
"extent": "rest",
"state": "missing"}
,
{
"node": "d",
"subtype": "reverse",
"type": "surface",
"ref": "P336010.r.7",
"type": "reverse",
"label": "r"}
,
{
"node": "d",
"type": "nonx",
"ref": "P336010.8",
"strict": "0",
"extent": "beginning",
"state": "missing"}
,
{
"node": "d",
"type": "line-start",
"ref": "P336010.9",
"n": "1'",
"label": "r 1'"}
,
{
"node": "l",
"frag": "⸢IGI⸣",
"id": "P336010.l0690b",
"ref": "P336010.9.1",
"inst": "šību[witness]N",
"sig": "@saao/saa14%akk-x-neoass:IGI=šību[witness//witness]N'N$šību",
"f": {"lang": "akk-x-neoass",
"form": "IGI",
"cf": "šību",
"gw": "witness",
"sense": "witness",
"norm": "šību",
"pos": "N",
"epos": "N"}
}
,
{
"node": "l",
"frag": "{1}PAB-[x",
"id": "P336010.l0690c",
"ref": "P336010.9.2",
"inst": "u",
"f": {"lang": "akk-x-neoass",
"form": "{1}PAB-x",
"pos": "u"}
}
,
{
"node": "l",
"frag": "x",
"id": "P336010.l0690d",
"ref": "P336010.9.3",
"inst": "u",
"f": {"lang": "akk-x-neoass",
"form": "x",
"pos": "u"}
}
,
{
"node": "l",
"frag": "x",
"id": "P336010.l0690e",
"ref": "P336010.9.4",
"inst": "u",
"f": {"lang": "akk-x-neoass",
"form": "x",
"pos": "u"}
}
,
{
"node": "l",
"frag": "x",
"id": "P336010.l0690f",
"ref": "P336010.9.5",
"inst": "u",
"f": {"lang": "akk-x-neoass",
"form": "x",
"pos": "u"}
}
,
{
"node": "l",
"frag": "x]",
"id": "P336010.l06910",
"ref": "P336010.9.6",
"inst": "u",
"f": {"lang": "akk-x-neoass",
"form": "x",
"pos": "u"}
}
,
{
"node": "d",
"type": "line-start",
"ref": "P336010.10",
"n": "2'",
"label": "r 2'"}
,
{
"node": "l",
"frag": "[IGI]",
"id": "P336010.l06911",
"ref": "P336010.10.1",
"inst": "šību[witness]N",
"sig": "@saao/saa14%akk-x-neoass:IGI=šību[witness//witness]N'N$šību",
"f": {"lang": "akk-x-neoass",
"form": "IGI",
"cf": "šību",
"gw": "witness",
"sense": "witness",
"norm": "šību",
"pos": "N",
"epos": "N"}
}
,
{
"node": "l",
"frag": "{1}DI-mu-⸢x⸣-x+[x",
"id": "P336010.l06912",
"ref": "P336010.10.2",
"inst": "u",
"f": {"lang": "akk-x-neoass",
"form": "{1}DI-mu-x-x+x",
"pos": "u"}
}
,
{
"node": "l",
"frag": "x",
"id": "P336010.l06913",
"ref": "P336010.10.3",
"inst": "u",
"f": {"lang": "akk-x-neoass",
"form": "x",
"pos": "u"}
}
,
{
"node": "l",
"frag": "x",
"id": "P336010.l06914",
"ref": "P336010.10.4",
"inst": "u",
"f": {"lang": "akk-x-neoass",
"form": "x",
"pos": "u"}
}
,
{
"node": "l",
"frag": "x",
"id": "P336010.l06915",
"ref": "P336010.10.5",
"inst": "u",
"f": {"lang": "akk-x-neoass",
"form": "x",
"pos": "u"}
}
,
{
"node": "l",
"frag": "x]",
"id": "P336010.l06916",
"ref": "P336010.10.6",
"inst": "u",
"f": {"lang": "akk-x-neoass",
"form": "x",
"pos": "u"}
}
,
{
"node": "d",
"type": "line-start",
"ref": "P336010.11",
"n": "3'",
"label": "r 3'"}
,
{
"node": "l",
"frag": "[IGI]",
"id": "P336010.l06917",
"ref": "P336010.11.1",
"inst": "šību[witness]N",
"sig": "@saao/saa14%akk-x-neoass:IGI=šību[witness//witness]N'N$šību",
"f": {"lang": "akk-x-neoass",
"form": "IGI",
"cf": "šību",
"gw": "witness",
"sense": "witness",
"norm": "šību",
"pos": "N",
"epos": "N"}
}
,
{
"node": "l",
"frag": "{1}DI-mu-PAB-MEŠ",
"id": "P336010.l06918",
"ref": "P336010.11.2",
"inst": "Šulmu-ahhe[1]PN",
"sig": "@saao/saa14%akk-x-neoass:{1}DI-mu-PAB-MEŠ=Šulmu-ahhe[1//1]PN'PN$Šulmu-ahhe",
"f": {"lang": "akk-x-neoass",
"form": "{1}DI-mu-PAB-MEŠ",
"cf": "Šulmu-ahhe",
"gw": "1",
"sense": "1",
"norm": "Šulmu-ahhe",
"pos": "PN",
"epos": "PN"}
}
,
{
"node": "l",
"frag": "{⸢lu₂⸣}[x",
"id": "P336010.l06919",
"ref": "P336010.11.3",
"inst": "u",
"f": {"lang": "akk-x-neoass",
"form": "{LU₂}x",
"pos": "u"}
}
,
{
"node": "l",
"frag": "x",
"id": "P336010.l0691a",
"ref": "P336010.11.4",
"inst": "u",
"f": {"lang": "akk-x-neoass",
"form": "x",
"pos": "u"}
}
,
{
"node": "l",
"frag": "x]",
"id": "P336010.l0691b",
"ref": "P336010.11.5",
"inst": "u",
"f": {"lang": "akk-x-neoass",
"form": "x",
"pos": "u"}
}
,
{
"node": "d",
"type": "line-start",
"ref": "P336010.12",
"n": "4'",
"label": "r 4'"}
,
{
"node": "l",
"frag": "[IGI]",
"id": "P336010.l0691c",
"ref": "P336010.12.1",
"inst": "šību[witness]N",
"sig": "@saao/saa14%akk-x-neoass:IGI=šību[witness//witness]N'N$šību",
"f": {"lang": "akk-x-neoass",
"form": "IGI",
"cf": "šību",
"gw": "witness",
"sense": "witness",
"norm": "šību",
"pos": "N",
"epos": "N"}
}
,
{
"node": "l",
"frag": "{1}DUMU.UŠ-a.a",
"id": "P336010.l0691d",
"ref": "P336010.12.2",
"inst": "Aplaya[1]PN",
"sig": "@saao/saa14%akk-x-neoass:{1}DUMU.UŠ-a.a=Aplaya[1//1]PN'PN$Aplaya",
"f": {"lang": "akk-x-neoass",
"form": "{1}DUMU.UŠ-a.a",
"cf": "Aplaya",
"gw": "1",
"sense": "1",
"norm": "Aplaya",
"pos": "PN",
"epos": "PN"}
}
,
{
"node": "l",
"frag": "{lu₂}[x",
"id": "P336010.l0691e",
"ref": "P336010.12.3",
"inst": "u",
"f": {"lang": "akk-x-neoass",
"form": "{LU₂}x",
"pos": "u"}
}
,
{
"node": "l",
"frag": "x",
"id": "P336010.l0691f",
"ref": "P336010.12.4",
"inst": "u",
"f": {"lang": "akk-x-neoass",
"form": "x",
"pos": "u"}
}
,
{
"node": "l",
"frag": "x]",
"id": "P336010.l06920",
"ref": "P336010.12.5",
"inst": "u",
"f": {"lang": "akk-x-neoass",
"form": "x",
"pos": "u"}
}
,
{
"node": "d",
"type": "line-start",
"ref": "P336010.13",
"n": "5'",
"label": "r 5'"}
,
{
"node": "l",
"frag": "[IGI]",
"id": "P336010.l06921",
"ref": "P336010.13.1",
"inst": "šību[witness]N",
"sig": "@saao/saa14%akk-x-neoass:IGI=šību[witness//witness]N'N$šību",
"f": {"lang": "akk-x-neoass",
"form": "IGI",
"cf": "šību",
"gw": "witness",
"sense": "witness",
"norm": "šību",
"pos": "N",
"epos": "N"}
}
,
{
"node": "l",
"frag": "{1}arba-il₃-a.a",
"id": "P336010.l06922",
"ref": "P336010.13.2",
"inst": "Arbailayu[1]PN",
"sig": "@saao/saa14%akk-x-neoass:{1}arba-il₃-a.a=Arbailayu[1//1]PN'PN$Arbailaya",
"f": {"lang": "akk-x-neoass",
"form": "{1}arba-il₃-a.a",
"cf": "Arbailayu",
"gw": "1",
"sense": "1",
"norm": "Arbailaya",
"pos": "PN",
"epos": "PN"}
}
,
{
"node": "l",
"frag": "DUMU",
"id": "P336010.l06923",
"ref": "P336010.13.3",
"inst": "mār[son]N",
"sig": "@saao/saa14%akk-x-neoass:DUMU=māru[son//son]N'N$mār",
"f": {"lang": "akk-x-neoass",
"form": "DUMU",
"cf": "māru",
"gw": "son",
"sense": "son",
"norm": "mār",
"pos": "N",
"epos": "N"}
}
,
{
"node": "l",
"frag": "{1}[x",
"id": "P336010.l06924",
"ref": "P336010.13.4",
"inst": "u",
"f": {"lang": "akk-x-neoass",
"form": "{1}x",
"pos": "u"}
}
,
{
"node": "l",
"frag": "x]",
"id": "P336010.l06925",
"ref": "P336010.13.5",
"inst": "u",
"f": {"lang": "akk-x-neoass",
"form": "x",
"pos": "u"}
}
,
{
"node": "d",
"type": "line-start",
"ref": "P336010.14",
"n": "6'",
"label": "r 6'"}
,
{
"node": "l",
"frag": "⸢IGI⸣",
"id": "P336010.l06926",
"ref": "P336010.14.1",
"inst": "šību[witness]N",
"sig": "@saao/saa14%akk-x-neoass:IGI=šību[witness//witness]N'N$šību",
"f": {"lang": "akk-x-neoass",
"form": "IGI",
"cf": "šību",
"gw": "witness",
"sense": "witness",
"norm": "šību",
"pos": "N",
"epos": "N"}
}
,
{
"node": "l",
"frag": "{1}U.GUR-MAN-PAB",
"id": "P336010.l06927",
"ref": "P336010.14.2",
"inst": "Nergal-šarru-uṣur[1]PN",
"sig": "@saao/saa14%akk-x-neoass:{1}U.GUR-MAN-PAB=Nergal-šarru-uṣur[1//1]PN'PN$Nergal-šarru-uṣur",
"f": {"lang": "akk-x-neoass",
"form": "{1}U.GUR-MAN-PAB",
"cf": "Nergal-šarru-uṣur",
"gw": "1",
"sense": "1",
"norm": "Nergal-šarru-uṣur",
"pos": "PN",
"epos": "PN"}
}
,
{
"node": "l",
"frag": "{lu₂v}mu-ra-ba-[nu]",
"id": "P336010.l06928",
"ref": "P336010.14.3",
"inst": "murabbânu[(horse) trainer]N",
"sig": "@saao/saa14%akk-x-neoass:{LU₂}mu-ra-ba-nu=muribbānu[(a function or prof.)//(horse) trainer]N'N$murabbânu",
"f": {"lang": "akk-x-neoass",
"form": "{LU₂}mu-ra-ba-nu",
"cf": "muribbānu",
"gw": "(a function or prof.)",
"sense": "(horse) trainer",
"norm": "murabbânu",
"pos": "N",
"epos": "N"}
}
,
{
"node": "d",
"type": "line-start",
"ref": "P336010.15",
"n": "7'",
"label": "r 7'"}
,
{
"node": "l",
"frag": "⸢IGI⸣",
"id": "P336010.l06929",
"ref": "P336010.15.1",
"inst": "šību[witness]N",
"sig": "@saao/saa14%akk-x-neoass:IGI=šību[witness//witness]N'N$šību",
"f": {"lang": "akk-x-neoass",
"form": "IGI",
"cf": "šību",
"gw": "witness",
"sense": "witness",
"norm": "šību",
"pos": "N",
"epos": "N"}
}
,
{
"node": "l",
"frag": "{1}15--BAD₃",
"id": "P336010.l0692a",
"ref": "P336010.15.2",
"inst": "Issar-duri[1]PN",
"sig": "@saao/saa14%akk-x-neoass:{1}15-BAD₃=Issar-duri[1//1]PN'PN$Issar-duri",
"f": {"lang": "akk-x-neoass",
"form": "{1}15-BAD₃",
"cf": "Issar-duri",
"gw": "1",
"sense": "1",
"norm": "Issar-duri",
"pos": "PN",
"epos": "PN"}
}
,
{
"node": "l",
"frag": "{lu₂v}DAM.⸢QAR⸣",
"id": "P336010.l0692b",
"ref": "P336010.15.3",
"inst": "tankāru[merchant]N",
"sig": "@saao/saa14%akk-x-neoass:{LU₂}DAM.QAR=tamkāru[merchant//merchant]N'N$tankāru",
"f": {"lang": "akk-x-neoass",
"form": "{LU₂}DAM.QAR",
"cf": "tamkāru",
"gw": "merchant",
"sense": "merchant",
"norm": "tankāru",
"pos": "N",
"epos": "N"}
}
,
{
"node": "d",
"type": "line-start",
"ref": "P336010.16",
"n": "8'",
"label": "r 8'"}
,
{
"node": "l",
"frag": "IGI",
"id": "P336010.l0692c",
"ref": "P336010.16.1",
"inst": "šību[witness]N",
"sig": "@saao/saa14%akk-x-neoass:IGI=šību[witness//witness]N'N$šību",
"f": {"lang": "akk-x-neoass",
"form": "IGI",
"cf": "šību",
"gw": "witness",
"sense": "witness",
"norm": "šību",
"pos": "N",
"epos": "N"}
}
,
{
"node": "l",
"frag": "{1}na-šuh-A-PAB",
"id": "P336010.l0692d",
"ref": "P336010.16.2",
"inst": "Našuh-aplu-ušur[1]PN$",
"sig": "@saao/saa14%akk-x-neoass:{1}na-šuh-A-PAB=Našuh-aplu-ušur[1//1]PN'PN$Našuh-aplu-ušur",
"f": {"lang": "akk-x-neoass",
"form": "{1}na-šuh-A-PAB",
"cf": "Našuh-aplu-ušur",
"gw": "1",
"sense": "1",
"norm": "Našuh-aplu-ušur",
"pos": "PN",
"epos": "PN"}
}
,
{
"node": "l",
"frag": "PAB-šu₂",
"id": "P336010.l0692e",
"ref": "P336010.16.3",
"inst": "ahūšu[brother]N",
"sig": "@saao/saa14%akk-x-neoass:PAB-šu₂=ahu[brother//brother]N'N$ahūšu",
"f": {"lang": "akk-x-neoass",
"form": "PAB-šu₂",
"cf": "ahu",
"gw": "brother",
"sense": "brother",
"norm": "ahūšu",
"pos": "N",
"epos": "N"}
}
,
{
"node": "d",
"type": "line-start",
"ref": "P336010.17",
"n": "9'",
"label": "r 9'"}
,
{
"node": "l",
"frag": "⸢IGI⸣",
"id": "P336010.l0692f",
"ref": "P336010.17.1",
"inst": "šību[witness]N",
"sig": "@saao/saa14%akk-x-neoass:IGI=šību[witness//witness]N'N$šību",
"f": {"lang": "akk-x-neoass",
"form": "IGI",
"cf": "šību",
"gw": "witness",
"sense": "witness",
"norm": "šību",
"pos": "N",
"epos": "N"}
}
,
{
"node": "l",
"frag": "{1}{iti}KIN-a.a",
"id": "P336010.l06930",
"ref": "P336010.17.2",
"inst": "Ululaya[1]PN",
"sig": "@saao/saa14%akk-x-neoass:{1}{ITI}KIN-a.a=Ululayu[1//1]PN'PN$Ululaya",
"f": {"lang": "akk-x-neoass",
"form": "{1}{ITI}KIN-a.a",
"cf": "Ululayu",
"gw": "1",
"sense": "1",
"norm": "Ululaya",
"pos": "PN",
"epos": "PN"}
}
,
{
"node": "l",
"frag": "{lu₂v}DAM.⸢QAR⸣",
"id": "P336010.l06931",
"ref": "P336010.17.3",
"inst": "tankāru[merchant]N",
"sig": "@saao/saa14%akk-x-neoass:{LU₂}DAM.QAR=tamkāru[merchant//merchant]N'N$tankāru",
"f": {"lang": "akk-x-neoass",
"form": "{LU₂}DAM.QAR",
"cf": "tamkāru",
"gw": "merchant",
"sense": "merchant",
"norm": "tankāru",
"pos": "N",
"epos": "N"}
}
,
{
"node": "d",
"type": "line-start",
"ref": "P336010.18",
"n": "10'",
"label": "r 10'"}
,
{
"node": "l",
"frag": "[IGI",
"id": "P336010.l06932",
"ref": "P336010.18.1",
"inst": "šību[witness]N",
"sig": "@saao/saa14%akk-x-neoass:IGI=šību[witness//witness]N'N$šību",
"f": {"lang": "akk-x-neoass",
"form": "IGI",
"cf": "šību",
"gw": "witness",
"sense": "witness",
"norm": "šību",
"pos": "N",
"epos": "N"}
}
,
{
"node": "l",
"frag": "{1}x",
"id": "P336010.l06933",
"ref": "P336010.18.2",
"inst": "u",
"f": {"lang": "akk-x-neoass",
"form": "{1}x",
"pos": "u"}
}
,
{
"node": "l",
"frag": "x]+⸢x⸣-a.a",
"id": "P336010.l06934",
"ref": "P336010.18.3",
"inst": "u",
"f": {"lang": "akk-x-neoass",
"form": "x+x-a.a",
"pos": "u"}
}
,
{
"node": "l",
"frag": "{lu₂v}⸢DAM.QAR⸣",
"id": "P336010.l06935",
"ref": "P336010.18.4",
"inst": "tankāru[merchant]N",
"sig": "@saao/saa14%akk-x-neoass:{LU₂}DAM.QAR=tamkāru[merchant//merchant]N'N$tankāru",
"f": {"lang": "akk-x-neoass",
"form": "{LU₂}DAM.QAR",
"cf": "tamkāru",
"gw": "merchant",
"sense": "merchant",
"norm": "tankāru",
"pos": "N",
"epos": "N"}
}
,
{
"node": "d",
"type": "nonx",
"ref": "P336010.19",
"strict": "0",
"extent": "rest",
"state": "missing"}
]}
]}
]}
]}
