{
"type": "cdl",
  "source": "http://oracc.org/saao/saa14",
  "license": "This data is released under the CC0 license",
  "license-url": "https://creativecommons.org/publicdomain/zero/1.0/",
  "more-info": "http://oracc.org/doc/opendata/",
  "UTC-timestamp": "2017-05-19T11:50:18",
"project": "saao/saa14",
"textid": "P336006",
"cdl": [
{
"node": "c",
"type": "text",
"id": "P336006.U0",
"cdl": [
{
"node": "d",
"type": "object",
"ref": ""}
,
{
"node": "d",
"subtype": "obverse",
"type": "surface",
"ref": "P336006.o.1",
"type": "obverse",
"label": "o"}
,
{
"node": "d",
"type": "nonx",
"ref": "P336006.2",
"strict": "0",
"extent": "beginning",
"state": "missing"}
,
{
"node": "c",
"type": "discourse",
"subtype": "body",
"id": "P336006.U1",
"cdl": [
{
"node": "c",
"type": "sentence",
"id": "P336006.U2",
"label": "o 1' - r 2",
"cdl": [
{
"node": "d",
"type": "line-start",
"ref": "P336006.3",
"n": "1'",
"label": "o 1'"}
,
{
"node": "l",
"frag": "GID₂.DA-MEŠ",
"id": "P336006.l042af",
"ref": "P336006.3.1",
"inst": "arkūti[long]AJ",
"sig": "@saao/saa14%akk-x-neoass:GID₂.DA-MEŠ=arku[long//long]AJ'AJ$arkūti",
"f": {"lang": "akk-x-neoass",
"form": "GID₂.DA-MEŠ",
"cf": "arku",
"gw": "long",
"sense": "long",
"norm": "arkūti",
"pos": "AJ",
"epos": "AJ"}
}
,
{
"node": "l",
"frag": "ri-bi-[x",
"id": "P336006.l042b0",
"ref": "P336006.3.2",
"inst": "u",
"f": {"lang": "akk-x-neoass",
"form": "ri-bi-x",
"pos": "u"}
}
,
{
"node": "l",
"frag": "x]+⸢x⸣",
"id": "P336006.l042b1",
"ref": "P336006.3.3",
"inst": "u",
"f": {"lang": "akk-x-neoass",
"form": "x+x",
"pos": "u"}
}
,
{
"node": "d",
"type": "line-start",
"ref": "P336006.4",
"n": "2'",
"label": "o 2'"}
,
{
"node": "l",
"frag": "BA-ša₂",
"id": "P336006.l042b2",
"ref": "P336006.4.1",
"inst": "qiāšu[give]V$iqīaša",
"sig": "@saao/saa14%akk-x-neoass:BA-ša₂=qiāšu[give//give]V'V$iqīaša",
"f": {"lang": "akk-x-neoass",
"form": "BA-ša₂",
"cf": "qiāšu",
"gw": "give",
"sense": "give",
"norm": "iqīaša",
"pos": "V",
"epos": "V"}
}
,
{
"node": "l",
"frag": "a-di",
"id": "P336006.l042b3",
"ref": "P336006.4.2",
"inst": "adi[as long as]SBJ",
"sig": "@saao/saa14%akk-x-neoass:a-di=adi[until//as long as]PRP'SBJ$adi",
"f": {"lang": "akk-x-neoass",
"form": "a-di",
"cf": "adi",
"gw": "until",
"sense": "as long as",
"norm": "adi",
"pos": "PRP",
"epos": "SBJ"}
}
,
{
"node": "l",
"frag": "UD-MEŠ",
"id": "P336006.l042b4",
"ref": "P336006.4.3",
"inst": "ūmāti[day]N",
"sig": "@saao/saa14%akk-x-neoass:UD-MEŠ=ūmu[day//day]N'N$ūmāti",
"f": {"lang": "akk-x-neoass",
"form": "UD-MEŠ",
"cf": "ūmu",
"gw": "day",
"sense": "day",
"norm": "ūmāti",
"pos": "N",
"epos": "N"}
}
,
{
"node": "d",
"subtype": "bottom",
"type": "surface",
"ref": "P336006.b.e..5",
"type": "bottom",
"label": "b.e."}
,
{
"node": "d",
"type": "line-start",
"ref": "P336006.6",
"n": "3'",
"label": "b.e. 3'"}
,
{
"node": "l",
"frag": "ša",
"id": "P336006.l042b5",
"ref": "P336006.6.1",
"inst": "ša[that]REL",
"sig": "@saao/saa14%akk-x-neoass:ša=ša[that//that]REL'REL$ša",
"f": {"lang": "akk-x-neoass",
"form": "ša",
"cf": "ša",
"gw": "that",
"sense": "that",
"norm": "ša",
"pos": "REL",
"epos": "REL"}
}
,
{
"node": "l",
"frag": "{1}{d}PA-MU-PAB",
"id": "P336006.l042b6",
"ref": "P336006.6.2",
"inst": "Nabu-šumu-uṣur[1]PN",
"sig": "@saao/saa14%akk-x-neoass:{1}{d}PA-MU-PAB=Nabu-šumu-uṣur[1//1]PN'PN$Nabu-šumu-uṣur",
"f": {"lang": "akk-x-neoass",
"form": "{1}{d}PA-MU-PAB",
"cf": "Nabu-šumu-uṣur",
"gw": "1",
"sense": "1",
"norm": "Nabu-šumu-uṣur",
"pos": "PN",
"epos": "PN"}
}
,
{
"node": "d",
"type": "line-start",
"ref": "P336006.7",
"n": "4'",
"label": "b.e. 4'"}
,
{
"node": "l",
"frag": "bal-ṭu-u-ni",
"id": "P336006.l042b7",
"ref": "P336006.7.1",
"inst": "balṭūni[alive]AJ",
"sig": "@saao/saa14%akk-x-neoass:bal-ṭu-u-ni=balṭu[living//alive]AJ'AJ$balṭūni",
"f": {"lang": "akk-x-neoass",
"form": "bal-ṭu-u-ni",
"cf": "balṭu",
"gw": "living",
"sense": "alive",
"norm": "balṭūni",
"pos": "AJ",
"epos": "AJ"}
}
,
{
"node": "d",
"subtype": "reverse",
"type": "surface",
"ref": "P336006.r.8",
"type": "reverse",
"label": "r"}
,
{
"node": "d",
"type": "line-start",
"ref": "P336006.9",
"n": "1",
"label": "r 1"}
,
{
"node": "l",
"frag": "i-pa-lu-hu-šu₂",
"id": "P336006.l042b8",
"ref": "P336006.9.1",
"inst": "palāhu[fear//serve]V$ipalluhūšu",
"sig": "@saao/saa14%akk-x-neoass:i-pa-lu-hu-šu₂=palāhu[fear//serve]V'V$ipalluhūšu",
"f": {"lang": "akk-x-neoass",
"form": "i-pa-lu-hu-šu₂",
"cf": "palāhu",
"gw": "fear",
"sense": "serve",
"norm": "ipalluhūšu",
"pos": "V",
"epos": "V"}
}
,
{
"node": "d",
"type": "line-start",
"ref": "P336006.10",
"n": "2",
"label": "r 2"}
,
{
"node": "l",
"frag": "IGI",
"id": "P336006.l042b9",
"ref": "P336006.10.1",
"inst": "šību[witness]N",
"sig": "@saao/saa14%akk-x-neoass:IGI=šību[witness//witness]N'N$šību",
"f": {"lang": "akk-x-neoass",
"form": "IGI",
"cf": "šību",
"gw": "witness",
"sense": "witness",
"norm": "šību",
"pos": "N",
"epos": "N"}
}
,
{
"node": "l",
"frag": "{1}SUHUŠ-{d}IM",
"id": "P336006.l042ba",
"ref": "P336006.10.2",
"inst": "Ubru-Adad[1]PN",
"sig": "@saao/saa14%akk-x-neoass:{1}SUHUŠ-{d}IM=Ubru-Adad[1//1]PN'PN$Ubru-Adad",
"f": {"lang": "akk-x-neoass",
"form": "{1}SUHUŠ-{d}IM",
"cf": "Ubru-Adad",
"gw": "1",
"sense": "1",
"norm": "Ubru-Adad",
"pos": "PN",
"epos": "PN"}
}
,
{
"node": "d",
"type": "nonx",
"ref": "P336006.11",
"strict": "0",
"extent": "rest",
"state": "missing"}
]}
]}
]}
]}
