{
"type": "cdl",
  "source": "http://oracc.org/saao/saa10",
  "license": "This data is released under the CC0 license",
  "license-url": "https://creativecommons.org/publicdomain/zero/1.0/",
  "more-info": "http://oracc.org/doc/opendata/",
  "UTC-timestamp": "2017-05-19T11:42:13",
"project": "saao/saa10",
"textid": "P238025",
"cdl": [
{
"node": "c",
"type": "text",
"id": "P238025.U0",
"cdl": [
{
"node": "d",
"type": "object",
"ref": ""}
,
{
"node": "d",
"subtype": "obverse",
"type": "surface",
"ref": "P238025.o.1",
"type": "obverse",
"label": "o"}
,
{
"node": "c",
"type": "discourse",
"subtype": "body",
"id": "P238025.U1",
"cdl": [
{
"node": "c",
"type": "sentence",
"id": "P238025.U2",
"label": "o 1 - e. 2",
"cdl": [
{
"node": "d",
"type": "line-start",
"ref": "P238025.2",
"n": "1",
"label": "o 1"}
,
{
"node": "l",
"frag": "[a-na]",
"id": "P238025.l040af",
"ref": "P238025.2.1",
"inst": "ana[to]PRP",
"sig": "@saao/saa10%akk-x-neobab:a-na=ana[to//against]PRP'PRP$ana",
"f": {"lang": "akk-x-neobab",
"form": "a-na",
"cf": "ana",
"gw": "to",
"sense": "against",
"norm": "ana",
"pos": "PRP",
"epos": "PRP"}
}
,
{
"node": "l",
"frag": "⸢DUMU⸣-LUGAL",
"id": "P238025.l040b0",
"ref": "P238025.2.2",
"cof-tails": "P238025.l040b1",
"inst": "+māru[son+=crown prince]N$mār&+šarru[king]N$šarri",
"sig": "@saao/saa10%akk-x-neobab:DUMU-LUGAL=māru[son//son]N'N$mār&&@saao/saa10%akk-x-neobab:=šarru[king//king]N'N$šarri",
"f": {"lang": "akk-x-neobab",
"form": "DUMU-LUGAL",
"cf": "māru",
"gw": "son",
"sense": "son",
"norm": "mār",
"pos": "N",
"epos": "N"}
}
,
{
"node": "l",
"frag": "⸢DUMU⸣-LUGAL",
"id": "P238025.l040b1",
"ref": "P238025.2.2",
"cof-head": "P238025.l040b0",
"inst": "+māru[son+=crown prince]N$mār&+šarru[king]N$šarri",
"f": {"lang": "akk-x-neobab",
"form": "DUMU-LUGAL",
"cf": "šarru",
"gw": "king",
"sense": "king",
"norm": "šarri",
"pos": "N",
"epos": "N"}
}
,
{
"node": "l",
"frag": "be-li₂-ia",
"id": "P238025.l040b2",
"ref": "P238025.2.3",
"inst": "bēlīya[lord]N",
"sig": "@saao/saa10%akk-x-neobab:be-li₂-ia=bēlu[lord//lord]N'N$bēlīya",
"f": {"lang": "akk-x-neobab",
"form": "be-li₂-ia",
"cf": "bēlu",
"gw": "lord",
"sense": "lord",
"norm": "bēlīya",
"pos": "N",
"epos": "N"}
}
,
{
"node": "d",
"type": "line-start",
"ref": "P238025.3",
"n": "2",
"label": "o 2"}
,
{
"node": "l",
"frag": "ARAD-ka",
"id": "P238025.l040b3",
"ref": "P238025.3.1",
"inst": "aradka[servant]N",
"sig": "@saao/saa10%akk-x-neobab:ARAD-ka=ardu[slave//servant]N'N$aradka",
"f": {"lang": "akk-x-neobab",
"form": "ARAD-ka",
"cf": "ardu",
"gw": "slave",
"sense": "servant",
"norm": "aradka",
"pos": "N",
"epos": "N"}
}
,
{
"node": "l",
"frag": "{1}TUK-ši-DINGIR",
"id": "P238025.l040b4",
"ref": "P238025.3.2",
"inst": "Raši-ili[1]PN",
"sig": "@saao/saa10%akk-x-neobab:{1}TUK-ši-DINGIR=Raši-ili[1//1]PN'PN$Raši-ili",
"f": {"lang": "akk-x-neobab",
"form": "{1}TUK-ši-DINGIR",
"cf": "Raši-ili",
"gw": "1",
"sense": "1",
"norm": "Raši-ili",
"pos": "PN",
"epos": "PN"}
}
,
{
"node": "l",
"frag": "{d}AG",
"id": "P238025.l040b5",
"ref": "P238025.3.3",
"inst": "Nabu[1]DN",
"sig": "@saao/saa10%akk-x-neobab:{d}AG=Nabu[1//1]DN'DN$Nabu",
"f": {"lang": "akk-x-neobab",
"form": "{d}AG",
"cf": "Nabu",
"gw": "1",
"sense": "1",
"norm": "Nabu",
"pos": "DN",
"epos": "DN"}
}
,
{
"node": "l",
"frag": "[u",
"id": "P238025.l040b6",
"ref": "P238025.3.4",
"inst": "u[and]CNJ",
"sig": "@saao/saa10%akk-x-neobab:u=u[and//and]CNJ'CNJ$u",
"f": {"lang": "akk-x-neobab",
"form": "u",
"cf": "u",
"gw": "and",
"sense": "and",
"norm": "u",
"pos": "CNJ",
"epos": "CNJ"}
}
,
{
"node": "l",
"frag": "{d}AMAR.UTU]",
"id": "P238025.l040b7",
"ref": "P238025.3.5",
"inst": "Marduk[1]DN",
"sig": "@saao/saa10%akk-x-neobab:{d}AMAR.UTU=Marduk[1//1]DN'DN$Marduk",
"f": {"lang": "akk-x-neobab",
"form": "{d}AMAR.UTU",
"cf": "Marduk",
"gw": "1",
"sense": "1",
"norm": "Marduk",
"pos": "DN",
"epos": "DN"}
}
,
{
"node": "d",
"type": "line-start",
"ref": "P238025.4",
"n": "3",
"label": "o 3"}
,
{
"node": "l",
"frag": "a-na",
"id": "P238025.l040b8",
"ref": "P238025.4.1",
"inst": "ana[to]PRP",
"sig": "@saao/saa10%akk-x-neobab:a-na=ana[to//against]PRP'PRP$ana",
"f": {"lang": "akk-x-neobab",
"form": "a-na",
"cf": "ana",
"gw": "to",
"sense": "against",
"norm": "ana",
"pos": "PRP",
"epos": "PRP"}
}
,
{
"node": "l",
"frag": "DUMU-LUGAL",
"id": "P238025.l040b9",
"ref": "P238025.4.2",
"cof-tails": "P238025.l040ba",
"inst": "mār[son]N&šarri[king]N",
"sig": "@saao/saa10%akk-x-neobab:DUMU-LUGAL=māru[son//son]N'N$mār&&@saao/saa10%akk-x-neobab:=šarru[king//king]N'N$šarri",
"f": {"lang": "akk-x-neobab",
"form": "DUMU-LUGAL",
"cf": "māru",
"gw": "son",
"sense": "son",
"norm": "mār",
"pos": "N",
"epos": "N"}
}
,
{
"node": "l",
"frag": "DUMU-LUGAL",
"id": "P238025.l040ba",
"ref": "P238025.4.2",
"cof-head": "P238025.l040b9",
"inst": "mār[son]N&šarri[king]N",
"f": {"lang": "akk-x-neobab",
"form": "DUMU-LUGAL",
"cf": "šarru",
"gw": "king",
"sense": "king",
"norm": "šarri",
"pos": "N",
"epos": "N"}
}
,
{
"node": "l",
"frag": "be-li₂-ia₂",
"id": "P238025.l040bb",
"ref": "P238025.4.3",
"inst": "bēlīya[lord]N",
"sig": "@saao/saa10%akk-x-neobab:be-li₂-ia₂=bēlu[lord//lord]N'N$bēlīya",
"f": {"lang": "akk-x-neobab",
"form": "be-li₂-ia₂",
"cf": "bēlu",
"gw": "lord",
"sense": "lord",
"norm": "bēlīya",
"pos": "N",
"epos": "N"}
}
,
{
"node": "l",
"frag": "lik-ru-bu",
"id": "P238025.l040bc",
"ref": "P238025.4.4",
"inst": "likrubū[bless]V",
"sig": "@saao/saa10%akk-x-neobab:lik-ru-bu=karābu[pray//bless]V'V$likrubū",
"f": {"lang": "akk-x-neobab",
"form": "lik-ru-bu",
"cf": "karābu",
"gw": "pray",
"sense": "bless",
"norm": "likrubū",
"pos": "V",
"epos": "V"}
}
,
{
"node": "d",
"type": "line-start",
"ref": "P238025.5",
"n": "4",
"label": "o 4"}
,
{
"node": "c",
"type": "phrase",
"tag": "phr",
"id": "P238025.U4",
"ref": "P238025.ls00000",
"cdl": [
{
"node": "l",
"frag": "am-mi₃-ni",
"id": "P238025.l040bd",
"ref": "P238025.5.1",
"cof-tails": "P238025.l040be",
"inst": "+ana[to]PRP$&mīnu[what?]QP$mīni",
"sig": "@saao/saa10%akk-x-neobab:am-mi₃-ni=ana[to//to]PRP'PRP$ana&&@saao/saa10%akk-x-neobab:am-mi₃-ni=mīnu[what?//what?]QP'QP$mīni",
"f": {"lang": "akk-x-neobab",
"form": "am-mi₃-ni",
"cf": "ana",
"gw": "to",
"sense": "to",
"norm": "ana",
"pos": "PRP",
"epos": "PRP"}
}
,
{
"node": "l",
"frag": "am-mi₃-ni",
"id": "P238025.l040be",
"ref": "P238025.5.1",
"cof-head": "P238025.l040bd",
"inst": "+ana[to]PRP$&mīnu[what?]QP$mīni",
"f": {"lang": "akk-x-neobab",
"form": "am-mi₃-ni",
"cf": "mīnu",
"gw": "what?",
"sense": "what?",
"norm": "mīni",
"pos": "QP",
"epos": "QP"}
}
]}
,
{
"node": "l",
"frag": "ri-ik-su",
"id": "P238025.l040bf",
"ref": "P238025.5.2",
"inst": "+riksu[binding//contract]N'N$",
"sig": "@saao/saa10%akk-x-neobab:ri-ik-su=riksu[binding//contract]N'N$riksu",
"f": {"lang": "akk-x-neobab",
"form": "ri-ik-su",
"cf": "riksu",
"gw": "binding",
"sense": "contract",
"norm": "riksu",
"pos": "N",
"epos": "N"}
}
,
{
"node": "l",
"frag": "ša₂",
"id": "P238025.l040c0",
"ref": "P238025.5.3",
"inst": "ša[which]REL",
"sig": "@saao/saa10%akk-x-neobab:ša₂=ša[that//which]REL'REL$ša",
"f": {"lang": "akk-x-neobab",
"form": "ša₂",
"cf": "ša",
"gw": "that",
"sense": "which",
"norm": "ša",
"pos": "REL",
"epos": "REL"}
}
,
{
"node": "l",
"frag": "LUGAL",
"id": "P238025.l040c1",
"ref": "P238025.5.4",
"inst": "šarru[king]N",
"sig": "@saao/saa10%akk-x-neobab:LUGAL=šarru[king//king]N'N$šarru",
"f": {"lang": "akk-x-neobab",
"form": "LUGAL",
"cf": "šarru",
"gw": "king",
"sense": "king",
"norm": "šarru",
"pos": "N",
"epos": "N"}
}
,
{
"node": "l",
"frag": "[be-li₂-a]",
"id": "P238025.l040c2",
"ref": "P238025.5.5",
"inst": "bēlā[lord]N",
"sig": "@saao/saa10%akk-x-neobab:be-li₂-a=bēlu[lord//lord]N'N$bēlā",
"f": {"lang": "akk-x-neobab",
"form": "be-li₂-a",
"cf": "bēlu",
"gw": "lord",
"sense": "lord",
"norm": "bēlā",
"pos": "N",
"epos": "N"}
}
,
{
"node": "d",
"type": "line-start",
"ref": "P238025.6",
"n": "5",
"label": "o 5"}
,
{
"node": "l",
"frag": "ir-ku-su",
"id": "P238025.l040c3",
"ref": "P238025.6.1",
"inst": "+rakāsu[bind//conclude]V'V$irkusu",
"sig": "@saao/saa10%akk-x-neobab:ir-ku-su=rakāsu[bind//conclude]V'V$irkusu",
"f": {"lang": "akk-x-neobab",
"form": "ir-ku-su",
"cf": "rakāsu",
"gw": "bind",
"sense": "conclude",
"norm": "irkusu",
"pos": "V",
"epos": "V"}
}
,
{
"node": "l",
"frag": "{1}{d}aš-šur-na-⸢at⸣-[ki-li]",
"id": "P238025.l040c4",
"ref": "P238025.6.2",
"inst": "+Aššur-natkil[]PN$Aššur-natkili",
"sig": "@saao/saa10%akk-x-neobab:{1}{d}aš-šur-na-at-ki-li=Aššur-natkil[1//1]PN'PN$Aššur-natkili",
"f": {"lang": "akk-x-neobab",
"form": "{1}{d}aš-šur-na-at-ki-li",
"cf": "Aššur-natkil",
"gw": "1",
"sense": "1",
"norm": "Aššur-natkili",
"pos": "PN",
"epos": "PN"}
}
,
{
"node": "d",
"type": "line-start",
"ref": "P238025.7",
"n": "6",
"label": "o 6"}
,
{
"node": "c",
"type": "phrase",
"tag": "phr",
"id": "P238025.U5",
"ref": "P238025.ls00001",
"cdl": [
{
"node": "l",
"frag": "{lu₂}GAL-ki-ṣir",
"id": "P238025.l040c5",
"ref": "P238025.7.1",
"cof-tails": "P238025.l040c6",
"inst": "+rabû[big one]N$rab&+kiṣru[knot]N$kiṣir",
"sig": "@saao/saa10%akk-x-neobab:{LU₂}GAL-ki-ṣir=rabû[big one//big one]N'N$rab&&@saao/saa10%akk-x-neobab:{LU₂}GAL-ki-ṣir=kiṣru[knot//knot]N'N$kiṣir",
"f": {"lang": "akk-x-neobab",
"form": "{LU₂}GAL-ki-ṣir",
"cf": "rabû",
"gw": "big one",
"sense": "big one",
"norm": "rab",
"pos": "N",
"epos": "N"}
}
,
{
"node": "l",
"frag": "{lu₂}GAL-ki-ṣir",
"id": "P238025.l040c6",
"ref": "P238025.7.1",
"cof-head": "P238025.l040c5",
"inst": "+rabû[big one]N$rab&+kiṣru[knot]N$kiṣir",
"f": {"lang": "akk-x-neobab",
"form": "{LU₂}GAL-ki-ṣir",
"cf": "kiṣru",
"gw": "knot",
"sense": "knot",
"norm": "kiṣir",
"pos": "N",
"epos": "N"}
}
]}
,
{
"node": "l",
"frag": "ša₂",
"id": "P238025.l040c7",
"ref": "P238025.7.2",
"inst": "ša[of]DET",
"sig": "@saao/saa10%akk-x-neobab:ša₂=ša[of//of]DET'DET$ša",
"f": {"lang": "akk-x-neobab",
"form": "ša₂",
"cf": "ša",
"gw": "of",
"sense": "of",
"norm": "ša",
"pos": "DET",
"epos": "DET"}
}
,
{
"node": "l",
"frag": "{uru}a-di-⸢in⸣",
"id": "P238025.l040c8",
"ref": "P238025.7.3",
"inst": "+Adin[]GN$",
"sig": "@saao/saa10%akk-x-neobab:{URU}a-di-in=Adin[1//1]GN'GN$Adin",
"f": {"lang": "akk-x-neobab",
"form": "{URU}a-di-in",
"cf": "Adin",
"gw": "1",
"sense": "1",
"norm": "Adin",
"pos": "GN",
"epos": "GN"}
}
,
{
"node": "d",
"type": "line-start",
"ref": "P238025.8",
"n": "7",
"label": "o 7"}
,
{
"node": "l",
"frag": "i-na",
"id": "P238025.l040c9",
"ref": "P238025.8.1",
"inst": "ina[with]PRP",
"sig": "@saao/saa10%akk-x-neobab:i-na=ina[in//with]PRP'PRP$ina",
"f": {"lang": "akk-x-neobab",
"form": "i-na",
"cf": "ina",
"gw": "in",
"sense": "with",
"norm": "ina",
"pos": "PRP",
"epos": "PRP"}
}
,
{
"node": "l",
"frag": "ram-ni-[šu]",
"id": "P238025.l040ca",
"ref": "P238025.8.2",
"inst": "+ramānu[self]N$ramnīšu",
"sig": "@saao/saa10%akk-x-neobab:ram-ni-šu=ramānu[self//self]N'N$ramnīšu",
"f": {"lang": "akk-x-neobab",
"form": "ram-ni-šu",
"cf": "ramānu",
"gw": "self",
"sense": "self",
"norm": "ramnīšu",
"pos": "N",
"epos": "N"}
}
,
{
"node": "l",
"frag": "i-paṭ-ṭar",
"id": "P238025.l040cb",
"ref": "P238025.8.3",
"inst": "+paṭāru[loosen//dissolve]V'V$ipaṭṭar",
"sig": "@saao/saa10%akk-x-neobab:i-paṭ-ṭar=paṭāru[loosen//dissolve]V'V$ipaṭṭar",
"f": {"lang": "akk-x-neobab",
"form": "i-paṭ-ṭar",
"cf": "paṭāru",
"gw": "loosen",
"sense": "dissolve",
"norm": "ipaṭṭar",
"pos": "V",
"epos": "V"}
}
,
{
"node": "d",
"type": "line-start",
"ref": "P238025.9",
"n": "8",
"label": "o 8"}
,
{
"node": "l",
"frag": "02",
"id": "P238025.l040cc",
"ref": "P238025.9.1",
"inst": "n",
"f": {"lang": "akk-x-neobab",
"form": "02",
"pos": "n"}
}
,
{
"node": "l",
"frag": "{anše}KUR.RA",
"id": "P238025.l040cd",
"ref": "P238025.9.2",
"inst": "sīsû[horse]N",
"sig": "@saao/saa10%akk-x-neobab:{ANŠE}KUR.RA=sisû[horse//horse]N'N$sīsû",
"f": {"lang": "akk-x-neobab",
"form": "{ANŠE}KUR.RA",
"cf": "sisû",
"gw": "horse",
"sense": "horse",
"norm": "sīsû",
"pos": "N",
"epos": "N"}
}
,
{
"node": "l",
"frag": "{lu₂}er-re-še-e",
"id": "P238025.l040ce",
"ref": "P238025.9.3",
"inst": "+errēšu[cultivator//tenant farmer]N'N$errēšē",
"sig": "@saao/saa10%akk-x-neobab:{LU₂}er-re-še-e=errēšu[cultivator//tenant farmer]N'N$errēšē",
"f": {"lang": "akk-x-neobab",
"form": "{LU₂}er-re-še-e",
"cf": "errēšu",
"gw": "cultivator",
"sense": "tenant farmer",
"norm": "errēšē",
"pos": "N",
"epos": "N"}
}
,
{
"node": "d",
"subtype": "bottom",
"type": "surface",
"ref": "P238025.b.e..10",
"type": "bottom",
"label": "b.e."}
,
{
"node": "d",
"type": "line-start",
"ref": "P238025.11",
"n": "9",
"label": "b.e. 9"}
,
{
"node": "l",
"frag": "i-na",
"id": "P238025.l040cf",
"ref": "P238025.11.1",
"inst": "ina[in]PRP",
"sig": "@saao/saa10%akk-x-neobab:i-na=ina[in//in]PRP'PRP$ina",
"f": {"lang": "akk-x-neobab",
"form": "i-na",
"cf": "ina",
"gw": "in",
"sense": "in",
"norm": "ina",
"pos": "PRP",
"epos": "PRP"}
}
,
{
"node": "l",
"frag": "ŠA₃-bi",
"id": "P238025.l040d0",
"ref": "P238025.11.2",
"inst": "libbi[interior]N",
"sig": "@saao/saa10%akk-x-neobab:ŠA₃-bi=libbu[interior//interior]N'N$libbi",
"f": {"lang": "akk-x-neobab",
"form": "ŠA₃-bi",
"cf": "libbu",
"gw": "interior",
"sense": "interior",
"norm": "libbi",
"pos": "N",
"epos": "N"}
}
,
{
"node": "l",
"frag": "A.ŠA₃-ia",
"id": "P238025.l040d1",
"ref": "P238025.11.3",
"inst": "+eqlu[field]N$eqlīya",
"sig": "@saao/saa10%akk-x-neobab:A.ŠA₃-ia=eqlu[field//field]N'N$eqlīya",
"f": {"lang": "akk-x-neobab",
"form": "A.ŠA₃-ia",
"cf": "eqlu",
"gw": "field",
"sense": "field",
"norm": "eqlīya",
"pos": "N",
"epos": "N"}
}
,
{
"node": "d",
"type": "line-start",
"ref": "P238025.12",
"n": "10",
"label": "b.e. 10"}
,
{
"node": "l",
"frag": "i-te-er-šu",
"id": "P238025.l040d2",
"ref": "P238025.12.1",
"inst": "+erēšu[sow//cultivate]V'V$īteršū",
"sig": "@saao/saa10%akk-x-neobab:i-te-er-šu=erēšu[sow//cultivate]V'V$īteršū",
"f": {"lang": "akk-x-neobab",
"form": "i-te-er-šu",
"cf": "erēšu",
"gw": "sow",
"sense": "cultivate",
"norm": "īteršū",
"pos": "V",
"epos": "V"}
}
,
{
"node": "l",
"frag": "02",
"id": "P238025.l040d3",
"ref": "P238025.12.2",
"inst": "n",
"f": {"lang": "akk-x-neobab",
"form": "02",
"pos": "n"}
}
,
{
"node": "l",
"frag": "{lu₂}TUR-ME-ia₂",
"id": "P238025.l040d4",
"ref": "P238025.12.3",
"inst": "+ṣehru[small//apprentice]AJ'N$ṣehrānīya",
"sig": "@saao/saa10%akk-x-neobab:{LU₂}TUR-ME-ia₂=ṣehru[small//apprentice]AJ'N$ṣehrānīya",
"f": {"lang": "akk-x-neobab",
"form": "{LU₂}TUR-ME-ia₂",
"cf": "ṣehru",
"gw": "small",
"sense": "apprentice",
"norm": "ṣehrānīya",
"pos": "AJ",
"epos": "N"}
}
,
{
"node": "d",
"subtype": "reverse",
"type": "surface",
"ref": "P238025.r.13",
"type": "reverse",
"label": "r"}
,
{
"node": "d",
"type": "line-start",
"ref": "P238025.14",
"n": "1",
"label": "r 1"}
,
{
"node": "l",
"frag": "a-na",
"id": "P238025.l040d5",
"ref": "P238025.14.1",
"inst": "ana[to]PRP",
"sig": "@saao/saa10%akk-x-neobab:a-na=ana[to//against]PRP'PRP$ana",
"f": {"lang": "akk-x-neobab",
"form": "a-na",
"cf": "ana",
"gw": "to",
"sense": "against",
"norm": "ana",
"pos": "PRP",
"epos": "PRP"}
}
,
{
"node": "l",
"frag": "ŠA₃-bi",
"id": "P238025.l040d6",
"ref": "P238025.14.2",
"inst": "libbi[interior]N",
"sig": "@saao/saa10%akk-x-neobab:ŠA₃-bi=libbu[interior//interior]N'N$libbi",
"f": {"lang": "akk-x-neobab",
"form": "ŠA₃-bi",
"cf": "libbu",
"gw": "interior",
"sense": "interior",
"norm": "libbi",
"pos": "N",
"epos": "N"}
}
,
{
"node": "l",
"frag": "al-ta-par",
"id": "P238025.l040d7",
"ref": "P238025.14.3",
"inst": "altapar[send]V",
"sig": "@saao/saa10%akk-x-neobab:al-ta-par=šapāru[send//send]V'V$altapar",
"f": {"lang": "akk-x-neobab",
"form": "al-ta-par",
"cf": "šapāru",
"gw": "send",
"sense": "send",
"norm": "altapar",
"pos": "V",
"epos": "V"}
}
,
{
"node": "d",
"type": "line-start",
"ref": "P238025.15",
"n": "2",
"label": "r 2"}
,
{
"node": "l",
"frag": "{1}{d}aš-šur-na-at-ki-li",
"id": "P238025.l040d8",
"ref": "P238025.15.1",
"inst": "Aššur-natkili[1]PN",
"sig": "@saao/saa10%akk-x-neobab:{1}{d}aš-šur-na-at-ki-li=Aššur-natkil[1//1]PN'PN$Aššur-natkili",
"f": {"lang": "akk-x-neobab",
"form": "{1}{d}aš-šur-na-at-ki-li",
"cf": "Aššur-natkil",
"gw": "1",
"sense": "1",
"norm": "Aššur-natkili",
"pos": "PN",
"epos": "PN"}
}
,
{
"node": "d",
"type": "line-start",
"ref": "P238025.16",
"n": "3",
"label": "r 3"}
,
{
"node": "l",
"frag": "ki-i",
"id": "P238025.l040d9",
"ref": "P238025.16.1",
"inst": "kî[that]'SBJ",
"sig": "@saao/saa10%akk-x-neobab:ki-i=kī[like//that]PRP'SBJ$kî",
"f": {"lang": "akk-x-neobab",
"form": "ki-i",
"cf": "kī",
"gw": "like",
"sense": "that",
"norm": "kî",
"pos": "PRP",
"epos": "SBJ"}
}
,
{
"node": "l",
"frag": "u₂-ṣab-bi-tu",
"id": "P238025.l040da",
"ref": "P238025.16.2",
"inst": "+ṣabātu[seize]V$uṣabbitu",
"sig": "@saao/saa10%akk-x-neobab:u₂-ṣab-bi-tu=ṣabātu[seize//seize]V'V$uṣabbitu",
"f": {"lang": "akk-x-neobab",
"form": "u₂-ṣab-bi-tu",
"cf": "ṣabātu",
"gw": "seize",
"sense": "seize",
"norm": "uṣabbitu",
"pos": "V",
"epos": "V"}
}
,
{
"node": "d",
"type": "line-start",
"ref": "P238025.17",
"n": "4",
"label": "r 4"}
,
{
"node": "l",
"frag": "i-na",
"id": "P238025.l040db",
"ref": "P238025.17.1",
"inst": "+ina[in//into]PRP'PRP$",
"sig": "@saao/saa10%akk-x-neobab:i-na=ina[in//into]PRP'PRP$ina",
"f": {"lang": "akk-x-neobab",
"form": "i-na",
"cf": "ina",
"gw": "in",
"sense": "into",
"norm": "ina",
"pos": "PRP",
"epos": "PRP"}
}
,
{
"node": "l",
"frag": "ki-li",
"id": "P238025.l040dc",
"ref": "P238025.17.2",
"inst": "+kīlu[enclosure//prison]N'N$kīli",
"sig": "@saao/saa10%akk-x-neobab:ki-li=kīlu[enclosure//prison]N'N$kīli",
"f": {"lang": "akk-x-neobab",
"form": "ki-li",
"cf": "kīlu",
"gw": "enclosure",
"sense": "prison",
"norm": "kīli",
"pos": "N",
"epos": "N"}
}
,
{
"node": "l",
"frag": "it-ta-suk",
"id": "P238025.l040dd",
"ref": "P238025.17.3",
"inst": "+nasāku[throw (down)]V$ittasuk",
"sig": "@saao/saa10%akk-x-neobab:it-ta-suk=nasāku[throw (down)//throw (down)]V'V$ittasuk",
"f": {"lang": "akk-x-neobab",
"form": "it-ta-suk",
"cf": "nasāku",
"gw": "throw (down)",
"sense": "throw (down)",
"norm": "ittasuk",
"pos": "V",
"epos": "V"}
}
,
{
"node": "d",
"type": "line-start",
"ref": "P238025.18",
"n": "5",
"label": "r 5"}
,
{
"node": "l",
"frag": "{še}BAR",
"id": "P238025.l040de",
"ref": "P238025.18.1",
"inst": "uṭṭata[barley]N",
"sig": "@saao/saa10%akk-x-neobab:{ŠE}BAR=uṭṭatu[grain//barley]N'N$uṭṭata",
"f": {"lang": "akk-x-neobab",
"form": "{ŠE}BAR",
"cf": "uṭṭatu",
"gw": "grain",
"sense": "barley",
"norm": "uṭṭata",
"pos": "N",
"epos": "N"}
}
,
{
"node": "l",
"frag": "⸢x⸣-ba",
"id": "P238025.l040df",
"ref": "P238025.18.2",
"inst": "u",
"f": {"lang": "akk-x-neobab",
"form": "x-ba",
"pos": "u"}
}
,
{
"node": "l",
"frag": "uh-tal-liq",
"id": "P238025.l040e0",
"ref": "P238025.18.3",
"inst": "+halāqu[be(come) lost//destroy]V'V$uhtalliq",
"sig": "@saao/saa10%akk-x-neobab:uh-tal-liq=halāqu[be(come) lost//destroy]V'V$uhtalliq",
"f": {"lang": "akk-x-neobab",
"form": "uh-tal-liq",
"cf": "halāqu",
"gw": "be(come) lost",
"sense": "destroy",
"norm": "uhtalliq",
"pos": "V",
"epos": "V"}
}
,
{
"node": "d",
"type": "line-start",
"ref": "P238025.19",
"n": "6",
"label": "r 6"}
,
{
"node": "l",
"frag": "u₃",
"id": "P238025.l040e1",
"ref": "P238025.19.1",
"inst": "u[and]CNJ",
"sig": "@saao/saa10%akk-x-neobab:u₃=u[and//and]CNJ'CNJ$u",
"f": {"lang": "akk-x-neobab",
"form": "u₃",
"cf": "u",
"gw": "and",
"sense": "and",
"norm": "u",
"pos": "CNJ",
"epos": "CNJ"}
}
,
{
"node": "l",
"frag": "{⸢lu₂⸣}TUR-ME-ia-a-ma",
"id": "P238025.l040e2",
"ref": "P238025.19.2",
"inst": "+ṣehru[small//apprentice]AJ'N$ṣehrānīyāma",
"sig": "@saao/saa10%akk-x-neobab:{LU₂}TUR-ME-ia-a-ma=ṣehru[small//apprentice]AJ'N$ṣehrānīyāma",
"f": {"lang": "akk-x-neobab",
"form": "{LU₂}TUR-ME-ia-a-ma",
"cf": "ṣehru",
"gw": "small",
"sense": "apprentice",
"norm": "ṣehrānīyāma",
"pos": "AJ",
"epos": "N"}
}
,
{
"node": "l",
"frag": "ina",
"id": "P238025.l040e3",
"ref": "P238025.19.3",
"inst": "ina[in]PRP",
"sig": "@saao/saa10%akk-x-neobab:ina=ina[in//in]PRP'PRP$ina",
"f": {"lang": "akk-x-neobab",
"form": "ina",
"cf": "ina",
"gw": "in",
"sense": "in",
"norm": "ina",
"pos": "PRP",
"epos": "PRP"}
}
,
{
"node": "l",
"frag": "ŠA₃-bi",
"id": "P238025.l040e4",
"ref": "P238025.19.4",
"inst": "libbi[interior]N",
"sig": "@saao/saa10%akk-x-neobab:ŠA₃-bi=libbu[interior//interior]N'N$libbi",
"f": {"lang": "akk-x-neobab",
"form": "ŠA₃-bi",
"cf": "libbu",
"gw": "interior",
"sense": "interior",
"norm": "libbi",
"pos": "N",
"epos": "N"}
}
,
{
"node": "d",
"type": "line-start",
"ref": "P238025.20",
"n": "7",
"label": "r 7"}
,
{
"node": "l",
"frag": "[x",
"id": "P238025.l040e5",
"ref": "P238025.20.1",
"inst": "u",
"f": {"lang": "akk-x-neobab",
"form": "x",
"pos": "u"}
}
,
{
"node": "l",
"frag": "x]",
"id": "P238025.l040e6",
"ref": "P238025.20.2",
"inst": "u",
"f": {"lang": "akk-x-neobab",
"form": "x",
"pos": "u"}
}
,
{
"node": "l",
"frag": "⸢il⸣-tak-nu",
"id": "P238025.l040e7",
"ref": "P238025.20.3",
"inst": "iltaknū[place]V",
"sig": "@saao/saa10%akk-x-neobab:il-tak-nu=šakānu[put//place]V'V$iltaknū",
"f": {"lang": "akk-x-neobab",
"form": "il-tak-nu",
"cf": "šakānu",
"gw": "put",
"sense": "place",
"norm": "iltaknū",
"pos": "V",
"epos": "V"}
}
,
{
"node": "l",
"frag": "ṭa-ab-te",
"id": "P238025.l040e8",
"ref": "P238025.20.4",
"inst": "+ṭābtu[goodness//favour]N'N$ṭābtē",
"sig": "@saao/saa10%akk-x-neobab:ṭa-ab-te=ṭābtu[goodness//favour]N'N$ṭābtē",
"f": {"lang": "akk-x-neobab",
"form": "ṭa-ab-te",
"cf": "ṭābtu",
"gw": "goodness",
"sense": "favour",
"norm": "ṭābtē",
"pos": "N",
"epos": "N"}
}
,
{
"node": "d",
"type": "line-start",
"ref": "P238025.21",
"n": "8",
"label": "r 8"}
,
{
"node": "l",
"frag": "[x",
"id": "P238025.l040e9",
"ref": "P238025.21.1",
"inst": "u",
"f": {"lang": "akk-x-neobab",
"form": "x",
"pos": "u"}
}
,
{
"node": "l",
"frag": "x",
"id": "P238025.l040ea",
"ref": "P238025.21.2",
"inst": "u",
"f": {"lang": "akk-x-neobab",
"form": "x",
"pos": "u"}
}
,
{
"node": "l",
"frag": "x]",
"id": "P238025.l040eb",
"ref": "P238025.21.3",
"inst": "u",
"f": {"lang": "akk-x-neobab",
"form": "x",
"pos": "u"}
}
,
{
"node": "l",
"frag": "ki-i",
"id": "P238025.l040ec",
"ref": "P238025.21.4",
"inst": "kî[if]'MOD",
"sig": "@saao/saa10%akk-x-neobab:ki-i=kī[like//if]PRP'MOD$kî",
"f": {"lang": "akk-x-neobab",
"form": "ki-i",
"cf": "kī",
"gw": "like",
"sense": "if",
"norm": "kî",
"pos": "PRP",
"epos": "MOD"}
}
,
{
"node": "l",
"frag": "ina",
"id": "P238025.l040ed",
"ref": "P238025.21.5",
"inst": "ina[in]PRP",
"sig": "@saao/saa10%akk-x-neobab:ina=ina[in//in]PRP'PRP$ina",
"f": {"lang": "akk-x-neobab",
"form": "ina",
"cf": "ina",
"gw": "in",
"sense": "in",
"norm": "ina",
"pos": "PRP",
"epos": "PRP"}
}
,
{
"node": "l",
"frag": "pa-ni",
"id": "P238025.l040ee",
"ref": "P238025.21.6",
"inst": "pāni[front]N",
"sig": "@saao/saa10%akk-x-neobab:pa-ni=pānu[front//front]N'N$pāni",
"f": {"lang": "akk-x-neobab",
"form": "pa-ni",
"cf": "pānu",
"gw": "front",
"sense": "front",
"norm": "pāni",
"pos": "N",
"epos": "N"}
}
,
{
"node": "l",
"frag": "[LUGAL]",
"id": "P238025.l040ef",
"ref": "P238025.21.7",
"inst": "šarri[king]N",
"sig": "@saao/saa10%akk-x-neobab:LUGAL=šarru[king//king]N'N$šarri",
"f": {"lang": "akk-x-neobab",
"form": "LUGAL",
"cf": "šarru",
"gw": "king",
"sense": "king",
"norm": "šarri",
"pos": "N",
"epos": "N"}
}
,
{
"node": "d",
"subtype": "right",
"type": "surface",
"ref": "P238025.r.e..22",
"type": "right",
"label": "r.e."}
,
{
"node": "d",
"type": "line-start",
"ref": "P238025.23",
"n": "9",
"label": "r.e. 9"}
,
{
"node": "l",
"frag": "[mah-ru]",
"id": "P238025.l040f0",
"ref": "P238025.23.1",
"inst": "mahru[acceptable]AJ",
"sig": "@saao/saa10%akk-x-neobab:mah-ru=mahru[received//acceptable]AJ'AJ$mahru",
"f": {"lang": "akk-x-neobab",
"form": "mah-ru",
"cf": "mahru",
"gw": "received",
"sense": "acceptable",
"norm": "mahru",
"pos": "AJ",
"epos": "AJ"}
}
,
{
"node": "l",
"frag": "⸢an⸣-nu-⸢ti⸣",
"id": "P238025.l040f1",
"ref": "P238025.23.2",
"inst": "annūti[this]DP",
"sig": "@saao/saa10%akk-x-neobab:an-nu-ti=annû[this//this]DP'DP$annūti",
"f": {"lang": "akk-x-neobab",
"form": "an-nu-ti",
"cf": "annû",
"gw": "this",
"sense": "this",
"norm": "annūti",
"pos": "DP",
"epos": "DP"}
}
,
{
"node": "l",
"frag": "[x",
"id": "P238025.l040f2",
"ref": "P238025.23.3",
"inst": "u",
"f": {"lang": "akk-x-neobab",
"form": "x",
"pos": "u"}
}
,
{
"node": "l",
"frag": "x]",
"id": "P238025.l040f3",
"ref": "P238025.23.4",
"inst": "u",
"f": {"lang": "akk-x-neobab",
"form": "x",
"pos": "u"}
}
,
{
"node": "d",
"type": "line-start",
"ref": "P238025.24",
"n": "10",
"label": "r.e. 10"}
,
{
"node": "l",
"frag": "[x",
"id": "P238025.l040f4",
"ref": "P238025.24.1",
"inst": "u",
"f": {"lang": "akk-x-neobab",
"form": "x",
"pos": "u"}
}
,
{
"node": "l",
"frag": "x",
"id": "P238025.l040f5",
"ref": "P238025.24.2",
"inst": "u",
"f": {"lang": "akk-x-neobab",
"form": "x",
"pos": "u"}
}
,
{
"node": "l",
"frag": "x]",
"id": "P238025.l040f6",
"ref": "P238025.24.3",
"inst": "u",
"f": {"lang": "akk-x-neobab",
"form": "x",
"pos": "u"}
}
,
{
"node": "l",
"frag": "⸢i⸣-ba-ši",
"id": "P238025.l040f7",
"ref": "P238025.24.4",
"inst": "+bašû[exist]V$ibašši",
"sig": "@saao/saa10%akk-x-neobab:i-ba-ši=bašû[exist//exist]V'V$ibašši",
"f": {"lang": "akk-x-neobab",
"form": "i-ba-ši",
"cf": "bašû",
"gw": "exist",
"sense": "exist",
"norm": "ibašši",
"pos": "V",
"epos": "V"}
}
,
{
"node": "l",
"frag": "[x",
"id": "P238025.l040f8",
"ref": "P238025.24.5",
"inst": "u",
"f": {"lang": "akk-x-neobab",
"form": "x",
"pos": "u"}
}
,
{
"node": "l",
"frag": "x]",
"id": "P238025.l040f9",
"ref": "P238025.24.6",
"inst": "u",
"f": {"lang": "akk-x-neobab",
"form": "x",
"pos": "u"}
}
,
{
"node": "d",
"type": "line-start",
"ref": "P238025.25",
"n": "11",
"label": "r.e. 11"}
,
{
"node": "l",
"frag": "[x",
"id": "P238025.l040fa",
"ref": "P238025.25.1",
"inst": "u",
"f": {"lang": "akk-x-neobab",
"form": "x",
"pos": "u"}
}
,
{
"node": "l",
"frag": "x",
"id": "P238025.l040fb",
"ref": "P238025.25.2",
"inst": "u",
"f": {"lang": "akk-x-neobab",
"form": "x",
"pos": "u"}
}
,
{
"node": "l",
"frag": "x]+⸢x⸣-ma-na",
"id": "P238025.l040fc",
"ref": "P238025.25.3",
"inst": "u",
"f": {"lang": "akk-x-neobab",
"form": "x+x-ma-na",
"pos": "u"}
}
,
{
"node": "l",
"frag": "gab-[bi",
"id": "P238025.l040fd",
"ref": "P238025.25.4",
"inst": "gabbi[all]N",
"sig": "@saao/saa10%akk-x-neobab:gab-bi=gabbu[totality//all]N'N$gabbi",
"f": {"lang": "akk-x-neobab",
"form": "gab-bi",
"cf": "gabbu",
"gw": "totality",
"sense": "all",
"norm": "gabbi",
"pos": "N",
"epos": "N"}
}
,
{
"node": "l",
"frag": "x",
"id": "P238025.l040fe",
"ref": "P238025.25.5",
"inst": "u",
"f": {"lang": "akk-x-neobab",
"form": "x",
"pos": "u"}
}
,
{
"node": "l",
"frag": "x]",
"id": "P238025.l040ff",
"ref": "P238025.25.6",
"inst": "u",
"f": {"lang": "akk-x-neobab",
"form": "x",
"pos": "u"}
}
,
{
"node": "d",
"subtype": "edge",
"type": "surface",
"ref": "P238025.e..26",
"type": "edge",
"label": "e."}
,
{
"node": "d",
"type": "line-start",
"ref": "P238025.27",
"n": "1",
"label": "e. 1"}
,
{
"node": "l",
"frag": "ša₂",
"id": "P238025.l04100",
"ref": "P238025.27.1",
"inst": "ša[of]DET",
"sig": "@saao/saa10%akk-x-neobab:ša₂=ša[of//of]DET'DET$ša",
"f": {"lang": "akk-x-neobab",
"form": "ša₂",
"cf": "ša",
"gw": "of",
"sense": "of",
"norm": "ša",
"pos": "DET",
"epos": "DET"}
}
,
{
"node": "l",
"frag": "{1}TUK-ši-DINGIR",
"id": "P238025.l04101",
"ref": "P238025.27.2",
"inst": "Raši-ili[1]PN",
"sig": "@saao/saa10%akk-x-neobab:{1}TUK-ši-DINGIR=Raši-ili[1//1]PN'PN$Raši-ili",
"f": {"lang": "akk-x-neobab",
"form": "{1}TUK-ši-DINGIR",
"cf": "Raši-ili",
"gw": "1",
"sense": "1",
"norm": "Raši-ili",
"pos": "PN",
"epos": "PN"}
}
,
{
"node": "d",
"type": "line-start",
"ref": "P238025.28",
"n": "2",
"label": "e. 2"}
,
{
"node": "l",
"frag": "DUMU",
"id": "P238025.l04102",
"ref": "P238025.28.1",
"inst": "mār[son]N",
"sig": "@saao/saa10%akk-x-neobab:DUMU=māru[son//son]N'N$mār",
"f": {"lang": "akk-x-neobab",
"form": "DUMU",
"cf": "māru",
"gw": "son",
"sense": "son",
"norm": "mār",
"pos": "N",
"epos": "N"}
}
,
{
"node": "l",
"frag": "{1}nu-ur-⸢za⸣-[nu]",
"id": "P238025.l04103",
"ref": "P238025.28.2",
"inst": "+Nurzanu[]PN$",
"sig": "@saao/saa10%akk-x-neobab:{1}nu-ur-za-nu=Nurzanu[1//1]PN'PN$Nurzanu",
"f": {"lang": "akk-x-neobab",
"form": "{1}nu-ur-za-nu",
"cf": "Nurzanu",
"gw": "1",
"sense": "1",
"norm": "Nurzanu",
"pos": "PN",
"epos": "PN"}
}
]}
]}
]}
,
{
"linkbase": [{
"type": "linkset",
"xlink_title": "ana mīni[why?//why?]QP'QP",
"id": "P238025.ls00000",
"xlink_type": "extended",
"xlink_role": "psu",
"sig": "{ana[to]PRP mīnu[what?]QP += ana mīni[why?//why?]QP'QP}::@saao%akk-x-neobab:am-mi₃-ni=ana[to//to]PRP'PRP$ana++@saao%akk-x-neobab:am-mi₃-ni=mīnu[what?//what?]QP'QP$mīni",
"links": [
{
"type": "link",
"xlink_title": "ana",
"xlink_type": "locator",
"xlink_href": "#P238025.l040bd",
"xlink_role": "elt"}
,
{
"type": "link",
"xlink_title": "mīnu",
"xlink_type": "locator",
"xlink_href": "#P238025.l040be",
"xlink_role": "elt"}
]}
,
{
"type": "linkset",
"xlink_title": "rab kiṣri[centurion//cohort commander]N'N",
"id": "P238025.ls00001",
"xlink_type": "extended",
"xlink_role": "psu",
"sig": "{{LU₂}GAL-ki-ṣir-MEŠ = rabû[big one]N kiṣru[knot]N += rab kiṣri[centurion//cohort commander]N'N}::@saao/saa10%akk-x-neobab:{LU₂}GAL-ki-ṣir-MEŠ=rabû[big one//big one]N'N$rab++@saao/saa10%akk-x-neobab:{LU₂}GAL-ki-ṣir-MEŠ=kiṣru[knot//knot]N'N$kiṣrāni",
"links": [
{
"type": "link",
"xlink_title": "rabû",
"xlink_type": "locator",
"xlink_href": "#P238025.l040c5",
"xlink_role": "elt"}
,
{
"type": "link",
"xlink_title": "kiṣru",
"xlink_type": "locator",
"xlink_href": "#P238025.l040c6",
"xlink_role": "elt"}
]}
]}
]}
