{
"type": "cdl",
  "source": "http://oracc.org/saao/saa10",
  "license": "This data is released under the CC0 license",
  "license-url": "https://creativecommons.org/publicdomain/zero/1.0/",
  "more-info": "http://oracc.org/doc/opendata/",
  "UTC-timestamp": "2017-05-19T11:42:19",
"project": "saao/saa10",
"textid": "P313536",
"cdl": [
{
"node": "c",
"type": "text",
"id": "P313536.U0",
"cdl": [
{
"node": "d",
"type": "object",
"ref": ""}
,
{
"node": "d",
"subtype": "obverse",
"type": "surface",
"ref": "P313536.o.1",
"type": "obverse",
"label": "o"}
,
{
"node": "d",
"type": "nonx",
"ref": "P313536.2",
"strict": "0",
"extent": "beginning",
"state": "missing"}
,
{
"node": "c",
"type": "discourse",
"subtype": "body",
"id": "P313536.U1",
"cdl": [
{
"node": "c",
"type": "sentence",
"id": "P313536.U2",
"label": "o 1' - o 7'",
"cdl": [
{
"node": "d",
"type": "line-start",
"ref": "P313536.3",
"n": "1'",
"label": "o 1'"}
,
{
"node": "l",
"frag": "[x",
"id": "P313536.l098eb",
"ref": "P313536.3.1",
"inst": "u",
"f": {"lang": "akk-x-neoass",
"form": "x",
"pos": "u"}
}
,
{
"node": "l",
"frag": "x]+⸢x⸣+[x",
"id": "P313536.l098ec",
"ref": "P313536.3.2",
"inst": "u",
"f": {"lang": "akk-x-neoass",
"form": "x+x+x",
"pos": "u"}
}
,
{
"node": "l",
"frag": "x",
"id": "P313536.l098ed",
"ref": "P313536.3.3",
"inst": "u",
"f": {"lang": "akk-x-neoass",
"form": "x",
"pos": "u"}
}
,
{
"node": "l",
"frag": "x",
"id": "P313536.l098ee",
"ref": "P313536.3.4",
"inst": "u",
"f": {"lang": "akk-x-neoass",
"form": "x",
"pos": "u"}
}
,
{
"node": "l",
"frag": "x]",
"id": "P313536.l098ef",
"ref": "P313536.3.5",
"inst": "u",
"f": {"lang": "akk-x-neoass",
"form": "x",
"pos": "u"}
}
,
{
"node": "l",
"frag": "a",
"id": "P313536.l098f0",
"ref": "P313536.3.6",
"inst": "u",
"f": {"lang": "akk-x-neoass",
"form": "a",
"pos": "u"}
}
,
{
"node": "l",
"frag": "⸢x⸣+[x",
"id": "P313536.l098f1",
"ref": "P313536.3.7",
"inst": "u",
"f": {"lang": "akk-x-neoass",
"form": "x+x",
"pos": "u"}
}
,
{
"node": "l",
"frag": "x",
"id": "P313536.l098f2",
"ref": "P313536.3.8",
"inst": "u",
"f": {"lang": "akk-x-neoass",
"form": "x",
"pos": "u"}
}
,
{
"node": "l",
"frag": "x",
"id": "P313536.l098f3",
"ref": "P313536.3.9",
"inst": "u",
"f": {"lang": "akk-x-neoass",
"form": "x",
"pos": "u"}
}
,
{
"node": "l",
"frag": "x",
"id": "P313536.l098f4",
"ref": "P313536.3.10",
"inst": "u",
"f": {"lang": "akk-x-neoass",
"form": "x",
"pos": "u"}
}
,
{
"node": "l",
"frag": "x]",
"id": "P313536.l098f5",
"ref": "P313536.3.11",
"inst": "u",
"f": {"lang": "akk-x-neoass",
"form": "x",
"pos": "u"}
}
,
{
"node": "d",
"type": "line-start",
"ref": "P313536.4",
"n": "2'",
"label": "o 2'"}
,
{
"node": "l",
"frag": "[i-qab]-bu-niš-šu₂",
"id": "P313536.l098f6",
"ref": "P313536.4.1",
"inst": "iqabbûniššu[say]V",
"sig": "@saao/saa10%akk-x-neoass:i-qab-bu-niš-šu₂=qabû[say//say]V'V$iqabbûniššu",
"f": {"lang": "akk-x-neoass",
"form": "i-qab-bu-niš-šu₂",
"cf": "qabû",
"gw": "say",
"sense": "say",
"norm": "iqabbûniššu",
"pos": "V",
"epos": "V"}
}
,
{
"node": "l",
"frag": "DUMU",
"id": "P313536.l098f7",
"ref": "P313536.4.2",
"inst": "mār[son]N",
"sig": "@saao/saa10%akk-x-neoass:DUMU=māru[son//son]N'N$mār",
"f": {"lang": "akk-x-neoass",
"form": "DUMU",
"cf": "māru",
"gw": "son",
"sense": "son",
"norm": "mār",
"pos": "N",
"epos": "N"}
}
,
{
"node": "l",
"frag": "[KA₂].DINGIR.⸢RA⸣{[ki]}",
"id": "P313536.l098f8",
"ref": "P313536.4.3",
"inst": "Babili[Babylon]GN",
"sig": "@saao/saa10%akk-x-neoass:KA₂.DINGIR.RA{KI}=Babili[Babylon//Babylon]GN'GN$Babili",
"f": {"lang": "akk-x-neoass",
"form": "KA₂.DINGIR.RA{KI}",
"cf": "Babili",
"gw": "Babylon",
"sense": "Babylon",
"norm": "Babili",
"pos": "GN",
"epos": "GN"}
}
,
{
"node": "d",
"type": "line-start",
"ref": "P313536.5",
"n": "3'",
"label": "o 3'"}
,
{
"node": "l",
"frag": "[ki-i]",
"id": "P313536.l098f9",
"ref": "P313536.5.1",
"inst": "kî[like]PRP",
"sig": "@saao/saa10%akk-x-neoass:ki-i=kī[like//just as]PRP'PRP$kî",
"f": {"lang": "akk-x-neoass",
"form": "ki-i",
"cf": "kī",
"gw": "like",
"sense": "just as",
"norm": "kî",
"pos": "PRP",
"epos": "PRP"}
}
,
{
"node": "l",
"frag": "an-ni-i",
"id": "P313536.l098fa",
"ref": "P313536.5.2",
"inst": "annî[this]DP",
"sig": "@saao/saa10%akk-x-neoass:an-ni-i=annû[this//this]DP'DP$annî",
"f": {"lang": "akk-x-neoass",
"form": "an-ni-i",
"cf": "annû",
"gw": "this",
"sense": "this",
"norm": "annî",
"pos": "DP",
"epos": "DP"}
}
,
{
"node": "l",
"frag": "iq-ṭi-bi-a",
"id": "P313536.l098fb",
"ref": "P313536.5.3",
"inst": "iqṭibia[say]V",
"sig": "@saao/saa10%akk-x-neoass:iq-ṭi-bi-a=qabû[say//say]V'V$iqṭibia",
"f": {"lang": "akk-x-neoass",
"form": "iq-ṭi-bi-a",
"cf": "qabû",
"gw": "say",
"sense": "say",
"norm": "iqṭibia",
"pos": "V",
"epos": "V"}
}
,
{
"node": "l",
"frag": "⸢ma⸣-[a",
"id": "P313536.l098fc",
"ref": "P313536.5.4",
"inst": "mā[saying]PRP",
"sig": "@saao/saa10%akk-x-neoass:ma-a=mā[saying//saying]PRP'PRP$mā",
"f": {"lang": "akk-x-neoass",
"form": "ma-a",
"cf": "mā",
"gw": "saying",
"sense": "saying",
"norm": "mā",
"pos": "PRP",
"epos": "PRP"}
}
,
{
"node": "l",
"frag": "u₂-ma-a]",
"id": "P313536.l098fd",
"ref": "P313536.5.5",
"inst": "ūmâ[now]AV",
"sig": "@saao/saa10%akk-x-neoass:u₂-ma-a=ūma[today//now]AV'AV$ūmâ",
"f": {"lang": "akk-x-neoass",
"form": "u₂-ma-a",
"cf": "ūma",
"gw": "today",
"sense": "now",
"norm": "ūmâ",
"pos": "AV",
"epos": "AV"}
}
,
{
"node": "d",
"type": "line-start",
"ref": "P313536.6",
"n": "4'",
"label": "o 4'"}
,
{
"node": "l",
"frag": "[an]-⸢nu⸣-rig",
"id": "P313536.l098fe",
"ref": "P313536.6.1",
"inst": "annurig[now]AV",
"sig": "@saao/saa10%akk-x-neoass:an-nu-rig=annûri[now//now]AV'AV$annurig",
"f": {"lang": "akk-x-neoass",
"form": "an-nu-rig",
"cf": "annûri",
"gw": "now",
"sense": "now",
"norm": "annurig",
"pos": "AV",
"epos": "AV"}
}
,
{
"node": "l",
"frag": "LUGAL",
"id": "P313536.l098ff",
"ref": "P313536.6.2",
"inst": "šar[king]N",
"sig": "@saao/saa10%akk-x-neoass:LUGAL=šarru[king//king]N'N$šar",
"f": {"lang": "akk-x-neoass",
"form": "LUGAL",
"cf": "šarru",
"gw": "king",
"sense": "king",
"norm": "šar",
"pos": "N",
"epos": "N"}
}
,
{
"node": "l",
"frag": "{kur}NIM.MA{⸢ki⸣}",
"id": "P313536.l09900",
"ref": "P313536.6.3",
"inst": "Elamti[Elam]GN",
"sig": "@saao/saa10%akk-x-neoass:{KUR}NIM.MA{KI}=Elamtu[Elam//Elam]GN'GN$Elamti",
"f": {"lang": "akk-x-neoass",
"form": "{KUR}NIM.MA{KI}",
"cf": "Elamtu",
"gw": "Elam",
"sense": "Elam",
"norm": "Elamti",
"pos": "GN",
"epos": "GN"}
}
,
{
"node": "l",
"frag": "[x",
"id": "P313536.l09901",
"ref": "P313536.6.4",
"inst": "u",
"f": {"lang": "akk-x-neoass",
"form": "x",
"pos": "u"}
}
,
{
"node": "l",
"frag": "x",
"id": "P313536.l09902",
"ref": "P313536.6.5",
"inst": "u",
"f": {"lang": "akk-x-neoass",
"form": "x",
"pos": "u"}
}
,
{
"node": "l",
"frag": "x]",
"id": "P313536.l09903",
"ref": "P313536.6.6",
"inst": "u",
"f": {"lang": "akk-x-neoass",
"form": "x",
"pos": "u"}
}
,
{
"node": "d",
"type": "line-start",
"ref": "P313536.7",
"n": "5'",
"label": "o 5'"}
,
{
"node": "l",
"frag": "[ina",
"id": "P313536.l09904",
"ref": "P313536.7.1",
"inst": "ina[to]PRP",
"sig": "@saao/saa10%akk-x-neoass:ina=ina[in//to]PRP'PRP$ina",
"f": {"lang": "akk-x-neoass",
"form": "ina",
"cf": "ina",
"gw": "in",
"sense": "to",
"norm": "ina",
"pos": "PRP",
"epos": "PRP"}
}
,
{
"node": "l",
"frag": "KA₂].DINGIR.RA{ki}",
"id": "P313536.l09905",
"ref": "P313536.7.2",
"inst": "Babili[Babylon]GN",
"sig": "@saao/saa10%akk-x-neoass:KA₂.DINGIR.RA{KI}=Babili[Babylon//Babylon]GN'GN$Babili",
"f": {"lang": "akk-x-neoass",
"form": "KA₂.DINGIR.RA{KI}",
"cf": "Babili",
"gw": "Babylon",
"sense": "Babylon",
"norm": "Babili",
"pos": "GN",
"epos": "GN"}
}
,
{
"node": "l",
"frag": "il-la-ka",
"id": "P313536.l09906",
"ref": "P313536.7.3",
"inst": "illaka[come]V",
"sig": "@saao/saa10%akk-x-neoass:il-la-ka=alāku[go//come]V'V$illaka",
"f": {"lang": "akk-x-neoass",
"form": "il-la-ka",
"cf": "alāku",
"gw": "go",
"sense": "come",
"norm": "illaka",
"pos": "V",
"epos": "V"}
}
,
{
"node": "l",
"frag": "ma-[a",
"id": "P313536.l09907",
"ref": "P313536.7.4",
"inst": "mā[saying]PRP",
"sig": "@saao/saa10%akk-x-neoass:ma-a=mā[saying//saying]PRP'PRP$mā",
"f": {"lang": "akk-x-neoass",
"form": "ma-a",
"cf": "mā",
"gw": "saying",
"sense": "saying",
"norm": "mā",
"pos": "PRP",
"epos": "PRP"}
}
,
{
"node": "l",
"frag": "x",
"id": "P313536.l09908",
"ref": "P313536.7.5",
"inst": "u",
"f": {"lang": "akk-x-neoass",
"form": "x",
"pos": "u"}
}
,
{
"node": "l",
"frag": "x",
"id": "P313536.l09909",
"ref": "P313536.7.6",
"inst": "u",
"f": {"lang": "akk-x-neoass",
"form": "x",
"pos": "u"}
}
,
{
"node": "l",
"frag": "x]",
"id": "P313536.l0990a",
"ref": "P313536.7.7",
"inst": "u",
"f": {"lang": "akk-x-neoass",
"form": "x",
"pos": "u"}
}
,
{
"node": "d",
"type": "line-start",
"ref": "P313536.8",
"n": "6'",
"label": "o 6'"}
,
{
"node": "l",
"frag": "{[lu₂v]}⸢ŠA₃⸣.TAM-mu-ti",
"id": "P313536.l0990b",
"ref": "P313536.8.1",
"inst": "+šatammūtu[post of šatammu]N$šatammūti",
"sig": "@saao/saa10%akk-x-neoass:{LU₂}ŠA₃.TAM-mu-ti=šatammūtu[post of šatammu//post of šatammu]N'N$šatammūti",
"f": {"lang": "akk-x-neoass",
"form": "{LU₂}ŠA₃.TAM-mu-ti",
"cf": "šatammūtu",
"gw": "post of šatammu",
"sense": "post of šatammu",
"norm": "šatammūti",
"pos": "N",
"epos": "N"}
}
,
{
"node": "l",
"frag": "šum₂-ma",
"id": "P313536.l0990c",
"ref": "P313536.8.2",
"inst": "šumma[whether]CNJ",
"sig": "@saao/saa10%akk-x-neoass:šum₂-ma=šumma[if//whether]MOD'CNJ$šumma",
"f": {"lang": "akk-x-neoass",
"form": "šum₂-ma",
"cf": "šumma",
"gw": "if",
"sense": "whether",
"norm": "šumma",
"pos": "MOD",
"epos": "CNJ"}
}
,
{
"node": "l",
"frag": "{lu₂v}ŠA₃.⸢TAM⸣",
"id": "P313536.l0990d",
"ref": "P313536.8.3",
"inst": "šatammu[chief temple administrator]N",
"sig": "@saao/saa10%akk-x-neoass:{LU₂}ŠA₃.TAM=šatammu[administrator//chief temple administrator]N'N$šatammi",
"f": {"lang": "akk-x-neoass",
"form": "{LU₂}ŠA₃.TAM",
"cf": "šatammu",
"gw": "administrator",
"sense": "chief temple administrator",
"norm": "šatammi",
"pos": "N",
"epos": "N"}
}
,
{
"node": "l",
"frag": "[x",
"id": "P313536.l0990e",
"ref": "P313536.8.4",
"inst": "u",
"f": {"lang": "akk-x-neoass",
"form": "x",
"pos": "u"}
}
,
{
"node": "l",
"frag": "x]",
"id": "P313536.l0990f",
"ref": "P313536.8.5",
"inst": "u",
"f": {"lang": "akk-x-neoass",
"form": "x",
"pos": "u"}
}
,
{
"node": "d",
"type": "line-start",
"ref": "P313536.9",
"n": "7'",
"label": "o 7'"}
,
{
"node": "l",
"frag": "[x",
"id": "P313536.l09910",
"ref": "P313536.9.1",
"inst": "u",
"f": {"lang": "akk-x-neoass",
"form": "x",
"pos": "u"}
}
,
{
"node": "l",
"frag": "x",
"id": "P313536.l09911",
"ref": "P313536.9.2",
"inst": "u",
"f": {"lang": "akk-x-neoass",
"form": "x",
"pos": "u"}
}
,
{
"node": "l",
"frag": "x]",
"id": "P313536.l09912",
"ref": "P313536.9.3",
"inst": "u",
"f": {"lang": "akk-x-neoass",
"form": "x",
"pos": "u"}
}
,
{
"node": "l",
"frag": "⸢x",
"id": "P313536.l09913",
"ref": "P313536.9.4",
"inst": "u",
"f": {"lang": "akk-x-neoass",
"form": "x",
"pos": "u"}
}
,
{
"node": "l",
"frag": "x⸣",
"id": "P313536.l09914",
"ref": "P313536.9.5",
"inst": "u",
"f": {"lang": "akk-x-neoass",
"form": "x",
"pos": "u"}
}
,
{
"node": "l",
"frag": "i",
"id": "P313536.l09915",
"ref": "P313536.9.6",
"inst": "u",
"f": {"lang": "akk-x-neoass",
"form": "i",
"pos": "u"}
}
,
{
"node": "l",
"frag": "⸢x",
"id": "P313536.l09916",
"ref": "P313536.9.7",
"inst": "u",
"f": {"lang": "akk-x-neoass",
"form": "x",
"pos": "u"}
}
,
{
"node": "l",
"frag": "x",
"id": "P313536.l09917",
"ref": "P313536.9.8",
"inst": "u",
"f": {"lang": "akk-x-neoass",
"form": "x",
"pos": "u"}
}
,
{
"node": "l",
"frag": "x⸣",
"id": "P313536.l09918",
"ref": "P313536.9.9",
"inst": "u",
"f": {"lang": "akk-x-neoass",
"form": "x",
"pos": "u"}
}
,
{
"node": "l",
"frag": "[x",
"id": "P313536.l09919",
"ref": "P313536.9.10",
"inst": "u",
"f": {"lang": "akk-x-neoass",
"form": "x",
"pos": "u"}
}
,
{
"node": "l",
"frag": "x",
"id": "P313536.l0991a",
"ref": "P313536.9.11",
"inst": "u",
"f": {"lang": "akk-x-neoass",
"form": "x",
"pos": "u"}
}
,
{
"node": "l",
"frag": "x",
"id": "P313536.l0991b",
"ref": "P313536.9.12",
"inst": "u",
"f": {"lang": "akk-x-neoass",
"form": "x",
"pos": "u"}
}
,
{
"node": "l",
"frag": "x]",
"id": "P313536.l0991c",
"ref": "P313536.9.13",
"inst": "u",
"f": {"lang": "akk-x-neoass",
"form": "x",
"pos": "u"}
}
,
{
"node": "d",
"type": "nonx",
"ref": "P313536.10",
"strict": "0",
"extent": "rest",
"state": "missing"}
,
{
"node": "d",
"subtype": "reverse",
"type": "surface",
"ref": "P313536.r.11",
"type": "reverse",
"label": "r"}
,
{
"node": "d",
"type": "nonx",
"ref": "P313536.12",
"strict": "0",
"state": "missing"}
]}
]}
]}
]}
