{
"type": "cdl",
  "source": "http://oracc.org/saao/saa10",
  "license": "This data is released under the CC0 license",
  "license-url": "https://creativecommons.org/publicdomain/zero/1.0/",
  "more-info": "http://oracc.org/doc/opendata/",
  "UTC-timestamp": "2017-05-19T11:42:23",
"project": "saao/saa10",
"textid": "P313764",
"cdl": [
{
"node": "c",
"type": "text",
"id": "P313764.U0",
"cdl": [
{
"node": "d",
"type": "object",
"ref": ""}
,
{
"node": "d",
"subtype": "obverse",
"type": "surface",
"ref": "P313764.o.1",
"type": "obverse",
"label": "o"}
,
{
"node": "d",
"type": "nonx",
"ref": "P313764.2",
"strict": "0",
"state": "missing"}
,
{
"node": "d",
"subtype": "reverse",
"type": "surface",
"ref": "P313764.r.3",
"type": "reverse",
"label": "r"}
,
{
"node": "d",
"type": "nonx",
"ref": "P313764.4",
"strict": "0",
"extent": "beginning",
"state": "missing"}
,
{
"node": "c",
"type": "discourse",
"subtype": "body",
"id": "P313764.U1",
"cdl": [
{
"node": "c",
"type": "sentence",
"id": "P313764.U2",
"label": "r 1' - r 11'",
"cdl": [
{
"node": "d",
"type": "line-start",
"ref": "P313764.5",
"n": "1'",
"label": "r 1'"}
,
{
"node": "l",
"frag": "[x]+⸢x⸣",
"id": "P313764.l069d5",
"ref": "P313764.5.1",
"inst": "u",
"f": {"lang": "akk-x-neoass",
"form": "x+x",
"pos": "u"}
}
,
{
"node": "l",
"frag": "[x",
"id": "P313764.l069d6",
"ref": "P313764.5.2",
"inst": "u",
"f": {"lang": "akk-x-neoass",
"form": "x",
"pos": "u"}
}
,
{
"node": "l",
"frag": "x",
"id": "P313764.l069d7",
"ref": "P313764.5.3",
"inst": "u",
"f": {"lang": "akk-x-neoass",
"form": "x",
"pos": "u"}
}
,
{
"node": "l",
"frag": "x",
"id": "P313764.l069d8",
"ref": "P313764.5.4",
"inst": "u",
"f": {"lang": "akk-x-neoass",
"form": "x",
"pos": "u"}
}
,
{
"node": "l",
"frag": "x",
"id": "P313764.l069d9",
"ref": "P313764.5.5",
"inst": "u",
"f": {"lang": "akk-x-neoass",
"form": "x",
"pos": "u"}
}
,
{
"node": "l",
"frag": "x",
"id": "P313764.l069da",
"ref": "P313764.5.6",
"inst": "u",
"f": {"lang": "akk-x-neoass",
"form": "x",
"pos": "u"}
}
,
{
"node": "l",
"frag": "x]",
"id": "P313764.l069db",
"ref": "P313764.5.7",
"inst": "u",
"f": {"lang": "akk-x-neoass",
"form": "x",
"pos": "u"}
}
,
{
"node": "d",
"type": "line-start",
"ref": "P313764.6",
"n": "2'",
"label": "r 2'"}
,
{
"node": "l",
"frag": "⸢i⸣-[x",
"id": "P313764.l069dc",
"ref": "P313764.6.1",
"inst": "u",
"f": {"lang": "akk-x-neoass",
"form": "i-x",
"pos": "u"}
}
,
{
"node": "l",
"frag": "x",
"id": "P313764.l069dd",
"ref": "P313764.6.2",
"inst": "u",
"f": {"lang": "akk-x-neoass",
"form": "x",
"pos": "u"}
}
,
{
"node": "l",
"frag": "x",
"id": "P313764.l069de",
"ref": "P313764.6.3",
"inst": "u",
"f": {"lang": "akk-x-neoass",
"form": "x",
"pos": "u"}
}
,
{
"node": "l",
"frag": "x",
"id": "P313764.l069df",
"ref": "P313764.6.4",
"inst": "u",
"f": {"lang": "akk-x-neoass",
"form": "x",
"pos": "u"}
}
,
{
"node": "l",
"frag": "x",
"id": "P313764.l069e0",
"ref": "P313764.6.5",
"inst": "u",
"f": {"lang": "akk-x-neoass",
"form": "x",
"pos": "u"}
}
,
{
"node": "l",
"frag": "x]",
"id": "P313764.l069e1",
"ref": "P313764.6.6",
"inst": "u",
"f": {"lang": "akk-x-neoass",
"form": "x",
"pos": "u"}
}
,
{
"node": "d",
"type": "line-start",
"ref": "P313764.7",
"n": "3'",
"label": "r 3'"}
,
{
"node": "l",
"frag": "⸢ka⸣-[x",
"id": "P313764.l069e2",
"ref": "P313764.7.1",
"inst": "u",
"f": {"lang": "akk-x-neoass",
"form": "ka-x",
"pos": "u"}
}
,
{
"node": "l",
"frag": "x",
"id": "P313764.l069e3",
"ref": "P313764.7.2",
"inst": "u",
"f": {"lang": "akk-x-neoass",
"form": "x",
"pos": "u"}
}
,
{
"node": "l",
"frag": "x",
"id": "P313764.l069e4",
"ref": "P313764.7.3",
"inst": "u",
"f": {"lang": "akk-x-neoass",
"form": "x",
"pos": "u"}
}
,
{
"node": "l",
"frag": "x",
"id": "P313764.l069e5",
"ref": "P313764.7.4",
"inst": "u",
"f": {"lang": "akk-x-neoass",
"form": "x",
"pos": "u"}
}
,
{
"node": "l",
"frag": "x]",
"id": "P313764.l069e6",
"ref": "P313764.7.5",
"inst": "u",
"f": {"lang": "akk-x-neoass",
"form": "x",
"pos": "u"}
}
,
{
"node": "d",
"type": "line-start",
"ref": "P313764.8",
"n": "4'",
"label": "r 4'"}
,
{
"node": "l",
"frag": "⸢ina",
"id": "P313764.l069e7",
"ref": "P313764.8.1",
"inst": "ina[in]PRP",
"sig": "@saao/saa10%akk-x-neoass:ina=ina[in//from]PRP'PRP$ina",
"f": {"lang": "akk-x-neoass",
"form": "ina",
"cf": "ina",
"gw": "in",
"sense": "from",
"norm": "ina",
"pos": "PRP",
"epos": "PRP"}
}
,
{
"node": "l",
"frag": "maš⸣-[x",
"id": "P313764.l069e8",
"ref": "P313764.8.2",
"inst": "u",
"f": {"lang": "akk-x-neoass",
"form": "maš-x",
"pos": "u"}
}
,
{
"node": "l",
"frag": "x",
"id": "P313764.l069e9",
"ref": "P313764.8.3",
"inst": "u",
"f": {"lang": "akk-x-neoass",
"form": "x",
"pos": "u"}
}
,
{
"node": "l",
"frag": "x",
"id": "P313764.l069ea",
"ref": "P313764.8.4",
"inst": "u",
"f": {"lang": "akk-x-neoass",
"form": "x",
"pos": "u"}
}
,
{
"node": "l",
"frag": "x]",
"id": "P313764.l069eb",
"ref": "P313764.8.5",
"inst": "u",
"f": {"lang": "akk-x-neoass",
"form": "x",
"pos": "u"}
}
,
{
"node": "d",
"type": "line-start",
"ref": "P313764.9",
"n": "5'",
"label": "r 5'"}
,
{
"node": "l",
"frag": "⸢i⸣-[x",
"id": "P313764.l069ec",
"ref": "P313764.9.1",
"inst": "u",
"f": {"lang": "akk-x-neoass",
"form": "i-x",
"pos": "u"}
}
,
{
"node": "l",
"frag": "x",
"id": "P313764.l069ed",
"ref": "P313764.9.2",
"inst": "u",
"f": {"lang": "akk-x-neoass",
"form": "x",
"pos": "u"}
}
,
{
"node": "l",
"frag": "x",
"id": "P313764.l069ee",
"ref": "P313764.9.3",
"inst": "u",
"f": {"lang": "akk-x-neoass",
"form": "x",
"pos": "u"}
}
,
{
"node": "l",
"frag": "x",
"id": "P313764.l069ef",
"ref": "P313764.9.4",
"inst": "u",
"f": {"lang": "akk-x-neoass",
"form": "x",
"pos": "u"}
}
,
{
"node": "l",
"frag": "x",
"id": "P313764.l069f0",
"ref": "P313764.9.5",
"inst": "u",
"f": {"lang": "akk-x-neoass",
"form": "x",
"pos": "u"}
}
,
{
"node": "l",
"frag": "x]",
"id": "P313764.l069f1",
"ref": "P313764.9.6",
"inst": "u",
"f": {"lang": "akk-x-neoass",
"form": "x",
"pos": "u"}
}
,
{
"node": "d",
"type": "line-start",
"ref": "P313764.10",
"n": "6'",
"label": "r 6'"}
,
{
"node": "l",
"frag": "⸢ki⸣-i",
"id": "P313764.l069f2",
"ref": "P313764.10.1",
"inst": "kî[just as]PRP",
"sig": "@saao/saa10%akk-x-neoass:ki-i=kī[like//just as]PRP'PRP$kî",
"f": {"lang": "akk-x-neoass",
"form": "ki-i",
"cf": "kī",
"gw": "like",
"sense": "just as",
"norm": "kî",
"pos": "PRP",
"epos": "PRP"}
}
,
{
"node": "l",
"frag": "ša",
"id": "P313764.l069f3",
"ref": "P313764.10.2",
"inst": "ša[that]REL",
"sig": "@saao/saa10%akk-x-neoass:ša=ša[that//when]REL'REL$ša",
"f": {"lang": "akk-x-neoass",
"form": "ša",
"cf": "ša",
"gw": "that",
"sense": "when",
"norm": "ša",
"pos": "REL",
"epos": "REL"}
}
,
{
"node": "l",
"frag": "⸢a-na",
"id": "P313764.l069f4",
"ref": "P313764.10.3",
"inst": "ana[to]PRP",
"sig": "@saao/saa10%akk-x-neoass:a-na=ana[to//to]PRP'PRP$ana",
"f": {"lang": "akk-x-neoass",
"form": "a-na",
"cf": "ana",
"gw": "to",
"sense": "to",
"norm": "ana",
"pos": "PRP",
"epos": "PRP"}
}
,
{
"node": "l",
"frag": "x⸣+[x",
"id": "P313764.l069f5",
"ref": "P313764.10.4",
"inst": "u",
"f": {"lang": "akk-x-neoass",
"form": "x+x",
"pos": "u"}
}
,
{
"node": "l",
"frag": "x]",
"id": "P313764.l069f6",
"ref": "P313764.10.5",
"inst": "u",
"f": {"lang": "akk-x-neoass",
"form": "x",
"pos": "u"}
}
,
{
"node": "d",
"type": "line-start",
"ref": "P313764.11",
"n": "7'",
"label": "r 7'"}
,
{
"node": "l",
"frag": "⸢ina⸣",
"id": "P313764.l069f7",
"ref": "P313764.11.1",
"inst": "ina[in]PRP",
"sig": "@saao/saa10%akk-x-neoass:ina=ina[in//from]PRP'PRP$ina",
"f": {"lang": "akk-x-neoass",
"form": "ina",
"cf": "ina",
"gw": "in",
"sense": "from",
"norm": "ina",
"pos": "PRP",
"epos": "PRP"}
}
,
{
"node": "l",
"frag": "{uru}ni-nu-[a]",
"id": "P313764.l069f8",
"ref": "P313764.11.2",
"inst": "Ninua[Nineveh]GN",
"sig": "@saao/saa10%akk-x-neoass:{URU}ni-nu-a=Ninua[Nineveh//Nineveh]GN'GN$Ninua",
"f": {"lang": "akk-x-neoass",
"form": "{URU}ni-nu-a",
"cf": "Ninua",
"gw": "Nineveh",
"sense": "Nineveh",
"norm": "Ninua",
"pos": "GN",
"epos": "GN"}
}
,
{
"node": "d",
"type": "line-start",
"ref": "P313764.12",
"n": "8'",
"label": "r 8'"}
,
{
"node": "l",
"frag": "⸢e⸣-pa-šu₂-u-[ni]",
"id": "P313764.l069f9",
"ref": "P313764.12.1",
"inst": "+epēšu[do//perform]V'V$eppašūni",
"sig": "@saao/saa10%akk-x-neoass:e-pa-šu₂-u-ni=epēšu[do//perform]V'V$eppašūni",
"f": {"lang": "akk-x-neoass",
"form": "e-pa-šu₂-u-ni",
"cf": "epēšu",
"gw": "do",
"sense": "perform",
"norm": "eppašūni",
"pos": "V",
"epos": "V"}
}
,
{
"node": "d",
"type": "line-start",
"ref": "P313764.13",
"n": "9'",
"label": "r 9'"}
,
{
"node": "l",
"frag": "ki-i",
"id": "P313764.l069fa",
"ref": "P313764.13.1",
"inst": "kî[like]PRP",
"sig": "@saao/saa10%akk-x-neoass:ki-i=kī[like//just as]PRP'PRP$kî",
"f": {"lang": "akk-x-neoass",
"form": "ki-i",
"cf": "kī",
"gw": "like",
"sense": "just as",
"norm": "kî",
"pos": "PRP",
"epos": "PRP"}
}
,
{
"node": "l",
"frag": "ha-an-⸢nim⸣-[ma]",
"id": "P313764.l069fb",
"ref": "P313764.13.2",
"inst": "hannimma[this]DP",
"sig": "@saao/saa10%akk-x-neoass:ha-an-nim-ma=annû[this//this]DP'DP$hannimma",
"f": {"lang": "akk-x-neoass",
"form": "ha-an-nim-ma",
"cf": "annû",
"gw": "this",
"sense": "this",
"norm": "hannimma",
"pos": "DP",
"epos": "DP"}
}
,
{
"node": "d",
"type": "line-start",
"ref": "P313764.14",
"n": "10'",
"label": "r 10'"}
,
{
"node": "l",
"frag": "ina",
"id": "P313764.l069fc",
"ref": "P313764.14.1",
"inst": "ina[in]PRP",
"sig": "@saao/saa10%akk-x-neoass:ina=ina[in//from]PRP'PRP$ina",
"f": {"lang": "akk-x-neoass",
"form": "ina",
"cf": "ina",
"gw": "in",
"sense": "from",
"norm": "ina",
"pos": "PRP",
"epos": "PRP"}
}
,
{
"node": "l",
"frag": "{uru}kal-[ha]",
"id": "P313764.l069fd",
"ref": "P313764.14.2",
"inst": "Kalha[1]GN",
"sig": "@saao/saa10%akk-x-neoass:{URU}kal-ha=Kalhu[1//1]GN'GN$Kalha",
"f": {"lang": "akk-x-neoass",
"form": "{URU}kal-ha",
"cf": "Kalhu",
"gw": "1",
"sense": "1",
"norm": "Kalha",
"pos": "GN",
"epos": "GN"}
}
,
{
"node": "d",
"type": "line-start",
"ref": "P313764.15",
"n": "11'",
"label": "r 11'"}
,
{
"node": "l",
"frag": "ep-pu-[šu₂]",
"id": "P313764.l069fe",
"ref": "P313764.15.1",
"inst": "eppušu[perform]V",
"sig": "@saao/saa10%akk-x-neoass:ep-pu-šu₂=epēšu[do//perform]V'V$eppušu",
"f": {"lang": "akk-x-neoass",
"form": "ep-pu-šu₂",
"cf": "epēšu",
"gw": "do",
"sense": "perform",
"norm": "eppušu",
"pos": "V",
"epos": "V"}
}
]}
]}
]}
]}
