{
"type": "cdl",
  "source": "http://oracc.org/saao/saa10",
  "license": "This data is released under the CC0 license",
  "license-url": "https://creativecommons.org/publicdomain/zero/1.0/",
  "more-info": "http://oracc.org/doc/opendata/",
  "UTC-timestamp": "2017-05-19T11:42:18",
"project": "saao/saa10",
"textid": "P313526",
"cdl": [
{
"node": "c",
"type": "text",
"id": "P313526.U0",
"cdl": [
{
"node": "d",
"type": "object",
"ref": ""}
,
{
"node": "d",
"subtype": "obverse",
"type": "surface",
"ref": "P313526.o.1",
"type": "obverse",
"label": "o"}
,
{
"node": "c",
"type": "discourse",
"subtype": "body",
"id": "P313526.U1",
"cdl": [
{
"node": "c",
"type": "sentence",
"id": "P313526.U2",
"label": "o 1 - r.e. 12",
"cdl": [
{
"node": "d",
"type": "line-start",
"ref": "P313526.2",
"n": "1",
"label": "o 1"}
,
{
"node": "l",
"frag": "[a-na",
"id": "P313526.l0864c",
"ref": "P313526.2.1",
"inst": "ana[to]PRP",
"sig": "@saao/saa10%akk-x-neoass:a-na=ana[to//to]PRP'PRP$ana",
"f": {"lang": "akk-x-neoass",
"form": "a-na",
"cf": "ana",
"gw": "to",
"sense": "to",
"norm": "ana",
"pos": "PRP",
"epos": "PRP"}
}
,
{
"node": "l",
"frag": "LUGAL]",
"id": "P313526.l0864d",
"ref": "P313526.2.2",
"inst": "šarri[king]N",
"sig": "@saao/saa10%akk-x-neoass:LUGAL=šarru[king//king]N'N$šarri",
"f": {"lang": "akk-x-neoass",
"form": "LUGAL",
"cf": "šarru",
"gw": "king",
"sense": "king",
"norm": "šarri",
"pos": "N",
"epos": "N"}
}
,
{
"node": "l",
"frag": "be-li₂-ia",
"id": "P313526.l0864e",
"ref": "P313526.2.3",
"inst": "bēlīya[lord]N",
"sig": "@saao/saa10%akk-x-neoass:be-li₂-ia=bēlu[lord//lord]N'N$bēlīya",
"f": {"lang": "akk-x-neoass",
"form": "be-li₂-ia",
"cf": "bēlu",
"gw": "lord",
"sense": "lord",
"norm": "bēlīya",
"pos": "N",
"epos": "N"}
}
,
{
"node": "d",
"type": "line-start",
"ref": "P313526.3",
"n": "2",
"label": "o 2"}
,
{
"node": "l",
"frag": "[ARAD-ka]",
"id": "P313526.l0864f",
"ref": "P313526.3.1",
"inst": "urdaka[servant]N",
"sig": "@saao/saa10%akk-x-neoass:ARAD-ka=ardu[slave//servant]N'N$urdaka",
"f": {"lang": "akk-x-neoass",
"form": "ARAD-ka",
"cf": "ardu",
"gw": "slave",
"sense": "servant",
"norm": "urdaka",
"pos": "N",
"epos": "N"}
}
,
{
"node": "l",
"frag": "{1}{d}AG-NUMUN-SUM-na",
"id": "P313526.l08650",
"ref": "P313526.3.2",
"inst": "Nabu-zeru-iddina[1]PN",
"sig": "@saao/saa10%akk-x-neoass:{1}{d}AG-NUMUN-SUM-na=Nabu-zeru-iddina[1//1]PN'PN$Nabu-zeru-iddina",
"f": {"lang": "akk-x-neoass",
"form": "{1}{d}AG-NUMUN-SUM-na",
"cf": "Nabu-zeru-iddina",
"gw": "1",
"sense": "1",
"norm": "Nabu-zeru-iddina",
"pos": "PN",
"epos": "PN"}
}
,
{
"node": "d",
"type": "line-start",
"ref": "P313526.4",
"n": "3",
"label": "o 3"}
,
{
"node": "l",
"frag": "[lu-u",
"id": "P313526.l08651",
"ref": "P313526.4.1",
"inst": "lū[may]MOD",
"sig": "@saao/saa10%akk-x-neoass:lu-u=lū[may//may]MOD'MOD$lū",
"f": {"lang": "akk-x-neoass",
"form": "lu-u",
"cf": "lū",
"gw": "may",
"sense": "may",
"norm": "lū",
"pos": "MOD",
"epos": "MOD"}
}
,
{
"node": "l",
"frag": "DI-mu",
"id": "P313526.l08652",
"ref": "P313526.4.2",
"inst": "šulmu[health]N",
"sig": "@saao/saa10%akk-x-neoass:DI-mu=šulmu[completeness//health]N'N$šulmu",
"f": {"lang": "akk-x-neoass",
"form": "DI-mu",
"cf": "šulmu",
"gw": "completeness",
"sense": "health",
"norm": "šulmu",
"pos": "N",
"epos": "N"}
}
,
{
"node": "l",
"frag": "a]-na",
"id": "P313526.l08653",
"ref": "P313526.4.3",
"inst": "ana[to]PRP",
"sig": "@saao/saa10%akk-x-neoass:a-na=ana[to//to]PRP'PRP$ana",
"f": {"lang": "akk-x-neoass",
"form": "a-na",
"cf": "ana",
"gw": "to",
"sense": "to",
"norm": "ana",
"pos": "PRP",
"epos": "PRP"}
}
,
{
"node": "l",
"frag": "LUGAL",
"id": "P313526.l08654",
"ref": "P313526.4.4",
"inst": "šarri[king]N",
"sig": "@saao/saa10%akk-x-neoass:LUGAL=šarru[king//king]N'N$šarri",
"f": {"lang": "akk-x-neoass",
"form": "LUGAL",
"cf": "šarru",
"gw": "king",
"sense": "king",
"norm": "šarri",
"pos": "N",
"epos": "N"}
}
,
{
"node": "l",
"frag": "be-li₂-ia",
"id": "P313526.l08655",
"ref": "P313526.4.5",
"inst": "bēlīya[lord]N",
"sig": "@saao/saa10%akk-x-neoass:be-li₂-ia=bēlu[lord//lord]N'N$bēlīya",
"f": {"lang": "akk-x-neoass",
"form": "be-li₂-ia",
"cf": "bēlu",
"gw": "lord",
"sense": "lord",
"norm": "bēlīya",
"pos": "N",
"epos": "N"}
}
,
{
"node": "d",
"type": "line-start",
"ref": "P313526.5",
"n": "4",
"label": "o 4"}
,
{
"node": "l",
"frag": "{[d}aš-šur",
"id": "P313526.l08656",
"ref": "P313526.5.1",
"inst": "Aššur[1]DN",
"sig": "@saao/saa10%akk-x-neoass:{d}aš-šur=Aššur[1//1]DN'DN$Aššur",
"f": {"lang": "akk-x-neoass",
"form": "{d}aš-šur",
"cf": "Aššur",
"gw": "1",
"sense": "1",
"norm": "Aššur",
"pos": "DN",
"epos": "DN"}
}
,
{
"node": "l",
"frag": "{d}30",
"id": "P313526.l08657",
"ref": "P313526.5.2",
"inst": "Sin[1]DN",
"sig": "@saao/saa10%akk-x-neoass:{d}30=Sin[1//1]DN'DN$Sin",
"f": {"lang": "akk-x-neoass",
"form": "{d}30",
"cf": "Sin",
"gw": "1",
"sense": "1",
"norm": "Sin",
"pos": "DN",
"epos": "DN"}
}
,
{
"node": "l",
"frag": "{d}UTU",
"id": "P313526.l08658",
"ref": "P313526.5.3",
"inst": "Šamaš[1]DN",
"sig": "@saao/saa10%akk-x-neoass:{d}UTU=Šamaš[1//1]DN'DN$Šamaš",
"f": {"lang": "akk-x-neoass",
"form": "{d}UTU",
"cf": "Šamaš",
"gw": "1",
"sense": "1",
"norm": "Šamaš",
"pos": "DN",
"epos": "DN"}
}
,
{
"node": "l",
"frag": "{d}AG",
"id": "P313526.l08659",
"ref": "P313526.5.4",
"inst": "Nabu[1]DN",
"sig": "@saao/saa10%akk-x-neoass:{d}AG=Nabu[1//1]DN'DN$Nabu",
"f": {"lang": "akk-x-neoass",
"form": "{d}AG",
"cf": "Nabu",
"gw": "1",
"sense": "1",
"norm": "Nabu",
"pos": "DN",
"epos": "DN"}
}
,
{
"node": "l",
"frag": "{d}AMAR.UTU",
"id": "P313526.l0865a",
"ref": "P313526.5.5",
"inst": "Marduk[1]DN",
"sig": "@saao/saa10%akk-x-neoass:{d}AMAR.UTU=Marduk[1//1]DN'DN$Marduk",
"f": {"lang": "akk-x-neoass",
"form": "{d}AMAR.UTU",
"cf": "Marduk",
"gw": "1",
"sense": "1",
"norm": "Marduk",
"pos": "DN",
"epos": "DN"}
}
,
{
"node": "d",
"type": "line-start",
"ref": "P313526.6",
"n": "5",
"label": "o 5"}
,
{
"node": "l",
"frag": "[a]-⸢na",
"id": "P313526.l0865b",
"ref": "P313526.6.1",
"inst": "ana[to]PRP",
"sig": "@saao/saa10%akk-x-neoass:a-na=ana[to//to]PRP'PRP$ana",
"f": {"lang": "akk-x-neoass",
"form": "a-na",
"cf": "ana",
"gw": "to",
"sense": "to",
"norm": "ana",
"pos": "PRP",
"epos": "PRP"}
}
,
{
"node": "l",
"frag": "LUGAL",
"id": "P313526.l0865c",
"ref": "P313526.6.2",
"inst": "šarri[king]N",
"sig": "@saao/saa10%akk-x-neoass:LUGAL=šarru[king//king]N'N$šarri",
"f": {"lang": "akk-x-neoass",
"form": "LUGAL",
"cf": "šarru",
"gw": "king",
"sense": "king",
"norm": "šarri",
"pos": "N",
"epos": "N"}
}
,
{
"node": "l",
"frag": "be⸣-li₂-ia",
"id": "P313526.l0865d",
"ref": "P313526.6.3",
"inst": "bēlīya[lord]N",
"sig": "@saao/saa10%akk-x-neoass:be-li₂-ia=bēlu[lord//lord]N'N$bēlīya",
"f": {"lang": "akk-x-neoass",
"form": "be-li₂-ia",
"cf": "bēlu",
"gw": "lord",
"sense": "lord",
"norm": "bēlīya",
"pos": "N",
"epos": "N"}
}
,
{
"node": "l",
"frag": "lik-ru-bu",
"id": "P313526.l0865e",
"ref": "P313526.6.4",
"inst": "likrubu[bless]V",
"sig": "@saao/saa10%akk-x-neoass:lik-ru-bu=karābu[pray//bless]V'V$likrubu",
"f": {"lang": "akk-x-neoass",
"form": "lik-ru-bu",
"cf": "karābu",
"gw": "pray",
"sense": "bless",
"norm": "likrubu",
"pos": "V",
"epos": "V"}
}
,
{
"node": "d",
"type": "line-start",
"ref": "P313526.7",
"n": "6",
"label": "o 6"}
,
{
"node": "l",
"frag": "⸢ṭu⸣-ub",
"id": "P313526.l0865f",
"ref": "P313526.7.1",
"inst": "ṭūb[goodness]N",
"sig": "@saao/saa10%akk-x-neoass:ṭu-ub=ṭūbu[goodness//goodness]N'N$ṭūb",
"f": {"lang": "akk-x-neoass",
"form": "ṭu-ub",
"cf": "ṭūbu",
"gw": "goodness",
"sense": "goodness",
"norm": "ṭūb",
"pos": "N",
"epos": "N"}
}
,
{
"node": "l",
"frag": "ŠA₃-bi",
"id": "P313526.l08660",
"ref": "P313526.7.2",
"inst": "libbi[heart]N",
"sig": "@saao/saa10%akk-x-neoass:ŠA₃-bi=libbu[interior//heart]N'N$libbi",
"f": {"lang": "akk-x-neoass",
"form": "ŠA₃-bi",
"cf": "libbu",
"gw": "interior",
"sense": "heart",
"norm": "libbi",
"pos": "N",
"epos": "N"}
}
,
{
"node": "l",
"frag": "ṭu-ub",
"id": "P313526.l08661",
"ref": "P313526.7.3",
"inst": "ṭūb[goodness]N",
"sig": "@saao/saa10%akk-x-neoass:ṭu-ub=ṭūbu[goodness//goodness]N'N$ṭūb",
"f": {"lang": "akk-x-neoass",
"form": "ṭu-ub",
"cf": "ṭūbu",
"gw": "goodness",
"sense": "goodness",
"norm": "ṭūb",
"pos": "N",
"epos": "N"}
}
,
{
"node": "l",
"frag": "UZU",
"id": "P313526.l08662",
"ref": "P313526.7.4",
"inst": "šīri[flesh]N",
"sig": "@saao/saa10%akk-x-neoass:UZU=šīru[flesh//flesh]N'N$šīri",
"f": {"lang": "akk-x-neoass",
"form": "UZU",
"cf": "šīru",
"gw": "flesh",
"sense": "flesh",
"norm": "šīri",
"pos": "N",
"epos": "N"}
}
,
{
"node": "l",
"frag": "a-na",
"id": "P313526.l08663",
"ref": "P313526.7.5",
"inst": "ana[to]PRP",
"sig": "@saao/saa10%akk-x-neoass:a-na=ana[to//to]PRP'PRP$ana",
"f": {"lang": "akk-x-neoass",
"form": "a-na",
"cf": "ana",
"gw": "to",
"sense": "to",
"norm": "ana",
"pos": "PRP",
"epos": "PRP"}
}
,
{
"node": "l",
"frag": "LUGAL",
"id": "P313526.l08664",
"ref": "P313526.7.6",
"inst": "šarri[king]N",
"sig": "@saao/saa10%akk-x-neoass:LUGAL=šarru[king//king]N'N$šarri",
"f": {"lang": "akk-x-neoass",
"form": "LUGAL",
"cf": "šarru",
"gw": "king",
"sense": "king",
"norm": "šarri",
"pos": "N",
"epos": "N"}
}
,
{
"node": "l",
"frag": "EN-ia",
"id": "P313526.l08665",
"ref": "P313526.7.7",
"inst": "bēlīya[lord]N",
"sig": "@saao/saa10%akk-x-neoass:EN-ia=bēlu[lord//lord]N'N$bēlīya",
"f": {"lang": "akk-x-neoass",
"form": "EN-ia",
"cf": "bēlu",
"gw": "lord",
"sense": "lord",
"norm": "bēlīya",
"pos": "N",
"epos": "N"}
}
,
{
"node": "l",
"frag": "liš-ru-ku",
"id": "P313526.l08666",
"ref": "P313526.7.8",
"inst": "lišruku[bestow]V",
"sig": "@saao/saa10%akk-x-neoass:liš-ru-ku=šarāku[present//bestow]V'V$lišruku",
"f": {"lang": "akk-x-neoass",
"form": "liš-ru-ku",
"cf": "šarāku",
"gw": "present",
"sense": "bestow",
"norm": "lišruku",
"pos": "V",
"epos": "V"}
}
,
{
"node": "d",
"type": "line-start",
"ref": "P313526.8",
"n": "7",
"label": "o 7"}
,
{
"node": "l",
"frag": "⸢ki⸣-i",
"id": "P313526.l08667",
"ref": "P313526.8.1",
"inst": "kî[like]PRP",
"sig": "@saao/saa10%akk-x-neoass:ki-i=kī[like//just as]PRP'PRP$kî",
"f": {"lang": "akk-x-neoass",
"form": "ki-i",
"cf": "kī",
"gw": "like",
"sense": "just as",
"norm": "kî",
"pos": "PRP",
"epos": "PRP"}
}
,
{
"node": "l",
"frag": "AN-e",
"id": "P313526.l08668",
"ref": "P313526.8.2",
"inst": "šamê[heaven]N",
"sig": "@saao/saa10%akk-x-neoass:AN-e=šamû[sky//heaven]N'N$šamê",
"f": {"lang": "akk-x-neoass",
"form": "AN-e",
"cf": "šamû",
"gw": "sky",
"sense": "heaven",
"norm": "šamê",
"pos": "N",
"epos": "N"}
}
,
{
"node": "l",
"frag": "u",
"id": "P313526.l08669",
"ref": "P313526.8.3",
"inst": "u[and]CNJ",
"sig": "@saao/saa10%akk-x-neoass:u=u[and//and]CNJ'CNJ$u",
"f": {"lang": "akk-x-neoass",
"form": "u",
"cf": "u",
"gw": "and",
"sense": "and",
"norm": "u",
"pos": "CNJ",
"epos": "CNJ"}
}
,
{
"node": "l",
"frag": "KI.TIM",
"id": "P313526.l0866a",
"ref": "P313526.8.4",
"inst": "kaqqiri[earth]N",
"sig": "@saao/saa10%akk-x-neoass:KI.TIM=qaqqaru[ground//earth]N'N$kaqqiri",
"f": {"lang": "akk-x-neoass",
"form": "KI.TIM",
"cf": "qaqqaru",
"gw": "ground",
"sense": "earth",
"norm": "kaqqiri",
"pos": "N",
"epos": "N"}
}
,
{
"node": "l",
"frag": "⸢LUGAL⸣",
"id": "P313526.l0866b",
"ref": "P313526.8.5",
"inst": "šarru[king]N",
"sig": "@saao/saa10%akk-x-neoass:LUGAL=šarru[king//king]N'N$šarru",
"f": {"lang": "akk-x-neoass",
"form": "LUGAL",
"cf": "šarru",
"gw": "king",
"sense": "king",
"norm": "šarru",
"pos": "N",
"epos": "N"}
}
,
{
"node": "l",
"frag": "be-li₂",
"id": "P313526.l0866c",
"ref": "P313526.8.6",
"inst": "bēlī[lord]N",
"sig": "@saao/saa10%akk-x-neoass:be-li₂=bēlu[lord//lord]N'N$bēlī",
"f": {"lang": "akk-x-neoass",
"form": "be-li₂",
"cf": "bēlu",
"gw": "lord",
"sense": "lord",
"norm": "bēlī",
"pos": "N",
"epos": "N"}
}
,
{
"node": "l",
"frag": "lu-u",
"id": "P313526.l0866d",
"ref": "P313526.8.7",
"inst": "lū[may]MOD",
"sig": "@saao/saa10%akk-x-neoass:lu-u=lū[may//may]MOD'MOD$lū",
"f": {"lang": "akk-x-neoass",
"form": "lu-u",
"cf": "lū",
"gw": "may",
"sense": "may",
"norm": "lū",
"pos": "MOD",
"epos": "MOD"}
}
,
{
"node": "l",
"frag": "da-a-ar",
"id": "P313526.l0866e",
"ref": "P313526.8.8",
"inst": "+dārû[lasting//everlasting]AJ'AJ$dār",
"sig": "@saao/saa10%akk-x-neoass:da-a-ar=dārû[lasting//everlasting]AJ'AJ$dār",
"f": {"lang": "akk-x-neoass",
"form": "da-a-ar",
"cf": "dārû",
"gw": "lasting",
"sense": "everlasting",
"norm": "dār",
"pos": "AJ",
"epos": "AJ"}
}
,
{
"node": "d",
"type": "line-start",
"ref": "P313526.9",
"n": "8",
"label": "o 8"}
,
{
"node": "l",
"frag": "{⸢d⸣}15",
"id": "P313526.l0866f",
"ref": "P313526.9.1",
"inst": "Issar[1]DN",
"sig": "@saao/saa10%akk-x-neoass:{d}15=Ištar[1//1]DN'DN$Issar",
"f": {"lang": "akk-x-neoass",
"form": "{d}15",
"cf": "Ištar",
"gw": "1",
"sense": "1",
"norm": "Issar",
"pos": "DN",
"epos": "DN"}
}
,
{
"node": "l",
"frag": "ša",
"id": "P313526.l08670",
"ref": "P313526.9.2",
"inst": "ša[of]DET",
"sig": "@saao/saa10%akk-x-neoass:ša=ša[of//of]DET'DET$ša",
"f": {"lang": "akk-x-neoass",
"form": "ša",
"cf": "ša",
"gw": "of",
"sense": "of",
"norm": "ša",
"pos": "DET",
"epos": "DET"}
}
,
{
"node": "l",
"frag": "{⸢uru}arba⸣-il₃",
"id": "P313526.l08671",
"ref": "P313526.9.3",
"inst": "Arbail[Arbela]GN",
"sig": "@saao/saa10%akk-x-neoass:{URU}arba-il₃=Arbail[Arbela//Arbela]GN'GN$Arbail",
"f": {"lang": "akk-x-neoass",
"form": "{URU}arba-il₃",
"cf": "Arbail",
"gw": "Arbela",
"sense": "Arbela",
"norm": "Arbail",
"pos": "GN",
"epos": "GN"}
}
,
{
"node": "l",
"frag": "am-mar",
"id": "P313526.l08672",
"ref": "P313526.9.4",
"inst": "ammar[whatever]REL",
"sig": "@saao/saa10%akk-x-neoass:am-mar=ammar[as much as//whatever]REL'REL$ammar",
"f": {"lang": "akk-x-neoass",
"form": "am-mar",
"cf": "ammar",
"gw": "as much as",
"sense": "whatever",
"norm": "ammar",
"pos": "REL",
"epos": "REL"}
}
,
{
"node": "l",
"frag": "{lu₂}KUR₂-MEŠ-ni",
"id": "P313526.l08673",
"ref": "P313526.9.5",
"inst": "+nakru[enemy]N$nakrūtīni",
"sig": "@saao/saa10%akk-x-neoass:{LU₂}KUR₂-MEŠ-ni=nakru[enemy//enemy]N'N$nakrūtīni",
"f": {"lang": "akk-x-neoass",
"form": "{LU₂}KUR₂-MEŠ-ni",
"cf": "nakru",
"gw": "enemy",
"sense": "enemy",
"norm": "nakrūtīni",
"pos": "N",
"epos": "N"}
}
,
{
"node": "d",
"type": "line-start",
"ref": "P313526.10",
"n": "9",
"label": "o 9"}
,
{
"node": "l",
"frag": "[ina",
"id": "P313526.l08674",
"ref": "P313526.10.1",
"inst": "ina[in]PRP",
"sig": "@saao/saa10%akk-x-neoass:ina=ina[in//in]PRP'PRP$ina",
"f": {"lang": "akk-x-neoass",
"form": "ina",
"cf": "ina",
"gw": "in",
"sense": "in",
"norm": "ina",
"pos": "PRP",
"epos": "PRP"}
}
,
{
"node": "l",
"frag": "IGI",
"id": "P313526.l08675",
"ref": "P313526.10.2",
"inst": "pān[front]N",
"sig": "@saao/saa10%akk-x-neoass:IGI=pānu[front//front]N'N$pān",
"f": {"lang": "akk-x-neoass",
"form": "IGI",
"cf": "pānu",
"gw": "front",
"sense": "front",
"norm": "pān",
"pos": "N",
"epos": "N"}
}
,
{
"node": "l",
"frag": "GIR₃.2-MEŠ",
"id": "P313526.l08676",
"ref": "P313526.10.3",
"inst": "šēpē[foot]N",
"sig": "@saao/saa10%akk-x-neoass:GIR₃.2-MEŠ=šēpu[foot//foot]N'N$šēpē",
"f": {"lang": "akk-x-neoass",
"form": "GIR₃.2-MEŠ",
"cf": "šēpu",
"gw": "foot",
"sense": "foot",
"norm": "šēpē",
"pos": "N",
"epos": "N"}
}
,
{
"node": "l",
"frag": "ša",
"id": "P313526.l08677",
"ref": "P313526.10.4",
"inst": "ša[of]DET",
"sig": "@saao/saa10%akk-x-neoass:ša=ša[of//of]DET'DET$ša",
"f": {"lang": "akk-x-neoass",
"form": "ša",
"cf": "ša",
"gw": "of",
"sense": "of",
"norm": "ša",
"pos": "DET",
"epos": "DET"}
}
,
{
"node": "l",
"frag": "LUGAL",
"id": "P313526.l08678",
"ref": "P313526.10.5",
"inst": "šarri[king]N",
"sig": "@saao/saa10%akk-x-neoass:LUGAL=šarru[king//king]N'N$šarri",
"f": {"lang": "akk-x-neoass",
"form": "LUGAL",
"cf": "šarru",
"gw": "king",
"sense": "king",
"norm": "šarri",
"pos": "N",
"epos": "N"}
}
,
{
"node": "l",
"frag": "EN-ia]",
"id": "P313526.l08679",
"ref": "P313526.10.6",
"inst": "bēlīya[lord]N",
"sig": "@saao/saa10%akk-x-neoass:EN-ia=bēlu[lord//lord]N'N$bēlīya",
"f": {"lang": "akk-x-neoass",
"form": "EN-ia",
"cf": "bēlu",
"gw": "lord",
"sense": "lord",
"norm": "bēlīya",
"pos": "N",
"epos": "N"}
}
,
{
"node": "l",
"frag": "⸢lu⸣-u",
"id": "P313526.l0867a",
"ref": "P313526.10.7",
"inst": "lū[may]MOD",
"sig": "@saao/saa10%akk-x-neoass:lu-u=lū[may//may]MOD'MOD$lū",
"f": {"lang": "akk-x-neoass",
"form": "lu-u",
"cf": "lū",
"gw": "may",
"sense": "may",
"norm": "lū",
"pos": "MOD",
"epos": "MOD"}
}
,
{
"node": "l",
"frag": "tu-sa-hi-ip",
"id": "P313526.l0867b",
"ref": "P313526.10.8",
"inst": "+sahāpu[envelop//overwhelm]V'V$tusahhip",
"sig": "@saao/saa10%akk-x-neoass:tu-sa-hi-ip=sahāpu[envelop//overwhelm]V'V$tusahhip",
"f": {"lang": "akk-x-neoass",
"form": "tu-sa-hi-ip",
"cf": "sahāpu",
"gw": "envelop",
"sense": "overwhelm",
"norm": "tusahhip",
"pos": "V",
"epos": "V"}
}
,
{
"node": "d",
"type": "line-start",
"ref": "P313526.11",
"n": "10",
"label": "o 10"}
,
{
"node": "l",
"frag": "[x",
"id": "P313526.l0867c",
"ref": "P313526.11.1",
"inst": "u",
"f": {"lang": "akk-x-neoass",
"form": "x",
"pos": "u"}
}
,
{
"node": "l",
"frag": "x",
"id": "P313526.l0867d",
"ref": "P313526.11.2",
"inst": "u",
"f": {"lang": "akk-x-neoass",
"form": "x",
"pos": "u"}
}
,
{
"node": "l",
"frag": "x",
"id": "P313526.l0867e",
"ref": "P313526.11.3",
"inst": "u",
"f": {"lang": "akk-x-neoass",
"form": "x",
"pos": "u"}
}
,
{
"node": "l",
"frag": "x",
"id": "P313526.l0867f",
"ref": "P313526.11.4",
"inst": "u",
"f": {"lang": "akk-x-neoass",
"form": "x",
"pos": "u"}
}
,
{
"node": "l",
"frag": "x",
"id": "P313526.l08680",
"ref": "P313526.11.5",
"inst": "u",
"f": {"lang": "akk-x-neoass",
"form": "x",
"pos": "u"}
}
,
{
"node": "l",
"frag": "x",
"id": "P313526.l08681",
"ref": "P313526.11.6",
"inst": "u",
"f": {"lang": "akk-x-neoass",
"form": "x",
"pos": "u"}
}
,
{
"node": "l",
"frag": "x",
"id": "P313526.l08682",
"ref": "P313526.11.7",
"inst": "u",
"f": {"lang": "akk-x-neoass",
"form": "x",
"pos": "u"}
}
,
{
"node": "l",
"frag": "lu-u]",
"id": "P313526.l08683",
"ref": "P313526.11.8",
"inst": "lū[may]MOD",
"sig": "@saao/saa10%akk-x-neoass:lu-u=lū[may//may]MOD'MOD$lū",
"f": {"lang": "akk-x-neoass",
"form": "lu-u",
"cf": "lū",
"gw": "may",
"sense": "may",
"norm": "lū",
"pos": "MOD",
"epos": "MOD"}
}
,
{
"node": "l",
"frag": "⸢taš⸣-kun",
"id": "P313526.l08684",
"ref": "P313526.11.9",
"inst": "+šakānu[put//place]V'V$taškun",
"sig": "@saao/saa10%akk-x-neoass:taš-kun=šakānu[put//place]V'V$taškun",
"f": {"lang": "akk-x-neoass",
"form": "taš-kun",
"cf": "šakānu",
"gw": "put",
"sense": "place",
"norm": "taškun",
"pos": "V",
"epos": "V"}
}
,
{
"node": "d",
"subtype": "reverse",
"type": "surface",
"ref": "P313526.r.12",
"type": "reverse",
"label": "r"}
,
{
"node": "d",
"type": "line-start",
"ref": "P313526.13",
"n": "1",
"label": "r 1"}
,
{
"node": "l",
"frag": "[x",
"id": "P313526.l08685",
"ref": "P313526.13.1",
"inst": "u",
"f": {"lang": "akk-x-neoass",
"form": "x",
"pos": "u"}
}
,
{
"node": "l",
"frag": "x",
"id": "P313526.l08686",
"ref": "P313526.13.2",
"inst": "u",
"f": {"lang": "akk-x-neoass",
"form": "x",
"pos": "u"}
}
,
{
"node": "l",
"frag": "x",
"id": "P313526.l08687",
"ref": "P313526.13.3",
"inst": "u",
"f": {"lang": "akk-x-neoass",
"form": "x",
"pos": "u"}
}
,
{
"node": "l",
"frag": "x",
"id": "P313526.l08688",
"ref": "P313526.13.4",
"inst": "u",
"f": {"lang": "akk-x-neoass",
"form": "x",
"pos": "u"}
}
,
{
"node": "l",
"frag": "x",
"id": "P313526.l08689",
"ref": "P313526.13.5",
"inst": "u",
"f": {"lang": "akk-x-neoass",
"form": "x",
"pos": "u"}
}
,
{
"node": "l",
"frag": "x",
"id": "P313526.l0868a",
"ref": "P313526.13.6",
"inst": "u",
"f": {"lang": "akk-x-neoass",
"form": "x",
"pos": "u"}
}
,
{
"node": "l",
"frag": "x",
"id": "P313526.l0868b",
"ref": "P313526.13.7",
"inst": "u",
"f": {"lang": "akk-x-neoass",
"form": "x",
"pos": "u"}
}
,
{
"node": "l",
"frag": "x",
"id": "P313526.l0868c",
"ref": "P313526.13.8",
"inst": "u",
"f": {"lang": "akk-x-neoass",
"form": "x",
"pos": "u"}
}
,
{
"node": "l",
"frag": "x",
"id": "P313526.l0868d",
"ref": "P313526.13.9",
"inst": "u",
"f": {"lang": "akk-x-neoass",
"form": "x",
"pos": "u"}
}
,
{
"node": "l",
"frag": "x",
"id": "P313526.l0868e",
"ref": "P313526.13.10",
"inst": "u",
"f": {"lang": "akk-x-neoass",
"form": "x",
"pos": "u"}
}
,
{
"node": "l",
"frag": "x",
"id": "P313526.l0868f",
"ref": "P313526.13.11",
"inst": "u",
"f": {"lang": "akk-x-neoass",
"form": "x",
"pos": "u"}
}
,
{
"node": "l",
"frag": "x]",
"id": "P313526.l08690",
"ref": "P313526.13.12",
"inst": "u",
"f": {"lang": "akk-x-neoass",
"form": "x",
"pos": "u"}
}
,
{
"node": "d",
"type": "line-start",
"ref": "P313526.14",
"n": "2",
"label": "r 2"}
,
{
"node": "l",
"frag": "[x",
"id": "P313526.l08691",
"ref": "P313526.14.1",
"inst": "u",
"f": {"lang": "akk-x-neoass",
"form": "x",
"pos": "u"}
}
,
{
"node": "l",
"frag": "x",
"id": "P313526.l08692",
"ref": "P313526.14.2",
"inst": "u",
"f": {"lang": "akk-x-neoass",
"form": "x",
"pos": "u"}
}
,
{
"node": "l",
"frag": "x",
"id": "P313526.l08693",
"ref": "P313526.14.3",
"inst": "u",
"f": {"lang": "akk-x-neoass",
"form": "x",
"pos": "u"}
}
,
{
"node": "l",
"frag": "x",
"id": "P313526.l08694",
"ref": "P313526.14.4",
"inst": "u",
"f": {"lang": "akk-x-neoass",
"form": "x",
"pos": "u"}
}
,
{
"node": "l",
"frag": "x",
"id": "P313526.l08695",
"ref": "P313526.14.5",
"inst": "u",
"f": {"lang": "akk-x-neoass",
"form": "x",
"pos": "u"}
}
,
{
"node": "l",
"frag": "x",
"id": "P313526.l08696",
"ref": "P313526.14.6",
"inst": "u",
"f": {"lang": "akk-x-neoass",
"form": "x",
"pos": "u"}
}
,
{
"node": "l",
"frag": "x",
"id": "P313526.l08697",
"ref": "P313526.14.7",
"inst": "u",
"f": {"lang": "akk-x-neoass",
"form": "x",
"pos": "u"}
}
,
{
"node": "l",
"frag": "x",
"id": "P313526.l08698",
"ref": "P313526.14.8",
"inst": "u",
"f": {"lang": "akk-x-neoass",
"form": "x",
"pos": "u"}
}
,
{
"node": "l",
"frag": "x",
"id": "P313526.l08699",
"ref": "P313526.14.9",
"inst": "u",
"f": {"lang": "akk-x-neoass",
"form": "x",
"pos": "u"}
}
,
{
"node": "l",
"frag": "x",
"id": "P313526.l0869a",
"ref": "P313526.14.10",
"inst": "u",
"f": {"lang": "akk-x-neoass",
"form": "x",
"pos": "u"}
}
,
{
"node": "l",
"frag": "x]",
"id": "P313526.l0869b",
"ref": "P313526.14.11",
"inst": "u",
"f": {"lang": "akk-x-neoass",
"form": "x",
"pos": "u"}
}
,
{
"node": "l",
"frag": "⸢ka⸣",
"id": "P313526.l0869c",
"ref": "P313526.14.12",
"inst": "u",
"f": {"lang": "akk-x-neoass",
"form": "ka",
"pos": "u"}
}
,
{
"node": "d",
"type": "line-start",
"ref": "P313526.15",
"n": "3",
"label": "r 3"}
,
{
"node": "l",
"frag": "[x",
"id": "P313526.l0869d",
"ref": "P313526.15.1",
"inst": "u",
"f": {"lang": "akk-x-neoass",
"form": "x",
"pos": "u"}
}
,
{
"node": "l",
"frag": "x",
"id": "P313526.l0869e",
"ref": "P313526.15.2",
"inst": "u",
"f": {"lang": "akk-x-neoass",
"form": "x",
"pos": "u"}
}
,
{
"node": "l",
"frag": "x",
"id": "P313526.l0869f",
"ref": "P313526.15.3",
"inst": "u",
"f": {"lang": "akk-x-neoass",
"form": "x",
"pos": "u"}
}
,
{
"node": "l",
"frag": "x",
"id": "P313526.l086a0",
"ref": "P313526.15.4",
"inst": "u",
"f": {"lang": "akk-x-neoass",
"form": "x",
"pos": "u"}
}
,
{
"node": "l",
"frag": "x",
"id": "P313526.l086a1",
"ref": "P313526.15.5",
"inst": "u",
"f": {"lang": "akk-x-neoass",
"form": "x",
"pos": "u"}
}
,
{
"node": "l",
"frag": "x",
"id": "P313526.l086a2",
"ref": "P313526.15.6",
"inst": "u",
"f": {"lang": "akk-x-neoass",
"form": "x",
"pos": "u"}
}
,
{
"node": "l",
"frag": "x",
"id": "P313526.l086a3",
"ref": "P313526.15.7",
"inst": "u",
"f": {"lang": "akk-x-neoass",
"form": "x",
"pos": "u"}
}
,
{
"node": "l",
"frag": "x",
"id": "P313526.l086a4",
"ref": "P313526.15.8",
"inst": "u",
"f": {"lang": "akk-x-neoass",
"form": "x",
"pos": "u"}
}
,
{
"node": "l",
"frag": "x",
"id": "P313526.l086a5",
"ref": "P313526.15.9",
"inst": "u",
"f": {"lang": "akk-x-neoass",
"form": "x",
"pos": "u"}
}
,
{
"node": "l",
"frag": "x",
"id": "P313526.l086a6",
"ref": "P313526.15.10",
"inst": "u",
"f": {"lang": "akk-x-neoass",
"form": "x",
"pos": "u"}
}
,
{
"node": "l",
"frag": "x]-kun",
"id": "P313526.l086a7",
"ref": "P313526.15.11",
"inst": "u",
"f": {"lang": "akk-x-neoass",
"form": "x-kun",
"pos": "u"}
}
,
{
"node": "d",
"type": "line-start",
"ref": "P313526.16",
"n": "4",
"label": "r 4"}
,
{
"node": "l",
"frag": "[x",
"id": "P313526.l086a8",
"ref": "P313526.16.1",
"inst": "u",
"f": {"lang": "akk-x-neoass",
"form": "x",
"pos": "u"}
}
,
{
"node": "l",
"frag": "x",
"id": "P313526.l086a9",
"ref": "P313526.16.2",
"inst": "u",
"f": {"lang": "akk-x-neoass",
"form": "x",
"pos": "u"}
}
,
{
"node": "l",
"frag": "x",
"id": "P313526.l086aa",
"ref": "P313526.16.3",
"inst": "u",
"f": {"lang": "akk-x-neoass",
"form": "x",
"pos": "u"}
}
,
{
"node": "l",
"frag": "x",
"id": "P313526.l086ab",
"ref": "P313526.16.4",
"inst": "u",
"f": {"lang": "akk-x-neoass",
"form": "x",
"pos": "u"}
}
,
{
"node": "l",
"frag": "x",
"id": "P313526.l086ac",
"ref": "P313526.16.5",
"inst": "u",
"f": {"lang": "akk-x-neoass",
"form": "x",
"pos": "u"}
}
,
{
"node": "l",
"frag": "x",
"id": "P313526.l086ad",
"ref": "P313526.16.6",
"inst": "u",
"f": {"lang": "akk-x-neoass",
"form": "x",
"pos": "u"}
}
,
{
"node": "l",
"frag": "x",
"id": "P313526.l086ae",
"ref": "P313526.16.7",
"inst": "u",
"f": {"lang": "akk-x-neoass",
"form": "x",
"pos": "u"}
}
,
{
"node": "l",
"frag": "x",
"id": "P313526.l086af",
"ref": "P313526.16.8",
"inst": "u",
"f": {"lang": "akk-x-neoass",
"form": "x",
"pos": "u"}
}
,
{
"node": "l",
"frag": "x",
"id": "P313526.l086b0",
"ref": "P313526.16.9",
"inst": "u",
"f": {"lang": "akk-x-neoass",
"form": "x",
"pos": "u"}
}
,
{
"node": "l",
"frag": "x",
"id": "P313526.l086b1",
"ref": "P313526.16.10",
"inst": "u",
"f": {"lang": "akk-x-neoass",
"form": "x",
"pos": "u"}
}
,
{
"node": "l",
"frag": "x]-du",
"id": "P313526.l086b2",
"ref": "P313526.16.11",
"inst": "u",
"f": {"lang": "akk-x-neoass",
"form": "x-du",
"pos": "u"}
}
,
{
"node": "d",
"type": "nonx",
"ref": "P313526.17",
"strict": "0",
"extent": "5-7",
"scope": "line",
"state": "missing"}
,
{
"node": "d",
"type": "line-start",
"ref": "P313526.18",
"n": "8",
"label": "r 8"}
,
{
"node": "l",
"frag": "[x",
"id": "P313526.l086b3",
"ref": "P313526.18.1",
"inst": "u",
"f": {"lang": "akk-x-neoass",
"form": "x",
"pos": "u"}
}
,
{
"node": "l",
"frag": "x",
"id": "P313526.l086b4",
"ref": "P313526.18.2",
"inst": "u",
"f": {"lang": "akk-x-neoass",
"form": "x",
"pos": "u"}
}
,
{
"node": "l",
"frag": "x",
"id": "P313526.l086b5",
"ref": "P313526.18.3",
"inst": "u",
"f": {"lang": "akk-x-neoass",
"form": "x",
"pos": "u"}
}
,
{
"node": "l",
"frag": "x",
"id": "P313526.l086b6",
"ref": "P313526.18.4",
"inst": "u",
"f": {"lang": "akk-x-neoass",
"form": "x",
"pos": "u"}
}
,
{
"node": "l",
"frag": "x",
"id": "P313526.l086b7",
"ref": "P313526.18.5",
"inst": "u",
"f": {"lang": "akk-x-neoass",
"form": "x",
"pos": "u"}
}
,
{
"node": "l",
"frag": "x",
"id": "P313526.l086b8",
"ref": "P313526.18.6",
"inst": "u",
"f": {"lang": "akk-x-neoass",
"form": "x",
"pos": "u"}
}
,
{
"node": "l",
"frag": "x",
"id": "P313526.l086b9",
"ref": "P313526.18.7",
"inst": "u",
"f": {"lang": "akk-x-neoass",
"form": "x",
"pos": "u"}
}
,
{
"node": "l",
"frag": "x",
"id": "P313526.l086ba",
"ref": "P313526.18.8",
"inst": "u",
"f": {"lang": "akk-x-neoass",
"form": "x",
"pos": "u"}
}
,
{
"node": "l",
"frag": "x",
"id": "P313526.l086bb",
"ref": "P313526.18.9",
"inst": "u",
"f": {"lang": "akk-x-neoass",
"form": "x",
"pos": "u"}
}
,
{
"node": "l",
"frag": "x",
"id": "P313526.l086bc",
"ref": "P313526.18.10",
"inst": "u",
"f": {"lang": "akk-x-neoass",
"form": "x",
"pos": "u"}
}
,
{
"node": "l",
"frag": "x]",
"id": "P313526.l086bd",
"ref": "P313526.18.11",
"inst": "u",
"f": {"lang": "akk-x-neoass",
"form": "x",
"pos": "u"}
}
,
{
"node": "l",
"frag": "⸢x⸣",
"id": "P313526.l086be",
"ref": "P313526.18.12",
"inst": "u",
"f": {"lang": "akk-x-neoass",
"form": "x",
"pos": "u"}
}
,
{
"node": "d",
"type": "line-start",
"ref": "P313526.19",
"n": "9",
"label": "r 9"}
,
{
"node": "l",
"frag": "[x",
"id": "P313526.l086bf",
"ref": "P313526.19.1",
"inst": "u",
"f": {"lang": "akk-x-neoass",
"form": "x",
"pos": "u"}
}
,
{
"node": "l",
"frag": "x",
"id": "P313526.l086c0",
"ref": "P313526.19.2",
"inst": "u",
"f": {"lang": "akk-x-neoass",
"form": "x",
"pos": "u"}
}
,
{
"node": "l",
"frag": "x",
"id": "P313526.l086c1",
"ref": "P313526.19.3",
"inst": "u",
"f": {"lang": "akk-x-neoass",
"form": "x",
"pos": "u"}
}
,
{
"node": "l",
"frag": "x]",
"id": "P313526.l086c2",
"ref": "P313526.19.4",
"inst": "u",
"f": {"lang": "akk-x-neoass",
"form": "x",
"pos": "u"}
}
,
{
"node": "l",
"frag": "⸢ad",
"id": "P313526.l086c3",
"ref": "P313526.19.5",
"inst": "u",
"f": {"lang": "akk-x-neoass",
"form": "ad",
"pos": "u"}
}
,
{
"node": "l",
"frag": "ib⸣",
"id": "P313526.l086c4",
"ref": "P313526.19.6",
"inst": "u",
"f": {"lang": "akk-x-neoass",
"form": "ib",
"pos": "u"}
}
,
{
"node": "l",
"frag": "hu",
"id": "P313526.l086c5",
"ref": "P313526.19.7",
"inst": "u",
"f": {"lang": "akk-x-neoass",
"form": "hu",
"pos": "u"}
}
,
{
"node": "l",
"frag": "e",
"id": "P313526.l086c6",
"ref": "P313526.19.8",
"inst": "u",
"f": {"lang": "akk-x-neoass",
"form": "e",
"pos": "u"}
}
,
{
"node": "l",
"frag": "01",
"id": "P313526.l086c7",
"ref": "P313526.19.9",
"inst": "n",
"f": {"lang": "akk-x-neoass",
"form": "01",
"pos": "n"}
}
,
{
"node": "l",
"frag": "{tug₂}DUL",
"id": "P313526.l086c8",
"ref": "P313526.19.10",
"inst": "+nahlaptu[garment//wrap]N'N$",
"sig": "@saao/saa10%akk-x-neoass:{TUG₂}DUL=nahlaptu[garment//wrap]N'N$nahlaptu",
"f": {"lang": "akk-x-neoass",
"form": "{TUG₂}DUL",
"cf": "nahlaptu",
"gw": "garment",
"sense": "wrap",
"norm": "nahlaptu",
"pos": "N",
"epos": "N"}
}
,
{
"node": "d",
"type": "line-start",
"ref": "P313526.20",
"n": "10",
"label": "r 10"}
,
{
"node": "l",
"frag": "[x",
"id": "P313526.l086c9",
"ref": "P313526.20.1",
"inst": "u",
"f": {"lang": "akk-x-neoass",
"form": "x",
"pos": "u"}
}
,
{
"node": "l",
"frag": "x",
"id": "P313526.l086ca",
"ref": "P313526.20.2",
"inst": "u",
"f": {"lang": "akk-x-neoass",
"form": "x",
"pos": "u"}
}
,
{
"node": "l",
"frag": "x",
"id": "P313526.l086cb",
"ref": "P313526.20.3",
"inst": "u",
"f": {"lang": "akk-x-neoass",
"form": "x",
"pos": "u"}
}
,
{
"node": "l",
"frag": "x]",
"id": "P313526.l086cc",
"ref": "P313526.20.4",
"inst": "u",
"f": {"lang": "akk-x-neoass",
"form": "x",
"pos": "u"}
}
,
{
"node": "l",
"frag": "⸢x⸣",
"id": "P313526.l086cd",
"ref": "P313526.20.5",
"inst": "u",
"f": {"lang": "akk-x-neoass",
"form": "x",
"pos": "u"}
}
,
{
"node": "l",
"frag": "pa-an",
"id": "P313526.l086ce",
"ref": "P313526.20.6",
"inst": "+pānu[front//before]N'PRP$pān",
"sig": "@saao/saa10%akk-x-neoass:pa-an=pānu[front//before]N'PRP$pān",
"f": {"lang": "akk-x-neoass",
"form": "pa-an",
"cf": "pānu",
"gw": "front",
"sense": "before",
"norm": "pān",
"pos": "N",
"epos": "PRP"}
}
,
{
"node": "l",
"frag": "{d}EN.KI",
"id": "P313526.l086cf",
"ref": "P313526.20.7",
"inst": "+Ea[]DN$Enki",
"sig": "@saao/saa10%akk-x-neoass:{d}EN.KI=Ea[1//1]DN'DN$Enki",
"f": {"lang": "akk-x-neoass",
"form": "{d}EN.KI",
"cf": "Ea",
"gw": "1",
"sense": "1",
"norm": "Enki",
"pos": "DN",
"epos": "DN"}
}
,
{
"node": "d",
"subtype": "right",
"type": "surface",
"ref": "P313526.r.e..21",
"type": "right",
"label": "r.e."}
,
{
"node": "d",
"type": "line-start",
"ref": "P313526.22",
"n": "11",
"label": "r.e. 11"}
,
{
"node": "l",
"frag": "[x",
"id": "P313526.l086d0",
"ref": "P313526.22.1",
"inst": "u",
"f": {"lang": "akk-x-neoass",
"form": "x",
"pos": "u"}
}
,
{
"node": "l",
"frag": "x",
"id": "P313526.l086d1",
"ref": "P313526.22.2",
"inst": "u",
"f": {"lang": "akk-x-neoass",
"form": "x",
"pos": "u"}
}
,
{
"node": "l",
"frag": "x",
"id": "P313526.l086d2",
"ref": "P313526.22.3",
"inst": "u",
"f": {"lang": "akk-x-neoass",
"form": "x",
"pos": "u"}
}
,
{
"node": "l",
"frag": "x]",
"id": "P313526.l086d3",
"ref": "P313526.22.4",
"inst": "u",
"f": {"lang": "akk-x-neoass",
"form": "x",
"pos": "u"}
}
,
{
"node": "l",
"frag": "⸢li⸣-li-su-um-ma",
"id": "P313526.l086d4",
"ref": "P313526.22.5",
"inst": "+lilissu[kettledrum]N$lilissumma",
"sig": "@saao/saa10%akk-x-neoass:li-li-su-um-ma=lilissu[kettledrum//kettledrum]N'N$lilissumma",
"f": {"lang": "akk-x-neoass",
"form": "li-li-su-um-ma",
"cf": "lilissu",
"gw": "kettledrum",
"sense": "kettledrum",
"norm": "lilissumma",
"pos": "N",
"epos": "N"}
}
,
{
"node": "d",
"type": "line-start",
"ref": "P313526.23",
"n": "12",
"label": "r.e. 12"}
,
{
"node": "l",
"frag": "[x",
"id": "P313526.l086d5",
"ref": "P313526.23.1",
"inst": "u",
"f": {"lang": "akk-x-neoass",
"form": "x",
"pos": "u"}
}
,
{
"node": "l",
"frag": "x",
"id": "P313526.l086d6",
"ref": "P313526.23.2",
"inst": "u",
"f": {"lang": "akk-x-neoass",
"form": "x",
"pos": "u"}
}
,
{
"node": "l",
"frag": "x",
"id": "P313526.l086d7",
"ref": "P313526.23.3",
"inst": "u",
"f": {"lang": "akk-x-neoass",
"form": "x",
"pos": "u"}
}
,
{
"node": "l",
"frag": "x]",
"id": "P313526.l086d8",
"ref": "P313526.23.4",
"inst": "u",
"f": {"lang": "akk-x-neoass",
"form": "x",
"pos": "u"}
}
,
{
"node": "l",
"frag": "i-dab₂-bu-ub",
"id": "P313526.l086d9",
"ref": "P313526.23.5",
"inst": "+dabābu[speak]V$idabbub",
"sig": "@saao/saa10%akk-x-neoass:i-dab₂-bu-ub=dabābu[speak//speak]V'V$idabbub",
"f": {"lang": "akk-x-neoass",
"form": "i-dab₂-bu-ub",
"cf": "dabābu",
"gw": "speak",
"sense": "speak",
"norm": "idabbub",
"pos": "V",
"epos": "V"}
}
]}
]}
]}
]}
