{
"type": "cdl",
  "source": "http://oracc.org/saao/saa10",
  "license": "This data is released under the CC0 license",
  "license-url": "https://creativecommons.org/publicdomain/zero/1.0/",
  "more-info": "http://oracc.org/doc/opendata/",
  "UTC-timestamp": "2017-05-19T11:42:18",
"project": "saao/saa10",
"textid": "P313530",
"cdl": [
{
"node": "c",
"type": "text",
"id": "P313530.U0",
"cdl": [
{
"node": "d",
"type": "object",
"ref": ""}
,
{
"node": "d",
"subtype": "obverse",
"type": "surface",
"ref": "P313530.o.1",
"type": "obverse",
"label": "o"}
,
{
"node": "c",
"type": "discourse",
"subtype": "body",
"id": "P313530.U1",
"cdl": [
{
"node": "c",
"type": "sentence",
"id": "P313530.U2",
"label": "o 1 - b.e. 18",
"cdl": [
{
"node": "d",
"type": "line-start",
"ref": "P313530.2",
"n": "1",
"label": "o 1"}
,
{
"node": "l",
"frag": "a-na",
"id": "P313530.l013fb",
"ref": "P313530.2.1",
"inst": "ana[to]PRP",
"sig": "@saao/saa10%akk-x-neoass:a-na=ana[to//to]PRP'PRP$ana",
"f": {"lang": "akk-x-neoass",
"form": "a-na",
"cf": "ana",
"gw": "to",
"sense": "to",
"norm": "ana",
"pos": "PRP",
"epos": "PRP"}
}
,
{
"node": "l",
"frag": "LUGAL",
"id": "P313530.l013fc",
"ref": "P313530.2.2",
"inst": "šarri[king]N",
"sig": "@saao/saa10%akk-x-neoass:LUGAL=šarru[king//king]N'N$šarri",
"f": {"lang": "akk-x-neoass",
"form": "LUGAL",
"cf": "šarru",
"gw": "king",
"sense": "king",
"norm": "šarri",
"pos": "N",
"epos": "N"}
}
,
{
"node": "l",
"frag": "EN-ni",
"id": "P313530.l013fd",
"ref": "P313530.2.3",
"inst": "bēlīni[lord]N",
"sig": "@saao/saa10%akk-x-neoass:EN-ni=bēlu[lord//lord]N'N$bēlīni",
"f": {"lang": "akk-x-neoass",
"form": "EN-ni",
"cf": "bēlu",
"gw": "lord",
"sense": "lord",
"norm": "bēlīni",
"pos": "N",
"epos": "N"}
}
,
{
"node": "d",
"type": "line-start",
"ref": "P313530.3",
"n": "2",
"label": "o 2"}
,
{
"node": "l",
"frag": "ARAD-MEŠ-ka",
"id": "P313530.l013fe",
"ref": "P313530.3.1",
"inst": "urdānīka[servant]N",
"sig": "@saao/saa10%akk-x-neoass:ARAD-MEŠ-ka=ardu[slave//servant]N'N$urdānīka",
"f": {"lang": "akk-x-neoass",
"form": "ARAD-MEŠ-ka",
"cf": "ardu",
"gw": "slave",
"sense": "servant",
"norm": "urdānīka",
"pos": "N",
"epos": "N"}
}
,
{
"node": "l",
"frag": "{1}ba-la-si-i",
"id": "P313530.l013ff",
"ref": "P313530.3.2",
"inst": "Balasi[1]PN",
"sig": "@saao/saa10%akk-x-neoass:{1}ba-la-si-i=Balasi[1//1]PN'PN$Balasi",
"f": {"lang": "akk-x-neoass",
"form": "{1}ba-la-si-i",
"cf": "Balasi",
"gw": "1",
"sense": "1",
"norm": "Balasi",
"pos": "PN",
"epos": "PN"}
}
,
{
"node": "d",
"type": "line-start",
"ref": "P313530.4",
"n": "3",
"label": "o 3"}
,
{
"node": "l",
"frag": "{1}{d}PA-PAB-MEŠ-SU",
"id": "P313530.l01400",
"ref": "P313530.4.1",
"inst": "Nabu-ahhe-eriba[1]PN",
"sig": "@saao/saa10%akk-x-neoass:{1}{d}PA-PAB-MEŠ-SU=Nabu-ahhe-eriba[1//1]PN'PN$Nabu-ahhe-eriba",
"f": {"lang": "akk-x-neoass",
"form": "{1}{d}PA-PAB-MEŠ-SU",
"cf": "Nabu-ahhe-eriba",
"gw": "1",
"sense": "1",
"norm": "Nabu-ahhe-eriba",
"pos": "PN",
"epos": "PN"}
}
,
{
"node": "d",
"type": "line-start",
"ref": "P313530.5",
"n": "4",
"label": "o 4"}
,
{
"node": "l",
"frag": "lu",
"id": "P313530.l01401",
"ref": "P313530.5.1",
"inst": "lū[may]MOD",
"sig": "@saao/saa10%akk-x-neoass:lu=lū[may//may]MOD'MOD$lū",
"f": {"lang": "akk-x-neoass",
"form": "lu",
"cf": "lū",
"gw": "may",
"sense": "may",
"norm": "lū",
"pos": "MOD",
"epos": "MOD"}
}
,
{
"node": "l",
"frag": "šul-mu",
"id": "P313530.l01402",
"ref": "P313530.5.2",
"inst": "šulmu[health]N",
"sig": "@saao/saa10%akk-x-neoass:šul-mu=šulmu[completeness//health]N'N$šulmu",
"f": {"lang": "akk-x-neoass",
"form": "šul-mu",
"cf": "šulmu",
"gw": "completeness",
"sense": "health",
"norm": "šulmu",
"pos": "N",
"epos": "N"}
}
,
{
"node": "l",
"frag": "a-na",
"id": "P313530.l01403",
"ref": "P313530.5.3",
"inst": "ana[to]PRP",
"sig": "@saao/saa10%akk-x-neoass:a-na=ana[to//to]PRP'PRP$ana",
"f": {"lang": "akk-x-neoass",
"form": "a-na",
"cf": "ana",
"gw": "to",
"sense": "to",
"norm": "ana",
"pos": "PRP",
"epos": "PRP"}
}
,
{
"node": "l",
"frag": "LUGAL",
"id": "P313530.l01404",
"ref": "P313530.5.4",
"inst": "šarri[king]N",
"sig": "@saao/saa10%akk-x-neoass:LUGAL=šarru[king//king]N'N$šarri",
"f": {"lang": "akk-x-neoass",
"form": "LUGAL",
"cf": "šarru",
"gw": "king",
"sense": "king",
"norm": "šarri",
"pos": "N",
"epos": "N"}
}
,
{
"node": "d",
"type": "line-start",
"ref": "P313530.6",
"n": "5",
"label": "o 5"}
,
{
"node": "l",
"frag": "EN-ni",
"id": "P313530.l01405",
"ref": "P313530.6.1",
"inst": "bēlīni[lord]N",
"sig": "@saao/saa10%akk-x-neoass:EN-ni=bēlu[lord//lord]N'N$bēlīni",
"f": {"lang": "akk-x-neoass",
"form": "EN-ni",
"cf": "bēlu",
"gw": "lord",
"sense": "lord",
"norm": "bēlīni",
"pos": "N",
"epos": "N"}
}
,
{
"node": "d",
"type": "line-start",
"ref": "P313530.7",
"n": "6",
"label": "o 6"}
,
{
"node": "l",
"frag": "{d}PA",
"id": "P313530.l01406",
"ref": "P313530.7.1",
"inst": "Nabu[1]DN",
"sig": "@saao/saa10%akk-x-neoass:{d}PA=Nabu[1//1]DN'DN$Nabu",
"f": {"lang": "akk-x-neoass",
"form": "{d}PA",
"cf": "Nabu",
"gw": "1",
"sense": "1",
"norm": "Nabu",
"pos": "DN",
"epos": "DN"}
}
,
{
"node": "l",
"frag": "{d}AMAR.UTU",
"id": "P313530.l01407",
"ref": "P313530.7.2",
"inst": "Marduk[1]DN",
"sig": "@saao/saa10%akk-x-neoass:{d}AMAR.UTU=Marduk[1//1]DN'DN$Marduk",
"f": {"lang": "akk-x-neoass",
"form": "{d}AMAR.UTU",
"cf": "Marduk",
"gw": "1",
"sense": "1",
"norm": "Marduk",
"pos": "DN",
"epos": "DN"}
}
,
{
"node": "l",
"frag": "a-na",
"id": "P313530.l01408",
"ref": "P313530.7.3",
"inst": "ana[to]PRP",
"sig": "@saao/saa10%akk-x-neoass:a-na=ana[to//to]PRP'PRP$ana",
"f": {"lang": "akk-x-neoass",
"form": "a-na",
"cf": "ana",
"gw": "to",
"sense": "to",
"norm": "ana",
"pos": "PRP",
"epos": "PRP"}
}
,
{
"node": "l",
"frag": "[LUGAL]",
"id": "P313530.l01409",
"ref": "P313530.7.4",
"inst": "šarri[king]N",
"sig": "@saao/saa10%akk-x-neoass:LUGAL=šarru[king//king]N'N$šarri",
"f": {"lang": "akk-x-neoass",
"form": "LUGAL",
"cf": "šarru",
"gw": "king",
"sense": "king",
"norm": "šarri",
"pos": "N",
"epos": "N"}
}
,
{
"node": "d",
"type": "line-start",
"ref": "P313530.8",
"n": "7",
"label": "o 7"}
,
{
"node": "l",
"frag": "EN-ni",
"id": "P313530.l0140a",
"ref": "P313530.8.1",
"inst": "bēlīni[lord]N",
"sig": "@saao/saa10%akk-x-neoass:EN-ni=bēlu[lord//lord]N'N$bēlīni",
"f": {"lang": "akk-x-neoass",
"form": "EN-ni",
"cf": "bēlu",
"gw": "lord",
"sense": "lord",
"norm": "bēlīni",
"pos": "N",
"epos": "N"}
}
,
{
"node": "l",
"frag": "⸢lik⸣-[ru-bu",
"id": "P313530.l0140b",
"ref": "P313530.8.2",
"inst": "likrubu[bless]V",
"sig": "@saao/saa10%akk-x-neoass:lik-ru-bu=karābu[pray//bless]V'V$likrubu",
"f": {"lang": "akk-x-neoass",
"form": "lik-ru-bu",
"cf": "karābu",
"gw": "pray",
"sense": "bless",
"norm": "likrubu",
"pos": "V",
"epos": "V"}
}
,
{
"node": "l",
"frag": "ina",
"id": "P313530.l0140c",
"ref": "P313530.8.3",
"inst": "ina[in]PRP",
"sig": "@saao/saa10%akk-x-neoass:ina=ina[in//from]PRP'PRP$ina",
"f": {"lang": "akk-x-neoass",
"form": "ina",
"cf": "ina",
"gw": "in",
"sense": "from",
"norm": "ina",
"pos": "PRP",
"epos": "PRP"}
}
,
{
"node": "l",
"frag": "UGU]",
"id": "P313530.l0140d",
"ref": "P313530.8.4",
"inst": "muhhi[skull]N",
"sig": "@saao/saa10%akk-x-neoass:UGU=muhhu[skull//skull]N'N$muhhi",
"f": {"lang": "akk-x-neoass",
"form": "UGU",
"cf": "muhhu",
"gw": "skull",
"sense": "skull",
"norm": "muhhi",
"pos": "N",
"epos": "N"}
}
,
{
"node": "d",
"type": "line-start",
"ref": "P313530.9",
"n": "8",
"label": "o 8"}
,
{
"node": "l",
"frag": "⸢MUL⸣",
"id": "P313530.l0140e",
"ref": "P313530.9.1",
"inst": "+kakkabu[star]N$kakkibi",
"sig": "@saao/saa10%akk-x-neoass:MUL=kakkabu[star//star]N'N$kakkibi",
"f": {"lang": "akk-x-neoass",
"form": "MUL",
"cf": "kakkabu",
"gw": "star",
"sense": "star",
"norm": "kakkibi",
"pos": "N",
"epos": "N"}
}
,
{
"node": "l",
"frag": "[x",
"id": "P313530.l0140f",
"ref": "P313530.9.2",
"inst": "u",
"f": {"lang": "akk-x-neoass",
"form": "x",
"pos": "u"}
}
,
{
"node": "l",
"frag": "x",
"id": "P313530.l01410",
"ref": "P313530.9.3",
"inst": "u",
"f": {"lang": "akk-x-neoass",
"form": "x",
"pos": "u"}
}
,
{
"node": "l",
"frag": "ša",
"id": "P313530.l01411",
"ref": "P313530.9.4",
"inst": "ša[which]REL",
"sig": "@saao/saa10%akk-x-neoass:ša=ša[that//which]REL'REL$ša",
"f": {"lang": "akk-x-neoass",
"form": "ša",
"cf": "ša",
"gw": "that",
"sense": "which",
"norm": "ša",
"pos": "REL",
"epos": "REL"}
}
,
{
"node": "l",
"frag": "LUGAL",
"id": "P313530.l01412",
"ref": "P313530.9.5",
"inst": "šarru[king]N",
"sig": "@saao/saa10%akk-x-neoass:LUGAL=šarru[king//king]N'N$šarru",
"f": {"lang": "akk-x-neoass",
"form": "LUGAL",
"cf": "šarru",
"gw": "king",
"sense": "king",
"norm": "šarru",
"pos": "N",
"epos": "N"}
}
,
{
"node": "l",
"frag": "EN-ni]",
"id": "P313530.l01413",
"ref": "P313530.9.6",
"inst": "bēlīni[lord]N",
"sig": "@saao/saa10%akk-x-neoass:EN-ni=bēlu[lord//lord]N'N$bēlīni",
"f": {"lang": "akk-x-neoass",
"form": "EN-ni",
"cf": "bēlu",
"gw": "lord",
"sense": "lord",
"norm": "bēlīni",
"pos": "N",
"epos": "N"}
}
,
{
"node": "d",
"type": "line-start",
"ref": "P313530.10",
"n": "9",
"label": "o 9"}
,
{
"node": "l",
"frag": "[iš-pur]-an-na-ši-⸢ni⸣",
"id": "P313530.l01414",
"ref": "P313530.10.1",
"inst": "išpurannāšīni[write]V",
"sig": "@saao/saa10%akk-x-neoass:iš-pur-an-na-ši-ni=šapāru[send//write]V'V$išpurannāšīni",
"f": {"lang": "akk-x-neoass",
"form": "iš-pur-an-na-ši-ni",
"cf": "šapāru",
"gw": "send",
"sense": "write",
"norm": "išpurannāšīni",
"pos": "V",
"epos": "V"}
}
,
{
"node": "d",
"type": "line-start",
"ref": "P313530.11",
"n": "10",
"label": "o 10"}
,
{
"node": "l",
"frag": "[i]-⸢ba⸣-aš₂-ši",
"id": "P313530.l01415",
"ref": "P313530.11.1",
"inst": "ibašši[really]'AV",
"sig": "@saao/saa10%akk-x-neoass:i-ba-aš₂-ši=bašû[exist//really]V'AV$ibašši",
"f": {"lang": "akk-x-neoass",
"form": "i-ba-aš₂-ši",
"cf": "bašû",
"gw": "exist",
"sense": "really",
"norm": "ibašši",
"pos": "V",
"epos": "AV"}
}
,
{
"node": "l",
"frag": "ka-⸢ku⸣-[bu]",
"id": "P313530.l01416",
"ref": "P313530.11.2",
"inst": "kakkubu[star]N",
"sig": "@saao/saa10%akk-x-neoass:ka-ku-bu=kakkabu[star//star]N'N$kakkubu",
"f": {"lang": "akk-x-neoass",
"form": "ka-ku-bu",
"cf": "kakkabu",
"gw": "star",
"sense": "star",
"norm": "kakkubu",
"pos": "N",
"epos": "N"}
}
,
{
"node": "d",
"type": "line-start",
"ref": "P313530.12",
"n": "11",
"label": "o 11"}
,
{
"node": "l",
"frag": "[ša]",
"id": "P313530.l01417",
"ref": "P313530.12.1",
"inst": "ša[which]REL",
"sig": "@saao/saa10%akk-x-neoass:ša=ša[that//which]REL'REL$ša",
"f": {"lang": "akk-x-neoass",
"form": "ša",
"cf": "ša",
"gw": "that",
"sense": "which",
"norm": "ša",
"pos": "REL",
"epos": "REL"}
}
,
{
"node": "l",
"frag": "⸢is⸣-se-šu₂-nu",
"id": "P313530.l01418",
"ref": "P313530.12.2",
"inst": "+išti[with]PRP$issēšunu",
"sig": "@saao/saa10%akk-x-neoass:is-se-šu₂-nu=išti[with//with]PRP'PRP$issēšunu",
"f": {"lang": "akk-x-neoass",
"form": "is-se-šu₂-nu",
"cf": "išti",
"gw": "with",
"sense": "with",
"norm": "issēšunu",
"pos": "PRP",
"epos": "PRP"}
}
,
{
"node": "l",
"frag": "la",
"id": "P313530.l01419",
"ref": "P313530.12.3",
"inst": "lā[not]MOD",
"sig": "@saao/saa10%akk-x-neoass:la=lā[not//not]MOD'MOD$lā",
"f": {"lang": "akk-x-neoass",
"form": "la",
"cf": "lā",
"gw": "not",
"sense": "not",
"norm": "lā",
"pos": "MOD",
"epos": "MOD"}
}
,
{
"node": "l",
"frag": "i-[rab-bu-ni]",
"id": "P313530.l0141a",
"ref": "P313530.12.4",
"inst": "+rabû[set]V$irabbûni",
"sig": "@saao/saa10%akk-x-neoass:i-rab-bu-ni=rabû[set//set]V'V$irabbûni",
"f": {"lang": "akk-x-neoass",
"form": "i-rab-bu-ni",
"cf": "rabû",
"gw": "set",
"sense": "set",
"norm": "irabbûni",
"pos": "V",
"epos": "V"}
}
,
{
"node": "d",
"type": "line-start",
"ref": "P313530.13",
"n": "12",
"label": "o 12"}
,
{
"node": "l",
"frag": "⸢la⸣",
"id": "P313530.l0141b",
"ref": "P313530.13.1",
"inst": "lā[not]MOD",
"sig": "@saao/saa10%akk-x-neoass:la=lā[not//not]MOD'MOD$lā",
"f": {"lang": "akk-x-neoass",
"form": "la",
"cf": "lā",
"gw": "not",
"sense": "not",
"norm": "lā",
"pos": "MOD",
"epos": "MOD"}
}
,
{
"node": "l",
"frag": "in-na-mar-u-ni",
"id": "P313530.l0141c",
"ref": "P313530.13.2",
"inst": "innammarūni[be(come) seen]V",
"sig": "@saao/saa10%akk-x-neoass:in-na-mar-u-ni=amāru[see//be(come) seen]V'V$innammarūni",
"f": {"lang": "akk-x-neoass",
"form": "in-na-mar-u-ni",
"cf": "amāru",
"gw": "see",
"sense": "be(come) seen",
"norm": "innammarūni",
"pos": "V",
"epos": "V"}
}
,
{
"node": "d",
"type": "line-start",
"ref": "P313530.14",
"n": "13",
"label": "o 13"}
,
{
"node": "l",
"frag": "{[giš]}DA",
"id": "P313530.l0141d",
"ref": "P313530.14.1",
"inst": "+lēʾu[board//writing board]N$",
"sig": "@saao/saa10%akk-x-neoass:{GIŠ}DA=lēʾu[board//writing board]N'N$lēʾu",
"f": {"lang": "akk-x-neoass",
"form": "{GIŠ}DA",
"cf": "lēʾu",
"gw": "board",
"sense": "writing board",
"norm": "lēʾu",
"pos": "N",
"epos": "N"}
}
,
{
"node": "l",
"frag": "{mul}APIN",
"id": "P313530.l0141e",
"ref": "P313530.14.2",
"inst": "+Epinnu[(astronomical handbook)]N$",
"sig": "@saao/saa10%akk-x-neoass:{MUL}APIN=Epinnu[(astronomical handbook)//(astronomical handbook)]N'N$Epinnu",
"f": {"lang": "akk-x-neoass",
"form": "{MUL}APIN",
"cf": "Epinnu",
"gw": "(astronomical handbook)",
"sense": "(astronomical handbook)",
"norm": "Epinnu",
"pos": "N",
"epos": "N"}
}
,
{
"node": "d",
"type": "line-start",
"ref": "P313530.15",
"n": "14",
"label": "o 14"}
,
{
"node": "l",
"frag": "[ki]-i",
"id": "P313530.l0141f",
"ref": "P313530.15.1",
"inst": "kî[like]PRP",
"sig": "@saao/saa10%akk-x-neoass:ki-i=kī[like//just as]PRP'PRP$kî",
"f": {"lang": "akk-x-neoass",
"form": "ki-i",
"cf": "kī",
"gw": "like",
"sense": "just as",
"norm": "kî",
"pos": "PRP",
"epos": "PRP"}
}
,
{
"node": "l",
"frag": "an-ni-i-e",
"id": "P313530.l01420",
"ref": "P313530.15.2",
"inst": "annīe[this]DP",
"sig": "@saao/saa10%akk-x-neoass:an-ni-i-e=annû[this//this]DP'DP$annīe",
"f": {"lang": "akk-x-neoass",
"form": "an-ni-i-e",
"cf": "annû",
"gw": "this",
"sense": "this",
"norm": "annīe",
"pos": "DP",
"epos": "DP"}
}
,
{
"node": "d",
"type": "line-start",
"ref": "P313530.16",
"n": "15",
"label": "o 15"}
,
{
"node": "l",
"frag": "[iq]-⸢ṭi⸣-bi",
"id": "P313530.l01421",
"ref": "P313530.16.1",
"inst": "iqṭibi[say]V",
"sig": "@saao/saa10%akk-x-neoass:iq-ṭi-bi=qabû[say//say]V'V$iqṭibi",
"f": {"lang": "akk-x-neoass",
"form": "iq-ṭi-bi",
"cf": "qabû",
"gw": "say",
"sense": "say",
"norm": "iqṭibi",
"pos": "V",
"epos": "V"}
}
,
{
"node": "l",
"frag": "ma-a",
"id": "P313530.l01422",
"ref": "P313530.16.2",
"inst": "mā[saying]PRP",
"sig": "@saao/saa10%akk-x-neoass:ma-a=mā[saying//saying]PRP'PRP$mā",
"f": {"lang": "akk-x-neoass",
"form": "ma-a",
"cf": "mā",
"gw": "saying",
"sense": "saying",
"norm": "mā",
"pos": "PRP",
"epos": "PRP"}
}
,
{
"node": "l",
"frag": "ina",
"id": "P313530.l01423",
"ref": "P313530.16.3",
"inst": "ina[in]PRP",
"sig": "@saao/saa10%akk-x-stdbab:ina=ina[in//in]PRP'PRP$ina",
"f": {"lang": "akk-x-stdbab",
"form": "ina",
"cf": "ina",
"gw": "in",
"sense": "in",
"norm": "ina",
"pos": "PRP",
"epos": "PRP"}
}
,
{
"node": "l",
"frag": "{iti}BARAG",
"id": "P313530.l01424",
"ref": "P313530.16.4",
"inst": "+Nisannu[Nisan]MN$Nisanni",
"sig": "@saao/saa10%akk-x-stdbab:{ITI}BARAG=Nisannu[Nisan//Nisan]MN'MN$Nisanni",
"f": {"lang": "akk-x-stdbab",
"form": "{ITI}BARAG",
"cf": "Nisannu",
"gw": "Nisan",
"sense": "Nisan",
"norm": "Nisanni",
"pos": "MN",
"epos": "MN"}
}
,
{
"node": "d",
"subtype": "bottom",
"type": "surface",
"ref": "P313530.b.e..17",
"type": "bottom",
"label": "b.e."}
,
{
"node": "d",
"type": "line-start",
"ref": "P313530.18",
"n": "16",
"label": "b.e. 16"}
,
{
"node": "l",
"frag": "[UD",
"id": "P313530.l01425",
"ref": "P313530.18.1",
"inst": "+ūmu[day]N$ūm",
"sig": "@saao/saa10%akk-x-stdbab:UD=ūmu[day//day]N'N$ūm",
"f": {"lang": "akk-x-stdbab",
"form": "UD",
"cf": "ūmu",
"gw": "day",
"sense": "day",
"norm": "ūm",
"pos": "N",
"epos": "N"}
}
,
{
"node": "l",
"frag": "01-⸢KAM₂\\t⸣",
"id": "P313530.l01426",
"ref": "P313530.18.2",
"inst": "n",
"f": {"lang": "akk-x-stdbab",
"form": "01-KAM₂",
"pos": "n"}
}
,
{
"node": "l",
"frag": "{mul}HUN.GA₂",
"id": "P313530.l01427",
"ref": "P313530.18.3",
"inst": "+Agru[Aries]CN$",
"sig": "@saao/saa10%akk-x-stdbab:{MUL}HUN.GA₂=Agru[Aries//Aries]CN'CN$Agru",
"f": {"lang": "akk-x-stdbab",
"form": "{MUL}HUN.GA₂",
"cf": "Agru",
"gw": "Aries",
"sense": "Aries",
"norm": "Agru",
"pos": "CN",
"epos": "CN"}
}
,
{
"node": "l",
"frag": "IGI-⸢mar⸣",
"id": "P313530.l01428",
"ref": "P313530.18.4",
"inst": "+amāru[see//be(come) visible]V'V$innammar",
"sig": "@saao/saa10%akk-x-stdbab:IGI-mar=amāru[see//be(come) visible]V'V$innammar",
"f": {"lang": "akk-x-stdbab",
"form": "IGI-mar",
"cf": "amāru",
"gw": "see",
"sense": "be(come) visible",
"norm": "innammar",
"pos": "V",
"epos": "V"}
}
,
{
"node": "d",
"type": "line-start",
"ref": "P313530.19",
"n": "17",
"label": "b.e. 17"}
,
{
"node": "l",
"frag": "[ina",
"id": "P313530.l01429",
"ref": "P313530.19.1",
"inst": "ina[in]PRP",
"sig": "@saao/saa10%akk-x-stdbab:ina=ina[in//in]PRP'PRP$ina",
"f": {"lang": "akk-x-stdbab",
"form": "ina",
"cf": "ina",
"gw": "in",
"sense": "in",
"norm": "ina",
"pos": "PRP",
"epos": "PRP"}
}
,
{
"node": "l",
"frag": "{iti]}BARAG",
"id": "P313530.l0142a",
"ref": "P313530.19.2",
"inst": "Nisanni[Nisan]MN",
"sig": "@saao/saa10%akk-x-stdbab:{ITI}BARAG=Nisannu[Nisan//Nisan]MN'MN$Nisanni",
"f": {"lang": "akk-x-stdbab",
"form": "{ITI}BARAG",
"cf": "Nisannu",
"gw": "Nisan",
"sense": "Nisan",
"norm": "Nisanni",
"pos": "MN",
"epos": "MN"}
}
,
{
"node": "l",
"frag": "UD",
"id": "P313530.l0142b",
"ref": "P313530.19.3",
"inst": "+ūmu[day]N$ūm",
"sig": "@saao/saa10%akk-x-stdbab:UD=ūmu[day//day]N'N$ūm",
"f": {"lang": "akk-x-stdbab",
"form": "UD",
"cf": "ūmu",
"gw": "day",
"sense": "day",
"norm": "ūm",
"pos": "N",
"epos": "N"}
}
,
{
"node": "l",
"frag": "20-KAM₂\\t",
"id": "P313530.l0142c",
"ref": "P313530.19.4",
"inst": "n",
"f": {"lang": "akk-x-stdbab",
"form": "20-KAM₂",
"pos": "n"}
}
,
{
"node": "d",
"type": "line-start",
"ref": "P313530.20",
"n": "18",
"label": "b.e. 18"}
,
{
"node": "l",
"frag": "{[mul]}⸢ZUBI⸣",
"id": "P313530.l0142d",
"ref": "P313530.20.1",
"inst": "+Gamlu[Auriga]CN$",
"sig": "@saao/saa10%akk-x-stdbab:{MUL}ZUBI=Gamlu[Auriga//Auriga]CN'CN$Gamlu",
"f": {"lang": "akk-x-stdbab",
"form": "{MUL}ZUBI",
"cf": "Gamlu",
"gw": "Auriga",
"sense": "Auriga",
"norm": "Gamlu",
"pos": "CN",
"epos": "CN"}
}
,
{
"node": "l",
"frag": "IGI-mar",
"id": "P313530.l0142e",
"ref": "P313530.20.2",
"inst": "+amāru[see//be(come) visible]V'V$innammar",
"sig": "@saao/saa10%akk-x-stdbab:IGI-mar=amāru[see//be(come) visible]V'V$innammar",
"f": {"lang": "akk-x-stdbab",
"form": "IGI-mar",
"cf": "amāru",
"gw": "see",
"sense": "be(come) visible",
"norm": "innammar",
"pos": "V",
"epos": "V"}
}
,
{
"node": "d",
"subtype": "reverse",
"type": "surface",
"ref": "P313530.r.21",
"type": "reverse",
"label": "r"}
,
{
"node": "d",
"type": "nonx",
"ref": "P313530.22",
"strict": "0",
"state": "other"}
]}
]}
]}
]}
