{
"type": "cdl",
  "source": "http://oracc.org/saao/saa10",
  "license": "This data is released under the CC0 license",
  "license-url": "https://creativecommons.org/publicdomain/zero/1.0/",
  "more-info": "http://oracc.org/doc/opendata/",
  "UTC-timestamp": "2017-05-19T11:42:24",
"project": "saao/saa10",
"textid": "P313994",
"cdl": [
{
"node": "c",
"type": "text",
"id": "P313994.U0",
"cdl": [
{
"node": "d",
"type": "object",
"ref": ""}
,
{
"node": "d",
"subtype": "obverse",
"type": "surface",
"ref": "P313994.o.1",
"type": "obverse",
"label": "o"}
,
{
"node": "c",
"type": "discourse",
"subtype": "body",
"id": "P313994.U1",
"cdl": [
{
"node": "c",
"type": "sentence",
"id": "P313994.U2",
"label": "o 1 - r 13",
"cdl": [
{
"node": "d",
"type": "line-start",
"ref": "P313994.2",
"n": "1",
"label": "o 1"}
,
{
"node": "l",
"frag": "a-na",
"id": "P313994.l00cde",
"ref": "P313994.2.1",
"inst": "ana[to]PRP",
"sig": "@saao/saa10%akk-x-neoass:a-na=ana[to//to]PRP'PRP$ana",
"f": {"lang": "akk-x-neoass",
"form": "a-na",
"cf": "ana",
"gw": "to",
"sense": "to",
"norm": "ana",
"pos": "PRP",
"epos": "PRP"}
}
,
{
"node": "l",
"frag": "LUGAL",
"id": "P313994.l00cdf",
"ref": "P313994.2.2",
"inst": "šarri[king]N",
"sig": "@saao/saa10%akk-x-neoass:LUGAL=šarru[king//king]N'N$šarri",
"f": {"lang": "akk-x-neoass",
"form": "LUGAL",
"cf": "šarru",
"gw": "king",
"sense": "king",
"norm": "šarri",
"pos": "N",
"epos": "N"}
}
,
{
"node": "l",
"frag": "⸢EN⸣-[ia]",
"id": "P313994.l00ce0",
"ref": "P313994.2.3",
"inst": "bēlīya[lord]N",
"sig": "@saao/saa10%akk-x-neoass:EN-ia=bēlu[lord//lord]N'N$bēlīya",
"f": {"lang": "akk-x-neoass",
"form": "EN-ia",
"cf": "bēlu",
"gw": "lord",
"sense": "lord",
"norm": "bēlīya",
"pos": "N",
"epos": "N"}
}
,
{
"node": "d",
"type": "line-start",
"ref": "P313994.3",
"n": "2",
"label": "o 2"}
,
{
"node": "l",
"frag": "ARAD-ka",
"id": "P313994.l00ce1",
"ref": "P313994.3.1",
"inst": "urdaka[servant]N",
"sig": "@saao/saa10%akk-x-neoass:ARAD-ka=ardu[slave//servant]N'N$urdaka",
"f": {"lang": "akk-x-neoass",
"form": "ARAD-ka",
"cf": "ardu",
"gw": "slave",
"sense": "servant",
"norm": "urdaka",
"pos": "N",
"epos": "N"}
}
,
{
"node": "l",
"frag": "{1}ba-⸢la⸣-[si-i]",
"id": "P313994.l00ce2",
"ref": "P313994.3.2",
"inst": "Balasi[1]PN",
"sig": "@saao/saa10%akk-x-neoass:{1}ba-la-si-i=Balasi[1//1]PN'PN$Balasi",
"f": {"lang": "akk-x-neoass",
"form": "{1}ba-la-si-i",
"cf": "Balasi",
"gw": "1",
"sense": "1",
"norm": "Balasi",
"pos": "PN",
"epos": "PN"}
}
,
{
"node": "d",
"type": "line-start",
"ref": "P313994.4",
"n": "3",
"label": "o 3"}
,
{
"node": "l",
"frag": "lu-u",
"id": "P313994.l00ce3",
"ref": "P313994.4.1",
"inst": "lū[may]MOD",
"sig": "@saao/saa10%akk-x-neoass:lu-u=lū[may//may]MOD'MOD$lū",
"f": {"lang": "akk-x-neoass",
"form": "lu-u",
"cf": "lū",
"gw": "may",
"sense": "may",
"norm": "lū",
"pos": "MOD",
"epos": "MOD"}
}
,
{
"node": "l",
"frag": "DI-mu",
"id": "P313994.l00ce4",
"ref": "P313994.4.2",
"inst": "šulmu[health]N",
"sig": "@saao/saa10%akk-x-neoass:DI-mu=šulmu[completeness//health]N'N$šulmu",
"f": {"lang": "akk-x-neoass",
"form": "DI-mu",
"cf": "šulmu",
"gw": "completeness",
"sense": "health",
"norm": "šulmu",
"pos": "N",
"epos": "N"}
}
,
{
"node": "l",
"frag": "a-na",
"id": "P313994.l00ce5",
"ref": "P313994.4.3",
"inst": "ana[to]PRP",
"sig": "@saao/saa10%akk-x-neoass:a-na=ana[to//to]PRP'PRP$ana",
"f": {"lang": "akk-x-neoass",
"form": "a-na",
"cf": "ana",
"gw": "to",
"sense": "to",
"norm": "ana",
"pos": "PRP",
"epos": "PRP"}
}
,
{
"node": "l",
"frag": "[LUGAL",
"id": "P313994.l00ce6",
"ref": "P313994.4.4",
"inst": "šarri[king]N",
"sig": "@saao/saa10%akk-x-neoass:LUGAL=šarru[king//king]N'N$šarri",
"f": {"lang": "akk-x-neoass",
"form": "LUGAL",
"cf": "šarru",
"gw": "king",
"sense": "king",
"norm": "šarri",
"pos": "N",
"epos": "N"}
}
,
{
"node": "l",
"frag": "EN-ia]",
"id": "P313994.l00ce7",
"ref": "P313994.4.5",
"inst": "bēlīya[lord]N",
"sig": "@saao/saa10%akk-x-neoass:EN-ia=bēlu[lord//lord]N'N$bēlīya",
"f": {"lang": "akk-x-neoass",
"form": "EN-ia",
"cf": "bēlu",
"gw": "lord",
"sense": "lord",
"norm": "bēlīya",
"pos": "N",
"epos": "N"}
}
,
{
"node": "d",
"type": "line-start",
"ref": "P313994.5",
"n": "4",
"label": "o 4"}
,
{
"node": "l",
"frag": "{[d}PA]",
"id": "P313994.l00ce8",
"ref": "P313994.5.1",
"inst": "Nabu[1]DN",
"sig": "@saao/saa10%akk-x-neoass:{d}PA=Nabu[1//1]DN'DN$Nabu",
"f": {"lang": "akk-x-neoass",
"form": "{d}PA",
"cf": "Nabu",
"gw": "1",
"sense": "1",
"norm": "Nabu",
"pos": "DN",
"epos": "DN"}
}
,
{
"node": "l",
"frag": "{d}AMAR.UTU",
"id": "P313994.l00ce9",
"ref": "P313994.5.2",
"inst": "Marduk[1]DN",
"sig": "@saao/saa10%akk-x-neoass:{d}AMAR.UTU=Marduk[1//1]DN'DN$Marduk",
"f": {"lang": "akk-x-neoass",
"form": "{d}AMAR.UTU",
"cf": "Marduk",
"gw": "1",
"sense": "1",
"norm": "Marduk",
"pos": "DN",
"epos": "DN"}
}
,
{
"node": "l",
"frag": "a-[na",
"id": "P313994.l00cea",
"ref": "P313994.5.3",
"inst": "ana[to]PRP",
"sig": "@saao/saa10%akk-x-neoass:a-na=ana[to//to]PRP'PRP$ana",
"f": {"lang": "akk-x-neoass",
"form": "a-na",
"cf": "ana",
"gw": "to",
"sense": "to",
"norm": "ana",
"pos": "PRP",
"epos": "PRP"}
}
,
{
"node": "l",
"frag": "LUGAL]",
"id": "P313994.l00ceb",
"ref": "P313994.5.4",
"inst": "šarri[king]N",
"sig": "@saao/saa10%akk-x-neoass:LUGAL=šarru[king//king]N'N$šarri",
"f": {"lang": "akk-x-neoass",
"form": "LUGAL",
"cf": "šarru",
"gw": "king",
"sense": "king",
"norm": "šarri",
"pos": "N",
"epos": "N"}
}
,
{
"node": "l",
"frag": "EN-ia",
"id": "P313994.l00cec",
"ref": "P313994.5.5",
"inst": "bēlīya[lord]N",
"sig": "@saao/saa10%akk-x-neoass:EN-ia=bēlu[lord//lord]N'N$bēlīya",
"f": {"lang": "akk-x-neoass",
"form": "EN-ia",
"cf": "bēlu",
"gw": "lord",
"sense": "lord",
"norm": "bēlīya",
"pos": "N",
"epos": "N"}
}
,
{
"node": "d",
"type": "line-start",
"ref": "P313994.6",
"n": "5",
"label": "o 5"}
,
{
"node": "l",
"frag": "[lik-ru]-⸢bu⸣",
"id": "P313994.l00ced",
"ref": "P313994.6.1",
"inst": "likrubu[bless]V",
"sig": "@saao/saa10%akk-x-neoass:lik-ru-bu=karābu[pray//bless]V'V$likrubu",
"f": {"lang": "akk-x-neoass",
"form": "lik-ru-bu",
"cf": "karābu",
"gw": "pray",
"sense": "bless",
"norm": "likrubu",
"pos": "V",
"epos": "V"}
}
,
{
"node": "l",
"frag": "ša",
"id": "P313994.l00cee",
"ref": "P313994.6.2",
"inst": "ša[what]REL",
"sig": "@saao/saa10%akk-x-neoass:ša=ša[that//what]REL'REL$ša",
"f": {"lang": "akk-x-neoass",
"form": "ša",
"cf": "ša",
"gw": "that",
"sense": "what",
"norm": "ša",
"pos": "REL",
"epos": "REL"}
}
,
{
"node": "l",
"frag": "LUGAL",
"id": "P313994.l00cef",
"ref": "P313994.6.3",
"inst": "šarru[king]N",
"sig": "@saao/saa10%akk-x-neoass:LUGAL=šarru[king//king]N'N$šarru",
"f": {"lang": "akk-x-neoass",
"form": "LUGAL",
"cf": "šarru",
"gw": "king",
"sense": "king",
"norm": "šarru",
"pos": "N",
"epos": "N"}
}
,
{
"node": "l",
"frag": "be-li₂",
"id": "P313994.l00cf0",
"ref": "P313994.6.4",
"inst": "bēlī[lord]N",
"sig": "@saao/saa10%akk-x-neoass:be-li₂=bēlu[lord//lord]N'N$bēlī",
"f": {"lang": "akk-x-neoass",
"form": "be-li₂",
"cf": "bēlu",
"gw": "lord",
"sense": "lord",
"norm": "bēlī",
"pos": "N",
"epos": "N"}
}
,
{
"node": "d",
"type": "line-start",
"ref": "P313994.7",
"n": "6",
"label": "o 6"}
,
{
"node": "l",
"frag": "iš-pu-ra-an-ni",
"id": "P313994.l00cf1",
"ref": "P313994.7.1",
"inst": "išpuranni[write]V",
"sig": "@saao/saa10%akk-x-neoass:iš-pu-ra-an-ni=šapāru[send//write]V'V$išpuranni",
"f": {"lang": "akk-x-neoass",
"form": "iš-pu-ra-an-ni",
"cf": "šapāru",
"gw": "send",
"sense": "write",
"norm": "išpuranni",
"pos": "V",
"epos": "V"}
}
,
{
"node": "l",
"frag": "ma-⸢a⸣",
"id": "P313994.l00cf2",
"ref": "P313994.7.2",
"inst": "mā[saying]PRP",
"sig": "@saao/saa10%akk-x-neoass:ma-a=mā[saying//saying]PRP'PRP$mā",
"f": {"lang": "akk-x-neoass",
"form": "ma-a",
"cf": "mā",
"gw": "saying",
"sense": "saying",
"norm": "mā",
"pos": "PRP",
"epos": "PRP"}
}
,
{
"node": "d",
"type": "line-start",
"ref": "P313994.8",
"n": "7",
"label": "o 7"}
,
{
"node": "l",
"frag": "ina",
"id": "P313994.l00cf3",
"ref": "P313994.8.1",
"inst": "+ina[in//from]PRP'PRP$",
"sig": "@saao/saa10%akk-x-neoass:ina=ina[in//from]PRP'PRP$ina",
"f": {"lang": "akk-x-neoass",
"form": "ina",
"cf": "ina",
"gw": "in",
"sense": "from",
"norm": "ina",
"pos": "PRP",
"epos": "PRP"}
}
,
{
"node": "l",
"frag": "ha-ra-am-me",
"id": "P313994.l00cf4",
"ref": "P313994.8.2",
"inst": "+haramma[later]AV$haramme",
"sig": "@saao/saa10%akk-x-neoass:ha-ra-am-me=haramma[later//later]AV'AV$haramme",
"f": {"lang": "akk-x-neoass",
"form": "ha-ra-am-me",
"cf": "haramma",
"gw": "later",
"sense": "later",
"norm": "haramme",
"pos": "AV",
"epos": "AV"}
}
,
{
"node": "l",
"frag": "ina",
"id": "P313994.l00cf5",
"ref": "P313994.8.3",
"inst": "ina[in]PRP",
"sig": "@saao/saa10%akk-x-neoass:ina=ina[in//from]PRP'PRP$ina",
"f": {"lang": "akk-x-neoass",
"form": "ina",
"cf": "ina",
"gw": "in",
"sense": "from",
"norm": "ina",
"pos": "PRP",
"epos": "PRP"}
}
,
{
"node": "l",
"frag": "pu-tu-u-a",
"id": "P313994.l00cf6",
"ref": "P313994.8.4",
"inst": "pūtūwa[opposite]'PRP",
"sig": "@saao/saa10%akk-x-neoass:pu-tu-u-a=pūtu[forehead//opposite]N'PRP$pūtūwa",
"f": {"lang": "akk-x-neoass",
"form": "pu-tu-u-a",
"cf": "pūtu",
"gw": "forehead",
"sense": "opposite",
"norm": "pūtūwa",
"pos": "N",
"epos": "PRP"}
}
,
{
"node": "d",
"type": "line-start",
"ref": "P313994.9",
"n": "8",
"label": "o 8"}
,
{
"node": "l",
"frag": "ta-ti-ti-sa",
"id": "P313994.l00cf7",
"ref": "P313994.9.1",
"inst": "+izuzzu[stand]V$tattitīsa",
"sig": "@saao/saa10%akk-x-neoass:ta-ti-ti-sa=izuzzu[stand//stand]V'V$tattitīsa",
"f": {"lang": "akk-x-neoass",
"form": "ta-ti-ti-sa",
"cf": "izuzzu",
"gw": "stand",
"sense": "stand",
"norm": "tattitīsa",
"pos": "V",
"epos": "V"}
}
,
{
"node": "l",
"frag": "ma-a",
"id": "P313994.l00cf8",
"ref": "P313994.9.2",
"inst": "mā[saying]PRP",
"sig": "@saao/saa10%akk-x-neoass:ma-a=mā[saying//saying]PRP'PRP$mā",
"f": {"lang": "akk-x-neoass",
"form": "ma-a",
"cf": "mā",
"gw": "saying",
"sense": "saying",
"norm": "mā",
"pos": "PRP",
"epos": "PRP"}
}
,
{
"node": "l",
"frag": "a-bu-tu₂",
"id": "P313994.l00cf9",
"ref": "P313994.9.3",
"inst": "abutu[matter]N",
"sig": "@saao/saa10%akk-x-neoass:a-bu-tu₂=awātu[word//matter]N'N$abutu",
"f": {"lang": "akk-x-neoass",
"form": "a-bu-tu₂",
"cf": "awātu",
"gw": "word",
"sense": "matter",
"norm": "abutu",
"pos": "N",
"epos": "N"}
}
,
{
"node": "d",
"type": "line-start",
"ref": "P313994.10",
"n": "9",
"label": "o 9"}
,
{
"node": "l",
"frag": "i-ba-aš₂-ši",
"id": "P313994.l00cfa",
"ref": "P313994.10.1",
"inst": "ibašši[exist]V",
"sig": "@saao/saa10%akk-x-neoass:i-ba-aš₂-ši=bašû[exist//exist]V'V$ibašši",
"f": {"lang": "akk-x-neoass",
"form": "i-ba-aš₂-ši",
"cf": "bašû",
"gw": "exist",
"sense": "exist",
"norm": "ibašši",
"pos": "V",
"epos": "V"}
}
,
{
"node": "l",
"frag": "ina",
"id": "P313994.l00cfb",
"ref": "P313994.10.2",
"inst": "ina[in]PRP",
"sig": "@saao/saa10%akk-x-neoass:ina=ina[in//from]PRP'PRP$ina",
"f": {"lang": "akk-x-neoass",
"form": "ina",
"cf": "ina",
"gw": "in",
"sense": "from",
"norm": "ina",
"pos": "PRP",
"epos": "PRP"}
}
,
{
"node": "l",
"frag": "pi-i-ku-nu",
"id": "P313994.l00cfc",
"ref": "P313994.10.3",
"inst": "+pû[mouth]N$pîkunu",
"sig": "@saao/saa10%akk-x-neoass:pi-i-ku-nu=pû[mouth//mouth]N'N$pîkunu",
"f": {"lang": "akk-x-neoass",
"form": "pi-i-ku-nu",
"cf": "pû",
"gw": "mouth",
"sense": "mouth",
"norm": "pîkunu",
"pos": "N",
"epos": "N"}
}
,
{
"node": "d",
"type": "line-start",
"ref": "P313994.11",
"n": "10",
"label": "o 10"}
,
{
"node": "l",
"frag": "a-bu-tu",
"id": "P313994.l00cfd",
"ref": "P313994.11.1",
"inst": "abutu[matter]N",
"sig": "@saao/saa10%akk-x-neoass:a-bu-tu=awātu[word//matter]N'N$abutu",
"f": {"lang": "akk-x-neoass",
"form": "a-bu-tu",
"cf": "awātu",
"gw": "word",
"sense": "matter",
"norm": "abutu",
"pos": "N",
"epos": "N"}
}
,
{
"node": "l",
"frag": "la-aš₂-šu",
"id": "P313994.l00cfe",
"ref": "P313994.11.2",
"inst": "laššu[(there) is not]V",
"sig": "@saao/saa10%akk-x-neoass:la-aš₂-šu=laššu[(there) is not//(there) is not]V'V$laššu",
"f": {"lang": "akk-x-neoass",
"form": "la-aš₂-šu",
"cf": "laššu",
"gw": "(there) is not",
"sense": "(there) is not",
"norm": "laššu",
"pos": "V",
"epos": "V"}
}
,
{
"node": "d",
"type": "line-start",
"ref": "P313994.12",
"n": "11",
"label": "o 11"}
,
{
"node": "l",
"frag": "DINGIR-MEŠ",
"id": "P313994.l00cff",
"ref": "P313994.12.1",
"inst": "ilāni[god]N",
"sig": "@saao/saa10%akk-x-neoass:DINGIR-MEŠ=ilu[god//god]N'N$ilāni",
"f": {"lang": "akk-x-neoass",
"form": "DINGIR-MEŠ",
"cf": "ilu",
"gw": "god",
"sense": "god",
"norm": "ilāni",
"pos": "N",
"epos": "N"}
}
,
{
"node": "l",
"frag": "GAL-MEŠ",
"id": "P313994.l00d00",
"ref": "P313994.12.2",
"inst": "rabiūti[great]AJ",
"sig": "@saao/saa10%akk-x-neoass:GAL-MEŠ=rabû[big//great]AJ'AJ$rabiūti",
"f": {"lang": "akk-x-neoass",
"form": "GAL-MEŠ",
"cf": "rabû",
"gw": "big",
"sense": "great",
"norm": "rabiūti",
"pos": "AJ",
"epos": "AJ"}
}
,
{
"node": "l",
"frag": "ša",
"id": "P313994.l00d01",
"ref": "P313994.12.3",
"inst": "ša[of]DET",
"sig": "@saao/saa10%akk-x-neoass:ša=ša[of//of]DET'DET$ša",
"f": {"lang": "akk-x-neoass",
"form": "ša",
"cf": "ša",
"gw": "of",
"sense": "of",
"norm": "ša",
"pos": "DET",
"epos": "DET"}
}
,
{
"node": "l",
"frag": "AN-e",
"id": "P313994.l00d02",
"ref": "P313994.12.4",
"inst": "šamê[heaven]N",
"sig": "@saao/saa10%akk-x-neoass:AN-e=šamû[sky//heaven]N'N$šamê",
"f": {"lang": "akk-x-neoass",
"form": "AN-e",
"cf": "šamû",
"gw": "sky",
"sense": "heaven",
"norm": "šamê",
"pos": "N",
"epos": "N"}
}
,
{
"node": "l",
"frag": "KI.TIM",
"id": "P313994.l00d03",
"ref": "P313994.12.5",
"inst": "kaqqiri[earth]N",
"sig": "@saao/saa10%akk-x-neoass:KI.TIM=qaqqaru[ground//earth]N'N$kaqqiri",
"f": {"lang": "akk-x-neoass",
"form": "KI.TIM",
"cf": "qaqqaru",
"gw": "ground",
"sense": "earth",
"norm": "kaqqiri",
"pos": "N",
"epos": "N"}
}
,
{
"node": "d",
"type": "line-start",
"ref": "P313994.13",
"n": "12",
"label": "o 12"}
,
{
"node": "l",
"frag": "UD-MEŠ",
"id": "P313994.l00d04",
"ref": "P313994.13.1",
"inst": "ūmāti[day]N",
"sig": "@saao/saa10%akk-x-neoass:UD-MEŠ=ūmu[day//day]N'N$ūmāti",
"f": {"lang": "akk-x-neoass",
"form": "UD-MEŠ",
"cf": "ūmu",
"gw": "day",
"sense": "day",
"norm": "ūmāti",
"pos": "N",
"epos": "N"}
}
,
{
"node": "l",
"frag": "TI.LA",
"id": "P313994.l00d05",
"ref": "P313994.13.2",
"inst": "+balāṭu[live//life]V'N$balāṭi",
"sig": "@saao/saa10%akk-x-neoass:TI.LA=balāṭu[live//life]V'N$balāṭi",
"f": {"lang": "akk-x-neoass",
"form": "TI.LA",
"cf": "balāṭu",
"gw": "live",
"sense": "life",
"norm": "balāṭi",
"pos": "V",
"epos": "N"}
}
,
{
"node": "l",
"frag": "GID₂.DA-MEŠ",
"id": "P313994.l00d06",
"ref": "P313994.13.3",
"inst": "arkāti[long]AJ",
"sig": "@saao/saa10%akk-x-neoass:GID₂.DA-MEŠ=arku[long//long]AJ'AJ$arkāti",
"f": {"lang": "akk-x-neoass",
"form": "GID₂.DA-MEŠ",
"cf": "arku",
"gw": "long",
"sense": "long",
"norm": "arkāti",
"pos": "AJ",
"epos": "AJ"}
}
,
{
"node": "d",
"type": "line-start",
"ref": "P313994.14",
"n": "13",
"label": "o 13"}
,
{
"node": "l",
"frag": "a-na",
"id": "P313994.l00d07",
"ref": "P313994.14.1",
"inst": "ana[to]PRP",
"sig": "@saao/saa10%akk-x-neoass:a-na=ana[to//to]PRP'PRP$ana",
"f": {"lang": "akk-x-neoass",
"form": "a-na",
"cf": "ana",
"gw": "to",
"sense": "to",
"norm": "ana",
"pos": "PRP",
"epos": "PRP"}
}
,
{
"node": "l",
"frag": "LUGAL",
"id": "P313994.l00d08",
"ref": "P313994.14.2",
"inst": "šarri[king]N",
"sig": "@saao/saa10%akk-x-neoass:LUGAL=šarru[king//king]N'N$šarri",
"f": {"lang": "akk-x-neoass",
"form": "LUGAL",
"cf": "šarru",
"gw": "king",
"sense": "king",
"norm": "šarri",
"pos": "N",
"epos": "N"}
}
,
{
"node": "l",
"frag": "EN-ia",
"id": "P313994.l00d09",
"ref": "P313994.14.3",
"inst": "bēlīya[lord]N",
"sig": "@saao/saa10%akk-x-neoass:EN-ia=bēlu[lord//lord]N'N$bēlīya",
"f": {"lang": "akk-x-neoass",
"form": "EN-ia",
"cf": "bēlu",
"gw": "lord",
"sense": "lord",
"norm": "bēlīya",
"pos": "N",
"epos": "N"}
}
,
{
"node": "l",
"frag": "lid-di-nu",
"id": "P313994.l00d0a",
"ref": "P313994.14.4",
"inst": "liddinu[give]V",
"sig": "@saao/saa10%akk-x-neoass:lid-di-nu=tadānu[give//give]V'V$liddinu",
"f": {"lang": "akk-x-neoass",
"form": "lid-di-nu",
"cf": "tadānu",
"gw": "give",
"sense": "give",
"norm": "liddinu",
"pos": "V",
"epos": "V"}
}
,
{
"node": "d",
"type": "line-start",
"ref": "P313994.15",
"n": "14",
"label": "o 14"}
,
{
"node": "l",
"frag": "ša",
"id": "P313994.l00d0b",
"ref": "P313994.15.1",
"inst": "ša[that]REL",
"sig": "@saao/saa10%akk-x-neoass:ša=ša[that//when]REL'REL$ša",
"f": {"lang": "akk-x-neoass",
"form": "ša",
"cf": "ša",
"gw": "that",
"sense": "when",
"norm": "ša",
"pos": "REL",
"epos": "REL"}
}
,
{
"node": "l",
"frag": "LUGAL",
"id": "P313994.l00d0c",
"ref": "P313994.15.2",
"inst": "šarru[king]N",
"sig": "@saao/saa10%akk-x-neoass:LUGAL=šarru[king//king]N'N$šarru",
"f": {"lang": "akk-x-neoass",
"form": "LUGAL",
"cf": "šarru",
"gw": "king",
"sense": "king",
"norm": "šarru",
"pos": "N",
"epos": "N"}
}
,
{
"node": "l",
"frag": "ha-as-sa-na-ši-ni",
"id": "P313994.l00d0d",
"ref": "P313994.15.3",
"inst": "+hassu[clever//remembered]AJ'AJ$hassanaššīni",
"sig": "@saao/saa10%akk-x-neoass:ha-as-sa-na-ši-ni=hassu[clever//remembered]AJ'AJ$hassanaššīni",
"f": {"lang": "akk-x-neoass",
"form": "ha-as-sa-na-ši-ni",
"cf": "hassu",
"gw": "clever",
"sense": "remembered",
"norm": "hassanaššīni",
"pos": "AJ",
"epos": "AJ"}
}
,
{
"node": "d",
"type": "line-start",
"ref": "P313994.16",
"n": "15",
"label": "o 15"}
,
{
"node": "l",
"frag": "ša",
"id": "P313994.l00d0e",
"ref": "P313994.16.1",
"inst": "ša[that]REL",
"sig": "@saao/saa10%akk-x-neoass:ša=ša[that//when]REL'REL$ša",
"f": {"lang": "akk-x-neoass",
"form": "ša",
"cf": "ša",
"gw": "that",
"sense": "when",
"norm": "ša",
"pos": "REL",
"epos": "REL"}
}
,
{
"node": "l",
"frag": "ki",
"id": "P313994.l00d0f",
"ref": "P313994.16.2",
"inst": "kî[like+=how long?]PRP",
"sig": "@saao/saa10%akk-x-neoass:ki=kī[like//like]PRP'PRP$kî",
"f": {"lang": "akk-x-neoass",
"form": "ki",
"cf": "kī",
"gw": "like",
"sense": "like",
"norm": "kî",
"pos": "PRP",
"epos": "PRP"}
}
,
{
"node": "l",
"frag": "ma-ṣi",
"id": "P313994.l00d10",
"ref": "P313994.16.3",
"inst": "maṣi[correspond]V",
"sig": "@saao/saa10%akk-x-neoass:ma-ṣi=maṣû[correspond//correspond]V'V$maṣi",
"f": {"lang": "akk-x-neoass",
"form": "ma-ṣi",
"cf": "maṣû",
"gw": "correspond",
"sense": "correspond",
"norm": "maṣi",
"pos": "V",
"epos": "V"}
}
,
{
"node": "l",
"frag": "ina",
"id": "P313994.l00d11",
"ref": "P313994.16.4",
"inst": "ina[in]PRP",
"sig": "@saao/saa10%akk-x-neoass:ina=ina[in//from]PRP'PRP$ina",
"f": {"lang": "akk-x-neoass",
"form": "ina",
"cf": "ina",
"gw": "in",
"sense": "from",
"norm": "ina",
"pos": "PRP",
"epos": "PRP"}
}
,
{
"node": "l",
"frag": "UD-me",
"id": "P313994.l00d12",
"ref": "P313994.16.5",
"inst": "ūme[day]N",
"sig": "@saao/saa10%akk-x-neoass:UD-me=ūmu[day//day]N'N$ūme",
"f": {"lang": "akk-x-neoass",
"form": "UD-me",
"cf": "ūmu",
"gw": "day",
"sense": "day",
"norm": "ūme",
"pos": "N",
"epos": "N"}
}
,
{
"node": "d",
"type": "line-start",
"ref": "P313994.17",
"n": "16",
"label": "o 16"}
,
{
"node": "l",
"frag": "an-ni-i-e",
"id": "P313994.l00d13",
"ref": "P313994.17.1",
"inst": "annīe[this]DP",
"sig": "@saao/saa10%akk-x-neoass:an-ni-i-e=annû[this//this]DP'DP$annīe",
"f": {"lang": "akk-x-neoass",
"form": "an-ni-i-e",
"cf": "annû",
"gw": "this",
"sense": "this",
"norm": "annīe",
"pos": "DP",
"epos": "DP"}
}
,
{
"node": "l",
"frag": "LUGAL",
"id": "P313994.l00d14",
"ref": "P313994.17.2",
"inst": "šarru[king]N",
"sig": "@saao/saa10%akk-x-neoass:LUGAL=šarru[king//king]N'N$šarru",
"f": {"lang": "akk-x-neoass",
"form": "LUGAL",
"cf": "šarru",
"gw": "king",
"sense": "king",
"norm": "šarru",
"pos": "N",
"epos": "N"}
}
,
{
"node": "d",
"type": "line-start",
"ref": "P313994.18",
"n": "17",
"label": "o 17"}
,
{
"node": "l",
"frag": "la",
"id": "P313994.l00d15",
"ref": "P313994.18.1",
"inst": "lā[not]MOD",
"sig": "@saao/saa10%akk-x-neoass:la=lā[not//not]MOD'MOD$lā",
"f": {"lang": "akk-x-neoass",
"form": "la",
"cf": "lā",
"gw": "not",
"sense": "not",
"norm": "lā",
"pos": "MOD",
"epos": "MOD"}
}
,
{
"node": "l",
"frag": "ne₂-mu-ru-ni",
"id": "P313994.l00d16",
"ref": "P313994.18.2",
"inst": "+amāru[see]V$nēmurūni",
"sig": "@saao/saa10%akk-x-neoass:ne₂-mu-ru-ni=amāru[see//see]V'V$nēmurūni",
"f": {"lang": "akk-x-neoass",
"form": "ne₂-mu-ru-ni",
"cf": "amāru",
"gw": "see",
"sense": "see",
"norm": "nēmurūni",
"pos": "V",
"epos": "V"}
}
,
{
"node": "d",
"type": "line-start",
"ref": "P313994.19",
"n": "18",
"label": "o 18"}
,
{
"node": "l",
"frag": "ina",
"id": "P313994.l00d17",
"ref": "P313994.19.1",
"inst": "ina[in]PRP",
"sig": "@saao/saa10%akk-x-neoass:ina=ina[in//from]PRP'PRP$ina",
"f": {"lang": "akk-x-neoass",
"form": "ina",
"cf": "ina",
"gw": "in",
"sense": "from",
"norm": "ina",
"pos": "PRP",
"epos": "PRP"}
}
,
{
"node": "l",
"frag": "UGU-hi",
"id": "P313994.l00d18",
"ref": "P313994.19.2",
"inst": "muhhi[skull]N",
"sig": "@saao/saa10%akk-x-neoass:UGU-hi=muhhu[skull//skull]N'N$muhhi",
"f": {"lang": "akk-x-neoass",
"form": "UGU-hi",
"cf": "muhhu",
"gw": "skull",
"sense": "skull",
"norm": "muhhi",
"pos": "N",
"epos": "N"}
}
,
{
"node": "l",
"frag": "šu-u",
"id": "P313994.l00d19",
"ref": "P313994.19.3",
"inst": "šû[it]IP",
"sig": "@saao/saa10%akk-x-neoass:šu-u=šū[he//it]IP'IP$šû",
"f": {"lang": "akk-x-neoass",
"form": "šu-u",
"cf": "šū",
"gw": "he",
"sense": "it",
"norm": "šû",
"pos": "IP",
"epos": "IP"}
}
,
{
"node": "d",
"subtype": "reverse",
"type": "surface",
"ref": "P313994.r.20",
"type": "reverse",
"label": "r"}
,
{
"node": "d",
"type": "line-start",
"ref": "P313994.21",
"n": "1",
"label": "r 1"}
,
{
"node": "l",
"frag": "ina",
"id": "P313994.l00d1a",
"ref": "P313994.21.1",
"inst": "ina[in]PRP",
"sig": "@saao/saa10%akk-x-neoass:ina=ina[in//from]PRP'PRP$ina",
"f": {"lang": "akk-x-neoass",
"form": "ina",
"cf": "ina",
"gw": "in",
"sense": "from",
"norm": "ina",
"pos": "PRP",
"epos": "PRP"}
}
,
{
"node": "l",
"frag": "pu-ut",
"id": "P313994.l00d1b",
"ref": "P313994.21.2",
"inst": "+pūtu[forehead//opposite]N'PRP$pūt",
"sig": "@saao/saa10%akk-x-neoass:pu-ut=pūtu[forehead//opposite]N'PRP$pūt",
"f": {"lang": "akk-x-neoass",
"form": "pu-ut",
"cf": "pūtu",
"gw": "forehead",
"sense": "opposite",
"norm": "pūt",
"pos": "N",
"epos": "PRP"}
}
,
{
"node": "l",
"frag": "⸢LUGAL⸣",
"id": "P313994.l00d1c",
"ref": "P313994.21.3",
"inst": "šarri[king]N",
"sig": "@saao/saa10%akk-x-neoass:LUGAL=šarru[king//king]N'N$šarri",
"f": {"lang": "akk-x-neoass",
"form": "LUGAL",
"cf": "šarru",
"gw": "king",
"sense": "king",
"norm": "šarri",
"pos": "N",
"epos": "N"}
}
,
{
"node": "d",
"type": "line-start",
"ref": "P313994.22",
"n": "2",
"label": "r 2"}
,
{
"node": "l",
"frag": "ni-ti-ti-zi",
"id": "P313994.l00d1d",
"ref": "P313994.22.1",
"inst": "+izuzzu[stand]V$nittitīzi",
"sig": "@saao/saa10%akk-x-neoass:ni-ti-ti-zi=izuzzu[stand//stand]V'V$nittitīzi",
"f": {"lang": "akk-x-neoass",
"form": "ni-ti-ti-zi",
"cf": "izuzzu",
"gw": "stand",
"sense": "stand",
"norm": "nittitīzi",
"pos": "V",
"epos": "V"}
}
,
{
"node": "l",
"frag": "⸢TA@v⸣",
"id": "P313994.l00d1e",
"ref": "P313994.22.2",
"inst": "issi[with]PRP",
"sig": "@saao/saa10%akk-x-neoass:TA@v=išti[with//with]PRP'PRP$issi",
"f": {"lang": "akk-x-neoass",
"form": "TA@v",
"cf": "išti",
"gw": "with",
"sense": "with",
"norm": "issi",
"pos": "PRP",
"epos": "PRP"}
}
,
{
"node": "l",
"frag": "[man-ni]",
"id": "P313994.l00d1f",
"ref": "P313994.22.3",
"inst": "manni[who?]QP",
"sig": "@saao/saa10%akk-x-neoass:man-ni=mannu[who?//who?]QP'QP$manni",
"f": {"lang": "akk-x-neoass",
"form": "man-ni",
"cf": "mannu",
"gw": "who?",
"sense": "who?",
"norm": "manni",
"pos": "QP",
"epos": "QP"}
}
,
{
"node": "d",
"type": "line-start",
"ref": "P313994.23",
"n": "3",
"label": "r 3"}
,
{
"node": "l",
"frag": "ah-hur",
"id": "P313994.l00d20",
"ref": "P313994.23.1",
"inst": "ahhūr[further(more)]AV",
"sig": "@saao/saa10%akk-x-neoass:ah-hur=hurri[ever (after)//further(more)]AV'AV$ahhūr",
"f": {"lang": "akk-x-neoass",
"form": "ah-hur",
"cf": "hurri",
"gw": "ever (after)",
"sense": "further(more)",
"norm": "ahhūr",
"pos": "AV",
"epos": "AV"}
}
,
{
"node": "l",
"frag": "e-ni-ni",
"id": "P313994.l00d21",
"ref": "P313994.23.2",
"inst": "+īnu[eye]N$ēnīni",
"sig": "@saao/saa10%akk-x-neoass:e-ni-ni=īnu[eye//eye]N'N$ēnīni",
"f": {"lang": "akk-x-neoass",
"form": "e-ni-ni",
"cf": "īnu",
"gw": "eye",
"sense": "eye",
"norm": "ēnīni",
"pos": "N",
"epos": "N"}
}
,
{
"node": "l",
"frag": "ša₂-ak-na",
"id": "P313994.l00d22",
"ref": "P313994.23.3",
"inst": "+šaknu[placed]AJ$šakna",
"sig": "@saao/saa10%akk-x-neoass:ša₂-ak-na=šaknu[placed//placed]AJ'AJ$šakna",
"f": {"lang": "akk-x-neoass",
"form": "ša₂-ak-na",
"cf": "šaknu",
"gw": "placed",
"sense": "placed",
"norm": "šakna",
"pos": "AJ",
"epos": "AJ"}
}
,
{
"node": "d",
"type": "line-start",
"ref": "P313994.24",
"n": "4",
"label": "r 4"}
,
{
"node": "l",
"frag": "a-na",
"id": "P313994.l00d23",
"ref": "P313994.24.1",
"inst": "ana[to]PRP",
"sig": "@saao/saa10%akk-x-neoass:a-na=ana[to//to]PRP'PRP$ana",
"f": {"lang": "akk-x-neoass",
"form": "a-na",
"cf": "ana",
"gw": "to",
"sense": "to",
"norm": "ana",
"pos": "PRP",
"epos": "PRP"}
}
,
{
"node": "l",
"frag": "man-ni",
"id": "P313994.l00d24",
"ref": "P313994.24.2",
"inst": "manni[who?]QP",
"sig": "@saao/saa10%akk-x-neoass:man-ni=mannu[who?//who?]QP'QP$manni",
"f": {"lang": "akk-x-neoass",
"form": "man-ni",
"cf": "mannu",
"gw": "who?",
"sense": "who?",
"norm": "manni",
"pos": "QP",
"epos": "QP"}
}
,
{
"node": "l",
"frag": "i-ba-aš₂-ši",
"id": "P313994.l00d25",
"ref": "P313994.24.3",
"inst": "ibašši[really]'AV",
"sig": "@saao/saa10%akk-x-neoass:i-ba-aš₂-ši=bašû[exist//really]V'AV$ibašši",
"f": {"lang": "akk-x-neoass",
"form": "i-ba-aš₂-ši",
"cf": "bašû",
"gw": "exist",
"sense": "really",
"norm": "ibašši",
"pos": "V",
"epos": "AV"}
}
,
{
"node": "d",
"type": "line-start",
"ref": "P313994.25",
"n": "5",
"label": "r 5"}
,
{
"node": "l",
"frag": "MUN",
"id": "P313994.l00d26",
"ref": "P313994.25.1",
"inst": "+ṭābtu[goodness//favour]N'N$",
"sig": "@saao/saa10%akk-x-neoass:MUN=ṭābtu[goodness//favour]N'N$ṭābtu",
"f": {"lang": "akk-x-neoass",
"form": "MUN",
"cf": "ṭābtu",
"gw": "goodness",
"sense": "favour",
"norm": "ṭābtu",
"pos": "N",
"epos": "N"}
}
,
{
"node": "l",
"frag": "ki-i",
"id": "P313994.l00d27",
"ref": "P313994.25.2",
"inst": "kî[as]PRP",
"sig": "@saao/saa10%akk-x-neoass:ki-i=kī[like//just as]PRP'PRP$kî",
"f": {"lang": "akk-x-neoass",
"form": "ki-i",
"cf": "kī",
"gw": "like",
"sense": "just as",
"norm": "kî",
"pos": "PRP",
"epos": "PRP"}
}
,
{
"node": "l",
"frag": "ia-ši",
"id": "P313994.l00d28",
"ref": "P313994.25.3",
"inst": "+yâšim[to me]IP$yāši",
"sig": "@saao/saa10%akk-x-neoass:ia-ši=yâšim[to me//to me]IP'IP$yāši",
"f": {"lang": "akk-x-neoass",
"form": "ia-ši",
"cf": "yâšim",
"gw": "to me",
"sense": "to me",
"norm": "yāši",
"pos": "IP",
"epos": "IP"}
}
,
{
"node": "l",
"frag": "LUGAL",
"id": "P313994.l00d29",
"ref": "P313994.25.4",
"inst": "šarru[king]N",
"sig": "@saao/saa10%akk-x-neoass:LUGAL=šarru[king//king]N'N$šarru",
"f": {"lang": "akk-x-neoass",
"form": "LUGAL",
"cf": "šarru",
"gw": "king",
"sense": "king",
"norm": "šarru",
"pos": "N",
"epos": "N"}
}
,
{
"node": "d",
"type": "line-start",
"ref": "P313994.26",
"n": "6",
"label": "r 6"}
,
{
"node": "l",
"frag": "e-pu-uš",
"id": "P313994.l00d2a",
"ref": "P313994.26.1",
"inst": "+epēšu[do]V$ēpuš",
"sig": "@saao/saa10%akk-x-neoass:e-pu-uš=epēšu[do//do]V'V$ēpuš",
"f": {"lang": "akk-x-neoass",
"form": "e-pu-uš",
"cf": "epēšu",
"gw": "do",
"sense": "do",
"norm": "ēpuš",
"pos": "V",
"epos": "V"}
}
,
{
"node": "l",
"frag": "ša",
"id": "P313994.l00d2b",
"ref": "P313994.26.2",
"inst": "ša[who]REL",
"sig": "@saao/saa10%akk-x-neoass:ša=ša[that//who]REL'REL$ša",
"f": {"lang": "akk-x-neoass",
"form": "ša",
"cf": "ša",
"gw": "that",
"sense": "who",
"norm": "ša",
"pos": "REL",
"epos": "REL"}
}
,
{
"node": "l",
"frag": "ina",
"id": "P313994.l00d2c",
"ref": "P313994.26.3",
"inst": "ina[in]PRP",
"sig": "@saao/saa10%akk-x-neoass:ina=ina[in//from]PRP'PRP$ina",
"f": {"lang": "akk-x-neoass",
"form": "ina",
"cf": "ina",
"gw": "in",
"sense": "from",
"norm": "ina",
"pos": "PRP",
"epos": "PRP"}
}
,
{
"node": "l",
"frag": "IGI",
"id": "P313994.l00d2d",
"ref": "P313994.26.4",
"inst": "pān[front]N",
"sig": "@saao/saa10%akk-x-neoass:IGI=pānu[front//front]N'N$pān",
"f": {"lang": "akk-x-neoass",
"form": "IGI",
"cf": "pānu",
"gw": "front",
"sense": "front",
"norm": "pān",
"pos": "N",
"epos": "N"}
}
,
{
"node": "l",
"frag": "DUMU-MAN",
"id": "P313994.l00d2e",
"ref": "P313994.26.5",
"cof-tails": "P313994.l00d2f",
"inst": "mār[son+=crown prince]N&šarri[king]N",
"sig": "@saao/saa10%akk-x-neoass:DUMU-MAN=māru[son//son]N'N$mār&&@saao/saa10%akk-x-neoass:=šarru[king//king]N'N$šarri",
"f": {"lang": "akk-x-neoass",
"form": "DUMU-MAN",
"cf": "māru",
"gw": "son",
"sense": "son",
"norm": "mār",
"pos": "N",
"epos": "N"}
}
,
{
"node": "l",
"frag": "DUMU-MAN",
"id": "P313994.l00d2f",
"ref": "P313994.26.5",
"cof-head": "P313994.l00d2e",
"inst": "mār[son+=crown prince]N&šarri[king]N",
"f": {"lang": "akk-x-neoass",
"form": "DUMU-MAN",
"cf": "šarru",
"gw": "king",
"sense": "king",
"norm": "šarri",
"pos": "N",
"epos": "N"}
}
,
{
"node": "d",
"type": "line-start",
"ref": "P313994.27",
"n": "7",
"label": "r 7"}
,
{
"node": "l",
"frag": "tap-qi₂-da-an-ni-ma",
"id": "P313994.l00d30",
"ref": "P313994.27.1",
"inst": "+paqādu[entrust//appoint]V'V$tapqidannīma",
"sig": "@saao/saa10%akk-x-neoass:tap-qi₂-da-an-ni-ma=paqādu[entrust//appoint]V'V$tapqidannīma",
"f": {"lang": "akk-x-neoass",
"form": "tap-qi₂-da-an-ni-ma",
"cf": "paqādu",
"gw": "entrust",
"sense": "appoint",
"norm": "tapqidannīma",
"pos": "V",
"epos": "V"}
}
,
{
"node": "d",
"type": "line-start",
"ref": "P313994.28",
"n": "8",
"label": "r 8"}
,
{
"node": "l",
"frag": "um-ma-an-šu₂",
"id": "P313994.l00d31",
"ref": "P313994.28.1",
"inst": "+ummiānu[scholar//master]N'N$ummânšu",
"sig": "@saao/saa10%akk-x-neoass:um-ma-an-šu₂=ummiānu[scholar//master]N'N$ummânšu",
"f": {"lang": "akk-x-neoass",
"form": "um-ma-an-šu₂",
"cf": "ummiānu",
"gw": "scholar",
"sense": "master",
"norm": "ummânšu",
"pos": "N",
"epos": "N"}
}
,
{
"node": "l",
"frag": "a-na-ku-ni",
"id": "P313994.l00d32",
"ref": "P313994.28.2",
"inst": "anākūni[I]IP",
"sig": "@saao/saa10%akk-x-neoass:a-na-ku-ni=anāku[I//I]IP'IP$anākūni",
"f": {"lang": "akk-x-neoass",
"form": "a-na-ku-ni",
"cf": "anāku",
"gw": "I",
"sense": "I",
"norm": "anākūni",
"pos": "IP",
"epos": "IP"}
}
,
{
"node": "d",
"type": "line-start",
"ref": "P313994.29",
"n": "9",
"label": "r 9"}
,
{
"node": "l",
"frag": "li-gi-in-nu",
"id": "P313994.l00d33",
"ref": "P313994.29.1",
"inst": "+liginnu[(a type of) tablet//one-column tablet]N'N$",
"sig": "@saao/saa10%akk-x-neoass:li-gi-in-nu=liginnu[(a type of) tablet//one-column tablet]N'N$liginnu",
"f": {"lang": "akk-x-neoass",
"form": "li-gi-in-nu",
"cf": "liginnu",
"gw": "(a type of) tablet",
"sense": "one-column tablet",
"norm": "liginnu",
"pos": "N",
"epos": "N"}
}
,
{
"node": "l",
"frag": "a-qa-ba-šu-ni",
"id": "P313994.l00d34",
"ref": "P313994.29.2",
"inst": "+qabû[say]V$aqabbaššūni",
"sig": "@saao/saa10%akk-x-neoass:a-qa-ba-šu-ni=qabû[say//say]V'V$aqabbaššūni",
"f": {"lang": "akk-x-neoass",
"form": "a-qa-ba-šu-ni",
"cf": "qabû",
"gw": "say",
"sense": "say",
"norm": "aqabbaššūni",
"pos": "V",
"epos": "V"}
}
,
{
"node": "d",
"type": "line-start",
"ref": "P313994.30",
"n": "10",
"label": "r 10"}
,
{
"node": "l",
"frag": "di-ib-bi",
"id": "P313994.l00d35",
"ref": "P313994.30.1",
"inst": "dibbī[words]N",
"sig": "@saao/saa10%akk-x-neoass:di-ib-bi=dibbu[words//words]N'N$dibbī",
"f": {"lang": "akk-x-neoass",
"form": "di-ib-bi",
"cf": "dibbu",
"gw": "words",
"sense": "words",
"norm": "dibbī",
"pos": "N",
"epos": "N"}
}
,
{
"node": "l",
"frag": "am-mu-te",
"id": "P313994.l00d36",
"ref": "P313994.30.2",
"inst": "ammūte[that]DP",
"sig": "@saao/saa10%akk-x-neoass:am-mu-te=ammiu[that//that]DP'DP$ammūte",
"f": {"lang": "akk-x-neoass",
"form": "am-mu-te",
"cf": "ammiu",
"gw": "that",
"sense": "that",
"norm": "ammūte",
"pos": "DP",
"epos": "DP"}
}
,
{
"node": "l",
"frag": "SIG₅-MEŠ",
"id": "P313994.l00d37",
"ref": "P313994.30.3",
"inst": "damqūte[good]AJ",
"sig": "@saao/saa10%akk-x-neoass:SIG₅-MEŠ=damqu[good//good]AJ'AJ$damqūte",
"f": {"lang": "akk-x-neoass",
"form": "SIG₅-MEŠ",
"cf": "damqu",
"gw": "good",
"sense": "good",
"norm": "damqūte",
"pos": "AJ",
"epos": "AJ"}
}
,
{
"node": "d",
"type": "line-start",
"ref": "P313994.31",
"n": "11",
"label": "r 11"}
,
{
"node": "l",
"frag": "ša",
"id": "P313994.l00d38",
"ref": "P313994.31.1",
"inst": "ša[of]DET",
"sig": "@saao/saa10%akk-x-neoass:ša=ša[of//of]DET'DET$ša",
"f": {"lang": "akk-x-neoass",
"form": "ša",
"cf": "ša",
"gw": "of",
"sense": "of",
"norm": "ša",
"pos": "DET",
"epos": "DET"}
}
,
{
"node": "l",
"frag": "LUGAL",
"id": "P313994.l00d39",
"ref": "P313994.31.2",
"inst": "šarri[king]N",
"sig": "@saao/saa10%akk-x-neoass:LUGAL=šarru[king//king]N'N$šarri",
"f": {"lang": "akk-x-neoass",
"form": "LUGAL",
"cf": "šarru",
"gw": "king",
"sense": "king",
"norm": "šarri",
"pos": "N",
"epos": "N"}
}
,
{
"node": "l",
"frag": "EN-ia",
"id": "P313994.l00d3a",
"ref": "P313994.31.3",
"inst": "bēlīya[lord]N",
"sig": "@saao/saa10%akk-x-neoass:EN-ia=bēlu[lord//lord]N'N$bēlīya",
"f": {"lang": "akk-x-neoass",
"form": "EN-ia",
"cf": "bēlu",
"gw": "lord",
"sense": "lord",
"norm": "bēlīya",
"pos": "N",
"epos": "N"}
}
,
{
"node": "l",
"frag": "an-ti-ši-i",
"id": "P313994.l00d3b",
"ref": "P313994.31.4",
"inst": "+mašû[forget]V$antišî",
"sig": "@saao/saa10%akk-x-neoass:an-ti-ši-i=mašû[forget//forget]V'V$antišî",
"f": {"lang": "akk-x-neoass",
"form": "an-ti-ši-i",
"cf": "mašû",
"gw": "forget",
"sense": "forget",
"norm": "antišî",
"pos": "V",
"epos": "V"}
}
,
{
"node": "d",
"type": "line-start",
"ref": "P313994.32",
"n": "12",
"label": "r 12"}
,
{
"node": "l",
"frag": "[tu-u₂-ra]",
"id": "P313994.l00d3c",
"ref": "P313994.32.1",
"inst": "tūra[again]AV",
"sig": "@saao/saa10%akk-x-neoass:tu-u₂-ra=tūra[again//again]AV'AV$tūra",
"f": {"lang": "akk-x-neoass",
"form": "tu-u₂-ra",
"cf": "tūra",
"gw": "again",
"sense": "again",
"norm": "tūra",
"pos": "AV",
"epos": "AV"}
}
,
{
"node": "l",
"frag": "a-na",
"id": "P313994.l00d3d",
"ref": "P313994.32.2",
"inst": "ana[for]PRP",
"sig": "@saao/saa10%akk-x-neoass:a-na=ana[to//for]PRP'PRP$ana",
"f": {"lang": "akk-x-neoass",
"form": "a-na",
"cf": "ana",
"gw": "to",
"sense": "for",
"norm": "ana",
"pos": "PRP",
"epos": "PRP"}
}
,
{
"node": "l",
"frag": "a-ma-ri",
"id": "P313994.l00d3e",
"ref": "P313994.32.3",
"inst": "amāri[seeing]'N",
"sig": "@saao/saa10%akk-x-neoass:a-ma-ri=amāru[see//seeing]V'N$amāri",
"f": {"lang": "akk-x-neoass",
"form": "a-ma-ri",
"cf": "amāru",
"gw": "see",
"sense": "seeing",
"norm": "amāri",
"pos": "V",
"epos": "N"}
}
,
{
"node": "d",
"type": "line-start",
"ref": "P313994.33",
"n": "13",
"label": "r 13"}
,
{
"node": "l",
"frag": "[ša₂",
"id": "P313994.l00d3f",
"ref": "P313994.33.1",
"inst": "ša[of]DET",
"sig": "@saao/saa10%akk-x-neoass:ša₂=ša[of//of]DET'DET$ša",
"f": {"lang": "akk-x-neoass",
"form": "ša₂",
"cf": "ša",
"gw": "of",
"sense": "of",
"norm": "ša",
"pos": "DET",
"epos": "DET"}
}
,
{
"node": "l",
"frag": "LUGAL",
"id": "P313994.l00d40",
"ref": "P313994.33.2",
"inst": "šarri[king]N",
"sig": "@saao/saa10%akk-x-neoass:LUGAL=šarru[king//king]N'N$šarri",
"f": {"lang": "akk-x-neoass",
"form": "LUGAL",
"cf": "šarru",
"gw": "king",
"sense": "king",
"norm": "šarri",
"pos": "N",
"epos": "N"}
}
,
{
"node": "l",
"frag": "EN-ia]",
"id": "P313994.l00d41",
"ref": "P313994.33.3",
"inst": "bēlīya[lord]N",
"sig": "@saao/saa10%akk-x-neoass:EN-ia=bēlu[lord//lord]N'N$bēlīya",
"f": {"lang": "akk-x-neoass",
"form": "EN-ia",
"cf": "bēlu",
"gw": "lord",
"sense": "lord",
"norm": "bēlīya",
"pos": "N",
"epos": "N"}
}
,
{
"node": "l",
"frag": "⸢u₂⸣-pa-qa",
"id": "P313994.l00d42",
"ref": "P313994.33.4",
"inst": "+puqqu[pay attention to//look forward to]V'V$upaqqa",
"sig": "@saao/saa10%akk-x-neoass:u₂-pa-qa=puqqu[pay attention to//look forward to]V'V$upaqqa",
"f": {"lang": "akk-x-neoass",
"form": "u₂-pa-qa",
"cf": "puqqu",
"gw": "pay attention to",
"sense": "look forward to",
"norm": "upaqqa",
"pos": "V",
"epos": "V"}
}
,
{
"node": "d",
"type": "nonx",
"ref": "P313994.34",
"strict": "0",
"state": "other"}
]}
]}
]}
]}
