{
"type": "cdl",
  "source": "http://oracc.org/saao/saa10",
  "license": "This data is released under the CC0 license",
  "license-url": "https://creativecommons.org/publicdomain/zero/1.0/",
  "more-info": "http://oracc.org/doc/opendata/",
  "UTC-timestamp": "2017-05-19T11:42:22",
"project": "saao/saa10",
"textid": "P313669",
"cdl": [
{
"node": "c",
"type": "text",
"id": "P313669.U0",
"cdl": [
{
"node": "d",
"type": "object",
"ref": ""}
,
{
"node": "d",
"subtype": "obverse",
"type": "surface",
"ref": "P313669.o.1",
"type": "obverse",
"label": "o"}
,
{
"node": "d",
"type": "nonx",
"ref": "P313669.2",
"strict": "0",
"extent": "beginning",
"state": "missing"}
,
{
"node": "c",
"type": "discourse",
"subtype": "body",
"id": "P313669.U1",
"cdl": [
{
"node": "c",
"type": "sentence",
"id": "P313669.U2",
"label": "o 1' - r 3'",
"cdl": [
{
"node": "d",
"type": "line-start",
"ref": "P313669.3",
"n": "1'",
"label": "o 1'"}
,
{
"node": "l",
"frag": "ina",
"id": "P313669.l07c1e",
"ref": "P313669.3.1",
"inst": "ina[in]PRP",
"sig": "@saao/saa10%akk-x-neoass:ina=ina[in//in]PRP'PRP$ina",
"f": {"lang": "akk-x-neoass",
"form": "ina",
"cf": "ina",
"gw": "in",
"sense": "in",
"norm": "ina",
"pos": "PRP",
"epos": "PRP"}
}
,
{
"node": "l",
"frag": "UGU",
"id": "P313669.l07c1f",
"ref": "P313669.3.2",
"inst": "muhhi[skull]N",
"sig": "@saao/saa10%akk-x-neoass:UGU=muhhu[skull//skull]N'N$muhhi",
"f": {"lang": "akk-x-neoass",
"form": "UGU",
"cf": "muhhu",
"gw": "skull",
"sense": "skull",
"norm": "muhhi",
"pos": "N",
"epos": "N"}
}
,
{
"node": "l",
"frag": "ri-in-ki",
"id": "P313669.l07c20",
"ref": "P313669.3.3",
"inst": "+rimku[bath]N$rinki",
"sig": "@saao/saa10%akk-x-neoass:ri-in-ki=rimku[bath//bath]N'N$rinki",
"f": {"lang": "akk-x-neoass",
"form": "ri-in-ki",
"cf": "rimku",
"gw": "bath",
"sense": "bath",
"norm": "rinki",
"pos": "N",
"epos": "N"}
}
,
{
"node": "d",
"type": "line-start",
"ref": "P313669.4",
"n": "2'",
"label": "o 2'"}
,
{
"node": "l",
"frag": "mi-i-nu",
"id": "P313669.l07c21",
"ref": "P313669.4.1",
"inst": "mīnu[what?]QP",
"sig": "@saao/saa10%akk-x-neoass:mi-i-nu=mīnu[what?//what?]QP'QP$mīnu",
"f": {"lang": "akk-x-neoass",
"form": "mi-i-nu",
"cf": "mīnu",
"gw": "what?",
"sense": "what?",
"norm": "mīnu",
"pos": "QP",
"epos": "QP"}
}
,
{
"node": "d",
"subtype": "reverse",
"type": "surface",
"ref": "P313669.r.5",
"type": "reverse",
"label": "r"}
,
{
"node": "d",
"type": "line-start",
"ref": "P313669.6",
"n": "1'",
"label": "r 1'"}
,
{
"node": "l",
"frag": "ša",
"id": "P313669.l07c22",
"ref": "P313669.6.1",
"inst": "ša[that]REL",
"sig": "@saao/saa10%akk-x-neoass:ša=ša[that//when]REL'REL$ša",
"f": {"lang": "akk-x-neoass",
"form": "ša",
"cf": "ša",
"gw": "that",
"sense": "when",
"norm": "ša",
"pos": "REL",
"epos": "REL"}
}
,
{
"node": "l",
"frag": "LUGAL",
"id": "P313669.l07c23",
"ref": "P313669.6.2",
"inst": "šarru[king]N",
"sig": "@saao/saa10%akk-x-neoass:LUGAL=šarru[king//king]N'N$šarru",
"f": {"lang": "akk-x-neoass",
"form": "LUGAL",
"cf": "šarru",
"gw": "king",
"sense": "king",
"norm": "šarru",
"pos": "N",
"epos": "N"}
}
,
{
"node": "l",
"frag": "be-li₂",
"id": "P313669.l07c24",
"ref": "P313669.6.3",
"inst": "bēlī[lord]N",
"sig": "@saao/saa10%akk-x-neoass:be-li₂=bēlu[lord//lord]N'N$bēlī",
"f": {"lang": "akk-x-neoass",
"form": "be-li₂",
"cf": "bēlu",
"gw": "lord",
"sense": "lord",
"norm": "bēlī",
"pos": "N",
"epos": "N"}
}
,
{
"node": "d",
"type": "line-start",
"ref": "P313669.7",
"n": "2'",
"label": "r 2'"}
,
{
"node": "l",
"frag": "⸢i⸣-qab-bu-u-ni",
"id": "P313669.l07c25",
"ref": "P313669.7.1",
"inst": "iqabbûni[say]V",
"sig": "@saao/saa10%akk-x-neoass:i-qab-bu-u-ni=qabû[say//say]V'V$iqabbûni",
"f": {"lang": "akk-x-neoass",
"form": "i-qab-bu-u-ni",
"cf": "qabû",
"gw": "say",
"sense": "say",
"norm": "iqabbûni",
"pos": "V",
"epos": "V"}
}
,
{
"node": "d",
"type": "line-start",
"ref": "P313669.8",
"n": "3'",
"label": "r 3'"}
,
{
"node": "l",
"frag": "[x",
"id": "P313669.l07c26",
"ref": "P313669.8.1",
"inst": "u",
"f": {"lang": "akk-x-neoass",
"form": "x",
"pos": "u"}
}
,
{
"node": "l",
"frag": "x]",
"id": "P313669.l07c27",
"ref": "P313669.8.2",
"inst": "u",
"f": {"lang": "akk-x-neoass",
"form": "x",
"pos": "u"}
}
,
{
"node": "l",
"frag": "⸢u₂⸣-ma-a",
"id": "P313669.l07c28",
"ref": "P313669.8.3",
"inst": "ūmâ[now]AV",
"sig": "@saao/saa10%akk-x-neoass:u₂-ma-a=ūma[today//now]AV'AV$ūmâ",
"f": {"lang": "akk-x-neoass",
"form": "u₂-ma-a",
"cf": "ūma",
"gw": "today",
"sense": "now",
"norm": "ūmâ",
"pos": "AV",
"epos": "AV"}
}
,
{
"node": "d",
"type": "nonx",
"ref": "P313669.9",
"strict": "0",
"extent": "rest",
"state": "missing"}
]}
]}
]}
]}
