{
"type": "cdl",
  "source": "http://oracc.org/saao/saa10",
  "license": "This data is released under the CC0 license",
  "license-url": "https://creativecommons.org/publicdomain/zero/1.0/",
  "more-info": "http://oracc.org/doc/opendata/",
  "UTC-timestamp": "2017-05-19T11:42:21",
"project": "saao/saa10",
"textid": "P313592",
"cdl": [
{
"node": "c",
"type": "text",
"id": "P313592.U0",
"cdl": [
{
"node": "d",
"type": "object",
"ref": ""}
,
{
"node": "d",
"subtype": "obverse",
"type": "surface",
"ref": "P313592.o.1",
"type": "obverse",
"label": "o"}
,
{
"node": "d",
"type": "nonx",
"ref": "P313592.2",
"strict": "0",
"extent": "beginning",
"state": "missing"}
,
{
"node": "c",
"type": "discourse",
"subtype": "body",
"id": "P313592.U1",
"cdl": [
{
"node": "c",
"type": "sentence",
"id": "P313592.U2",
"label": "o 1' - r 7",
"cdl": [
{
"node": "d",
"type": "line-start",
"ref": "P313592.3",
"n": "1'",
"label": "o 1'"}
,
{
"node": "l",
"frag": "[x",
"id": "P313592.l00c32",
"ref": "P313592.3.1",
"inst": "u",
"f": {"lang": "akk-x-neoass",
"form": "x",
"pos": "u"}
}
,
{
"node": "l",
"frag": "x",
"id": "P313592.l00c33",
"ref": "P313592.3.2",
"inst": "u",
"f": {"lang": "akk-x-neoass",
"form": "x",
"pos": "u"}
}
,
{
"node": "l",
"frag": "x",
"id": "P313592.l00c34",
"ref": "P313592.3.3",
"inst": "u",
"f": {"lang": "akk-x-neoass",
"form": "x",
"pos": "u"}
}
,
{
"node": "l",
"frag": "x",
"id": "P313592.l00c35",
"ref": "P313592.3.4",
"inst": "u",
"f": {"lang": "akk-x-neoass",
"form": "x",
"pos": "u"}
}
,
{
"node": "l",
"frag": "x",
"id": "P313592.l00c36",
"ref": "P313592.3.5",
"inst": "u",
"f": {"lang": "akk-x-neoass",
"form": "x",
"pos": "u"}
}
,
{
"node": "l",
"frag": "x",
"id": "P313592.l00c37",
"ref": "P313592.3.6",
"inst": "u",
"f": {"lang": "akk-x-neoass",
"form": "x",
"pos": "u"}
}
,
{
"node": "l",
"frag": "x",
"id": "P313592.l00c38",
"ref": "P313592.3.7",
"inst": "u",
"f": {"lang": "akk-x-neoass",
"form": "x",
"pos": "u"}
}
,
{
"node": "l",
"frag": "x",
"id": "P313592.l00c39",
"ref": "P313592.3.8",
"inst": "u",
"f": {"lang": "akk-x-neoass",
"form": "x",
"pos": "u"}
}
,
{
"node": "l",
"frag": "x",
"id": "P313592.l00c3a",
"ref": "P313592.3.9",
"inst": "u",
"f": {"lang": "akk-x-neoass",
"form": "x",
"pos": "u"}
}
,
{
"node": "l",
"frag": "x]",
"id": "P313592.l00c3b",
"ref": "P313592.3.10",
"inst": "u",
"f": {"lang": "akk-x-neoass",
"form": "x",
"pos": "u"}
}
,
{
"node": "l",
"frag": "bi-i-ru",
"id": "P313592.l00c3c",
"ref": "P313592.3.11",
"inst": "+bīru[divination]N$",
"sig": "@saao/saa10%akk-x-neoass:bi-i-ru=bīru[divination//divination]N'N$bīru",
"f": {"lang": "akk-x-neoass",
"form": "bi-i-ru",
"cf": "bīru",
"gw": "divination",
"sense": "divination",
"norm": "bīru",
"pos": "N",
"epos": "N"}
}
,
{
"node": "d",
"type": "line-start",
"ref": "P313592.4",
"n": "2'",
"label": "o 2'"}
,
{
"node": "l",
"frag": "[x",
"id": "P313592.l00c3d",
"ref": "P313592.4.1",
"inst": "u",
"f": {"lang": "akk-x-neoass",
"form": "x",
"pos": "u"}
}
,
{
"node": "l",
"frag": "x",
"id": "P313592.l00c3e",
"ref": "P313592.4.2",
"inst": "u",
"f": {"lang": "akk-x-neoass",
"form": "x",
"pos": "u"}
}
,
{
"node": "l",
"frag": "x",
"id": "P313592.l00c3f",
"ref": "P313592.4.3",
"inst": "u",
"f": {"lang": "akk-x-neoass",
"form": "x",
"pos": "u"}
}
,
{
"node": "l",
"frag": "x",
"id": "P313592.l00c40",
"ref": "P313592.4.4",
"inst": "u",
"f": {"lang": "akk-x-neoass",
"form": "x",
"pos": "u"}
}
,
{
"node": "l",
"frag": "x]",
"id": "P313592.l00c41",
"ref": "P313592.4.5",
"inst": "u",
"f": {"lang": "akk-x-neoass",
"form": "x",
"pos": "u"}
}
,
{
"node": "l",
"frag": "⸢u₃⸣",
"id": "P313592.l00c42",
"ref": "P313592.4.6",
"inst": "u[and]CNJ",
"sig": "@saao/saa10%akk-x-neoass:u₃=u[and//and]CNJ'CNJ$u",
"f": {"lang": "akk-x-neoass",
"form": "u₃",
"cf": "u",
"gw": "and",
"sense": "and",
"norm": "u",
"pos": "CNJ",
"epos": "CNJ"}
}
,
{
"node": "l",
"frag": "aš₂-šu₂",
"id": "P313592.l00c43",
"ref": "P313592.4.7",
"inst": "+aššu[because (of)//because of]SBJ'SBJ$",
"sig": "@saao/saa10%akk-x-stdbab:aš₂-šu₂=aššu[because (of)//because of]SBJ'SBJ$aššu",
"f": {"lang": "akk-x-stdbab",
"form": "aš₂-šu₂",
"cf": "aššu",
"gw": "because (of)",
"sense": "because of",
"norm": "aššu",
"pos": "SBJ",
"epos": "SBJ"}
}
,
{
"node": "l",
"frag": "ke-e-na-ti-ka",
"id": "P313592.l00c44",
"ref": "P313592.4.8",
"inst": "+kittu[truth//truthfulness]N'N$kēnātīka",
"sig": "@saao/saa10%akk-x-stdbab:ke-e-na-ti-ka=kittu[truth//truthfulness]N'N$kēnātīka",
"f": {"lang": "akk-x-stdbab",
"form": "ke-e-na-ti-ka",
"cf": "kittu",
"gw": "truth",
"sense": "truthfulness",
"norm": "kēnātīka",
"pos": "N",
"epos": "N"}
}
,
{
"node": "d",
"type": "line-start",
"ref": "P313592.5",
"n": "3'",
"label": "o 3'"}
,
{
"node": "l",
"frag": "[x",
"id": "P313592.l00c45",
"ref": "P313592.5.1",
"inst": "u",
"f": {"lang": "akk-x-neoass",
"form": "x",
"pos": "u"}
}
,
{
"node": "l",
"frag": "x",
"id": "P313592.l00c46",
"ref": "P313592.5.2",
"inst": "u",
"f": {"lang": "akk-x-neoass",
"form": "x",
"pos": "u"}
}
,
{
"node": "l",
"frag": "x",
"id": "P313592.l00c47",
"ref": "P313592.5.3",
"inst": "u",
"f": {"lang": "akk-x-neoass",
"form": "x",
"pos": "u"}
}
,
{
"node": "l",
"frag": "x",
"id": "P313592.l00c48",
"ref": "P313592.5.4",
"inst": "u",
"f": {"lang": "akk-x-neoass",
"form": "x",
"pos": "u"}
}
,
{
"node": "l",
"frag": "x]",
"id": "P313592.l00c49",
"ref": "P313592.5.5",
"inst": "u",
"f": {"lang": "akk-x-neoass",
"form": "x",
"pos": "u"}
}
,
{
"node": "l",
"frag": "ta-qip-u-ni",
"id": "P313592.l00c4a",
"ref": "P313592.5.6",
"inst": "+qiāpu[trust//believe]V'V$taqīpūni",
"sig": "@saao/saa10%akk-x-neoass:ta-qip-u-ni=qiāpu[trust//believe]V'V$taqīpūni",
"f": {"lang": "akk-x-neoass",
"form": "ta-qip-u-ni",
"cf": "qiāpu",
"gw": "trust",
"sense": "believe",
"norm": "taqīpūni",
"pos": "V",
"epos": "V"}
}
,
{
"node": "l",
"frag": "u₃",
"id": "P313592.l00c4b",
"ref": "P313592.5.7",
"inst": "u[and]CNJ",
"sig": "@saao/saa10%akk-x-neoass:u₃=u[and//and]CNJ'CNJ$u",
"f": {"lang": "akk-x-neoass",
"form": "u₃",
"cf": "u",
"gw": "and",
"sense": "and",
"norm": "u",
"pos": "CNJ",
"epos": "CNJ"}
}
,
{
"node": "l",
"frag": "ina",
"id": "P313592.l00c4c",
"ref": "P313592.5.8",
"inst": "ina[in]PRP",
"sig": "@saao/saa10%akk-x-neoass:ina=ina[in//in]PRP'PRP$ina",
"f": {"lang": "akk-x-neoass",
"form": "ina",
"cf": "ina",
"gw": "in",
"sense": "in",
"norm": "ina",
"pos": "PRP",
"epos": "PRP"}
}
,
{
"node": "l",
"frag": "UGU",
"id": "P313592.l00c4d",
"ref": "P313592.5.9",
"inst": "muhhi[skull]N",
"sig": "@saao/saa10%akk-x-neoass:UGU=muhhu[skull//skull]N'N$muhhi",
"f": {"lang": "akk-x-neoass",
"form": "UGU",
"cf": "muhhu",
"gw": "skull",
"sense": "skull",
"norm": "muhhi",
"pos": "N",
"epos": "N"}
}
,
{
"node": "d",
"type": "line-start",
"ref": "P313592.6",
"n": "4'",
"label": "o 4'"}
,
{
"node": "l",
"frag": "[x",
"id": "P313592.l00c4e",
"ref": "P313592.6.1",
"inst": "u",
"f": {"lang": "akk-x-neoass",
"form": "x",
"pos": "u"}
}
,
{
"node": "l",
"frag": "x",
"id": "P313592.l00c4f",
"ref": "P313592.6.2",
"inst": "u",
"f": {"lang": "akk-x-neoass",
"form": "x",
"pos": "u"}
}
,
{
"node": "l",
"frag": "x",
"id": "P313592.l00c50",
"ref": "P313592.6.3",
"inst": "u",
"f": {"lang": "akk-x-neoass",
"form": "x",
"pos": "u"}
}
,
{
"node": "l",
"frag": "x",
"id": "P313592.l00c51",
"ref": "P313592.6.4",
"inst": "u",
"f": {"lang": "akk-x-neoass",
"form": "x",
"pos": "u"}
}
,
{
"node": "l",
"frag": "ki]-i",
"id": "P313592.l00c52",
"ref": "P313592.6.5",
"inst": "kî[like]PRP",
"sig": "@saao/saa10%akk-x-neoass:ki-i=kī[like//just as]PRP'PRP$kî",
"f": {"lang": "akk-x-neoass",
"form": "ki-i",
"cf": "kī",
"gw": "like",
"sense": "just as",
"norm": "kî",
"pos": "PRP",
"epos": "PRP"}
}
,
{
"node": "l",
"frag": "an-ni-i",
"id": "P313592.l00c53",
"ref": "P313592.6.6",
"inst": "annî[this]DP",
"sig": "@saao/saa10%akk-x-neoass:an-ni-i=annû[this//this]DP'DP$annî",
"f": {"lang": "akk-x-neoass",
"form": "an-ni-i",
"cf": "annû",
"gw": "this",
"sense": "this",
"norm": "annî",
"pos": "DP",
"epos": "DP"}
}
,
{
"node": "l",
"frag": "ti-il-tu₂",
"id": "P313592.l00c54",
"ref": "P313592.6.7",
"inst": "+tēltu[saying]N$",
"sig": "@saao/saa10%akk-x-neoass:ti-il-tu₂=tēltu[saying//saying]N'N$tēltu",
"f": {"lang": "akk-x-neoass",
"form": "ti-il-tu₂",
"cf": "tēltu",
"gw": "saying",
"sense": "saying",
"norm": "tēltu",
"pos": "N",
"epos": "N"}
}
,
{
"node": "d",
"type": "line-start",
"ref": "P313592.7",
"n": "5'",
"label": "o 5'"}
,
{
"node": "l",
"frag": "[x",
"id": "P313592.l00c55",
"ref": "P313592.7.1",
"inst": "u",
"f": {"lang": "akk-x-neoass",
"form": "x",
"pos": "u"}
}
,
{
"node": "l",
"frag": "x",
"id": "P313592.l00c56",
"ref": "P313592.7.2",
"inst": "u",
"f": {"lang": "akk-x-neoass",
"form": "x",
"pos": "u"}
}
,
{
"node": "l",
"frag": "x",
"id": "P313592.l00c57",
"ref": "P313592.7.3",
"inst": "u",
"f": {"lang": "akk-x-neoass",
"form": "x",
"pos": "u"}
}
,
{
"node": "l",
"frag": "x]",
"id": "P313592.l00c58",
"ref": "P313592.7.4",
"inst": "u",
"f": {"lang": "akk-x-neoass",
"form": "x",
"pos": "u"}
}
,
{
"node": "l",
"frag": "⸢KUR⸣-šu-me-ru",
"id": "P313592.l00c59",
"ref": "P313592.7.5",
"inst": "+Mat-Šumeri[Sumer]GN$Mat-Šumeru",
"sig": "@saao/saa10%akk-x-stdbab:KUR-šu-me-ru=Mat-Šumeri[Sumer//Sumer]GN'GN$Mat-Šumeru",
"f": {"lang": "akk-x-stdbab",
"form": "KUR-šu-me-ru",
"cf": "Mat-Šumeri",
"gw": "Sumer",
"sense": "Sumer",
"norm": "Mat-Šumeru",
"pos": "GN",
"epos": "GN"}
}
,
{
"node": "l",
"frag": "it-ta-qip",
"id": "P313592.l00c5a",
"ref": "P313592.7.6",
"inst": "+qiāpu[trust//believe]V'V$ittaqīp",
"sig": "@saao/saa10%akk-x-stdbab:it-ta-qip=qiāpu[trust//believe]V'V$ittaqīp",
"f": {"lang": "akk-x-stdbab",
"form": "it-ta-qip",
"cf": "qiāpu",
"gw": "trust",
"sense": "believe",
"norm": "ittaqīp",
"pos": "V",
"epos": "V"}
}
,
{
"node": "d",
"subtype": "bottom",
"type": "surface",
"ref": "P313592.b.e..8",
"type": "bottom",
"label": "b.e."}
,
{
"node": "d",
"type": "line-start",
"ref": "P313592.9",
"n": "6'",
"label": "b.e. 6'"}
,
{
"node": "l",
"frag": "[x",
"id": "P313592.l00c5b",
"ref": "P313592.9.1",
"inst": "u",
"f": {"lang": "akk-x-neoass",
"form": "x",
"pos": "u"}
}
,
{
"node": "l",
"frag": "x",
"id": "P313592.l00c5c",
"ref": "P313592.9.2",
"inst": "u",
"f": {"lang": "akk-x-neoass",
"form": "x",
"pos": "u"}
}
,
{
"node": "l",
"frag": "x]",
"id": "P313592.l00c5d",
"ref": "P313592.9.3",
"inst": "u",
"f": {"lang": "akk-x-neoass",
"form": "x",
"pos": "u"}
}
,
{
"node": "l",
"frag": "ŠA₃-ia",
"id": "P313592.l00c5e",
"ref": "P313592.9.4",
"inst": "+libbu[interior//heart]N'N$libbīya",
"sig": "@saao/saa10%akk-x-neoass:ŠA₃-ia=libbu[interior//heart]N'N$libbīya",
"f": {"lang": "akk-x-neoass",
"form": "ŠA₃-ia",
"cf": "libbu",
"gw": "interior",
"sense": "heart",
"norm": "libbīya",
"pos": "N",
"epos": "N"}
}
,
{
"node": "l",
"frag": "ina",
"id": "P313592.l00c5f",
"ref": "P313592.9.5",
"inst": "ina[in]PRP",
"sig": "@saao/saa10%akk-x-neoass:ina=ina[in//in]PRP'PRP$ina",
"f": {"lang": "akk-x-neoass",
"form": "ina",
"cf": "ina",
"gw": "in",
"sense": "in",
"norm": "ina",
"pos": "PRP",
"epos": "PRP"}
}
,
{
"node": "l",
"frag": "ša",
"id": "P313592.l00c60",
"ref": "P313592.9.6",
"inst": "ša[that]REL",
"sig": "@saao/saa10%akk-x-neoass:ša=ša[that//when]REL'REL$ša",
"f": {"lang": "akk-x-neoass",
"form": "ša",
"cf": "ša",
"gw": "that",
"sense": "when",
"norm": "ša",
"pos": "REL",
"epos": "REL"}
}
,
{
"node": "l",
"frag": "ta-qip-u-ni",
"id": "P313592.l00c61",
"ref": "P313592.9.7",
"inst": "taqīpūni[believe]V",
"sig": "@saao/saa10%akk-x-neoass:ta-qip-u-ni=qiāpu[trust//believe]V'V$taqīpūni",
"f": {"lang": "akk-x-neoass",
"form": "ta-qip-u-ni",
"cf": "qiāpu",
"gw": "trust",
"sense": "believe",
"norm": "taqīpūni",
"pos": "V",
"epos": "V"}
}
,
{
"node": "d",
"type": "line-start",
"ref": "P313592.10",
"n": "7'",
"label": "b.e. 7'"}
,
{
"node": "l",
"frag": "[x",
"id": "P313592.l00c62",
"ref": "P313592.10.1",
"inst": "u",
"f": {"lang": "akk-x-neoass",
"form": "x",
"pos": "u"}
}
,
{
"node": "l",
"frag": "x]+⸢x⸣",
"id": "P313592.l00c63",
"ref": "P313592.10.2",
"inst": "u",
"f": {"lang": "akk-x-neoass",
"form": "x+x",
"pos": "u"}
}
,
{
"node": "l",
"frag": "mu-uk",
"id": "P313592.l00c64",
"ref": "P313592.10.3",
"inst": "muk[saying]PRP",
"sig": "@saao/saa10%akk-x-neoass:mu-uk=muk[saying//saying]PRP'PRP$muk",
"f": {"lang": "akk-x-neoass",
"form": "mu-uk",
"cf": "muk",
"gw": "saying",
"sense": "saying",
"norm": "muk",
"pos": "PRP",
"epos": "PRP"}
}
,
{
"node": "l",
"frag": "lu-u-da",
"id": "P313592.l00c65",
"ref": "P313592.10.4",
"inst": "lūda[know]V",
"sig": "@saao/saa10%akk-x-neoass:lu-u-da=wadû[know//know]V'V$lūda",
"f": {"lang": "akk-x-neoass",
"form": "lu-u-da",
"cf": "wadû",
"gw": "know",
"sense": "know",
"norm": "lūda",
"pos": "V",
"epos": "V"}
}
,
{
"node": "l",
"frag": "ina",
"id": "P313592.l00c66",
"ref": "P313592.10.5",
"inst": "ina[from]PRP",
"sig": "@saao/saa10%akk-x-neoass:ina=ina[in//from]PRP'PRP$ina",
"f": {"lang": "akk-x-neoass",
"form": "ina",
"cf": "ina",
"gw": "in",
"sense": "from",
"norm": "ina",
"pos": "PRP",
"epos": "PRP"}
}
,
{
"node": "l",
"frag": "gu-um",
"id": "P313592.l00c67",
"ref": "P313592.10.6",
"inst": "+gummurtu[totality]N$gum",
"sig": "@saao/saa10%akk-x-neoass:gu-um=gummurtu[totality//totality]N'N$gum",
"f": {"lang": "akk-x-neoass",
"form": "gu-um",
"cf": "gummurtu",
"gw": "totality",
"sense": "totality",
"norm": "gum",
"pos": "N",
"epos": "N"}
}
,
{
"node": "l",
"frag": "ŠA₃-⸢ia₂⸣",
"id": "P313592.l00c68",
"ref": "P313592.10.7",
"inst": "+libbu[interior//heart]N'N$libbīya",
"sig": "@saao/saa10%akk-x-neoass:ŠA₃-ia₂=libbu[interior//heart]N'N$libbīya",
"f": {"lang": "akk-x-neoass",
"form": "ŠA₃-ia₂",
"cf": "libbu",
"gw": "interior",
"sense": "heart",
"norm": "libbīya",
"pos": "N",
"epos": "N"}
}
,
{
"node": "d",
"subtype": "reverse",
"type": "surface",
"ref": "P313592.r.11",
"type": "reverse",
"label": "r"}
,
{
"node": "d",
"type": "line-start",
"ref": "P313592.12",
"n": "1",
"label": "r 1"}
,
{
"node": "l",
"frag": "[x",
"id": "P313592.l00c69",
"ref": "P313592.12.1",
"inst": "u",
"f": {"lang": "akk-x-neoass",
"form": "x",
"pos": "u"}
}
,
{
"node": "l",
"frag": "x",
"id": "P313592.l00c6a",
"ref": "P313592.12.2",
"inst": "u",
"f": {"lang": "akk-x-neoass",
"form": "x",
"pos": "u"}
}
,
{
"node": "l",
"frag": "x]",
"id": "P313592.l00c6b",
"ref": "P313592.12.3",
"inst": "u",
"f": {"lang": "akk-x-neoass",
"form": "x",
"pos": "u"}
}
,
{
"node": "l",
"frag": "⸢man⸣-gu-u",
"id": "P313592.l00c6c",
"ref": "P313592.12.4",
"inst": "+mangu[(a skin disease)]N$mangû",
"sig": "@saao/saa10%akk-x-neoass:man-gu-u=mangu[(a skin disease)//(a skin disease)]N'N$mangû",
"f": {"lang": "akk-x-neoass",
"form": "man-gu-u",
"cf": "mangu",
"gw": "(a skin disease)",
"sense": "(a skin disease)",
"norm": "mangû",
"pos": "N",
"epos": "N"}
}
,
{
"node": "l",
"frag": "šu-u",
"id": "P313592.l00c6d",
"ref": "P313592.12.5",
"inst": "šû[it]IP",
"sig": "@saao/saa10%akk-x-neoass:šu-u=šū[he//it]IP'IP$šû",
"f": {"lang": "akk-x-neoass",
"form": "šu-u",
"cf": "šū",
"gw": "he",
"sense": "it",
"norm": "šû",
"pos": "IP",
"epos": "IP"}
}
,
{
"node": "l",
"frag": "tu-mu-lu",
"id": "P313592.l00c6e",
"ref": "P313592.12.6",
"inst": "+tūmulu[advantage]N$",
"sig": "@saao/saa10%akk-x-neoass:tu-mu-lu=tūmulu[advantage//advantage]N'N$tūmulu",
"f": {"lang": "akk-x-neoass",
"form": "tu-mu-lu",
"cf": "tūmulu",
"gw": "advantage",
"sense": "advantage",
"norm": "tūmulu",
"pos": "N",
"epos": "N"}
}
,
{
"node": "l",
"frag": "i-⸢ba⸣-ši",
"id": "P313592.l00c6f",
"ref": "P313592.12.7",
"inst": "ibašši[really]'AV",
"sig": "@saao/saa10%akk-x-neoass:i-ba-ši=bašû[exist//really]V'AV$ibašši",
"f": {"lang": "akk-x-neoass",
"form": "i-ba-ši",
"cf": "bašû",
"gw": "exist",
"sense": "really",
"norm": "ibašši",
"pos": "V",
"epos": "AV"}
}
,
{
"node": "d",
"type": "line-start",
"ref": "P313592.13",
"n": "2",
"label": "r 2"}
,
{
"node": "l",
"frag": "[x",
"id": "P313592.l00c70",
"ref": "P313592.13.1",
"inst": "u",
"f": {"lang": "akk-x-neoass",
"form": "x",
"pos": "u"}
}
,
{
"node": "l",
"frag": "x",
"id": "P313592.l00c71",
"ref": "P313592.13.2",
"inst": "u",
"f": {"lang": "akk-x-neoass",
"form": "x",
"pos": "u"}
}
,
{
"node": "l",
"frag": "x",
"id": "P313592.l00c72",
"ref": "P313592.13.3",
"inst": "u",
"f": {"lang": "akk-x-neoass",
"form": "x",
"pos": "u"}
}
,
{
"node": "l",
"frag": "x",
"id": "P313592.l00c73",
"ref": "P313592.13.4",
"inst": "u",
"f": {"lang": "akk-x-neoass",
"form": "x",
"pos": "u"}
}
,
{
"node": "l",
"frag": "x",
"id": "P313592.l00c74",
"ref": "P313592.13.5",
"inst": "u",
"f": {"lang": "akk-x-neoass",
"form": "x",
"pos": "u"}
}
,
{
"node": "l",
"frag": "x]-⸢li⸣",
"id": "P313592.l00c75",
"ref": "P313592.13.6",
"inst": "u",
"f": {"lang": "akk-x-neoass",
"form": "x-li",
"pos": "u"}
}
,
{
"node": "l",
"frag": "u₂-ma-a",
"id": "P313592.l00c76",
"ref": "P313592.13.7",
"inst": "ūmâ[now]AV",
"sig": "@saao/saa10%akk-x-neoass:u₂-ma-a=ūma[today//now]AV'AV$ūmâ",
"f": {"lang": "akk-x-neoass",
"form": "u₂-ma-a",
"cf": "ūma",
"gw": "today",
"sense": "now",
"norm": "ūmâ",
"pos": "AV",
"epos": "AV"}
}
,
{
"node": "l",
"frag": "ina",
"id": "P313592.l00c77",
"ref": "P313592.13.8",
"inst": "ina[in]PRP",
"sig": "@saao/saa10%akk-x-neoass:ina=ina[in//in]PRP'PRP$ina",
"f": {"lang": "akk-x-neoass",
"form": "ina",
"cf": "ina",
"gw": "in",
"sense": "in",
"norm": "ina",
"pos": "PRP",
"epos": "PRP"}
}
,
{
"node": "l",
"frag": "pu-ut",
"id": "P313592.l00c78",
"ref": "P313592.13.9",
"inst": "+pūtu[forehead//in accordance with]N'PRP$pūt",
"sig": "@saao/saa10%akk-x-neoass:pu-ut=pūtu[forehead//in accordance with]N'PRP$pūt",
"f": {"lang": "akk-x-neoass",
"form": "pu-ut",
"cf": "pūtu",
"gw": "forehead",
"sense": "in accordance with",
"norm": "pūt",
"pos": "N",
"epos": "PRP"}
}
,
{
"node": "d",
"type": "line-start",
"ref": "P313592.14",
"n": "3",
"label": "r 3"}
,
{
"node": "l",
"frag": "[x",
"id": "P313592.l00c79",
"ref": "P313592.14.1",
"inst": "u",
"f": {"lang": "akk-x-neoass",
"form": "x",
"pos": "u"}
}
,
{
"node": "l",
"frag": "x",
"id": "P313592.l00c7a",
"ref": "P313592.14.2",
"inst": "u",
"f": {"lang": "akk-x-neoass",
"form": "x",
"pos": "u"}
}
,
{
"node": "l",
"frag": "x",
"id": "P313592.l00c7b",
"ref": "P313592.14.3",
"inst": "u",
"f": {"lang": "akk-x-neoass",
"form": "x",
"pos": "u"}
}
,
{
"node": "l",
"frag": "x",
"id": "P313592.l00c7c",
"ref": "P313592.14.4",
"inst": "u",
"f": {"lang": "akk-x-neoass",
"form": "x",
"pos": "u"}
}
,
{
"node": "l",
"frag": "x",
"id": "P313592.l00c7d",
"ref": "P313592.14.5",
"inst": "u",
"f": {"lang": "akk-x-neoass",
"form": "x",
"pos": "u"}
}
,
{
"node": "l",
"frag": "ša]",
"id": "P313592.l00c7e",
"ref": "P313592.14.6",
"inst": "ša[what]REL",
"sig": "@saao/saa10%akk-x-neoass:ša=ša[that//what]REL'REL$ša",
"f": {"lang": "akk-x-neoass",
"form": "ša",
"cf": "ša",
"gw": "that",
"sense": "what",
"norm": "ša",
"pos": "REL",
"epos": "REL"}
}
,
{
"node": "l",
"frag": "⸢LUGAL⸣",
"id": "P313592.l00c7f",
"ref": "P313592.14.7",
"inst": "šarru[king]N",
"sig": "@saao/saa10%akk-x-neoass:LUGAL=šarru[king//king]N'N$šarru",
"f": {"lang": "akk-x-neoass",
"form": "LUGAL",
"cf": "šarru",
"gw": "king",
"sense": "king",
"norm": "šarru",
"pos": "N",
"epos": "N"}
}
,
{
"node": "l",
"frag": "be-li",
"id": "P313592.l00c80",
"ref": "P313592.14.8",
"inst": "bēlī[lord]N",
"sig": "@saao/saa10%akk-x-neoass:be-li=bēlu[lord//lord]N'N$bēlī",
"f": {"lang": "akk-x-neoass",
"form": "be-li",
"cf": "bēlu",
"gw": "lord",
"sense": "lord",
"norm": "bēlī",
"pos": "N",
"epos": "N"}
}
,
{
"node": "l",
"frag": "iš-pur-an-ni",
"id": "P313592.l00c81",
"ref": "P313592.14.9",
"inst": "išpuranni[write]V",
"sig": "@saao/saa10%akk-x-neoass:iš-pur-an-ni=šapāru[send//write]V'V$išpuranni",
"f": {"lang": "akk-x-neoass",
"form": "iš-pur-an-ni",
"cf": "šapāru",
"gw": "send",
"sense": "write",
"norm": "išpuranni",
"pos": "V",
"epos": "V"}
}
,
{
"node": "d",
"type": "line-start",
"ref": "P313592.15",
"n": "4",
"label": "r 4"}
,
{
"node": "l",
"frag": "[x",
"id": "P313592.l00c82",
"ref": "P313592.15.1",
"inst": "u",
"f": {"lang": "akk-x-neoass",
"form": "x",
"pos": "u"}
}
,
{
"node": "l",
"frag": "x",
"id": "P313592.l00c83",
"ref": "P313592.15.2",
"inst": "u",
"f": {"lang": "akk-x-neoass",
"form": "x",
"pos": "u"}
}
,
{
"node": "l",
"frag": "x",
"id": "P313592.l00c84",
"ref": "P313592.15.3",
"inst": "u",
"f": {"lang": "akk-x-neoass",
"form": "x",
"pos": "u"}
}
,
{
"node": "l",
"frag": "x",
"id": "P313592.l00c85",
"ref": "P313592.15.4",
"inst": "u",
"f": {"lang": "akk-x-neoass",
"form": "x",
"pos": "u"}
}
,
{
"node": "l",
"frag": "x",
"id": "P313592.l00c86",
"ref": "P313592.15.5",
"inst": "u",
"f": {"lang": "akk-x-neoass",
"form": "x",
"pos": "u"}
}
,
{
"node": "l",
"frag": "x",
"id": "P313592.l00c87",
"ref": "P313592.15.6",
"inst": "u",
"f": {"lang": "akk-x-neoass",
"form": "x",
"pos": "u"}
}
,
{
"node": "l",
"frag": "x",
"id": "P313592.l00c88",
"ref": "P313592.15.7",
"inst": "u",
"f": {"lang": "akk-x-neoass",
"form": "x",
"pos": "u"}
}
,
{
"node": "l",
"frag": "x]",
"id": "P313592.l00c89",
"ref": "P313592.15.8",
"inst": "u",
"f": {"lang": "akk-x-neoass",
"form": "x",
"pos": "u"}
}
,
{
"node": "l",
"frag": "us-sa-na-lam",
"id": "P313592.l00c8a",
"ref": "P313592.15.9",
"inst": "+šalāmu[be(come) healthy//complete]V'V$ussanallam",
"sig": "@saao/saa10%akk-x-neoass:us-sa-na-lam=šalāmu[be(come) healthy//complete]V'V$ussanallam",
"f": {"lang": "akk-x-neoass",
"form": "us-sa-na-lam",
"cf": "šalāmu",
"gw": "be(come) healthy",
"sense": "complete",
"norm": "ussanallam",
"pos": "V",
"epos": "V"}
}
,
{
"node": "d",
"type": "line-start",
"ref": "P313592.16",
"n": "5",
"label": "r 5"}
,
{
"node": "l",
"frag": "[x",
"id": "P313592.l00c8b",
"ref": "P313592.16.1",
"inst": "u",
"f": {"lang": "akk-x-neoass",
"form": "x",
"pos": "u"}
}
,
{
"node": "l",
"frag": "x",
"id": "P313592.l00c8c",
"ref": "P313592.16.2",
"inst": "u",
"f": {"lang": "akk-x-neoass",
"form": "x",
"pos": "u"}
}
,
{
"node": "l",
"frag": "x",
"id": "P313592.l00c8d",
"ref": "P313592.16.3",
"inst": "u",
"f": {"lang": "akk-x-neoass",
"form": "x",
"pos": "u"}
}
,
{
"node": "l",
"frag": "x",
"id": "P313592.l00c8e",
"ref": "P313592.16.4",
"inst": "u",
"f": {"lang": "akk-x-neoass",
"form": "x",
"pos": "u"}
}
,
{
"node": "l",
"frag": "x",
"id": "P313592.l00c8f",
"ref": "P313592.16.5",
"inst": "u",
"f": {"lang": "akk-x-neoass",
"form": "x",
"pos": "u"}
}
,
{
"node": "l",
"frag": "LUGAL",
"id": "P313592.l00c90",
"ref": "P313592.16.6",
"inst": "šarru[king]N",
"sig": "@saao/saa10%akk-x-neoass:LUGAL=šarru[king//king]N'N$šarru",
"f": {"lang": "akk-x-neoass",
"form": "LUGAL",
"cf": "šarru",
"gw": "king",
"sense": "king",
"norm": "šarru",
"pos": "N",
"epos": "N"}
}
,
{
"node": "l",
"frag": "be]-⸢li⸣",
"id": "P313592.l00c91",
"ref": "P313592.16.7",
"inst": "bēlī[lord]N",
"sig": "@saao/saa10%akk-x-neoass:be-li=bēlu[lord//lord]N'N$bēlī",
"f": {"lang": "akk-x-neoass",
"form": "be-li",
"cf": "bēlu",
"gw": "lord",
"sense": "lord",
"norm": "bēlī",
"pos": "N",
"epos": "N"}
}
,
{
"node": "l",
"frag": "iq-ṭi-bi",
"id": "P313592.l00c92",
"ref": "P313592.16.8",
"inst": "iqṭibi[say]V",
"sig": "@saao/saa10%akk-x-neoass:iq-ṭi-bi=qabû[say//say]V'V$iqṭibi",
"f": {"lang": "akk-x-neoass",
"form": "iq-ṭi-bi",
"cf": "qabû",
"gw": "say",
"sense": "say",
"norm": "iqṭibi",
"pos": "V",
"epos": "V"}
}
,
{
"node": "d",
"type": "line-start",
"ref": "P313592.17",
"n": "6",
"label": "r 6"}
,
{
"node": "l",
"frag": "[x",
"id": "P313592.l00c93",
"ref": "P313592.17.1",
"inst": "u",
"f": {"lang": "akk-x-neoass",
"form": "x",
"pos": "u"}
}
,
{
"node": "l",
"frag": "x",
"id": "P313592.l00c94",
"ref": "P313592.17.2",
"inst": "u",
"f": {"lang": "akk-x-neoass",
"form": "x",
"pos": "u"}
}
,
{
"node": "l",
"frag": "x",
"id": "P313592.l00c95",
"ref": "P313592.17.3",
"inst": "u",
"f": {"lang": "akk-x-neoass",
"form": "x",
"pos": "u"}
}
,
{
"node": "l",
"frag": "x",
"id": "P313592.l00c96",
"ref": "P313592.17.4",
"inst": "u",
"f": {"lang": "akk-x-neoass",
"form": "x",
"pos": "u"}
}
,
{
"node": "l",
"frag": "x",
"id": "P313592.l00c97",
"ref": "P313592.17.5",
"inst": "u",
"f": {"lang": "akk-x-neoass",
"form": "x",
"pos": "u"}
}
,
{
"node": "l",
"frag": "x",
"id": "P313592.l00c98",
"ref": "P313592.17.6",
"inst": "u",
"f": {"lang": "akk-x-neoass",
"form": "x",
"pos": "u"}
}
,
{
"node": "l",
"frag": "x",
"id": "P313592.l00c99",
"ref": "P313592.17.7",
"inst": "u",
"f": {"lang": "akk-x-neoass",
"form": "x",
"pos": "u"}
}
,
{
"node": "l",
"frag": "x]",
"id": "P313592.l00c9a",
"ref": "P313592.17.8",
"inst": "u",
"f": {"lang": "akk-x-neoass",
"form": "x",
"pos": "u"}
}
,
{
"node": "l",
"frag": "lu-u",
"id": "P313592.l00c9b",
"ref": "P313592.17.9",
"inst": "lū[may]MOD",
"sig": "@saao/saa10%akk-x-neoass:lu-u=lū[may//may]MOD'MOD$lū",
"f": {"lang": "akk-x-neoass",
"form": "lu-u",
"cf": "lū",
"gw": "may",
"sense": "may",
"norm": "lū",
"pos": "MOD",
"epos": "MOD"}
}
,
{
"node": "l",
"frag": "pa-ha-aš₂-šu₂",
"id": "P313592.l00c9c",
"ref": "P313592.17.10",
"inst": "+pahû[(meaning uncertain)]N$pahaššu",
"sig": "@saao/saa10%akk-x-neoass:pa-ha-aš₂-šu₂=pahû[(meaning uncertain)//(meaning uncertain)]N'N$pahaššu",
"f": {"lang": "akk-x-neoass",
"form": "pa-ha-aš₂-šu₂",
"cf": "pahû",
"gw": "(meaning uncertain)",
"sense": "(meaning uncertain)",
"norm": "pahaššu",
"pos": "N",
"epos": "N"}
}
,
{
"node": "d",
"type": "line-start",
"ref": "P313592.18",
"n": "7",
"label": "r 7"}
,
{
"node": "l",
"frag": "[x",
"id": "P313592.l00c9d",
"ref": "P313592.18.1",
"inst": "u",
"f": {"lang": "akk-x-neoass",
"form": "x",
"pos": "u"}
}
,
{
"node": "l",
"frag": "x",
"id": "P313592.l00c9e",
"ref": "P313592.18.2",
"inst": "u",
"f": {"lang": "akk-x-neoass",
"form": "x",
"pos": "u"}
}
,
{
"node": "l",
"frag": "x",
"id": "P313592.l00c9f",
"ref": "P313592.18.3",
"inst": "u",
"f": {"lang": "akk-x-neoass",
"form": "x",
"pos": "u"}
}
,
{
"node": "l",
"frag": "x",
"id": "P313592.l00ca0",
"ref": "P313592.18.4",
"inst": "u",
"f": {"lang": "akk-x-neoass",
"form": "x",
"pos": "u"}
}
,
{
"node": "l",
"frag": "x",
"id": "P313592.l00ca1",
"ref": "P313592.18.5",
"inst": "u",
"f": {"lang": "akk-x-neoass",
"form": "x",
"pos": "u"}
}
,
{
"node": "l",
"frag": "x",
"id": "P313592.l00ca2",
"ref": "P313592.18.6",
"inst": "u",
"f": {"lang": "akk-x-neoass",
"form": "x",
"pos": "u"}
}
,
{
"node": "l",
"frag": "x",
"id": "P313592.l00ca3",
"ref": "P313592.18.7",
"inst": "u",
"f": {"lang": "akk-x-neoass",
"form": "x",
"pos": "u"}
}
,
{
"node": "l",
"frag": "x",
"id": "P313592.l00ca4",
"ref": "P313592.18.8",
"inst": "u",
"f": {"lang": "akk-x-neoass",
"form": "x",
"pos": "u"}
}
,
{
"node": "l",
"frag": "x",
"id": "P313592.l00ca5",
"ref": "P313592.18.9",
"inst": "u",
"f": {"lang": "akk-x-neoass",
"form": "x",
"pos": "u"}
}
,
{
"node": "l",
"frag": "x]",
"id": "P313592.l00ca6",
"ref": "P313592.18.10",
"inst": "u",
"f": {"lang": "akk-x-neoass",
"form": "x",
"pos": "u"}
}
,
{
"node": "l",
"frag": "⸢man⸣-gi-ka",
"id": "P313592.l00ca7",
"ref": "P313592.18.11",
"inst": "+mangu[(a skin disease)]N$mangīka",
"sig": "@saao/saa10%akk-x-neoass:man-gi-ka=mangu[(a skin disease)//(a skin disease)]N'N$mangīka",
"f": {"lang": "akk-x-neoass",
"form": "man-gi-ka",
"cf": "mangu",
"gw": "(a skin disease)",
"sense": "(a skin disease)",
"norm": "mangīka",
"pos": "N",
"epos": "N"}
}
,
{
"node": "d",
"type": "nonx",
"ref": "P313592.19",
"strict": "0",
"extent": "rest",
"state": "missing"}
]}
]}
]}
]}
