{
"type": "cdl",
  "source": "http://oracc.org/saao/saa10",
  "license": "This data is released under the CC0 license",
  "license-url": "https://creativecommons.org/publicdomain/zero/1.0/",
  "more-info": "http://oracc.org/doc/opendata/",
  "UTC-timestamp": "2017-05-19T11:42:20",
"project": "saao/saa10",
"textid": "P313561",
"cdl": [
{
"node": "c",
"type": "text",
"id": "P313561.U0",
"cdl": [
{
"node": "d",
"type": "object",
"ref": ""}
,
{
"node": "d",
"subtype": "obverse",
"type": "surface",
"ref": "P313561.o.1",
"type": "obverse",
"label": "o"}
,
{
"node": "c",
"type": "discourse",
"subtype": "body",
"id": "P313561.U1",
"cdl": [
{
"node": "c",
"type": "sentence",
"id": "P313561.U2",
"label": "o 1 - r 16",
"cdl": [
{
"node": "d",
"type": "line-start",
"ref": "P313561.2",
"n": "1",
"label": "o 1"}
,
{
"node": "l",
"frag": "[a-na",
"id": "P313561.l015b7",
"ref": "P313561.2.1",
"inst": "ana[to]PRP",
"sig": "@saao/saa10%akk-x-neoass:a-na=ana[to//to]PRP'PRP$ana",
"f": {"lang": "akk-x-neoass",
"form": "a-na",
"cf": "ana",
"gw": "to",
"sense": "to",
"norm": "ana",
"pos": "PRP",
"epos": "PRP"}
}
,
{
"node": "l",
"frag": "LUGAL",
"id": "P313561.l015b8",
"ref": "P313561.2.2",
"inst": "šarri[king]N",
"sig": "@saao/saa10%akk-x-neoass:LUGAL=šarru[king//king]N'N$šarri",
"f": {"lang": "akk-x-neoass",
"form": "LUGAL",
"cf": "šarru",
"gw": "king",
"sense": "king",
"norm": "šarri",
"pos": "N",
"epos": "N"}
}
,
{
"node": "l",
"frag": "EN-ia]",
"id": "P313561.l015b9",
"ref": "P313561.2.3",
"inst": "bēlīya[lord]N",
"sig": "@saao/saa10%akk-x-neoass:EN-ia=bēlu[lord//lord]N'N$bēlīya",
"f": {"lang": "akk-x-neoass",
"form": "EN-ia",
"cf": "bēlu",
"gw": "lord",
"sense": "lord",
"norm": "bēlīya",
"pos": "N",
"epos": "N"}
}
,
{
"node": "d",
"type": "line-start",
"ref": "P313561.3",
"n": "2",
"label": "o 2"}
,
{
"node": "l",
"frag": "[ARAD-ka",
"id": "P313561.l015ba",
"ref": "P313561.3.1",
"inst": "urdaka[servant]N",
"sig": "@saao/saa10%akk-x-neoass:ARAD-ka=ardu[slave//servant]N'N$urdaka",
"f": {"lang": "akk-x-neoass",
"form": "ARAD-ka",
"cf": "ardu",
"gw": "slave",
"sense": "servant",
"norm": "urdaka",
"pos": "N",
"epos": "N"}
}
,
{
"node": "l",
"frag": "{1}{d}PA-PAB-MEŠ]-⸢SU⸣",
"id": "P313561.l015bb",
"ref": "P313561.3.2",
"inst": "Nabu-ahhe-eriba[1]PN",
"sig": "@saao/saa10%akk-x-neoass:{1}{d}PA-PAB-MEŠ-SU=Nabu-ahhe-eriba[1//1]PN'PN$Nabu-ahhe-eriba",
"f": {"lang": "akk-x-neoass",
"form": "{1}{d}PA-PAB-MEŠ-SU",
"cf": "Nabu-ahhe-eriba",
"gw": "1",
"sense": "1",
"norm": "Nabu-ahhe-eriba",
"pos": "PN",
"epos": "PN"}
}
,
{
"node": "d",
"type": "line-start",
"ref": "P313561.4",
"n": "3",
"label": "o 3"}
,
{
"node": "l",
"frag": "[lu",
"id": "P313561.l015bc",
"ref": "P313561.4.1",
"inst": "lū[may]MOD",
"sig": "@saao/saa10%akk-x-neoass:lu=lū[may//may]MOD'MOD$lū",
"f": {"lang": "akk-x-neoass",
"form": "lu",
"cf": "lū",
"gw": "may",
"sense": "may",
"norm": "lū",
"pos": "MOD",
"epos": "MOD"}
}
,
{
"node": "l",
"frag": "DI-mu",
"id": "P313561.l015bd",
"ref": "P313561.4.2",
"inst": "šulmu[health]N",
"sig": "@saao/saa10%akk-x-neoass:DI-mu=šulmu[completeness//health]N'N$šulmu",
"f": {"lang": "akk-x-neoass",
"form": "DI-mu",
"cf": "šulmu",
"gw": "completeness",
"sense": "health",
"norm": "šulmu",
"pos": "N",
"epos": "N"}
}
,
{
"node": "l",
"frag": "a-na",
"id": "P313561.l015be",
"ref": "P313561.4.3",
"inst": "ana[to]PRP",
"sig": "@saao/saa10%akk-x-neoass:a-na=ana[to//to]PRP'PRP$ana",
"f": {"lang": "akk-x-neoass",
"form": "a-na",
"cf": "ana",
"gw": "to",
"sense": "to",
"norm": "ana",
"pos": "PRP",
"epos": "PRP"}
}
,
{
"node": "l",
"frag": "LUGAL",
"id": "P313561.l015bf",
"ref": "P313561.4.4",
"inst": "šarri[king]N",
"sig": "@saao/saa10%akk-x-neoass:LUGAL=šarru[king//king]N'N$šarri",
"f": {"lang": "akk-x-neoass",
"form": "LUGAL",
"cf": "šarru",
"gw": "king",
"sense": "king",
"norm": "šarri",
"pos": "N",
"epos": "N"}
}
,
{
"node": "l",
"frag": "EN]-⸢ia⸣",
"id": "P313561.l015c0",
"ref": "P313561.4.5",
"inst": "bēlīya[lord]N",
"sig": "@saao/saa10%akk-x-neoass:EN-ia=bēlu[lord//lord]N'N$bēlīya",
"f": {"lang": "akk-x-neoass",
"form": "EN-ia",
"cf": "bēlu",
"gw": "lord",
"sense": "lord",
"norm": "bēlīya",
"pos": "N",
"epos": "N"}
}
,
{
"node": "d",
"type": "line-start",
"ref": "P313561.5",
"n": "4",
"label": "o 4"}
,
{
"node": "l",
"frag": "[a-dan-niš",
"id": "P313561.l015c1",
"ref": "P313561.5.1",
"inst": "adanniš[very much]AV",
"sig": "@saao/saa10%akk-x-neoass:a-dan-niš=adanniš[very much//very much]AV'AV$adanniš",
"f": {"lang": "akk-x-neoass",
"form": "a-dan-niš",
"cf": "adanniš",
"gw": "very much",
"sense": "very much",
"norm": "adanniš",
"pos": "AV",
"epos": "AV"}
}
,
{
"node": "l",
"frag": "{d]}⸢PA⸣",
"id": "P313561.l015c2",
"ref": "P313561.5.2",
"inst": "Nabu[1]DN",
"sig": "@saao/saa10%akk-x-neoass:{d}PA=Nabu[1//1]DN'DN$Nabu",
"f": {"lang": "akk-x-neoass",
"form": "{d}PA",
"cf": "Nabu",
"gw": "1",
"sense": "1",
"norm": "Nabu",
"pos": "DN",
"epos": "DN"}
}
,
{
"node": "l",
"frag": "{d}AMAR.UTU",
"id": "P313561.l015c3",
"ref": "P313561.5.3",
"inst": "Marduk[1]DN",
"sig": "@saao/saa10%akk-x-neoass:{d}AMAR.UTU=Marduk[1//1]DN'DN$Marduk",
"f": {"lang": "akk-x-neoass",
"form": "{d}AMAR.UTU",
"cf": "Marduk",
"gw": "1",
"sense": "1",
"norm": "Marduk",
"pos": "DN",
"epos": "DN"}
}
,
{
"node": "d",
"type": "line-start",
"ref": "P313561.6",
"n": "5",
"label": "o 5"}
,
{
"node": "l",
"frag": "[a-na",
"id": "P313561.l015c4",
"ref": "P313561.6.1",
"inst": "ana[to]PRP",
"sig": "@saao/saa10%akk-x-neoass:a-na=ana[to//to]PRP'PRP$ana",
"f": {"lang": "akk-x-neoass",
"form": "a-na",
"cf": "ana",
"gw": "to",
"sense": "to",
"norm": "ana",
"pos": "PRP",
"epos": "PRP"}
}
,
{
"node": "l",
"frag": "LUGAL]",
"id": "P313561.l015c5",
"ref": "P313561.6.2",
"inst": "šarri[king]N",
"sig": "@saao/saa10%akk-x-neoass:LUGAL=šarru[king//king]N'N$šarri",
"f": {"lang": "akk-x-neoass",
"form": "LUGAL",
"cf": "šarru",
"gw": "king",
"sense": "king",
"norm": "šarri",
"pos": "N",
"epos": "N"}
}
,
{
"node": "l",
"frag": "⸢EN⸣-ia",
"id": "P313561.l015c6",
"ref": "P313561.6.3",
"inst": "bēlīya[lord]N",
"sig": "@saao/saa10%akk-x-neoass:EN-ia=bēlu[lord//lord]N'N$bēlīya",
"f": {"lang": "akk-x-neoass",
"form": "EN-ia",
"cf": "bēlu",
"gw": "lord",
"sense": "lord",
"norm": "bēlīya",
"pos": "N",
"epos": "N"}
}
,
{
"node": "d",
"type": "line-start",
"ref": "P313561.7",
"n": "6",
"label": "o 6"}
,
{
"node": "l",
"frag": "[lik-ru]-bu",
"id": "P313561.l015c7",
"ref": "P313561.7.1",
"inst": "likrubu[bless]V",
"sig": "@saao/saa10%akk-x-neoass:lik-ru-bu=karābu[pray//bless]V'V$likrubu",
"f": {"lang": "akk-x-neoass",
"form": "lik-ru-bu",
"cf": "karābu",
"gw": "pray",
"sense": "bless",
"norm": "likrubu",
"pos": "V",
"epos": "V"}
}
,
{
"node": "d",
"type": "line-start",
"ref": "P313561.8",
"n": "7",
"label": "o 7"}
,
{
"node": "l",
"frag": "[ina",
"id": "P313561.l015c8",
"ref": "P313561.8.1",
"inst": "ina[in]PRP",
"sig": "@saao/saa10%akk-x-neoass:ina=ina[in//from]PRP'PRP$ina",
"f": {"lang": "akk-x-neoass",
"form": "ina",
"cf": "ina",
"gw": "in",
"sense": "from",
"norm": "ina",
"pos": "PRP",
"epos": "PRP"}
}
,
{
"node": "l",
"frag": "UGU]",
"id": "P313561.l015c9",
"ref": "P313561.8.2",
"inst": "muhhi[skull]N",
"sig": "@saao/saa10%akk-x-neoass:UGU=muhhu[skull//skull]N'N$muhhi",
"f": {"lang": "akk-x-neoass",
"form": "UGU",
"cf": "muhhu",
"gw": "skull",
"sense": "skull",
"norm": "muhhi",
"pos": "N",
"epos": "N"}
}
,
{
"node": "l",
"frag": "⸢A⸣.ŠA₃",
"id": "P313561.l015ca",
"ref": "P313561.8.3",
"inst": "+eqlu[field]N$eqli",
"sig": "@saao/saa10%akk-x-neoass:A.ŠA₃=eqlu[field//field]N'N$eqli",
"f": {"lang": "akk-x-neoass",
"form": "A.ŠA₃",
"cf": "eqlu",
"gw": "field",
"sense": "field",
"norm": "eqli",
"pos": "N",
"epos": "N"}
}
,
{
"node": "l",
"frag": "GAL",
"id": "P313561.l015cb",
"ref": "P313561.8.4",
"inst": "+rabû[big//large]AJ'AJ$rabie",
"sig": "@saao/saa10%akk-x-neoass:GAL=rabû[big//large]AJ'AJ$rabie",
"f": {"lang": "akk-x-neoass",
"form": "GAL",
"cf": "rabû",
"gw": "big",
"sense": "large",
"norm": "rabie",
"pos": "AJ",
"epos": "AJ"}
}
,
{
"node": "d",
"type": "line-start",
"ref": "P313561.9",
"n": "8",
"label": "o 8"}
,
{
"node": "l",
"frag": "[ša",
"id": "P313561.l015cc",
"ref": "P313561.9.1",
"inst": "ša[of]DET",
"sig": "@saao/saa10%akk-x-neoass:ša=ša[of//of]DET'DET$ša",
"f": {"lang": "akk-x-neoass",
"form": "ša",
"cf": "ša",
"gw": "of",
"sense": "of",
"norm": "ša",
"pos": "DET",
"epos": "DET"}
}
,
{
"node": "l",
"frag": "{lu₂}aš₂]-⸢šu⸣-ra-a.a",
"id": "P313561.l015cd",
"ref": "P313561.9.2",
"inst": "+Aššuraya[Assyrian]EN$",
"sig": "@saao/saa10%akk-x-neoass:{LU₂}aš₂-šu-ra-a.a=Aššuraya[Assyrian//Assyrian]EN'EN$Aššuraya",
"f": {"lang": "akk-x-neoass",
"form": "{LU₂}aš₂-šu-ra-a.a",
"cf": "Aššuraya",
"gw": "Assyrian",
"sense": "Assyrian",
"norm": "Aššuraya",
"pos": "EN",
"epos": "EN"}
}
,
{
"node": "d",
"type": "line-start",
"ref": "P313561.10",
"n": "9",
"label": "o 9"}
,
{
"node": "l",
"frag": "[ša",
"id": "P313561.l015ce",
"ref": "P313561.10.1",
"inst": "ša[which]REL",
"sig": "@saao/saa10%akk-x-neoass:ša=ša[that//which]REL'REL$ša",
"f": {"lang": "akk-x-neoass",
"form": "ša",
"cf": "ša",
"gw": "that",
"sense": "which",
"norm": "ša",
"pos": "REL",
"epos": "REL"}
}
,
{
"node": "l",
"frag": "LUGAL]",
"id": "P313561.l015cf",
"ref": "P313561.10.2",
"inst": "šarru[king]N",
"sig": "@saao/saa10%akk-x-neoass:LUGAL=šarru[king//king]N'N$šarru",
"f": {"lang": "akk-x-neoass",
"form": "LUGAL",
"cf": "šarru",
"gw": "king",
"sense": "king",
"norm": "šarru",
"pos": "N",
"epos": "N"}
}
,
{
"node": "l",
"frag": "be-li₂",
"id": "P313561.l015d0",
"ref": "P313561.10.3",
"inst": "bēlī[lord]N",
"sig": "@saao/saa10%akk-x-neoass:be-li₂=bēlu[lord//lord]N'N$bēlī",
"f": {"lang": "akk-x-neoass",
"form": "be-li₂",
"cf": "bēlu",
"gw": "lord",
"sense": "lord",
"norm": "bēlī",
"pos": "N",
"epos": "N"}
}
,
{
"node": "l",
"frag": "iš-pur-an-ni",
"id": "P313561.l015d1",
"ref": "P313561.10.4",
"inst": "išpuranni[write]V",
"sig": "@saao/saa10%akk-x-neoass:iš-pur-an-ni=šapāru[send//write]V'V$išpuranni",
"f": {"lang": "akk-x-neoass",
"form": "iš-pur-an-ni",
"cf": "šapāru",
"gw": "send",
"sense": "write",
"norm": "išpuranni",
"pos": "V",
"epos": "V"}
}
,
{
"node": "d",
"type": "line-start",
"ref": "P313561.11",
"n": "10",
"label": "o 10"}
,
{
"node": "l",
"frag": "[ma-a",
"id": "P313561.l015d2",
"ref": "P313561.11.1",
"inst": "mā[saying]PRP",
"sig": "@saao/saa10%akk-x-neoass:ma-a=mā[saying//saying]PRP'PRP$mā",
"f": {"lang": "akk-x-neoass",
"form": "ma-a",
"cf": "mā",
"gw": "saying",
"sense": "saying",
"norm": "mā",
"pos": "PRP",
"epos": "PRP"}
}
,
{
"node": "l",
"frag": "A].ŠA₃",
"id": "P313561.l015d3",
"ref": "P313561.11.2",
"inst": "eqlu[field]N",
"sig": "@saao/saa10%akk-x-neoass:A.ŠA₃=eqlu[field//field]N'N$eqli",
"f": {"lang": "akk-x-neoass",
"form": "A.ŠA₃",
"cf": "eqlu",
"gw": "field",
"sense": "field",
"norm": "eqli",
"pos": "N",
"epos": "N"}
}
,
{
"node": "l",
"frag": "id-di-mi₃-iq",
"id": "P313561.l015d4",
"ref": "P313561.11.3",
"inst": "+damāqu[be(come) good]V$iddimiq",
"sig": "@saao/saa10%akk-x-neoass:id-di-mi₃-iq=damāqu[be(come) good//be(come) good]V'V$iddimiq",
"f": {"lang": "akk-x-neoass",
"form": "id-di-mi₃-iq",
"cf": "damāqu",
"gw": "be(come) good",
"sense": "be(come) good",
"norm": "iddimiq",
"pos": "V",
"epos": "V"}
}
,
{
"node": "d",
"type": "line-start",
"ref": "P313561.12",
"n": "11",
"label": "o 11"}
,
{
"node": "l",
"frag": "a-⸢dan⸣-niš",
"id": "P313561.l015d5",
"ref": "P313561.12.1",
"inst": "adanniš[very much]AV",
"sig": "@saao/saa10%akk-x-neoass:a-dan-niš=adanniš[very much//very much]AV'AV$adanniš",
"f": {"lang": "akk-x-neoass",
"form": "a-dan-niš",
"cf": "adanniš",
"gw": "very much",
"sense": "very much",
"norm": "adanniš",
"pos": "AV",
"epos": "AV"}
}
,
{
"node": "l",
"frag": "{še}PAD-MEŠ",
"id": "P313561.l015d6",
"ref": "P313561.12.2",
"inst": "kurummāti[barley (ration)]N",
"sig": "@saao/saa10%akk-x-neoass:{ŠE}PAD-MEŠ=kurummatu[ration//barley (ration)]N'N$kurummāti",
"f": {"lang": "akk-x-neoass",
"form": "{ŠE}PAD-MEŠ",
"cf": "kurummatu",
"gw": "ration",
"sense": "barley (ration)",
"norm": "kurummāti",
"pos": "N",
"epos": "N"}
}
,
{
"node": "d",
"type": "line-start",
"ref": "P313561.13",
"n": "12",
"label": "o 12"}
,
{
"node": "l",
"frag": "man-nu",
"id": "P313561.l015d7",
"ref": "P313561.13.1",
"inst": "mannu[who?]QP",
"sig": "@saao/saa10%akk-x-neoass:man-nu=mannu[who?//who?]QP'QP$mannu",
"f": {"lang": "akk-x-neoass",
"form": "man-nu",
"cf": "mannu",
"gw": "who?",
"sense": "who?",
"norm": "mannu",
"pos": "QP",
"epos": "QP"}
}
,
{
"node": "l",
"frag": "u₂-pa-sa-ak",
"id": "P313561.l015d8",
"ref": "P313561.13.2",
"inst": "upassak[remove]V",
"sig": "@saao/saa10%akk-x-neoass:u₂-pa-sa-ak=passuku[clear (away)//remove]V'V$upassak",
"f": {"lang": "akk-x-neoass",
"form": "u₂-pa-sa-ak",
"cf": "passuku",
"gw": "clear (away)",
"sense": "remove",
"norm": "upassak",
"pos": "V",
"epos": "V"}
}
,
{
"node": "d",
"type": "line-start",
"ref": "P313561.14",
"n": "13",
"label": "o 13"}
,
{
"node": "l",
"frag": "{lu₂}ENGAR-ME",
"id": "P313561.l015d9",
"ref": "P313561.14.1",
"inst": "+ikkaru[farmer]N$ikkārāti",
"sig": "@saao/saa10%akk-x-neoass:{LU₂}ENGAR-ME=ikkaru[farmer//farmer]N'N$ikkārāti",
"f": {"lang": "akk-x-neoass",
"form": "{LU₂}ENGAR-ME",
"cf": "ikkaru",
"gw": "farmer",
"sense": "farmer",
"norm": "ikkārāti",
"pos": "N",
"epos": "N"}
}
,
{
"node": "l",
"frag": "ša",
"id": "P313561.l015da",
"ref": "P313561.14.2",
"inst": "ša[who]REL",
"sig": "@saao/saa10%akk-x-neoass:ša=ša[that//who]REL'REL$ša",
"f": {"lang": "akk-x-neoass",
"form": "ša",
"cf": "ša",
"gw": "that",
"sense": "who",
"norm": "ša",
"pos": "REL",
"epos": "REL"}
}
,
{
"node": "l",
"frag": "{še}⸢NUMUN⸣",
"id": "P313561.l015db",
"ref": "P313561.14.3",
"inst": "zarʾē[seed(s)]N",
"sig": "@saao/saa10%akk-x-neoass:{ŠE}NUMUN=zēru[seed(s)//seed(s)]N'N$zarʾē",
"f": {"lang": "akk-x-neoass",
"form": "{ŠE}NUMUN",
"cf": "zēru",
"gw": "seed(s)",
"sense": "seed(s)",
"norm": "zarʾē",
"pos": "N",
"epos": "N"}
}
,
{
"node": "d",
"type": "line-start",
"ref": "P313561.15",
"n": "14",
"label": "o 14"}
,
{
"node": "l",
"frag": "i-ru-šu-u-ni",
"id": "P313561.l015dc",
"ref": "P313561.15.1",
"inst": "īrušūni[cultivate]V",
"sig": "@saao/saa10%akk-x-neoass:i-ru-šu-u-ni=erēšu[sow//cultivate]V'V$īrušūni",
"f": {"lang": "akk-x-neoass",
"form": "i-ru-šu-u-ni",
"cf": "erēšu",
"gw": "sow",
"sense": "cultivate",
"norm": "īrušūni",
"pos": "V",
"epos": "V"}
}
,
{
"node": "d",
"type": "line-start",
"ref": "P313561.16",
"n": "15",
"label": "o 15"}
,
{
"node": "l",
"frag": "a-ka-an-ni",
"id": "P313561.l015dd",
"ref": "P313561.16.1",
"inst": "akanni[now]AV",
"sig": "@saao/saa10%akk-x-neoass:a-ka-an-ni=akanni[now//now]AV'AV$akanni",
"f": {"lang": "akk-x-neoass",
"form": "a-ka-an-ni",
"cf": "akanni",
"gw": "now",
"sense": "now",
"norm": "akanni",
"pos": "AV",
"epos": "AV"}
}
,
{
"node": "d",
"subtype": "bottom",
"type": "surface",
"ref": "P313561.b.e..17",
"type": "bottom",
"label": "b.e."}
,
{
"node": "d",
"type": "line-start",
"ref": "P313561.18",
"n": "16",
"label": "b.e. 16"}
,
{
"node": "l",
"frag": "ana",
"id": "P313561.l015de",
"ref": "P313561.18.1",
"inst": "ana[to]PRP",
"sig": "@saao/saa10%akk-x-neoass:ana=ana[to//to]PRP'PRP$ana",
"f": {"lang": "akk-x-neoass",
"form": "ana",
"cf": "ana",
"gw": "to",
"sense": "to",
"norm": "ana",
"pos": "PRP",
"epos": "PRP"}
}
,
{
"node": "l",
"frag": "{d}IM",
"id": "P313561.l015df",
"ref": "P313561.18.2",
"inst": "Adad[1]DN",
"sig": "@saao/saa10%akk-x-neoass:{d}IM=Adad[1//1]DN'DN$Adad",
"f": {"lang": "akk-x-neoass",
"form": "{d}IM",
"cf": "Adad",
"gw": "1",
"sense": "1",
"norm": "Adad",
"pos": "DN",
"epos": "DN"}
}
,
{
"node": "l",
"frag": "<$x",
"id": "P313561.l015e0",
"ref": "P313561.18.3",
"inst": "u",
"f": {"lang": "akk-x-neoass",
"form": "x",
"pos": "u"}
}
,
{
"node": "l",
"frag": "ni$>",
"id": "P313561.l015e1",
"ref": "P313561.18.4",
"inst": "u",
"f": {"lang": "akk-x-neoass",
"form": "ni",
"pos": "u"}
}
,
{
"node": "d",
"type": "line-start",
"ref": "P313561.19",
"n": "17",
"label": "b.e. 17"}
,
{
"node": "l",
"frag": "la",
"id": "P313561.l015e2",
"ref": "P313561.19.1",
"inst": "lā[not]MOD",
"sig": "@saao/saa10%akk-x-neoass:la=lā[not//not]MOD'MOD$lā",
"f": {"lang": "akk-x-neoass",
"form": "la",
"cf": "lā",
"gw": "not",
"sense": "not",
"norm": "lā",
"pos": "MOD",
"epos": "MOD"}
}
,
{
"node": "l",
"frag": "i-pal-⸢lu-hu⸣",
"id": "P313561.l015e3",
"ref": "P313561.19.2",
"inst": "+palāhu[fear//revere]V'V$ipalluhu",
"sig": "@saao/saa10%akk-x-neoass:i-pal-lu-hu=palāhu[fear//revere]V'V$ipalluhu",
"f": {"lang": "akk-x-neoass",
"form": "i-pal-lu-hu",
"cf": "palāhu",
"gw": "fear",
"sense": "revere",
"norm": "ipalluhu",
"pos": "V",
"epos": "V"}
}
,
{
"node": "d",
"subtype": "reverse",
"type": "surface",
"ref": "P313561.r.20",
"type": "reverse",
"label": "r"}
,
{
"node": "d",
"type": "line-start",
"ref": "P313561.21",
"n": "1",
"label": "r 1"}
,
{
"node": "l",
"frag": "ina",
"id": "P313561.l015e4",
"ref": "P313561.21.1",
"inst": "ina[in]PRP",
"sig": "@saao/saa10%akk-x-neoass:ina=ina[in//from]PRP'PRP$ina",
"f": {"lang": "akk-x-neoass",
"form": "ina",
"cf": "ina",
"gw": "in",
"sense": "from",
"norm": "ina",
"pos": "PRP",
"epos": "PRP"}
}
,
{
"node": "l",
"frag": "ŠA₃-bi",
"id": "P313561.l015e5",
"ref": "P313561.21.2",
"inst": "libbi[interior]N",
"sig": "@saao/saa10%akk-x-neoass:ŠA₃-bi=libbu[interior//interior]N'N$libbi",
"f": {"lang": "akk-x-neoass",
"form": "ŠA₃-bi",
"cf": "libbu",
"gw": "interior",
"sense": "interior",
"norm": "libbi",
"pos": "N",
"epos": "N"}
}
,
{
"node": "l",
"frag": "šu-u",
"id": "P313561.l015e6",
"ref": "P313561.21.3",
"inst": "šû[it]IP",
"sig": "@saao/saa10%akk-x-neoass:šu-u=šū[he//it]IP'IP$šû",
"f": {"lang": "akk-x-neoass",
"form": "šu-u",
"cf": "šū",
"gw": "he",
"sense": "it",
"norm": "šû",
"pos": "IP",
"epos": "IP"}
}
,
{
"node": "d",
"type": "line-start",
"ref": "P313561.22",
"n": "2",
"label": "r 2"}
,
{
"node": "l",
"frag": "i-ša₂-tu₂",
"id": "P313561.l015e7",
"ref": "P313561.22.1",
"inst": "išātu[lightning]N",
"sig": "@saao/saa10%akk-x-neoass:i-ša₂-tu₂=išātu[fire//lightning]N'N$išātu",
"f": {"lang": "akk-x-neoass",
"form": "i-ša₂-tu₂",
"cf": "išātu",
"gw": "fire",
"sense": "lightning",
"norm": "išātu",
"pos": "N",
"epos": "N"}
}
,
{
"node": "l",
"frag": "⸢u₂⸣-sa-⸢an⸣-[qit]",
"id": "P313561.l015e8",
"ref": "P313561.22.2",
"inst": "+maqātu[fall//make strike]V'V$ussanqit",
"sig": "@saao/saa10%akk-x-neoass:u₂-sa-an-qit=maqātu[fall//make strike]V'V$ussanqit",
"f": {"lang": "akk-x-neoass",
"form": "u₂-sa-an-qit",
"cf": "maqātu",
"gw": "fall",
"sense": "make strike",
"norm": "ussanqit",
"pos": "V",
"epos": "V"}
}
,
{
"node": "d",
"type": "line-start",
"ref": "P313561.23",
"n": "3",
"label": "r 3"}
,
{
"node": "l",
"frag": "TA@v",
"id": "P313561.l015e9",
"ref": "P313561.23.1",
"inst": "+ištu[from+=since]PRP$issu",
"sig": "@saao/saa10%akk-x-neoass:TA@v=ištu[from//from]PRP'PRP$issu",
"f": {"lang": "akk-x-neoass",
"form": "TA@v",
"cf": "ištu",
"gw": "from",
"sense": "from",
"norm": "issu",
"pos": "PRP",
"epos": "PRP"}
}
,
{
"node": "l",
"frag": "ma-ṣi",
"id": "P313561.l015ea",
"ref": "P313561.23.2",
"inst": "+maṣû[correspond]V$maṣi",
"sig": "@saao/saa10%akk-x-neoass:ma-ṣi=maṣû[correspond//correspond]V'V$maṣi",
"f": {"lang": "akk-x-neoass",
"form": "ma-ṣi",
"cf": "maṣû",
"gw": "correspond",
"sense": "correspond",
"norm": "maṣi",
"pos": "V",
"epos": "V"}
}
,
{
"node": "l",
"frag": "LUGAL",
"id": "P313561.l015eb",
"ref": "P313561.23.3",
"inst": "šarru[king]N",
"sig": "@saao/saa10%akk-x-neoass:LUGAL=šarru[king//king]N'N$šarru",
"f": {"lang": "akk-x-neoass",
"form": "LUGAL",
"cf": "šarru",
"gw": "king",
"sense": "king",
"norm": "šarru",
"pos": "N",
"epos": "N"}
}
,
{
"node": "d",
"type": "line-start",
"ref": "P313561.24",
"n": "4",
"label": "r 4"}
,
{
"node": "l",
"frag": "be-li₂",
"id": "P313561.l015ec",
"ref": "P313561.24.1",
"inst": "bēlī[lord]N",
"sig": "@saao/saa10%akk-x-neoass:be-li₂=bēlu[lord//lord]N'N$bēlī",
"f": {"lang": "akk-x-neoass",
"form": "be-li₂",
"cf": "bēlu",
"gw": "lord",
"sense": "lord",
"norm": "bēlī",
"pos": "N",
"epos": "N"}
}
,
{
"node": "l",
"frag": "iq-bu-u-ni",
"id": "P313561.l015ed",
"ref": "P313561.24.2",
"inst": "iqbûni[say]V",
"sig": "@saao/saa10%akk-x-neoass:iq-bu-u-ni=qabû[say//say]V'V$iqbûni",
"f": {"lang": "akk-x-neoass",
"form": "iq-bu-u-ni",
"cf": "qabû",
"gw": "say",
"sense": "say",
"norm": "iqbûni",
"pos": "V",
"epos": "V"}
}
,
{
"node": "d",
"type": "line-start",
"ref": "P313561.25",
"n": "5",
"label": "r 5"}
,
{
"node": "l",
"frag": "{lu₂v}MAŠ.MAŠ",
"id": "P313561.l015ee",
"ref": "P313561.25.1",
"inst": "āšipu[exorcist]N",
"sig": "@saao/saa10%akk-x-neoass:{LU₂}MAŠ.MAŠ=āšipu[sorcerer//exorcist]N'N$āšipu",
"f": {"lang": "akk-x-neoass",
"form": "{LU₂}MAŠ.MAŠ",
"cf": "āšipu",
"gw": "sorcerer",
"sense": "exorcist",
"norm": "āšipu",
"pos": "N",
"epos": "N"}
}
,
{
"node": "l",
"frag": "tak-pi-ti",
"id": "P313561.l015ef",
"ref": "P313561.25.2",
"inst": "+takpertu[purification (ceremony)]N$takpiti",
"sig": "@saao/saa10%akk-x-neoass:tak-pi-ti=takpertu[purification (ceremony)//purification (ceremony)]N'N$takpiti",
"f": {"lang": "akk-x-neoass",
"form": "tak-pi-ti",
"cf": "takpertu",
"gw": "purification (ceremony)",
"sense": "purification (ceremony)",
"norm": "takpiti",
"pos": "N",
"epos": "N"}
}
,
{
"node": "d",
"type": "line-start",
"ref": "P313561.26",
"n": "6",
"label": "r 6"}
,
{
"node": "l",
"frag": "u₂-ga-ri",
"id": "P313561.l015f0",
"ref": "P313561.26.1",
"inst": "+ugāru[(communally controlled) meadow//field]N'N$ugāri",
"sig": "@saao/saa10%akk-x-neoass:u₂-ga-ri=ugāru[(communally controlled) meadow//field]N'N$ugāri",
"f": {"lang": "akk-x-neoass",
"form": "u₂-ga-ri",
"cf": "ugāru",
"gw": "(communally controlled) meadow",
"sense": "field",
"norm": "ugāri",
"pos": "N",
"epos": "N"}
}
,
{
"node": "l",
"frag": "le-pu-[uš]",
"id": "P313561.l015f1",
"ref": "P313561.26.2",
"inst": "lēpuš[perform]V",
"sig": "@saao/saa10%akk-x-neoass:le-pu-uš=epēšu[do//perform]V'V$lēpuš",
"f": {"lang": "akk-x-neoass",
"form": "le-pu-uš",
"cf": "epēšu",
"gw": "do",
"sense": "perform",
"norm": "lēpuš",
"pos": "V",
"epos": "V"}
}
,
{
"node": "d",
"type": "line-start",
"ref": "P313561.27",
"n": "7",
"label": "r 7"}
,
{
"node": "l",
"frag": "HUL",
"id": "P313561.l015f2",
"ref": "P313561.27.1",
"inst": "lumun[evil]N",
"sig": "@saao/saa10%akk-x-neoass:HUL=lumnu[evil//evil]N'N$lumun",
"f": {"lang": "akk-x-neoass",
"form": "HUL",
"cf": "lumnu",
"gw": "evil",
"sense": "evil",
"norm": "lumun",
"pos": "N",
"epos": "N"}
}
,
{
"node": "l",
"frag": "mi₃-[qit]-ti",
"id": "P313561.l015f3",
"ref": "P313561.27.2",
"inst": "miqitti[strike (of lightning)]N",
"sig": "@saao/saa10%akk-x-neoass:mi₃-qit-ti=miqittu[(down)fall//strike (of lightning)]N'N$miqitti",
"f": {"lang": "akk-x-neoass",
"form": "mi₃-qit-ti",
"cf": "miqittu",
"gw": "(down)fall",
"sense": "strike (of lightning)",
"norm": "miqitti",
"pos": "N",
"epos": "N"}
}
,
{
"node": "l",
"frag": "⸢i⸣-[ša₂-ti]",
"id": "P313561.l015f4",
"ref": "P313561.27.3",
"inst": "išāti[lightning]N",
"sig": "@saao/saa10%akk-x-neoass:i-ša₂-ti=išātu[fire//lightning]N'N$išāti",
"f": {"lang": "akk-x-neoass",
"form": "i-ša₂-ti",
"cf": "išātu",
"gw": "fire",
"sense": "lightning",
"norm": "išāti",
"pos": "N",
"epos": "N"}
}
,
{
"node": "d",
"type": "line-start",
"ref": "P313561.28",
"n": "8",
"label": "r 8"}
,
{
"node": "l",
"frag": "is-se-niš",
"id": "P313561.l015f5",
"ref": "P313561.28.1",
"inst": "issēniš[also]AV",
"sig": "@saao/saa10%akk-x-neoass:is-se-niš=ištēniš[together//also]AV'AV$issēniš",
"f": {"lang": "akk-x-neoass",
"form": "is-se-niš",
"cf": "ištēniš",
"gw": "together",
"sense": "also",
"norm": "issēniš",
"pos": "AV",
"epos": "AV"}
}
,
{
"node": "l",
"frag": "le-pu-[uš-ma]",
"id": "P313561.l015f6",
"ref": "P313561.28.2",
"inst": "+epēšu[do//perform]V'V$lēpušma",
"sig": "@saao/saa10%akk-x-neoass:le-pu-uš-ma=epēšu[do//perform]V'V$lēpušma",
"f": {"lang": "akk-x-neoass",
"form": "le-pu-uš-ma",
"cf": "epēšu",
"gw": "do",
"sense": "perform",
"norm": "lēpušma",
"pos": "V",
"epos": "V"}
}
,
{
"node": "d",
"type": "line-start",
"ref": "P313561.29",
"n": "9",
"label": "r 9"}
,
{
"node": "l",
"frag": "ša",
"id": "P313561.l015f7",
"ref": "P313561.29.1",
"inst": "ša[what]REL",
"sig": "@saao/saa10%akk-x-neoass:ša=ša[that//what]REL'REL$ša",
"f": {"lang": "akk-x-neoass",
"form": "ša",
"cf": "ša",
"gw": "that",
"sense": "what",
"norm": "ša",
"pos": "REL",
"epos": "REL"}
}
,
{
"node": "l",
"frag": "LUGAL",
"id": "P313561.l015f8",
"ref": "P313561.29.2",
"inst": "šarru[king]N",
"sig": "@saao/saa10%akk-x-neoass:LUGAL=šarru[king//king]N'N$šarru",
"f": {"lang": "akk-x-neoass",
"form": "LUGAL",
"cf": "šarru",
"gw": "king",
"sense": "king",
"norm": "šarru",
"pos": "N",
"epos": "N"}
}
,
{
"node": "l",
"frag": "be-li₂",
"id": "P313561.l015f9",
"ref": "P313561.29.3",
"inst": "bēlī[lord]N",
"sig": "@saao/saa10%akk-x-neoass:be-li₂=bēlu[lord//lord]N'N$bēlī",
"f": {"lang": "akk-x-neoass",
"form": "be-li₂",
"cf": "bēlu",
"gw": "lord",
"sense": "lord",
"norm": "bēlī",
"pos": "N",
"epos": "N"}
}
,
{
"node": "l",
"frag": "iš-pur-⸢an-ni⸣",
"id": "P313561.l015fa",
"ref": "P313561.29.4",
"inst": "išpuranni[write]V",
"sig": "@saao/saa10%akk-x-neoass:iš-pur-an-ni=šapāru[send//write]V'V$išpuranni",
"f": {"lang": "akk-x-neoass",
"form": "iš-pur-an-ni",
"cf": "šapāru",
"gw": "send",
"sense": "write",
"norm": "išpuranni",
"pos": "V",
"epos": "V"}
}
,
{
"node": "d",
"type": "line-start",
"ref": "P313561.30",
"n": "10",
"label": "r 10"}
,
{
"node": "l",
"frag": "ma-a",
"id": "P313561.l015fb",
"ref": "P313561.30.1",
"inst": "mā[saying]PRP",
"sig": "@saao/saa10%akk-x-neoass:ma-a=mā[saying//saying]PRP'PRP$mā",
"f": {"lang": "akk-x-neoass",
"form": "ma-a",
"cf": "mā",
"gw": "saying",
"sense": "saying",
"norm": "mā",
"pos": "PRP",
"epos": "PRP"}
}
,
{
"node": "l",
"frag": "UD-mu",
"id": "P313561.l015fc",
"ref": "P313561.30.2",
"inst": "ūmu[day]N",
"sig": "@saao/saa10%akk-x-neoass:UD-mu=ūmu[day//day]N'N$ūmu",
"f": {"lang": "akk-x-neoass",
"form": "UD-mu",
"cf": "ūmu",
"gw": "day",
"sense": "day",
"norm": "ūmu",
"pos": "N",
"epos": "N"}
}
,
{
"node": "l",
"frag": "01-en",
"id": "P313561.l015fd",
"ref": "P313561.30.3",
"inst": "issēn[one]NU",
"sig": "@saao/saa10%akk-x-neoass:01-en=ištēn[one//one]NU'NU$issēn",
"f": {"lang": "akk-x-neoass",
"form": "01-en",
"cf": "ištēn",
"gw": "one",
"sense": "one",
"norm": "issēn",
"pos": "NU",
"epos": "NU"}
}
,
{
"node": "l",
"frag": "ki-ma",
"id": "P313561.l015fe",
"ref": "P313561.30.4",
"inst": "kīma[as soon as]'MOD",
"sig": "@saao/saa10%akk-x-neoass:ki-ma=kīma[like//as soon as]PRP'MOD$kīma",
"f": {"lang": "akk-x-neoass",
"form": "ki-ma",
"cf": "kīma",
"gw": "like",
"sense": "as soon as",
"norm": "kīma",
"pos": "PRP",
"epos": "MOD"}
}
,
{
"node": "d",
"type": "line-start",
"ref": "P313561.31",
"n": "11",
"label": "r 11"}
,
{
"node": "l",
"frag": "ra-qa-ak",
"id": "P313561.l015ff",
"ref": "P313561.31.1",
"inst": "+rīqu[empty//free]AJ'AJ$raqāk",
"sig": "@saao/saa10%akk-x-neoass:ra-qa-ak=rīqu[empty//free]AJ'AJ$raqāk",
"f": {"lang": "akk-x-neoass",
"form": "ra-qa-ak",
"cf": "rīqu",
"gw": "empty",
"sense": "free",
"norm": "raqāk",
"pos": "AJ",
"epos": "AJ"}
}
,
{
"node": "l",
"frag": "ina",
"id": "P313561.l01600",
"ref": "P313561.31.2",
"inst": "ina[in]PRP",
"sig": "@saao/saa10%akk-x-neoass:ina=ina[in//from]PRP'PRP$ina",
"f": {"lang": "akk-x-neoass",
"form": "ina",
"cf": "ina",
"gw": "in",
"sense": "from",
"norm": "ina",
"pos": "PRP",
"epos": "PRP"}
}
,
{
"node": "l",
"frag": "pa-ni-ia",
"id": "P313561.l01601",
"ref": "P313561.31.3",
"inst": "pānīya[front]N",
"sig": "@saao/saa10%akk-x-neoass:pa-ni-ia=pānu[front//front]N'N$pānīya",
"f": {"lang": "akk-x-neoass",
"form": "pa-ni-ia",
"cf": "pānu",
"gw": "front",
"sense": "front",
"norm": "pānīya",
"pos": "N",
"epos": "N"}
}
,
{
"node": "d",
"type": "line-start",
"ref": "P313561.32",
"n": "12",
"label": "r 12"}
,
{
"node": "l",
"frag": "er-ba",
"id": "P313561.l01602",
"ref": "P313561.32.1",
"inst": "erba[enter]V",
"sig": "@saao/saa10%akk-x-neoass:er-ba=erēbu[enter//enter]V'V$erba",
"f": {"lang": "akk-x-neoass",
"form": "er-ba",
"cf": "erēbu",
"gw": "enter",
"sense": "enter",
"norm": "erba",
"pos": "V",
"epos": "V"}
}
,
{
"node": "l",
"frag": "{d}aš-šur",
"id": "P313561.l01603",
"ref": "P313561.32.2",
"inst": "Aššur[1]DN",
"sig": "@saao/saa10%akk-x-neoass:{d}aš-šur=Aššur[1//1]DN'DN$Aššur",
"f": {"lang": "akk-x-neoass",
"form": "{d}aš-šur",
"cf": "Aššur",
"gw": "1",
"sense": "1",
"norm": "Aššur",
"pos": "DN",
"epos": "DN"}
}
,
{
"node": "l",
"frag": "EN",
"id": "P313561.l01604",
"ref": "P313561.32.3",
"inst": "Bel[1]DN",
"sig": "@saao/saa10%akk-x-neoass:EN=Bel[1//1]DN'DN$Bel",
"f": {"lang": "akk-x-neoass",
"form": "EN",
"cf": "Bel",
"gw": "1",
"sense": "1",
"norm": "Bel",
"pos": "DN",
"epos": "DN"}
}
,
{
"node": "l",
"frag": "{d}PA",
"id": "P313561.l01605",
"ref": "P313561.32.4",
"inst": "Nabu[1]DN",
"sig": "@saao/saa10%akk-x-neoass:{d}PA=Nabu[1//1]DN'DN$Nabu",
"f": {"lang": "akk-x-neoass",
"form": "{d}PA",
"cf": "Nabu",
"gw": "1",
"sense": "1",
"norm": "Nabu",
"pos": "DN",
"epos": "DN"}
}
,
{
"node": "d",
"type": "line-start",
"ref": "P313561.33",
"n": "13",
"label": "r 13"}
,
{
"node": "l",
"frag": "UD-MEŠ",
"id": "P313561.l01606",
"ref": "P313561.33.1",
"inst": "ūmāti[day]N",
"sig": "@saao/saa10%akk-x-neoass:UD-MEŠ=ūmu[day//day]N'N$ūmāti",
"f": {"lang": "akk-x-neoass",
"form": "UD-MEŠ",
"cf": "ūmu",
"gw": "day",
"sense": "day",
"norm": "ūmāti",
"pos": "N",
"epos": "N"}
}
,
{
"node": "l",
"frag": "GID₂.DA-MEŠ",
"id": "P313561.l01607",
"ref": "P313561.33.2",
"inst": "arkāti[long]AJ",
"sig": "@saao/saa10%akk-x-neoass:GID₂.DA-MEŠ=arku[long//long]AJ'AJ$arkāti",
"f": {"lang": "akk-x-neoass",
"form": "GID₂.DA-MEŠ",
"cf": "arku",
"gw": "long",
"sense": "long",
"norm": "arkāti",
"pos": "AJ",
"epos": "AJ"}
}
,
{
"node": "l",
"frag": "DUG₃.GA",
"id": "P313561.l01608",
"ref": "P313561.33.3",
"inst": "+ṭūbu[goodness]N$ṭūb",
"sig": "@saao/saa10%akk-x-neoass:DUG₃.GA=ṭūbu[goodness//goodness]N'N$ṭūb",
"f": {"lang": "akk-x-neoass",
"form": "DUG₃.GA",
"cf": "ṭūbu",
"gw": "goodness",
"sense": "goodness",
"norm": "ṭūb",
"pos": "N",
"epos": "N"}
}
,
{
"node": "l",
"frag": "ŠA₃-bi",
"id": "P313561.l01609",
"ref": "P313561.33.4",
"inst": "libbi[heart]N",
"sig": "@saao/saa10%akk-x-neoass:ŠA₃-bi=libbu[interior//heart]N'N$libbi",
"f": {"lang": "akk-x-neoass",
"form": "ŠA₃-bi",
"cf": "libbu",
"gw": "interior",
"sense": "heart",
"norm": "libbi",
"pos": "N",
"epos": "N"}
}
,
{
"node": "d",
"type": "line-start",
"ref": "P313561.34",
"n": "14",
"label": "r 14"}
,
{
"node": "l",
"frag": "a-na",
"id": "P313561.l0160a",
"ref": "P313561.34.1",
"inst": "ana[to]PRP",
"sig": "@saao/saa10%akk-x-neoass:a-na=ana[to//to]PRP'PRP$ana",
"f": {"lang": "akk-x-neoass",
"form": "a-na",
"cf": "ana",
"gw": "to",
"sense": "to",
"norm": "ana",
"pos": "PRP",
"epos": "PRP"}
}
,
{
"node": "l",
"frag": "LUGAL",
"id": "P313561.l0160b",
"ref": "P313561.34.2",
"inst": "šarri[king]N",
"sig": "@saao/saa10%akk-x-neoass:LUGAL=šarru[king//king]N'N$šarri",
"f": {"lang": "akk-x-neoass",
"form": "LUGAL",
"cf": "šarru",
"gw": "king",
"sense": "king",
"norm": "šarri",
"pos": "N",
"epos": "N"}
}
,
{
"node": "l",
"frag": "EN-ia",
"id": "P313561.l0160c",
"ref": "P313561.34.3",
"inst": "bēlīya[lord]N",
"sig": "@saao/saa10%akk-x-neoass:EN-ia=bēlu[lord//lord]N'N$bēlīya",
"f": {"lang": "akk-x-neoass",
"form": "EN-ia",
"cf": "bēlu",
"gw": "lord",
"sense": "lord",
"norm": "bēlīya",
"pos": "N",
"epos": "N"}
}
,
{
"node": "l",
"frag": "lid-di-nu",
"id": "P313561.l0160d",
"ref": "P313561.34.4",
"inst": "liddinu[give]V",
"sig": "@saao/saa10%akk-x-neoass:lid-di-nu=tadānu[give//give]V'V$liddinu",
"f": {"lang": "akk-x-neoass",
"form": "lid-di-nu",
"cf": "tadānu",
"gw": "give",
"sense": "give",
"norm": "liddinu",
"pos": "V",
"epos": "V"}
}
,
{
"node": "d",
"type": "line-start",
"ref": "P313561.35",
"n": "15",
"label": "r 15"}
,
{
"node": "l",
"frag": "⸢a.a⸣-bi-ka",
"id": "P313561.l0160e",
"ref": "P313561.35.1",
"inst": "ayābīka[enemy]N",
"sig": "@saao/saa10%akk-x-neoass:a.a-bi-ka=ayyābu[enemy//enemy]N'N$ayābīka",
"f": {"lang": "akk-x-neoass",
"form": "a.a-bi-ka",
"cf": "ayyābu",
"gw": "enemy",
"sense": "enemy",
"norm": "ayābīka",
"pos": "N",
"epos": "N"}
}
,
{
"node": "l",
"frag": "ina",
"id": "P313561.l0160f",
"ref": "P313561.35.2",
"inst": "ina[in]PRP",
"sig": "@saao/saa10%akk-x-neoass:ina=ina[in//from]PRP'PRP$ina",
"f": {"lang": "akk-x-neoass",
"form": "ina",
"cf": "ina",
"gw": "in",
"sense": "from",
"norm": "ina",
"pos": "PRP",
"epos": "PRP"}
}
,
{
"node": "l",
"frag": "ša₂-pal",
"id": "P313561.l01610",
"ref": "P313561.35.3",
"inst": "šapal[under]'PRP",
"sig": "@saao/saa10%akk-x-neoass:ša₂-pal=šaplu[underside//under]N'PRP$šapal",
"f": {"lang": "akk-x-neoass",
"form": "ša₂-pal",
"cf": "šaplu",
"gw": "underside",
"sense": "under",
"norm": "šapal",
"pos": "N",
"epos": "PRP"}
}
,
{
"node": "d",
"type": "line-start",
"ref": "P313561.36",
"n": "16",
"label": "r 16"}
,
{
"node": "l",
"frag": "[GIR₃.2-ka",
"id": "P313561.l01611",
"ref": "P313561.36.1",
"inst": "šēpēka[foot]N",
"sig": "@saao/saa10%akk-x-neoass:GIR₃.2-ka=šēpu[foot//foot]N'N$šēpēka",
"f": {"lang": "akk-x-neoass",
"form": "GIR₃.2-ka",
"cf": "šēpu",
"gw": "foot",
"sense": "foot",
"norm": "šēpēka",
"pos": "N",
"epos": "N"}
}
,
{
"node": "l",
"frag": "lu-šak-ni]-⸢šu₂⸣",
"id": "P313561.l01612",
"ref": "P313561.36.2",
"inst": "lušaknišu[submit]V",
"sig": "@saao/saa10%akk-x-neoass:lu-šak-ni-šu₂=kanāšu[bow down//submit]V'V$lušaknišu",
"f": {"lang": "akk-x-neoass",
"form": "lu-šak-ni-šu₂",
"cf": "kanāšu",
"gw": "bow down",
"sense": "submit",
"norm": "lušaknišu",
"pos": "V",
"epos": "V"}
}
]}
]}
]}
]}
