{
"type": "cdl",
  "source": "http://oracc.org/saao/saa10",
  "license": "This data is released under the CC0 license",
  "license-url": "https://creativecommons.org/publicdomain/zero/1.0/",
  "more-info": "http://oracc.org/doc/opendata/",
  "UTC-timestamp": "2017-05-19T11:42:26",
"project": "saao/saa10",
"textid": "P314341",
"cdl": [
{
"node": "c",
"type": "text",
"id": "P314341.U0",
"cdl": [
{
"node": "d",
"type": "object",
"ref": ""}
,
{
"node": "d",
"subtype": "obverse",
"type": "surface",
"ref": "P314341.o.1",
"type": "obverse",
"label": "o"}
,
{
"node": "d",
"type": "nonx",
"ref": "P314341.2",
"strict": "0",
"extent": "beginning",
"state": "missing"}
,
{
"node": "c",
"type": "discourse",
"subtype": "body",
"id": "P314341.U1",
"cdl": [
{
"node": "c",
"type": "sentence",
"id": "P314341.U2",
"label": "o 1' - r 12",
"cdl": [
{
"node": "d",
"type": "line-start",
"ref": "P314341.3",
"n": "1'",
"label": "o 1'"}
,
{
"node": "l",
"frag": "[x",
"id": "P314341.l07b6b",
"ref": "P314341.3.1",
"inst": "u",
"f": {"lang": "akk-x-neoass",
"form": "x",
"pos": "u"}
}
,
{
"node": "l",
"frag": "x",
"id": "P314341.l07b6c",
"ref": "P314341.3.2",
"inst": "u",
"f": {"lang": "akk-x-neoass",
"form": "x",
"pos": "u"}
}
,
{
"node": "l",
"frag": "x",
"id": "P314341.l07b6d",
"ref": "P314341.3.3",
"inst": "u",
"f": {"lang": "akk-x-neoass",
"form": "x",
"pos": "u"}
}
,
{
"node": "l",
"frag": "x",
"id": "P314341.l07b6e",
"ref": "P314341.3.4",
"inst": "u",
"f": {"lang": "akk-x-neoass",
"form": "x",
"pos": "u"}
}
,
{
"node": "l",
"frag": "x",
"id": "P314341.l07b6f",
"ref": "P314341.3.5",
"inst": "u",
"f": {"lang": "akk-x-neoass",
"form": "x",
"pos": "u"}
}
,
{
"node": "l",
"frag": "x]",
"id": "P314341.l07b70",
"ref": "P314341.3.6",
"inst": "u",
"f": {"lang": "akk-x-neoass",
"form": "x",
"pos": "u"}
}
,
{
"node": "l",
"frag": "⸢x",
"id": "P314341.l07b71",
"ref": "P314341.3.7",
"inst": "u",
"f": {"lang": "akk-x-neoass",
"form": "x",
"pos": "u"}
}
,
{
"node": "l",
"frag": "x",
"id": "P314341.l07b72",
"ref": "P314341.3.8",
"inst": "u",
"f": {"lang": "akk-x-neoass",
"form": "x",
"pos": "u"}
}
,
{
"node": "l",
"frag": "x⸣",
"id": "P314341.l07b73",
"ref": "P314341.3.9",
"inst": "u",
"f": {"lang": "akk-x-neoass",
"form": "x",
"pos": "u"}
}
,
{
"node": "d",
"type": "line-start",
"ref": "P314341.4",
"n": "2'",
"label": "o 2'"}
,
{
"node": "l",
"frag": "[x",
"id": "P314341.l07b74",
"ref": "P314341.4.1",
"inst": "u",
"f": {"lang": "akk-x-neoass",
"form": "x",
"pos": "u"}
}
,
{
"node": "l",
"frag": "x",
"id": "P314341.l07b75",
"ref": "P314341.4.2",
"inst": "u",
"f": {"lang": "akk-x-neoass",
"form": "x",
"pos": "u"}
}
,
{
"node": "l",
"frag": "x",
"id": "P314341.l07b76",
"ref": "P314341.4.3",
"inst": "u",
"f": {"lang": "akk-x-neoass",
"form": "x",
"pos": "u"}
}
,
{
"node": "l",
"frag": "x",
"id": "P314341.l07b77",
"ref": "P314341.4.4",
"inst": "u",
"f": {"lang": "akk-x-neoass",
"form": "x",
"pos": "u"}
}
,
{
"node": "l",
"frag": "x",
"id": "P314341.l07b78",
"ref": "P314341.4.5",
"inst": "u",
"f": {"lang": "akk-x-neoass",
"form": "x",
"pos": "u"}
}
,
{
"node": "l",
"frag": "x]-nu-u-ni",
"id": "P314341.l07b79",
"ref": "P314341.4.6",
"inst": "u",
"f": {"lang": "akk-x-neoass",
"form": "x-nu-u-ni",
"pos": "u"}
}
,
{
"node": "d",
"type": "line-start",
"ref": "P314341.5",
"n": "3'",
"label": "o 3'"}
,
{
"node": "l",
"frag": "[x",
"id": "P314341.l07b7a",
"ref": "P314341.5.1",
"inst": "u",
"f": {"lang": "akk-x-neoass",
"form": "x",
"pos": "u"}
}
,
{
"node": "l",
"frag": "x",
"id": "P314341.l07b7b",
"ref": "P314341.5.2",
"inst": "u",
"f": {"lang": "akk-x-neoass",
"form": "x",
"pos": "u"}
}
,
{
"node": "l",
"frag": "x]-u₂-⸢ti⸣-ia",
"id": "P314341.l07b7c",
"ref": "P314341.5.3",
"inst": "u",
"f": {"lang": "akk-x-neoass",
"form": "x-u₂-ti-ia",
"pos": "u"}
}
,
{
"node": "l",
"frag": "⸢TA@v",
"id": "P314341.l07b7d",
"ref": "P314341.5.4",
"inst": "issi[with]PRP",
"sig": "@saao/saa10%akk-x-neoass:TA@v=išti[with//with]PRP'PRP$issi",
"f": {"lang": "akk-x-neoass",
"form": "TA@v",
"cf": "išti",
"gw": "with",
"sense": "with",
"norm": "issi",
"pos": "PRP",
"epos": "PRP"}
}
,
{
"node": "l",
"frag": "x",
"id": "P314341.l07b7e",
"ref": "P314341.5.5",
"inst": "u",
"f": {"lang": "akk-x-neoass",
"form": "x",
"pos": "u"}
}
,
{
"node": "l",
"frag": "x",
"id": "P314341.l07b7f",
"ref": "P314341.5.6",
"inst": "u",
"f": {"lang": "akk-x-neoass",
"form": "x",
"pos": "u"}
}
,
{
"node": "l",
"frag": "x⸣",
"id": "P314341.l07b80",
"ref": "P314341.5.7",
"inst": "u",
"f": {"lang": "akk-x-neoass",
"form": "x",
"pos": "u"}
}
,
{
"node": "d",
"type": "line-start",
"ref": "P314341.6",
"n": "4'",
"label": "o 4'"}
,
{
"node": "l",
"frag": "[x",
"id": "P314341.l07b81",
"ref": "P314341.6.1",
"inst": "u",
"f": {"lang": "akk-x-neoass",
"form": "x",
"pos": "u"}
}
,
{
"node": "l",
"frag": "x",
"id": "P314341.l07b82",
"ref": "P314341.6.2",
"inst": "u",
"f": {"lang": "akk-x-neoass",
"form": "x",
"pos": "u"}
}
,
{
"node": "l",
"frag": "x]+⸢x⸣-a",
"id": "P314341.l07b83",
"ref": "P314341.6.3",
"inst": "u",
"f": {"lang": "akk-x-neoass",
"form": "x+x-a",
"pos": "u"}
}
,
{
"node": "l",
"frag": "ig-du-[ru]-⸢ur⸣",
"id": "P314341.l07b84",
"ref": "P314341.6.4",
"inst": "igdurur[be(come) scared]V",
"sig": "@saao/saa10%akk-x-neoass:ig-du-ru-ur=qarāru[writhe//be(come) scared]V'V$igdurur",
"f": {"lang": "akk-x-neoass",
"form": "ig-du-ru-ur",
"cf": "qarāru",
"gw": "writhe",
"sense": "be(come) scared",
"norm": "igdurur",
"pos": "V",
"epos": "V"}
}
,
{
"node": "d",
"type": "line-start",
"ref": "P314341.7",
"n": "5'",
"label": "o 5'"}
,
{
"node": "l",
"frag": "[x",
"id": "P314341.l07b85",
"ref": "P314341.7.1",
"inst": "u",
"f": {"lang": "akk-x-neoass",
"form": "x",
"pos": "u"}
}
,
{
"node": "l",
"frag": "x",
"id": "P314341.l07b86",
"ref": "P314341.7.2",
"inst": "u",
"f": {"lang": "akk-x-neoass",
"form": "x",
"pos": "u"}
}
,
{
"node": "l",
"frag": "x]-tu",
"id": "P314341.l07b87",
"ref": "P314341.7.3",
"inst": "u",
"f": {"lang": "akk-x-neoass",
"form": "x-tu",
"pos": "u"}
}
,
{
"node": "l",
"frag": "i-na-aš₂-⸢šu-niš-šu₂⸣-ni",
"id": "P314341.l07b88",
"ref": "P314341.7.4",
"inst": "+našû[lift//bring]V'V$inaššûniššūni",
"sig": "@saao/saa10%akk-x-neoass:i-na-aš₂-šu-niš-šu₂-ni=našû[lift//bring]V'V$inaššûniššūni",
"f": {"lang": "akk-x-neoass",
"form": "i-na-aš₂-šu-niš-šu₂-ni",
"cf": "našû",
"gw": "lift",
"sense": "bring",
"norm": "inaššûniššūni",
"pos": "V",
"epos": "V"}
}
,
{
"node": "d",
"type": "line-start",
"ref": "P314341.8",
"n": "6'",
"label": "o 6'"}
,
{
"node": "l",
"frag": "[x",
"id": "P314341.l07b89",
"ref": "P314341.8.1",
"inst": "u",
"f": {"lang": "akk-x-neoass",
"form": "x",
"pos": "u"}
}
,
{
"node": "l",
"frag": "x",
"id": "P314341.l07b8a",
"ref": "P314341.8.2",
"inst": "u",
"f": {"lang": "akk-x-neoass",
"form": "x",
"pos": "u"}
}
,
{
"node": "l",
"frag": "x",
"id": "P314341.l07b8b",
"ref": "P314341.8.3",
"inst": "u",
"f": {"lang": "akk-x-neoass",
"form": "x",
"pos": "u"}
}
,
{
"node": "l",
"frag": "i]-⸢ga⸣-la-da-ni",
"id": "P314341.l07b8c",
"ref": "P314341.8.4",
"inst": "+galātu[tremble//frighten]V'V$igalladāni",
"sig": "@saao/saa10%akk-x-neoass:i-ga-la-da-ni=galātu[tremble//frighten]V'V$igalladāni",
"f": {"lang": "akk-x-neoass",
"form": "i-ga-la-da-ni",
"cf": "galātu",
"gw": "tremble",
"sense": "frighten",
"norm": "igalladāni",
"pos": "V",
"epos": "V"}
}
,
{
"node": "l",
"frag": "⸢IL₂⸣-ma",
"id": "P314341.l07b8d",
"ref": "P314341.8.5",
"inst": "u",
"f": {"lang": "akk-x-neoass",
"form": "IL₂-ma",
"pos": "u"}
}
,
{
"node": "d",
"type": "line-start",
"ref": "P314341.9",
"n": "7'",
"label": "o 7'"}
,
{
"node": "l",
"frag": "[x",
"id": "P314341.l07b8e",
"ref": "P314341.9.1",
"inst": "u",
"f": {"lang": "akk-x-neoass",
"form": "x",
"pos": "u"}
}
,
{
"node": "l",
"frag": "x",
"id": "P314341.l07b8f",
"ref": "P314341.9.2",
"inst": "u",
"f": {"lang": "akk-x-neoass",
"form": "x",
"pos": "u"}
}
,
{
"node": "l",
"frag": "x",
"id": "P314341.l07b90",
"ref": "P314341.9.3",
"inst": "u",
"f": {"lang": "akk-x-neoass",
"form": "x",
"pos": "u"}
}
,
{
"node": "l",
"frag": "{lu₂]}ENGAR",
"id": "P314341.l07b91",
"ref": "P314341.9.4",
"inst": "ikkāru[farmer]N",
"sig": "@saao/saa10%akk-x-neoass:{LU₂}ENGAR=ikkaru[farmer//farmer]N'N$ikkāru",
"f": {"lang": "akk-x-neoass",
"form": "{LU₂}ENGAR",
"cf": "ikkaru",
"gw": "farmer",
"sense": "farmer",
"norm": "ikkāru",
"pos": "N",
"epos": "N"}
}
,
{
"node": "l",
"frag": "lu",
"id": "P314341.l07b92",
"ref": "P314341.9.5",
"inst": "lū[may]MOD",
"sig": "@saao/saa10%akk-x-neoass:lu=lū[may//may]MOD'MOD$lū",
"f": {"lang": "akk-x-neoass",
"form": "lu",
"cf": "lū",
"gw": "may",
"sense": "may",
"norm": "lū",
"pos": "MOD",
"epos": "MOD"}
}
,
{
"node": "l",
"frag": "la",
"id": "P314341.l07b93",
"ref": "P314341.9.6",
"inst": "lā[not]MOD",
"sig": "@saao/saa10%akk-x-neoass:la=lā[not//not]MOD'MOD$lā",
"f": {"lang": "akk-x-neoass",
"form": "la",
"cf": "lā",
"gw": "not",
"sense": "not",
"norm": "lā",
"pos": "MOD",
"epos": "MOD"}
}
,
{
"node": "l",
"frag": "i-pal-lah₃",
"id": "P314341.l07b94",
"ref": "P314341.9.7",
"inst": "ipallah[be(come) afraid]V",
"sig": "@saao/saa10%akk-x-neoass:i-pal-lah₃=palāhu[fear//be(come) afraid]V'V$ipallah",
"f": {"lang": "akk-x-neoass",
"form": "i-pal-lah₃",
"cf": "palāhu",
"gw": "fear",
"sense": "be(come) afraid",
"norm": "ipallah",
"pos": "V",
"epos": "V"}
}
,
{
"node": "d",
"type": "line-start",
"ref": "P314341.10",
"n": "8'",
"label": "o 8'"}
,
{
"node": "l",
"frag": "[x",
"id": "P314341.l07b95",
"ref": "P314341.10.1",
"inst": "u",
"f": {"lang": "akk-x-neoass",
"form": "x",
"pos": "u"}
}
,
{
"node": "l",
"frag": "x",
"id": "P314341.l07b96",
"ref": "P314341.10.2",
"inst": "u",
"f": {"lang": "akk-x-neoass",
"form": "x",
"pos": "u"}
}
,
{
"node": "l",
"frag": "x",
"id": "P314341.l07b97",
"ref": "P314341.10.3",
"inst": "u",
"f": {"lang": "akk-x-neoass",
"form": "x",
"pos": "u"}
}
,
{
"node": "l",
"frag": "x]",
"id": "P314341.l07b98",
"ref": "P314341.10.4",
"inst": "u",
"f": {"lang": "akk-x-neoass",
"form": "x",
"pos": "u"}
}
,
{
"node": "l",
"frag": "⸢ŠA₃⸣-bi-šu₂",
"id": "P314341.l07b99",
"ref": "P314341.10.5",
"inst": "libbīšu[heart]N",
"sig": "@saao/saa10%akk-x-neoass:ŠA₃-bi-šu₂=libbu[interior//heart]N'N$libbīšu",
"f": {"lang": "akk-x-neoass",
"form": "ŠA₃-bi-šu₂",
"cf": "libbu",
"gw": "interior",
"sense": "heart",
"norm": "libbīšu",
"pos": "N",
"epos": "N"}
}
,
{
"node": "d",
"type": "line-start",
"ref": "P314341.11",
"n": "9'",
"label": "o 9'"}
,
{
"node": "l",
"frag": "[x",
"id": "P314341.l07b9a",
"ref": "P314341.11.1",
"inst": "u",
"f": {"lang": "akk-x-neoass",
"form": "x",
"pos": "u"}
}
,
{
"node": "l",
"frag": "x",
"id": "P314341.l07b9b",
"ref": "P314341.11.2",
"inst": "u",
"f": {"lang": "akk-x-neoass",
"form": "x",
"pos": "u"}
}
,
{
"node": "l",
"frag": "x",
"id": "P314341.l07b9c",
"ref": "P314341.11.3",
"inst": "u",
"f": {"lang": "akk-x-neoass",
"form": "x",
"pos": "u"}
}
,
{
"node": "l",
"frag": "x",
"id": "P314341.l07b9d",
"ref": "P314341.11.4",
"inst": "u",
"f": {"lang": "akk-x-neoass",
"form": "x",
"pos": "u"}
}
,
{
"node": "l",
"frag": "x",
"id": "P314341.l07b9e",
"ref": "P314341.11.5",
"inst": "u",
"f": {"lang": "akk-x-neoass",
"form": "x",
"pos": "u"}
}
,
{
"node": "l",
"frag": "x]",
"id": "P314341.l07b9f",
"ref": "P314341.11.6",
"inst": "u",
"f": {"lang": "akk-x-neoass",
"form": "x",
"pos": "u"}
}
,
{
"node": "l",
"frag": "pa-ni-⸢ni",
"id": "P314341.l07ba0",
"ref": "P314341.11.7",
"inst": "pānīni[front]N",
"sig": "@saao/saa10%akk-x-neoass:pa-ni-ni=pānu[front//front]N'N$pānīni",
"f": {"lang": "akk-x-neoass",
"form": "pa-ni-ni",
"cf": "pānu",
"gw": "front",
"sense": "front",
"norm": "pānīni",
"pos": "N",
"epos": "N"}
}
,
{
"node": "l",
"frag": "UD",
"id": "P314341.l07ba1",
"ref": "P314341.11.8",
"inst": "ūm[day]N",
"sig": "@saao/saa10%akk-x-neoass:UD=ūmu[day//day]N'N$ūm",
"f": {"lang": "akk-x-neoass",
"form": "UD",
"cf": "ūmu",
"gw": "day",
"sense": "day",
"norm": "ūm",
"pos": "N",
"epos": "N"}
}
,
{
"node": "l",
"frag": "10-KAM₂",
"id": "P314341.l07ba2",
"ref": "P314341.11.9",
"inst": "n",
"f": {"lang": "akk-x-neoass",
"form": "10-KAM₂",
"pos": "n"}
}
,
{
"node": "d",
"type": "line-start",
"ref": "P314341.12",
"n": "10'",
"label": "o 10'"}
,
{
"node": "l",
"frag": "[x",
"id": "P314341.l07ba3",
"ref": "P314341.12.1",
"inst": "u",
"f": {"lang": "akk-x-neoass",
"form": "x",
"pos": "u"}
}
,
{
"node": "l",
"frag": "x",
"id": "P314341.l07ba4",
"ref": "P314341.12.2",
"inst": "u",
"f": {"lang": "akk-x-neoass",
"form": "x",
"pos": "u"}
}
,
{
"node": "l",
"frag": "x",
"id": "P314341.l07ba5",
"ref": "P314341.12.3",
"inst": "u",
"f": {"lang": "akk-x-neoass",
"form": "x",
"pos": "u"}
}
,
{
"node": "l",
"frag": "x",
"id": "P314341.l07ba6",
"ref": "P314341.12.4",
"inst": "u",
"f": {"lang": "akk-x-neoass",
"form": "x",
"pos": "u"}
}
,
{
"node": "l",
"frag": "x",
"id": "P314341.l07ba7",
"ref": "P314341.12.5",
"inst": "u",
"f": {"lang": "akk-x-neoass",
"form": "x",
"pos": "u"}
}
,
{
"node": "l",
"frag": "x]",
"id": "P314341.l07ba8",
"ref": "P314341.12.6",
"inst": "u",
"f": {"lang": "akk-x-neoass",
"form": "x",
"pos": "u"}
}
,
{
"node": "l",
"frag": "is-⸢sak⸣-na",
"id": "P314341.l07ba9",
"ref": "P314341.12.7",
"inst": "issakna[place]V",
"sig": "@saao/saa10%akk-x-neoass:is-sak-na=šakānu[put//place]V'V$issakna",
"f": {"lang": "akk-x-neoass",
"form": "is-sak-na",
"cf": "šakānu",
"gw": "put",
"sense": "place",
"norm": "issakna",
"pos": "V",
"epos": "V"}
}
,
{
"node": "d",
"type": "line-start",
"ref": "P314341.13",
"n": "11'",
"label": "o 11'"}
,
{
"node": "l",
"frag": "[x",
"id": "P314341.l07baa",
"ref": "P314341.13.1",
"inst": "u",
"f": {"lang": "akk-x-neoass",
"form": "x",
"pos": "u"}
}
,
{
"node": "l",
"frag": "x",
"id": "P314341.l07bab",
"ref": "P314341.13.2",
"inst": "u",
"f": {"lang": "akk-x-neoass",
"form": "x",
"pos": "u"}
}
,
{
"node": "l",
"frag": "x",
"id": "P314341.l07bac",
"ref": "P314341.13.3",
"inst": "u",
"f": {"lang": "akk-x-neoass",
"form": "x",
"pos": "u"}
}
,
{
"node": "l",
"frag": "x",
"id": "P314341.l07bad",
"ref": "P314341.13.4",
"inst": "u",
"f": {"lang": "akk-x-neoass",
"form": "x",
"pos": "u"}
}
,
{
"node": "l",
"frag": "x",
"id": "P314341.l07bae",
"ref": "P314341.13.5",
"inst": "u",
"f": {"lang": "akk-x-neoass",
"form": "x",
"pos": "u"}
}
,
{
"node": "l",
"frag": "x]",
"id": "P314341.l07baf",
"ref": "P314341.13.6",
"inst": "u",
"f": {"lang": "akk-x-neoass",
"form": "x",
"pos": "u"}
}
,
{
"node": "l",
"frag": "a-hi-⸢i⸣",
"id": "P314341.l07bb0",
"ref": "P314341.13.7",
"inst": "+ahû[strange]AJ$ahî",
"sig": "@saao/saa10%akk-x-neoass:a-hi-i=ahû[strange//strange]AJ'AJ$ahî",
"f": {"lang": "akk-x-neoass",
"form": "a-hi-i",
"cf": "ahû",
"gw": "strange",
"sense": "strange",
"norm": "ahî",
"pos": "AJ",
"epos": "AJ"}
}
,
{
"node": "d",
"type": "line-start",
"ref": "P314341.14",
"n": "12'",
"label": "o 12'"}
,
{
"node": "l",
"frag": "[x",
"id": "P314341.l07bb1",
"ref": "P314341.14.1",
"inst": "u",
"f": {"lang": "akk-x-neoass",
"form": "x",
"pos": "u"}
}
,
{
"node": "l",
"frag": "x",
"id": "P314341.l07bb2",
"ref": "P314341.14.2",
"inst": "u",
"f": {"lang": "akk-x-neoass",
"form": "x",
"pos": "u"}
}
,
{
"node": "l",
"frag": "x",
"id": "P314341.l07bb3",
"ref": "P314341.14.3",
"inst": "u",
"f": {"lang": "akk-x-neoass",
"form": "x",
"pos": "u"}
}
,
{
"node": "l",
"frag": "x",
"id": "P314341.l07bb4",
"ref": "P314341.14.4",
"inst": "u",
"f": {"lang": "akk-x-neoass",
"form": "x",
"pos": "u"}
}
,
{
"node": "l",
"frag": "x",
"id": "P314341.l07bb5",
"ref": "P314341.14.5",
"inst": "u",
"f": {"lang": "akk-x-neoass",
"form": "x",
"pos": "u"}
}
,
{
"node": "l",
"frag": "x]+⸢x-ru-šu₂-nu⸣",
"id": "P314341.l07bb6",
"ref": "P314341.14.6",
"inst": "u",
"f": {"lang": "akk-x-neoass",
"form": "x+x-ru-šu₂-nu",
"pos": "u"}
}
,
{
"node": "d",
"type": "line-start",
"ref": "P314341.15",
"n": "13'",
"label": "o 13'"}
,
{
"node": "l",
"frag": "[x",
"id": "P314341.l07bb7",
"ref": "P314341.15.1",
"inst": "u",
"f": {"lang": "akk-x-neoass",
"form": "x",
"pos": "u"}
}
,
{
"node": "l",
"frag": "x",
"id": "P314341.l07bb8",
"ref": "P314341.15.2",
"inst": "u",
"f": {"lang": "akk-x-neoass",
"form": "x",
"pos": "u"}
}
,
{
"node": "l",
"frag": "x",
"id": "P314341.l07bb9",
"ref": "P314341.15.3",
"inst": "u",
"f": {"lang": "akk-x-neoass",
"form": "x",
"pos": "u"}
}
,
{
"node": "l",
"frag": "x",
"id": "P314341.l07bba",
"ref": "P314341.15.4",
"inst": "u",
"f": {"lang": "akk-x-neoass",
"form": "x",
"pos": "u"}
}
,
{
"node": "l",
"frag": "x",
"id": "P314341.l07bbb",
"ref": "P314341.15.5",
"inst": "u",
"f": {"lang": "akk-x-neoass",
"form": "x",
"pos": "u"}
}
,
{
"node": "l",
"frag": "x]+⸢x⸣-nu",
"id": "P314341.l07bbc",
"ref": "P314341.15.6",
"inst": "u",
"f": {"lang": "akk-x-neoass",
"form": "x+x-nu",
"pos": "u"}
}
,
{
"node": "l",
"frag": "i-⸢ba-aš₂⸣-ši",
"id": "P314341.l07bbd",
"ref": "P314341.15.7",
"inst": "ibašši[exist]V",
"sig": "@saao/saa10%akk-x-neoass:i-ba-aš₂-ši=bašû[exist//exist]V'V$ibašši",
"f": {"lang": "akk-x-neoass",
"form": "i-ba-aš₂-ši",
"cf": "bašû",
"gw": "exist",
"sense": "exist",
"norm": "ibašši",
"pos": "V",
"epos": "V"}
}
,
{
"node": "d",
"subtype": "bottom",
"type": "surface",
"ref": "P314341.b.e..16",
"type": "bottom",
"label": "b.e."}
,
{
"node": "d",
"type": "line-start",
"ref": "P314341.17",
"n": "14'",
"label": "b.e. 14'"}
,
{
"node": "l",
"frag": "[x",
"id": "P314341.l07bbe",
"ref": "P314341.17.1",
"inst": "u",
"f": {"lang": "akk-x-neoass",
"form": "x",
"pos": "u"}
}
,
{
"node": "l",
"frag": "x",
"id": "P314341.l07bbf",
"ref": "P314341.17.2",
"inst": "u",
"f": {"lang": "akk-x-neoass",
"form": "x",
"pos": "u"}
}
,
{
"node": "l",
"frag": "x",
"id": "P314341.l07bc0",
"ref": "P314341.17.3",
"inst": "u",
"f": {"lang": "akk-x-neoass",
"form": "x",
"pos": "u"}
}
,
{
"node": "l",
"frag": "x",
"id": "P314341.l07bc1",
"ref": "P314341.17.4",
"inst": "u",
"f": {"lang": "akk-x-neoass",
"form": "x",
"pos": "u"}
}
,
{
"node": "l",
"frag": "x",
"id": "P314341.l07bc2",
"ref": "P314341.17.5",
"inst": "u",
"f": {"lang": "akk-x-neoass",
"form": "x",
"pos": "u"}
}
,
{
"node": "l",
"frag": "x]-bi",
"id": "P314341.l07bc3",
"ref": "P314341.17.6",
"inst": "u",
"f": {"lang": "akk-x-neoass",
"form": "x-bi",
"pos": "u"}
}
,
{
"node": "d",
"subtype": "reverse",
"type": "surface",
"ref": "P314341.r.18",
"type": "reverse",
"label": "r"}
,
{
"node": "d",
"type": "line-start",
"ref": "P314341.19",
"n": "1",
"label": "r 1"}
,
{
"node": "l",
"frag": "[x",
"id": "P314341.l07bc4",
"ref": "P314341.19.1",
"inst": "u",
"f": {"lang": "akk-x-neoass",
"form": "x",
"pos": "u"}
}
,
{
"node": "l",
"frag": "x",
"id": "P314341.l07bc5",
"ref": "P314341.19.2",
"inst": "u",
"f": {"lang": "akk-x-neoass",
"form": "x",
"pos": "u"}
}
,
{
"node": "l",
"frag": "x",
"id": "P314341.l07bc6",
"ref": "P314341.19.3",
"inst": "u",
"f": {"lang": "akk-x-neoass",
"form": "x",
"pos": "u"}
}
,
{
"node": "l",
"frag": "x",
"id": "P314341.l07bc7",
"ref": "P314341.19.4",
"inst": "u",
"f": {"lang": "akk-x-neoass",
"form": "x",
"pos": "u"}
}
,
{
"node": "l",
"frag": "x",
"id": "P314341.l07bc8",
"ref": "P314341.19.5",
"inst": "u",
"f": {"lang": "akk-x-neoass",
"form": "x",
"pos": "u"}
}
,
{
"node": "l",
"frag": "x",
"id": "P314341.l07bc9",
"ref": "P314341.19.6",
"inst": "u",
"f": {"lang": "akk-x-neoass",
"form": "x",
"pos": "u"}
}
,
{
"node": "l",
"frag": "x]",
"id": "P314341.l07bca",
"ref": "P314341.19.7",
"inst": "u",
"f": {"lang": "akk-x-neoass",
"form": "x",
"pos": "u"}
}
,
{
"node": "l",
"frag": "NU",
"id": "P314341.l07bcb",
"ref": "P314341.19.8",
"inst": "lā[not]MOD",
"sig": "@saao/saa10%akk-x-neoass:NU=lā[not//not]MOD'MOD$lā",
"f": {"lang": "akk-x-neoass",
"form": "NU",
"cf": "lā",
"gw": "not",
"sense": "not",
"norm": "lā",
"pos": "MOD",
"epos": "MOD"}
}
,
{
"node": "l",
"frag": "ŠEŠ",
"id": "P314341.l07bcc",
"ref": "P314341.19.9",
"inst": "u",
"f": {"lang": "akk-x-neoass",
"form": "ŠEŠ",
"pos": "u"}
}
,
{
"node": "d",
"type": "line-start",
"ref": "P314341.20",
"n": "2",
"label": "r 2"}
,
{
"node": "l",
"frag": "[x",
"id": "P314341.l07bcd",
"ref": "P314341.20.1",
"inst": "u",
"f": {"lang": "akk-x-neoass",
"form": "x",
"pos": "u"}
}
,
{
"node": "l",
"frag": "x",
"id": "P314341.l07bce",
"ref": "P314341.20.2",
"inst": "u",
"f": {"lang": "akk-x-neoass",
"form": "x",
"pos": "u"}
}
,
{
"node": "l",
"frag": "x",
"id": "P314341.l07bcf",
"ref": "P314341.20.3",
"inst": "u",
"f": {"lang": "akk-x-neoass",
"form": "x",
"pos": "u"}
}
,
{
"node": "l",
"frag": "x",
"id": "P314341.l07bd0",
"ref": "P314341.20.4",
"inst": "u",
"f": {"lang": "akk-x-neoass",
"form": "x",
"pos": "u"}
}
,
{
"node": "l",
"frag": "x",
"id": "P314341.l07bd1",
"ref": "P314341.20.5",
"inst": "u",
"f": {"lang": "akk-x-neoass",
"form": "x",
"pos": "u"}
}
,
{
"node": "l",
"frag": "x",
"id": "P314341.l07bd2",
"ref": "P314341.20.6",
"inst": "u",
"f": {"lang": "akk-x-neoass",
"form": "x",
"pos": "u"}
}
,
{
"node": "l",
"frag": "x]+⸢x⸣-na-ši-te",
"id": "P314341.l07bd3",
"ref": "P314341.20.7",
"inst": "u",
"f": {"lang": "akk-x-neoass",
"form": "x+x-na-ši-te",
"pos": "u"}
}
,
{
"node": "d",
"type": "line-start",
"ref": "P314341.21",
"n": "3",
"label": "r 3"}
,
{
"node": "l",
"frag": "[x",
"id": "P314341.l07bd4",
"ref": "P314341.21.1",
"inst": "u",
"f": {"lang": "akk-x-neoass",
"form": "x",
"pos": "u"}
}
,
{
"node": "l",
"frag": "x",
"id": "P314341.l07bd5",
"ref": "P314341.21.2",
"inst": "u",
"f": {"lang": "akk-x-neoass",
"form": "x",
"pos": "u"}
}
,
{
"node": "l",
"frag": "x",
"id": "P314341.l07bd6",
"ref": "P314341.21.3",
"inst": "u",
"f": {"lang": "akk-x-neoass",
"form": "x",
"pos": "u"}
}
,
{
"node": "l",
"frag": "x",
"id": "P314341.l07bd7",
"ref": "P314341.21.4",
"inst": "u",
"f": {"lang": "akk-x-neoass",
"form": "x",
"pos": "u"}
}
,
{
"node": "l",
"frag": "x",
"id": "P314341.l07bd8",
"ref": "P314341.21.5",
"inst": "u",
"f": {"lang": "akk-x-neoass",
"form": "x",
"pos": "u"}
}
,
{
"node": "l",
"frag": "x",
"id": "P314341.l07bd9",
"ref": "P314341.21.6",
"inst": "u",
"f": {"lang": "akk-x-neoass",
"form": "x",
"pos": "u"}
}
,
{
"node": "l",
"frag": "x",
"id": "P314341.l07bda",
"ref": "P314341.21.7",
"inst": "u",
"f": {"lang": "akk-x-neoass",
"form": "x",
"pos": "u"}
}
,
{
"node": "l",
"frag": "x]-ah",
"id": "P314341.l07bdb",
"ref": "P314341.21.8",
"inst": "u",
"f": {"lang": "akk-x-neoass",
"form": "x-ah",
"pos": "u"}
}
,
{
"node": "d",
"type": "line-start",
"ref": "P314341.22",
"n": "4",
"label": "r 4"}
,
{
"node": "l",
"frag": "[x",
"id": "P314341.l07bdc",
"ref": "P314341.22.1",
"inst": "u",
"f": {"lang": "akk-x-neoass",
"form": "x",
"pos": "u"}
}
,
{
"node": "l",
"frag": "x",
"id": "P314341.l07bdd",
"ref": "P314341.22.2",
"inst": "u",
"f": {"lang": "akk-x-neoass",
"form": "x",
"pos": "u"}
}
,
{
"node": "l",
"frag": "x",
"id": "P314341.l07bde",
"ref": "P314341.22.3",
"inst": "u",
"f": {"lang": "akk-x-neoass",
"form": "x",
"pos": "u"}
}
,
{
"node": "l",
"frag": "x",
"id": "P314341.l07bdf",
"ref": "P314341.22.4",
"inst": "u",
"f": {"lang": "akk-x-neoass",
"form": "x",
"pos": "u"}
}
,
{
"node": "l",
"frag": "x",
"id": "P314341.l07be0",
"ref": "P314341.22.5",
"inst": "u",
"f": {"lang": "akk-x-neoass",
"form": "x",
"pos": "u"}
}
,
{
"node": "l",
"frag": "x",
"id": "P314341.l07be1",
"ref": "P314341.22.6",
"inst": "u",
"f": {"lang": "akk-x-neoass",
"form": "x",
"pos": "u"}
}
,
{
"node": "l",
"frag": "x",
"id": "P314341.l07be2",
"ref": "P314341.22.7",
"inst": "u",
"f": {"lang": "akk-x-neoass",
"form": "x",
"pos": "u"}
}
,
{
"node": "l",
"frag": "x]-⸢lah₃⸣",
"id": "P314341.l07be3",
"ref": "P314341.22.8",
"inst": "u",
"f": {"lang": "akk-x-neoass",
"form": "x-lah₃",
"pos": "u"}
}
,
{
"node": "d",
"type": "line-start",
"ref": "P314341.23",
"n": "5",
"label": "r 5"}
,
{
"node": "l",
"frag": "[x",
"id": "P314341.l07be4",
"ref": "P314341.23.1",
"inst": "u",
"f": {"lang": "akk-x-neoass",
"form": "x",
"pos": "u"}
}
,
{
"node": "l",
"frag": "x",
"id": "P314341.l07be5",
"ref": "P314341.23.2",
"inst": "u",
"f": {"lang": "akk-x-neoass",
"form": "x",
"pos": "u"}
}
,
{
"node": "l",
"frag": "x",
"id": "P314341.l07be6",
"ref": "P314341.23.3",
"inst": "u",
"f": {"lang": "akk-x-neoass",
"form": "x",
"pos": "u"}
}
,
{
"node": "l",
"frag": "x",
"id": "P314341.l07be7",
"ref": "P314341.23.4",
"inst": "u",
"f": {"lang": "akk-x-neoass",
"form": "x",
"pos": "u"}
}
,
{
"node": "l",
"frag": "x",
"id": "P314341.l07be8",
"ref": "P314341.23.5",
"inst": "u",
"f": {"lang": "akk-x-neoass",
"form": "x",
"pos": "u"}
}
,
{
"node": "l",
"frag": "x",
"id": "P314341.l07be9",
"ref": "P314341.23.6",
"inst": "u",
"f": {"lang": "akk-x-neoass",
"form": "x",
"pos": "u"}
}
,
{
"node": "l",
"frag": "x",
"id": "P314341.l07bea",
"ref": "P314341.23.7",
"inst": "u",
"f": {"lang": "akk-x-neoass",
"form": "x",
"pos": "u"}
}
,
{
"node": "l",
"frag": "x]-me",
"id": "P314341.l07beb",
"ref": "P314341.23.8",
"inst": "u",
"f": {"lang": "akk-x-neoass",
"form": "x-me",
"pos": "u"}
}
,
{
"node": "d",
"type": "line-start",
"ref": "P314341.24",
"n": "6",
"label": "r 6"}
,
{
"node": "l",
"frag": "[x",
"id": "P314341.l07bec",
"ref": "P314341.24.1",
"inst": "u",
"f": {"lang": "akk-x-neoass",
"form": "x",
"pos": "u"}
}
,
{
"node": "l",
"frag": "x",
"id": "P314341.l07bed",
"ref": "P314341.24.2",
"inst": "u",
"f": {"lang": "akk-x-neoass",
"form": "x",
"pos": "u"}
}
,
{
"node": "l",
"frag": "x",
"id": "P314341.l07bee",
"ref": "P314341.24.3",
"inst": "u",
"f": {"lang": "akk-x-neoass",
"form": "x",
"pos": "u"}
}
,
{
"node": "l",
"frag": "x",
"id": "P314341.l07bef",
"ref": "P314341.24.4",
"inst": "u",
"f": {"lang": "akk-x-neoass",
"form": "x",
"pos": "u"}
}
,
{
"node": "l",
"frag": "x",
"id": "P314341.l07bf0",
"ref": "P314341.24.5",
"inst": "u",
"f": {"lang": "akk-x-neoass",
"form": "x",
"pos": "u"}
}
,
{
"node": "l",
"frag": "x]",
"id": "P314341.l07bf1",
"ref": "P314341.24.6",
"inst": "u",
"f": {"lang": "akk-x-neoass",
"form": "x",
"pos": "u"}
}
,
{
"node": "l",
"frag": "⸢a⸣-se-me",
"id": "P314341.l07bf2",
"ref": "P314341.24.7",
"inst": "asseme[hear]V",
"sig": "@saao/saa10%akk-x-neoass:a-se-me=šemû[hear//hear]V'V$asseme",
"f": {"lang": "akk-x-neoass",
"form": "a-se-me",
"cf": "šemû",
"gw": "hear",
"sense": "hear",
"norm": "asseme",
"pos": "V",
"epos": "V"}
}
,
{
"node": "d",
"type": "line-start",
"ref": "P314341.25",
"n": "7",
"label": "r 7"}
,
{
"node": "l",
"frag": "[x",
"id": "P314341.l07bf3",
"ref": "P314341.25.1",
"inst": "u",
"f": {"lang": "akk-x-neoass",
"form": "x",
"pos": "u"}
}
,
{
"node": "l",
"frag": "x",
"id": "P314341.l07bf4",
"ref": "P314341.25.2",
"inst": "u",
"f": {"lang": "akk-x-neoass",
"form": "x",
"pos": "u"}
}
,
{
"node": "l",
"frag": "x",
"id": "P314341.l07bf5",
"ref": "P314341.25.3",
"inst": "u",
"f": {"lang": "akk-x-neoass",
"form": "x",
"pos": "u"}
}
,
{
"node": "l",
"frag": "x",
"id": "P314341.l07bf6",
"ref": "P314341.25.4",
"inst": "u",
"f": {"lang": "akk-x-neoass",
"form": "x",
"pos": "u"}
}
,
{
"node": "l",
"frag": "x",
"id": "P314341.l07bf7",
"ref": "P314341.25.5",
"inst": "u",
"f": {"lang": "akk-x-neoass",
"form": "x",
"pos": "u"}
}
,
{
"node": "l",
"frag": "x",
"id": "P314341.l07bf8",
"ref": "P314341.25.6",
"inst": "u",
"f": {"lang": "akk-x-neoass",
"form": "x",
"pos": "u"}
}
,
{
"node": "l",
"frag": "x]-⸢ru⸣",
"id": "P314341.l07bf9",
"ref": "P314341.25.7",
"inst": "u",
"f": {"lang": "akk-x-neoass",
"form": "x-ru",
"pos": "u"}
}
,
{
"node": "d",
"type": "line-start",
"ref": "P314341.26",
"n": "8",
"label": "r 8"}
,
{
"node": "l",
"frag": "[a-na",
"id": "P314341.l07bfa",
"ref": "P314341.26.1",
"inst": "ana[to]PRP",
"sig": "@saao/saa10%akk-x-neoass:a-na=ana[to//to]PRP'PRP$ana",
"f": {"lang": "akk-x-neoass",
"form": "a-na",
"cf": "ana",
"gw": "to",
"sense": "to",
"norm": "ana",
"pos": "PRP",
"epos": "PRP"}
}
,
{
"node": "l",
"frag": "{lu₂}ENGAR",
"id": "P314341.l07bfb",
"ref": "P314341.26.2",
"inst": "ikkāri[farmer]N",
"sig": "@saao/saa10%akk-x-neoass:{LU₂}ENGAR=ikkaru[farmer//farmer]N'N$ikkāri",
"f": {"lang": "akk-x-neoass",
"form": "{LU₂}ENGAR",
"cf": "ikkaru",
"gw": "farmer",
"sense": "farmer",
"norm": "ikkāri",
"pos": "N",
"epos": "N"}
}
,
{
"node": "l",
"frag": "EN]-⸢ia",
"id": "P314341.l07bfc",
"ref": "P314341.26.3",
"inst": "bēlīya[lord]N",
"sig": "@saao/saa10%akk-x-neoass:EN-ia=bēlu[lord//lord]N'N$bēlīya",
"f": {"lang": "akk-x-neoass",
"form": "EN-ia",
"cf": "bēlu",
"gw": "lord",
"sense": "lord",
"norm": "bēlīya",
"pos": "N",
"epos": "N"}
}
,
{
"node": "l",
"frag": "as-sap⸣-ra",
"id": "P314341.l07bfd",
"ref": "P314341.26.4",
"inst": "assapra[send]V",
"sig": "@saao/saa10%akk-x-neoass:as-sap-ra=šapāru[send//send]V'V$assapra",
"f": {"lang": "akk-x-neoass",
"form": "as-sap-ra",
"cf": "šapāru",
"gw": "send",
"sense": "send",
"norm": "assapra",
"pos": "V",
"epos": "V"}
}
,
{
"node": "d",
"type": "line-start",
"ref": "P314341.27",
"n": "9",
"label": "r 9"}
,
{
"node": "l",
"frag": "[x",
"id": "P314341.l07bfe",
"ref": "P314341.27.1",
"inst": "u",
"f": {"lang": "akk-x-neoass",
"form": "x",
"pos": "u"}
}
,
{
"node": "l",
"frag": "x",
"id": "P314341.l07bff",
"ref": "P314341.27.2",
"inst": "u",
"f": {"lang": "akk-x-neoass",
"form": "x",
"pos": "u"}
}
,
{
"node": "l",
"frag": "x",
"id": "P314341.l07c00",
"ref": "P314341.27.3",
"inst": "u",
"f": {"lang": "akk-x-neoass",
"form": "x",
"pos": "u"}
}
,
{
"node": "l",
"frag": "x",
"id": "P314341.l07c01",
"ref": "P314341.27.4",
"inst": "u",
"f": {"lang": "akk-x-neoass",
"form": "x",
"pos": "u"}
}
,
{
"node": "l",
"frag": "x",
"id": "P314341.l07c02",
"ref": "P314341.27.5",
"inst": "u",
"f": {"lang": "akk-x-neoass",
"form": "x",
"pos": "u"}
}
,
{
"node": "l",
"frag": "x]",
"id": "P314341.l07c03",
"ref": "P314341.27.6",
"inst": "u",
"f": {"lang": "akk-x-neoass",
"form": "x",
"pos": "u"}
}
,
{
"node": "l",
"frag": "⸢x",
"id": "P314341.l07c04",
"ref": "P314341.27.7",
"inst": "u",
"f": {"lang": "akk-x-neoass",
"form": "x",
"pos": "u"}
}
,
{
"node": "l",
"frag": "x",
"id": "P314341.l07c05",
"ref": "P314341.27.8",
"inst": "u",
"f": {"lang": "akk-x-neoass",
"form": "x",
"pos": "u"}
}
,
{
"node": "l",
"frag": "x⸣",
"id": "P314341.l07c06",
"ref": "P314341.27.9",
"inst": "u",
"f": {"lang": "akk-x-neoass",
"form": "x",
"pos": "u"}
}
,
{
"node": "l",
"frag": "u",
"id": "P314341.l07c07",
"ref": "P314341.27.10",
"inst": "u",
"f": {"lang": "akk-x-neoass",
"form": "u",
"pos": "u"}
}
,
{
"node": "d",
"type": "line-start",
"ref": "P314341.28",
"n": "10",
"label": "r 10"}
,
{
"node": "l",
"frag": "[x",
"id": "P314341.l07c08",
"ref": "P314341.28.1",
"inst": "u",
"f": {"lang": "akk-x-neoass",
"form": "x",
"pos": "u"}
}
,
{
"node": "l",
"frag": "x",
"id": "P314341.l07c09",
"ref": "P314341.28.2",
"inst": "u",
"f": {"lang": "akk-x-neoass",
"form": "x",
"pos": "u"}
}
,
{
"node": "l",
"frag": "x",
"id": "P314341.l07c0a",
"ref": "P314341.28.3",
"inst": "u",
"f": {"lang": "akk-x-neoass",
"form": "x",
"pos": "u"}
}
,
{
"node": "l",
"frag": "x",
"id": "P314341.l07c0b",
"ref": "P314341.28.4",
"inst": "u",
"f": {"lang": "akk-x-neoass",
"form": "x",
"pos": "u"}
}
,
{
"node": "l",
"frag": "x",
"id": "P314341.l07c0c",
"ref": "P314341.28.5",
"inst": "u",
"f": {"lang": "akk-x-neoass",
"form": "x",
"pos": "u"}
}
,
{
"node": "l",
"frag": "x]+⸢x⸣",
"id": "P314341.l07c0d",
"ref": "P314341.28.6",
"inst": "u",
"f": {"lang": "akk-x-neoass",
"form": "x+x",
"pos": "u"}
}
,
{
"node": "l",
"frag": "pu-tu₂-hu",
"id": "P314341.l07c0e",
"ref": "P314341.28.7",
"inst": "+pūtuhhu[responsibility]N$pūtuhu",
"sig": "@saao/saa10%akk-x-neoass:pu-tu₂-hu=pūtuhhu[responsibility//responsibility]N'N$pūtuhu",
"f": {"lang": "akk-x-neoass",
"form": "pu-tu₂-hu",
"cf": "pūtuhhu",
"gw": "responsibility",
"sense": "responsibility",
"norm": "pūtuhu",
"pos": "N",
"epos": "N"}
}
,
{
"node": "d",
"type": "line-start",
"ref": "P314341.29",
"n": "11",
"label": "r 11"}
,
{
"node": "l",
"frag": "[x",
"id": "P314341.l07c0f",
"ref": "P314341.29.1",
"inst": "u",
"f": {"lang": "akk-x-neoass",
"form": "x",
"pos": "u"}
}
,
{
"node": "l",
"frag": "x",
"id": "P314341.l07c10",
"ref": "P314341.29.2",
"inst": "u",
"f": {"lang": "akk-x-neoass",
"form": "x",
"pos": "u"}
}
,
{
"node": "l",
"frag": "x",
"id": "P314341.l07c11",
"ref": "P314341.29.3",
"inst": "u",
"f": {"lang": "akk-x-neoass",
"form": "x",
"pos": "u"}
}
,
{
"node": "l",
"frag": "x",
"id": "P314341.l07c12",
"ref": "P314341.29.4",
"inst": "u",
"f": {"lang": "akk-x-neoass",
"form": "x",
"pos": "u"}
}
,
{
"node": "l",
"frag": "x",
"id": "P314341.l07c13",
"ref": "P314341.29.5",
"inst": "u",
"f": {"lang": "akk-x-neoass",
"form": "x",
"pos": "u"}
}
,
{
"node": "l",
"frag": "x",
"id": "P314341.l07c14",
"ref": "P314341.29.6",
"inst": "u",
"f": {"lang": "akk-x-neoass",
"form": "x",
"pos": "u"}
}
,
{
"node": "l",
"frag": "x]-bi",
"id": "P314341.l07c15",
"ref": "P314341.29.7",
"inst": "u",
"f": {"lang": "akk-x-neoass",
"form": "x-bi",
"pos": "u"}
}
,
{
"node": "l",
"frag": "ITI",
"id": "P314341.l07c16",
"ref": "P314341.29.8",
"inst": "urhu[month]N",
"sig": "@saao/saa10%akk-x-neoass:ITI=arhu[month//month]N'N$urhu",
"f": {"lang": "akk-x-neoass",
"form": "ITI",
"cf": "arhu",
"gw": "month",
"sense": "month",
"norm": "urhu",
"pos": "N",
"epos": "N"}
}
,
{
"node": "d",
"type": "line-start",
"ref": "P314341.30",
"n": "12",
"label": "r 12"}
,
{
"node": "l",
"frag": "[x",
"id": "P314341.l07c17",
"ref": "P314341.30.1",
"inst": "u",
"f": {"lang": "akk-x-neoass",
"form": "x",
"pos": "u"}
}
,
{
"node": "l",
"frag": "x",
"id": "P314341.l07c18",
"ref": "P314341.30.2",
"inst": "u",
"f": {"lang": "akk-x-neoass",
"form": "x",
"pos": "u"}
}
,
{
"node": "l",
"frag": "x",
"id": "P314341.l07c19",
"ref": "P314341.30.3",
"inst": "u",
"f": {"lang": "akk-x-neoass",
"form": "x",
"pos": "u"}
}
,
{
"node": "l",
"frag": "x",
"id": "P314341.l07c1a",
"ref": "P314341.30.4",
"inst": "u",
"f": {"lang": "akk-x-neoass",
"form": "x",
"pos": "u"}
}
,
{
"node": "l",
"frag": "x",
"id": "P314341.l07c1b",
"ref": "P314341.30.5",
"inst": "u",
"f": {"lang": "akk-x-neoass",
"form": "x",
"pos": "u"}
}
,
{
"node": "l",
"frag": "x",
"id": "P314341.l07c1c",
"ref": "P314341.30.6",
"inst": "u",
"f": {"lang": "akk-x-neoass",
"form": "x",
"pos": "u"}
}
,
{
"node": "l",
"frag": "x]-mi-šu",
"id": "P314341.l07c1d",
"ref": "P314341.30.7",
"inst": "u",
"f": {"lang": "akk-x-neoass",
"form": "x-mi-šu",
"pos": "u"}
}
,
{
"node": "d",
"type": "nonx",
"ref": "P314341.31",
"strict": "0",
"extent": "rest",
"state": "missing"}
]}
]}
]}
]}
