{
"type": "cdl",
  "source": "http://oracc.org/saao/saa10",
  "license": "This data is released under the CC0 license",
  "license-url": "https://creativecommons.org/publicdomain/zero/1.0/",
  "more-info": "http://oracc.org/doc/opendata/",
  "UTC-timestamp": "2017-05-19T11:42:24",
"project": "saao/saa10",
"textid": "P314170",
"cdl": [
{
"node": "c",
"type": "text",
"id": "P314170.U0",
"cdl": [
{
"node": "d",
"type": "object",
"ref": ""}
,
{
"node": "d",
"subtype": "obverse",
"type": "surface",
"ref": "P314170.o.1",
"type": "obverse",
"label": "o"}
,
{
"node": "d",
"type": "nonx",
"ref": "P314170.2",
"strict": "0",
"extent": "beginning",
"state": "missing"}
,
{
"node": "c",
"type": "discourse",
"subtype": "body",
"id": "P314170.U1",
"cdl": [
{
"node": "c",
"type": "sentence",
"id": "P314170.U2",
"label": "o 1' - r 6",
"cdl": [
{
"node": "d",
"type": "line-start",
"ref": "P314170.3",
"n": "1'",
"label": "o 1'"}
,
{
"node": "l",
"frag": "[x",
"id": "P314170.l07b24",
"ref": "P314170.3.1",
"inst": "u",
"f": {"lang": "akk-x-neoass",
"form": "x",
"pos": "u"}
}
,
{
"node": "l",
"frag": "x",
"id": "P314170.l07b25",
"ref": "P314170.3.2",
"inst": "u",
"f": {"lang": "akk-x-neoass",
"form": "x",
"pos": "u"}
}
,
{
"node": "l",
"frag": "x",
"id": "P314170.l07b26",
"ref": "P314170.3.3",
"inst": "u",
"f": {"lang": "akk-x-neoass",
"form": "x",
"pos": "u"}
}
,
{
"node": "l",
"frag": "x]+⸢x-me-ni-šu₂",
"id": "P314170.l07b27",
"ref": "P314170.3.4",
"inst": "u",
"f": {"lang": "akk-x-neoass",
"form": "x+x-me-ni-šu₂",
"pos": "u"}
}
,
{
"node": "l",
"frag": "i-ku-lu-u-ni⸣",
"id": "P314170.l07b28",
"ref": "P314170.3.5",
"inst": "+akālu[eat]V$īkulūni",
"sig": "@saao/saa10%akk-x-neoass:i-ku-lu-u-ni=akālu[eat//eat]V'V$īkulūni",
"f": {"lang": "akk-x-neoass",
"form": "i-ku-lu-u-ni",
"cf": "akālu",
"gw": "eat",
"sense": "eat",
"norm": "īkulūni",
"pos": "V",
"epos": "V"}
}
,
{
"node": "d",
"type": "line-start",
"ref": "P314170.4",
"n": "2'",
"label": "o 2'"}
,
{
"node": "l",
"frag": "[x",
"id": "P314170.l07b29",
"ref": "P314170.4.1",
"inst": "u",
"f": {"lang": "akk-x-neoass",
"form": "x",
"pos": "u"}
}
,
{
"node": "l",
"frag": "x",
"id": "P314170.l07b2a",
"ref": "P314170.4.2",
"inst": "u",
"f": {"lang": "akk-x-neoass",
"form": "x",
"pos": "u"}
}
,
{
"node": "l",
"frag": "x",
"id": "P314170.l07b2b",
"ref": "P314170.4.3",
"inst": "u",
"f": {"lang": "akk-x-neoass",
"form": "x",
"pos": "u"}
}
,
{
"node": "l",
"frag": "x]",
"id": "P314170.l07b2c",
"ref": "P314170.4.4",
"inst": "u",
"f": {"lang": "akk-x-neoass",
"form": "x",
"pos": "u"}
}
,
{
"node": "l",
"frag": "pi-ir-ki",
"id": "P314170.l07b2d",
"ref": "P314170.4.5",
"inst": "+perku[transverse line//line]N'N$pirkī",
"sig": "@saao/saa10%akk-x-neoass:pi-ir-ki=perku[transverse line//line]N'N$pirkī",
"f": {"lang": "akk-x-neoass",
"form": "pi-ir-ki",
"cf": "perku",
"gw": "transverse line",
"sense": "line",
"norm": "pirkī",
"pos": "N",
"epos": "N"}
}
,
{
"node": "l",
"frag": "ina",
"id": "P314170.l07b2e",
"ref": "P314170.4.6",
"inst": "ina[in]PRP",
"sig": "@saao/saa10%akk-x-neoass:ina=ina[in//in]PRP'PRP$ina",
"f": {"lang": "akk-x-neoass",
"form": "ina",
"cf": "ina",
"gw": "in",
"sense": "in",
"norm": "ina",
"pos": "PRP",
"epos": "PRP"}
}
,
{
"node": "l",
"frag": "GABA-šu₂",
"id": "P314170.l07b2f",
"ref": "P314170.4.7",
"inst": "+irtu[breast//chest]N'N$irtīšu",
"sig": "@saao/saa10%akk-x-neoass:GABA-šu₂=irtu[breast//chest]N'N$irtīšu",
"f": {"lang": "akk-x-neoass",
"form": "GABA-šu₂",
"cf": "irtu",
"gw": "breast",
"sense": "chest",
"norm": "irtīšu",
"pos": "N",
"epos": "N"}
}
,
{
"node": "d",
"type": "line-start",
"ref": "P314170.5",
"n": "3'",
"label": "o 3'"}
,
{
"node": "l",
"frag": "[x",
"id": "P314170.l07b30",
"ref": "P314170.5.1",
"inst": "u",
"f": {"lang": "akk-x-neoass",
"form": "x",
"pos": "u"}
}
,
{
"node": "l",
"frag": "x",
"id": "P314170.l07b31",
"ref": "P314170.5.2",
"inst": "u",
"f": {"lang": "akk-x-neoass",
"form": "x",
"pos": "u"}
}
,
{
"node": "l",
"frag": "x",
"id": "P314170.l07b32",
"ref": "P314170.5.3",
"inst": "u",
"f": {"lang": "akk-x-neoass",
"form": "x",
"pos": "u"}
}
,
{
"node": "l",
"frag": "x]-a",
"id": "P314170.l07b33",
"ref": "P314170.5.4",
"inst": "u",
"f": {"lang": "akk-x-neoass",
"form": "x-a",
"pos": "u"}
}
,
{
"node": "l",
"frag": "ina",
"id": "P314170.l07b34",
"ref": "P314170.5.5",
"inst": "ina[in]PRP",
"sig": "@saao/saa10%akk-x-neoass:ina=ina[in//in]PRP'PRP$ina",
"f": {"lang": "akk-x-neoass",
"form": "ina",
"cf": "ina",
"gw": "in",
"sense": "in",
"norm": "ina",
"pos": "PRP",
"epos": "PRP"}
}
,
{
"node": "l",
"frag": "hi-iṭ-ṭi",
"id": "P314170.l07b35",
"ref": "P314170.5.6",
"inst": "+hīṭu[error]N$hiṭṭi",
"sig": "@saao/saa10%akk-x-neoass:hi-iṭ-ṭi=hīṭu[error//error]N'N$hiṭṭi",
"f": {"lang": "akk-x-neoass",
"form": "hi-iṭ-ṭi",
"cf": "hīṭu",
"gw": "error",
"sense": "error",
"norm": "hiṭṭi",
"pos": "N",
"epos": "N"}
}
,
{
"node": "d",
"type": "line-start",
"ref": "P314170.6",
"n": "4'",
"label": "o 4'"}
,
{
"node": "l",
"frag": "[x",
"id": "P314170.l07b36",
"ref": "P314170.6.1",
"inst": "u",
"f": {"lang": "akk-x-neoass",
"form": "x",
"pos": "u"}
}
,
{
"node": "l",
"frag": "x",
"id": "P314170.l07b37",
"ref": "P314170.6.2",
"inst": "u",
"f": {"lang": "akk-x-neoass",
"form": "x",
"pos": "u"}
}
,
{
"node": "l",
"frag": "x",
"id": "P314170.l07b38",
"ref": "P314170.6.3",
"inst": "u",
"f": {"lang": "akk-x-neoass",
"form": "x",
"pos": "u"}
}
,
{
"node": "l",
"frag": "x",
"id": "P314170.l07b39",
"ref": "P314170.6.4",
"inst": "u",
"f": {"lang": "akk-x-neoass",
"form": "x",
"pos": "u"}
}
,
{
"node": "l",
"frag": "x]+⸢x⸣",
"id": "P314170.l07b3a",
"ref": "P314170.6.5",
"inst": "u",
"f": {"lang": "akk-x-neoass",
"form": "x+x",
"pos": "u"}
}
,
{
"node": "l",
"frag": "i-ma-nu-šu₂",
"id": "P314170.l07b3b",
"ref": "P314170.6.6",
"inst": "+manû[count//recite]V'V$imannûšu",
"sig": "@saao/saa10%akk-x-neoass:i-ma-nu-šu₂=manû[count//recite]V'V$imannûšu",
"f": {"lang": "akk-x-neoass",
"form": "i-ma-nu-šu₂",
"cf": "manû",
"gw": "count",
"sense": "recite",
"norm": "imannûšu",
"pos": "V",
"epos": "V"}
}
,
{
"node": "d",
"type": "line-start",
"ref": "P314170.7",
"n": "5'",
"label": "o 5'"}
,
{
"node": "l",
"frag": "[x",
"id": "P314170.l07b3c",
"ref": "P314170.7.1",
"inst": "u",
"f": {"lang": "akk-x-neoass",
"form": "x",
"pos": "u"}
}
,
{
"node": "l",
"frag": "x",
"id": "P314170.l07b3d",
"ref": "P314170.7.2",
"inst": "u",
"f": {"lang": "akk-x-neoass",
"form": "x",
"pos": "u"}
}
,
{
"node": "l",
"frag": "x",
"id": "P314170.l07b3e",
"ref": "P314170.7.3",
"inst": "u",
"f": {"lang": "akk-x-neoass",
"form": "x",
"pos": "u"}
}
,
{
"node": "l",
"frag": "x",
"id": "P314170.l07b3f",
"ref": "P314170.7.4",
"inst": "u",
"f": {"lang": "akk-x-neoass",
"form": "x",
"pos": "u"}
}
,
{
"node": "l",
"frag": "x]-nu",
"id": "P314170.l07b40",
"ref": "P314170.7.5",
"inst": "u",
"f": {"lang": "akk-x-neoass",
"form": "x-nu",
"pos": "u"}
}
,
{
"node": "l",
"frag": "a-ke-e",
"id": "P314170.l07b41",
"ref": "P314170.7.6",
"inst": "akê[how!]'J",
"sig": "@saao/saa10%akk-x-neoass:a-ke-e=kē[how?//how!]QP'J$akê",
"f": {"lang": "akk-x-neoass",
"form": "a-ke-e",
"cf": "kē",
"gw": "how?",
"sense": "how!",
"norm": "akê",
"pos": "QP",
"epos": "J"}
}
,
{
"node": "d",
"subtype": "bottom",
"type": "surface",
"ref": "P314170.b.e..8",
"type": "bottom",
"label": "b.e."}
,
{
"node": "d",
"type": "line-start",
"ref": "P314170.9",
"n": "6'",
"label": "b.e. 6'"}
,
{
"node": "l",
"frag": "[x",
"id": "P314170.l07b42",
"ref": "P314170.9.1",
"inst": "u",
"f": {"lang": "akk-x-neoass",
"form": "x",
"pos": "u"}
}
,
{
"node": "l",
"frag": "x",
"id": "P314170.l07b43",
"ref": "P314170.9.2",
"inst": "u",
"f": {"lang": "akk-x-neoass",
"form": "x",
"pos": "u"}
}
,
{
"node": "l",
"frag": "x",
"id": "P314170.l07b44",
"ref": "P314170.9.3",
"inst": "u",
"f": {"lang": "akk-x-neoass",
"form": "x",
"pos": "u"}
}
,
{
"node": "l",
"frag": "x",
"id": "P314170.l07b45",
"ref": "P314170.9.4",
"inst": "u",
"f": {"lang": "akk-x-neoass",
"form": "x",
"pos": "u"}
}
,
{
"node": "l",
"frag": "x",
"id": "P314170.l07b46",
"ref": "P314170.9.5",
"inst": "u",
"f": {"lang": "akk-x-neoass",
"form": "x",
"pos": "u"}
}
,
{
"node": "l",
"frag": "x]",
"id": "P314170.l07b47",
"ref": "P314170.9.6",
"inst": "u",
"f": {"lang": "akk-x-neoass",
"form": "x",
"pos": "u"}
}
,
{
"node": "l",
"frag": "ša₂",
"id": "P314170.l07b48",
"ref": "P314170.9.7",
"inst": "ša[what]REL",
"sig": "@saao/saa10%akk-x-neoass:ša₂=ša[that//what]REL'REL$ša",
"f": {"lang": "akk-x-neoass",
"form": "ša₂",
"cf": "ša",
"gw": "that",
"sense": "what",
"norm": "ša",
"pos": "REL",
"epos": "REL"}
}
,
{
"node": "l",
"frag": "EN",
"id": "P314170.l07b49",
"ref": "P314170.9.8",
"inst": "bēlī[lord]N",
"sig": "@saao/saa10%akk-x-neoass:EN=bēlu[lord//lord]N'N$bēlī",
"f": {"lang": "akk-x-neoass",
"form": "EN",
"cf": "bēlu",
"gw": "lord",
"sense": "lord",
"norm": "bēlī",
"pos": "N",
"epos": "N"}
}
,
{
"node": "l",
"frag": "[x]",
"id": "P314170.l07b4a",
"ref": "P314170.9.9",
"inst": "u",
"f": {"lang": "akk-x-neoass",
"form": "x",
"pos": "u"}
}
,
{
"node": "d",
"type": "nonx",
"ref": "P314170.10",
"strict": "0",
"extent": "n",
"scope": "line",
"state": "missing"}
,
{
"node": "d",
"subtype": "reverse",
"type": "surface",
"ref": "P314170.r.11",
"type": "reverse",
"label": "r"}
,
{
"node": "d",
"type": "line-start",
"ref": "P314170.12",
"n": "1",
"label": "r 1"}
,
{
"node": "l",
"frag": "[ša",
"id": "P314170.l07b4b",
"ref": "P314170.12.1",
"inst": "ša[who]REL",
"sig": "@saao/saa10%akk-x-neoass:ša=ša[that//who]REL'REL$ša",
"f": {"lang": "akk-x-neoass",
"form": "ša",
"cf": "ša",
"gw": "that",
"sense": "who",
"norm": "ša",
"pos": "REL",
"epos": "REL"}
}
,
{
"node": "l",
"frag": "LUGAL",
"id": "P314170.l07b4c",
"ref": "P314170.12.2",
"inst": "šarru[king]N",
"sig": "@saao/saa10%akk-x-neoass:LUGAL=šarru[king//king]N'N$šarru",
"f": {"lang": "akk-x-neoass",
"form": "LUGAL",
"cf": "šarru",
"gw": "king",
"sense": "king",
"norm": "šarru",
"pos": "N",
"epos": "N"}
}
,
{
"node": "l",
"frag": "be]-⸢li₂⸣",
"id": "P314170.l07b4d",
"ref": "P314170.12.3",
"inst": "bēlī[lord]N",
"sig": "@saao/saa10%akk-x-neoass:be-li₂=bēlu[lord//lord]N'N$bēlī",
"f": {"lang": "akk-x-neoass",
"form": "be-li₂",
"cf": "bēlu",
"gw": "lord",
"sense": "lord",
"norm": "bēlī",
"pos": "N",
"epos": "N"}
}
,
{
"node": "l",
"frag": "iq-bu-u-ni",
"id": "P314170.l07b4e",
"ref": "P314170.12.4",
"inst": "iqbûni[say]V",
"sig": "@saao/saa10%akk-x-neoass:iq-bu-u-ni=qabû[say//say]V'V$iqbûni",
"f": {"lang": "akk-x-neoass",
"form": "iq-bu-u-ni",
"cf": "qabû",
"gw": "say",
"sense": "say",
"norm": "iqbûni",
"pos": "V",
"epos": "V"}
}
,
{
"node": "d",
"type": "line-start",
"ref": "P314170.13",
"n": "2",
"label": "r 2"}
,
{
"node": "l",
"frag": "[x",
"id": "P314170.l07b4f",
"ref": "P314170.13.1",
"inst": "u",
"f": {"lang": "akk-x-neoass",
"form": "x",
"pos": "u"}
}
,
{
"node": "l",
"frag": "x",
"id": "P314170.l07b50",
"ref": "P314170.13.2",
"inst": "u",
"f": {"lang": "akk-x-neoass",
"form": "x",
"pos": "u"}
}
,
{
"node": "l",
"frag": "x]",
"id": "P314170.l07b51",
"ref": "P314170.13.3",
"inst": "u",
"f": {"lang": "akk-x-neoass",
"form": "x",
"pos": "u"}
}
,
{
"node": "l",
"frag": "la-a",
"id": "P314170.l07b52",
"ref": "P314170.13.4",
"inst": "lā[not]MOD",
"sig": "@saao/saa10%akk-x-neoass:la-a=lā[not//not]MOD'MOD$lā",
"f": {"lang": "akk-x-neoass",
"form": "la-a",
"cf": "lā",
"gw": "not",
"sense": "not",
"norm": "lā",
"pos": "MOD",
"epos": "MOD"}
}
,
{
"node": "l",
"frag": "ni-da-li-pu-u-ni",
"id": "P314170.l07b53",
"ref": "P314170.13.5",
"inst": "+dalāpu[stir up//stay awake]V'V$nidallipūni",
"sig": "@saao/saa10%akk-x-neoass:ni-da-li-pu-u-ni=dalāpu[stir up//stay awake]V'V$nidallipūni",
"f": {"lang": "akk-x-neoass",
"form": "ni-da-li-pu-u-ni",
"cf": "dalāpu",
"gw": "stir up",
"sense": "stay awake",
"norm": "nidallipūni",
"pos": "V",
"epos": "V"}
}
,
{
"node": "d",
"type": "line-start",
"ref": "P314170.14",
"n": "3",
"label": "r 3"}
,
{
"node": "l",
"frag": "[la",
"id": "P314170.l07b54",
"ref": "P314170.14.1",
"inst": "lā[not]MOD",
"sig": "@saao/saa10%akk-x-neoass:la=lā[not//not]MOD'MOD$lā",
"f": {"lang": "akk-x-neoass",
"form": "la",
"cf": "lā",
"gw": "not",
"sense": "not",
"norm": "lā",
"pos": "MOD",
"epos": "MOD"}
}
,
{
"node": "l",
"frag": "ne₂-pa]-aš₂-u-ni",
"id": "P314170.l07b55",
"ref": "P314170.14.2",
"inst": "neppašūni[perform]V",
"sig": "@saao/saa10%akk-x-neoass:ne₂-pa-aš₂-u-ni=epēšu[do//perform]V'V$neppašūni",
"f": {"lang": "akk-x-neoass",
"form": "ne₂-pa-aš₂-u-ni",
"cf": "epēšu",
"gw": "do",
"sense": "perform",
"norm": "neppašūni",
"pos": "V",
"epos": "V"}
}
,
{
"node": "l",
"frag": "DINGIR-MEŠ-ni",
"id": "P314170.l07b56",
"ref": "P314170.14.3",
"inst": "ilāni[god]N",
"sig": "@saao/saa10%akk-x-neoass:DINGIR-MEŠ-ni=ilu[god//god]N'N$ilāni",
"f": {"lang": "akk-x-neoass",
"form": "DINGIR-MEŠ-ni",
"cf": "ilu",
"gw": "god",
"sense": "god",
"norm": "ilāni",
"pos": "N",
"epos": "N"}
}
,
{
"node": "d",
"type": "line-start",
"ref": "P314170.15",
"n": "4",
"label": "r 4"}
,
{
"node": "l",
"frag": "[x",
"id": "P314170.l07b57",
"ref": "P314170.15.1",
"inst": "u",
"f": {"lang": "akk-x-neoass",
"form": "x",
"pos": "u"}
}
,
{
"node": "l",
"frag": "x",
"id": "P314170.l07b58",
"ref": "P314170.15.2",
"inst": "u",
"f": {"lang": "akk-x-neoass",
"form": "x",
"pos": "u"}
}
,
{
"node": "l",
"frag": "x]",
"id": "P314170.l07b59",
"ref": "P314170.15.3",
"inst": "u",
"f": {"lang": "akk-x-neoass",
"form": "x",
"pos": "u"}
}
,
{
"node": "l",
"frag": "ina",
"id": "P314170.l07b5a",
"ref": "P314170.15.4",
"inst": "ina[in]PRP",
"sig": "@saao/saa10%akk-x-neoass:ina=ina[in//in]PRP'PRP$ina",
"f": {"lang": "akk-x-neoass",
"form": "ina",
"cf": "ina",
"gw": "in",
"sense": "in",
"norm": "ina",
"pos": "PRP",
"epos": "PRP"}
}
,
{
"node": "l",
"frag": "qa-ti-ni",
"id": "P314170.l07b5b",
"ref": "P314170.15.5",
"inst": "qātīni[hand]N",
"sig": "@saao/saa10%akk-x-neoass:qa-ti-ni=qātu[hand//hand]N'N$qātīni",
"f": {"lang": "akk-x-neoass",
"form": "qa-ti-ni",
"cf": "qātu",
"gw": "hand",
"sense": "hand",
"norm": "qātīni",
"pos": "N",
"epos": "N"}
}
,
{
"node": "l",
"frag": "la",
"id": "P314170.l07b5c",
"ref": "P314170.15.6",
"inst": "lā[not]MOD",
"sig": "@saao/saa10%akk-x-neoass:la=lā[not//not]MOD'MOD$lā",
"f": {"lang": "akk-x-neoass",
"form": "la",
"cf": "lā",
"gw": "not",
"sense": "not",
"norm": "lā",
"pos": "MOD",
"epos": "MOD"}
}
,
{
"node": "l",
"frag": "u₂-ba-u",
"id": "P314170.l07b5d",
"ref": "P314170.15.7",
"inst": "ubaʾʾu[look for]V",
"sig": "@saao/saa10%akk-x-neoass:u₂-ba-u=buʾʾû[look for//look for]V'V$ubaʾʾu",
"f": {"lang": "akk-x-neoass",
"form": "u₂-ba-u",
"cf": "buʾʾû",
"gw": "look for",
"sense": "look for",
"norm": "ubaʾʾu",
"pos": "V",
"epos": "V"}
}
,
{
"node": "d",
"type": "line-start",
"ref": "P314170.16",
"n": "5",
"label": "r 5"}
,
{
"node": "l",
"frag": "[x",
"id": "P314170.l07b5e",
"ref": "P314170.16.1",
"inst": "u",
"f": {"lang": "akk-x-neoass",
"form": "x",
"pos": "u"}
}
,
{
"node": "l",
"frag": "x",
"id": "P314170.l07b5f",
"ref": "P314170.16.2",
"inst": "u",
"f": {"lang": "akk-x-neoass",
"form": "x",
"pos": "u"}
}
,
{
"node": "l",
"frag": "x",
"id": "P314170.l07b60",
"ref": "P314170.16.3",
"inst": "u",
"f": {"lang": "akk-x-neoass",
"form": "x",
"pos": "u"}
}
,
{
"node": "l",
"frag": "x",
"id": "P314170.l07b61",
"ref": "P314170.16.4",
"inst": "u",
"f": {"lang": "akk-x-neoass",
"form": "x",
"pos": "u"}
}
,
{
"node": "l",
"frag": "x",
"id": "P314170.l07b62",
"ref": "P314170.16.5",
"inst": "u",
"f": {"lang": "akk-x-neoass",
"form": "x",
"pos": "u"}
}
,
{
"node": "l",
"frag": "x]-⸢a⸣-ti",
"id": "P314170.l07b63",
"ref": "P314170.16.6",
"inst": "u",
"f": {"lang": "akk-x-neoass",
"form": "x-a-ti",
"pos": "u"}
}
,
{
"node": "d",
"type": "line-start",
"ref": "P314170.17",
"n": "6",
"label": "r 6"}
,
{
"node": "l",
"frag": "[x",
"id": "P314170.l07b64",
"ref": "P314170.17.1",
"inst": "u",
"f": {"lang": "akk-x-neoass",
"form": "x",
"pos": "u"}
}
,
{
"node": "l",
"frag": "x",
"id": "P314170.l07b65",
"ref": "P314170.17.2",
"inst": "u",
"f": {"lang": "akk-x-neoass",
"form": "x",
"pos": "u"}
}
,
{
"node": "l",
"frag": "x",
"id": "P314170.l07b66",
"ref": "P314170.17.3",
"inst": "u",
"f": {"lang": "akk-x-neoass",
"form": "x",
"pos": "u"}
}
,
{
"node": "l",
"frag": "x",
"id": "P314170.l07b67",
"ref": "P314170.17.4",
"inst": "u",
"f": {"lang": "akk-x-neoass",
"form": "x",
"pos": "u"}
}
,
{
"node": "l",
"frag": "x",
"id": "P314170.l07b68",
"ref": "P314170.17.5",
"inst": "u",
"f": {"lang": "akk-x-neoass",
"form": "x",
"pos": "u"}
}
,
{
"node": "l",
"frag": "x]",
"id": "P314170.l07b69",
"ref": "P314170.17.6",
"inst": "u",
"f": {"lang": "akk-x-neoass",
"form": "x",
"pos": "u"}
}
,
{
"node": "l",
"frag": "⸢bu-ub⸣",
"id": "P314170.l07b6a",
"ref": "P314170.17.7",
"inst": "u",
"f": {"lang": "akk-x-neoass",
"form": "bu-ub",
"pos": "u"}
}
,
{
"node": "d",
"type": "nonx",
"ref": "P314170.18",
"strict": "0",
"extent": "rest",
"state": "missing"}
]}
]}
]}
]}
