{
"type": "cdl",
  "source": "http://oracc.org/saao/saa10",
  "license": "This data is released under the CC0 license",
  "license-url": "https://creativecommons.org/publicdomain/zero/1.0/",
  "more-info": "http://oracc.org/doc/opendata/",
  "UTC-timestamp": "2017-05-19T11:42:32",
"project": "saao/saa10",
"textid": "P333990",
"cdl": [
{
"node": "c",
"type": "text",
"id": "P333990.U0",
"cdl": [
{
"node": "d",
"type": "object",
"ref": ""}
,
{
"node": "d",
"subtype": "obverse",
"type": "surface",
"ref": "P333990.o.1",
"type": "obverse",
"label": "o"}
,
{
"node": "c",
"type": "discourse",
"subtype": "body",
"id": "P333990.U1",
"cdl": [
{
"node": "c",
"type": "sentence",
"id": "P333990.U2",
"label": "o 1 - r 9'",
"cdl": [
{
"node": "d",
"type": "line-start",
"ref": "P333990.2",
"n": "1",
"label": "o 1"}
,
{
"node": "l",
"frag": "a-na",
"id": "P333990.l008d7",
"ref": "P333990.2.1",
"inst": "ana[to]PRP",
"sig": "@saao/saa10%akk-x-neoass:a-na=ana[to//to]PRP'PRP$ana",
"f": {"lang": "akk-x-neoass",
"form": "a-na",
"cf": "ana",
"gw": "to",
"sense": "to",
"norm": "ana",
"pos": "PRP",
"epos": "PRP"}
}
,
{
"node": "l",
"frag": "{lu₂}ENGAR",
"id": "P333990.l008d8",
"ref": "P333990.2.2",
"inst": "+ikkaru[farmer]N$ikkāri",
"sig": "@saao/saa10%akk-x-neoass:{LU₂}ENGAR=ikkaru[farmer//farmer]N'N$ikkāri",
"f": {"lang": "akk-x-neoass",
"form": "{LU₂}ENGAR",
"cf": "ikkaru",
"gw": "farmer",
"sense": "farmer",
"norm": "ikkāri",
"pos": "N",
"epos": "N"}
}
,
{
"node": "l",
"frag": "EN-ia",
"id": "P333990.l008d9",
"ref": "P333990.2.3",
"inst": "bēlīya[lord]N",
"sig": "@saao/saa10%akk-x-neoass:EN-ia=bēlu[lord//lord]N'N$bēlīya",
"f": {"lang": "akk-x-neoass",
"form": "EN-ia",
"cf": "bēlu",
"gw": "lord",
"sense": "lord",
"norm": "bēlīya",
"pos": "N",
"epos": "N"}
}
,
{
"node": "d",
"type": "line-start",
"ref": "P333990.3",
"n": "2",
"label": "o 2"}
,
{
"node": "l",
"frag": "ARAD-ka",
"id": "P333990.l008da",
"ref": "P333990.3.1",
"inst": "urdaka[servant]N",
"sig": "@saao/saa10%akk-x-neoass:ARAD-ka=ardu[slave//servant]N'N$urdaka",
"f": {"lang": "akk-x-neoass",
"form": "ARAD-ka",
"cf": "ardu",
"gw": "slave",
"sense": "servant",
"norm": "urdaka",
"pos": "N",
"epos": "N"}
}
,
{
"node": "l",
"frag": "{1}15--MU-KAM-eš",
"id": "P333990.l008db",
"ref": "P333990.3.2",
"inst": "Issar-šumu-ereš[1]PN",
"sig": "@saao/saa10%akk-x-neoass:{1}15-MU-KAM-eš=Issar-šumu-ereš[1//1]PN'PN$Issar-šumu-ereš",
"f": {"lang": "akk-x-neoass",
"form": "{1}15-MU-KAM-eš",
"cf": "Issar-šumu-ereš",
"gw": "1",
"sense": "1",
"norm": "Issar-šumu-ereš",
"pos": "PN",
"epos": "PN"}
}
,
{
"node": "d",
"type": "line-start",
"ref": "P333990.4",
"n": "3",
"label": "o 3"}
,
{
"node": "l",
"frag": "lu",
"id": "P333990.l008dc",
"ref": "P333990.4.1",
"inst": "lū[may]MOD",
"sig": "@saao/saa10%akk-x-neoass:lu=lū[may//may]MOD'MOD$lū",
"f": {"lang": "akk-x-neoass",
"form": "lu",
"cf": "lū",
"gw": "may",
"sense": "may",
"norm": "lū",
"pos": "MOD",
"epos": "MOD"}
}
,
{
"node": "l",
"frag": "šul-mu",
"id": "P333990.l008dd",
"ref": "P333990.4.2",
"inst": "šulmu[health]N",
"sig": "@saao/saa10%akk-x-neoass:šul-mu=šulmu[completeness//health]N'N$šulmu",
"f": {"lang": "akk-x-neoass",
"form": "šul-mu",
"cf": "šulmu",
"gw": "completeness",
"sense": "health",
"norm": "šulmu",
"pos": "N",
"epos": "N"}
}
,
{
"node": "l",
"frag": "a-na",
"id": "P333990.l008de",
"ref": "P333990.4.3",
"inst": "ana[to]PRP",
"sig": "@saao/saa10%akk-x-neoass:a-na=ana[to//to]PRP'PRP$ana",
"f": {"lang": "akk-x-neoass",
"form": "a-na",
"cf": "ana",
"gw": "to",
"sense": "to",
"norm": "ana",
"pos": "PRP",
"epos": "PRP"}
}
,
{
"node": "l",
"frag": "{lu₂}ENGAR",
"id": "P333990.l008df",
"ref": "P333990.4.4",
"inst": "+ikkaru[farmer]N$ikkāri",
"sig": "@saao/saa10%akk-x-neoass:{LU₂}ENGAR=ikkaru[farmer//farmer]N'N$ikkāri",
"f": {"lang": "akk-x-neoass",
"form": "{LU₂}ENGAR",
"cf": "ikkaru",
"gw": "farmer",
"sense": "farmer",
"norm": "ikkāri",
"pos": "N",
"epos": "N"}
}
,
{
"node": "l",
"frag": "EN-ia",
"id": "P333990.l008e0",
"ref": "P333990.4.5",
"inst": "bēlīya[lord]N",
"sig": "@saao/saa10%akk-x-neoass:EN-ia=bēlu[lord//lord]N'N$bēlīya",
"f": {"lang": "akk-x-neoass",
"form": "EN-ia",
"cf": "bēlu",
"gw": "lord",
"sense": "lord",
"norm": "bēlīya",
"pos": "N",
"epos": "N"}
}
,
{
"node": "d",
"type": "line-start",
"ref": "P333990.5",
"n": "4",
"label": "o 4"}
,
{
"node": "l",
"frag": "{d}AG",
"id": "P333990.l008e1",
"ref": "P333990.5.1",
"inst": "Nabu[1]DN",
"sig": "@saao/saa10%akk-x-neoass:{d}AG=Nabu[1//1]DN'DN$Nabu",
"f": {"lang": "akk-x-neoass",
"form": "{d}AG",
"cf": "Nabu",
"gw": "1",
"sense": "1",
"norm": "Nabu",
"pos": "DN",
"epos": "DN"}
}
,
{
"node": "l",
"frag": "u",
"id": "P333990.l008e2",
"ref": "P333990.5.2",
"inst": "u[and]CNJ",
"sig": "@saao/saa10%akk-x-neoass:u=u[and//and]CNJ'CNJ$u",
"f": {"lang": "akk-x-neoass",
"form": "u",
"cf": "u",
"gw": "and",
"sense": "and",
"norm": "u",
"pos": "CNJ",
"epos": "CNJ"}
}
,
{
"node": "l",
"frag": "{d}AMAR.UTU",
"id": "P333990.l008e3",
"ref": "P333990.5.3",
"inst": "Marduk[1]DN",
"sig": "@saao/saa10%akk-x-neoass:{d}AMAR.UTU=Marduk[1//1]DN'DN$Marduk",
"f": {"lang": "akk-x-neoass",
"form": "{d}AMAR.UTU",
"cf": "Marduk",
"gw": "1",
"sense": "1",
"norm": "Marduk",
"pos": "DN",
"epos": "DN"}
}
,
{
"node": "d",
"type": "line-start",
"ref": "P333990.6",
"n": "5",
"label": "o 5"}
,
{
"node": "l",
"frag": "a-na",
"id": "P333990.l008e4",
"ref": "P333990.6.1",
"inst": "ana[to]PRP",
"sig": "@saao/saa10%akk-x-neoass:a-na=ana[to//to]PRP'PRP$ana",
"f": {"lang": "akk-x-neoass",
"form": "a-na",
"cf": "ana",
"gw": "to",
"sense": "to",
"norm": "ana",
"pos": "PRP",
"epos": "PRP"}
}
,
{
"node": "l",
"frag": "{lu₂}ENGAR",
"id": "P333990.l008e5",
"ref": "P333990.6.2",
"inst": "+ikkaru[farmer]N$ikkāri",
"sig": "@saao/saa10%akk-x-neoass:{LU₂}ENGAR=ikkaru[farmer//farmer]N'N$ikkāri",
"f": {"lang": "akk-x-neoass",
"form": "{LU₂}ENGAR",
"cf": "ikkaru",
"gw": "farmer",
"sense": "farmer",
"norm": "ikkāri",
"pos": "N",
"epos": "N"}
}
,
{
"node": "l",
"frag": "EN-ia",
"id": "P333990.l008e6",
"ref": "P333990.6.3",
"inst": "bēlīya[lord]N",
"sig": "@saao/saa10%akk-x-neoass:EN-ia=bēlu[lord//lord]N'N$bēlīya",
"f": {"lang": "akk-x-neoass",
"form": "EN-ia",
"cf": "bēlu",
"gw": "lord",
"sense": "lord",
"norm": "bēlīya",
"pos": "N",
"epos": "N"}
}
,
{
"node": "l",
"frag": "lik-ru-bu",
"id": "P333990.l008e7",
"ref": "P333990.6.4",
"inst": "likrubu[bless]V",
"sig": "@saao/saa10%akk-x-neoass:lik-ru-bu=karābu[pray//bless]V'V$likrubu",
"f": {"lang": "akk-x-neoass",
"form": "lik-ru-bu",
"cf": "karābu",
"gw": "pray",
"sense": "bless",
"norm": "likrubu",
"pos": "V",
"epos": "V"}
}
,
{
"node": "d",
"type": "line-start",
"ref": "P333990.7",
"n": "6",
"label": "o 6"}
,
{
"node": "l",
"frag": "ina",
"id": "P333990.l008e8",
"ref": "P333990.7.1",
"inst": "ina[in]PRP",
"sig": "@saao/saa10%akk-x-neoass:ina=ina[in//in]PRP'PRP$ina",
"f": {"lang": "akk-x-neoass",
"form": "ina",
"cf": "ina",
"gw": "in",
"sense": "in",
"norm": "ina",
"pos": "PRP",
"epos": "PRP"}
}
,
{
"node": "l",
"frag": "UGU",
"id": "P333990.l008e9",
"ref": "P333990.7.2",
"inst": "muhhi[skull]N",
"sig": "@saao/saa10%akk-x-neoass:UGU=muhhu[skull//skull]N'N$muhhi",
"f": {"lang": "akk-x-neoass",
"form": "UGU",
"cf": "muhhu",
"gw": "skull",
"sense": "skull",
"norm": "muhhi",
"pos": "N",
"epos": "N"}
}
,
{
"node": "l",
"frag": "⸢ma⸣-[ṣar]-ti",
"id": "P333990.l008ea",
"ref": "P333990.7.3",
"inst": "+maṣṣartu[observation//watch]N'N$maṣṣarti",
"sig": "@saao/saa10%akk-x-neoass:ma-ṣar-ti=maṣṣartu[observation//watch]N'N$maṣṣarti",
"f": {"lang": "akk-x-neoass",
"form": "ma-ṣar-ti",
"cf": "maṣṣartu",
"gw": "observation",
"sense": "watch",
"norm": "maṣṣarti",
"pos": "N",
"epos": "N"}
}
,
{
"node": "d",
"type": "line-start",
"ref": "P333990.8",
"n": "7",
"label": "o 7"}
,
{
"node": "l",
"frag": "ša",
"id": "P333990.l008eb",
"ref": "P333990.8.1",
"inst": "ša[which]REL",
"sig": "@saao/saa10%akk-x-neoass:ša=ša[that//which]REL'REL$ša",
"f": {"lang": "akk-x-neoass",
"form": "ša",
"cf": "ša",
"gw": "that",
"sense": "which",
"norm": "ša",
"pos": "REL",
"epos": "REL"}
}
,
{
"node": "l",
"frag": "{lu₂}[ENGAR",
"id": "P333990.l008ec",
"ref": "P333990.8.2",
"inst": "ikkāru[farmer]N",
"sig": "@saao/saa10%akk-x-neoass:{LU₂}ENGAR=ikkaru[farmer//farmer]N'N$ikkāru",
"f": {"lang": "akk-x-neoass",
"form": "{LU₂}ENGAR",
"cf": "ikkaru",
"gw": "farmer",
"sense": "farmer",
"norm": "ikkāru",
"pos": "N",
"epos": "N"}
}
,
{
"node": "l",
"frag": "be]-⸢li⸣",
"id": "P333990.l008ed",
"ref": "P333990.8.3",
"inst": "bēlī[lord]N",
"sig": "@saao/saa10%akk-x-neoass:be-li=bēlu[lord//lord]N'N$bēlī",
"f": {"lang": "akk-x-neoass",
"form": "be-li",
"cf": "bēlu",
"gw": "lord",
"sense": "lord",
"norm": "bēlī",
"pos": "N",
"epos": "N"}
}
,
{
"node": "d",
"type": "line-start",
"ref": "P333990.9",
"n": "8",
"label": "o 8"}
,
{
"node": "l",
"frag": "iš-⸢pur⸣-[an-ni]",
"id": "P333990.l008ee",
"ref": "P333990.9.1",
"inst": "išpuranni[write]V",
"sig": "@saao/saa10%akk-x-neoass:iš-pur-an-ni=šapāru[send//write]V'V$išpuranni",
"f": {"lang": "akk-x-neoass",
"form": "iš-pur-an-ni",
"cf": "šapāru",
"gw": "send",
"sense": "write",
"norm": "išpuranni",
"pos": "V",
"epos": "V"}
}
,
{
"node": "d",
"type": "line-start",
"ref": "P333990.10",
"n": "9",
"label": "o 9"}
,
{
"node": "l",
"frag": "⸢ma-a⸣",
"id": "P333990.l008ef",
"ref": "P333990.10.1",
"inst": "mā[saying]PRP",
"sig": "@saao/saa10%akk-x-neoass:ma-a=mā[saying//saying]PRP'PRP$mā",
"f": {"lang": "akk-x-neoass",
"form": "ma-a",
"cf": "mā",
"gw": "saying",
"sense": "saying",
"norm": "mā",
"pos": "PRP",
"epos": "PRP"}
}
,
{
"node": "l",
"frag": "[x",
"id": "P333990.l008f0",
"ref": "P333990.10.2",
"inst": "u",
"f": {"lang": "akk-x-neoass",
"form": "x",
"pos": "u"}
}
,
{
"node": "l",
"frag": "x",
"id": "P333990.l008f1",
"ref": "P333990.10.3",
"inst": "u",
"f": {"lang": "akk-x-neoass",
"form": "x",
"pos": "u"}
}
,
{
"node": "l",
"frag": "x]",
"id": "P333990.l008f2",
"ref": "P333990.10.4",
"inst": "u",
"f": {"lang": "akk-x-neoass",
"form": "x",
"pos": "u"}
}
,
{
"node": "d",
"type": "nonx",
"ref": "P333990.11",
"strict": "0",
"extent": "rest",
"scope": "line",
"state": "missing"}
,
{
"node": "d",
"subtype": "reverse",
"type": "surface",
"ref": "P333990.r.12",
"type": "reverse",
"label": "r"}
,
{
"node": "d",
"type": "nonx",
"ref": "P333990.13",
"strict": "0",
"extent": "beginning",
"state": "missing"}
,
{
"node": "d",
"type": "line-start",
"ref": "P333990.14",
"n": "1'",
"label": "r 1'"}
,
{
"node": "l",
"frag": "ma-a",
"id": "P333990.l008f3",
"ref": "P333990.14.1",
"inst": "mā[saying]PRP",
"sig": "@saao/saa10%akk-x-neoass:ma-a=mā[saying//saying]PRP'PRP$mā",
"f": {"lang": "akk-x-neoass",
"form": "ma-a",
"cf": "mā",
"gw": "saying",
"sense": "saying",
"norm": "mā",
"pos": "PRP",
"epos": "PRP"}
}
,
{
"node": "l",
"frag": "šum-ma",
"id": "P333990.l008f4",
"ref": "P333990.14.2",
"inst": "šumma[if]MOD",
"sig": "@saao/saa10%akk-x-neoass:šum-ma=šumma[if//if]MOD'MOD$šumma",
"f": {"lang": "akk-x-neoass",
"form": "šum-ma",
"cf": "šumma",
"gw": "if",
"sense": "if",
"norm": "šumma",
"pos": "MOD",
"epos": "MOD"}
}
,
{
"node": "l",
"frag": "i-⸢ša₂⸣-[kan]",
"id": "P333990.l008f5",
"ref": "P333990.14.3",
"inst": "išakkan[place]V",
"sig": "@saao/saa10%akk-x-neoass:i-ša₂-kan=šakānu[put//place]V'V$išakkan",
"f": {"lang": "akk-x-neoass",
"form": "i-ša₂-kan",
"cf": "šakānu",
"gw": "put",
"sense": "place",
"norm": "išakkan",
"pos": "V",
"epos": "V"}
}
,
{
"node": "d",
"type": "line-start",
"ref": "P333990.15",
"n": "2'",
"label": "r 2'"}
,
{
"node": "l",
"frag": "mi-i-nu",
"id": "P333990.l008f6",
"ref": "P333990.15.1",
"inst": "mīnu[what?]QP",
"sig": "@saao/saa10%akk-x-neoass:mi-i-nu=mīnu[what?//what?]QP'QP$mīnu",
"f": {"lang": "akk-x-neoass",
"form": "mi-i-nu",
"cf": "mīnu",
"gw": "what?",
"sense": "what?",
"norm": "mīnu",
"pos": "QP",
"epos": "QP"}
}
,
{
"node": "l",
"frag": "a-bat-su",
"id": "P333990.l008f7",
"ref": "P333990.15.2",
"inst": "+awātu[word]N$abassu",
"sig": "@saao/saa10%akk-x-neoass:a-bat-su=awātu[word//word]N'N$abassu",
"f": {"lang": "akk-x-neoass",
"form": "a-bat-su",
"cf": "awātu",
"gw": "word",
"sense": "word",
"norm": "abassu",
"pos": "N",
"epos": "N"}
}
,
{
"node": "d",
"type": "line-start",
"ref": "P333990.16",
"n": "3'",
"label": "r 3'"}
,
{
"node": "l",
"frag": "UD",
"id": "P333990.l008f8",
"ref": "P333990.16.1",
"inst": "ūm[day]N",
"sig": "@saao/saa10%akk-x-neoass:UD=ūmu[day//day]N'N$ūm",
"f": {"lang": "akk-x-neoass",
"form": "UD",
"cf": "ūmu",
"gw": "day",
"sense": "day",
"norm": "ūm",
"pos": "N",
"epos": "N"}
}
,
{
"node": "l",
"frag": "14-KAM",
"id": "P333990.l008f9",
"ref": "P333990.16.2",
"inst": "n",
"f": {"lang": "akk-x-neoass",
"form": "14-KAM",
"pos": "n"}
}
,
{
"node": "l",
"frag": "{kur}NIM.MA{ki}",
"id": "P333990.l008fa",
"ref": "P333990.16.3",
"inst": "Elamti[Elam]GN",
"sig": "@saao/saa10%akk-x-neoass:{KUR}NIM.MA{KI}=Elamtu[Elam//Elam]GN'GN$Elamti",
"f": {"lang": "akk-x-neoass",
"form": "{KUR}NIM.MA{KI}",
"cf": "Elamtu",
"gw": "Elam",
"sense": "Elam",
"norm": "Elamti",
"pos": "GN",
"epos": "GN"}
}
,
{
"node": "d",
"type": "line-start",
"ref": "P333990.17",
"n": "4'",
"label": "r 4'"}
,
{
"node": "l",
"frag": "{iti}SIG₄",
"id": "P333990.l008fb",
"ref": "P333990.17.1",
"inst": "+Simanu[Sivan]MN$",
"sig": "@saao/saa10%akk-x-neoass:{ITI}SIG₄=Simanu[Sivan//Sivan]MN'MN$Simanu",
"f": {"lang": "akk-x-neoass",
"form": "{ITI}SIG₄",
"cf": "Simanu",
"gw": "Sivan",
"sense": "Sivan",
"norm": "Simanu",
"pos": "MN",
"epos": "MN"}
}
,
{
"node": "l",
"frag": "KUR-MAR.TU{ki}",
"id": "P333990.l008fc",
"ref": "P333990.17.2",
"inst": "+Mat-Amurri[Westland]GN$",
"sig": "@saao/saa10%akk-x-neoass:KUR-MAR.TU{KI}=Mat-Amurri[Westland//Westland]GN'GN$Mat-Amurri",
"f": {"lang": "akk-x-neoass",
"form": "KUR-MAR.TU{KI}",
"cf": "Mat-Amurri",
"gw": "Westland",
"sense": "Westland",
"norm": "Mat-Amurri",
"pos": "GN",
"epos": "GN"}
}
,
{
"node": "d",
"type": "line-start",
"ref": "P333990.18",
"n": "5'",
"label": "r 5'"}
,
{
"node": "l",
"frag": "EŠ.BAR-šu₂",
"id": "P333990.l008fd",
"ref": "P333990.18.1",
"inst": "+purussû[decision]N$purussûšu",
"sig": "@saao/saa10%akk-x-neoass:EŠ.BAR-šu₂=purussû[decision//decision]N'N$purussûšu",
"f": {"lang": "akk-x-neoass",
"form": "EŠ.BAR-šu₂",
"cf": "purussû",
"gw": "decision",
"sense": "decision",
"norm": "purussûšu",
"pos": "N",
"epos": "N"}
}
,
{
"node": "l",
"frag": "a-na",
"id": "P333990.l008fe",
"ref": "P333990.18.2",
"inst": "ana[to]PRP",
"sig": "@saao/saa10%akk-x-neoass:a-na=ana[to//to]PRP'PRP$ana",
"f": {"lang": "akk-x-neoass",
"form": "a-na",
"cf": "ana",
"gw": "to",
"sense": "to",
"norm": "ana",
"pos": "PRP",
"epos": "PRP"}
}
,
{
"node": "l",
"frag": "ŠEŠ.UNUG{ki}",
"id": "P333990.l008ff",
"ref": "P333990.18.3",
"inst": "Uri[Ur]GN",
"sig": "@saao/saa10%akk-x-neoass:ŠEŠ.UNUG{KI}=Uru[Ur//Ur]GN'GN$Uri",
"f": {"lang": "akk-x-neoass",
"form": "ŠEŠ.UNUG{KI}",
"cf": "Uru",
"gw": "Ur",
"sense": "Ur",
"norm": "Uri",
"pos": "GN",
"epos": "GN"}
}
,
{
"node": "d",
"type": "line-start",
"ref": "P333990.19",
"n": "6'",
"label": "r 6'"}
,
{
"node": "l",
"frag": "u₃",
"id": "P333990.l00900",
"ref": "P333990.19.1",
"inst": "u[and]CNJ",
"sig": "@saao/saa10%akk-x-neoass:u₃=u[and//and]CNJ'CNJ$u",
"f": {"lang": "akk-x-neoass",
"form": "u₃",
"cf": "u",
"gw": "and",
"sense": "and",
"norm": "u",
"pos": "CNJ",
"epos": "CNJ"}
}
,
{
"node": "l",
"frag": "šum-ma",
"id": "P333990.l00901",
"ref": "P333990.19.2",
"inst": "šumma[if]MOD",
"sig": "@saao/saa10%akk-x-neoass:šum-ma=šumma[if//if]MOD'MOD$šumma",
"f": {"lang": "akk-x-neoass",
"form": "šum-ma",
"cf": "šumma",
"gw": "if",
"sense": "if",
"norm": "šumma",
"pos": "MOD",
"epos": "MOD"}
}
,
{
"node": "l",
"frag": "is-sa-kan",
"id": "P333990.l00902",
"ref": "P333990.19.3",
"inst": "issakan[place]V",
"sig": "@saao/saa10%akk-x-neoass:is-sa-kan=šakānu[put//place]V'V$issakan",
"f": {"lang": "akk-x-neoass",
"form": "is-sa-kan",
"cf": "šakānu",
"gw": "put",
"sense": "place",
"norm": "issakan",
"pos": "V",
"epos": "V"}
}
,
{
"node": "d",
"type": "line-start",
"ref": "P333990.20",
"n": "7'",
"label": "r 7'"}
,
{
"node": "l",
"frag": "kaq-qu-ru",
"id": "P333990.l00903",
"ref": "P333990.20.1",
"inst": "+qaqqaru[ground//region]N'N$kaqquru",
"sig": "@saao/saa10%akk-x-neoass:kaq-qu-ru=qaqqaru[ground//region]N'N$kaqquru",
"f": {"lang": "akk-x-neoass",
"form": "kaq-qu-ru",
"cf": "qaqqaru",
"gw": "ground",
"sense": "region",
"norm": "kaqquru",
"pos": "N",
"epos": "N"}
}
,
{
"node": "l",
"frag": "E₂",
"id": "P333990.l00904",
"ref": "P333990.20.2",
"inst": "+bīt[where]SBJ$bēt",
"sig": "@saao/saa10%akk-x-neoass:E₂=bīt[where//where]SBJ'SBJ$bēt",
"f": {"lang": "akk-x-neoass",
"form": "E₂",
"cf": "bīt",
"gw": "where",
"sense": "where",
"norm": "bēt",
"pos": "SBJ",
"epos": "SBJ"}
}
,
{
"node": "l",
"frag": "u₂-la-pat-an-ni",
"id": "P333990.l00905",
"ref": "P333990.20.3",
"inst": "+lapātu[touch//afflict]V'V$ulappatanni",
"sig": "@saao/saa10%akk-x-neoass:u₂-la-pat-an-ni=lapātu[touch//afflict]V'V$ulappatanni",
"f": {"lang": "akk-x-neoass",
"form": "u₂-la-pat-an-ni",
"cf": "lapātu",
"gw": "touch",
"sense": "afflict",
"norm": "ulappatanni",
"pos": "V",
"epos": "V"}
}
,
{
"node": "d",
"type": "line-start",
"ref": "P333990.21",
"n": "8'",
"label": "r 8'"}
,
{
"node": "l",
"frag": "u₃",
"id": "P333990.l00906",
"ref": "P333990.21.1",
"inst": "u[and]CNJ",
"sig": "@saao/saa10%akk-x-neoass:u₃=u[and//and]CNJ'CNJ$u",
"f": {"lang": "akk-x-neoass",
"form": "u₃",
"cf": "u",
"gw": "and",
"sense": "and",
"norm": "u",
"pos": "CNJ",
"epos": "CNJ"}
}
,
{
"node": "l",
"frag": "ša₂-a-ri",
"id": "P333990.l00907",
"ref": "P333990.21.2",
"inst": "+šāru[wind]N$šāri",
"sig": "@saao/saa10%akk-x-neoass:ša₂-a-ri=šāru[wind//wind]N'N$šāri",
"f": {"lang": "akk-x-neoass",
"form": "ša₂-a-ri",
"cf": "šāru",
"gw": "wind",
"sense": "wind",
"norm": "šāri",
"pos": "N",
"epos": "N"}
}
,
{
"node": "l",
"frag": "a-li-ku",
"id": "P333990.l00908",
"ref": "P333990.21.3",
"inst": "+āliku[going//blowing]AJ'AJ$",
"sig": "@saao/saa10%akk-x-neoass:a-li-ku=āliku[going//blowing]AJ'AJ$āliku",
"f": {"lang": "akk-x-neoass",
"form": "a-li-ku",
"cf": "āliku",
"gw": "going",
"sense": "blowing",
"norm": "āliku",
"pos": "AJ",
"epos": "AJ"}
}
,
{
"node": "d",
"type": "line-start",
"ref": "P333990.22",
"n": "9'",
"label": "r 9'"}
,
{
"node": "l",
"frag": "is-se-niš",
"id": "P333990.l00909",
"ref": "P333990.22.1",
"inst": "issēniš[also]AV",
"sig": "@saao/saa10%akk-x-neoass:is-se-niš=ištēniš[together//also]AV'AV$issēniš",
"f": {"lang": "akk-x-neoass",
"form": "is-se-niš",
"cf": "ištēniš",
"gw": "together",
"sense": "also",
"norm": "issēniš",
"pos": "AV",
"epos": "AV"}
}
,
{
"node": "l",
"frag": "i-na-sa-ha",
"id": "P333990.l0090a",
"ref": "P333990.22.2",
"inst": "inassāha[extract]V",
"sig": "@saao/saa10%akk-x-neoass:i-na-sa-ha=nasāhu[tear out//extract]V'V$inassāha",
"f": {"lang": "akk-x-neoass",
"form": "i-na-sa-ha",
"cf": "nasāhu",
"gw": "tear out",
"sense": "extract",
"norm": "inassāha",
"pos": "V",
"epos": "V"}
}
]}
]}
]}
]}
