{
"type": "cdl",
  "source": "http://oracc.org/saao/saa10",
  "license": "This data is released under the CC0 license",
  "license-url": "https://creativecommons.org/publicdomain/zero/1.0/",
  "more-info": "http://oracc.org/doc/opendata/",
  "UTC-timestamp": "2017-05-19T11:42:29",
"project": "saao/saa10",
"textid": "P333970",
"cdl": [
{
"node": "c",
"type": "text",
"id": "P333970.U0",
"cdl": [
{
"node": "d",
"type": "object",
"ref": ""}
,
{
"node": "d",
"subtype": "obverse",
"type": "surface",
"ref": "P333970.o.1",
"type": "obverse",
"label": "o"}
,
{
"node": "c",
"type": "discourse",
"subtype": "body",
"id": "P333970.U1",
"cdl": [
{
"node": "c",
"type": "sentence",
"id": "P333970.U2",
"label": "o 1 - r 17",
"cdl": [
{
"node": "d",
"type": "line-start",
"ref": "P333970.2",
"n": "1",
"label": "o 1"}
,
{
"node": "l",
"frag": "a-na",
"id": "P333970.l06533",
"ref": "P333970.2.1",
"inst": "ana[to]PRP",
"sig": "@saao/saa10%akk-x-neoass:a-na=ana[to//to]PRP'PRP$ana",
"f": {"lang": "akk-x-neoass",
"form": "a-na",
"cf": "ana",
"gw": "to",
"sense": "to",
"norm": "ana",
"pos": "PRP",
"epos": "PRP"}
}
,
{
"node": "l",
"frag": "LUGAL",
"id": "P333970.l06534",
"ref": "P333970.2.2",
"inst": "šarri[king]N",
"sig": "@saao/saa10%akk-x-neoass:LUGAL=šarru[king//king]N'N$šarri",
"f": {"lang": "akk-x-neoass",
"form": "LUGAL",
"cf": "šarru",
"gw": "king",
"sense": "king",
"norm": "šarri",
"pos": "N",
"epos": "N"}
}
,
{
"node": "l",
"frag": "be-li₂-ia",
"id": "P333970.l06535",
"ref": "P333970.2.3",
"inst": "bēlīya[lord]N",
"sig": "@saao/saa10%akk-x-neoass:be-li₂-ia=bēlu[lord//lord]N'N$bēlīya",
"f": {"lang": "akk-x-neoass",
"form": "be-li₂-ia",
"cf": "bēlu",
"gw": "lord",
"sense": "lord",
"norm": "bēlīya",
"pos": "N",
"epos": "N"}
}
,
{
"node": "d",
"type": "line-start",
"ref": "P333970.3",
"n": "2",
"label": "o 2"}
,
{
"node": "l",
"frag": "ARAD-ka",
"id": "P333970.l06536",
"ref": "P333970.3.1",
"inst": "urdaka[servant]N",
"sig": "@saao/saa10%akk-x-neoass:ARAD-ka=ardu[slave//servant]N'N$urdaka",
"f": {"lang": "akk-x-neoass",
"form": "ARAD-ka",
"cf": "ardu",
"gw": "slave",
"sense": "servant",
"norm": "urdaka",
"pos": "N",
"epos": "N"}
}
,
{
"node": "l",
"frag": "{1}{d}AMAR.UTU-GAR-MU",
"id": "P333970.l06537",
"ref": "P333970.3.2",
"inst": "Marduk-šakin-šumi[1]PN",
"sig": "@saao/saa10%akk-x-neoass:{1}{d}AMAR.UTU-GAR-MU=Marduk-šakin-šumi[1//1]PN'PN$Marduk-šakin-šumi",
"f": {"lang": "akk-x-neoass",
"form": "{1}{d}AMAR.UTU-GAR-MU",
"cf": "Marduk-šakin-šumi",
"gw": "1",
"sense": "1",
"norm": "Marduk-šakin-šumi",
"pos": "PN",
"epos": "PN"}
}
,
{
"node": "d",
"type": "line-start",
"ref": "P333970.4",
"n": "3",
"label": "o 3"}
,
{
"node": "l",
"frag": "lu-u",
"id": "P333970.l06538",
"ref": "P333970.4.1",
"inst": "lū[may]MOD",
"sig": "@saao/saa10%akk-x-neoass:lu-u=lū[may//may]MOD'MOD$lū",
"f": {"lang": "akk-x-neoass",
"form": "lu-u",
"cf": "lū",
"gw": "may",
"sense": "may",
"norm": "lū",
"pos": "MOD",
"epos": "MOD"}
}
,
{
"node": "l",
"frag": "DI-mu",
"id": "P333970.l06539",
"ref": "P333970.4.2",
"inst": "šulmu[health]N",
"sig": "@saao/saa10%akk-x-neoass:DI-mu=šulmu[completeness//health]N'N$šulmu",
"f": {"lang": "akk-x-neoass",
"form": "DI-mu",
"cf": "šulmu",
"gw": "completeness",
"sense": "health",
"norm": "šulmu",
"pos": "N",
"epos": "N"}
}
,
{
"node": "l",
"frag": "a-na",
"id": "P333970.l0653a",
"ref": "P333970.4.3",
"inst": "ana[to]PRP",
"sig": "@saao/saa10%akk-x-neoass:a-na=ana[to//to]PRP'PRP$ana",
"f": {"lang": "akk-x-neoass",
"form": "a-na",
"cf": "ana",
"gw": "to",
"sense": "to",
"norm": "ana",
"pos": "PRP",
"epos": "PRP"}
}
,
{
"node": "l",
"frag": "LUGAL",
"id": "P333970.l0653b",
"ref": "P333970.4.4",
"inst": "šarri[king]N",
"sig": "@saao/saa10%akk-x-neoass:LUGAL=šarru[king//king]N'N$šarri",
"f": {"lang": "akk-x-neoass",
"form": "LUGAL",
"cf": "šarru",
"gw": "king",
"sense": "king",
"norm": "šarri",
"pos": "N",
"epos": "N"}
}
,
{
"node": "l",
"frag": "EN-ia",
"id": "P333970.l0653c",
"ref": "P333970.4.5",
"inst": "bēlīya[lord]N",
"sig": "@saao/saa10%akk-x-neoass:EN-ia=bēlu[lord//lord]N'N$bēlīya",
"f": {"lang": "akk-x-neoass",
"form": "EN-ia",
"cf": "bēlu",
"gw": "lord",
"sense": "lord",
"norm": "bēlīya",
"pos": "N",
"epos": "N"}
}
,
{
"node": "d",
"type": "line-start",
"ref": "P333970.5",
"n": "4",
"label": "o 4"}
,
{
"node": "l",
"frag": "{d}PA",
"id": "P333970.l0653d",
"ref": "P333970.5.1",
"inst": "Nabu[1]DN",
"sig": "@saao/saa10%akk-x-neoass:{d}PA=Nabu[1//1]DN'DN$Nabu",
"f": {"lang": "akk-x-neoass",
"form": "{d}PA",
"cf": "Nabu",
"gw": "1",
"sense": "1",
"norm": "Nabu",
"pos": "DN",
"epos": "DN"}
}
,
{
"node": "l",
"frag": "u",
"id": "P333970.l0653e",
"ref": "P333970.5.2",
"inst": "u[and]CNJ",
"sig": "@saao/saa10%akk-x-neoass:u=u[and//and]CNJ'CNJ$u",
"f": {"lang": "akk-x-neoass",
"form": "u",
"cf": "u",
"gw": "and",
"sense": "and",
"norm": "u",
"pos": "CNJ",
"epos": "CNJ"}
}
,
{
"node": "l",
"frag": "{d}AMAR.UTU",
"id": "P333970.l0653f",
"ref": "P333970.5.3",
"inst": "Marduk[1]DN",
"sig": "@saao/saa10%akk-x-neoass:{d}AMAR.UTU=Marduk[1//1]DN'DN$Marduk",
"f": {"lang": "akk-x-neoass",
"form": "{d}AMAR.UTU",
"cf": "Marduk",
"gw": "1",
"sense": "1",
"norm": "Marduk",
"pos": "DN",
"epos": "DN"}
}
,
{
"node": "l",
"frag": "a-na",
"id": "P333970.l06540",
"ref": "P333970.5.4",
"inst": "ana[to]PRP",
"sig": "@saao/saa10%akk-x-neoass:a-na=ana[to//to]PRP'PRP$ana",
"f": {"lang": "akk-x-neoass",
"form": "a-na",
"cf": "ana",
"gw": "to",
"sense": "to",
"norm": "ana",
"pos": "PRP",
"epos": "PRP"}
}
,
{
"node": "l",
"frag": "LUGAL",
"id": "P333970.l06541",
"ref": "P333970.5.5",
"inst": "šarri[king]N",
"sig": "@saao/saa10%akk-x-neoass:LUGAL=šarru[king//king]N'N$šarri",
"f": {"lang": "akk-x-neoass",
"form": "LUGAL",
"cf": "šarru",
"gw": "king",
"sense": "king",
"norm": "šarri",
"pos": "N",
"epos": "N"}
}
,
{
"node": "l",
"frag": "EN-ia₂",
"id": "P333970.l06542",
"ref": "P333970.5.6",
"inst": "bēlīya[lord]N",
"sig": "@saao/saa10%akk-x-neoass:EN-ia₂=bēlu[lord//lord]N'N$bēlīya",
"f": {"lang": "akk-x-neoass",
"form": "EN-ia₂",
"cf": "bēlu",
"gw": "lord",
"sense": "lord",
"norm": "bēlīya",
"pos": "N",
"epos": "N"}
}
,
{
"node": "d",
"type": "line-start",
"ref": "P333970.6",
"n": "5",
"label": "o 5"}
,
{
"node": "l",
"frag": "lik-ru-bu",
"id": "P333970.l06543",
"ref": "P333970.6.1",
"inst": "likrubu[bless]V",
"sig": "@saao/saa10%akk-x-neoass:lik-ru-bu=karābu[pray//bless]V'V$likrubu",
"f": {"lang": "akk-x-neoass",
"form": "lik-ru-bu",
"cf": "karābu",
"gw": "pray",
"sense": "bless",
"norm": "likrubu",
"pos": "V",
"epos": "V"}
}
,
{
"node": "l",
"frag": "ina",
"id": "P333970.l06544",
"ref": "P333970.6.2",
"inst": "ina[in]PRP",
"sig": "@saao/saa10%akk-x-neoass:ina=ina[in//from]PRP'PRP$ina",
"f": {"lang": "akk-x-neoass",
"form": "ina",
"cf": "ina",
"gw": "in",
"sense": "from",
"norm": "ina",
"pos": "PRP",
"epos": "PRP"}
}
,
{
"node": "l",
"frag": "UGU",
"id": "P333970.l06545",
"ref": "P333970.6.3",
"inst": "muhhi[skull]N",
"sig": "@saao/saa10%akk-x-neoass:UGU=muhhu[skull//skull]N'N$muhhi",
"f": {"lang": "akk-x-neoass",
"form": "UGU",
"cf": "muhhu",
"gw": "skull",
"sense": "skull",
"norm": "muhhi",
"pos": "N",
"epos": "N"}
}
,
{
"node": "l",
"frag": "dul-li",
"id": "P333970.l06546",
"ref": "P333970.6.4",
"inst": "dulli[ritual]N",
"sig": "@saao/saa10%akk-x-neoass:dul-li=dullu[trouble//ritual]N'N$dulli",
"f": {"lang": "akk-x-neoass",
"form": "dul-li",
"cf": "dullu",
"gw": "trouble",
"sense": "ritual",
"norm": "dulli",
"pos": "N",
"epos": "N"}
}
,
{
"node": "l",
"frag": "ša",
"id": "P333970.l06547",
"ref": "P333970.6.5",
"inst": "ša[which]REL",
"sig": "@saao/saa10%akk-x-neoass:ša=ša[that//which]REL'REL$ša",
"f": {"lang": "akk-x-neoass",
"form": "ša",
"cf": "ša",
"gw": "that",
"sense": "which",
"norm": "ša",
"pos": "REL",
"epos": "REL"}
}
,
{
"node": "l",
"frag": "LUGAL",
"id": "P333970.l06548",
"ref": "P333970.6.6",
"inst": "šarru[king]N",
"sig": "@saao/saa10%akk-x-neoass:LUGAL=šarru[king//king]N'N$šarru",
"f": {"lang": "akk-x-neoass",
"form": "LUGAL",
"cf": "šarru",
"gw": "king",
"sense": "king",
"norm": "šarru",
"pos": "N",
"epos": "N"}
}
,
{
"node": "d",
"type": "line-start",
"ref": "P333970.7",
"n": "6",
"label": "o 6"}
,
{
"node": "l",
"frag": "ina",
"id": "P333970.l06549",
"ref": "P333970.7.1",
"inst": "ina[in]PRP",
"sig": "@saao/saa10%akk-x-neoass:ina=ina[in//from]PRP'PRP$ina",
"f": {"lang": "akk-x-neoass",
"form": "ina",
"cf": "ina",
"gw": "in",
"sense": "from",
"norm": "ina",
"pos": "PRP",
"epos": "PRP"}
}
,
{
"node": "l",
"frag": "ti-ma-li",
"id": "P333970.l0654a",
"ref": "P333970.7.2",
"inst": "timāli[yesterday]AV",
"sig": "@saao/saa10%akk-x-neoass:ti-ma-li=timāli[yesterday//yesterday]AV'AV$timāli",
"f": {"lang": "akk-x-neoass",
"form": "ti-ma-li",
"cf": "timāli",
"gw": "yesterday",
"sense": "yesterday",
"norm": "timāli",
"pos": "AV",
"epos": "AV"}
}
,
{
"node": "l",
"frag": "iq-bu-u-ni",
"id": "P333970.l0654b",
"ref": "P333970.7.3",
"inst": "iqbûni[say]V",
"sig": "@saao/saa10%akk-x-neoass:iq-bu-u-ni=qabû[say//say]V'V$iqbûni",
"f": {"lang": "akk-x-neoass",
"form": "iq-bu-u-ni",
"cf": "qabû",
"gw": "say",
"sense": "say",
"norm": "iqbûni",
"pos": "V",
"epos": "V"}
}
,
{
"node": "d",
"type": "line-start",
"ref": "P333970.8",
"n": "7",
"label": "o 7"}
,
{
"node": "l",
"frag": "ma",
"id": "P333970.l0654c",
"ref": "P333970.8.1",
"inst": "mā[saying]PRP",
"sig": "@saao/saa10%akk-x-neoass:ma=mā[saying//saying]PRP'PRP$mā",
"f": {"lang": "akk-x-neoass",
"form": "ma",
"cf": "mā",
"gw": "saying",
"sense": "saying",
"norm": "mā",
"pos": "PRP",
"epos": "PRP"}
}
,
{
"node": "l",
"frag": "a-na",
"id": "P333970.l0654d",
"ref": "P333970.8.2",
"inst": "ana[to]PRP",
"sig": "@saao/saa10%akk-x-neoass:a-na=ana[to//to]PRP'PRP$ana",
"f": {"lang": "akk-x-neoass",
"form": "a-na",
"cf": "ana",
"gw": "to",
"sense": "to",
"norm": "ana",
"pos": "PRP",
"epos": "PRP"}
}
,
{
"node": "l",
"frag": "UD",
"id": "P333970.l0654e",
"ref": "P333970.8.3",
"inst": "ūm[day]N",
"sig": "@saao/saa10%akk-x-neoass:UD=ūmu[day//day]N'N$ūm",
"f": {"lang": "akk-x-neoass",
"form": "UD",
"cf": "ūmu",
"gw": "day",
"sense": "day",
"norm": "ūm",
"pos": "N",
"epos": "N"}
}
,
{
"node": "l",
"frag": "24-KAM₂\\t",
"id": "P333970.l0654f",
"ref": "P333970.8.4",
"inst": "n",
"f": {"lang": "akk-x-neoass",
"form": "24-KAM₂",
"pos": "n"}
}
,
{
"node": "l",
"frag": "ep-ša₂",
"id": "P333970.l06550",
"ref": "P333970.8.5",
"inst": "+epēšu[do//perform]V'V$epša",
"sig": "@saao/saa10%akk-x-neoass:ep-ša₂=epēšu[do//perform]V'V$epša",
"f": {"lang": "akk-x-neoass",
"form": "ep-ša₂",
"cf": "epēšu",
"gw": "do",
"sense": "perform",
"norm": "epša",
"pos": "V",
"epos": "V"}
}
,
{
"node": "d",
"type": "line-start",
"ref": "P333970.9",
"n": "8",
"label": "o 8"}
,
{
"node": "l",
"frag": "la-aš₂-šu₂",
"id": "P333970.l06551",
"ref": "P333970.9.1",
"inst": "laššu[(there) is not]V",
"sig": "@saao/saa10%akk-x-neoass:la-aš₂-šu₂=laššu[(there) is not//(there) is not]V'V$laššu",
"f": {"lang": "akk-x-neoass",
"form": "la-aš₂-šu₂",
"cf": "laššu",
"gw": "(there) is not",
"sense": "(there) is not",
"norm": "laššu",
"pos": "V",
"epos": "V"}
}
,
{
"node": "l",
"frag": "la",
"id": "P333970.l06552",
"ref": "P333970.9.2",
"inst": "lā[not]MOD",
"sig": "@saao/saa10%akk-x-neoass:la=lā[not//not]MOD'MOD$lā",
"f": {"lang": "akk-x-neoass",
"form": "la",
"cf": "lā",
"gw": "not",
"sense": "not",
"norm": "lā",
"pos": "MOD",
"epos": "MOD"}
}
,
{
"node": "l",
"frag": "nu-ša₂-an-ṣa",
"id": "P333970.l06553",
"ref": "P333970.9.3",
"inst": "+maṣû[correspond//be able to]V'V$nušanṣa",
"sig": "@saao/saa10%akk-x-neoass:nu-ša₂-an-ṣa=maṣû[correspond//be able to]V'V$nušanṣa",
"f": {"lang": "akk-x-neoass",
"form": "nu-ša₂-an-ṣa",
"cf": "maṣû",
"gw": "correspond",
"sense": "be able to",
"norm": "nušanṣa",
"pos": "V",
"epos": "V"}
}
,
{
"node": "d",
"type": "line-start",
"ref": "P333970.10",
"n": "9",
"label": "o 9"}
,
{
"node": "l",
"frag": "ṭup-pa-a-ni",
"id": "P333970.l06554",
"ref": "P333970.10.1",
"inst": "ṭuppāni[tablet]N",
"sig": "@saao/saa10%akk-x-neoass:ṭup-pa-a-ni=ṭuppu[tablet//tablet]N'N$ṭuppāni",
"f": {"lang": "akk-x-neoass",
"form": "ṭup-pa-a-ni",
"cf": "ṭuppu",
"gw": "tablet",
"sense": "tablet",
"norm": "ṭuppāni",
"pos": "N",
"epos": "N"}
}
,
{
"node": "l",
"frag": "ma-aʾ-du-ti",
"id": "P333970.l06555",
"ref": "P333970.10.2",
"inst": "maʾdūti[many]AJ",
"sig": "@saao/saa10%akk-x-neoass:ma-aʾ-du-ti=mādu[many//many]AJ'AJ$maʾdūti",
"f": {"lang": "akk-x-neoass",
"form": "ma-aʾ-du-ti",
"cf": "mādu",
"gw": "many",
"sense": "many",
"norm": "maʾdūti",
"pos": "AJ",
"epos": "AJ"}
}
,
{
"node": "l",
"frag": "šu-nu",
"id": "P333970.l06556",
"ref": "P333970.10.3",
"inst": "šunu[they]IP",
"sig": "@saao/saa10%akk-x-neoass:šu-nu=šunu[they//they]IP'IP$šunu",
"f": {"lang": "akk-x-neoass",
"form": "šu-nu",
"cf": "šunu",
"gw": "they",
"sense": "they",
"norm": "šunu",
"pos": "IP",
"epos": "IP"}
}
,
{
"node": "d",
"type": "line-start",
"ref": "P333970.11",
"n": "10",
"label": "o 10"}
,
{
"node": "l",
"frag": "im-ma-ti",
"id": "P333970.l06557",
"ref": "P333970.11.1",
"cof-tails": "P333970.l06558",
"inst": "+ina[in+=when?]PRP$&+mati[when?]QP$",
"sig": "@saao/saa10%akk-x-neoass:im-ma-ti=ina[in//in]PRP'PRP$ina&&@saao/saa10%akk-x-neoass:=mati[when?//when?]QP'QP",
"f": {"lang": "akk-x-neoass",
"form": "im-ma-ti",
"cf": "ina",
"gw": "in",
"sense": "in",
"norm": "ina",
"pos": "PRP",
"epos": "PRP"}
}
,
{
"node": "l",
"frag": "im-ma-ti",
"id": "P333970.l06558",
"ref": "P333970.11.1",
"cof-head": "P333970.l06557",
"inst": "+ina[in+=when?]PRP$&+mati[when?]QP$",
"f": {"lang": "akk-x-neoass",
"form": "im-ma-ti",
"cf": "mati",
"gw": "when?",
"sense": "when?",
"norm": "mati",
"pos": "QP",
"epos": "QP"}
}
,
{
"node": "l",
"frag": "⸢i-šaṭ-ṭu-ru⸣",
"id": "P333970.l06559",
"ref": "P333970.11.2",
"inst": "išaṭṭuru[write]V",
"sig": "@saao/saa10%akk-x-neoass:i-šaṭ-ṭu-ru=šaṭāru[write//write]V'V$išaṭṭuru",
"f": {"lang": "akk-x-neoass",
"form": "i-šaṭ-ṭu-ru",
"cf": "šaṭāru",
"gw": "write",
"sense": "write",
"norm": "išaṭṭuru",
"pos": "V",
"epos": "V"}
}
,
{
"node": "d",
"type": "line-start",
"ref": "P333970.12",
"n": "11",
"label": "o 11"}
,
{
"node": "l",
"frag": "u₃",
"id": "P333970.l0655a",
"ref": "P333970.12.1",
"inst": "u[and]CNJ",
"sig": "@saao/saa10%akk-x-neoass:u₃=u[and//and]CNJ'CNJ$u",
"f": {"lang": "akk-x-neoass",
"form": "u₃",
"cf": "u",
"gw": "and",
"sense": "and",
"norm": "u",
"pos": "CNJ",
"epos": "CNJ"}
}
,
{
"node": "l",
"frag": "ša₂-aṣ-⸢bu⸣-[tu₂",
"id": "P333970.l0655b",
"ref": "P333970.12.2",
"inst": "+šaṣbutu[supplies//preparation]N'N$",
"sig": "@saao/saa10%akk-x-neoass:ša₂-aṣ-bu-tu₂=šaṣbutu[supplies//preparation]N'N$šaṣbutu",
"f": {"lang": "akk-x-neoass",
"form": "ša₂-aṣ-bu-tu₂",
"cf": "šaṣbutu",
"gw": "supplies",
"sense": "preparation",
"norm": "šaṣbutu",
"pos": "N",
"epos": "N"}
}
,
{
"node": "l",
"frag": "ša₂]",
"id": "P333970.l0655c",
"ref": "P333970.12.3",
"inst": "ša[of]DET",
"sig": "@saao/saa10%akk-x-neoass:ša₂=ša[of//of]DET'DET$ša",
"f": {"lang": "akk-x-neoass",
"form": "ša₂",
"cf": "ša",
"gw": "of",
"sense": "of",
"norm": "ša",
"pos": "DET",
"epos": "DET"}
}
,
{
"node": "l",
"frag": "NU-MEŠ-ni",
"id": "P333970.l0655d",
"ref": "P333970.12.4",
"inst": "+ṣalmu[effigy//figurine]N'N$ṣalmāni",
"sig": "@saao/saa10%akk-x-neoass:NU-MEŠ-ni=ṣalmu[effigy//figurine]N'N$ṣalmāni",
"f": {"lang": "akk-x-neoass",
"form": "NU-MEŠ-ni",
"cf": "ṣalmu",
"gw": "effigy",
"sense": "figurine",
"norm": "ṣalmāni",
"pos": "N",
"epos": "N"}
}
,
{
"node": "d",
"type": "line-start",
"ref": "P333970.13",
"n": "12",
"label": "o 12"}
,
{
"node": "l",
"frag": "ša",
"id": "P333970.l0655e",
"ref": "P333970.13.1",
"inst": "ša[which]REL",
"sig": "@saao/saa10%akk-x-neoass:ša=ša[that//which]REL'REL$ša",
"f": {"lang": "akk-x-neoass",
"form": "ša",
"cf": "ša",
"gw": "that",
"sense": "which",
"norm": "ša",
"pos": "REL",
"epos": "REL"}
}
,
{
"node": "l",
"frag": "LUGAL",
"id": "P333970.l0655f",
"ref": "P333970.13.2",
"inst": "šarru[king]N",
"sig": "@saao/saa10%akk-x-neoass:LUGAL=šarru[king//king]N'N$šarru",
"f": {"lang": "akk-x-neoass",
"form": "LUGAL",
"cf": "šarru",
"gw": "king",
"sense": "king",
"norm": "šarru",
"pos": "N",
"epos": "N"}
}
,
{
"node": "l",
"frag": "e-mur-[u]-⸢ni⸣",
"id": "P333970.l06560",
"ref": "P333970.13.3",
"inst": "ēmurūni[see]V",
"sig": "@saao/saa10%akk-x-neoass:e-mur-u-ni=amāru[see//see]V'V$ēmurūni",
"f": {"lang": "akk-x-neoass",
"form": "e-mur-u-ni",
"cf": "amāru",
"gw": "see",
"sense": "see",
"norm": "ēmurūni",
"pos": "V",
"epos": "V"}
}
,
{
"node": "l",
"frag": "ina",
"id": "P333970.l06561",
"ref": "P333970.13.4",
"inst": "ina[in]PRP",
"sig": "@saao/saa10%akk-x-neoass:ina=ina[in//from]PRP'PRP$ina",
"f": {"lang": "akk-x-neoass",
"form": "ina",
"cf": "ina",
"gw": "in",
"sense": "from",
"norm": "ina",
"pos": "PRP",
"epos": "PRP"}
}
,
{
"node": "l",
"frag": "ŠA₃",
"id": "P333970.l06562",
"ref": "P333970.13.5",
"inst": "libbi[interior]N",
"sig": "@saao/saa10%akk-x-neoass:ŠA₃=libbu[interior//interior]N'N$libbi",
"f": {"lang": "akk-x-neoass",
"form": "ŠA₃",
"cf": "libbu",
"gw": "interior",
"sense": "interior",
"norm": "libbi",
"pos": "N",
"epos": "N"}
}
,
{
"node": "l",
"frag": "UD-MEŠ",
"id": "P333970.l06563",
"ref": "P333970.13.6",
"inst": "ūmāti[day]N",
"sig": "@saao/saa10%akk-x-neoass:UD-MEŠ=ūmu[day//day]N'N$ūmāti",
"f": {"lang": "akk-x-neoass",
"form": "UD-MEŠ",
"cf": "ūmu",
"gw": "day",
"sense": "day",
"norm": "ūmāti",
"pos": "N",
"epos": "N"}
}
,
{
"node": "d",
"type": "line-start",
"ref": "P333970.14",
"n": "13",
"label": "o 13"}
,
{
"node": "l",
"frag": "05",
"id": "P333970.l06564",
"ref": "P333970.14.1",
"inst": "n",
"f": {"lang": "akk-x-neoass",
"form": "05",
"pos": "n"}
}
,
{
"node": "l",
"frag": "06",
"id": "P333970.l06565",
"ref": "P333970.14.2",
"inst": "n",
"f": {"lang": "akk-x-neoass",
"form": "06",
"pos": "n"}
}
,
{
"node": "l",
"frag": "re-e-šu₂",
"id": "P333970.l06566",
"ref": "P333970.14.3",
"inst": "rēšu[head]N",
"sig": "@saao/saa10%akk-x-neoass:re-e-šu₂=rēšu[head//head]N'N$rēšu",
"f": {"lang": "akk-x-neoass",
"form": "re-e-šu₂",
"cf": "rēšu",
"gw": "head",
"sense": "head",
"norm": "rēšu",
"pos": "N",
"epos": "N"}
}
,
{
"node": "l",
"frag": "ni-⸢it⸣-ti-ši",
"id": "P333970.l06567",
"ref": "P333970.14.4",
"inst": "+našû[lift//take]V'V$nittiši",
"sig": "@saao/saa10%akk-x-neoass:ni-it-ti-ši=našû[lift//take]V'V$nittiši",
"f": {"lang": "akk-x-neoass",
"form": "ni-it-ti-ši",
"cf": "našû",
"gw": "lift",
"sense": "take",
"norm": "nittiši",
"pos": "V",
"epos": "V"}
}
,
{
"node": "d",
"type": "line-start",
"ref": "P333970.15",
"n": "14",
"label": "o 14"}
,
{
"node": "l",
"frag": "u₂-ma-a",
"id": "P333970.l06568",
"ref": "P333970.15.1",
"inst": "ūmâ[now]AV",
"sig": "@saao/saa10%akk-x-neoass:u₂-ma-a=ūma[today//now]AV'AV$ūmâ",
"f": {"lang": "akk-x-neoass",
"form": "u₂-ma-a",
"cf": "ūma",
"gw": "today",
"sense": "now",
"norm": "ūmâ",
"pos": "AV",
"epos": "AV"}
}
,
{
"node": "l",
"frag": "šum-mu",
"id": "P333970.l06569",
"ref": "P333970.15.2",
"inst": "šummu[if]MOD",
"sig": "@saao/saa10%akk-x-neoass:šum-mu=šumma[if//if]MOD'MOD$šummu",
"f": {"lang": "akk-x-neoass",
"form": "šum-mu",
"cf": "šumma",
"gw": "if",
"sense": "if",
"norm": "šummu",
"pos": "MOD",
"epos": "MOD"}
}
,
{
"node": "l",
"frag": "⸢LUGAL⸣",
"id": "P333970.l0656a",
"ref": "P333970.15.3",
"inst": "šarru[king]N",
"sig": "@saao/saa10%akk-x-neoass:LUGAL=šarru[king//king]N'N$šarru",
"f": {"lang": "akk-x-neoass",
"form": "LUGAL",
"cf": "šarru",
"gw": "king",
"sense": "king",
"norm": "šarru",
"pos": "N",
"epos": "N"}
}
,
{
"node": "l",
"frag": "be-li₂",
"id": "P333970.l0656b",
"ref": "P333970.15.4",
"inst": "bēlī[lord]N",
"sig": "@saao/saa10%akk-x-neoass:be-li₂=bēlu[lord//lord]N'N$bēlī",
"f": {"lang": "akk-x-neoass",
"form": "be-li₂",
"cf": "bēlu",
"gw": "lord",
"sense": "lord",
"norm": "bēlī",
"pos": "N",
"epos": "N"}
}
,
{
"node": "l",
"frag": "i-qab-bi",
"id": "P333970.l0656c",
"ref": "P333970.15.5",
"inst": "iqabbi[say]V",
"sig": "@saao/saa10%akk-x-neoass:i-qab-bi=qabû[say//say]V'V$iqabbi",
"f": {"lang": "akk-x-neoass",
"form": "i-qab-bi",
"cf": "qabû",
"gw": "say",
"sense": "say",
"norm": "iqabbi",
"pos": "V",
"epos": "V"}
}
,
{
"node": "d",
"type": "line-start",
"ref": "P333970.16",
"n": "15",
"label": "o 15"}
,
{
"node": "l",
"frag": "ina",
"id": "P333970.l0656d",
"ref": "P333970.16.1",
"inst": "ina[in]PRP",
"sig": "@saao/saa10%akk-x-neoass:ina=ina[in//from]PRP'PRP$ina",
"f": {"lang": "akk-x-neoass",
"form": "ina",
"cf": "ina",
"gw": "in",
"sense": "from",
"norm": "ina",
"pos": "PRP",
"epos": "PRP"}
}
,
{
"node": "l",
"frag": "{iti}AB",
"id": "P333970.l0656e",
"ref": "P333970.16.2",
"inst": "Ṭebeti[Tebet]MN",
"sig": "@saao/saa10%akk-x-neoass:{ITI}AB=Ṭebetu[Tebet//Tebet]MN'MN$Ṭebeti",
"f": {"lang": "akk-x-neoass",
"form": "{ITI}AB",
"cf": "Ṭebetu",
"gw": "Tebet",
"sense": "Tebet",
"norm": "Ṭebeti",
"pos": "MN",
"epos": "MN"}
}
,
{
"node": "l",
"frag": "a-na",
"id": "P333970.l0656f",
"ref": "P333970.16.3",
"inst": "ana[to]PRP",
"sig": "@saao/saa10%akk-x-neoass:a-na=ana[to//to]PRP'PRP$ana",
"f": {"lang": "akk-x-neoass",
"form": "a-na",
"cf": "ana",
"gw": "to",
"sense": "to",
"norm": "ana",
"pos": "PRP",
"epos": "PRP"}
}
,
{
"node": "l",
"frag": "UŠ₁₁.BUR₂.RU.DA-a-ni",
"id": "P333970.l06570",
"ref": "P333970.16.4",
"inst": "+ušburrudû[ritual to dispel sorcery//ritual to undo witchcraft]N'N$ušburrudāni",
"sig": "@saao/saa10%akk-x-neoass:UŠ₁₁.BUR₂.RU.DA-a-ni=ušburrudû[ritual to dispel sorcery//ritual to undo witchcraft]N'N$ušburrudāni",
"f": {"lang": "akk-x-neoass",
"form": "UŠ₁₁.BUR₂.RU.DA-a-ni",
"cf": "ušburrudû",
"gw": "ritual to dispel sorcery",
"sense": "ritual to undo witchcraft",
"norm": "ušburrudāni",
"pos": "N",
"epos": "N"}
}
,
{
"node": "d",
"type": "line-start",
"ref": "P333970.17",
"n": "16",
"label": "o 16"}
,
{
"node": "l",
"frag": "e-pa-še",
"id": "P333970.l06571",
"ref": "P333970.17.1",
"inst": "epāše[performance]'N",
"sig": "@saao/saa10%akk-x-neoass:e-pa-še=epēšu[do//performance]V'N$epāše",
"f": {"lang": "akk-x-neoass",
"form": "e-pa-še",
"cf": "epēšu",
"gw": "do",
"sense": "performance",
"norm": "epāše",
"pos": "V",
"epos": "N"}
}
,
{
"node": "l",
"frag": "ṭa-[a-ba",
"id": "P333970.l06572",
"ref": "P333970.17.2",
"inst": "ṭāba[good]AJ",
"sig": "@saao/saa10%akk-x-neoass:ṭa-a-ba=ṭābu[good//good]AJ'AJ$ṭāba",
"f": {"lang": "akk-x-neoass",
"form": "ṭa-a-ba",
"cf": "ṭābu",
"gw": "good",
"sense": "good",
"norm": "ṭāba",
"pos": "AJ",
"epos": "AJ"}
}
,
{
"node": "l",
"frag": "ina]",
"id": "P333970.l06573",
"ref": "P333970.17.3",
"inst": "ina[in]PRP",
"sig": "@saao/saa10%akk-x-neoass:ina=ina[in//from]PRP'PRP$ina",
"f": {"lang": "akk-x-neoass",
"form": "ina",
"cf": "ina",
"gw": "in",
"sense": "from",
"norm": "ina",
"pos": "PRP",
"epos": "PRP"}
}
,
{
"node": "l",
"frag": "ŠA₃-bi",
"id": "P333970.l06574",
"ref": "P333970.17.4",
"inst": "libbi[interior]N",
"sig": "@saao/saa10%akk-x-neoass:ŠA₃-bi=libbu[interior//interior]N'N$libbi",
"f": {"lang": "akk-x-neoass",
"form": "ŠA₃-bi",
"cf": "libbu",
"gw": "interior",
"sense": "interior",
"norm": "libbi",
"pos": "N",
"epos": "N"}
}
,
{
"node": "d",
"type": "line-start",
"ref": "P333970.18",
"n": "17",
"label": "o 17"}
,
{
"node": "l",
"frag": "DUMU-MAN",
"id": "P333970.l06575",
"ref": "P333970.18.1",
"cof-tails": "P333970.l06576",
"inst": "mār[son+=crown prince]N&šarri[king]N",
"sig": "@saao/saa10%akk-x-neoass:DUMU-MAN=māru[son//son]N'N$mār&&@saao/saa10%akk-x-neoass:=šarru[king//king]N'N$šarri",
"f": {"lang": "akk-x-neoass",
"form": "DUMU-MAN",
"cf": "māru",
"gw": "son",
"sense": "son",
"norm": "mār",
"pos": "N",
"epos": "N"}
}
,
{
"node": "l",
"frag": "DUMU-MAN",
"id": "P333970.l06576",
"ref": "P333970.18.1",
"cof-head": "P333970.l06575",
"inst": "mār[son+=crown prince]N&šarri[king]N",
"f": {"lang": "akk-x-neoass",
"form": "DUMU-MAN",
"cf": "šarru",
"gw": "king",
"sense": "king",
"norm": "šarri",
"pos": "N",
"epos": "N"}
}
,
{
"node": "l",
"frag": "le-[pu-uš",
"id": "P333970.l06577",
"ref": "P333970.18.2",
"inst": "lēpuš[perform]V",
"sig": "@saao/saa10%akk-x-neoass:le-pu-uš=epēšu[do//perform]V'V$lēpuš",
"f": {"lang": "akk-x-neoass",
"form": "le-pu-uš",
"cf": "epēšu",
"gw": "do",
"sense": "perform",
"norm": "lēpuš",
"pos": "V",
"epos": "V"}
}
,
{
"node": "l",
"frag": "u₃]",
"id": "P333970.l06578",
"ref": "P333970.18.3",
"inst": "u[and]CNJ",
"sig": "@saao/saa10%akk-x-neoass:u₃=u[and//and]CNJ'CNJ$u",
"f": {"lang": "akk-x-neoass",
"form": "u₃",
"cf": "u",
"gw": "and",
"sense": "and",
"norm": "u",
"pos": "CNJ",
"epos": "CNJ"}
}
,
{
"node": "l",
"frag": "⸢UN⸣-MEŠ",
"id": "P333970.l06579",
"ref": "P333970.18.4",
"inst": "nišē[people]N",
"sig": "@saao/saa10%akk-x-neoass:UN-MEŠ=nišu[people//people]N'N$nišē",
"f": {"lang": "akk-x-neoass",
"form": "UN-MEŠ",
"cf": "nišu",
"gw": "people",
"sense": "people",
"norm": "nišē",
"pos": "N",
"epos": "N"}
}
,
{
"node": "d",
"type": "line-start",
"ref": "P333970.19",
"n": "18",
"label": "o 18"}
,
{
"node": "l",
"frag": "ša",
"id": "P333970.l0657a",
"ref": "P333970.19.1",
"inst": "ša[of]DET",
"sig": "@saao/saa10%akk-x-neoass:ša=ša[of//of]DET'DET$ša",
"f": {"lang": "akk-x-neoass",
"form": "ša",
"cf": "ša",
"gw": "of",
"sense": "of",
"norm": "ša",
"pos": "DET",
"epos": "DET"}
}
,
{
"node": "l",
"frag": "LUGAL",
"id": "P333970.l0657b",
"ref": "P333970.19.2",
"inst": "šarri[king]N",
"sig": "@saao/saa10%akk-x-neoass:LUGAL=šarru[king//king]N'N$šarri",
"f": {"lang": "akk-x-neoass",
"form": "LUGAL",
"cf": "šarru",
"gw": "king",
"sense": "king",
"norm": "šarri",
"pos": "N",
"epos": "N"}
}
,
{
"node": "l",
"frag": "EN-[ia₂",
"id": "P333970.l0657c",
"ref": "P333970.19.3",
"inst": "bēlīya[lord]N",
"sig": "@saao/saa10%akk-x-neoass:EN-ia₂=bēlu[lord//lord]N'N$bēlīya",
"f": {"lang": "akk-x-neoass",
"form": "EN-ia₂",
"cf": "bēlu",
"gw": "lord",
"sense": "lord",
"norm": "bēlīya",
"pos": "N",
"epos": "N"}
}
,
{
"node": "l",
"frag": "ina",
"id": "P333970.l0657d",
"ref": "P333970.19.4",
"inst": "ina[in]PRP",
"sig": "@saao/saa10%akk-x-neoass:ina=ina[in//from]PRP'PRP$ina",
"f": {"lang": "akk-x-neoass",
"form": "ina",
"cf": "ina",
"gw": "in",
"sense": "from",
"norm": "ina",
"pos": "PRP",
"epos": "PRP"}
}
,
{
"node": "l",
"frag": "ŠA₃-bi]-ma",
"id": "P333970.l0657e",
"ref": "P333970.19.5",
"inst": "libbimma[interior]N",
"sig": "@saao/saa10%akk-x-neoass:ŠA₃-bi-ma=libbu[interior//interior]N'N$libbimma",
"f": {"lang": "akk-x-neoass",
"form": "ŠA₃-bi-ma",
"cf": "libbu",
"gw": "interior",
"sense": "interior",
"norm": "libbimma",
"pos": "N",
"epos": "N"}
}
,
{
"node": "d",
"type": "line-start",
"ref": "P333970.20",
"n": "19",
"label": "o 19"}
,
{
"node": "l",
"frag": "le-pu-šu₂",
"id": "P333970.l0657f",
"ref": "P333970.20.1",
"inst": "lēpušu[perform]V",
"sig": "@saao/saa10%akk-x-neoass:le-pu-šu₂=epēšu[do//perform]V'V$lēpušu",
"f": {"lang": "akk-x-neoass",
"form": "le-pu-šu₂",
"cf": "epēšu",
"gw": "do",
"sense": "perform",
"norm": "lēpušu",
"pos": "V",
"epos": "V"}
}
,
{
"node": "l",
"frag": "[mi-i-nu",
"id": "P333970.l06580",
"ref": "P333970.20.2",
"inst": "mīnu[what?]QP",
"sig": "@saao/saa10%akk-x-neoass:mi-i-nu=mīnu[what?//what?]QP'QP$mīnu",
"f": {"lang": "akk-x-neoass",
"form": "mi-i-nu",
"cf": "mīnu",
"gw": "what?",
"sense": "what?",
"norm": "mīnu",
"pos": "QP",
"epos": "QP"}
}
,
{
"node": "l",
"frag": "hi-ṭu]",
"id": "P333970.l06581",
"ref": "P333970.20.3",
"inst": "+hīṭu[error//harm]N'N$",
"sig": "@saao/saa10%akk-x-neoass:hi-ṭu=hīṭu[error//harm]N'N$hīṭu",
"f": {"lang": "akk-x-neoass",
"form": "hi-ṭu",
"cf": "hīṭu",
"gw": "error",
"sense": "harm",
"norm": "hīṭu",
"pos": "N",
"epos": "N"}
}
,
{
"node": "d",
"subtype": "reverse",
"type": "surface",
"ref": "P333970.r.21",
"type": "reverse",
"label": "r"}
,
{
"node": "d",
"type": "line-start",
"ref": "P333970.22",
"n": "1",
"label": "r 1"}
,
{
"node": "l",
"frag": "u₃",
"id": "P333970.l06582",
"ref": "P333970.22.1",
"inst": "u[and]CNJ",
"sig": "@saao/saa10%akk-x-neoass:u₃=u[and//and]CNJ'CNJ$u",
"f": {"lang": "akk-x-neoass",
"form": "u₃",
"cf": "u",
"gw": "and",
"sense": "and",
"norm": "u",
"pos": "CNJ",
"epos": "CNJ"}
}
,
{
"node": "l",
"frag": "ina",
"id": "P333970.l06583",
"ref": "P333970.22.2",
"inst": "ina[in]PRP",
"sig": "@saao/saa10%akk-x-neoass:ina=ina[in//from]PRP'PRP$ina",
"f": {"lang": "akk-x-neoass",
"form": "ina",
"cf": "ina",
"gw": "in",
"sense": "from",
"norm": "ina",
"pos": "PRP",
"epos": "PRP"}
}
,
{
"node": "l",
"frag": "UGU",
"id": "P333970.l06584",
"ref": "P333970.22.3",
"inst": "muhhi[skull]N",
"sig": "@saao/saa10%akk-x-neoass:UGU=muhhu[skull//skull]N'N$muhhi",
"f": {"lang": "akk-x-neoass",
"form": "UGU",
"cf": "muhhu",
"gw": "skull",
"sense": "skull",
"norm": "muhhi",
"pos": "N",
"epos": "N"}
}
,
{
"node": "l",
"frag": "šu-me-ra-ni",
"id": "P333970.l06585",
"ref": "P333970.22.4",
"inst": "+šumerû[Sumerian//Sumerian text]AJ'N$šumerāni",
"sig": "@saao/saa10%akk-x-neoass:šu-me-ra-ni=šumerû[Sumerian//Sumerian text]AJ'N$šumerāni",
"f": {"lang": "akk-x-neoass",
"form": "šu-me-ra-ni",
"cf": "šumerû",
"gw": "Sumerian",
"sense": "Sumerian text",
"norm": "šumerāni",
"pos": "AJ",
"epos": "N"}
}
,
{
"node": "d",
"type": "line-start",
"ref": "P333970.23",
"n": "2",
"label": "r 2"}
,
{
"node": "l",
"frag": "ša",
"id": "P333970.l06586",
"ref": "P333970.23.1",
"inst": "ša[of]DET",
"sig": "@saao/saa10%akk-x-neoass:ša=ša[of//of]DET'DET$ša",
"f": {"lang": "akk-x-neoass",
"form": "ša",
"cf": "ša",
"gw": "of",
"sense": "of",
"norm": "ša",
"pos": "DET",
"epos": "DET"}
}
,
{
"node": "l",
"frag": "UŠ₁₁.BUR₂.RU.DA-a-ni",
"id": "P333970.l06587",
"ref": "P333970.23.2",
"inst": "ušburrudāni[ritual to undo witchcraft]N",
"sig": "@saao/saa10%akk-x-neoass:UŠ₁₁.BUR₂.RU.DA-a-ni=ušburrudû[ritual to dispel sorcery//ritual to undo witchcraft]N'N$ušburrudāni",
"f": {"lang": "akk-x-neoass",
"form": "UŠ₁₁.BUR₂.RU.DA-a-ni",
"cf": "ušburrudû",
"gw": "ritual to dispel sorcery",
"sense": "ritual to undo witchcraft",
"norm": "ušburrudāni",
"pos": "N",
"epos": "N"}
}
,
{
"node": "d",
"type": "line-start",
"ref": "P333970.24",
"n": "3",
"label": "r 3"}
,
{
"node": "l",
"frag": "ša",
"id": "P333970.l06588",
"ref": "P333970.24.1",
"inst": "ša[which]REL",
"sig": "@saao/saa10%akk-x-neoass:ša=ša[that//which]REL'REL$ša",
"f": {"lang": "akk-x-neoass",
"form": "ša",
"cf": "ša",
"gw": "that",
"sense": "which",
"norm": "ša",
"pos": "REL",
"epos": "REL"}
}
,
{
"node": "l",
"frag": "LUGAL",
"id": "P333970.l06589",
"ref": "P333970.24.2",
"inst": "šarru[king]N",
"sig": "@saao/saa10%akk-x-neoass:LUGAL=šarru[king//king]N'N$šarru",
"f": {"lang": "akk-x-neoass",
"form": "LUGAL",
"cf": "šarru",
"gw": "king",
"sense": "king",
"norm": "šarru",
"pos": "N",
"epos": "N"}
}
,
{
"node": "l",
"frag": "be-li₂",
"id": "P333970.l0658a",
"ref": "P333970.24.3",
"inst": "bēlī[lord]N",
"sig": "@saao/saa10%akk-x-neoass:be-li₂=bēlu[lord//lord]N'N$bēlī",
"f": {"lang": "akk-x-neoass",
"form": "be-li₂",
"cf": "bēlu",
"gw": "lord",
"sense": "lord",
"norm": "bēlī",
"pos": "N",
"epos": "N"}
}
,
{
"node": "l",
"frag": "iq-bu-u-ni",
"id": "P333970.l0658b",
"ref": "P333970.24.4",
"inst": "iqbûni[say]V",
"sig": "@saao/saa10%akk-x-neoass:iq-bu-u-ni=qabû[say//say]V'V$iqbûni",
"f": {"lang": "akk-x-neoass",
"form": "iq-bu-u-ni",
"cf": "qabû",
"gw": "say",
"sense": "say",
"norm": "iqbûni",
"pos": "V",
"epos": "V"}
}
,
{
"node": "d",
"type": "line-start",
"ref": "P333970.25",
"n": "4",
"label": "r 4"}
,
{
"node": "l",
"frag": "ma-a",
"id": "P333970.l0658c",
"ref": "P333970.25.1",
"inst": "mā[saying]PRP",
"sig": "@saao/saa10%akk-x-neoass:ma-a=mā[saying//saying]PRP'PRP$mā",
"f": {"lang": "akk-x-neoass",
"form": "ma-a",
"cf": "mā",
"gw": "saying",
"sense": "saying",
"norm": "mā",
"pos": "PRP",
"epos": "PRP"}
}
,
{
"node": "l",
"frag": "šu-pur",
"id": "P333970.l0658d",
"ref": "P333970.25.2",
"inst": "šupur[send]V",
"sig": "@saao/saa10%akk-x-neoass:šu-pur=šapāru[send//send]V'V$šupur",
"f": {"lang": "akk-x-neoass",
"form": "šu-pur",
"cf": "šapāru",
"gw": "send",
"sense": "send",
"norm": "šupur",
"pos": "V",
"epos": "V"}
}
,
{
"node": "l",
"frag": "⸢TA@v⸣",
"id": "P333970.l0658e",
"ref": "P333970.25.3",
"inst": "issu[from]PRP",
"sig": "@saao/saa10%akk-x-neoass:TA@v=ištu[from//from]PRP'PRP$issu",
"f": {"lang": "akk-x-neoass",
"form": "TA@v",
"cf": "ištu",
"gw": "from",
"sense": "from",
"norm": "issu",
"pos": "PRP",
"epos": "PRP"}
}
,
{
"node": "l",
"frag": "NINA{ki}",
"id": "P333970.l0658f",
"ref": "P333970.25.4",
"inst": "Ninua[Nineveh]GN",
"sig": "@saao/saa10%akk-x-neoass:NINA{KI}=Ninua[Nineveh//Nineveh]GN'GN$Ninua",
"f": {"lang": "akk-x-neoass",
"form": "NINA{KI}",
"cf": "Ninua",
"gw": "Nineveh",
"sense": "Nineveh",
"norm": "Ninua",
"pos": "GN",
"epos": "GN"}
}
,
{
"node": "d",
"type": "line-start",
"ref": "P333970.26",
"n": "5",
"label": "r 5"}
,
{
"node": "l",
"frag": "lu-bi-lu-ni",
"id": "P333970.l06590",
"ref": "P333970.26.1",
"inst": "lūbilūni[bring]V",
"sig": "@saao/saa10%akk-x-neoass:lu-bi-lu-ni=wabālu[bring//bring]V'V$lūbilūni",
"f": {"lang": "akk-x-neoass",
"form": "lu-bi-lu-ni",
"cf": "wabālu",
"gw": "bring",
"sense": "bring",
"norm": "lūbilūni",
"pos": "V",
"epos": "V"}
}
,
{
"node": "l",
"frag": "o",
"id": "P333970.l06591",
"ref": "P333970.26.2",
"inst": "u",
"f": {"lang": "akk-x-neoass",
"form": "o",
"pos": "u"}
}
,
{
"node": "l",
"frag": "{1}SUM-PAB-MEŠ",
"id": "P333970.l06592",
"ref": "P333970.26.3",
"inst": "Nadin-ahhe[1]PN",
"sig": "@saao/saa10%akk-x-neoass:{1}SUM-PAB-MEŠ=Nadin-ahhe[1//1]PN'PN$Nadin-ahhe",
"f": {"lang": "akk-x-neoass",
"form": "{1}SUM-PAB-MEŠ",
"cf": "Nadin-ahhe",
"gw": "1",
"sense": "1",
"norm": "Nadin-ahhe",
"pos": "PN",
"epos": "PN"}
}
,
{
"node": "d",
"type": "line-start",
"ref": "P333970.27",
"n": "6",
"label": "r 6"}
,
{
"node": "l",
"frag": "la-aš₂-pur",
"id": "P333970.l06593",
"ref": "P333970.27.1",
"inst": "lašpur[send]V",
"sig": "@saao/saa10%akk-x-neoass:la-aš₂-pur=šapāru[send//send]V'V$lašpur",
"f": {"lang": "akk-x-neoass",
"form": "la-aš₂-pur",
"cf": "šapāru",
"gw": "send",
"sense": "send",
"norm": "lašpur",
"pos": "V",
"epos": "V"}
}
,
{
"node": "l",
"frag": "⸢lil-lik⸣",
"id": "P333970.l06594",
"ref": "P333970.27.2",
"inst": "lillik[go]V",
"sig": "@saao/saa10%akk-x-neoass:lil-lik=alāku[go//go]V'V$lillik",
"f": {"lang": "akk-x-neoass",
"form": "lil-lik",
"cf": "alāku",
"gw": "go",
"sense": "go",
"norm": "lillik",
"pos": "V",
"epos": "V"}
}
,
{
"node": "l",
"frag": "lu-bi-la",
"id": "P333970.l06595",
"ref": "P333970.27.3",
"inst": "lūbila[bring]V",
"sig": "@saao/saa10%akk-x-neoass:lu-bi-la=wabālu[bring//bring]V'V$lūbila",
"f": {"lang": "akk-x-neoass",
"form": "lu-bi-la",
"cf": "wabālu",
"gw": "bring",
"sense": "bring",
"norm": "lūbila",
"pos": "V",
"epos": "V"}
}
,
{
"node": "d",
"type": "line-start",
"ref": "P333970.28",
"n": "7",
"label": "r 7"}
,
{
"node": "l",
"frag": "u₃",
"id": "P333970.l06596",
"ref": "P333970.28.1",
"inst": "u[and]CNJ",
"sig": "@saao/saa10%akk-x-neoass:u₃=u[and//and]CNJ'CNJ$u",
"f": {"lang": "akk-x-neoass",
"form": "u₃",
"cf": "u",
"gw": "and",
"sense": "and",
"norm": "u",
"pos": "CNJ",
"epos": "CNJ"}
}
,
{
"node": "l",
"frag": "ṭup-pa-⸢a-ni⸣",
"id": "P333970.l06597",
"ref": "P333970.28.2",
"inst": "ṭuppāni[tablet]N",
"sig": "@saao/saa10%akk-x-neoass:ṭup-pa-a-ni=ṭuppu[tablet//tablet]N'N$ṭuppāni",
"f": {"lang": "akk-x-neoass",
"form": "ṭup-pa-a-ni",
"cf": "ṭuppu",
"gw": "tablet",
"sense": "tablet",
"norm": "ṭuppāni",
"pos": "N",
"epos": "N"}
}
,
{
"node": "l",
"frag": "am-mu-ti",
"id": "P333970.l06598",
"ref": "P333970.28.3",
"inst": "ammūti[that]DP",
"sig": "@saao/saa10%akk-x-neoass:am-mu-ti=ammiu[that//that]DP'DP$ammūti",
"f": {"lang": "akk-x-neoass",
"form": "am-mu-ti",
"cf": "ammiu",
"gw": "that",
"sense": "that",
"norm": "ammūti",
"pos": "DP",
"epos": "DP"}
}
,
{
"node": "d",
"type": "line-start",
"ref": "P333970.29",
"n": "8",
"label": "r 8"}
,
{
"node": "l",
"frag": "ša",
"id": "P333970.l06599",
"ref": "P333970.29.1",
"inst": "ša[of]DET",
"sig": "@saao/saa10%akk-x-neoass:ša=ša[of//of]DET'DET$ša",
"f": {"lang": "akk-x-neoass",
"form": "ša",
"cf": "ša",
"gw": "of",
"sense": "of",
"norm": "ša",
"pos": "DET",
"epos": "DET"}
}
,
{
"node": "l",
"frag": "EŠ₂.QAR",
"id": "P333970.l0659a",
"ref": "P333970.29.2",
"inst": "iškāri[series]N",
"sig": "@saao/saa10%akk-x-neoass:EŠ₂.QAR=iškāru[work assignment//series]N'N$iškāri",
"f": {"lang": "akk-x-neoass",
"form": "EŠ₂.QAR",
"cf": "iškāru",
"gw": "work assignment",
"sense": "series",
"norm": "iškāri",
"pos": "N",
"epos": "N"}
}
,
{
"node": "l",
"frag": "mi-⸢ih⸣-ri",
"id": "P333970.l0659b",
"ref": "P333970.29.3",
"inst": "+mehru[colleague//refrain]N'N$mihri",
"sig": "@saao/saa10%akk-x-neoass:mi-ih-ri=mehru[colleague//refrain]N'N$mihri",
"f": {"lang": "akk-x-neoass",
"form": "mi-ih-ri",
"cf": "mehru",
"gw": "colleague",
"sense": "refrain",
"norm": "mihri",
"pos": "N",
"epos": "N"}
}
,
{
"node": "d",
"type": "line-start",
"ref": "P333970.30",
"n": "9",
"label": "r 9"}
,
{
"node": "l",
"frag": "is-se-šu₂-ma",
"id": "P333970.l0659c",
"ref": "P333970.30.1",
"inst": "+išti[with]PRP$issēšūma",
"sig": "@saao/saa10%akk-x-neoass:is-se-šu₂-ma=išti[with//with]PRP'PRP$issēšūma",
"f": {"lang": "akk-x-neoass",
"form": "is-se-šu₂-ma",
"cf": "išti",
"gw": "with",
"sense": "with",
"norm": "issēšūma",
"pos": "PRP",
"epos": "PRP"}
}
,
{
"node": "l",
"frag": "[o]",
"id": "P333970.l0659d",
"ref": "P333970.30.2",
"inst": "u",
"f": {"lang": "akk-x-neoass",
"form": "o",
"pos": "u"}
}
,
{
"node": "l",
"frag": "lu-bi-la",
"id": "P333970.l0659e",
"ref": "P333970.30.3",
"inst": "lūbila[bring]V",
"sig": "@saao/saa10%akk-x-neoass:lu-bi-la=wabālu[bring//bring]V'V$lūbila",
"f": {"lang": "akk-x-neoass",
"form": "lu-bi-la",
"cf": "wabālu",
"gw": "bring",
"sense": "bring",
"norm": "lūbila",
"pos": "V",
"epos": "V"}
}
,
{
"node": "d",
"type": "line-start",
"ref": "P333970.31",
"n": "10",
"label": "r 10"}
,
{
"node": "l",
"frag": "a-na",
"id": "P333970.l0659f",
"ref": "P333970.31.1",
"inst": "ana[to]PRP",
"sig": "@saao/saa10%akk-x-neoass:a-na=ana[to//to]PRP'PRP$ana",
"f": {"lang": "akk-x-neoass",
"form": "a-na",
"cf": "ana",
"gw": "to",
"sense": "to",
"norm": "ana",
"pos": "PRP",
"epos": "PRP"}
}
,
{
"node": "l",
"frag": "UD",
"id": "P333970.l065a0",
"ref": "P333970.31.2",
"inst": "ūm[day]N",
"sig": "@saao/saa10%akk-x-neoass:UD=ūmu[day//day]N'N$ūm",
"f": {"lang": "akk-x-neoass",
"form": "UD",
"cf": "ūmu",
"gw": "day",
"sense": "day",
"norm": "ūm",
"pos": "N",
"epos": "N"}
}
,
{
"node": "l",
"frag": "02-KAM₂\\t",
"id": "P333970.l065a1",
"ref": "P333970.31.3",
"inst": "n",
"f": {"lang": "akk-x-neoass",
"form": "02-KAM₂",
"pos": "n"}
}
,
{
"node": "l",
"frag": "⸢ša⸣",
"id": "P333970.l065a2",
"ref": "P333970.31.4",
"inst": "ša[of]DET",
"sig": "@saao/saa10%akk-x-neoass:ša=ša[of//of]DET'DET$ša",
"f": {"lang": "akk-x-neoass",
"form": "ša",
"cf": "ša",
"gw": "of",
"sense": "of",
"norm": "ša",
"pos": "DET",
"epos": "DET"}
}
,
{
"node": "l",
"frag": "{iti}AB",
"id": "P333970.l065a3",
"ref": "P333970.31.5",
"inst": "Ṭebeti[Tebet]MN",
"sig": "@saao/saa10%akk-x-neoass:{ITI}AB=Ṭebetu[Tebet//Tebet]MN'MN$Ṭebeti",
"f": {"lang": "akk-x-neoass",
"form": "{ITI}AB",
"cf": "Ṭebetu",
"gw": "Tebet",
"sense": "Tebet",
"norm": "Ṭebeti",
"pos": "MN",
"epos": "MN"}
}
,
{
"node": "d",
"type": "line-start",
"ref": "P333970.32",
"n": "11",
"label": "r 11"}
,
{
"node": "l",
"frag": "LUGAL",
"id": "P333970.l065a4",
"ref": "P333970.32.1",
"inst": "šarru[king]N",
"sig": "@saao/saa10%akk-x-neoass:LUGAL=šarru[king//king]N'N$šarru",
"f": {"lang": "akk-x-neoass",
"form": "LUGAL",
"cf": "šarru",
"gw": "king",
"sense": "king",
"norm": "šarru",
"pos": "N",
"epos": "N"}
}
,
{
"node": "l",
"frag": "le-pu-⸢uš⸣",
"id": "P333970.l065a5",
"ref": "P333970.32.2",
"inst": "lēpuš[perform]V",
"sig": "@saao/saa10%akk-x-neoass:le-pu-uš=epēšu[do//perform]V'V$lēpuš",
"f": {"lang": "akk-x-neoass",
"form": "le-pu-uš",
"cf": "epēšu",
"gw": "do",
"sense": "perform",
"norm": "lēpuš",
"pos": "V",
"epos": "V"}
}
,
{
"node": "l",
"frag": "o",
"id": "P333970.l065a6",
"ref": "P333970.32.3",
"inst": "u",
"f": {"lang": "akk-x-neoass",
"form": "o",
"pos": "u"}
}
,
{
"node": "l",
"frag": "UD",
"id": "P333970.l065a7",
"ref": "P333970.32.4",
"inst": "ūm[day]N",
"sig": "@saao/saa10%akk-x-neoass:UD=ūmu[day//day]N'N$ūm",
"f": {"lang": "akk-x-neoass",
"form": "UD",
"cf": "ūmu",
"gw": "day",
"sense": "day",
"norm": "ūm",
"pos": "N",
"epos": "N"}
}
,
{
"node": "l",
"frag": "04-KAM₂\\t",
"id": "P333970.l065a8",
"ref": "P333970.32.5",
"inst": "n",
"f": {"lang": "akk-x-neoass",
"form": "04-KAM₂",
"pos": "n"}
}
,
{
"node": "d",
"type": "line-start",
"ref": "P333970.33",
"n": "12",
"label": "r 12"}
,
{
"node": "l",
"frag": "DUMU-MAN",
"id": "P333970.l065a9",
"ref": "P333970.33.1",
"cof-tails": "P333970.l065aa",
"inst": "mār[son+=crown prince]N&šarri[king]N",
"sig": "@saao/saa10%akk-x-neoass:DUMU-MAN=māru[son//son]N'N$mār&&@saao/saa10%akk-x-neoass:=šarru[king//king]N'N$šarri",
"f": {"lang": "akk-x-neoass",
"form": "DUMU-MAN",
"cf": "māru",
"gw": "son",
"sense": "son",
"norm": "mār",
"pos": "N",
"epos": "N"}
}
,
{
"node": "l",
"frag": "DUMU-MAN",
"id": "P333970.l065aa",
"ref": "P333970.33.1",
"cof-head": "P333970.l065a9",
"inst": "mār[son+=crown prince]N&šarri[king]N",
"f": {"lang": "akk-x-neoass",
"form": "DUMU-MAN",
"cf": "šarru",
"gw": "king",
"sense": "king",
"norm": "šarri",
"pos": "N",
"epos": "N"}
}
,
{
"node": "l",
"frag": "le-pu-[uš]",
"id": "P333970.l065ab",
"ref": "P333970.33.2",
"inst": "lēpuš[perform]V",
"sig": "@saao/saa10%akk-x-neoass:le-pu-uš=epēšu[do//perform]V'V$lēpuš",
"f": {"lang": "akk-x-neoass",
"form": "le-pu-uš",
"cf": "epēšu",
"gw": "do",
"sense": "perform",
"norm": "lēpuš",
"pos": "V",
"epos": "V"}
}
,
{
"node": "l",
"frag": "UD",
"id": "P333970.l065ac",
"ref": "P333970.33.3",
"inst": "ūm[day]N",
"sig": "@saao/saa10%akk-x-neoass:UD=ūmu[day//day]N'N$ūm",
"f": {"lang": "akk-x-neoass",
"form": "UD",
"cf": "ūmu",
"gw": "day",
"sense": "day",
"norm": "ūm",
"pos": "N",
"epos": "N"}
}
,
{
"node": "l",
"frag": "06-KAM₂\\t",
"id": "P333970.l065ad",
"ref": "P333970.33.4",
"inst": "n",
"f": {"lang": "akk-x-neoass",
"form": "06-KAM₂",
"pos": "n"}
}
,
{
"node": "d",
"type": "line-start",
"ref": "P333970.34",
"n": "13",
"label": "r 13"}
,
{
"node": "l",
"frag": "UN-MEŠ",
"id": "P333970.l065ae",
"ref": "P333970.34.1",
"inst": "nišē[people]N",
"sig": "@saao/saa10%akk-x-neoass:UN-MEŠ=nišu[people//people]N'N$nišē",
"f": {"lang": "akk-x-neoass",
"form": "UN-MEŠ",
"cf": "nišu",
"gw": "people",
"sense": "people",
"norm": "nišē",
"pos": "N",
"epos": "N"}
}
,
{
"node": "l",
"frag": "le-pu-[šu₂]",
"id": "P333970.l065af",
"ref": "P333970.34.2",
"inst": "lēpušu[perform]V",
"sig": "@saao/saa10%akk-x-neoass:le-pu-šu₂=epēšu[do//perform]V'V$lēpušu",
"f": {"lang": "akk-x-neoass",
"form": "le-pu-šu₂",
"cf": "epēšu",
"gw": "do",
"sense": "perform",
"norm": "lēpušu",
"pos": "V",
"epos": "V"}
}
,
{
"node": "l",
"frag": "⸢u₂⸣-la-a",
"id": "P333970.l065b0",
"ref": "P333970.34.3",
"inst": "ulâ[alternatively]AV",
"sig": "@saao/saa10%akk-x-neoass:u₂-la-a=ūla[or//alternatively]AV'AV$ulâ",
"f": {"lang": "akk-x-neoass",
"form": "u₂-la-a",
"cf": "ūla",
"gw": "or",
"sense": "alternatively",
"norm": "ulâ",
"pos": "AV",
"epos": "AV"}
}
,
{
"node": "d",
"type": "line-start",
"ref": "P333970.35",
"n": "14",
"label": "r 14"}
,
{
"node": "l",
"frag": "u₂-ma-a-⸢ti⸣",
"id": "P333970.l065b1",
"ref": "P333970.35.1",
"inst": "+ūmu[day]N$ūmāti",
"sig": "@saao/saa10%akk-x-neoass:u₂-ma-a-ti=ūmu[day//day]N'N$ūmāti",
"f": {"lang": "akk-x-neoass",
"form": "u₂-ma-a-ti",
"cf": "ūmu",
"gw": "day",
"sense": "day",
"norm": "ūmāti",
"pos": "N",
"epos": "N"}
}
,
{
"node": "l",
"frag": "[ša₂-ni-a]-ti",
"id": "P333970.l065b2",
"ref": "P333970.35.2",
"inst": "+šanû[(an)other]AJ$šaniāti",
"sig": "@saao/saa10%akk-x-neoass:ša₂-ni-a-ti=šanû[(an)other//(an)other]AJ'AJ$šaniāti",
"f": {"lang": "akk-x-neoass",
"form": "ša₂-ni-a-ti",
"cf": "šanû",
"gw": "(an)other",
"sense": "(an)other",
"norm": "šaniāti",
"pos": "AJ",
"epos": "AJ"}
}
,
{
"node": "d",
"type": "line-start",
"ref": "P333970.36",
"n": "15",
"label": "r 15"}
,
{
"node": "l",
"frag": "ne₂-ep-pa-aš₂",
"id": "P333970.l065b3",
"ref": "P333970.36.1",
"inst": "neppaš[perform]V",
"sig": "@saao/saa10%akk-x-neoass:ne₂-ep-pa-aš₂=epēšu[do//perform]V'V$neppaš",
"f": {"lang": "akk-x-neoass",
"form": "ne₂-ep-pa-aš₂",
"cf": "epēšu",
"gw": "do",
"sense": "perform",
"norm": "neppaš",
"pos": "V",
"epos": "V"}
}
,
{
"node": "l",
"frag": "⸢šum⸣-[mu]",
"id": "P333970.l065b4",
"ref": "P333970.36.2",
"inst": "šummu[if]MOD",
"sig": "@saao/saa10%akk-x-neoass:šum-mu=šumma[if//if]MOD'MOD$šummu",
"f": {"lang": "akk-x-neoass",
"form": "šum-mu",
"cf": "šumma",
"gw": "if",
"sense": "if",
"norm": "šummu",
"pos": "MOD",
"epos": "MOD"}
}
,
{
"node": "l",
"frag": "⸢ma⸣-ri-iṣ",
"id": "P333970.l065b5",
"ref": "P333970.36.3",
"inst": "+marṣu[sick//difficult]AJ'AJ$mariṣ",
"sig": "@saao/saa10%akk-x-neoass:ma-ri-iṣ=marṣu[sick//difficult]AJ'AJ$mariṣ",
"f": {"lang": "akk-x-neoass",
"form": "ma-ri-iṣ",
"cf": "marṣu",
"gw": "sick",
"sense": "difficult",
"norm": "mariṣ",
"pos": "AJ",
"epos": "AJ"}
}
,
{
"node": "d",
"type": "line-start",
"ref": "P333970.37",
"n": "16",
"label": "r 16"}
,
{
"node": "l",
"frag": "ina",
"id": "P333970.l065b6",
"ref": "P333970.37.1",
"inst": "ina[in]PRP",
"sig": "@saao/saa10%akk-x-neoass:ina=ina[in//from]PRP'PRP$ina",
"f": {"lang": "akk-x-neoass",
"form": "ina",
"cf": "ina",
"gw": "in",
"sense": "from",
"norm": "ina",
"pos": "PRP",
"epos": "PRP"}
}
,
{
"node": "l",
"frag": "pa-ni",
"id": "P333970.l065b7",
"ref": "P333970.37.2",
"inst": "pāni[front]N",
"sig": "@saao/saa10%akk-x-neoass:pa-ni=pānu[front//front]N'N$pāni",
"f": {"lang": "akk-x-neoass",
"form": "pa-ni",
"cf": "pānu",
"gw": "front",
"sense": "front",
"norm": "pāni",
"pos": "N",
"epos": "N"}
}
,
{
"node": "l",
"frag": "la",
"id": "P333970.l065b8",
"ref": "P333970.37.3",
"inst": "lā[not]MOD",
"sig": "@saao/saa10%akk-x-neoass:la=lā[not//not]MOD'MOD$lā",
"f": {"lang": "akk-x-neoass",
"form": "la",
"cf": "lā",
"gw": "not",
"sense": "not",
"norm": "lā",
"pos": "MOD",
"epos": "MOD"}
}
,
{
"node": "l",
"frag": "⸢e-pa⸣-šim-ma",
"id": "P333970.l065b9",
"ref": "P333970.37.4",
"inst": "+epēšu[do//performance]V'N$epāšimma",
"sig": "@saao/saa10%akk-x-neoass:e-pa-šim-ma=epēšu[do//performance]V'N$epāšimma",
"f": {"lang": "akk-x-neoass",
"form": "e-pa-šim-ma",
"cf": "epēšu",
"gw": "do",
"sense": "performance",
"norm": "epāšimma",
"pos": "V",
"epos": "N"}
}
,
{
"node": "d",
"type": "line-start",
"ref": "P333970.38",
"n": "17",
"label": "r 17"}
,
{
"node": "l",
"frag": "ša₂-ki-in",
"id": "P333970.l065ba",
"ref": "P333970.38.1",
"inst": "šakin[placed]AJ",
"sig": "@saao/saa10%akk-x-neoass:ša₂-ki-in=šaknu[placed//placed]AJ'AJ$šakin",
"f": {"lang": "akk-x-neoass",
"form": "ša₂-ki-in",
"cf": "šaknu",
"gw": "placed",
"sense": "placed",
"norm": "šakin",
"pos": "AJ",
"epos": "AJ"}
}
]}
]}
]}
]}
