{
"type": "cdl",
  "source": "http://oracc.org/saao/saa10",
  "license": "This data is released under the CC0 license",
  "license-url": "https://creativecommons.org/publicdomain/zero/1.0/",
  "more-info": "http://oracc.org/doc/opendata/",
  "UTC-timestamp": "2017-05-19T11:42:30",
"project": "saao/saa10",
"textid": "P333972",
"cdl": [
{
"node": "c",
"type": "text",
"id": "P333972.U0",
"cdl": [
{
"node": "d",
"type": "object",
"ref": ""}
,
{
"node": "d",
"subtype": "obverse",
"type": "surface",
"ref": "P333972.o.1",
"type": "obverse",
"label": "o"}
,
{
"node": "c",
"type": "discourse",
"subtype": "body",
"id": "P333972.U1",
"cdl": [
{
"node": "c",
"type": "sentence",
"id": "P333972.U2",
"label": "o 1 - r 6",
"cdl": [
{
"node": "d",
"type": "line-start",
"ref": "P333972.2",
"n": "1",
"label": "o 1"}
,
{
"node": "l",
"frag": "a-na",
"id": "P333972.l066ac",
"ref": "P333972.2.1",
"inst": "ana[to]PRP",
"sig": "@saao/saa10%akk-x-neoass:a-na=ana[to//to]PRP'PRP$ana",
"f": {"lang": "akk-x-neoass",
"form": "a-na",
"cf": "ana",
"gw": "to",
"sense": "to",
"norm": "ana",
"pos": "PRP",
"epos": "PRP"}
}
,
{
"node": "l",
"frag": "LUGAL",
"id": "P333972.l066ad",
"ref": "P333972.2.2",
"inst": "šarri[king]N",
"sig": "@saao/saa10%akk-x-neoass:LUGAL=šarru[king//king]N'N$šarri",
"f": {"lang": "akk-x-neoass",
"form": "LUGAL",
"cf": "šarru",
"gw": "king",
"sense": "king",
"norm": "šarri",
"pos": "N",
"epos": "N"}
}
,
{
"node": "l",
"frag": "be-li₂-ia",
"id": "P333972.l066ae",
"ref": "P333972.2.3",
"inst": "bēlīya[lord]N",
"sig": "@saao/saa10%akk-x-neoass:be-li₂-ia=bēlu[lord//lord]N'N$bēlīya",
"f": {"lang": "akk-x-neoass",
"form": "be-li₂-ia",
"cf": "bēlu",
"gw": "lord",
"sense": "lord",
"norm": "bēlīya",
"pos": "N",
"epos": "N"}
}
,
{
"node": "d",
"type": "line-start",
"ref": "P333972.3",
"n": "2",
"label": "o 2"}
,
{
"node": "l",
"frag": "ARAD-ka",
"id": "P333972.l066af",
"ref": "P333972.3.1",
"inst": "urdaka[servant]N",
"sig": "@saao/saa10%akk-x-neoass:ARAD-ka=ardu[slave//servant]N'N$urdaka",
"f": {"lang": "akk-x-neoass",
"form": "ARAD-ka",
"cf": "ardu",
"gw": "slave",
"sense": "servant",
"norm": "urdaka",
"pos": "N",
"epos": "N"}
}
,
{
"node": "l",
"frag": "{1}{d}AMAR.UTU-GAR-MU",
"id": "P333972.l066b0",
"ref": "P333972.3.2",
"inst": "Marduk-šakin-šumi[1]PN",
"sig": "@saao/saa10%akk-x-neoass:{1}{d}AMAR.UTU-GAR-MU=Marduk-šakin-šumi[1//1]PN'PN$Marduk-šakin-šumi",
"f": {"lang": "akk-x-neoass",
"form": "{1}{d}AMAR.UTU-GAR-MU",
"cf": "Marduk-šakin-šumi",
"gw": "1",
"sense": "1",
"norm": "Marduk-šakin-šumi",
"pos": "PN",
"epos": "PN"}
}
,
{
"node": "d",
"type": "line-start",
"ref": "P333972.4",
"n": "3",
"label": "o 3"}
,
{
"node": "l",
"frag": "lu-u",
"id": "P333972.l066b1",
"ref": "P333972.4.1",
"inst": "lū[may]MOD",
"sig": "@saao/saa10%akk-x-neoass:lu-u=lū[may//may]MOD'MOD$lū",
"f": {"lang": "akk-x-neoass",
"form": "lu-u",
"cf": "lū",
"gw": "may",
"sense": "may",
"norm": "lū",
"pos": "MOD",
"epos": "MOD"}
}
,
{
"node": "l",
"frag": "DI-mu",
"id": "P333972.l066b2",
"ref": "P333972.4.2",
"inst": "šulmu[health]N",
"sig": "@saao/saa10%akk-x-neoass:DI-mu=šulmu[completeness//health]N'N$šulmu",
"f": {"lang": "akk-x-neoass",
"form": "DI-mu",
"cf": "šulmu",
"gw": "completeness",
"sense": "health",
"norm": "šulmu",
"pos": "N",
"epos": "N"}
}
,
{
"node": "l",
"frag": "a-na",
"id": "P333972.l066b3",
"ref": "P333972.4.3",
"inst": "ana[to]PRP",
"sig": "@saao/saa10%akk-x-neoass:a-na=ana[to//to]PRP'PRP$ana",
"f": {"lang": "akk-x-neoass",
"form": "a-na",
"cf": "ana",
"gw": "to",
"sense": "to",
"norm": "ana",
"pos": "PRP",
"epos": "PRP"}
}
,
{
"node": "l",
"frag": "LUGAL",
"id": "P333972.l066b4",
"ref": "P333972.4.4",
"inst": "šarri[king]N",
"sig": "@saao/saa10%akk-x-neoass:LUGAL=šarru[king//king]N'N$šarri",
"f": {"lang": "akk-x-neoass",
"form": "LUGAL",
"cf": "šarru",
"gw": "king",
"sense": "king",
"norm": "šarri",
"pos": "N",
"epos": "N"}
}
,
{
"node": "l",
"frag": "EN-ia₂",
"id": "P333972.l066b5",
"ref": "P333972.4.5",
"inst": "bēlīya[lord]N",
"sig": "@saao/saa10%akk-x-neoass:EN-ia₂=bēlu[lord//lord]N'N$bēlīya",
"f": {"lang": "akk-x-neoass",
"form": "EN-ia₂",
"cf": "bēlu",
"gw": "lord",
"sense": "lord",
"norm": "bēlīya",
"pos": "N",
"epos": "N"}
}
,
{
"node": "d",
"type": "line-start",
"ref": "P333972.5",
"n": "4",
"label": "o 4"}
,
{
"node": "l",
"frag": "{d}PA",
"id": "P333972.l066b6",
"ref": "P333972.5.1",
"inst": "Nabu[1]DN",
"sig": "@saao/saa10%akk-x-neoass:{d}PA=Nabu[1//1]DN'DN$Nabu",
"f": {"lang": "akk-x-neoass",
"form": "{d}PA",
"cf": "Nabu",
"gw": "1",
"sense": "1",
"norm": "Nabu",
"pos": "DN",
"epos": "DN"}
}
,
{
"node": "l",
"frag": "u",
"id": "P333972.l066b7",
"ref": "P333972.5.2",
"inst": "u[and]CNJ",
"sig": "@saao/saa10%akk-x-neoass:u=u[and//and]CNJ'CNJ$u",
"f": {"lang": "akk-x-neoass",
"form": "u",
"cf": "u",
"gw": "and",
"sense": "and",
"norm": "u",
"pos": "CNJ",
"epos": "CNJ"}
}
,
{
"node": "l",
"frag": "{d}AMAR.UTU",
"id": "P333972.l066b8",
"ref": "P333972.5.3",
"inst": "Marduk[1]DN",
"sig": "@saao/saa10%akk-x-neoass:{d}AMAR.UTU=Marduk[1//1]DN'DN$Marduk",
"f": {"lang": "akk-x-neoass",
"form": "{d}AMAR.UTU",
"cf": "Marduk",
"gw": "1",
"sense": "1",
"norm": "Marduk",
"pos": "DN",
"epos": "DN"}
}
,
{
"node": "l",
"frag": "a-na",
"id": "P333972.l066b9",
"ref": "P333972.5.4",
"inst": "ana[to]PRP",
"sig": "@saao/saa10%akk-x-neoass:a-na=ana[to//to]PRP'PRP$ana",
"f": {"lang": "akk-x-neoass",
"form": "a-na",
"cf": "ana",
"gw": "to",
"sense": "to",
"norm": "ana",
"pos": "PRP",
"epos": "PRP"}
}
,
{
"node": "l",
"frag": "LUGAL",
"id": "P333972.l066ba",
"ref": "P333972.5.5",
"inst": "šarri[king]N",
"sig": "@saao/saa10%akk-x-neoass:LUGAL=šarru[king//king]N'N$šarri",
"f": {"lang": "akk-x-neoass",
"form": "LUGAL",
"cf": "šarru",
"gw": "king",
"sense": "king",
"norm": "šarri",
"pos": "N",
"epos": "N"}
}
,
{
"node": "l",
"frag": "EN-ia₂",
"id": "P333972.l066bb",
"ref": "P333972.5.6",
"inst": "bēlīya[lord]N",
"sig": "@saao/saa10%akk-x-neoass:EN-ia₂=bēlu[lord//lord]N'N$bēlīya",
"f": {"lang": "akk-x-neoass",
"form": "EN-ia₂",
"cf": "bēlu",
"gw": "lord",
"sense": "lord",
"norm": "bēlīya",
"pos": "N",
"epos": "N"}
}
,
{
"node": "d",
"type": "line-start",
"ref": "P333972.6",
"n": "5",
"label": "o 5"}
,
{
"node": "l",
"frag": "lik-ru-bu",
"id": "P333972.l066bc",
"ref": "P333972.6.1",
"inst": "likrubu[bless]V",
"sig": "@saao/saa10%akk-x-neoass:lik-ru-bu=karābu[pray//bless]V'V$likrubu",
"f": {"lang": "akk-x-neoass",
"form": "lik-ru-bu",
"cf": "karābu",
"gw": "pray",
"sense": "bless",
"norm": "likrubu",
"pos": "V",
"epos": "V"}
}
,
{
"node": "l",
"frag": "ina",
"id": "P333972.l066bd",
"ref": "P333972.6.2",
"inst": "ina[in]PRP",
"sig": "@saao/saa10%akk-x-neoass:ina=ina[in//from]PRP'PRP$ina",
"f": {"lang": "akk-x-neoass",
"form": "ina",
"cf": "ina",
"gw": "in",
"sense": "from",
"norm": "ina",
"pos": "PRP",
"epos": "PRP"}
}
,
{
"node": "l",
"frag": "UGU",
"id": "P333972.l066be",
"ref": "P333972.6.3",
"inst": "muhhi[skull]N",
"sig": "@saao/saa10%akk-x-neoass:UGU=muhhu[skull//skull]N'N$muhhi",
"f": {"lang": "akk-x-neoass",
"form": "UGU",
"cf": "muhhu",
"gw": "skull",
"sense": "skull",
"norm": "muhhi",
"pos": "N",
"epos": "N"}
}
,
{
"node": "l",
"frag": "dul-li",
"id": "P333972.l066bf",
"ref": "P333972.6.4",
"inst": "dulli[ritual]N",
"sig": "@saao/saa10%akk-x-neoass:dul-li=dullu[trouble//ritual]N'N$dulli",
"f": {"lang": "akk-x-neoass",
"form": "dul-li",
"cf": "dullu",
"gw": "trouble",
"sense": "ritual",
"norm": "dulli",
"pos": "N",
"epos": "N"}
}
,
{
"node": "d",
"type": "line-start",
"ref": "P333972.7",
"n": "6",
"label": "o 6"}
,
{
"node": "l",
"frag": "ša",
"id": "P333972.l066c0",
"ref": "P333972.7.1",
"inst": "ša[which]REL",
"sig": "@saao/saa10%akk-x-neoass:ša=ša[that//which]REL'REL$ša",
"f": {"lang": "akk-x-neoass",
"form": "ša",
"cf": "ša",
"gw": "that",
"sense": "which",
"norm": "ša",
"pos": "REL",
"epos": "REL"}
}
,
{
"node": "l",
"frag": "is-su",
"id": "P333972.l066c1",
"ref": "P333972.7.2",
"inst": "+ištu[from+=recently]PRP$issu",
"sig": "@saao/saa10%akk-x-neoass:is-su=ištu[from//from]PRP'PRP$issu",
"f": {"lang": "akk-x-neoass",
"form": "is-su",
"cf": "ištu",
"gw": "from",
"sense": "from",
"norm": "issu",
"pos": "PRP",
"epos": "PRP"}
}
,
{
"node": "l",
"frag": "ha-ra-am-me",
"id": "P333972.l066c2",
"ref": "P333972.7.3",
"inst": "+haramma[later]AV$haramme",
"sig": "@saao/saa10%akk-x-neoass:ha-ra-am-me=haramma[later//later]AV'AV$haramme",
"f": {"lang": "akk-x-neoass",
"form": "ha-ra-am-me",
"cf": "haramma",
"gw": "later",
"sense": "later",
"norm": "haramme",
"pos": "AV",
"epos": "AV"}
}
,
{
"node": "d",
"type": "line-start",
"ref": "P333972.8",
"n": "7",
"label": "o 7"}
,
{
"node": "l",
"frag": "a-na",
"id": "P333972.l066c3",
"ref": "P333972.8.1",
"inst": "ana[to]PRP",
"sig": "@saao/saa10%akk-x-neoass:a-na=ana[to//to]PRP'PRP$ana",
"f": {"lang": "akk-x-neoass",
"form": "a-na",
"cf": "ana",
"gw": "to",
"sense": "to",
"norm": "ana",
"pos": "PRP",
"epos": "PRP"}
}
,
{
"node": "l",
"frag": "LUGAL",
"id": "P333972.l066c4",
"ref": "P333972.8.2",
"inst": "šarri[king]N",
"sig": "@saao/saa10%akk-x-neoass:LUGAL=šarru[king//king]N'N$šarri",
"f": {"lang": "akk-x-neoass",
"form": "LUGAL",
"cf": "šarru",
"gw": "king",
"sense": "king",
"norm": "šarri",
"pos": "N",
"epos": "N"}
}
,
{
"node": "l",
"frag": "EN-ia₂",
"id": "P333972.l066c5",
"ref": "P333972.8.3",
"inst": "bēlīya[lord]N",
"sig": "@saao/saa10%akk-x-neoass:EN-ia₂=bēlu[lord//lord]N'N$bēlīya",
"f": {"lang": "akk-x-neoass",
"form": "EN-ia₂",
"cf": "bēlu",
"gw": "lord",
"sense": "lord",
"norm": "bēlīya",
"pos": "N",
"epos": "N"}
}
,
{
"node": "l",
"frag": "aš₂-pur-an-ni",
"id": "P333972.l066c6",
"ref": "P333972.8.4",
"inst": "ašpuranni[write]V",
"sig": "@saao/saa10%akk-x-neoass:aš₂-pur-an-ni=šapāru[send//write]V'V$ašpuranni",
"f": {"lang": "akk-x-neoass",
"form": "aš₂-pur-an-ni",
"cf": "šapāru",
"gw": "send",
"sense": "write",
"norm": "ašpuranni",
"pos": "V",
"epos": "V"}
}
,
{
"node": "d",
"type": "line-start",
"ref": "P333972.9",
"n": "8",
"label": "o 8"}
,
{
"node": "l",
"frag": "mu-uk",
"id": "P333972.l066c7",
"ref": "P333972.9.1",
"inst": "muk[saying]PRP",
"sig": "@saao/saa10%akk-x-neoass:mu-uk=muk[saying//saying]PRP'PRP$muk",
"f": {"lang": "akk-x-neoass",
"form": "mu-uk",
"cf": "muk",
"gw": "saying",
"sense": "saying",
"norm": "muk",
"pos": "PRP",
"epos": "PRP"}
}
,
{
"node": "l",
"frag": "a-na",
"id": "P333972.l066c8",
"ref": "P333972.9.2",
"inst": "ana[to]PRP",
"sig": "@saao/saa10%akk-x-neoass:a-na=ana[to//to]PRP'PRP$ana",
"f": {"lang": "akk-x-neoass",
"form": "a-na",
"cf": "ana",
"gw": "to",
"sense": "to",
"norm": "ana",
"pos": "PRP",
"epos": "PRP"}
}
,
{
"node": "l",
"frag": "ši-a-ri",
"id": "P333972.l066c9",
"ref": "P333972.9.3",
"inst": "šiāri[morning]N",
"sig": "@saao/saa10%akk-x-neoass:ši-a-ri=šiāru[morning//morning]N'N$šiāri",
"f": {"lang": "akk-x-neoass",
"form": "ši-a-ri",
"cf": "šiāru",
"gw": "morning",
"sense": "morning",
"norm": "šiāri",
"pos": "N",
"epos": "N"}
}
,
{
"node": "d",
"type": "line-start",
"ref": "P333972.10",
"n": "9",
"label": "o 9"}
,
{
"node": "l",
"frag": "lu-ṣu-ni",
"id": "P333972.l066ca",
"ref": "P333972.10.1",
"inst": "+aṣû[go out//come out]V'V$lūṣûni",
"sig": "@saao/saa10%akk-x-neoass:lu-ṣu-ni=aṣû[go out//come out]V'V$lūṣûni",
"f": {"lang": "akk-x-neoass",
"form": "lu-ṣu-ni",
"cf": "aṣû",
"gw": "go out",
"sense": "come out",
"norm": "lūṣûni",
"pos": "V",
"epos": "V"}
}
,
{
"node": "l",
"frag": "le-pu-šu₂",
"id": "P333972.l066cb",
"ref": "P333972.10.2",
"inst": "lēpušu[perform]V",
"sig": "@saao/saa10%akk-x-neoass:le-pu-šu₂=epēšu[do//perform]V'V$lēpušu",
"f": {"lang": "akk-x-neoass",
"form": "le-pu-šu₂",
"cf": "epēšu",
"gw": "do",
"sense": "perform",
"norm": "lēpušu",
"pos": "V",
"epos": "V"}
}
,
{
"node": "d",
"type": "line-start",
"ref": "P333972.11",
"n": "10",
"label": "o 10"}
,
{
"node": "l",
"frag": "TA@v",
"id": "P333972.l066cc",
"ref": "P333972.11.1",
"inst": "issu[from]PRP",
"sig": "@saao/saa10%akk-x-neoass:TA@v=ištu[from//from]PRP'PRP$issu",
"f": {"lang": "akk-x-neoass",
"form": "TA@v",
"cf": "ištu",
"gw": "from",
"sense": "from",
"norm": "issu",
"pos": "PRP",
"epos": "PRP"}
}
,
{
"node": "l",
"frag": "ŠA₃-bi-ia",
"id": "P333972.l066cd",
"ref": "P333972.11.2",
"inst": "libbīya[interior]N",
"sig": "@saao/saa10%akk-x-neoass:ŠA₃-bi-ia=libbu[interior//interior]N'N$libbīya",
"f": {"lang": "akk-x-neoass",
"form": "ŠA₃-bi-ia",
"cf": "libbu",
"gw": "interior",
"sense": "interior",
"norm": "libbīya",
"pos": "N",
"epos": "N"}
}
,
{
"node": "l",
"frag": "e-te-li",
"id": "P333972.l066ce",
"ref": "P333972.11.3",
"inst": "ēteli[go up]V",
"sig": "@saao/saa10%akk-x-neoass:e-te-li=elû[go up//go up]V'V$ēteli",
"f": {"lang": "akk-x-neoass",
"form": "e-te-li",
"cf": "elû",
"gw": "go up",
"sense": "go up",
"norm": "ēteli",
"pos": "V",
"epos": "V"}
}
,
{
"node": "d",
"type": "line-start",
"ref": "P333972.12",
"n": "11",
"label": "o 11"}
,
{
"node": "l",
"frag": "ki-i",
"id": "P333972.l066cf",
"ref": "P333972.12.1",
"inst": "kî[that]'SBJ",
"sig": "@saao/saa10%akk-x-neoass:ki-i=kī[like//that]PRP'SBJ$kî",
"f": {"lang": "akk-x-neoass",
"form": "ki-i",
"cf": "kī",
"gw": "like",
"sense": "that",
"norm": "kî",
"pos": "PRP",
"epos": "SBJ"}
}
,
{
"node": "l",
"frag": "iš-ši-a-⸢ri⸣",
"id": "P333972.l066d0",
"ref": "P333972.12.2",
"cof-tails": "P333972.l066d1",
"inst": "+ina[in]PRP$&+šiāru[morning]N$šiāri",
"sig": "@saao/saa10%akk-x-neoass:iš-ši-a-ri=ina[in//in]PRP'PRP$ina&&@saao/saa10%akk-x-neoass:=šiāru[morning//morning]N'N$šiāri",
"f": {"lang": "akk-x-neoass",
"form": "iš-ši-a-ri",
"cf": "ina",
"gw": "in",
"sense": "in",
"norm": "ina",
"pos": "PRP",
"epos": "PRP"}
}
,
{
"node": "l",
"frag": "iš-ši-a-⸢ri⸣",
"id": "P333972.l066d1",
"ref": "P333972.12.2",
"cof-head": "P333972.l066d0",
"inst": "+ina[in]PRP$&+šiāru[morning]N$šiāri",
"f": {"lang": "akk-x-neoass",
"form": "iš-ši-a-ri",
"cf": "šiāru",
"gw": "morning",
"sense": "morning",
"norm": "šiāri",
"pos": "N",
"epos": "N"}
}
,
{
"node": "d",
"type": "line-start",
"ref": "P333972.13",
"n": "12",
"label": "o 12"}
,
{
"node": "l",
"frag": "⸢UD⸣-um",
"id": "P333972.l066d2",
"ref": "P333972.13.1",
"inst": "+ūmu[day]N$ūm",
"sig": "@saao/saa10%akk-x-neoass:UD-um=ūmu[day//day]N'N$ūm",
"f": {"lang": "akk-x-neoass",
"form": "UD-um",
"cf": "ūmu",
"gw": "day",
"sense": "day",
"norm": "ūm",
"pos": "N",
"epos": "N"}
}
,
{
"node": "l",
"frag": "DINGIR",
"id": "P333972.l066d3",
"ref": "P333972.13.2",
"inst": "+ilu[god]N$il",
"sig": "@saao/saa10%akk-x-neoass:DINGIR=ilu[god//god]N'N$il",
"f": {"lang": "akk-x-neoass",
"form": "DINGIR",
"cf": "ilu",
"gw": "god",
"sense": "god",
"norm": "il",
"pos": "N",
"epos": "N"}
}
,
{
"node": "l",
"frag": "⸢URU⸣",
"id": "P333972.l066d4",
"ref": "P333972.13.3",
"inst": "āli[city]N",
"sig": "@saao/saa10%akk-x-neoass:URU=ālu[city//city]N'N$āli",
"f": {"lang": "akk-x-neoass",
"form": "URU",
"cf": "ālu",
"gw": "city",
"sense": "city",
"norm": "āli",
"pos": "N",
"epos": "N"}
}
,
{
"node": "d",
"subtype": "reverse",
"type": "surface",
"ref": "P333972.r.14",
"type": "reverse",
"label": "r"}
,
{
"node": "d",
"type": "line-start",
"ref": "P333972.15",
"n": "1",
"label": "r 1"}
,
{
"node": "l",
"frag": "[šu]-tu-u-ni",
"id": "P333972.l066d5",
"ref": "P333972.15.1",
"inst": "šūtūni[it]IP",
"sig": "@saao/saa10%akk-x-neoass:šu-tu-u-ni=šūtu[he//it]IP'IP$šūtūni",
"f": {"lang": "akk-x-neoass",
"form": "šu-tu-u-ni",
"cf": "šūtu",
"gw": "he",
"sense": "it",
"norm": "šūtūni",
"pos": "IP",
"epos": "IP"}
}
,
{
"node": "l",
"frag": "[o]",
"id": "P333972.l066d6",
"ref": "P333972.15.2",
"inst": "u",
"f": {"lang": "akk-x-neoass",
"form": "o",
"pos": "u"}
}
,
{
"node": "d",
"type": "line-start",
"ref": "P333972.16",
"n": "2",
"label": "r 2"}
,
{
"node": "l",
"frag": "[o",
"id": "P333972.l066d7",
"ref": "P333972.16.1",
"inst": "u",
"f": {"lang": "akk-x-neoass",
"form": "o",
"pos": "u"}
}
,
{
"node": "l",
"frag": "ina]",
"id": "P333972.l066d8",
"ref": "P333972.16.2",
"inst": "ina[in]PRP",
"sig": "@saao/saa10%akk-x-neoass:ina=ina[in//from]PRP'PRP$ina",
"f": {"lang": "akk-x-neoass",
"form": "ina",
"cf": "ina",
"gw": "in",
"sense": "from",
"norm": "ina",
"pos": "PRP",
"epos": "PRP"}
}
,
{
"node": "l",
"frag": "ŠA₃-bi",
"id": "P333972.l066d9",
"ref": "P333972.16.3",
"inst": "libbi[interior]N",
"sig": "@saao/saa10%akk-x-neoass:ŠA₃-bi=libbu[interior//interior]N'N$libbi",
"f": {"lang": "akk-x-neoass",
"form": "ŠA₃-bi",
"cf": "libbu",
"gw": "interior",
"sense": "interior",
"norm": "libbi",
"pos": "N",
"epos": "N"}
}
,
{
"node": "l",
"frag": "al-tu-⸢sum⸣",
"id": "P333972.l066da",
"ref": "P333972.16.4",
"inst": "+lasāmu[run//rush]V'V$altusum",
"sig": "@saao/saa10%akk-x-neoass:al-tu-sum=lasāmu[run//rush]V'V$altusum",
"f": {"lang": "akk-x-neoass",
"form": "al-tu-sum",
"cf": "lasāmu",
"gw": "run",
"sense": "rush",
"norm": "altusum",
"pos": "V",
"epos": "V"}
}
,
{
"node": "d",
"type": "line-start",
"ref": "P333972.17",
"n": "3",
"label": "r 3"}
,
{
"node": "l",
"frag": "la",
"id": "P333972.l066db",
"ref": "P333972.17.1",
"inst": "lā[not]MOD",
"sig": "@saao/saa10%akk-x-neoass:la=lā[not//not]MOD'MOD$lā",
"f": {"lang": "akk-x-neoass",
"form": "la",
"cf": "lā",
"gw": "not",
"sense": "not",
"norm": "lā",
"pos": "MOD",
"epos": "MOD"}
}
,
{
"node": "l",
"frag": "DUG₃.GA",
"id": "P333972.l066dc",
"ref": "P333972.17.2",
"inst": "ṭāba[good]AJ",
"sig": "@saao/saa10%akk-x-neoass:DUG₃.GA=ṭābu[good//good]AJ'AJ$ṭāba",
"f": {"lang": "akk-x-neoass",
"form": "DUG₃.GA",
"cf": "ṭābu",
"gw": "good",
"sense": "good",
"norm": "ṭāba",
"pos": "AJ",
"epos": "AJ"}
}
,
{
"node": "l",
"frag": "a-na",
"id": "P333972.l066dd",
"ref": "P333972.17.3",
"inst": "ana[for]PRP",
"sig": "@saao/saa10%akk-x-neoass:a-na=ana[to//for]PRP'PRP$ana",
"f": {"lang": "akk-x-neoass",
"form": "a-na",
"cf": "ana",
"gw": "to",
"sense": "for",
"norm": "ana",
"pos": "PRP",
"epos": "PRP"}
}
,
{
"node": "l",
"frag": "u₂-[ṣe-e]",
"id": "P333972.l066de",
"ref": "P333972.17.4",
"inst": "uṣê[going out]'N",
"sig": "@saao/saa10%akk-x-neoass:u₂-ṣe-e=aṣû[go out//going out]V'N$uṣê",
"f": {"lang": "akk-x-neoass",
"form": "u₂-ṣe-e",
"cf": "aṣû",
"gw": "go out",
"sense": "going out",
"norm": "uṣê",
"pos": "V",
"epos": "N"}
}
,
{
"node": "d",
"type": "line-start",
"ref": "P333972.18",
"n": "4",
"label": "r 4"}
,
{
"node": "l",
"frag": "a-na",
"id": "P333972.l066df",
"ref": "P333972.18.1",
"inst": "ana[for]PRP",
"sig": "@saao/saa10%akk-x-neoass:a-na=ana[to//for]PRP'PRP$ana",
"f": {"lang": "akk-x-neoass",
"form": "a-na",
"cf": "ana",
"gw": "to",
"sense": "for",
"norm": "ana",
"pos": "PRP",
"epos": "PRP"}
}
,
{
"node": "l",
"frag": "e-pa-[a-še]",
"id": "P333972.l066e0",
"ref": "P333972.18.2",
"inst": "epāše[performance]'N",
"sig": "@saao/saa10%akk-x-neoass:e-pa-a-še=epēšu[do//performance]V'N$epāše",
"f": {"lang": "akk-x-neoass",
"form": "e-pa-a-še",
"cf": "epēšu",
"gw": "do",
"sense": "performance",
"norm": "epāše",
"pos": "V",
"epos": "N"}
}
,
{
"node": "d",
"type": "line-start",
"ref": "P333972.19",
"n": "5",
"label": "r 5"}
,
{
"node": "l",
"frag": "a-na",
"id": "P333972.l066e1",
"ref": "P333972.19.1",
"inst": "+ana[to//on]PRP'PRP$",
"sig": "@saao/saa10%akk-x-neoass:a-na=ana[to//on]PRP'PRP$ana",
"f": {"lang": "akk-x-neoass",
"form": "a-na",
"cf": "ana",
"gw": "to",
"sense": "on",
"norm": "ana",
"pos": "PRP",
"epos": "PRP"}
}
,
{
"node": "l",
"frag": "UD",
"id": "P333972.l066e2",
"ref": "P333972.19.2",
"inst": "ūm[day]N",
"sig": "@saao/saa10%akk-x-neoass:UD=ūmu[day//day]N'N$ūm",
"f": {"lang": "akk-x-neoass",
"form": "UD",
"cf": "ūmu",
"gw": "day",
"sense": "day",
"norm": "ūm",
"pos": "N",
"epos": "N"}
}
,
{
"node": "l",
"frag": "07-KAM₂\\t-im-ma",
"id": "P333972.l066e3",
"ref": "P333972.19.3",
"inst": "n",
"f": {"lang": "akk-x-neoass",
"form": "07-KAM₂-im-ma",
"pos": "n"}
}
,
{
"node": "d",
"type": "line-start",
"ref": "P333972.20",
"n": "6",
"label": "r 6"}
,
{
"node": "l",
"frag": "ni-kar-ri-ik",
"id": "P333972.l066e4",
"ref": "P333972.20.1",
"inst": "+karāku[roll up//gather]V'V$nikarrik",
"sig": "@saao/saa10%akk-x-neoass:ni-kar-ri-ik=karāku[roll up//gather]V'V$nikarrik",
"f": {"lang": "akk-x-neoass",
"form": "ni-kar-ri-ik",
"cf": "karāku",
"gw": "roll up",
"sense": "gather",
"norm": "nikarrik",
"pos": "V",
"epos": "V"}
}
,
{
"node": "l",
"frag": "ne₂-ep-pa-aš₂",
"id": "P333972.l066e5",
"ref": "P333972.20.2",
"inst": "neppaš[perform]V",
"sig": "@saao/saa10%akk-x-neoass:ne₂-ep-pa-aš₂=epēšu[do//perform]V'V$neppaš",
"f": {"lang": "akk-x-neoass",
"form": "ne₂-ep-pa-aš₂",
"cf": "epēšu",
"gw": "do",
"sense": "perform",
"norm": "neppaš",
"pos": "V",
"epos": "V"}
}
,
{
"node": "d",
"type": "nonx",
"ref": "P333972.21",
"strict": "0",
"extent": "rest",
"state": "blank"}
]}
]}
]}
]}
