{
"type": "cdl",
  "source": "http://oracc.org/saao/saa10",
  "license": "This data is released under the CC0 license",
  "license-url": "https://creativecommons.org/publicdomain/zero/1.0/",
  "more-info": "http://oracc.org/doc/opendata/",
  "UTC-timestamp": "2017-05-19T11:42:29",
"project": "saao/saa10",
"textid": "P333966",
"cdl": [
{
"node": "c",
"type": "text",
"id": "P333966.U0",
"cdl": [
{
"node": "d",
"type": "object",
"ref": ""}
,
{
"node": "d",
"subtype": "obverse",
"type": "surface",
"ref": "P333966.o.1",
"type": "obverse",
"label": "o"}
,
{
"node": "c",
"type": "discourse",
"subtype": "body",
"id": "P333966.U1",
"cdl": [
{
"node": "c",
"type": "sentence",
"id": "P333966.U2",
"label": "o 1 - r 5'",
"cdl": [
{
"node": "d",
"type": "line-start",
"ref": "P333966.2",
"n": "1",
"label": "o 1"}
,
{
"node": "l",
"frag": "a-na",
"id": "P333966.l05aed",
"ref": "P333966.2.1",
"inst": "ana[to]PRP",
"sig": "@saao/saa10%akk-x-neoass:a-na=ana[to//to]PRP'PRP$ana",
"f": {"lang": "akk-x-neoass",
"form": "a-na",
"cf": "ana",
"gw": "to",
"sense": "to",
"norm": "ana",
"pos": "PRP",
"epos": "PRP"}
}
,
{
"node": "l",
"frag": "LUGAL",
"id": "P333966.l05aee",
"ref": "P333966.2.2",
"inst": "šarri[king]N",
"sig": "@saao/saa10%akk-x-neoass:LUGAL=šarru[king//king]N'N$šarri",
"f": {"lang": "akk-x-neoass",
"form": "LUGAL",
"cf": "šarru",
"gw": "king",
"sense": "king",
"norm": "šarri",
"pos": "N",
"epos": "N"}
}
,
{
"node": "l",
"frag": "be-li₂-ni",
"id": "P333966.l05aef",
"ref": "P333966.2.3",
"inst": "bēlīni[lord]N",
"sig": "@saao/saa10%akk-x-neoass:be-li₂-ni=bēlu[lord//lord]N'N$bēlīni",
"f": {"lang": "akk-x-neoass",
"form": "be-li₂-ni",
"cf": "bēlu",
"gw": "lord",
"sense": "lord",
"norm": "bēlīni",
"pos": "N",
"epos": "N"}
}
,
{
"node": "d",
"type": "line-start",
"ref": "P333966.3",
"n": "2",
"label": "o 2"}
,
{
"node": "l",
"frag": "ARAD-MEŠ-ka",
"id": "P333966.l05af0",
"ref": "P333966.3.1",
"inst": "urdānīka[servant]N",
"sig": "@saao/saa10%akk-x-neoass:ARAD-MEŠ-ka=ardu[slave//servant]N'N$urdānīka",
"f": {"lang": "akk-x-neoass",
"form": "ARAD-MEŠ-ka",
"cf": "ardu",
"gw": "slave",
"sense": "servant",
"norm": "urdānīka",
"pos": "N",
"epos": "N"}
}
,
{
"node": "l",
"frag": "{1}{d}IM-MU-PAB",
"id": "P333966.l05af1",
"ref": "P333966.3.2",
"inst": "Adad-šumu-uṣur[1]PN",
"sig": "@saao/saa10%akk-x-neoass:{1}{d}IM-MU-PAB=Adad-šumu-uṣur[1//1]PN'PN$Adad-šumu-uṣur",
"f": {"lang": "akk-x-neoass",
"form": "{1}{d}IM-MU-PAB",
"cf": "Adad-šumu-uṣur",
"gw": "1",
"sense": "1",
"norm": "Adad-šumu-uṣur",
"pos": "PN",
"epos": "PN"}
}
,
{
"node": "d",
"type": "line-start",
"ref": "P333966.4",
"n": "3",
"label": "o 3"}
,
{
"node": "l",
"frag": "{1}{d}AMAR.UTU-GAR-MU",
"id": "P333966.l05af2",
"ref": "P333966.4.1",
"inst": "Marduk-šakin-šumi[1]PN",
"sig": "@saao/saa10%akk-x-neoass:{1}{d}AMAR.UTU-GAR-MU=Marduk-šakin-šumi[1//1]PN'PN$Marduk-šakin-šumi",
"f": {"lang": "akk-x-neoass",
"form": "{1}{d}AMAR.UTU-GAR-MU",
"cf": "Marduk-šakin-šumi",
"gw": "1",
"sense": "1",
"norm": "Marduk-šakin-šumi",
"pos": "PN",
"epos": "PN"}
}
,
{
"node": "d",
"type": "line-start",
"ref": "P333966.5",
"n": "4",
"label": "o 4"}
,
{
"node": "l",
"frag": "lu-u",
"id": "P333966.l05af3",
"ref": "P333966.5.1",
"inst": "lū[may]MOD",
"sig": "@saao/saa10%akk-x-neoass:lu-u=lū[may//may]MOD'MOD$lū",
"f": {"lang": "akk-x-neoass",
"form": "lu-u",
"cf": "lū",
"gw": "may",
"sense": "may",
"norm": "lū",
"pos": "MOD",
"epos": "MOD"}
}
,
{
"node": "l",
"frag": "DI-mu",
"id": "P333966.l05af4",
"ref": "P333966.5.2",
"inst": "šulmu[health]N",
"sig": "@saao/saa10%akk-x-neoass:DI-mu=šulmu[completeness//health]N'N$šulmu",
"f": {"lang": "akk-x-neoass",
"form": "DI-mu",
"cf": "šulmu",
"gw": "completeness",
"sense": "health",
"norm": "šulmu",
"pos": "N",
"epos": "N"}
}
,
{
"node": "l",
"frag": "a-na",
"id": "P333966.l05af5",
"ref": "P333966.5.3",
"inst": "ana[to]PRP",
"sig": "@saao/saa10%akk-x-neoass:a-na=ana[to//to]PRP'PRP$ana",
"f": {"lang": "akk-x-neoass",
"form": "a-na",
"cf": "ana",
"gw": "to",
"sense": "to",
"norm": "ana",
"pos": "PRP",
"epos": "PRP"}
}
,
{
"node": "l",
"frag": "LUGAL",
"id": "P333966.l05af6",
"ref": "P333966.5.4",
"inst": "šarri[king]N",
"sig": "@saao/saa10%akk-x-neoass:LUGAL=šarru[king//king]N'N$šarri",
"f": {"lang": "akk-x-neoass",
"form": "LUGAL",
"cf": "šarru",
"gw": "king",
"sense": "king",
"norm": "šarri",
"pos": "N",
"epos": "N"}
}
,
{
"node": "l",
"frag": "be-li₂-ni",
"id": "P333966.l05af7",
"ref": "P333966.5.5",
"inst": "bēlīni[lord]N",
"sig": "@saao/saa10%akk-x-neoass:be-li₂-ni=bēlu[lord//lord]N'N$bēlīni",
"f": {"lang": "akk-x-neoass",
"form": "be-li₂-ni",
"cf": "bēlu",
"gw": "lord",
"sense": "lord",
"norm": "bēlīni",
"pos": "N",
"epos": "N"}
}
,
{
"node": "d",
"type": "line-start",
"ref": "P333966.6",
"n": "5",
"label": "o 5"}
,
{
"node": "l",
"frag": "{d}PA",
"id": "P333966.l05af8",
"ref": "P333966.6.1",
"inst": "Nabu[1]DN",
"sig": "@saao/saa10%akk-x-neoass:{d}PA=Nabu[1//1]DN'DN$Nabu",
"f": {"lang": "akk-x-neoass",
"form": "{d}PA",
"cf": "Nabu",
"gw": "1",
"sense": "1",
"norm": "Nabu",
"pos": "DN",
"epos": "DN"}
}
,
{
"node": "l",
"frag": "u",
"id": "P333966.l05af9",
"ref": "P333966.6.2",
"inst": "u[and]CNJ",
"sig": "@saao/saa10%akk-x-neoass:u=u[and//and]CNJ'CNJ$u",
"f": {"lang": "akk-x-neoass",
"form": "u",
"cf": "u",
"gw": "and",
"sense": "and",
"norm": "u",
"pos": "CNJ",
"epos": "CNJ"}
}
,
{
"node": "l",
"frag": "{d}AMAR.UTU",
"id": "P333966.l05afa",
"ref": "P333966.6.3",
"inst": "Marduk[1]DN",
"sig": "@saao/saa10%akk-x-neoass:{d}AMAR.UTU=Marduk[1//1]DN'DN$Marduk",
"f": {"lang": "akk-x-neoass",
"form": "{d}AMAR.UTU",
"cf": "Marduk",
"gw": "1",
"sense": "1",
"norm": "Marduk",
"pos": "DN",
"epos": "DN"}
}
,
{
"node": "l",
"frag": "a-na",
"id": "P333966.l05afb",
"ref": "P333966.6.4",
"inst": "ana[to]PRP",
"sig": "@saao/saa10%akk-x-neoass:a-na=ana[to//to]PRP'PRP$ana",
"f": {"lang": "akk-x-neoass",
"form": "a-na",
"cf": "ana",
"gw": "to",
"sense": "to",
"norm": "ana",
"pos": "PRP",
"epos": "PRP"}
}
,
{
"node": "l",
"frag": "LUGAL",
"id": "P333966.l05afc",
"ref": "P333966.6.5",
"inst": "šarri[king]N",
"sig": "@saao/saa10%akk-x-neoass:LUGAL=šarru[king//king]N'N$šarri",
"f": {"lang": "akk-x-neoass",
"form": "LUGAL",
"cf": "šarru",
"gw": "king",
"sense": "king",
"norm": "šarri",
"pos": "N",
"epos": "N"}
}
,
{
"node": "l",
"frag": "be-li₂-ni",
"id": "P333966.l05afd",
"ref": "P333966.6.6",
"inst": "bēlīni[lord]N",
"sig": "@saao/saa10%akk-x-neoass:be-li₂-ni=bēlu[lord//lord]N'N$bēlīni",
"f": {"lang": "akk-x-neoass",
"form": "be-li₂-ni",
"cf": "bēlu",
"gw": "lord",
"sense": "lord",
"norm": "bēlīni",
"pos": "N",
"epos": "N"}
}
,
{
"node": "d",
"type": "line-start",
"ref": "P333966.7",
"n": "6",
"label": "o 6"}
,
{
"node": "l",
"frag": "lik-ru-bu",
"id": "P333966.l05afe",
"ref": "P333966.7.1",
"inst": "likrubu[bless]V",
"sig": "@saao/saa10%akk-x-neoass:lik-ru-bu=karābu[pray//bless]V'V$likrubu",
"f": {"lang": "akk-x-neoass",
"form": "lik-ru-bu",
"cf": "karābu",
"gw": "pray",
"sense": "bless",
"norm": "likrubu",
"pos": "V",
"epos": "V"}
}
,
{
"node": "l",
"frag": "ina",
"id": "P333966.l05aff",
"ref": "P333966.7.2",
"inst": "ina[in]PRP",
"sig": "@saao/saa10%akk-x-neoass:ina=ina[in//from]PRP'PRP$ina",
"f": {"lang": "akk-x-neoass",
"form": "ina",
"cf": "ina",
"gw": "in",
"sense": "from",
"norm": "ina",
"pos": "PRP",
"epos": "PRP"}
}
,
{
"node": "l",
"frag": "UGU",
"id": "P333966.l05b00",
"ref": "P333966.7.3",
"inst": "muhhi[skull]N",
"sig": "@saao/saa10%akk-x-neoass:UGU=muhhu[skull//skull]N'N$muhhi",
"f": {"lang": "akk-x-neoass",
"form": "UGU",
"cf": "muhhu",
"gw": "skull",
"sense": "skull",
"norm": "muhhi",
"pos": "N",
"epos": "N"}
}
,
{
"node": "l",
"frag": "{lu₂}TUR",
"id": "P333966.l05b01",
"ref": "P333966.7.4",
"inst": "+ṣehru[small//young child]AJ'N$ṣehri",
"sig": "@saao/saa10%akk-x-neoass:{LU₂}TUR=ṣehru[small//young child]AJ'N$ṣehri",
"f": {"lang": "akk-x-neoass",
"form": "{LU₂}TUR",
"cf": "ṣehru",
"gw": "small",
"sense": "young child",
"norm": "ṣehri",
"pos": "AJ",
"epos": "N"}
}
,
{
"node": "d",
"type": "line-start",
"ref": "P333966.8",
"n": "7",
"label": "o 7"}
,
{
"node": "l",
"frag": "⸢ša",
"id": "P333966.l05b02",
"ref": "P333966.8.1",
"inst": "ša[who]REL",
"sig": "@saao/saa10%akk-x-neoass:ša=ša[that//who]REL'REL$ša",
"f": {"lang": "akk-x-neoass",
"form": "ša",
"cf": "ša",
"gw": "that",
"sense": "who",
"norm": "ša",
"pos": "REL",
"epos": "REL"}
}
,
{
"node": "l",
"frag": "LUGAL⸣",
"id": "P333966.l05b03",
"ref": "P333966.8.2",
"inst": "šarru[king]N",
"sig": "@saao/saa10%akk-x-neoass:LUGAL=šarru[king//king]N'N$šarru",
"f": {"lang": "akk-x-neoass",
"form": "LUGAL",
"cf": "šarru",
"gw": "king",
"sense": "king",
"norm": "šarru",
"pos": "N",
"epos": "N"}
}
,
{
"node": "l",
"frag": "be-[li₂-ni]",
"id": "P333966.l05b04",
"ref": "P333966.8.3",
"inst": "bēlīni[lord]N",
"sig": "@saao/saa10%akk-x-neoass:be-li₂-ni=bēlu[lord//lord]N'N$bēlīni",
"f": {"lang": "akk-x-neoass",
"form": "be-li₂-ni",
"cf": "bēlu",
"gw": "lord",
"sense": "lord",
"norm": "bēlīni",
"pos": "N",
"epos": "N"}
}
,
{
"node": "d",
"type": "nonx",
"ref": "P333966.9",
"strict": "0",
"extent": "rest",
"scope": "line",
"state": "missing"}
,
{
"node": "d",
"subtype": "reverse",
"type": "surface",
"ref": "P333966.r.10",
"type": "reverse",
"label": "r"}
,
{
"node": "d",
"type": "nonx",
"ref": "P333966.11",
"strict": "0",
"extent": "beginning",
"state": "missing"}
,
{
"node": "d",
"type": "line-start",
"ref": "P333966.12",
"n": "1'",
"label": "r 1'"}
,
{
"node": "l",
"frag": "⸢x",
"id": "P333966.l05b05",
"ref": "P333966.12.1",
"inst": "u",
"f": {"lang": "akk-x-neoass",
"form": "x",
"pos": "u"}
}
,
{
"node": "l",
"frag": "x⸣",
"id": "P333966.l05b06",
"ref": "P333966.12.2",
"inst": "u",
"f": {"lang": "akk-x-neoass",
"form": "x",
"pos": "u"}
}
,
{
"node": "l",
"frag": "[x",
"id": "P333966.l05b07",
"ref": "P333966.12.3",
"inst": "u",
"f": {"lang": "akk-x-neoass",
"form": "x",
"pos": "u"}
}
,
{
"node": "l",
"frag": "x",
"id": "P333966.l05b08",
"ref": "P333966.12.4",
"inst": "u",
"f": {"lang": "akk-x-neoass",
"form": "x",
"pos": "u"}
}
,
{
"node": "l",
"frag": "x",
"id": "P333966.l05b09",
"ref": "P333966.12.5",
"inst": "u",
"f": {"lang": "akk-x-neoass",
"form": "x",
"pos": "u"}
}
,
{
"node": "l",
"frag": "x",
"id": "P333966.l05b0a",
"ref": "P333966.12.6",
"inst": "u",
"f": {"lang": "akk-x-neoass",
"form": "x",
"pos": "u"}
}
,
{
"node": "l",
"frag": "x",
"id": "P333966.l05b0b",
"ref": "P333966.12.7",
"inst": "u",
"f": {"lang": "akk-x-neoass",
"form": "x",
"pos": "u"}
}
,
{
"node": "l",
"frag": "x]",
"id": "P333966.l05b0c",
"ref": "P333966.12.8",
"inst": "u",
"f": {"lang": "akk-x-neoass",
"form": "x",
"pos": "u"}
}
,
{
"node": "d",
"type": "line-start",
"ref": "P333966.13",
"n": "2'",
"label": "r 2'"}
,
{
"node": "l",
"frag": "ina",
"id": "P333966.l05b0d",
"ref": "P333966.13.1",
"inst": "ina[in]PRP",
"sig": "@saao/saa10%akk-x-neoass:ina=ina[in//from]PRP'PRP$ina",
"f": {"lang": "akk-x-neoass",
"form": "ina",
"cf": "ina",
"gw": "in",
"sense": "from",
"norm": "ina",
"pos": "PRP",
"epos": "PRP"}
}
,
{
"node": "l",
"frag": "⸢UGU⸣-hi-šu₂-nu",
"id": "P333966.l05b0e",
"ref": "P333966.13.2",
"inst": "muhhišunu[skull]N",
"sig": "@saao/saa10%akk-x-neoass:UGU-hi-šu₂-nu=muhhu[skull//skull]N'N$muhhišunu",
"f": {"lang": "akk-x-neoass",
"form": "UGU-hi-šu₂-nu",
"cf": "muhhu",
"gw": "skull",
"sense": "skull",
"norm": "muhhišunu",
"pos": "N",
"epos": "N"}
}
,
{
"node": "l",
"frag": "⸢x⸣+[x",
"id": "P333966.l05b0f",
"ref": "P333966.13.3",
"inst": "u",
"f": {"lang": "akk-x-neoass",
"form": "x+x",
"pos": "u"}
}
,
{
"node": "l",
"frag": "x",
"id": "P333966.l05b10",
"ref": "P333966.13.4",
"inst": "u",
"f": {"lang": "akk-x-neoass",
"form": "x",
"pos": "u"}
}
,
{
"node": "l",
"frag": "x]",
"id": "P333966.l05b11",
"ref": "P333966.13.5",
"inst": "u",
"f": {"lang": "akk-x-neoass",
"form": "x",
"pos": "u"}
}
,
{
"node": "d",
"type": "line-start",
"ref": "P333966.14",
"n": "3'",
"label": "r 3'"}
,
{
"node": "l",
"frag": "⸢šum⸣-[mu",
"id": "P333966.l05b12",
"ref": "P333966.14.1",
"inst": "šummu[if]MOD",
"sig": "@saao/saa10%akk-x-neoass:šum-mu=šumma[if//if]MOD'MOD$šummu",
"f": {"lang": "akk-x-neoass",
"form": "šum-mu",
"cf": "šumma",
"gw": "if",
"sense": "if",
"norm": "šummu",
"pos": "MOD",
"epos": "MOD"}
}
,
{
"node": "l",
"frag": "ina]",
"id": "P333966.l05b13",
"ref": "P333966.14.2",
"inst": "ina[in]PRP",
"sig": "@saao/saa10%akk-x-neoass:ina=ina[in//from]PRP'PRP$ina",
"f": {"lang": "akk-x-neoass",
"form": "ina",
"cf": "ina",
"gw": "in",
"sense": "from",
"norm": "ina",
"pos": "PRP",
"epos": "PRP"}
}
,
{
"node": "l",
"frag": "⸢IGI⸣",
"id": "P333966.l05b14",
"ref": "P333966.14.3",
"inst": "pān[front]N",
"sig": "@saao/saa10%akk-x-neoass:IGI=pānu[front//front]N'N$pān",
"f": {"lang": "akk-x-neoass",
"form": "IGI",
"cf": "pānu",
"gw": "front",
"sense": "front",
"norm": "pān",
"pos": "N",
"epos": "N"}
}
,
{
"node": "l",
"frag": "LUGAL",
"id": "P333966.l05b15",
"ref": "P333966.14.4",
"inst": "šarri[king]N",
"sig": "@saao/saa10%akk-x-neoass:LUGAL=šarru[king//king]N'N$šarri",
"f": {"lang": "akk-x-neoass",
"form": "LUGAL",
"cf": "šarru",
"gw": "king",
"sense": "king",
"norm": "šarri",
"pos": "N",
"epos": "N"}
}
,
{
"node": "l",
"frag": "⸢ma⸣-[hir]",
"id": "P333966.l05b16",
"ref": "P333966.14.5",
"inst": "mahir[acceptable]AJ",
"sig": "@saao/saa10%akk-x-neoass:ma-hir=mahru[received//acceptable]AJ'AJ$mahir",
"f": {"lang": "akk-x-neoass",
"form": "ma-hir",
"cf": "mahru",
"gw": "received",
"sense": "acceptable",
"norm": "mahir",
"pos": "AJ",
"epos": "AJ"}
}
,
{
"node": "d",
"type": "line-start",
"ref": "P333966.15",
"n": "4'",
"label": "r 4'"}
,
{
"node": "l",
"frag": "ṭe₃-e-⸢mu",
"id": "P333966.l05b17",
"ref": "P333966.15.1",
"inst": "ṭēmu[order]N",
"sig": "@saao/saa10%akk-x-neoass:ṭe₃-e-mu=ṭēmu[(fore)thought//order]N'N$ṭēmu",
"f": {"lang": "akk-x-neoass",
"form": "ṭe₃-e-mu",
"cf": "ṭēmu",
"gw": "(fore)thought",
"sense": "order",
"norm": "ṭēmu",
"pos": "N",
"epos": "N"}
}
,
{
"node": "l",
"frag": "a⸣-na",
"id": "P333966.l05b18",
"ref": "P333966.15.2",
"inst": "ana[for]PRP",
"sig": "@saao/saa10%akk-x-neoass:a-na=ana[to//for]PRP'PRP$ana",
"f": {"lang": "akk-x-neoass",
"form": "a-na",
"cf": "ana",
"gw": "to",
"sense": "for",
"norm": "ana",
"pos": "PRP",
"epos": "PRP"}
}
,
{
"node": "l",
"frag": "ba-a-di",
"id": "P333966.l05b19",
"ref": "P333966.15.3",
"inst": "bādi[evening]N",
"sig": "@saao/saa10%akk-x-neoass:ba-a-di=bādu[evening//evening]N'N$bādi",
"f": {"lang": "akk-x-neoass",
"form": "ba-a-di",
"cf": "bādu",
"gw": "evening",
"sense": "evening",
"norm": "bādi",
"pos": "N",
"epos": "N"}
}
,
{
"node": "d",
"type": "line-start",
"ref": "P333966.16",
"n": "5'",
"label": "r 5'"}
,
{
"node": "l",
"frag": "liš-ku-nu",
"id": "P333966.l05b1a",
"ref": "P333966.16.1",
"inst": "liškunu[place]V",
"sig": "@saao/saa10%akk-x-neoass:liš-ku-nu=šakānu[put//place]V'V$liškunu",
"f": {"lang": "akk-x-neoass",
"form": "liš-ku-nu",
"cf": "šakānu",
"gw": "put",
"sense": "place",
"norm": "liškunu",
"pos": "V",
"epos": "V"}
}
,
{
"node": "l",
"frag": "⸢lu",
"id": "P333966.l05b1b",
"ref": "P333966.16.2",
"inst": "lū[may]MOD",
"sig": "@saao/saa10%akk-x-neoass:lu=lū[may//may]MOD'MOD$lū",
"f": {"lang": "akk-x-neoass",
"form": "lu",
"cf": "lū",
"gw": "may",
"sense": "may",
"norm": "lū",
"pos": "MOD",
"epos": "MOD"}
}
,
{
"node": "l",
"frag": "la⸣",
"id": "P333966.l05b1c",
"ref": "P333966.16.3",
"inst": "lā[not]MOD",
"sig": "@saao/saa10%akk-x-neoass:la=lā[not//not]MOD'MOD$lā",
"f": {"lang": "akk-x-neoass",
"form": "la",
"cf": "lā",
"gw": "not",
"sense": "not",
"norm": "lā",
"pos": "MOD",
"epos": "MOD"}
}
,
{
"node": "l",
"frag": "i-sa-am-mu-u",
"id": "P333966.l05b1d",
"ref": "P333966.16.4",
"inst": "+samû[vacillate//hesitate]V'V$isammû",
"sig": "@saao/saa10%akk-x-neoass:i-sa-am-mu-u=samû[vacillate//hesitate]V'V$isammû",
"f": {"lang": "akk-x-neoass",
"form": "i-sa-am-mu-u",
"cf": "samû",
"gw": "vacillate",
"sense": "hesitate",
"norm": "isammû",
"pos": "V",
"epos": "V"}
}
]}
]}
]}
]}
