{
"type": "cdl",
  "source": "http://oracc.org/saao/saa10",
  "license": "This data is released under the CC0 license",
  "license-url": "https://creativecommons.org/publicdomain/zero/1.0/",
  "more-info": "http://oracc.org/doc/opendata/",
  "UTC-timestamp": "2017-05-19T11:42:29",
"project": "saao/saa10",
"textid": "P333969",
"cdl": [
{
"node": "c",
"type": "text",
"id": "P333969.U0",
"cdl": [
{
"node": "d",
"type": "object",
"ref": ""}
,
{
"node": "d",
"subtype": "obverse",
"type": "surface",
"ref": "P333969.o.1",
"type": "obverse",
"label": "o"}
,
{
"node": "c",
"type": "discourse",
"subtype": "body",
"id": "P333969.U1",
"cdl": [
{
"node": "c",
"type": "sentence",
"id": "P333969.U2",
"label": "o 1 - r 16",
"cdl": [
{
"node": "d",
"type": "line-start",
"ref": "P333969.2",
"n": "1",
"label": "o 1"}
,
{
"node": "l",
"frag": "[a-na]",
"id": "P333969.l065e9",
"ref": "P333969.2.1",
"inst": "ana[to]PRP",
"sig": "@saao/saa10%akk-x-neoass:a-na=ana[to//to]PRP'PRP$ana",
"f": {"lang": "akk-x-neoass",
"form": "a-na",
"cf": "ana",
"gw": "to",
"sense": "to",
"norm": "ana",
"pos": "PRP",
"epos": "PRP"}
}
,
{
"node": "l",
"frag": "⸢LUGAL⸣",
"id": "P333969.l065ea",
"ref": "P333969.2.2",
"inst": "šarri[king]N",
"sig": "@saao/saa10%akk-x-neoass:LUGAL=šarru[king//king]N'N$šarri",
"f": {"lang": "akk-x-neoass",
"form": "LUGAL",
"cf": "šarru",
"gw": "king",
"sense": "king",
"norm": "šarri",
"pos": "N",
"epos": "N"}
}
,
{
"node": "l",
"frag": "be-li₂-ia",
"id": "P333969.l065eb",
"ref": "P333969.2.3",
"inst": "bēlīya[lord]N",
"sig": "@saao/saa10%akk-x-neoass:be-li₂-ia=bēlu[lord//lord]N'N$bēlīya",
"f": {"lang": "akk-x-neoass",
"form": "be-li₂-ia",
"cf": "bēlu",
"gw": "lord",
"sense": "lord",
"norm": "bēlīya",
"pos": "N",
"epos": "N"}
}
,
{
"node": "d",
"type": "line-start",
"ref": "P333969.3",
"n": "2",
"label": "o 2"}
,
{
"node": "l",
"frag": "[ARAD-ka]",
"id": "P333969.l065ec",
"ref": "P333969.3.1",
"inst": "urdaka[servant]N",
"sig": "@saao/saa10%akk-x-neoass:ARAD-ka=ardu[slave//servant]N'N$urdaka",
"f": {"lang": "akk-x-neoass",
"form": "ARAD-ka",
"cf": "ardu",
"gw": "slave",
"sense": "servant",
"norm": "urdaka",
"pos": "N",
"epos": "N"}
}
,
{
"node": "l",
"frag": "{1}{d}AMAR.UTU-GAR-MU",
"id": "P333969.l065ed",
"ref": "P333969.3.2",
"inst": "Marduk-šakin-šumi[1]PN",
"sig": "@saao/saa10%akk-x-neoass:{1}{d}AMAR.UTU-GAR-MU=Marduk-šakin-šumi[1//1]PN'PN$Marduk-šakin-šumi",
"f": {"lang": "akk-x-neoass",
"form": "{1}{d}AMAR.UTU-GAR-MU",
"cf": "Marduk-šakin-šumi",
"gw": "1",
"sense": "1",
"norm": "Marduk-šakin-šumi",
"pos": "PN",
"epos": "PN"}
}
,
{
"node": "d",
"type": "line-start",
"ref": "P333969.4",
"n": "3",
"label": "o 3"}
,
{
"node": "l",
"frag": "lu-u",
"id": "P333969.l065ee",
"ref": "P333969.4.1",
"inst": "lū[may]MOD",
"sig": "@saao/saa10%akk-x-neoass:lu-u=lū[may//may]MOD'MOD$lū",
"f": {"lang": "akk-x-neoass",
"form": "lu-u",
"cf": "lū",
"gw": "may",
"sense": "may",
"norm": "lū",
"pos": "MOD",
"epos": "MOD"}
}
,
{
"node": "l",
"frag": "DI-mu",
"id": "P333969.l065ef",
"ref": "P333969.4.2",
"inst": "šulmu[health]N",
"sig": "@saao/saa10%akk-x-neoass:DI-mu=šulmu[completeness//health]N'N$šulmu",
"f": {"lang": "akk-x-neoass",
"form": "DI-mu",
"cf": "šulmu",
"gw": "completeness",
"sense": "health",
"norm": "šulmu",
"pos": "N",
"epos": "N"}
}
,
{
"node": "l",
"frag": "a-na",
"id": "P333969.l065f0",
"ref": "P333969.4.3",
"inst": "ana[to]PRP",
"sig": "@saao/saa10%akk-x-neoass:a-na=ana[to//to]PRP'PRP$ana",
"f": {"lang": "akk-x-neoass",
"form": "a-na",
"cf": "ana",
"gw": "to",
"sense": "to",
"norm": "ana",
"pos": "PRP",
"epos": "PRP"}
}
,
{
"node": "l",
"frag": "LUGAL",
"id": "P333969.l065f1",
"ref": "P333969.4.4",
"inst": "šarri[king]N",
"sig": "@saao/saa10%akk-x-neoass:LUGAL=šarru[king//king]N'N$šarri",
"f": {"lang": "akk-x-neoass",
"form": "LUGAL",
"cf": "šarru",
"gw": "king",
"sense": "king",
"norm": "šarri",
"pos": "N",
"epos": "N"}
}
,
{
"node": "l",
"frag": "EN-ia",
"id": "P333969.l065f2",
"ref": "P333969.4.5",
"inst": "bēlīya[lord]N",
"sig": "@saao/saa10%akk-x-neoass:EN-ia=bēlu[lord//lord]N'N$bēlīya",
"f": {"lang": "akk-x-neoass",
"form": "EN-ia",
"cf": "bēlu",
"gw": "lord",
"sense": "lord",
"norm": "bēlīya",
"pos": "N",
"epos": "N"}
}
,
{
"node": "d",
"type": "line-start",
"ref": "P333969.5",
"n": "4",
"label": "o 4"}
,
{
"node": "l",
"frag": "{d}PA",
"id": "P333969.l065f3",
"ref": "P333969.5.1",
"inst": "Nabu[1]DN",
"sig": "@saao/saa10%akk-x-neoass:{d}PA=Nabu[1//1]DN'DN$Nabu",
"f": {"lang": "akk-x-neoass",
"form": "{d}PA",
"cf": "Nabu",
"gw": "1",
"sense": "1",
"norm": "Nabu",
"pos": "DN",
"epos": "DN"}
}
,
{
"node": "l",
"frag": "u",
"id": "P333969.l065f4",
"ref": "P333969.5.2",
"inst": "u[and]CNJ",
"sig": "@saao/saa10%akk-x-neoass:u=u[and//and]CNJ'CNJ$u",
"f": {"lang": "akk-x-neoass",
"form": "u",
"cf": "u",
"gw": "and",
"sense": "and",
"norm": "u",
"pos": "CNJ",
"epos": "CNJ"}
}
,
{
"node": "l",
"frag": "{d}AMAR.UTU",
"id": "P333969.l065f5",
"ref": "P333969.5.3",
"inst": "Marduk[1]DN",
"sig": "@saao/saa10%akk-x-neoass:{d}AMAR.UTU=Marduk[1//1]DN'DN$Marduk",
"f": {"lang": "akk-x-neoass",
"form": "{d}AMAR.UTU",
"cf": "Marduk",
"gw": "1",
"sense": "1",
"norm": "Marduk",
"pos": "DN",
"epos": "DN"}
}
,
{
"node": "l",
"frag": "a-na",
"id": "P333969.l065f6",
"ref": "P333969.5.4",
"inst": "ana[to]PRP",
"sig": "@saao/saa10%akk-x-neoass:a-na=ana[to//to]PRP'PRP$ana",
"f": {"lang": "akk-x-neoass",
"form": "a-na",
"cf": "ana",
"gw": "to",
"sense": "to",
"norm": "ana",
"pos": "PRP",
"epos": "PRP"}
}
,
{
"node": "l",
"frag": "LUGAL",
"id": "P333969.l065f7",
"ref": "P333969.5.5",
"inst": "šarri[king]N",
"sig": "@saao/saa10%akk-x-neoass:LUGAL=šarru[king//king]N'N$šarri",
"f": {"lang": "akk-x-neoass",
"form": "LUGAL",
"cf": "šarru",
"gw": "king",
"sense": "king",
"norm": "šarri",
"pos": "N",
"epos": "N"}
}
,
{
"node": "l",
"frag": "EN-ia",
"id": "P333969.l065f8",
"ref": "P333969.5.6",
"inst": "bēlīya[lord]N",
"sig": "@saao/saa10%akk-x-neoass:EN-ia=bēlu[lord//lord]N'N$bēlīya",
"f": {"lang": "akk-x-neoass",
"form": "EN-ia",
"cf": "bēlu",
"gw": "lord",
"sense": "lord",
"norm": "bēlīya",
"pos": "N",
"epos": "N"}
}
,
{
"node": "d",
"type": "line-start",
"ref": "P333969.6",
"n": "5",
"label": "o 5"}
,
{
"node": "l",
"frag": "lik-ru-bu",
"id": "P333969.l065f9",
"ref": "P333969.6.1",
"inst": "likrubu[bless]V",
"sig": "@saao/saa10%akk-x-neoass:lik-ru-bu=karābu[pray//bless]V'V$likrubu",
"f": {"lang": "akk-x-neoass",
"form": "lik-ru-bu",
"cf": "karābu",
"gw": "pray",
"sense": "bless",
"norm": "likrubu",
"pos": "V",
"epos": "V"}
}
,
{
"node": "l",
"frag": "ina",
"id": "P333969.l065fa",
"ref": "P333969.6.2",
"inst": "ina[in]PRP",
"sig": "@saao/saa10%akk-x-neoass:ina=ina[in//from]PRP'PRP$ina",
"f": {"lang": "akk-x-neoass",
"form": "ina",
"cf": "ina",
"gw": "in",
"sense": "from",
"norm": "ina",
"pos": "PRP",
"epos": "PRP"}
}
,
{
"node": "l",
"frag": "UGU",
"id": "P333969.l065fb",
"ref": "P333969.6.3",
"inst": "muhhi[skull]N",
"sig": "@saao/saa10%akk-x-neoass:UGU=muhhu[skull//skull]N'N$muhhi",
"f": {"lang": "akk-x-neoass",
"form": "UGU",
"cf": "muhhu",
"gw": "skull",
"sense": "skull",
"norm": "muhhi",
"pos": "N",
"epos": "N"}
}
,
{
"node": "l",
"frag": "ša",
"id": "P333969.l065fc",
"ref": "P333969.6.4",
"inst": "ša[what]REL",
"sig": "@saao/saa10%akk-x-neoass:ša=ša[that//what]REL'REL$ša",
"f": {"lang": "akk-x-neoass",
"form": "ša",
"cf": "ša",
"gw": "that",
"sense": "what",
"norm": "ša",
"pos": "REL",
"epos": "REL"}
}
,
{
"node": "l",
"frag": "LUGAL",
"id": "P333969.l065fd",
"ref": "P333969.6.5",
"inst": "šarru[king]N",
"sig": "@saao/saa10%akk-x-neoass:LUGAL=šarru[king//king]N'N$šarru",
"f": {"lang": "akk-x-neoass",
"form": "LUGAL",
"cf": "šarru",
"gw": "king",
"sense": "king",
"norm": "šarru",
"pos": "N",
"epos": "N"}
}
,
{
"node": "l",
"frag": "be-li₂",
"id": "P333969.l065fe",
"ref": "P333969.6.6",
"inst": "bēlī[lord]N",
"sig": "@saao/saa10%akk-x-neoass:be-li₂=bēlu[lord//lord]N'N$bēlī",
"f": {"lang": "akk-x-neoass",
"form": "be-li₂",
"cf": "bēlu",
"gw": "lord",
"sense": "lord",
"norm": "bēlī",
"pos": "N",
"epos": "N"}
}
,
{
"node": "d",
"type": "line-start",
"ref": "P333969.7",
"n": "6",
"label": "o 6"}
,
{
"node": "l",
"frag": "iš-pur-an-ni",
"id": "P333969.l065ff",
"ref": "P333969.7.1",
"inst": "išpuranni[write]V",
"sig": "@saao/saa10%akk-x-neoass:iš-pur-an-ni=šapāru[send//write]V'V$išpuranni",
"f": {"lang": "akk-x-neoass",
"form": "iš-pur-an-ni",
"cf": "šapāru",
"gw": "send",
"sense": "write",
"norm": "išpuranni",
"pos": "V",
"epos": "V"}
}
,
{
"node": "l",
"frag": "as-sa-nam-me",
"id": "P333969.l06600",
"ref": "P333969.7.2",
"inst": "assanamme[keep listening to]V",
"sig": "@saao/saa10%akk-x-neoass:as-sa-nam-me=šemû[hear//keep listening to]V'V$assanamme",
"f": {"lang": "akk-x-neoass",
"form": "as-sa-nam-me",
"cf": "šemû",
"gw": "hear",
"sense": "keep listening to",
"norm": "assanamme",
"pos": "V",
"epos": "V"}
}
,
{
"node": "d",
"type": "line-start",
"ref": "P333969.8",
"n": "7",
"label": "o 7"}
,
{
"node": "l",
"frag": "an-nu-ri",
"id": "P333969.l06601",
"ref": "P333969.8.1",
"inst": "annuri[now]AV",
"sig": "@saao/saa10%akk-x-neoass:an-nu-ri=annûri[now//now]AV'AV$annuri",
"f": {"lang": "akk-x-neoass",
"form": "an-nu-ri",
"cf": "annûri",
"gw": "now",
"sense": "now",
"norm": "annuri",
"pos": "AV",
"epos": "AV"}
}
,
{
"node": "l",
"frag": "u₂-ša₂-aṣ-bat",
"id": "P333969.l06602",
"ref": "P333969.8.2",
"inst": "ušaṣbat[provide]V",
"sig": "@saao/saa10%akk-x-neoass:u₂-ša₂-aṣ-bat=ṣabātu[seize//provide]V'V$ušaṣbat",
"f": {"lang": "akk-x-neoass",
"form": "u₂-ša₂-aṣ-bat",
"cf": "ṣabātu",
"gw": "seize",
"sense": "provide",
"norm": "ušaṣbat",
"pos": "V",
"epos": "V"}
}
,
{
"node": "d",
"type": "line-start",
"ref": "P333969.9",
"n": "8",
"label": "o 8"}
,
{
"node": "l",
"frag": "ket-tu",
"id": "P333969.l06603",
"ref": "P333969.9.1",
"inst": "kettu[truly]'AV",
"sig": "@saao/saa10%akk-x-neoass:ket-tu=kittu[truth//truly]N'AV$kettu",
"f": {"lang": "akk-x-neoass",
"form": "ket-tu",
"cf": "kittu",
"gw": "truth",
"sense": "truly",
"norm": "kettu",
"pos": "N",
"epos": "AV"}
}
,
{
"node": "l",
"frag": "kaq-qu-ru",
"id": "P333969.l06604",
"ref": "P333969.9.2",
"inst": "kaqquru[area]N",
"sig": "@saao/saa10%akk-x-neoass:kaq-qu-ru=qaqqaru[ground//area]N'N$kaqquru",
"f": {"lang": "akk-x-neoass",
"form": "kaq-qu-ru",
"cf": "qaqqaru",
"gw": "ground",
"sense": "area",
"norm": "kaqquru",
"pos": "N",
"epos": "N"}
}
,
{
"node": "l",
"frag": "a-na",
"id": "P333969.l06605",
"ref": "P333969.9.3",
"inst": "ana[for]PRP",
"sig": "@saao/saa10%akk-x-neoass:a-na=ana[to//for]PRP'PRP$ana",
"f": {"lang": "akk-x-neoass",
"form": "a-na",
"cf": "ana",
"gw": "to",
"sense": "for",
"norm": "ana",
"pos": "PRP",
"epos": "PRP"}
}
,
{
"node": "l",
"frag": "sa-⸢da-ri⸣",
"id": "P333969.l06606",
"ref": "P333969.9.4",
"inst": "+sadāru[place in order//manoeuvre(s)]V'N$sadāri",
"sig": "@saao/saa10%akk-x-neoass:sa-da-ri=sadāru[place in order//manoeuvre(s)]V'N$sadāri",
"f": {"lang": "akk-x-neoass",
"form": "sa-da-ri",
"cf": "sadāru",
"gw": "place in order",
"sense": "manoeuvre(s)",
"norm": "sadāri",
"pos": "V",
"epos": "N"}
}
,
{
"node": "d",
"type": "line-start",
"ref": "P333969.10",
"n": "9",
"label": "o 9"}
,
{
"node": "l",
"frag": "e-ṣe",
"id": "P333969.l06607",
"ref": "P333969.10.1",
"inst": "ēṣe[little]AJ",
"sig": "@saao/saa10%akk-x-neoass:e-ṣe=īṣu[few//little]AJ'AJ$ēṣe",
"f": {"lang": "akk-x-neoass",
"form": "e-ṣe",
"cf": "īṣu",
"gw": "few",
"sense": "little",
"norm": "ēṣe",
"pos": "AJ",
"epos": "AJ"}
}
,
{
"node": "l",
"frag": "šum-mu",
"id": "P333969.l06608",
"ref": "P333969.10.2",
"inst": "šummu[if]MOD",
"sig": "@saao/saa10%akk-x-neoass:šum-mu=šumma[if//if]MOD'MOD$šummu",
"f": {"lang": "akk-x-neoass",
"form": "šum-mu",
"cf": "šumma",
"gw": "if",
"sense": "if",
"norm": "šummu",
"pos": "MOD",
"epos": "MOD"}
}
,
{
"node": "l",
"frag": "ina",
"id": "P333969.l06609",
"ref": "P333969.10.3",
"inst": "ina[in]PRP",
"sig": "@saao/saa10%akk-x-neoass:ina=ina[in//from]PRP'PRP$ina",
"f": {"lang": "akk-x-neoass",
"form": "ina",
"cf": "ina",
"gw": "in",
"sense": "from",
"norm": "ina",
"pos": "PRP",
"epos": "PRP"}
}
,
{
"node": "l",
"frag": "IGI",
"id": "P333969.l0660a",
"ref": "P333969.10.4",
"inst": "pān[front]N",
"sig": "@saao/saa10%akk-x-neoass:IGI=pānu[front//front]N'N$pān",
"f": {"lang": "akk-x-neoass",
"form": "IGI",
"cf": "pānu",
"gw": "front",
"sense": "front",
"norm": "pān",
"pos": "N",
"epos": "N"}
}
,
{
"node": "l",
"frag": "LUGAL",
"id": "P333969.l0660b",
"ref": "P333969.10.5",
"inst": "šarri[king]N",
"sig": "@saao/saa10%akk-x-neoass:LUGAL=šarru[king//king]N'N$šarri",
"f": {"lang": "akk-x-neoass",
"form": "LUGAL",
"cf": "šarru",
"gw": "king",
"sense": "king",
"norm": "šarri",
"pos": "N",
"epos": "N"}
}
,
{
"node": "l",
"frag": "EN-ia₂",
"id": "P333969.l0660c",
"ref": "P333969.10.6",
"inst": "bēlīya[lord]N",
"sig": "@saao/saa10%akk-x-neoass:EN-ia₂=bēlu[lord//lord]N'N$bēlīya",
"f": {"lang": "akk-x-neoass",
"form": "EN-ia₂",
"cf": "bēlu",
"gw": "lord",
"sense": "lord",
"norm": "bēlīya",
"pos": "N",
"epos": "N"}
}
,
{
"node": "d",
"type": "line-start",
"ref": "P333969.11",
"n": "10",
"label": "o 10"}
,
{
"node": "l",
"frag": "ma-hir",
"id": "P333969.l0660d",
"ref": "P333969.11.1",
"inst": "mahir[acceptable]AJ",
"sig": "@saao/saa10%akk-x-neoass:ma-hir=mahru[received//acceptable]AJ'AJ$mahir",
"f": {"lang": "akk-x-neoass",
"form": "ma-hir",
"cf": "mahru",
"gw": "received",
"sense": "acceptable",
"norm": "mahir",
"pos": "AJ",
"epos": "AJ"}
}
,
{
"node": "l",
"frag": "ki-ma",
"id": "P333969.l0660e",
"ref": "P333969.11.2",
"inst": "kīma[after]'SBJ",
"sig": "@saao/saa10%akk-x-neoass:ki-ma=kīma[like//after]PRP'SBJ$kīma",
"f": {"lang": "akk-x-neoass",
"form": "ki-ma",
"cf": "kīma",
"gw": "like",
"sense": "after",
"norm": "kīma",
"pos": "PRP",
"epos": "SBJ"}
}
,
{
"node": "l",
"frag": "an-nu-ti",
"id": "P333969.l0660f",
"ref": "P333969.11.3",
"inst": "annūti[this]DP",
"sig": "@saao/saa10%akk-x-neoass:an-nu-ti=annû[this//this]DP'DP$annūti",
"f": {"lang": "akk-x-neoass",
"form": "an-nu-ti",
"cf": "annû",
"gw": "this",
"sense": "this",
"norm": "annūti",
"pos": "DP",
"epos": "DP"}
}
,
{
"node": "l",
"frag": "[o]",
"id": "P333969.l06610",
"ref": "P333969.11.4",
"inst": "u",
"f": {"lang": "akk-x-neoass",
"form": "o",
"pos": "u"}
}
,
{
"node": "d",
"type": "line-start",
"ref": "P333969.12",
"n": "11",
"label": "o 11"}
,
{
"node": "l",
"frag": "e-tap-šu₂",
"id": "P333969.l06611",
"ref": "P333969.12.1",
"inst": "+epēšu[do//perform]V'V$ētapšu",
"sig": "@saao/saa10%akk-x-neoass:e-tap-šu₂=epēšu[do//perform]V'V$ētapšu",
"f": {"lang": "akk-x-neoass",
"form": "e-tap-šu₂",
"cf": "epēšu",
"gw": "do",
"sense": "perform",
"norm": "ētapšu",
"pos": "V",
"epos": "V"}
}
,
{
"node": "l",
"frag": "e-ta-at-⸢qu⸣",
"id": "P333969.l06612",
"ref": "P333969.12.2",
"inst": "ētatqu[proceed]V",
"sig": "@saao/saa10%akk-x-neoass:e-ta-at-qu=etēqu[proceed//proceed]V'V$ētatqu",
"f": {"lang": "akk-x-neoass",
"form": "e-ta-at-qu",
"cf": "etēqu",
"gw": "proceed",
"sense": "proceed",
"norm": "ētatqu",
"pos": "V",
"epos": "V"}
}
,
{
"node": "d",
"type": "line-start",
"ref": "P333969.13",
"n": "12",
"label": "o 12"}
,
{
"node": "l",
"frag": "am-mu-ti",
"id": "P333969.l06613",
"ref": "P333969.13.1",
"inst": "ammūti[that]DP",
"sig": "@saao/saa10%akk-x-neoass:am-mu-ti=ammiu[that//that]DP'DP$ammūti",
"f": {"lang": "akk-x-neoass",
"form": "am-mu-ti",
"cf": "ammiu",
"gw": "that",
"sense": "that",
"norm": "ammūti",
"pos": "DP",
"epos": "DP"}
}
,
{
"node": "l",
"frag": "le-⸢pu⸣-[šu₂]",
"id": "P333969.l06614",
"ref": "P333969.13.2",
"inst": "lēpušu[perform]V",
"sig": "@saao/saa10%akk-x-neoass:le-pu-šu₂=epēšu[do//perform]V'V$lēpušu",
"f": {"lang": "akk-x-neoass",
"form": "le-pu-šu₂",
"cf": "epēšu",
"gw": "do",
"sense": "perform",
"norm": "lēpušu",
"pos": "V",
"epos": "V"}
}
,
{
"node": "d",
"type": "line-start",
"ref": "P333969.14",
"n": "13",
"label": "o 13"}
,
{
"node": "l",
"frag": "u₂-la-a",
"id": "P333969.l06615",
"ref": "P333969.14.1",
"inst": "ulâ[alternatively]AV",
"sig": "@saao/saa10%akk-x-neoass:u₂-la-a=ūla[or//alternatively]AV'AV$ulâ",
"f": {"lang": "akk-x-neoass",
"form": "u₂-la-a",
"cf": "ūla",
"gw": "or",
"sense": "alternatively",
"norm": "ulâ",
"pos": "AV",
"epos": "AV"}
}
,
{
"node": "l",
"frag": "kaq-⸢qu⸣-[ru",
"id": "P333969.l06616",
"ref": "P333969.14.2",
"inst": "kaqquru[area]N",
"sig": "@saao/saa10%akk-x-neoass:kaq-qu-ru=qaqqaru[ground//area]N'N$kaqquru",
"f": {"lang": "akk-x-neoass",
"form": "kaq-qu-ru",
"cf": "qaqqaru",
"gw": "ground",
"sense": "area",
"norm": "kaqquru",
"pos": "N",
"epos": "N"}
}
,
{
"node": "l",
"frag": "o]",
"id": "P333969.l06617",
"ref": "P333969.14.3",
"inst": "u",
"f": {"lang": "akk-x-neoass",
"form": "o",
"pos": "u"}
}
,
{
"node": "d",
"type": "line-start",
"ref": "P333969.15",
"n": "14",
"label": "o 14"}
,
{
"node": "l",
"frag": "[ša₂-ni]-⸢um-ma⸣",
"id": "P333969.l06618",
"ref": "P333969.15.1",
"inst": "+šanû[(an)other]AJ$šaniumma",
"sig": "@saao/saa10%akk-x-neoass:ša₂-ni-um-ma=šanû[(an)other//(an)other]AJ'AJ$šaniumma",
"f": {"lang": "akk-x-neoass",
"form": "ša₂-ni-um-ma",
"cf": "šanû",
"gw": "(an)other",
"sense": "(an)other",
"norm": "šaniumma",
"pos": "AJ",
"epos": "AJ"}
}
,
{
"node": "d",
"subtype": "bottom",
"type": "surface",
"ref": "P333969.b.e..16",
"type": "bottom",
"label": "b.e."}
,
{
"node": "d",
"type": "nonx",
"ref": "P333969.17",
"strict": "0",
"state": "missing"}
,
{
"node": "d",
"subtype": "reverse",
"type": "surface",
"ref": "P333969.r.18",
"type": "reverse",
"label": "r"}
,
{
"node": "d",
"type": "line-start",
"ref": "P333969.19",
"n": "1",
"label": "r 1"}
,
{
"node": "l",
"frag": "[x",
"id": "P333969.l06619",
"ref": "P333969.19.1",
"inst": "u",
"f": {"lang": "akk-x-neoass",
"form": "x",
"pos": "u"}
}
,
{
"node": "l",
"frag": "x",
"id": "P333969.l0661a",
"ref": "P333969.19.2",
"inst": "u",
"f": {"lang": "akk-x-neoass",
"form": "x",
"pos": "u"}
}
,
{
"node": "l",
"frag": "x",
"id": "P333969.l0661b",
"ref": "P333969.19.3",
"inst": "u",
"f": {"lang": "akk-x-neoass",
"form": "x",
"pos": "u"}
}
,
{
"node": "l",
"frag": "x",
"id": "P333969.l0661c",
"ref": "P333969.19.4",
"inst": "u",
"f": {"lang": "akk-x-neoass",
"form": "x",
"pos": "u"}
}
,
{
"node": "l",
"frag": "x",
"id": "P333969.l0661d",
"ref": "P333969.19.5",
"inst": "u",
"f": {"lang": "akk-x-neoass",
"form": "x",
"pos": "u"}
}
,
{
"node": "l",
"frag": "x",
"id": "P333969.l0661e",
"ref": "P333969.19.6",
"inst": "u",
"f": {"lang": "akk-x-neoass",
"form": "x",
"pos": "u"}
}
,
{
"node": "l",
"frag": "x]",
"id": "P333969.l0661f",
"ref": "P333969.19.7",
"inst": "u",
"f": {"lang": "akk-x-neoass",
"form": "x",
"pos": "u"}
}
,
{
"node": "d",
"type": "line-start",
"ref": "P333969.20",
"n": "2",
"label": "r 2"}
,
{
"node": "l",
"frag": "{1}{⸢d⸣}[PA]-⸢ga⸣-[mil]",
"id": "P333969.l06620",
"ref": "P333969.20.1",
"inst": "Nabu-gamil[1]PN",
"sig": "@saao/saa10%akk-x-neoass:{1}{d}PA-ga-mil=Nabu-gamil[1//1]PN'PN$Nabu-gamil",
"f": {"lang": "akk-x-neoass",
"form": "{1}{d}PA-ga-mil",
"cf": "Nabu-gamil",
"gw": "1",
"sense": "1",
"norm": "Nabu-gamil",
"pos": "PN",
"epos": "PN"}
}
,
{
"node": "d",
"type": "line-start",
"ref": "P333969.21",
"n": "3",
"label": "r 3"}
,
{
"node": "l",
"frag": "ina",
"id": "P333969.l06621",
"ref": "P333969.21.1",
"inst": "ina[in]PRP",
"sig": "@saao/saa10%akk-x-neoass:ina=ina[in//from]PRP'PRP$ina",
"f": {"lang": "akk-x-neoass",
"form": "ina",
"cf": "ina",
"gw": "in",
"sense": "from",
"norm": "ina",
"pos": "PRP",
"epos": "PRP"}
}
,
{
"node": "l",
"frag": "⸢NINA{ki⸣}",
"id": "P333969.l06622",
"ref": "P333969.21.2",
"inst": "Ninua[Nineveh]GN",
"sig": "@saao/saa10%akk-x-neoass:NINA{KI}=Ninua[Nineveh//Nineveh]GN'GN$Ninua",
"f": {"lang": "akk-x-neoass",
"form": "NINA{KI}",
"cf": "Ninua",
"gw": "Nineveh",
"sense": "Nineveh",
"norm": "Ninua",
"pos": "GN",
"epos": "GN"}
}
,
{
"node": "l",
"frag": "[it-tal-ka",
"id": "P333969.l06623",
"ref": "P333969.21.3",
"inst": "ittalka[come]V",
"sig": "@saao/saa10%akk-x-neoass:it-tal-ka=alāku[go//come]V'V$ittalka",
"f": {"lang": "akk-x-neoass",
"form": "it-tal-ka",
"cf": "alāku",
"gw": "go",
"sense": "come",
"norm": "ittalka",
"pos": "V",
"epos": "V"}
}
,
{
"node": "l",
"frag": "ma-a]",
"id": "P333969.l06624",
"ref": "P333969.21.4",
"inst": "mā[saying]PRP",
"sig": "@saao/saa10%akk-x-neoass:ma-a=mā[saying//saying]PRP'PRP$mā",
"f": {"lang": "akk-x-neoass",
"form": "ma-a",
"cf": "mā",
"gw": "saying",
"sense": "saying",
"norm": "mā",
"pos": "PRP",
"epos": "PRP"}
}
,
{
"node": "d",
"type": "line-start",
"ref": "P333969.22",
"n": "4",
"label": "r 4"}
,
{
"node": "l",
"frag": "{1}re-mu-tu₂",
"id": "P333969.l06625",
"ref": "P333969.22.1",
"inst": "+Remutu[]PN$",
"sig": "@saao/saa10%akk-x-neoass:{1}re-mu-tu₂=Remutu[1//1]PN'PN$Remutu",
"f": {"lang": "akk-x-neoass",
"form": "{1}re-mu-tu₂",
"cf": "Remutu",
"gw": "1",
"sense": "1",
"norm": "Remutu",
"pos": "PN",
"epos": "PN"}
}
,
{
"node": "l",
"frag": "{⸢lu₂⸣}[MAŠ.MAŠ]",
"id": "P333969.l06626",
"ref": "P333969.22.2",
"inst": "āšipu[exorcist]N",
"sig": "@saao/saa10%akk-x-neoass:{LU₂}MAŠ.MAŠ=āšipu[sorcerer//exorcist]N'N$āšipu",
"f": {"lang": "akk-x-neoass",
"form": "{LU₂}MAŠ.MAŠ",
"cf": "āšipu",
"gw": "sorcerer",
"sense": "exorcist",
"norm": "āšipu",
"pos": "N",
"epos": "N"}
}
,
{
"node": "d",
"type": "line-start",
"ref": "P333969.23",
"n": "5",
"label": "r 5"}
,
{
"node": "l",
"frag": "ša",
"id": "P333969.l06627",
"ref": "P333969.23.1",
"inst": "ša[who]REL",
"sig": "@saao/saa10%akk-x-neoass:ša=ša[that//who]REL'REL$ša",
"f": {"lang": "akk-x-neoass",
"form": "ša",
"cf": "ša",
"gw": "that",
"sense": "who",
"norm": "ša",
"pos": "REL",
"epos": "REL"}
}
,
{
"node": "l",
"frag": "ina",
"id": "P333969.l06628",
"ref": "P333969.23.2",
"inst": "ina[in]PRP",
"sig": "@saao/saa10%akk-x-neoass:ina=ina[in//from]PRP'PRP$ina",
"f": {"lang": "akk-x-neoass",
"form": "ina",
"cf": "ina",
"gw": "in",
"sense": "from",
"norm": "ina",
"pos": "PRP",
"epos": "PRP"}
}
,
{
"node": "l",
"frag": "IGI",
"id": "P333969.l06629",
"ref": "P333969.23.3",
"inst": "pān[front]N",
"sig": "@saao/saa10%akk-x-neoass:IGI=pānu[front//front]N'N$pān",
"f": {"lang": "akk-x-neoass",
"form": "IGI",
"cf": "pānu",
"gw": "front",
"sense": "front",
"norm": "pān",
"pos": "N",
"epos": "N"}
}
,
{
"node": "l",
"frag": "DUMU-MAN",
"id": "P333969.l0662a",
"ref": "P333969.23.4",
"cof-tails": "P333969.l0662b",
"inst": "mār[son+=crown prince]N&šarri[king]N",
"sig": "@saao/saa10%akk-x-neoass:DUMU-MAN=māru[son//son]N'N$mār&&@saao/saa10%akk-x-neoass:=šarru[king//king]N'N$šarri",
"f": {"lang": "akk-x-neoass",
"form": "DUMU-MAN",
"cf": "māru",
"gw": "son",
"sense": "son",
"norm": "mār",
"pos": "N",
"epos": "N"}
}
,
{
"node": "l",
"frag": "DUMU-MAN",
"id": "P333969.l0662b",
"ref": "P333969.23.4",
"cof-head": "P333969.l0662a",
"inst": "mār[son+=crown prince]N&šarri[king]N",
"f": {"lang": "akk-x-neoass",
"form": "DUMU-MAN",
"cf": "šarru",
"gw": "king",
"sense": "king",
"norm": "šarri",
"pos": "N",
"epos": "N"}
}
,
{
"node": "l",
"frag": "ma-⸢ri⸣-[iṣ]",
"id": "P333969.l0662c",
"ref": "P333969.23.5",
"inst": "mariṣ[sick]AJ",
"sig": "@saao/saa10%akk-x-neoass:ma-ri-iṣ=marṣu[sick//sick]AJ'AJ$mariṣ",
"f": {"lang": "akk-x-neoass",
"form": "ma-ri-iṣ",
"cf": "marṣu",
"gw": "sick",
"sense": "sick",
"norm": "mariṣ",
"pos": "AJ",
"epos": "AJ"}
}
,
{
"node": "d",
"type": "line-start",
"ref": "P333969.24",
"n": "6",
"label": "r 6"}
,
{
"node": "l",
"frag": "{1}{d}PA-⸢SU⸣-PAB",
"id": "P333969.l0662d",
"ref": "P333969.24.1",
"inst": "+Nabu-tartiba-uṣur[]PN$",
"sig": "@saao/saa10%akk-x-neoass:{1}{d}PA-SU-PAB=Nabu-tartiba-uṣur[1//1]PN'PN$Nabu-tartiba-uṣur",
"f": {"lang": "akk-x-neoass",
"form": "{1}{d}PA-SU-PAB",
"cf": "Nabu-tartiba-uṣur",
"gw": "1",
"sense": "1",
"norm": "Nabu-tartiba-uṣur",
"pos": "PN",
"epos": "PN"}
}
,
{
"node": "d",
"type": "line-start",
"ref": "P333969.25",
"n": "7",
"label": "r 7"}
,
{
"node": "l",
"frag": "{1}šu-ma-a",
"id": "P333969.l0662e",
"ref": "P333969.25.1",
"inst": "Šumaya[1]PN",
"sig": "@saao/saa10%akk-x-neoass:{1}šu-ma-a=Šumaya[1//1]PN'PN$Šumaya",
"f": {"lang": "akk-x-neoass",
"form": "{1}šu-ma-a",
"cf": "Šumaya",
"gw": "1",
"sense": "1",
"norm": "Šumaya",
"pos": "PN",
"epos": "PN"}
}
,
{
"node": "l",
"frag": "DUMU",
"id": "P333969.l0662f",
"ref": "P333969.25.2",
"inst": "mār[son]N",
"sig": "@saao/saa10%akk-x-neoass:DUMU=māru[son//son]N'N$mār",
"f": {"lang": "akk-x-neoass",
"form": "DUMU",
"cf": "māru",
"gw": "son",
"sense": "son",
"norm": "mār",
"pos": "N",
"epos": "N"}
}
,
{
"node": "l",
"frag": "{1}{d}PA-NUMUN-[GIŠ]",
"id": "P333969.l06630",
"ref": "P333969.25.3",
"inst": "Nabu-zeru-lešir[1]PN",
"sig": "@saao/saa10%akk-x-neoass:{1}{d}PA-NUMUN-GIŠ=Nabu-zeru-lešir[1//1]PN'PN$Nabu-zeru-lešir",
"f": {"lang": "akk-x-neoass",
"form": "{1}{d}PA-NUMUN-GIŠ",
"cf": "Nabu-zeru-lešir",
"gw": "1",
"sense": "1",
"norm": "Nabu-zeru-lešir",
"pos": "PN",
"epos": "PN"}
}
,
{
"node": "d",
"type": "line-start",
"ref": "P333969.26",
"n": "8",
"label": "r 8"}
,
{
"node": "l",
"frag": "{1}ARAD-{d}gu-la",
"id": "P333969.l06631",
"ref": "P333969.26.1",
"inst": "Urdu-Gula[1]PN",
"sig": "@saao/saa10%akk-x-neoass:{1}ARAD-{d}gu-la=Urdu-Gula[1//1]PN'PN$Urdu-Gula",
"f": {"lang": "akk-x-neoass",
"form": "{1}ARAD-{d}gu-la",
"cf": "Urdu-Gula",
"gw": "1",
"sense": "1",
"norm": "Urdu-Gula",
"pos": "PN",
"epos": "PN"}
}
,
{
"node": "d",
"type": "line-start",
"ref": "P333969.27",
"n": "9",
"label": "r 9"}
,
{
"node": "l",
"frag": "{1}{d}PA-ZU-u₂-ti",
"id": "P333969.l06632",
"ref": "P333969.27.1",
"inst": "+Nabu-leʾuti[]PN$",
"sig": "@saao/saa10%akk-x-neoass:{1}{d}PA-ZU-u₂-ti=Nabu-leʾuti[1//1]PN'PN$Nabu-leʾuti",
"f": {"lang": "akk-x-neoass",
"form": "{1}{d}PA-ZU-u₂-ti",
"cf": "Nabu-leʾuti",
"gw": "1",
"sense": "1",
"norm": "Nabu-leʾuti",
"pos": "PN",
"epos": "PN"}
}
,
{
"node": "d",
"type": "line-start",
"ref": "P333969.28",
"n": "10",
"label": "r 10"}
,
{
"node": "l",
"frag": "{1}{[d]}⸢EN⸣-PAB-ir",
"id": "P333969.l06633",
"ref": "P333969.28.1",
"inst": "Bel-naṣir[1]PN",
"sig": "@saao/saa10%akk-x-neoass:{1}{d}EN-PAB-ir=Bel-naṣir[1//1]PN'PN$Bel-naṣir",
"f": {"lang": "akk-x-neoass",
"form": "{1}{d}EN-PAB-ir",
"cf": "Bel-naṣir",
"gw": "1",
"sense": "1",
"norm": "Bel-naṣir",
"pos": "PN",
"epos": "PN"}
}
,
{
"node": "d",
"type": "line-start",
"ref": "P333969.29",
"n": "11",
"label": "r 11"}
,
{
"node": "l",
"frag": "[o",
"id": "P333969.l06634",
"ref": "P333969.29.1",
"inst": "u",
"f": {"lang": "akk-x-neoass",
"form": "o",
"pos": "u"}
}
,
{
"node": "l",
"frag": "ina]",
"id": "P333969.l06635",
"ref": "P333969.29.2",
"inst": "ina[in]PRP",
"sig": "@saao/saa10%akk-x-neoass:ina=ina[in//from]PRP'PRP$ina",
"f": {"lang": "akk-x-neoass",
"form": "ina",
"cf": "ina",
"gw": "in",
"sense": "from",
"norm": "ina",
"pos": "PRP",
"epos": "PRP"}
}
,
{
"node": "l",
"frag": "IGI",
"id": "P333969.l06636",
"ref": "P333969.29.3",
"inst": "pān[front]N",
"sig": "@saao/saa10%akk-x-neoass:IGI=pānu[front//front]N'N$pān",
"f": {"lang": "akk-x-neoass",
"form": "IGI",
"cf": "pānu",
"gw": "front",
"sense": "front",
"norm": "pān",
"pos": "N",
"epos": "N"}
}
,
{
"node": "l",
"frag": "DUMU-MAN",
"id": "P333969.l06637",
"ref": "P333969.29.4",
"cof-tails": "P333969.l06638",
"inst": "mār[son+=crown prince]N&šarri[king]N",
"sig": "@saao/saa10%akk-x-neoass:DUMU-MAN=māru[son//son]N'N$mār&&@saao/saa10%akk-x-neoass:=šarru[king//king]N'N$šarri",
"f": {"lang": "akk-x-neoass",
"form": "DUMU-MAN",
"cf": "māru",
"gw": "son",
"sense": "son",
"norm": "mār",
"pos": "N",
"epos": "N"}
}
,
{
"node": "l",
"frag": "DUMU-MAN",
"id": "P333969.l06638",
"ref": "P333969.29.4",
"cof-head": "P333969.l06637",
"inst": "mār[son+=crown prince]N&šarri[king]N",
"f": {"lang": "akk-x-neoass",
"form": "DUMU-MAN",
"cf": "šarru",
"gw": "king",
"sense": "king",
"norm": "šarri",
"pos": "N",
"epos": "N"}
}
,
{
"node": "d",
"type": "line-start",
"ref": "P333969.30",
"n": "12",
"label": "r 12"}
,
{
"node": "l",
"frag": "[TA@v",
"id": "P333969.l06639",
"ref": "P333969.30.1",
"inst": "issu[from]PRP",
"sig": "@saao/saa10%akk-x-neoass:TA@v=ištu[from//from]PRP'PRP$issu",
"f": {"lang": "akk-x-neoass",
"form": "TA@v",
"cf": "ištu",
"gw": "from",
"sense": "from",
"norm": "issu",
"pos": "PRP",
"epos": "PRP"}
}
,
{
"node": "l",
"frag": "ŠA₃]",
"id": "P333969.l0663a",
"ref": "P333969.30.2",
"inst": "libbi[interior]N",
"sig": "@saao/saa10%akk-x-neoass:ŠA₃=libbu[interior//interior]N'N$libbi",
"f": {"lang": "akk-x-neoass",
"form": "ŠA₃",
"cf": "libbu",
"gw": "interior",
"sense": "interior",
"norm": "libbi",
"pos": "N",
"epos": "N"}
}
,
{
"node": "l",
"frag": "{⸢lu₂⸣}ziq-na-nu",
"id": "P333969.l0663b",
"ref": "P333969.30.3",
"inst": "+ša-ziqni[bearded courtier]N$ša-ziqnānu",
"sig": "@saao/saa10%akk-x-neoass:{LU₂}ziq-na-nu=ša-ziqni[bearded courtier//bearded courtier]N'N$ša-ziqnānu",
"f": {"lang": "akk-x-neoass",
"form": "{LU₂}ziq-na-nu",
"cf": "ša-ziqni",
"gw": "bearded courtier",
"sense": "bearded courtier",
"norm": "ša-ziqnānu",
"pos": "N",
"epos": "N"}
}
,
{
"node": "d",
"type": "line-start",
"ref": "P333969.31",
"n": "13",
"label": "r 13"}
,
{
"node": "l",
"frag": "[o",
"id": "P333969.l0663c",
"ref": "P333969.31.1",
"inst": "u",
"f": {"lang": "akk-x-neoass",
"form": "o",
"pos": "u"}
}
,
{
"node": "l",
"frag": "an]-⸢nu⸣-ti",
"id": "P333969.l0663d",
"ref": "P333969.31.2",
"inst": "annūti[this]DP",
"sig": "@saao/saa10%akk-x-neoass:an-nu-ti=annû[this//this]DP'DP$annūti",
"f": {"lang": "akk-x-neoass",
"form": "an-nu-ti",
"cf": "annû",
"gw": "this",
"sense": "this",
"norm": "annūti",
"pos": "DP",
"epos": "DP"}
}
,
{
"node": "l",
"frag": "man-nu",
"id": "P333969.l0663e",
"ref": "P333969.31.3",
"inst": "mannu[whoever]'XP",
"sig": "@saao/saa10%akk-x-neoass:man-nu=mannu[who?//whoever]QP'XP$mannu",
"f": {"lang": "akk-x-neoass",
"form": "man-nu",
"cf": "mannu",
"gw": "who?",
"sense": "whoever",
"norm": "mannu",
"pos": "QP",
"epos": "XP"}
}
,
{
"node": "d",
"type": "line-start",
"ref": "P333969.32",
"n": "14",
"label": "r 14"}
,
{
"node": "l",
"frag": "[ša]",
"id": "P333969.l0663f",
"ref": "P333969.32.1",
"inst": "ša[who]REL",
"sig": "@saao/saa10%akk-x-neoass:ša=ša[that//who]REL'REL$ša",
"f": {"lang": "akk-x-neoass",
"form": "ša",
"cf": "ša",
"gw": "that",
"sense": "who",
"norm": "ša",
"pos": "REL",
"epos": "REL"}
}
,
{
"node": "l",
"frag": "⸢LUGAL⸣",
"id": "P333969.l06640",
"ref": "P333969.32.2",
"inst": "šarru[king]N",
"sig": "@saao/saa10%akk-x-neoass:LUGAL=šarru[king//king]N'N$šarru",
"f": {"lang": "akk-x-neoass",
"form": "LUGAL",
"cf": "šarru",
"gw": "king",
"sense": "king",
"norm": "šarru",
"pos": "N",
"epos": "N"}
}
,
{
"node": "l",
"frag": "be-li₂",
"id": "P333969.l06641",
"ref": "P333969.32.3",
"inst": "bēlī[lord]N",
"sig": "@saao/saa10%akk-x-neoass:be-li₂=bēlu[lord//lord]N'N$bēlī",
"f": {"lang": "akk-x-neoass",
"form": "be-li₂",
"cf": "bēlu",
"gw": "lord",
"sense": "lord",
"norm": "bēlī",
"pos": "N",
"epos": "N"}
}
,
{
"node": "d",
"type": "line-start",
"ref": "P333969.33",
"n": "15",
"label": "r 15"}
,
{
"node": "l",
"frag": "[i]-qab-bu-u-ni",
"id": "P333969.l06642",
"ref": "P333969.33.1",
"inst": "iqabbûni[say]V",
"sig": "@saao/saa10%akk-x-neoass:i-qab-bu-u-ni=qabû[say//say]V'V$iqabbûni",
"f": {"lang": "akk-x-neoass",
"form": "i-qab-bu-u-ni",
"cf": "qabû",
"gw": "say",
"sense": "say",
"norm": "iqabbûni",
"pos": "V",
"epos": "V"}
}
,
{
"node": "d",
"type": "line-start",
"ref": "P333969.34",
"n": "16",
"label": "r 16"}
,
{
"node": "l",
"frag": "li-iz-ziz",
"id": "P333969.l06643",
"ref": "P333969.34.1",
"inst": "lizziz[stand]V",
"sig": "@saao/saa10%akk-x-neoass:li-iz-ziz=izuzzu[stand//stand]V'V$lizziz",
"f": {"lang": "akk-x-neoass",
"form": "li-iz-ziz",
"cf": "izuzzu",
"gw": "stand",
"sense": "stand",
"norm": "lizziz",
"pos": "V",
"epos": "V"}
}
]}
]}
]}
]}
