{
"type": "cdl",
  "source": "http://oracc.org/saao/saa10",
  "license": "This data is released under the CC0 license",
  "license-url": "https://creativecommons.org/publicdomain/zero/1.0/",
  "more-info": "http://oracc.org/doc/opendata/",
  "UTC-timestamp": "2017-05-19T11:42:30",
"project": "saao/saa10",
"textid": "P333975",
"cdl": [
{
"node": "c",
"type": "text",
"id": "P333975.U0",
"cdl": [
{
"node": "d",
"type": "object",
"ref": ""}
,
{
"node": "d",
"subtype": "obverse",
"type": "surface",
"ref": "P333975.o.1",
"type": "obverse",
"label": "o"}
,
{
"node": "c",
"type": "discourse",
"subtype": "body",
"id": "P333975.U1",
"cdl": [
{
"node": "c",
"type": "sentence",
"id": "P333975.U2",
"label": "o 1 - e. 1",
"cdl": [
{
"node": "d",
"type": "line-start",
"ref": "P333975.2",
"n": "1",
"label": "o 1"}
,
{
"node": "l",
"frag": "[a-na]",
"id": "P333975.l05e46",
"ref": "P333975.2.1",
"inst": "ana[to]PRP",
"sig": "@saao/saa10%akk-x-neoass:a-na=ana[to//to]PRP'PRP$ana",
"f": {"lang": "akk-x-neoass",
"form": "a-na",
"cf": "ana",
"gw": "to",
"sense": "to",
"norm": "ana",
"pos": "PRP",
"epos": "PRP"}
}
,
{
"node": "l",
"frag": "LUGAL",
"id": "P333975.l05e47",
"ref": "P333975.2.2",
"inst": "šarri[king]N",
"sig": "@saao/saa10%akk-x-neoass:LUGAL=šarru[king//king]N'N$šarri",
"f": {"lang": "akk-x-neoass",
"form": "LUGAL",
"cf": "šarru",
"gw": "king",
"sense": "king",
"norm": "šarri",
"pos": "N",
"epos": "N"}
}
,
{
"node": "l",
"frag": "be-li₂-[ia]",
"id": "P333975.l05e48",
"ref": "P333975.2.3",
"inst": "bēlīya[lord]N",
"sig": "@saao/saa10%akk-x-neoass:be-li₂-ia=bēlu[lord//lord]N'N$bēlīya",
"f": {"lang": "akk-x-neoass",
"form": "be-li₂-ia",
"cf": "bēlu",
"gw": "lord",
"sense": "lord",
"norm": "bēlīya",
"pos": "N",
"epos": "N"}
}
,
{
"node": "d",
"type": "line-start",
"ref": "P333975.3",
"n": "2",
"label": "o 2"}
,
{
"node": "l",
"frag": "[ARAD]-⸢ka⸣",
"id": "P333975.l05e49",
"ref": "P333975.3.1",
"inst": "urdaka[servant]N",
"sig": "@saao/saa10%akk-x-neoass:ARAD-ka=ardu[slave//servant]N'N$urdaka",
"f": {"lang": "akk-x-neoass",
"form": "ARAD-ka",
"cf": "ardu",
"gw": "slave",
"sense": "servant",
"norm": "urdaka",
"pos": "N",
"epos": "N"}
}
,
{
"node": "l",
"frag": "{1}{d}AMAR.UTU-GAR-⸢MU⸣",
"id": "P333975.l05e4a",
"ref": "P333975.3.2",
"inst": "Marduk-šakin-šumi[1]PN",
"sig": "@saao/saa10%akk-x-neoass:{1}{d}AMAR.UTU-GAR-MU=Marduk-šakin-šumi[1//1]PN'PN$Marduk-šakin-šumi",
"f": {"lang": "akk-x-neoass",
"form": "{1}{d}AMAR.UTU-GAR-MU",
"cf": "Marduk-šakin-šumi",
"gw": "1",
"sense": "1",
"norm": "Marduk-šakin-šumi",
"pos": "PN",
"epos": "PN"}
}
,
{
"node": "d",
"type": "line-start",
"ref": "P333975.4",
"n": "3",
"label": "o 3"}
,
{
"node": "l",
"frag": "[lu-u]",
"id": "P333975.l05e4b",
"ref": "P333975.4.1",
"inst": "lū[may]MOD",
"sig": "@saao/saa10%akk-x-neoass:lu-u=lū[may//may]MOD'MOD$lū",
"f": {"lang": "akk-x-neoass",
"form": "lu-u",
"cf": "lū",
"gw": "may",
"sense": "may",
"norm": "lū",
"pos": "MOD",
"epos": "MOD"}
}
,
{
"node": "l",
"frag": "⸢DI⸣-mu",
"id": "P333975.l05e4c",
"ref": "P333975.4.2",
"inst": "šulmu[health]N",
"sig": "@saao/saa10%akk-x-neoass:DI-mu=šulmu[completeness//health]N'N$šulmu",
"f": {"lang": "akk-x-neoass",
"form": "DI-mu",
"cf": "šulmu",
"gw": "completeness",
"sense": "health",
"norm": "šulmu",
"pos": "N",
"epos": "N"}
}
,
{
"node": "l",
"frag": "a-na",
"id": "P333975.l05e4d",
"ref": "P333975.4.3",
"inst": "ana[to]PRP",
"sig": "@saao/saa10%akk-x-neoass:a-na=ana[to//to]PRP'PRP$ana",
"f": {"lang": "akk-x-neoass",
"form": "a-na",
"cf": "ana",
"gw": "to",
"sense": "to",
"norm": "ana",
"pos": "PRP",
"epos": "PRP"}
}
,
{
"node": "l",
"frag": "LUGAL",
"id": "P333975.l05e4e",
"ref": "P333975.4.4",
"inst": "šarri[king]N",
"sig": "@saao/saa10%akk-x-neoass:LUGAL=šarru[king//king]N'N$šarri",
"f": {"lang": "akk-x-neoass",
"form": "LUGAL",
"cf": "šarru",
"gw": "king",
"sense": "king",
"norm": "šarri",
"pos": "N",
"epos": "N"}
}
,
{
"node": "l",
"frag": "be-li₂-⸢ia⸣",
"id": "P333975.l05e4f",
"ref": "P333975.4.5",
"inst": "bēlīya[lord]N",
"sig": "@saao/saa10%akk-x-neoass:be-li₂-ia=bēlu[lord//lord]N'N$bēlīya",
"f": {"lang": "akk-x-neoass",
"form": "be-li₂-ia",
"cf": "bēlu",
"gw": "lord",
"sense": "lord",
"norm": "bēlīya",
"pos": "N",
"epos": "N"}
}
,
{
"node": "d",
"type": "line-start",
"ref": "P333975.5",
"n": "4",
"label": "o 4"}
,
{
"node": "l",
"frag": "{d}[PA",
"id": "P333975.l05e50",
"ref": "P333975.5.1",
"inst": "Nabu[1]DN",
"sig": "@saao/saa10%akk-x-neoass:{d}PA=Nabu[1//1]DN'DN$Nabu",
"f": {"lang": "akk-x-neoass",
"form": "{d}PA",
"cf": "Nabu",
"gw": "1",
"sense": "1",
"norm": "Nabu",
"pos": "DN",
"epos": "DN"}
}
,
{
"node": "l",
"frag": "u]",
"id": "P333975.l05e51",
"ref": "P333975.5.2",
"inst": "u[and]CNJ",
"sig": "@saao/saa10%akk-x-neoass:u=u[and//and]CNJ'CNJ$u",
"f": {"lang": "akk-x-neoass",
"form": "u",
"cf": "u",
"gw": "and",
"sense": "and",
"norm": "u",
"pos": "CNJ",
"epos": "CNJ"}
}
,
{
"node": "l",
"frag": "{d}AMAR.UTU",
"id": "P333975.l05e52",
"ref": "P333975.5.3",
"inst": "Marduk[1]DN",
"sig": "@saao/saa10%akk-x-neoass:{d}AMAR.UTU=Marduk[1//1]DN'DN$Marduk",
"f": {"lang": "akk-x-neoass",
"form": "{d}AMAR.UTU",
"cf": "Marduk",
"gw": "1",
"sense": "1",
"norm": "Marduk",
"pos": "DN",
"epos": "DN"}
}
,
{
"node": "l",
"frag": "a-na",
"id": "P333975.l05e53",
"ref": "P333975.5.4",
"inst": "ana[to]PRP",
"sig": "@saao/saa10%akk-x-neoass:a-na=ana[to//to]PRP'PRP$ana",
"f": {"lang": "akk-x-neoass",
"form": "a-na",
"cf": "ana",
"gw": "to",
"sense": "to",
"norm": "ana",
"pos": "PRP",
"epos": "PRP"}
}
,
{
"node": "l",
"frag": "LUGAL",
"id": "P333975.l05e54",
"ref": "P333975.5.5",
"inst": "šarri[king]N",
"sig": "@saao/saa10%akk-x-neoass:LUGAL=šarru[king//king]N'N$šarri",
"f": {"lang": "akk-x-neoass",
"form": "LUGAL",
"cf": "šarru",
"gw": "king",
"sense": "king",
"norm": "šarri",
"pos": "N",
"epos": "N"}
}
,
{
"node": "l",
"frag": "EN-ia₂",
"id": "P333975.l05e55",
"ref": "P333975.5.6",
"inst": "bēlīya[lord]N",
"sig": "@saao/saa10%akk-x-neoass:EN-ia₂=bēlu[lord//lord]N'N$bēlīya",
"f": {"lang": "akk-x-neoass",
"form": "EN-ia₂",
"cf": "bēlu",
"gw": "lord",
"sense": "lord",
"norm": "bēlīya",
"pos": "N",
"epos": "N"}
}
,
{
"node": "l",
"frag": "lik-⸢ru⸣-[bu]",
"id": "P333975.l05e56",
"ref": "P333975.5.7",
"inst": "likrubu[bless]V",
"sig": "@saao/saa10%akk-x-neoass:lik-ru-bu=karābu[pray//bless]V'V$likrubu",
"f": {"lang": "akk-x-neoass",
"form": "lik-ru-bu",
"cf": "karābu",
"gw": "pray",
"sense": "bless",
"norm": "likrubu",
"pos": "V",
"epos": "V"}
}
,
{
"node": "d",
"type": "line-start",
"ref": "P333975.6",
"n": "5",
"label": "o 5"}
,
{
"node": "l",
"frag": "03",
"id": "P333975.l05e57",
"ref": "P333975.6.1",
"inst": "n",
"f": {"lang": "akk-x-neoass",
"form": "03",
"pos": "n"}
}
,
{
"node": "l",
"frag": "⸢ŠU⸣.IL₂.LA₂.KAM₂-MEŠ",
"id": "P333975.l05e58",
"ref": "P333975.6.2",
"inst": "+šuʾillakku[(prayer of) raised hands//hand-lifting prayer]N'N$šuʾillakkāni",
"sig": "@saao/saa10%akk-x-neoass:ŠU.IL₂.LA₂.KAM₂-MEŠ=šuʾillakku[(prayer of) raised hands//hand-lifting prayer]N'N$šuʾillakkāni",
"f": {"lang": "akk-x-neoass",
"form": "ŠU.IL₂.LA₂.KAM₂-MEŠ",
"cf": "šuʾillakku",
"gw": "(prayer of) raised hands",
"sense": "hand-lifting prayer",
"norm": "šuʾillakkāni",
"pos": "N",
"epos": "N"}
}
,
{
"node": "l",
"frag": "ša",
"id": "P333975.l05e59",
"ref": "P333975.6.3",
"inst": "ša[which]REL",
"sig": "@saao/saa10%akk-x-neoass:ša=ša[that//which]REL'REL$ša",
"f": {"lang": "akk-x-neoass",
"form": "ša",
"cf": "ša",
"gw": "that",
"sense": "which",
"norm": "ša",
"pos": "REL",
"epos": "REL"}
}
,
{
"node": "l",
"frag": "IGI",
"id": "P333975.l05e5a",
"ref": "P333975.6.4",
"inst": "pān[before]'PRP",
"sig": "@saao/saa10%akk-x-neoass:IGI=pānu[front//before]N'PRP$pān",
"f": {"lang": "akk-x-neoass",
"form": "IGI",
"cf": "pānu",
"gw": "front",
"sense": "before",
"norm": "pān",
"pos": "N",
"epos": "PRP"}
}
,
{
"node": "l",
"frag": "{d}[PA.TUG₂]",
"id": "P333975.l05e5b",
"ref": "P333975.6.5",
"inst": "Nušku[Nusku]DN",
"sig": "@saao/saa10%akk-x-neoass:{d}PA.TUG₂=Nušku[Nusku//Nusku]DN'DN$Nušku",
"f": {"lang": "akk-x-neoass",
"form": "{d}PA.TUG₂",
"cf": "Nušku",
"gw": "Nusku",
"sense": "Nusku",
"norm": "Nušku",
"pos": "DN",
"epos": "DN"}
}
,
{
"node": "d",
"type": "line-start",
"ref": "P333975.7",
"n": "6",
"label": "o 6"}
,
{
"node": "l",
"frag": "03",
"id": "P333975.l05e5c",
"ref": "P333975.7.1",
"inst": "n",
"f": {"lang": "akk-x-neoass",
"form": "03",
"pos": "n"}
}
,
{
"node": "l",
"frag": "ša",
"id": "P333975.l05e5d",
"ref": "P333975.7.2",
"inst": "ša[which]REL",
"sig": "@saao/saa10%akk-x-neoass:ša=ša[that//which]REL'REL$ša",
"f": {"lang": "akk-x-neoass",
"form": "ša",
"cf": "ša",
"gw": "that",
"sense": "which",
"norm": "ša",
"pos": "REL",
"epos": "REL"}
}
,
{
"node": "l",
"frag": "IGI",
"id": "P333975.l05e5e",
"ref": "P333975.7.3",
"inst": "pān[before]'PRP",
"sig": "@saao/saa10%akk-x-neoass:IGI=pānu[front//before]N'PRP$pān",
"f": {"lang": "akk-x-neoass",
"form": "IGI",
"cf": "pānu",
"gw": "front",
"sense": "before",
"norm": "pān",
"pos": "N",
"epos": "PRP"}
}
,
{
"node": "l",
"frag": "{d}30",
"id": "P333975.l05e5f",
"ref": "P333975.7.4",
"inst": "Sin[1]DN",
"sig": "@saao/saa10%akk-x-neoass:{d}30=Sin[1//1]DN'DN$Sin",
"f": {"lang": "akk-x-neoass",
"form": "{d}30",
"cf": "Sin",
"gw": "1",
"sense": "1",
"norm": "Sin",
"pos": "DN",
"epos": "DN"}
}
,
{
"node": "l",
"frag": "03",
"id": "P333975.l05e60",
"ref": "P333975.7.5",
"inst": "n",
"f": {"lang": "akk-x-neoass",
"form": "03",
"pos": "n"}
}
,
{
"node": "l",
"frag": "ša",
"id": "P333975.l05e61",
"ref": "P333975.7.6",
"inst": "ša[which]REL",
"sig": "@saao/saa10%akk-x-neoass:ša=ša[that//which]REL'REL$ša",
"f": {"lang": "akk-x-neoass",
"form": "ša",
"cf": "ša",
"gw": "that",
"sense": "which",
"norm": "ša",
"pos": "REL",
"epos": "REL"}
}
,
{
"node": "l",
"frag": "IGI",
"id": "P333975.l05e62",
"ref": "P333975.7.7",
"inst": "pān[before]'PRP",
"sig": "@saao/saa10%akk-x-neoass:IGI=pānu[front//before]N'PRP$pān",
"f": {"lang": "akk-x-neoass",
"form": "IGI",
"cf": "pānu",
"gw": "front",
"sense": "before",
"norm": "pān",
"pos": "N",
"epos": "PRP"}
}
,
{
"node": "l",
"frag": "{d}7.BI]",
"id": "P333975.l05e63",
"ref": "P333975.7.8",
"inst": "+Sebettu[the Pleiades]CN$Sebetti",
"sig": "@saao/saa10%akk-x-neoass:{d}7.BI=Sebettu[the Pleiades//the Pleiades]CN'CN$Sebetti",
"f": {"lang": "akk-x-neoass",
"form": "{d}7.BI",
"cf": "Sebettu",
"gw": "the Pleiades",
"sense": "the Pleiades",
"norm": "Sebetti",
"pos": "CN",
"epos": "CN"}
}
,
{
"node": "d",
"type": "line-start",
"ref": "P333975.8",
"n": "7",
"label": "o 7"}
,
{
"node": "l",
"frag": "02",
"id": "P333975.l05e64",
"ref": "P333975.8.1",
"inst": "n",
"f": {"lang": "akk-x-neoass",
"form": "02",
"pos": "n"}
}
,
{
"node": "d",
"frag": ":.",
"type": "nonw",
"ref": "P333975.8.2",
"lang": "akk-x-neoass",
"type": "punct",
"gdl_delim": " "}
,
{
"node": "l",
"frag": "⸢ša⸣",
"id": "P333975.l05e65",
"ref": "P333975.8.3",
"inst": "ša[which]REL",
"sig": "@saao/saa10%akk-x-neoass:ša=ša[that//which]REL'REL$ša",
"f": {"lang": "akk-x-neoass",
"form": "ša",
"cf": "ša",
"gw": "that",
"sense": "which",
"norm": "ša",
"pos": "REL",
"epos": "REL"}
}
,
{
"node": "l",
"frag": "IGI",
"id": "P333975.l05e66",
"ref": "P333975.8.4",
"inst": "pān[before]'PRP",
"sig": "@saao/saa10%akk-x-neoass:IGI=pānu[front//before]N'PRP$pān",
"f": {"lang": "akk-x-neoass",
"form": "IGI",
"cf": "pānu",
"gw": "front",
"sense": "before",
"norm": "pān",
"pos": "N",
"epos": "PRP"}
}
,
{
"node": "l",
"frag": "{mul}GAG.SI.SA₂",
"id": "P333975.l05e67",
"ref": "P333975.8.5",
"inst": "+Šukudu[Sirius]CN$Šukudi",
"sig": "@saao/saa10%akk-x-neoass:{MUL}GAG.SI.SA₂=Šukudu[Sirius//Sirius]CN'CN$Šukudi",
"f": {"lang": "akk-x-neoass",
"form": "{MUL}GAG.SI.SA₂",
"cf": "Šukudu",
"gw": "Sirius",
"sense": "Sirius",
"norm": "Šukudi",
"pos": "CN",
"epos": "CN"}
}
,
{
"node": "d",
"type": "line-start",
"ref": "P333975.9",
"n": "8",
"label": "o 8"}
,
{
"node": "l",
"frag": "02",
"id": "P333975.l05e68",
"ref": "P333975.9.1",
"inst": "n",
"f": {"lang": "akk-x-neoass",
"form": "02",
"pos": "n"}
}
,
{
"node": "d",
"frag": ":.",
"type": "nonw",
"ref": "P333975.9.2",
"lang": "akk-x-neoass",
"type": "punct",
"gdl_delim": " "}
,
{
"node": "l",
"frag": "⸢ša",
"id": "P333975.l05e69",
"ref": "P333975.9.3",
"inst": "ša[which]REL",
"sig": "@saao/saa10%akk-x-neoass:ša=ša[that//which]REL'REL$ša",
"f": {"lang": "akk-x-neoass",
"form": "ša",
"cf": "ša",
"gw": "that",
"sense": "which",
"norm": "ša",
"pos": "REL",
"epos": "REL"}
}
,
{
"node": "l",
"frag": "IGI⸣",
"id": "P333975.l05e6a",
"ref": "P333975.9.4",
"inst": "pān[before]'PRP",
"sig": "@saao/saa10%akk-x-neoass:IGI=pānu[front//before]N'PRP$pān",
"f": {"lang": "akk-x-neoass",
"form": "IGI",
"cf": "pānu",
"gw": "front",
"sense": "before",
"norm": "pān",
"pos": "N",
"epos": "PRP"}
}
,
{
"node": "l",
"frag": "{mul}ṣal-⸢bat⸣-[a-nu]",
"id": "P333975.l05e6b",
"ref": "P333975.9.5",
"inst": "Ṣalbatanu[Mars]CN",
"sig": "@saao/saa10%akk-x-neoass:{MUL}ṣal-bat-a-nu=Ṣalbatanu[Mars//Mars]CN'CN$Ṣalbatanu",
"f": {"lang": "akk-x-neoass",
"form": "{MUL}ṣal-bat-a-nu",
"cf": "Ṣalbatanu",
"gw": "Mars",
"sense": "Mars",
"norm": "Ṣalbatanu",
"pos": "CN",
"epos": "CN"}
}
,
{
"node": "d",
"type": "line-start",
"ref": "P333975.10",
"n": "9",
"label": "o 9"}
,
{
"node": "l",
"frag": "02",
"id": "P333975.l05e6c",
"ref": "P333975.10.1",
"inst": "n",
"f": {"lang": "akk-x-neoass",
"form": "02",
"pos": "n"}
}
,
{
"node": "d",
"frag": ":.",
"type": "nonw",
"ref": "P333975.10.2",
"lang": "akk-x-neoass",
"type": "punct",
"gdl_delim": " "}
,
{
"node": "l",
"frag": "⸢ša⸣",
"id": "P333975.l05e6d",
"ref": "P333975.10.3",
"inst": "ša[which]REL",
"sig": "@saao/saa10%akk-x-neoass:ša=ša[that//which]REL'REL$ša",
"f": {"lang": "akk-x-neoass",
"form": "ša",
"cf": "ša",
"gw": "that",
"sense": "which",
"norm": "ša",
"pos": "REL",
"epos": "REL"}
}
,
{
"node": "l",
"frag": "[IGI]",
"id": "P333975.l05e6e",
"ref": "P333975.10.4",
"inst": "pān[before]'PRP",
"sig": "@saao/saa10%akk-x-neoass:IGI=pānu[front//before]N'PRP$pān",
"f": {"lang": "akk-x-neoass",
"form": "IGI",
"cf": "pānu",
"gw": "front",
"sense": "before",
"norm": "pān",
"pos": "N",
"epos": "PRP"}
}
,
{
"node": "l",
"frag": "{⸢mul⸣}be-[lit-TI.LA]",
"id": "P333975.l05e6f",
"ref": "P333975.10.5",
"inst": "Belet-balaṭi[Vega]'CN",
"sig": "@saao/saa10%akk-x-neoass:{MUL}be-lit-TI.LA=Belet-balaṭi[Lady of life, Damkina//Vega]DN'CN$Belet-balaṭi",
"f": {"lang": "akk-x-neoass",
"form": "{MUL}be-lit-TI.LA",
"cf": "Belet-balaṭi",
"gw": "Lady of life, Damkina",
"sense": "Vega",
"norm": "Belet-balaṭi",
"pos": "DN",
"epos": "CN"}
}
,
{
"node": "d",
"type": "line-start",
"ref": "P333975.11",
"n": "10",
"label": "o 10"}
,
{
"node": "l",
"frag": "02",
"id": "P333975.l05e70",
"ref": "P333975.11.1",
"inst": "n",
"f": {"lang": "akk-x-neoass",
"form": "02",
"pos": "n"}
}
,
{
"node": "d",
"frag": ":.",
"type": "nonw",
"ref": "P333975.11.2",
"lang": "akk-x-neoass",
"type": "punct",
"gdl_delim": " "}
,
{
"node": "l",
"frag": "ša",
"id": "P333975.l05e71",
"ref": "P333975.11.3",
"inst": "ša[which]REL",
"sig": "@saao/saa10%akk-x-neoass:ša=ša[that//which]REL'REL$ša",
"f": {"lang": "akk-x-neoass",
"form": "ša",
"cf": "ša",
"gw": "that",
"sense": "which",
"norm": "ša",
"pos": "REL",
"epos": "REL"}
}
,
{
"node": "l",
"frag": "[IGI]",
"id": "P333975.l05e72",
"ref": "P333975.11.4",
"inst": "pān[before]'PRP",
"sig": "@saao/saa10%akk-x-neoass:IGI=pānu[front//before]N'PRP$pān",
"f": {"lang": "akk-x-neoass",
"form": "IGI",
"cf": "pānu",
"gw": "front",
"sense": "before",
"norm": "pān",
"pos": "N",
"epos": "PRP"}
}
,
{
"node": "l",
"frag": "{⸢mul⸣}[x",
"id": "P333975.l05e73",
"ref": "P333975.11.5",
"inst": "u",
"f": {"lang": "akk-x-neoass",
"form": "{MUL}x",
"pos": "u"}
}
,
{
"node": "l",
"frag": "x",
"id": "P333975.l05e74",
"ref": "P333975.11.6",
"inst": "u",
"f": {"lang": "akk-x-neoass",
"form": "x",
"pos": "u"}
}
,
{
"node": "l",
"frag": "x",
"id": "P333975.l05e75",
"ref": "P333975.11.7",
"inst": "u",
"f": {"lang": "akk-x-neoass",
"form": "x",
"pos": "u"}
}
,
{
"node": "l",
"frag": "x]",
"id": "P333975.l05e76",
"ref": "P333975.11.8",
"inst": "u",
"f": {"lang": "akk-x-neoass",
"form": "x",
"pos": "u"}
}
,
{
"node": "d",
"type": "line-start",
"ref": "P333975.12",
"n": "11",
"label": "o 11"}
,
{
"node": "l",
"frag": "01",
"id": "P333975.l05e77",
"ref": "P333975.12.1",
"inst": "n",
"f": {"lang": "akk-x-neoass",
"form": "01",
"pos": "n"}
}
,
{
"node": "d",
"frag": ":.",
"type": "nonw",
"ref": "P333975.12.2",
"lang": "akk-x-neoass",
"type": "punct",
"gdl_delim": " "}
,
{
"node": "l",
"frag": "ša",
"id": "P333975.l05e78",
"ref": "P333975.12.3",
"inst": "ša[which]REL",
"sig": "@saao/saa10%akk-x-neoass:ša=ša[that//which]REL'REL$ša",
"f": {"lang": "akk-x-neoass",
"form": "ša",
"cf": "ša",
"gw": "that",
"sense": "which",
"norm": "ša",
"pos": "REL",
"epos": "REL"}
}
,
{
"node": "l",
"frag": "[IGI",
"id": "P333975.l05e79",
"ref": "P333975.12.4",
"inst": "pān[before]'PRP",
"sig": "@saao/saa10%akk-x-neoass:IGI=pānu[front//before]N'PRP$pān",
"f": {"lang": "akk-x-neoass",
"form": "IGI",
"cf": "pānu",
"gw": "front",
"sense": "before",
"norm": "pān",
"pos": "N",
"epos": "PRP"}
}
,
{
"node": "l",
"frag": "{mul}x",
"id": "P333975.l05e7a",
"ref": "P333975.12.5",
"inst": "u",
"f": {"lang": "akk-x-neoass",
"form": "{MUL}x",
"pos": "u"}
}
,
{
"node": "l",
"frag": "x",
"id": "P333975.l05e7b",
"ref": "P333975.12.6",
"inst": "u",
"f": {"lang": "akk-x-neoass",
"form": "x",
"pos": "u"}
}
,
{
"node": "l",
"frag": "x",
"id": "P333975.l05e7c",
"ref": "P333975.12.7",
"inst": "u",
"f": {"lang": "akk-x-neoass",
"form": "x",
"pos": "u"}
}
,
{
"node": "l",
"frag": "x]",
"id": "P333975.l05e7d",
"ref": "P333975.12.8",
"inst": "u",
"f": {"lang": "akk-x-neoass",
"form": "x",
"pos": "u"}
}
,
{
"node": "d",
"type": "line-start",
"ref": "P333975.13",
"n": "12",
"label": "o 12"}
,
{
"node": "l",
"frag": "01",
"id": "P333975.l05e7e",
"ref": "P333975.13.1",
"inst": "n",
"f": {"lang": "akk-x-neoass",
"form": "01",
"pos": "n"}
}
,
{
"node": "d",
"frag": ":.",
"type": "nonw",
"ref": "P333975.13.2",
"lang": "akk-x-neoass",
"type": "punct",
"gdl_delim": " "}
,
{
"node": "l",
"frag": "ša",
"id": "P333975.l05e7f",
"ref": "P333975.13.3",
"inst": "ša[which]REL",
"sig": "@saao/saa10%akk-x-neoass:ša=ša[that//which]REL'REL$ša",
"f": {"lang": "akk-x-neoass",
"form": "ša",
"cf": "ša",
"gw": "that",
"sense": "which",
"norm": "ša",
"pos": "REL",
"epos": "REL"}
}
,
{
"node": "l",
"frag": "⸢IGI⸣",
"id": "P333975.l05e80",
"ref": "P333975.13.4",
"inst": "pān[before]'PRP",
"sig": "@saao/saa10%akk-x-neoass:IGI=pānu[front//before]N'PRP$pān",
"f": {"lang": "akk-x-neoass",
"form": "IGI",
"cf": "pānu",
"gw": "front",
"sense": "before",
"norm": "pān",
"pos": "N",
"epos": "PRP"}
}
,
{
"node": "l",
"frag": "{[mul}x",
"id": "P333975.l05e81",
"ref": "P333975.13.5",
"inst": "u",
"f": {"lang": "akk-x-neoass",
"form": "{MUL}x",
"pos": "u"}
}
,
{
"node": "l",
"frag": "x",
"id": "P333975.l05e82",
"ref": "P333975.13.6",
"inst": "u",
"f": {"lang": "akk-x-neoass",
"form": "x",
"pos": "u"}
}
,
{
"node": "l",
"frag": "x",
"id": "P333975.l05e83",
"ref": "P333975.13.7",
"inst": "u",
"f": {"lang": "akk-x-neoass",
"form": "x",
"pos": "u"}
}
,
{
"node": "l",
"frag": "x]",
"id": "P333975.l05e84",
"ref": "P333975.13.8",
"inst": "u",
"f": {"lang": "akk-x-neoass",
"form": "x",
"pos": "u"}
}
,
{
"node": "d",
"type": "line-start",
"ref": "P333975.14",
"n": "13",
"label": "o 13"}
,
{
"node": "l",
"frag": "EN₂",
"id": "P333975.l05e85",
"ref": "P333975.14.1",
"inst": "šiptu[incantation]N",
"sig": "@saao/saa10%akk-x-neoass:EN₂=šiptu[incantation//incantation]N'N$šiptu",
"f": {"lang": "akk-x-neoass",
"form": "EN₂",
"cf": "šiptu",
"gw": "incantation",
"sense": "incantation",
"norm": "šiptu",
"pos": "N",
"epos": "N"}
}
,
{
"node": "l",
"frag": "{d}E₂.A",
"id": "P333975.l05e86",
"ref": "P333975.14.2",
"inst": "Ea[1]DN",
"sig": "@saao/saa10%akk-x-neoass:{d}E₂.A=Ea[1//1]DN'DN$Ea",
"f": {"lang": "akk-x-neoass",
"form": "{d}E₂.A",
"cf": "Ea",
"gw": "1",
"sense": "1",
"norm": "Ea",
"pos": "DN",
"epos": "DN"}
}
,
{
"node": "l",
"frag": "{[d}UTU",
"id": "P333975.l05e87",
"ref": "P333975.14.3",
"inst": "Šamaš[1]DN",
"sig": "@saao/saa10%akk-x-neoass:{d}UTU=Šamaš[1//1]DN'DN$Šamaš",
"f": {"lang": "akk-x-neoass",
"form": "{d}UTU",
"cf": "Šamaš",
"gw": "1",
"sense": "1",
"norm": "Šamaš",
"pos": "DN",
"epos": "DN"}
}
,
{
"node": "l",
"frag": "{d}ASAR.LU₂.HI]",
"id": "P333975.l05e88",
"ref": "P333975.14.4",
"inst": "Asalluhi[1]DN",
"sig": "@saao/saa10%akk-x-neoass:{d}ASAR.LU₂.HI=Asalluhi[1//1]DN'DN$Asalluhi",
"f": {"lang": "akk-x-neoass",
"form": "{d}ASAR.LU₂.HI",
"cf": "Asalluhi",
"gw": "1",
"sense": "1",
"norm": "Asalluhi",
"pos": "DN",
"epos": "DN"}
}
,
{
"node": "d",
"type": "line-start",
"ref": "P333975.15",
"n": "14",
"label": "o 14"}
,
{
"node": "l",
"frag": "ša",
"id": "P333975.l05e89",
"ref": "P333975.15.1",
"inst": "ša[of]DET",
"sig": "@saao/saa10%akk-x-neoass:ša=ša[of//of]DET'DET$ša",
"f": {"lang": "akk-x-neoass",
"form": "ša",
"cf": "ša",
"gw": "of",
"sense": "of",
"norm": "ša",
"pos": "DET",
"epos": "DET"}
}
,
{
"node": "l",
"frag": "NAM.BUR₂.BI",
"id": "P333975.l05e8a",
"ref": "P333975.15.2",
"inst": "+namburbû[apotropaic ritual]N$namburbî",
"sig": "@saao/saa10%akk-x-neoass:NAM.BUR₂.BI=namburbû[apotropaic ritual//apotropaic ritual]N'N$namburbî",
"f": {"lang": "akk-x-neoass",
"form": "NAM.BUR₂.BI",
"cf": "namburbû",
"gw": "apotropaic ritual",
"sense": "apotropaic ritual",
"norm": "namburbî",
"pos": "N",
"epos": "N"}
}
,
{
"node": "l",
"frag": "⸢HUL⸣",
"id": "P333975.l05e8b",
"ref": "P333975.15.3",
"inst": "lumnu[evil]N",
"sig": "@saao/saa10%akk-x-neoass:HUL=lumnu[evil//evil]N'N$lumun",
"f": {"lang": "akk-x-neoass",
"form": "HUL",
"cf": "lumnu",
"gw": "evil",
"sense": "evil",
"norm": "lumun",
"pos": "N",
"epos": "N"}
}
,
{
"node": "l",
"frag": "[DU₃.A.BI]",
"id": "P333975.l05e8c",
"ref": "P333975.15.4",
"inst": "kalāma[all (of it)]'AJ",
"sig": "@saao/saa10%akk-x-neoass:DU₃.A.BI=kalāma[all (of it)//all (of it)]N'AJ$kalāma",
"f": {"lang": "akk-x-neoass",
"form": "DU₃.A.BI",
"cf": "kalāma",
"gw": "all (of it)",
"sense": "all (of it)",
"norm": "kalāma",
"pos": "N",
"epos": "AJ"}
}
,
{
"node": "d",
"type": "line-start",
"ref": "P333975.16",
"n": "15",
"label": "o 15"}
,
{
"node": "l",
"frag": "NAM.BUR₂.BI",
"id": "P333975.l05e8d",
"ref": "P333975.16.1",
"inst": "namburbû[apotropaic ritual]N",
"sig": "@saao/saa10%akk-x-neoass:NAM.BUR₂.BI=namburbû[apotropaic ritual//apotropaic ritual]N'N$namburbû",
"f": {"lang": "akk-x-neoass",
"form": "NAM.BUR₂.BI",
"cf": "namburbû",
"gw": "apotropaic ritual",
"sense": "apotropaic ritual",
"norm": "namburbû",
"pos": "N",
"epos": "N"}
}
,
{
"node": "l",
"frag": "šum-ma",
"id": "P333975.l05e8e",
"ref": "P333975.16.2",
"inst": "šumma[if]MOD",
"sig": "@saao/saa10%akk-x-neoass:šum-ma=šumma[if//if]MOD'MOD$šumma",
"f": {"lang": "akk-x-neoass",
"form": "šum-ma",
"cf": "šumma",
"gw": "if",
"sense": "if",
"norm": "šumma",
"pos": "MOD",
"epos": "MOD"}
}
,
{
"node": "l",
"frag": "30",
"id": "P333975.l05e8f",
"ref": "P333975.16.3",
"inst": "Sin[1]DN",
"sig": "@saao/saa10%akk-x-neoass:30=Sin[1//1]DN'DN$Sin",
"f": {"lang": "akk-x-neoass",
"form": "30",
"cf": "Sin",
"gw": "1",
"sense": "1",
"norm": "Sin",
"pos": "DN",
"epos": "DN"}
}
,
{
"node": "l",
"frag": "u",
"id": "P333975.l05e90",
"ref": "P333975.16.4",
"inst": "u[and]CNJ",
"sig": "@saao/saa10%akk-x-neoass:u=u[and//and]CNJ'CNJ$u",
"f": {"lang": "akk-x-neoass",
"form": "u",
"cf": "u",
"gw": "and",
"sense": "and",
"norm": "u",
"pos": "CNJ",
"epos": "CNJ"}
}
,
{
"node": "l",
"frag": "20",
"id": "P333975.l05e91",
"ref": "P333975.16.5",
"inst": "Šamaš[1]DN",
"sig": "@saao/saa10%akk-x-neoass:20=Šamaš[1//1]DN'DN$Šamaš",
"f": {"lang": "akk-x-neoass",
"form": "20",
"cf": "Šamaš",
"gw": "1",
"sense": "1",
"norm": "Šamaš",
"pos": "DN",
"epos": "DN"}
}
,
{
"node": "l",
"frag": "ana",
"id": "P333975.l05e92",
"ref": "P333975.16.6",
"inst": "ana[to]PRP",
"sig": "@saao/saa10%akk-x-neoass:ana=ana[to//to]PRP'PRP$ana",
"f": {"lang": "akk-x-neoass",
"form": "ana",
"cf": "ana",
"gw": "to",
"sense": "to",
"norm": "ana",
"pos": "PRP",
"epos": "PRP"}
}
,
{
"node": "l",
"frag": "NUN",
"id": "P333975.l05e93",
"ref": "P333975.16.7",
"inst": "+rubû[prince//ruler]N'N$rubê",
"sig": "@saao/saa10%akk-x-neoass:NUN=rubû[prince//ruler]N'N$rubê",
"f": {"lang": "akk-x-neoass",
"form": "NUN",
"cf": "rubû",
"gw": "prince",
"sense": "ruler",
"norm": "rubê",
"pos": "N",
"epos": "N"}
}
,
{
"node": "l",
"frag": "u",
"id": "P333975.l05e94",
"ref": "P333975.16.8",
"inst": "u[and]CNJ",
"sig": "@saao/saa10%akk-x-neoass:u=u[and//and]CNJ'CNJ$u",
"f": {"lang": "akk-x-neoass",
"form": "u",
"cf": "u",
"gw": "and",
"sense": "and",
"norm": "u",
"pos": "CNJ",
"epos": "CNJ"}
}
,
{
"node": "l",
"frag": "KUR-⸢šu₂⸣",
"id": "P333975.l05e95",
"ref": "P333975.16.9",
"inst": "mātīšu[land]N",
"sig": "@saao/saa10%akk-x-neoass:KUR-šu₂=mātu[land//land]N'N$mātīšu",
"f": {"lang": "akk-x-neoass",
"form": "KUR-šu₂",
"cf": "mātu",
"gw": "land",
"sense": "land",
"norm": "mātīšu",
"pos": "N",
"epos": "N"}
}
,
{
"node": "d",
"type": "line-start",
"ref": "P333975.17",
"n": "16",
"label": "o 16"}
,
{
"node": "l",
"frag": "zi-in-na-tu₂",
"id": "P333975.l05e96",
"ref": "P333975.17.1",
"inst": "+zinnatu[(a lament)//grievance]N'N$",
"sig": "@saao/saa10%akk-x-neoass:zi-in-na-tu₂=zinnatu[(a lament)//grievance]N'N$zinnatu",
"f": {"lang": "akk-x-neoass",
"form": "zi-in-na-tu₂",
"cf": "zinnatu",
"gw": "(a lament)",
"sense": "grievance",
"norm": "zinnatu",
"pos": "N",
"epos": "N"}
}
,
{
"node": "l",
"frag": "ib-šu₂-u",
"id": "P333975.l05e97",
"ref": "P333975.17.2",
"inst": "+bašû[exist//appear]V'V$ibšû",
"sig": "@saao/saa10%akk-x-neoass:ib-šu₂-u=bašû[exist//appear]V'V$ibšû",
"f": {"lang": "akk-x-neoass",
"form": "ib-šu₂-u",
"cf": "bašû",
"gw": "exist",
"sense": "appear",
"norm": "ibšû",
"pos": "V",
"epos": "V"}
}
,
{
"node": "l",
"frag": "is-se-niš",
"id": "P333975.l05e98",
"ref": "P333975.17.3",
"inst": "issēniš[also]AV",
"sig": "@saao/saa10%akk-x-neoass:is-se-niš=ištēniš[together//also]AV'AV$issēniš",
"f": {"lang": "akk-x-neoass",
"form": "is-se-niš",
"cf": "ištēniš",
"gw": "together",
"sense": "also",
"norm": "issēniš",
"pos": "AV",
"epos": "AV"}
}
,
{
"node": "d",
"type": "line-start",
"ref": "P333975.18",
"n": "17",
"label": "o 17"}
,
{
"node": "l",
"frag": "PAB",
"id": "P333975.l05e99",
"ref": "P333975.18.1",
"inst": "gimru[total]N",
"sig": "@saao/saa10%akk-x-neoass:PAB=gimru[totality//total]N'N$gimru",
"f": {"lang": "akk-x-neoass",
"form": "PAB",
"cf": "gimru",
"gw": "totality",
"sense": "total",
"norm": "gimru",
"pos": "N",
"epos": "N"}
}
,
{
"node": "l",
"frag": "21",
"id": "P333975.l05e9a",
"ref": "P333975.18.2",
"inst": "n",
"f": {"lang": "akk-x-neoass",
"form": "21",
"pos": "n"}
}
,
{
"node": "l",
"frag": "ṭup-pa-a-ni",
"id": "P333975.l05e9b",
"ref": "P333975.18.3",
"inst": "ṭuppāni[tablet]N",
"sig": "@saao/saa10%akk-x-neoass:ṭup-pa-a-ni=ṭuppu[tablet//tablet]N'N$ṭuppāni",
"f": {"lang": "akk-x-neoass",
"form": "ṭup-pa-a-ni",
"cf": "ṭuppu",
"gw": "tablet",
"sense": "tablet",
"norm": "ṭuppāni",
"pos": "N",
"epos": "N"}
}
,
{
"node": "l",
"frag": "ina",
"id": "P333975.l05e9c",
"ref": "P333975.18.4",
"inst": "ina[in]PRP",
"sig": "@saao/saa10%akk-x-neoass:ina=ina[in//from]PRP'PRP$ina",
"f": {"lang": "akk-x-neoass",
"form": "ina",
"cf": "ina",
"gw": "in",
"sense": "from",
"norm": "ina",
"pos": "PRP",
"epos": "PRP"}
}
,
{
"node": "l",
"frag": "UGU",
"id": "P333975.l05e9d",
"ref": "P333975.18.5",
"inst": "muhhi[skull]N",
"sig": "@saao/saa10%akk-x-neoass:UGU=muhhu[skull//skull]N'N$muhhi",
"f": {"lang": "akk-x-neoass",
"form": "UGU",
"cf": "muhhu",
"gw": "skull",
"sense": "skull",
"norm": "muhhi",
"pos": "N",
"epos": "N"}
}
,
{
"node": "l",
"frag": "ID₂",
"id": "P333975.l05e9e",
"ref": "P333975.18.6",
"inst": "nāri[river]N",
"sig": "@saao/saa10%akk-x-neoass:ID₂=nāru[river//river]N'N$nāri",
"f": {"lang": "akk-x-neoass",
"form": "ID₂",
"cf": "nāru",
"gw": "river",
"sense": "river",
"norm": "nāri",
"pos": "N",
"epos": "N"}
}
,
{
"node": "d",
"type": "line-start",
"ref": "P333975.19",
"n": "18",
"label": "o 18"}
,
{
"node": "l",
"frag": "UD-mu",
"id": "P333975.l05e9f",
"ref": "P333975.19.1",
"inst": "ūmu[day]N",
"sig": "@saao/saa10%akk-x-neoass:UD-mu=ūmu[day//day]N'N$ūmu",
"f": {"lang": "akk-x-neoass",
"form": "UD-mu",
"cf": "ūmu",
"gw": "day",
"sense": "day",
"norm": "ūmu",
"pos": "N",
"epos": "N"}
}
,
{
"node": "l",
"frag": "an-ni-i",
"id": "P333975.l05ea0",
"ref": "P333975.19.2",
"inst": "annî[this]DP",
"sig": "@saao/saa10%akk-x-neoass:an-ni-i=annû[this//this]DP'DP$annî",
"f": {"lang": "akk-x-neoass",
"form": "an-ni-i",
"cf": "annû",
"gw": "this",
"sense": "this",
"norm": "annî",
"pos": "DP",
"epos": "DP"}
}
,
{
"node": "l",
"frag": "e-ta-pa-aš₂",
"id": "P333975.l05ea1",
"ref": "P333975.19.3",
"inst": "+epēšu[do//perform]V'V$ētapaš",
"sig": "@saao/saa10%akk-x-neoass:e-ta-pa-aš₂=epēšu[do//perform]V'V$ētapaš",
"f": {"lang": "akk-x-neoass",
"form": "e-ta-pa-aš₂",
"cf": "epēšu",
"gw": "do",
"sense": "perform",
"norm": "ētapaš",
"pos": "V",
"epos": "V"}
}
,
{
"node": "d",
"type": "line-start",
"ref": "P333975.20",
"n": "19",
"label": "o 19"}
,
{
"node": "l",
"frag": "ina",
"id": "P333975.l05ea2",
"ref": "P333975.20.1",
"inst": "ina[in]PRP",
"sig": "@saao/saa10%akk-x-neoass:ina=ina[in//from]PRP'PRP$ina",
"f": {"lang": "akk-x-neoass",
"form": "ina",
"cf": "ina",
"gw": "in",
"sense": "from",
"norm": "ina",
"pos": "PRP",
"epos": "PRP"}
}
,
{
"node": "l",
"frag": "nu-bat-ti",
"id": "P333975.l05ea3",
"ref": "P333975.20.2",
"inst": "nubatti[evening]N",
"sig": "@saao/saa10%akk-x-neoass:nu-bat-ti=nubattu[evening (rest)//evening]N'N$nubatti",
"f": {"lang": "akk-x-neoass",
"form": "nu-bat-ti",
"cf": "nubattu",
"gw": "evening (rest)",
"sense": "evening",
"norm": "nubatti",
"pos": "N",
"epos": "N"}
}
,
{
"node": "l",
"frag": "{1}ARAD-{d}E₂.A",
"id": "P333975.l05ea4",
"ref": "P333975.20.3",
"inst": "Urdu-Ea[1]PN",
"sig": "@saao/saa10%akk-x-neoass:{1}ARAD-{d}E₂.A=Urdu-Ea[1//1]PN'PN$Urdu-Ea",
"f": {"lang": "akk-x-neoass",
"form": "{1}ARAD-{d}E₂.A",
"cf": "Urdu-Ea",
"gw": "1",
"sense": "1",
"norm": "Urdu-Ea",
"pos": "PN",
"epos": "PN"}
}
,
{
"node": "l",
"frag": "ina",
"id": "P333975.l05ea5",
"ref": "P333975.20.4",
"inst": "ina[on]PRP",
"sig": "@saao/saa10%akk-x-neoass:ina=ina[in//on]PRP'PRP$ina",
"f": {"lang": "akk-x-neoass",
"form": "ina",
"cf": "ina",
"gw": "in",
"sense": "on",
"norm": "ina",
"pos": "PRP",
"epos": "PRP"}
}
,
{
"node": "l",
"frag": "UR₃",
"id": "P333975.l05ea6",
"ref": "P333975.20.5",
"inst": "ūri[roof]N",
"sig": "@saao/saa10%akk-x-neoass:UR₃=ūru[roof//roof]N'N$ūri",
"f": {"lang": "akk-x-neoass",
"form": "UR₃",
"cf": "ūru",
"gw": "roof",
"sense": "roof",
"norm": "ūri",
"pos": "N",
"epos": "N"}
}
,
{
"node": "l",
"frag": "E₂.GAL",
"id": "P333975.l05ea7",
"ref": "P333975.20.6",
"inst": "ēkalli[palace]N",
"sig": "@saao/saa10%akk-x-neoass:E₂.GAL=ēkallu[palace//palace]N'N$ēkalli",
"f": {"lang": "akk-x-neoass",
"form": "E₂.GAL",
"cf": "ēkallu",
"gw": "palace",
"sense": "palace",
"norm": "ēkalli",
"pos": "N",
"epos": "N"}
}
,
{
"node": "d",
"type": "line-start",
"ref": "P333975.21",
"n": "20",
"label": "o 20"}
,
{
"node": "l",
"frag": "ep-pa-aš₂",
"id": "P333975.l05ea8",
"ref": "P333975.21.1",
"inst": "+epēšu[do//perform]V'V$eppaš",
"sig": "@saao/saa10%akk-x-neoass:ep-pa-aš₂=epēšu[do//perform]V'V$eppaš",
"f": {"lang": "akk-x-neoass",
"form": "ep-pa-aš₂",
"cf": "epēšu",
"gw": "do",
"sense": "perform",
"norm": "eppaš",
"pos": "V",
"epos": "V"}
}
,
{
"node": "l",
"frag": "LUGAL",
"id": "P333975.l05ea9",
"ref": "P333975.21.2",
"inst": "šarru[king]N",
"sig": "@saao/saa10%akk-x-neoass:LUGAL=šarru[king//king]N'N$šarru",
"f": {"lang": "akk-x-neoass",
"form": "LUGAL",
"cf": "šarru",
"gw": "king",
"sense": "king",
"norm": "šarru",
"pos": "N",
"epos": "N"}
}
,
{
"node": "l",
"frag": "be-li₂",
"id": "P333975.l05eaa",
"ref": "P333975.21.3",
"inst": "bēlī[lord]N",
"sig": "@saao/saa10%akk-x-neoass:be-li₂=bēlu[lord//lord]N'N$bēlī",
"f": {"lang": "akk-x-neoass",
"form": "be-li₂",
"cf": "bēlu",
"gw": "lord",
"sense": "lord",
"norm": "bēlī",
"pos": "N",
"epos": "N"}
}
,
{
"node": "l",
"frag": "u₂-da",
"id": "P333975.l05eab",
"ref": "P333975.21.4",
"inst": "ūda[know]V",
"sig": "@saao/saa10%akk-x-neoass:u₂-da=wadû[know//know]V'V$ūda",
"f": {"lang": "akk-x-neoass",
"form": "u₂-da",
"cf": "wadû",
"gw": "know",
"sense": "know",
"norm": "ūda",
"pos": "V",
"epos": "V"}
}
,
{
"node": "d",
"type": "line-start",
"ref": "P333975.22",
"n": "21",
"label": "o 21"}
,
{
"node": "l",
"frag": "{lu₂}MAŠ.MAŠ",
"id": "P333975.l05eac",
"ref": "P333975.22.1",
"inst": "āšipu[exorcist]N",
"sig": "@saao/saa10%akk-x-neoass:{LU₂}MAŠ.MAŠ=āšipu[sorcerer//exorcist]N'N$āšipu",
"f": {"lang": "akk-x-neoass",
"form": "{LU₂}MAŠ.MAŠ",
"cf": "āšipu",
"gw": "sorcerer",
"sense": "exorcist",
"norm": "āšipu",
"pos": "N",
"epos": "N"}
}
,
{
"node": "l",
"frag": "UD.HUL.GAL₂.E",
"id": "P333975.l05ead",
"ref": "P333975.22.2",
"inst": "+uhulgallu[unfavourable day//Evil Day]N'N$uhulgallê",
"sig": "@saao/saa10%akk-x-neoass:UD.HUL.GAL₂.E=uhulgallu[unfavourable day//Evil Day]N'N$uhulgallê",
"f": {"lang": "akk-x-neoass",
"form": "UD.HUL.GAL₂.E",
"cf": "uhulgallu",
"gw": "unfavourable day",
"sense": "Evil Day",
"norm": "uhulgallê",
"pos": "N",
"epos": "N"}
}
,
{
"node": "l",
"frag": "la",
"id": "P333975.l05eae",
"ref": "P333975.22.3",
"inst": "lā[not]MOD",
"sig": "@saao/saa10%akk-x-neoass:la=lā[not//not]MOD'MOD$lā",
"f": {"lang": "akk-x-neoass",
"form": "la",
"cf": "lā",
"gw": "not",
"sense": "not",
"norm": "lā",
"pos": "MOD",
"epos": "MOD"}
}
,
{
"node": "l",
"frag": "DUG₃.GA",
"id": "P333975.l05eaf",
"ref": "P333975.22.4",
"inst": "ṭāba[good]AJ",
"sig": "@saao/saa10%akk-x-neoass:DUG₃.GA=ṭābu[good//good]AJ'AJ$ṭāba",
"f": {"lang": "akk-x-neoass",
"form": "DUG₃.GA",
"cf": "ṭābu",
"gw": "good",
"sense": "good",
"norm": "ṭāba",
"pos": "AJ",
"epos": "AJ"}
}
,
{
"node": "d",
"type": "line-start",
"ref": "P333975.23",
"n": "22",
"label": "o 22"}
,
{
"node": "l",
"frag": "ŠU.IL₂.LA₂.KAM₂",
"id": "P333975.l05eb0",
"ref": "P333975.23.1",
"inst": "+šuʾillakku[(prayer of) raised hands//hand-lifting prayer]N'N$",
"sig": "@saao/saa10%akk-x-neoass:ŠU.IL₂.LA₂.KAM₂=šuʾillakku[(prayer of) raised hands//hand-lifting prayer]N'N$šuʾillakku",
"f": {"lang": "akk-x-neoass",
"form": "ŠU.IL₂.LA₂.KAM₂",
"cf": "šuʾillakku",
"gw": "(prayer of) raised hands",
"sense": "hand-lifting prayer",
"norm": "šuʾillakku",
"pos": "N",
"epos": "N"}
}
,
{
"node": "l",
"frag": "la",
"id": "P333975.l05eb1",
"ref": "P333975.23.2",
"inst": "lā[not]MOD",
"sig": "@saao/saa10%akk-x-neoass:la=lā[not//not]MOD'MOD$lā",
"f": {"lang": "akk-x-neoass",
"form": "la",
"cf": "lā",
"gw": "not",
"sense": "not",
"norm": "lā",
"pos": "MOD",
"epos": "MOD"}
}
,
{
"node": "l",
"frag": "i-na-aš₂-ši",
"id": "P333975.l05eb2",
"ref": "P333975.23.3",
"inst": "inašši[take]V",
"sig": "@saao/saa10%akk-x-neoass:i-na-aš₂-ši=našû[lift//take]V'V$inašši",
"f": {"lang": "akk-x-neoass",
"form": "i-na-aš₂-ši",
"cf": "našû",
"gw": "lift",
"sense": "take",
"norm": "inašši",
"pos": "V",
"epos": "V"}
}
,
{
"node": "d",
"type": "line-start",
"ref": "P333975.24",
"n": "23",
"label": "o 23"}
,
{
"node": "l",
"frag": "u₂-ma-a",
"id": "P333975.l05eb3",
"ref": "P333975.24.1",
"inst": "ūmâ[now]AV",
"sig": "@saao/saa10%akk-x-neoass:u₂-ma-a=ūma[today//now]AV'AV$ūmâ",
"f": {"lang": "akk-x-neoass",
"form": "u₂-ma-a",
"cf": "ūma",
"gw": "today",
"sense": "now",
"norm": "ūmâ",
"pos": "AV",
"epos": "AV"}
}
,
{
"node": "l",
"frag": "re-eš",
"id": "P333975.l05eb4",
"ref": "P333975.24.2",
"inst": "rēš[beginning]N",
"sig": "@saao/saa10%akk-x-neoass:re-eš=rēšu[head//beginning]N'N$rēš",
"f": {"lang": "akk-x-neoass",
"form": "re-eš",
"cf": "rēšu",
"gw": "head",
"sense": "beginning",
"norm": "rēš",
"pos": "N",
"epos": "N"}
}
,
{
"node": "l",
"frag": "ṭup-pa-a-ni",
"id": "P333975.l05eb5",
"ref": "P333975.24.3",
"inst": "ṭuppāni[tablet]N",
"sig": "@saao/saa10%akk-x-neoass:ṭup-pa-a-ni=ṭuppu[tablet//tablet]N'N$ṭuppāni",
"f": {"lang": "akk-x-neoass",
"form": "ṭup-pa-a-ni",
"cf": "ṭuppu",
"gw": "tablet",
"sense": "tablet",
"norm": "ṭuppāni",
"pos": "N",
"epos": "N"}
}
,
{
"node": "d",
"type": "line-start",
"ref": "P333975.25",
"n": "24",
"label": "o 24"}
,
{
"node": "l",
"frag": "ma-aʾ-du-ti",
"id": "P333975.l05eb6",
"ref": "P333975.25.1",
"inst": "maʾdūti[many]AJ",
"sig": "@saao/saa10%akk-x-neoass:ma-aʾ-du-ti=mādu[many//many]AJ'AJ$maʾdūti",
"f": {"lang": "akk-x-neoass",
"form": "ma-aʾ-du-ti",
"cf": "mādu",
"gw": "many",
"sense": "many",
"norm": "maʾdūti",
"pos": "AJ",
"epos": "AJ"}
}
,
{
"node": "l",
"frag": "lu",
"id": "P333975.l05eb7",
"ref": "P333975.25.2",
"inst": "+lū[or]CNJ$",
"sig": "@saao/saa10%akk-x-neoass:lu=lū[or//or]CNJ'CNJ$lū",
"f": {"lang": "akk-x-neoass",
"form": "lu",
"cf": "lū",
"gw": "or",
"sense": "or",
"norm": "lū",
"pos": "CNJ",
"epos": "CNJ"}
}
,
{
"node": "l",
"frag": "20",
"id": "P333975.l05eb8",
"ref": "P333975.25.3",
"inst": "n",
"f": {"lang": "akk-x-neoass",
"form": "20",
"pos": "n"}
}
,
{
"node": "l",
"frag": "lu",
"id": "P333975.l05eb9",
"ref": "P333975.25.4",
"inst": "+lū[or]CNJ$",
"sig": "@saao/saa10%akk-x-neoass:lu=lū[or//or]CNJ'CNJ$lū",
"f": {"lang": "akk-x-neoass",
"form": "lu",
"cf": "lū",
"gw": "or",
"sense": "or",
"norm": "lū",
"pos": "CNJ",
"epos": "CNJ"}
}
,
{
"node": "l",
"frag": "30",
"id": "P333975.l05eba",
"ref": "P333975.25.5",
"inst": "n",
"f": {"lang": "akk-x-neoass",
"form": "30",
"pos": "n"}
}
,
{
"node": "d",
"type": "line-start",
"ref": "P333975.26",
"n": "25",
"label": "o 25"}
,
{
"node": "l",
"frag": "SIG₅-MEŠ",
"id": "P333975.l05ebb",
"ref": "P333975.26.1",
"inst": "damqūte[good]AJ",
"sig": "@saao/saa10%akk-x-neoass:SIG₅-MEŠ=damqu[good//good]AJ'AJ$damqūte",
"f": {"lang": "akk-x-neoass",
"form": "SIG₅-MEŠ",
"cf": "damqu",
"gw": "good",
"sense": "good",
"norm": "damqūte",
"pos": "AJ",
"epos": "AJ"}
}
,
{
"node": "l",
"frag": "a-hi-u₂-ti",
"id": "P333975.l05ebc",
"ref": "P333975.26.2",
"inst": "+ahû[outside(r)//non-canonical]AJ'AJ$ahiūti",
"sig": "@saao/saa10%akk-x-neoass:a-hi-u₂-ti=ahû[outside(r)//non-canonical]AJ'AJ$ahiūti",
"f": {"lang": "akk-x-neoass",
"form": "a-hi-u₂-ti",
"cf": "ahû",
"gw": "outside(r)",
"sense": "non-canonical",
"norm": "ahiūti",
"pos": "AJ",
"epos": "AJ"}
}
,
{
"node": "d",
"type": "line-start",
"ref": "P333975.27",
"n": "26",
"label": "o 26"}
,
{
"node": "l",
"frag": "u₂-ba-ʾa",
"id": "P333975.l05ebd",
"ref": "P333975.27.1",
"inst": "ubaʾʾa[seek]V",
"sig": "@saao/saa10%akk-x-neoass:u₂-ba-ʾa=buʾʾû[look for//seek]V'V$ubaʾʾa",
"f": {"lang": "akk-x-neoass",
"form": "u₂-ba-ʾa",
"cf": "buʾʾû",
"gw": "look for",
"sense": "seek",
"norm": "ubaʾʾa",
"pos": "V",
"epos": "V"}
}
,
{
"node": "l",
"frag": "a-na-aš₂-ši-a",
"id": "P333975.l05ebe",
"ref": "P333975.27.2",
"inst": "+našû[lift//take]V'V$anaššia",
"sig": "@saao/saa10%akk-x-neoass:a-na-aš₂-ši-a=našû[lift//take]V'V$anaššia",
"f": {"lang": "akk-x-neoass",
"form": "a-na-aš₂-ši-a",
"cf": "našû",
"gw": "lift",
"sense": "take",
"norm": "anaššia",
"pos": "V",
"epos": "V"}
}
,
{
"node": "d",
"type": "line-start",
"ref": "P333975.28",
"n": "27",
"label": "o 27"}
,
{
"node": "l",
"frag": "a-šaṭ-ṭar",
"id": "P333975.l05ebf",
"ref": "P333975.28.1",
"inst": "+šaṭāru[write]V$ašaṭṭar",
"sig": "@saao/saa10%akk-x-neoass:a-šaṭ-ṭar=šaṭāru[write//write]V'V$ašaṭṭar",
"f": {"lang": "akk-x-neoass",
"form": "a-šaṭ-ṭar",
"cf": "šaṭāru",
"gw": "write",
"sense": "write",
"norm": "ašaṭṭar",
"pos": "V",
"epos": "V"}
}
,
{
"node": "d",
"subtype": "reverse",
"type": "surface",
"ref": "P333975.r.29",
"type": "reverse",
"label": "r"}
,
{
"node": "d",
"type": "line-start",
"ref": "P333975.30",
"n": "1",
"label": "r 1"}
,
{
"node": "l",
"frag": "ina",
"id": "P333975.l05ec0",
"ref": "P333975.30.1",
"inst": "ina[in]PRP",
"sig": "@saao/saa10%akk-x-neoass:ina=ina[in//from]PRP'PRP$ina",
"f": {"lang": "akk-x-neoass",
"form": "ina",
"cf": "ina",
"gw": "in",
"sense": "from",
"norm": "ina",
"pos": "PRP",
"epos": "PRP"}
}
,
{
"node": "l",
"frag": "ši-a-ri",
"id": "P333975.l05ec1",
"ref": "P333975.30.2",
"inst": "šiāri[morning]N",
"sig": "@saao/saa10%akk-x-neoass:ši-a-ri=šiāru[morning//morning]N'N$šiāri",
"f": {"lang": "akk-x-neoass",
"form": "ši-a-ri",
"cf": "šiāru",
"gw": "morning",
"sense": "morning",
"norm": "šiāri",
"pos": "N",
"epos": "N"}
}
,
{
"node": "l",
"frag": "ina",
"id": "P333975.l05ec2",
"ref": "P333975.30.3",
"inst": "ina[in]PRP",
"sig": "@saao/saa10%akk-x-neoass:ina=ina[in//from]PRP'PRP$ina",
"f": {"lang": "akk-x-neoass",
"form": "ina",
"cf": "ina",
"gw": "in",
"sense": "from",
"norm": "ina",
"pos": "PRP",
"epos": "PRP"}
}
,
{
"node": "l",
"frag": "nu-bat-ti",
"id": "P333975.l05ec3",
"ref": "P333975.30.4",
"inst": "nubatti[evening]N",
"sig": "@saao/saa10%akk-x-neoass:nu-bat-ti=nubattu[evening (rest)//evening]N'N$nubatti",
"f": {"lang": "akk-x-neoass",
"form": "nu-bat-ti",
"cf": "nubattu",
"gw": "evening (rest)",
"sense": "evening",
"norm": "nubatti",
"pos": "N",
"epos": "N"}
}
,
{
"node": "l",
"frag": "mu-šu₂",
"id": "P333975.l05ec4",
"ref": "P333975.30.5",
"inst": "mūšu[night]N",
"sig": "@saao/saa10%akk-x-neoass:mu-šu₂=mūšu[night//night]N'N$mūšu",
"f": {"lang": "akk-x-neoass",
"form": "mu-šu₂",
"cf": "mūšu",
"gw": "night",
"sense": "night",
"norm": "mūšu",
"pos": "N",
"epos": "N"}
}
,
{
"node": "d",
"type": "line-start",
"ref": "P333975.31",
"n": "2",
"label": "r 2"}
,
{
"node": "l",
"frag": "ša",
"id": "P333975.l05ec5",
"ref": "P333975.31.1",
"inst": "ša[of]DET",
"sig": "@saao/saa10%akk-x-neoass:ša=ša[of//of]DET'DET$ša",
"f": {"lang": "akk-x-neoass",
"form": "ša",
"cf": "ša",
"gw": "of",
"sense": "of",
"norm": "ša",
"pos": "DET",
"epos": "DET"}
}
,
{
"node": "l",
"frag": "UD",
"id": "P333975.l05ec6",
"ref": "P333975.31.2",
"inst": "ūm[day]N",
"sig": "@saao/saa10%akk-x-neoass:UD=ūmu[day//day]N'N$ūm",
"f": {"lang": "akk-x-neoass",
"form": "UD",
"cf": "ūmu",
"gw": "day",
"sense": "day",
"norm": "ūm",
"pos": "N",
"epos": "N"}
}
,
{
"node": "l",
"frag": "15-KAM₂\\t",
"id": "P333975.l05ec7",
"ref": "P333975.31.3",
"inst": "n",
"f": {"lang": "akk-x-neoass",
"form": "15-KAM₂",
"pos": "n"}
}
,
{
"node": "l",
"frag": "ep-pa-aš₂",
"id": "P333975.l05ec8",
"ref": "P333975.31.4",
"inst": "eppaš[perform]V",
"sig": "@saao/saa10%akk-x-neoass:ep-pa-aš₂=epēšu[do//perform]V'V$eppaš",
"f": {"lang": "akk-x-neoass",
"form": "ep-pa-aš₂",
"cf": "epēšu",
"gw": "do",
"sense": "perform",
"norm": "eppaš",
"pos": "V",
"epos": "V"}
}
,
{
"node": "l",
"frag": "UD",
"id": "P333975.l05ec9",
"ref": "P333975.31.5",
"inst": "ūm[day]N",
"sig": "@saao/saa10%akk-x-neoass:UD=ūmu[day//day]N'N$ūm",
"f": {"lang": "akk-x-neoass",
"form": "UD",
"cf": "ūmu",
"gw": "day",
"sense": "day",
"norm": "ūm",
"pos": "N",
"epos": "N"}
}
,
{
"node": "l",
"frag": "16-KAM₂\\t",
"id": "P333975.l05eca",
"ref": "P333975.31.6",
"inst": "n",
"f": {"lang": "akk-x-neoass",
"form": "16-KAM₂",
"pos": "n"}
}
,
{
"node": "d",
"type": "line-start",
"ref": "P333975.32",
"n": "3",
"label": "r 3"}
,
{
"node": "l",
"frag": "UD",
"id": "P333975.l05ecb",
"ref": "P333975.32.1",
"inst": "ūm[day]N",
"sig": "@saao/saa10%akk-x-neoass:UD=ūmu[day//day]N'N$ūm",
"f": {"lang": "akk-x-neoass",
"form": "UD",
"cf": "ūmu",
"gw": "day",
"sense": "day",
"norm": "ūm",
"pos": "N",
"epos": "N"}
}
,
{
"node": "l",
"frag": "17-KAM₂\\t",
"id": "P333975.l05ecc",
"ref": "P333975.32.2",
"inst": "n",
"f": {"lang": "akk-x-neoass",
"form": "17-KAM₂",
"pos": "n"}
}
,
{
"node": "l",
"frag": "ša",
"id": "P333975.l05ecd",
"ref": "P333975.32.3",
"inst": "ša[which]REL",
"sig": "@saao/saa10%akk-x-neoass:ša=ša[that//which]REL'REL$ša",
"f": {"lang": "akk-x-neoass",
"form": "ša",
"cf": "ša",
"gw": "that",
"sense": "which",
"norm": "ša",
"pos": "REL",
"epos": "REL"}
}
,
{
"node": "l",
"frag": "IGI",
"id": "P333975.l05ece",
"ref": "P333975.32.4",
"inst": "pān[before]'PRP",
"sig": "@saao/saa10%akk-x-neoass:IGI=pānu[front//before]N'PRP$pān",
"f": {"lang": "akk-x-neoass",
"form": "IGI",
"cf": "pānu",
"gw": "front",
"sense": "before",
"norm": "pān",
"pos": "N",
"epos": "PRP"}
}
,
{
"node": "l",
"frag": "{mul}dil-bat",
"id": "P333975.l05ecf",
"ref": "P333975.32.5",
"inst": "Dilbat[Venus]CN",
"sig": "@saao/saa10%akk-x-neoass:{MUL}dil-bat=Dilbat[Venus//Venus]CN'CN$Dilbat",
"f": {"lang": "akk-x-neoass",
"form": "{MUL}dil-bat",
"cf": "Dilbat",
"gw": "Venus",
"sense": "Venus",
"norm": "Dilbat",
"pos": "CN",
"epos": "CN"}
}
,
{
"node": "l",
"frag": "{d}NIN.LIL₂",
"id": "P333975.l05ed0",
"ref": "P333975.32.6",
"inst": "Mullissu[1]DN",
"sig": "@saao/saa10%akk-x-neoass:{d}NIN.LIL₂=Mullissu[1//1]DN'DN$Mullissu",
"f": {"lang": "akk-x-neoass",
"form": "{d}NIN.LIL₂",
"cf": "Mullissu",
"gw": "1",
"sense": "1",
"norm": "Mullissu",
"pos": "DN",
"epos": "DN"}
}
,
{
"node": "d",
"type": "line-start",
"ref": "P333975.33",
"n": "4",
"label": "r 4"}
,
{
"node": "l",
"frag": "{d}zar-pa-ni-tum",
"id": "P333975.l05ed1",
"ref": "P333975.33.1",
"inst": "Zarpanitu[1]DN",
"sig": "@saao/saa10%akk-x-neoass:{d}zar-pa-ni-tum=Zarpanitu[1//1]DN'DN$Zarpanitu",
"f": {"lang": "akk-x-neoass",
"form": "{d}zar-pa-ni-tum",
"cf": "Zarpanitu",
"gw": "1",
"sense": "1",
"norm": "Zarpanitu",
"pos": "DN",
"epos": "DN"}
}
,
{
"node": "l",
"frag": "{d}taš-me-tum",
"id": "P333975.l05ed2",
"ref": "P333975.33.2",
"inst": "Tašmetu[1]DN",
"sig": "@saao/saa10%akk-x-neoass:{d}taš-me-tum=Tašmetu[1//1]DN'DN$Tašmetu",
"f": {"lang": "akk-x-neoass",
"form": "{d}taš-me-tum",
"cf": "Tašmetu",
"gw": "1",
"sense": "1",
"norm": "Tašmetu",
"pos": "DN",
"epos": "DN"}
}
,
{
"node": "l",
"frag": "{d}gu-la",
"id": "P333975.l05ed3",
"ref": "P333975.33.3",
"inst": "Gula[1]DN",
"sig": "@saao/saa10%akk-x-neoass:{d}gu-la=Gula[1//1]DN'DN$Gula",
"f": {"lang": "akk-x-neoass",
"form": "{d}gu-la",
"cf": "Gula",
"gw": "1",
"sense": "1",
"norm": "Gula",
"pos": "DN",
"epos": "DN"}
}
,
{
"node": "d",
"type": "line-start",
"ref": "P333975.34",
"n": "5",
"label": "r 5"}
,
{
"node": "l",
"frag": "{d}na-na-a",
"id": "P333975.l05ed4",
"ref": "P333975.34.1",
"inst": "+Nanaya[]DN$",
"sig": "@saao/saa10%akk-x-neoass:{d}na-na-a=Nanaya[1//1]DN'DN$Nanaya",
"f": {"lang": "akk-x-neoass",
"form": "{d}na-na-a",
"cf": "Nanaya",
"gw": "1",
"sense": "1",
"norm": "Nanaya",
"pos": "DN",
"epos": "DN"}
}
,
{
"node": "l",
"frag": "is-se-niš",
"id": "P333975.l05ed5",
"ref": "P333975.34.2",
"inst": "issēniš[also]AV",
"sig": "@saao/saa10%akk-x-neoass:is-se-niš=ištēniš[together//also]AV'AV$issēniš",
"f": {"lang": "akk-x-neoass",
"form": "is-se-niš",
"cf": "ištēniš",
"gw": "together",
"sense": "also",
"norm": "issēniš",
"pos": "AV",
"epos": "AV"}
}
,
{
"node": "l",
"frag": "ep-pa-aš₂",
"id": "P333975.l05ed6",
"ref": "P333975.34.3",
"inst": "eppaš[perform]V",
"sig": "@saao/saa10%akk-x-neoass:ep-pa-aš₂=epēšu[do//perform]V'V$eppaš",
"f": {"lang": "akk-x-neoass",
"form": "ep-pa-aš₂",
"cf": "epēšu",
"gw": "do",
"sense": "perform",
"norm": "eppaš",
"pos": "V",
"epos": "V"}
}
,
{
"node": "d",
"type": "line-start",
"ref": "P333975.35",
"n": "6",
"label": "r 6"}
,
{
"node": "l",
"frag": "up-ni-ia",
"id": "P333975.l05ed7",
"ref": "P333975.35.1",
"inst": "+upnu[(cupped) hand//fist]N'N$upnīya",
"sig": "@saao/saa10%akk-x-neoass:up-ni-ia=upnu[(cupped) hand//fist]N'N$upnīya",
"f": {"lang": "akk-x-neoass",
"form": "up-ni-ia",
"cf": "upnu",
"gw": "(cupped) hand",
"sense": "fist",
"norm": "upnīya",
"pos": "N",
"epos": "N"}
}
,
{
"node": "l",
"frag": "ap-te-ti",
"id": "P333975.l05ed8",
"ref": "P333975.35.2",
"inst": "+petû[open]V$apteti",
"sig": "@saao/saa10%akk-x-neoass:ap-te-ti=petû[open//open]V'V$apteti",
"f": {"lang": "akk-x-neoass",
"form": "ap-te-ti",
"cf": "petû",
"gw": "open",
"sense": "open",
"norm": "apteti",
"pos": "V",
"epos": "V"}
}
,
{
"node": "l",
"frag": "DINGIR-MEŠ-ni",
"id": "P333975.l05ed9",
"ref": "P333975.35.3",
"inst": "ilāni[god]N",
"sig": "@saao/saa10%akk-x-neoass:DINGIR-MEŠ-ni=ilu[god//god]N'N$ilāni",
"f": {"lang": "akk-x-neoass",
"form": "DINGIR-MEŠ-ni",
"cf": "ilu",
"gw": "god",
"sense": "god",
"norm": "ilāni",
"pos": "N",
"epos": "N"}
}
,
{
"node": "d",
"type": "line-start",
"ref": "P333975.36",
"n": "7",
"label": "r 7"}
,
{
"node": "l",
"frag": "us-sa-ar-ri-ir",
"id": "P333975.l05eda",
"ref": "P333975.36.1",
"inst": "+sarruru[pray to]V$ussarrir",
"sig": "@saao/saa10%akk-x-neoass:us-sa-ar-ri-ir=sarruru[pray to//pray to]V'V$ussarrir",
"f": {"lang": "akk-x-neoass",
"form": "us-sa-ar-ri-ir",
"cf": "sarruru",
"gw": "pray to",
"sense": "pray to",
"norm": "ussarrir",
"pos": "V",
"epos": "V"}
}
,
{
"node": "l",
"frag": "DI-mu",
"id": "P333975.l05edb",
"ref": "P333975.36.2",
"inst": "šulmu[health]N",
"sig": "@saao/saa10%akk-x-neoass:DI-mu=šulmu[completeness//health]N'N$šulmu",
"f": {"lang": "akk-x-neoass",
"form": "DI-mu",
"cf": "šulmu",
"gw": "completeness",
"sense": "health",
"norm": "šulmu",
"pos": "N",
"epos": "N"}
}
,
{
"node": "l",
"frag": "a-dan-niš",
"id": "P333975.l05edc",
"ref": "P333975.36.3",
"inst": "adanniš[very much]AV",
"sig": "@saao/saa10%akk-x-neoass:a-dan-niš=adanniš[very much//very much]AV'AV$adanniš",
"f": {"lang": "akk-x-neoass",
"form": "a-dan-niš",
"cf": "adanniš",
"gw": "very much",
"sense": "very much",
"norm": "adanniš",
"pos": "AV",
"epos": "AV"}
}
,
{
"node": "d",
"type": "line-start",
"ref": "P333975.37",
"n": "8",
"label": "r 8"}
,
{
"node": "l",
"frag": "DINGIR-MEŠ-ni",
"id": "P333975.l05edd",
"ref": "P333975.37.1",
"inst": "ilāni[god]N",
"sig": "@saao/saa10%akk-x-neoass:DINGIR-MEŠ-ni=ilu[god//god]N'N$ilāni",
"f": {"lang": "akk-x-neoass",
"form": "DINGIR-MEŠ-ni",
"cf": "ilu",
"gw": "god",
"sense": "god",
"norm": "ilāni",
"pos": "N",
"epos": "N"}
}
,
{
"node": "l",
"frag": "a-na",
"id": "P333975.l05ede",
"ref": "P333975.37.2",
"inst": "ana[to]PRP",
"sig": "@saao/saa10%akk-x-neoass:a-na=ana[to//to]PRP'PRP$ana",
"f": {"lang": "akk-x-neoass",
"form": "a-na",
"cf": "ana",
"gw": "to",
"sense": "to",
"norm": "ana",
"pos": "PRP",
"epos": "PRP"}
}
,
{
"node": "l",
"frag": "LUGAL",
"id": "P333975.l05edf",
"ref": "P333975.37.3",
"inst": "šarri[king]N",
"sig": "@saao/saa10%akk-x-neoass:LUGAL=šarru[king//king]N'N$šarri",
"f": {"lang": "akk-x-neoass",
"form": "LUGAL",
"cf": "šarru",
"gw": "king",
"sense": "king",
"norm": "šarri",
"pos": "N",
"epos": "N"}
}
,
{
"node": "l",
"frag": "EN-ia₂",
"id": "P333975.l05ee0",
"ref": "P333975.37.4",
"inst": "bēlīya[lord]N",
"sig": "@saao/saa10%akk-x-neoass:EN-ia₂=bēlu[lord//lord]N'N$bēlīya",
"f": {"lang": "akk-x-neoass",
"form": "EN-ia₂",
"cf": "bēlu",
"gw": "lord",
"sense": "lord",
"norm": "bēlīya",
"pos": "N",
"epos": "N"}
}
,
{
"node": "l",
"frag": "u",
"id": "P333975.l05ee1",
"ref": "P333975.37.5",
"inst": "u[and]CNJ",
"sig": "@saao/saa10%akk-x-neoass:u=u[and//and]CNJ'CNJ$u",
"f": {"lang": "akk-x-neoass",
"form": "u",
"cf": "u",
"gw": "and",
"sense": "and",
"norm": "u",
"pos": "CNJ",
"epos": "CNJ"}
}
,
{
"node": "l",
"frag": "DUMU-MEŠ-šu₂",
"id": "P333975.l05ee2",
"ref": "P333975.37.6",
"inst": "marʾēšu[son]N",
"sig": "@saao/saa10%akk-x-neoass:DUMU-MEŠ-šu₂=māru[son//son]N'N$marʾēšu",
"f": {"lang": "akk-x-neoass",
"form": "DUMU-MEŠ-šu₂",
"cf": "māru",
"gw": "son",
"sense": "son",
"norm": "marʾēšu",
"pos": "N",
"epos": "N"}
}
,
{
"node": "l",
"frag": "ik-tar-bu",
"id": "P333975.l05ee3",
"ref": "P333975.37.7",
"inst": "iktarbu[bless]V",
"sig": "@saao/saa10%akk-x-neoass:ik-tar-bu=karābu[pray//bless]V'V$iktarbu",
"f": {"lang": "akk-x-neoass",
"form": "ik-tar-bu",
"cf": "karābu",
"gw": "pray",
"sense": "bless",
"norm": "iktarbu",
"pos": "V",
"epos": "V"}
}
,
{
"node": "d",
"type": "line-start",
"ref": "P333975.38",
"n": "9",
"label": "r 9"}
,
{
"node": "l",
"frag": "ket-tu",
"id": "P333975.l05ee4",
"ref": "P333975.38.1",
"inst": "kettu[truly]'AV",
"sig": "@saao/saa10%akk-x-neoass:ket-tu=kittu[truth//truly]N'AV$kettu",
"f": {"lang": "akk-x-neoass",
"form": "ket-tu",
"cf": "kittu",
"gw": "truth",
"sense": "truly",
"norm": "kettu",
"pos": "N",
"epos": "AV"}
}
,
{
"node": "l",
"frag": "šum-ma",
"id": "P333975.l05ee5",
"ref": "P333975.38.2",
"inst": "šumma[if]MOD",
"sig": "@saao/saa10%akk-x-neoass:šum-ma=šumma[if//if]MOD'MOD$šumma",
"f": {"lang": "akk-x-neoass",
"form": "šum-ma",
"cf": "šumma",
"gw": "if",
"sense": "if",
"norm": "šumma",
"pos": "MOD",
"epos": "MOD"}
}
,
{
"node": "l",
"frag": "ina",
"id": "P333975.l05ee6",
"ref": "P333975.38.3",
"inst": "ina[in]PRP",
"sig": "@saao/saa10%akk-x-neoass:ina=ina[in//from]PRP'PRP$ina",
"f": {"lang": "akk-x-neoass",
"form": "ina",
"cf": "ina",
"gw": "in",
"sense": "from",
"norm": "ina",
"pos": "PRP",
"epos": "PRP"}
}
,
{
"node": "l",
"frag": "IGI",
"id": "P333975.l05ee7",
"ref": "P333975.38.4",
"inst": "pān[front]N",
"sig": "@saao/saa10%akk-x-neoass:IGI=pānu[front//front]N'N$pān",
"f": {"lang": "akk-x-neoass",
"form": "IGI",
"cf": "pānu",
"gw": "front",
"sense": "front",
"norm": "pān",
"pos": "N",
"epos": "N"}
}
,
{
"node": "l",
"frag": "LUGAL",
"id": "P333975.l05ee8",
"ref": "P333975.38.5",
"inst": "šarri[king]N",
"sig": "@saao/saa10%akk-x-neoass:LUGAL=šarru[king//king]N'N$šarri",
"f": {"lang": "akk-x-neoass",
"form": "LUGAL",
"cf": "šarru",
"gw": "king",
"sense": "king",
"norm": "šarri",
"pos": "N",
"epos": "N"}
}
,
{
"node": "l",
"frag": "EN-ia₂",
"id": "P333975.l05ee9",
"ref": "P333975.38.6",
"inst": "bēlīya[lord]N",
"sig": "@saao/saa10%akk-x-neoass:EN-ia₂=bēlu[lord//lord]N'N$bēlīya",
"f": {"lang": "akk-x-neoass",
"form": "EN-ia₂",
"cf": "bēlu",
"gw": "lord",
"sense": "lord",
"norm": "bēlīya",
"pos": "N",
"epos": "N"}
}
,
{
"node": "l",
"frag": "ma-hir",
"id": "P333975.l05eea",
"ref": "P333975.38.7",
"inst": "mahir[acceptable]AJ",
"sig": "@saao/saa10%akk-x-neoass:ma-hir=mahru[received//acceptable]AJ'AJ$mahir",
"f": {"lang": "akk-x-neoass",
"form": "ma-hir",
"cf": "mahru",
"gw": "received",
"sense": "acceptable",
"norm": "mahir",
"pos": "AJ",
"epos": "AJ"}
}
,
{
"node": "d",
"type": "line-start",
"ref": "P333975.39",
"n": "10",
"label": "r 10"}
,
{
"node": "l",
"frag": "a-na",
"id": "P333975.l05eeb",
"ref": "P333975.39.1",
"inst": "ana[to]PRP",
"sig": "@saao/saa10%akk-x-neoass:a-na=ana[to//to]PRP'PRP$ana",
"f": {"lang": "akk-x-neoass",
"form": "a-na",
"cf": "ana",
"gw": "to",
"sense": "to",
"norm": "ana",
"pos": "PRP",
"epos": "PRP"}
}
,
{
"node": "l",
"frag": "{uru}kal₃-ha",
"id": "P333975.l05eec",
"ref": "P333975.39.2",
"inst": "Kalha[1]GN",
"sig": "@saao/saa10%akk-x-neoass:{URU}kal₃-ha=Kalhu[1//1]GN'GN$Kalha",
"f": {"lang": "akk-x-neoass",
"form": "{URU}kal₃-ha",
"cf": "Kalhu",
"gw": "1",
"sense": "1",
"norm": "Kalha",
"pos": "GN",
"epos": "GN"}
}
,
{
"node": "l",
"frag": "liš-pu-ru",
"id": "P333975.l05eed",
"ref": "P333975.39.3",
"inst": "lišpuru[write]V",
"sig": "@saao/saa10%akk-x-neoass:liš-pu-ru=šapāru[send//write]V'V$lišpuru",
"f": {"lang": "akk-x-neoass",
"form": "liš-pu-ru",
"cf": "šapāru",
"gw": "send",
"sense": "write",
"norm": "lišpuru",
"pos": "V",
"epos": "V"}
}
,
{
"node": "l",
"frag": "ŠU.IL₂.LA₂.KAM₂-MEŠ",
"id": "P333975.l05eee",
"ref": "P333975.39.4",
"inst": "šuʾillakkāni[hand-lifting prayer]N",
"sig": "@saao/saa10%akk-x-neoass:ŠU.IL₂.LA₂.KAM₂-MEŠ=šuʾillakku[(prayer of) raised hands//hand-lifting prayer]N'N$šuʾillakkāni",
"f": {"lang": "akk-x-neoass",
"form": "ŠU.IL₂.LA₂.KAM₂-MEŠ",
"cf": "šuʾillakku",
"gw": "(prayer of) raised hands",
"sense": "hand-lifting prayer",
"norm": "šuʾillakkāni",
"pos": "N",
"epos": "N"}
}
,
{
"node": "d",
"type": "line-start",
"ref": "P333975.40",
"n": "11",
"label": "r 11"}
,
{
"node": "l",
"frag": "ša",
"id": "P333975.l05eef",
"ref": "P333975.40.1",
"inst": "ša[which]REL",
"sig": "@saao/saa10%akk-x-neoass:ša=ša[that//which]REL'REL$ša",
"f": {"lang": "akk-x-neoass",
"form": "ša",
"cf": "ša",
"gw": "that",
"sense": "which",
"norm": "ša",
"pos": "REL",
"epos": "REL"}
}
,
{
"node": "l",
"frag": "IGI",
"id": "P333975.l05ef0",
"ref": "P333975.40.2",
"inst": "pān[before]'PRP",
"sig": "@saao/saa10%akk-x-neoass:IGI=pānu[front//before]N'PRP$pān",
"f": {"lang": "akk-x-neoass",
"form": "IGI",
"cf": "pānu",
"gw": "front",
"sense": "before",
"norm": "pān",
"pos": "N",
"epos": "PRP"}
}
,
{
"node": "l",
"frag": "{d}30",
"id": "P333975.l05ef1",
"ref": "P333975.40.3",
"inst": "Sin[1]DN",
"sig": "@saao/saa10%akk-x-neoass:{d}30=Sin[1//1]DN'DN$Sin",
"f": {"lang": "akk-x-neoass",
"form": "{d}30",
"cf": "Sin",
"gw": "1",
"sense": "1",
"norm": "Sin",
"pos": "DN",
"epos": "DN"}
}
,
{
"node": "l",
"frag": "u₃",
"id": "P333975.l05ef2",
"ref": "P333975.40.4",
"inst": "u[and]CNJ",
"sig": "@saao/saa10%akk-x-neoass:u₃=u[and//and]CNJ'CNJ$u",
"f": {"lang": "akk-x-neoass",
"form": "u₃",
"cf": "u",
"gw": "and",
"sense": "and",
"norm": "u",
"pos": "CNJ",
"epos": "CNJ"}
}
,
{
"node": "l",
"frag": "NAM.BUR₂.BI",
"id": "P333975.l05ef3",
"ref": "P333975.40.5",
"inst": "namburbû[apotropaic ritual]N",
"sig": "@saao/saa10%akk-x-neoass:NAM.BUR₂.BI=namburbû[apotropaic ritual//apotropaic ritual]N'N$namburbû",
"f": {"lang": "akk-x-neoass",
"form": "NAM.BUR₂.BI",
"cf": "namburbû",
"gw": "apotropaic ritual",
"sense": "apotropaic ritual",
"norm": "namburbû",
"pos": "N",
"epos": "N"}
}
,
{
"node": "l",
"frag": "<HUL>",
"id": "P333975.l05ef4",
"ref": "P333975.40.6",
"inst": "lumnu[evil]N",
"sig": "@saao/saa10%akk-x-neoass:HUL=lumnu[evil//evil]N'N$lumun",
"f": {"lang": "akk-x-neoass",
"form": "HUL",
"cf": "lumnu",
"gw": "evil",
"sense": "evil",
"norm": "lumun",
"pos": "N",
"epos": "N"}
}
,
{
"node": "l",
"frag": "DU₃.A.BI",
"id": "P333975.l05ef5",
"ref": "P333975.40.7",
"inst": "kalāma[all (of it)]'AJ",
"sig": "@saao/saa10%akk-x-neoass:DU₃.A.BI=kalāma[all (of it)//all (of it)]N'AJ$kalāma",
"f": {"lang": "akk-x-neoass",
"form": "DU₃.A.BI",
"cf": "kalāma",
"gw": "all (of it)",
"sense": "all (of it)",
"norm": "kalāma",
"pos": "N",
"epos": "AJ"}
}
,
{
"node": "d",
"type": "line-start",
"ref": "P333975.41",
"n": "12",
"label": "r 12"}
,
{
"node": "l",
"frag": "is-se-niš",
"id": "P333975.l05ef6",
"ref": "P333975.41.1",
"inst": "issēniš[also]AV",
"sig": "@saao/saa10%akk-x-neoass:is-se-niš=ištēniš[together//also]AV'AV$issēniš",
"f": {"lang": "akk-x-neoass",
"form": "is-se-niš",
"cf": "ištēniš",
"gw": "together",
"sense": "also",
"norm": "issēniš",
"pos": "AV",
"epos": "AV"}
}
,
{
"node": "l",
"frag": "a-na",
"id": "P333975.l05ef7",
"ref": "P333975.41.2",
"inst": "ana[to]PRP",
"sig": "@saao/saa10%akk-x-neoass:a-na=ana[to//to]PRP'PRP$ana",
"f": {"lang": "akk-x-neoass",
"form": "a-na",
"cf": "ana",
"gw": "to",
"sense": "to",
"norm": "ana",
"pos": "PRP",
"epos": "PRP"}
}
,
{
"node": "l",
"frag": "DUMU-MAN",
"id": "P333975.l05ef8",
"ref": "P333975.41.3",
"cof-tails": "P333975.l05ef9",
"inst": "mār[son+=crown prince]N&šarri[king]N",
"sig": "@saao/saa10%akk-x-neoass:DUMU-MAN=māru[son//son]N'N$mār&&@saao/saa10%akk-x-neoass:=šarru[king//king]N'N$šarri",
"f": {"lang": "akk-x-neoass",
"form": "DUMU-MAN",
"cf": "māru",
"gw": "son",
"sense": "son",
"norm": "mār",
"pos": "N",
"epos": "N"}
}
,
{
"node": "l",
"frag": "DUMU-MAN",
"id": "P333975.l05ef9",
"ref": "P333975.41.3",
"cof-head": "P333975.l05ef8",
"inst": "mār[son+=crown prince]N&šarri[king]N",
"f": {"lang": "akk-x-neoass",
"form": "DUMU-MAN",
"cf": "šarru",
"gw": "king",
"sense": "king",
"norm": "šarri",
"pos": "N",
"epos": "N"}
}
,
{
"node": "l",
"frag": "u",
"id": "P333975.l05efa",
"ref": "P333975.41.4",
"inst": "u[and]CNJ",
"sig": "@saao/saa10%akk-x-neoass:u=u[and//and]CNJ'CNJ$u",
"f": {"lang": "akk-x-neoass",
"form": "u",
"cf": "u",
"gw": "and",
"sense": "and",
"norm": "u",
"pos": "CNJ",
"epos": "CNJ"}
}
,
{
"node": "l",
"frag": "DUMU-MAN",
"id": "P333975.l05efb",
"ref": "P333975.41.5",
"cof-tails": "P333975.l05efc",
"inst": "mār[son+=prince]N&šarri[king]N",
"sig": "@saao/saa10%akk-x-neoass:DUMU-MAN=māru[son//son]N'N$mār&&@saao/saa10%akk-x-neoass:=šarru[king//king]N'N$šarri",
"f": {"lang": "akk-x-neoass",
"form": "DUMU-MAN",
"cf": "māru",
"gw": "son",
"sense": "son",
"norm": "mār",
"pos": "N",
"epos": "N"}
}
,
{
"node": "l",
"frag": "DUMU-MAN",
"id": "P333975.l05efc",
"ref": "P333975.41.5",
"cof-head": "P333975.l05efb",
"inst": "mār[son+=prince]N&šarri[king]N",
"f": {"lang": "akk-x-neoass",
"form": "DUMU-MAN",
"cf": "šarru",
"gw": "king",
"sense": "king",
"norm": "šarri",
"pos": "N",
"epos": "N"}
}
,
{
"node": "l",
"frag": "KA₂.DINGIR{ki}",
"id": "P333975.l05efd",
"ref": "P333975.41.6",
"inst": "Babili[Babylon]GN",
"sig": "@saao/saa10%akk-x-neoass:KA₂.DINGIR{KI}=Babili[Babylon//Babylon]GN'GN$Babili",
"f": {"lang": "akk-x-neoass",
"form": "KA₂.DINGIR{KI}",
"cf": "Babili",
"gw": "Babylon",
"sense": "Babylon",
"norm": "Babili",
"pos": "GN",
"epos": "GN"}
}
,
{
"node": "d",
"type": "line-start",
"ref": "P333975.42",
"n": "13",
"label": "r 13"}
,
{
"node": "l",
"frag": "le-pu-šu₂",
"id": "P333975.l05efe",
"ref": "P333975.42.1",
"inst": "lēpušu[perform]V",
"sig": "@saao/saa10%akk-x-neoass:le-pu-šu₂=epēšu[do//perform]V'V$lēpušu",
"f": {"lang": "akk-x-neoass",
"form": "le-pu-šu₂",
"cf": "epēšu",
"gw": "do",
"sense": "perform",
"norm": "lēpušu",
"pos": "V",
"epos": "V"}
}
,
{
"node": "l",
"frag": "mi-i-nu",
"id": "P333975.l05eff",
"ref": "P333975.42.2",
"inst": "mīnu[what?]QP",
"sig": "@saao/saa10%akk-x-neoass:mi-i-nu=mīnu[what?//what?]QP'QP$mīnu",
"f": {"lang": "akk-x-neoass",
"form": "mi-i-nu",
"cf": "mīnu",
"gw": "what?",
"sense": "what?",
"norm": "mīnu",
"pos": "QP",
"epos": "QP"}
}
,
{
"node": "l",
"frag": "hi-ṭu",
"id": "P333975.l05f00",
"ref": "P333975.42.3",
"inst": "+hīṭu[error//harm]N'N$",
"sig": "@saao/saa10%akk-x-neoass:hi-ṭu=hīṭu[error//harm]N'N$hīṭu",
"f": {"lang": "akk-x-neoass",
"form": "hi-ṭu",
"cf": "hīṭu",
"gw": "error",
"sense": "harm",
"norm": "hīṭu",
"pos": "N",
"epos": "N"}
}
,
{
"node": "d",
"type": "line-start",
"ref": "P333975.43",
"n": "14",
"label": "r 14"}
,
{
"node": "l",
"frag": "u₃",
"id": "P333975.l05f01",
"ref": "P333975.43.1",
"inst": "u[and]CNJ",
"sig": "@saao/saa10%akk-x-neoass:u₃=u[and//and]CNJ'CNJ$u",
"f": {"lang": "akk-x-neoass",
"form": "u₃",
"cf": "u",
"gw": "and",
"sense": "and",
"norm": "u",
"pos": "CNJ",
"epos": "CNJ"}
}
,
{
"node": "l",
"frag": "ina",
"id": "P333975.l05f02",
"ref": "P333975.43.2",
"inst": "ina[in]PRP",
"sig": "@saao/saa10%akk-x-neoass:ina=ina[in//from]PRP'PRP$ina",
"f": {"lang": "akk-x-neoass",
"form": "ina",
"cf": "ina",
"gw": "in",
"sense": "from",
"norm": "ina",
"pos": "PRP",
"epos": "PRP"}
}
,
{
"node": "l",
"frag": "UGU",
"id": "P333975.l05f03",
"ref": "P333975.43.3",
"inst": "muhhi[skull]N",
"sig": "@saao/saa10%akk-x-neoass:UGU=muhhu[skull//skull]N'N$muhhi",
"f": {"lang": "akk-x-neoass",
"form": "UGU",
"cf": "muhhu",
"gw": "skull",
"sense": "skull",
"norm": "muhhi",
"pos": "N",
"epos": "N"}
}
,
{
"node": "l",
"frag": "ta-mar-ti",
"id": "P333975.l05f04",
"ref": "P333975.43.4",
"inst": "tāmarti[observation]N",
"sig": "@saao/saa10%akk-x-neoass:ta-mar-ti=tāmartu[view(ing)//observation]N'N$tāmarti",
"f": {"lang": "akk-x-neoass",
"form": "ta-mar-ti",
"cf": "tāmartu",
"gw": "view(ing)",
"sense": "observation",
"norm": "tāmarti",
"pos": "N",
"epos": "N"}
}
,
{
"node": "l",
"frag": "an-ni-[ti]",
"id": "P333975.l05f05",
"ref": "P333975.43.5",
"inst": "annīti[this]DP",
"sig": "@saao/saa10%akk-x-neoass:an-ni-ti=annû[this//this]DP'DP$annīti",
"f": {"lang": "akk-x-neoass",
"form": "an-ni-ti",
"cf": "annû",
"gw": "this",
"sense": "this",
"norm": "annīti",
"pos": "DP",
"epos": "DP"}
}
,
{
"node": "d",
"type": "line-start",
"ref": "P333975.44",
"n": "15",
"label": "r 15"}
,
{
"node": "l",
"frag": "ša",
"id": "P333975.l05f06",
"ref": "P333975.44.1",
"inst": "ša[of]DET",
"sig": "@saao/saa10%akk-x-neoass:ša=ša[of//of]DET'DET$ša",
"f": {"lang": "akk-x-neoass",
"form": "ša",
"cf": "ša",
"gw": "of",
"sense": "of",
"norm": "ša",
"pos": "DET",
"epos": "DET"}
}
,
{
"node": "l",
"frag": "{d}30",
"id": "P333975.l05f07",
"ref": "P333975.44.2",
"inst": "Sin[1]DN",
"sig": "@saao/saa10%akk-x-neoass:{d}30=Sin[1//1]DN'DN$Sin",
"f": {"lang": "akk-x-neoass",
"form": "{d}30",
"cf": "Sin",
"gw": "1",
"sense": "1",
"norm": "Sin",
"pos": "DN",
"epos": "DN"}
}
,
{
"node": "l",
"frag": "šu-u₂",
"id": "P333975.l05f08",
"ref": "P333975.44.3",
"inst": "šû[it]IP",
"sig": "@saao/saa10%akk-x-neoass:šu-u₂=šū[he//it]IP'IP$šû",
"f": {"lang": "akk-x-neoass",
"form": "šu-u₂",
"cf": "šū",
"gw": "he",
"sense": "it",
"norm": "šû",
"pos": "IP",
"epos": "IP"}
}
,
{
"node": "l",
"frag": "TA@v",
"id": "P333975.l05f09",
"ref": "P333975.44.4",
"inst": "issi[with]PRP",
"sig": "@saao/saa10%akk-x-neoass:TA@v=išti[with//with]PRP'PRP$issi",
"f": {"lang": "akk-x-neoass",
"form": "TA@v",
"cf": "išti",
"gw": "with",
"sense": "with",
"norm": "issi",
"pos": "PRP",
"epos": "PRP"}
}
,
{
"node": "l",
"frag": "ŠA₃-bi-[ia]",
"id": "P333975.l05f0a",
"ref": "P333975.44.5",
"inst": "libbīya[heart]N",
"sig": "@saao/saa10%akk-x-neoass:ŠA₃-bi-ia=libbu[interior//heart]N'N$libbīya",
"f": {"lang": "akk-x-neoass",
"form": "ŠA₃-bi-ia",
"cf": "libbu",
"gw": "interior",
"sense": "heart",
"norm": "libbīya",
"pos": "N",
"epos": "N"}
}
,
{
"node": "d",
"type": "line-start",
"ref": "P333975.45",
"n": "16",
"label": "r 16"}
,
{
"node": "l",
"frag": "ad-du-bu-ub",
"id": "P333975.l05f0b",
"ref": "P333975.45.1",
"inst": "addubub[speak]V",
"sig": "@saao/saa10%akk-x-neoass:ad-du-bu-ub=dabābu[speak//speak]V'V$addubub",
"f": {"lang": "akk-x-neoass",
"form": "ad-du-bu-ub",
"cf": "dabābu",
"gw": "speak",
"sense": "speak",
"norm": "addubub",
"pos": "V",
"epos": "V"}
}
,
{
"node": "l",
"frag": "mi-il-[ki]",
"id": "P333975.l05f0c",
"ref": "P333975.45.2",
"inst": "+milku[advice]N$milkī",
"sig": "@saao/saa10%akk-x-neoass:mi-il-ki=milku[advice//advice]N'N$milkī",
"f": {"lang": "akk-x-neoass",
"form": "mi-il-ki",
"cf": "milku",
"gw": "advice",
"sense": "advice",
"norm": "milkī",
"pos": "N",
"epos": "N"}
}
,
{
"node": "d",
"type": "line-start",
"ref": "P333975.46",
"n": "17",
"label": "r 17"}
,
{
"node": "l",
"frag": "lu-u",
"id": "P333975.l05f0d",
"ref": "P333975.46.1",
"inst": "lū[may]MOD",
"sig": "@saao/saa10%akk-x-neoass:lu-u=lū[may//may]MOD'MOD$lū",
"f": {"lang": "akk-x-neoass",
"form": "lu-u",
"cf": "lū",
"gw": "may",
"sense": "may",
"norm": "lū",
"pos": "MOD",
"epos": "MOD"}
}
,
{
"node": "l",
"frag": "šu-u₂",
"id": "P333975.l05f0e",
"ref": "P333975.46.2",
"inst": "šû[it]IP",
"sig": "@saao/saa10%akk-x-neoass:šu-u₂=šū[he//it]IP'IP$šû",
"f": {"lang": "akk-x-neoass",
"form": "šu-u₂",
"cf": "šū",
"gw": "he",
"sense": "it",
"norm": "šû",
"pos": "IP",
"epos": "IP"}
}
,
{
"node": "l",
"frag": "šum-ma",
"id": "P333975.l05f0f",
"ref": "P333975.46.3",
"inst": "šumma[if]MOD",
"sig": "@saao/saa10%akk-x-neoass:šum-ma=šumma[if//if]MOD'MOD$šumma",
"f": {"lang": "akk-x-neoass",
"form": "šum-ma",
"cf": "šumma",
"gw": "if",
"sense": "if",
"norm": "šumma",
"pos": "MOD",
"epos": "MOD"}
}
,
{
"node": "l",
"frag": "DUG₃.GA",
"id": "P333975.l05f10",
"ref": "P333975.46.4",
"inst": "ṭāba[good]AJ",
"sig": "@saao/saa10%akk-x-neoass:DUG₃.GA=ṭābu[good//good]AJ'AJ$ṭāba",
"f": {"lang": "akk-x-neoass",
"form": "DUG₃.GA",
"cf": "ṭābu",
"gw": "good",
"sense": "good",
"norm": "ṭāba",
"pos": "AJ",
"epos": "AJ"}
}
,
{
"node": "l",
"frag": "[o]",
"id": "P333975.l05f11",
"ref": "P333975.46.5",
"inst": "u",
"f": {"lang": "akk-x-neoass",
"form": "o",
"pos": "u"}
}
,
{
"node": "d",
"type": "line-start",
"ref": "P333975.47",
"n": "18",
"label": "r 18"}
,
{
"node": "l",
"frag": "me-me-ni",
"id": "P333975.l05f12",
"ref": "P333975.47.1",
"inst": "memmēni[somebody]XP",
"sig": "@saao/saa10%akk-x-neoass:me-me-ni=memēni[somebody//somebody]XP'XP$memmēni",
"f": {"lang": "akk-x-neoass",
"form": "me-me-ni",
"cf": "memēni",
"gw": "somebody",
"sense": "somebody",
"norm": "memmēni",
"pos": "XP",
"epos": "XP"}
}
,
{
"node": "l",
"frag": "nu-še-ši-ib",
"id": "P333975.l05f13",
"ref": "P333975.47.2",
"inst": "+ašābu[sit (down)//enthrone]V'V$nušēšib",
"sig": "@saao/saa10%akk-x-neoass:nu-še-ši-ib=ašābu[sit (down)//enthrone]V'V$nušēšib",
"f": {"lang": "akk-x-neoass",
"form": "nu-še-ši-ib",
"cf": "ašābu",
"gw": "sit (down)",
"sense": "enthrone",
"norm": "nušēšib",
"pos": "V",
"epos": "V"}
}
,
{
"node": "l",
"frag": "MI",
"id": "P333975.l05f14",
"ref": "P333975.47.3",
"inst": "mūšu[night]N",
"sig": "@saao/saa10%akk-x-neoass:MI=mūšu[night//night]N'N$mūšu",
"f": {"lang": "akk-x-neoass",
"form": "MI",
"cf": "mūšu",
"gw": "night",
"sense": "night",
"norm": "mūšu",
"pos": "N",
"epos": "N"}
}
,
{
"node": "l",
"frag": "[ša",
"id": "P333975.l05f15",
"ref": "P333975.47.4",
"inst": "ša[of]DET",
"sig": "@saao/saa10%akk-x-neoass:ša=ša[of//of]DET'DET$ša",
"f": {"lang": "akk-x-neoass",
"form": "ša",
"cf": "ša",
"gw": "of",
"sense": "of",
"norm": "ša",
"pos": "DET",
"epos": "DET"}
}
,
{
"node": "l",
"frag": "UD",
"id": "P333975.l05f16",
"ref": "P333975.47.5",
"inst": "ūm[day]N",
"sig": "@saao/saa10%akk-x-neoass:UD=ūmu[day//day]N'N$ūm",
"f": {"lang": "akk-x-neoass",
"form": "UD",
"cf": "ūmu",
"gw": "day",
"sense": "day",
"norm": "ūm",
"pos": "N",
"epos": "N"}
}
,
{
"node": "l",
"frag": "15-KAM₂\\t]",
"id": "P333975.l05f17",
"ref": "P333975.47.6",
"inst": "n",
"f": {"lang": "akk-x-neoass",
"form": "15-KAM₂",
"pos": "n"}
}
,
{
"node": "d",
"type": "line-start",
"ref": "P333975.48",
"n": "19",
"label": "r 19"}
,
{
"node": "l",
"frag": "il-lak",
"id": "P333975.l05f18",
"ref": "P333975.48.1",
"inst": "+alāku[go//come]V'V$illak",
"sig": "@saao/saa10%akk-x-neoass:il-lak=alāku[go//come]V'V$illak",
"f": {"lang": "akk-x-neoass",
"form": "il-lak",
"cf": "alāku",
"gw": "go",
"sense": "come",
"norm": "illak",
"pos": "V",
"epos": "V"}
}
,
{
"node": "l",
"frag": "li-ip-tu-šu₂",
"id": "P333975.l05f19",
"ref": "P333975.48.2",
"inst": "liptušu[affliction]N",
"sig": "@saao/saa10%akk-x-neoass:li-ip-tu-šu₂=liptu[attack (of illness)//affliction]N'N$liptušu",
"f": {"lang": "akk-x-neoass",
"form": "li-ip-tu-šu₂",
"cf": "liptu",
"gw": "attack (of illness)",
"sense": "affliction",
"norm": "liptušu",
"pos": "N",
"epos": "N"}
}
,
{
"node": "l",
"frag": "[ina",
"id": "P333975.l05f1a",
"ref": "P333975.48.3",
"inst": "ina[in]PRP",
"sig": "@saao/saa10%akk-x-neoass:ina=ina[in//from]PRP'PRP$ina",
"f": {"lang": "akk-x-neoass",
"form": "ina",
"cf": "ina",
"gw": "in",
"sense": "from",
"norm": "ina",
"pos": "PRP",
"epos": "PRP"}
}
,
{
"node": "l",
"frag": "ŠA₃-bi]",
"id": "P333975.l05f1b",
"ref": "P333975.48.4",
"inst": "libbi[interior]N",
"sig": "@saao/saa10%akk-x-neoass:ŠA₃-bi=libbu[interior//interior]N'N$libbi",
"f": {"lang": "akk-x-neoass",
"form": "ŠA₃-bi",
"cf": "libbu",
"gw": "interior",
"sense": "interior",
"norm": "libbi",
"pos": "N",
"epos": "N"}
}
,
{
"node": "d",
"type": "line-start",
"ref": "P333975.49",
"n": "20",
"label": "r 20"}
,
{
"node": "l",
"frag": "e-pi-iš",
"id": "P333975.l05f1c",
"ref": "P333975.49.1",
"inst": "+epšu[made//done]AJ'AJ$epiš",
"sig": "@saao/saa10%akk-x-neoass:e-pi-iš=epšu[made//done]AJ'AJ$epiš",
"f": {"lang": "akk-x-neoass",
"form": "e-pi-iš",
"cf": "epšu",
"gw": "made",
"sense": "done",
"norm": "epiš",
"pos": "AJ",
"epos": "AJ"}
}
,
{
"node": "l",
"frag": "u₃",
"id": "P333975.l05f1d",
"ref": "P333975.49.2",
"inst": "u[and]CNJ",
"sig": "@saao/saa10%akk-x-neoass:u₃=u[and//and]CNJ'CNJ$u",
"f": {"lang": "akk-x-neoass",
"form": "u₃",
"cf": "u",
"gw": "and",
"sense": "and",
"norm": "u",
"pos": "CNJ",
"epos": "CNJ"}
}
,
{
"node": "l",
"frag": "u₂-⸢ba-al⸣-[laṭ-ka]",
"id": "P333975.l05f1e",
"ref": "P333975.49.3",
"inst": "+balāṭu[live//keep alive]V'V$uballaṭka",
"sig": "@saao/saa10%akk-x-neoass:u₂-ba-al-laṭ-ka=balāṭu[live//keep alive]V'V$uballaṭka",
"f": {"lang": "akk-x-neoass",
"form": "u₂-ba-al-laṭ-ka",
"cf": "balāṭu",
"gw": "live",
"sense": "keep alive",
"norm": "uballaṭka",
"pos": "V",
"epos": "V"}
}
,
{
"node": "d",
"type": "line-start",
"ref": "P333975.50",
"n": "21",
"label": "r 21"}
,
{
"node": "l",
"frag": "⸢as-sa-nam⸣-me",
"id": "P333975.l05f1f",
"ref": "P333975.50.1",
"inst": "+šemû[hear//keep listening to]V'V$assanamme",
"sig": "@saao/saa10%akk-x-neoass:as-sa-nam-me=šemû[hear//keep listening to]V'V$assanamme",
"f": {"lang": "akk-x-neoass",
"form": "as-sa-nam-me",
"cf": "šemû",
"gw": "hear",
"sense": "keep listening to",
"norm": "assanamme",
"pos": "V",
"epos": "V"}
}
,
{
"node": "l",
"frag": "DUMU-KA₂.DINGIR-[MEŠ]",
"id": "P333975.l05f20",
"ref": "P333975.50.2",
"inst": "+mar-Babili[Babylonian]EN$mar-Babilaya",
"sig": "@saao/saa10%akk-x-neoass:DUMU-KA₂.DINGIR-MEŠ=mar-Babili[Babylonian//Babylonian]EN'EN$mar-Babilaya",
"f": {"lang": "akk-x-neoass",
"form": "DUMU-KA₂.DINGIR-MEŠ",
"cf": "mar-Babili",
"gw": "Babylonian",
"sense": "Babylonian",
"norm": "mar-Babilaya",
"pos": "EN",
"epos": "EN"}
}
,
{
"node": "d",
"type": "line-start",
"ref": "P333975.51",
"n": "22",
"label": "r 22"}
,
{
"node": "l",
"frag": "[LUGAL",
"id": "P333975.l05f21",
"ref": "P333975.51.1",
"inst": "šarru[king]N",
"sig": "@saao/saa10%akk-x-neoass:LUGAL=šarru[king//king]N'N$šarru",
"f": {"lang": "akk-x-neoass",
"form": "LUGAL",
"cf": "šarru",
"gw": "king",
"sense": "king",
"norm": "šarru",
"pos": "N",
"epos": "N"}
}
,
{
"node": "l",
"frag": "be-li₂]",
"id": "P333975.l05f22",
"ref": "P333975.51.2",
"inst": "bēlī[lord]N",
"sig": "@saao/saa10%akk-x-neoass:be-li₂=bēlu[lord//lord]N'N$bēlī",
"f": {"lang": "akk-x-neoass",
"form": "be-li₂",
"cf": "bēlu",
"gw": "lord",
"sense": "lord",
"norm": "bēlī",
"pos": "N",
"epos": "N"}
}
,
{
"node": "l",
"frag": "⸢u₂⸣-da",
"id": "P333975.l05f23",
"ref": "P333975.51.3",
"inst": "ūda[know]V",
"sig": "@saao/saa10%akk-x-neoass:u₂-da=wadû[know//know]V'V$ūda",
"f": {"lang": "akk-x-neoass",
"form": "u₂-da",
"cf": "wadû",
"gw": "know",
"sense": "know",
"norm": "ūda",
"pos": "V",
"epos": "V"}
}
,
{
"node": "l",
"frag": "mi₃-i-[nu]",
"id": "P333975.l05f24",
"ref": "P333975.51.4",
"inst": "mīnu[what?]QP",
"sig": "@saao/saa10%akk-x-neoass:mi₃-i-nu=mīnu[what?//what?]QP'QP$mīnu",
"f": {"lang": "akk-x-neoass",
"form": "mi₃-i-nu",
"cf": "mīnu",
"gw": "what?",
"sense": "what?",
"norm": "mīnu",
"pos": "QP",
"epos": "QP"}
}
,
{
"node": "d",
"type": "line-start",
"ref": "P333975.52",
"n": "23",
"label": "r 23"}
,
{
"node": "l",
"frag": "[i-da]-ba-bu-u-ni",
"id": "P333975.l05f25",
"ref": "P333975.52.1",
"inst": "idabbabūni[speak]V",
"sig": "@saao/saa10%akk-x-neoass:i-da-ba-bu-u-ni=dabābu[speak//speak]V'V$idabbabūni",
"f": {"lang": "akk-x-neoass",
"form": "i-da-ba-bu-u-ni",
"cf": "dabābu",
"gw": "speak",
"sense": "speak",
"norm": "idabbabūni",
"pos": "V",
"epos": "V"}
}
,
{
"node": "d",
"type": "line-start",
"ref": "P333975.53",
"n": "24",
"label": "r 24"}
,
{
"node": "l",
"frag": "[u₂-ša₂]-an-nu-ni",
"id": "P333975.l05f26",
"ref": "P333975.53.1",
"inst": "+šanû[do twice//repeat]V'V$ušannûni",
"sig": "@saao/saa10%akk-x-neoass:u₂-ša₂-an-nu-ni=šanû[do twice//repeat]V'V$ušannûni",
"f": {"lang": "akk-x-neoass",
"form": "u₂-ša₂-an-nu-ni",
"cf": "šanû",
"gw": "do twice",
"sense": "repeat",
"norm": "ušannûni",
"pos": "V",
"epos": "V"}
}
,
{
"node": "l",
"frag": "li-[ip-tu]",
"id": "P333975.l05f27",
"ref": "P333975.53.2",
"inst": "+liptu[attack (of illness)//affliction]N'N$",
"sig": "@saao/saa10%akk-x-neoass:li-ip-tu=liptu[attack (of illness)//affliction]N'N$liptu",
"f": {"lang": "akk-x-neoass",
"form": "li-ip-tu",
"cf": "liptu",
"gw": "attack (of illness)",
"sense": "affliction",
"norm": "liptu",
"pos": "N",
"epos": "N"}
}
,
{
"node": "d",
"type": "line-start",
"ref": "P333975.54",
"n": "25",
"label": "r 25"}
,
{
"node": "l",
"frag": "[ša]",
"id": "P333975.l05f28",
"ref": "P333975.54.1",
"inst": "ša[of]DET",
"sig": "@saao/saa10%akk-x-neoass:ša=ša[of//of]DET'DET$ša",
"f": {"lang": "akk-x-neoass",
"form": "ša",
"cf": "ša",
"gw": "of",
"sense": "of",
"norm": "ša",
"pos": "DET",
"epos": "DET"}
}
,
{
"node": "l",
"frag": "⸢da⸣-bi-ba-nu-ti",
"id": "P333975.l05f29",
"ref": "P333975.54.2",
"inst": "+dābibānu[plotter]N$dābibānūti",
"sig": "@saao/saa10%akk-x-neoass:da-bi-ba-nu-ti=dābibānu[plotter//plotter]N'N$dābibānūti",
"f": {"lang": "akk-x-neoass",
"form": "da-bi-ba-nu-ti",
"cf": "dābibānu",
"gw": "plotter",
"sense": "plotter",
"norm": "dābibānūti",
"pos": "N",
"epos": "N"}
}
,
{
"node": "l",
"frag": "le-⸢pu⸣-[šu₂]",
"id": "P333975.l05f2a",
"ref": "P333975.54.3",
"inst": "lēpušu[do]V",
"sig": "@saao/saa10%akk-x-neoass:le-pu-šu₂=epēšu[do//do]V'V$lēpušu",
"f": {"lang": "akk-x-neoass",
"form": "le-pu-šu₂",
"cf": "epēšu",
"gw": "do",
"sense": "do",
"norm": "lēpušu",
"pos": "V",
"epos": "V"}
}
,
{
"node": "d",
"type": "line-start",
"ref": "P333975.55",
"n": "26",
"label": "r 26"}
,
{
"node": "l",
"frag": "ina",
"id": "P333975.l05f2b",
"ref": "P333975.55.1",
"inst": "ina[in]PRP",
"sig": "@saao/saa10%akk-x-neoass:ina=ina[in//from]PRP'PRP$ina",
"f": {"lang": "akk-x-neoass",
"form": "ina",
"cf": "ina",
"gw": "in",
"sense": "from",
"norm": "ina",
"pos": "PRP",
"epos": "PRP"}
}
,
{
"node": "l",
"frag": "ši-a-ri",
"id": "P333975.l05f2c",
"ref": "P333975.55.2",
"inst": "šiāri[morning]N",
"sig": "@saao/saa10%akk-x-neoass:ši-a-ri=šiāru[morning//morning]N'N$šiāri",
"f": {"lang": "akk-x-neoass",
"form": "ši-a-ri",
"cf": "šiāru",
"gw": "morning",
"sense": "morning",
"norm": "šiāri",
"pos": "N",
"epos": "N"}
}
,
{
"node": "d",
"subtype": "edge",
"type": "surface",
"ref": "P333975.e..56",
"type": "edge",
"label": "e."}
,
{
"node": "d",
"type": "line-start",
"ref": "P333975.57",
"n": "1",
"label": "e. 1"}
,
{
"node": "l",
"frag": "[šum]-ma",
"id": "P333975.l05f2d",
"ref": "P333975.57.1",
"inst": "šumma[if]MOD",
"sig": "@saao/saa10%akk-x-neoass:šum-ma=šumma[if//if]MOD'MOD$šumma",
"f": {"lang": "akk-x-neoass",
"form": "šum-ma",
"cf": "šumma",
"gw": "if",
"sense": "if",
"norm": "šumma",
"pos": "MOD",
"epos": "MOD"}
}
,
{
"node": "l",
"frag": "a-na",
"id": "P333975.l05f2e",
"ref": "P333975.57.2",
"inst": "ana[to]PRP",
"sig": "@saao/saa10%akk-x-neoass:a-na=ana[to//to]PRP'PRP$ana",
"f": {"lang": "akk-x-neoass",
"form": "a-na",
"cf": "ana",
"gw": "to",
"sense": "to",
"norm": "ana",
"pos": "PRP",
"epos": "PRP"}
}
,
{
"node": "l",
"frag": "ṭu-bi",
"id": "P333975.l05f2f",
"ref": "P333975.57.3",
"inst": "ṭūbi[goodness]N",
"sig": "@saao/saa10%akk-x-neoass:ṭu-bi=ṭūbu[goodness//goodness]N'N$ṭūbi",
"f": {"lang": "akk-x-neoass",
"form": "ṭu-bi",
"cf": "ṭūbu",
"gw": "goodness",
"sense": "goodness",
"norm": "ṭūbi",
"pos": "N",
"epos": "N"}
}
,
{
"node": "l",
"frag": "ša₂-kin",
"id": "P333975.l05f30",
"ref": "P333975.57.4",
"inst": "šakin[placed]AJ",
"sig": "@saao/saa10%akk-x-neoass:ša₂-kin=šaknu[placed//placed]AJ'AJ$šakin",
"f": {"lang": "akk-x-neoass",
"form": "ša₂-kin",
"cf": "šaknu",
"gw": "placed",
"sense": "placed",
"norm": "šakin",
"pos": "AJ",
"epos": "AJ"}
}
,
{
"node": "l",
"frag": "ki-ma",
"id": "P333975.l05f31",
"ref": "P333975.57.5",
"inst": "kīma[if]'MOD",
"sig": "@saao/saa10%akk-x-neoass:ki-ma=kīma[like//if]PRP'MOD$kīma",
"f": {"lang": "akk-x-neoass",
"form": "ki-ma",
"cf": "kīma",
"gw": "like",
"sense": "if",
"norm": "kīma",
"pos": "PRP",
"epos": "MOD"}
}
,
{
"node": "l",
"frag": "e-tar-ba",
"id": "P333975.l05f32",
"ref": "P333975.57.6",
"inst": "ētarba[enter]V",
"sig": "@saao/saa10%akk-x-neoass:e-tar-ba=erēbu[enter//enter]V'V$ētarba",
"f": {"lang": "akk-x-neoass",
"form": "e-tar-ba",
"cf": "erēbu",
"gw": "enter",
"sense": "enter",
"norm": "ētarba",
"pos": "V",
"epos": "V"}
}
,
{
"node": "l",
"frag": "a-na",
"id": "P333975.l05f33",
"ref": "P333975.57.7",
"inst": "ana[to]PRP",
"sig": "@saao/saa10%akk-x-neoass:a-na=ana[to//to]PRP'PRP$ana",
"f": {"lang": "akk-x-neoass",
"form": "a-na",
"cf": "ana",
"gw": "to",
"sense": "to",
"norm": "ana",
"pos": "PRP",
"epos": "PRP"}
}
,
{
"node": "l",
"frag": "LUGAL",
"id": "P333975.l05f34",
"ref": "P333975.57.8",
"inst": "šarri[king]N",
"sig": "@saao/saa10%akk-x-neoass:LUGAL=šarru[king//king]N'N$šarri",
"f": {"lang": "akk-x-neoass",
"form": "LUGAL",
"cf": "šarru",
"gw": "king",
"sense": "king",
"norm": "šarri",
"pos": "N",
"epos": "N"}
}
,
{
"node": "l",
"frag": "a-⸢qab-bi⸣",
"id": "P333975.l05f35",
"ref": "P333975.57.9",
"inst": "aqabbi[say]V",
"sig": "@saao/saa10%akk-x-neoass:a-qab-bi=qabû[say//say]V'V$aqabbi",
"f": {"lang": "akk-x-neoass",
"form": "a-qab-bi",
"cf": "qabû",
"gw": "say",
"sense": "say",
"norm": "aqabbi",
"pos": "V",
"epos": "V"}
}
]}
]}
]}
]}
