{
"type": "cdl",
  "source": "http://oracc.org/saao/saa10",
  "license": "This data is released under the CC0 license",
  "license-url": "https://creativecommons.org/publicdomain/zero/1.0/",
  "more-info": "http://oracc.org/doc/opendata/",
  "UTC-timestamp": "2017-05-19T11:42:28",
"project": "saao/saa10",
"textid": "P333961",
"cdl": [
{
"node": "c",
"type": "text",
"id": "P333961.U0",
"cdl": [
{
"node": "d",
"type": "object",
"ref": ""}
,
{
"node": "d",
"subtype": "obverse",
"type": "surface",
"ref": "P333961.o.1",
"type": "obverse",
"label": "o"}
,
{
"node": "c",
"type": "discourse",
"subtype": "body",
"id": "P333961.U1",
"cdl": [
{
"node": "c",
"type": "sentence",
"id": "P333961.U2",
"label": "o 1 - r.e. 19",
"cdl": [
{
"node": "d",
"type": "line-start",
"ref": "P333961.2",
"n": "1",
"label": "o 1"}
,
{
"node": "l",
"frag": "a-na",
"id": "P333961.l05489",
"ref": "P333961.2.1",
"inst": "ana[to]PRP",
"sig": "@saao/saa10%akk-x-neoass:a-na=ana[to//to]PRP'PRP$ana",
"f": {"lang": "akk-x-neoass",
"form": "a-na",
"cf": "ana",
"gw": "to",
"sense": "to",
"norm": "ana",
"pos": "PRP",
"epos": "PRP"}
}
,
{
"node": "l",
"frag": "LUGAL",
"id": "P333961.l0548a",
"ref": "P333961.2.2",
"inst": "šarri[king]N",
"sig": "@saao/saa10%akk-x-neoass:LUGAL=šarru[king//king]N'N$šarri",
"f": {"lang": "akk-x-neoass",
"form": "LUGAL",
"cf": "šarru",
"gw": "king",
"sense": "king",
"norm": "šarri",
"pos": "N",
"epos": "N"}
}
,
{
"node": "l",
"frag": "be-li₂-ia",
"id": "P333961.l0548b",
"ref": "P333961.2.3",
"inst": "bēlīya[lord]N",
"sig": "@saao/saa10%akk-x-neoass:be-li₂-ia=bēlu[lord//lord]N'N$bēlīya",
"f": {"lang": "akk-x-neoass",
"form": "be-li₂-ia",
"cf": "bēlu",
"gw": "lord",
"sense": "lord",
"norm": "bēlīya",
"pos": "N",
"epos": "N"}
}
,
{
"node": "d",
"type": "line-start",
"ref": "P333961.3",
"n": "2",
"label": "o 2"}
,
{
"node": "l",
"frag": "ARAD-ka",
"id": "P333961.l0548c",
"ref": "P333961.3.1",
"inst": "urdaka[servant]N",
"sig": "@saao/saa10%akk-x-neoass:ARAD-ka=ardu[slave//servant]N'N$urdaka",
"f": {"lang": "akk-x-neoass",
"form": "ARAD-ka",
"cf": "ardu",
"gw": "slave",
"sense": "servant",
"norm": "urdaka",
"pos": "N",
"epos": "N"}
}
,
{
"node": "l",
"frag": "{1}{d}IM-MU-PAB",
"id": "P333961.l0548d",
"ref": "P333961.3.2",
"inst": "Adad-šumu-uṣur[1]PN",
"sig": "@saao/saa10%akk-x-neoass:{1}{d}IM-MU-PAB=Adad-šumu-uṣur[1//1]PN'PN$Adad-šumu-uṣur",
"f": {"lang": "akk-x-neoass",
"form": "{1}{d}IM-MU-PAB",
"cf": "Adad-šumu-uṣur",
"gw": "1",
"sense": "1",
"norm": "Adad-šumu-uṣur",
"pos": "PN",
"epos": "PN"}
}
,
{
"node": "d",
"type": "line-start",
"ref": "P333961.4",
"n": "3",
"label": "o 3"}
,
{
"node": "l",
"frag": "lu-u",
"id": "P333961.l0548e",
"ref": "P333961.4.1",
"inst": "lū[may]MOD",
"sig": "@saao/saa10%akk-x-neoass:lu-u=lū[may//may]MOD'MOD$lū",
"f": {"lang": "akk-x-neoass",
"form": "lu-u",
"cf": "lū",
"gw": "may",
"sense": "may",
"norm": "lū",
"pos": "MOD",
"epos": "MOD"}
}
,
{
"node": "l",
"frag": "DI-mu",
"id": "P333961.l0548f",
"ref": "P333961.4.2",
"inst": "šulmu[health]N",
"sig": "@saao/saa10%akk-x-neoass:DI-mu=šulmu[completeness//health]N'N$šulmu",
"f": {"lang": "akk-x-neoass",
"form": "DI-mu",
"cf": "šulmu",
"gw": "completeness",
"sense": "health",
"norm": "šulmu",
"pos": "N",
"epos": "N"}
}
,
{
"node": "l",
"frag": "ana",
"id": "P333961.l05490",
"ref": "P333961.4.3",
"inst": "ana[to]PRP",
"sig": "@saao/saa10%akk-x-neoass:ana=ana[to//to]PRP'PRP$ana",
"f": {"lang": "akk-x-neoass",
"form": "ana",
"cf": "ana",
"gw": "to",
"sense": "to",
"norm": "ana",
"pos": "PRP",
"epos": "PRP"}
}
,
{
"node": "l",
"frag": "LUGAL",
"id": "P333961.l05491",
"ref": "P333961.4.4",
"inst": "šarri[king]N",
"sig": "@saao/saa10%akk-x-neoass:LUGAL=šarru[king//king]N'N$šarri",
"f": {"lang": "akk-x-neoass",
"form": "LUGAL",
"cf": "šarru",
"gw": "king",
"sense": "king",
"norm": "šarri",
"pos": "N",
"epos": "N"}
}
,
{
"node": "l",
"frag": "be-li₂-ia₂",
"id": "P333961.l05492",
"ref": "P333961.4.5",
"inst": "bēlīya[lord]N",
"sig": "@saao/saa10%akk-x-neoass:be-li₂-ia₂=bēlu[lord//lord]N'N$bēlīya",
"f": {"lang": "akk-x-neoass",
"form": "be-li₂-ia₂",
"cf": "bēlu",
"gw": "lord",
"sense": "lord",
"norm": "bēlīya",
"pos": "N",
"epos": "N"}
}
,
{
"node": "d",
"type": "line-start",
"ref": "P333961.5",
"n": "4",
"label": "o 4"}
,
{
"node": "l",
"frag": "{d}PA",
"id": "P333961.l05493",
"ref": "P333961.5.1",
"inst": "Nabu[1]DN",
"sig": "@saao/saa10%akk-x-neoass:{d}PA=Nabu[1//1]DN'DN$Nabu",
"f": {"lang": "akk-x-neoass",
"form": "{d}PA",
"cf": "Nabu",
"gw": "1",
"sense": "1",
"norm": "Nabu",
"pos": "DN",
"epos": "DN"}
}
,
{
"node": "l",
"frag": "u",
"id": "P333961.l05494",
"ref": "P333961.5.2",
"inst": "u[and]CNJ",
"sig": "@saao/saa10%akk-x-neoass:u=u[and//and]CNJ'CNJ$u",
"f": {"lang": "akk-x-neoass",
"form": "u",
"cf": "u",
"gw": "and",
"sense": "and",
"norm": "u",
"pos": "CNJ",
"epos": "CNJ"}
}
,
{
"node": "l",
"frag": "{d}AMAR.UTU",
"id": "P333961.l05495",
"ref": "P333961.5.3",
"inst": "Marduk[1]DN",
"sig": "@saao/saa10%akk-x-neoass:{d}AMAR.UTU=Marduk[1//1]DN'DN$Marduk",
"f": {"lang": "akk-x-neoass",
"form": "{d}AMAR.UTU",
"cf": "Marduk",
"gw": "1",
"sense": "1",
"norm": "Marduk",
"pos": "DN",
"epos": "DN"}
}
,
{
"node": "l",
"frag": "ana",
"id": "P333961.l05496",
"ref": "P333961.5.4",
"inst": "ana[to]PRP",
"sig": "@saao/saa10%akk-x-neoass:ana=ana[to//to]PRP'PRP$ana",
"f": {"lang": "akk-x-neoass",
"form": "ana",
"cf": "ana",
"gw": "to",
"sense": "to",
"norm": "ana",
"pos": "PRP",
"epos": "PRP"}
}
,
{
"node": "l",
"frag": "LUGAL",
"id": "P333961.l05497",
"ref": "P333961.5.5",
"inst": "šarri[king]N",
"sig": "@saao/saa10%akk-x-neoass:LUGAL=šarru[king//king]N'N$šarri",
"f": {"lang": "akk-x-neoass",
"form": "LUGAL",
"cf": "šarru",
"gw": "king",
"sense": "king",
"norm": "šarri",
"pos": "N",
"epos": "N"}
}
,
{
"node": "l",
"frag": "be-li₂-ia₂",
"id": "P333961.l05498",
"ref": "P333961.5.6",
"inst": "bēlīya[lord]N",
"sig": "@saao/saa10%akk-x-neoass:be-li₂-ia₂=bēlu[lord//lord]N'N$bēlīya",
"f": {"lang": "akk-x-neoass",
"form": "be-li₂-ia₂",
"cf": "bēlu",
"gw": "lord",
"sense": "lord",
"norm": "bēlīya",
"pos": "N",
"epos": "N"}
}
,
{
"node": "d",
"type": "line-start",
"ref": "P333961.6",
"n": "5",
"label": "o 5"}
,
{
"node": "l",
"frag": "lik-ru-bu",
"id": "P333961.l05499",
"ref": "P333961.6.1",
"inst": "likrubu[bless]V",
"sig": "@saao/saa10%akk-x-neoass:lik-ru-bu=karābu[pray//bless]V'V$likrubu",
"f": {"lang": "akk-x-neoass",
"form": "lik-ru-bu",
"cf": "karābu",
"gw": "pray",
"sense": "bless",
"norm": "likrubu",
"pos": "V",
"epos": "V"}
}
,
{
"node": "l",
"frag": "DI-mu",
"id": "P333961.l0549a",
"ref": "P333961.6.2",
"inst": "šulmu[health]N",
"sig": "@saao/saa10%akk-x-neoass:DI-mu=šulmu[completeness//health]N'N$šulmu",
"f": {"lang": "akk-x-neoass",
"form": "DI-mu",
"cf": "šulmu",
"gw": "completeness",
"sense": "health",
"norm": "šulmu",
"pos": "N",
"epos": "N"}
}
,
{
"node": "l",
"frag": "a-na",
"id": "P333961.l0549b",
"ref": "P333961.6.3",
"inst": "ana[to]PRP",
"sig": "@saao/saa10%akk-x-neoass:a-na=ana[to//to]PRP'PRP$ana",
"f": {"lang": "akk-x-neoass",
"form": "a-na",
"cf": "ana",
"gw": "to",
"sense": "to",
"norm": "ana",
"pos": "PRP",
"epos": "PRP"}
}
,
{
"node": "d",
"type": "line-start",
"ref": "P333961.7",
"n": "6",
"label": "o 6"}
,
{
"node": "l",
"frag": "pi-qit-ti",
"id": "P333961.l0549c",
"ref": "P333961.7.1",
"inst": "piqitti[charge]N",
"sig": "@saao/saa10%akk-x-neoass:pi-qit-ti=piqittu[allocation//charge]N'N$piqitti",
"f": {"lang": "akk-x-neoass",
"form": "pi-qit-ti",
"cf": "piqittu",
"gw": "allocation",
"sense": "charge",
"norm": "piqitti",
"pos": "N",
"epos": "N"}
}
,
{
"node": "l",
"frag": "ša₂",
"id": "P333961.l0549d",
"ref": "P333961.7.2",
"inst": "ša[of]DET",
"sig": "@saao/saa10%akk-x-neoass:ša₂=ša[of//of]DET'DET$ša",
"f": {"lang": "akk-x-neoass",
"form": "ša₂",
"cf": "ša",
"gw": "of",
"sense": "of",
"norm": "ša",
"pos": "DET",
"epos": "DET"}
}
,
{
"node": "l",
"frag": "E₂-ku-tal-li",
"id": "P333961.l0549e",
"ref": "P333961.7.3",
"cof-tails": "P333961.l0549f",
"inst": "+bītu[house]N$bēt&+kutallu[back]N$kutalli",
"sig": "@saao/saa10%akk-x-neoass:E₂-ku-tal-li=bītu[house//house]N'N$bēt&&@saao/saa10%akk-x-neoass:=kutallu[back//back]N'N$kutalli",
"f": {"lang": "akk-x-neoass",
"form": "E₂-ku-tal-li",
"cf": "bītu",
"gw": "house",
"sense": "house",
"norm": "bēt",
"pos": "N",
"epos": "N"}
}
,
{
"node": "l",
"frag": "E₂-ku-tal-li",
"id": "P333961.l0549f",
"ref": "P333961.7.3",
"cof-head": "P333961.l0549e",
"inst": "+bītu[house]N$bēt&+kutallu[back]N$kutalli",
"f": {"lang": "akk-x-neoass",
"form": "E₂-ku-tal-li",
"cf": "kutallu",
"gw": "back",
"sense": "back",
"norm": "kutalli",
"pos": "N",
"epos": "N"}
}
,
{
"node": "d",
"type": "line-start",
"ref": "P333961.8",
"n": "7",
"label": "o 7"}
,
{
"node": "l",
"frag": "re-ši-šu₂",
"id": "P333961.l054a0",
"ref": "P333961.8.1",
"inst": "+rēšu[head]N$rēšīšu",
"sig": "@saao/saa10%akk-x-neoass:re-ši-šu₂=rēšu[head//head]N'N$rēšīšu",
"f": {"lang": "akk-x-neoass",
"form": "re-ši-šu₂",
"cf": "rēšu",
"gw": "head",
"sense": "head",
"norm": "rēšīšu",
"pos": "N",
"epos": "N"}
}
,
{
"node": "l",
"frag": "in-ta-at-ha",
"id": "P333961.l054a1",
"ref": "P333961.8.2",
"inst": "+matāhu[lift]V$intatha",
"sig": "@saao/saa10%akk-x-neoass:in-ta-at-ha=matāhu[lift//lift]V'V$intatha",
"f": {"lang": "akk-x-neoass",
"form": "in-ta-at-ha",
"cf": "matāhu",
"gw": "lift",
"sense": "lift",
"norm": "intatha",
"pos": "V",
"epos": "V"}
}
,
{
"node": "d",
"type": "line-start",
"ref": "P333961.9",
"n": "8",
"label": "o 8"}
,
{
"node": "l",
"frag": "DINGIR-MEŠ",
"id": "P333961.l054a2",
"ref": "P333961.9.1",
"inst": "ilāni[god]N",
"sig": "@saao/saa10%akk-x-neoass:DINGIR-MEŠ=ilu[god//god]N'N$ilāni",
"f": {"lang": "akk-x-neoass",
"form": "DINGIR-MEŠ",
"cf": "ilu",
"gw": "god",
"sense": "god",
"norm": "ilāni",
"pos": "N",
"epos": "N"}
}
,
{
"node": "l",
"frag": "GAL-MEŠ",
"id": "P333961.l054a3",
"ref": "P333961.9.2",
"inst": "rabiūti[great]AJ",
"sig": "@saao/saa10%akk-x-neoass:GAL-MEŠ=rabû[big//great]AJ'AJ$rabiūti",
"f": {"lang": "akk-x-neoass",
"form": "GAL-MEŠ",
"cf": "rabû",
"gw": "big",
"sense": "great",
"norm": "rabiūti",
"pos": "AJ",
"epos": "AJ"}
}
,
{
"node": "l",
"frag": "ša₂",
"id": "P333961.l054a4",
"ref": "P333961.9.3",
"inst": "ša[whose]REL",
"sig": "@saao/saa10%akk-x-neoass:ša₂=ša[that//whose]REL'REL$ša",
"f": {"lang": "akk-x-neoass",
"form": "ša₂",
"cf": "ša",
"gw": "that",
"sense": "whose",
"norm": "ša",
"pos": "REL",
"epos": "REL"}
}
,
{
"node": "l",
"frag": "LUGAL",
"id": "P333961.l054a5",
"ref": "P333961.9.4",
"inst": "šarru[king]N",
"sig": "@saao/saa10%akk-x-neoass:LUGAL=šarru[king//king]N'N$šarru",
"f": {"lang": "akk-x-neoass",
"form": "LUGAL",
"cf": "šarru",
"gw": "king",
"sense": "king",
"norm": "šarru",
"pos": "N",
"epos": "N"}
}
,
{
"node": "l",
"frag": "be-li₂",
"id": "P333961.l054a6",
"ref": "P333961.9.5",
"inst": "bēlī[lord]N",
"sig": "@saao/saa10%akk-x-neoass:be-li₂=bēlu[lord//lord]N'N$bēlī",
"f": {"lang": "akk-x-neoass",
"form": "be-li₂",
"cf": "bēlu",
"gw": "lord",
"sense": "lord",
"norm": "bēlī",
"pos": "N",
"epos": "N"}
}
,
{
"node": "d",
"type": "line-start",
"ref": "P333961.10",
"n": "9",
"label": "o 9"}
,
{
"node": "l",
"frag": "MU-šu₂-nu",
"id": "P333961.l054a7",
"ref": "P333961.10.1",
"inst": "šumšunu[name]N",
"sig": "@saao/saa10%akk-x-neoass:MU-šu₂-nu=šumu[name//name]N'N$šumšunu",
"f": {"lang": "akk-x-neoass",
"form": "MU-šu₂-nu",
"cf": "šumu",
"gw": "name",
"sense": "name",
"norm": "šumšunu",
"pos": "N",
"epos": "N"}
}
,
{
"node": "l",
"frag": "is-qur-u-ni",
"id": "P333961.l054a8",
"ref": "P333961.10.2",
"inst": "+zakāru[speak//invoke]V'V$isqurūni",
"sig": "@saao/saa10%akk-x-neoass:is-qur-u-ni=zakāru[speak//invoke]V'V$isqurūni",
"f": {"lang": "akk-x-neoass",
"form": "is-qur-u-ni",
"cf": "zakāru",
"gw": "speak",
"sense": "invoke",
"norm": "isqurūni",
"pos": "V",
"epos": "V"}
}
,
{
"node": "l",
"frag": "ne₂-ma-al-šu₂",
"id": "P333961.l054a9",
"ref": "P333961.10.3",
"inst": "nēmalšu[prosperity]N",
"sig": "@saao/saa10%akk-x-neoass:ne₂-ma-al-šu₂=nēmelu[profit//prosperity]N'N$nēmalšu",
"f": {"lang": "akk-x-neoass",
"form": "ne₂-ma-al-šu₂",
"cf": "nēmelu",
"gw": "profit",
"sense": "prosperity",
"norm": "nēmalšu",
"pos": "N",
"epos": "N"}
}
,
{
"node": "d",
"type": "line-start",
"ref": "P333961.11",
"n": "10",
"label": "o 10"}
,
{
"node": "l",
"frag": "a-na",
"id": "P333961.l054aa",
"ref": "P333961.11.1",
"inst": "ana[to]PRP",
"sig": "@saao/saa10%akk-x-neoass:a-na=ana[to//to]PRP'PRP$ana",
"f": {"lang": "akk-x-neoass",
"form": "a-na",
"cf": "ana",
"gw": "to",
"sense": "to",
"norm": "ana",
"pos": "PRP",
"epos": "PRP"}
}
,
{
"node": "l",
"frag": "LUGAL",
"id": "P333961.l054ab",
"ref": "P333961.11.2",
"inst": "šarri[king]N",
"sig": "@saao/saa10%akk-x-neoass:LUGAL=šarru[king//king]N'N$šarri",
"f": {"lang": "akk-x-neoass",
"form": "LUGAL",
"cf": "šarru",
"gw": "king",
"sense": "king",
"norm": "šarri",
"pos": "N",
"epos": "N"}
}
,
{
"node": "l",
"frag": "be-li₂-ia",
"id": "P333961.l054ac",
"ref": "P333961.11.3",
"inst": "bēlīya[lord]N",
"sig": "@saao/saa10%akk-x-neoass:be-li₂-ia=bēlu[lord//lord]N'N$bēlīya",
"f": {"lang": "akk-x-neoass",
"form": "be-li₂-ia",
"cf": "bēlu",
"gw": "lord",
"sense": "lord",
"norm": "bēlīya",
"pos": "N",
"epos": "N"}
}
,
{
"node": "d",
"type": "line-start",
"ref": "P333961.12",
"n": "11",
"label": "o 11"}
,
{
"node": "l",
"frag": "lu-kal-li-mu",
"id": "P333961.l054ad",
"ref": "P333961.12.1",
"inst": "lukallimu[show]V",
"sig": "@saao/saa10%akk-x-neoass:lu-kal-li-mu=kullumu[show//show]V'V$lukallimu",
"f": {"lang": "akk-x-neoass",
"form": "lu-kal-li-mu",
"cf": "kullumu",
"gw": "show",
"sense": "show",
"norm": "lukallimu",
"pos": "V",
"epos": "V"}
}
,
{
"node": "l",
"frag": "TA@v",
"id": "P333961.l054ae",
"ref": "P333961.12.2",
"inst": "issu[from]PRP",
"sig": "@saao/saa10%akk-x-neoass:TA@v=ištu[from//from]PRP'PRP$issu",
"f": {"lang": "akk-x-neoass",
"form": "TA@v",
"cf": "ištu",
"gw": "from",
"sense": "from",
"norm": "issu",
"pos": "PRP",
"epos": "PRP"}
}
,
{
"node": "l",
"frag": "da-ba-bi",
"id": "P333961.l054af",
"ref": "P333961.12.3",
"inst": "dabābi[talk]N",
"sig": "@saao/saa10%akk-x-neoass:da-ba-bi=dabābu[talk//talk]N'N$dabābi",
"f": {"lang": "akk-x-neoass",
"form": "da-ba-bi",
"cf": "dabābu",
"gw": "talk",
"sense": "talk",
"norm": "dabābi",
"pos": "N",
"epos": "N"}
}
,
{
"node": "d",
"type": "line-start",
"ref": "P333961.13",
"n": "12",
"label": "o 12"}
,
{
"node": "l",
"frag": "an-ni-i",
"id": "P333961.l054b0",
"ref": "P333961.13.1",
"inst": "annî[this]DP",
"sig": "@saao/saa10%akk-x-neoass:an-ni-i=annû[this//this]DP'DP$annî",
"f": {"lang": "akk-x-neoass",
"form": "an-ni-i",
"cf": "annû",
"gw": "this",
"sense": "this",
"norm": "annî",
"pos": "DP",
"epos": "DP"}
}
,
{
"node": "l",
"frag": "u",
"id": "P333961.l054b1",
"ref": "P333961.13.2",
"inst": "u[and]CNJ",
"sig": "@saao/saa10%akk-x-neoass:u=u[and//and]CNJ'CNJ$u",
"f": {"lang": "akk-x-neoass",
"form": "u",
"cf": "u",
"gw": "and",
"sense": "and",
"norm": "u",
"pos": "CNJ",
"epos": "CNJ"}
}
,
{
"node": "l",
"frag": "ik-ri-bi",
"id": "P333961.l054b2",
"ref": "P333961.13.3",
"inst": "ikribī[blessing]N",
"sig": "@saao/saa10%akk-x-neoass:ik-ri-bi=ikribu[prayer//blessing]N'N$ikribī",
"f": {"lang": "akk-x-neoass",
"form": "ik-ri-bi",
"cf": "ikribu",
"gw": "prayer",
"sense": "blessing",
"norm": "ikribī",
"pos": "N",
"epos": "N"}
}
,
{
"node": "d",
"type": "line-start",
"ref": "P333961.14",
"n": "13",
"label": "o 13"}
,
{
"node": "l",
"frag": "an-nu-ti",
"id": "P333961.l054b3",
"ref": "P333961.14.1",
"inst": "annūti[this]DP",
"sig": "@saao/saa10%akk-x-neoass:an-nu-ti=annû[this//this]DP'DP$annūti",
"f": {"lang": "akk-x-neoass",
"form": "an-nu-ti",
"cf": "annû",
"gw": "this",
"sense": "this",
"norm": "annūti",
"pos": "DP",
"epos": "DP"}
}
,
{
"node": "l",
"frag": "ša",
"id": "P333961.l054b4",
"ref": "P333961.14.2",
"inst": "ša[which]REL",
"sig": "@saao/saa10%akk-x-neoass:ša=ša[that//which]REL'REL$ša",
"f": {"lang": "akk-x-neoass",
"form": "ša",
"cf": "ša",
"gw": "that",
"sense": "which",
"norm": "ša",
"pos": "REL",
"epos": "REL"}
}
,
{
"node": "l",
"frag": "LUGAL",
"id": "P333961.l054b5",
"ref": "P333961.14.3",
"inst": "šarru[king]N",
"sig": "@saao/saa10%akk-x-neoass:LUGAL=šarru[king//king]N'N$šarru",
"f": {"lang": "akk-x-neoass",
"form": "LUGAL",
"cf": "šarru",
"gw": "king",
"sense": "king",
"norm": "šarru",
"pos": "N",
"epos": "N"}
}
,
{
"node": "l",
"frag": "be-li₂",
"id": "P333961.l054b6",
"ref": "P333961.14.4",
"inst": "bēlī[lord]N",
"sig": "@saao/saa10%akk-x-neoass:be-li₂=bēlu[lord//lord]N'N$bēlī",
"f": {"lang": "akk-x-neoass",
"form": "be-li₂",
"cf": "bēlu",
"gw": "lord",
"sense": "lord",
"norm": "bēlī",
"pos": "N",
"epos": "N"}
}
,
{
"node": "d",
"type": "line-start",
"ref": "P333961.15",
"n": "14",
"label": "o 14"}
,
{
"node": "l",
"frag": "a-na",
"id": "P333961.l054b7",
"ref": "P333961.15.1",
"inst": "ana[to]PRP",
"sig": "@saao/saa10%akk-x-neoass:a-na=ana[to//to]PRP'PRP$ana",
"f": {"lang": "akk-x-neoass",
"form": "a-na",
"cf": "ana",
"gw": "to",
"sense": "to",
"norm": "ana",
"pos": "PRP",
"epos": "PRP"}
}
,
{
"node": "l",
"frag": "UR.KU-šu₂",
"id": "P333961.l054b8",
"ref": "P333961.15.2",
"inst": "+kalbu[dog]N$kalbīšu",
"sig": "@saao/saa10%akk-x-neoass:UR.KU-šu₂=kalbu[dog//dog]N'N$kalbīšu",
"f": {"lang": "akk-x-neoass",
"form": "UR.KU-šu₂",
"cf": "kalbu",
"gw": "dog",
"sense": "dog",
"norm": "kalbīšu",
"pos": "N",
"epos": "N"}
}
,
{
"node": "l",
"frag": "ana",
"id": "P333961.l054b9",
"ref": "P333961.15.3",
"inst": "ana[to]PRP",
"sig": "@saao/saa10%akk-x-neoass:ana=ana[to//to]PRP'PRP$ana",
"f": {"lang": "akk-x-neoass",
"form": "ana",
"cf": "ana",
"gw": "to",
"sense": "to",
"norm": "ana",
"pos": "PRP",
"epos": "PRP"}
}
,
{
"node": "l",
"frag": "{lu₂}ARAD-šu₂",
"id": "P333961.l054ba",
"ref": "P333961.15.4",
"inst": "urdīšu[servant]N",
"sig": "@saao/saa10%akk-x-neoass:{LU₂}ARAD-šu₂=ardu[slave//servant]N'N$urdīšu",
"f": {"lang": "akk-x-neoass",
"form": "{LU₂}ARAD-šu₂",
"cf": "ardu",
"gw": "slave",
"sense": "servant",
"norm": "urdīšu",
"pos": "N",
"epos": "N"}
}
,
{
"node": "d",
"type": "line-start",
"ref": "P333961.16",
"n": "15",
"label": "o 15"}
,
{
"node": "l",
"frag": "u₃",
"id": "P333961.l054bb",
"ref": "P333961.16.1",
"inst": "u[and]CNJ",
"sig": "@saao/saa10%akk-x-neoass:u₃=u[and//and]CNJ'CNJ$u",
"f": {"lang": "akk-x-neoass",
"form": "u₃",
"cf": "u",
"gw": "and",
"sense": "and",
"norm": "u",
"pos": "CNJ",
"epos": "CNJ"}
}
,
{
"node": "l",
"frag": "par-šu-me",
"id": "P333961.l054bc",
"ref": "P333961.16.2",
"inst": "+puršumu[old (man)//old man]N'N$paršume",
"sig": "@saao/saa10%akk-x-neoass:par-šu-me=puršumu[old (man)//old man]N'N$paršume",
"f": {"lang": "akk-x-neoass",
"form": "par-šu-me",
"cf": "puršumu",
"gw": "old (man)",
"sense": "old man",
"norm": "paršume",
"pos": "N",
"epos": "N"}
}
,
{
"node": "d",
"subtype": "bottom",
"type": "surface",
"ref": "P333961.b.e..17",
"type": "bottom",
"label": "b.e."}
,
{
"node": "d",
"type": "line-start",
"ref": "P333961.18",
"n": "16",
"label": "b.e. 16"}
,
{
"node": "l",
"frag": "ša₂",
"id": "P333961.l054bd",
"ref": "P333961.18.1",
"inst": "ša[of]DET",
"sig": "@saao/saa10%akk-x-neoass:ša₂=ša[of//of]DET'DET$ša",
"f": {"lang": "akk-x-neoass",
"form": "ša₂",
"cf": "ša",
"gw": "of",
"sense": "of",
"norm": "ša",
"pos": "DET",
"epos": "DET"}
}
,
{
"node": "l",
"frag": "E₂-šu₂",
"id": "P333961.l054be",
"ref": "P333961.18.2",
"inst": "bētīšu[house]N",
"sig": "@saao/saa10%akk-x-neoass:E₂-šu₂=bītu[house//house]N'N$bētīšu",
"f": {"lang": "akk-x-neoass",
"form": "E₂-šu₂",
"cf": "bītu",
"gw": "house",
"sense": "house",
"norm": "bētīšu",
"pos": "N",
"epos": "N"}
}
,
{
"node": "d",
"type": "line-start",
"ref": "P333961.19",
"n": "17",
"label": "b.e. 17"}
,
{
"node": "l",
"frag": "iš-pur-u-ni",
"id": "P333961.l054bf",
"ref": "P333961.19.1",
"inst": "išpurūni[send]V",
"sig": "@saao/saa10%akk-x-neoass:iš-pur-u-ni=šapāru[send//send]V'V$išpurūni",
"f": {"lang": "akk-x-neoass",
"form": "iš-pur-u-ni",
"cf": "šapāru",
"gw": "send",
"sense": "send",
"norm": "išpurūni",
"pos": "V",
"epos": "V"}
}
,
{
"node": "d",
"type": "line-start",
"ref": "P333961.20",
"n": "18",
"label": "b.e. 18"}
,
{
"node": "l",
"frag": "u₃",
"id": "P333961.l054c0",
"ref": "P333961.20.1",
"inst": "u[and]CNJ",
"sig": "@saao/saa10%akk-x-neoass:u₃=u[and//and]CNJ'CNJ$u",
"f": {"lang": "akk-x-neoass",
"form": "u₃",
"cf": "u",
"gw": "and",
"sense": "and",
"norm": "u",
"pos": "CNJ",
"epos": "CNJ"}
}
,
{
"node": "l",
"frag": "ik-ru-bu-u-ni",
"id": "P333961.l054c1",
"ref": "P333961.20.2",
"inst": "+karābu[pray//bless]V'V$ikrubūni",
"sig": "@saao/saa10%akk-x-neoass:ik-ru-bu-u-ni=karābu[pray//bless]V'V$ikrubūni",
"f": {"lang": "akk-x-neoass",
"form": "ik-ru-bu-u-ni",
"cf": "karābu",
"gw": "pray",
"sense": "bless",
"norm": "ikrubūni",
"pos": "V",
"epos": "V"}
}
,
{
"node": "d",
"subtype": "reverse",
"type": "surface",
"ref": "P333961.r.21",
"type": "reverse",
"label": "r"}
,
{
"node": "d",
"type": "line-start",
"ref": "P333961.22",
"n": "1",
"label": "r 1"}
,
{
"node": "l",
"frag": "ša",
"id": "P333961.l054c2",
"ref": "P333961.22.1",
"inst": "ša[that]REL",
"sig": "@saao/saa10%akk-x-neoass:ša=ša[that//when]REL'REL$ša",
"f": {"lang": "akk-x-neoass",
"form": "ša",
"cf": "ša",
"gw": "that",
"sense": "when",
"norm": "ša",
"pos": "REL",
"epos": "REL"}
}
,
{
"node": "l",
"frag": "KUR.KUR",
"id": "P333961.l054c3",
"ref": "P333961.22.2",
"inst": "mātāti[land]N",
"sig": "@saao/saa10%akk-x-neoass:KUR.KUR=mātu[land//land]N'N$mātāti",
"f": {"lang": "akk-x-neoass",
"form": "KUR.KUR",
"cf": "mātu",
"gw": "land",
"sense": "land",
"norm": "mātāti",
"pos": "N",
"epos": "N"}
}
,
{
"node": "l",
"frag": "dan-na-ti",
"id": "P333961.l054c4",
"ref": "P333961.22.3",
"inst": "+dannu[strong//powerful]AJ'AJ$dannāti",
"sig": "@saao/saa10%akk-x-neoass:dan-na-ti=dannu[strong//powerful]AJ'AJ$dannāti",
"f": {"lang": "akk-x-neoass",
"form": "dan-na-ti",
"cf": "dannu",
"gw": "strong",
"sense": "powerful",
"norm": "dannāti",
"pos": "AJ",
"epos": "AJ"}
}
,
{
"node": "d",
"type": "line-start",
"ref": "P333961.23",
"n": "2",
"label": "r 2"}
,
{
"node": "l",
"frag": "a-na",
"id": "P333961.l054c5",
"ref": "P333961.23.1",
"inst": "ana[to]PRP",
"sig": "@saao/saa10%akk-x-neoass:a-na=ana[to//to]PRP'PRP$ana",
"f": {"lang": "akk-x-neoass",
"form": "a-na",
"cf": "ana",
"gw": "to",
"sense": "to",
"norm": "ana",
"pos": "PRP",
"epos": "PRP"}
}
,
{
"node": "l",
"frag": "LUGAL",
"id": "P333961.l054c6",
"ref": "P333961.23.2",
"inst": "šarri[king]N",
"sig": "@saao/saa10%akk-x-neoass:LUGAL=šarru[king//king]N'N$šarri",
"f": {"lang": "akk-x-neoass",
"form": "LUGAL",
"cf": "šarru",
"gw": "king",
"sense": "king",
"norm": "šarri",
"pos": "N",
"epos": "N"}
}
,
{
"node": "l",
"frag": "be-li₂-ia₂",
"id": "P333961.l054c7",
"ref": "P333961.23.3",
"inst": "bēlīya[lord]N",
"sig": "@saao/saa10%akk-x-neoass:be-li₂-ia₂=bēlu[lord//lord]N'N$bēlīya",
"f": {"lang": "akk-x-neoass",
"form": "be-li₂-ia₂",
"cf": "bēlu",
"gw": "lord",
"sense": "lord",
"norm": "bēlīya",
"pos": "N",
"epos": "N"}
}
,
{
"node": "l",
"frag": "ana",
"id": "P333961.l054c8",
"ref": "P333961.23.4",
"inst": "ana[for]PRP",
"sig": "@saao/saa10%akk-x-neoass:ana=ana[to//for]PRP'PRP$ana",
"f": {"lang": "akk-x-neoass",
"form": "ana",
"cf": "ana",
"gw": "to",
"sense": "for",
"norm": "ana",
"pos": "PRP",
"epos": "PRP"}
}
,
{
"node": "l",
"frag": "qar-ru-bi",
"id": "P333961.l054c9",
"ref": "P333961.23.5",
"inst": "+qerēbu[approach//bringing]V'N$qarrubi",
"sig": "@saao/saa10%akk-x-neoass:qar-ru-bi=qerēbu[approach//bringing]V'N$qarrubi",
"f": {"lang": "akk-x-neoass",
"form": "qar-ru-bi",
"cf": "qerēbu",
"gw": "approach",
"sense": "bringing",
"norm": "qarrubi",
"pos": "V",
"epos": "N"}
}
,
{
"node": "d",
"type": "line-start",
"ref": "P333961.24",
"n": "3",
"label": "r 3"}
,
{
"node": "l",
"frag": "u₃",
"id": "P333961.l054ca",
"ref": "P333961.24.1",
"inst": "u[and]CNJ",
"sig": "@saao/saa10%akk-x-neoass:u₃=u[and//and]CNJ'CNJ$u",
"f": {"lang": "akk-x-neoass",
"form": "u₃",
"cf": "u",
"gw": "and",
"sense": "and",
"norm": "u",
"pos": "CNJ",
"epos": "CNJ"}
}
,
{
"node": "l",
"frag": "DINGIR-MEŠ",
"id": "P333961.l054cb",
"ref": "P333961.24.2",
"inst": "ilāni[god]N",
"sig": "@saao/saa10%akk-x-neoass:DINGIR-MEŠ=ilu[god//god]N'N$ilāni",
"f": {"lang": "akk-x-neoass",
"form": "DINGIR-MEŠ",
"cf": "ilu",
"gw": "god",
"sense": "god",
"norm": "ilāni",
"pos": "N",
"epos": "N"}
}
,
{
"node": "l",
"frag": "GAL-MEŠ",
"id": "P333961.l054cc",
"ref": "P333961.24.3",
"inst": "rabiūti[great]AJ",
"sig": "@saao/saa10%akk-x-neoass:GAL-MEŠ=rabû[big//great]AJ'AJ$rabiūti",
"f": {"lang": "akk-x-neoass",
"form": "GAL-MEŠ",
"cf": "rabû",
"gw": "big",
"sense": "great",
"norm": "rabiūti",
"pos": "AJ",
"epos": "AJ"}
}
,
{
"node": "l",
"frag": "ša₂",
"id": "P333961.l054cd",
"ref": "P333961.24.4",
"inst": "ša[of]DET",
"sig": "@saao/saa10%akk-x-neoass:ša₂=ša[of//of]DET'DET$ša",
"f": {"lang": "akk-x-neoass",
"form": "ša₂",
"cf": "ša",
"gw": "of",
"sense": "of",
"norm": "ša",
"pos": "DET",
"epos": "DET"}
}
,
{
"node": "l",
"frag": "AN-e",
"id": "P333961.l054ce",
"ref": "P333961.24.5",
"inst": "šamê[heaven]N",
"sig": "@saao/saa10%akk-x-neoass:AN-e=šamû[sky//heaven]N'N$šamê",
"f": {"lang": "akk-x-neoass",
"form": "AN-e",
"cf": "šamû",
"gw": "sky",
"sense": "heaven",
"norm": "šamê",
"pos": "N",
"epos": "N"}
}
,
{
"node": "d",
"type": "line-start",
"ref": "P333961.25",
"n": "4",
"label": "r 4"}
,
{
"node": "l",
"frag": "KI.TIM",
"id": "P333961.l054cf",
"ref": "P333961.25.1",
"inst": "kaqqiri[earth]N",
"sig": "@saao/saa10%akk-x-neoass:KI.TIM=qaqqaru[ground//earth]N'N$kaqqiri",
"f": {"lang": "akk-x-neoass",
"form": "KI.TIM",
"cf": "qaqqaru",
"gw": "ground",
"sense": "earth",
"norm": "kaqqiri",
"pos": "N",
"epos": "N"}
}
,
{
"node": "l",
"frag": "DINGIR-MEŠ",
"id": "P333961.l054d0",
"ref": "P333961.25.2",
"inst": "ilāni[god]N",
"sig": "@saao/saa10%akk-x-neoass:DINGIR-MEŠ=ilu[god//god]N'N$ilāni",
"f": {"lang": "akk-x-neoass",
"form": "DINGIR-MEŠ",
"cf": "ilu",
"gw": "god",
"sense": "god",
"norm": "ilāni",
"pos": "N",
"epos": "N"}
}
,
{
"node": "l",
"frag": "KUR-{d}aš-šur{ki}",
"id": "P333961.l054d1",
"ref": "P333961.25.3",
"inst": "+Mat-Aššur[Assyria]GN$",
"sig": "@saao/saa10%akk-x-neoass:KUR-{d}aš-šur{KI}=Mat-Aššur[Assyria//Assyria]GN'GN$Mat-Aššur",
"f": {"lang": "akk-x-neoass",
"form": "KUR-{d}aš-šur{KI}",
"cf": "Mat-Aššur",
"gw": "Assyria",
"sense": "Assyria",
"norm": "Mat-Aššur",
"pos": "GN",
"epos": "GN"}
}
,
{
"node": "d",
"type": "line-start",
"ref": "P333961.26",
"n": "5",
"label": "r 5"}
,
{
"node": "l",
"frag": "DINGIR-MEŠ",
"id": "P333961.l054d2",
"ref": "P333961.26.1",
"inst": "ilāni[god]N",
"sig": "@saao/saa10%akk-x-neoass:DINGIR-MEŠ=ilu[god//god]N'N$ilāni",
"f": {"lang": "akk-x-neoass",
"form": "DINGIR-MEŠ",
"cf": "ilu",
"gw": "god",
"sense": "god",
"norm": "ilāni",
"pos": "N",
"epos": "N"}
}
,
{
"node": "l",
"frag": "KUR-URI{ki}",
"id": "P333961.l054d3",
"ref": "P333961.26.2",
"inst": "Mat-Akkadi[Babylonia]GN",
"sig": "@saao/saa10%akk-x-neoass:KUR-URI{KI}=Mat-Akkadi[Babylonia//Babylonia]GN'GN$Mat-Akkadi",
"f": {"lang": "akk-x-neoass",
"form": "KUR-URI{KI}",
"cf": "Mat-Akkadi",
"gw": "Babylonia",
"sense": "Babylonia",
"norm": "Mat-Akkadi",
"pos": "GN",
"epos": "GN"}
}
,
{
"node": "l",
"frag": "u",
"id": "P333961.l054d4",
"ref": "P333961.26.3",
"inst": "u[and]CNJ",
"sig": "@saao/saa10%akk-x-neoass:u=u[and//and]CNJ'CNJ$u",
"f": {"lang": "akk-x-neoass",
"form": "u",
"cf": "u",
"gw": "and",
"sense": "and",
"norm": "u",
"pos": "CNJ",
"epos": "CNJ"}
}
,
{
"node": "l",
"frag": "KUR.KUR",
"id": "P333961.l054d5",
"ref": "P333961.26.4",
"inst": "mātāti[land]N",
"sig": "@saao/saa10%akk-x-neoass:KUR.KUR=mātu[land//land]N'N$mātāti",
"f": {"lang": "akk-x-neoass",
"form": "KUR.KUR",
"cf": "mātu",
"gw": "land",
"sense": "land",
"norm": "mātāti",
"pos": "N",
"epos": "N"}
}
,
{
"node": "l",
"frag": "DU₃-šu₂-nu",
"id": "P333961.l054d6",
"ref": "P333961.26.5",
"inst": "+kalû[totality//all]N'N$kališunu",
"sig": "@saao/saa10%akk-x-neoass:DU₃-šu₂-nu=kalû[totality//all]N'N$kališunu",
"f": {"lang": "akk-x-neoass",
"form": "DU₃-šu₂-nu",
"cf": "kalû",
"gw": "totality",
"sense": "all",
"norm": "kališunu",
"pos": "N",
"epos": "N"}
}
,
{
"node": "d",
"type": "line-start",
"ref": "P333961.27",
"n": "6",
"label": "r 6"}
,
{
"node": "l",
"frag": "a-na",
"id": "P333961.l054d7",
"ref": "P333961.27.1",
"inst": "ana[for]PRP",
"sig": "@saao/saa10%akk-x-neoass:a-na=ana[to//for]PRP'PRP$ana",
"f": {"lang": "akk-x-neoass",
"form": "a-na",
"cf": "ana",
"gw": "to",
"sense": "for",
"norm": "ana",
"pos": "PRP",
"epos": "PRP"}
}
,
{
"node": "l",
"frag": "TI",
"id": "P333961.l054d8",
"ref": "P333961.27.2",
"inst": "+balāṭu[live//life]V'N$balāṭ",
"sig": "@saao/saa10%akk-x-neoass:TI=balāṭu[live//life]V'N$balāṭ",
"f": {"lang": "akk-x-neoass",
"form": "TI",
"cf": "balāṭu",
"gw": "live",
"sense": "life",
"norm": "balāṭ",
"pos": "V",
"epos": "N"}
}
,
{
"node": "l",
"frag": "ZI-MEŠ",
"id": "P333961.l054d9",
"ref": "P333961.27.3",
"inst": "nupšāti[life]N",
"sig": "@saao/saa10%akk-x-neoass:ZI-MEŠ=napištu[throat//life]N'N$nupšāti",
"f": {"lang": "akk-x-neoass",
"form": "ZI-MEŠ",
"cf": "napištu",
"gw": "throat",
"sense": "life",
"norm": "nupšāti",
"pos": "N",
"epos": "N"}
}
,
{
"node": "l",
"frag": "ša₂",
"id": "P333961.l054da",
"ref": "P333961.27.4",
"inst": "ša[of]DET",
"sig": "@saao/saa10%akk-x-neoass:ša₂=ša[of//of]DET'DET$ša",
"f": {"lang": "akk-x-neoass",
"form": "ša₂",
"cf": "ša",
"gw": "of",
"sense": "of",
"norm": "ša",
"pos": "DET",
"epos": "DET"}
}
,
{
"node": "l",
"frag": "LUGAL",
"id": "P333961.l054db",
"ref": "P333961.27.5",
"inst": "šarri[king]N",
"sig": "@saao/saa10%akk-x-neoass:LUGAL=šarru[king//king]N'N$šarri",
"f": {"lang": "akk-x-neoass",
"form": "LUGAL",
"cf": "šarru",
"gw": "king",
"sense": "king",
"norm": "šarri",
"pos": "N",
"epos": "N"}
}
,
{
"node": "l",
"frag": "be-li₂-ia₂",
"id": "P333961.l054dc",
"ref": "P333961.27.6",
"inst": "bēlīya[lord]N",
"sig": "@saao/saa10%akk-x-neoass:be-li₂-ia₂=bēlu[lord//lord]N'N$bēlīya",
"f": {"lang": "akk-x-neoass",
"form": "be-li₂-ia₂",
"cf": "bēlu",
"gw": "lord",
"sense": "lord",
"norm": "bēlīya",
"pos": "N",
"epos": "N"}
}
,
{
"node": "d",
"type": "line-start",
"ref": "P333961.28",
"n": "7",
"label": "r 7"}
,
{
"node": "l",
"frag": "u₃",
"id": "P333961.l054dd",
"ref": "P333961.28.1",
"inst": "u[and]CNJ",
"sig": "@saao/saa10%akk-x-neoass:u₃=u[and//and]CNJ'CNJ$u",
"f": {"lang": "akk-x-neoass",
"form": "u₃",
"cf": "u",
"gw": "and",
"sense": "and",
"norm": "u",
"pos": "CNJ",
"epos": "CNJ"}
}
,
{
"node": "l",
"frag": "DUMU-MEŠ-LUGAL",
"id": "P333961.l054de",
"ref": "P333961.28.2",
"cof-tails": "P333961.l054df",
"inst": "+māru[son+=prince]N$marʾē&+šarru[king]N$šarri",
"sig": "@saao/saa10%akk-x-neoass:DUMU-MEŠ-LUGAL=māru[son//son]N'N$marʾē&&@saao/saa10%akk-x-neoass:=šarru[king//king]N'N$šarri",
"f": {"lang": "akk-x-neoass",
"form": "DUMU-MEŠ-LUGAL",
"cf": "māru",
"gw": "son",
"sense": "son",
"norm": "marʾē",
"pos": "N",
"epos": "N"}
}
,
{
"node": "l",
"frag": "DUMU-MEŠ-LUGAL",
"id": "P333961.l054df",
"ref": "P333961.28.2",
"cof-head": "P333961.l054de",
"inst": "+māru[son+=prince]N$marʾē&+šarru[king]N$šarri",
"f": {"lang": "akk-x-neoass",
"form": "DUMU-MEŠ-LUGAL",
"cf": "šarru",
"gw": "king",
"sense": "king",
"norm": "šarri",
"pos": "N",
"epos": "N"}
}
,
{
"node": "l",
"frag": "mu-šu₂",
"id": "P333961.l054e0",
"ref": "P333961.28.3",
"inst": "mūšu[night]N",
"sig": "@saao/saa10%akk-x-neoass:mu-šu₂=mūšu[night//night]N'N$mūšu",
"f": {"lang": "akk-x-neoass",
"form": "mu-šu₂",
"cf": "mūšu",
"gw": "night",
"sense": "night",
"norm": "mūšu",
"pos": "N",
"epos": "N"}
}
,
{
"node": "d",
"type": "line-start",
"ref": "P333961.29",
"n": "8",
"label": "r 8"}
,
{
"node": "l",
"frag": "kal",
"id": "P333961.l054e1",
"ref": "P333961.29.1",
"inst": "kal[whole]'AJ",
"sig": "@saao/saa10%akk-x-neoass:kal=kalû[totality//whole]N'AJ$kal",
"f": {"lang": "akk-x-neoass",
"form": "kal",
"cf": "kalû",
"gw": "totality",
"sense": "whole",
"norm": "kal",
"pos": "N",
"epos": "AJ"}
}
,
{
"node": "l",
"frag": "UD-me",
"id": "P333961.l054e2",
"ref": "P333961.29.2",
"inst": "ūme[day]N",
"sig": "@saao/saa10%akk-x-neoass:UD-me=ūmu[day//day]N'N$ūme",
"f": {"lang": "akk-x-neoass",
"form": "UD-me",
"cf": "ūmu",
"gw": "day",
"sense": "day",
"norm": "ūme",
"pos": "N",
"epos": "N"}
}
,
{
"node": "l",
"frag": "ši-a-ri",
"id": "P333961.l054e3",
"ref": "P333961.29.3",
"inst": "šiāri[morning]N",
"sig": "@saao/saa10%akk-x-neoass:ši-a-ri=šiāru[morning//morning]N'N$šiāri",
"f": {"lang": "akk-x-neoass",
"form": "ši-a-ri",
"cf": "šiāru",
"gw": "morning",
"sense": "morning",
"norm": "šiāri",
"pos": "N",
"epos": "N"}
}
,
{
"node": "l",
"frag": "nu-bat-te",
"id": "P333961.l054e4",
"ref": "P333961.29.4",
"inst": "+nubattu[everning (rest)//evening]N'N$nubatte",
"sig": "@saao/saa10%akk-x-neoass:nu-bat-te=nubattu[everning (rest)//evening]N'N$nubatte",
"f": {"lang": "akk-x-neoass",
"form": "nu-bat-te",
"cf": "nubattu",
"gw": "evening (rest)",
"sense": "evening",
"norm": "nubatte",
"pos": "N",
"epos": "N"}
}
,
{
"node": "d",
"type": "line-start",
"ref": "P333961.30",
"n": "9",
"label": "r 9"}
,
{
"node": "l",
"frag": "a-na",
"id": "P333961.l054e5",
"ref": "P333961.30.1",
"inst": "ana[to]PRP",
"sig": "@saao/saa10%akk-x-neoass:a-na=ana[to//to]PRP'PRP$ana",
"f": {"lang": "akk-x-neoass",
"form": "a-na",
"cf": "ana",
"gw": "to",
"sense": "to",
"norm": "ana",
"pos": "PRP",
"epos": "PRP"}
}
,
{
"node": "l",
"frag": "sa-ru-ri",
"id": "P333961.l054e6",
"ref": "P333961.30.2",
"inst": "+sarruru[pray to//praying]V'N$sarruri",
"sig": "@saao/saa10%akk-x-neoass:sa-ru-ri=sarruru[pray to//praying]V'N$sarruri",
"f": {"lang": "akk-x-neoass",
"form": "sa-ru-ri",
"cf": "sarruru",
"gw": "pray to",
"sense": "praying",
"norm": "sarruri",
"pos": "V",
"epos": "N"}
}
,
{
"node": "l",
"frag": "ša₂",
"id": "P333961.l054e7",
"ref": "P333961.30.3",
"inst": "ša[of]DET",
"sig": "@saao/saa10%akk-x-neoass:ša₂=ša[of//of]DET'DET$ša",
"f": {"lang": "akk-x-neoass",
"form": "ša₂",
"cf": "ša",
"gw": "of",
"sense": "of",
"norm": "ša",
"pos": "DET",
"epos": "DET"}
}
,
{
"node": "l",
"frag": "01-lim",
"id": "P333961.l054e8",
"ref": "P333961.30.4",
"inst": "n",
"f": {"lang": "akk-x-neoass",
"form": "01-lim",
"pos": "n"}
}
,
{
"node": "l",
"frag": "01-lim",
"id": "P333961.l054e9",
"ref": "P333961.30.5",
"inst": "n",
"f": {"lang": "akk-x-neoass",
"form": "01-lim",
"pos": "n"}
}
,
{
"node": "d",
"type": "line-start",
"ref": "P333961.31",
"n": "10",
"label": "r 10"}
,
{
"node": "l",
"frag": "MU.AN.NA-MEŠ",
"id": "P333961.l054ea",
"ref": "P333961.31.1",
"inst": "šanāti[year]N",
"sig": "@saao/saa10%akk-x-neoass:MU.AN.NA-MEŠ=šattu[year//year]N'N$šanāti",
"f": {"lang": "akk-x-neoass",
"form": "MU.AN.NA-MEŠ",
"cf": "šattu",
"gw": "year",
"sense": "year",
"norm": "šanāti",
"pos": "N",
"epos": "N"}
}
,
{
"node": "l",
"frag": "ša₂",
"id": "P333961.l054eb",
"ref": "P333961.31.2",
"inst": "ša[of]DET",
"sig": "@saao/saa10%akk-x-neoass:ša₂=ša[of//of]DET'DET$ša",
"f": {"lang": "akk-x-neoass",
"form": "ša₂",
"cf": "ša",
"gw": "of",
"sense": "of",
"norm": "ša",
"pos": "DET",
"epos": "DET"}
}
,
{
"node": "l",
"frag": "ṭu-ub",
"id": "P333961.l054ec",
"ref": "P333961.31.3",
"inst": "ṭūb[goodness]N",
"sig": "@saao/saa10%akk-x-neoass:ṭu-ub=ṭūbu[goodness//goodness]N'N$ṭūb",
"f": {"lang": "akk-x-neoass",
"form": "ṭu-ub",
"cf": "ṭūbu",
"gw": "goodness",
"sense": "goodness",
"norm": "ṭūb",
"pos": "N",
"epos": "N"}
}
,
{
"node": "l",
"frag": "ŠA₃-bi",
"id": "P333961.l054ed",
"ref": "P333961.31.4",
"inst": "libbi[heart]N",
"sig": "@saao/saa10%akk-x-neoass:ŠA₃-bi=libbu[interior//heart]N'N$libbi",
"f": {"lang": "akk-x-neoass",
"form": "ŠA₃-bi",
"cf": "libbu",
"gw": "interior",
"sense": "heart",
"norm": "libbi",
"pos": "N",
"epos": "N"}
}
,
{
"node": "d",
"type": "line-start",
"ref": "P333961.32",
"n": "11",
"label": "r 11"}
,
{
"node": "l",
"frag": "ṭu-ub",
"id": "P333961.l054ee",
"ref": "P333961.32.1",
"inst": "ṭūb[goodness]N",
"sig": "@saao/saa10%akk-x-neoass:ṭu-ub=ṭūbu[goodness//goodness]N'N$ṭūb",
"f": {"lang": "akk-x-neoass",
"form": "ṭu-ub",
"cf": "ṭūbu",
"gw": "goodness",
"sense": "goodness",
"norm": "ṭūb",
"pos": "N",
"epos": "N"}
}
,
{
"node": "l",
"frag": "UZU",
"id": "P333961.l054ef",
"ref": "P333961.32.2",
"inst": "šīri[flesh]N",
"sig": "@saao/saa10%akk-x-neoass:UZU=šīru[flesh//flesh]N'N$šīri",
"f": {"lang": "akk-x-neoass",
"form": "UZU",
"cf": "šīru",
"gw": "flesh",
"sense": "flesh",
"norm": "šīri",
"pos": "N",
"epos": "N"}
}
,
{
"node": "l",
"frag": "ana",
"id": "P333961.l054f0",
"ref": "P333961.32.3",
"inst": "ana[to]PRP",
"sig": "@saao/saa10%akk-x-neoass:ana=ana[to//to]PRP'PRP$ana",
"f": {"lang": "akk-x-neoass",
"form": "ana",
"cf": "ana",
"gw": "to",
"sense": "to",
"norm": "ana",
"pos": "PRP",
"epos": "PRP"}
}
,
{
"node": "l",
"frag": "LUGAL",
"id": "P333961.l054f1",
"ref": "P333961.32.4",
"inst": "šarri[king]N",
"sig": "@saao/saa10%akk-x-neoass:LUGAL=šarru[king//king]N'N$šarri",
"f": {"lang": "akk-x-neoass",
"form": "LUGAL",
"cf": "šarru",
"gw": "king",
"sense": "king",
"norm": "šarri",
"pos": "N",
"epos": "N"}
}
,
{
"node": "l",
"frag": "be-li₂-ia₂",
"id": "P333961.l054f2",
"ref": "P333961.32.5",
"inst": "bēlīya[lord]N",
"sig": "@saao/saa10%akk-x-neoass:be-li₂-ia₂=bēlu[lord//lord]N'N$bēlīya",
"f": {"lang": "akk-x-neoass",
"form": "be-li₂-ia₂",
"cf": "bēlu",
"gw": "lord",
"sense": "lord",
"norm": "bēlīya",
"pos": "N",
"epos": "N"}
}
,
{
"node": "d",
"type": "line-start",
"ref": "P333961.33",
"n": "12",
"label": "r 12"}
,
{
"node": "l",
"frag": "a-na",
"id": "P333961.l054f3",
"ref": "P333961.33.1",
"inst": "ana[for]PRP",
"sig": "@saao/saa10%akk-x-neoass:a-na=ana[to//for]PRP'PRP$ana",
"f": {"lang": "akk-x-neoass",
"form": "a-na",
"cf": "ana",
"gw": "to",
"sense": "for",
"norm": "ana",
"pos": "PRP",
"epos": "PRP"}
}
,
{
"node": "l",
"frag": "ta-da-ni",
"id": "P333961.l054f4",
"ref": "P333961.33.2",
"inst": "tadāni[giving]'N",
"sig": "@saao/saa10%akk-x-neoass:ta-da-ni=tadānu[give//giving]V'N$tadāni",
"f": {"lang": "akk-x-neoass",
"form": "ta-da-ni",
"cf": "tadānu",
"gw": "give",
"sense": "giving",
"norm": "tadāni",
"pos": "V",
"epos": "N"}
}
,
{
"node": "l",
"frag": "u₂-ma-a",
"id": "P333961.l054f5",
"ref": "P333961.33.3",
"inst": "ūmâ[now]AV",
"sig": "@saao/saa10%akk-x-neoass:u₂-ma-a=ūma[today//now]AV'AV$ūmâ",
"f": {"lang": "akk-x-neoass",
"form": "u₂-ma-a",
"cf": "ūma",
"gw": "today",
"sense": "now",
"norm": "ūmâ",
"pos": "AV",
"epos": "AV"}
}
,
{
"node": "d",
"type": "line-start",
"ref": "P333961.34",
"n": "13",
"label": "r 13"}
,
{
"node": "l",
"frag": "u₂-da",
"id": "P333961.l054f6",
"ref": "P333961.34.1",
"inst": "ūda[know]V",
"sig": "@saao/saa10%akk-x-neoass:u₂-da=wadû[know//know]V'V$ūda",
"f": {"lang": "akk-x-neoass",
"form": "u₂-da",
"cf": "wadû",
"gw": "know",
"sense": "know",
"norm": "ūda",
"pos": "V",
"epos": "V"}
}
,
{
"node": "l",
"frag": "ki-i",
"id": "P333961.l054f7",
"ref": "P333961.34.2",
"inst": "kî[that]'SBJ",
"sig": "@saao/saa10%akk-x-neoass:ki-i=kī[like//that]PRP'SBJ$kî",
"f": {"lang": "akk-x-neoass",
"form": "ki-i",
"cf": "kī",
"gw": "like",
"sense": "that",
"norm": "kî",
"pos": "PRP",
"epos": "SBJ"}
}
,
{
"node": "l",
"frag": "ne₂-me-qe",
"id": "P333961.l054f8",
"ref": "P333961.34.3",
"inst": "+nēmequ[wisdom]N$nēmeqe",
"sig": "@saao/saa10%akk-x-neoass:ne₂-me-qe=nēmequ[wisdom//wisdom]N'N$nēmeqe",
"f": {"lang": "akk-x-neoass",
"form": "ne₂-me-qe",
"cf": "nēmequ",
"gw": "wisdom",
"sense": "wisdom",
"norm": "nēmeqe",
"pos": "N",
"epos": "N"}
}
,
{
"node": "d",
"type": "line-start",
"ref": "P333961.35",
"n": "14",
"label": "r 14"}
,
{
"node": "l",
"frag": "ša",
"id": "P333961.l054f9",
"ref": "P333961.35.1",
"inst": "ša[of]DET",
"sig": "@saao/saa10%akk-x-neoass:ša=ša[of//of]DET'DET$ša",
"f": {"lang": "akk-x-neoass",
"form": "ša",
"cf": "ša",
"gw": "of",
"sense": "of",
"norm": "ša",
"pos": "DET",
"epos": "DET"}
}
,
{
"node": "l",
"frag": "{d}E₂.A",
"id": "P333961.l054fa",
"ref": "P333961.35.2",
"inst": "Ea[1]DN",
"sig": "@saao/saa10%akk-x-neoass:{d}E₂.A=Ea[1//1]DN'DN$Ea",
"f": {"lang": "akk-x-neoass",
"form": "{d}E₂.A",
"cf": "Ea",
"gw": "1",
"sense": "1",
"norm": "Ea",
"pos": "DN",
"epos": "DN"}
}
,
{
"node": "l",
"frag": "u",
"id": "P333961.l054fb",
"ref": "P333961.35.3",
"inst": "u[and]CNJ",
"sig": "@saao/saa10%akk-x-neoass:u=u[and//and]CNJ'CNJ$u",
"f": {"lang": "akk-x-neoass",
"form": "u",
"cf": "u",
"gw": "and",
"sense": "and",
"norm": "u",
"pos": "CNJ",
"epos": "CNJ"}
}
,
{
"node": "l",
"frag": "{d}ASAR.LU₂.HI",
"id": "P333961.l054fc",
"ref": "P333961.35.4",
"inst": "Asalluhi[1]DN",
"sig": "@saao/saa10%akk-x-neoass:{d}ASAR.LU₂.HI=Asalluhi[1//1]DN'DN$Asalluhi",
"f": {"lang": "akk-x-neoass",
"form": "{d}ASAR.LU₂.HI",
"cf": "Asalluhi",
"gw": "1",
"sense": "1",
"norm": "Asalluhi",
"pos": "DN",
"epos": "DN"}
}
,
{
"node": "d",
"type": "line-start",
"ref": "P333961.36",
"n": "15",
"label": "r 15"}
,
{
"node": "l",
"frag": "u",
"id": "P333961.l054fd",
"ref": "P333961.36.1",
"inst": "u[and]CNJ",
"sig": "@saao/saa10%akk-x-neoass:u=u[and//and]CNJ'CNJ$u",
"f": {"lang": "akk-x-neoass",
"form": "u",
"cf": "u",
"gw": "and",
"sense": "and",
"norm": "u",
"pos": "CNJ",
"epos": "CNJ"}
}
,
{
"node": "l",
"frag": "ši-pir",
"id": "P333961.l054fe",
"ref": "P333961.36.2",
"inst": "šipir[work]N",
"sig": "@saao/saa10%akk-x-neoass:ši-pir=šipru[sending//work]N'N$šipir",
"f": {"lang": "akk-x-neoass",
"form": "ši-pir",
"cf": "šipru",
"gw": "sending",
"sense": "work",
"norm": "šipir",
"pos": "N",
"epos": "N"}
}
,
{
"node": "l",
"frag": "ŠU.2",
"id": "P333961.l054ff",
"ref": "P333961.36.3",
"inst": "qāti[hand]N",
"sig": "@saao/saa10%akk-x-neoass:ŠU.2=qātu[hand//hand]N'N$qāti",
"f": {"lang": "akk-x-neoass",
"form": "ŠU.2",
"cf": "qātu",
"gw": "hand",
"sense": "hand",
"norm": "qāti",
"pos": "N",
"epos": "N"}
}
,
{
"node": "l",
"frag": "ša₂",
"id": "P333961.l05500",
"ref": "P333961.36.4",
"inst": "ša[of]DET",
"sig": "@saao/saa10%akk-x-neoass:ša₂=ša[of//of]DET'DET$ša",
"f": {"lang": "akk-x-neoass",
"form": "ša₂",
"cf": "ša",
"gw": "of",
"sense": "of",
"norm": "ša",
"pos": "DET",
"epos": "DET"}
}
,
{
"node": "l",
"frag": "ARAD-šu₂",
"id": "P333961.l05501",
"ref": "P333961.36.5",
"inst": "urdīšu[servant]N",
"sig": "@saao/saa10%akk-x-neoass:ARAD-šu₂=ardu[slave//servant]N'N$urdīšu",
"f": {"lang": "akk-x-neoass",
"form": "ARAD-šu₂",
"cf": "ardu",
"gw": "slave",
"sense": "servant",
"norm": "urdīšu",
"pos": "N",
"epos": "N"}
}
,
{
"node": "d",
"subtype": "right",
"type": "surface",
"ref": "P333961.r.e..37",
"type": "right",
"label": "r.e."}
,
{
"node": "d",
"type": "line-start",
"ref": "P333961.38",
"n": "16",
"label": "r.e. 16"}
,
{
"node": "l",
"frag": "i-šal-li-mu-u-⸢ni⸣",
"id": "P333961.l05502",
"ref": "P333961.38.1",
"inst": "išallimūni[succeed]V",
"sig": "@saao/saa10%akk-x-neoass:i-šal-li-mu-u-ni=šalāmu[be(come) healthy//succeed]V'V$išallimūni",
"f": {"lang": "akk-x-neoass",
"form": "i-šal-li-mu-u-ni",
"cf": "šalāmu",
"gw": "be(come) healthy",
"sense": "succeed",
"norm": "išallimūni",
"pos": "V",
"epos": "V"}
}
,
{
"node": "d",
"type": "line-start",
"ref": "P333961.39",
"n": "17",
"label": "r.e. 17"}
,
{
"node": "l",
"frag": "ša₂",
"id": "P333961.l05503",
"ref": "P333961.39.1",
"inst": "ša[that]REL",
"sig": "@saao/saa10%akk-x-neoass:ša₂=ša[that//that]REL'REL$ša",
"f": {"lang": "akk-x-neoass",
"form": "ša₂",
"cf": "ša",
"gw": "that",
"sense": "that",
"norm": "ša",
"pos": "REL",
"epos": "REL"}
}
,
{
"node": "l",
"frag": "ik-ri-bi",
"id": "P333961.l05504",
"ref": "P333961.39.2",
"inst": "ikribī[blessing]N",
"sig": "@saao/saa10%akk-x-neoass:ik-ri-bi=ikribu[prayer//blessing]N'N$ikribī",
"f": {"lang": "akk-x-neoass",
"form": "ik-ri-bi",
"cf": "ikribu",
"gw": "prayer",
"sense": "blessing",
"norm": "ikribī",
"pos": "N",
"epos": "N"}
}
,
{
"node": "l",
"frag": "⸢an⸣-[nu-ti]",
"id": "P333961.l05505",
"ref": "P333961.39.3",
"inst": "annūti[this]DP",
"sig": "@saao/saa10%akk-x-neoass:an-nu-ti=annû[this//this]DP'DP$annūti",
"f": {"lang": "akk-x-neoass",
"form": "an-nu-ti",
"cf": "annû",
"gw": "this",
"sense": "this",
"norm": "annūti",
"pos": "DP",
"epos": "DP"}
}
,
{
"node": "d",
"type": "line-start",
"ref": "P333961.40",
"n": "18",
"label": "r.e. 18"}
,
{
"node": "l",
"frag": "LUGAL",
"id": "P333961.l05506",
"ref": "P333961.40.1",
"inst": "šarru[king]N",
"sig": "@saao/saa10%akk-x-neoass:LUGAL=šarru[king//king]N'N$šarru",
"f": {"lang": "akk-x-neoass",
"form": "LUGAL",
"cf": "šarru",
"gw": "king",
"sense": "king",
"norm": "šarru",
"pos": "N",
"epos": "N"}
}
,
{
"node": "l",
"frag": "be-li₂",
"id": "P333961.l05507",
"ref": "P333961.40.2",
"inst": "bēlī[lord]N",
"sig": "@saao/saa10%akk-x-neoass:be-li₂=bēlu[lord//lord]N'N$bēlī",
"f": {"lang": "akk-x-neoass",
"form": "be-li₂",
"cf": "bēlu",
"gw": "lord",
"sense": "lord",
"norm": "bēlī",
"pos": "N",
"epos": "N"}
}
,
{
"node": "l",
"frag": "ana",
"id": "P333961.l05508",
"ref": "P333961.40.3",
"inst": "ana[to]PRP",
"sig": "@saao/saa10%akk-x-neoass:ana=ana[to//to]PRP'PRP$ana",
"f": {"lang": "akk-x-neoass",
"form": "ana",
"cf": "ana",
"gw": "to",
"sense": "to",
"norm": "ana",
"pos": "PRP",
"epos": "PRP"}
}
,
{
"node": "l",
"frag": "ARAD-šu₂",
"id": "P333961.l05509",
"ref": "P333961.40.4",
"inst": "urdīšu[servant]N",
"sig": "@saao/saa10%akk-x-neoass:ARAD-šu₂=ardu[slave//servant]N'N$urdīšu",
"f": {"lang": "akk-x-neoass",
"form": "ARAD-šu₂",
"cf": "ardu",
"gw": "slave",
"sense": "servant",
"norm": "urdīšu",
"pos": "N",
"epos": "N"}
}
,
{
"node": "d",
"type": "line-start",
"ref": "P333961.41",
"n": "19",
"label": "r.e. 19"}
,
{
"node": "l",
"frag": "iš-pur-u-ni",
"id": "P333961.l0550a",
"ref": "P333961.41.1",
"inst": "išpurūni[send]V",
"sig": "@saao/saa10%akk-x-neoass:iš-pur-u-ni=šapāru[send//send]V'V$išpurūni",
"f": {"lang": "akk-x-neoass",
"form": "iš-pur-u-ni",
"cf": "šapāru",
"gw": "send",
"sense": "send",
"norm": "išpurūni",
"pos": "V",
"epos": "V"}
}
]}
]}
]}
]}
