{
"type": "cdl",
  "source": "http://oracc.org/saao/saa10",
  "license": "This data is released under the CC0 license",
  "license-url": "https://creativecommons.org/publicdomain/zero/1.0/",
  "more-info": "http://oracc.org/doc/opendata/",
  "UTC-timestamp": "2017-05-19T11:42:42",
"project": "saao/saa10",
"textid": "P334238",
"cdl": [
{
"node": "c",
"type": "text",
"id": "P334238.U0",
"cdl": [
{
"node": "d",
"type": "object",
"ref": ""}
,
{
"node": "d",
"subtype": "obverse",
"type": "surface",
"ref": "P334238.o.1",
"type": "obverse",
"label": "o"}
,
{
"node": "c",
"type": "discourse",
"subtype": "body",
"id": "P334238.U1",
"cdl": [
{
"node": "c",
"type": "sentence",
"id": "P334238.U2",
"label": "o 1 - r 12",
"cdl": [
{
"node": "d",
"type": "line-start",
"ref": "P334238.2",
"n": "1",
"label": "o 1"}
,
{
"node": "l",
"frag": "a-na",
"id": "P334238.l055a1",
"ref": "P334238.2.1",
"inst": "ana[to]PRP",
"sig": "@saao/saa10%akk-x-neoass:a-na=ana[to//to]PRP'PRP$ana",
"f": {"lang": "akk-x-neoass",
"form": "a-na",
"cf": "ana",
"gw": "to",
"sense": "to",
"norm": "ana",
"pos": "PRP",
"epos": "PRP"}
}
,
{
"node": "l",
"frag": "{[lu₂}ENGAR",
"id": "P334238.l055a2",
"ref": "P334238.2.2",
"inst": "ikkāri[farmer]N",
"sig": "@saao/saa10%akk-x-neoass:{LU₂}ENGAR=ikkaru[farmer//farmer]N'N$ikkāri",
"f": {"lang": "akk-x-neoass",
"form": "{LU₂}ENGAR",
"cf": "ikkaru",
"gw": "farmer",
"sense": "farmer",
"norm": "ikkāri",
"pos": "N",
"epos": "N"}
}
,
{
"node": "l",
"frag": "be-li₂-ni]",
"id": "P334238.l055a3",
"ref": "P334238.2.3",
"inst": "bēlīni[lord]N",
"sig": "@saao/saa10%akk-x-neoass:be-li₂-ni=bēlu[lord//lord]N'N$bēlīni",
"f": {"lang": "akk-x-neoass",
"form": "be-li₂-ni",
"cf": "bēlu",
"gw": "lord",
"sense": "lord",
"norm": "bēlīni",
"pos": "N",
"epos": "N"}
}
,
{
"node": "d",
"type": "line-start",
"ref": "P334238.3",
"n": "2",
"label": "o 2"}
,
{
"node": "l",
"frag": "ARAD-MEŠ-ka",
"id": "P334238.l055a4",
"ref": "P334238.3.1",
"inst": "urdānīka[servant]N",
"sig": "@saao/saa10%akk-x-neoass:ARAD-MEŠ-ka=ardu[slave//servant]N'N$urdānīka",
"f": {"lang": "akk-x-neoass",
"form": "ARAD-MEŠ-ka",
"cf": "ardu",
"gw": "slave",
"sense": "servant",
"norm": "urdānīka",
"pos": "N",
"epos": "N"}
}
,
{
"node": "l",
"frag": "{1}{d}IM-MU-PAB]",
"id": "P334238.l055a5",
"ref": "P334238.3.2",
"inst": "Adad-šumu-uṣur[1]PN",
"sig": "@saao/saa10%akk-x-neoass:{1}{d}IM-MU-PAB=Adad-šumu-uṣur[1//1]PN'PN$Adad-šumu-uṣur",
"f": {"lang": "akk-x-neoass",
"form": "{1}{d}IM-MU-PAB",
"cf": "Adad-šumu-uṣur",
"gw": "1",
"sense": "1",
"norm": "Adad-šumu-uṣur",
"pos": "PN",
"epos": "PN"}
}
,
{
"node": "d",
"type": "line-start",
"ref": "P334238.4",
"n": "3",
"label": "o 3"}
,
{
"node": "l",
"frag": "{1}{d}AMAR.UTU-GAR-MU",
"id": "P334238.l055a6",
"ref": "P334238.4.1",
"inst": "Marduk-šakin-šumi[1]PN",
"sig": "@saao/saa10%akk-x-neoass:{1}{d}AMAR.UTU-GAR-MU=Marduk-šakin-šumi[1//1]PN'PN$Marduk-šakin-šumi",
"f": {"lang": "akk-x-neoass",
"form": "{1}{d}AMAR.UTU-GAR-MU",
"cf": "Marduk-šakin-šumi",
"gw": "1",
"sense": "1",
"norm": "Marduk-šakin-šumi",
"pos": "PN",
"epos": "PN"}
}
,
{
"node": "d",
"type": "line-start",
"ref": "P334238.5",
"n": "4",
"label": "o 4"}
,
{
"node": "l",
"frag": "[lu-u]",
"id": "P334238.l055a7",
"ref": "P334238.5.1",
"inst": "lū[may]MOD",
"sig": "@saao/saa10%akk-x-neoass:lu-u=lū[may//may]MOD'MOD$lū",
"f": {"lang": "akk-x-neoass",
"form": "lu-u",
"cf": "lū",
"gw": "may",
"sense": "may",
"norm": "lū",
"pos": "MOD",
"epos": "MOD"}
}
,
{
"node": "l",
"frag": "DI-mu",
"id": "P334238.l055a8",
"ref": "P334238.5.2",
"inst": "šulmu[health]N",
"sig": "@saao/saa10%akk-x-neoass:DI-mu=šulmu[completeness//health]N'N$šulmu",
"f": {"lang": "akk-x-neoass",
"form": "DI-mu",
"cf": "šulmu",
"gw": "completeness",
"sense": "health",
"norm": "šulmu",
"pos": "N",
"epos": "N"}
}
,
{
"node": "l",
"frag": "a-na",
"id": "P334238.l055a9",
"ref": "P334238.5.3",
"inst": "ana[to]PRP",
"sig": "@saao/saa10%akk-x-neoass:a-na=ana[to//to]PRP'PRP$ana",
"f": {"lang": "akk-x-neoass",
"form": "a-na",
"cf": "ana",
"gw": "to",
"sense": "to",
"norm": "ana",
"pos": "PRP",
"epos": "PRP"}
}
,
{
"node": "l",
"frag": "be-li₂-ni",
"id": "P334238.l055aa",
"ref": "P334238.5.4",
"inst": "bēlīni[lord]N",
"sig": "@saao/saa10%akk-x-neoass:be-li₂-ni=bēlu[lord//lord]N'N$bēlīni",
"f": {"lang": "akk-x-neoass",
"form": "be-li₂-ni",
"cf": "bēlu",
"gw": "lord",
"sense": "lord",
"norm": "bēlīni",
"pos": "N",
"epos": "N"}
}
,
{
"node": "d",
"type": "line-start",
"ref": "P334238.6",
"n": "5",
"label": "o 5"}
,
{
"node": "l",
"frag": "{[d}PA",
"id": "P334238.l055ab",
"ref": "P334238.6.1",
"inst": "Nabu[1]DN",
"sig": "@saao/saa10%akk-x-neoass:{d}PA=Nabu[1//1]DN'DN$Nabu",
"f": {"lang": "akk-x-neoass",
"form": "{d}PA",
"cf": "Nabu",
"gw": "1",
"sense": "1",
"norm": "Nabu",
"pos": "DN",
"epos": "DN"}
}
,
{
"node": "l",
"frag": "u",
"id": "P334238.l055ac",
"ref": "P334238.6.2",
"inst": "u[and]CNJ",
"sig": "@saao/saa10%akk-x-neoass:u=u[and//and]CNJ'CNJ$u",
"f": {"lang": "akk-x-neoass",
"form": "u",
"cf": "u",
"gw": "and",
"sense": "and",
"norm": "u",
"pos": "CNJ",
"epos": "CNJ"}
}
,
{
"node": "l",
"frag": "{d]}AMAR.UTU",
"id": "P334238.l055ad",
"ref": "P334238.6.3",
"inst": "Marduk[1]DN",
"sig": "@saao/saa10%akk-x-neoass:{d}AMAR.UTU=Marduk[1//1]DN'DN$Marduk",
"f": {"lang": "akk-x-neoass",
"form": "{d}AMAR.UTU",
"cf": "Marduk",
"gw": "1",
"sense": "1",
"norm": "Marduk",
"pos": "DN",
"epos": "DN"}
}
,
{
"node": "l",
"frag": "a-na",
"id": "P334238.l055ae",
"ref": "P334238.6.4",
"inst": "ana[to]PRP",
"sig": "@saao/saa10%akk-x-neoass:a-na=ana[to//to]PRP'PRP$ana",
"f": {"lang": "akk-x-neoass",
"form": "a-na",
"cf": "ana",
"gw": "to",
"sense": "to",
"norm": "ana",
"pos": "PRP",
"epos": "PRP"}
}
,
{
"node": "l",
"frag": "be-li₂-ni",
"id": "P334238.l055af",
"ref": "P334238.6.5",
"inst": "bēlīni[lord]N",
"sig": "@saao/saa10%akk-x-neoass:be-li₂-ni=bēlu[lord//lord]N'N$bēlīni",
"f": {"lang": "akk-x-neoass",
"form": "be-li₂-ni",
"cf": "bēlu",
"gw": "lord",
"sense": "lord",
"norm": "bēlīni",
"pos": "N",
"epos": "N"}
}
,
{
"node": "d",
"type": "line-start",
"ref": "P334238.7",
"n": "6",
"label": "o 6"}
,
{
"node": "l",
"frag": "[lik-ru]-⸢bu⸣",
"id": "P334238.l055b0",
"ref": "P334238.7.1",
"inst": "likrubu[bless]V",
"sig": "@saao/saa10%akk-x-neoass:lik-ru-bu=karābu[pray//bless]V'V$likrubu",
"f": {"lang": "akk-x-neoass",
"form": "lik-ru-bu",
"cf": "karābu",
"gw": "pray",
"sense": "bless",
"norm": "likrubu",
"pos": "V",
"epos": "V"}
}
,
{
"node": "l",
"frag": "ina",
"id": "P334238.l055b1",
"ref": "P334238.7.2",
"inst": "ina[in]PRP",
"sig": "@saao/saa10%akk-x-neoass:ina=ina[in//from]PRP'PRP$ina",
"f": {"lang": "akk-x-neoass",
"form": "ina",
"cf": "ina",
"gw": "in",
"sense": "from",
"norm": "ina",
"pos": "PRP",
"epos": "PRP"}
}
,
{
"node": "l",
"frag": "UGU",
"id": "P334238.l055b2",
"ref": "P334238.7.3",
"inst": "muhhi[skull]N",
"sig": "@saao/saa10%akk-x-neoass:UGU=muhhu[skull//skull]N'N$muhhi",
"f": {"lang": "akk-x-neoass",
"form": "UGU",
"cf": "muhhu",
"gw": "skull",
"sense": "skull",
"norm": "muhhi",
"pos": "N",
"epos": "N"}
}
,
{
"node": "l",
"frag": "UD",
"id": "P334238.l055b3",
"ref": "P334238.7.4",
"inst": "ūm[day]N",
"sig": "@saao/saa10%akk-x-neoass:UD=ūmu[day//day]N'N$ūm",
"f": {"lang": "akk-x-neoass",
"form": "UD",
"cf": "ūmu",
"gw": "day",
"sense": "day",
"norm": "ūm",
"pos": "N",
"epos": "N"}
}
,
{
"node": "l",
"frag": "15-KAM₂\\t",
"id": "P334238.l055b4",
"ref": "P334238.7.5",
"inst": "n",
"f": {"lang": "akk-x-neoass",
"form": "15-KAM₂",
"pos": "n"}
}
,
{
"node": "d",
"type": "line-start",
"ref": "P334238.8",
"n": "7",
"label": "o 7"}
,
{
"node": "l",
"frag": "[ša",
"id": "P334238.l055b5",
"ref": "P334238.8.1",
"inst": "ša[which]REL",
"sig": "@saao/saa10%akk-x-neoass:ša=ša[that//which]REL'REL$ša",
"f": {"lang": "akk-x-neoass",
"form": "ša",
"cf": "ša",
"gw": "that",
"sense": "which",
"norm": "ša",
"pos": "REL",
"epos": "REL"}
}
,
{
"node": "l",
"frag": "be-li₂-ni]",
"id": "P334238.l055b6",
"ref": "P334238.8.2",
"inst": "bēlīni[lord]N",
"sig": "@saao/saa10%akk-x-neoass:be-li₂-ni=bēlu[lord//lord]N'N$bēlīni",
"f": {"lang": "akk-x-neoass",
"form": "be-li₂-ni",
"cf": "bēlu",
"gw": "lord",
"sense": "lord",
"norm": "bēlīni",
"pos": "N",
"epos": "N"}
}
,
{
"node": "l",
"frag": "iq-bu-u-ni",
"id": "P334238.l055b7",
"ref": "P334238.8.3",
"inst": "iqbûni[say]V",
"sig": "@saao/saa10%akk-x-neoass:iq-bu-u-ni=qabû[say//say]V'V$iqbûni",
"f": {"lang": "akk-x-neoass",
"form": "iq-bu-u-ni",
"cf": "qabû",
"gw": "say",
"sense": "say",
"norm": "iqbûni",
"pos": "V",
"epos": "V"}
}
,
{
"node": "d",
"type": "line-start",
"ref": "P334238.9",
"n": "8",
"label": "o 8"}
,
{
"node": "l",
"frag": "[ma-a]",
"id": "P334238.l055b8",
"ref": "P334238.9.1",
"inst": "mā[saying]PRP",
"sig": "@saao/saa10%akk-x-neoass:ma-a=mā[saying//saying]PRP'PRP$mā",
"f": {"lang": "akk-x-neoass",
"form": "ma-a",
"cf": "mā",
"gw": "saying",
"sense": "saying",
"norm": "mā",
"pos": "PRP",
"epos": "PRP"}
}
,
{
"node": "l",
"frag": "⸢LUGAL⸣-pu-u-hi",
"id": "P334238.l055b9",
"ref": "P334238.9.2",
"inst": "šar-pūhi[substitute king]N",
"sig": "@saao/saa10%akk-x-neoass:LUGAL-pu-u-hi=šar-pūhi[substitute king//substitute king]N'N$šar-pūhi",
"f": {"lang": "akk-x-neoass",
"form": "LUGAL-pu-u-hi",
"cf": "šar-pūhi",
"gw": "substitute king",
"sense": "substitute king",
"norm": "šar-pūhi",
"pos": "N",
"epos": "N"}
}
,
{
"node": "l",
"frag": "a-na",
"id": "P334238.l055ba",
"ref": "P334238.9.3",
"inst": "ana[to]PRP",
"sig": "@saao/saa10%akk-x-neoass:a-na=ana[to//to]PRP'PRP$ana",
"f": {"lang": "akk-x-neoass",
"form": "a-na",
"cf": "ana",
"gw": "to",
"sense": "to",
"norm": "ana",
"pos": "PRP",
"epos": "PRP"}
}
,
{
"node": "l",
"frag": "šim-ti",
"id": "P334238.l055bb",
"ref": "P334238.9.4",
"inst": "+šīmtu[fate]N$šīmti",
"sig": "@saao/saa10%akk-x-neoass:šim-ti=šīmtu[fate//fate]N'N$šīmti",
"f": {"lang": "akk-x-neoass",
"form": "šim-ti",
"cf": "šīmtu",
"gw": "fate",
"sense": "fate",
"norm": "šīmti",
"pos": "N",
"epos": "N"}
}
,
{
"node": "d",
"type": "line-start",
"ref": "P334238.10",
"n": "9",
"label": "o 9"}
,
{
"node": "l",
"frag": "[lil]-⸢li⸣-ki",
"id": "P334238.l055bc",
"ref": "P334238.10.1",
"inst": "lillīki[go]V",
"sig": "@saao/saa10%akk-x-neoass:lil-li-ki=alāku[go//go]V'V$lillīki",
"f": {"lang": "akk-x-neoass",
"form": "lil-li-ki",
"cf": "alāku",
"gw": "go",
"sense": "go",
"norm": "lillīki",
"pos": "V",
"epos": "V"}
}
,
{
"node": "l",
"frag": "ma-a",
"id": "P334238.l055bd",
"ref": "P334238.10.2",
"inst": "mā[saying]PRP",
"sig": "@saao/saa10%akk-x-neoass:ma-a=mā[saying//saying]PRP'PRP$mā",
"f": {"lang": "akk-x-neoass",
"form": "ma-a",
"cf": "mā",
"gw": "saying",
"sense": "saying",
"norm": "mā",
"pos": "PRP",
"epos": "PRP"}
}
,
{
"node": "l",
"frag": "ana-ku",
"id": "P334238.l055be",
"ref": "P334238.10.3",
"inst": "anāku[I]IP",
"sig": "@saao/saa10%akk-x-neoass:ana-ku=anāku[I//I]IP'IP$anāku",
"f": {"lang": "akk-x-neoass",
"form": "ana-ku",
"cf": "anāku",
"gw": "I",
"sense": "I",
"norm": "anāku",
"pos": "IP",
"epos": "IP"}
}
,
{
"node": "l",
"frag": "UD",
"id": "P334238.l055bf",
"ref": "P334238.10.4",
"inst": "ūm[day]N",
"sig": "@saao/saa10%akk-x-neoass:UD=ūmu[day//day]N'N$ūm",
"f": {"lang": "akk-x-neoass",
"form": "UD",
"cf": "ūmu",
"gw": "day",
"sense": "day",
"norm": "ūm",
"pos": "N",
"epos": "N"}
}
,
{
"node": "l",
"frag": "16-KAM₂\\t",
"id": "P334238.l055c0",
"ref": "P334238.10.5",
"inst": "n",
"f": {"lang": "akk-x-neoass",
"form": "16-KAM₂",
"pos": "n"}
}
,
{
"node": "d",
"type": "line-start",
"ref": "P334238.11",
"n": "10",
"label": "o 10"}
,
{
"node": "l",
"frag": "[ki-i]",
"id": "P334238.l055c1",
"ref": "P334238.11.1",
"inst": "kî[in accordance with]PRP",
"sig": "@saao/saa10%akk-x-neoass:ki-i=kī[like//in accordance with]PRP'PRP$kî",
"f": {"lang": "akk-x-neoass",
"form": "ki-i",
"cf": "kī",
"gw": "like",
"sense": "in accordance with",
"norm": "kî",
"pos": "PRP",
"epos": "PRP"}
}
,
{
"node": "l",
"frag": "ša",
"id": "P334238.l055c2",
"ref": "P334238.11.2",
"inst": "ša[what]REL",
"sig": "@saao/saa10%akk-x-neoass:ša=ša[that//what]REL'REL$ša",
"f": {"lang": "akk-x-neoass",
"form": "ša",
"cf": "ša",
"gw": "that",
"sense": "what",
"norm": "ša",
"pos": "REL",
"epos": "REL"}
}
,
{
"node": "l",
"frag": "IGI-tim-ma",
"id": "P334238.l055c3",
"ref": "P334238.11.3",
"inst": "+pānītu[earlier time//previously]N'AV$pānītimma",
"sig": "@saao/saa10%akk-x-neoass:IGI-tim-ma=pānītu[earlier time//previously]N'AV$pānītimma",
"f": {"lang": "akk-x-neoass",
"form": "IGI-tim-ma",
"cf": "pānītu",
"gw": "earlier time",
"sense": "previously",
"norm": "pānītimma",
"pos": "N",
"epos": "AV"}
}
,
{
"node": "d",
"type": "line-start",
"ref": "P334238.12",
"n": "11",
"label": "o 11"}
,
{
"node": "l",
"frag": "dul-li",
"id": "P334238.l055c4",
"ref": "P334238.12.1",
"inst": "+dullu[trouble//ritual]N'N$dullī",
"sig": "@saao/saa10%akk-x-neoass:dul-li=dullu[trouble//ritual]N'N$dullī",
"f": {"lang": "akk-x-neoass",
"form": "dul-li",
"cf": "dullu",
"gw": "trouble",
"sense": "ritual",
"norm": "dullī",
"pos": "N",
"epos": "N"}
}
,
{
"node": "l",
"frag": "le-pu-uš",
"id": "P334238.l055c5",
"ref": "P334238.12.2",
"inst": "lēpuš[perform]V",
"sig": "@saao/saa10%akk-x-neoass:le-pu-uš=epēšu[do//perform]V'V$lēpuš",
"f": {"lang": "akk-x-neoass",
"form": "le-pu-uš",
"cf": "epēšu",
"gw": "do",
"sense": "perform",
"norm": "lēpuš",
"pos": "V",
"epos": "V"}
}
,
{
"node": "d",
"type": "line-start",
"ref": "P334238.13",
"n": "12",
"label": "o 12"}
,
{
"node": "l",
"frag": "UD",
"id": "P334238.l055c6",
"ref": "P334238.13.1",
"inst": "ūm[day]N",
"sig": "@saao/saa10%akk-x-neoass:UD=ūmu[day//day]N'N$ūm",
"f": {"lang": "akk-x-neoass",
"form": "UD",
"cf": "ūmu",
"gw": "day",
"sense": "day",
"norm": "ūm",
"pos": "N",
"epos": "N"}
}
,
{
"node": "l",
"frag": "16-KAM₂\\t",
"id": "P334238.l055c7",
"ref": "P334238.13.2",
"inst": "n",
"f": {"lang": "akk-x-neoass",
"form": "16-KAM₂",
"pos": "n"}
}
,
{
"node": "l",
"frag": "DUG₃.GA",
"id": "P334238.l055c8",
"ref": "P334238.13.3",
"inst": "ṭāba[good]AJ",
"sig": "@saao/saa10%akk-x-neoass:DUG₃.GA=ṭābu[good//good]AJ'AJ$ṭāba",
"f": {"lang": "akk-x-neoass",
"form": "DUG₃.GA",
"cf": "ṭābu",
"gw": "good",
"sense": "good",
"norm": "ṭāba",
"pos": "AJ",
"epos": "AJ"}
}
,
{
"node": "l",
"frag": "a-na",
"id": "P334238.l055c9",
"ref": "P334238.13.4",
"inst": "ana[for]PRP",
"sig": "@saao/saa10%akk-x-neoass:a-na=ana[to//for]PRP'PRP$ana",
"f": {"lang": "akk-x-neoass",
"form": "a-na",
"cf": "ana",
"gw": "to",
"sense": "for",
"norm": "ana",
"pos": "PRP",
"epos": "PRP"}
}
,
{
"node": "l",
"frag": "e-pa-a-še",
"id": "P334238.l055ca",
"ref": "P334238.13.5",
"inst": "+epēšu[do//performance]V'N$epāše",
"sig": "@saao/saa10%akk-x-neoass:e-pa-a-še=epēšu[do//performance]V'N$epāše",
"f": {"lang": "akk-x-neoass",
"form": "e-pa-a-še",
"cf": "epēšu",
"gw": "do",
"sense": "performance",
"norm": "epāše",
"pos": "V",
"epos": "N"}
}
,
{
"node": "d",
"type": "line-start",
"ref": "P334238.14",
"n": "13",
"label": "o 13"}
,
{
"node": "l",
"frag": "ki-i",
"id": "P334238.l055cb",
"ref": "P334238.14.1",
"inst": "+kī[like//just as]PRP'SBJ$kî",
"sig": "@saao/saa10%akk-x-neoass:ki-i=kī[like//just as]PRP'SBJ$kî",
"f": {"lang": "akk-x-neoass",
"form": "ki-i",
"cf": "kī",
"gw": "like",
"sense": "just as",
"norm": "kî",
"pos": "PRP",
"epos": "SBJ"}
}
,
{
"node": "l",
"frag": "ša",
"id": "P334238.l055cc",
"ref": "P334238.14.2",
"inst": "ša[that]REL",
"sig": "@saao/saa10%akk-x-neoass:ša=ša[that//when]REL'REL$ša",
"f": {"lang": "akk-x-neoass",
"form": "ša",
"cf": "ša",
"gw": "that",
"sense": "when",
"norm": "ša",
"pos": "REL",
"epos": "REL"}
}
,
{
"node": "l",
"frag": "AD-MEŠ-ni",
"id": "P334238.l055cd",
"ref": "P334238.14.3",
"inst": "abbēni[father]N",
"sig": "@saao/saa10%akk-x-neoass:AD-MEŠ-ni=abu[father//father]N'N$abbēni",
"f": {"lang": "akk-x-neoass",
"form": "AD-MEŠ-ni",
"cf": "abu",
"gw": "father",
"sense": "father",
"norm": "abbēni",
"pos": "N",
"epos": "N"}
}
,
{
"node": "d",
"type": "line-start",
"ref": "P334238.15",
"n": "14",
"label": "o 14"}
,
{
"node": "l",
"frag": "a-na",
"id": "P334238.l055ce",
"ref": "P334238.15.1",
"inst": "ana[to]PRP",
"sig": "@saao/saa10%akk-x-neoass:a-na=ana[to//to]PRP'PRP$ana",
"f": {"lang": "akk-x-neoass",
"form": "a-na",
"cf": "ana",
"gw": "to",
"sense": "to",
"norm": "ana",
"pos": "PRP",
"epos": "PRP"}
}
,
{
"node": "l",
"frag": "EN-MEŠ-šu₂-nu",
"id": "P334238.l055cf",
"ref": "P334238.15.2",
"inst": "bēlīšunu[lord]N",
"sig": "@saao/saa10%akk-x-neoass:EN-MEŠ-šu₂-nu=bēlu[lord//lord]N'N$bēlīšunu",
"f": {"lang": "akk-x-neoass",
"form": "EN-MEŠ-šu₂-nu",
"cf": "bēlu",
"gw": "lord",
"sense": "lord",
"norm": "bēlīšunu",
"pos": "N",
"epos": "N"}
}
,
{
"node": "l",
"frag": "e-pa-šu₂-u-ni",
"id": "P334238.l055d0",
"ref": "P334238.15.3",
"inst": "eppašūni[do]V",
"sig": "@saao/saa10%akk-x-neoass:e-pa-šu₂-u-ni=epēšu[do//do]V'V$eppašūni",
"f": {"lang": "akk-x-neoass",
"form": "e-pa-šu₂-u-ni",
"cf": "epēšu",
"gw": "do",
"sense": "do",
"norm": "eppašūni",
"pos": "V",
"epos": "V"}
}
,
{
"node": "d",
"type": "line-start",
"ref": "P334238.16",
"n": "15",
"label": "o 15"}
,
{
"node": "l",
"frag": "u₃",
"id": "P334238.l055d1",
"ref": "P334238.16.1",
"inst": "u[and]CNJ",
"sig": "@saao/saa10%akk-x-neoass:u₃=u[and//and]CNJ'CNJ$u",
"f": {"lang": "akk-x-neoass",
"form": "u₃",
"cf": "u",
"gw": "and",
"sense": "and",
"norm": "u",
"pos": "CNJ",
"epos": "CNJ"}
}
,
{
"node": "l",
"frag": "{lu₂}ENGAR",
"id": "P334238.l055d2",
"ref": "P334238.16.2",
"inst": "ikkāru[farmer]N",
"sig": "@saao/saa10%akk-x-neoass:{LU₂}ENGAR=ikkaru[farmer//farmer]N'N$ikkāru",
"f": {"lang": "akk-x-neoass",
"form": "{LU₂}ENGAR",
"cf": "ikkaru",
"gw": "farmer",
"sense": "farmer",
"norm": "ikkāru",
"pos": "N",
"epos": "N"}
}
,
{
"node": "l",
"frag": "ma-la",
"id": "P334238.l055d3",
"ref": "P334238.16.3",
"inst": "mala[once]AV",
"sig": "@saao/saa10%akk-x-neoass:ma-la=mala[once//once]AV'AV$mala",
"f": {"lang": "akk-x-neoass",
"form": "ma-la",
"cf": "mala",
"gw": "once",
"sense": "once",
"norm": "mala",
"pos": "AV",
"epos": "AV"}
}
,
{
"node": "l",
"frag": "02-šu₂",
"id": "P334238.l055d4",
"ref": "P334238.16.4",
"inst": "šinīšu[twice]AV",
"sig": "@saao/saa10%akk-x-neoass:02-šu₂=šinīšu[twice//twice]AV'AV$šinīšu",
"f": {"lang": "akk-x-neoass",
"form": "02-šu₂",
"cf": "šinīšu",
"gw": "twice",
"sense": "twice",
"norm": "šinīšu",
"pos": "AV",
"epos": "AV"}
}
,
{
"node": "d",
"type": "line-start",
"ref": "P334238.17",
"n": "16",
"label": "o 16"}
,
{
"node": "l",
"frag": "e-pu-šu₂-u-ni",
"id": "P334238.l055d5",
"ref": "P334238.17.1",
"inst": "ēpušūni[do]V",
"sig": "@saao/saa10%akk-x-neoass:e-pu-šu₂-u-ni=epēšu[do//do]V'V$ēpušūni",
"f": {"lang": "akk-x-neoass",
"form": "e-pu-šu₂-u-ni",
"cf": "epēšu",
"gw": "do",
"sense": "do",
"norm": "ēpušūni",
"pos": "V",
"epos": "V"}
}
,
{
"node": "d",
"subtype": "bottom",
"type": "surface",
"ref": "P334238.b.e..18",
"type": "bottom",
"label": "b.e."}
,
{
"node": "d",
"type": "line-start",
"ref": "P334238.19",
"n": "17",
"label": "b.e. 17"}
,
{
"node": "l",
"frag": "{d}EN",
"id": "P334238.l055d6",
"ref": "P334238.19.1",
"inst": "Bel[1]DN",
"sig": "@saao/saa10%akk-x-neoass:{d}EN=Bel[1//1]DN'DN$Bel",
"f": {"lang": "akk-x-neoass",
"form": "{d}EN",
"cf": "Bel",
"gw": "1",
"sense": "1",
"norm": "Bel",
"pos": "DN",
"epos": "DN"}
}
,
{
"node": "l",
"frag": "u",
"id": "P334238.l055d7",
"ref": "P334238.19.2",
"inst": "u[and]CNJ",
"sig": "@saao/saa10%akk-x-neoass:u=u[and//and]CNJ'CNJ$u",
"f": {"lang": "akk-x-neoass",
"form": "u",
"cf": "u",
"gw": "and",
"sense": "and",
"norm": "u",
"pos": "CNJ",
"epos": "CNJ"}
}
,
{
"node": "l",
"frag": "{d}AG",
"id": "P334238.l055d8",
"ref": "P334238.19.3",
"inst": "Nabu[1]DN",
"sig": "@saao/saa10%akk-x-neoass:{d}AG=Nabu[1//1]DN'DN$Nabu",
"f": {"lang": "akk-x-neoass",
"form": "{d}AG",
"cf": "Nabu",
"gw": "1",
"sense": "1",
"norm": "Nabu",
"pos": "DN",
"epos": "DN"}
}
,
{
"node": "l",
"frag": "DI-⸢mu⸣",
"id": "P334238.l055d9",
"ref": "P334238.19.4",
"inst": "šulmu[health]N",
"sig": "@saao/saa10%akk-x-neoass:DI-mu=šulmu[completeness//health]N'N$šulmu",
"f": {"lang": "akk-x-neoass",
"form": "DI-mu",
"cf": "šulmu",
"gw": "completeness",
"sense": "health",
"norm": "šulmu",
"pos": "N",
"epos": "N"}
}
,
{
"node": "d",
"type": "line-start",
"ref": "P334238.20",
"n": "18",
"label": "b.e. 18"}
,
{
"node": "l",
"frag": "iš-ka-nu-ni",
"id": "P334238.l055da",
"ref": "P334238.20.1",
"inst": "+šakānu[put//place]V'V$iškanūni",
"sig": "@saao/saa10%akk-x-neoass:iš-ka-nu-ni=šakānu[put//place]V'V$iškanūni",
"f": {"lang": "akk-x-neoass",
"form": "iš-ka-nu-ni",
"cf": "šakānu",
"gw": "put",
"sense": "place",
"norm": "iškanūni",
"pos": "V",
"epos": "V"}
}
,
{
"node": "d",
"type": "line-start",
"ref": "P334238.21",
"n": "19",
"label": "b.e. 19"}
,
{
"node": "l",
"frag": "u₂-ma-a",
"id": "P334238.l055db",
"ref": "P334238.21.1",
"inst": "ūmâ[now]AV",
"sig": "@saao/saa10%akk-x-neoass:u₂-ma-a=ūma[today//now]AV'AV$ūmâ",
"f": {"lang": "akk-x-neoass",
"form": "u₂-ma-a",
"cf": "ūma",
"gw": "today",
"sense": "now",
"norm": "ūmâ",
"pos": "AV",
"epos": "AV"}
}
,
{
"node": "d",
"subtype": "reverse",
"type": "surface",
"ref": "P334238.r.22",
"type": "reverse",
"label": "r"}
,
{
"node": "d",
"type": "line-start",
"ref": "P334238.23",
"n": "1",
"label": "r 1"}
,
{
"node": "l",
"frag": "ki-i",
"id": "P334238.l055dc",
"ref": "P334238.23.1",
"inst": "kî[like]PRP",
"sig": "@saao/saa10%akk-x-neoass:ki-i=kī[like//just as]PRP'PRP$kî",
"f": {"lang": "akk-x-neoass",
"form": "ki-i",
"cf": "kī",
"gw": "like",
"sense": "just as",
"norm": "kî",
"pos": "PRP",
"epos": "PRP"}
}
,
{
"node": "l",
"frag": "ha-an-nim-ma",
"id": "P334238.l055dd",
"ref": "P334238.23.2",
"inst": "+annû[this]DP$hannimma",
"sig": "@saao/saa10%akk-x-neoass:ha-an-nim-ma=annû[this//this]DP'DP$hannimma",
"f": {"lang": "akk-x-neoass",
"form": "ha-an-nim-ma",
"cf": "annû",
"gw": "this",
"sense": "this",
"norm": "hannimma",
"pos": "DP",
"epos": "DP"}
}
,
{
"node": "d",
"type": "line-start",
"ref": "P334238.24",
"n": "2",
"label": "r 2"}
,
{
"node": "l",
"frag": "ne₂-pu-uš",
"id": "P334238.l055de",
"ref": "P334238.24.1",
"inst": "nēpuš[do]V",
"sig": "@saao/saa10%akk-x-neoass:ne₂-pu-uš=epēšu[do//perform]V'V$nēpuš",
"f": {"lang": "akk-x-neoass",
"form": "ne₂-pu-uš",
"cf": "epēšu",
"gw": "do",
"sense": "perform",
"norm": "nēpuš",
"pos": "V",
"epos": "V"}
}
,
{
"node": "l",
"frag": "ki",
"id": "P334238.l055df",
"ref": "P334238.24.2",
"inst": "+kī[like+=as if]PRP$kî",
"sig": "@saao/saa10%akk-x-neoass:ki=kī[like//like]PRP'PRP$kî",
"f": {"lang": "akk-x-neoass",
"form": "ki",
"cf": "kī",
"gw": "like",
"sense": "like",
"norm": "kî",
"pos": "PRP",
"epos": "PRP"}
}
,
{
"node": "l",
"frag": "ma-ṣi-ma",
"id": "P334238.l055e0",
"ref": "P334238.24.3",
"inst": "+maṣû[correspond]V$maṣīma",
"sig": "@saao/saa10%akk-x-neoass:ma-ṣi-ma=maṣû[correspond//correspond]V'V$maṣīma",
"f": {"lang": "akk-x-neoass",
"form": "ma-ṣi-ma",
"cf": "maṣû",
"gw": "correspond",
"sense": "correspond",
"norm": "maṣīma",
"pos": "V",
"epos": "V"}
}
,
{
"node": "d",
"type": "line-start",
"ref": "P334238.25",
"n": "3",
"label": "r 3"}
,
{
"node": "l",
"frag": "la-a",
"id": "P334238.l055e1",
"ref": "P334238.25.1",
"inst": "lā[not]MOD",
"sig": "@saao/saa10%akk-x-neoass:la-a=lā[not//not]MOD'MOD$lā",
"f": {"lang": "akk-x-neoass",
"form": "la-a",
"cf": "lā",
"gw": "not",
"sense": "not",
"norm": "lā",
"pos": "MOD",
"epos": "MOD"}
}
,
{
"node": "l",
"frag": "ṭa-bu-u-ni",
"id": "P334238.l055e2",
"ref": "P334238.25.2",
"inst": "ṭābūni[good]AJ",
"sig": "@saao/saa10%akk-x-neoass:ṭa-bu-u-ni=ṭābu[good//good]AJ'AJ$ṭābūni",
"f": {"lang": "akk-x-neoass",
"form": "ṭa-bu-u-ni",
"cf": "ṭābu",
"gw": "good",
"sense": "good",
"norm": "ṭābūni",
"pos": "AJ",
"epos": "AJ"}
}
,
{
"node": "d",
"type": "line-start",
"ref": "P334238.26",
"n": "4",
"label": "r 4"}
,
{
"node": "l",
"frag": "a-ta-a",
"id": "P334238.l055e3",
"ref": "P334238.26.1",
"inst": "atâ[why?]QP",
"sig": "@saao/saa10%akk-x-neoass:a-ta-a=atā[why?//why?]QP'QP$atâ",
"f": {"lang": "akk-x-neoass",
"form": "a-ta-a",
"cf": "atā",
"gw": "why?",
"sense": "why?",
"norm": "atâ",
"pos": "QP",
"epos": "QP"}
}
,
{
"node": "l",
"frag": "ni-kat₃-tir",
"id": "P334238.l055e4",
"ref": "P334238.26.2",
"inst": "+katāru[wait]V$nikattir",
"sig": "@saao/saa10%akk-x-neoass:ni-kat₃-tir=katāru[wait//wait]V'V$nikattir",
"f": {"lang": "akk-x-neoass",
"form": "ni-kat₃-tir",
"cf": "katāru",
"gw": "wait",
"sense": "wait",
"norm": "nikattir",
"pos": "V",
"epos": "V"}
}
,
{
"node": "d",
"type": "line-start",
"ref": "P334238.27",
"n": "5",
"label": "r 5"}
,
{
"node": "l",
"frag": "u₃",
"id": "P334238.l055e5",
"ref": "P334238.27.1",
"inst": "u[and]CNJ",
"sig": "@saao/saa10%akk-x-neoass:u₃=u[and//and]CNJ'CNJ$u",
"f": {"lang": "akk-x-neoass",
"form": "u₃",
"cf": "u",
"gw": "and",
"sense": "and",
"norm": "u",
"pos": "CNJ",
"epos": "CNJ"}
}
,
{
"node": "l",
"frag": "ki-i",
"id": "P334238.l055e6",
"ref": "P334238.27.2",
"inst": "kî[like//as]PRP'SBJ",
"sig": "@saao/saa10%akk-x-neoass:ki-i=kī[like//just as]PRP'SBJ$kî",
"f": {"lang": "akk-x-neoass",
"form": "ki-i",
"cf": "kī",
"gw": "like",
"sense": "just as",
"norm": "kî",
"pos": "PRP",
"epos": "SBJ"}
}
,
{
"node": "l",
"frag": "ša",
"id": "P334238.l055e7",
"ref": "P334238.27.3",
"inst": "ša[what]REL",
"sig": "@saao/saa10%akk-x-neoass:ša=ša[that//what]REL'REL$ša",
"f": {"lang": "akk-x-neoass",
"form": "ša",
"cf": "ša",
"gw": "that",
"sense": "what",
"norm": "ša",
"pos": "REL",
"epos": "REL"}
}
,
{
"node": "l",
"frag": "{lu₂}TUR-MEŠ-im-ma",
"id": "P334238.l055e8",
"ref": "P334238.27.4",
"inst": "+ṣehru[small//apprentice]AJ'N$ṣehrānimma",
"sig": "@saao/saa10%akk-x-neoass:{LU₂}TUR-MEŠ-im-ma=ṣehru[small//apprentice]AJ'N$ṣehrānimma",
"f": {"lang": "akk-x-neoass",
"form": "{LU₂}TUR-MEŠ-im-ma",
"cf": "ṣehru",
"gw": "small",
"sense": "apprentice",
"norm": "ṣehrānimma",
"pos": "AJ",
"epos": "N"}
}
,
{
"node": "d",
"type": "line-start",
"ref": "P334238.28",
"n": "6",
"label": "r 6"}
,
{
"node": "l",
"frag": "iq-bu-u-ni",
"id": "P334238.l055e9",
"ref": "P334238.28.1",
"inst": "iqbûni[say]V",
"sig": "@saao/saa10%akk-x-neoass:iq-bu-u-ni=qabû[say//say]V'V$iqbûni",
"f": {"lang": "akk-x-neoass",
"form": "iq-bu-u-ni",
"cf": "qabû",
"gw": "say",
"sense": "say",
"norm": "iqbûni",
"pos": "V",
"epos": "V"}
}
,
{
"node": "l",
"frag": "ma-a",
"id": "P334238.l055ea",
"ref": "P334238.28.2",
"inst": "mā[saying]PRP",
"sig": "@saao/saa10%akk-x-neoass:ma-a=mā[saying//saying]PRP'PRP$mā",
"f": {"lang": "akk-x-neoass",
"form": "ma-a",
"cf": "mā",
"gw": "saying",
"sense": "saying",
"norm": "mā",
"pos": "PRP",
"epos": "PRP"}
}
,
{
"node": "l",
"frag": "a-na",
"id": "P334238.l055eb",
"ref": "P334238.28.3",
"inst": "ana[to]PRP",
"sig": "@saao/saa10%akk-x-neoass:a-na=ana[to//to]PRP'PRP$ana",
"f": {"lang": "akk-x-neoass",
"form": "a-na",
"cf": "ana",
"gw": "to",
"sense": "to",
"norm": "ana",
"pos": "PRP",
"epos": "PRP"}
}
,
{
"node": "l",
"frag": "{mi₂}ŠE",
"id": "P334238.l055ec",
"ref": "P334238.28.4",
"inst": "+mitgurtu[agreement]N$mitgurti",
"sig": "@saao/saa10%akk-x-neoass:{MI₂}ŠE=mitgurtu[agreement//agreement]N'N$mitgurti",
"f": {"lang": "akk-x-neoass",
"form": "{MI₂}ŠE",
"cf": "mitgurtu",
"gw": "agreement",
"sense": "agreement",
"norm": "mitgurti",
"pos": "N",
"epos": "N"}
}
,
{
"node": "d",
"type": "line-start",
"ref": "P334238.29",
"n": "7",
"label": "r 7"}
,
{
"node": "l",
"frag": "ina",
"id": "P334238.l055ed",
"ref": "P334238.29.1",
"inst": "ina[in]PRP",
"sig": "@saao/saa10%akk-x-neoass:ina=ina[in//from]PRP'PRP$ina",
"f": {"lang": "akk-x-neoass",
"form": "ina",
"cf": "ina",
"gw": "in",
"sense": "from",
"norm": "ina",
"pos": "PRP",
"epos": "PRP"}
}
,
{
"node": "l",
"frag": "ŠA₃",
"id": "P334238.l055ee",
"ref": "P334238.29.2",
"inst": "libbi[interior]N",
"sig": "@saao/saa10%akk-x-neoass:ŠA₃=libbu[interior//interior]N'N$libbi",
"f": {"lang": "akk-x-neoass",
"form": "ŠA₃",
"cf": "libbu",
"gw": "interior",
"sense": "interior",
"norm": "libbi",
"pos": "N",
"epos": "N"}
}
,
{
"node": "l",
"frag": "GURUN-EN-ar-hi",
"id": "P334238.l055ef",
"ref": "P334238.29.3",
"inst": "+Inbu-bēl-arhi[offspring//(royal hemerology)]N'N$",
"sig": "@saao/saa10%akk-x-neoass:GURUN-EN-ar-hi=Inbu-bēl-arhi[offspring//(royal hemerology)]N'N$Inbu-bēl-arhi",
"f": {"lang": "akk-x-neoass",
"form": "GURUN-EN-ar-hi",
"cf": "Inbu-bēl-arhi",
"gw": "offspring",
"sense": "(royal hemerology)",
"norm": "Inbu-bēl-arhi",
"pos": "N",
"epos": "N"}
}
,
{
"node": "l",
"frag": "ša₂-ṭir",
"id": "P334238.l055f0",
"ref": "P334238.29.4",
"inst": "šaṭir[written]AJ",
"sig": "@saao/saa10%akk-x-neoass:ša₂-ṭir=šaṭru[written//written]AJ'AJ$šaṭir",
"f": {"lang": "akk-x-neoass",
"form": "ša₂-ṭir",
"cf": "šaṭru",
"gw": "written",
"sense": "written",
"norm": "šaṭir",
"pos": "AJ",
"epos": "AJ"}
}
,
{
"node": "d",
"type": "line-start",
"ref": "P334238.30",
"n": "8",
"label": "r 8"}
,
{
"node": "l",
"frag": "a-ni-nu",
"id": "P334238.l055f1",
"ref": "P334238.30.1",
"inst": "anīnu[we]IP",
"sig": "@saao/saa10%akk-x-neoass:a-ni-nu=anīnu[we//we]IP'IP$anīnu",
"f": {"lang": "akk-x-neoass",
"form": "a-ni-nu",
"cf": "anīnu",
"gw": "we",
"sense": "we",
"norm": "anīnu",
"pos": "IP",
"epos": "IP"}
}
,
{
"node": "l",
"frag": "ki-i",
"id": "P334238.l055f2",
"ref": "P334238.30.2",
"inst": "kî[like]PRP",
"sig": "@saao/saa10%akk-x-neoass:ki-i=kī[like//just as]PRP'PRP$kî",
"f": {"lang": "akk-x-neoass",
"form": "ki-i",
"cf": "kī",
"gw": "like",
"sense": "just as",
"norm": "kî",
"pos": "PRP",
"epos": "PRP"}
}
,
{
"node": "l",
"frag": "an-nim-ma",
"id": "P334238.l055f3",
"ref": "P334238.30.3",
"inst": "annimma[this]DP",
"sig": "@saao/saa10%akk-x-neoass:an-nim-ma=annû[this//this]DP'DP$annimma",
"f": {"lang": "akk-x-neoass",
"form": "an-nim-ma",
"cf": "annû",
"gw": "this",
"sense": "this",
"norm": "annimma",
"pos": "DP",
"epos": "DP"}
}
,
{
"node": "d",
"type": "line-start",
"ref": "P334238.31",
"n": "9",
"label": "r 9"}
,
{
"node": "l",
"frag": "ina",
"id": "P334238.l055f4",
"ref": "P334238.31.1",
"inst": "ina[in]PRP",
"sig": "@saao/saa10%akk-x-neoass:ina=ina[in//from]PRP'PRP$ina",
"f": {"lang": "akk-x-neoass",
"form": "ina",
"cf": "ina",
"gw": "in",
"sense": "from",
"norm": "ina",
"pos": "PRP",
"epos": "PRP"}
}
,
{
"node": "l",
"frag": "qa-ti-ni",
"id": "P334238.l055f5",
"ref": "P334238.31.2",
"inst": "qātīni[hand]N",
"sig": "@saao/saa10%akk-x-neoass:qa-ti-ni=qātu[hand//hand]N'N$qātīni",
"f": {"lang": "akk-x-neoass",
"form": "qa-ti-ni",
"cf": "qātu",
"gw": "hand",
"sense": "hand",
"norm": "qātīni",
"pos": "N",
"epos": "N"}
}
,
{
"node": "l",
"frag": "nu-ka-a-la",
"id": "P334238.l055f6",
"ref": "P334238.31.3",
"inst": "+kullu[hold]V$nukāla",
"sig": "@saao/saa10%akk-x-neoass:nu-ka-a-la=kullu[hold//consider]V'V$nukāla",
"f": {"lang": "akk-x-neoass",
"form": "nu-ka-a-la",
"cf": "kullu",
"gw": "hold",
"sense": "consider",
"norm": "nukāla",
"pos": "V",
"epos": "V"}
}
,
{
"node": "d",
"type": "line-start",
"ref": "P334238.32",
"n": "10",
"label": "r 10"}
,
{
"node": "l",
"frag": "id-da-a-ti",
"id": "P334238.l055f7",
"ref": "P334238.32.1",
"cof-tails": "P334238.l055f8",
"inst": "+ina[in+=after]PRP$&+dāt[behind]PRP$dāti",
"sig": "@saao/saa10%akk-x-neoass:id-da-a-ti=ina[in//in]PRP'PRP$ina&&@saao/saa10%akk-x-neoass:=dāt[behind//behind]PRP'PRP$dāti",
"f": {"lang": "akk-x-neoass",
"form": "id-da-a-ti",
"cf": "ina",
"gw": "in",
"sense": "in",
"norm": "ina",
"pos": "PRP",
"epos": "PRP"}
}
,
{
"node": "l",
"frag": "id-da-a-ti",
"id": "P334238.l055f8",
"ref": "P334238.32.1",
"cof-head": "P334238.l055f7",
"inst": "+ina[in+=after]PRP$&+dāt[behind]PRP$dāti",
"f": {"lang": "akk-x-neoass",
"form": "id-da-a-ti",
"cf": "dāt",
"gw": "behind",
"sense": "behind",
"norm": "dāti",
"pos": "PRP",
"epos": "PRP"}
}
,
{
"node": "l",
"frag": "UD",
"id": "P334238.l055f9",
"ref": "P334238.32.2",
"inst": "ūm[day]N",
"sig": "@saao/saa10%akk-x-neoass:UD=ūmu[day//day]N'N$ūm",
"f": {"lang": "akk-x-neoass",
"form": "UD",
"cf": "ūmu",
"gw": "day",
"sense": "day",
"norm": "ūm",
"pos": "N",
"epos": "N"}
}
,
{
"node": "l",
"frag": "16-KAM₂\\t",
"id": "P334238.l055fa",
"ref": "P334238.32.3",
"inst": "n",
"f": {"lang": "akk-x-neoass",
"form": "16-KAM₂",
"pos": "n"}
}
,
{
"node": "d",
"type": "line-start",
"ref": "P334238.33",
"n": "11",
"label": "r 11"}
,
{
"node": "l",
"frag": "ina",
"id": "P334238.l055fb",
"ref": "P334238.33.1",
"inst": "ina[in]PRP",
"sig": "@saao/saa10%akk-x-neoass:ina=ina[in//from]PRP'PRP$ina",
"f": {"lang": "akk-x-neoass",
"form": "ina",
"cf": "ina",
"gw": "in",
"sense": "from",
"norm": "ina",
"pos": "PRP",
"epos": "PRP"}
}
,
{
"node": "l",
"frag": "ŠA₃",
"id": "P334238.l055fc",
"ref": "P334238.33.2",
"inst": "libbi[interior]N",
"sig": "@saao/saa10%akk-x-neoass:ŠA₃=libbu[interior//interior]N'N$libbi",
"f": {"lang": "akk-x-neoass",
"form": "ŠA₃",
"cf": "libbu",
"gw": "interior",
"sense": "interior",
"norm": "libbi",
"pos": "N",
"epos": "N"}
}
,
{
"node": "l",
"frag": "UD-MEŠ",
"id": "P334238.l055fd",
"ref": "P334238.33.3",
"inst": "ūmāti[day]N",
"sig": "@saao/saa10%akk-x-neoass:UD-MEŠ=ūmu[day//day]N'N$ūmāti",
"f": {"lang": "akk-x-neoass",
"form": "UD-MEŠ",
"cf": "ūmu",
"gw": "day",
"sense": "day",
"norm": "ūmāti",
"pos": "N",
"epos": "N"}
}
,
{
"node": "l",
"frag": "DUG₃.GA-MEŠ",
"id": "P334238.l055fe",
"ref": "P334238.33.4",
"inst": "+ṭābu[good]AJ$ṭābāti",
"sig": "@saao/saa10%akk-x-neoass:DUG₃.GA-MEŠ=ṭābu[good//good]AJ'AJ$ṭābāti",
"f": {"lang": "akk-x-neoass",
"form": "DUG₃.GA-MEŠ",
"cf": "ṭābu",
"gw": "good",
"sense": "good",
"norm": "ṭābāti",
"pos": "AJ",
"epos": "AJ"}
}
,
{
"node": "d",
"type": "line-start",
"ref": "P334238.34",
"n": "12",
"label": "r 12"}
,
{
"node": "l",
"frag": "ṭa-a-ba",
"id": "P334238.l055ff",
"ref": "P334238.34.1",
"inst": "ṭāba[good]AJ",
"sig": "@saao/saa10%akk-x-neoass:ṭa-a-ba=ṭābu[good//good]AJ'AJ$ṭāba",
"f": {"lang": "akk-x-neoass",
"form": "ṭa-a-ba",
"cf": "ṭābu",
"gw": "good",
"sense": "good",
"norm": "ṭāba",
"pos": "AJ",
"epos": "AJ"}
}
,
{
"node": "l",
"frag": "UD",
"id": "P334238.l05600",
"ref": "P334238.34.2",
"inst": "ūm[day]N",
"sig": "@saao/saa10%akk-x-neoass:UD=ūmu[day//day]N'N$ūm",
"f": {"lang": "akk-x-neoass",
"form": "UD",
"cf": "ūmu",
"gw": "day",
"sense": "day",
"norm": "ūm",
"pos": "N",
"epos": "N"}
}
,
{
"node": "l",
"frag": "17-KAM₂\\t",
"id": "P334238.l05601",
"ref": "P334238.34.3",
"inst": "n",
"f": {"lang": "akk-x-neoass",
"form": "17-KAM₂",
"pos": "n"}
}
,
{
"node": "l",
"frag": "NU",
"id": "P334238.l05602",
"ref": "P334238.34.4",
"inst": "lā[not]MOD",
"sig": "@saao/saa10%akk-x-neoass:NU=lā[not//not]MOD'MOD$lā",
"f": {"lang": "akk-x-neoass",
"form": "NU",
"cf": "lā",
"gw": "not",
"sense": "not",
"norm": "lā",
"pos": "MOD",
"epos": "MOD"}
}
,
{
"node": "l",
"frag": "DUG₃.GA",
"id": "P334238.l05603",
"ref": "P334238.34.5",
"inst": "ṭāba[good]AJ",
"sig": "@saao/saa10%akk-x-neoass:DUG₃.GA=ṭābu[good//good]AJ'AJ$ṭāba",
"f": {"lang": "akk-x-neoass",
"form": "DUG₃.GA",
"cf": "ṭābu",
"gw": "good",
"sense": "good",
"norm": "ṭāba",
"pos": "AJ",
"epos": "AJ"}
}
]}
]}
]}
]}
