{
"type": "cdl",
  "source": "http://oracc.org/saao/saa10",
  "license": "This data is released under the CC0 license",
  "license-url": "https://creativecommons.org/publicdomain/zero/1.0/",
  "more-info": "http://oracc.org/doc/opendata/",
  "UTC-timestamp": "2017-05-19T11:42:50",
"project": "saao/saa10",
"textid": "P334460",
"cdl": [
{
"node": "c",
"type": "text",
"id": "P334460.U0",
"cdl": [
{
"node": "d",
"type": "object",
"ref": ""}
,
{
"node": "d",
"subtype": "obverse",
"type": "surface",
"ref": "P334460.o.1",
"type": "obverse",
"label": "o"}
,
{
"node": "c",
"type": "discourse",
"subtype": "body",
"id": "P334460.U1",
"cdl": [
{
"node": "c",
"type": "sentence",
"id": "P334460.U2",
"label": "o 1 - r 9'",
"cdl": [
{
"node": "d",
"type": "line-start",
"ref": "P334460.2",
"n": "1",
"label": "o 1"}
,
{
"node": "l",
"frag": "a-na",
"id": "P334460.l06897",
"ref": "P334460.2.1",
"inst": "ana[to]PRP",
"sig": "@saao/saa10%akk-x-neoass:a-na=ana[to//to]PRP'PRP$ana",
"f": {"lang": "akk-x-neoass",
"form": "a-na",
"cf": "ana",
"gw": "to",
"sense": "to",
"norm": "ana",
"pos": "PRP",
"epos": "PRP"}
}
,
{
"node": "l",
"frag": "LUGAL",
"id": "P334460.l06898",
"ref": "P334460.2.2",
"inst": "šarri[king]N",
"sig": "@saao/saa10%akk-x-neoass:LUGAL=šarru[king//king]N'N$šarri",
"f": {"lang": "akk-x-neoass",
"form": "LUGAL",
"cf": "šarru",
"gw": "king",
"sense": "king",
"norm": "šarri",
"pos": "N",
"epos": "N"}
}
,
{
"node": "l",
"frag": "be-li₂-ia",
"id": "P334460.l06899",
"ref": "P334460.2.3",
"inst": "bēlīya[lord]N",
"sig": "@saao/saa10%akk-x-neoass:be-li₂-ia=bēlu[lord//lord]N'N$bēlīya",
"f": {"lang": "akk-x-neoass",
"form": "be-li₂-ia",
"cf": "bēlu",
"gw": "lord",
"sense": "lord",
"norm": "bēlīya",
"pos": "N",
"epos": "N"}
}
,
{
"node": "d",
"type": "line-start",
"ref": "P334460.3",
"n": "2",
"label": "o 2"}
,
{
"node": "l",
"frag": "ARAD-ka",
"id": "P334460.l0689a",
"ref": "P334460.3.1",
"inst": "urdaka[servant]N",
"sig": "@saao/saa10%akk-x-neoass:ARAD-ka=ardu[slave//servant]N'N$urdaka",
"f": {"lang": "akk-x-neoass",
"form": "ARAD-ka",
"cf": "ardu",
"gw": "slave",
"sense": "servant",
"norm": "urdaka",
"pos": "N",
"epos": "N"}
}
,
{
"node": "l",
"frag": "{1}{d}AMAR.UTU-GAR-⸢MU⸣",
"id": "P334460.l0689b",
"ref": "P334460.3.2",
"inst": "Marduk-šakin-šumi[1]PN",
"sig": "@saao/saa10%akk-x-neoass:{1}{d}AMAR.UTU-GAR-MU=Marduk-šakin-šumi[1//1]PN'PN$Marduk-šakin-šumi",
"f": {"lang": "akk-x-neoass",
"form": "{1}{d}AMAR.UTU-GAR-MU",
"cf": "Marduk-šakin-šumi",
"gw": "1",
"sense": "1",
"norm": "Marduk-šakin-šumi",
"pos": "PN",
"epos": "PN"}
}
,
{
"node": "d",
"type": "line-start",
"ref": "P334460.4",
"n": "3",
"label": "o 3"}
,
{
"node": "l",
"frag": "lu-u",
"id": "P334460.l0689c",
"ref": "P334460.4.1",
"inst": "lū[may]MOD",
"sig": "@saao/saa10%akk-x-neoass:lu-u=lū[may//may]MOD'MOD$lū",
"f": {"lang": "akk-x-neoass",
"form": "lu-u",
"cf": "lū",
"gw": "may",
"sense": "may",
"norm": "lū",
"pos": "MOD",
"epos": "MOD"}
}
,
{
"node": "l",
"frag": "DI-mu",
"id": "P334460.l0689d",
"ref": "P334460.4.2",
"inst": "šulmu[health]N",
"sig": "@saao/saa10%akk-x-neoass:DI-mu=šulmu[completeness//health]N'N$šulmu",
"f": {"lang": "akk-x-neoass",
"form": "DI-mu",
"cf": "šulmu",
"gw": "completeness",
"sense": "health",
"norm": "šulmu",
"pos": "N",
"epos": "N"}
}
,
{
"node": "l",
"frag": "a-na",
"id": "P334460.l0689e",
"ref": "P334460.4.3",
"inst": "ana[to]PRP",
"sig": "@saao/saa10%akk-x-neoass:a-na=ana[to//to]PRP'PRP$ana",
"f": {"lang": "akk-x-neoass",
"form": "a-na",
"cf": "ana",
"gw": "to",
"sense": "to",
"norm": "ana",
"pos": "PRP",
"epos": "PRP"}
}
,
{
"node": "l",
"frag": "LUGAL",
"id": "P334460.l0689f",
"ref": "P334460.4.4",
"inst": "šarri[king]N",
"sig": "@saao/saa10%akk-x-neoass:LUGAL=šarru[king//king]N'N$šarri",
"f": {"lang": "akk-x-neoass",
"form": "LUGAL",
"cf": "šarru",
"gw": "king",
"sense": "king",
"norm": "šarri",
"pos": "N",
"epos": "N"}
}
,
{
"node": "l",
"frag": "EN-[ia]",
"id": "P334460.l068a0",
"ref": "P334460.4.5",
"inst": "bēlīya[lord]N",
"sig": "@saao/saa10%akk-x-neoass:EN-ia=bēlu[lord//lord]N'N$bēlīya",
"f": {"lang": "akk-x-neoass",
"form": "EN-ia",
"cf": "bēlu",
"gw": "lord",
"sense": "lord",
"norm": "bēlīya",
"pos": "N",
"epos": "N"}
}
,
{
"node": "d",
"type": "line-start",
"ref": "P334460.5",
"n": "4",
"label": "o 4"}
,
{
"node": "l",
"frag": "{d}PA",
"id": "P334460.l068a1",
"ref": "P334460.5.1",
"inst": "Nabu[1]DN",
"sig": "@saao/saa10%akk-x-neoass:{d}PA=Nabu[1//1]DN'DN$Nabu",
"f": {"lang": "akk-x-neoass",
"form": "{d}PA",
"cf": "Nabu",
"gw": "1",
"sense": "1",
"norm": "Nabu",
"pos": "DN",
"epos": "DN"}
}
,
{
"node": "l",
"frag": "{d}AMAR.UTU",
"id": "P334460.l068a2",
"ref": "P334460.5.2",
"inst": "Marduk[1]DN",
"sig": "@saao/saa10%akk-x-neoass:{d}AMAR.UTU=Marduk[1//1]DN'DN$Marduk",
"f": {"lang": "akk-x-neoass",
"form": "{d}AMAR.UTU",
"cf": "Marduk",
"gw": "1",
"sense": "1",
"norm": "Marduk",
"pos": "DN",
"epos": "DN"}
}
,
{
"node": "l",
"frag": "a-na",
"id": "P334460.l068a3",
"ref": "P334460.5.3",
"inst": "ana[to]PRP",
"sig": "@saao/saa10%akk-x-neoass:a-na=ana[to//to]PRP'PRP$ana",
"f": {"lang": "akk-x-neoass",
"form": "a-na",
"cf": "ana",
"gw": "to",
"sense": "to",
"norm": "ana",
"pos": "PRP",
"epos": "PRP"}
}
,
{
"node": "l",
"frag": "LUGAL",
"id": "P334460.l068a4",
"ref": "P334460.5.4",
"inst": "šarri[king]N",
"sig": "@saao/saa10%akk-x-neoass:LUGAL=šarru[king//king]N'N$šarri",
"f": {"lang": "akk-x-neoass",
"form": "LUGAL",
"cf": "šarru",
"gw": "king",
"sense": "king",
"norm": "šarri",
"pos": "N",
"epos": "N"}
}
,
{
"node": "l",
"frag": "⸢EN⸣-[ia₂]",
"id": "P334460.l068a5",
"ref": "P334460.5.5",
"inst": "bēlīya[lord]N",
"sig": "@saao/saa10%akk-x-neoass:EN-ia₂=bēlu[lord//lord]N'N$bēlīya",
"f": {"lang": "akk-x-neoass",
"form": "EN-ia₂",
"cf": "bēlu",
"gw": "lord",
"sense": "lord",
"norm": "bēlīya",
"pos": "N",
"epos": "N"}
}
,
{
"node": "d",
"type": "line-start",
"ref": "P334460.6",
"n": "5",
"label": "o 5"}
,
{
"node": "l",
"frag": "lik-⸢ru⸣-bu",
"id": "P334460.l068a6",
"ref": "P334460.6.1",
"inst": "likrubu[bless]V",
"sig": "@saao/saa10%akk-x-neoass:lik-ru-bu=karābu[pray//bless]V'V$likrubu",
"f": {"lang": "akk-x-neoass",
"form": "lik-ru-bu",
"cf": "karābu",
"gw": "pray",
"sense": "bless",
"norm": "likrubu",
"pos": "V",
"epos": "V"}
}
,
{
"node": "l",
"frag": "ina",
"id": "P334460.l068a7",
"ref": "P334460.6.2",
"inst": "ina[in]PRP",
"sig": "@saao/saa10%akk-x-neoass:ina=ina[in//from]PRP'PRP$ina",
"f": {"lang": "akk-x-neoass",
"form": "ina",
"cf": "ina",
"gw": "in",
"sense": "from",
"norm": "ina",
"pos": "PRP",
"epos": "PRP"}
}
,
{
"node": "l",
"frag": "šal-še-⸢UD⸣-[me]",
"id": "P334460.l068a8",
"ref": "P334460.6.3",
"inst": "+šalšūmi[the day before yesterday]AV$šalše-ūme",
"sig": "@saao/saa10%akk-x-neoass:šal-še-UD-me=šalšūmi[the day before yesterday//the day before yesterday]AV'AV$šalše-ūme",
"f": {"lang": "akk-x-neoass",
"form": "šal-še-UD-me",
"cf": "šalšūmi",
"gw": "the day before yesterday",
"sense": "the day before yesterday",
"norm": "šalše-ūme",
"pos": "AV",
"epos": "AV"}
}
,
{
"node": "d",
"type": "line-start",
"ref": "P334460.7",
"n": "6",
"label": "o 6"}
,
{
"node": "l",
"frag": "ki-⸢i",
"id": "P334460.l068a9",
"ref": "P334460.7.1",
"inst": "kî[when]'SBJ",
"sig": "@saao/saa10%akk-x-neoass:ki-i=kī[like//when]PRP'SBJ$kî",
"f": {"lang": "akk-x-neoass",
"form": "ki-i",
"cf": "kī",
"gw": "like",
"sense": "when",
"norm": "kî",
"pos": "PRP",
"epos": "SBJ"}
}
,
{
"node": "l",
"frag": "LUGAL⸣",
"id": "P334460.l068aa",
"ref": "P334460.7.2",
"inst": "šarru[king]N",
"sig": "@saao/saa10%akk-x-neoass:LUGAL=šarru[king//king]N'N$šarru",
"f": {"lang": "akk-x-neoass",
"form": "LUGAL",
"cf": "šarru",
"gw": "king",
"sense": "king",
"norm": "šarru",
"pos": "N",
"epos": "N"}
}
,
{
"node": "l",
"frag": "be-li₂",
"id": "P334460.l068ab",
"ref": "P334460.7.3",
"inst": "bēlī[lord]N",
"sig": "@saao/saa10%akk-x-neoass:be-li₂=bēlu[lord//lord]N'N$bēlī",
"f": {"lang": "akk-x-neoass",
"form": "be-li₂",
"cf": "bēlu",
"gw": "lord",
"sense": "lord",
"norm": "bēlī",
"pos": "N",
"epos": "N"}
}
,
{
"node": "l",
"frag": "iš-⸢al⸣-[an-ni]",
"id": "P334460.l068ac",
"ref": "P334460.7.4",
"inst": "išʾalanni[ask]V",
"sig": "@saao/saa10%akk-x-neoass:iš-al-an-ni=šâlu[ask//ask]V'V$išʾalanni",
"f": {"lang": "akk-x-neoass",
"form": "iš-al-an-ni",
"cf": "šâlu",
"gw": "ask",
"sense": "ask",
"norm": "išʾalanni",
"pos": "V",
"epos": "V"}
}
,
{
"node": "d",
"type": "line-start",
"ref": "P334460.8",
"n": "7",
"label": "o 7"}
,
{
"node": "l",
"frag": "⸢la⸣",
"id": "P334460.l068ad",
"ref": "P334460.8.1",
"inst": "lā[not]MOD",
"sig": "@saao/saa10%akk-x-neoass:la=lā[not//not]MOD'MOD$lā",
"f": {"lang": "akk-x-neoass",
"form": "la",
"cf": "lā",
"gw": "not",
"sense": "not",
"norm": "lā",
"pos": "MOD",
"epos": "MOD"}
}
,
{
"node": "l",
"frag": "a-[x",
"id": "P334460.l068ae",
"ref": "P334460.8.2",
"inst": "u",
"f": {"lang": "akk-x-neoass",
"form": "a-x",
"pos": "u"}
}
,
{
"node": "l",
"frag": "x",
"id": "P334460.l068af",
"ref": "P334460.8.3",
"inst": "u",
"f": {"lang": "akk-x-neoass",
"form": "x",
"pos": "u"}
}
,
{
"node": "l",
"frag": "x",
"id": "P334460.l068b0",
"ref": "P334460.8.4",
"inst": "u",
"f": {"lang": "akk-x-neoass",
"form": "x",
"pos": "u"}
}
,
{
"node": "l",
"frag": "x",
"id": "P334460.l068b1",
"ref": "P334460.8.5",
"inst": "u",
"f": {"lang": "akk-x-neoass",
"form": "x",
"pos": "u"}
}
,
{
"node": "l",
"frag": "x",
"id": "P334460.l068b2",
"ref": "P334460.8.6",
"inst": "u",
"f": {"lang": "akk-x-neoass",
"form": "x",
"pos": "u"}
}
,
{
"node": "l",
"frag": "x]",
"id": "P334460.l068b3",
"ref": "P334460.8.7",
"inst": "u",
"f": {"lang": "akk-x-neoass",
"form": "x",
"pos": "u"}
}
,
{
"node": "d",
"type": "line-start",
"ref": "P334460.9",
"n": "8",
"label": "o 8"}
,
{
"node": "l",
"frag": "ša₂-an-⸢ni⸣-[x",
"id": "P334460.l068b4",
"ref": "P334460.9.1",
"inst": "u",
"f": {"lang": "akk-x-neoass",
"form": "ša₂-an-ni-x",
"pos": "u"}
}
,
{
"node": "l",
"frag": "x",
"id": "P334460.l068b5",
"ref": "P334460.9.2",
"inst": "u",
"f": {"lang": "akk-x-neoass",
"form": "x",
"pos": "u"}
}
,
{
"node": "l",
"frag": "x",
"id": "P334460.l068b6",
"ref": "P334460.9.3",
"inst": "u",
"f": {"lang": "akk-x-neoass",
"form": "x",
"pos": "u"}
}
,
{
"node": "l",
"frag": "x",
"id": "P334460.l068b7",
"ref": "P334460.9.4",
"inst": "u",
"f": {"lang": "akk-x-neoass",
"form": "x",
"pos": "u"}
}
,
{
"node": "l",
"frag": "x]",
"id": "P334460.l068b8",
"ref": "P334460.9.5",
"inst": "u",
"f": {"lang": "akk-x-neoass",
"form": "x",
"pos": "u"}
}
,
{
"node": "d",
"type": "line-start",
"ref": "P334460.10",
"n": "9",
"label": "o 9"}
,
{
"node": "l",
"frag": "ša",
"id": "P334460.l068b9",
"ref": "P334460.10.1",
"inst": "ša[which]REL",
"sig": "@saao/saa10%akk-x-neoass:ša=ša[that//which]REL'REL$ša",
"f": {"lang": "akk-x-neoass",
"form": "ša",
"cf": "ša",
"gw": "that",
"sense": "which",
"norm": "ša",
"pos": "REL",
"epos": "REL"}
}
,
{
"node": "l",
"frag": "IGI",
"id": "P334460.l068ba",
"ref": "P334460.10.2",
"inst": "pān[before]'PRP",
"sig": "@saao/saa10%akk-x-neoass:IGI=pānu[front//before]N'PRP$pān",
"f": {"lang": "akk-x-neoass",
"form": "IGI",
"cf": "pānu",
"gw": "front",
"sense": "before",
"norm": "pān",
"pos": "N",
"epos": "PRP"}
}
,
{
"node": "l",
"frag": "[x",
"id": "P334460.l068bb",
"ref": "P334460.10.3",
"inst": "u",
"f": {"lang": "akk-x-neoass",
"form": "x",
"pos": "u"}
}
,
{
"node": "l",
"frag": "x",
"id": "P334460.l068bc",
"ref": "P334460.10.4",
"inst": "u",
"f": {"lang": "akk-x-neoass",
"form": "x",
"pos": "u"}
}
,
{
"node": "l",
"frag": "x",
"id": "P334460.l068bd",
"ref": "P334460.10.5",
"inst": "u",
"f": {"lang": "akk-x-neoass",
"form": "x",
"pos": "u"}
}
,
{
"node": "l",
"frag": "x",
"id": "P334460.l068be",
"ref": "P334460.10.6",
"inst": "u",
"f": {"lang": "akk-x-neoass",
"form": "x",
"pos": "u"}
}
,
{
"node": "l",
"frag": "x",
"id": "P334460.l068bf",
"ref": "P334460.10.7",
"inst": "u",
"f": {"lang": "akk-x-neoass",
"form": "x",
"pos": "u"}
}
,
{
"node": "l",
"frag": "x]",
"id": "P334460.l068c0",
"ref": "P334460.10.8",
"inst": "u",
"f": {"lang": "akk-x-neoass",
"form": "x",
"pos": "u"}
}
,
{
"node": "d",
"type": "line-start",
"ref": "P334460.11",
"n": "10",
"label": "o 10"}
,
{
"node": "l",
"frag": "is-⸢si⸣",
"id": "P334460.l068c1",
"ref": "P334460.11.1",
"inst": "u",
"f": {"lang": "akk-x-neoass",
"form": "is-si",
"pos": "u"}
}
,
{
"node": "l",
"frag": "[x",
"id": "P334460.l068c2",
"ref": "P334460.11.2",
"inst": "u",
"f": {"lang": "akk-x-neoass",
"form": "x",
"pos": "u"}
}
,
{
"node": "l",
"frag": "x",
"id": "P334460.l068c3",
"ref": "P334460.11.3",
"inst": "u",
"f": {"lang": "akk-x-neoass",
"form": "x",
"pos": "u"}
}
,
{
"node": "l",
"frag": "x",
"id": "P334460.l068c4",
"ref": "P334460.11.4",
"inst": "u",
"f": {"lang": "akk-x-neoass",
"form": "x",
"pos": "u"}
}
,
{
"node": "l",
"frag": "x",
"id": "P334460.l068c5",
"ref": "P334460.11.5",
"inst": "u",
"f": {"lang": "akk-x-neoass",
"form": "x",
"pos": "u"}
}
,
{
"node": "l",
"frag": "x",
"id": "P334460.l068c6",
"ref": "P334460.11.6",
"inst": "u",
"f": {"lang": "akk-x-neoass",
"form": "x",
"pos": "u"}
}
,
{
"node": "l",
"frag": "x]",
"id": "P334460.l068c7",
"ref": "P334460.11.7",
"inst": "u",
"f": {"lang": "akk-x-neoass",
"form": "x",
"pos": "u"}
}
,
{
"node": "d",
"type": "line-start",
"ref": "P334460.12",
"n": "11",
"label": "o 11"}
,
{
"node": "l",
"frag": "ki-i",
"id": "P334460.l068c8",
"ref": "P334460.12.1",
"inst": "kî[like]PRP",
"sig": "@saao/saa10%akk-x-neoass:ki-i=kī[like//just as]PRP'PRP$kî",
"f": {"lang": "akk-x-neoass",
"form": "ki-i",
"cf": "kī",
"gw": "like",
"sense": "just as",
"norm": "kî",
"pos": "PRP",
"epos": "PRP"}
}
,
{
"node": "l",
"frag": "[x",
"id": "P334460.l068c9",
"ref": "P334460.12.2",
"inst": "u",
"f": {"lang": "akk-x-neoass",
"form": "x",
"pos": "u"}
}
,
{
"node": "l",
"frag": "x",
"id": "P334460.l068ca",
"ref": "P334460.12.3",
"inst": "u",
"f": {"lang": "akk-x-neoass",
"form": "x",
"pos": "u"}
}
,
{
"node": "l",
"frag": "x",
"id": "P334460.l068cb",
"ref": "P334460.12.4",
"inst": "u",
"f": {"lang": "akk-x-neoass",
"form": "x",
"pos": "u"}
}
,
{
"node": "l",
"frag": "x",
"id": "P334460.l068cc",
"ref": "P334460.12.5",
"inst": "u",
"f": {"lang": "akk-x-neoass",
"form": "x",
"pos": "u"}
}
,
{
"node": "l",
"frag": "x",
"id": "P334460.l068cd",
"ref": "P334460.12.6",
"inst": "u",
"f": {"lang": "akk-x-neoass",
"form": "x",
"pos": "u"}
}
,
{
"node": "l",
"frag": "x]",
"id": "P334460.l068ce",
"ref": "P334460.12.7",
"inst": "u",
"f": {"lang": "akk-x-neoass",
"form": "x",
"pos": "u"}
}
,
{
"node": "d",
"type": "line-start",
"ref": "P334460.13",
"n": "12",
"label": "o 12"}
,
{
"node": "l",
"frag": "{d}30",
"id": "P334460.l068cf",
"ref": "P334460.13.1",
"inst": "Sin[1]DN",
"sig": "@saao/saa10%akk-x-neoass:{d}30=Sin[1//1]DN'DN$Sin",
"f": {"lang": "akk-x-neoass",
"form": "{d}30",
"cf": "Sin",
"gw": "1",
"sense": "1",
"norm": "Sin",
"pos": "DN",
"epos": "DN"}
}
,
{
"node": "l",
"frag": "[x",
"id": "P334460.l068d0",
"ref": "P334460.13.2",
"inst": "u",
"f": {"lang": "akk-x-neoass",
"form": "x",
"pos": "u"}
}
,
{
"node": "l",
"frag": "x",
"id": "P334460.l068d1",
"ref": "P334460.13.3",
"inst": "u",
"f": {"lang": "akk-x-neoass",
"form": "x",
"pos": "u"}
}
,
{
"node": "l",
"frag": "x",
"id": "P334460.l068d2",
"ref": "P334460.13.4",
"inst": "u",
"f": {"lang": "akk-x-neoass",
"form": "x",
"pos": "u"}
}
,
{
"node": "l",
"frag": "x",
"id": "P334460.l068d3",
"ref": "P334460.13.5",
"inst": "u",
"f": {"lang": "akk-x-neoass",
"form": "x",
"pos": "u"}
}
,
{
"node": "l",
"frag": "x",
"id": "P334460.l068d4",
"ref": "P334460.13.6",
"inst": "u",
"f": {"lang": "akk-x-neoass",
"form": "x",
"pos": "u"}
}
,
{
"node": "l",
"frag": "x",
"id": "P334460.l068d5",
"ref": "P334460.13.7",
"inst": "u",
"f": {"lang": "akk-x-neoass",
"form": "x",
"pos": "u"}
}
,
{
"node": "l",
"frag": "x]",
"id": "P334460.l068d6",
"ref": "P334460.13.8",
"inst": "u",
"f": {"lang": "akk-x-neoass",
"form": "x",
"pos": "u"}
}
,
{
"node": "d",
"type": "line-start",
"ref": "P334460.14",
"n": "13",
"label": "o 13"}
,
{
"node": "l",
"frag": "a-na",
"id": "P334460.l068d7",
"ref": "P334460.14.1",
"inst": "ana[to]PRP",
"sig": "@saao/saa10%akk-x-neoass:a-na=ana[to//to]PRP'PRP$ana",
"f": {"lang": "akk-x-neoass",
"form": "a-na",
"cf": "ana",
"gw": "to",
"sense": "to",
"norm": "ana",
"pos": "PRP",
"epos": "PRP"}
}
,
{
"node": "l",
"frag": "[x",
"id": "P334460.l068d8",
"ref": "P334460.14.2",
"inst": "u",
"f": {"lang": "akk-x-neoass",
"form": "x",
"pos": "u"}
}
,
{
"node": "l",
"frag": "x",
"id": "P334460.l068d9",
"ref": "P334460.14.3",
"inst": "u",
"f": {"lang": "akk-x-neoass",
"form": "x",
"pos": "u"}
}
,
{
"node": "l",
"frag": "x",
"id": "P334460.l068da",
"ref": "P334460.14.4",
"inst": "u",
"f": {"lang": "akk-x-neoass",
"form": "x",
"pos": "u"}
}
,
{
"node": "l",
"frag": "x",
"id": "P334460.l068db",
"ref": "P334460.14.5",
"inst": "u",
"f": {"lang": "akk-x-neoass",
"form": "x",
"pos": "u"}
}
,
{
"node": "l",
"frag": "x",
"id": "P334460.l068dc",
"ref": "P334460.14.6",
"inst": "u",
"f": {"lang": "akk-x-neoass",
"form": "x",
"pos": "u"}
}
,
{
"node": "l",
"frag": "x",
"id": "P334460.l068dd",
"ref": "P334460.14.7",
"inst": "u",
"f": {"lang": "akk-x-neoass",
"form": "x",
"pos": "u"}
}
,
{
"node": "l",
"frag": "x]",
"id": "P334460.l068de",
"ref": "P334460.14.8",
"inst": "u",
"f": {"lang": "akk-x-neoass",
"form": "x",
"pos": "u"}
}
,
{
"node": "d",
"type": "line-start",
"ref": "P334460.15",
"n": "14",
"label": "o 14"}
,
{
"node": "l",
"frag": "um",
"id": "P334460.l068df",
"ref": "P334460.15.1",
"inst": "u",
"f": {"lang": "akk-x-neoass",
"form": "um",
"pos": "u"}
}
,
{
"node": "l",
"frag": "[x",
"id": "P334460.l068e0",
"ref": "P334460.15.2",
"inst": "u",
"f": {"lang": "akk-x-neoass",
"form": "x",
"pos": "u"}
}
,
{
"node": "l",
"frag": "x",
"id": "P334460.l068e1",
"ref": "P334460.15.3",
"inst": "u",
"f": {"lang": "akk-x-neoass",
"form": "x",
"pos": "u"}
}
,
{
"node": "l",
"frag": "x",
"id": "P334460.l068e2",
"ref": "P334460.15.4",
"inst": "u",
"f": {"lang": "akk-x-neoass",
"form": "x",
"pos": "u"}
}
,
{
"node": "l",
"frag": "x",
"id": "P334460.l068e3",
"ref": "P334460.15.5",
"inst": "u",
"f": {"lang": "akk-x-neoass",
"form": "x",
"pos": "u"}
}
,
{
"node": "l",
"frag": "x",
"id": "P334460.l068e4",
"ref": "P334460.15.6",
"inst": "u",
"f": {"lang": "akk-x-neoass",
"form": "x",
"pos": "u"}
}
,
{
"node": "l",
"frag": "x",
"id": "P334460.l068e5",
"ref": "P334460.15.7",
"inst": "u",
"f": {"lang": "akk-x-neoass",
"form": "x",
"pos": "u"}
}
,
{
"node": "l",
"frag": "x]",
"id": "P334460.l068e6",
"ref": "P334460.15.8",
"inst": "u",
"f": {"lang": "akk-x-neoass",
"form": "x",
"pos": "u"}
}
,
{
"node": "d",
"type": "line-start",
"ref": "P334460.16",
"n": "15",
"label": "o 15"}
,
{
"node": "l",
"frag": "ša",
"id": "P334460.l068e7",
"ref": "P334460.16.1",
"inst": "ša[of]DET",
"sig": "@saao/saa10%akk-x-neoass:ša=ša[of//of]DET'DET$ša",
"f": {"lang": "akk-x-neoass",
"form": "ša",
"cf": "ša",
"gw": "of",
"sense": "of",
"norm": "ša",
"pos": "DET",
"epos": "DET"}
}
,
{
"node": "l",
"frag": "[x",
"id": "P334460.l068e8",
"ref": "P334460.16.2",
"inst": "u",
"f": {"lang": "akk-x-neoass",
"form": "x",
"pos": "u"}
}
,
{
"node": "l",
"frag": "x",
"id": "P334460.l068e9",
"ref": "P334460.16.3",
"inst": "u",
"f": {"lang": "akk-x-neoass",
"form": "x",
"pos": "u"}
}
,
{
"node": "l",
"frag": "x",
"id": "P334460.l068ea",
"ref": "P334460.16.4",
"inst": "u",
"f": {"lang": "akk-x-neoass",
"form": "x",
"pos": "u"}
}
,
{
"node": "l",
"frag": "x",
"id": "P334460.l068eb",
"ref": "P334460.16.5",
"inst": "u",
"f": {"lang": "akk-x-neoass",
"form": "x",
"pos": "u"}
}
,
{
"node": "l",
"frag": "x",
"id": "P334460.l068ec",
"ref": "P334460.16.6",
"inst": "u",
"f": {"lang": "akk-x-neoass",
"form": "x",
"pos": "u"}
}
,
{
"node": "l",
"frag": "x",
"id": "P334460.l068ed",
"ref": "P334460.16.7",
"inst": "u",
"f": {"lang": "akk-x-neoass",
"form": "x",
"pos": "u"}
}
,
{
"node": "l",
"frag": "x",
"id": "P334460.l068ee",
"ref": "P334460.16.8",
"inst": "u",
"f": {"lang": "akk-x-neoass",
"form": "x",
"pos": "u"}
}
,
{
"node": "l",
"frag": "x]",
"id": "P334460.l068ef",
"ref": "P334460.16.9",
"inst": "u",
"f": {"lang": "akk-x-neoass",
"form": "x",
"pos": "u"}
}
,
{
"node": "d",
"type": "nonx",
"ref": "P334460.17",
"strict": "0",
"extent": "rest",
"state": "missing"}
,
{
"node": "d",
"subtype": "reverse",
"type": "surface",
"ref": "P334460.r.18",
"type": "reverse",
"label": "r"}
,
{
"node": "d",
"type": "nonx",
"ref": "P334460.19",
"strict": "0",
"extent": "beginning",
"state": "missing"}
,
{
"node": "d",
"type": "line-start",
"ref": "P334460.20",
"n": "1'",
"label": "r 1'"}
,
{
"node": "l",
"frag": "a-na",
"id": "P334460.l068f0",
"ref": "P334460.20.1",
"inst": "ana[to]PRP",
"sig": "@saao/saa10%akk-x-neoass:a-na=ana[to//to]PRP'PRP$ana",
"f": {"lang": "akk-x-neoass",
"form": "a-na",
"cf": "ana",
"gw": "to",
"sense": "to",
"norm": "ana",
"pos": "PRP",
"epos": "PRP"}
}
,
{
"node": "l",
"frag": "[x",
"id": "P334460.l068f1",
"ref": "P334460.20.2",
"inst": "u",
"f": {"lang": "akk-x-neoass",
"form": "x",
"pos": "u"}
}
,
{
"node": "l",
"frag": "x",
"id": "P334460.l068f2",
"ref": "P334460.20.3",
"inst": "u",
"f": {"lang": "akk-x-neoass",
"form": "x",
"pos": "u"}
}
,
{
"node": "l",
"frag": "x",
"id": "P334460.l068f3",
"ref": "P334460.20.4",
"inst": "u",
"f": {"lang": "akk-x-neoass",
"form": "x",
"pos": "u"}
}
,
{
"node": "l",
"frag": "x",
"id": "P334460.l068f4",
"ref": "P334460.20.5",
"inst": "u",
"f": {"lang": "akk-x-neoass",
"form": "x",
"pos": "u"}
}
,
{
"node": "l",
"frag": "x",
"id": "P334460.l068f5",
"ref": "P334460.20.6",
"inst": "u",
"f": {"lang": "akk-x-neoass",
"form": "x",
"pos": "u"}
}
,
{
"node": "l",
"frag": "x]",
"id": "P334460.l068f6",
"ref": "P334460.20.7",
"inst": "u",
"f": {"lang": "akk-x-neoass",
"form": "x",
"pos": "u"}
}
,
{
"node": "d",
"type": "line-start",
"ref": "P334460.21",
"n": "2'",
"label": "r 2'"}
,
{
"node": "l",
"frag": "lu-bi-[lu",
"id": "P334460.l068f7",
"ref": "P334460.21.1",
"inst": "lūbilu[bring]V",
"sig": "@saao/saa10%akk-x-neoass:lu-bi-lu=wabālu[bring//bring]V'V$lūbilu",
"f": {"lang": "akk-x-neoass",
"form": "lu-bi-lu",
"cf": "wabālu",
"gw": "bring",
"sense": "bring",
"norm": "lūbilu",
"pos": "V",
"epos": "V"}
}
,
{
"node": "l",
"frag": "x",
"id": "P334460.l068f8",
"ref": "P334460.21.2",
"inst": "u",
"f": {"lang": "akk-x-neoass",
"form": "x",
"pos": "u"}
}
,
{
"node": "l",
"frag": "x",
"id": "P334460.l068f9",
"ref": "P334460.21.3",
"inst": "u",
"f": {"lang": "akk-x-neoass",
"form": "x",
"pos": "u"}
}
,
{
"node": "l",
"frag": "x",
"id": "P334460.l068fa",
"ref": "P334460.21.4",
"inst": "u",
"f": {"lang": "akk-x-neoass",
"form": "x",
"pos": "u"}
}
,
{
"node": "l",
"frag": "x",
"id": "P334460.l068fb",
"ref": "P334460.21.5",
"inst": "u",
"f": {"lang": "akk-x-neoass",
"form": "x",
"pos": "u"}
}
,
{
"node": "l",
"frag": "x]",
"id": "P334460.l068fc",
"ref": "P334460.21.6",
"inst": "u",
"f": {"lang": "akk-x-neoass",
"form": "x",
"pos": "u"}
}
,
{
"node": "d",
"type": "line-start",
"ref": "P334460.22",
"n": "3'",
"label": "r 3'"}
,
{
"node": "l",
"frag": "ki-i",
"id": "P334460.l068fd",
"ref": "P334460.22.1",
"inst": "kî[like]PRP",
"sig": "@saao/saa10%akk-x-neoass:ki-i=kī[like//just as]PRP'PRP$kî",
"f": {"lang": "akk-x-neoass",
"form": "ki-i",
"cf": "kī",
"gw": "like",
"sense": "just as",
"norm": "kî",
"pos": "PRP",
"epos": "PRP"}
}
,
{
"node": "l",
"frag": "an-⸢nim⸣-[ma",
"id": "P334460.l068fe",
"ref": "P334460.22.2",
"inst": "annimma[this]DP",
"sig": "@saao/saa10%akk-x-neoass:an-nim-ma=annû[this//this]DP'DP$annimma",
"f": {"lang": "akk-x-neoass",
"form": "an-nim-ma",
"cf": "annû",
"gw": "this",
"sense": "this",
"norm": "annimma",
"pos": "DP",
"epos": "DP"}
}
,
{
"node": "l",
"frag": "le-pu-šu₂]",
"id": "P334460.l068ff",
"ref": "P334460.22.3",
"inst": "lēpušu[perform]V",
"sig": "@saao/saa10%akk-x-neoass:le-pu-šu₂=epēšu[do//perform]V'V$lēpušu",
"f": {"lang": "akk-x-neoass",
"form": "le-pu-šu₂",
"cf": "epēšu",
"gw": "do",
"sense": "perform",
"norm": "lēpušu",
"pos": "V",
"epos": "V"}
}
,
{
"node": "d",
"type": "line-start",
"ref": "P334460.23",
"n": "4'",
"label": "r 4'"}
,
{
"node": "l",
"frag": "šu-mu",
"id": "P334460.l06900",
"ref": "P334460.23.1",
"inst": "šumu[name]N",
"sig": "@saao/saa10%akk-x-neoass:šu-mu=šumu[name//omen]N'N$šumu",
"f": {"lang": "akk-x-neoass",
"form": "šu-mu",
"cf": "šumu",
"gw": "name",
"sense": "omen",
"norm": "šumu",
"pos": "N",
"epos": "N"}
}
,
{
"node": "l",
"frag": "ša₂",
"id": "P334460.l06901",
"ref": "P334460.23.2",
"inst": "ša[of]DET",
"sig": "@saao/saa10%akk-x-neoass:ša₂=ša[of//of]DET'DET$ša",
"f": {"lang": "akk-x-neoass",
"form": "ša₂",
"cf": "ša",
"gw": "of",
"sense": "of",
"norm": "ša",
"pos": "DET",
"epos": "DET"}
}
,
{
"node": "l",
"frag": "DUMU-[MAN]",
"id": "P334460.l06902",
"ref": "P334460.23.3",
"cof-tails": "P334460.l06903",
"inst": "mār[son+=crown prince]N&šarri[king]N",
"sig": "@saao/saa10%akk-x-neoass:DUMU-MAN=māru[son//son]N'N$mār&&@saao/saa10%akk-x-neoass:=šarru[king//king]N'N$šarri",
"f": {"lang": "akk-x-neoass",
"form": "DUMU-MAN",
"cf": "māru",
"gw": "son",
"sense": "son",
"norm": "mār",
"pos": "N",
"epos": "N"}
}
,
{
"node": "l",
"frag": "DUMU-[MAN]",
"id": "P334460.l06903",
"ref": "P334460.23.3",
"cof-head": "P334460.l06902",
"inst": "mār[son+=crown prince]N&šarri[king]N",
"f": {"lang": "akk-x-neoass",
"form": "DUMU-MAN",
"cf": "šarru",
"gw": "king",
"sense": "king",
"norm": "šarri",
"pos": "N",
"epos": "N"}
}
,
{
"node": "d",
"type": "line-start",
"ref": "P334460.24",
"n": "5'",
"label": "r 5'"}
,
{
"node": "l",
"frag": "ina",
"id": "P334460.l06904",
"ref": "P334460.24.1",
"inst": "ina[in]PRP",
"sig": "@saao/saa10%akk-x-neoass:ina=ina[in//from]PRP'PRP$ina",
"f": {"lang": "akk-x-neoass",
"form": "ina",
"cf": "ina",
"gw": "in",
"sense": "from",
"norm": "ina",
"pos": "PRP",
"epos": "PRP"}
}
,
{
"node": "l",
"frag": "UGU-hi",
"id": "P334460.l06905",
"ref": "P334460.24.2",
"inst": "muhhi[skull]N",
"sig": "@saao/saa10%akk-x-neoass:UGU-hi=muhhu[skull//skull]N'N$muhhi",
"f": {"lang": "akk-x-neoass",
"form": "UGU-hi",
"cf": "muhhu",
"gw": "skull",
"sense": "skull",
"norm": "muhhi",
"pos": "N",
"epos": "N"}
}
,
{
"node": "l",
"frag": "li-iz-[ku-ru]",
"id": "P334460.l06906",
"ref": "P334460.24.3",
"inst": "+zakāru[speak//pronounce]V'V$lizkuru",
"sig": "@saao/saa10%akk-x-neoass:li-iz-ku-ru=zakāru[speak//pronounce]V'V$lizkuru",
"f": {"lang": "akk-x-neoass",
"form": "li-iz-ku-ru",
"cf": "zakāru",
"gw": "speak",
"sense": "pronounce",
"norm": "lizkuru",
"pos": "V",
"epos": "V"}
}
,
{
"node": "d",
"type": "line-start",
"ref": "P334460.25",
"n": "6'",
"label": "r 6'"}
,
{
"node": "l",
"frag": "be-lit",
"id": "P334460.l06907",
"ref": "P334460.25.1",
"inst": "bēlet[lady]N",
"sig": "@saao/saa10%akk-x-neoass:be-lit=bēltu[lady//lady]N'N$bēlet",
"f": {"lang": "akk-x-neoass",
"form": "be-lit",
"cf": "bēltu",
"gw": "lady",
"sense": "lady",
"norm": "bēlet",
"pos": "N",
"epos": "N"}
}
,
{
"node": "l",
"frag": "taš-me-e",
"id": "P334460.l06908",
"ref": "P334460.25.2",
"inst": "+tešmû[attention//concord]N'N$tašmê",
"sig": "@saao/saa10%akk-x-neoass:taš-me-e=tešmû[attention//concord]N'N$tašmê",
"f": {"lang": "akk-x-neoass",
"form": "taš-me-e",
"cf": "tešmû",
"gw": "attention",
"sense": "concord",
"norm": "tašmê",
"pos": "N",
"epos": "N"}
}
,
{
"node": "l",
"frag": "u",
"id": "P334460.l06909",
"ref": "P334460.25.3",
"inst": "u[and]CNJ",
"sig": "@saao/saa10%akk-x-neoass:u=u[and//and]CNJ'CNJ$u",
"f": {"lang": "akk-x-neoass",
"form": "u",
"cf": "u",
"gw": "and",
"sense": "and",
"norm": "u",
"pos": "CNJ",
"epos": "CNJ"}
}
,
{
"node": "l",
"frag": "⸢sa⸣-[li-me]",
"id": "P334460.l0690a",
"ref": "P334460.25.4",
"inst": "+salīmu[peace]N$salīme",
"sig": "@saao/saa10%akk-x-neoass:sa-li-me=salīmu[peace//peace]N'N$salīme",
"f": {"lang": "akk-x-neoass",
"form": "sa-li-me",
"cf": "salīmu",
"gw": "peace",
"sense": "peace",
"norm": "salīme",
"pos": "N",
"epos": "N"}
}
,
{
"node": "d",
"type": "line-start",
"ref": "P334460.26",
"n": "7'",
"label": "r 7'"}
,
{
"node": "l",
"frag": "ina",
"id": "P334460.l0690b",
"ref": "P334460.26.1",
"inst": "ina[in]PRP",
"sig": "@saao/saa10%akk-x-neoass:ina=ina[in//from]PRP'PRP$ina",
"f": {"lang": "akk-x-neoass",
"form": "ina",
"cf": "ina",
"gw": "in",
"sense": "from",
"norm": "ina",
"pos": "PRP",
"epos": "PRP"}
}
,
{
"node": "l",
"frag": "UGU",
"id": "P334460.l0690c",
"ref": "P334460.26.2",
"inst": "muhhi[skull]N",
"sig": "@saao/saa10%akk-x-neoass:UGU=muhhu[skull//skull]N'N$muhhi",
"f": {"lang": "akk-x-neoass",
"form": "UGU",
"cf": "muhhu",
"gw": "skull",
"sense": "skull",
"norm": "muhhi",
"pos": "N",
"epos": "N"}
}
,
{
"node": "l",
"frag": "šu-me",
"id": "P334460.l0690d",
"ref": "P334460.26.3",
"inst": "šume[name]N",
"sig": "@saao/saa10%akk-x-neoass:šu-me=šumu[name//omen]N'N$šume",
"f": {"lang": "akk-x-neoass",
"form": "šu-me",
"cf": "šumu",
"gw": "name",
"sense": "omen",
"norm": "šume",
"pos": "N",
"epos": "N"}
}
,
{
"node": "l",
"frag": "ša₂",
"id": "P334460.l0690e",
"ref": "P334460.26.4",
"inst": "ša[of]DET",
"sig": "@saao/saa10%akk-x-neoass:ša₂=ša[of//of]DET'DET$ša",
"f": {"lang": "akk-x-neoass",
"form": "ša₂",
"cf": "ša",
"gw": "of",
"sense": "of",
"norm": "ša",
"pos": "DET",
"epos": "DET"}
}
,
{
"node": "l",
"frag": "[DUMU-MAN]",
"id": "P334460.l0690f",
"ref": "P334460.26.5",
"cof-tails": "P334460.l06910",
"inst": "mār[son+=crown prince]N&šarri[king]N",
"sig": "@saao/saa10%akk-x-neoass:DUMU-MAN=māru[son//son]N'N$mār&&@saao/saa10%akk-x-neoass:=šarru[king//king]N'N$šarri",
"f": {"lang": "akk-x-neoass",
"form": "DUMU-MAN",
"cf": "māru",
"gw": "son",
"sense": "son",
"norm": "mār",
"pos": "N",
"epos": "N"}
}
,
{
"node": "l",
"frag": "[DUMU-MAN]",
"id": "P334460.l06910",
"ref": "P334460.26.5",
"cof-head": "P334460.l0690f",
"inst": "mār[son+=crown prince]N&šarri[king]N",
"f": {"lang": "akk-x-neoass",
"form": "DUMU-MAN",
"cf": "šarru",
"gw": "king",
"sense": "king",
"norm": "šarri",
"pos": "N",
"epos": "N"}
}
,
{
"node": "d",
"type": "line-start",
"ref": "P334460.27",
"n": "8'",
"label": "r 8'"}
,
{
"node": "l",
"frag": "a-na",
"id": "P334460.l06911",
"ref": "P334460.27.1",
"inst": "ana[to]PRP",
"sig": "@saao/saa10%akk-x-neoass:a-na=ana[to//to]PRP'PRP$ana",
"f": {"lang": "akk-x-neoass",
"form": "a-na",
"cf": "ana",
"gw": "to",
"sense": "to",
"norm": "ana",
"pos": "PRP",
"epos": "PRP"}
}
,
{
"node": "l",
"frag": "LUGAL",
"id": "P334460.l06912",
"ref": "P334460.27.2",
"inst": "šarri[king]N",
"sig": "@saao/saa10%akk-x-neoass:LUGAL=šarru[king//king]N'N$šarri",
"f": {"lang": "akk-x-neoass",
"form": "LUGAL",
"cf": "šarru",
"gw": "king",
"sense": "king",
"norm": "šarri",
"pos": "N",
"epos": "N"}
}
,
{
"node": "l",
"frag": "be-li₂-ia₂",
"id": "P334460.l06913",
"ref": "P334460.27.3",
"inst": "bēlīya[lord]N",
"sig": "@saao/saa10%akk-x-neoass:be-li₂-ia₂=bēlu[lord//lord]N'N$bēlīya",
"f": {"lang": "akk-x-neoass",
"form": "be-li₂-ia₂",
"cf": "bēlu",
"gw": "lord",
"sense": "lord",
"norm": "bēlīya",
"pos": "N",
"epos": "N"}
}
,
{
"node": "l",
"frag": "u",
"id": "P334460.l06914",
"ref": "P334460.27.4",
"inst": "u[and]CNJ",
"sig": "@saao/saa10%akk-x-neoass:u=u[and//and]CNJ'CNJ$u",
"f": {"lang": "akk-x-neoass",
"form": "u",
"cf": "u",
"gw": "and",
"sense": "and",
"norm": "u",
"pos": "CNJ",
"epos": "CNJ"}
}
,
{
"node": "l",
"frag": "[E₂-šu₂]",
"id": "P334460.l06915",
"ref": "P334460.27.5",
"inst": "bētīšu[house]N",
"sig": "@saao/saa10%akk-x-neoass:E₂-šu₂=bītu[house//house]N'N$bētīšu",
"f": {"lang": "akk-x-neoass",
"form": "E₂-šu₂",
"cf": "bītu",
"gw": "house",
"sense": "house",
"norm": "bētīšu",
"pos": "N",
"epos": "N"}
}
,
{
"node": "d",
"type": "line-start",
"ref": "P334460.28",
"n": "9'",
"label": "r 9'"}
,
{
"node": "l",
"frag": "sa-li-mu",
"id": "P334460.l06916",
"ref": "P334460.28.1",
"inst": "+salīmu[peace]N$",
"sig": "@saao/saa10%akk-x-neoass:sa-li-mu=salīmu[peace//peace]N'N$salīmu",
"f": {"lang": "akk-x-neoass",
"form": "sa-li-mu",
"cf": "salīmu",
"gw": "peace",
"sense": "peace",
"norm": "salīmu",
"pos": "N",
"epos": "N"}
}
,
{
"node": "l",
"frag": "ta-ra-aš₂-ši",
"id": "P334460.l06917",
"ref": "P334460.28.2",
"inst": "+rašû[acquire]V$tarašši",
"sig": "@saao/saa10%akk-x-neoass:ta-ra-aš₂-ši=rašû[acquire//acquire]V'V$tarašši",
"f": {"lang": "akk-x-neoass",
"form": "ta-ra-aš₂-ši",
"cf": "rašû",
"gw": "acquire",
"sense": "acquire",
"norm": "tarašši",
"pos": "V",
"epos": "V"}
}
,
{
"node": "d",
"type": "nonx",
"ref": "P334460.29",
"strict": "0",
"extent": "rest",
"state": "other"}
]}
]}
]}
]}
