{
"type": "cdl",
  "source": "http://oracc.org/saao/saa10",
  "license": "This data is released under the CC0 license",
  "license-url": "https://creativecommons.org/publicdomain/zero/1.0/",
  "more-info": "http://oracc.org/doc/opendata/",
  "UTC-timestamp": "2017-05-19T11:42:53",
"project": "saao/saa10",
"textid": "P334490",
"cdl": [
{
"node": "c",
"type": "text",
"id": "P334490.U0",
"cdl": [
{
"node": "d",
"type": "object",
"ref": ""}
,
{
"node": "d",
"subtype": "obverse",
"type": "surface",
"ref": "P334490.o.1",
"type": "obverse",
"label": "o"}
,
{
"node": "c",
"type": "discourse",
"subtype": "body",
"id": "P334490.U1",
"cdl": [
{
"node": "c",
"type": "sentence",
"id": "P334490.U2",
"label": "o 1 - r.e. 15",
"cdl": [
{
"node": "d",
"type": "line-start",
"ref": "P334490.2",
"n": "1",
"label": "o 1"}
,
{
"node": "l",
"frag": "[a-na]",
"id": "P334490.l01022",
"ref": "P334490.2.1",
"inst": "ana[to]PRP",
"sig": "@saao/saa10%akk-x-neoass:a-na=ana[to//to]PRP'PRP$ana",
"f": {"lang": "akk-x-neoass",
"form": "a-na",
"cf": "ana",
"gw": "to",
"sense": "to",
"norm": "ana",
"pos": "PRP",
"epos": "PRP"}
}
,
{
"node": "l",
"frag": "⸢LUGAL⸣",
"id": "P334490.l01023",
"ref": "P334490.2.2",
"inst": "šarri[king]N",
"sig": "@saao/saa10%akk-x-neoass:LUGAL=šarru[king//king]N'N$šarri",
"f": {"lang": "akk-x-neoass",
"form": "LUGAL",
"cf": "šarru",
"gw": "king",
"sense": "king",
"norm": "šarri",
"pos": "N",
"epos": "N"}
}
,
{
"node": "l",
"frag": "EN-[ni]",
"id": "P334490.l01024",
"ref": "P334490.2.3",
"inst": "bēlīni[lord]N",
"sig": "@saao/saa10%akk-x-neoass:EN-ni=bēlu[lord//lord]N'N$bēlīni",
"f": {"lang": "akk-x-neoass",
"form": "EN-ni",
"cf": "bēlu",
"gw": "lord",
"sense": "lord",
"norm": "bēlīni",
"pos": "N",
"epos": "N"}
}
,
{
"node": "d",
"type": "line-start",
"ref": "P334490.3",
"n": "2",
"label": "o 2"}
,
{
"node": "l",
"frag": "[ARAD-MEŠ]-ka",
"id": "P334490.l01025",
"ref": "P334490.3.1",
"inst": "urdānīka[servant]N",
"sig": "@saao/saa10%akk-x-neoass:ARAD-MEŠ-ka=ardu[slave//servant]N'N$urdānīka",
"f": {"lang": "akk-x-neoass",
"form": "ARAD-MEŠ-ka",
"cf": "ardu",
"gw": "slave",
"sense": "servant",
"norm": "urdānīka",
"pos": "N",
"epos": "N"}
}
,
{
"node": "l",
"frag": "{1}ba-la-si-⸢i⸣",
"id": "P334490.l01026",
"ref": "P334490.3.2",
"inst": "Balasi[1]PN",
"sig": "@saao/saa10%akk-x-neoass:{1}ba-la-si-i=Balasi[1//1]PN'PN$Balasi",
"f": {"lang": "akk-x-neoass",
"form": "{1}ba-la-si-i",
"cf": "Balasi",
"gw": "1",
"sense": "1",
"norm": "Balasi",
"pos": "PN",
"epos": "PN"}
}
,
{
"node": "d",
"type": "line-start",
"ref": "P334490.4",
"n": "3",
"label": "o 3"}
,
{
"node": "l",
"frag": "{1}{d}PA]-PAB-MEŠ-SU",
"id": "P334490.l01027",
"ref": "P334490.4.1",
"inst": "Nabu-ahhe-eriba[1]PN",
"sig": "@saao/saa10%akk-x-neoass:{1}{d}PA-PAB-MEŠ-SU=Nabu-ahhe-eriba[1//1]PN'PN$Nabu-ahhe-eriba",
"f": {"lang": "akk-x-neoass",
"form": "{1}{d}PA-PAB-MEŠ-SU",
"cf": "Nabu-ahhe-eriba",
"gw": "1",
"sense": "1",
"norm": "Nabu-ahhe-eriba",
"pos": "PN",
"epos": "PN"}
}
,
{
"node": "d",
"type": "line-start",
"ref": "P334490.5",
"n": "4",
"label": "o 4"}
,
{
"node": "l",
"frag": "[lu]",
"id": "P334490.l01028",
"ref": "P334490.5.1",
"inst": "lū[may]MOD",
"sig": "@saao/saa10%akk-x-neoass:lu=lū[may//may]MOD'MOD$lū",
"f": {"lang": "akk-x-neoass",
"form": "lu",
"cf": "lū",
"gw": "may",
"sense": "may",
"norm": "lū",
"pos": "MOD",
"epos": "MOD"}
}
,
{
"node": "l",
"frag": "⸢DI⸣-mu",
"id": "P334490.l01029",
"ref": "P334490.5.2",
"inst": "šulmu[health]N",
"sig": "@saao/saa10%akk-x-neoass:DI-mu=šulmu[completeness//health]N'N$šulmu",
"f": {"lang": "akk-x-neoass",
"form": "DI-mu",
"cf": "šulmu",
"gw": "completeness",
"sense": "health",
"norm": "šulmu",
"pos": "N",
"epos": "N"}
}
,
{
"node": "l",
"frag": "a-na",
"id": "P334490.l0102a",
"ref": "P334490.5.3",
"inst": "ana[to]PRP",
"sig": "@saao/saa10%akk-x-neoass:a-na=ana[to//to]PRP'PRP$ana",
"f": {"lang": "akk-x-neoass",
"form": "a-na",
"cf": "ana",
"gw": "to",
"sense": "to",
"norm": "ana",
"pos": "PRP",
"epos": "PRP"}
}
,
{
"node": "l",
"frag": "LUGAL",
"id": "P334490.l0102b",
"ref": "P334490.5.4",
"inst": "šarri[king]N",
"sig": "@saao/saa10%akk-x-neoass:LUGAL=šarru[king//king]N'N$šarri",
"f": {"lang": "akk-x-neoass",
"form": "LUGAL",
"cf": "šarru",
"gw": "king",
"sense": "king",
"norm": "šarri",
"pos": "N",
"epos": "N"}
}
,
{
"node": "d",
"type": "line-start",
"ref": "P334490.6",
"n": "5",
"label": "o 5"}
,
{
"node": "l",
"frag": "[EN]-ni",
"id": "P334490.l0102c",
"ref": "P334490.6.1",
"inst": "bēlīni[lord]N",
"sig": "@saao/saa10%akk-x-neoass:EN-ni=bēlu[lord//lord]N'N$bēlīni",
"f": {"lang": "akk-x-neoass",
"form": "EN-ni",
"cf": "bēlu",
"gw": "lord",
"sense": "lord",
"norm": "bēlīni",
"pos": "N",
"epos": "N"}
}
,
{
"node": "d",
"type": "line-start",
"ref": "P334490.7",
"n": "6",
"label": "o 6"}
,
{
"node": "l",
"frag": "{[d]}PA",
"id": "P334490.l0102d",
"ref": "P334490.7.1",
"inst": "Nabu[1]DN",
"sig": "@saao/saa10%akk-x-neoass:{d}PA=Nabu[1//1]DN'DN$Nabu",
"f": {"lang": "akk-x-neoass",
"form": "{d}PA",
"cf": "Nabu",
"gw": "1",
"sense": "1",
"norm": "Nabu",
"pos": "DN",
"epos": "DN"}
}
,
{
"node": "l",
"frag": "{d}AMAR.UTU",
"id": "P334490.l0102e",
"ref": "P334490.7.2",
"inst": "Marduk[1]DN",
"sig": "@saao/saa10%akk-x-neoass:{d}AMAR.UTU=Marduk[1//1]DN'DN$Marduk",
"f": {"lang": "akk-x-neoass",
"form": "{d}AMAR.UTU",
"cf": "Marduk",
"gw": "1",
"sense": "1",
"norm": "Marduk",
"pos": "DN",
"epos": "DN"}
}
,
{
"node": "d",
"type": "line-start",
"ref": "P334490.8",
"n": "7",
"label": "o 7"}
,
{
"node": "l",
"frag": "[a]-⸢na⸣",
"id": "P334490.l0102f",
"ref": "P334490.8.1",
"inst": "ana[to]PRP",
"sig": "@saao/saa10%akk-x-neoass:a-na=ana[to//to]PRP'PRP$ana",
"f": {"lang": "akk-x-neoass",
"form": "a-na",
"cf": "ana",
"gw": "to",
"sense": "to",
"norm": "ana",
"pos": "PRP",
"epos": "PRP"}
}
,
{
"node": "l",
"frag": "LUGAL",
"id": "P334490.l01030",
"ref": "P334490.8.2",
"inst": "šarri[king]N",
"sig": "@saao/saa10%akk-x-neoass:LUGAL=šarru[king//king]N'N$šarri",
"f": {"lang": "akk-x-neoass",
"form": "LUGAL",
"cf": "šarru",
"gw": "king",
"sense": "king",
"norm": "šarri",
"pos": "N",
"epos": "N"}
}
,
{
"node": "l",
"frag": "EN-ni",
"id": "P334490.l01031",
"ref": "P334490.8.3",
"inst": "bēlīni[lord]N",
"sig": "@saao/saa10%akk-x-neoass:EN-ni=bēlu[lord//lord]N'N$bēlīni",
"f": {"lang": "akk-x-neoass",
"form": "EN-ni",
"cf": "bēlu",
"gw": "lord",
"sense": "lord",
"norm": "bēlīni",
"pos": "N",
"epos": "N"}
}
,
{
"node": "d",
"type": "line-start",
"ref": "P334490.9",
"n": "8",
"label": "o 8"}
,
{
"node": "l",
"frag": "[lik]-ru-bu",
"id": "P334490.l01032",
"ref": "P334490.9.1",
"inst": "likrubu[bless]V",
"sig": "@saao/saa10%akk-x-neoass:lik-ru-bu=karābu[pray//bless]V'V$likrubu",
"f": {"lang": "akk-x-neoass",
"form": "lik-ru-bu",
"cf": "karābu",
"gw": "pray",
"sense": "bless",
"norm": "likrubu",
"pos": "V",
"epos": "V"}
}
,
{
"node": "d",
"type": "line-start",
"ref": "P334490.10",
"n": "9",
"label": "o 9"}
,
{
"node": "l",
"frag": "[ina]",
"id": "P334490.l01033",
"ref": "P334490.10.1",
"inst": "ina[in]PRP",
"sig": "@saao/saa10%akk-x-neoass:ina=ina[in//from]PRP'PRP$ina",
"f": {"lang": "akk-x-neoass",
"form": "ina",
"cf": "ina",
"gw": "in",
"sense": "from",
"norm": "ina",
"pos": "PRP",
"epos": "PRP"}
}
,
{
"node": "l",
"frag": "⸢UGU⸣",
"id": "P334490.l01034",
"ref": "P334490.10.2",
"inst": "muhhi[skull]N",
"sig": "@saao/saa10%akk-x-neoass:UGU=muhhu[skull//skull]N'N$muhhi",
"f": {"lang": "akk-x-neoass",
"form": "UGU",
"cf": "muhhu",
"gw": "skull",
"sense": "skull",
"norm": "muhhi",
"pos": "N",
"epos": "N"}
}
,
{
"node": "l",
"frag": "{mul}UDU.IDIM.GUD.UD",
"id": "P334490.l01035",
"ref": "P334490.10.3",
"inst": "+Šihṭu[Mercury]CN$Šihṭi",
"sig": "@saao/saa10%akk-x-neoass:{MUL}UDU.IDIM.GUD.UD=Šihṭu[Mercury//Mercury]CN'CN$Šihṭi",
"f": {"lang": "akk-x-neoass",
"form": "{MUL}UDU.IDIM.GUD.UD",
"cf": "Šihṭu",
"gw": "Mercury",
"sense": "Mercury",
"norm": "Šihṭi",
"pos": "CN",
"epos": "CN"}
}
,
{
"node": "d",
"type": "line-start",
"ref": "P334490.11",
"n": "10",
"label": "o 10"}
,
{
"node": "l",
"frag": "[ša]",
"id": "P334490.l01036",
"ref": "P334490.11.1",
"inst": "ša[which]REL",
"sig": "@saao/saa10%akk-x-neoass:ša=ša[that//which]REL'REL$ša",
"f": {"lang": "akk-x-neoass",
"form": "ša",
"cf": "ša",
"gw": "that",
"sense": "which",
"norm": "ša",
"pos": "REL",
"epos": "REL"}
}
,
{
"node": "l",
"frag": "LUGAL",
"id": "P334490.l01037",
"ref": "P334490.11.2",
"inst": "šarru[king]N",
"sig": "@saao/saa10%akk-x-neoass:LUGAL=šarru[king//king]N'N$šarru",
"f": {"lang": "akk-x-neoass",
"form": "LUGAL",
"cf": "šarru",
"gw": "king",
"sense": "king",
"norm": "šarru",
"pos": "N",
"epos": "N"}
}
,
{
"node": "l",
"frag": "EN-ni",
"id": "P334490.l01038",
"ref": "P334490.11.3",
"inst": "bēlīni[lord]N",
"sig": "@saao/saa10%akk-x-neoass:EN-ni=bēlu[lord//lord]N'N$bēlīni",
"f": {"lang": "akk-x-neoass",
"form": "EN-ni",
"cf": "bēlu",
"gw": "lord",
"sense": "lord",
"norm": "bēlīni",
"pos": "N",
"epos": "N"}
}
,
{
"node": "d",
"type": "line-start",
"ref": "P334490.12",
"n": "11",
"label": "o 11"}
,
{
"node": "l",
"frag": "[iš]-pur-an-na-ši-ni",
"id": "P334490.l01039",
"ref": "P334490.12.1",
"inst": "išpurannāšīni[write]V",
"sig": "@saao/saa10%akk-x-neoass:iš-pur-an-na-ši-ni=šapāru[send//write]V'V$išpurannāšīni",
"f": {"lang": "akk-x-neoass",
"form": "iš-pur-an-na-ši-ni",
"cf": "šapāru",
"gw": "send",
"sense": "write",
"norm": "išpurannāšīni",
"pos": "V",
"epos": "V"}
}
,
{
"node": "d",
"type": "line-start",
"ref": "P334490.13",
"n": "12",
"label": "o 12"}
,
{
"node": "l",
"frag": "[ma-a]",
"id": "P334490.l0103a",
"ref": "P334490.13.1",
"inst": "mā[saying]PRP",
"sig": "@saao/saa10%akk-x-neoass:ma-a=mā[saying//saying]PRP'PRP$mā",
"f": {"lang": "akk-x-neoass",
"form": "ma-a",
"cf": "mā",
"gw": "saying",
"sense": "saying",
"norm": "mā",
"pos": "PRP",
"epos": "PRP"}
}
,
{
"node": "l",
"frag": "⸢šu⸣-u₂",
"id": "P334490.l0103b",
"ref": "P334490.13.2",
"inst": "šû[it]IP",
"sig": "@saao/saa10%akk-x-neoass:šu-u₂=šū[he//it]IP'IP$šû",
"f": {"lang": "akk-x-neoass",
"form": "šu-u₂",
"cf": "šū",
"gw": "he",
"sense": "it",
"norm": "šû",
"pos": "IP",
"epos": "IP"}
}
,
{
"node": "d",
"subtype": "bottom",
"type": "surface",
"ref": "P334490.b.e..14",
"type": "bottom",
"label": "b.e."}
,
{
"node": "d",
"type": "line-start",
"ref": "P334490.15",
"n": "13",
"label": "b.e. 13"}
,
{
"node": "l",
"frag": "[ina]",
"id": "P334490.l0103c",
"ref": "P334490.15.1",
"inst": "ina[in]PRP",
"sig": "@saao/saa10%akk-x-neoass:ina=ina[in//from]PRP'PRP$ina",
"f": {"lang": "akk-x-neoass",
"form": "ina",
"cf": "ina",
"gw": "in",
"sense": "from",
"norm": "ina",
"pos": "PRP",
"epos": "PRP"}
}
,
{
"node": "l",
"frag": "⸢KA₂⸣.DINGIR.RA",
"id": "P334490.l0103d",
"ref": "P334490.15.2",
"inst": "+Babili[Babylon]GN$",
"sig": "@saao/saa10%akk-x-neoass:KA₂.DINGIR.RA=Babili[Babylon//Babylon]GN'GN$Babili",
"f": {"lang": "akk-x-neoass",
"form": "KA₂.DINGIR.RA",
"cf": "Babili",
"gw": "Babylon",
"sense": "Babylon",
"norm": "Babili",
"pos": "GN",
"epos": "GN"}
}
,
{
"node": "d",
"type": "line-start",
"ref": "P334490.16",
"n": "14",
"label": "b.e. 14"}
,
{
"node": "l",
"frag": "[IGI-mar]",
"id": "P334490.l0103e",
"ref": "P334490.16.1",
"inst": "+amāru[see//be(come) visible]V'V$ittammar",
"sig": "@saao/saa10%akk-x-neoass:IGI-mar=amāru[see//be(come) visible]V'V$ittammar",
"f": {"lang": "akk-x-neoass",
"form": "IGI-mar",
"cf": "amāru",
"gw": "see",
"sense": "be(come) visible",
"norm": "ittammar",
"pos": "V",
"epos": "V"}
}
,
{
"node": "l",
"frag": "⸢as⸣-se-me",
"id": "P334490.l0103f",
"ref": "P334490.16.2",
"inst": "asseme[hear]V",
"sig": "@saao/saa10%akk-x-neoass:as-se-me=šemû[hear//hear]V'V$asseme",
"f": {"lang": "akk-x-neoass",
"form": "as-se-me",
"cf": "šemû",
"gw": "hear",
"sense": "hear",
"norm": "asseme",
"pos": "V",
"epos": "V"}
}
,
{
"node": "d",
"subtype": "reverse",
"type": "surface",
"ref": "P334490.r.17",
"type": "reverse",
"label": "r"}
,
{
"node": "d",
"type": "line-start",
"ref": "P334490.18",
"n": "1",
"label": "r 1"}
,
{
"node": "l",
"frag": "[ša]",
"id": "P334490.l01040",
"ref": "P334490.18.1",
"inst": "ša[who]REL",
"sig": "@saao/saa10%akk-x-neoass:ša=ša[that//who]REL'REL$ša",
"f": {"lang": "akk-x-neoass",
"form": "ša",
"cf": "ša",
"gw": "that",
"sense": "who",
"norm": "ša",
"pos": "REL",
"epos": "REL"}
}
,
{
"node": "l",
"frag": "a-na",
"id": "P334490.l01041",
"ref": "P334490.18.2",
"inst": "ana[to]PRP",
"sig": "@saao/saa10%akk-x-neoass:a-na=ana[to//to]PRP'PRP$ana",
"f": {"lang": "akk-x-neoass",
"form": "a-na",
"cf": "ana",
"gw": "to",
"sense": "to",
"norm": "ana",
"pos": "PRP",
"epos": "PRP"}
}
,
{
"node": "l",
"frag": "LUGAL",
"id": "P334490.l01042",
"ref": "P334490.18.3",
"inst": "šarri[king]N",
"sig": "@saao/saa10%akk-x-neoass:LUGAL=šarru[king//king]N'N$šarri",
"f": {"lang": "akk-x-neoass",
"form": "LUGAL",
"cf": "šarru",
"gw": "king",
"sense": "king",
"norm": "šarri",
"pos": "N",
"epos": "N"}
}
,
{
"node": "d",
"type": "line-start",
"ref": "P334490.19",
"n": "2",
"label": "r 2"}
,
{
"node": "l",
"frag": "[EN]-ni",
"id": "P334490.l01043",
"ref": "P334490.19.1",
"inst": "bēlīni[lord]N",
"sig": "@saao/saa10%akk-x-neoass:EN-ni=bēlu[lord//lord]N'N$bēlīni",
"f": {"lang": "akk-x-neoass",
"form": "EN-ni",
"cf": "bēlu",
"gw": "lord",
"sense": "lord",
"norm": "bēlīni",
"pos": "N",
"epos": "N"}
}
,
{
"node": "l",
"frag": "iš-pur-an-ni",
"id": "P334490.l01044",
"ref": "P334490.19.2",
"inst": "išpuranni[write]V",
"sig": "@saao/saa10%akk-x-neoass:iš-pur-an-ni=šapāru[send//write]V'V$išpuranni",
"f": {"lang": "akk-x-neoass",
"form": "iš-pur-an-ni",
"cf": "šapāru",
"gw": "send",
"sense": "write",
"norm": "išpuranni",
"pos": "V",
"epos": "V"}
}
,
{
"node": "d",
"type": "line-start",
"ref": "P334490.20",
"n": "3",
"label": "r 3"}
,
{
"node": "l",
"frag": "[ina]",
"id": "P334490.l01045",
"ref": "P334490.20.1",
"inst": "ina[in]PRP",
"sig": "@saao/saa10%akk-x-neoass:ina=ina[in//from]PRP'PRP$ina",
"f": {"lang": "akk-x-neoass",
"form": "ina",
"cf": "ina",
"gw": "in",
"sense": "from",
"norm": "ina",
"pos": "PRP",
"epos": "PRP"}
}
,
{
"node": "l",
"frag": "ket-ti-šu₂",
"id": "P334490.l01046",
"ref": "P334490.20.2",
"inst": "+kittu[truth]N$kettīšu",
"sig": "@saao/saa10%akk-x-neoass:ket-ti-šu₂=kittu[truth//truth]N'N$kettīšu",
"f": {"lang": "akk-x-neoass",
"form": "ket-ti-šu₂",
"cf": "kittu",
"gw": "truth",
"sense": "truth",
"norm": "kettīšu",
"pos": "N",
"epos": "N"}
}
,
{
"node": "d",
"type": "line-start",
"ref": "P334490.21",
"n": "4",
"label": "r 4"}
,
{
"node": "l",
"frag": "[is]-su-ri",
"id": "P334490.l01047",
"ref": "P334490.21.1",
"inst": "issurri[perhaps]AV",
"sig": "@saao/saa10%akk-x-neoass:is-su-ri=issurri[perhaps//perhaps]AV'AV$issurri",
"f": {"lang": "akk-x-neoass",
"form": "is-su-ri",
"cf": "issurri",
"gw": "perhaps",
"sense": "perhaps",
"norm": "issurri",
"pos": "AV",
"epos": "AV"}
}
,
{
"node": "l",
"frag": "e-ta-mar",
"id": "P334490.l01048",
"ref": "P334490.21.2",
"inst": "ētamar[see]V",
"sig": "@saao/saa10%akk-x-neoass:e-ta-mar=amāru[see//see]V'V$ētamar",
"f": {"lang": "akk-x-neoass",
"form": "e-ta-mar",
"cf": "amāru",
"gw": "see",
"sense": "see",
"norm": "ētamar",
"pos": "V",
"epos": "V"}
}
,
{
"node": "d",
"type": "line-start",
"ref": "P334490.22",
"n": "5",
"label": "r 5"}
,
{
"node": "l",
"frag": "⸢IGI⸣.2-šu₂",
"id": "P334490.l01049",
"ref": "P334490.22.1",
"inst": "+īnu[eye]N$ēnšu",
"sig": "@saao/saa10%akk-x-neoass:IGI.2-šu₂=īnu[eye//eye]N'N$ēnšu",
"f": {"lang": "akk-x-neoass",
"form": "IGI.2-šu₂",
"cf": "īnu",
"gw": "eye",
"sense": "eye",
"norm": "ēnšu",
"pos": "N",
"epos": "N"}
}
,
{
"node": "l",
"frag": "ina",
"id": "P334490.l0104a",
"ref": "P334490.22.2",
"inst": "ina[in]PRP",
"sig": "@saao/saa10%akk-x-neoass:ina=ina[in//from]PRP'PRP$ina",
"f": {"lang": "akk-x-neoass",
"form": "ina",
"cf": "ina",
"gw": "in",
"sense": "from",
"norm": "ina",
"pos": "PRP",
"epos": "PRP"}
}
,
{
"node": "l",
"frag": "UGU-hi",
"id": "P334490.l0104b",
"ref": "P334490.22.3",
"inst": "muhhi[skull]N",
"sig": "@saao/saa10%akk-x-neoass:UGU-hi=muhhu[skull//skull]N'N$muhhi",
"f": {"lang": "akk-x-neoass",
"form": "UGU-hi",
"cf": "muhhu",
"gw": "skull",
"sense": "skull",
"norm": "muhhi",
"pos": "N",
"epos": "N"}
}
,
{
"node": "d",
"type": "line-start",
"ref": "P334490.23",
"n": "6",
"label": "r 6"}
,
{
"node": "l",
"frag": "⸢ta⸣-tu-qut",
"id": "P334490.l0104c",
"ref": "P334490.23.1",
"inst": "+maqātu[fall]V$tattuqut",
"sig": "@saao/saa10%akk-x-neoass:ta-tu-qut=maqātu[fall//fall]V'V$tattuqut",
"f": {"lang": "akk-x-neoass",
"form": "ta-tu-qut",
"cf": "maqātu",
"gw": "fall",
"sense": "fall",
"norm": "tattuqut",
"pos": "V",
"epos": "V"}
}
,
{
"node": "d",
"type": "line-start",
"ref": "P334490.24",
"n": "7",
"label": "r 7"}
,
{
"node": "l",
"frag": "[a]-ni-nu",
"id": "P334490.l0104d",
"ref": "P334490.24.1",
"inst": "anīnu[we]IP",
"sig": "@saao/saa10%akk-x-neoass:a-ni-nu=anīnu[we//we]IP'IP$anīnu",
"f": {"lang": "akk-x-neoass",
"form": "a-ni-nu",
"cf": "anīnu",
"gw": "we",
"sense": "we",
"norm": "anīnu",
"pos": "IP",
"epos": "IP"}
}
,
{
"node": "l",
"frag": "ni-ta-ṣar",
"id": "P334490.l0104e",
"ref": "P334490.24.2",
"inst": "nittaṣar[keep guard]V",
"sig": "@saao/saa10%akk-x-neoass:ni-ta-ṣar=naṣāru[guard//keep guard]V'V$nittaṣar",
"f": {"lang": "akk-x-neoass",
"form": "ni-ta-ṣar",
"cf": "naṣāru",
"gw": "guard",
"sense": "keep guard",
"norm": "nittaṣar",
"pos": "V",
"epos": "V"}
}
,
{
"node": "d",
"type": "line-start",
"ref": "P334490.25",
"n": "8",
"label": "r 8"}
,
{
"node": "l",
"frag": "⸢la⸣",
"id": "P334490.l0104f",
"ref": "P334490.25.1",
"inst": "lā[not]MOD",
"sig": "@saao/saa10%akk-x-neoass:la=lā[not//not]MOD'MOD$lā",
"f": {"lang": "akk-x-neoass",
"form": "la",
"cf": "lā",
"gw": "not",
"sense": "not",
"norm": "lā",
"pos": "MOD",
"epos": "MOD"}
}
,
{
"node": "l",
"frag": "ne₂-mu-ur",
"id": "P334490.l01050",
"ref": "P334490.25.2",
"inst": "+amāru[see]V$nēmur",
"sig": "@saao/saa10%akk-x-neoass:ne₂-mu-ur=amāru[see//see]V'V$nēmur",
"f": {"lang": "akk-x-neoass",
"form": "ne₂-mu-ur",
"cf": "amāru",
"gw": "see",
"sense": "see",
"norm": "nēmur",
"pos": "V",
"epos": "V"}
}
,
{
"node": "d",
"type": "line-start",
"ref": "P334490.26",
"n": "9",
"label": "r 9"}
,
{
"node": "l",
"frag": "01-⸢en⸣",
"id": "P334490.l01051",
"ref": "P334490.26.1",
"inst": "issēn[one]NU",
"sig": "@saao/saa10%akk-x-neoass:01-en=ištēn[one//one]NU'NU$issēn",
"f": {"lang": "akk-x-neoass",
"form": "01-en",
"cf": "ištēn",
"gw": "one",
"sense": "one",
"norm": "issēn",
"pos": "NU",
"epos": "NU"}
}
,
{
"node": "l",
"frag": "UD-mu",
"id": "P334490.l01052",
"ref": "P334490.26.2",
"inst": "ūmu[day]N",
"sig": "@saao/saa10%akk-x-neoass:UD-mu=ūmu[day//day]N'N$ūmu",
"f": {"lang": "akk-x-neoass",
"form": "UD-mu",
"cf": "ūmu",
"gw": "day",
"sense": "day",
"norm": "ūmu",
"pos": "N",
"epos": "N"}
}
,
{
"node": "l",
"frag": "lu",
"id": "P334490.l01053",
"ref": "P334490.26.3",
"inst": "lū[may]MOD",
"sig": "@saao/saa10%akk-x-neoass:lu=lū[may//may]MOD'MOD$lū",
"f": {"lang": "akk-x-neoass",
"form": "lu",
"cf": "lū",
"gw": "may",
"sense": "may",
"norm": "lū",
"pos": "MOD",
"epos": "MOD"}
}
,
{
"node": "l",
"frag": "ha-ri-ip",
"id": "P334490.l01054",
"ref": "P334490.26.4",
"inst": "harip[early]AJ",
"sig": "@saao/saa10%akk-x-neoass:ha-ri-ip=harpu[early//early]AJ'AJ$harip",
"f": {"lang": "akk-x-neoass",
"form": "ha-ri-ip",
"cf": "harpu",
"gw": "early",
"sense": "early",
"norm": "harip",
"pos": "AJ",
"epos": "AJ"}
}
,
{
"node": "d",
"type": "line-start",
"ref": "P334490.27",
"n": "10",
"label": "r 10"}
,
{
"node": "l",
"frag": "01-⸢en⸣",
"id": "P334490.l01055",
"ref": "P334490.27.1",
"inst": "issēn[one]NU",
"sig": "@saao/saa10%akk-x-neoass:01-en=ištēn[one//one]NU'NU$issēn",
"f": {"lang": "akk-x-neoass",
"form": "01-en",
"cf": "ištēn",
"gw": "one",
"sense": "one",
"norm": "issēn",
"pos": "NU",
"epos": "NU"}
}
,
{
"node": "l",
"frag": "UD-mu",
"id": "P334490.l01056",
"ref": "P334490.27.2",
"inst": "ūmu[day]N",
"sig": "@saao/saa10%akk-x-neoass:UD-mu=ūmu[day//day]N'N$ūmu",
"f": {"lang": "akk-x-neoass",
"form": "UD-mu",
"cf": "ūmu",
"gw": "day",
"sense": "day",
"norm": "ūmu",
"pos": "N",
"epos": "N"}
}
,
{
"node": "l",
"frag": "lu",
"id": "P334490.l01057",
"ref": "P334490.27.3",
"inst": "lū[may]MOD",
"sig": "@saao/saa10%akk-x-neoass:lu=lū[may//may]MOD'MOD$lū",
"f": {"lang": "akk-x-neoass",
"form": "lu",
"cf": "lū",
"gw": "may",
"sense": "may",
"norm": "lū",
"pos": "MOD",
"epos": "MOD"}
}
,
{
"node": "l",
"frag": "na-si-ki",
"id": "P334490.l01058",
"ref": "P334490.27.4",
"inst": "+nasku[thrown down//lying flat]AJ'AJ$nasīki",
"sig": "@saao/saa10%akk-x-neoass:na-si-ki=nasku[thrown down//lying flat]AJ'AJ$nasīki",
"f": {"lang": "akk-x-neoass",
"form": "na-si-ki",
"cf": "nasku",
"gw": "thrown down",
"sense": "lying flat",
"norm": "nasīki",
"pos": "AJ",
"epos": "AJ"}
}
,
{
"node": "d",
"type": "line-start",
"ref": "P334490.28",
"n": "11",
"label": "r 11"}
,
{
"node": "l",
"frag": "[e]-ni-in-ni",
"id": "P334490.l01059",
"ref": "P334490.28.1",
"inst": "+īnu[eye]N$ēninni",
"sig": "@saao/saa10%akk-x-neoass:e-ni-in-ni=īnu[eye//eye]N'N$ēninni",
"f": {"lang": "akk-x-neoass",
"form": "e-ni-in-ni",
"cf": "īnu",
"gw": "eye",
"sense": "eye",
"norm": "ēninni",
"pos": "N",
"epos": "N"}
}
,
{
"node": "d",
"type": "line-start",
"ref": "P334490.29",
"n": "12",
"label": "r 12"}
,
{
"node": "l",
"frag": "[ina]",
"id": "P334490.l0105a",
"ref": "P334490.29.1",
"inst": "ina[in]PRP",
"sig": "@saao/saa10%akk-x-neoass:ina=ina[in//from]PRP'PRP$ina",
"f": {"lang": "akk-x-neoass",
"form": "ina",
"cf": "ina",
"gw": "in",
"sense": "from",
"norm": "ina",
"pos": "PRP",
"epos": "PRP"}
}
,
{
"node": "l",
"frag": "⸢UGU⸣-hi",
"id": "P334490.l0105b",
"ref": "P334490.29.2",
"inst": "muhhi[skull]N",
"sig": "@saao/saa10%akk-x-neoass:UGU-hi=muhhu[skull//skull]N'N$muhhi",
"f": {"lang": "akk-x-neoass",
"form": "UGU-hi",
"cf": "muhhu",
"gw": "skull",
"sense": "skull",
"norm": "muhhi",
"pos": "N",
"epos": "N"}
}
,
{
"node": "l",
"frag": "⸢lu",
"id": "P334490.l0105c",
"ref": "P334490.29.3",
"inst": "lū[may]MOD",
"sig": "@saao/saa10%akk-x-neoass:lu=lū[may//may]MOD'MOD$lū",
"f": {"lang": "akk-x-neoass",
"form": "lu",
"cf": "lū",
"gw": "may",
"sense": "may",
"norm": "lū",
"pos": "MOD",
"epos": "MOD"}
}
,
{
"node": "l",
"frag": "ta⸣-qut",
"id": "P334490.l0105d",
"ref": "P334490.29.4",
"inst": "+maqātu[fall]V$taqqut",
"sig": "@saao/saa10%akk-x-neoass:ta-qut=maqātu[fall//fall]V'V$taqqut",
"f": {"lang": "akk-x-neoass",
"form": "ta-qut",
"cf": "maqātu",
"gw": "fall",
"sense": "fall",
"norm": "taqqut",
"pos": "V",
"epos": "V"}
}
,
{
"node": "d",
"type": "line-start",
"ref": "P334490.30",
"n": "13",
"label": "r 13"}
,
{
"node": "l",
"frag": "[x",
"id": "P334490.l0105e",
"ref": "P334490.30.1",
"inst": "u",
"f": {"lang": "akk-x-neoass",
"form": "x",
"pos": "u"}
}
,
{
"node": "l",
"frag": "x",
"id": "P334490.l0105f",
"ref": "P334490.30.2",
"inst": "u",
"f": {"lang": "akk-x-neoass",
"form": "x",
"pos": "u"}
}
,
{
"node": "l",
"frag": "x]",
"id": "P334490.l01060",
"ref": "P334490.30.3",
"inst": "u",
"f": {"lang": "akk-x-neoass",
"form": "x",
"pos": "u"}
}
,
{
"node": "l",
"frag": "⸢x",
"id": "P334490.l01061",
"ref": "P334490.30.4",
"inst": "u",
"f": {"lang": "akk-x-neoass",
"form": "x",
"pos": "u"}
}
,
{
"node": "l",
"frag": "x⸣",
"id": "P334490.l01062",
"ref": "P334490.30.5",
"inst": "u",
"f": {"lang": "akk-x-neoass",
"form": "x",
"pos": "u"}
}
,
{
"node": "l",
"frag": "[x",
"id": "P334490.l01063",
"ref": "P334490.30.6",
"inst": "u",
"f": {"lang": "akk-x-neoass",
"form": "x",
"pos": "u"}
}
,
{
"node": "l",
"frag": "x]",
"id": "P334490.l01064",
"ref": "P334490.30.7",
"inst": "u",
"f": {"lang": "akk-x-neoass",
"form": "x",
"pos": "u"}
}
,
{
"node": "d",
"subtype": "right",
"type": "surface",
"ref": "P334490.r.e..31",
"type": "right",
"label": "r.e."}
,
{
"node": "d",
"type": "line-start",
"ref": "P334490.32",
"n": "14",
"label": "r.e. 14"}
,
{
"node": "l",
"frag": "[x",
"id": "P334490.l01065",
"ref": "P334490.32.1",
"inst": "u",
"f": {"lang": "akk-x-neoass",
"form": "x",
"pos": "u"}
}
,
{
"node": "l",
"frag": "x",
"id": "P334490.l01066",
"ref": "P334490.32.2",
"inst": "u",
"f": {"lang": "akk-x-neoass",
"form": "x",
"pos": "u"}
}
,
{
"node": "l",
"frag": "x",
"id": "P334490.l01067",
"ref": "P334490.32.3",
"inst": "u",
"f": {"lang": "akk-x-neoass",
"form": "x",
"pos": "u"}
}
,
{
"node": "l",
"frag": "x]",
"id": "P334490.l01068",
"ref": "P334490.32.4",
"inst": "u",
"f": {"lang": "akk-x-neoass",
"form": "x",
"pos": "u"}
}
,
{
"node": "l",
"frag": "⸢x⸣",
"id": "P334490.l01069",
"ref": "P334490.32.5",
"inst": "u",
"f": {"lang": "akk-x-neoass",
"form": "x",
"pos": "u"}
}
,
{
"node": "l",
"frag": "[x",
"id": "P334490.l0106a",
"ref": "P334490.32.6",
"inst": "u",
"f": {"lang": "akk-x-neoass",
"form": "x",
"pos": "u"}
}
,
{
"node": "l",
"frag": "x]",
"id": "P334490.l0106b",
"ref": "P334490.32.7",
"inst": "u",
"f": {"lang": "akk-x-neoass",
"form": "x",
"pos": "u"}
}
,
{
"node": "d",
"type": "line-start",
"ref": "P334490.33",
"n": "15",
"label": "r.e. 15"}
,
{
"node": "l",
"frag": "[x",
"id": "P334490.l0106c",
"ref": "P334490.33.1",
"inst": "u",
"f": {"lang": "akk-x-neoass",
"form": "x",
"pos": "u"}
}
,
{
"node": "l",
"frag": "x",
"id": "P334490.l0106d",
"ref": "P334490.33.2",
"inst": "u",
"f": {"lang": "akk-x-neoass",
"form": "x",
"pos": "u"}
}
,
{
"node": "l",
"frag": "x",
"id": "P334490.l0106e",
"ref": "P334490.33.3",
"inst": "u",
"f": {"lang": "akk-x-neoass",
"form": "x",
"pos": "u"}
}
,
{
"node": "l",
"frag": "x]-me",
"id": "P334490.l0106f",
"ref": "P334490.33.4",
"inst": "u",
"f": {"lang": "akk-x-neoass",
"form": "x-me",
"pos": "u"}
}
,
{
"node": "l",
"frag": "[o]",
"id": "P334490.l01070",
"ref": "P334490.33.5",
"inst": "u",
"f": {"lang": "akk-x-neoass",
"form": "o",
"pos": "u"}
}
]}
]}
]}
]}
