{
"type": "cdl",
  "source": "http://oracc.org/saao/saa10",
  "license": "This data is released under the CC0 license",
  "license-url": "https://creativecommons.org/publicdomain/zero/1.0/",
  "more-info": "http://oracc.org/doc/opendata/",
  "UTC-timestamp": "2017-05-19T11:42:43",
"project": "saao/saa10",
"textid": "P334261",
"cdl": [
{
"node": "c",
"type": "text",
"id": "P334261.U0",
"cdl": [
{
"node": "d",
"type": "object",
"ref": ""}
,
{
"node": "d",
"subtype": "obverse",
"type": "surface",
"ref": "P334261.o.1",
"type": "obverse",
"label": "o"}
,
{
"node": "c",
"type": "discourse",
"subtype": "body",
"id": "P334261.U1",
"cdl": [
{
"node": "c",
"type": "sentence",
"id": "P334261.U2",
"label": "o 1 - r 16",
"cdl": [
{
"node": "d",
"type": "line-start",
"ref": "P334261.2",
"n": "1",
"label": "o 1"}
,
{
"node": "l",
"frag": "a-na",
"id": "P334261.l00b69",
"ref": "P334261.2.1",
"inst": "ana[to]PRP",
"sig": "@saao/saa10%akk-x-neoass:a-na=ana[to//to]PRP'PRP$ana",
"f": {"lang": "akk-x-neoass",
"form": "a-na",
"cf": "ana",
"gw": "to",
"sense": "to",
"norm": "ana",
"pos": "PRP",
"epos": "PRP"}
}
,
{
"node": "l",
"frag": "LUGAL",
"id": "P334261.l00b6a",
"ref": "P334261.2.2",
"inst": "šarri[king]N",
"sig": "@saao/saa10%akk-x-neoass:LUGAL=šarru[king//king]N'N$šarri",
"f": {"lang": "akk-x-neoass",
"form": "LUGAL",
"cf": "šarru",
"gw": "king",
"sense": "king",
"norm": "šarri",
"pos": "N",
"epos": "N"}
}
,
{
"node": "l",
"frag": "EN-ia",
"id": "P334261.l00b6b",
"ref": "P334261.2.3",
"inst": "bēlīya[lord]N",
"sig": "@saao/saa10%akk-x-neoass:EN-ia=bēlu[lord//lord]N'N$bēlīya",
"f": {"lang": "akk-x-neoass",
"form": "EN-ia",
"cf": "bēlu",
"gw": "lord",
"sense": "lord",
"norm": "bēlīya",
"pos": "N",
"epos": "N"}
}
,
{
"node": "d",
"type": "line-start",
"ref": "P334261.3",
"n": "2",
"label": "o 2"}
,
{
"node": "l",
"frag": "ARAD-ka",
"id": "P334261.l00b6c",
"ref": "P334261.3.1",
"inst": "urdaka[servant]N",
"sig": "@saao/saa10%akk-x-neoass:ARAD-ka=ardu[slave//servant]N'N$urdaka",
"f": {"lang": "akk-x-neoass",
"form": "ARAD-ka",
"cf": "ardu",
"gw": "slave",
"sense": "servant",
"norm": "urdaka",
"pos": "N",
"epos": "N"}
}
,
{
"node": "l",
"frag": "{1}15--MU-KAM-eš",
"id": "P334261.l00b6d",
"ref": "P334261.3.2",
"inst": "Issar-šumu-ereš[1]PN",
"sig": "@saao/saa10%akk-x-neoass:{1}15-MU-KAM-eš=Issar-šumu-ereš[1//1]PN'PN$Issar-šumu-ereš",
"f": {"lang": "akk-x-neoass",
"form": "{1}15-MU-KAM-eš",
"cf": "Issar-šumu-ereš",
"gw": "1",
"sense": "1",
"norm": "Issar-šumu-ereš",
"pos": "PN",
"epos": "PN"}
}
,
{
"node": "d",
"type": "line-start",
"ref": "P334261.4",
"n": "3",
"label": "o 3"}
,
{
"node": "l",
"frag": "lu",
"id": "P334261.l00b6e",
"ref": "P334261.4.1",
"inst": "lū[may]MOD",
"sig": "@saao/saa10%akk-x-neoass:lu=lū[may//may]MOD'MOD$lū",
"f": {"lang": "akk-x-neoass",
"form": "lu",
"cf": "lū",
"gw": "may",
"sense": "may",
"norm": "lū",
"pos": "MOD",
"epos": "MOD"}
}
,
{
"node": "l",
"frag": "DI-mu",
"id": "P334261.l00b6f",
"ref": "P334261.4.2",
"inst": "šulmu[health]N",
"sig": "@saao/saa10%akk-x-neoass:DI-mu=šulmu[completeness//health]N'N$šulmu",
"f": {"lang": "akk-x-neoass",
"form": "DI-mu",
"cf": "šulmu",
"gw": "completeness",
"sense": "health",
"norm": "šulmu",
"pos": "N",
"epos": "N"}
}
,
{
"node": "l",
"frag": "a-na",
"id": "P334261.l00b70",
"ref": "P334261.4.3",
"inst": "ana[to]PRP",
"sig": "@saao/saa10%akk-x-neoass:a-na=ana[to//to]PRP'PRP$ana",
"f": {"lang": "akk-x-neoass",
"form": "a-na",
"cf": "ana",
"gw": "to",
"sense": "to",
"norm": "ana",
"pos": "PRP",
"epos": "PRP"}
}
,
{
"node": "l",
"frag": "LUGAL",
"id": "P334261.l00b71",
"ref": "P334261.4.4",
"inst": "šarri[king]N",
"sig": "@saao/saa10%akk-x-neoass:LUGAL=šarru[king//king]N'N$šarri",
"f": {"lang": "akk-x-neoass",
"form": "LUGAL",
"cf": "šarru",
"gw": "king",
"sense": "king",
"norm": "šarri",
"pos": "N",
"epos": "N"}
}
,
{
"node": "l",
"frag": "EN-ia",
"id": "P334261.l00b72",
"ref": "P334261.4.5",
"inst": "bēlīya[lord]N",
"sig": "@saao/saa10%akk-x-neoass:EN-ia=bēlu[lord//lord]N'N$bēlīya",
"f": {"lang": "akk-x-neoass",
"form": "EN-ia",
"cf": "bēlu",
"gw": "lord",
"sense": "lord",
"norm": "bēlīya",
"pos": "N",
"epos": "N"}
}
,
{
"node": "d",
"type": "line-start",
"ref": "P334261.5",
"n": "4",
"label": "o 4"}
,
{
"node": "l",
"frag": "{d}PA",
"id": "P334261.l00b73",
"ref": "P334261.5.1",
"inst": "Nabu[1]DN",
"sig": "@saao/saa10%akk-x-neoass:{d}PA=Nabu[1//1]DN'DN$Nabu",
"f": {"lang": "akk-x-neoass",
"form": "{d}PA",
"cf": "Nabu",
"gw": "1",
"sense": "1",
"norm": "Nabu",
"pos": "DN",
"epos": "DN"}
}
,
{
"node": "l",
"frag": "u",
"id": "P334261.l00b74",
"ref": "P334261.5.2",
"inst": "u[and]CNJ",
"sig": "@saao/saa10%akk-x-neoass:u=u[and//and]CNJ'CNJ$u",
"f": {"lang": "akk-x-neoass",
"form": "u",
"cf": "u",
"gw": "and",
"sense": "and",
"norm": "u",
"pos": "CNJ",
"epos": "CNJ"}
}
,
{
"node": "l",
"frag": "{d}AMAR.UTU",
"id": "P334261.l00b75",
"ref": "P334261.5.3",
"inst": "Marduk[1]DN",
"sig": "@saao/saa10%akk-x-neoass:{d}AMAR.UTU=Marduk[1//1]DN'DN$Marduk",
"f": {"lang": "akk-x-neoass",
"form": "{d}AMAR.UTU",
"cf": "Marduk",
"gw": "1",
"sense": "1",
"norm": "Marduk",
"pos": "DN",
"epos": "DN"}
}
,
{
"node": "d",
"type": "line-start",
"ref": "P334261.6",
"n": "5",
"label": "o 5"}
,
{
"node": "l",
"frag": "a-na",
"id": "P334261.l00b76",
"ref": "P334261.6.1",
"inst": "ana[to]PRP",
"sig": "@saao/saa10%akk-x-neoass:a-na=ana[to//to]PRP'PRP$ana",
"f": {"lang": "akk-x-neoass",
"form": "a-na",
"cf": "ana",
"gw": "to",
"sense": "to",
"norm": "ana",
"pos": "PRP",
"epos": "PRP"}
}
,
{
"node": "l",
"frag": "LUGAL",
"id": "P334261.l00b77",
"ref": "P334261.6.2",
"inst": "šarri[king]N",
"sig": "@saao/saa10%akk-x-neoass:LUGAL=šarru[king//king]N'N$šarri",
"f": {"lang": "akk-x-neoass",
"form": "LUGAL",
"cf": "šarru",
"gw": "king",
"sense": "king",
"norm": "šarri",
"pos": "N",
"epos": "N"}
}
,
{
"node": "l",
"frag": "EN-ia",
"id": "P334261.l00b78",
"ref": "P334261.6.3",
"inst": "bēlīya[lord]N",
"sig": "@saao/saa10%akk-x-neoass:EN-ia=bēlu[lord//lord]N'N$bēlīya",
"f": {"lang": "akk-x-neoass",
"form": "EN-ia",
"cf": "bēlu",
"gw": "lord",
"sense": "lord",
"norm": "bēlīya",
"pos": "N",
"epos": "N"}
}
,
{
"node": "l",
"frag": "lik-ru-bu",
"id": "P334261.l00b79",
"ref": "P334261.6.4",
"inst": "likrubu[bless]V",
"sig": "@saao/saa10%akk-x-neoass:lik-ru-bu=karābu[pray//bless]V'V$likrubu",
"f": {"lang": "akk-x-neoass",
"form": "lik-ru-bu",
"cf": "karābu",
"gw": "pray",
"sense": "bless",
"norm": "likrubu",
"pos": "V",
"epos": "V"}
}
,
{
"node": "d",
"type": "line-start",
"ref": "P334261.7",
"n": "6",
"label": "o 6"}
,
{
"node": "l",
"frag": "ša",
"id": "P334261.l00b7a",
"ref": "P334261.7.1",
"inst": "ša[what]REL",
"sig": "@saao/saa10%akk-x-neoass:ša=ša[that//what]REL'REL$ša",
"f": {"lang": "akk-x-neoass",
"form": "ša",
"cf": "ša",
"gw": "that",
"sense": "what",
"norm": "ša",
"pos": "REL",
"epos": "REL"}
}
,
{
"node": "l",
"frag": "LUGAL",
"id": "P334261.l00b7b",
"ref": "P334261.7.2",
"inst": "šarru[king]N",
"sig": "@saao/saa10%akk-x-neoass:LUGAL=šarru[king//king]N'N$šarru",
"f": {"lang": "akk-x-neoass",
"form": "LUGAL",
"cf": "šarru",
"gw": "king",
"sense": "king",
"norm": "šarru",
"pos": "N",
"epos": "N"}
}
,
{
"node": "l",
"frag": "be-li",
"id": "P334261.l00b7c",
"ref": "P334261.7.3",
"inst": "bēlī[lord]N",
"sig": "@saao/saa10%akk-x-neoass:be-li=bēlu[lord//lord]N'N$bēlī",
"f": {"lang": "akk-x-neoass",
"form": "be-li",
"cf": "bēlu",
"gw": "lord",
"sense": "lord",
"norm": "bēlī",
"pos": "N",
"epos": "N"}
}
,
{
"node": "l",
"frag": "iš-pur-an-ni",
"id": "P334261.l00b7d",
"ref": "P334261.7.4",
"inst": "išpuranni[write]V",
"sig": "@saao/saa10%akk-x-neoass:iš-pur-an-ni=šapāru[send//write]V'V$išpuranni",
"f": {"lang": "akk-x-neoass",
"form": "iš-pur-an-ni",
"cf": "šapāru",
"gw": "send",
"sense": "write",
"norm": "išpuranni",
"pos": "V",
"epos": "V"}
}
,
{
"node": "d",
"type": "line-start",
"ref": "P334261.8",
"n": "7",
"label": "o 7"}
,
{
"node": "l",
"frag": "ma-a",
"id": "P334261.l00b7e",
"ref": "P334261.8.1",
"inst": "mā[saying]PRP",
"sig": "@saao/saa10%akk-x-neoass:ma-a=mā[saying//saying]PRP'PRP$mā",
"f": {"lang": "akk-x-neoass",
"form": "ma-a",
"cf": "mā",
"gw": "saying",
"sense": "saying",
"norm": "mā",
"pos": "PRP",
"epos": "PRP"}
}
,
{
"node": "l",
"frag": "u₂-la",
"id": "P334261.l00b7f",
"ref": "P334261.8.2",
"inst": "+ūla[or//(meaning uncertain)]AV'AV$",
"sig": "@saao/saa10%akk-x-stdbab:u₂-la=ūla[or//(meaning uncertain)]AV'AV$ūla",
"f": {"lang": "akk-x-stdbab",
"form": "u₂-la",
"cf": "ūla",
"gw": "or",
"sense": "(meaning uncertain)",
"norm": "ūla",
"pos": "AV",
"epos": "AV"}
}
,
{
"node": "l",
"frag": "ina",
"id": "P334261.l00b80",
"ref": "P334261.8.3",
"inst": "+ina[in]PRP$",
"sig": "@saao/saa10%akk-x-stdbab:ina=ina[in//in]PRP'PRP$ina",
"f": {"lang": "akk-x-stdbab",
"form": "ina",
"cf": "ina",
"gw": "in",
"sense": "in",
"norm": "ina",
"pos": "PRP",
"epos": "PRP"}
}
,
{
"node": "l",
"frag": "bi-rit",
"id": "P334261.l00b81",
"ref": "P334261.8.4",
"inst": "+birīt[between]PRP$",
"sig": "@saao/saa10%akk-x-stdbab:bi-rit=birīt[between//between]PRP'PRP$birīt",
"f": {"lang": "akk-x-stdbab",
"form": "bi-rit",
"cf": "birīt",
"gw": "between",
"sense": "between",
"norm": "birīt",
"pos": "PRP",
"epos": "PRP"}
}
,
{
"node": "l",
"frag": "pu-ri-di",
"id": "P334261.l00b82",
"ref": "P334261.8.5",
"inst": "+purīdu[leg]N$purīdī",
"sig": "@saao/saa10%akk-x-stdbab:pu-ri-di=purīdu[leg//leg]N'N$purīdī",
"f": {"lang": "akk-x-stdbab",
"form": "pu-ri-di",
"cf": "purīdu",
"gw": "leg",
"sense": "leg",
"norm": "purīdī",
"pos": "N",
"epos": "N"}
}
,
{
"node": "d",
"type": "line-start",
"ref": "P334261.9",
"n": "8",
"label": "o 8"}
,
{
"node": "l",
"frag": "a-me-li",
"id": "P334261.l00b83",
"ref": "P334261.9.1",
"inst": "+awīlu[man]N$amēli",
"sig": "@saao/saa10%akk-x-stdbab:a-me-li=awīlu[man//man]N'N$amēli",
"f": {"lang": "akk-x-stdbab",
"form": "a-me-li",
"cf": "awīlu",
"gw": "man",
"sense": "man",
"norm": "amēli",
"pos": "N",
"epos": "N"}
}
,
{
"node": "l",
"frag": "e-ti-iq",
"id": "P334261.l00b84",
"ref": "P334261.9.2",
"inst": "+etēqu[proceed//pass]V'V$ettiq",
"sig": "@saao/saa10%akk-x-stdbab:e-ti-iq=etēqu[proceed//pass]V'V$ettiq",
"f": {"lang": "akk-x-stdbab",
"form": "e-ti-iq",
"cf": "etēqu",
"gw": "proceed",
"sense": "pass",
"norm": "ettiq",
"pos": "V",
"epos": "V"}
}
,
{
"node": "d",
"type": "line-start",
"ref": "P334261.10",
"n": "9",
"label": "o 9"}
,
{
"node": "l",
"frag": "ina",
"id": "P334261.l00b85",
"ref": "P334261.10.1",
"inst": "ina[in]PRP",
"sig": "@saao/saa10%akk-x-neoass:ina=ina[in//in]PRP'PRP$ina",
"f": {"lang": "akk-x-neoass",
"form": "ina",
"cf": "ina",
"gw": "in",
"sense": "in",
"norm": "ina",
"pos": "PRP",
"epos": "PRP"}
}
,
{
"node": "l",
"frag": "UGU",
"id": "P334261.l00b86",
"ref": "P334261.10.2",
"inst": "muhhi[skull]N",
"sig": "@saao/saa10%akk-x-neoass:UGU=muhhu[skull//skull]N'N$muhhi",
"f": {"lang": "akk-x-neoass",
"form": "UGU",
"cf": "muhhu",
"gw": "skull",
"sense": "skull",
"norm": "muhhi",
"pos": "N",
"epos": "N"}
}
,
{
"node": "l",
"frag": "ša",
"id": "P334261.l00b87",
"ref": "P334261.10.3",
"inst": "ša[that]REL",
"sig": "@saao/saa10%akk-x-neoass:ša=ša[that//when]REL'REL$ša",
"f": {"lang": "akk-x-neoass",
"form": "ša",
"cf": "ša",
"gw": "that",
"sense": "when",
"norm": "ša",
"pos": "REL",
"epos": "REL"}
}
,
{
"node": "l",
"frag": "šap-la",
"id": "P334261.l00b88",
"ref": "P334261.10.4",
"inst": "šapla[under]'PRP",
"sig": "@saao/saa10%akk-x-neoass:šap-la=šaplu[underside//under]N'PRP$šapla",
"f": {"lang": "akk-x-neoass",
"form": "šap-la",
"cf": "šaplu",
"gw": "underside",
"sense": "under",
"norm": "šapla",
"pos": "N",
"epos": "PRP"}
}
,
{
"node": "l",
"frag": "{giš}GIGIR-e",
"id": "P334261.l00b89",
"ref": "P334261.10.5",
"inst": "+mugerru[chariot]N$mugirrê",
"sig": "@saao/saa10%akk-x-neoass:{GIŠ}GIGIR-e=mugerru[chariot//chariot]N'N$mugirrê",
"f": {"lang": "akk-x-neoass",
"form": "{GIŠ}GIGIR-e",
"cf": "mugerru",
"gw": "chariot",
"sense": "chariot",
"norm": "mugirrê",
"pos": "N",
"epos": "N"}
}
,
{
"node": "d",
"type": "line-start",
"ref": "P334261.11",
"n": "10",
"label": "o 10"}
,
{
"node": "l",
"frag": "tu-ṣu-u-ni",
"id": "P334261.l00b8a",
"ref": "P334261.11.1",
"inst": "+aṣû[go out//come out]V'V$tūṣûni",
"sig": "@saao/saa10%akk-x-neoass:tu-ṣu-u-ni=aṣû[go out//come out]V'V$tūṣûni",
"f": {"lang": "akk-x-neoass",
"form": "tu-ṣu-u-ni",
"cf": "aṣû",
"gw": "go out",
"sense": "come out",
"norm": "tūṣûni",
"pos": "V",
"epos": "V"}
}
,
{
"node": "l",
"frag": "ina",
"id": "P334261.l00b8b",
"ref": "P334261.11.2",
"inst": "ina[in]PRP",
"sig": "@saao/saa10%akk-x-neoass:ina=ina[in//in]PRP'PRP$ina",
"f": {"lang": "akk-x-neoass",
"form": "ina",
"cf": "ina",
"gw": "in",
"sense": "in",
"norm": "ina",
"pos": "PRP",
"epos": "PRP"}
}
,
{
"node": "l",
"frag": "UGU-hi",
"id": "P334261.l00b8c",
"ref": "P334261.11.3",
"inst": "muhhi[skull]N",
"sig": "@saao/saa10%akk-x-neoass:UGU-hi=muhhu[skull//skull]N'N$muhhi",
"f": {"lang": "akk-x-neoass",
"form": "UGU-hi",
"cf": "muhhu",
"gw": "skull",
"sense": "skull",
"norm": "muhhi",
"pos": "N",
"epos": "N"}
}
,
{
"node": "l",
"frag": "šu-⸢u⸣",
"id": "P334261.l00b8d",
"ref": "P334261.11.4",
"inst": "šû[it]IP",
"sig": "@saao/saa10%akk-x-neoass:šu-u=šū[he//it]IP'IP$šû",
"f": {"lang": "akk-x-neoass",
"form": "šu-u",
"cf": "šū",
"gw": "he",
"sense": "it",
"norm": "šû",
"pos": "IP",
"epos": "IP"}
}
,
{
"node": "d",
"type": "line-start",
"ref": "P334261.12",
"n": "11",
"label": "o 11"}
,
{
"node": "l",
"frag": "LUGAL",
"id": "P334261.l00b8e",
"ref": "P334261.12.1",
"inst": "šarru[king]N",
"sig": "@saao/saa10%akk-x-neoass:LUGAL=šarru[king//king]N'N$šarru",
"f": {"lang": "akk-x-neoass",
"form": "LUGAL",
"cf": "šarru",
"gw": "king",
"sense": "king",
"norm": "šarru",
"pos": "N",
"epos": "N"}
}
,
{
"node": "l",
"frag": "be-li",
"id": "P334261.l00b8f",
"ref": "P334261.12.2",
"inst": "bēlī[lord]N",
"sig": "@saao/saa10%akk-x-neoass:be-li=bēlu[lord//lord]N'N$bēlī",
"f": {"lang": "akk-x-neoass",
"form": "be-li",
"cf": "bēlu",
"gw": "lord",
"sense": "lord",
"norm": "bēlī",
"pos": "N",
"epos": "N"}
}
,
{
"node": "l",
"frag": "i-qab-[bi]",
"id": "P334261.l00b90",
"ref": "P334261.12.3",
"inst": "iqabbi[say]V",
"sig": "@saao/saa10%akk-x-neoass:i-qab-bi=qabû[say//say]V'V$iqabbi",
"f": {"lang": "akk-x-neoass",
"form": "i-qab-bi",
"cf": "qabû",
"gw": "say",
"sense": "say",
"norm": "iqabbi",
"pos": "V",
"epos": "V"}
}
,
{
"node": "d",
"type": "line-start",
"ref": "P334261.13",
"n": "12",
"label": "o 12"}
,
{
"node": "l",
"frag": "ma-a",
"id": "P334261.l00b91",
"ref": "P334261.13.1",
"inst": "mā[saying]PRP",
"sig": "@saao/saa10%akk-x-neoass:ma-a=mā[saying//saying]PRP'PRP$mā",
"f": {"lang": "akk-x-neoass",
"form": "ma-a",
"cf": "mā",
"gw": "saying",
"sense": "saying",
"norm": "mā",
"pos": "PRP",
"epos": "PRP"}
}
,
{
"node": "l",
"frag": "pu-ri-di",
"id": "P334261.l00b92",
"ref": "P334261.13.2",
"inst": "+purīdu[leg]N$purīdī",
"sig": "@saao/saa10%akk-x-stdbab:pu-ri-di=purīdu[leg//leg]N'N$purīdī",
"f": {"lang": "akk-x-stdbab",
"form": "pu-ri-di",
"cf": "purīdu",
"gw": "leg",
"sense": "leg",
"norm": "purīdī",
"pos": "N",
"epos": "N"}
}
,
{
"node": "l",
"frag": "⸢a⸣-[me-li]",
"id": "P334261.l00b93",
"ref": "P334261.13.3",
"inst": "+awīlu[man]N$amēli",
"sig": "@saao/saa10%akk-x-stdbab:a-me-li=awīlu[man//man]N'N$amēli",
"f": {"lang": "akk-x-stdbab",
"form": "a-me-li",
"cf": "awīlu",
"gw": "man",
"sense": "man",
"norm": "amēli",
"pos": "N",
"epos": "N"}
}
,
{
"node": "d",
"type": "line-start",
"ref": "P334261.14",
"n": "13",
"label": "o 13"}
,
{
"node": "l",
"frag": "pu-ri-di",
"id": "P334261.l00b94",
"ref": "P334261.14.1",
"inst": "+purīdu[leg]N$purīdī",
"sig": "@saao/saa10%akk-x-neoass:pu-ri-di=purīdu[leg//leg]N'N$purīdī",
"f": {"lang": "akk-x-neoass",
"form": "pu-ri-di",
"cf": "purīdu",
"gw": "leg",
"sense": "leg",
"norm": "purīdī",
"pos": "N",
"epos": "N"}
}
,
{
"node": "l",
"frag": "ki-ma",
"id": "P334261.l00b95",
"ref": "P334261.14.2",
"inst": "+kīma[like//when]PRP'SBJ$",
"sig": "@saao/saa10%akk-x-neoass:ki-ma=kīma[like//when]PRP'SBJ$kīma",
"f": {"lang": "akk-x-neoass",
"form": "ki-ma",
"cf": "kīma",
"gw": "like",
"sense": "when",
"norm": "kīma",
"pos": "PRP",
"epos": "SBJ"}
}
,
{
"node": "l",
"frag": "⸢bi-rit⸣",
"id": "P334261.l00b96",
"ref": "P334261.14.3",
"inst": "+birīt[between]PRP$",
"sig": "@saao/saa10%akk-x-stdbab:bi-rit=birīt[between//between]PRP'PRP$birīt",
"f": {"lang": "akk-x-stdbab",
"form": "bi-rit",
"cf": "birīt",
"gw": "between",
"sense": "between",
"norm": "birīt",
"pos": "PRP",
"epos": "PRP"}
}
,
{
"node": "l",
"frag": "[pu-ri-di]",
"id": "P334261.l00b97",
"ref": "P334261.14.4",
"inst": "+purīdu[leg]N$purīdī",
"sig": "@saao/saa10%akk-x-stdbab:pu-ri-di=purīdu[leg//leg]N'N$purīdī",
"f": {"lang": "akk-x-stdbab",
"form": "pu-ri-di",
"cf": "purīdu",
"gw": "leg",
"sense": "leg",
"norm": "purīdī",
"pos": "N",
"epos": "N"}
}
,
{
"node": "d",
"type": "line-start",
"ref": "P334261.15",
"n": "14",
"label": "o 14"}
,
{
"node": "l",
"frag": "ša",
"id": "P334261.l00b98",
"ref": "P334261.15.1",
"inst": "ša[of]DET",
"sig": "@saao/saa10%akk-x-neoass:ša=ša[of//of]DET'DET$ša",
"f": {"lang": "akk-x-neoass",
"form": "ša",
"cf": "ša",
"gw": "of",
"sense": "of",
"norm": "ša",
"pos": "DET",
"epos": "DET"}
}
,
{
"node": "l",
"frag": "LU₂",
"id": "P334261.l00b99",
"ref": "P334261.15.2",
"inst": "+awīlu[man]N$amēli",
"sig": "@saao/saa10%akk-x-neoass:LU₂=awīlu[man//man]N'N$amēli",
"f": {"lang": "akk-x-neoass",
"form": "LU₂",
"cf": "awīlu",
"gw": "man",
"sense": "man",
"norm": "amēli",
"pos": "N",
"epos": "N"}
}
,
{
"node": "l",
"frag": "u₂-⸢ṣa⸣",
"id": "P334261.l00b9a",
"ref": "P334261.15.3",
"inst": "+aṣû[go out//come out]V'V$uṣṣa",
"sig": "@saao/saa10%akk-x-neoass:u₂-ṣa=aṣû[go out//come out]V'V$uṣṣa",
"f": {"lang": "akk-x-neoass",
"form": "u₂-ṣa",
"cf": "aṣû",
"gw": "go out",
"sense": "come out",
"norm": "uṣṣa",
"pos": "V",
"epos": "V"}
}
,
{
"node": "l",
"frag": "{[d}NIN.KILIM]",
"id": "P334261.l00b9b",
"ref": "P334261.15.4",
"inst": "+šikkû[mongoose]N$",
"sig": "@saao/saa10%akk-x-neoass:{d}NIN.KILIM=šikkû[mongoose//mongoose]N'N$šikkû",
"f": {"lang": "akk-x-neoass",
"form": "{d}NIN.KILIM",
"cf": "šikkû",
"gw": "mongoose",
"sense": "mongoose",
"norm": "šikkû",
"pos": "N",
"epos": "N"}
}
,
{
"node": "d",
"type": "line-start",
"ref": "P334261.16",
"n": "15",
"label": "o 15"}
,
{
"node": "l",
"frag": "šu-u",
"id": "P334261.l00b9c",
"ref": "P334261.16.1",
"inst": "šû[it]IP",
"sig": "@saao/saa10%akk-x-neoass:šu-u=šū[he//it]IP'IP$šû",
"f": {"lang": "akk-x-neoass",
"form": "šu-u",
"cf": "šū",
"gw": "he",
"sense": "it",
"norm": "šû",
"pos": "IP",
"epos": "IP"}
}
,
{
"node": "l",
"frag": "bi-⸢rit⸣",
"id": "P334261.l00b9d",
"ref": "P334261.16.2",
"inst": "birīt[between]PRP",
"sig": "@saao/saa10%akk-x-stdbab:bi-rit=birīt[between//between]PRP'PRP$birīt",
"f": {"lang": "akk-x-stdbab",
"form": "bi-rit",
"cf": "birīt",
"gw": "between",
"sense": "between",
"norm": "birīt",
"pos": "PRP",
"epos": "PRP"}
}
,
{
"node": "l",
"frag": "[x",
"id": "P334261.l00b9e",
"ref": "P334261.16.3",
"inst": "u",
"f": {"lang": "akk-x-stdbab",
"form": "x",
"pos": "u"}
}
,
{
"node": "l",
"frag": "x",
"id": "P334261.l00b9f",
"ref": "P334261.16.4",
"inst": "u",
"f": {"lang": "akk-x-stdbab",
"form": "x",
"pos": "u"}
}
,
{
"node": "l",
"frag": "x",
"id": "P334261.l00ba0",
"ref": "P334261.16.5",
"inst": "u",
"f": {"lang": "akk-x-stdbab",
"form": "x",
"pos": "u"}
}
,
{
"node": "l",
"frag": "(x)]",
"id": "P334261.l00ba1",
"ref": "P334261.16.6",
"inst": "u",
"f": {"lang": "akk-x-stdbab",
"form": "x",
"pos": "u"}
}
,
{
"node": "d",
"type": "line-start",
"ref": "P334261.17",
"n": "16",
"label": "o 16"}
,
{
"node": "l",
"frag": "is-⸢su-ri",
"id": "P334261.l00ba2",
"ref": "P334261.17.1",
"inst": "issurri[perhaps]AV",
"sig": "@saao/saa10%akk-x-neoass:is-su-ri=issurri[perhaps//perhaps]AV'AV$issurri",
"f": {"lang": "akk-x-neoass",
"form": "is-su-ri",
"cf": "issurri",
"gw": "perhaps",
"sense": "perhaps",
"norm": "issurri",
"pos": "AV",
"epos": "AV"}
}
,
{
"node": "l",
"frag": "x⸣+[x",
"id": "P334261.l00ba3",
"ref": "P334261.17.2",
"inst": "u",
"f": {"lang": "akk-x-neoass",
"form": "x+x",
"pos": "u"}
}
,
{
"node": "l",
"frag": "x",
"id": "P334261.l00ba4",
"ref": "P334261.17.3",
"inst": "u",
"f": {"lang": "akk-x-neoass",
"form": "x",
"pos": "u"}
}
,
{
"node": "l",
"frag": "x]",
"id": "P334261.l00ba5",
"ref": "P334261.17.4",
"inst": "u",
"f": {"lang": "akk-x-neoass",
"form": "x",
"pos": "u"}
}
,
{
"node": "d",
"type": "line-start",
"ref": "P334261.18",
"n": "17",
"label": "o 17"}
,
{
"node": "l",
"frag": "⸢x⸣+[x",
"id": "P334261.l00ba6",
"ref": "P334261.18.1",
"inst": "u",
"f": {"lang": "akk-x-neoass",
"form": "x+x",
"pos": "u"}
}
,
{
"node": "l",
"frag": "x]",
"id": "P334261.l00ba7",
"ref": "P334261.18.2",
"inst": "u",
"f": {"lang": "akk-x-neoass",
"form": "x",
"pos": "u"}
}
,
{
"node": "l",
"frag": "⸢x",
"id": "P334261.l00ba8",
"ref": "P334261.18.3",
"inst": "u",
"f": {"lang": "akk-x-neoass",
"form": "x",
"pos": "u"}
}
,
{
"node": "l",
"frag": "x⸣",
"id": "P334261.l00ba9",
"ref": "P334261.18.4",
"inst": "u",
"f": {"lang": "akk-x-neoass",
"form": "x",
"pos": "u"}
}
,
{
"node": "l",
"frag": "[x",
"id": "P334261.l00baa",
"ref": "P334261.18.5",
"inst": "u",
"f": {"lang": "akk-x-neoass",
"form": "x",
"pos": "u"}
}
,
{
"node": "l",
"frag": "x",
"id": "P334261.l00bab",
"ref": "P334261.18.6",
"inst": "u",
"f": {"lang": "akk-x-neoass",
"form": "x",
"pos": "u"}
}
,
{
"node": "l",
"frag": "x]",
"id": "P334261.l00bac",
"ref": "P334261.18.7",
"inst": "u",
"f": {"lang": "akk-x-neoass",
"form": "x",
"pos": "u"}
}
,
{
"node": "d",
"subtype": "bottom",
"type": "surface",
"ref": "P334261.b.e..19",
"type": "bottom",
"label": "b.e."}
,
{
"node": "d",
"type": "nonx",
"ref": "P334261.20",
"strict": "0",
"state": "missing"}
,
{
"node": "d",
"subtype": "reverse",
"type": "surface",
"ref": "P334261.r.21",
"type": "reverse",
"label": "r"}
,
{
"node": "d",
"type": "line-start",
"ref": "P334261.22",
"n": "1",
"label": "r 1"}
,
{
"node": "l",
"frag": "a-na",
"id": "P334261.l00bad",
"ref": "P334261.22.1",
"inst": "ana[to]PRP",
"sig": "@saao/saa10%akk-x-neoass:a-na=ana[to//to]PRP'PRP$ana",
"f": {"lang": "akk-x-neoass",
"form": "a-na",
"cf": "ana",
"gw": "to",
"sense": "to",
"norm": "ana",
"pos": "PRP",
"epos": "PRP"}
}
,
{
"node": "l",
"frag": "it-ti-ma",
"id": "P334261.l00bae",
"ref": "P334261.22.2",
"inst": "+ittu[sign//portent]N'N$ittīma",
"sig": "@saao/saa10%akk-x-neoass:it-ti-ma=ittu[sign//portent]N'N$ittīma",
"f": {"lang": "akk-x-neoass",
"form": "it-ti-ma",
"cf": "ittu",
"gw": "sign",
"sense": "portent",
"norm": "ittīma",
"pos": "N",
"epos": "N"}
}
,
{
"node": "d",
"type": "line-start",
"ref": "P334261.23",
"n": "2",
"label": "r 2"}
,
{
"node": "l",
"frag": "nu-ka-al",
"id": "P334261.l00baf",
"ref": "P334261.23.1",
"inst": "+kullu[hold//consider]V'V$nukal",
"sig": "@saao/saa10%akk-x-neoass:nu-ka-al=kullu[hold//consider]V'V$nukal",
"f": {"lang": "akk-x-neoass",
"form": "nu-ka-al",
"cf": "kullu",
"gw": "hold",
"sense": "consider",
"norm": "nukal",
"pos": "V",
"epos": "V"}
}
,
{
"node": "l",
"frag": "šu-u",
"id": "P334261.l00bb0",
"ref": "P334261.23.2",
"inst": "šû[it]IP",
"sig": "@saao/saa10%akk-x-neoass:šu-u=šū[he//it]IP'IP$šû",
"f": {"lang": "akk-x-neoass",
"form": "šu-u",
"cf": "šū",
"gw": "he",
"sense": "it",
"norm": "šû",
"pos": "IP",
"epos": "IP"}
}
,
{
"node": "l",
"frag": "{d}[NIN.KILIM]",
"id": "P334261.l00bb1",
"ref": "P334261.23.3",
"inst": "šikkû[mongoose]N",
"sig": "@saao/saa10%akk-x-neoass:{d}NIN.KILIM=šikkû[mongoose//mongoose]N'N$šikkû",
"f": {"lang": "akk-x-neoass",
"form": "{d}NIN.KILIM",
"cf": "šikkû",
"gw": "mongoose",
"sense": "mongoose",
"norm": "šikkû",
"pos": "N",
"epos": "N"}
}
,
{
"node": "d",
"type": "line-start",
"ref": "P334261.24",
"n": "3",
"label": "r 3"}
,
{
"node": "l",
"frag": "TA@v",
"id": "P334261.l00bb2",
"ref": "P334261.24.1",
"inst": "issu[from]PRP",
"sig": "@saao/saa10%akk-x-neoass:TA@v=ištu[from//from]PRP'PRP$issu",
"f": {"lang": "akk-x-neoass",
"form": "TA@v",
"cf": "ištu",
"gw": "from",
"sense": "from",
"norm": "issu",
"pos": "PRP",
"epos": "PRP"}
}
,
{
"node": "l",
"frag": "KAB",
"id": "P334261.l00bb3",
"ref": "P334261.24.2",
"inst": "šumēli[left side]N",
"sig": "@saao/saa10%akk-x-neoass:KAB=šumēlu[left side//left side]N'N$šumēli",
"f": {"lang": "akk-x-neoass",
"form": "KAB",
"cf": "šumēlu",
"gw": "left side",
"sense": "left side",
"norm": "šumēli",
"pos": "N",
"epos": "N"}
}
,
{
"node": "l",
"frag": "a-na",
"id": "P334261.l00bb4",
"ref": "P334261.24.3",
"inst": "ana[to]PRP",
"sig": "@saao/saa10%akk-x-neoass:a-na=ana[to//to]PRP'PRP$ana",
"f": {"lang": "akk-x-neoass",
"form": "a-na",
"cf": "ana",
"gw": "to",
"sense": "to",
"norm": "ana",
"pos": "PRP",
"epos": "PRP"}
}
,
{
"node": "l",
"frag": "ZAG",
"id": "P334261.l00bb5",
"ref": "P334261.24.4",
"inst": "imitti[right side]N",
"sig": "@saao/saa10%akk-x-neoass:ZAG=imittu[right side//right side]N'N$imitti",
"f": {"lang": "akk-x-neoass",
"form": "ZAG",
"cf": "imittu",
"gw": "right side",
"sense": "right side",
"norm": "imitti",
"pos": "N",
"epos": "N"}
}
,
{
"node": "l",
"frag": "⸢e⸣-[te-ti-iq]",
"id": "P334261.l00bb6",
"ref": "P334261.24.5",
"inst": "+etēqu[proceed//pass]V'V$ētetiq",
"sig": "@saao/saa10%akk-x-neoass:e-te-ti-iq=etēqu[proceed//pass]V'V$ētetiq",
"f": {"lang": "akk-x-neoass",
"form": "e-te-ti-iq",
"cf": "etēqu",
"gw": "proceed",
"sense": "pass",
"norm": "ētetiq",
"pos": "V",
"epos": "V"}
}
,
{
"node": "d",
"type": "line-start",
"ref": "P334261.25",
"n": "4",
"label": "r 4"}
,
{
"node": "l",
"frag": "šap-la",
"id": "P334261.l00bb7",
"ref": "P334261.25.1",
"inst": "šapla[under]'PRP",
"sig": "@saao/saa10%akk-x-neoass:šap-la=šaplu[underside//under]N'PRP$šapla",
"f": {"lang": "akk-x-neoass",
"form": "šap-la",
"cf": "šaplu",
"gw": "underside",
"sense": "under",
"norm": "šapla",
"pos": "N",
"epos": "PRP"}
}
,
{
"node": "l",
"frag": "{giš}GIGIR",
"id": "P334261.l00bb8",
"ref": "P334261.25.2",
"inst": "mugirri[chariot]N",
"sig": "@saao/saa10%akk-x-neoass:{GIŠ}GIGIR=mugerru[chariot//chariot]N'N$mugirri",
"f": {"lang": "akk-x-neoass",
"form": "{GIŠ}GIGIR",
"cf": "mugerru",
"gw": "chariot",
"sense": "chariot",
"norm": "mugirri",
"pos": "N",
"epos": "N"}
}
,
{
"node": "l",
"frag": "it-[tu-ṣi]",
"id": "P334261.l00bb9",
"ref": "P334261.25.3",
"inst": "+aṣû[go out//come out]V'V$ittūṣi",
"sig": "@saao/saa10%akk-x-neoass:it-tu-ṣi=aṣû[go out//come out]V'V$ittūṣi",
"f": {"lang": "akk-x-neoass",
"form": "it-tu-ṣi",
"cf": "aṣû",
"gw": "go out",
"sense": "come out",
"norm": "ittūṣi",
"pos": "V",
"epos": "V"}
}
,
{
"node": "d",
"type": "line-start",
"ref": "P334261.26",
"n": "5",
"label": "r 5"}
,
{
"node": "l",
"frag": "ša",
"id": "P334261.l00bba",
"ref": "P334261.26.1",
"inst": "ša[of]DET",
"sig": "@saao/saa10%akk-x-neoass:ša=ša[of//of]DET'DET$ša",
"f": {"lang": "akk-x-neoass",
"form": "ša",
"cf": "ša",
"gw": "of",
"sense": "of",
"norm": "ša",
"pos": "DET",
"epos": "DET"}
}
,
{
"node": "l",
"frag": "pu-ri-di",
"id": "P334261.l00bbb",
"ref": "P334261.26.2",
"inst": "+purīdu[leg]N$purīdī",
"sig": "@saao/saa10%akk-x-stdbab:pu-ri-di=purīdu[leg//leg]N'N$purīdī",
"f": {"lang": "akk-x-stdbab",
"form": "pu-ri-di",
"cf": "purīdu",
"gw": "leg",
"sense": "leg",
"norm": "purīdī",
"pos": "N",
"epos": "N"}
}
,
{
"node": "l",
"frag": "⸢a⸣-[me-li]",
"id": "P334261.l00bbc",
"ref": "P334261.26.3",
"inst": "+awīlu[man]N$amēli",
"sig": "@saao/saa10%akk-x-stdbab:a-me-li=awīlu[man//man]N'N$amēli",
"f": {"lang": "akk-x-stdbab",
"form": "a-me-li",
"cf": "awīlu",
"gw": "man",
"sense": "man",
"norm": "amēli",
"pos": "N",
"epos": "N"}
}
,
{
"node": "d",
"type": "line-start",
"ref": "P334261.27",
"n": "6",
"label": "r 6"}
,
{
"node": "l",
"frag": "ša",
"id": "P334261.l00bbd",
"ref": "P334261.27.1",
"inst": "ša[which]REL",
"sig": "@saao/saa10%akk-x-neoass:ša=ša[that//which]REL'REL$ša",
"f": {"lang": "akk-x-neoass",
"form": "ša",
"cf": "ša",
"gw": "that",
"sense": "which",
"norm": "ša",
"pos": "REL",
"epos": "REL"}
}
,
{
"node": "l",
"frag": "LUGAL",
"id": "P334261.l00bbe",
"ref": "P334261.27.2",
"inst": "šarru[king]N",
"sig": "@saao/saa10%akk-x-neoass:LUGAL=šarru[king//king]N'N$šarru",
"f": {"lang": "akk-x-neoass",
"form": "LUGAL",
"cf": "šarru",
"gw": "king",
"sense": "king",
"norm": "šarru",
"pos": "N",
"epos": "N"}
}
,
{
"node": "l",
"frag": "be-li",
"id": "P334261.l00bbf",
"ref": "P334261.27.3",
"inst": "bēlī[lord]N",
"sig": "@saao/saa10%akk-x-neoass:be-li=bēlu[lord//lord]N'N$bēlī",
"f": {"lang": "akk-x-neoass",
"form": "be-li",
"cf": "bēlu",
"gw": "lord",
"sense": "lord",
"norm": "bēlī",
"pos": "N",
"epos": "N"}
}
,
{
"node": "l",
"frag": "⸢iq⸣-[bu-u-ni]",
"id": "P334261.l00bc0",
"ref": "P334261.27.4",
"inst": "iqbûni[say]V",
"sig": "@saao/saa10%akk-x-neoass:iq-bu-u-ni=qabû[say//say]V'V$iqbûni",
"f": {"lang": "akk-x-neoass",
"form": "iq-bu-u-ni",
"cf": "qabû",
"gw": "say",
"sense": "say",
"norm": "iqbûni",
"pos": "V",
"epos": "V"}
}
,
{
"node": "d",
"type": "line-start",
"ref": "P334261.28",
"n": "7",
"label": "r 7"}
,
{
"node": "l",
"frag": "an-ni-u",
"id": "P334261.l00bc1",
"ref": "P334261.28.1",
"inst": "annīu[this]DP",
"sig": "@saao/saa10%akk-x-neoass:an-ni-u=annû[this//this]DP'DP$annīu",
"f": {"lang": "akk-x-neoass",
"form": "an-ni-u",
"cf": "annû",
"gw": "this",
"sense": "this",
"norm": "annīu",
"pos": "DP",
"epos": "DP"}
}
,
{
"node": "l",
"frag": "pi-[šir₃-šu₂]",
"id": "P334261.l00bc2",
"ref": "P334261.28.2",
"inst": "piširšu[interpretation]N",
"sig": "@saao/saa10%akk-x-neoass:pi-šir₃-šu₂=pišru[release//interpretation]N'N$piširšu",
"f": {"lang": "akk-x-neoass",
"form": "pi-šir₃-šu₂",
"cf": "pišru",
"gw": "release",
"sense": "interpretation",
"norm": "piširšu",
"pos": "N",
"epos": "N"}
}
,
{
"node": "d",
"type": "line-start",
"ref": "P334261.29",
"n": "8",
"label": "r 8"}
,
{
"node": "l",
"frag": "1",
"id": "P334261.l00bc3",
"ref": "P334261.29.1",
"inst": "n",
"f": {"lang": "akk-x-stdbab",
"form": "1",
"pos": "n"}
}
,
{
"node": "l",
"frag": "{d}NIN.KILIM",
"id": "P334261.l00bc4",
"ref": "P334261.29.2",
"inst": "+šikkû[mongoose]N$",
"sig": "@saao/saa10%akk-x-stdbab:{d}NIN.KILIM=šikkû[mongoose//mongoose]N'N$šikkû",
"f": {"lang": "akk-x-stdbab",
"form": "{d}NIN.KILIM",
"cf": "šikkû",
"gw": "mongoose",
"sense": "mongoose",
"norm": "šikkû",
"pos": "N",
"epos": "N"}
}
,
{
"node": "l",
"frag": "ina",
"id": "P334261.l00bc5",
"ref": "P334261.29.3",
"inst": "ina[in]PRP",
"sig": "@saao/saa10%akk-x-stdbab:ina=ina[in//in]PRP'PRP$ina",
"f": {"lang": "akk-x-stdbab",
"form": "ina",
"cf": "ina",
"gw": "in",
"sense": "in",
"norm": "ina",
"pos": "PRP",
"epos": "PRP"}
}
,
{
"node": "l",
"frag": "⸢bi⸣-[rit]",
"id": "P334261.l00bc6",
"ref": "P334261.29.4",
"inst": "birīt[between]PRP",
"sig": "@saao/saa10%akk-x-stdbab:bi-rit=birīt[between//between]PRP'PRP$birīt",
"f": {"lang": "akk-x-stdbab",
"form": "bi-rit",
"cf": "birīt",
"gw": "between",
"sense": "between",
"norm": "birīt",
"pos": "PRP",
"epos": "PRP"}
}
,
{
"node": "d",
"type": "line-start",
"ref": "P334261.30",
"n": "9",
"label": "r 9"}
,
{
"node": "l",
"frag": "PAB.HAL",
"id": "P334261.l00bc7",
"ref": "P334261.30.1",
"inst": "+purīdu[leg]N$purīdī",
"sig": "@saao/saa10%akk-x-stdbab:PAB.HAL=purīdu[leg//leg]N'N$purīdī",
"f": {"lang": "akk-x-stdbab",
"form": "PAB.HAL",
"cf": "purīdu",
"gw": "leg",
"sense": "leg",
"norm": "purīdī",
"pos": "N",
"epos": "N"}
}
,
{
"node": "l",
"frag": "LU₂",
"id": "P334261.l00bc8",
"ref": "P334261.30.2",
"inst": "+awīlu[man]N$amēli",
"sig": "@saao/saa10%akk-x-stdbab:LU₂=awīlu[man//man]N'N$amēli",
"f": {"lang": "akk-x-stdbab",
"form": "LU₂",
"cf": "awīlu",
"gw": "man",
"sense": "man",
"norm": "amēli",
"pos": "N",
"epos": "N"}
}
,
{
"node": "l",
"frag": "e-[ti-iq]",
"id": "P334261.l00bc9",
"ref": "P334261.30.3",
"inst": "ettiq[proceed]V",
"sig": "@saao/saa10%akk-x-stdbab:e-ti-iq=etēqu[proceed//pass]V'V$ettiq",
"f": {"lang": "akk-x-stdbab",
"form": "e-ti-iq",
"cf": "etēqu",
"gw": "proceed",
"sense": "pass",
"norm": "ettiq",
"pos": "V",
"epos": "V"}
}
,
{
"node": "d",
"type": "line-start",
"ref": "P334261.31",
"n": "10",
"label": "r 10"}
,
{
"node": "l",
"frag": "lu-u",
"id": "P334261.l00bca",
"ref": "P334261.31.1",
"inst": "+lū[may]MOD$",
"sig": "@saao/saa10%akk-x-stdbab:lu-u=lū[may//may]MOD'MOD$lū",
"f": {"lang": "akk-x-stdbab",
"form": "lu-u",
"cf": "lū",
"gw": "may",
"sense": "may",
"norm": "lū",
"pos": "MOD",
"epos": "MOD"}
}
,
{
"node": "l",
"frag": "ŠU",
"id": "P334261.l00bcb",
"ref": "P334261.31.2",
"inst": "+qātu[hand]N$qāt",
"sig": "@saao/saa10%akk-x-stdbab:ŠU=qātu[hand//hand]N'N$qāt",
"f": {"lang": "akk-x-stdbab",
"form": "ŠU",
"cf": "qātu",
"gw": "hand",
"sense": "hand",
"norm": "qāt",
"pos": "N",
"epos": "N"}
}
,
{
"node": "l",
"frag": "DINGIR",
"id": "P334261.l00bcc",
"ref": "P334261.31.3",
"inst": "+ilu[god]N$ili",
"sig": "@saao/saa10%akk-x-stdbab:DINGIR=ilu[god//god]N'N$ili",
"f": {"lang": "akk-x-stdbab",
"form": "DINGIR",
"cf": "ilu",
"gw": "god",
"sense": "god",
"norm": "ili",
"pos": "N",
"epos": "N"}
}
,
{
"node": "l",
"frag": "lu-u",
"id": "P334261.l00bcd",
"ref": "P334261.31.4",
"inst": "lū[may]MOD",
"sig": "@saao/saa10%akk-x-stdbab:lu-u=lū[may//may]MOD'MOD$lū",
"f": {"lang": "akk-x-stdbab",
"form": "lu-u",
"cf": "lū",
"gw": "may",
"sense": "may",
"norm": "lū",
"pos": "MOD",
"epos": "MOD"}
}
,
{
"node": "l",
"frag": "⸢ŠU",
"id": "P334261.l00bce",
"ref": "P334261.31.5",
"inst": "+qātu[hand]N$qāt",
"sig": "@saao/saa10%akk-x-stdbab:ŠU=qātu[hand//hand]N'N$qāt",
"f": {"lang": "akk-x-stdbab",
"form": "ŠU",
"cf": "qātu",
"gw": "hand",
"sense": "hand",
"norm": "qāt",
"pos": "N",
"epos": "N"}
}
,
{
"node": "l",
"frag": "LUGAL⸣",
"id": "P334261.l00bcf",
"ref": "P334261.31.6",
"inst": "+šarru[king]N$šarri",
"sig": "@saao/saa10%akk-x-stdbab:LUGAL=šarru[king//king]N'N$šarri",
"f": {"lang": "akk-x-stdbab",
"form": "LUGAL",
"cf": "šarru",
"gw": "king",
"sense": "king",
"norm": "šarri",
"pos": "N",
"epos": "N"}
}
,
{
"node": "l",
"frag": "KUR-su",
"id": "P334261.l00bd0",
"ref": "P334261.31.7",
"inst": "+kašādu[reach]V$ikaššassu",
"sig": "@saao/saa10%akk-x-stdbab:KUR-su=kašādu[reach//reach]V'V$ikaššassu",
"f": {"lang": "akk-x-stdbab",
"form": "KUR-su",
"cf": "kašādu",
"gw": "reach",
"sense": "reach",
"norm": "ikaššassu",
"pos": "V",
"epos": "V"}
}
,
{
"node": "d",
"type": "nonx",
"ref": "P334261.32",
"strict": "1",
"extent": "n",
"scope": "line",
"state": "ruling",
"flags": "!"}
,
{
"node": "d",
"type": "line-start",
"ref": "P334261.33",
"n": "11",
"label": "r 11"}
,
{
"node": "l",
"frag": "a-hu-lam-ma",
"id": "P334261.l00bd1",
"ref": "P334261.33.1",
"inst": "+ahulap[(it is) enough!//mercy!]J'J$ahūlamma",
"sig": "@saao/saa10%akk-x-neoass:a-hu-lam-ma=ahulap[(it is) enough!//mercy!]J'J$ahūlamma",
"f": {"lang": "akk-x-neoass",
"form": "a-hu-lam-ma",
"cf": "ahulap",
"gw": "(it is) enough!",
"sense": "mercy!",
"norm": "ahūlamma",
"pos": "J",
"epos": "J"}
}
,
{
"node": "l",
"frag": "{lu₂}na-ba-a.a-ti",
"id": "P334261.l00bd2",
"ref": "P334261.33.2",
"inst": "+Nabayati[Nabataean]EN$",
"sig": "@saao/saa10%akk-x-neoass:{LU₂}na-ba-a.a-ti=Nabayati[Nabataean//Nabataean]EN'EN$Nabayati",
"f": {"lang": "akk-x-neoass",
"form": "{LU₂}na-ba-a.a-ti",
"cf": "Nabayati",
"gw": "Nabataean",
"sense": "Nabataean",
"norm": "Nabayati",
"pos": "EN",
"epos": "EN"}
}
,
{
"node": "d",
"type": "line-start",
"ref": "P334261.34",
"n": "12",
"label": "r 12"}
,
{
"node": "l",
"frag": "ni-iq-bi",
"id": "P334261.l00bd3",
"ref": "P334261.34.1",
"inst": "+qabû[say]V$niqbi",
"sig": "@saao/saa10%akk-x-neoass:ni-iq-bi=qabû[say//say]V'V$niqbi",
"f": {"lang": "akk-x-neoass",
"form": "ni-iq-bi",
"cf": "qabû",
"gw": "say",
"sense": "say",
"norm": "niqbi",
"pos": "V",
"epos": "V"}
}
,
{
"node": "l",
"frag": "a-ta-a",
"id": "P334261.l00bd4",
"ref": "P334261.34.2",
"inst": "atâ[why?]QP",
"sig": "@saao/saa10%akk-x-neoass:a-ta-a=atā[why?//why?]QP'QP$atâ",
"f": {"lang": "akk-x-neoass",
"form": "a-ta-a",
"cf": "atā",
"gw": "why?",
"sense": "why?",
"norm": "atâ",
"pos": "QP",
"epos": "QP"}
}
,
{
"node": "d",
"type": "line-start",
"ref": "P334261.35",
"n": "13",
"label": "r 13"}
,
{
"node": "l",
"frag": "la",
"id": "P334261.l00bd5",
"ref": "P334261.35.1",
"inst": "lā[not]MOD",
"sig": "@saao/saa10%akk-x-neoass:la=lā[not//not]MOD'MOD$lā",
"f": {"lang": "akk-x-neoass",
"form": "la",
"cf": "lā",
"gw": "not",
"sense": "not",
"norm": "lā",
"pos": "MOD",
"epos": "MOD"}
}
,
{
"node": "l",
"frag": "LUGAL-MEŠ",
"id": "P334261.l00bd6",
"ref": "P334261.35.2",
"inst": "šarrāni[king]N",
"sig": "@saao/saa10%akk-x-neoass:LUGAL-MEŠ=šarru[king//king]N'N$šarrāni",
"f": {"lang": "akk-x-neoass",
"form": "LUGAL-MEŠ",
"cf": "šarru",
"gw": "king",
"sense": "king",
"norm": "šarrāni",
"pos": "N",
"epos": "N"}
}
,
{
"node": "l",
"frag": "nak-ru-ti",
"id": "P334261.l00bd7",
"ref": "P334261.35.3",
"inst": "+nakru[strange//hostile]AJ'AJ$nakrūti",
"sig": "@saao/saa10%akk-x-neoass:nak-ru-ti=nakru[strange//hostile]AJ'AJ$nakrūti",
"f": {"lang": "akk-x-neoass",
"form": "nak-ru-ti",
"cf": "nakru",
"gw": "strange",
"sense": "hostile",
"norm": "nakrūti",
"pos": "AJ",
"epos": "AJ"}
}
,
{
"node": "l",
"frag": "šu₂-nu",
"id": "P334261.l00bd8",
"ref": "P334261.35.4",
"inst": "šunu[they]IP",
"sig": "@saao/saa10%akk-x-neoass:šu₂-nu=šunu[they//they]IP'IP$šunu",
"f": {"lang": "akk-x-neoass",
"form": "šu₂-nu",
"cf": "šunu",
"gw": "they",
"sense": "they",
"norm": "šunu",
"pos": "IP",
"epos": "IP"}
}
,
{
"node": "d",
"type": "line-start",
"ref": "P334261.36",
"n": "14",
"label": "r 14"}
,
{
"node": "l",
"frag": "šap-la",
"id": "P334261.l00bd9",
"ref": "P334261.36.1",
"inst": "šapla[under]'PRP",
"sig": "@saao/saa10%akk-x-neoass:šap-la=šaplu[underside//under]N'PRP$šapla",
"f": {"lang": "akk-x-neoass",
"form": "šap-la",
"cf": "šaplu",
"gw": "underside",
"sense": "under",
"norm": "šapla",
"pos": "N",
"epos": "PRP"}
}
,
{
"node": "l",
"frag": "{giš}mu-gir-ri",
"id": "P334261.l00bda",
"ref": "P334261.36.2",
"inst": "+mugerru[chariot]N$mugirri",
"sig": "@saao/saa10%akk-x-neoass:{GIŠ}mu-gir-ri=mugerru[chariot//chariot]N'N$mugirri",
"f": {"lang": "akk-x-neoass",
"form": "{GIŠ}mu-gir-ri",
"cf": "mugerru",
"gw": "chariot",
"sense": "chariot",
"norm": "mugirri",
"pos": "N",
"epos": "N"}
}
,
{
"node": "d",
"type": "line-start",
"ref": "P334261.37",
"n": "15",
"label": "r 15"}
,
{
"node": "l",
"frag": "ša",
"id": "P334261.l00bdb",
"ref": "P334261.37.1",
"inst": "ša[of]DET",
"sig": "@saao/saa10%akk-x-neoass:ša=ša[of//of]DET'DET$ša",
"f": {"lang": "akk-x-neoass",
"form": "ša",
"cf": "ša",
"gw": "of",
"sense": "of",
"norm": "ša",
"pos": "DET",
"epos": "DET"}
}
,
{
"node": "l",
"frag": "LUGAL",
"id": "P334261.l00bdc",
"ref": "P334261.37.2",
"inst": "šarri[king]N",
"sig": "@saao/saa10%akk-x-neoass:LUGAL=šarru[king//king]N'N$šarri",
"f": {"lang": "akk-x-neoass",
"form": "LUGAL",
"cf": "šarru",
"gw": "king",
"sense": "king",
"norm": "šarri",
"pos": "N",
"epos": "N"}
}
,
{
"node": "l",
"frag": "EN-ia",
"id": "P334261.l00bdd",
"ref": "P334261.37.3",
"inst": "bēlīya[lord]N",
"sig": "@saao/saa10%akk-x-neoass:EN-ia=bēlu[lord//lord]N'N$bēlīya",
"f": {"lang": "akk-x-neoass",
"form": "EN-ia",
"cf": "bēlu",
"gw": "lord",
"sense": "lord",
"norm": "bēlīya",
"pos": "N",
"epos": "N"}
}
,
{
"node": "d",
"type": "line-start",
"ref": "P334261.38",
"n": "16",
"label": "r 16"}
,
{
"node": "l",
"frag": "la",
"id": "P334261.l00bde",
"ref": "P334261.38.1",
"inst": "lā[not]MOD",
"sig": "@saao/saa10%akk-x-neoass:la=lā[not//not]MOD'MOD$lā",
"f": {"lang": "akk-x-neoass",
"form": "la",
"cf": "lā",
"gw": "not",
"sense": "not",
"norm": "lā",
"pos": "MOD",
"epos": "MOD"}
}
,
{
"node": "l",
"frag": "i-ka-an-nu-šu₂",
"id": "P334261.l00bdf",
"ref": "P334261.38.2",
"inst": "+kanāšu[bow down//submit]V'V$ikannušu",
"sig": "@saao/saa10%akk-x-neoass:i-ka-an-nu-šu₂=kanāšu[bow down//submit]V'V$ikannušu",
"f": {"lang": "akk-x-neoass",
"form": "i-ka-an-nu-šu₂",
"cf": "kanāšu",
"gw": "bow down",
"sense": "submit",
"norm": "ikannušu",
"pos": "V",
"epos": "V"}
}
]}
]}
]}
]}
