{
"type": "cdl",
  "source": "http://oracc.org/saao/saa10",
  "license": "This data is released under the CC0 license",
  "license-url": "https://creativecommons.org/publicdomain/zero/1.0/",
  "more-info": "http://oracc.org/doc/opendata/",
  "UTC-timestamp": "2017-05-19T11:42:48",
"project": "saao/saa10",
"textid": "P334431",
"cdl": [
{
"node": "c",
"type": "text",
"id": "P334431.U0",
"cdl": [
{
"node": "d",
"type": "object",
"ref": ""}
,
{
"node": "d",
"subtype": "obverse",
"type": "surface",
"ref": "P334431.o.1",
"type": "obverse",
"label": "o"}
,
{
"node": "c",
"type": "discourse",
"subtype": "body",
"id": "P334431.U1",
"cdl": [
{
"node": "c",
"type": "sentence",
"id": "P334431.U2",
"label": "o 1 - r 3",
"cdl": [
{
"node": "d",
"type": "line-start",
"ref": "P334431.2",
"n": "1",
"label": "o 1"}
,
{
"node": "l",
"frag": "[a-na",
"id": "P334431.l085bf",
"ref": "P334431.2.1",
"inst": "ana[to]PRP",
"sig": "@saao/saa10%akk-x-neoass:a-na=ana[to//to]PRP'PRP$ana",
"f": {"lang": "akk-x-neoass",
"form": "a-na",
"cf": "ana",
"gw": "to",
"sense": "to",
"norm": "ana",
"pos": "PRP",
"epos": "PRP"}
}
,
{
"node": "l",
"frag": "LUGAL",
"id": "P334431.l085c0",
"ref": "P334431.2.2",
"inst": "šarri[king]N",
"sig": "@saao/saa10%akk-x-neoass:LUGAL=šarru[king//king]N'N$šarri",
"f": {"lang": "akk-x-neoass",
"form": "LUGAL",
"cf": "šarru",
"gw": "king",
"sense": "king",
"norm": "šarri",
"pos": "N",
"epos": "N"}
}
,
{
"node": "l",
"frag": "EN-ia₂]",
"id": "P334431.l085c1",
"ref": "P334431.2.3",
"inst": "bēlīya[lord]N",
"sig": "@saao/saa10%akk-x-neoass:EN-ia₂=bēlu[lord//lord]N'N$bēlīya",
"f": {"lang": "akk-x-neoass",
"form": "EN-ia₂",
"cf": "bēlu",
"gw": "lord",
"sense": "lord",
"norm": "bēlīya",
"pos": "N",
"epos": "N"}
}
,
{
"node": "d",
"type": "line-start",
"ref": "P334431.3",
"n": "2",
"label": "o 2"}
,
{
"node": "l",
"frag": "[ARAD-ka",
"id": "P334431.l085c2",
"ref": "P334431.3.1",
"inst": "urdaka[servant]N",
"sig": "@saao/saa10%akk-x-neoass:ARAD-ka=ardu[slave//servant]N'N$urdaka",
"f": {"lang": "akk-x-neoass",
"form": "ARAD-ka",
"cf": "ardu",
"gw": "slave",
"sense": "servant",
"norm": "urdaka",
"pos": "N",
"epos": "N"}
}
,
{
"node": "l",
"frag": "{1}ARAD-E₂.A]",
"id": "P334431.l085c3",
"ref": "P334431.3.2",
"inst": "Urdu-Ea[1]PN",
"sig": "@saao/saa10%akk-x-neoass:{1}ARAD-E₂.A=Urdu-Ea[1//1]PN'PN$Urdu-Ea",
"f": {"lang": "akk-x-neoass",
"form": "{1}ARAD-E₂.A",
"cf": "Urdu-Ea",
"gw": "1",
"sense": "1",
"norm": "Urdu-Ea",
"pos": "PN",
"epos": "PN"}
}
,
{
"node": "d",
"type": "line-start",
"ref": "P334431.4",
"n": "3",
"label": "o 3"}
,
{
"node": "l",
"frag": "[lu-u",
"id": "P334431.l085c4",
"ref": "P334431.4.1",
"inst": "lū[may]MOD",
"sig": "@saao/saa10%akk-x-neoass:lu-u=lū[may//may]MOD'MOD$lū",
"f": {"lang": "akk-x-neoass",
"form": "lu-u",
"cf": "lū",
"gw": "may",
"sense": "may",
"norm": "lū",
"pos": "MOD",
"epos": "MOD"}
}
,
{
"node": "l",
"frag": "DI-mu",
"id": "P334431.l085c5",
"ref": "P334431.4.2",
"inst": "šulmu[health]N",
"sig": "@saao/saa10%akk-x-neoass:DI-mu=šulmu[completeness//health]N'N$šulmu",
"f": {"lang": "akk-x-neoass",
"form": "DI-mu",
"cf": "šulmu",
"gw": "completeness",
"sense": "health",
"norm": "šulmu",
"pos": "N",
"epos": "N"}
}
,
{
"node": "l",
"frag": "a-na",
"id": "P334431.l085c6",
"ref": "P334431.4.3",
"inst": "ana[to]PRP",
"sig": "@saao/saa10%akk-x-neoass:a-na=ana[to//to]PRP'PRP$ana",
"f": {"lang": "akk-x-neoass",
"form": "a-na",
"cf": "ana",
"gw": "to",
"sense": "to",
"norm": "ana",
"pos": "PRP",
"epos": "PRP"}
}
,
{
"node": "l",
"frag": "LUGAL",
"id": "P334431.l085c7",
"ref": "P334431.4.4",
"inst": "šarri[king]N",
"sig": "@saao/saa10%akk-x-neoass:LUGAL=šarru[king//king]N'N$šarri",
"f": {"lang": "akk-x-neoass",
"form": "LUGAL",
"cf": "šarru",
"gw": "king",
"sense": "king",
"norm": "šarri",
"pos": "N",
"epos": "N"}
}
,
{
"node": "l",
"frag": "EN-ia₂]",
"id": "P334431.l085c8",
"ref": "P334431.4.5",
"inst": "bēlīya[lord]N",
"sig": "@saao/saa10%akk-x-neoass:EN-ia₂=bēlu[lord//lord]N'N$bēlīya",
"f": {"lang": "akk-x-neoass",
"form": "EN-ia₂",
"cf": "bēlu",
"gw": "lord",
"sense": "lord",
"norm": "bēlīya",
"pos": "N",
"epos": "N"}
}
,
{
"node": "d",
"type": "line-start",
"ref": "P334431.5",
"n": "4",
"label": "o 4"}
,
{
"node": "l",
"frag": "{[d}AG",
"id": "P334431.l085c9",
"ref": "P334431.5.1",
"inst": "Nabu[1]DN",
"sig": "@saao/saa10%akk-x-neoass:{d}AG=Nabu[1//1]DN'DN$Nabu",
"f": {"lang": "akk-x-neoass",
"form": "{d}AG",
"cf": "Nabu",
"gw": "1",
"sense": "1",
"norm": "Nabu",
"pos": "DN",
"epos": "DN"}
}
,
{
"node": "l",
"frag": "u",
"id": "P334431.l085ca",
"ref": "P334431.5.2",
"inst": "u[and]CNJ",
"sig": "@saao/saa10%akk-x-neoass:u=u[and//and]CNJ'CNJ$u",
"f": {"lang": "akk-x-neoass",
"form": "u",
"cf": "u",
"gw": "and",
"sense": "and",
"norm": "u",
"pos": "CNJ",
"epos": "CNJ"}
}
,
{
"node": "l",
"frag": "{d}AMAR.UTU]",
"id": "P334431.l085cb",
"ref": "P334431.5.3",
"inst": "Marduk[1]DN",
"sig": "@saao/saa10%akk-x-neoass:{d}AMAR.UTU=Marduk[1//1]DN'DN$Marduk",
"f": {"lang": "akk-x-neoass",
"form": "{d}AMAR.UTU",
"cf": "Marduk",
"gw": "1",
"sense": "1",
"norm": "Marduk",
"pos": "DN",
"epos": "DN"}
}
,
{
"node": "d",
"type": "line-start",
"ref": "P334431.6",
"n": "5",
"label": "o 5"}
,
{
"node": "l",
"frag": "{d}30",
"id": "P334431.l085cc",
"ref": "P334431.6.1",
"inst": "Sin[1]DN",
"sig": "@saao/saa10%akk-x-neoass:{d}30=Sin[1//1]DN'DN$Sin",
"f": {"lang": "akk-x-neoass",
"form": "{d}30",
"cf": "Sin",
"gw": "1",
"sense": "1",
"norm": "Sin",
"pos": "DN",
"epos": "DN"}
}
,
{
"node": "l",
"frag": "u",
"id": "P334431.l085cd",
"ref": "P334431.6.2",
"inst": "u[and]CNJ",
"sig": "@saao/saa10%akk-x-neoass:u=u[and//and]CNJ'CNJ$u",
"f": {"lang": "akk-x-neoass",
"form": "u",
"cf": "u",
"gw": "and",
"sense": "and",
"norm": "u",
"pos": "CNJ",
"epos": "CNJ"}
}
,
{
"node": "l",
"frag": "{[d}NIN.GAL]",
"id": "P334431.l085ce",
"ref": "P334431.6.3",
"inst": "Nikkal[1]DN",
"sig": "@saao/saa10%akk-x-neoass:{d}NIN.GAL=Nikkal[1//1]DN'DN$Nikkal",
"f": {"lang": "akk-x-neoass",
"form": "{d}NIN.GAL",
"cf": "Nikkal",
"gw": "1",
"sense": "1",
"norm": "Nikkal",
"pos": "DN",
"epos": "DN"}
}
,
{
"node": "d",
"type": "line-start",
"ref": "P334431.7",
"n": "6",
"label": "o 6"}
,
{
"node": "l",
"frag": "a-na",
"id": "P334431.l085cf",
"ref": "P334431.7.1",
"inst": "ana[to]PRP",
"sig": "@saao/saa10%akk-x-neoass:a-na=ana[to//to]PRP'PRP$ana",
"f": {"lang": "akk-x-neoass",
"form": "a-na",
"cf": "ana",
"gw": "to",
"sense": "to",
"norm": "ana",
"pos": "PRP",
"epos": "PRP"}
}
,
{
"node": "l",
"frag": "LUGAL",
"id": "P334431.l085d0",
"ref": "P334431.7.2",
"inst": "šarri[king]N",
"sig": "@saao/saa10%akk-x-neoass:LUGAL=šarru[king//king]N'N$šarri",
"f": {"lang": "akk-x-neoass",
"form": "LUGAL",
"cf": "šarru",
"gw": "king",
"sense": "king",
"norm": "šarri",
"pos": "N",
"epos": "N"}
}
,
{
"node": "l",
"frag": "EN-[ia₂]",
"id": "P334431.l085d1",
"ref": "P334431.7.3",
"inst": "bēlīya[lord]N",
"sig": "@saao/saa10%akk-x-neoass:EN-ia₂=bēlu[lord//lord]N'N$bēlīya",
"f": {"lang": "akk-x-neoass",
"form": "EN-ia₂",
"cf": "bēlu",
"gw": "lord",
"sense": "lord",
"norm": "bēlīya",
"pos": "N",
"epos": "N"}
}
,
{
"node": "d",
"type": "line-start",
"ref": "P334431.8",
"n": "7",
"label": "o 7"}
,
{
"node": "l",
"frag": "lik-ru-bu",
"id": "P334431.l085d2",
"ref": "P334431.8.1",
"inst": "likrubu[bless]V",
"sig": "@saao/saa10%akk-x-neoass:lik-ru-bu=karābu[pray//bless]V'V$likrubu",
"f": {"lang": "akk-x-neoass",
"form": "lik-ru-bu",
"cf": "karābu",
"gw": "pray",
"sense": "bless",
"norm": "likrubu",
"pos": "V",
"epos": "V"}
}
,
{
"node": "d",
"type": "line-start",
"ref": "P334431.9",
"n": "8",
"label": "o 8"}
,
{
"node": "l",
"frag": "⸢li⸣-li-si",
"id": "P334431.l085d3",
"ref": "P334431.9.1",
"inst": "+lilissu[kettledrum]N$lilissi",
"sig": "@saao/saa10%akk-x-neoass:li-li-si=lilissu[kettledrum//kettledrum]N'N$lilissi",
"f": {"lang": "akk-x-neoass",
"form": "li-li-si",
"cf": "lilissu",
"gw": "kettledrum",
"sense": "kettledrum",
"norm": "lilissi",
"pos": "N",
"epos": "N"}
}
,
{
"node": "d",
"type": "line-start",
"ref": "P334431.10",
"n": "9",
"label": "o 9"}
,
{
"node": "l",
"frag": "ša",
"id": "P334431.l085d4",
"ref": "P334431.10.1",
"inst": "ša[which]REL",
"sig": "@saao/saa10%akk-x-neoass:ša=ša[that//those which]REL'REL$ša",
"f": {"lang": "akk-x-neoass",
"form": "ša",
"cf": "ša",
"gw": "that",
"sense": "those which",
"norm": "ša",
"pos": "REL",
"epos": "REL"}
}
,
{
"node": "l",
"frag": "LUGAL",
"id": "P334431.l085d5",
"ref": "P334431.10.2",
"inst": "šarru[king]N",
"sig": "@saao/saa10%akk-x-neoass:LUGAL=šarru[king//king]N'N$šarru",
"f": {"lang": "akk-x-neoass",
"form": "LUGAL",
"cf": "šarru",
"gw": "king",
"sense": "king",
"norm": "šarru",
"pos": "N",
"epos": "N"}
}
,
{
"node": "l",
"frag": "be-li₂",
"id": "P334431.l085d6",
"ref": "P334431.10.3",
"inst": "bēlī[lord]N",
"sig": "@saao/saa10%akk-x-neoass:be-li₂=bēlu[lord//lord]N'N$bēlī",
"f": {"lang": "akk-x-neoass",
"form": "be-li₂",
"cf": "bēlu",
"gw": "lord",
"sense": "lord",
"norm": "bēlī",
"pos": "N",
"epos": "N"}
}
,
{
"node": "d",
"type": "line-start",
"ref": "P334431.11",
"n": "10",
"label": "o 10"}
,
{
"node": "l",
"frag": "ina",
"id": "P334431.l085d7",
"ref": "P334431.11.1",
"inst": "ina[in]PRP",
"sig": "@saao/saa10%akk-x-neoass:ina=ina[in//in]PRP'PRP$ina",
"f": {"lang": "akk-x-neoass",
"form": "ina",
"cf": "ina",
"gw": "in",
"sense": "in",
"norm": "ina",
"pos": "PRP",
"epos": "PRP"}
}
,
{
"node": "l",
"frag": "E₂.GAL-šu₂",
"id": "P334431.l085d8",
"ref": "P334431.11.2",
"inst": "ēkallīšu[palace]N",
"sig": "@saao/saa10%akk-x-neoass:E₂.GAL-šu₂=ēkallu[palace//palace]N'N$ēkallīšu",
"f": {"lang": "akk-x-neoass",
"form": "E₂.GAL-šu₂",
"cf": "ēkallu",
"gw": "palace",
"sense": "palace",
"norm": "ēkallīšu",
"pos": "N",
"epos": "N"}
}
,
{
"node": "d",
"type": "line-start",
"ref": "P334431.12",
"n": "11",
"label": "o 11"}
,
{
"node": "l",
"frag": "u₂-ki-in-nu-u-ni",
"id": "P334431.l085d9",
"ref": "P334431.12.1",
"inst": "+kânu[be(come) permanent//establish]V'V$ukinnūni",
"sig": "@saao/saa10%akk-x-neoass:u₂-ki-in-nu-u-ni=kânu[be(come) permanent//establish]V'V$ukinnūni",
"f": {"lang": "akk-x-neoass",
"form": "u₂-ki-in-nu-u-ni",
"cf": "kânu",
"gw": "be(come) permanent",
"sense": "establish",
"norm": "ukinnūni",
"pos": "V",
"epos": "V"}
}
,
{
"node": "d",
"type": "line-start",
"ref": "P334431.13",
"n": "12",
"label": "o 12"}
,
{
"node": "l",
"frag": "ina",
"id": "P334431.l085da",
"ref": "P334431.13.1",
"inst": "ina[at]PRP",
"sig": "@saao/saa10%akk-x-neoass:ina=ina[in//at]PRP'PRP$ina",
"f": {"lang": "akk-x-neoass",
"form": "ina",
"cf": "ina",
"gw": "in",
"sense": "at",
"norm": "ina",
"pos": "PRP",
"epos": "PRP"}
}
,
{
"node": "l",
"frag": "MI",
"id": "P334431.l085db",
"ref": "P334431.13.2",
"inst": "mūši[night]N",
"sig": "@saao/saa10%akk-x-neoass:MI=mūšu[night//night]N'N$mūši",
"f": {"lang": "akk-x-neoass",
"form": "MI",
"cf": "mūšu",
"gw": "night",
"sense": "night",
"norm": "mūši",
"pos": "N",
"epos": "N"}
}
,
{
"node": "l",
"frag": "an-ni-i",
"id": "P334431.l085dc",
"ref": "P334431.13.3",
"inst": "annî[this]DP",
"sig": "@saao/saa10%akk-x-neoass:an-ni-i=annû[this//this]DP'DP$annî",
"f": {"lang": "akk-x-neoass",
"form": "an-ni-i",
"cf": "annû",
"gw": "this",
"sense": "this",
"norm": "annî",
"pos": "DP",
"epos": "DP"}
}
,
{
"node": "d",
"type": "line-start",
"ref": "P334431.14",
"n": "13",
"label": "o 13"}
,
{
"node": "l",
"frag": "ina",
"id": "P334431.l085dd",
"ref": "P334431.14.1",
"inst": "ina[in]PRP",
"sig": "@saao/saa10%akk-x-neoass:ina=ina[in//in]PRP'PRP$ina",
"f": {"lang": "akk-x-neoass",
"form": "ina",
"cf": "ina",
"gw": "in",
"sense": "in",
"norm": "ina",
"pos": "PRP",
"epos": "PRP"}
}
,
{
"node": "l",
"frag": "IGI",
"id": "P334431.l085de",
"ref": "P334431.14.2",
"inst": "pān[front]N",
"sig": "@saao/saa10%akk-x-neoass:IGI=pānu[front//front]N'N$pān",
"f": {"lang": "akk-x-neoass",
"form": "IGI",
"cf": "pānu",
"gw": "front",
"sense": "front",
"norm": "pān",
"pos": "N",
"epos": "N"}
}
,
{
"node": "l",
"frag": "{d}AMAR.UTU",
"id": "P334431.l085df",
"ref": "P334431.14.3",
"inst": "Marduk[1]DN",
"sig": "@saao/saa10%akk-x-neoass:{d}AMAR.UTU=Marduk[1//1]DN'DN$Marduk",
"f": {"lang": "akk-x-neoass",
"form": "{d}AMAR.UTU",
"cf": "Marduk",
"gw": "1",
"sense": "1",
"norm": "Marduk",
"pos": "DN",
"epos": "DN"}
}
,
{
"node": "d",
"subtype": "reverse",
"type": "surface",
"ref": "P334431.r.15",
"type": "reverse",
"label": "r"}
,
{
"node": "d",
"type": "line-start",
"ref": "P334431.16",
"n": "1",
"label": "r 1"}
,
{
"node": "l",
"frag": "iš-šak-kan",
"id": "P334431.l085e0",
"ref": "P334431.16.1",
"inst": "+šakānu[put//be(come) placed]V'V$iššakkan",
"sig": "@saao/saa10%akk-x-neoass:iš-šak-kan=šakānu[put//be(come) placed]V'V$iššakkan",
"f": {"lang": "akk-x-neoass",
"form": "iš-šak-kan",
"cf": "šakānu",
"gw": "put",
"sense": "be(come) placed",
"norm": "iššakkan",
"pos": "V",
"epos": "V"}
}
,
{
"node": "d",
"type": "line-start",
"ref": "P334431.17",
"n": "2",
"label": "r 2"}
,
{
"node": "l",
"frag": "a-na",
"id": "P334431.l085e1",
"ref": "P334431.17.1",
"inst": "ana[to]PRP",
"sig": "@saao/saa10%akk-x-neoass:a-na=ana[to//to]PRP'PRP$ana",
"f": {"lang": "akk-x-neoass",
"form": "a-na",
"cf": "ana",
"gw": "to",
"sense": "to",
"norm": "ana",
"pos": "PRP",
"epos": "PRP"}
}
,
{
"node": "l",
"frag": "LUGAL",
"id": "P334431.l085e2",
"ref": "P334431.17.2",
"inst": "šarri[king]N",
"sig": "@saao/saa10%akk-x-neoass:LUGAL=šarru[king//king]N'N$šarri",
"f": {"lang": "akk-x-neoass",
"form": "LUGAL",
"cf": "šarru",
"gw": "king",
"sense": "king",
"norm": "šarri",
"pos": "N",
"epos": "N"}
}
,
{
"node": "l",
"frag": "EN-ia₂",
"id": "P334431.l085e3",
"ref": "P334431.17.3",
"inst": "bēlīya[lord]N",
"sig": "@saao/saa10%akk-x-neoass:EN-ia₂=bēlu[lord//lord]N'N$bēlīya",
"f": {"lang": "akk-x-neoass",
"form": "EN-ia₂",
"cf": "bēlu",
"gw": "lord",
"sense": "lord",
"norm": "bēlīya",
"pos": "N",
"epos": "N"}
}
,
{
"node": "d",
"type": "line-start",
"ref": "P334431.18",
"n": "3",
"label": "r 3"}
,
{
"node": "l",
"frag": "i-kar-rab",
"id": "P334431.l085e4",
"ref": "P334431.18.1",
"inst": "ikarrab[bless]V",
"sig": "@saao/saa10%akk-x-neoass:i-kar-rab=karābu[pray//bless]V'V$ikarrab",
"f": {"lang": "akk-x-neoass",
"form": "i-kar-rab",
"cf": "karābu",
"gw": "pray",
"sense": "bless",
"norm": "ikarrab",
"pos": "V",
"epos": "V"}
}
]}
]}
]}
]}
