{
"type": "cdl",
  "source": "http://oracc.org/saao/saa10",
  "license": "This data is released under the CC0 license",
  "license-url": "https://creativecommons.org/publicdomain/zero/1.0/",
  "more-info": "http://oracc.org/doc/opendata/",
  "UTC-timestamp": "2017-05-19T11:42:48",
"project": "saao/saa10",
"textid": "P334426",
"cdl": [
{
"node": "c",
"type": "text",
"id": "P334426.U0",
"cdl": [
{
"node": "d",
"type": "object",
"ref": ""}
,
{
"node": "d",
"subtype": "obverse",
"type": "surface",
"ref": "P334426.o.1",
"type": "obverse",
"label": "o"}
,
{
"node": "d",
"type": "nonx",
"ref": "P334426.2",
"strict": "0",
"extent": "beginning",
"state": "missing"}
,
{
"node": "c",
"type": "discourse",
"subtype": "body",
"id": "P334426.U1",
"cdl": [
{
"node": "c",
"type": "sentence",
"id": "P334426.U2",
"label": "o 1' - r 11",
"cdl": [
{
"node": "d",
"type": "line-start",
"ref": "P334426.3",
"n": "1'",
"label": "o 1'"}
,
{
"node": "l",
"frag": "[x",
"id": "P334426.l04c8b",
"ref": "P334426.3.1",
"inst": "u",
"f": {"lang": "akk-x-neoass",
"form": "x",
"pos": "u"}
}
,
{
"node": "l",
"frag": "x",
"id": "P334426.l04c8c",
"ref": "P334426.3.2",
"inst": "u",
"f": {"lang": "akk-x-neoass",
"form": "x",
"pos": "u"}
}
,
{
"node": "l",
"frag": "x",
"id": "P334426.l04c8d",
"ref": "P334426.3.3",
"inst": "u",
"f": {"lang": "akk-x-neoass",
"form": "x",
"pos": "u"}
}
,
{
"node": "l",
"frag": "x",
"id": "P334426.l04c8e",
"ref": "P334426.3.4",
"inst": "u",
"f": {"lang": "akk-x-neoass",
"form": "x",
"pos": "u"}
}
,
{
"node": "l",
"frag": "x",
"id": "P334426.l04c8f",
"ref": "P334426.3.5",
"inst": "u",
"f": {"lang": "akk-x-neoass",
"form": "x",
"pos": "u"}
}
,
{
"node": "l",
"frag": "x",
"id": "P334426.l04c90",
"ref": "P334426.3.6",
"inst": "u",
"f": {"lang": "akk-x-neoass",
"form": "x",
"pos": "u"}
}
,
{
"node": "l",
"frag": "x",
"id": "P334426.l04c91",
"ref": "P334426.3.7",
"inst": "u",
"f": {"lang": "akk-x-neoass",
"form": "x",
"pos": "u"}
}
,
{
"node": "l",
"frag": "x",
"id": "P334426.l04c92",
"ref": "P334426.3.8",
"inst": "u",
"f": {"lang": "akk-x-neoass",
"form": "x",
"pos": "u"}
}
,
{
"node": "l",
"frag": "x",
"id": "P334426.l04c93",
"ref": "P334426.3.9",
"inst": "u",
"f": {"lang": "akk-x-neoass",
"form": "x",
"pos": "u"}
}
,
{
"node": "l",
"frag": "x]",
"id": "P334426.l04c94",
"ref": "P334426.3.10",
"inst": "u",
"f": {"lang": "akk-x-neoass",
"form": "x",
"pos": "u"}
}
,
{
"node": "l",
"frag": "LUGAL",
"id": "P334426.l04c95",
"ref": "P334426.3.11",
"inst": "šarru[king]N",
"sig": "@saao/saa10%akk-x-neoass:LUGAL=šarru[king//king]N'N$šarru",
"f": {"lang": "akk-x-neoass",
"form": "LUGAL",
"cf": "šarru",
"gw": "king",
"sense": "king",
"norm": "šarru",
"pos": "N",
"epos": "N"}
}
,
{
"node": "d",
"type": "line-start",
"ref": "P334426.4",
"n": "2'",
"label": "o 2'"}
,
{
"node": "l",
"frag": "[x",
"id": "P334426.l04c96",
"ref": "P334426.4.1",
"inst": "u",
"f": {"lang": "akk-x-neoass",
"form": "x",
"pos": "u"}
}
,
{
"node": "l",
"frag": "x",
"id": "P334426.l04c97",
"ref": "P334426.4.2",
"inst": "u",
"f": {"lang": "akk-x-neoass",
"form": "x",
"pos": "u"}
}
,
{
"node": "l",
"frag": "x",
"id": "P334426.l04c98",
"ref": "P334426.4.3",
"inst": "u",
"f": {"lang": "akk-x-neoass",
"form": "x",
"pos": "u"}
}
,
{
"node": "l",
"frag": "x",
"id": "P334426.l04c99",
"ref": "P334426.4.4",
"inst": "u",
"f": {"lang": "akk-x-neoass",
"form": "x",
"pos": "u"}
}
,
{
"node": "l",
"frag": "x",
"id": "P334426.l04c9a",
"ref": "P334426.4.5",
"inst": "u",
"f": {"lang": "akk-x-neoass",
"form": "x",
"pos": "u"}
}
,
{
"node": "l",
"frag": "x",
"id": "P334426.l04c9b",
"ref": "P334426.4.6",
"inst": "u",
"f": {"lang": "akk-x-neoass",
"form": "x",
"pos": "u"}
}
,
{
"node": "l",
"frag": "x",
"id": "P334426.l04c9c",
"ref": "P334426.4.7",
"inst": "u",
"f": {"lang": "akk-x-neoass",
"form": "x",
"pos": "u"}
}
,
{
"node": "l",
"frag": "x",
"id": "P334426.l04c9d",
"ref": "P334426.4.8",
"inst": "u",
"f": {"lang": "akk-x-neoass",
"form": "x",
"pos": "u"}
}
,
{
"node": "l",
"frag": "x",
"id": "P334426.l04c9e",
"ref": "P334426.4.9",
"inst": "u",
"f": {"lang": "akk-x-neoass",
"form": "x",
"pos": "u"}
}
,
{
"node": "l",
"frag": "x]",
"id": "P334426.l04c9f",
"ref": "P334426.4.10",
"inst": "u",
"f": {"lang": "akk-x-neoass",
"form": "x",
"pos": "u"}
}
,
{
"node": "l",
"frag": "⸢ši⸣-i",
"id": "P334426.l04ca0",
"ref": "P334426.4.11",
"inst": "šî[it]IP",
"sig": "@saao/saa10%akk-x-neoass:ši-i=šī[she//it]IP'IP$šî",
"f": {"lang": "akk-x-neoass",
"form": "ši-i",
"cf": "šī",
"gw": "she",
"sense": "it",
"norm": "šî",
"pos": "IP",
"epos": "IP"}
}
,
{
"node": "d",
"type": "line-start",
"ref": "P334426.5",
"n": "3'",
"label": "o 3'"}
,
{
"node": "l",
"frag": "[x",
"id": "P334426.l04ca1",
"ref": "P334426.5.1",
"inst": "u",
"f": {"lang": "akk-x-neoass",
"form": "x",
"pos": "u"}
}
,
{
"node": "l",
"frag": "x",
"id": "P334426.l04ca2",
"ref": "P334426.5.2",
"inst": "u",
"f": {"lang": "akk-x-neoass",
"form": "x",
"pos": "u"}
}
,
{
"node": "l",
"frag": "x",
"id": "P334426.l04ca3",
"ref": "P334426.5.3",
"inst": "u",
"f": {"lang": "akk-x-neoass",
"form": "x",
"pos": "u"}
}
,
{
"node": "l",
"frag": "x",
"id": "P334426.l04ca4",
"ref": "P334426.5.4",
"inst": "u",
"f": {"lang": "akk-x-neoass",
"form": "x",
"pos": "u"}
}
,
{
"node": "l",
"frag": "x",
"id": "P334426.l04ca5",
"ref": "P334426.5.5",
"inst": "u",
"f": {"lang": "akk-x-neoass",
"form": "x",
"pos": "u"}
}
,
{
"node": "l",
"frag": "x",
"id": "P334426.l04ca6",
"ref": "P334426.5.6",
"inst": "u",
"f": {"lang": "akk-x-neoass",
"form": "x",
"pos": "u"}
}
,
{
"node": "l",
"frag": "x",
"id": "P334426.l04ca7",
"ref": "P334426.5.7",
"inst": "u",
"f": {"lang": "akk-x-neoass",
"form": "x",
"pos": "u"}
}
,
{
"node": "l",
"frag": "x",
"id": "P334426.l04ca8",
"ref": "P334426.5.8",
"inst": "u",
"f": {"lang": "akk-x-neoass",
"form": "x",
"pos": "u"}
}
,
{
"node": "l",
"frag": "x",
"id": "P334426.l04ca9",
"ref": "P334426.5.9",
"inst": "u",
"f": {"lang": "akk-x-neoass",
"form": "x",
"pos": "u"}
}
,
{
"node": "l",
"frag": "an]-⸢ni⸣-e",
"id": "P334426.l04caa",
"ref": "P334426.5.10",
"inst": "annīe[this]DP",
"sig": "@saao/saa10%akk-x-neoass:an-ni-e=annû[this//this]DP'DP$annīe",
"f": {"lang": "akk-x-neoass",
"form": "an-ni-e",
"cf": "annû",
"gw": "this",
"sense": "this",
"norm": "annīe",
"pos": "DP",
"epos": "DP"}
}
,
{
"node": "d",
"type": "line-start",
"ref": "P334426.6",
"n": "4'",
"label": "o 4'"}
,
{
"node": "l",
"frag": "[x",
"id": "P334426.l04cab",
"ref": "P334426.6.1",
"inst": "u",
"f": {"lang": "akk-x-neoass",
"form": "x",
"pos": "u"}
}
,
{
"node": "l",
"frag": "x",
"id": "P334426.l04cac",
"ref": "P334426.6.2",
"inst": "u",
"f": {"lang": "akk-x-neoass",
"form": "x",
"pos": "u"}
}
,
{
"node": "l",
"frag": "x",
"id": "P334426.l04cad",
"ref": "P334426.6.3",
"inst": "u",
"f": {"lang": "akk-x-neoass",
"form": "x",
"pos": "u"}
}
,
{
"node": "l",
"frag": "x",
"id": "P334426.l04cae",
"ref": "P334426.6.4",
"inst": "u",
"f": {"lang": "akk-x-neoass",
"form": "x",
"pos": "u"}
}
,
{
"node": "l",
"frag": "x",
"id": "P334426.l04caf",
"ref": "P334426.6.5",
"inst": "u",
"f": {"lang": "akk-x-neoass",
"form": "x",
"pos": "u"}
}
,
{
"node": "l",
"frag": "x",
"id": "P334426.l04cb0",
"ref": "P334426.6.6",
"inst": "u",
"f": {"lang": "akk-x-neoass",
"form": "x",
"pos": "u"}
}
,
{
"node": "l",
"frag": "x",
"id": "P334426.l04cb1",
"ref": "P334426.6.7",
"inst": "u",
"f": {"lang": "akk-x-neoass",
"form": "x",
"pos": "u"}
}
,
{
"node": "l",
"frag": "x",
"id": "P334426.l04cb2",
"ref": "P334426.6.8",
"inst": "u",
"f": {"lang": "akk-x-neoass",
"form": "x",
"pos": "u"}
}
,
{
"node": "l",
"frag": "x",
"id": "P334426.l04cb3",
"ref": "P334426.6.9",
"inst": "u",
"f": {"lang": "akk-x-neoass",
"form": "x",
"pos": "u"}
}
,
{
"node": "l",
"frag": "x]-MEŠ",
"id": "P334426.l04cb4",
"ref": "P334426.6.10",
"inst": "u",
"f": {"lang": "akk-x-neoass",
"form": "x-MEŠ",
"pos": "u"}
}
,
{
"node": "d",
"type": "line-start",
"ref": "P334426.7",
"n": "5'",
"label": "o 5'"}
,
{
"node": "l",
"frag": "[x",
"id": "P334426.l04cb5",
"ref": "P334426.7.1",
"inst": "u",
"f": {"lang": "akk-x-neoass",
"form": "x",
"pos": "u"}
}
,
{
"node": "l",
"frag": "x",
"id": "P334426.l04cb6",
"ref": "P334426.7.2",
"inst": "u",
"f": {"lang": "akk-x-neoass",
"form": "x",
"pos": "u"}
}
,
{
"node": "l",
"frag": "x",
"id": "P334426.l04cb7",
"ref": "P334426.7.3",
"inst": "u",
"f": {"lang": "akk-x-neoass",
"form": "x",
"pos": "u"}
}
,
{
"node": "l",
"frag": "x",
"id": "P334426.l04cb8",
"ref": "P334426.7.4",
"inst": "u",
"f": {"lang": "akk-x-neoass",
"form": "x",
"pos": "u"}
}
,
{
"node": "l",
"frag": "x",
"id": "P334426.l04cb9",
"ref": "P334426.7.5",
"inst": "u",
"f": {"lang": "akk-x-neoass",
"form": "x",
"pos": "u"}
}
,
{
"node": "l",
"frag": "x",
"id": "P334426.l04cba",
"ref": "P334426.7.6",
"inst": "u",
"f": {"lang": "akk-x-neoass",
"form": "x",
"pos": "u"}
}
,
{
"node": "l",
"frag": "x",
"id": "P334426.l04cbb",
"ref": "P334426.7.7",
"inst": "u",
"f": {"lang": "akk-x-neoass",
"form": "x",
"pos": "u"}
}
,
{
"node": "l",
"frag": "x",
"id": "P334426.l04cbc",
"ref": "P334426.7.8",
"inst": "u",
"f": {"lang": "akk-x-neoass",
"form": "x",
"pos": "u"}
}
,
{
"node": "l",
"frag": "x",
"id": "P334426.l04cbd",
"ref": "P334426.7.9",
"inst": "u",
"f": {"lang": "akk-x-neoass",
"form": "x",
"pos": "u"}
}
,
{
"node": "l",
"frag": "x]-⸢te⸣-em-ma",
"id": "P334426.l04cbe",
"ref": "P334426.7.10",
"inst": "u",
"f": {"lang": "akk-x-neoass",
"form": "x-te-em-ma",
"pos": "u"}
}
,
{
"node": "d",
"type": "line-start",
"ref": "P334426.8",
"n": "6'",
"label": "o 6'"}
,
{
"node": "l",
"frag": "[x",
"id": "P334426.l04cbf",
"ref": "P334426.8.1",
"inst": "u",
"f": {"lang": "akk-x-neoass",
"form": "x",
"pos": "u"}
}
,
{
"node": "l",
"frag": "x",
"id": "P334426.l04cc0",
"ref": "P334426.8.2",
"inst": "u",
"f": {"lang": "akk-x-neoass",
"form": "x",
"pos": "u"}
}
,
{
"node": "l",
"frag": "x",
"id": "P334426.l04cc1",
"ref": "P334426.8.3",
"inst": "u",
"f": {"lang": "akk-x-neoass",
"form": "x",
"pos": "u"}
}
,
{
"node": "l",
"frag": "x",
"id": "P334426.l04cc2",
"ref": "P334426.8.4",
"inst": "u",
"f": {"lang": "akk-x-neoass",
"form": "x",
"pos": "u"}
}
,
{
"node": "l",
"frag": "x",
"id": "P334426.l04cc3",
"ref": "P334426.8.5",
"inst": "u",
"f": {"lang": "akk-x-neoass",
"form": "x",
"pos": "u"}
}
,
{
"node": "l",
"frag": "x",
"id": "P334426.l04cc4",
"ref": "P334426.8.6",
"inst": "u",
"f": {"lang": "akk-x-neoass",
"form": "x",
"pos": "u"}
}
,
{
"node": "l",
"frag": "x",
"id": "P334426.l04cc5",
"ref": "P334426.8.7",
"inst": "u",
"f": {"lang": "akk-x-neoass",
"form": "x",
"pos": "u"}
}
,
{
"node": "l",
"frag": "x",
"id": "P334426.l04cc6",
"ref": "P334426.8.8",
"inst": "u",
"f": {"lang": "akk-x-neoass",
"form": "x",
"pos": "u"}
}
,
{
"node": "l",
"frag": "x",
"id": "P334426.l04cc7",
"ref": "P334426.8.9",
"inst": "u",
"f": {"lang": "akk-x-neoass",
"form": "x",
"pos": "u"}
}
,
{
"node": "l",
"frag": "x]",
"id": "P334426.l04cc8",
"ref": "P334426.8.10",
"inst": "u",
"f": {"lang": "akk-x-neoass",
"form": "x",
"pos": "u"}
}
,
{
"node": "l",
"frag": "⸢ma⸣",
"id": "P334426.l04cc9",
"ref": "P334426.8.11",
"inst": "u",
"f": {"lang": "akk-x-neoass",
"form": "ma",
"pos": "u"}
}
,
{
"node": "d",
"type": "line-start",
"ref": "P334426.9",
"n": "7'",
"label": "o 7'"}
,
{
"node": "l",
"frag": "[x",
"id": "P334426.l04cca",
"ref": "P334426.9.1",
"inst": "u",
"f": {"lang": "akk-x-neoass",
"form": "x",
"pos": "u"}
}
,
{
"node": "l",
"frag": "x",
"id": "P334426.l04ccb",
"ref": "P334426.9.2",
"inst": "u",
"f": {"lang": "akk-x-neoass",
"form": "x",
"pos": "u"}
}
,
{
"node": "l",
"frag": "x",
"id": "P334426.l04ccc",
"ref": "P334426.9.3",
"inst": "u",
"f": {"lang": "akk-x-neoass",
"form": "x",
"pos": "u"}
}
,
{
"node": "l",
"frag": "x",
"id": "P334426.l04ccd",
"ref": "P334426.9.4",
"inst": "u",
"f": {"lang": "akk-x-neoass",
"form": "x",
"pos": "u"}
}
,
{
"node": "l",
"frag": "x",
"id": "P334426.l04cce",
"ref": "P334426.9.5",
"inst": "u",
"f": {"lang": "akk-x-neoass",
"form": "x",
"pos": "u"}
}
,
{
"node": "l",
"frag": "x",
"id": "P334426.l04ccf",
"ref": "P334426.9.6",
"inst": "u",
"f": {"lang": "akk-x-neoass",
"form": "x",
"pos": "u"}
}
,
{
"node": "l",
"frag": "x",
"id": "P334426.l04cd0",
"ref": "P334426.9.7",
"inst": "u",
"f": {"lang": "akk-x-neoass",
"form": "x",
"pos": "u"}
}
,
{
"node": "l",
"frag": "x",
"id": "P334426.l04cd1",
"ref": "P334426.9.8",
"inst": "u",
"f": {"lang": "akk-x-neoass",
"form": "x",
"pos": "u"}
}
,
{
"node": "l",
"frag": "x",
"id": "P334426.l04cd2",
"ref": "P334426.9.9",
"inst": "u",
"f": {"lang": "akk-x-neoass",
"form": "x",
"pos": "u"}
}
,
{
"node": "l",
"frag": "x]",
"id": "P334426.l04cd3",
"ref": "P334426.9.10",
"inst": "u",
"f": {"lang": "akk-x-neoass",
"form": "x",
"pos": "u"}
}
,
{
"node": "l",
"frag": "UD-MEŠ",
"id": "P334426.l04cd4",
"ref": "P334426.9.11",
"inst": "ūmāti[day]N",
"sig": "@saao/saa10%akk-x-neoass:UD-MEŠ=ūmu[day//day]N'N$ūmāti",
"f": {"lang": "akk-x-neoass",
"form": "UD-MEŠ",
"cf": "ūmu",
"gw": "day",
"sense": "day",
"norm": "ūmāti",
"pos": "N",
"epos": "N"}
}
,
{
"node": "d",
"type": "line-start",
"ref": "P334426.10",
"n": "8'",
"label": "o 8'"}
,
{
"node": "l",
"frag": "[x",
"id": "P334426.l04cd5",
"ref": "P334426.10.1",
"inst": "u",
"f": {"lang": "akk-x-neoass",
"form": "x",
"pos": "u"}
}
,
{
"node": "l",
"frag": "x",
"id": "P334426.l04cd6",
"ref": "P334426.10.2",
"inst": "u",
"f": {"lang": "akk-x-neoass",
"form": "x",
"pos": "u"}
}
,
{
"node": "l",
"frag": "x",
"id": "P334426.l04cd7",
"ref": "P334426.10.3",
"inst": "u",
"f": {"lang": "akk-x-neoass",
"form": "x",
"pos": "u"}
}
,
{
"node": "l",
"frag": "x",
"id": "P334426.l04cd8",
"ref": "P334426.10.4",
"inst": "u",
"f": {"lang": "akk-x-neoass",
"form": "x",
"pos": "u"}
}
,
{
"node": "l",
"frag": "x",
"id": "P334426.l04cd9",
"ref": "P334426.10.5",
"inst": "u",
"f": {"lang": "akk-x-neoass",
"form": "x",
"pos": "u"}
}
,
{
"node": "l",
"frag": "x",
"id": "P334426.l04cda",
"ref": "P334426.10.6",
"inst": "u",
"f": {"lang": "akk-x-neoass",
"form": "x",
"pos": "u"}
}
,
{
"node": "l",
"frag": "x",
"id": "P334426.l04cdb",
"ref": "P334426.10.7",
"inst": "u",
"f": {"lang": "akk-x-neoass",
"form": "x",
"pos": "u"}
}
,
{
"node": "l",
"frag": "x",
"id": "P334426.l04cdc",
"ref": "P334426.10.8",
"inst": "u",
"f": {"lang": "akk-x-neoass",
"form": "x",
"pos": "u"}
}
,
{
"node": "l",
"frag": "x",
"id": "P334426.l04cdd",
"ref": "P334426.10.9",
"inst": "u",
"f": {"lang": "akk-x-neoass",
"form": "x",
"pos": "u"}
}
,
{
"node": "l",
"frag": "x]+⸢x⸣",
"id": "P334426.l04cde",
"ref": "P334426.10.10",
"inst": "u",
"f": {"lang": "akk-x-neoass",
"form": "x+x",
"pos": "u"}
}
,
{
"node": "d",
"subtype": "reverse",
"type": "surface",
"ref": "P334426.r.11",
"type": "reverse",
"label": "r"}
,
{
"node": "d",
"type": "nonx",
"ref": "P334426.12",
"label": "r 1",
"silent": "1",
"strict": "0",
"extent": "1",
"scope": "line",
"state": "missing"}
,
{
"node": "d",
"type": "line-start",
"ref": "P334426.13",
"n": "2",
"label": "r 2"}
,
{
"node": "l",
"frag": "[x",
"id": "P334426.l04cdf",
"ref": "P334426.13.1",
"inst": "u",
"f": {"lang": "akk-x-neoass",
"form": "x",
"pos": "u"}
}
,
{
"node": "l",
"frag": "x",
"id": "P334426.l04ce0",
"ref": "P334426.13.2",
"inst": "u",
"f": {"lang": "akk-x-neoass",
"form": "x",
"pos": "u"}
}
,
{
"node": "l",
"frag": "x",
"id": "P334426.l04ce1",
"ref": "P334426.13.3",
"inst": "u",
"f": {"lang": "akk-x-neoass",
"form": "x",
"pos": "u"}
}
,
{
"node": "l",
"frag": "x",
"id": "P334426.l04ce2",
"ref": "P334426.13.4",
"inst": "u",
"f": {"lang": "akk-x-neoass",
"form": "x",
"pos": "u"}
}
,
{
"node": "l",
"frag": "x",
"id": "P334426.l04ce3",
"ref": "P334426.13.5",
"inst": "u",
"f": {"lang": "akk-x-neoass",
"form": "x",
"pos": "u"}
}
,
{
"node": "l",
"frag": "x]-ia",
"id": "P334426.l04ce4",
"ref": "P334426.13.6",
"inst": "u",
"f": {"lang": "akk-x-neoass",
"form": "x-ia",
"pos": "u"}
}
,
{
"node": "l",
"frag": "u₂-⸢sah⸣-kim",
"id": "P334426.l04ce5",
"ref": "P334426.13.7",
"inst": "+hakāmu[understand//explain]V'V$ussahkim",
"sig": "@saao/saa10%akk-x-neoass:u₂-sah-kim=hakāmu[understand//explain]V'V$ussahkim",
"f": {"lang": "akk-x-neoass",
"form": "u₂-sah-kim",
"cf": "hakāmu",
"gw": "understand",
"sense": "explain",
"norm": "ussahkim",
"pos": "V",
"epos": "V"}
}
,
{
"node": "d",
"type": "line-start",
"ref": "P334426.14",
"n": "3",
"label": "r 3"}
,
{
"node": "l",
"frag": "⸢ma⸣-a",
"id": "P334426.l04ce6",
"ref": "P334426.14.1",
"inst": "mā[saying]PRP",
"sig": "@saao/saa10%akk-x-neoass:ma-a=mā[saying//saying]PRP'PRP$mā",
"f": {"lang": "akk-x-neoass",
"form": "ma-a",
"cf": "mā",
"gw": "saying",
"sense": "saying",
"norm": "mā",
"pos": "PRP",
"epos": "PRP"}
}
,
{
"node": "l",
"frag": "ina",
"id": "P334426.l04ce7",
"ref": "P334426.14.2",
"inst": "ina[in]PRP",
"sig": "@saao/saa10%akk-x-neoass:ina=ina[in//from]PRP'PRP$ina",
"f": {"lang": "akk-x-neoass",
"form": "ina",
"cf": "ina",
"gw": "in",
"sense": "from",
"norm": "ina",
"pos": "PRP",
"epos": "PRP"}
}
,
{
"node": "l",
"frag": "ke-nu-ti-ša₂",
"id": "P334426.l04ce8",
"ref": "P334426.14.3",
"inst": "+kīnūtu[loyalty//righteousness]N'N$kēnūtīša",
"sig": "@saao/saa10%akk-x-neoass:ke-nu-ti-ša₂=kīnūtu[loyalty//righteousness]N'N$kēnūtīša",
"f": {"lang": "akk-x-neoass",
"form": "ke-nu-ti-ša₂",
"cf": "kīnūtu",
"gw": "loyalty",
"sense": "righteousness",
"norm": "kēnūtīša",
"pos": "N",
"epos": "N"}
}
,
{
"node": "l",
"frag": "aš-šur",
"id": "P334426.l04ce9",
"ref": "P334426.14.4",
"inst": "Aššur[1]DN",
"sig": "@saao/saa10%akk-x-neoass:aš-šur=Aššur[1//1]DN'DN$Aššur",
"f": {"lang": "akk-x-neoass",
"form": "aš-šur",
"cf": "Aššur",
"gw": "1",
"sense": "1",
"norm": "Aššur",
"pos": "DN",
"epos": "DN"}
}
,
{
"node": "l",
"frag": "{d}ša₂-maš",
"id": "P334426.l04cea",
"ref": "P334426.14.5",
"inst": "Šamaš[1]DN",
"sig": "@saao/saa10%akk-x-neoass:{d}ša₂-maš=Šamaš[1//1]DN'DN$Šamaš",
"f": {"lang": "akk-x-neoass",
"form": "{d}ša₂-maš",
"cf": "Šamaš",
"gw": "1",
"sense": "1",
"norm": "Šamaš",
"pos": "DN",
"epos": "DN"}
}
,
{
"node": "d",
"type": "line-start",
"ref": "P334426.15",
"n": "4",
"label": "r 4"}
,
{
"node": "l",
"frag": "a-na",
"id": "P334426.l04ceb",
"ref": "P334426.15.1",
"inst": "ana[to]PRP",
"sig": "@saao/saa10%akk-x-neoass:a-na=ana[to//to]PRP'PRP$ana",
"f": {"lang": "akk-x-neoass",
"form": "a-na",
"cf": "ana",
"gw": "to",
"sense": "to",
"norm": "ana",
"pos": "PRP",
"epos": "PRP"}
}
,
{
"node": "c",
"type": "phrase",
"tag": "phr",
"id": "P334426.U4",
"ref": "P334426.ls00000",
"cdl": [
{
"node": "l",
"frag": "DUMU-LUGAL-u₂-te",
"id": "P334426.l04cec",
"ref": "P334426.15.2",
"cof-tails": "P334426.l04ced",
"inst": "+māru[son]N$mār&+šarrūtu[kingship]N$šarrūte",
"sig": "@saao/saa10%akk-x-neoass:DUMU-LUGAL-u₂-te=māru[son//son]N'N$mār&&@saao/saa10%akk-x-neoass:DUMU-LUGAL-u₂-te=šarrūtu[kingship//kingship]N'N$šarrūte",
"f": {"lang": "akk-x-neoass",
"form": "DUMU-LUGAL-u₂-te",
"cf": "māru",
"gw": "son",
"sense": "son",
"norm": "mār",
"pos": "N",
"epos": "N"}
}
,
{
"node": "l",
"frag": "DUMU-LUGAL-u₂-te",
"id": "P334426.l04ced",
"ref": "P334426.15.2",
"cof-head": "P334426.l04cec",
"inst": "+māru[son]N$mār&+šarrūtu[kingship]N$šarrūte",
"f": {"lang": "akk-x-neoass",
"form": "DUMU-LUGAL-u₂-te",
"cf": "šarrūtu",
"gw": "kingship",
"sense": "kingship",
"norm": "šarrūte",
"pos": "N",
"epos": "N"}
}
]}
,
{
"node": "l",
"frag": "KUR-aš-šur{ki}",
"id": "P334426.l04cee",
"ref": "P334426.15.3",
"inst": "Mat-Aššur[Assyria]GN",
"sig": "@saao/saa10%akk-x-neoass:KUR-aš-šur{KI}=Mat-Aššur[Assyria//Assyria]GN'GN$Mat-Aššur",
"f": {"lang": "akk-x-neoass",
"form": "KUR-aš-šur{KI}",
"cf": "Mat-Aššur",
"gw": "Assyria",
"sense": "Assyria",
"norm": "Mat-Aššur",
"pos": "GN",
"epos": "GN"}
}
,
{
"node": "d",
"type": "line-start",
"ref": "P334426.16",
"n": "5",
"label": "r 5"}
,
{
"node": "l",
"frag": "iq-ṭi-bu-u₂-ni",
"id": "P334426.l04cef",
"ref": "P334426.16.1",
"inst": "+qabû[say//ordain]V'V$iqṭibūni",
"sig": "@saao/saa10%akk-x-neoass:iq-ṭi-bu-u₂-ni=qabû[say//ordain]V'V$iqṭibūni",
"f": {"lang": "akk-x-neoass",
"form": "iq-ṭi-bu-u₂-ni",
"cf": "qabû",
"gw": "say",
"sense": "ordain",
"norm": "iqṭibūni",
"pos": "V",
"epos": "V"}
}
,
{
"node": "l",
"frag": "e-ṭem₂-ma-ša₂",
"id": "P334426.l04cf0",
"ref": "P334426.16.2",
"inst": "+eṭemmu[ghost]N$eṭemmaša",
"sig": "@saao/saa10%akk-x-neoass:e-ṭem₂-ma-ša₂=eṭemmu[ghost//ghost]N'N$eṭemmaša",
"f": {"lang": "akk-x-neoass",
"form": "e-ṭem₂-ma-ša₂",
"cf": "eṭemmu",
"gw": "ghost",
"sense": "ghost",
"norm": "eṭemmaša",
"pos": "N",
"epos": "N"}
}
,
{
"node": "d",
"type": "line-start",
"ref": "P334426.17",
"n": "6",
"label": "r 6"}
,
{
"node": "l",
"frag": "⸢i⸣-kar-rab-šu₂",
"id": "P334426.l04cf1",
"ref": "P334426.17.1",
"inst": "+karābu[pray//bless]V'V$ikarrabšu",
"sig": "@saao/saa10%akk-x-neoass:i-kar-rab-šu₂=karābu[pray//bless]V'V$ikarrabšu",
"f": {"lang": "akk-x-neoass",
"form": "i-kar-rab-šu₂",
"cf": "karābu",
"gw": "pray",
"sense": "bless",
"norm": "ikarrabšu",
"pos": "V",
"epos": "V"}
}
,
{
"node": "l",
"frag": "ki-i",
"id": "P334426.l04cf2",
"ref": "P334426.17.2",
"inst": "kî[in accordance with]PRP",
"sig": "@saao/saa10%akk-x-neoass:ki-i=kī[like//in accordance with]PRP'PRP$kî",
"f": {"lang": "akk-x-neoass",
"form": "ki-i",
"cf": "kī",
"gw": "like",
"sense": "in accordance with",
"norm": "kî",
"pos": "PRP",
"epos": "PRP"}
}
,
{
"node": "l",
"frag": "ša",
"id": "P334426.l04cf3",
"ref": "P334426.17.3",
"inst": "ša[what]REL",
"sig": "@saao/saa10%akk-x-neoass:ša=ša[that//what]REL'REL$ša",
"f": {"lang": "akk-x-neoass",
"form": "ša",
"cf": "ša",
"gw": "that",
"sense": "what",
"norm": "ša",
"pos": "REL",
"epos": "REL"}
}
,
{
"node": "l",
"frag": "šu-u₂",
"id": "P334426.l04cf4",
"ref": "P334426.17.4",
"inst": "šû[he]IP",
"sig": "@saao/saa10%akk-x-neoass:šu-u₂=šū[he//he]IP'IP$šû",
"f": {"lang": "akk-x-neoass",
"form": "šu-u₂",
"cf": "šū",
"gw": "he",
"sense": "he",
"norm": "šû",
"pos": "IP",
"epos": "IP"}
}
,
{
"node": "d",
"type": "line-start",
"ref": "P334426.18",
"n": "7",
"label": "r 7"}
,
{
"node": "l",
"frag": "e-ṭem₂-mu",
"id": "P334426.l04cf5",
"ref": "P334426.18.1",
"inst": "+eṭemmu[ghost]N$",
"sig": "@saao/saa10%akk-x-neoass:e-ṭem₂-mu=eṭemmu[ghost//ghost]N'N$eṭemmu",
"f": {"lang": "akk-x-neoass",
"form": "e-ṭem₂-mu",
"cf": "eṭemmu",
"gw": "ghost",
"sense": "ghost",
"norm": "eṭemmu",
"pos": "N",
"epos": "N"}
}
,
{
"node": "l",
"frag": "ip-lah₃-u-ni",
"id": "P334426.l04cf6",
"ref": "P334426.18.2",
"inst": "+palāhu[fear//revere]V'V$iplahūni",
"sig": "@saao/saa10%akk-x-neoass:ip-lah₃-u-ni=palāhu[fear//revere]V'V$iplahūni",
"f": {"lang": "akk-x-neoass",
"form": "ip-lah₃-u-ni",
"cf": "palāhu",
"gw": "fear",
"sense": "revere",
"norm": "iplahūni",
"pos": "V",
"epos": "V"}
}
,
{
"node": "l",
"frag": "ma-a",
"id": "P334426.l04cf7",
"ref": "P334426.18.3",
"inst": "mā[saying]PRP",
"sig": "@saao/saa10%akk-x-neoass:ma-a=mā[saying//saying]PRP'PRP$mā",
"f": {"lang": "akk-x-neoass",
"form": "ma-a",
"cf": "mā",
"gw": "saying",
"sense": "saying",
"norm": "mā",
"pos": "PRP",
"epos": "PRP"}
}
,
{
"node": "l",
"frag": "MU-šu₂",
"id": "P334426.l04cf8",
"ref": "P334426.18.4",
"inst": "šumšu[name]N",
"sig": "@saao/saa10%akk-x-neoass:MU-šu₂=šumu[name//name]N'N$šumšu",
"f": {"lang": "akk-x-neoass",
"form": "MU-šu₂",
"cf": "šumu",
"gw": "name",
"sense": "name",
"norm": "šumšu",
"pos": "N",
"epos": "N"}
}
,
{
"node": "d",
"type": "line-start",
"ref": "P334426.19",
"n": "8",
"label": "r 8"}
,
{
"node": "l",
"frag": "NUMUN-šu₂",
"id": "P334426.l04cf9",
"ref": "P334426.19.1",
"inst": "zāršu[seed(s)]N",
"sig": "@saao/saa10%akk-x-neoass:NUMUN-šu₂=zēru[seed(s)//seed(s)]N'N$zāršu",
"f": {"lang": "akk-x-neoass",
"form": "NUMUN-šu₂",
"cf": "zēru",
"gw": "seed(s)",
"sense": "seed(s)",
"norm": "zāršu",
"pos": "N",
"epos": "N"}
}
,
{
"node": "l",
"frag": "KUR-aš-šur{ki}",
"id": "P334426.l04cfa",
"ref": "P334426.19.2",
"inst": "Mat-Aššur[Assyria]GN",
"sig": "@saao/saa10%akk-x-neoass:KUR-aš-šur{KI}=Mat-Aššur[Assyria//Assyria]GN'GN$Mat-Aššur",
"f": {"lang": "akk-x-neoass",
"form": "KUR-aš-šur{KI}",
"cf": "Mat-Aššur",
"gw": "Assyria",
"sense": "Assyria",
"norm": "Mat-Aššur",
"pos": "GN",
"epos": "GN"}
}
,
{
"node": "l",
"frag": "li-be₂-lu",
"id": "P334426.l04cfb",
"ref": "P334426.19.3",
"inst": "+bêlu[rule (over)]V$libēlu",
"sig": "@saao/saa10%akk-x-neoass:li-be₂-lu=bêlu[rule (over)//rule (over)]V'V$libēlu",
"f": {"lang": "akk-x-neoass",
"form": "li-be₂-lu",
"cf": "bêlu",
"gw": "rule (over)",
"sense": "rule (over)",
"norm": "libēlu",
"pos": "V",
"epos": "V"}
}
,
{
"node": "d",
"type": "line-start",
"ref": "P334426.20",
"n": "9",
"label": "r 9"}
,
{
"node": "l",
"frag": "⸢pa⸣-lah",
"id": "P334426.l04cfc",
"ref": "P334426.20.1",
"inst": "+palāhu[fear]V'N$palāh",
"sig": "@saao/saa10%akk-x-neoass:pa-lah=palāhu[fear//fear]V'N$palāh",
"f": {"lang": "akk-x-neoass",
"form": "pa-lah",
"cf": "palāhu",
"gw": "fear",
"sense": "fear",
"norm": "palāh",
"pos": "V",
"epos": "N"}
}
,
{
"node": "l",
"frag": "DINGIR-MEŠ",
"id": "P334426.l04cfd",
"ref": "P334426.20.2",
"inst": "ilāni[god]N",
"sig": "@saao/saa10%akk-x-neoass:DINGIR-MEŠ=ilu[god//god]N'N$ilāni",
"f": {"lang": "akk-x-neoass",
"form": "DINGIR-MEŠ",
"cf": "ilu",
"gw": "god",
"sense": "god",
"norm": "ilāni",
"pos": "N",
"epos": "N"}
}
,
{
"node": "l",
"frag": "da-ma-qu",
"id": "P334426.l04cfe",
"ref": "P334426.20.3",
"inst": "damāqu[good fortune]'N",
"sig": "@saao/saa10%akk-x-neoass:da-ma-qu=damāqu[be(come) good//good fortune]V'N$damāqu",
"f": {"lang": "akk-x-neoass",
"form": "da-ma-qu",
"cf": "damāqu",
"gw": "be(come) good",
"sense": "good fortune",
"norm": "damāqu",
"pos": "V",
"epos": "N"}
}
,
{
"node": "l",
"frag": "ul-lad",
"id": "P334426.l04cff",
"ref": "P334426.20.4",
"inst": "+walādu[give birth (to)//create]V'V$ullad",
"sig": "@saao/saa10%akk-x-neoass:ul-lad=walādu[give birth (to)//create]V'V$ullad",
"f": {"lang": "akk-x-neoass",
"form": "ul-lad",
"cf": "walādu",
"gw": "give birth (to)",
"sense": "create",
"norm": "ullad",
"pos": "V",
"epos": "V"}
}
,
{
"node": "d",
"type": "line-start",
"ref": "P334426.21",
"n": "10",
"label": "r 10"}
,
{
"node": "l",
"frag": "⸢pa⸣-lah",
"id": "P334426.l04d00",
"ref": "P334426.21.1",
"inst": "palāh[fear]'N",
"sig": "@saao/saa10%akk-x-neoass:pa-lah=palāhu[fear//fear]V'N$palāh",
"f": {"lang": "akk-x-neoass",
"form": "pa-lah",
"cf": "palāhu",
"gw": "fear",
"sense": "fear",
"norm": "palāh",
"pos": "V",
"epos": "N"}
}
,
{
"node": "l",
"frag": "{d}a-nun-na-ki",
"id": "P334426.l04d01",
"ref": "P334426.21.2",
"inst": "+Anunnaki[]DN$",
"sig": "@saao/saa10%akk-x-neoass:{d}a-nun-na-ki=Anunnaki[1//1]DN'DN$Anunnaki",
"f": {"lang": "akk-x-neoass",
"form": "{d}a-nun-na-ki",
"cf": "Anunnaki",
"gw": "1",
"sense": "1",
"norm": "Anunnaki",
"pos": "DN",
"epos": "DN"}
}
,
{
"node": "l",
"frag": "ba-la-ṭu",
"id": "P334426.l04d02",
"ref": "P334426.21.3",
"inst": "+balāṭu[live//life]V'N$",
"sig": "@saao/saa10%akk-x-neoass:ba-la-ṭu=balāṭu[live//life]V'N$balāṭu",
"f": {"lang": "akk-x-neoass",
"form": "ba-la-ṭu",
"cf": "balāṭu",
"gw": "live",
"sense": "life",
"norm": "balāṭu",
"pos": "V",
"epos": "N"}
}
,
{
"node": "l",
"frag": "u₂-tar",
"id": "P334426.l04d03",
"ref": "P334426.21.4",
"inst": "+târu[turn//return]V'V$utâr",
"sig": "@saao/saa10%akk-x-neoass:u₂-tar=târu[turn//return]V'V$utâr",
"f": {"lang": "akk-x-neoass",
"form": "u₂-tar",
"cf": "târu",
"gw": "turn",
"sense": "return",
"norm": "utâr",
"pos": "V",
"epos": "V"}
}
,
{
"node": "d",
"type": "line-start",
"ref": "P334426.22",
"n": "11",
"label": "r 11"}
,
{
"node": "l",
"frag": "[LUGAL",
"id": "P334426.l04d04",
"ref": "P334426.22.1",
"inst": "šarru[king]N",
"sig": "@saao/saa10%akk-x-neoass:LUGAL=šarru[king//king]N'N$šarru",
"f": {"lang": "akk-x-neoass",
"form": "LUGAL",
"cf": "šarru",
"gw": "king",
"sense": "king",
"norm": "šarru",
"pos": "N",
"epos": "N"}
}
,
{
"node": "l",
"frag": "be]-⸢li₂⸣",
"id": "P334426.l04d05",
"ref": "P334426.22.2",
"inst": "bēlī[lord]N",
"sig": "@saao/saa10%akk-x-neoass:be-li₂=bēlu[lord//lord]N'N$bēlī",
"f": {"lang": "akk-x-neoass",
"form": "be-li₂",
"cf": "bēlu",
"gw": "lord",
"sense": "lord",
"norm": "bēlī",
"pos": "N",
"epos": "N"}
}
,
{
"node": "l",
"frag": "ṭe₃-e-[mu]",
"id": "P334426.l04d06",
"ref": "P334426.22.3",
"inst": "ṭēmu[order]N",
"sig": "@saao/saa10%akk-x-neoass:ṭe₃-e-mu=ṭēmu[(fore)thought//order]N'N$ṭēmu",
"f": {"lang": "akk-x-neoass",
"form": "ṭe₃-e-mu",
"cf": "ṭēmu",
"gw": "(fore)thought",
"sense": "order",
"norm": "ṭēmu",
"pos": "N",
"epos": "N"}
}
,
{
"node": "l",
"frag": "liš-⸢kun⸣",
"id": "P334426.l04d07",
"ref": "P334426.22.4",
"inst": "liškun[place]V",
"sig": "@saao/saa10%akk-x-neoass:liš-kun=šakānu[put//place]V'V$liškun",
"f": {"lang": "akk-x-neoass",
"form": "liš-kun",
"cf": "šakānu",
"gw": "put",
"sense": "place",
"norm": "liškun",
"pos": "V",
"epos": "V"}
}
,
{
"node": "d",
"type": "nonx",
"ref": "P334426.23",
"strict": "0",
"extent": "rest",
"state": "missing"}
]}
]}
]}
,
{
"linkbase": [{
"type": "linkset",
"xlink_title": "mār šarrūtu[princeship//princeship]N'N",
"id": "P334426.ls00000",
"xlink_type": "extended",
"xlink_role": "psu",
"sig": "{DUMU-LUGAL-u₂-te = māru[son]N šarrūtu[kingship]N += mār šarrūtu[princeship//princeship]N'N}::@saao/saa10%akk-x-neoass:DUMU-LUGAL-u₂-te=māru[son//son]N'N$mār++@saao/saa10%akk-x-neoass:DUMU-LUGAL-u₂-te=šarrūtu[kingship//kingship]N'N$šarrūte",
"links": [
{
"type": "link",
"xlink_title": "māru",
"xlink_type": "locator",
"xlink_href": "#P334426.l04cec",
"xlink_role": "elt"}
,
{
"type": "link",
"xlink_title": "šarrūtu",
"xlink_type": "locator",
"xlink_href": "#P334426.l04ced",
"xlink_role": "elt"}
]}
]}
]}
