{
"type": "cdl",
  "source": "http://oracc.org/saao/saa10",
  "license": "This data is released under the CC0 license",
  "license-url": "https://creativecommons.org/publicdomain/zero/1.0/",
  "more-info": "http://oracc.org/doc/opendata/",
  "UTC-timestamp": "2017-05-19T11:43:04",
"project": "saao/saa10",
"textid": "P334885",
"cdl": [
{
"node": "c",
"type": "text",
"id": "P334885.U0",
"cdl": [
{
"node": "d",
"type": "object",
"ref": ""}
,
{
"node": "d",
"subtype": "obverse",
"type": "surface",
"ref": "P334885.o.1",
"type": "obverse",
"label": "o"}
,
{
"node": "d",
"type": "nonx",
"ref": "P334885.2",
"strict": "0",
"extent": "beginning",
"state": "missing"}
,
{
"node": "c",
"type": "discourse",
"subtype": "body",
"id": "P334885.U1",
"cdl": [
{
"node": "c",
"type": "sentence",
"id": "P334885.U2",
"label": "o 1' - r 10'",
"cdl": [
{
"node": "d",
"type": "line-start",
"ref": "P334885.3",
"n": "1'",
"label": "o 1'"}
,
{
"node": "l",
"frag": "{[d}AG",
"id": "P334885.l0520e",
"ref": "P334885.3.1",
"inst": "Nabu[1]DN",
"sig": "@saao/saa10%akk-x-neoass:{d}AG=Nabu[1//1]DN'DN$Nabu",
"f": {"lang": "akk-x-neoass",
"form": "{d}AG",
"cf": "Nabu",
"gw": "1",
"sense": "1",
"norm": "Nabu",
"pos": "DN",
"epos": "DN"}
}
,
{
"node": "l",
"frag": "{d]}⸢AMAR⸣.UTU",
"id": "P334885.l0520f",
"ref": "P334885.3.2",
"inst": "Marduk[1]DN",
"sig": "@saao/saa10%akk-x-neoass:{d}AMAR.UTU=Marduk[1//1]DN'DN$Marduk",
"f": {"lang": "akk-x-neoass",
"form": "{d}AMAR.UTU",
"cf": "Marduk",
"gw": "1",
"sense": "1",
"norm": "Marduk",
"pos": "DN",
"epos": "DN"}
}
,
{
"node": "d",
"type": "line-start",
"ref": "P334885.4",
"n": "2'",
"label": "o 2'"}
,
{
"node": "l",
"frag": "[a-na",
"id": "P334885.l05210",
"ref": "P334885.4.1",
"inst": "ana[to]PRP",
"sig": "@saao/saa10%akk-x-neoass:a-na=ana[to//to]PRP'PRP$ana",
"f": {"lang": "akk-x-neoass",
"form": "a-na",
"cf": "ana",
"gw": "to",
"sense": "to",
"norm": "ana",
"pos": "PRP",
"epos": "PRP"}
}
,
{
"node": "l",
"frag": "LUGAL]",
"id": "P334885.l05211",
"ref": "P334885.4.2",
"inst": "šarri[king]N",
"sig": "@saao/saa10%akk-x-neoass:LUGAL=šarru[king//king]N'N$šarri",
"f": {"lang": "akk-x-neoass",
"form": "LUGAL",
"cf": "šarru",
"gw": "king",
"sense": "king",
"norm": "šarri",
"pos": "N",
"epos": "N"}
}
,
{
"node": "l",
"frag": "⸢be⸣-li₂-ia",
"id": "P334885.l05212",
"ref": "P334885.4.3",
"inst": "bēlīya[lord]N",
"sig": "@saao/saa10%akk-x-neoass:be-li₂-ia=bēlu[lord//lord]N'N$bēlīya",
"f": {"lang": "akk-x-neoass",
"form": "be-li₂-ia",
"cf": "bēlu",
"gw": "lord",
"sense": "lord",
"norm": "bēlīya",
"pos": "N",
"epos": "N"}
}
,
{
"node": "d",
"type": "line-start",
"ref": "P334885.5",
"n": "3'",
"label": "o 3'"}
,
{
"node": "l",
"frag": "[lik]-⸢ru⸣-bu",
"id": "P334885.l05213",
"ref": "P334885.5.1",
"inst": "likrubu[bless]V",
"sig": "@saao/saa10%akk-x-neoass:lik-ru-bu=karābu[pray//bless]V'V$likrubu",
"f": {"lang": "akk-x-neoass",
"form": "lik-ru-bu",
"cf": "karābu",
"gw": "pray",
"sense": "bless",
"norm": "likrubu",
"pos": "V",
"epos": "V"}
}
,
{
"node": "d",
"type": "line-start",
"ref": "P334885.6",
"n": "4'",
"label": "o 4'"}
,
{
"node": "l",
"frag": "[ina",
"id": "P334885.l05214",
"ref": "P334885.6.1",
"inst": "ina[in]PRP",
"sig": "@saao/saa10%akk-x-neoass:ina=ina[in//from]PRP'PRP$ina",
"f": {"lang": "akk-x-neoass",
"form": "ina",
"cf": "ina",
"gw": "in",
"sense": "from",
"norm": "ina",
"pos": "PRP",
"epos": "PRP"}
}
,
{
"node": "l",
"frag": "UGU",
"id": "P334885.l05215",
"ref": "P334885.6.2",
"inst": "muhhi[skull]N",
"sig": "@saao/saa10%akk-x-neoass:UGU=muhhu[skull//skull]N'N$muhhi",
"f": {"lang": "akk-x-neoass",
"form": "UGU",
"cf": "muhhu",
"gw": "skull",
"sense": "skull",
"norm": "muhhi",
"pos": "N",
"epos": "N"}
}
,
{
"node": "l",
"frag": "{mul]}ṣal-bat-a-nu",
"id": "P334885.l05216",
"ref": "P334885.6.3",
"inst": "Ṣalbatanu[Mars]CN",
"sig": "@saao/saa10%akk-x-neoass:{MUL}ṣal-bat-a-nu=Ṣalbatanu[Mars//Mars]CN'CN$Ṣalbatanu",
"f": {"lang": "akk-x-neoass",
"form": "{MUL}ṣal-bat-a-nu",
"cf": "Ṣalbatanu",
"gw": "Mars",
"sense": "Mars",
"norm": "Ṣalbatanu",
"pos": "CN",
"epos": "CN"}
}
,
{
"node": "d",
"type": "line-start",
"ref": "P334885.7",
"n": "5'",
"label": "o 5'"}
,
{
"node": "l",
"frag": "[ša₂",
"id": "P334885.l05217",
"ref": "P334885.7.1",
"inst": "ša[which]REL",
"sig": "@saao/saa10%akk-x-neoass:ša₂=ša[that//which]REL'REL$ša",
"f": {"lang": "akk-x-neoass",
"form": "ša₂",
"cf": "ša",
"gw": "that",
"sense": "which",
"norm": "ša",
"pos": "REL",
"epos": "REL"}
}
,
{
"node": "l",
"frag": "LUGAL",
"id": "P334885.l05218",
"ref": "P334885.7.2",
"inst": "šarru[king]N",
"sig": "@saao/saa10%akk-x-neoass:LUGAL=šarru[king//king]N'N$šarru",
"f": {"lang": "akk-x-neoass",
"form": "LUGAL",
"cf": "šarru",
"gw": "king",
"sense": "king",
"norm": "šarru",
"pos": "N",
"epos": "N"}
}
,
{
"node": "l",
"frag": "be-li₂]",
"id": "P334885.l05219",
"ref": "P334885.7.3",
"inst": "bēlī[lord]N",
"sig": "@saao/saa10%akk-x-neoass:be-li₂=bēlu[lord//lord]N'N$bēlī",
"f": {"lang": "akk-x-neoass",
"form": "be-li₂",
"cf": "bēlu",
"gw": "lord",
"sense": "lord",
"norm": "bēlī",
"pos": "N",
"epos": "N"}
}
,
{
"node": "l",
"frag": "iš-pur-an-ni",
"id": "P334885.l0521a",
"ref": "P334885.7.4",
"inst": "išpuranni[write]V",
"sig": "@saao/saa10%akk-x-neoass:iš-pur-an-ni=šapāru[send//write]V'V$išpuranni",
"f": {"lang": "akk-x-neoass",
"form": "iš-pur-an-ni",
"cf": "šapāru",
"gw": "send",
"sense": "write",
"norm": "išpuranni",
"pos": "V",
"epos": "V"}
}
,
{
"node": "d",
"type": "line-start",
"ref": "P334885.8",
"n": "6'",
"label": "o 6'"}
,
{
"node": "l",
"frag": "[LUGAL",
"id": "P334885.l0521b",
"ref": "P334885.8.1",
"inst": "šarru[king]N",
"sig": "@saao/saa10%akk-x-neoass:LUGAL=šarru[king//king]N'N$šarru",
"f": {"lang": "akk-x-neoass",
"form": "LUGAL",
"cf": "šarru",
"gw": "king",
"sense": "king",
"norm": "šarru",
"pos": "N",
"epos": "N"}
}
,
{
"node": "l",
"frag": "be-li₂]",
"id": "P334885.l0521c",
"ref": "P334885.8.2",
"inst": "bēlī[lord]N",
"sig": "@saao/saa10%akk-x-neoass:be-li₂=bēlu[lord//lord]N'N$bēlī",
"f": {"lang": "akk-x-neoass",
"form": "be-li₂",
"cf": "bēlu",
"gw": "lord",
"sense": "lord",
"norm": "bēlī",
"pos": "N",
"epos": "N"}
}
,
{
"node": "l",
"frag": "⸢la⸣",
"id": "P334885.l0521d",
"ref": "P334885.8.3",
"inst": "lā[not]MOD",
"sig": "@saao/saa10%akk-x-neoass:la=lā[not//not]MOD'MOD$lā",
"f": {"lang": "akk-x-neoass",
"form": "la",
"cf": "lā",
"gw": "not",
"sense": "not",
"norm": "lā",
"pos": "MOD",
"epos": "MOD"}
}
,
{
"node": "l",
"frag": "u₂-da-a",
"id": "P334885.l0521e",
"ref": "P334885.8.4",
"inst": "+wadû[know]V$ūdâ",
"sig": "@saao/saa10%akk-x-neoass:u₂-da-a=wadû[know//know]V'V$ūdâ",
"f": {"lang": "akk-x-neoass",
"form": "u₂-da-a",
"cf": "wadû",
"gw": "know",
"sense": "know",
"norm": "ūdâ",
"pos": "V",
"epos": "V"}
}
,
{
"node": "d",
"type": "line-start",
"ref": "P334885.9",
"n": "7'",
"label": "o 7'"}
,
{
"node": "l",
"frag": "[ki-i",
"id": "P334885.l0521f",
"ref": "P334885.9.1",
"inst": "kî[that]'SBJ",
"sig": "@saao/saa10%akk-x-neoass:ki-i=kī[like//that]PRP'SBJ$kî",
"f": {"lang": "akk-x-neoass",
"form": "ki-i",
"cf": "kī",
"gw": "like",
"sense": "that",
"norm": "kî",
"pos": "PRP",
"epos": "SBJ"}
}
,
{
"node": "l",
"frag": "x",
"id": "P334885.l05220",
"ref": "P334885.9.2",
"inst": "u",
"f": {"lang": "akk-x-neoass",
"form": "x",
"pos": "u"}
}
,
{
"node": "l",
"frag": "x]",
"id": "P334885.l05221",
"ref": "P334885.9.3",
"inst": "u",
"f": {"lang": "akk-x-neoass",
"form": "x",
"pos": "u"}
}
,
{
"node": "l",
"frag": "⸢x⸣-lu",
"id": "P334885.l05222",
"ref": "P334885.9.4",
"inst": "u",
"f": {"lang": "akk-x-neoass",
"form": "x-lu",
"pos": "u"}
}
,
{
"node": "l",
"frag": "šu-tu-ni",
"id": "P334885.l05223",
"ref": "P334885.9.5",
"inst": "šūtūni[it]IP",
"sig": "@saao/saa10%akk-x-neoass:šu-tu-ni=šūtu[he//it]IP'IP$šūtūni",
"f": {"lang": "akk-x-neoass",
"form": "šu-tu-ni",
"cf": "šūtu",
"gw": "he",
"sense": "it",
"norm": "šūtūni",
"pos": "IP",
"epos": "IP"}
}
,
{
"node": "d",
"type": "line-start",
"ref": "P334885.10",
"n": "8'",
"label": "o 8'"}
,
{
"node": "l",
"frag": "[x",
"id": "P334885.l05224",
"ref": "P334885.10.1",
"inst": "u",
"f": {"lang": "akk-x-neoass",
"form": "x",
"pos": "u"}
}
,
{
"node": "l",
"frag": "x",
"id": "P334885.l05225",
"ref": "P334885.10.2",
"inst": "u",
"f": {"lang": "akk-x-neoass",
"form": "x",
"pos": "u"}
}
,
{
"node": "l",
"frag": "x]-me-ra",
"id": "P334885.l05226",
"ref": "P334885.10.3",
"inst": "u",
"f": {"lang": "akk-x-neoass",
"form": "x-me-ra",
"pos": "u"}
}
,
{
"node": "d",
"type": "line-start",
"ref": "P334885.11",
"n": "9'",
"label": "o 9'"}
,
{
"node": "l",
"frag": "[ina",
"id": "P334885.l05227",
"ref": "P334885.11.1",
"inst": "ina[in]PRP",
"sig": "@saao/saa10%akk-x-neoass:ina=ina[in//from]PRP'PRP$ina",
"f": {"lang": "akk-x-neoass",
"form": "ina",
"cf": "ina",
"gw": "in",
"sense": "from",
"norm": "ina",
"pos": "PRP",
"epos": "PRP"}
}
,
{
"node": "l",
"frag": "ŠA₃",
"id": "P334885.l05228",
"ref": "P334885.11.2",
"inst": "libbi[interior]N",
"sig": "@saao/saa10%akk-x-neoass:ŠA₃=libbu[interior//interior]N'N$libbi",
"f": {"lang": "akk-x-neoass",
"form": "ŠA₃",
"cf": "libbu",
"gw": "interior",
"sense": "interior",
"norm": "libbi",
"pos": "N",
"epos": "N"}
}
,
{
"node": "l",
"frag": "{mul]}⸢AB⸣.SIN₂",
"id": "P334885.l05229",
"ref": "P334885.11.3",
"inst": "+Šerʾu[Spica (in Virgo)]CN$Širʾi",
"sig": "@saao/saa10%akk-x-neoass:{MUL}AB.SIN₂=Šerʾu[Spica (in Virgo)//Spica (in Virgo)]CN'CN$Širʾi",
"f": {"lang": "akk-x-neoass",
"form": "{MUL}AB.SIN₂",
"cf": "Šerʾu",
"gw": "Spica (in Virgo)",
"sense": "Spica (in Virgo)",
"norm": "Širʾi",
"pos": "CN",
"epos": "CN"}
}
,
{
"node": "l",
"frag": "il-lak",
"id": "P334885.l0522a",
"ref": "P334885.11.4",
"inst": "illak[go]V",
"sig": "@saao/saa10%akk-x-neoass:il-lak=alāku[go//go]V'V$illak",
"f": {"lang": "akk-x-neoass",
"form": "il-lak",
"cf": "alāku",
"gw": "go",
"sense": "go",
"norm": "illak",
"pos": "V",
"epos": "V"}
}
,
{
"node": "d",
"type": "line-start",
"ref": "P334885.12",
"n": "10'",
"label": "o 10'"}
,
{
"node": "l",
"frag": "[ZI-ut]",
"id": "P334885.l0522b",
"ref": "P334885.12.1",
"inst": "+tibûtu[rise//swarming]N'N$tibût",
"sig": "@saao/saa10%akk-x-neoass:ZI-ut=tibûtu[rise//swarming]N'N$tibût",
"f": {"lang": "akk-x-neoass",
"form": "ZI-ut",
"cf": "tibûtu",
"gw": "rise",
"sense": "swarming",
"norm": "tibût",
"pos": "N",
"epos": "N"}
}
,
{
"node": "l",
"frag": "BURU₅",
"id": "P334885.l0522c",
"ref": "P334885.12.2",
"inst": "erbî[locust]N",
"sig": "@saao/saa10%akk-x-neoass:BURU₅=erbû[locust//locust]N'N$erbî",
"f": {"lang": "akk-x-neoass",
"form": "BURU₅",
"cf": "erbû",
"gw": "locust",
"sense": "locust",
"norm": "erbî",
"pos": "N",
"epos": "N"}
}
,
{
"node": "d",
"type": "line-start",
"ref": "P334885.13",
"n": "11'",
"label": "o 11'"}
,
{
"node": "l",
"frag": "[x",
"id": "P334885.l0522d",
"ref": "P334885.13.1",
"inst": "u",
"f": {"lang": "akk-x-neoass",
"form": "x",
"pos": "u"}
}
,
{
"node": "l",
"frag": "x",
"id": "P334885.l0522e",
"ref": "P334885.13.2",
"inst": "u",
"f": {"lang": "akk-x-neoass",
"form": "x",
"pos": "u"}
}
,
{
"node": "l",
"frag": "x",
"id": "P334885.l0522f",
"ref": "P334885.13.3",
"inst": "u",
"f": {"lang": "akk-x-neoass",
"form": "x",
"pos": "u"}
}
,
{
"node": "l",
"frag": "x]",
"id": "P334885.l05230",
"ref": "P334885.13.4",
"inst": "u",
"f": {"lang": "akk-x-neoass",
"form": "x",
"pos": "u"}
}
,
{
"node": "l",
"frag": "⸢x",
"id": "P334885.l05231",
"ref": "P334885.13.5",
"inst": "u",
"f": {"lang": "akk-x-neoass",
"form": "x",
"pos": "u"}
}
,
{
"node": "l",
"frag": "x",
"id": "P334885.l05232",
"ref": "P334885.13.6",
"inst": "u",
"f": {"lang": "akk-x-neoass",
"form": "x",
"pos": "u"}
}
,
{
"node": "l",
"frag": "x⸣",
"id": "P334885.l05233",
"ref": "P334885.13.7",
"inst": "u",
"f": {"lang": "akk-x-neoass",
"form": "x",
"pos": "u"}
}
,
{
"node": "d",
"type": "nonx",
"ref": "P334885.14",
"strict": "0",
"extent": "rest",
"state": "missing"}
,
{
"node": "d",
"subtype": "reverse",
"type": "surface",
"ref": "P334885.r.15",
"type": "reverse",
"label": "r"}
,
{
"node": "d",
"type": "nonx",
"ref": "P334885.16",
"strict": "0",
"extent": "beginning",
"state": "missing"}
,
{
"node": "d",
"type": "line-start",
"ref": "P334885.17",
"n": "1'",
"label": "r 1'"}
,
{
"node": "l",
"frag": "[ša₂-ru]-⸢ri⸣",
"id": "P334885.l05234",
"ref": "P334885.17.1",
"inst": "šarūri[brilliance]N",
"sig": "@saao/saa10%akk-x-neoass:ša₂-ru-ri=šarūru[brilliance//brilliance]N'N$šarūri",
"f": {"lang": "akk-x-neoass",
"form": "ša₂-ru-ri",
"cf": "šarūru",
"gw": "brilliance",
"sense": "brilliance",
"norm": "šarūri",
"pos": "N",
"epos": "N"}
}
,
{
"node": "l",
"frag": "na-ši",
"id": "P334885.l05235",
"ref": "P334885.17.2",
"inst": "+našû[lifted//carrying]AJ'AJ$naši",
"sig": "@saao/saa10%akk-x-neoass:na-ši=našû[lifted//carrying]AJ'AJ$naši",
"f": {"lang": "akk-x-neoass",
"form": "na-ši",
"cf": "našû",
"gw": "lifted",
"sense": "carrying",
"norm": "naši",
"pos": "AJ",
"epos": "AJ"}
}
,
{
"node": "d",
"type": "line-start",
"ref": "P334885.18",
"n": "2'",
"label": "r 2'"}
,
{
"node": "l",
"frag": "[x",
"id": "P334885.l05236",
"ref": "P334885.18.1",
"inst": "u",
"f": {"lang": "akk-x-neoass",
"form": "x",
"pos": "u"}
}
,
{
"node": "l",
"frag": "x",
"id": "P334885.l05237",
"ref": "P334885.18.2",
"inst": "u",
"f": {"lang": "akk-x-neoass",
"form": "x",
"pos": "u"}
}
,
{
"node": "l",
"frag": "x]",
"id": "P334885.l05238",
"ref": "P334885.18.3",
"inst": "u",
"f": {"lang": "akk-x-neoass",
"form": "x",
"pos": "u"}
}
,
{
"node": "l",
"frag": "⸢HUL⸣",
"id": "P334885.l05239",
"ref": "P334885.18.4",
"inst": "+lumnu[evil]N$lumun",
"sig": "@saao/saa10%akk-x-neoass:HUL=lumnu[evil//evil]N'N$lumun",
"f": {"lang": "akk-x-neoass",
"form": "HUL",
"cf": "lumnu",
"gw": "evil",
"sense": "evil",
"norm": "lumun",
"pos": "N",
"epos": "N"}
}
,
{
"node": "l",
"frag": "SU.BIR₄{ki}",
"id": "P334885.l0523a",
"ref": "P334885.18.5",
"inst": "+Subartu[]GN$Subarti",
"sig": "@saao/saa10%akk-x-neoass:SU.BIR₄{KI}=Subartu[1//1]GN'GN$Subarti",
"f": {"lang": "akk-x-neoass",
"form": "SU.BIR₄{KI}",
"cf": "Subartu",
"gw": "1",
"sense": "1",
"norm": "Subarti",
"pos": "GN",
"epos": "GN"}
}
,
{
"node": "d",
"type": "line-start",
"ref": "P334885.19",
"n": "3'",
"label": "r 3'"}
,
{
"node": "l",
"frag": "[x",
"id": "P334885.l0523b",
"ref": "P334885.19.1",
"inst": "u",
"f": {"lang": "akk-x-neoass",
"form": "x",
"pos": "u"}
}
,
{
"node": "l",
"frag": "x",
"id": "P334885.l0523c",
"ref": "P334885.19.2",
"inst": "u",
"f": {"lang": "akk-x-neoass",
"form": "x",
"pos": "u"}
}
,
{
"node": "l",
"frag": "an]-nu-te",
"id": "P334885.l0523d",
"ref": "P334885.19.3",
"inst": "annūte[this]DP",
"sig": "@saao/saa10%akk-x-neoass:an-nu-te=annû[this//this]DP'DP$annūte",
"f": {"lang": "akk-x-neoass",
"form": "an-nu-te",
"cf": "annû",
"gw": "this",
"sense": "this",
"norm": "annūte",
"pos": "DP",
"epos": "DP"}
}
,
{
"node": "l",
"frag": "ni-suh₄",
"id": "P334885.l0523e",
"ref": "P334885.19.4",
"inst": "+nasāhu[tear out//eradicate]V'V$nissuh",
"sig": "@saao/saa10%akk-x-neoass:ni-suh₄=nasāhu[tear out//eradicate]V'V$nissuh",
"f": {"lang": "akk-x-neoass",
"form": "ni-suh₄",
"cf": "nasāhu",
"gw": "tear out",
"sense": "eradicate",
"norm": "nissuh",
"pos": "V",
"epos": "V"}
}
,
{
"node": "d",
"type": "line-start",
"ref": "P334885.20",
"n": "4'",
"label": "r 4'"}
,
{
"node": "l",
"frag": "[NAM.BUR₂.BI",
"id": "P334885.l0523f",
"ref": "P334885.20.1",
"inst": "namburbû[apotropaic ritual]N",
"sig": "@saao/saa10%akk-x-neoass:NAM.BUR₂.BI=namburbû[apotropaic ritual//apotropaic ritual]N'N$namburbû",
"f": {"lang": "akk-x-neoass",
"form": "NAM.BUR₂.BI",
"cf": "namburbû",
"gw": "apotropaic ritual",
"sense": "apotropaic ritual",
"norm": "namburbû",
"pos": "N",
"epos": "N"}
}
,
{
"node": "l",
"frag": "u]",
"id": "P334885.l05240",
"ref": "P334885.20.2",
"inst": "u[and]CNJ",
"sig": "@saao/saa10%akk-x-neoass:u=u[and//and]CNJ'CNJ$u",
"f": {"lang": "akk-x-neoass",
"form": "u",
"cf": "u",
"gw": "and",
"sense": "and",
"norm": "u",
"pos": "CNJ",
"epos": "CNJ"}
}
,
{
"node": "l",
"frag": "⸢ŠU⸣.IL₂.LA₂.KAM₂.MEŠ",
"id": "P334885.l05241",
"ref": "P334885.20.3",
"inst": "+šuʾillakku[(prayer of) raised hands//hand-lifting prayer]N'N$šuʾillakkāni",
"sig": "@saao/saa10%akk-x-neoass:ŠU.IL₂.LA₂.KAM₂.MEŠ=šuʾillakku[(prayer of) raised hands//hand-lifting prayer]N'N$šuʾillakkāni",
"f": {"lang": "akk-x-neoass",
"form": "ŠU.IL₂.LA₂.KAM₂.MEŠ",
"cf": "šuʾillakku",
"gw": "(prayer of) raised hands",
"sense": "hand-lifting prayer",
"norm": "šuʾillakkāni",
"pos": "N",
"epos": "N"}
}
,
{
"node": "d",
"type": "line-start",
"ref": "P334885.21",
"n": "5'",
"label": "r 5'"}
,
{
"node": "l",
"frag": "[ša",
"id": "P334885.l05242",
"ref": "P334885.21.1",
"inst": "ša[which]REL",
"sig": "@saao/saa10%akk-x-neoass:ša=ša[that//which]REL'REL$ša",
"f": {"lang": "akk-x-neoass",
"form": "ša",
"cf": "ša",
"gw": "that",
"sense": "which",
"norm": "ša",
"pos": "REL",
"epos": "REL"}
}
,
{
"node": "l",
"frag": "IGI",
"id": "P334885.l05243",
"ref": "P334885.21.2",
"inst": "pān[front//before]N'PRP",
"sig": "@saao/saa10%akk-x-neoass:IGI=pānu[front//before]N'PRP$pān",
"f": {"lang": "akk-x-neoass",
"form": "IGI",
"cf": "pānu",
"gw": "front",
"sense": "before",
"norm": "pān",
"pos": "N",
"epos": "PRP"}
}
,
{
"node": "l",
"frag": "{mul}ṣal]-bat-a-nu",
"id": "P334885.l05244",
"ref": "P334885.21.3",
"inst": "Ṣalbatanu[Mars]CN",
"sig": "@saao/saa10%akk-x-neoass:{MUL}ṣal-bat-a-nu=Ṣalbatanu[Mars//Mars]CN'CN$Ṣalbatanu",
"f": {"lang": "akk-x-neoass",
"form": "{MUL}ṣal-bat-a-nu",
"cf": "Ṣalbatanu",
"gw": "Mars",
"sense": "Mars",
"norm": "Ṣalbatanu",
"pos": "CN",
"epos": "CN"}
}
,
{
"node": "d",
"type": "line-start",
"ref": "P334885.22",
"n": "6'",
"label": "r 6'"}
,
{
"node": "l",
"frag": "[x",
"id": "P334885.l05245",
"ref": "P334885.22.1",
"inst": "u",
"f": {"lang": "akk-x-neoass",
"form": "x",
"pos": "u"}
}
,
{
"node": "l",
"frag": "x",
"id": "P334885.l05246",
"ref": "P334885.22.2",
"inst": "u",
"f": {"lang": "akk-x-neoass",
"form": "x",
"pos": "u"}
}
,
{
"node": "l",
"frag": "x",
"id": "P334885.l05247",
"ref": "P334885.22.3",
"inst": "u",
"f": {"lang": "akk-x-neoass",
"form": "x",
"pos": "u"}
}
,
{
"node": "l",
"frag": "x]+⸢x⸣",
"id": "P334885.l05248",
"ref": "P334885.22.4",
"inst": "u",
"f": {"lang": "akk-x-neoass",
"form": "x+x",
"pos": "u"}
}
,
{
"node": "l",
"frag": "ka-a.a-ma-nu",
"id": "P334885.l05249",
"ref": "P334885.22.5",
"inst": "kayamānu[constantly]'AV",
"sig": "@saao/saa10%akk-x-neoass:ka-a.a-ma-nu=kayyamānu[permanent//constantly]AJ'AV$kayamānu",
"f": {"lang": "akk-x-neoass",
"form": "ka-a.a-ma-nu",
"cf": "kayyamānu",
"gw": "permanent",
"sense": "constantly",
"norm": "kayamānu",
"pos": "AJ",
"epos": "AV"}
}
,
{
"node": "d",
"type": "line-start",
"ref": "P334885.23",
"n": "7'",
"label": "r 7'"}
,
{
"node": "l",
"frag": "[ne₂-pa-aš₂]",
"id": "P334885.l0524a",
"ref": "P334885.23.1",
"inst": "neppaš[perform]V",
"sig": "@saao/saa10%akk-x-neoass:ne₂-pa-aš₂=epēšu[do//perform]V'V$neppaš",
"f": {"lang": "akk-x-neoass",
"form": "ne₂-pa-aš₂",
"cf": "epēšu",
"gw": "do",
"sense": "perform",
"norm": "neppaš",
"pos": "V",
"epos": "V"}
}
,
{
"node": "l",
"frag": "hi-iṭ-ṭu",
"id": "P334885.l0524b",
"ref": "P334885.23.2",
"inst": "hiṭṭu[wrong]N",
"sig": "@saao/saa10%akk-x-neoass:hi-iṭ-ṭu=hīṭu[error//wrong]N'N$hiṭṭu",
"f": {"lang": "akk-x-neoass",
"form": "hi-iṭ-ṭu",
"cf": "hīṭu",
"gw": "error",
"sense": "wrong",
"norm": "hiṭṭu",
"pos": "N",
"epos": "N"}
}
,
{
"node": "d",
"type": "line-start",
"ref": "P334885.24",
"n": "8'",
"label": "r 8'"}
,
{
"node": "l",
"frag": "[la-aš₂-šu₂]",
"id": "P334885.l0524c",
"ref": "P334885.24.1",
"inst": "laššu[(there) is not]V",
"sig": "@saao/saa10%akk-x-neoass:la-aš₂-šu₂=laššu[(there) is not//(there) is not]V'V$laššu",
"f": {"lang": "akk-x-neoass",
"form": "la-aš₂-šu₂",
"cf": "laššu",
"gw": "(there) is not",
"sense": "(there) is not",
"norm": "laššu",
"pos": "V",
"epos": "V"}
}
,
{
"node": "l",
"frag": "ŠA₃-bu",
"id": "P334885.l0524d",
"ref": "P334885.24.2",
"inst": "libbu[mood]N",
"sig": "@saao/saa10%akk-x-neoass:ŠA₃-bu=libbu[interior//mood]N'N$libbu",
"f": {"lang": "akk-x-neoass",
"form": "ŠA₃-bu",
"cf": "libbu",
"gw": "interior",
"sense": "mood",
"norm": "libbu",
"pos": "N",
"epos": "N"}
}
,
{
"node": "d",
"type": "line-start",
"ref": "P334885.25",
"n": "9'",
"label": "r 9'"}
,
{
"node": "l",
"frag": "[ša₂",
"id": "P334885.l0524e",
"ref": "P334885.25.1",
"inst": "ša[of]DET",
"sig": "@saao/saa10%akk-x-neoass:ša₂=ša[of//of]DET'DET$ša",
"f": {"lang": "akk-x-neoass",
"form": "ša₂",
"cf": "ša",
"gw": "of",
"sense": "of",
"norm": "ša",
"pos": "DET",
"epos": "DET"}
}
,
{
"node": "l",
"frag": "LUGAL",
"id": "P334885.l0524f",
"ref": "P334885.25.2",
"inst": "šarri[king]N",
"sig": "@saao/saa10%akk-x-neoass:LUGAL=šarru[king//king]N'N$šarri",
"f": {"lang": "akk-x-neoass",
"form": "LUGAL",
"cf": "šarru",
"gw": "king",
"sense": "king",
"norm": "šarri",
"pos": "N",
"epos": "N"}
}
,
{
"node": "l",
"frag": "be]-li₂-ia",
"id": "P334885.l05250",
"ref": "P334885.25.3",
"inst": "bēlīya[lord]N",
"sig": "@saao/saa10%akk-x-neoass:be-li₂-ia=bēlu[lord//lord]N'N$bēlīya",
"f": {"lang": "akk-x-neoass",
"form": "be-li₂-ia",
"cf": "bēlu",
"gw": "lord",
"sense": "lord",
"norm": "bēlīya",
"pos": "N",
"epos": "N"}
}
,
{
"node": "d",
"type": "line-start",
"ref": "P334885.26",
"n": "10'",
"label": "r 10'"}
,
{
"node": "l",
"frag": "[lu-u",
"id": "P334885.l05251",
"ref": "P334885.26.1",
"inst": "lū[may]MOD",
"sig": "@saao/saa10%akk-x-neoass:lu-u=lū[may//may]MOD'MOD$lū",
"f": {"lang": "akk-x-neoass",
"form": "lu-u",
"cf": "lū",
"gw": "may",
"sense": "may",
"norm": "lū",
"pos": "MOD",
"epos": "MOD"}
}
,
{
"node": "l",
"frag": "DUG₃.GA",
"id": "P334885.l05252",
"ref": "P334885.26.2",
"inst": "ṭāba[good]AJ",
"sig": "@saao/saa10%akk-x-neoass:DUG₃.GA=ṭābu[good//good]AJ'AJ$ṭāba",
"f": {"lang": "akk-x-neoass",
"form": "DUG₃.GA",
"cf": "ṭābu",
"gw": "good",
"sense": "good",
"norm": "ṭāba",
"pos": "AJ",
"epos": "AJ"}
}
,
{
"node": "l",
"frag": "x]+⸢x⸣",
"id": "P334885.l05253",
"ref": "P334885.26.3",
"inst": "u",
"f": {"lang": "akk-x-neoass",
"form": "x+x",
"pos": "u"}
}
,
{
"node": "l",
"frag": "nu",
"id": "P334885.l05254",
"ref": "P334885.26.4",
"inst": "u",
"f": {"lang": "akk-x-neoass",
"form": "nu",
"pos": "u"}
}
,
{
"node": "d",
"type": "nonx",
"ref": "P334885.27",
"strict": "0",
"extent": "rest",
"state": "missing"}
]}
]}
]}
]}
