{
"type": "cdl",
  "source": "http://oracc.org/saao/saa10",
  "license": "This data is released under the CC0 license",
  "license-url": "https://creativecommons.org/publicdomain/zero/1.0/",
  "more-info": "http://oracc.org/doc/opendata/",
  "UTC-timestamp": "2017-05-19T11:43:03",
"project": "saao/saa10",
"textid": "P334873",
"cdl": [
{
"node": "c",
"type": "text",
"id": "P334873.U0",
"cdl": [
{
"node": "d",
"type": "object",
"ref": ""}
,
{
"node": "d",
"subtype": "obverse",
"type": "surface",
"ref": "P334873.o.1",
"type": "obverse",
"label": "o"}
,
{
"node": "c",
"type": "discourse",
"subtype": "body",
"id": "P334873.U1",
"cdl": [
{
"node": "c",
"type": "sentence",
"id": "P334873.U2",
"label": "o 1 - r 14'",
"cdl": [
{
"node": "d",
"type": "line-start",
"ref": "P334873.2",
"n": "1",
"label": "o 1"}
,
{
"node": "l",
"frag": "a-na",
"id": "P334873.l000a1",
"ref": "P334873.2.1",
"inst": "ana[to]PRP",
"sig": "@saao/saa10%akk-x-neoass:a-na=ana[to//to]PRP'PRP$ana",
"f": {"lang": "akk-x-neoass",
"form": "a-na",
"cf": "ana",
"gw": "to",
"sense": "to",
"norm": "ana",
"pos": "PRP",
"epos": "PRP"}
}
,
{
"node": "l",
"frag": "LUGAL",
"id": "P334873.l000a2",
"ref": "P334873.2.2",
"inst": "šarri[king]N",
"sig": "@saao/saa10%akk-x-neoass:LUGAL=šarru[king//king]N'N$šarri",
"f": {"lang": "akk-x-neoass",
"form": "LUGAL",
"cf": "šarru",
"gw": "king",
"sense": "king",
"norm": "šarri",
"pos": "N",
"epos": "N"}
}
,
{
"node": "l",
"frag": "be-li-ni",
"id": "P334873.l000a3",
"ref": "P334873.2.3",
"inst": "bēlīni[lord]N",
"sig": "@saao/saa10%akk-x-neoass:be-li-ni=bēlu[lord//lord]N'N$bēlīni",
"f": {"lang": "akk-x-neoass",
"form": "be-li-ni",
"cf": "bēlu",
"gw": "lord",
"sense": "lord",
"norm": "bēlīni",
"pos": "N",
"epos": "N"}
}
,
{
"node": "d",
"type": "line-start",
"ref": "P334873.3",
"n": "2",
"label": "o 2"}
,
{
"node": "l",
"frag": "ARAD-MEŠ-ka",
"id": "P334873.l000a4",
"ref": "P334873.3.1",
"inst": "urdānīka[servant]N",
"sig": "@saao/saa10%akk-x-neoass:ARAD-MEŠ-ka=ardu[slave//servant]N'N$urdānīka",
"f": {"lang": "akk-x-neoass",
"form": "ARAD-MEŠ-ka",
"cf": "ardu",
"gw": "slave",
"sense": "servant",
"norm": "urdānīka",
"pos": "N",
"epos": "N"}
}
,
{
"node": "l",
"frag": "{1}{d}PA-NUMUN-GIŠ",
"id": "P334873.l000a5",
"ref": "P334873.3.2",
"inst": "Nabu-zeru-lešir[1]PN",
"sig": "@saao/saa10%akk-x-neoass:{1}{d}PA-NUMUN-GIŠ=Nabu-zeru-lešir[1//1]PN'PN$Nabu-zeru-lešir",
"f": {"lang": "akk-x-neoass",
"form": "{1}{d}PA-NUMUN-GIŠ",
"cf": "Nabu-zeru-lešir",
"gw": "1",
"sense": "1",
"norm": "Nabu-zeru-lešir",
"pos": "PN",
"epos": "PN"}
}
,
{
"node": "d",
"type": "line-start",
"ref": "P334873.4",
"n": "3",
"label": "o 3"}
,
{
"node": "l",
"frag": "{1}{d}IM-MU-PAB",
"id": "P334873.l000a6",
"ref": "P334873.4.1",
"inst": "Adad-šumu-uṣur[1]PN",
"sig": "@saao/saa10%akk-x-neoass:{1}{d}IM-MU-PAB=Adad-šumu-uṣur[1//1]PN'PN$Adad-šumu-uṣur",
"f": {"lang": "akk-x-neoass",
"form": "{1}{d}IM-MU-PAB",
"cf": "Adad-šumu-uṣur",
"gw": "1",
"sense": "1",
"norm": "Adad-šumu-uṣur",
"pos": "PN",
"epos": "PN"}
}
,
{
"node": "d",
"type": "line-start",
"ref": "P334873.5",
"n": "4",
"label": "o 4"}
,
{
"node": "l",
"frag": "lu",
"id": "P334873.l000a7",
"ref": "P334873.5.1",
"inst": "lū[may]MOD",
"sig": "@saao/saa10%akk-x-neoass:lu=lū[may//may]MOD'MOD$lū",
"f": {"lang": "akk-x-neoass",
"form": "lu",
"cf": "lū",
"gw": "may",
"sense": "may",
"norm": "lū",
"pos": "MOD",
"epos": "MOD"}
}
,
{
"node": "l",
"frag": "DI-mu",
"id": "P334873.l000a8",
"ref": "P334873.5.2",
"inst": "šulmu[health]N",
"sig": "@saao/saa10%akk-x-neoass:DI-mu=šulmu[completeness//health]N'N$šulmu",
"f": {"lang": "akk-x-neoass",
"form": "DI-mu",
"cf": "šulmu",
"gw": "completeness",
"sense": "health",
"norm": "šulmu",
"pos": "N",
"epos": "N"}
}
,
{
"node": "l",
"frag": "a-na",
"id": "P334873.l000a9",
"ref": "P334873.5.3",
"inst": "ana[to]PRP",
"sig": "@saao/saa10%akk-x-neoass:a-na=ana[to//to]PRP'PRP$ana",
"f": {"lang": "akk-x-neoass",
"form": "a-na",
"cf": "ana",
"gw": "to",
"sense": "to",
"norm": "ana",
"pos": "PRP",
"epos": "PRP"}
}
,
{
"node": "l",
"frag": "LUGAL",
"id": "P334873.l000aa",
"ref": "P334873.5.4",
"inst": "šarri[king]N",
"sig": "@saao/saa10%akk-x-neoass:LUGAL=šarru[king//king]N'N$šarri",
"f": {"lang": "akk-x-neoass",
"form": "LUGAL",
"cf": "šarru",
"gw": "king",
"sense": "king",
"norm": "šarri",
"pos": "N",
"epos": "N"}
}
,
{
"node": "l",
"frag": "EN-ni",
"id": "P334873.l000ab",
"ref": "P334873.5.5",
"inst": "bēlīni[lord]N",
"sig": "@saao/saa10%akk-x-neoass:EN-ni=bēlu[lord//lord]N'N$bēlīni",
"f": {"lang": "akk-x-neoass",
"form": "EN-ni",
"cf": "bēlu",
"gw": "lord",
"sense": "lord",
"norm": "bēlīni",
"pos": "N",
"epos": "N"}
}
,
{
"node": "d",
"type": "line-start",
"ref": "P334873.6",
"n": "5",
"label": "o 5"}
,
{
"node": "l",
"frag": "{d}AG",
"id": "P334873.l000ac",
"ref": "P334873.6.1",
"inst": "Nabu[1]DN",
"sig": "@saao/saa10%akk-x-neoass:{d}AG=Nabu[1//1]DN'DN$Nabu",
"f": {"lang": "akk-x-neoass",
"form": "{d}AG",
"cf": "Nabu",
"gw": "1",
"sense": "1",
"norm": "Nabu",
"pos": "DN",
"epos": "DN"}
}
,
{
"node": "l",
"frag": "u",
"id": "P334873.l000ad",
"ref": "P334873.6.2",
"inst": "u[and]CNJ",
"sig": "@saao/saa10%akk-x-neoass:u=u[and//and]CNJ'CNJ$u",
"f": {"lang": "akk-x-neoass",
"form": "u",
"cf": "u",
"gw": "and",
"sense": "and",
"norm": "u",
"pos": "CNJ",
"epos": "CNJ"}
}
,
{
"node": "l",
"frag": "{d}[AMAR.UTU]",
"id": "P334873.l000ae",
"ref": "P334873.6.3",
"inst": "Marduk[1]DN",
"sig": "@saao/saa10%akk-x-neoass:{d}AMAR.UTU=Marduk[1//1]DN'DN$Marduk",
"f": {"lang": "akk-x-neoass",
"form": "{d}AMAR.UTU",
"cf": "Marduk",
"gw": "1",
"sense": "1",
"norm": "Marduk",
"pos": "DN",
"epos": "DN"}
}
,
{
"node": "d",
"type": "line-start",
"ref": "P334873.7",
"n": "6",
"label": "o 6"}
,
{
"node": "l",
"frag": "a-na",
"id": "P334873.l000af",
"ref": "P334873.7.1",
"inst": "ana[to]PRP",
"sig": "@saao/saa10%akk-x-neoass:a-na=ana[to//to]PRP'PRP$ana",
"f": {"lang": "akk-x-neoass",
"form": "a-na",
"cf": "ana",
"gw": "to",
"sense": "to",
"norm": "ana",
"pos": "PRP",
"epos": "PRP"}
}
,
{
"node": "l",
"frag": "LUGAL",
"id": "P334873.l000b0",
"ref": "P334873.7.2",
"inst": "šarri[king]N",
"sig": "@saao/saa10%akk-x-neoass:LUGAL=šarru[king//king]N'N$šarri",
"f": {"lang": "akk-x-neoass",
"form": "LUGAL",
"cf": "šarru",
"gw": "king",
"sense": "king",
"norm": "šarri",
"pos": "N",
"epos": "N"}
}
,
{
"node": "l",
"frag": "be-[li-ni]",
"id": "P334873.l000b1",
"ref": "P334873.7.3",
"inst": "bēlīni[lord]N",
"sig": "@saao/saa10%akk-x-neoass:be-li-ni=bēlu[lord//lord]N'N$bēlīni",
"f": {"lang": "akk-x-neoass",
"form": "be-li-ni",
"cf": "bēlu",
"gw": "lord",
"sense": "lord",
"norm": "bēlīni",
"pos": "N",
"epos": "N"}
}
,
{
"node": "d",
"type": "line-start",
"ref": "P334873.8",
"n": "7",
"label": "o 7"}
,
{
"node": "l",
"frag": "li-ik-⸢ru⸣-[bu]",
"id": "P334873.l000b2",
"ref": "P334873.8.1",
"inst": "likrubu[bless]V",
"sig": "@saao/saa10%akk-x-neoass:li-ik-ru-bu=karābu[pray//bless]V'V$likrubu",
"f": {"lang": "akk-x-neoass",
"form": "li-ik-ru-bu",
"cf": "karābu",
"gw": "pray",
"sense": "bless",
"norm": "likrubu",
"pos": "V",
"epos": "V"}
}
,
{
"node": "d",
"type": "line-start",
"ref": "P334873.9",
"n": "8",
"label": "o 8"}
,
{
"node": "l",
"frag": "a-ni-ni",
"id": "P334873.l000b3",
"ref": "P334873.9.1",
"inst": "anīni[we]IP",
"sig": "@saao/saa10%akk-x-neoass:a-ni-ni=anīnu[we//we]IP'IP$anīni",
"f": {"lang": "akk-x-neoass",
"form": "a-ni-ni",
"cf": "anīnu",
"gw": "we",
"sense": "we",
"norm": "anīni",
"pos": "IP",
"epos": "IP"}
}
,
{
"node": "l",
"frag": "{1}⸢di⸣-[x",
"id": "P334873.l000b4",
"ref": "P334873.9.2",
"inst": "u",
"f": {"lang": "akk-x-neoass",
"form": "{1}di-x",
"pos": "u"}
}
,
{
"node": "l",
"frag": "x",
"id": "P334873.l000b5",
"ref": "P334873.9.3",
"inst": "u",
"f": {"lang": "akk-x-neoass",
"form": "x",
"pos": "u"}
}
,
{
"node": "l",
"frag": "x]",
"id": "P334873.l000b6",
"ref": "P334873.9.4",
"inst": "u",
"f": {"lang": "akk-x-neoass",
"form": "x",
"pos": "u"}
}
,
{
"node": "d",
"type": "line-start",
"ref": "P334873.10",
"n": "9",
"label": "o 9"}
,
{
"node": "l",
"frag": "u₃",
"id": "P334873.l000b7",
"ref": "P334873.10.1",
"inst": "u[and]CNJ",
"sig": "@saao/saa10%akk-x-neoass:u₃=u[and//and]CNJ'CNJ$u",
"f": {"lang": "akk-x-neoass",
"form": "u₃",
"cf": "u",
"gw": "and",
"sense": "and",
"norm": "u",
"pos": "CNJ",
"epos": "CNJ"}
}
,
{
"node": "l",
"frag": "{1}di-[x",
"id": "P334873.l000b8",
"ref": "P334873.10.2",
"inst": "u",
"f": {"lang": "akk-x-neoass",
"form": "{1}di-x",
"pos": "u"}
}
,
{
"node": "l",
"frag": "x",
"id": "P334873.l000b9",
"ref": "P334873.10.3",
"inst": "u",
"f": {"lang": "akk-x-neoass",
"form": "x",
"pos": "u"}
}
,
{
"node": "l",
"frag": "x",
"id": "P334873.l000ba",
"ref": "P334873.10.4",
"inst": "u",
"f": {"lang": "akk-x-neoass",
"form": "x",
"pos": "u"}
}
,
{
"node": "l",
"frag": "x",
"id": "P334873.l000bb",
"ref": "P334873.10.5",
"inst": "u",
"f": {"lang": "akk-x-neoass",
"form": "x",
"pos": "u"}
}
,
{
"node": "l",
"frag": "x]",
"id": "P334873.l000bc",
"ref": "P334873.10.6",
"inst": "u",
"f": {"lang": "akk-x-neoass",
"form": "x",
"pos": "u"}
}
,
{
"node": "d",
"type": "line-start",
"ref": "P334873.11",
"n": "10",
"label": "o 10"}
,
{
"node": "l",
"frag": "i-na",
"id": "P334873.l000bd",
"ref": "P334873.11.1",
"inst": "ina[to]PRP",
"sig": "@saao/saa10%akk-x-neoass:i-na=ina[in//to]PRP'PRP$ina",
"f": {"lang": "akk-x-neoass",
"form": "i-na",
"cf": "ina",
"gw": "in",
"sense": "to",
"norm": "ina",
"pos": "PRP",
"epos": "PRP"}
}
,
{
"node": "l",
"frag": "E₂.GAL",
"id": "P334873.l000be",
"ref": "P334873.11.2",
"inst": "ēkalli[palace]N",
"sig": "@saao/saa10%akk-x-neoass:E₂.GAL=ēkallu[palace//palace]N'N$ēkalli",
"f": {"lang": "akk-x-neoass",
"form": "E₂.GAL",
"cf": "ēkallu",
"gw": "palace",
"sense": "palace",
"norm": "ēkalli",
"pos": "N",
"epos": "N"}
}
,
{
"node": "l",
"frag": "[x",
"id": "P334873.l000bf",
"ref": "P334873.11.3",
"inst": "u",
"f": {"lang": "akk-x-neoass",
"form": "x",
"pos": "u"}
}
,
{
"node": "l",
"frag": "x",
"id": "P334873.l000c0",
"ref": "P334873.11.4",
"inst": "u",
"f": {"lang": "akk-x-neoass",
"form": "x",
"pos": "u"}
}
,
{
"node": "l",
"frag": "x",
"id": "P334873.l000c1",
"ref": "P334873.11.5",
"inst": "u",
"f": {"lang": "akk-x-neoass",
"form": "x",
"pos": "u"}
}
,
{
"node": "l",
"frag": "x]",
"id": "P334873.l000c2",
"ref": "P334873.11.6",
"inst": "u",
"f": {"lang": "akk-x-neoass",
"form": "x",
"pos": "u"}
}
,
{
"node": "d",
"type": "line-start",
"ref": "P334873.12",
"n": "11",
"label": "o 11"}
,
{
"node": "l",
"frag": "ni-ta-lak",
"id": "P334873.l000c3",
"ref": "P334873.12.1",
"inst": "nittalak[go]V",
"sig": "@saao/saa10%akk-x-neoass:ni-ta-lak=alāku[go//go]V'V$nittalak",
"f": {"lang": "akk-x-neoass",
"form": "ni-ta-lak",
"cf": "alāku",
"gw": "go",
"sense": "go",
"norm": "nittalak",
"pos": "V",
"epos": "V"}
}
,
{
"node": "l",
"frag": "[x",
"id": "P334873.l000c4",
"ref": "P334873.12.2",
"inst": "u",
"f": {"lang": "akk-x-neoass",
"form": "x",
"pos": "u"}
}
,
{
"node": "l",
"frag": "x",
"id": "P334873.l000c5",
"ref": "P334873.12.3",
"inst": "u",
"f": {"lang": "akk-x-neoass",
"form": "x",
"pos": "u"}
}
,
{
"node": "l",
"frag": "x",
"id": "P334873.l000c6",
"ref": "P334873.12.4",
"inst": "u",
"f": {"lang": "akk-x-neoass",
"form": "x",
"pos": "u"}
}
,
{
"node": "l",
"frag": "x]",
"id": "P334873.l000c7",
"ref": "P334873.12.5",
"inst": "u",
"f": {"lang": "akk-x-neoass",
"form": "x",
"pos": "u"}
}
,
{
"node": "d",
"type": "line-start",
"ref": "P334873.13",
"n": "12",
"label": "o 12"}
,
{
"node": "l",
"frag": "ma-ṣa-al-lu",
"id": "P334873.l000c8",
"ref": "P334873.13.1",
"inst": "+maṣallu[sleeping place//mausoleum]N'N$",
"sig": "@saao/saa10%akk-x-neoass:ma-ṣa-al-lu=maṣallu[sleeping place//mausoleum]N'N$maṣallu",
"f": {"lang": "akk-x-neoass",
"form": "ma-ṣa-al-lu",
"cf": "maṣallu",
"gw": "sleeping place",
"sense": "mausoleum",
"norm": "maṣallu",
"pos": "N",
"epos": "N"}
}
,
{
"node": "l",
"frag": "[x",
"id": "P334873.l000c9",
"ref": "P334873.13.2",
"inst": "u",
"f": {"lang": "akk-x-neoass",
"form": "x",
"pos": "u"}
}
,
{
"node": "l",
"frag": "x",
"id": "P334873.l000ca",
"ref": "P334873.13.3",
"inst": "u",
"f": {"lang": "akk-x-neoass",
"form": "x",
"pos": "u"}
}
,
{
"node": "l",
"frag": "x]",
"id": "P334873.l000cb",
"ref": "P334873.13.4",
"inst": "u",
"f": {"lang": "akk-x-neoass",
"form": "x",
"pos": "u"}
}
,
{
"node": "d",
"type": "line-start",
"ref": "P334873.14",
"n": "13",
"label": "o 13"}
,
{
"node": "l",
"frag": "ša",
"id": "P334873.l000cc",
"ref": "P334873.14.1",
"inst": "ša[of]DET",
"sig": "@saao/saa10%akk-x-neoass:ša=ša[of//of]DET'DET$ša",
"f": {"lang": "akk-x-neoass",
"form": "ša",
"cf": "ša",
"gw": "of",
"sense": "of",
"norm": "ša",
"pos": "DET",
"epos": "DET"}
}
,
{
"node": "l",
"frag": "ku-⸢tal⸣-[li",
"id": "P334873.l000cd",
"ref": "P334873.14.2",
"inst": "+kutallu[back//rear]N'N$kutalli",
"sig": "@saao/saa10%akk-x-neoass:ku-tal-li=kutallu[back//rear]N'N$kutalli",
"f": {"lang": "akk-x-neoass",
"form": "ku-tal-li",
"cf": "kutallu",
"gw": "back",
"sense": "rear",
"norm": "kutalli",
"pos": "N",
"epos": "N"}
}
,
{
"node": "l",
"frag": "x",
"id": "P334873.l000ce",
"ref": "P334873.14.3",
"inst": "u",
"f": {"lang": "akk-x-neoass",
"form": "x",
"pos": "u"}
}
,
{
"node": "l",
"frag": "x",
"id": "P334873.l000cf",
"ref": "P334873.14.4",
"inst": "u",
"f": {"lang": "akk-x-neoass",
"form": "x",
"pos": "u"}
}
,
{
"node": "l",
"frag": "x]",
"id": "P334873.l000d0",
"ref": "P334873.14.5",
"inst": "u",
"f": {"lang": "akk-x-neoass",
"form": "x",
"pos": "u"}
}
,
{
"node": "d",
"type": "line-start",
"ref": "P334873.15",
"n": "14",
"label": "o 14"}
,
{
"node": "l",
"frag": "i-na",
"id": "P334873.l000d1",
"ref": "P334873.15.1",
"inst": "ina[in]PRP",
"sig": "@saao/saa10%akk-x-neoass:i-na=ina[in//in]PRP'PRP$ina",
"f": {"lang": "akk-x-neoass",
"form": "i-na",
"cf": "ina",
"gw": "in",
"sense": "in",
"norm": "ina",
"pos": "PRP",
"epos": "PRP"}
}
,
{
"node": "l",
"frag": "[x",
"id": "P334873.l000d2",
"ref": "P334873.15.2",
"inst": "u",
"f": {"lang": "akk-x-neoass",
"form": "x",
"pos": "u"}
}
,
{
"node": "l",
"frag": "x",
"id": "P334873.l000d3",
"ref": "P334873.15.3",
"inst": "u",
"f": {"lang": "akk-x-neoass",
"form": "x",
"pos": "u"}
}
,
{
"node": "l",
"frag": "x",
"id": "P334873.l000d4",
"ref": "P334873.15.4",
"inst": "u",
"f": {"lang": "akk-x-neoass",
"form": "x",
"pos": "u"}
}
,
{
"node": "l",
"frag": "x",
"id": "P334873.l000d5",
"ref": "P334873.15.5",
"inst": "u",
"f": {"lang": "akk-x-neoass",
"form": "x",
"pos": "u"}
}
,
{
"node": "l",
"frag": "x]",
"id": "P334873.l000d6",
"ref": "P334873.15.6",
"inst": "u",
"f": {"lang": "akk-x-neoass",
"form": "x",
"pos": "u"}
}
,
{
"node": "d",
"type": "line-start",
"ref": "P334873.16",
"n": "15",
"label": "o 15"}
,
{
"node": "l",
"frag": "⸢x⸣",
"id": "P334873.l000d7",
"ref": "P334873.16.1",
"inst": "u",
"f": {"lang": "akk-x-neoass",
"form": "x",
"pos": "u"}
}
,
{
"node": "l",
"frag": "[x",
"id": "P334873.l000d8",
"ref": "P334873.16.2",
"inst": "u",
"f": {"lang": "akk-x-neoass",
"form": "x",
"pos": "u"}
}
,
{
"node": "l",
"frag": "x",
"id": "P334873.l000d9",
"ref": "P334873.16.3",
"inst": "u",
"f": {"lang": "akk-x-neoass",
"form": "x",
"pos": "u"}
}
,
{
"node": "l",
"frag": "x",
"id": "P334873.l000da",
"ref": "P334873.16.4",
"inst": "u",
"f": {"lang": "akk-x-neoass",
"form": "x",
"pos": "u"}
}
,
{
"node": "l",
"frag": "x",
"id": "P334873.l000db",
"ref": "P334873.16.5",
"inst": "u",
"f": {"lang": "akk-x-neoass",
"form": "x",
"pos": "u"}
}
,
{
"node": "l",
"frag": "x",
"id": "P334873.l000dc",
"ref": "P334873.16.6",
"inst": "u",
"f": {"lang": "akk-x-neoass",
"form": "x",
"pos": "u"}
}
,
{
"node": "l",
"frag": "x]",
"id": "P334873.l000dd",
"ref": "P334873.16.7",
"inst": "u",
"f": {"lang": "akk-x-neoass",
"form": "x",
"pos": "u"}
}
,
{
"node": "d",
"type": "nonx",
"ref": "P334873.17",
"strict": "0",
"extent": "rest",
"state": "missing"}
,
{
"node": "d",
"subtype": "reverse",
"type": "surface",
"ref": "P334873.r.18",
"type": "reverse",
"label": "r"}
,
{
"node": "d",
"type": "nonx",
"ref": "P334873.19",
"strict": "0",
"extent": "beginning",
"state": "missing"}
,
{
"node": "d",
"type": "line-start",
"ref": "P334873.20",
"n": "1'",
"label": "r 1'"}
,
{
"node": "l",
"frag": "ni-⸢da⸣-[x",
"id": "P334873.l000de",
"ref": "P334873.20.1",
"inst": "u",
"f": {"lang": "akk-x-neoass",
"form": "ni-da-x",
"pos": "u"}
}
,
{
"node": "l",
"frag": "x",
"id": "P334873.l000df",
"ref": "P334873.20.2",
"inst": "u",
"f": {"lang": "akk-x-neoass",
"form": "x",
"pos": "u"}
}
,
{
"node": "l",
"frag": "x",
"id": "P334873.l000e0",
"ref": "P334873.20.3",
"inst": "u",
"f": {"lang": "akk-x-neoass",
"form": "x",
"pos": "u"}
}
,
{
"node": "l",
"frag": "x",
"id": "P334873.l000e1",
"ref": "P334873.20.4",
"inst": "u",
"f": {"lang": "akk-x-neoass",
"form": "x",
"pos": "u"}
}
,
{
"node": "l",
"frag": "x]",
"id": "P334873.l000e2",
"ref": "P334873.20.5",
"inst": "u",
"f": {"lang": "akk-x-neoass",
"form": "x",
"pos": "u"}
}
,
{
"node": "d",
"type": "line-start",
"ref": "P334873.21",
"n": "2'",
"label": "r 2'"}
,
{
"node": "l",
"frag": "šum-ma",
"id": "P334873.l000e3",
"ref": "P334873.21.1",
"inst": "šumma[if]MOD",
"sig": "@saao/saa10%akk-x-neoass:šum-ma=šumma[if//if]MOD'MOD$šumma",
"f": {"lang": "akk-x-neoass",
"form": "šum-ma",
"cf": "šumma",
"gw": "if",
"sense": "if",
"norm": "šumma",
"pos": "MOD",
"epos": "MOD"}
}
,
{
"node": "l",
"frag": "[LUGAL",
"id": "P334873.l000e4",
"ref": "P334873.21.2",
"inst": "šarru[king]N",
"sig": "@saao/saa10%akk-x-neoass:LUGAL=šarru[king//king]N'N$šarru",
"f": {"lang": "akk-x-neoass",
"form": "LUGAL",
"cf": "šarru",
"gw": "king",
"sense": "king",
"norm": "šarru",
"pos": "N",
"epos": "N"}
}
,
{
"node": "l",
"frag": "EN-ni",
"id": "P334873.l000e5",
"ref": "P334873.21.3",
"inst": "bēlīni[lord]N",
"sig": "@saao/saa10%akk-x-neoass:EN-ni=bēlu[lord//lord]N'N$bēlīni",
"f": {"lang": "akk-x-neoass",
"form": "EN-ni",
"cf": "bēlu",
"gw": "lord",
"sense": "lord",
"norm": "bēlīni",
"pos": "N",
"epos": "N"}
}
,
{
"node": "l",
"frag": "i-qab-bi]",
"id": "P334873.l000e6",
"ref": "P334873.21.4",
"inst": "iqabbi[say]V",
"sig": "@saao/saa10%akk-x-neoass:i-qab-bi=qabû[say//say]V'V$iqabbi",
"f": {"lang": "akk-x-neoass",
"form": "i-qab-bi",
"cf": "qabû",
"gw": "say",
"sense": "say",
"norm": "iqabbi",
"pos": "V",
"epos": "V"}
}
,
{
"node": "d",
"type": "line-start",
"ref": "P334873.22",
"n": "3'",
"label": "r 3'"}
,
{
"node": "l",
"frag": "KI.MAH",
"id": "P334873.l000e7",
"ref": "P334873.22.1",
"inst": "+kimahhu[grave//tomb]N'N$",
"sig": "@saao/saa10%akk-x-neoass:KI.MAH=kimahhu[grave//tomb]N'N$kimahhu",
"f": {"lang": "akk-x-neoass",
"form": "KI.MAH",
"cf": "kimahhu",
"gw": "grave",
"sense": "tomb",
"norm": "kimahhu",
"pos": "N",
"epos": "N"}
}
,
{
"node": "l",
"frag": "[ne₂-ep-pa-aš₂]",
"id": "P334873.l000e8",
"ref": "P334873.22.2",
"inst": "+epēšu[do//make]V'V$neppaš",
"sig": "@saao/saa10%akk-x-neoass:ne₂-ep-pa-aš₂=epēšu[do//make]V'V$neppaš",
"f": {"lang": "akk-x-neoass",
"form": "ne₂-ep-pa-aš₂",
"cf": "epēšu",
"gw": "do",
"sense": "make",
"norm": "neppaš",
"pos": "V",
"epos": "V"}
}
,
{
"node": "d",
"type": "line-start",
"ref": "P334873.23",
"n": "4'",
"label": "r 4'"}
,
{
"node": "l",
"frag": "LUGAL",
"id": "P334873.l000e9",
"ref": "P334873.23.1",
"inst": "šar[king]N",
"sig": "@saao/saa10%akk-x-neoass:LUGAL=šarru[king//king]N'N$šar",
"f": {"lang": "akk-x-neoass",
"form": "LUGAL",
"cf": "šarru",
"gw": "king",
"sense": "king",
"norm": "šar",
"pos": "N",
"epos": "N"}
}
,
{
"node": "l",
"frag": "[pu-hi",
"id": "P334873.l000ea",
"ref": "P334873.23.2",
"inst": "+pūhu[exchange//substitute]N'N$pūhi",
"sig": "@saao/saa10%akk-x-neoass:pu-hi=pūhu[exchange//substitute]N'N$pūhi",
"f": {"lang": "akk-x-neoass",
"form": "pu-hi",
"cf": "pūhu",
"gw": "exchange",
"sense": "substitute",
"norm": "pūhi",
"pos": "N",
"epos": "N"}
}
,
{
"node": "l",
"frag": "ina]",
"id": "P334873.l000eb",
"ref": "P334873.23.3",
"inst": "ina[in]PRP",
"sig": "@saao/saa10%akk-x-neoass:ina=ina[in//in]PRP'PRP$ina",
"f": {"lang": "akk-x-neoass",
"form": "ina",
"cf": "ina",
"gw": "in",
"sense": "in",
"norm": "ina",
"pos": "PRP",
"epos": "PRP"}
}
,
{
"node": "l",
"frag": "ŠA₃-⸢bi⸣",
"id": "P334873.l000ec",
"ref": "P334873.23.4",
"inst": "libbi[interior]N",
"sig": "@saao/saa10%akk-x-neoass:ŠA₃-bi=libbu[interior//interior]N'N$libbi",
"f": {"lang": "akk-x-neoass",
"form": "ŠA₃-bi",
"cf": "libbu",
"gw": "interior",
"sense": "interior",
"norm": "libbi",
"pos": "N",
"epos": "N"}
}
,
{
"node": "l",
"frag": "[ni-šak-kan]",
"id": "P334873.l000ed",
"ref": "P334873.23.5",
"inst": "+šakānu[put]V$nišakkan",
"sig": "@saao/saa10%akk-x-neoass:ni-šak-kan=šakānu[put//put]V'V$nišakkan",
"f": {"lang": "akk-x-neoass",
"form": "ni-šak-kan",
"cf": "šakānu",
"gw": "put",
"sense": "put",
"norm": "nišakkan",
"pos": "V",
"epos": "V"}
}
,
{
"node": "d",
"type": "line-start",
"ref": "P334873.24",
"n": "5'",
"label": "r 5'"}
,
{
"node": "l",
"frag": "u₂-la-a",
"id": "P334873.l000ee",
"ref": "P334873.24.1",
"inst": "ulâ[otherwise]AV",
"sig": "@saao/saa10%akk-x-neoass:u₂-la-a=ūla[or//otherwise]AV'AV$ulâ",
"f": {"lang": "akk-x-neoass",
"form": "u₂-la-a",
"cf": "ūla",
"gw": "or",
"sense": "otherwise",
"norm": "ulâ",
"pos": "AV",
"epos": "AV"}
}
,
{
"node": "l",
"frag": "[x",
"id": "P334873.l000ef",
"ref": "P334873.24.2",
"inst": "u",
"f": {"lang": "akk-x-neoass",
"form": "x",
"pos": "u"}
}
,
{
"node": "l",
"frag": "x",
"id": "P334873.l000f0",
"ref": "P334873.24.3",
"inst": "u",
"f": {"lang": "akk-x-neoass",
"form": "x",
"pos": "u"}
}
,
{
"node": "l",
"frag": "x",
"id": "P334873.l000f1",
"ref": "P334873.24.4",
"inst": "u",
"f": {"lang": "akk-x-neoass",
"form": "x",
"pos": "u"}
}
,
{
"node": "l",
"frag": "x",
"id": "P334873.l000f2",
"ref": "P334873.24.5",
"inst": "u",
"f": {"lang": "akk-x-neoass",
"form": "x",
"pos": "u"}
}
,
{
"node": "l",
"frag": "x]",
"id": "P334873.l000f3",
"ref": "P334873.24.6",
"inst": "u",
"f": {"lang": "akk-x-neoass",
"form": "x",
"pos": "u"}
}
,
{
"node": "d",
"type": "line-start",
"ref": "P334873.25",
"n": "6'",
"label": "r 6'"}
,
{
"node": "l",
"frag": "be₂-et",
"id": "P334873.l000f4",
"ref": "P334873.25.1",
"inst": "bēt[where]SBJ",
"sig": "@saao/saa10%akk-x-neoass:be₂-et=bīt[where//where]SBJ'SBJ$bēt",
"f": {"lang": "akk-x-neoass",
"form": "be₂-et",
"cf": "bīt",
"gw": "where",
"sense": "where",
"norm": "bēt",
"pos": "SBJ",
"epos": "SBJ"}
}
,
{
"node": "l",
"frag": "⸢x⸣+[x",
"id": "P334873.l000f5",
"ref": "P334873.25.2",
"inst": "u",
"f": {"lang": "akk-x-neoass",
"form": "x+x",
"pos": "u"}
}
,
{
"node": "l",
"frag": "x",
"id": "P334873.l000f6",
"ref": "P334873.25.3",
"inst": "u",
"f": {"lang": "akk-x-neoass",
"form": "x",
"pos": "u"}
}
,
{
"node": "l",
"frag": "x",
"id": "P334873.l000f7",
"ref": "P334873.25.4",
"inst": "u",
"f": {"lang": "akk-x-neoass",
"form": "x",
"pos": "u"}
}
,
{
"node": "l",
"frag": "x",
"id": "P334873.l000f8",
"ref": "P334873.25.5",
"inst": "u",
"f": {"lang": "akk-x-neoass",
"form": "x",
"pos": "u"}
}
,
{
"node": "l",
"frag": "x]",
"id": "P334873.l000f9",
"ref": "P334873.25.6",
"inst": "u",
"f": {"lang": "akk-x-neoass",
"form": "x",
"pos": "u"}
}
,
{
"node": "d",
"type": "line-start",
"ref": "P334873.26",
"n": "7'",
"label": "r 7'"}
,
{
"node": "l",
"frag": "lu-u₂",
"id": "P334873.l000fa",
"ref": "P334873.26.1",
"inst": "lū[may]MOD",
"sig": "@saao/saa10%akk-x-neoass:lu-u₂=lū[may//may]MOD'MOD$lū",
"f": {"lang": "akk-x-neoass",
"form": "lu-u₂",
"cf": "lū",
"gw": "may",
"sense": "may",
"norm": "lū",
"pos": "MOD",
"epos": "MOD"}
}
,
{
"node": "l",
"frag": "[x",
"id": "P334873.l000fb",
"ref": "P334873.26.2",
"inst": "u",
"f": {"lang": "akk-x-neoass",
"form": "x",
"pos": "u"}
}
,
{
"node": "l",
"frag": "x",
"id": "P334873.l000fc",
"ref": "P334873.26.3",
"inst": "u",
"f": {"lang": "akk-x-neoass",
"form": "x",
"pos": "u"}
}
,
{
"node": "l",
"frag": "x",
"id": "P334873.l000fd",
"ref": "P334873.26.4",
"inst": "u",
"f": {"lang": "akk-x-neoass",
"form": "x",
"pos": "u"}
}
,
{
"node": "l",
"frag": "x",
"id": "P334873.l000fe",
"ref": "P334873.26.5",
"inst": "u",
"f": {"lang": "akk-x-neoass",
"form": "x",
"pos": "u"}
}
,
{
"node": "l",
"frag": "x]",
"id": "P334873.l000ff",
"ref": "P334873.26.6",
"inst": "u",
"f": {"lang": "akk-x-neoass",
"form": "x",
"pos": "u"}
}
,
{
"node": "d",
"type": "line-start",
"ref": "P334873.27",
"n": "8'",
"label": "r 8'"}
,
{
"node": "l",
"frag": "šum-ma",
"id": "P334873.l00100",
"ref": "P334873.27.1",
"inst": "šumma[if]MOD",
"sig": "@saao/saa10%akk-x-neoass:šum-ma=šumma[if//if]MOD'MOD$šumma",
"f": {"lang": "akk-x-neoass",
"form": "šum-ma",
"cf": "šumma",
"gw": "if",
"sense": "if",
"norm": "šumma",
"pos": "MOD",
"epos": "MOD"}
}
,
{
"node": "l",
"frag": "[x",
"id": "P334873.l00101",
"ref": "P334873.27.2",
"inst": "u",
"f": {"lang": "akk-x-neoass",
"form": "x",
"pos": "u"}
}
,
{
"node": "l",
"frag": "x",
"id": "P334873.l00102",
"ref": "P334873.27.3",
"inst": "u",
"f": {"lang": "akk-x-neoass",
"form": "x",
"pos": "u"}
}
,
{
"node": "l",
"frag": "x",
"id": "P334873.l00103",
"ref": "P334873.27.4",
"inst": "u",
"f": {"lang": "akk-x-neoass",
"form": "x",
"pos": "u"}
}
,
{
"node": "l",
"frag": "x",
"id": "P334873.l00104",
"ref": "P334873.27.5",
"inst": "u",
"f": {"lang": "akk-x-neoass",
"form": "x",
"pos": "u"}
}
,
{
"node": "l",
"frag": "x]",
"id": "P334873.l00105",
"ref": "P334873.27.6",
"inst": "u",
"f": {"lang": "akk-x-neoass",
"form": "x",
"pos": "u"}
}
,
{
"node": "d",
"type": "line-start",
"ref": "P334873.28",
"n": "9'",
"label": "r 9'"}
,
{
"node": "l",
"frag": "i-na",
"id": "P334873.l00106",
"ref": "P334873.28.1",
"inst": "ina[in]PRP",
"sig": "@saao/saa10%akk-x-neoass:i-na=ina[in//in]PRP'PRP$ina",
"f": {"lang": "akk-x-neoass",
"form": "i-na",
"cf": "ina",
"gw": "in",
"sense": "in",
"norm": "ina",
"pos": "PRP",
"epos": "PRP"}
}
,
{
"node": "l",
"frag": "[x",
"id": "P334873.l00107",
"ref": "P334873.28.2",
"inst": "u",
"f": {"lang": "akk-x-neoass",
"form": "x",
"pos": "u"}
}
,
{
"node": "l",
"frag": "x",
"id": "P334873.l00108",
"ref": "P334873.28.3",
"inst": "u",
"f": {"lang": "akk-x-neoass",
"form": "x",
"pos": "u"}
}
,
{
"node": "l",
"frag": "x",
"id": "P334873.l00109",
"ref": "P334873.28.4",
"inst": "u",
"f": {"lang": "akk-x-neoass",
"form": "x",
"pos": "u"}
}
,
{
"node": "l",
"frag": "x",
"id": "P334873.l0010a",
"ref": "P334873.28.5",
"inst": "u",
"f": {"lang": "akk-x-neoass",
"form": "x",
"pos": "u"}
}
,
{
"node": "l",
"frag": "x]",
"id": "P334873.l0010b",
"ref": "P334873.28.6",
"inst": "u",
"f": {"lang": "akk-x-neoass",
"form": "x",
"pos": "u"}
}
,
{
"node": "d",
"type": "line-start",
"ref": "P334873.29",
"n": "10'",
"label": "r 10'"}
,
{
"node": "l",
"frag": "la",
"id": "P334873.l0010c",
"ref": "P334873.29.1",
"inst": "lā[not]MOD",
"sig": "@saao/saa10%akk-x-neoass:la=lā[not//not]MOD'MOD$lā",
"f": {"lang": "akk-x-neoass",
"form": "la",
"cf": "lā",
"gw": "not",
"sense": "not",
"norm": "lā",
"pos": "MOD",
"epos": "MOD"}
}
,
{
"node": "l",
"frag": "⸢x⸣+[x",
"id": "P334873.l0010d",
"ref": "P334873.29.2",
"inst": "u",
"f": {"lang": "akk-x-neoass",
"form": "x+x",
"pos": "u"}
}
,
{
"node": "l",
"frag": "x",
"id": "P334873.l0010e",
"ref": "P334873.29.3",
"inst": "u",
"f": {"lang": "akk-x-neoass",
"form": "x",
"pos": "u"}
}
,
{
"node": "l",
"frag": "x",
"id": "P334873.l0010f",
"ref": "P334873.29.4",
"inst": "u",
"f": {"lang": "akk-x-neoass",
"form": "x",
"pos": "u"}
}
,
{
"node": "l",
"frag": "x",
"id": "P334873.l00110",
"ref": "P334873.29.5",
"inst": "u",
"f": {"lang": "akk-x-neoass",
"form": "x",
"pos": "u"}
}
,
{
"node": "l",
"frag": "x",
"id": "P334873.l00111",
"ref": "P334873.29.6",
"inst": "u",
"f": {"lang": "akk-x-neoass",
"form": "x",
"pos": "u"}
}
,
{
"node": "l",
"frag": "x]",
"id": "P334873.l00112",
"ref": "P334873.29.7",
"inst": "u",
"f": {"lang": "akk-x-neoass",
"form": "x",
"pos": "u"}
}
,
{
"node": "d",
"type": "line-start",
"ref": "P334873.30",
"n": "11'",
"label": "r 11'"}
,
{
"node": "l",
"frag": "i-na",
"id": "P334873.l00113",
"ref": "P334873.30.1",
"inst": "ina[in]PRP",
"sig": "@saao/saa10%akk-x-neoass:i-na=ina[in//in]PRP'PRP$ina",
"f": {"lang": "akk-x-neoass",
"form": "i-na",
"cf": "ina",
"gw": "in",
"sense": "in",
"norm": "ina",
"pos": "PRP",
"epos": "PRP"}
}
,
{
"node": "l",
"frag": "[x",
"id": "P334873.l00114",
"ref": "P334873.30.2",
"inst": "u",
"f": {"lang": "akk-x-neoass",
"form": "x",
"pos": "u"}
}
,
{
"node": "l",
"frag": "x",
"id": "P334873.l00115",
"ref": "P334873.30.3",
"inst": "u",
"f": {"lang": "akk-x-neoass",
"form": "x",
"pos": "u"}
}
,
{
"node": "l",
"frag": "x",
"id": "P334873.l00116",
"ref": "P334873.30.4",
"inst": "u",
"f": {"lang": "akk-x-neoass",
"form": "x",
"pos": "u"}
}
,
{
"node": "l",
"frag": "x",
"id": "P334873.l00117",
"ref": "P334873.30.5",
"inst": "u",
"f": {"lang": "akk-x-neoass",
"form": "x",
"pos": "u"}
}
,
{
"node": "l",
"frag": "x]+⸢x⸣",
"id": "P334873.l00118",
"ref": "P334873.30.6",
"inst": "u",
"f": {"lang": "akk-x-neoass",
"form": "x+x",
"pos": "u"}
}
,
{
"node": "d",
"type": "line-start",
"ref": "P334873.31",
"n": "12'",
"label": "r 12'"}
,
{
"node": "l",
"frag": "la",
"id": "P334873.l00119",
"ref": "P334873.31.1",
"inst": "lā[not]MOD",
"sig": "@saao/saa10%akk-x-neoass:la=lā[not//not]MOD'MOD$lā",
"f": {"lang": "akk-x-neoass",
"form": "la",
"cf": "lā",
"gw": "not",
"sense": "not",
"norm": "lā",
"pos": "MOD",
"epos": "MOD"}
}
,
{
"node": "l",
"frag": "[x",
"id": "P334873.l0011a",
"ref": "P334873.31.2",
"inst": "u",
"f": {"lang": "akk-x-neoass",
"form": "x",
"pos": "u"}
}
,
{
"node": "l",
"frag": "x",
"id": "P334873.l0011b",
"ref": "P334873.31.3",
"inst": "u",
"f": {"lang": "akk-x-neoass",
"form": "x",
"pos": "u"}
}
,
{
"node": "l",
"frag": "x",
"id": "P334873.l0011c",
"ref": "P334873.31.4",
"inst": "u",
"f": {"lang": "akk-x-neoass",
"form": "x",
"pos": "u"}
}
,
{
"node": "l",
"frag": "x",
"id": "P334873.l0011d",
"ref": "P334873.31.5",
"inst": "u",
"f": {"lang": "akk-x-neoass",
"form": "x",
"pos": "u"}
}
,
{
"node": "l",
"frag": "x",
"id": "P334873.l0011e",
"ref": "P334873.31.6",
"inst": "u",
"f": {"lang": "akk-x-neoass",
"form": "x",
"pos": "u"}
}
,
{
"node": "l",
"frag": "x]",
"id": "P334873.l0011f",
"ref": "P334873.31.7",
"inst": "u",
"f": {"lang": "akk-x-neoass",
"form": "x",
"pos": "u"}
}
,
{
"node": "d",
"type": "line-start",
"ref": "P334873.32",
"n": "13'",
"label": "r 13'"}
,
{
"node": "l",
"frag": "mi-i-ni",
"id": "P334873.l00120",
"ref": "P334873.32.1",
"inst": "mīni[what?]QP",
"sig": "@saao/saa10%akk-x-neoass:mi-i-ni=mīnu[what?//what?]QP'QP$mīni",
"f": {"lang": "akk-x-neoass",
"form": "mi-i-ni",
"cf": "mīnu",
"gw": "what?",
"sense": "what?",
"norm": "mīni",
"pos": "QP",
"epos": "QP"}
}
,
{
"node": "l",
"frag": "[ša₂",
"id": "P334873.l00121",
"ref": "P334873.32.2",
"inst": "ša[that]REL",
"sig": "@saao/saa10%akk-x-neoass:ša₂=ša[that//that]REL'REL$ša",
"f": {"lang": "akk-x-neoass",
"form": "ša₂",
"cf": "ša",
"gw": "that",
"sense": "that",
"norm": "ša",
"pos": "REL",
"epos": "REL"}
}
,
{
"node": "l",
"frag": "LUGAL",
"id": "P334873.l00122",
"ref": "P334873.32.3",
"inst": "šarru[king]N",
"sig": "@saao/saa10%akk-x-neoass:LUGAL=šarru[king//king]N'N$šarru",
"f": {"lang": "akk-x-neoass",
"form": "LUGAL",
"cf": "šarru",
"gw": "king",
"sense": "king",
"norm": "šarru",
"pos": "N",
"epos": "N"}
}
,
{
"node": "l",
"frag": "EN]-ni",
"id": "P334873.l00123",
"ref": "P334873.32.4",
"inst": "bēlīni[lord]N",
"sig": "@saao/saa10%akk-x-neoass:EN-ni=bēlu[lord//lord]N'N$bēlīni",
"f": {"lang": "akk-x-neoass",
"form": "EN-ni",
"cf": "bēlu",
"gw": "lord",
"sense": "lord",
"norm": "bēlīni",
"pos": "N",
"epos": "N"}
}
,
{
"node": "d",
"type": "line-start",
"ref": "P334873.33",
"n": "14'",
"label": "r 14'"}
,
{
"node": "l",
"frag": "i-qab-[bu]-u₂-ni-ni",
"id": "P334873.l00124",
"ref": "P334873.33.1",
"inst": "+qabû[say]V$iqabbûninni",
"sig": "@saao/saa10%akk-x-neoass:i-qab-bu-u₂-ni-ni=qabû[say//say]V'V$iqabbûninni",
"f": {"lang": "akk-x-neoass",
"form": "i-qab-bu-u₂-ni-ni",
"cf": "qabû",
"gw": "say",
"sense": "say",
"norm": "iqabbûninni",
"pos": "V",
"epos": "V"}
}
]}
]}
]}
]}
