{
"type": "cdl",
  "source": "http://oracc.org/saao/saa10",
  "license": "This data is released under the CC0 license",
  "license-url": "https://creativecommons.org/publicdomain/zero/1.0/",
  "more-info": "http://oracc.org/doc/opendata/",
  "UTC-timestamp": "2017-05-19T11:42:35",
"project": "saao/saa10",
"textid": "P334024",
"cdl": [
{
"node": "c",
"type": "text",
"id": "P334024.U0",
"cdl": [
{
"node": "d",
"type": "object",
"ref": ""}
,
{
"node": "d",
"subtype": "obverse",
"type": "surface",
"ref": "P334024.o.1",
"type": "obverse",
"label": "o"}
,
{
"node": "c",
"type": "discourse",
"subtype": "body",
"id": "P334024.U1",
"cdl": [
{
"node": "c",
"type": "sentence",
"id": "P334024.U2",
"label": "o 1 - r 20",
"cdl": [
{
"node": "d",
"type": "line-start",
"ref": "P334024.2",
"n": "1",
"label": "o 1"}
,
{
"node": "l",
"frag": "a-na",
"id": "P334024.l00dd3",
"ref": "P334024.2.1",
"inst": "ana[to]PRP",
"sig": "@saao/saa10%akk-x-neoass:a-na=ana[to//to]PRP'PRP$ana",
"f": {"lang": "akk-x-neoass",
"form": "a-na",
"cf": "ana",
"gw": "to",
"sense": "to",
"norm": "ana",
"pos": "PRP",
"epos": "PRP"}
}
,
{
"node": "l",
"frag": "LUGAL",
"id": "P334024.l00dd4",
"ref": "P334024.2.2",
"inst": "šarri[king]N",
"sig": "@saao/saa10%akk-x-neoass:LUGAL=šarru[king//king]N'N$šarri",
"f": {"lang": "akk-x-neoass",
"form": "LUGAL",
"cf": "šarru",
"gw": "king",
"sense": "king",
"norm": "šarri",
"pos": "N",
"epos": "N"}
}
,
{
"node": "l",
"frag": "EN-ia",
"id": "P334024.l00dd5",
"ref": "P334024.2.3",
"inst": "bēlīya[lord]N",
"sig": "@saao/saa10%akk-x-neoass:EN-ia=bēlu[lord//lord]N'N$bēlīya",
"f": {"lang": "akk-x-neoass",
"form": "EN-ia",
"cf": "bēlu",
"gw": "lord",
"sense": "lord",
"norm": "bēlīya",
"pos": "N",
"epos": "N"}
}
,
{
"node": "l",
"frag": "[ARAD-ka]",
"id": "P334024.l00dd6",
"ref": "P334024.2.4",
"inst": "urdaka[servant]N",
"sig": "@saao/saa10%akk-x-neoass:ARAD-ka=ardu[slave//servant]N'N$urdaka",
"f": {"lang": "akk-x-neoass",
"form": "ARAD-ka",
"cf": "ardu",
"gw": "slave",
"sense": "servant",
"norm": "urdaka",
"pos": "N",
"epos": "N"}
}
,
{
"node": "d",
"type": "line-start",
"ref": "P334024.3",
"n": "2",
"label": "o 2"}
,
{
"node": "l",
"frag": "{1}ba-la-si-i",
"id": "P334024.l00dd7",
"ref": "P334024.3.1",
"inst": "Balasi[1]PN",
"sig": "@saao/saa10%akk-x-neoass:{1}ba-la-si-i=Balasi[1//1]PN'PN$Balasi",
"f": {"lang": "akk-x-neoass",
"form": "{1}ba-la-si-i",
"cf": "Balasi",
"gw": "1",
"sense": "1",
"norm": "Balasi",
"pos": "PN",
"epos": "PN"}
}
,
{
"node": "l",
"frag": "lu",
"id": "P334024.l00dd8",
"ref": "P334024.3.2",
"inst": "lū[may]MOD",
"sig": "@saao/saa10%akk-x-neoass:lu=lū[may//may]MOD'MOD$lū",
"f": {"lang": "akk-x-neoass",
"form": "lu",
"cf": "lū",
"gw": "may",
"sense": "may",
"norm": "lū",
"pos": "MOD",
"epos": "MOD"}
}
,
{
"node": "l",
"frag": "DI-[mu]",
"id": "P334024.l00dd9",
"ref": "P334024.3.3",
"inst": "šulmu[health]N",
"sig": "@saao/saa10%akk-x-neoass:DI-mu=šulmu[completeness//health]N'N$šulmu",
"f": {"lang": "akk-x-neoass",
"form": "DI-mu",
"cf": "šulmu",
"gw": "completeness",
"sense": "health",
"norm": "šulmu",
"pos": "N",
"epos": "N"}
}
,
{
"node": "d",
"type": "line-start",
"ref": "P334024.4",
"n": "3",
"label": "o 3"}
,
{
"node": "l",
"frag": "a-na",
"id": "P334024.l00dda",
"ref": "P334024.4.1",
"inst": "ana[to]PRP",
"sig": "@saao/saa10%akk-x-neoass:a-na=ana[to//to]PRP'PRP$ana",
"f": {"lang": "akk-x-neoass",
"form": "a-na",
"cf": "ana",
"gw": "to",
"sense": "to",
"norm": "ana",
"pos": "PRP",
"epos": "PRP"}
}
,
{
"node": "l",
"frag": "LUGAL",
"id": "P334024.l00ddb",
"ref": "P334024.4.2",
"inst": "šarri[king]N",
"sig": "@saao/saa10%akk-x-neoass:LUGAL=šarru[king//king]N'N$šarri",
"f": {"lang": "akk-x-neoass",
"form": "LUGAL",
"cf": "šarru",
"gw": "king",
"sense": "king",
"norm": "šarri",
"pos": "N",
"epos": "N"}
}
,
{
"node": "l",
"frag": "EN-⸢ia⸣",
"id": "P334024.l00ddc",
"ref": "P334024.4.3",
"inst": "bēlīya[lord]N",
"sig": "@saao/saa10%akk-x-neoass:EN-ia=bēlu[lord//lord]N'N$bēlīya",
"f": {"lang": "akk-x-neoass",
"form": "EN-ia",
"cf": "bēlu",
"gw": "lord",
"sense": "lord",
"norm": "bēlīya",
"pos": "N",
"epos": "N"}
}
,
{
"node": "l",
"frag": "{[d}PA",
"id": "P334024.l00ddd",
"ref": "P334024.4.4",
"inst": "Nabu[1]DN",
"sig": "@saao/saa10%akk-x-neoass:{d}PA=Nabu[1//1]DN'DN$Nabu",
"f": {"lang": "akk-x-neoass",
"form": "{d}PA",
"cf": "Nabu",
"gw": "1",
"sense": "1",
"norm": "Nabu",
"pos": "DN",
"epos": "DN"}
}
,
{
"node": "l",
"frag": "{d}AMAR.UTU]",
"id": "P334024.l00dde",
"ref": "P334024.4.5",
"inst": "Marduk[1]DN",
"sig": "@saao/saa10%akk-x-neoass:{d}AMAR.UTU=Marduk[1//1]DN'DN$Marduk",
"f": {"lang": "akk-x-neoass",
"form": "{d}AMAR.UTU",
"cf": "Marduk",
"gw": "1",
"sense": "1",
"norm": "Marduk",
"pos": "DN",
"epos": "DN"}
}
,
{
"node": "d",
"type": "line-start",
"ref": "P334024.5",
"n": "4",
"label": "o 4"}
,
{
"node": "l",
"frag": "a-na",
"id": "P334024.l00ddf",
"ref": "P334024.5.1",
"inst": "ana[to]PRP",
"sig": "@saao/saa10%akk-x-neoass:a-na=ana[to//to]PRP'PRP$ana",
"f": {"lang": "akk-x-neoass",
"form": "a-na",
"cf": "ana",
"gw": "to",
"sense": "to",
"norm": "ana",
"pos": "PRP",
"epos": "PRP"}
}
,
{
"node": "l",
"frag": "LUGAL",
"id": "P334024.l00de0",
"ref": "P334024.5.2",
"inst": "šarri[king]N",
"sig": "@saao/saa10%akk-x-neoass:LUGAL=šarru[king//king]N'N$šarri",
"f": {"lang": "akk-x-neoass",
"form": "LUGAL",
"cf": "šarru",
"gw": "king",
"sense": "king",
"norm": "šarri",
"pos": "N",
"epos": "N"}
}
,
{
"node": "l",
"frag": "EN-ia",
"id": "P334024.l00de1",
"ref": "P334024.5.3",
"inst": "bēlīya[lord]N",
"sig": "@saao/saa10%akk-x-neoass:EN-ia=bēlu[lord//lord]N'N$bēlīya",
"f": {"lang": "akk-x-neoass",
"form": "EN-ia",
"cf": "bēlu",
"gw": "lord",
"sense": "lord",
"norm": "bēlīya",
"pos": "N",
"epos": "N"}
}
,
{
"node": "l",
"frag": "[lik-ru-bu]",
"id": "P334024.l00de2",
"ref": "P334024.5.4",
"inst": "likrubu[bless]V",
"sig": "@saao/saa10%akk-x-neoass:lik-ru-bu=karābu[pray//bless]V'V$likrubu",
"f": {"lang": "akk-x-neoass",
"form": "lik-ru-bu",
"cf": "karābu",
"gw": "pray",
"sense": "bless",
"norm": "likrubu",
"pos": "V",
"epos": "V"}
}
,
{
"node": "d",
"type": "line-start",
"ref": "P334024.6",
"n": "5",
"label": "o 5"}
,
{
"node": "l",
"frag": "ša",
"id": "P334024.l00de3",
"ref": "P334024.6.1",
"inst": "ša[what]REL",
"sig": "@saao/saa10%akk-x-neoass:ša=ša[that//what]REL'REL$ša",
"f": {"lang": "akk-x-neoass",
"form": "ša",
"cf": "ša",
"gw": "that",
"sense": "what",
"norm": "ša",
"pos": "REL",
"epos": "REL"}
}
,
{
"node": "l",
"frag": "LUGAL",
"id": "P334024.l00de4",
"ref": "P334024.6.2",
"inst": "šarru[king]N",
"sig": "@saao/saa10%akk-x-neoass:LUGAL=šarru[king//king]N'N$šarru",
"f": {"lang": "akk-x-neoass",
"form": "LUGAL",
"cf": "šarru",
"gw": "king",
"sense": "king",
"norm": "šarru",
"pos": "N",
"epos": "N"}
}
,
{
"node": "l",
"frag": "⸢be⸣-[li₂",
"id": "P334024.l00de5",
"ref": "P334024.6.3",
"inst": "bēlī[lord]N",
"sig": "@saao/saa10%akk-x-neoass:be-li₂=bēlu[lord//lord]N'N$bēlī",
"f": {"lang": "akk-x-neoass",
"form": "be-li₂",
"cf": "bēlu",
"gw": "lord",
"sense": "lord",
"norm": "bēlī",
"pos": "N",
"epos": "N"}
}
,
{
"node": "l",
"frag": "iš]-pur-[an-ni]",
"id": "P334024.l00de6",
"ref": "P334024.6.4",
"inst": "išpuranni[write]V",
"sig": "@saao/saa10%akk-x-neoass:iš-pur-an-ni=šapāru[send//write]V'V$išpuranni",
"f": {"lang": "akk-x-neoass",
"form": "iš-pur-an-ni",
"cf": "šapāru",
"gw": "send",
"sense": "write",
"norm": "išpuranni",
"pos": "V",
"epos": "V"}
}
,
{
"node": "d",
"type": "line-start",
"ref": "P334024.7",
"n": "6",
"label": "o 6"}
,
{
"node": "l",
"frag": "ma-⸢a⸣",
"id": "P334024.l00de7",
"ref": "P334024.7.1",
"inst": "mā[saying]PRP",
"sig": "@saao/saa10%akk-x-neoass:ma-a=mā[saying//saying]PRP'PRP$mā",
"f": {"lang": "akk-x-neoass",
"form": "ma-a",
"cf": "mā",
"gw": "saying",
"sense": "saying",
"norm": "mā",
"pos": "PRP",
"epos": "PRP"}
}
,
{
"node": "l",
"frag": "[ina]",
"id": "P334024.l00de8",
"ref": "P334024.7.2",
"inst": "ina[in]PRP",
"sig": "@saao/saa10%akk-x-neoass:ina=ina[in//from]PRP'PRP$ina",
"f": {"lang": "akk-x-neoass",
"form": "ina",
"cf": "ina",
"gw": "in",
"sense": "from",
"norm": "ina",
"pos": "PRP",
"epos": "PRP"}
}
,
{
"node": "l",
"frag": "{⸢uru}ha-ri⸣-hum-⸢ba⸣",
"id": "P334024.l00de9",
"ref": "P334024.7.3",
"inst": "+Harihumba[]GN$",
"sig": "@saao/saa10%akk-x-neoass:{URU}ha-ri-hum-ba=Harihumba[1//1]GN'GN$Harihumba",
"f": {"lang": "akk-x-neoass",
"form": "{URU}ha-ri-hum-ba",
"cf": "Harihumba",
"gw": "1",
"sense": "1",
"norm": "Harihumba",
"pos": "GN",
"epos": "GN"}
}
,
{
"node": "d",
"type": "line-start",
"ref": "P334024.8",
"n": "7",
"label": "o 7"}
,
{
"node": "l",
"frag": "ma-a",
"id": "P334024.l00dea",
"ref": "P334024.8.1",
"inst": "mā[saying]PRP",
"sig": "@saao/saa10%akk-x-neoass:ma-a=mā[saying//saying]PRP'PRP$mā",
"f": {"lang": "akk-x-neoass",
"form": "ma-a",
"cf": "mā",
"gw": "saying",
"sense": "saying",
"norm": "mā",
"pos": "PRP",
"epos": "PRP"}
}
,
{
"node": "l",
"frag": "[i]-⸢ša₂-tu₂",
"id": "P334024.l00deb",
"ref": "P334024.8.2",
"inst": "+išātu[fire//lightning]N'N$",
"sig": "@saao/saa10%akk-x-neoass:i-ša₂-tu₂=išātu[fire//lightning]N'N$išātu",
"f": {"lang": "akk-x-neoass",
"form": "i-ša₂-tu₂",
"cf": "išātu",
"gw": "fire",
"sense": "lightning",
"norm": "išātu",
"pos": "N",
"epos": "N"}
}
,
{
"node": "l",
"frag": "TA@v⸣",
"id": "P334024.l00dec",
"ref": "P334024.8.3",
"inst": "issu[from]PRP",
"sig": "@saao/saa10%akk-x-neoass:TA@v=ištu[from//from]PRP'PRP$issu",
"f": {"lang": "akk-x-neoass",
"form": "TA@v",
"cf": "ištu",
"gw": "from",
"sense": "from",
"norm": "issu",
"pos": "PRP",
"epos": "PRP"}
}
,
{
"node": "l",
"frag": "AN-e",
"id": "P334024.l00ded",
"ref": "P334024.8.4",
"inst": "šamê[sky]N",
"sig": "@saao/saa10%akk-x-neoass:AN-e=šamû[sky//heaven]N'N$šamê",
"f": {"lang": "akk-x-neoass",
"form": "AN-e",
"cf": "šamû",
"gw": "sky",
"sense": "heaven",
"norm": "šamê",
"pos": "N",
"epos": "N"}
}
,
{
"node": "d",
"type": "line-start",
"ref": "P334024.9",
"n": "8",
"label": "o 8"}
,
{
"node": "l",
"frag": "⸢ta-at⸣-tu-uq-ta",
"id": "P334024.l00dee",
"ref": "P334024.9.1",
"inst": "+maqātu[fall//strike]V'V$tattuqta",
"sig": "@saao/saa10%akk-x-neoass:ta-at-tu-uq-ta=maqātu[fall//strike]V'V$tattuqta",
"f": {"lang": "akk-x-neoass",
"form": "ta-at-tu-uq-ta",
"cf": "maqātu",
"gw": "fall",
"sense": "strike",
"norm": "tattuqta",
"pos": "V",
"epos": "V"}
}
,
{
"node": "l",
"frag": "A.ŠA₃-MEŠ",
"id": "P334024.l00def",
"ref": "P334024.9.2",
"inst": "eqlāti[field]N",
"sig": "@saao/saa10%akk-x-neoass:A.ŠA₃-MEŠ=eqlu[field//field]N'N$eqlāti",
"f": {"lang": "akk-x-neoass",
"form": "A.ŠA₃-MEŠ",
"cf": "eqlu",
"gw": "field",
"sense": "field",
"norm": "eqlāti",
"pos": "N",
"epos": "N"}
}
,
{
"node": "d",
"type": "line-start",
"ref": "P334024.10",
"n": "9",
"label": "o 9"}
,
{
"node": "l",
"frag": "⸢ša⸣",
"id": "P334024.l00df0",
"ref": "P334024.10.1",
"inst": "ša[of]DET",
"sig": "@saao/saa10%akk-x-neoass:ša=ša[of//of]DET'DET$ša",
"f": {"lang": "akk-x-neoass",
"form": "ša",
"cf": "ša",
"gw": "of",
"sense": "of",
"norm": "ša",
"pos": "DET",
"epos": "DET"}
}
,
{
"node": "l",
"frag": "KUR-aš₂-šu-ra-a.a",
"id": "P334024.l00df1",
"ref": "P334024.10.2",
"inst": "+Mat-Aššuraya[Assyrian(s)]GN$",
"sig": "@saao/saa10%akk-x-neoass:KUR-aš₂-šu-ra-a.a=Mat-Aššuraya[Assyrian(s)//Assyrian(s)]GN'GN$Mat-Aššuraya",
"f": {"lang": "akk-x-neoass",
"form": "KUR-aš₂-šu-ra-a.a",
"cf": "Mat-Aššuraya",
"gw": "Assyrian(s)",
"sense": "Assyrian(s)",
"norm": "Mat-Aššuraya",
"pos": "GN",
"epos": "GN"}
}
,
{
"node": "l",
"frag": "ta-ta-kal",
"id": "P334024.l00df2",
"ref": "P334024.10.3",
"inst": "+akālu[eat//ravage]V'V$tātakal",
"sig": "@saao/saa10%akk-x-neoass:ta-ta-kal=akālu[eat//ravage]V'V$tātakal",
"f": {"lang": "akk-x-neoass",
"form": "ta-ta-kal",
"cf": "akālu",
"gw": "eat",
"sense": "ravage",
"norm": "tātakal",
"pos": "V",
"epos": "V"}
}
,
{
"node": "d",
"type": "line-start",
"ref": "P334024.11",
"n": "10",
"label": "o 10"}
,
{
"node": "l",
"frag": "⸢LUGAL⸣",
"id": "P334024.l00df3",
"ref": "P334024.11.1",
"inst": "šarru[king]N",
"sig": "@saao/saa10%akk-x-neoass:LUGAL=šarru[king//king]N'N$šarru",
"f": {"lang": "akk-x-neoass",
"form": "LUGAL",
"cf": "šarru",
"gw": "king",
"sense": "king",
"norm": "šarru",
"pos": "N",
"epos": "N"}
}
,
{
"node": "l",
"frag": "a-ta-a",
"id": "P334024.l00df4",
"ref": "P334024.11.2",
"inst": "atâ[why?]QP",
"sig": "@saao/saa10%akk-x-neoass:a-ta-a=atā[why?//why?]QP'QP$atâ",
"f": {"lang": "akk-x-neoass",
"form": "a-ta-a",
"cf": "atā",
"gw": "why?",
"sense": "why?",
"norm": "atâ",
"pos": "QP",
"epos": "QP"}
}
,
{
"node": "l",
"frag": "u₂-ba-ʾa-a",
"id": "P334024.l00df5",
"ref": "P334024.11.3",
"inst": "ubaʾʾa[look for]V",
"sig": "@saao/saa10%akk-x-neoass:u₂-ba-ʾa-a=buʾʾû[look for//look for]V'V$ubaʾʾa",
"f": {"lang": "akk-x-neoass",
"form": "u₂-ba-ʾa-a",
"cf": "buʾʾû",
"gw": "look for",
"sense": "look for",
"norm": "ubaʾʾa",
"pos": "V",
"epos": "V"}
}
,
{
"node": "d",
"type": "line-start",
"ref": "P334024.12",
"n": "11",
"label": "o 11"}
,
{
"node": "l",
"frag": "[ina]",
"id": "P334024.l00df6",
"ref": "P334024.12.1",
"inst": "ina[in]PRP",
"sig": "@saao/saa10%akk-x-neoass:ina=ina[in//from]PRP'PRP$ina",
"f": {"lang": "akk-x-neoass",
"form": "ina",
"cf": "ina",
"gw": "in",
"sense": "from",
"norm": "ina",
"pos": "PRP",
"epos": "PRP"}
}
,
{
"node": "l",
"frag": "⸢E₂⸣",
"id": "P334024.l00df7",
"ref": "P334024.12.2",
"inst": "bēt[house]N",
"sig": "@saao/saa10%akk-x-neoass:E₂=bītu[house//household]N'N$bēt",
"f": {"lang": "akk-x-neoass",
"form": "E₂",
"cf": "bītu",
"gw": "house",
"sense": "household",
"norm": "bēt",
"pos": "N",
"epos": "N"}
}
,
{
"node": "l",
"frag": "{lu₂}qa-tin-ni",
"id": "P334024.l00df8",
"ref": "P334024.12.3",
"inst": "qatinni[tiller]N",
"sig": "@saao/saa10%akk-x-neoass:{LU₂}qa-tin-ni=qattinu[(a rural class)//tiller]N'N$qatinni",
"f": {"lang": "akk-x-neoass",
"form": "{LU₂}qa-tin-ni",
"cf": "qattinu",
"gw": "(a rural class)",
"sense": "tiller",
"norm": "qatinni",
"pos": "N",
"epos": "N"}
}
,
{
"node": "l",
"frag": "LUGAL",
"id": "P334024.l00df9",
"ref": "P334024.12.4",
"inst": "šarru[king]N",
"sig": "@saao/saa10%akk-x-neoass:LUGAL=šarru[king//king]N'N$šarru",
"f": {"lang": "akk-x-neoass",
"form": "LUGAL",
"cf": "šarru",
"gw": "king",
"sense": "king",
"norm": "šarru",
"pos": "N",
"epos": "N"}
}
,
{
"node": "d",
"type": "line-start",
"ref": "P334024.13",
"n": "12",
"label": "o 12"}
,
{
"node": "l",
"frag": "[a]-ta-a",
"id": "P334024.l00dfa",
"ref": "P334024.13.1",
"inst": "atâ[why?]QP",
"sig": "@saao/saa10%akk-x-neoass:a-ta-a=atā[why?//why?]QP'QP$atâ",
"f": {"lang": "akk-x-neoass",
"form": "a-ta-a",
"cf": "atā",
"gw": "why?",
"sense": "why?",
"norm": "atâ",
"pos": "QP",
"epos": "QP"}
}
,
{
"node": "l",
"frag": "u₂-ba-ʾa-a-ma",
"id": "P334024.l00dfb",
"ref": "P334024.13.2",
"inst": "+buʾʾû[look for]V$ubaʾʾāma",
"sig": "@saao/saa10%akk-x-neoass:u₂-ba-ʾa-a-ma=buʾʾû[look for//look for]V'V$ubaʾʾāma",
"f": {"lang": "akk-x-neoass",
"form": "u₂-ba-ʾa-a-ma",
"cf": "buʾʾû",
"gw": "look for",
"sense": "look for",
"norm": "ubaʾʾāma",
"pos": "V",
"epos": "V"}
}
,
{
"node": "d",
"type": "line-start",
"ref": "P334024.14",
"n": "13",
"label": "o 13"}
,
{
"node": "l",
"frag": "⸢HUL⸣",
"id": "P334024.l00dfc",
"ref": "P334024.14.1",
"inst": "+lumnu[evil]N$",
"sig": "@saao/saa10%akk-x-neoass:HUL=lumnu[evil//evil]N'N$lumnu",
"f": {"lang": "akk-x-neoass",
"form": "HUL",
"cf": "lumnu",
"gw": "evil",
"sense": "evil",
"norm": "lumnu",
"pos": "N",
"epos": "N"}
}
,
{
"node": "l",
"frag": "ina",
"id": "P334024.l00dfd",
"ref": "P334024.14.2",
"inst": "ina[in]PRP",
"sig": "@saao/saa10%akk-x-neoass:ina=ina[in//from]PRP'PRP$ina",
"f": {"lang": "akk-x-neoass",
"form": "ina",
"cf": "ina",
"gw": "in",
"sense": "from",
"norm": "ina",
"pos": "PRP",
"epos": "PRP"}
}
,
{
"node": "l",
"frag": "ŠA₃",
"id": "P334024.l00dfe",
"ref": "P334024.14.3",
"inst": "libbi[interior]N",
"sig": "@saao/saa10%akk-x-neoass:ŠA₃=libbu[interior//interior]N'N$libbi",
"f": {"lang": "akk-x-neoass",
"form": "ŠA₃",
"cf": "libbu",
"gw": "interior",
"sense": "interior",
"norm": "libbi",
"pos": "N",
"epos": "N"}
}
,
{
"node": "l",
"frag": "E₂.GAL",
"id": "P334024.l00dff",
"ref": "P334024.14.4",
"inst": "ēkalli[palace]N",
"sig": "@saao/saa10%akk-x-neoass:E₂.GAL=ēkallu[palace//palace]N'N$ēkalli",
"f": {"lang": "akk-x-neoass",
"form": "E₂.GAL",
"cf": "ēkallu",
"gw": "palace",
"sense": "palace",
"norm": "ēkalli",
"pos": "N",
"epos": "N"}
}
,
{
"node": "l",
"frag": "la",
"id": "P334024.l00e00",
"ref": "P334024.14.5",
"inst": "lā[not]MOD",
"sig": "@saao/saa10%akk-x-neoass:la=lā[not//not]MOD'MOD$lā",
"f": {"lang": "akk-x-neoass",
"form": "la",
"cf": "lā",
"gw": "not",
"sense": "not",
"norm": "lā",
"pos": "MOD",
"epos": "MOD"}
}
,
{
"node": "l",
"frag": "me-me-ni",
"id": "P334024.l00e01",
"ref": "P334024.14.6",
"inst": "memmēni[any]XP",
"sig": "@saao/saa10%akk-x-neoass:me-me-ni=memēni[somebody//any]XP'XP$memmēni",
"f": {"lang": "akk-x-neoass",
"form": "me-me-ni",
"cf": "memēni",
"gw": "somebody",
"sense": "any",
"norm": "memmēni",
"pos": "XP",
"epos": "XP"}
}
,
{
"node": "d",
"type": "line-start",
"ref": "P334024.15",
"n": "14",
"label": "o 14"}
,
{
"node": "l",
"frag": "⸢LUGAL⸣",
"id": "P334024.l00e02",
"ref": "P334024.15.1",
"inst": "šarru[king]N",
"sig": "@saao/saa10%akk-x-neoass:LUGAL=šarru[king//king]N'N$šarru",
"f": {"lang": "akk-x-neoass",
"form": "LUGAL",
"cf": "šarru",
"gw": "king",
"sense": "king",
"norm": "šarru",
"pos": "N",
"epos": "N"}
}
,
{
"node": "l",
"frag": "ina",
"id": "P334024.l00e03",
"ref": "P334024.15.2",
"inst": "ina[in]PRP",
"sig": "@saao/saa10%akk-x-neoass:ina=ina[in//from]PRP'PRP$ina",
"f": {"lang": "akk-x-neoass",
"form": "ina",
"cf": "ina",
"gw": "in",
"sense": "from",
"norm": "ina",
"pos": "PRP",
"epos": "PRP"}
}
,
{
"node": "l",
"frag": "{uru}ha-ri-hum-ba",
"id": "P334024.l00e04",
"ref": "P334024.15.3",
"inst": "Harihumba[1]GN",
"sig": "@saao/saa10%akk-x-neoass:{URU}ha-ri-hum-ba=Harihumba[1//1]GN'GN$Harihumba",
"f": {"lang": "akk-x-neoass",
"form": "{URU}ha-ri-hum-ba",
"cf": "Harihumba",
"gw": "1",
"sense": "1",
"norm": "Harihumba",
"pos": "GN",
"epos": "GN"}
}
,
{
"node": "d",
"type": "line-start",
"ref": "P334024.16",
"n": "15",
"label": "o 15"}
,
{
"node": "c",
"type": "phrase",
"tag": "phr",
"id": "P334024.U4",
"ref": "P334024.ls00000",
"cdl": [
{
"node": "l",
"frag": "im-ma-te",
"id": "P334024.l00e05",
"ref": "P334024.16.1",
"cof-tails": "P334024.l00e06",
"inst": "+ina[in+=when?]PRP$&+mati[when?]QP$mate",
"sig": "@saao/saa10%akk-x-neoass:im-ma-te=ina[in//in]PRP'PRP$ina&&@saao/saa10%akk-x-neoass:im-ma-te=mati[when?//when?]QP'QP$mate",
"f": {"lang": "akk-x-neoass",
"form": "im-ma-te",
"cf": "ina",
"gw": "in",
"sense": "in",
"norm": "ina",
"pos": "PRP",
"epos": "PRP"}
}
,
{
"node": "l",
"frag": "im-ma-te",
"id": "P334024.l00e06",
"ref": "P334024.16.1",
"cof-head": "P334024.l00e05",
"inst": "+ina[in+=when?]PRP$&+mati[when?]QP$mate",
"f": {"lang": "akk-x-neoass",
"form": "im-ma-te",
"cf": "mati",
"gw": "when?",
"sense": "when?",
"norm": "mate",
"pos": "QP",
"epos": "QP"}
}
]}
,
{
"node": "l",
"frag": "il-lik-ma",
"id": "P334024.l00e07",
"ref": "P334024.16.2",
"inst": "+alāku[go]V$illikma",
"sig": "@saao/saa10%akk-x-neoass:il-lik-ma=alāku[go//go]V'V$illikma",
"f": {"lang": "akk-x-neoass",
"form": "il-lik-ma",
"cf": "alāku",
"gw": "go",
"sense": "go",
"norm": "illikma",
"pos": "V",
"epos": "V"}
}
,
{
"node": "d",
"type": "line-start",
"ref": "P334024.17",
"n": "16",
"label": "o 16"}
,
{
"node": "l",
"frag": "u₂-ma-a",
"id": "P334024.l00e08",
"ref": "P334024.17.1",
"inst": "ūmâ[now]AV",
"sig": "@saao/saa10%akk-x-neoass:u₂-ma-a=ūma[today//now]AV'AV$ūmâ",
"f": {"lang": "akk-x-neoass",
"form": "u₂-ma-a",
"cf": "ūma",
"gw": "today",
"sense": "now",
"norm": "ūmâ",
"pos": "AV",
"epos": "AV"}
}
,
{
"node": "l",
"frag": "šum-ma",
"id": "P334024.l00e09",
"ref": "P334024.17.2",
"inst": "šumma[if]MOD",
"sig": "@saao/saa10%akk-x-neoass:šum-ma=šumma[if//if]MOD'MOD$šumma",
"f": {"lang": "akk-x-neoass",
"form": "šum-ma",
"cf": "šumma",
"gw": "if",
"sense": "if",
"norm": "šumma",
"pos": "MOD",
"epos": "MOD"}
}
,
{
"node": "l",
"frag": "ina",
"id": "P334024.l00e0a",
"ref": "P334024.17.3",
"inst": "ina[in]PRP",
"sig": "@saao/saa10%akk-x-neoass:ina=ina[in//from]PRP'PRP$ina",
"f": {"lang": "akk-x-neoass",
"form": "ina",
"cf": "ina",
"gw": "in",
"sense": "from",
"norm": "ina",
"pos": "PRP",
"epos": "PRP"}
}
,
{
"node": "l",
"frag": "ŠA₃",
"id": "P334024.l00e0b",
"ref": "P334024.17.4",
"inst": "libbi[interior]N",
"sig": "@saao/saa10%akk-x-neoass:ŠA₃=libbu[interior//interior]N'N$libbi",
"f": {"lang": "akk-x-neoass",
"form": "ŠA₃",
"cf": "libbu",
"gw": "interior",
"sense": "interior",
"norm": "libbi",
"pos": "N",
"epos": "N"}
}
,
{
"node": "l",
"frag": "E₂.GAL",
"id": "P334024.l00e0c",
"ref": "P334024.17.5",
"inst": "ēkalli[palace]N",
"sig": "@saao/saa10%akk-x-neoass:E₂.GAL=ēkallu[palace//palace]N'N$ēkalli",
"f": {"lang": "akk-x-neoass",
"form": "E₂.GAL",
"cf": "ēkallu",
"gw": "palace",
"sense": "palace",
"norm": "ēkalli",
"pos": "N",
"epos": "N"}
}
,
{
"node": "d",
"type": "line-start",
"ref": "P334024.18",
"n": "17",
"label": "o 17"}
,
{
"node": "l",
"frag": "i-ba-aš₂-ši",
"id": "P334024.l00e0d",
"ref": "P334024.18.1",
"inst": "ibašši[exist]V",
"sig": "@saao/saa10%akk-x-neoass:i-ba-aš₂-ši=bašû[exist//exist]V'V$ibašši",
"f": {"lang": "akk-x-neoass",
"form": "i-ba-aš₂-ši",
"cf": "bašû",
"gw": "exist",
"sense": "exist",
"norm": "ibašši",
"pos": "V",
"epos": "V"}
}
,
{
"node": "l",
"frag": "HUL",
"id": "P334024.l00e0e",
"ref": "P334024.18.2",
"inst": "+lumnu[evil]N$lumun",
"sig": "@saao/saa10%akk-x-neoass:HUL=lumnu[evil//evil]N'N$lumun",
"f": {"lang": "akk-x-neoass",
"form": "HUL",
"cf": "lumnu",
"gw": "evil",
"sense": "evil",
"norm": "lumun",
"pos": "N",
"epos": "N"}
}
,
{
"node": "l",
"frag": "mi₃-qit-ti",
"id": "P334024.l00e0f",
"ref": "P334024.18.3",
"inst": "+miqittu[(down)fall//strike (of lightning)]N'N$miqitti",
"sig": "@saao/saa10%akk-x-neoass:mi₃-qit-ti=miqittu[(down)fall//strike (of lightning)]N'N$miqitti",
"f": {"lang": "akk-x-neoass",
"form": "mi₃-qit-ti",
"cf": "miqittu",
"gw": "(down)fall",
"sense": "strike (of lightning)",
"norm": "miqitti",
"pos": "N",
"epos": "N"}
}
,
{
"node": "d",
"type": "line-start",
"ref": "P334024.19",
"n": "18",
"label": "o 18"}
,
{
"node": "l",
"frag": "i-ša₂-ti",
"id": "P334024.l00e10",
"ref": "P334024.19.1",
"inst": "+išātu[fire//lightning]N'N$išāti",
"sig": "@saao/saa10%akk-x-neoass:i-ša₂-ti=išātu[fire//lightning]N'N$išāti",
"f": {"lang": "akk-x-neoass",
"form": "i-ša₂-ti",
"cf": "išātu",
"gw": "fire",
"sense": "lightning",
"norm": "išāti",
"pos": "N",
"epos": "N"}
}
,
{
"node": "l",
"frag": "lil-li-ku",
"id": "P334024.l00e11",
"ref": "P334024.19.2",
"inst": "lilliku[go]V",
"sig": "@saao/saa10%akk-x-neoass:lil-li-ku=alāku[go//go]V'V$lilliku",
"f": {"lang": "akk-x-neoass",
"form": "lil-li-ku",
"cf": "alāku",
"gw": "go",
"sense": "go",
"norm": "lilliku",
"pos": "V",
"epos": "V"}
}
,
{
"node": "d",
"type": "line-start",
"ref": "P334024.20",
"n": "19",
"label": "o 19"}
,
{
"node": "l",
"frag": "ina",
"id": "P334024.l00e12",
"ref": "P334024.20.1",
"inst": "ina[in]PRP",
"sig": "@saao/saa10%akk-x-neoass:ina=ina[in//from]PRP'PRP$ina",
"f": {"lang": "akk-x-neoass",
"form": "ina",
"cf": "ina",
"gw": "in",
"sense": "from",
"norm": "ina",
"pos": "PRP",
"epos": "PRP"}
}
,
{
"node": "l",
"frag": "ŠA₃-bi",
"id": "P334024.l00e13",
"ref": "P334024.20.2",
"inst": "libbi[interior]N",
"sig": "@saao/saa10%akk-x-neoass:ŠA₃-bi=libbu[interior//interior]N'N$libbi",
"f": {"lang": "akk-x-neoass",
"form": "ŠA₃-bi",
"cf": "libbu",
"gw": "interior",
"sense": "interior",
"norm": "libbi",
"pos": "N",
"epos": "N"}
}
,
{
"node": "l",
"frag": "le-pu-šu",
"id": "P334024.l00e14",
"ref": "P334024.20.3",
"inst": "+epēšu[do//perform]V'V$lēpušu",
"sig": "@saao/saa10%akk-x-neoass:le-pu-šu=epēšu[do//perform]V'V$lēpušu",
"f": {"lang": "akk-x-neoass",
"form": "le-pu-šu",
"cf": "epēšu",
"gw": "do",
"sense": "perform",
"norm": "lēpušu",
"pos": "V",
"epos": "V"}
}
,
{
"node": "d",
"subtype": "bottom",
"type": "surface",
"ref": "P334024.b.e..21",
"type": "bottom",
"label": "b.e."}
,
{
"node": "d",
"type": "line-start",
"ref": "P334024.22",
"n": "20",
"label": "b.e. 20"}
,
{
"node": "l",
"frag": "šum-ma",
"id": "P334024.l00e15",
"ref": "P334024.22.1",
"inst": "šumma[if]MOD",
"sig": "@saao/saa10%akk-x-neoass:šum-ma=šumma[if//if]MOD'MOD$šumma",
"f": {"lang": "akk-x-neoass",
"form": "šum-ma",
"cf": "šumma",
"gw": "if",
"sense": "if",
"norm": "šumma",
"pos": "MOD",
"epos": "MOD"}
}
,
{
"node": "l",
"frag": "LUGAL",
"id": "P334024.l00e16",
"ref": "P334024.22.2",
"inst": "šarru[king]N",
"sig": "@saao/saa10%akk-x-neoass:LUGAL=šarru[king//king]N'N$šarru",
"f": {"lang": "akk-x-neoass",
"form": "LUGAL",
"cf": "šarru",
"gw": "king",
"sense": "king",
"norm": "šarru",
"pos": "N",
"epos": "N"}
}
,
{
"node": "l",
"frag": "be-li₂",
"id": "P334024.l00e17",
"ref": "P334024.22.3",
"inst": "bēlī[lord]N",
"sig": "@saao/saa10%akk-x-neoass:be-li₂=bēlu[lord//lord]N'N$bēlī",
"f": {"lang": "akk-x-neoass",
"form": "be-li₂",
"cf": "bēlu",
"gw": "lord",
"sense": "lord",
"norm": "bēlī",
"pos": "N",
"epos": "N"}
}
,
{
"node": "d",
"type": "line-start",
"ref": "P334024.23",
"n": "21",
"label": "b.e. 21"}
,
{
"node": "l",
"frag": "i-qab-bi",
"id": "P334024.l00e18",
"ref": "P334024.23.1",
"inst": "iqabbi[say]V",
"sig": "@saao/saa10%akk-x-neoass:i-qab-bi=qabû[say//say]V'V$iqabbi",
"f": {"lang": "akk-x-neoass",
"form": "i-qab-bi",
"cf": "qabû",
"gw": "say",
"sense": "say",
"norm": "iqabbi",
"pos": "V",
"epos": "V"}
}
,
{
"node": "l",
"frag": "ma-a",
"id": "P334024.l00e19",
"ref": "P334024.23.2",
"inst": "mā[saying]PRP",
"sig": "@saao/saa10%akk-x-neoass:ma-a=mā[saying//saying]PRP'PRP$mā",
"f": {"lang": "akk-x-neoass",
"form": "ma-a",
"cf": "mā",
"gw": "saying",
"sense": "saying",
"norm": "mā",
"pos": "PRP",
"epos": "PRP"}
}
,
{
"node": "d",
"type": "line-start",
"ref": "P334024.24",
"n": "22",
"label": "b.e. 22"}
,
{
"node": "l",
"frag": "a-ke-e",
"id": "P334024.l00e1a",
"ref": "P334024.24.1",
"inst": "akê[how?]QP",
"sig": "@saao/saa10%akk-x-neoass:a-ke-e=kē[how?//how?]QP'QP$akê",
"f": {"lang": "akk-x-neoass",
"form": "a-ke-e",
"cf": "kē",
"gw": "how?",
"sense": "how?",
"norm": "akê",
"pos": "QP",
"epos": "QP"}
}
,
{
"node": "l",
"frag": "qa-bi",
"id": "P334024.l00e1b",
"ref": "P334024.24.2",
"inst": "qābi[said]AJ",
"sig": "@saao/saa10%akk-x-neoass:qa-bi=qabû[said//said]AJ'AJ$qābi",
"f": {"lang": "akk-x-neoass",
"form": "qa-bi",
"cf": "qabû",
"gw": "said",
"sense": "said",
"norm": "qābi",
"pos": "AJ",
"epos": "AJ"}
}
,
{
"node": "d",
"subtype": "reverse",
"type": "surface",
"ref": "P334024.r.25",
"type": "reverse",
"label": "r"}
,
{
"node": "d",
"type": "line-start",
"ref": "P334024.26",
"n": "1",
"label": "r 1"}
,
{
"node": "l",
"frag": "A.ŠA₃",
"id": "P334024.l00e1c",
"ref": "P334024.26.1",
"inst": "+eqlu[field]N$",
"sig": "@saao/saa10%akk-x-stdbab:A.ŠA₃=eqlu[field//field]N'N$eqlu",
"f": {"lang": "akk-x-stdbab",
"form": "A.ŠA₃",
"cf": "eqlu",
"gw": "field",
"sense": "field",
"norm": "eqlu",
"pos": "N",
"epos": "N"}
}
,
{
"node": "l",
"frag": "lib-bi",
"id": "P334024.l00e1d",
"ref": "P334024.26.2",
"inst": "+libbu[interior//inside]N'PRP$libbi",
"sig": "@saao/saa10%akk-x-stdbab:lib-bi=libbu[interior//inside]N'PRP$libbi",
"f": {"lang": "akk-x-stdbab",
"form": "lib-bi",
"cf": "libbu",
"gw": "interior",
"sense": "inside",
"norm": "libbi",
"pos": "N",
"epos": "PRP"}
}
,
{
"node": "l",
"frag": "URU",
"id": "P334024.l00e1e",
"ref": "P334024.26.3",
"inst": "+ālu[city]N$āli",
"sig": "@saao/saa10%akk-x-stdbab:URU=ālu[city//city]N'N$āli",
"f": {"lang": "akk-x-stdbab",
"form": "URU",
"cf": "ālu",
"gw": "city",
"sense": "city",
"norm": "āli",
"pos": "N",
"epos": "N"}
}
,
{
"node": "l",
"frag": "lu-u",
"id": "P334024.l00e1f",
"ref": "P334024.26.4",
"inst": "+lū[or]CNJ$",
"sig": "@saao/saa10%akk-x-stdbab:lu-u=lū[or//or]CNJ'CNJ$lū",
"f": {"lang": "akk-x-stdbab",
"form": "lu-u",
"cf": "lū",
"gw": "or",
"sense": "or",
"norm": "lū",
"pos": "CNJ",
"epos": "CNJ"}
}
,
{
"node": "d",
"type": "line-start",
"ref": "P334024.27",
"n": "2",
"label": "r 2"}
,
{
"node": "l",
"frag": "qa-an-ni",
"id": "P334024.l00e20",
"ref": "P334024.27.1",
"inst": "+qannu[fringe//outside]N'PRP$qanni",
"sig": "@saao/saa10%akk-x-stdbab:qa-an-ni=qannu[fringe//outside]N'PRP$qanni",
"f": {"lang": "akk-x-stdbab",
"form": "qa-an-ni",
"cf": "qannu",
"gw": "fringe",
"sense": "outside",
"norm": "qanni",
"pos": "N",
"epos": "PRP"}
}
,
{
"node": "l",
"frag": "URU",
"id": "P334024.l00e21",
"ref": "P334024.27.2",
"inst": "+ālu[city]N$āli",
"sig": "@saao/saa10%akk-x-stdbab:URU=ālu[city//city]N'N$āli",
"f": {"lang": "akk-x-stdbab",
"form": "URU",
"cf": "ālu",
"gw": "city",
"sense": "city",
"norm": "āli",
"pos": "N",
"epos": "N"}
}
,
{
"node": "l",
"frag": "{d}IM",
"id": "P334024.l00e22",
"ref": "P334024.27.3",
"inst": "+Adad[]DN$",
"sig": "@saao/saa10%akk-x-stdbab:{d}IM=Adad[1//1]DN'DN$Adad",
"f": {"lang": "akk-x-stdbab",
"form": "{d}IM",
"cf": "Adad",
"gw": "1",
"sense": "1",
"norm": "Adad",
"pos": "DN",
"epos": "DN"}
}
,
{
"node": "l",
"frag": "ir-hi-iṣ",
"id": "P334024.l00e23",
"ref": "P334024.27.4",
"inst": "+rahāṣu[flood//devastate]V'V$irhiṣ",
"sig": "@saao/saa10%akk-x-stdbab:ir-hi-iṣ=rahāṣu[flood//devastate]V'V$irhiṣ",
"f": {"lang": "akk-x-stdbab",
"form": "ir-hi-iṣ",
"cf": "rahāṣu",
"gw": "flood",
"sense": "devastate",
"norm": "irhiṣ",
"pos": "V",
"epos": "V"}
}
,
{
"node": "d",
"type": "line-start",
"ref": "P334024.28",
"n": "3",
"label": "r 3"}
,
{
"node": "l",
"frag": "lu",
"id": "P334024.l00e24",
"ref": "P334024.28.1",
"inst": "+lū[or]CNJ$",
"sig": "@saao/saa10%akk-x-stdbab:lu=lū[or//or]CNJ'CNJ$lū",
"f": {"lang": "akk-x-stdbab",
"form": "lu",
"cf": "lū",
"gw": "or",
"sense": "or",
"norm": "lū",
"pos": "CNJ",
"epos": "CNJ"}
}
,
{
"node": "l",
"frag": "ṭi-bi-ih",
"id": "P334024.l00e25",
"ref": "P334024.28.2",
"inst": "+ṭibhu[(object on wheel)//(meaning uncertain)]N'N$ṭibih",
"sig": "@saao/saa10%akk-x-stdbab:ṭi-bi-ih=ṭibhu[(object on wheel)//(meaning uncertain)]N'N$ṭibih",
"f": {"lang": "akk-x-stdbab",
"form": "ṭi-bi-ih",
"cf": "ṭibhu",
"gw": "(object on wheel)",
"sense": "(meaning uncertain)",
"norm": "ṭibih",
"pos": "N",
"epos": "N"}
}
,
{
"node": "l",
"frag": "ma-ga-ar-ri",
"id": "P334024.l00e26",
"ref": "P334024.28.3",
"inst": "+magarru[wheel//chariot]N'N$magarri",
"sig": "@saao/saa10%akk-x-stdbab:ma-ga-ar-ri=magarru[wheel//chariot]N'N$magarri",
"f": {"lang": "akk-x-stdbab",
"form": "ma-ga-ar-ri",
"cf": "magarru",
"gw": "wheel",
"sense": "chariot",
"norm": "magarri",
"pos": "N",
"epos": "N"}
}
,
{
"node": "d",
"type": "line-start",
"ref": "P334024.29",
"n": "4",
"label": "r 4"}
,
{
"node": "l",
"frag": "iš-kun",
"id": "P334024.l00e27",
"ref": "P334024.29.1",
"inst": "+šakānu[put]V$iškun",
"sig": "@saao/saa10%akk-x-stdbab:iš-kun=šakānu[put//put]V'V$iškun",
"f": {"lang": "akk-x-stdbab",
"form": "iš-kun",
"cf": "šakānu",
"gw": "put",
"sense": "put",
"norm": "iškun",
"pos": "V",
"epos": "V"}
}
,
{
"node": "l",
"frag": "lu-u",
"id": "P334024.l00e28",
"ref": "P334024.29.2",
"inst": "+lū[or]CNJ$",
"sig": "@saao/saa10%akk-x-stdbab:lu-u=lū[or//or]CNJ'CNJ$lū",
"f": {"lang": "akk-x-stdbab",
"form": "lu-u",
"cf": "lū",
"gw": "or",
"sense": "or",
"norm": "lū",
"pos": "CNJ",
"epos": "CNJ"}
}
,
{
"node": "l",
"frag": "i-ša₂-ti",
"id": "P334024.l00e29",
"ref": "P334024.29.3",
"inst": "+išātu[fire]N$išāti",
"sig": "@saao/saa10%akk-x-stdbab:i-ša₂-ti=išātu[fire//fire]N'N$išāti",
"f": {"lang": "akk-x-stdbab",
"form": "i-ša₂-ti",
"cf": "išātu",
"gw": "fire",
"sense": "fire",
"norm": "išāti",
"pos": "N",
"epos": "N"}
}
,
{
"node": "d",
"type": "line-start",
"ref": "P334024.30",
"n": "5",
"label": "r 5"}
,
{
"node": "l",
"frag": "mi₃-im-ma",
"id": "P334024.l00e2a",
"ref": "P334024.30.1",
"inst": "+mimma[anything]XP$",
"sig": "@saao/saa10%akk-x-stdbab:mi₃-im-ma=mimma[anything//anything]XP'XP$mimma",
"f": {"lang": "akk-x-stdbab",
"form": "mi₃-im-ma",
"cf": "mimma",
"gw": "anything",
"sense": "anything",
"norm": "mimma",
"pos": "XP",
"epos": "XP"}
}
,
{
"node": "l",
"frag": "u₂-qa-al-li",
"id": "P334024.l00e2b",
"ref": "P334024.30.2",
"inst": "+qalû[roast//burn]V'V$uqalli",
"sig": "@saao/saa10%akk-x-stdbab:u₂-qa-al-li=qalû[roast//burn]V'V$uqalli",
"f": {"lang": "akk-x-stdbab",
"form": "u₂-qa-al-li",
"cf": "qalû",
"gw": "roast",
"sense": "burn",
"norm": "uqalli",
"pos": "V",
"epos": "V"}
}
,
{
"node": "d",
"type": "line-start",
"ref": "P334024.31",
"n": "6",
"label": "r 6"}
,
{
"node": "l",
"frag": "a-me-lu",
"id": "P334024.l00e2c",
"ref": "P334024.31.1",
"inst": "+awīlu[man]N$amēlu",
"sig": "@saao/saa10%akk-x-stdbab:a-me-lu=awīlu[man//man]N'N$amēlu",
"f": {"lang": "akk-x-stdbab",
"form": "a-me-lu",
"cf": "awīlu",
"gw": "man",
"sense": "man",
"norm": "amēlu",
"pos": "N",
"epos": "N"}
}
,
{
"node": "l",
"frag": "šu-u",
"id": "P334024.l00e2d",
"ref": "P334024.31.2",
"inst": "+šū[he//that]IP'DP$šû",
"sig": "@saao/saa10%akk-x-stdbab:šu-u=šū[he//that]IP'DP$šû",
"f": {"lang": "akk-x-stdbab",
"form": "šu-u",
"cf": "šū",
"gw": "he",
"sense": "that",
"norm": "šû",
"pos": "IP",
"epos": "DP"}
}
,
{
"node": "l",
"frag": "03",
"id": "P334024.l00e2e",
"ref": "P334024.31.3",
"inst": "n",
"f": {"lang": "akk-x-stdbab",
"form": "03",
"pos": "n"}
}
,
{
"node": "l",
"frag": "MU.AN.NA-MEŠ",
"id": "P334024.l00e2f",
"ref": "P334024.31.4",
"inst": "+šattu[year]N$šanāti",
"sig": "@saao/saa10%akk-x-stdbab:MU.AN.NA-MEŠ=šattu[year//year]N'N$šanāti",
"f": {"lang": "akk-x-stdbab",
"form": "MU.AN.NA-MEŠ",
"cf": "šattu",
"gw": "year",
"sense": "year",
"norm": "šanāti",
"pos": "N",
"epos": "N"}
}
,
{
"node": "d",
"type": "line-start",
"ref": "P334024.32",
"n": "7",
"label": "r 7"}
,
{
"node": "l",
"frag": "ina",
"id": "P334024.l00e30",
"ref": "P334024.32.1",
"inst": "ina[in]PRP",
"sig": "@saao/saa10%akk-x-stdbab:ina=ina[in//in]PRP'PRP$ina",
"f": {"lang": "akk-x-stdbab",
"form": "ina",
"cf": "ina",
"gw": "in",
"sense": "in",
"norm": "ina",
"pos": "PRP",
"epos": "PRP"}
}
,
{
"node": "l",
"frag": "ku-u₂-ri",
"id": "P334024.l00e31",
"ref": "P334024.32.2",
"inst": "+kūru[depression//grief]N'N$kūri",
"sig": "@saao/saa10%akk-x-stdbab:ku-u₂-ri=kūru[depression//grief]N'N$kūri",
"f": {"lang": "akk-x-stdbab",
"form": "ku-u₂-ri",
"cf": "kūru",
"gw": "depression",
"sense": "grief",
"norm": "kūri",
"pos": "N",
"epos": "N"}
}
,
{
"node": "l",
"frag": "u",
"id": "P334024.l00e32",
"ref": "P334024.32.3",
"inst": "u[and]CNJ",
"sig": "@saao/saa10%akk-x-stdbab:u=u[and//and]CNJ'CNJ$u",
"f": {"lang": "akk-x-stdbab",
"form": "u",
"cf": "u",
"gw": "and",
"sense": "and",
"norm": "u",
"pos": "CNJ",
"epos": "CNJ"}
}
,
{
"node": "l",
"frag": "ni-is-sa-te",
"id": "P334024.l00e33",
"ref": "P334024.32.4",
"inst": "+nissatu[wailing//misery]N'N$nissate",
"sig": "@saao/saa10%akk-x-stdbab:ni-is-sa-te=nissatu[wailing//misery]N'N$nissate",
"f": {"lang": "akk-x-stdbab",
"form": "ni-is-sa-te",
"cf": "nissatu",
"gw": "wailing",
"sense": "misery",
"norm": "nissate",
"pos": "N",
"epos": "N"}
}
,
{
"node": "d",
"type": "line-start",
"ref": "P334024.33",
"n": "8",
"label": "r 8"}
,
{
"node": "l",
"frag": "it-ta-na-al-la-ak",
"id": "P334024.l00e34",
"ref": "P334024.33.1",
"inst": "+alāku[go//go about]V'V$ittanallak",
"sig": "@saao/saa10%akk-x-stdbab:it-ta-na-al-la-ak=alāku[go//go about]V'V$ittanallak",
"f": {"lang": "akk-x-stdbab",
"form": "it-ta-na-al-la-ak",
"cf": "alāku",
"gw": "go",
"sense": "go about",
"norm": "ittanallak",
"pos": "V",
"epos": "V"}
}
,
{
"node": "d",
"type": "line-start",
"ref": "P334024.34",
"n": "9",
"label": "r 9"}
,
{
"node": "l",
"frag": "a-na",
"id": "P334024.l00e35",
"ref": "P334024.34.1",
"inst": "ana[for]PRP",
"sig": "@saao/saa10%akk-x-neoass:a-na=ana[to//for]PRP'PRP$ana",
"f": {"lang": "akk-x-neoass",
"form": "a-na",
"cf": "ana",
"gw": "to",
"sense": "for",
"norm": "ana",
"pos": "PRP",
"epos": "PRP"}
}
,
{
"node": "l",
"frag": "ša",
"id": "P334024.l00e36",
"ref": "P334024.34.2",
"inst": "ša[who]REL",
"sig": "@saao/saa10%akk-x-neoass:ša=ša[that//who]REL'REL$ša",
"f": {"lang": "akk-x-neoass",
"form": "ša",
"cf": "ša",
"gw": "that",
"sense": "who",
"norm": "ša",
"pos": "REL",
"epos": "REL"}
}
,
{
"node": "l",
"frag": "A.ŠA₃",
"id": "P334024.l00e37",
"ref": "P334024.34.3",
"inst": "eqlu[field]N",
"sig": "@saao/saa10%akk-x-neoass:A.ŠA₃=eqlu[field//field]N'N$eqlu",
"f": {"lang": "akk-x-neoass",
"form": "A.ŠA₃",
"cf": "eqlu",
"gw": "field",
"sense": "field",
"norm": "eqlu",
"pos": "N",
"epos": "N"}
}
,
{
"node": "l",
"frag": "i-ru-šu-u-ni",
"id": "P334024.l00e38",
"ref": "P334024.34.4",
"inst": "+erēšu[sow//cultivate]V'V$īrušūni",
"sig": "@saao/saa10%akk-x-neoass:i-ru-šu-u-ni=erēšu[sow//cultivate]V'V$īrušūni",
"f": {"lang": "akk-x-neoass",
"form": "i-ru-šu-u-ni",
"cf": "erēšu",
"gw": "sow",
"sense": "cultivate",
"norm": "īrušūni",
"pos": "V",
"epos": "V"}
}
,
{
"node": "d",
"type": "line-start",
"ref": "P334024.35",
"n": "10",
"label": "r 10"}
,
{
"node": "l",
"frag": "qa-bi",
"id": "P334024.l00e39",
"ref": "P334024.35.1",
"inst": "qābi[said]AJ",
"sig": "@saao/saa10%akk-x-neoass:qa-bi=qabû[said//said]AJ'AJ$qābi",
"f": {"lang": "akk-x-neoass",
"form": "qa-bi",
"cf": "qabû",
"gw": "said",
"sense": "said",
"norm": "qābi",
"pos": "AJ",
"epos": "AJ"}
}
,
{
"node": "l",
"frag": "ina",
"id": "P334024.l00e3a",
"ref": "P334024.35.2",
"inst": "ina[in]PRP",
"sig": "@saao/saa10%akk-x-neoass:ina=ina[in//from]PRP'PRP$ina",
"f": {"lang": "akk-x-neoass",
"form": "ina",
"cf": "ina",
"gw": "in",
"sense": "from",
"norm": "ina",
"pos": "PRP",
"epos": "PRP"}
}
,
{
"node": "l",
"frag": "UGU",
"id": "P334024.l00e3b",
"ref": "P334024.35.3",
"inst": "muhhi[skull]N",
"sig": "@saao/saa10%akk-x-neoass:UGU=muhhu[skull//skull]N'N$muhhi",
"f": {"lang": "akk-x-neoass",
"form": "UGU",
"cf": "muhhu",
"gw": "skull",
"sense": "skull",
"norm": "muhhi",
"pos": "N",
"epos": "N"}
}
,
{
"node": "l",
"frag": "da-ra-ri",
"id": "P334024.l00e3c",
"ref": "P334024.35.4",
"inst": "+darāru[intercalate a month//adding of the intercalary month]V'N$darāri",
"sig": "@saao/saa10%akk-x-neoass:da-ra-ri=darāru[intercalate a month//adding of the intercalary month]V'N$darāri",
"f": {"lang": "akk-x-neoass",
"form": "da-ra-ri",
"cf": "darāru",
"gw": "intercalate a month",
"sense": "adding of the intercalary month",
"norm": "darāri",
"pos": "V",
"epos": "N"}
}
,
{
"node": "d",
"type": "line-start",
"ref": "P334024.36",
"n": "11",
"label": "r 11"}
,
{
"node": "l",
"frag": "ša",
"id": "P334024.l00e3d",
"ref": "P334024.36.1",
"inst": "ša[of]DET",
"sig": "@saao/saa10%akk-x-neoass:ša=ša[of//of]DET'DET$ša",
"f": {"lang": "akk-x-neoass",
"form": "ša",
"cf": "ša",
"gw": "of",
"sense": "of",
"norm": "ša",
"pos": "DET",
"epos": "DET"}
}
,
{
"node": "l",
"frag": "ITI",
"id": "P334024.l00e3e",
"ref": "P334024.36.2",
"inst": "+arhu[month]N$urhi",
"sig": "@saao/saa10%akk-x-neoass:ITI=arhu[month//month]N'N$urhi",
"f": {"lang": "akk-x-neoass",
"form": "ITI",
"cf": "arhu",
"gw": "month",
"sense": "month",
"norm": "urhi",
"pos": "N",
"epos": "N"}
}
,
{
"node": "l",
"frag": "ša",
"id": "P334024.l00e3f",
"ref": "P334024.36.3",
"inst": "ša[which]REL",
"sig": "@saao/saa10%akk-x-neoass:ša=ša[that//which]REL'REL$ša",
"f": {"lang": "akk-x-neoass",
"form": "ša",
"cf": "ša",
"gw": "that",
"sense": "which",
"norm": "ša",
"pos": "REL",
"epos": "REL"}
}
,
{
"node": "l",
"frag": "LUGAL",
"id": "P334024.l00e40",
"ref": "P334024.36.4",
"inst": "šarru[king]N",
"sig": "@saao/saa10%akk-x-neoass:LUGAL=šarru[king//king]N'N$šarru",
"f": {"lang": "akk-x-neoass",
"form": "LUGAL",
"cf": "šarru",
"gw": "king",
"sense": "king",
"norm": "šarru",
"pos": "N",
"epos": "N"}
}
,
{
"node": "l",
"frag": "iš-pur-an-ni",
"id": "P334024.l00e41",
"ref": "P334024.36.5",
"inst": "išpuranni[write]V",
"sig": "@saao/saa10%akk-x-neoass:iš-pur-an-ni=šapāru[send//write]V'V$išpuranni",
"f": {"lang": "akk-x-neoass",
"form": "iš-pur-an-ni",
"cf": "šapāru",
"gw": "send",
"sense": "write",
"norm": "išpuranni",
"pos": "V",
"epos": "V"}
}
,
{
"node": "d",
"type": "line-start",
"ref": "P334024.37",
"n": "12",
"label": "r 12"}
,
{
"node": "l",
"frag": "MU.AN.NA",
"id": "P334024.l00e42",
"ref": "P334024.37.1",
"inst": "šattu[year]N",
"sig": "@saao/saa10%akk-x-neoass:MU.AN.NA=šattu[year//year]N'N$šattu",
"f": {"lang": "akk-x-neoass",
"form": "MU.AN.NA",
"cf": "šattu",
"gw": "year",
"sense": "year",
"norm": "šattu",
"pos": "N",
"epos": "N"}
}
,
{
"node": "l",
"frag": "di-ri",
"id": "P334024.l00e43",
"ref": "P334024.37.2",
"inst": "+dīru[intercalation]N$dīri",
"sig": "@saao/saa10%akk-x-neoass:di-ri=dīru[intercalation//intercalation]N'N$dīri",
"f": {"lang": "akk-x-neoass",
"form": "di-ri",
"cf": "dīru",
"gw": "intercalation",
"sense": "intercalation",
"norm": "dīri",
"pos": "N",
"epos": "N"}
}
,
{
"node": "l",
"frag": "ši-i",
"id": "P334024.l00e44",
"ref": "P334024.37.3",
"inst": "šî[it]IP",
"sig": "@saao/saa10%akk-x-neoass:ši-i=šī[she//it]IP'IP$šî",
"f": {"lang": "akk-x-neoass",
"form": "ši-i",
"cf": "šī",
"gw": "she",
"sense": "it",
"norm": "šî",
"pos": "IP",
"epos": "IP"}
}
,
{
"node": "d",
"type": "line-start",
"ref": "P334024.38",
"n": "13",
"label": "r 13"}
,
{
"node": "l",
"frag": "ki-ma",
"id": "P334024.l00e45",
"ref": "P334024.38.1",
"inst": "+kīma[like//as soon as]PRP'MOD$",
"sig": "@saao/saa10%akk-x-neoass:ki-ma=kīma[like//as soon as]PRP'MOD$kīma",
"f": {"lang": "akk-x-neoass",
"form": "ki-ma",
"cf": "kīma",
"gw": "like",
"sense": "as soon as",
"norm": "kīma",
"pos": "PRP",
"epos": "MOD"}
}
,
{
"node": "l",
"frag": "{mul}SAG.ME.GAR",
"id": "P334024.l00e46",
"ref": "P334024.38.2",
"inst": "Sagmegar[Jupiter]CN",
"sig": "@saao/saa10%akk-x-neoass:{MUL}SAG.ME.GAR=Sagmegar[Jupiter//Jupiter]CN'CN$Sagmegar",
"f": {"lang": "akk-x-neoass",
"form": "{MUL}SAG.ME.GAR",
"cf": "Sagmegar",
"gw": "Jupiter",
"sense": "Jupiter",
"norm": "Sagmegar",
"pos": "CN",
"epos": "CN"}
}
,
{
"node": "d",
"type": "line-start",
"ref": "P334024.39",
"n": "14",
"label": "r 14"}
,
{
"node": "l",
"frag": "it-ta-mar",
"id": "P334024.l00e47",
"ref": "P334024.39.1",
"inst": "+amāru[see//be(come) visible]V'V$ittammar",
"sig": "@saao/saa10%akk-x-neoass:it-ta-mar=amāru[see//be(come) visible]V'V$ittammar",
"f": {"lang": "akk-x-neoass",
"form": "it-ta-mar",
"cf": "amāru",
"gw": "see",
"sense": "be(come) visible",
"norm": "ittammar",
"pos": "V",
"epos": "V"}
}
,
{
"node": "l",
"frag": "a-na",
"id": "P334024.l00e48",
"ref": "P334024.39.2",
"inst": "ana[to]PRP",
"sig": "@saao/saa10%akk-x-neoass:a-na=ana[to//to]PRP'PRP$ana",
"f": {"lang": "akk-x-neoass",
"form": "a-na",
"cf": "ana",
"gw": "to",
"sense": "to",
"norm": "ana",
"pos": "PRP",
"epos": "PRP"}
}
,
{
"node": "l",
"frag": "LUGAL",
"id": "P334024.l00e49",
"ref": "P334024.39.3",
"inst": "šarri[king]N",
"sig": "@saao/saa10%akk-x-neoass:LUGAL=šarru[king//king]N'N$šarri",
"f": {"lang": "akk-x-neoass",
"form": "LUGAL",
"cf": "šarru",
"gw": "king",
"sense": "king",
"norm": "šarri",
"pos": "N",
"epos": "N"}
}
,
{
"node": "l",
"frag": "EN-ia",
"id": "P334024.l00e4a",
"ref": "P334024.39.4",
"inst": "bēlīya[lord]N",
"sig": "@saao/saa10%akk-x-neoass:EN-ia=bēlu[lord//lord]N'N$bēlīya",
"f": {"lang": "akk-x-neoass",
"form": "EN-ia",
"cf": "bēlu",
"gw": "lord",
"sense": "lord",
"norm": "bēlīya",
"pos": "N",
"epos": "N"}
}
,
{
"node": "d",
"type": "line-start",
"ref": "P334024.40",
"n": "15",
"label": "r 15"}
,
{
"node": "l",
"frag": "a-šap-pa-ra",
"id": "P334024.l00e4b",
"ref": "P334024.40.1",
"inst": "ašappāra[write]V",
"sig": "@saao/saa10%akk-x-neoass:a-šap-pa-ra=šapāru[send//write]V'V$ašappāra",
"f": {"lang": "akk-x-neoass",
"form": "a-šap-pa-ra",
"cf": "šapāru",
"gw": "send",
"sense": "write",
"norm": "ašappāra",
"pos": "V",
"epos": "V"}
}
,
{
"node": "l",
"frag": "ina",
"id": "P334024.l00e4c",
"ref": "P334024.40.2",
"inst": "ina[in]PRP",
"sig": "@saao/saa10%akk-x-neoass:ina=ina[in//from]PRP'PRP$ina",
"f": {"lang": "akk-x-neoass",
"form": "ina",
"cf": "ina",
"gw": "in",
"sense": "from",
"norm": "ina",
"pos": "PRP",
"epos": "PRP"}
}
,
{
"node": "l",
"frag": "pa-ni",
"id": "P334024.l00e4d",
"ref": "P334024.40.3",
"inst": "pāni[front]N",
"sig": "@saao/saa10%akk-x-neoass:pa-ni=pānu[front//front]N'N$pāni",
"f": {"lang": "akk-x-neoass",
"form": "pa-ni",
"cf": "pānu",
"gw": "front",
"sense": "front",
"norm": "pāni",
"pos": "N",
"epos": "N"}
}
,
{
"node": "d",
"type": "line-start",
"ref": "P334024.41",
"n": "16",
"label": "r 16"}
,
{
"node": "l",
"frag": "a-da-gal",
"id": "P334024.l00e4e",
"ref": "P334024.41.1",
"inst": "+dagālu[see//wait]V'V$adaggal",
"sig": "@saao/saa10%akk-x-neoass:a-da-gal=dagālu[see//wait]V'V$adaggal",
"f": {"lang": "akk-x-neoass",
"form": "a-da-gal",
"cf": "dagālu",
"gw": "see",
"sense": "wait",
"norm": "adaggal",
"pos": "V",
"epos": "V"}
}
,
{
"node": "l",
"frag": "ITI",
"id": "P334024.l00e4f",
"ref": "P334024.41.2",
"inst": "urhu[month]N",
"sig": "@saao/saa10%akk-x-neoass:ITI=arhu[month//month]N'N$urhu",
"f": {"lang": "akk-x-neoass",
"form": "ITI",
"cf": "arhu",
"gw": "month",
"sense": "month",
"norm": "urhu",
"pos": "N",
"epos": "N"}
}
,
{
"node": "l",
"frag": "an-ni-i-u₂",
"id": "P334024.l00e50",
"ref": "P334024.41.3",
"inst": "annīu[this]DP",
"sig": "@saao/saa10%akk-x-neoass:an-ni-i-u₂=annû[this//this]DP'DP$annīu",
"f": {"lang": "akk-x-neoass",
"form": "an-ni-i-u₂",
"cf": "annû",
"gw": "this",
"sense": "this",
"norm": "annīu",
"pos": "DP",
"epos": "DP"}
}
,
{
"node": "d",
"type": "line-start",
"ref": "P334024.42",
"n": "17",
"label": "r 17"}
,
{
"node": "l",
"frag": "u₂-gam-ma-ra",
"id": "P334024.l00e51",
"ref": "P334024.42.1",
"inst": "+gamāru[complete//finish]V'V$ugammāra",
"sig": "@saao/saa10%akk-x-neoass:u₂-gam-ma-ra=gamāru[complete//finish]V'V$ugammāra",
"f": {"lang": "akk-x-neoass",
"form": "u₂-gam-ma-ra",
"cf": "gamāru",
"gw": "complete",
"sense": "finish",
"norm": "ugammāra",
"pos": "V",
"epos": "V"}
}
,
{
"node": "l",
"frag": "a-ke-e",
"id": "P334024.l00e52",
"ref": "P334024.42.2",
"inst": "akê[how?]QP",
"sig": "@saao/saa10%akk-x-neoass:a-ke-e=kē[how?//how?]QP'QP$akê",
"f": {"lang": "akk-x-neoass",
"form": "a-ke-e",
"cf": "kē",
"gw": "how?",
"sense": "how?",
"norm": "akê",
"pos": "QP",
"epos": "QP"}
}
,
{
"node": "d",
"type": "line-start",
"ref": "P334024.43",
"n": "18",
"label": "r 18"}
,
{
"node": "l",
"frag": "ši-ti-i-ni",
"id": "P334024.l00e53",
"ref": "P334024.43.1",
"inst": "šītīni[it]IP",
"sig": "@saao/saa10%akk-x-neoass:ši-ti-i-ni=šīti[she//it]IP'IP$šītīni",
"f": {"lang": "akk-x-neoass",
"form": "ši-ti-i-ni",
"cf": "šīti",
"gw": "she",
"sense": "it",
"norm": "šītīni",
"pos": "IP",
"epos": "IP"}
}
,
{
"node": "d",
"type": "line-start",
"ref": "P334024.44",
"n": "19",
"label": "r 19"}
,
{
"node": "l",
"frag": "ina",
"id": "P334024.l00e54",
"ref": "P334024.44.1",
"inst": "ina[in]PRP",
"sig": "@saao/saa10%akk-x-neoass:ina=ina[in//from]PRP'PRP$ina",
"f": {"lang": "akk-x-neoass",
"form": "ina",
"cf": "ina",
"gw": "in",
"sense": "from",
"norm": "ina",
"pos": "PRP",
"epos": "PRP"}
}
,
{
"node": "l",
"frag": "ŠA₃-bi",
"id": "P334024.l00e55",
"ref": "P334024.44.2",
"inst": "libbi[interior]N",
"sig": "@saao/saa10%akk-x-neoass:ŠA₃-bi=libbu[interior//interior]N'N$libbi",
"f": {"lang": "akk-x-neoass",
"form": "ŠA₃-bi",
"cf": "libbu",
"gw": "interior",
"sense": "interior",
"norm": "libbi",
"pos": "N",
"epos": "N"}
}
,
{
"node": "l",
"frag": "ne₂-em-mar",
"id": "P334024.l00e56",
"ref": "P334024.44.3",
"inst": "nemmar[see]V",
"sig": "@saao/saa10%akk-x-neoass:ne₂-em-mar=amāru[see//see]V'V$nemmar",
"f": {"lang": "akk-x-neoass",
"form": "ne₂-em-mar",
"cf": "amāru",
"gw": "see",
"sense": "see",
"norm": "nemmar",
"pos": "V",
"epos": "V"}
}
,
{
"node": "d",
"type": "line-start",
"ref": "P334024.45",
"n": "20",
"label": "r 20"}
,
{
"node": "l",
"frag": "im-ma-te",
"id": "P334024.l00e57",
"ref": "P334024.45.1",
"cof-tails": "P334024.l00e58",
"inst": "+ina[in+=when]PRP$&+mati[when?]QP$mate",
"sig": "@saao/saa10%akk-x-neoass:im-ma-te=ina[in//in]PRP'PRP$ina&&@saao/saa10%akk-x-neoass:=mati[when?//when?]QP'QP$mate",
"f": {"lang": "akk-x-neoass",
"form": "im-ma-te",
"cf": "ina",
"gw": "in",
"sense": "in",
"norm": "ina",
"pos": "PRP",
"epos": "PRP"}
}
,
{
"node": "l",
"frag": "im-ma-te",
"id": "P334024.l00e58",
"ref": "P334024.45.1",
"cof-head": "P334024.l00e57",
"inst": "+ina[in+=when]PRP$&+mati[when?]QP$mate",
"f": {"lang": "akk-x-neoass",
"form": "im-ma-te",
"cf": "mati",
"gw": "when?",
"sense": "when?",
"norm": "mate",
"pos": "QP",
"epos": "QP"}
}
,
{
"node": "l",
"frag": "ni-da-ra-ru-ni",
"id": "P334024.l00e59",
"ref": "P334024.45.2",
"inst": "+darāru[intercalate a month]V$nidarrarūni",
"sig": "@saao/saa10%akk-x-neoass:ni-da-ra-ru-ni=darāru[intercalate a month//intercalate a month]V'V$nidarrarūni",
"f": {"lang": "akk-x-neoass",
"form": "ni-da-ra-ru-ni",
"cf": "darāru",
"gw": "intercalate a month",
"sense": "intercalate a month",
"norm": "nidarrarūni",
"pos": "V",
"epos": "V"}
}
]}
]}
]}
,
{
"linkbase": [{
"type": "linkset",
"xlink_title": "ina mati[when?//when?]QP'QP",
"id": "P334024.ls00000",
"xlink_type": "extended",
"xlink_role": "psu",
"sig": "{im-ma-te = ina[in]PRP mati[when?]QP += ina mati[when?//when?]QP'QP}::@saao/saa10%akk-x-neoass:im-ma-te=ina[in//in]PRP'PRP$ina++@saao/saa10%akk-x-neoass:im-ma-te=mati[when?//when?]QP'QP$mate",
"links": [
{
"type": "link",
"xlink_title": "ina",
"xlink_type": "locator",
"xlink_href": "#P334024.l00e05",
"xlink_role": "elt"}
,
{
"type": "link",
"xlink_title": "mati",
"xlink_type": "locator",
"xlink_href": "#P334024.l00e06",
"xlink_role": "elt"}
]}
]}
]}
