{
"type": "cdl",
  "source": "http://oracc.org/saao/saa10",
  "license": "This data is released under the CC0 license",
  "license-url": "https://creativecommons.org/publicdomain/zero/1.0/",
  "more-info": "http://oracc.org/doc/opendata/",
  "UTC-timestamp": "2017-05-19T11:42:52",
"project": "saao/saa10",
"textid": "P334485",
"cdl": [
{
"node": "c",
"type": "text",
"id": "P334485.U0",
"cdl": [
{
"node": "d",
"type": "object",
"ref": ""}
,
{
"node": "d",
"subtype": "obverse",
"type": "surface",
"ref": "P334485.o.1",
"type": "obverse",
"label": "o"}
,
{
"node": "c",
"type": "discourse",
"subtype": "body",
"id": "P334485.U1",
"cdl": [
{
"node": "c",
"type": "sentence",
"id": "P334485.U2",
"label": "o 1 - e. 3",
"cdl": [
{
"node": "d",
"type": "line-start",
"ref": "P334485.2",
"n": "1",
"label": "o 1"}
,
{
"node": "l",
"frag": "a-na",
"id": "P334485.l00eea",
"ref": "P334485.2.1",
"inst": "ana[to]PRP",
"sig": "@saao/saa10%akk-x-neoass:a-na=ana[to//to]PRP'PRP$ana",
"f": {"lang": "akk-x-neoass",
"form": "a-na",
"cf": "ana",
"gw": "to",
"sense": "to",
"norm": "ana",
"pos": "PRP",
"epos": "PRP"}
}
,
{
"node": "l",
"frag": "LUGAL",
"id": "P334485.l00eeb",
"ref": "P334485.2.2",
"inst": "šarri[king]N",
"sig": "@saao/saa10%akk-x-neoass:LUGAL=šarru[king//king]N'N$šarri",
"f": {"lang": "akk-x-neoass",
"form": "LUGAL",
"cf": "šarru",
"gw": "king",
"sense": "king",
"norm": "šarri",
"pos": "N",
"epos": "N"}
}
,
{
"node": "l",
"frag": "EN-ia",
"id": "P334485.l00eec",
"ref": "P334485.2.3",
"inst": "bēlīya[lord]N",
"sig": "@saao/saa10%akk-x-neoass:EN-ia=bēlu[lord//lord]N'N$bēlīya",
"f": {"lang": "akk-x-neoass",
"form": "EN-ia",
"cf": "bēlu",
"gw": "lord",
"sense": "lord",
"norm": "bēlīya",
"pos": "N",
"epos": "N"}
}
,
{
"node": "d",
"type": "line-start",
"ref": "P334485.3",
"n": "2",
"label": "o 2"}
,
{
"node": "l",
"frag": "ARAD-ka",
"id": "P334485.l00eed",
"ref": "P334485.3.1",
"inst": "urdaka[servant]N",
"sig": "@saao/saa10%akk-x-neoass:ARAD-ka=ardu[slave//servant]N'N$urdaka",
"f": {"lang": "akk-x-neoass",
"form": "ARAD-ka",
"cf": "ardu",
"gw": "slave",
"sense": "servant",
"norm": "urdaka",
"pos": "N",
"epos": "N"}
}
,
{
"node": "l",
"frag": "{1}ba-la-si-i",
"id": "P334485.l00eee",
"ref": "P334485.3.2",
"inst": "Balasi[1]PN",
"sig": "@saao/saa10%akk-x-neoass:{1}ba-la-si-i=Balasi[1//1]PN'PN$Balasi",
"f": {"lang": "akk-x-neoass",
"form": "{1}ba-la-si-i",
"cf": "Balasi",
"gw": "1",
"sense": "1",
"norm": "Balasi",
"pos": "PN",
"epos": "PN"}
}
,
{
"node": "d",
"type": "line-start",
"ref": "P334485.4",
"n": "3",
"label": "o 3"}
,
{
"node": "l",
"frag": "lu-u",
"id": "P334485.l00eef",
"ref": "P334485.4.1",
"inst": "lū[may]MOD",
"sig": "@saao/saa10%akk-x-neoass:lu-u=lū[may//may]MOD'MOD$lū",
"f": {"lang": "akk-x-neoass",
"form": "lu-u",
"cf": "lū",
"gw": "may",
"sense": "may",
"norm": "lū",
"pos": "MOD",
"epos": "MOD"}
}
,
{
"node": "l",
"frag": "DI-mu",
"id": "P334485.l00ef0",
"ref": "P334485.4.2",
"inst": "šulmu[health]N",
"sig": "@saao/saa10%akk-x-neoass:DI-mu=šulmu[completeness//health]N'N$šulmu",
"f": {"lang": "akk-x-neoass",
"form": "DI-mu",
"cf": "šulmu",
"gw": "completeness",
"sense": "health",
"norm": "šulmu",
"pos": "N",
"epos": "N"}
}
,
{
"node": "l",
"frag": "a-na",
"id": "P334485.l00ef1",
"ref": "P334485.4.3",
"inst": "ana[to]PRP",
"sig": "@saao/saa10%akk-x-neoass:a-na=ana[to//to]PRP'PRP$ana",
"f": {"lang": "akk-x-neoass",
"form": "a-na",
"cf": "ana",
"gw": "to",
"sense": "to",
"norm": "ana",
"pos": "PRP",
"epos": "PRP"}
}
,
{
"node": "l",
"frag": "LUGAL",
"id": "P334485.l00ef2",
"ref": "P334485.4.4",
"inst": "šarri[king]N",
"sig": "@saao/saa10%akk-x-neoass:LUGAL=šarru[king//king]N'N$šarri",
"f": {"lang": "akk-x-neoass",
"form": "LUGAL",
"cf": "šarru",
"gw": "king",
"sense": "king",
"norm": "šarri",
"pos": "N",
"epos": "N"}
}
,
{
"node": "d",
"type": "line-start",
"ref": "P334485.5",
"n": "4",
"label": "o 4"}
,
{
"node": "l",
"frag": "EN-ia",
"id": "P334485.l00ef3",
"ref": "P334485.5.1",
"inst": "bēlīya[lord]N",
"sig": "@saao/saa10%akk-x-neoass:EN-ia=bēlu[lord//lord]N'N$bēlīya",
"f": {"lang": "akk-x-neoass",
"form": "EN-ia",
"cf": "bēlu",
"gw": "lord",
"sense": "lord",
"norm": "bēlīya",
"pos": "N",
"epos": "N"}
}
,
{
"node": "l",
"frag": "{d}PA",
"id": "P334485.l00ef4",
"ref": "P334485.5.2",
"inst": "Nabu[1]DN",
"sig": "@saao/saa10%akk-x-neoass:{d}PA=Nabu[1//1]DN'DN$Nabu",
"f": {"lang": "akk-x-neoass",
"form": "{d}PA",
"cf": "Nabu",
"gw": "1",
"sense": "1",
"norm": "Nabu",
"pos": "DN",
"epos": "DN"}
}
,
{
"node": "l",
"frag": "{d}AMAR.UTU",
"id": "P334485.l00ef5",
"ref": "P334485.5.3",
"inst": "Marduk[1]DN",
"sig": "@saao/saa10%akk-x-neoass:{d}AMAR.UTU=Marduk[1//1]DN'DN$Marduk",
"f": {"lang": "akk-x-neoass",
"form": "{d}AMAR.UTU",
"cf": "Marduk",
"gw": "1",
"sense": "1",
"norm": "Marduk",
"pos": "DN",
"epos": "DN"}
}
,
{
"node": "d",
"type": "line-start",
"ref": "P334485.6",
"n": "5",
"label": "o 5"}
,
{
"node": "l",
"frag": "a-na",
"id": "P334485.l00ef6",
"ref": "P334485.6.1",
"inst": "ana[to]PRP",
"sig": "@saao/saa10%akk-x-neoass:a-na=ana[to//to]PRP'PRP$ana",
"f": {"lang": "akk-x-neoass",
"form": "a-na",
"cf": "ana",
"gw": "to",
"sense": "to",
"norm": "ana",
"pos": "PRP",
"epos": "PRP"}
}
,
{
"node": "l",
"frag": "LUGAL",
"id": "P334485.l00ef7",
"ref": "P334485.6.2",
"inst": "šarri[king]N",
"sig": "@saao/saa10%akk-x-neoass:LUGAL=šarru[king//king]N'N$šarri",
"f": {"lang": "akk-x-neoass",
"form": "LUGAL",
"cf": "šarru",
"gw": "king",
"sense": "king",
"norm": "šarri",
"pos": "N",
"epos": "N"}
}
,
{
"node": "l",
"frag": "EN-ia",
"id": "P334485.l00ef8",
"ref": "P334485.6.3",
"inst": "bēlīya[lord]N",
"sig": "@saao/saa10%akk-x-neoass:EN-ia=bēlu[lord//lord]N'N$bēlīya",
"f": {"lang": "akk-x-neoass",
"form": "EN-ia",
"cf": "bēlu",
"gw": "lord",
"sense": "lord",
"norm": "bēlīya",
"pos": "N",
"epos": "N"}
}
,
{
"node": "d",
"type": "line-start",
"ref": "P334485.7",
"n": "6",
"label": "o 6"}
,
{
"node": "l",
"frag": "lik-ru-bu",
"id": "P334485.l00ef9",
"ref": "P334485.7.1",
"inst": "likrubu[bless]V",
"sig": "@saao/saa10%akk-x-neoass:lik-ru-bu=karābu[pray//bless]V'V$likrubu",
"f": {"lang": "akk-x-neoass",
"form": "lik-ru-bu",
"cf": "karābu",
"gw": "pray",
"sense": "bless",
"norm": "likrubu",
"pos": "V",
"epos": "V"}
}
,
{
"node": "l",
"frag": "ina",
"id": "P334485.l00efa",
"ref": "P334485.7.2",
"inst": "ina[in]PRP",
"sig": "@saao/saa10%akk-x-neoass:ina=ina[in//from]PRP'PRP$ina",
"f": {"lang": "akk-x-neoass",
"form": "ina",
"cf": "ina",
"gw": "in",
"sense": "from",
"norm": "ina",
"pos": "PRP",
"epos": "PRP"}
}
,
{
"node": "l",
"frag": "UGU",
"id": "P334485.l00efb",
"ref": "P334485.7.3",
"inst": "muhhi[skull]N",
"sig": "@saao/saa10%akk-x-neoass:UGU=muhhu[skull//skull]N'N$muhhi",
"f": {"lang": "akk-x-neoass",
"form": "UGU",
"cf": "muhhu",
"gw": "skull",
"sense": "skull",
"norm": "muhhi",
"pos": "N",
"epos": "N"}
}
,
{
"node": "l",
"frag": "ša₂",
"id": "P334485.l00efc",
"ref": "P334485.7.4",
"inst": "ša[what]REL",
"sig": "@saao/saa10%akk-x-neoass:ša₂=ša[that//what]REL'REL$ša",
"f": {"lang": "akk-x-neoass",
"form": "ša₂",
"cf": "ša",
"gw": "that",
"sense": "what",
"norm": "ša",
"pos": "REL",
"epos": "REL"}
}
,
{
"node": "l",
"frag": "LUGAL",
"id": "P334485.l00efd",
"ref": "P334485.7.5",
"inst": "šarru[king]N",
"sig": "@saao/saa10%akk-x-neoass:LUGAL=šarru[king//king]N'N$šarru",
"f": {"lang": "akk-x-neoass",
"form": "LUGAL",
"cf": "šarru",
"gw": "king",
"sense": "king",
"norm": "šarru",
"pos": "N",
"epos": "N"}
}
,
{
"node": "d",
"type": "line-start",
"ref": "P334485.8",
"n": "7",
"label": "o 7"}
,
{
"node": "l",
"frag": "iš-pur-an-ni",
"id": "P334485.l00efe",
"ref": "P334485.8.1",
"inst": "išpuranni[write]V",
"sig": "@saao/saa10%akk-x-neoass:iš-pur-an-ni=šapāru[send//write]V'V$išpuranni",
"f": {"lang": "akk-x-neoass",
"form": "iš-pur-an-ni",
"cf": "šapāru",
"gw": "send",
"sense": "write",
"norm": "išpuranni",
"pos": "V",
"epos": "V"}
}
,
{
"node": "l",
"frag": "ma-a",
"id": "P334485.l00eff",
"ref": "P334485.8.2",
"inst": "mā[saying]PRP",
"sig": "@saao/saa10%akk-x-neoass:ma-a=mā[saying//saying]PRP'PRP$mā",
"f": {"lang": "akk-x-neoass",
"form": "ma-a",
"cf": "mā",
"gw": "saying",
"sense": "saying",
"norm": "mā",
"pos": "PRP",
"epos": "PRP"}
}
,
{
"node": "d",
"type": "line-start",
"ref": "P334485.9",
"n": "8",
"label": "o 8"}
,
{
"node": "l",
"frag": "me-me-ni",
"id": "P334485.l00f00",
"ref": "P334485.9.1",
"inst": "+memēni[somebody//something]XP'XP$memmēni",
"sig": "@saao/saa10%akk-x-neoass:me-me-ni=memēni[somebody//something]XP'XP$memmēni",
"f": {"lang": "akk-x-neoass",
"form": "me-me-ni",
"cf": "memēni",
"gw": "somebody",
"sense": "something",
"norm": "memmēni",
"pos": "XP",
"epos": "XP"}
}
,
{
"node": "l",
"frag": "i-ba-aš₂-ši",
"id": "P334485.l00f01",
"ref": "P334485.9.2",
"inst": "ibašši[really]'AV",
"sig": "@saao/saa10%akk-x-neoass:i-ba-aš₂-ši=bašû[exist//really]V'AV$ibašši",
"f": {"lang": "akk-x-neoass",
"form": "i-ba-aš₂-ši",
"cf": "bašû",
"gw": "exist",
"sense": "really",
"norm": "ibašši",
"pos": "V",
"epos": "AV"}
}
,
{
"node": "d",
"type": "line-start",
"ref": "P334485.10",
"n": "9",
"label": "o 9"}
,
{
"node": "l",
"frag": "ina",
"id": "P334485.l00f02",
"ref": "P334485.10.1",
"inst": "ina[in]PRP",
"sig": "@saao/saa10%akk-x-neoass:ina=ina[in//from]PRP'PRP$ina",
"f": {"lang": "akk-x-neoass",
"form": "ina",
"cf": "ina",
"gw": "in",
"sense": "from",
"norm": "ina",
"pos": "PRP",
"epos": "PRP"}
}
,
{
"node": "l",
"frag": "AN-e",
"id": "P334485.l00f03",
"ref": "P334485.10.2",
"inst": "šamê[sky]N",
"sig": "@saao/saa10%akk-x-neoass:AN-e=šamû[sky//heaven]N'N$šamê",
"f": {"lang": "akk-x-neoass",
"form": "AN-e",
"cf": "šamû",
"gw": "sky",
"sense": "heaven",
"norm": "šamê",
"pos": "N",
"epos": "N"}
}
,
{
"node": "l",
"frag": "ta-ta-ma-ra",
"id": "P334485.l00f04",
"ref": "P334485.10.3",
"inst": "+amāru[see]V$tātamāra",
"sig": "@saao/saa10%akk-x-neoass:ta-ta-ma-ra=amāru[see//see]V'V$tātamāra",
"f": {"lang": "akk-x-neoass",
"form": "ta-ta-ma-ra",
"cf": "amāru",
"gw": "see",
"sense": "see",
"norm": "tātamāra",
"pos": "V",
"epos": "V"}
}
,
{
"node": "d",
"type": "line-start",
"ref": "P334485.11",
"n": "10",
"label": "o 10"}
,
{
"node": "l",
"frag": "a-na-ku",
"id": "P334485.l00f05",
"ref": "P334485.11.1",
"inst": "anāku[I]IP",
"sig": "@saao/saa10%akk-x-neoass:a-na-ku=anāku[I//I]IP'IP$anāku",
"f": {"lang": "akk-x-neoass",
"form": "a-na-ku",
"cf": "anāku",
"gw": "I",
"sense": "I",
"norm": "anāku",
"pos": "IP",
"epos": "IP"}
}
,
{
"node": "l",
"frag": "IGI.2-ia",
"id": "P334485.l00f06",
"ref": "P334485.11.2",
"inst": "+īnu[eye]N$ēnīya",
"sig": "@saao/saa10%akk-x-neoass:IGI.2-ia=īnu[eye//eye]N'N$ēnīya",
"f": {"lang": "akk-x-neoass",
"form": "IGI.2-ia",
"cf": "īnu",
"gw": "eye",
"sense": "eye",
"norm": "ēnīya",
"pos": "N",
"epos": "N"}
}
,
{
"node": "d",
"type": "line-start",
"ref": "P334485.12",
"n": "11",
"label": "o 11"}
,
{
"node": "l",
"frag": "ša₂-ak-na",
"id": "P334485.l00f07",
"ref": "P334485.12.1",
"inst": "šakna[placed]AJ",
"sig": "@saao/saa10%akk-x-neoass:ša₂-ak-na=šaknu[placed//placed]AJ'AJ$šakna",
"f": {"lang": "akk-x-neoass",
"form": "ša₂-ak-na",
"cf": "šaknu",
"gw": "placed",
"sense": "placed",
"norm": "šakna",
"pos": "AJ",
"epos": "AJ"}
}
,
{
"node": "l",
"frag": "mu-uk",
"id": "P334485.l00f08",
"ref": "P334485.12.2",
"inst": "muk[saying]PRP",
"sig": "@saao/saa10%akk-x-neoass:mu-uk=muk[saying//saying]PRP'PRP$muk",
"f": {"lang": "akk-x-neoass",
"form": "mu-uk",
"cf": "muk",
"gw": "saying",
"sense": "saying",
"norm": "muk",
"pos": "PRP",
"epos": "PRP"}
}
,
{
"node": "d",
"type": "line-start",
"ref": "P334485.13",
"n": "12",
"label": "o 12"}
,
{
"node": "l",
"frag": "man-nu",
"id": "P334485.l00f09",
"ref": "P334485.13.1",
"inst": "+mannu[who?//whoever]QP'XP$",
"sig": "@saao/saa10%akk-x-neoass:man-nu=mannu[who?//whoever]QP'XP$mannu",
"f": {"lang": "akk-x-neoass",
"form": "man-nu",
"cf": "mannu",
"gw": "who?",
"sense": "whoever",
"norm": "mannu",
"pos": "QP",
"epos": "XP"}
}
,
{
"node": "l",
"frag": "me-me-ni",
"id": "P334485.l00f0a",
"ref": "P334485.13.2",
"inst": "memmēni[anything]XP",
"sig": "@saao/saa10%akk-x-neoass:me-me-ni=memēni[somebody//anything]XP'XP$memmēni",
"f": {"lang": "akk-x-neoass",
"form": "me-me-ni",
"cf": "memēni",
"gw": "somebody",
"sense": "anything",
"norm": "memmēni",
"pos": "XP",
"epos": "XP"}
}
,
{
"node": "l",
"frag": "la",
"id": "P334485.l00f0b",
"ref": "P334485.13.3",
"inst": "lā[not]MOD",
"sig": "@saao/saa10%akk-x-neoass:la=lā[not//not]MOD'MOD$lā",
"f": {"lang": "akk-x-neoass",
"form": "la",
"cf": "lā",
"gw": "not",
"sense": "not",
"norm": "lā",
"pos": "MOD",
"epos": "MOD"}
}
,
{
"node": "l",
"frag": "a-mur",
"id": "P334485.l00f0c",
"ref": "P334485.13.4",
"inst": "+amāru[see]V$āmur",
"sig": "@saao/saa10%akk-x-neoass:a-mur=amāru[see//see]V'V$āmur",
"f": {"lang": "akk-x-neoass",
"form": "a-mur",
"cf": "amāru",
"gw": "see",
"sense": "see",
"norm": "āmur",
"pos": "V",
"epos": "V"}
}
,
{
"node": "d",
"type": "line-start",
"ref": "P334485.14",
"n": "13",
"label": "o 13"}
,
{
"node": "l",
"frag": "a-na",
"id": "P334485.l00f0d",
"ref": "P334485.14.1",
"inst": "ana[to]PRP",
"sig": "@saao/saa10%akk-x-neoass:a-na=ana[to//to]PRP'PRP$ana",
"f": {"lang": "akk-x-neoass",
"form": "a-na",
"cf": "ana",
"gw": "to",
"sense": "to",
"norm": "ana",
"pos": "PRP",
"epos": "PRP"}
}
,
{
"node": "l",
"frag": "LUGAL",
"id": "P334485.l00f0e",
"ref": "P334485.14.2",
"inst": "šarri[king]N",
"sig": "@saao/saa10%akk-x-neoass:LUGAL=šarru[king//king]N'N$šarri",
"f": {"lang": "akk-x-neoass",
"form": "LUGAL",
"cf": "šarru",
"gw": "king",
"sense": "king",
"norm": "šarri",
"pos": "N",
"epos": "N"}
}
,
{
"node": "l",
"frag": "la",
"id": "P334485.l00f0f",
"ref": "P334485.14.3",
"inst": "lā[not]MOD",
"sig": "@saao/saa10%akk-x-neoass:la=lā[not//not]MOD'MOD$lā",
"f": {"lang": "akk-x-neoass",
"form": "la",
"cf": "lā",
"gw": "not",
"sense": "not",
"norm": "lā",
"pos": "MOD",
"epos": "MOD"}
}
,
{
"node": "l",
"frag": "aš₂-pur",
"id": "P334485.l00f10",
"ref": "P334485.14.4",
"inst": "+šapāru[send//write]V'V$ašpur",
"sig": "@saao/saa10%akk-x-neoass:aš₂-pur=šapāru[send//write]V'V$ašpur",
"f": {"lang": "akk-x-neoass",
"form": "aš₂-pur",
"cf": "šapāru",
"gw": "send",
"sense": "write",
"norm": "ašpur",
"pos": "V",
"epos": "V"}
}
,
{
"node": "d",
"type": "line-start",
"ref": "P334485.15",
"n": "14",
"label": "o 14"}
,
{
"node": "l",
"frag": "la",
"id": "P334485.l00f11",
"ref": "P334485.15.1",
"inst": "lā[not]MOD",
"sig": "@saao/saa10%akk-x-neoass:la=lā[not//not]MOD'MOD$lā",
"f": {"lang": "akk-x-neoass",
"form": "la",
"cf": "lā",
"gw": "not",
"sense": "not",
"norm": "lā",
"pos": "MOD",
"epos": "MOD"}
}
,
{
"node": "l",
"frag": "iš-qu-⸢ma⸣",
"id": "P334485.l00f12",
"ref": "P334485.15.2",
"inst": "+šaqû[be(come) high//rise]V'V$išqūma",
"sig": "@saao/saa10%akk-x-neoass:iš-qu-ma=šaqû[be(come) high//rise]V'V$išqūma",
"f": {"lang": "akk-x-neoass",
"form": "iš-qu-ma",
"cf": "šaqû",
"gw": "be(come) high",
"sense": "rise",
"norm": "išqūma",
"pos": "V",
"epos": "V"}
}
,
{
"node": "d",
"type": "line-start",
"ref": "P334485.16",
"n": "15",
"label": "o 15"}
,
{
"node": "l",
"frag": "la",
"id": "P334485.l00f13",
"ref": "P334485.16.1",
"inst": "lā[not]MOD",
"sig": "@saao/saa10%akk-x-neoass:la=lā[not//not]MOD'MOD$lā",
"f": {"lang": "akk-x-neoass",
"form": "la",
"cf": "lā",
"gw": "not",
"sense": "not",
"norm": "lā",
"pos": "MOD",
"epos": "MOD"}
}
,
{
"node": "l",
"frag": "a-mur",
"id": "P334485.l00f14",
"ref": "P334485.16.2",
"inst": "+amāru[see]V$āmur",
"sig": "@saao/saa10%akk-x-neoass:a-mur=amāru[see//see]V'V$āmur",
"f": {"lang": "akk-x-neoass",
"form": "a-mur",
"cf": "amāru",
"gw": "see",
"sense": "see",
"norm": "āmur",
"pos": "V",
"epos": "V"}
}
,
{
"node": "d",
"subtype": "reverse",
"type": "surface",
"ref": "P334485.r.17",
"type": "reverse",
"label": "r"}
,
{
"node": "d",
"type": "line-start",
"ref": "P334485.18",
"n": "1",
"label": "r 1"}
,
{
"node": "l",
"frag": "ina",
"id": "P334485.l00f15",
"ref": "P334485.18.1",
"inst": "ina[in]PRP",
"sig": "@saao/saa10%akk-x-neoass:ina=ina[in//from]PRP'PRP$ina",
"f": {"lang": "akk-x-neoass",
"form": "ina",
"cf": "ina",
"gw": "in",
"sense": "from",
"norm": "ina",
"pos": "PRP",
"epos": "PRP"}
}
,
{
"node": "l",
"frag": "UGU",
"id": "P334485.l00f16",
"ref": "P334485.18.2",
"inst": "muhhi[skull]N",
"sig": "@saao/saa10%akk-x-neoass:UGU=muhhu[skull//skull]N'N$muhhi",
"f": {"lang": "akk-x-neoass",
"form": "UGU",
"cf": "muhhu",
"gw": "skull",
"sense": "skull",
"norm": "muhhi",
"pos": "N",
"epos": "N"}
}
,
{
"node": "l",
"frag": "ma-ṣar-ti",
"id": "P334485.l00f17",
"ref": "P334485.18.3",
"inst": "maṣṣarti[watch]N",
"sig": "@saao/saa10%akk-x-neoass:ma-ṣar-ti=maṣṣartu[observation//watch]N'N$maṣṣarti",
"f": {"lang": "akk-x-neoass",
"form": "ma-ṣar-ti",
"cf": "maṣṣartu",
"gw": "observation",
"sense": "watch",
"norm": "maṣṣarti",
"pos": "N",
"epos": "N"}
}
,
{
"node": "d",
"type": "line-start",
"ref": "P334485.19",
"n": "2",
"label": "r 2"}
,
{
"node": "l",
"frag": "ša₂",
"id": "P334485.l00f18",
"ref": "P334485.19.1",
"inst": "ša[of]DET",
"sig": "@saao/saa10%akk-x-neoass:ša₂=ša[of//of]DET'DET$ša",
"f": {"lang": "akk-x-neoass",
"form": "ša₂",
"cf": "ša",
"gw": "of",
"sense": "of",
"norm": "ša",
"pos": "DET",
"epos": "DET"}
}
,
{
"node": "l",
"frag": "{d}UTU",
"id": "P334485.l00f19",
"ref": "P334485.19.2",
"inst": "Šamaš[1]DN",
"sig": "@saao/saa10%akk-x-neoass:{d}UTU=Šamaš[1//1]DN'DN$Šamaš",
"f": {"lang": "akk-x-neoass",
"form": "{d}UTU",
"cf": "Šamaš",
"gw": "1",
"sense": "1",
"norm": "Šamaš",
"pos": "DN",
"epos": "DN"}
}
,
{
"node": "l",
"frag": "ša₂",
"id": "P334485.l00f1a",
"ref": "P334485.19.3",
"inst": "ša[which]REL",
"sig": "@saao/saa10%akk-x-neoass:ša₂=ša[that//which]REL'REL$ša",
"f": {"lang": "akk-x-neoass",
"form": "ša₂",
"cf": "ša",
"gw": "that",
"sense": "which",
"norm": "ša",
"pos": "REL",
"epos": "REL"}
}
,
{
"node": "l",
"frag": "LUGAL",
"id": "P334485.l00f1b",
"ref": "P334485.19.4",
"inst": "šarru[king]N",
"sig": "@saao/saa10%akk-x-neoass:LUGAL=šarru[king//king]N'N$šarru",
"f": {"lang": "akk-x-neoass",
"form": "LUGAL",
"cf": "šarru",
"gw": "king",
"sense": "king",
"norm": "šarru",
"pos": "N",
"epos": "N"}
}
,
{
"node": "l",
"frag": "be-li₂",
"id": "P334485.l00f1c",
"ref": "P334485.19.5",
"inst": "bēlī[lord]N",
"sig": "@saao/saa10%akk-x-neoass:be-li₂=bēlu[lord//lord]N'N$bēlī",
"f": {"lang": "akk-x-neoass",
"form": "be-li₂",
"cf": "bēlu",
"gw": "lord",
"sense": "lord",
"norm": "bēlī",
"pos": "N",
"epos": "N"}
}
,
{
"node": "d",
"type": "line-start",
"ref": "P334485.20",
"n": "3",
"label": "r 3"}
,
{
"node": "l",
"frag": "iš-pur-an-ni",
"id": "P334485.l00f1d",
"ref": "P334485.20.1",
"inst": "išpuranni[write]V",
"sig": "@saao/saa10%akk-x-neoass:iš-pur-an-ni=šapāru[send//write]V'V$išpuranni",
"f": {"lang": "akk-x-neoass",
"form": "iš-pur-an-ni",
"cf": "šapāru",
"gw": "send",
"sense": "write",
"norm": "išpuranni",
"pos": "V",
"epos": "V"}
}
,
{
"node": "d",
"type": "line-start",
"ref": "P334485.21",
"n": "4",
"label": "r 4"}
,
{
"node": "l",
"frag": "ITI",
"id": "P334485.l00f1e",
"ref": "P334485.21.1",
"inst": "urhu[month]N",
"sig": "@saao/saa10%akk-x-neoass:ITI=arhu[month//month]N'N$urhu",
"f": {"lang": "akk-x-neoass",
"form": "ITI",
"cf": "arhu",
"gw": "month",
"sense": "month",
"norm": "urhu",
"pos": "N",
"epos": "N"}
}
,
{
"node": "l",
"frag": "EN.NUN",
"id": "P334485.l00f1f",
"ref": "P334485.21.2",
"inst": "+maṣṣartu[observation//watch]N'N$",
"sig": "@saao/saa10%akk-x-neoass:EN.NUN=maṣṣartu[observation//watch]N'N$maṣṣartu",
"f": {"lang": "akk-x-neoass",
"form": "EN.NUN",
"cf": "maṣṣartu",
"gw": "observation",
"sense": "watch",
"norm": "maṣṣartu",
"pos": "N",
"epos": "N"}
}
,
{
"node": "l",
"frag": "ša",
"id": "P334485.l00f20",
"ref": "P334485.21.3",
"inst": "ša[of]DET",
"sig": "@saao/saa10%akk-x-neoass:ša=ša[of//of]DET'DET$ša",
"f": {"lang": "akk-x-neoass",
"form": "ša",
"cf": "ša",
"gw": "of",
"sense": "of",
"norm": "ša",
"pos": "DET",
"epos": "DET"}
}
,
{
"node": "l",
"frag": "{d}UTU",
"id": "P334485.l00f21",
"ref": "P334485.21.4",
"inst": "Šamaš[1]DN",
"sig": "@saao/saa10%akk-x-neoass:{d}UTU=Šamaš[1//1]DN'DN$Šamaš",
"f": {"lang": "akk-x-neoass",
"form": "{d}UTU",
"cf": "Šamaš",
"gw": "1",
"sense": "1",
"norm": "Šamaš",
"pos": "DN",
"epos": "DN"}
}
,
{
"node": "d",
"type": "line-start",
"ref": "P334485.22",
"n": "5",
"label": "r 5"}
,
{
"node": "l",
"frag": "šu-u",
"id": "P334485.l00f22",
"ref": "P334485.22.1",
"inst": "šû[it]IP",
"sig": "@saao/saa10%akk-x-neoass:šu-u=šū[he//it]IP'IP$šû",
"f": {"lang": "akk-x-neoass",
"form": "šu-u",
"cf": "šū",
"gw": "he",
"sense": "it",
"norm": "šû",
"pos": "IP",
"epos": "IP"}
}
,
{
"node": "l",
"frag": "02-šu₂",
"id": "P334485.l00f23",
"ref": "P334485.22.2",
"inst": "šinīšu[twice]AV",
"sig": "@saao/saa10%akk-x-neoass:02-šu₂=šinīšu[twice//twice]AV'AV$šinīšu",
"f": {"lang": "akk-x-neoass",
"form": "02-šu₂",
"cf": "šinīšu",
"gw": "twice",
"sense": "twice",
"norm": "šinīšu",
"pos": "AV",
"epos": "AV"}
}
,
{
"node": "l",
"frag": "EN.NUN-šu₂",
"id": "P334485.l00f24",
"ref": "P334485.22.3",
"inst": "+maṣṣartu[observation//watch]N'N$maṣṣartušu",
"sig": "@saao/saa10%akk-x-neoass:EN.NUN-šu₂=maṣṣartu[observation//watch]N'N$maṣṣartušu",
"f": {"lang": "akk-x-neoass",
"form": "EN.NUN-šu₂",
"cf": "maṣṣartu",
"gw": "observation",
"sense": "watch",
"norm": "maṣṣartušu",
"pos": "N",
"epos": "N"}
}
,
{
"node": "d",
"type": "line-start",
"ref": "P334485.23",
"n": "6",
"label": "r 6"}
,
{
"node": "l",
"frag": "UD",
"id": "P334485.l00f25",
"ref": "P334485.23.1",
"inst": "ūm[day]N",
"sig": "@saao/saa10%akk-x-neoass:UD=ūmu[day//day]N'N$ūm",
"f": {"lang": "akk-x-neoass",
"form": "UD",
"cf": "ūmu",
"gw": "day",
"sense": "day",
"norm": "ūm",
"pos": "N",
"epos": "N"}
}
,
{
"node": "l",
"frag": "28-KAM₂\\t",
"id": "P334485.l00f26",
"ref": "P334485.23.2",
"inst": "n",
"f": {"lang": "akk-x-neoass",
"form": "28-KAM₂",
"pos": "n"}
}
,
{
"node": "l",
"frag": "ša",
"id": "P334485.l00f27",
"ref": "P334485.23.3",
"inst": "ša[of]DET",
"sig": "@saao/saa10%akk-x-neoass:ša=ša[of//of]DET'DET$ša",
"f": {"lang": "akk-x-neoass",
"form": "ša",
"cf": "ša",
"gw": "of",
"sense": "of",
"norm": "ša",
"pos": "DET",
"epos": "DET"}
}
,
{
"node": "l",
"frag": "{iti}APIN",
"id": "P334485.l00f28",
"ref": "P334485.23.4",
"inst": "Arahsamni[Marchesvan]MN",
"sig": "@saao/saa10%akk-x-neoass:{ITI}APIN=Arahsamnu[Marchesvan//Marchesvan]MN'MN$Arahsamni",
"f": {"lang": "akk-x-neoass",
"form": "{ITI}APIN",
"cf": "Arahsamnu",
"gw": "Marchesvan",
"sense": "Marchesvan",
"norm": "Arahsamni",
"pos": "MN",
"epos": "MN"}
}
,
{
"node": "d",
"type": "line-start",
"ref": "P334485.24",
"n": "7",
"label": "r 7"}
,
{
"node": "l",
"frag": "UD",
"id": "P334485.l00f29",
"ref": "P334485.24.1",
"inst": "ūm[day]N",
"sig": "@saao/saa10%akk-x-neoass:UD=ūmu[day//day]N'N$ūm",
"f": {"lang": "akk-x-neoass",
"form": "UD",
"cf": "ūmu",
"gw": "day",
"sense": "day",
"norm": "ūm",
"pos": "N",
"epos": "N"}
}
,
{
"node": "l",
"frag": "28-KAM₂\\t",
"id": "P334485.l00f2a",
"ref": "P334485.24.2",
"inst": "n",
"f": {"lang": "akk-x-neoass",
"form": "28-KAM₂",
"pos": "n"}
}
,
{
"node": "l",
"frag": "ša",
"id": "P334485.l00f2b",
"ref": "P334485.24.3",
"inst": "ša[of]DET",
"sig": "@saao/saa10%akk-x-neoass:ša=ša[of//of]DET'DET$ša",
"f": {"lang": "akk-x-neoass",
"form": "ša",
"cf": "ša",
"gw": "of",
"sense": "of",
"norm": "ša",
"pos": "DET",
"epos": "DET"}
}
,
{
"node": "l",
"frag": "{iti}KAN",
"id": "P334485.l00f2c",
"ref": "P334485.24.4",
"inst": "Kislimi[Kislev]MN",
"sig": "@saao/saa10%akk-x-neoass:{ITI}KAN=Kislimu[Kislev//Kislev]MN'MN$Kislimi",
"f": {"lang": "akk-x-neoass",
"form": "{ITI}KAN",
"cf": "Kislimu",
"gw": "Kislev",
"sense": "Kislev",
"norm": "Kislimi",
"pos": "MN",
"epos": "MN"}
}
,
{
"node": "d",
"type": "line-start",
"ref": "P334485.25",
"n": "8",
"label": "r 8"}
,
{
"node": "l",
"frag": "ni-na-aṣ-ṣar",
"id": "P334485.l00f2d",
"ref": "P334485.25.1",
"inst": "+naṣāru[guard//keep guard]V'V$ninaṣṣar",
"sig": "@saao/saa10%akk-x-neoass:ni-na-aṣ-ṣar=naṣāru[guard//keep guard]V'V$ninaṣṣar",
"f": {"lang": "akk-x-neoass",
"form": "ni-na-aṣ-ṣar",
"cf": "naṣāru",
"gw": "guard",
"sense": "keep guard",
"norm": "ninaṣṣar",
"pos": "V",
"epos": "V"}
}
,
{
"node": "d",
"type": "line-start",
"ref": "P334485.26",
"n": "9",
"label": "r 9"}
,
{
"node": "l",
"frag": "ki-i",
"id": "P334485.l00f2e",
"ref": "P334485.26.1",
"inst": "kî[like]PRP",
"sig": "@saao/saa10%akk-x-neoass:ki-i=kī[like//just as]PRP'PRP$kî",
"f": {"lang": "akk-x-neoass",
"form": "ki-i",
"cf": "kī",
"gw": "like",
"sense": "just as",
"norm": "kî",
"pos": "PRP",
"epos": "PRP"}
}
,
{
"node": "l",
"frag": "ha-an-ni-i-e",
"id": "P334485.l00f2f",
"ref": "P334485.26.2",
"inst": "+annû[this]DP$hannīe",
"sig": "@saao/saa10%akk-x-neoass:ha-an-ni-i-e=annû[this//this]DP'DP$hannīe",
"f": {"lang": "akk-x-neoass",
"form": "ha-an-ni-i-e",
"cf": "annû",
"gw": "this",
"sense": "this",
"norm": "hannīe",
"pos": "DP",
"epos": "DP"}
}
,
{
"node": "d",
"type": "line-start",
"ref": "P334485.27",
"n": "10",
"label": "r 10"}
,
{
"node": "l",
"frag": "EN.NUN",
"id": "P334485.l00f30",
"ref": "P334485.27.1",
"inst": "+maṣṣartu[observation//watch]N'N$",
"sig": "@saao/saa10%akk-x-neoass:EN.NUN=maṣṣartu[observation//watch]N'N$maṣṣartu",
"f": {"lang": "akk-x-neoass",
"form": "EN.NUN",
"cf": "maṣṣartu",
"gw": "observation",
"sense": "watch",
"norm": "maṣṣartu",
"pos": "N",
"epos": "N"}
}
,
{
"node": "l",
"frag": "ša₂",
"id": "P334485.l00f31",
"ref": "P334485.27.2",
"inst": "ša[of]DET",
"sig": "@saao/saa10%akk-x-neoass:ša₂=ša[of//of]DET'DET$ša",
"f": {"lang": "akk-x-neoass",
"form": "ša₂",
"cf": "ša",
"gw": "of",
"sense": "of",
"norm": "ša",
"pos": "DET",
"epos": "DET"}
}
,
{
"node": "l",
"frag": "{d}UTU",
"id": "P334485.l00f32",
"ref": "P334485.27.3",
"inst": "Šamaš[1]DN",
"sig": "@saao/saa10%akk-x-neoass:{d}UTU=Šamaš[1//1]DN'DN$Šamaš",
"f": {"lang": "akk-x-neoass",
"form": "{d}UTU",
"cf": "Šamaš",
"gw": "1",
"sense": "1",
"norm": "Šamaš",
"pos": "DN",
"epos": "DN"}
}
,
{
"node": "l",
"frag": "02",
"id": "P334485.l00f33",
"ref": "P334485.27.4",
"inst": "n",
"f": {"lang": "akk-x-neoass",
"form": "02",
"pos": "n"}
}
,
{
"node": "l",
"frag": "ITI-MEŠ",
"id": "P334485.l00f34",
"ref": "P334485.27.5",
"inst": "urhāni[month]N",
"sig": "@saao/saa10%akk-x-neoass:ITI-MEŠ=arhu[month//month]N'N$urhāni",
"f": {"lang": "akk-x-neoass",
"form": "ITI-MEŠ",
"cf": "arhu",
"gw": "month",
"sense": "month",
"norm": "urhāni",
"pos": "N",
"epos": "N"}
}
,
{
"node": "d",
"type": "line-start",
"ref": "P334485.28",
"n": "11",
"label": "r 11"}
,
{
"node": "l",
"frag": "ni-na-aṣ-ṣar",
"id": "P334485.l00f35",
"ref": "P334485.28.1",
"inst": "ninaṣṣar[keep guard]V",
"sig": "@saao/saa10%akk-x-neoass:ni-na-aṣ-ṣar=naṣāru[guard//keep guard]V'V$ninaṣṣar",
"f": {"lang": "akk-x-neoass",
"form": "ni-na-aṣ-ṣar",
"cf": "naṣāru",
"gw": "guard",
"sense": "keep guard",
"norm": "ninaṣṣar",
"pos": "V",
"epos": "V"}
}
,
{
"node": "l",
"frag": "ina",
"id": "P334485.l00f36",
"ref": "P334485.28.2",
"inst": "ina[in]PRP",
"sig": "@saao/saa10%akk-x-neoass:ina=ina[in//from]PRP'PRP$ina",
"f": {"lang": "akk-x-neoass",
"form": "ina",
"cf": "ina",
"gw": "in",
"sense": "from",
"norm": "ina",
"pos": "PRP",
"epos": "PRP"}
}
,
{
"node": "l",
"frag": "UGU",
"id": "P334485.l00f37",
"ref": "P334485.28.3",
"inst": "muhhi[skull]N",
"sig": "@saao/saa10%akk-x-neoass:UGU=muhhu[skull//skull]N'N$muhhi",
"f": {"lang": "akk-x-neoass",
"form": "UGU",
"cf": "muhhu",
"gw": "skull",
"sense": "skull",
"norm": "muhhi",
"pos": "N",
"epos": "N"}
}
,
{
"node": "d",
"type": "line-start",
"ref": "P334485.29",
"n": "12",
"label": "r 12"}
,
{
"node": "l",
"frag": "AN.MI",
"id": "P334485.l00f38",
"ref": "P334485.29.1",
"inst": "+antalû[eclipse]N$attalî",
"sig": "@saao/saa10%akk-x-neoass:AN.MI=antalû[eclipse//eclipse]N'N$attalî",
"f": {"lang": "akk-x-neoass",
"form": "AN.MI",
"cf": "antalû",
"gw": "eclipse",
"sense": "eclipse",
"norm": "attalî",
"pos": "N",
"epos": "N"}
}
,
{
"node": "l",
"frag": "{d}UTU",
"id": "P334485.l00f39",
"ref": "P334485.29.2",
"inst": "Šamaš[1]DN",
"sig": "@saao/saa10%akk-x-neoass:{d}UTU=Šamaš[1//1]DN'DN$Šamaš",
"f": {"lang": "akk-x-neoass",
"form": "{d}UTU",
"cf": "Šamaš",
"gw": "1",
"sense": "1",
"norm": "Šamaš",
"pos": "DN",
"epos": "DN"}
}
,
{
"node": "l",
"frag": "ša₂",
"id": "P334485.l00f3a",
"ref": "P334485.29.3",
"inst": "ša[which]REL",
"sig": "@saao/saa10%akk-x-neoass:ša₂=ša[that//which]REL'REL$ša",
"f": {"lang": "akk-x-neoass",
"form": "ša₂",
"cf": "ša",
"gw": "that",
"sense": "which",
"norm": "ša",
"pos": "REL",
"epos": "REL"}
}
,
{
"node": "l",
"frag": "LUGAL",
"id": "P334485.l00f3b",
"ref": "P334485.29.4",
"inst": "šarru[king]N",
"sig": "@saao/saa10%akk-x-neoass:LUGAL=šarru[king//king]N'N$šarru",
"f": {"lang": "akk-x-neoass",
"form": "LUGAL",
"cf": "šarru",
"gw": "king",
"sense": "king",
"norm": "šarru",
"pos": "N",
"epos": "N"}
}
,
{
"node": "d",
"type": "line-start",
"ref": "P334485.30",
"n": "13",
"label": "r 13"}
,
{
"node": "l",
"frag": "iq-bu-u-ni",
"id": "P334485.l00f3c",
"ref": "P334485.30.1",
"inst": "iqbûni[say]V",
"sig": "@saao/saa10%akk-x-neoass:iq-bu-u-ni=qabû[say//say]V'V$iqbûni",
"f": {"lang": "akk-x-neoass",
"form": "iq-bu-u-ni",
"cf": "qabû",
"gw": "say",
"sense": "say",
"norm": "iqbûni",
"pos": "V",
"epos": "V"}
}
,
{
"node": "l",
"frag": "AN.MI",
"id": "P334485.l00f3d",
"ref": "P334485.30.2",
"inst": "attalû[eclipse]N",
"sig": "@saao/saa10%akk-x-neoass:AN.MI=antalû[eclipse//eclipse]N'N$attalû",
"f": {"lang": "akk-x-neoass",
"form": "AN.MI",
"cf": "antalû",
"gw": "eclipse",
"sense": "eclipse",
"norm": "attalû",
"pos": "N",
"epos": "N"}
}
,
{
"node": "d",
"type": "line-start",
"ref": "P334485.31",
"n": "14",
"label": "r 14"}
,
{
"node": "l",
"frag": "NU",
"id": "P334485.l00f3e",
"ref": "P334485.31.1",
"inst": "lā[not]MOD",
"sig": "@saao/saa10%akk-x-neoass:NU=lā[not//not]MOD'MOD$lā",
"f": {"lang": "akk-x-neoass",
"form": "NU",
"cf": "lā",
"gw": "not",
"sense": "not",
"norm": "lā",
"pos": "MOD",
"epos": "MOD"}
}
,
{
"node": "l",
"frag": "GAR",
"id": "P334485.l00f3f",
"ref": "P334485.31.2",
"inst": "+šakānu[put//occur]V'V$iškun",
"sig": "@saao/saa10%akk-x-neoass:GAR=šakānu[put//occur]V'V$iškun",
"f": {"lang": "akk-x-neoass",
"form": "GAR",
"cf": "šakānu",
"gw": "put",
"sense": "occur",
"norm": "iškun",
"pos": "V",
"epos": "V"}
}
,
{
"node": "l",
"frag": "UD",
"id": "P334485.l00f40",
"ref": "P334485.31.3",
"inst": "ūm[day]N",
"sig": "@saao/saa10%akk-x-neoass:UD=ūmu[day//day]N'N$ūm",
"f": {"lang": "akk-x-neoass",
"form": "UD",
"cf": "ūmu",
"gw": "day",
"sense": "day",
"norm": "ūm",
"pos": "N",
"epos": "N"}
}
,
{
"node": "l",
"frag": "29-KAM₂\\t",
"id": "P334485.l00f41",
"ref": "P334485.31.4",
"inst": "n",
"f": {"lang": "akk-x-neoass",
"form": "29-KAM₂",
"pos": "n"}
}
,
{
"node": "d",
"type": "line-start",
"ref": "P334485.32",
"n": "15",
"label": "r 15"}
,
{
"node": "l",
"frag": "tu-u-ra",
"id": "P334485.l00f42",
"ref": "P334485.32.1",
"inst": "tūra[again]AV",
"sig": "@saao/saa10%akk-x-neoass:tu-u-ra=tūra[again//again]AV'AV$tūra",
"f": {"lang": "akk-x-neoass",
"form": "tu-u-ra",
"cf": "tūra",
"gw": "again",
"sense": "again",
"norm": "tūra",
"pos": "AV",
"epos": "AV"}
}
,
{
"node": "l",
"frag": "am-mar",
"id": "P334485.l00f43",
"ref": "P334485.32.2",
"inst": "+amāru[see]V$ammar",
"sig": "@saao/saa10%akk-x-neoass:am-mar=amāru[see//see]V'V$ammar",
"f": {"lang": "akk-x-neoass",
"form": "am-mar",
"cf": "amāru",
"gw": "see",
"sense": "see",
"norm": "ammar",
"pos": "V",
"epos": "V"}
}
,
{
"node": "d",
"subtype": "right",
"type": "surface",
"ref": "P334485.r.e..33",
"type": "right",
"label": "r.e."}
,
{
"node": "d",
"type": "line-start",
"ref": "P334485.34",
"n": "16",
"label": "r.e. 16"}
,
{
"node": "l",
"frag": "a-šap-pa-ra",
"id": "P334485.l00f44",
"ref": "P334485.34.1",
"inst": "ašappāra[write]V",
"sig": "@saao/saa10%akk-x-neoass:a-šap-pa-ra=šapāru[send//write]V'V$ašappāra",
"f": {"lang": "akk-x-neoass",
"form": "a-šap-pa-ra",
"cf": "šapāru",
"gw": "send",
"sense": "write",
"norm": "ašappāra",
"pos": "V",
"epos": "V"}
}
,
{
"node": "d",
"subtype": "edge",
"type": "surface",
"ref": "P334485.e..35",
"type": "edge",
"label": "e."}
,
{
"node": "d",
"type": "line-start",
"ref": "P334485.36",
"n": "1",
"label": "e. 1"}
,
{
"node": "l",
"frag": "LUGAL",
"id": "P334485.l00f45",
"ref": "P334485.36.1",
"inst": "šarru[king]N",
"sig": "@saao/saa10%akk-x-neoass:LUGAL=šarru[king//king]N'N$šarru",
"f": {"lang": "akk-x-neoass",
"form": "LUGAL",
"cf": "šarru",
"gw": "king",
"sense": "king",
"norm": "šarru",
"pos": "N",
"epos": "N"}
}
,
{
"node": "l",
"frag": "be-li₂",
"id": "P334485.l00f46",
"ref": "P334485.36.2",
"inst": "bēlī[lord]N",
"sig": "@saao/saa10%akk-x-neoass:be-li₂=bēlu[lord//lord]N'N$bēlī",
"f": {"lang": "akk-x-neoass",
"form": "be-li₂",
"cf": "bēlu",
"gw": "lord",
"sense": "lord",
"norm": "bēlī",
"pos": "N",
"epos": "N"}
}
,
{
"node": "l",
"frag": "it-ti-ši",
"id": "P334485.l00f47",
"ref": "P334485.36.3",
"inst": "+našû[lift//lift up]V'V$ittiši",
"sig": "@saao/saa10%akk-x-neoass:it-ti-ši=našû[lift//lift up]V'V$ittiši",
"f": {"lang": "akk-x-neoass",
"form": "it-ti-ši",
"cf": "našû",
"gw": "lift",
"sense": "lift up",
"norm": "ittiši",
"pos": "V",
"epos": "V"}
}
,
{
"node": "l",
"frag": "ur-tam-man-ni",
"id": "P334485.l00f48",
"ref": "P334485.36.4",
"inst": "+ramû[slacken//drop]V'V$urtammanni",
"sig": "@saao/saa10%akk-x-neoass:ur-tam-man-ni=ramû[slacken//drop]V'V$urtammanni",
"f": {"lang": "akk-x-neoass",
"form": "ur-tam-man-ni",
"cf": "ramû",
"gw": "slacken",
"sense": "drop",
"norm": "urtammanni",
"pos": "V",
"epos": "V"}
}
,
{
"node": "d",
"type": "line-start",
"ref": "P334485.37",
"n": "2",
"label": "e. 2"}
,
{
"node": "l",
"frag": "ina",
"id": "P334485.l00f49",
"ref": "P334485.37.1",
"inst": "ina[with]PRP",
"sig": "@saao/saa10%akk-x-neoass:ina=ina[in//with]PRP'PRP$ina",
"f": {"lang": "akk-x-neoass",
"form": "ina",
"cf": "ina",
"gw": "in",
"sense": "with",
"norm": "ina",
"pos": "PRP",
"epos": "PRP"}
}
,
{
"node": "l",
"frag": "hi-ip-ŠA₃-bi",
"id": "P334485.l00f4a",
"ref": "P334485.37.2",
"inst": "+hīp-libbi[distress//depression]N'N$",
"sig": "@saao/saa10%akk-x-neoass:hi-ip-ŠA₃-bi=hīp-libbi[distress//depression]N'N$hīp-libbi",
"f": {"lang": "akk-x-neoass",
"form": "hi-ip-ŠA₃-bi",
"cf": "hīp-libbi",
"gw": "distress",
"sense": "depression",
"norm": "hīp-libbi",
"pos": "N",
"epos": "N"}
}
,
{
"node": "l",
"frag": "ṭe-e-me",
"id": "P334485.l00f4b",
"ref": "P334485.37.3",
"inst": "+ṭēmu[(fore)thought//report]N'N$ṭēme",
"sig": "@saao/saa10%akk-x-neoass:ṭe-e-me=ṭēmu[(fore)thought//report]N'N$ṭēme",
"f": {"lang": "akk-x-neoass",
"form": "ṭe-e-me",
"cf": "ṭēmu",
"gw": "(fore)thought",
"sense": "report",
"norm": "ṭēme",
"pos": "N",
"epos": "N"}
}
,
{
"node": "l",
"frag": "ina",
"id": "P334485.l00f4c",
"ref": "P334485.37.4",
"inst": "ina[in]PRP",
"sig": "@saao/saa10%akk-x-neoass:ina=ina[in//from]PRP'PRP$ina",
"f": {"lang": "akk-x-neoass",
"form": "ina",
"cf": "ina",
"gw": "in",
"sense": "from",
"norm": "ina",
"pos": "PRP",
"epos": "PRP"}
}
,
{
"node": "l",
"frag": "UGU-hi-ia",
"id": "P334485.l00f4d",
"ref": "P334485.37.5",
"inst": "muhhīya[skull]N",
"sig": "@saao/saa10%akk-x-neoass:UGU-hi-ia=muhhu[skull//skull]N'N$muhhīya",
"f": {"lang": "akk-x-neoass",
"form": "UGU-hi-ia",
"cf": "muhhu",
"gw": "skull",
"sense": "skull",
"norm": "muhhīya",
"pos": "N",
"epos": "N"}
}
,
{
"node": "d",
"type": "line-start",
"ref": "P334485.38",
"n": "3",
"label": "e. 3"}
,
{
"node": "l",
"frag": "la-aš₂-šu₂",
"id": "P334485.l00f4e",
"ref": "P334485.38.1",
"inst": "laššu[(there) is not]V",
"sig": "@saao/saa10%akk-x-neoass:la-aš₂-šu₂=laššu[(there) is not//(there) is not]V'V$laššu",
"f": {"lang": "akk-x-neoass",
"form": "la-aš₂-šu₂",
"cf": "laššu",
"gw": "(there) is not",
"sense": "(there) is not",
"norm": "laššu",
"pos": "V",
"epos": "V"}
}
]}
]}
]}
]}
