{
"type": "cdl",
  "source": "http://oracc.org/saao/saa10",
  "license": "This data is released under the CC0 license",
  "license-url": "https://creativecommons.org/publicdomain/zero/1.0/",
  "more-info": "http://oracc.org/doc/opendata/",
  "UTC-timestamp": "2017-05-19T11:43:00",
"project": "saao/saa10",
"textid": "P334760",
"cdl": [
{
"node": "c",
"type": "text",
"id": "P334760.U0",
"cdl": [
{
"node": "d",
"type": "object",
"ref": ""}
,
{
"node": "d",
"subtype": "obverse",
"type": "surface",
"ref": "P334760.o.1",
"type": "obverse",
"label": "o"}
,
{
"node": "c",
"type": "discourse",
"subtype": "body",
"id": "P334760.U1",
"cdl": [
{
"node": "c",
"type": "sentence",
"id": "P334760.U2",
"label": "o 1 - r 1",
"cdl": [
{
"node": "d",
"type": "line-start",
"ref": "P334760.2",
"n": "1",
"label": "o 1"}
,
{
"node": "l",
"frag": "[a-na",
"id": "P334760.l03558",
"ref": "P334760.2.1",
"inst": "ana[to]PRP",
"sig": "@saao/saa10%akk-x-neoass:a-na=ana[to//to]PRP'PRP$ana",
"f": {"lang": "akk-x-neoass",
"form": "a-na",
"cf": "ana",
"gw": "to",
"sense": "to",
"norm": "ana",
"pos": "PRP",
"epos": "PRP"}
}
,
{
"node": "l",
"frag": "LUGAL",
"id": "P334760.l03559",
"ref": "P334760.2.2",
"inst": "šarri[king]N",
"sig": "@saao/saa10%akk-x-neoass:LUGAL=šarru[king//king]N'N$šarri",
"f": {"lang": "akk-x-neoass",
"form": "LUGAL",
"cf": "šarru",
"gw": "king",
"sense": "king",
"norm": "šarri",
"pos": "N",
"epos": "N"}
}
,
{
"node": "l",
"frag": "EN-ia]",
"id": "P334760.l0355a",
"ref": "P334760.2.3",
"inst": "bēlīya[lord]N",
"sig": "@saao/saa10%akk-x-neoass:EN-ia=bēlu[lord//lord]N'N$bēlīya",
"f": {"lang": "akk-x-neoass",
"form": "EN-ia",
"cf": "bēlu",
"gw": "lord",
"sense": "lord",
"norm": "bēlīya",
"pos": "N",
"epos": "N"}
}
,
{
"node": "d",
"type": "line-start",
"ref": "P334760.3",
"n": "2",
"label": "o 2"}
,
{
"node": "l",
"frag": "[ARAD]-⸢ka⸣",
"id": "P334760.l0355b",
"ref": "P334760.3.1",
"inst": "urdaka[servant]N",
"sig": "@saao/saa10%akk-x-neoass:ARAD-ka=ardu[slave//servant]N'N$urdaka",
"f": {"lang": "akk-x-neoass",
"form": "ARAD-ka",
"cf": "ardu",
"gw": "slave",
"sense": "servant",
"norm": "urdaka",
"pos": "N",
"epos": "N"}
}
,
{
"node": "l",
"frag": "{1}[na-bu-u-a]",
"id": "P334760.l0355c",
"ref": "P334760.3.2",
"inst": "Nabuʾa[1]PN",
"sig": "@saao/saa10%akk-x-neoass:{1}na-bu-u-a=Nabuʾa[1//1]PN'PN$Nabuʾa",
"f": {"lang": "akk-x-neoass",
"form": "{1}na-bu-u-a",
"cf": "Nabuʾa",
"gw": "1",
"sense": "1",
"norm": "Nabuʾa",
"pos": "PN",
"epos": "PN"}
}
,
{
"node": "d",
"type": "line-start",
"ref": "P334760.4",
"n": "3",
"label": "o 3"}
,
{
"node": "l",
"frag": "{[d]}AG",
"id": "P334760.l0355d",
"ref": "P334760.4.1",
"inst": "Nabu[1]DN",
"sig": "@saao/saa10%akk-x-neoass:{d}AG=Nabu[1//1]DN'DN$Nabu",
"f": {"lang": "akk-x-neoass",
"form": "{d}AG",
"cf": "Nabu",
"gw": "1",
"sense": "1",
"norm": "Nabu",
"pos": "DN",
"epos": "DN"}
}
,
{
"node": "l",
"frag": "u",
"id": "P334760.l0355e",
"ref": "P334760.4.2",
"inst": "u[and]CNJ",
"sig": "@saao/saa10%akk-x-neoass:u=u[and//and]CNJ'CNJ$u",
"f": {"lang": "akk-x-neoass",
"form": "u",
"cf": "u",
"gw": "and",
"sense": "and",
"norm": "u",
"pos": "CNJ",
"epos": "CNJ"}
}
,
{
"node": "l",
"frag": "{d}[AMAR.UTU]",
"id": "P334760.l0355f",
"ref": "P334760.4.3",
"inst": "Marduk[1]DN",
"sig": "@saao/saa10%akk-x-neoass:{d}AMAR.UTU=Marduk[1//1]DN'DN$Marduk",
"f": {"lang": "akk-x-neoass",
"form": "{d}AMAR.UTU",
"cf": "Marduk",
"gw": "1",
"sense": "1",
"norm": "Marduk",
"pos": "DN",
"epos": "DN"}
}
,
{
"node": "d",
"type": "line-start",
"ref": "P334760.5",
"n": "4",
"label": "o 4"}
,
{
"node": "l",
"frag": "[a]-na",
"id": "P334760.l03560",
"ref": "P334760.5.1",
"inst": "ana[to]PRP",
"sig": "@saao/saa10%akk-x-neoass:a-na=ana[to//to]PRP'PRP$ana",
"f": {"lang": "akk-x-neoass",
"form": "a-na",
"cf": "ana",
"gw": "to",
"sense": "to",
"norm": "ana",
"pos": "PRP",
"epos": "PRP"}
}
,
{
"node": "l",
"frag": "LUGAL",
"id": "P334760.l03561",
"ref": "P334760.5.2",
"inst": "šarri[king]N",
"sig": "@saao/saa10%akk-x-neoass:LUGAL=šarru[king//king]N'N$šarri",
"f": {"lang": "akk-x-neoass",
"form": "LUGAL",
"cf": "šarru",
"gw": "king",
"sense": "king",
"norm": "šarri",
"pos": "N",
"epos": "N"}
}
,
{
"node": "l",
"frag": "EN-ia",
"id": "P334760.l03562",
"ref": "P334760.5.3",
"inst": "bēlīya[lord]N",
"sig": "@saao/saa10%akk-x-neoass:EN-ia=bēlu[lord//lord]N'N$bēlīya",
"f": {"lang": "akk-x-neoass",
"form": "EN-ia",
"cf": "bēlu",
"gw": "lord",
"sense": "lord",
"norm": "bēlīya",
"pos": "N",
"epos": "N"}
}
,
{
"node": "d",
"type": "line-start",
"ref": "P334760.6",
"n": "5",
"label": "o 5"}
,
{
"node": "l",
"frag": "lik-ru-bu",
"id": "P334760.l03563",
"ref": "P334760.6.1",
"inst": "likrubu[bless]V",
"sig": "@saao/saa10%akk-x-neoass:lik-ru-bu=karābu[pray//bless]V'V$likrubu",
"f": {"lang": "akk-x-neoass",
"form": "lik-ru-bu",
"cf": "karābu",
"gw": "pray",
"sense": "bless",
"norm": "likrubu",
"pos": "V",
"epos": "V"}
}
,
{
"node": "d",
"type": "line-start",
"ref": "P334760.7",
"n": "6",
"label": "o 6"}
,
{
"node": "l",
"frag": "UD",
"id": "P334760.l03564",
"ref": "P334760.7.1",
"inst": "ūm[day]N",
"sig": "@saao/saa10%akk-x-neoass:UD=ūmu[day//day]N'N$ūm",
"f": {"lang": "akk-x-neoass",
"form": "UD",
"cf": "ūmu",
"gw": "day",
"sense": "day",
"norm": "ūm",
"pos": "N",
"epos": "N"}
}
,
{
"node": "l",
"frag": "29-KAM₂",
"id": "P334760.l03565",
"ref": "P334760.7.2",
"inst": "n",
"f": {"lang": "akk-x-neoass",
"form": "29-KAM₂",
"pos": "n"}
}
,
{
"node": "d",
"type": "line-start",
"ref": "P334760.8",
"n": "7",
"label": "o 7"}
,
{
"node": "l",
"frag": "ma-ṣar-tu",
"id": "P334760.l03566",
"ref": "P334760.8.1",
"inst": "maṣṣartu[watch]N",
"sig": "@saao/saa10%akk-x-neoass:ma-ṣar-tu=maṣṣartu[observation//watch]N'N$maṣṣartu",
"f": {"lang": "akk-x-neoass",
"form": "ma-ṣar-tu",
"cf": "maṣṣartu",
"gw": "observation",
"sense": "watch",
"norm": "maṣṣartu",
"pos": "N",
"epos": "N"}
}
,
{
"node": "d",
"type": "line-start",
"ref": "P334760.9",
"n": "8",
"label": "o 8"}
,
{
"node": "l",
"frag": "ni-ta-ṣar",
"id": "P334760.l03567",
"ref": "P334760.9.1",
"inst": "nittaṣar[keep guard]V",
"sig": "@saao/saa10%akk-x-neoass:ni-ta-ṣar=naṣāru[guard//keep guard]V'V$nittaṣar",
"f": {"lang": "akk-x-neoass",
"form": "ni-ta-ṣar",
"cf": "naṣāru",
"gw": "guard",
"sense": "keep guard",
"norm": "nittaṣar",
"pos": "V",
"epos": "V"}
}
,
{
"node": "d",
"subtype": "reverse",
"type": "surface",
"ref": "P334760.r.10",
"type": "reverse",
"label": "r"}
,
{
"node": "d",
"type": "line-start",
"ref": "P334760.11",
"n": "1",
"label": "r 1"}
,
{
"node": "l",
"frag": "{d}30",
"id": "P334760.l03568",
"ref": "P334760.11.1",
"inst": "Sin[1]DN",
"sig": "@saao/saa10%akk-x-neoass:{d}30=Sin[1//1]DN'DN$Sin",
"f": {"lang": "akk-x-neoass",
"form": "{d}30",
"cf": "Sin",
"gw": "1",
"sense": "1",
"norm": "Sin",
"pos": "DN",
"epos": "DN"}
}
,
{
"node": "l",
"frag": "ne₂-ta-mar",
"id": "P334760.l03569",
"ref": "P334760.11.2",
"inst": "nētamar[see]V",
"sig": "@saao/saa10%akk-x-neoass:ne₂-ta-mar=amāru[see//see]V'V$nētamar",
"f": {"lang": "akk-x-neoass",
"form": "ne₂-ta-mar",
"cf": "amāru",
"gw": "see",
"sense": "see",
"norm": "nētamar",
"pos": "V",
"epos": "V"}
}
]}
]}
]}
]}
