{
"type": "cdl",
  "source": "http://oracc.org/saao/saa10",
  "license": "This data is released under the CC0 license",
  "license-url": "https://creativecommons.org/publicdomain/zero/1.0/",
  "more-info": "http://oracc.org/doc/opendata/",
  "UTC-timestamp": "2017-05-19T11:42:38",
"project": "saao/saa10",
"textid": "P334183",
"cdl": [
{
"node": "c",
"type": "text",
"id": "P334183.U0",
"cdl": [
{
"node": "d",
"type": "object",
"ref": ""}
,
{
"node": "d",
"subtype": "obverse",
"type": "surface",
"ref": "P334183.o.1",
"type": "obverse",
"label": "o"}
,
{
"node": "c",
"type": "discourse",
"subtype": "body",
"id": "P334183.U1",
"cdl": [
{
"node": "c",
"type": "sentence",
"id": "P334183.U2",
"label": "o 1 - r 10",
"cdl": [
{
"node": "d",
"type": "line-start",
"ref": "P334183.2",
"n": "1",
"label": "o 1"}
,
{
"node": "l",
"frag": "a-na",
"id": "P334183.l08388",
"ref": "P334183.2.1",
"inst": "ana[to]PRP",
"sig": "@saao/saa10%akk-x-neoass:a-na=ana[to//to]PRP'PRP$ana",
"f": {"lang": "akk-x-neoass",
"form": "a-na",
"cf": "ana",
"gw": "to",
"sense": "to",
"norm": "ana",
"pos": "PRP",
"epos": "PRP"}
}
,
{
"node": "l",
"frag": "LUGAL",
"id": "P334183.l08389",
"ref": "P334183.2.2",
"inst": "šarri[king]N",
"sig": "@saao/saa10%akk-x-neoass:LUGAL=šarru[king//king]N'N$šarri",
"f": {"lang": "akk-x-neoass",
"form": "LUGAL",
"cf": "šarru",
"gw": "king",
"sense": "king",
"norm": "šarri",
"pos": "N",
"epos": "N"}
}
,
{
"node": "l",
"frag": "be-li₂-ia₂",
"id": "P334183.l0838a",
"ref": "P334183.2.3",
"inst": "bēlīya[lord]N",
"sig": "@saao/saa10%akk-x-neoass:be-li₂-ia₂=bēlu[lord//lord]N'N$bēlīya",
"f": {"lang": "akk-x-neoass",
"form": "be-li₂-ia₂",
"cf": "bēlu",
"gw": "lord",
"sense": "lord",
"norm": "bēlīya",
"pos": "N",
"epos": "N"}
}
,
{
"node": "d",
"type": "line-start",
"ref": "P334183.3",
"n": "2",
"label": "o 2"}
,
{
"node": "l",
"frag": "ARAD-ka",
"id": "P334183.l0838b",
"ref": "P334183.3.1",
"inst": "urdaka[servant]N",
"sig": "@saao/saa10%akk-x-neoass:ARAD-ka=ardu[slave//servant]N'N$urdaka",
"f": {"lang": "akk-x-neoass",
"form": "ARAD-ka",
"cf": "ardu",
"gw": "slave",
"sense": "servant",
"norm": "urdaka",
"pos": "N",
"epos": "N"}
}
,
{
"node": "l",
"frag": "{1}ik-ka-ru",
"id": "P334183.l0838c",
"ref": "P334183.3.2",
"inst": "Ikkaru[1]PN",
"sig": "@saao/saa10%akk-x-neoass:{1}ik-ka-ru=Ikkaru[1//1]PN'PN$Ikkaru",
"f": {"lang": "akk-x-neoass",
"form": "{1}ik-ka-ru",
"cf": "Ikkaru",
"gw": "1",
"sense": "1",
"norm": "Ikkaru",
"pos": "PN",
"epos": "PN"}
}
,
{
"node": "d",
"type": "line-start",
"ref": "P334183.4",
"n": "3",
"label": "o 3"}
,
{
"node": "l",
"frag": "lu-u",
"id": "P334183.l0838d",
"ref": "P334183.4.1",
"inst": "lū[may]MOD",
"sig": "@saao/saa10%akk-x-neoass:lu-u=lū[may//may]MOD'MOD$lū",
"f": {"lang": "akk-x-neoass",
"form": "lu-u",
"cf": "lū",
"gw": "may",
"sense": "may",
"norm": "lū",
"pos": "MOD",
"epos": "MOD"}
}
,
{
"node": "l",
"frag": "DI-mu",
"id": "P334183.l0838e",
"ref": "P334183.4.2",
"inst": "šulmu[health]N",
"sig": "@saao/saa10%akk-x-neoass:DI-mu=šulmu[completeness//health]N'N$šulmu",
"f": {"lang": "akk-x-neoass",
"form": "DI-mu",
"cf": "šulmu",
"gw": "completeness",
"sense": "health",
"norm": "šulmu",
"pos": "N",
"epos": "N"}
}
,
{
"node": "l",
"frag": "a-na",
"id": "P334183.l0838f",
"ref": "P334183.4.3",
"inst": "ana[to]PRP",
"sig": "@saao/saa10%akk-x-neoass:a-na=ana[to//to]PRP'PRP$ana",
"f": {"lang": "akk-x-neoass",
"form": "a-na",
"cf": "ana",
"gw": "to",
"sense": "to",
"norm": "ana",
"pos": "PRP",
"epos": "PRP"}
}
,
{
"node": "l",
"frag": "LUGAL",
"id": "P334183.l08390",
"ref": "P334183.4.4",
"inst": "šarri[king]N",
"sig": "@saao/saa10%akk-x-neoass:LUGAL=šarru[king//king]N'N$šarri",
"f": {"lang": "akk-x-neoass",
"form": "LUGAL",
"cf": "šarru",
"gw": "king",
"sense": "king",
"norm": "šarri",
"pos": "N",
"epos": "N"}
}
,
{
"node": "l",
"frag": "be-li₂-ia₂",
"id": "P334183.l08391",
"ref": "P334183.4.5",
"inst": "bēlīya[lord]N",
"sig": "@saao/saa10%akk-x-neoass:be-li₂-ia₂=bēlu[lord//lord]N'N$bēlīya",
"f": {"lang": "akk-x-neoass",
"form": "be-li₂-ia₂",
"cf": "bēlu",
"gw": "lord",
"sense": "lord",
"norm": "bēlīya",
"pos": "N",
"epos": "N"}
}
,
{
"node": "d",
"type": "line-start",
"ref": "P334183.5",
"n": "4",
"label": "o 4"}
,
{
"node": "l",
"frag": "a-dan-niš",
"id": "P334183.l08392",
"ref": "P334183.5.1",
"inst": "adanniš[very much]AV",
"sig": "@saao/saa10%akk-x-neoass:a-dan-niš=adanniš[very much//very much]AV'AV$adanniš",
"f": {"lang": "akk-x-neoass",
"form": "a-dan-niš",
"cf": "adanniš",
"gw": "very much",
"sense": "very much",
"norm": "adanniš",
"pos": "AV",
"epos": "AV"}
}
,
{
"node": "l",
"frag": "a-dan-niš",
"id": "P334183.l08393",
"ref": "P334183.5.2",
"inst": "adanniš[very much]AV",
"sig": "@saao/saa10%akk-x-neoass:a-dan-niš=adanniš[very much//very much]AV'AV$adanniš",
"f": {"lang": "akk-x-neoass",
"form": "a-dan-niš",
"cf": "adanniš",
"gw": "very much",
"sense": "very much",
"norm": "adanniš",
"pos": "AV",
"epos": "AV"}
}
,
{
"node": "d",
"type": "line-start",
"ref": "P334183.6",
"n": "5",
"label": "o 5"}
,
{
"node": "l",
"frag": "{d}AG",
"id": "P334183.l08394",
"ref": "P334183.6.1",
"inst": "Nabu[1]DN",
"sig": "@saao/saa10%akk-x-neoass:{d}AG=Nabu[1//1]DN'DN$Nabu",
"f": {"lang": "akk-x-neoass",
"form": "{d}AG",
"cf": "Nabu",
"gw": "1",
"sense": "1",
"norm": "Nabu",
"pos": "DN",
"epos": "DN"}
}
,
{
"node": "l",
"frag": "u₃",
"id": "P334183.l08395",
"ref": "P334183.6.2",
"inst": "u[and]CNJ",
"sig": "@saao/saa10%akk-x-neoass:u₃=u[and//and]CNJ'CNJ$u",
"f": {"lang": "akk-x-neoass",
"form": "u₃",
"cf": "u",
"gw": "and",
"sense": "and",
"norm": "u",
"pos": "CNJ",
"epos": "CNJ"}
}
,
{
"node": "l",
"frag": "{d}AMAR.UTU",
"id": "P334183.l08396",
"ref": "P334183.6.3",
"inst": "Marduk[1]DN",
"sig": "@saao/saa10%akk-x-neoass:{d}AMAR.UTU=Marduk[1//1]DN'DN$Marduk",
"f": {"lang": "akk-x-neoass",
"form": "{d}AMAR.UTU",
"cf": "Marduk",
"gw": "1",
"sense": "1",
"norm": "Marduk",
"pos": "DN",
"epos": "DN"}
}
,
{
"node": "d",
"type": "line-start",
"ref": "P334183.7",
"n": "6",
"label": "o 6"}
,
{
"node": "l",
"frag": "a-na",
"id": "P334183.l08397",
"ref": "P334183.7.1",
"inst": "ana[to]PRP",
"sig": "@saao/saa10%akk-x-neoass:a-na=ana[to//to]PRP'PRP$ana",
"f": {"lang": "akk-x-neoass",
"form": "a-na",
"cf": "ana",
"gw": "to",
"sense": "to",
"norm": "ana",
"pos": "PRP",
"epos": "PRP"}
}
,
{
"node": "l",
"frag": "LUGAL",
"id": "P334183.l08398",
"ref": "P334183.7.2",
"inst": "šarri[king]N",
"sig": "@saao/saa10%akk-x-neoass:LUGAL=šarru[king//king]N'N$šarri",
"f": {"lang": "akk-x-neoass",
"form": "LUGAL",
"cf": "šarru",
"gw": "king",
"sense": "king",
"norm": "šarri",
"pos": "N",
"epos": "N"}
}
,
{
"node": "l",
"frag": "be-li₂-ia",
"id": "P334183.l08399",
"ref": "P334183.7.3",
"inst": "bēlīya[lord]N",
"sig": "@saao/saa10%akk-x-neoass:be-li₂-ia=bēlu[lord//lord]N'N$bēlīya",
"f": {"lang": "akk-x-neoass",
"form": "be-li₂-ia",
"cf": "bēlu",
"gw": "lord",
"sense": "lord",
"norm": "bēlīya",
"pos": "N",
"epos": "N"}
}
,
{
"node": "d",
"type": "line-start",
"ref": "P334183.8",
"n": "7",
"label": "o 7"}
,
{
"node": "l",
"frag": "lik-ru-bu",
"id": "P334183.l0839a",
"ref": "P334183.8.1",
"inst": "likrubu[bless]V",
"sig": "@saao/saa10%akk-x-neoass:lik-ru-bu=karābu[pray//bless]V'V$likrubu",
"f": {"lang": "akk-x-neoass",
"form": "lik-ru-bu",
"cf": "karābu",
"gw": "pray",
"sense": "bless",
"norm": "likrubu",
"pos": "V",
"epos": "V"}
}
,
{
"node": "l",
"frag": "{d}NIN.URTA",
"id": "P334183.l0839b",
"ref": "P334183.8.2",
"inst": "Inurta[1]DN",
"sig": "@saao/saa10%akk-x-neoass:{d}NIN.URTA=Inurta[1//1]DN'DN$Inurta",
"f": {"lang": "akk-x-neoass",
"form": "{d}NIN.URTA",
"cf": "Inurta",
"gw": "1",
"sense": "1",
"norm": "Inurta",
"pos": "DN",
"epos": "DN"}
}
,
{
"node": "d",
"type": "line-start",
"ref": "P334183.9",
"n": "8",
"label": "o 8"}
,
{
"node": "l",
"frag": "u₃",
"id": "P334183.l0839c",
"ref": "P334183.9.1",
"inst": "u[and]CNJ",
"sig": "@saao/saa10%akk-x-neoass:u₃=u[and//and]CNJ'CNJ$u",
"f": {"lang": "akk-x-neoass",
"form": "u₃",
"cf": "u",
"gw": "and",
"sense": "and",
"norm": "u",
"pos": "CNJ",
"epos": "CNJ"}
}
,
{
"node": "l",
"frag": "{d}gu-la",
"id": "P334183.l0839d",
"ref": "P334183.9.2",
"inst": "Gula[1]DN",
"sig": "@saao/saa10%akk-x-neoass:{d}gu-la=Gula[1//1]DN'DN$Gula",
"f": {"lang": "akk-x-neoass",
"form": "{d}gu-la",
"cf": "Gula",
"gw": "1",
"sense": "1",
"norm": "Gula",
"pos": "DN",
"epos": "DN"}
}
,
{
"node": "l",
"frag": "ṭu-ub",
"id": "P334183.l0839e",
"ref": "P334183.9.3",
"inst": "ṭūb[goodness]N",
"sig": "@saao/saa10%akk-x-neoass:ṭu-ub=ṭūbu[goodness//goodness]N'N$ṭūb",
"f": {"lang": "akk-x-neoass",
"form": "ṭu-ub",
"cf": "ṭūbu",
"gw": "goodness",
"sense": "goodness",
"norm": "ṭūb",
"pos": "N",
"epos": "N"}
}
,
{
"node": "l",
"frag": "ŠA₃-bi",
"id": "P334183.l0839f",
"ref": "P334183.9.4",
"inst": "libbi[heart]N",
"sig": "@saao/saa10%akk-x-neoass:ŠA₃-bi=libbu[interior//heart]N'N$libbi",
"f": {"lang": "akk-x-neoass",
"form": "ŠA₃-bi",
"cf": "libbu",
"gw": "interior",
"sense": "heart",
"norm": "libbi",
"pos": "N",
"epos": "N"}
}
,
{
"node": "d",
"type": "line-start",
"ref": "P334183.10",
"n": "9",
"label": "o 9"}
,
{
"node": "l",
"frag": "ṭu-ub",
"id": "P334183.l083a0",
"ref": "P334183.10.1",
"inst": "ṭūb[goodness]N",
"sig": "@saao/saa10%akk-x-neoass:ṭu-ub=ṭūbu[goodness//goodness]N'N$ṭūb",
"f": {"lang": "akk-x-neoass",
"form": "ṭu-ub",
"cf": "ṭūbu",
"gw": "goodness",
"sense": "goodness",
"norm": "ṭūb",
"pos": "N",
"epos": "N"}
}
,
{
"node": "l",
"frag": "UZU-MEŠ",
"id": "P334183.l083a1",
"ref": "P334183.10.2",
"inst": "šīrāni[flesh]N",
"sig": "@saao/saa10%akk-x-neoass:UZU-MEŠ=šīru[flesh//flesh]N'N$šīrāni",
"f": {"lang": "akk-x-neoass",
"form": "UZU-MEŠ",
"cf": "šīru",
"gw": "flesh",
"sense": "flesh",
"norm": "šīrāni",
"pos": "N",
"epos": "N"}
}
,
{
"node": "l",
"frag": "a-na",
"id": "P334183.l083a2",
"ref": "P334183.10.3",
"inst": "ana[to]PRP",
"sig": "@saao/saa10%akk-x-neoass:a-na=ana[to//to]PRP'PRP$ana",
"f": {"lang": "akk-x-neoass",
"form": "a-na",
"cf": "ana",
"gw": "to",
"sense": "to",
"norm": "ana",
"pos": "PRP",
"epos": "PRP"}
}
,
{
"node": "l",
"frag": "[LUGAL]",
"id": "P334183.l083a3",
"ref": "P334183.10.4",
"inst": "šarri[king]N",
"sig": "@saao/saa10%akk-x-neoass:LUGAL=šarru[king//king]N'N$šarri",
"f": {"lang": "akk-x-neoass",
"form": "LUGAL",
"cf": "šarru",
"gw": "king",
"sense": "king",
"norm": "šarri",
"pos": "N",
"epos": "N"}
}
,
{
"node": "d",
"type": "line-start",
"ref": "P334183.11",
"n": "10",
"label": "o 10"}
,
{
"node": "l",
"frag": "[be]-li₂-ia",
"id": "P334183.l083a4",
"ref": "P334183.11.1",
"inst": "bēlīya[lord]N",
"sig": "@saao/saa10%akk-x-neoass:be-li₂-ia=bēlu[lord//lord]N'N$bēlīya",
"f": {"lang": "akk-x-neoass",
"form": "be-li₂-ia",
"cf": "bēlu",
"gw": "lord",
"sense": "lord",
"norm": "bēlīya",
"pos": "N",
"epos": "N"}
}
,
{
"node": "l",
"frag": "li-di-[nu]",
"id": "P334183.l083a5",
"ref": "P334183.11.2",
"inst": "liddinu[give]V",
"sig": "@saao/saa10%akk-x-neoass:li-di-nu=tadānu[give//give]V'V$liddinu",
"f": {"lang": "akk-x-neoass",
"form": "li-di-nu",
"cf": "tadānu",
"gw": "give",
"sense": "give",
"norm": "liddinu",
"pos": "V",
"epos": "V"}
}
,
{
"node": "d",
"type": "line-start",
"ref": "P334183.12",
"n": "11",
"label": "o 11"}
,
{
"node": "l",
"frag": "[ina]",
"id": "P334183.l083a6",
"ref": "P334183.12.1",
"inst": "ina[in]PRP",
"sig": "@saao/saa10%akk-x-neoass:ina=ina[in//in]PRP'PRP$ina",
"f": {"lang": "akk-x-neoass",
"form": "ina",
"cf": "ina",
"gw": "in",
"sense": "in",
"norm": "ina",
"pos": "PRP",
"epos": "PRP"}
}
,
{
"node": "l",
"frag": "⸢UGU⸣-hi",
"id": "P334183.l083a7",
"ref": "P334183.12.2",
"inst": "muhhi[skull]N",
"sig": "@saao/saa10%akk-x-neoass:UGU-hi=muhhu[skull//skull]N'N$muhhi",
"f": {"lang": "akk-x-neoass",
"form": "UGU-hi",
"cf": "muhhu",
"gw": "skull",
"sense": "skull",
"norm": "muhhi",
"pos": "N",
"epos": "N"}
}
,
{
"node": "l",
"frag": "{1}⸢x",
"id": "P334183.l083a8",
"ref": "P334183.12.3",
"inst": "u",
"f": {"lang": "akk-x-neoass",
"form": "{1}x",
"pos": "u"}
}
,
{
"node": "l",
"frag": "x⸣+[x]",
"id": "P334183.l083a9",
"ref": "P334183.12.4",
"inst": "u",
"f": {"lang": "akk-x-neoass",
"form": "x+x",
"pos": "u"}
}
,
{
"node": "d",
"type": "line-start",
"ref": "P334183.13",
"n": "12",
"label": "o 12"}
,
{
"node": "l",
"frag": "[ša]",
"id": "P334183.l083aa",
"ref": "P334183.13.1",
"inst": "ša[who]REL",
"sig": "@saao/saa10%akk-x-neoass:ša=ša[that//who]REL'REL$ša",
"f": {"lang": "akk-x-neoass",
"form": "ša",
"cf": "ša",
"gw": "that",
"sense": "who",
"norm": "ša",
"pos": "REL",
"epos": "REL"}
}
,
{
"node": "l",
"frag": "⸢LUGAL⸣",
"id": "P334183.l083ab",
"ref": "P334183.13.2",
"inst": "šarru[king]N",
"sig": "@saao/saa10%akk-x-neoass:LUGAL=šarru[king//king]N'N$šarru",
"f": {"lang": "akk-x-neoass",
"form": "LUGAL",
"cf": "šarru",
"gw": "king",
"sense": "king",
"norm": "šarru",
"pos": "N",
"epos": "N"}
}
,
{
"node": "l",
"frag": "be-li₂",
"id": "P334183.l083ac",
"ref": "P334183.13.3",
"inst": "bēlī[lord]N",
"sig": "@saao/saa10%akk-x-neoass:be-li₂=bēlu[lord//lord]N'N$bēlī",
"f": {"lang": "akk-x-neoass",
"form": "be-li₂",
"cf": "bēlu",
"gw": "lord",
"sense": "lord",
"norm": "bēlī",
"pos": "N",
"epos": "N"}
}
,
{
"node": "l",
"frag": "[o]",
"id": "P334183.l083ad",
"ref": "P334183.13.4",
"inst": "u",
"f": {"lang": "akk-x-neoass",
"form": "o",
"pos": "u"}
}
,
{
"node": "d",
"subtype": "bottom",
"type": "surface",
"ref": "P334183.b.e..14",
"type": "bottom",
"label": "b.e."}
,
{
"node": "d",
"type": "line-start",
"ref": "P334183.15",
"n": "13",
"label": "b.e. 13"}
,
{
"node": "l",
"frag": "[iš-pur-an-ni]",
"id": "P334183.l083ae",
"ref": "P334183.15.1",
"inst": "išpuranni[write]V",
"sig": "@saao/saa10%akk-x-neoass:iš-pur-an-ni=šapāru[send//write]V'V$išpuranni",
"f": {"lang": "akk-x-neoass",
"form": "iš-pur-an-ni",
"cf": "šapāru",
"gw": "send",
"sense": "write",
"norm": "išpuranni",
"pos": "V",
"epos": "V"}
}
,
{
"node": "d",
"type": "line-start",
"ref": "P334183.16",
"n": "14",
"label": "b.e. 14"}
,
{
"node": "l",
"frag": "[ma]-⸢a⸣",
"id": "P334183.l083af",
"ref": "P334183.16.1",
"inst": "mā[saying]PRP",
"sig": "@saao/saa10%akk-x-neoass:ma-a=mā[saying//saying]PRP'PRP$mā",
"f": {"lang": "akk-x-neoass",
"form": "ma-a",
"cf": "mā",
"gw": "saying",
"sense": "saying",
"norm": "mā",
"pos": "PRP",
"epos": "PRP"}
}
,
{
"node": "l",
"frag": "di-il-⸢pa⸣",
"id": "P334183.l083b0",
"ref": "P334183.16.2",
"inst": "+dalāpu[stir up//stay awake]V'V$dilpa",
"sig": "@saao/saa10%akk-x-neoass:di-il-pa=dalāpu[stir up//stay awake]V'V$dilpa",
"f": {"lang": "akk-x-neoass",
"form": "di-il-pa",
"cf": "dalāpu",
"gw": "stir up",
"sense": "stay awake",
"norm": "dilpa",
"pos": "V",
"epos": "V"}
}
,
{
"node": "d",
"subtype": "reverse",
"type": "surface",
"ref": "P334183.r.17",
"type": "reverse",
"label": "r"}
,
{
"node": "d",
"type": "line-start",
"ref": "P334183.18",
"n": "1",
"label": "r 1"}
,
{
"node": "l",
"frag": "is-se-šu₂",
"id": "P334183.l083b1",
"ref": "P334183.18.1",
"inst": "issēšu[with]PRP",
"sig": "@saao/saa10%akk-x-neoass:is-se-šu₂=išti[with//with]PRP'PRP$issēšu",
"f": {"lang": "akk-x-neoass",
"form": "is-se-šu₂",
"cf": "išti",
"gw": "with",
"sense": "with",
"norm": "issēšu",
"pos": "PRP",
"epos": "PRP"}
}
,
{
"node": "d",
"type": "line-start",
"ref": "P334183.19",
"n": "2",
"label": "r 2"}
,
{
"node": "l",
"frag": "a-da-lip",
"id": "P334183.l083b2",
"ref": "P334183.19.1",
"inst": "+dalāpu[stir up//stay awake]V'V$adallip",
"sig": "@saao/saa10%akk-x-neoass:a-da-lip=dalāpu[stir up//stay awake]V'V$adallip",
"f": {"lang": "akk-x-neoass",
"form": "a-da-lip",
"cf": "dalāpu",
"gw": "stir up",
"sense": "stay awake",
"norm": "adallip",
"pos": "V",
"epos": "V"}
}
,
{
"node": "l",
"frag": "is-se-šu₂",
"id": "P334183.l083b3",
"ref": "P334183.19.2",
"inst": "issēšu[with]PRP",
"sig": "@saao/saa10%akk-x-neoass:is-se-šu₂=išti[with//with]PRP'PRP$issēšu",
"f": {"lang": "akk-x-neoass",
"form": "is-se-šu₂",
"cf": "išti",
"gw": "with",
"sense": "with",
"norm": "issēšu",
"pos": "PRP",
"epos": "PRP"}
}
,
{
"node": "d",
"type": "line-start",
"ref": "P334183.20",
"n": "3",
"label": "r 3"}
,
{
"node": "l",
"frag": "a-na",
"id": "P334183.l083b4",
"ref": "P334183.20.1",
"inst": "ana[to]PRP",
"sig": "@saao/saa10%akk-x-neoass:a-na=ana[to//to]PRP'PRP$ana",
"f": {"lang": "akk-x-neoass",
"form": "a-na",
"cf": "ana",
"gw": "to",
"sense": "to",
"norm": "ana",
"pos": "PRP",
"epos": "PRP"}
}
,
{
"node": "l",
"frag": "pa-ni",
"id": "P334183.l083b5",
"ref": "P334183.20.2",
"inst": "pāni[front]N",
"sig": "@saao/saa10%akk-x-neoass:pa-ni=pānu[front//front]N'N$pāni",
"f": {"lang": "akk-x-neoass",
"form": "pa-ni",
"cf": "pānu",
"gw": "front",
"sense": "front",
"norm": "pāni",
"pos": "N",
"epos": "N"}
}
,
{
"node": "l",
"frag": "la-a",
"id": "P334183.l083b6",
"ref": "P334183.20.3",
"inst": "lā[not]MOD",
"sig": "@saao/saa10%akk-x-neoass:la-a=lā[not//not]MOD'MOD$lā",
"f": {"lang": "akk-x-neoass",
"form": "la-a",
"cf": "lā",
"gw": "not",
"sense": "not",
"norm": "lā",
"pos": "MOD",
"epos": "MOD"}
}
,
{
"node": "l",
"frag": "il-lak",
"id": "P334183.l083b7",
"ref": "P334183.20.4",
"inst": "illak[go]V",
"sig": "@saao/saa10%akk-x-neoass:il-lak=alāku[go//come]V'V$illak",
"f": {"lang": "akk-x-neoass",
"form": "il-lak",
"cf": "alāku",
"gw": "go",
"sense": "come",
"norm": "illak",
"pos": "V",
"epos": "V"}
}
,
{
"node": "d",
"type": "line-start",
"ref": "P334183.21",
"n": "4",
"label": "r 4"}
,
{
"node": "l",
"frag": "LUGAL",
"id": "P334183.l083b8",
"ref": "P334183.21.1",
"inst": "šarru[king]N",
"sig": "@saao/saa10%akk-x-neoass:LUGAL=šarru[king//king]N'N$šarru",
"f": {"lang": "akk-x-neoass",
"form": "LUGAL",
"cf": "šarru",
"gw": "king",
"sense": "king",
"norm": "šarru",
"pos": "N",
"epos": "N"}
}
,
{
"node": "l",
"frag": "be-li₂",
"id": "P334183.l083b9",
"ref": "P334183.21.2",
"inst": "bēlī[lord]N",
"sig": "@saao/saa10%akk-x-neoass:be-li₂=bēlu[lord//lord]N'N$bēlī",
"f": {"lang": "akk-x-neoass",
"form": "be-li₂",
"cf": "bēlu",
"gw": "lord",
"sense": "lord",
"norm": "bēlī",
"pos": "N",
"epos": "N"}
}
,
{
"node": "l",
"frag": "lu",
"id": "P334183.l083ba",
"ref": "P334183.21.3",
"inst": "lū[may]MOD",
"sig": "@saao/saa10%akk-x-neoass:lu=lū[may//may]MOD'MOD$lū",
"f": {"lang": "akk-x-neoass",
"form": "lu",
"cf": "lū",
"gw": "may",
"sense": "may",
"norm": "lū",
"pos": "MOD",
"epos": "MOD"}
}
,
{
"node": "l",
"frag": "u₂-di",
"id": "P334183.l083bb",
"ref": "P334183.21.4",
"inst": "ūdi[know]V",
"sig": "@saao/saa10%akk-x-neoass:u₂-di=wadû[know//know]V'V$ūdi",
"f": {"lang": "akk-x-neoass",
"form": "u₂-di",
"cf": "wadû",
"gw": "know",
"sense": "know",
"norm": "ūdi",
"pos": "V",
"epos": "V"}
}
,
{
"node": "d",
"type": "line-start",
"ref": "P334183.22",
"n": "5",
"label": "r 5"}
,
{
"node": "l",
"frag": "ki-i",
"id": "P334183.l083bc",
"ref": "P334183.22.1",
"inst": "kî[that]'SBJ",
"sig": "@saao/saa10%akk-x-neoass:ki-i=kī[like//that]PRP'SBJ$kî",
"f": {"lang": "akk-x-neoass",
"form": "ki-i",
"cf": "kī",
"gw": "like",
"sense": "that",
"norm": "kî",
"pos": "PRP",
"epos": "SBJ"}
}
,
{
"node": "l",
"frag": "ma-ri-ṣu-u₂-ni",
"id": "P334183.l083bd",
"ref": "P334183.22.2",
"inst": "+marṣu[sick//ill]AJ'AJ$mariṣūni",
"sig": "@saao/saa10%akk-x-neoass:ma-ri-ṣu-u₂-ni=marṣu[sick//ill]AJ'AJ$mariṣūni",
"f": {"lang": "akk-x-neoass",
"form": "ma-ri-ṣu-u₂-ni",
"cf": "marṣu",
"gw": "sick",
"sense": "ill",
"norm": "mariṣūni",
"pos": "AJ",
"epos": "AJ"}
}
,
{
"node": "d",
"type": "line-start",
"ref": "P334183.23",
"n": "6",
"label": "r 6"}
,
{
"node": "l",
"frag": "ur-ke-te",
"id": "P334183.l083be",
"ref": "P334183.23.1",
"inst": "urkēte[afterwards]AV",
"sig": "@saao/saa10%akk-x-neoass:ur-ke-te=arkītu[later//afterwards]AV'AV$urkēte",
"f": {"lang": "akk-x-neoass",
"form": "ur-ke-te",
"cf": "arkītu",
"gw": "later",
"sense": "afterwards",
"norm": "urkēte",
"pos": "AV",
"epos": "AV"}
}
,
{
"node": "l",
"frag": "LUGAL",
"id": "P334183.l083bf",
"ref": "P334183.23.2",
"inst": "šarru[king]N",
"sig": "@saao/saa10%akk-x-neoass:LUGAL=šarru[king//king]N'N$šarru",
"f": {"lang": "akk-x-neoass",
"form": "LUGAL",
"cf": "šarru",
"gw": "king",
"sense": "king",
"norm": "šarru",
"pos": "N",
"epos": "N"}
}
,
{
"node": "l",
"frag": "a-na",
"id": "P334183.l083c0",
"ref": "P334183.23.3",
"inst": "ana[to]PRP",
"sig": "@saao/saa10%akk-x-neoass:a-na=ana[to//to]PRP'PRP$ana",
"f": {"lang": "akk-x-neoass",
"form": "a-na",
"cf": "ana",
"gw": "to",
"sense": "to",
"norm": "ana",
"pos": "PRP",
"epos": "PRP"}
}
,
{
"node": "l",
"frag": "hi-ṭi-ni",
"id": "P334183.l083c1",
"ref": "P334183.23.4",
"inst": "+hīṭu[error//fault]N'N$hīṭīni",
"sig": "@saao/saa10%akk-x-neoass:hi-ṭi-ni=hīṭu[error//fault]N'N$hīṭīni",
"f": {"lang": "akk-x-neoass",
"form": "hi-ṭi-ni",
"cf": "hīṭu",
"gw": "error",
"sense": "fault",
"norm": "hīṭīni",
"pos": "N",
"epos": "N"}
}
,
{
"node": "d",
"type": "line-start",
"ref": "P334183.24",
"n": "7",
"label": "r 7"}
,
{
"node": "l",
"frag": "⸢lu⸣-u",
"id": "P334183.l083c2",
"ref": "P334183.24.1",
"inst": "lū[may]MOD",
"sig": "@saao/saa10%akk-x-neoass:lu-u=lū[may//may]MOD'MOD$lū",
"f": {"lang": "akk-x-neoass",
"form": "lu-u",
"cf": "lū",
"gw": "may",
"sense": "may",
"norm": "lū",
"pos": "MOD",
"epos": "MOD"}
}
,
{
"node": "l",
"frag": "la",
"id": "P334183.l083c3",
"ref": "P334183.24.2",
"inst": "lā[not]MOD",
"sig": "@saao/saa10%akk-x-neoass:la=lā[not//not]MOD'MOD$lā",
"f": {"lang": "akk-x-neoass",
"form": "la",
"cf": "lā",
"gw": "not",
"sense": "not",
"norm": "lā",
"pos": "MOD",
"epos": "MOD"}
}
,
{
"node": "l",
"frag": "i-šak-kan",
"id": "P334183.l083c4",
"ref": "P334183.24.3",
"inst": "išakkan[place]V",
"sig": "@saao/saa10%akk-x-neoass:i-šak-kan=šakānu[put//place]V'V$išakkan",
"f": {"lang": "akk-x-neoass",
"form": "i-šak-kan",
"cf": "šakānu",
"gw": "put",
"sense": "place",
"norm": "išakkan",
"pos": "V",
"epos": "V"}
}
,
{
"node": "d",
"type": "line-start",
"ref": "P334183.25",
"n": "8",
"label": "r 8"}
,
{
"node": "l",
"frag": "[mar]-hi-ṣi",
"id": "P334183.l083c5",
"ref": "P334183.25.1",
"inst": "+marhaṣu[rinse//lotion]N'N$marhiṣī",
"sig": "@saao/saa10%akk-x-neoass:mar-hi-ṣi=marhaṣu[rinse//lotion]N'N$marhiṣī",
"f": {"lang": "akk-x-neoass",
"form": "mar-hi-ṣi",
"cf": "marhaṣu",
"gw": "rinse",
"sense": "lotion",
"norm": "marhiṣī",
"pos": "N",
"epos": "N"}
}
,
{
"node": "l",
"frag": "02",
"id": "P334183.l083c6",
"ref": "P334183.25.2",
"inst": "n",
"f": {"lang": "akk-x-neoass",
"form": "02",
"pos": "n"}
}
,
{
"node": "l",
"frag": "u",
"id": "P334183.l083c7",
"ref": "P334183.25.3",
"inst": "u[and]CNJ",
"sig": "@saao/saa10%akk-x-neoass:u=u[and//and]CNJ'CNJ$u",
"f": {"lang": "akk-x-neoass",
"form": "u",
"cf": "u",
"gw": "and",
"sense": "and",
"norm": "u",
"pos": "CNJ",
"epos": "CNJ"}
}
,
{
"node": "l",
"frag": "03",
"id": "P334183.l083c8",
"ref": "P334183.25.4",
"inst": "n",
"f": {"lang": "akk-x-neoass",
"form": "03",
"pos": "n"}
}
,
{
"node": "d",
"type": "line-start",
"ref": "P334183.26",
"n": "9",
"label": "r 9"}
,
{
"node": "l",
"frag": "[e]-⸢ta⸣-pa-aš₂",
"id": "P334183.l083c9",
"ref": "P334183.26.1",
"inst": "+epēšu[do//apply]V'V$ētapaš",
"sig": "@saao/saa10%akk-x-neoass:e-ta-pa-aš₂=epēšu[do//apply]V'V$ētapaš",
"f": {"lang": "akk-x-neoass",
"form": "e-ta-pa-aš₂",
"cf": "epēšu",
"gw": "do",
"sense": "apply",
"norm": "ētapaš",
"pos": "V",
"epos": "V"}
}
,
{
"node": "l",
"frag": "ṭu-bu",
"id": "P334183.l083ca",
"ref": "P334183.26.2",
"inst": "+ṭūbu[goodness]N$",
"sig": "@saao/saa10%akk-x-neoass:ṭu-bu=ṭūbu[goodness//goodness]N'N$ṭūbu",
"f": {"lang": "akk-x-neoass",
"form": "ṭu-bu",
"cf": "ṭūbu",
"gw": "goodness",
"sense": "goodness",
"norm": "ṭūbu",
"pos": "N",
"epos": "N"}
}
,
{
"node": "d",
"type": "line-start",
"ref": "P334183.27",
"n": "10",
"label": "r 10"}
,
{
"node": "l",
"frag": "ŠA₃-bi",
"id": "P334183.l083cb",
"ref": "P334183.27.1",
"inst": "libbi[heart]N",
"sig": "@saao/saa10%akk-x-neoass:ŠA₃-bi=libbu[interior//heart]N'N$libbi",
"f": {"lang": "akk-x-neoass",
"form": "ŠA₃-bi",
"cf": "libbu",
"gw": "interior",
"sense": "heart",
"norm": "libbi",
"pos": "N",
"epos": "N"}
}
,
{
"node": "l",
"frag": "la-a",
"id": "P334183.l083cc",
"ref": "P334183.27.2",
"inst": "lā[not]MOD",
"sig": "@saao/saa10%akk-x-neoass:la-a=lā[not//not]MOD'MOD$lā",
"f": {"lang": "akk-x-neoass",
"form": "la-a",
"cf": "lā",
"gw": "not",
"sense": "not",
"norm": "lā",
"pos": "MOD",
"epos": "MOD"}
}
,
{
"node": "l",
"frag": "e-mur",
"id": "P334183.l083cd",
"ref": "P334183.27.3",
"inst": "ēmur[see]V",
"sig": "@saao/saa10%akk-x-neoass:e-mur=amāru[see//see]V'V$ēmur",
"f": {"lang": "akk-x-neoass",
"form": "e-mur",
"cf": "amāru",
"gw": "see",
"sense": "see",
"norm": "ēmur",
"pos": "V",
"epos": "V"}
}
]}
]}
]}
]}
