{
"type": "cdl",
  "source": "http://oracc.org/saao/saa10",
  "license": "This data is released under the CC0 license",
  "license-url": "https://creativecommons.org/publicdomain/zero/1.0/",
  "more-info": "http://oracc.org/doc/opendata/",
  "UTC-timestamp": "2017-05-19T11:42:43",
"project": "saao/saa10",
"textid": "P334260",
"cdl": [
{
"node": "c",
"type": "text",
"id": "P334260.U0",
"cdl": [
{
"node": "d",
"type": "object",
"ref": ""}
,
{
"node": "d",
"subtype": "obverse",
"type": "surface",
"ref": "P334260.o.1",
"type": "obverse",
"label": "o"}
,
{
"node": "c",
"type": "discourse",
"subtype": "body",
"id": "P334260.U1",
"cdl": [
{
"node": "c",
"type": "sentence",
"id": "P334260.U2",
"label": "o 1 - r 6",
"cdl": [
{
"node": "d",
"type": "line-start",
"ref": "P334260.2",
"n": "1",
"label": "o 1"}
,
{
"node": "l",
"frag": "a-na",
"id": "P334260.l00153",
"ref": "P334260.2.1",
"inst": "ana[to]PRP",
"sig": "@saao/saa10%akk-x-neoass:a-na=ana[to//to]PRP'PRP$ana",
"f": {"lang": "akk-x-neoass",
"form": "a-na",
"cf": "ana",
"gw": "to",
"sense": "to",
"norm": "ana",
"pos": "PRP",
"epos": "PRP"}
}
,
{
"node": "l",
"frag": "LUGAL\\d",
"id": "P334260.l00154",
"ref": "P334260.2.2",
"inst": "šarri[king]N",
"sig": "@saao/saa10%akk-x-neoass:LUGAL=šarru[king//king]N'N$šarri",
"f": {"lang": "akk-x-neoass",
"form": "LUGAL",
"cf": "šarru",
"gw": "king",
"sense": "king",
"norm": "šarri",
"pos": "N",
"epos": "N"}
}
,
{
"node": "l",
"frag": "EN-ia",
"id": "P334260.l00155",
"ref": "P334260.2.3",
"inst": "bēlīya[lord]N",
"sig": "@saao/saa10%akk-x-neoass:EN-ia=bēlu[lord//lord]N'N$bēlīya",
"f": {"lang": "akk-x-neoass",
"form": "EN-ia",
"cf": "bēlu",
"gw": "lord",
"sense": "lord",
"norm": "bēlīya",
"pos": "N",
"epos": "N"}
}
,
{
"node": "d",
"type": "line-start",
"ref": "P334260.3",
"n": "2",
"label": "o 2"}
,
{
"node": "l",
"frag": "ARAD-ka",
"id": "P334260.l00156",
"ref": "P334260.3.1",
"inst": "urdaka[servant]N",
"sig": "@saao/saa10%akk-x-neoass:ARAD-ka=ardu[slave//servant]N'N$urdaka",
"f": {"lang": "akk-x-neoass",
"form": "ARAD-ka",
"cf": "ardu",
"gw": "slave",
"sense": "servant",
"norm": "urdaka",
"pos": "N",
"epos": "N"}
}
,
{
"node": "l",
"frag": "{1}15--MU-KAM-eš",
"id": "P334260.l00157",
"ref": "P334260.3.2",
"inst": "Issar-šumu-ereš[1]PN",
"sig": "@saao/saa10%akk-x-neoass:{1}15-MU-KAM-eš=Issar-šumu-ereš[1//1]PN'PN$Issar-šumu-ereš",
"f": {"lang": "akk-x-neoass",
"form": "{1}15-MU-KAM-eš",
"cf": "Issar-šumu-ereš",
"gw": "1",
"sense": "1",
"norm": "Issar-šumu-ereš",
"pos": "PN",
"epos": "PN"}
}
,
{
"node": "d",
"type": "line-start",
"ref": "P334260.4",
"n": "3",
"label": "o 3"}
,
{
"node": "l",
"frag": "lu",
"id": "P334260.l00158",
"ref": "P334260.4.1",
"inst": "lū[may]MOD",
"sig": "@saao/saa10%akk-x-neoass:lu=lū[may//may]MOD'MOD$lū",
"f": {"lang": "akk-x-neoass",
"form": "lu",
"cf": "lū",
"gw": "may",
"sense": "may",
"norm": "lū",
"pos": "MOD",
"epos": "MOD"}
}
,
{
"node": "l",
"frag": "šul-mu",
"id": "P334260.l00159",
"ref": "P334260.4.2",
"inst": "šulmu[health]N",
"sig": "@saao/saa10%akk-x-neoass:šul-mu=šulmu[completeness//health]N'N$šulmu",
"f": {"lang": "akk-x-neoass",
"form": "šul-mu",
"cf": "šulmu",
"gw": "completeness",
"sense": "health",
"norm": "šulmu",
"pos": "N",
"epos": "N"}
}
,
{
"node": "d",
"type": "line-start",
"ref": "P334260.5",
"n": "4",
"label": "o 4"}
,
{
"node": "l",
"frag": "a-na",
"id": "P334260.l0015a",
"ref": "P334260.5.1",
"inst": "ana[to]PRP",
"sig": "@saao/saa10%akk-x-neoass:a-na=ana[to//to]PRP'PRP$ana",
"f": {"lang": "akk-x-neoass",
"form": "a-na",
"cf": "ana",
"gw": "to",
"sense": "to",
"norm": "ana",
"pos": "PRP",
"epos": "PRP"}
}
,
{
"node": "l",
"frag": "LUGAL\\d",
"id": "P334260.l0015b",
"ref": "P334260.5.2",
"inst": "šarri[king]N",
"sig": "@saao/saa10%akk-x-neoass:LUGAL=šarru[king//king]N'N$šarri",
"f": {"lang": "akk-x-neoass",
"form": "LUGAL",
"cf": "šarru",
"gw": "king",
"sense": "king",
"norm": "šarri",
"pos": "N",
"epos": "N"}
}
,
{
"node": "l",
"frag": "EN-ia",
"id": "P334260.l0015c",
"ref": "P334260.5.3",
"inst": "bēlīya[lord]N",
"sig": "@saao/saa10%akk-x-neoass:EN-ia=bēlu[lord//lord]N'N$bēlīya",
"f": {"lang": "akk-x-neoass",
"form": "EN-ia",
"cf": "bēlu",
"gw": "lord",
"sense": "lord",
"norm": "bēlīya",
"pos": "N",
"epos": "N"}
}
,
{
"node": "d",
"type": "line-start",
"ref": "P334260.6",
"n": "5",
"label": "o 5"}
,
{
"node": "l",
"frag": "{d}AG",
"id": "P334260.l0015d",
"ref": "P334260.6.1",
"inst": "Nabu[1]DN",
"sig": "@saao/saa10%akk-x-neoass:{d}AG=Nabu[1//1]DN'DN$Nabu",
"f": {"lang": "akk-x-neoass",
"form": "{d}AG",
"cf": "Nabu",
"gw": "1",
"sense": "1",
"norm": "Nabu",
"pos": "DN",
"epos": "DN"}
}
,
{
"node": "l",
"frag": "u",
"id": "P334260.l0015e",
"ref": "P334260.6.2",
"inst": "u[and]CNJ",
"sig": "@saao/saa10%akk-x-neoass:u=u[and//and]CNJ'CNJ$u",
"f": {"lang": "akk-x-neoass",
"form": "u",
"cf": "u",
"gw": "and",
"sense": "and",
"norm": "u",
"pos": "CNJ",
"epos": "CNJ"}
}
,
{
"node": "l",
"frag": "{d}AMAR.UTU",
"id": "P334260.l0015f",
"ref": "P334260.6.3",
"inst": "Marduk[1]DN",
"sig": "@saao/saa10%akk-x-neoass:{d}AMAR.UTU=Marduk[1//1]DN'DN$Marduk",
"f": {"lang": "akk-x-neoass",
"form": "{d}AMAR.UTU",
"cf": "Marduk",
"gw": "1",
"sense": "1",
"norm": "Marduk",
"pos": "DN",
"epos": "DN"}
}
,
{
"node": "d",
"type": "line-start",
"ref": "P334260.7",
"n": "6",
"label": "o 6"}
,
{
"node": "l",
"frag": "a-na",
"id": "P334260.l00160",
"ref": "P334260.7.1",
"inst": "ana[to]PRP",
"sig": "@saao/saa10%akk-x-neoass:a-na=ana[to//to]PRP'PRP$ana",
"f": {"lang": "akk-x-neoass",
"form": "a-na",
"cf": "ana",
"gw": "to",
"sense": "to",
"norm": "ana",
"pos": "PRP",
"epos": "PRP"}
}
,
{
"node": "l",
"frag": "LUGAL\\d",
"id": "P334260.l00161",
"ref": "P334260.7.2",
"inst": "šarri[king]N",
"sig": "@saao/saa10%akk-x-neoass:LUGAL=šarru[king//king]N'N$šarri",
"f": {"lang": "akk-x-neoass",
"form": "LUGAL",
"cf": "šarru",
"gw": "king",
"sense": "king",
"norm": "šarri",
"pos": "N",
"epos": "N"}
}
,
{
"node": "l",
"frag": "EN-ia",
"id": "P334260.l00162",
"ref": "P334260.7.3",
"inst": "bēlīya[lord]N",
"sig": "@saao/saa10%akk-x-neoass:EN-ia=bēlu[lord//lord]N'N$bēlīya",
"f": {"lang": "akk-x-neoass",
"form": "EN-ia",
"cf": "bēlu",
"gw": "lord",
"sense": "lord",
"norm": "bēlīya",
"pos": "N",
"epos": "N"}
}
,
{
"node": "d",
"type": "line-start",
"ref": "P334260.8",
"n": "7",
"label": "o 7"}
,
{
"node": "l",
"frag": "lik-ru-bu",
"id": "P334260.l00163",
"ref": "P334260.8.1",
"inst": "likrubu[bless]V",
"sig": "@saao/saa10%akk-x-neoass:lik-ru-bu=karābu[pray//bless]V'V$likrubu",
"f": {"lang": "akk-x-neoass",
"form": "lik-ru-bu",
"cf": "karābu",
"gw": "pray",
"sense": "bless",
"norm": "likrubu",
"pos": "V",
"epos": "V"}
}
,
{
"node": "d",
"type": "line-start",
"ref": "P334260.9",
"n": "8",
"label": "o 8"}
,
{
"node": "l",
"frag": "UD",
"id": "P334260.l00164",
"ref": "P334260.9.1",
"inst": "ūm[day]N",
"sig": "@saao/saa10%akk-x-neoass:UD=ūmu[day//day]N'N$ūm",
"f": {"lang": "akk-x-neoass",
"form": "UD",
"cf": "ūmu",
"gw": "day",
"sense": "day",
"norm": "ūm",
"pos": "N",
"epos": "N"}
}
,
{
"node": "l",
"frag": "20-KAM₂",
"id": "P334260.l00165",
"ref": "P334260.9.2",
"inst": "n",
"f": {"lang": "akk-x-neoass",
"form": "20-KAM₂",
"pos": "n"}
}
,
{
"node": "d",
"type": "line-start",
"ref": "P334260.10",
"n": "9",
"label": "o 9"}
,
{
"node": "l",
"frag": "UD",
"id": "P334260.l00166",
"ref": "P334260.10.1",
"inst": "ūm[day]N",
"sig": "@saao/saa10%akk-x-neoass:UD=ūmu[day//day]N'N$ūm",
"f": {"lang": "akk-x-neoass",
"form": "UD",
"cf": "ūmu",
"gw": "day",
"sense": "day",
"norm": "ūm",
"pos": "N",
"epos": "N"}
}
,
{
"node": "l",
"frag": "22-KAM₂",
"id": "P334260.l00167",
"ref": "P334260.10.2",
"inst": "n",
"f": {"lang": "akk-x-neoass",
"form": "22-KAM₂",
"pos": "n"}
}
,
{
"node": "d",
"type": "line-start",
"ref": "P334260.11",
"n": "10",
"label": "o 10"}
,
{
"node": "l",
"frag": "UD",
"id": "P334260.l00168",
"ref": "P334260.11.1",
"inst": "ūm[day]N",
"sig": "@saao/saa10%akk-x-neoass:UD=ūmu[day//day]N'N$ūm",
"f": {"lang": "akk-x-neoass",
"form": "UD",
"cf": "ūmu",
"gw": "day",
"sense": "day",
"norm": "ūm",
"pos": "N",
"epos": "N"}
}
,
{
"node": "l",
"frag": "25-KAM₂",
"id": "P334260.l00169",
"ref": "P334260.11.2",
"inst": "n",
"f": {"lang": "akk-x-neoass",
"form": "25-KAM₂",
"pos": "n"}
}
,
{
"node": "d",
"type": "line-start",
"ref": "P334260.12",
"n": "11",
"label": "o 11"}
,
{
"node": "l",
"frag": "a-na",
"id": "P334260.l0016a",
"ref": "P334260.12.1",
"inst": "ana[for]PRP",
"sig": "@saao/saa10%akk-x-neoass:a-na=ana[to//for]PRP'PRP$ana",
"f": {"lang": "akk-x-neoass",
"form": "a-na",
"cf": "ana",
"gw": "to",
"sense": "for",
"norm": "ana",
"pos": "PRP",
"epos": "PRP"}
}
,
{
"node": "l",
"frag": "ša₂-ka-ni\\d",
"id": "P334260.l0016b",
"ref": "P334260.12.2",
"inst": "+šakānu[put//conclusion]V'N$šakāni",
"sig": "@saao/saa10%akk-x-neoass:ša₂-ka-ni=šakānu[put//conclusion]V'N$šakāni",
"f": {"lang": "akk-x-neoass",
"form": "ša₂-ka-ni",
"cf": "šakānu",
"gw": "put",
"sense": "conclusion",
"norm": "šakāni",
"pos": "V",
"epos": "N"}
}
,
{
"node": "d",
"subtype": "reverse",
"type": "surface",
"ref": "P334260.r.13",
"type": "reverse",
"label": "r"}
,
{
"node": "d",
"type": "line-start",
"ref": "P334260.14",
"n": "1",
"label": "r 1"}
,
{
"node": "l",
"frag": "ša\\m",
"id": "P334260.l0016c",
"ref": "P334260.14.1",
"inst": "ša[of]DET",
"sig": "@saao/saa10%akk-x-neoass:ša=ša[of//of]DET'DET$ša",
"f": {"lang": "akk-x-neoass",
"form": "ša",
"cf": "ša",
"gw": "of",
"sense": "of",
"norm": "ša",
"pos": "DET",
"epos": "DET"}
}
,
{
"node": "l",
"frag": "a-de-e",
"id": "P334260.l0016d",
"ref": "P334260.14.2",
"inst": "adê[treaty]N",
"sig": "@saao/saa10%akk-x-neoass:a-de-e=adû[(treaty-)oath//treaty]N'N$adê",
"f": {"lang": "akk-x-neoass",
"form": "a-de-e",
"cf": "adû",
"gw": "(treaty-)oath",
"sense": "treaty",
"norm": "adê",
"pos": "N",
"epos": "N"}
}
,
{
"node": "d",
"type": "line-start",
"ref": "P334260.15",
"n": "2",
"label": "r 2"}
,
{
"node": "l",
"frag": "ṭa-a-ba",
"id": "P334260.l0016e",
"ref": "P334260.15.1",
"inst": "ṭāba[good]AJ",
"sig": "@saao/saa10%akk-x-neoass:ṭa-a-ba=ṭābu[good//good]AJ'AJ$ṭāba",
"f": {"lang": "akk-x-neoass",
"form": "ṭa-a-ba",
"cf": "ṭābu",
"gw": "good",
"sense": "good",
"norm": "ṭāba",
"pos": "AJ",
"epos": "AJ"}
}
,
{
"node": "d",
"type": "line-start",
"ref": "P334260.16",
"n": "3",
"label": "r 3"}
,
{
"node": "c",
"type": "phrase",
"tag": "phr",
"id": "P334260.U4",
"ref": "P334260.ls00000",
"cdl": [
{
"node": "l",
"frag": "im-ma-at",
"id": "P334260.l0016f",
"ref": "P334260.16.1",
"cof-tails": "P334260.l00170",
"inst": "+ina[in+=whenever]PRP$&+mati[when?]QP$mat",
"sig": "@saao/saa10%akk-x-neoass:im-ma-at=ina[in//in]PRP'PRP$ina&&@saao/saa10%akk-x-neoass:im-ma-at=mati[when?//when?]QP'QP$mat",
"f": {"lang": "akk-x-neoass",
"form": "im-ma-at",
"cf": "ina",
"gw": "in",
"sense": "in",
"norm": "ina",
"pos": "PRP",
"epos": "PRP"}
}
,
{
"node": "l",
"frag": "im-ma-at",
"id": "P334260.l00170",
"ref": "P334260.16.1",
"cof-head": "P334260.l0016f",
"inst": "+ina[in+=whenever]PRP$&+mati[when?]QP$mat",
"f": {"lang": "akk-x-neoass",
"form": "im-ma-at",
"cf": "mati",
"gw": "when?",
"sense": "when?",
"norm": "mat",
"pos": "QP",
"epos": "QP"}
}
]}
,
{
"node": "l",
"frag": "LUGAL",
"id": "P334260.l00171",
"ref": "P334260.16.2",
"inst": "šarru[king]N",
"sig": "@saao/saa10%akk-x-neoass:LUGAL=šarru[king//king]N'N$šarru",
"f": {"lang": "akk-x-neoass",
"form": "LUGAL",
"cf": "šarru",
"gw": "king",
"sense": "king",
"norm": "šarru",
"pos": "N",
"epos": "N"}
}
,
{
"node": "l",
"frag": "be-li",
"id": "P334260.l00172",
"ref": "P334260.16.3",
"inst": "bēlī[lord]N",
"sig": "@saao/saa10%akk-x-neoass:be-li=bēlu[lord//lord]N'N$bēlī",
"f": {"lang": "akk-x-neoass",
"form": "be-li",
"cf": "bēlu",
"gw": "lord",
"sense": "lord",
"norm": "bēlī",
"pos": "N",
"epos": "N"}
}
,
{
"node": "d",
"type": "line-start",
"ref": "P334260.17",
"n": "4",
"label": "r 4"}
,
{
"node": "l",
"frag": "i-qab-bu-u-ni",
"id": "P334260.l00173",
"ref": "P334260.17.1",
"inst": "iqabbûni[say]V",
"sig": "@saao/saa10%akk-x-neoass:i-qab-bu-u-ni=qabû[say//say]V'V$iqabbûni",
"f": {"lang": "akk-x-neoass",
"form": "i-qab-bu-u-ni",
"cf": "qabû",
"gw": "say",
"sense": "say",
"norm": "iqabbûni",
"pos": "V",
"epos": "V"}
}
,
{
"node": "d",
"type": "line-start",
"ref": "P334260.18",
"n": "5",
"label": "r 5"}
,
{
"node": "l",
"frag": "nu-ša₂-aṣ-bi-it",
"id": "P334260.l00174",
"ref": "P334260.18.1",
"inst": "+ṣabātu[seize//settle]V'V$nušaṣbit",
"sig": "@saao/saa10%akk-x-neoass:nu-ša₂-aṣ-bi-it=ṣabātu[seize//settle]V'V$nušaṣbit",
"f": {"lang": "akk-x-neoass",
"form": "nu-ša₂-aṣ-bi-it",
"cf": "ṣabātu",
"gw": "seize",
"sense": "settle",
"norm": "nušaṣbit",
"pos": "V",
"epos": "V"}
}
,
{
"node": "d",
"type": "line-start",
"ref": "P334260.19",
"n": "6",
"label": "r 6"}
,
{
"node": "l",
"frag": "liš-ku-nu",
"id": "P334260.l00175",
"ref": "P334260.19.1",
"inst": "+šakānu[put//conclude]V'V$liškunu",
"sig": "@saao/saa10%akk-x-neoass:liš-ku-nu=šakānu[put//conclude]V'V$liškunu",
"f": {"lang": "akk-x-neoass",
"form": "liš-ku-nu",
"cf": "šakānu",
"gw": "put",
"sense": "conclude",
"norm": "liškunu",
"pos": "V",
"epos": "V"}
}
,
{
"node": "d",
"type": "nonx",
"ref": "P334260.20",
"strict": "0",
"extent": "rest",
"state": "other"}
]}
]}
]}
,
{
"linkbase": [{
"type": "linkset",
"xlink_title": "ina mati[when?//when?]QP'QP",
"id": "P334260.ls00000",
"xlink_type": "extended",
"xlink_role": "psu",
"sig": "{im-ma-at = ina[in]PRP mati[when?]QP += ina mati[when?//when?]QP'QP}::@saao/saa10%akk-x-neoass:im-ma-at=ina[in//in]PRP'PRP$ina++@saao/saa10%akk-x-neoass:im-ma-at=mati[when?//when?]QP'QP$mat",
"links": [
{
"type": "link",
"xlink_title": "ina",
"xlink_type": "locator",
"xlink_href": "#P334260.l0016f",
"xlink_role": "elt"}
,
{
"type": "link",
"xlink_title": "mati",
"xlink_type": "locator",
"xlink_href": "#P334260.l00170",
"xlink_role": "elt"}
]}
]}
]}
