{
"type": "cdl",
  "source": "http://oracc.org/saao/saa10",
  "license": "This data is released under the CC0 license",
  "license-url": "https://creativecommons.org/publicdomain/zero/1.0/",
  "more-info": "http://oracc.org/doc/opendata/",
  "UTC-timestamp": "2017-05-19T11:42:36",
"project": "saao/saa10",
"textid": "P334027",
"cdl": [
{
"node": "c",
"type": "text",
"id": "P334027.U0",
"cdl": [
{
"node": "d",
"type": "object",
"ref": ""}
,
{
"node": "d",
"subtype": "obverse",
"type": "surface",
"ref": "P334027.o.1",
"type": "obverse",
"label": "o"}
,
{
"node": "c",
"type": "discourse",
"subtype": "body",
"id": "P334027.U1",
"cdl": [
{
"node": "c",
"type": "sentence",
"id": "P334027.U2",
"label": "o 1 - r 11",
"cdl": [
{
"node": "d",
"type": "line-start",
"ref": "P334027.2",
"n": "1",
"label": "o 1"}
,
{
"node": "l",
"frag": "a-na",
"id": "P334027.l00e5a",
"ref": "P334027.2.1",
"inst": "ana[to]PRP",
"sig": "@saao/saa10%akk-x-neoass:a-na=ana[to//to]PRP'PRP$ana",
"f": {"lang": "akk-x-neoass",
"form": "a-na",
"cf": "ana",
"gw": "to",
"sense": "to",
"norm": "ana",
"pos": "PRP",
"epos": "PRP"}
}
,
{
"node": "l",
"frag": "LUGAL",
"id": "P334027.l00e5b",
"ref": "P334027.2.2",
"inst": "šarri[king]N",
"sig": "@saao/saa10%akk-x-neoass:LUGAL=šarru[king//king]N'N$šarri",
"f": {"lang": "akk-x-neoass",
"form": "LUGAL",
"cf": "šarru",
"gw": "king",
"sense": "king",
"norm": "šarri",
"pos": "N",
"epos": "N"}
}
,
{
"node": "l",
"frag": "EN-ni",
"id": "P334027.l00e5c",
"ref": "P334027.2.3",
"inst": "bēlīni[lord]N",
"sig": "@saao/saa10%akk-x-neoass:EN-ni=bēlu[lord//lord]N'N$bēlīni",
"f": {"lang": "akk-x-neoass",
"form": "EN-ni",
"cf": "bēlu",
"gw": "lord",
"sense": "lord",
"norm": "bēlīni",
"pos": "N",
"epos": "N"}
}
,
{
"node": "d",
"type": "line-start",
"ref": "P334027.3",
"n": "2",
"label": "o 2"}
,
{
"node": "l",
"frag": "ARAD-MEŠ-ni-ka",
"id": "P334027.l00e5d",
"ref": "P334027.3.1",
"inst": "urdānīka[servant]N",
"sig": "@saao/saa10%akk-x-neoass:ARAD-MEŠ-ni-ka=ardu[slave//servant]N'N$urdānīka",
"f": {"lang": "akk-x-neoass",
"form": "ARAD-MEŠ-ni-ka",
"cf": "ardu",
"gw": "slave",
"sense": "servant",
"norm": "urdānīka",
"pos": "N",
"epos": "N"}
}
,
{
"node": "d",
"type": "line-start",
"ref": "P334027.4",
"n": "3",
"label": "o 3"}
,
{
"node": "l",
"frag": "{1}ba-la-si-i",
"id": "P334027.l00e5e",
"ref": "P334027.4.1",
"inst": "Balasi[1]PN",
"sig": "@saao/saa10%akk-x-neoass:{1}ba-la-si-i=Balasi[1//1]PN'PN$Balasi",
"f": {"lang": "akk-x-neoass",
"form": "{1}ba-la-si-i",
"cf": "Balasi",
"gw": "1",
"sense": "1",
"norm": "Balasi",
"pos": "PN",
"epos": "PN"}
}
,
{
"node": "d",
"type": "line-start",
"ref": "P334027.5",
"n": "4",
"label": "o 4"}
,
{
"node": "l",
"frag": "{1}{d}PA-PAB-MEŠ-SU",
"id": "P334027.l00e5f",
"ref": "P334027.5.1",
"inst": "Nabu-ahhe-eriba[1]PN",
"sig": "@saao/saa10%akk-x-neoass:{1}{d}PA-PAB-MEŠ-SU=Nabu-ahhe-eriba[1//1]PN'PN$Nabu-ahhe-eriba",
"f": {"lang": "akk-x-neoass",
"form": "{1}{d}PA-PAB-MEŠ-SU",
"cf": "Nabu-ahhe-eriba",
"gw": "1",
"sense": "1",
"norm": "Nabu-ahhe-eriba",
"pos": "PN",
"epos": "PN"}
}
,
{
"node": "d",
"type": "line-start",
"ref": "P334027.6",
"n": "5",
"label": "o 5"}
,
{
"node": "l",
"frag": "lu-u",
"id": "P334027.l00e60",
"ref": "P334027.6.1",
"inst": "lū[may]MOD",
"sig": "@saao/saa10%akk-x-neoass:lu-u=lū[may//may]MOD'MOD$lū",
"f": {"lang": "akk-x-neoass",
"form": "lu-u",
"cf": "lū",
"gw": "may",
"sense": "may",
"norm": "lū",
"pos": "MOD",
"epos": "MOD"}
}
,
{
"node": "l",
"frag": "DI-mu",
"id": "P334027.l00e61",
"ref": "P334027.6.2",
"inst": "šulmu[health]N",
"sig": "@saao/saa10%akk-x-neoass:DI-mu=šulmu[completeness//health]N'N$šulmu",
"f": {"lang": "akk-x-neoass",
"form": "DI-mu",
"cf": "šulmu",
"gw": "completeness",
"sense": "health",
"norm": "šulmu",
"pos": "N",
"epos": "N"}
}
,
{
"node": "l",
"frag": "a-na",
"id": "P334027.l00e62",
"ref": "P334027.6.3",
"inst": "ana[to]PRP",
"sig": "@saao/saa10%akk-x-neoass:a-na=ana[to//to]PRP'PRP$ana",
"f": {"lang": "akk-x-neoass",
"form": "a-na",
"cf": "ana",
"gw": "to",
"sense": "to",
"norm": "ana",
"pos": "PRP",
"epos": "PRP"}
}
,
{
"node": "l",
"frag": "LUGAL",
"id": "P334027.l00e63",
"ref": "P334027.6.4",
"inst": "šarri[king]N",
"sig": "@saao/saa10%akk-x-neoass:LUGAL=šarru[king//king]N'N$šarri",
"f": {"lang": "akk-x-neoass",
"form": "LUGAL",
"cf": "šarru",
"gw": "king",
"sense": "king",
"norm": "šarri",
"pos": "N",
"epos": "N"}
}
,
{
"node": "l",
"frag": "EN-ni",
"id": "P334027.l00e64",
"ref": "P334027.6.5",
"inst": "bēlīni[lord]N",
"sig": "@saao/saa10%akk-x-neoass:EN-ni=bēlu[lord//lord]N'N$bēlīni",
"f": {"lang": "akk-x-neoass",
"form": "EN-ni",
"cf": "bēlu",
"gw": "lord",
"sense": "lord",
"norm": "bēlīni",
"pos": "N",
"epos": "N"}
}
,
{
"node": "d",
"type": "line-start",
"ref": "P334027.7",
"n": "6",
"label": "o 6"}
,
{
"node": "l",
"frag": "{d}PA",
"id": "P334027.l00e65",
"ref": "P334027.7.1",
"inst": "Nabu[1]DN",
"sig": "@saao/saa10%akk-x-neoass:{d}PA=Nabu[1//1]DN'DN$Nabu",
"f": {"lang": "akk-x-neoass",
"form": "{d}PA",
"cf": "Nabu",
"gw": "1",
"sense": "1",
"norm": "Nabu",
"pos": "DN",
"epos": "DN"}
}
,
{
"node": "l",
"frag": "{d}AMAR.UTU",
"id": "P334027.l00e66",
"ref": "P334027.7.2",
"inst": "Marduk[1]DN",
"sig": "@saao/saa10%akk-x-neoass:{d}AMAR.UTU=Marduk[1//1]DN'DN$Marduk",
"f": {"lang": "akk-x-neoass",
"form": "{d}AMAR.UTU",
"cf": "Marduk",
"gw": "1",
"sense": "1",
"norm": "Marduk",
"pos": "DN",
"epos": "DN"}
}
,
{
"node": "l",
"frag": "a-na",
"id": "P334027.l00e67",
"ref": "P334027.7.3",
"inst": "ana[to]PRP",
"sig": "@saao/saa10%akk-x-neoass:a-na=ana[to//to]PRP'PRP$ana",
"f": {"lang": "akk-x-neoass",
"form": "a-na",
"cf": "ana",
"gw": "to",
"sense": "to",
"norm": "ana",
"pos": "PRP",
"epos": "PRP"}
}
,
{
"node": "l",
"frag": "LUGAL",
"id": "P334027.l00e68",
"ref": "P334027.7.4",
"inst": "šarri[king]N",
"sig": "@saao/saa10%akk-x-neoass:LUGAL=šarru[king//king]N'N$šarri",
"f": {"lang": "akk-x-neoass",
"form": "LUGAL",
"cf": "šarru",
"gw": "king",
"sense": "king",
"norm": "šarri",
"pos": "N",
"epos": "N"}
}
,
{
"node": "d",
"type": "line-start",
"ref": "P334027.8",
"n": "7",
"label": "o 7"}
,
{
"node": "l",
"frag": "lik-ru-bu",
"id": "P334027.l00e69",
"ref": "P334027.8.1",
"inst": "likrubu[bless]V",
"sig": "@saao/saa10%akk-x-neoass:lik-ru-bu=karābu[pray//bless]V'V$likrubu",
"f": {"lang": "akk-x-neoass",
"form": "lik-ru-bu",
"cf": "karābu",
"gw": "pray",
"sense": "bless",
"norm": "likrubu",
"pos": "V",
"epos": "V"}
}
,
{
"node": "l",
"frag": "LUGAL",
"id": "P334027.l00e6a",
"ref": "P334027.8.2",
"inst": "šarru[king]N",
"sig": "@saao/saa10%akk-x-neoass:LUGAL=šarru[king//king]N'N$šarru",
"f": {"lang": "akk-x-neoass",
"form": "LUGAL",
"cf": "šarru",
"gw": "king",
"sense": "king",
"norm": "šarru",
"pos": "N",
"epos": "N"}
}
,
{
"node": "l",
"frag": "EN-ni",
"id": "P334027.l00e6b",
"ref": "P334027.8.3",
"inst": "+bēlu[lord]N$bēlni",
"sig": "@saao/saa10%akk-x-neoass:EN-ni=bēlu[lord//lord]N'N$bēlni",
"f": {"lang": "akk-x-neoass",
"form": "EN-ni",
"cf": "bēlu",
"gw": "lord",
"sense": "lord",
"norm": "bēlni",
"pos": "N",
"epos": "N"}
}
,
{
"node": "d",
"type": "line-start",
"ref": "P334027.9",
"n": "8",
"label": "o 8"}
,
{
"node": "l",
"frag": "re-ma-nu",
"id": "P334027.l00e6c",
"ref": "P334027.9.1",
"inst": "+rēmēnû[merciful]AJ$rēmānu",
"sig": "@saao/saa10%akk-x-neoass:re-ma-nu=rēmēnû[merciful//merciful]AJ'AJ$rēmānu",
"f": {"lang": "akk-x-neoass",
"form": "re-ma-nu",
"cf": "rēmēnû",
"gw": "merciful",
"sense": "merciful",
"norm": "rēmānu",
"pos": "AJ",
"epos": "AJ"}
}
,
{
"node": "l",
"frag": "šu-u₂",
"id": "P334027.l00e6d",
"ref": "P334027.9.2",
"inst": "šû[he]IP",
"sig": "@saao/saa10%akk-x-neoass:šu-u₂=šū[he//he]IP'IP$šû",
"f": {"lang": "akk-x-neoass",
"form": "šu-u₂",
"cf": "šū",
"gw": "he",
"sense": "he",
"norm": "šû",
"pos": "IP",
"epos": "IP"}
}
,
{
"node": "d",
"type": "line-start",
"ref": "P334027.10",
"n": "9",
"label": "o 9"}
,
{
"node": "l",
"frag": "01-en",
"id": "P334027.l00e6e",
"ref": "P334027.10.1",
"inst": "issēn[one]NU",
"sig": "@saao/saa10%akk-x-neoass:01-en=ištēn[one//one]NU'NU$issēn",
"f": {"lang": "akk-x-neoass",
"form": "01-en",
"cf": "ištēn",
"gw": "one",
"sense": "one",
"norm": "issēn",
"pos": "NU",
"epos": "NU"}
}
,
{
"node": "l",
"frag": "UD-mu",
"id": "P334027.l00e6f",
"ref": "P334027.10.2",
"inst": "ūmu[day]N",
"sig": "@saao/saa10%akk-x-neoass:UD-mu=ūmu[day//day]N'N$ūmu",
"f": {"lang": "akk-x-neoass",
"form": "UD-mu",
"cf": "ūmu",
"gw": "day",
"sense": "day",
"norm": "ūmu",
"pos": "N",
"epos": "N"}
}
,
{
"node": "l",
"frag": "e-ṣe-e",
"id": "P334027.l00e70",
"ref": "P334027.10.3",
"inst": "+wīṣu[few//little]AJ'AJ$ēṣê",
"sig": "@saao/saa10%akk-x-neoass:e-ṣe-e=wīṣu[few//little]AJ'AJ$ēṣê",
"f": {"lang": "akk-x-neoass",
"form": "e-ṣe-e",
"cf": "wīṣu",
"gw": "few",
"sense": "little",
"norm": "ēṣê",
"pos": "AJ",
"epos": "AJ"}
}
,
{
"node": "d",
"type": "line-start",
"ref": "P334027.11",
"n": "10",
"label": "o 10"}
,
{
"node": "l",
"frag": "ša",
"id": "P334027.l00e71",
"ref": "P334027.11.1",
"inst": "ša[that]REL",
"sig": "@saao/saa10%akk-x-neoass:ša=ša[that//when]REL'REL$ša",
"f": {"lang": "akk-x-neoass",
"form": "ša",
"cf": "ša",
"gw": "that",
"sense": "when",
"norm": "ša",
"pos": "REL",
"epos": "REL"}
}
,
{
"node": "l",
"frag": "LUGAL",
"id": "P334027.l00e72",
"ref": "P334027.11.2",
"inst": "šarru[king]N",
"sig": "@saao/saa10%akk-x-neoass:LUGAL=šarru[king//king]N'N$šarru",
"f": {"lang": "akk-x-neoass",
"form": "LUGAL",
"cf": "šarru",
"gw": "king",
"sense": "king",
"norm": "šarru",
"pos": "N",
"epos": "N"}
}
,
{
"node": "l",
"frag": "ik-ku-šu",
"id": "P334027.l00e73",
"ref": "P334027.11.3",
"inst": "+ikku[mood]N$ikkušu",
"sig": "@saao/saa10%akk-x-neoass:ik-ku-šu=ikku[mood//mood]N'N$ikkušu",
"f": {"lang": "akk-x-neoass",
"form": "ik-ku-šu",
"cf": "ikku",
"gw": "mood",
"sense": "mood",
"norm": "ikkušu",
"pos": "N",
"epos": "N"}
}
,
{
"node": "l",
"frag": "u₂-kar-ru-ni",
"id": "P334027.l00e74",
"ref": "P334027.11.4",
"inst": "+karû[be(come) short//diminish]V'V$ukarrûni",
"sig": "@saao/saa10%akk-x-neoass:u₂-kar-ru-ni=karû[be(come) short//diminish]V'V$ukarrûni",
"f": {"lang": "akk-x-neoass",
"form": "u₂-kar-ru-ni",
"cf": "karû",
"gw": "be(come) short",
"sense": "diminish",
"norm": "ukarrûni",
"pos": "V",
"epos": "V"}
}
,
{
"node": "d",
"type": "line-start",
"ref": "P334027.12",
"n": "11",
"label": "o 11"}
,
{
"node": "l",
"frag": "ku-sa-pu",
"id": "P334027.l00e75",
"ref": "P334027.12.1",
"inst": "kusāpu[bread]N",
"sig": "@saao/saa10%akk-x-neoass:ku-sa-pu=kusāpu[bread//bread]N'N$kusāpu",
"f": {"lang": "akk-x-neoass",
"form": "ku-sa-pu",
"cf": "kusāpu",
"gw": "bread",
"sense": "bread",
"norm": "kusāpu",
"pos": "N",
"epos": "N"}
}
,
{
"node": "l",
"frag": "la",
"id": "P334027.l00e76",
"ref": "P334027.12.2",
"inst": "lā[not]MOD",
"sig": "@saao/saa10%akk-x-neoass:la=lā[not//not]MOD'MOD$lā",
"f": {"lang": "akk-x-neoass",
"form": "la",
"cf": "lā",
"gw": "not",
"sense": "not",
"norm": "lā",
"pos": "MOD",
"epos": "MOD"}
}
,
{
"node": "l",
"frag": "e-kul-u-ni",
"id": "P334027.l00e77",
"ref": "P334027.12.3",
"inst": "+akālu[eat]V$ekkulūni",
"sig": "@saao/saa10%akk-x-neoass:e-kul-u-ni=akālu[eat//eat]V'V$ekkulūni",
"f": {"lang": "akk-x-neoass",
"form": "e-kul-u-ni",
"cf": "akālu",
"gw": "eat",
"sense": "eat",
"norm": "ekkulūni",
"pos": "V",
"epos": "V"}
}
,
{
"node": "d",
"type": "line-start",
"ref": "P334027.13",
"n": "12",
"label": "o 12"}
,
{
"node": "l",
"frag": "a-di",
"id": "P334027.l00e78",
"ref": "P334027.13.1",
"inst": "adi[until]PRP",
"sig": "@saao/saa10%akk-x-neoass:a-di=adi[until//together with]PRP'PRP$adi",
"f": {"lang": "akk-x-neoass",
"form": "a-di",
"cf": "adi",
"gw": "until",
"sense": "together with",
"norm": "adi",
"pos": "PRP",
"epos": "PRP"}
}
,
{
"node": "l",
"frag": "im-ma-te",
"id": "P334027.l00e79",
"ref": "P334027.13.2",
"cof-tails": "P334027.l00e7a",
"inst": "+ina[in+=when?]PRP$&+mati[when?]QP$mate",
"sig": "@saao/saa10%akk-x-neoass:im-ma-te=ina[in//in]PRP'PRP$ina&&@saao/saa10%akk-x-neoass:=mati[when?//when?]QP'QP$mate",
"f": {"lang": "akk-x-neoass",
"form": "im-ma-te",
"cf": "ina",
"gw": "in",
"sense": "in",
"norm": "ina",
"pos": "PRP",
"epos": "PRP"}
}
,
{
"node": "l",
"frag": "im-ma-te",
"id": "P334027.l00e7a",
"ref": "P334027.13.2",
"cof-head": "P334027.l00e79",
"inst": "+ina[in+=when?]PRP$&+mati[when?]QP$mate",
"f": {"lang": "akk-x-neoass",
"form": "im-ma-te",
"cf": "mati",
"gw": "when?",
"sense": "when?",
"norm": "mate",
"pos": "QP",
"epos": "QP"}
}
,
{
"node": "l",
"frag": "ša₂-al-šu₂",
"id": "P334027.l00e7b",
"ref": "P334027.13.3",
"inst": "+šalšu[third]NU$",
"sig": "@saao/saa10%akk-x-neoass:ša₂-al-šu₂=šalšu[third//third]NU'NU$šalšu",
"f": {"lang": "akk-x-neoass",
"form": "ša₂-al-šu₂",
"cf": "šalšu",
"gw": "third",
"sense": "third",
"norm": "šalšu",
"pos": "NU",
"epos": "NU"}
}
,
{
"node": "d",
"type": "line-start",
"ref": "P334027.14",
"n": "13",
"label": "o 13"}
,
{
"node": "l",
"frag": "ina",
"id": "P334027.l00e7c",
"ref": "P334027.14.1",
"inst": "ina[in]PRP",
"sig": "@saao/saa10%akk-x-neoass:ina=ina[in//from]PRP'PRP$ina",
"f": {"lang": "akk-x-neoass",
"form": "ina",
"cf": "ina",
"gw": "in",
"sense": "from",
"norm": "ina",
"pos": "PRP",
"epos": "PRP"}
}
,
{
"node": "l",
"frag": "UD-me",
"id": "P334027.l00e7d",
"ref": "P334027.14.2",
"inst": "ūme[day]N",
"sig": "@saao/saa10%akk-x-neoass:UD-me=ūmu[day//day]N'N$ūme",
"f": {"lang": "akk-x-neoass",
"form": "UD-me",
"cf": "ūmu",
"gw": "day",
"sense": "day",
"norm": "ūme",
"pos": "N",
"epos": "N"}
}
,
{
"node": "l",
"frag": "an-ni-i-e",
"id": "P334027.l00e7e",
"ref": "P334027.14.3",
"inst": "annīe[this]DP",
"sig": "@saao/saa10%akk-x-neoass:an-ni-i-e=annû[this//this]DP'DP$annīe",
"f": {"lang": "akk-x-neoass",
"form": "an-ni-i-e",
"cf": "annû",
"gw": "this",
"sense": "this",
"norm": "annīe",
"pos": "DP",
"epos": "DP"}
}
,
{
"node": "d",
"type": "line-start",
"ref": "P334027.15",
"n": "14",
"label": "o 14"}
,
{
"node": "l",
"frag": "LUGAL",
"id": "P334027.l00e7f",
"ref": "P334027.15.1",
"inst": "šarru[king]N",
"sig": "@saao/saa10%akk-x-neoass:LUGAL=šarru[king//king]N'N$šarru",
"f": {"lang": "akk-x-neoass",
"form": "LUGAL",
"cf": "šarru",
"gw": "king",
"sense": "king",
"norm": "šarru",
"pos": "N",
"epos": "N"}
}
,
{
"node": "l",
"frag": "NINDA-MEŠ",
"id": "P334027.l00e80",
"ref": "P334027.15.2",
"inst": "kusāpī[bread]N",
"sig": "@saao/saa10%akk-x-neoass:NINDA-MEŠ=kusāpu[bread//bread]N'N$kusāpī",
"f": {"lang": "akk-x-neoass",
"form": "NINDA-MEŠ",
"cf": "kusāpu",
"gw": "bread",
"sense": "bread",
"norm": "kusāpī",
"pos": "N",
"epos": "N"}
}
,
{
"node": "l",
"frag": "la",
"id": "P334027.l00e81",
"ref": "P334027.15.3",
"inst": "lā[not]MOD",
"sig": "@saao/saa10%akk-x-neoass:la=lā[not//not]MOD'MOD$lā",
"f": {"lang": "akk-x-neoass",
"form": "la",
"cf": "lā",
"gw": "not",
"sense": "not",
"norm": "lā",
"pos": "MOD",
"epos": "MOD"}
}
,
{
"node": "l",
"frag": "ek-kal",
"id": "P334027.l00e82",
"ref": "P334027.15.4",
"inst": "+akālu[eat]V$ekkal",
"sig": "@saao/saa10%akk-x-neoass:ek-kal=akālu[eat//eat]V'V$ekkal",
"f": {"lang": "akk-x-neoass",
"form": "ek-kal",
"cf": "akālu",
"gw": "eat",
"sense": "eat",
"norm": "ekkal",
"pos": "V",
"epos": "V"}
}
,
{
"node": "d",
"type": "line-start",
"ref": "P334027.16",
"n": "15",
"label": "o 15"}
,
{
"node": "l",
"frag": "LUGAL",
"id": "P334027.l00e83",
"ref": "P334027.16.1",
"inst": "šarru[king]N",
"sig": "@saao/saa10%akk-x-neoass:LUGAL=šarru[king//king]N'N$šarru",
"f": {"lang": "akk-x-neoass",
"form": "LUGAL",
"cf": "šarru",
"gw": "king",
"sense": "king",
"norm": "šarru",
"pos": "N",
"epos": "N"}
}
,
{
"node": "l",
"frag": "muš-ke-e-nu",
"id": "P334027.l00e84",
"ref": "P334027.16.2",
"inst": "+muškēnu[dependant//pauper]N'N$",
"sig": "@saao/saa10%akk-x-neoass:muš-ke-e-nu=muškēnu[dependant//pauper]N'N$muškēnu",
"f": {"lang": "akk-x-neoass",
"form": "muš-ke-e-nu",
"cf": "muškēnu",
"gw": "dependant",
"sense": "pauper",
"norm": "muškēnu",
"pos": "N",
"epos": "N"}
}
,
{
"node": "d",
"type": "line-start",
"ref": "P334027.17",
"n": "16",
"label": "o 16"}
,
{
"node": "l",
"frag": "ki-ma",
"id": "P334027.l00e85",
"ref": "P334027.17.1",
"inst": "kīma[as soon as]'MOD",
"sig": "@saao/saa10%akk-x-neoass:ki-ma=kīma[like//as soon as]PRP'MOD$kīma",
"f": {"lang": "akk-x-neoass",
"form": "ki-ma",
"cf": "kīma",
"gw": "like",
"sense": "as soon as",
"norm": "kīma",
"pos": "PRP",
"epos": "MOD"}
}
,
{
"node": "l",
"frag": "SAG.DU",
"id": "P334027.l00e86",
"ref": "P334027.17.2",
"inst": "+qaqqadu[head//beginning]N'N$kaqqad",
"sig": "@saao/saa10%akk-x-neoass:SAG.DU=qaqqadu[head//beginning]N'N$kaqqad",
"f": {"lang": "akk-x-neoass",
"form": "SAG.DU",
"cf": "qaqqadu",
"gw": "head",
"sense": "beginning",
"norm": "kaqqad",
"pos": "N",
"epos": "N"}
}
,
{
"node": "l",
"frag": "ITI",
"id": "P334027.l00e87",
"ref": "P334027.17.3",
"inst": "urhi[month]N",
"sig": "@saao/saa10%akk-x-neoass:ITI=arhu[month//month]N'N$urhi",
"f": {"lang": "akk-x-neoass",
"form": "ITI",
"cf": "arhu",
"gw": "month",
"sense": "month",
"norm": "urhi",
"pos": "N",
"epos": "N"}
}
,
{
"node": "d",
"type": "line-start",
"ref": "P334027.18",
"n": "17",
"label": "o 17"}
,
{
"node": "l",
"frag": "{d}30",
"id": "P334027.l00e88",
"ref": "P334027.18.1",
"inst": "Sin[1]DN",
"sig": "@saao/saa10%akk-x-neoass:{d}30=Sin[1//1]DN'DN$Sin",
"f": {"lang": "akk-x-neoass",
"form": "{d}30",
"cf": "Sin",
"gw": "1",
"sense": "1",
"norm": "Sin",
"pos": "DN",
"epos": "DN"}
}
,
{
"node": "l",
"frag": "it-ta-mar",
"id": "P334027.l00e89",
"ref": "P334027.18.2",
"inst": "ittammar[be(come) visible]V",
"sig": "@saao/saa10%akk-x-neoass:it-ta-mar=amāru[see//be(come) visible]V'V$ittammar",
"f": {"lang": "akk-x-neoass",
"form": "it-ta-mar",
"cf": "amāru",
"gw": "see",
"sense": "be(come) visible",
"norm": "ittammar",
"pos": "V",
"epos": "V"}
}
,
{
"node": "d",
"type": "line-start",
"ref": "P334027.19",
"n": "18",
"label": "o 18"}
,
{
"node": "l",
"frag": "ma-a",
"id": "P334027.l00e8a",
"ref": "P334027.19.1",
"inst": "mā[saying]PRP",
"sig": "@saao/saa10%akk-x-neoass:ma-a=mā[saying//saying]PRP'PRP$mā",
"f": {"lang": "akk-x-neoass",
"form": "ma-a",
"cf": "mā",
"gw": "saying",
"sense": "saying",
"norm": "mā",
"pos": "PRP",
"epos": "PRP"}
}
,
{
"node": "l",
"frag": "ra-me-ni",
"id": "P334027.l00e8b",
"ref": "P334027.19.2",
"inst": "+ramānu[self]N'N$ramenī",
"sig": "@saao/saa10%akk-x-neoass:ra-me-ni=ramānu[self//self]N'N$ramenī",
"f": {"lang": "akk-x-neoass",
"form": "ra-me-ni",
"cf": "ramānu",
"gw": "self",
"sense": "self",
"norm": "ramenī",
"pos": "N",
"epos": "N"}
}
,
{
"node": "d",
"subtype": "reverse",
"type": "surface",
"ref": "P334027.r.20",
"type": "reverse",
"label": "r"}
,
{
"node": "d",
"type": "line-start",
"ref": "P334027.21",
"n": "1",
"label": "r 1"}
,
{
"node": "l",
"frag": "la",
"id": "P334027.l00e8c",
"ref": "P334027.21.1",
"inst": "lā[not]MOD",
"sig": "@saao/saa10%akk-x-neoass:la=lā[not//not]MOD'MOD$lā",
"f": {"lang": "akk-x-neoass",
"form": "la",
"cf": "lā",
"gw": "not",
"sense": "not",
"norm": "lā",
"pos": "MOD",
"epos": "MOD"}
}
,
{
"node": "l",
"frag": "u₂-šar-ra",
"id": "P334027.l00e8d",
"ref": "P334027.21.2",
"inst": "+šurrû[fast]V$ušarra",
"sig": "@saao/saa10%akk-x-neoass:u₂-šar-ra=šurrû[fast//fast]V'V$ušarra",
"f": {"lang": "akk-x-neoass",
"form": "u₂-šar-ra",
"cf": "šurrû",
"gw": "fast",
"sense": "fast",
"norm": "ušarra",
"pos": "V",
"epos": "V"}
}
,
{
"node": "d",
"type": "line-start",
"ref": "P334027.22",
"n": "2",
"label": "r 2"}
,
{
"node": "l",
"frag": "ma-a",
"id": "P334027.l00e8e",
"ref": "P334027.22.1",
"inst": "mā[saying]PRP",
"sig": "@saao/saa10%akk-x-neoass:ma-a=mā[saying//saying]PRP'PRP$mā",
"f": {"lang": "akk-x-neoass",
"form": "ma-a",
"cf": "mā",
"gw": "saying",
"sense": "saying",
"norm": "mā",
"pos": "PRP",
"epos": "PRP"}
}
,
{
"node": "l",
"frag": "SAG.DU",
"id": "P334027.l00e8f",
"ref": "P334027.22.2",
"inst": "+qaqqadu[head//beginning]N'N$kaqqad",
"sig": "@saao/saa10%akk-x-neoass:SAG.DU=qaqqadu[head//beginning]N'N$kaqqad",
"f": {"lang": "akk-x-neoass",
"form": "SAG.DU",
"cf": "qaqqadu",
"gw": "head",
"sense": "beginning",
"norm": "kaqqad",
"pos": "N",
"epos": "N"}
}
,
{
"node": "l",
"frag": "ITI",
"id": "P334027.l00e90",
"ref": "P334027.22.3",
"inst": "urhi[month]N",
"sig": "@saao/saa10%akk-x-neoass:ITI=arhu[month//month]N'N$urhi",
"f": {"lang": "akk-x-neoass",
"form": "ITI",
"cf": "arhu",
"gw": "month",
"sense": "month",
"norm": "urhi",
"pos": "N",
"epos": "N"}
}
,
{
"node": "l",
"frag": "šu-u₂",
"id": "P334027.l00e91",
"ref": "P334027.22.4",
"inst": "šû[it]IP",
"sig": "@saao/saa10%akk-x-neoass:šu-u₂=šū[he//it]IP'IP$šû",
"f": {"lang": "akk-x-neoass",
"form": "šu-u₂",
"cf": "šū",
"gw": "he",
"sense": "it",
"norm": "šû",
"pos": "IP",
"epos": "IP"}
}
,
{
"node": "d",
"type": "line-start",
"ref": "P334027.23",
"n": "3",
"label": "r 3"}
,
{
"node": "l",
"frag": "NINDA-MEŠ",
"id": "P334027.l00e92",
"ref": "P334027.23.1",
"inst": "kusāpī[bread]N",
"sig": "@saao/saa10%akk-x-neoass:NINDA-MEŠ=kusāpu[bread//bread]N'N$kusāpī",
"f": {"lang": "akk-x-neoass",
"form": "NINDA-MEŠ",
"cf": "kusāpu",
"gw": "bread",
"sense": "bread",
"norm": "kusāpī",
"pos": "N",
"epos": "N"}
}
,
{
"node": "l",
"frag": "la-a-kul",
"id": "P334027.l00e93",
"ref": "P334027.23.2",
"inst": "+akālu[eat]V$lākul",
"sig": "@saao/saa10%akk-x-neoass:la-a-kul=akālu[eat//eat]V'V$lākul",
"f": {"lang": "akk-x-neoass",
"form": "la-a-kul",
"cf": "akālu",
"gw": "eat",
"sense": "eat",
"norm": "lākul",
"pos": "V",
"epos": "V"}
}
,
{
"node": "l",
"frag": "GEŠTIN-MEŠ",
"id": "P334027.l00e94",
"ref": "P334027.23.3",
"inst": "karānī[wine]N",
"sig": "@saao/saa10%akk-x-neoass:GEŠTIN-MEŠ=karānu[vine//wine]N'N$karānī",
"f": {"lang": "akk-x-neoass",
"form": "GEŠTIN-MEŠ",
"cf": "karānu",
"gw": "vine",
"sense": "wine",
"norm": "karānī",
"pos": "N",
"epos": "N"}
}
,
{
"node": "d",
"type": "line-start",
"ref": "P334027.24",
"n": "4",
"label": "r 4"}
,
{
"node": "l",
"frag": "la-as-si",
"id": "P334027.l00e95",
"ref": "P334027.24.1",
"inst": "+šatû[drink]V$lassi",
"sig": "@saao/saa10%akk-x-neoass:la-as-si=šatû[drink//drink]V'V$lassi",
"f": {"lang": "akk-x-neoass",
"form": "la-as-si",
"cf": "šatû",
"gw": "drink",
"sense": "drink",
"norm": "lassi",
"pos": "V",
"epos": "V"}
}
,
{
"node": "l",
"frag": "u₂-ma-a",
"id": "P334027.l00e96",
"ref": "P334027.24.2",
"inst": "ūmâ[now]AV",
"sig": "@saao/saa10%akk-x-neoass:u₂-ma-a=ūma[today//now]AV'AV$ūmâ",
"f": {"lang": "akk-x-neoass",
"form": "u₂-ma-a",
"cf": "ūma",
"gw": "today",
"sense": "now",
"norm": "ūmâ",
"pos": "AV",
"epos": "AV"}
}
,
{
"node": "d",
"type": "line-start",
"ref": "P334027.25",
"n": "5",
"label": "r 5"}
,
{
"node": "l",
"frag": "{mul}SAG.ME.GAR",
"id": "P334027.l00e97",
"ref": "P334027.25.1",
"inst": "Sagmegar[Jupiter]CN",
"sig": "@saao/saa10%akk-x-neoass:{MUL}SAG.ME.GAR=Sagmegar[Jupiter//Jupiter]CN'CN$Sagmegar",
"f": {"lang": "akk-x-neoass",
"form": "{MUL}SAG.ME.GAR",
"cf": "Sagmegar",
"gw": "Jupiter",
"sense": "Jupiter",
"norm": "Sagmegar",
"pos": "CN",
"epos": "CN"}
}
,
{
"node": "l",
"frag": "{d}30",
"id": "P334027.l00e98",
"ref": "P334027.25.2",
"inst": "Sin[1]DN",
"sig": "@saao/saa10%akk-x-neoass:{d}30=Sin[1//1]DN'DN$Sin",
"f": {"lang": "akk-x-neoass",
"form": "{d}30",
"cf": "Sin",
"gw": "1",
"sense": "1",
"norm": "Sin",
"pos": "DN",
"epos": "DN"}
}
,
{
"node": "l",
"frag": "šu-u",
"id": "P334027.l00e99",
"ref": "P334027.25.3",
"inst": "šû[it]IP",
"sig": "@saao/saa10%akk-x-neoass:šu-u=šū[he//it]IP'IP$šû",
"f": {"lang": "akk-x-neoass",
"form": "šu-u",
"cf": "šū",
"gw": "he",
"sense": "it",
"norm": "šû",
"pos": "IP",
"epos": "IP"}
}
,
{
"node": "d",
"type": "line-start",
"ref": "P334027.26",
"n": "6",
"label": "r 6"}
,
{
"node": "l",
"frag": "ša₂",
"id": "P334027.l00e9a",
"ref": "P334027.26.1",
"inst": "ša[of]DET",
"sig": "@saao/saa10%akk-x-neoass:ša₂=ša[of//of]DET'DET$ša",
"f": {"lang": "akk-x-neoass",
"form": "ša₂",
"cf": "ša",
"gw": "of",
"sense": "of",
"norm": "ša",
"pos": "DET",
"epos": "DET"}
}
,
{
"node": "l",
"frag": "MU.AN.NA",
"id": "P334027.l00e9b",
"ref": "P334027.26.2",
"inst": "+šattu[year]N$šatti",
"sig": "@saao/saa10%akk-x-neoass:MU.AN.NA=šattu[year//year]N'N$šatti",
"f": {"lang": "akk-x-neoass",
"form": "MU.AN.NA",
"cf": "šattu",
"gw": "year",
"sense": "year",
"norm": "šatti",
"pos": "N",
"epos": "N"}
}
,
{
"node": "l",
"frag": "gab-bi",
"id": "P334027.l00e9c",
"ref": "P334027.26.3",
"inst": "gabbi[whole]'AJ",
"sig": "@saao/saa10%akk-x-neoass:gab-bi=gabbu[totality//whole]N'AJ$gabbi",
"f": {"lang": "akk-x-neoass",
"form": "gab-bi",
"cf": "gabbu",
"gw": "totality",
"sense": "whole",
"norm": "gabbi",
"pos": "N",
"epos": "AJ"}
}
,
{
"node": "l",
"frag": "a-na",
"id": "P334027.l00e9d",
"ref": "P334027.26.4",
"inst": "ana[for]PRP",
"sig": "@saao/saa10%akk-x-neoass:a-na=ana[to//for]PRP'PRP$ana",
"f": {"lang": "akk-x-neoass",
"form": "a-na",
"cf": "ana",
"gw": "to",
"sense": "for",
"norm": "ana",
"pos": "PRP",
"epos": "PRP"}
}
,
{
"node": "l",
"frag": "hur",
"id": "P334027.l00e9e",
"ref": "P334027.26.5",
"inst": "hūr[further(more)]AV",
"sig": "@saao/saa10%akk-x-neoass:hur=hurri[ever (after)//further(more)]AV'AV$hūr",
"f": {"lang": "akk-x-neoass",
"form": "hur",
"cf": "hurri",
"gw": "ever (after)",
"sense": "further(more)",
"norm": "hūr",
"pos": "AV",
"epos": "AV"}
}
,
{
"node": "d",
"type": "line-start",
"ref": "P334027.27",
"n": "7",
"label": "r 7"}
,
{
"node": "l",
"frag": "LUGAL",
"id": "P334027.l00e9f",
"ref": "P334027.27.1",
"inst": "šarru[king]N",
"sig": "@saao/saa10%akk-x-neoass:LUGAL=šarru[king//king]N'N$šarru",
"f": {"lang": "akk-x-neoass",
"form": "LUGAL",
"cf": "šarru",
"gw": "king",
"sense": "king",
"norm": "šarru",
"pos": "N",
"epos": "N"}
}
,
{
"node": "l",
"frag": "NINDA-MEŠ",
"id": "P334027.l00ea0",
"ref": "P334027.27.2",
"inst": "kusāpī[bread]N",
"sig": "@saao/saa10%akk-x-neoass:NINDA-MEŠ=kusāpu[bread//bread]N'N$kusāpī",
"f": {"lang": "akk-x-neoass",
"form": "NINDA-MEŠ",
"cf": "kusāpu",
"gw": "bread",
"sense": "bread",
"norm": "kusāpī",
"pos": "N",
"epos": "N"}
}
,
{
"node": "l",
"frag": "le-re-eš",
"id": "P334027.l00ea1",
"ref": "P334027.27.3",
"inst": "+erēšu[request]V$lēreš",
"sig": "@saao/saa10%akk-x-neoass:le-re-eš=erēšu[request//request]V'V$lēreš",
"f": {"lang": "akk-x-neoass",
"form": "le-re-eš",
"cf": "erēšu",
"gw": "request",
"sense": "request",
"norm": "lēreš",
"pos": "V",
"epos": "V"}
}
,
{
"node": "d",
"type": "line-start",
"ref": "P334027.28",
"n": "8",
"label": "r 8"}
,
{
"node": "l",
"frag": "TA@v",
"id": "P334027.l00ea2",
"ref": "P334027.28.1",
"inst": "issi[with]PRP",
"sig": "@saao/saa10%akk-x-neoass:TA@v=išti[with//with]PRP'PRP$issi",
"f": {"lang": "akk-x-neoass",
"form": "TA@v",
"cf": "išti",
"gw": "with",
"sense": "with",
"norm": "issi",
"pos": "PRP",
"epos": "PRP"}
}
,
{
"node": "l",
"frag": "ŠA₃-bi-ni",
"id": "P334027.l00ea3",
"ref": "P334027.28.2",
"inst": "+libbu[interior//heart]N'N$libbīni",
"sig": "@saao/saa10%akk-x-neoass:ŠA₃-bi-ni=libbu[interior//heart]N'N$libbīni",
"f": {"lang": "akk-x-neoass",
"form": "ŠA₃-bi-ni",
"cf": "libbu",
"gw": "interior",
"sense": "heart",
"norm": "libbīni",
"pos": "N",
"epos": "N"}
}
,
{
"node": "d",
"type": "line-start",
"ref": "P334027.29",
"n": "9",
"label": "r 9"}
,
{
"node": "l",
"frag": "ni-id-du-bu-ub",
"id": "P334027.l00ea4",
"ref": "P334027.29.1",
"inst": "niddubub[speak]V",
"sig": "@saao/saa10%akk-x-neoass:ni-id-du-bu-ub=dabābu[speak//speak]V'V$niddubub",
"f": {"lang": "akk-x-neoass",
"form": "ni-id-du-bu-ub",
"cf": "dabābu",
"gw": "speak",
"sense": "speak",
"norm": "niddubub",
"pos": "V",
"epos": "V"}
}
,
{
"node": "d",
"type": "line-start",
"ref": "P334027.30",
"n": "10",
"label": "r 10"}
,
{
"node": "l",
"frag": "ni-ip-ta-⸢lah₃⸣",
"id": "P334027.l00ea5",
"ref": "P334027.30.1",
"inst": "+palāhu[fear//be(come) afraid]V'V$niptalah",
"sig": "@saao/saa10%akk-x-neoass:ni-ip-ta-lah₃=palāhu[fear//be(come) afraid]V'V$niptalah",
"f": {"lang": "akk-x-neoass",
"form": "ni-ip-ta-lah₃",
"cf": "palāhu",
"gw": "fear",
"sense": "be(come) afraid",
"norm": "niptalah",
"pos": "V",
"epos": "V"}
}
,
{
"node": "l",
"frag": "ina",
"id": "P334027.l00ea6",
"ref": "P334027.30.2",
"inst": "ina[in]PRP",
"sig": "@saao/saa10%akk-x-neoass:ina=ina[in//from]PRP'PRP$ina",
"f": {"lang": "akk-x-neoass",
"form": "ina",
"cf": "ina",
"gw": "in",
"sense": "from",
"norm": "ina",
"pos": "PRP",
"epos": "PRP"}
}
,
{
"node": "l",
"frag": "UGU",
"id": "P334027.l00ea7",
"ref": "P334027.30.3",
"inst": "muhhi[skull]N",
"sig": "@saao/saa10%akk-x-neoass:UGU=muhhu[skull//skull]N'N$muhhi",
"f": {"lang": "akk-x-neoass",
"form": "UGU",
"cf": "muhhu",
"gw": "skull",
"sense": "skull",
"norm": "muhhi",
"pos": "N",
"epos": "N"}
}
,
{
"node": "d",
"type": "line-start",
"ref": "P334027.31",
"n": "11",
"label": "r 11"}
,
{
"node": "l",
"frag": "a-na",
"id": "P334027.l00ea8",
"ref": "P334027.31.1",
"inst": "ana[to]PRP",
"sig": "@saao/saa10%akk-x-neoass:a-na=ana[to//to]PRP'PRP$ana",
"f": {"lang": "akk-x-neoass",
"form": "a-na",
"cf": "ana",
"gw": "to",
"sense": "to",
"norm": "ana",
"pos": "PRP",
"epos": "PRP"}
}
,
{
"node": "l",
"frag": "LUGAL",
"id": "P334027.l00ea9",
"ref": "P334027.31.2",
"inst": "šarri[king]N",
"sig": "@saao/saa10%akk-x-neoass:LUGAL=šarru[king//king]N'N$šarri",
"f": {"lang": "akk-x-neoass",
"form": "LUGAL",
"cf": "šarru",
"gw": "king",
"sense": "king",
"norm": "šarri",
"pos": "N",
"epos": "N"}
}
,
{
"node": "l",
"frag": "ni-is-sap-ra",
"id": "P334027.l00eaa",
"ref": "P334027.31.3",
"inst": "nissapra[send]V",
"sig": "@saao/saa10%akk-x-neoass:ni-is-sap-ra=šapāru[send//send]V'V$nissapra",
"f": {"lang": "akk-x-neoass",
"form": "ni-is-sap-ra",
"cf": "šapāru",
"gw": "send",
"sense": "send",
"norm": "nissapra",
"pos": "V",
"epos": "V"}
}
]}
]}
]}
]}
