{
"type": "cdl",
  "source": "http://oracc.org/saao/saa10",
  "license": "This data is released under the CC0 license",
  "license-url": "https://creativecommons.org/publicdomain/zero/1.0/",
  "more-info": "http://oracc.org/doc/opendata/",
  "UTC-timestamp": "2017-05-19T11:43:01",
"project": "saao/saa10",
"textid": "P334770",
"cdl": [
{
"node": "c",
"type": "text",
"id": "P334770.U0",
"cdl": [
{
"node": "d",
"type": "object",
"ref": ""}
,
{
"node": "d",
"subtype": "obverse",
"type": "surface",
"ref": "P334770.o.1",
"type": "obverse",
"label": "o"}
,
{
"node": "c",
"type": "discourse",
"subtype": "body",
"id": "P334770.U1",
"cdl": [
{
"node": "c",
"type": "sentence",
"id": "P334770.U2",
"label": "o 1 - e. 3",
"cdl": [
{
"node": "d",
"type": "line-start",
"ref": "P334770.2",
"n": "1",
"label": "o 1"}
,
{
"node": "l",
"frag": "[a-na",
"id": "P334770.l06d01",
"ref": "P334770.2.1",
"inst": "ana[to]PRP",
"sig": "@saao/saa10%akk-x-neoass:a-na=ana[to//to]PRP'PRP$ana",
"f": {"lang": "akk-x-neoass",
"form": "a-na",
"cf": "ana",
"gw": "to",
"sense": "to",
"norm": "ana",
"pos": "PRP",
"epos": "PRP"}
}
,
{
"node": "l",
"frag": "LUGAL",
"id": "P334770.l06d02",
"ref": "P334770.2.2",
"inst": "šarri[king]N",
"sig": "@saao/saa10%akk-x-neoass:LUGAL=šarru[king//king]N'N$šarri",
"f": {"lang": "akk-x-neoass",
"form": "LUGAL",
"cf": "šarru",
"gw": "king",
"sense": "king",
"norm": "šarri",
"pos": "N",
"epos": "N"}
}
,
{
"node": "l",
"frag": "be-li₂]-ia",
"id": "P334770.l06d03",
"ref": "P334770.2.3",
"inst": "bēlīya[lord]N",
"sig": "@saao/saa10%akk-x-neoass:be-li₂-ia=bēlu[lord//lord]N'N$bēlīya",
"f": {"lang": "akk-x-neoass",
"form": "be-li₂-ia",
"cf": "bēlu",
"gw": "lord",
"sense": "lord",
"norm": "bēlīya",
"pos": "N",
"epos": "N"}
}
,
{
"node": "l",
"frag": "ARAD-ka",
"id": "P334770.l06d04",
"ref": "P334770.2.4",
"inst": "urdaka[servant]N",
"sig": "@saao/saa10%akk-x-neoass:ARAD-ka=ardu[slave//servant]N'N$urdaka",
"f": {"lang": "akk-x-neoass",
"form": "ARAD-ka",
"cf": "ardu",
"gw": "slave",
"sense": "servant",
"norm": "urdaka",
"pos": "N",
"epos": "N"}
}
,
{
"node": "l",
"frag": "{1}{d}[AG]-⸢SUM⸣-MU",
"id": "P334770.l06d05",
"ref": "P334770.2.5",
"inst": "+Nabu-nadin-šumi[]PN$",
"sig": "@saao/saa10%akk-x-neoass:{1}{d}AG-SUM-MU=Nabu-nadin-šumi[1//1]PN'PN$Nabu-nadin-šumi",
"f": {"lang": "akk-x-neoass",
"form": "{1}{d}AG-SUM-MU",
"cf": "Nabu-nadin-šumi",
"gw": "1",
"sense": "1",
"norm": "Nabu-nadin-šumi",
"pos": "PN",
"epos": "PN"}
}
,
{
"node": "d",
"type": "line-start",
"ref": "P334770.3",
"n": "2",
"label": "o 2"}
,
{
"node": "l",
"frag": "[lu-u",
"id": "P334770.l06d06",
"ref": "P334770.3.1",
"inst": "lū[may]MOD",
"sig": "@saao/saa10%akk-x-neoass:lu-u=lū[may//may]MOD'MOD$lū",
"f": {"lang": "akk-x-neoass",
"form": "lu-u",
"cf": "lū",
"gw": "may",
"sense": "may",
"norm": "lū",
"pos": "MOD",
"epos": "MOD"}
}
,
{
"node": "l",
"frag": "DI-mu]",
"id": "P334770.l06d07",
"ref": "P334770.3.2",
"inst": "šulmu[health]N",
"sig": "@saao/saa10%akk-x-neoass:DI-mu=šulmu[completeness//health]N'N$šulmu",
"f": {"lang": "akk-x-neoass",
"form": "DI-mu",
"cf": "šulmu",
"gw": "completeness",
"sense": "health",
"norm": "šulmu",
"pos": "N",
"epos": "N"}
}
,
{
"node": "l",
"frag": "a-na",
"id": "P334770.l06d08",
"ref": "P334770.3.3",
"inst": "ana[to]PRP",
"sig": "@saao/saa10%akk-x-neoass:a-na=ana[to//to]PRP'PRP$ana",
"f": {"lang": "akk-x-neoass",
"form": "a-na",
"cf": "ana",
"gw": "to",
"sense": "to",
"norm": "ana",
"pos": "PRP",
"epos": "PRP"}
}
,
{
"node": "l",
"frag": "LUGAL",
"id": "P334770.l06d09",
"ref": "P334770.3.4",
"inst": "šarri[king]N",
"sig": "@saao/saa10%akk-x-neoass:LUGAL=šarru[king//king]N'N$šarri",
"f": {"lang": "akk-x-neoass",
"form": "LUGAL",
"cf": "šarru",
"gw": "king",
"sense": "king",
"norm": "šarri",
"pos": "N",
"epos": "N"}
}
,
{
"node": "l",
"frag": "EN-ia",
"id": "P334770.l06d0a",
"ref": "P334770.3.5",
"inst": "bēlīya[lord]N",
"sig": "@saao/saa10%akk-x-neoass:EN-ia=bēlu[lord//lord]N'N$bēlīya",
"f": {"lang": "akk-x-neoass",
"form": "EN-ia",
"cf": "bēlu",
"gw": "lord",
"sense": "lord",
"norm": "bēlīya",
"pos": "N",
"epos": "N"}
}
,
{
"node": "d",
"type": "line-start",
"ref": "P334770.4",
"n": "3",
"label": "o 3"}
,
{
"node": "l",
"frag": "{d}AG",
"id": "P334770.l06d0b",
"ref": "P334770.4.1",
"inst": "Nabu[1]DN",
"sig": "@saao/saa10%akk-x-neoass:{d}AG=Nabu[1//1]DN'DN$Nabu",
"f": {"lang": "akk-x-neoass",
"form": "{d}AG",
"cf": "Nabu",
"gw": "1",
"sense": "1",
"norm": "Nabu",
"pos": "DN",
"epos": "DN"}
}
,
{
"node": "l",
"frag": "u",
"id": "P334770.l06d0c",
"ref": "P334770.4.2",
"inst": "u[and]CNJ",
"sig": "@saao/saa10%akk-x-neoass:u=u[and//and]CNJ'CNJ$u",
"f": {"lang": "akk-x-neoass",
"form": "u",
"cf": "u",
"gw": "and",
"sense": "and",
"norm": "u",
"pos": "CNJ",
"epos": "CNJ"}
}
,
{
"node": "l",
"frag": "{d}AMAR.UTU",
"id": "P334770.l06d0d",
"ref": "P334770.4.3",
"inst": "Marduk[1]DN",
"sig": "@saao/saa10%akk-x-neoass:{d}AMAR.UTU=Marduk[1//1]DN'DN$Marduk",
"f": {"lang": "akk-x-neoass",
"form": "{d}AMAR.UTU",
"cf": "Marduk",
"gw": "1",
"sense": "1",
"norm": "Marduk",
"pos": "DN",
"epos": "DN"}
}
,
{
"node": "l",
"frag": "a-na",
"id": "P334770.l06d0e",
"ref": "P334770.4.4",
"inst": "ana[to]PRP",
"sig": "@saao/saa10%akk-x-neoass:a-na=ana[to//to]PRP'PRP$ana",
"f": {"lang": "akk-x-neoass",
"form": "a-na",
"cf": "ana",
"gw": "to",
"sense": "to",
"norm": "ana",
"pos": "PRP",
"epos": "PRP"}
}
,
{
"node": "l",
"frag": "LUGAL",
"id": "P334770.l06d0f",
"ref": "P334770.4.5",
"inst": "šarri[king]N",
"sig": "@saao/saa10%akk-x-neoass:LUGAL=šarru[king//king]N'N$šarri",
"f": {"lang": "akk-x-neoass",
"form": "LUGAL",
"cf": "šarru",
"gw": "king",
"sense": "king",
"norm": "šarri",
"pos": "N",
"epos": "N"}
}
,
{
"node": "l",
"frag": "EN-ia",
"id": "P334770.l06d10",
"ref": "P334770.4.6",
"inst": "bēlīya[lord]N",
"sig": "@saao/saa10%akk-x-neoass:EN-ia=bēlu[lord//lord]N'N$bēlīya",
"f": {"lang": "akk-x-neoass",
"form": "EN-ia",
"cf": "bēlu",
"gw": "lord",
"sense": "lord",
"norm": "bēlīya",
"pos": "N",
"epos": "N"}
}
,
{
"node": "l",
"frag": "lik-ru-bu",
"id": "P334770.l06d11",
"ref": "P334770.4.7",
"inst": "likrubu[bless]V",
"sig": "@saao/saa10%akk-x-neoass:lik-ru-bu=karābu[pray//bless]V'V$likrubu",
"f": {"lang": "akk-x-neoass",
"form": "lik-ru-bu",
"cf": "karābu",
"gw": "pray",
"sense": "bless",
"norm": "likrubu",
"pos": "V",
"epos": "V"}
}
,
{
"node": "d",
"type": "line-start",
"ref": "P334770.5",
"n": "4",
"label": "o 4"}
,
{
"node": "l",
"frag": "UD-MEŠ",
"id": "P334770.l06d12",
"ref": "P334770.5.1",
"inst": "ūmāti[day]N",
"sig": "@saao/saa10%akk-x-neoass:UD-MEŠ=ūmu[day//day]N'N$ūmāti",
"f": {"lang": "akk-x-neoass",
"form": "UD-MEŠ",
"cf": "ūmu",
"gw": "day",
"sense": "day",
"norm": "ūmāti",
"pos": "N",
"epos": "N"}
}
,
{
"node": "l",
"frag": "GID₂.DA-MEŠ",
"id": "P334770.l06d13",
"ref": "P334770.5.2",
"inst": "arkāti[long]AJ",
"sig": "@saao/saa10%akk-x-neoass:GID₂.DA-MEŠ=arku[long//long]AJ'AJ$arkāti",
"f": {"lang": "akk-x-neoass",
"form": "GID₂.DA-MEŠ",
"cf": "arku",
"gw": "long",
"sense": "long",
"norm": "arkāti",
"pos": "AJ",
"epos": "AJ"}
}
,
{
"node": "l",
"frag": "MU-MEŠ",
"id": "P334770.l06d14",
"ref": "P334770.5.3",
"inst": "+šattu[year]N$šanāti",
"sig": "@saao/saa10%akk-x-neoass:MU-MEŠ=šattu[year//year]N'N$šanāti",
"f": {"lang": "akk-x-neoass",
"form": "MU-MEŠ",
"cf": "šattu",
"gw": "year",
"sense": "year",
"norm": "šanāti",
"pos": "N",
"epos": "N"}
}
,
{
"node": "l",
"frag": "da-ra-a-te",
"id": "P334770.l06d15",
"ref": "P334770.5.4",
"inst": "dārāte[everlasting]AJ",
"sig": "@saao/saa10%akk-x-neoass:da-ra-a-te=dārû[lasting//everlasting]AJ'AJ$dārāte",
"f": {"lang": "akk-x-neoass",
"form": "da-ra-a-te",
"cf": "dārû",
"gw": "lasting",
"sense": "everlasting",
"norm": "dārāte",
"pos": "AJ",
"epos": "AJ"}
}
,
{
"node": "l",
"frag": "ṭu-ub",
"id": "P334770.l06d16",
"ref": "P334770.5.5",
"inst": "ṭūb[goodness]N",
"sig": "@saao/saa10%akk-x-neoass:ṭu-ub=ṭūbu[goodness//goodness]N'N$ṭūb",
"f": {"lang": "akk-x-neoass",
"form": "ṭu-ub",
"cf": "ṭūbu",
"gw": "goodness",
"sense": "goodness",
"norm": "ṭūb",
"pos": "N",
"epos": "N"}
}
,
{
"node": "l",
"frag": "ŠA₃-bi",
"id": "P334770.l06d17",
"ref": "P334770.5.6",
"inst": "libbi[heart]N",
"sig": "@saao/saa10%akk-x-neoass:ŠA₃-bi=libbu[interior//heart]N'N$libbi",
"f": {"lang": "akk-x-neoass",
"form": "ŠA₃-bi",
"cf": "libbu",
"gw": "interior",
"sense": "heart",
"norm": "libbi",
"pos": "N",
"epos": "N"}
}
,
{
"node": "d",
"type": "line-start",
"ref": "P334770.6",
"n": "5",
"label": "o 5"}
,
{
"node": "l",
"frag": "⸢ṭu-ub⸣",
"id": "P334770.l06d18",
"ref": "P334770.6.1",
"inst": "ṭūb[goodness]N",
"sig": "@saao/saa10%akk-x-neoass:ṭu-ub=ṭūbu[goodness//goodness]N'N$ṭūb",
"f": {"lang": "akk-x-neoass",
"form": "ṭu-ub",
"cf": "ṭūbu",
"gw": "goodness",
"sense": "goodness",
"norm": "ṭūb",
"pos": "N",
"epos": "N"}
}
,
{
"node": "l",
"frag": "UZU",
"id": "P334770.l06d19",
"ref": "P334770.6.2",
"inst": "šīri[flesh]N",
"sig": "@saao/saa10%akk-x-neoass:UZU=šīru[flesh//flesh]N'N$šīri",
"f": {"lang": "akk-x-neoass",
"form": "UZU",
"cf": "šīru",
"gw": "flesh",
"sense": "flesh",
"norm": "šīri",
"pos": "N",
"epos": "N"}
}
,
{
"node": "l",
"frag": "a-na",
"id": "P334770.l06d1a",
"ref": "P334770.6.3",
"inst": "ana[to]PRP",
"sig": "@saao/saa10%akk-x-neoass:a-na=ana[to//to]PRP'PRP$ana",
"f": {"lang": "akk-x-neoass",
"form": "a-na",
"cf": "ana",
"gw": "to",
"sense": "to",
"norm": "ana",
"pos": "PRP",
"epos": "PRP"}
}
,
{
"node": "l",
"frag": "LUGAL",
"id": "P334770.l06d1b",
"ref": "P334770.6.4",
"inst": "šarri[king]N",
"sig": "@saao/saa10%akk-x-neoass:LUGAL=šarru[king//king]N'N$šarri",
"f": {"lang": "akk-x-neoass",
"form": "LUGAL",
"cf": "šarru",
"gw": "king",
"sense": "king",
"norm": "šarri",
"pos": "N",
"epos": "N"}
}
,
{
"node": "l",
"frag": "be-li₂-ia",
"id": "P334770.l06d1c",
"ref": "P334770.6.5",
"inst": "bēlīya[lord]N",
"sig": "@saao/saa10%akk-x-neoass:be-li₂-ia=bēlu[lord//lord]N'N$bēlīya",
"f": {"lang": "akk-x-neoass",
"form": "be-li₂-ia",
"cf": "bēlu",
"gw": "lord",
"sense": "lord",
"norm": "bēlīya",
"pos": "N",
"epos": "N"}
}
,
{
"node": "l",
"frag": "li-di-nu",
"id": "P334770.l06d1d",
"ref": "P334770.6.6",
"inst": "liddinu[give]V",
"sig": "@saao/saa10%akk-x-neoass:li-di-nu=tadānu[give//give]V'V$liddinu",
"f": {"lang": "akk-x-neoass",
"form": "li-di-nu",
"cf": "tadānu",
"gw": "give",
"sense": "give",
"norm": "liddinu",
"pos": "V",
"epos": "V"}
}
,
{
"node": "d",
"type": "line-start",
"ref": "P334770.7",
"n": "6",
"label": "o 6"}
,
{
"node": "l",
"frag": "ki-i",
"id": "P334770.l06d1e",
"ref": "P334770.7.1",
"inst": "kî[as]'SBJ",
"sig": "@saao/saa10%akk-x-neoass:ki-i=kī[like//just as]PRP'SBJ$kî",
"f": {"lang": "akk-x-neoass",
"form": "ki-i",
"cf": "kī",
"gw": "like",
"sense": "just as",
"norm": "kî",
"pos": "PRP",
"epos": "SBJ"}
}
,
{
"node": "l",
"frag": "ša",
"id": "P334770.l06d1f",
"ref": "P334770.7.2",
"inst": "ša[that]REL",
"sig": "@saao/saa10%akk-x-neoass:ša=ša[that//when]REL'REL$ša",
"f": {"lang": "akk-x-neoass",
"form": "ša",
"cf": "ša",
"gw": "that",
"sense": "when",
"norm": "ša",
"pos": "REL",
"epos": "REL"}
}
,
{
"node": "l",
"frag": "AN-e",
"id": "P334770.l06d20",
"ref": "P334770.7.3",
"inst": "šamê[heaven]N",
"sig": "@saao/saa10%akk-x-neoass:AN-e=šamû[sky//heaven]N'N$šamê",
"f": {"lang": "akk-x-neoass",
"form": "AN-e",
"cf": "šamû",
"gw": "sky",
"sense": "heaven",
"norm": "šamê",
"pos": "N",
"epos": "N"}
}
,
{
"node": "l",
"frag": "kaq-qu-ru",
"id": "P334770.l06d21",
"ref": "P334770.7.4",
"inst": "kaqquru[earth]N",
"sig": "@saao/saa10%akk-x-neoass:kaq-qu-ru=qaqqaru[ground//earth]N'N$kaqquru",
"f": {"lang": "akk-x-neoass",
"form": "kaq-qu-ru",
"cf": "qaqqaru",
"gw": "ground",
"sense": "earth",
"norm": "kaqquru",
"pos": "N",
"epos": "N"}
}
,
{
"node": "l",
"frag": "da-ru-u₂-ni",
"id": "P334770.l06d22",
"ref": "P334770.7.5",
"inst": "+dārû[lasting//everlasting]AJ'AJ$dārûni",
"sig": "@saao/saa10%akk-x-neoass:da-ru-u₂-ni=dārû[lasting//everlasting]AJ'AJ$dārûni",
"f": {"lang": "akk-x-neoass",
"form": "da-ru-u₂-ni",
"cf": "dārû",
"gw": "lasting",
"sense": "everlasting",
"norm": "dārûni",
"pos": "AJ",
"epos": "AJ"}
}
,
{
"node": "d",
"type": "line-start",
"ref": "P334770.8",
"n": "7",
"label": "o 7"}
,
{
"node": "l",
"frag": "⸢šu-mu⸣",
"id": "P334770.l06d23",
"ref": "P334770.8.1",
"inst": "šumu[name]N",
"sig": "@saao/saa10%akk-x-neoass:šu-mu=šumu[name//omen]N'N$šumu",
"f": {"lang": "akk-x-neoass",
"form": "šu-mu",
"cf": "šumu",
"gw": "name",
"sense": "omen",
"norm": "šumu",
"pos": "N",
"epos": "N"}
}
,
{
"node": "l",
"frag": "ša",
"id": "P334770.l06d24",
"ref": "P334770.8.2",
"inst": "ša[of]DET",
"sig": "@saao/saa10%akk-x-neoass:ša=ša[of//of]DET'DET$ša",
"f": {"lang": "akk-x-neoass",
"form": "ša",
"cf": "ša",
"gw": "of",
"sense": "of",
"norm": "ša",
"pos": "DET",
"epos": "DET"}
}
,
{
"node": "l",
"frag": "LUGAL",
"id": "P334770.l06d25",
"ref": "P334770.8.3",
"inst": "šarri[king]N",
"sig": "@saao/saa10%akk-x-neoass:LUGAL=šarru[king//king]N'N$šarri",
"f": {"lang": "akk-x-neoass",
"form": "LUGAL",
"cf": "šarru",
"gw": "king",
"sense": "king",
"norm": "šarri",
"pos": "N",
"epos": "N"}
}
,
{
"node": "l",
"frag": "EN-ia",
"id": "P334770.l06d26",
"ref": "P334770.8.4",
"inst": "bēlīya[lord]N",
"sig": "@saao/saa10%akk-x-neoass:EN-ia=bēlu[lord//lord]N'N$bēlīya",
"f": {"lang": "akk-x-neoass",
"form": "EN-ia",
"cf": "bēlu",
"gw": "lord",
"sense": "lord",
"norm": "bēlīya",
"pos": "N",
"epos": "N"}
}
,
{
"node": "l",
"frag": "ina",
"id": "P334770.l06d27",
"ref": "P334770.8.5",
"inst": "ina[in]PRP",
"sig": "@saao/saa10%akk-x-neoass:ina=ina[in//in]PRP'PRP$ina",
"f": {"lang": "akk-x-neoass",
"form": "ina",
"cf": "ina",
"gw": "in",
"sense": "in",
"norm": "ina",
"pos": "PRP",
"epos": "PRP"}
}
,
{
"node": "l",
"frag": "KUR-aš-šur",
"id": "P334770.l06d28",
"ref": "P334770.8.6",
"inst": "Mat-Aššur[Assyria]GN",
"sig": "@saao/saa10%akk-x-neoass:KUR-aš-šur=Mat-Aššur[Assyria//Assyria]GN'GN$Mat-Aššur",
"f": {"lang": "akk-x-neoass",
"form": "KUR-aš-šur",
"cf": "Mat-Aššur",
"gw": "Assyria",
"sense": "Assyria",
"norm": "Mat-Aššur",
"pos": "GN",
"epos": "GN"}
}
,
{
"node": "l",
"frag": "lu",
"id": "P334770.l06d29",
"ref": "P334770.8.7",
"inst": "lū[may]MOD",
"sig": "@saao/saa10%akk-x-neoass:lu=lū[may//may]MOD'MOD$lū",
"f": {"lang": "akk-x-neoass",
"form": "lu",
"cf": "lū",
"gw": "may",
"sense": "may",
"norm": "lū",
"pos": "MOD",
"epos": "MOD"}
}
,
{
"node": "l",
"frag": "da-ra",
"id": "P334770.l06d2a",
"ref": "P334770.8.8",
"inst": "dāra[everlasting]AJ",
"sig": "@saao/saa10%akk-x-neoass:da-ra=dārû[lasting//everlasting]AJ'AJ$dāra",
"f": {"lang": "akk-x-neoass",
"form": "da-ra",
"cf": "dārû",
"gw": "lasting",
"sense": "everlasting",
"norm": "dāra",
"pos": "AJ",
"epos": "AJ"}
}
,
{
"node": "d",
"type": "line-start",
"ref": "P334770.9",
"n": "8",
"label": "o 8"}
,
{
"node": "l",
"frag": "⸢zi-ru⸣",
"id": "P334770.l06d2b",
"ref": "P334770.9.1",
"inst": "+zīru[hate]N$",
"sig": "@saao/saa10%akk-x-neoass:zi-ru=zīru[hate//hate]N'N$zīru",
"f": {"lang": "akk-x-neoass",
"form": "zi-ru",
"cf": "zīru",
"gw": "hate",
"sense": "hate",
"norm": "zīru",
"pos": "N",
"epos": "N"}
}
,
{
"node": "l",
"frag": "ina",
"id": "P334770.l06d2c",
"ref": "P334770.9.2",
"inst": "ina[in]PRP",
"sig": "@saao/saa10%akk-x-neoass:ina=ina[in//in]PRP'PRP$ina",
"f": {"lang": "akk-x-neoass",
"form": "ina",
"cf": "ina",
"gw": "in",
"sense": "in",
"norm": "ina",
"pos": "PRP",
"epos": "PRP"}
}
,
{
"node": "l",
"frag": "pa-an",
"id": "P334770.l06d2d",
"ref": "P334770.9.3",
"inst": "pān[front]N",
"sig": "@saao/saa10%akk-x-neoass:pa-an=pānu[front//front]N'N$pān",
"f": {"lang": "akk-x-neoass",
"form": "pa-an",
"cf": "pānu",
"gw": "front",
"sense": "front",
"norm": "pān",
"pos": "N",
"epos": "N"}
}
,
{
"node": "l",
"frag": "LUGAL",
"id": "P334770.l06d2e",
"ref": "P334770.9.4",
"inst": "šarri[king]N",
"sig": "@saao/saa10%akk-x-neoass:LUGAL=šarru[king//king]N'N$šarri",
"f": {"lang": "akk-x-neoass",
"form": "LUGAL",
"cf": "šarru",
"gw": "king",
"sense": "king",
"norm": "šarri",
"pos": "N",
"epos": "N"}
}
,
{
"node": "l",
"frag": "EN-ia",
"id": "P334770.l06d2f",
"ref": "P334770.9.5",
"inst": "bēlīya[lord]N",
"sig": "@saao/saa10%akk-x-neoass:EN-ia=bēlu[lord//lord]N'N$bēlīya",
"f": {"lang": "akk-x-neoass",
"form": "EN-ia",
"cf": "bēlu",
"gw": "lord",
"sense": "lord",
"norm": "bēlīya",
"pos": "N",
"epos": "N"}
}
,
{
"node": "l",
"frag": "ma-aʾ-du",
"id": "P334770.l06d30",
"ref": "P334770.9.6",
"inst": "maʾdu[much]'AV",
"sig": "@saao/saa10%akk-x-neoass:ma-aʾ-du=mādu[many//much]AJ'AV$maʾdu",
"f": {"lang": "akk-x-neoass",
"form": "ma-aʾ-du",
"cf": "mādu",
"gw": "many",
"sense": "much",
"norm": "maʾdu",
"pos": "AJ",
"epos": "AV"}
}
,
{
"node": "d",
"type": "line-start",
"ref": "P334770.10",
"n": "9",
"label": "o 9"}
,
{
"node": "l",
"frag": "⸢LUGAL⸣",
"id": "P334770.l06d31",
"ref": "P334770.10.1",
"inst": "šarru[king]N",
"sig": "@saao/saa10%akk-x-neoass:LUGAL=šarru[king//king]N'N$šarru",
"f": {"lang": "akk-x-neoass",
"form": "LUGAL",
"cf": "šarru",
"gw": "king",
"sense": "king",
"norm": "šarru",
"pos": "N",
"epos": "N"}
}
,
{
"node": "l",
"frag": "be-li₂",
"id": "P334770.l06d32",
"ref": "P334770.10.2",
"inst": "bēlī[lord]N",
"sig": "@saao/saa10%akk-x-neoass:be-li₂=bēlu[lord//lord]N'N$bēlī",
"f": {"lang": "akk-x-neoass",
"form": "be-li₂",
"cf": "bēlu",
"gw": "lord",
"sense": "lord",
"norm": "bēlī",
"pos": "N",
"epos": "N"}
}
,
{
"node": "l",
"frag": "[da]-⸢ba⸣-bu",
"id": "P334770.l06d33",
"ref": "P334770.10.3",
"inst": "dabābu[talk]N",
"sig": "@saao/saa10%akk-x-neoass:da-ba-bu=dabābu[talk//talk]N'N$dabābu",
"f": {"lang": "akk-x-neoass",
"form": "da-ba-bu",
"cf": "dabābu",
"gw": "talk",
"sense": "talk",
"norm": "dabābu",
"pos": "N",
"epos": "N"}
}
,
{
"node": "l",
"frag": "ša",
"id": "P334770.l06d34",
"ref": "P334770.10.4",
"inst": "ša[of]DET",
"sig": "@saao/saa10%akk-x-neoass:ša=ša[of//of]DET'DET$ša",
"f": {"lang": "akk-x-neoass",
"form": "ša",
"cf": "ša",
"gw": "of",
"sense": "of",
"norm": "ša",
"pos": "DET",
"epos": "DET"}
}
,
{
"node": "l",
"frag": "e-gir₂-te",
"id": "P334770.l06d35",
"ref": "P334770.10.5",
"inst": "egerte[letter]N",
"sig": "@saao/saa10%akk-x-neoass:e-gir₂-te=egertu[inscribed tablet//letter]N'N$egerte",
"f": {"lang": "akk-x-neoass",
"form": "e-gir₂-te",
"cf": "egertu",
"gw": "inscribed tablet",
"sense": "letter",
"norm": "egerte",
"pos": "N",
"epos": "N"}
}
,
{
"node": "l",
"frag": "an-ni-te",
"id": "P334770.l06d36",
"ref": "P334770.10.6",
"inst": "annīte[this]DP",
"sig": "@saao/saa10%akk-x-neoass:an-ni-te=annû[this//this]DP'DP$annīte",
"f": {"lang": "akk-x-neoass",
"form": "an-ni-te",
"cf": "annû",
"gw": "this",
"sense": "this",
"norm": "annīte",
"pos": "DP",
"epos": "DP"}
}
,
{
"node": "l",
"frag": "liš-me",
"id": "P334770.l06d37",
"ref": "P334770.10.7",
"inst": "lišme[hear]V",
"sig": "@saao/saa10%akk-x-neoass:liš-me=šemû[hear//hear]V'V$lišme",
"f": {"lang": "akk-x-neoass",
"form": "liš-me",
"cf": "šemû",
"gw": "hear",
"sense": "hear",
"norm": "lišme",
"pos": "V",
"epos": "V"}
}
,
{
"node": "d",
"type": "line-start",
"ref": "P334770.11",
"n": "10",
"label": "o 10"}
,
{
"node": "l",
"frag": "[LUGAL",
"id": "P334770.l06d38",
"ref": "P334770.11.1",
"inst": "šarru[king]N",
"sig": "@saao/saa10%akk-x-neoass:LUGAL=šarru[king//king]N'N$šarru",
"f": {"lang": "akk-x-neoass",
"form": "LUGAL",
"cf": "šarru",
"gw": "king",
"sense": "king",
"norm": "šarru",
"pos": "N",
"epos": "N"}
}
,
{
"node": "l",
"frag": "be-li₂",
"id": "P334770.l06d39",
"ref": "P334770.11.2",
"inst": "bēlī[lord]N",
"sig": "@saao/saa10%akk-x-neoass:be-li₂=bēlu[lord//lord]N'N$bēlī",
"f": {"lang": "akk-x-neoass",
"form": "be-li₂",
"cf": "bēlu",
"gw": "lord",
"sense": "lord",
"norm": "bēlī",
"pos": "N",
"epos": "N"}
}
,
{
"node": "l",
"frag": "ṭa-ab]-⸢ta⸣-nu",
"id": "P334770.l06d3a",
"ref": "P334770.11.3",
"inst": "+ṭābtānu[doer of good//benefactor]N'N$",
"sig": "@saao/saa10%akk-x-neoass:ṭa-ab-ta-nu=ṭābtānu[doer of good//benefactor]N'N$ṭābtānu",
"f": {"lang": "akk-x-neoass",
"form": "ṭa-ab-ta-nu",
"cf": "ṭābtānu",
"gw": "doer of good",
"sense": "benefactor",
"norm": "ṭābtānu",
"pos": "N",
"epos": "N"}
}
,
{
"node": "l",
"frag": "ša",
"id": "P334770.l06d3b",
"ref": "P334770.11.4",
"inst": "ša[of]DET",
"sig": "@saao/saa10%akk-x-neoass:ša=ša[of//of]DET'DET$ša",
"f": {"lang": "akk-x-neoass",
"form": "ša",
"cf": "ša",
"gw": "of",
"sense": "of",
"norm": "ša",
"pos": "DET",
"epos": "DET"}
}
,
{
"node": "l",
"frag": "a-dan-niš",
"id": "P334770.l06d3c",
"ref": "P334770.11.5",
"inst": "adanniš[very much]AV",
"sig": "@saao/saa10%akk-x-neoass:a-dan-niš=adanniš[very much//very much]AV'AV$adanniš",
"f": {"lang": "akk-x-neoass",
"form": "a-dan-niš",
"cf": "adanniš",
"gw": "very much",
"sense": "very much",
"norm": "adanniš",
"pos": "AV",
"epos": "AV"}
}
,
{
"node": "l",
"frag": "u₃",
"id": "P334770.l06d3d",
"ref": "P334770.11.6",
"inst": "u[and]CNJ",
"sig": "@saao/saa10%akk-x-neoass:u₃=u[and//and]CNJ'CNJ$u",
"f": {"lang": "akk-x-neoass",
"form": "u₃",
"cf": "u",
"gw": "and",
"sense": "and",
"norm": "u",
"pos": "CNJ",
"epos": "CNJ"}
}
,
{
"node": "l",
"frag": "ra-i-mu",
"id": "P334770.l06d3e",
"ref": "P334770.11.7",
"inst": "+rāʾimu[one who loves]N$",
"sig": "@saao/saa10%akk-x-neoass:ra-i-mu=rāʾimu[one who loves//one who loves]N'N$rāʾimu",
"f": {"lang": "akk-x-neoass",
"form": "ra-i-mu",
"cf": "rāʾimu",
"gw": "one who loves",
"sense": "one who loves",
"norm": "rāʾimu",
"pos": "N",
"epos": "N"}
}
,
{
"node": "d",
"type": "line-start",
"ref": "P334770.12",
"n": "11",
"label": "o 11"}
,
{
"node": "l",
"frag": "[ša",
"id": "P334770.l06d3f",
"ref": "P334770.12.1",
"inst": "ša[of]DET",
"sig": "@saao/saa10%akk-x-neoass:ša=ša[of//of]DET'DET$ša",
"f": {"lang": "akk-x-neoass",
"form": "ša",
"cf": "ša",
"gw": "of",
"sense": "of",
"norm": "ša",
"pos": "DET",
"epos": "DET"}
}
,
{
"node": "l",
"frag": "UN-MEŠ",
"id": "P334770.l06d40",
"ref": "P334770.12.2",
"inst": "nišē[people]N",
"sig": "@saao/saa10%akk-x-neoass:UN-MEŠ=nišu[people//people]N'N$nišē",
"f": {"lang": "akk-x-neoass",
"form": "UN-MEŠ",
"cf": "nišu",
"gw": "people",
"sense": "people",
"norm": "nišē",
"pos": "N",
"epos": "N"}
}
,
{
"node": "l",
"frag": "šu]-⸢u₂⸣",
"id": "P334770.l06d41",
"ref": "P334770.12.3",
"inst": "šû[he]IP",
"sig": "@saao/saa10%akk-x-neoass:šu-u₂=šū[he//he]IP'IP$šû",
"f": {"lang": "akk-x-neoass",
"form": "šu-u₂",
"cf": "šū",
"gw": "he",
"sense": "he",
"norm": "šû",
"pos": "IP",
"epos": "IP"}
}
,
{
"node": "l",
"frag": "a-ki-i",
"id": "P334770.l06d42",
"ref": "P334770.12.4",
"inst": "akī[when]'SBJ",
"sig": "@saao/saa10%akk-x-neoass:a-ki-i=akī[as//when]PRP'SBJ$akī",
"f": {"lang": "akk-x-neoass",
"form": "a-ki-i",
"cf": "akī",
"gw": "as",
"sense": "when",
"norm": "akī",
"pos": "PRP",
"epos": "SBJ"}
}
,
{
"node": "l",
"frag": "{1}ARAD-{d}na-na-a",
"id": "P334770.l06d43",
"ref": "P334770.12.5",
"inst": "Urdu-Nanaya[1]PN",
"sig": "@saao/saa10%akk-x-neoass:{1}ARAD-{d}na-na-a=Urdu-Nanaya[1//1]PN'PN$Urdu-Nanaya",
"f": {"lang": "akk-x-neoass",
"form": "{1}ARAD-{d}na-na-a",
"cf": "Urdu-Nanaya",
"gw": "1",
"sense": "1",
"norm": "Urdu-Nanaya",
"pos": "PN",
"epos": "PN"}
}
,
{
"node": "d",
"type": "line-start",
"ref": "P334770.13",
"n": "12",
"label": "o 12"}
,
{
"node": "l",
"frag": "[x",
"id": "P334770.l06d44",
"ref": "P334770.13.1",
"inst": "u",
"f": {"lang": "akk-x-neoass",
"form": "x",
"pos": "u"}
}
,
{
"node": "l",
"frag": "x",
"id": "P334770.l06d45",
"ref": "P334770.13.2",
"inst": "u",
"f": {"lang": "akk-x-neoass",
"form": "x",
"pos": "u"}
}
,
{
"node": "l",
"frag": "x",
"id": "P334770.l06d46",
"ref": "P334770.13.3",
"inst": "u",
"f": {"lang": "akk-x-neoass",
"form": "x",
"pos": "u"}
}
,
{
"node": "l",
"frag": "x",
"id": "P334770.l06d47",
"ref": "P334770.13.4",
"inst": "u",
"f": {"lang": "akk-x-neoass",
"form": "x",
"pos": "u"}
}
,
{
"node": "l",
"frag": "x",
"id": "P334770.l06d48",
"ref": "P334770.13.5",
"inst": "u",
"f": {"lang": "akk-x-neoass",
"form": "x",
"pos": "u"}
}
,
{
"node": "l",
"frag": "x",
"id": "P334770.l06d49",
"ref": "P334770.13.6",
"inst": "u",
"f": {"lang": "akk-x-neoass",
"form": "x",
"pos": "u"}
}
,
{
"node": "l",
"frag": "x]-du-u-ni",
"id": "P334770.l06d4a",
"ref": "P334770.13.7",
"inst": "u",
"f": {"lang": "akk-x-neoass",
"form": "x-du-u-ni",
"pos": "u"}
}
,
{
"node": "l",
"frag": "LUGAL",
"id": "P334770.l06d4b",
"ref": "P334770.13.8",
"inst": "šarru[king]N",
"sig": "@saao/saa10%akk-x-neoass:LUGAL=šarru[king//king]N'N$šarru",
"f": {"lang": "akk-x-neoass",
"form": "LUGAL",
"cf": "šarru",
"gw": "king",
"sense": "king",
"norm": "šarru",
"pos": "N",
"epos": "N"}
}
,
{
"node": "l",
"frag": "be-li₂",
"id": "P334770.l06d4c",
"ref": "P334770.13.9",
"inst": "bēlī[lord]N",
"sig": "@saao/saa10%akk-x-neoass:be-li₂=bēlu[lord//lord]N'N$bēlī",
"f": {"lang": "akk-x-neoass",
"form": "be-li₂",
"cf": "bēlu",
"gw": "lord",
"sense": "lord",
"norm": "bēlī",
"pos": "N",
"epos": "N"}
}
,
{
"node": "d",
"type": "line-start",
"ref": "P334770.14",
"n": "13",
"label": "o 13"}
,
{
"node": "l",
"frag": "[x",
"id": "P334770.l06d4d",
"ref": "P334770.14.1",
"inst": "u",
"f": {"lang": "akk-x-neoass",
"form": "x",
"pos": "u"}
}
,
{
"node": "l",
"frag": "x",
"id": "P334770.l06d4e",
"ref": "P334770.14.2",
"inst": "u",
"f": {"lang": "akk-x-neoass",
"form": "x",
"pos": "u"}
}
,
{
"node": "l",
"frag": "x",
"id": "P334770.l06d4f",
"ref": "P334770.14.3",
"inst": "u",
"f": {"lang": "akk-x-neoass",
"form": "x",
"pos": "u"}
}
,
{
"node": "l",
"frag": "x",
"id": "P334770.l06d50",
"ref": "P334770.14.4",
"inst": "u",
"f": {"lang": "akk-x-neoass",
"form": "x",
"pos": "u"}
}
,
{
"node": "l",
"frag": "x",
"id": "P334770.l06d51",
"ref": "P334770.14.5",
"inst": "u",
"f": {"lang": "akk-x-neoass",
"form": "x",
"pos": "u"}
}
,
{
"node": "l",
"frag": "x",
"id": "P334770.l06d52",
"ref": "P334770.14.6",
"inst": "u",
"f": {"lang": "akk-x-neoass",
"form": "x",
"pos": "u"}
}
,
{
"node": "l",
"frag": "x",
"id": "P334770.l06d53",
"ref": "P334770.14.7",
"inst": "u",
"f": {"lang": "akk-x-neoass",
"form": "x",
"pos": "u"}
}
,
{
"node": "l",
"frag": "x]+⸢x",
"id": "P334770.l06d54",
"ref": "P334770.14.8",
"inst": "u",
"f": {"lang": "akk-x-neoass",
"form": "x+x",
"pos": "u"}
}
,
{
"node": "l",
"frag": "x⸣",
"id": "P334770.l06d55",
"ref": "P334770.14.9",
"inst": "u",
"f": {"lang": "akk-x-neoass",
"form": "x",
"pos": "u"}
}
,
{
"node": "l",
"frag": "us-se-bi-la-aš₂-šu₂",
"id": "P334770.l06d56",
"ref": "P334770.14.10",
"inst": "ussēbilaššu[send]V",
"sig": "@saao/saa10%akk-x-neoass:us-se-bi-la-aš₂-šu₂=wabālu[bring//send]V'V$ussēbilaššu",
"f": {"lang": "akk-x-neoass",
"form": "us-se-bi-la-aš₂-šu₂",
"cf": "wabālu",
"gw": "bring",
"sense": "send",
"norm": "ussēbilaššu",
"pos": "V",
"epos": "V"}
}
,
{
"node": "d",
"type": "nonx",
"ref": "P334770.15",
"strict": "0",
"extent": "rest",
"state": "missing"}
,
{
"node": "d",
"subtype": "reverse",
"type": "surface",
"ref": "P334770.r.16",
"type": "reverse",
"label": "r"}
,
{
"node": "d",
"type": "nonx",
"ref": "P334770.17",
"strict": "0",
"extent": "beginning",
"state": "missing"}
,
{
"node": "d",
"type": "line-start",
"ref": "P334770.18",
"n": "1'",
"label": "r 1'"}
,
{
"node": "l",
"frag": "[x",
"id": "P334770.l06d57",
"ref": "P334770.18.1",
"inst": "u",
"f": {"lang": "akk-x-neoass",
"form": "x",
"pos": "u"}
}
,
{
"node": "l",
"frag": "x",
"id": "P334770.l06d58",
"ref": "P334770.18.2",
"inst": "u",
"f": {"lang": "akk-x-neoass",
"form": "x",
"pos": "u"}
}
,
{
"node": "l",
"frag": "x",
"id": "P334770.l06d59",
"ref": "P334770.18.3",
"inst": "u",
"f": {"lang": "akk-x-neoass",
"form": "x",
"pos": "u"}
}
,
{
"node": "l",
"frag": "x",
"id": "P334770.l06d5a",
"ref": "P334770.18.4",
"inst": "u",
"f": {"lang": "akk-x-neoass",
"form": "x",
"pos": "u"}
}
,
{
"node": "l",
"frag": "x",
"id": "P334770.l06d5b",
"ref": "P334770.18.5",
"inst": "u",
"f": {"lang": "akk-x-neoass",
"form": "x",
"pos": "u"}
}
,
{
"node": "l",
"frag": "x",
"id": "P334770.l06d5c",
"ref": "P334770.18.6",
"inst": "u",
"f": {"lang": "akk-x-neoass",
"form": "x",
"pos": "u"}
}
,
{
"node": "l",
"frag": "x",
"id": "P334770.l06d5d",
"ref": "P334770.18.7",
"inst": "u",
"f": {"lang": "akk-x-neoass",
"form": "x",
"pos": "u"}
}
,
{
"node": "l",
"frag": "x",
"id": "P334770.l06d5e",
"ref": "P334770.18.8",
"inst": "u",
"f": {"lang": "akk-x-neoass",
"form": "x",
"pos": "u"}
}
,
{
"node": "l",
"frag": "x",
"id": "P334770.l06d5f",
"ref": "P334770.18.9",
"inst": "u",
"f": {"lang": "akk-x-neoass",
"form": "x",
"pos": "u"}
}
,
{
"node": "l",
"frag": "x",
"id": "P334770.l06d60",
"ref": "P334770.18.10",
"inst": "u",
"f": {"lang": "akk-x-neoass",
"form": "x",
"pos": "u"}
}
,
{
"node": "l",
"frag": "x]-bit",
"id": "P334770.l06d61",
"ref": "P334770.18.11",
"inst": "u",
"f": {"lang": "akk-x-neoass",
"form": "x-bit",
"pos": "u"}
}
,
{
"node": "d",
"type": "line-start",
"ref": "P334770.19",
"n": "2'",
"label": "r 2'"}
,
{
"node": "l",
"frag": "⸢x⸣",
"id": "P334770.l06d62",
"ref": "P334770.19.1",
"inst": "u",
"f": {"lang": "akk-x-neoass",
"form": "x",
"pos": "u"}
}
,
{
"node": "l",
"frag": "[x",
"id": "P334770.l06d63",
"ref": "P334770.19.2",
"inst": "u",
"f": {"lang": "akk-x-neoass",
"form": "x",
"pos": "u"}
}
,
{
"node": "l",
"frag": "x",
"id": "P334770.l06d64",
"ref": "P334770.19.3",
"inst": "u",
"f": {"lang": "akk-x-neoass",
"form": "x",
"pos": "u"}
}
,
{
"node": "l",
"frag": "x",
"id": "P334770.l06d65",
"ref": "P334770.19.4",
"inst": "u",
"f": {"lang": "akk-x-neoass",
"form": "x",
"pos": "u"}
}
,
{
"node": "l",
"frag": "x",
"id": "P334770.l06d66",
"ref": "P334770.19.5",
"inst": "u",
"f": {"lang": "akk-x-neoass",
"form": "x",
"pos": "u"}
}
,
{
"node": "l",
"frag": "x",
"id": "P334770.l06d67",
"ref": "P334770.19.6",
"inst": "u",
"f": {"lang": "akk-x-neoass",
"form": "x",
"pos": "u"}
}
,
{
"node": "l",
"frag": "x",
"id": "P334770.l06d68",
"ref": "P334770.19.7",
"inst": "u",
"f": {"lang": "akk-x-neoass",
"form": "x",
"pos": "u"}
}
,
{
"node": "l",
"frag": "x",
"id": "P334770.l06d69",
"ref": "P334770.19.8",
"inst": "u",
"f": {"lang": "akk-x-neoass",
"form": "x",
"pos": "u"}
}
,
{
"node": "l",
"frag": "x",
"id": "P334770.l06d6a",
"ref": "P334770.19.9",
"inst": "u",
"f": {"lang": "akk-x-neoass",
"form": "x",
"pos": "u"}
}
,
{
"node": "l",
"frag": "x",
"id": "P334770.l06d6b",
"ref": "P334770.19.10",
"inst": "u",
"f": {"lang": "akk-x-neoass",
"form": "x",
"pos": "u"}
}
,
{
"node": "l",
"frag": "x]-am-me",
"id": "P334770.l06d6c",
"ref": "P334770.19.11",
"inst": "u",
"f": {"lang": "akk-x-neoass",
"form": "x-am-me",
"pos": "u"}
}
,
{
"node": "d",
"type": "line-start",
"ref": "P334770.20",
"n": "3'",
"label": "r 3'"}
,
{
"node": "l",
"frag": "⸢x⸣",
"id": "P334770.l06d6d",
"ref": "P334770.20.1",
"inst": "u",
"f": {"lang": "akk-x-neoass",
"form": "x",
"pos": "u"}
}
,
{
"node": "l",
"frag": "[x",
"id": "P334770.l06d6e",
"ref": "P334770.20.2",
"inst": "u",
"f": {"lang": "akk-x-neoass",
"form": "x",
"pos": "u"}
}
,
{
"node": "l",
"frag": "x",
"id": "P334770.l06d6f",
"ref": "P334770.20.3",
"inst": "u",
"f": {"lang": "akk-x-neoass",
"form": "x",
"pos": "u"}
}
,
{
"node": "l",
"frag": "x",
"id": "P334770.l06d70",
"ref": "P334770.20.4",
"inst": "u",
"f": {"lang": "akk-x-neoass",
"form": "x",
"pos": "u"}
}
,
{
"node": "l",
"frag": "x",
"id": "P334770.l06d71",
"ref": "P334770.20.5",
"inst": "u",
"f": {"lang": "akk-x-neoass",
"form": "x",
"pos": "u"}
}
,
{
"node": "l",
"frag": "x",
"id": "P334770.l06d72",
"ref": "P334770.20.6",
"inst": "u",
"f": {"lang": "akk-x-neoass",
"form": "x",
"pos": "u"}
}
,
{
"node": "l",
"frag": "x",
"id": "P334770.l06d73",
"ref": "P334770.20.7",
"inst": "u",
"f": {"lang": "akk-x-neoass",
"form": "x",
"pos": "u"}
}
,
{
"node": "l",
"frag": "x",
"id": "P334770.l06d74",
"ref": "P334770.20.8",
"inst": "u",
"f": {"lang": "akk-x-neoass",
"form": "x",
"pos": "u"}
}
,
{
"node": "l",
"frag": "x",
"id": "P334770.l06d75",
"ref": "P334770.20.9",
"inst": "u",
"f": {"lang": "akk-x-neoass",
"form": "x",
"pos": "u"}
}
,
{
"node": "l",
"frag": "x",
"id": "P334770.l06d76",
"ref": "P334770.20.10",
"inst": "u",
"f": {"lang": "akk-x-neoass",
"form": "x",
"pos": "u"}
}
,
{
"node": "l",
"frag": "x",
"id": "P334770.l06d77",
"ref": "P334770.20.11",
"inst": "u",
"f": {"lang": "akk-x-neoass",
"form": "x",
"pos": "u"}
}
,
{
"node": "l",
"frag": "x",
"id": "P334770.l06d78",
"ref": "P334770.20.12",
"inst": "u",
"f": {"lang": "akk-x-neoass",
"form": "x",
"pos": "u"}
}
,
{
"node": "l",
"frag": "x]-me",
"id": "P334770.l06d79",
"ref": "P334770.20.13",
"inst": "u",
"f": {"lang": "akk-x-neoass",
"form": "x-me",
"pos": "u"}
}
,
{
"node": "d",
"type": "line-start",
"ref": "P334770.21",
"n": "4'",
"label": "r 4'"}
,
{
"node": "l",
"frag": "is-⸢x⸣+[x",
"id": "P334770.l06d7a",
"ref": "P334770.21.1",
"inst": "u",
"f": {"lang": "akk-x-neoass",
"form": "is-x+x",
"pos": "u"}
}
,
{
"node": "l",
"frag": "x",
"id": "P334770.l06d7b",
"ref": "P334770.21.2",
"inst": "u",
"f": {"lang": "akk-x-neoass",
"form": "x",
"pos": "u"}
}
,
{
"node": "l",
"frag": "x]",
"id": "P334770.l06d7c",
"ref": "P334770.21.3",
"inst": "u",
"f": {"lang": "akk-x-neoass",
"form": "x",
"pos": "u"}
}
,
{
"node": "l",
"frag": "u₂-ma-a",
"id": "P334770.l06d7d",
"ref": "P334770.21.4",
"inst": "ūmâ[now]AV",
"sig": "@saao/saa10%akk-x-neoass:u₂-ma-a=ūma[today//now]AV'AV$ūmâ",
"f": {"lang": "akk-x-neoass",
"form": "u₂-ma-a",
"cf": "ūma",
"gw": "today",
"sense": "now",
"norm": "ūmâ",
"pos": "AV",
"epos": "AV"}
}
,
{
"node": "l",
"frag": "ah-šu₂",
"id": "P334770.l06d7e",
"ref": "P334770.21.5",
"inst": "+ahu[arm]N$ahšu",
"sig": "@saao/saa10%akk-x-neoass:ah-šu₂=ahu[arm//arm]N'N$ahšu",
"f": {"lang": "akk-x-neoass",
"form": "ah-šu₂",
"cf": "ahu",
"gw": "arm",
"sense": "arm",
"norm": "ahšu",
"pos": "N",
"epos": "N"}
}
,
{
"node": "l",
"frag": "ina",
"id": "P334770.l06d7f",
"ref": "P334770.21.6",
"inst": "ina[in]PRP",
"sig": "@saao/saa10%akk-x-neoass:ina=ina[in//in]PRP'PRP$ina",
"f": {"lang": "akk-x-neoass",
"form": "ina",
"cf": "ina",
"gw": "in",
"sense": "in",
"norm": "ina",
"pos": "PRP",
"epos": "PRP"}
}
,
{
"node": "l",
"frag": "E₂-AD-šu₂",
"id": "P334770.l06d80",
"ref": "P334770.21.7",
"cof-tails": "P334770.l06d81",
"inst": "bēt[house]N&abīšu[father]N",
"sig": "@saao/saa10%akk-x-neoass:E₂-AD-šu₂=bītu[house//house]N'N$bēt&&@saao/saa10%akk-x-neoass:=abu[father//father]N'N$abīšu",
"f": {"lang": "akk-x-neoass",
"form": "E₂-AD-šu₂",
"cf": "bītu",
"gw": "house",
"sense": "house",
"norm": "bēt",
"pos": "N",
"epos": "N"}
}
,
{
"node": "l",
"frag": "E₂-AD-šu₂",
"id": "P334770.l06d81",
"ref": "P334770.21.7",
"cof-head": "P334770.l06d80",
"inst": "bēt[house]N&abīšu[father]N",
"f": {"lang": "akk-x-neoass",
"form": "E₂-AD-šu₂",
"cf": "abu",
"gw": "father",
"sense": "father",
"norm": "abīšu",
"pos": "N",
"epos": "N"}
}
,
{
"node": "l",
"frag": "ta-ta-lak",
"id": "P334770.l06d82",
"ref": "P334770.21.8",
"inst": "tattalak[go]V",
"sig": "@saao/saa10%akk-x-neoass:ta-ta-lak=alāku[go//go]V'V$tattalak",
"f": {"lang": "akk-x-neoass",
"form": "ta-ta-lak",
"cf": "alāku",
"gw": "go",
"sense": "go",
"norm": "tattalak",
"pos": "V",
"epos": "V"}
}
,
{
"node": "d",
"type": "line-start",
"ref": "P334770.22",
"n": "5'",
"label": "r 5'"}
,
{
"node": "l",
"frag": "⸢zi⸣-[x",
"id": "P334770.l06d83",
"ref": "P334770.22.1",
"inst": "u",
"f": {"lang": "akk-x-neoass",
"form": "zi-x",
"pos": "u"}
}
,
{
"node": "l",
"frag": "x",
"id": "P334770.l06d84",
"ref": "P334770.22.2",
"inst": "u",
"f": {"lang": "akk-x-neoass",
"form": "x",
"pos": "u"}
}
,
{
"node": "l",
"frag": "x",
"id": "P334770.l06d85",
"ref": "P334770.22.3",
"inst": "u",
"f": {"lang": "akk-x-neoass",
"form": "x",
"pos": "u"}
}
,
{
"node": "l",
"frag": "x",
"id": "P334770.l06d86",
"ref": "P334770.22.4",
"inst": "u",
"f": {"lang": "akk-x-neoass",
"form": "x",
"pos": "u"}
}
,
{
"node": "l",
"frag": "x]",
"id": "P334770.l06d87",
"ref": "P334770.22.5",
"inst": "u",
"f": {"lang": "akk-x-neoass",
"form": "x",
"pos": "u"}
}
,
{
"node": "l",
"frag": "E₂",
"id": "P334770.l06d88",
"ref": "P334770.22.6",
"inst": "bēt[house]N",
"sig": "@saao/saa10%akk-x-neoass:E₂=bītu[house//house]N'N$bēt",
"f": {"lang": "akk-x-neoass",
"form": "E₂",
"cf": "bītu",
"gw": "house",
"sense": "house",
"norm": "bēt",
"pos": "N",
"epos": "N"}
}
,
{
"node": "l",
"frag": "ARAD-šu₂",
"id": "P334770.l06d89",
"ref": "P334770.22.7",
"inst": "urdīšu[servant]N",
"sig": "@saao/saa10%akk-x-neoass:ARAD-šu₂=ardu[slave//servant]N'N$urdīšu",
"f": {"lang": "akk-x-neoass",
"form": "ARAD-šu₂",
"cf": "ardu",
"gw": "slave",
"sense": "servant",
"norm": "urdīšu",
"pos": "N",
"epos": "N"}
}
,
{
"node": "l",
"frag": "ina",
"id": "P334770.l06d8a",
"ref": "P334770.22.8",
"inst": "ina[in]PRP",
"sig": "@saao/saa10%akk-x-neoass:ina=ina[in//in]PRP'PRP$ina",
"f": {"lang": "akk-x-neoass",
"form": "ina",
"cf": "ina",
"gw": "in",
"sense": "in",
"norm": "ina",
"pos": "PRP",
"epos": "PRP"}
}
,
{
"node": "l",
"frag": "pa-an",
"id": "P334770.l06d8b",
"ref": "P334770.22.9",
"inst": "pān[front]N",
"sig": "@saao/saa10%akk-x-neoass:pa-an=pānu[front//front]N'N$pān",
"f": {"lang": "akk-x-neoass",
"form": "pa-an",
"cf": "pānu",
"gw": "front",
"sense": "front",
"norm": "pān",
"pos": "N",
"epos": "N"}
}
,
{
"node": "l",
"frag": "01-en",
"id": "P334770.l06d8c",
"ref": "P334770.22.10",
"inst": "issēn[one]NU",
"sig": "@saao/saa10%akk-x-neoass:01-en=ištēn[one//one]NU'NU$issēn",
"f": {"lang": "akk-x-neoass",
"form": "01-en",
"cf": "ištēn",
"gw": "one",
"sense": "one",
"norm": "issēn",
"pos": "NU",
"epos": "NU"}
}
,
{
"node": "l",
"frag": "{lu₂}SAG-MEŠ",
"id": "P334770.l06d8d",
"ref": "P334770.22.11",
"inst": "ša-rēšāni[eunuch]N",
"sig": "@saao/saa10%akk-x-neoass:{LU₂}SAG-MEŠ=ša-rēši[eunuch//eunuch]N'N$ša-rēšāni",
"f": {"lang": "akk-x-neoass",
"form": "{LU₂}SAG-MEŠ",
"cf": "ša-rēši",
"gw": "eunuch",
"sense": "eunuch",
"norm": "ša-rēšāni",
"pos": "N",
"epos": "N"}
}
,
{
"node": "d",
"type": "line-start",
"ref": "P334770.23",
"n": "6'",
"label": "r 6'"}
,
{
"node": "l",
"frag": "⸢x⸣+[x",
"id": "P334770.l06d8e",
"ref": "P334770.23.1",
"inst": "u",
"f": {"lang": "akk-x-neoass",
"form": "x+x",
"pos": "u"}
}
,
{
"node": "l",
"frag": "x",
"id": "P334770.l06d8f",
"ref": "P334770.23.2",
"inst": "u",
"f": {"lang": "akk-x-neoass",
"form": "x",
"pos": "u"}
}
,
{
"node": "l",
"frag": "x",
"id": "P334770.l06d90",
"ref": "P334770.23.3",
"inst": "u",
"f": {"lang": "akk-x-neoass",
"form": "x",
"pos": "u"}
}
,
{
"node": "l",
"frag": "x",
"id": "P334770.l06d91",
"ref": "P334770.23.4",
"inst": "u",
"f": {"lang": "akk-x-neoass",
"form": "x",
"pos": "u"}
}
,
{
"node": "l",
"frag": "x",
"id": "P334770.l06d92",
"ref": "P334770.23.5",
"inst": "u",
"f": {"lang": "akk-x-neoass",
"form": "x",
"pos": "u"}
}
,
{
"node": "l",
"frag": "x]+⸢x⸣-u₂",
"id": "P334770.l06d93",
"ref": "P334770.23.6",
"inst": "u",
"f": {"lang": "akk-x-neoass",
"form": "x+x-u₂",
"pos": "u"}
}
,
{
"node": "l",
"frag": "mi₃-nu",
"id": "P334770.l06d94",
"ref": "P334770.23.7",
"inst": "mīnu[what?]QP",
"sig": "@saao/saa10%akk-x-neoass:mi₃-nu=mīnu[what?//what?]QP'QP$mīnu",
"f": {"lang": "akk-x-neoass",
"form": "mi₃-nu",
"cf": "mīnu",
"gw": "what?",
"sense": "what?",
"norm": "mīnu",
"pos": "QP",
"epos": "QP"}
}
,
{
"node": "l",
"frag": "ša",
"id": "P334770.l06d95",
"ref": "P334770.23.8",
"inst": "ša[that]REL",
"sig": "@saao/saa10%akk-x-neoass:ša=ša[that//when]REL'REL$ša",
"f": {"lang": "akk-x-neoass",
"form": "ša",
"cf": "ša",
"gw": "that",
"sense": "when",
"norm": "ša",
"pos": "REL",
"epos": "REL"}
}
,
{
"node": "l",
"frag": "ṭe₃-mi₃-ni",
"id": "P334770.l06d96",
"ref": "P334770.23.9",
"inst": "ṭēmīni[report]N",
"sig": "@saao/saa10%akk-x-neoass:ṭe₃-mi₃-ni=ṭēmu[(fore)thought//report]N'N$ṭēmīni",
"f": {"lang": "akk-x-neoass",
"form": "ṭe₃-mi₃-ni",
"cf": "ṭēmu",
"gw": "(fore)thought",
"sense": "report",
"norm": "ṭēmīni",
"pos": "N",
"epos": "N"}
}
,
{
"node": "d",
"type": "line-start",
"ref": "P334770.24",
"n": "7'",
"label": "r 7'"}
,
{
"node": "l",
"frag": "[la-mur]",
"id": "P334770.l06d97",
"ref": "P334770.24.1",
"inst": "lāmur[see]V",
"sig": "@saao/saa10%akk-x-neoass:la-mur=amāru[see//see]V'V$lāmur",
"f": {"lang": "akk-x-neoass",
"form": "la-mur",
"cf": "amāru",
"gw": "see",
"sense": "see",
"norm": "lāmur",
"pos": "V",
"epos": "V"}
}
,
{
"node": "l",
"frag": "⸢ne₂⸣-mu-lu",
"id": "P334770.l06d98",
"ref": "P334770.24.2",
"inst": "+nēmelu[profit//result]N'N$nēmulu",
"sig": "@saao/saa10%akk-x-neoass:ne₂-mu-lu=nēmelu[profit//result]N'N$nēmulu",
"f": {"lang": "akk-x-neoass",
"form": "ne₂-mu-lu",
"cf": "nēmelu",
"gw": "profit",
"sense": "result",
"norm": "nēmulu",
"pos": "N",
"epos": "N"}
}
,
{
"node": "l",
"frag": "ṭup-pu",
"id": "P334770.l06d99",
"ref": "P334770.24.3",
"inst": "ṭuppu[tablet]N",
"sig": "@saao/saa10%akk-x-neoass:ṭup-pu=ṭuppu[tablet//tablet]N'N$ṭuppu",
"f": {"lang": "akk-x-neoass",
"form": "ṭup-pu",
"cf": "ṭuppu",
"gw": "tablet",
"sense": "tablet",
"norm": "ṭuppu",
"pos": "N",
"epos": "N"}
}
,
{
"node": "l",
"frag": "ṣa-hi-it-tu₂",
"id": "P334770.l06d9a",
"ref": "P334770.24.4",
"inst": "ṣahittu[desire]N",
"sig": "@saao/saa10%akk-x-neoass:ṣa-hi-it-tu₂=ṣahittu[wish//desire]N'N$ṣahittu",
"f": {"lang": "akk-x-neoass",
"form": "ṣa-hi-it-tu₂",
"cf": "ṣahittu",
"gw": "wish",
"sense": "desire",
"norm": "ṣahittu",
"pos": "N",
"epos": "N"}
}
,
{
"node": "l",
"frag": "ša",
"id": "P334770.l06d9b",
"ref": "P334770.24.5",
"inst": "ša[of]DET",
"sig": "@saao/saa10%akk-x-neoass:ša=ša[of//of]DET'DET$ša",
"f": {"lang": "akk-x-neoass",
"form": "ša",
"cf": "ša",
"gw": "of",
"sense": "of",
"norm": "ša",
"pos": "DET",
"epos": "DET"}
}
,
{
"node": "l",
"frag": "LUGAL",
"id": "P334770.l06d9c",
"ref": "P334770.24.6",
"inst": "šarri[king]N",
"sig": "@saao/saa10%akk-x-neoass:LUGAL=šarru[king//king]N'N$šarri",
"f": {"lang": "akk-x-neoass",
"form": "LUGAL",
"cf": "šarru",
"gw": "king",
"sense": "king",
"norm": "šarri",
"pos": "N",
"epos": "N"}
}
,
{
"node": "d",
"type": "line-start",
"ref": "P334770.25",
"n": "8'",
"label": "r 8'"}
,
{
"node": "l",
"frag": "[x",
"id": "P334770.l06d9d",
"ref": "P334770.25.1",
"inst": "u",
"f": {"lang": "akk-x-neoass",
"form": "x",
"pos": "u"}
}
,
{
"node": "l",
"frag": "x",
"id": "P334770.l06d9e",
"ref": "P334770.25.2",
"inst": "u",
"f": {"lang": "akk-x-neoass",
"form": "x",
"pos": "u"}
}
,
{
"node": "l",
"frag": "x",
"id": "P334770.l06d9f",
"ref": "P334770.25.3",
"inst": "u",
"f": {"lang": "akk-x-neoass",
"form": "x",
"pos": "u"}
}
,
{
"node": "l",
"frag": "x]+⸢x⸣",
"id": "P334770.l06da0",
"ref": "P334770.25.4",
"inst": "u",
"f": {"lang": "akk-x-neoass",
"form": "x+x",
"pos": "u"}
}
,
{
"node": "l",
"frag": "a-na",
"id": "P334770.l06da1",
"ref": "P334770.25.5",
"inst": "ana[to]PRP",
"sig": "@saao/saa10%akk-x-neoass:a-na=ana[to//to]PRP'PRP$ana",
"f": {"lang": "akk-x-neoass",
"form": "a-na",
"cf": "ana",
"gw": "to",
"sense": "to",
"norm": "ana",
"pos": "PRP",
"epos": "PRP"}
}
,
{
"node": "l",
"frag": "LUGAL",
"id": "P334770.l06da2",
"ref": "P334770.25.6",
"inst": "šarri[king]N",
"sig": "@saao/saa10%akk-x-neoass:LUGAL=šarru[king//king]N'N$šarri",
"f": {"lang": "akk-x-neoass",
"form": "LUGAL",
"cf": "šarru",
"gw": "king",
"sense": "king",
"norm": "šarri",
"pos": "N",
"epos": "N"}
}
,
{
"node": "l",
"frag": "be-li₂-ia",
"id": "P334770.l06da3",
"ref": "P334770.25.7",
"inst": "bēlīya[lord]N",
"sig": "@saao/saa10%akk-x-neoass:be-li₂-ia=bēlu[lord//lord]N'N$bēlīya",
"f": {"lang": "akk-x-neoass",
"form": "be-li₂-ia",
"cf": "bēlu",
"gw": "lord",
"sense": "lord",
"norm": "bēlīya",
"pos": "N",
"epos": "N"}
}
,
{
"node": "l",
"frag": "la-aš₂-pu-ra",
"id": "P334770.l06da4",
"ref": "P334770.25.8",
"inst": "lašpura[send]V",
"sig": "@saao/saa10%akk-x-neoass:la-aš₂-pu-ra=šapāru[send//send]V'V$lašpura",
"f": {"lang": "akk-x-neoass",
"form": "la-aš₂-pu-ra",
"cf": "šapāru",
"gw": "send",
"sense": "send",
"norm": "lašpura",
"pos": "V",
"epos": "V"}
}
,
{
"node": "d",
"type": "line-start",
"ref": "P334770.26",
"n": "9'",
"label": "r 9'"}
,
{
"node": "l",
"frag": "[x",
"id": "P334770.l06da5",
"ref": "P334770.26.1",
"inst": "u",
"f": {"lang": "akk-x-neoass",
"form": "x",
"pos": "u"}
}
,
{
"node": "l",
"frag": "x",
"id": "P334770.l06da6",
"ref": "P334770.26.2",
"inst": "u",
"f": {"lang": "akk-x-neoass",
"form": "x",
"pos": "u"}
}
,
{
"node": "l",
"frag": "x",
"id": "P334770.l06da7",
"ref": "P334770.26.3",
"inst": "u",
"f": {"lang": "akk-x-neoass",
"form": "x",
"pos": "u"}
}
,
{
"node": "l",
"frag": "x",
"id": "P334770.l06da8",
"ref": "P334770.26.4",
"inst": "u",
"f": {"lang": "akk-x-neoass",
"form": "x",
"pos": "u"}
}
,
{
"node": "l",
"frag": "x]-eš",
"id": "P334770.l06da9",
"ref": "P334770.26.5",
"inst": "u",
"f": {"lang": "akk-x-neoass",
"form": "x-eš",
"pos": "u"}
}
,
{
"node": "l",
"frag": "ina",
"id": "P334770.l06daa",
"ref": "P334770.26.6",
"inst": "ina[in]PRP",
"sig": "@saao/saa10%akk-x-neoass:ina=ina[in//in]PRP'PRP$ina",
"f": {"lang": "akk-x-neoass",
"form": "ina",
"cf": "ina",
"gw": "in",
"sense": "in",
"norm": "ina",
"pos": "PRP",
"epos": "PRP"}
}
,
{
"node": "l",
"frag": "⸢x",
"id": "P334770.l06dab",
"ref": "P334770.26.7",
"inst": "u",
"f": {"lang": "akk-x-neoass",
"form": "x",
"pos": "u"}
}
,
{
"node": "l",
"frag": "x⸣",
"id": "P334770.l06dac",
"ref": "P334770.26.8",
"inst": "u",
"f": {"lang": "akk-x-neoass",
"form": "x",
"pos": "u"}
}
,
{
"node": "l",
"frag": "{1}⸢ARAD⸣-{d}⸢na-na-a⸣",
"id": "P334770.l06dad",
"ref": "P334770.26.9",
"inst": "Urdu-Nanaya[1]PN",
"sig": "@saao/saa10%akk-x-neoass:{1}ARAD-{d}na-na-a=Urdu-Nanaya[1//1]PN'PN$Urdu-Nanaya",
"f": {"lang": "akk-x-neoass",
"form": "{1}ARAD-{d}na-na-a",
"cf": "Urdu-Nanaya",
"gw": "1",
"sense": "1",
"norm": "Urdu-Nanaya",
"pos": "PN",
"epos": "PN"}
}
,
{
"node": "d",
"type": "line-start",
"ref": "P334770.27",
"n": "10'",
"label": "r 10'"}
,
{
"node": "l",
"frag": "⸢x⸣+[x",
"id": "P334770.l06dae",
"ref": "P334770.27.1",
"inst": "u",
"f": {"lang": "akk-x-neoass",
"form": "x+x",
"pos": "u"}
}
,
{
"node": "l",
"frag": "x",
"id": "P334770.l06daf",
"ref": "P334770.27.2",
"inst": "u",
"f": {"lang": "akk-x-neoass",
"form": "x",
"pos": "u"}
}
,
{
"node": "l",
"frag": "x",
"id": "P334770.l06db0",
"ref": "P334770.27.3",
"inst": "u",
"f": {"lang": "akk-x-neoass",
"form": "x",
"pos": "u"}
}
,
{
"node": "l",
"frag": "x",
"id": "P334770.l06db1",
"ref": "P334770.27.4",
"inst": "u",
"f": {"lang": "akk-x-neoass",
"form": "x",
"pos": "u"}
}
,
{
"node": "l",
"frag": "x",
"id": "P334770.l06db2",
"ref": "P334770.27.5",
"inst": "u",
"f": {"lang": "akk-x-neoass",
"form": "x",
"pos": "u"}
}
,
{
"node": "l",
"frag": "x",
"id": "P334770.l06db3",
"ref": "P334770.27.6",
"inst": "u",
"f": {"lang": "akk-x-neoass",
"form": "x",
"pos": "u"}
}
,
{
"node": "l",
"frag": "x",
"id": "P334770.l06db4",
"ref": "P334770.27.7",
"inst": "u",
"f": {"lang": "akk-x-neoass",
"form": "x",
"pos": "u"}
}
,
{
"node": "l",
"frag": "x",
"id": "P334770.l06db5",
"ref": "P334770.27.8",
"inst": "u",
"f": {"lang": "akk-x-neoass",
"form": "x",
"pos": "u"}
}
,
{
"node": "l",
"frag": "x",
"id": "P334770.l06db6",
"ref": "P334770.27.9",
"inst": "u",
"f": {"lang": "akk-x-neoass",
"form": "x",
"pos": "u"}
}
,
{
"node": "l",
"frag": "x",
"id": "P334770.l06db7",
"ref": "P334770.27.10",
"inst": "u",
"f": {"lang": "akk-x-neoass",
"form": "x",
"pos": "u"}
}
,
{
"node": "l",
"frag": "x",
"id": "P334770.l06db8",
"ref": "P334770.27.11",
"inst": "u",
"f": {"lang": "akk-x-neoass",
"form": "x",
"pos": "u"}
}
,
{
"node": "l",
"frag": "x",
"id": "P334770.l06db9",
"ref": "P334770.27.12",
"inst": "u",
"f": {"lang": "akk-x-neoass",
"form": "x",
"pos": "u"}
}
,
{
"node": "l",
"frag": "x]+⸢x⸣-ni",
"id": "P334770.l06dba",
"ref": "P334770.27.13",
"inst": "u",
"f": {"lang": "akk-x-neoass",
"form": "x+x-ni",
"pos": "u"}
}
,
{
"node": "d",
"type": "line-start",
"ref": "P334770.28",
"n": "11'",
"label": "r 11'"}
,
{
"node": "l",
"frag": "[x",
"id": "P334770.l06dbb",
"ref": "P334770.28.1",
"inst": "u",
"f": {"lang": "akk-x-neoass",
"form": "x",
"pos": "u"}
}
,
{
"node": "l",
"frag": "x",
"id": "P334770.l06dbc",
"ref": "P334770.28.2",
"inst": "u",
"f": {"lang": "akk-x-neoass",
"form": "x",
"pos": "u"}
}
,
{
"node": "l",
"frag": "x",
"id": "P334770.l06dbd",
"ref": "P334770.28.3",
"inst": "u",
"f": {"lang": "akk-x-neoass",
"form": "x",
"pos": "u"}
}
,
{
"node": "l",
"frag": "x",
"id": "P334770.l06dbe",
"ref": "P334770.28.4",
"inst": "u",
"f": {"lang": "akk-x-neoass",
"form": "x",
"pos": "u"}
}
,
{
"node": "l",
"frag": "x]",
"id": "P334770.l06dbf",
"ref": "P334770.28.5",
"inst": "u",
"f": {"lang": "akk-x-neoass",
"form": "x",
"pos": "u"}
}
,
{
"node": "l",
"frag": "⸢šu₂",
"id": "P334770.l06dc0",
"ref": "P334770.28.6",
"inst": "u",
"f": {"lang": "akk-x-neoass",
"form": "šu₂",
"pos": "u"}
}
,
{
"node": "l",
"frag": "nu",
"id": "P334770.l06dc1",
"ref": "P334770.28.7",
"inst": "u",
"f": {"lang": "akk-x-neoass",
"form": "nu",
"pos": "u"}
}
,
{
"node": "l",
"frag": "an",
"id": "P334770.l06dc2",
"ref": "P334770.28.8",
"inst": "u",
"f": {"lang": "akk-x-neoass",
"form": "an",
"pos": "u"}
}
,
{
"node": "l",
"frag": "i",
"id": "P334770.l06dc3",
"ref": "P334770.28.9",
"inst": "u",
"f": {"lang": "akk-x-neoass",
"form": "i",
"pos": "u"}
}
,
{
"node": "l",
"frag": "ra⸣",
"id": "P334770.l06dc4",
"ref": "P334770.28.10",
"inst": "u",
"f": {"lang": "akk-x-neoass",
"form": "ra",
"pos": "u"}
}
,
{
"node": "l",
"frag": "[x]",
"id": "P334770.l06dc5",
"ref": "P334770.28.11",
"inst": "u",
"f": {"lang": "akk-x-neoass",
"form": "x",
"pos": "u"}
}
,
{
"node": "l",
"frag": "⸢tu⸣",
"id": "P334770.l06dc6",
"ref": "P334770.28.12",
"inst": "u",
"f": {"lang": "akk-x-neoass",
"form": "tu",
"pos": "u"}
}
,
{
"node": "d",
"type": "nonx",
"ref": "P334770.29",
"strict": "0",
"state": "other"}
,
{
"node": "d",
"subtype": "edge",
"type": "surface",
"ref": "P334770.e..30",
"type": "edge",
"label": "e."}
,
{
"node": "d",
"type": "line-start",
"ref": "P334770.31",
"n": "1",
"label": "e. 1"}
,
{
"node": "l",
"frag": "[x",
"id": "P334770.l06dc7",
"ref": "P334770.31.1",
"inst": "u",
"f": {"lang": "akk-x-neoass",
"form": "x",
"pos": "u"}
}
,
{
"node": "l",
"frag": "x",
"id": "P334770.l06dc8",
"ref": "P334770.31.2",
"inst": "u",
"f": {"lang": "akk-x-neoass",
"form": "x",
"pos": "u"}
}
,
{
"node": "l",
"frag": "x",
"id": "P334770.l06dc9",
"ref": "P334770.31.3",
"inst": "u",
"f": {"lang": "akk-x-neoass",
"form": "x",
"pos": "u"}
}
,
{
"node": "l",
"frag": "x",
"id": "P334770.l06dca",
"ref": "P334770.31.4",
"inst": "u",
"f": {"lang": "akk-x-neoass",
"form": "x",
"pos": "u"}
}
,
{
"node": "l",
"frag": "x",
"id": "P334770.l06dcb",
"ref": "P334770.31.5",
"inst": "u",
"f": {"lang": "akk-x-neoass",
"form": "x",
"pos": "u"}
}
,
{
"node": "l",
"frag": "x",
"id": "P334770.l06dcc",
"ref": "P334770.31.6",
"inst": "u",
"f": {"lang": "akk-x-neoass",
"form": "x",
"pos": "u"}
}
,
{
"node": "l",
"frag": "x",
"id": "P334770.l06dcd",
"ref": "P334770.31.7",
"inst": "u",
"f": {"lang": "akk-x-neoass",
"form": "x",
"pos": "u"}
}
,
{
"node": "l",
"frag": "x]+⸢x⸣-nu-ni",
"id": "P334770.l06dce",
"ref": "P334770.31.8",
"inst": "u",
"f": {"lang": "akk-x-neoass",
"form": "x+x-nu-ni",
"pos": "u"}
}
,
{
"node": "l",
"frag": "ina",
"id": "P334770.l06dcf",
"ref": "P334770.31.9",
"inst": "ina[in]PRP",
"sig": "@saao/saa10%akk-x-neoass:ina=ina[in//in]PRP'PRP$ina",
"f": {"lang": "akk-x-neoass",
"form": "ina",
"cf": "ina",
"gw": "in",
"sense": "in",
"norm": "ina",
"pos": "PRP",
"epos": "PRP"}
}
,
{
"node": "l",
"frag": "UGU",
"id": "P334770.l06dd0",
"ref": "P334770.31.10",
"inst": "muhhi[skull]N",
"sig": "@saao/saa10%akk-x-neoass:UGU=muhhu[skull//skull]N'N$muhhi",
"f": {"lang": "akk-x-neoass",
"form": "UGU",
"cf": "muhhu",
"gw": "skull",
"sense": "skull",
"norm": "muhhi",
"pos": "N",
"epos": "N"}
}
,
{
"node": "d",
"type": "line-start",
"ref": "P334770.32",
"n": "2",
"label": "e. 2"}
,
{
"node": "l",
"frag": "[x",
"id": "P334770.l06dd1",
"ref": "P334770.32.1",
"inst": "u",
"f": {"lang": "akk-x-neoass",
"form": "x",
"pos": "u"}
}
,
{
"node": "l",
"frag": "x",
"id": "P334770.l06dd2",
"ref": "P334770.32.2",
"inst": "u",
"f": {"lang": "akk-x-neoass",
"form": "x",
"pos": "u"}
}
,
{
"node": "l",
"frag": "x",
"id": "P334770.l06dd3",
"ref": "P334770.32.3",
"inst": "u",
"f": {"lang": "akk-x-neoass",
"form": "x",
"pos": "u"}
}
,
{
"node": "l",
"frag": "x",
"id": "P334770.l06dd4",
"ref": "P334770.32.4",
"inst": "u",
"f": {"lang": "akk-x-neoass",
"form": "x",
"pos": "u"}
}
,
{
"node": "l",
"frag": "x",
"id": "P334770.l06dd5",
"ref": "P334770.32.5",
"inst": "u",
"f": {"lang": "akk-x-neoass",
"form": "x",
"pos": "u"}
}
,
{
"node": "l",
"frag": "i]-zi-ru-ni",
"id": "P334770.l06dd6",
"ref": "P334770.32.6",
"inst": "+zêru[dislike//hate]V'V$izīrūni",
"sig": "@saao/saa10%akk-x-neoass:i-zi-ru-ni=zêru[dislike//hate]V'V$izīrūni",
"f": {"lang": "akk-x-neoass",
"form": "i-zi-ru-ni",
"cf": "zêru",
"gw": "dislike",
"sense": "hate",
"norm": "izīrūni",
"pos": "V",
"epos": "V"}
}
,
{
"node": "l",
"frag": "ma-a",
"id": "P334770.l06dd7",
"ref": "P334770.32.7",
"inst": "mā[saying]PRP",
"sig": "@saao/saa10%akk-x-neoass:ma-a=mā[saying//saying]PRP'PRP$mā",
"f": {"lang": "akk-x-neoass",
"form": "ma-a",
"cf": "mā",
"gw": "saying",
"sense": "saying",
"norm": "mā",
"pos": "PRP",
"epos": "PRP"}
}
,
{
"node": "l",
"frag": "⸢x⸣+[x",
"id": "P334770.l06dd8",
"ref": "P334770.32.8",
"inst": "u",
"f": {"lang": "akk-x-neoass",
"form": "x+x",
"pos": "u"}
}
,
{
"node": "l",
"frag": "x",
"id": "P334770.l06dd9",
"ref": "P334770.32.9",
"inst": "u",
"f": {"lang": "akk-x-neoass",
"form": "x",
"pos": "u"}
}
,
{
"node": "l",
"frag": "x]",
"id": "P334770.l06dda",
"ref": "P334770.32.10",
"inst": "u",
"f": {"lang": "akk-x-neoass",
"form": "x",
"pos": "u"}
}
,
{
"node": "d",
"type": "line-start",
"ref": "P334770.33",
"n": "3",
"label": "e. 3"}
,
{
"node": "l",
"frag": "[x",
"id": "P334770.l06ddb",
"ref": "P334770.33.1",
"inst": "u",
"f": {"lang": "akk-x-neoass",
"form": "x",
"pos": "u"}
}
,
{
"node": "l",
"frag": "x",
"id": "P334770.l06ddc",
"ref": "P334770.33.2",
"inst": "u",
"f": {"lang": "akk-x-neoass",
"form": "x",
"pos": "u"}
}
,
{
"node": "l",
"frag": "x",
"id": "P334770.l06ddd",
"ref": "P334770.33.3",
"inst": "u",
"f": {"lang": "akk-x-neoass",
"form": "x",
"pos": "u"}
}
,
{
"node": "l",
"frag": "x",
"id": "P334770.l06dde",
"ref": "P334770.33.4",
"inst": "u",
"f": {"lang": "akk-x-neoass",
"form": "x",
"pos": "u"}
}
,
{
"node": "l",
"frag": "x",
"id": "P334770.l06ddf",
"ref": "P334770.33.5",
"inst": "u",
"f": {"lang": "akk-x-neoass",
"form": "x",
"pos": "u"}
}
,
{
"node": "l",
"frag": "x]+⸢x⸣",
"id": "P334770.l06de0",
"ref": "P334770.33.6",
"inst": "u",
"f": {"lang": "akk-x-neoass",
"form": "x+x",
"pos": "u"}
}
,
{
"node": "l",
"frag": "kal",
"id": "P334770.l06de1",
"ref": "P334770.33.7",
"inst": "u",
"f": {"lang": "akk-x-neoass",
"form": "kal",
"pos": "u"}
}
]}
]}
]}
]}
