{
"type": "cdl",
  "source": "http://oracc.org/saao/saa10",
  "license": "This data is released under the CC0 license",
  "license-url": "https://creativecommons.org/publicdomain/zero/1.0/",
  "more-info": "http://oracc.org/doc/opendata/",
  "UTC-timestamp": "2017-05-19T11:43:02",
"project": "saao/saa10",
"textid": "P334832",
"cdl": [
{
"node": "c",
"type": "text",
"id": "P334832.U0",
"cdl": [
{
"node": "d",
"type": "object",
"ref": ""}
,
{
"node": "d",
"subtype": "obverse",
"type": "surface",
"ref": "P334832.o.1",
"type": "obverse",
"label": "o"}
,
{
"node": "d",
"type": "nonx",
"ref": "P334832.2",
"strict": "0",
"extent": "beginning",
"state": "missing"}
,
{
"node": "c",
"type": "discourse",
"subtype": "body",
"id": "P334832.U1",
"cdl": [
{
"node": "c",
"type": "sentence",
"id": "P334832.U2",
"label": "o 1' - r 9",
"cdl": [
{
"node": "d",
"type": "line-start",
"ref": "P334832.3",
"n": "1'",
"label": "o 1'"}
,
{
"node": "l",
"frag": "[x]",
"id": "P334832.l07abf",
"ref": "P334832.3.1",
"inst": "u",
"f": {"lang": "akk-x-neoass",
"form": "x",
"pos": "u"}
}
,
{
"node": "l",
"frag": "⸢an⸣",
"id": "P334832.l07ac0",
"ref": "P334832.3.2",
"inst": "u",
"f": {"lang": "akk-x-neoass",
"form": "an",
"pos": "u"}
}
,
{
"node": "l",
"frag": "[x]",
"id": "P334832.l07ac1",
"ref": "P334832.3.3",
"inst": "u",
"f": {"lang": "akk-x-neoass",
"form": "x",
"pos": "u"}
}
,
{
"node": "l",
"frag": "⸢u₂⸣",
"id": "P334832.l07ac2",
"ref": "P334832.3.4",
"inst": "u[and]CNJ",
"sig": "@saao/saa10%akk-x-neoass:u₂=u[and//and]CNJ'CNJ$u",
"f": {"lang": "akk-x-neoass",
"form": "u₂",
"cf": "u",
"gw": "and",
"sense": "and",
"norm": "u",
"pos": "CNJ",
"epos": "CNJ"}
}
,
{
"node": "l",
"frag": "AN.⸢TA⸣.[ŠUB.BA]",
"id": "P334832.l07ac3",
"ref": "P334832.3.5",
"inst": "miqtu[epilepsy]N",
"sig": "@saao/saa10%akk-x-neoass:AN.TA.ŠUB.BA=miqtu[fall//epilepsy]N'N$miqtu",
"f": {"lang": "akk-x-neoass",
"form": "AN.TA.ŠUB.BA",
"cf": "miqtu",
"gw": "fall",
"sense": "epilepsy",
"norm": "miqtu",
"pos": "N",
"epos": "N"}
}
,
{
"node": "d",
"type": "line-start",
"ref": "P334832.4",
"n": "2'",
"label": "o 2'"}
,
{
"node": "l",
"frag": "[kal]-UD-me",
"id": "P334832.l07ac4",
"ref": "P334832.4.1",
"cof-tails": "P334832.l07ac5",
"inst": "+kalû[totality+=all day]N$kal&+ūmu[day]N$ūme",
"sig": "@saao/saa10%akk-x-neoass:kal-UD-me=kalû[totality//totality]N'N$kal&&@saao/saa10%akk-x-neoass:=ūmu[day//very day]N'N$ūme",
"f": {"lang": "akk-x-neoass",
"form": "kal-UD-me",
"cf": "kalû",
"gw": "totality",
"sense": "totality",
"norm": "kal",
"pos": "N",
"epos": "N"}
}
,
{
"node": "l",
"frag": "[kal]-UD-me",
"id": "P334832.l07ac5",
"ref": "P334832.4.1",
"cof-head": "P334832.l07ac4",
"inst": "+kalû[totality+=all day]N$kal&+ūmu[day]N$ūme",
"f": {"lang": "akk-x-neoass",
"form": "kal-UD-me",
"cf": "ūmu",
"gw": "day",
"sense": "very day",
"norm": "ūme",
"pos": "N",
"epos": "N"}
}
,
{
"node": "l",
"frag": "ina",
"id": "P334832.l07ac6",
"ref": "P334832.4.2",
"inst": "ina[in]PRP",
"sig": "@saao/saa10%akk-x-neoass:ina=ina[in//in]PRP'PRP$ina",
"f": {"lang": "akk-x-neoass",
"form": "ina",
"cf": "ina",
"gw": "in",
"sense": "in",
"norm": "ina",
"pos": "PRP",
"epos": "PRP"}
}
,
{
"node": "l",
"frag": "UGU-hi-šu₂",
"id": "P334832.l07ac7",
"ref": "P334832.4.3",
"inst": "muhhīšu[skull]N",
"sig": "@saao/saa10%akk-x-neoass:UGU-hi-šu₂=muhhu[skull//skull]N'N$muhhīšu",
"f": {"lang": "akk-x-neoass",
"form": "UGU-hi-šu₂",
"cf": "muhhu",
"gw": "skull",
"sense": "skull",
"norm": "muhhīšu",
"pos": "N",
"epos": "N"}
}
,
{
"node": "l",
"frag": "i-⸢ma⸣-[qut]",
"id": "P334832.l07ac8",
"ref": "P334832.4.4",
"inst": "imaqqut[fall]V",
"sig": "@saao/saa10%akk-x-neoass:i-ma-qut=maqātu[fall//fall]V'V$imaqqut",
"f": {"lang": "akk-x-neoass",
"form": "i-ma-qut",
"cf": "maqātu",
"gw": "fall",
"sense": "fall",
"norm": "imaqqut",
"pos": "V",
"epos": "V"}
}
,
{
"node": "d",
"type": "line-start",
"ref": "P334832.5",
"n": "3'",
"label": "o 3'"}
,
{
"node": "l",
"frag": "⸢NA₄⸣-MEŠ",
"id": "P334832.l07ac9",
"ref": "P334832.5.1",
"inst": "abnāti[stone]N",
"sig": "@saao/saa10%akk-x-neoass:NA₄-MEŠ=abnu[stone//stone]N'N$abnāti",
"f": {"lang": "akk-x-neoass",
"form": "NA₄-MEŠ",
"cf": "abnu",
"gw": "stone",
"sense": "stone",
"norm": "abnāti",
"pos": "N",
"epos": "N"}
}
,
{
"node": "l",
"frag": "{kuš}me-el",
"id": "P334832.l07aca",
"ref": "P334832.5.2",
"inst": "+mêlu[poultice (hung round neck)//phylactery]N'N$mêl",
"sig": "@saao/saa10%akk-x-neoass:{KUŠ}me-el=mêlu[poultice (hung round neck)//phylactery]N'N$mêl",
"f": {"lang": "akk-x-neoass",
"form": "{KUŠ}me-el",
"cf": "mêlu",
"gw": "poultice (hung round neck)",
"sense": "phylactery",
"norm": "mêl",
"pos": "N",
"epos": "N"}
}
,
{
"node": "l",
"frag": "ša",
"id": "P334832.l07acb",
"ref": "P334832.5.3",
"inst": "ša[against]'PRP$",
"sig": "@saao/saa10%akk-x-neoass:ša=ša[of//against]DET'PRP$ša",
"f": {"lang": "akk-x-neoass",
"form": "ša",
"cf": "ša",
"gw": "of",
"sense": "against",
"norm": "ša",
"pos": "DET",
"epos": "PRP"}
}
,
{
"node": "l",
"frag": "AN.⸢TA⸣.ŠUB.[BA]",
"id": "P334832.l07acc",
"ref": "P334832.5.4",
"inst": "+miqtu[epilepsy]N$miqti",
"sig": "@saao/saa10%akk-x-neoass:AN.TA.ŠUB.BA=miqtu[epilepsy//epilepsy]N'N$miqti",
"f": {"lang": "akk-x-neoass",
"form": "AN.TA.ŠUB.BA",
"cf": "miqtu",
"gw": "epilepsy",
"sense": "epilepsy",
"norm": "miqti",
"pos": "N",
"epos": "N"}
}
,
{
"node": "d",
"type": "line-start",
"ref": "P334832.6",
"n": "4'",
"label": "o 4'"}
,
{
"node": "l",
"frag": "⸢e⸣-ta-pa-aš₂",
"id": "P334832.l07acd",
"ref": "P334832.6.1",
"inst": "+epēšu[do//make]V'V$ētapaš",
"sig": "@saao/saa10%akk-x-neoass:e-ta-pa-aš₂=epēšu[do//make]V'V$ētapaš",
"f": {"lang": "akk-x-neoass",
"form": "e-ta-pa-aš₂",
"cf": "epēšu",
"gw": "do",
"sense": "make",
"norm": "ētapaš",
"pos": "V",
"epos": "V"}
}
,
{
"node": "l",
"frag": "ina",
"id": "P334832.l07ace",
"ref": "P334832.6.2",
"inst": "ina[in]PRP",
"sig": "@saao/saa10%akk-x-neoass:ina=ina[in//in]PRP'PRP$ina",
"f": {"lang": "akk-x-neoass",
"form": "ina",
"cf": "ina",
"gw": "in",
"sense": "in",
"norm": "ina",
"pos": "PRP",
"epos": "PRP"}
}
,
{
"node": "l",
"frag": "UGU-hi-šu₂",
"id": "P334832.l07acf",
"ref": "P334832.6.3",
"inst": "muhhīšu[skull]N",
"sig": "@saao/saa10%akk-x-neoass:UGU-hi-šu₂=muhhu[skull//skull]N'N$muhhīšu",
"f": {"lang": "akk-x-neoass",
"form": "UGU-hi-šu₂",
"cf": "muhhu",
"gw": "skull",
"sense": "skull",
"norm": "muhhīšu",
"pos": "N",
"epos": "N"}
}
,
{
"node": "l",
"frag": "as-sa-kan",
"id": "P334832.l07ad0",
"ref": "P334832.6.4",
"inst": "assakan[put]V",
"sig": "@saao/saa10%akk-x-neoass:as-sa-kan=šakānu[put//put]V'V$assakan",
"f": {"lang": "akk-x-neoass",
"form": "as-sa-kan",
"cf": "šakānu",
"gw": "put",
"sense": "put",
"norm": "assakan",
"pos": "V",
"epos": "V"}
}
,
{
"node": "d",
"type": "line-start",
"ref": "P334832.7",
"n": "5'",
"label": "o 5'"}
,
{
"node": "l",
"frag": "AN.TA.ŠUB.BA",
"id": "P334832.l07ad1",
"ref": "P334832.7.1",
"inst": "miqtu[epilepsy]N",
"sig": "@saao/saa10%akk-x-neoass:AN.TA.ŠUB.BA=miqtu[fall//epilepsy]N'N$miqtu",
"f": {"lang": "akk-x-neoass",
"form": "AN.TA.ŠUB.BA",
"cf": "miqtu",
"gw": "fall",
"sense": "epilepsy",
"norm": "miqtu",
"pos": "N",
"epos": "N"}
}
,
{
"node": "l",
"frag": "ur-ta-me-šu₂",
"id": "P334832.l07ad2",
"ref": "P334832.7.2",
"inst": "+ramû[slacken//leave]V'V$urtammēšu",
"sig": "@saao/saa10%akk-x-neoass:ur-ta-me-šu₂=ramû[slacken//leave]V'V$urtammēšu",
"f": {"lang": "akk-x-neoass",
"form": "ur-ta-me-šu₂",
"cf": "ramû",
"gw": "slacken",
"sense": "leave",
"norm": "urtammēšu",
"pos": "V",
"epos": "V"}
}
,
{
"node": "l",
"frag": "ina",
"id": "P334832.l07ad3",
"ref": "P334832.7.3",
"inst": "+ina[in+=once]PRP$",
"sig": "@saao/saa10%akk-x-neoass:ina=ina[in//in]PRP'PRP$ina",
"f": {"lang": "akk-x-neoass",
"form": "ina",
"cf": "ina",
"gw": "in",
"sense": "in",
"norm": "ina",
"pos": "PRP",
"epos": "PRP"}
}
,
{
"node": "l",
"frag": "qa-ni",
"id": "P334832.l07ad4",
"ref": "P334832.7.4",
"inst": "+qannu[fringe]N$qanni",
"sig": "@saao/saa10%akk-x-neoass:qa-ni=qannu[fringe//(meaning uncertain)]N'N$qanni",
"f": {"lang": "akk-x-neoass",
"form": "qa-ni",
"cf": "qannu",
"gw": "fringe",
"sense": "(meaning uncertain)",
"norm": "qanni",
"pos": "N",
"epos": "N"}
}
,
{
"node": "d",
"type": "line-start",
"ref": "P334832.8",
"n": "6'",
"label": "o 6'"}
,
{
"node": "l",
"frag": "ša",
"id": "P334832.l07ad5",
"ref": "P334832.8.1",
"inst": "ša[that]REL",
"sig": "@saao/saa10%akk-x-neoass:ša=ša[that//when]REL'REL$ša",
"f": {"lang": "akk-x-neoass",
"form": "ša",
"cf": "ša",
"gw": "that",
"sense": "when",
"norm": "ša",
"pos": "REL",
"epos": "REL"}
}
,
{
"node": "l",
"frag": "{lu₂}TUR",
"id": "P334832.l07ad6",
"ref": "P334832.8.2",
"inst": "+ṣehru[small//young child]AJ'N$",
"sig": "@saao/saa10%akk-x-neoass:{LU₂}TUR=ṣehru[small//young child]AJ'N$ṣehru",
"f": {"lang": "akk-x-neoass",
"form": "{LU₂}TUR",
"cf": "ṣehru",
"gw": "small",
"sense": "young child",
"norm": "ṣehru",
"pos": "AJ",
"epos": "N"}
}
,
{
"node": "l",
"frag": "i-nu-hu-ni",
"id": "P334832.l07ad7",
"ref": "P334832.8.3",
"inst": "+nâhu[rest//calm down]V'V$inūhūni",
"sig": "@saao/saa10%akk-x-neoass:i-nu-hu-ni=nâhu[rest//calm down]V'V$inūhūni",
"f": {"lang": "akk-x-neoass",
"form": "i-nu-hu-ni",
"cf": "nâhu",
"gw": "rest",
"sense": "calm down",
"norm": "inūhūni",
"pos": "V",
"epos": "V"}
}
,
{
"node": "d",
"type": "line-start",
"ref": "P334832.9",
"n": "7'",
"label": "o 7'"}
,
{
"node": "l",
"frag": "ina",
"id": "P334832.l07ad8",
"ref": "P334832.9.1",
"inst": "ina[in]PRP",
"sig": "@saao/saa10%akk-x-neoass:ina=ina[in//in]PRP'PRP$ina",
"f": {"lang": "akk-x-neoass",
"form": "ina",
"cf": "ina",
"gw": "in",
"sense": "in",
"norm": "ina",
"pos": "PRP",
"epos": "PRP"}
}
,
{
"node": "l",
"frag": "UGU-hi",
"id": "P334832.l07ad9",
"ref": "P334832.9.2",
"inst": "muhhi[skull]N",
"sig": "@saao/saa10%akk-x-neoass:UGU-hi=muhhu[skull//skull]N'N$muhhi",
"f": {"lang": "akk-x-neoass",
"form": "UGU-hi",
"cf": "muhhu",
"gw": "skull",
"sense": "skull",
"norm": "muhhi",
"pos": "N",
"epos": "N"}
}
,
{
"node": "c",
"type": "phrase",
"tag": "phr",
"id": "P334832.U4",
"ref": "P334832.ls00000",
"cdl": [
{
"node": "l",
"frag": "DUMU-ŠEŠ-šu₂",
"id": "P334832.l07ada",
"ref": "P334832.9.3",
"cof-tails": "P334832.l07adb",
"inst": "+māru[son]N$mār&+ahu[brother]N$ahīšu",
"sig": "@saao/saa10%akk-x-neoass:DUMU-ŠEŠ-šu₂=māru[son//son]N'N$mār&&@saao/saa10%akk-x-neoass:DUMU-ŠEŠ-šu₂=ahu[brother//brother]N'N$ahīšu",
"f": {"lang": "akk-x-neoass",
"form": "DUMU-ŠEŠ-šu₂",
"cf": "māru",
"gw": "son",
"sense": "son",
"norm": "mār",
"pos": "N",
"epos": "N"}
}
,
{
"node": "l",
"frag": "DUMU-ŠEŠ-šu₂",
"id": "P334832.l07adb",
"ref": "P334832.9.3",
"cof-head": "P334832.l07ada",
"inst": "+māru[son]N$mār&+ahu[brother]N$ahīšu",
"f": {"lang": "akk-x-neoass",
"form": "DUMU-ŠEŠ-šu₂",
"cf": "ahu",
"gw": "brother",
"sense": "brother",
"norm": "ahīšu",
"pos": "N",
"epos": "N"}
}
]}
,
{
"node": "l",
"frag": "ša",
"id": "P334832.l07adc",
"ref": "P334832.9.4",
"inst": "ša[of]DET",
"sig": "@saao/saa10%akk-x-neoass:ša=ša[of//of]DET'DET$ša",
"f": {"lang": "akk-x-neoass",
"form": "ša",
"cf": "ša",
"gw": "of",
"sense": "of",
"norm": "ša",
"pos": "DET",
"epos": "DET"}
}
,
{
"node": "l",
"frag": "{1}NUMUN-GIN",
"id": "P334832.l07add",
"ref": "P334832.9.5",
"inst": "Zeru-ken[1]PN",
"sig": "@saao/saa10%akk-x-neoass:{1}NUMUN-GIN=Zeru-ken[1//1]PN'PN$Zeru-ken",
"f": {"lang": "akk-x-neoass",
"form": "{1}NUMUN-GIN",
"cf": "Zeru-ken",
"gw": "1",
"sense": "1",
"norm": "Zeru-ken",
"pos": "PN",
"epos": "PN"}
}
,
{
"node": "d",
"type": "line-start",
"ref": "P334832.10",
"n": "8'",
"label": "o 8'"}
,
{
"node": "l",
"frag": "⸢i⸣-sa-ka-nu",
"id": "P334832.l07ade",
"ref": "P334832.10.1",
"inst": "issakanu[place]V",
"sig": "@saao/saa10%akk-x-neoass:i-sa-ka-nu=šakānu[put//place]V'V$issakanu",
"f": {"lang": "akk-x-neoass",
"form": "i-sa-ka-nu",
"cf": "šakānu",
"gw": "put",
"sense": "place",
"norm": "issakanu",
"pos": "V",
"epos": "V"}
}
,
{
"node": "l",
"frag": "it-tu-a-ha",
"id": "P334832.l07adf",
"ref": "P334832.10.2",
"inst": "+nâhu[rest//calm down]V'V$ittūʾāha",
"sig": "@saao/saa10%akk-x-neoass:it-tu-a-ha=nâhu[rest//calm down]V'V$ittūʾāha",
"f": {"lang": "akk-x-neoass",
"form": "it-tu-a-ha",
"cf": "nâhu",
"gw": "rest",
"sense": "calm down",
"norm": "ittūʾāha",
"pos": "V",
"epos": "V"}
}
,
{
"node": "d",
"subtype": "reverse",
"type": "surface",
"ref": "P334832.r.11",
"type": "reverse",
"label": "r"}
,
{
"node": "d",
"type": "line-start",
"ref": "P334832.12",
"n": "1",
"label": "r 1"}
,
{
"node": "l",
"frag": "[ina]",
"id": "P334832.l07ae0",
"ref": "P334832.12.1",
"inst": "+ina[in+=once]PRP$",
"sig": "@saao/saa10%akk-x-neoass:ina=ina[in//in]PRP'PRP$ina",
"f": {"lang": "akk-x-neoass",
"form": "ina",
"cf": "ina",
"gw": "in",
"sense": "in",
"norm": "ina",
"pos": "PRP",
"epos": "PRP"}
}
,
{
"node": "l",
"frag": "⸢qa⸣-ni",
"id": "P334832.l07ae1",
"ref": "P334832.12.2",
"inst": "+qannu[fringe]N$qanni",
"sig": "@saao/saa10%akk-x-neoass:qa-ni=qannu[fringe//(meaning uncertain)]N'N$qanni",
"f": {"lang": "akk-x-neoass",
"form": "qa-ni",
"cf": "qannu",
"gw": "fringe",
"sense": "(meaning uncertain)",
"norm": "qanni",
"pos": "N",
"epos": "N"}
}
,
{
"node": "l",
"frag": "DUMU-ŠEŠ-šu₂",
"id": "P334832.l07ae2",
"ref": "P334832.12.3",
"cof-tails": "P334832.l07ae3",
"inst": "mār[son]N&ahīšu[brother]N",
"sig": "@saao/saa10%akk-x-neoass:DUMU-ŠEŠ-šu₂=māru[son//son]N'N$mār&&@saao/saa10%akk-x-neoass:=ahu[brother//brother]N'N$ahīšu",
"f": {"lang": "akk-x-neoass",
"form": "DUMU-ŠEŠ-šu₂",
"cf": "māru",
"gw": "son",
"sense": "son",
"norm": "mār",
"pos": "N",
"epos": "N"}
}
,
{
"node": "l",
"frag": "DUMU-ŠEŠ-šu₂",
"id": "P334832.l07ae3",
"ref": "P334832.12.3",
"cof-head": "P334832.l07ae2",
"inst": "mār[son]N&ahīšu[brother]N",
"f": {"lang": "akk-x-neoass",
"form": "DUMU-ŠEŠ-šu₂",
"cf": "ahu",
"gw": "brother",
"sense": "brother",
"norm": "ahīšu",
"pos": "N",
"epos": "N"}
}
,
{
"node": "l",
"frag": "ša",
"id": "P334832.l07ae4",
"ref": "P334832.12.4",
"inst": "ša[of]DET",
"sig": "@saao/saa10%akk-x-neoass:ša=ša[of//of]DET'DET$ša",
"f": {"lang": "akk-x-neoass",
"form": "ša",
"cf": "ša",
"gw": "of",
"sense": "of",
"norm": "ša",
"pos": "DET",
"epos": "DET"}
}
,
{
"node": "l",
"frag": "{1}NUMUN-GIN",
"id": "P334832.l07ae5",
"ref": "P334832.12.5",
"inst": "Zeru-ken[1]PN",
"sig": "@saao/saa10%akk-x-neoass:{1}NUMUN-GIN=Zeru-ken[1//1]PN'PN$Zeru-ken",
"f": {"lang": "akk-x-neoass",
"form": "{1}NUMUN-GIN",
"cf": "Zeru-ken",
"gw": "1",
"sense": "1",
"norm": "Zeru-ken",
"pos": "PN",
"epos": "PN"}
}
,
{
"node": "l",
"frag": "i-nu-hu-u-ni",
"id": "P334832.l07ae6",
"ref": "P334832.12.6",
"inst": "+nâhu[rest//calm down]V'V$inūhūni",
"sig": "@saao/saa10%akk-x-neoass:i-nu-hu-u-ni=nâhu[rest//calm down]V'V$inūhūni",
"f": {"lang": "akk-x-neoass",
"form": "i-nu-hu-u-ni",
"cf": "nâhu",
"gw": "rest",
"sense": "calm down",
"norm": "inūhūni",
"pos": "V",
"epos": "V"}
}
,
{
"node": "d",
"type": "line-start",
"ref": "P334832.13",
"n": "2",
"label": "r 2"}
,
{
"node": "l",
"frag": "[ina]",
"id": "P334832.l07ae7",
"ref": "P334832.13.1",
"inst": "ina[in]PRP",
"sig": "@saao/saa10%akk-x-neoass:ina=ina[in//in]PRP'PRP$ina",
"f": {"lang": "akk-x-neoass",
"form": "ina",
"cf": "ina",
"gw": "in",
"sense": "in",
"norm": "ina",
"pos": "PRP",
"epos": "PRP"}
}
,
{
"node": "l",
"frag": "⸢UGU⸣",
"id": "P334832.l07ae8",
"ref": "P334832.13.2",
"inst": "muhhi[skull]N",
"sig": "@saao/saa10%akk-x-neoass:UGU=muhhu[skull//skull]N'N$muhhi",
"f": {"lang": "akk-x-neoass",
"form": "UGU",
"cf": "muhhu",
"gw": "skull",
"sense": "skull",
"norm": "muhhi",
"pos": "N",
"epos": "N"}
}
,
{
"node": "l",
"frag": "{lu₂}SIPA",
"id": "P334832.l07ae9",
"ref": "P334832.13.3",
"inst": "rāʾyi[shepherd]N",
"sig": "@saao/saa10%akk-x-neoass:{LU₂}SIPA=rēʾû[shepherd//shepherd]N'N$rāʾyi",
"f": {"lang": "akk-x-neoass",
"form": "{LU₂}SIPA",
"cf": "rēʾû",
"gw": "shepherd",
"sense": "shepherd",
"norm": "rāʾyi",
"pos": "N",
"epos": "N"}
}
,
{
"node": "l",
"frag": "šu-u₂",
"id": "P334832.l07aea",
"ref": "P334832.13.4",
"inst": "šû[he]IP",
"sig": "@saao/saa10%akk-x-neoass:šu-u₂=šū[he//he]IP'IP$šû",
"f": {"lang": "akk-x-neoass",
"form": "šu-u₂",
"cf": "šū",
"gw": "he",
"sense": "he",
"norm": "šû",
"pos": "IP",
"epos": "IP"}
}
,
{
"node": "l",
"frag": "{mi₂}a-ha-ti-ka",
"id": "P334832.l07aeb",
"ref": "P334832.13.5",
"inst": "+ahātu[sister]N$ahātīka",
"sig": "@saao/saa10%akk-x-neoass:{MI₂}a-ha-ti-ka=ahātu[sister//sister]N'N$ahātīka",
"f": {"lang": "akk-x-neoass",
"form": "{MI₂}a-ha-ti-ka",
"cf": "ahātu",
"gw": "sister",
"sense": "sister",
"norm": "ahātīka",
"pos": "N",
"epos": "N"}
}
,
{
"node": "d",
"type": "line-start",
"ref": "P334832.14",
"n": "3",
"label": "r 3"}
,
{
"node": "l",
"frag": "[x]",
"id": "P334832.l07aec",
"ref": "P334832.14.1",
"inst": "u",
"f": {"lang": "akk-x-neoass",
"form": "x",
"pos": "u"}
}
,
{
"node": "l",
"frag": "⸢li⸣",
"id": "P334832.l07aed",
"ref": "P334832.14.2",
"inst": "u",
"f": {"lang": "akk-x-neoass",
"form": "li",
"pos": "u"}
}
,
{
"node": "l",
"frag": "ia",
"id": "P334832.l07aee",
"ref": "P334832.14.3",
"inst": "u",
"f": {"lang": "akk-x-neoass",
"form": "ia",
"pos": "u"}
}
,
{
"node": "l",
"frag": "i-⸢sa⸣-ka-nu",
"id": "P334832.l07aef",
"ref": "P334832.14.4",
"inst": "issakanu[place]V",
"sig": "@saao/saa10%akk-x-neoass:i-sa-ka-nu=šakānu[put//place]V'V$issakanu",
"f": {"lang": "akk-x-neoass",
"form": "i-sa-ka-nu",
"cf": "šakānu",
"gw": "put",
"sense": "place",
"norm": "issakanu",
"pos": "V",
"epos": "V"}
}
,
{
"node": "d",
"frag": ":",
"type": "nonw",
"ref": "P334832.14.5",
"lang": "akk-x-neoass",
"type": "punct",
"gdl_delim": " "}
,
{
"node": "l",
"frag": "it-tu-ah-ma",
"id": "P334832.l07af0",
"ref": "P334832.14.6",
"inst": "+nâhu[rest//calm down]V'V$ittūahma",
"sig": "@saao/saa10%akk-x-neoass:it-tu-ah-ma=nâhu[rest//calm down]V'V$ittūahma",
"f": {"lang": "akk-x-neoass",
"form": "it-tu-ah-ma",
"cf": "nâhu",
"gw": "rest",
"sense": "calm down",
"norm": "ittūahma",
"pos": "V",
"epos": "V"}
}
,
{
"node": "d",
"type": "line-start",
"ref": "P334832.15",
"n": "4",
"label": "r 4"}
,
{
"node": "l",
"frag": "{1}a]-⸢na⸣-{d}AG-at-kal",
"id": "P334832.l07af1",
"ref": "P334832.15.1",
"inst": "+Ana-Nabu-atkal[]PN$",
"sig": "@saao/saa10%akk-x-neoass:{1}a-na-{d}AG-at-kal=Ana-Nabu-atkal[1//1]PN'PN$Ana-Nabu-atkal",
"f": {"lang": "akk-x-neoass",
"form": "{1}a-na-{d}AG-at-kal",
"cf": "Ana-Nabu-atkal",
"gw": "1",
"sense": "1",
"norm": "Ana-Nabu-atkal",
"pos": "PN",
"epos": "PN"}
}
,
{
"node": "l",
"frag": "kal-bi",
"id": "P334832.l07af2",
"ref": "P334832.15.2",
"inst": "kalbi[dog]N",
"sig": "@saao/saa10%akk-x-neoass:kal-bi=kalbu[dog//dog]N'N$kalbi",
"f": {"lang": "akk-x-neoass",
"form": "kal-bi",
"cf": "kalbu",
"gw": "dog",
"sense": "dog",
"norm": "kalbi",
"pos": "N",
"epos": "N"}
}
,
{
"node": "l",
"frag": "me₂-te",
"id": "P334832.l07af3",
"ref": "P334832.15.3",
"inst": "+mītu[dead]AJ$mēte",
"sig": "@saao/saa10%akk-x-neoass:me₂-te=mītu[dead//dead]AJ'AJ$mēte",
"f": {"lang": "akk-x-neoass",
"form": "me₂-te",
"cf": "mītu",
"gw": "dead",
"sense": "dead",
"norm": "mēte",
"pos": "AJ",
"epos": "AJ"}
}
,
{
"node": "d",
"type": "line-start",
"ref": "P334832.16",
"n": "5",
"label": "r 5"}
,
{
"node": "l",
"frag": "[ana-ku",
"id": "P334832.l07af4",
"ref": "P334832.16.1",
"inst": "anāku[I]IP",
"sig": "@saao/saa10%akk-x-neoass:ana-ku=anāku[I//I]IP'IP$anāku",
"f": {"lang": "akk-x-neoass",
"form": "ana-ku",
"cf": "anāku",
"gw": "I",
"sense": "I",
"norm": "anāku",
"pos": "IP",
"epos": "IP"}
}
,
{
"node": "l",
"frag": "x]+⸢x⸣",
"id": "P334832.l07af5",
"ref": "P334832.16.2",
"inst": "u",
"f": {"lang": "akk-x-neoass",
"form": "x+x",
"pos": "u"}
}
,
{
"node": "l",
"frag": "u₃",
"id": "P334832.l07af6",
"ref": "P334832.16.3",
"inst": "u[and]CNJ",
"sig": "@saao/saa10%akk-x-neoass:u₃=u[and//and]CNJ'CNJ$u",
"f": {"lang": "akk-x-neoass",
"form": "u₃",
"cf": "u",
"gw": "and",
"sense": "and",
"norm": "u",
"pos": "CNJ",
"epos": "CNJ"}
}
,
{
"node": "l",
"frag": "a-na",
"id": "P334832.l07af7",
"ref": "P334832.16.4",
"inst": "ana[to]PRP",
"sig": "@saao/saa10%akk-x-neoass:a-na=ana[to//to]PRP'PRP$ana",
"f": {"lang": "akk-x-neoass",
"form": "a-na",
"cf": "ana",
"gw": "to",
"sense": "to",
"norm": "ana",
"pos": "PRP",
"epos": "PRP"}
}
,
{
"node": "l",
"frag": "DINGIR-MEŠ-e-ni",
"id": "P334832.l07af8",
"ref": "P334832.16.5",
"inst": "+ilu[god]N$ilānēni",
"sig": "@saao/saa10%akk-x-neoass:DINGIR-MEŠ-e-ni=ilu[god//god]N'N$ilānēni",
"f": {"lang": "akk-x-neoass",
"form": "DINGIR-MEŠ-e-ni",
"cf": "ilu",
"gw": "god",
"sense": "god",
"norm": "ilānēni",
"pos": "N",
"epos": "N"}
}
,
{
"node": "d",
"type": "line-start",
"ref": "P334832.17",
"n": "6",
"label": "r 6"}
,
{
"node": "l",
"frag": "[x",
"id": "P334832.l07af9",
"ref": "P334832.17.1",
"inst": "u",
"f": {"lang": "akk-x-neoass",
"form": "x",
"pos": "u"}
}
,
{
"node": "l",
"frag": "x",
"id": "P334832.l07afa",
"ref": "P334832.17.2",
"inst": "u",
"f": {"lang": "akk-x-neoass",
"form": "x",
"pos": "u"}
}
,
{
"node": "l",
"frag": "x]",
"id": "P334832.l07afb",
"ref": "P334832.17.3",
"inst": "u",
"f": {"lang": "akk-x-neoass",
"form": "x",
"pos": "u"}
}
,
{
"node": "l",
"frag": "⸢x",
"id": "P334832.l07afc",
"ref": "P334832.17.4",
"inst": "u",
"f": {"lang": "akk-x-neoass",
"form": "x",
"pos": "u"}
}
,
{
"node": "l",
"frag": "x",
"id": "P334832.l07afd",
"ref": "P334832.17.5",
"inst": "u",
"f": {"lang": "akk-x-neoass",
"form": "x",
"pos": "u"}
}
,
{
"node": "l",
"frag": "x",
"id": "P334832.l07afe",
"ref": "P334832.17.6",
"inst": "u",
"f": {"lang": "akk-x-neoass",
"form": "x",
"pos": "u"}
}
,
{
"node": "l",
"frag": "x",
"id": "P334832.l07aff",
"ref": "P334832.17.7",
"inst": "u",
"f": {"lang": "akk-x-neoass",
"form": "x",
"pos": "u"}
}
,
{
"node": "l",
"frag": "x⸣",
"id": "P334832.l07b00",
"ref": "P334832.17.8",
"inst": "u",
"f": {"lang": "akk-x-neoass",
"form": "x",
"pos": "u"}
}
,
{
"node": "l",
"frag": "la",
"id": "P334832.l07b01",
"ref": "P334832.17.9",
"inst": "lā[not]MOD",
"sig": "@saao/saa10%akk-x-neoass:la=lā[not//not]MOD'MOD$lā",
"f": {"lang": "akk-x-neoass",
"form": "la",
"cf": "lā",
"gw": "not",
"sense": "not",
"norm": "lā",
"pos": "MOD",
"epos": "MOD"}
}
,
{
"node": "l",
"frag": "ne₂-pa-[aš₂]",
"id": "P334832.l07b02",
"ref": "P334832.17.10",
"inst": "neppaš[perform]V",
"sig": "@saao/saa10%akk-x-neoass:ne₂-pa-aš₂=epēšu[do//perform]V'V$neppaš",
"f": {"lang": "akk-x-neoass",
"form": "ne₂-pa-aš₂",
"cf": "epēšu",
"gw": "do",
"sense": "perform",
"norm": "neppaš",
"pos": "V",
"epos": "V"}
}
,
{
"node": "d",
"type": "line-start",
"ref": "P334832.18",
"n": "7",
"label": "r 7"}
,
{
"node": "l",
"frag": "[x",
"id": "P334832.l07b03",
"ref": "P334832.18.1",
"inst": "u",
"f": {"lang": "akk-x-neoass",
"form": "x",
"pos": "u"}
}
,
{
"node": "l",
"frag": "x",
"id": "P334832.l07b04",
"ref": "P334832.18.2",
"inst": "u",
"f": {"lang": "akk-x-neoass",
"form": "x",
"pos": "u"}
}
,
{
"node": "l",
"frag": "x",
"id": "P334832.l07b05",
"ref": "P334832.18.3",
"inst": "u",
"f": {"lang": "akk-x-neoass",
"form": "x",
"pos": "u"}
}
,
{
"node": "l",
"frag": "x",
"id": "P334832.l07b06",
"ref": "P334832.18.4",
"inst": "u",
"f": {"lang": "akk-x-neoass",
"form": "x",
"pos": "u"}
}
,
{
"node": "l",
"frag": "x",
"id": "P334832.l07b07",
"ref": "P334832.18.5",
"inst": "u",
"f": {"lang": "akk-x-neoass",
"form": "x",
"pos": "u"}
}
,
{
"node": "l",
"frag": "x",
"id": "P334832.l07b08",
"ref": "P334832.18.6",
"inst": "u",
"f": {"lang": "akk-x-neoass",
"form": "x",
"pos": "u"}
}
,
{
"node": "l",
"frag": "x",
"id": "P334832.l07b09",
"ref": "P334832.18.7",
"inst": "u",
"f": {"lang": "akk-x-neoass",
"form": "x",
"pos": "u"}
}
,
{
"node": "l",
"frag": "x]",
"id": "P334832.l07b0a",
"ref": "P334832.18.8",
"inst": "u",
"f": {"lang": "akk-x-neoass",
"form": "x",
"pos": "u"}
}
,
{
"node": "l",
"frag": "li",
"id": "P334832.l07b0b",
"ref": "P334832.18.9",
"inst": "u",
"f": {"lang": "akk-x-neoass",
"form": "li",
"pos": "u"}
}
,
{
"node": "l",
"frag": "[x",
"id": "P334832.l07b0c",
"ref": "P334832.18.10",
"inst": "u",
"f": {"lang": "akk-x-neoass",
"form": "x",
"pos": "u"}
}
,
{
"node": "l",
"frag": "x",
"id": "P334832.l07b0d",
"ref": "P334832.18.11",
"inst": "u",
"f": {"lang": "akk-x-neoass",
"form": "x",
"pos": "u"}
}
,
{
"node": "l",
"frag": "x]",
"id": "P334832.l07b0e",
"ref": "P334832.18.12",
"inst": "u",
"f": {"lang": "akk-x-neoass",
"form": "x",
"pos": "u"}
}
,
{
"node": "d",
"type": "line-start",
"ref": "P334832.19",
"n": "8",
"label": "r 8"}
,
{
"node": "l",
"frag": "[x",
"id": "P334832.l07b0f",
"ref": "P334832.19.1",
"inst": "u",
"f": {"lang": "akk-x-neoass",
"form": "x",
"pos": "u"}
}
,
{
"node": "l",
"frag": "x",
"id": "P334832.l07b10",
"ref": "P334832.19.2",
"inst": "u",
"f": {"lang": "akk-x-neoass",
"form": "x",
"pos": "u"}
}
,
{
"node": "l",
"frag": "x",
"id": "P334832.l07b11",
"ref": "P334832.19.3",
"inst": "u",
"f": {"lang": "akk-x-neoass",
"form": "x",
"pos": "u"}
}
,
{
"node": "l",
"frag": "x",
"id": "P334832.l07b12",
"ref": "P334832.19.4",
"inst": "u",
"f": {"lang": "akk-x-neoass",
"form": "x",
"pos": "u"}
}
,
{
"node": "l",
"frag": "x",
"id": "P334832.l07b13",
"ref": "P334832.19.5",
"inst": "u",
"f": {"lang": "akk-x-neoass",
"form": "x",
"pos": "u"}
}
,
{
"node": "l",
"frag": "x",
"id": "P334832.l07b14",
"ref": "P334832.19.6",
"inst": "u",
"f": {"lang": "akk-x-neoass",
"form": "x",
"pos": "u"}
}
,
{
"node": "l",
"frag": "x]",
"id": "P334832.l07b15",
"ref": "P334832.19.7",
"inst": "u",
"f": {"lang": "akk-x-neoass",
"form": "x",
"pos": "u"}
}
,
{
"node": "l",
"frag": "si",
"id": "P334832.l07b16",
"ref": "P334832.19.8",
"inst": "u",
"f": {"lang": "akk-x-neoass",
"form": "si",
"pos": "u"}
}
,
{
"node": "l",
"frag": "[x",
"id": "P334832.l07b17",
"ref": "P334832.19.9",
"inst": "u",
"f": {"lang": "akk-x-neoass",
"form": "x",
"pos": "u"}
}
,
{
"node": "l",
"frag": "x",
"id": "P334832.l07b18",
"ref": "P334832.19.10",
"inst": "u",
"f": {"lang": "akk-x-neoass",
"form": "x",
"pos": "u"}
}
,
{
"node": "l",
"frag": "x]",
"id": "P334832.l07b19",
"ref": "P334832.19.11",
"inst": "u",
"f": {"lang": "akk-x-neoass",
"form": "x",
"pos": "u"}
}
,
{
"node": "d",
"type": "line-start",
"ref": "P334832.20",
"n": "9",
"label": "r 9"}
,
{
"node": "l",
"frag": "[x",
"id": "P334832.l07b1a",
"ref": "P334832.20.1",
"inst": "u",
"f": {"lang": "akk-x-neoass",
"form": "x",
"pos": "u"}
}
,
{
"node": "l",
"frag": "x",
"id": "P334832.l07b1b",
"ref": "P334832.20.2",
"inst": "u",
"f": {"lang": "akk-x-neoass",
"form": "x",
"pos": "u"}
}
,
{
"node": "l",
"frag": "x",
"id": "P334832.l07b1c",
"ref": "P334832.20.3",
"inst": "u",
"f": {"lang": "akk-x-neoass",
"form": "x",
"pos": "u"}
}
,
{
"node": "l",
"frag": "x",
"id": "P334832.l07b1d",
"ref": "P334832.20.4",
"inst": "u",
"f": {"lang": "akk-x-neoass",
"form": "x",
"pos": "u"}
}
,
{
"node": "l",
"frag": "x",
"id": "P334832.l07b1e",
"ref": "P334832.20.5",
"inst": "u",
"f": {"lang": "akk-x-neoass",
"form": "x",
"pos": "u"}
}
,
{
"node": "l",
"frag": "x",
"id": "P334832.l07b1f",
"ref": "P334832.20.6",
"inst": "u",
"f": {"lang": "akk-x-neoass",
"form": "x",
"pos": "u"}
}
,
{
"node": "l",
"frag": "x]+⸢x⸣+[x",
"id": "P334832.l07b20",
"ref": "P334832.20.7",
"inst": "u",
"f": {"lang": "akk-x-neoass",
"form": "x+x+x",
"pos": "u"}
}
,
{
"node": "l",
"frag": "x",
"id": "P334832.l07b21",
"ref": "P334832.20.8",
"inst": "u",
"f": {"lang": "akk-x-neoass",
"form": "x",
"pos": "u"}
}
,
{
"node": "l",
"frag": "x",
"id": "P334832.l07b22",
"ref": "P334832.20.9",
"inst": "u",
"f": {"lang": "akk-x-neoass",
"form": "x",
"pos": "u"}
}
,
{
"node": "l",
"frag": "x]",
"id": "P334832.l07b23",
"ref": "P334832.20.10",
"inst": "u",
"f": {"lang": "akk-x-neoass",
"form": "x",
"pos": "u"}
}
,
{
"node": "d",
"type": "nonx",
"ref": "P334832.21",
"strict": "0",
"state": "missing"}
]}
]}
]}
,
{
"linkbase": [{
"type": "linkset",
"xlink_title": "mār ahi[nephew//nephew]N'N",
"id": "P334832.ls00000",
"xlink_type": "extended",
"xlink_role": "psu",
"sig": "{DUMU-ŠEŠ-MEŠ-ka = māru[son]N ahu[brother]N += mār ahi[nephew//nephew]N'N}::@saao/saa10%akk-x-neoass:DUMU-ŠEŠ-MEŠ-ka=māru[son//son]N'N$mār++@saao/saa10%akk-x-neoass:DUMU-ŠEŠ-MEŠ-ka=ahu[brother//brother]N'N$ahhēka",
"links": [
{
"type": "link",
"xlink_title": "māru",
"xlink_type": "locator",
"xlink_href": "#P334832.l07ada",
"xlink_role": "elt"}
,
{
"type": "link",
"xlink_title": "ahu",
"xlink_type": "locator",
"xlink_href": "#P334832.l07adb",
"xlink_role": "elt"}
]}
]}
]}
