{
"type": "cdl",
  "source": "http://oracc.org/saao/saa10",
  "license": "This data is released under the CC0 license",
  "license-url": "https://creativecommons.org/publicdomain/zero/1.0/",
  "more-info": "http://oracc.org/doc/opendata/",
  "UTC-timestamp": "2017-05-19T11:42:52",
"project": "saao/saa10",
"textid": "P334476",
"cdl": [
{
"node": "c",
"type": "text",
"id": "P334476.U0",
"cdl": [
{
"node": "d",
"type": "object",
"ref": ""}
,
{
"node": "d",
"subtype": "obverse",
"type": "surface",
"ref": "P334476.o.1",
"type": "obverse",
"label": "o"}
,
{
"node": "c",
"type": "discourse",
"subtype": "body",
"id": "P334476.U1",
"cdl": [
{
"node": "c",
"type": "sentence",
"id": "P334476.U2",
"label": "o 1 - r 3'",
"cdl": [
{
"node": "d",
"type": "line-start",
"ref": "P334476.2",
"n": "1",
"label": "o 1"}
,
{
"node": "l",
"frag": "[a-na]",
"id": "P334476.l025a1",
"ref": "P334476.2.1",
"inst": "ana[to]PRP",
"sig": "@saao/saa10%akk-x-neoass:a-na=ana[to//to]PRP'PRP$ana",
"f": {"lang": "akk-x-neoass",
"form": "a-na",
"cf": "ana",
"gw": "to",
"sense": "to",
"norm": "ana",
"pos": "PRP",
"epos": "PRP"}
}
,
{
"node": "l",
"frag": "LUGAL",
"id": "P334476.l025a2",
"ref": "P334476.2.2",
"inst": "šarri[king]N",
"sig": "@saao/saa10%akk-x-neoass:LUGAL=šarru[king//king]N'N$šarri",
"f": {"lang": "akk-x-neoass",
"form": "LUGAL",
"cf": "šarru",
"gw": "king",
"sense": "king",
"norm": "šarri",
"pos": "N",
"epos": "N"}
}
,
{
"node": "l",
"frag": "EN-ia₂",
"id": "P334476.l025a3",
"ref": "P334476.2.3",
"inst": "bēlīya[lord]N",
"sig": "@saao/saa10%akk-x-neoass:EN-ia₂=bēlu[lord//lord]N'N$bēlīya",
"f": {"lang": "akk-x-neoass",
"form": "EN-ia₂",
"cf": "bēlu",
"gw": "lord",
"sense": "lord",
"norm": "bēlīya",
"pos": "N",
"epos": "N"}
}
,
{
"node": "d",
"type": "line-start",
"ref": "P334476.3",
"n": "2",
"label": "o 2"}
,
{
"node": "l",
"frag": "[ARAD]-⸢ka⸣",
"id": "P334476.l025a4",
"ref": "P334476.3.1",
"inst": "urdaka[servant]N",
"sig": "@saao/saa10%akk-x-neoass:ARAD-ka=ardu[slave//servant]N'N$urdaka",
"f": {"lang": "akk-x-neoass",
"form": "ARAD-ka",
"cf": "ardu",
"gw": "slave",
"sense": "servant",
"norm": "urdaka",
"pos": "N",
"epos": "N"}
}
,
{
"node": "l",
"frag": "{1}ak-kul-la-nu",
"id": "P334476.l025a5",
"ref": "P334476.3.2",
"inst": "Akkullanu[1]PN",
"sig": "@saao/saa10%akk-x-neoass:{1}ak-kul-la-nu=Akkullanu[1//1]PN'PN$Akkullanu",
"f": {"lang": "akk-x-neoass",
"form": "{1}ak-kul-la-nu",
"cf": "Akkullanu",
"gw": "1",
"sense": "1",
"norm": "Akkullanu",
"pos": "PN",
"epos": "PN"}
}
,
{
"node": "d",
"type": "line-start",
"ref": "P334476.4",
"n": "3",
"label": "o 3"}
,
{
"node": "l",
"frag": "[lu-u]",
"id": "P334476.l025a6",
"ref": "P334476.4.1",
"inst": "lū[may]MOD",
"sig": "@saao/saa10%akk-x-neoass:lu-u=lū[may//may]MOD'MOD$lū",
"f": {"lang": "akk-x-neoass",
"form": "lu-u",
"cf": "lū",
"gw": "may",
"sense": "may",
"norm": "lū",
"pos": "MOD",
"epos": "MOD"}
}
,
{
"node": "l",
"frag": "šul-mu",
"id": "P334476.l025a7",
"ref": "P334476.4.2",
"inst": "šulmu[health]N",
"sig": "@saao/saa10%akk-x-neoass:šul-mu=šulmu[completeness//health]N'N$šulmu",
"f": {"lang": "akk-x-neoass",
"form": "šul-mu",
"cf": "šulmu",
"gw": "completeness",
"sense": "health",
"norm": "šulmu",
"pos": "N",
"epos": "N"}
}
,
{
"node": "d",
"type": "line-start",
"ref": "P334476.5",
"n": "4",
"label": "o 4"}
,
{
"node": "l",
"frag": "[a]-⸢na⸣",
"id": "P334476.l025a8",
"ref": "P334476.5.1",
"inst": "ana[to]PRP",
"sig": "@saao/saa10%akk-x-neoass:a-na=ana[to//to]PRP'PRP$ana",
"f": {"lang": "akk-x-neoass",
"form": "a-na",
"cf": "ana",
"gw": "to",
"sense": "to",
"norm": "ana",
"pos": "PRP",
"epos": "PRP"}
}
,
{
"node": "l",
"frag": "LUGAL",
"id": "P334476.l025a9",
"ref": "P334476.5.2",
"inst": "šarri[king]N",
"sig": "@saao/saa10%akk-x-neoass:LUGAL=šarru[king//king]N'N$šarri",
"f": {"lang": "akk-x-neoass",
"form": "LUGAL",
"cf": "šarru",
"gw": "king",
"sense": "king",
"norm": "šarri",
"pos": "N",
"epos": "N"}
}
,
{
"node": "l",
"frag": "EN-ia₂",
"id": "P334476.l025aa",
"ref": "P334476.5.3",
"inst": "bēlīya[lord]N",
"sig": "@saao/saa10%akk-x-neoass:EN-ia₂=bēlu[lord//lord]N'N$bēlīya",
"f": {"lang": "akk-x-neoass",
"form": "EN-ia₂",
"cf": "bēlu",
"gw": "lord",
"sense": "lord",
"norm": "bēlīya",
"pos": "N",
"epos": "N"}
}
,
{
"node": "d",
"type": "line-start",
"ref": "P334476.6",
"n": "5",
"label": "o 5"}
,
{
"node": "l",
"frag": "{[d]}AG",
"id": "P334476.l025ab",
"ref": "P334476.6.1",
"inst": "Nabu[1]DN",
"sig": "@saao/saa10%akk-x-neoass:{d}AG=Nabu[1//1]DN'DN$Nabu",
"f": {"lang": "akk-x-neoass",
"form": "{d}AG",
"cf": "Nabu",
"gw": "1",
"sense": "1",
"norm": "Nabu",
"pos": "DN",
"epos": "DN"}
}
,
{
"node": "l",
"frag": "u",
"id": "P334476.l025ac",
"ref": "P334476.6.2",
"inst": "u[and]CNJ",
"sig": "@saao/saa10%akk-x-neoass:u=u[and//and]CNJ'CNJ$u",
"f": {"lang": "akk-x-neoass",
"form": "u",
"cf": "u",
"gw": "and",
"sense": "and",
"norm": "u",
"pos": "CNJ",
"epos": "CNJ"}
}
,
{
"node": "l",
"frag": "{d}AMAR.UTU",
"id": "P334476.l025ad",
"ref": "P334476.6.3",
"inst": "Marduk[1]DN",
"sig": "@saao/saa10%akk-x-neoass:{d}AMAR.UTU=Marduk[1//1]DN'DN$Marduk",
"f": {"lang": "akk-x-neoass",
"form": "{d}AMAR.UTU",
"cf": "Marduk",
"gw": "1",
"sense": "1",
"norm": "Marduk",
"pos": "DN",
"epos": "DN"}
}
,
{
"node": "d",
"type": "line-start",
"ref": "P334476.7",
"n": "6",
"label": "o 6"}
,
{
"node": "l",
"frag": "a-na",
"id": "P334476.l025ae",
"ref": "P334476.7.1",
"inst": "ana[to]PRP",
"sig": "@saao/saa10%akk-x-neoass:a-na=ana[to//to]PRP'PRP$ana",
"f": {"lang": "akk-x-neoass",
"form": "a-na",
"cf": "ana",
"gw": "to",
"sense": "to",
"norm": "ana",
"pos": "PRP",
"epos": "PRP"}
}
,
{
"node": "l",
"frag": "LUGAL",
"id": "P334476.l025af",
"ref": "P334476.7.2",
"inst": "šarri[king]N",
"sig": "@saao/saa10%akk-x-neoass:LUGAL=šarru[king//king]N'N$šarri",
"f": {"lang": "akk-x-neoass",
"form": "LUGAL",
"cf": "šarru",
"gw": "king",
"sense": "king",
"norm": "šarri",
"pos": "N",
"epos": "N"}
}
,
{
"node": "l",
"frag": "EN-ia₂",
"id": "P334476.l025b0",
"ref": "P334476.7.3",
"inst": "bēlīya[lord]N",
"sig": "@saao/saa10%akk-x-neoass:EN-ia₂=bēlu[lord//lord]N'N$bēlīya",
"f": {"lang": "akk-x-neoass",
"form": "EN-ia₂",
"cf": "bēlu",
"gw": "lord",
"sense": "lord",
"norm": "bēlīya",
"pos": "N",
"epos": "N"}
}
,
{
"node": "d",
"type": "line-start",
"ref": "P334476.8",
"n": "7",
"label": "o 7"}
,
{
"node": "l",
"frag": "[lik-ru]-bu",
"id": "P334476.l025b1",
"ref": "P334476.8.1",
"inst": "likrubu[bless]V",
"sig": "@saao/saa10%akk-x-neoass:lik-ru-bu=karābu[pray//bless]V'V$likrubu",
"f": {"lang": "akk-x-neoass",
"form": "lik-ru-bu",
"cf": "karābu",
"gw": "pray",
"sense": "bless",
"norm": "likrubu",
"pos": "V",
"epos": "V"}
}
,
{
"node": "d",
"type": "line-start",
"ref": "P334476.9",
"n": "8",
"label": "o 8"}
,
{
"node": "l",
"frag": "[x",
"id": "P334476.l025b2",
"ref": "P334476.9.1",
"inst": "u",
"f": {"lang": "akk-x-neoass",
"form": "x",
"pos": "u"}
}
,
{
"node": "l",
"frag": "x",
"id": "P334476.l025b3",
"ref": "P334476.9.2",
"inst": "u",
"f": {"lang": "akk-x-neoass",
"form": "x",
"pos": "u"}
}
,
{
"node": "l",
"frag": "x",
"id": "P334476.l025b4",
"ref": "P334476.9.3",
"inst": "u",
"f": {"lang": "akk-x-neoass",
"form": "x",
"pos": "u"}
}
,
{
"node": "l",
"frag": "x",
"id": "P334476.l025b5",
"ref": "P334476.9.4",
"inst": "u",
"f": {"lang": "akk-x-neoass",
"form": "x",
"pos": "u"}
}
,
{
"node": "l",
"frag": "x]+⸢x⸣",
"id": "P334476.l025b6",
"ref": "P334476.9.5",
"inst": "u",
"f": {"lang": "akk-x-neoass",
"form": "x+x",
"pos": "u"}
}
,
{
"node": "d",
"type": "nonx",
"ref": "P334476.10",
"strict": "0",
"extent": "rest",
"state": "missing"}
,
{
"node": "d",
"subtype": "reverse",
"type": "surface",
"ref": "P334476.r.11",
"type": "reverse",
"label": "r"}
,
{
"node": "d",
"type": "nonx",
"ref": "P334476.12",
"strict": "0",
"extent": "beginning",
"state": "missing"}
,
{
"node": "d",
"type": "line-start",
"ref": "P334476.13",
"n": "1'",
"label": "r 1'"}
,
{
"node": "l",
"frag": "[x",
"id": "P334476.l025b7",
"ref": "P334476.13.1",
"inst": "u",
"f": {"lang": "akk-x-neoass",
"form": "x",
"pos": "u"}
}
,
{
"node": "l",
"frag": "x]",
"id": "P334476.l025b8",
"ref": "P334476.13.2",
"inst": "u",
"f": {"lang": "akk-x-neoass",
"form": "x",
"pos": "u"}
}
,
{
"node": "l",
"frag": "u₂-šab",
"id": "P334476.l025b9",
"ref": "P334476.13.3",
"inst": "+ašābu[sit (down)]V$uššab",
"sig": "@saao/saa10%akk-x-neoass:u₂-šab=ašābu[sit (down)//sit (down)]V'V$uššab",
"f": {"lang": "akk-x-neoass",
"form": "u₂-šab",
"cf": "ašābu",
"gw": "sit (down)",
"sense": "sit (down)",
"norm": "uššab",
"pos": "V",
"epos": "V"}
}
,
{
"node": "d",
"type": "line-start",
"ref": "P334476.14",
"n": "2'",
"label": "r 2'"}
,
{
"node": "l",
"frag": "[ina]",
"id": "P334476.l025ba",
"ref": "P334476.14.1",
"inst": "ina[in]PRP",
"sig": "@saao/saa10%akk-x-neoass:ina=ina[in//from]PRP'PRP$ina",
"f": {"lang": "akk-x-neoass",
"form": "ina",
"cf": "ina",
"gw": "in",
"sense": "from",
"norm": "ina",
"pos": "PRP",
"epos": "PRP"}
}
,
{
"node": "l",
"frag": "nu-bat-ti-šu₂",
"id": "P334476.l025bb",
"ref": "P334476.14.2",
"inst": "+nubattu[evening (rest)//evening]N'N$nubattīšu",
"sig": "@saao/saa10%akk-x-neoass:nu-bat-ti-šu₂=nubattu[evening (rest)//evening]N'N$nubattīšu",
"f": {"lang": "akk-x-neoass",
"form": "nu-bat-ti-šu₂",
"cf": "nubattu",
"gw": "evening (rest)",
"sense": "evening",
"norm": "nubattīšu",
"pos": "N",
"epos": "N"}
}
,
{
"node": "d",
"type": "line-start",
"ref": "P334476.15",
"n": "3'",
"label": "r 3'"}
,
{
"node": "l",
"frag": "⸢ka⸣-nu-nu",
"id": "P334476.l025bc",
"ref": "P334476.15.1",
"inst": "kanūnu[(a festival)]N",
"sig": "@saao/saa10%akk-x-neoass:ka-nu-nu=kinūnu[brazier//(a festival)]N'N$kanūnu",
"f": {"lang": "akk-x-neoass",
"form": "ka-nu-nu",
"cf": "kinūnu",
"gw": "brazier",
"sense": "(a festival)",
"norm": "kanūnu",
"pos": "N",
"epos": "N"}
}
,
{
"node": "d",
"type": "nonx",
"ref": "P334476.16",
"strict": "0",
"extent": "rest",
"state": "other"}
]}
]}
]}
]}
