{
"type": "cdl",
  "source": "http://oracc.org/saao/saa10",
  "license": "This data is released under the CC0 license",
  "license-url": "https://creativecommons.org/publicdomain/zero/1.0/",
  "more-info": "http://oracc.org/doc/opendata/",
  "UTC-timestamp": "2017-05-19T11:42:56",
"project": "saao/saa10",
"textid": "P334614",
"cdl": [
{
"node": "c",
"type": "text",
"id": "P334614.U0",
"cdl": [
{
"node": "d",
"type": "object",
"ref": ""}
,
{
"node": "d",
"subtype": "obverse",
"type": "surface",
"ref": "P334614.o.1",
"type": "obverse",
"label": "o"}
,
{
"node": "c",
"type": "discourse",
"subtype": "body",
"id": "P334614.U1",
"cdl": [
{
"node": "c",
"type": "sentence",
"id": "P334614.U2",
"label": "o 1 - r.e. 15",
"cdl": [
{
"node": "d",
"type": "line-start",
"ref": "P334614.2",
"n": "1",
"label": "o 1"}
,
{
"node": "l",
"frag": "a-na",
"id": "P334614.l05725",
"ref": "P334614.2.1",
"inst": "ana[to]PRP",
"sig": "@saao/saa10%akk-x-neoass:a-na=ana[to//to]PRP'PRP$ana",
"f": {"lang": "akk-x-neoass",
"form": "a-na",
"cf": "ana",
"gw": "to",
"sense": "to",
"norm": "ana",
"pos": "PRP",
"epos": "PRP"}
}
,
{
"node": "l",
"frag": "LUGAL",
"id": "P334614.l05726",
"ref": "P334614.2.2",
"inst": "šarri[king]N",
"sig": "@saao/saa10%akk-x-neoass:LUGAL=šarru[king//king]N'N$šarri",
"f": {"lang": "akk-x-neoass",
"form": "LUGAL",
"cf": "šarru",
"gw": "king",
"sense": "king",
"norm": "šarri",
"pos": "N",
"epos": "N"}
}
,
{
"node": "l",
"frag": "be-[li₂-ia]",
"id": "P334614.l05727",
"ref": "P334614.2.3",
"inst": "bēlīya[lord]N",
"sig": "@saao/saa10%akk-x-neoass:be-li₂-ia=bēlu[lord//lord]N'N$bēlīya",
"f": {"lang": "akk-x-neoass",
"form": "be-li₂-ia",
"cf": "bēlu",
"gw": "lord",
"sense": "lord",
"norm": "bēlīya",
"pos": "N",
"epos": "N"}
}
,
{
"node": "d",
"type": "line-start",
"ref": "P334614.3",
"n": "2",
"label": "o 2"}
,
{
"node": "l",
"frag": "ARAD-ka",
"id": "P334614.l05728",
"ref": "P334614.3.1",
"inst": "urdaka[servant]N",
"sig": "@saao/saa10%akk-x-neoass:ARAD-ka=ardu[slave//servant]N'N$urdaka",
"f": {"lang": "akk-x-neoass",
"form": "ARAD-ka",
"cf": "ardu",
"gw": "slave",
"sense": "servant",
"norm": "urdaka",
"pos": "N",
"epos": "N"}
}
,
{
"node": "l",
"frag": "{1}{d}IM-[MU-PAB]",
"id": "P334614.l05729",
"ref": "P334614.3.2",
"inst": "Adad-šumu-uṣur[1]PN",
"sig": "@saao/saa10%akk-x-neoass:{1}{d}IM-MU-PAB=Adad-šumu-uṣur[1//1]PN'PN$Adad-šumu-uṣur",
"f": {"lang": "akk-x-neoass",
"form": "{1}{d}IM-MU-PAB",
"cf": "Adad-šumu-uṣur",
"gw": "1",
"sense": "1",
"norm": "Adad-šumu-uṣur",
"pos": "PN",
"epos": "PN"}
}
,
{
"node": "d",
"type": "line-start",
"ref": "P334614.4",
"n": "3",
"label": "o 3"}
,
{
"node": "l",
"frag": "lu-u",
"id": "P334614.l0572a",
"ref": "P334614.4.1",
"inst": "lū[may]MOD",
"sig": "@saao/saa10%akk-x-neoass:lu-u=lū[may//may]MOD'MOD$lū",
"f": {"lang": "akk-x-neoass",
"form": "lu-u",
"cf": "lū",
"gw": "may",
"sense": "may",
"norm": "lū",
"pos": "MOD",
"epos": "MOD"}
}
,
{
"node": "l",
"frag": "DI-mu",
"id": "P334614.l0572b",
"ref": "P334614.4.2",
"inst": "šulmu[health]N",
"sig": "@saao/saa10%akk-x-neoass:DI-mu=šulmu[completeness//health]N'N$šulmu",
"f": {"lang": "akk-x-neoass",
"form": "DI-mu",
"cf": "šulmu",
"gw": "completeness",
"sense": "health",
"norm": "šulmu",
"pos": "N",
"epos": "N"}
}
,
{
"node": "l",
"frag": "ana",
"id": "P334614.l0572c",
"ref": "P334614.4.3",
"inst": "ana[to]PRP",
"sig": "@saao/saa10%akk-x-neoass:ana=ana[to//to]PRP'PRP$ana",
"f": {"lang": "akk-x-neoass",
"form": "ana",
"cf": "ana",
"gw": "to",
"sense": "to",
"norm": "ana",
"pos": "PRP",
"epos": "PRP"}
}
,
{
"node": "l",
"frag": "LUGAL",
"id": "P334614.l0572d",
"ref": "P334614.4.4",
"inst": "šarri[king]N",
"sig": "@saao/saa10%akk-x-neoass:LUGAL=šarru[king//king]N'N$šarri",
"f": {"lang": "akk-x-neoass",
"form": "LUGAL",
"cf": "šarru",
"gw": "king",
"sense": "king",
"norm": "šarri",
"pos": "N",
"epos": "N"}
}
,
{
"node": "l",
"frag": "[EN-ia]",
"id": "P334614.l0572e",
"ref": "P334614.4.5",
"inst": "bēlīya[lord]N",
"sig": "@saao/saa10%akk-x-neoass:EN-ia=bēlu[lord//lord]N'N$bēlīya",
"f": {"lang": "akk-x-neoass",
"form": "EN-ia",
"cf": "bēlu",
"gw": "lord",
"sense": "lord",
"norm": "bēlīya",
"pos": "N",
"epos": "N"}
}
,
{
"node": "d",
"type": "line-start",
"ref": "P334614.5",
"n": "4",
"label": "o 4"}
,
{
"node": "l",
"frag": "aš-šur",
"id": "P334614.l0572f",
"ref": "P334614.5.1",
"inst": "Aššur[1]DN",
"sig": "@saao/saa10%akk-x-neoass:aš-šur=Aššur[1//1]DN'DN$Aššur",
"f": {"lang": "akk-x-neoass",
"form": "aš-šur",
"cf": "Aššur",
"gw": "1",
"sense": "1",
"norm": "Aššur",
"pos": "DN",
"epos": "DN"}
}
,
{
"node": "l",
"frag": "{d}30",
"id": "P334614.l05730",
"ref": "P334614.5.2",
"inst": "Sin[1]DN",
"sig": "@saao/saa10%akk-x-neoass:{d}30=Sin[1//1]DN'DN$Sin",
"f": {"lang": "akk-x-neoass",
"form": "{d}30",
"cf": "Sin",
"gw": "1",
"sense": "1",
"norm": "Sin",
"pos": "DN",
"epos": "DN"}
}
,
{
"node": "l",
"frag": "{d}UTU",
"id": "P334614.l05731",
"ref": "P334614.5.3",
"inst": "Šamaš[1]DN",
"sig": "@saao/saa10%akk-x-neoass:{d}UTU=Šamaš[1//1]DN'DN$Šamaš",
"f": {"lang": "akk-x-neoass",
"form": "{d}UTU",
"cf": "Šamaš",
"gw": "1",
"sense": "1",
"norm": "Šamaš",
"pos": "DN",
"epos": "DN"}
}
,
{
"node": "l",
"frag": "{d}[AG",
"id": "P334614.l05732",
"ref": "P334614.5.4",
"inst": "Nabu[1]DN",
"sig": "@saao/saa10%akk-x-neoass:{d}AG=Nabu[1//1]DN'DN$Nabu",
"f": {"lang": "akk-x-neoass",
"form": "{d}AG",
"cf": "Nabu",
"gw": "1",
"sense": "1",
"norm": "Nabu",
"pos": "DN",
"epos": "DN"}
}
,
{
"node": "l",
"frag": "{d}AMAR.UTU]",
"id": "P334614.l05733",
"ref": "P334614.5.5",
"inst": "Marduk[1]DN",
"sig": "@saao/saa10%akk-x-neoass:{d}AMAR.UTU=Marduk[1//1]DN'DN$Marduk",
"f": {"lang": "akk-x-neoass",
"form": "{d}AMAR.UTU",
"cf": "Marduk",
"gw": "1",
"sense": "1",
"norm": "Marduk",
"pos": "DN",
"epos": "DN"}
}
,
{
"node": "d",
"type": "line-start",
"ref": "P334614.6",
"n": "5",
"label": "o 5"}
,
{
"node": "l",
"frag": "DINGIR-MEŠ",
"id": "P334614.l05734",
"ref": "P334614.6.1",
"inst": "ilāni[god]N",
"sig": "@saao/saa10%akk-x-neoass:DINGIR-MEŠ=ilu[god//god]N'N$ilāni",
"f": {"lang": "akk-x-neoass",
"form": "DINGIR-MEŠ",
"cf": "ilu",
"gw": "god",
"sense": "god",
"norm": "ilāni",
"pos": "N",
"epos": "N"}
}
,
{
"node": "l",
"frag": "GAL-MEŠ",
"id": "P334614.l05735",
"ref": "P334614.6.2",
"inst": "rabiūti[great]AJ",
"sig": "@saao/saa10%akk-x-neoass:GAL-MEŠ=rabû[big//great]AJ'AJ$rabiūti",
"f": {"lang": "akk-x-neoass",
"form": "GAL-MEŠ",
"cf": "rabû",
"gw": "big",
"sense": "great",
"norm": "rabiūti",
"pos": "AJ",
"epos": "AJ"}
}
,
{
"node": "l",
"frag": "ša₂",
"id": "P334614.l05736",
"ref": "P334614.6.3",
"inst": "ša[of]DET",
"sig": "@saao/saa10%akk-x-neoass:ša₂=ša[of//of]DET'DET$ša",
"f": {"lang": "akk-x-neoass",
"form": "ša₂",
"cf": "ša",
"gw": "of",
"sense": "of",
"norm": "ša",
"pos": "DET",
"epos": "DET"}
}
,
{
"node": "l",
"frag": "AN-e",
"id": "P334614.l05737",
"ref": "P334614.6.4",
"inst": "šamê[heaven]N",
"sig": "@saao/saa10%akk-x-neoass:AN-e=šamû[sky//heaven]N'N$šamê",
"f": {"lang": "akk-x-neoass",
"form": "AN-e",
"cf": "šamû",
"gw": "sky",
"sense": "heaven",
"norm": "šamê",
"pos": "N",
"epos": "N"}
}
,
{
"node": "l",
"frag": "[KI.TIM]",
"id": "P334614.l05738",
"ref": "P334614.6.5",
"inst": "kaqqiri[earth]N",
"sig": "@saao/saa10%akk-x-neoass:KI.TIM=qaqqaru[ground//earth]N'N$kaqqiri",
"f": {"lang": "akk-x-neoass",
"form": "KI.TIM",
"cf": "qaqqaru",
"gw": "ground",
"sense": "earth",
"norm": "kaqqiri",
"pos": "N",
"epos": "N"}
}
,
{
"node": "d",
"type": "line-start",
"ref": "P334614.7",
"n": "6",
"label": "o 6"}
,
{
"node": "l",
"frag": "a-na",
"id": "P334614.l05739",
"ref": "P334614.7.1",
"inst": "ana[to]PRP",
"sig": "@saao/saa10%akk-x-neoass:a-na=ana[to//to]PRP'PRP$ana",
"f": {"lang": "akk-x-neoass",
"form": "a-na",
"cf": "ana",
"gw": "to",
"sense": "to",
"norm": "ana",
"pos": "PRP",
"epos": "PRP"}
}
,
{
"node": "l",
"frag": "LUGAL",
"id": "P334614.l0573a",
"ref": "P334614.7.2",
"inst": "šarri[king]N",
"sig": "@saao/saa10%akk-x-neoass:LUGAL=šarru[king//king]N'N$šarri",
"f": {"lang": "akk-x-neoass",
"form": "LUGAL",
"cf": "šarru",
"gw": "king",
"sense": "king",
"norm": "šarri",
"pos": "N",
"epos": "N"}
}
,
{
"node": "l",
"frag": "be-li₂-ia",
"id": "P334614.l0573b",
"ref": "P334614.7.3",
"inst": "bēlīya[lord]N",
"sig": "@saao/saa10%akk-x-neoass:be-li₂-ia=bēlu[lord//lord]N'N$bēlīya",
"f": {"lang": "akk-x-neoass",
"form": "be-li₂-ia",
"cf": "bēlu",
"gw": "lord",
"sense": "lord",
"norm": "bēlīya",
"pos": "N",
"epos": "N"}
}
,
{
"node": "d",
"type": "line-start",
"ref": "P334614.8",
"n": "7",
"label": "o 7"}
,
{
"node": "l",
"frag": "a-dan-niš",
"id": "P334614.l0573c",
"ref": "P334614.8.1",
"inst": "adanniš[very much]AV",
"sig": "@saao/saa10%akk-x-neoass:a-dan-niš=adanniš[very much//very much]AV'AV$adanniš",
"f": {"lang": "akk-x-neoass",
"form": "a-dan-niš",
"cf": "adanniš",
"gw": "very much",
"sense": "very much",
"norm": "adanniš",
"pos": "AV",
"epos": "AV"}
}
,
{
"node": "l",
"frag": "a-dan-niš",
"id": "P334614.l0573d",
"ref": "P334614.8.2",
"inst": "adanniš[very much]AV",
"sig": "@saao/saa10%akk-x-neoass:a-dan-niš=adanniš[very much//very much]AV'AV$adanniš",
"f": {"lang": "akk-x-neoass",
"form": "a-dan-niš",
"cf": "adanniš",
"gw": "very much",
"sense": "very much",
"norm": "adanniš",
"pos": "AV",
"epos": "AV"}
}
,
{
"node": "l",
"frag": "lik-ru-bu",
"id": "P334614.l0573e",
"ref": "P334614.8.3",
"inst": "likrubu[bless]V",
"sig": "@saao/saa10%akk-x-neoass:lik-ru-bu=karābu[pray//bless]V'V$likrubu",
"f": {"lang": "akk-x-neoass",
"form": "lik-ru-bu",
"cf": "karābu",
"gw": "pray",
"sense": "bless",
"norm": "likrubu",
"pos": "V",
"epos": "V"}
}
,
{
"node": "d",
"type": "line-start",
"ref": "P334614.9",
"n": "8",
"label": "o 8"}
,
{
"node": "l",
"frag": "{d}30",
"id": "P334614.l0573f",
"ref": "P334614.9.1",
"inst": "Sin[1]DN",
"sig": "@saao/saa10%akk-x-neoass:{d}30=Sin[1//1]DN'DN$Sin",
"f": {"lang": "akk-x-neoass",
"form": "{d}30",
"cf": "Sin",
"gw": "1",
"sense": "1",
"norm": "Sin",
"pos": "DN",
"epos": "DN"}
}
,
{
"node": "l",
"frag": "UD",
"id": "P334614.l05740",
"ref": "P334614.9.2",
"inst": "ūm[day]N",
"sig": "@saao/saa10%akk-x-neoass:UD=ūmu[day//day]N'N$ūm",
"f": {"lang": "akk-x-neoass",
"form": "UD",
"cf": "ūmu",
"gw": "day",
"sense": "day",
"norm": "ūm",
"pos": "N",
"epos": "N"}
}
,
{
"node": "l",
"frag": "30-KAM₂\\t",
"id": "P334614.l05741",
"ref": "P334614.9.3",
"inst": "n",
"f": {"lang": "akk-x-neoass",
"form": "30-KAM₂",
"pos": "n"}
}
,
{
"node": "d",
"type": "line-start",
"ref": "P334614.10",
"n": "9",
"label": "o 9"}
,
{
"node": "l",
"frag": "a-ta-mar",
"id": "P334614.l05742",
"ref": "P334614.10.1",
"inst": "ātamar[see]V",
"sig": "@saao/saa10%akk-x-neoass:a-ta-mar=amāru[see//see]V'V$ātamar",
"f": {"lang": "akk-x-neoass",
"form": "a-ta-mar",
"cf": "amāru",
"gw": "see",
"sense": "see",
"norm": "ātamar",
"pos": "V",
"epos": "V"}
}
,
{
"node": "l",
"frag": "ša₂-qi-a",
"id": "P334614.l05743",
"ref": "P334614.10.2",
"inst": "+šaqû[high]AJ$šaqia",
"sig": "@saao/saa10%akk-x-neoass:ša₂-qi-a=šaqû[high//high]AJ'AJ$šaqia",
"f": {"lang": "akk-x-neoass",
"form": "ša₂-qi-a",
"cf": "šaqû",
"gw": "high",
"sense": "high",
"norm": "šaqia",
"pos": "AJ",
"epos": "AJ"}
}
,
{
"node": "d",
"type": "line-start",
"ref": "P334614.11",
"n": "10",
"label": "o 10"}
,
{
"node": "l",
"frag": "ša",
"id": "P334614.l05744",
"ref": "P334614.11.1",
"inst": "ša[of]DET",
"sig": "@saao/saa10%akk-x-neoass:ša=ša[of//of]DET'DET$ša",
"f": {"lang": "akk-x-neoass",
"form": "ša",
"cf": "ša",
"gw": "of",
"sense": "of",
"norm": "ša",
"pos": "DET",
"epos": "DET"}
}
,
{
"node": "l",
"frag": "UD",
"id": "P334614.l05745",
"ref": "P334614.11.2",
"inst": "ūm[day]N",
"sig": "@saao/saa10%akk-x-neoass:UD=ūmu[day//day]N'N$ūm",
"f": {"lang": "akk-x-neoass",
"form": "UD",
"cf": "ūmu",
"gw": "day",
"sense": "day",
"norm": "ūm",
"pos": "N",
"epos": "N"}
}
,
{
"node": "l",
"frag": "30-KAM₂\\t",
"id": "P334614.l05746",
"ref": "P334614.11.3",
"inst": "n",
"f": {"lang": "akk-x-neoass",
"form": "30-KAM₂",
"pos": "n"}
}
,
{
"node": "d",
"type": "line-start",
"ref": "P334614.12",
"n": "11",
"label": "o 11"}
,
{
"node": "l",
"frag": "ina",
"id": "P334614.l05747",
"ref": "P334614.12.1",
"inst": "ina[in]PRP",
"sig": "@saao/saa10%akk-x-neoass:ina=ina[in//from]PRP'PRP$ina",
"f": {"lang": "akk-x-neoass",
"form": "ina",
"cf": "ina",
"gw": "in",
"sense": "from",
"norm": "ina",
"pos": "PRP",
"epos": "PRP"}
}
,
{
"node": "l",
"frag": "pi-it-ti",
"id": "P334614.l05748",
"ref": "P334614.12.2",
"inst": "+pitti[just as//according to]AV'PRP$",
"sig": "@saao/saa10%akk-x-neoass:pi-it-ti=pitti[just as//according to]AV'PRP$pitti",
"f": {"lang": "akk-x-neoass",
"form": "pi-it-ti",
"cf": "pitti",
"gw": "just as",
"sense": "according to",
"norm": "pitti",
"pos": "AV",
"epos": "PRP"}
}
,
{
"node": "l",
"frag": "i-ša₂-qi-a",
"id": "P334614.l05749",
"ref": "P334614.12.3",
"inst": "+šaqû[be(come) high]V$išaqqia",
"sig": "@saao/saa10%akk-x-neoass:i-ša₂-qi-a=šaqû[be(come) high//be(come) high]V'V$išaqqia",
"f": {"lang": "akk-x-neoass",
"form": "i-ša₂-qi-a",
"cf": "šaqû",
"gw": "be(come) high",
"sense": "be(come) high",
"norm": "išaqqia",
"pos": "V",
"epos": "V"}
}
,
{
"node": "d",
"type": "line-start",
"ref": "P334614.13",
"n": "12",
"label": "o 12"}
,
{
"node": "l",
"frag": "ki-i",
"id": "P334614.l0574a",
"ref": "P334614.13.1",
"inst": "kî[like]PRP",
"sig": "@saao/saa10%akk-x-neoass:ki-i=kī[like//just as]PRP'PRP$kî",
"f": {"lang": "akk-x-neoass",
"form": "ki-i",
"cf": "kī",
"gw": "like",
"sense": "just as",
"norm": "kî",
"pos": "PRP",
"epos": "PRP"}
}
,
{
"node": "l",
"frag": "ša₂",
"id": "P334614.l0574b",
"ref": "P334614.13.2",
"inst": "ša[that of]DET",
"sig": "@saao/saa10%akk-x-neoass:ša₂=ša[of//that of]DET'DET$ša",
"f": {"lang": "akk-x-neoass",
"form": "ša₂",
"cf": "ša",
"gw": "of",
"sense": "that of",
"norm": "ša",
"pos": "DET",
"epos": "DET"}
}
,
{
"node": "l",
"frag": "UD",
"id": "P334614.l0574c",
"ref": "P334614.13.3",
"inst": "ūm[day]N",
"sig": "@saao/saa10%akk-x-neoass:UD=ūmu[day//day]N'N$ūm",
"f": {"lang": "akk-x-neoass",
"form": "UD",
"cf": "ūmu",
"gw": "day",
"sense": "day",
"norm": "ūm",
"pos": "N",
"epos": "N"}
}
,
{
"node": "l",
"frag": "02-KAM₂\\t",
"id": "P334614.l0574d",
"ref": "P334614.13.4",
"inst": "n",
"f": {"lang": "akk-x-neoass",
"form": "02-KAM₂",
"pos": "n"}
}
,
{
"node": "d",
"type": "line-start",
"ref": "P334614.14",
"n": "13",
"label": "o 13"}
,
{
"node": "l",
"frag": "iz-za-az",
"id": "P334614.l0574e",
"ref": "P334614.14.1",
"inst": "izzaz[stand]V",
"sig": "@saao/saa10%akk-x-neoass:iz-za-az=izuzzu[stand//stand]V'V$izzaz",
"f": {"lang": "akk-x-neoass",
"form": "iz-za-az",
"cf": "izuzzu",
"gw": "stand",
"sense": "stand",
"norm": "izzaz",
"pos": "V",
"epos": "V"}
}
,
{
"node": "d",
"subtype": "bottom",
"type": "surface",
"ref": "P334614.b.e..15",
"type": "bottom",
"label": "b.e."}
,
{
"node": "d",
"type": "line-start",
"ref": "P334614.16",
"n": "14",
"label": "b.e. 14"}
,
{
"node": "l",
"frag": "šum-ma",
"id": "P334614.l0574f",
"ref": "P334614.16.1",
"inst": "šumma[if]MOD",
"sig": "@saao/saa10%akk-x-neoass:šum-ma=šumma[if//if]MOD'MOD$šumma",
"f": {"lang": "akk-x-neoass",
"form": "šum-ma",
"cf": "šumma",
"gw": "if",
"sense": "if",
"norm": "šumma",
"pos": "MOD",
"epos": "MOD"}
}
,
{
"node": "l",
"frag": "ina",
"id": "P334614.l05750",
"ref": "P334614.16.2",
"inst": "ina[in]PRP",
"sig": "@saao/saa10%akk-x-neoass:ina=ina[in//from]PRP'PRP$ina",
"f": {"lang": "akk-x-neoass",
"form": "ina",
"cf": "ina",
"gw": "in",
"sense": "from",
"norm": "ina",
"pos": "PRP",
"epos": "PRP"}
}
,
{
"node": "l",
"frag": "IGI",
"id": "P334614.l05751",
"ref": "P334614.16.3",
"inst": "pān[front]N",
"sig": "@saao/saa10%akk-x-neoass:IGI=pānu[front//front]N'N$pān",
"f": {"lang": "akk-x-neoass",
"form": "IGI",
"cf": "pānu",
"gw": "front",
"sense": "front",
"norm": "pān",
"pos": "N",
"epos": "N"}
}
,
{
"node": "l",
"frag": "LUGAL",
"id": "P334614.l05752",
"ref": "P334614.16.4",
"inst": "šarri[king]N",
"sig": "@saao/saa10%akk-x-neoass:LUGAL=šarru[king//king]N'N$šarri",
"f": {"lang": "akk-x-neoass",
"form": "LUGAL",
"cf": "šarru",
"gw": "king",
"sense": "king",
"norm": "šarri",
"pos": "N",
"epos": "N"}
}
,
{
"node": "l",
"frag": "EN-ia₂",
"id": "P334614.l05753",
"ref": "P334614.16.5",
"inst": "bēlīya[lord]N",
"sig": "@saao/saa10%akk-x-neoass:EN-ia₂=bēlu[lord//lord]N'N$bēlīya",
"f": {"lang": "akk-x-neoass",
"form": "EN-ia₂",
"cf": "bēlu",
"gw": "lord",
"sense": "lord",
"norm": "bēlīya",
"pos": "N",
"epos": "N"}
}
,
{
"node": "d",
"type": "line-start",
"ref": "P334614.17",
"n": "15",
"label": "b.e. 15"}
,
{
"node": "l",
"frag": "ma-hi-ir",
"id": "P334614.l05754",
"ref": "P334614.17.1",
"inst": "mahir[acceptable]AJ",
"sig": "@saao/saa10%akk-x-neoass:ma-hi-ir=mahru[received//acceptable]AJ'AJ$mahir",
"f": {"lang": "akk-x-neoass",
"form": "ma-hi-ir",
"cf": "mahru",
"gw": "received",
"sense": "acceptable",
"norm": "mahir",
"pos": "AJ",
"epos": "AJ"}
}
,
{
"node": "d",
"subtype": "reverse",
"type": "surface",
"ref": "P334614.r.18",
"type": "reverse",
"label": "r"}
,
{
"node": "d",
"type": "line-start",
"ref": "P334614.19",
"n": "1",
"label": "r 1"}
,
{
"node": "l",
"frag": "ina",
"id": "P334614.l05755",
"ref": "P334614.19.1",
"inst": "ina[in]PRP",
"sig": "@saao/saa10%akk-x-neoass:ina=ina[in//from]PRP'PRP$ina",
"f": {"lang": "akk-x-neoass",
"form": "ina",
"cf": "ina",
"gw": "in",
"sense": "from",
"norm": "ina",
"pos": "PRP",
"epos": "PRP"}
}
,
{
"node": "l",
"frag": "IGI",
"id": "P334614.l05756",
"ref": "P334614.19.2",
"inst": "pān[front]N",
"sig": "@saao/saa10%akk-x-neoass:IGI=pānu[front//front]N'N$pān",
"f": {"lang": "akk-x-neoass",
"form": "IGI",
"cf": "pānu",
"gw": "front",
"sense": "front",
"norm": "pān",
"pos": "N",
"epos": "N"}
}
,
{
"node": "l",
"frag": "ša₂",
"id": "P334614.l05757",
"ref": "P334614.19.3",
"inst": "ša[of]DET",
"sig": "@saao/saa10%akk-x-neoass:ša₂=ša[of//of]DET'DET$ša",
"f": {"lang": "akk-x-neoass",
"form": "ša₂",
"cf": "ša",
"gw": "of",
"sense": "of",
"norm": "ša",
"pos": "DET",
"epos": "DET"}
}
,
{
"node": "l",
"frag": "{uru}ŠA₃-URU",
"id": "P334614.l05758",
"ref": "P334614.19.4",
"inst": "Libbi-ali[Inner City (Assur)]GN",
"sig": "@saao/saa10%akk-x-neoass:{URU}ŠA₃-URU=Libbi-ali[Inner City (Assur)//Inner City (Assur)]GN'GN$Libbi-ali",
"f": {"lang": "akk-x-neoass",
"form": "{URU}ŠA₃-URU",
"cf": "Libbi-ali",
"gw": "Inner City (Assur)",
"sense": "Inner City (Assur)",
"norm": "Libbi-ali",
"pos": "GN",
"epos": "GN"}
}
,
{
"node": "d",
"type": "line-start",
"ref": "P334614.20",
"n": "2",
"label": "r 2"}
,
{
"node": "l",
"frag": "LUGAL",
"id": "P334614.l05759",
"ref": "P334614.20.1",
"inst": "šarru[king]N",
"sig": "@saao/saa10%akk-x-neoass:LUGAL=šarru[king//king]N'N$šarru",
"f": {"lang": "akk-x-neoass",
"form": "LUGAL",
"cf": "šarru",
"gw": "king",
"sense": "king",
"norm": "šarru",
"pos": "N",
"epos": "N"}
}
,
{
"node": "l",
"frag": "lid-gul",
"id": "P334614.l0575a",
"ref": "P334614.20.2",
"inst": "+dagālu[see//wait]V'V$lidgul",
"sig": "@saao/saa10%akk-x-neoass:lid-gul=dagālu[see//wait]V'V$lidgul",
"f": {"lang": "akk-x-neoass",
"form": "lid-gul",
"cf": "dagālu",
"gw": "see",
"sense": "wait",
"norm": "lidgul",
"pos": "V",
"epos": "V"}
}
,
{
"node": "d",
"type": "line-start",
"ref": "P334614.21",
"n": "3",
"label": "r 3"}
,
{
"node": "l",
"frag": "ha-ra-mi-ma",
"id": "P334614.l0575b",
"ref": "P334614.21.1",
"inst": "+haramma[later//thereafter]AV'AV$harammīma",
"sig": "@saao/saa10%akk-x-neoass:ha-ra-mi-ma=haramma[later//thereafter]AV'AV$harammīma",
"f": {"lang": "akk-x-neoass",
"form": "ha-ra-mi-ma",
"cf": "haramma",
"gw": "later",
"sense": "thereafter",
"norm": "harammīma",
"pos": "AV",
"epos": "AV"}
}
,
{
"node": "d",
"type": "line-start",
"ref": "P334614.22",
"n": "4",
"label": "r 4"}
,
{
"node": "l",
"frag": "LUGAL",
"id": "P334614.l0575c",
"ref": "P334614.22.1",
"inst": "šarru[king]N",
"sig": "@saao/saa10%akk-x-neoass:LUGAL=šarru[king//king]N'N$šarru",
"f": {"lang": "akk-x-neoass",
"form": "LUGAL",
"cf": "šarru",
"gw": "king",
"sense": "king",
"norm": "šarru",
"pos": "N",
"epos": "N"}
}
,
{
"node": "l",
"frag": "be-li₂",
"id": "P334614.l0575d",
"ref": "P334614.22.2",
"inst": "bēlī[lord]N",
"sig": "@saao/saa10%akk-x-neoass:be-li₂=bēlu[lord//lord]N'N$bēlī",
"f": {"lang": "akk-x-neoass",
"form": "be-li₂",
"cf": "bēlu",
"gw": "lord",
"sense": "lord",
"norm": "bēlī",
"pos": "N",
"epos": "N"}
}
,
{
"node": "l",
"frag": "UD-mu",
"id": "P334614.l0575e",
"ref": "P334614.22.3",
"inst": "ūmu[day]N",
"sig": "@saao/saa10%akk-x-neoass:UD-mu=ūmu[day//day]N'N$ūmu",
"f": {"lang": "akk-x-neoass",
"form": "UD-mu",
"cf": "ūmu",
"gw": "day",
"sense": "day",
"norm": "ūmu",
"pos": "N",
"epos": "N"}
}
,
{
"node": "d",
"type": "line-start",
"ref": "P334614.23",
"n": "5",
"label": "r 5"}
,
{
"node": "l",
"frag": "lu-ki-in",
"id": "P334614.l0575f",
"ref": "P334614.23.1",
"inst": "+kânu[be(come) permanent//establish]V'V$lukīn",
"sig": "@saao/saa10%akk-x-neoass:lu-ki-in=kânu[be(come) permanent//establish]V'V$lukīn",
"f": {"lang": "akk-x-neoass",
"form": "lu-ki-in",
"cf": "kânu",
"gw": "be(come) permanent",
"sense": "establish",
"norm": "lukīn",
"pos": "V",
"epos": "V"}
}
,
{
"node": "d",
"type": "line-start",
"ref": "P334614.24",
"n": "6",
"label": "r 6"}
,
{
"node": "l",
"frag": "is-su-ri",
"id": "P334614.l05760",
"ref": "P334614.24.1",
"inst": "issurri[perhaps]AV",
"sig": "@saao/saa10%akk-x-neoass:is-su-ri=issurri[perhaps//perhaps]AV'AV$issurri",
"f": {"lang": "akk-x-neoass",
"form": "is-su-ri",
"cf": "issurri",
"gw": "perhaps",
"sense": "perhaps",
"norm": "issurri",
"pos": "AV",
"epos": "AV"}
}
,
{
"node": "l",
"frag": "LUGAL",
"id": "P334614.l05761",
"ref": "P334614.24.2",
"inst": "šarru[king]N",
"sig": "@saao/saa10%akk-x-neoass:LUGAL=šarru[king//king]N'N$šarru",
"f": {"lang": "akk-x-neoass",
"form": "LUGAL",
"cf": "šarru",
"gw": "king",
"sense": "king",
"norm": "šarru",
"pos": "N",
"epos": "N"}
}
,
{
"node": "l",
"frag": "be-li₂",
"id": "P334614.l05762",
"ref": "P334614.24.3",
"inst": "bēlī[lord]N",
"sig": "@saao/saa10%akk-x-neoass:be-li₂=bēlu[lord//lord]N'N$bēlī",
"f": {"lang": "akk-x-neoass",
"form": "be-li₂",
"cf": "bēlu",
"gw": "lord",
"sense": "lord",
"norm": "bēlī",
"pos": "N",
"epos": "N"}
}
,
{
"node": "d",
"type": "line-start",
"ref": "P334614.25",
"n": "7",
"label": "r 7"}
,
{
"node": "l",
"frag": "ma",
"id": "P334614.l05763",
"ref": "P334614.25.1",
"inst": "mā[saying]PRP",
"sig": "@saao/saa10%akk-x-neoass:ma=mā[saying//saying]PRP'PRP$mā",
"f": {"lang": "akk-x-neoass",
"form": "ma",
"cf": "mā",
"gw": "saying",
"sense": "saying",
"norm": "mā",
"pos": "PRP",
"epos": "PRP"}
}
,
{
"node": "l",
"frag": "a-ta-a",
"id": "P334614.l05764",
"ref": "P334614.25.2",
"inst": "atâ[why?]QP",
"sig": "@saao/saa10%akk-x-neoass:a-ta-a=atā[why?//why?]QP'QP$atâ",
"f": {"lang": "akk-x-neoass",
"form": "a-ta-a",
"cf": "atā",
"gw": "why?",
"sense": "why?",
"norm": "atâ",
"pos": "QP",
"epos": "QP"}
}
,
{
"node": "l",
"frag": "at-ta",
"id": "P334614.l05765",
"ref": "P334614.25.3",
"inst": "atta[you]IP",
"sig": "@saao/saa10%akk-x-neoass:at-ta=atta[you//you]IP'IP$atta",
"f": {"lang": "akk-x-neoass",
"form": "at-ta",
"cf": "atta",
"gw": "you",
"sense": "you",
"norm": "atta",
"pos": "IP",
"epos": "IP"}
}
,
{
"node": "d",
"type": "line-start",
"ref": "P334614.26",
"n": "8",
"label": "r 8"}
,
{
"node": "l",
"frag": "la",
"id": "P334614.l05766",
"ref": "P334614.26.1",
"inst": "lā[not]MOD",
"sig": "@saao/saa10%akk-x-neoass:la=lā[not//not]MOD'MOD$lā",
"f": {"lang": "akk-x-neoass",
"form": "la",
"cf": "lā",
"gw": "not",
"sense": "not",
"norm": "lā",
"pos": "MOD",
"epos": "MOD"}
}
,
{
"node": "l",
"frag": "tap-ru-[us]",
"id": "P334614.l05767",
"ref": "P334614.26.2",
"inst": "+parāsu[cut (off)//decide]V'V$taprus",
"sig": "@saao/saa10%akk-x-neoass:tap-ru-us=parāsu[cut (off)//decide]V'V$taprus",
"f": {"lang": "akk-x-neoass",
"form": "tap-ru-us",
"cf": "parāsu",
"gw": "cut (off)",
"sense": "decide",
"norm": "taprus",
"pos": "V",
"epos": "V"}
}
,
{
"node": "d",
"type": "line-start",
"ref": "P334614.27",
"n": "9",
"label": "r 9"}
,
{
"node": "l",
"frag": "a-na-ku-u₂",
"id": "P334614.l05768",
"ref": "P334614.27.1",
"inst": "+anāku[I]IP$anākû",
"sig": "@saao/saa10%akk-x-neoass:a-na-ku-u₂=anāku[I//I]IP'IP$anākû",
"f": {"lang": "akk-x-neoass",
"form": "a-na-ku-u₂",
"cf": "anāku",
"gw": "I",
"sense": "I",
"norm": "anākû",
"pos": "IP",
"epos": "IP"}
}
,
{
"node": "l",
"frag": "[x",
"id": "P334614.l05769",
"ref": "P334614.27.2",
"inst": "u",
"f": {"lang": "akk-x-neoass",
"form": "x",
"pos": "u"}
}
,
{
"node": "l",
"frag": "x]",
"id": "P334614.l0576a",
"ref": "P334614.27.3",
"inst": "u",
"f": {"lang": "akk-x-neoass",
"form": "x",
"pos": "u"}
}
,
{
"node": "d",
"type": "line-start",
"ref": "P334614.28",
"n": "10",
"label": "r 10"}
,
{
"node": "l",
"frag": "a-na",
"id": "P334614.l0576b",
"ref": "P334614.28.1",
"inst": "ana[to]PRP",
"sig": "@saao/saa10%akk-x-neoass:a-na=ana[to//to]PRP'PRP$ana",
"f": {"lang": "akk-x-neoass",
"form": "a-na",
"cf": "ana",
"gw": "to",
"sense": "to",
"norm": "ana",
"pos": "PRP",
"epos": "PRP"}
}
,
{
"node": "l",
"frag": "ma-a-⸢x⸣+[x",
"id": "P334614.l0576c",
"ref": "P334614.28.2",
"inst": "u",
"f": {"lang": "akk-x-neoass",
"form": "ma-a-x+x",
"pos": "u"}
}
,
{
"node": "l",
"frag": "x]",
"id": "P334614.l0576d",
"ref": "P334614.28.3",
"inst": "u",
"f": {"lang": "akk-x-neoass",
"form": "x",
"pos": "u"}
}
,
{
"node": "d",
"type": "line-start",
"ref": "P334614.29",
"n": "11",
"label": "r 11"}
,
{
"node": "l",
"frag": "{lu₂v}DUB.[SAR-MEŠ]",
"id": "P334614.l0576e",
"ref": "P334614.29.1",
"inst": "ṭupšarrī[scribe]N",
"sig": "@saao/saa10%akk-x-neoass:{LU₂}DUB.SAR-MEŠ=ṭupšarru[scribe//scribe]N'N$ṭupšarrī",
"f": {"lang": "akk-x-neoass",
"form": "{LU₂}DUB.SAR-MEŠ",
"cf": "ṭupšarru",
"gw": "scribe",
"sense": "scribe",
"norm": "ṭupšarrī",
"pos": "N",
"epos": "N"}
}
,
{
"node": "d",
"type": "line-start",
"ref": "P334614.30",
"n": "12",
"label": "r 12"}
,
{
"node": "l",
"frag": "LUGAL",
"id": "P334614.l0576f",
"ref": "P334614.30.1",
"inst": "šarru[king]N",
"sig": "@saao/saa10%akk-x-neoass:LUGAL=šarru[king//king]N'N$šarru",
"f": {"lang": "akk-x-neoass",
"form": "LUGAL",
"cf": "šarru",
"gw": "king",
"sense": "king",
"norm": "šarru",
"pos": "N",
"epos": "N"}
}
,
{
"node": "l",
"frag": "⸢li⸣-[iš-al]",
"id": "P334614.l05770",
"ref": "P334614.30.2",
"inst": "lišʾal[ask]V",
"sig": "@saao/saa10%akk-x-neoass:li-iš-al=šâlu[ask//ask]V'V$lišʾal",
"f": {"lang": "akk-x-neoass",
"form": "li-iš-al",
"cf": "šâlu",
"gw": "ask",
"sense": "ask",
"norm": "lišʾal",
"pos": "V",
"epos": "V"}
}
,
{
"node": "d",
"type": "line-start",
"ref": "P334614.31",
"n": "13",
"label": "r 13"}
,
{
"node": "l",
"frag": "UD-MEŠ",
"id": "P334614.l05771",
"ref": "P334614.31.1",
"inst": "ūmāti[day]N",
"sig": "@saao/saa10%akk-x-neoass:UD-MEŠ=ūmu[day//day]N'N$ūmāti",
"f": {"lang": "akk-x-neoass",
"form": "UD-MEŠ",
"cf": "ūmu",
"gw": "day",
"sense": "day",
"norm": "ūmāti",
"pos": "N",
"epos": "N"}
}
,
{
"node": "l",
"frag": "⸢x⸣+[x",
"id": "P334614.l05772",
"ref": "P334614.31.2",
"inst": "u",
"f": {"lang": "akk-x-neoass",
"form": "x+x",
"pos": "u"}
}
,
{
"node": "l",
"frag": "x",
"id": "P334614.l05773",
"ref": "P334614.31.3",
"inst": "u",
"f": {"lang": "akk-x-neoass",
"form": "x",
"pos": "u"}
}
,
{
"node": "l",
"frag": "x]",
"id": "P334614.l05774",
"ref": "P334614.31.4",
"inst": "u",
"f": {"lang": "akk-x-neoass",
"form": "x",
"pos": "u"}
}
,
{
"node": "d",
"type": "line-start",
"ref": "P334614.32",
"n": "14",
"label": "r 14"}
,
{
"node": "l",
"frag": "ina",
"id": "P334614.l05775",
"ref": "P334614.32.1",
"inst": "ina[in]PRP",
"sig": "@saao/saa10%akk-x-neoass:ina=ina[in//from]PRP'PRP$ina",
"f": {"lang": "akk-x-neoass",
"form": "ina",
"cf": "ina",
"gw": "in",
"sense": "from",
"norm": "ina",
"pos": "PRP",
"epos": "PRP"}
}
,
{
"node": "l",
"frag": "pa-[x",
"id": "P334614.l05776",
"ref": "P334614.32.2",
"inst": "u",
"f": {"lang": "akk-x-neoass",
"form": "pa-x",
"pos": "u"}
}
,
{
"node": "l",
"frag": "x",
"id": "P334614.l05777",
"ref": "P334614.32.3",
"inst": "u",
"f": {"lang": "akk-x-neoass",
"form": "x",
"pos": "u"}
}
,
{
"node": "l",
"frag": "x",
"id": "P334614.l05778",
"ref": "P334614.32.4",
"inst": "u",
"f": {"lang": "akk-x-neoass",
"form": "x",
"pos": "u"}
}
,
{
"node": "l",
"frag": "x]",
"id": "P334614.l05779",
"ref": "P334614.32.5",
"inst": "u",
"f": {"lang": "akk-x-neoass",
"form": "x",
"pos": "u"}
}
,
{
"node": "d",
"subtype": "right",
"type": "surface",
"ref": "P334614.r.e..33",
"type": "right",
"label": "r.e."}
,
{
"node": "d",
"type": "line-start",
"ref": "P334614.34",
"n": "15",
"label": "r.e. 15"}
,
{
"node": "l",
"frag": "a-na",
"id": "P334614.l0577a",
"ref": "P334614.34.1",
"inst": "ana[to]PRP",
"sig": "@saao/saa10%akk-x-neoass:a-na=ana[to//to]PRP'PRP$ana",
"f": {"lang": "akk-x-neoass",
"form": "a-na",
"cf": "ana",
"gw": "to",
"sense": "to",
"norm": "ana",
"pos": "PRP",
"epos": "PRP"}
}
,
{
"node": "l",
"frag": "še",
"id": "P334614.l0577b",
"ref": "P334614.34.2",
"inst": "u",
"f": {"lang": "akk-x-neoass",
"form": "še",
"pos": "u"}
}
,
{
"node": "l",
"frag": "[x",
"id": "P334614.l0577c",
"ref": "P334614.34.3",
"inst": "u",
"f": {"lang": "akk-x-neoass",
"form": "x",
"pos": "u"}
}
,
{
"node": "l",
"frag": "x",
"id": "P334614.l0577d",
"ref": "P334614.34.4",
"inst": "u",
"f": {"lang": "akk-x-neoass",
"form": "x",
"pos": "u"}
}
,
{
"node": "l",
"frag": "x]",
"id": "P334614.l0577e",
"ref": "P334614.34.5",
"inst": "u",
"f": {"lang": "akk-x-neoass",
"form": "x",
"pos": "u"}
}
]}
]}
]}
]}
