{
"type": "cdl",
  "source": "http://oracc.org/saao/saa10",
  "license": "This data is released under the CC0 license",
  "license-url": "https://creativecommons.org/publicdomain/zero/1.0/",
  "more-info": "http://oracc.org/doc/opendata/",
  "UTC-timestamp": "2017-05-19T11:42:34",
"project": "saao/saa10",
"textid": "P334004",
"cdl": [
{
"node": "c",
"type": "text",
"id": "P334004.U0",
"cdl": [
{
"node": "d",
"type": "object",
"ref": ""}
,
{
"node": "d",
"subtype": "obverse",
"type": "surface",
"ref": "P334004.o.1",
"type": "obverse",
"label": "o"}
,
{
"node": "c",
"type": "discourse",
"subtype": "body",
"id": "P334004.U1",
"cdl": [
{
"node": "c",
"type": "sentence",
"id": "P334004.U2",
"label": "o 1 - r 10",
"cdl": [
{
"node": "d",
"type": "line-start",
"ref": "P334004.2",
"n": "1",
"label": "o 1"}
,
{
"node": "l",
"frag": "a-na",
"id": "P334004.l06c54",
"ref": "P334004.2.1",
"inst": "ana[to]PRP",
"sig": "@saao/saa10%akk-x-neoass:a-na=ana[to//to]PRP'PRP$ana",
"f": {"lang": "akk-x-neoass",
"form": "a-na",
"cf": "ana",
"gw": "to",
"sense": "to",
"norm": "ana",
"pos": "PRP",
"epos": "PRP"}
}
,
{
"node": "l",
"frag": "LUGAL",
"id": "P334004.l06c55",
"ref": "P334004.2.2",
"inst": "šarri[king]N",
"sig": "@saao/saa10%akk-x-neoass:LUGAL=šarru[king//king]N'N$šarri",
"f": {"lang": "akk-x-neoass",
"form": "LUGAL",
"cf": "šarru",
"gw": "king",
"sense": "king",
"norm": "šarri",
"pos": "N",
"epos": "N"}
}
,
{
"node": "l",
"frag": "be-li₂-ia",
"id": "P334004.l06c56",
"ref": "P334004.2.3",
"inst": "bēlīya[lord]N",
"sig": "@saao/saa10%akk-x-neoass:be-li₂-ia=bēlu[lord//lord]N'N$bēlīya",
"f": {"lang": "akk-x-neoass",
"form": "be-li₂-ia",
"cf": "bēlu",
"gw": "lord",
"sense": "lord",
"norm": "bēlīya",
"pos": "N",
"epos": "N"}
}
,
{
"node": "d",
"type": "line-start",
"ref": "P334004.3",
"n": "2",
"label": "o 2"}
,
{
"node": "l",
"frag": "ARAD-ka",
"id": "P334004.l06c57",
"ref": "P334004.3.1",
"inst": "urdaka[servant]N",
"sig": "@saao/saa10%akk-x-neoass:ARAD-ka=ardu[slave//servant]N'N$urdaka",
"f": {"lang": "akk-x-neoass",
"form": "ARAD-ka",
"cf": "ardu",
"gw": "slave",
"sense": "servant",
"norm": "urdaka",
"pos": "N",
"epos": "N"}
}
,
{
"node": "l",
"frag": "{1}{d}PA-SUM-MU",
"id": "P334004.l06c58",
"ref": "P334004.3.2",
"inst": "Nabu-nadin-šumi[1]PN",
"sig": "@saao/saa10%akk-x-neoass:{1}{d}PA-SUM-MU=Nabu-nadin-šumi[1//1]PN'PN$Nabu-nadin-šumi",
"f": {"lang": "akk-x-neoass",
"form": "{1}{d}PA-SUM-MU",
"cf": "Nabu-nadin-šumi",
"gw": "1",
"sense": "1",
"norm": "Nabu-nadin-šumi",
"pos": "PN",
"epos": "PN"}
}
,
{
"node": "d",
"type": "line-start",
"ref": "P334004.4",
"n": "3",
"label": "o 3"}
,
{
"node": "l",
"frag": "lu-u",
"id": "P334004.l06c59",
"ref": "P334004.4.1",
"inst": "lū[may]MOD",
"sig": "@saao/saa10%akk-x-neoass:lu-u=lū[may//may]MOD'MOD$lū",
"f": {"lang": "akk-x-neoass",
"form": "lu-u",
"cf": "lū",
"gw": "may",
"sense": "may",
"norm": "lū",
"pos": "MOD",
"epos": "MOD"}
}
,
{
"node": "l",
"frag": "DI-mu",
"id": "P334004.l06c5a",
"ref": "P334004.4.2",
"inst": "šulmu[health]N",
"sig": "@saao/saa10%akk-x-neoass:DI-mu=šulmu[completeness//health]N'N$šulmu",
"f": {"lang": "akk-x-neoass",
"form": "DI-mu",
"cf": "šulmu",
"gw": "completeness",
"sense": "health",
"norm": "šulmu",
"pos": "N",
"epos": "N"}
}
,
{
"node": "l",
"frag": "a-na",
"id": "P334004.l06c5b",
"ref": "P334004.4.3",
"inst": "ana[to]PRP",
"sig": "@saao/saa10%akk-x-neoass:a-na=ana[to//to]PRP'PRP$ana",
"f": {"lang": "akk-x-neoass",
"form": "a-na",
"cf": "ana",
"gw": "to",
"sense": "to",
"norm": "ana",
"pos": "PRP",
"epos": "PRP"}
}
,
{
"node": "l",
"frag": "LUGAL",
"id": "P334004.l06c5c",
"ref": "P334004.4.4",
"inst": "šarri[king]N",
"sig": "@saao/saa10%akk-x-neoass:LUGAL=šarru[king//king]N'N$šarri",
"f": {"lang": "akk-x-neoass",
"form": "LUGAL",
"cf": "šarru",
"gw": "king",
"sense": "king",
"norm": "šarri",
"pos": "N",
"epos": "N"}
}
,
{
"node": "l",
"frag": "be-li₂-ia₂",
"id": "P334004.l06c5d",
"ref": "P334004.4.5",
"inst": "bēlīya[lord]N",
"sig": "@saao/saa10%akk-x-neoass:be-li₂-ia₂=bēlu[lord//lord]N'N$bēlīya",
"f": {"lang": "akk-x-neoass",
"form": "be-li₂-ia₂",
"cf": "bēlu",
"gw": "lord",
"sense": "lord",
"norm": "bēlīya",
"pos": "N",
"epos": "N"}
}
,
{
"node": "d",
"type": "line-start",
"ref": "P334004.5",
"n": "4",
"label": "o 4"}
,
{
"node": "l",
"frag": "{d}PA",
"id": "P334004.l06c5e",
"ref": "P334004.5.1",
"inst": "Nabu[1]DN",
"sig": "@saao/saa10%akk-x-neoass:{d}PA=Nabu[1//1]DN'DN$Nabu",
"f": {"lang": "akk-x-neoass",
"form": "{d}PA",
"cf": "Nabu",
"gw": "1",
"sense": "1",
"norm": "Nabu",
"pos": "DN",
"epos": "DN"}
}
,
{
"node": "l",
"frag": "{d}AMAR.UTU",
"id": "P334004.l06c5f",
"ref": "P334004.5.2",
"inst": "Marduk[1]DN",
"sig": "@saao/saa10%akk-x-neoass:{d}AMAR.UTU=Marduk[1//1]DN'DN$Marduk",
"f": {"lang": "akk-x-neoass",
"form": "{d}AMAR.UTU",
"cf": "Marduk",
"gw": "1",
"sense": "1",
"norm": "Marduk",
"pos": "DN",
"epos": "DN"}
}
,
{
"node": "l",
"frag": "a-na",
"id": "P334004.l06c60",
"ref": "P334004.5.3",
"inst": "ana[to]PRP",
"sig": "@saao/saa10%akk-x-neoass:a-na=ana[to//to]PRP'PRP$ana",
"f": {"lang": "akk-x-neoass",
"form": "a-na",
"cf": "ana",
"gw": "to",
"sense": "to",
"norm": "ana",
"pos": "PRP",
"epos": "PRP"}
}
,
{
"node": "l",
"frag": "LUGAL",
"id": "P334004.l06c61",
"ref": "P334004.5.4",
"inst": "šarri[king]N",
"sig": "@saao/saa10%akk-x-neoass:LUGAL=šarru[king//king]N'N$šarri",
"f": {"lang": "akk-x-neoass",
"form": "LUGAL",
"cf": "šarru",
"gw": "king",
"sense": "king",
"norm": "šarri",
"pos": "N",
"epos": "N"}
}
,
{
"node": "d",
"type": "line-start",
"ref": "P334004.6",
"n": "5",
"label": "o 5"}
,
{
"node": "l",
"frag": "be-li₂-ia",
"id": "P334004.l06c62",
"ref": "P334004.6.1",
"inst": "bēlīya[lord]N",
"sig": "@saao/saa10%akk-x-neoass:be-li₂-ia=bēlu[lord//lord]N'N$bēlīya",
"f": {"lang": "akk-x-neoass",
"form": "be-li₂-ia",
"cf": "bēlu",
"gw": "lord",
"sense": "lord",
"norm": "bēlīya",
"pos": "N",
"epos": "N"}
}
,
{
"node": "l",
"frag": "lik-ru-bu",
"id": "P334004.l06c63",
"ref": "P334004.6.2",
"inst": "likrubu[bless]V",
"sig": "@saao/saa10%akk-x-neoass:lik-ru-bu=karābu[pray//bless]V'V$likrubu",
"f": {"lang": "akk-x-neoass",
"form": "lik-ru-bu",
"cf": "karābu",
"gw": "pray",
"sense": "bless",
"norm": "likrubu",
"pos": "V",
"epos": "V"}
}
,
{
"node": "d",
"type": "line-start",
"ref": "P334004.7",
"n": "6",
"label": "o 6"}
,
{
"node": "l",
"frag": "ina",
"id": "P334004.l06c64",
"ref": "P334004.7.1",
"inst": "ina[in]PRP",
"sig": "@saao/saa10%akk-x-neoass:ina=ina[in//in]PRP'PRP$ina",
"f": {"lang": "akk-x-neoass",
"form": "ina",
"cf": "ina",
"gw": "in",
"sense": "in",
"norm": "ina",
"pos": "PRP",
"epos": "PRP"}
}
,
{
"node": "l",
"frag": "UGU",
"id": "P334004.l06c65",
"ref": "P334004.7.2",
"inst": "muhhi[skull]N",
"sig": "@saao/saa10%akk-x-neoass:UGU=muhhu[skull//skull]N'N$muhhi",
"f": {"lang": "akk-x-neoass",
"form": "UGU",
"cf": "muhhu",
"gw": "skull",
"sense": "skull",
"norm": "muhhi",
"pos": "N",
"epos": "N"}
}
,
{
"node": "l",
"frag": "tak-pi-ir-ti",
"id": "P334004.l06c66",
"ref": "P334004.7.3",
"inst": "+takpertu[purification (ceremony)]N$takpirti",
"sig": "@saao/saa10%akk-x-neoass:tak-pi-ir-ti=takpertu[purification (ceremony)//purification (ceremony)]N'N$takpirti",
"f": {"lang": "akk-x-neoass",
"form": "tak-pi-ir-ti",
"cf": "takpertu",
"gw": "purification (ceremony)",
"sense": "purification (ceremony)",
"norm": "takpirti",
"pos": "N",
"epos": "N"}
}
,
{
"node": "d",
"type": "line-start",
"ref": "P334004.8",
"n": "7",
"label": "o 7"}
,
{
"node": "l",
"frag": "ša",
"id": "P334004.l06c67",
"ref": "P334004.8.1",
"inst": "ša[which]REL",
"sig": "@saao/saa10%akk-x-neoass:ša=ša[that//which]REL'REL$ša",
"f": {"lang": "akk-x-neoass",
"form": "ša",
"cf": "ša",
"gw": "that",
"sense": "which",
"norm": "ša",
"pos": "REL",
"epos": "REL"}
}
,
{
"node": "l",
"frag": "ṭe₃-e-mu",
"id": "P334004.l06c68",
"ref": "P334004.8.2",
"inst": "ṭēmu[order]N",
"sig": "@saao/saa10%akk-x-neoass:ṭe₃-e-mu=ṭēmu[(fore)thought//order]N'N$ṭēmu",
"f": {"lang": "akk-x-neoass",
"form": "ṭe₃-e-mu",
"cf": "ṭēmu",
"gw": "(fore)thought",
"sense": "order",
"norm": "ṭēmu",
"pos": "N",
"epos": "N"}
}
,
{
"node": "l",
"frag": "šak-na-ku-ni",
"id": "P334004.l06c69",
"ref": "P334004.8.3",
"inst": "+šaknu[placed]AJ$šaknakūni",
"sig": "@saao/saa10%akk-x-neoass:šak-na-ku-ni=šaknu[placed//placed]AJ'AJ$šaknakūni",
"f": {"lang": "akk-x-neoass",
"form": "šak-na-ku-ni",
"cf": "šaknu",
"gw": "placed",
"sense": "placed",
"norm": "šaknakūni",
"pos": "AJ",
"epos": "AJ"}
}
,
{
"node": "d",
"type": "line-start",
"ref": "P334004.9",
"n": "8",
"label": "o 8"}
,
{
"node": "l",
"frag": "at-ta-lak",
"id": "P334004.l06c6a",
"ref": "P334004.9.1",
"inst": "attalak[go]V",
"sig": "@saao/saa10%akk-x-neoass:at-ta-lak=alāku[go//go]V'V$attalak",
"f": {"lang": "akk-x-neoass",
"form": "at-ta-lak",
"cf": "alāku",
"gw": "go",
"sense": "go",
"norm": "attalak",
"pos": "V",
"epos": "V"}
}
,
{
"node": "l",
"frag": "tak-pi-ir-tu",
"id": "P334004.l06c6b",
"ref": "P334004.9.2",
"inst": "+takpertu[purification (ceremony)]N$takpirtu",
"sig": "@saao/saa10%akk-x-neoass:tak-pi-ir-tu=takpertu[purification (ceremony)//purification (ceremony)]N'N$takpirtu",
"f": {"lang": "akk-x-neoass",
"form": "tak-pi-ir-tu",
"cf": "takpertu",
"gw": "purification (ceremony)",
"sense": "purification (ceremony)",
"norm": "takpirtu",
"pos": "N",
"epos": "N"}
}
,
{
"node": "d",
"type": "line-start",
"ref": "P334004.10",
"n": "9",
"label": "o 9"}
,
{
"node": "l",
"frag": "da-at-⸢tu",
"id": "P334004.l06c6c",
"ref": "P334004.10.1",
"inst": "+dannu[strong//effective]AJ'AJ$dattu",
"sig": "@saao/saa10%akk-x-neoass:da-at-tu=dannu[strong//effective]AJ'AJ$dattu",
"f": {"lang": "akk-x-neoass",
"form": "da-at-tu",
"cf": "dannu",
"gw": "strong",
"sense": "effective",
"norm": "dattu",
"pos": "AJ",
"epos": "AJ"}
}
,
{
"node": "l",
"frag": "u₂⸣-sa-aṣ-bit",
"id": "P334004.l06c6d",
"ref": "P334004.10.2",
"inst": "ussaṣbit[provide]V",
"sig": "@saao/saa10%akk-x-neoass:u₂-sa-aṣ-bit=ṣabātu[seize//provide]V'V$ussaṣbit",
"f": {"lang": "akk-x-neoass",
"form": "u₂-sa-aṣ-bit",
"cf": "ṣabātu",
"gw": "seize",
"sense": "provide",
"norm": "ussaṣbit",
"pos": "V",
"epos": "V"}
}
,
{
"node": "d",
"type": "line-start",
"ref": "P334004.11",
"n": "10",
"label": "o 10"}
,
{
"node": "l",
"frag": "TA@v",
"id": "P334004.l06c6e",
"ref": "P334004.11.1",
"inst": "issu[from]PRP",
"sig": "@saao/saa10%akk-x-neoass:TA@v=ištu[from//from]PRP'PRP$issu",
"f": {"lang": "akk-x-neoass",
"form": "TA@v",
"cf": "ištu",
"gw": "from",
"sense": "from",
"norm": "issu",
"pos": "PRP",
"epos": "PRP"}
}
,
{
"node": "l",
"frag": "{uru}ni-nu-a",
"id": "P334004.l06c6f",
"ref": "P334004.11.2",
"inst": "Ninua[Nineveh]GN",
"sig": "@saao/saa10%akk-x-neoass:{URU}ni-nu-a=Ninua[Nineveh//Nineveh]GN'GN$Ninua",
"f": {"lang": "akk-x-neoass",
"form": "{URU}ni-nu-a",
"cf": "Ninua",
"gw": "Nineveh",
"sense": "Nineveh",
"norm": "Ninua",
"pos": "GN",
"epos": "GN"}
}
,
{
"node": "d",
"type": "line-start",
"ref": "P334004.12",
"n": "11",
"label": "o 11"}
,
{
"node": "l",
"frag": "hu-lu",
"id": "P334004.l06c70",
"ref": "P334004.12.1",
"inst": "+hūlu[way//road]N'N$",
"sig": "@saao/saa10%akk-x-neoass:hu-lu=hūlu[way//road]N'N$hūlu",
"f": {"lang": "akk-x-neoass",
"form": "hu-lu",
"cf": "hūlu",
"gw": "way",
"sense": "road",
"norm": "hūlu",
"pos": "N",
"epos": "N"}
}
,
{
"node": "l",
"frag": "ša",
"id": "P334004.l06c71",
"ref": "P334004.12.2",
"inst": "ša[of]DET",
"sig": "@saao/saa10%akk-x-neoass:ša=ša[of//of]DET'DET$ša",
"f": {"lang": "akk-x-neoass",
"form": "ša",
"cf": "ša",
"gw": "of",
"sense": "of",
"norm": "ša",
"pos": "DET",
"epos": "DET"}
}
,
{
"node": "l",
"frag": "{uru}zi-ik-⸢ku⸣-u",
"id": "P334004.l06c72",
"ref": "P334004.12.3",
"inst": "+Zikku[]GN$",
"sig": "@saao/saa10%akk-x-neoass:{URU}zi-ik-ku-u=Zikku[1//1]GN'GN$Zikku",
"f": {"lang": "akk-x-neoass",
"form": "{URU}zi-ik-ku-u",
"cf": "Zikku",
"gw": "1",
"sense": "1",
"norm": "Zikku",
"pos": "GN",
"epos": "GN"}
}
,
{
"node": "d",
"type": "line-start",
"ref": "P334004.13",
"n": "12",
"label": "o 12"}
,
{
"node": "l",
"frag": "uk-te-le",
"id": "P334004.l06c73",
"ref": "P334004.13.1",
"inst": "+kullu[hold//take]V'V$uktēle",
"sig": "@saao/saa10%akk-x-neoass:uk-te-le=kullu[hold//take]V'V$uktēle",
"f": {"lang": "akk-x-neoass",
"form": "uk-te-le",
"cf": "kullu",
"gw": "hold",
"sense": "take",
"norm": "uktēle",
"pos": "V",
"epos": "V"}
}
,
{
"node": "d",
"subtype": "reverse",
"type": "surface",
"ref": "P334004.r.14",
"type": "reverse",
"label": "r"}
,
{
"node": "d",
"type": "line-start",
"ref": "P334004.15",
"n": "1",
"label": "r 1"}
,
{
"node": "l",
"frag": "a-du",
"id": "P334004.l06c74",
"ref": "P334004.15.1",
"inst": "adu[as far as]PRP",
"sig": "@saao/saa10%akk-x-neoass:a-du=adi[until//as far as]PRP'PRP$adu",
"f": {"lang": "akk-x-neoass",
"form": "a-du",
"cf": "adi",
"gw": "until",
"sense": "as far as",
"norm": "adu",
"pos": "PRP",
"epos": "PRP"}
}
,
{
"node": "l",
"frag": "{uru}sa-si-qa-⸢ni⸣",
"id": "P334004.l06c75",
"ref": "P334004.15.2",
"inst": "+Sasiqani[]GN$",
"sig": "@saao/saa10%akk-x-neoass:{URU}sa-si-qa-ni=Sasiqani[1//1]GN'GN$Sasiqani",
"f": {"lang": "akk-x-neoass",
"form": "{URU}sa-si-qa-ni",
"cf": "Sasiqani",
"gw": "1",
"sense": "1",
"norm": "Sasiqani",
"pos": "GN",
"epos": "GN"}
}
,
{
"node": "d",
"type": "line-start",
"ref": "P334004.16",
"n": "2",
"label": "r 2"}
,
{
"node": "l",
"frag": "at-ta-lak",
"id": "P334004.l06c76",
"ref": "P334004.16.1",
"inst": "attalak[go]V",
"sig": "@saao/saa10%akk-x-neoass:at-ta-lak=alāku[go//go]V'V$attalak",
"f": {"lang": "akk-x-neoass",
"form": "at-ta-lak",
"cf": "alāku",
"gw": "go",
"sense": "go",
"norm": "attalak",
"pos": "V",
"epos": "V"}
}
,
{
"node": "l",
"frag": "ṭe₃-e-mu",
"id": "P334004.l06c77",
"ref": "P334004.16.2",
"inst": "ṭēmu[order]N",
"sig": "@saao/saa10%akk-x-neoass:ṭe₃-e-mu=ṭēmu[(fore)thought//order]N'N$ṭēmu",
"f": {"lang": "akk-x-neoass",
"form": "ṭe₃-e-mu",
"cf": "ṭēmu",
"gw": "(fore)thought",
"sense": "order",
"norm": "ṭēmu",
"pos": "N",
"epos": "N"}
}
,
{
"node": "d",
"type": "line-start",
"ref": "P334004.17",
"n": "3",
"label": "r 3"}
,
{
"node": "l",
"frag": "a-na",
"id": "P334004.l06c78",
"ref": "P334004.17.1",
"inst": "ana[to]PRP",
"sig": "@saao/saa10%akk-x-neoass:a-na=ana[to//to]PRP'PRP$ana",
"f": {"lang": "akk-x-neoass",
"form": "a-na",
"cf": "ana",
"gw": "to",
"sense": "to",
"norm": "ana",
"pos": "PRP",
"epos": "PRP"}
}
,
{
"node": "l",
"frag": "{lu₂}da-a.a-li",
"id": "P334004.l06c79",
"ref": "P334004.17.2",
"inst": "+dayyālu[scout]N$dayāli",
"sig": "@saao/saa10%akk-x-neoass:{LU₂}da-a.a-li=dayyālu[scout//scout]N'N$dayāli",
"f": {"lang": "akk-x-neoass",
"form": "{LU₂}da-a.a-li",
"cf": "dayyālu",
"gw": "scout",
"sense": "scout",
"norm": "dayāli",
"pos": "N",
"epos": "N"}
}
,
{
"node": "d",
"type": "line-start",
"ref": "P334004.18",
"n": "4",
"label": "r 4"}
,
{
"node": "l",
"frag": "ša",
"id": "P334004.l06c7a",
"ref": "P334004.18.1",
"inst": "ša[who]REL",
"sig": "@saao/saa10%akk-x-neoass:ša=ša[that//who]REL'REL$ša",
"f": {"lang": "akk-x-neoass",
"form": "ša",
"cf": "ša",
"gw": "that",
"sense": "who",
"norm": "ša",
"pos": "REL",
"epos": "REL"}
}
,
{
"node": "l",
"frag": "TA@v",
"id": "P334004.l06c7b",
"ref": "P334004.18.2",
"inst": "issu[from]PRP",
"sig": "@saao/saa10%akk-x-neoass:TA@v=ištu[from//from]PRP'PRP$issu",
"f": {"lang": "akk-x-neoass",
"form": "TA@v",
"cf": "ištu",
"gw": "from",
"sense": "from",
"norm": "issu",
"pos": "PRP",
"epos": "PRP"}
}
,
{
"node": "l",
"frag": "{uru}NINA{ki}",
"id": "P334004.l06c7c",
"ref": "P334004.18.3",
"inst": "Ninua[Nineveh]GN",
"sig": "@saao/saa10%akk-x-neoass:{URU}NINA{KI}=Ninua[Nineveh//Nineveh]GN'GN$Ninua",
"f": {"lang": "akk-x-neoass",
"form": "{URU}NINA{KI}",
"cf": "Ninua",
"gw": "Nineveh",
"sense": "Nineveh",
"norm": "Ninua",
"pos": "GN",
"epos": "GN"}
}
,
{
"node": "d",
"type": "line-start",
"ref": "P334004.19",
"n": "5",
"label": "r 5"}
,
{
"node": "l",
"frag": "is-se-ia",
"id": "P334004.l06c7d",
"ref": "P334004.19.1",
"inst": "+išti[with]PRP$issēya",
"sig": "@saao/saa10%akk-x-neoass:is-se-ia=išti[with//with]PRP'PRP$issēya",
"f": {"lang": "akk-x-neoass",
"form": "is-se-ia",
"cf": "išti",
"gw": "with",
"sense": "with",
"norm": "issēya",
"pos": "PRP",
"epos": "PRP"}
}
,
{
"node": "l",
"frag": "u₂-ṣa-an-ni",
"id": "P334004.l06c7e",
"ref": "P334004.19.2",
"inst": "+aṣû[go out//come out]V'V$ūṣanni",
"sig": "@saao/saa10%akk-x-neoass:u₂-ṣa-an-ni=aṣû[go out//come out]V'V$ūṣanni",
"f": {"lang": "akk-x-neoass",
"form": "u₂-ṣa-an-ni",
"cf": "aṣû",
"gw": "go out",
"sense": "come out",
"norm": "ūṣanni",
"pos": "V",
"epos": "V"}
}
,
{
"node": "d",
"type": "line-start",
"ref": "P334004.20",
"n": "6",
"label": "r 6"}
,
{
"node": "l",
"frag": "u₃",
"id": "P334004.l06c7f",
"ref": "P334004.20.1",
"inst": "u[and]CNJ",
"sig": "@saao/saa10%akk-x-neoass:u₃=u[and//and]CNJ'CNJ$u",
"f": {"lang": "akk-x-neoass",
"form": "u₃",
"cf": "u",
"gw": "and",
"sense": "and",
"norm": "u",
"pos": "CNJ",
"epos": "CNJ"}
}
,
{
"node": "l",
"frag": "a-na",
"id": "P334004.l06c80",
"ref": "P334004.20.2",
"inst": "ana[to]PRP",
"sig": "@saao/saa10%akk-x-neoass:a-na=ana[to//to]PRP'PRP$ana",
"f": {"lang": "akk-x-neoass",
"form": "a-na",
"cf": "ana",
"gw": "to",
"sense": "to",
"norm": "ana",
"pos": "PRP",
"epos": "PRP"}
}
,
{
"node": "l",
"frag": "{lu₂}da-a.a-li",
"id": "P334004.l06c81",
"ref": "P334004.20.3",
"inst": "+dayyālu[scout]N$dayāli",
"sig": "@saao/saa10%akk-x-neoass:{LU₂}da-a.a-li=dayyālu[scout//scout]N'N$dayāli",
"f": {"lang": "akk-x-neoass",
"form": "{LU₂}da-a.a-li",
"cf": "dayyālu",
"gw": "scout",
"sense": "scout",
"norm": "dayāli",
"pos": "N",
"epos": "N"}
}
,
{
"node": "d",
"type": "line-start",
"ref": "P334004.21",
"n": "7",
"label": "r 7"}
,
{
"node": "l",
"frag": "ša",
"id": "P334004.l06c82",
"ref": "P334004.21.1",
"inst": "ša[of]DET",
"sig": "@saao/saa10%akk-x-neoass:ša=ša[of//of]DET'DET$ša",
"f": {"lang": "akk-x-neoass",
"form": "ša",
"cf": "ša",
"gw": "of",
"sense": "of",
"norm": "ša",
"pos": "DET",
"epos": "DET"}
}
,
{
"node": "l",
"frag": "{uru}kal-ha",
"id": "P334004.l06c83",
"ref": "P334004.21.2",
"inst": "Kalha[1]GN",
"sig": "@saao/saa10%akk-x-neoass:{URU}kal-ha=Kalhu[1//1]GN'GN$Kalha",
"f": {"lang": "akk-x-neoass",
"form": "{URU}kal-ha",
"cf": "Kalhu",
"gw": "1",
"sense": "1",
"norm": "Kalha",
"pos": "GN",
"epos": "GN"}
}
,
{
"node": "l",
"frag": "a-sa-kan-šu₂-nu",
"id": "P334004.l06c84",
"ref": "P334004.21.3",
"inst": "assakanšunu[place]V",
"sig": "@saao/saa10%akk-x-neoass:a-sa-kan-šu₂-nu=šakānu[put//place]V'V$assakanšunu",
"f": {"lang": "akk-x-neoass",
"form": "a-sa-kan-šu₂-nu",
"cf": "šakānu",
"gw": "put",
"sense": "place",
"norm": "assakanšunu",
"pos": "V",
"epos": "V"}
}
,
{
"node": "d",
"type": "line-start",
"ref": "P334004.22",
"n": "8",
"label": "r 8"}
,
{
"node": "l",
"frag": "mu-uk",
"id": "P334004.l06c85",
"ref": "P334004.22.1",
"inst": "muk[saying]PRP",
"sig": "@saao/saa10%akk-x-neoass:mu-uk=muk[saying//saying]PRP'PRP$muk",
"f": {"lang": "akk-x-neoass",
"form": "mu-uk",
"cf": "muk",
"gw": "saying",
"sense": "saying",
"norm": "muk",
"pos": "PRP",
"epos": "PRP"}
}
,
{
"node": "l",
"frag": "tu-ba-la",
"id": "P334004.l06c86",
"ref": "P334004.22.2",
"inst": "+wabālu[bring]V$tubbāla",
"sig": "@saao/saa10%akk-x-neoass:tu-ba-la=wabālu[bring//bring]V'V$tubbāla",
"f": {"lang": "akk-x-neoass",
"form": "tu-ba-la",
"cf": "wabālu",
"gw": "bring",
"sense": "bring",
"norm": "tubbāla",
"pos": "V",
"epos": "V"}
}
,
{
"node": "d",
"type": "line-start",
"ref": "P334004.23",
"n": "9",
"label": "r 9"}
,
{
"node": "l",
"frag": "ina",
"id": "P334004.l06c87",
"ref": "P334004.23.1",
"inst": "ina[in]PRP",
"sig": "@saao/saa10%akk-x-neoass:ina=ina[in//in]PRP'PRP$ina",
"f": {"lang": "akk-x-neoass",
"form": "ina",
"cf": "ina",
"gw": "in",
"sense": "in",
"norm": "ina",
"pos": "PRP",
"epos": "PRP"}
}
,
{
"node": "l",
"frag": "ŠA₃-bi",
"id": "P334004.l06c88",
"ref": "P334004.23.2",
"inst": "libbi[interior]N",
"sig": "@saao/saa10%akk-x-neoass:ŠA₃-bi=libbu[interior//interior]N'N$libbi",
"f": {"lang": "akk-x-neoass",
"form": "ŠA₃-bi",
"cf": "libbu",
"gw": "interior",
"sense": "interior",
"norm": "libbi",
"pos": "N",
"epos": "N"}
}
,
{
"node": "l",
"frag": "{uru}ka-sap-pa",
"id": "P334004.l06c89",
"ref": "P334004.23.3",
"inst": "+Kasappa[]GN$",
"sig": "@saao/saa10%akk-x-neoass:{URU}ka-sap-pa=Kasappa[1//1]GN'GN$Kasappa",
"f": {"lang": "akk-x-neoass",
"form": "{URU}ka-sap-pa",
"cf": "Kasappa",
"gw": "1",
"sense": "1",
"norm": "Kasappa",
"pos": "GN",
"epos": "GN"}
}
,
{
"node": "d",
"type": "line-start",
"ref": "P334004.24",
"n": "10",
"label": "r 10"}
,
{
"node": "l",
"frag": "tu-ša-ba-a",
"id": "P334004.l06c8a",
"ref": "P334004.24.1",
"inst": "+bâʾu[go along//move along]V'V$tušabâ",
"sig": "@saao/saa10%akk-x-neoass:tu-ša-ba-a=bâʾu[go along//move along]V'V$tušabâ",
"f": {"lang": "akk-x-neoass",
"form": "tu-ša-ba-a",
"cf": "bâʾu",
"gw": "go along",
"sense": "move along",
"norm": "tušabâ",
"pos": "V",
"epos": "V"}
}
]}
]}
]}
]}
