{
"type": "cdl",
  "source": "http://oracc.org/saao/saa10",
  "license": "This data is released under the CC0 license",
  "license-url": "https://creativecommons.org/publicdomain/zero/1.0/",
  "more-info": "http://oracc.org/doc/opendata/",
  "UTC-timestamp": "2017-05-19T11:42:53",
"project": "saao/saa10",
"textid": "P334486",
"cdl": [
{
"node": "c",
"type": "text",
"id": "P334486.U0",
"cdl": [
{
"node": "d",
"type": "object",
"ref": ""}
,
{
"node": "d",
"subtype": "obverse",
"type": "surface",
"ref": "P334486.o.1",
"type": "obverse",
"label": "o"}
,
{
"node": "c",
"type": "discourse",
"subtype": "body",
"id": "P334486.U1",
"cdl": [
{
"node": "c",
"type": "sentence",
"id": "P334486.U2",
"label": "o 1 - r 14",
"cdl": [
{
"node": "d",
"type": "line-start",
"ref": "P334486.2",
"n": "1",
"label": "o 1"}
,
{
"node": "l",
"frag": "a-na",
"id": "P334486.l0135e",
"ref": "P334486.2.1",
"inst": "ana[to]PRP",
"sig": "@saao/saa10%akk-x-neoass:a-na=ana[to//to]PRP'PRP$ana",
"f": {"lang": "akk-x-neoass",
"form": "a-na",
"cf": "ana",
"gw": "to",
"sense": "to",
"norm": "ana",
"pos": "PRP",
"epos": "PRP"}
}
,
{
"node": "l",
"frag": "LUGAL",
"id": "P334486.l0135f",
"ref": "P334486.2.2",
"inst": "šarri[king]N",
"sig": "@saao/saa10%akk-x-neoass:LUGAL=šarru[king//king]N'N$šarri",
"f": {"lang": "akk-x-neoass",
"form": "LUGAL",
"cf": "šarru",
"gw": "king",
"sense": "king",
"norm": "šarri",
"pos": "N",
"epos": "N"}
}
,
{
"node": "l",
"frag": "EN-ia",
"id": "P334486.l01360",
"ref": "P334486.2.3",
"inst": "bēlīya[lord]N",
"sig": "@saao/saa10%akk-x-neoass:EN-ia=bēlu[lord//lord]N'N$bēlīya",
"f": {"lang": "akk-x-neoass",
"form": "EN-ia",
"cf": "bēlu",
"gw": "lord",
"sense": "lord",
"norm": "bēlīya",
"pos": "N",
"epos": "N"}
}
,
{
"node": "d",
"type": "line-start",
"ref": "P334486.3",
"n": "2",
"label": "o 2"}
,
{
"node": "l",
"frag": "ARAD-ka",
"id": "P334486.l01361",
"ref": "P334486.3.1",
"inst": "urdaka[servant]N",
"sig": "@saao/saa10%akk-x-neoass:ARAD-ka=ardu[slave//servant]N'N$urdaka",
"f": {"lang": "akk-x-neoass",
"form": "ARAD-ka",
"cf": "ardu",
"gw": "slave",
"sense": "servant",
"norm": "urdaka",
"pos": "N",
"epos": "N"}
}
,
{
"node": "l",
"frag": "{1}ba-la-si-i",
"id": "P334486.l01362",
"ref": "P334486.3.2",
"inst": "Balasi[1]PN",
"sig": "@saao/saa10%akk-x-neoass:{1}ba-la-si-i=Balasi[1//1]PN'PN$Balasi",
"f": {"lang": "akk-x-neoass",
"form": "{1}ba-la-si-i",
"cf": "Balasi",
"gw": "1",
"sense": "1",
"norm": "Balasi",
"pos": "PN",
"epos": "PN"}
}
,
{
"node": "d",
"type": "line-start",
"ref": "P334486.4",
"n": "3",
"label": "o 3"}
,
{
"node": "l",
"frag": "lu-u",
"id": "P334486.l01363",
"ref": "P334486.4.1",
"inst": "lū[may]MOD",
"sig": "@saao/saa10%akk-x-neoass:lu-u=lū[may//may]MOD'MOD$lū",
"f": {"lang": "akk-x-neoass",
"form": "lu-u",
"cf": "lū",
"gw": "may",
"sense": "may",
"norm": "lū",
"pos": "MOD",
"epos": "MOD"}
}
,
{
"node": "l",
"frag": "DI-mu",
"id": "P334486.l01364",
"ref": "P334486.4.2",
"inst": "šulmu[health]N",
"sig": "@saao/saa10%akk-x-neoass:DI-mu=šulmu[completeness//health]N'N$šulmu",
"f": {"lang": "akk-x-neoass",
"form": "DI-mu",
"cf": "šulmu",
"gw": "completeness",
"sense": "health",
"norm": "šulmu",
"pos": "N",
"epos": "N"}
}
,
{
"node": "l",
"frag": "a-na",
"id": "P334486.l01365",
"ref": "P334486.4.3",
"inst": "ana[to]PRP",
"sig": "@saao/saa10%akk-x-neoass:a-na=ana[to//to]PRP'PRP$ana",
"f": {"lang": "akk-x-neoass",
"form": "a-na",
"cf": "ana",
"gw": "to",
"sense": "to",
"norm": "ana",
"pos": "PRP",
"epos": "PRP"}
}
,
{
"node": "l",
"frag": "LUGAL",
"id": "P334486.l01366",
"ref": "P334486.4.4",
"inst": "šarri[king]N",
"sig": "@saao/saa10%akk-x-neoass:LUGAL=šarru[king//king]N'N$šarri",
"f": {"lang": "akk-x-neoass",
"form": "LUGAL",
"cf": "šarru",
"gw": "king",
"sense": "king",
"norm": "šarri",
"pos": "N",
"epos": "N"}
}
,
{
"node": "l",
"frag": "EN-[ia]",
"id": "P334486.l01367",
"ref": "P334486.4.5",
"inst": "bēlīya[lord]N",
"sig": "@saao/saa10%akk-x-neoass:EN-ia=bēlu[lord//lord]N'N$bēlīya",
"f": {"lang": "akk-x-neoass",
"form": "EN-ia",
"cf": "bēlu",
"gw": "lord",
"sense": "lord",
"norm": "bēlīya",
"pos": "N",
"epos": "N"}
}
,
{
"node": "d",
"type": "line-start",
"ref": "P334486.5",
"n": "4",
"label": "o 4"}
,
{
"node": "l",
"frag": "{d}PA",
"id": "P334486.l01368",
"ref": "P334486.5.1",
"inst": "Nabu[1]DN",
"sig": "@saao/saa10%akk-x-neoass:{d}PA=Nabu[1//1]DN'DN$Nabu",
"f": {"lang": "akk-x-neoass",
"form": "{d}PA",
"cf": "Nabu",
"gw": "1",
"sense": "1",
"norm": "Nabu",
"pos": "DN",
"epos": "DN"}
}
,
{
"node": "l",
"frag": "{d}AMAR.UTU",
"id": "P334486.l01369",
"ref": "P334486.5.2",
"inst": "Marduk[1]DN",
"sig": "@saao/saa10%akk-x-neoass:{d}AMAR.UTU=Marduk[1//1]DN'DN$Marduk",
"f": {"lang": "akk-x-neoass",
"form": "{d}AMAR.UTU",
"cf": "Marduk",
"gw": "1",
"sense": "1",
"norm": "Marduk",
"pos": "DN",
"epos": "DN"}
}
,
{
"node": "l",
"frag": "a-na",
"id": "P334486.l0136a",
"ref": "P334486.5.3",
"inst": "ana[to]PRP",
"sig": "@saao/saa10%akk-x-neoass:a-na=ana[to//to]PRP'PRP$ana",
"f": {"lang": "akk-x-neoass",
"form": "a-na",
"cf": "ana",
"gw": "to",
"sense": "to",
"norm": "ana",
"pos": "PRP",
"epos": "PRP"}
}
,
{
"node": "l",
"frag": "LUGAL",
"id": "P334486.l0136b",
"ref": "P334486.5.4",
"inst": "šarri[king]N",
"sig": "@saao/saa10%akk-x-neoass:LUGAL=šarru[king//king]N'N$šarri",
"f": {"lang": "akk-x-neoass",
"form": "LUGAL",
"cf": "šarru",
"gw": "king",
"sense": "king",
"norm": "šarri",
"pos": "N",
"epos": "N"}
}
,
{
"node": "l",
"frag": "[EN-ia]",
"id": "P334486.l0136c",
"ref": "P334486.5.5",
"inst": "bēlīya[lord]N",
"sig": "@saao/saa10%akk-x-neoass:EN-ia=bēlu[lord//lord]N'N$bēlīya",
"f": {"lang": "akk-x-neoass",
"form": "EN-ia",
"cf": "bēlu",
"gw": "lord",
"sense": "lord",
"norm": "bēlīya",
"pos": "N",
"epos": "N"}
}
,
{
"node": "d",
"type": "line-start",
"ref": "P334486.6",
"n": "5",
"label": "o 5"}
,
{
"node": "l",
"frag": "lik-ru-bu",
"id": "P334486.l0136d",
"ref": "P334486.6.1",
"inst": "likrubu[bless]V",
"sig": "@saao/saa10%akk-x-neoass:lik-ru-bu=karābu[pray//bless]V'V$likrubu",
"f": {"lang": "akk-x-neoass",
"form": "lik-ru-bu",
"cf": "karābu",
"gw": "pray",
"sense": "bless",
"norm": "likrubu",
"pos": "V",
"epos": "V"}
}
,
{
"node": "l",
"frag": "ina",
"id": "P334486.l0136e",
"ref": "P334486.6.2",
"inst": "ina[in]PRP",
"sig": "@saao/saa10%akk-x-neoass:ina=ina[in//from]PRP'PRP$ina",
"f": {"lang": "akk-x-neoass",
"form": "ina",
"cf": "ina",
"gw": "in",
"sense": "from",
"norm": "ina",
"pos": "PRP",
"epos": "PRP"}
}
,
{
"node": "l",
"frag": "UGU",
"id": "P334486.l0136f",
"ref": "P334486.6.3",
"inst": "muhhi[skull]N",
"sig": "@saao/saa10%akk-x-neoass:UGU=muhhu[skull//skull]N'N$muhhi",
"f": {"lang": "akk-x-neoass",
"form": "UGU",
"cf": "muhhu",
"gw": "skull",
"sense": "skull",
"norm": "muhhi",
"pos": "N",
"epos": "N"}
}
,
{
"node": "l",
"frag": "⸢ṭup⸣-[pi]",
"id": "P334486.l01370",
"ref": "P334486.6.4",
"inst": "ṭuppi[tablet]N",
"sig": "@saao/saa10%akk-x-neoass:ṭup-pi=ṭuppu[tablet//tablet]N'N$ṭuppi",
"f": {"lang": "akk-x-neoass",
"form": "ṭup-pi",
"cf": "ṭuppu",
"gw": "tablet",
"sense": "tablet",
"norm": "ṭuppi",
"pos": "N",
"epos": "N"}
}
,
{
"node": "d",
"type": "line-start",
"ref": "P334486.7",
"n": "6",
"label": "o 6"}
,
{
"node": "l",
"frag": "ša",
"id": "P334486.l01371",
"ref": "P334486.7.1",
"inst": "ša[of]DET",
"sig": "@saao/saa10%akk-x-neoass:ša=ša[of//of]DET'DET$ša",
"f": {"lang": "akk-x-neoass",
"form": "ša",
"cf": "ša",
"gw": "of",
"sense": "of",
"norm": "ša",
"pos": "DET",
"epos": "DET"}
}
,
{
"node": "l",
"frag": "BE-iz-[bi",
"id": "P334486.l01372",
"ref": "P334486.7.2",
"inst": "Šumma-izbi[(anomaly omen series)]N",
"sig": "@saao/saa10%akk-x-neoass:BE-iz-bi=Šumma-izbu[(anomaly omen series)//(anomaly omen series)]N'N$Šumma-izbi",
"f": {"lang": "akk-x-neoass",
"form": "BE-iz-bi",
"cf": "Šumma-izbu",
"gw": "(anomaly omen series)",
"sense": "(anomaly omen series)",
"norm": "Šumma-izbi",
"pos": "N",
"epos": "N"}
}
,
{
"node": "l",
"frag": "ša]",
"id": "P334486.l01373",
"ref": "P334486.7.3",
"inst": "ša[which]REL",
"sig": "@saao/saa10%akk-x-neoass:ša=ša[that//which]REL'REL$ša",
"f": {"lang": "akk-x-neoass",
"form": "ša",
"cf": "ša",
"gw": "that",
"sense": "which",
"norm": "ša",
"pos": "REL",
"epos": "REL"}
}
,
{
"node": "l",
"frag": "⸢LUGAL",
"id": "P334486.l01374",
"ref": "P334486.7.4",
"inst": "šarru[king]N",
"sig": "@saao/saa10%akk-x-neoass:LUGAL=šarru[king//king]N'N$šarru",
"f": {"lang": "akk-x-neoass",
"form": "LUGAL",
"cf": "šarru",
"gw": "king",
"sense": "king",
"norm": "šarru",
"pos": "N",
"epos": "N"}
}
,
{
"node": "l",
"frag": "be-li₂⸣",
"id": "P334486.l01375",
"ref": "P334486.7.5",
"inst": "bēlī[lord]N",
"sig": "@saao/saa10%akk-x-neoass:be-li₂=bēlu[lord//lord]N'N$bēlī",
"f": {"lang": "akk-x-neoass",
"form": "be-li₂",
"cf": "bēlu",
"gw": "lord",
"sense": "lord",
"norm": "bēlī",
"pos": "N",
"epos": "N"}
}
,
{
"node": "d",
"type": "line-start",
"ref": "P334486.8",
"n": "7",
"label": "o 7"}
,
{
"node": "l",
"frag": "iš-pur-an-ni",
"id": "P334486.l01376",
"ref": "P334486.8.1",
"inst": "išpuranni[write]V",
"sig": "@saao/saa10%akk-x-neoass:iš-pur-an-ni=šapāru[send//write]V'V$išpuranni",
"f": {"lang": "akk-x-neoass",
"form": "iš-pur-an-ni",
"cf": "šapāru",
"gw": "send",
"sense": "write",
"norm": "išpuranni",
"pos": "V",
"epos": "V"}
}
,
{
"node": "l",
"frag": "ma-a",
"id": "P334486.l01377",
"ref": "P334486.8.2",
"inst": "mā[saying]PRP",
"sig": "@saao/saa10%akk-x-neoass:ma-a=mā[saying//saying]PRP'PRP$mā",
"f": {"lang": "akk-x-neoass",
"form": "ma-a",
"cf": "mā",
"gw": "saying",
"sense": "saying",
"norm": "mā",
"pos": "PRP",
"epos": "PRP"}
}
,
{
"node": "l",
"frag": "⸢a⸣-[mur]",
"id": "P334486.l01378",
"ref": "P334486.8.3",
"inst": "amur[see]V",
"sig": "@saao/saa10%akk-x-neoass:a-mur=amāru[see//see]V'V$amur",
"f": {"lang": "akk-x-neoass",
"form": "a-mur",
"cf": "amāru",
"gw": "see",
"sense": "see",
"norm": "amur",
"pos": "V",
"epos": "V"}
}
,
{
"node": "d",
"type": "line-start",
"ref": "P334486.9",
"n": "8",
"label": "o 8"}
,
{
"node": "l",
"frag": "ina",
"id": "P334486.l01379",
"ref": "P334486.9.1",
"inst": "ina[in]PRP",
"sig": "@saao/saa10%akk-x-neoass:ina=ina[in//from]PRP'PRP$ina",
"f": {"lang": "akk-x-neoass",
"form": "ina",
"cf": "ina",
"gw": "in",
"sense": "from",
"norm": "ina",
"pos": "PRP",
"epos": "PRP"}
}
,
{
"node": "l",
"frag": "ŠA₃",
"id": "P334486.l0137a",
"ref": "P334486.9.2",
"inst": "libbi[interior]N",
"sig": "@saao/saa10%akk-x-neoass:ŠA₃=libbu[interior//interior]N'N$libbi",
"f": {"lang": "akk-x-neoass",
"form": "ŠA₃",
"cf": "libbu",
"gw": "interior",
"sense": "interior",
"norm": "libbi",
"pos": "N",
"epos": "N"}
}
,
{
"node": "l",
"frag": "BE-iz-⸢bi⸣",
"id": "P334486.l0137b",
"ref": "P334486.9.3",
"inst": "Šumma-izbi[(anomaly omen series)]N",
"sig": "@saao/saa10%akk-x-neoass:BE-iz-bi=Šumma-izbu[(anomaly omen series)//(anomaly omen series)]N'N$Šumma-izbi",
"f": {"lang": "akk-x-neoass",
"form": "BE-iz-bi",
"cf": "Šumma-izbu",
"gw": "(anomaly omen series)",
"sense": "(anomaly omen series)",
"norm": "Šumma-izbi",
"pos": "N",
"epos": "N"}
}
,
{
"node": "l",
"frag": "e",
"id": "P334486.l0137c",
"ref": "P334486.9.4",
"inst": "u",
"f": {"lang": "akk-x-neoass",
"form": "e",
"pos": "u"}
}
,
{
"node": "l",
"frag": "⸢x⸣+[x",
"id": "P334486.l0137d",
"ref": "P334486.9.5",
"inst": "u",
"f": {"lang": "akk-x-neoass",
"form": "x+x",
"pos": "u"}
}
,
{
"node": "l",
"frag": "man-nu]",
"id": "P334486.l0137e",
"ref": "P334486.9.6",
"inst": "mannu[who?]QP",
"sig": "@saao/saa10%akk-x-neoass:man-nu=mannu[who?//who?]QP'QP$mannu",
"f": {"lang": "akk-x-neoass",
"form": "man-nu",
"cf": "mannu",
"gw": "who?",
"sense": "who?",
"norm": "mannu",
"pos": "QP",
"epos": "QP"}
}
,
{
"node": "d",
"type": "line-start",
"ref": "P334486.10",
"n": "9",
"label": "o 9"}
,
{
"node": "l",
"frag": "i-šaṭ-ṭar",
"id": "P334486.l0137f",
"ref": "P334486.10.1",
"inst": "+šaṭāru[write]V$išaṭṭar",
"sig": "@saao/saa10%akk-x-neoass:i-šaṭ-ṭar=šaṭāru[write//write]V'V$išaṭṭar",
"f": {"lang": "akk-x-neoass",
"form": "i-šaṭ-ṭar",
"cf": "šaṭāru",
"gw": "write",
"sense": "write",
"norm": "išaṭṭar",
"pos": "V",
"epos": "V"}
}
,
{
"node": "l",
"frag": "01-en",
"id": "P334486.l01380",
"ref": "P334486.10.2",
"inst": "issēn[one]NU",
"sig": "@saao/saa10%akk-x-neoass:01-en=ištēn[one//one]NU'NU$issēn",
"f": {"lang": "akk-x-neoass",
"form": "01-en",
"cf": "ištēn",
"gw": "one",
"sense": "one",
"norm": "issēn",
"pos": "NU",
"epos": "NU"}
}
,
{
"node": "l",
"frag": "šu-[u₂]",
"id": "P334486.l01381",
"ref": "P334486.10.3",
"inst": "šû[it]IP",
"sig": "@saao/saa10%akk-x-neoass:šu-u₂=šū[he//it]IP'IP$šû",
"f": {"lang": "akk-x-neoass",
"form": "šu-u₂",
"cf": "šū",
"gw": "he",
"sense": "it",
"norm": "šû",
"pos": "IP",
"epos": "IP"}
}
,
{
"node": "d",
"type": "line-start",
"ref": "P334486.11",
"n": "10",
"label": "o 10"}
,
{
"node": "l",
"frag": "ṭup-pu",
"id": "P334486.l01382",
"ref": "P334486.11.1",
"inst": "ṭuppu[tablet]N",
"sig": "@saao/saa10%akk-x-neoass:ṭup-pu=ṭuppu[tablet//tablet]N'N$ṭuppu",
"f": {"lang": "akk-x-neoass",
"form": "ṭup-pu",
"cf": "ṭuppu",
"gw": "tablet",
"sense": "tablet",
"norm": "ṭuppu",
"pos": "N",
"epos": "N"}
}
,
{
"node": "l",
"frag": "ša",
"id": "P334486.l01383",
"ref": "P334486.11.2",
"inst": "ša[of]DET",
"sig": "@saao/saa10%akk-x-neoass:ša=ša[of//of]DET'DET$ša",
"f": {"lang": "akk-x-neoass",
"form": "ša",
"cf": "ša",
"gw": "of",
"sense": "of",
"norm": "ša",
"pos": "DET",
"epos": "DET"}
}
,
{
"node": "l",
"frag": "⸢x",
"id": "P334486.l01384",
"ref": "P334486.11.3",
"inst": "u",
"f": {"lang": "akk-x-neoass",
"form": "x",
"pos": "u"}
}
,
{
"node": "l",
"frag": "x",
"id": "P334486.l01385",
"ref": "P334486.11.4",
"inst": "u",
"f": {"lang": "akk-x-neoass",
"form": "x",
"pos": "u"}
}
,
{
"node": "l",
"frag": "x⸣+[x",
"id": "P334486.l01386",
"ref": "P334486.11.5",
"inst": "u",
"f": {"lang": "akk-x-neoass",
"form": "x+x",
"pos": "u"}
}
,
{
"node": "l",
"frag": "ina",
"id": "P334486.l01387",
"ref": "P334486.11.6",
"inst": "ina[in]PRP",
"sig": "@saao/saa10%akk-x-neoass:ina=ina[in//from]PRP'PRP$ina",
"f": {"lang": "akk-x-neoass",
"form": "ina",
"cf": "ina",
"gw": "in",
"sense": "from",
"norm": "ina",
"pos": "PRP",
"epos": "PRP"}
}
,
{
"node": "l",
"frag": "ŠA₃]-⸢bi⸣",
"id": "P334486.l01388",
"ref": "P334486.11.7",
"inst": "libbi[interior]N",
"sig": "@saao/saa10%akk-x-neoass:ŠA₃-bi=libbu[interior//interior]N'N$libbi",
"f": {"lang": "akk-x-neoass",
"form": "ŠA₃-bi",
"cf": "libbu",
"gw": "interior",
"sense": "interior",
"norm": "libbi",
"pos": "N",
"epos": "N"}
}
,
{
"node": "d",
"type": "line-start",
"ref": "P334486.12",
"n": "11",
"label": "o 11"}
,
{
"node": "l",
"frag": "ša₂-aṭ-ṭa-ra-a-ni",
"id": "P334486.l01389",
"ref": "P334486.12.1",
"inst": "+šaṭru[written]AJ$šaṭṭarāni",
"sig": "@saao/saa10%akk-x-neoass:ša₂-aṭ-ṭa-ra-a-ni=šaṭru[written//written]AJ'AJ$šaṭṭarāni",
"f": {"lang": "akk-x-neoass",
"form": "ša₂-aṭ-ṭa-ra-a-ni",
"cf": "šaṭru",
"gw": "written",
"sense": "written",
"norm": "šaṭṭarāni",
"pos": "AJ",
"epos": "AJ"}
}
,
{
"node": "d",
"type": "line-start",
"ref": "P334486.13",
"n": "12",
"label": "o 12"}
,
{
"node": "l",
"frag": "an-nu-rig",
"id": "P334486.l0138a",
"ref": "P334486.13.1",
"inst": "annurig[now]AV",
"sig": "@saao/saa10%akk-x-neoass:an-nu-rig=annûri[now//now]AV'AV$annurig",
"f": {"lang": "akk-x-neoass",
"form": "an-nu-rig",
"cf": "annûri",
"gw": "now",
"sense": "now",
"norm": "annurig",
"pos": "AV",
"epos": "AV"}
}
,
{
"node": "l",
"frag": "a-na",
"id": "P334486.l0138b",
"ref": "P334486.13.2",
"inst": "ana[to]PRP",
"sig": "@saao/saa10%akk-x-neoass:a-na=ana[to//to]PRP'PRP$ana",
"f": {"lang": "akk-x-neoass",
"form": "a-na",
"cf": "ana",
"gw": "to",
"sense": "to",
"norm": "ana",
"pos": "PRP",
"epos": "PRP"}
}
,
{
"node": "l",
"frag": "LUGAL",
"id": "P334486.l0138c",
"ref": "P334486.13.3",
"inst": "šarri[king]N",
"sig": "@saao/saa10%akk-x-neoass:LUGAL=šarru[king//king]N'N$šarri",
"f": {"lang": "akk-x-neoass",
"form": "LUGAL",
"cf": "šarru",
"gw": "king",
"sense": "king",
"norm": "šarri",
"pos": "N",
"epos": "N"}
}
,
{
"node": "d",
"type": "line-start",
"ref": "P334486.14",
"n": "13",
"label": "o 13"}
,
{
"node": "l",
"frag": "us-se-bi-la",
"id": "P334486.l0138d",
"ref": "P334486.14.1",
"inst": "ussēbila[send]V",
"sig": "@saao/saa10%akk-x-neoass:us-se-bi-la=wabālu[bring//send]V'V$ussēbila",
"f": {"lang": "akk-x-neoass",
"form": "us-se-bi-la",
"cf": "wabālu",
"gw": "bring",
"sense": "send",
"norm": "ussēbila",
"pos": "V",
"epos": "V"}
}
,
{
"node": "d",
"type": "line-start",
"ref": "P334486.15",
"n": "14",
"label": "o 14"}
,
{
"node": "l",
"frag": "LUGAL",
"id": "P334486.l0138e",
"ref": "P334486.15.1",
"inst": "šarru[king]N",
"sig": "@saao/saa10%akk-x-neoass:LUGAL=šarru[king//king]N'N$šarru",
"f": {"lang": "akk-x-neoass",
"form": "LUGAL",
"cf": "šarru",
"gw": "king",
"sense": "king",
"norm": "šarru",
"pos": "N",
"epos": "N"}
}
,
{
"node": "l",
"frag": "le-mu-ur",
"id": "P334486.l0138f",
"ref": "P334486.15.2",
"inst": "lēmur[see]V",
"sig": "@saao/saa10%akk-x-neoass:le-mu-ur=amāru[see//see]V'V$lēmur",
"f": {"lang": "akk-x-neoass",
"form": "le-mu-ur",
"cf": "amāru",
"gw": "see",
"sense": "see",
"norm": "lēmur",
"pos": "V",
"epos": "V"}
}
,
{
"node": "d",
"type": "line-start",
"ref": "P334486.16",
"n": "15",
"label": "o 15"}
,
{
"node": "l",
"frag": "is-su-ri",
"id": "P334486.l01390",
"ref": "P334486.16.1",
"inst": "issurri[perhaps]AV",
"sig": "@saao/saa10%akk-x-neoass:is-su-ri=issurri[perhaps//perhaps]AV'AV$issurri",
"f": {"lang": "akk-x-neoass",
"form": "is-su-ri",
"cf": "issurri",
"gw": "perhaps",
"sense": "perhaps",
"norm": "issurri",
"pos": "AV",
"epos": "AV"}
}
,
{
"node": "l",
"frag": "{lu₂}A.BA",
"id": "P334486.l01391",
"ref": "P334486.16.2",
"inst": "ṭupšarru[scribe]N",
"sig": "@saao/saa10%akk-x-neoass:{LU₂}A.BA=ṭupšarru[scribe//scribe]N'N$ṭupšarru",
"f": {"lang": "akk-x-neoass",
"form": "{LU₂}A.BA",
"cf": "ṭupšarru",
"gw": "scribe",
"sense": "scribe",
"norm": "ṭupšarru",
"pos": "N",
"epos": "N"}
}
,
{
"node": "d",
"type": "line-start",
"ref": "P334486.17",
"n": "16",
"label": "o 16"}
,
{
"node": "l",
"frag": "ša₂",
"id": "P334486.l01392",
"ref": "P334486.17.1",
"inst": "ša[who]REL",
"sig": "@saao/saa10%akk-x-neoass:ša₂=ša[that//who]REL'REL$ša",
"f": {"lang": "akk-x-neoass",
"form": "ša₂",
"cf": "ša",
"gw": "that",
"sense": "who",
"norm": "ša",
"pos": "REL",
"epos": "REL"}
}
,
{
"node": "l",
"frag": "ina",
"id": "P334486.l01393",
"ref": "P334486.17.2",
"inst": "ina[in]PRP",
"sig": "@saao/saa10%akk-x-neoass:ina=ina[in//from]PRP'PRP$ina",
"f": {"lang": "akk-x-neoass",
"form": "ina",
"cf": "ina",
"gw": "in",
"sense": "from",
"norm": "ina",
"pos": "PRP",
"epos": "PRP"}
}
,
{
"node": "l",
"frag": "IGI",
"id": "P334486.l01394",
"ref": "P334486.17.3",
"inst": "pān[front]N",
"sig": "@saao/saa10%akk-x-neoass:IGI=pānu[front//front]N'N$pān",
"f": {"lang": "akk-x-neoass",
"form": "IGI",
"cf": "pānu",
"gw": "front",
"sense": "front",
"norm": "pān",
"pos": "N",
"epos": "N"}
}
,
{
"node": "l",
"frag": "LUGAL",
"id": "P334486.l01395",
"ref": "P334486.17.4",
"inst": "šarri[king]N",
"sig": "@saao/saa10%akk-x-neoass:LUGAL=šarru[king//king]N'N$šarri",
"f": {"lang": "akk-x-neoass",
"form": "LUGAL",
"cf": "šarru",
"gw": "king",
"sense": "king",
"norm": "šarri",
"pos": "N",
"epos": "N"}
}
,
{
"node": "l",
"frag": "i-sa-⸢as⸣-[su-u-ni]",
"id": "P334486.l01396",
"ref": "P334486.17.5",
"inst": "+šasû[shout//read out]V'V$isassûni",
"sig": "@saao/saa10%akk-x-neoass:i-sa-as-su-u-ni=šasû[shout//read out]V'V$isassûni",
"f": {"lang": "akk-x-neoass",
"form": "i-sa-as-su-u-ni",
"cf": "šasû",
"gw": "shout",
"sense": "read out",
"norm": "isassûni",
"pos": "V",
"epos": "V"}
}
,
{
"node": "d",
"subtype": "bottom",
"type": "surface",
"ref": "P334486.b.e..18",
"type": "bottom",
"label": "b.e."}
,
{
"node": "d",
"type": "line-start",
"ref": "P334486.19",
"n": "17",
"label": "b.e. 17"}
,
{
"node": "l",
"frag": "la",
"id": "P334486.l01397",
"ref": "P334486.19.1",
"inst": "lā[not]MOD",
"sig": "@saao/saa10%akk-x-neoass:la=lā[not//not]MOD'MOD$lā",
"f": {"lang": "akk-x-neoass",
"form": "la",
"cf": "lā",
"gw": "not",
"sense": "not",
"norm": "lā",
"pos": "MOD",
"epos": "MOD"}
}
,
{
"node": "l",
"frag": "ih-ki-⸢im⸣",
"id": "P334486.l01398",
"ref": "P334486.19.2",
"inst": "+hakāmu[understand]V$ihkim",
"sig": "@saao/saa10%akk-x-neoass:ih-ki-im=hakāmu[understand//understand]V'V$ihkim",
"f": {"lang": "akk-x-neoass",
"form": "ih-ki-im",
"cf": "hakāmu",
"gw": "understand",
"sense": "understand",
"norm": "ihkim",
"pos": "V",
"epos": "V"}
}
,
{
"node": "d",
"subtype": "reverse",
"type": "surface",
"ref": "P334486.r.20",
"type": "reverse",
"label": "r"}
,
{
"node": "d",
"type": "line-start",
"ref": "P334486.21",
"n": "1",
"label": "r 1"}
,
{
"node": "l",
"frag": "BE-iz-⸢bu⸣",
"id": "P334486.l01399",
"ref": "P334486.21.1",
"inst": "+Šumma-izbu[(anomaly omen series)]N$",
"sig": "@saao/saa10%akk-x-neoass:BE-iz-bu=Šumma-izbu[(anomaly omen series)//(anomaly omen series)]N'N$Šumma-izbu",
"f": {"lang": "akk-x-neoass",
"form": "BE-iz-bu",
"cf": "Šumma-izbu",
"gw": "(anomaly omen series)",
"sense": "(anomaly omen series)",
"norm": "Šumma-izbu",
"pos": "N",
"epos": "N"}
}
,
{
"node": "l",
"frag": "da-ʾa-[na]",
"id": "P334486.l0139a",
"ref": "P334486.21.2",
"inst": "+dannu[strong//difficult]AJ'AJ$daʾāna",
"sig": "@saao/saa10%akk-x-neoass:da-ʾa-na=dannu[strong//difficult]AJ'AJ$daʾāna",
"f": {"lang": "akk-x-neoass",
"form": "da-ʾa-na",
"cf": "dannu",
"gw": "strong",
"sense": "difficult",
"norm": "daʾāna",
"pos": "AJ",
"epos": "AJ"}
}
,
{
"node": "d",
"type": "line-start",
"ref": "P334486.22",
"n": "2",
"label": "r 2"}
,
{
"node": "l",
"frag": "a-⸢na",
"id": "P334486.l0139b",
"ref": "P334486.22.1",
"inst": "ana[for]PRP",
"sig": "@saao/saa10%akk-x-neoass:a-na=ana[to//for]PRP'PRP$ana",
"f": {"lang": "akk-x-neoass",
"form": "a-na",
"cf": "ana",
"gw": "to",
"sense": "for",
"norm": "ana",
"pos": "PRP",
"epos": "PRP"}
}
,
{
"node": "l",
"frag": "pa⸣-ra-si",
"id": "P334486.l0139c",
"ref": "P334486.22.2",
"inst": "parāsi[decision]'N",
"sig": "@saao/saa10%akk-x-neoass:pa-ra-si=parāsu[cut (off)//decision]V'N$parāsi",
"f": {"lang": "akk-x-neoass",
"form": "pa-ra-si",
"cf": "parāsu",
"gw": "cut (off)",
"sense": "decision",
"norm": "parāsi",
"pos": "V",
"epos": "N"}
}
,
{
"node": "l",
"frag": "[o]",
"id": "P334486.l0139d",
"ref": "P334486.22.3",
"inst": "u",
"f": {"lang": "akk-x-neoass",
"form": "o",
"pos": "u"}
}
,
{
"node": "d",
"type": "line-start",
"ref": "P334486.23",
"n": "3",
"label": "r 3"}
,
{
"node": "l",
"frag": "a-na",
"id": "P334486.l0139e",
"ref": "P334486.23.1",
"inst": "+ana[to//on]PRP'PRP$",
"sig": "@saao/saa10%akk-x-neoass:a-na=ana[to//on]PRP'PRP$ana",
"f": {"lang": "akk-x-neoass",
"form": "a-na",
"cf": "ana",
"gw": "to",
"sense": "on",
"norm": "ana",
"pos": "PRP",
"epos": "PRP"}
}
,
{
"node": "l",
"frag": "01-en",
"id": "P334486.l0139f",
"ref": "P334486.23.2",
"inst": "issēn[one]NU",
"sig": "@saao/saa10%akk-x-neoass:01-en=ištēn[one//one]NU'NU$issēn",
"f": {"lang": "akk-x-neoass",
"form": "01-en",
"cf": "ištēn",
"gw": "one",
"sense": "one",
"norm": "issēn",
"pos": "NU",
"epos": "NU"}
}
,
{
"node": "l",
"frag": "UD-mu",
"id": "P334486.l013a0",
"ref": "P334486.23.3",
"inst": "ūmu[day]N",
"sig": "@saao/saa10%akk-x-neoass:UD-mu=ūmu[day//day]N'N$ūmu",
"f": {"lang": "akk-x-neoass",
"form": "UD-mu",
"cf": "ūmu",
"gw": "day",
"sense": "day",
"norm": "ūmu",
"pos": "N",
"epos": "N"}
}
,
{
"node": "d",
"type": "line-start",
"ref": "P334486.24",
"n": "4",
"label": "r 4"}
,
{
"node": "l",
"frag": "⸢ki-ma⸣",
"id": "P334486.l013a1",
"ref": "P334486.24.1",
"inst": "kīma[when]'SBJ",
"sig": "@saao/saa10%akk-x-neoass:ki-ma=kīma[like//when]PRP'SBJ$kīma",
"f": {"lang": "akk-x-neoass",
"form": "ki-ma",
"cf": "kīma",
"gw": "like",
"sense": "when",
"norm": "kīma",
"pos": "PRP",
"epos": "SBJ"}
}
,
{
"node": "l",
"frag": "ina",
"id": "P334486.l013a2",
"ref": "P334486.24.2",
"inst": "ina[in]PRP",
"sig": "@saao/saa10%akk-x-neoass:ina=ina[in//from]PRP'PRP$ina",
"f": {"lang": "akk-x-neoass",
"form": "ina",
"cf": "ina",
"gw": "in",
"sense": "from",
"norm": "ina",
"pos": "PRP",
"epos": "PRP"}
}
,
{
"node": "l",
"frag": "IGI",
"id": "P334486.l013a3",
"ref": "P334486.24.3",
"inst": "pān[front]N",
"sig": "@saao/saa10%akk-x-neoass:IGI=pānu[front//front]N'N$pān",
"f": {"lang": "akk-x-neoass",
"form": "IGI",
"cf": "pānu",
"gw": "front",
"sense": "front",
"norm": "pān",
"pos": "N",
"epos": "N"}
}
,
{
"node": "l",
"frag": "LUGAL",
"id": "P334486.l013a4",
"ref": "P334486.24.4",
"inst": "šarri[king]N",
"sig": "@saao/saa10%akk-x-neoass:LUGAL=šarru[king//king]N'N$šarri",
"f": {"lang": "akk-x-neoass",
"form": "LUGAL",
"cf": "šarru",
"gw": "king",
"sense": "king",
"norm": "šarri",
"pos": "N",
"epos": "N"}
}
,
{
"node": "l",
"frag": "EN-ia",
"id": "P334486.l013a5",
"ref": "P334486.24.5",
"inst": "bēlīya[lord]N",
"sig": "@saao/saa10%akk-x-neoass:EN-ia=bēlu[lord//lord]N'N$bēlīya",
"f": {"lang": "akk-x-neoass",
"form": "EN-ia",
"cf": "bēlu",
"gw": "lord",
"sense": "lord",
"norm": "bēlīya",
"pos": "N",
"epos": "N"}
}
,
{
"node": "d",
"type": "line-start",
"ref": "P334486.25",
"n": "5",
"label": "r 5"}
,
{
"node": "l",
"frag": "i-tar-ba",
"id": "P334486.l013a6",
"ref": "P334486.25.1",
"inst": "+erēbu[enter]V$ītarba",
"sig": "@saao/saa10%akk-x-neoass:i-tar-ba=erēbu[enter//enter]V'V$ītarba",
"f": {"lang": "akk-x-neoass",
"form": "i-tar-ba",
"cf": "erēbu",
"gw": "enter",
"sense": "enter",
"norm": "ītarba",
"pos": "V",
"epos": "V"}
}
,
{
"node": "l",
"frag": "ina",
"id": "P334486.l013a7",
"ref": "P334486.25.2",
"inst": "ina[in]PRP",
"sig": "@saao/saa10%akk-x-neoass:ina=ina[in//from]PRP'PRP$ina",
"f": {"lang": "akk-x-neoass",
"form": "ina",
"cf": "ina",
"gw": "in",
"sense": "from",
"norm": "ina",
"pos": "PRP",
"epos": "PRP"}
}
,
{
"node": "l",
"frag": "ŠA₃",
"id": "P334486.l013a8",
"ref": "P334486.25.3",
"inst": "libbi[interior]N",
"sig": "@saao/saa10%akk-x-neoass:ŠA₃=libbu[interior//interior]N'N$libbi",
"f": {"lang": "akk-x-neoass",
"form": "ŠA₃",
"cf": "libbu",
"gw": "interior",
"sense": "interior",
"norm": "libbi",
"pos": "N",
"epos": "N"}
}
,
{
"node": "l",
"frag": "ṭup-pi",
"id": "P334486.l013a9",
"ref": "P334486.25.4",
"inst": "ṭuppi[tablet]N",
"sig": "@saao/saa10%akk-x-neoass:ṭup-pi=ṭuppu[tablet//tablet]N'N$ṭuppi",
"f": {"lang": "akk-x-neoass",
"form": "ṭup-pi",
"cf": "ṭuppu",
"gw": "tablet",
"sense": "tablet",
"norm": "ṭuppi",
"pos": "N",
"epos": "N"}
}
,
{
"node": "d",
"type": "line-start",
"ref": "P334486.26",
"n": "6",
"label": "r 6"}
,
{
"node": "l",
"frag": "an-ni-i-e",
"id": "P334486.l013aa",
"ref": "P334486.26.1",
"inst": "annīe[this]DP",
"sig": "@saao/saa10%akk-x-neoass:an-ni-i-e=annû[this//this]DP'DP$annīe",
"f": {"lang": "akk-x-neoass",
"form": "an-ni-i-e",
"cf": "annû",
"gw": "this",
"sense": "this",
"norm": "annīe",
"pos": "DP",
"epos": "DP"}
}
,
{
"node": "l",
"frag": "ša",
"id": "P334486.l013ab",
"ref": "P334486.26.2",
"inst": "ša[which]REL",
"sig": "@saao/saa10%akk-x-neoass:ša=ša[that//which]REL'REL$ša",
"f": {"lang": "akk-x-neoass",
"form": "ša",
"cf": "ša",
"gw": "that",
"sense": "which",
"norm": "ša",
"pos": "REL",
"epos": "REL"}
}
,
{
"node": "l",
"frag": "a-na",
"id": "P334486.l013ac",
"ref": "P334486.26.3",
"inst": "ana[to]PRP",
"sig": "@saao/saa10%akk-x-neoass:a-na=ana[to//to]PRP'PRP$ana",
"f": {"lang": "akk-x-neoass",
"form": "a-na",
"cf": "ana",
"gw": "to",
"sense": "to",
"norm": "ana",
"pos": "PRP",
"epos": "PRP"}
}
,
{
"node": "d",
"type": "line-start",
"ref": "P334486.27",
"n": "7",
"label": "r 7"}
,
{
"node": "l",
"frag": "LUGAL",
"id": "P334486.l013ad",
"ref": "P334486.27.1",
"inst": "šarri[king]N",
"sig": "@saao/saa10%akk-x-neoass:LUGAL=šarru[king//king]N'N$šarri",
"f": {"lang": "akk-x-neoass",
"form": "LUGAL",
"cf": "šarru",
"gw": "king",
"sense": "king",
"norm": "šarri",
"pos": "N",
"epos": "N"}
}
,
{
"node": "l",
"frag": "EN-ia",
"id": "P334486.l013ae",
"ref": "P334486.27.2",
"inst": "bēlīya[lord]N",
"sig": "@saao/saa10%akk-x-neoass:EN-ia=bēlu[lord//lord]N'N$bēlīya",
"f": {"lang": "akk-x-neoass",
"form": "EN-ia",
"cf": "bēlu",
"gw": "lord",
"sense": "lord",
"norm": "bēlīya",
"pos": "N",
"epos": "N"}
}
,
{
"node": "l",
"frag": "u₂-še-bi-la-an-ni",
"id": "P334486.l013af",
"ref": "P334486.27.3",
"inst": "ušēbilanni[send]V",
"sig": "@saao/saa10%akk-x-neoass:u₂-še-bi-la-an-ni=wabālu[bring//send]V'V$ušēbilanni",
"f": {"lang": "akk-x-neoass",
"form": "u₂-še-bi-la-an-ni",
"cf": "wabālu",
"gw": "bring",
"sense": "send",
"norm": "ušēbilanni",
"pos": "V",
"epos": "V"}
}
,
{
"node": "d",
"type": "line-start",
"ref": "P334486.28",
"n": "8",
"label": "r 8"}
,
{
"node": "l",
"frag": "ina",
"id": "P334486.l013b0",
"ref": "P334486.28.1",
"inst": "ina[in]PRP",
"sig": "@saao/saa10%akk-x-neoass:ina=ina[in//from]PRP'PRP$ina",
"f": {"lang": "akk-x-neoass",
"form": "ina",
"cf": "ina",
"gw": "in",
"sense": "from",
"norm": "ina",
"pos": "PRP",
"epos": "PRP"}
}
,
{
"node": "l",
"frag": "ŠA₃-bi",
"id": "P334486.l013b1",
"ref": "P334486.28.2",
"inst": "libbi[interior]N",
"sig": "@saao/saa10%akk-x-neoass:ŠA₃-bi=libbu[interior//interior]N'N$libbi",
"f": {"lang": "akk-x-neoass",
"form": "ŠA₃-bi",
"cf": "libbu",
"gw": "interior",
"sense": "interior",
"norm": "libbi",
"pos": "N",
"epos": "N"}
}
,
{
"node": "l",
"frag": "šu-mu",
"id": "P334486.l013b2",
"ref": "P334486.28.3",
"inst": "šumu[omen]N",
"sig": "@saao/saa10%akk-x-neoass:šu-mu=šumu[name//omen]N'N$šumu",
"f": {"lang": "akk-x-neoass",
"form": "šu-mu",
"cf": "šumu",
"gw": "name",
"sense": "omen",
"norm": "šumu",
"pos": "N",
"epos": "N"}
}
,
{
"node": "d",
"type": "line-start",
"ref": "P334486.29",
"n": "9",
"label": "r 9"}
,
{
"node": "l",
"frag": "ki-i",
"id": "P334486.l013b3",
"ref": "P334486.29.1",
"inst": "+kī[like//how]PRP'SBJ$kî",
"sig": "@saao/saa10%akk-x-neoass:ki-i=kī[like//how]PRP'SBJ$kî",
"f": {"lang": "akk-x-neoass",
"form": "ki-i",
"cf": "kī",
"gw": "like",
"sense": "how",
"norm": "kî",
"pos": "PRP",
"epos": "SBJ"}
}
,
{
"node": "l",
"frag": "ša₂-ṭir-u-ni",
"id": "P334486.l013b4",
"ref": "P334486.29.2",
"inst": "+šaṭru[written]AJ$šaṭirūni",
"sig": "@saao/saa10%akk-x-neoass:ša₂-ṭir-u-ni=šaṭru[written//written]AJ'AJ$šaṭirūni",
"f": {"lang": "akk-x-neoass",
"form": "ša₂-ṭir-u-ni",
"cf": "šaṭru",
"gw": "written",
"sense": "written",
"norm": "šaṭirūni",
"pos": "AJ",
"epos": "AJ"}
}
,
{
"node": "d",
"type": "line-start",
"ref": "P334486.30",
"n": "10",
"label": "r 10"}
,
{
"node": "l",
"frag": "u₂-kal-lam",
"id": "P334486.l013b5",
"ref": "P334486.30.1",
"inst": "ukallam[show]V",
"sig": "@saao/saa10%akk-x-neoass:u₂-kal-lam=kullumu[show//show]V'V$ukallam",
"f": {"lang": "akk-x-neoass",
"form": "u₂-kal-lam",
"cf": "kullumu",
"gw": "show",
"sense": "show",
"norm": "ukallam",
"pos": "V",
"epos": "V"}
}
,
{
"node": "l",
"frag": "ket-tu₂",
"id": "P334486.l013b6",
"ref": "P334486.30.2",
"inst": "+kittu[truth//truly]N'AV$kettu",
"sig": "@saao/saa10%akk-x-neoass:ket-tu₂=kittu[truth//truly]N'AV$kettu",
"f": {"lang": "akk-x-neoass",
"form": "ket-tu₂",
"cf": "kittu",
"gw": "truth",
"sense": "truly",
"norm": "kettu",
"pos": "N",
"epos": "AV"}
}
,
{
"node": "d",
"type": "line-start",
"ref": "P334486.31",
"n": "11",
"label": "r 11"}
,
{
"node": "l",
"frag": "[ša]",
"id": "P334486.l013b7",
"ref": "P334486.31.1",
"inst": "ša[who]REL",
"sig": "@saao/saa10%akk-x-neoass:ša=ša[that//who]REL'REL$ša",
"f": {"lang": "akk-x-neoass",
"form": "ša",
"cf": "ša",
"gw": "that",
"sense": "who",
"norm": "ša",
"pos": "REL",
"epos": "REL"}
}
,
{
"node": "l",
"frag": "u₂-ba-nu",
"id": "P334486.l013b8",
"ref": "P334486.31.2",
"inst": "+ubānu[finger]N$",
"sig": "@saao/saa10%akk-x-neoass:u₂-ba-nu=ubānu[finger//finger]N'N$ubānu",
"f": {"lang": "akk-x-neoass",
"form": "u₂-ba-nu",
"cf": "ubānu",
"gw": "finger",
"sense": "finger",
"norm": "ubānu",
"pos": "N",
"epos": "N"}
}
,
{
"node": "l",
"frag": "ina",
"id": "P334486.l013b9",
"ref": "P334486.31.3",
"inst": "ina[in]PRP",
"sig": "@saao/saa10%akk-x-neoass:ina=ina[in//from]PRP'PRP$ina",
"f": {"lang": "akk-x-neoass",
"form": "ina",
"cf": "ina",
"gw": "in",
"sense": "from",
"norm": "ina",
"pos": "PRP",
"epos": "PRP"}
}
,
{
"node": "l",
"frag": "pa-na-tu-uš-šu₂",
"id": "P334486.l013ba",
"ref": "P334486.31.4",
"inst": "pānātuššu[front]N",
"sig": "@saao/saa10%akk-x-neoass:pa-na-tu-uš-šu₂=pānātu[front//front]N'N$pānātuššu",
"f": {"lang": "akk-x-neoass",
"form": "pa-na-tu-uš-šu₂",
"cf": "pānātu",
"gw": "front",
"sense": "front",
"norm": "pānātuššu",
"pos": "N",
"epos": "N"}
}
,
{
"node": "d",
"type": "line-start",
"ref": "P334486.32",
"n": "12",
"label": "r 12"}
,
{
"node": "l",
"frag": "[la]",
"id": "P334486.l013bb",
"ref": "P334486.32.1",
"inst": "lā[not]MOD",
"sig": "@saao/saa10%akk-x-neoass:la=lā[not//not]MOD'MOD$lā",
"f": {"lang": "akk-x-neoass",
"form": "la",
"cf": "lā",
"gw": "not",
"sense": "not",
"norm": "lā",
"pos": "MOD",
"epos": "MOD"}
}
,
{
"node": "l",
"frag": "tal-li-ku-u-ni",
"id": "P334486.l013bc",
"ref": "P334486.32.2",
"inst": "+alāku[go]V$tallikūni",
"sig": "@saao/saa10%akk-x-neoass:tal-li-ku-u-ni=alāku[go//go]V'V$tallikūni",
"f": {"lang": "akk-x-neoass",
"form": "tal-li-ku-u-ni",
"cf": "alāku",
"gw": "go",
"sense": "go",
"norm": "tallikūni",
"pos": "V",
"epos": "V"}
}
,
{
"node": "d",
"type": "line-start",
"ref": "P334486.33",
"n": "13",
"label": "r 13"}
,
{
"node": "l",
"frag": "⸢la⸣-mu-qa-a-šu₂",
"id": "P334486.l013bd",
"ref": "P334486.33.1",
"cof-tails": "P334486.l013be",
"inst": "+lā[not]MOD$&+emūqu[strength]N$mūqāšu",
"sig": "@saao/saa10%akk-x-neoass:la-mu-qa-a-šu₂=lā[not//not]MOD'MOD$lā&&@saao/saa10%akk-x-neoass:la-mu-qa-a-šu₂=emūqu[strength//strength]N'N$mūqāšu",
"f": {"lang": "akk-x-neoass",
"form": "la-mu-qa-a-šu₂",
"cf": "lā",
"gw": "not",
"sense": "not",
"norm": "lā",
"pos": "MOD",
"epos": "MOD"}
}
,
{
"node": "l",
"frag": "⸢la⸣-mu-qa-a-šu₂",
"id": "P334486.l013be",
"ref": "P334486.33.1",
"cof-head": "P334486.l013bd",
"inst": "+lā[not]MOD$&+emūqu[strength]N$mūqāšu",
"f": {"lang": "akk-x-neoass",
"form": "la-mu-qa-a-šu₂",
"cf": "emūqu",
"gw": "strength",
"sense": "strength",
"norm": "mūqāšu",
"pos": "N",
"epos": "N"}
}
,
{
"node": "d",
"type": "line-start",
"ref": "P334486.34",
"n": "14",
"label": "r 14"}
,
{
"node": "l",
"frag": "la",
"id": "P334486.l013bf",
"ref": "P334486.34.1",
"inst": "lā[not]MOD",
"sig": "@saao/saa10%akk-x-neoass:la=lā[not//not]MOD'MOD$lā",
"f": {"lang": "akk-x-neoass",
"form": "la",
"cf": "lā",
"gw": "not",
"sense": "not",
"norm": "lā",
"pos": "MOD",
"epos": "MOD"}
}
,
{
"node": "l",
"frag": "i-ha-ak-ki-im",
"id": "P334486.l013c0",
"ref": "P334486.34.2",
"inst": "+hakāmu[understand]V$ihakkim",
"sig": "@saao/saa10%akk-x-neoass:i-ha-ak-ki-im=hakāmu[understand//understand]V'V$ihakkim",
"f": {"lang": "akk-x-neoass",
"form": "i-ha-ak-ki-im",
"cf": "hakāmu",
"gw": "understand",
"sense": "understand",
"norm": "ihakkim",
"pos": "V",
"epos": "V"}
}
]}
]}
]}
]}
