{
"type": "cdl",
  "source": "http://oracc.org/saao/saa10",
  "license": "This data is released under the CC0 license",
  "license-url": "https://creativecommons.org/publicdomain/zero/1.0/",
  "more-info": "http://oracc.org/doc/opendata/",
  "UTC-timestamp": "2017-05-19T11:42:57",
"project": "saao/saa10",
"textid": "P334650",
"cdl": [
{
"node": "c",
"type": "text",
"id": "P334650.U0",
"cdl": [
{
"node": "d",
"type": "object",
"ref": ""}
,
{
"node": "d",
"subtype": "obverse",
"type": "surface",
"ref": "P334650.o.1",
"type": "obverse",
"label": "o"}
,
{
"node": "d",
"type": "nonx",
"ref": "P334650.2",
"strict": "0",
"extent": "beginning",
"scope": "line",
"state": "missing"}
,
{
"node": "c",
"type": "discourse",
"subtype": "body",
"id": "P334650.U1",
"cdl": [
{
"node": "c",
"type": "sentence",
"id": "P334650.U2",
"label": "o 1' - r 11",
"cdl": [
{
"node": "d",
"type": "line-start",
"ref": "P334650.3",
"n": "1'",
"label": "o 1'"}
,
{
"node": "l",
"frag": "TA@v",
"id": "P334650.l061be",
"ref": "P334650.3.1",
"inst": "issi[with]PRP",
"sig": "@saao/saa10%akk-x-neoass:TA@v=išti[with//with]PRP'PRP$issi",
"f": {"lang": "akk-x-neoass",
"form": "TA@v",
"cf": "išti",
"gw": "with",
"sense": "with",
"norm": "issi",
"pos": "PRP",
"epos": "PRP"}
}
,
{
"node": "l",
"frag": "⸢LUGAL⸣",
"id": "P334650.l061bf",
"ref": "P334650.3.2",
"inst": "šarri[king]N",
"sig": "@saao/saa10%akk-x-neoass:LUGAL=šarru[king//king]N'N$šarri",
"f": {"lang": "akk-x-neoass",
"form": "LUGAL",
"cf": "šarru",
"gw": "king",
"sense": "king",
"norm": "šarri",
"pos": "N",
"epos": "N"}
}
,
{
"node": "l",
"frag": "[EN-ia",
"id": "P334650.l061c0",
"ref": "P334650.3.3",
"inst": "bēlīya[lord]N",
"sig": "@saao/saa10%akk-x-neoass:EN-ia=bēlu[lord//lord]N'N$bēlīya",
"f": {"lang": "akk-x-neoass",
"form": "EN-ia",
"cf": "bēlu",
"gw": "lord",
"sense": "lord",
"norm": "bēlīya",
"pos": "N",
"epos": "N"}
}
,
{
"node": "l",
"frag": "lip-qi-du]",
"id": "P334650.l061c1",
"ref": "P334650.3.4",
"inst": "lipqidu[appoint]V",
"sig": "@saao/saa10%akk-x-neoass:lip-qi-du=paqādu[entrust//appoint]V'V$lipqidu",
"f": {"lang": "akk-x-neoass",
"form": "lip-qi-du",
"cf": "paqādu",
"gw": "entrust",
"sense": "appoint",
"norm": "lipqidu",
"pos": "V",
"epos": "V"}
}
,
{
"node": "d",
"type": "line-start",
"ref": "P334650.4",
"n": "2'",
"label": "o 2'"}
,
{
"node": "l",
"frag": "ši-bu-tu₂",
"id": "P334650.l061c2",
"ref": "P334650.4.1",
"inst": "šībūtu[old age]N",
"sig": "@saao/saa10%akk-x-neoass:ši-bu-tu₂=šībūtu[old age//old age]N'N$šībūtu",
"f": {"lang": "akk-x-neoass",
"form": "ši-bu-tu₂",
"cf": "šībūtu",
"gw": "old age",
"sense": "old age",
"norm": "šībūtu",
"pos": "N",
"epos": "N"}
}
,
{
"node": "l",
"frag": "lit-tu-tu",
"id": "P334650.l061c3",
"ref": "P334650.4.2",
"inst": "littūtu[(extreme) old age]N",
"sig": "@saao/saa10%akk-x-neoass:lit-tu-tu=littūtu[(extreme) old age//(extreme) old age]N'N$littūtu",
"f": {"lang": "akk-x-neoass",
"form": "lit-tu-tu",
"cf": "littūtu",
"gw": "(extreme) old age",
"sense": "(extreme) old age",
"norm": "littūtu",
"pos": "N",
"epos": "N"}
}
,
{
"node": "l",
"frag": "a-na",
"id": "P334650.l061c4",
"ref": "P334650.4.3",
"inst": "ana[to]PRP",
"sig": "@saao/saa10%akk-x-neoass:a-na=ana[to//to]PRP'PRP$ana",
"f": {"lang": "akk-x-neoass",
"form": "a-na",
"cf": "ana",
"gw": "to",
"sense": "to",
"norm": "ana",
"pos": "PRP",
"epos": "PRP"}
}
,
{
"node": "l",
"frag": "LUGAL",
"id": "P334650.l061c5",
"ref": "P334650.4.4",
"inst": "šarri[king]N",
"sig": "@saao/saa10%akk-x-neoass:LUGAL=šarru[king//king]N'N$šarri",
"f": {"lang": "akk-x-neoass",
"form": "LUGAL",
"cf": "šarru",
"gw": "king",
"sense": "king",
"norm": "šarri",
"pos": "N",
"epos": "N"}
}
,
{
"node": "l",
"frag": "[EN-ia₂]",
"id": "P334650.l061c6",
"ref": "P334650.4.5",
"inst": "bēlīya[lord]N",
"sig": "@saao/saa10%akk-x-neoass:EN-ia₂=bēlu[lord//lord]N'N$bēlīya",
"f": {"lang": "akk-x-neoass",
"form": "EN-ia₂",
"cf": "bēlu",
"gw": "lord",
"sense": "lord",
"norm": "bēlīya",
"pos": "N",
"epos": "N"}
}
,
{
"node": "d",
"type": "line-start",
"ref": "P334650.5",
"n": "3'",
"label": "o 3'"}
,
{
"node": "l",
"frag": "lu-ša₂-ab-bi-u₂",
"id": "P334650.l061c7",
"ref": "P334650.5.1",
"inst": "+šebû[be(come) full//fill with]V'V$lušabbiu",
"sig": "@saao/saa10%akk-x-neoass:lu-ša₂-ab-bi-u₂=šebû[be(come) full//fill with]V'V$lušabbiu",
"f": {"lang": "akk-x-neoass",
"form": "lu-ša₂-ab-bi-u₂",
"cf": "šebû",
"gw": "be(come) full",
"sense": "fill with",
"norm": "lušabbiu",
"pos": "V",
"epos": "V"}
}
,
{
"node": "l",
"frag": "iš-di",
"id": "P334650.l061c8",
"ref": "P334650.5.2",
"inst": "išdi[foundation]N",
"sig": "@saao/saa10%akk-x-neoass:iš-di=išdu[foundation//foundation]N'N$išdi",
"f": {"lang": "akk-x-neoass",
"form": "iš-di",
"cf": "išdu",
"gw": "foundation",
"sense": "foundation",
"norm": "išdi",
"pos": "N",
"epos": "N"}
}
,
{
"node": "l",
"frag": "{giš}[GU.ZA]",
"id": "P334650.l061c9",
"ref": "P334650.5.3",
"inst": "kussie[throne]N",
"sig": "@saao/saa10%akk-x-neoass:{GIŠ}GU.ZA=kussû[chair//throne]N'N$kussie",
"f": {"lang": "akk-x-neoass",
"form": "{GIŠ}GU.ZA",
"cf": "kussû",
"gw": "chair",
"sense": "throne",
"norm": "kussie",
"pos": "N",
"epos": "N"}
}
,
{
"node": "d",
"type": "line-start",
"ref": "P334650.6",
"n": "4'",
"label": "o 4'"}
,
{
"node": "l",
"frag": "šar-ru-ti",
"id": "P334650.l061ca",
"ref": "P334650.6.1",
"inst": "+šarrūtu[kingship]N$šarrūti",
"sig": "@saao/saa10%akk-x-neoass:šar-ru-ti=šarrūtu[kingship//kingship]N'N$šarrūti",
"f": {"lang": "akk-x-neoass",
"form": "šar-ru-ti",
"cf": "šarrūtu",
"gw": "kingship",
"sense": "kingship",
"norm": "šarrūti",
"pos": "N",
"epos": "N"}
}
,
{
"node": "l",
"frag": "ša",
"id": "P334650.l061cb",
"ref": "P334650.6.2",
"inst": "ša[of]DET",
"sig": "@saao/saa10%akk-x-neoass:ša=ša[of//of]DET'DET$ša",
"f": {"lang": "akk-x-neoass",
"form": "ša",
"cf": "ša",
"gw": "of",
"sense": "of",
"norm": "ša",
"pos": "DET",
"epos": "DET"}
}
,
{
"node": "l",
"frag": "LUGAL",
"id": "P334650.l061cc",
"ref": "P334650.6.3",
"inst": "šarri[king]N",
"sig": "@saao/saa10%akk-x-neoass:LUGAL=šarru[king//king]N'N$šarri",
"f": {"lang": "akk-x-neoass",
"form": "LUGAL",
"cf": "šarru",
"gw": "king",
"sense": "king",
"norm": "šarri",
"pos": "N",
"epos": "N"}
}
,
{
"node": "l",
"frag": "EN-ia",
"id": "P334650.l061cd",
"ref": "P334650.6.4",
"inst": "bēlīya[lord]N",
"sig": "@saao/saa10%akk-x-neoass:EN-ia=bēlu[lord//lord]N'N$bēlīya",
"f": {"lang": "akk-x-neoass",
"form": "EN-ia",
"cf": "bēlu",
"gw": "lord",
"sense": "lord",
"norm": "bēlīya",
"pos": "N",
"epos": "N"}
}
,
{
"node": "d",
"type": "line-start",
"ref": "P334650.7",
"n": "5'",
"label": "o 5'"}
,
{
"node": "l",
"frag": "a-na",
"id": "P334650.l061ce",
"ref": "P334650.7.1",
"inst": "ana[to]PRP",
"sig": "@saao/saa10%akk-x-neoass:a-na=ana[to//to]PRP'PRP$ana",
"f": {"lang": "akk-x-neoass",
"form": "a-na",
"cf": "ana",
"gw": "to",
"sense": "to",
"norm": "ana",
"pos": "PRP",
"epos": "PRP"}
}
,
{
"node": "l",
"frag": "UD-me",
"id": "P334650.l061cf",
"ref": "P334650.7.2",
"inst": "ūme[day]N",
"sig": "@saao/saa10%akk-x-neoass:UD-me=ūmu[day//day]N'N$ūme",
"f": {"lang": "akk-x-neoass",
"form": "UD-me",
"cf": "ūmu",
"gw": "day",
"sense": "day",
"norm": "ūme",
"pos": "N",
"epos": "N"}
}
,
{
"node": "l",
"frag": "ṣa-a-ti",
"id": "P334650.l061d0",
"ref": "P334650.7.3",
"inst": "ṣâti[distant time]N",
"sig": "@saao/saa10%akk-x-neoass:ṣa-a-ti=ṣiātu[distant time//distant time]N'N$ṣâti",
"f": {"lang": "akk-x-neoass",
"form": "ṣa-a-ti",
"cf": "ṣiātu",
"gw": "distant time",
"sense": "distant time",
"norm": "ṣâti",
"pos": "N",
"epos": "N"}
}
,
{
"node": "l",
"frag": "lu-ki-in-[nu]",
"id": "P334650.l061d1",
"ref": "P334650.7.4",
"inst": "lukinnu[establish]V",
"sig": "@saao/saa10%akk-x-neoass:lu-ki-in-nu=kânu[be(come) permanent//establish]V'V$lukinnu",
"f": {"lang": "akk-x-neoass",
"form": "lu-ki-in-nu",
"cf": "kânu",
"gw": "be(come) permanent",
"sense": "establish",
"norm": "lukinnu",
"pos": "V",
"epos": "V"}
}
,
{
"node": "d",
"type": "line-start",
"ref": "P334650.8",
"n": "6'",
"label": "o 6'"}
,
{
"node": "l",
"frag": "DINGIR-MEŠ",
"id": "P334650.l061d2",
"ref": "P334650.8.1",
"inst": "ilāni[god]N",
"sig": "@saao/saa10%akk-x-neoass:DINGIR-MEŠ=ilu[god//god]N'N$ilāni",
"f": {"lang": "akk-x-neoass",
"form": "DINGIR-MEŠ",
"cf": "ilu",
"gw": "god",
"sense": "god",
"norm": "ilāni",
"pos": "N",
"epos": "N"}
}
,
{
"node": "l",
"frag": "GAL-MEŠ",
"id": "P334650.l061d3",
"ref": "P334650.8.2",
"inst": "rabiūti[great]AJ",
"sig": "@saao/saa10%akk-x-neoass:GAL-MEŠ=rabû[big//great]AJ'AJ$rabiūti",
"f": {"lang": "akk-x-neoass",
"form": "GAL-MEŠ",
"cf": "rabû",
"gw": "big",
"sense": "great",
"norm": "rabiūti",
"pos": "AJ",
"epos": "AJ"}
}
,
{
"node": "l",
"frag": "ša",
"id": "P334650.l061d4",
"ref": "P334650.8.3",
"inst": "ša[of]DET",
"sig": "@saao/saa10%akk-x-neoass:ša=ša[of//of]DET'DET$ša",
"f": {"lang": "akk-x-neoass",
"form": "ša",
"cf": "ša",
"gw": "of",
"sense": "of",
"norm": "ša",
"pos": "DET",
"epos": "DET"}
}
,
{
"node": "l",
"frag": "AN-e",
"id": "P334650.l061d5",
"ref": "P334650.8.4",
"inst": "šamê[heaven]N",
"sig": "@saao/saa10%akk-x-neoass:AN-e=šamû[sky//heaven]N'N$šamê",
"f": {"lang": "akk-x-neoass",
"form": "AN-e",
"cf": "šamû",
"gw": "sky",
"sense": "heaven",
"norm": "šamê",
"pos": "N",
"epos": "N"}
}
,
{
"node": "l",
"frag": "u",
"id": "P334650.l061d6",
"ref": "P334650.8.5",
"inst": "u[and]CNJ",
"sig": "@saao/saa10%akk-x-neoass:u=u[and//and]CNJ'CNJ$u",
"f": {"lang": "akk-x-neoass",
"form": "u",
"cf": "u",
"gw": "and",
"sense": "and",
"norm": "u",
"pos": "CNJ",
"epos": "CNJ"}
}
,
{
"node": "l",
"frag": "KI.⸢TIM⸣",
"id": "P334650.l061d7",
"ref": "P334650.8.6",
"inst": "kaqqiri[earth]N",
"sig": "@saao/saa10%akk-x-neoass:KI.TIM=qaqqaru[ground//earth]N'N$kaqqiri",
"f": {"lang": "akk-x-neoass",
"form": "KI.TIM",
"cf": "qaqqaru",
"gw": "ground",
"sense": "earth",
"norm": "kaqqiri",
"pos": "N",
"epos": "N"}
}
,
{
"node": "d",
"type": "line-start",
"ref": "P334650.9",
"n": "7'",
"label": "o 7'"}
,
{
"node": "l",
"frag": "ina",
"id": "P334650.l061d8",
"ref": "P334650.9.1",
"inst": "ina[in]PRP",
"sig": "@saao/saa10%akk-x-neoass:ina=ina[in//from]PRP'PRP$ina",
"f": {"lang": "akk-x-neoass",
"form": "ina",
"cf": "ina",
"gw": "in",
"sense": "from",
"norm": "ina",
"pos": "PRP",
"epos": "PRP"}
}
,
{
"node": "l",
"frag": "ku-un",
"id": "P334650.l061d9",
"ref": "P334650.9.2",
"inst": "+kūnu[firm//righteous]AJ'AJ$kūn",
"sig": "@saao/saa10%akk-x-neoass:ku-un=kūnu[firm//righteous]AJ'AJ$kūn",
"f": {"lang": "akk-x-neoass",
"form": "ku-un",
"cf": "kūnu",
"gw": "firm",
"sense": "righteous",
"norm": "kūn",
"pos": "AJ",
"epos": "AJ"}
}
,
{
"node": "l",
"frag": "ŠA₃-bi-šu₂-nu",
"id": "P334650.l061da",
"ref": "P334650.9.3",
"inst": "libbišunu[heart]N",
"sig": "@saao/saa10%akk-x-neoass:ŠA₃-bi-šu₂-nu=libbu[interior//heart]N'N$libbišunu",
"f": {"lang": "akk-x-neoass",
"form": "ŠA₃-bi-šu₂-nu",
"cf": "libbu",
"gw": "interior",
"sense": "heart",
"norm": "libbišunu",
"pos": "N",
"epos": "N"}
}
,
{
"node": "l",
"frag": "a-na",
"id": "P334650.l061db",
"ref": "P334650.9.4",
"inst": "ana[to]PRP",
"sig": "@saao/saa10%akk-x-neoass:a-na=ana[to//to]PRP'PRP$ana",
"f": {"lang": "akk-x-neoass",
"form": "a-na",
"cf": "ana",
"gw": "to",
"sense": "to",
"norm": "ana",
"pos": "PRP",
"epos": "PRP"}
}
,
{
"node": "l",
"frag": "LUGAL",
"id": "P334650.l061dc",
"ref": "P334650.9.5",
"inst": "šarri[king]N",
"sig": "@saao/saa10%akk-x-neoass:LUGAL=šarru[king//king]N'N$šarri",
"f": {"lang": "akk-x-neoass",
"form": "LUGAL",
"cf": "šarru",
"gw": "king",
"sense": "king",
"norm": "šarri",
"pos": "N",
"epos": "N"}
}
,
{
"node": "l",
"frag": "EN-ia₂",
"id": "P334650.l061dd",
"ref": "P334650.9.6",
"inst": "bēlīya[lord]N",
"sig": "@saao/saa10%akk-x-neoass:EN-ia₂=bēlu[lord//lord]N'N$bēlīya",
"f": {"lang": "akk-x-neoass",
"form": "EN-ia₂",
"cf": "bēlu",
"gw": "lord",
"sense": "lord",
"norm": "bēlīya",
"pos": "N",
"epos": "N"}
}
,
{
"node": "d",
"type": "line-start",
"ref": "P334650.10",
"n": "8'",
"label": "o 8'"}
,
{
"node": "l",
"frag": "lik-ru-bu",
"id": "P334650.l061de",
"ref": "P334650.10.1",
"inst": "likrubu[bless]V",
"sig": "@saao/saa10%akk-x-neoass:lik-ru-bu=karābu[pray//bless]V'V$likrubu",
"f": {"lang": "akk-x-neoass",
"form": "lik-ru-bu",
"cf": "karābu",
"gw": "pray",
"sense": "bless",
"norm": "likrubu",
"pos": "V",
"epos": "V"}
}
,
{
"node": "d",
"frag": ":",
"type": "nonw",
"ref": "P334650.10.2",
"lang": "akk-x-neoass",
"type": "punct",
"gdl_delim": " "}
,
{
"node": "l",
"frag": "DI-mu",
"id": "P334650.l061df",
"ref": "P334650.10.3",
"inst": "šulmu[health]N",
"sig": "@saao/saa10%akk-x-neoass:DI-mu=šulmu[completeness//health]N'N$šulmu",
"f": {"lang": "akk-x-neoass",
"form": "DI-mu",
"cf": "šulmu",
"gw": "completeness",
"sense": "health",
"norm": "šulmu",
"pos": "N",
"epos": "N"}
}
,
{
"node": "l",
"frag": "a-dan-niš",
"id": "P334650.l061e0",
"ref": "P334650.10.4",
"inst": "adanniš[very much]AV",
"sig": "@saao/saa10%akk-x-neoass:a-dan-niš=adanniš[very much//very much]AV'AV$adanniš",
"f": {"lang": "akk-x-neoass",
"form": "a-dan-niš",
"cf": "adanniš",
"gw": "very much",
"sense": "very much",
"norm": "adanniš",
"pos": "AV",
"epos": "AV"}
}
,
{
"node": "d",
"type": "line-start",
"ref": "P334650.11",
"n": "9'",
"label": "o 9'"}
,
{
"node": "l",
"frag": "a-na",
"id": "P334650.l061e1",
"ref": "P334650.11.1",
"inst": "ana[to]PRP",
"sig": "@saao/saa10%akk-x-neoass:a-na=ana[to//to]PRP'PRP$ana",
"f": {"lang": "akk-x-neoass",
"form": "a-na",
"cf": "ana",
"gw": "to",
"sense": "to",
"norm": "ana",
"pos": "PRP",
"epos": "PRP"}
}
,
{
"node": "l",
"frag": "{lu₂}pi-qit-ta-a-ti",
"id": "P334650.l061e2",
"ref": "P334650.11.2",
"inst": "+piqittu[allocation//charge]N'N$piqittāti",
"sig": "@saao/saa10%akk-x-neoass:{LU₂}pi-qit-ta-a-ti=piqittu[allocation//charge]N'N$piqittāti",
"f": {"lang": "akk-x-neoass",
"form": "{LU₂}pi-qit-ta-a-ti",
"cf": "piqittu",
"gw": "allocation",
"sense": "charge",
"norm": "piqittāti",
"pos": "N",
"epos": "N"}
}
,
{
"node": "l",
"frag": "gab-bu",
"id": "P334650.l061e3",
"ref": "P334650.11.3",
"inst": "gabbu[all]N",
"sig": "@saao/saa10%akk-x-neoass:gab-bu=gabbu[totality//all]N'N$gabbu",
"f": {"lang": "akk-x-neoass",
"form": "gab-bu",
"cf": "gabbu",
"gw": "totality",
"sense": "all",
"norm": "gabbu",
"pos": "N",
"epos": "N"}
}
,
{
"node": "d",
"type": "line-start",
"ref": "P334650.12",
"n": "10'",
"label": "o 10'"}
,
{
"node": "l",
"frag": "ŠA₃-bu",
"id": "P334650.l061e4",
"ref": "P334650.12.1",
"inst": "libbu[mood]N",
"sig": "@saao/saa10%akk-x-neoass:ŠA₃-bu=libbu[interior//mood]N'N$libbu",
"f": {"lang": "akk-x-neoass",
"form": "ŠA₃-bu",
"cf": "libbu",
"gw": "interior",
"sense": "mood",
"norm": "libbu",
"pos": "N",
"epos": "N"}
}
,
{
"node": "l",
"frag": "ša",
"id": "P334650.l061e5",
"ref": "P334650.12.2",
"inst": "ša[of]DET",
"sig": "@saao/saa10%akk-x-neoass:ša=ša[of//of]DET'DET$ša",
"f": {"lang": "akk-x-neoass",
"form": "ša",
"cf": "ša",
"gw": "of",
"sense": "of",
"norm": "ša",
"pos": "DET",
"epos": "DET"}
}
,
{
"node": "l",
"frag": "LUGAL",
"id": "P334650.l061e6",
"ref": "P334650.12.3",
"inst": "šarri[king]N",
"sig": "@saao/saa10%akk-x-neoass:LUGAL=šarru[king//king]N'N$šarri",
"f": {"lang": "akk-x-neoass",
"form": "LUGAL",
"cf": "šarru",
"gw": "king",
"sense": "king",
"norm": "šarri",
"pos": "N",
"epos": "N"}
}
,
{
"node": "l",
"frag": "EN-ia",
"id": "P334650.l061e7",
"ref": "P334650.12.4",
"inst": "bēlīya[lord]N",
"sig": "@saao/saa10%akk-x-neoass:EN-ia=bēlu[lord//lord]N'N$bēlīya",
"f": {"lang": "akk-x-neoass",
"form": "EN-ia",
"cf": "bēlu",
"gw": "lord",
"sense": "lord",
"norm": "bēlīya",
"pos": "N",
"epos": "N"}
}
,
{
"node": "d",
"type": "line-start",
"ref": "P334650.13",
"n": "11'",
"label": "o 11'"}
,
{
"node": "l",
"frag": "lu",
"id": "P334650.l061e8",
"ref": "P334650.13.1",
"inst": "lū[may]MOD",
"sig": "@saao/saa10%akk-x-neoass:lu=lū[may//may]MOD'MOD$lū",
"f": {"lang": "akk-x-neoass",
"form": "lu",
"cf": "lū",
"gw": "may",
"sense": "may",
"norm": "lū",
"pos": "MOD",
"epos": "MOD"}
}
,
{
"node": "l",
"frag": "ṭa-ab-šu",
"id": "P334650.l061e9",
"ref": "P334650.13.2",
"inst": "+ṭābu[good]AJ$ṭābšu",
"sig": "@saao/saa10%akk-x-neoass:ṭa-ab-šu=ṭābu[good//good]AJ'AJ$ṭābšu",
"f": {"lang": "akk-x-neoass",
"form": "ṭa-ab-šu",
"cf": "ṭābu",
"gw": "good",
"sense": "good",
"norm": "ṭābšu",
"pos": "AJ",
"epos": "AJ"}
}
,
{
"node": "d",
"subtype": "reverse",
"type": "surface",
"ref": "P334650.r.14",
"type": "reverse",
"label": "r"}
,
{
"node": "d",
"type": "line-start",
"ref": "P334650.15",
"n": "1",
"label": "r 1"}
,
{
"node": "l",
"frag": "ki-i",
"id": "P334650.l061ea",
"ref": "P334650.15.1",
"inst": "kî[in accordance with]PRP",
"sig": "@saao/saa10%akk-x-neoass:ki-i=kī[like//in accordance with]PRP'PRP$kî",
"f": {"lang": "akk-x-neoass",
"form": "ki-i",
"cf": "kī",
"gw": "like",
"sense": "in accordance with",
"norm": "kî",
"pos": "PRP",
"epos": "PRP"}
}
,
{
"node": "l",
"frag": "ša",
"id": "P334650.l061eb",
"ref": "P334650.15.2",
"inst": "ša[what]REL",
"sig": "@saao/saa10%akk-x-neoass:ša=ša[that//what]REL'REL$ša",
"f": {"lang": "akk-x-neoass",
"form": "ša",
"cf": "ša",
"gw": "that",
"sense": "what",
"norm": "ša",
"pos": "REL",
"epos": "REL"}
}
,
{
"node": "l",
"frag": "LUGAL",
"id": "P334650.l061ec",
"ref": "P334650.15.3",
"inst": "šarru[king]N",
"sig": "@saao/saa10%akk-x-neoass:LUGAL=šarru[king//king]N'N$šarru",
"f": {"lang": "akk-x-neoass",
"form": "LUGAL",
"cf": "šarru",
"gw": "king",
"sense": "king",
"norm": "šarru",
"pos": "N",
"epos": "N"}
}
,
{
"node": "l",
"frag": "be-li₂",
"id": "P334650.l061ed",
"ref": "P334650.15.4",
"inst": "bēlī[lord]N",
"sig": "@saao/saa10%akk-x-neoass:be-li₂=bēlu[lord//lord]N'N$bēlī",
"f": {"lang": "akk-x-neoass",
"form": "be-li₂",
"cf": "bēlu",
"gw": "lord",
"sense": "lord",
"norm": "bēlī",
"pos": "N",
"epos": "N"}
}
,
{
"node": "l",
"frag": "iš-pur-an-ni",
"id": "P334650.l061ee",
"ref": "P334650.15.5",
"inst": "išpuranni[write]V",
"sig": "@saao/saa10%akk-x-neoass:iš-pur-an-ni=šapāru[send//write]V'V$išpuranni",
"f": {"lang": "akk-x-neoass",
"form": "iš-pur-an-ni",
"cf": "šapāru",
"gw": "send",
"sense": "write",
"norm": "išpuranni",
"pos": "V",
"epos": "V"}
}
,
{
"node": "d",
"type": "line-start",
"ref": "P334650.16",
"n": "2",
"label": "r 2"}
,
{
"node": "l",
"frag": "e-ta-pa-aš₂",
"id": "P334650.l061ef",
"ref": "P334650.16.1",
"inst": "ētapaš[do]V",
"sig": "@saao/saa10%akk-x-neoass:e-ta-pa-aš₂=epēšu[do//perform]V'V$ētapaš",
"f": {"lang": "akk-x-neoass",
"form": "e-ta-pa-aš₂",
"cf": "epēšu",
"gw": "do",
"sense": "perform",
"norm": "ētapaš",
"pos": "V",
"epos": "V"}
}
,
{
"node": "l",
"frag": "tak-pir-tu",
"id": "P334650.l061f0",
"ref": "P334650.16.2",
"inst": "+takpertu[purification (ceremony)]N$takpirtu",
"sig": "@saao/saa10%akk-x-neoass:tak-pir-tu=takpertu[purification (ceremony)//purification (ceremony)]N'N$takpirtu",
"f": {"lang": "akk-x-neoass",
"form": "tak-pir-tu",
"cf": "takpertu",
"gw": "purification (ceremony)",
"sense": "purification (ceremony)",
"norm": "takpirtu",
"pos": "N",
"epos": "N"}
}
,
{
"node": "l",
"frag": "KALAG-tu₂",
"id": "P334650.l061f1",
"ref": "P334650.16.3",
"inst": "+dannu[strong//effective]AJ'AJ$daʾʾutu",
"sig": "@saao/saa10%akk-x-neoass:KALAG-tu₂=dannu[strong//effective]AJ'AJ$daʾʾutu",
"f": {"lang": "akk-x-neoass",
"form": "KALAG-tu₂",
"cf": "dannu",
"gw": "strong",
"sense": "effective",
"norm": "daʾʾutu",
"pos": "AJ",
"epos": "AJ"}
}
,
{
"node": "d",
"type": "line-start",
"ref": "P334650.17",
"n": "3",
"label": "r 3"}
,
{
"node": "l",
"frag": "ina",
"id": "P334650.l061f2",
"ref": "P334650.17.1",
"inst": "ina[in]PRP",
"sig": "@saao/saa10%akk-x-neoass:ina=ina[in//from]PRP'PRP$ina",
"f": {"lang": "akk-x-neoass",
"form": "ina",
"cf": "ina",
"gw": "in",
"sense": "from",
"norm": "ina",
"pos": "PRP",
"epos": "PRP"}
}
,
{
"node": "l",
"frag": "UGU",
"id": "P334650.l061f3",
"ref": "P334650.17.2",
"inst": "muhhi[skull]N",
"sig": "@saao/saa10%akk-x-neoass:UGU=muhhu[skull//skull]N'N$muhhi",
"f": {"lang": "akk-x-neoass",
"form": "UGU",
"cf": "muhhu",
"gw": "skull",
"sense": "skull",
"norm": "muhhi",
"pos": "N",
"epos": "N"}
}
,
{
"node": "l",
"frag": "E₂-ŠU.2",
"id": "P334650.l061f4",
"ref": "P334650.17.3",
"cof-tails": "P334650.l061f5",
"inst": "+bītu[house]N$bēt&+qātu[hand]N$qāti",
"sig": "@saao/saa10%akk-x-neoass:E₂-ŠU.2=bītu[house//house]N'N$bēt&&@saao/saa10%akk-x-neoass:=qātu[hand//hand]N'N$qāti",
"f": {"lang": "akk-x-neoass",
"form": "E₂-ŠU.2",
"cf": "bītu",
"gw": "house",
"sense": "house",
"norm": "bēt",
"pos": "N",
"epos": "N"}
}
,
{
"node": "l",
"frag": "E₂-ŠU.2",
"id": "P334650.l061f5",
"ref": "P334650.17.3",
"cof-head": "P334650.l061f4",
"inst": "+bītu[house]N$bēt&+qātu[hand]N$qāti",
"f": {"lang": "akk-x-neoass",
"form": "E₂-ŠU.2",
"cf": "qātu",
"gw": "hand",
"sense": "hand",
"norm": "qāti",
"pos": "N",
"epos": "N"}
}
,
{
"node": "l",
"frag": "ša",
"id": "P334650.l061f6",
"ref": "P334650.17.4",
"inst": "ša[of]DET",
"sig": "@saao/saa10%akk-x-neoass:ša=ša[of//of]DET'DET$ša",
"f": {"lang": "akk-x-neoass",
"form": "ša",
"cf": "ša",
"gw": "of",
"sense": "of",
"norm": "ša",
"pos": "DET",
"epos": "DET"}
}
,
{
"node": "l",
"frag": "{lu₂}SAG-MEŠ-ni",
"id": "P334650.l061f7",
"ref": "P334650.17.5",
"inst": "ša-rēšāni[eunuch]N",
"sig": "@saao/saa10%akk-x-neoass:{LU₂}SAG-MEŠ-ni=ša-rēši[eunuch//eunuch]N'N$ša-rēšāni",
"f": {"lang": "akk-x-neoass",
"form": "{LU₂}SAG-MEŠ-ni",
"cf": "ša-rēši",
"gw": "eunuch",
"sense": "eunuch",
"norm": "ša-rēšāni",
"pos": "N",
"epos": "N"}
}
,
{
"node": "d",
"type": "line-start",
"ref": "P334650.18",
"n": "4",
"label": "r 4"}
,
{
"node": "l",
"frag": "us-se-ti-iq",
"id": "P334650.l061f8",
"ref": "P334650.18.1",
"inst": "+etēqu[proceed//carry out]V'V$ussētiq",
"sig": "@saao/saa10%akk-x-neoass:us-se-ti-iq=etēqu[proceed//carry out]V'V$ussētiq",
"f": {"lang": "akk-x-neoass",
"form": "us-se-ti-iq",
"cf": "etēqu",
"gw": "proceed",
"sense": "carry out",
"norm": "ussētiq",
"pos": "V",
"epos": "V"}
}
,
{
"node": "l",
"frag": "pa-rik-tu₂",
"id": "P334650.l061f9",
"ref": "P334650.18.2",
"inst": "+pariktu[blockage]N$",
"sig": "@saao/saa10%akk-x-neoass:pa-rik-tu₂=pariktu[blockage//blockage]N'N$pariktu",
"f": {"lang": "akk-x-neoass",
"form": "pa-rik-tu₂",
"cf": "pariktu",
"gw": "blockage",
"sense": "blockage",
"norm": "pariktu",
"pos": "N",
"epos": "N"}
}
,
{
"node": "d",
"frag": ":.",
"type": "nonw",
"ref": "P334650.18.3",
"lang": "akk-x-neoass",
"type": "punct",
"gdl_delim": " "}
,
{
"node": "l",
"frag": "par-kat₃",
"id": "P334650.l061fa",
"ref": "P334650.18.4",
"inst": "+parku[blocked//closed off]AJ'AJ$parkat",
"sig": "@saao/saa10%akk-x-neoass:par-kat₃=parku[blocked//closed off]AJ'AJ$parkat",
"f": {"lang": "akk-x-neoass",
"form": "par-kat₃",
"cf": "parku",
"gw": "blocked",
"sense": "closed off",
"norm": "parkat",
"pos": "AJ",
"epos": "AJ"}
}
,
{
"node": "d",
"type": "line-start",
"ref": "P334650.19",
"n": "5",
"label": "r 5"}
,
{
"node": "l",
"frag": "ina",
"id": "P334650.l061fb",
"ref": "P334650.19.1",
"inst": "ina[in]PRP",
"sig": "@saao/saa10%akk-x-neoass:ina=ina[in//from]PRP'PRP$ina",
"f": {"lang": "akk-x-neoass",
"form": "ina",
"cf": "ina",
"gw": "in",
"sense": "from",
"norm": "ina",
"pos": "PRP",
"epos": "PRP"}
}
,
{
"node": "l",
"frag": "E₂",
"id": "P334650.l061fc",
"ref": "P334650.19.2",
"inst": "bēt[house]N",
"sig": "@saao/saa10%akk-x-neoass:E₂=bītu[house//household]N'N$bēt",
"f": {"lang": "akk-x-neoass",
"form": "E₂",
"cf": "bītu",
"gw": "house",
"sense": "household",
"norm": "bēt",
"pos": "N",
"epos": "N"}
}
,
{
"node": "l",
"frag": "{1}bal-ṭa-a.a",
"id": "P334650.l061fd",
"ref": "P334650.19.3",
"inst": "Balṭi-Aya[1]PN",
"sig": "@saao/saa10%akk-x-neoass:{1}bal-ṭa-a.a=Balṭi-Aya[1//1]PN'PN$Balṭi-Aya",
"f": {"lang": "akk-x-neoass",
"form": "{1}bal-ṭa-a.a",
"cf": "Balṭi-Aya",
"gw": "1",
"sense": "1",
"norm": "Balṭi-Aya",
"pos": "PN",
"epos": "PN"}
}
,
{
"node": "l",
"frag": "NU-MEŠ-ni",
"id": "P334650.l061fe",
"ref": "P334650.19.4",
"inst": "+ṣalmu[effigy//statue]N'N$ṣalmāni",
"sig": "@saao/saa10%akk-x-neoass:NU-MEŠ-ni=ṣalmu[effigy//statue]N'N$ṣalmāni",
"f": {"lang": "akk-x-neoass",
"form": "NU-MEŠ-ni",
"cf": "ṣalmu",
"gw": "effigy",
"sense": "statue",
"norm": "ṣalmāni",
"pos": "N",
"epos": "N"}
}
,
{
"node": "d",
"type": "line-start",
"ref": "P334650.20",
"n": "6",
"label": "r 6"}
,
{
"node": "l",
"frag": "u₂-ta-aš₂-ši-iš",
"id": "P334650.l061ff",
"ref": "P334650.20.1",
"inst": "+uššušu[renew]V$ūtaššiš",
"sig": "@saao/saa10%akk-x-neoass:u₂-ta-aš₂-ši-iš=uššušu[renew//renew]V'V$ūtaššiš",
"f": {"lang": "akk-x-neoass",
"form": "u₂-ta-aš₂-ši-iš",
"cf": "uššušu",
"gw": "renew",
"sense": "renew",
"norm": "ūtaššiš",
"pos": "V",
"epos": "V"}
}
,
{
"node": "l",
"frag": "KA.[LUH].⸢U₃⸣.DA",
"id": "P334650.l06200",
"ref": "P334650.20.2",
"inst": "+mīs-pî[mouth-washing//mouth-washing (ceremony)]N'N$",
"sig": "@saao/saa10%akk-x-neoass:KA.LUH.U₃.DA=mīs-pî[mouth-washing//mouth-washing (ceremony)]N'N$mīs-pî",
"f": {"lang": "akk-x-neoass",
"form": "KA.LUH.U₃.DA",
"cf": "mīs-pî",
"gw": "mouth-washing",
"sense": "mouth-washing (ceremony)",
"norm": "mīs-pî",
"pos": "N",
"epos": "N"}
}
,
{
"node": "d",
"type": "line-start",
"ref": "P334650.21",
"n": "7",
"label": "r 7"}
,
{
"node": "l",
"frag": "uq-ṭar-ri-ib",
"id": "P334650.l06201",
"ref": "P334650.21.1",
"inst": "uqṭarrib[present]V",
"sig": "@saao/saa10%akk-x-neoass:uq-ṭar-ri-ib=qerēbu[approach//present]V'V$uqṭarrib",
"f": {"lang": "akk-x-neoass",
"form": "uq-ṭar-ri-ib",
"cf": "qerēbu",
"gw": "approach",
"sense": "present",
"norm": "uqṭarrib",
"pos": "V",
"epos": "V"}
}
,
{
"node": "d",
"frag": ":",
"type": "nonw",
"ref": "P334650.21.2",
"lang": "akk-x-neoass",
"type": "punct",
"gdl_delim": " "}
,
{
"node": "l",
"frag": "ṣa-lam",
"id": "P334650.l06202",
"ref": "P334650.21.3",
"inst": "ṣalam[effigy]N",
"sig": "@saao/saa10%akk-x-neoass:ṣa-lam=ṣalmu[effigy//effigy]N'N$ṣalam",
"f": {"lang": "akk-x-neoass",
"form": "ṣa-lam",
"cf": "ṣalmu",
"gw": "effigy",
"sense": "effigy",
"norm": "ṣalam",
"pos": "N",
"epos": "N"}
}
,
{
"node": "l",
"frag": "{⸢mul⸣}[x",
"id": "P334650.l06203",
"ref": "P334650.21.4",
"inst": "u",
"f": {"lang": "akk-x-neoass",
"form": "{MUL}x",
"pos": "u"}
}
,
{
"node": "l",
"frag": "x",
"id": "P334650.l06204",
"ref": "P334650.21.5",
"inst": "u",
"f": {"lang": "akk-x-neoass",
"form": "x",
"pos": "u"}
}
,
{
"node": "l",
"frag": "x]",
"id": "P334650.l06205",
"ref": "P334650.21.6",
"inst": "u",
"f": {"lang": "akk-x-neoass",
"form": "x",
"pos": "u"}
}
,
{
"node": "d",
"type": "line-start",
"ref": "P334650.22",
"n": "8",
"label": "r 8"}
,
{
"node": "l",
"frag": "u₂-ta-aṣ-ṣir",
"id": "P334650.l06206",
"ref": "P334650.22.1",
"inst": "+eṣēru[draw]V$ūtaṣṣir",
"sig": "@saao/saa10%akk-x-neoass:u₂-ta-aṣ-ṣir=eṣēru[draw//draw]V'V$ūtaṣṣir",
"f": {"lang": "akk-x-neoass",
"form": "u₂-ta-aṣ-ṣir",
"cf": "eṣēru",
"gw": "draw",
"sense": "draw",
"norm": "ūtaṣṣir",
"pos": "V",
"epos": "V"}
}
,
{
"node": "d",
"frag": ":",
"type": "nonw",
"ref": "P334650.22.2",
"lang": "akk-x-neoass",
"type": "punct",
"gdl_delim": " "}
,
{
"node": "l",
"frag": "UR.KU",
"id": "P334650.l06207",
"ref": "P334650.22.3",
"inst": "kalbu[dog]N",
"sig": "@saao/saa10%akk-x-neoass:UR.KU=kalbu[dog//dog]N'N$kalbu",
"f": {"lang": "akk-x-neoass",
"form": "UR.KU",
"cf": "kalbu",
"gw": "dog",
"sense": "dog",
"norm": "kalbu",
"pos": "N",
"epos": "N"}
}
,
{
"node": "l",
"frag": "[ina",
"id": "P334650.l06208",
"ref": "P334650.22.4",
"inst": "ina[in]PRP",
"sig": "@saao/saa10%akk-x-neoass:ina=ina[in//from]PRP'PRP$ina",
"f": {"lang": "akk-x-neoass",
"form": "ina",
"cf": "ina",
"gw": "in",
"sense": "from",
"norm": "ina",
"pos": "PRP",
"epos": "PRP"}
}
,
{
"node": "l",
"frag": "UGU]",
"id": "P334650.l06209",
"ref": "P334650.22.5",
"inst": "muhhi[skull]N",
"sig": "@saao/saa10%akk-x-neoass:UGU=muhhu[skull//skull]N'N$muhhi",
"f": {"lang": "akk-x-neoass",
"form": "UGU",
"cf": "muhhu",
"gw": "skull",
"sense": "skull",
"norm": "muhhi",
"pos": "N",
"epos": "N"}
}
,
{
"node": "d",
"type": "line-start",
"ref": "P334650.23",
"n": "9",
"label": "r 9"}
,
{
"node": "l",
"frag": "us-se-ši-ib",
"id": "P334650.l0620a",
"ref": "P334650.23.1",
"inst": "+ašābu[sit (down)//seat]V'V$ussēšib",
"sig": "@saao/saa10%akk-x-neoass:us-se-ši-ib=ašābu[sit (down)//seat]V'V$ussēšib",
"f": {"lang": "akk-x-neoass",
"form": "us-se-ši-ib",
"cf": "ašābu",
"gw": "sit (down)",
"sense": "seat",
"norm": "ussēšib",
"pos": "V",
"epos": "V"}
}
,
{
"node": "l",
"frag": "{gi}DU₈",
"id": "P334650.l0620b",
"ref": "P334650.23.2",
"inst": "+paṭīru[portable altar]N$",
"sig": "@saao/saa10%akk-x-neoass:{GI}DU₈=paṭīru[portable altar//portable altar]N'N$paṭīru",
"f": {"lang": "akk-x-neoass",
"form": "{GI}DU₈",
"cf": "paṭīru",
"gw": "portable altar",
"sense": "portable altar",
"norm": "paṭīru",
"pos": "N",
"epos": "N"}
}
,
{
"node": "l",
"frag": "[uk]-⸢tin⸣",
"id": "P334650.l0620c",
"ref": "P334650.23.3",
"inst": "+kânu[be(come) permanent//set up]V'V$uktīn",
"sig": "@saao/saa10%akk-x-neoass:uk-tin=kânu[be(come) permanent//set up]V'V$uktīn",
"f": {"lang": "akk-x-neoass",
"form": "uk-tin",
"cf": "kânu",
"gw": "be(come) permanent",
"sense": "set up",
"norm": "uktīn",
"pos": "V",
"epos": "V"}
}
,
{
"node": "d",
"type": "line-start",
"ref": "P334650.24",
"n": "10",
"label": "r 10"}
,
{
"node": "l",
"frag": "tak-pir-tu",
"id": "P334650.l0620d",
"ref": "P334650.24.1",
"inst": "takpirtu[purification (ceremony)]N",
"sig": "@saao/saa10%akk-x-neoass:tak-pir-tu=takpertu[purification (ceremony)//purification (ceremony)]N'N$takpirtu",
"f": {"lang": "akk-x-neoass",
"form": "tak-pir-tu",
"cf": "takpertu",
"gw": "purification (ceremony)",
"sense": "purification (ceremony)",
"norm": "takpirtu",
"pos": "N",
"epos": "N"}
}
,
{
"node": "l",
"frag": "⸢KALAG⸣-tu₂",
"id": "P334650.l0620e",
"ref": "P334650.24.2",
"inst": "daʾʾutu[effective]AJ",
"sig": "@saao/saa10%akk-x-neoass:KALAG-tu₂=dannu[strong//effective]AJ'AJ$daʾʾutu",
"f": {"lang": "akk-x-neoass",
"form": "KALAG-tu₂",
"cf": "dannu",
"gw": "strong",
"sense": "effective",
"norm": "daʾʾutu",
"pos": "AJ",
"epos": "AJ"}
}
,
{
"node": "l",
"frag": "us-se-ti-iq",
"id": "P334650.l0620f",
"ref": "P334650.24.3",
"inst": "+etēqu[proceed//carry out]V'V$ussētiq",
"sig": "@saao/saa10%akk-x-neoass:us-se-ti-iq=etēqu[proceed//carry out]V'V$ussētiq",
"f": {"lang": "akk-x-neoass",
"form": "us-se-ti-iq",
"cf": "etēqu",
"gw": "proceed",
"sense": "carry out",
"norm": "ussētiq",
"pos": "V",
"epos": "V"}
}
,
{
"node": "d",
"type": "line-start",
"ref": "P334650.25",
"n": "11",
"label": "r 11"}
,
{
"node": "l",
"frag": "[x",
"id": "P334650.l06210",
"ref": "P334650.25.1",
"inst": "u",
"f": {"lang": "akk-x-neoass",
"form": "x",
"pos": "u"}
}
,
{
"node": "l",
"frag": "x",
"id": "P334650.l06211",
"ref": "P334650.25.2",
"inst": "u",
"f": {"lang": "akk-x-neoass",
"form": "x",
"pos": "u"}
}
,
{
"node": "l",
"frag": "x",
"id": "P334650.l06212",
"ref": "P334650.25.3",
"inst": "u",
"f": {"lang": "akk-x-neoass",
"form": "x",
"pos": "u"}
}
,
{
"node": "l",
"frag": "x",
"id": "P334650.l06213",
"ref": "P334650.25.4",
"inst": "u",
"f": {"lang": "akk-x-neoass",
"form": "x",
"pos": "u"}
}
,
{
"node": "l",
"frag": "x]+⸢x",
"id": "P334650.l06214",
"ref": "P334650.25.5",
"inst": "u",
"f": {"lang": "akk-x-neoass",
"form": "x+x",
"pos": "u"}
}
,
{
"node": "l",
"frag": "LUGAL",
"id": "P334650.l06215",
"ref": "P334650.25.6",
"inst": "šarri[king]N",
"sig": "@saao/saa10%akk-x-neoass:LUGAL=šarru[king//king]N'N$šarri",
"f": {"lang": "akk-x-neoass",
"form": "LUGAL",
"cf": "šarru",
"gw": "king",
"sense": "king",
"norm": "šarri",
"pos": "N",
"epos": "N"}
}
,
{
"node": "l",
"frag": "EN-ia⸣",
"id": "P334650.l06216",
"ref": "P334650.25.7",
"inst": "bēlīya[lord]N",
"sig": "@saao/saa10%akk-x-neoass:EN-ia=bēlu[lord//lord]N'N$bēlīya",
"f": {"lang": "akk-x-neoass",
"form": "EN-ia",
"cf": "bēlu",
"gw": "lord",
"sense": "lord",
"norm": "bēlīya",
"pos": "N",
"epos": "N"}
}
,
{
"node": "d",
"type": "nonx",
"ref": "P334650.26",
"strict": "0",
"extent": "rest",
"state": "missing"}
]}
]}
]}
]}
