{
"type": "cdl",
  "source": "http://oracc.org/saao/saa10",
  "license": "This data is released under the CC0 license",
  "license-url": "https://creativecommons.org/publicdomain/zero/1.0/",
  "more-info": "http://oracc.org/doc/opendata/",
  "UTC-timestamp": "2017-05-19T11:42:36",
"project": "saao/saa10",
"textid": "P334029",
"cdl": [
{
"node": "c",
"type": "text",
"id": "P334029.U0",
"cdl": [
{
"node": "d",
"type": "object",
"ref": ""}
,
{
"node": "d",
"subtype": "obverse",
"type": "surface",
"ref": "P334029.o.1",
"type": "obverse",
"label": "o"}
,
{
"node": "c",
"type": "discourse",
"subtype": "body",
"id": "P334029.U1",
"cdl": [
{
"node": "c",
"type": "sentence",
"id": "P334029.U2",
"label": "o 1 - e. 1",
"cdl": [
{
"node": "d",
"type": "line-start",
"ref": "P334029.2",
"n": "1",
"label": "o 1"}
,
{
"node": "l",
"frag": "a-na",
"id": "P334029.l01564",
"ref": "P334029.2.1",
"inst": "ana[to]PRP",
"sig": "@saao/saa10%akk-x-neoass:a-na=ana[to//to]PRP'PRP$ana",
"f": {"lang": "akk-x-neoass",
"form": "a-na",
"cf": "ana",
"gw": "to",
"sense": "to",
"norm": "ana",
"pos": "PRP",
"epos": "PRP"}
}
,
{
"node": "l",
"frag": "LUGAL",
"id": "P334029.l01565",
"ref": "P334029.2.2",
"inst": "šarri[king]N",
"sig": "@saao/saa10%akk-x-neoass:LUGAL=šarru[king//king]N'N$šarri",
"f": {"lang": "akk-x-neoass",
"form": "LUGAL",
"cf": "šarru",
"gw": "king",
"sense": "king",
"norm": "šarri",
"pos": "N",
"epos": "N"}
}
,
{
"node": "l",
"frag": "EN-ia",
"id": "P334029.l01566",
"ref": "P334029.2.3",
"inst": "bēlīya[lord]N",
"sig": "@saao/saa10%akk-x-neoass:EN-ia=bēlu[lord//lord]N'N$bēlīya",
"f": {"lang": "akk-x-neoass",
"form": "EN-ia",
"cf": "bēlu",
"gw": "lord",
"sense": "lord",
"norm": "bēlīya",
"pos": "N",
"epos": "N"}
}
,
{
"node": "d",
"type": "line-start",
"ref": "P334029.3",
"n": "2",
"label": "o 2"}
,
{
"node": "l",
"frag": "ARAD-ka",
"id": "P334029.l01567",
"ref": "P334029.3.1",
"inst": "urdaka[servant]N",
"sig": "@saao/saa10%akk-x-neoass:ARAD-ka=ardu[slave//servant]N'N$urdaka",
"f": {"lang": "akk-x-neoass",
"form": "ARAD-ka",
"cf": "ardu",
"gw": "slave",
"sense": "servant",
"norm": "urdaka",
"pos": "N",
"epos": "N"}
}
,
{
"node": "l",
"frag": "{1}{d}PA-PAB-MEŠ-SU",
"id": "P334029.l01568",
"ref": "P334029.3.2",
"inst": "Nabu-ahhe-eriba[1]PN",
"sig": "@saao/saa10%akk-x-neoass:{1}{d}PA-PAB-MEŠ-SU=Nabu-ahhe-eriba[1//1]PN'PN$Nabu-ahhe-eriba",
"f": {"lang": "akk-x-neoass",
"form": "{1}{d}PA-PAB-MEŠ-SU",
"cf": "Nabu-ahhe-eriba",
"gw": "1",
"sense": "1",
"norm": "Nabu-ahhe-eriba",
"pos": "PN",
"epos": "PN"}
}
,
{
"node": "d",
"type": "line-start",
"ref": "P334029.4",
"n": "3",
"label": "o 3"}
,
{
"node": "l",
"frag": "lu",
"id": "P334029.l01569",
"ref": "P334029.4.1",
"inst": "lū[may]MOD",
"sig": "@saao/saa10%akk-x-neoass:lu=lū[may//may]MOD'MOD$lū",
"f": {"lang": "akk-x-neoass",
"form": "lu",
"cf": "lū",
"gw": "may",
"sense": "may",
"norm": "lū",
"pos": "MOD",
"epos": "MOD"}
}
,
{
"node": "l",
"frag": "DI-mu",
"id": "P334029.l0156a",
"ref": "P334029.4.2",
"inst": "šulmu[health]N",
"sig": "@saao/saa10%akk-x-neoass:DI-mu=šulmu[completeness//health]N'N$šulmu",
"f": {"lang": "akk-x-neoass",
"form": "DI-mu",
"cf": "šulmu",
"gw": "completeness",
"sense": "health",
"norm": "šulmu",
"pos": "N",
"epos": "N"}
}
,
{
"node": "l",
"frag": "a-na",
"id": "P334029.l0156b",
"ref": "P334029.4.3",
"inst": "ana[to]PRP",
"sig": "@saao/saa10%akk-x-neoass:a-na=ana[to//to]PRP'PRP$ana",
"f": {"lang": "akk-x-neoass",
"form": "a-na",
"cf": "ana",
"gw": "to",
"sense": "to",
"norm": "ana",
"pos": "PRP",
"epos": "PRP"}
}
,
{
"node": "l",
"frag": "LUGAL",
"id": "P334029.l0156c",
"ref": "P334029.4.4",
"inst": "šarri[king]N",
"sig": "@saao/saa10%akk-x-neoass:LUGAL=šarru[king//king]N'N$šarri",
"f": {"lang": "akk-x-neoass",
"form": "LUGAL",
"cf": "šarru",
"gw": "king",
"sense": "king",
"norm": "šarri",
"pos": "N",
"epos": "N"}
}
,
{
"node": "d",
"type": "line-start",
"ref": "P334029.5",
"n": "4",
"label": "o 4"}
,
{
"node": "l",
"frag": "EN-ia",
"id": "P334029.l0156d",
"ref": "P334029.5.1",
"inst": "bēlīya[lord]N",
"sig": "@saao/saa10%akk-x-neoass:EN-ia=bēlu[lord//lord]N'N$bēlīya",
"f": {"lang": "akk-x-neoass",
"form": "EN-ia",
"cf": "bēlu",
"gw": "lord",
"sense": "lord",
"norm": "bēlīya",
"pos": "N",
"epos": "N"}
}
,
{
"node": "d",
"type": "line-start",
"ref": "P334029.6",
"n": "5",
"label": "o 5"}
,
{
"node": "l",
"frag": "{d}PA",
"id": "P334029.l0156e",
"ref": "P334029.6.1",
"inst": "Nabu[1]DN",
"sig": "@saao/saa10%akk-x-neoass:{d}PA=Nabu[1//1]DN'DN$Nabu",
"f": {"lang": "akk-x-neoass",
"form": "{d}PA",
"cf": "Nabu",
"gw": "1",
"sense": "1",
"norm": "Nabu",
"pos": "DN",
"epos": "DN"}
}
,
{
"node": "l",
"frag": "{d}AMAR.UTU",
"id": "P334029.l0156f",
"ref": "P334029.6.2",
"inst": "Marduk[1]DN",
"sig": "@saao/saa10%akk-x-neoass:{d}AMAR.UTU=Marduk[1//1]DN'DN$Marduk",
"f": {"lang": "akk-x-neoass",
"form": "{d}AMAR.UTU",
"cf": "Marduk",
"gw": "1",
"sense": "1",
"norm": "Marduk",
"pos": "DN",
"epos": "DN"}
}
,
{
"node": "l",
"frag": "a-na",
"id": "P334029.l01570",
"ref": "P334029.6.3",
"inst": "ana[to]PRP",
"sig": "@saao/saa10%akk-x-neoass:a-na=ana[to//to]PRP'PRP$ana",
"f": {"lang": "akk-x-neoass",
"form": "a-na",
"cf": "ana",
"gw": "to",
"sense": "to",
"norm": "ana",
"pos": "PRP",
"epos": "PRP"}
}
,
{
"node": "l",
"frag": "LUGAL",
"id": "P334029.l01571",
"ref": "P334029.6.4",
"inst": "šarri[king]N",
"sig": "@saao/saa10%akk-x-neoass:LUGAL=šarru[king//king]N'N$šarri",
"f": {"lang": "akk-x-neoass",
"form": "LUGAL",
"cf": "šarru",
"gw": "king",
"sense": "king",
"norm": "šarri",
"pos": "N",
"epos": "N"}
}
,
{
"node": "d",
"type": "line-start",
"ref": "P334029.7",
"n": "6",
"label": "o 6"}
,
{
"node": "l",
"frag": "EN-ia",
"id": "P334029.l01572",
"ref": "P334029.7.1",
"inst": "bēlīya[lord]N",
"sig": "@saao/saa10%akk-x-neoass:EN-ia=bēlu[lord//lord]N'N$bēlīya",
"f": {"lang": "akk-x-neoass",
"form": "EN-ia",
"cf": "bēlu",
"gw": "lord",
"sense": "lord",
"norm": "bēlīya",
"pos": "N",
"epos": "N"}
}
,
{
"node": "l",
"frag": "lik-ru-bu",
"id": "P334029.l01573",
"ref": "P334029.7.2",
"inst": "likrubu[bless]V",
"sig": "@saao/saa10%akk-x-neoass:lik-ru-bu=karābu[pray//bless]V'V$likrubu",
"f": {"lang": "akk-x-neoass",
"form": "lik-ru-bu",
"cf": "karābu",
"gw": "pray",
"sense": "bless",
"norm": "likrubu",
"pos": "V",
"epos": "V"}
}
,
{
"node": "d",
"type": "line-start",
"ref": "P334029.8",
"n": "7",
"label": "o 7"}
,
{
"node": "l",
"frag": "ša",
"id": "P334029.l01574",
"ref": "P334029.8.1",
"inst": "ša[what]REL",
"sig": "@saao/saa10%akk-x-neoass:ša=ša[that//what]REL'REL$ša",
"f": {"lang": "akk-x-neoass",
"form": "ša",
"cf": "ša",
"gw": "that",
"sense": "what",
"norm": "ša",
"pos": "REL",
"epos": "REL"}
}
,
{
"node": "l",
"frag": "LUGAL",
"id": "P334029.l01575",
"ref": "P334029.8.2",
"inst": "šarru[king]N",
"sig": "@saao/saa10%akk-x-neoass:LUGAL=šarru[king//king]N'N$šarru",
"f": {"lang": "akk-x-neoass",
"form": "LUGAL",
"cf": "šarru",
"gw": "king",
"sense": "king",
"norm": "šarru",
"pos": "N",
"epos": "N"}
}
,
{
"node": "l",
"frag": "be-li₂",
"id": "P334029.l01576",
"ref": "P334029.8.3",
"inst": "bēlī[lord]N",
"sig": "@saao/saa10%akk-x-neoass:be-li₂=bēlu[lord//lord]N'N$bēlī",
"f": {"lang": "akk-x-neoass",
"form": "be-li₂",
"cf": "bēlu",
"gw": "lord",
"sense": "lord",
"norm": "bēlī",
"pos": "N",
"epos": "N"}
}
,
{
"node": "d",
"type": "line-start",
"ref": "P334029.9",
"n": "8",
"label": "o 8"}
,
{
"node": "l",
"frag": "iš-pur-an-ni",
"id": "P334029.l01577",
"ref": "P334029.9.1",
"inst": "išpuranni[write]V",
"sig": "@saao/saa10%akk-x-neoass:iš-pur-an-ni=šapāru[send//write]V'V$išpuranni",
"f": {"lang": "akk-x-neoass",
"form": "iš-pur-an-ni",
"cf": "šapāru",
"gw": "send",
"sense": "write",
"norm": "išpuranni",
"pos": "V",
"epos": "V"}
}
,
{
"node": "d",
"type": "line-start",
"ref": "P334029.10",
"n": "9",
"label": "o 9"}
,
{
"node": "l",
"frag": "ma-a",
"id": "P334029.l01578",
"ref": "P334029.10.1",
"inst": "mā[saying]PRP",
"sig": "@saao/saa10%akk-x-neoass:ma-a=mā[saying//saying]PRP'PRP$mā",
"f": {"lang": "akk-x-neoass",
"form": "ma-a",
"cf": "mā",
"gw": "saying",
"sense": "saying",
"norm": "mā",
"pos": "PRP",
"epos": "PRP"}
}
,
{
"node": "l",
"frag": "ina",
"id": "P334029.l01579",
"ref": "P334029.10.2",
"inst": "ina[from]PRP",
"sig": "@saao/saa10%akk-x-neoass:ina=ina[in//from]PRP'PRP$ina",
"f": {"lang": "akk-x-neoass",
"form": "ina",
"cf": "ina",
"gw": "in",
"sense": "from",
"norm": "ina",
"pos": "PRP",
"epos": "PRP"}
}
,
{
"node": "l",
"frag": "ha-ra-am-me",
"id": "P334029.l0157a",
"ref": "P334029.10.3",
"inst": "haramme[later]AV",
"sig": "@saao/saa10%akk-x-neoass:ha-ra-am-me=haramma[later//later]AV'AV$haramme",
"f": {"lang": "akk-x-neoass",
"form": "ha-ra-am-me",
"cf": "haramma",
"gw": "later",
"sense": "later",
"norm": "haramme",
"pos": "AV",
"epos": "AV"}
}
,
{
"node": "d",
"type": "line-start",
"ref": "P334029.11",
"n": "10",
"label": "o 10"}
,
{
"node": "l",
"frag": "ina",
"id": "P334029.l0157b",
"ref": "P334029.11.1",
"inst": "ina[in]PRP",
"sig": "@saao/saa10%akk-x-neoass:ina=ina[in//from]PRP'PRP$ina",
"f": {"lang": "akk-x-neoass",
"form": "ina",
"cf": "ina",
"gw": "in",
"sense": "from",
"norm": "ina",
"pos": "PRP",
"epos": "PRP"}
}
,
{
"node": "l",
"frag": "pu-tu₂-u₂-a",
"id": "P334029.l0157c",
"ref": "P334029.11.2",
"inst": "+pūtu[forehead//opposition]N'N$pūtūwa",
"sig": "@saao/saa10%akk-x-neoass:pu-tu₂-u₂-a=pūtu[forehead//opposition]N'N$pūtūwa",
"f": {"lang": "akk-x-neoass",
"form": "pu-tu₂-u₂-a",
"cf": "pūtu",
"gw": "forehead",
"sense": "opposition",
"norm": "pūtūwa",
"pos": "N",
"epos": "N"}
}
,
{
"node": "d",
"type": "line-start",
"ref": "P334029.12",
"n": "11",
"label": "o 11"}
,
{
"node": "l",
"frag": "ta-za-az",
"id": "P334029.l0157d",
"ref": "P334029.12.1",
"inst": "tazzaz[stand]V",
"sig": "@saao/saa10%akk-x-neoass:ta-za-az=izuzzu[stand//stand]V'V$tazzaz",
"f": {"lang": "akk-x-neoass",
"form": "ta-za-az",
"cf": "izuzzu",
"gw": "stand",
"sense": "stand",
"norm": "tazzaz",
"pos": "V",
"epos": "V"}
}
,
{
"node": "l",
"frag": "ma-a",
"id": "P334029.l0157e",
"ref": "P334029.12.2",
"inst": "mā[saying]PRP",
"sig": "@saao/saa10%akk-x-neoass:ma-a=mā[saying//saying]PRP'PRP$mā",
"f": {"lang": "akk-x-neoass",
"form": "ma-a",
"cf": "mā",
"gw": "saying",
"sense": "saying",
"norm": "mā",
"pos": "PRP",
"epos": "PRP"}
}
,
{
"node": "l",
"frag": "šum-ma",
"id": "P334029.l0157f",
"ref": "P334029.12.3",
"inst": "šumma[if]MOD",
"sig": "@saao/saa10%akk-x-neoass:šum-ma=šumma[if//if]MOD'MOD$šumma",
"f": {"lang": "akk-x-neoass",
"form": "šum-ma",
"cf": "šumma",
"gw": "if",
"sense": "if",
"norm": "šumma",
"pos": "MOD",
"epos": "MOD"}
}
,
{
"node": "d",
"type": "line-start",
"ref": "P334029.13",
"n": "12",
"label": "o 12"}
,
{
"node": "l",
"frag": "a-bat-ka",
"id": "P334029.l01580",
"ref": "P334029.13.1",
"inst": "+awātu[word]N$abatka",
"sig": "@saao/saa10%akk-x-neoass:a-bat-ka=awātu[word//word]N'N$abatka",
"f": {"lang": "akk-x-neoass",
"form": "a-bat-ka",
"cf": "awātu",
"gw": "word",
"sense": "word",
"norm": "abatka",
"pos": "N",
"epos": "N"}
}
,
{
"node": "l",
"frag": "i-ba-aš₂-ši",
"id": "P334029.l01581",
"ref": "P334029.13.2",
"inst": "ibašši[exist]V",
"sig": "@saao/saa10%akk-x-neoass:i-ba-aš₂-ši=bašû[exist//exist]V'V$ibašši",
"f": {"lang": "akk-x-neoass",
"form": "i-ba-aš₂-ši",
"cf": "bašû",
"gw": "exist",
"sense": "exist",
"norm": "ibašši",
"pos": "V",
"epos": "V"}
}
,
{
"node": "d",
"type": "line-start",
"ref": "P334029.14",
"n": "13",
"label": "o 13"}
,
{
"node": "l",
"frag": "ma-a",
"id": "P334029.l01582",
"ref": "P334029.14.1",
"inst": "mā[saying]PRP",
"sig": "@saao/saa10%akk-x-neoass:ma-a=mā[saying//saying]PRP'PRP$mā",
"f": {"lang": "akk-x-neoass",
"form": "ma-a",
"cf": "mā",
"gw": "saying",
"sense": "saying",
"norm": "mā",
"pos": "PRP",
"epos": "PRP"}
}
,
{
"node": "l",
"frag": "šup-ra",
"id": "P334029.l01583",
"ref": "P334029.14.2",
"inst": "šupra[write]V",
"sig": "@saao/saa10%akk-x-neoass:šup-ra=šapāru[send//write]V'V$šupra",
"f": {"lang": "akk-x-neoass",
"form": "šup-ra",
"cf": "šapāru",
"gw": "send",
"sense": "write",
"norm": "šupra",
"pos": "V",
"epos": "V"}
}
,
{
"node": "d",
"type": "line-start",
"ref": "P334029.15",
"n": "14",
"label": "o 14"}
,
{
"node": "l",
"frag": "a-ke-e",
"id": "P334029.l01584",
"ref": "P334029.15.1",
"inst": "akê[how?]QP",
"sig": "@saao/saa10%akk-x-neoass:a-ke-e=kē[how?//how?]QP'QP$akê",
"f": {"lang": "akk-x-neoass",
"form": "a-ke-e",
"cf": "kē",
"gw": "how?",
"sense": "how?",
"norm": "akê",
"pos": "QP",
"epos": "QP"}
}
,
{
"node": "l",
"frag": "ina",
"id": "P334029.l01585",
"ref": "P334029.15.2",
"inst": "ina[in]PRP",
"sig": "@saao/saa10%akk-x-neoass:ina=ina[in//from]PRP'PRP$ina",
"f": {"lang": "akk-x-neoass",
"form": "ina",
"cf": "ina",
"gw": "in",
"sense": "from",
"norm": "ina",
"pos": "PRP",
"epos": "PRP"}
}
,
{
"node": "l",
"frag": "pu-ut",
"id": "P334029.l01586",
"ref": "P334029.15.3",
"inst": "pūt[opposite]'PRP",
"sig": "@saao/saa10%akk-x-neoass:pu-ut=pūtu[forehead//opposite]N'PRP$pūt",
"f": {"lang": "akk-x-neoass",
"form": "pu-ut",
"cf": "pūtu",
"gw": "forehead",
"sense": "opposite",
"norm": "pūt",
"pos": "N",
"epos": "PRP"}
}
,
{
"node": "d",
"type": "line-start",
"ref": "P334029.16",
"n": "15",
"label": "o 15"}
,
{
"node": "l",
"frag": "LUGAL",
"id": "P334029.l01587",
"ref": "P334029.16.1",
"inst": "šarri[king]N",
"sig": "@saao/saa10%akk-x-neoass:LUGAL=šarru[king//king]N'N$šarri",
"f": {"lang": "akk-x-neoass",
"form": "LUGAL",
"cf": "šarru",
"gw": "king",
"sense": "king",
"norm": "šarri",
"pos": "N",
"epos": "N"}
}
,
{
"node": "l",
"frag": "EN-ia",
"id": "P334029.l01588",
"ref": "P334029.16.2",
"inst": "bēlīya[lord]N",
"sig": "@saao/saa10%akk-x-neoass:EN-ia=bēlu[lord//lord]N'N$bēlīya",
"f": {"lang": "akk-x-neoass",
"form": "EN-ia",
"cf": "bēlu",
"gw": "lord",
"sense": "lord",
"norm": "bēlīya",
"pos": "N",
"epos": "N"}
}
,
{
"node": "d",
"subtype": "bottom",
"type": "surface",
"ref": "P334029.b.e..17",
"type": "bottom",
"label": "b.e."}
,
{
"node": "d",
"type": "line-start",
"ref": "P334029.18",
"n": "16",
"label": "b.e. 16"}
,
{
"node": "l",
"frag": "la",
"id": "P334029.l01589",
"ref": "P334029.18.1",
"inst": "lā[not]MOD",
"sig": "@saao/saa10%akk-x-neoass:la=lā[not//not]MOD'MOD$lā",
"f": {"lang": "akk-x-neoass",
"form": "la",
"cf": "lā",
"gw": "not",
"sense": "not",
"norm": "lā",
"pos": "MOD",
"epos": "MOD"}
}
,
{
"node": "l",
"frag": "az-za-az",
"id": "P334029.l0158a",
"ref": "P334029.18.2",
"inst": "+izuzzu[stand]V$izzaz",
"sig": "@saao/saa10%akk-x-neoass:az-za-az=izuzzu[stand//stand]V'V$izzaz",
"f": {"lang": "akk-x-neoass",
"form": "az-za-az",
"cf": "izuzzu",
"gw": "stand",
"sense": "stand",
"norm": "izzaz",
"pos": "V",
"epos": "V"}
}
,
{
"node": "d",
"type": "line-start",
"ref": "P334029.19",
"n": "17",
"label": "b.e. 17"}
,
{
"node": "l",
"frag": "TA@v",
"id": "P334029.l0158b",
"ref": "P334029.19.1",
"inst": "issi[with]PRP",
"sig": "@saao/saa10%akk-x-neoass:TA@v=išti[with//with]PRP'PRP$issi",
"f": {"lang": "akk-x-neoass",
"form": "TA@v",
"cf": "išti",
"gw": "with",
"sense": "with",
"norm": "issi",
"pos": "PRP",
"epos": "PRP"}
}
,
{
"node": "l",
"frag": "man-ni-im-ma",
"id": "P334029.l0158c",
"ref": "P334029.19.2",
"inst": "+mannu[who?]QP$mannimma",
"sig": "@saao/saa10%akk-x-neoass:man-ni-im-ma=mannu[who?//who?]QP'QP$mannimma",
"f": {"lang": "akk-x-neoass",
"form": "man-ni-im-ma",
"cf": "mannu",
"gw": "who?",
"sense": "who?",
"norm": "mannimma",
"pos": "QP",
"epos": "QP"}
}
,
{
"node": "d",
"type": "line-start",
"ref": "P334029.20",
"n": "18",
"label": "b.e. 18"}
,
{
"node": "l",
"frag": "ah-hur",
"id": "P334029.l0158d",
"ref": "P334029.20.1",
"inst": "ahhūr[further(more)]AV",
"sig": "@saao/saa10%akk-x-neoass:ah-hur=hurri[ever (after)//further(more)]AV'AV$ahhūr",
"f": {"lang": "akk-x-neoass",
"form": "ah-hur",
"cf": "hurri",
"gw": "ever (after)",
"sense": "further(more)",
"norm": "ahhūr",
"pos": "AV",
"epos": "AV"}
}
,
{
"node": "d",
"subtype": "reverse",
"type": "surface",
"ref": "P334029.r.21",
"type": "reverse",
"label": "r"}
,
{
"node": "d",
"type": "line-start",
"ref": "P334029.22",
"n": "1",
"label": "r 1"}
,
{
"node": "l",
"frag": "e-ni-in-ni",
"id": "P334029.l0158e",
"ref": "P334029.22.1",
"inst": "ēninni[eye]N",
"sig": "@saao/saa10%akk-x-neoass:e-ni-in-ni=īnu[eye//eye]N'N$ēninni",
"f": {"lang": "akk-x-neoass",
"form": "e-ni-in-ni",
"cf": "īnu",
"gw": "eye",
"sense": "eye",
"norm": "ēninni",
"pos": "N",
"epos": "N"}
}
,
{
"node": "d",
"type": "line-start",
"ref": "P334029.23",
"n": "2",
"label": "r 2"}
,
{
"node": "l",
"frag": "ša₂-ak-na",
"id": "P334029.l0158f",
"ref": "P334029.23.1",
"inst": "šakna[placed]AJ",
"sig": "@saao/saa10%akk-x-neoass:ša₂-ak-na=šaknu[placed//placed]AJ'AJ$šakna",
"f": {"lang": "akk-x-neoass",
"form": "ša₂-ak-na",
"cf": "šaknu",
"gw": "placed",
"sense": "placed",
"norm": "šakna",
"pos": "AJ",
"epos": "AJ"}
}
,
{
"node": "d",
"type": "line-start",
"ref": "P334029.24"}
,
{
"node": "d",
"type": "line-start",
"ref": "P334029.24l",
"n": "3",
"label": "r 3"}
,
{
"node": "l",
"frag": "a-na",
"id": "P334029.l01590",
"ref": "P334029.24.1",
"inst": "ana[to]PRP",
"sig": "@saao/saa10%akk-x-neoass:a-na=ana[to//to]PRP'PRP$ana",
"f": {"lang": "akk-x-neoass",
"form": "a-na",
"cf": "ana",
"gw": "to",
"sense": "to",
"norm": "ana",
"pos": "PRP",
"epos": "PRP"}
}
,
{
"node": "l",
"frag": "04",
"id": "P334029.l01591",
"ref": "P334029.24.2",
"inst": "n",
"f": {"lang": "akk-x-neoass",
"form": "04",
"pos": "n"}
}
,
{
"node": "l",
"frag": "ITI",
"id": "P334029.l01592",
"ref": "P334029.24.3",
"inst": "urhi[month]N",
"sig": "@saao/saa10%akk-x-neoass:ITI=arhu[month//month]N'N$urhi",
"f": {"lang": "akk-x-neoass",
"form": "ITI",
"cf": "arhu",
"gw": "month",
"sense": "month",
"norm": "urhi",
"pos": "N",
"epos": "N"}
}
,
{
"node": "d",
"type": "line-start",
"ref": ""}
,
{
"node": "l",
"frag": "ra-ab-bi",
"id": "P334029.l01593",
"ref": "P334029.24.1000",
"inst": "+rabbu[fourth]NU$rabbi",
"sig": "@saao/saa10%akk-x-neoass:ra-ab-bi=rabbu[fourth//fourth]NU'NU$rabbi",
"f": {"lang": "akk-x-neoass",
"form": "ra-ab-bi",
"cf": "rabbu",
"gw": "fourth",
"sense": "fourth",
"norm": "rabbi",
"pos": "NU",
"epos": "NU"}
}
,
{
"node": "l",
"frag": "ur-hi",
"id": "P334029.l01594",
"ref": "P334029.24.1001",
"inst": "+arhu[month]N$urhi",
"sig": "@saao/saa10%akk-x-neoass:ur-hi=arhu[month//month]N'N$urhi",
"f": {"lang": "akk-x-neoass",
"form": "ur-hi",
"cf": "arhu",
"gw": "month",
"sense": "month",
"norm": "urhi",
"pos": "N",
"epos": "N"}
}
,
{
"node": "d",
"type": "line-start",
"ref": "P334029.25",
"n": "4",
"label": "r 4"}
,
{
"node": "l",
"frag": "LUGAL",
"id": "P334029.l01595",
"ref": "P334029.25.1",
"inst": "šarru[king]N",
"sig": "@saao/saa10%akk-x-neoass:LUGAL=šarru[king//king]N'N$šarru",
"f": {"lang": "akk-x-neoass",
"form": "LUGAL",
"cf": "šarru",
"gw": "king",
"sense": "king",
"norm": "šarru",
"pos": "N",
"epos": "N"}
}
,
{
"node": "l",
"frag": "be-li₂",
"id": "P334029.l01596",
"ref": "P334029.25.2",
"inst": "bēlī[lord]N",
"sig": "@saao/saa10%akk-x-neoass:be-li₂=bēlu[lord//lord]N'N$bēlī",
"f": {"lang": "akk-x-neoass",
"form": "be-li₂",
"cf": "bēlu",
"gw": "lord",
"sense": "lord",
"norm": "bēlī",
"pos": "N",
"epos": "N"}
}
,
{
"node": "l",
"frag": "it-tu-ṣi-a",
"id": "P334029.l01597",
"ref": "P334029.25.3",
"inst": "+aṣû[go out]V$ittūṣia",
"sig": "@saao/saa10%akk-x-neoass:it-tu-ṣi-a=aṣû[go out//go out]V'V$ittūṣia",
"f": {"lang": "akk-x-neoass",
"form": "it-tu-ṣi-a",
"cf": "aṣû",
"gw": "go out",
"sense": "go out",
"norm": "ittūṣia",
"pos": "V",
"epos": "V"}
}
,
{
"node": "d",
"type": "line-start",
"ref": "P334029.26",
"n": "5",
"label": "r 5"}
,
{
"node": "l",
"frag": "a-ke-e",
"id": "P334029.l01598",
"ref": "P334029.26.1",
"inst": "akê[how?]QP",
"sig": "@saao/saa10%akk-x-neoass:a-ke-e=kē[how?//how?]QP'QP$akê",
"f": {"lang": "akk-x-neoass",
"form": "a-ke-e",
"cf": "kē",
"gw": "how?",
"sense": "how?",
"norm": "akê",
"pos": "QP",
"epos": "QP"}
}
,
{
"node": "d",
"type": "line-start",
"ref": "P334029.27",
"n": "6",
"label": "r 6"}
,
{
"node": "l",
"frag": "la",
"id": "P334029.l01599",
"ref": "P334029.27.1",
"inst": "lā[not]MOD",
"sig": "@saao/saa10%akk-x-neoass:la=lā[not//not]MOD'MOD$lā",
"f": {"lang": "akk-x-neoass",
"form": "la",
"cf": "lā",
"gw": "not",
"sense": "not",
"norm": "lā",
"pos": "MOD",
"epos": "MOD"}
}
,
{
"node": "l",
"frag": "ša₂-at-ru-ka-ku",
"id": "P334029.l0159a",
"ref": "P334029.27.2",
"inst": "+šutruku[be(come) shaken up]AJ$šatrukāku",
"sig": "@saao/saa10%akk-x-neoass:ša₂-at-ru-ka-ku=šutruku[be(come) shaken up//be(come) shaken up]AJ'AJ$šatrukāku",
"f": {"lang": "akk-x-neoass",
"form": "ša₂-at-ru-ka-ku",
"cf": "šutruku",
"gw": "be(come) shaken up",
"sense": "be(come) shaken up",
"norm": "šatrukāku",
"pos": "AJ",
"epos": "AJ"}
}
,
{
"node": "d",
"type": "line-start",
"ref": "P334029.28",
"n": "7",
"label": "r 7"}
,
{
"node": "l",
"frag": "LUGAL",
"id": "P334029.l0159b",
"ref": "P334029.28.1",
"inst": "šarru[king]N",
"sig": "@saao/saa10%akk-x-neoass:LUGAL=šarru[king//king]N'N$šarru",
"f": {"lang": "akk-x-neoass",
"form": "LUGAL",
"cf": "šarru",
"gw": "king",
"sense": "king",
"norm": "šarru",
"pos": "N",
"epos": "N"}
}
,
{
"node": "l",
"frag": "be-li₂",
"id": "P334029.l0159c",
"ref": "P334029.28.2",
"inst": "bēlī[lord]N",
"sig": "@saao/saa10%akk-x-neoass:be-li₂=bēlu[lord//lord]N'N$bēlī",
"f": {"lang": "akk-x-neoass",
"form": "be-li₂",
"cf": "bēlu",
"gw": "lord",
"sense": "lord",
"norm": "bēlī",
"pos": "N",
"epos": "N"}
}
,
{
"node": "l",
"frag": "la",
"id": "P334029.l0159d",
"ref": "P334029.28.3",
"inst": "lā[not]MOD",
"sig": "@saao/saa10%akk-x-neoass:la=lā[not//not]MOD'MOD$lā",
"f": {"lang": "akk-x-neoass",
"form": "la",
"cf": "lā",
"gw": "not",
"sense": "not",
"norm": "lā",
"pos": "MOD",
"epos": "MOD"}
}
,
{
"node": "l",
"frag": "a-da-gal",
"id": "P334029.l0159e",
"ref": "P334029.28.4",
"inst": "+dagālu[see]V$adaggal",
"sig": "@saao/saa10%akk-x-neoass:a-da-gal=dagālu[see//wait]V'V$adaggal",
"f": {"lang": "akk-x-neoass",
"form": "a-da-gal",
"cf": "dagālu",
"gw": "see",
"sense": "wait",
"norm": "adaggal",
"pos": "V",
"epos": "V"}
}
,
{
"node": "d",
"type": "line-start",
"ref": "P334029.29",
"n": "8",
"label": "r 8"}
,
{
"node": "l",
"frag": "a-ta-a",
"id": "P334029.l0159f",
"ref": "P334029.29.1",
"inst": "atâ[why?]QP",
"sig": "@saao/saa10%akk-x-neoass:a-ta-a=atā[why?//why?]QP'QP$atâ",
"f": {"lang": "akk-x-neoass",
"form": "a-ta-a",
"cf": "atā",
"gw": "why?",
"sense": "why?",
"norm": "atâ",
"pos": "QP",
"epos": "QP"}
}
,
{
"node": "l",
"frag": "be₂-et",
"id": "P334029.l015a0",
"ref": "P334029.29.2",
"inst": "bēt[where]SBJ",
"sig": "@saao/saa10%akk-x-neoass:be₂-et=bīt[where//what]SBJ'SBJ$bēt",
"f": {"lang": "akk-x-neoass",
"form": "be₂-et",
"cf": "bīt",
"gw": "where",
"sense": "what",
"norm": "bēt",
"pos": "SBJ",
"epos": "SBJ"}
}
,
{
"node": "d",
"type": "line-start",
"ref": "P334029.30",
"n": "9",
"label": "r 9"}
,
{
"node": "l",
"frag": "hi-ir-ṣi",
"id": "P334029.l015a1",
"ref": "P334029.30.1",
"inst": "+herṣu[fragment//track]N'N$hirṣī",
"sig": "@saao/saa10%akk-x-neoass:hi-ir-ṣi=herṣu[fragment//track]N'N$hirṣī",
"f": {"lang": "akk-x-neoass",
"form": "hi-ir-ṣi",
"cf": "herṣu",
"gw": "fragment",
"sense": "track",
"norm": "hirṣī",
"pos": "N",
"epos": "N"}
}
,
{
"node": "l",
"frag": "mu-gi-ir-ri",
"id": "P334029.l015a2",
"ref": "P334029.30.2",
"inst": "+mugerru[chariot]N$mugirri",
"sig": "@saao/saa10%akk-x-neoass:mu-gi-ir-ri=mugerru[chariot//chariot]N'N$mugirri",
"f": {"lang": "akk-x-neoass",
"form": "mu-gi-ir-ri",
"cf": "mugerru",
"gw": "chariot",
"sense": "chariot",
"norm": "mugirri",
"pos": "N",
"epos": "N"}
}
,
{
"node": "d",
"type": "line-start",
"ref": "P334029.31",
"n": "10",
"label": "r 10"}
,
{
"node": "l",
"frag": "ša",
"id": "P334029.l015a3",
"ref": "P334029.31.1",
"inst": "ša[of]DET",
"sig": "@saao/saa10%akk-x-neoass:ša=ša[of//of]DET'DET$ša",
"f": {"lang": "akk-x-neoass",
"form": "ša",
"cf": "ša",
"gw": "of",
"sense": "of",
"norm": "ša",
"pos": "DET",
"epos": "DET"}
}
,
{
"node": "l",
"frag": "LUGAL",
"id": "P334029.l015a4",
"ref": "P334029.31.2",
"inst": "šarri[king]N",
"sig": "@saao/saa10%akk-x-neoass:LUGAL=šarru[king//king]N'N$šarri",
"f": {"lang": "akk-x-neoass",
"form": "LUGAL",
"cf": "šarru",
"gw": "king",
"sense": "king",
"norm": "šarri",
"pos": "N",
"epos": "N"}
}
,
{
"node": "l",
"frag": "EN-ia",
"id": "P334029.l015a5",
"ref": "P334029.31.3",
"inst": "bēlīya[lord]N",
"sig": "@saao/saa10%akk-x-neoass:EN-ia=bēlu[lord//lord]N'N$bēlīya",
"f": {"lang": "akk-x-neoass",
"form": "EN-ia",
"cf": "bēlu",
"gw": "lord",
"sense": "lord",
"norm": "bēlīya",
"pos": "N",
"epos": "N"}
}
,
{
"node": "d",
"type": "line-start",
"ref": "P334029.32",
"n": "11",
"label": "r 11"}
,
{
"node": "l",
"frag": "et-ti-iq-u-ni",
"id": "P334029.l015a6",
"ref": "P334029.32.1",
"inst": "+etēqu[proceed//pass by]V'V$ettiqūni",
"sig": "@saao/saa10%akk-x-neoass:et-ti-iq-u-ni=etēqu[proceed//pass by]V'V$ettiqūni",
"f": {"lang": "akk-x-neoass",
"form": "et-ti-iq-u-ni",
"cf": "etēqu",
"gw": "proceed",
"sense": "pass by",
"norm": "ettiqūni",
"pos": "V",
"epos": "V"}
}
,
{
"node": "d",
"type": "line-start",
"ref": "P334029.33",
"n": "12",
"label": "r 12"}
,
{
"node": "l",
"frag": "a-ta-a",
"id": "P334029.l015a7",
"ref": "P334029.33.1",
"inst": "atâ[why?]QP",
"sig": "@saao/saa10%akk-x-neoass:a-ta-a=atā[why?//why?]QP'QP$atâ",
"f": {"lang": "akk-x-neoass",
"form": "a-ta-a",
"cf": "atā",
"gw": "why?",
"sense": "why?",
"norm": "atâ",
"pos": "QP",
"epos": "QP"}
}
,
{
"node": "l",
"frag": "la",
"id": "P334029.l015a8",
"ref": "P334029.33.2",
"inst": "lā[not]MOD",
"sig": "@saao/saa10%akk-x-neoass:la=lā[not//not]MOD'MOD$lā",
"f": {"lang": "akk-x-neoass",
"form": "la",
"cf": "lā",
"gw": "not",
"sense": "not",
"norm": "lā",
"pos": "MOD",
"epos": "MOD"}
}
,
{
"node": "l",
"frag": "u₂-ha-aṣ-ṣa-an",
"id": "P334029.l015a9",
"ref": "P334029.33.3",
"inst": "+haṣānu[hug//embrace]V'V$uhaṣṣan",
"sig": "@saao/saa10%akk-x-neoass:u₂-ha-aṣ-ṣa-an=haṣānu[hug//embrace]V'V$uhaṣṣan",
"f": {"lang": "akk-x-neoass",
"form": "u₂-ha-aṣ-ṣa-an",
"cf": "haṣānu",
"gw": "hug",
"sense": "embrace",
"norm": "uhaṣṣan",
"pos": "V",
"epos": "V"}
}
,
{
"node": "d",
"type": "line-start",
"ref": "P334029.34",
"n": "13",
"label": "r 13"}
,
{
"node": "l",
"frag": "tu-ra",
"id": "P334029.l015aa",
"ref": "P334029.34.1",
"inst": "tūra[again]AV",
"sig": "@saao/saa10%akk-x-neoass:tu-ra=tūra[again//again]AV'AV$tūra",
"f": {"lang": "akk-x-neoass",
"form": "tu-ra",
"cf": "tūra",
"gw": "again",
"sense": "again",
"norm": "tūra",
"pos": "AV",
"epos": "AV"}
}
,
{
"node": "l",
"frag": "a-na",
"id": "P334029.l015ab",
"ref": "P334029.34.2",
"inst": "ana[for]PRP",
"sig": "@saao/saa10%akk-x-neoass:a-na=ana[to//for]PRP'PRP$ana",
"f": {"lang": "akk-x-neoass",
"form": "a-na",
"cf": "ana",
"gw": "to",
"sense": "for",
"norm": "ana",
"pos": "PRP",
"epos": "PRP"}
}
,
{
"node": "l",
"frag": "da-ga-li",
"id": "P334029.l015ac",
"ref": "P334029.34.3",
"inst": "+dagālu[see//look]V'N$dagāli",
"sig": "@saao/saa10%akk-x-neoass:da-ga-li=dagālu[see//look]V'N$dagāli",
"f": {"lang": "akk-x-neoass",
"form": "da-ga-li",
"cf": "dagālu",
"gw": "see",
"sense": "look",
"norm": "dagāli",
"pos": "V",
"epos": "N"}
}
,
{
"node": "d",
"subtype": "right",
"type": "surface",
"ref": "P334029.r.e..35",
"type": "right",
"label": "r.e."}
,
{
"node": "d",
"type": "line-start",
"ref": "P334029.36",
"n": "14",
"label": "r.e. 14"}
,
{
"node": "l",
"frag": "[ša]",
"id": "P334029.l015ad",
"ref": "P334029.36.1",
"inst": "ša[of]DET",
"sig": "@saao/saa10%akk-x-neoass:ša=ša[of//of]DET'DET$ša",
"f": {"lang": "akk-x-neoass",
"form": "ša",
"cf": "ša",
"gw": "of",
"sense": "of",
"norm": "ša",
"pos": "DET",
"epos": "DET"}
}
,
{
"node": "l",
"frag": "⸢LUGAL⸣",
"id": "P334029.l015ae",
"ref": "P334029.36.2",
"inst": "šarri[king]N",
"sig": "@saao/saa10%akk-x-neoass:LUGAL=šarru[king//king]N'N$šarri",
"f": {"lang": "akk-x-neoass",
"form": "LUGAL",
"cf": "šarru",
"gw": "king",
"sense": "king",
"norm": "šarri",
"pos": "N",
"epos": "N"}
}
,
{
"node": "l",
"frag": "EN-ia",
"id": "P334029.l015af",
"ref": "P334029.36.3",
"inst": "bēlīya[lord]N",
"sig": "@saao/saa10%akk-x-neoass:EN-ia=bēlu[lord//lord]N'N$bēlīya",
"f": {"lang": "akk-x-neoass",
"form": "EN-ia",
"cf": "bēlu",
"gw": "lord",
"sense": "lord",
"norm": "bēlīya",
"pos": "N",
"epos": "N"}
}
,
{
"node": "d",
"type": "line-start",
"ref": "P334029.37",
"n": "15",
"label": "r.e. 15"}
,
{
"node": "l",
"frag": "{[d}EN]",
"id": "P334029.l015b0",
"ref": "P334029.37.1",
"inst": "Bel[1]DN",
"sig": "@saao/saa10%akk-x-neoass:{d}EN=Bel[1//1]DN'DN$Bel",
"f": {"lang": "akk-x-neoass",
"form": "{d}EN",
"cf": "Bel",
"gw": "1",
"sense": "1",
"norm": "Bel",
"pos": "DN",
"epos": "DN"}
}
,
{
"node": "l",
"frag": "{d}PA",
"id": "P334029.l015b1",
"ref": "P334029.37.2",
"inst": "Nabu[1]DN",
"sig": "@saao/saa10%akk-x-neoass:{d}PA=Nabu[1//1]DN'DN$Nabu",
"f": {"lang": "akk-x-neoass",
"form": "{d}PA",
"cf": "Nabu",
"gw": "1",
"sense": "1",
"norm": "Nabu",
"pos": "DN",
"epos": "DN"}
}
,
{
"node": "d",
"type": "line-start",
"ref": "P334029.38",
"n": "16",
"label": "r.e. 16"}
,
{
"node": "l",
"frag": "[UD-MEŠ",
"id": "P334029.l015b2",
"ref": "P334029.38.1",
"inst": "ūmāti[day]N",
"sig": "@saao/saa10%akk-x-neoass:UD-MEŠ=ūmu[day//day]N'N$ūmāti",
"f": {"lang": "akk-x-neoass",
"form": "UD-MEŠ",
"cf": "ūmu",
"gw": "day",
"sense": "day",
"norm": "ūmāti",
"pos": "N",
"epos": "N"}
}
,
{
"node": "l",
"frag": "ša]",
"id": "P334029.l015b3",
"ref": "P334029.38.2",
"inst": "ša[of]DET",
"sig": "@saao/saa10%akk-x-neoass:ša=ša[of//of]DET'DET$ša",
"f": {"lang": "akk-x-neoass",
"form": "ša",
"cf": "ša",
"gw": "of",
"sense": "of",
"norm": "ša",
"pos": "DET",
"epos": "DET"}
}
,
{
"node": "l",
"frag": "LUGAL",
"id": "P334029.l015b4",
"ref": "P334029.38.3",
"inst": "šarri[king]N",
"sig": "@saao/saa10%akk-x-neoass:LUGAL=šarru[king//king]N'N$šarri",
"f": {"lang": "akk-x-neoass",
"form": "LUGAL",
"cf": "šarru",
"gw": "king",
"sense": "king",
"norm": "šarri",
"pos": "N",
"epos": "N"}
}
,
{
"node": "d",
"subtype": "edge",
"type": "surface",
"ref": "P334029.e..39",
"type": "edge",
"label": "e."}
,
{
"node": "d",
"type": "line-start",
"ref": "P334029.40",
"n": "1",
"label": "e. 1"}
,
{
"node": "l",
"frag": "EN-ia",
"id": "P334029.l015b5",
"ref": "P334029.40.1",
"inst": "bēlīya[lord]N",
"sig": "@saao/saa10%akk-x-neoass:EN-ia=bēlu[lord//lord]N'N$bēlīya",
"f": {"lang": "akk-x-neoass",
"form": "EN-ia",
"cf": "bēlu",
"gw": "lord",
"sense": "lord",
"norm": "bēlīya",
"pos": "N",
"epos": "N"}
}
,
{
"node": "l",
"frag": "lu-ur-ri-ku",
"id": "P334029.l015b6",
"ref": "P334029.40.2",
"inst": "+arāku[be(come) long//lengthen]V'V$lurriku",
"sig": "@saao/saa10%akk-x-neoass:lu-ur-ri-ku=arāku[be(come) long//lengthen]V'V$lurriku",
"f": {"lang": "akk-x-neoass",
"form": "lu-ur-ri-ku",
"cf": "arāku",
"gw": "be(come) long",
"sense": "lengthen",
"norm": "lurriku",
"pos": "V",
"epos": "V"}
}
]}
]}
]}
]}
