{
"type": "cdl",
  "source": "http://oracc.org/saao/saa10",
  "license": "This data is released under the CC0 license",
  "license-url": "https://creativecommons.org/publicdomain/zero/1.0/",
  "more-info": "http://oracc.org/doc/opendata/",
  "UTC-timestamp": "2017-05-19T11:43:03",
"project": "saao/saa10",
"textid": "P334852",
"cdl": [
{
"node": "c",
"type": "text",
"id": "P334852.U0",
"cdl": [
{
"node": "d",
"type": "object",
"ref": ""}
,
{
"node": "d",
"subtype": "obverse",
"type": "surface",
"ref": "P334852.o.1",
"type": "obverse",
"label": "o"}
,
{
"node": "d",
"type": "nonx",
"ref": "P334852.2",
"strict": "0",
"extent": "beginning",
"state": "missing"}
,
{
"node": "c",
"type": "discourse",
"subtype": "body",
"id": "P334852.U1",
"cdl": [
{
"node": "c",
"type": "sentence",
"id": "P334852.U2",
"label": "o 1' - r 13",
"cdl": [
{
"node": "d",
"type": "line-start",
"ref": "P334852.3",
"n": "1'",
"label": "o 1'"}
,
{
"node": "l",
"frag": "[x",
"id": "P334852.l097c2",
"ref": "P334852.3.1",
"inst": "u",
"f": {"lang": "akk-x-neoass",
"form": "x",
"pos": "u"}
}
,
{
"node": "l",
"frag": "x",
"id": "P334852.l097c3",
"ref": "P334852.3.2",
"inst": "u",
"f": {"lang": "akk-x-neoass",
"form": "x",
"pos": "u"}
}
,
{
"node": "l",
"frag": "x",
"id": "P334852.l097c4",
"ref": "P334852.3.3",
"inst": "u",
"f": {"lang": "akk-x-neoass",
"form": "x",
"pos": "u"}
}
,
{
"node": "l",
"frag": "x",
"id": "P334852.l097c5",
"ref": "P334852.3.4",
"inst": "u",
"f": {"lang": "akk-x-neoass",
"form": "x",
"pos": "u"}
}
,
{
"node": "l",
"frag": "x",
"id": "P334852.l097c6",
"ref": "P334852.3.5",
"inst": "u",
"f": {"lang": "akk-x-neoass",
"form": "x",
"pos": "u"}
}
,
{
"node": "l",
"frag": "x",
"id": "P334852.l097c7",
"ref": "P334852.3.6",
"inst": "u",
"f": {"lang": "akk-x-neoass",
"form": "x",
"pos": "u"}
}
,
{
"node": "l",
"frag": "x",
"id": "P334852.l097c8",
"ref": "P334852.3.7",
"inst": "u",
"f": {"lang": "akk-x-neoass",
"form": "x",
"pos": "u"}
}
,
{
"node": "l",
"frag": "x",
"id": "P334852.l097c9",
"ref": "P334852.3.8",
"inst": "u",
"f": {"lang": "akk-x-neoass",
"form": "x",
"pos": "u"}
}
,
{
"node": "l",
"frag": "x",
"id": "P334852.l097ca",
"ref": "P334852.3.9",
"inst": "u",
"f": {"lang": "akk-x-neoass",
"form": "x",
"pos": "u"}
}
,
{
"node": "l",
"frag": "x",
"id": "P334852.l097cb",
"ref": "P334852.3.10",
"inst": "u",
"f": {"lang": "akk-x-neoass",
"form": "x",
"pos": "u"}
}
,
{
"node": "l",
"frag": "x",
"id": "P334852.l097cc",
"ref": "P334852.3.11",
"inst": "u",
"f": {"lang": "akk-x-neoass",
"form": "x",
"pos": "u"}
}
,
{
"node": "l",
"frag": "x",
"id": "P334852.l097cd",
"ref": "P334852.3.12",
"inst": "u",
"f": {"lang": "akk-x-neoass",
"form": "x",
"pos": "u"}
}
,
{
"node": "l",
"frag": "x",
"id": "P334852.l097ce",
"ref": "P334852.3.13",
"inst": "u",
"f": {"lang": "akk-x-neoass",
"form": "x",
"pos": "u"}
}
,
{
"node": "l",
"frag": "x]+⸢x⸣",
"id": "P334852.l097cf",
"ref": "P334852.3.14",
"inst": "u",
"f": {"lang": "akk-x-neoass",
"form": "x+x",
"pos": "u"}
}
,
{
"node": "d",
"type": "line-start",
"ref": "P334852.4",
"n": "2'",
"label": "o 2'"}
,
{
"node": "l",
"frag": "[x",
"id": "P334852.l097d0",
"ref": "P334852.4.1",
"inst": "u",
"f": {"lang": "akk-x-neoass",
"form": "x",
"pos": "u"}
}
,
{
"node": "l",
"frag": "x",
"id": "P334852.l097d1",
"ref": "P334852.4.2",
"inst": "u",
"f": {"lang": "akk-x-neoass",
"form": "x",
"pos": "u"}
}
,
{
"node": "l",
"frag": "x",
"id": "P334852.l097d2",
"ref": "P334852.4.3",
"inst": "u",
"f": {"lang": "akk-x-neoass",
"form": "x",
"pos": "u"}
}
,
{
"node": "l",
"frag": "x",
"id": "P334852.l097d3",
"ref": "P334852.4.4",
"inst": "u",
"f": {"lang": "akk-x-neoass",
"form": "x",
"pos": "u"}
}
,
{
"node": "l",
"frag": "x",
"id": "P334852.l097d4",
"ref": "P334852.4.5",
"inst": "u",
"f": {"lang": "akk-x-neoass",
"form": "x",
"pos": "u"}
}
,
{
"node": "l",
"frag": "x",
"id": "P334852.l097d5",
"ref": "P334852.4.6",
"inst": "u",
"f": {"lang": "akk-x-neoass",
"form": "x",
"pos": "u"}
}
,
{
"node": "l",
"frag": "x",
"id": "P334852.l097d6",
"ref": "P334852.4.7",
"inst": "u",
"f": {"lang": "akk-x-neoass",
"form": "x",
"pos": "u"}
}
,
{
"node": "l",
"frag": "x",
"id": "P334852.l097d7",
"ref": "P334852.4.8",
"inst": "u",
"f": {"lang": "akk-x-neoass",
"form": "x",
"pos": "u"}
}
,
{
"node": "l",
"frag": "x",
"id": "P334852.l097d8",
"ref": "P334852.4.9",
"inst": "u",
"f": {"lang": "akk-x-neoass",
"form": "x",
"pos": "u"}
}
,
{
"node": "l",
"frag": "x",
"id": "P334852.l097d9",
"ref": "P334852.4.10",
"inst": "u",
"f": {"lang": "akk-x-neoass",
"form": "x",
"pos": "u"}
}
,
{
"node": "l",
"frag": "x",
"id": "P334852.l097da",
"ref": "P334852.4.11",
"inst": "u",
"f": {"lang": "akk-x-neoass",
"form": "x",
"pos": "u"}
}
,
{
"node": "l",
"frag": "x]-⸢si⸣-lim",
"id": "P334852.l097db",
"ref": "P334852.4.12",
"inst": "u",
"f": {"lang": "akk-x-neoass",
"form": "x-si-lim",
"pos": "u"}
}
,
{
"node": "d",
"type": "line-start",
"ref": "P334852.5",
"n": "3'",
"label": "o 3'"}
,
{
"node": "l",
"frag": "[x",
"id": "P334852.l097dc",
"ref": "P334852.5.1",
"inst": "u",
"f": {"lang": "akk-x-neoass",
"form": "x",
"pos": "u"}
}
,
{
"node": "l",
"frag": "x",
"id": "P334852.l097dd",
"ref": "P334852.5.2",
"inst": "u",
"f": {"lang": "akk-x-neoass",
"form": "x",
"pos": "u"}
}
,
{
"node": "l",
"frag": "x",
"id": "P334852.l097de",
"ref": "P334852.5.3",
"inst": "u",
"f": {"lang": "akk-x-neoass",
"form": "x",
"pos": "u"}
}
,
{
"node": "l",
"frag": "x",
"id": "P334852.l097df",
"ref": "P334852.5.4",
"inst": "u",
"f": {"lang": "akk-x-neoass",
"form": "x",
"pos": "u"}
}
,
{
"node": "l",
"frag": "x",
"id": "P334852.l097e0",
"ref": "P334852.5.5",
"inst": "u",
"f": {"lang": "akk-x-neoass",
"form": "x",
"pos": "u"}
}
,
{
"node": "l",
"frag": "x",
"id": "P334852.l097e1",
"ref": "P334852.5.6",
"inst": "u",
"f": {"lang": "akk-x-neoass",
"form": "x",
"pos": "u"}
}
,
{
"node": "l",
"frag": "x",
"id": "P334852.l097e2",
"ref": "P334852.5.7",
"inst": "u",
"f": {"lang": "akk-x-neoass",
"form": "x",
"pos": "u"}
}
,
{
"node": "l",
"frag": "x",
"id": "P334852.l097e3",
"ref": "P334852.5.8",
"inst": "u",
"f": {"lang": "akk-x-neoass",
"form": "x",
"pos": "u"}
}
,
{
"node": "l",
"frag": "x",
"id": "P334852.l097e4",
"ref": "P334852.5.9",
"inst": "u",
"f": {"lang": "akk-x-neoass",
"form": "x",
"pos": "u"}
}
,
{
"node": "l",
"frag": "x]-⸢šu₂⸣-nu",
"id": "P334852.l097e5",
"ref": "P334852.5.10",
"inst": "u",
"f": {"lang": "akk-x-neoass",
"form": "x-šu₂-nu",
"pos": "u"}
}
,
{
"node": "l",
"frag": "šap-la",
"id": "P334852.l097e6",
"ref": "P334852.5.11",
"inst": "šapla[under]'PRP",
"sig": "@saao/saa10%akk-x-neoass:šap-la=šaplu[underside//under]N'PRP$šapla",
"f": {"lang": "akk-x-neoass",
"form": "šap-la",
"cf": "šaplu",
"gw": "underside",
"sense": "under",
"norm": "šapla",
"pos": "N",
"epos": "PRP"}
}
,
{
"node": "d",
"type": "line-start",
"ref": "P334852.6",
"n": "4'",
"label": "o 4'"}
,
{
"node": "l",
"frag": "[x",
"id": "P334852.l097e7",
"ref": "P334852.6.1",
"inst": "u",
"f": {"lang": "akk-x-neoass",
"form": "x",
"pos": "u"}
}
,
{
"node": "l",
"frag": "x",
"id": "P334852.l097e8",
"ref": "P334852.6.2",
"inst": "u",
"f": {"lang": "akk-x-neoass",
"form": "x",
"pos": "u"}
}
,
{
"node": "l",
"frag": "x",
"id": "P334852.l097e9",
"ref": "P334852.6.3",
"inst": "u",
"f": {"lang": "akk-x-neoass",
"form": "x",
"pos": "u"}
}
,
{
"node": "l",
"frag": "x",
"id": "P334852.l097ea",
"ref": "P334852.6.4",
"inst": "u",
"f": {"lang": "akk-x-neoass",
"form": "x",
"pos": "u"}
}
,
{
"node": "l",
"frag": "x",
"id": "P334852.l097eb",
"ref": "P334852.6.5",
"inst": "u",
"f": {"lang": "akk-x-neoass",
"form": "x",
"pos": "u"}
}
,
{
"node": "l",
"frag": "x",
"id": "P334852.l097ec",
"ref": "P334852.6.6",
"inst": "u",
"f": {"lang": "akk-x-neoass",
"form": "x",
"pos": "u"}
}
,
{
"node": "l",
"frag": "x",
"id": "P334852.l097ed",
"ref": "P334852.6.7",
"inst": "u",
"f": {"lang": "akk-x-neoass",
"form": "x",
"pos": "u"}
}
,
{
"node": "l",
"frag": "x",
"id": "P334852.l097ee",
"ref": "P334852.6.8",
"inst": "u",
"f": {"lang": "akk-x-neoass",
"form": "x",
"pos": "u"}
}
,
{
"node": "l",
"frag": "x",
"id": "P334852.l097ef",
"ref": "P334852.6.9",
"inst": "u",
"f": {"lang": "akk-x-neoass",
"form": "x",
"pos": "u"}
}
,
{
"node": "l",
"frag": "x]-šu₂-nu",
"id": "P334852.l097f0",
"ref": "P334852.6.10",
"inst": "u",
"f": {"lang": "akk-x-neoass",
"form": "x-šu₂-nu",
"pos": "u"}
}
,
{
"node": "l",
"frag": "ina",
"id": "P334852.l097f1",
"ref": "P334852.6.11",
"inst": "ina[in]PRP",
"sig": "@saao/saa10%akk-x-neoass:ina=ina[in//in]PRP'PRP$ina",
"f": {"lang": "akk-x-neoass",
"form": "ina",
"cf": "ina",
"gw": "in",
"sense": "in",
"norm": "ina",
"pos": "PRP",
"epos": "PRP"}
}
,
{
"node": "l",
"frag": "ŠA₃-bi-ia",
"id": "P334852.l097f2",
"ref": "P334852.6.12",
"inst": "libbīya[interior]N",
"sig": "@saao/saa10%akk-x-neoass:ŠA₃-bi-ia=libbu[interior//interior]N'N$libbīya",
"f": {"lang": "akk-x-neoass",
"form": "ŠA₃-bi-ia",
"cf": "libbu",
"gw": "interior",
"sense": "interior",
"norm": "libbīya",
"pos": "N",
"epos": "N"}
}
,
{
"node": "d",
"type": "line-start",
"ref": "P334852.7",
"n": "5'",
"label": "o 5'"}
,
{
"node": "l",
"frag": "[x",
"id": "P334852.l097f3",
"ref": "P334852.7.1",
"inst": "u",
"f": {"lang": "akk-x-neoass",
"form": "x",
"pos": "u"}
}
,
{
"node": "l",
"frag": "x",
"id": "P334852.l097f4",
"ref": "P334852.7.2",
"inst": "u",
"f": {"lang": "akk-x-neoass",
"form": "x",
"pos": "u"}
}
,
{
"node": "l",
"frag": "x",
"id": "P334852.l097f5",
"ref": "P334852.7.3",
"inst": "u",
"f": {"lang": "akk-x-neoass",
"form": "x",
"pos": "u"}
}
,
{
"node": "l",
"frag": "x",
"id": "P334852.l097f6",
"ref": "P334852.7.4",
"inst": "u",
"f": {"lang": "akk-x-neoass",
"form": "x",
"pos": "u"}
}
,
{
"node": "l",
"frag": "x",
"id": "P334852.l097f7",
"ref": "P334852.7.5",
"inst": "u",
"f": {"lang": "akk-x-neoass",
"form": "x",
"pos": "u"}
}
,
{
"node": "l",
"frag": "x",
"id": "P334852.l097f8",
"ref": "P334852.7.6",
"inst": "u",
"f": {"lang": "akk-x-neoass",
"form": "x",
"pos": "u"}
}
,
{
"node": "l",
"frag": "x",
"id": "P334852.l097f9",
"ref": "P334852.7.7",
"inst": "u",
"f": {"lang": "akk-x-neoass",
"form": "x",
"pos": "u"}
}
,
{
"node": "l",
"frag": "ina",
"id": "P334852.l097fa",
"ref": "P334852.7.8",
"inst": "ina[in]PRP",
"sig": "@saao/saa10%akk-x-neoass:ina=ina[in//in]PRP'PRP$ina",
"f": {"lang": "akk-x-neoass",
"form": "ina",
"cf": "ina",
"gw": "in",
"sense": "in",
"norm": "ina",
"pos": "PRP",
"epos": "PRP"}
}
,
{
"node": "l",
"frag": "MAŠ₂].MI-ia",
"id": "P334852.l097fb",
"ref": "P334852.7.9",
"inst": "šuttīya[dream]N",
"sig": "@saao/saa10%akk-x-neoass:MAŠ₂.MI-ia=šuttu[dream//dream]N'N$šuttīya",
"f": {"lang": "akk-x-neoass",
"form": "MAŠ₂.MI-ia",
"cf": "šuttu",
"gw": "dream",
"sense": "dream",
"norm": "šuttīya",
"pos": "N",
"epos": "N"}
}
,
{
"node": "l",
"frag": "MAN",
"id": "P334852.l097fc",
"ref": "P334852.7.10",
"inst": "šarru[king]N",
"sig": "@saao/saa10%akk-x-neoass:MAN=šarru[king//king]N'N$šarru",
"f": {"lang": "akk-x-neoass",
"form": "MAN",
"cf": "šarru",
"gw": "king",
"sense": "king",
"norm": "šarru",
"pos": "N",
"epos": "N"}
}
,
{
"node": "l",
"frag": "be-li₂",
"id": "P334852.l097fd",
"ref": "P334852.7.11",
"inst": "bēlī[lord]N",
"sig": "@saao/saa10%akk-x-neoass:be-li₂=bēlu[lord//lord]N'N$bēlī",
"f": {"lang": "akk-x-neoass",
"form": "be-li₂",
"cf": "bēlu",
"gw": "lord",
"sense": "lord",
"norm": "bēlī",
"pos": "N",
"epos": "N"}
}
,
{
"node": "d",
"type": "line-start",
"ref": "P334852.8",
"n": "6'",
"label": "o 6'"}
,
{
"node": "l",
"frag": "[x",
"id": "P334852.l097fe",
"ref": "P334852.8.1",
"inst": "u",
"f": {"lang": "akk-x-neoass",
"form": "x",
"pos": "u"}
}
,
{
"node": "l",
"frag": "x",
"id": "P334852.l097ff",
"ref": "P334852.8.2",
"inst": "u",
"f": {"lang": "akk-x-neoass",
"form": "x",
"pos": "u"}
}
,
{
"node": "l",
"frag": "x",
"id": "P334852.l09800",
"ref": "P334852.8.3",
"inst": "u",
"f": {"lang": "akk-x-neoass",
"form": "x",
"pos": "u"}
}
,
{
"node": "l",
"frag": "x",
"id": "P334852.l09801",
"ref": "P334852.8.4",
"inst": "u",
"f": {"lang": "akk-x-neoass",
"form": "x",
"pos": "u"}
}
,
{
"node": "l",
"frag": "x",
"id": "P334852.l09802",
"ref": "P334852.8.5",
"inst": "u",
"f": {"lang": "akk-x-neoass",
"form": "x",
"pos": "u"}
}
,
{
"node": "l",
"frag": "x",
"id": "P334852.l09803",
"ref": "P334852.8.6",
"inst": "u",
"f": {"lang": "akk-x-neoass",
"form": "x",
"pos": "u"}
}
,
{
"node": "l",
"frag": "ina",
"id": "P334852.l09804",
"ref": "P334852.8.7",
"inst": "ina[in]PRP",
"sig": "@saao/saa10%akk-x-neoass:ina=ina[in//in]PRP'PRP$ina",
"f": {"lang": "akk-x-neoass",
"form": "ina",
"cf": "ina",
"gw": "in",
"sense": "in",
"norm": "ina",
"pos": "PRP",
"epos": "PRP"}
}
,
{
"node": "l",
"frag": "{giš}GU].ZA",
"id": "P334852.l09805",
"ref": "P334852.8.8",
"inst": "kussî[throne]N",
"sig": "@saao/saa10%akk-x-neoass:{GIŠ}GU.ZA=kussû[chair//throne]N'N$kussî",
"f": {"lang": "akk-x-neoass",
"form": "{GIŠ}GU.ZA",
"cf": "kussû",
"gw": "chair",
"sense": "throne",
"norm": "kussî",
"pos": "N",
"epos": "N"}
}
,
{
"node": "l",
"frag": "kam-mu-su",
"id": "P334852.l09806",
"ref": "P334852.8.9",
"inst": "+kamsu[squatting//sitting]AJ'AJ$kammusu",
"sig": "@saao/saa10%akk-x-neoass:kam-mu-su=kamsu[squatting//sitting]AJ'AJ$kammusu",
"f": {"lang": "akk-x-neoass",
"form": "kam-mu-su",
"cf": "kamsu",
"gw": "squatting",
"sense": "sitting",
"norm": "kammusu",
"pos": "AJ",
"epos": "AJ"}
}
,
{
"node": "l",
"frag": "{giš}BANŠUR",
"id": "P334852.l09807",
"ref": "P334852.8.10",
"inst": "paššūru[table]N",
"sig": "@saao/saa10%akk-x-neoass:{GIŠ}BANŠUR=paššuru[table//table]N'N$paššūru",
"f": {"lang": "akk-x-neoass",
"form": "{GIŠ}BANŠUR",
"cf": "paššuru",
"gw": "table",
"sense": "table",
"norm": "paššūru",
"pos": "N",
"epos": "N"}
}
,
{
"node": "d",
"type": "line-start",
"ref": "P334852.9",
"n": "7'",
"label": "o 7'"}
,
{
"node": "l",
"frag": "[ina",
"id": "P334852.l09808",
"ref": "P334852.9.1",
"inst": "ina[in]PRP",
"sig": "@saao/saa10%akk-x-neoass:ina=ina[in//in]PRP'PRP$ina",
"f": {"lang": "akk-x-neoass",
"form": "ina",
"cf": "ina",
"gw": "in",
"sense": "in",
"norm": "ina",
"pos": "PRP",
"epos": "PRP"}
}
,
{
"node": "l",
"frag": "pa-ni-šu₂",
"id": "P334852.l09809",
"ref": "P334852.9.2",
"inst": "pānīšu[front]N",
"sig": "@saao/saa10%akk-x-neoass:pa-ni-šu₂=pānu[front//front]N'N$pānīšu",
"f": {"lang": "akk-x-neoass",
"form": "pa-ni-šu₂",
"cf": "pānu",
"gw": "front",
"sense": "front",
"norm": "pānīšu",
"pos": "N",
"epos": "N"}
}
,
{
"node": "l",
"frag": "ša₂-ki-in",
"id": "P334852.l0980a",
"ref": "P334852.9.3",
"inst": "šakin[placed]AJ",
"sig": "@saao/saa10%akk-x-neoass:ša₂-ki-in=šaknu[placed//placed]AJ'AJ$šakin",
"f": {"lang": "akk-x-neoass",
"form": "ša₂-ki-in",
"cf": "šaknu",
"gw": "placed",
"sense": "placed",
"norm": "šakin",
"pos": "AJ",
"epos": "AJ"}
}
,
{
"node": "l",
"frag": "x",
"id": "P334852.l0980b",
"ref": "P334852.9.4",
"inst": "u",
"f": {"lang": "akk-x-neoass",
"form": "x",
"pos": "u"}
}
,
{
"node": "l",
"frag": "ina]",
"id": "P334852.l0980c",
"ref": "P334852.9.5",
"inst": "ina[in]PRP",
"sig": "@saao/saa10%akk-x-neoass:ina=ina[in//in]PRP'PRP$ina",
"f": {"lang": "akk-x-neoass",
"form": "ina",
"cf": "ina",
"gw": "in",
"sense": "in",
"norm": "ina",
"pos": "PRP",
"epos": "PRP"}
}
,
{
"node": "l",
"frag": "⸢UGU⸣-hi",
"id": "P334852.l0980d",
"ref": "P334852.9.6",
"inst": "muhhi[skull]N",
"sig": "@saao/saa10%akk-x-neoass:UGU-hi=muhhu[skull//skull]N'N$muhhi",
"f": {"lang": "akk-x-neoass",
"form": "UGU-hi",
"cf": "muhhu",
"gw": "skull",
"sense": "skull",
"norm": "muhhi",
"pos": "N",
"epos": "N"}
}
,
{
"node": "l",
"frag": "ma-gi-gi",
"id": "P334852.l0980e",
"ref": "P334852.9.7",
"inst": "+maggu[tight//swollen]AJ'AJ$magīgi",
"sig": "@saao/saa10%akk-x-neoass:ma-gi-gi=maggu[tight//swollen]AJ'AJ$magīgi",
"f": {"lang": "akk-x-neoass",
"form": "ma-gi-gi",
"cf": "maggu",
"gw": "tight",
"sense": "swollen",
"norm": "magīgi",
"pos": "AJ",
"epos": "AJ"}
}
,
{
"node": "d",
"type": "line-start",
"ref": "P334852.10",
"n": "8'",
"label": "o 8'"}
,
{
"node": "l",
"frag": "[x",
"id": "P334852.l0980f",
"ref": "P334852.10.1",
"inst": "u",
"f": {"lang": "akk-x-neoass",
"form": "x",
"pos": "u"}
}
,
{
"node": "l",
"frag": "x",
"id": "P334852.l09810",
"ref": "P334852.10.2",
"inst": "u",
"f": {"lang": "akk-x-neoass",
"form": "x",
"pos": "u"}
}
,
{
"node": "l",
"frag": "x",
"id": "P334852.l09811",
"ref": "P334852.10.3",
"inst": "u",
"f": {"lang": "akk-x-neoass",
"form": "x",
"pos": "u"}
}
,
{
"node": "l",
"frag": "x",
"id": "P334852.l09812",
"ref": "P334852.10.4",
"inst": "u",
"f": {"lang": "akk-x-neoass",
"form": "x",
"pos": "u"}
}
,
{
"node": "l",
"frag": "x",
"id": "P334852.l09813",
"ref": "P334852.10.5",
"inst": "u",
"f": {"lang": "akk-x-neoass",
"form": "x",
"pos": "u"}
}
,
{
"node": "l",
"frag": "x",
"id": "P334852.l09814",
"ref": "P334852.10.6",
"inst": "u",
"f": {"lang": "akk-x-neoass",
"form": "x",
"pos": "u"}
}
,
{
"node": "l",
"frag": "x",
"id": "P334852.l09815",
"ref": "P334852.10.7",
"inst": "u",
"f": {"lang": "akk-x-neoass",
"form": "x",
"pos": "u"}
}
,
{
"node": "l",
"frag": "ina]",
"id": "P334852.l09816",
"ref": "P334852.10.8",
"inst": "ina[in]PRP",
"sig": "@saao/saa10%akk-x-neoass:ina=ina[in//in]PRP'PRP$ina",
"f": {"lang": "akk-x-neoass",
"form": "ina",
"cf": "ina",
"gw": "in",
"sense": "in",
"norm": "ina",
"pos": "PRP",
"epos": "PRP"}
}
,
{
"node": "l",
"frag": "⸢UGU⸣",
"id": "P334852.l09817",
"ref": "P334852.10.9",
"inst": "muhhi[skull]N",
"sig": "@saao/saa10%akk-x-neoass:UGU=muhhu[skull//skull]N'N$muhhi",
"f": {"lang": "akk-x-neoass",
"form": "UGU",
"cf": "muhhu",
"gw": "skull",
"sense": "skull",
"norm": "muhhi",
"pos": "N",
"epos": "N"}
}
,
{
"node": "l",
"frag": "ni-ib-za-a-ni",
"id": "P334852.l09818",
"ref": "P334852.10.10",
"inst": "+nibzu[(a kind of) document//tablet]N'N$nibzāni",
"sig": "@saao/saa10%akk-x-neoass:ni-ib-za-a-ni=nibzu[(a kind of) document//tablet]N'N$nibzāni",
"f": {"lang": "akk-x-neoass",
"form": "ni-ib-za-a-ni",
"cf": "nibzu",
"gw": "(a kind of) document",
"sense": "tablet",
"norm": "nibzāni",
"pos": "N",
"epos": "N"}
}
,
{
"node": "d",
"type": "line-start",
"ref": "P334852.11",
"n": "9'",
"label": "o 9'"}
,
{
"node": "l",
"frag": "[x",
"id": "P334852.l09819",
"ref": "P334852.11.1",
"inst": "u",
"f": {"lang": "akk-x-neoass",
"form": "x",
"pos": "u"}
}
,
{
"node": "l",
"frag": "x",
"id": "P334852.l0981a",
"ref": "P334852.11.2",
"inst": "u",
"f": {"lang": "akk-x-neoass",
"form": "x",
"pos": "u"}
}
,
{
"node": "l",
"frag": "x",
"id": "P334852.l0981b",
"ref": "P334852.11.3",
"inst": "u",
"f": {"lang": "akk-x-neoass",
"form": "x",
"pos": "u"}
}
,
{
"node": "l",
"frag": "x",
"id": "P334852.l0981c",
"ref": "P334852.11.4",
"inst": "u",
"f": {"lang": "akk-x-neoass",
"form": "x",
"pos": "u"}
}
,
{
"node": "l",
"frag": "x",
"id": "P334852.l0981d",
"ref": "P334852.11.5",
"inst": "u",
"f": {"lang": "akk-x-neoass",
"form": "x",
"pos": "u"}
}
,
{
"node": "l",
"frag": "x",
"id": "P334852.l0981e",
"ref": "P334852.11.6",
"inst": "u",
"f": {"lang": "akk-x-neoass",
"form": "x",
"pos": "u"}
}
,
{
"node": "l",
"frag": "x",
"id": "P334852.l0981f",
"ref": "P334852.11.7",
"inst": "u",
"f": {"lang": "akk-x-neoass",
"form": "x",
"pos": "u"}
}
,
{
"node": "l",
"frag": "x]+⸢x⸣",
"id": "P334852.l09820",
"ref": "P334852.11.8",
"inst": "u",
"f": {"lang": "akk-x-neoass",
"form": "x+x",
"pos": "u"}
}
,
{
"node": "l",
"frag": "pa-ni-šu₂",
"id": "P334852.l09821",
"ref": "P334852.11.9",
"inst": "pānīšu[face]N",
"sig": "@saao/saa10%akk-x-neoass:pa-ni-šu₂=pānu[front//face]N'N$pānīšu",
"f": {"lang": "akk-x-neoass",
"form": "pa-ni-šu₂",
"cf": "pānu",
"gw": "front",
"sense": "face",
"norm": "pānīšu",
"pos": "N",
"epos": "N"}
}
,
{
"node": "l",
"frag": "ina",
"id": "P334852.l09822",
"ref": "P334852.11.10",
"inst": "ina[in]PRP",
"sig": "@saao/saa10%akk-x-neoass:ina=ina[in//in]PRP'PRP$ina",
"f": {"lang": "akk-x-neoass",
"form": "ina",
"cf": "ina",
"gw": "in",
"sense": "in",
"norm": "ina",
"pos": "PRP",
"epos": "PRP"}
}
,
{
"node": "l",
"frag": "UGU",
"id": "P334852.l09823",
"ref": "P334852.11.11",
"inst": "muhhi[skull]N",
"sig": "@saao/saa10%akk-x-neoass:UGU=muhhu[skull//skull]N'N$muhhi",
"f": {"lang": "akk-x-neoass",
"form": "UGU",
"cf": "muhhu",
"gw": "skull",
"sense": "skull",
"norm": "muhhi",
"pos": "N",
"epos": "N"}
}
,
{
"node": "l",
"frag": "{giš}BANŠUR",
"id": "P334852.l09824",
"ref": "P334852.11.12",
"inst": "paššūri[table]N",
"sig": "@saao/saa10%akk-x-neoass:{GIŠ}BANŠUR=paššuru[table//table]N'N$paššūri",
"f": {"lang": "akk-x-neoass",
"form": "{GIŠ}BANŠUR",
"cf": "paššuru",
"gw": "table",
"sense": "table",
"norm": "paššūri",
"pos": "N",
"epos": "N"}
}
,
{
"node": "d",
"type": "line-start",
"ref": "P334852.12",
"n": "10'",
"label": "o 10'"}
,
{
"node": "l",
"frag": "[x",
"id": "P334852.l09825",
"ref": "P334852.12.1",
"inst": "u",
"f": {"lang": "akk-x-neoass",
"form": "x",
"pos": "u"}
}
,
{
"node": "l",
"frag": "x",
"id": "P334852.l09826",
"ref": "P334852.12.2",
"inst": "u",
"f": {"lang": "akk-x-neoass",
"form": "x",
"pos": "u"}
}
,
{
"node": "l",
"frag": "x",
"id": "P334852.l09827",
"ref": "P334852.12.3",
"inst": "u",
"f": {"lang": "akk-x-neoass",
"form": "x",
"pos": "u"}
}
,
{
"node": "l",
"frag": "x",
"id": "P334852.l09828",
"ref": "P334852.12.4",
"inst": "u",
"f": {"lang": "akk-x-neoass",
"form": "x",
"pos": "u"}
}
,
{
"node": "l",
"frag": "x",
"id": "P334852.l09829",
"ref": "P334852.12.5",
"inst": "u",
"f": {"lang": "akk-x-neoass",
"form": "x",
"pos": "u"}
}
,
{
"node": "l",
"frag": "x",
"id": "P334852.l0982a",
"ref": "P334852.12.6",
"inst": "u",
"f": {"lang": "akk-x-neoass",
"form": "x",
"pos": "u"}
}
,
{
"node": "l",
"frag": "x",
"id": "P334852.l0982b",
"ref": "P334852.12.7",
"inst": "u",
"f": {"lang": "akk-x-neoass",
"form": "x",
"pos": "u"}
}
,
{
"node": "l",
"frag": "x]-ni",
"id": "P334852.l0982c",
"ref": "P334852.12.8",
"inst": "u",
"f": {"lang": "akk-x-neoass",
"form": "x-ni",
"pos": "u"}
}
,
{
"node": "l",
"frag": "01-en",
"id": "P334852.l0982d",
"ref": "P334852.12.9",
"inst": "issēn[one]NU",
"sig": "@saao/saa10%akk-x-neoass:01-en=ištēn[one//one]NU'NU$issēn",
"f": {"lang": "akk-x-neoass",
"form": "01-en",
"cf": "ištēn",
"gw": "one",
"sense": "one",
"norm": "issēn",
"pos": "NU",
"epos": "NU"}
}
,
{
"node": "l",
"frag": "ni-ib-zu",
"id": "P334852.l0982e",
"ref": "P334852.12.10",
"inst": "+nibzu[(a kind of) document//tablet]N'N$",
"sig": "@saao/saa10%akk-x-neoass:ni-ib-zu=nibzu[(a kind of) document//tablet]N'N$nibzu",
"f": {"lang": "akk-x-neoass",
"form": "ni-ib-zu",
"cf": "nibzu",
"gw": "(a kind of) document",
"sense": "tablet",
"norm": "nibzu",
"pos": "N",
"epos": "N"}
}
,
{
"node": "d",
"type": "line-start",
"ref": "P334852.13",
"n": "11'",
"label": "o 11'"}
,
{
"node": "l",
"frag": "[ki-i",
"id": "P334852.l0982f",
"ref": "P334852.13.1",
"inst": "kî[like]PRP",
"sig": "@saao/saa10%akk-x-neoass:ki-i=kī[like//just as]PRP'PRP$kî",
"f": {"lang": "akk-x-neoass",
"form": "ki-i",
"cf": "kī",
"gw": "like",
"sense": "just as",
"norm": "kî",
"pos": "PRP",
"epos": "PRP"}
}
,
{
"node": "l",
"frag": "an-ni-i",
"id": "P334852.l09830",
"ref": "P334852.13.2",
"inst": "annî[this]DP",
"sig": "@saao/saa10%akk-x-neoass:an-ni-i=annû[this//this]DP'DP$annî",
"f": {"lang": "akk-x-neoass",
"form": "an-ni-i",
"cf": "annû",
"gw": "this",
"sense": "this",
"norm": "annî",
"pos": "DP",
"epos": "DP"}
}
,
{
"node": "l",
"frag": "iq-ṭi-bi]-ia",
"id": "P334852.l09831",
"ref": "P334852.13.3",
"inst": "iqṭibia[say]V",
"sig": "@saao/saa10%akk-x-neoass:iq-ṭi-bi-ia=qabû[say//say]V'V$iqṭibia",
"f": {"lang": "akk-x-neoass",
"form": "iq-ṭi-bi-ia",
"cf": "qabû",
"gw": "say",
"sense": "say",
"norm": "iqṭibia",
"pos": "V",
"epos": "V"}
}
,
{
"node": "l",
"frag": "ma-a",
"id": "P334852.l09832",
"ref": "P334852.13.4",
"inst": "mā[saying]PRP",
"sig": "@saao/saa10%akk-x-neoass:ma-a=mā[saying//saying]PRP'PRP$mā",
"f": {"lang": "akk-x-neoass",
"form": "ma-a",
"cf": "mā",
"gw": "saying",
"sense": "saying",
"norm": "mā",
"pos": "PRP",
"epos": "PRP"}
}
,
{
"node": "l",
"frag": "1",
"id": "P334852.l09833",
"ref": "P334852.13.5",
"inst": "n",
"f": {"lang": "akk-x-neoass",
"form": "1",
"pos": "n"}
}
,
{
"node": "l",
"frag": "AN.ŠAR₂",
"id": "P334852.l09834",
"ref": "P334852.13.6",
"inst": "Aššur[1]DN",
"sig": "@saao/saa10%akk-x-neoass:AN.ŠAR₂=Aššur[1//1]DN'DN$Aššur",
"f": {"lang": "akk-x-neoass",
"form": "AN.ŠAR₂",
"cf": "Aššur",
"gw": "1",
"sense": "1",
"norm": "Aššur",
"pos": "DN",
"epos": "DN"}
}
,
{
"node": "l",
"frag": "ša",
"id": "P334852.l09835",
"ref": "P334852.13.7",
"inst": "ša[who]REL",
"sig": "@saao/saa10%akk-x-neoass:ša=ša[that//who]REL'REL$ša",
"f": {"lang": "akk-x-neoass",
"form": "ša",
"cf": "ša",
"gw": "that",
"sense": "who",
"norm": "ša",
"pos": "REL",
"epos": "REL"}
}
,
{
"node": "l",
"frag": "tak-lu-ka",
"id": "P334852.l09836",
"ref": "P334852.13.8",
"inst": "+taklu[reliable//trusting]AJ'AJ$taklūka",
"sig": "@saao/saa10%akk-x-neoass:tak-lu-ka=taklu[reliable//trusting]AJ'AJ$taklūka",
"f": {"lang": "akk-x-neoass",
"form": "tak-lu-ka",
"cf": "taklu",
"gw": "reliable",
"sense": "trusting",
"norm": "taklūka",
"pos": "AJ",
"epos": "AJ"}
}
,
{
"node": "d",
"type": "line-start",
"ref": "P334852.14",
"n": "12'",
"label": "o 12'"}
,
{
"node": "l",
"frag": "[na-piš-ta-šu₂",
"id": "P334852.l09837",
"ref": "P334852.14.1",
"inst": "+napištu[throat//life]N'N$napištašu",
"sig": "@saao/saa10%akk-x-neoass:na-piš-ta-šu₂=napištu[throat//life]N'N$napištašu",
"f": {"lang": "akk-x-neoass",
"form": "na-piš-ta-šu₂",
"cf": "napištu",
"gw": "throat",
"sense": "life",
"norm": "napištašu",
"pos": "N",
"epos": "N"}
}
,
{
"node": "l",
"frag": "gi]-⸢mil⸣-ma",
"id": "P334852.l09838",
"ref": "P334852.14.2",
"inst": "+gamālu[do a favour//spare]V'V$gimilma",
"sig": "@saao/saa10%akk-x-neoass:gi-mil-ma=gamālu[do a favour//spare]V'V$gimilma",
"f": {"lang": "akk-x-neoass",
"form": "gi-mil-ma",
"cf": "gamālu",
"gw": "do a favour",
"sense": "spare",
"norm": "gimilma",
"pos": "V",
"epos": "V"}
}
,
{
"node": "l",
"frag": "ina",
"id": "P334852.l09839",
"ref": "P334852.14.3",
"inst": "ina[in]PRP",
"sig": "@saao/saa10%akk-x-neoass:ina=ina[in//in]PRP'PRP$ina",
"f": {"lang": "akk-x-neoass",
"form": "ina",
"cf": "ina",
"gw": "in",
"sense": "in",
"norm": "ina",
"pos": "PRP",
"epos": "PRP"}
}
,
{
"node": "l",
"frag": "UGU",
"id": "P334852.l0983a",
"ref": "P334852.14.4",
"inst": "muhhi[skull]N",
"sig": "@saao/saa10%akk-x-neoass:UGU=muhhu[skull//skull]N'N$muhhi",
"f": {"lang": "akk-x-neoass",
"form": "UGU",
"cf": "muhhu",
"gw": "skull",
"sense": "skull",
"norm": "muhhi",
"pos": "N",
"epos": "N"}
}
,
{
"node": "l",
"frag": "ni-ib-zu",
"id": "P334852.l0983b",
"ref": "P334852.14.5",
"inst": "nibzu[tablet]N",
"sig": "@saao/saa10%akk-x-neoass:ni-ib-zu=nibzu[(a kind of) document//tablet]N'N$nibzu",
"f": {"lang": "akk-x-neoass",
"form": "ni-ib-zu",
"cf": "nibzu",
"gw": "(a kind of) document",
"sense": "tablet",
"norm": "nibzu",
"pos": "N",
"epos": "N"}
}
,
{
"node": "d",
"subtype": "bottom",
"type": "surface",
"ref": "P334852.b.e..15",
"type": "bottom",
"label": "b.e."}
,
{
"node": "d",
"type": "line-start",
"ref": "P334852.16",
"n": "13'",
"label": "b.e. 13'"}
,
{
"node": "l",
"frag": "[x",
"id": "P334852.l0983c",
"ref": "P334852.16.1",
"inst": "u",
"f": {"lang": "akk-x-neoass",
"form": "x",
"pos": "u"}
}
,
{
"node": "l",
"frag": "x",
"id": "P334852.l0983d",
"ref": "P334852.16.2",
"inst": "u",
"f": {"lang": "akk-x-neoass",
"form": "x",
"pos": "u"}
}
,
{
"node": "l",
"frag": "x",
"id": "P334852.l0983e",
"ref": "P334852.16.3",
"inst": "u",
"f": {"lang": "akk-x-neoass",
"form": "x",
"pos": "u"}
}
,
{
"node": "l",
"frag": "x",
"id": "P334852.l0983f",
"ref": "P334852.16.4",
"inst": "u",
"f": {"lang": "akk-x-neoass",
"form": "x",
"pos": "u"}
}
,
{
"node": "l",
"frag": "x",
"id": "P334852.l09840",
"ref": "P334852.16.5",
"inst": "u",
"f": {"lang": "akk-x-neoass",
"form": "x",
"pos": "u"}
}
,
{
"node": "l",
"frag": "x",
"id": "P334852.l09841",
"ref": "P334852.16.6",
"inst": "u",
"f": {"lang": "akk-x-neoass",
"form": "x",
"pos": "u"}
}
,
{
"node": "l",
"frag": "x",
"id": "P334852.l09842",
"ref": "P334852.16.7",
"inst": "u",
"f": {"lang": "akk-x-neoass",
"form": "x",
"pos": "u"}
}
,
{
"node": "l",
"frag": "x]",
"id": "P334852.l09843",
"ref": "P334852.16.8",
"inst": "u",
"f": {"lang": "akk-x-neoass",
"form": "x",
"pos": "u"}
}
,
{
"node": "l",
"frag": "⸢x",
"id": "P334852.l09844",
"ref": "P334852.16.9",
"inst": "u",
"f": {"lang": "akk-x-neoass",
"form": "x",
"pos": "u"}
}
,
{
"node": "l",
"frag": "x⸣",
"id": "P334852.l09845",
"ref": "P334852.16.10",
"inst": "u",
"f": {"lang": "akk-x-neoass",
"form": "x",
"pos": "u"}
}
,
{
"node": "l",
"frag": "[x",
"id": "P334852.l09846",
"ref": "P334852.16.11",
"inst": "u",
"f": {"lang": "akk-x-neoass",
"form": "x",
"pos": "u"}
}
,
{
"node": "l",
"frag": "x",
"id": "P334852.l09847",
"ref": "P334852.16.12",
"inst": "u",
"f": {"lang": "akk-x-neoass",
"form": "x",
"pos": "u"}
}
,
{
"node": "l",
"frag": "x]+⸢x⸣",
"id": "P334852.l09848",
"ref": "P334852.16.13",
"inst": "u",
"f": {"lang": "akk-x-neoass",
"form": "x+x",
"pos": "u"}
}
,
{
"node": "d",
"subtype": "reverse",
"type": "surface",
"ref": "P334852.r.17",
"type": "reverse",
"label": "r"}
,
{
"node": "d",
"type": "nonx",
"ref": "P334852.18",
"strict": "0",
"extent": "1",
"scope": "line",
"state": "missing"}
,
{
"node": "d",
"type": "line-start",
"ref": "P334852.19",
"n": "2",
"label": "r 2"}
,
{
"node": "l",
"frag": "[x",
"id": "P334852.l09849",
"ref": "P334852.19.1",
"inst": "u",
"f": {"lang": "akk-x-neoass",
"form": "x",
"pos": "u"}
}
,
{
"node": "l",
"frag": "x",
"id": "P334852.l0984a",
"ref": "P334852.19.2",
"inst": "u",
"f": {"lang": "akk-x-neoass",
"form": "x",
"pos": "u"}
}
,
{
"node": "l",
"frag": "x",
"id": "P334852.l0984b",
"ref": "P334852.19.3",
"inst": "u",
"f": {"lang": "akk-x-neoass",
"form": "x",
"pos": "u"}
}
,
{
"node": "l",
"frag": "x",
"id": "P334852.l0984c",
"ref": "P334852.19.4",
"inst": "u",
"f": {"lang": "akk-x-neoass",
"form": "x",
"pos": "u"}
}
,
{
"node": "l",
"frag": "x",
"id": "P334852.l0984d",
"ref": "P334852.19.5",
"inst": "u",
"f": {"lang": "akk-x-neoass",
"form": "x",
"pos": "u"}
}
,
{
"node": "l",
"frag": "x",
"id": "P334852.l0984e",
"ref": "P334852.19.6",
"inst": "u",
"f": {"lang": "akk-x-neoass",
"form": "x",
"pos": "u"}
}
,
{
"node": "l",
"frag": "x",
"id": "P334852.l0984f",
"ref": "P334852.19.7",
"inst": "u",
"f": {"lang": "akk-x-neoass",
"form": "x",
"pos": "u"}
}
,
{
"node": "l",
"frag": "x]-⸢mu⸣",
"id": "P334852.l09850",
"ref": "P334852.19.8",
"inst": "u",
"f": {"lang": "akk-x-neoass",
"form": "x-mu",
"pos": "u"}
}
,
{
"node": "l",
"frag": "a-na",
"id": "P334852.l09851",
"ref": "P334852.19.9",
"inst": "ana[to]PRP",
"sig": "@saao/saa10%akk-x-neoass:a-na=ana[to//to]PRP'PRP$ana",
"f": {"lang": "akk-x-neoass",
"form": "a-na",
"cf": "ana",
"gw": "to",
"sense": "to",
"norm": "ana",
"pos": "PRP",
"epos": "PRP"}
}
,
{
"node": "l",
"frag": "<MAN>",
"id": "P334852.l09852",
"ref": "P334852.19.10",
"inst": "šarri[king]N",
"sig": "@saao/saa10%akk-x-neoass:MAN=šarru[king//king]N'N$šarri",
"f": {"lang": "akk-x-neoass",
"form": "MAN",
"cf": "šarru",
"gw": "king",
"sense": "king",
"norm": "šarri",
"pos": "N",
"epos": "N"}
}
,
{
"node": "l",
"frag": "EN-ia₂",
"id": "P334852.l09853",
"ref": "P334852.19.11",
"inst": "bēlīya[lord]N",
"sig": "@saao/saa10%akk-x-neoass:EN-ia₂=bēlu[lord//lord]N'N$bēlīya",
"f": {"lang": "akk-x-neoass",
"form": "EN-ia₂",
"cf": "bēlu",
"gw": "lord",
"sense": "lord",
"norm": "bēlīya",
"pos": "N",
"epos": "N"}
}
,
{
"node": "d",
"type": "line-start",
"ref": "P334852.20",
"n": "3",
"label": "r 3"}
,
{
"node": "l",
"frag": "[x",
"id": "P334852.l09854",
"ref": "P334852.20.1",
"inst": "u",
"f": {"lang": "akk-x-neoass",
"form": "x",
"pos": "u"}
}
,
{
"node": "l",
"frag": "x",
"id": "P334852.l09855",
"ref": "P334852.20.2",
"inst": "u",
"f": {"lang": "akk-x-neoass",
"form": "x",
"pos": "u"}
}
,
{
"node": "l",
"frag": "x",
"id": "P334852.l09856",
"ref": "P334852.20.3",
"inst": "u",
"f": {"lang": "akk-x-neoass",
"form": "x",
"pos": "u"}
}
,
{
"node": "l",
"frag": "x",
"id": "P334852.l09857",
"ref": "P334852.20.4",
"inst": "u",
"f": {"lang": "akk-x-neoass",
"form": "x",
"pos": "u"}
}
,
{
"node": "l",
"frag": "x",
"id": "P334852.l09858",
"ref": "P334852.20.5",
"inst": "u",
"f": {"lang": "akk-x-neoass",
"form": "x",
"pos": "u"}
}
,
{
"node": "l",
"frag": "x",
"id": "P334852.l09859",
"ref": "P334852.20.6",
"inst": "u",
"f": {"lang": "akk-x-neoass",
"form": "x",
"pos": "u"}
}
,
{
"node": "l",
"frag": "x",
"id": "P334852.l0985a",
"ref": "P334852.20.7",
"inst": "u",
"f": {"lang": "akk-x-neoass",
"form": "x",
"pos": "u"}
}
,
{
"node": "l",
"frag": "x]-MEŠ",
"id": "P334852.l0985b",
"ref": "P334852.20.8",
"inst": "u",
"f": {"lang": "akk-x-neoass",
"form": "x-MEŠ",
"pos": "u"}
}
,
{
"node": "l",
"frag": "ša",
"id": "P334852.l0985c",
"ref": "P334852.20.9",
"inst": "ša[of]DET",
"sig": "@saao/saa10%akk-x-neoass:ša=ša[of//of]DET'DET$ša",
"f": {"lang": "akk-x-neoass",
"form": "ša",
"cf": "ša",
"gw": "of",
"sense": "of",
"norm": "ša",
"pos": "DET",
"epos": "DET"}
}
,
{
"node": "l",
"frag": "KUR-aš-šur{ki}",
"id": "P334852.l0985d",
"ref": "P334852.20.10",
"inst": "Mat-Aššur[Assyria]GN",
"sig": "@saao/saa10%akk-x-neoass:KUR-aš-šur{KI}=Mat-Aššur[Assyria//Assyria]GN'GN$Mat-Aššur",
"f": {"lang": "akk-x-neoass",
"form": "KUR-aš-šur{KI}",
"cf": "Mat-Aššur",
"gw": "Assyria",
"sense": "Assyria",
"norm": "Mat-Aššur",
"pos": "GN",
"epos": "GN"}
}
,
{
"node": "d",
"type": "line-start",
"ref": "P334852.21",
"n": "4",
"label": "r 4"}
,
{
"node": "l",
"frag": "[x",
"id": "P334852.l0985e",
"ref": "P334852.21.1",
"inst": "u",
"f": {"lang": "akk-x-neoass",
"form": "x",
"pos": "u"}
}
,
{
"node": "l",
"frag": "x",
"id": "P334852.l0985f",
"ref": "P334852.21.2",
"inst": "u",
"f": {"lang": "akk-x-neoass",
"form": "x",
"pos": "u"}
}
,
{
"node": "l",
"frag": "x",
"id": "P334852.l09860",
"ref": "P334852.21.3",
"inst": "u",
"f": {"lang": "akk-x-neoass",
"form": "x",
"pos": "u"}
}
,
{
"node": "l",
"frag": "x",
"id": "P334852.l09861",
"ref": "P334852.21.4",
"inst": "u",
"f": {"lang": "akk-x-neoass",
"form": "x",
"pos": "u"}
}
,
{
"node": "l",
"frag": "x",
"id": "P334852.l09862",
"ref": "P334852.21.5",
"inst": "u",
"f": {"lang": "akk-x-neoass",
"form": "x",
"pos": "u"}
}
,
{
"node": "l",
"frag": "x",
"id": "P334852.l09863",
"ref": "P334852.21.6",
"inst": "u",
"f": {"lang": "akk-x-neoass",
"form": "x",
"pos": "u"}
}
,
{
"node": "l",
"frag": "x",
"id": "P334852.l09864",
"ref": "P334852.21.7",
"inst": "u",
"f": {"lang": "akk-x-neoass",
"form": "x",
"pos": "u"}
}
,
{
"node": "l",
"frag": "x",
"id": "P334852.l09865",
"ref": "P334852.21.8",
"inst": "u",
"f": {"lang": "akk-x-neoass",
"form": "x",
"pos": "u"}
}
,
{
"node": "l",
"frag": "x]-⸢na⸣-bit",
"id": "P334852.l09866",
"ref": "P334852.21.9",
"inst": "u",
"f": {"lang": "akk-x-neoass",
"form": "x-na-bit",
"pos": "u"}
}
,
{
"node": "d",
"type": "line-start",
"ref": "P334852.22",
"n": "5",
"label": "r 5"}
,
{
"node": "l",
"frag": "[aš-šur",
"id": "P334852.l09867",
"ref": "P334852.22.1",
"inst": "Aššur[1]DN",
"sig": "@saao/saa10%akk-x-neoass:aš-šur=Aššur[1//1]DN'DN$Aššur",
"f": {"lang": "akk-x-neoass",
"form": "aš-šur",
"cf": "Aššur",
"gw": "1",
"sense": "1",
"norm": "Aššur",
"pos": "DN",
"epos": "DN"}
}
,
{
"node": "l",
"frag": "{d}30",
"id": "P334852.l09868",
"ref": "P334852.22.2",
"inst": "Sin[1]DN",
"sig": "@saao/saa10%akk-x-neoass:{d}30=Sin[1//1]DN'DN$Sin",
"f": {"lang": "akk-x-neoass",
"form": "{d}30",
"cf": "Sin",
"gw": "1",
"sense": "1",
"norm": "Sin",
"pos": "DN",
"epos": "DN"}
}
,
{
"node": "l",
"frag": "{d}UTU",
"id": "P334852.l09869",
"ref": "P334852.22.3",
"inst": "Šamaš[1]DN",
"sig": "@saao/saa10%akk-x-neoass:{d}UTU=Šamaš[1//1]DN'DN$Šamaš",
"f": {"lang": "akk-x-neoass",
"form": "{d}UTU",
"cf": "Šamaš",
"gw": "1",
"sense": "1",
"norm": "Šamaš",
"pos": "DN",
"epos": "DN"}
}
,
{
"node": "l",
"frag": "{d}EN",
"id": "P334852.l0986a",
"ref": "P334852.22.4",
"inst": "Bel[1]DN",
"sig": "@saao/saa10%akk-x-neoass:{d}EN=Bel[1//1]DN'DN$Bel",
"f": {"lang": "akk-x-neoass",
"form": "{d}EN",
"cf": "Bel",
"gw": "1",
"sense": "1",
"norm": "Bel",
"pos": "DN",
"epos": "DN"}
}
,
{
"node": "l",
"frag": "{d}PA",
"id": "P334852.l0986b",
"ref": "P334852.22.5",
"inst": "Nabu[1]DN",
"sig": "@saao/saa10%akk-x-neoass:{d}PA=Nabu[1//1]DN'DN$Nabu",
"f": {"lang": "akk-x-neoass",
"form": "{d}PA",
"cf": "Nabu",
"gw": "1",
"sense": "1",
"norm": "Nabu",
"pos": "DN",
"epos": "DN"}
}
,
{
"node": "l",
"frag": "{d}SAG.ME.GAR",
"id": "P334852.l0986c",
"ref": "P334852.22.6",
"inst": "Sagmegar[Jupiter]CN",
"sig": "@saao/saa10%akk-x-neoass:{d}SAG.ME.GAR=Sagmegar[Jupiter//Jupiter]CN'CN$Sagmegar",
"f": {"lang": "akk-x-neoass",
"form": "{d}SAG.ME.GAR",
"cf": "Sagmegar",
"gw": "Jupiter",
"sense": "Jupiter",
"norm": "Sagmegar",
"pos": "CN",
"epos": "CN"}
}
,
{
"node": "l",
"frag": "{d]}dil-bat",
"id": "P334852.l0986d",
"ref": "P334852.22.7",
"inst": "Dilbat[Venus]CN",
"sig": "@saao/saa10%akk-x-neoass:{d}dil-bat=Dilbat[Venus//Venus]CN'CN$Dilbat",
"f": {"lang": "akk-x-neoass",
"form": "{d}dil-bat",
"cf": "Dilbat",
"gw": "Venus",
"sense": "Venus",
"norm": "Dilbat",
"pos": "CN",
"epos": "CN"}
}
,
{
"node": "d",
"type": "line-start",
"ref": "P334852.23",
"n": "6",
"label": "r 6"}
,
{
"node": "l",
"frag": "{[d}UDU.IDIM.SAG.UŠ",
"id": "P334852.l0986e",
"ref": "P334852.23.1",
"inst": "Kayamanu[Saturn]CN",
"sig": "@saao/saa10%akk-x-neoass:{d}UDU.IDIM.SAG.UŠ=Kayyamanu[Saturn//Saturn]CN'CN$Kayamanu",
"f": {"lang": "akk-x-neoass",
"form": "{d}UDU.IDIM.SAG.UŠ",
"cf": "Kayyamanu",
"gw": "Saturn",
"sense": "Saturn",
"norm": "Kayamanu",
"pos": "CN",
"epos": "CN"}
}
,
{
"node": "l",
"frag": "{d}UDU.IDIM.GUD.UD",
"id": "P334852.l0986f",
"ref": "P334852.23.2",
"inst": "Šihṭu[Mercury]CN",
"sig": "@saao/saa10%akk-x-neoass:{d}UDU.IDIM.GUD.UD=Šihṭu[Mercury//Mercury]CN'CN$Šihṭu",
"f": {"lang": "akk-x-neoass",
"form": "{d}UDU.IDIM.GUD.UD",
"cf": "Šihṭu",
"gw": "Mercury",
"sense": "Mercury",
"norm": "Šihṭu",
"pos": "CN",
"epos": "CN"}
}
,
{
"node": "l",
"frag": "{d}ṣal-bat-a-nu]",
"id": "P334852.l09870",
"ref": "P334852.23.3",
"inst": "Ṣalbatanu[Mars]CN",
"sig": "@saao/saa10%akk-x-neoass:{d}ṣal-bat-a-nu=Ṣalbatanu[Mars//Mars]CN'CN$Ṣalbatanu",
"f": {"lang": "akk-x-neoass",
"form": "{d}ṣal-bat-a-nu",
"cf": "Ṣalbatanu",
"gw": "Mars",
"sense": "Mars",
"norm": "Ṣalbatanu",
"pos": "CN",
"epos": "CN"}
}
,
{
"node": "l",
"frag": "⸢lu⸣-u",
"id": "P334852.l09871",
"ref": "P334852.23.4",
"inst": "lū[may]MOD",
"sig": "@saao/saa10%akk-x-neoass:lu-u=lū[may//may]MOD'MOD$lū",
"f": {"lang": "akk-x-neoass",
"form": "lu-u",
"cf": "lū",
"gw": "may",
"sense": "may",
"norm": "lū",
"pos": "MOD",
"epos": "MOD"}
}
,
{
"node": "l",
"frag": "u₂-di-i-u",
"id": "P334852.l09872",
"ref": "P334852.23.5",
"inst": "+wadû[know]V$ūdiʾu",
"sig": "@saao/saa10%akk-x-neoass:u₂-di-i-u=wadû[know//know]V'V$ūdiʾu",
"f": {"lang": "akk-x-neoass",
"form": "u₂-di-i-u",
"cf": "wadû",
"gw": "know",
"sense": "know",
"norm": "ūdiʾu",
"pos": "V",
"epos": "V"}
}
,
{
"node": "d",
"type": "line-start",
"ref": "P334852.24",
"n": "7",
"label": "r 7"}
,
{
"node": "l",
"frag": "[šum₂-ma",
"id": "P334852.l09873",
"ref": "P334852.24.1",
"inst": "šumma[if]MOD",
"sig": "@saao/saa10%akk-x-neoass:šum₂-ma=šumma[if//if]MOD'MOD$šumma",
"f": {"lang": "akk-x-neoass",
"form": "šum₂-ma",
"cf": "šumma",
"gw": "if",
"sense": "if",
"norm": "šumma",
"pos": "MOD",
"epos": "MOD"}
}
,
{
"node": "l",
"frag": "x",
"id": "P334852.l09874",
"ref": "P334852.24.2",
"inst": "u",
"f": {"lang": "akk-x-neoass",
"form": "x",
"pos": "u"}
}
,
{
"node": "l",
"frag": "x",
"id": "P334852.l09875",
"ref": "P334852.24.3",
"inst": "u",
"f": {"lang": "akk-x-neoass",
"form": "x",
"pos": "u"}
}
,
{
"node": "l",
"frag": "x",
"id": "P334852.l09876",
"ref": "P334852.24.4",
"inst": "u",
"f": {"lang": "akk-x-neoass",
"form": "x",
"pos": "u"}
}
,
{
"node": "l",
"frag": "x",
"id": "P334852.l09877",
"ref": "P334852.24.5",
"inst": "u",
"f": {"lang": "akk-x-neoass",
"form": "x",
"pos": "u"}
}
,
{
"node": "l",
"frag": "x",
"id": "P334852.l09878",
"ref": "P334852.24.6",
"inst": "u",
"f": {"lang": "akk-x-neoass",
"form": "x",
"pos": "u"}
}
,
{
"node": "l",
"frag": "x",
"id": "P334852.l09879",
"ref": "P334852.24.7",
"inst": "u",
"f": {"lang": "akk-x-neoass",
"form": "x",
"pos": "u"}
}
,
{
"node": "l",
"frag": "x]+⸢x⸣-u-ni",
"id": "P334852.l0987a",
"ref": "P334852.24.8",
"inst": "u",
"f": {"lang": "akk-x-neoass",
"form": "x+x-u-ni",
"pos": "u"}
}
,
{
"node": "d",
"type": "nonx",
"ref": "P334852.25",
"strict": "0",
"state": "other"}
,
{
"node": "d",
"type": "line-start",
"ref": "P334852.26",
"n": "8",
"label": "r 8"}
,
{
"node": "l",
"frag": "[x",
"id": "P334852.l0987b",
"ref": "P334852.26.1",
"inst": "u",
"f": {"lang": "akk-x-neoass",
"form": "x",
"pos": "u"}
}
,
{
"node": "l",
"frag": "x",
"id": "P334852.l0987c",
"ref": "P334852.26.2",
"inst": "u",
"f": {"lang": "akk-x-neoass",
"form": "x",
"pos": "u"}
}
,
{
"node": "l",
"frag": "x",
"id": "P334852.l0987d",
"ref": "P334852.26.3",
"inst": "u",
"f": {"lang": "akk-x-neoass",
"form": "x",
"pos": "u"}
}
,
{
"node": "l",
"frag": "x",
"id": "P334852.l0987e",
"ref": "P334852.26.4",
"inst": "u",
"f": {"lang": "akk-x-neoass",
"form": "x",
"pos": "u"}
}
,
{
"node": "l",
"frag": "x",
"id": "P334852.l0987f",
"ref": "P334852.26.5",
"inst": "u",
"f": {"lang": "akk-x-neoass",
"form": "x",
"pos": "u"}
}
,
{
"node": "l",
"frag": "x",
"id": "P334852.l09880",
"ref": "P334852.26.6",
"inst": "u",
"f": {"lang": "akk-x-neoass",
"form": "x",
"pos": "u"}
}
,
{
"node": "l",
"frag": "x",
"id": "P334852.l09881",
"ref": "P334852.26.7",
"inst": "u",
"f": {"lang": "akk-x-neoass",
"form": "x",
"pos": "u"}
}
,
{
"node": "l",
"frag": "x",
"id": "P334852.l09882",
"ref": "P334852.26.8",
"inst": "u",
"f": {"lang": "akk-x-neoass",
"form": "x",
"pos": "u"}
}
,
{
"node": "l",
"frag": "x]+⸢x⸣",
"id": "P334852.l09883",
"ref": "P334852.26.9",
"inst": "u",
"f": {"lang": "akk-x-neoass",
"form": "x+x",
"pos": "u"}
}
,
{
"node": "l",
"frag": "du-mu-qu",
"id": "P334852.l09884",
"ref": "P334852.26.10",
"inst": "+dummuqu[very good]AJ$",
"sig": "@saao/saa10%akk-x-neoass:du-mu-qu=dummuqu[very good//very good]AJ'AJ$dummuqu",
"f": {"lang": "akk-x-neoass",
"form": "du-mu-qu",
"cf": "dummuqu",
"gw": "very good",
"sense": "very good",
"norm": "dummuqu",
"pos": "AJ",
"epos": "AJ"}
}
,
{
"node": "d",
"type": "line-start",
"ref": "P334852.27",
"n": "9",
"label": "r 9"}
,
{
"node": "l",
"frag": "[x",
"id": "P334852.l09885",
"ref": "P334852.27.1",
"inst": "u",
"f": {"lang": "akk-x-neoass",
"form": "x",
"pos": "u"}
}
,
{
"node": "l",
"frag": "x",
"id": "P334852.l09886",
"ref": "P334852.27.2",
"inst": "u",
"f": {"lang": "akk-x-neoass",
"form": "x",
"pos": "u"}
}
,
{
"node": "l",
"frag": "x",
"id": "P334852.l09887",
"ref": "P334852.27.3",
"inst": "u",
"f": {"lang": "akk-x-neoass",
"form": "x",
"pos": "u"}
}
,
{
"node": "l",
"frag": "x",
"id": "P334852.l09888",
"ref": "P334852.27.4",
"inst": "u",
"f": {"lang": "akk-x-neoass",
"form": "x",
"pos": "u"}
}
,
{
"node": "l",
"frag": "x",
"id": "P334852.l09889",
"ref": "P334852.27.5",
"inst": "u",
"f": {"lang": "akk-x-neoass",
"form": "x",
"pos": "u"}
}
,
{
"node": "l",
"frag": "x",
"id": "P334852.l0988a",
"ref": "P334852.27.6",
"inst": "u",
"f": {"lang": "akk-x-neoass",
"form": "x",
"pos": "u"}
}
,
{
"node": "l",
"frag": "x",
"id": "P334852.l0988b",
"ref": "P334852.27.7",
"inst": "u",
"f": {"lang": "akk-x-neoass",
"form": "x",
"pos": "u"}
}
,
{
"node": "l",
"frag": "x",
"id": "P334852.l0988c",
"ref": "P334852.27.8",
"inst": "u",
"f": {"lang": "akk-x-neoass",
"form": "x",
"pos": "u"}
}
,
{
"node": "l",
"frag": "x",
"id": "P334852.l0988d",
"ref": "P334852.27.9",
"inst": "u",
"f": {"lang": "akk-x-neoass",
"form": "x",
"pos": "u"}
}
,
{
"node": "l",
"frag": "x]",
"id": "P334852.l0988e",
"ref": "P334852.27.10",
"inst": "u",
"f": {"lang": "akk-x-neoass",
"form": "x",
"pos": "u"}
}
,
{
"node": "l",
"frag": "⸢u₃",
"id": "P334852.l0988f",
"ref": "P334852.27.11",
"inst": "u[and]CNJ",
"sig": "@saao/saa10%akk-x-neoass:u₃=u[and//and]CNJ'CNJ$u",
"f": {"lang": "akk-x-neoass",
"form": "u₃",
"cf": "u",
"gw": "and",
"sense": "and",
"norm": "u",
"pos": "CNJ",
"epos": "CNJ"}
}
,
{
"node": "l",
"frag": "ma-a⸣",
"id": "P334852.l09890",
"ref": "P334852.27.12",
"inst": "mā[saying]PRP",
"sig": "@saao/saa10%akk-x-neoass:ma-a=mā[saying//saying]PRP'PRP$mā",
"f": {"lang": "akk-x-neoass",
"form": "ma-a",
"cf": "mā",
"gw": "saying",
"sense": "saying",
"norm": "mā",
"pos": "PRP",
"epos": "PRP"}
}
,
{
"node": "d",
"type": "line-start",
"ref": "P334852.28",
"n": "10",
"label": "r 10"}
,
{
"node": "l",
"frag": "[x",
"id": "P334852.l09891",
"ref": "P334852.28.1",
"inst": "u",
"f": {"lang": "akk-x-neoass",
"form": "x",
"pos": "u"}
}
,
{
"node": "l",
"frag": "x",
"id": "P334852.l09892",
"ref": "P334852.28.2",
"inst": "u",
"f": {"lang": "akk-x-neoass",
"form": "x",
"pos": "u"}
}
,
{
"node": "l",
"frag": "x",
"id": "P334852.l09893",
"ref": "P334852.28.3",
"inst": "u",
"f": {"lang": "akk-x-neoass",
"form": "x",
"pos": "u"}
}
,
{
"node": "l",
"frag": "x",
"id": "P334852.l09894",
"ref": "P334852.28.4",
"inst": "u",
"f": {"lang": "akk-x-neoass",
"form": "x",
"pos": "u"}
}
,
{
"node": "l",
"frag": "x",
"id": "P334852.l09895",
"ref": "P334852.28.5",
"inst": "u",
"f": {"lang": "akk-x-neoass",
"form": "x",
"pos": "u"}
}
,
{
"node": "l",
"frag": "x",
"id": "P334852.l09896",
"ref": "P334852.28.6",
"inst": "u",
"f": {"lang": "akk-x-neoass",
"form": "x",
"pos": "u"}
}
,
{
"node": "l",
"frag": "x",
"id": "P334852.l09897",
"ref": "P334852.28.7",
"inst": "u",
"f": {"lang": "akk-x-neoass",
"form": "x",
"pos": "u"}
}
,
{
"node": "l",
"frag": "x",
"id": "P334852.l09898",
"ref": "P334852.28.8",
"inst": "u",
"f": {"lang": "akk-x-neoass",
"form": "x",
"pos": "u"}
}
,
{
"node": "l",
"frag": "x",
"id": "P334852.l09899",
"ref": "P334852.28.9",
"inst": "u",
"f": {"lang": "akk-x-neoass",
"form": "x",
"pos": "u"}
}
,
{
"node": "l",
"frag": "x",
"id": "P334852.l0989a",
"ref": "P334852.28.10",
"inst": "u",
"f": {"lang": "akk-x-neoass",
"form": "x",
"pos": "u"}
}
,
{
"node": "l",
"frag": "x]",
"id": "P334852.l0989b",
"ref": "P334852.28.11",
"inst": "u",
"f": {"lang": "akk-x-neoass",
"form": "x",
"pos": "u"}
}
,
{
"node": "l",
"frag": "⸢KA₂⸣",
"id": "P334852.l0989c",
"ref": "P334852.28.12",
"inst": "bābu[gate]N",
"sig": "@saao/saa10%akk-x-neoass:KA₂=bābu[gate//gate]N'N$bābu",
"f": {"lang": "akk-x-neoass",
"form": "KA₂",
"cf": "bābu",
"gw": "gate",
"sense": "gate",
"norm": "bābu",
"pos": "N",
"epos": "N"}
}
,
{
"node": "l",
"frag": "pe-te",
"id": "P334852.l0989d",
"ref": "P334852.28.13",
"inst": "+petû[open]V$pete",
"sig": "@saao/saa10%akk-x-neoass:pe-te=petû[open//open]V'V$pete",
"f": {"lang": "akk-x-neoass",
"form": "pe-te",
"cf": "petû",
"gw": "open",
"sense": "open",
"norm": "pete",
"pos": "V",
"epos": "V"}
}
,
{
"node": "d",
"type": "line-start",
"ref": "P334852.29",
"n": "11",
"label": "r 11"}
,
{
"node": "l",
"frag": "[x",
"id": "P334852.l0989e",
"ref": "P334852.29.1",
"inst": "u",
"f": {"lang": "akk-x-neoass",
"form": "x",
"pos": "u"}
}
,
{
"node": "l",
"frag": "x",
"id": "P334852.l0989f",
"ref": "P334852.29.2",
"inst": "u",
"f": {"lang": "akk-x-neoass",
"form": "x",
"pos": "u"}
}
,
{
"node": "l",
"frag": "x",
"id": "P334852.l098a0",
"ref": "P334852.29.3",
"inst": "u",
"f": {"lang": "akk-x-neoass",
"form": "x",
"pos": "u"}
}
,
{
"node": "l",
"frag": "x",
"id": "P334852.l098a1",
"ref": "P334852.29.4",
"inst": "u",
"f": {"lang": "akk-x-neoass",
"form": "x",
"pos": "u"}
}
,
{
"node": "l",
"frag": "x",
"id": "P334852.l098a2",
"ref": "P334852.29.5",
"inst": "u",
"f": {"lang": "akk-x-neoass",
"form": "x",
"pos": "u"}
}
,
{
"node": "l",
"frag": "x",
"id": "P334852.l098a3",
"ref": "P334852.29.6",
"inst": "u",
"f": {"lang": "akk-x-neoass",
"form": "x",
"pos": "u"}
}
,
{
"node": "l",
"frag": "x",
"id": "P334852.l098a4",
"ref": "P334852.29.7",
"inst": "u",
"f": {"lang": "akk-x-neoass",
"form": "x",
"pos": "u"}
}
,
{
"node": "l",
"frag": "x",
"id": "P334852.l098a5",
"ref": "P334852.29.8",
"inst": "u",
"f": {"lang": "akk-x-neoass",
"form": "x",
"pos": "u"}
}
,
{
"node": "l",
"frag": "x",
"id": "P334852.l098a6",
"ref": "P334852.29.9",
"inst": "u",
"f": {"lang": "akk-x-neoass",
"form": "x",
"pos": "u"}
}
,
{
"node": "l",
"frag": "x",
"id": "P334852.l098a7",
"ref": "P334852.29.10",
"inst": "u",
"f": {"lang": "akk-x-neoass",
"form": "x",
"pos": "u"}
}
,
{
"node": "l",
"frag": "x]-ma",
"id": "P334852.l098a8",
"ref": "P334852.29.11",
"inst": "u",
"f": {"lang": "akk-x-neoass",
"form": "x-ma",
"pos": "u"}
}
,
{
"node": "l",
"frag": "ma-a",
"id": "P334852.l098a9",
"ref": "P334852.29.12",
"inst": "mā[saying]PRP",
"sig": "@saao/saa10%akk-x-neoass:ma-a=mā[saying//saying]PRP'PRP$mā",
"f": {"lang": "akk-x-neoass",
"form": "ma-a",
"cf": "mā",
"gw": "saying",
"sense": "saying",
"norm": "mā",
"pos": "PRP",
"epos": "PRP"}
}
,
{
"node": "d",
"type": "line-start",
"ref": "P334852.30",
"n": "12",
"label": "r 12"}
,
{
"node": "l",
"frag": "[x",
"id": "P334852.l098aa",
"ref": "P334852.30.1",
"inst": "u",
"f": {"lang": "akk-x-neoass",
"form": "x",
"pos": "u"}
}
,
{
"node": "l",
"frag": "x",
"id": "P334852.l098ab",
"ref": "P334852.30.2",
"inst": "u",
"f": {"lang": "akk-x-neoass",
"form": "x",
"pos": "u"}
}
,
{
"node": "l",
"frag": "x",
"id": "P334852.l098ac",
"ref": "P334852.30.3",
"inst": "u",
"f": {"lang": "akk-x-neoass",
"form": "x",
"pos": "u"}
}
,
{
"node": "l",
"frag": "x",
"id": "P334852.l098ad",
"ref": "P334852.30.4",
"inst": "u",
"f": {"lang": "akk-x-neoass",
"form": "x",
"pos": "u"}
}
,
{
"node": "l",
"frag": "x",
"id": "P334852.l098ae",
"ref": "P334852.30.5",
"inst": "u",
"f": {"lang": "akk-x-neoass",
"form": "x",
"pos": "u"}
}
,
{
"node": "l",
"frag": "x",
"id": "P334852.l098af",
"ref": "P334852.30.6",
"inst": "u",
"f": {"lang": "akk-x-neoass",
"form": "x",
"pos": "u"}
}
,
{
"node": "l",
"frag": "x",
"id": "P334852.l098b0",
"ref": "P334852.30.7",
"inst": "u",
"f": {"lang": "akk-x-neoass",
"form": "x",
"pos": "u"}
}
,
{
"node": "l",
"frag": "x",
"id": "P334852.l098b1",
"ref": "P334852.30.8",
"inst": "u",
"f": {"lang": "akk-x-neoass",
"form": "x",
"pos": "u"}
}
,
{
"node": "l",
"frag": "x",
"id": "P334852.l098b2",
"ref": "P334852.30.9",
"inst": "u",
"f": {"lang": "akk-x-neoass",
"form": "x",
"pos": "u"}
}
,
{
"node": "l",
"frag": "x",
"id": "P334852.l098b3",
"ref": "P334852.30.10",
"inst": "u",
"f": {"lang": "akk-x-neoass",
"form": "x",
"pos": "u"}
}
,
{
"node": "l",
"frag": "x",
"id": "P334852.l098b4",
"ref": "P334852.30.11",
"inst": "u",
"f": {"lang": "akk-x-neoass",
"form": "x",
"pos": "u"}
}
,
{
"node": "l",
"frag": "x]",
"id": "P334852.l098b5",
"ref": "P334852.30.12",
"inst": "u",
"f": {"lang": "akk-x-neoass",
"form": "x",
"pos": "u"}
}
,
{
"node": "l",
"frag": "⸢x⸣-i",
"id": "P334852.l098b6",
"ref": "P334852.30.13",
"inst": "u",
"f": {"lang": "akk-x-neoass",
"form": "x-i",
"pos": "u"}
}
,
{
"node": "d",
"type": "line-start",
"ref": "P334852.31",
"n": "13",
"label": "r 13"}
,
{
"node": "l",
"frag": "[x",
"id": "P334852.l098b7",
"ref": "P334852.31.1",
"inst": "u",
"f": {"lang": "akk-x-neoass",
"form": "x",
"pos": "u"}
}
,
{
"node": "l",
"frag": "x",
"id": "P334852.l098b8",
"ref": "P334852.31.2",
"inst": "u",
"f": {"lang": "akk-x-neoass",
"form": "x",
"pos": "u"}
}
,
{
"node": "l",
"frag": "x",
"id": "P334852.l098b9",
"ref": "P334852.31.3",
"inst": "u",
"f": {"lang": "akk-x-neoass",
"form": "x",
"pos": "u"}
}
,
{
"node": "l",
"frag": "x",
"id": "P334852.l098ba",
"ref": "P334852.31.4",
"inst": "u",
"f": {"lang": "akk-x-neoass",
"form": "x",
"pos": "u"}
}
,
{
"node": "l",
"frag": "x",
"id": "P334852.l098bb",
"ref": "P334852.31.5",
"inst": "u",
"f": {"lang": "akk-x-neoass",
"form": "x",
"pos": "u"}
}
,
{
"node": "l",
"frag": "x",
"id": "P334852.l098bc",
"ref": "P334852.31.6",
"inst": "u",
"f": {"lang": "akk-x-neoass",
"form": "x",
"pos": "u"}
}
,
{
"node": "l",
"frag": "x",
"id": "P334852.l098bd",
"ref": "P334852.31.7",
"inst": "u",
"f": {"lang": "akk-x-neoass",
"form": "x",
"pos": "u"}
}
,
{
"node": "l",
"frag": "x",
"id": "P334852.l098be",
"ref": "P334852.31.8",
"inst": "u",
"f": {"lang": "akk-x-neoass",
"form": "x",
"pos": "u"}
}
,
{
"node": "l",
"frag": "x",
"id": "P334852.l098bf",
"ref": "P334852.31.9",
"inst": "u",
"f": {"lang": "akk-x-neoass",
"form": "x",
"pos": "u"}
}
,
{
"node": "l",
"frag": "x",
"id": "P334852.l098c0",
"ref": "P334852.31.10",
"inst": "u",
"f": {"lang": "akk-x-neoass",
"form": "x",
"pos": "u"}
}
,
{
"node": "l",
"frag": "x",
"id": "P334852.l098c1",
"ref": "P334852.31.11",
"inst": "u",
"f": {"lang": "akk-x-neoass",
"form": "x",
"pos": "u"}
}
,
{
"node": "l",
"frag": "x]",
"id": "P334852.l098c2",
"ref": "P334852.31.12",
"inst": "u",
"f": {"lang": "akk-x-neoass",
"form": "x",
"pos": "u"}
}
,
{
"node": "l",
"frag": "⸢x⸣",
"id": "P334852.l098c3",
"ref": "P334852.31.13",
"inst": "u",
"f": {"lang": "akk-x-neoass",
"form": "x",
"pos": "u"}
}
,
{
"node": "d",
"type": "nonx",
"ref": "P334852.32",
"strict": "0",
"extent": "rest",
"state": "missing"}
]}
]}
]}
]}
