{
"type": "cdl",
  "source": "http://oracc.org/saao/saa10",
  "license": "This data is released under the CC0 license",
  "license-url": "https://creativecommons.org/publicdomain/zero/1.0/",
  "more-info": "http://oracc.org/doc/opendata/",
  "UTC-timestamp": "2017-05-19T11:42:57",
"project": "saao/saa10",
"textid": "P334645",
"cdl": [
{
"node": "c",
"type": "text",
"id": "P334645.U0",
"cdl": [
{
"node": "d",
"type": "object",
"ref": ""}
,
{
"node": "d",
"subtype": "obverse",
"type": "surface",
"ref": "P334645.o.1",
"type": "obverse",
"label": "o"}
,
{
"node": "c",
"type": "discourse",
"subtype": "body",
"id": "P334645.U1",
"cdl": [
{
"node": "c",
"type": "sentence",
"id": "P334645.U2",
"label": "o 1 - r 15",
"cdl": [
{
"node": "d",
"type": "line-start",
"ref": "P334645.2",
"n": "1",
"label": "o 1"}
,
{
"node": "l",
"frag": "[a-na",
"id": "P334645.l06404",
"ref": "P334645.2.1",
"inst": "ana[to]PRP",
"sig": "@saao/saa10%akk-x-neoass:a-na=ana[to//to]PRP'PRP$ana",
"f": {"lang": "akk-x-neoass",
"form": "a-na",
"cf": "ana",
"gw": "to",
"sense": "to",
"norm": "ana",
"pos": "PRP",
"epos": "PRP"}
}
,
{
"node": "l",
"frag": "LUGAL",
"id": "P334645.l06405",
"ref": "P334645.2.2",
"inst": "šarri[king]N",
"sig": "@saao/saa10%akk-x-neoass:LUGAL=šarru[king//king]N'N$šarri",
"f": {"lang": "akk-x-neoass",
"form": "LUGAL",
"cf": "šarru",
"gw": "king",
"sense": "king",
"norm": "šarri",
"pos": "N",
"epos": "N"}
}
,
{
"node": "l",
"frag": "be-li₂-ia]",
"id": "P334645.l06406",
"ref": "P334645.2.3",
"inst": "bēlīya[lord]N",
"sig": "@saao/saa10%akk-x-neoass:be-li₂-ia=bēlu[lord//lord]N'N$bēlīya",
"f": {"lang": "akk-x-neoass",
"form": "be-li₂-ia",
"cf": "bēlu",
"gw": "lord",
"sense": "lord",
"norm": "bēlīya",
"pos": "N",
"epos": "N"}
}
,
{
"node": "d",
"type": "line-start",
"ref": "P334645.3",
"n": "2",
"label": "o 2"}
,
{
"node": "l",
"frag": "[ARAD-ka",
"id": "P334645.l06407",
"ref": "P334645.3.1",
"inst": "urdaka[servant]N",
"sig": "@saao/saa10%akk-x-neoass:ARAD-ka=ardu[slave//servant]N'N$urdaka",
"f": {"lang": "akk-x-neoass",
"form": "ARAD-ka",
"cf": "ardu",
"gw": "slave",
"sense": "servant",
"norm": "urdaka",
"pos": "N",
"epos": "N"}
}
,
{
"node": "l",
"frag": "{1}{d}AMAR.UTU-GAR-MU]",
"id": "P334645.l06408",
"ref": "P334645.3.2",
"inst": "Marduk-šakin-šumi[1]PN",
"sig": "@saao/saa10%akk-x-neoass:{1}{d}AMAR.UTU-GAR-MU=Marduk-šakin-šumi[1//1]PN'PN$Marduk-šakin-šumi",
"f": {"lang": "akk-x-neoass",
"form": "{1}{d}AMAR.UTU-GAR-MU",
"cf": "Marduk-šakin-šumi",
"gw": "1",
"sense": "1",
"norm": "Marduk-šakin-šumi",
"pos": "PN",
"epos": "PN"}
}
,
{
"node": "d",
"type": "line-start",
"ref": "P334645.4",
"n": "3",
"label": "o 3"}
,
{
"node": "l",
"frag": "[lu-u",
"id": "P334645.l06409",
"ref": "P334645.4.1",
"inst": "lū[may]MOD",
"sig": "@saao/saa10%akk-x-neoass:lu-u=lū[may//may]MOD'MOD$lū",
"f": {"lang": "akk-x-neoass",
"form": "lu-u",
"cf": "lū",
"gw": "may",
"sense": "may",
"norm": "lū",
"pos": "MOD",
"epos": "MOD"}
}
,
{
"node": "l",
"frag": "DI-mu",
"id": "P334645.l0640a",
"ref": "P334645.4.2",
"inst": "šulmu[health]N",
"sig": "@saao/saa10%akk-x-neoass:DI-mu=šulmu[completeness//health]N'N$šulmu",
"f": {"lang": "akk-x-neoass",
"form": "DI-mu",
"cf": "šulmu",
"gw": "completeness",
"sense": "health",
"norm": "šulmu",
"pos": "N",
"epos": "N"}
}
,
{
"node": "l",
"frag": "a-na",
"id": "P334645.l0640b",
"ref": "P334645.4.3",
"inst": "ana[to]PRP",
"sig": "@saao/saa10%akk-x-neoass:a-na=ana[to//to]PRP'PRP$ana",
"f": {"lang": "akk-x-neoass",
"form": "a-na",
"cf": "ana",
"gw": "to",
"sense": "to",
"norm": "ana",
"pos": "PRP",
"epos": "PRP"}
}
,
{
"node": "l",
"frag": "LUGAL",
"id": "P334645.l0640c",
"ref": "P334645.4.4",
"inst": "šarri[king]N",
"sig": "@saao/saa10%akk-x-neoass:LUGAL=šarru[king//king]N'N$šarri",
"f": {"lang": "akk-x-neoass",
"form": "LUGAL",
"cf": "šarru",
"gw": "king",
"sense": "king",
"norm": "šarri",
"pos": "N",
"epos": "N"}
}
,
{
"node": "l",
"frag": "EN-ia₂]",
"id": "P334645.l0640d",
"ref": "P334645.4.5",
"inst": "bēlīya[lord]N",
"sig": "@saao/saa10%akk-x-neoass:EN-ia₂=bēlu[lord//lord]N'N$bēlīya",
"f": {"lang": "akk-x-neoass",
"form": "EN-ia₂",
"cf": "bēlu",
"gw": "lord",
"sense": "lord",
"norm": "bēlīya",
"pos": "N",
"epos": "N"}
}
,
{
"node": "d",
"type": "line-start",
"ref": "P334645.5",
"n": "4",
"label": "o 4"}
,
{
"node": "l",
"frag": "{[d}AG",
"id": "P334645.l0640e",
"ref": "P334645.5.1",
"inst": "Nabu[1]DN",
"sig": "@saao/saa10%akk-x-neoass:{d}AG=Nabu[1//1]DN'DN$Nabu",
"f": {"lang": "akk-x-neoass",
"form": "{d}AG",
"cf": "Nabu",
"gw": "1",
"sense": "1",
"norm": "Nabu",
"pos": "DN",
"epos": "DN"}
}
,
{
"node": "l",
"frag": "u₃",
"id": "P334645.l0640f",
"ref": "P334645.5.2",
"inst": "u[and]CNJ",
"sig": "@saao/saa10%akk-x-neoass:u₃=u[and//and]CNJ'CNJ$u",
"f": {"lang": "akk-x-neoass",
"form": "u₃",
"cf": "u",
"gw": "and",
"sense": "and",
"norm": "u",
"pos": "CNJ",
"epos": "CNJ"}
}
,
{
"node": "l",
"frag": "{d}AMAR.UTU]",
"id": "P334645.l06410",
"ref": "P334645.5.3",
"inst": "Marduk[1]DN",
"sig": "@saao/saa10%akk-x-neoass:{d}AMAR.UTU=Marduk[1//1]DN'DN$Marduk",
"f": {"lang": "akk-x-neoass",
"form": "{d}AMAR.UTU",
"cf": "Marduk",
"gw": "1",
"sense": "1",
"norm": "Marduk",
"pos": "DN",
"epos": "DN"}
}
,
{
"node": "d",
"type": "line-start",
"ref": "P334645.6",
"n": "5",
"label": "o 5"}
,
{
"node": "l",
"frag": "[a-na",
"id": "P334645.l06411",
"ref": "P334645.6.1",
"inst": "ana[to]PRP",
"sig": "@saao/saa10%akk-x-neoass:a-na=ana[to//to]PRP'PRP$ana",
"f": {"lang": "akk-x-neoass",
"form": "a-na",
"cf": "ana",
"gw": "to",
"sense": "to",
"norm": "ana",
"pos": "PRP",
"epos": "PRP"}
}
,
{
"node": "l",
"frag": "LUGAL",
"id": "P334645.l06412",
"ref": "P334645.6.2",
"inst": "šarri[king]N",
"sig": "@saao/saa10%akk-x-neoass:LUGAL=šarru[king//king]N'N$šarri",
"f": {"lang": "akk-x-neoass",
"form": "LUGAL",
"cf": "šarru",
"gw": "king",
"sense": "king",
"norm": "šarri",
"pos": "N",
"epos": "N"}
}
,
{
"node": "l",
"frag": "EN-ia₂",
"id": "P334645.l06413",
"ref": "P334645.6.3",
"inst": "bēlīya[lord]N",
"sig": "@saao/saa10%akk-x-neoass:EN-ia₂=bēlu[lord//lord]N'N$bēlīya",
"f": {"lang": "akk-x-neoass",
"form": "EN-ia₂",
"cf": "bēlu",
"gw": "lord",
"sense": "lord",
"norm": "bēlīya",
"pos": "N",
"epos": "N"}
}
,
{
"node": "l",
"frag": "lik-ru-bu]",
"id": "P334645.l06414",
"ref": "P334645.6.4",
"inst": "likrubu[bless]V",
"sig": "@saao/saa10%akk-x-neoass:lik-ru-bu=karābu[pray//bless]V'V$likrubu",
"f": {"lang": "akk-x-neoass",
"form": "lik-ru-bu",
"cf": "karābu",
"gw": "pray",
"sense": "bless",
"norm": "likrubu",
"pos": "V",
"epos": "V"}
}
,
{
"node": "d",
"type": "line-start",
"ref": "P334645.7",
"n": "6",
"label": "o 6"}
,
{
"node": "l",
"frag": "[aš-šur",
"id": "P334645.l06415",
"ref": "P334645.7.1",
"inst": "Aššur[1]DN",
"sig": "@saao/saa10%akk-x-neoass:aš-šur=Aššur[1//1]DN'DN$Aššur",
"f": {"lang": "akk-x-neoass",
"form": "aš-šur",
"cf": "Aššur",
"gw": "1",
"sense": "1",
"norm": "Aššur",
"pos": "DN",
"epos": "DN"}
}
,
{
"node": "l",
"frag": "{d}30",
"id": "P334645.l06416",
"ref": "P334645.7.2",
"inst": "Sin[1]DN",
"sig": "@saao/saa10%akk-x-neoass:{d}30=Sin[1//1]DN'DN$Sin",
"f": {"lang": "akk-x-neoass",
"form": "{d}30",
"cf": "Sin",
"gw": "1",
"sense": "1",
"norm": "Sin",
"pos": "DN",
"epos": "DN"}
}
,
{
"node": "l",
"frag": "{d}UTU",
"id": "P334645.l06417",
"ref": "P334645.7.3",
"inst": "Šamaš[1]DN",
"sig": "@saao/saa10%akk-x-neoass:{d}UTU=Šamaš[1//1]DN'DN$Šamaš",
"f": {"lang": "akk-x-neoass",
"form": "{d}UTU",
"cf": "Šamaš",
"gw": "1",
"sense": "1",
"norm": "Šamaš",
"pos": "DN",
"epos": "DN"}
}
,
{
"node": "l",
"frag": "{d}EN",
"id": "P334645.l06418",
"ref": "P334645.7.4",
"inst": "Bel[1]DN",
"sig": "@saao/saa10%akk-x-neoass:{d}EN=Bel[1//1]DN'DN$Bel",
"f": {"lang": "akk-x-neoass",
"form": "{d}EN",
"cf": "Bel",
"gw": "1",
"sense": "1",
"norm": "Bel",
"pos": "DN",
"epos": "DN"}
}
,
{
"node": "l",
"frag": "{d}PA]",
"id": "P334645.l06419",
"ref": "P334645.7.5",
"inst": "Nabu[1]DN",
"sig": "@saao/saa10%akk-x-neoass:{d}PA=Nabu[1//1]DN'DN$Nabu",
"f": {"lang": "akk-x-neoass",
"form": "{d}PA",
"cf": "Nabu",
"gw": "1",
"sense": "1",
"norm": "Nabu",
"pos": "DN",
"epos": "DN"}
}
,
{
"node": "d",
"type": "line-start",
"ref": "P334645.8",
"n": "7",
"label": "o 7"}
,
{
"node": "l",
"frag": "{[d}U.GUR",
"id": "P334645.l0641a",
"ref": "P334645.8.1",
"inst": "Nergal[1]DN",
"sig": "@saao/saa10%akk-x-neoass:{d}U.GUR=Nergal[1//1]DN'DN$Nergal",
"f": {"lang": "akk-x-neoass",
"form": "{d}U.GUR",
"cf": "Nergal",
"gw": "1",
"sense": "1",
"norm": "Nergal",
"pos": "DN",
"epos": "DN"}
}
,
{
"node": "l",
"frag": "{d}15",
"id": "P334645.l0641b",
"ref": "P334645.8.2",
"inst": "Issar[1]DN",
"sig": "@saao/saa10%akk-x-neoass:{d}15=Ištar[1//1]DN'DN$Issar",
"f": {"lang": "akk-x-neoass",
"form": "{d}15",
"cf": "Ištar",
"gw": "1",
"sense": "1",
"norm": "Issar",
"pos": "DN",
"epos": "DN"}
}
,
{
"node": "l",
"frag": "ša",
"id": "P334645.l0641c",
"ref": "P334645.8.3",
"inst": "ša[of]DET",
"sig": "@saao/saa10%akk-x-neoass:ša=ša[of//of]DET'DET$ša",
"f": {"lang": "akk-x-neoass",
"form": "ša",
"cf": "ša",
"gw": "of",
"sense": "of",
"norm": "ša",
"pos": "DET",
"epos": "DET"}
}
,
{
"node": "l",
"frag": "NINA{ki]}",
"id": "P334645.l0641d",
"ref": "P334645.8.4",
"inst": "Ninua[Nineveh]GN",
"sig": "@saao/saa10%akk-x-neoass:NINA{KI}=Ninua[Nineveh//Nineveh]GN'GN$Ninua",
"f": {"lang": "akk-x-neoass",
"form": "NINA{KI}",
"cf": "Ninua",
"gw": "Nineveh",
"sense": "Nineveh",
"norm": "Ninua",
"pos": "GN",
"epos": "GN"}
}
,
{
"node": "d",
"type": "line-start",
"ref": "P334645.9",
"n": "8",
"label": "o 8"}
,
{
"node": "l",
"frag": "{[d}15",
"id": "P334645.l0641e",
"ref": "P334645.9.1",
"inst": "Issar[1]DN",
"sig": "@saao/saa10%akk-x-neoass:{d}15=Ištar[1//1]DN'DN$Issar",
"f": {"lang": "akk-x-neoass",
"form": "{d}15",
"cf": "Ištar",
"gw": "1",
"sense": "1",
"norm": "Issar",
"pos": "DN",
"epos": "DN"}
}
,
{
"node": "l",
"frag": "ša",
"id": "P334645.l0641f",
"ref": "P334645.9.2",
"inst": "ša[of]DET",
"sig": "@saao/saa10%akk-x-neoass:ša=ša[of//of]DET'DET$ša",
"f": {"lang": "akk-x-neoass",
"form": "ša",
"cf": "ša",
"gw": "of",
"sense": "of",
"norm": "ša",
"pos": "DET",
"epos": "DET"}
}
,
{
"node": "l",
"frag": "{uru}arba]-⸢il₃⸣",
"id": "P334645.l06420",
"ref": "P334645.9.3",
"inst": "Arbail[Arbela]GN",
"sig": "@saao/saa10%akk-x-neoass:{URU}arba-il₃=Arbail[Arbela//Arbela]GN'GN$Arbail",
"f": {"lang": "akk-x-neoass",
"form": "{URU}arba-il₃",
"cf": "Arbail",
"gw": "Arbela",
"sense": "Arbela",
"norm": "Arbail",
"pos": "GN",
"epos": "GN"}
}
,
{
"node": "d",
"type": "line-start",
"ref": "P334645.10",
"n": "9",
"label": "o 9"}
,
{
"node": "l",
"frag": "[ba-la₂-ṭu",
"id": "P334645.l06421",
"ref": "P334645.10.1",
"inst": "balāṭu[life]'N",
"sig": "@saao/saa10%akk-x-neoass:ba-la₂-ṭu=balāṭu[live//life]V'N$balāṭu",
"f": {"lang": "akk-x-neoass",
"form": "ba-la₂-ṭu",
"cf": "balāṭu",
"gw": "live",
"sense": "life",
"norm": "balāṭu",
"pos": "V",
"epos": "N"}
}
,
{
"node": "l",
"frag": "ša₂-la]-⸢mu⸣",
"id": "P334645.l06422",
"ref": "P334645.10.2",
"inst": "šalāmu[health]'N",
"sig": "@saao/saa10%akk-x-neoass:ša₂-la-mu=šalāmu[be(come) healthy//health]V'N$šalāmu",
"f": {"lang": "akk-x-neoass",
"form": "ša₂-la-mu",
"cf": "šalāmu",
"gw": "be(come) healthy",
"sense": "health",
"norm": "šalāmu",
"pos": "V",
"epos": "N"}
}
,
{
"node": "d",
"type": "line-start",
"ref": "P334645.11",
"n": "10",
"label": "o 10"}
,
{
"node": "l",
"frag": "[hu-ud",
"id": "P334645.l06423",
"ref": "P334645.11.1",
"inst": "hūd[joy]N",
"sig": "@saao/saa10%akk-x-neoass:hu-ud=hūdu[happiness//joy]N'N$hūd",
"f": {"lang": "akk-x-neoass",
"form": "hu-ud",
"cf": "hūdu",
"gw": "happiness",
"sense": "joy",
"norm": "hūd",
"pos": "N",
"epos": "N"}
}
,
{
"node": "l",
"frag": "ŠA₃-bi",
"id": "P334645.l06424",
"ref": "P334645.11.2",
"inst": "libbi[heart]N",
"sig": "@saao/saa10%akk-x-neoass:ŠA₃-bi=libbu[interior//heart]N'N$libbi",
"f": {"lang": "akk-x-neoass",
"form": "ŠA₃-bi",
"cf": "libbu",
"gw": "interior",
"sense": "heart",
"norm": "libbi",
"pos": "N",
"epos": "N"}
}
,
{
"node": "l",
"frag": "ṭu-ub]",
"id": "P334645.l06425",
"ref": "P334645.11.3",
"inst": "ṭūb[goodness]N",
"sig": "@saao/saa10%akk-x-neoass:ṭu-ub=ṭūbu[goodness//goodness]N'N$ṭūb",
"f": {"lang": "akk-x-neoass",
"form": "ṭu-ub",
"cf": "ṭūbu",
"gw": "goodness",
"sense": "goodness",
"norm": "ṭūb",
"pos": "N",
"epos": "N"}
}
,
{
"node": "l",
"frag": "UZU",
"id": "P334645.l06426",
"ref": "P334645.11.4",
"inst": "šīri[flesh]N",
"sig": "@saao/saa10%akk-x-neoass:UZU=šīru[flesh//flesh]N'N$šīri",
"f": {"lang": "akk-x-neoass",
"form": "UZU",
"cf": "šīru",
"gw": "flesh",
"sense": "flesh",
"norm": "šīri",
"pos": "N",
"epos": "N"}
}
,
{
"node": "d",
"type": "line-start",
"ref": "P334645.12",
"n": "11",
"label": "o 11"}
,
{
"node": "l",
"frag": "[u₃",
"id": "P334645.l06427",
"ref": "P334645.12.1",
"inst": "u[and]CNJ",
"sig": "@saao/saa10%akk-x-neoass:u₃=u[and//and]CNJ'CNJ$u",
"f": {"lang": "akk-x-neoass",
"form": "u₃",
"cf": "u",
"gw": "and",
"sense": "and",
"norm": "u",
"pos": "CNJ",
"epos": "CNJ"}
}
,
{
"node": "l",
"frag": "du-ur",
"id": "P334645.l06428",
"ref": "P334645.12.2",
"inst": "dūr[eternity]N",
"sig": "@saao/saa10%akk-x-neoass:du-ur=dūru[permanence//eternity]N'N$dūr",
"f": {"lang": "akk-x-neoass",
"form": "du-ur",
"cf": "dūru",
"gw": "permanence",
"sense": "eternity",
"norm": "dūr",
"pos": "N",
"epos": "N"}
}
,
{
"node": "l",
"frag": "UD]-me",
"id": "P334645.l06429",
"ref": "P334645.12.3",
"inst": "ūmē[day]N",
"sig": "@saao/saa10%akk-x-neoass:UD-me=ūmu[day//day]N'N$ūmē",
"f": {"lang": "akk-x-neoass",
"form": "UD-me",
"cf": "ūmu",
"gw": "day",
"sense": "day",
"norm": "ūmē",
"pos": "N",
"epos": "N"}
}
,
{
"node": "d",
"type": "line-start",
"ref": "P334645.13",
"n": "12",
"label": "o 12"}
,
{
"node": "l",
"frag": "[a-na",
"id": "P334645.l0642a",
"ref": "P334645.13.1",
"inst": "ana[to]PRP",
"sig": "@saao/saa10%akk-x-neoass:a-na=ana[to//to]PRP'PRP$ana",
"f": {"lang": "akk-x-neoass",
"form": "a-na",
"cf": "ana",
"gw": "to",
"sense": "to",
"norm": "ana",
"pos": "PRP",
"epos": "PRP"}
}
,
{
"node": "l",
"frag": "LUGAL",
"id": "P334645.l0642b",
"ref": "P334645.13.2",
"inst": "šarri[king]N",
"sig": "@saao/saa10%akk-x-neoass:LUGAL=šarru[king//king]N'N$šarri",
"f": {"lang": "akk-x-neoass",
"form": "LUGAL",
"cf": "šarru",
"gw": "king",
"sense": "king",
"norm": "šarri",
"pos": "N",
"epos": "N"}
}
,
{
"node": "l",
"frag": "EN]-⸢ia₂",
"id": "P334645.l0642c",
"ref": "P334645.13.3",
"inst": "bēlīya[lord]N",
"sig": "@saao/saa10%akk-x-neoass:EN-ia₂=bēlu[lord//lord]N'N$bēlīya",
"f": {"lang": "akk-x-neoass",
"form": "EN-ia₂",
"cf": "bēlu",
"gw": "lord",
"sense": "lord",
"norm": "bēlīya",
"pos": "N",
"epos": "N"}
}
,
{
"node": "l",
"frag": "li⸣-bi-u",
"id": "P334645.l0642d",
"ref": "P334645.13.4",
"inst": "+nabû[name//call]V'V$libbiu",
"sig": "@saao/saa10%akk-x-neoass:li-bi-u=nabû[name//call]V'V$libbiu",
"f": {"lang": "akk-x-neoass",
"form": "li-bi-u",
"cf": "nabû",
"gw": "name",
"sense": "call",
"norm": "libbiu",
"pos": "V",
"epos": "V"}
}
,
{
"node": "d",
"type": "line-start",
"ref": "P334645.14",
"n": "13",
"label": "o 13"}
,
{
"node": "l",
"frag": "[ši-bu-tu₂]",
"id": "P334645.l0642e",
"ref": "P334645.14.1",
"inst": "šībūtu[old age]N",
"sig": "@saao/saa10%akk-x-neoass:ši-bu-tu₂=šībūtu[old age//old age]N'N$šībūtu",
"f": {"lang": "akk-x-neoass",
"form": "ši-bu-tu₂",
"cf": "šībūtu",
"gw": "old age",
"sense": "old age",
"norm": "šībūtu",
"pos": "N",
"epos": "N"}
}
,
{
"node": "l",
"frag": "lit-tu-tu₂",
"id": "P334645.l0642f",
"ref": "P334645.14.2",
"inst": "littūtu[(extreme) old age]N",
"sig": "@saao/saa10%akk-x-neoass:lit-tu-tu₂=littūtu[(extreme) old age//(extreme) old age]N'N$littūtu",
"f": {"lang": "akk-x-neoass",
"form": "lit-tu-tu₂",
"cf": "littūtu",
"gw": "(extreme) old age",
"sense": "(extreme) old age",
"norm": "littūtu",
"pos": "N",
"epos": "N"}
}
,
{
"node": "d",
"type": "line-start",
"ref": "P334645.15",
"n": "14",
"label": "o 14"}
,
{
"node": "l",
"frag": "[a-na]",
"id": "P334645.l06430",
"ref": "P334645.15.1",
"inst": "ana[to]PRP",
"sig": "@saao/saa10%akk-x-neoass:a-na=ana[to//to]PRP'PRP$ana",
"f": {"lang": "akk-x-neoass",
"form": "a-na",
"cf": "ana",
"gw": "to",
"sense": "to",
"norm": "ana",
"pos": "PRP",
"epos": "PRP"}
}
,
{
"node": "l",
"frag": "⸢LUGAL⸣",
"id": "P334645.l06431",
"ref": "P334645.15.2",
"inst": "šarri[king]N",
"sig": "@saao/saa10%akk-x-neoass:LUGAL=šarru[king//king]N'N$šarri",
"f": {"lang": "akk-x-neoass",
"form": "LUGAL",
"cf": "šarru",
"gw": "king",
"sense": "king",
"norm": "šarri",
"pos": "N",
"epos": "N"}
}
,
{
"node": "l",
"frag": "EN-ia₂",
"id": "P334645.l06432",
"ref": "P334645.15.3",
"inst": "bēlīya[lord]N",
"sig": "@saao/saa10%akk-x-neoass:EN-ia₂=bēlu[lord//lord]N'N$bēlīya",
"f": {"lang": "akk-x-neoass",
"form": "EN-ia₂",
"cf": "bēlu",
"gw": "lord",
"sense": "lord",
"norm": "bēlīya",
"pos": "N",
"epos": "N"}
}
,
{
"node": "l",
"frag": "lu-šab-bi-u",
"id": "P334645.l06433",
"ref": "P334645.15.4",
"inst": "+šebû[be(come) full//fill with]V'V$lušabbiu",
"sig": "@saao/saa10%akk-x-neoass:lu-šab-bi-u=šebû[be(come) full//fill with]V'V$lušabbiu",
"f": {"lang": "akk-x-neoass",
"form": "lu-šab-bi-u",
"cf": "šebû",
"gw": "be(come) full",
"sense": "fill with",
"norm": "lušabbiu",
"pos": "V",
"epos": "V"}
}
,
{
"node": "d",
"type": "line-start",
"ref": "P334645.16",
"n": "15",
"label": "o 15"}
,
{
"node": "l",
"frag": "[ina]",
"id": "P334645.l06434",
"ref": "P334645.16.1",
"inst": "ina[in]PRP",
"sig": "@saao/saa10%akk-x-neoass:ina=ina[in//from]PRP'PRP$ina",
"f": {"lang": "akk-x-neoass",
"form": "ina",
"cf": "ina",
"gw": "in",
"sense": "from",
"norm": "ina",
"pos": "PRP",
"epos": "PRP"}
}
,
{
"node": "l",
"frag": "⸢UGU⸣",
"id": "P334645.l06435",
"ref": "P334645.16.2",
"inst": "muhhi[skull]N",
"sig": "@saao/saa10%akk-x-neoass:UGU=muhhu[skull//skull]N'N$muhhi",
"f": {"lang": "akk-x-neoass",
"form": "UGU",
"cf": "muhhu",
"gw": "skull",
"sense": "skull",
"norm": "muhhi",
"pos": "N",
"epos": "N"}
}
,
{
"node": "l",
"frag": "da-re-e",
"id": "P334645.l06436",
"ref": "P334645.16.3",
"inst": "+derû[intercalate//intercalation]V'N$darê",
"sig": "@saao/saa10%akk-x-neoass:da-re-e=derû[intercalate//intercalation]V'N$darê",
"f": {"lang": "akk-x-neoass",
"form": "da-re-e",
"cf": "derû",
"gw": "intercalate",
"sense": "intercalation",
"norm": "darê",
"pos": "V",
"epos": "N"}
}
,
{
"node": "d",
"type": "line-start",
"ref": "P334645.17",
"n": "16",
"label": "o 16"}
,
{
"node": "l",
"frag": "[ša]",
"id": "P334645.l06437",
"ref": "P334645.17.1",
"inst": "ša[of]DET",
"sig": "@saao/saa10%akk-x-neoass:ša=ša[of//of]DET'DET$ša",
"f": {"lang": "akk-x-neoass",
"form": "ša",
"cf": "ša",
"gw": "of",
"sense": "of",
"norm": "ša",
"pos": "DET",
"epos": "DET"}
}
,
{
"node": "l",
"frag": "MU.AN.NA",
"id": "P334645.l06438",
"ref": "P334645.17.2",
"inst": "šatti[year]N",
"sig": "@saao/saa10%akk-x-neoass:MU.AN.NA=šattu[year//year]N'N$šatti",
"f": {"lang": "akk-x-neoass",
"form": "MU.AN.NA",
"cf": "šattu",
"gw": "year",
"sense": "year",
"norm": "šatti",
"pos": "N",
"epos": "N"}
}
,
{
"node": "d",
"type": "line-start",
"ref": "P334645.18",
"n": "17",
"label": "o 17"}
,
{
"node": "l",
"frag": "[ša]",
"id": "P334645.l06439",
"ref": "P334645.18.1",
"inst": "ša[which]REL",
"sig": "@saao/saa10%akk-x-neoass:ša=ša[that//which]REL'REL$ša",
"f": {"lang": "akk-x-neoass",
"form": "ša",
"cf": "ša",
"gw": "that",
"sense": "which",
"norm": "ša",
"pos": "REL",
"epos": "REL"}
}
,
{
"node": "l",
"frag": "⸢LUGAL⸣",
"id": "P334645.l0643a",
"ref": "P334645.18.2",
"inst": "šarru[king]N",
"sig": "@saao/saa10%akk-x-neoass:LUGAL=šarru[king//king]N'N$šarru",
"f": {"lang": "akk-x-neoass",
"form": "LUGAL",
"cf": "šarru",
"gw": "king",
"sense": "king",
"norm": "šarru",
"pos": "N",
"epos": "N"}
}
,
{
"node": "l",
"frag": "iq-bu-ni",
"id": "P334645.l0643b",
"ref": "P334645.18.3",
"inst": "iqbûni[say]V",
"sig": "@saao/saa10%akk-x-neoass:iq-bu-ni=qabû[say//say]V'V$iqbûni",
"f": {"lang": "akk-x-neoass",
"form": "iq-bu-ni",
"cf": "qabû",
"gw": "say",
"sense": "say",
"norm": "iqbûni",
"pos": "V",
"epos": "V"}
}
,
{
"node": "d",
"type": "line-start",
"ref": "P334645.19",
"n": "18",
"label": "o 18"}
,
{
"node": "l",
"frag": "[ma]-a",
"id": "P334645.l0643c",
"ref": "P334645.19.1",
"inst": "mā[saying]PRP",
"sig": "@saao/saa10%akk-x-neoass:ma-a=mā[saying//saying]PRP'PRP$mā",
"f": {"lang": "akk-x-neoass",
"form": "ma-a",
"cf": "mā",
"gw": "saying",
"sense": "saying",
"norm": "mā",
"pos": "PRP",
"epos": "PRP"}
}
,
{
"node": "l",
"frag": "{iti}KIN",
"id": "P334645.l0643d",
"ref": "P334645.19.2",
"inst": "Elulu[Elul]MN",
"sig": "@saao/saa10%akk-x-neoass:{ITI}KIN=Elulu[Elul//Elul]MN'MN$Elulu",
"f": {"lang": "akk-x-neoass",
"form": "{ITI}KIN",
"cf": "Elulu",
"gw": "Elul",
"sense": "Elul",
"norm": "Elulu",
"pos": "MN",
"epos": "MN"}
}
,
{
"node": "l",
"frag": "nid-ri",
"id": "P334645.l0643e",
"ref": "P334645.19.3",
"inst": "+derû[intercalate]V$nidri",
"sig": "@saao/saa10%akk-x-neoass:nid-ri=derû[intercalate//intercalate]V'V$nidri",
"f": {"lang": "akk-x-neoass",
"form": "nid-ri",
"cf": "derû",
"gw": "intercalate",
"sense": "intercalate",
"norm": "nidri",
"pos": "V",
"epos": "V"}
}
,
{
"node": "d",
"type": "line-start",
"ref": "P334645.20",
"n": "19",
"label": "o 19"}
,
{
"node": "l",
"frag": "[a]-bu-tu",
"id": "P334645.l0643f",
"ref": "P334645.20.1",
"inst": "abutu[matter]N",
"sig": "@saao/saa10%akk-x-neoass:a-bu-tu=awātu[word//matter]N'N$abutu",
"f": {"lang": "akk-x-neoass",
"form": "a-bu-tu",
"cf": "awātu",
"gw": "word",
"sense": "matter",
"norm": "abutu",
"pos": "N",
"epos": "N"}
}
,
{
"node": "l",
"frag": "ku-⸢un⸣-na-ta",
"id": "P334645.l06440",
"ref": "P334645.20.2",
"inst": "+kunnu[fixed//settled]AJ'AJ$kunnāta",
"sig": "@saao/saa10%akk-x-neoass:ku-un-na-ta=kunnu[fixed//settled]AJ'AJ$kunnāta",
"f": {"lang": "akk-x-neoass",
"form": "ku-un-na-ta",
"cf": "kunnu",
"gw": "fixed",
"sense": "settled",
"norm": "kunnāta",
"pos": "AJ",
"epos": "AJ"}
}
,
{
"node": "d",
"type": "line-start",
"ref": "P334645.21",
"n": "20",
"label": "o 20"}
,
{
"node": "l",
"frag": "⸢LUGAL⸣",
"id": "P334645.l06441",
"ref": "P334645.21.1",
"inst": "šarru[king]N",
"sig": "@saao/saa10%akk-x-neoass:LUGAL=šarru[king//king]N'N$šarru",
"f": {"lang": "akk-x-neoass",
"form": "LUGAL",
"cf": "šarru",
"gw": "king",
"sense": "king",
"norm": "šarru",
"pos": "N",
"epos": "N"}
}
,
{
"node": "l",
"frag": "be-li₂",
"id": "P334645.l06442",
"ref": "P334645.21.2",
"inst": "bēlī[lord]N",
"sig": "@saao/saa10%akk-x-neoass:be-li₂=bēlu[lord//lord]N'N$bēlī",
"f": {"lang": "akk-x-neoass",
"form": "be-li₂",
"cf": "bēlu",
"gw": "lord",
"sense": "lord",
"norm": "bēlī",
"pos": "N",
"epos": "N"}
}
,
{
"node": "d",
"type": "line-start",
"ref": "P334645.22",
"n": "21",
"label": "o 21"}
,
{
"node": "l",
"frag": "[ina]",
"id": "P334645.l06443",
"ref": "P334645.22.1",
"inst": "ina[in]PRP",
"sig": "@saao/saa10%akk-x-neoass:ina=ina[in//from]PRP'PRP$ina",
"f": {"lang": "akk-x-neoass",
"form": "ina",
"cf": "ina",
"gw": "in",
"sense": "from",
"norm": "ina",
"pos": "PRP",
"epos": "PRP"}
}
,
{
"node": "l",
"frag": "⸢UGU⸣-hi",
"id": "P334645.l06444",
"ref": "P334645.22.2",
"inst": "muhhi[skull]N",
"sig": "@saao/saa10%akk-x-neoass:UGU-hi=muhhu[skull//skull]N'N$muhhi",
"f": {"lang": "akk-x-neoass",
"form": "UGU-hi",
"cf": "muhhu",
"gw": "skull",
"sense": "skull",
"norm": "muhhi",
"pos": "N",
"epos": "N"}
}
,
{
"node": "d",
"subtype": "reverse",
"type": "surface",
"ref": "P334645.r.23",
"type": "reverse",
"label": "r"}
,
{
"node": "d",
"type": "line-start",
"ref": "P334645.24",
"n": "1",
"label": "r 1"}
,
{
"node": "l",
"frag": "[lu-u]",
"id": "P334645.l06445",
"ref": "P334645.24.1",
"inst": "lū[may]MOD",
"sig": "@saao/saa10%akk-x-neoass:lu-u=lū[may//may]MOD'MOD$lū",
"f": {"lang": "akk-x-neoass",
"form": "lu-u",
"cf": "lū",
"gw": "may",
"sense": "may",
"norm": "lū",
"pos": "MOD",
"epos": "MOD"}
}
,
{
"node": "l",
"frag": "⸢da⸣-a-ir",
"id": "P334645.l06446",
"ref": "P334645.24.2",
"inst": "+dārû[lasting//everlasting]AJ'AJ$dāʾir",
"sig": "@saao/saa10%akk-x-neoass:da-a-ir=dārû[lasting//everlasting]AJ'AJ$dāʾir",
"f": {"lang": "akk-x-neoass",
"form": "da-a-ir",
"cf": "dārû",
"gw": "lasting",
"sense": "everlasting",
"norm": "dāʾir",
"pos": "AJ",
"epos": "AJ"}
}
,
{
"node": "d",
"type": "line-start",
"ref": "P334645.25",
"n": "2",
"label": "r 2"}
,
{
"node": "l",
"frag": "[LUGAL",
"id": "P334645.l06447",
"ref": "P334645.25.1",
"inst": "šarru[king]N",
"sig": "@saao/saa10%akk-x-neoass:LUGAL=šarru[king//king]N'N$šarru",
"f": {"lang": "akk-x-neoass",
"form": "LUGAL",
"cf": "šarru",
"gw": "king",
"sense": "king",
"norm": "šarru",
"pos": "N",
"epos": "N"}
}
,
{
"node": "l",
"frag": "be]-⸢li₂⸣",
"id": "P334645.l06448",
"ref": "P334645.25.2",
"inst": "bēlī[lord]N",
"sig": "@saao/saa10%akk-x-neoass:be-li₂=bēlu[lord//lord]N'N$bēlī",
"f": {"lang": "akk-x-neoass",
"form": "be-li₂",
"cf": "bēlu",
"gw": "lord",
"sense": "lord",
"norm": "bēlī",
"pos": "N",
"epos": "N"}
}
,
{
"node": "l",
"frag": "u₂-da",
"id": "P334645.l06449",
"ref": "P334645.25.3",
"inst": "ūda[know]V",
"sig": "@saao/saa10%akk-x-neoass:u₂-da=wadû[know//know]V'V$ūda",
"f": {"lang": "akk-x-neoass",
"form": "u₂-da",
"cf": "wadû",
"gw": "know",
"sense": "know",
"norm": "ūda",
"pos": "V",
"epos": "V"}
}
,
{
"node": "d",
"type": "line-start",
"ref": "P334645.26",
"n": "3",
"label": "r 3"}
,
{
"node": "l",
"frag": "[UD",
"id": "P334645.l0644a",
"ref": "P334645.26.1",
"inst": "ūm[day]N",
"sig": "@saao/saa10%akk-x-neoass:UD=ūmu[day//day]N'N$ūm",
"f": {"lang": "akk-x-neoass",
"form": "UD",
"cf": "ūmu",
"gw": "day",
"sense": "day",
"norm": "ūm",
"pos": "N",
"epos": "N"}
}
,
{
"node": "l",
"frag": "07-⸢KAM₂\\t⸣",
"id": "P334645.l0644b",
"ref": "P334645.26.2",
"inst": "n",
"f": {"lang": "akk-x-neoass",
"form": "07-KAM₂",
"pos": "n"}
}
,
{
"node": "l",
"frag": "ša",
"id": "P334645.l0644c",
"ref": "P334645.26.3",
"inst": "ša[of]DET",
"sig": "@saao/saa10%akk-x-neoass:ša=ša[of//of]DET'DET$ša",
"f": {"lang": "akk-x-neoass",
"form": "ša",
"cf": "ša",
"gw": "of",
"sense": "of",
"norm": "ša",
"pos": "DET",
"epos": "DET"}
}
,
{
"node": "l",
"frag": "{iti}DU₆",
"id": "P334645.l0644d",
"ref": "P334645.26.4",
"inst": "Tašriti[Tishri]MN",
"sig": "@saao/saa10%akk-x-neoass:{ITI}DU₆=Tašritu[Tishri//Tishri]MN'MN$Tašriti",
"f": {"lang": "akk-x-neoass",
"form": "{ITI}DU₆",
"cf": "Tašritu",
"gw": "Tishri",
"sense": "Tishri",
"norm": "Tašriti",
"pos": "MN",
"epos": "MN"}
}
,
{
"node": "d",
"type": "line-start",
"ref": "P334645.27",
"n": "4",
"label": "r 4"}
,
{
"node": "l",
"frag": "{d}EN",
"id": "P334645.l0644e",
"ref": "P334645.27.1",
"inst": "Bel[1]DN",
"sig": "@saao/saa10%akk-x-neoass:{d}EN=Bel[1//1]DN'DN$Bel",
"f": {"lang": "akk-x-neoass",
"form": "{d}EN",
"cf": "Bel",
"gw": "1",
"sense": "1",
"norm": "Bel",
"pos": "DN",
"epos": "DN"}
}
,
{
"node": "l",
"frag": "il-lab-biš",
"id": "P334645.l0644f",
"ref": "P334645.27.2",
"inst": "illabbiš[dress]V",
"sig": "@saao/saa10%akk-x-neoass:il-lab-biš=labāšu[clothe o.s.//dress]V'V$illabbiš",
"f": {"lang": "akk-x-neoass",
"form": "il-lab-biš",
"cf": "labāšu",
"gw": "clothe o.s.",
"sense": "dress",
"norm": "illabbiš",
"pos": "V",
"epos": "V"}
}
,
{
"node": "d",
"type": "line-start",
"ref": "P334645.28",
"n": "5",
"label": "r 5"}
,
{
"node": "l",
"frag": "⸢UD⸣",
"id": "P334645.l06450",
"ref": "P334645.28.1",
"inst": "ūm[day]N",
"sig": "@saao/saa10%akk-x-neoass:UD=ūmu[day//day]N'N$ūm",
"f": {"lang": "akk-x-neoass",
"form": "UD",
"cf": "ūmu",
"gw": "day",
"sense": "day",
"norm": "ūm",
"pos": "N",
"epos": "N"}
}
,
{
"node": "l",
"frag": "08-KAM₂\\t",
"id": "P334645.l06451",
"ref": "P334645.28.2",
"inst": "n",
"f": {"lang": "akk-x-neoass",
"form": "08-KAM₂",
"pos": "n"}
}
,
{
"node": "l",
"frag": "KA₂",
"id": "P334645.l06452",
"ref": "P334645.28.3",
"inst": "bābu[gate]N",
"sig": "@saao/saa10%akk-x-neoass:KA₂=bābu[gate//gate]N'N$bābu",
"f": {"lang": "akk-x-neoass",
"form": "KA₂",
"cf": "bābu",
"gw": "gate",
"sense": "gate",
"norm": "bābu",
"pos": "N",
"epos": "N"}
}
,
{
"node": "l",
"frag": "pa-a-ti",
"id": "P334645.l06453",
"ref": "P334645.28.4",
"inst": "+petû[open]AJ$pāti",
"sig": "@saao/saa10%akk-x-neoass:pa-a-ti=petû[open//open]AJ'AJ$pāti",
"f": {"lang": "akk-x-neoass",
"form": "pa-a-ti",
"cf": "petû",
"gw": "open",
"sense": "open",
"norm": "pāti",
"pos": "AJ",
"epos": "AJ"}
}
,
{
"node": "d",
"type": "line-start",
"ref": "P334645.29",
"n": "6",
"label": "r 6"}
,
{
"node": "l",
"frag": "⸢ki⸣-i",
"id": "P334645.l06454",
"ref": "P334645.29.1",
"inst": "kî[in accordance with]PRP",
"sig": "@saao/saa10%akk-x-neoass:ki-i=kī[like//in accordance with]PRP'PRP$kî",
"f": {"lang": "akk-x-neoass",
"form": "ki-i",
"cf": "kī",
"gw": "like",
"sense": "in accordance with",
"norm": "kî",
"pos": "PRP",
"epos": "PRP"}
}
,
{
"node": "l",
"frag": "ša₂",
"id": "P334645.l06455",
"ref": "P334645.29.2",
"inst": "ša[that of]DET",
"sig": "@saao/saa10%akk-x-neoass:ša₂=ša[of//that of]DET'DET$ša",
"f": {"lang": "akk-x-neoass",
"form": "ša₂",
"cf": "ša",
"gw": "of",
"sense": "that of",
"norm": "ša",
"pos": "DET",
"epos": "DET"}
}
,
{
"node": "l",
"frag": "{iti}⸢BARAG⸣",
"id": "P334645.l06456",
"ref": "P334645.29.3",
"inst": "Nisanni[Nisan]MN",
"sig": "@saao/saa10%akk-x-neoass:{ITI}BARAG=Nisannu[Nisan//Nisan]MN'MN$Nisanni",
"f": {"lang": "akk-x-neoass",
"form": "{ITI}BARAG",
"cf": "Nisannu",
"gw": "Nisan",
"sense": "Nisan",
"norm": "Nisanni",
"pos": "MN",
"epos": "MN"}
}
,
{
"node": "l",
"frag": "{[d}EN]",
"id": "P334645.l06457",
"ref": "P334645.29.4",
"inst": "Bel[1]DN",
"sig": "@saao/saa10%akk-x-neoass:{d}EN=Bel[1//1]DN'DN$Bel",
"f": {"lang": "akk-x-neoass",
"form": "{d}EN",
"cf": "Bel",
"gw": "1",
"sense": "1",
"norm": "Bel",
"pos": "DN",
"epos": "DN"}
}
,
{
"node": "d",
"type": "line-start",
"ref": "P334645.30",
"n": "7",
"label": "r 7"}
,
{
"node": "l",
"frag": "[a]-⸢na⸣",
"id": "P334645.l06458",
"ref": "P334645.30.1",
"inst": "ana[to]PRP",
"sig": "@saao/saa10%akk-x-neoass:a-na=ana[to//to]PRP'PRP$ana",
"f": {"lang": "akk-x-neoass",
"form": "a-na",
"cf": "ana",
"gw": "to",
"sense": "to",
"norm": "ana",
"pos": "PRP",
"epos": "PRP"}
}
,
{
"node": "l",
"frag": "KASKAL.2",
"id": "P334645.l06459",
"ref": "P334645.30.2",
"inst": "hūli[road]N",
"sig": "@saao/saa10%akk-x-neoass:KASKAL.2=hūlu[way//road]N'N$hūli",
"f": {"lang": "akk-x-neoass",
"form": "KASKAL.2",
"cf": "hūlu",
"gw": "way",
"sense": "road",
"norm": "hūli",
"pos": "N",
"epos": "N"}
}
,
{
"node": "l",
"frag": "u₂-nam-[mu]-šu",
"id": "P334645.l0645a",
"ref": "P334645.30.3",
"inst": "unammušu[set out]V",
"sig": "@saao/saa10%akk-x-neoass:u₂-nam-mu-šu=namāšu[set (o.s.) in motion//set out]V'V$unammušu",
"f": {"lang": "akk-x-neoass",
"form": "u₂-nam-mu-šu",
"cf": "namāšu",
"gw": "set (o.s.) in motion",
"sense": "set out",
"norm": "unammušu",
"pos": "V",
"epos": "V"}
}
,
{
"node": "d",
"type": "line-start",
"ref": "P334645.31",
"n": "8",
"label": "r 8"}
,
{
"node": "l",
"frag": "[par]-⸢ṣi⸣",
"id": "P334645.l0645b",
"ref": "P334645.31.1",
"inst": "parṣī[rites]N",
"sig": "@saao/saa10%akk-x-neoass:par-ṣi=parṣu[office//rites]N'N$parṣī",
"f": {"lang": "akk-x-neoass",
"form": "par-ṣi",
"cf": "parṣu",
"gw": "office",
"sense": "rites",
"norm": "parṣī",
"pos": "N",
"epos": "N"}
}
,
{
"node": "l",
"frag": "ša₂",
"id": "P334645.l0645c",
"ref": "P334645.31.2",
"inst": "ša[of]DET",
"sig": "@saao/saa10%akk-x-neoass:ša₂=ša[of//of]DET'DET$ša",
"f": {"lang": "akk-x-neoass",
"form": "ša₂",
"cf": "ša",
"gw": "of",
"sense": "of",
"norm": "ša",
"pos": "DET",
"epos": "DET"}
}
,
{
"node": "l",
"frag": "BAD₃.⸢DINGIR{ki⸣}",
"id": "P334645.l0645d",
"ref": "P334645.31.3",
"inst": "Deri[Der]GN",
"sig": "@saao/saa10%akk-x-neoass:BAD₃.DINGIR{KI}=Deru[Der//Der]GN'GN$Deri",
"f": {"lang": "akk-x-neoass",
"form": "BAD₃.DINGIR{KI}",
"cf": "Deru",
"gw": "Der",
"sense": "Der",
"norm": "Deri",
"pos": "GN",
"epos": "GN"}
}
,
{
"node": "d",
"type": "line-start",
"ref": "P334645.32",
"n": "9",
"label": "r 9"}
,
{
"node": "l",
"frag": "[ki]-i",
"id": "P334645.l0645e",
"ref": "P334645.32.1",
"inst": "kî[like]PRP",
"sig": "@saao/saa10%akk-x-neoass:ki-i=kī[like//just as]PRP'PRP$kî",
"f": {"lang": "akk-x-neoass",
"form": "ki-i",
"cf": "kī",
"gw": "like",
"sense": "just as",
"norm": "kî",
"pos": "PRP",
"epos": "PRP"}
}
,
{
"node": "l",
"frag": "an-nim-ma",
"id": "P334645.l0645f",
"ref": "P334645.32.2",
"inst": "annimma[this]DP",
"sig": "@saao/saa10%akk-x-neoass:an-nim-ma=annû[this//this]DP'DP$annimma",
"f": {"lang": "akk-x-neoass",
"form": "an-nim-ma",
"cf": "annû",
"gw": "this",
"sense": "this",
"norm": "annimma",
"pos": "DP",
"epos": "DP"}
}
,
{
"node": "l",
"frag": "⸢e⸣-[pu]-šu₂",
"id": "P334645.l06460",
"ref": "P334645.32.3",
"inst": "eppušu[perform]V",
"sig": "@saao/saa10%akk-x-neoass:e-pu-šu₂=epēšu[do//perform]V'V$eppušu",
"f": {"lang": "akk-x-neoass",
"form": "e-pu-šu₂",
"cf": "epēšu",
"gw": "do",
"sense": "perform",
"norm": "eppušu",
"pos": "V",
"epos": "V"}
}
,
{
"node": "d",
"type": "line-start",
"ref": "P334645.33",
"n": "10",
"label": "r 10"}
,
{
"node": "l",
"frag": "[ket]-tu₂",
"id": "P334645.l06461",
"ref": "P334645.33.1",
"inst": "kettu[truly]'AV",
"sig": "@saao/saa10%akk-x-neoass:ket-tu₂=kittu[truth//truly]N'AV$kettu",
"f": {"lang": "akk-x-neoass",
"form": "ket-tu₂",
"cf": "kittu",
"gw": "truth",
"sense": "truly",
"norm": "kettu",
"pos": "N",
"epos": "AV"}
}
,
{
"node": "l",
"frag": "mi-i-nu",
"id": "P334645.l06462",
"ref": "P334645.33.2",
"inst": "mīnu[what?]QP",
"sig": "@saao/saa10%akk-x-neoass:mi-i-nu=mīnu[what?//what?]QP'QP$mīnu",
"f": {"lang": "akk-x-neoass",
"form": "mi-i-nu",
"cf": "mīnu",
"gw": "what?",
"sense": "what?",
"norm": "mīnu",
"pos": "QP",
"epos": "QP"}
}
,
{
"node": "l",
"frag": "⸢ši⸣-[ti]-ni",
"id": "P334645.l06463",
"ref": "P334645.33.3",
"inst": "šītīni[it]IP",
"sig": "@saao/saa10%akk-x-neoass:ši-ti-ni=šīti[she//it]IP'IP$šītīni",
"f": {"lang": "akk-x-neoass",
"form": "ši-ti-ni",
"cf": "šīti",
"gw": "she",
"sense": "it",
"norm": "šītīni",
"pos": "IP",
"epos": "IP"}
}
,
{
"node": "d",
"type": "line-start",
"ref": "P334645.34",
"n": "11",
"label": "r 11"}
,
{
"node": "l",
"frag": "[LUGAL]",
"id": "P334645.l06464",
"ref": "P334645.34.1",
"inst": "šarru[king]N",
"sig": "@saao/saa10%akk-x-neoass:LUGAL=šarru[king//king]N'N$šarru",
"f": {"lang": "akk-x-neoass",
"form": "LUGAL",
"cf": "šarru",
"gw": "king",
"sense": "king",
"norm": "šarru",
"pos": "N",
"epos": "N"}
}
,
{
"node": "l",
"frag": "be-li₂",
"id": "P334645.l06465",
"ref": "P334645.34.2",
"inst": "bēlī[lord]N",
"sig": "@saao/saa10%akk-x-neoass:be-li₂=bēlu[lord//lord]N'N$bēlī",
"f": {"lang": "akk-x-neoass",
"form": "be-li₂",
"cf": "bēlu",
"gw": "lord",
"sense": "lord",
"norm": "bēlī",
"pos": "N",
"epos": "N"}
}
,
{
"node": "l",
"frag": "lip-ru-⸢us⸣",
"id": "P334645.l06466",
"ref": "P334645.34.3",
"inst": "liprus[decide]V",
"sig": "@saao/saa10%akk-x-neoass:lip-ru-us=parāsu[cut (off)//decide]V'V$liprus",
"f": {"lang": "akk-x-neoass",
"form": "lip-ru-us",
"cf": "parāsu",
"gw": "cut (off)",
"sense": "decide",
"norm": "liprus",
"pos": "V",
"epos": "V"}
}
,
{
"node": "d",
"type": "line-start",
"ref": "P334645.35",
"n": "12",
"label": "r 12"}
,
{
"node": "l",
"frag": "[liš-pu]-⸢ra⸣",
"id": "P334645.l06467",
"ref": "P334645.35.1",
"inst": "lišpura[send]V",
"sig": "@saao/saa10%akk-x-neoass:liš-pu-ra=šapāru[send//send]V'V$lišpura",
"f": {"lang": "akk-x-neoass",
"form": "liš-pu-ra",
"cf": "šapāru",
"gw": "send",
"sense": "send",
"norm": "lišpura",
"pos": "V",
"epos": "V"}
}
,
{
"node": "l",
"frag": "{1}{d}AMAR.UTU-MAN-PAB-ma",
"id": "P334645.l06468",
"ref": "P334645.35.2",
"inst": "+Marduk-šarru-uṣur[]PN$Marduk-šarru-uṣurma",
"sig": "@saao/saa10%akk-x-neoass:{1}{d}AMAR.UTU-MAN-PAB-ma=Marduk-šarru-uṣur[1//1]PN'PN$Marduk-šarru-uṣurma",
"f": {"lang": "akk-x-neoass",
"form": "{1}{d}AMAR.UTU-MAN-PAB-ma",
"cf": "Marduk-šarru-uṣur",
"gw": "1",
"sense": "1",
"norm": "Marduk-šarru-uṣurma",
"pos": "PN",
"epos": "PN"}
}
,
{
"node": "d",
"type": "line-start",
"ref": "P334645.36",
"n": "13",
"label": "r 13"}
,
{
"node": "l",
"frag": "{⸢lu₂v⸣}qur-bu-tu₂",
"id": "P334645.l06469",
"ref": "P334645.36.1",
"inst": "ša-qurbūtu[(royal) confidant]N",
"sig": "@saao/saa10%akk-x-neoass:{LU₂}qur-bu-tu₂=ša-qurbūti[close follower//(royal) confidant]N'N$ša-qurbūtu",
"f": {"lang": "akk-x-neoass",
"form": "{LU₂}qur-bu-tu₂",
"cf": "ša-qurbūti",
"gw": "close follower",
"sense": "(royal) confidant",
"norm": "ša-qurbūtu",
"pos": "N",
"epos": "N"}
}
,
{
"node": "l",
"frag": "LU₂",
"id": "P334645.l0646a",
"ref": "P334645.36.2",
"inst": "amēlu[man]N",
"sig": "@saao/saa10%akk-x-neoass:LU₂=awīlu[man//man]N'N$amēlu",
"f": {"lang": "akk-x-neoass",
"form": "LU₂",
"cf": "awīlu",
"gw": "man",
"sense": "man",
"norm": "amēlu",
"pos": "N",
"epos": "N"}
}
,
{
"node": "l",
"frag": "tak-lu",
"id": "P334645.l0646b",
"ref": "P334645.36.3",
"inst": "taklu[reliable]AJ",
"sig": "@saao/saa10%akk-x-neoass:tak-lu=taklu[reliable//reliable]AJ'AJ$taklu",
"f": {"lang": "akk-x-neoass",
"form": "tak-lu",
"cf": "taklu",
"gw": "reliable",
"sense": "reliable",
"norm": "taklu",
"pos": "AJ",
"epos": "AJ"}
}
,
{
"node": "d",
"type": "line-start",
"ref": "P334645.37",
"n": "14",
"label": "r 14"}
,
{
"node": "l",
"frag": "⸢u₂⸣-mu-ru",
"id": "P334645.l0646c",
"ref": "P334645.37.1",
"inst": "ummuru[chosen]AJ",
"sig": "@saao/saa10%akk-x-neoass:u₂-mu-ru=ummuru[chosen//chosen]AJ'AJ$ummuru",
"f": {"lang": "akk-x-neoass",
"form": "u₂-mu-ru",
"cf": "ummuru",
"gw": "chosen",
"sense": "chosen",
"norm": "ummuru",
"pos": "AJ",
"epos": "AJ"}
}
,
{
"node": "l",
"frag": "šu-u₂",
"id": "P334645.l0646d",
"ref": "P334645.37.2",
"inst": "šû[he]IP",
"sig": "@saao/saa10%akk-x-neoass:šu-u₂=šū[he//he]IP'IP$šû",
"f": {"lang": "akk-x-neoass",
"form": "šu-u₂",
"cf": "šū",
"gw": "he",
"sense": "he",
"norm": "šû",
"pos": "IP",
"epos": "IP"}
}
,
{
"node": "d",
"type": "line-start",
"ref": "P334645.38",
"n": "15",
"label": "r 15"}
,
{
"node": "l",
"frag": "⸢šu⸣-tu-ma",
"id": "P334645.l0646e",
"ref": "P334645.38.1",
"inst": "šūtūma[he]IP",
"sig": "@saao/saa10%akk-x-neoass:šu-tu-ma=šūtu[he//he]IP'IP$šūtūma",
"f": {"lang": "akk-x-neoass",
"form": "šu-tu-ma",
"cf": "šūtu",
"gw": "he",
"sense": "he",
"norm": "šūtūma",
"pos": "IP",
"epos": "IP"}
}
,
{
"node": "l",
"frag": "lil-⸢li⸣-ka",
"id": "P334645.l0646f",
"ref": "P334645.38.2",
"inst": "lillika[come]V",
"sig": "@saao/saa10%akk-x-neoass:lil-li-ka=alāku[go//come]V'V$lillika",
"f": {"lang": "akk-x-neoass",
"form": "lil-li-ka",
"cf": "alāku",
"gw": "go",
"sense": "come",
"norm": "lillika",
"pos": "V",
"epos": "V"}
}
,
{
"node": "d",
"type": "nonx",
"ref": "P334645.39",
"strict": "0",
"extent": "rest",
"state": "missing"}
]}
]}
]}
]}
