{
"type": "cdl",
  "source": "http://oracc.org/saao/saa10",
  "license": "This data is released under the CC0 license",
  "license-url": "https://creativecommons.org/publicdomain/zero/1.0/",
  "more-info": "http://oracc.org/doc/opendata/",
  "UTC-timestamp": "2017-05-19T11:42:51",
"project": "saao/saa10",
"textid": "P334467",
"cdl": [
{
"node": "c",
"type": "text",
"id": "P334467.U0",
"cdl": [
{
"node": "d",
"type": "object",
"ref": ""}
,
{
"node": "d",
"subtype": "obverse",
"type": "surface",
"ref": "P334467.o.1",
"type": "obverse",
"label": "o"}
,
{
"node": "c",
"type": "discourse",
"subtype": "body",
"id": "P334467.U1",
"cdl": [
{
"node": "c",
"type": "sentence",
"id": "P334467.U2",
"label": "o 1 - o 15",
"cdl": [
{
"node": "d",
"type": "line-start",
"ref": "P334467.2",
"n": "1",
"label": "o 1"}
,
{
"node": "l",
"frag": "[a]-na",
"id": "P334467.l085e5",
"ref": "P334467.2.1",
"inst": "ana[to]PRP",
"sig": "@saao/saa10%akk-x-neoass:a-na=ana[to//to]PRP'PRP$ana",
"f": {"lang": "akk-x-neoass",
"form": "a-na",
"cf": "ana",
"gw": "to",
"sense": "to",
"norm": "ana",
"pos": "PRP",
"epos": "PRP"}
}
,
{
"node": "l",
"frag": "LUGAL",
"id": "P334467.l085e6",
"ref": "P334467.2.2",
"inst": "šarri[king]N",
"sig": "@saao/saa10%akk-x-neoass:LUGAL=šarru[king//king]N'N$šarri",
"f": {"lang": "akk-x-neoass",
"form": "LUGAL",
"cf": "šarru",
"gw": "king",
"sense": "king",
"norm": "šarri",
"pos": "N",
"epos": "N"}
}
,
{
"node": "l",
"frag": "be-[li₂-ia₂]",
"id": "P334467.l085e7",
"ref": "P334467.2.3",
"inst": "bēlīya[lord]N",
"sig": "@saao/saa10%akk-x-neoass:be-li₂-ia₂=bēlu[lord//lord]N'N$bēlīya",
"f": {"lang": "akk-x-neoass",
"form": "be-li₂-ia₂",
"cf": "bēlu",
"gw": "lord",
"sense": "lord",
"norm": "bēlīya",
"pos": "N",
"epos": "N"}
}
,
{
"node": "d",
"type": "line-start",
"ref": "P334467.3",
"n": "2",
"label": "o 2"}
,
{
"node": "l",
"frag": "ARAD-ka",
"id": "P334467.l085e8",
"ref": "P334467.3.1",
"inst": "urdaka[servant]N",
"sig": "@saao/saa10%akk-x-neoass:ARAD-ka=ardu[slave//servant]N'N$urdaka",
"f": {"lang": "akk-x-neoass",
"form": "ARAD-ka",
"cf": "ardu",
"gw": "slave",
"sense": "servant",
"norm": "urdaka",
"pos": "N",
"epos": "N"}
}
,
{
"node": "l",
"frag": "{1}ARAD-{[d}E₂.A]",
"id": "P334467.l085e9",
"ref": "P334467.3.2",
"inst": "Urdu-Ea[1]PN",
"sig": "@saao/saa10%akk-x-neoass:{1}ARAD-{d}E₂.A=Urdu-Ea[1//1]PN'PN$Urdu-Ea",
"f": {"lang": "akk-x-neoass",
"form": "{1}ARAD-{d}E₂.A",
"cf": "Urdu-Ea",
"gw": "1",
"sense": "1",
"norm": "Urdu-Ea",
"pos": "PN",
"epos": "PN"}
}
,
{
"node": "d",
"type": "line-start",
"ref": "P334467.4",
"n": "3",
"label": "o 3"}
,
{
"node": "l",
"frag": "lu-u",
"id": "P334467.l085ea",
"ref": "P334467.4.1",
"inst": "lū[may]MOD",
"sig": "@saao/saa10%akk-x-neoass:lu-u=lū[may//may]MOD'MOD$lū",
"f": {"lang": "akk-x-neoass",
"form": "lu-u",
"cf": "lū",
"gw": "may",
"sense": "may",
"norm": "lū",
"pos": "MOD",
"epos": "MOD"}
}
,
{
"node": "l",
"frag": "DI-mu",
"id": "P334467.l085eb",
"ref": "P334467.4.2",
"inst": "šulmu[health]N",
"sig": "@saao/saa10%akk-x-neoass:DI-mu=šulmu[completeness//health]N'N$šulmu",
"f": {"lang": "akk-x-neoass",
"form": "DI-mu",
"cf": "šulmu",
"gw": "completeness",
"sense": "health",
"norm": "šulmu",
"pos": "N",
"epos": "N"}
}
,
{
"node": "l",
"frag": "a-[na",
"id": "P334467.l085ec",
"ref": "P334467.4.3",
"inst": "ana[to]PRP",
"sig": "@saao/saa10%akk-x-neoass:a-na=ana[to//to]PRP'PRP$ana",
"f": {"lang": "akk-x-neoass",
"form": "a-na",
"cf": "ana",
"gw": "to",
"sense": "to",
"norm": "ana",
"pos": "PRP",
"epos": "PRP"}
}
,
{
"node": "l",
"frag": "LUGAL",
"id": "P334467.l085ed",
"ref": "P334467.4.4",
"inst": "šarri[king]N",
"sig": "@saao/saa10%akk-x-neoass:LUGAL=šarru[king//king]N'N$šarri",
"f": {"lang": "akk-x-neoass",
"form": "LUGAL",
"cf": "šarru",
"gw": "king",
"sense": "king",
"norm": "šarri",
"pos": "N",
"epos": "N"}
}
,
{
"node": "l",
"frag": "EN-ia₂]",
"id": "P334467.l085ee",
"ref": "P334467.4.5",
"inst": "bēlīya[lord]N",
"sig": "@saao/saa10%akk-x-neoass:EN-ia₂=bēlu[lord//lord]N'N$bēlīya",
"f": {"lang": "akk-x-neoass",
"form": "EN-ia₂",
"cf": "bēlu",
"gw": "lord",
"sense": "lord",
"norm": "bēlīya",
"pos": "N",
"epos": "N"}
}
,
{
"node": "d",
"type": "line-start",
"ref": "P334467.5",
"n": "4",
"label": "o 4"}
,
{
"node": "l",
"frag": "{d}AG",
"id": "P334467.l085ef",
"ref": "P334467.5.1",
"inst": "Nabu[1]DN",
"sig": "@saao/saa10%akk-x-neoass:{d}AG=Nabu[1//1]DN'DN$Nabu",
"f": {"lang": "akk-x-neoass",
"form": "{d}AG",
"cf": "Nabu",
"gw": "1",
"sense": "1",
"norm": "Nabu",
"pos": "DN",
"epos": "DN"}
}
,
{
"node": "l",
"frag": "u",
"id": "P334467.l085f0",
"ref": "P334467.5.2",
"inst": "u[and]CNJ",
"sig": "@saao/saa10%akk-x-neoass:u=u[and//and]CNJ'CNJ$u",
"f": {"lang": "akk-x-neoass",
"form": "u",
"cf": "u",
"gw": "and",
"sense": "and",
"norm": "u",
"pos": "CNJ",
"epos": "CNJ"}
}
,
{
"node": "l",
"frag": "{d}AMAR.UTU",
"id": "P334467.l085f1",
"ref": "P334467.5.3",
"inst": "Marduk[1]DN",
"sig": "@saao/saa10%akk-x-neoass:{d}AMAR.UTU=Marduk[1//1]DN'DN$Marduk",
"f": {"lang": "akk-x-neoass",
"form": "{d}AMAR.UTU",
"cf": "Marduk",
"gw": "1",
"sense": "1",
"norm": "Marduk",
"pos": "DN",
"epos": "DN"}
}
,
{
"node": "d",
"type": "line-start",
"ref": "P334467.6",
"n": "5",
"label": "o 5"}
,
{
"node": "l",
"frag": "{d}30",
"id": "P334467.l085f2",
"ref": "P334467.6.1",
"inst": "Sin[1]DN",
"sig": "@saao/saa10%akk-x-neoass:{d}30=Sin[1//1]DN'DN$Sin",
"f": {"lang": "akk-x-neoass",
"form": "{d}30",
"cf": "Sin",
"gw": "1",
"sense": "1",
"norm": "Sin",
"pos": "DN",
"epos": "DN"}
}
,
{
"node": "l",
"frag": "u",
"id": "P334467.l085f3",
"ref": "P334467.6.2",
"inst": "u[and]CNJ",
"sig": "@saao/saa10%akk-x-neoass:u=u[and//and]CNJ'CNJ$u",
"f": {"lang": "akk-x-neoass",
"form": "u",
"cf": "u",
"gw": "and",
"sense": "and",
"norm": "u",
"pos": "CNJ",
"epos": "CNJ"}
}
,
{
"node": "l",
"frag": "{d}NIN.GAL",
"id": "P334467.l085f4",
"ref": "P334467.6.3",
"inst": "Nikkal[1]DN",
"sig": "@saao/saa10%akk-x-neoass:{d}NIN.GAL=Nikkal[1//1]DN'DN$Nikkal",
"f": {"lang": "akk-x-neoass",
"form": "{d}NIN.GAL",
"cf": "Nikkal",
"gw": "1",
"sense": "1",
"norm": "Nikkal",
"pos": "DN",
"epos": "DN"}
}
,
{
"node": "d",
"type": "line-start",
"ref": "P334467.7",
"n": "6",
"label": "o 6"}
,
{
"node": "l",
"frag": "[a]-na",
"id": "P334467.l085f5",
"ref": "P334467.7.1",
"inst": "ana[to]PRP",
"sig": "@saao/saa10%akk-x-neoass:a-na=ana[to//to]PRP'PRP$ana",
"f": {"lang": "akk-x-neoass",
"form": "a-na",
"cf": "ana",
"gw": "to",
"sense": "to",
"norm": "ana",
"pos": "PRP",
"epos": "PRP"}
}
,
{
"node": "l",
"frag": "LUGAL",
"id": "P334467.l085f6",
"ref": "P334467.7.2",
"inst": "šarri[king]N",
"sig": "@saao/saa10%akk-x-neoass:LUGAL=šarru[king//king]N'N$šarri",
"f": {"lang": "akk-x-neoass",
"form": "LUGAL",
"cf": "šarru",
"gw": "king",
"sense": "king",
"norm": "šarri",
"pos": "N",
"epos": "N"}
}
,
{
"node": "l",
"frag": "be-li₂-ia₂",
"id": "P334467.l085f7",
"ref": "P334467.7.3",
"inst": "bēlīya[lord]N",
"sig": "@saao/saa10%akk-x-neoass:be-li₂-ia₂=bēlu[lord//lord]N'N$bēlīya",
"f": {"lang": "akk-x-neoass",
"form": "be-li₂-ia₂",
"cf": "bēlu",
"gw": "lord",
"sense": "lord",
"norm": "bēlīya",
"pos": "N",
"epos": "N"}
}
,
{
"node": "d",
"type": "line-start",
"ref": "P334467.8",
"n": "7",
"label": "o 7"}
,
{
"node": "l",
"frag": "⸢lik⸣-ru-bu",
"id": "P334467.l085f8",
"ref": "P334467.8.1",
"inst": "likrubu[bless]V",
"sig": "@saao/saa10%akk-x-neoass:lik-ru-bu=karābu[pray//bless]V'V$likrubu",
"f": {"lang": "akk-x-neoass",
"form": "lik-ru-bu",
"cf": "karābu",
"gw": "pray",
"sense": "bless",
"norm": "likrubu",
"pos": "V",
"epos": "V"}
}
,
{
"node": "d",
"type": "line-start",
"ref": "P334467.9",
"n": "8",
"label": "o 8"}
,
{
"node": "l",
"frag": "[mu]-šu",
"id": "P334467.l085f9",
"ref": "P334467.9.1",
"inst": "mūšu[night]N",
"sig": "@saao/saa10%akk-x-neoass:mu-šu=mūšu[night//night]N'N$mūšu",
"f": {"lang": "akk-x-neoass",
"form": "mu-šu",
"cf": "mūšu",
"gw": "night",
"sense": "night",
"norm": "mūšu",
"pos": "N",
"epos": "N"}
}
,
{
"node": "l",
"frag": "an-ni-ʾu-[u₂]",
"id": "P334467.l085fa",
"ref": "P334467.9.2",
"inst": "+annû[this]DP$annīʾu",
"sig": "@saao/saa10%akk-x-neoass:an-ni-ʾu-u₂=annû[this//this]DP'DP$annīʾu",
"f": {"lang": "akk-x-neoass",
"form": "an-ni-ʾu-u₂",
"cf": "annû",
"gw": "this",
"sense": "this",
"norm": "annīʾu",
"pos": "DP",
"epos": "DP"}
}
,
{
"node": "d",
"type": "line-start",
"ref": "P334467.10",
"n": "9",
"label": "o 9"}
,
{
"node": "l",
"frag": "⸢LI⸣.LI.IZ₃",
"id": "P334467.l085fb",
"ref": "P334467.10.1",
"inst": "lilissu[kettledrum]N",
"sig": "@saao/saa10%akk-x-neoass:LI.LI.IZ₃=lilissu[kettledrum//kettledrum]N'N$lilissu",
"f": {"lang": "akk-x-neoass",
"form": "LI.LI.IZ₃",
"cf": "lilissu",
"gw": "kettledrum",
"sense": "kettledrum",
"norm": "lilissu",
"pos": "N",
"epos": "N"}
}
,
{
"node": "l",
"frag": "UD.KA.⸢BAR⸣",
"id": "P334467.l085fc",
"ref": "P334467.10.2",
"inst": "siparru[bronze]N",
"sig": "@saao/saa10%akk-x-neoass:UD.KA.BAR=siparru[bronze//bronze]N'N$siparri",
"f": {"lang": "akk-x-neoass",
"form": "UD.KA.BAR",
"cf": "siparru",
"gw": "bronze",
"sense": "bronze",
"norm": "siparri",
"pos": "N",
"epos": "N"}
}
,
{
"node": "d",
"type": "line-start",
"ref": "P334467.11",
"n": "10",
"label": "o 10"}
,
{
"node": "l",
"frag": "[ina]",
"id": "P334467.l085fd",
"ref": "P334467.11.1",
"inst": "ina[in]PRP",
"sig": "@saao/saa10%akk-x-neoass:ina=ina[in//in]PRP'PRP$ina",
"f": {"lang": "akk-x-neoass",
"form": "ina",
"cf": "ina",
"gw": "in",
"sense": "in",
"norm": "ina",
"pos": "PRP",
"epos": "PRP"}
}
,
{
"node": "l",
"frag": "⸢IGI⸣",
"id": "P334467.l085fe",
"ref": "P334467.11.2",
"inst": "pān[front]N",
"sig": "@saao/saa10%akk-x-neoass:IGI=pānu[front//front]N'N$pān",
"f": {"lang": "akk-x-neoass",
"form": "IGI",
"cf": "pānu",
"gw": "front",
"sense": "front",
"norm": "pān",
"pos": "N",
"epos": "N"}
}
,
{
"node": "l",
"frag": "{d}dil-bat",
"id": "P334467.l085ff",
"ref": "P334467.11.3",
"inst": "Dilbat[Venus]CN",
"sig": "@saao/saa10%akk-x-neoass:{d}dil-bat=Dilbat[Venus//Venus]CN'CN$Dilbat",
"f": {"lang": "akk-x-neoass",
"form": "{d}dil-bat",
"cf": "Dilbat",
"gw": "Venus",
"sense": "Venus",
"norm": "Dilbat",
"pos": "CN",
"epos": "CN"}
}
,
{
"node": "l",
"frag": "iš-ša₂-[kan]",
"id": "P334467.l08600",
"ref": "P334467.11.4",
"inst": "+šakānu[put//be(come) placed]V'V$iššakkan",
"sig": "@saao/saa10%akk-x-neoass:iš-ša₂-kan=šakānu[put//be(come) placed]V'V$iššakkan",
"f": {"lang": "akk-x-neoass",
"form": "iš-ša₂-kan",
"cf": "šakānu",
"gw": "put",
"sense": "be(come) placed",
"norm": "iššakkan",
"pos": "V",
"epos": "V"}
}
,
{
"node": "d",
"type": "line-start",
"ref": "P334467.12",
"n": "11",
"label": "o 11"}
,
{
"node": "l",
"frag": "⸢ša⸣",
"id": "P334467.l08601",
"ref": "P334467.12.1",
"inst": "ša[those of]DET",
"sig": "@saao/saa10%akk-x-neoass:ša=ša[of//those of]DET'DET$ša",
"f": {"lang": "akk-x-neoass",
"form": "ša",
"cf": "ša",
"gw": "of",
"sense": "those of",
"norm": "ša",
"pos": "DET",
"epos": "DET"}
}
,
{
"node": "l",
"frag": "ma-se-e",
"id": "P334467.l08602",
"ref": "P334467.12.2",
"inst": "masê[washing]'N",
"sig": "@saao/saa10%akk-x-neoass:ma-se-e=mesû[wash//washing]V'N$masê",
"f": {"lang": "akk-x-neoass",
"form": "ma-se-e",
"cf": "mesû",
"gw": "wash",
"sense": "washing",
"norm": "masê",
"pos": "V",
"epos": "N"}
}
,
{
"node": "l",
"frag": "kaq-qa-da-[te]",
"id": "P334467.l08603",
"ref": "P334467.12.3",
"inst": "+qaqqadu[head]N$kaqqadāte",
"sig": "@saao/saa10%akk-x-neoass:kaq-qa-da-te=qaqqadu[head//head]N'N$kaqqadāte",
"f": {"lang": "akk-x-neoass",
"form": "kaq-qa-da-te",
"cf": "qaqqadu",
"gw": "head",
"sense": "head",
"norm": "kaqqadāte",
"pos": "N",
"epos": "N"}
}
,
{
"node": "d",
"type": "line-start",
"ref": "P334467.13",
"n": "12",
"label": "o 12"}
,
{
"node": "l",
"frag": "[i]-qab-bi-ʾu-u",
"id": "P334467.l08604",
"ref": "P334467.13.1",
"inst": "+qabû[say]V$iqabbiʾu",
"sig": "@saao/saa10%akk-x-neoass:i-qab-bi-ʾu-u=qabû[say//say]V'V$iqabbiʾu",
"f": {"lang": "akk-x-neoass",
"form": "i-qab-bi-ʾu-u",
"cf": "qabû",
"gw": "say",
"sense": "say",
"norm": "iqabbiʾu",
"pos": "V",
"epos": "V"}
}
,
{
"node": "d",
"type": "line-start",
"ref": "P334467.14",
"n": "13",
"label": "o 13"}
,
{
"node": "l",
"frag": "[ma-a",
"id": "P334467.l08605",
"ref": "P334467.14.1",
"inst": "mā[saying]PRP",
"sig": "@saao/saa10%akk-x-neoass:ma-a=mā[saying//saying]PRP'PRP$mā",
"f": {"lang": "akk-x-neoass",
"form": "ma-a",
"cf": "mā",
"gw": "saying",
"sense": "saying",
"norm": "mā",
"pos": "PRP",
"epos": "PRP"}
}
,
{
"node": "l",
"frag": "x",
"id": "P334467.l08606",
"ref": "P334467.14.2",
"inst": "u",
"f": {"lang": "akk-x-neoass",
"form": "x",
"pos": "u"}
}
,
{
"node": "l",
"frag": "x]+⸢x⸣",
"id": "P334467.l08607",
"ref": "P334467.14.3",
"inst": "u",
"f": {"lang": "akk-x-neoass",
"form": "x+x",
"pos": "u"}
}
,
{
"node": "l",
"frag": "a-na",
"id": "P334467.l08608",
"ref": "P334467.14.4",
"inst": "ana[for]PRP",
"sig": "@saao/saa10%akk-x-neoass:a-na=ana[to//for]PRP'PRP$ana",
"f": {"lang": "akk-x-neoass",
"form": "a-na",
"cf": "ana",
"gw": "to",
"sense": "for",
"norm": "ana",
"pos": "PRP",
"epos": "PRP"}
}
,
{
"node": "l",
"frag": "{d}30",
"id": "P334467.l08609",
"ref": "P334467.14.5",
"inst": "Sin[1]DN",
"sig": "@saao/saa10%akk-x-neoass:{d}30=Sin[1//1]DN'DN$Sin",
"f": {"lang": "akk-x-neoass",
"form": "{d}30",
"cf": "Sin",
"gw": "1",
"sense": "1",
"norm": "Sin",
"pos": "DN",
"epos": "DN"}
}
,
{
"node": "d",
"type": "line-start",
"ref": "P334467.15",
"n": "14",
"label": "o 14"}
,
{
"node": "l",
"frag": "[x",
"id": "P334467.l0860a",
"ref": "P334467.15.1",
"inst": "u",
"f": {"lang": "akk-x-neoass",
"form": "x",
"pos": "u"}
}
,
{
"node": "l",
"frag": "x",
"id": "P334467.l0860b",
"ref": "P334467.15.2",
"inst": "u",
"f": {"lang": "akk-x-neoass",
"form": "x",
"pos": "u"}
}
,
{
"node": "l",
"frag": "nu]-⸢bat⸣-tu",
"id": "P334467.l0860c",
"ref": "P334467.15.3",
"inst": "nubattu[evening]N",
"sig": "@saao/saa10%akk-x-neoass:nu-bat-tu=nubattu[evening (rest)//evening]N'N$nubattu",
"f": {"lang": "akk-x-neoass",
"form": "nu-bat-tu",
"cf": "nubattu",
"gw": "evening (rest)",
"sense": "evening",
"norm": "nubattu",
"pos": "N",
"epos": "N"}
}
,
{
"node": "d",
"type": "line-start",
"ref": "P334467.16",
"n": "15",
"label": "o 15"}
,
{
"node": "l",
"frag": "[x",
"id": "P334467.l0860d",
"ref": "P334467.16.1",
"inst": "u",
"f": {"lang": "akk-x-neoass",
"form": "x",
"pos": "u"}
}
,
{
"node": "l",
"frag": "x",
"id": "P334467.l0860e",
"ref": "P334467.16.2",
"inst": "u",
"f": {"lang": "akk-x-neoass",
"form": "x",
"pos": "u"}
}
,
{
"node": "l",
"frag": "x",
"id": "P334467.l0860f",
"ref": "P334467.16.3",
"inst": "u",
"f": {"lang": "akk-x-neoass",
"form": "x",
"pos": "u"}
}
,
{
"node": "l",
"frag": "x]+⸢x⸣+[x]",
"id": "P334467.l08610",
"ref": "P334467.16.4",
"inst": "u",
"f": {"lang": "akk-x-neoass",
"form": "x+x+x",
"pos": "u"}
}
,
{
"node": "d",
"subtype": "reverse",
"type": "surface",
"ref": "P334467.r.17",
"type": "reverse",
"label": "r"}
,
{
"node": "d",
"type": "nonx",
"ref": "P334467.18",
"strict": "0",
"state": "missing"}
]}
]}
]}
]}
