{
"type": "cdl",
  "source": "http://oracc.org/saao/saa10",
  "license": "This data is released under the CC0 license",
  "license-url": "https://creativecommons.org/publicdomain/zero/1.0/",
  "more-info": "http://oracc.org/doc/opendata/",
  "UTC-timestamp": "2017-05-19T11:43:05",
"project": "saao/saa10",
"textid": "P334913",
"cdl": [
{
"node": "c",
"type": "text",
"id": "P334913.U0",
"cdl": [
{
"node": "d",
"type": "object",
"ref": ""}
,
{
"node": "d",
"subtype": "obverse",
"type": "surface",
"ref": "P334913.o.1",
"type": "obverse",
"label": "o"}
,
{
"node": "d",
"type": "nonx",
"ref": "P334913.2",
"strict": "0",
"extent": "beginning",
"scope": "line",
"state": "missing"}
,
{
"node": "c",
"type": "discourse",
"subtype": "body",
"id": "P334913.U1",
"cdl": [
{
"node": "c",
"type": "sentence",
"id": "P334913.U2",
"label": "o 1' - r 3",
"cdl": [
{
"node": "d",
"type": "line-start",
"ref": "P334913.3",
"n": "1'",
"label": "o 1'"}
,
{
"node": "l",
"frag": "{mul}GAG.SI.SA₂",
"id": "P334913.l019ab",
"ref": "P334913.3.1",
"inst": "Šukudu[Sirius]CN",
"sig": "@saao/saa10%akk-x-neoass:{MUL}GAG.SI.SA₂=Šukudu[Sirius//Sirius]CN'CN$Šukudu",
"f": {"lang": "akk-x-neoass",
"form": "{MUL}GAG.SI.SA₂",
"cf": "Šukudu",
"gw": "Sirius",
"sense": "Sirius",
"norm": "Šukudu",
"pos": "CN",
"epos": "CN"}
}
,
{
"node": "d",
"type": "line-start",
"ref": "P334913.4"}
,
{
"node": "d",
"type": "line-start",
"ref": "P334913.4l",
"n": "2'",
"label": "o 2'"}
,
{
"node": "l",
"frag": "{mul}LI₉.SI₄",
"id": "P334913.l019ac",
"ref": "P334913.4.1",
"inst": "+Lisi[Antares]CN$",
"sig": "@saao/saa10%akk-x-neoass:{MUL}LI₉.SI₄=Lisi[Antares//Antares]CN'CN$Lisi",
"f": {"lang": "akk-x-neoass",
"form": "{MUL}LI₉.SI₄",
"cf": "Lisi",
"gw": "Antares",
"sense": "Antares",
"norm": "Lisi",
"pos": "CN",
"epos": "CN"}
}
,
{
"node": "d",
"type": "line-start",
"ref": ""}
,
{
"node": "l",
"frag": "li-si",
"id": "P334913.l019ad",
"ref": "P334913.4.1000",
"inst": "+Lisi[Antares]CN$",
"sig": "@saao/saa10%akk-x-neoass:li-si=Lisi[Antares//Antares]CN'CN$Lisi",
"f": {"lang": "akk-x-neoass",
"form": "li-si",
"cf": "Lisi",
"gw": "Antares",
"sense": "Antares",
"norm": "Lisi",
"pos": "CN",
"epos": "CN"}
}
,
{
"node": "d",
"type": "line-start",
"ref": "P334913.5",
"n": "3'",
"label": "o 3'"}
,
{
"node": "l",
"frag": "{mul}be-lit-TI.LA",
"id": "P334913.l019ae",
"ref": "P334913.5.1",
"inst": "+Belet-balaṭi[Lady of life, Damkina//Vega]DN'CN$",
"sig": "@saao/saa10%akk-x-neoass:{MUL}be-lit-TI.LA=Belet-balaṭi[Lady of life, Damkina//Vega]DN'CN$Belet-balaṭi",
"f": {"lang": "akk-x-neoass",
"form": "{MUL}be-lit-TI.LA",
"cf": "Belet-balaṭi",
"gw": "Lady of life, Damkina",
"sense": "Vega",
"norm": "Belet-balaṭi",
"pos": "DN",
"epos": "CN"}
}
,
{
"node": "d",
"type": "line-start",
"ref": "P334913.6",
"n": "4'",
"label": "o 4'"}
,
{
"node": "l",
"frag": "an-nu-ti",
"id": "P334913.l019af",
"ref": "P334913.6.1",
"inst": "annūti[this]DP",
"sig": "@saao/saa10%akk-x-neoass:an-nu-ti=annû[this//this]DP'DP$annūti",
"f": {"lang": "akk-x-neoass",
"form": "an-nu-ti",
"cf": "annû",
"gw": "this",
"sense": "this",
"norm": "annūti",
"pos": "DP",
"epos": "DP"}
}
,
{
"node": "d",
"type": "line-start",
"ref": "P334913.7",
"n": "5'",
"label": "o 5'"}
,
{
"node": "l",
"frag": "pa-ni-u₂-ti",
"id": "P334913.l019b0",
"ref": "P334913.7.1",
"inst": "+pānû[previous//former]AJ'AJ$pāniūti",
"sig": "@saao/saa10%akk-x-neoass:pa-ni-u₂-ti=pānû[previous//former]AJ'AJ$pāniūti",
"f": {"lang": "akk-x-neoass",
"form": "pa-ni-u₂-ti",
"cf": "pānû",
"gw": "previous",
"sense": "former",
"norm": "pāniūti",
"pos": "AJ",
"epos": "AJ"}
}
,
{
"node": "d",
"type": "line-start",
"ref": "P334913.8",
"n": "6'",
"label": "o 6'"}
,
{
"node": "l",
"frag": "ša",
"id": "P334913.l019b1",
"ref": "P334913.8.1",
"inst": "ša[which]REL",
"sig": "@saao/saa10%akk-x-neoass:ša=ša[that//which]REL'REL$ša",
"f": {"lang": "akk-x-neoass",
"form": "ša",
"cf": "ša",
"gw": "that",
"sense": "which",
"norm": "ša",
"pos": "REL",
"epos": "REL"}
}
,
{
"node": "l",
"frag": "ina",
"id": "P334913.l019b2",
"ref": "P334913.8.2",
"inst": "ina[in]PRP",
"sig": "@saao/saa10%akk-x-neoass:ina=ina[in//from]PRP'PRP$ina",
"f": {"lang": "akk-x-neoass",
"form": "ina",
"cf": "ina",
"gw": "in",
"sense": "from",
"norm": "ina",
"pos": "PRP",
"epos": "PRP"}
}
,
{
"node": "l",
"frag": "pa-ni-ti",
"id": "P334913.l019b3",
"ref": "P334913.8.3",
"inst": "pānīti[previously]'AV",
"sig": "@saao/saa10%akk-x-neoass:pa-ni-ti=pānītu[earlier time//previously]N'AV$pānīti",
"f": {"lang": "akk-x-neoass",
"form": "pa-ni-ti",
"cf": "pānītu",
"gw": "earlier time",
"sense": "previously",
"norm": "pānīti",
"pos": "N",
"epos": "AV"}
}
,
{
"node": "d",
"subtype": "bottom",
"type": "surface",
"ref": "P334913.b.e..9",
"type": "bottom",
"label": "b.e."}
,
{
"node": "d",
"type": "line-start",
"ref": "P334913.10",
"n": "7'",
"label": "b.e. 7'"}
,
{
"node": "l",
"frag": "in-na-me-ru-ni",
"id": "P334913.l019b4",
"ref": "P334913.10.1",
"inst": "+amāru[see//be(come) visible]V'V$innamerūni",
"sig": "@saao/saa10%akk-x-neoass:in-na-me-ru-ni=amāru[see//be(come) visible]V'V$innamerūni",
"f": {"lang": "akk-x-neoass",
"form": "in-na-me-ru-ni",
"cf": "amāru",
"gw": "see",
"sense": "be(come) visible",
"norm": "innamerūni",
"pos": "V",
"epos": "V"}
}
,
{
"node": "d",
"subtype": "reverse",
"type": "surface",
"ref": "P334913.r.11",
"type": "reverse",
"label": "r"}
,
{
"node": "d",
"type": "line-start",
"ref": "P334913.12",
"n": "1",
"label": "r 1"}
,
{
"node": "l",
"frag": "{mul}UDU.IDIM.GUD.UD",
"id": "P334913.l019b5",
"ref": "P334913.12.1",
"inst": "+Šihṭu[Mercury]CN$",
"sig": "@saao/saa10%akk-x-neoass:{MUL}UDU.IDIM.GUD.UD=Šihṭu[Mercury//Mercury]CN'CN$Šihṭu",
"f": {"lang": "akk-x-neoass",
"form": "{MUL}UDU.IDIM.GUD.UD",
"cf": "Šihṭu",
"gw": "Mercury",
"sense": "Mercury",
"norm": "Šihṭu",
"pos": "CN",
"epos": "CN"}
}
,
{
"node": "d",
"type": "line-start",
"ref": "P334913.13",
"n": "2",
"label": "r 2"}
,
{
"node": "l",
"frag": "u₂-di-na",
"id": "P334913.l019b6",
"ref": "P334913.13.1",
"inst": "udīna[yet]AV",
"sig": "@saao/saa10%akk-x-neoass:u₂-di-na=udīni[up till now//yet]AV'AV$udīna",
"f": {"lang": "akk-x-neoass",
"form": "u₂-di-na",
"cf": "udīni",
"gw": "up till now",
"sense": "yet",
"norm": "udīna",
"pos": "AV",
"epos": "AV"}
}
,
{
"node": "d",
"type": "line-start",
"ref": "P334913.14",
"n": "3",
"label": "r 3"}
,
{
"node": "l",
"frag": "la",
"id": "P334913.l019b7",
"ref": "P334913.14.1",
"inst": "lā[not]MOD",
"sig": "@saao/saa10%akk-x-neoass:la=lā[not//not]MOD'MOD$lā",
"f": {"lang": "akk-x-neoass",
"form": "la",
"cf": "lā",
"gw": "not",
"sense": "not",
"norm": "lā",
"pos": "MOD",
"epos": "MOD"}
}
,
{
"node": "l",
"frag": "in-na-mar",
"id": "P334913.l019b8",
"ref": "P334913.14.2",
"inst": "innammar[be(come) visible]V",
"sig": "@saao/saa10%akk-x-neoass:in-na-mar=amāru[see//be(come) visible]V'V$innammar",
"f": {"lang": "akk-x-neoass",
"form": "in-na-mar",
"cf": "amāru",
"gw": "see",
"sense": "be(come) visible",
"norm": "innammar",
"pos": "V",
"epos": "V"}
}
,
{
"node": "d",
"type": "nonx",
"ref": "P334913.15",
"strict": "0",
"extent": "rest",
"state": "other"}
]}
]}
]}
]}
