{
"type": "cdl",
  "source": "http://oracc.org/saao/saa10",
  "license": "This data is released under the CC0 license",
  "license-url": "https://creativecommons.org/publicdomain/zero/1.0/",
  "more-info": "http://oracc.org/doc/opendata/",
  "UTC-timestamp": "2017-05-19T11:42:55",
"project": "saao/saa10",
"textid": "P334530",
"cdl": [
{
"node": "c",
"type": "text",
"id": "P334530.U0",
"cdl": [
{
"node": "d",
"type": "object",
"ref": ""}
,
{
"node": "d",
"subtype": "obverse",
"type": "surface",
"ref": "P334530.o.1",
"type": "obverse",
"label": "o"}
,
{
"node": "c",
"type": "discourse",
"subtype": "body",
"id": "P334530.U1",
"cdl": [
{
"node": "c",
"type": "sentence",
"id": "P334530.U2",
"label": "o 1 - r.e. 18",
"cdl": [
{
"node": "d",
"type": "line-start",
"ref": "P334530.2",
"n": "1",
"label": "o 1"}
,
{
"node": "l",
"frag": "a-na",
"id": "P334530.l09608",
"ref": "P334530.2.1",
"inst": "ana[to]PRP",
"sig": "@saao/saa10%akk-x-neoass:a-na=ana[to//to]PRP'PRP$ana",
"f": {"lang": "akk-x-neoass",
"form": "a-na",
"cf": "ana",
"gw": "to",
"sense": "to",
"norm": "ana",
"pos": "PRP",
"epos": "PRP"}
}
,
{
"node": "l",
"frag": "LUGAL",
"id": "P334530.l09609",
"ref": "P334530.2.2",
"inst": "šarri[king]N",
"sig": "@saao/saa10%akk-x-neoass:LUGAL=šarru[king//king]N'N$šarri",
"f": {"lang": "akk-x-neoass",
"form": "LUGAL",
"cf": "šarru",
"gw": "king",
"sense": "king",
"norm": "šarri",
"pos": "N",
"epos": "N"}
}
,
{
"node": "l",
"frag": "EN-ia₂",
"id": "P334530.l0960a",
"ref": "P334530.2.3",
"inst": "bēlīya[lord]N",
"sig": "@saao/saa10%akk-x-neoass:EN-ia₂=bēlu[lord//lord]N'N$bēlīya",
"f": {"lang": "akk-x-neoass",
"form": "EN-ia₂",
"cf": "bēlu",
"gw": "lord",
"sense": "lord",
"norm": "bēlīya",
"pos": "N",
"epos": "N"}
}
,
{
"node": "l",
"frag": "ARAD-ka",
"id": "P334530.l0960b",
"ref": "P334530.2.4",
"inst": "urdaka[servant]N",
"sig": "@saao/saa10%akk-x-neoass:ARAD-ka=ardu[slave//servant]N'N$urdaka",
"f": {"lang": "akk-x-neoass",
"form": "ARAD-ka",
"cf": "ardu",
"gw": "slave",
"sense": "servant",
"norm": "urdaka",
"pos": "N",
"epos": "N"}
}
,
{
"node": "d",
"type": "line-start",
"ref": "P334530.3",
"n": "2",
"label": "o 2"}
,
{
"node": "l",
"frag": "{1}DUMU-{d}15",
"id": "P334530.l0960c",
"ref": "P334530.3.1",
"inst": "Mar-Issar[1]PN",
"sig": "@saao/saa10%akk-x-neoass:{1}DUMU-{d}15=Mar-Issar[1//1]PN'PN$Mar-Issar",
"f": {"lang": "akk-x-neoass",
"form": "{1}DUMU-{d}15",
"cf": "Mar-Issar",
"gw": "1",
"sense": "1",
"norm": "Mar-Issar",
"pos": "PN",
"epos": "PN"}
}
,
{
"node": "l",
"frag": "lu-u",
"id": "P334530.l0960d",
"ref": "P334530.3.2",
"inst": "lū[may]MOD",
"sig": "@saao/saa10%akk-x-neoass:lu-u=lū[may//may]MOD'MOD$lū",
"f": {"lang": "akk-x-neoass",
"form": "lu-u",
"cf": "lū",
"gw": "may",
"sense": "may",
"norm": "lū",
"pos": "MOD",
"epos": "MOD"}
}
,
{
"node": "l",
"frag": "DI-mu",
"id": "P334530.l0960e",
"ref": "P334530.3.3",
"inst": "šulmu[health]N",
"sig": "@saao/saa10%akk-x-neoass:DI-mu=šulmu[completeness//health]N'N$šulmu",
"f": {"lang": "akk-x-neoass",
"form": "DI-mu",
"cf": "šulmu",
"gw": "completeness",
"sense": "health",
"norm": "šulmu",
"pos": "N",
"epos": "N"}
}
,
{
"node": "d",
"type": "line-start",
"ref": "P334530.4",
"n": "3",
"label": "o 3"}
,
{
"node": "l",
"frag": "a-na",
"id": "P334530.l0960f",
"ref": "P334530.4.1",
"inst": "ana[to]PRP",
"sig": "@saao/saa10%akk-x-neoass:a-na=ana[to//to]PRP'PRP$ana",
"f": {"lang": "akk-x-neoass",
"form": "a-na",
"cf": "ana",
"gw": "to",
"sense": "to",
"norm": "ana",
"pos": "PRP",
"epos": "PRP"}
}
,
{
"node": "l",
"frag": "MAN",
"id": "P334530.l09610",
"ref": "P334530.4.2",
"inst": "šarri[king]N",
"sig": "@saao/saa10%akk-x-neoass:MAN=šarru[king//king]N'N$šarri",
"f": {"lang": "akk-x-neoass",
"form": "MAN",
"cf": "šarru",
"gw": "king",
"sense": "king",
"norm": "šarri",
"pos": "N",
"epos": "N"}
}
,
{
"node": "l",
"frag": "EN-ia₂",
"id": "P334530.l09611",
"ref": "P334530.4.3",
"inst": "bēlīya[lord]N",
"sig": "@saao/saa10%akk-x-neoass:EN-ia₂=bēlu[lord//lord]N'N$bēlīya",
"f": {"lang": "akk-x-neoass",
"form": "EN-ia₂",
"cf": "bēlu",
"gw": "lord",
"sense": "lord",
"norm": "bēlīya",
"pos": "N",
"epos": "N"}
}
,
{
"node": "l",
"frag": "{d}PA",
"id": "P334530.l09612",
"ref": "P334530.4.4",
"inst": "Nabu[1]DN",
"sig": "@saao/saa10%akk-x-neoass:{d}PA=Nabu[1//1]DN'DN$Nabu",
"f": {"lang": "akk-x-neoass",
"form": "{d}PA",
"cf": "Nabu",
"gw": "1",
"sense": "1",
"norm": "Nabu",
"pos": "DN",
"epos": "DN"}
}
,
{
"node": "l",
"frag": "u",
"id": "P334530.l09613",
"ref": "P334530.4.5",
"inst": "u[and]CNJ",
"sig": "@saao/saa10%akk-x-neoass:u=u[and//and]CNJ'CNJ$u",
"f": {"lang": "akk-x-neoass",
"form": "u",
"cf": "u",
"gw": "and",
"sense": "and",
"norm": "u",
"pos": "CNJ",
"epos": "CNJ"}
}
,
{
"node": "l",
"frag": "{d}AMAR.UTU",
"id": "P334530.l09614",
"ref": "P334530.4.6",
"inst": "Marduk[1]DN",
"sig": "@saao/saa10%akk-x-neoass:{d}AMAR.UTU=Marduk[1//1]DN'DN$Marduk",
"f": {"lang": "akk-x-neoass",
"form": "{d}AMAR.UTU",
"cf": "Marduk",
"gw": "1",
"sense": "1",
"norm": "Marduk",
"pos": "DN",
"epos": "DN"}
}
,
{
"node": "d",
"type": "line-start",
"ref": "P334530.5",
"n": "4",
"label": "o 4"}
,
{
"node": "l",
"frag": "a-na",
"id": "P334530.l09615",
"ref": "P334530.5.1",
"inst": "ana[to]PRP",
"sig": "@saao/saa10%akk-x-neoass:a-na=ana[to//to]PRP'PRP$ana",
"f": {"lang": "akk-x-neoass",
"form": "a-na",
"cf": "ana",
"gw": "to",
"sense": "to",
"norm": "ana",
"pos": "PRP",
"epos": "PRP"}
}
,
{
"node": "l",
"frag": "MAN",
"id": "P334530.l09616",
"ref": "P334530.5.2",
"inst": "šarri[king]N",
"sig": "@saao/saa10%akk-x-neoass:MAN=šarru[king//king]N'N$šarri",
"f": {"lang": "akk-x-neoass",
"form": "MAN",
"cf": "šarru",
"gw": "king",
"sense": "king",
"norm": "šarri",
"pos": "N",
"epos": "N"}
}
,
{
"node": "l",
"frag": "EN-ia₂",
"id": "P334530.l09617",
"ref": "P334530.5.3",
"inst": "bēlīya[lord]N",
"sig": "@saao/saa10%akk-x-neoass:EN-ia₂=bēlu[lord//lord]N'N$bēlīya",
"f": {"lang": "akk-x-neoass",
"form": "EN-ia₂",
"cf": "bēlu",
"gw": "lord",
"sense": "lord",
"norm": "bēlīya",
"pos": "N",
"epos": "N"}
}
,
{
"node": "l",
"frag": "lik-ru-bu",
"id": "P334530.l09618",
"ref": "P334530.5.4",
"inst": "likrubu[bless]V",
"sig": "@saao/saa10%akk-x-neoass:lik-ru-bu=karābu[pray//bless]V'V$likrubu",
"f": {"lang": "akk-x-neoass",
"form": "lik-ru-bu",
"cf": "karābu",
"gw": "pray",
"sense": "bless",
"norm": "likrubu",
"pos": "V",
"epos": "V"}
}
,
{
"node": "d",
"type": "line-start",
"ref": "P334530.6",
"n": "5",
"label": "o 5"}
,
{
"node": "l",
"frag": "UD-me",
"id": "P334530.l09619",
"ref": "P334530.6.1",
"inst": "ūmē[day]N",
"sig": "@saao/saa10%akk-x-neoass:UD-me=ūmu[day//day]N'N$ūmē",
"f": {"lang": "akk-x-neoass",
"form": "UD-me",
"cf": "ūmu",
"gw": "day",
"sense": "day",
"norm": "ūmē",
"pos": "N",
"epos": "N"}
}
,
{
"node": "l",
"frag": "ar-ku-te",
"id": "P334530.l0961a",
"ref": "P334530.6.2",
"inst": "arkūte[long]AJ",
"sig": "@saao/saa10%akk-x-neoass:ar-ku-te=arku[long//long]AJ'AJ$arkūte",
"f": {"lang": "akk-x-neoass",
"form": "ar-ku-te",
"cf": "arku",
"gw": "long",
"sense": "long",
"norm": "arkūte",
"pos": "AJ",
"epos": "AJ"}
}
,
{
"node": "l",
"frag": "ṭu-ub",
"id": "P334530.l0961b",
"ref": "P334530.6.3",
"inst": "ṭūb[goodness]N",
"sig": "@saao/saa10%akk-x-neoass:ṭu-ub=ṭūbu[goodness//goodness]N'N$ṭūb",
"f": {"lang": "akk-x-neoass",
"form": "ṭu-ub",
"cf": "ṭūbu",
"gw": "goodness",
"sense": "goodness",
"norm": "ṭūb",
"pos": "N",
"epos": "N"}
}
,
{
"node": "l",
"frag": "UZU",
"id": "P334530.l0961c",
"ref": "P334530.6.4",
"inst": "šīri[flesh]N",
"sig": "@saao/saa10%akk-x-neoass:UZU=šīru[flesh//flesh]N'N$šīri",
"f": {"lang": "akk-x-neoass",
"form": "UZU",
"cf": "šīru",
"gw": "flesh",
"sense": "flesh",
"norm": "šīri",
"pos": "N",
"epos": "N"}
}
,
{
"node": "d",
"type": "line-start",
"ref": "P334530.7",
"n": "6",
"label": "o 6"}
,
{
"node": "l",
"frag": "u₃",
"id": "P334530.l0961d",
"ref": "P334530.7.1",
"inst": "u[and]CNJ",
"sig": "@saao/saa10%akk-x-neoass:u₃=u[and//and]CNJ'CNJ$u",
"f": {"lang": "akk-x-neoass",
"form": "u₃",
"cf": "u",
"gw": "and",
"sense": "and",
"norm": "u",
"pos": "CNJ",
"epos": "CNJ"}
}
,
{
"node": "l",
"frag": "hu-ud",
"id": "P334530.l0961e",
"ref": "P334530.7.2",
"inst": "hūd[joy]N",
"sig": "@saao/saa10%akk-x-neoass:hu-ud=hūdu[happiness//joy]N'N$hūd",
"f": {"lang": "akk-x-neoass",
"form": "hu-ud",
"cf": "hūdu",
"gw": "happiness",
"sense": "joy",
"norm": "hūd",
"pos": "N",
"epos": "N"}
}
,
{
"node": "l",
"frag": "ŠA₃-bi",
"id": "P334530.l0961f",
"ref": "P334530.7.3",
"inst": "libbi[heart]N",
"sig": "@saao/saa10%akk-x-neoass:ŠA₃-bi=libbu[interior//heart]N'N$libbi",
"f": {"lang": "akk-x-neoass",
"form": "ŠA₃-bi",
"cf": "libbu",
"gw": "interior",
"sense": "heart",
"norm": "libbi",
"pos": "N",
"epos": "N"}
}
,
{
"node": "l",
"frag": "DINGIR-MEŠ",
"id": "P334530.l09620",
"ref": "P334530.7.4",
"inst": "ilāni[god]N",
"sig": "@saao/saa10%akk-x-neoass:DINGIR-MEŠ=ilu[god//god]N'N$ilāni",
"f": {"lang": "akk-x-neoass",
"form": "DINGIR-MEŠ",
"cf": "ilu",
"gw": "god",
"sense": "god",
"norm": "ilāni",
"pos": "N",
"epos": "N"}
}
,
{
"node": "l",
"frag": "GAL-MEŠ",
"id": "P334530.l09621",
"ref": "P334530.7.5",
"inst": "rabiūti[great]AJ",
"sig": "@saao/saa10%akk-x-neoass:GAL-MEŠ=rabû[big//great]AJ'AJ$rabiūti",
"f": {"lang": "akk-x-neoass",
"form": "GAL-MEŠ",
"cf": "rabû",
"gw": "big",
"sense": "great",
"norm": "rabiūti",
"pos": "AJ",
"epos": "AJ"}
}
,
{
"node": "d",
"type": "line-start",
"ref": "P334530.8",
"n": "7",
"label": "o 7"}
,
{
"node": "l",
"frag": "a-na",
"id": "P334530.l09622",
"ref": "P334530.8.1",
"inst": "ana[to]PRP",
"sig": "@saao/saa10%akk-x-neoass:a-na=ana[to//to]PRP'PRP$ana",
"f": {"lang": "akk-x-neoass",
"form": "a-na",
"cf": "ana",
"gw": "to",
"sense": "to",
"norm": "ana",
"pos": "PRP",
"epos": "PRP"}
}
,
{
"node": "l",
"frag": "MAN",
"id": "P334530.l09623",
"ref": "P334530.8.2",
"inst": "šarri[king]N",
"sig": "@saao/saa10%akk-x-neoass:MAN=šarru[king//king]N'N$šarri",
"f": {"lang": "akk-x-neoass",
"form": "MAN",
"cf": "šarru",
"gw": "king",
"sense": "king",
"norm": "šarri",
"pos": "N",
"epos": "N"}
}
,
{
"node": "l",
"frag": "EN-ia₂",
"id": "P334530.l09624",
"ref": "P334530.8.3",
"inst": "bēlīya[lord]N",
"sig": "@saao/saa10%akk-x-neoass:EN-ia₂=bēlu[lord//lord]N'N$bēlīya",
"f": {"lang": "akk-x-neoass",
"form": "EN-ia₂",
"cf": "bēlu",
"gw": "lord",
"sense": "lord",
"norm": "bēlīya",
"pos": "N",
"epos": "N"}
}
,
{
"node": "l",
"frag": "liš-ru-ku",
"id": "P334530.l09625",
"ref": "P334530.8.4",
"inst": "lišruku[bestow]V",
"sig": "@saao/saa10%akk-x-neoass:liš-ru-ku=šarāku[present//bestow]V'V$lišruku",
"f": {"lang": "akk-x-neoass",
"form": "liš-ru-ku",
"cf": "šarāku",
"gw": "present",
"sense": "bestow",
"norm": "lišruku",
"pos": "V",
"epos": "V"}
}
,
{
"node": "l",
"frag": "UD",
"id": "P334530.l09626",
"ref": "P334530.8.5",
"inst": "ūm[day]N",
"sig": "@saao/saa10%akk-x-neoass:UD=ūmu[day//day]N'N$ūm",
"f": {"lang": "akk-x-neoass",
"form": "UD",
"cf": "ūmu",
"gw": "day",
"sense": "day",
"norm": "ūm",
"pos": "N",
"epos": "N"}
}
,
{
"node": "l",
"frag": "27-KAM₂\\t",
"id": "P334530.l09627",
"ref": "P334530.8.6",
"inst": "n",
"f": {"lang": "akk-x-neoass",
"form": "27-KAM₂",
"pos": "n"}
}
,
{
"node": "d",
"type": "line-start",
"ref": "P334530.9",
"n": "8",
"label": "o 8"}
,
{
"node": "l",
"frag": "{d}30",
"id": "P334530.l09628",
"ref": "P334530.9.1",
"inst": "Sin[1]DN",
"sig": "@saao/saa10%akk-x-neoass:{d}30=Sin[1//1]DN'DN$Sin",
"f": {"lang": "akk-x-neoass",
"form": "{d}30",
"cf": "Sin",
"gw": "1",
"sense": "1",
"norm": "Sin",
"pos": "DN",
"epos": "DN"}
}
,
{
"node": "l",
"frag": "iz-za-az",
"id": "P334530.l09629",
"ref": "P334530.9.2",
"inst": "izzaz[stand]V",
"sig": "@saao/saa10%akk-x-neoass:iz-za-az=izuzzu[stand//stand]V'V$izzaz",
"f": {"lang": "akk-x-neoass",
"form": "iz-za-az",
"cf": "izuzzu",
"gw": "stand",
"sense": "stand",
"norm": "izzaz",
"pos": "V",
"epos": "V"}
}
,
{
"node": "l",
"frag": "UD",
"id": "P334530.l0962a",
"ref": "P334530.9.3",
"inst": "ūm[day]N",
"sig": "@saao/saa10%akk-x-neoass:UD=ūmu[day//day]N'N$ūm",
"f": {"lang": "akk-x-neoass",
"form": "UD",
"cf": "ūmu",
"gw": "day",
"sense": "day",
"norm": "ūm",
"pos": "N",
"epos": "N"}
}
,
{
"node": "l",
"frag": "28-KAM₂\\t",
"id": "P334530.l0962b",
"ref": "P334530.9.4",
"inst": "n",
"f": {"lang": "akk-x-neoass",
"form": "28-KAM₂",
"pos": "n"}
}
,
{
"node": "d",
"type": "line-start",
"ref": "P334530.10",
"n": "9",
"label": "o 9"}
,
{
"node": "l",
"frag": "UD",
"id": "P334530.l0962c",
"ref": "P334530.10.1",
"inst": "ūm[day]N",
"sig": "@saao/saa10%akk-x-neoass:UD=ūmu[day//day]N'N$ūm",
"f": {"lang": "akk-x-neoass",
"form": "UD",
"cf": "ūmu",
"gw": "day",
"sense": "day",
"norm": "ūm",
"pos": "N",
"epos": "N"}
}
,
{
"node": "l",
"frag": "29-KAM₂\\t",
"id": "P334530.l0962d",
"ref": "P334530.10.2",
"inst": "n",
"f": {"lang": "akk-x-neoass",
"form": "29-KAM₂",
"pos": "n"}
}
,
{
"node": "l",
"frag": "UD",
"id": "P334530.l0962e",
"ref": "P334530.10.3",
"inst": "ūm[day]N",
"sig": "@saao/saa10%akk-x-neoass:UD=ūmu[day//day]N'N$ūm",
"f": {"lang": "akk-x-neoass",
"form": "UD",
"cf": "ūmu",
"gw": "day",
"sense": "day",
"norm": "ūm",
"pos": "N",
"epos": "N"}
}
,
{
"node": "l",
"frag": "30-KAM₂\\t",
"id": "P334530.l0962f",
"ref": "P334530.10.4",
"inst": "n",
"f": {"lang": "akk-x-neoass",
"form": "30-KAM₂",
"pos": "n"}
}
,
{
"node": "l",
"frag": "ma-ṣar-tu₂",
"id": "P334530.l09630",
"ref": "P334530.10.5",
"inst": "maṣṣartu[watch]N",
"sig": "@saao/saa10%akk-x-neoass:ma-ṣar-tu₂=maṣṣartu[observation//watch]N'N$maṣṣartu",
"f": {"lang": "akk-x-neoass",
"form": "ma-ṣar-tu₂",
"cf": "maṣṣartu",
"gw": "observation",
"sense": "watch",
"norm": "maṣṣartu",
"pos": "N",
"epos": "N"}
}
,
{
"node": "d",
"type": "line-start",
"ref": "P334530.11",
"n": "10",
"label": "o 10"}
,
{
"node": "l",
"frag": "ša",
"id": "P334530.l09631",
"ref": "P334530.11.1",
"inst": "ša[of]DET",
"sig": "@saao/saa10%akk-x-neoass:ša=ša[of//of]DET'DET$ša",
"f": {"lang": "akk-x-neoass",
"form": "ša",
"cf": "ša",
"gw": "of",
"sense": "of",
"norm": "ša",
"pos": "DET",
"epos": "DET"}
}
,
{
"node": "l",
"frag": "AN.MI",
"id": "P334530.l09632",
"ref": "P334530.11.2",
"inst": "attalî[eclipse]N",
"sig": "@saao/saa10%akk-x-neoass:AN.MI=antalû[eclipse//eclipse]N'N$attalî",
"f": {"lang": "akk-x-neoass",
"form": "AN.MI",
"cf": "antalû",
"gw": "eclipse",
"sense": "eclipse",
"norm": "attalî",
"pos": "N",
"epos": "N"}
}
,
{
"node": "l",
"frag": "{d}UTU",
"id": "P334530.l09633",
"ref": "P334530.11.3",
"inst": "Šamaš[1]DN",
"sig": "@saao/saa10%akk-x-neoass:{d}UTU=Šamaš[1//1]DN'DN$Šamaš",
"f": {"lang": "akk-x-neoass",
"form": "{d}UTU",
"cf": "Šamaš",
"gw": "1",
"sense": "1",
"norm": "Šamaš",
"pos": "DN",
"epos": "DN"}
}
,
{
"node": "l",
"frag": "ni-it-ta-ṣar",
"id": "P334530.l09634",
"ref": "P334530.11.4",
"inst": "+naṣāru[guard//keep guard]V'V$nittaṣar",
"sig": "@saao/saa10%akk-x-neoass:ni-it-ta-ṣar=naṣāru[guard//keep guard]V'V$nittaṣar",
"f": {"lang": "akk-x-neoass",
"form": "ni-it-ta-ṣar",
"cf": "naṣāru",
"gw": "guard",
"sense": "keep guard",
"norm": "nittaṣar",
"pos": "V",
"epos": "V"}
}
,
{
"node": "d",
"type": "line-start",
"ref": "P334530.12",
"n": "11",
"label": "o 11"}
,
{
"node": "l",
"frag": "u₂-se-ti-iq",
"id": "P334530.l09635",
"ref": "P334530.12.1",
"inst": "ussētiq[make pass by]V",
"sig": "@saao/saa10%akk-x-neoass:u₂-se-ti-iq=etēqu[proceed//make pass by]V'V$ussētiq",
"f": {"lang": "akk-x-neoass",
"form": "u₂-se-ti-iq",
"cf": "etēqu",
"gw": "proceed",
"sense": "make pass by",
"norm": "ussētiq",
"pos": "V",
"epos": "V"}
}
,
{
"node": "l",
"frag": "AN.MI",
"id": "P334530.l09636",
"ref": "P334530.12.2",
"inst": "attalû[eclipse]N",
"sig": "@saao/saa10%akk-x-neoass:AN.MI=antalû[eclipse//eclipse]N'N$attalû",
"f": {"lang": "akk-x-neoass",
"form": "AN.MI",
"cf": "antalû",
"gw": "eclipse",
"sense": "eclipse",
"norm": "attalû",
"pos": "N",
"epos": "N"}
}
,
{
"node": "l",
"frag": "la",
"id": "P334530.l09637",
"ref": "P334530.12.3",
"inst": "lā[not]MOD",
"sig": "@saao/saa10%akk-x-neoass:la=lā[not//not]MOD'MOD$lā",
"f": {"lang": "akk-x-neoass",
"form": "la",
"cf": "lā",
"gw": "not",
"sense": "not",
"norm": "lā",
"pos": "MOD",
"epos": "MOD"}
}
,
{
"node": "l",
"frag": "iš-kun",
"id": "P334530.l09638",
"ref": "P334530.12.4",
"inst": "iškun[place]V",
"sig": "@saao/saa10%akk-x-neoass:iš-kun=šakānu[put//place]V'V$iškun",
"f": {"lang": "akk-x-neoass",
"form": "iš-kun",
"cf": "šakānu",
"gw": "put",
"sense": "place",
"norm": "iškun",
"pos": "V",
"epos": "V"}
}
,
{
"node": "d",
"type": "line-start",
"ref": "P334530.13",
"n": "12",
"label": "o 12"}
,
{
"node": "l",
"frag": "UD",
"id": "P334530.l09639",
"ref": "P334530.13.1",
"inst": "ūm[day]N",
"sig": "@saao/saa10%akk-x-neoass:UD=ūmu[day//day]N'N$ūm",
"f": {"lang": "akk-x-neoass",
"form": "UD",
"cf": "ūmu",
"gw": "day",
"sense": "day",
"norm": "ūm",
"pos": "N",
"epos": "N"}
}
,
{
"node": "l",
"frag": "01-KAM₂\\t",
"id": "P334530.l0963a",
"ref": "P334530.13.2",
"inst": "n",
"f": {"lang": "akk-x-neoass",
"form": "01-KAM₂",
"pos": "n"}
}
,
{
"node": "l",
"frag": "{d}30",
"id": "P334530.l0963b",
"ref": "P334530.13.3",
"inst": "Sin[1]DN",
"sig": "@saao/saa10%akk-x-neoass:{d}30=Sin[1//1]DN'DN$Sin",
"f": {"lang": "akk-x-neoass",
"form": "{d}30",
"cf": "Sin",
"gw": "1",
"sense": "1",
"norm": "Sin",
"pos": "DN",
"epos": "DN"}
}
,
{
"node": "l",
"frag": "na-mur",
"id": "P334530.l0963c",
"ref": "P334530.13.4",
"inst": "nammur[seen]AJ",
"sig": "@saao/saa10%akk-x-neoass:na-mur=amru[seen//seen]AJ'AJ$nammur",
"f": {"lang": "akk-x-neoass",
"form": "na-mur",
"cf": "amru",
"gw": "seen",
"sense": "seen",
"norm": "nammur",
"pos": "AJ",
"epos": "AJ"}
}
,
{
"node": "l",
"frag": "UD-mu",
"id": "P334530.l0963d",
"ref": "P334530.13.5",
"inst": "ūmu[day]N",
"sig": "@saao/saa10%akk-x-neoass:UD-mu=ūmu[day//day]N'N$ūmu",
"f": {"lang": "akk-x-neoass",
"form": "UD-mu",
"cf": "ūmu",
"gw": "day",
"sense": "day",
"norm": "ūmu",
"pos": "N",
"epos": "N"}
}
,
{
"node": "d",
"type": "line-start",
"ref": "P334530.14",
"n": "13",
"label": "o 13"}
,
{
"node": "l",
"frag": "ša",
"id": "P334530.l0963e",
"ref": "P334530.14.1",
"inst": "ša[of]DET",
"sig": "@saao/saa10%akk-x-neoass:ša=ša[of//of]DET'DET$ša",
"f": {"lang": "akk-x-neoass",
"form": "ša",
"cf": "ša",
"gw": "of",
"sense": "of",
"norm": "ša",
"pos": "DET",
"epos": "DET"}
}
,
{
"node": "l",
"frag": "{iti}ŠU",
"id": "P334530.l0963f",
"ref": "P334530.14.2",
"inst": "Taʾuzi[Tammuz]MN",
"sig": "@saao/saa10%akk-x-neoass:{ITI}ŠU=Duʾuzu[Tammuz//Tammuz]MN'MN$Taʾuzi",
"f": {"lang": "akk-x-neoass",
"form": "{ITI}ŠU",
"cf": "Duʾuzu",
"gw": "Tammuz",
"sense": "Tammuz",
"norm": "Taʾuzi",
"pos": "MN",
"epos": "MN"}
}
,
{
"node": "l",
"frag": "ku-u₂-nu",
"id": "P334530.l09640",
"ref": "P334530.14.3",
"inst": "+kunnu[fixed]AJ$kūnu",
"sig": "@saao/saa10%akk-x-neoass:ku-u₂-nu=kunnu[fixed//fixed]AJ'AJ$kūnu",
"f": {"lang": "akk-x-neoass",
"form": "ku-u₂-nu",
"cf": "kunnu",
"gw": "fixed",
"sense": "fixed",
"norm": "kūnu",
"pos": "AJ",
"epos": "AJ"}
}
,
{
"node": "d",
"type": "line-start",
"ref": "P334530.15",
"n": "14",
"label": "o 14"}
,
{
"node": "l",
"frag": "ina",
"id": "P334530.l09641",
"ref": "P334530.15.1",
"inst": "ina[in]PRP",
"sig": "@saao/saa10%akk-x-neoass:ina=ina[in//in]PRP'PRP$ina",
"f": {"lang": "akk-x-neoass",
"form": "ina",
"cf": "ina",
"gw": "in",
"sense": "in",
"norm": "ina",
"pos": "PRP",
"epos": "PRP"}
}
,
{
"node": "l",
"frag": "UGU",
"id": "P334530.l09642",
"ref": "P334530.15.2",
"inst": "muhhi[skull]N",
"sig": "@saao/saa10%akk-x-neoass:UGU=muhhu[skull//skull]N'N$muhhi",
"f": {"lang": "akk-x-neoass",
"form": "UGU",
"cf": "muhhu",
"gw": "skull",
"sense": "skull",
"norm": "muhhi",
"pos": "N",
"epos": "N"}
}
,
{
"node": "l",
"frag": "{mul}SAG.ME.GAR",
"id": "P334530.l09643",
"ref": "P334530.15.3",
"inst": "Sagmegar[Jupiter]CN",
"sig": "@saao/saa10%akk-x-neoass:{MUL}SAG.ME.GAR=Sagmegar[Jupiter//Jupiter]CN'CN$Sagmegar",
"f": {"lang": "akk-x-neoass",
"form": "{MUL}SAG.ME.GAR",
"cf": "Sagmegar",
"gw": "Jupiter",
"sense": "Jupiter",
"norm": "Sagmegar",
"pos": "CN",
"epos": "CN"}
}
,
{
"node": "d",
"type": "line-start",
"ref": "P334530.16",
"n": "15",
"label": "o 15"}
,
{
"node": "l",
"frag": "ša",
"id": "P334530.l09644",
"ref": "P334530.16.1",
"inst": "ša[which]REL",
"sig": "@saao/saa10%akk-x-neoass:ša=ša[that//those which]REL'REL$ša",
"f": {"lang": "akk-x-neoass",
"form": "ša",
"cf": "ša",
"gw": "that",
"sense": "those which",
"norm": "ša",
"pos": "REL",
"epos": "REL"}
}
,
{
"node": "l",
"frag": "ina",
"id": "P334530.l09645",
"ref": "P334530.16.2",
"inst": "ina[in]PRP",
"sig": "@saao/saa10%akk-x-neoass:ina=ina[in//in]PRP'PRP$ina",
"f": {"lang": "akk-x-neoass",
"form": "ina",
"cf": "ina",
"gw": "in",
"sense": "in",
"norm": "ina",
"pos": "PRP",
"epos": "PRP"}
}
,
{
"node": "l",
"frag": "pa-ni-ti",
"id": "P334530.l09646",
"ref": "P334530.16.3",
"inst": "pānīti[previously]'AV",
"sig": "@saao/saa10%akk-x-neoass:pa-ni-ti=pānītu[earlier time//previously]N'AV$pānīti",
"f": {"lang": "akk-x-neoass",
"form": "pa-ni-ti",
"cf": "pānītu",
"gw": "earlier time",
"sense": "previously",
"norm": "pānīti",
"pos": "N",
"epos": "AV"}
}
,
{
"node": "d",
"subtype": "bottom",
"type": "surface",
"ref": "P334530.b.e..17",
"type": "bottom",
"label": "b.e."}
,
{
"node": "d",
"type": "line-start",
"ref": "P334530.18",
"n": "16",
"label": "b.e. 16"}
,
{
"node": "l",
"frag": "a-na",
"id": "P334530.l09647",
"ref": "P334530.18.1",
"inst": "ana[to]PRP",
"sig": "@saao/saa10%akk-x-neoass:a-na=ana[to//to]PRP'PRP$ana",
"f": {"lang": "akk-x-neoass",
"form": "a-na",
"cf": "ana",
"gw": "to",
"sense": "to",
"norm": "ana",
"pos": "PRP",
"epos": "PRP"}
}
,
{
"node": "l",
"frag": "MAN",
"id": "P334530.l09648",
"ref": "P334530.18.2",
"inst": "šarri[king]N",
"sig": "@saao/saa10%akk-x-neoass:MAN=šarru[king//king]N'N$šarri",
"f": {"lang": "akk-x-neoass",
"form": "MAN",
"cf": "šarru",
"gw": "king",
"sense": "king",
"norm": "šarri",
"pos": "N",
"epos": "N"}
}
,
{
"node": "l",
"frag": "EN-ia₂",
"id": "P334530.l09649",
"ref": "P334530.18.3",
"inst": "bēlīya[lord]N",
"sig": "@saao/saa10%akk-x-neoass:EN-ia₂=bēlu[lord//lord]N'N$bēlīya",
"f": {"lang": "akk-x-neoass",
"form": "EN-ia₂",
"cf": "bēlu",
"gw": "lord",
"sense": "lord",
"norm": "bēlīya",
"pos": "N",
"epos": "N"}
}
,
{
"node": "l",
"frag": "aš₂-pur-an-ni",
"id": "P334530.l0964a",
"ref": "P334530.18.4",
"inst": "ašpuranni[write]V",
"sig": "@saao/saa10%akk-x-neoass:aš₂-pur-an-ni=šapāru[send//write]V'V$ašpuranni",
"f": {"lang": "akk-x-neoass",
"form": "aš₂-pur-an-ni",
"cf": "šapāru",
"gw": "send",
"sense": "write",
"norm": "ašpuranni",
"pos": "V",
"epos": "V"}
}
,
{
"node": "d",
"type": "line-start",
"ref": "P334530.19",
"n": "17",
"label": "b.e. 17"}
,
{
"node": "l",
"frag": "nu-uk",
"id": "P334530.l0964b",
"ref": "P334530.19.1",
"inst": "nuk[saying]PRP",
"sig": "@saao/saa10%akk-x-neoass:nu-uk=nuk[saying//saying]PRP'PRP$nuk",
"f": {"lang": "akk-x-neoass",
"form": "nu-uk",
"cf": "nuk",
"gw": "saying",
"sense": "saying",
"norm": "nuk",
"pos": "PRP",
"epos": "PRP"}
}
,
{
"node": "l",
"frag": "ina",
"id": "P334530.l0964c",
"ref": "P334530.19.2",
"inst": "ina[in]PRP",
"sig": "@saao/saa10%akk-x-neoass:ina=ina[in//in]PRP'PRP$ina",
"f": {"lang": "akk-x-neoass",
"form": "ina",
"cf": "ina",
"gw": "in",
"sense": "in",
"norm": "ina",
"pos": "PRP",
"epos": "PRP"}
}
,
{
"node": "l",
"frag": "KASKAL",
"id": "P334530.l0964d",
"ref": "P334530.19.3",
"inst": "harrān[path]N",
"sig": "@saao/saa10%akk-x-neoass:KASKAL=harrānu[way//path]N'N$harrān",
"f": {"lang": "akk-x-neoass",
"form": "KASKAL",
"cf": "harrānu",
"gw": "way",
"sense": "path",
"norm": "harrān",
"pos": "N",
"epos": "N"}
}
,
{
"node": "l",
"frag": "šu-ut",
"id": "P334530.l0964e",
"ref": "P334530.19.4",
"inst": "šūt[of]'DET",
"sig": "@saao/saa10%akk-x-neoass:šu-ut=šūt[who//of]REL'DET$šūt",
"f": {"lang": "akk-x-neoass",
"form": "šu-ut",
"cf": "šūt",
"gw": "who",
"sense": "of",
"norm": "šūt",
"pos": "REL",
"epos": "DET"}
}
,
{
"node": "l",
"frag": "{d}a-nim",
"id": "P334530.l0964f",
"ref": "P334530.19.5",
"inst": "Ani[1]DN",
"sig": "@saao/saa10%akk-x-neoass:{d}a-nim=Anu[1//1]DN'DN$Ani",
"f": {"lang": "akk-x-neoass",
"form": "{d}a-nim",
"cf": "Anu",
"gw": "1",
"sense": "1",
"norm": "Ani",
"pos": "DN",
"epos": "DN"}
}
,
{
"node": "d",
"subtype": "reverse",
"type": "surface",
"ref": "P334530.r.20",
"type": "reverse",
"label": "r"}
,
{
"node": "d",
"type": "line-start",
"ref": "P334530.21",
"n": "1",
"label": "r 1"}
,
{
"node": "l",
"frag": "ina",
"id": "P334530.l09650",
"ref": "P334530.21.1",
"inst": "ina[in]PRP",
"sig": "@saao/saa10%akk-x-neoass:ina=ina[in//in]PRP'PRP$ina",
"f": {"lang": "akk-x-neoass",
"form": "ina",
"cf": "ina",
"gw": "in",
"sense": "in",
"norm": "ina",
"pos": "PRP",
"epos": "PRP"}
}
,
{
"node": "l",
"frag": "kaq-qar",
"id": "P334530.l09651",
"ref": "P334530.21.2",
"inst": "kaqqar[area]N",
"sig": "@saao/saa10%akk-x-neoass:kaq-qar=qaqqaru[ground//area]N'N$kaqqar",
"f": {"lang": "akk-x-neoass",
"form": "kaq-qar",
"cf": "qaqqaru",
"gw": "ground",
"sense": "area",
"norm": "kaqqar",
"pos": "N",
"epos": "N"}
}
,
{
"node": "l",
"frag": "{mul}SIPA.ZI.AN.NA",
"id": "P334530.l09652",
"ref": "P334530.21.3",
"inst": "Šitaddiri[Orion]CN",
"sig": "@saao/saa10%akk-x-neoass:{MUL}SIPA.ZI.AN.NA=Šitaddaru[Orion//Orion]CN'CN$Šitaddiri",
"f": {"lang": "akk-x-neoass",
"form": "{MUL}SIPA.ZI.AN.NA",
"cf": "Šitaddaru",
"gw": "Orion",
"sense": "Orion",
"norm": "Šitaddiri",
"pos": "CN",
"epos": "CN"}
}
,
{
"node": "d",
"type": "line-start",
"ref": "P334530.22",
"n": "2",
"label": "r 2"}
,
{
"node": "l",
"frag": "it-ta-mar",
"id": "P334530.l09653",
"ref": "P334530.22.1",
"inst": "ittammar[be(come) visible]V",
"sig": "@saao/saa10%akk-x-neoass:it-ta-mar=amāru[see//be(come) visible]V'V$ittammar",
"f": {"lang": "akk-x-neoass",
"form": "it-ta-mar",
"cf": "amāru",
"gw": "see",
"sense": "be(come) visible",
"norm": "ittammar",
"pos": "V",
"epos": "V"}
}
,
{
"node": "l",
"frag": "ša₂-pi-il",
"id": "P334530.l09654",
"ref": "P334530.22.2",
"inst": "+šaplu[low(er)//low]AJ'AJ$šapil",
"sig": "@saao/saa10%akk-x-neoass:ša₂-pi-il=šaplu[low(er)//low]AJ'AJ$šapil",
"f": {"lang": "akk-x-neoass",
"form": "ša₂-pi-il",
"cf": "šaplu",
"gw": "low(er)",
"sense": "low",
"norm": "šapil",
"pos": "AJ",
"epos": "AJ"}
}
,
{
"node": "d",
"type": "line-start",
"ref": "P334530.23",
"n": "3",
"label": "r 3"}
,
{
"node": "l",
"frag": "ina",
"id": "P334530.l09655",
"ref": "P334530.23.1",
"inst": "ina[in]PRP",
"sig": "@saao/saa10%akk-x-neoass:ina=ina[in//in]PRP'PRP$ina",
"f": {"lang": "akk-x-neoass",
"form": "ina",
"cf": "ina",
"gw": "in",
"sense": "in",
"norm": "ina",
"pos": "PRP",
"epos": "PRP"}
}
,
{
"node": "l",
"frag": "ri-ip-si",
"id": "P334530.l09656",
"ref": "P334530.23.2",
"inst": "+ripsu[vapour//haze]N'N$ripsi",
"sig": "@saao/saa10%akk-x-neoass:ri-ip-si=ripsu[vapour//haze]N'N$ripsi",
"f": {"lang": "akk-x-neoass",
"form": "ri-ip-si",
"cf": "ripsu",
"gw": "vapour",
"sense": "haze",
"norm": "ripsi",
"pos": "N",
"epos": "N"}
}
,
{
"node": "l",
"frag": "la",
"id": "P334530.l09657",
"ref": "P334530.23.3",
"inst": "lā[not]MOD",
"sig": "@saao/saa10%akk-x-neoass:la=lā[not//not]MOD'MOD$lā",
"f": {"lang": "akk-x-neoass",
"form": "la",
"cf": "lā",
"gw": "not",
"sense": "not",
"norm": "lā",
"pos": "MOD",
"epos": "MOD"}
}
,
{
"node": "l",
"frag": "ih-hi-kim",
"id": "P334530.l09658",
"ref": "P334530.23.4",
"inst": "+hakāmu[understand//be(come) recognized]V'V$ihhikim",
"sig": "@saao/saa10%akk-x-neoass:ih-hi-kim=hakāmu[understand//be(come) recognized]V'V$ihhikim",
"f": {"lang": "akk-x-neoass",
"form": "ih-hi-kim",
"cf": "hakāmu",
"gw": "understand",
"sense": "be(come) recognized",
"norm": "ihhikim",
"pos": "V",
"epos": "V"}
}
,
{
"node": "d",
"type": "line-start",
"ref": "P334530.24",
"n": "4",
"label": "r 4"}
,
{
"node": "l",
"frag": "iq-ṭi-bi-i-u",
"id": "P334530.l09659",
"ref": "P334530.24.1",
"inst": "+qabû[say]V$iqṭibiʾu",
"sig": "@saao/saa10%akk-x-neoass:iq-ṭi-bi-i-u=qabû[say//say]V'V$iqṭibiʾu",
"f": {"lang": "akk-x-neoass",
"form": "iq-ṭi-bi-i-u",
"cf": "qabû",
"gw": "say",
"sense": "say",
"norm": "iqṭibiʾu",
"pos": "V",
"epos": "V"}
}
,
{
"node": "l",
"frag": "ma-a",
"id": "P334530.l0965a",
"ref": "P334530.24.2",
"inst": "mā[saying]PRP",
"sig": "@saao/saa10%akk-x-neoass:ma-a=mā[saying//saying]PRP'PRP$mā",
"f": {"lang": "akk-x-neoass",
"form": "ma-a",
"cf": "mā",
"gw": "saying",
"sense": "saying",
"norm": "mā",
"pos": "PRP",
"epos": "PRP"}
}
,
{
"node": "d",
"type": "line-start",
"ref": "P334530.25",
"n": "5",
"label": "r 5"}
,
{
"node": "l",
"frag": "ina",
"id": "P334530.l0965b",
"ref": "P334530.25.1",
"inst": "ina[in]PRP",
"sig": "@saao/saa10%akk-x-neoass:ina=ina[in//in]PRP'PRP$ina",
"f": {"lang": "akk-x-neoass",
"form": "ina",
"cf": "ina",
"gw": "in",
"sense": "in",
"norm": "ina",
"pos": "PRP",
"epos": "PRP"}
}
,
{
"node": "l",
"frag": "KASKAL",
"id": "P334530.l0965c",
"ref": "P334530.25.2",
"inst": "harrān[path]N",
"sig": "@saao/saa10%akk-x-neoass:KASKAL=harrānu[way//path]N'N$harrān",
"f": {"lang": "akk-x-neoass",
"form": "KASKAL",
"cf": "harrānu",
"gw": "way",
"sense": "path",
"norm": "harrān",
"pos": "N",
"epos": "N"}
}
,
{
"node": "l",
"frag": "šu-ut",
"id": "P334530.l0965d",
"ref": "P334530.25.3",
"inst": "šūt[of]'DET",
"sig": "@saao/saa10%akk-x-neoass:šu-ut=šūt[who//of]REL'DET$šūt",
"f": {"lang": "akk-x-neoass",
"form": "šu-ut",
"cf": "šūt",
"gw": "who",
"sense": "of",
"norm": "šūt",
"pos": "REL",
"epos": "DET"}
}
,
{
"node": "l",
"frag": "{d}a-nim",
"id": "P334530.l0965e",
"ref": "P334530.25.4",
"inst": "Ani[1]DN",
"sig": "@saao/saa10%akk-x-neoass:{d}a-nim=Anu[1//1]DN'DN$Ani",
"f": {"lang": "akk-x-neoass",
"form": "{d}a-nim",
"cf": "Anu",
"gw": "1",
"sense": "1",
"norm": "Ani",
"pos": "DN",
"epos": "DN"}
}
,
{
"node": "l",
"frag": "šu-u₂",
"id": "P334530.l0965f",
"ref": "P334530.25.5",
"inst": "šû[it]IP",
"sig": "@saao/saa10%akk-x-neoass:šu-u₂=šū[he//it]IP'IP$šû",
"f": {"lang": "akk-x-neoass",
"form": "šu-u₂",
"cf": "šū",
"gw": "he",
"sense": "it",
"norm": "šû",
"pos": "IP",
"epos": "IP"}
}
,
{
"node": "d",
"type": "line-start",
"ref": "P334530.26",
"n": "6",
"label": "r 6"}
,
{
"node": "l",
"frag": "pi-šir₃-šu₂",
"id": "P334530.l09660",
"ref": "P334530.26.1",
"inst": "piširšu[interpretation]N",
"sig": "@saao/saa10%akk-x-neoass:pi-šir₃-šu₂=pišru[release//interpretation]N'N$piširšu",
"f": {"lang": "akk-x-neoass",
"form": "pi-šir₃-šu₂",
"cf": "pišru",
"gw": "release",
"sense": "interpretation",
"norm": "piširšu",
"pos": "N",
"epos": "N"}
}
,
{
"node": "l",
"frag": "a-na",
"id": "P334530.l09661",
"ref": "P334530.26.2",
"inst": "ana[to]PRP",
"sig": "@saao/saa10%akk-x-neoass:a-na=ana[to//to]PRP'PRP$ana",
"f": {"lang": "akk-x-neoass",
"form": "a-na",
"cf": "ana",
"gw": "to",
"sense": "to",
"norm": "ana",
"pos": "PRP",
"epos": "PRP"}
}
,
{
"node": "l",
"frag": "MAN",
"id": "P334530.l09662",
"ref": "P334530.26.3",
"inst": "šarri[king]N",
"sig": "@saao/saa10%akk-x-neoass:MAN=šarru[king//king]N'N$šarri",
"f": {"lang": "akk-x-neoass",
"form": "MAN",
"cf": "šarru",
"gw": "king",
"sense": "king",
"norm": "šarri",
"pos": "N",
"epos": "N"}
}
,
{
"node": "l",
"frag": "EN-ia₂",
"id": "P334530.l09663",
"ref": "P334530.26.4",
"inst": "bēlīya[lord]N",
"sig": "@saao/saa10%akk-x-neoass:EN-ia₂=bēlu[lord//lord]N'N$bēlīya",
"f": {"lang": "akk-x-neoass",
"form": "EN-ia₂",
"cf": "bēlu",
"gw": "lord",
"sense": "lord",
"norm": "bēlīya",
"pos": "N",
"epos": "N"}
}
,
{
"node": "d",
"type": "line-start",
"ref": "P334530.27",
"n": "7",
"label": "r 7"}
,
{
"node": "l",
"frag": "a-sap-ra",
"id": "P334530.l09664",
"ref": "P334530.27.1",
"inst": "assapra[send]V",
"sig": "@saao/saa10%akk-x-neoass:a-sap-ra=šapāru[send//send]V'V$assapra",
"f": {"lang": "akk-x-neoass",
"form": "a-sap-ra",
"cf": "šapāru",
"gw": "send",
"sense": "send",
"norm": "assapra",
"pos": "V",
"epos": "V"}
}
,
{
"node": "l",
"frag": "u₂-ma-a",
"id": "P334530.l09665",
"ref": "P334530.27.2",
"inst": "ūmâ[now]AV",
"sig": "@saao/saa10%akk-x-neoass:u₂-ma-a=ūma[today//now]AV'AV$ūmâ",
"f": {"lang": "akk-x-neoass",
"form": "u₂-ma-a",
"cf": "ūma",
"gw": "today",
"sense": "now",
"norm": "ūmâ",
"pos": "AV",
"epos": "AV"}
}
,
{
"node": "d",
"type": "line-start",
"ref": "P334530.28",
"n": "8",
"label": "r 8"}
,
{
"node": "l",
"frag": "it-tan-ta-ha",
"id": "P334530.l09666",
"ref": "P334530.28.1",
"inst": "+matāhu[lift//rise]V'V$ittantāha",
"sig": "@saao/saa10%akk-x-neoass:it-tan-ta-ha=matāhu[lift//rise]V'V$ittantāha",
"f": {"lang": "akk-x-neoass",
"form": "it-tan-ta-ha",
"cf": "matāhu",
"gw": "lift",
"sense": "rise",
"norm": "ittantāha",
"pos": "V",
"epos": "V"}
}
,
{
"node": "l",
"frag": "it-tah-kim",
"id": "P334530.l09667",
"ref": "P334530.28.2",
"inst": "+hakāmu[understand//be(come) recognized]V'V$ittahkim",
"sig": "@saao/saa10%akk-x-neoass:it-tah-kim=hakāmu[understand//be(come) recognized]V'V$ittahkim",
"f": {"lang": "akk-x-neoass",
"form": "it-tah-kim",
"cf": "hakāmu",
"gw": "understand",
"sense": "be(come) recognized",
"norm": "ittahkim",
"pos": "V",
"epos": "V"}
}
,
{
"node": "d",
"type": "line-start",
"ref": "P334530.29",
"n": "9",
"label": "r 9"}
,
{
"node": "l",
"frag": "šap-la",
"id": "P334530.l09668",
"ref": "P334530.29.1",
"inst": "šapla[under]'PRP",
"sig": "@saao/saa10%akk-x-neoass:šap-la=šaplu[underside//under]N'PRP$šapla",
"f": {"lang": "akk-x-neoass",
"form": "šap-la",
"cf": "šaplu",
"gw": "underside",
"sense": "under",
"norm": "šapla",
"pos": "N",
"epos": "PRP"}
}
,
{
"node": "l",
"frag": "{mul}{giš}GIGIR",
"id": "P334530.l09669",
"ref": "P334530.29.2",
"inst": "+Narkabtu['Chariot' (the constellation Auriga)]CN$Narkabti",
"sig": "@saao/saa10%akk-x-neoass:{MUL}{GIŠ}GIGIR=Narkabtu['Chariot' (the constellation Auriga)//'Chariot' (the constellation Auriga)]CN'CN$Narkabti",
"f": {"lang": "akk-x-neoass",
"form": "{MUL}{GIŠ}GIGIR",
"cf": "Narkabtu",
"gw": "'Chariot' (the constellation Auriga)",
"sense": "'Chariot' (the constellation Auriga)",
"norm": "Narkabti",
"pos": "CN",
"epos": "CN"}
}
,
{
"node": "d",
"type": "line-start",
"ref": "P334530.30",
"n": "10",
"label": "r 10"}
,
{
"node": "l",
"frag": "ina",
"id": "P334530.l0966a",
"ref": "P334530.30.1",
"inst": "ina[in]PRP",
"sig": "@saao/saa10%akk-x-neoass:ina=ina[in//in]PRP'PRP$ina",
"f": {"lang": "akk-x-neoass",
"form": "ina",
"cf": "ina",
"gw": "in",
"sense": "in",
"norm": "ina",
"pos": "PRP",
"epos": "PRP"}
}
,
{
"node": "l",
"frag": "KASKAL",
"id": "P334530.l0966b",
"ref": "P334530.30.2",
"inst": "harrān[path]N",
"sig": "@saao/saa10%akk-x-neoass:KASKAL=harrānu[way//path]N'N$harrān",
"f": {"lang": "akk-x-neoass",
"form": "KASKAL",
"cf": "harrānu",
"gw": "way",
"sense": "path",
"norm": "harrān",
"pos": "N",
"epos": "N"}
}
,
{
"node": "l",
"frag": "šu-ut",
"id": "P334530.l0966c",
"ref": "P334530.30.3",
"inst": "šūt[of]'DET",
"sig": "@saao/saa10%akk-x-neoass:šu-ut=šūt[who//of]REL'DET$šūt",
"f": {"lang": "akk-x-neoass",
"form": "šu-ut",
"cf": "šūt",
"gw": "who",
"sense": "of",
"norm": "šūt",
"pos": "REL",
"epos": "DET"}
}
,
{
"node": "l",
"frag": "{d}EN.LIL₂",
"id": "P334530.l0966d",
"ref": "P334530.30.4",
"inst": "Enlil[1]DN",
"sig": "@saao/saa10%akk-x-neoass:{d}EN.LIL₂=Enlil[1//1]DN'DN$Enlil",
"f": {"lang": "akk-x-neoass",
"form": "{d}EN.LIL₂",
"cf": "Enlil",
"gw": "1",
"sense": "1",
"norm": "Enlil",
"pos": "DN",
"epos": "DN"}
}
,
{
"node": "l",
"frag": "iz-za-az",
"id": "P334530.l0966e",
"ref": "P334530.30.5",
"inst": "izzaz[stand]V",
"sig": "@saao/saa10%akk-x-neoass:iz-za-az=izuzzu[stand//stand]V'V$izzaz",
"f": {"lang": "akk-x-neoass",
"form": "iz-za-az",
"cf": "izuzzu",
"gw": "stand",
"sense": "stand",
"norm": "izzaz",
"pos": "V",
"epos": "V"}
}
,
{
"node": "d",
"type": "line-start",
"ref": "P334530.31",
"n": "11",
"label": "r 11"}
,
{
"node": "l",
"frag": "a-na",
"id": "P334530.l0966f",
"ref": "P334530.31.1",
"inst": "ana[to]PRP",
"sig": "@saao/saa10%akk-x-neoass:a-na=ana[to//to]PRP'PRP$ana",
"f": {"lang": "akk-x-neoass",
"form": "a-na",
"cf": "ana",
"gw": "to",
"sense": "to",
"norm": "ana",
"pos": "PRP",
"epos": "PRP"}
}
,
{
"node": "l",
"frag": "{mul}{giš}GIGIR",
"id": "P334530.l09670",
"ref": "P334530.31.2",
"inst": "Narkabti['Chariot' (the constellation Auriga)]CN",
"sig": "@saao/saa10%akk-x-neoass:{MUL}{GIŠ}GIGIR=Narkabtu['Chariot' (the constellation Auriga)//'Chariot' (the constellation Auriga)]CN'CN$Narkabti",
"f": {"lang": "akk-x-neoass",
"form": "{MUL}{GIŠ}GIGIR",
"cf": "Narkabtu",
"gw": "'Chariot' (the constellation Auriga)",
"sense": "'Chariot' (the constellation Auriga)",
"norm": "Narkabti",
"pos": "CN",
"epos": "CN"}
}
,
{
"node": "l",
"frag": "lu-u",
"id": "P334530.l09671",
"ref": "P334530.31.3",
"inst": "lū[may]MOD",
"sig": "@saao/saa10%akk-x-neoass:lu-u=lū[may//may]MOD'MOD$lū",
"f": {"lang": "akk-x-neoass",
"form": "lu-u",
"cf": "lū",
"gw": "may",
"sense": "may",
"norm": "lū",
"pos": "MOD",
"epos": "MOD"}
}
,
{
"node": "l",
"frag": "ik-ri-im",
"id": "P334530.l09672",
"ref": "P334530.31.4",
"inst": "+karāmu[grasp//(meaning uncertain)]V'V$ikrim",
"sig": "@saao/saa10%akk-x-neoass:ik-ri-im=karāmu[grasp//(meaning uncertain)]V'V$ikrim",
"f": {"lang": "akk-x-neoass",
"form": "ik-ri-im",
"cf": "karāmu",
"gw": "grasp",
"sense": "(meaning uncertain)",
"norm": "ikrim",
"pos": "V",
"epos": "V"}
}
,
{
"node": "d",
"type": "line-start",
"ref": "P334530.32",
"n": "12",
"label": "r 12"}
,
{
"node": "l",
"frag": "pi-šir₃-šu₂",
"id": "P334530.l09673",
"ref": "P334530.32.1",
"inst": "piširšu[interpretation]N",
"sig": "@saao/saa10%akk-x-neoass:pi-šir₃-šu₂=pišru[release//interpretation]N'N$piširšu",
"f": {"lang": "akk-x-neoass",
"form": "pi-šir₃-šu₂",
"cf": "pišru",
"gw": "release",
"sense": "interpretation",
"norm": "piširšu",
"pos": "N",
"epos": "N"}
}
,
{
"node": "l",
"frag": "uk-ta-ta-la-ma",
"id": "P334530.l09674",
"ref": "P334530.32.2",
"inst": "+kullu[hold//remain]V'V$uktatallāma",
"sig": "@saao/saa10%akk-x-neoass:uk-ta-ta-la-ma=kullu[hold//remain]V'V$uktatallāma",
"f": {"lang": "akk-x-neoass",
"form": "uk-ta-ta-la-ma",
"cf": "kullu",
"gw": "hold",
"sense": "remain",
"norm": "uktatallāma",
"pos": "V",
"epos": "V"}
}
,
{
"node": "d",
"type": "line-start",
"ref": "P334530.33",
"n": "13",
"label": "r 13"}
,
{
"node": "l",
"frag": "u₃",
"id": "P334530.l09675",
"ref": "P334530.33.1",
"inst": "u[and]CNJ",
"sig": "@saao/saa10%akk-x-neoass:u₃=u[and//and]CNJ'CNJ$u",
"f": {"lang": "akk-x-neoass",
"form": "u₃",
"cf": "u",
"gw": "and",
"sense": "and",
"norm": "u",
"pos": "CNJ",
"epos": "CNJ"}
}
,
{
"node": "l",
"frag": "pi-šir₃-šu₂",
"id": "P334530.l09676",
"ref": "P334530.33.2",
"inst": "piširšu[interpretation]N",
"sig": "@saao/saa10%akk-x-neoass:pi-šir₃-šu₂=pišru[release//interpretation]N'N$piširšu",
"f": {"lang": "akk-x-neoass",
"form": "pi-šir₃-šu₂",
"cf": "pišru",
"gw": "release",
"sense": "interpretation",
"norm": "piširšu",
"pos": "N",
"epos": "N"}
}
,
{
"node": "l",
"frag": "ša",
"id": "P334530.l09677",
"ref": "P334530.33.3",
"inst": "ša[of]DET",
"sig": "@saao/saa10%akk-x-neoass:ša=ša[of//of]DET'DET$ša",
"f": {"lang": "akk-x-neoass",
"form": "ša",
"cf": "ša",
"gw": "of",
"sense": "of",
"norm": "ša",
"pos": "DET",
"epos": "DET"}
}
,
{
"node": "l",
"frag": "{mul}SAG.ME.GAR",
"id": "P334530.l09678",
"ref": "P334530.33.4",
"inst": "Sagmegar[Jupiter]CN",
"sig": "@saao/saa10%akk-x-neoass:{MUL}SAG.ME.GAR=Sagmegar[Jupiter//Jupiter]CN'CN$Sagmegar",
"f": {"lang": "akk-x-neoass",
"form": "{MUL}SAG.ME.GAR",
"cf": "Sagmegar",
"gw": "Jupiter",
"sense": "Jupiter",
"norm": "Sagmegar",
"pos": "CN",
"epos": "CN"}
}
,
{
"node": "d",
"type": "line-start",
"ref": "P334530.34",
"n": "14",
"label": "r 14"}
,
{
"node": "l",
"frag": "ša",
"id": "P334530.l09679",
"ref": "P334530.34.1",
"inst": "ša[which]REL",
"sig": "@saao/saa10%akk-x-neoass:ša=ša[that//those which]REL'REL$ša",
"f": {"lang": "akk-x-neoass",
"form": "ša",
"cf": "ša",
"gw": "that",
"sense": "those which",
"norm": "ša",
"pos": "REL",
"epos": "REL"}
}
,
{
"node": "l",
"frag": "ina",
"id": "P334530.l0967a",
"ref": "P334530.34.2",
"inst": "ina[in]PRP",
"sig": "@saao/saa10%akk-x-neoass:ina=ina[in//in]PRP'PRP$ina",
"f": {"lang": "akk-x-neoass",
"form": "ina",
"cf": "ina",
"gw": "in",
"sense": "in",
"norm": "ina",
"pos": "PRP",
"epos": "PRP"}
}
,
{
"node": "l",
"frag": "KASKAL",
"id": "P334530.l0967b",
"ref": "P334530.34.3",
"inst": "harrān[path]N",
"sig": "@saao/saa10%akk-x-neoass:KASKAL=harrānu[way//path]N'N$harrān",
"f": {"lang": "akk-x-neoass",
"form": "KASKAL",
"cf": "harrānu",
"gw": "way",
"sense": "path",
"norm": "harrān",
"pos": "N",
"epos": "N"}
}
,
{
"node": "l",
"frag": "šu-ut",
"id": "P334530.l0967c",
"ref": "P334530.34.4",
"inst": "šūt[of]'DET",
"sig": "@saao/saa10%akk-x-neoass:šu-ut=šūt[who//of]REL'DET$šūt",
"f": {"lang": "akk-x-neoass",
"form": "šu-ut",
"cf": "šūt",
"gw": "who",
"sense": "of",
"norm": "šūt",
"pos": "REL",
"epos": "DET"}
}
,
{
"node": "l",
"frag": "{d}a-nim",
"id": "P334530.l0967d",
"ref": "P334530.34.5",
"inst": "Ani[1]DN",
"sig": "@saao/saa10%akk-x-neoass:{d}a-nim=Anu[1//1]DN'DN$Ani",
"f": {"lang": "akk-x-neoass",
"form": "{d}a-nim",
"cf": "Anu",
"gw": "1",
"sense": "1",
"norm": "Ani",
"pos": "DN",
"epos": "DN"}
}
,
{
"node": "d",
"type": "line-start",
"ref": "P334530.35",
"n": "15",
"label": "r 15"}
,
{
"node": "l",
"frag": "ša",
"id": "P334530.l0967e",
"ref": "P334530.35.1",
"inst": "ša[which]REL",
"sig": "@saao/saa10%akk-x-neoass:ša=ša[that//those which]REL'REL$ša",
"f": {"lang": "akk-x-neoass",
"form": "ša",
"cf": "ša",
"gw": "that",
"sense": "those which",
"norm": "ša",
"pos": "REL",
"epos": "REL"}
}
,
{
"node": "l",
"frag": "ina",
"id": "P334530.l0967f",
"ref": "P334530.35.2",
"inst": "ina[in]PRP",
"sig": "@saao/saa10%akk-x-neoass:ina=ina[in//in]PRP'PRP$ina",
"f": {"lang": "akk-x-neoass",
"form": "ina",
"cf": "ina",
"gw": "in",
"sense": "in",
"norm": "ina",
"pos": "PRP",
"epos": "PRP"}
}
,
{
"node": "l",
"frag": "pa-ni-ti",
"id": "P334530.l09680",
"ref": "P334530.35.3",
"inst": "pānīti[previously]'AV",
"sig": "@saao/saa10%akk-x-neoass:pa-ni-ti=pānītu[earlier time//previously]N'AV$pānīti",
"f": {"lang": "akk-x-neoass",
"form": "pa-ni-ti",
"cf": "pānītu",
"gw": "earlier time",
"sense": "previously",
"norm": "pānīti",
"pos": "N",
"epos": "AV"}
}
,
{
"node": "l",
"frag": "a-na",
"id": "P334530.l09681",
"ref": "P334530.35.4",
"inst": "ana[to]PRP",
"sig": "@saao/saa10%akk-x-neoass:a-na=ana[to//to]PRP'PRP$ana",
"f": {"lang": "akk-x-neoass",
"form": "a-na",
"cf": "ana",
"gw": "to",
"sense": "to",
"norm": "ana",
"pos": "PRP",
"epos": "PRP"}
}
,
{
"node": "l",
"frag": "MAN",
"id": "P334530.l09682",
"ref": "P334530.35.5",
"inst": "šarri[king]N",
"sig": "@saao/saa10%akk-x-neoass:MAN=šarru[king//king]N'N$šarri",
"f": {"lang": "akk-x-neoass",
"form": "MAN",
"cf": "šarru",
"gw": "king",
"sense": "king",
"norm": "šarri",
"pos": "N",
"epos": "N"}
}
,
{
"node": "l",
"frag": "EN-ia₂",
"id": "P334530.l09683",
"ref": "P334530.35.6",
"inst": "bēlīya[lord]N",
"sig": "@saao/saa10%akk-x-neoass:EN-ia₂=bēlu[lord//lord]N'N$bēlīya",
"f": {"lang": "akk-x-neoass",
"form": "EN-ia₂",
"cf": "bēlu",
"gw": "lord",
"sense": "lord",
"norm": "bēlīya",
"pos": "N",
"epos": "N"}
}
,
{
"node": "d",
"subtype": "right",
"type": "surface",
"ref": "P334530.r.e..36",
"type": "right",
"label": "r.e."}
,
{
"node": "d",
"type": "line-start",
"ref": "P334530.37",
"n": "16",
"label": "r.e. 16"}
,
{
"node": "l",
"frag": "aš₂-pur-an-ni",
"id": "P334530.l09684",
"ref": "P334530.37.1",
"inst": "ašpuranni[write]V",
"sig": "@saao/saa10%akk-x-neoass:aš₂-pur-an-ni=šapāru[send//write]V'V$ašpuranni",
"f": {"lang": "akk-x-neoass",
"form": "aš₂-pur-an-ni",
"cf": "šapāru",
"gw": "send",
"sense": "write",
"norm": "ašpuranni",
"pos": "V",
"epos": "V"}
}
,
{
"node": "d",
"type": "line-start",
"ref": "P334530.38",
"n": "17",
"label": "r.e. 17"}
,
{
"node": "l",
"frag": "la",
"id": "P334530.l09685",
"ref": "P334530.38.1",
"inst": "lā[not]MOD",
"sig": "@saao/saa10%akk-x-neoass:la=lā[not//not]MOD'MOD$lā",
"f": {"lang": "akk-x-neoass",
"form": "la",
"cf": "lā",
"gw": "not",
"sense": "not",
"norm": "lā",
"pos": "MOD",
"epos": "MOD"}
}
,
{
"node": "l",
"frag": "uk-ta-ta-la",
"id": "P334530.l09686",
"ref": "P334530.38.2",
"inst": "+kullu[hold//remain]V'V$uktatalla",
"sig": "@saao/saa10%akk-x-neoass:uk-ta-ta-la=kullu[hold//remain]V'V$uktatalla",
"f": {"lang": "akk-x-neoass",
"form": "uk-ta-ta-la",
"cf": "kullu",
"gw": "hold",
"sense": "remain",
"norm": "uktatalla",
"pos": "V",
"epos": "V"}
}
,
{
"node": "d",
"type": "line-start",
"ref": "P334530.39",
"n": "18",
"label": "r.e. 18"}
,
{
"node": "l",
"frag": "MAN",
"id": "P334530.l09687",
"ref": "P334530.39.1",
"inst": "šarru[king]N",
"sig": "@saao/saa10%akk-x-neoass:MAN=šarru[king//king]N'N$šarru",
"f": {"lang": "akk-x-neoass",
"form": "MAN",
"cf": "šarru",
"gw": "king",
"sense": "king",
"norm": "šarru",
"pos": "N",
"epos": "N"}
}
,
{
"node": "l",
"frag": "be-li₂",
"id": "P334530.l09688",
"ref": "P334530.39.2",
"inst": "bēlī[lord]N",
"sig": "@saao/saa10%akk-x-neoass:be-li₂=bēlu[lord//lord]N'N$bēlī",
"f": {"lang": "akk-x-neoass",
"form": "be-li₂",
"cf": "bēlu",
"gw": "lord",
"sense": "lord",
"norm": "bēlī",
"pos": "N",
"epos": "N"}
}
,
{
"node": "l",
"frag": "lu-u",
"id": "P334530.l09689",
"ref": "P334530.39.3",
"inst": "lū[may]MOD",
"sig": "@saao/saa10%akk-x-neoass:lu-u=lū[may//may]MOD'MOD$lū",
"f": {"lang": "akk-x-neoass",
"form": "lu-u",
"cf": "lū",
"gw": "may",
"sense": "may",
"norm": "lū",
"pos": "MOD",
"epos": "MOD"}
}
,
{
"node": "l",
"frag": "u₂-di",
"id": "P334530.l0968a",
"ref": "P334530.39.4",
"inst": "ūdi[know]V",
"sig": "@saao/saa10%akk-x-neoass:u₂-di=wadû[know//know]V'V$ūdi",
"f": {"lang": "akk-x-neoass",
"form": "u₂-di",
"cf": "wadû",
"gw": "know",
"sense": "know",
"norm": "ūdi",
"pos": "V",
"epos": "V"}
}
]}
]}
]}
]}
