{
"type": "cdl",
  "source": "http://oracc.org/saao/saa10",
  "license": "This data is released under the CC0 license",
  "license-url": "https://creativecommons.org/publicdomain/zero/1.0/",
  "more-info": "http://oracc.org/doc/opendata/",
  "UTC-timestamp": "2017-05-19T11:43:06",
"project": "saao/saa10",
"textid": "P336679",
"cdl": [
{
"node": "c",
"type": "text",
"id": "P336679.U0",
"cdl": [
{
"node": "d",
"type": "object",
"ref": ""}
,
{
"node": "d",
"subtype": "obverse",
"type": "surface",
"ref": "P336679.o.1",
"type": "obverse",
"label": "o"}
,
{
"node": "c",
"type": "discourse",
"subtype": "body",
"id": "P336679.U1",
"cdl": [
{
"node": "c",
"type": "sentence",
"id": "P336679.U2",
"label": "o 1 - r 17",
"cdl": [
{
"node": "d",
"type": "line-start",
"ref": "P336679.2",
"n": "1",
"label": "o 1"}
,
{
"node": "l",
"frag": "a-⸢na⸣",
"id": "P336679.l0142f",
"ref": "P336679.2.1",
"inst": "ana[to]PRP",
"sig": "@saao/saa10%akk-x-neoass:a-na=ana[to//to]PRP'PRP$ana",
"f": {"lang": "akk-x-neoass",
"form": "a-na",
"cf": "ana",
"gw": "to",
"sense": "to",
"norm": "ana",
"pos": "PRP",
"epos": "PRP"}
}
,
{
"node": "l",
"frag": "LUGAL",
"id": "P336679.l01430",
"ref": "P336679.2.2",
"inst": "šarri[king]N",
"sig": "@saao/saa10%akk-x-neoass:LUGAL=šarru[king//king]N'N$šarri",
"f": {"lang": "akk-x-neoass",
"form": "LUGAL",
"cf": "šarru",
"gw": "king",
"sense": "king",
"norm": "šarri",
"pos": "N",
"epos": "N"}
}
,
{
"node": "l",
"frag": "⸢EN⸣-[ni]",
"id": "P336679.l01431",
"ref": "P336679.2.3",
"inst": "bēlīni[lord]N",
"sig": "@saao/saa10%akk-x-neoass:EN-ni=bēlu[lord//lord]N'N$bēlīni",
"f": {"lang": "akk-x-neoass",
"form": "EN-ni",
"cf": "bēlu",
"gw": "lord",
"sense": "lord",
"norm": "bēlīni",
"pos": "N",
"epos": "N"}
}
,
{
"node": "d",
"type": "line-start",
"ref": "P336679.3",
"n": "2",
"label": "o 2"}
,
{
"node": "l",
"frag": "ARAD-[MEŠ]-ka",
"id": "P336679.l01432",
"ref": "P336679.3.1",
"inst": "urdānīka[servant]N",
"sig": "@saao/saa10%akk-x-neoass:ARAD-MEŠ-ka=ardu[slave//servant]N'N$urdānīka",
"f": {"lang": "akk-x-neoass",
"form": "ARAD-MEŠ-ka",
"cf": "ardu",
"gw": "slave",
"sense": "servant",
"norm": "urdānīka",
"pos": "N",
"epos": "N"}
}
,
{
"node": "l",
"frag": "{1}ba-⸢la⸣-[si-i]",
"id": "P336679.l01433",
"ref": "P336679.3.2",
"inst": "Balasi[1]PN",
"sig": "@saao/saa10%akk-x-neoass:{1}ba-la-si-i=Balasi[1//1]PN'PN$Balasi",
"f": {"lang": "akk-x-neoass",
"form": "{1}ba-la-si-i",
"cf": "Balasi",
"gw": "1",
"sense": "1",
"norm": "Balasi",
"pos": "PN",
"epos": "PN"}
}
,
{
"node": "d",
"type": "line-start",
"ref": "P336679.4",
"n": "3",
"label": "o 3"}
,
{
"node": "l",
"frag": "{1}ba-am-ma-a.a",
"id": "P336679.l01434",
"ref": "P336679.4.1",
"inst": "+Bamaya[]PN$Bammaya",
"sig": "@saao/saa10%akk-x-neoass:{1}ba-am-ma-a.a=Bamaya[1//1]PN'PN$Bammaya",
"f": {"lang": "akk-x-neoass",
"form": "{1}ba-am-ma-a.a",
"cf": "Bamaya",
"gw": "1",
"sense": "1",
"norm": "Bammaya",
"pos": "PN",
"epos": "PN"}
}
,
{
"node": "l",
"frag": "lu-u",
"id": "P336679.l01435",
"ref": "P336679.4.2",
"inst": "lū[may]MOD",
"sig": "@saao/saa10%akk-x-neoass:lu-u=lū[may//may]MOD'MOD$lū",
"f": {"lang": "akk-x-neoass",
"form": "lu-u",
"cf": "lū",
"gw": "may",
"sense": "may",
"norm": "lū",
"pos": "MOD",
"epos": "MOD"}
}
,
{
"node": "l",
"frag": "⸢DI⸣-[mu]",
"id": "P336679.l01436",
"ref": "P336679.4.3",
"inst": "šulmu[health]N",
"sig": "@saao/saa10%akk-x-neoass:DI-mu=šulmu[completeness//health]N'N$šulmu",
"f": {"lang": "akk-x-neoass",
"form": "DI-mu",
"cf": "šulmu",
"gw": "completeness",
"sense": "health",
"norm": "šulmu",
"pos": "N",
"epos": "N"}
}
,
{
"node": "d",
"type": "line-start",
"ref": "P336679.5",
"n": "4",
"label": "o 4"}
,
{
"node": "l",
"frag": "a-na",
"id": "P336679.l01437",
"ref": "P336679.5.1",
"inst": "ana[to]PRP",
"sig": "@saao/saa10%akk-x-neoass:a-na=ana[to//to]PRP'PRP$ana",
"f": {"lang": "akk-x-neoass",
"form": "a-na",
"cf": "ana",
"gw": "to",
"sense": "to",
"norm": "ana",
"pos": "PRP",
"epos": "PRP"}
}
,
{
"node": "l",
"frag": "⸢LUGAL⸣",
"id": "P336679.l01438",
"ref": "P336679.5.2",
"inst": "šarri[king]N",
"sig": "@saao/saa10%akk-x-neoass:LUGAL=šarru[king//king]N'N$šarri",
"f": {"lang": "akk-x-neoass",
"form": "LUGAL",
"cf": "šarru",
"gw": "king",
"sense": "king",
"norm": "šarri",
"pos": "N",
"epos": "N"}
}
,
{
"node": "l",
"frag": "EN-ni",
"id": "P336679.l01439",
"ref": "P336679.5.3",
"inst": "bēlīni[lord]N",
"sig": "@saao/saa10%akk-x-neoass:EN-ni=bēlu[lord//lord]N'N$bēlīni",
"f": {"lang": "akk-x-neoass",
"form": "EN-ni",
"cf": "bēlu",
"gw": "lord",
"sense": "lord",
"norm": "bēlīni",
"pos": "N",
"epos": "N"}
}
,
{
"node": "l",
"frag": "{d}AG",
"id": "P336679.l0143a",
"ref": "P336679.5.4",
"inst": "Nabu[1]DN",
"sig": "@saao/saa10%akk-x-neoass:{d}AG=Nabu[1//1]DN'DN$Nabu",
"f": {"lang": "akk-x-neoass",
"form": "{d}AG",
"cf": "Nabu",
"gw": "1",
"sense": "1",
"norm": "Nabu",
"pos": "DN",
"epos": "DN"}
}
,
{
"node": "l",
"frag": "{⸢d⸣}[AMAR.UTU]",
"id": "P336679.l0143b",
"ref": "P336679.5.5",
"inst": "Marduk[1]DN",
"sig": "@saao/saa10%akk-x-neoass:{d}AMAR.UTU=Marduk[1//1]DN'DN$Marduk",
"f": {"lang": "akk-x-neoass",
"form": "{d}AMAR.UTU",
"cf": "Marduk",
"gw": "1",
"sense": "1",
"norm": "Marduk",
"pos": "DN",
"epos": "DN"}
}
,
{
"node": "d",
"type": "line-start",
"ref": "P336679.6",
"n": "5",
"label": "o 5"}
,
{
"node": "l",
"frag": "a-na",
"id": "P336679.l0143c",
"ref": "P336679.6.1",
"inst": "ana[to]PRP",
"sig": "@saao/saa10%akk-x-neoass:a-na=ana[to//to]PRP'PRP$ana",
"f": {"lang": "akk-x-neoass",
"form": "a-na",
"cf": "ana",
"gw": "to",
"sense": "to",
"norm": "ana",
"pos": "PRP",
"epos": "PRP"}
}
,
{
"node": "l",
"frag": "LUGAL",
"id": "P336679.l0143d",
"ref": "P336679.6.2",
"inst": "šarri[king]N",
"sig": "@saao/saa10%akk-x-neoass:LUGAL=šarru[king//king]N'N$šarri",
"f": {"lang": "akk-x-neoass",
"form": "LUGAL",
"cf": "šarru",
"gw": "king",
"sense": "king",
"norm": "šarri",
"pos": "N",
"epos": "N"}
}
,
{
"node": "l",
"frag": "EN-ni",
"id": "P336679.l0143e",
"ref": "P336679.6.3",
"inst": "bēlīni[lord]N",
"sig": "@saao/saa10%akk-x-neoass:EN-ni=bēlu[lord//lord]N'N$bēlīni",
"f": {"lang": "akk-x-neoass",
"form": "EN-ni",
"cf": "bēlu",
"gw": "lord",
"sense": "lord",
"norm": "bēlīni",
"pos": "N",
"epos": "N"}
}
,
{
"node": "l",
"frag": "⸢lik⸣-[ru-bu]",
"id": "P336679.l0143f",
"ref": "P336679.6.4",
"inst": "likrubu[bless]V",
"sig": "@saao/saa10%akk-x-neoass:lik-ru-bu=karābu[pray//bless]V'V$likrubu",
"f": {"lang": "akk-x-neoass",
"form": "lik-ru-bu",
"cf": "karābu",
"gw": "pray",
"sense": "bless",
"norm": "likrubu",
"pos": "V",
"epos": "V"}
}
,
{
"node": "d",
"type": "line-start",
"ref": "P336679.7",
"n": "6",
"label": "o 6"}
,
{
"node": "l",
"frag": "⸢UD⸣",
"id": "P336679.l01440",
"ref": "P336679.7.1",
"inst": "ūm[day]N",
"sig": "@saao/saa10%akk-x-neoass:UD=ūmu[day//day]N'N$ūm",
"f": {"lang": "akk-x-neoass",
"form": "UD",
"cf": "ūmu",
"gw": "day",
"sense": "day",
"norm": "ūm",
"pos": "N",
"epos": "N"}
}
,
{
"node": "l",
"frag": "14-KAM₂",
"id": "P336679.l01441",
"ref": "P336679.7.2",
"inst": "n",
"f": {"lang": "akk-x-neoass",
"form": "14-KAM₂",
"pos": "n"}
}
,
{
"node": "l",
"frag": "{d}30",
"id": "P336679.l01442",
"ref": "P336679.7.3",
"inst": "Sin[1]DN",
"sig": "@saao/saa10%akk-x-neoass:{d}30=Sin[1//1]DN'DN$Sin",
"f": {"lang": "akk-x-neoass",
"form": "{d}30",
"cf": "Sin",
"gw": "1",
"sense": "1",
"norm": "Sin",
"pos": "DN",
"epos": "DN"}
}
,
{
"node": "l",
"frag": "u",
"id": "P336679.l01443",
"ref": "P336679.7.4",
"inst": "u[and]CNJ",
"sig": "@saao/saa10%akk-x-neoass:u=u[and//and]CNJ'CNJ$u",
"f": {"lang": "akk-x-neoass",
"form": "u",
"cf": "u",
"gw": "and",
"sense": "and",
"norm": "u",
"pos": "CNJ",
"epos": "CNJ"}
}
,
{
"node": "l",
"frag": "{d}UTU",
"id": "P336679.l01444",
"ref": "P336679.7.5",
"inst": "Šamaš[1]DN",
"sig": "@saao/saa10%akk-x-neoass:{d}UTU=Šamaš[1//1]DN'DN$Šamaš",
"f": {"lang": "akk-x-neoass",
"form": "{d}UTU",
"cf": "Šamaš",
"gw": "1",
"sense": "1",
"norm": "Šamaš",
"pos": "DN",
"epos": "DN"}
}
,
{
"node": "d",
"type": "line-start",
"ref": "P336679.8",
"n": "7",
"label": "o 7"}
,
{
"node": "l",
"frag": "⸢is-si",
"id": "P336679.l01445",
"ref": "P336679.8.1",
"inst": "+išti[with]PRP$issi",
"sig": "@saao/saa10%akk-x-neoass:is-si=išti[with//with]PRP'PRP$issi",
"f": {"lang": "akk-x-neoass",
"form": "is-si",
"cf": "išti",
"gw": "with",
"sense": "with",
"norm": "issi",
"pos": "PRP",
"epos": "PRP"}
}
,
{
"node": "l",
"frag": "a⸣-ha-mi₃-iš",
"id": "P336679.l01446",
"ref": "P336679.8.2",
"inst": "+ahāmiš[one another]PRP$",
"sig": "@saao/saa10%akk-x-neoass:a-ha-mi₃-iš=ahāmiš[one another//one another]PRP'PRP$ahāmiš",
"f": {"lang": "akk-x-neoass",
"form": "a-ha-mi₃-iš",
"cf": "ahāmiš",
"gw": "one another",
"sense": "one another",
"norm": "ahāmiš",
"pos": "PRP",
"epos": "PRP"}
}
,
{
"node": "d",
"type": "line-start",
"ref": "P336679.9",
"n": "8",
"label": "o 8"}
,
{
"node": "l",
"frag": "⸢it-ta-am-ru⸣",
"id": "P336679.l01447",
"ref": "P336679.9.1",
"inst": "+amāru[see//be(come) visible]V'V$ittamru",
"sig": "@saao/saa10%akk-x-neoass:it-ta-am-ru=amāru[see//be(come) visible]V'V$ittamru",
"f": {"lang": "akk-x-neoass",
"form": "it-ta-am-ru",
"cf": "amāru",
"gw": "see",
"sense": "be(come) visible",
"norm": "ittamru",
"pos": "V",
"epos": "V"}
}
,
{
"node": "l",
"frag": "ki-i",
"id": "P336679.l01448",
"ref": "P336679.9.2",
"inst": "kî[when]'SBJ",
"sig": "@saao/saa10%akk-x-neoass:ki-i=kī[like//when]PRP'SBJ$kî",
"f": {"lang": "akk-x-neoass",
"form": "ki-i",
"cf": "kī",
"gw": "like",
"sense": "when",
"norm": "kî",
"pos": "PRP",
"epos": "SBJ"}
}
,
{
"node": "l",
"frag": "⸢u₂⸣-di-ni",
"id": "P336679.l01449",
"ref": "P336679.9.3",
"inst": "udīni[yet]AV",
"sig": "@saao/saa10%akk-x-neoass:u₂-di-ni=udīni[up till now//yet]AV'AV$udīni",
"f": {"lang": "akk-x-neoass",
"form": "u₂-di-ni",
"cf": "udīni",
"gw": "up till now",
"sense": "yet",
"norm": "udīni",
"pos": "AV",
"epos": "AV"}
}
,
{
"node": "d",
"type": "line-start",
"ref": "P336679.10",
"n": "9",
"label": "o 9"}
,
{
"node": "l",
"frag": "e-gir₂-tu₂",
"id": "P336679.l0144a",
"ref": "P336679.10.1",
"inst": "egertu[letter]N",
"sig": "@saao/saa10%akk-x-neoass:e-gir₂-tu₂=egertu[inscribed tablet//letter]N'N$egertu",
"f": {"lang": "akk-x-neoass",
"form": "e-gir₂-tu₂",
"cf": "egertu",
"gw": "inscribed tablet",
"sense": "letter",
"norm": "egertu",
"pos": "N",
"epos": "N"}
}
,
{
"node": "l",
"frag": "ša",
"id": "P336679.l0144b",
"ref": "P336679.10.2",
"inst": "ša[of]DET",
"sig": "@saao/saa10%akk-x-neoass:ša=ša[of//of]DET'DET$ša",
"f": {"lang": "akk-x-neoass",
"form": "ša",
"cf": "ša",
"gw": "of",
"sense": "of",
"norm": "ša",
"pos": "DET",
"epos": "DET"}
}
,
{
"node": "l",
"frag": "LUGAL",
"id": "P336679.l0144c",
"ref": "P336679.10.3",
"inst": "šarri[king]N",
"sig": "@saao/saa10%akk-x-neoass:LUGAL=šarru[king//king]N'N$šarri",
"f": {"lang": "akk-x-neoass",
"form": "LUGAL",
"cf": "šarru",
"gw": "king",
"sense": "king",
"norm": "šarri",
"pos": "N",
"epos": "N"}
}
,
{
"node": "l",
"frag": "EN-ni",
"id": "P336679.l0144d",
"ref": "P336679.10.4",
"inst": "bēlīni[lord]N",
"sig": "@saao/saa10%akk-x-neoass:EN-ni=bēlu[lord//lord]N'N$bēlīni",
"f": {"lang": "akk-x-neoass",
"form": "EN-ni",
"cf": "bēlu",
"gw": "lord",
"sense": "lord",
"norm": "bēlīni",
"pos": "N",
"epos": "N"}
}
,
{
"node": "d",
"type": "line-start",
"ref": "P336679.11",
"n": "10",
"label": "o 10"}
,
{
"node": "l",
"frag": "la",
"id": "P336679.l0144e",
"ref": "P336679.11.1",
"inst": "lā[not]MOD",
"sig": "@saao/saa10%akk-x-neoass:la=lā[not//not]MOD'MOD$lā",
"f": {"lang": "akk-x-neoass",
"form": "la",
"cf": "lā",
"gw": "not",
"sense": "not",
"norm": "lā",
"pos": "MOD",
"epos": "MOD"}
}
,
{
"node": "l",
"frag": "ne₂-[mur]-u-ni",
"id": "P336679.l0144f",
"ref": "P336679.11.2",
"inst": "nēmurūni[see]V",
"sig": "@saao/saa10%akk-x-neoass:ne₂-mur-u-ni=amāru[see//see]V'V$nēmurūni",
"f": {"lang": "akk-x-neoass",
"form": "ne₂-mur-u-ni",
"cf": "amāru",
"gw": "see",
"sense": "see",
"norm": "nēmurūni",
"pos": "V",
"epos": "V"}
}
,
{
"node": "d",
"type": "line-start",
"ref": "P336679.12",
"n": "11",
"label": "o 11"}
,
{
"node": "l",
"frag": "⸢ma⸣-[ṣar]-⸢tu₂⸣",
"id": "P336679.l01450",
"ref": "P336679.12.1",
"inst": "maṣṣartu[watch]N",
"sig": "@saao/saa10%akk-x-neoass:ma-ṣar-tu₂=maṣṣartu[observation//watch]N'N$maṣṣartu",
"f": {"lang": "akk-x-neoass",
"form": "ma-ṣar-tu₂",
"cf": "maṣṣartu",
"gw": "observation",
"sense": "watch",
"norm": "maṣṣartu",
"pos": "N",
"epos": "N"}
}
,
{
"node": "l",
"frag": "ni-⸢ta⸣-ṣar",
"id": "P336679.l01451",
"ref": "P336679.12.2",
"inst": "nittaṣar[keep guard]V",
"sig": "@saao/saa10%akk-x-neoass:ni-ta-ṣar=naṣāru[guard//keep guard]V'V$nittaṣar",
"f": {"lang": "akk-x-neoass",
"form": "ni-ta-ṣar",
"cf": "naṣāru",
"gw": "guard",
"sense": "keep guard",
"norm": "nittaṣar",
"pos": "V",
"epos": "V"}
}
,
{
"node": "d",
"type": "line-start",
"ref": "P336679.13",
"n": "12",
"label": "o 12"}
,
{
"node": "l",
"frag": "⸢x⸣+[x",
"id": "P336679.l01452",
"ref": "P336679.13.1",
"inst": "u",
"f": {"lang": "akk-x-neoass",
"form": "x+x",
"pos": "u"}
}
,
{
"node": "l",
"frag": "x",
"id": "P336679.l01453",
"ref": "P336679.13.2",
"inst": "u",
"f": {"lang": "akk-x-neoass",
"form": "x",
"pos": "u"}
}
,
{
"node": "l",
"frag": "x]+⸢x⸣",
"id": "P336679.l01454",
"ref": "P336679.13.3",
"inst": "u",
"f": {"lang": "akk-x-neoass",
"form": "x+x",
"pos": "u"}
}
,
{
"node": "l",
"frag": "ni-sa-ṭar",
"id": "P336679.l01455",
"ref": "P336679.13.4",
"inst": "nissaṭar[write]V",
"sig": "@saao/saa10%akk-x-neoass:ni-sa-ṭar=šaṭāru[write//write]V'V$nissaṭar",
"f": {"lang": "akk-x-neoass",
"form": "ni-sa-ṭar",
"cf": "šaṭāru",
"gw": "write",
"sense": "write",
"norm": "nissaṭar",
"pos": "V",
"epos": "V"}
}
,
{
"node": "d",
"type": "line-start",
"ref": "P336679.14",
"n": "13",
"label": "o 13"}
,
{
"node": "l",
"frag": "a-na",
"id": "P336679.l01456",
"ref": "P336679.14.1",
"inst": "ana[to]PRP",
"sig": "@saao/saa10%akk-x-neoass:a-na=ana[to//to]PRP'PRP$ana",
"f": {"lang": "akk-x-neoass",
"form": "a-na",
"cf": "ana",
"gw": "to",
"sense": "to",
"norm": "ana",
"pos": "PRP",
"epos": "PRP"}
}
,
{
"node": "l",
"frag": "[x",
"id": "P336679.l01457",
"ref": "P336679.14.2",
"inst": "u",
"f": {"lang": "akk-x-neoass",
"form": "x",
"pos": "u"}
}
,
{
"node": "l",
"frag": "x",
"id": "P336679.l01458",
"ref": "P336679.14.3",
"inst": "u",
"f": {"lang": "akk-x-neoass",
"form": "x",
"pos": "u"}
}
,
{
"node": "l",
"frag": "x]",
"id": "P336679.l01459",
"ref": "P336679.14.4",
"inst": "u",
"f": {"lang": "akk-x-neoass",
"form": "x",
"pos": "u"}
}
,
{
"node": "l",
"frag": "ni-ti-din",
"id": "P336679.l0145a",
"ref": "P336679.14.5",
"inst": "nittidin[give]V",
"sig": "@saao/saa10%akk-x-neoass:ni-ti-din=tadānu[give//give]V'V$nittidin",
"f": {"lang": "akk-x-neoass",
"form": "ni-ti-din",
"cf": "tadānu",
"gw": "give",
"sense": "give",
"norm": "nittidin",
"pos": "V",
"epos": "V"}
}
,
{
"node": "d",
"type": "line-start",
"ref": "P336679.15",
"n": "14",
"label": "o 14"}
,
{
"node": "l",
"frag": "la",
"id": "P336679.l0145b",
"ref": "P336679.15.1",
"inst": "lā[not]MOD",
"sig": "@saao/saa10%akk-x-neoass:la=lā[not//not]MOD'MOD$lā",
"f": {"lang": "akk-x-neoass",
"form": "la",
"cf": "lā",
"gw": "not",
"sense": "not",
"norm": "lā",
"pos": "MOD",
"epos": "MOD"}
}
,
{
"node": "l",
"frag": "i-⸢x⸣+[x]",
"id": "P336679.l0145c",
"ref": "P336679.15.2",
"inst": "u",
"f": {"lang": "akk-x-neoass",
"form": "i-x+x",
"pos": "u"}
}
,
{
"node": "l",
"frag": "⸢x",
"id": "P336679.l0145d",
"ref": "P336679.15.3",
"inst": "u",
"f": {"lang": "akk-x-neoass",
"form": "x",
"pos": "u"}
}
,
{
"node": "l",
"frag": "har⸣",
"id": "P336679.l0145e",
"ref": "P336679.15.4",
"inst": "u",
"f": {"lang": "akk-x-neoass",
"form": "har",
"pos": "u"}
}
,
{
"node": "d",
"type": "line-start",
"ref": "P336679.16",
"n": "15",
"label": "o 15"}
,
{
"node": "l",
"frag": "pi-i",
"id": "P336679.l0145f",
"ref": "P336679.16.1",
"inst": "pî[mouth]N",
"sig": "@saao/saa10%akk-x-neoass:pi-i=pû[mouth//matter]N'N$pî",
"f": {"lang": "akk-x-neoass",
"form": "pi-i",
"cf": "pû",
"gw": "mouth",
"sense": "matter",
"norm": "pî",
"pos": "N",
"epos": "N"}
}
,
{
"node": "l",
"frag": "⸢x",
"id": "P336679.l01460",
"ref": "P336679.16.2",
"inst": "u",
"f": {"lang": "akk-x-neoass",
"form": "x",
"pos": "u"}
}
,
{
"node": "l",
"frag": "x",
"id": "P336679.l01461",
"ref": "P336679.16.3",
"inst": "u",
"f": {"lang": "akk-x-neoass",
"form": "x",
"pos": "u"}
}
,
{
"node": "l",
"frag": "x",
"id": "P336679.l01462",
"ref": "P336679.16.4",
"inst": "u",
"f": {"lang": "akk-x-neoass",
"form": "x",
"pos": "u"}
}
,
{
"node": "l",
"frag": "x⸣",
"id": "P336679.l01463",
"ref": "P336679.16.5",
"inst": "u",
"f": {"lang": "akk-x-neoass",
"form": "x",
"pos": "u"}
}
,
{
"node": "d",
"type": "line-start",
"ref": "P336679.17",
"n": "16",
"label": "o 16"}
,
{
"node": "l",
"frag": "nu-ṣa-⸢bit⸣",
"id": "P336679.l01464",
"ref": "P336679.17.1",
"inst": "+ṣabātu[seize]V$nuṣṣabbit",
"sig": "@saao/saa10%akk-x-neoass:nu-ṣa-bit=ṣabātu[seize//seize]V'V$nuṣṣabbit",
"f": {"lang": "akk-x-neoass",
"form": "nu-ṣa-bit",
"cf": "ṣabātu",
"gw": "seize",
"sense": "seize",
"norm": "nuṣṣabbit",
"pos": "V",
"epos": "V"}
}
,
{
"node": "l",
"frag": "an-nu-⸢rig⸣",
"id": "P336679.l01465",
"ref": "P336679.17.2",
"inst": "annurig[now]AV",
"sig": "@saao/saa10%akk-x-neoass:an-nu-rig=annûri[now//now]AV'AV$annurig",
"f": {"lang": "akk-x-neoass",
"form": "an-nu-rig",
"cf": "annûri",
"gw": "now",
"sense": "now",
"norm": "annurig",
"pos": "AV",
"epos": "AV"}
}
,
{
"node": "d",
"type": "line-start",
"ref": "P336679.18",
"n": "17",
"label": "o 17"}
,
{
"node": "l",
"frag": "ta-mar-tu₂",
"id": "P336679.l01466",
"ref": "P336679.18.1",
"inst": "+tāmartu[view(ing)//appearance]N'N$",
"sig": "@saao/saa10%akk-x-neoass:ta-mar-tu₂=tāmartu[view(ing)//appearance]N'N$tāmartu",
"f": {"lang": "akk-x-neoass",
"form": "ta-mar-tu₂",
"cf": "tāmartu",
"gw": "view(ing)",
"sense": "appearance",
"norm": "tāmartu",
"pos": "N",
"epos": "N"}
}
,
{
"node": "l",
"frag": "ša",
"id": "P336679.l01467",
"ref": "P336679.18.2",
"inst": "ša[of]DET",
"sig": "@saao/saa10%akk-x-neoass:ša=ša[of//of]DET'DET$ša",
"f": {"lang": "akk-x-neoass",
"form": "ša",
"cf": "ša",
"gw": "of",
"sense": "of",
"norm": "ša",
"pos": "DET",
"epos": "DET"}
}
,
{
"node": "l",
"frag": "{iti}AB",
"id": "P336679.l01468",
"ref": "P336679.18.3",
"inst": "Ṭebeti[Tebet]MN",
"sig": "@saao/saa10%akk-x-neoass:{ITI}AB=Ṭebetu[Tebet//Tebet]MN'MN$Ṭebeti",
"f": {"lang": "akk-x-neoass",
"form": "{ITI}AB",
"cf": "Ṭebetu",
"gw": "Tebet",
"sense": "Tebet",
"norm": "Ṭebeti",
"pos": "MN",
"epos": "MN"}
}
,
{
"node": "d",
"subtype": "bottom",
"type": "surface",
"ref": "P336679.b.e..19",
"type": "bottom",
"label": "b.e."}
,
{
"node": "d",
"type": "line-start",
"ref": "P336679.20",
"n": "18",
"label": "b.e. 18"}
,
{
"node": "l",
"frag": "ni-na-ṣar",
"id": "P336679.l01469",
"ref": "P336679.20.1",
"inst": "ninaṣṣar[keep guard]V",
"sig": "@saao/saa10%akk-x-neoass:ni-na-ṣar=naṣāru[guard//keep guard]V'V$ninaṣṣar",
"f": {"lang": "akk-x-neoass",
"form": "ni-na-ṣar",
"cf": "naṣāru",
"gw": "guard",
"sense": "keep guard",
"norm": "ninaṣṣar",
"pos": "V",
"epos": "V"}
}
,
{
"node": "d",
"subtype": "reverse",
"type": "surface",
"ref": "P336679.r.21",
"type": "reverse",
"label": "r"}
,
{
"node": "d",
"type": "line-start",
"ref": "P336679.22",
"n": "1",
"label": "r 1"}
,
{
"node": "l",
"frag": "a-na",
"id": "P336679.l0146a",
"ref": "P336679.22.1",
"inst": "ana[to]PRP",
"sig": "@saao/saa10%akk-x-neoass:a-na=ana[to//to]PRP'PRP$ana",
"f": {"lang": "akk-x-neoass",
"form": "a-na",
"cf": "ana",
"gw": "to",
"sense": "to",
"norm": "ana",
"pos": "PRP",
"epos": "PRP"}
}
,
{
"node": "l",
"frag": "LUGAL",
"id": "P336679.l0146b",
"ref": "P336679.22.2",
"inst": "šarri[king]N",
"sig": "@saao/saa10%akk-x-neoass:LUGAL=šarru[king//king]N'N$šarri",
"f": {"lang": "akk-x-neoass",
"form": "LUGAL",
"cf": "šarru",
"gw": "king",
"sense": "king",
"norm": "šarri",
"pos": "N",
"epos": "N"}
}
,
{
"node": "l",
"frag": "EN-ni",
"id": "P336679.l0146c",
"ref": "P336679.22.3",
"inst": "bēlīni[lord]N",
"sig": "@saao/saa10%akk-x-neoass:EN-ni=bēlu[lord//lord]N'N$bēlīni",
"f": {"lang": "akk-x-neoass",
"form": "EN-ni",
"cf": "bēlu",
"gw": "lord",
"sense": "lord",
"norm": "bēlīni",
"pos": "N",
"epos": "N"}
}
,
{
"node": "d",
"type": "line-start",
"ref": "P336679.23",
"n": "2",
"label": "r 2"}
,
{
"node": "l",
"frag": "ni-šap-pa-ra",
"id": "P336679.l0146d",
"ref": "P336679.23.1",
"inst": "+šapāru[send//write]V'V$nišappāra",
"sig": "@saao/saa10%akk-x-neoass:ni-šap-pa-ra=šapāru[send//write]V'V$nišappāra",
"f": {"lang": "akk-x-neoass",
"form": "ni-šap-pa-ra",
"cf": "šapāru",
"gw": "send",
"sense": "write",
"norm": "nišappāra",
"pos": "V",
"epos": "V"}
}
,
{
"node": "d",
"type": "line-start",
"ref": "P336679.24",
"n": "3",
"label": "r 3"}
,
{
"node": "l",
"frag": "UD",
"id": "P336679.l0146e",
"ref": "P336679.24.1",
"inst": "ūm[day]N",
"sig": "@saao/saa10%akk-x-neoass:UD=ūmu[day//day]N'N$ūm",
"f": {"lang": "akk-x-neoass",
"form": "UD",
"cf": "ūmu",
"gw": "day",
"sense": "day",
"norm": "ūm",
"pos": "N",
"epos": "N"}
}
,
{
"node": "l",
"frag": "19-KAM₂",
"id": "P336679.l0146f",
"ref": "P336679.24.2",
"inst": "n",
"f": {"lang": "akk-x-neoass",
"form": "19-KAM₂",
"pos": "n"}
}
,
{
"node": "l",
"frag": "ša",
"id": "P336679.l01470",
"ref": "P336679.24.3",
"inst": "ša[of]DET",
"sig": "@saao/saa10%akk-x-neoass:ša=ša[of//of]DET'DET$ša",
"f": {"lang": "akk-x-neoass",
"form": "ša",
"cf": "ša",
"gw": "of",
"sense": "of",
"norm": "ša",
"pos": "DET",
"epos": "DET"}
}
,
{
"node": "l",
"frag": "{iti}GAN",
"id": "P336679.l01471",
"ref": "P336679.24.4",
"inst": "Kislimi[Kislev]MN",
"sig": "@saao/saa10%akk-x-neoass:{ITI}GAN=Kislimu[Kislev//Kislev]MN'MN$Kislimi",
"f": {"lang": "akk-x-neoass",
"form": "{ITI}GAN",
"cf": "Kislimu",
"gw": "Kislev",
"sense": "Kislev",
"norm": "Kislimi",
"pos": "MN",
"epos": "MN"}
}
,
{
"node": "d",
"type": "line-start",
"ref": "P336679.25",
"n": "4",
"label": "r 4"}
,
{
"node": "l",
"frag": "{lu₂}qur-ZAG",
"id": "P336679.l01472",
"ref": "P336679.25.1",
"inst": "ša-qurbūti[(royal) confidant]N",
"sig": "@saao/saa10%akk-x-neoass:{LU₂}qur-ZAG=ša-qurbūti[close follower//(royal) confidant]N'N$ša-qurbūti",
"f": {"lang": "akk-x-neoass",
"form": "{LU₂}qur-ZAG",
"cf": "ša-qurbūti",
"gw": "close follower",
"sense": "(royal) confidant",
"norm": "ša-qurbūti",
"pos": "N",
"epos": "N"}
}
,
{
"node": "l",
"frag": "e-gir₂-tu₂",
"id": "P336679.l01473",
"ref": "P336679.25.2",
"inst": "egertu[letter]N",
"sig": "@saao/saa10%akk-x-neoass:e-gir₂-tu₂=egertu[inscribed tablet//letter]N'N$egertu",
"f": {"lang": "akk-x-neoass",
"form": "e-gir₂-tu₂",
"cf": "egertu",
"gw": "inscribed tablet",
"sense": "letter",
"norm": "egertu",
"pos": "N",
"epos": "N"}
}
,
{
"node": "l",
"frag": "na-ṣa",
"id": "P336679.l01474",
"ref": "P336679.25.3",
"inst": "naṣa[brought]AJ",
"sig": "@saao/saa10%akk-x-neoass:na-ṣa=našû[lifted//brought]AJ'AJ$naṣa",
"f": {"lang": "akk-x-neoass",
"form": "na-ṣa",
"cf": "našû",
"gw": "lifted",
"sense": "brought",
"norm": "naṣa",
"pos": "AJ",
"epos": "AJ"}
}
,
{
"node": "d",
"type": "line-start",
"ref": "P336679.26",
"n": "5",
"label": "r 5"}
,
{
"node": "l",
"frag": "1",
"id": "P336679.l01475",
"ref": "P336679.26.1",
"inst": "n",
"f": {"lang": "akk-x-stdbab",
"form": "1",
"pos": "n"}
}
,
{
"node": "l",
"frag": "{mul}MUL",
"id": "P336679.l01476",
"ref": "P336679.26.2",
"inst": "+Zappu[Pleiades]CN$",
"sig": "@saao/saa10%akk-x-stdbab:{MUL}MUL=Zappu[Pleiades//Pleiades]CN'CN$Zappu",
"f": {"lang": "akk-x-stdbab",
"form": "{MUL}MUL",
"cf": "Zappu",
"gw": "Pleiades",
"sense": "Pleiades",
"norm": "Zappu",
"pos": "CN",
"epos": "CN"}
}
,
{
"node": "l",
"frag": "SUR-ma",
"id": "P336679.l01477",
"ref": "P336679.26.3",
"inst": "+ṣarāru[flash//flare up]V'V$iṣrurma",
"sig": "@saao/saa10%akk-x-stdbab:SUR-ma=ṣarāru[flash//flare up]V'V$iṣrurma",
"f": {"lang": "akk-x-stdbab",
"form": "SUR-ma",
"cf": "ṣarāru",
"gw": "flash",
"sense": "flare up",
"norm": "iṣrurma",
"pos": "V",
"epos": "V"}
}
,
{
"node": "d",
"type": "line-start",
"ref": "P336679.27",
"n": "6",
"label": "r 6"}
,
{
"node": "l",
"frag": "a-na",
"id": "P336679.l01478",
"ref": "P336679.27.1",
"inst": "ana[to]PRP",
"sig": "@saao/saa10%akk-x-stdbab:a-na=ana[to//to]PRP'PRP$ana",
"f": {"lang": "akk-x-stdbab",
"form": "a-na",
"cf": "ana",
"gw": "to",
"sense": "to",
"norm": "ana",
"pos": "PRP",
"epos": "PRP"}
}
,
{
"node": "l",
"frag": "pa-an",
"id": "P336679.l01479",
"ref": "P336679.27.2",
"inst": "+pānu[front//before]N'PRP$pān",
"sig": "@saao/saa10%akk-x-stdbab:pa-an=pānu[front//before]N'PRP$pān",
"f": {"lang": "akk-x-stdbab",
"form": "pa-an",
"cf": "pānu",
"gw": "front",
"sense": "before",
"norm": "pān",
"pos": "N",
"epos": "PRP"}
}
,
{
"node": "l",
"frag": "{mul}dil-bat",
"id": "P336679.l0147a",
"ref": "P336679.27.3",
"inst": "+Dilbat[Venus]CN$",
"sig": "@saao/saa10%akk-x-stdbab:{MUL}dil-bat=Dilbat[Venus//Venus]CN'CN$Dilbat",
"f": {"lang": "akk-x-stdbab",
"form": "{MUL}dil-bat",
"cf": "Dilbat",
"gw": "Venus",
"sense": "Venus",
"norm": "Dilbat",
"pos": "CN",
"epos": "CN"}
}
,
{
"node": "l",
"frag": "GUB",
"id": "P336679.l0147b",
"ref": "P336679.27.4",
"inst": "+izuzzu[stand]V$ittaziz",
"sig": "@saao/saa10%akk-x-stdbab:GUB=izuzzu[stand//stand]V'V$ittaziz",
"f": {"lang": "akk-x-stdbab",
"form": "GUB",
"cf": "izuzzu",
"gw": "stand",
"sense": "stand",
"norm": "ittaziz",
"pos": "V",
"epos": "V"}
}
,
{
"node": "d",
"type": "line-start",
"ref": "P336679.28",
"n": "7",
"label": "r 7"}
,
{
"node": "l",
"frag": "ina",
"id": "P336679.l0147c",
"ref": "P336679.28.1",
"inst": "ina[in]PRP",
"sig": "@saao/saa10%akk-x-stdbab:ina=ina[in//in]PRP'PRP$ina",
"f": {"lang": "akk-x-stdbab",
"form": "ina",
"cf": "ina",
"gw": "in",
"sense": "in",
"norm": "ina",
"pos": "PRP",
"epos": "PRP"}
}
,
{
"node": "l",
"frag": "šer₃-ti",
"id": "P336679.l0147d",
"ref": "P336679.28.2",
"inst": "+šērtu[morning]N$šērti",
"sig": "@saao/saa10%akk-x-stdbab:šer₃-ti=šērtu[morning//morning]N'N$šērti",
"f": {"lang": "akk-x-stdbab",
"form": "šer₃-ti",
"cf": "šērtu",
"gw": "morning",
"sense": "morning",
"norm": "šērti",
"pos": "N",
"epos": "N"}
}
,
{
"node": "l",
"frag": "ni-x",
"id": "P336679.l0147e",
"ref": "P336679.28.3",
"inst": "u",
"f": {"lang": "akk-x-stdbab",
"form": "ni-x",
"pos": "u"}
}
,
{
"node": "l",
"frag": "URU",
"id": "P336679.l0147f",
"ref": "P336679.28.4",
"inst": "+ālu[city]N$āla",
"sig": "@saao/saa10%akk-x-stdbab:URU=ālu[city//city]N'N$āla",
"f": {"lang": "akk-x-stdbab",
"form": "URU",
"cf": "ālu",
"gw": "city",
"sense": "city",
"norm": "āla",
"pos": "N",
"epos": "N"}
}
,
{
"node": "l",
"frag": "NIGIN-ma",
"id": "P336679.l01480",
"ref": "P336679.28.5",
"inst": "+lawû[surround//encircle]V'V$ilammīma",
"sig": "@saao/saa10%akk-x-stdbab:NIGIN-ma=lawû[surround//encircle]V'V$ilammīma",
"f": {"lang": "akk-x-stdbab",
"form": "NIGIN-ma",
"cf": "lawû",
"gw": "surround",
"sense": "encircle",
"norm": "ilammīma",
"pos": "V",
"epos": "V"}
}
,
{
"node": "d",
"type": "line-start",
"ref": "P336679.29",
"n": "8",
"label": "r 8"}
,
{
"node": "l",
"frag": "UDU.IDIM",
"id": "P336679.l01481",
"ref": "P336679.29.1",
"inst": "+bibbu[planet]N$",
"sig": "@saao/saa10%akk-x-neoass:UDU.IDIM=bibbu[planet//planet]N'N$bibbu",
"f": {"lang": "akk-x-neoass",
"form": "UDU.IDIM",
"cf": "bibbu",
"gw": "planet",
"sense": "planet",
"norm": "bibbu",
"pos": "N",
"epos": "N"}
}
,
{
"node": "l",
"frag": "{mul}MUL",
"id": "P336679.l01482",
"ref": "P336679.29.2",
"inst": "+Zappu[Pleiades]CN$",
"sig": "@saao/saa10%akk-x-neoass:{MUL}MUL=Zappu[Pleiades//Pleiades]CN'CN$Zappu",
"f": {"lang": "akk-x-neoass",
"form": "{MUL}MUL",
"cf": "Zappu",
"gw": "Pleiades",
"sense": "Pleiades",
"norm": "Zappu",
"pos": "CN",
"epos": "CN"}
}
,
{
"node": "l",
"frag": "{d}ṣal-bat-a-nu",
"id": "P336679.l01483",
"ref": "P336679.29.3",
"inst": "Ṣalbatanu[Mars]CN",
"sig": "@saao/saa10%akk-x-neoass:{d}ṣal-bat-a-nu=Ṣalbatanu[Mars//Mars]CN'CN$Ṣalbatanu",
"f": {"lang": "akk-x-neoass",
"form": "{d}ṣal-bat-a-nu",
"cf": "Ṣalbatanu",
"gw": "Mars",
"sense": "Mars",
"norm": "Ṣalbatanu",
"pos": "CN",
"epos": "CN"}
}
,
{
"node": "d",
"type": "line-start",
"ref": "P336679.30",
"n": "9",
"label": "r 9"}
,
{
"node": "l",
"frag": "mu-pa-si-ru",
"id": "P336679.l01484",
"ref": "P336679.30.1",
"inst": "+mubassiru[messenger//bringer of news]N'N$mupassiru",
"sig": "@saao/saa10%akk-x-neoass:mu-pa-si-ru=mubassiru[messenger//bringer of news]N'N$mupassiru",
"f": {"lang": "akk-x-neoass",
"form": "mu-pa-si-ru",
"cf": "mubassiru",
"gw": "messenger",
"sense": "bringer of news",
"norm": "mupassiru",
"pos": "N",
"epos": "N"}
}
,
{
"node": "l",
"frag": "ni-sa-ṭar",
"id": "P336679.l01485",
"ref": "P336679.30.2",
"inst": "nissaṭar[write]V",
"sig": "@saao/saa10%akk-x-neoass:ni-sa-ṭar=šaṭāru[write//write]V'V$nissaṭar",
"f": {"lang": "akk-x-neoass",
"form": "ni-sa-ṭar",
"cf": "šaṭāru",
"gw": "write",
"sense": "write",
"norm": "nissaṭar",
"pos": "V",
"epos": "V"}
}
,
{
"node": "d",
"type": "line-start",
"ref": "P336679.31",
"n": "10",
"label": "r 10"}
,
{
"node": "l",
"frag": "nu-ug-da-mir",
"id": "P336679.l01486",
"ref": "P336679.31.1",
"inst": "nugdammir[finish]V",
"sig": "@saao/saa10%akk-x-neoass:nu-ug-da-mir=gamāru[complete//finish]V'V$nugdammir",
"f": {"lang": "akk-x-neoass",
"form": "nu-ug-da-mir",
"cf": "gamāru",
"gw": "complete",
"sense": "finish",
"norm": "nugdammir",
"pos": "V",
"epos": "V"}
}
,
{
"node": "d",
"type": "line-start",
"ref": "P336679.32",
"n": "11",
"label": "r 11"}
,
{
"node": "l",
"frag": "is-su-ur-ri",
"id": "P336679.l01487",
"ref": "P336679.32.1",
"inst": "issurri[perhaps]AV",
"sig": "@saao/saa10%akk-x-neoass:is-su-ur-ri=issurri[perhaps//perhaps]AV'AV$issurri",
"f": {"lang": "akk-x-neoass",
"form": "is-su-ur-ri",
"cf": "issurri",
"gw": "perhaps",
"sense": "perhaps",
"norm": "issurri",
"pos": "AV",
"epos": "AV"}
}
,
{
"node": "l",
"frag": "da-ba-bu",
"id": "P336679.l01488",
"ref": "P336679.32.2",
"inst": "dabābu[talk]N",
"sig": "@saao/saa10%akk-x-neoass:da-ba-bu=dabābu[talk//talk]N'N$dabābu",
"f": {"lang": "akk-x-neoass",
"form": "da-ba-bu",
"cf": "dabābu",
"gw": "talk",
"sense": "talk",
"norm": "dabābu",
"pos": "N",
"epos": "N"}
}
,
{
"node": "d",
"type": "line-start",
"ref": "P336679.33",
"n": "12",
"label": "r 12"}
,
{
"node": "l",
"frag": "ša",
"id": "P336679.l01489",
"ref": "P336679.33.1",
"inst": "ša[of]DET",
"sig": "@saao/saa10%akk-x-neoass:ša=ša[of//of]DET'DET$ša",
"f": {"lang": "akk-x-neoass",
"form": "ša",
"cf": "ša",
"gw": "of",
"sense": "of",
"norm": "ša",
"pos": "DET",
"epos": "DET"}
}
,
{
"node": "l",
"frag": "LUGAL",
"id": "P336679.l0148a",
"ref": "P336679.33.2",
"inst": "šarri[king]N",
"sig": "@saao/saa10%akk-x-neoass:LUGAL=šarru[king//king]N'N$šarri",
"f": {"lang": "akk-x-neoass",
"form": "LUGAL",
"cf": "šarru",
"gw": "king",
"sense": "king",
"norm": "šarri",
"pos": "N",
"epos": "N"}
}
,
{
"node": "l",
"frag": "EN-ni",
"id": "P336679.l0148b",
"ref": "P336679.33.3",
"inst": "bēlīni[lord]N",
"sig": "@saao/saa10%akk-x-neoass:EN-ni=bēlu[lord//lord]N'N$bēlīni",
"f": {"lang": "akk-x-neoass",
"form": "EN-ni",
"cf": "bēlu",
"gw": "lord",
"sense": "lord",
"norm": "bēlīni",
"pos": "N",
"epos": "N"}
}
,
{
"node": "d",
"type": "line-start",
"ref": "P336679.34",
"n": "13",
"label": "r 13"}
,
{
"node": "l",
"frag": "i-ba-aš₂-ši",
"id": "P336679.l0148c",
"ref": "P336679.34.1",
"inst": "ibašši[exist]V",
"sig": "@saao/saa10%akk-x-neoass:i-ba-aš₂-ši=bašû[exist//exist]V'V$ibašši",
"f": {"lang": "akk-x-neoass",
"form": "i-ba-aš₂-ši",
"cf": "bašû",
"gw": "exist",
"sense": "exist",
"norm": "ibašši",
"pos": "V",
"epos": "V"}
}
,
{
"node": "l",
"frag": "re-e-hu",
"id": "P336679.l0148d",
"ref": "P336679.34.2",
"inst": "rēhu[remaining]AJ",
"sig": "@saao/saa10%akk-x-neoass:re-e-hu=rēhu[remaining//remaining]AJ'AJ$rēhu",
"f": {"lang": "akk-x-neoass",
"form": "re-e-hu",
"cf": "rēhu",
"gw": "remaining",
"sense": "remaining",
"norm": "rēhu",
"pos": "AJ",
"epos": "AJ"}
}
,
{
"node": "d",
"type": "line-start",
"ref": "P336679.35",
"n": "14",
"label": "r 14"}
,
{
"node": "l",
"frag": "ṭup\\m-pu",
"id": "P336679.l0148e",
"ref": "P336679.35.1",
"inst": "ṭuppu[tablet]N",
"sig": "@saao/saa10%akk-x-neoass:ṭup-pu=ṭuppu[tablet//tablet]N'N$ṭuppu",
"f": {"lang": "akk-x-neoass",
"form": "ṭup-pu",
"cf": "ṭuppu",
"gw": "tablet",
"sense": "tablet",
"norm": "ṭuppu",
"pos": "N",
"epos": "N"}
}
,
{
"node": "l",
"frag": "ša-ni-u₂",
"id": "P336679.l0148f",
"ref": "P336679.35.2",
"inst": "šaniu[(an)other]AJ",
"sig": "@saao/saa10%akk-x-neoass:ša-ni-u₂=šanû[(an)other//(an)other]AJ'AJ$šaniu",
"f": {"lang": "akk-x-neoass",
"form": "ša-ni-u₂",
"cf": "šanû",
"gw": "(an)other",
"sense": "(an)other",
"norm": "šaniu",
"pos": "AJ",
"epos": "AJ"}
}
,
{
"node": "d",
"type": "line-start",
"ref": "P336679.36",
"n": "15",
"label": "r 15"}
,
{
"node": "l",
"frag": "ni-ṭa-ap-pi",
"id": "P336679.l01490",
"ref": "P336679.36.1",
"inst": "+ṭepû[extend//expand]V'V$niṭappi",
"sig": "@saao/saa10%akk-x-neoass:ni-ṭa-ap-pi=ṭepû[extend//expand]V'V$niṭappi",
"f": {"lang": "akk-x-neoass",
"form": "ni-ṭa-ap-pi",
"cf": "ṭepû",
"gw": "extend",
"sense": "expand",
"norm": "niṭappi",
"pos": "V",
"epos": "V"}
}
,
{
"node": "l",
"frag": "ni-ša₂-kan",
"id": "P336679.l01491",
"ref": "P336679.36.2",
"inst": "+šakānu[put//place]V'V$nišakkan",
"sig": "@saao/saa10%akk-x-neoass:ni-ša₂-kan=šakānu[put//place]V'V$nišakkan",
"f": {"lang": "akk-x-neoass",
"form": "ni-ša₂-kan",
"cf": "šakānu",
"gw": "put",
"sense": "place",
"norm": "nišakkan",
"pos": "V",
"epos": "V"}
}
,
{
"node": "d",
"type": "line-start",
"ref": "P336679.37",
"n": "16",
"label": "r 16"}
,
{
"node": "l",
"frag": "mi₃-i-nu",
"id": "P336679.l01492",
"ref": "P336679.37.1",
"inst": "mīnu[what?]QP",
"sig": "@saao/saa10%akk-x-neoass:mi₃-i-nu=mīnu[what?//what?]QP'QP$mīnu",
"f": {"lang": "akk-x-neoass",
"form": "mi₃-i-nu",
"cf": "mīnu",
"gw": "what?",
"sense": "what?",
"norm": "mīnu",
"pos": "QP",
"epos": "QP"}
}
,
{
"node": "l",
"frag": "ša",
"id": "P336679.l01493",
"ref": "P336679.37.2",
"inst": "ša[that]REL",
"sig": "@saao/saa10%akk-x-neoass:ša=ša[that//when]REL'REL$ša",
"f": {"lang": "akk-x-neoass",
"form": "ša",
"cf": "ša",
"gw": "that",
"sense": "when",
"norm": "ša",
"pos": "REL",
"epos": "REL"}
}
,
{
"node": "l",
"frag": "LUGAL",
"id": "P336679.l01494",
"ref": "P336679.37.3",
"inst": "šarru[king]N",
"sig": "@saao/saa10%akk-x-neoass:LUGAL=šarru[king//king]N'N$šarru",
"f": {"lang": "akk-x-neoass",
"form": "LUGAL",
"cf": "šarru",
"gw": "king",
"sense": "king",
"norm": "šarru",
"pos": "N",
"epos": "N"}
}
,
{
"node": "l",
"frag": "EN-⸢ni⸣",
"id": "P336679.l01495",
"ref": "P336679.37.4",
"inst": "+bēlu[lord]N$bēlni",
"sig": "@saao/saa10%akk-x-neoass:EN-ni=bēlu[lord//lord]N'N$bēlni",
"f": {"lang": "akk-x-neoass",
"form": "EN-ni",
"cf": "bēlu",
"gw": "lord",
"sense": "lord",
"norm": "bēlni",
"pos": "N",
"epos": "N"}
}
,
{
"node": "d",
"type": "line-start",
"ref": "P336679.38",
"n": "17",
"label": "r 17"}
,
{
"node": "l",
"frag": "i-šap-par-an-na-⸢ši⸣-[ni]",
"id": "P336679.l01496",
"ref": "P336679.38.1",
"inst": "+šapāru[send//write]V'V$išapparannāšīni",
"sig": "@saao/saa10%akk-x-neoass:i-šap-par-an-na-ši-ni=šapāru[send//write]V'V$išapparannāšīni",
"f": {"lang": "akk-x-neoass",
"form": "i-šap-par-an-na-ši-ni",
"cf": "šapāru",
"gw": "send",
"sense": "write",
"norm": "išapparannāšīni",
"pos": "V",
"epos": "V"}
}
]}
]}
]}
]}
