{
  "type": "cdl",
  "project": "dcclt",
  "source": "http://oracc.org/dcclt",
  "license": "This data is released under the CC0 license",
  "license-url": "https://creativecommons.org/publicdomain/zero/1.0/",
  "more-info": "http://oracc.org/doc/opendata/",
  "UTC-timestamp": "2018-02-26T12:47:03",
  "textid": "P000219",
  "cdl": [
    {
      "node": "c",
      "type": "text",
      "id": "P000219.U0",
      "cdl": [
        {
          "node": "d",
          "type": "object",
          "ref": ""
        },
        {
          "node": "d",
          "subtype": "obverse",
          "type": "obverse",
          "ref": "P000219.o.1",
          "label": "o"
        },
        {
          "node": "d",
          "subtype": "column 1o",
          "type": "column",
          "ref": "P000219.o.i.2",
          "n": "1",
          "label": "o i"
        },
        {
          "node": "c",
          "type": "discourse",
          "subtype": "body",
          "id": "P000219.U1",
          "cdl": [
            {
              "node": "c",
              "type": "sentence",
              "implicit": "yes",
              "id": "P000219.U2",
              "label": "o i 1 - o i 2",
              "cdl": [
                {
                  "node": "d",
                  "type": "line-start",
                  "ref": "P000219.3",
                  "n": "1",
                  "label": "o i 1"
                },
                {
                  "node": "d",
                  "type": "field-start",
                  "subtype": "default"
                },
                {
                  "node": "l",
                  "frag": "1(N01)",
                  "id": "P000219.l03a6c",
                  "ref": "P000219.3.1",
                  "inst": "%qpc:1(N01)=",
                  "f": {
                    "lang": "qpc",
                    "form": "1(N01)",
                    "gdl": [
                      {
                        "n": "n",
                        "form": "1(N01)",
                        "id": "P000219.3.1.0",
                        "seq": [
                          {
                            "r": "1"
                          },
                          {
                            "s": "N01"
                          }
                        ]
                      }
                    ]
                  }
                },
                {
                  "node": "d",
                  "type": "field-end",
                  "subtype": "default"
                },
                {
                  "node": "d",
                  "type": "field-start",
                  "subtype": "default"
                },
                {
                  "node": "l",
                  "frag": "U₂~a",
                  "id": "P000219.l03a6d",
                  "ref": "P000219.3.2",
                  "inst": "%qpc:U₂=",
                  "f": {
                    "lang": "qpc",
                    "form": "U₂",
                    "gdl": [
                      {
                        "form": "U₂~a",
                        "id": "P000219.3.2.0",
                        "mods": [
                          {
                            "b": "U₂"
                          },
                          {
                            "a": "a"
                          }
                        ]
                      }
                    ]
                  }
                },
                {
                  "node": "d",
                  "type": "field-end",
                  "subtype": "default"
                },
                {
                  "node": "d",
                  "type": "line-start",
                  "ref": "P000219.4",
                  "n": "2",
                  "label": "o i 2"
                },
                {
                  "node": "d",
                  "type": "field-start",
                  "subtype": "default"
                },
                {
                  "node": "l",
                  "frag": "1(N01)",
                  "id": "P000219.l03a6e",
                  "ref": "P000219.4.1",
                  "inst": "%qpc:1(N01)=",
                  "f": {
                    "lang": "qpc",
                    "form": "1(N01)",
                    "gdl": [
                      {
                        "n": "n",
                        "form": "1(N01)",
                        "id": "P000219.4.1.0",
                        "seq": [
                          {
                            "r": "1"
                          },
                          {
                            "s": "N01"
                          }
                        ]
                      }
                    ]
                  }
                },
                {
                  "node": "d",
                  "type": "field-end",
                  "subtype": "default"
                },
                {
                  "node": "d",
                  "type": "field-start",
                  "subtype": "default"
                },
                {
                  "node": "l",
                  "frag": "[...]",
                  "id": "P000219.l03a6f",
                  "ref": "P000219.4.2",
                  "inst": "%qpc:x=",
                  "f": {
                    "lang": "qpc",
                    "form": "x",
                    "delim": "",
                    "gdl": [
                      {
                        "x": "ellipsis",
                        "id": "P000219.4.2.0",
                        "breakStart": "1",
                        "break": "missing",
                        "o": "]",
                        "breakEnd": "P000219.4.2.0"
                      }
                    ]
                  }
                },
                {
                  "node": "l",
                  "frag": "U₂~a",
                  "id": "P000219.l03a70",
                  "ref": "P000219.4.3",
                  "inst": "%qpc:U₂=",
                  "f": {
                    "lang": "qpc",
                    "form": "U₂",
                    "delim": "",
                    "gdl": [
                      {
                        "form": "U₂~a",
                        "id": "P000219.4.3.0",
                        "mods": [
                          {
                            "b": "U₂"
                          },
                          {
                            "a": "a"
                          }
                        ]
                      }
                    ]
                  }
                },
                {
                  "node": "l",
                  "frag": "⸢GI⸣",
                  "id": "P000219.l03a71",
                  "ref": "P000219.4.4",
                  "inst": "%qpc:GI=",
                  "f": {
                    "lang": "qpc",
                    "form": "GI",
                    "gdl": [
                      {
                        "s": "GI",
                        "id": "P000219.4.4.0",
                        "break": "damaged",
                        "ho": "1",
                        "hc": "1"
                      }
                    ]
                  }
                },
                {
                  "node": "d",
                  "type": "field-end",
                  "subtype": "default"
                }
              ]
            }
          ]
        }
      ]
    }
  ]
}
