{
  "type": "cdl",
  "project": "dcclt",
  "source": "http://oracc.org/dcclt",
  "license": "This data is released under the CC0 license",
  "license-url": "https://creativecommons.org/publicdomain/zero/1.0/",
  "more-info": "http://oracc.org/doc/opendata/",
  "UTC-timestamp": "2018-02-26T12:48:44",
  "textid": "P225083",
  "cdl": [
    {
      "node": "c",
      "type": "text",
      "id": "P225083.U0",
      "cdl": [
        {
          "node": "d",
          "subtype": "tablet",
          "type": "tablet",
          "ref": "P225083.x1106.1",
          "label": "x1106"
        },
        {
          "node": "d",
          "subtype": "obverse",
          "type": "obverse",
          "ref": "P225083.o.2",
          "label": "o"
        },
        {
          "node": "d",
          "subtype": "column 1o",
          "type": "column",
          "ref": "P225083.o.i.3",
          "n": "1",
          "label": "o i"
        },
        {
          "node": "c",
          "type": "discourse",
          "subtype": "body",
          "id": "P225083.U1",
          "cdl": [
            {
              "node": "c",
              "type": "sentence",
              "implicit": "yes",
              "id": "P225083.U2",
              "label": "o i 1 - o i 3",
              "cdl": [
                {
                  "node": "d",
                  "type": "line-start",
                  "ref": "P225083.4",
                  "n": "1",
                  "label": "o i 1"
                },
                {
                  "node": "l",
                  "frag": "i₃",
                  "id": "P225083.l267f9",
                  "ref": "P225083.4.1",
                  "inst": "%sux:i₃=",
                  "f": {
                    "lang": "sux",
                    "form": "i₃",
                    "delim": "",
                    "gdl": [
                      {
                        "v": "i₃",
                        "id": "P225083.4.1.0"
                      }
                    ]
                  }
                },
                {
                  "node": "l",
                  "frag": "ŋeš",
                  "id": "P225083.l267fa",
                  "ref": "P225083.4.2",
                  "inst": "%sux:ŋeš=",
                  "f": {
                    "lang": "sux",
                    "form": "ŋeš",
                    "gdl": [
                      {
                        "v": "ŋeš",
                        "id": "P225083.4.2.0"
                      }
                    ]
                  }
                },
                {
                  "node": "d",
                  "type": "line-start",
                  "ref": "P225083.5",
                  "n": "2",
                  "label": "o i 2"
                },
                {
                  "node": "l",
                  "frag": "i₃",
                  "id": "P225083.l267fb",
                  "ref": "P225083.5.1",
                  "inst": "%sux:i₃=",
                  "f": {
                    "lang": "sux",
                    "form": "i₃",
                    "delim": "",
                    "gdl": [
                      {
                        "v": "i₃",
                        "id": "P225083.5.1.0"
                      }
                    ]
                  }
                },
                {
                  "node": "l",
                  "frag": "ŋeš",
                  "id": "P225083.l267fc",
                  "ref": "P225083.5.2",
                  "inst": "%sux:ŋeš=",
                  "f": {
                    "lang": "sux",
                    "form": "ŋeš",
                    "delim": "",
                    "gdl": [
                      {
                        "v": "ŋeš",
                        "id": "P225083.5.2.0"
                      }
                    ]
                  }
                },
                {
                  "node": "l",
                  "frag": "dug₃-ga",
                  "id": "P225083.l267fd",
                  "ref": "P225083.5.3",
                  "inst": "%sux:dug₃-ga=",
                  "f": {
                    "lang": "sux",
                    "form": "dug₃-ga",
                    "gdl": [
                      {
                        "v": "dug₃",
                        "id": "P225083.5.3.0",
                        "delim": "-"
                      },
                      {
                        "v": "ga",
                        "id": "P225083.5.3.1"
                      }
                    ]
                  }
                },
                {
                  "node": "d",
                  "type": "line-start",
                  "ref": "P225083.6",
                  "n": "3",
                  "label": "o i 3"
                },
                {
                  "node": "l",
                  "frag": "i₃",
                  "id": "P225083.l267fe",
                  "ref": "P225083.6.1",
                  "inst": "%sux:i₃=",
                  "f": {
                    "lang": "sux",
                    "form": "i₃",
                    "delim": "",
                    "gdl": [
                      {
                        "v": "i₃",
                        "id": "P225083.6.1.0"
                      }
                    ]
                  }
                },
                {
                  "node": "l",
                  "frag": "dug₃-ga",
                  "id": "P225083.l267ff",
                  "ref": "P225083.6.2",
                  "inst": "%sux:dug₃-ga=",
                  "f": {
                    "lang": "sux",
                    "form": "dug₃-ga",
                    "gdl": [
                      {
                        "v": "dug₃",
                        "id": "P225083.6.2.0",
                        "delim": "-"
                      },
                      {
                        "v": "ga",
                        "id": "P225083.6.2.1"
                      }
                    ]
                  }
                }
              ]
            }
          ]
        }
      ]
    }
  ]
}
