{
  "type": "cdl",
  "project": "dcclt",
  "source": "http://oracc.org/dcclt",
  "license": "This data is released under the CC0 license",
  "license-url": "https://creativecommons.org/publicdomain/zero/1.0/",
  "more-info": "http://oracc.org/doc/opendata/",
  "UTC-timestamp": "2018-02-26T12:48:39",
  "textid": "P225045",
  "cdl": [
    {
      "node": "c",
      "type": "text",
      "id": "P225045.U0",
      "cdl": [
        {
          "node": "d",
          "subtype": "tablet",
          "type": "tablet",
          "ref": "P225045.x642.1",
          "label": "x642"
        },
        {
          "node": "d",
          "subtype": "obverse",
          "type": "obverse",
          "ref": "P225045.o.2",
          "label": "o"
        },
        {
          "node": "d",
          "subtype": "column 1o",
          "type": "column",
          "ref": "P225045.o.i.3",
          "n": "1",
          "label": "o i"
        },
        {
          "node": "d",
          "type": "nonx",
          "ref": "P225045.4",
          "strict": "1",
          "extent": "1",
          "scope": "line",
          "state": "missing"
        },
        {
          "node": "c",
          "type": "discourse",
          "subtype": "body",
          "id": "P225045.U1",
          "cdl": [
            {
              "node": "c",
              "type": "sentence",
              "implicit": "yes",
              "id": "P225045.U2",
              "label": "o i 2 - o i 3",
              "cdl": [
                {
                  "node": "d",
                  "type": "line-start",
                  "ref": "P225045.5",
                  "n": "2",
                  "label": "o i 2"
                },
                {
                  "node": "l",
                  "frag": "{[kuš]}⸢suhub⸣",
                  "id": "P225045.l1f349",
                  "ref": "P225045.5.1",
                  "inst": "%sux:{kuš}suhub=",
                  "f": {
                    "lang": "sux",
                    "form": "{kuš}suhub",
                    "delim": "",
                    "gdl": [
                      {
                        "det": "semantic",
                        "pos": "pre",
                        "seq": [
                          {
                            "v": "kuš",
                            "id": "P225045.5.1.0",
                            "breakStart": "1",
                            "o": "]",
                            "break": "missing",
                            "breakEnd": "P225045.5.1.0"
                          }
                        ]
                      },
                      {
                        "v": "suhub",
                        "id": "P225045.5.1.1",
                        "break": "damaged",
                        "ho": "1",
                        "hc": "1"
                      }
                    ]
                  }
                },
                {
                  "node": "l",
                  "frag": "munus",
                  "id": "P225045.l1f34a",
                  "ref": "P225045.5.2",
                  "inst": "%sux:munus=",
                  "f": {
                    "lang": "sux",
                    "form": "munus",
                    "gdl": [
                      {
                        "v": "munus",
                        "id": "P225045.5.2.0"
                      }
                    ]
                  }
                },
                {
                  "node": "d",
                  "type": "line-start",
                  "ref": "P225045.6",
                  "n": "3",
                  "label": "o i 3"
                },
                {
                  "node": "l",
                  "frag": "{[kuš]}⸢suhub⸣",
                  "id": "P225045.l1f34b",
                  "ref": "P225045.6.1",
                  "inst": "%sux:{kuš}suhub=",
                  "f": {
                    "lang": "sux",
                    "form": "{kuš}suhub",
                    "delim": "",
                    "gdl": [
                      {
                        "det": "semantic",
                        "pos": "pre",
                        "seq": [
                          {
                            "v": "kuš",
                            "id": "P225045.6.1.0",
                            "breakStart": "1",
                            "o": "]",
                            "break": "missing",
                            "breakEnd": "P225045.6.1.0"
                          }
                        ]
                      },
                      {
                        "v": "suhub",
                        "id": "P225045.6.1.1",
                        "break": "damaged",
                        "gdl_remarked": "1",
                        "ho": "1",
                        "hc": "1"
                      }
                    ]
                  }
                },
                {
                  "node": "l",
                  "frag": "nita₂",
                  "id": "P225045.l1f34c",
                  "ref": "P225045.6.2",
                  "inst": "%sux:nita₂=",
                  "f": {
                    "lang": "sux",
                    "form": "nita₂",
                    "gdl": [
                      {
                        "v": "nita₂",
                        "id": "P225045.6.2.0"
                      }
                    ]
                  }
                }
              ]
            }
          ]
        }
      ]
    }
  ]
}
