{
  "type": "cdl",
  "project": "dcclt",
  "source": "http://oracc.org/dcclt",
  "license": "This data is released under the CC0 license",
  "license-url": "https://creativecommons.org/publicdomain/zero/1.0/",
  "more-info": "http://oracc.org/doc/opendata/",
  "UTC-timestamp": "2018-02-26T12:48:56",
  "textid": "P225938",
  "cdl": [
    {
      "node": "c",
      "type": "text",
      "id": "P225938.U0",
      "cdl": [
        {
          "node": "d",
          "subtype": "tablet",
          "type": "tablet",
          "ref": "P225938.x110.1",
          "label": "x110"
        },
        {
          "node": "d",
          "subtype": "obverse",
          "type": "obverse",
          "ref": "P225938.o.2",
          "label": "o"
        },
        {
          "node": "d",
          "subtype": "column 1o",
          "type": "column",
          "ref": "P225938.o.i.3",
          "n": "1",
          "label": "o i"
        },
        {
          "node": "d",
          "type": "nonx",
          "ref": "P225938.4",
          "strict": "1",
          "extent": "1",
          "scope": "line",
          "state": "missing"
        },
        {
          "node": "c",
          "type": "discourse",
          "subtype": "body",
          "id": "P225938.U1",
          "cdl": [
            {
              "node": "c",
              "type": "sentence",
              "implicit": "yes",
              "id": "P225938.U2",
              "label": "o i 2 - o iv 5",
              "cdl": [
                {
                  "node": "d",
                  "type": "line-start",
                  "ref": "P225938.5",
                  "n": "2",
                  "label": "o i 2"
                },
                {
                  "node": "l",
                  "frag": "[...]-⸢ak⸣-UD",
                  "id": "P225938.l07dde",
                  "ref": "P225938.5.1",
                  "inst": "%sux:x-ak-UD=",
                  "f": {
                    "lang": "sux",
                    "form": "x-ak-UD",
                    "gdl": [
                      {
                        "x": "ellipsis",
                        "id": "P225938.5.1.0",
                        "breakStart": "1",
                        "break": "missing",
                        "o": "]",
                        "breakEnd": "P225938.5.1.0",
                        "delim": "-"
                      },
                      {
                        "v": "ak",
                        "id": "P225938.5.1.1",
                        "break": "damaged",
                        "ho": "1",
                        "delim": "-",
                        "hc": "1"
                      },
                      {
                        "s": "UD",
                        "id": "P225938.5.1.2"
                      }
                    ]
                  }
                },
                {
                  "node": "d",
                  "type": "line-start",
                  "ref": "P225938.6",
                  "n": "3",
                  "label": "o i 3"
                },
                {
                  "node": "l",
                  "frag": "ensi₂",
                  "id": "P225938.l07ddf",
                  "ref": "P225938.6.1",
                  "inst": "%sux:ensi₂=",
                  "f": {
                    "lang": "sux",
                    "form": "ensi₂",
                    "gdl": [
                      {
                        "v": "ensi₂",
                        "id": "P225938.6.1.0"
                      }
                    ]
                  }
                },
                {
                  "node": "d",
                  "type": "line-start",
                  "ref": "P225938.7",
                  "n": "4",
                  "label": "o i 4"
                },
                {
                  "node": "l",
                  "frag": "ar-rum₂(|NE.RU|)",
                  "id": "P225938.l07de0",
                  "ref": "P225938.7.1",
                  "inst": "%sux:ar-rum₂(|NE.RU|)=",
                  "f": {
                    "lang": "sux",
                    "form": "ar-rum₂(|NE.RU|)",
                    "gdl": [
                      {
                        "v": "ar",
                        "id": "P225938.7.1.0",
                        "delim": "-"
                      },
                      {
                        "q": "rum₂(|NE.RU|)",
                        "id": "P225938.7.1.1",
                        "break": "damaged",
                        "ho": "1",
                        "hc": "1",
                        "qualified": [
                          {
                            "v": "rum₂"
                          },
                          {
                            "c": "|NE.RU|",
                            "seq": [
                              {
                                "s": "NE",
                                "break": "damaged"
                              },
                              {
                                "o": "beside"
                              },
                              {
                                "s": "RU"
                              }
                            ]
                          }
                        ]
                      }
                    ]
                  }
                },
                {
                  "node": "d",
                  "type": "line-start",
                  "ref": "P225938.8",
                  "n": "5",
                  "label": "o i 5"
                },
                {
                  "node": "l",
                  "frag": "saŋŋa",
                  "id": "P225938.l07de1",
                  "ref": "P225938.8.1",
                  "inst": "%sux:saŋŋa=",
                  "f": {
                    "lang": "sux",
                    "form": "saŋŋa",
                    "gdl": [
                      {
                        "v": "saŋŋa",
                        "id": "P225938.8.1.0"
                      }
                    ]
                  }
                },
                {
                  "node": "d",
                  "type": "line-start",
                  "ref": "P225938.9",
                  "n": "6",
                  "label": "o i 6"
                },
                {
                  "node": "l",
                  "frag": "im-tum",
                  "id": "P225938.l07de2",
                  "ref": "P225938.9.1",
                  "inst": "%sux:im-tum=",
                  "f": {
                    "lang": "sux",
                    "form": "im-tum",
                    "gdl": [
                      {
                        "v": "im",
                        "id": "P225938.9.1.0",
                        "delim": "-"
                      },
                      {
                        "v": "tum",
                        "id": "P225938.9.1.1"
                      }
                    ]
                  }
                },
                {
                  "node": "d",
                  "type": "line-start",
                  "ref": "P225938.10",
                  "n": "7",
                  "label": "o i 7"
                },
                {
                  "node": "l",
                  "frag": "saŋ-dun₃",
                  "id": "P225938.l07de3",
                  "ref": "P225938.10.1",
                  "inst": "%sux:saŋ-dun₃=",
                  "f": {
                    "lang": "sux",
                    "form": "saŋ-dun₃",
                    "gdl": [
                      {
                        "v": "saŋ",
                        "id": "P225938.10.1.0",
                        "delim": "-"
                      },
                      {
                        "v": "dun₃",
                        "id": "P225938.10.1.1"
                      }
                    ]
                  }
                },
                {
                  "node": "d",
                  "type": "line-start",
                  "ref": "P225938.11",
                  "n": "8",
                  "label": "o i 8"
                },
                {
                  "node": "l",
                  "frag": "{⸢mi₂⸣}ul₄-gal",
                  "id": "P225938.l07de4",
                  "ref": "P225938.11.1",
                  "inst": "%sux:{mi₂}ul₄-gal=",
                  "f": {
                    "lang": "sux",
                    "form": "{mi₂}ul₄-gal",
                    "gdl": [
                      {
                        "det": "semantic",
                        "pos": "pre",
                        "seq": [
                          {
                            "v": "mi₂",
                            "id": "P225938.11.1.0",
                            "break": "damaged",
                            "ho": "1",
                            "hc": "1"
                          }
                        ]
                      },
                      {
                        "v": "ul₄",
                        "id": "P225938.11.1.1",
                        "delim": "-"
                      },
                      {
                        "v": "gal",
                        "id": "P225938.11.1.2"
                      }
                    ]
                  }
                },
                {
                  "node": "d",
                  "type": "line-start",
                  "ref": "P225938.12",
                  "n": "9",
                  "label": "o i 9"
                },
                {
                  "node": "l",
                  "frag": "dub-sar",
                  "id": "P225938.l07de5",
                  "ref": "P225938.12.1",
                  "inst": "%sux:dub-sar=",
                  "f": {
                    "lang": "sux",
                    "form": "dub-sar",
                    "gdl": [
                      {
                        "v": "dub",
                        "id": "P225938.12.1.0",
                        "delim": "-"
                      },
                      {
                        "v": "sar",
                        "id": "P225938.12.1.1"
                      }
                    ]
                  }
                },
                {
                  "node": "d",
                  "type": "line-start",
                  "ref": "P225938.13",
                  "n": "10",
                  "label": "o i 10"
                },
                {
                  "node": "l",
                  "frag": "⸢lugal-ga⸣-nir",
                  "id": "P225938.l07de6",
                  "ref": "P225938.13.1",
                  "inst": "%sux:lugal-ga-nir=",
                  "f": {
                    "lang": "sux",
                    "form": "lugal-ga-nir",
                    "gdl": [
                      {
                        "v": "lugal",
                        "id": "P225938.13.1.0",
                        "break": "damaged",
                        "ho": "1",
                        "delim": "-"
                      },
                      {
                        "v": "ga",
                        "id": "P225938.13.1.1",
                        "break": "damaged",
                        "delim": "-",
                        "hc": "1"
                      },
                      {
                        "v": "nir",
                        "id": "P225938.13.1.2"
                      }
                    ]
                  }
                },
                {
                  "node": "d",
                  "type": "line-start",
                  "ref": "P225938.14",
                  "n": "11",
                  "label": "o i 11"
                },
                {
                  "node": "l",
                  "frag": "šagina(|KIŠ.[ARAD]|)",
                  "id": "P225938.l07de7",
                  "ref": "P225938.14.1",
                  "inst": "%sux:šagina(|KIŠ.ARAD|)=",
                  "f": {
                    "lang": "sux",
                    "form": "šagina(|KIŠ.ARAD|)",
                    "gdl": [
                      {
                        "q": "šagina(|KIŠ.ARAD|)",
                        "id": "P225938.14.1.0",
                        "break": "damaged",
                        "ho": "1",
                        "hc": "1",
                        "qualified": [
                          {
                            "v": "šagina"
                          },
                          {
                            "c": "|KIŠ.ARAD|",
                            "seq": [
                              {
                                "s": "KIŠ",
                                "break": "damaged"
                              },
                              {
                                "o": "beside"
                              },
                              {
                                "s": "ARAD",
                                "o": "]"
                              }
                            ]
                          }
                        ]
                      }
                    ]
                  }
                },
                {
                  "node": "d",
                  "type": "nonx",
                  "ref": "P225938.15",
                  "strict": "1",
                  "extent": "rest",
                  "scope": "column",
                  "state": "missing"
                },
                {
                  "node": "d",
                  "subtype": "column 2o",
                  "type": "column",
                  "ref": "P225938.o.ii.16",
                  "n": "2",
                  "label": "o ii"
                },
                {
                  "node": "d",
                  "type": "nonx",
                  "ref": "P225938.17",
                  "strict": "1",
                  "extent": "1",
                  "scope": "line",
                  "state": "missing"
                },
                {
                  "node": "d",
                  "type": "line-start",
                  "ref": "P225938.18",
                  "n": "2",
                  "label": "o ii 2"
                },
                {
                  "node": "l",
                  "frag": "gal-⸢niŋir⸣",
                  "id": "P225938.l07de8",
                  "ref": "P225938.18.1",
                  "inst": "%sux:gal-niŋir=",
                  "f": {
                    "lang": "sux",
                    "form": "gal-niŋir",
                    "gdl": [
                      {
                        "v": "gal",
                        "id": "P225938.18.1.0",
                        "delim": "-"
                      },
                      {
                        "v": "niŋir",
                        "id": "P225938.18.1.1",
                        "break": "damaged",
                        "ho": "1",
                        "hc": "1"
                      }
                    ]
                  }
                },
                {
                  "node": "d",
                  "type": "line-start",
                  "ref": "P225938.19",
                  "n": "3",
                  "label": "o ii 3"
                },
                {
                  "node": "l",
                  "frag": "SAL-erin₂-UN",
                  "id": "P225938.l07de9",
                  "ref": "P225938.19.1",
                  "inst": "%sux:SAL-erin₂-UN=",
                  "f": {
                    "lang": "sux",
                    "form": "SAL-erin₂-UN",
                    "gdl": [
                      {
                        "s": "SAL",
                        "id": "P225938.19.1.0",
                        "delim": "-"
                      },
                      {
                        "v": "erin₂",
                        "id": "P225938.19.1.1",
                        "delim": "-"
                      },
                      {
                        "s": "UN",
                        "id": "P225938.19.1.2"
                      }
                    ]
                  }
                },
                {
                  "node": "d",
                  "type": "line-start",
                  "ref": "P225938.20",
                  "n": "4",
                  "label": "o ii 4"
                },
                {
                  "node": "l",
                  "frag": "niŋ₂-gu-sur",
                  "id": "P225938.l07dea",
                  "ref": "P225938.20.1",
                  "inst": "%sux:niŋ₂-gu-sur=",
                  "f": {
                    "lang": "sux",
                    "form": "niŋ₂-gu-sur",
                    "gdl": [
                      {
                        "v": "niŋ₂",
                        "id": "P225938.20.1.0",
                        "delim": "-"
                      },
                      {
                        "v": "gu",
                        "id": "P225938.20.1.1",
                        "delim": "-"
                      },
                      {
                        "v": "sur",
                        "id": "P225938.20.1.2"
                      }
                    ]
                  }
                },
                {
                  "node": "d",
                  "type": "line-start",
                  "ref": "P225938.21",
                  "n": "5",
                  "label": "o ii 5"
                },
                {
                  "node": "l",
                  "frag": "gu-gu",
                  "id": "P225938.l07deb",
                  "ref": "P225938.21.1",
                  "inst": "%sux:gu-gu=",
                  "f": {
                    "lang": "sux",
                    "form": "gu-gu",
                    "gdl": [
                      {
                        "v": "gu",
                        "id": "P225938.21.1.0",
                        "delim": "-"
                      },
                      {
                        "v": "gu",
                        "id": "P225938.21.1.1"
                      }
                    ]
                  }
                },
                {
                  "node": "d",
                  "type": "line-start",
                  "ref": "P225938.22",
                  "n": "6",
                  "label": "o ii 6"
                },
                {
                  "node": "l",
                  "frag": "šuš₃",
                  "id": "P225938.l07dec",
                  "ref": "P225938.22.1",
                  "inst": "%sux:šuš₃=",
                  "f": {
                    "lang": "sux",
                    "form": "šuš₃",
                    "gdl": [
                      {
                        "v": "šuš₃",
                        "id": "P225938.22.1.0"
                      }
                    ]
                  }
                },
                {
                  "node": "d",
                  "type": "line-start",
                  "ref": "P225938.23",
                  "n": "7",
                  "label": "o ii 7"
                },
                {
                  "node": "l",
                  "frag": "zimbir(|UD:(GIŠ%GIŠ).NUN|)",
                  "id": "P225938.l07ded",
                  "ref": "P225938.23.1",
                  "inst": "%sux:zimbir=",
                  "f": {
                    "lang": "sux",
                    "form": "zimbir",
                    "gdl": [
                      {
                        "gg": "correction",
                        "gdl_type": "correction",
                        "group": [
                          {
                            "v": "zimbir",
                            "id": "P225938.23.1.0",
                            "gdl_remarked": "1"
                          },
                          {
                            "c": "|UD:(GIŠ%GIŠ).NUN|",
                            "seq": [
                              {
                                "s": "UD"
                              },
                              {
                                "o": "reordered"
                              },
                              {
                                "gdl_remarked": "1",
                                "seq": [
                                  {
                                    "s": "GIŠ"
                                  },
                                  {
                                    "o": "crossing"
                                  },
                                  {
                                    "s": "GIŠ"
                                  }
                                ]
                              },
                              {
                                "o": "beside"
                              },
                              {
                                "s": "NUN"
                              }
                            ]
                          }
                        ]
                      }
                    ]
                  }
                },
                {
                  "node": "d",
                  "type": "line-start",
                  "ref": "P225938.24",
                  "n": "8",
                  "label": "o ii 8"
                },
                {
                  "node": "l",
                  "frag": "lugal-šu-du₇",
                  "id": "P225938.l07dee",
                  "ref": "P225938.24.1",
                  "inst": "%sux:lugal-šu-du₇=",
                  "f": {
                    "lang": "sux",
                    "form": "lugal-šu-du₇",
                    "gdl": [
                      {
                        "v": "lugal",
                        "id": "P225938.24.1.0",
                        "delim": "-"
                      },
                      {
                        "v": "šu",
                        "id": "P225938.24.1.1",
                        "delim": "-"
                      },
                      {
                        "v": "du₇",
                        "id": "P225938.24.1.2"
                      }
                    ]
                  }
                },
                {
                  "node": "d",
                  "type": "line-start",
                  "ref": "P225938.25",
                  "n": "9",
                  "label": "o ii 9"
                },
                {
                  "node": "l",
                  "frag": "⸢šidim⸣",
                  "id": "P225938.l07def",
                  "ref": "P225938.25.1",
                  "inst": "%sux:šidim=",
                  "f": {
                    "lang": "sux",
                    "form": "šidim",
                    "gdl": [
                      {
                        "v": "šidim",
                        "id": "P225938.25.1.0",
                        "break": "damaged",
                        "ho": "1",
                        "hc": "1"
                      }
                    ]
                  }
                },
                {
                  "node": "d",
                  "type": "line-start",
                  "ref": "P225938.26",
                  "n": "10",
                  "label": "o ii 10"
                },
                {
                  "node": "l",
                  "frag": "⸢ušum-edin⸣",
                  "id": "P225938.l07df0",
                  "ref": "P225938.26.1",
                  "inst": "%sux:ušum-edin=",
                  "f": {
                    "lang": "sux",
                    "form": "ušum-edin",
                    "gdl": [
                      {
                        "v": "ušum",
                        "id": "P225938.26.1.0",
                        "break": "damaged",
                        "ho": "1",
                        "delim": "-"
                      },
                      {
                        "v": "edin",
                        "id": "P225938.26.1.1",
                        "break": "damaged",
                        "hc": "1"
                      }
                    ]
                  }
                },
                {
                  "node": "d",
                  "type": "nonx",
                  "ref": "P225938.27",
                  "strict": "1",
                  "extent": "rest",
                  "scope": "column",
                  "state": "missing"
                },
                {
                  "node": "d",
                  "subtype": "column 3o",
                  "type": "column",
                  "ref": "P225938.o.iii.28",
                  "n": "3",
                  "label": "o iii"
                },
                {
                  "node": "d",
                  "type": "nonx",
                  "ref": "P225938.29",
                  "strict": "1",
                  "extent": "1",
                  "scope": "line",
                  "state": "missing"
                },
                {
                  "node": "d",
                  "type": "line-start",
                  "ref": "P225938.30",
                  "n": "2",
                  "label": "o iii 2"
                },
                {
                  "node": "l",
                  "frag": "x-[...]",
                  "id": "P225938.l07df1",
                  "ref": "P225938.30.1",
                  "inst": "%sux:x-x=",
                  "f": {
                    "lang": "sux",
                    "form": "x-x",
                    "gdl": [
                      {
                        "v": "x",
                        "id": "P225938.30.1.0",
                        "delim": "-"
                      },
                      {
                        "x": "ellipsis",
                        "id": "P225938.30.1.1",
                        "breakStart": "1",
                        "break": "missing",
                        "o": "]",
                        "breakEnd": "P225938.30.1.1"
                      }
                    ]
                  }
                },
                {
                  "node": "d",
                  "type": "line-start",
                  "ref": "P225938.31",
                  "n": "3",
                  "label": "o iii 3"
                },
                {
                  "node": "l",
                  "frag": "nu-⸢banda₃-ŋuruš⸣",
                  "id": "P225938.l07df2",
                  "ref": "P225938.31.1",
                  "inst": "%sux:nu-banda₃-ŋuruš=",
                  "f": {
                    "lang": "sux",
                    "form": "nu-banda₃-ŋuruš",
                    "gdl": [
                      {
                        "v": "nu",
                        "id": "P225938.31.1.0",
                        "delim": "-"
                      },
                      {
                        "v": "banda₃",
                        "id": "P225938.31.1.1",
                        "break": "damaged",
                        "ho": "1",
                        "delim": "-"
                      },
                      {
                        "v": "ŋuruš",
                        "id": "P225938.31.1.2",
                        "break": "damaged",
                        "hc": "1"
                      }
                    ]
                  }
                },
                {
                  "node": "d",
                  "type": "line-start",
                  "ref": "P225938.32",
                  "n": "4",
                  "label": "o iii 4"
                },
                {
                  "node": "l",
                  "frag": "ban-mes-⸢kalam⸣",
                  "id": "P225938.l07df3",
                  "ref": "P225938.32.1",
                  "inst": "%sux:ban-mes-kalam=",
                  "f": {
                    "lang": "sux",
                    "form": "ban-mes-kalam",
                    "gdl": [
                      {
                        "v": "ban",
                        "id": "P225938.32.1.0",
                        "delim": "-"
                      },
                      {
                        "v": "mes",
                        "id": "P225938.32.1.1",
                        "delim": "-"
                      },
                      {
                        "v": "kalam",
                        "id": "P225938.32.1.2",
                        "break": "damaged",
                        "ho": "1",
                        "hc": "1"
                      }
                    ]
                  }
                },
                {
                  "node": "d",
                  "type": "line-start",
                  "ref": "P225938.33",
                  "n": "5",
                  "label": "o iii 5"
                },
                {
                  "node": "l",
                  "frag": "ensi₂-TUR",
                  "id": "P225938.l07df4",
                  "ref": "P225938.33.1",
                  "inst": "%sux:ensi₂-TUR=",
                  "f": {
                    "lang": "sux",
                    "form": "ensi₂-TUR",
                    "gdl": [
                      {
                        "v": "ensi₂",
                        "id": "P225938.33.1.0",
                        "delim": "-"
                      },
                      {
                        "s": "TUR",
                        "id": "P225938.33.1.1"
                      }
                    ]
                  }
                },
                {
                  "node": "d",
                  "type": "line-start",
                  "ref": "P225938.34",
                  "n": "6",
                  "label": "o iii 6"
                },
                {
                  "node": "l",
                  "frag": "⸢ur-saŋ-gar₃⸣",
                  "id": "P225938.l07df5",
                  "ref": "P225938.34.1",
                  "inst": "%sux:ur-saŋ-gar₃=",
                  "f": {
                    "lang": "sux",
                    "form": "ur-saŋ-gar₃",
                    "gdl": [
                      {
                        "v": "ur",
                        "id": "P225938.34.1.0",
                        "break": "damaged",
                        "ho": "1",
                        "delim": "-"
                      },
                      {
                        "v": "saŋ",
                        "id": "P225938.34.1.1",
                        "break": "damaged",
                        "delim": "-"
                      },
                      {
                        "v": "gar₃",
                        "id": "P225938.34.1.2",
                        "break": "damaged",
                        "hc": "1"
                      }
                    ]
                  }
                },
                {
                  "node": "d",
                  "type": "line-start",
                  "ref": "P225938.35",
                  "n": "7",
                  "label": "o iii 7"
                },
                {
                  "node": "l",
                  "frag": "⸢ŋeš-ti⸣-[...]",
                  "id": "P225938.l07df6",
                  "ref": "P225938.35.1",
                  "inst": "%sux:ŋeš-ti-x=",
                  "f": {
                    "lang": "sux",
                    "form": "ŋeš-ti-x",
                    "gdl": [
                      {
                        "v": "ŋeš",
                        "id": "P225938.35.1.0",
                        "break": "damaged",
                        "ho": "1",
                        "delim": "-"
                      },
                      {
                        "v": "ti",
                        "id": "P225938.35.1.1",
                        "break": "damaged",
                        "delim": "-",
                        "hc": "1"
                      },
                      {
                        "x": "ellipsis",
                        "id": "P225938.35.1.2",
                        "breakStart": "1",
                        "break": "missing",
                        "o": "]",
                        "breakEnd": "P225938.35.1.2"
                      }
                    ]
                  }
                },
                {
                  "node": "d",
                  "type": "line-start",
                  "ref": "P225938.36",
                  "n": "8",
                  "label": "o iii 8"
                },
                {
                  "node": "l",
                  "frag": "a-[ul₄-gal]",
                  "id": "P225938.l07df7",
                  "ref": "P225938.36.1",
                  "inst": "%sux:a-ul₄-gal=",
                  "f": {
                    "lang": "sux",
                    "form": "a-ul₄-gal",
                    "gdl": [
                      {
                        "v": "a",
                        "id": "P225938.36.1.0",
                        "delim": "-"
                      },
                      {
                        "v": "ul₄",
                        "id": "P225938.36.1.1",
                        "breakStart": "1",
                        "o": "[",
                        "break": "missing",
                        "delim": "-"
                      },
                      {
                        "v": "gal",
                        "id": "P225938.36.1.2",
                        "break": "missing",
                        "o": "]",
                        "breakEnd": "P225938.36.1.1"
                      }
                    ]
                  }
                },
                {
                  "node": "d",
                  "type": "nonx",
                  "ref": "P225938.37",
                  "strict": "1",
                  "extent": "rest",
                  "scope": "column",
                  "state": "missing"
                },
                {
                  "node": "d",
                  "subtype": "column 4o",
                  "type": "column",
                  "ref": "P225938.o.iv.38",
                  "n": "4",
                  "label": "o iv"
                },
                {
                  "node": "d",
                  "type": "nonx",
                  "ref": "P225938.39",
                  "strict": "1",
                  "extent": "1",
                  "scope": "line",
                  "state": "missing"
                },
                {
                  "node": "d",
                  "type": "line-start",
                  "ref": "P225938.40",
                  "n": "2",
                  "label": "o iv 2"
                },
                {
                  "node": "l",
                  "frag": "[...]",
                  "id": "P225938.l07df8",
                  "ref": "P225938.40.1",
                  "inst": "%sux:x=",
                  "f": {
                    "lang": "sux",
                    "form": "x",
                    "gdl": [
                      {
                        "x": "ellipsis",
                        "id": "P225938.40.1.0",
                        "breakStart": "1",
                        "break": "missing",
                        "o": "]",
                        "breakEnd": "P225938.40.1.0"
                      }
                    ]
                  }
                },
                {
                  "node": "d",
                  "type": "line-start",
                  "ref": "P225938.41",
                  "n": "3",
                  "label": "o iv 3"
                },
                {
                  "node": "l",
                  "frag": "a:zu₅",
                  "id": "P225938.l07df9",
                  "ref": "P225938.41.1",
                  "inst": "%sux:a-zu₅=",
                  "f": {
                    "lang": "sux",
                    "form": "a-zu₅",
                    "gdl": [
                      {
                        "gg": "reordering",
                        "gdl_type": "reordering",
                        "group": [
                          {
                            "v": "a",
                            "id": "P225938.41.1.0",
                            "delim": ":"
                          },
                          {
                            "v": "zu₅",
                            "id": "P225938.41.1.1"
                          }
                        ]
                      }
                    ]
                  }
                },
                {
                  "node": "d",
                  "type": "line-start",
                  "ref": "P225938.42",
                  "n": "4",
                  "label": "o iv 4"
                },
                {
                  "node": "l",
                  "frag": "{da}IGI-[LAK527]",
                  "id": "P225938.l07dfa",
                  "ref": "P225938.42.1",
                  "inst": "%sux:{da}IGI-LAK527=",
                  "f": {
                    "lang": "sux",
                    "form": "{da}IGI-LAK527",
                    "gdl": [
                      {
                        "det": "semantic",
                        "pos": "pre",
                        "seq": [
                          {
                            "v": "da",
                            "id": "P225938.42.1.0"
                          }
                        ]
                      },
                      {
                        "s": "IGI",
                        "id": "P225938.42.1.1",
                        "delim": "-"
                      },
                      {
                        "s": "LAK527",
                        "id": "P225938.42.1.2",
                        "breakStart": "1",
                        "o": "]",
                        "break": "missing",
                        "breakEnd": "P225938.42.1.2"
                      }
                    ]
                  }
                },
                {
                  "node": "d",
                  "type": "line-start",
                  "ref": "P225938.43",
                  "n": "5",
                  "label": "o iv 5"
                },
                {
                  "node": "l",
                  "frag": "saŋ-⸢SUM⸣",
                  "id": "P225938.l07dfb",
                  "ref": "P225938.43.1",
                  "inst": "%sux:saŋ-SUM=",
                  "f": {
                    "lang": "sux",
                    "form": "saŋ-SUM",
                    "gdl": [
                      {
                        "v": "saŋ",
                        "id": "P225938.43.1.0",
                        "delim": "-"
                      },
                      {
                        "s": "SUM",
                        "id": "P225938.43.1.1",
                        "break": "damaged",
                        "ho": "1",
                        "hc": "1"
                      }
                    ]
                  }
                },
                {
                  "node": "d",
                  "type": "nonx",
                  "ref": "P225938.44",
                  "strict": "1",
                  "extent": "rest",
                  "scope": "column",
                  "state": "missing"
                }
              ]
            }
          ]
        }
      ]
    }
  ]
}
