{
  "type": "cdl",
  "project": "dcclt",
  "source": "http://oracc.org/dcclt",
  "license": "This data is released under the CC0 license",
  "license-url": "https://creativecommons.org/publicdomain/zero/1.0/",
  "more-info": "http://oracc.org/doc/opendata/",
  "UTC-timestamp": "2018-02-26T12:48:47",
  "textid": "P225105",
  "cdl": [
    {
      "node": "c",
      "type": "text",
      "id": "P225105.U0",
      "cdl": [
        {
          "node": "d",
          "subtype": "tablet",
          "type": "tablet",
          "ref": "P225105.x2258.1",
          "label": "x2258"
        },
        {
          "node": "d",
          "subtype": "obverse",
          "type": "obverse",
          "ref": "P225105.o.2",
          "label": "o"
        },
        {
          "node": "d",
          "subtype": "column 1o",
          "type": "column",
          "ref": "P225105.o.i.3",
          "n": "1",
          "label": "o i"
        },
        {
          "node": "c",
          "type": "discourse",
          "subtype": "body",
          "id": "P225105.U1",
          "cdl": [
            {
              "node": "c",
              "type": "sentence",
              "implicit": "yes",
              "id": "P225105.U2",
              "label": "o i 1 - o i 3",
              "cdl": [
                {
                  "node": "d",
                  "type": "line-start",
                  "ref": "P225105.4",
                  "n": "1",
                  "label": "o i 1"
                },
                {
                  "node": "l",
                  "frag": "1/3(diš)",
                  "id": "P225105.l543b2",
                  "ref": "P225105.4.1",
                  "inst": "%sux:1/3(diš)=",
                  "f": {
                    "lang": "sux",
                    "form": "1/3(diš)",
                    "delim": "",
                    "gdl": [
                      {
                        "n": "n",
                        "form": "1/3(diš)",
                        "id": "P225105.4.1.0",
                        "seq": [
                          {
                            "r": "1/3"
                          },
                          {
                            "v": "diš"
                          }
                        ]
                      }
                    ]
                  }
                },
                {
                  "node": "l",
                  "frag": "šar",
                  "id": "P225105.l543b3",
                  "ref": "P225105.4.2",
                  "inst": "%sux:šar=",
                  "f": {
                    "lang": "sux",
                    "form": "šar",
                    "gdl": [
                      {
                        "v": "šar",
                        "id": "P225105.4.2.0"
                      }
                    ]
                  }
                },
                {
                  "node": "d",
                  "type": "line-start",
                  "ref": "P225105.5",
                  "n": "2",
                  "label": "o i 2"
                },
                {
                  "node": "l",
                  "frag": "1/2(diš)",
                  "id": "P225105.l543b4",
                  "ref": "P225105.5.1",
                  "inst": "%sux:1/2(diš)=",
                  "f": {
                    "lang": "sux",
                    "form": "1/2(diš)",
                    "delim": "",
                    "gdl": [
                      {
                        "n": "n",
                        "form": "1/2(diš)",
                        "id": "P225105.5.1.0",
                        "seq": [
                          {
                            "r": "1/2"
                          },
                          {
                            "v": "diš"
                          }
                        ]
                      }
                    ]
                  }
                },
                {
                  "node": "l",
                  "frag": "šar",
                  "id": "P225105.l543b5",
                  "ref": "P225105.5.2",
                  "inst": "%sux:šar=",
                  "f": {
                    "lang": "sux",
                    "form": "šar",
                    "gdl": [
                      {
                        "v": "šar",
                        "id": "P225105.5.2.0"
                      }
                    ]
                  }
                },
                {
                  "node": "d",
                  "type": "line-start",
                  "ref": "P225105.6",
                  "n": "3",
                  "label": "o i 3"
                },
                {
                  "node": "l",
                  "frag": "2/3(diš)",
                  "id": "P225105.l543b6",
                  "ref": "P225105.6.1",
                  "inst": "%sux:2/3(diš)=",
                  "f": {
                    "lang": "sux",
                    "form": "2/3(diš)",
                    "delim": "",
                    "gdl": [
                      {
                        "n": "n",
                        "form": "2/3(diš)",
                        "id": "P225105.6.1.0",
                        "seq": [
                          {
                            "r": "2/3"
                          },
                          {
                            "v": "diš"
                          }
                        ]
                      }
                    ]
                  }
                },
                {
                  "node": "l",
                  "frag": "⸢šar⸣",
                  "id": "P225105.l543b7",
                  "ref": "P225105.6.2",
                  "inst": "%sux:šar=",
                  "f": {
                    "lang": "sux",
                    "form": "šar",
                    "gdl": [
                      {
                        "v": "šar",
                        "id": "P225105.6.2.0",
                        "break": "damaged",
                        "ho": "1",
                        "hc": "1"
                      }
                    ]
                  }
                }
              ]
            }
          ]
        }
      ]
    }
  ]
}
