{
  "type": "cdl",
  "project": "dcclt",
  "source": "http://oracc.org/dcclt",
  "license": "This data is released under the CC0 license",
  "license-url": "https://creativecommons.org/publicdomain/zero/1.0/",
  "more-info": "http://oracc.org/doc/opendata/",
  "UTC-timestamp": "2018-02-26T12:48:53",
  "textid": "P225917",
  "cdl": [
    {
      "node": "c",
      "type": "text",
      "id": "P225917.U0",
      "cdl": [
        {
          "node": "d",
          "subtype": "tablet",
          "type": "tablet",
          "ref": "P225917.x92.1",
          "label": "x92"
        },
        {
          "node": "d",
          "subtype": "obverse",
          "type": "obverse",
          "ref": "P225917.o.2",
          "label": "o"
        },
        {
          "node": "d",
          "subtype": "column 1o",
          "type": "column",
          "ref": "P225917.o.i.3",
          "n": "1",
          "label": "o i"
        },
        {
          "node": "d",
          "type": "nonx",
          "ref": "P225917.4",
          "strict": "1",
          "extent": "1",
          "scope": "line",
          "state": "missing"
        },
        {
          "node": "c",
          "type": "discourse",
          "subtype": "body",
          "id": "P225917.U1",
          "cdl": [
            {
              "node": "c",
              "type": "sentence",
              "implicit": "yes",
              "id": "P225917.U2",
              "label": "o i 2 - o ii 3",
              "cdl": [
                {
                  "node": "d",
                  "type": "line-start",
                  "ref": "P225917.5",
                  "n": "2",
                  "label": "o i 2"
                },
                {
                  "node": "l",
                  "frag": "nibru(|[EN].E₂|)",
                  "id": "P225917.l076e0",
                  "ref": "P225917.5.1",
                  "inst": "%sux:nibru(|EN.E₂|)=",
                  "f": {
                    "lang": "sux",
                    "form": "nibru(|EN.E₂|)",
                    "gdl": [
                      {
                        "q": "nibru(|EN.E₂|)",
                        "id": "P225917.5.1.0",
                        "break": "damaged",
                        "ho": "1",
                        "hc": "1",
                        "qualified": [
                          {
                            "v": "nibru"
                          },
                          {
                            "c": "|EN.E₂|",
                            "seq": [
                              {
                                "s": "EN",
                                "o": "]"
                              },
                              {
                                "o": "beside"
                              },
                              {
                                "s": "E₂"
                              }
                            ]
                          }
                        ]
                      }
                    ]
                  }
                },
                {
                  "node": "d",
                  "type": "line-start",
                  "ref": "P225917.6",
                  "n": "3",
                  "label": "o i 3"
                },
                {
                  "node": "l",
                  "frag": "ararma(|[UD].AB@g|)",
                  "id": "P225917.l076e1",
                  "ref": "P225917.6.1",
                  "inst": "%sux:ararma(|UD.AB@g|)=",
                  "f": {
                    "lang": "sux",
                    "form": "ararma(|UD.AB@g|)",
                    "gdl": [
                      {
                        "q": "ararma(|UD.AB@g|)",
                        "id": "P225917.6.1.0",
                        "break": "damaged",
                        "ho": "1",
                        "hc": "1",
                        "qualified": [
                          {
                            "v": "ararma"
                          },
                          {
                            "c": "|UD.AB@g|",
                            "seq": [
                              {
                                "s": "UD",
                                "o": "]"
                              },
                              {
                                "o": "beside"
                              },
                              {
                                "form": "AB@g",
                                "mods": [
                                  {
                                    "b": "AB"
                                  },
                                  {
                                    "m": "g"
                                  }
                                ]
                              }
                            ]
                          }
                        ]
                      }
                    ]
                  }
                },
                {
                  "node": "d",
                  "type": "line-start",
                  "ref": "P225917.7",
                  "n": "4",
                  "label": "o i 4"
                },
                {
                  "node": "l",
                  "frag": "unug",
                  "id": "P225917.l076e2",
                  "ref": "P225917.7.1",
                  "inst": "%sux:unug=",
                  "f": {
                    "lang": "sux",
                    "form": "unug",
                    "gdl": [
                      {
                        "v": "unug",
                        "id": "P225917.7.1.0"
                      }
                    ]
                  }
                },
                {
                  "node": "d",
                  "type": "nonx",
                  "ref": "P225917.8",
                  "strict": "1",
                  "extent": "rest",
                  "scope": "column",
                  "state": "missing"
                },
                {
                  "node": "d",
                  "subtype": "column 2o",
                  "type": "column",
                  "ref": "P225917.o.ii.9",
                  "n": "2",
                  "label": "o ii"
                },
                {
                  "node": "d",
                  "type": "nonx",
                  "ref": "P225917.10",
                  "strict": "1",
                  "extent": "1",
                  "scope": "line",
                  "state": "missing"
                },
                {
                  "node": "d",
                  "type": "line-start",
                  "ref": "P225917.11",
                  "n": "2",
                  "label": "o ii 2"
                },
                {
                  "node": "l",
                  "frag": "ub-[...]",
                  "id": "P225917.l076e3",
                  "ref": "P225917.11.1",
                  "inst": "%sux:ub-x=",
                  "f": {
                    "lang": "sux",
                    "form": "ub-x",
                    "gdl": [
                      {
                        "v": "ub",
                        "id": "P225917.11.1.0",
                        "delim": "-"
                      },
                      {
                        "x": "ellipsis",
                        "id": "P225917.11.1.1",
                        "breakStart": "1",
                        "break": "missing",
                        "o": "]",
                        "breakEnd": "P225917.11.1.1"
                      }
                    ]
                  }
                },
                {
                  "node": "d",
                  "type": "line-start",
                  "ref": "P225917.12",
                  "n": "3",
                  "label": "o ii 3"
                },
                {
                  "node": "l",
                  "frag": "nergalₓ(|KIŠ.[AB@g]|)",
                  "id": "P225917.l076e4",
                  "ref": "P225917.12.1",
                  "inst": "%sux:nergalₓ(|KIŠ.AB@g|)=",
                  "f": {
                    "lang": "sux",
                    "form": "nergalₓ(|KIŠ.AB@g|)",
                    "gdl": [
                      {
                        "q": "nergalₓ(|KIŠ.AB@g|)",
                        "id": "P225917.12.1.0",
                        "break": "damaged",
                        "ho": "1",
                        "hc": "1",
                        "qualified": [
                          {
                            "v": "nergalₓ"
                          },
                          {
                            "c": "|KIŠ.AB@g|",
                            "seq": [
                              {
                                "s": "KIŠ"
                              },
                              {
                                "o": "beside"
                              },
                              {
                                "form": "AB@g",
                                "o": "]",
                                "mods": [
                                  {
                                    "b": "AB"
                                  },
                                  {
                                    "m": "g"
                                  }
                                ]
                              }
                            ]
                          }
                        ]
                      }
                    ]
                  }
                },
                {
                  "node": "d",
                  "type": "nonx",
                  "ref": "P225917.13",
                  "strict": "1",
                  "extent": "rest",
                  "scope": "column",
                  "state": "missing"
                }
              ]
            }
          ]
        }
      ]
    }
  ]
}
