{
  "type": "cdl",
  "project": "dcclt",
  "source": "http://oracc.org/dcclt",
  "license": "This data is released under the CC0 license",
  "license-url": "https://creativecommons.org/publicdomain/zero/1.0/",
  "more-info": "http://oracc.org/doc/opendata/",
  "UTC-timestamp": "2018-02-26T12:49:25",
  "textid": "P227927",
  "cdl": [
    {
      "node": "c",
      "type": "text",
      "id": "P227927.U0",
      "cdl": [
        {
          "node": "d",
          "subtype": "tablet",
          "type": "tablet",
          "ref": "P227927.x1145.1",
          "label": "x1145"
        },
        {
          "node": "d",
          "subtype": "obverse",
          "type": "obverse",
          "ref": "P227927.o.2",
          "label": "o"
        },
        {
          "node": "d",
          "subtype": "column 1o",
          "type": "column",
          "ref": "P227927.o.i.3",
          "n": "1",
          "label": "o i"
        },
        {
          "node": "c",
          "type": "discourse",
          "subtype": "body",
          "id": "P227927.U1",
          "cdl": [
            {
              "node": "c",
              "type": "sentence",
              "implicit": "yes",
              "id": "P227927.U2",
              "label": "o i 1' - o i 7'",
              "cdl": [
                {
                  "node": "d",
                  "type": "line-start",
                  "ref": "P227927.4",
                  "n": "1'",
                  "label": "o i 1'"
                },
                {
                  "node": "l",
                  "frag": "[šu]-⸢gur₅⸣",
                  "id": "P227927.l27468",
                  "ref": "P227927.4.1",
                  "inst": "šuguru[product]",
                  "sig": "@dcclt%sux:šu-gur₅=šuguru[~dates//a product or container of dates]N'N$šuguru/šu-guru₅#~",
                  "f": {
                    "lang": "sux",
                    "form": "šu-gur₅",
                    "delim": "",
                    "gdl": [
                      {
                        "v": "šu",
                        "id": "P227927.4.1.0",
                        "breakStart": "1",
                        "o": "]",
                        "break": "missing",
                        "breakEnd": "P227927.4.1.0",
                        "delim": "-"
                      },
                      {
                        "v": "gur₅",
                        "id": "P227927.4.1.1",
                        "break": "damaged",
                        "queried": "1",
                        "ho": "1",
                        "hc": "1"
                      }
                    ],
                    "cf": "šuguru",
                    "gw": "~dates",
                    "sense": "a product or container of dates",
                    "norm0": "šuguru",
                    "pos": "N",
                    "epos": "N",
                    "base": "šu-guru₅",
                    "morph": "~"
                  }
                },
                {
                  "node": "l",
                  "frag": "[...]",
                  "id": "P227927.l27469",
                  "ref": "P227927.4.2",
                  "inst": "u",
                  "f": {
                    "lang": "sux",
                    "form": "x",
                    "gdl": [
                      {
                        "x": "ellipsis",
                        "id": "P227927.4.2.0",
                        "breakStart": "1",
                        "break": "missing",
                        "o": "]",
                        "breakEnd": "P227927.4.2.0"
                      }
                    ],
                    "pos": "u"
                  }
                },
                {
                  "node": "d",
                  "type": "nonx",
                  "ref": "P227927.5",
                  "strict": "1",
                  "extent": "2",
                  "scope": "line",
                  "state": "ruling"
                },
                {
                  "node": "d",
                  "type": "line-start",
                  "ref": "P227927.6",
                  "n": "2'",
                  "label": "o i 2'"
                },
                {
                  "node": "l",
                  "frag": "[u₄]-hi-[in]",
                  "id": "P227927.l2746a",
                  "ref": "P227927.6.1",
                  "inst": "uhin[date]",
                  "sig": "@dcclt%sux:u₄-hi-in=uhin[date//fresh date]N'N$uhin/u₄-hi-in#~",
                  "f": {
                    "lang": "sux",
                    "form": "u₄-hi-in",
                    "gdl": [
                      {
                        "v": "u₄",
                        "id": "P227927.6.1.0",
                        "breakStart": "1",
                        "o": "]",
                        "break": "missing",
                        "breakEnd": "P227927.6.1.0",
                        "delim": "-"
                      },
                      {
                        "v": "hi",
                        "id": "P227927.6.1.1",
                        "delim": "-"
                      },
                      {
                        "v": "in",
                        "id": "P227927.6.1.2",
                        "breakStart": "1",
                        "o": "]",
                        "break": "missing",
                        "breakEnd": "P227927.6.1.2"
                      }
                    ],
                    "cf": "uhin",
                    "gw": "date",
                    "sense": "fresh date",
                    "norm0": "uhin",
                    "pos": "N",
                    "epos": "N",
                    "base": "u₄-hi-in",
                    "morph": "~"
                  }
                },
                {
                  "node": "d",
                  "type": "line-start",
                  "ref": "P227927.7",
                  "n": "3'",
                  "label": "o i 3'"
                },
                {
                  "node": "l",
                  "frag": "[u₄]-hi-in",
                  "id": "P227927.l2746b",
                  "ref": "P227927.7.1",
                  "inst": "uhin[date]",
                  "sig": "@dcclt%sux:u₄-hi-in=uhin[date//fresh date]N'N$uhin/u₄-hi-in#~",
                  "f": {
                    "lang": "sux",
                    "form": "u₄-hi-in",
                    "delim": "",
                    "gdl": [
                      {
                        "v": "u₄",
                        "id": "P227927.7.1.0",
                        "breakStart": "1",
                        "o": "]",
                        "break": "missing",
                        "breakEnd": "P227927.7.1.0",
                        "delim": "-"
                      },
                      {
                        "v": "hi",
                        "id": "P227927.7.1.1",
                        "delim": "-"
                      },
                      {
                        "v": "in",
                        "id": "P227927.7.1.2"
                      }
                    ],
                    "cf": "uhin",
                    "gw": "date",
                    "sense": "fresh date",
                    "norm0": "uhin",
                    "pos": "N",
                    "epos": "N",
                    "base": "u₄-hi-in",
                    "morph": "~"
                  }
                },
                {
                  "node": "l",
                  "frag": "[babbar]",
                  "id": "P227927.l2746c",
                  "ref": "P227927.7.2",
                  "inst": "babbar[white]",
                  "sig": "@dcclt%sux:babbar=babbar[white//(to be) white]V/i'V/i$babbar/babbar#~",
                  "f": {
                    "lang": "sux",
                    "form": "babbar",
                    "gdl": [
                      {
                        "v": "babbar",
                        "id": "P227927.7.2.0",
                        "breakStart": "1",
                        "o": "]",
                        "break": "missing",
                        "breakEnd": "P227927.7.2.0"
                      }
                    ],
                    "cf": "babbar",
                    "gw": "white",
                    "sense": "(to be) white",
                    "norm0": "babbar",
                    "pos": "V/i",
                    "epos": "V/i",
                    "base": "babbar",
                    "morph": "~"
                  }
                },
                {
                  "node": "d",
                  "type": "line-start",
                  "ref": "P227927.8",
                  "n": "4'",
                  "label": "o i 4'"
                },
                {
                  "node": "l",
                  "frag": "[u₄]-hi-in",
                  "id": "P227927.l2746d",
                  "ref": "P227927.8.1",
                  "inst": "uhin[date]",
                  "sig": "@dcclt%sux:u₄-hi-in=uhin[date//fresh date]N'N$uhin/u₄-hi-in#~",
                  "f": {
                    "lang": "sux",
                    "form": "u₄-hi-in",
                    "delim": "",
                    "gdl": [
                      {
                        "v": "u₄",
                        "id": "P227927.8.1.0",
                        "breakStart": "1",
                        "o": "]",
                        "break": "missing",
                        "breakEnd": "P227927.8.1.0",
                        "delim": "-"
                      },
                      {
                        "v": "hi",
                        "id": "P227927.8.1.1",
                        "delim": "-"
                      },
                      {
                        "v": "in",
                        "id": "P227927.8.1.2"
                      }
                    ],
                    "cf": "uhin",
                    "gw": "date",
                    "sense": "fresh date",
                    "norm0": "uhin",
                    "pos": "N",
                    "epos": "N",
                    "base": "u₄-hi-in",
                    "morph": "~"
                  }
                },
                {
                  "node": "l",
                  "frag": "⸢kukku₅⸣",
                  "id": "P227927.l2746e",
                  "ref": "P227927.8.2",
                  "inst": "kukkug[dark]",
                  "sig": "@dcclt%sux:kukku₅=kukkug[dark//(to be) dark]V/i'V/i$kukkug/kukku₅#~",
                  "f": {
                    "lang": "sux",
                    "form": "kukku₅",
                    "gdl": [
                      {
                        "v": "kukku₅",
                        "id": "P227927.8.2.0",
                        "break": "damaged",
                        "ho": "1",
                        "hc": "1"
                      }
                    ],
                    "cf": "kukkug",
                    "gw": "dark",
                    "sense": "(to be) dark",
                    "norm0": "kukkug",
                    "pos": "V/i",
                    "epos": "V/i",
                    "base": "kukku₅",
                    "morph": "~"
                  }
                },
                {
                  "node": "d",
                  "type": "line-start",
                  "ref": "P227927.9",
                  "n": "5'",
                  "label": "o i 5'"
                },
                {
                  "node": "l",
                  "frag": "[u₄]-hi-in",
                  "id": "P227927.l2746f",
                  "ref": "P227927.9.1",
                  "inst": "uhin[date]",
                  "sig": "@dcclt%sux:u₄-hi-in=uhin[date//fresh date]N'N$uhin/u₄-hi-in#~",
                  "f": {
                    "lang": "sux",
                    "form": "u₄-hi-in",
                    "delim": "",
                    "gdl": [
                      {
                        "v": "u₄",
                        "id": "P227927.9.1.0",
                        "breakStart": "1",
                        "o": "]",
                        "break": "missing",
                        "breakEnd": "P227927.9.1.0",
                        "delim": "-"
                      },
                      {
                        "v": "hi",
                        "id": "P227927.9.1.1",
                        "delim": "-"
                      },
                      {
                        "v": "in",
                        "id": "P227927.9.1.2"
                      }
                    ],
                    "cf": "uhin",
                    "gw": "date",
                    "sense": "fresh date",
                    "norm0": "uhin",
                    "pos": "N",
                    "epos": "N",
                    "base": "u₄-hi-in",
                    "morph": "~"
                  }
                },
                {
                  "node": "l",
                  "frag": "su₄-⸢a⸣",
                  "id": "P227927.l27470",
                  "ref": "P227927.9.2",
                  "inst": "su[red]",
                  "sig": "@dcclt%sux:su₄-a=su[red//red]V/i'V/i$su;a/su₄#~;a",
                  "f": {
                    "lang": "sux",
                    "form": "su₄-a",
                    "gdl": [
                      {
                        "v": "su₄",
                        "id": "P227927.9.2.0",
                        "delim": "-"
                      },
                      {
                        "v": "a",
                        "id": "P227927.9.2.1",
                        "break": "damaged",
                        "ho": "1",
                        "hc": "1"
                      }
                    ],
                    "cf": "su",
                    "gw": "red",
                    "sense": "red",
                    "norm0": "su;a",
                    "pos": "V/i",
                    "epos": "V/i",
                    "base": "su₄",
                    "morph": "~;a"
                  }
                },
                {
                  "node": "d",
                  "type": "line-start",
                  "ref": "P227927.10",
                  "n": "6'",
                  "label": "o i 6'"
                },
                {
                  "node": "l",
                  "frag": "[u₄]-hi-in",
                  "id": "P227927.l27471",
                  "ref": "P227927.10.1",
                  "inst": "uhin[date]",
                  "sig": "@dcclt%sux:u₄-hi-in=uhin[date//fresh date]N'N$uhin/u₄-hi-in#~",
                  "f": {
                    "lang": "sux",
                    "form": "u₄-hi-in",
                    "delim": "",
                    "gdl": [
                      {
                        "v": "u₄",
                        "id": "P227927.10.1.0",
                        "breakStart": "1",
                        "o": "]",
                        "break": "missing",
                        "breakEnd": "P227927.10.1.0",
                        "delim": "-"
                      },
                      {
                        "v": "hi",
                        "id": "P227927.10.1.1",
                        "delim": "-"
                      },
                      {
                        "v": "in",
                        "id": "P227927.10.1.2"
                      }
                    ],
                    "cf": "uhin",
                    "gw": "date",
                    "sense": "fresh date",
                    "norm0": "uhin",
                    "pos": "N",
                    "epos": "N",
                    "base": "u₄-hi-in",
                    "morph": "~"
                  }
                },
                {
                  "node": "l",
                  "frag": "⸢sig₇⸣-[sig₇]",
                  "id": "P227927.l27472",
                  "ref": "P227927.10.2",
                  "inst": "sissig[green]",
                  "sig": "@dcclt%sux:sig₇-sig₇=sissig[green//green]V/i'V/i$sissig/sig₇-sig₇#~",
                  "f": {
                    "lang": "sux",
                    "form": "sig₇-sig₇",
                    "gdl": [
                      {
                        "v": "sig₇",
                        "id": "P227927.10.2.0",
                        "break": "damaged",
                        "ho": "1",
                        "delim": "-",
                        "hc": "1"
                      },
                      {
                        "v": "sig₇",
                        "id": "P227927.10.2.1",
                        "breakStart": "1",
                        "o": "]",
                        "break": "missing",
                        "breakEnd": "P227927.10.2.1"
                      }
                    ],
                    "cf": "sissig",
                    "gw": "green",
                    "sense": "green",
                    "norm0": "sissig",
                    "pos": "V/i",
                    "epos": "V/i",
                    "base": "sig₇-sig₇",
                    "morph": "~"
                  }
                },
                {
                  "node": "d",
                  "type": "line-start",
                  "ref": "P227927.11",
                  "n": "7'",
                  "label": "o i 7'"
                },
                {
                  "node": "l",
                  "frag": "[u₄-hi]-in",
                  "id": "P227927.l27473",
                  "ref": "P227927.11.1",
                  "inst": "uhin[date]",
                  "sig": "@dcclt%sux:u₄-hi-in=uhin[date//fresh date]N'N$uhin/u₄-hi-in#~",
                  "f": {
                    "lang": "sux",
                    "form": "u₄-hi-in",
                    "delim": "",
                    "gdl": [
                      {
                        "v": "u₄",
                        "id": "P227927.11.1.0",
                        "breakStart": "1",
                        "o": "[",
                        "break": "missing",
                        "delim": "-"
                      },
                      {
                        "v": "hi",
                        "id": "P227927.11.1.1",
                        "break": "missing",
                        "o": "]",
                        "breakEnd": "P227927.11.1.0",
                        "delim": "-"
                      },
                      {
                        "v": "in",
                        "id": "P227927.11.1.2"
                      }
                    ],
                    "cf": "uhin",
                    "gw": "date",
                    "sense": "fresh date",
                    "norm0": "uhin",
                    "pos": "N",
                    "epos": "N",
                    "base": "u₄-hi-in",
                    "morph": "~"
                  }
                },
                {
                  "node": "l",
                  "frag": "[...]",
                  "id": "P227927.l27474",
                  "ref": "P227927.11.2",
                  "inst": "u",
                  "f": {
                    "lang": "sux",
                    "form": "x",
                    "gdl": [
                      {
                        "x": "ellipsis",
                        "id": "P227927.11.2.0",
                        "breakStart": "1",
                        "break": "missing",
                        "o": "]",
                        "breakEnd": "P227927.11.2.0"
                      }
                    ],
                    "pos": "u"
                  }
                }
              ]
            }
          ]
        }
      ]
    }
  ]
}
