{
  "type": "cdl",
  "project": "dcclt",
  "source": "http://oracc.org/dcclt",
  "license": "This data is released under the CC0 license",
  "license-url": "https://creativecommons.org/publicdomain/zero/1.0/",
  "more-info": "http://oracc.org/doc/opendata/",
  "UTC-timestamp": "2018-02-26T12:49:05",
  "textid": "P227649",
  "cdl": [
    {
      "node": "c",
      "type": "text",
      "id": "P227649.U0",
      "cdl": [
        {
          "node": "d",
          "type": "object",
          "ref": ""
        },
        {
          "node": "d",
          "subtype": "obverse",
          "type": "obverse",
          "ref": "P227649.o.1",
          "label": "o"
        },
        {
          "node": "d",
          "type": "nonx",
          "ref": "P227649.2",
          "strict": "1",
          "extent": "n",
          "scope": "line",
          "state": "missing"
        },
        {
          "node": "c",
          "type": "discourse",
          "subtype": "body",
          "id": "P227649.U1",
          "cdl": [
            {
              "node": "c",
              "type": "sentence",
              "implicit": "yes",
              "id": "P227649.U2",
              "label": "o 1' - r 13",
              "cdl": [
                {
                  "node": "d",
                  "type": "line-start",
                  "ref": "P227649.3",
                  "n": "1'",
                  "label": "o 1'"
                },
                {
                  "node": "l",
                  "frag": "ša₃-tam-⸢lugal⸣",
                  "id": "P227649.l13b6f",
                  "ref": "P227649.3.1",
                  "inst": "%sux:ša₃-tam-lugal=",
                  "f": {
                    "lang": "sux",
                    "form": "ša₃-tam-lugal",
                    "gdl": [
                      {
                        "v": "ša₃",
                        "id": "P227649.3.1.0",
                        "delim": "-"
                      },
                      {
                        "v": "tam",
                        "id": "P227649.3.1.1",
                        "delim": "-"
                      },
                      {
                        "v": "lugal",
                        "id": "P227649.3.1.2",
                        "break": "damaged",
                        "ho": "1",
                        "hc": "1"
                      }
                    ]
                  }
                },
                {
                  "node": "d",
                  "type": "line-start",
                  "ref": "P227649.4",
                  "n": "2'",
                  "label": "o 2'"
                },
                {
                  "node": "l",
                  "frag": "ša₃-tam-e₂-gal",
                  "id": "P227649.l13b70",
                  "ref": "P227649.4.1",
                  "inst": "%sux:ša₃-tam-e₂-gal=",
                  "f": {
                    "lang": "sux",
                    "form": "ša₃-tam-e₂-gal",
                    "gdl": [
                      {
                        "v": "ša₃",
                        "id": "P227649.4.1.0",
                        "delim": "-"
                      },
                      {
                        "v": "tam",
                        "id": "P227649.4.1.1",
                        "delim": "-"
                      },
                      {
                        "v": "e₂",
                        "id": "P227649.4.1.2",
                        "delim": "-"
                      },
                      {
                        "v": "gal",
                        "id": "P227649.4.1.3"
                      }
                    ]
                  }
                },
                {
                  "node": "d",
                  "type": "line-start",
                  "ref": "P227649.5",
                  "n": "3'",
                  "label": "o 3'"
                },
                {
                  "node": "l",
                  "frag": "ša₃-tam-ka₂-e₂-gal",
                  "id": "P227649.l13b71",
                  "ref": "P227649.5.1",
                  "inst": "%sux:ša₃-tam-ka₂-e₂-gal=",
                  "f": {
                    "lang": "sux",
                    "form": "ša₃-tam-ka₂-e₂-gal",
                    "gdl": [
                      {
                        "v": "ša₃",
                        "id": "P227649.5.1.0",
                        "delim": "-"
                      },
                      {
                        "v": "tam",
                        "id": "P227649.5.1.1",
                        "delim": "-"
                      },
                      {
                        "v": "ka₂",
                        "id": "P227649.5.1.2",
                        "delim": "-"
                      },
                      {
                        "v": "e₂",
                        "id": "P227649.5.1.3",
                        "delim": "-"
                      },
                      {
                        "v": "gal",
                        "id": "P227649.5.1.4"
                      }
                    ]
                  }
                },
                {
                  "node": "d",
                  "type": "line-start",
                  "ref": "P227649.6",
                  "n": "4'",
                  "label": "o 4'"
                },
                {
                  "node": "l",
                  "frag": "ša₃-tam-ka₂-gal",
                  "id": "P227649.l13b72",
                  "ref": "P227649.6.1",
                  "inst": "%sux:ša₃-tam-ka₂-gal=",
                  "f": {
                    "lang": "sux",
                    "form": "ša₃-tam-ka₂-gal",
                    "gdl": [
                      {
                        "v": "ša₃",
                        "id": "P227649.6.1.0",
                        "delim": "-"
                      },
                      {
                        "v": "tam",
                        "id": "P227649.6.1.1",
                        "delim": "-"
                      },
                      {
                        "v": "ka₂",
                        "id": "P227649.6.1.2",
                        "delim": "-"
                      },
                      {
                        "v": "gal",
                        "id": "P227649.6.1.3"
                      }
                    ]
                  }
                },
                {
                  "node": "d",
                  "type": "line-start",
                  "ref": "P227649.7",
                  "n": "5'",
                  "label": "o 5'"
                },
                {
                  "node": "l",
                  "frag": "ša₃-tam-e₂-uzu",
                  "id": "P227649.l13b73",
                  "ref": "P227649.7.1",
                  "inst": "%sux:ša₃-tam-e₂-uzu=",
                  "f": {
                    "lang": "sux",
                    "form": "ša₃-tam-e₂-uzu",
                    "gdl": [
                      {
                        "v": "ša₃",
                        "id": "P227649.7.1.0",
                        "delim": "-"
                      },
                      {
                        "v": "tam",
                        "id": "P227649.7.1.1",
                        "delim": "-"
                      },
                      {
                        "v": "e₂",
                        "id": "P227649.7.1.2",
                        "delim": "-"
                      },
                      {
                        "v": "uzu",
                        "id": "P227649.7.1.3"
                      }
                    ]
                  }
                },
                {
                  "node": "d",
                  "type": "line-start",
                  "ref": "P227649.8",
                  "n": "6'",
                  "label": "o 6'"
                },
                {
                  "node": "l",
                  "frag": "ša₃-tam-e₂-uš-bar",
                  "id": "P227649.l13b74",
                  "ref": "P227649.8.1",
                  "inst": "%sux:ša₃-tam-e₂-uš-bar=",
                  "f": {
                    "lang": "sux",
                    "form": "ša₃-tam-e₂-uš-bar",
                    "gdl": [
                      {
                        "v": "ša₃",
                        "id": "P227649.8.1.0",
                        "delim": "-"
                      },
                      {
                        "v": "tam",
                        "id": "P227649.8.1.1",
                        "delim": "-"
                      },
                      {
                        "v": "e₂",
                        "id": "P227649.8.1.2",
                        "delim": "-"
                      },
                      {
                        "v": "uš",
                        "id": "P227649.8.1.3",
                        "delim": "-"
                      },
                      {
                        "v": "bar",
                        "id": "P227649.8.1.4"
                      }
                    ]
                  }
                },
                {
                  "node": "d",
                  "type": "line-start",
                  "ref": "P227649.9",
                  "n": "7'",
                  "label": "o 7'"
                },
                {
                  "node": "l",
                  "frag": "ša₃-tam-e₂-gurušda",
                  "id": "P227649.l13b75",
                  "ref": "P227649.9.1",
                  "inst": "%sux:ša₃-tam-e₂-gurušda=",
                  "f": {
                    "lang": "sux",
                    "form": "ša₃-tam-e₂-gurušda",
                    "gdl": [
                      {
                        "v": "ša₃",
                        "id": "P227649.9.1.0",
                        "delim": "-"
                      },
                      {
                        "v": "tam",
                        "id": "P227649.9.1.1",
                        "delim": "-"
                      },
                      {
                        "v": "e₂",
                        "id": "P227649.9.1.2",
                        "delim": "-"
                      },
                      {
                        "v": "gurušda",
                        "id": "P227649.9.1.3"
                      }
                    ]
                  }
                },
                {
                  "node": "d",
                  "type": "line-start",
                  "ref": "P227649.10",
                  "n": "8'",
                  "label": "o 8'"
                },
                {
                  "node": "l",
                  "frag": "ša₃-tam-e₂-gurušda",
                  "id": "P227649.l13b76",
                  "ref": "P227649.10.1",
                  "inst": "%sux:ša₃-tam-e₂-gurušda=",
                  "f": {
                    "lang": "sux",
                    "form": "ša₃-tam-e₂-gurušda",
                    "gdl": [
                      {
                        "v": "ša₃",
                        "id": "P227649.10.1.0",
                        "delim": "-"
                      },
                      {
                        "v": "tam",
                        "id": "P227649.10.1.1",
                        "delim": "-"
                      },
                      {
                        "v": "e₂",
                        "id": "P227649.10.1.2",
                        "delim": "-"
                      },
                      {
                        "v": "gurušda",
                        "id": "P227649.10.1.3"
                      }
                    ]
                  }
                },
                {
                  "node": "d",
                  "type": "line-start",
                  "ref": "P227649.11",
                  "n": "9'",
                  "label": "o 9'"
                },
                {
                  "node": "l",
                  "frag": "⸢ša₃⸣-tam-e₂-ereš-a",
                  "id": "P227649.l13b77",
                  "ref": "P227649.11.1",
                  "inst": "%sux:ša₃-tam-e₂-ereš-a=",
                  "f": {
                    "lang": "sux",
                    "form": "ša₃-tam-e₂-ereš-a",
                    "gdl": [
                      {
                        "v": "ša₃",
                        "id": "P227649.11.1.0",
                        "break": "damaged",
                        "ho": "1",
                        "delim": "-",
                        "hc": "1"
                      },
                      {
                        "v": "tam",
                        "id": "P227649.11.1.1",
                        "delim": "-"
                      },
                      {
                        "v": "e₂",
                        "id": "P227649.11.1.2",
                        "delim": "-"
                      },
                      {
                        "v": "ereš",
                        "id": "P227649.11.1.3",
                        "delim": "-"
                      },
                      {
                        "v": "a",
                        "id": "P227649.11.1.4"
                      }
                    ]
                  }
                },
                {
                  "node": "d",
                  "type": "line-start",
                  "ref": "P227649.12",
                  "n": "10'",
                  "label": "o 10'"
                },
                {
                  "node": "l",
                  "frag": "[ša₃]-⸢tam⸣-e₂-uruda",
                  "id": "P227649.l13b78",
                  "ref": "P227649.12.1",
                  "inst": "%sux:ša₃-tam-e₂-uruda=",
                  "f": {
                    "lang": "sux",
                    "form": "ša₃-tam-e₂-uruda",
                    "gdl": [
                      {
                        "v": "ša₃",
                        "id": "P227649.12.1.0",
                        "breakStart": "1",
                        "o": "]",
                        "break": "missing",
                        "breakEnd": "P227649.12.1.0",
                        "delim": "-"
                      },
                      {
                        "v": "tam",
                        "id": "P227649.12.1.1",
                        "break": "damaged",
                        "ho": "1",
                        "delim": "-",
                        "hc": "1"
                      },
                      {
                        "v": "e₂",
                        "id": "P227649.12.1.2",
                        "delim": "-"
                      },
                      {
                        "v": "uruda",
                        "id": "P227649.12.1.3"
                      }
                    ]
                  }
                },
                {
                  "node": "d",
                  "subtype": "reverse",
                  "type": "reverse",
                  "ref": "P227649.r.13",
                  "label": "r"
                },
                {
                  "node": "d",
                  "type": "line-start",
                  "ref": "P227649.14",
                  "n": "1",
                  "label": "r 1"
                },
                {
                  "node": "l",
                  "frag": "ša₃-tam-⸢e₂-dub-ba⸣-a",
                  "id": "P227649.l13b79",
                  "ref": "P227649.14.1",
                  "inst": "%sux:ša₃-tam-e₂-dub-ba-a=",
                  "f": {
                    "lang": "sux",
                    "form": "ša₃-tam-e₂-dub-ba-a",
                    "gdl": [
                      {
                        "v": "ša₃",
                        "id": "P227649.14.1.0",
                        "delim": "-"
                      },
                      {
                        "v": "tam",
                        "id": "P227649.14.1.1",
                        "delim": "-"
                      },
                      {
                        "v": "e₂",
                        "id": "P227649.14.1.2",
                        "break": "damaged",
                        "ho": "1",
                        "delim": "-"
                      },
                      {
                        "v": "dub",
                        "id": "P227649.14.1.3",
                        "break": "damaged",
                        "delim": "-"
                      },
                      {
                        "v": "ba",
                        "id": "P227649.14.1.4",
                        "break": "damaged",
                        "delim": "-",
                        "hc": "1"
                      },
                      {
                        "v": "a",
                        "id": "P227649.14.1.5"
                      }
                    ]
                  }
                },
                {
                  "node": "d",
                  "type": "line-start",
                  "ref": "P227649.15",
                  "n": "2",
                  "label": "r 2"
                },
                {
                  "node": "l",
                  "frag": "ša₃-tam-e₂-⸢kišib-ba⸣",
                  "id": "P227649.l13b7a",
                  "ref": "P227649.15.1",
                  "inst": "%sux:ša₃-tam-e₂-kišib-ba=",
                  "f": {
                    "lang": "sux",
                    "form": "ša₃-tam-e₂-kišib-ba",
                    "gdl": [
                      {
                        "v": "ša₃",
                        "id": "P227649.15.1.0",
                        "delim": "-"
                      },
                      {
                        "v": "tam",
                        "id": "P227649.15.1.1",
                        "delim": "-"
                      },
                      {
                        "v": "e₂",
                        "id": "P227649.15.1.2",
                        "delim": "-"
                      },
                      {
                        "v": "kišib",
                        "id": "P227649.15.1.3",
                        "break": "damaged",
                        "ho": "1",
                        "delim": "-"
                      },
                      {
                        "v": "ba",
                        "id": "P227649.15.1.4",
                        "break": "damaged",
                        "hc": "1"
                      }
                    ]
                  }
                },
                {
                  "node": "d",
                  "type": "line-start",
                  "ref": "P227649.16",
                  "n": "3",
                  "label": "r 3"
                },
                {
                  "node": "l",
                  "frag": "gab₂-sar",
                  "id": "P227649.l13b7b",
                  "ref": "P227649.16.1",
                  "inst": "%sux:gab₂-sar=",
                  "f": {
                    "lang": "sux",
                    "form": "gab₂-sar",
                    "gdl": [
                      {
                        "v": "gab₂",
                        "id": "P227649.16.1.0",
                        "delim": "-"
                      },
                      {
                        "v": "sar",
                        "id": "P227649.16.1.1"
                      }
                    ]
                  }
                },
                {
                  "node": "d",
                  "type": "line-start",
                  "ref": "P227649.17",
                  "n": "4",
                  "label": "r 4"
                },
                {
                  "node": "l",
                  "frag": "mu-sar",
                  "id": "P227649.l13b7c",
                  "ref": "P227649.17.1",
                  "inst": "%sux:mu-sar=",
                  "f": {
                    "lang": "sux",
                    "form": "mu-sar",
                    "gdl": [
                      {
                        "v": "mu",
                        "id": "P227649.17.1.0",
                        "delim": "-"
                      },
                      {
                        "v": "sar",
                        "id": "P227649.17.1.1"
                      }
                    ]
                  }
                },
                {
                  "node": "d",
                  "type": "line-start",
                  "ref": "P227649.18",
                  "n": "5",
                  "label": "r 5"
                },
                {
                  "node": "l",
                  "frag": "dub-sar",
                  "id": "P227649.l13b7d",
                  "ref": "P227649.18.1",
                  "inst": "%sux:dub-sar=",
                  "f": {
                    "lang": "sux",
                    "form": "dub-sar",
                    "gdl": [
                      {
                        "v": "dub",
                        "id": "P227649.18.1.0",
                        "delim": "-"
                      },
                      {
                        "v": "sar",
                        "id": "P227649.18.1.1"
                      }
                    ]
                  }
                },
                {
                  "node": "d",
                  "type": "line-start",
                  "ref": "P227649.19",
                  "n": "6",
                  "label": "r 6"
                },
                {
                  "node": "l",
                  "frag": "dub-sar-zag-ga",
                  "id": "P227649.l13b7e",
                  "ref": "P227649.19.1",
                  "inst": "%sux:dub-sar-zag-ga=",
                  "f": {
                    "lang": "sux",
                    "form": "dub-sar-zag-ga",
                    "gdl": [
                      {
                        "v": "dub",
                        "id": "P227649.19.1.0",
                        "delim": "-"
                      },
                      {
                        "v": "sar",
                        "id": "P227649.19.1.1",
                        "delim": "-"
                      },
                      {
                        "v": "zag",
                        "id": "P227649.19.1.2",
                        "delim": "-"
                      },
                      {
                        "v": "ga",
                        "id": "P227649.19.1.3"
                      }
                    ]
                  }
                },
                {
                  "node": "d",
                  "type": "line-start",
                  "ref": "P227649.20",
                  "n": "7",
                  "label": "r 7"
                },
                {
                  "node": "l",
                  "frag": "dub-sar-mah",
                  "id": "P227649.l13b7f",
                  "ref": "P227649.20.1",
                  "inst": "%sux:dub-sar-mah=",
                  "f": {
                    "lang": "sux",
                    "form": "dub-sar-mah",
                    "gdl": [
                      {
                        "v": "dub",
                        "id": "P227649.20.1.0",
                        "delim": "-"
                      },
                      {
                        "v": "sar",
                        "id": "P227649.20.1.1",
                        "delim": "-"
                      },
                      {
                        "v": "mah",
                        "id": "P227649.20.1.2"
                      }
                    ]
                  }
                },
                {
                  "node": "d",
                  "type": "line-start",
                  "ref": "P227649.21",
                  "n": "8",
                  "label": "r 8"
                },
                {
                  "node": "l",
                  "frag": "dub-sar-⸢lugal⸣",
                  "id": "P227649.l13b80",
                  "ref": "P227649.21.1",
                  "inst": "%sux:dub-sar-lugal=",
                  "f": {
                    "lang": "sux",
                    "form": "dub-sar-lugal",
                    "gdl": [
                      {
                        "v": "dub",
                        "id": "P227649.21.1.0",
                        "delim": "-"
                      },
                      {
                        "v": "sar",
                        "id": "P227649.21.1.1",
                        "delim": "-"
                      },
                      {
                        "v": "lugal",
                        "id": "P227649.21.1.2",
                        "break": "damaged",
                        "ho": "1",
                        "hc": "1"
                      }
                    ]
                  }
                },
                {
                  "node": "d",
                  "type": "line-start",
                  "ref": "P227649.22",
                  "n": "9",
                  "label": "r 9"
                },
                {
                  "node": "l",
                  "frag": "dub-sar-im-ma",
                  "id": "P227649.l13b81",
                  "ref": "P227649.22.1",
                  "inst": "%sux:dub-sar-im-ma=",
                  "f": {
                    "lang": "sux",
                    "form": "dub-sar-im-ma",
                    "gdl": [
                      {
                        "v": "dub",
                        "id": "P227649.22.1.0",
                        "delim": "-"
                      },
                      {
                        "v": "sar",
                        "id": "P227649.22.1.1",
                        "delim": "-"
                      },
                      {
                        "v": "im",
                        "id": "P227649.22.1.2",
                        "delim": "-"
                      },
                      {
                        "v": "ma",
                        "id": "P227649.22.1.3"
                      }
                    ]
                  }
                },
                {
                  "node": "d",
                  "type": "line-start",
                  "ref": "P227649.23",
                  "n": "10",
                  "label": "r 10"
                },
                {
                  "node": "l",
                  "frag": "dub-⸢sar⸣-šudum-ma",
                  "id": "P227649.l13b82",
                  "ref": "P227649.23.1",
                  "inst": "%sux:dub-sar-šudum-ma=",
                  "f": {
                    "lang": "sux",
                    "form": "dub-sar-šudum-ma",
                    "gdl": [
                      {
                        "v": "dub",
                        "id": "P227649.23.1.0",
                        "delim": "-"
                      },
                      {
                        "v": "sar",
                        "id": "P227649.23.1.1",
                        "break": "damaged",
                        "ho": "1",
                        "delim": "-",
                        "hc": "1"
                      },
                      {
                        "v": "šudum",
                        "id": "P227649.23.1.2",
                        "delim": "-"
                      },
                      {
                        "v": "ma",
                        "id": "P227649.23.1.3"
                      }
                    ]
                  }
                },
                {
                  "node": "d",
                  "type": "line-start",
                  "ref": "P227649.24",
                  "n": "11",
                  "label": "r 11"
                },
                {
                  "node": "l",
                  "frag": "dub-⸢sar⸣-ugnim",
                  "id": "P227649.l13b83",
                  "ref": "P227649.24.1",
                  "inst": "%sux:dub-sar-ugnim=",
                  "f": {
                    "lang": "sux",
                    "form": "dub-sar-ugnim",
                    "gdl": [
                      {
                        "v": "dub",
                        "id": "P227649.24.1.0",
                        "delim": "-"
                      },
                      {
                        "v": "sar",
                        "id": "P227649.24.1.1",
                        "break": "damaged",
                        "ho": "1",
                        "delim": "-",
                        "hc": "1"
                      },
                      {
                        "v": "ugnim",
                        "id": "P227649.24.1.2"
                      }
                    ]
                  }
                },
                {
                  "node": "d",
                  "type": "line-start",
                  "ref": "P227649.25",
                  "n": "12",
                  "label": "r 12"
                },
                {
                  "node": "l",
                  "frag": "[dub]-sar-[pe]-el-la₂",
                  "id": "P227649.l13b84",
                  "ref": "P227649.25.1",
                  "inst": "%sux:dub-sar-pe-el-la₂=",
                  "f": {
                    "lang": "sux",
                    "form": "dub-sar-pe-el-la₂",
                    "gdl": [
                      {
                        "v": "dub",
                        "id": "P227649.25.1.0",
                        "breakStart": "1",
                        "o": "]",
                        "break": "missing",
                        "breakEnd": "P227649.25.1.0",
                        "delim": "-"
                      },
                      {
                        "v": "sar",
                        "id": "P227649.25.1.1",
                        "delim": "-"
                      },
                      {
                        "v": "pe",
                        "id": "P227649.25.1.2",
                        "breakStart": "1",
                        "o": "]",
                        "break": "missing",
                        "breakEnd": "P227649.25.1.2",
                        "delim": "-"
                      },
                      {
                        "v": "el",
                        "id": "P227649.25.1.3",
                        "delim": "-"
                      },
                      {
                        "v": "la₂",
                        "id": "P227649.25.1.4"
                      }
                    ]
                  }
                },
                {
                  "node": "d",
                  "type": "line-start",
                  "ref": "P227649.26",
                  "n": "13",
                  "label": "r 13"
                },
                {
                  "node": "l",
                  "frag": "[dub]-⸢sar-ŋal₂⸣-tak₄-a",
                  "id": "P227649.l13b85",
                  "ref": "P227649.26.1",
                  "inst": "%sux:dub-sar-ŋal₂-tak₄-a=",
                  "f": {
                    "lang": "sux",
                    "form": "dub-sar-ŋal₂-tak₄-a",
                    "gdl": [
                      {
                        "v": "dub",
                        "id": "P227649.26.1.0",
                        "breakStart": "1",
                        "o": "]",
                        "break": "missing",
                        "breakEnd": "P227649.26.1.0",
                        "delim": "-"
                      },
                      {
                        "v": "sar",
                        "id": "P227649.26.1.1",
                        "break": "damaged",
                        "ho": "1",
                        "delim": "-"
                      },
                      {
                        "v": "ŋal₂",
                        "id": "P227649.26.1.2",
                        "break": "damaged",
                        "delim": "-",
                        "hc": "1"
                      },
                      {
                        "v": "tak₄",
                        "id": "P227649.26.1.3",
                        "delim": "-"
                      },
                      {
                        "v": "a",
                        "id": "P227649.26.1.4"
                      }
                    ]
                  }
                },
                {
                  "node": "d",
                  "type": "nonx",
                  "ref": "P227649.27",
                  "strict": "1",
                  "extent": "n",
                  "scope": "line",
                  "state": "missing"
                }
              ]
            }
          ]
        }
      ]
    }
  ]
}
