{
  "type": "cdl",
  "project": "dcclt",
  "source": "http://oracc.org/dcclt",
  "license": "This data is released under the CC0 license",
  "license-url": "https://creativecommons.org/publicdomain/zero/1.0/",
  "more-info": "http://oracc.org/doc/opendata/",
  "UTC-timestamp": "2018-02-26T12:49:32",
  "textid": "P227996",
  "cdl": [
    {
      "node": "c",
      "type": "text",
      "id": "P227996.U0",
      "cdl": [
        {
          "node": "d",
          "type": "object",
          "ref": ""
        },
        {
          "node": "d",
          "subtype": "reverse",
          "type": "reverse",
          "ref": "P227996.r.1",
          "label": "r"
        },
        {
          "node": "d",
          "subtype": "column 1r",
          "type": "column",
          "ref": "P227996.r.i.2",
          "n": "1",
          "label": "r i"
        },
        {
          "node": "c",
          "type": "discourse",
          "subtype": "body",
          "id": "P227996.U1",
          "cdl": [
            {
              "node": "c",
              "type": "sentence",
              "implicit": "yes",
              "id": "P227996.U2",
              "label": "r i 1' - r ii 6'",
              "cdl": [
                {
                  "node": "d",
                  "type": "line-start",
                  "ref": "P227996.3",
                  "n": "1'",
                  "label": "r i 1'"
                },
                {
                  "node": "l",
                  "frag": "⸢ŋeš⸣",
                  "id": "P227996.l1cd52",
                  "ref": "P227996.3.1",
                  "inst": "%sux:ŋeš=",
                  "f": {
                    "lang": "sux",
                    "form": "ŋeš",
                    "gdl": [
                      {
                        "v": "ŋeš",
                        "id": "P227996.3.1.0",
                        "break": "damaged",
                        "ho": "1",
                        "hc": "1"
                      }
                    ]
                  }
                },
                {
                  "node": "d",
                  "type": "line-start",
                  "ref": "P227996.4",
                  "n": "2'",
                  "label": "r i 2'"
                },
                {
                  "node": "l",
                  "frag": "ŋeš",
                  "id": "P227996.l1cd53",
                  "ref": "P227996.4.1",
                  "inst": "%sux:ŋeš=",
                  "f": {
                    "lang": "sux",
                    "form": "ŋeš",
                    "delim": "",
                    "gdl": [
                      {
                        "v": "ŋeš",
                        "id": "P227996.4.1.0"
                      }
                    ]
                  }
                },
                {
                  "node": "l",
                  "frag": "⸢isimu₂⸣",
                  "id": "P227996.l1cd54",
                  "ref": "P227996.4.2",
                  "inst": "%sux:isimu₂=",
                  "f": {
                    "lang": "sux",
                    "form": "isimu₂",
                    "gdl": [
                      {
                        "v": "isimu₂",
                        "id": "P227996.4.2.0",
                        "break": "damaged",
                        "ho": "1",
                        "hc": "1"
                      }
                    ]
                  }
                },
                {
                  "node": "d",
                  "type": "line-start",
                  "ref": "P227996.5",
                  "n": "3'",
                  "label": "r i 3'"
                },
                {
                  "node": "l",
                  "frag": "ŋeš",
                  "id": "P227996.l1cd55",
                  "ref": "P227996.5.1",
                  "inst": "%sux:ŋeš=",
                  "f": {
                    "lang": "sux",
                    "form": "ŋeš",
                    "delim": "",
                    "gdl": [
                      {
                        "v": "ŋeš",
                        "id": "P227996.5.1.0"
                      }
                    ]
                  }
                },
                {
                  "node": "l",
                  "frag": "[...]",
                  "id": "P227996.l1cd56",
                  "ref": "P227996.5.2",
                  "inst": "%sux:x=",
                  "f": {
                    "lang": "sux",
                    "form": "x",
                    "gdl": [
                      {
                        "x": "ellipsis",
                        "id": "P227996.5.2.0",
                        "breakStart": "1",
                        "break": "missing",
                        "o": "]",
                        "breakEnd": "P227996.5.2.0"
                      }
                    ]
                  }
                },
                {
                  "node": "d",
                  "type": "line-start",
                  "ref": "P227996.6",
                  "n": "4'",
                  "label": "r i 4'"
                },
                {
                  "node": "l",
                  "frag": "ŋeš",
                  "id": "P227996.l1cd57",
                  "ref": "P227996.6.1",
                  "inst": "%sux:ŋeš=",
                  "f": {
                    "lang": "sux",
                    "form": "ŋeš",
                    "delim": "",
                    "gdl": [
                      {
                        "v": "ŋeš",
                        "id": "P227996.6.1.0"
                      }
                    ]
                  }
                },
                {
                  "node": "l",
                  "frag": "nimbar-[...]",
                  "id": "P227996.l1cd58",
                  "ref": "P227996.6.2",
                  "inst": "%sux:nimbar-x=",
                  "f": {
                    "lang": "sux",
                    "form": "nimbar-x",
                    "gdl": [
                      {
                        "v": "nimbar",
                        "id": "P227996.6.2.0",
                        "delim": "-"
                      },
                      {
                        "x": "ellipsis",
                        "id": "P227996.6.2.1",
                        "breakStart": "1",
                        "break": "missing",
                        "o": "]",
                        "breakEnd": "P227996.6.2.1"
                      }
                    ]
                  }
                },
                {
                  "node": "d",
                  "type": "line-start",
                  "ref": "P227996.7",
                  "n": "5'",
                  "label": "r i 5'"
                },
                {
                  "node": "l",
                  "frag": "ŋeš",
                  "id": "P227996.l1cd59",
                  "ref": "P227996.7.1",
                  "inst": "%sux:ŋeš=",
                  "f": {
                    "lang": "sux",
                    "form": "ŋeš",
                    "delim": "",
                    "gdl": [
                      {
                        "v": "ŋeš",
                        "id": "P227996.7.1.0"
                      }
                    ]
                  }
                },
                {
                  "node": "l",
                  "frag": "nimbar-[...]",
                  "id": "P227996.l1cd5a",
                  "ref": "P227996.7.2",
                  "inst": "%sux:nimbar-x=",
                  "f": {
                    "lang": "sux",
                    "form": "nimbar-x",
                    "gdl": [
                      {
                        "v": "nimbar",
                        "id": "P227996.7.2.0",
                        "delim": "-"
                      },
                      {
                        "x": "ellipsis",
                        "id": "P227996.7.2.1",
                        "breakStart": "1",
                        "break": "missing",
                        "o": "]",
                        "breakEnd": "P227996.7.2.1"
                      }
                    ]
                  }
                },
                {
                  "node": "d",
                  "type": "line-start",
                  "ref": "P227996.8",
                  "n": "6'",
                  "label": "r i 6'"
                },
                {
                  "node": "l",
                  "frag": "ŋeš",
                  "id": "P227996.l1cd5b",
                  "ref": "P227996.8.1",
                  "inst": "%sux:ŋeš=",
                  "f": {
                    "lang": "sux",
                    "form": "ŋeš",
                    "delim": "",
                    "gdl": [
                      {
                        "v": "ŋeš",
                        "id": "P227996.8.1.0"
                      }
                    ]
                  }
                },
                {
                  "node": "l",
                  "frag": "nimbar-⸢dilmun⸣-[...]",
                  "id": "P227996.l1cd5c",
                  "ref": "P227996.8.2",
                  "inst": "%sux:nimbar-dilmun-x=",
                  "f": {
                    "lang": "sux",
                    "form": "nimbar-dilmun-x",
                    "gdl": [
                      {
                        "v": "nimbar",
                        "id": "P227996.8.2.0",
                        "delim": "-"
                      },
                      {
                        "v": "dilmun",
                        "id": "P227996.8.2.1",
                        "break": "damaged",
                        "ho": "1",
                        "delim": "-",
                        "hc": "1"
                      },
                      {
                        "x": "ellipsis",
                        "id": "P227996.8.2.2",
                        "breakStart": "1",
                        "break": "missing",
                        "o": "]",
                        "breakEnd": "P227996.8.2.2"
                      }
                    ]
                  }
                },
                {
                  "node": "d",
                  "type": "line-start",
                  "ref": "P227996.9",
                  "n": "7'",
                  "label": "r i 7'"
                },
                {
                  "node": "l",
                  "frag": "ŋeš",
                  "id": "P227996.l1cd5d",
                  "ref": "P227996.9.1",
                  "inst": "%sux:ŋeš=",
                  "f": {
                    "lang": "sux",
                    "form": "ŋeš",
                    "delim": "",
                    "gdl": [
                      {
                        "v": "ŋeš",
                        "id": "P227996.9.1.0"
                      }
                    ]
                  }
                },
                {
                  "node": "l",
                  "frag": "nimbar-al-⸢dar⸣-[...]",
                  "id": "P227996.l1cd5e",
                  "ref": "P227996.9.2",
                  "inst": "%sux:nimbar-al-dar-x=",
                  "f": {
                    "lang": "sux",
                    "form": "nimbar-al-dar-x",
                    "gdl": [
                      {
                        "v": "nimbar",
                        "id": "P227996.9.2.0",
                        "delim": "-"
                      },
                      {
                        "v": "al",
                        "id": "P227996.9.2.1",
                        "delim": "-"
                      },
                      {
                        "v": "dar",
                        "id": "P227996.9.2.2",
                        "break": "damaged",
                        "ho": "1",
                        "delim": "-",
                        "hc": "1"
                      },
                      {
                        "x": "ellipsis",
                        "id": "P227996.9.2.3",
                        "breakStart": "1",
                        "break": "missing",
                        "o": "]",
                        "breakEnd": "P227996.9.2.3"
                      }
                    ]
                  }
                },
                {
                  "node": "d",
                  "type": "line-start",
                  "ref": "P227996.10",
                  "n": "8'",
                  "label": "r i 8'"
                },
                {
                  "node": "l",
                  "frag": "ŋeš",
                  "id": "P227996.l1cd5f",
                  "ref": "P227996.10.1",
                  "inst": "%sux:ŋeš=",
                  "f": {
                    "lang": "sux",
                    "form": "ŋeš",
                    "delim": "",
                    "gdl": [
                      {
                        "v": "ŋeš",
                        "id": "P227996.10.1.0"
                      }
                    ]
                  }
                },
                {
                  "node": "l",
                  "frag": "nimbar-al-⸢kud⸣-[...]",
                  "id": "P227996.l1cd60",
                  "ref": "P227996.10.2",
                  "inst": "%sux:nimbar-al-kud-x=",
                  "f": {
                    "lang": "sux",
                    "form": "nimbar-al-kud-x",
                    "gdl": [
                      {
                        "v": "nimbar",
                        "id": "P227996.10.2.0",
                        "delim": "-"
                      },
                      {
                        "v": "al",
                        "id": "P227996.10.2.1",
                        "delim": "-"
                      },
                      {
                        "v": "kud",
                        "id": "P227996.10.2.2",
                        "break": "damaged",
                        "ho": "1",
                        "delim": "-",
                        "hc": "1"
                      },
                      {
                        "x": "ellipsis",
                        "id": "P227996.10.2.3",
                        "breakStart": "1",
                        "break": "missing",
                        "o": "]",
                        "breakEnd": "P227996.10.2.3"
                      }
                    ]
                  }
                },
                {
                  "node": "d",
                  "type": "line-start",
                  "ref": "P227996.11",
                  "n": "9'",
                  "label": "r i 9'"
                },
                {
                  "node": "l",
                  "frag": "⸢ŋeš⸣",
                  "id": "P227996.l1cd61",
                  "ref": "P227996.11.1",
                  "inst": "%sux:ŋeš=",
                  "f": {
                    "lang": "sux",
                    "form": "ŋeš",
                    "delim": "",
                    "gdl": [
                      {
                        "v": "ŋeš",
                        "id": "P227996.11.1.0",
                        "break": "damaged",
                        "ho": "1",
                        "hc": "1"
                      }
                    ]
                  }
                },
                {
                  "node": "l",
                  "frag": "nimbar-al-⸢šab⸣-[...]",
                  "id": "P227996.l1cd62",
                  "ref": "P227996.11.2",
                  "inst": "%sux:nimbar-al-šab-x=",
                  "f": {
                    "lang": "sux",
                    "form": "nimbar-al-šab-x",
                    "gdl": [
                      {
                        "v": "nimbar",
                        "id": "P227996.11.2.0",
                        "delim": "-"
                      },
                      {
                        "v": "al",
                        "id": "P227996.11.2.1",
                        "delim": "-"
                      },
                      {
                        "v": "šab",
                        "id": "P227996.11.2.2",
                        "break": "damaged",
                        "ho": "1",
                        "delim": "-",
                        "hc": "1"
                      },
                      {
                        "x": "ellipsis",
                        "id": "P227996.11.2.3",
                        "breakStart": "1",
                        "break": "missing",
                        "o": "]",
                        "breakEnd": "P227996.11.2.3"
                      }
                    ]
                  }
                },
                {
                  "node": "d",
                  "type": "line-start",
                  "ref": "P227996.12",
                  "n": "10'",
                  "label": "r i 10'"
                },
                {
                  "node": "l",
                  "frag": "[...]",
                  "id": "P227996.l1cd63",
                  "ref": "P227996.12.1",
                  "inst": "%sux:x=",
                  "f": {
                    "lang": "sux",
                    "form": "x",
                    "delim": "",
                    "gdl": [
                      {
                        "x": "ellipsis",
                        "id": "P227996.12.1.0",
                        "breakStart": "1",
                        "break": "missing",
                        "o": "]",
                        "breakEnd": "P227996.12.1.0"
                      }
                    ]
                  }
                },
                {
                  "node": "l",
                  "frag": "⸢nimbar⸣-gu₂-[...]",
                  "id": "P227996.l1cd64",
                  "ref": "P227996.12.2",
                  "inst": "%sux:nimbar-gu₂-x=",
                  "f": {
                    "lang": "sux",
                    "form": "nimbar-gu₂-x",
                    "gdl": [
                      {
                        "v": "nimbar",
                        "id": "P227996.12.2.0",
                        "break": "damaged",
                        "ho": "1",
                        "delim": "-",
                        "hc": "1"
                      },
                      {
                        "v": "gu₂",
                        "id": "P227996.12.2.1",
                        "delim": "-"
                      },
                      {
                        "x": "ellipsis",
                        "id": "P227996.12.2.2",
                        "breakStart": "1",
                        "break": "missing",
                        "o": "]",
                        "breakEnd": "P227996.12.2.2"
                      }
                    ]
                  }
                },
                {
                  "node": "d",
                  "subtype": "column 2r",
                  "type": "column",
                  "ref": "P227996.r.ii.13",
                  "n": "2",
                  "label": "r ii"
                },
                {
                  "node": "d",
                  "type": "line-start",
                  "ref": "P227996.14",
                  "n": "1'",
                  "label": "r ii 1'"
                },
                {
                  "node": "l",
                  "frag": "[...]",
                  "id": "P227996.l1cd65",
                  "ref": "P227996.14.1",
                  "inst": "%sux:x=",
                  "f": {
                    "lang": "sux",
                    "form": "x",
                    "delim": "",
                    "gdl": [
                      {
                        "x": "ellipsis",
                        "id": "P227996.14.1.0",
                        "breakStart": "1",
                        "break": "missing",
                        "o": "]",
                        "breakEnd": "P227996.14.1.0"
                      }
                    ]
                  }
                },
                {
                  "node": "l",
                  "frag": "⸢nimbar⸣",
                  "id": "P227996.l1cd66",
                  "ref": "P227996.14.2",
                  "inst": "%sux:nimbar=",
                  "f": {
                    "lang": "sux",
                    "form": "nimbar",
                    "gdl": [
                      {
                        "v": "nimbar",
                        "id": "P227996.14.2.0",
                        "break": "damaged",
                        "ho": "1",
                        "hc": "1"
                      }
                    ]
                  }
                },
                {
                  "node": "d",
                  "type": "line-start",
                  "ref": "P227996.15",
                  "n": "2'",
                  "label": "r ii 2'"
                },
                {
                  "node": "l",
                  "frag": "[...]-nimbar",
                  "id": "P227996.l1cd67",
                  "ref": "P227996.15.1",
                  "inst": "%sux:x-nimbar=",
                  "f": {
                    "lang": "sux",
                    "form": "x-nimbar",
                    "gdl": [
                      {
                        "x": "ellipsis",
                        "id": "P227996.15.1.0",
                        "breakStart": "1",
                        "break": "missing",
                        "o": "]",
                        "breakEnd": "P227996.15.1.0",
                        "delim": "-"
                      },
                      {
                        "v": "nimbar",
                        "id": "P227996.15.1.1"
                      }
                    ]
                  }
                },
                {
                  "node": "d",
                  "type": "line-start",
                  "ref": "P227996.16",
                  "n": "3'",
                  "label": "r ii 3'"
                },
                {
                  "node": "l",
                  "frag": "[...]-⸢el⸣-la₂-nimbar",
                  "id": "P227996.l1cd68",
                  "ref": "P227996.16.1",
                  "inst": "%sux:x-el-la₂-nimbar=",
                  "f": {
                    "lang": "sux",
                    "form": "x-el-la₂-nimbar",
                    "gdl": [
                      {
                        "x": "ellipsis",
                        "id": "P227996.16.1.0",
                        "breakStart": "1",
                        "break": "missing",
                        "o": "]",
                        "breakEnd": "P227996.16.1.0",
                        "delim": "-"
                      },
                      {
                        "v": "el",
                        "id": "P227996.16.1.1",
                        "break": "damaged",
                        "ho": "1",
                        "delim": "-",
                        "hc": "1"
                      },
                      {
                        "v": "la₂",
                        "id": "P227996.16.1.2",
                        "delim": "-"
                      },
                      {
                        "v": "nimbar",
                        "id": "P227996.16.1.3"
                      }
                    ]
                  }
                },
                {
                  "node": "d",
                  "type": "line-start",
                  "ref": "P227996.17",
                  "n": "4'",
                  "label": "r ii 4'"
                },
                {
                  "node": "l",
                  "frag": "[...]-luh-nimbar",
                  "id": "P227996.l1cd69",
                  "ref": "P227996.17.1",
                  "inst": "%sux:x-luh-nimbar=",
                  "f": {
                    "lang": "sux",
                    "form": "x-luh-nimbar",
                    "gdl": [
                      {
                        "x": "ellipsis",
                        "id": "P227996.17.1.0",
                        "breakStart": "1",
                        "break": "missing",
                        "o": "]",
                        "breakEnd": "P227996.17.1.0",
                        "delim": "-"
                      },
                      {
                        "v": "luh",
                        "id": "P227996.17.1.1",
                        "delim": "-"
                      },
                      {
                        "v": "nimbar",
                        "id": "P227996.17.1.2"
                      }
                    ]
                  }
                },
                {
                  "node": "d",
                  "type": "line-start",
                  "ref": "P227996.18",
                  "n": "5'",
                  "label": "r ii 5'"
                },
                {
                  "node": "l",
                  "frag": "[...]-li-nimbar",
                  "id": "P227996.l1cd6a",
                  "ref": "P227996.18.1",
                  "inst": "%sux:x-li-nimbar=",
                  "f": {
                    "lang": "sux",
                    "form": "x-li-nimbar",
                    "gdl": [
                      {
                        "x": "ellipsis",
                        "id": "P227996.18.1.0",
                        "breakStart": "1",
                        "break": "missing",
                        "o": "]",
                        "breakEnd": "P227996.18.1.0",
                        "delim": "-"
                      },
                      {
                        "v": "li",
                        "id": "P227996.18.1.1",
                        "delim": "-"
                      },
                      {
                        "v": "nimbar",
                        "id": "P227996.18.1.2"
                      }
                    ]
                  }
                },
                {
                  "node": "d",
                  "type": "line-start",
                  "ref": "P227996.19",
                  "n": "6'",
                  "label": "r ii 6'"
                },
                {
                  "node": "l",
                  "frag": "[...]-nimbar",
                  "id": "P227996.l1cd6b",
                  "ref": "P227996.19.1",
                  "inst": "%sux:x-nimbar=",
                  "f": {
                    "lang": "sux",
                    "form": "x-nimbar",
                    "gdl": [
                      {
                        "x": "ellipsis",
                        "id": "P227996.19.1.0",
                        "breakStart": "1",
                        "break": "missing",
                        "o": "]",
                        "breakEnd": "P227996.19.1.0",
                        "delim": "-"
                      },
                      {
                        "v": "nimbar",
                        "id": "P227996.19.1.1"
                      }
                    ]
                  }
                }
              ]
            }
          ]
        }
      ]
    }
  ]
}
