{
  "type": "cdl",
  "project": "dcclt",
  "source": "http://oracc.org/dcclt",
  "license": "This data is released under the CC0 license",
  "license-url": "https://creativecommons.org/publicdomain/zero/1.0/",
  "more-info": "http://oracc.org/doc/opendata/",
  "UTC-timestamp": "2018-02-26T12:50:16",
  "textid": "P228906",
  "cdl": [
    {
      "node": "c",
      "type": "text",
      "id": "P228906.U0",
      "cdl": [
        {
          "node": "d",
          "subtype": "tablet",
          "type": "tablet",
          "ref": "P228906.x1003.1",
          "label": "x1003"
        },
        {
          "node": "d",
          "subtype": "obverse",
          "type": "obverse",
          "ref": "P228906.o.2",
          "label": "o"
        },
        {
          "node": "d",
          "subtype": "column 1o",
          "type": "column",
          "ref": "P228906.o.i.3",
          "n": "1",
          "label": "o i"
        },
        {
          "node": "c",
          "type": "discourse",
          "subtype": "body",
          "id": "P228906.U1",
          "cdl": [
            {
              "node": "c",
              "type": "sentence",
              "implicit": "yes",
              "id": "P228906.U2",
              "label": "o i 1 - r i 3'",
              "cdl": [
                {
                  "node": "d",
                  "type": "line-start",
                  "ref": "P228906.4",
                  "n": "1",
                  "label": "o i 1"
                },
                {
                  "node": "l",
                  "frag": "{⸢na₄⸣}[u₂]",
                  "id": "P228906.l24b78",
                  "ref": "P228906.4.1",
                  "inst": "%sux:{na₄}u₂=",
                  "f": {
                    "lang": "sux",
                    "form": "{na₄}u₂",
                    "gdl": [
                      {
                        "det": "semantic",
                        "pos": "pre",
                        "seq": [
                          {
                            "v": "na₄",
                            "id": "P228906.4.1.0",
                            "break": "damaged",
                            "ho": "1",
                            "hc": "1"
                          }
                        ]
                      },
                      {
                        "v": "u₂",
                        "id": "P228906.4.1.1",
                        "breakStart": "1",
                        "o": "]",
                        "break": "missing",
                        "breakEnd": "P228906.4.1.1"
                      }
                    ]
                  }
                },
                {
                  "node": "d",
                  "type": "line-start",
                  "ref": "P228906.5",
                  "n": "2",
                  "label": "o i 2"
                },
                {
                  "node": "l",
                  "frag": "{na₄}u₂",
                  "id": "P228906.l24b79",
                  "ref": "P228906.5.1",
                  "inst": "%sux:{na₄}u₂=",
                  "f": {
                    "lang": "sux",
                    "form": "{na₄}u₂",
                    "delim": "",
                    "gdl": [
                      {
                        "det": "semantic",
                        "pos": "pre",
                        "seq": [
                          {
                            "v": "na₄",
                            "id": "P228906.5.1.0"
                          }
                        ]
                      },
                      {
                        "v": "u₂",
                        "id": "P228906.5.1.1"
                      }
                    ]
                  }
                },
                {
                  "node": "l",
                  "frag": "buru₃-buru₃-[da]",
                  "id": "P228906.l24b7a",
                  "ref": "P228906.5.2",
                  "inst": "%sux:buru₃-buru₃-da=",
                  "f": {
                    "lang": "sux",
                    "form": "buru₃-buru₃-da",
                    "gdl": [
                      {
                        "v": "buru₃",
                        "id": "P228906.5.2.0",
                        "delim": "-"
                      },
                      {
                        "v": "buru₃",
                        "id": "P228906.5.2.1",
                        "delim": "-"
                      },
                      {
                        "v": "da",
                        "id": "P228906.5.2.2",
                        "breakStart": "1",
                        "o": "]",
                        "break": "missing",
                        "breakEnd": "P228906.5.2.2"
                      }
                    ]
                  }
                },
                {
                  "node": "d",
                  "type": "line-start",
                  "ref": "P228906.6",
                  "n": "3",
                  "label": "o i 3"
                },
                {
                  "node": "l",
                  "frag": "{na₄}zi-ib-⸢tum⸣",
                  "id": "P228906.l24b7b",
                  "ref": "P228906.6.1",
                  "inst": "%sux:{na₄}zi-ib-tum=",
                  "f": {
                    "lang": "sux",
                    "form": "{na₄}zi-ib-tum",
                    "gdl": [
                      {
                        "det": "semantic",
                        "pos": "pre",
                        "seq": [
                          {
                            "v": "na₄",
                            "id": "P228906.6.1.0"
                          }
                        ]
                      },
                      {
                        "v": "zi",
                        "id": "P228906.6.1.1",
                        "delim": "-"
                      },
                      {
                        "v": "ib",
                        "id": "P228906.6.1.2",
                        "delim": "-"
                      },
                      {
                        "v": "tum",
                        "id": "P228906.6.1.3",
                        "break": "damaged",
                        "ho": "1",
                        "hc": "1"
                      }
                    ]
                  }
                },
                {
                  "node": "d",
                  "type": "line-start",
                  "ref": "P228906.7",
                  "n": "4",
                  "label": "o i 4"
                },
                {
                  "node": "l",
                  "frag": "{na₄}šu-hu-⸢um⸣",
                  "id": "P228906.l24b7c",
                  "ref": "P228906.7.1",
                  "inst": "%sux:{na₄}šu-hu-um=",
                  "f": {
                    "lang": "sux",
                    "form": "{na₄}šu-hu-um",
                    "gdl": [
                      {
                        "det": "semantic",
                        "pos": "pre",
                        "seq": [
                          {
                            "v": "na₄",
                            "id": "P228906.7.1.0"
                          }
                        ]
                      },
                      {
                        "v": "šu",
                        "id": "P228906.7.1.1",
                        "delim": "-"
                      },
                      {
                        "v": "hu",
                        "id": "P228906.7.1.2",
                        "delim": "-"
                      },
                      {
                        "v": "um",
                        "id": "P228906.7.1.3",
                        "break": "damaged",
                        "ho": "1",
                        "hc": "1"
                      }
                    ]
                  }
                },
                {
                  "node": "d",
                  "type": "line-start",
                  "ref": "P228906.8",
                  "n": "5",
                  "label": "o i 5"
                },
                {
                  "node": "l",
                  "frag": "[...]-⸢pa-zum⸣",
                  "id": "P228906.l24b7d",
                  "ref": "P228906.8.1",
                  "inst": "%sux:x-pa-zum=",
                  "f": {
                    "lang": "sux",
                    "form": "x-pa-zum",
                    "gdl": [
                      {
                        "x": "ellipsis",
                        "id": "P228906.8.1.0",
                        "breakStart": "1",
                        "break": "missing",
                        "o": "]",
                        "breakEnd": "P228906.8.1.0",
                        "delim": "-"
                      },
                      {
                        "v": "pa",
                        "id": "P228906.8.1.1",
                        "break": "damaged",
                        "ho": "1",
                        "delim": "-"
                      },
                      {
                        "v": "zum",
                        "id": "P228906.8.1.2",
                        "break": "damaged",
                        "hc": "1"
                      }
                    ]
                  }
                },
                {
                  "node": "d",
                  "type": "line-start",
                  "ref": "P228906.9",
                  "n": "6",
                  "label": "o i 6"
                },
                {
                  "node": "l",
                  "frag": "[...]-⸢ar-tum⸣",
                  "id": "P228906.l24b7e",
                  "ref": "P228906.9.1",
                  "inst": "%sux:x-ar-tum=",
                  "f": {
                    "lang": "sux",
                    "form": "x-ar-tum",
                    "gdl": [
                      {
                        "x": "ellipsis",
                        "id": "P228906.9.1.0",
                        "breakStart": "1",
                        "break": "missing",
                        "o": "]",
                        "breakEnd": "P228906.9.1.0",
                        "delim": "-"
                      },
                      {
                        "v": "ar",
                        "id": "P228906.9.1.1",
                        "break": "damaged",
                        "ho": "1",
                        "delim": "-"
                      },
                      {
                        "v": "tum",
                        "id": "P228906.9.1.2",
                        "break": "damaged",
                        "hc": "1"
                      }
                    ]
                  }
                },
                {
                  "node": "d",
                  "subtype": "reverse",
                  "type": "reverse",
                  "ref": "P228906.r.10",
                  "label": "r"
                },
                {
                  "node": "d",
                  "subtype": "column 1r",
                  "type": "column",
                  "ref": "P228906.r.i.11",
                  "n": "1",
                  "label": "r i"
                },
                {
                  "node": "d",
                  "type": "nonx",
                  "ref": "P228906.12",
                  "strict": "1",
                  "extent": "1",
                  "scope": "line",
                  "state": "traces"
                },
                {
                  "node": "d",
                  "type": "line-start",
                  "ref": "P228906.13",
                  "n": "2'",
                  "label": "r i 2'"
                },
                {
                  "node": "l",
                  "frag": "[...]",
                  "id": "P228906.l24b7f",
                  "ref": "P228906.13.1",
                  "inst": "%sux:x=",
                  "f": {
                    "lang": "sux",
                    "form": "x",
                    "delim": "",
                    "gdl": [
                      {
                        "x": "ellipsis",
                        "id": "P228906.13.1.0",
                        "breakStart": "1",
                        "break": "missing",
                        "o": "]",
                        "breakEnd": "P228906.13.1.0"
                      }
                    ]
                  }
                },
                {
                  "node": "l",
                  "frag": "niš",
                  "id": "P228906.l24b80",
                  "ref": "P228906.13.2",
                  "inst": "%sux:niš=",
                  "f": {
                    "lang": "sux",
                    "form": "niš",
                    "delim": "",
                    "gdl": [
                      {
                        "v": "niš",
                        "id": "P228906.13.2.0"
                      }
                    ]
                  }
                },
                {
                  "node": "l",
                  "frag": "[...]",
                  "id": "P228906.l24b81",
                  "ref": "P228906.13.3",
                  "inst": "%sux:x=",
                  "f": {
                    "lang": "sux",
                    "form": "x",
                    "gdl": [
                      {
                        "x": "ellipsis",
                        "id": "P228906.13.3.0",
                        "breakStart": "1",
                        "break": "missing",
                        "o": "]",
                        "breakEnd": "P228906.13.3.0"
                      }
                    ]
                  }
                },
                {
                  "node": "d",
                  "type": "line-start",
                  "ref": "P228906.14",
                  "n": "3'",
                  "label": "r i 3'"
                },
                {
                  "node": "l",
                  "frag": "[...]",
                  "id": "P228906.l24b82",
                  "ref": "P228906.14.1",
                  "inst": "%sux:x=",
                  "f": {
                    "lang": "sux",
                    "form": "x",
                    "delim": "",
                    "gdl": [
                      {
                        "x": "ellipsis",
                        "id": "P228906.14.1.0",
                        "breakStart": "1",
                        "break": "missing",
                        "o": "]",
                        "breakEnd": "P228906.14.1.0"
                      }
                    ]
                  }
                },
                {
                  "node": "l",
                  "frag": "15",
                  "id": "P228906.l24b83",
                  "ref": "P228906.14.2",
                  "inst": "%sux:15=",
                  "f": {
                    "lang": "sux",
                    "form": "15",
                    "delim": "",
                    "gdl": [
                      {
                        "n": "n",
                        "sexified": "1(u) 5(diš)",
                        "form": "15",
                        "id": "P228906.14.2.0",
                        "seq": [
                          {
                            "r": "15"
                          }
                        ]
                      }
                    ]
                  }
                },
                {
                  "node": "l",
                  "frag": "[...]",
                  "id": "P228906.l24b84",
                  "ref": "P228906.14.3",
                  "inst": "%sux:x=",
                  "f": {
                    "lang": "sux",
                    "form": "x",
                    "gdl": [
                      {
                        "x": "ellipsis",
                        "id": "P228906.14.3.0",
                        "breakStart": "1",
                        "break": "missing",
                        "o": "]",
                        "breakEnd": "P228906.14.3.0"
                      }
                    ]
                  }
                },
                {
                  "node": "d",
                  "type": "nonx",
                  "ref": "P228906.15",
                  "strict": "1",
                  "extent": "3",
                  "scope": "line",
                  "state": "illegible"
                }
              ]
            }
          ]
        }
      ]
    }
  ]
}
