{
  "type": "cdl",
  "project": "dcclt",
  "source": "http://oracc.org/dcclt",
  "license": "This data is released under the CC0 license",
  "license-url": "https://creativecommons.org/publicdomain/zero/1.0/",
  "more-info": "http://oracc.org/doc/opendata/",
  "UTC-timestamp": "2018-02-26T12:49:59",
  "textid": "P228532",
  "cdl": [
    {
      "node": "c",
      "type": "text",
      "id": "P228532.U0",
      "cdl": [
        {
          "node": "d",
          "type": "object",
          "ref": ""
        },
        {
          "node": "d",
          "subtype": "reverse",
          "type": "reverse",
          "ref": "P228532.r.1",
          "label": "r"
        },
        {
          "node": "d",
          "subtype": "column 1r",
          "type": "column",
          "ref": "P228532.r.i.2",
          "n": "1",
          "label": "r i"
        },
        {
          "node": "c",
          "type": "discourse",
          "subtype": "body",
          "id": "P228532.U1",
          "cdl": [
            {
              "node": "c",
              "type": "sentence",
              "implicit": "yes",
              "id": "P228532.U2",
              "label": "r i 1 - r ii 17",
              "cdl": [
                {
                  "node": "d",
                  "type": "line-start",
                  "ref": "P228532.3",
                  "n": "1",
                  "label": "r i 1"
                },
                {
                  "node": "l",
                  "frag": "ŋeš",
                  "id": "P228532.l1d932",
                  "ref": "P228532.3.1",
                  "inst": "%sux:ŋeš=",
                  "f": {
                    "lang": "sux",
                    "form": "ŋeš",
                    "delim": "",
                    "gdl": [
                      {
                        "v": "ŋeš",
                        "id": "P228532.3.1.0"
                      }
                    ]
                  }
                },
                {
                  "node": "l",
                  "frag": "⸢taskarin⸣",
                  "id": "P228532.l1d933",
                  "ref": "P228532.3.2",
                  "inst": "%sux:taskarin=",
                  "f": {
                    "lang": "sux",
                    "form": "taskarin",
                    "gdl": [
                      {
                        "v": "taskarin",
                        "id": "P228532.3.2.0",
                        "break": "damaged",
                        "ho": "1",
                        "hc": "1"
                      }
                    ]
                  }
                },
                {
                  "node": "d",
                  "type": "line-start",
                  "ref": "P228532.4",
                  "n": "2",
                  "label": "r i 2"
                },
                {
                  "node": "l",
                  "frag": "ŋeš",
                  "id": "P228532.l1d934",
                  "ref": "P228532.4.1",
                  "inst": "%sux:ŋeš=",
                  "f": {
                    "lang": "sux",
                    "form": "ŋeš",
                    "delim": "",
                    "gdl": [
                      {
                        "v": "ŋeš",
                        "id": "P228532.4.1.0"
                      }
                    ]
                  }
                },
                {
                  "node": "l",
                  "frag": "⸢esi⸣",
                  "id": "P228532.l1d935",
                  "ref": "P228532.4.2",
                  "inst": "%sux:esi=",
                  "f": {
                    "lang": "sux",
                    "form": "esi",
                    "gdl": [
                      {
                        "v": "esi",
                        "id": "P228532.4.2.0",
                        "break": "damaged",
                        "ho": "1",
                        "hc": "1"
                      }
                    ]
                  }
                },
                {
                  "node": "d",
                  "type": "line-start",
                  "ref": "P228532.5",
                  "n": "3",
                  "label": "r i 3"
                },
                {
                  "node": "l",
                  "frag": "ŋeš",
                  "id": "P228532.l1d936",
                  "ref": "P228532.5.1",
                  "inst": "%sux:ŋeš=",
                  "f": {
                    "lang": "sux",
                    "form": "ŋeš",
                    "delim": "",
                    "gdl": [
                      {
                        "v": "ŋeš",
                        "id": "P228532.5.1.0"
                      }
                    ]
                  }
                },
                {
                  "node": "l",
                  "frag": "[...]",
                  "id": "P228532.l1d937",
                  "ref": "P228532.5.2",
                  "inst": "%sux:x=",
                  "f": {
                    "lang": "sux",
                    "form": "x",
                    "gdl": [
                      {
                        "x": "ellipsis",
                        "id": "P228532.5.2.0",
                        "breakStart": "1",
                        "break": "missing",
                        "o": "]",
                        "breakEnd": "P228532.5.2.0"
                      }
                    ]
                  }
                },
                {
                  "node": "d",
                  "type": "line-start",
                  "ref": "P228532.6",
                  "n": "4",
                  "label": "r i 4"
                },
                {
                  "node": "l",
                  "frag": "ŋeš",
                  "id": "P228532.l1d938",
                  "ref": "P228532.6.1",
                  "inst": "%sux:ŋeš=",
                  "f": {
                    "lang": "sux",
                    "form": "ŋeš",
                    "delim": "",
                    "gdl": [
                      {
                        "v": "ŋeš",
                        "id": "P228532.6.1.0"
                      }
                    ]
                  }
                },
                {
                  "node": "l",
                  "frag": "ha-[...]",
                  "id": "P228532.l1d939",
                  "ref": "P228532.6.2",
                  "inst": "%sux:ha-x=",
                  "f": {
                    "lang": "sux",
                    "form": "ha-x",
                    "gdl": [
                      {
                        "v": "ha",
                        "id": "P228532.6.2.0",
                        "delim": "-"
                      },
                      {
                        "x": "ellipsis",
                        "id": "P228532.6.2.1",
                        "breakStart": "1",
                        "break": "missing",
                        "o": "]",
                        "breakEnd": "P228532.6.2.1"
                      }
                    ]
                  }
                },
                {
                  "node": "d",
                  "type": "line-start",
                  "ref": "P228532.7",
                  "n": "5",
                  "label": "r i 5"
                },
                {
                  "node": "l",
                  "frag": "ŋeš",
                  "id": "P228532.l1d93a",
                  "ref": "P228532.7.1",
                  "inst": "%sux:ŋeš=",
                  "f": {
                    "lang": "sux",
                    "form": "ŋeš",
                    "delim": "",
                    "gdl": [
                      {
                        "v": "ŋeš",
                        "id": "P228532.7.1.0"
                      }
                    ]
                  }
                },
                {
                  "node": "l",
                  "frag": "ša₃-[...]",
                  "id": "P228532.l1d93b",
                  "ref": "P228532.7.2",
                  "inst": "%sux:ša₃-x=",
                  "f": {
                    "lang": "sux",
                    "form": "ša₃-x",
                    "gdl": [
                      {
                        "v": "ša₃",
                        "id": "P228532.7.2.0",
                        "delim": "-"
                      },
                      {
                        "x": "ellipsis",
                        "id": "P228532.7.2.1",
                        "breakStart": "1",
                        "break": "missing",
                        "o": "]",
                        "breakEnd": "P228532.7.2.1"
                      }
                    ]
                  }
                },
                {
                  "node": "d",
                  "type": "line-start",
                  "ref": "P228532.8",
                  "n": "6",
                  "label": "r i 6"
                },
                {
                  "node": "l",
                  "frag": "ŋeš",
                  "id": "P228532.l1d93c",
                  "ref": "P228532.8.1",
                  "inst": "%sux:ŋeš=",
                  "f": {
                    "lang": "sux",
                    "form": "ŋeš",
                    "delim": "",
                    "gdl": [
                      {
                        "v": "ŋeš",
                        "id": "P228532.8.1.0"
                      }
                    ]
                  }
                },
                {
                  "node": "l",
                  "frag": "⸢kin₂⸣",
                  "id": "P228532.l1d93d",
                  "ref": "P228532.8.2",
                  "inst": "%sux:kin₂=",
                  "f": {
                    "lang": "sux",
                    "form": "kin₂",
                    "gdl": [
                      {
                        "v": "kin₂",
                        "id": "P228532.8.2.0",
                        "break": "damaged",
                        "ho": "1",
                        "hc": "1"
                      }
                    ]
                  }
                },
                {
                  "node": "d",
                  "type": "line-start",
                  "ref": "P228532.9",
                  "n": "7",
                  "label": "r i 7"
                },
                {
                  "node": "l",
                  "frag": "ŋeš",
                  "id": "P228532.l1d93e",
                  "ref": "P228532.9.1",
                  "inst": "%sux:ŋeš=",
                  "f": {
                    "lang": "sux",
                    "form": "ŋeš",
                    "delim": "",
                    "gdl": [
                      {
                        "v": "ŋeš",
                        "id": "P228532.9.1.0"
                      }
                    ]
                  }
                },
                {
                  "node": "l",
                  "frag": "[...]",
                  "id": "P228532.l1d93f",
                  "ref": "P228532.9.2",
                  "inst": "%sux:x=",
                  "f": {
                    "lang": "sux",
                    "form": "x",
                    "gdl": [
                      {
                        "x": "ellipsis",
                        "id": "P228532.9.2.0",
                        "breakStart": "1",
                        "break": "missing",
                        "o": "]",
                        "breakEnd": "P228532.9.2.0"
                      }
                    ]
                  }
                },
                {
                  "node": "d",
                  "type": "line-start",
                  "ref": "P228532.10",
                  "n": "8",
                  "label": "r i 8"
                },
                {
                  "node": "l",
                  "frag": "ŋeš",
                  "id": "P228532.l1d940",
                  "ref": "P228532.10.1",
                  "inst": "%sux:ŋeš=",
                  "f": {
                    "lang": "sux",
                    "form": "ŋeš",
                    "delim": "",
                    "gdl": [
                      {
                        "v": "ŋeš",
                        "id": "P228532.10.1.0"
                      }
                    ]
                  }
                },
                {
                  "node": "l",
                  "frag": "[...]",
                  "id": "P228532.l1d941",
                  "ref": "P228532.10.2",
                  "inst": "%sux:x=",
                  "f": {
                    "lang": "sux",
                    "form": "x",
                    "gdl": [
                      {
                        "x": "ellipsis",
                        "id": "P228532.10.2.0",
                        "breakStart": "1",
                        "break": "missing",
                        "o": "]",
                        "breakEnd": "P228532.10.2.0"
                      }
                    ]
                  }
                },
                {
                  "node": "d",
                  "type": "line-start",
                  "ref": "P228532.11",
                  "n": "9",
                  "label": "r i 9"
                },
                {
                  "node": "l",
                  "frag": "ŋeš",
                  "id": "P228532.l1d942",
                  "ref": "P228532.11.1",
                  "inst": "%sux:ŋeš=",
                  "f": {
                    "lang": "sux",
                    "form": "ŋeš",
                    "delim": "",
                    "gdl": [
                      {
                        "v": "ŋeš",
                        "id": "P228532.11.1.0"
                      }
                    ]
                  }
                },
                {
                  "node": "l",
                  "frag": "⸢ŋeštin⸣-[...]",
                  "id": "P228532.l1d943",
                  "ref": "P228532.11.2",
                  "inst": "%sux:ŋeštin-x=",
                  "f": {
                    "lang": "sux",
                    "form": "ŋeštin-x",
                    "gdl": [
                      {
                        "v": "ŋeštin",
                        "id": "P228532.11.2.0",
                        "break": "damaged",
                        "ho": "1",
                        "delim": "-",
                        "hc": "1"
                      },
                      {
                        "x": "ellipsis",
                        "id": "P228532.11.2.1",
                        "breakStart": "1",
                        "break": "missing",
                        "o": "]",
                        "breakEnd": "P228532.11.2.1"
                      }
                    ]
                  }
                },
                {
                  "node": "d",
                  "type": "line-start",
                  "ref": "P228532.12",
                  "n": "10",
                  "label": "r i 10"
                },
                {
                  "node": "l",
                  "frag": "ŋeš",
                  "id": "P228532.l1d944",
                  "ref": "P228532.12.1",
                  "inst": "%sux:ŋeš=",
                  "f": {
                    "lang": "sux",
                    "form": "ŋeš",
                    "delim": "",
                    "gdl": [
                      {
                        "v": "ŋeš",
                        "id": "P228532.12.1.0"
                      }
                    ]
                  }
                },
                {
                  "node": "l",
                  "frag": "⸢ŋeštin⸣-[...]",
                  "id": "P228532.l1d945",
                  "ref": "P228532.12.2",
                  "inst": "%sux:ŋeštin-x=",
                  "f": {
                    "lang": "sux",
                    "form": "ŋeštin-x",
                    "gdl": [
                      {
                        "v": "ŋeštin",
                        "id": "P228532.12.2.0",
                        "break": "damaged",
                        "ho": "1",
                        "delim": "-",
                        "hc": "1"
                      },
                      {
                        "x": "ellipsis",
                        "id": "P228532.12.2.1",
                        "breakStart": "1",
                        "break": "missing",
                        "o": "]",
                        "breakEnd": "P228532.12.2.1"
                      }
                    ]
                  }
                },
                {
                  "node": "d",
                  "type": "line-start",
                  "ref": "P228532.13",
                  "n": "11",
                  "label": "r i 11"
                },
                {
                  "node": "l",
                  "frag": "ŋeš",
                  "id": "P228532.l1d946",
                  "ref": "P228532.13.1",
                  "inst": "%sux:ŋeš=",
                  "f": {
                    "lang": "sux",
                    "form": "ŋeš",
                    "delim": "",
                    "gdl": [
                      {
                        "v": "ŋeš",
                        "id": "P228532.13.1.0"
                      }
                    ]
                  }
                },
                {
                  "node": "l",
                  "frag": "⸢ŋeštin⸣-[...]",
                  "id": "P228532.l1d947",
                  "ref": "P228532.13.2",
                  "inst": "%sux:ŋeštin-x=",
                  "f": {
                    "lang": "sux",
                    "form": "ŋeštin-x",
                    "gdl": [
                      {
                        "v": "ŋeštin",
                        "id": "P228532.13.2.0",
                        "break": "damaged",
                        "ho": "1",
                        "delim": "-",
                        "hc": "1"
                      },
                      {
                        "x": "ellipsis",
                        "id": "P228532.13.2.1",
                        "breakStart": "1",
                        "break": "missing",
                        "o": "]",
                        "breakEnd": "P228532.13.2.1"
                      }
                    ]
                  }
                },
                {
                  "node": "d",
                  "type": "line-start",
                  "ref": "P228532.14",
                  "n": "12",
                  "label": "r i 12"
                },
                {
                  "node": "l",
                  "frag": "ŋeš",
                  "id": "P228532.l1d948",
                  "ref": "P228532.14.1",
                  "inst": "%sux:ŋeš=",
                  "f": {
                    "lang": "sux",
                    "form": "ŋeš",
                    "delim": "",
                    "gdl": [
                      {
                        "v": "ŋeš",
                        "id": "P228532.14.1.0"
                      }
                    ]
                  }
                },
                {
                  "node": "l",
                  "frag": "[...]",
                  "id": "P228532.l1d949",
                  "ref": "P228532.14.2",
                  "inst": "%sux:x=",
                  "f": {
                    "lang": "sux",
                    "form": "x",
                    "gdl": [
                      {
                        "x": "ellipsis",
                        "id": "P228532.14.2.0",
                        "breakStart": "1",
                        "break": "missing",
                        "o": "]",
                        "breakEnd": "P228532.14.2.0"
                      }
                    ]
                  }
                },
                {
                  "node": "d",
                  "type": "line-start",
                  "ref": "P228532.15",
                  "n": "13",
                  "label": "r i 13"
                },
                {
                  "node": "l",
                  "frag": "ŋeš",
                  "id": "P228532.l1d94a",
                  "ref": "P228532.15.1",
                  "inst": "%sux:ŋeš=",
                  "f": {
                    "lang": "sux",
                    "form": "ŋeš",
                    "delim": "",
                    "gdl": [
                      {
                        "v": "ŋeš",
                        "id": "P228532.15.1.0"
                      }
                    ]
                  }
                },
                {
                  "node": "l",
                  "frag": "[...]",
                  "id": "P228532.l1d94b",
                  "ref": "P228532.15.2",
                  "inst": "%sux:x=",
                  "f": {
                    "lang": "sux",
                    "form": "x",
                    "gdl": [
                      {
                        "x": "ellipsis",
                        "id": "P228532.15.2.0",
                        "breakStart": "1",
                        "break": "missing",
                        "o": "]",
                        "breakEnd": "P228532.15.2.0"
                      }
                    ]
                  }
                },
                {
                  "node": "d",
                  "type": "line-start",
                  "ref": "P228532.16",
                  "n": "14",
                  "label": "r i 14"
                },
                {
                  "node": "l",
                  "frag": "ŋeš",
                  "id": "P228532.l1d94c",
                  "ref": "P228532.16.1",
                  "inst": "%sux:ŋeš=",
                  "f": {
                    "lang": "sux",
                    "form": "ŋeš",
                    "delim": "",
                    "gdl": [
                      {
                        "v": "ŋeš",
                        "id": "P228532.16.1.0"
                      }
                    ]
                  }
                },
                {
                  "node": "l",
                  "frag": "hašhur-[...]",
                  "id": "P228532.l1d94d",
                  "ref": "P228532.16.2",
                  "inst": "%sux:hašhur-x=",
                  "f": {
                    "lang": "sux",
                    "form": "hašhur-x",
                    "gdl": [
                      {
                        "v": "hašhur",
                        "id": "P228532.16.2.0",
                        "delim": "-"
                      },
                      {
                        "x": "ellipsis",
                        "id": "P228532.16.2.1",
                        "breakStart": "1",
                        "break": "missing",
                        "o": "]",
                        "breakEnd": "P228532.16.2.1"
                      }
                    ]
                  }
                },
                {
                  "node": "d",
                  "type": "line-start",
                  "ref": "P228532.17",
                  "n": "15",
                  "label": "r i 15"
                },
                {
                  "node": "l",
                  "frag": "ŋeš",
                  "id": "P228532.l1d94e",
                  "ref": "P228532.17.1",
                  "inst": "%sux:ŋeš=",
                  "f": {
                    "lang": "sux",
                    "form": "ŋeš",
                    "delim": "",
                    "gdl": [
                      {
                        "v": "ŋeš",
                        "id": "P228532.17.1.0"
                      }
                    ]
                  }
                },
                {
                  "node": "l",
                  "frag": "še-[...]",
                  "id": "P228532.l1d94f",
                  "ref": "P228532.17.2",
                  "inst": "%sux:še-x=",
                  "f": {
                    "lang": "sux",
                    "form": "še-x",
                    "gdl": [
                      {
                        "v": "še",
                        "id": "P228532.17.2.0",
                        "delim": "-"
                      },
                      {
                        "x": "ellipsis",
                        "id": "P228532.17.2.1",
                        "breakStart": "1",
                        "break": "missing",
                        "o": "]",
                        "breakEnd": "P228532.17.2.1"
                      }
                    ]
                  }
                },
                {
                  "node": "d",
                  "type": "line-start",
                  "ref": "P228532.18",
                  "n": "16",
                  "label": "r i 16"
                },
                {
                  "node": "l",
                  "frag": "ŋeš",
                  "id": "P228532.l1d950",
                  "ref": "P228532.18.1",
                  "inst": "%sux:ŋeš=",
                  "f": {
                    "lang": "sux",
                    "form": "ŋeš",
                    "delim": "",
                    "gdl": [
                      {
                        "v": "ŋeš",
                        "id": "P228532.18.1.0"
                      }
                    ]
                  }
                },
                {
                  "node": "l",
                  "frag": "še-[...]",
                  "id": "P228532.l1d951",
                  "ref": "P228532.18.2",
                  "inst": "%sux:še-x=",
                  "f": {
                    "lang": "sux",
                    "form": "še-x",
                    "gdl": [
                      {
                        "v": "še",
                        "id": "P228532.18.2.0",
                        "delim": "-"
                      },
                      {
                        "x": "ellipsis",
                        "id": "P228532.18.2.1",
                        "breakStart": "1",
                        "break": "missing",
                        "o": "]",
                        "breakEnd": "P228532.18.2.1"
                      }
                    ]
                  }
                },
                {
                  "node": "d",
                  "type": "line-start",
                  "ref": "P228532.19",
                  "n": "17",
                  "label": "r i 17"
                },
                {
                  "node": "l",
                  "frag": "ŋeš",
                  "id": "P228532.l1d952",
                  "ref": "P228532.19.1",
                  "inst": "%sux:ŋeš=",
                  "f": {
                    "lang": "sux",
                    "form": "ŋeš",
                    "delim": "",
                    "gdl": [
                      {
                        "v": "ŋeš",
                        "id": "P228532.19.1.0"
                      }
                    ]
                  }
                },
                {
                  "node": "l",
                  "frag": "še-[...]",
                  "id": "P228532.l1d953",
                  "ref": "P228532.19.2",
                  "inst": "%sux:še-x=",
                  "f": {
                    "lang": "sux",
                    "form": "še-x",
                    "gdl": [
                      {
                        "v": "še",
                        "id": "P228532.19.2.0",
                        "delim": "-"
                      },
                      {
                        "x": "ellipsis",
                        "id": "P228532.19.2.1",
                        "breakStart": "1",
                        "break": "missing",
                        "o": "]",
                        "breakEnd": "P228532.19.2.1"
                      }
                    ]
                  }
                },
                {
                  "node": "d",
                  "type": "line-start",
                  "ref": "P228532.20",
                  "n": "18",
                  "label": "r i 18"
                },
                {
                  "node": "l",
                  "frag": "ŋeš",
                  "id": "P228532.l1d954",
                  "ref": "P228532.20.1",
                  "inst": "%sux:ŋeš=",
                  "f": {
                    "lang": "sux",
                    "form": "ŋeš",
                    "delim": "",
                    "gdl": [
                      {
                        "v": "ŋeš",
                        "id": "P228532.20.1.0"
                      }
                    ]
                  }
                },
                {
                  "node": "l",
                  "frag": "[...]",
                  "id": "P228532.l1d955",
                  "ref": "P228532.20.2",
                  "inst": "%sux:x=",
                  "f": {
                    "lang": "sux",
                    "form": "x",
                    "gdl": [
                      {
                        "x": "ellipsis",
                        "id": "P228532.20.2.0",
                        "breakStart": "1",
                        "break": "missing",
                        "o": "]",
                        "breakEnd": "P228532.20.2.0"
                      }
                    ]
                  }
                },
                {
                  "node": "d",
                  "type": "line-start",
                  "ref": "P228532.21",
                  "n": "19",
                  "label": "r i 19"
                },
                {
                  "node": "l",
                  "frag": "ŋeš",
                  "id": "P228532.l1d956",
                  "ref": "P228532.21.1",
                  "inst": "%sux:ŋeš=",
                  "f": {
                    "lang": "sux",
                    "form": "ŋeš",
                    "delim": "",
                    "gdl": [
                      {
                        "v": "ŋeš",
                        "id": "P228532.21.1.0"
                      }
                    ]
                  }
                },
                {
                  "node": "l",
                  "frag": "šinig-[...]",
                  "id": "P228532.l1d957",
                  "ref": "P228532.21.2",
                  "inst": "%sux:šinig-x=",
                  "f": {
                    "lang": "sux",
                    "form": "šinig-x",
                    "gdl": [
                      {
                        "v": "šinig",
                        "id": "P228532.21.2.0",
                        "delim": "-"
                      },
                      {
                        "x": "ellipsis",
                        "id": "P228532.21.2.1",
                        "breakStart": "1",
                        "break": "missing",
                        "o": "]",
                        "breakEnd": "P228532.21.2.1"
                      }
                    ]
                  }
                },
                {
                  "node": "d",
                  "type": "line-start",
                  "ref": "P228532.22",
                  "n": "20",
                  "label": "r i 20"
                },
                {
                  "node": "l",
                  "frag": "ŋeš",
                  "id": "P228532.l1d958",
                  "ref": "P228532.22.1",
                  "inst": "%sux:ŋeš=",
                  "f": {
                    "lang": "sux",
                    "form": "ŋeš",
                    "delim": "",
                    "gdl": [
                      {
                        "v": "ŋeš",
                        "id": "P228532.22.1.0"
                      }
                    ]
                  }
                },
                {
                  "node": "l",
                  "frag": "šinig-[...]",
                  "id": "P228532.l1d959",
                  "ref": "P228532.22.2",
                  "inst": "%sux:šinig-x=",
                  "f": {
                    "lang": "sux",
                    "form": "šinig-x",
                    "gdl": [
                      {
                        "v": "šinig",
                        "id": "P228532.22.2.0",
                        "delim": "-"
                      },
                      {
                        "x": "ellipsis",
                        "id": "P228532.22.2.1",
                        "breakStart": "1",
                        "break": "missing",
                        "o": "]",
                        "breakEnd": "P228532.22.2.1"
                      }
                    ]
                  }
                },
                {
                  "node": "d",
                  "type": "line-start",
                  "ref": "P228532.23",
                  "n": "21",
                  "label": "r i 21"
                },
                {
                  "node": "l",
                  "frag": "ŋeš",
                  "id": "P228532.l1d95a",
                  "ref": "P228532.23.1",
                  "inst": "%sux:ŋeš=",
                  "f": {
                    "lang": "sux",
                    "form": "ŋeš",
                    "delim": "",
                    "gdl": [
                      {
                        "v": "ŋeš",
                        "id": "P228532.23.1.0"
                      }
                    ]
                  }
                },
                {
                  "node": "l",
                  "frag": "[šar₉]",
                  "id": "P228532.l1d95b",
                  "ref": "P228532.23.2",
                  "inst": "%sux:šar₉=",
                  "f": {
                    "lang": "sux",
                    "form": "šar₉",
                    "gdl": [
                      {
                        "v": "šar₉",
                        "id": "P228532.23.2.0",
                        "breakStart": "1",
                        "o": "]",
                        "break": "missing",
                        "breakEnd": "P228532.23.2.0"
                      }
                    ]
                  }
                },
                {
                  "node": "d",
                  "subtype": "column 2r",
                  "type": "column",
                  "ref": "P228532.r.ii.24",
                  "n": "2",
                  "label": "r ii"
                },
                {
                  "node": "d",
                  "type": "line-start",
                  "ref": "P228532.25",
                  "n": "1",
                  "label": "r ii 1"
                },
                {
                  "node": "l",
                  "frag": "[...]-la-e",
                  "id": "P228532.l1d95c",
                  "ref": "P228532.25.1",
                  "inst": "%sux:x-la-e=",
                  "f": {
                    "lang": "sux",
                    "form": "x-la-e",
                    "gdl": [
                      {
                        "x": "ellipsis",
                        "id": "P228532.25.1.0",
                        "breakStart": "1",
                        "break": "missing",
                        "o": "]",
                        "breakEnd": "P228532.25.1.0",
                        "delim": "-"
                      },
                      {
                        "v": "la",
                        "id": "P228532.25.1.1",
                        "delim": "-"
                      },
                      {
                        "v": "e",
                        "id": "P228532.25.1.2"
                      }
                    ]
                  }
                },
                {
                  "node": "d",
                  "type": "line-start",
                  "ref": "P228532.26",
                  "n": "2",
                  "label": "r ii 2"
                },
                {
                  "node": "l",
                  "frag": "[...]-gig",
                  "id": "P228532.l1d95d",
                  "ref": "P228532.26.1",
                  "inst": "%sux:x-gig=",
                  "f": {
                    "lang": "sux",
                    "form": "x-gig",
                    "gdl": [
                      {
                        "x": "ellipsis",
                        "id": "P228532.26.1.0",
                        "breakStart": "1",
                        "break": "missing",
                        "o": "]",
                        "breakEnd": "P228532.26.1.0",
                        "delim": "-"
                      },
                      {
                        "v": "gig",
                        "id": "P228532.26.1.1"
                      }
                    ]
                  }
                },
                {
                  "node": "d",
                  "type": "line-start",
                  "ref": "P228532.27",
                  "n": "3",
                  "label": "r ii 3"
                },
                {
                  "node": "l",
                  "frag": "[...]",
                  "id": "P228532.l1d95e",
                  "ref": "P228532.27.1",
                  "inst": "%sux:x=",
                  "f": {
                    "lang": "sux",
                    "form": "x",
                    "delim": "",
                    "gdl": [
                      {
                        "x": "ellipsis",
                        "id": "P228532.27.1.0",
                        "breakStart": "1",
                        "break": "missing",
                        "o": "]",
                        "breakEnd": "P228532.27.1.0"
                      }
                    ]
                  }
                },
                {
                  "node": "l",
                  "frag": "⸢šennur⸣",
                  "id": "P228532.l1d95f",
                  "ref": "P228532.27.2",
                  "inst": "%sux:šennur=",
                  "f": {
                    "lang": "sux",
                    "form": "šennur",
                    "gdl": [
                      {
                        "v": "šennur",
                        "id": "P228532.27.2.0",
                        "break": "damaged",
                        "ho": "1",
                        "hc": "1"
                      }
                    ]
                  }
                },
                {
                  "node": "d",
                  "type": "line-start",
                  "ref": "P228532.28",
                  "n": "4",
                  "label": "r ii 4"
                },
                {
                  "node": "l",
                  "frag": "[...]",
                  "id": "P228532.l1d960",
                  "ref": "P228532.28.1",
                  "inst": "%sux:x=",
                  "f": {
                    "lang": "sux",
                    "form": "x",
                    "delim": "",
                    "gdl": [
                      {
                        "x": "ellipsis",
                        "id": "P228532.28.1.0",
                        "breakStart": "1",
                        "break": "missing",
                        "o": "]",
                        "breakEnd": "P228532.28.1.0"
                      }
                    ]
                  }
                },
                {
                  "node": "l",
                  "frag": "lam-gal",
                  "id": "P228532.l1d961",
                  "ref": "P228532.28.2",
                  "inst": "%sux:lam-gal=",
                  "f": {
                    "lang": "sux",
                    "form": "lam-gal",
                    "gdl": [
                      {
                        "v": "lam",
                        "id": "P228532.28.2.0",
                        "delim": "-"
                      },
                      {
                        "v": "gal",
                        "id": "P228532.28.2.1"
                      }
                    ]
                  }
                },
                {
                  "node": "d",
                  "type": "line-start",
                  "ref": "P228532.29",
                  "n": "5",
                  "label": "r ii 5"
                },
                {
                  "node": "l",
                  "frag": "ŋeš",
                  "id": "P228532.l1d962",
                  "ref": "P228532.29.1",
                  "inst": "%sux:ŋeš=",
                  "f": {
                    "lang": "sux",
                    "form": "ŋeš",
                    "delim": "",
                    "gdl": [
                      {
                        "v": "ŋeš",
                        "id": "P228532.29.1.0"
                      }
                    ]
                  }
                },
                {
                  "node": "l",
                  "frag": "lam-tur",
                  "id": "P228532.l1d963",
                  "ref": "P228532.29.2",
                  "inst": "%sux:lam-tur=",
                  "f": {
                    "lang": "sux",
                    "form": "lam-tur",
                    "gdl": [
                      {
                        "v": "lam",
                        "id": "P228532.29.2.0",
                        "delim": "-"
                      },
                      {
                        "v": "tur",
                        "id": "P228532.29.2.1"
                      }
                    ]
                  }
                },
                {
                  "node": "d",
                  "type": "line-start",
                  "ref": "P228532.30",
                  "n": "6",
                  "label": "r ii 6"
                },
                {
                  "node": "l",
                  "frag": "ŋeš",
                  "id": "P228532.l1d964",
                  "ref": "P228532.30.1",
                  "inst": "%sux:ŋeš=",
                  "f": {
                    "lang": "sux",
                    "form": "ŋeš",
                    "delim": "",
                    "gdl": [
                      {
                        "v": "ŋeš",
                        "id": "P228532.30.1.0"
                      }
                    ]
                  }
                },
                {
                  "node": "l",
                  "frag": "al-la-nu-um",
                  "id": "P228532.l1d965",
                  "ref": "P228532.30.2",
                  "inst": "%sux:al-la-nu-um=",
                  "f": {
                    "lang": "sux",
                    "form": "al-la-nu-um",
                    "gdl": [
                      {
                        "v": "al",
                        "id": "P228532.30.2.0",
                        "delim": "-"
                      },
                      {
                        "v": "la",
                        "id": "P228532.30.2.1",
                        "delim": "-"
                      },
                      {
                        "v": "nu",
                        "id": "P228532.30.2.2",
                        "delim": "-"
                      },
                      {
                        "v": "um",
                        "id": "P228532.30.2.3"
                      }
                    ]
                  }
                },
                {
                  "node": "d",
                  "type": "line-start",
                  "ref": "P228532.31",
                  "n": "7",
                  "label": "r ii 7"
                },
                {
                  "node": "l",
                  "frag": "ŋeš",
                  "id": "P228532.l1d966",
                  "ref": "P228532.31.1",
                  "inst": "%sux:ŋeš=",
                  "f": {
                    "lang": "sux",
                    "form": "ŋeš",
                    "delim": "",
                    "gdl": [
                      {
                        "v": "ŋeš",
                        "id": "P228532.31.1.0"
                      }
                    ]
                  }
                },
                {
                  "node": "l",
                  "frag": "ildag₂",
                  "id": "P228532.l1d967",
                  "ref": "P228532.31.2",
                  "inst": "%sux:ildag₂=",
                  "f": {
                    "lang": "sux",
                    "form": "ildag₂",
                    "gdl": [
                      {
                        "v": "ildag₂",
                        "id": "P228532.31.2.0"
                      }
                    ]
                  }
                },
                {
                  "node": "d",
                  "type": "line-start",
                  "ref": "P228532.32",
                  "n": "8",
                  "label": "r ii 8"
                },
                {
                  "node": "l",
                  "frag": "ŋeš",
                  "id": "P228532.l1d968",
                  "ref": "P228532.32.1",
                  "inst": "%sux:ŋeš=",
                  "f": {
                    "lang": "sux",
                    "form": "ŋeš",
                    "delim": "",
                    "gdl": [
                      {
                        "v": "ŋeš",
                        "id": "P228532.32.1.0"
                      }
                    ]
                  }
                },
                {
                  "node": "l",
                  "frag": "ildag₂-kur",
                  "id": "P228532.l1d969",
                  "ref": "P228532.32.2",
                  "inst": "%sux:ildag₂-kur=",
                  "f": {
                    "lang": "sux",
                    "form": "ildag₂-kur",
                    "gdl": [
                      {
                        "v": "ildag₂",
                        "id": "P228532.32.2.0",
                        "delim": "-"
                      },
                      {
                        "v": "kur",
                        "id": "P228532.32.2.1"
                      }
                    ]
                  }
                },
                {
                  "node": "d",
                  "type": "line-start",
                  "ref": "P228532.33",
                  "n": "9",
                  "label": "r ii 9"
                },
                {
                  "node": "l",
                  "frag": "ŋeš",
                  "id": "P228532.l1d96a",
                  "ref": "P228532.33.1",
                  "inst": "%sux:ŋeš=",
                  "f": {
                    "lang": "sux",
                    "form": "ŋeš",
                    "delim": "",
                    "gdl": [
                      {
                        "v": "ŋeš",
                        "id": "P228532.33.1.0"
                      }
                    ]
                  }
                },
                {
                  "node": "l",
                  "frag": "ildag₂-bur",
                  "id": "P228532.l1d96b",
                  "ref": "P228532.33.2",
                  "inst": "%sux:ildag₂-bur=",
                  "f": {
                    "lang": "sux",
                    "form": "ildag₂-bur",
                    "gdl": [
                      {
                        "v": "ildag₂",
                        "id": "P228532.33.2.0",
                        "delim": "-"
                      },
                      {
                        "v": "bur",
                        "id": "P228532.33.2.1"
                      }
                    ]
                  }
                },
                {
                  "node": "d",
                  "type": "line-start",
                  "ref": "P228532.34",
                  "n": "10",
                  "label": "r ii 10"
                },
                {
                  "node": "l",
                  "frag": "ŋeš",
                  "id": "P228532.l1d96c",
                  "ref": "P228532.34.1",
                  "inst": "%sux:ŋeš=",
                  "f": {
                    "lang": "sux",
                    "form": "ŋeš",
                    "delim": "",
                    "gdl": [
                      {
                        "v": "ŋeš",
                        "id": "P228532.34.1.0"
                      }
                    ]
                  }
                },
                {
                  "node": "l",
                  "frag": "ildag₂-šita₃-na",
                  "id": "P228532.l1d96d",
                  "ref": "P228532.34.2",
                  "inst": "%sux:ildag₂-šita₃-na=",
                  "f": {
                    "lang": "sux",
                    "form": "ildag₂-šita₃-na",
                    "gdl": [
                      {
                        "v": "ildag₂",
                        "id": "P228532.34.2.0",
                        "delim": "-"
                      },
                      {
                        "v": "šita₃",
                        "id": "P228532.34.2.1",
                        "delim": "-"
                      },
                      {
                        "v": "na",
                        "id": "P228532.34.2.2"
                      }
                    ]
                  }
                },
                {
                  "node": "d",
                  "type": "line-start",
                  "ref": "P228532.35",
                  "n": "11",
                  "label": "r ii 11"
                },
                {
                  "node": "l",
                  "frag": "ŋeš",
                  "id": "P228532.l1d96e",
                  "ref": "P228532.35.1",
                  "inst": "%sux:ŋeš=",
                  "f": {
                    "lang": "sux",
                    "form": "ŋeš",
                    "delim": "",
                    "gdl": [
                      {
                        "v": "ŋeš",
                        "id": "P228532.35.1.0"
                      }
                    ]
                  }
                },
                {
                  "node": "l",
                  "frag": "kur-ra",
                  "id": "P228532.l1d96f",
                  "ref": "P228532.35.2",
                  "inst": "%sux:kur-ra=",
                  "f": {
                    "lang": "sux",
                    "form": "kur-ra",
                    "gdl": [
                      {
                        "v": "kur",
                        "id": "P228532.35.2.0",
                        "delim": "-"
                      },
                      {
                        "v": "ra",
                        "id": "P228532.35.2.1"
                      }
                    ]
                  }
                },
                {
                  "node": "d",
                  "type": "line-start",
                  "ref": "P228532.36",
                  "n": "12",
                  "label": "r ii 12"
                },
                {
                  "node": "l",
                  "frag": "ŋeš",
                  "id": "P228532.l1d970",
                  "ref": "P228532.36.1",
                  "inst": "%sux:ŋeš=",
                  "f": {
                    "lang": "sux",
                    "form": "ŋeš",
                    "delim": "",
                    "gdl": [
                      {
                        "v": "ŋeš",
                        "id": "P228532.36.1.0"
                      }
                    ]
                  }
                },
                {
                  "node": "l",
                  "frag": "ab-ba",
                  "id": "P228532.l1d971",
                  "ref": "P228532.36.2",
                  "inst": "%sux:ab-ba=",
                  "f": {
                    "lang": "sux",
                    "form": "ab-ba",
                    "gdl": [
                      {
                        "v": "ab",
                        "id": "P228532.36.2.0",
                        "delim": "-"
                      },
                      {
                        "v": "ba",
                        "id": "P228532.36.2.1"
                      }
                    ]
                  }
                },
                {
                  "node": "d",
                  "type": "line-start",
                  "ref": "P228532.37",
                  "n": "13",
                  "label": "r ii 13"
                },
                {
                  "node": "l",
                  "frag": "ŋeš",
                  "id": "P228532.l1d972",
                  "ref": "P228532.37.1",
                  "inst": "%sux:ŋeš=",
                  "f": {
                    "lang": "sux",
                    "form": "ŋeš",
                    "delim": "",
                    "gdl": [
                      {
                        "v": "ŋeš",
                        "id": "P228532.37.1.0"
                      }
                    ]
                  }
                },
                {
                  "node": "l",
                  "frag": "ab-ba-me-luh-ha",
                  "id": "P228532.l1d973",
                  "ref": "P228532.37.2",
                  "inst": "%sux:ab-ba-me-luh-ha=",
                  "f": {
                    "lang": "sux",
                    "form": "ab-ba-me-luh-ha",
                    "gdl": [
                      {
                        "v": "ab",
                        "id": "P228532.37.2.0",
                        "delim": "-"
                      },
                      {
                        "v": "ba",
                        "id": "P228532.37.2.1",
                        "delim": "-"
                      },
                      {
                        "v": "me",
                        "id": "P228532.37.2.2",
                        "delim": "-"
                      },
                      {
                        "v": "luh",
                        "id": "P228532.37.2.3",
                        "delim": "-"
                      },
                      {
                        "v": "ha",
                        "id": "P228532.37.2.4"
                      }
                    ]
                  }
                },
                {
                  "node": "d",
                  "type": "line-start",
                  "ref": "P228532.38",
                  "n": "14",
                  "label": "r ii 14"
                },
                {
                  "node": "l",
                  "frag": "ŋeš",
                  "id": "P228532.l1d974",
                  "ref": "P228532.38.1",
                  "inst": "%sux:ŋeš=",
                  "f": {
                    "lang": "sux",
                    "form": "ŋeš",
                    "delim": "",
                    "gdl": [
                      {
                        "v": "ŋeš",
                        "id": "P228532.38.1.0"
                      }
                    ]
                  }
                },
                {
                  "node": "l",
                  "frag": "ŋi₆-par₄",
                  "id": "P228532.l1d975",
                  "ref": "P228532.38.2",
                  "inst": "%sux:ŋi₆-par₄=",
                  "f": {
                    "lang": "sux",
                    "form": "ŋi₆-par₄",
                    "gdl": [
                      {
                        "v": "ŋi₆",
                        "id": "P228532.38.2.0",
                        "delim": "-"
                      },
                      {
                        "v": "par₄",
                        "id": "P228532.38.2.1"
                      }
                    ]
                  }
                },
                {
                  "node": "d",
                  "type": "line-start",
                  "ref": "P228532.39",
                  "n": "15",
                  "label": "r ii 15"
                },
                {
                  "node": "l",
                  "frag": "ŋeš",
                  "id": "P228532.l1d976",
                  "ref": "P228532.39.1",
                  "inst": "%sux:ŋeš=",
                  "f": {
                    "lang": "sux",
                    "form": "ŋeš",
                    "delim": "",
                    "gdl": [
                      {
                        "v": "ŋeš",
                        "id": "P228532.39.1.0"
                      }
                    ]
                  }
                },
                {
                  "node": "l",
                  "frag": "ma-nu",
                  "id": "P228532.l1d977",
                  "ref": "P228532.39.2",
                  "inst": "%sux:ma-nu=",
                  "f": {
                    "lang": "sux",
                    "form": "ma-nu",
                    "gdl": [
                      {
                        "v": "ma",
                        "id": "P228532.39.2.0",
                        "delim": "-"
                      },
                      {
                        "v": "nu",
                        "id": "P228532.39.2.1"
                      }
                    ]
                  }
                },
                {
                  "node": "d",
                  "type": "line-start",
                  "ref": "P228532.40",
                  "n": "16",
                  "label": "r ii 16"
                },
                {
                  "node": "l",
                  "frag": "[...]-nu-šu-AK",
                  "id": "P228532.l1d978",
                  "ref": "P228532.40.1",
                  "inst": "%sux:x-nu-šu-AK=",
                  "f": {
                    "lang": "sux",
                    "form": "x-nu-šu-AK",
                    "gdl": [
                      {
                        "x": "ellipsis",
                        "id": "P228532.40.1.0",
                        "breakStart": "1",
                        "break": "missing",
                        "o": "]",
                        "breakEnd": "P228532.40.1.0",
                        "delim": "-"
                      },
                      {
                        "v": "nu",
                        "id": "P228532.40.1.1",
                        "delim": "-"
                      },
                      {
                        "v": "šu",
                        "id": "P228532.40.1.2",
                        "delim": "-"
                      },
                      {
                        "s": "AK",
                        "id": "P228532.40.1.3"
                      }
                    ]
                  }
                },
                {
                  "node": "d",
                  "type": "line-start",
                  "ref": "P228532.41",
                  "n": "17",
                  "label": "r ii 17"
                },
                {
                  "node": "l",
                  "frag": "[...]-AK",
                  "id": "P228532.l1d979",
                  "ref": "P228532.41.1",
                  "inst": "%sux:x-AK=",
                  "f": {
                    "lang": "sux",
                    "form": "x-AK",
                    "gdl": [
                      {
                        "x": "ellipsis",
                        "id": "P228532.41.1.0",
                        "breakStart": "1",
                        "break": "missing",
                        "o": "]",
                        "breakEnd": "P228532.41.1.0",
                        "delim": "-"
                      },
                      {
                        "s": "AK",
                        "id": "P228532.41.1.1"
                      }
                    ]
                  }
                }
              ]
            }
          ]
        }
      ]
    }
  ]
}
