{
  "type": "cdl",
  "project": "dcclt",
  "source": "http://oracc.org/dcclt",
  "license": "This data is released under the CC0 license",
  "license-url": "https://creativecommons.org/publicdomain/zero/1.0/",
  "more-info": "http://oracc.org/doc/opendata/",
  "UTC-timestamp": "2018-02-26T12:49:56",
  "textid": "P228474",
  "cdl": [
    {
      "node": "c",
      "type": "text",
      "id": "P228474.U0",
      "cdl": [
        {
          "node": "d",
          "type": "object",
          "ref": ""
        },
        {
          "node": "d",
          "subtype": "reverse",
          "type": "reverse",
          "ref": "P228474.r.1",
          "label": "r"
        },
        {
          "node": "d",
          "subtype": "column 1r",
          "type": "column",
          "ref": "P228474.r.i.2",
          "n": "1",
          "label": "r i"
        },
        {
          "node": "c",
          "type": "discourse",
          "subtype": "body",
          "id": "P228474.U1",
          "cdl": [
            {
              "node": "c",
              "type": "sentence",
              "implicit": "yes",
              "id": "P228474.U2",
              "label": "r i 1 - r ii 4",
              "cdl": [
                {
                  "node": "d",
                  "type": "line-start",
                  "ref": "P228474.3",
                  "n": "1",
                  "label": "r i 1"
                },
                {
                  "node": "l",
                  "frag": "ŋeš",
                  "id": "P228474.l1d6ca",
                  "ref": "P228474.3.1",
                  "inst": "%sux:ŋeš=",
                  "f": {
                    "lang": "sux",
                    "form": "ŋeš",
                    "delim": "",
                    "gdl": [
                      {
                        "v": "ŋeš",
                        "id": "P228474.3.1.0"
                      }
                    ]
                  }
                },
                {
                  "node": "l",
                  "frag": "taskarin",
                  "id": "P228474.l1d6cb",
                  "ref": "P228474.3.2",
                  "inst": "%sux:taskarin=",
                  "f": {
                    "lang": "sux",
                    "form": "taskarin",
                    "gdl": [
                      {
                        "v": "taskarin",
                        "id": "P228474.3.2.0"
                      }
                    ]
                  }
                },
                {
                  "node": "d",
                  "type": "line-start",
                  "ref": "P228474.4",
                  "n": "2",
                  "label": "r i 2"
                },
                {
                  "node": "l",
                  "frag": "ŋeš",
                  "id": "P228474.l1d6cc",
                  "ref": "P228474.4.1",
                  "inst": "%sux:ŋeš=",
                  "f": {
                    "lang": "sux",
                    "form": "ŋeš",
                    "delim": "",
                    "gdl": [
                      {
                        "v": "ŋeš",
                        "id": "P228474.4.1.0"
                      }
                    ]
                  }
                },
                {
                  "node": "l",
                  "frag": "esi",
                  "id": "P228474.l1d6cd",
                  "ref": "P228474.4.2",
                  "inst": "%sux:esi=",
                  "f": {
                    "lang": "sux",
                    "form": "esi",
                    "gdl": [
                      {
                        "v": "esi",
                        "id": "P228474.4.2.0"
                      }
                    ]
                  }
                },
                {
                  "node": "d",
                  "type": "line-start",
                  "ref": "P228474.5",
                  "n": "3",
                  "label": "r i 3"
                },
                {
                  "node": "l",
                  "frag": "ŋeš",
                  "id": "P228474.l1d6ce",
                  "ref": "P228474.5.1",
                  "inst": "%sux:ŋeš=",
                  "f": {
                    "lang": "sux",
                    "form": "ŋeš",
                    "delim": "",
                    "gdl": [
                      {
                        "v": "ŋeš",
                        "id": "P228474.5.1.0"
                      }
                    ]
                  }
                },
                {
                  "node": "l",
                  "frag": "nu₁₁",
                  "id": "P228474.l1d6cf",
                  "ref": "P228474.5.2",
                  "inst": "%sux:nu₁₁=",
                  "f": {
                    "lang": "sux",
                    "form": "nu₁₁",
                    "gdl": [
                      {
                        "v": "nu₁₁",
                        "id": "P228474.5.2.0"
                      }
                    ]
                  }
                },
                {
                  "node": "d",
                  "type": "line-start",
                  "ref": "P228474.6",
                  "n": "4",
                  "label": "r i 4"
                },
                {
                  "node": "l",
                  "frag": "ŋeš",
                  "id": "P228474.l1d6d0",
                  "ref": "P228474.6.1",
                  "inst": "%sux:ŋeš=",
                  "f": {
                    "lang": "sux",
                    "form": "ŋeš",
                    "delim": "",
                    "gdl": [
                      {
                        "v": "ŋeš",
                        "id": "P228474.6.1.0"
                      }
                    ]
                  }
                },
                {
                  "node": "l",
                  "frag": "ha-lu-ub₂",
                  "id": "P228474.l1d6d1",
                  "ref": "P228474.6.2",
                  "inst": "%sux:ha-lu-ub₂=",
                  "f": {
                    "lang": "sux",
                    "form": "ha-lu-ub₂",
                    "gdl": [
                      {
                        "v": "ha",
                        "id": "P228474.6.2.0",
                        "delim": "-"
                      },
                      {
                        "v": "lu",
                        "id": "P228474.6.2.1",
                        "delim": "-"
                      },
                      {
                        "v": "ub₂",
                        "id": "P228474.6.2.2"
                      }
                    ]
                  }
                },
                {
                  "node": "d",
                  "type": "line-start",
                  "ref": "P228474.7",
                  "n": "5",
                  "label": "r i 5"
                },
                {
                  "node": "l",
                  "frag": "ŋeš",
                  "id": "P228474.l1d6d2",
                  "ref": "P228474.7.1",
                  "inst": "%sux:ŋeš=",
                  "f": {
                    "lang": "sux",
                    "form": "ŋeš",
                    "delim": "",
                    "gdl": [
                      {
                        "v": "ŋeš",
                        "id": "P228474.7.1.0"
                      }
                    ]
                  }
                },
                {
                  "node": "l",
                  "frag": "ša₃-kal",
                  "id": "P228474.l1d6d3",
                  "ref": "P228474.7.2",
                  "inst": "%sux:ša₃-kal=",
                  "f": {
                    "lang": "sux",
                    "form": "ša₃-kal",
                    "gdl": [
                      {
                        "v": "ša₃",
                        "id": "P228474.7.2.0",
                        "delim": "-"
                      },
                      {
                        "v": "kal",
                        "id": "P228474.7.2.1"
                      }
                    ]
                  }
                },
                {
                  "node": "d",
                  "type": "line-start",
                  "ref": "P228474.8",
                  "n": "6",
                  "label": "r i 6"
                },
                {
                  "node": "l",
                  "frag": "[...]",
                  "id": "P228474.l1d6d4",
                  "ref": "P228474.8.1",
                  "inst": "%sux:x=",
                  "f": {
                    "lang": "sux",
                    "form": "x",
                    "delim": "",
                    "gdl": [
                      {
                        "x": "ellipsis",
                        "id": "P228474.8.1.0",
                        "breakStart": "1",
                        "break": "missing",
                        "o": "]",
                        "breakEnd": "P228474.8.1.0"
                      }
                    ]
                  }
                },
                {
                  "node": "l",
                  "frag": "kin₂",
                  "id": "P228474.l1d6d5",
                  "ref": "P228474.8.2",
                  "inst": "%sux:kin₂=",
                  "f": {
                    "lang": "sux",
                    "form": "kin₂",
                    "gdl": [
                      {
                        "v": "kin₂",
                        "id": "P228474.8.2.0"
                      }
                    ]
                  }
                },
                {
                  "node": "d",
                  "subtype": "column 2r",
                  "type": "column",
                  "ref": "P228474.r.ii.9",
                  "n": "2",
                  "label": "r ii"
                },
                {
                  "node": "d",
                  "type": "line-start",
                  "ref": "P228474.10",
                  "n": "1",
                  "label": "r ii 1"
                },
                {
                  "node": "l",
                  "frag": "[...]-suh₅",
                  "id": "P228474.l1d6d6",
                  "ref": "P228474.10.1",
                  "inst": "%sux:x-suh₅=",
                  "f": {
                    "lang": "sux",
                    "form": "x-suh₅",
                    "gdl": [
                      {
                        "x": "ellipsis",
                        "id": "P228474.10.1.0",
                        "breakStart": "1",
                        "break": "missing",
                        "o": "]",
                        "breakEnd": "P228474.10.1.0",
                        "delim": "-"
                      },
                      {
                        "v": "suh₅",
                        "id": "P228474.10.1.1"
                      }
                    ]
                  }
                },
                {
                  "node": "d",
                  "type": "line-start",
                  "ref": "P228474.11",
                  "n": "2",
                  "label": "r ii 2"
                },
                {
                  "node": "l",
                  "frag": "[...]",
                  "id": "P228474.l1d6d7",
                  "ref": "P228474.11.1",
                  "inst": "%sux:x=",
                  "f": {
                    "lang": "sux",
                    "form": "x",
                    "delim": "",
                    "gdl": [
                      {
                        "x": "ellipsis",
                        "id": "P228474.11.1.0",
                        "breakStart": "1",
                        "break": "missing",
                        "o": "]",
                        "breakEnd": "P228474.11.1.0"
                      }
                    ]
                  }
                },
                {
                  "node": "l",
                  "frag": "⸢še⸣-u₃-suh₅",
                  "id": "P228474.l1d6d8",
                  "ref": "P228474.11.2",
                  "inst": "%sux:še-u₃-suh₅=",
                  "f": {
                    "lang": "sux",
                    "form": "še-u₃-suh₅",
                    "gdl": [
                      {
                        "v": "še",
                        "id": "P228474.11.2.0",
                        "break": "damaged",
                        "ho": "1",
                        "delim": "-",
                        "hc": "1"
                      },
                      {
                        "v": "u₃",
                        "id": "P228474.11.2.1",
                        "delim": "-"
                      },
                      {
                        "v": "suh₅",
                        "id": "P228474.11.2.2"
                      }
                    ]
                  }
                },
                {
                  "node": "d",
                  "type": "line-start",
                  "ref": "P228474.12",
                  "n": "3",
                  "label": "r ii 3"
                },
                {
                  "node": "l",
                  "frag": "[...]-u₃-suh₅",
                  "id": "P228474.l1d6d9",
                  "ref": "P228474.12.1",
                  "inst": "%sux:x-u₃-suh₅=",
                  "f": {
                    "lang": "sux",
                    "form": "x-u₃-suh₅",
                    "gdl": [
                      {
                        "x": "ellipsis",
                        "id": "P228474.12.1.0",
                        "breakStart": "1",
                        "break": "missing",
                        "o": "]",
                        "breakEnd": "P228474.12.1.0",
                        "delim": "-"
                      },
                      {
                        "v": "u₃",
                        "id": "P228474.12.1.1",
                        "delim": "-"
                      },
                      {
                        "v": "suh₅",
                        "id": "P228474.12.1.2"
                      }
                    ]
                  }
                },
                {
                  "node": "d",
                  "type": "line-start",
                  "ref": "P228474.13",
                  "n": "4",
                  "label": "r ii 4"
                },
                {
                  "node": "l",
                  "frag": "[...]-la-e",
                  "id": "P228474.l1d6da",
                  "ref": "P228474.13.1",
                  "inst": "%sux:x-la-e=",
                  "f": {
                    "lang": "sux",
                    "form": "x-la-e",
                    "gdl": [
                      {
                        "x": "ellipsis",
                        "id": "P228474.13.1.0",
                        "breakStart": "1",
                        "break": "missing",
                        "o": "]",
                        "breakEnd": "P228474.13.1.0",
                        "delim": "-"
                      },
                      {
                        "v": "la",
                        "id": "P228474.13.1.1",
                        "delim": "-"
                      },
                      {
                        "v": "e",
                        "id": "P228474.13.1.2"
                      }
                    ]
                  }
                }
              ]
            }
          ]
        }
      ]
    }
  ]
}
