{
  "type": "cdl",
  "project": "dcclt",
  "source": "http://oracc.org/dcclt",
  "license": "This data is released under the CC0 license",
  "license-url": "https://creativecommons.org/publicdomain/zero/1.0/",
  "more-info": "http://oracc.org/doc/opendata/",
  "UTC-timestamp": "2018-02-26T12:51:29",
  "textid": "P229925",
  "cdl": [
    {
      "node": "c",
      "type": "text",
      "id": "P229925.U0",
      "cdl": [
        {
          "node": "d",
          "subtype": "tablet",
          "type": "tablet",
          "ref": "P229925.x1160.1",
          "label": "x1160"
        },
        {
          "node": "d",
          "subtype": "obverse",
          "type": "obverse",
          "ref": "P229925.o.2",
          "label": "o"
        },
        {
          "node": "d",
          "type": "nonx",
          "ref": "P229925.3",
          "strict": "0",
          "extent": "2",
          "scope": "column",
          "state": "traces"
        },
        {
          "node": "d",
          "subtype": "reverse",
          "type": "reverse",
          "ref": "P229925.r.4",
          "label": "r"
        },
        {
          "node": "d",
          "type": "nonx",
          "ref": "P229925.5",
          "strict": "0",
          "extent": "1",
          "state": "ruling"
        },
        {
          "node": "d",
          "subtype": "column 1r",
          "type": "column",
          "ref": "P229925.r.i.6",
          "n": "1",
          "label": "r i"
        },
        {
          "node": "d",
          "type": "nonx",
          "ref": "P229925.7",
          "strict": "0",
          "extent": "beginning",
          "state": "missing"
        },
        {
          "node": "c",
          "type": "discourse",
          "subtype": "body",
          "id": "P229925.U1",
          "cdl": [
            {
              "node": "c",
              "type": "sentence",
              "implicit": "yes",
              "id": "P229925.U2",
              "label": "r i 1' - r ii 9'",
              "cdl": [
                {
                  "node": "d",
                  "type": "line-start",
                  "ref": "P229925.8",
                  "n": "1'",
                  "label": "r i 1'"
                },
                {
                  "node": "l",
                  "frag": "šim",
                  "id": "P229925.l277de",
                  "ref": "P229925.8.1",
                  "inst": "šim[aromatic substance]N",
                  "sig": "@dcclt%sux:šim=šim[aromatics//aromatic substance]N'N$šim/šim#~",
                  "f": {
                    "lang": "sux",
                    "form": "šim",
                    "delim": "",
                    "gdl": [
                      {
                        "v": "šim",
                        "id": "P229925.8.1.0"
                      }
                    ],
                    "cf": "šim",
                    "gw": "aromatics",
                    "sense": "aromatic substance",
                    "norm0": "šim",
                    "pos": "N",
                    "epos": "N",
                    "base": "šim",
                    "morph": "~"
                  }
                },
                {
                  "node": "l",
                  "frag": "[...]",
                  "id": "P229925.l277df",
                  "ref": "P229925.8.2",
                  "inst": "u",
                  "f": {
                    "lang": "sux",
                    "form": "x",
                    "gdl": [
                      {
                        "x": "ellipsis",
                        "id": "P229925.8.2.0",
                        "breakStart": "1",
                        "break": "missing",
                        "o": "]",
                        "breakEnd": "P229925.8.2.0"
                      }
                    ],
                    "pos": "u"
                  }
                },
                {
                  "node": "d",
                  "type": "line-start",
                  "ref": "P229925.9",
                  "n": "2'",
                  "label": "r i 2'"
                },
                {
                  "node": "l",
                  "frag": "šim",
                  "id": "P229925.l277e0",
                  "ref": "P229925.9.1",
                  "inst": "šim[aromatic substance]N",
                  "sig": "@dcclt%sux:šim=šim[aromatics//aromatic substance]N'N$šim/šim#~",
                  "f": {
                    "lang": "sux",
                    "form": "šim",
                    "delim": "",
                    "gdl": [
                      {
                        "v": "šim",
                        "id": "P229925.9.1.0"
                      }
                    ],
                    "cf": "šim",
                    "gw": "aromatics",
                    "sense": "aromatic substance",
                    "norm0": "šim",
                    "pos": "N",
                    "epos": "N",
                    "base": "šim",
                    "morph": "~"
                  }
                },
                {
                  "node": "l",
                  "frag": "⸢li⸣",
                  "id": "P229925.l277e1",
                  "ref": "P229925.9.2",
                  "inst": "li[juniper]N",
                  "sig": "@dcclt%sux:li=li[juniper//juniper]N'N$li/li#~",
                  "f": {
                    "lang": "sux",
                    "form": "li",
                    "gdl": [
                      {
                        "v": "li",
                        "id": "P229925.9.2.0",
                        "break": "damaged",
                        "ho": "1",
                        "hc": "1"
                      }
                    ],
                    "cf": "li",
                    "gw": "juniper",
                    "sense": "juniper",
                    "norm0": "li",
                    "pos": "N",
                    "epos": "N",
                    "base": "li",
                    "morph": "~"
                  }
                },
                {
                  "node": "d",
                  "type": "line-start",
                  "ref": "P229925.10",
                  "n": "3'",
                  "label": "r i 3'"
                },
                {
                  "node": "l",
                  "frag": "šim",
                  "id": "P229925.l277e2",
                  "ref": "P229925.10.1",
                  "inst": "šim[aromatic substance]N",
                  "sig": "@dcclt%sux:šim=šim[aromatics//aromatic substance]N'N$šim/šim#~",
                  "f": {
                    "lang": "sux",
                    "form": "šim",
                    "delim": "",
                    "gdl": [
                      {
                        "v": "šim",
                        "id": "P229925.10.1.0"
                      }
                    ],
                    "cf": "šim",
                    "gw": "aromatics",
                    "sense": "aromatic substance",
                    "norm0": "šim",
                    "pos": "N",
                    "epos": "N",
                    "base": "šim",
                    "morph": "~"
                  }
                },
                {
                  "node": "l",
                  "frag": "gi",
                  "id": "P229925.l277e3",
                  "ref": "P229925.10.2",
                  "inst": "gi[cane]N",
                  "sig": "@dcclt%sux:gi=gi[reed//cane]N'N$gi/gi#~",
                  "f": {
                    "lang": "sux",
                    "form": "gi",
                    "delim": "",
                    "gdl": [
                      {
                        "v": "gi",
                        "id": "P229925.10.2.0"
                      }
                    ],
                    "cf": "gi",
                    "gw": "reed",
                    "sense": "cane",
                    "norm0": "gi",
                    "pos": "N",
                    "epos": "N",
                    "base": "gi",
                    "morph": "~"
                  }
                },
                {
                  "node": "l",
                  "frag": "dug₃-ga",
                  "id": "P229925.l277e4",
                  "ref": "P229925.10.3",
                  "inst": "dug[good]V/i",
                  "sig": "@dcclt%sux:dug₃-ga=dug[good//good]V/i'V/i$dug;a/dug₃+-ga=g.a#~;a",
                  "f": {
                    "lang": "sux",
                    "form": "dug₃-ga",
                    "gdl": [
                      {
                        "v": "dug₃",
                        "id": "P229925.10.3.0",
                        "delim": "-"
                      },
                      {
                        "v": "ga",
                        "id": "P229925.10.3.1"
                      }
                    ],
                    "cf": "dug",
                    "gw": "good",
                    "sense": "good",
                    "norm0": "dug;a",
                    "pos": "V/i",
                    "epos": "V/i",
                    "base": "dug₃",
                    "cont": "-ga=g.a",
                    "morph": "~;a"
                  }
                },
                {
                  "node": "d",
                  "type": "line-start",
                  "ref": "P229925.11",
                  "n": "4'",
                  "label": "r i 4'"
                },
                {
                  "node": "l",
                  "frag": "šim",
                  "id": "P229925.l277e5",
                  "ref": "P229925.11.1",
                  "inst": "šim[aromatic substance]N",
                  "sig": "@dcclt%sux:šim=šim[aromatics//aromatic substance]N'N$šim/šim#~",
                  "f": {
                    "lang": "sux",
                    "form": "šim",
                    "delim": "",
                    "gdl": [
                      {
                        "v": "šim",
                        "id": "P229925.11.1.0"
                      }
                    ],
                    "cf": "šim",
                    "gw": "aromatics",
                    "sense": "aromatic substance",
                    "norm0": "šim",
                    "pos": "N",
                    "epos": "N",
                    "base": "šim",
                    "morph": "~"
                  }
                },
                {
                  "node": "l",
                  "frag": "ar-ga-nu-⸢um⸣",
                  "id": "P229925.l277e6",
                  "ref": "P229925.11.2",
                  "inst": "arganum[a conifer]N",
                  "sig": "@dcclt%sux:ar-ga-nu-um=arganum[conifer//a conifer]N'N$arganum/ar-ga-nu-um#~",
                  "f": {
                    "lang": "sux",
                    "form": "ar-ga-nu-um",
                    "gdl": [
                      {
                        "v": "ar",
                        "id": "P229925.11.2.0",
                        "delim": "-"
                      },
                      {
                        "v": "ga",
                        "id": "P229925.11.2.1",
                        "delim": "-"
                      },
                      {
                        "v": "nu",
                        "id": "P229925.11.2.2",
                        "delim": "-"
                      },
                      {
                        "v": "um",
                        "id": "P229925.11.2.3",
                        "break": "damaged",
                        "ho": "1",
                        "hc": "1"
                      }
                    ],
                    "cf": "arganum",
                    "gw": "conifer",
                    "sense": "a conifer",
                    "norm0": "arganum",
                    "pos": "N",
                    "epos": "N",
                    "base": "ar-ga-nu-um",
                    "morph": "~"
                  }
                },
                {
                  "node": "d",
                  "type": "line-start",
                  "ref": "P229925.12",
                  "n": "5'",
                  "label": "r i 5'"
                },
                {
                  "node": "l",
                  "frag": "šim",
                  "id": "P229925.l277e7",
                  "ref": "P229925.12.1",
                  "inst": "šim[aromatic substance]N",
                  "sig": "@dcclt%sux:šim=šim[aromatics//aromatic substance]N'N$šim/šim#~",
                  "f": {
                    "lang": "sux",
                    "form": "šim",
                    "delim": "",
                    "gdl": [
                      {
                        "v": "šim",
                        "id": "P229925.12.1.0"
                      }
                    ],
                    "cf": "šim",
                    "gw": "aromatics",
                    "sense": "aromatic substance",
                    "norm0": "šim",
                    "pos": "N",
                    "epos": "N",
                    "base": "šim",
                    "morph": "~"
                  }
                },
                {
                  "node": "l",
                  "frag": "ar-gu-zum",
                  "id": "P229925.l277e8",
                  "ref": "P229925.12.2",
                  "inst": "marguzum[a resinous bush]N",
                  "sig": "@dcclt%sux:ar-gu-zum=marguzum[bush//a resinous bush]N'N$marguzum/ar-gu-zum#~",
                  "f": {
                    "lang": "sux",
                    "form": "ar-gu-zum",
                    "gdl": [
                      {
                        "v": "ar",
                        "id": "P229925.12.2.0",
                        "delim": "-"
                      },
                      {
                        "v": "gu",
                        "id": "P229925.12.2.1",
                        "delim": "-"
                      },
                      {
                        "v": "zum",
                        "id": "P229925.12.2.2"
                      }
                    ],
                    "cf": "marguzum",
                    "gw": "bush",
                    "sense": "a resinous bush",
                    "norm0": "marguzum",
                    "pos": "N",
                    "epos": "N",
                    "base": "ar-gu-zum",
                    "morph": "~"
                  }
                },
                {
                  "node": "d",
                  "type": "line-start",
                  "ref": "P229925.13",
                  "n": "6'",
                  "label": "r i 6'"
                },
                {
                  "node": "l",
                  "frag": "šim",
                  "id": "P229925.l277e9",
                  "ref": "P229925.13.1",
                  "inst": "šim[aromatic substance]N",
                  "sig": "@dcclt%sux:šim=šim[aromatics//aromatic substance]N'N$šim/šim#~",
                  "f": {
                    "lang": "sux",
                    "form": "šim",
                    "delim": "",
                    "gdl": [
                      {
                        "v": "šim",
                        "id": "P229925.13.1.0"
                      }
                    ],
                    "cf": "šim",
                    "gw": "aromatics",
                    "sense": "aromatic substance",
                    "norm0": "šim",
                    "pos": "N",
                    "epos": "N",
                    "base": "šim",
                    "morph": "~"
                  }
                },
                {
                  "node": "l",
                  "frag": "dam-ši-⸢lum⸣",
                  "id": "P229925.l277ea",
                  "ref": "P229925.13.2",
                  "inst": "damšelum[a plant]N",
                  "sig": "@dcclt%sux:dam-ši-lum=damšelum[plant//a plant]N'N$damšelum/dam-ši-lum#~",
                  "f": {
                    "lang": "sux",
                    "form": "dam-ši-lum",
                    "gdl": [
                      {
                        "v": "dam",
                        "id": "P229925.13.2.0",
                        "delim": "-"
                      },
                      {
                        "v": "ši",
                        "id": "P229925.13.2.1",
                        "delim": "-"
                      },
                      {
                        "v": "lum",
                        "id": "P229925.13.2.2",
                        "break": "damaged",
                        "ho": "1",
                        "hc": "1"
                      }
                    ],
                    "cf": "damšelum",
                    "gw": "plant",
                    "sense": "a plant",
                    "norm0": "damšelum",
                    "pos": "N",
                    "epos": "N",
                    "base": "dam-ši-lum",
                    "morph": "~"
                  }
                },
                {
                  "node": "d",
                  "type": "line-start",
                  "ref": "P229925.14",
                  "n": "7'",
                  "label": "r i 7'"
                },
                {
                  "node": "l",
                  "frag": "⸢šim",
                  "id": "P229925.l277eb",
                  "ref": "P229925.14.1",
                  "inst": "šim[aromatic substance]N",
                  "sig": "@dcclt%sux:šim=šim[aromatics//aromatic substance]N'N$šim/šim#~",
                  "f": {
                    "lang": "sux",
                    "form": "šim",
                    "delim": "",
                    "gdl": [
                      {
                        "v": "šim",
                        "id": "P229925.14.1.0",
                        "break": "damaged",
                        "ho": "1"
                      }
                    ],
                    "cf": "šim",
                    "gw": "aromatics",
                    "sense": "aromatic substance",
                    "norm0": "šim",
                    "pos": "N",
                    "epos": "N",
                    "base": "šim",
                    "morph": "~"
                  }
                },
                {
                  "node": "l",
                  "frag": "{ŋeš}arinaₓ(|I.LU₂@s.NA|)",
                  "id": "P229925.l277ec",
                  "ref": "P229925.14.2",
                  "inst": "arina[madder]N/{ŋeš}arinaₓ(|I.LU₂@s.NA|)#~",
                  "sig": "@dcclt%sux:{ŋeš}arinaₓ(|I.LU₂@s.NA|)=arina[madder//madder]N'N$arina/{ŋeš}arinaₓ(|I.LU₂@s.NA|)#~",
                  "f": {
                    "lang": "sux",
                    "form": "{ŋeš}arinaₓ(|I.LU₂@s.NA|)",
                    "gdl": [
                      {
                        "det": "semantic",
                        "pos": "pre",
                        "seq": [
                          {
                            "v": "ŋeš",
                            "id": "P229925.14.2.0",
                            "break": "damaged"
                          }
                        ]
                      },
                      {
                        "q": "arinaₓ(|I.LU₂@s.NA|)",
                        "id": "P229925.14.2.1",
                        "break": "damaged",
                        "hc": "1",
                        "qualified": [
                          {
                            "v": "arinaₓ"
                          },
                          {
                            "c": "|I.LU₂@s.NA|",
                            "seq": [
                              {
                                "s": "I"
                              },
                              {
                                "o": "beside"
                              },
                              {
                                "form": "LU₂@s",
                                "mods": [
                                  {
                                    "b": "LU₂"
                                  },
                                  {
                                    "m": "s"
                                  }
                                ]
                              },
                              {
                                "o": "beside"
                              },
                              {
                                "s": "NA"
                              }
                            ]
                          }
                        ]
                      }
                    ],
                    "cf": "arina",
                    "gw": "madder",
                    "sense": "madder",
                    "norm0": "arina",
                    "pos": "N",
                    "epos": "N",
                    "base": "{ŋeš}arinaₓ(|I.LU₂@s.NA|)",
                    "morph": "~"
                  }
                },
                {
                  "node": "d",
                  "type": "line-start",
                  "ref": "P229925.15",
                  "n": "8'",
                  "label": "r i 8'"
                },
                {
                  "node": "l",
                  "frag": "⸢šim⸣",
                  "id": "P229925.l277ed",
                  "ref": "P229925.15.1",
                  "inst": "šim[aromatic substance]N",
                  "sig": "@dcclt%sux:šim=šim[aromatics//aromatic substance]N'N$šim/šim#~",
                  "f": {
                    "lang": "sux",
                    "form": "šim",
                    "delim": "",
                    "gdl": [
                      {
                        "v": "šim",
                        "id": "P229925.15.1.0",
                        "break": "damaged",
                        "ho": "1",
                        "hc": "1"
                      }
                    ],
                    "cf": "šim",
                    "gw": "aromatics",
                    "sense": "aromatic substance",
                    "norm0": "šim",
                    "pos": "N",
                    "epos": "N",
                    "base": "šim",
                    "morph": "~"
                  }
                },
                {
                  "node": "l",
                  "frag": "[...]-⸢bu⸣",
                  "id": "P229925.l277ee",
                  "ref": "P229925.15.2",
                  "inst": "u",
                  "f": {
                    "lang": "sux",
                    "form": "x-bu",
                    "gdl": [
                      {
                        "x": "ellipsis",
                        "id": "P229925.15.2.0",
                        "breakStart": "1",
                        "break": "missing",
                        "o": "]",
                        "breakEnd": "P229925.15.2.0",
                        "delim": "-"
                      },
                      {
                        "v": "bu",
                        "id": "P229925.15.2.1",
                        "break": "damaged",
                        "queried": "1",
                        "ho": "1",
                        "hc": "1"
                      }
                    ],
                    "pos": "u"
                  }
                },
                {
                  "node": "d",
                  "type": "line-start",
                  "ref": "P229925.16",
                  "n": "9'",
                  "label": "r i 9'"
                },
                {
                  "node": "l",
                  "frag": "{še}⸢ŋeš⸣-[i₃",
                  "id": "P229925.l277ef",
                  "ref": "P229925.16.1",
                  "inst": "ŋeši[sesame]N",
                  "sig": "@dcclt%sux:{še}ŋeš-i₃=ŋeši[sesame//sesame]N'N$ŋeši/{še}ŋeš-i₃#~",
                  "f": {
                    "lang": "sux",
                    "form": "{še}ŋeš-i₃",
                    "delim": "",
                    "gdl": [
                      {
                        "det": "semantic",
                        "pos": "pre",
                        "seq": [
                          {
                            "v": "še",
                            "id": "P229925.16.1.0"
                          }
                        ]
                      },
                      {
                        "v": "ŋeš",
                        "id": "P229925.16.1.1",
                        "break": "damaged",
                        "ho": "1",
                        "delim": "-",
                        "hc": "1"
                      },
                      {
                        "v": "i₃",
                        "id": "P229925.16.1.2",
                        "breakStart": "1",
                        "o": "[",
                        "queried": "1",
                        "break": "missing"
                      }
                    ],
                    "cf": "ŋeši",
                    "gw": "sesame",
                    "sense": "sesame",
                    "norm0": "ŋeši",
                    "pos": "N",
                    "epos": "N",
                    "base": "{še}ŋeš-i₃",
                    "morph": "~"
                  }
                },
                {
                  "node": "l",
                  "frag": "...]",
                  "id": "P229925.l277f0",
                  "ref": "P229925.16.2",
                  "inst": "u",
                  "f": {
                    "lang": "sux",
                    "form": "x",
                    "gdl": [
                      {
                        "x": "ellipsis",
                        "id": "P229925.16.2.0",
                        "break": "missing",
                        "o": "]",
                        "breakEnd": "P229925.16.1.2"
                      }
                    ],
                    "pos": "u"
                  }
                },
                {
                  "node": "d",
                  "type": "line-start",
                  "ref": "P229925.17",
                  "n": "10'",
                  "label": "r i 10'"
                },
                {
                  "node": "l",
                  "frag": "⸢še",
                  "id": "P229925.l277f1",
                  "ref": "P229925.17.1",
                  "inst": "še[barley]N",
                  "sig": "@dcclt%sux:še=še[barley//barley]N'N$še/še#~",
                  "f": {
                    "lang": "sux",
                    "form": "še",
                    "delim": "",
                    "gdl": [
                      {
                        "v": "še",
                        "id": "P229925.17.1.0",
                        "break": "damaged",
                        "ho": "1"
                      }
                    ],
                    "cf": "še",
                    "gw": "barley",
                    "sense": "barley",
                    "norm0": "še",
                    "pos": "N",
                    "epos": "N",
                    "base": "še",
                    "morph": "~"
                  }
                },
                {
                  "node": "l",
                  "frag": "x⸣-[...]",
                  "id": "P229925.l277f2",
                  "ref": "P229925.17.2",
                  "inst": "u",
                  "f": {
                    "lang": "sux",
                    "form": "x-x",
                    "gdl": [
                      {
                        "v": "x",
                        "id": "P229925.17.2.0",
                        "break": "damaged",
                        "delim": "-",
                        "hc": "1"
                      },
                      {
                        "x": "ellipsis",
                        "id": "P229925.17.2.1",
                        "breakStart": "1",
                        "break": "missing",
                        "o": "]",
                        "breakEnd": "P229925.17.2.1"
                      }
                    ],
                    "pos": "u"
                  }
                },
                {
                  "node": "d",
                  "type": "nonx",
                  "ref": "P229925.18",
                  "strict": "0",
                  "extent": "rest",
                  "state": "missing"
                },
                {
                  "node": "d",
                  "subtype": "column 2r",
                  "type": "column",
                  "ref": "P229925.r.ii.19",
                  "n": "2",
                  "label": "r ii"
                },
                {
                  "node": "d",
                  "type": "nonx",
                  "ref": "P229925.20",
                  "strict": "0",
                  "extent": "beginning",
                  "state": "missing"
                },
                {
                  "node": "d",
                  "type": "line-start",
                  "ref": "P229925.21",
                  "n": "1'",
                  "label": "r ii 1'"
                },
                {
                  "node": "l",
                  "frag": "⸢še",
                  "id": "P229925.l277f3",
                  "ref": "P229925.21.1",
                  "inst": "še[barley]N",
                  "sig": "@dcclt%sux:še=še[barley//barley]N'N$še/še#~",
                  "f": {
                    "lang": "sux",
                    "form": "še",
                    "delim": "",
                    "gdl": [
                      {
                        "v": "še",
                        "id": "P229925.21.1.0",
                        "break": "damaged",
                        "ho": "1"
                      }
                    ],
                    "cf": "še",
                    "gw": "barley",
                    "sense": "barley",
                    "norm0": "še",
                    "pos": "N",
                    "epos": "N",
                    "base": "še",
                    "morph": "~"
                  }
                },
                {
                  "node": "l",
                  "frag": "ab-sin₂-na⸣",
                  "id": "P229925.l277f4",
                  "ref": "P229925.21.2",
                  "inst": "absin[furrow]N",
                  "sig": "@dcclt%sux:ab-sin₂-na=absin[furrow//furrow]N'N$absin,ak/ab-sin₂+-na=n.a#~,ak",
                  "f": {
                    "lang": "sux",
                    "form": "ab-sin₂-na",
                    "gdl": [
                      {
                        "v": "ab",
                        "id": "P229925.21.2.0",
                        "break": "damaged",
                        "delim": "-"
                      },
                      {
                        "v": "sin₂",
                        "id": "P229925.21.2.1",
                        "break": "damaged",
                        "delim": "-"
                      },
                      {
                        "v": "na",
                        "id": "P229925.21.2.2",
                        "break": "damaged",
                        "hc": "1"
                      }
                    ],
                    "cf": "absin",
                    "gw": "furrow",
                    "sense": "furrow",
                    "norm0": "absin,ak",
                    "pos": "N",
                    "epos": "N",
                    "base": "ab-sin₂",
                    "cont": "-na=n.a",
                    "morph": "~,ak"
                  }
                },
                {
                  "node": "d",
                  "type": "line-start",
                  "ref": "P229925.22",
                  "n": "2'",
                  "label": "r ii 2'"
                },
                {
                  "node": "l",
                  "frag": "⸢še⸣",
                  "id": "P229925.l277f5",
                  "ref": "P229925.22.1",
                  "inst": "še[barley]N",
                  "sig": "@dcclt%sux:še=še[barley//barley]N'N$še/še#~",
                  "f": {
                    "lang": "sux",
                    "form": "še",
                    "delim": "",
                    "gdl": [
                      {
                        "v": "še",
                        "id": "P229925.22.1.0",
                        "break": "damaged",
                        "ho": "1",
                        "hc": "1"
                      }
                    ],
                    "cf": "še",
                    "gw": "barley",
                    "sense": "barley",
                    "norm0": "še",
                    "pos": "N",
                    "epos": "N",
                    "base": "še",
                    "morph": "~"
                  }
                },
                {
                  "node": "l",
                  "frag": "šu",
                  "id": "P229925.l277f6",
                  "ref": "P229925.22.2",
                  "inst": "šu[hand]N",
                  "sig": "@dcclt%sux:šu=šu[hand//hand]N'N$šu/šu#~",
                  "f": {
                    "lang": "sux",
                    "form": "šu",
                    "delim": "",
                    "gdl": [
                      {
                        "v": "šu",
                        "id": "P229925.22.2.0"
                      }
                    ],
                    "cf": "šu",
                    "gw": "hand",
                    "sense": "hand",
                    "norm0": "šu",
                    "pos": "N",
                    "epos": "N",
                    "base": "šu",
                    "morph": "~"
                  }
                },
                {
                  "node": "l",
                  "frag": "a-ak",
                  "id": "P229925.l277f7",
                  "ref": "P229925.22.3",
                  "inst": "ak[do]V/t",
                  "sig": "@dcclt%sux:a-ak=ak[do//do]V/t'V/t$V:ak/ak#V:~",
                  "f": {
                    "lang": "sux",
                    "form": "a-ak",
                    "gdl": [
                      {
                        "v": "a",
                        "id": "P229925.22.3.0",
                        "delim": "-"
                      },
                      {
                        "v": "ak",
                        "id": "P229925.22.3.1"
                      }
                    ],
                    "cf": "ak",
                    "gw": "do",
                    "sense": "do",
                    "norm0": "V:ak",
                    "pos": "V/t",
                    "epos": "V/t",
                    "base": "ak",
                    "morph": "V:~"
                  }
                },
                {
                  "node": "d",
                  "type": "line-start",
                  "ref": "P229925.23",
                  "n": "3'",
                  "label": "r ii 3'"
                },
                {
                  "node": "l",
                  "frag": "[še]",
                  "id": "P229925.l277f8",
                  "ref": "P229925.23.1",
                  "inst": "še[barley]N",
                  "sig": "@dcclt%sux:še=še[barley//barley]N'N$še/še#~",
                  "f": {
                    "lang": "sux",
                    "form": "še",
                    "delim": "",
                    "gdl": [
                      {
                        "v": "še",
                        "id": "P229925.23.1.0",
                        "breakStart": "1",
                        "o": "]",
                        "break": "missing",
                        "breakEnd": "P229925.23.1.0"
                      }
                    ],
                    "cf": "še",
                    "gw": "barley",
                    "sense": "barley",
                    "norm0": "še",
                    "pos": "N",
                    "epos": "N",
                    "base": "še",
                    "morph": "~"
                  }
                },
                {
                  "node": "l",
                  "frag": "šu",
                  "id": "P229925.l277f9",
                  "ref": "P229925.23.2",
                  "inst": "šu[hand]N",
                  "sig": "@dcclt%sux:šu=šu[hand//hand]N'N$šu/šu#~",
                  "f": {
                    "lang": "sux",
                    "form": "šu",
                    "delim": "",
                    "gdl": [
                      {
                        "v": "šu",
                        "id": "P229925.23.2.0"
                      }
                    ],
                    "cf": "šu",
                    "gw": "hand",
                    "sense": "hand",
                    "norm0": "šu",
                    "pos": "N",
                    "epos": "N",
                    "base": "šu",
                    "morph": "~"
                  }
                },
                {
                  "node": "l",
                  "frag": "gur₁₀-a",
                  "id": "P229925.l277fa",
                  "ref": "P229925.23.3",
                  "inst": "gur[to reap]V/t",
                  "sig": "@dcclt%sux:gur₁₀-a=gur[reap//to reap]V/t'V/t$gur;a/gur₁₀#~;a",
                  "f": {
                    "lang": "sux",
                    "form": "gur₁₀-a",
                    "gdl": [
                      {
                        "v": "gur₁₀",
                        "id": "P229925.23.3.0",
                        "delim": "-"
                      },
                      {
                        "v": "a",
                        "id": "P229925.23.3.1"
                      }
                    ],
                    "cf": "gur",
                    "gw": "reap",
                    "sense": "to reap",
                    "norm0": "gur;a",
                    "pos": "V/t",
                    "epos": "V/t",
                    "base": "gur₁₀",
                    "morph": "~;a"
                  }
                },
                {
                  "node": "d",
                  "type": "line-start",
                  "ref": "P229925.24",
                  "n": "4'",
                  "label": "r ii 4'"
                },
                {
                  "node": "l",
                  "frag": "⸢še⸣",
                  "id": "P229925.l277fb",
                  "ref": "P229925.24.1",
                  "inst": "še[barley]N",
                  "sig": "@dcclt%sux:še=še[barley//barley]N'N$še/še#~",
                  "f": {
                    "lang": "sux",
                    "form": "še",
                    "delim": "",
                    "gdl": [
                      {
                        "v": "še",
                        "id": "P229925.24.1.0",
                        "break": "damaged",
                        "ho": "1",
                        "hc": "1"
                      }
                    ],
                    "cf": "še",
                    "gw": "barley",
                    "sense": "barley",
                    "norm0": "še",
                    "pos": "N",
                    "epos": "N",
                    "base": "še",
                    "morph": "~"
                  }
                },
                {
                  "node": "l",
                  "frag": "gu-nu",
                  "id": "P229925.l277fc",
                  "ref": "P229925.24.2",
                  "inst": "gunu[flax]N",
                  "sig": "@dcclt%sux:gu-nu=gunu[flax//flax]N'N$gunu/gu-nu#~",
                  "f": {
                    "lang": "sux",
                    "form": "gu-nu",
                    "gdl": [
                      {
                        "v": "gu",
                        "id": "P229925.24.2.0",
                        "delim": "-"
                      },
                      {
                        "v": "nu",
                        "id": "P229925.24.2.1"
                      }
                    ],
                    "cf": "gunu",
                    "gw": "flax",
                    "sense": "flax",
                    "norm0": "gunu",
                    "pos": "N",
                    "epos": "N",
                    "base": "gu-nu",
                    "morph": "~"
                  }
                },
                {
                  "node": "d",
                  "type": "line-start",
                  "ref": "P229925.25",
                  "n": "5'",
                  "label": "r ii 5'"
                },
                {
                  "node": "l",
                  "frag": "[še]",
                  "id": "P229925.l277fd",
                  "ref": "P229925.25.1",
                  "inst": "še[barley]N",
                  "sig": "@dcclt%sux:še=še[barley//barley]N'N$še/še#~",
                  "f": {
                    "lang": "sux",
                    "form": "še",
                    "delim": "",
                    "gdl": [
                      {
                        "v": "še",
                        "id": "P229925.25.1.0",
                        "breakStart": "1",
                        "o": "]",
                        "break": "missing",
                        "breakEnd": "P229925.25.1.0"
                      }
                    ],
                    "cf": "še",
                    "gw": "barley",
                    "sense": "barley",
                    "norm0": "še",
                    "pos": "N",
                    "epos": "N",
                    "base": "še",
                    "morph": "~"
                  }
                },
                {
                  "node": "l",
                  "frag": "sig",
                  "id": "P229925.l277fe",
                  "ref": "P229925.25.2",
                  "inst": "sig[weak]V/i",
                  "sig": "@dcclt%sux:sig=sig[weak//weak]V/i'V/i$sig/sig#~",
                  "f": {
                    "lang": "sux",
                    "form": "sig",
                    "gdl": [
                      {
                        "v": "sig",
                        "id": "P229925.25.2.0",
                        "queried": "1"
                      }
                    ],
                    "cf": "sig",
                    "gw": "weak",
                    "sense": "weak",
                    "norm0": "sig",
                    "pos": "V/i",
                    "epos": "V/i",
                    "base": "sig",
                    "morph": "~"
                  }
                },
                {
                  "node": "d",
                  "type": "line-start",
                  "ref": "P229925.26",
                  "n": "6'",
                  "label": "r ii 6'"
                },
                {
                  "node": "l",
                  "frag": "[še]",
                  "id": "P229925.l277ff",
                  "ref": "P229925.26.1",
                  "inst": "še[barley]N",
                  "sig": "@dcclt%sux:še=še[barley//barley]N'N$še/še#~",
                  "f": {
                    "lang": "sux",
                    "form": "še",
                    "delim": "",
                    "gdl": [
                      {
                        "v": "še",
                        "id": "P229925.26.1.0",
                        "breakStart": "1",
                        "o": "]",
                        "break": "missing",
                        "breakEnd": "P229925.26.1.0"
                      }
                    ],
                    "cf": "še",
                    "gw": "barley",
                    "sense": "barley",
                    "norm0": "še",
                    "pos": "N",
                    "epos": "N",
                    "base": "še",
                    "morph": "~"
                  }
                },
                {
                  "node": "l",
                  "frag": "saŋ",
                  "id": "P229925.l27800",
                  "ref": "P229925.26.2",
                  "inst": "saŋ[head]N",
                  "sig": "@dcclt%sux:saŋ=saŋ[head//head]N'N$saŋ/saŋ#~",
                  "f": {
                    "lang": "sux",
                    "form": "saŋ",
                    "gdl": [
                      {
                        "v": "saŋ",
                        "id": "P229925.26.2.0"
                      }
                    ],
                    "cf": "saŋ",
                    "gw": "head",
                    "sense": "head",
                    "norm0": "saŋ",
                    "pos": "N",
                    "epos": "N",
                    "base": "saŋ",
                    "morph": "~"
                  }
                },
                {
                  "node": "d",
                  "type": "line-start",
                  "ref": "P229925.27",
                  "n": "7'",
                  "label": "r ii 7'"
                },
                {
                  "node": "l",
                  "frag": "[še]",
                  "id": "P229925.l27801",
                  "ref": "P229925.27.1",
                  "inst": "še[barley]N",
                  "sig": "@dcclt%sux:še=še[barley//barley]N'N$še/še#~",
                  "f": {
                    "lang": "sux",
                    "form": "še",
                    "delim": "",
                    "gdl": [
                      {
                        "v": "še",
                        "id": "P229925.27.1.0",
                        "breakStart": "1",
                        "o": "]",
                        "break": "missing",
                        "breakEnd": "P229925.27.1.0"
                      }
                    ],
                    "cf": "še",
                    "gw": "barley",
                    "sense": "barley",
                    "norm0": "še",
                    "pos": "N",
                    "epos": "N",
                    "base": "še",
                    "morph": "~"
                  }
                },
                {
                  "node": "l",
                  "frag": "nim",
                  "id": "P229925.l27802",
                  "ref": "P229925.27.2",
                  "inst": "nim[(to be) high, elevated]V/i",
                  "sig": "@dcclt%sux:nim=nim[high//(to be) high, elevated]V/i'V/i$nim/nim#~",
                  "f": {
                    "lang": "sux",
                    "form": "nim",
                    "gdl": [
                      {
                        "v": "nim",
                        "id": "P229925.27.2.0",
                        "queried": "1"
                      }
                    ],
                    "cf": "nim",
                    "gw": "high",
                    "sense": "(to be) high, elevated",
                    "norm0": "nim",
                    "pos": "V/i",
                    "epos": "V/i",
                    "base": "nim",
                    "morph": "~"
                  }
                },
                {
                  "node": "d",
                  "type": "line-start",
                  "ref": "P229925.28",
                  "n": "8'",
                  "label": "r ii 8'"
                },
                {
                  "node": "l",
                  "frag": "[še]",
                  "id": "P229925.l27803",
                  "ref": "P229925.28.1",
                  "inst": "še[barley]N",
                  "sig": "@dcclt%sux:še=še[barley//barley]N'N$še/še#~",
                  "f": {
                    "lang": "sux",
                    "form": "še",
                    "delim": "",
                    "gdl": [
                      {
                        "v": "še",
                        "id": "P229925.28.1.0",
                        "breakStart": "1",
                        "o": "]",
                        "break": "missing",
                        "breakEnd": "P229925.28.1.0"
                      }
                    ],
                    "cf": "še",
                    "gw": "barley",
                    "sense": "barley",
                    "norm0": "še",
                    "pos": "N",
                    "epos": "N",
                    "base": "še",
                    "morph": "~"
                  }
                },
                {
                  "node": "l",
                  "frag": "⸢zar⸣",
                  "id": "P229925.l27804",
                  "ref": "P229925.28.2",
                  "inst": "zar[sheaf (of barley), stack of sheaves]N",
                  "sig": "@dcclt%sux:zar=zar[sheaf//sheaf (of barley), stack of sheaves]N'N$zar/zar#~",
                  "f": {
                    "lang": "sux",
                    "form": "zar",
                    "gdl": [
                      {
                        "v": "zar",
                        "id": "P229925.28.2.0",
                        "break": "damaged",
                        "queried": "1",
                        "ho": "1",
                        "hc": "1"
                      }
                    ],
                    "cf": "zar",
                    "gw": "sheaf",
                    "sense": "sheaf (of barley), stack of sheaves",
                    "norm0": "zar",
                    "pos": "N",
                    "epos": "N",
                    "base": "zar",
                    "morph": "~"
                  }
                },
                {
                  "node": "d",
                  "type": "line-start",
                  "ref": "P229925.29",
                  "n": "9'",
                  "label": "r ii 9'"
                },
                {
                  "node": "l",
                  "frag": "[in]-nu",
                  "id": "P229925.l27805",
                  "ref": "P229925.29.1",
                  "inst": "innu[straw]N",
                  "sig": "@dcclt%sux:in-nu=innu[straw//straw]N'N$innu/in-nu#~",
                  "f": {
                    "lang": "sux",
                    "form": "in-nu",
                    "gdl": [
                      {
                        "v": "in",
                        "id": "P229925.29.1.0",
                        "breakStart": "1",
                        "o": "]",
                        "queried": "1",
                        "break": "missing",
                        "breakEnd": "P229925.29.1.0",
                        "delim": "-"
                      },
                      {
                        "v": "nu",
                        "id": "P229925.29.1.1"
                      }
                    ],
                    "cf": "innu",
                    "gw": "straw",
                    "sense": "straw",
                    "norm0": "innu",
                    "pos": "N",
                    "epos": "N",
                    "base": "in-nu",
                    "morph": "~"
                  }
                },
                {
                  "node": "d",
                  "type": "nonx",
                  "ref": "P229925.30",
                  "strict": "1",
                  "extent": "rest",
                  "scope": "column",
                  "state": "missing"
                }
              ]
            }
          ]
        }
      ]
    }
  ]
}
