{
  "type": "cdl",
  "project": "dcclt",
  "source": "http://oracc.org/dcclt",
  "license": "This data is released under the CC0 license",
  "license-url": "https://creativecommons.org/publicdomain/zero/1.0/",
  "more-info": "http://oracc.org/doc/opendata/",
  "UTC-timestamp": "2018-02-26T12:51:29",
  "textid": "P229919",
  "cdl": [
    {
      "node": "c",
      "type": "text",
      "id": "P229919.U0",
      "cdl": [
        {
          "node": "d",
          "subtype": "tablet",
          "type": "tablet",
          "ref": "P229919.x252.1",
          "label": "x252"
        },
        {
          "node": "d",
          "subtype": "obverse",
          "type": "obverse",
          "ref": "P229919.o.2",
          "label": "o"
        },
        {
          "node": "d",
          "type": "nonx",
          "ref": "P229919.3",
          "strict": "0",
          "extent": "2",
          "scope": "line",
          "state": "other"
        },
        {
          "node": "c",
          "type": "discourse",
          "subtype": "body",
          "id": "P229919.U1",
          "cdl": [
            {
              "node": "c",
              "type": "sentence",
              "implicit": "yes",
              "id": "P229919.U2",
              "label": "o 1-2 - o 15-16",
              "cdl": [
                {
                  "node": "d",
                  "type": "line-start",
                  "ref": "P229919.4",
                  "n": "1-2",
                  "label": "o 1-2"
                },
                {
                  "node": "l",
                  "frag": "ki",
                  "id": "P229919.l105a3",
                  "ref": "P229919.4.1",
                  "inst": "ki[ground, earth, land]N",
                  "sig": "@dcclt%sux:ki=ki[place//ground, earth, land]N'N$ki/ki#~",
                  "f": {
                    "lang": "sux",
                    "form": "ki",
                    "delim": "",
                    "gdl": [
                      {
                        "v": "ki",
                        "id": "P229919.4.1.0"
                      }
                    ],
                    "cf": "ki",
                    "gw": "place",
                    "sense": "ground, earth, land",
                    "norm0": "ki",
                    "pos": "N",
                    "epos": "N",
                    "base": "ki",
                    "morph": "~"
                  }
                },
                {
                  "node": "l",
                  "frag": "⸢uludin⸣-bi-še₃",
                  "id": "P229919.l105a4",
                  "ref": "P229919.4.2",
                  "inst": "uludin[form]N",
                  "sig": "@dcclt%sux:uludin-bi-še₃=uludin[form//form]N'N$uludin,bi.eše/uludin#~,bi.eše",
                  "f": {
                    "lang": "sux",
                    "form": "uludin-bi-še₃",
                    "delim": "",
                    "gdl": [
                      {
                        "v": "uludin",
                        "id": "P229919.4.2.0",
                        "break": "damaged",
                        "ho": "1",
                        "delim": "-",
                        "hc": "1"
                      },
                      {
                        "v": "bi",
                        "id": "P229919.4.2.1",
                        "delim": "-"
                      },
                      {
                        "v": "še₃",
                        "id": "P229919.4.2.2"
                      }
                    ],
                    "cf": "uludin",
                    "gw": "form",
                    "sense": "form",
                    "norm0": "uludin,bi.eše",
                    "pos": "N",
                    "epos": "N",
                    "base": "uludin",
                    "morph": "~,bi.eše"
                  }
                },
                {
                  "node": "l",
                  "frag": "in-da-an-ŋal₂",
                  "id": "P229919.l105a5",
                  "ref": "P229919.4.3",
                  "inst": "ŋal[be]V/i/ŋal₂#V.n.da.n:~",
                  "sig": "@dcclt%sux:in-da-an-ŋal₂=ŋal[be//be]V/i'V/i$V.n.da.n:ŋal/ŋal₂#V.n.da.n:~",
                  "f": {
                    "lang": "sux",
                    "form": "in-da-an-ŋal₂",
                    "gdl": [
                      {
                        "v": "in",
                        "id": "P229919.4.3.0",
                        "delim": "-"
                      },
                      {
                        "v": "da",
                        "id": "P229919.4.3.1",
                        "delim": "-"
                      },
                      {
                        "v": "an",
                        "id": "P229919.4.3.2",
                        "delim": "-"
                      },
                      {
                        "v": "ŋal₂",
                        "id": "P229919.4.3.3"
                      }
                    ],
                    "cf": "ŋal",
                    "gw": "be",
                    "sense": "be",
                    "norm0": "V.n.da.n:ŋal",
                    "pos": "V/i",
                    "epos": "V/i",
                    "base": "ŋal₂",
                    "morph": "V.n.da.n:~"
                  }
                },
                {
                  "node": "d",
                  "type": "nonx",
                  "ref": "P229919.5",
                  "strict": "1",
                  "extent": "1",
                  "scope": "line",
                  "state": "ruling"
                },
                {
                  "node": "d",
                  "type": "line-start",
                  "ref": "P229919.6",
                  "n": "3-4",
                  "label": "o 3-4"
                },
                {
                  "node": "l",
                  "frag": "ki",
                  "id": "P229919.l105a6",
                  "ref": "P229919.6.1",
                  "inst": "ki[ground, earth, land]N",
                  "sig": "@dcclt%sux:ki=ki[place//ground, earth, land]N'N$ki/ki#~",
                  "f": {
                    "lang": "sux",
                    "form": "ki",
                    "delim": "",
                    "gdl": [
                      {
                        "v": "ki",
                        "id": "P229919.6.1.0"
                      }
                    ],
                    "cf": "ki",
                    "gw": "place",
                    "sense": "ground, earth, land",
                    "norm0": "ki",
                    "pos": "N",
                    "epos": "N",
                    "base": "ki",
                    "morph": "~"
                  }
                },
                {
                  "node": "l",
                  "frag": "⸢uludin-bi⸣-še₃",
                  "id": "P229919.l105a7",
                  "ref": "P229919.6.2",
                  "inst": "uludin[form]N",
                  "sig": "@dcclt%sux:uludin-bi-še₃=uludin[form//form]N'N$uludin,bi.eše/uludin#~,bi.eše",
                  "f": {
                    "lang": "sux",
                    "form": "uludin-bi-še₃",
                    "delim": "",
                    "gdl": [
                      {
                        "v": "uludin",
                        "id": "P229919.6.2.0",
                        "break": "damaged",
                        "ho": "1",
                        "delim": "-"
                      },
                      {
                        "v": "bi",
                        "id": "P229919.6.2.1",
                        "break": "damaged",
                        "delim": "-",
                        "hc": "1"
                      },
                      {
                        "v": "še₃",
                        "id": "P229919.6.2.2"
                      }
                    ],
                    "cf": "uludin",
                    "gw": "form",
                    "sense": "form",
                    "norm0": "uludin,bi.eše",
                    "pos": "N",
                    "epos": "N",
                    "base": "uludin",
                    "morph": "~,bi.eše"
                  }
                },
                {
                  "node": "l",
                  "frag": "in-na-an-šum₂",
                  "id": "P229919.l105a8",
                  "ref": "P229919.6.3",
                  "inst": "šum[give]V/t",
                  "sig": "@dcclt%sux:in-na-an-šum₂=šum[give//give]V/t'V/t$V.na.n:šum/šum₂#V.na.n:~",
                  "f": {
                    "lang": "sux",
                    "form": "in-na-an-šum₂",
                    "gdl": [
                      {
                        "v": "in",
                        "id": "P229919.6.3.0",
                        "delim": "-"
                      },
                      {
                        "v": "na",
                        "id": "P229919.6.3.1",
                        "delim": "-"
                      },
                      {
                        "v": "an",
                        "id": "P229919.6.3.2",
                        "delim": "-"
                      },
                      {
                        "v": "šum₂",
                        "id": "P229919.6.3.3"
                      }
                    ],
                    "cf": "šum",
                    "gw": "give",
                    "sense": "give",
                    "norm0": "V.na.n:šum",
                    "pos": "V/t",
                    "epos": "V/t",
                    "base": "šum₂",
                    "morph": "V.na.n:~"
                  }
                },
                {
                  "node": "d",
                  "type": "nonx",
                  "ref": "P229919.7",
                  "strict": "1",
                  "extent": "1",
                  "scope": "line",
                  "state": "ruling"
                },
                {
                  "node": "d",
                  "type": "line-start",
                  "ref": "P229919.8",
                  "n": "5-6",
                  "label": "o 5-6"
                },
                {
                  "node": "l",
                  "frag": "ki",
                  "id": "P229919.l105a9",
                  "ref": "P229919.8.1",
                  "inst": "ki[ground, earth, land]N",
                  "sig": "@dcclt%sux:ki=ki[place//ground, earth, land]N'N$ki/ki#~",
                  "f": {
                    "lang": "sux",
                    "form": "ki",
                    "delim": "",
                    "gdl": [
                      {
                        "v": "ki",
                        "id": "P229919.8.1.0"
                      }
                    ],
                    "cf": "ki",
                    "gw": "place",
                    "sense": "ground, earth, land",
                    "norm0": "ki",
                    "pos": "N",
                    "epos": "N",
                    "base": "ki",
                    "morph": "~"
                  }
                },
                {
                  "node": "l",
                  "frag": "uludin-bi-še₃",
                  "id": "P229919.l105aa",
                  "ref": "P229919.8.2",
                  "inst": "uludin[form]N",
                  "sig": "@dcclt%sux:uludin-bi-še₃=uludin[form//form]N'N$uludin,bi.eše/uludin#~,bi.eše",
                  "f": {
                    "lang": "sux",
                    "form": "uludin-bi-še₃",
                    "delim": "",
                    "gdl": [
                      {
                        "v": "uludin",
                        "id": "P229919.8.2.0",
                        "delim": "-"
                      },
                      {
                        "v": "bi",
                        "id": "P229919.8.2.1",
                        "delim": "-"
                      },
                      {
                        "v": "še₃",
                        "id": "P229919.8.2.2"
                      }
                    ],
                    "cf": "uludin",
                    "gw": "form",
                    "sense": "form",
                    "norm0": "uludin,bi.eše",
                    "pos": "N",
                    "epos": "N",
                    "base": "uludin",
                    "morph": "~,bi.eše"
                  }
                },
                {
                  "node": "l",
                  "frag": "⸢in⸣-na-an-la₂",
                  "id": "P229919.l105ab",
                  "ref": "P229919.8.3",
                  "inst": "la[hang]V/t",
                  "sig": "@dcclt%sux:in-na-an-la₂=la[hang//hang]V/t'V/t$V.na.n:la/la₂#V.na.n:~",
                  "f": {
                    "lang": "sux",
                    "form": "in-na-an-la₂",
                    "gdl": [
                      {
                        "v": "in",
                        "id": "P229919.8.3.0",
                        "break": "damaged",
                        "ho": "1",
                        "delim": "-",
                        "hc": "1"
                      },
                      {
                        "v": "na",
                        "id": "P229919.8.3.1",
                        "delim": "-"
                      },
                      {
                        "v": "an",
                        "id": "P229919.8.3.2",
                        "delim": "-"
                      },
                      {
                        "v": "la₂",
                        "id": "P229919.8.3.3"
                      }
                    ],
                    "cf": "la",
                    "gw": "hang",
                    "sense": "hang",
                    "norm0": "V.na.n:la",
                    "pos": "V/t",
                    "epos": "V/t",
                    "base": "la₂",
                    "morph": "V.na.n:~"
                  }
                },
                {
                  "node": "d",
                  "type": "nonx",
                  "ref": "P229919.9",
                  "strict": "1",
                  "extent": "1",
                  "scope": "line",
                  "state": "ruling"
                },
                {
                  "node": "d",
                  "type": "line-start",
                  "ref": "P229919.10",
                  "n": "7-8",
                  "label": "o 7-8"
                },
                {
                  "node": "l",
                  "frag": "ki",
                  "id": "P229919.l105ac",
                  "ref": "P229919.10.1",
                  "inst": "ki[ground, earth, land]N",
                  "sig": "@dcclt%sux:ki=ki[place//ground, earth, land]N'N$ki/ki#~",
                  "f": {
                    "lang": "sux",
                    "form": "ki",
                    "delim": "",
                    "gdl": [
                      {
                        "v": "ki",
                        "id": "P229919.10.1.0"
                      }
                    ],
                    "cf": "ki",
                    "gw": "place",
                    "sense": "ground, earth, land",
                    "norm0": "ki",
                    "pos": "N",
                    "epos": "N",
                    "base": "ki",
                    "morph": "~"
                  }
                },
                {
                  "node": "l",
                  "frag": "uludin-bi-še₃",
                  "id": "P229919.l105ad",
                  "ref": "P229919.10.2",
                  "inst": "uludin[form]N",
                  "sig": "@dcclt%sux:uludin-bi-še₃=uludin[form//form]N'N$uludin,bi.eše/uludin#~,bi.eše",
                  "f": {
                    "lang": "sux",
                    "form": "uludin-bi-še₃",
                    "delim": "",
                    "gdl": [
                      {
                        "v": "uludin",
                        "id": "P229919.10.2.0",
                        "delim": "-"
                      },
                      {
                        "v": "bi",
                        "id": "P229919.10.2.1",
                        "delim": "-"
                      },
                      {
                        "v": "še₃",
                        "id": "P229919.10.2.2"
                      }
                    ],
                    "cf": "uludin",
                    "gw": "form",
                    "sense": "form",
                    "norm0": "uludin,bi.eše",
                    "pos": "N",
                    "epos": "N",
                    "base": "uludin",
                    "morph": "~,bi.eše"
                  }
                },
                {
                  "node": "l",
                  "frag": "i₃-aŋ₂-e",
                  "id": "P229919.l105ae",
                  "ref": "P229919.10.3",
                  "inst": "aŋ[measure]",
                  "sig": "@dcclt%sux:i₃-aŋ₂-e=aŋ[measure//measure]V/t'V/t$V:aŋ;e/aŋ₂#V:~;e",
                  "f": {
                    "lang": "sux",
                    "form": "i₃-aŋ₂-e",
                    "gdl": [
                      {
                        "v": "i₃",
                        "id": "P229919.10.3.0",
                        "delim": "-"
                      },
                      {
                        "v": "aŋ₂",
                        "id": "P229919.10.3.1",
                        "delim": "-"
                      },
                      {
                        "v": "e",
                        "id": "P229919.10.3.2"
                      }
                    ],
                    "cf": "aŋ",
                    "gw": "measure",
                    "sense": "measure",
                    "norm0": "V:aŋ;e",
                    "pos": "V/t",
                    "epos": "V/t",
                    "base": "aŋ₂",
                    "morph": "V:~;e"
                  }
                },
                {
                  "node": "d",
                  "type": "nonx",
                  "ref": "P229919.11",
                  "strict": "1",
                  "extent": "1",
                  "scope": "line",
                  "state": "ruling"
                },
                {
                  "node": "d",
                  "type": "line-start",
                  "ref": "P229919.12",
                  "n": "9-10",
                  "label": "o 9-10"
                },
                {
                  "node": "l",
                  "frag": "ki",
                  "id": "P229919.l105af",
                  "ref": "P229919.12.1",
                  "inst": "ki[ground, earth, land]N",
                  "sig": "@dcclt%sux:ki=ki[place//ground, earth, land]N'N$ki/ki#~",
                  "f": {
                    "lang": "sux",
                    "form": "ki",
                    "delim": "",
                    "gdl": [
                      {
                        "v": "ki",
                        "id": "P229919.12.1.0"
                      }
                    ],
                    "cf": "ki",
                    "gw": "place",
                    "sense": "ground, earth, land",
                    "norm0": "ki",
                    "pos": "N",
                    "epos": "N",
                    "base": "ki",
                    "morph": "~"
                  }
                },
                {
                  "node": "l",
                  "frag": "uludin-⸢bi⸣-še₃",
                  "id": "P229919.l105b0",
                  "ref": "P229919.12.2",
                  "inst": "uludin[form]N",
                  "sig": "@dcclt%sux:uludin-bi-še₃=uludin[form//form]N'N$uludin,bi.eše/uludin#~,bi.eše",
                  "f": {
                    "lang": "sux",
                    "form": "uludin-bi-še₃",
                    "delim": "",
                    "gdl": [
                      {
                        "v": "uludin",
                        "id": "P229919.12.2.0",
                        "delim": "-"
                      },
                      {
                        "v": "bi",
                        "id": "P229919.12.2.1",
                        "break": "damaged",
                        "ho": "1",
                        "delim": "-",
                        "hc": "1"
                      },
                      {
                        "v": "še₃",
                        "id": "P229919.12.2.2"
                      }
                    ],
                    "cf": "uludin",
                    "gw": "form",
                    "sense": "form",
                    "norm0": "uludin,bi.eše",
                    "pos": "N",
                    "epos": "N",
                    "base": "uludin",
                    "morph": "~,bi.eše"
                  }
                },
                {
                  "node": "l",
                  "frag": "i₃-la₂-⸢e⸣",
                  "id": "P229919.l105b1",
                  "ref": "P229919.12.3",
                  "inst": "la[hang]V/t",
                  "sig": "@dcclt%sux:i₃-la₂-e=la[hang//hang]V/t'V/t$V:la;e/la₂#V:~;e",
                  "f": {
                    "lang": "sux",
                    "form": "i₃-la₂-e",
                    "gdl": [
                      {
                        "v": "i₃",
                        "id": "P229919.12.3.0",
                        "delim": "-"
                      },
                      {
                        "v": "la₂",
                        "id": "P229919.12.3.1",
                        "delim": "-"
                      },
                      {
                        "v": "e",
                        "id": "P229919.12.3.2",
                        "break": "damaged",
                        "ho": "1",
                        "hc": "1"
                      }
                    ],
                    "cf": "la",
                    "gw": "hang",
                    "sense": "hang",
                    "norm0": "V:la;e",
                    "pos": "V/t",
                    "epos": "V/t",
                    "base": "la₂",
                    "morph": "V:~;e"
                  }
                },
                {
                  "node": "d",
                  "type": "nonx",
                  "ref": "P229919.13",
                  "strict": "1",
                  "extent": "1",
                  "scope": "line",
                  "state": "ruling"
                },
                {
                  "node": "d",
                  "type": "line-start",
                  "ref": "P229919.14",
                  "n": "11-12",
                  "label": "o 11-12"
                },
                {
                  "node": "l",
                  "frag": "ki",
                  "id": "P229919.l105b2",
                  "ref": "P229919.14.1",
                  "inst": "ki[ground, earth, land]N",
                  "sig": "@dcclt%sux:ki=ki[place//ground, earth, land]N'N$ki/ki#~",
                  "f": {
                    "lang": "sux",
                    "form": "ki",
                    "delim": "",
                    "gdl": [
                      {
                        "v": "ki",
                        "id": "P229919.14.1.0"
                      }
                    ],
                    "cf": "ki",
                    "gw": "place",
                    "sense": "ground, earth, land",
                    "norm0": "ki",
                    "pos": "N",
                    "epos": "N",
                    "base": "ki",
                    "morph": "~"
                  }
                },
                {
                  "node": "l",
                  "frag": "⸢uludin-bi⸣-še₃",
                  "id": "P229919.l105b3",
                  "ref": "P229919.14.2",
                  "inst": "uludin[form]N",
                  "sig": "@dcclt%sux:uludin-bi-še₃=uludin[form//form]N'N$uludin,bi.eše/uludin#~,bi.eše",
                  "f": {
                    "lang": "sux",
                    "form": "uludin-bi-še₃",
                    "delim": "",
                    "gdl": [
                      {
                        "v": "uludin",
                        "id": "P229919.14.2.0",
                        "break": "damaged",
                        "ho": "1",
                        "delim": "-"
                      },
                      {
                        "v": "bi",
                        "id": "P229919.14.2.1",
                        "break": "damaged",
                        "delim": "-",
                        "hc": "1"
                      },
                      {
                        "v": "še₃",
                        "id": "P229919.14.2.2"
                      }
                    ],
                    "cf": "uludin",
                    "gw": "form",
                    "sense": "form",
                    "norm0": "uludin,bi.eše",
                    "pos": "N",
                    "epos": "N",
                    "base": "uludin",
                    "morph": "~,bi.eše"
                  }
                },
                {
                  "node": "l",
                  "frag": "tah-he-dam",
                  "id": "P229919.l105b4",
                  "ref": "P229919.14.3",
                  "inst": "tah[add]V/t",
                  "sig": "@dcclt%sux:tah-he-dam=tah[add//add]V/t'V/t$tah;e.de.am/tah+-he=h.e#~;e.de.am",
                  "f": {
                    "lang": "sux",
                    "form": "tah-he-dam",
                    "gdl": [
                      {
                        "v": "tah",
                        "id": "P229919.14.3.0",
                        "delim": "-"
                      },
                      {
                        "v": "he",
                        "id": "P229919.14.3.1",
                        "delim": "-"
                      },
                      {
                        "v": "dam",
                        "id": "P229919.14.3.2"
                      }
                    ],
                    "cf": "tah",
                    "gw": "add",
                    "sense": "add",
                    "norm0": "tah;e.de.am",
                    "pos": "V/t",
                    "epos": "V/t",
                    "base": "tah",
                    "cont": "-he=h.e",
                    "morph": "~;e.de.am"
                  }
                },
                {
                  "node": "d",
                  "type": "nonx",
                  "ref": "P229919.15",
                  "strict": "1",
                  "extent": "1",
                  "scope": "line",
                  "state": "ruling"
                },
                {
                  "node": "d",
                  "type": "line-start",
                  "ref": "P229919.16",
                  "n": "13-14",
                  "label": "o 13-14"
                },
                {
                  "node": "l",
                  "frag": "ki",
                  "id": "P229919.l105b5",
                  "ref": "P229919.16.1",
                  "inst": "ki[ground, earth, land]N",
                  "sig": "@dcclt%sux:ki=ki[place//ground, earth, land]N'N$ki/ki#~",
                  "f": {
                    "lang": "sux",
                    "form": "ki",
                    "delim": "",
                    "gdl": [
                      {
                        "v": "ki",
                        "id": "P229919.16.1.0"
                      }
                    ],
                    "cf": "ki",
                    "gw": "place",
                    "sense": "ground, earth, land",
                    "norm0": "ki",
                    "pos": "N",
                    "epos": "N",
                    "base": "ki",
                    "morph": "~"
                  }
                },
                {
                  "node": "l",
                  "frag": "⸢uludin-bi⸣-še₃",
                  "id": "P229919.l105b6",
                  "ref": "P229919.16.2",
                  "inst": "uludin[form]N",
                  "sig": "@dcclt%sux:uludin-bi-še₃=uludin[form//form]N'N$uludin,bi.eše/uludin#~,bi.eše",
                  "f": {
                    "lang": "sux",
                    "form": "uludin-bi-še₃",
                    "delim": "",
                    "gdl": [
                      {
                        "v": "uludin",
                        "id": "P229919.16.2.0",
                        "break": "damaged",
                        "ho": "1",
                        "delim": "-"
                      },
                      {
                        "v": "bi",
                        "id": "P229919.16.2.1",
                        "break": "damaged",
                        "delim": "-",
                        "hc": "1"
                      },
                      {
                        "v": "še₃",
                        "id": "P229919.16.2.2"
                      }
                    ],
                    "cf": "uludin",
                    "gw": "form",
                    "sense": "form",
                    "norm0": "uludin,bi.eše",
                    "pos": "N",
                    "epos": "N",
                    "base": "uludin",
                    "morph": "~,bi.eše"
                  }
                },
                {
                  "node": "l",
                  "frag": "⸢maš₂⸣",
                  "id": "P229919.l105b7",
                  "ref": "P229919.16.3",
                  "inst": "maš[interest (on a loan)]N",
                  "sig": "@dcclt%sux:maš₂=maš[interest//interest (on a loan)]N'N$maš/maš₂#~",
                  "f": {
                    "lang": "sux",
                    "form": "maš₂",
                    "delim": "",
                    "gdl": [
                      {
                        "v": "maš₂",
                        "id": "P229919.16.3.0",
                        "break": "damaged",
                        "ho": "1",
                        "hc": "1"
                      }
                    ],
                    "cf": "maš",
                    "gw": "interest",
                    "sense": "interest (on a loan)",
                    "norm0": "maš",
                    "pos": "N",
                    "epos": "N",
                    "base": "maš₂",
                    "morph": "~"
                  }
                },
                {
                  "node": "l",
                  "frag": "an-⸢tuku⸣",
                  "id": "P229919.l105b8",
                  "ref": "P229919.16.4",
                  "inst": "tuku[to acquire, get]V/t",
                  "sig": "@dcclt%sux:an-tuku=tuku[acquire//to acquire, get]V/t'V/t$V.n:tuku/tuku#V.n:~",
                  "f": {
                    "lang": "sux",
                    "form": "an-tuku",
                    "gdl": [
                      {
                        "v": "an",
                        "id": "P229919.16.4.0",
                        "delim": "-"
                      },
                      {
                        "v": "tuku",
                        "id": "P229919.16.4.1",
                        "break": "damaged",
                        "ho": "1",
                        "hc": "1"
                      }
                    ],
                    "cf": "tuku",
                    "gw": "acquire",
                    "sense": "to acquire, get",
                    "norm0": "V.n:tuku",
                    "pos": "V/t",
                    "epos": "V/t",
                    "base": "tuku",
                    "morph": "V.n:~"
                  }
                },
                {
                  "node": "d",
                  "type": "nonx",
                  "ref": "P229919.17",
                  "strict": "1",
                  "extent": "1",
                  "scope": "line",
                  "state": "ruling"
                },
                {
                  "node": "d",
                  "type": "line-start",
                  "ref": "P229919.18",
                  "n": "15-16",
                  "label": "o 15-16"
                },
                {
                  "node": "l",
                  "frag": "[ki]",
                  "id": "P229919.l105b9",
                  "ref": "P229919.18.1",
                  "inst": "ki[ground, earth, land]N",
                  "sig": "@dcclt%sux:ki=ki[place//ground, earth, land]N'N$ki/ki#~",
                  "f": {
                    "lang": "sux",
                    "form": "ki",
                    "delim": "",
                    "gdl": [
                      {
                        "v": "ki",
                        "id": "P229919.18.1.0",
                        "breakStart": "1",
                        "o": "]",
                        "break": "missing",
                        "breakEnd": "P229919.18.1.0"
                      }
                    ],
                    "cf": "ki",
                    "gw": "place",
                    "sense": "ground, earth, land",
                    "norm0": "ki",
                    "pos": "N",
                    "epos": "N",
                    "base": "ki",
                    "morph": "~"
                  }
                },
                {
                  "node": "l",
                  "frag": "uludin-bi-⸢še₃",
                  "id": "P229919.l105ba",
                  "ref": "P229919.18.2",
                  "inst": "uludin[form]N",
                  "sig": "@dcclt%sux:uludin-bi-še₃=uludin[form//form]N'N$uludin,bi.eše/uludin#~,bi.eše",
                  "f": {
                    "lang": "sux",
                    "form": "uludin-bi-še₃",
                    "delim": "",
                    "gdl": [
                      {
                        "v": "uludin",
                        "id": "P229919.18.2.0",
                        "delim": "-"
                      },
                      {
                        "v": "bi",
                        "id": "P229919.18.2.1",
                        "delim": "-"
                      },
                      {
                        "v": "še₃",
                        "id": "P229919.18.2.2",
                        "break": "damaged",
                        "ho": "1"
                      }
                    ],
                    "cf": "uludin",
                    "gw": "form",
                    "sense": "form",
                    "norm0": "uludin,bi.eše",
                    "pos": "N",
                    "epos": "N",
                    "base": "uludin",
                    "morph": "~,bi.eše"
                  }
                },
                {
                  "node": "l",
                  "frag": "gur-ru-dam⸣",
                  "id": "P229919.l105bb",
                  "ref": "P229919.18.3",
                  "inst": "gur[to turn, return, come back]V/i",
                  "sig": "@dcclt%sux:gur-ru-dam=gur[turn//to turn, return, come back]V/i'V/i$gur;e.de.am/gur+-ru=r.u#~;e.de.am",
                  "f": {
                    "lang": "sux",
                    "form": "gur-ru-dam",
                    "gdl": [
                      {
                        "v": "gur",
                        "id": "P229919.18.3.0",
                        "break": "damaged",
                        "queried": "1",
                        "delim": "-"
                      },
                      {
                        "v": "ru",
                        "id": "P229919.18.3.1",
                        "break": "damaged",
                        "delim": "-"
                      },
                      {
                        "v": "dam",
                        "id": "P229919.18.3.2",
                        "break": "damaged",
                        "queried": "1",
                        "hc": "1"
                      }
                    ],
                    "cf": "gur",
                    "gw": "turn",
                    "sense": "to turn, return, come back",
                    "norm0": "gur;e.de.am",
                    "pos": "V/i",
                    "epos": "V/i",
                    "base": "gur",
                    "cont": "-ru=r.u",
                    "morph": "~;e.de.am"
                  }
                },
                {
                  "node": "d",
                  "type": "nonx",
                  "ref": "P229919.19",
                  "strict": "1",
                  "extent": "rest",
                  "scope": "column",
                  "state": "missing"
                },
                {
                  "node": "d",
                  "subtype": "reverse",
                  "type": "reverse",
                  "ref": "P229919.r.20",
                  "label": "r"
                },
                {
                  "node": "d",
                  "type": "nonx",
                  "ref": "P229919.21",
                  "strict": "0",
                  "state": "other"
                }
              ]
            }
          ]
        }
      ]
    }
  ]
}
