{
  "type": "cdl",
  "project": "dcclt",
  "source": "http://oracc.org/dcclt",
  "license": "This data is released under the CC0 license",
  "license-url": "https://creativecommons.org/publicdomain/zero/1.0/",
  "more-info": "http://oracc.org/doc/opendata/",
  "UTC-timestamp": "2018-02-26T12:51:58",
  "textid": "P230565",
  "cdl": [
    {
      "node": "c",
      "type": "text",
      "id": "P230565.U0",
      "cdl": [
        {
          "node": "d",
          "type": "object",
          "ref": ""
        },
        {
          "node": "d",
          "subtype": "reverse",
          "type": "reverse",
          "ref": "P230565.r.1",
          "label": "r"
        },
        {
          "node": "d",
          "subtype": "column 1r",
          "type": "column",
          "ref": "P230565.r.i.2",
          "n": "1",
          "label": "r i"
        },
        {
          "node": "c",
          "type": "discourse",
          "subtype": "body",
          "id": "P230565.U1",
          "cdl": [
            {
              "node": "c",
              "type": "sentence",
              "implicit": "yes",
              "id": "P230565.U2",
              "label": "r i 1' - r i 6'",
              "cdl": [
                {
                  "node": "d",
                  "type": "line-start",
                  "ref": "P230565.3",
                  "n": "1'",
                  "label": "r i 1'"
                },
                {
                  "node": "l",
                  "frag": "[...]-⸢še⸣",
                  "id": "P230565.l1e2cb",
                  "ref": "P230565.3.1",
                  "inst": "%sux:x-še=",
                  "f": {
                    "lang": "sux",
                    "form": "x-še",
                    "gdl": [
                      {
                        "x": "ellipsis",
                        "id": "P230565.3.1.0",
                        "breakStart": "1",
                        "break": "missing",
                        "o": "]",
                        "breakEnd": "P230565.3.1.0",
                        "delim": "-"
                      },
                      {
                        "v": "še",
                        "id": "P230565.3.1.1",
                        "break": "damaged",
                        "ho": "1",
                        "hc": "1"
                      }
                    ]
                  }
                },
                {
                  "node": "d",
                  "type": "line-start",
                  "ref": "P230565.4",
                  "n": "2'",
                  "label": "r i 2'"
                },
                {
                  "node": "l",
                  "frag": "[...]",
                  "id": "P230565.l1e2cc",
                  "ref": "P230565.4.1",
                  "inst": "%sux:x=",
                  "f": {
                    "lang": "sux",
                    "form": "x",
                    "delim": "",
                    "gdl": [
                      {
                        "x": "ellipsis",
                        "id": "P230565.4.1.0",
                        "breakStart": "1",
                        "break": "missing",
                        "o": "]",
                        "breakEnd": "P230565.4.1.0"
                      }
                    ]
                  }
                },
                {
                  "node": "l",
                  "frag": "šinig",
                  "id": "P230565.l1e2cd",
                  "ref": "P230565.4.2",
                  "inst": "%sux:šinig=",
                  "f": {
                    "lang": "sux",
                    "form": "šinig",
                    "gdl": [
                      {
                        "v": "šinig",
                        "id": "P230565.4.2.0"
                      }
                    ]
                  }
                },
                {
                  "node": "d",
                  "type": "line-start",
                  "ref": "P230565.5",
                  "n": "3'",
                  "label": "r i 3'"
                },
                {
                  "node": "l",
                  "frag": "ŋeš",
                  "id": "P230565.l1e2ce",
                  "ref": "P230565.5.1",
                  "inst": "%sux:ŋeš=",
                  "f": {
                    "lang": "sux",
                    "form": "ŋeš",
                    "delim": "",
                    "gdl": [
                      {
                        "v": "ŋeš",
                        "id": "P230565.5.1.0"
                      }
                    ]
                  }
                },
                {
                  "node": "l",
                  "frag": "šinig-dili",
                  "id": "P230565.l1e2cf",
                  "ref": "P230565.5.2",
                  "inst": "%sux:šinig-dili=",
                  "f": {
                    "lang": "sux",
                    "form": "šinig-dili",
                    "gdl": [
                      {
                        "v": "šinig",
                        "id": "P230565.5.2.0",
                        "delim": "-"
                      },
                      {
                        "v": "dili",
                        "id": "P230565.5.2.1"
                      }
                    ]
                  }
                },
                {
                  "node": "d",
                  "type": "line-start",
                  "ref": "P230565.6",
                  "n": "4'",
                  "label": "r i 4'"
                },
                {
                  "node": "l",
                  "frag": "ŋeš",
                  "id": "P230565.l1e2d0",
                  "ref": "P230565.6.1",
                  "inst": "%sux:ŋeš=",
                  "f": {
                    "lang": "sux",
                    "form": "ŋeš",
                    "delim": "",
                    "gdl": [
                      {
                        "v": "ŋeš",
                        "id": "P230565.6.1.0"
                      }
                    ]
                  }
                },
                {
                  "node": "l",
                  "frag": "šinig-kur-⸢ra⸣",
                  "id": "P230565.l1e2d1",
                  "ref": "P230565.6.2",
                  "inst": "%sux:šinig-kur-ra=",
                  "f": {
                    "lang": "sux",
                    "form": "šinig-kur-ra",
                    "gdl": [
                      {
                        "v": "šinig",
                        "id": "P230565.6.2.0",
                        "delim": "-"
                      },
                      {
                        "v": "kur",
                        "id": "P230565.6.2.1",
                        "delim": "-"
                      },
                      {
                        "v": "ra",
                        "id": "P230565.6.2.2",
                        "break": "damaged",
                        "ho": "1",
                        "hc": "1"
                      }
                    ]
                  }
                },
                {
                  "node": "d",
                  "type": "line-start",
                  "ref": "P230565.7",
                  "n": "5'",
                  "label": "r i 5'"
                },
                {
                  "node": "l",
                  "frag": "ŋeš",
                  "id": "P230565.l1e2d2",
                  "ref": "P230565.7.1",
                  "inst": "%sux:ŋeš=",
                  "f": {
                    "lang": "sux",
                    "form": "ŋeš",
                    "delim": "",
                    "gdl": [
                      {
                        "v": "ŋeš",
                        "id": "P230565.7.1.0"
                      }
                    ]
                  }
                },
                {
                  "node": "l",
                  "frag": "šar₉-ša₄-⸢bid₃⸣",
                  "id": "P230565.l1e2d3",
                  "ref": "P230565.7.2",
                  "inst": "%sux:šar₉-ša₄-bid₃=",
                  "f": {
                    "lang": "sux",
                    "form": "šar₉-ša₄-bid₃",
                    "gdl": [
                      {
                        "v": "šar₉",
                        "id": "P230565.7.2.0",
                        "delim": "-"
                      },
                      {
                        "v": "ša₄",
                        "id": "P230565.7.2.1",
                        "delim": "-"
                      },
                      {
                        "v": "bid₃",
                        "id": "P230565.7.2.2",
                        "break": "damaged",
                        "ho": "1",
                        "hc": "1"
                      }
                    ]
                  }
                },
                {
                  "node": "d",
                  "type": "line-start",
                  "ref": "P230565.8",
                  "n": "6'",
                  "label": "r i 6'"
                },
                {
                  "node": "l",
                  "frag": "[...]",
                  "id": "P230565.l1e2d4",
                  "ref": "P230565.8.1",
                  "inst": "%sux:x=",
                  "f": {
                    "lang": "sux",
                    "form": "x",
                    "delim": "",
                    "gdl": [
                      {
                        "x": "ellipsis",
                        "id": "P230565.8.1.0",
                        "breakStart": "1",
                        "break": "missing",
                        "o": "]",
                        "breakEnd": "P230565.8.1.0"
                      }
                    ]
                  }
                },
                {
                  "node": "l",
                  "frag": "⸢MES⸣-šar₉-⸢ša₄⸣-[...]",
                  "id": "P230565.l1e2d5",
                  "ref": "P230565.8.2",
                  "inst": "%sux:MES-šar₉-ša₄-x=",
                  "f": {
                    "lang": "sux",
                    "form": "MES-šar₉-ša₄-x",
                    "gdl": [
                      {
                        "s": "MES",
                        "id": "P230565.8.2.0",
                        "break": "damaged",
                        "ho": "1",
                        "delim": "-",
                        "hc": "1"
                      },
                      {
                        "v": "šar₉",
                        "id": "P230565.8.2.1",
                        "delim": "-"
                      },
                      {
                        "v": "ša₄",
                        "id": "P230565.8.2.2",
                        "break": "damaged",
                        "ho": "1",
                        "delim": "-",
                        "hc": "1"
                      },
                      {
                        "x": "ellipsis",
                        "id": "P230565.8.2.3",
                        "breakStart": "1",
                        "break": "missing",
                        "o": "]",
                        "breakEnd": "P230565.8.2.3"
                      }
                    ]
                  }
                }
              ]
            }
          ]
        }
      ]
    }
  ]
}
