{
  "type": "cdl",
  "project": "dcclt",
  "source": "http://oracc.org/dcclt",
  "license": "This data is released under the CC0 license",
  "license-url": "https://creativecommons.org/publicdomain/zero/1.0/",
  "more-info": "http://oracc.org/doc/opendata/",
  "UTC-timestamp": "2018-02-26T12:51:57",
  "textid": "P230541",
  "cdl": [
    {
      "node": "c",
      "type": "text",
      "id": "P230541.U0",
      "cdl": [
        {
          "node": "d",
          "subtype": "tablet",
          "type": "tablet",
          "ref": "P230541.x876.1",
          "label": "x876"
        },
        {
          "node": "d",
          "subtype": "obverse",
          "type": "obverse",
          "ref": "P230541.o.2",
          "label": "o"
        },
        {
          "node": "d",
          "subtype": "column 1o",
          "type": "column",
          "ref": "P230541.o.i.3",
          "n": "1",
          "label": "o i"
        },
        {
          "node": "c",
          "type": "discourse",
          "subtype": "body",
          "id": "P230541.U1",
          "cdl": [
            {
              "node": "c",
              "type": "sentence",
              "implicit": "yes",
              "id": "P230541.U2",
              "label": "o i 1' - o i 14'",
              "cdl": [
                {
                  "node": "d",
                  "type": "line-start",
                  "ref": "P230541.4",
                  "n": "1'",
                  "label": "o i 1'"
                },
                {
                  "node": "l",
                  "frag": "[...]-⸢til⸣",
                  "id": "P230541.l22a33",
                  "ref": "P230541.4.1",
                  "inst": "%sux:x-til=",
                  "f": {
                    "lang": "sux",
                    "form": "x-til",
                    "gdl": [
                      {
                        "x": "ellipsis",
                        "id": "P230541.4.1.0",
                        "breakStart": "1",
                        "break": "missing",
                        "o": "]",
                        "breakEnd": "P230541.4.1.0",
                        "delim": "-"
                      },
                      {
                        "v": "til",
                        "id": "P230541.4.1.1",
                        "break": "damaged",
                        "ho": "1",
                        "hc": "1"
                      }
                    ]
                  }
                },
                {
                  "node": "d",
                  "type": "line-start",
                  "ref": "P230541.5",
                  "n": "2'",
                  "label": "o i 2'"
                },
                {
                  "node": "l",
                  "frag": "[...]-da₃",
                  "id": "P230541.l22a34",
                  "ref": "P230541.5.1",
                  "inst": "%sux:x-da₃=",
                  "f": {
                    "lang": "sux",
                    "form": "x-da₃",
                    "gdl": [
                      {
                        "x": "ellipsis",
                        "id": "P230541.5.1.0",
                        "breakStart": "1",
                        "break": "missing",
                        "o": "]",
                        "breakEnd": "P230541.5.1.0",
                        "delim": "-"
                      },
                      {
                        "v": "da₃",
                        "id": "P230541.5.1.1"
                      }
                    ]
                  }
                },
                {
                  "node": "d",
                  "type": "line-start",
                  "ref": "P230541.6",
                  "n": "3'",
                  "label": "o i 3'"
                },
                {
                  "node": "l",
                  "frag": "[...]-⸢maš⸣-da₃",
                  "id": "P230541.l22a35",
                  "ref": "P230541.6.1",
                  "inst": "%sux:x-maš-da₃=",
                  "f": {
                    "lang": "sux",
                    "form": "x-maš-da₃",
                    "gdl": [
                      {
                        "x": "ellipsis",
                        "id": "P230541.6.1.0",
                        "breakStart": "1",
                        "break": "missing",
                        "o": "]",
                        "breakEnd": "P230541.6.1.0",
                        "delim": "-"
                      },
                      {
                        "v": "maš",
                        "id": "P230541.6.1.1",
                        "break": "damaged",
                        "ho": "1",
                        "delim": "-",
                        "hc": "1"
                      },
                      {
                        "v": "da₃",
                        "id": "P230541.6.1.2"
                      }
                    ]
                  }
                },
                {
                  "node": "d",
                  "type": "line-start",
                  "ref": "P230541.7",
                  "n": "4'",
                  "label": "o i 4'"
                },
                {
                  "node": "l",
                  "frag": "šeg₉",
                  "id": "P230541.l22a36",
                  "ref": "P230541.7.1",
                  "inst": "%sux:šeg₉=",
                  "f": {
                    "lang": "sux",
                    "form": "šeg₉",
                    "gdl": [
                      {
                        "v": "šeg₉",
                        "id": "P230541.7.1.0"
                      }
                    ]
                  }
                },
                {
                  "node": "d",
                  "type": "line-start",
                  "ref": "P230541.8",
                  "n": "5'",
                  "label": "o i 5'"
                },
                {
                  "node": "l",
                  "frag": "šeg₉-bar",
                  "id": "P230541.l22a37",
                  "ref": "P230541.8.1",
                  "inst": "%sux:šeg₉-bar=",
                  "f": {
                    "lang": "sux",
                    "form": "šeg₉-bar",
                    "gdl": [
                      {
                        "v": "šeg₉",
                        "id": "P230541.8.1.0",
                        "delim": "-"
                      },
                      {
                        "v": "bar",
                        "id": "P230541.8.1.1"
                      }
                    ]
                  }
                },
                {
                  "node": "d",
                  "type": "line-start",
                  "ref": "P230541.9",
                  "n": "6'",
                  "label": "o i 6'"
                },
                {
                  "node": "l",
                  "frag": "dara₃",
                  "id": "P230541.l22a38",
                  "ref": "P230541.9.1",
                  "inst": "%sux:dara₃=",
                  "f": {
                    "lang": "sux",
                    "form": "dara₃",
                    "gdl": [
                      {
                        "v": "dara₃",
                        "id": "P230541.9.1.0"
                      }
                    ]
                  }
                },
                {
                  "node": "d",
                  "type": "line-start",
                  "ref": "P230541.10",
                  "n": "7'",
                  "label": "o i 7'"
                },
                {
                  "node": "l",
                  "frag": "dara₃-maš",
                  "id": "P230541.l22a39",
                  "ref": "P230541.10.1",
                  "inst": "%sux:dara₃-maš=",
                  "f": {
                    "lang": "sux",
                    "form": "dara₃-maš",
                    "gdl": [
                      {
                        "v": "dara₃",
                        "id": "P230541.10.1.0",
                        "delim": "-"
                      },
                      {
                        "v": "maš",
                        "id": "P230541.10.1.1"
                      }
                    ]
                  }
                },
                {
                  "node": "d",
                  "type": "line-start",
                  "ref": "P230541.11",
                  "n": "8'",
                  "label": "o i 8'"
                },
                {
                  "node": "l",
                  "frag": "⸢KUN⸣",
                  "id": "P230541.l22a3a",
                  "ref": "P230541.11.1",
                  "inst": "%sux:KUN=",
                  "f": {
                    "lang": "sux",
                    "form": "KUN",
                    "gdl": [
                      {
                        "s": "KUN",
                        "id": "P230541.11.1.0",
                        "break": "damaged",
                        "gdl_remarked": "1",
                        "ho": "1",
                        "hc": "1"
                      }
                    ]
                  }
                },
                {
                  "node": "d",
                  "type": "line-start",
                  "ref": "P230541.12",
                  "n": "9'",
                  "label": "o i 9'"
                },
                {
                  "node": "l",
                  "frag": "⸢ban₂⸣-hu",
                  "id": "P230541.l22a3b",
                  "ref": "P230541.12.1",
                  "inst": "%sux:ban₂-hu=",
                  "f": {
                    "lang": "sux",
                    "form": "ban₂-hu",
                    "gdl": [
                      {
                        "v": "ban₂",
                        "id": "P230541.12.1.0",
                        "break": "damaged",
                        "ho": "1",
                        "delim": "-",
                        "hc": "1"
                      },
                      {
                        "v": "hu",
                        "id": "P230541.12.1.1"
                      }
                    ]
                  }
                },
                {
                  "node": "d",
                  "type": "line-start",
                  "ref": "P230541.13",
                  "n": "10'",
                  "label": "o i 10'"
                },
                {
                  "node": "l",
                  "frag": "dim₃-šah₂",
                  "id": "P230541.l22a3c",
                  "ref": "P230541.13.1",
                  "inst": "%sux:dim₃-šah₂=",
                  "f": {
                    "lang": "sux",
                    "form": "dim₃-šah₂",
                    "gdl": [
                      {
                        "v": "dim₃",
                        "id": "P230541.13.1.0",
                        "delim": "-"
                      },
                      {
                        "v": "šah₂",
                        "id": "P230541.13.1.1"
                      }
                    ]
                  }
                },
                {
                  "node": "d",
                  "type": "line-start",
                  "ref": "P230541.14",
                  "n": "11'",
                  "label": "o i 11'"
                },
                {
                  "node": "l",
                  "frag": "am",
                  "id": "P230541.l22a3d",
                  "ref": "P230541.14.1",
                  "inst": "%sux:am=",
                  "f": {
                    "lang": "sux",
                    "form": "am",
                    "gdl": [
                      {
                        "v": "am",
                        "id": "P230541.14.1.0"
                      }
                    ]
                  }
                },
                {
                  "node": "d",
                  "type": "line-start",
                  "ref": "P230541.15",
                  "n": "12'",
                  "label": "o i 12'"
                },
                {
                  "node": "l",
                  "frag": "am-si",
                  "id": "P230541.l22a3e",
                  "ref": "P230541.15.1",
                  "inst": "%sux:am-si=",
                  "f": {
                    "lang": "sux",
                    "form": "am-si",
                    "gdl": [
                      {
                        "v": "am",
                        "id": "P230541.15.1.0",
                        "delim": "-"
                      },
                      {
                        "v": "si",
                        "id": "P230541.15.1.1"
                      }
                    ]
                  }
                },
                {
                  "node": "d",
                  "type": "line-start",
                  "ref": "P230541.16",
                  "n": "13'",
                  "label": "o i 13'"
                },
                {
                  "node": "l",
                  "frag": "am-si",
                  "id": "P230541.l22a3f",
                  "ref": "P230541.16.1",
                  "inst": "%sux:am-si=",
                  "f": {
                    "lang": "sux",
                    "form": "am-si",
                    "delim": "",
                    "gdl": [
                      {
                        "v": "am",
                        "id": "P230541.16.1.0",
                        "delim": "-"
                      },
                      {
                        "v": "si",
                        "id": "P230541.16.1.1"
                      }
                    ]
                  }
                },
                {
                  "node": "l",
                  "frag": "kur-ra",
                  "id": "P230541.l22a40",
                  "ref": "P230541.16.2",
                  "inst": "%sux:kur-ra=",
                  "f": {
                    "lang": "sux",
                    "form": "kur-ra",
                    "gdl": [
                      {
                        "v": "kur",
                        "id": "P230541.16.2.0",
                        "delim": "-"
                      },
                      {
                        "v": "ra",
                        "id": "P230541.16.2.1"
                      }
                    ]
                  }
                },
                {
                  "node": "d",
                  "type": "line-start",
                  "ref": "P230541.17",
                  "n": "14'",
                  "label": "o i 14'"
                },
                {
                  "node": "l",
                  "frag": "sun₂",
                  "id": "P230541.l22a41",
                  "ref": "P230541.17.1",
                  "inst": "%sux:sun₂=",
                  "f": {
                    "lang": "sux",
                    "form": "sun₂",
                    "gdl": [
                      {
                        "v": "sun₂",
                        "id": "P230541.17.1.0"
                      }
                    ]
                  }
                }
              ]
            }
          ]
        }
      ]
    }
  ]
}
