{
  "type": "cdl",
  "project": "dcclt",
  "source": "http://oracc.org/dcclt",
  "license": "This data is released under the CC0 license",
  "license-url": "https://creativecommons.org/publicdomain/zero/1.0/",
  "more-info": "http://oracc.org/doc/opendata/",
  "UTC-timestamp": "2018-02-26T12:52:14",
  "textid": "P231453",
  "cdl": [
    {
      "node": "c",
      "type": "text",
      "id": "P231453.U0",
      "cdl": [
        {
          "node": "d",
          "subtype": "tablet",
          "type": "tablet",
          "ref": "P231453.x1154.1",
          "label": "x1154"
        },
        {
          "node": "d",
          "subtype": "obverse",
          "type": "obverse",
          "ref": "P231453.o.2",
          "label": "o"
        },
        {
          "node": "d",
          "subtype": "column 1o",
          "type": "column",
          "ref": "P231453.o.i.3",
          "n": "1",
          "label": "o i"
        },
        {
          "node": "c",
          "type": "discourse",
          "subtype": "body",
          "id": "P231453.U1",
          "cdl": [
            {
              "node": "c",
              "type": "sentence",
              "implicit": "yes",
              "id": "P231453.U2",
              "label": "o i 1' - r 4",
              "cdl": [
                {
                  "node": "d",
                  "type": "line-start",
                  "ref": "P231453.4",
                  "n": "1'",
                  "label": "o i 1'"
                },
                {
                  "node": "l",
                  "frag": "tu₇",
                  "id": "P231453.l27574",
                  "ref": "P231453.4.1",
                  "inst": "tu[soup]",
                  "sig": "@dcclt%sux:tu₇=tu[soup//soup, broth]N'N$tu/tu₇#~",
                  "f": {
                    "lang": "sux",
                    "form": "tu₇",
                    "delim": "",
                    "gdl": [
                      {
                        "v": "tu₇",
                        "id": "P231453.4.1.0"
                      }
                    ],
                    "cf": "tu",
                    "gw": "soup",
                    "sense": "soup, broth",
                    "norm0": "tu",
                    "pos": "N",
                    "epos": "N",
                    "base": "tu₇",
                    "morph": "~"
                  }
                },
                {
                  "node": "l",
                  "frag": "[...]",
                  "id": "P231453.l27575",
                  "ref": "P231453.4.2",
                  "inst": "u",
                  "f": {
                    "lang": "sux",
                    "form": "x",
                    "gdl": [
                      {
                        "x": "ellipsis",
                        "id": "P231453.4.2.0",
                        "breakStart": "1",
                        "break": "missing",
                        "o": "]",
                        "breakEnd": "P231453.4.2.0"
                      }
                    ],
                    "pos": "u"
                  }
                },
                {
                  "node": "d",
                  "type": "line-start",
                  "ref": "P231453.5",
                  "n": "2'",
                  "label": "o i 2'"
                },
                {
                  "node": "l",
                  "frag": "tu₇",
                  "id": "P231453.l27576",
                  "ref": "P231453.5.1",
                  "inst": "tu[soup]",
                  "sig": "@dcclt%sux:tu₇=tu[soup//soup, broth]N'N$tu/tu₇#~",
                  "f": {
                    "lang": "sux",
                    "form": "tu₇",
                    "delim": "",
                    "gdl": [
                      {
                        "v": "tu₇",
                        "id": "P231453.5.1.0"
                      }
                    ],
                    "cf": "tu",
                    "gw": "soup",
                    "sense": "soup, broth",
                    "norm0": "tu",
                    "pos": "N",
                    "epos": "N",
                    "base": "tu₇",
                    "morph": "~"
                  }
                },
                {
                  "node": "l",
                  "frag": "[...]",
                  "id": "P231453.l27577",
                  "ref": "P231453.5.2",
                  "inst": "u",
                  "f": {
                    "lang": "sux",
                    "form": "x",
                    "gdl": [
                      {
                        "x": "ellipsis",
                        "id": "P231453.5.2.0",
                        "breakStart": "1",
                        "break": "missing",
                        "o": "]",
                        "breakEnd": "P231453.5.2.0"
                      }
                    ],
                    "pos": "u"
                  }
                },
                {
                  "node": "d",
                  "type": "line-start",
                  "ref": "P231453.6",
                  "n": "3'",
                  "label": "o i 3'"
                },
                {
                  "node": "l",
                  "frag": "tu₇",
                  "id": "P231453.l27578",
                  "ref": "P231453.6.1",
                  "inst": "tu[soup]",
                  "sig": "@dcclt%sux:tu₇=tu[soup//soup, broth]N'N$tu/tu₇#~",
                  "f": {
                    "lang": "sux",
                    "form": "tu₇",
                    "delim": "",
                    "gdl": [
                      {
                        "v": "tu₇",
                        "id": "P231453.6.1.0"
                      }
                    ],
                    "cf": "tu",
                    "gw": "soup",
                    "sense": "soup, broth",
                    "norm0": "tu",
                    "pos": "N",
                    "epos": "N",
                    "base": "tu₇",
                    "morph": "~"
                  }
                },
                {
                  "node": "l",
                  "frag": "[...]",
                  "id": "P231453.l27579",
                  "ref": "P231453.6.2",
                  "inst": "u",
                  "f": {
                    "lang": "sux",
                    "form": "x",
                    "gdl": [
                      {
                        "x": "ellipsis",
                        "id": "P231453.6.2.0",
                        "breakStart": "1",
                        "break": "missing",
                        "o": "]",
                        "breakEnd": "P231453.6.2.0"
                      }
                    ],
                    "pos": "u"
                  }
                },
                {
                  "node": "d",
                  "type": "line-start",
                  "ref": "P231453.7",
                  "n": "4'",
                  "label": "o i 4'"
                },
                {
                  "node": "l",
                  "frag": "{kaš}⸢dida⸣",
                  "id": "P231453.l2757a",
                  "ref": "P231453.7.1",
                  "inst": "dida[wort]",
                  "sig": "@dcclt%sux:{kaš}dida=dida[wort//sweet wort, an ingredient for beer making]N'N$dida/{kaš}dida#~",
                  "f": {
                    "lang": "sux",
                    "form": "{kaš}dida",
                    "gdl": [
                      {
                        "det": "semantic",
                        "pos": "pre",
                        "seq": [
                          {
                            "v": "kaš",
                            "id": "P231453.7.1.0"
                          }
                        ]
                      },
                      {
                        "v": "dida",
                        "id": "P231453.7.1.1",
                        "break": "damaged",
                        "ho": "1",
                        "hc": "1"
                      }
                    ],
                    "cf": "dida",
                    "gw": "wort",
                    "sense": "sweet wort, an ingredient for beer making",
                    "norm0": "dida",
                    "pos": "N",
                    "epos": "N",
                    "base": "{kaš}dida",
                    "morph": "~"
                  }
                },
                {
                  "node": "d",
                  "type": "line-start",
                  "ref": "P231453.8",
                  "n": "5'",
                  "label": "o i 5'"
                },
                {
                  "node": "l",
                  "frag": "{kaš}dida",
                  "id": "P231453.l2757b",
                  "ref": "P231453.8.1",
                  "inst": "dida[wort]",
                  "sig": "@dcclt%sux:{kaš}dida=dida[wort//sweet wort, an ingredient for beer making]N'N$dida/{kaš}dida#~",
                  "f": {
                    "lang": "sux",
                    "form": "{kaš}dida",
                    "delim": "",
                    "gdl": [
                      {
                        "det": "semantic",
                        "pos": "pre",
                        "seq": [
                          {
                            "v": "kaš",
                            "id": "P231453.8.1.0"
                          }
                        ]
                      },
                      {
                        "v": "dida",
                        "id": "P231453.8.1.1"
                      }
                    ],
                    "cf": "dida",
                    "gw": "wort",
                    "sense": "sweet wort, an ingredient for beer making",
                    "norm0": "dida",
                    "pos": "N",
                    "epos": "N",
                    "base": "{kaš}dida",
                    "morph": "~"
                  }
                },
                {
                  "node": "l",
                  "frag": "[...]",
                  "id": "P231453.l2757c",
                  "ref": "P231453.8.2",
                  "inst": "u",
                  "f": {
                    "lang": "sux",
                    "form": "x",
                    "gdl": [
                      {
                        "x": "ellipsis",
                        "id": "P231453.8.2.0",
                        "breakStart": "1",
                        "break": "missing",
                        "o": "]",
                        "breakEnd": "P231453.8.2.0"
                      }
                    ],
                    "pos": "u"
                  }
                },
                {
                  "node": "d",
                  "type": "line-start",
                  "ref": "P231453.9",
                  "n": "6'",
                  "label": "o i 6'"
                },
                {
                  "node": "l",
                  "frag": "{kaš}⸢dida⸣",
                  "id": "P231453.l2757d",
                  "ref": "P231453.9.1",
                  "inst": "dida[wort]",
                  "sig": "@dcclt%sux:{kaš}dida=dida[wort//sweet wort, an ingredient for beer making]N'N$dida/{kaš}dida#~",
                  "f": {
                    "lang": "sux",
                    "form": "{kaš}dida",
                    "delim": "",
                    "gdl": [
                      {
                        "det": "semantic",
                        "pos": "pre",
                        "seq": [
                          {
                            "v": "kaš",
                            "id": "P231453.9.1.0"
                          }
                        ]
                      },
                      {
                        "v": "dida",
                        "id": "P231453.9.1.1",
                        "break": "damaged",
                        "ho": "1",
                        "hc": "1"
                      }
                    ],
                    "cf": "dida",
                    "gw": "wort",
                    "sense": "sweet wort, an ingredient for beer making",
                    "norm0": "dida",
                    "pos": "N",
                    "epos": "N",
                    "base": "{kaš}dida",
                    "morph": "~"
                  }
                },
                {
                  "node": "l",
                  "frag": "[...]",
                  "id": "P231453.l2757e",
                  "ref": "P231453.9.2",
                  "inst": "u",
                  "f": {
                    "lang": "sux",
                    "form": "x",
                    "gdl": [
                      {
                        "x": "ellipsis",
                        "id": "P231453.9.2.0",
                        "breakStart": "1",
                        "break": "missing",
                        "o": "]",
                        "breakEnd": "P231453.9.2.0"
                      }
                    ],
                    "pos": "u"
                  }
                },
                {
                  "node": "d",
                  "subtype": "reverse",
                  "type": "reverse",
                  "ref": "P231453.r.10",
                  "label": "r"
                },
                {
                  "node": "d",
                  "type": "line-start",
                  "ref": "P231453.11",
                  "n": "1",
                  "label": "r 1"
                },
                {
                  "node": "l",
                  "frag": "{kaš}dida",
                  "id": "P231453.l2757f",
                  "ref": "P231453.11.1",
                  "inst": "dida[wort]",
                  "sig": "@dcclt%sux:{kaš}dida=dida[wort//sweet wort, an ingredient for beer making]N'N$dida/{kaš}dida#~",
                  "f": {
                    "lang": "sux",
                    "form": "{kaš}dida",
                    "delim": "",
                    "gdl": [
                      {
                        "det": "semantic",
                        "pos": "pre",
                        "seq": [
                          {
                            "v": "kaš",
                            "id": "P231453.11.1.0"
                          }
                        ]
                      },
                      {
                        "v": "dida",
                        "id": "P231453.11.1.1"
                      }
                    ],
                    "cf": "dida",
                    "gw": "wort",
                    "sense": "sweet wort, an ingredient for beer making",
                    "norm0": "dida",
                    "pos": "N",
                    "epos": "N",
                    "base": "{kaš}dida",
                    "morph": "~"
                  }
                },
                {
                  "node": "l",
                  "frag": "[...]",
                  "id": "P231453.l27580",
                  "ref": "P231453.11.2",
                  "inst": "u",
                  "f": {
                    "lang": "sux",
                    "form": "x",
                    "gdl": [
                      {
                        "x": "ellipsis",
                        "id": "P231453.11.2.0",
                        "breakStart": "1",
                        "break": "missing",
                        "o": "]",
                        "breakEnd": "P231453.11.2.0"
                      }
                    ],
                    "pos": "u"
                  }
                },
                {
                  "node": "d",
                  "type": "line-start",
                  "ref": "P231453.12",
                  "n": "2",
                  "label": "r 2"
                },
                {
                  "node": "l",
                  "frag": "{kaš}dida",
                  "id": "P231453.l27581",
                  "ref": "P231453.12.1",
                  "inst": "dida[wort]",
                  "sig": "@dcclt%sux:{kaš}dida=dida[wort//sweet wort, an ingredient for beer making]N'N$dida/{kaš}dida#~",
                  "f": {
                    "lang": "sux",
                    "form": "{kaš}dida",
                    "delim": "",
                    "gdl": [
                      {
                        "det": "semantic",
                        "pos": "pre",
                        "seq": [
                          {
                            "v": "kaš",
                            "id": "P231453.12.1.0"
                          }
                        ]
                      },
                      {
                        "v": "dida",
                        "id": "P231453.12.1.1"
                      }
                    ],
                    "cf": "dida",
                    "gw": "wort",
                    "sense": "sweet wort, an ingredient for beer making",
                    "norm0": "dida",
                    "pos": "N",
                    "epos": "N",
                    "base": "{kaš}dida",
                    "morph": "~"
                  }
                },
                {
                  "node": "l",
                  "frag": "[...]",
                  "id": "P231453.l27582",
                  "ref": "P231453.12.2",
                  "inst": "u",
                  "f": {
                    "lang": "sux",
                    "form": "x",
                    "gdl": [
                      {
                        "x": "ellipsis",
                        "id": "P231453.12.2.0",
                        "breakStart": "1",
                        "break": "missing",
                        "o": "]",
                        "breakEnd": "P231453.12.2.0"
                      }
                    ],
                    "pos": "u"
                  }
                },
                {
                  "node": "d",
                  "type": "line-start",
                  "ref": "P231453.13",
                  "n": "3",
                  "label": "r 3"
                },
                {
                  "node": "l",
                  "frag": "{kaš}dida",
                  "id": "P231453.l27583",
                  "ref": "P231453.13.1",
                  "inst": "dida[wort]",
                  "sig": "@dcclt%sux:{kaš}dida=dida[wort//sweet wort, an ingredient for beer making]N'N$dida/{kaš}dida#~",
                  "f": {
                    "lang": "sux",
                    "form": "{kaš}dida",
                    "delim": "",
                    "gdl": [
                      {
                        "det": "semantic",
                        "pos": "pre",
                        "seq": [
                          {
                            "v": "kaš",
                            "id": "P231453.13.1.0"
                          }
                        ]
                      },
                      {
                        "v": "dida",
                        "id": "P231453.13.1.1"
                      }
                    ],
                    "cf": "dida",
                    "gw": "wort",
                    "sense": "sweet wort, an ingredient for beer making",
                    "norm0": "dida",
                    "pos": "N",
                    "epos": "N",
                    "base": "{kaš}dida",
                    "morph": "~"
                  }
                },
                {
                  "node": "l",
                  "frag": "[...]",
                  "id": "P231453.l27584",
                  "ref": "P231453.13.2",
                  "inst": "u",
                  "f": {
                    "lang": "sux",
                    "form": "x",
                    "gdl": [
                      {
                        "x": "ellipsis",
                        "id": "P231453.13.2.0",
                        "breakStart": "1",
                        "break": "missing",
                        "o": "]",
                        "breakEnd": "P231453.13.2.0"
                      }
                    ],
                    "pos": "u"
                  }
                },
                {
                  "node": "d",
                  "type": "line-start",
                  "ref": "P231453.14",
                  "n": "4",
                  "label": "r 4"
                },
                {
                  "node": "l",
                  "frag": "{kaš}dida",
                  "id": "P231453.l27585",
                  "ref": "P231453.14.1",
                  "inst": "dida[wort]",
                  "sig": "@dcclt%sux:{kaš}dida=dida[wort//sweet wort, an ingredient for beer making]N'N$dida/{kaš}dida#~",
                  "f": {
                    "lang": "sux",
                    "form": "{kaš}dida",
                    "delim": "",
                    "gdl": [
                      {
                        "det": "semantic",
                        "pos": "pre",
                        "seq": [
                          {
                            "v": "kaš",
                            "id": "P231453.14.1.0"
                          }
                        ]
                      },
                      {
                        "v": "dida",
                        "id": "P231453.14.1.1"
                      }
                    ],
                    "cf": "dida",
                    "gw": "wort",
                    "sense": "sweet wort, an ingredient for beer making",
                    "norm0": "dida",
                    "pos": "N",
                    "epos": "N",
                    "base": "{kaš}dida",
                    "morph": "~"
                  }
                },
                {
                  "node": "l",
                  "frag": "[...]",
                  "id": "P231453.l27586",
                  "ref": "P231453.14.2",
                  "inst": "u",
                  "f": {
                    "lang": "sux",
                    "form": "x",
                    "gdl": [
                      {
                        "x": "ellipsis",
                        "id": "P231453.14.2.0",
                        "breakStart": "1",
                        "break": "missing",
                        "o": "]",
                        "breakEnd": "P231453.14.2.0"
                      }
                    ],
                    "pos": "u"
                  }
                },
                {
                  "node": "d",
                  "type": "nonx",
                  "ref": "P231453.15",
                  "strict": "1",
                  "extent": "2",
                  "scope": "line",
                  "state": "ruling"
                }
              ]
            }
          ]
        }
      ]
    }
  ]
}
