{
  "type": "cdl",
  "project": "dcclt",
  "source": "http://oracc.org/dcclt",
  "license": "This data is released under the CC0 license",
  "license-url": "https://creativecommons.org/publicdomain/zero/1.0/",
  "more-info": "http://oracc.org/doc/opendata/",
  "UTC-timestamp": "2018-02-26T12:52:15",
  "textid": "P231714",
  "cdl": [
    {
      "node": "c",
      "type": "text",
      "id": "P231714.U0",
      "cdl": [
        {
          "node": "d",
          "type": "object",
          "ref": ""
        },
        {
          "node": "d",
          "subtype": "obverse",
          "type": "obverse",
          "ref": "P231714.o.1",
          "label": "o"
        },
        {
          "node": "d",
          "subtype": "column 1o",
          "type": "column",
          "ref": "P231714.o.i.2",
          "n": "1",
          "label": "o i"
        },
        {
          "node": "c",
          "type": "discourse",
          "subtype": "body",
          "id": "P231714.U1",
          "cdl": [
            {
              "node": "c",
              "type": "sentence",
              "implicit": "yes",
              "id": "P231714.U2",
              "label": "o i 1' - o i 10'",
              "cdl": [
                {
                  "node": "d",
                  "type": "line-start",
                  "ref": "P231714.3",
                  "n": "1'",
                  "label": "o i 1'"
                },
                {
                  "node": "l",
                  "frag": "[...]-⸢ur⸣-za-[...]",
                  "id": "P231714.l1e88b",
                  "ref": "P231714.3.1",
                  "inst": "%sux:x-ur-za-x=",
                  "f": {
                    "lang": "sux",
                    "form": "x-ur-za-x",
                    "gdl": [
                      {
                        "x": "ellipsis",
                        "id": "P231714.3.1.0",
                        "breakStart": "1",
                        "break": "missing",
                        "o": "]",
                        "breakEnd": "P231714.3.1.0",
                        "delim": "-"
                      },
                      {
                        "v": "ur",
                        "id": "P231714.3.1.1",
                        "break": "damaged",
                        "ho": "1",
                        "delim": "-",
                        "hc": "1"
                      },
                      {
                        "v": "za",
                        "id": "P231714.3.1.2",
                        "delim": "-"
                      },
                      {
                        "x": "ellipsis",
                        "id": "P231714.3.1.3",
                        "breakStart": "1",
                        "break": "missing",
                        "o": "]",
                        "breakEnd": "P231714.3.1.3"
                      }
                    ]
                  }
                },
                {
                  "node": "d",
                  "type": "line-start",
                  "ref": "P231714.4",
                  "n": "2'",
                  "label": "o i 2'"
                },
                {
                  "node": "l",
                  "frag": "[...]-ur-⸢gu⸣-[...]",
                  "id": "P231714.l1e88c",
                  "ref": "P231714.4.1",
                  "inst": "%sux:x-ur-gu-x=",
                  "f": {
                    "lang": "sux",
                    "form": "x-ur-gu-x",
                    "gdl": [
                      {
                        "x": "ellipsis",
                        "id": "P231714.4.1.0",
                        "breakStart": "1",
                        "break": "missing",
                        "o": "]",
                        "breakEnd": "P231714.4.1.0",
                        "delim": "-"
                      },
                      {
                        "v": "ur",
                        "id": "P231714.4.1.1",
                        "delim": "-"
                      },
                      {
                        "v": "gu",
                        "id": "P231714.4.1.2",
                        "break": "damaged",
                        "ho": "1",
                        "delim": "-",
                        "hc": "1"
                      },
                      {
                        "x": "ellipsis",
                        "id": "P231714.4.1.3",
                        "breakStart": "1",
                        "break": "missing",
                        "o": "]",
                        "breakEnd": "P231714.4.1.3"
                      }
                    ]
                  }
                },
                {
                  "node": "d",
                  "type": "line-start",
                  "ref": "P231714.5",
                  "n": "3'",
                  "label": "o i 3'"
                },
                {
                  "node": "l",
                  "frag": "⸢ŋeš⸣",
                  "id": "P231714.l1e88d",
                  "ref": "P231714.5.1",
                  "inst": "%sux:ŋeš=",
                  "f": {
                    "lang": "sux",
                    "form": "ŋeš",
                    "delim": "",
                    "gdl": [
                      {
                        "v": "ŋeš",
                        "id": "P231714.5.1.0",
                        "break": "damaged",
                        "ho": "1",
                        "hc": "1"
                      }
                    ]
                  }
                },
                {
                  "node": "l",
                  "frag": "har-[...]",
                  "id": "P231714.l1e88e",
                  "ref": "P231714.5.2",
                  "inst": "%sux:har-x=",
                  "f": {
                    "lang": "sux",
                    "form": "har-x",
                    "gdl": [
                      {
                        "v": "har",
                        "id": "P231714.5.2.0",
                        "delim": "-"
                      },
                      {
                        "x": "ellipsis",
                        "id": "P231714.5.2.1",
                        "breakStart": "1",
                        "break": "missing",
                        "o": "]",
                        "breakEnd": "P231714.5.2.1"
                      }
                    ]
                  }
                },
                {
                  "node": "d",
                  "type": "line-start",
                  "ref": "P231714.6",
                  "n": "4'",
                  "label": "o i 4'"
                },
                {
                  "node": "l",
                  "frag": "⸢ŋeš⸣",
                  "id": "P231714.l1e88f",
                  "ref": "P231714.6.1",
                  "inst": "%sux:ŋeš=",
                  "f": {
                    "lang": "sux",
                    "form": "ŋeš",
                    "delim": "",
                    "gdl": [
                      {
                        "v": "ŋeš",
                        "id": "P231714.6.1.0",
                        "break": "damaged",
                        "ho": "1",
                        "hc": "1"
                      }
                    ]
                  }
                },
                {
                  "node": "l",
                  "frag": "niŋ₂-[...]",
                  "id": "P231714.l1e890",
                  "ref": "P231714.6.2",
                  "inst": "%sux:niŋ₂-x=",
                  "f": {
                    "lang": "sux",
                    "form": "niŋ₂-x",
                    "gdl": [
                      {
                        "v": "niŋ₂",
                        "id": "P231714.6.2.0",
                        "delim": "-"
                      },
                      {
                        "x": "ellipsis",
                        "id": "P231714.6.2.1",
                        "breakStart": "1",
                        "break": "missing",
                        "o": "]",
                        "breakEnd": "P231714.6.2.1"
                      }
                    ]
                  }
                },
                {
                  "node": "d",
                  "type": "line-start",
                  "ref": "P231714.7",
                  "n": "5'",
                  "label": "o i 5'"
                },
                {
                  "node": "l",
                  "frag": "⸢ŋeš⸣",
                  "id": "P231714.l1e891",
                  "ref": "P231714.7.1",
                  "inst": "%sux:ŋeš=",
                  "f": {
                    "lang": "sux",
                    "form": "ŋeš",
                    "delim": "",
                    "gdl": [
                      {
                        "v": "ŋeš",
                        "id": "P231714.7.1.0",
                        "break": "damaged",
                        "ho": "1",
                        "hc": "1"
                      }
                    ]
                  }
                },
                {
                  "node": "l",
                  "frag": "AN-[...]",
                  "id": "P231714.l1e892",
                  "ref": "P231714.7.2",
                  "inst": "%sux:AN-x=",
                  "f": {
                    "lang": "sux",
                    "form": "AN-x",
                    "gdl": [
                      {
                        "s": "AN",
                        "id": "P231714.7.2.0",
                        "delim": "-"
                      },
                      {
                        "x": "ellipsis",
                        "id": "P231714.7.2.1",
                        "breakStart": "1",
                        "break": "missing",
                        "o": "]",
                        "breakEnd": "P231714.7.2.1"
                      }
                    ]
                  }
                },
                {
                  "node": "d",
                  "type": "line-start",
                  "ref": "P231714.8",
                  "n": "6'",
                  "label": "o i 6'"
                },
                {
                  "node": "l",
                  "frag": "⸢ŋeš⸣-dim₃",
                  "id": "P231714.l1e893",
                  "ref": "P231714.8.1",
                  "inst": "%sux:ŋeš-dim₃=",
                  "f": {
                    "lang": "sux",
                    "form": "ŋeš-dim₃",
                    "delim": "",
                    "gdl": [
                      {
                        "v": "ŋeš",
                        "id": "P231714.8.1.0",
                        "break": "damaged",
                        "ho": "1",
                        "delim": "-",
                        "hc": "1"
                      },
                      {
                        "v": "dim₃",
                        "id": "P231714.8.1.1"
                      }
                    ]
                  }
                },
                {
                  "node": "l",
                  "frag": "mar-[šu]",
                  "id": "P231714.l1e894",
                  "ref": "P231714.8.2",
                  "inst": "%sux:mar-šu=",
                  "f": {
                    "lang": "sux",
                    "form": "mar-šu",
                    "gdl": [
                      {
                        "v": "mar",
                        "id": "P231714.8.2.0",
                        "delim": "-"
                      },
                      {
                        "v": "šu",
                        "id": "P231714.8.2.1",
                        "breakStart": "1",
                        "o": "]",
                        "break": "missing",
                        "breakEnd": "P231714.8.2.1"
                      }
                    ]
                  }
                },
                {
                  "node": "d",
                  "type": "nonw",
                  "ref": ""
                },
                {
                  "node": "d",
                  "type": "line-start",
                  "ref": "P231714.9",
                  "n": "7'",
                  "label": "o i 7'"
                },
                {
                  "node": "l",
                  "frag": "⸢ŋeš⸣",
                  "id": "P231714.l1e895",
                  "ref": "P231714.9.1",
                  "inst": "%sux:ŋeš=",
                  "f": {
                    "lang": "sux",
                    "form": "ŋeš",
                    "delim": "",
                    "gdl": [
                      {
                        "v": "ŋeš",
                        "id": "P231714.9.1.0",
                        "break": "damaged",
                        "ho": "1",
                        "hc": "1"
                      }
                    ]
                  }
                },
                {
                  "node": "l",
                  "frag": "dim₃-lu₂-ma₂-[gur₈]",
                  "id": "P231714.l1e896",
                  "ref": "P231714.9.2",
                  "inst": "%sux:dim₃-lu₂-ma₂-gur₈=",
                  "f": {
                    "lang": "sux",
                    "form": "dim₃-lu₂-ma₂-gur₈",
                    "gdl": [
                      {
                        "v": "dim₃",
                        "id": "P231714.9.2.0",
                        "delim": "-"
                      },
                      {
                        "v": "lu₂",
                        "id": "P231714.9.2.1",
                        "delim": "-"
                      },
                      {
                        "v": "ma₂",
                        "id": "P231714.9.2.2",
                        "delim": "-"
                      },
                      {
                        "v": "gur₈",
                        "id": "P231714.9.2.3",
                        "breakStart": "1",
                        "o": "]",
                        "break": "missing",
                        "breakEnd": "P231714.9.2.3"
                      }
                    ]
                  }
                },
                {
                  "node": "d",
                  "type": "line-start",
                  "ref": "P231714.10",
                  "n": "8'",
                  "label": "o i 8'"
                },
                {
                  "node": "l",
                  "frag": "⸢ŋeš⸣",
                  "id": "P231714.l1e897",
                  "ref": "P231714.10.1",
                  "inst": "%sux:ŋeš=",
                  "f": {
                    "lang": "sux",
                    "form": "ŋeš",
                    "delim": "",
                    "gdl": [
                      {
                        "v": "ŋeš",
                        "id": "P231714.10.1.0",
                        "break": "damaged",
                        "ho": "1",
                        "hc": "1"
                      }
                    ]
                  }
                },
                {
                  "node": "l",
                  "frag": "za₃-[...]",
                  "id": "P231714.l1e898",
                  "ref": "P231714.10.2",
                  "inst": "%sux:za₃-x=",
                  "f": {
                    "lang": "sux",
                    "form": "za₃-x",
                    "gdl": [
                      {
                        "v": "za₃",
                        "id": "P231714.10.2.0",
                        "delim": "-"
                      },
                      {
                        "x": "ellipsis",
                        "id": "P231714.10.2.1",
                        "breakStart": "1",
                        "break": "missing",
                        "o": "]",
                        "breakEnd": "P231714.10.2.1"
                      }
                    ]
                  }
                },
                {
                  "node": "d",
                  "type": "line-start",
                  "ref": "P231714.11",
                  "n": "9'",
                  "label": "o i 9'"
                },
                {
                  "node": "l",
                  "frag": "⸢ŋeš⸣",
                  "id": "P231714.l1e899",
                  "ref": "P231714.11.1",
                  "inst": "%sux:ŋeš=",
                  "f": {
                    "lang": "sux",
                    "form": "ŋeš",
                    "delim": "",
                    "gdl": [
                      {
                        "v": "ŋeš",
                        "id": "P231714.11.1.0",
                        "break": "damaged",
                        "ho": "1",
                        "hc": "1"
                      }
                    ]
                  }
                },
                {
                  "node": "l",
                  "frag": "kul-za₃-[...]",
                  "id": "P231714.l1e89a",
                  "ref": "P231714.11.2",
                  "inst": "%sux:kul-za₃-x=",
                  "f": {
                    "lang": "sux",
                    "form": "kul-za₃-x",
                    "gdl": [
                      {
                        "v": "kul",
                        "id": "P231714.11.2.0",
                        "delim": "-"
                      },
                      {
                        "v": "za₃",
                        "id": "P231714.11.2.1",
                        "delim": "-"
                      },
                      {
                        "x": "ellipsis",
                        "id": "P231714.11.2.2",
                        "breakStart": "1",
                        "break": "missing",
                        "o": "]",
                        "breakEnd": "P231714.11.2.2"
                      }
                    ]
                  }
                },
                {
                  "node": "d",
                  "type": "line-start",
                  "ref": "P231714.12",
                  "n": "10'",
                  "label": "o i 10'"
                },
                {
                  "node": "l",
                  "frag": "⸢ŋeš⸣",
                  "id": "P231714.l1e89b",
                  "ref": "P231714.12.1",
                  "inst": "%sux:ŋeš=",
                  "f": {
                    "lang": "sux",
                    "form": "ŋeš",
                    "delim": "",
                    "gdl": [
                      {
                        "v": "ŋeš",
                        "id": "P231714.12.1.0",
                        "break": "damaged",
                        "ho": "1",
                        "hc": "1"
                      }
                    ]
                  }
                },
                {
                  "node": "l",
                  "frag": "dub-za₃-[...]",
                  "id": "P231714.l1e89c",
                  "ref": "P231714.12.2",
                  "inst": "%sux:dub-za₃-x=",
                  "f": {
                    "lang": "sux",
                    "form": "dub-za₃-x",
                    "gdl": [
                      {
                        "v": "dub",
                        "id": "P231714.12.2.0",
                        "delim": "-"
                      },
                      {
                        "v": "za₃",
                        "id": "P231714.12.2.1",
                        "delim": "-"
                      },
                      {
                        "x": "ellipsis",
                        "id": "P231714.12.2.2",
                        "breakStart": "1",
                        "break": "missing",
                        "o": "]",
                        "breakEnd": "P231714.12.2.2"
                      }
                    ]
                  }
                }
              ]
            }
          ]
        }
      ]
    }
  ]
}
