{
  "type": "cdl",
  "project": "dcclt",
  "source": "http://oracc.org/dcclt",
  "license": "This data is released under the CC0 license",
  "license-url": "https://creativecommons.org/publicdomain/zero/1.0/",
  "more-info": "http://oracc.org/doc/opendata/",
  "UTC-timestamp": "2018-02-26T12:52:30",
  "textid": "P247794",
  "cdl": [
    {
      "node": "c",
      "type": "text",
      "id": "P247794.U0",
      "cdl": [
        {
          "node": "d",
          "type": "object",
          "ref": ""
        },
        {
          "node": "d",
          "subtype": "obverse",
          "type": "obverse",
          "ref": "P247794.o.1",
          "label": "o"
        },
        {
          "node": "c",
          "type": "discourse",
          "subtype": "body",
          "id": "P247794.U1",
          "cdl": [
            {
              "node": "c",
              "type": "sentence",
              "implicit": "yes",
              "id": "P247794.U2",
              "label": "o 1 - r 4",
              "cdl": [
                {
                  "node": "d",
                  "type": "line-start",
                  "ref": "P247794.2",
                  "n": "1",
                  "label": "o 1"
                },
                {
                  "node": "l",
                  "frag": "⸢išib⸣",
                  "id": "P247794.l13be6",
                  "ref": "P247794.2.1",
                  "inst": "%sux:išib=",
                  "f": {
                    "lang": "sux",
                    "form": "išib",
                    "gdl": [
                      {
                        "v": "išib",
                        "id": "P247794.2.1.0",
                        "break": "damaged",
                        "ho": "1",
                        "hc": "1"
                      }
                    ]
                  }
                },
                {
                  "node": "d",
                  "type": "line-start",
                  "ref": "P247794.3",
                  "n": "2",
                  "label": "o 2"
                },
                {
                  "node": "l",
                  "frag": "išib-ki-gal",
                  "id": "P247794.l13be7",
                  "ref": "P247794.3.1",
                  "inst": "%sux:išib-ki-gal=",
                  "f": {
                    "lang": "sux",
                    "form": "išib-ki-gal",
                    "gdl": [
                      {
                        "v": "išib",
                        "id": "P247794.3.1.0",
                        "delim": "-"
                      },
                      {
                        "v": "ki",
                        "id": "P247794.3.1.1",
                        "delim": "-"
                      },
                      {
                        "v": "gal",
                        "id": "P247794.3.1.2"
                      }
                    ]
                  }
                },
                {
                  "node": "d",
                  "subtype": "reverse",
                  "type": "reverse",
                  "ref": "P247794.r.4",
                  "label": "r"
                },
                {
                  "node": "d",
                  "type": "line-start",
                  "ref": "P247794.5",
                  "n": "3",
                  "label": "r 3"
                },
                {
                  "node": "l",
                  "frag": "⸢išib⸣",
                  "id": "P247794.l13be8",
                  "ref": "P247794.5.1",
                  "inst": "%sux:išib=",
                  "f": {
                    "lang": "sux",
                    "form": "išib",
                    "gdl": [
                      {
                        "v": "išib",
                        "id": "P247794.5.1.0",
                        "break": "damaged",
                        "ho": "1",
                        "hc": "1"
                      }
                    ]
                  }
                },
                {
                  "node": "d",
                  "type": "line-start",
                  "ref": "P247794.6",
                  "n": "4",
                  "label": "r 4"
                },
                {
                  "node": "l",
                  "frag": "⸢išib⸣-ki-gal",
                  "id": "P247794.l13be9",
                  "ref": "P247794.6.1",
                  "inst": "%sux:išib-ki-gal=",
                  "f": {
                    "lang": "sux",
                    "form": "išib-ki-gal",
                    "gdl": [
                      {
                        "v": "išib",
                        "id": "P247794.6.1.0",
                        "break": "damaged",
                        "ho": "1",
                        "delim": "-",
                        "hc": "1"
                      },
                      {
                        "v": "ki",
                        "id": "P247794.6.1.1",
                        "delim": "-"
                      },
                      {
                        "v": "gal",
                        "id": "P247794.6.1.2"
                      }
                    ]
                  }
                }
              ]
            }
          ]
        }
      ]
    }
  ]
}
