{
  "type": "cdl",
  "project": "dcclt",
  "source": "http://oracc.org/dcclt",
  "license": "This data is released under the CC0 license",
  "license-url": "https://creativecommons.org/publicdomain/zero/1.0/",
  "more-info": "http://oracc.org/doc/opendata/",
  "UTC-timestamp": "2018-02-26T12:53:54",
  "textid": "P273619",
  "cdl": [
    {
      "node": "c",
      "type": "text",
      "id": "P273619.U0",
      "cdl": [
        {
          "node": "d",
          "subtype": "tablet",
          "type": "tablet",
          "ref": "P273619.x99.1",
          "label": "x99"
        },
        {
          "node": "d",
          "subtype": "obverse",
          "type": "obverse",
          "ref": "P273619.o.2",
          "label": "o"
        },
        {
          "node": "d",
          "subtype": "column 1o",
          "type": "column",
          "ref": "P273619.o.i.3",
          "n": "1",
          "label": "o i"
        },
        {
          "node": "d",
          "type": "nonx",
          "ref": "P273619.4",
          "strict": "1",
          "extent": "1",
          "scope": "line",
          "state": "missing"
        },
        {
          "node": "c",
          "type": "discourse",
          "subtype": "body",
          "id": "P273619.U1",
          "cdl": [
            {
              "node": "c",
              "type": "sentence",
              "implicit": "yes",
              "id": "P273619.U2",
              "label": "o i 2' - o i 3'",
              "cdl": [
                {
                  "node": "d",
                  "type": "line-start",
                  "ref": "P273619.5",
                  "n": "2'",
                  "label": "o i 2'"
                },
                {
                  "node": "l",
                  "frag": "muš{ku₆}",
                  "id": "P273619.l0779b",
                  "ref": "P273619.5.1",
                  "inst": "%sux:muš{ku₆}=",
                  "f": {
                    "lang": "sux",
                    "form": "muš{ku₆}",
                    "gdl": [
                      {
                        "v": "muš",
                        "id": "P273619.5.1.0"
                      },
                      {
                        "det": "semantic",
                        "pos": "post",
                        "seq": [
                          {
                            "v": "ku₆",
                            "id": "P273619.5.1.1"
                          }
                        ]
                      }
                    ]
                  }
                },
                {
                  "node": "d",
                  "type": "line-start",
                  "ref": "P273619.6",
                  "n": "3'",
                  "label": "o i 3'"
                },
                {
                  "node": "l",
                  "frag": "du₆{ku₆}",
                  "id": "P273619.l0779c",
                  "ref": "P273619.6.1",
                  "inst": "%sux:du₆{ku₆}=",
                  "f": {
                    "lang": "sux",
                    "form": "du₆{ku₆}",
                    "gdl": [
                      {
                        "v": "du₆",
                        "id": "P273619.6.1.0"
                      },
                      {
                        "det": "semantic",
                        "pos": "post",
                        "seq": [
                          {
                            "v": "ku₆",
                            "id": "P273619.6.1.1"
                          }
                        ]
                      }
                    ]
                  }
                },
                {
                  "node": "d",
                  "type": "nonx",
                  "ref": "P273619.7",
                  "strict": "1",
                  "extent": "2",
                  "scope": "line",
                  "state": "missing"
                }
              ]
            }
          ]
        }
      ]
    }
  ]
}
