{
  "type": "cdl",
  "project": "dcclt",
  "source": "http://oracc.org/dcclt",
  "license": "This data is released under the CC0 license",
  "license-url": "https://creativecommons.org/publicdomain/zero/1.0/",
  "more-info": "http://oracc.org/doc/opendata/",
  "UTC-timestamp": "2018-02-26T12:54:32",
  "textid": "P315272",
  "cdl": [
    {
      "node": "c",
      "type": "text",
      "id": "P315272.U0",
      "cdl": [
        {
          "node": "d",
          "subtype": "tablet",
          "type": "tablet",
          "ref": "P315272.x538.1",
          "label": "x538"
        },
        {
          "node": "d",
          "subtype": "obverse",
          "type": "obverse",
          "ref": "P315272.o.2",
          "label": "o"
        },
        {
          "node": "d",
          "subtype": "column 1o",
          "type": "column",
          "ref": "P315272.o.i.3",
          "n": "1",
          "label": "o i"
        },
        {
          "node": "c",
          "type": "discourse",
          "subtype": "body",
          "id": "P315272.U1",
          "cdl": [
            {
              "node": "c",
              "type": "sentence",
              "implicit": "yes",
              "id": "P315272.U2",
              "label": "o i 1 - o i 3",
              "cdl": [
                {
                  "node": "d",
                  "type": "line-start",
                  "ref": "P315272.4",
                  "n": "1",
                  "label": "o i 1"
                },
                {
                  "node": "l",
                  "frag": "ah₆-ŋu₁₀",
                  "id": "P315272.l191d2",
                  "ref": "P315272.4.1",
                  "inst": "ah[spittle]",
                  "sig": "@dcclt%sux:ah₆-ŋu₁₀=ah[spittle//saliva, spittle]N'N$ah,ŋu/ah₆#~,ŋu",
                  "f": {
                    "lang": "sux",
                    "form": "ah₆-ŋu₁₀",
                    "gdl": [
                      {
                        "v": "ah₆",
                        "id": "P315272.4.1.0",
                        "delim": "-"
                      },
                      {
                        "v": "ŋu₁₀",
                        "id": "P315272.4.1.1"
                      }
                    ],
                    "cf": "ah",
                    "gw": "spittle",
                    "sense": "saliva, spittle",
                    "norm0": "ah,ŋu",
                    "pos": "N",
                    "epos": "N",
                    "base": "ah₆",
                    "morph": "~,ŋu"
                  }
                },
                {
                  "node": "d",
                  "type": "line-start",
                  "ref": "P315272.5",
                  "n": "2",
                  "label": "o i 2"
                },
                {
                  "node": "l",
                  "frag": "ah₆",
                  "id": "P315272.l191d3",
                  "ref": "P315272.5.1",
                  "inst": "ah[spittle]",
                  "sig": "@dcclt%sux:ah₆=ah[spittle//saliva, spittle]N'N$ah/ah₆#~",
                  "f": {
                    "lang": "sux",
                    "form": "ah₆",
                    "delim": "",
                    "gdl": [
                      {
                        "v": "ah₆",
                        "id": "P315272.5.1.0"
                      }
                    ],
                    "cf": "ah",
                    "gw": "spittle",
                    "sense": "saliva, spittle",
                    "norm0": "ah",
                    "pos": "N",
                    "epos": "N",
                    "base": "ah₆",
                    "morph": "~"
                  }
                },
                {
                  "node": "l",
                  "frag": "bar-bar-ŋu₁₀",
                  "id": "P315272.l191d4",
                  "ref": "P315272.5.2",
                  "inst": "bar[outside]",
                  "sig": "@dcclt%sux:bar-bar-ŋu₁₀=bar[outside//outside]V/t'N$bar,ŋu/bar-bar#~,ŋu",
                  "f": {
                    "lang": "sux",
                    "form": "bar-bar-ŋu₁₀",
                    "gdl": [
                      {
                        "v": "bar",
                        "id": "P315272.5.2.0",
                        "delim": "-"
                      },
                      {
                        "v": "bar",
                        "id": "P315272.5.2.1",
                        "delim": "-"
                      },
                      {
                        "v": "ŋu₁₀",
                        "id": "P315272.5.2.2"
                      }
                    ],
                    "cf": "bar",
                    "gw": "outside",
                    "sense": "outside",
                    "norm0": "bar,ŋu",
                    "pos": "V/t",
                    "epos": "N",
                    "base": "bar-bar",
                    "morph": "~,ŋu"
                  }
                },
                {
                  "node": "d",
                  "type": "line-start",
                  "ref": "P315272.6",
                  "n": "3",
                  "label": "o i 3"
                },
                {
                  "node": "l",
                  "frag": "me-li-ŋu₁₀",
                  "id": "P315272.l191d5",
                  "ref": "P315272.6.1",
                  "inst": "ŋeli[throat]",
                  "sig": "@dcclt%sux:me-li-ŋu₁₀=ŋeli[throat//throat]N'N$ŋeli/me-li-ŋu₁₀#~",
                  "f": {
                    "lang": "sux",
                    "form": "me-li-ŋu₁₀",
                    "gdl": [
                      {
                        "v": "me",
                        "id": "P315272.6.1.0",
                        "delim": "-"
                      },
                      {
                        "v": "li",
                        "id": "P315272.6.1.1",
                        "delim": "-"
                      },
                      {
                        "v": "ŋu₁₀",
                        "id": "P315272.6.1.2"
                      }
                    ],
                    "cf": "ŋeli",
                    "gw": "throat",
                    "sense": "throat",
                    "norm0": "ŋeli",
                    "pos": "N",
                    "epos": "N",
                    "base": "me-li-ŋu₁₀",
                    "morph": "~"
                  }
                }
              ]
            }
          ]
        }
      ]
    }
  ]
}
