{
  "type": "cdl",
  "project": "dcclt",
  "source": "http://oracc.org/dcclt",
  "license": "This data is released under the CC0 license",
  "license-url": "https://creativecommons.org/publicdomain/zero/1.0/",
  "more-info": "http://oracc.org/doc/opendata/",
  "UTC-timestamp": "2018-02-26T12:54:37",
  "textid": "P332849",
  "cdl": [
    {
      "node": "c",
      "type": "text",
      "id": "P332849.U0",
      "cdl": [
        {
          "node": "d",
          "subtype": "tablet",
          "type": "tablet",
          "ref": "P332849.x460.1",
          "label": "x460"
        },
        {
          "node": "d",
          "subtype": "reverse?",
          "type": "reverse",
          "ref": "P332849.r_.2",
          "queried": "1",
          "label": "r?"
        },
        {
          "node": "d",
          "subtype": "column 1r?",
          "type": "column",
          "ref": "P332849.r_.i.3",
          "n": "1",
          "label": "r? i"
        },
        {
          "node": "c",
          "type": "discourse",
          "subtype": "body",
          "id": "P332849.U1",
          "cdl": [
            {
              "node": "c",
              "type": "sentence",
              "implicit": "yes",
              "id": "P332849.U2",
              "label": "r? i 1 - r? ii 6",
              "cdl": [
                {
                  "node": "d",
                  "type": "line-start",
                  "ref": "P332849.4",
                  "n": "1",
                  "label": "r? i 1"
                },
                {
                  "node": "l",
                  "frag": "[me]-me",
                  "id": "P332849.l1858e",
                  "ref": "P332849.4.1",
                  "inst": "%sux:me-me=",
                  "f": {
                    "lang": "sux",
                    "form": "me-me",
                    "gdl": [
                      {
                        "v": "me",
                        "id": "P332849.4.1.0",
                        "breakStart": "1",
                        "o": "]",
                        "break": "missing",
                        "breakEnd": "P332849.4.1.0",
                        "delim": "-"
                      },
                      {
                        "v": "me",
                        "id": "P332849.4.1.1"
                      }
                    ]
                  }
                },
                {
                  "node": "d",
                  "type": "line-start",
                  "ref": "P332849.5",
                  "n": "2",
                  "label": "r? i 2"
                },
                {
                  "node": "l",
                  "frag": "⸢pap⸣-pap",
                  "id": "P332849.l1858f",
                  "ref": "P332849.5.1",
                  "inst": "%sux:pap-pap=",
                  "f": {
                    "lang": "sux",
                    "form": "pap-pap",
                    "gdl": [
                      {
                        "v": "pap",
                        "id": "P332849.5.1.0",
                        "break": "damaged",
                        "ho": "1",
                        "delim": "-",
                        "hc": "1"
                      },
                      {
                        "v": "pap",
                        "id": "P332849.5.1.1"
                      }
                    ]
                  }
                },
                {
                  "node": "d",
                  "type": "line-start",
                  "ref": "P332849.6",
                  "n": "3",
                  "label": "r? i 3"
                },
                {
                  "node": "l",
                  "frag": "⸢a-a⸣",
                  "id": "P332849.l18590",
                  "ref": "P332849.6.1",
                  "inst": "%sux:a-a=",
                  "f": {
                    "lang": "sux",
                    "form": "a-a",
                    "gdl": [
                      {
                        "v": "a",
                        "id": "P332849.6.1.0",
                        "break": "damaged",
                        "ho": "1",
                        "delim": "-"
                      },
                      {
                        "v": "a",
                        "id": "P332849.6.1.1",
                        "break": "damaged",
                        "hc": "1"
                      }
                    ]
                  }
                },
                {
                  "node": "d",
                  "type": "line-start",
                  "ref": "P332849.7",
                  "n": "4",
                  "label": "r? i 4"
                },
                {
                  "node": "l",
                  "frag": "⸢a-a-a⸣",
                  "id": "P332849.l18591",
                  "ref": "P332849.7.1",
                  "inst": "%sux:a-a-a=",
                  "f": {
                    "lang": "sux",
                    "form": "a-a-a",
                    "gdl": [
                      {
                        "v": "a",
                        "id": "P332849.7.1.0",
                        "break": "damaged",
                        "ho": "1",
                        "delim": "-"
                      },
                      {
                        "v": "a",
                        "id": "P332849.7.1.1",
                        "break": "damaged",
                        "delim": "-"
                      },
                      {
                        "v": "a",
                        "id": "P332849.7.1.2",
                        "break": "damaged",
                        "hc": "1"
                      }
                    ]
                  }
                },
                {
                  "node": "d",
                  "type": "nonx",
                  "ref": "P332849.8",
                  "strict": "1",
                  "extent": "rest",
                  "scope": "column",
                  "state": "missing"
                },
                {
                  "node": "d",
                  "subtype": "column 2r?",
                  "type": "column",
                  "ref": "P332849.r_.ii.9",
                  "n": "2",
                  "label": "r? ii"
                },
                {
                  "node": "d",
                  "type": "line-start",
                  "ref": "P332849.10",
                  "n": "1",
                  "label": "r? ii 1"
                },
                {
                  "node": "l",
                  "frag": "me-me",
                  "id": "P332849.l18592",
                  "ref": "P332849.10.1",
                  "inst": "%sux:me-me=",
                  "f": {
                    "lang": "sux",
                    "form": "me-me",
                    "gdl": [
                      {
                        "v": "me",
                        "id": "P332849.10.1.0",
                        "delim": "-"
                      },
                      {
                        "v": "me",
                        "id": "P332849.10.1.1"
                      }
                    ]
                  }
                },
                {
                  "node": "d",
                  "type": "line-start",
                  "ref": "P332849.11",
                  "n": "2",
                  "label": "r? ii 2"
                },
                {
                  "node": "l",
                  "frag": "pap-pap",
                  "id": "P332849.l18593",
                  "ref": "P332849.11.1",
                  "inst": "%sux:pap-pap=",
                  "f": {
                    "lang": "sux",
                    "form": "pap-pap",
                    "gdl": [
                      {
                        "v": "pap",
                        "id": "P332849.11.1.0",
                        "delim": "-"
                      },
                      {
                        "v": "pap",
                        "id": "P332849.11.1.1"
                      }
                    ]
                  }
                },
                {
                  "node": "d",
                  "type": "line-start",
                  "ref": "P332849.12",
                  "n": "3",
                  "label": "r? ii 3"
                },
                {
                  "node": "l",
                  "frag": "a-[a]",
                  "id": "P332849.l18594",
                  "ref": "P332849.12.1",
                  "inst": "%sux:a-a=",
                  "f": {
                    "lang": "sux",
                    "form": "a-a",
                    "gdl": [
                      {
                        "v": "a",
                        "id": "P332849.12.1.0",
                        "delim": "-"
                      },
                      {
                        "v": "a",
                        "id": "P332849.12.1.1",
                        "breakStart": "1",
                        "o": "]",
                        "break": "missing",
                        "breakEnd": "P332849.12.1.1"
                      }
                    ]
                  }
                },
                {
                  "node": "d",
                  "type": "line-start",
                  "ref": "P332849.13",
                  "n": "4",
                  "label": "r? ii 4"
                },
                {
                  "node": "l",
                  "frag": "a-a-[a]",
                  "id": "P332849.l18595",
                  "ref": "P332849.13.1",
                  "inst": "%sux:a-a-a=",
                  "f": {
                    "lang": "sux",
                    "form": "a-a-a",
                    "gdl": [
                      {
                        "v": "a",
                        "id": "P332849.13.1.0",
                        "delim": "-"
                      },
                      {
                        "v": "a",
                        "id": "P332849.13.1.1",
                        "delim": "-"
                      },
                      {
                        "v": "a",
                        "id": "P332849.13.1.2",
                        "breakStart": "1",
                        "o": "]",
                        "break": "missing",
                        "breakEnd": "P332849.13.1.2"
                      }
                    ]
                  }
                },
                {
                  "node": "d",
                  "type": "line-start",
                  "ref": "P332849.14",
                  "n": "5",
                  "label": "r? ii 5"
                },
                {
                  "node": "l",
                  "frag": "⸢ku⸣-[ku]",
                  "id": "P332849.l18596",
                  "ref": "P332849.14.1",
                  "inst": "%sux:ku-ku=",
                  "f": {
                    "lang": "sux",
                    "form": "ku-ku",
                    "gdl": [
                      {
                        "v": "ku",
                        "id": "P332849.14.1.0",
                        "break": "damaged",
                        "ho": "1",
                        "delim": "-",
                        "hc": "1"
                      },
                      {
                        "v": "ku",
                        "id": "P332849.14.1.1",
                        "breakStart": "1",
                        "o": "]",
                        "break": "missing",
                        "breakEnd": "P332849.14.1.1"
                      }
                    ]
                  }
                },
                {
                  "node": "d",
                  "type": "line-start",
                  "ref": "P332849.15",
                  "n": "6",
                  "label": "r? ii 6"
                },
                {
                  "node": "l",
                  "frag": "⸢lu⸣-[lu]",
                  "id": "P332849.l18597",
                  "ref": "P332849.15.1",
                  "inst": "%sux:lu-lu=",
                  "f": {
                    "lang": "sux",
                    "form": "lu-lu",
                    "gdl": [
                      {
                        "v": "lu",
                        "id": "P332849.15.1.0",
                        "break": "damaged",
                        "ho": "1",
                        "delim": "-",
                        "hc": "1"
                      },
                      {
                        "v": "lu",
                        "id": "P332849.15.1.1",
                        "breakStart": "1",
                        "o": "]",
                        "break": "missing",
                        "breakEnd": "P332849.15.1.1"
                      }
                    ]
                  }
                },
                {
                  "node": "d",
                  "type": "nonx",
                  "ref": "P332849.16",
                  "strict": "1",
                  "extent": "rest",
                  "scope": "column",
                  "state": "missing"
                }
              ]
            }
          ]
        }
      ]
    }
  ]
}
