{
  "type": "cdl",
  "project": "dcclt",
  "source": "http://oracc.org/dcclt",
  "license": "This data is released under the CC0 license",
  "license-url": "https://creativecommons.org/publicdomain/zero/1.0/",
  "more-info": "http://oracc.org/doc/opendata/",
  "UTC-timestamp": "2018-02-26T12:54:54",
  "textid": "P333147",
  "cdl": [
    {
      "node": "c",
      "type": "text",
      "id": "P333147.U0",
      "cdl": [
        {
          "node": "d",
          "subtype": "tablet",
          "type": "tablet",
          "ref": "P333147.x237.1",
          "label": "x237"
        },
        {
          "node": "d",
          "type": "surface",
          "ref": ""
        },
        {
          "node": "d",
          "type": "nonx",
          "ref": "P333147.2",
          "strict": "0",
          "extent": "beginning",
          "state": "missing"
        },
        {
          "node": "c",
          "type": "discourse",
          "subtype": "body",
          "id": "P333147.U1",
          "cdl": [
            {
              "node": "c",
              "type": "sentence",
              "implicit": "yes",
              "id": "P333147.U2",
              "label": "1' - 4'",
              "cdl": [
                {
                  "node": "d",
                  "type": "line-start",
                  "ref": "P333147.3",
                  "n": "1'",
                  "label": "1'"
                },
                {
                  "node": "d",
                  "type": "cell-start"
                },
                {
                  "node": "d",
                  "type": "field-start",
                  "subtype": "sv"
                },
                {
                  "node": "d",
                  "type": "field-end",
                  "subtype": "sv"
                },
                {
                  "node": "d",
                  "type": "cell-end"
                },
                {
                  "node": "d",
                  "type": "cell-start"
                },
                {
                  "node": "d",
                  "type": "field-start",
                  "subtype": "pr"
                },
                {
                  "node": "l",
                  "frag": "[ha]-⸢ar⸣",
                  "id": "P333147.l0e789",
                  "ref": "P333147.3.1",
                  "inst": "%sux:ha-ar=",
                  "f": {
                    "lang": "sux",
                    "form": "ha-ar",
                    "gdl": [
                      {
                        "v": "ha",
                        "id": "P333147.3.1.0",
                        "breakStart": "1",
                        "o": "]",
                        "break": "missing",
                        "breakEnd": "P333147.3.1.0",
                        "delim": "-"
                      },
                      {
                        "v": "ar",
                        "id": "P333147.3.1.1",
                        "break": "damaged",
                        "ho": "1",
                        "hc": "1"
                      }
                    ]
                  }
                },
                {
                  "node": "d",
                  "type": "field-end",
                  "subtype": "pr"
                },
                {
                  "node": "d",
                  "type": "cell-end"
                },
                {
                  "node": "d",
                  "type": "cell-start"
                },
                {
                  "node": "d",
                  "type": "field-start",
                  "subtype": "sg"
                },
                {
                  "node": "l",
                  "frag": "|HI×NUN|",
                  "id": "P333147.l0e78a",
                  "ref": "P333147.3.2",
                  "inst": "%sux:|HI×NUN|=",
                  "f": {
                    "lang": "sux",
                    "form": "|HI×NUN|",
                    "gdl": [
                      {
                        "c": "|HI×NUN|",
                        "id": "P333147.3.2.0",
                        "breakStart": "1",
                        "o": "]",
                        "break": "missing",
                        "breakEnd": "P333147.3.2.0",
                        "seq": [
                          {
                            "s": "HI"
                          },
                          {
                            "o": "containing"
                          },
                          {
                            "s": "NUN"
                          }
                        ]
                      }
                    ]
                  }
                },
                {
                  "node": "d",
                  "type": "field-end",
                  "subtype": "sg"
                },
                {
                  "node": "d",
                  "type": "cell-end"
                },
                {
                  "node": "d",
                  "type": "cell-start"
                },
                {
                  "node": "d",
                  "type": "field-start",
                  "subtype": "eq"
                },
                {
                  "node": "l",
                  "frag": "[...]",
                  "id": "P333147.l0e78b",
                  "ref": "P333147.3.3",
                  "inst": "u",
                  "f": {
                    "lang": "akk-x-oldbab",
                    "form": "x",
                    "gdl": [
                      {
                        "x": "ellipsis",
                        "id": "P333147.3.3.0",
                        "breakStart": "1",
                        "break": "missing",
                        "o": "]",
                        "breakEnd": "P333147.3.3.0"
                      }
                    ],
                    "pos": "u"
                  }
                },
                {
                  "node": "d",
                  "type": "field-end",
                  "subtype": "eq"
                },
                {
                  "node": "d",
                  "type": "cell-end"
                },
                {
                  "node": "d",
                  "type": "line-start",
                  "ref": "P333147.4",
                  "n": "2'",
                  "label": "2'"
                },
                {
                  "node": "d",
                  "type": "cell-start"
                },
                {
                  "node": "d",
                  "type": "field-start",
                  "subtype": "sv"
                },
                {
                  "node": "d",
                  "type": "field-end",
                  "subtype": "sv"
                },
                {
                  "node": "d",
                  "type": "cell-end"
                },
                {
                  "node": "d",
                  "type": "cell-start"
                },
                {
                  "node": "d",
                  "type": "field-start",
                  "subtype": "pr"
                },
                {
                  "node": "l",
                  "frag": "<([ha]-ar)>",
                  "id": "P333147.l0e78c",
                  "ref": "P333147.4.1",
                  "inst": "%sux:ha-ar=",
                  "f": {
                    "lang": "sux",
                    "form": "ha-ar",
                    "gdl": [
                      {
                        "v": "ha",
                        "id": "P333147.4.1.0",
                        "breakStart": "1",
                        "statusStart": "1",
                        "o": "]",
                        "break": "missing",
                        "breakEnd": "P333147.4.1.0",
                        "delim": "-"
                      },
                      {
                        "v": "ar",
                        "id": "P333147.4.1.1",
                        "o": ")>",
                        "statusStart": "P333147.4.1.0"
                      }
                    ]
                  }
                },
                {
                  "node": "d",
                  "type": "field-end",
                  "subtype": "pr"
                },
                {
                  "node": "d",
                  "type": "cell-end"
                },
                {
                  "node": "d",
                  "type": "cell-start"
                },
                {
                  "node": "d",
                  "type": "field-start",
                  "subtype": "sg"
                },
                {
                  "node": "l",
                  "frag": "|HI×NUN|",
                  "id": "P333147.l0e78d",
                  "ref": "P333147.4.2",
                  "inst": "%sux:|HI×NUN|=",
                  "f": {
                    "lang": "sux",
                    "form": "|HI×NUN|",
                    "gdl": [
                      {
                        "c": "|HI×NUN|",
                        "id": "P333147.4.2.0",
                        "seq": [
                          {
                            "s": "HI",
                            "break": "damaged"
                          },
                          {
                            "o": "containing"
                          },
                          {
                            "s": "NUN"
                          }
                        ]
                      }
                    ]
                  }
                },
                {
                  "node": "d",
                  "type": "field-end",
                  "subtype": "sg"
                },
                {
                  "node": "d",
                  "type": "cell-end"
                },
                {
                  "node": "d",
                  "type": "cell-start"
                },
                {
                  "node": "d",
                  "type": "field-start",
                  "subtype": "eq"
                },
                {
                  "node": "l",
                  "frag": "[...]",
                  "id": "P333147.l0e78e",
                  "ref": "P333147.4.3",
                  "inst": "u",
                  "f": {
                    "lang": "akk-x-oldbab",
                    "form": "x",
                    "gdl": [
                      {
                        "x": "ellipsis",
                        "id": "P333147.4.3.0",
                        "breakStart": "1",
                        "break": "missing",
                        "o": "]",
                        "breakEnd": "P333147.4.3.0"
                      }
                    ],
                    "pos": "u"
                  }
                },
                {
                  "node": "d",
                  "type": "field-end",
                  "subtype": "eq"
                },
                {
                  "node": "d",
                  "type": "cell-end"
                },
                {
                  "node": "d",
                  "type": "line-start",
                  "ref": "P333147.5",
                  "n": "3'",
                  "label": "3'"
                },
                {
                  "node": "d",
                  "type": "cell-start"
                },
                {
                  "node": "d",
                  "type": "field-start",
                  "subtype": "sv"
                },
                {
                  "node": "d",
                  "type": "field-end",
                  "subtype": "sv"
                },
                {
                  "node": "d",
                  "type": "cell-end"
                },
                {
                  "node": "d",
                  "type": "cell-start"
                },
                {
                  "node": "d",
                  "type": "field-start",
                  "subtype": "pr"
                },
                {
                  "node": "l",
                  "frag": "⸢x⸣-ri-qu-um",
                  "id": "P333147.l0e78f",
                  "ref": "P333147.5.1",
                  "inst": "%sux:x-ri-qu-um=",
                  "f": {
                    "lang": "sux",
                    "form": "x-ri-qu-um",
                    "gdl": [
                      {
                        "v": "x",
                        "id": "P333147.5.1.0",
                        "break": "damaged",
                        "ho": "1",
                        "delim": "-",
                        "hc": "1"
                      },
                      {
                        "v": "ri",
                        "id": "P333147.5.1.1",
                        "delim": "-"
                      },
                      {
                        "v": "qu",
                        "id": "P333147.5.1.2",
                        "queried": "1",
                        "delim": "-"
                      },
                      {
                        "v": "um",
                        "id": "P333147.5.1.3",
                        "queried": "1"
                      }
                    ]
                  }
                },
                {
                  "node": "d",
                  "type": "field-end",
                  "subtype": "pr"
                },
                {
                  "node": "d",
                  "type": "cell-end"
                },
                {
                  "node": "d",
                  "type": "cell-start"
                },
                {
                  "node": "d",
                  "type": "field-start",
                  "subtype": "sg"
                },
                {
                  "node": "l",
                  "frag": "|HI×ŠE|",
                  "id": "P333147.l0e790",
                  "ref": "P333147.5.2",
                  "inst": "%sux:|HI×ŠE|=",
                  "f": {
                    "lang": "sux",
                    "form": "|HI×ŠE|",
                    "gdl": [
                      {
                        "c": "|HI×ŠE|",
                        "id": "P333147.5.2.0",
                        "seq": [
                          {
                            "s": "HI"
                          },
                          {
                            "o": "containing"
                          },
                          {
                            "s": "ŠE",
                            "queried": "1"
                          }
                        ]
                      }
                    ]
                  }
                },
                {
                  "node": "d",
                  "type": "field-end",
                  "subtype": "sg"
                },
                {
                  "node": "d",
                  "type": "cell-end"
                },
                {
                  "node": "d",
                  "type": "cell-start"
                },
                {
                  "node": "d",
                  "type": "field-start",
                  "subtype": "eq"
                },
                {
                  "node": "l",
                  "frag": "na-⸢x⸣-[x]",
                  "id": "P333147.l0e791",
                  "ref": "P333147.5.3",
                  "inst": "u",
                  "f": {
                    "lang": "akk-x-oldbab",
                    "form": "na-x-x",
                    "gdl": [
                      {
                        "v": "na",
                        "id": "P333147.5.3.0",
                        "delim": "-"
                      },
                      {
                        "v": "x",
                        "id": "P333147.5.3.1",
                        "break": "damaged",
                        "ho": "1",
                        "delim": "-",
                        "hc": "1"
                      },
                      {
                        "v": "x",
                        "id": "P333147.5.3.2",
                        "breakStart": "1",
                        "o": "]",
                        "break": "missing",
                        "breakEnd": "P333147.5.3.2"
                      }
                    ],
                    "pos": "u"
                  }
                },
                {
                  "node": "d",
                  "type": "field-end",
                  "subtype": "eq"
                },
                {
                  "node": "d",
                  "type": "cell-end"
                },
                {
                  "node": "d",
                  "type": "line-start",
                  "ref": "P333147.6",
                  "n": "4'",
                  "label": "4'"
                },
                {
                  "node": "d",
                  "type": "cell-start"
                },
                {
                  "node": "d",
                  "type": "field-start",
                  "subtype": "sv"
                },
                {
                  "node": "l",
                  "frag": "umunₓ(|HI×ŠE|)",
                  "id": "P333147.l0e792",
                  "ref": "P333147.6.1",
                  "inst": "uman[insect]",
                  "sig": "@dcclt%sux:umunₓ(|HI×ŠE|)=uman[insect//insect(s), bug(s)]N'N$uman/umunₓ(|HI×ŠE|)#~",
                  "f": {
                    "lang": "sux",
                    "form": "umunₓ(|HI×ŠE|)",
                    "gdl": [
                      {
                        "q": "umunₓ(|HI×ŠE|)",
                        "id": "P333147.6.1.0",
                        "qualified": [
                          {
                            "v": "umunₓ"
                          },
                          {
                            "c": "|HI×ŠE|",
                            "seq": [
                              {
                                "s": "HI"
                              },
                              {
                                "o": "containing"
                              },
                              {
                                "s": "ŠE"
                              }
                            ]
                          }
                        ]
                      }
                    ],
                    "cf": "uman",
                    "gw": "insect",
                    "sense": "insect(s), bug(s)",
                    "norm0": "uman",
                    "pos": "N",
                    "epos": "N",
                    "base": "umunₓ(|HI×ŠE|)",
                    "morph": "~"
                  }
                },
                {
                  "node": "d",
                  "type": "field-end",
                  "subtype": "sv"
                },
                {
                  "node": "d",
                  "type": "cell-end"
                },
                {
                  "node": "d",
                  "type": "cell-start"
                },
                {
                  "node": "d",
                  "type": "field-start",
                  "subtype": "pr"
                },
                {
                  "node": "l",
                  "frag": "u₂-mu-un",
                  "id": "P333147.l0e793",
                  "ref": "P333147.6.2",
                  "inst": "%sux:u₂-mu-un=",
                  "f": {
                    "lang": "sux",
                    "form": "u₂-mu-un",
                    "gdl": [
                      {
                        "v": "u₂",
                        "id": "P333147.6.2.0",
                        "delim": "-"
                      },
                      {
                        "v": "mu",
                        "id": "P333147.6.2.1",
                        "delim": "-"
                      },
                      {
                        "v": "un",
                        "id": "P333147.6.2.2"
                      }
                    ]
                  }
                },
                {
                  "node": "d",
                  "type": "field-end",
                  "subtype": "pr"
                },
                {
                  "node": "d",
                  "type": "cell-end"
                },
                {
                  "node": "d",
                  "type": "cell-start"
                },
                {
                  "node": "d",
                  "type": "field-start",
                  "subtype": "sg"
                },
                {
                  "node": "l",
                  "frag": "|HI×ŠE|",
                  "id": "P333147.l0e794",
                  "ref": "P333147.6.3",
                  "inst": "%sux:|HI×ŠE|=",
                  "f": {
                    "lang": "sux",
                    "form": "|HI×ŠE|",
                    "gdl": [
                      {
                        "c": "|HI×ŠE|",
                        "id": "P333147.6.3.0",
                        "seq": [
                          {
                            "s": "HI"
                          },
                          {
                            "o": "containing"
                          },
                          {
                            "s": "ŠE"
                          }
                        ]
                      }
                    ]
                  }
                },
                {
                  "node": "d",
                  "type": "field-end",
                  "subtype": "sg"
                },
                {
                  "node": "d",
                  "type": "cell-end"
                },
                {
                  "node": "d",
                  "type": "cell-start"
                },
                {
                  "node": "d",
                  "type": "field-start",
                  "subtype": "eq"
                },
                {
                  "node": "l",
                  "frag": "ka-⸢al⸣-[ma]-⸢tum⸣",
                  "id": "P333147.l0e795",
                  "ref": "P333147.6.4",
                  "inst": "kalmatum[insect(s)]N",
                  "sig": "@dcclt%akk-x-oldbab:ka-al-ma-tum=kalmatu[insect(s)//insect(s)]N'N$kalmatum",
                  "f": {
                    "lang": "akk-x-oldbab",
                    "form": "ka-al-ma-tum",
                    "gdl": [
                      {
                        "v": "ka",
                        "id": "P333147.6.4.0",
                        "delim": "-"
                      },
                      {
                        "v": "al",
                        "id": "P333147.6.4.1",
                        "break": "damaged",
                        "ho": "1",
                        "delim": "-",
                        "hc": "1"
                      },
                      {
                        "v": "ma",
                        "id": "P333147.6.4.2",
                        "breakStart": "1",
                        "o": "]",
                        "break": "missing",
                        "breakEnd": "P333147.6.4.2",
                        "delim": "-"
                      },
                      {
                        "v": "tum",
                        "id": "P333147.6.4.3",
                        "break": "damaged",
                        "ho": "1",
                        "hc": "1"
                      }
                    ],
                    "cf": "kalmatu",
                    "gw": "insect(s)",
                    "sense": "insect(s)",
                    "norm": "kalmatum",
                    "pos": "N",
                    "epos": "N"
                  }
                },
                {
                  "node": "d",
                  "type": "field-end",
                  "subtype": "eq"
                },
                {
                  "node": "d",
                  "type": "cell-end"
                },
                {
                  "node": "d",
                  "type": "nonx",
                  "ref": "P333147.7",
                  "strict": "0",
                  "extent": "0",
                  "scope": "fragment",
                  "state": "other"
                }
              ]
            }
          ]
        }
      ]
    }
  ]
}
