{
  "type": "cdl",
  "project": "dcclt",
  "source": "http://oracc.org/dcclt",
  "license": "This data is released under the CC0 license",
  "license-url": "https://creativecommons.org/publicdomain/zero/1.0/",
  "more-info": "http://oracc.org/doc/opendata/",
  "UTC-timestamp": "2018-02-26T12:56:13",
  "textid": "P370391",
  "cdl": [
    {
      "node": "c",
      "type": "text",
      "id": "P370391.U0",
      "cdl": [
        {
          "node": "d",
          "subtype": "tablet",
          "type": "tablet",
          "ref": "P370391.x2113.1",
          "label": "x2113"
        },
        {
          "node": "d",
          "subtype": "reverse",
          "type": "reverse",
          "ref": "P370391.r.2",
          "label": "r"
        },
        {
          "node": "d",
          "subtype": "column 1r",
          "type": "column",
          "ref": "P370391.r.i.3",
          "n": "1",
          "label": "r i"
        },
        {
          "node": "c",
          "type": "discourse",
          "subtype": "body",
          "id": "P370391.U1",
          "cdl": [
            {
              "node": "c",
              "type": "sentence",
              "implicit": "yes",
              "id": "P370391.U2",
              "label": "r i 1 - r i 12",
              "cdl": [
                {
                  "node": "d",
                  "type": "line-start",
                  "ref": "P370391.4",
                  "n": "1",
                  "label": "r i 1"
                },
                {
                  "node": "d",
                  "type": "cell-start"
                },
                {
                  "node": "d",
                  "type": "field-start",
                  "subtype": "wp"
                },
                {
                  "node": "l",
                  "frag": "{[na₄}x]-saŋ",
                  "id": "P370391.l51383",
                  "ref": "P370391.4.1",
                  "inst": "%sux:{na₄}x-saŋ=",
                  "f": {
                    "lang": "sux",
                    "form": "{na₄}x-saŋ",
                    "gdl": [
                      {
                        "det": "semantic",
                        "pos": "pre",
                        "seq": [
                          {
                            "v": "na₄",
                            "id": "P370391.4.1.0",
                            "breakStart": "1",
                            "o": "[",
                            "break": "missing"
                          }
                        ]
                      },
                      {
                        "v": "x",
                        "id": "P370391.4.1.1",
                        "break": "missing",
                        "o": "]",
                        "breakEnd": "P370391.4.1.0",
                        "delim": "-"
                      },
                      {
                        "v": "saŋ",
                        "id": "P370391.4.1.2"
                      }
                    ]
                  }
                },
                {
                  "node": "d",
                  "type": "field-end",
                  "subtype": "wp"
                },
                {
                  "node": "d",
                  "type": "cell-end"
                },
                {
                  "node": "d",
                  "type": "cell-start"
                },
                {
                  "node": "d",
                  "type": "field-start",
                  "subtype": "eq"
                },
                {
                  "node": "l",
                  "frag": "[...]",
                  "id": "P370391.l51384",
                  "ref": "P370391.4.2",
                  "inst": "%akk:x=",
                  "f": {
                    "lang": "akk",
                    "form": "x",
                    "gdl": [
                      {
                        "x": "ellipsis",
                        "id": "P370391.4.2.0",
                        "breakStart": "1",
                        "break": "missing",
                        "o": "]",
                        "breakEnd": "P370391.4.2.0"
                      }
                    ]
                  }
                },
                {
                  "node": "d",
                  "type": "field-end",
                  "subtype": "eq"
                },
                {
                  "node": "d",
                  "type": "cell-end"
                },
                {
                  "node": "d",
                  "type": "line-start",
                  "ref": "P370391.5",
                  "n": "2",
                  "label": "r i 2"
                },
                {
                  "node": "d",
                  "type": "cell-start"
                },
                {
                  "node": "d",
                  "type": "field-start",
                  "subtype": "wp"
                },
                {
                  "node": "l",
                  "frag": "{⸢na₄⸣}saŋ-⸢ta⸣-sur-[ra]",
                  "id": "P370391.l51385",
                  "ref": "P370391.5.1",
                  "inst": "%sux:{na₄}saŋ-ta-sur-ra=",
                  "f": {
                    "lang": "sux",
                    "form": "{na₄}saŋ-ta-sur-ra",
                    "gdl": [
                      {
                        "det": "semantic",
                        "pos": "pre",
                        "seq": [
                          {
                            "v": "na₄",
                            "id": "P370391.5.1.0",
                            "break": "damaged",
                            "ho": "1",
                            "hc": "1"
                          }
                        ]
                      },
                      {
                        "v": "saŋ",
                        "id": "P370391.5.1.1",
                        "delim": "-"
                      },
                      {
                        "v": "ta",
                        "id": "P370391.5.1.2",
                        "break": "damaged",
                        "ho": "1",
                        "delim": "-",
                        "hc": "1"
                      },
                      {
                        "v": "sur",
                        "id": "P370391.5.1.3",
                        "delim": "-"
                      },
                      {
                        "v": "ra",
                        "id": "P370391.5.1.4",
                        "breakStart": "1",
                        "o": "]",
                        "break": "missing",
                        "breakEnd": "P370391.5.1.4"
                      }
                    ]
                  }
                },
                {
                  "node": "d",
                  "type": "field-end",
                  "subtype": "wp"
                },
                {
                  "node": "d",
                  "type": "cell-end"
                },
                {
                  "node": "d",
                  "type": "cell-start"
                },
                {
                  "node": "d",
                  "type": "field-start",
                  "subtype": "eq"
                },
                {
                  "node": "l",
                  "frag": "[...]",
                  "id": "P370391.l51386",
                  "ref": "P370391.5.2",
                  "inst": "%akk:x=",
                  "f": {
                    "lang": "akk",
                    "form": "x",
                    "gdl": [
                      {
                        "x": "ellipsis",
                        "id": "P370391.5.2.0",
                        "breakStart": "1",
                        "break": "missing",
                        "o": "]",
                        "breakEnd": "P370391.5.2.0"
                      }
                    ]
                  }
                },
                {
                  "node": "d",
                  "type": "field-end",
                  "subtype": "eq"
                },
                {
                  "node": "d",
                  "type": "cell-end"
                },
                {
                  "node": "d",
                  "type": "line-start",
                  "ref": "P370391.6",
                  "n": "3",
                  "label": "r i 3"
                },
                {
                  "node": "d",
                  "type": "cell-start"
                },
                {
                  "node": "d",
                  "type": "field-start",
                  "subtype": "wp"
                },
                {
                  "node": "l",
                  "frag": "{na₄}an-ta-sur-⸢ra⸣",
                  "id": "P370391.l51387",
                  "ref": "P370391.6.1",
                  "inst": "%sux:{na₄}an-ta-sur-ra=",
                  "f": {
                    "lang": "sux",
                    "form": "{na₄}an-ta-sur-ra",
                    "gdl": [
                      {
                        "det": "semantic",
                        "pos": "pre",
                        "seq": [
                          {
                            "v": "na₄",
                            "id": "P370391.6.1.0"
                          }
                        ]
                      },
                      {
                        "v": "an",
                        "id": "P370391.6.1.1",
                        "delim": "-"
                      },
                      {
                        "v": "ta",
                        "id": "P370391.6.1.2",
                        "delim": "-"
                      },
                      {
                        "v": "sur",
                        "id": "P370391.6.1.3",
                        "delim": "-"
                      },
                      {
                        "v": "ra",
                        "id": "P370391.6.1.4",
                        "break": "damaged",
                        "ho": "1",
                        "hc": "1"
                      }
                    ]
                  }
                },
                {
                  "node": "d",
                  "type": "field-end",
                  "subtype": "wp"
                },
                {
                  "node": "d",
                  "type": "cell-end"
                },
                {
                  "node": "d",
                  "type": "cell-start"
                },
                {
                  "node": "d",
                  "type": "field-start",
                  "subtype": "eq"
                },
                {
                  "node": "l",
                  "frag": "[...]",
                  "id": "P370391.l51388",
                  "ref": "P370391.6.2",
                  "inst": "%akk:x=",
                  "f": {
                    "lang": "akk",
                    "form": "x",
                    "gdl": [
                      {
                        "x": "ellipsis",
                        "id": "P370391.6.2.0",
                        "breakStart": "1",
                        "break": "missing",
                        "o": "]",
                        "breakEnd": "P370391.6.2.0"
                      }
                    ]
                  }
                },
                {
                  "node": "d",
                  "type": "field-end",
                  "subtype": "eq"
                },
                {
                  "node": "d",
                  "type": "cell-end"
                },
                {
                  "node": "d",
                  "type": "line-start",
                  "ref": "P370391.7",
                  "n": "4",
                  "label": "r i 4"
                },
                {
                  "node": "d",
                  "type": "cell-start"
                },
                {
                  "node": "d",
                  "type": "field-start",
                  "subtype": "wp"
                },
                {
                  "node": "l",
                  "frag": "{na₄}an-ta-[sur-ra]",
                  "id": "P370391.l51389",
                  "ref": "P370391.7.1",
                  "inst": "%sux:{na₄}an-ta-sur-ra=",
                  "f": {
                    "lang": "sux",
                    "form": "{na₄}an-ta-sur-ra",
                    "gdl": [
                      {
                        "det": "semantic",
                        "pos": "pre",
                        "seq": [
                          {
                            "v": "na₄",
                            "id": "P370391.7.1.0"
                          }
                        ]
                      },
                      {
                        "v": "an",
                        "id": "P370391.7.1.1",
                        "delim": "-"
                      },
                      {
                        "v": "ta",
                        "id": "P370391.7.1.2",
                        "delim": "-"
                      },
                      {
                        "v": "sur",
                        "id": "P370391.7.1.3",
                        "breakStart": "1",
                        "o": "[",
                        "break": "missing",
                        "delim": "-"
                      },
                      {
                        "v": "ra",
                        "id": "P370391.7.1.4",
                        "break": "missing",
                        "o": "]",
                        "breakEnd": "P370391.7.1.3"
                      }
                    ]
                  }
                },
                {
                  "node": "d",
                  "type": "field-end",
                  "subtype": "wp"
                },
                {
                  "node": "d",
                  "type": "cell-end"
                },
                {
                  "node": "d",
                  "type": "cell-start"
                },
                {
                  "node": "d",
                  "type": "field-start",
                  "subtype": "eq"
                },
                {
                  "node": "l",
                  "frag": "[...]",
                  "id": "P370391.l5138a",
                  "ref": "P370391.7.2",
                  "inst": "%akk:x=",
                  "f": {
                    "lang": "akk",
                    "form": "x",
                    "gdl": [
                      {
                        "x": "ellipsis",
                        "id": "P370391.7.2.0",
                        "breakStart": "1",
                        "break": "missing",
                        "o": "]",
                        "breakEnd": "P370391.7.2.0"
                      }
                    ]
                  }
                },
                {
                  "node": "d",
                  "type": "field-end",
                  "subtype": "eq"
                },
                {
                  "node": "d",
                  "type": "cell-end"
                },
                {
                  "node": "d",
                  "type": "line-start",
                  "ref": "P370391.8",
                  "n": "5",
                  "label": "r i 5"
                },
                {
                  "node": "d",
                  "type": "cell-start"
                },
                {
                  "node": "d",
                  "type": "field-start",
                  "subtype": "wp"
                },
                {
                  "node": "l",
                  "frag": "{na₄}ab-na-nu",
                  "id": "P370391.l5138b",
                  "ref": "P370391.8.1",
                  "inst": "%sux:{na₄}ab-na-nu=",
                  "f": {
                    "lang": "sux",
                    "form": "{na₄}ab-na-nu",
                    "gdl": [
                      {
                        "det": "semantic",
                        "pos": "pre",
                        "seq": [
                          {
                            "v": "na₄",
                            "id": "P370391.8.1.0"
                          }
                        ]
                      },
                      {
                        "v": "ab",
                        "id": "P370391.8.1.1",
                        "delim": "-"
                      },
                      {
                        "v": "na",
                        "id": "P370391.8.1.2",
                        "delim": "-"
                      },
                      {
                        "v": "nu",
                        "id": "P370391.8.1.3"
                      }
                    ]
                  }
                },
                {
                  "node": "d",
                  "type": "field-end",
                  "subtype": "wp"
                },
                {
                  "node": "d",
                  "type": "cell-end"
                },
                {
                  "node": "d",
                  "type": "cell-start"
                },
                {
                  "node": "d",
                  "type": "field-start",
                  "subtype": "eq"
                },
                {
                  "node": "l",
                  "frag": "[...]",
                  "id": "P370391.l5138c",
                  "ref": "P370391.8.2",
                  "inst": "%akk:x=",
                  "f": {
                    "lang": "akk",
                    "form": "x",
                    "gdl": [
                      {
                        "x": "ellipsis",
                        "id": "P370391.8.2.0",
                        "breakStart": "1",
                        "break": "missing",
                        "o": "]",
                        "breakEnd": "P370391.8.2.0"
                      }
                    ]
                  }
                },
                {
                  "node": "d",
                  "type": "field-end",
                  "subtype": "eq"
                },
                {
                  "node": "d",
                  "type": "cell-end"
                },
                {
                  "node": "d",
                  "type": "line-start",
                  "ref": "P370391.9",
                  "n": "6",
                  "label": "r i 6"
                },
                {
                  "node": "d",
                  "type": "cell-start"
                },
                {
                  "node": "d",
                  "type": "field-start",
                  "subtype": "wp"
                },
                {
                  "node": "l",
                  "frag": "{na₄}saŋ-du",
                  "id": "P370391.l5138d",
                  "ref": "P370391.9.1",
                  "inst": "%sux:{na₄}saŋ-du=",
                  "f": {
                    "lang": "sux",
                    "form": "{na₄}saŋ-du",
                    "gdl": [
                      {
                        "det": "semantic",
                        "pos": "pre",
                        "seq": [
                          {
                            "v": "na₄",
                            "id": "P370391.9.1.0"
                          }
                        ]
                      },
                      {
                        "v": "saŋ",
                        "id": "P370391.9.1.1",
                        "delim": "-"
                      },
                      {
                        "v": "du",
                        "id": "P370391.9.1.2"
                      }
                    ]
                  }
                },
                {
                  "node": "d",
                  "type": "field-end",
                  "subtype": "wp"
                },
                {
                  "node": "d",
                  "type": "cell-end"
                },
                {
                  "node": "d",
                  "type": "cell-start"
                },
                {
                  "node": "d",
                  "type": "field-start",
                  "subtype": "eq"
                },
                {
                  "node": "l",
                  "frag": "[...]",
                  "id": "P370391.l5138e",
                  "ref": "P370391.9.2",
                  "inst": "%akk:x=",
                  "f": {
                    "lang": "akk",
                    "form": "x",
                    "gdl": [
                      {
                        "x": "ellipsis",
                        "id": "P370391.9.2.0",
                        "breakStart": "1",
                        "break": "missing",
                        "o": "]",
                        "breakEnd": "P370391.9.2.0"
                      }
                    ]
                  }
                },
                {
                  "node": "d",
                  "type": "field-end",
                  "subtype": "eq"
                },
                {
                  "node": "d",
                  "type": "cell-end"
                },
                {
                  "node": "d",
                  "type": "line-start",
                  "ref": "P370391.10",
                  "n": "7",
                  "label": "r i 7"
                },
                {
                  "node": "d",
                  "type": "cell-start"
                },
                {
                  "node": "d",
                  "type": "field-start",
                  "subtype": "wp"
                },
                {
                  "node": "l",
                  "frag": "{na₄}saŋ-⸢x⸣-[x]",
                  "id": "P370391.l5138f",
                  "ref": "P370391.10.1",
                  "inst": "%sux:{na₄}saŋ-x-x=",
                  "f": {
                    "lang": "sux",
                    "form": "{na₄}saŋ-x-x",
                    "gdl": [
                      {
                        "det": "semantic",
                        "pos": "pre",
                        "seq": [
                          {
                            "v": "na₄",
                            "id": "P370391.10.1.0"
                          }
                        ]
                      },
                      {
                        "v": "saŋ",
                        "id": "P370391.10.1.1",
                        "delim": "-"
                      },
                      {
                        "v": "x",
                        "id": "P370391.10.1.2",
                        "break": "damaged",
                        "ho": "1",
                        "delim": "-",
                        "hc": "1"
                      },
                      {
                        "v": "x",
                        "id": "P370391.10.1.3",
                        "breakStart": "1",
                        "o": "]",
                        "break": "missing",
                        "breakEnd": "P370391.10.1.3"
                      }
                    ]
                  }
                },
                {
                  "node": "d",
                  "type": "field-end",
                  "subtype": "wp"
                },
                {
                  "node": "d",
                  "type": "cell-end"
                },
                {
                  "node": "d",
                  "type": "cell-start"
                },
                {
                  "node": "d",
                  "type": "field-start",
                  "subtype": "eq"
                },
                {
                  "node": "l",
                  "frag": "[...]",
                  "id": "P370391.l51390",
                  "ref": "P370391.10.2",
                  "inst": "%akk:x=",
                  "f": {
                    "lang": "akk",
                    "form": "x",
                    "gdl": [
                      {
                        "x": "ellipsis",
                        "id": "P370391.10.2.0",
                        "breakStart": "1",
                        "break": "missing",
                        "o": "]",
                        "breakEnd": "P370391.10.2.0"
                      }
                    ]
                  }
                },
                {
                  "node": "d",
                  "type": "field-end",
                  "subtype": "eq"
                },
                {
                  "node": "d",
                  "type": "cell-end"
                },
                {
                  "node": "d",
                  "type": "line-start",
                  "ref": "P370391.11",
                  "n": "8",
                  "label": "r i 8"
                },
                {
                  "node": "d",
                  "type": "cell-start"
                },
                {
                  "node": "d",
                  "type": "field-start",
                  "subtype": "wp"
                },
                {
                  "node": "l",
                  "frag": "{na₄}saŋ-gil-⸢mud⸣",
                  "id": "P370391.l51391",
                  "ref": "P370391.11.1",
                  "inst": "%sux:{na₄}saŋ-gil-mud=",
                  "f": {
                    "lang": "sux",
                    "form": "{na₄}saŋ-gil-mud",
                    "gdl": [
                      {
                        "det": "semantic",
                        "pos": "pre",
                        "seq": [
                          {
                            "v": "na₄",
                            "id": "P370391.11.1.0"
                          }
                        ]
                      },
                      {
                        "v": "saŋ",
                        "id": "P370391.11.1.1",
                        "delim": "-"
                      },
                      {
                        "v": "gil",
                        "id": "P370391.11.1.2",
                        "delim": "-"
                      },
                      {
                        "v": "mud",
                        "id": "P370391.11.1.3",
                        "break": "damaged",
                        "ho": "1",
                        "hc": "1"
                      }
                    ]
                  }
                },
                {
                  "node": "d",
                  "type": "field-end",
                  "subtype": "wp"
                },
                {
                  "node": "d",
                  "type": "cell-end"
                },
                {
                  "node": "d",
                  "type": "cell-start"
                },
                {
                  "node": "d",
                  "type": "field-start",
                  "subtype": "eq"
                },
                {
                  "node": "l",
                  "frag": "[...]",
                  "id": "P370391.l51392",
                  "ref": "P370391.11.2",
                  "inst": "%akk:x=",
                  "f": {
                    "lang": "akk",
                    "form": "x",
                    "gdl": [
                      {
                        "x": "ellipsis",
                        "id": "P370391.11.2.0",
                        "breakStart": "1",
                        "break": "missing",
                        "o": "]",
                        "breakEnd": "P370391.11.2.0"
                      }
                    ]
                  }
                },
                {
                  "node": "d",
                  "type": "field-end",
                  "subtype": "eq"
                },
                {
                  "node": "d",
                  "type": "cell-end"
                },
                {
                  "node": "d",
                  "type": "line-start",
                  "ref": "P370391.12",
                  "n": "9",
                  "label": "r i 9"
                },
                {
                  "node": "d",
                  "type": "cell-start"
                },
                {
                  "node": "d",
                  "type": "field-start",
                  "subtype": "wp"
                },
                {
                  "node": "l",
                  "frag": "{na₄}{<MIN(saŋ-gil-mud)>}",
                  "id": "P370391.l51393",
                  "ref": "P370391.12.1",
                  "inst": "%sux:{na₄}saŋ-gil-mud=",
                  "f": {
                    "lang": "sux",
                    "form": "{na₄}saŋ-gil-mud",
                    "delim": "",
                    "gdl": [
                      {
                        "det": "semantic",
                        "pos": "pre",
                        "seq": [
                          {
                            "v": "na₄",
                            "id": "P370391.12.1.0"
                          }
                        ]
                      },
                      {
                        "surro": "gg",
                        "group": [
                          {
                            "s": "MIN",
                            "id": "P370391.12.1.1"
                          },
                          {
                            "gg": "group",
                            "gdl_type": "group",
                            "gdl_surroStart": "1",
                            "group": [
                              {
                                "v": "saŋ",
                                "id": "P370391.12.1.2",
                                "delim": "-"
                              },
                              {
                                "v": "gil",
                                "id": "P370391.12.1.3",
                                "delim": "-"
                              },
                              {
                                "v": "mud",
                                "id": "P370391.12.1.4",
                                "gdl_surroEnd": "P370391.12.1.2"
                              }
                            ]
                          }
                        ]
                      }
                    ]
                  }
                },
                {
                  "node": "l",
                  "frag": "igi",
                  "id": "P370391.l51394",
                  "ref": "P370391.12.2",
                  "inst": "%sux:igi=",
                  "f": {
                    "lang": "sux",
                    "form": "igi",
                    "delim": "",
                    "gdl": [
                      {
                        "v": "igi",
                        "id": "P370391.12.2.0"
                      }
                    ]
                  }
                },
                {
                  "node": "l",
                  "frag": "⸢šah⸣",
                  "id": "P370391.l51395",
                  "ref": "P370391.12.3",
                  "inst": "%sux:šah=",
                  "f": {
                    "lang": "sux",
                    "form": "šah",
                    "gdl": [
                      {
                        "v": "šah",
                        "id": "P370391.12.3.0",
                        "break": "damaged",
                        "ho": "1",
                        "hc": "1"
                      }
                    ]
                  }
                },
                {
                  "node": "d",
                  "type": "field-end",
                  "subtype": "wp"
                },
                {
                  "node": "d",
                  "type": "cell-end"
                },
                {
                  "node": "d",
                  "type": "cell-start"
                },
                {
                  "node": "d",
                  "type": "field-start",
                  "subtype": "eq"
                },
                {
                  "node": "l",
                  "frag": "[...]",
                  "id": "P370391.l51396",
                  "ref": "P370391.12.4",
                  "inst": "%akk:x=",
                  "f": {
                    "lang": "akk",
                    "form": "x",
                    "gdl": [
                      {
                        "x": "ellipsis",
                        "id": "P370391.12.4.0",
                        "breakStart": "1",
                        "break": "missing",
                        "o": "]",
                        "breakEnd": "P370391.12.4.0"
                      }
                    ]
                  }
                },
                {
                  "node": "d",
                  "type": "field-end",
                  "subtype": "eq"
                },
                {
                  "node": "d",
                  "type": "cell-end"
                },
                {
                  "node": "d",
                  "type": "line-start",
                  "ref": "P370391.13",
                  "n": "10",
                  "label": "r i 10"
                },
                {
                  "node": "d",
                  "type": "cell-start"
                },
                {
                  "node": "d",
                  "type": "field-start",
                  "subtype": "wp"
                },
                {
                  "node": "l",
                  "frag": "{na₄}⸢kišib",
                  "id": "P370391.l51397",
                  "ref": "P370391.13.1",
                  "inst": "%sux:{na₄}kišib=",
                  "f": {
                    "lang": "sux",
                    "form": "{na₄}kišib",
                    "delim": "",
                    "gdl": [
                      {
                        "det": "semantic",
                        "pos": "pre",
                        "seq": [
                          {
                            "v": "na₄",
                            "id": "P370391.13.1.0"
                          }
                        ]
                      },
                      {
                        "v": "kišib",
                        "id": "P370391.13.1.1",
                        "break": "damaged",
                        "ho": "1"
                      }
                    ]
                  }
                },
                {
                  "node": "d",
                  "type": "surro",
                  "ref": "P370391.13.2",
                  "lang": "sux"
                },
                {
                  "node": "l",
                  "id": "P370391.l51398",
                  "ref": "P370391.13.3",
                  "inst": "%sux:saŋ-gil-mud=",
                  "f": {
                    "lang": "sux",
                    "form": "saŋ-gil-mud",
                    "gdl": [
                      {
                        "v": "saŋ",
                        "id": "P370391.13.3.0",
                        "delim": "-"
                      },
                      {
                        "v": "gil",
                        "id": "P370391.13.3.1",
                        "delim": "-"
                      },
                      {
                        "v": "mud",
                        "id": "P370391.13.3.2"
                      }
                    ]
                  }
                },
                {
                  "node": "d",
                  "type": "field-end",
                  "subtype": "wp"
                },
                {
                  "node": "d",
                  "type": "cell-end"
                },
                {
                  "node": "d",
                  "type": "cell-start"
                },
                {
                  "node": "d",
                  "type": "field-start",
                  "subtype": "eq"
                },
                {
                  "node": "l",
                  "frag": "[...]",
                  "id": "P370391.l51399",
                  "ref": "P370391.13.4",
                  "inst": "%akk:x=",
                  "f": {
                    "lang": "akk",
                    "form": "x",
                    "gdl": [
                      {
                        "x": "ellipsis",
                        "id": "P370391.13.4.0",
                        "breakStart": "1",
                        "break": "missing",
                        "o": "]",
                        "breakEnd": "P370391.13.4.0"
                      }
                    ]
                  }
                },
                {
                  "node": "d",
                  "type": "field-end",
                  "subtype": "eq"
                },
                {
                  "node": "d",
                  "type": "cell-end"
                },
                {
                  "node": "d",
                  "type": "line-start",
                  "ref": "P370391.14",
                  "n": "11",
                  "label": "r i 11"
                },
                {
                  "node": "d",
                  "type": "cell-start"
                },
                {
                  "node": "d",
                  "type": "field-start",
                  "subtype": "wp"
                },
                {
                  "node": "l",
                  "frag": "{na₄}[lagab]",
                  "id": "P370391.l5139a",
                  "ref": "P370391.14.1",
                  "inst": "%sux:{na₄}lagab=",
                  "f": {
                    "lang": "sux",
                    "form": "{na₄}lagab",
                    "delim": "",
                    "gdl": [
                      {
                        "det": "semantic",
                        "pos": "pre",
                        "seq": [
                          {
                            "v": "na₄",
                            "id": "P370391.14.1.0"
                          }
                        ]
                      },
                      {
                        "v": "lagab",
                        "id": "P370391.14.1.1",
                        "breakStart": "1",
                        "o": "]",
                        "break": "missing",
                        "breakEnd": "P370391.14.1.1"
                      }
                    ]
                  }
                },
                {
                  "node": "d",
                  "type": "surro",
                  "ref": "P370391.14.2",
                  "lang": "sux"
                },
                {
                  "node": "l",
                  "id": "P370391.l5139b",
                  "ref": "P370391.14.3",
                  "inst": "%sux:saŋ-gil-mud=",
                  "f": {
                    "lang": "sux",
                    "form": "saŋ-gil-mud",
                    "gdl": [
                      {
                        "v": "saŋ",
                        "id": "P370391.14.3.0",
                        "delim": "-"
                      },
                      {
                        "v": "gil",
                        "id": "P370391.14.3.1",
                        "delim": "-"
                      },
                      {
                        "v": "mud",
                        "id": "P370391.14.3.2"
                      }
                    ]
                  }
                },
                {
                  "node": "d",
                  "type": "field-end",
                  "subtype": "wp"
                },
                {
                  "node": "d",
                  "type": "cell-end"
                },
                {
                  "node": "d",
                  "type": "cell-start"
                },
                {
                  "node": "d",
                  "type": "field-start",
                  "subtype": "eq"
                },
                {
                  "node": "l",
                  "frag": "[...]",
                  "id": "P370391.l5139c",
                  "ref": "P370391.14.4",
                  "inst": "%akk:x=",
                  "f": {
                    "lang": "akk",
                    "form": "x",
                    "gdl": [
                      {
                        "x": "ellipsis",
                        "id": "P370391.14.4.0",
                        "breakStart": "1",
                        "break": "missing",
                        "o": "]",
                        "breakEnd": "P370391.14.4.0"
                      }
                    ]
                  }
                },
                {
                  "node": "d",
                  "type": "field-end",
                  "subtype": "eq"
                },
                {
                  "node": "d",
                  "type": "cell-end"
                },
                {
                  "node": "d",
                  "type": "line-start",
                  "ref": "P370391.15",
                  "n": "12",
                  "label": "r i 12"
                },
                {
                  "node": "d",
                  "type": "cell-start"
                },
                {
                  "node": "d",
                  "type": "field-start",
                  "subtype": "wp"
                },
                {
                  "node": "l",
                  "frag": "{na₄}ellaŋ₂",
                  "id": "P370391.l5139d",
                  "ref": "P370391.15.1",
                  "inst": "%sux:{na₄}ellaŋ₂=",
                  "f": {
                    "lang": "sux",
                    "form": "{na₄}ellaŋ₂",
                    "delim": "",
                    "gdl": [
                      {
                        "det": "semantic",
                        "pos": "pre",
                        "seq": [
                          {
                            "v": "na₄",
                            "id": "P370391.15.1.0"
                          }
                        ]
                      },
                      {
                        "v": "ellaŋ₂",
                        "id": "P370391.15.1.1"
                      }
                    ]
                  }
                },
                {
                  "node": "d",
                  "type": "surro",
                  "ref": "P370391.15.2",
                  "lang": "sux"
                },
                {
                  "node": "l",
                  "id": "P370391.l5139e",
                  "ref": "P370391.15.3",
                  "inst": "%sux:saŋ-gil-mud=",
                  "f": {
                    "lang": "sux",
                    "form": "saŋ-gil-mud",
                    "gdl": [
                      {
                        "v": "saŋ",
                        "id": "P370391.15.3.0",
                        "delim": "-"
                      },
                      {
                        "v": "gil",
                        "id": "P370391.15.3.1",
                        "delim": "-"
                      },
                      {
                        "v": "mud",
                        "id": "P370391.15.3.2"
                      }
                    ]
                  }
                },
                {
                  "node": "d",
                  "type": "field-end",
                  "subtype": "wp"
                },
                {
                  "node": "d",
                  "type": "cell-end"
                },
                {
                  "node": "d",
                  "type": "cell-start"
                },
                {
                  "node": "d",
                  "type": "field-start",
                  "subtype": "eq"
                },
                {
                  "node": "l",
                  "frag": "[...]",
                  "id": "P370391.l5139f",
                  "ref": "P370391.15.4",
                  "inst": "%akk:x=",
                  "f": {
                    "lang": "akk",
                    "form": "x",
                    "gdl": [
                      {
                        "x": "ellipsis",
                        "id": "P370391.15.4.0",
                        "breakStart": "1",
                        "break": "missing",
                        "o": "]",
                        "breakEnd": "P370391.15.4.0"
                      }
                    ]
                  }
                },
                {
                  "node": "d",
                  "type": "field-end",
                  "subtype": "eq"
                },
                {
                  "node": "d",
                  "type": "cell-end"
                }
              ]
            }
          ]
        }
      ]
    }
  ]
}
