{
  "type": "cdl",
  "project": "dcclt",
  "source": "http://oracc.org/dcclt",
  "license": "This data is released under the CC0 license",
  "license-url": "https://creativecommons.org/publicdomain/zero/1.0/",
  "more-info": "http://oracc.org/doc/opendata/",
  "UTC-timestamp": "2018-02-26T12:57:14",
  "textid": "P429511",
  "cdl": [
    {
      "node": "c",
      "type": "text",
      "id": "P429511.U0",
      "cdl": [
        {
          "node": "d",
          "subtype": "tablet",
          "type": "tablet",
          "ref": "P429511.x1388.1",
          "label": "x1388"
        },
        {
          "node": "d",
          "subtype": "obverse?",
          "type": "obverse",
          "ref": "P429511.o_.2",
          "queried": "1",
          "label": "o?"
        },
        {
          "node": "d",
          "subtype": "column 1o?",
          "type": "column",
          "ref": "P429511.o_.i.3",
          "n": "1",
          "label": "o? i"
        },
        {
          "node": "d",
          "type": "nonx",
          "ref": "P429511.4",
          "strict": "0",
          "extent": "beginning",
          "state": "missing"
        },
        {
          "node": "c",
          "type": "discourse",
          "subtype": "body",
          "id": "P429511.U1",
          "cdl": [
            {
              "node": "c",
              "type": "sentence",
              "implicit": "yes",
              "id": "P429511.U2",
              "label": "o? i 1' - r? iii 24",
              "cdl": [
                {
                  "node": "d",
                  "type": "line-start",
                  "ref": "P429511.5",
                  "n": "1'",
                  "label": "o? i 1'"
                },
                {
                  "node": "l",
                  "frag": "[...]-⸢x⸣",
                  "id": "P429511.l35285",
                  "ref": "P429511.5.1",
                  "inst": "%sux:x-x=",
                  "f": {
                    "lang": "sux",
                    "form": "x-x",
                    "gdl": [
                      {
                        "x": "ellipsis",
                        "id": "P429511.5.1.0",
                        "breakStart": "1",
                        "break": "missing",
                        "o": "]",
                        "breakEnd": "P429511.5.1.0",
                        "delim": "-"
                      },
                      {
                        "v": "x",
                        "id": "P429511.5.1.1",
                        "break": "damaged",
                        "ho": "1",
                        "hc": "1"
                      }
                    ]
                  }
                },
                {
                  "node": "d",
                  "type": "line-start",
                  "ref": "P429511.6",
                  "n": "2'",
                  "label": "o? i 2'"
                },
                {
                  "node": "l",
                  "frag": "⸢ama",
                  "id": "P429511.l35286",
                  "ref": "P429511.6.1",
                  "inst": "%sux:ama=",
                  "f": {
                    "lang": "sux",
                    "form": "ama",
                    "delim": "",
                    "gdl": [
                      {
                        "v": "ama",
                        "id": "P429511.6.1.0",
                        "break": "damaged",
                        "queried": "1",
                        "ho": "1"
                      }
                    ]
                  }
                },
                {
                  "node": "l",
                  "frag": "x⸣-la",
                  "id": "P429511.l35287",
                  "ref": "P429511.6.2",
                  "inst": "%sux:x-la=",
                  "f": {
                    "lang": "sux",
                    "form": "x-la",
                    "gdl": [
                      {
                        "v": "x",
                        "id": "P429511.6.2.0",
                        "break": "damaged",
                        "delim": "-",
                        "hc": "1"
                      },
                      {
                        "v": "la",
                        "id": "P429511.6.2.1"
                      }
                    ]
                  }
                },
                {
                  "node": "d",
                  "type": "line-start",
                  "ref": "P429511.7",
                  "n": "3'",
                  "label": "o? i 3'"
                },
                {
                  "node": "l",
                  "frag": "⸢ama⸣",
                  "id": "P429511.l35288",
                  "ref": "P429511.7.1",
                  "inst": "%sux:ama=",
                  "f": {
                    "lang": "sux",
                    "form": "ama",
                    "delim": "",
                    "gdl": [
                      {
                        "v": "ama",
                        "id": "P429511.7.1.0",
                        "break": "damaged",
                        "ho": "1",
                        "hc": "1"
                      }
                    ]
                  }
                },
                {
                  "node": "l",
                  "frag": "ni₂-zu",
                  "id": "P429511.l35289",
                  "ref": "P429511.7.2",
                  "inst": "%sux:ni₂-zu=",
                  "f": {
                    "lang": "sux",
                    "form": "ni₂-zu",
                    "gdl": [
                      {
                        "v": "ni₂",
                        "id": "P429511.7.2.0",
                        "delim": "-"
                      },
                      {
                        "v": "zu",
                        "id": "P429511.7.2.1"
                      }
                    ]
                  }
                },
                {
                  "node": "d",
                  "type": "line-start",
                  "ref": "P429511.8",
                  "n": "4'",
                  "label": "o? i 4'"
                },
                {
                  "node": "l",
                  "frag": "⸢ama⸣",
                  "id": "P429511.l3528a",
                  "ref": "P429511.8.1",
                  "inst": "%sux:ama=",
                  "f": {
                    "lang": "sux",
                    "form": "ama",
                    "delim": "",
                    "gdl": [
                      {
                        "v": "ama",
                        "id": "P429511.8.1.0",
                        "break": "damaged",
                        "ho": "1",
                        "hc": "1"
                      }
                    ]
                  }
                },
                {
                  "node": "l",
                  "frag": "{lu₂}saŋ-gaz",
                  "id": "P429511.l3528b",
                  "ref": "P429511.8.2",
                  "inst": "%sux:{lu₂}saŋ-gaz=",
                  "f": {
                    "lang": "sux",
                    "form": "{lu₂}saŋ-gaz",
                    "gdl": [
                      {
                        "det": "semantic",
                        "pos": "pre",
                        "seq": [
                          {
                            "v": "lu₂",
                            "id": "P429511.8.2.0"
                          }
                        ]
                      },
                      {
                        "v": "saŋ",
                        "id": "P429511.8.2.1",
                        "delim": "-"
                      },
                      {
                        "v": "gaz",
                        "id": "P429511.8.2.2"
                      }
                    ]
                  }
                },
                {
                  "node": "d",
                  "type": "line-start",
                  "ref": "P429511.9",
                  "n": "5'",
                  "label": "o? i 5'"
                },
                {
                  "node": "d",
                  "type": "cell-start"
                },
                {
                  "node": "d",
                  "type": "field-start",
                  "subtype": "wp"
                },
                {
                  "node": "l",
                  "frag": "⸢ama⸣",
                  "id": "P429511.l3528c",
                  "ref": "P429511.9.1",
                  "inst": "%sux:ama=",
                  "f": {
                    "lang": "sux",
                    "form": "ama",
                    "delim": "",
                    "gdl": [
                      {
                        "v": "ama",
                        "id": "P429511.9.1.0",
                        "break": "damaged",
                        "ho": "1",
                        "hc": "1"
                      }
                    ]
                  }
                },
                {
                  "node": "l",
                  "frag": "im-⸢ri⸣-a",
                  "id": "P429511.l3528d",
                  "ref": "P429511.9.2",
                  "inst": "%sux:im-ri-a=",
                  "f": {
                    "lang": "sux",
                    "form": "im-ri-a",
                    "gdl": [
                      {
                        "v": "im",
                        "id": "P429511.9.2.0",
                        "delim": "-"
                      },
                      {
                        "v": "ri",
                        "id": "P429511.9.2.1",
                        "break": "damaged",
                        "queried": "1",
                        "ho": "1",
                        "delim": "-",
                        "hc": "1"
                      },
                      {
                        "v": "a",
                        "id": "P429511.9.2.2"
                      }
                    ]
                  }
                },
                {
                  "node": "d",
                  "type": "field-end",
                  "subtype": "wp"
                },
                {
                  "node": "d",
                  "type": "cell-end"
                },
                {
                  "node": "d",
                  "type": "cell-start"
                },
                {
                  "node": "d",
                  "type": "field-start",
                  "subtype": "eq"
                },
                {
                  "node": "l",
                  "frag": "⸢um-ma⸣",
                  "id": "P429511.l3528e",
                  "ref": "P429511.9.3",
                  "inst": "%akk-x-mbperi:um-ma=",
                  "f": {
                    "lang": "akk-x-mbperi",
                    "form": "um-ma",
                    "delim": "",
                    "gdl": [
                      {
                        "v": "um",
                        "id": "P429511.9.3.0",
                        "break": "damaged",
                        "queried": "1",
                        "ho": "1",
                        "delim": "-"
                      },
                      {
                        "v": "ma",
                        "id": "P429511.9.3.1",
                        "break": "damaged",
                        "queried": "1",
                        "hc": "1"
                      }
                    ]
                  }
                },
                {
                  "node": "l",
                  "frag": "ki-im-⸢ti⸣",
                  "id": "P429511.l3528f",
                  "ref": "P429511.9.4",
                  "inst": "%akk-x-mbperi:ki-im-ti=",
                  "f": {
                    "lang": "akk-x-mbperi",
                    "form": "ki-im-ti",
                    "gdl": [
                      {
                        "v": "ki",
                        "id": "P429511.9.4.0",
                        "delim": "-"
                      },
                      {
                        "v": "im",
                        "id": "P429511.9.4.1",
                        "delim": "-"
                      },
                      {
                        "v": "ti",
                        "id": "P429511.9.4.2",
                        "break": "damaged",
                        "ho": "1",
                        "hc": "1"
                      }
                    ]
                  }
                },
                {
                  "node": "d",
                  "type": "field-end",
                  "subtype": "eq"
                },
                {
                  "node": "d",
                  "type": "cell-end"
                },
                {
                  "node": "d",
                  "type": "line-start",
                  "ref": "P429511.10",
                  "n": "6'",
                  "label": "o? i 6'"
                },
                {
                  "node": "l",
                  "frag": "⸢ama",
                  "id": "P429511.l35290",
                  "ref": "P429511.10.1",
                  "inst": "%sux:ama=",
                  "f": {
                    "lang": "sux",
                    "form": "ama",
                    "delim": "",
                    "gdl": [
                      {
                        "v": "ama",
                        "id": "P429511.10.1.0",
                        "break": "damaged",
                        "queried": "1",
                        "ho": "1"
                      }
                    ]
                  }
                },
                {
                  "node": "l",
                  "frag": "er₂⸣-[x]-⸢a⸣",
                  "id": "P429511.l35291",
                  "ref": "P429511.10.2",
                  "inst": "%sux:er₂-x-a=",
                  "f": {
                    "lang": "sux",
                    "form": "er₂-x-a",
                    "gdl": [
                      {
                        "v": "er₂",
                        "id": "P429511.10.2.0",
                        "break": "damaged",
                        "delim": "-",
                        "hc": "1"
                      },
                      {
                        "v": "x",
                        "id": "P429511.10.2.1",
                        "breakStart": "1",
                        "o": "]",
                        "break": "missing",
                        "breakEnd": "P429511.10.2.1",
                        "delim": "-"
                      },
                      {
                        "v": "a",
                        "id": "P429511.10.2.2",
                        "break": "damaged",
                        "queried": "1",
                        "ho": "1",
                        "hc": "1"
                      }
                    ]
                  }
                },
                {
                  "node": "d",
                  "type": "line-start",
                  "ref": "P429511.11",
                  "n": "7'",
                  "label": "o? i 7'"
                },
                {
                  "node": "l",
                  "frag": "⸢ama",
                  "id": "P429511.l35292",
                  "ref": "P429511.11.1",
                  "inst": "%sux:ama=",
                  "f": {
                    "lang": "sux",
                    "form": "ama",
                    "delim": "",
                    "gdl": [
                      {
                        "v": "ama",
                        "id": "P429511.11.1.0",
                        "break": "damaged",
                        "queried": "1",
                        "ho": "1"
                      }
                    ]
                  }
                },
                {
                  "node": "l",
                  "frag": "x⸣-[...]",
                  "id": "P429511.l35293",
                  "ref": "P429511.11.2",
                  "inst": "%sux:x-x=",
                  "f": {
                    "lang": "sux",
                    "form": "x-x",
                    "gdl": [
                      {
                        "v": "x",
                        "id": "P429511.11.2.0",
                        "break": "damaged",
                        "delim": "-",
                        "hc": "1"
                      },
                      {
                        "x": "ellipsis",
                        "id": "P429511.11.2.1",
                        "breakStart": "1",
                        "break": "missing",
                        "o": "]",
                        "breakEnd": "P429511.11.2.1"
                      }
                    ]
                  }
                },
                {
                  "node": "d",
                  "type": "line-start",
                  "ref": "P429511.12",
                  "n": "8'",
                  "label": "o? i 8'"
                },
                {
                  "node": "l",
                  "frag": "[ama]",
                  "id": "P429511.l35294",
                  "ref": "P429511.12.1",
                  "inst": "%sux:ama=",
                  "f": {
                    "lang": "sux",
                    "form": "ama",
                    "delim": "",
                    "gdl": [
                      {
                        "v": "ama",
                        "id": "P429511.12.1.0",
                        "breakStart": "1",
                        "o": "]",
                        "break": "missing",
                        "breakEnd": "P429511.12.1.0"
                      }
                    ]
                  }
                },
                {
                  "node": "l",
                  "frag": "⸢nam-tag-ga⸣",
                  "id": "P429511.l35295",
                  "ref": "P429511.12.2",
                  "inst": "%sux:nam-tag-ga=",
                  "f": {
                    "lang": "sux",
                    "form": "nam-tag-ga",
                    "gdl": [
                      {
                        "v": "nam",
                        "id": "P429511.12.2.0",
                        "break": "damaged",
                        "ho": "1",
                        "delim": "-"
                      },
                      {
                        "v": "tag",
                        "id": "P429511.12.2.1",
                        "break": "damaged",
                        "delim": "-"
                      },
                      {
                        "v": "ga",
                        "id": "P429511.12.2.2",
                        "break": "damaged",
                        "hc": "1"
                      }
                    ]
                  }
                },
                {
                  "node": "d",
                  "type": "line-start",
                  "ref": "P429511.13",
                  "n": "9'",
                  "label": "o? i 9'"
                },
                {
                  "node": "l",
                  "frag": "⸢ama-at-ta⸣",
                  "id": "P429511.l35296",
                  "ref": "P429511.13.1",
                  "inst": "%sux:ama-at-ta=",
                  "f": {
                    "lang": "sux",
                    "form": "ama-at-ta",
                    "gdl": [
                      {
                        "v": "ama",
                        "id": "P429511.13.1.0",
                        "break": "damaged",
                        "queried": "1",
                        "ho": "1",
                        "delim": "-"
                      },
                      {
                        "v": "at",
                        "id": "P429511.13.1.1",
                        "break": "damaged",
                        "delim": "-"
                      },
                      {
                        "v": "ta",
                        "id": "P429511.13.1.2",
                        "break": "damaged",
                        "hc": "1"
                      }
                    ]
                  }
                },
                {
                  "node": "d",
                  "type": "line-start",
                  "ref": "P429511.14",
                  "n": "10'",
                  "label": "o? i 10'"
                },
                {
                  "node": "l",
                  "frag": "⸢ama-at-ta⸣",
                  "id": "P429511.l35297",
                  "ref": "P429511.14.1",
                  "inst": "%sux:ama-at-ta=",
                  "f": {
                    "lang": "sux",
                    "form": "ama-at-ta",
                    "gdl": [
                      {
                        "v": "ama",
                        "id": "P429511.14.1.0",
                        "break": "damaged",
                        "queried": "1",
                        "ho": "1",
                        "delim": "-"
                      },
                      {
                        "v": "at",
                        "id": "P429511.14.1.1",
                        "break": "damaged",
                        "delim": "-"
                      },
                      {
                        "v": "ta",
                        "id": "P429511.14.1.2",
                        "break": "damaged",
                        "hc": "1"
                      }
                    ]
                  }
                },
                {
                  "node": "d",
                  "type": "line-start",
                  "ref": "P429511.15",
                  "n": "11'",
                  "label": "o? i 11'"
                },
                {
                  "node": "l",
                  "frag": "[ama-at]-⸢ta⸣",
                  "id": "P429511.l35298",
                  "ref": "P429511.15.1",
                  "inst": "%sux:ama-at-ta=",
                  "f": {
                    "lang": "sux",
                    "form": "ama-at-ta",
                    "gdl": [
                      {
                        "v": "ama",
                        "id": "P429511.15.1.0",
                        "breakStart": "1",
                        "o": "[",
                        "break": "missing",
                        "delim": "-"
                      },
                      {
                        "v": "at",
                        "id": "P429511.15.1.1",
                        "break": "missing",
                        "o": "]",
                        "breakEnd": "P429511.15.1.0",
                        "delim": "-"
                      },
                      {
                        "v": "ta",
                        "id": "P429511.15.1.2",
                        "break": "damaged",
                        "ho": "1",
                        "hc": "1"
                      }
                    ]
                  }
                },
                {
                  "node": "d",
                  "type": "line-start",
                  "ref": "P429511.16",
                  "n": "12'",
                  "label": "o? i 12'"
                },
                {
                  "node": "l",
                  "frag": "[ama]",
                  "id": "P429511.l35299",
                  "ref": "P429511.16.1",
                  "inst": "%sux:ama=",
                  "f": {
                    "lang": "sux",
                    "form": "ama",
                    "delim": "",
                    "gdl": [
                      {
                        "v": "ama",
                        "id": "P429511.16.1.0",
                        "breakStart": "1",
                        "o": "]",
                        "queried": "1",
                        "break": "missing",
                        "breakEnd": "P429511.16.1.0"
                      }
                    ]
                  }
                },
                {
                  "node": "l",
                  "frag": "⸢še⸣-[x]",
                  "id": "P429511.l3529a",
                  "ref": "P429511.16.2",
                  "inst": "%sux:še-x=",
                  "f": {
                    "lang": "sux",
                    "form": "še-x",
                    "gdl": [
                      {
                        "v": "še",
                        "id": "P429511.16.2.0",
                        "break": "damaged",
                        "queried": "1",
                        "ho": "1",
                        "delim": "-",
                        "hc": "1"
                      },
                      {
                        "v": "x",
                        "id": "P429511.16.2.1",
                        "breakStart": "1",
                        "o": "]",
                        "queried": "1",
                        "break": "missing",
                        "breakEnd": "P429511.16.2.1"
                      }
                    ]
                  }
                },
                {
                  "node": "d",
                  "type": "line-start",
                  "ref": "P429511.17",
                  "n": "13'",
                  "label": "o? i 13'"
                },
                {
                  "node": "l",
                  "frag": "[ama]",
                  "id": "P429511.l3529b",
                  "ref": "P429511.17.1",
                  "inst": "%sux:ama=",
                  "f": {
                    "lang": "sux",
                    "form": "ama",
                    "delim": "",
                    "gdl": [
                      {
                        "v": "ama",
                        "id": "P429511.17.1.0",
                        "breakStart": "1",
                        "o": "]",
                        "queried": "1",
                        "break": "missing",
                        "breakEnd": "P429511.17.1.0"
                      }
                    ]
                  }
                },
                {
                  "node": "l",
                  "frag": "še-[...]",
                  "id": "P429511.l3529c",
                  "ref": "P429511.17.2",
                  "inst": "%sux:še-x=",
                  "f": {
                    "lang": "sux",
                    "form": "še-x",
                    "gdl": [
                      {
                        "v": "še",
                        "id": "P429511.17.2.0",
                        "delim": "-"
                      },
                      {
                        "x": "ellipsis",
                        "id": "P429511.17.2.1",
                        "breakStart": "1",
                        "break": "missing",
                        "o": "]",
                        "breakEnd": "P429511.17.2.1"
                      }
                    ]
                  }
                },
                {
                  "node": "d",
                  "type": "line-start",
                  "ref": "P429511.18",
                  "n": "14'",
                  "label": "o? i 14'"
                },
                {
                  "node": "l",
                  "frag": "[ama]",
                  "id": "P429511.l3529d",
                  "ref": "P429511.18.1",
                  "inst": "%sux:ama=",
                  "f": {
                    "lang": "sux",
                    "form": "ama",
                    "delim": "",
                    "gdl": [
                      {
                        "v": "ama",
                        "id": "P429511.18.1.0",
                        "breakStart": "1",
                        "o": "]",
                        "queried": "1",
                        "break": "missing",
                        "breakEnd": "P429511.18.1.0"
                      }
                    ]
                  }
                },
                {
                  "node": "l",
                  "frag": "⸢še-x⸣",
                  "id": "P429511.l3529e",
                  "ref": "P429511.18.2",
                  "inst": "%sux:še-x=",
                  "f": {
                    "lang": "sux",
                    "form": "še-x",
                    "gdl": [
                      {
                        "v": "še",
                        "id": "P429511.18.2.0",
                        "break": "damaged",
                        "ho": "1",
                        "delim": "-"
                      },
                      {
                        "v": "x",
                        "id": "P429511.18.2.1",
                        "break": "damaged",
                        "hc": "1"
                      }
                    ]
                  }
                },
                {
                  "node": "d",
                  "type": "line-start",
                  "ref": "P429511.19",
                  "n": "15'",
                  "label": "o? i 15'"
                },
                {
                  "node": "l",
                  "frag": "[ama]",
                  "id": "P429511.l3529f",
                  "ref": "P429511.19.1",
                  "inst": "%sux:ama=",
                  "f": {
                    "lang": "sux",
                    "form": "ama",
                    "delim": "",
                    "gdl": [
                      {
                        "v": "ama",
                        "id": "P429511.19.1.0",
                        "breakStart": "1",
                        "o": "]",
                        "queried": "1",
                        "break": "missing",
                        "breakEnd": "P429511.19.1.0"
                      }
                    ]
                  }
                },
                {
                  "node": "l",
                  "frag": "⸢u₃⸣-[tu]",
                  "id": "P429511.l352a0",
                  "ref": "P429511.19.2",
                  "inst": "%sux:u₃-tu=",
                  "f": {
                    "lang": "sux",
                    "form": "u₃-tu",
                    "gdl": [
                      {
                        "v": "u₃",
                        "id": "P429511.19.2.0",
                        "break": "damaged",
                        "ho": "1",
                        "delim": "-",
                        "hc": "1"
                      },
                      {
                        "v": "tu",
                        "id": "P429511.19.2.1",
                        "breakStart": "1",
                        "o": "]",
                        "break": "missing",
                        "breakEnd": "P429511.19.2.1"
                      }
                    ]
                  }
                },
                {
                  "node": "d",
                  "type": "line-start",
                  "ref": "P429511.20",
                  "n": "16'",
                  "label": "o? i 16'"
                },
                {
                  "node": "l",
                  "frag": "[ama]",
                  "id": "P429511.l352a1",
                  "ref": "P429511.20.1",
                  "inst": "%sux:ama=",
                  "f": {
                    "lang": "sux",
                    "form": "ama",
                    "delim": "",
                    "gdl": [
                      {
                        "v": "ama",
                        "id": "P429511.20.1.0",
                        "breakStart": "1",
                        "o": "]",
                        "queried": "1",
                        "break": "missing",
                        "breakEnd": "P429511.20.1.0"
                      }
                    ]
                  }
                },
                {
                  "node": "l",
                  "frag": "nu-⸢u₃-tu⸣",
                  "id": "P429511.l352a2",
                  "ref": "P429511.20.2",
                  "inst": "%sux:nu-u₃-tu=",
                  "f": {
                    "lang": "sux",
                    "form": "nu-u₃-tu",
                    "gdl": [
                      {
                        "v": "nu",
                        "id": "P429511.20.2.0",
                        "delim": "-"
                      },
                      {
                        "v": "u₃",
                        "id": "P429511.20.2.1",
                        "break": "damaged",
                        "ho": "1",
                        "delim": "-"
                      },
                      {
                        "v": "tu",
                        "id": "P429511.20.2.2",
                        "break": "damaged",
                        "hc": "1"
                      }
                    ]
                  }
                },
                {
                  "node": "d",
                  "type": "line-start",
                  "ref": "P429511.21",
                  "n": "17'",
                  "label": "o? i 17'"
                },
                {
                  "node": "l",
                  "frag": "⸢x⸣",
                  "id": "P429511.l352a3",
                  "ref": "P429511.21.1",
                  "inst": "%sux:x=",
                  "f": {
                    "lang": "sux",
                    "form": "x",
                    "delim": "",
                    "gdl": [
                      {
                        "v": "x",
                        "id": "P429511.21.1.0",
                        "break": "damaged",
                        "ho": "1",
                        "hc": "1"
                      }
                    ]
                  }
                },
                {
                  "node": "l",
                  "frag": "[x]-⸢KU⸣",
                  "id": "P429511.l352a4",
                  "ref": "P429511.21.2",
                  "inst": "%sux:x-KU=",
                  "f": {
                    "lang": "sux",
                    "form": "x-KU",
                    "gdl": [
                      {
                        "v": "x",
                        "id": "P429511.21.2.0",
                        "breakStart": "1",
                        "o": "]",
                        "break": "missing",
                        "breakEnd": "P429511.21.2.0",
                        "delim": "-"
                      },
                      {
                        "s": "KU",
                        "id": "P429511.21.2.1",
                        "break": "damaged",
                        "ho": "1",
                        "hc": "1"
                      }
                    ]
                  }
                },
                {
                  "node": "d",
                  "type": "line-start",
                  "ref": "P429511.22",
                  "n": "18'",
                  "label": "o? i 18'"
                },
                {
                  "node": "l",
                  "frag": "[...]-⸢x⸣",
                  "id": "P429511.l352a5",
                  "ref": "P429511.22.1",
                  "inst": "%sux:x-x=",
                  "f": {
                    "lang": "sux",
                    "form": "x-x",
                    "gdl": [
                      {
                        "x": "ellipsis",
                        "id": "P429511.22.1.0",
                        "breakStart": "1",
                        "break": "missing",
                        "o": "]",
                        "breakEnd": "P429511.22.1.0",
                        "delim": "-"
                      },
                      {
                        "v": "x",
                        "id": "P429511.22.1.1",
                        "break": "damaged",
                        "ho": "1",
                        "hc": "1"
                      }
                    ]
                  }
                },
                {
                  "node": "d",
                  "type": "nonx",
                  "ref": "P429511.23",
                  "strict": "0",
                  "extent": "rest",
                  "state": "missing"
                },
                {
                  "node": "d",
                  "subtype": "column 2o?",
                  "type": "column",
                  "ref": "P429511.o_.ii.24",
                  "n": "2",
                  "label": "o? ii"
                },
                {
                  "node": "d",
                  "type": "nonx",
                  "ref": "P429511.25",
                  "strict": "0",
                  "extent": "beginning",
                  "state": "missing"
                },
                {
                  "node": "d",
                  "type": "line-start",
                  "ref": "P429511.26",
                  "n": "1'",
                  "label": "o? ii 1'"
                },
                {
                  "node": "l",
                  "frag": "[...]-⸢x",
                  "id": "P429511.l352a6",
                  "ref": "P429511.26.1",
                  "inst": "%sux:x-x=",
                  "f": {
                    "lang": "sux",
                    "form": "x-x",
                    "delim": "",
                    "gdl": [
                      {
                        "x": "ellipsis",
                        "id": "P429511.26.1.0",
                        "breakStart": "1",
                        "break": "missing",
                        "o": "]",
                        "breakEnd": "P429511.26.1.0",
                        "delim": "-"
                      },
                      {
                        "v": "x",
                        "id": "P429511.26.1.1",
                        "break": "damaged",
                        "ho": "1"
                      }
                    ]
                  }
                },
                {
                  "node": "l",
                  "frag": "ad⸣",
                  "id": "P429511.l352a7",
                  "ref": "P429511.26.2",
                  "inst": "%sux:ad=",
                  "f": {
                    "lang": "sux",
                    "form": "ad",
                    "gdl": [
                      {
                        "v": "ad",
                        "id": "P429511.26.2.0",
                        "break": "damaged",
                        "hc": "1"
                      }
                    ]
                  }
                },
                {
                  "node": "d",
                  "type": "line-start",
                  "ref": "P429511.27",
                  "n": "2'",
                  "label": "o? ii 2'"
                },
                {
                  "node": "l",
                  "frag": "[...]-⸢hul₂",
                  "id": "P429511.l352a8",
                  "ref": "P429511.27.1",
                  "inst": "%sux:x-hul₂=",
                  "f": {
                    "lang": "sux",
                    "form": "x-hul₂",
                    "delim": "",
                    "gdl": [
                      {
                        "x": "ellipsis",
                        "id": "P429511.27.1.0",
                        "breakStart": "1",
                        "break": "missing",
                        "o": "]",
                        "breakEnd": "P429511.27.1.0",
                        "delim": "-"
                      },
                      {
                        "v": "hul₂",
                        "id": "P429511.27.1.1",
                        "break": "damaged",
                        "ho": "1"
                      }
                    ]
                  }
                },
                {
                  "node": "l",
                  "frag": "x⸣",
                  "id": "P429511.l352a9",
                  "ref": "P429511.27.2",
                  "inst": "%sux:x=",
                  "f": {
                    "lang": "sux",
                    "form": "x",
                    "gdl": [
                      {
                        "v": "x",
                        "id": "P429511.27.2.0",
                        "break": "damaged",
                        "queried": "1",
                        "hc": "1"
                      }
                    ]
                  }
                },
                {
                  "node": "d",
                  "type": "line-start",
                  "ref": "P429511.28",
                  "n": "3'",
                  "label": "o? ii 3'"
                },
                {
                  "node": "l",
                  "frag": "|KI.NE.NE|",
                  "id": "P429511.l352aa",
                  "ref": "P429511.28.1",
                  "inst": "%sux:|KI.NE.NE|=",
                  "f": {
                    "lang": "sux",
                    "form": "|KI.NE.NE|",
                    "delim": "",
                    "gdl": [
                      {
                        "c": "|KI.NE.NE|",
                        "id": "P429511.28.1.0",
                        "seq": [
                          {
                            "s": "KI",
                            "break": "damaged"
                          },
                          {
                            "o": "beside"
                          },
                          {
                            "s": "NE",
                            "break": "damaged"
                          },
                          {
                            "o": "beside"
                          },
                          {
                            "s": "NE"
                          }
                        ]
                      }
                    ]
                  }
                },
                {
                  "node": "l",
                  "frag": "⸢x",
                  "id": "P429511.l352ab",
                  "ref": "P429511.28.2",
                  "inst": "%sux:x=",
                  "f": {
                    "lang": "sux",
                    "form": "x",
                    "delim": "",
                    "gdl": [
                      {
                        "v": "x",
                        "id": "P429511.28.2.0",
                        "break": "damaged",
                        "queried": "1",
                        "ho": "1"
                      }
                    ]
                  }
                },
                {
                  "node": "l",
                  "frag": "uruda⸣",
                  "id": "P429511.l352ac",
                  "ref": "P429511.28.3",
                  "inst": "%sux:uruda=",
                  "f": {
                    "lang": "sux",
                    "form": "uruda",
                    "gdl": [
                      {
                        "v": "uruda",
                        "id": "P429511.28.3.0",
                        "break": "damaged",
                        "hc": "1"
                      }
                    ]
                  }
                },
                {
                  "node": "d",
                  "type": "line-start",
                  "ref": "P429511.29",
                  "n": "4'",
                  "label": "o? ii 4'"
                },
                {
                  "node": "l",
                  "frag": "⸢har⸣-ra-an",
                  "id": "P429511.l352ad",
                  "ref": "P429511.29.1",
                  "inst": "%sux:har-ra-an=",
                  "f": {
                    "lang": "sux",
                    "form": "har-ra-an",
                    "delim": "",
                    "gdl": [
                      {
                        "v": "har",
                        "id": "P429511.29.1.0",
                        "break": "damaged",
                        "ho": "1",
                        "delim": "-",
                        "hc": "1"
                      },
                      {
                        "v": "ra",
                        "id": "P429511.29.1.1",
                        "delim": "-"
                      },
                      {
                        "v": "an",
                        "id": "P429511.29.1.2"
                      }
                    ]
                  }
                },
                {
                  "node": "l",
                  "frag": "[x]-⸢x⸣",
                  "id": "P429511.l352ae",
                  "ref": "P429511.29.2",
                  "inst": "%sux:x-x=",
                  "f": {
                    "lang": "sux",
                    "form": "x-x",
                    "gdl": [
                      {
                        "v": "x",
                        "id": "P429511.29.2.0",
                        "breakStart": "1",
                        "o": "]",
                        "queried": "1",
                        "break": "missing",
                        "breakEnd": "P429511.29.2.0",
                        "delim": "-"
                      },
                      {
                        "v": "x",
                        "id": "P429511.29.2.1",
                        "break": "damaged",
                        "queried": "1",
                        "ho": "1",
                        "hc": "1"
                      }
                    ]
                  }
                },
                {
                  "node": "d",
                  "type": "line-start",
                  "ref": "P429511.30",
                  "n": "5'",
                  "label": "o? ii 5'"
                },
                {
                  "node": "l",
                  "frag": "⸢HAR⸣",
                  "id": "P429511.l352af",
                  "ref": "P429511.30.1",
                  "inst": "%sux:HAR=",
                  "f": {
                    "lang": "sux",
                    "form": "HAR",
                    "gdl": [
                      {
                        "s": "HAR",
                        "id": "P429511.30.1.0",
                        "break": "damaged",
                        "ho": "1",
                        "hc": "1"
                      }
                    ]
                  }
                },
                {
                  "node": "d",
                  "type": "line-start",
                  "ref": "P429511.31",
                  "n": "6'",
                  "label": "o? ii 6'"
                },
                {
                  "node": "l",
                  "frag": "⸢HAR⸣",
                  "id": "P429511.l352b0",
                  "ref": "P429511.31.1",
                  "inst": "%sux:HAR=",
                  "f": {
                    "lang": "sux",
                    "form": "HAR",
                    "gdl": [
                      {
                        "s": "HAR",
                        "id": "P429511.31.1.0",
                        "break": "damaged",
                        "ho": "1",
                        "hc": "1"
                      }
                    ]
                  }
                },
                {
                  "node": "d",
                  "type": "line-start",
                  "ref": "P429511.32",
                  "n": "7'",
                  "label": "o? ii 7'"
                },
                {
                  "node": "l",
                  "frag": "⸢HAR⸣",
                  "id": "P429511.l352b1",
                  "ref": "P429511.32.1",
                  "inst": "%sux:HAR=",
                  "f": {
                    "lang": "sux",
                    "form": "HAR",
                    "gdl": [
                      {
                        "s": "HAR",
                        "id": "P429511.32.1.0",
                        "break": "damaged",
                        "queried": "1",
                        "ho": "1",
                        "hc": "1"
                      }
                    ]
                  }
                },
                {
                  "node": "d",
                  "type": "line-start",
                  "ref": "P429511.33",
                  "n": "8'",
                  "label": "o? ii 8'"
                },
                {
                  "node": "l",
                  "frag": "[x]",
                  "id": "P429511.l352b2",
                  "ref": "P429511.33.1",
                  "inst": "%sux:x=",
                  "f": {
                    "lang": "sux",
                    "form": "x",
                    "delim": "",
                    "gdl": [
                      {
                        "v": "x",
                        "id": "P429511.33.1.0",
                        "breakStart": "1",
                        "o": "]",
                        "break": "missing",
                        "breakEnd": "P429511.33.1.0"
                      }
                    ]
                  }
                },
                {
                  "node": "l",
                  "frag": "⸢SAL⸣",
                  "id": "P429511.l352b3",
                  "ref": "P429511.33.2",
                  "inst": "%sux:SAL=",
                  "f": {
                    "lang": "sux",
                    "form": "SAL",
                    "delim": "",
                    "gdl": [
                      {
                        "s": "SAL",
                        "id": "P429511.33.2.0",
                        "break": "damaged",
                        "ho": "1",
                        "hc": "1"
                      }
                    ]
                  }
                },
                {
                  "node": "l",
                  "frag": "[x]",
                  "id": "P429511.l352b4",
                  "ref": "P429511.33.3",
                  "inst": "%sux:x=",
                  "f": {
                    "lang": "sux",
                    "form": "x",
                    "gdl": [
                      {
                        "v": "x",
                        "id": "P429511.33.3.0",
                        "breakStart": "1",
                        "o": "]",
                        "break": "missing",
                        "breakEnd": "P429511.33.3.0"
                      }
                    ]
                  }
                },
                {
                  "node": "d",
                  "type": "line-start",
                  "ref": "P429511.34",
                  "n": "9'",
                  "label": "o? ii 9'"
                },
                {
                  "node": "l",
                  "frag": "⸢x-in-gi⸣",
                  "id": "P429511.l352b5",
                  "ref": "P429511.34.1",
                  "inst": "%sux:x-in-gi=",
                  "f": {
                    "lang": "sux",
                    "form": "x-in-gi",
                    "gdl": [
                      {
                        "v": "x",
                        "id": "P429511.34.1.0",
                        "break": "damaged",
                        "ho": "1",
                        "delim": "-"
                      },
                      {
                        "v": "in",
                        "id": "P429511.34.1.1",
                        "break": "damaged",
                        "delim": "-"
                      },
                      {
                        "v": "gi",
                        "id": "P429511.34.1.2",
                        "break": "damaged",
                        "queried": "1",
                        "hc": "1"
                      }
                    ]
                  }
                },
                {
                  "node": "d",
                  "type": "nonx",
                  "ref": "P429511.35",
                  "strict": "0",
                  "extent": "10",
                  "scope": "line",
                  "state": "other"
                },
                {
                  "node": "d",
                  "type": "nonx",
                  "ref": "P429511.36",
                  "strict": "0",
                  "extent": "rest",
                  "state": "missing"
                },
                {
                  "node": "d",
                  "subtype": "column 3o?",
                  "type": "column",
                  "ref": "P429511.o_.iii.37",
                  "n": "3",
                  "label": "o? iii"
                },
                {
                  "node": "d",
                  "type": "nonx",
                  "ref": "P429511.38",
                  "strict": "0",
                  "extent": "beginning",
                  "state": "missing"
                },
                {
                  "node": "d",
                  "type": "nonx",
                  "ref": "P429511.39",
                  "strict": "1",
                  "extent": "beginning",
                  "scope": "line",
                  "state": "blank"
                },
                {
                  "node": "d",
                  "type": "nonx",
                  "ref": "P429511.40",
                  "strict": "0",
                  "extent": "beginning",
                  "scope": "line",
                  "state": "other"
                },
                {
                  "node": "d",
                  "type": "nonx",
                  "ref": "P429511.41",
                  "strict": "0",
                  "extent": "rest",
                  "state": "missing"
                },
                {
                  "node": "d",
                  "subtype": "reverse?",
                  "type": "reverse",
                  "ref": "P429511.r_.42",
                  "queried": "1",
                  "label": "r?"
                },
                {
                  "node": "d",
                  "subtype": "column 1r?",
                  "type": "column",
                  "ref": "P429511.r_.i.43",
                  "n": "1",
                  "label": "r? i"
                },
                {
                  "node": "d",
                  "type": "nonx",
                  "ref": "P429511.44",
                  "strict": "1",
                  "extent": "n",
                  "scope": "line",
                  "state": "missing"
                },
                {
                  "node": "d",
                  "subtype": "column 2r?",
                  "type": "column",
                  "ref": "P429511.r_.ii.45",
                  "n": "2",
                  "label": "r? ii"
                },
                {
                  "node": "d",
                  "type": "nonx",
                  "ref": "P429511.46",
                  "strict": "0",
                  "extent": "beginning",
                  "state": "missing"
                },
                {
                  "node": "d",
                  "type": "nonx",
                  "ref": "P429511.47",
                  "strict": "1",
                  "extent": "19",
                  "scope": "line",
                  "state": "blank"
                },
                {
                  "node": "d",
                  "type": "nonx",
                  "ref": "P429511.48",
                  "strict": "0",
                  "extent": "rest",
                  "state": "missing"
                },
                {
                  "node": "d",
                  "subtype": "column 3r?",
                  "type": "column",
                  "ref": "P429511.r_.iii.49",
                  "n": "3",
                  "label": "r? iii"
                },
                {
                  "node": "d",
                  "type": "nonx",
                  "ref": "P429511.50",
                  "strict": "0",
                  "extent": "beginning",
                  "state": "missing"
                },
                {
                  "node": "d",
                  "type": "line-start",
                  "ref": "P429511.51",
                  "n": "1'",
                  "label": "r? iii 1'"
                },
                {
                  "node": "d",
                  "type": "nonw",
                  "ref": ""
                },
                {
                  "node": "l",
                  "frag": "[...]",
                  "id": "P429511.l352b6",
                  "ref": "P429511.51.1",
                  "inst": "%sux:x=",
                  "f": {
                    "lang": "sux",
                    "form": "x",
                    "gdl": [
                      {
                        "x": "ellipsis",
                        "id": "P429511.51.1.0",
                        "breakStart": "1",
                        "break": "missing",
                        "o": "]",
                        "breakEnd": "P429511.51.1.0"
                      }
                    ]
                  }
                },
                {
                  "node": "d",
                  "type": "line-start",
                  "ref": "P429511.52",
                  "n": "2'",
                  "label": "r? iii 2'"
                },
                {
                  "node": "d",
                  "type": "nonw",
                  "ref": ""
                },
                {
                  "node": "l",
                  "frag": "[...]",
                  "id": "P429511.l352b7",
                  "ref": "P429511.52.1",
                  "inst": "%sux:x=",
                  "f": {
                    "lang": "sux",
                    "form": "x",
                    "gdl": [
                      {
                        "x": "ellipsis",
                        "id": "P429511.52.1.0",
                        "breakStart": "1",
                        "break": "missing",
                        "o": "]",
                        "breakEnd": "P429511.52.1.0"
                      }
                    ]
                  }
                },
                {
                  "node": "d",
                  "type": "line-start",
                  "ref": "P429511.53",
                  "n": "3'",
                  "label": "r? iii 3'"
                },
                {
                  "node": "d",
                  "type": "nonw",
                  "ref": ""
                },
                {
                  "node": "l",
                  "frag": "[...]",
                  "id": "P429511.l352b8",
                  "ref": "P429511.53.1",
                  "inst": "%sux:x=",
                  "f": {
                    "lang": "sux",
                    "form": "x",
                    "gdl": [
                      {
                        "x": "ellipsis",
                        "id": "P429511.53.1.0",
                        "breakStart": "1",
                        "break": "missing",
                        "o": "]",
                        "breakEnd": "P429511.53.1.0"
                      }
                    ]
                  }
                },
                {
                  "node": "d",
                  "type": "line-start",
                  "ref": "P429511.54",
                  "n": "4'",
                  "label": "r? iii 4'"
                },
                {
                  "node": "d",
                  "type": "nonw",
                  "ref": ""
                },
                {
                  "node": "l",
                  "frag": "[...]",
                  "id": "P429511.l352b9",
                  "ref": "P429511.54.1",
                  "inst": "%sux:x=",
                  "f": {
                    "lang": "sux",
                    "form": "x",
                    "gdl": [
                      {
                        "x": "ellipsis",
                        "id": "P429511.54.1.0",
                        "breakStart": "1",
                        "break": "missing",
                        "o": "]",
                        "breakEnd": "P429511.54.1.0"
                      }
                    ]
                  }
                },
                {
                  "node": "d",
                  "type": "line-start",
                  "ref": "P429511.55",
                  "n": "5'",
                  "label": "r? iii 5'"
                },
                {
                  "node": "d",
                  "type": "nonw",
                  "ref": ""
                },
                {
                  "node": "l",
                  "frag": "[...]",
                  "id": "P429511.l352ba",
                  "ref": "P429511.55.1",
                  "inst": "%sux:x=",
                  "f": {
                    "lang": "sux",
                    "form": "x",
                    "gdl": [
                      {
                        "x": "ellipsis",
                        "id": "P429511.55.1.0",
                        "breakStart": "1",
                        "break": "missing",
                        "o": "]",
                        "breakEnd": "P429511.55.1.0"
                      }
                    ]
                  }
                },
                {
                  "node": "d",
                  "type": "line-start",
                  "ref": "P429511.56",
                  "n": "6'",
                  "label": "r? iii 6'"
                },
                {
                  "node": "d",
                  "type": "nonw",
                  "ref": ""
                },
                {
                  "node": "l",
                  "frag": "[...]",
                  "id": "P429511.l352bb",
                  "ref": "P429511.56.1",
                  "inst": "%sux:x=",
                  "f": {
                    "lang": "sux",
                    "form": "x",
                    "gdl": [
                      {
                        "x": "ellipsis",
                        "id": "P429511.56.1.0",
                        "breakStart": "1",
                        "break": "missing",
                        "o": "]",
                        "breakEnd": "P429511.56.1.0"
                      }
                    ]
                  }
                },
                {
                  "node": "d",
                  "type": "line-start",
                  "ref": "P429511.57",
                  "n": "7'",
                  "label": "r? iii 7'"
                },
                {
                  "node": "d",
                  "type": "nonw",
                  "ref": ""
                },
                {
                  "node": "l",
                  "frag": "[...]",
                  "id": "P429511.l352bc",
                  "ref": "P429511.57.1",
                  "inst": "%sux:x=",
                  "f": {
                    "lang": "sux",
                    "form": "x",
                    "gdl": [
                      {
                        "x": "ellipsis",
                        "id": "P429511.57.1.0",
                        "breakStart": "1",
                        "break": "missing",
                        "o": "]",
                        "breakEnd": "P429511.57.1.0"
                      }
                    ]
                  }
                },
                {
                  "node": "d",
                  "type": "line-start",
                  "ref": "P429511.58",
                  "n": "8'",
                  "label": "r? iii 8'"
                },
                {
                  "node": "d",
                  "type": "nonw",
                  "ref": ""
                },
                {
                  "node": "l",
                  "frag": "[...]",
                  "id": "P429511.l352bd",
                  "ref": "P429511.58.1",
                  "inst": "%sux:x=",
                  "f": {
                    "lang": "sux",
                    "form": "x",
                    "gdl": [
                      {
                        "x": "ellipsis",
                        "id": "P429511.58.1.0",
                        "breakStart": "1",
                        "break": "missing",
                        "o": "]",
                        "breakEnd": "P429511.58.1.0"
                      }
                    ]
                  }
                },
                {
                  "node": "d",
                  "type": "line-start",
                  "ref": "P429511.59",
                  "n": "9'",
                  "label": "r? iii 9'"
                },
                {
                  "node": "d",
                  "type": "nonw",
                  "ref": ""
                },
                {
                  "node": "l",
                  "frag": "[...]",
                  "id": "P429511.l352be",
                  "ref": "P429511.59.1",
                  "inst": "%sux:x=",
                  "f": {
                    "lang": "sux",
                    "form": "x",
                    "gdl": [
                      {
                        "x": "ellipsis",
                        "id": "P429511.59.1.0",
                        "breakStart": "1",
                        "break": "missing",
                        "o": "]",
                        "breakEnd": "P429511.59.1.0"
                      }
                    ]
                  }
                },
                {
                  "node": "d",
                  "type": "line-start",
                  "ref": "P429511.60",
                  "n": "10",
                  "label": "r? iii 10"
                },
                {
                  "node": "d",
                  "type": "nonw",
                  "ref": ""
                },
                {
                  "node": "l",
                  "frag": "⸢kug-babbar⸣",
                  "id": "P429511.l352bf",
                  "ref": "P429511.60.1",
                  "inst": "%sux:kug-babbar=",
                  "f": {
                    "lang": "sux",
                    "form": "kug-babbar",
                    "gdl": [
                      {
                        "v": "kug",
                        "id": "P429511.60.1.0",
                        "break": "damaged",
                        "ho": "1",
                        "delim": "-"
                      },
                      {
                        "v": "babbar",
                        "id": "P429511.60.1.1",
                        "break": "damaged",
                        "hc": "1"
                      }
                    ]
                  }
                },
                {
                  "node": "d",
                  "type": "line-start",
                  "ref": "P429511.61",
                  "n": "11",
                  "label": "r? iii 11"
                },
                {
                  "node": "d",
                  "type": "nonw",
                  "ref": ""
                },
                {
                  "node": "l",
                  "frag": "⸢kug-babbar⸣",
                  "id": "P429511.l352c0",
                  "ref": "P429511.61.1",
                  "inst": "%sux:kug-babbar=",
                  "f": {
                    "lang": "sux",
                    "form": "kug-babbar",
                    "gdl": [
                      {
                        "v": "kug",
                        "id": "P429511.61.1.0",
                        "break": "damaged",
                        "ho": "1",
                        "delim": "-"
                      },
                      {
                        "v": "babbar",
                        "id": "P429511.61.1.1",
                        "break": "damaged",
                        "hc": "1"
                      }
                    ]
                  }
                },
                {
                  "node": "d",
                  "type": "line-start",
                  "ref": "P429511.62",
                  "n": "12",
                  "label": "r? iii 12"
                },
                {
                  "node": "d",
                  "type": "nonw",
                  "ref": ""
                },
                {
                  "node": "l",
                  "frag": "⸢kug-babbar⸣",
                  "id": "P429511.l352c1",
                  "ref": "P429511.62.1",
                  "inst": "%sux:kug-babbar=",
                  "f": {
                    "lang": "sux",
                    "form": "kug-babbar",
                    "gdl": [
                      {
                        "v": "kug",
                        "id": "P429511.62.1.0",
                        "break": "damaged",
                        "ho": "1",
                        "delim": "-"
                      },
                      {
                        "v": "babbar",
                        "id": "P429511.62.1.1",
                        "break": "damaged",
                        "hc": "1"
                      }
                    ]
                  }
                },
                {
                  "node": "d",
                  "type": "line-start",
                  "ref": "P429511.63",
                  "n": "13",
                  "label": "r? iii 13"
                },
                {
                  "node": "d",
                  "type": "nonw",
                  "ref": ""
                },
                {
                  "node": "l",
                  "frag": "⸢kug⸣-babbar",
                  "id": "P429511.l352c2",
                  "ref": "P429511.63.1",
                  "inst": "%sux:kug-babbar=",
                  "f": {
                    "lang": "sux",
                    "form": "kug-babbar",
                    "gdl": [
                      {
                        "v": "kug",
                        "id": "P429511.63.1.0",
                        "break": "damaged",
                        "ho": "1",
                        "delim": "-",
                        "hc": "1"
                      },
                      {
                        "v": "babbar",
                        "id": "P429511.63.1.1"
                      }
                    ]
                  }
                },
                {
                  "node": "d",
                  "type": "line-start",
                  "ref": "P429511.64",
                  "n": "14",
                  "label": "r? iii 14"
                },
                {
                  "node": "d",
                  "type": "nonw",
                  "ref": ""
                },
                {
                  "node": "l",
                  "frag": "⸢kug⸣-babbar",
                  "id": "P429511.l352c3",
                  "ref": "P429511.64.1",
                  "inst": "%sux:kug-babbar=",
                  "f": {
                    "lang": "sux",
                    "form": "kug-babbar",
                    "gdl": [
                      {
                        "v": "kug",
                        "id": "P429511.64.1.0",
                        "break": "damaged",
                        "ho": "1",
                        "delim": "-",
                        "hc": "1"
                      },
                      {
                        "v": "babbar",
                        "id": "P429511.64.1.1"
                      }
                    ]
                  }
                },
                {
                  "node": "d",
                  "type": "line-start",
                  "ref": "P429511.65",
                  "n": "15",
                  "label": "r? iii 15"
                },
                {
                  "node": "d",
                  "type": "nonw",
                  "ref": ""
                },
                {
                  "node": "l",
                  "frag": "⸢kug-babbar⸣",
                  "id": "P429511.l352c4",
                  "ref": "P429511.65.1",
                  "inst": "%sux:kug-babbar=",
                  "f": {
                    "lang": "sux",
                    "form": "kug-babbar",
                    "gdl": [
                      {
                        "v": "kug",
                        "id": "P429511.65.1.0",
                        "break": "damaged",
                        "ho": "1",
                        "delim": "-"
                      },
                      {
                        "v": "babbar",
                        "id": "P429511.65.1.1",
                        "break": "damaged",
                        "hc": "1"
                      }
                    ]
                  }
                },
                {
                  "node": "d",
                  "type": "line-start",
                  "ref": "P429511.66",
                  "n": "16",
                  "label": "r? iii 16"
                },
                {
                  "node": "d",
                  "type": "nonw",
                  "ref": ""
                },
                {
                  "node": "l",
                  "frag": "[kug-babbar]",
                  "id": "P429511.l352c5",
                  "ref": "P429511.66.1",
                  "inst": "%sux:kug-babbar=",
                  "f": {
                    "lang": "sux",
                    "form": "kug-babbar",
                    "gdl": [
                      {
                        "v": "kug",
                        "id": "P429511.66.1.0",
                        "breakStart": "1",
                        "o": "[",
                        "break": "missing",
                        "delim": "-"
                      },
                      {
                        "v": "babbar",
                        "id": "P429511.66.1.1",
                        "break": "missing",
                        "o": "]",
                        "breakEnd": "P429511.66.1.0"
                      }
                    ]
                  }
                },
                {
                  "node": "d",
                  "type": "line-start",
                  "ref": "P429511.67",
                  "n": "17",
                  "label": "r? iii 17"
                },
                {
                  "node": "d",
                  "type": "nonw",
                  "ref": ""
                },
                {
                  "node": "l",
                  "frag": "⸢kug⸣-babbar",
                  "id": "P429511.l352c6",
                  "ref": "P429511.67.1",
                  "inst": "%sux:kug-babbar=",
                  "f": {
                    "lang": "sux",
                    "form": "kug-babbar",
                    "gdl": [
                      {
                        "v": "kug",
                        "id": "P429511.67.1.0",
                        "break": "damaged",
                        "ho": "1",
                        "delim": "-",
                        "hc": "1"
                      },
                      {
                        "v": "babbar",
                        "id": "P429511.67.1.1"
                      }
                    ]
                  }
                },
                {
                  "node": "d",
                  "type": "line-start",
                  "ref": "P429511.68",
                  "n": "18",
                  "label": "r? iii 18"
                },
                {
                  "node": "d",
                  "type": "nonw",
                  "ref": ""
                },
                {
                  "node": "l",
                  "frag": "kug-babbar",
                  "id": "P429511.l352c7",
                  "ref": "P429511.68.1",
                  "inst": "%sux:kug-babbar=",
                  "f": {
                    "lang": "sux",
                    "form": "kug-babbar",
                    "gdl": [
                      {
                        "v": "kug",
                        "id": "P429511.68.1.0",
                        "delim": "-"
                      },
                      {
                        "v": "babbar",
                        "id": "P429511.68.1.1"
                      }
                    ]
                  }
                },
                {
                  "node": "d",
                  "type": "line-start",
                  "ref": "P429511.69",
                  "n": "19",
                  "label": "r? iii 19"
                },
                {
                  "node": "d",
                  "type": "nonw",
                  "ref": ""
                },
                {
                  "node": "l",
                  "frag": "⸢kug⸣-babbar",
                  "id": "P429511.l352c8",
                  "ref": "P429511.69.1",
                  "inst": "%sux:kug-babbar=",
                  "f": {
                    "lang": "sux",
                    "form": "kug-babbar",
                    "gdl": [
                      {
                        "v": "kug",
                        "id": "P429511.69.1.0",
                        "break": "damaged",
                        "ho": "1",
                        "delim": "-",
                        "hc": "1"
                      },
                      {
                        "v": "babbar",
                        "id": "P429511.69.1.1"
                      }
                    ]
                  }
                },
                {
                  "node": "d",
                  "type": "line-start",
                  "ref": "P429511.70",
                  "n": "20",
                  "label": "r? iii 20"
                },
                {
                  "node": "d",
                  "type": "nonw",
                  "ref": ""
                },
                {
                  "node": "l",
                  "frag": "⸢kug-babbar⸣",
                  "id": "P429511.l352c9",
                  "ref": "P429511.70.1",
                  "inst": "%sux:kug-babbar=",
                  "f": {
                    "lang": "sux",
                    "form": "kug-babbar",
                    "gdl": [
                      {
                        "v": "kug",
                        "id": "P429511.70.1.0",
                        "break": "damaged",
                        "ho": "1",
                        "delim": "-"
                      },
                      {
                        "v": "babbar",
                        "id": "P429511.70.1.1",
                        "break": "damaged",
                        "hc": "1"
                      }
                    ]
                  }
                },
                {
                  "node": "d",
                  "type": "line-start",
                  "ref": "P429511.71",
                  "n": "21",
                  "label": "r? iii 21"
                },
                {
                  "node": "d",
                  "type": "nonw",
                  "ref": ""
                },
                {
                  "node": "l",
                  "frag": "kug-babbar",
                  "id": "P429511.l352ca",
                  "ref": "P429511.71.1",
                  "inst": "%sux:kug-babbar=",
                  "f": {
                    "lang": "sux",
                    "form": "kug-babbar",
                    "gdl": [
                      {
                        "v": "kug",
                        "id": "P429511.71.1.0",
                        "delim": "-"
                      },
                      {
                        "v": "babbar",
                        "id": "P429511.71.1.1"
                      }
                    ]
                  }
                },
                {
                  "node": "d",
                  "type": "line-start",
                  "ref": "P429511.72",
                  "n": "22",
                  "label": "r? iii 22"
                },
                {
                  "node": "d",
                  "type": "nonw",
                  "ref": ""
                },
                {
                  "node": "l",
                  "frag": "kug-babbar",
                  "id": "P429511.l352cb",
                  "ref": "P429511.72.1",
                  "inst": "%sux:kug-babbar=",
                  "f": {
                    "lang": "sux",
                    "form": "kug-babbar",
                    "gdl": [
                      {
                        "v": "kug",
                        "id": "P429511.72.1.0",
                        "delim": "-"
                      },
                      {
                        "v": "babbar",
                        "id": "P429511.72.1.1"
                      }
                    ]
                  }
                },
                {
                  "node": "d",
                  "type": "line-start",
                  "ref": "P429511.73",
                  "n": "23",
                  "label": "r? iii 23"
                },
                {
                  "node": "d",
                  "type": "nonw",
                  "ref": ""
                },
                {
                  "node": "l",
                  "frag": "⸢kug-babbar⸣",
                  "id": "P429511.l352cc",
                  "ref": "P429511.73.1",
                  "inst": "%sux:kug-babbar=",
                  "f": {
                    "lang": "sux",
                    "form": "kug-babbar",
                    "gdl": [
                      {
                        "v": "kug",
                        "id": "P429511.73.1.0",
                        "break": "damaged",
                        "ho": "1",
                        "delim": "-"
                      },
                      {
                        "v": "babbar",
                        "id": "P429511.73.1.1",
                        "break": "damaged",
                        "hc": "1"
                      }
                    ]
                  }
                },
                {
                  "node": "d",
                  "type": "line-start",
                  "ref": "P429511.74",
                  "n": "24",
                  "label": "r? iii 24"
                },
                {
                  "node": "l",
                  "frag": "[...]",
                  "id": "P429511.l352cd",
                  "ref": "P429511.74.1",
                  "inst": "%sux:x=",
                  "f": {
                    "lang": "sux",
                    "form": "x",
                    "delim": "",
                    "gdl": [
                      {
                        "x": "ellipsis",
                        "id": "P429511.74.1.0",
                        "breakStart": "1",
                        "break": "missing",
                        "o": "]",
                        "breakEnd": "P429511.74.1.0"
                      }
                    ]
                  }
                },
                {
                  "node": "l",
                  "frag": "⸢kug⸣-[babbar]",
                  "id": "P429511.l352ce",
                  "ref": "P429511.74.2",
                  "inst": "%sux:kug-babbar=",
                  "f": {
                    "lang": "sux",
                    "form": "kug-babbar",
                    "gdl": [
                      {
                        "v": "kug",
                        "id": "P429511.74.2.0",
                        "break": "damaged",
                        "ho": "1",
                        "delim": "-",
                        "hc": "1"
                      },
                      {
                        "v": "babbar",
                        "id": "P429511.74.2.1",
                        "breakStart": "1",
                        "o": "]",
                        "break": "missing",
                        "breakEnd": "P429511.74.2.1"
                      }
                    ]
                  }
                },
                {
                  "node": "d",
                  "type": "nonx",
                  "ref": "P429511.75",
                  "strict": "0",
                  "extent": "rest",
                  "state": "missing"
                }
              ]
            }
          ]
        }
      ]
    }
  ]
}
