{
  "type": "cdl",
  "project": "dcclt",
  "source": "http://oracc.org/dcclt",
  "license": "This data is released under the CC0 license",
  "license-url": "https://creativecommons.org/publicdomain/zero/1.0/",
  "more-info": "http://oracc.org/doc/opendata/",
  "UTC-timestamp": "2018-02-26T12:58:04",
  "textid": "P459223",
  "cdl": [
    {
      "node": "c",
      "type": "text",
      "id": "P459223.U0",
      "cdl": [
        {
          "node": "d",
          "type": "object",
          "ref": ""
        },
        {
          "node": "d",
          "type": "surface",
          "ref": ""
        },
        {
          "node": "c",
          "type": "discourse",
          "subtype": "body",
          "id": "P459223.U1",
          "cdl": [
            {
              "node": "c",
              "type": "sentence",
              "implicit": "yes",
              "id": "P459223.U2",
              "label": "1 - 3",
              "cdl": [
                {
                  "node": "d",
                  "type": "line-start",
                  "ref": "P459223.1",
                  "n": "1",
                  "label": "1"
                },
                {
                  "node": "l",
                  "frag": "{ŋeš}u₃-šub",
                  "id": "P459223.l1c03d",
                  "ref": "P459223.1.1",
                  "inst": "ušub[brick-mold]N",
                  "sig": "@dcclt%sux:{ŋeš}u₃-šub=ušub[brick-mold//brick-mold]N'N$ušub/{ŋeš}u₃-šub#~",
                  "f": {
                    "lang": "sux",
                    "form": "{ŋeš}u₃-šub",
                    "delim": "",
                    "gdl": [
                      {
                        "det": "semantic",
                        "pos": "pre",
                        "seq": [
                          {
                            "v": "ŋeš",
                            "id": "P459223.1.1.0"
                          }
                        ]
                      },
                      {
                        "v": "u₃",
                        "id": "P459223.1.1.1",
                        "delim": "-"
                      },
                      {
                        "v": "šub",
                        "id": "P459223.1.1.2"
                      }
                    ],
                    "cf": "ušub",
                    "gw": "brick-mold",
                    "sense": "brick-mold",
                    "norm0": "ušub",
                    "pos": "N",
                    "epos": "N",
                    "base": "{ŋeš}u₃-šub",
                    "morph": "~"
                  }
                },
                {
                  "node": "l",
                  "frag": "[ab]-ba",
                  "id": "P459223.l1c03e",
                  "ref": "P459223.1.2",
                  "inst": "ab[window, window opening]N",
                  "sig": "@dcclt%sux:ab-ba=ab[window//window, window opening]N'N$ab,bi.ak/ab#~,bi.ak",
                  "f": {
                    "lang": "sux",
                    "form": "ab-ba",
                    "gdl": [
                      {
                        "v": "ab",
                        "id": "P459223.1.2.0",
                        "breakStart": "1",
                        "o": "]",
                        "break": "missing",
                        "breakEnd": "P459223.1.2.0",
                        "delim": "-"
                      },
                      {
                        "v": "ba",
                        "id": "P459223.1.2.1"
                      }
                    ],
                    "cf": "ab",
                    "gw": "window",
                    "sense": "window, window opening",
                    "norm0": "ab,bi.ak",
                    "pos": "N",
                    "epos": "N",
                    "base": "ab",
                    "morph": "~,bi.ak"
                  }
                },
                {
                  "node": "d",
                  "type": "line-start",
                  "ref": "P459223.2",
                  "n": "2",
                  "label": "2"
                },
                {
                  "node": "l",
                  "frag": "{⸢ŋeš⸣}[u₃-šub",
                  "id": "P459223.l1c03f",
                  "ref": "P459223.2.1",
                  "inst": "ušub[brick-mold]N",
                  "sig": "@dcclt%sux:{ŋeš}u₃-šub=ušub[brick-mold//brick-mold]N'N$ušub/{ŋeš}u₃-šub#~",
                  "f": {
                    "lang": "sux",
                    "form": "{ŋeš}u₃-šub",
                    "delim": "",
                    "gdl": [
                      {
                        "det": "semantic",
                        "pos": "pre",
                        "seq": [
                          {
                            "v": "ŋeš",
                            "id": "P459223.2.1.0",
                            "break": "damaged",
                            "ho": "1",
                            "hc": "1"
                          }
                        ]
                      },
                      {
                        "v": "u₃",
                        "id": "P459223.2.1.1",
                        "breakStart": "1",
                        "o": "[",
                        "break": "missing",
                        "delim": "-"
                      },
                      {
                        "v": "šub",
                        "id": "P459223.2.1.2",
                        "break": "missing"
                      }
                    ],
                    "cf": "ušub",
                    "gw": "brick-mold",
                    "sense": "brick-mold",
                    "norm0": "ušub",
                    "pos": "N",
                    "epos": "N",
                    "base": "{ŋeš}u₃-šub",
                    "morph": "~"
                  }
                },
                {
                  "node": "l",
                  "frag": "sal]-⸢la⸣",
                  "id": "P459223.l1c040",
                  "ref": "P459223.2.2",
                  "inst": "sal[(to be) thin, fine]V/i",
                  "sig": "@dcclt%sux:sal-la=sal[thin//(to be) thin, fine]V/i'V/i$sal;a/sal+-la=l.a#~;a",
                  "f": {
                    "lang": "sux",
                    "form": "sal-la",
                    "gdl": [
                      {
                        "v": "sal",
                        "id": "P459223.2.2.0",
                        "break": "missing",
                        "o": "]",
                        "breakEnd": "P459223.2.1.1",
                        "delim": "-"
                      },
                      {
                        "v": "la",
                        "id": "P459223.2.2.1",
                        "break": "damaged",
                        "queried": "1",
                        "ho": "1",
                        "hc": "1"
                      }
                    ],
                    "cf": "sal",
                    "gw": "thin",
                    "sense": "(to be) thin, fine",
                    "norm0": "sal;a",
                    "pos": "V/i",
                    "epos": "V/i",
                    "base": "sal",
                    "cont": "-la=l.a",
                    "morph": "~;a"
                  }
                },
                {
                  "node": "d",
                  "type": "line-start",
                  "ref": "P459223.3",
                  "n": "3",
                  "label": "3"
                },
                {
                  "node": "l",
                  "frag": "{⸢ŋeš⸣}MA-⸢dim⸣",
                  "id": "P459223.l1c041",
                  "ref": "P459223.3.1",
                  "inst": "X",
                  "f": {
                    "lang": "sux",
                    "form": "{ŋeš}MA-dim",
                    "gdl": [
                      {
                        "det": "semantic",
                        "pos": "pre",
                        "seq": [
                          {
                            "v": "ŋeš",
                            "id": "P459223.3.1.0",
                            "break": "damaged",
                            "ho": "1",
                            "hc": "1"
                          }
                        ]
                      },
                      {
                        "s": "MA",
                        "id": "P459223.3.1.1",
                        "delim": "-"
                      },
                      {
                        "v": "dim",
                        "id": "P459223.3.1.2",
                        "break": "damaged",
                        "queried": "1",
                        "ho": "1",
                        "hc": "1"
                      }
                    ],
                    "pos": "X"
                  }
                }
              ]
            }
          ]
        }
      ]
    }
  ]
}
