{
  "type": "glossary",
  "project": "obmc",
  "source": "http://oracc.org/obmc",
  "license": "This data is released under the CC0 license",
  "license-url": "https://creativecommons.org/publicdomain/zero/1.0/",
  "more-info": "http://oracc.org/doc/opendata/",
  "UTC-timestamp": "2017-06-21T22:46:38",
  "lang": "qpn-x-waters",
  "entries": [
    {
      "headword": "Buranun[Euphrates]WN",
      "id": "qpn-x-waters.x000000",
      "icount": "1",
      "ipct": "100",
      "xis": "qpn.r00000",
      "cf": "Buranun",
      "gw": "Euphrates",
      "pos": "WN",
      "forms": [
        {
          "type": "form",
          "id": "qpn-x-waters.x000001",
          "n": "buranun",
          "icount": "1",
          "ipct": "100",
          "xis": "qpn.r00000"
        }
      ],
      "norms": [
        {
          "id": "qpn-x-waters.x000002",
          "icount": "1",
          "ipct": "100",
          "xis": "qpn.r00000",
          "n": "Buranun",
          "forms": [
            {
              "type": "normform",
              "id": "qpn-x-waters.x000003",
              "ref": "qpn-x-waters.x000001",
              "icount": "1",
              "ipct": "100",
              "xis": "qpn.r00000"
            }
          ]
        }
      ],
      "bases": [
        {
          "type": "base",
          "id": "qpn-x-waters.x000004",
          "n": "buranun",
          "icount": "1",
          "ipct": "100",
          "xis": "qpn.r00000"
        }
      ],
      "morphs": [
        {
          "type": "morph",
          "id": "qpn-x-waters.x000005",
          "n": "~",
          "icount": "1",
          "ipct": "100",
          "xis": "qpn.r00000"
        }
      ],
      "senses": [
        {
          "type": "sense",
          "id": "qpn-x-waters.x000006",
          "n": "Buranun[Euphrates//Euphrates]WN'WN",
          "icount": "1",
          "ipct": "100",
          "xis": "qpn.r00000",
          "pos": "WN",
          "mng": "Euphrates",
          "forms": [
            {
              "type": "form",
              "id": "qpn-x-waters.x000007",
              "n": "buranun",
              "icount": "1",
              "ipct": "100",
              "xis": "qpn.r00000"
            }
          ],
          "norms": [
            {
              "id": "qpn-x-waters.x000008",
              "n": "Buranun",
              "icount": "1",
              "ipct": "100",
              "xis": "qpn.r00000"
            }
          ],
          "bases": [
            {
              "type": "base",
              "id": "qpn-x-waters.x000009",
              "n": "buranun",
              "icount": "1",
              "ipct": "100",
              "xis": "qpn.r00000"
            }
          ],
          "morphs": [
            {
              "type": "morph",
              "id": "qpn-x-waters.x000010",
              "n": "~",
              "icount": "1",
              "ipct": "100",
              "xis": "qpn.r00000"
            }
          ],
          "sigs": [
            {
              "type": "sig",
              "id": "qpn-x-waters.x000011",
              "sig": "@obmc%sux:buranun=Buranun[Euphrates//Euphrates]WN'WN$Buranun/buranun#~",
              "icount": "1",
              "ipct": "100",
              "xis": "qpn.r00000"
            }
          ]
        }
      ]
    }
  ],
  "instances": {
    "qpn.r00000": [
      "obmc:P388305.22.3"
    ],
    "qpn.r00000.p.s000": [
      "obmc:P388305.22.3"
    ]
  }
}
