{
  "type": "index",
  "project": "obmc",
  "source": "http://oracc.org/obmc",
  "license": "This data is released under the CC0 license",
  "license-url": "https://creativecommons.org/publicdomain/zero/1.0/",
  "more-info": "http://oracc.org/doc/opendata/",
  "UTC-timestamp": "2017-06-21T22:46:25",
  "name": "cbd/qpn-x-places",
  "keys": [
    {
      "key": "#",
      "count": "4",
      "instances": [
        "qpn-x-places.x000012",
        "qpn-x-places.x000012",
        "qpn-x-places.x000012",
        "qpn-x-places.x000012"
      ]
    },
    {
      "key": "1",
      "count": "4",
      "instances": [
        "qpn-x-places.x000000",
        "qpn-x-places.x000000",
        "qpn-x-places.x000012",
        "qpn-x-places.x000012"
      ]
    },
    {
      "key": "a",
      "count": "4",
      "instances": [
        "qpn-x-places.x000000",
        "qpn-x-places.x000000",
        "qpn-x-places.x000000",
        "qpn-x-places.x000000"
      ]
    },
    {
      "key": "ak",
      "count": "4",
      "instances": [
        "qpn-x-places.x000000",
        "qpn-x-places.x000000",
        "qpn-x-places.x000000",
        "qpn-x-places.x000000"
      ]
    },
    {
      "key": "ki",
      "count": "4",
      "instances": [
        "qpn-x-places.x000012",
        "qpn-x-places.x000012",
        "qpn-x-places.x000012",
        "qpn-x-places.x000012"
      ]
    },
    {
      "key": "ta",
      "count": "3",
      "instances": [
        "qpn-x-places.x000012",
        "qpn-x-places.x000012",
        "qpn-x-places.x000012"
      ]
    },
    {
      "key": "apiak",
      "count": "2",
      "instances": [
        "qpn-x-places.x000000",
        "qpn-x-places.x000000"
      ]
    },
    {
      "key": "Apiak[1]",
      "count": "1",
      "instances": [
        "qpn-x-places.x000000"
      ]
    },
    {
      "key": "nibru",
      "count": "6",
      "instances": [
        "qpn-x-places.x000012",
        "qpn-x-places.x000012",
        "qpn-x-places.x000012",
        "qpn-x-places.x000012",
        "qpn-x-places.x000012",
        "qpn-x-places.x000012"
      ]
    },
    {
      "key": "Nibru[1]",
      "count": "1",
      "instances": [
        "qpn-x-places.x000012"
      ]
    },
    {
      "key": "bi₂",
      "count": "4",
      "instances": [
        "qpn-x-places.x000000",
        "qpn-x-places.x000000",
        "qpn-x-places.x000000",
        "qpn-x-places.x000000"
      ]
    }
  ],
  "map": {
    "Apiak": "apiak",
    "Nibru": "nibru"
  }
}
