{
"type": "cdl",
  "source": "http://oracc.org/saao/saa05",
  "license": "This data is released under the CC0 license",
  "license-url": "https://creativecommons.org/publicdomain/zero/1.0/",
  "more-info": "http://oracc.org/doc/opendata/",
  "UTC-timestamp": "2017-05-19T11:27:21",
"project": "saao/saa05",
"textid": "P313474",
"cdl": [
{
"node": "c",
"type": "text",
"id": "P313474.U0",
"cdl": [
{
"node": "d",
"type": "object",
"ref": ""}
,
{
"node": "d",
"subtype": "obverse",
"type": "surface",
"ref": "P313474.o.1",
"type": "obverse",
"label": "o"}
,
{
"node": "c",
"type": "discourse",
"subtype": "body",
"id": "P313474.U1",
"cdl": [
{
"node": "c",
"type": "sentence",
"id": "P313474.U2",
"label": "o 1 - r 17'",
"cdl": [
{
"node": "d",
"type": "line-start",
"ref": "P313474.2",
"n": "1",
"label": "o 1"}
,
{
"node": "l",
"frag": "[a-na",
"id": "P313474.l035cf",
"ref": "P313474.2.1",
"inst": "ana[to]PRP",
"sig": "@saao/saa05%akk-x-neoass:a-na=ana[to//to]PRP'PRP$ana",
"f": {"lang": "akk-x-neoass",
"form": "a-na",
"cf": "ana",
"gw": "to",
"sense": "to",
"norm": "ana",
"pos": "PRP",
"epos": "PRP"}
}
,
{
"node": "l",
"frag": "LUGAL]",
"id": "P313474.l035d0",
"ref": "P313474.2.2",
"inst": "šarri[king]N",
"sig": "@saao/saa05%akk-x-neoass:LUGAL=šarru[king//king]N'N$šarri",
"f": {"lang": "akk-x-neoass",
"form": "LUGAL",
"cf": "šarru",
"gw": "king",
"sense": "king",
"norm": "šarri",
"pos": "N",
"epos": "N"}
}
,
{
"node": "l",
"frag": "EN-ia",
"id": "P313474.l035d1",
"ref": "P313474.2.3",
"inst": "bēlīya[lord]N",
"sig": "@saao/saa05%akk-x-neoass:EN-ia=bēlu[lord//lord]N'N$bēlīya",
"f": {"lang": "akk-x-neoass",
"form": "EN-ia",
"cf": "bēlu",
"gw": "lord",
"sense": "lord",
"norm": "bēlīya",
"pos": "N",
"epos": "N"}
}
,
{
"node": "d",
"type": "line-start",
"ref": "P313474.3",
"n": "2",
"label": "o 2"}
,
{
"node": "l",
"frag": "[ARAD-ka",
"id": "P313474.l035d2",
"ref": "P313474.3.1",
"inst": "urdaka[servant]N",
"sig": "@saao/saa05%akk-x-neoass:ARAD-ka=ardu[slave//servant]N'N$urdaka",
"f": {"lang": "akk-x-neoass",
"form": "ARAD-ka",
"cf": "ardu",
"gw": "slave",
"sense": "servant",
"norm": "urdaka",
"pos": "N",
"epos": "N"}
}
,
{
"node": "l",
"frag": "{1}a]-⸢tan⸣-ha-{d}UTU",
"id": "P313474.l035d3",
"ref": "P313474.3.2",
"inst": "Atanha-Šamaš[]PN$",
"sig": "@saao/saa05%akk-x-neoass:{1}a-tan-ha-{d}UTU=Atanha-Šamaš[1//1]PN'PN$Atanha-Šamaš",
"f": {"lang": "akk-x-neoass",
"form": "{1}a-tan-ha-{d}UTU",
"cf": "Atanha-Šamaš",
"gw": "1",
"sense": "1",
"norm": "Atanha-Šamaš",
"pos": "PN",
"epos": "PN"}
}
,
{
"node": "d",
"type": "line-start",
"ref": "P313474.4",
"n": "3",
"label": "o 3"}
,
{
"node": "l",
"frag": "[lu",
"id": "P313474.l035d4",
"ref": "P313474.4.1",
"inst": "lū[may]MOD",
"sig": "@saao/saa05%akk-x-neoass:lu=lū[may//may]MOD'MOD$lū",
"f": {"lang": "akk-x-neoass",
"form": "lu",
"cf": "lū",
"gw": "may",
"sense": "may",
"norm": "lū",
"pos": "MOD",
"epos": "MOD"}
}
,
{
"node": "l",
"frag": "šul-mu",
"id": "P313474.l035d5",
"ref": "P313474.4.2",
"inst": "šulmu[health]N",
"sig": "@saao/saa05%akk-x-neoass:šul-mu=šulmu[completeness//health]N'N$šulmu",
"f": {"lang": "akk-x-neoass",
"form": "šul-mu",
"cf": "šulmu",
"gw": "completeness",
"sense": "health",
"norm": "šulmu",
"pos": "N",
"epos": "N"}
}
,
{
"node": "l",
"frag": "a]-⸢na⸣",
"id": "P313474.l035d6",
"ref": "P313474.4.3",
"inst": "ana[to]PRP",
"sig": "@saao/saa05%akk-x-neoass:a-na=ana[to//to]PRP'PRP$ana",
"f": {"lang": "akk-x-neoass",
"form": "a-na",
"cf": "ana",
"gw": "to",
"sense": "to",
"norm": "ana",
"pos": "PRP",
"epos": "PRP"}
}
,
{
"node": "l",
"frag": "LUGAL",
"id": "P313474.l035d7",
"ref": "P313474.4.4",
"inst": "šarri[king]N",
"sig": "@saao/saa05%akk-x-neoass:LUGAL=šarru[king//king]N'N$šarri",
"f": {"lang": "akk-x-neoass",
"form": "LUGAL",
"cf": "šarru",
"gw": "king",
"sense": "king",
"norm": "šarri",
"pos": "N",
"epos": "N"}
}
,
{
"node": "l",
"frag": "EN-ia",
"id": "P313474.l035d8",
"ref": "P313474.4.5",
"inst": "bēlīya[lord]N",
"sig": "@saao/saa05%akk-x-neoass:EN-ia=bēlu[lord//lord]N'N$bēlīya",
"f": {"lang": "akk-x-neoass",
"form": "EN-ia",
"cf": "bēlu",
"gw": "lord",
"sense": "lord",
"norm": "bēlīya",
"pos": "N",
"epos": "N"}
}
,
{
"node": "d",
"type": "line-start",
"ref": "P313474.5",
"n": "4",
"label": "o 4"}
,
{
"node": "l",
"frag": "{1}a-tar-ha]-⸢am⸣",
"id": "P313474.l035d9",
"ref": "P313474.5.1",
"inst": "Attar-ham[]PN$",
"sig": "@saao/saa05%akk-x-neoass:{1}a-tar-ha-am=Attar-ham[1//1]PN'PN$Attar-ham",
"f": {"lang": "akk-x-neoass",
"form": "{1}a-tar-ha-am",
"cf": "Attar-ham",
"gw": "1",
"sense": "1",
"norm": "Attar-ham",
"pos": "PN",
"epos": "PN"}
}
,
{
"node": "l",
"frag": "{lu₂vy}DAM.QAR",
"id": "P313474.l035da",
"ref": "P313474.5.2",
"inst": "tamkāru[merchant]N$tankāru",
"sig": "@saao/saa05%akk-x-neoass:{LU₂}DAM.QAR=tamkāru[merchant//merchant]N'N$tankāru",
"f": {"lang": "akk-x-neoass",
"form": "{LU₂}DAM.QAR",
"cf": "tamkāru",
"gw": "merchant",
"sense": "merchant",
"norm": "tankāru",
"pos": "N",
"epos": "N"}
}
,
{
"node": "l",
"frag": "E₂",
"id": "P313474.l035db",
"ref": "P313474.5.3",
"inst": "bētu[house]N",
"sig": "@saao/saa05%akk-x-neoass:E₂=bītu[house//house]N'N$bētu",
"f": {"lang": "akk-x-neoass",
"form": "E₂",
"cf": "bītu",
"gw": "house",
"sense": "house",
"norm": "bētu",
"pos": "N",
"epos": "N"}
}
,
{
"node": "l",
"frag": "lik-la-šu₂",
"id": "P313474.l035dc",
"ref": "P313474.5.4",
"inst": "kalû[hold (back)]V$liklaššu",
"sig": "@saao/saa05%akk-x-neoass:lik-la-šu₂=kalû[hold (back)//hold (back)]V'V$liklaššu",
"f": {"lang": "akk-x-neoass",
"form": "lik-la-šu₂",
"cf": "kalû",
"gw": "hold (back)",
"sense": "hold (back)",
"norm": "liklaššu",
"pos": "V",
"epos": "V"}
}
,
{
"node": "d",
"type": "line-start",
"ref": "P313474.6",
"n": "5",
"label": "o 5"}
,
{
"node": "l",
"frag": "[ina",
"id": "P313474.l035dd",
"ref": "P313474.6.1",
"inst": "ina[in]PRP",
"sig": "@saao/saa05%akk-x-neoass:ina=ina[in//in]PRP'PRP$ina",
"f": {"lang": "akk-x-neoass",
"form": "ina",
"cf": "ina",
"gw": "in",
"sense": "in",
"norm": "ina",
"pos": "PRP",
"epos": "PRP"}
}
,
{
"node": "l",
"frag": "{kur}hab]-⸢ru⸣-ri",
"id": "P313474.l035de",
"ref": "P313474.6.2",
"inst": "Habruri[]GN$",
"sig": "@saao/saa05%akk-x-neoass:{KUR}hab-ru-ri=Habruri[1//1]GN'GN$Habruri",
"f": {"lang": "akk-x-neoass",
"form": "{KUR}hab-ru-ri",
"cf": "Habruri",
"gw": "1",
"sense": "1",
"norm": "Habruri",
"pos": "GN",
"epos": "GN"}
}
,
{
"node": "l",
"frag": "šu-u₂",
"id": "P313474.l035df",
"ref": "P313474.6.3",
"inst": "šū[he]IP$šû",
"sig": "@saao/saa05%akk-x-neoass:šu-u₂=šū[he//he]IP'IP$šû",
"f": {"lang": "akk-x-neoass",
"form": "šu-u₂",
"cf": "šū",
"gw": "he",
"sense": "he",
"norm": "šû",
"pos": "IP",
"epos": "IP"}
}
,
{
"node": "l",
"frag": "UD-mu",
"id": "P313474.l035e0",
"ref": "P313474.6.4",
"inst": "ūmu[day]N",
"sig": "@saao/saa05%akk-x-neoass:UD-mu=ūmu[day//day]N'N$ūmu",
"f": {"lang": "akk-x-neoass",
"form": "UD-mu",
"cf": "ūmu",
"gw": "day",
"sense": "day",
"norm": "ūmu",
"pos": "N",
"epos": "N"}
}
,
{
"node": "d",
"type": "line-start",
"ref": "P313474.7",
"n": "6",
"label": "o 6"}
,
{
"node": "l",
"frag": "[ša",
"id": "P313474.l035e1",
"ref": "P313474.7.1",
"inst": "ša[which]REL",
"sig": "@saao/saa05%akk-x-neoass:ša=ša[that//which]REL'REL$ša",
"f": {"lang": "akk-x-neoass",
"form": "ša",
"cf": "ša",
"gw": "that",
"sense": "which",
"norm": "ša",
"pos": "REL",
"epos": "REL"}
}
,
{
"node": "c",
"type": "phrase",
"tag": "phr",
"id": "P313474.U4",
"ref": "P313474.ls00000",
"cdl": [
{
"node": "l",
"frag": "ina",
"id": "P313474.l035e2",
"ref": "P313474.7.2",
"inst": "ina[in+=before]PRP",
"sig": "@saao/saa05%akk-x-neoass:ina=ina[in//in]PRP'PRP$ina",
"f": {"lang": "akk-x-neoass",
"form": "ina",
"cf": "ina",
"gw": "in",
"sense": "in",
"norm": "ina",
"pos": "PRP",
"epos": "PRP"}
}
,
{
"node": "l",
"frag": "pa]-⸢na⸣-tu₂-u-a",
"id": "P313474.l035e3",
"ref": "P313474.7.3",
"inst": "pānātu[front]N$pānātūwa",
"sig": "@saao/saa05%akk-x-neoass:pa-na-tu₂-u-a=pānātu[front//front]N'N$pānātūwa",
"f": {"lang": "akk-x-neoass",
"form": "pa-na-tu₂-u-a",
"cf": "pānātu",
"gw": "front",
"sense": "front",
"norm": "pānātūwa",
"pos": "N",
"epos": "N"}
}
]}
,
{
"node": "l",
"frag": "ha-ri-ip",
"id": "P313474.l035e4",
"ref": "P313474.7.4",
"inst": "harpu[early]AJ$harip",
"sig": "@saao/saa05%akk-x-neoass:ha-ri-ip=harpu[early//early]AJ'AJ$harip",
"f": {"lang": "akk-x-neoass",
"form": "ha-ri-ip",
"cf": "harpu",
"gw": "early",
"sense": "early",
"norm": "harip",
"pos": "AJ",
"epos": "AJ"}
}
,
{
"node": "l",
"frag": "ina",
"id": "P313474.l035e5",
"ref": "P313474.7.5",
"inst": "ina[in]PRP",
"sig": "@saao/saa05%akk-x-neoass:ina=ina[in//in]PRP'PRP$ina",
"f": {"lang": "akk-x-neoass",
"form": "ina",
"cf": "ina",
"gw": "in",
"sense": "in",
"norm": "ina",
"pos": "PRP",
"epos": "PRP"}
}
,
{
"node": "l",
"frag": "{uru}har-gi",
"id": "P313474.l035e6",
"ref": "P313474.7.6",
"inst": "Hargu[]GN$Hargi",
"sig": "@saao/saa05%akk-x-neoass:{URU}har-gi=Hargu[1//1]GN'GN$Hargi",
"f": {"lang": "akk-x-neoass",
"form": "{URU}har-gi",
"cf": "Hargu",
"gw": "1",
"sense": "1",
"norm": "Hargi",
"pos": "GN",
"epos": "GN"}
}
,
{
"node": "d",
"type": "line-start",
"ref": "P313474.8",
"n": "7",
"label": "o 7"}
,
{
"node": "l",
"frag": "[il]-⸢lak⸣",
"id": "P313474.l035e7",
"ref": "P313474.8.1",
"inst": "illak[go]V",
"sig": "@saao/saa05%akk-x-neoass:il-lak=alāku[go//go]V'V$illak",
"f": {"lang": "akk-x-neoass",
"form": "il-lak",
"cf": "alāku",
"gw": "go",
"sense": "go",
"norm": "illak",
"pos": "V",
"epos": "V"}
}
,
{
"node": "l",
"frag": "kas-pu-šu₂",
"id": "P313474.l035e8",
"ref": "P313474.8.2",
"inst": "kaspu[silver//money]N$kaspūšu",
"sig": "@saao/saa05%akk-x-neoass:kas-pu-šu₂=kaspu[silver//money]N'N$kaspūšu",
"f": {"lang": "akk-x-neoass",
"form": "kas-pu-šu₂",
"cf": "kaspu",
"gw": "silver",
"sense": "money",
"norm": "kaspūšu",
"pos": "N",
"epos": "N"}
}
,
{
"node": "c",
"type": "phrase",
"tag": "phr",
"id": "P313474.U5",
"ref": "P313474.ls00001",
"cdl": [
{
"node": "l",
"frag": "ina",
"id": "P313474.l035e9",
"ref": "P313474.8.3",
"inst": "ina[in+=there]PRP",
"sig": "@saao/saa05%akk-x-neoass:ina=ina[in//in]PRP'PRP$ina",
"f": {"lang": "akk-x-neoass",
"form": "ina",
"cf": "ina",
"gw": "in",
"sense": "in",
"norm": "ina",
"pos": "PRP",
"epos": "PRP"}
}
,
{
"node": "l",
"frag": "ŠA₃-bi",
"id": "P313474.l035ea",
"ref": "P313474.8.4",
"inst": "libbi[interior]N",
"sig": "@saao/saa05%akk-x-neoass:ŠA₃-bi=libbu[interior//interior]N'N$libbi",
"f": {"lang": "akk-x-neoass",
"form": "ŠA₃-bi",
"cf": "libbu",
"gw": "interior",
"sense": "interior",
"norm": "libbi",
"pos": "N",
"epos": "N"}
}
]}
,
{
"node": "d",
"type": "line-start",
"ref": "P313474.9",
"n": "8",
"label": "o 8"}
,
{
"node": "l",
"frag": "[x",
"id": "P313474.l035eb",
"ref": "P313474.9.1",
"inst": "u",
"f": {"lang": "akk-x-neoass",
"form": "x",
"pos": "u"}
}
,
{
"node": "l",
"frag": "x",
"id": "P313474.l035ec",
"ref": "P313474.9.2",
"inst": "u",
"f": {"lang": "akk-x-neoass",
"form": "x",
"pos": "u"}
}
,
{
"node": "l",
"frag": "x]+⸢x⸣",
"id": "P313474.l035ed",
"ref": "P313474.9.3",
"inst": "u",
"f": {"lang": "akk-x-neoass",
"form": "x+x",
"pos": "u"}
}
,
{
"node": "l",
"frag": "u₂-ša₂-da\\d-an",
"id": "P313474.l035ee",
"ref": "P313474.9.4",
"inst": "tadānu[give//put on sale]V$ušaddan",
"sig": "@saao/saa05%akk-x-neoass:u₂-ša₂-da-an=tadānu[give//put on sale]V'V$ušaddan",
"f": {"lang": "akk-x-neoass",
"form": "u₂-ša₂-da-an",
"cf": "tadānu",
"gw": "give",
"sense": "put on sale",
"norm": "ušaddan",
"pos": "V",
"epos": "V"}
}
,
{
"node": "d",
"type": "line-start",
"ref": "P313474.10",
"n": "9",
"label": "o 9"}
,
{
"node": "l",
"frag": "[x",
"id": "P313474.l035ef",
"ref": "P313474.10.1",
"inst": "u",
"f": {"lang": "akk-x-neoass",
"form": "x",
"pos": "u"}
}
,
{
"node": "l",
"frag": "x",
"id": "P313474.l035f0",
"ref": "P313474.10.2",
"inst": "u",
"f": {"lang": "akk-x-neoass",
"form": "x",
"pos": "u"}
}
,
{
"node": "c",
"type": "phrase",
"tag": "phr",
"id": "P313474.U6",
"ref": "P313474.ls00002",
"cdl": [
{
"node": "l",
"frag": "ina",
"id": "P313474.l035f1",
"ref": "P313474.10.3",
"inst": "ina[in+=there]PRP",
"sig": "@saao/saa05%akk-x-neoass:ina=ina[in//in]PRP'PRP$ina",
"f": {"lang": "akk-x-neoass",
"form": "ina",
"cf": "ina",
"gw": "in",
"sense": "in",
"norm": "ina",
"pos": "PRP",
"epos": "PRP"}
}
,
{
"node": "l",
"frag": "ŠA₃]-bi",
"id": "P313474.l035f2",
"ref": "P313474.10.4",
"inst": "libbi[interior]N",
"sig": "@saao/saa05%akk-x-neoass:ŠA₃-bi=libbu[interior//interior]N'N$libbi",
"f": {"lang": "akk-x-neoass",
"form": "ŠA₃-bi",
"cf": "libbu",
"gw": "interior",
"sense": "interior",
"norm": "libbi",
"pos": "N",
"epos": "N"}
}
]}
,
{
"node": "l",
"frag": "⸢e-tap⸣-šu",
"id": "P313474.l035f3",
"ref": "P313474.10.5",
"inst": "epēšu[do//make]V$ētapšu",
"sig": "@saao/saa05%akk-x-neoass:e-tap-šu=epēšu[do//make]V'V$ētapšu",
"f": {"lang": "akk-x-neoass",
"form": "e-tap-šu",
"cf": "epēšu",
"gw": "do",
"sense": "make",
"norm": "ētapšu",
"pos": "V",
"epos": "V"}
}
,
{
"node": "l",
"frag": "a-ṣa-ba-su",
"id": "P313474.l035f4",
"ref": "P313474.10.6",
"inst": "ṣabātu[seize]V$aṣṣabassu",
"sig": "@saao/saa05%akk-x-neoass:a-ṣa-ba-su=ṣabātu[seize//seize]V'V$aṣṣabassu",
"f": {"lang": "akk-x-neoass",
"form": "a-ṣa-ba-su",
"cf": "ṣabātu",
"gw": "seize",
"sense": "seize",
"norm": "aṣṣabassu",
"pos": "V",
"epos": "V"}
}
,
{
"node": "d",
"type": "line-start",
"ref": "P313474.11",
"n": "10",
"label": "o 10"}
,
{
"node": "l",
"frag": "[mu-uk",
"id": "P313474.l035f5",
"ref": "P313474.11.1",
"inst": "muk[saying]PRP",
"sig": "@saao/saa05%akk-x-neoass:mu-uk=muk[saying//saying]PRP'PRP$muk",
"f": {"lang": "akk-x-neoass",
"form": "mu-uk",
"cf": "muk",
"gw": "saying",
"sense": "saying",
"norm": "muk",
"pos": "PRP",
"epos": "PRP"}
}
,
{
"node": "l",
"frag": "la]",
"id": "P313474.l035f6",
"ref": "P313474.11.2",
"inst": "lā[not]MOD",
"sig": "@saao/saa05%akk-x-neoass:la=lā[not//not]MOD'MOD$lā",
"f": {"lang": "akk-x-neoass",
"form": "la",
"cf": "lā",
"gw": "not",
"sense": "not",
"norm": "lā",
"pos": "MOD",
"epos": "MOD"}
}
,
{
"node": "l",
"frag": "DUMU-LUGAL",
"id": "P313474.l035f7",
"ref": "P313474.11.3",
"cof-tails": "P313474.l035f8",
"inst": "māru[son]N$mār&šarru[king]N$šarri",
"sig": "@saao/saa05%akk-x-neoass:DUMU-LUGAL=māru[son//son]N'N$mār&&@saao%akk-x-neoass:=šarru[king//king]N'N$šarri",
"f": {"lang": "akk-x-neoass",
"form": "DUMU-LUGAL",
"cf": "māru",
"gw": "son",
"sense": "son",
"norm": "mār",
"pos": "N",
"epos": "N"}
}
,
{
"node": "l",
"frag": "DUMU-LUGAL",
"id": "P313474.l035f8",
"ref": "P313474.11.3",
"cof-head": "P313474.l035f7",
"inst": "māru[son]N$mār&šarru[king]N$šarri",
"tail-sig": "@saao%akk-x-neoass:=šarru[king//king]N'N$šarri",
"f": {"lang": "akk-x-neoass",
"form": "DUMU-LUGAL",
"cf": "šarru",
"gw": "king",
"sense": "king",
"norm": "šarri",
"pos": "N",
"epos": "N"}
}
,
{
"node": "l",
"frag": "EN-ni",
"id": "P313474.l035f9",
"ref": "P313474.11.4",
"inst": "bēlīni[lord]N",
"sig": "@saao/saa05%akk-x-neoass:EN-ni=bēlu[lord//lord]N'N$bēlīni",
"f": {"lang": "akk-x-neoass",
"form": "EN-ni",
"cf": "bēlu",
"gw": "lord",
"sense": "lord",
"norm": "bēlīni",
"pos": "N",
"epos": "N"}
}
,
{
"node": "d",
"type": "line-start",
"ref": "P313474.12",
"n": "11",
"label": "o 11"}
,
{
"node": "l",
"frag": "[ki-i]",
"id": "P313474.l035fa",
"ref": "P313474.12.1",
"inst": "kī[like]PRP$kî",
"sig": "@saao/saa05%akk-x-neoass:ki-i=kī[like//like]PRP'PRP$kî",
"f": {"lang": "akk-x-neoass",
"form": "ki-i",
"cf": "kī",
"gw": "like",
"sense": "like",
"norm": "kî",
"pos": "PRP",
"epos": "PRP"}
}
,
{
"node": "l",
"frag": "⸢an⸣-ni-i",
"id": "P313474.l035fb",
"ref": "P313474.12.2",
"inst": "annû[this]DP$annî",
"sig": "@saao/saa05%akk-x-neoass:an-ni-i=annû[this//this]DP'DP$annî",
"f": {"lang": "akk-x-neoass",
"form": "an-ni-i",
"cf": "annû",
"gw": "this",
"sense": "this",
"norm": "annî",
"pos": "DP",
"epos": "DP"}
}
,
{
"node": "l",
"frag": "ma-a",
"id": "P313474.l035fc",
"ref": "P313474.12.3",
"inst": "mā[saying]PRP",
"sig": "@saao/saa05%akk-x-neoass:ma-a=mā[saying//saying]PRP'PRP$mā",
"f": {"lang": "akk-x-neoass",
"form": "ma-a",
"cf": "mā",
"gw": "saying",
"sense": "saying",
"norm": "mā",
"pos": "PRP",
"epos": "PRP"}
}
,
{
"node": "l",
"frag": "me-me-ni",
"id": "P313474.l035fd",
"ref": "P313474.12.4",
"inst": "memēni[somebody//anybody]XP$memmēni",
"sig": "@saao/saa05%akk-x-neoass:me-me-ni=memēni[somebody//anybody]XP'XP$memmēni",
"f": {"lang": "akk-x-neoass",
"form": "me-me-ni",
"cf": "memēni",
"gw": "somebody",
"sense": "anybody",
"norm": "memmēni",
"pos": "XP",
"epos": "XP"}
}
,
{
"node": "d",
"type": "line-start",
"ref": "P313474.13",
"n": "12",
"label": "o 12"}
,
{
"node": "l",
"frag": "{[lu₂vy}ŠAM₂\\m]-MEŠ\\m",
"id": "P313474.l035fe",
"ref": "P313474.13.1",
"inst": "ša-šīmi[man bought//bought slave]N$ša-šīmī",
"sig": "@saao/saa05%akk-x-neoass:{LU₂}ŠAM₂-MEŠ=ša-šīmi[man bought//bought slave]N'N$ša-šīmī",
"f": {"lang": "akk-x-neoass",
"form": "{LU₂}ŠAM₂-MEŠ",
"cf": "ša-šīmi",
"gw": "man bought",
"sense": "bought slave",
"norm": "ša-šīmī",
"pos": "N",
"epos": "N"}
}
,
{
"node": "l",
"frag": "a-na",
"id": "P313474.l035ff",
"ref": "P313474.13.2",
"inst": "ana[to]PRP",
"sig": "@saao/saa05%akk-x-neoass:a-na=ana[to//to]PRP'PRP$ana",
"f": {"lang": "akk-x-neoass",
"form": "a-na",
"cf": "ana",
"gw": "to",
"sense": "to",
"norm": "ana",
"pos": "PRP",
"epos": "PRP"}
}
,
{
"node": "l",
"frag": "ka-a-ri",
"id": "P313474.l03600",
"ref": "P313474.13.3",
"inst": "kāru[quay]N$kāri",
"sig": "@saao/saa05%akk-x-neoass:ka-a-ri=kāru[quay//quay]N'N$kāri",
"f": {"lang": "akk-x-neoass",
"form": "ka-a-ri",
"cf": "kāru",
"gw": "quay",
"sense": "quay",
"norm": "kāri",
"pos": "N",
"epos": "N"}
}
,
{
"node": "l",
"frag": "lu-u",
"id": "P313474.l03601",
"ref": "P313474.13.4",
"inst": "lū[may]MOD",
"sig": "@saao/saa05%akk-x-neoass:lu-u=lū[may//may]MOD'MOD$lū",
"f": {"lang": "akk-x-neoass",
"form": "lu-u",
"cf": "lū",
"gw": "may",
"sense": "may",
"norm": "lū",
"pos": "MOD",
"epos": "MOD"}
}
,
{
"node": "l",
"frag": "la",
"id": "P313474.l03602",
"ref": "P313474.13.5",
"inst": "lā[not]MOD",
"sig": "@saao/saa05%akk-x-neoass:la=lā[not//not]MOD'MOD$lā",
"f": {"lang": "akk-x-neoass",
"form": "la",
"cf": "lā",
"gw": "not",
"sense": "not",
"norm": "lā",
"pos": "MOD",
"epos": "MOD"}
}
,
{
"node": "l",
"frag": "u₂-ši-la",
"id": "P313474.l03603",
"ref": "P313474.13.6",
"inst": "elû[go up//take up]V$ušilla",
"sig": "@saao/saa05%akk-x-neoass:u₂-ši-la=elû[go up//take up]V'V$ušilla",
"f": {"lang": "akk-x-neoass",
"form": "u₂-ši-la",
"cf": "elû",
"gw": "go up",
"sense": "take up",
"norm": "ušilla",
"pos": "V",
"epos": "V"}
}
,
{
"node": "d",
"type": "line-start",
"ref": "P313474.14",
"n": "13",
"label": "o 13"}
,
{
"node": "l",
"frag": "[a]-⸢ta⸣-a",
"id": "P313474.l03604",
"ref": "P313474.14.1",
"inst": "atâ[why?]QP",
"sig": "@saao/saa05%akk-x-neoass:a-ta-a=atā[why?//why?]QP'QP$atâ",
"f": {"lang": "akk-x-neoass",
"form": "a-ta-a",
"cf": "atā",
"gw": "why?",
"sense": "why?",
"norm": "atâ",
"pos": "QP",
"epos": "QP"}
}
,
{
"node": "l",
"frag": "at-ta",
"id": "P313474.l03605",
"ref": "P313474.14.2",
"inst": "atta[you]IP",
"sig": "@saao/saa05%akk-x-neoass:at-ta=atta[you//you]IP'IP$atta",
"f": {"lang": "akk-x-neoass",
"form": "at-ta",
"cf": "atta",
"gw": "you",
"sense": "you",
"norm": "atta",
"pos": "IP",
"epos": "IP"}
}
,
{
"node": "l",
"frag": "{lu₂vy}ŠAM₂\\m-MEŠ\\m",
"id": "P313474.l03606",
"ref": "P313474.14.3",
"inst": "ša-šīmi[man bought//bought slave]N$ša-šīmī",
"sig": "@saao/saa05%akk-x-neoass:{LU₂}ŠAM₂-MEŠ=ša-šīmi[man bought//bought slave]N'N$ša-šīmī",
"f": {"lang": "akk-x-neoass",
"form": "{LU₂}ŠAM₂-MEŠ",
"cf": "ša-šīmi",
"gw": "man bought",
"sense": "bought slave",
"norm": "ša-šīmī",
"pos": "N",
"epos": "N"}
}
,
{
"node": "d",
"type": "line-start",
"ref": "P313474.15",
"n": "14",
"label": "o 14"}
,
{
"node": "l",
"frag": "[ina]",
"id": "P313474.l03607",
"ref": "P313474.15.1",
"inst": "ina[in//at]PRP$",
"sig": "@saao/saa05%akk-x-neoass:ina=ina[in//at]PRP'PRP$ina",
"f": {"lang": "akk-x-neoass",
"form": "ina",
"cf": "ina",
"gw": "in",
"sense": "at",
"norm": "ina",
"pos": "PRP",
"epos": "PRP"}
}
,
{
"node": "l",
"frag": "⸢MA⸣.NA\\t-a.a",
"id": "P313474.l03608",
"ref": "P313474.15.2",
"inst": "manû[unit//a unit of weight]N$manâya",
"sig": "@saao/saa05%akk-x-neoass:MA.NA-a.a=manû[unit//a unit of weight]N'N$manâya",
"f": {"lang": "akk-x-neoass",
"form": "MA.NA-a.a",
"cf": "manû",
"gw": "unit",
"sense": "a unit of weight",
"norm": "manâya",
"pos": "N",
"epos": "N"}
}
,
{
"node": "l",
"frag": "tu₂-še-li\\tp",
"id": "P313474.l03609",
"ref": "P313474.15.3",
"inst": "elû[go up//take up]V$tušēli",
"sig": "@saao/saa05%akk-x-neoass:tu₂-še-li=elû[go up//take up]V'V$tušēli",
"f": {"lang": "akk-x-neoass",
"form": "tu₂-še-li",
"cf": "elû",
"gw": "go up",
"sense": "take up",
"norm": "tušēli",
"pos": "V",
"epos": "V"}
}
,
{
"node": "d",
"type": "line-start",
"ref": "P313474.16",
"n": "15",
"label": "o 15"}
,
{
"node": "l",
"frag": "[ša₂]-⸢daq⸣-di-iš",
"id": "P313474.l0360a",
"ref": "P313474.16.1",
"inst": "šaddaqda[last year]AV$šaddaqdiš",
"sig": "@saao/saa05%akk-x-neoass:ša₂-daq-di-iš=šaddaqda[last year//last year]AV'AV$šaddaqdiš",
"f": {"lang": "akk-x-neoass",
"form": "ša₂-daq-di-iš",
"cf": "šaddaqda",
"gw": "last year",
"sense": "last year",
"norm": "šaddaqdiš",
"pos": "AV",
"epos": "AV"}
}
,
{
"node": "l",
"frag": "be₂-et\\m",
"id": "P313474.l0360b",
"ref": "P313474.16.2",
"inst": "bīt[where//when]SBJ$",
"sig": "@saao/saa05%akk-x-neoass:be₂-et=bīt[where//when]SBJ'SBJ$bīt",
"f": {"lang": "akk-x-neoass",
"form": "be₂-et",
"cf": "bīt",
"gw": "where",
"sense": "when",
"norm": "bīt",
"pos": "SBJ",
"epos": "SBJ"}
}
,
{
"node": "l",
"frag": "LUGAL",
"id": "P313474.l0360c",
"ref": "P313474.16.3",
"inst": "šarru[king]N",
"sig": "@saao/saa05%akk-x-neoass:LUGAL=šarru[king//king]N'N$šarru",
"f": {"lang": "akk-x-neoass",
"form": "LUGAL",
"cf": "šarru",
"gw": "king",
"sense": "king",
"norm": "šarru",
"pos": "N",
"epos": "N"}
}
,
{
"node": "l",
"frag": "EN",
"id": "P313474.l0360d",
"ref": "P313474.16.4",
"inst": "bēlī[lord]N",
"sig": "@saao/saa05%akk-x-neoass:EN=bēlu[lord//lord]N'N$bēlī",
"f": {"lang": "akk-x-neoass",
"form": "EN",
"cf": "bēlu",
"gw": "lord",
"sense": "lord",
"norm": "bēlī",
"pos": "N",
"epos": "N"}
}
,
{
"node": "d",
"type": "line-start",
"ref": "P313474.17",
"n": "16",
"label": "o 16"}
,
{
"node": "l",
"frag": "[la]-a",
"id": "P313474.l0360e",
"ref": "P313474.17.1",
"inst": "lā[not]MOD",
"sig": "@saao/saa05%akk-x-neoass:la-a=lā[not//not]MOD'MOD$lā",
"f": {"lang": "akk-x-neoass",
"form": "la-a",
"cf": "lā",
"gw": "not",
"sense": "not",
"norm": "lā",
"pos": "MOD",
"epos": "MOD"}
}
,
{
"node": "l",
"frag": "u₂-ši\\d-bu-u-ni",
"id": "P313474.l0360f",
"ref": "P313474.17.2",
"inst": "ašābu[sit (down)//enthrone]V$ūšibūni",
"sig": "@saao/saa05%akk-x-neoass:u₂-ši-bu-u-ni=ašābu[sit (down)//enthrone]V'V$ūšibūni",
"f": {"lang": "akk-x-neoass",
"form": "u₂-ši-bu-u-ni",
"cf": "ašābu",
"gw": "sit (down)",
"sense": "enthrone",
"norm": "ūšibūni",
"pos": "V",
"epos": "V"}
}
,
{
"node": "d",
"type": "line-start",
"ref": "P313474.18",
"n": "17",
"label": "o 17"}
,
{
"node": "l",
"frag": "{[lu₂vy]}⸢ŠAM₂\\m⸣",
"id": "P313474.l03610",
"ref": "P313474.18.1",
"inst": "ša-šīmi[bought slave]N",
"sig": "@saao/saa05%akk-x-neoass:{LU₂}ŠAM₂=ša-šīmi[man bought//bought slave]N'N$ša-šīmi",
"f": {"lang": "akk-x-neoass",
"form": "{LU₂}ŠAM₂",
"cf": "ša-šīmi",
"gw": "man bought",
"sense": "bought slave",
"norm": "ša-šīmi",
"pos": "N",
"epos": "N"}
}
,
{
"node": "l",
"frag": "a-na\\t",
"id": "P313474.l03611",
"ref": "P313474.18.2",
"inst": "ana[to]PRP",
"sig": "@saao/saa05%akk-x-neoass:a-na=ana[to//to]PRP'PRP$ana",
"f": {"lang": "akk-x-neoass",
"form": "a-na",
"cf": "ana",
"gw": "to",
"sense": "to",
"norm": "ana",
"pos": "PRP",
"epos": "PRP"}
}
,
{
"node": "l",
"frag": "{uru}ka-a-ri",
"id": "P313474.l03612",
"ref": "P313474.18.3",
"inst": "kāru[quay]N$kāri",
"sig": "@saao/saa05%akk-x-neoass:{URU}ka-a-ri=kāru[quay//quay]N'N$kāri",
"f": {"lang": "akk-x-neoass",
"form": "{URU}ka-a-ri",
"cf": "kāru",
"gw": "quay",
"sense": "quay",
"norm": "kāri",
"pos": "N",
"epos": "N"}
}
,
{
"node": "d",
"type": "line-start",
"ref": "P313474.19",
"n": "18",
"label": "o 18"}
,
{
"node": "l",
"frag": "[u₂-se-li]",
"id": "P313474.l03613",
"ref": "P313474.19.1",
"inst": "elû[go up//take up]V$ussēli",
"sig": "@saao/saa05%akk-x-neoass:u₂-se-li=elû[go up//take up]V'V$ussēli",
"f": {"lang": "akk-x-neoass",
"form": "u₂-se-li",
"cf": "elû",
"gw": "go up",
"sense": "take up",
"norm": "ussēli",
"pos": "V",
"epos": "V"}
}
,
{
"node": "l",
"frag": "LUGAL",
"id": "P313474.l03614",
"ref": "P313474.19.2",
"inst": "šarru[king]N",
"sig": "@saao/saa05%akk-x-neoass:LUGAL=šarru[king//king]N'N$šarru",
"f": {"lang": "akk-x-neoass",
"form": "LUGAL",
"cf": "šarru",
"gw": "king",
"sense": "king",
"norm": "šarru",
"pos": "N",
"epos": "N"}
}
,
{
"node": "l",
"frag": "EN",
"id": "P313474.l03615",
"ref": "P313474.19.3",
"inst": "bēlī[lord]N",
"sig": "@saao/saa05%akk-x-neoass:EN=bēlu[lord//lord]N'N$bēlī",
"f": {"lang": "akk-x-neoass",
"form": "EN",
"cf": "bēlu",
"gw": "lord",
"sense": "lord",
"norm": "bēlī",
"pos": "N",
"epos": "N"}
}
,
{
"node": "l",
"frag": "ina",
"id": "P313474.l03616",
"ref": "P313474.19.4",
"inst": "ina[in]PRP",
"sig": "@saao/saa05%akk-x-neoass:ina=ina[in//in]PRP'PRP$ina",
"f": {"lang": "akk-x-neoass",
"form": "ina",
"cf": "ina",
"gw": "in",
"sense": "in",
"norm": "ina",
"pos": "PRP",
"epos": "PRP"}
}
,
{
"node": "l",
"frag": "qa-⸢ti⸣-[šu₂]",
"id": "P313474.l03617",
"ref": "P313474.19.5",
"inst": "qātu[hand]N$qātīšu",
"sig": "@saao/saa05%akk-x-neoass:qa-ti-šu₂=qātu[hand//hand]N'N$qātīšu",
"f": {"lang": "akk-x-neoass",
"form": "qa-ti-šu₂",
"cf": "qātu",
"gw": "hand",
"sense": "hand",
"norm": "qātīšu",
"pos": "N",
"epos": "N"}
}
,
{
"node": "d",
"type": "line-start",
"ref": "P313474.20",
"n": "19",
"label": "o 19"}
,
{
"node": "l",
"frag": "[lu-ba-ʾi",
"id": "P313474.l03618",
"ref": "P313474.20.1",
"inst": "buʾʾû[look for]V$lubaʾʾi",
"sig": "@saao/saa05%akk-x-neoass:lu-ba-ʾi=buʾʾû[look for//look for]V'V$lubaʾʾi",
"f": {"lang": "akk-x-neoass",
"form": "lu-ba-ʾi",
"cf": "buʾʾû",
"gw": "look for",
"sense": "look for",
"norm": "lubaʾʾi",
"pos": "V",
"epos": "V"}
}
,
{
"node": "l",
"frag": "x]+⸢x",
"id": "P313474.l03619",
"ref": "P313474.20.2",
"inst": "u",
"f": {"lang": "akk-x-neoass",
"form": "x+x",
"pos": "u"}
}
,
{
"node": "l",
"frag": "a",
"id": "P313474.l0361a",
"ref": "P313474.20.3",
"inst": "u",
"f": {"lang": "akk-x-neoass",
"form": "a",
"pos": "u"}
}
,
{
"node": "l",
"frag": "x⸣+[x",
"id": "P313474.l0361b",
"ref": "P313474.20.4",
"inst": "u",
"f": {"lang": "akk-x-neoass",
"form": "x+x",
"pos": "u"}
}
,
{
"node": "l",
"frag": "x",
"id": "P313474.l0361c",
"ref": "P313474.20.5",
"inst": "u",
"f": {"lang": "akk-x-neoass",
"form": "x",
"pos": "u"}
}
,
{
"node": "l",
"frag": "x",
"id": "P313474.l0361d",
"ref": "P313474.20.6",
"inst": "u",
"f": {"lang": "akk-x-neoass",
"form": "x",
"pos": "u"}
}
,
{
"node": "l",
"frag": "x]",
"id": "P313474.l0361e",
"ref": "P313474.20.7",
"inst": "u",
"f": {"lang": "akk-x-neoass",
"form": "x",
"pos": "u"}
}
,
{
"node": "d",
"type": "nonx",
"ref": "P313474.21",
"strict": "0",
"extent": "rest",
"scope": "line",
"state": "missing"}
,
{
"node": "d",
"subtype": "reverse",
"type": "surface",
"ref": "P313474.r.22",
"type": "reverse",
"label": "r"}
,
{
"node": "d",
"type": "nonx",
"ref": "P313474.23",
"strict": "0",
"extent": "beginning",
"state": "missing"}
,
{
"node": "d",
"type": "line-start",
"ref": "P313474.24",
"n": "1'",
"label": "r 1'"}
,
{
"node": "l",
"frag": "{1}x",
"id": "P313474.l0361f",
"ref": "P313474.24.1",
"inst": "u",
"f": {"lang": "akk-x-neoass",
"form": "{1}x",
"pos": "u"}
}
,
{
"node": "l",
"frag": "x",
"id": "P313474.l03620",
"ref": "P313474.24.2",
"inst": "u",
"f": {"lang": "akk-x-neoass",
"form": "x",
"pos": "u"}
}
,
{
"node": "l",
"frag": "x",
"id": "P313474.l03621",
"ref": "P313474.24.3",
"inst": "u",
"f": {"lang": "akk-x-neoass",
"form": "x",
"pos": "u"}
}
,
{
"node": "l",
"frag": "ša]",
"id": "P313474.l03622",
"ref": "P313474.24.4",
"inst": "ša[who]REL",
"sig": "@saao/saa05%akk-x-neoass:ša=ša[that//who]REL'REL$ša",
"f": {"lang": "akk-x-neoass",
"form": "ša",
"cf": "ša",
"gw": "that",
"sense": "who",
"norm": "ša",
"pos": "REL",
"epos": "REL"}
}
,
{
"node": "l",
"frag": "ŠU.2",
"id": "P313474.l03623",
"ref": "P313474.24.5",
"inst": "qātē[hand]N",
"sig": "@saao/saa05%akk-x-neoass:ŠU.2=qātu[hand//hand]N'N$qātē",
"f": {"lang": "akk-x-neoass",
"form": "ŠU.2",
"cf": "qātu",
"gw": "hand",
"sense": "hand",
"norm": "qātē",
"pos": "N",
"epos": "N"}
}
,
{
"node": "l",
"frag": "{1}za-⸢mi⸣-[x",
"id": "P313474.l03624",
"ref": "P313474.24.6",
"inst": "u",
"f": {"lang": "akk-x-neoass",
"form": "{1}za-mi-x",
"pos": "u"}
}
,
{
"node": "l",
"frag": "x",
"id": "P313474.l03625",
"ref": "P313474.24.7",
"inst": "u",
"f": {"lang": "akk-x-neoass",
"form": "x",
"pos": "u"}
}
,
{
"node": "l",
"frag": "x]",
"id": "P313474.l03626",
"ref": "P313474.24.8",
"inst": "u",
"f": {"lang": "akk-x-neoass",
"form": "x",
"pos": "u"}
}
,
{
"node": "d",
"type": "line-start",
"ref": "P313474.25",
"n": "2'",
"label": "r 2'"}
,
{
"node": "l",
"frag": "{1}x-x-x]+⸢x⸣-aʾ",
"id": "P313474.l03627",
"ref": "P313474.25.1",
"inst": "u",
"f": {"lang": "akk-x-neoass",
"form": "{1}x-x-x+x-aʾ",
"pos": "u"}
}
,
{
"node": "l",
"frag": "ARAD\\p",
"id": "P313474.l03628",
"ref": "P313474.25.2",
"inst": "urdu[servant]N",
"sig": "@saao/saa05%akk-x-neoass:ARAD=ardu[slave//servant]N'N$urdu",
"f": {"lang": "akk-x-neoass",
"form": "ARAD",
"cf": "ardu",
"gw": "slave",
"sense": "servant",
"norm": "urdu",
"pos": "N",
"epos": "N"}
}
,
{
"node": "l",
"frag": "ša\\dy",
"id": "P313474.l03629",
"ref": "P313474.25.3",
"inst": "ša[of]DET",
"sig": "@saao/saa05%akk-x-neoass:ša=ša[of//of]DET'DET$ša",
"f": {"lang": "akk-x-neoass",
"form": "ša",
"cf": "ša",
"gw": "of",
"sense": "of",
"norm": "ša",
"pos": "DET",
"epos": "DET"}
}
,
{
"node": "l",
"frag": "{1}⸢x⸣+[x",
"id": "P313474.l0362a",
"ref": "P313474.25.4",
"inst": "u",
"f": {"lang": "akk-x-neoass",
"form": "{1}x+x",
"pos": "u"}
}
,
{
"node": "l",
"frag": "x]",
"id": "P313474.l0362b",
"ref": "P313474.25.5",
"inst": "u",
"f": {"lang": "akk-x-neoass",
"form": "x",
"pos": "u"}
}
,
{
"node": "d",
"type": "line-start",
"ref": "P313474.26",
"n": "3'",
"label": "r 3'"}
,
{
"node": "l",
"frag": "{1}x-x-x]-am",
"id": "P313474.l0362c",
"ref": "P313474.26.1",
"inst": "u",
"f": {"lang": "akk-x-neoass",
"form": "{1}x-x-x-am",
"pos": "u"}
}
,
{
"node": "l",
"frag": "ša\\d",
"id": "P313474.l0362d",
"ref": "P313474.26.2",
"inst": "ša[that]REL",
"sig": "@saao/saa05%akk-x-neoass:ša=ša[that//that]REL'REL$ša",
"f": {"lang": "akk-x-neoass",
"form": "ša",
"cf": "ša",
"gw": "that",
"sense": "that",
"norm": "ša",
"pos": "REL",
"epos": "REL"}
}
,
{
"node": "l",
"frag": "ŠU.2",
"id": "P313474.l0362e",
"ref": "P313474.26.3",
"inst": "qātē[hand]N",
"sig": "@saao/saa05%akk-x-neoass:ŠU.2=qātu[hand//hand]N'N$qātē",
"f": {"lang": "akk-x-neoass",
"form": "ŠU.2",
"cf": "qātu",
"gw": "hand",
"sense": "hand",
"norm": "qātē",
"pos": "N",
"epos": "N"}
}
,
{
"node": "l",
"frag": "{1}har-mi-[x]",
"id": "P313474.l0362f",
"ref": "P313474.26.4",
"inst": "u",
"f": {"lang": "akk-x-neoass",
"form": "{1}har-mi-x",
"pos": "u"}
}
,
{
"node": "d",
"type": "line-start",
"ref": "P313474.27",
"n": "4'",
"label": "r 4'"}
,
{
"node": "l",
"frag": "03",
"id": "P313474.l03630",
"ref": "P313474.27.1",
"inst": "n",
"f": {"lang": "akk-x-neoass",
"form": "03",
"pos": "n"}
}
,
{
"node": "l",
"frag": "{lu₂v]}⸢DAM⸣.QAR-MEŠ\\mm",
"id": "P313474.l03631",
"ref": "P313474.27.2",
"inst": "tankarāni[merchant]N",
"sig": "@saao/saa05%akk-x-neoass:{LU₂}DAM.QAR-MEŠ=tamkāru[merchant//merchant]N'N$tankarāni",
"f": {"lang": "akk-x-neoass",
"form": "{LU₂}DAM.QAR-MEŠ",
"cf": "tamkāru",
"gw": "merchant",
"sense": "merchant",
"norm": "tankarāni",
"pos": "N",
"epos": "N"}
}
,
{
"node": "l",
"frag": "an-nu-tu₂",
"id": "P313474.l03632",
"ref": "P313474.27.3",
"inst": "annû[this]DP$annūtu",
"sig": "@saao/saa05%akk-x-neoass:an-nu-tu₂=annû[this//this]DP'DP$annūtu",
"f": {"lang": "akk-x-neoass",
"form": "an-nu-tu₂",
"cf": "annû",
"gw": "this",
"sense": "this",
"norm": "annūtu",
"pos": "DP",
"epos": "DP"}
}
,
{
"node": "l",
"frag": "šu-nu",
"id": "P313474.l03633",
"ref": "P313474.27.4",
"inst": "šunu[they]IP",
"sig": "@saao/saa05%akk-x-neoass:šu-nu=šunu[they//they]IP'IP$šunu",
"f": {"lang": "akk-x-neoass",
"form": "šu-nu",
"cf": "šunu",
"gw": "they",
"sense": "they",
"norm": "šunu",
"pos": "IP",
"epos": "IP"}
}
,
{
"node": "d",
"type": "line-start",
"ref": "P313474.28",
"n": "5'",
"label": "r 5'"}
,
{
"node": "l",
"frag": "{[lu₂v}IGI]-MEŠ\\m-ia",
"id": "P313474.l03634",
"ref": "P313474.28.1",
"inst": "šību[witness]N$šībūtīya",
"sig": "@saao/saa05%akk-x-neoass:{LU₂}IGI-MEŠ-ia=šību[witness//witness]N'N$šībūtīya",
"f": {"lang": "akk-x-neoass",
"form": "{LU₂}IGI-MEŠ-ia",
"cf": "šību",
"gw": "witness",
"sense": "witness",
"norm": "šībūtīya",
"pos": "N",
"epos": "N"}
}
,
{
"node": "c",
"type": "phrase",
"tag": "phr",
"id": "P313474.U7",
"ref": "P313474.ls00003",
"cdl": [
{
"node": "l",
"frag": "ina",
"id": "P313474.l03635",
"ref": "P313474.28.2",
"inst": "ina[in+=there]PRP",
"sig": "@saao/saa05%akk-x-neoass:ina=ina[in//in]PRP'PRP$ina",
"f": {"lang": "akk-x-neoass",
"form": "ina",
"cf": "ina",
"gw": "in",
"sense": "in",
"norm": "ina",
"pos": "PRP",
"epos": "PRP"}
}
,
{
"node": "l",
"frag": "ŠA₃",
"id": "P313474.l03636",
"ref": "P313474.28.3",
"inst": "libbi[interior]N",
"sig": "@saao/saa05%akk-x-neoass:ŠA₃=libbu[interior//interior]N'N$libbi",
"f": {"lang": "akk-x-neoass",
"form": "ŠA₃",
"cf": "libbu",
"gw": "interior",
"sense": "interior",
"norm": "libbi",
"pos": "N",
"epos": "N"}
}
]}
,
{
"node": "l",
"frag": "la",
"id": "P313474.l03637",
"ref": "P313474.28.4",
"inst": "lā[not]MOD",
"sig": "@saao/saa05%akk-x-neoass:la=lā[not//not]MOD'MOD$lā",
"f": {"lang": "akk-x-neoass",
"form": "la",
"cf": "lā",
"gw": "not",
"sense": "not",
"norm": "lā",
"pos": "MOD",
"epos": "MOD"}
}
,
{
"node": "l",
"frag": "qur-bu-ni\\d",
"id": "P313474.l03638",
"ref": "P313474.28.5",
"inst": "qurbu[near//involved]AJ$qurbūni",
"sig": "@saao/saa05%akk-x-neoass:qur-bu-ni=qurbu[near//involved]AJ'AJ$qurbūni",
"f": {"lang": "akk-x-neoass",
"form": "qur-bu-ni",
"cf": "qurbu",
"gw": "near",
"sense": "involved",
"norm": "qurbūni",
"pos": "AJ",
"epos": "AJ"}
}
,
{
"node": "d",
"type": "line-start",
"ref": "P313474.29",
"n": "6'",
"label": "r 6'"}
,
{
"node": "l",
"frag": "[ki-i]",
"id": "P313474.l03639",
"ref": "P313474.29.1",
"inst": "kî[when]PRP'SBJ",
"sig": "@saao/saa05%akk-x-neoass:ki-i=kī[like//when]PRP'SBJ$kî",
"f": {"lang": "akk-x-neoass",
"form": "ki-i",
"cf": "kī",
"gw": "like",
"sense": "when",
"norm": "kî",
"pos": "PRP",
"epos": "SBJ"}
}
,
{
"node": "l",
"frag": "{1}a-tar-ha-am",
"id": "P313474.l0363a",
"ref": "P313474.29.2",
"inst": "Attar-ham[1]PN",
"sig": "@saao/saa05%akk-x-neoass:{1}a-tar-ha-am=Attar-ham[1//1]PN'PN$Attar-ham",
"f": {"lang": "akk-x-neoass",
"form": "{1}a-tar-ha-am",
"cf": "Attar-ham",
"gw": "1",
"sense": "1",
"norm": "Attar-ham",
"pos": "PN",
"epos": "PN"}
}
,
{
"node": "l",
"frag": "{lu₂v}DAM\\m.QAR",
"id": "P313474.l0363b",
"ref": "P313474.29.3",
"inst": "tankāru[merchant]N",
"sig": "@saao/saa05%akk-x-neoass:{LU₂}DAM.QAR=tamkāru[merchant//merchant]N'N$tankāru",
"f": {"lang": "akk-x-neoass",
"form": "{LU₂}DAM.QAR",
"cf": "tamkāru",
"gw": "merchant",
"sense": "merchant",
"norm": "tankāru",
"pos": "N",
"epos": "N"}
}
,
{
"node": "d",
"type": "line-start",
"ref": "P313474.30",
"n": "7'",
"label": "r 7'"}
,
{
"node": "l",
"frag": "[x",
"id": "P313474.l0363c",
"ref": "P313474.30.1",
"inst": "u",
"f": {"lang": "akk-x-neoass",
"form": "x",
"pos": "u"}
}
,
{
"node": "l",
"frag": "x",
"id": "P313474.l0363d",
"ref": "P313474.30.2",
"inst": "u",
"f": {"lang": "akk-x-neoass",
"form": "x",
"pos": "u"}
}
,
{
"node": "l",
"frag": "x]+⸢x⸣-MEŠ\\m",
"id": "P313474.l0363e",
"ref": "P313474.30.3",
"inst": "u",
"f": {"lang": "akk-x-neoass",
"form": "x+x-MEŠ",
"pos": "u"}
}
,
{
"node": "l",
"frag": "e-lu-u-ni",
"id": "P313474.l0363f",
"ref": "P313474.30.4",
"inst": "ēlûni[go up]V",
"sig": "@saao/saa05%akk-x-neoass:e-lu-u-ni=elû[go up//go up]V'V$ēlûni",
"f": {"lang": "akk-x-neoass",
"form": "e-lu-u-ni",
"cf": "elû",
"gw": "go up",
"sense": "go up",
"norm": "ēlûni",
"pos": "V",
"epos": "V"}
}
,
{
"node": "d",
"type": "line-start",
"ref": "P313474.31",
"n": "8'",
"label": "r 8'"}
,
{
"node": "l",
"frag": "{1}hab]-si",
"id": "P313474.l03640",
"ref": "P313474.31.1",
"inst": "Habsi[]PN$",
"sig": "@saao/saa05%akk-x-neoass:{1}hab-si=Habsi[1//1]PN'PN$Habsi",
"f": {"lang": "akk-x-neoass",
"form": "{1}hab-si",
"cf": "Habsi",
"gw": "1",
"sense": "1",
"norm": "Habsi",
"pos": "PN",
"epos": "PN"}
}
,
{
"node": "l",
"frag": "šu-u",
"id": "P313474.l03641",
"ref": "P313474.31.2",
"inst": "šû[he]IP",
"sig": "@saao/saa05%akk-x-neoass:šu-u=šū[he//he]IP'IP$šû",
"f": {"lang": "akk-x-neoass",
"form": "šu-u",
"cf": "šū",
"gw": "he",
"sense": "he",
"norm": "šû",
"pos": "IP",
"epos": "IP"}
}
,
{
"node": "l",
"frag": "UGU",
"id": "P313474.l03642",
"ref": "P313474.31.3",
"inst": "muhhu[skull//to]N'PRP$muhhi",
"sig": "@saao/saa05%akk-x-neoass:UGU=muhhu[skull//to]N'PRP$muhhi",
"f": {"lang": "akk-x-neoass",
"form": "UGU",
"cf": "muhhu",
"gw": "skull",
"sense": "to",
"norm": "muhhi",
"pos": "N",
"epos": "PRP"}
}
,
{
"node": "l",
"frag": "{1}DI-mu-EN",
"id": "P313474.l03643",
"ref": "P313474.31.4",
"inst": "Šulmu-beli[1]PN",
"sig": "@saao/saa05%akk-x-neoass:{1}DI-mu-EN=Šulmu-beli[1//1]PN'PN$Šulmu-beli",
"f": {"lang": "akk-x-neoass",
"form": "{1}DI-mu-EN",
"cf": "Šulmu-beli",
"gw": "1",
"sense": "1",
"norm": "Šulmu-beli",
"pos": "PN",
"epos": "PN"}
}
,
{
"node": "d",
"type": "line-start",
"ref": "P313474.32",
"n": "9'",
"label": "r 9'"}
,
{
"node": "l",
"frag": "{[lu₂v}02-u]",
"id": "P313474.l03644",
"ref": "P313474.32.1",
"inst": "šaniu[deputy]'N",
"sig": "@saao/saa05%akk-x-neoass:{LU₂}02-u=šanû[second//deputy]NU'N$šaniu",
"f": {"lang": "akk-x-neoass",
"form": "{LU₂}02-u",
"cf": "šanû",
"gw": "second",
"sense": "deputy",
"norm": "šaniu",
"pos": "NU",
"epos": "N"}
}
,
{
"node": "c",
"type": "phrase",
"tag": "phr",
"id": "P313474.U8",
"ref": "P313474.ls00004",
"cdl": [
{
"node": "l",
"frag": "{⸢lu₂v⸣}600--E₂.GAL",
"id": "P313474.l03645",
"ref": "P313474.32.2",
"cof-tails": "P313474.l03646",
"inst": "nāgiru[herald]N$nāgir&ēkallu[palace]N$ēkalli",
"sig": "@saao/saa05%akk-x-neoass:{LU₂}600-E₂.GAL=nāgiru[herald//herald]N'N$nāgir&&@saao%akk-x-neoass:=ēkallu[palace//palace]N'N$ēkalli",
"f": {"lang": "akk-x-neoass",
"form": "{LU₂}600-E₂.GAL",
"cf": "nāgiru",
"gw": "herald",
"sense": "herald",
"norm": "nāgir",
"pos": "N",
"epos": "N"}
}
,
{
"node": "l",
"frag": "{⸢lu₂v⸣}600--E₂.GAL",
"id": "P313474.l03646",
"ref": "P313474.32.2",
"cof-head": "P313474.l03645",
"inst": "nāgiru[herald]N$nāgir&ēkallu[palace]N$ēkalli",
"tail-sig": "@saao%akk-x-neoass:=ēkallu[palace//palace]N'N$ēkalli",
"f": {"lang": "akk-x-neoass",
"form": "{LU₂}600-E₂.GAL",
"cf": "ēkallu",
"gw": "palace",
"sense": "palace",
"norm": "ēkalli",
"pos": "N",
"epos": "N"}
}
]}
,
{
"node": "l",
"frag": "a-sap-ra",
"id": "P313474.l03647",
"ref": "P313474.32.3",
"inst": "assapra[send]V",
"sig": "@saao/saa05%akk-x-neoass:a-sap-ra=šapāru[send//send]V'V$assapra",
"f": {"lang": "akk-x-neoass",
"form": "a-sap-ra",
"cf": "šapāru",
"gw": "send",
"sense": "send",
"norm": "assapra",
"pos": "V",
"epos": "V"}
}
,
{
"node": "d",
"type": "line-start",
"ref": "P313474.33",
"n": "10'",
"label": "r 10'"}
,
{
"node": "l",
"frag": "[x",
"id": "P313474.l03648",
"ref": "P313474.33.1",
"inst": "u",
"f": {"lang": "akk-x-neoass",
"form": "x",
"pos": "u"}
}
,
{
"node": "l",
"frag": "x",
"id": "P313474.l03649",
"ref": "P313474.33.2",
"inst": "u",
"f": {"lang": "akk-x-neoass",
"form": "x",
"pos": "u"}
}
,
{
"node": "l",
"frag": "x]+⸢x⸣",
"id": "P313474.l0364a",
"ref": "P313474.33.3",
"inst": "u",
"f": {"lang": "akk-x-neoass",
"form": "x+x",
"pos": "u"}
}
,
{
"node": "l",
"frag": "ki-ma",
"id": "P313474.l0364b",
"ref": "P313474.33.4",
"inst": "kīma[as soon as]'MOD",
"sig": "@saao/saa05%akk-x-neoass:ki-ma=kīma[like//as soon as]PRP'MOD$kīma",
"f": {"lang": "akk-x-neoass",
"form": "ki-ma",
"cf": "kīma",
"gw": "like",
"sense": "as soon as",
"norm": "kīma",
"pos": "PRP",
"epos": "MOD"}
}
,
{
"node": "l",
"frag": "⸢ne₂⸣-ru-bu",
"id": "P313474.l0364c",
"ref": "P313474.33.5",
"inst": "nērebu[entrance//pass]N$nērubu",
"sig": "@saao/saa05%akk-x-neoass:ne₂-ru-bu=nērebu[entrance//pass]N'N$nērubu",
"f": {"lang": "akk-x-neoass",
"form": "ne₂-ru-bu",
"cf": "nērebu",
"gw": "entrance",
"sense": "pass",
"norm": "nērubu",
"pos": "N",
"epos": "N"}
}
,
{
"node": "d",
"type": "line-start",
"ref": "P313474.34",
"n": "11'",
"label": "r 11'"}
,
{
"node": "l",
"frag": "[i-tu₂]-⸢ṣi⸣-a",
"id": "P313474.l0364d",
"ref": "P313474.34.1",
"inst": "aṣû[go out//come out]V$ittūṣia",
"sig": "@saao/saa05%akk-x-neoass:i-tu₂-ṣi-a=aṣû[go out//come out]V'V$ittūṣia",
"f": {"lang": "akk-x-neoass",
"form": "i-tu₂-ṣi-a",
"cf": "aṣû",
"gw": "go out",
"sense": "come out",
"norm": "ittūṣia",
"pos": "V",
"epos": "V"}
}
,
{
"node": "l",
"frag": "{1}⸢lu⸣-qu",
"id": "P313474.l0364e",
"ref": "P313474.34.2",
"inst": "Luqu[]PN$",
"sig": "@saao/saa05%akk-x-neoass:{1}lu-qu=Luqu[1//1]PN'PN$Luqu",
"f": {"lang": "akk-x-neoass",
"form": "{1}lu-qu",
"cf": "Luqu",
"gw": "1",
"sense": "1",
"norm": "Luqu",
"pos": "PN",
"epos": "PN"}
}
,
{
"node": "d",
"type": "line-start",
"ref": "P313474.35",
"n": "12'",
"label": "r 12'"}
,
{
"node": "l",
"frag": "{1}x-x]-am",
"id": "P313474.l0364f",
"ref": "P313474.35.1",
"inst": "u",
"f": {"lang": "akk-x-neoass",
"form": "{1}x-x-am",
"pos": "u"}
}
,
{
"node": "l",
"frag": "i-sa-he\\p-iš",
"id": "P313474.l03650",
"ref": "P313474.35.2",
"inst": "issahîš[together]AV$issaheʾiš",
"sig": "@saao/saa05%akk-x-neoass:i-sa-he-iš=issahîš[together//together]AV'AV$issaheʾiš",
"f": {"lang": "akk-x-neoass",
"form": "i-sa-he-iš",
"cf": "issahîš",
"gw": "together",
"sense": "together",
"norm": "issaheʾiš",
"pos": "AV",
"epos": "AV"}
}
,
{
"node": "d",
"type": "line-start",
"ref": "P313474.36",
"n": "13'",
"label": "r 13'"}
,
{
"node": "c",
"type": "phrase",
"tag": "phr",
"id": "P313474.U9",
"ref": "P313474.ls00005",
"cdl": [
{
"node": "l",
"frag": "[ina",
"id": "P313474.l03651",
"ref": "P313474.36.1",
"inst": "ina[in+=to]PRP",
"sig": "@saao/saa05%akk-x-neoass:ina=ina[in//in]PRP'PRP$ina",
"f": {"lang": "akk-x-neoass",
"form": "ina",
"cf": "ina",
"gw": "in",
"sense": "in",
"norm": "ina",
"pos": "PRP",
"epos": "PRP"}
}
,
{
"node": "l",
"frag": "IGI]",
"id": "P313474.l03652",
"ref": "P313474.36.2",
"inst": "pān[front]N",
"sig": "@saao/saa05%akk-x-neoass:IGI=pānu[front//front]N'N$pān",
"f": {"lang": "akk-x-neoass",
"form": "IGI",
"cf": "pānu",
"gw": "front",
"sense": "front",
"norm": "pān",
"pos": "N",
"epos": "N"}
}
]}
,
{
"node": "l",
"frag": "⸢LUGAL⸣",
"id": "P313474.l03653",
"ref": "P313474.36.3",
"inst": "šarri[king]N",
"sig": "@saao/saa05%akk-x-neoass:LUGAL=šarru[king//king]N'N$šarri",
"f": {"lang": "akk-x-neoass",
"form": "LUGAL",
"cf": "šarru",
"gw": "king",
"sense": "king",
"norm": "šarri",
"pos": "N",
"epos": "N"}
}
,
{
"node": "l",
"frag": "EN-ia",
"id": "P313474.l03654",
"ref": "P313474.36.4",
"inst": "bēlīya[lord]N",
"sig": "@saao/saa05%akk-x-neoass:EN-ia=bēlu[lord//lord]N'N$bēlīya",
"f": {"lang": "akk-x-neoass",
"form": "EN-ia",
"cf": "bēlu",
"gw": "lord",
"sense": "lord",
"norm": "bēlīya",
"pos": "N",
"epos": "N"}
}
,
{
"node": "l",
"frag": "u₂-bal",
"id": "P313474.l03655",
"ref": "P313474.36.5",
"inst": "wabālu[bring]V$ubbal",
"sig": "@saao/saa05%akk-x-neoass:u₂-bal=wabālu[bring//bring]V'V$ubbal",
"f": {"lang": "akk-x-neoass",
"form": "u₂-bal",
"cf": "wabālu",
"gw": "bring",
"sense": "bring",
"norm": "ubbal",
"pos": "V",
"epos": "V"}
}
,
{
"node": "d",
"type": "line-start",
"ref": "P313474.37",
"n": "14'",
"label": "r 14'"}
,
{
"node": "l",
"frag": "[LUGAL]",
"id": "P313474.l03656",
"ref": "P313474.37.1",
"inst": "šarru[king]N",
"sig": "@saao/saa05%akk-x-neoass:LUGAL=šarru[king//king]N'N$šarru",
"f": {"lang": "akk-x-neoass",
"form": "LUGAL",
"cf": "šarru",
"gw": "king",
"sense": "king",
"norm": "šarru",
"pos": "N",
"epos": "N"}
}
,
{
"node": "l",
"frag": "⸢EN⸣",
"id": "P313474.l03657",
"ref": "P313474.37.2",
"inst": "bēlī[lord]N",
"sig": "@saao/saa05%akk-x-neoass:EN=bēlu[lord//lord]N'N$bēlī",
"f": {"lang": "akk-x-neoass",
"form": "EN",
"cf": "bēlu",
"gw": "lord",
"sense": "lord",
"norm": "bēlī",
"pos": "N",
"epos": "N"}
}
,
{
"node": "l",
"frag": "liš\\d-ʾa-al-šu₂-nu",
"id": "P313474.l03658",
"ref": "P313474.37.3",
"inst": "lišʾalšunu[ask]V",
"sig": "@saao/saa05%akk-x-neoass:liš-ʾa-al-šu₂-nu=šâlu[ask//ask]V'V$lišʾalšunu",
"f": {"lang": "akk-x-neoass",
"form": "liš-ʾa-al-šu₂-nu",
"cf": "šâlu",
"gw": "ask",
"sense": "ask",
"norm": "lišʾalšunu",
"pos": "V",
"epos": "V"}
}
,
{
"node": "d",
"type": "line-start",
"ref": "P313474.38",
"n": "15'",
"label": "r 15'"}
,
{
"node": "l",
"frag": "[ki-i]",
"id": "P313474.l03659",
"ref": "P313474.38.1",
"inst": "kî[like]PRP",
"sig": "@saao/saa05%akk-x-neoass:ki-i=kī[like//like]PRP'PRP$kî",
"f": {"lang": "akk-x-neoass",
"form": "ki-i",
"cf": "kī",
"gw": "like",
"sense": "like",
"norm": "kî",
"pos": "PRP",
"epos": "PRP"}
}
,
{
"node": "l",
"frag": "an-ni-e",
"id": "P313474.l0365a",
"ref": "P313474.38.2",
"inst": "annīe[this]DP",
"sig": "@saao/saa05%akk-x-neoass:an-ni-e=annû[this//this]DP'DP$annīe",
"f": {"lang": "akk-x-neoass",
"form": "an-ni-e",
"cf": "annû",
"gw": "this",
"sense": "this",
"norm": "annīe",
"pos": "DP",
"epos": "DP"}
}
,
{
"node": "l",
"frag": "a-se-me",
"id": "P313474.l0365b",
"ref": "P313474.38.3",
"inst": "assēme[hear]V",
"sig": "@saao/saa05%akk-x-neoass:a-se-me=šemû[hear//hear]V'V$assēme",
"f": {"lang": "akk-x-neoass",
"form": "a-se-me",
"cf": "šemû",
"gw": "hear",
"sense": "hear",
"norm": "assēme",
"pos": "V",
"epos": "V"}
}
,
{
"node": "d",
"type": "line-start",
"ref": "P313474.39",
"n": "16'",
"label": "r 16'"}
,
{
"node": "l",
"frag": "[ma-a]",
"id": "P313474.l0365c",
"ref": "P313474.39.1",
"inst": "mā[saying]PRP",
"sig": "@saao/saa05%akk-x-neoass:ma-a=mā[saying//saying]PRP'PRP$mā",
"f": {"lang": "akk-x-neoass",
"form": "ma-a",
"cf": "mā",
"gw": "saying",
"sense": "saying",
"norm": "mā",
"pos": "PRP",
"epos": "PRP"}
}
,
{
"node": "l",
"frag": "{1}hab-si",
"id": "P313474.l0365d",
"ref": "P313474.39.2",
"inst": "Habsi[1]PN",
"sig": "@saao/saa05%akk-x-neoass:{1}hab-si=Habsi[1//1]PN'PN$Habsi",
"f": {"lang": "akk-x-neoass",
"form": "{1}hab-si",
"cf": "Habsi",
"gw": "1",
"sense": "1",
"norm": "Habsi",
"pos": "PN",
"epos": "PN"}
}
,
{
"node": "l",
"frag": "{1}{d}AMAR.UTU-rem₂-ni",
"id": "P313474.l0365e",
"ref": "P313474.39.3",
"inst": "Marduk-remanni[]PN$",
"sig": "@saao/saa05%akk-x-neoass:{1}{d}AMAR.UTU-rem₂-ni=Marduk-remanni[1//1]PN'PN$Marduk-remanni",
"f": {"lang": "akk-x-neoass",
"form": "{1}{d}AMAR.UTU-rem₂-ni",
"cf": "Marduk-remanni",
"gw": "1",
"sense": "1",
"norm": "Marduk-remanni",
"pos": "PN",
"epos": "PN"}
}
,
{
"node": "d",
"type": "line-start",
"ref": "P313474.40",
"n": "17'",
"label": "r 17'"}
,
{
"node": "l",
"frag": "[ina]",
"id": "P313474.l0365f",
"ref": "P313474.40.1",
"inst": "ina[in]PRP",
"sig": "@saao/saa05%akk-x-neoass:ina=ina[in//in]PRP'PRP$ina",
"f": {"lang": "akk-x-neoass",
"form": "ina",
"cf": "ina",
"gw": "in",
"sense": "in",
"norm": "ina",
"pos": "PRP",
"epos": "PRP"}
}
,
{
"node": "l",
"frag": "{⸢uru⸣}arba-il₃",
"id": "P313474.l03660",
"ref": "P313474.40.2",
"inst": "Arbail[Arbela]GN",
"sig": "@saao/saa05%akk-x-neoass:{URU}arba-il₃=Arbail[Arbela//Arbela]GN'GN$Arbail",
"f": {"lang": "akk-x-neoass",
"form": "{URU}arba-il₃",
"cf": "Arbail",
"gw": "Arbela",
"sense": "Arbela",
"norm": "Arbail",
"pos": "GN",
"epos": "GN"}
}
,
{
"node": "l",
"frag": "šu-nu",
"id": "P313474.l03661",
"ref": "P313474.40.3",
"inst": "šunu[they]IP",
"sig": "@saao/saa05%akk-x-neoass:šu-nu=šunu[they//they]IP'IP$šunu",
"f": {"lang": "akk-x-neoass",
"form": "šu-nu",
"cf": "šunu",
"gw": "they",
"sense": "they",
"norm": "šunu",
"pos": "IP",
"epos": "IP"}
}
]}
]}
]}
,
{
"linkbase": [{
"type": "linkset",
"xlink_title": "ina pānāt[before//at the disposal of]PRP'PRP",
"id": "P313474.ls00000",
"xlink_type": "extended",
"xlink_role": "psu",
"sig": "{ina[in]PRP pānātu[front]N += ina pānāt[before//at the disposal of]PRP'PRP}::@saao%akk-x-neoass:ina=ina[in//into]PRP'PRP$ina++@saao%akk-x-neoass:pa-na-tu₂-u-a=pānātu[front//front]N'N$pānātūwa",
"links": [
{
"type": "link",
"xlink_title": "ina",
"xlink_type": "locator",
"xlink_href": "#P313474.l035e2",
"xlink_role": "elt"}
,
{
"type": "link",
"xlink_title": "pānātu",
"xlink_type": "locator",
"xlink_href": "#P313474.l035e3",
"xlink_role": "elt"}
]}
,
{
"type": "linkset",
"xlink_title": "ina libbi[in//(in exchange) for]PRP'PRP",
"id": "P313474.ls00001",
"xlink_type": "extended",
"xlink_role": "psu",
"sig": "{ina[in]PRP libbu[interior]N += ina libbi[in//(in exchange) for]PRP'PRP}::@saao%akk-x-neoass:ina=ina[in//into]PRP'PRP$ina++@saao%akk-x-neoass:ŠA₃-bi=libbu[interior//interior]N'N$libbi",
"links": [
{
"type": "link",
"xlink_title": "ina",
"xlink_type": "locator",
"xlink_href": "#P313474.l035e9",
"xlink_role": "elt"}
,
{
"type": "link",
"xlink_title": "libbi",
"xlink_type": "locator",
"xlink_href": "#P313474.l035ea",
"xlink_role": "elt"}
]}
,
{
"type": "linkset",
"xlink_title": "ina libbi[in//(in exchange) for]PRP'PRP",
"id": "P313474.ls00002",
"xlink_type": "extended",
"xlink_role": "psu",
"sig": "{ina[in]PRP libbu[interior]N += ina libbi[in//(in exchange) for]PRP'PRP}::@saao%akk-x-neoass:ina=ina[in//into]PRP'PRP$ina++@saao%akk-x-neoass:ŠA₃-bi=libbu[interior//interior]N'N$libbi",
"links": [
{
"type": "link",
"xlink_title": "ina",
"xlink_type": "locator",
"xlink_href": "#P313474.l035f1",
"xlink_role": "elt"}
,
{
"type": "link",
"xlink_title": "libbi",
"xlink_type": "locator",
"xlink_href": "#P313474.l035f2",
"xlink_role": "elt"}
]}
,
{
"type": "linkset",
"xlink_title": "ina libbi[in//(in exchange) for]PRP'PRP",
"id": "P313474.ls00003",
"xlink_type": "extended",
"xlink_role": "psu",
"sig": "{ina[in]PRP libbu[interior]N += ina libbi[in//(in exchange) for]PRP'PRP}::@saao%akk-x-neoass:ina=ina[in//into]PRP'PRP$ina++@saao%akk-x-neoass:ŠA₃=libbu[interior//interior]N'N$libbi",
"links": [
{
"type": "link",
"xlink_title": "ina",
"xlink_type": "locator",
"xlink_href": "#P313474.l03635",
"xlink_role": "elt"}
,
{
"type": "link",
"xlink_title": "libbi",
"xlink_type": "locator",
"xlink_href": "#P313474.l03636",
"xlink_role": "elt"}
]}
,
{
"type": "linkset",
"xlink_title": "nāgir ēkalli[palace herald//palace herald]N'N",
"id": "P313474.ls00004",
"xlink_type": "extended",
"xlink_role": "psu",
"sig": "{nāgiru[herald]N ēkallu[palace]N += nāgir ēkalli[palace herald//palace herald]N'N}::@saao%akk-x-neoass:{LU₂}600-E₂.GAL=nāgiru[herald//herald]N'N$nāgir++@saao%akk-x-neoass:{LU₂}600-E₂.GAL=ēkallu[palace//palace]N'N$ēkalli",
"links": [
{
"type": "link",
"xlink_title": "nāgiru",
"xlink_type": "locator",
"xlink_href": "#P313474.l03645",
"xlink_role": "elt"}
,
{
"type": "link",
"xlink_title": "ēkallu",
"xlink_type": "locator",
"xlink_href": "#P313474.l03646",
"xlink_role": "elt"}
]}
,
{
"type": "linkset",
"xlink_title": "ina pān[in the presence of//at the disposal of]PRP'PRP",
"id": "P313474.ls00005",
"xlink_type": "extended",
"xlink_role": "psu",
"sig": "{ina[in]PRP pānu[front]N += ina pān[in the presence of//at the disposal of]PRP'PRP}::@saao%akk-x-neoass:ina=ina[in//into]PRP'PRP$ina++@saao%akk-x-neoass:IGI=pānu[front//front]N'N$pān",
"links": [
{
"type": "link",
"xlink_title": "ina",
"xlink_type": "locator",
"xlink_href": "#P313474.l03651",
"xlink_role": "elt"}
,
{
"type": "link",
"xlink_title": "pānu",
"xlink_type": "locator",
"xlink_href": "#P313474.l03652",
"xlink_role": "elt"}
]}
]}
]}
