{
"type": "cdl",
  "source": "http://oracc.org/saao/saa05",
  "license": "This data is released under the CC0 license",
  "license-url": "https://creativecommons.org/publicdomain/zero/1.0/",
  "more-info": "http://oracc.org/doc/opendata/",
  "UTC-timestamp": "2017-05-19T11:27:29",
"project": "saao/saa05",
"textid": "P313779",
"cdl": [
{
"node": "c",
"type": "text",
"id": "P313779.U0",
"cdl": [
{
"node": "d",
"type": "object",
"ref": ""}
,
{
"node": "d",
"subtype": "obverse",
"type": "surface",
"ref": "P313779.o.1",
"type": "obverse",
"label": "o"}
,
{
"node": "d",
"type": "nonx",
"ref": "P313779.2",
"strict": "0",
"extent": "beginning",
"state": "missing"}
,
{
"node": "c",
"type": "discourse",
"subtype": "body",
"id": "P313779.U1",
"cdl": [
{
"node": "c",
"type": "sentence",
"id": "P313779.U2",
"label": "o 1' - r 9",
"cdl": [
{
"node": "d",
"type": "line-start",
"ref": "P313779.3",
"n": "1'",
"label": "o 1'"}
,
{
"node": "l",
"frag": "[ina]",
"id": "P313779.l020e3",
"ref": "P313779.3.1",
"inst": "ina[in]PRP",
"sig": "@saao/saa05%akk-x-neoass:ina=ina[in//in]PRP'PRP$ina",
"f": {"lang": "akk-x-neoass",
"form": "ina",
"cf": "ina",
"gw": "in",
"sense": "in",
"norm": "ina",
"pos": "PRP",
"epos": "PRP"}
}
,
{
"node": "l",
"frag": "{⸢uru⸣}[x",
"id": "P313779.l020e4",
"ref": "P313779.3.2",
"inst": "u",
"f": {"lang": "akk-x-neoass",
"form": "{URU}x",
"pos": "u"}
}
,
{
"node": "l",
"frag": "x",
"id": "P313779.l020e5",
"ref": "P313779.3.3",
"inst": "u",
"f": {"lang": "akk-x-neoass",
"form": "x",
"pos": "u"}
}
,
{
"node": "l",
"frag": "x]",
"id": "P313779.l020e6",
"ref": "P313779.3.4",
"inst": "u",
"f": {"lang": "akk-x-neoass",
"form": "x",
"pos": "u"}
}
,
{
"node": "d",
"type": "line-start",
"ref": "P313779.4",
"n": "2'",
"label": "o 2'"}
,
{
"node": "l",
"frag": "[ša]",
"id": "P313779.l020e7",
"ref": "P313779.4.1",
"inst": "ša[of]DET",
"sig": "@saao/saa05%akk-x-neoass:ša=ša[of//of]DET'DET$ša",
"f": {"lang": "akk-x-neoass",
"form": "ša",
"cf": "ša",
"gw": "of",
"sense": "of",
"norm": "ša",
"pos": "DET",
"epos": "DET"}
}
,
{
"node": "l",
"frag": "⸢qa⸣-ni",
"id": "P313779.l020e8",
"ref": "P313779.4.2",
"inst": "qannu[fringe//near]N'PRP$qanni",
"sig": "@saao/saa05%akk-x-neoass:qa-ni=qannu[fringe//near]N'PRP$qanni",
"f": {"lang": "akk-x-neoass",
"form": "qa-ni",
"cf": "qannu",
"gw": "fringe",
"sense": "near",
"norm": "qanni",
"pos": "N",
"epos": "PRP"}
}
,
{
"node": "l",
"frag": "{uru}u₂-⸢e⸣-[si]",
"id": "P313779.l020e9",
"ref": "P313779.4.3",
"inst": "Waisi[1]GN",
"sig": "@saao/saa05%akk-x-neoass:{URU}u₂-e-si=Waisi[1//1]GN'GN$Waisi",
"f": {"lang": "akk-x-neoass",
"form": "{URU}u₂-e-si",
"cf": "Waisi",
"gw": "1",
"sense": "1",
"norm": "Waisi",
"pos": "GN",
"epos": "GN"}
}
,
{
"node": "d",
"type": "line-start",
"ref": "P313779.5",
"n": "3'",
"label": "o 3'"}
,
{
"node": "l",
"frag": "{⸢lu₂v⸣}GAL-MEŠ\\m-šu₂",
"id": "P313779.l020ea",
"ref": "P313779.5.1",
"inst": "rabiu[big one//magnate]N$rabiūtīšu",
"sig": "@saao/saa05%akk-x-neoass:{LU₂}GAL-MEŠ-šu₂=rabiu[big one//magnate]N'N$rabiūtīšu",
"f": {"lang": "akk-x-neoass",
"form": "{LU₂}GAL-MEŠ-šu₂",
"cf": "rabiu",
"gw": "big one",
"sense": "magnate",
"norm": "rabiūtīšu",
"pos": "N",
"epos": "N"}
}
,
{
"node": "d",
"type": "line-start",
"ref": "P313779.6",
"n": "4'",
"label": "o 4'"}
,
{
"node": "l",
"frag": "⸢il⸣-ti\\t-bi-u₂-šu",
"id": "P313779.l020eb",
"ref": "P313779.6.1",
"inst": "lawû[surround]V$iltibiušu",
"sig": "@saao/saa05%akk-x-neoass:il-ti-bi-u₂-šu=lawû[surround//surround]V'V$iltibiušu",
"f": {"lang": "akk-x-neoass",
"form": "il-ti-bi-u₂-šu",
"cf": "lawû",
"gw": "surround",
"sense": "surround",
"norm": "iltibiušu",
"pos": "V",
"epos": "V"}
}
,
{
"node": "d",
"type": "line-start",
"ref": "P313779.7",
"n": "5'",
"label": "o 5'"}
,
{
"node": "l",
"frag": "i-du-ku-šu",
"id": "P313779.l020ec",
"ref": "P313779.7.1",
"inst": "dâku[kill]V$iddūkušu",
"sig": "@saao/saa05%akk-x-neoass:i-du-ku-šu=dâku[kill//kill]V'V$iddūkušu",
"f": {"lang": "akk-x-neoass",
"form": "i-du-ku-šu",
"cf": "dâku",
"gw": "kill",
"sense": "kill",
"norm": "iddūkušu",
"pos": "V",
"epos": "V"}
}
,
{
"node": "d",
"type": "line-start",
"ref": "P313779.8",
"n": "6'",
"label": "o 6'"}
,
{
"node": "l",
"frag": "{lu₂v}tur-ta\\dp-nu",
"id": "P313779.l020ed",
"ref": "P313779.8.1",
"inst": "turtānu[commander-in-chief]N",
"sig": "@saao/saa05%akk-x-neoass:{LU₂}tur-ta-nu=tartānu[second in command//commander-in-chief]N'N$turtānu",
"f": {"lang": "akk-x-neoass",
"form": "{LU₂}tur-ta-nu",
"cf": "tartānu",
"gw": "second in command",
"sense": "commander-in-chief",
"norm": "turtānu",
"pos": "N",
"epos": "N"}
}
,
{
"node": "d",
"type": "line-start",
"ref": "P313779.9",
"n": "7'",
"label": "o 7'"}
,
{
"node": "l",
"frag": "⸢ša⸣",
"id": "P313779.l020ee",
"ref": "P313779.9.1",
"inst": "ša[of]DET",
"sig": "@saao/saa05%akk-x-neoass:ša=ša[of//of]DET'DET$ša",
"f": {"lang": "akk-x-neoass",
"form": "ša",
"cf": "ša",
"gw": "of",
"sense": "of",
"norm": "ša",
"pos": "DET",
"epos": "DET"}
}
,
{
"node": "l",
"frag": "ZAG",
"id": "P313779.l020ef",
"ref": "P313779.9.2",
"inst": "imittu[right side]N$imitti",
"sig": "@saao/saa05%akk-x-neoass:ZAG=imittu[right side//right side]N'N$imitti",
"f": {"lang": "akk-x-neoass",
"form": "ZAG",
"cf": "imittu",
"gw": "right side",
"sense": "right side",
"norm": "imitti",
"pos": "N",
"epos": "N"}
}
,
{
"node": "l",
"frag": "ša",
"id": "P313779.l020f0",
"ref": "P313779.9.3",
"inst": "ša[of]DET",
"sig": "@saao/saa05%akk-x-neoass:ša=ša[of//of]DET'DET$ša",
"f": {"lang": "akk-x-neoass",
"form": "ša",
"cf": "ša",
"gw": "of",
"sense": "of",
"norm": "ša",
"pos": "DET",
"epos": "DET"}
}
,
{
"node": "l",
"frag": "qi-i-ni",
"id": "P313779.l020f1",
"ref": "P313779.9.4",
"inst": "qinnu[nest//family]N$qīni",
"sig": "@saao/saa05%akk-x-neoass:qi-i-ni=qinnu[nest//family]N'N$qīni",
"f": {"lang": "akk-x-neoass",
"form": "qi-i-ni",
"cf": "qinnu",
"gw": "nest",
"sense": "family",
"norm": "qīni",
"pos": "N",
"epos": "N"}
}
,
{
"node": "d",
"type": "line-start",
"ref": "P313779.10",
"n": "8'",
"label": "o 8'"}
,
{
"node": "l",
"frag": "{1}{⸢d⸣}15--⸢BAD₃⸣",
"id": "P313779.l020f2",
"ref": "P313779.10.1",
"inst": "Issar-duri[Sarduri]PN$",
"sig": "@saao/saa05%akk-x-neoass:{1}{d}15-BAD₃=Issar-duri[Sarduri//Sarduri]PN'PN$Issar-duri",
"f": {"lang": "akk-x-neoass",
"form": "{1}{d}15-BAD₃",
"cf": "Issar-duri",
"gw": "Sarduri",
"sense": "Sarduri",
"norm": "Issar-duri",
"pos": "PN",
"epos": "PN"}
}
,
{
"node": "d",
"subtype": "bottom",
"type": "surface",
"ref": "P313779.b.e..11",
"type": "bottom",
"label": "b.e."}
,
{
"node": "d",
"type": "line-start",
"ref": "P313779.12",
"n": "9'",
"label": "b.e. 9'"}
,
{
"node": "l",
"frag": "[x",
"id": "P313779.l020f3",
"ref": "P313779.12.1",
"inst": "u",
"f": {"lang": "akk-x-neoass",
"form": "x",
"pos": "u"}
}
,
{
"node": "l",
"frag": "x",
"id": "P313779.l020f4",
"ref": "P313779.12.2",
"inst": "u",
"f": {"lang": "akk-x-neoass",
"form": "x",
"pos": "u"}
}
,
{
"node": "l",
"frag": "x]+⸢x",
"id": "P313779.l020f5",
"ref": "P313779.12.3",
"inst": "u",
"f": {"lang": "akk-x-neoass",
"form": "x+x",
"pos": "u"}
}
,
{
"node": "l",
"frag": "x⸣+[x]",
"id": "P313779.l020f6",
"ref": "P313779.12.4",
"inst": "u",
"f": {"lang": "akk-x-neoass",
"form": "x+x",
"pos": "u"}
}
,
{
"node": "l",
"frag": "⸢x⸣",
"id": "P313779.l020f7",
"ref": "P313779.12.5",
"inst": "u",
"f": {"lang": "akk-x-neoass",
"form": "x",
"pos": "u"}
}
,
{
"node": "l",
"frag": "[(x)]",
"id": "P313779.l020f8",
"ref": "P313779.12.6",
"inst": "u",
"f": {"lang": "akk-x-neoass",
"form": "x",
"pos": "u"}
}
,
{
"node": "l",
"frag": "⸢bi⸣",
"id": "P313779.l020f9",
"ref": "P313779.12.7",
"inst": "u",
"f": {"lang": "akk-x-neoass",
"form": "bi",
"pos": "u"}
}
,
{
"node": "d",
"subtype": "reverse",
"type": "surface",
"ref": "P313779.r.13",
"type": "reverse",
"label": "r"}
,
{
"node": "d",
"type": "line-start",
"ref": "P313779.14",
"n": "1",
"label": "r 1"}
,
{
"node": "l",
"frag": "[x",
"id": "P313779.l020fa",
"ref": "P313779.14.1",
"inst": "u",
"f": {"lang": "akk-x-neoass",
"form": "x",
"pos": "u"}
}
,
{
"node": "l",
"frag": "x",
"id": "P313779.l020fb",
"ref": "P313779.14.2",
"inst": "u",
"f": {"lang": "akk-x-neoass",
"form": "x",
"pos": "u"}
}
,
{
"node": "l",
"frag": "x]",
"id": "P313779.l020fc",
"ref": "P313779.14.3",
"inst": "u",
"f": {"lang": "akk-x-neoass",
"form": "x",
"pos": "u"}
}
,
{
"node": "l",
"frag": "⸢ŠA₃⸣",
"id": "P313779.l020fd",
"ref": "P313779.14.4",
"inst": "libbi[interior]N",
"sig": "@saao/saa05%akk-x-neoass:ŠA₃=libbu[interior//interior]N'N$libbi",
"f": {"lang": "akk-x-neoass",
"form": "ŠA₃",
"cf": "libbu",
"gw": "interior",
"sense": "interior",
"norm": "libbi",
"pos": "N",
"epos": "N"}
}
,
{
"node": "l",
"frag": "[x]",
"id": "P313779.l020fe",
"ref": "P313779.14.5",
"inst": "u",
"f": {"lang": "akk-x-neoass",
"form": "x",
"pos": "u"}
}
,
{
"node": "l",
"frag": "⸢x⸣",
"id": "P313779.l020ff",
"ref": "P313779.14.6",
"inst": "u",
"f": {"lang": "akk-x-neoass",
"form": "x",
"pos": "u"}
}
,
{
"node": "l",
"frag": "[x",
"id": "P313779.l02100",
"ref": "P313779.14.7",
"inst": "u",
"f": {"lang": "akk-x-neoass",
"form": "x",
"pos": "u"}
}
,
{
"node": "l",
"frag": "x]+⸢x⸣",
"id": "P313779.l02101",
"ref": "P313779.14.8",
"inst": "u",
"f": {"lang": "akk-x-neoass",
"form": "x+x",
"pos": "u"}
}
,
{
"node": "d",
"type": "line-start",
"ref": "P313779.15",
"n": "2",
"label": "r 2"}
,
{
"node": "l",
"frag": "[u₂]-di\\d-na",
"id": "P313779.l02102",
"ref": "P313779.15.1",
"inst": "udīna[yet]AV",
"sig": "@saao/saa05%akk-x-neoass:u₂-di-na=udīni[up till now//yet]AV'AV$udīna",
"f": {"lang": "akk-x-neoass",
"form": "u₂-di-na",
"cf": "udīni",
"gw": "up till now",
"sense": "yet",
"norm": "udīna",
"pos": "AV",
"epos": "AV"}
}
,
{
"node": "l",
"frag": "ina",
"id": "P313779.l02103",
"ref": "P313779.15.2",
"inst": "ina[in]PRP",
"sig": "@saao/saa05%akk-x-neoass:ina=ina[in//in]PRP'PRP$ina",
"f": {"lang": "akk-x-neoass",
"form": "ina",
"cf": "ina",
"gw": "in",
"sense": "in",
"norm": "ina",
"pos": "PRP",
"epos": "PRP"}
}
,
{
"node": "l",
"frag": "{uru}ṭu-⸢ur⸣-[uš]-⸢pa⸣-a",
"id": "P313779.l02104",
"ref": "P313779.15.3",
"inst": "Ṭurušpa[1]GN",
"sig": "@saao/saa05%akk-x-neoass:{URU}ṭu-ur-uš-pa-a=Ṭurušpa[1//1]GN'GN$Ṭurušpa",
"f": {"lang": "akk-x-neoass",
"form": "{URU}ṭu-ur-uš-pa-a",
"cf": "Ṭurušpa",
"gw": "1",
"sense": "1",
"norm": "Ṭurušpa",
"pos": "GN",
"epos": "GN"}
}
,
{
"node": "d",
"type": "line-start",
"ref": "P313779.16",
"n": "3",
"label": "r 3"}
,
{
"node": "l",
"frag": "[la]",
"id": "P313779.l02105",
"ref": "P313779.16.1",
"inst": "lā[not]MOD",
"sig": "@saao/saa05%akk-x-neoass:la=lā[not//not]MOD'MOD$lā",
"f": {"lang": "akk-x-neoass",
"form": "la",
"cf": "lā",
"gw": "not",
"sense": "not",
"norm": "lā",
"pos": "MOD",
"epos": "MOD"}
}
,
{
"node": "l",
"frag": "e-rab\\d-ba",
"id": "P313779.l02106",
"ref": "P313779.16.2",
"inst": "erēbu[enter]V$erraba",
"sig": "@saao/saa05%akk-x-neoass:e-rab-ba=erēbu[enter//enter]V'V$erraba",
"f": {"lang": "akk-x-neoass",
"form": "e-rab-ba",
"cf": "erēbu",
"gw": "enter",
"sense": "enter",
"norm": "erraba",
"pos": "V",
"epos": "V"}
}
,
{
"node": "l",
"frag": "[o]",
"id": "P313779.l02107",
"ref": "P313779.16.3",
"inst": "u",
"f": {"lang": "akk-x-neoass",
"form": "o",
"pos": "u"}
}
,
{
"node": "d",
"type": "line-start",
"ref": "P313779.17",
"n": "4",
"label": "r 4"}
,
{
"node": "l",
"frag": "[i]-⸢su⸣-ri",
"id": "P313779.l02108",
"ref": "P313779.17.1",
"inst": "issurri[perhaps]AV",
"sig": "@saao/saa05%akk-x-neoass:i-su-ri=issurri[perhaps//perhaps]AV'AV$issurri",
"f": {"lang": "akk-x-neoass",
"form": "i-su-ri",
"cf": "issurri",
"gw": "perhaps",
"sense": "perhaps",
"norm": "issurri",
"pos": "AV",
"epos": "AV"}
}
,
{
"node": "l",
"frag": "LUGAL",
"id": "P313779.l02109",
"ref": "P313779.17.2",
"inst": "šarru[king]N",
"sig": "@saao/saa05%akk-x-neoass:LUGAL=šarru[king//king]N'N$šarru",
"f": {"lang": "akk-x-neoass",
"form": "LUGAL",
"cf": "šarru",
"gw": "king",
"sense": "king",
"norm": "šarru",
"pos": "N",
"epos": "N"}
}
,
{
"node": "l",
"frag": "be-li₂",
"id": "P313779.l0210a",
"ref": "P313779.17.3",
"inst": "bēlī[lord]N",
"sig": "@saao/saa05%akk-x-neoass:be-li₂=bēlu[lord//lord]N'N$bēlī",
"f": {"lang": "akk-x-neoass",
"form": "be-li₂",
"cf": "bēlu",
"gw": "lord",
"sense": "lord",
"norm": "bēlī",
"pos": "N",
"epos": "N"}
}
,
{
"node": "l",
"frag": "[o]",
"id": "P313779.l0210b",
"ref": "P313779.17.4",
"inst": "u",
"f": {"lang": "akk-x-neoass",
"form": "o",
"pos": "u"}
}
,
{
"node": "d",
"type": "line-start",
"ref": "P313779.18",
"n": "5",
"label": "r 5"}
,
{
"node": "l",
"frag": "[i-qab]-bi",
"id": "P313779.l0210c",
"ref": "P313779.18.1",
"inst": "iqabbi[say]V",
"sig": "@saao/saa05%akk-x-neoass:i-qab-bi=qabû[say//say]V'V$iqabbi",
"f": {"lang": "akk-x-neoass",
"form": "i-qab-bi",
"cf": "qabû",
"gw": "say",
"sense": "say",
"norm": "iqabbi",
"pos": "V",
"epos": "V"}
}
,
{
"node": "l",
"frag": "ma-a",
"id": "P313779.l0210d",
"ref": "P313779.18.2",
"inst": "mā[saying]PRP",
"sig": "@saao/saa05%akk-x-neoass:ma-a=mā[saying//saying]PRP'PRP$mā",
"f": {"lang": "akk-x-neoass",
"form": "ma-a",
"cf": "mā",
"gw": "saying",
"sense": "saying",
"norm": "mā",
"pos": "PRP",
"epos": "PRP"}
}
,
{
"node": "l",
"frag": "[x]",
"id": "P313779.l0210e",
"ref": "P313779.18.3",
"inst": "u",
"f": {"lang": "akk-x-neoass",
"form": "x",
"pos": "u"}
}
,
{
"node": "l",
"frag": "{kur}[x",
"id": "P313779.l0210f",
"ref": "P313779.18.4",
"inst": "u",
"f": {"lang": "akk-x-neoass",
"form": "{KUR}x",
"pos": "u"}
}
,
{
"node": "l",
"frag": "x]",
"id": "P313779.l02110",
"ref": "P313779.18.5",
"inst": "u",
"f": {"lang": "akk-x-neoass",
"form": "x",
"pos": "u"}
}
,
{
"node": "d",
"type": "line-start",
"ref": "P313779.19",
"n": "6",
"label": "r 6"}
,
{
"node": "l",
"frag": "[x",
"id": "P313779.l02111",
"ref": "P313779.19.1",
"inst": "u",
"f": {"lang": "akk-x-neoass",
"form": "x",
"pos": "u"}
}
,
{
"node": "l",
"frag": "x]",
"id": "P313779.l02112",
"ref": "P313779.19.2",
"inst": "u",
"f": {"lang": "akk-x-neoass",
"form": "x",
"pos": "u"}
}
,
{
"node": "l",
"frag": "{⸢uru⸣}HAL.ṢU",
"id": "P313779.l02113",
"ref": "P313779.19.3",
"inst": "bīrtu[fort]N",
"sig": "@saao/saa05%akk-x-neoass:{URU}HAL.ṢU=birtu[fort//fort]N'N$bīrtu",
"f": {"lang": "akk-x-neoass",
"form": "{URU}HAL.ṢU",
"cf": "birtu",
"gw": "fort",
"sense": "fort",
"norm": "bīrtu",
"pos": "N",
"epos": "N"}
}
,
{
"node": "l",
"frag": "a-[x",
"id": "P313779.l02114",
"ref": "P313779.19.4",
"inst": "u",
"f": {"lang": "akk-x-neoass",
"form": "a-x",
"pos": "u"}
}
,
{
"node": "l",
"frag": "x",
"id": "P313779.l02115",
"ref": "P313779.19.5",
"inst": "u",
"f": {"lang": "akk-x-neoass",
"form": "x",
"pos": "u"}
}
,
{
"node": "l",
"frag": "x]",
"id": "P313779.l02116",
"ref": "P313779.19.6",
"inst": "u",
"f": {"lang": "akk-x-neoass",
"form": "x",
"pos": "u"}
}
,
{
"node": "d",
"type": "line-start",
"ref": "P313779.20",
"n": "7",
"label": "r 7"}
,
{
"node": "l",
"frag": "[x",
"id": "P313779.l02117",
"ref": "P313779.20.1",
"inst": "u",
"f": {"lang": "akk-x-neoass",
"form": "x",
"pos": "u"}
}
,
{
"node": "l",
"frag": "x",
"id": "P313779.l02118",
"ref": "P313779.20.2",
"inst": "u",
"f": {"lang": "akk-x-neoass",
"form": "x",
"pos": "u"}
}
,
{
"node": "l",
"frag": "x]",
"id": "P313779.l02119",
"ref": "P313779.20.3",
"inst": "u",
"f": {"lang": "akk-x-neoass",
"form": "x",
"pos": "u"}
}
,
{
"node": "l",
"frag": "la",
"id": "P313779.l0211a",
"ref": "P313779.20.4",
"inst": "lā[not]MOD",
"sig": "@saao/saa05%akk-x-neoass:la=lā[not//not]MOD'MOD$lā",
"f": {"lang": "akk-x-neoass",
"form": "la",
"cf": "lā",
"gw": "not",
"sense": "not",
"norm": "lā",
"pos": "MOD",
"epos": "MOD"}
}
,
{
"node": "l",
"frag": "u₂-⸢du⸣-[u",
"id": "P313779.l0211b",
"ref": "P313779.20.5",
"inst": "ūdū[know]V",
"sig": "@saao/saa05%akk-x-neoass:u₂-du-u=wadû[know//know]V'V$ūdū",
"f": {"lang": "akk-x-neoass",
"form": "u₂-du-u",
"cf": "wadû",
"gw": "know",
"sense": "know",
"norm": "ūdū",
"pos": "V",
"epos": "V"}
}
,
{
"node": "l",
"frag": "x",
"id": "P313779.l0211c",
"ref": "P313779.20.6",
"inst": "u",
"f": {"lang": "akk-x-neoass",
"form": "x",
"pos": "u"}
}
,
{
"node": "l",
"frag": "x]",
"id": "P313779.l0211d",
"ref": "P313779.20.7",
"inst": "u",
"f": {"lang": "akk-x-neoass",
"form": "x",
"pos": "u"}
}
,
{
"node": "d",
"type": "line-start",
"ref": "P313779.21",
"n": "8",
"label": "r 8"}
,
{
"node": "l",
"frag": "[x",
"id": "P313779.l0211e",
"ref": "P313779.21.1",
"inst": "u",
"f": {"lang": "akk-x-neoass",
"form": "x",
"pos": "u"}
}
,
{
"node": "l",
"frag": "x]",
"id": "P313779.l0211f",
"ref": "P313779.21.2",
"inst": "u",
"f": {"lang": "akk-x-neoass",
"form": "x",
"pos": "u"}
}
,
{
"node": "l",
"frag": "⸢ša⸣",
"id": "P313779.l02120",
"ref": "P313779.21.3",
"inst": "ša[of]DET",
"sig": "@saao/saa05%akk-x-neoass:ša=ša[of//of]DET'DET$ša",
"f": {"lang": "akk-x-neoass",
"form": "ša",
"cf": "ša",
"gw": "of",
"sense": "of",
"norm": "ša",
"pos": "DET",
"epos": "DET"}
}
,
{
"node": "l",
"frag": "{uru}HAL.⸢ṢU⸣",
"id": "P313779.l02121",
"ref": "P313779.21.4",
"inst": "birtu[fort]N$bīrti",
"sig": "@saao/saa05%akk-x-neoass:{URU}HAL.ṢU=birtu[fort//fort]N'N$bīrti",
"f": {"lang": "akk-x-neoass",
"form": "{URU}HAL.ṢU",
"cf": "birtu",
"gw": "fort",
"sense": "fort",
"norm": "bīrti",
"pos": "N",
"epos": "N"}
}
,
{
"node": "l",
"frag": "[x",
"id": "P313779.l02122",
"ref": "P313779.21.5",
"inst": "u",
"f": {"lang": "akk-x-neoass",
"form": "x",
"pos": "u"}
}
,
{
"node": "l",
"frag": "x]",
"id": "P313779.l02123",
"ref": "P313779.21.6",
"inst": "u",
"f": {"lang": "akk-x-neoass",
"form": "x",
"pos": "u"}
}
,
{
"node": "d",
"type": "line-start",
"ref": "P313779.22",
"n": "9",
"label": "r 9"}
,
{
"node": "l",
"frag": "[x",
"id": "P313779.l02124",
"ref": "P313779.22.1",
"inst": "u",
"f": {"lang": "akk-x-neoass",
"form": "x",
"pos": "u"}
}
,
{
"node": "l",
"frag": "x",
"id": "P313779.l02125",
"ref": "P313779.22.2",
"inst": "u",
"f": {"lang": "akk-x-neoass",
"form": "x",
"pos": "u"}
}
,
{
"node": "l",
"frag": "x]",
"id": "P313779.l02126",
"ref": "P313779.22.3",
"inst": "u",
"f": {"lang": "akk-x-neoass",
"form": "x",
"pos": "u"}
}
,
{
"node": "l",
"frag": "⸢x",
"id": "P313779.l02127",
"ref": "P313779.22.4",
"inst": "u",
"f": {"lang": "akk-x-neoass",
"form": "x",
"pos": "u"}
}
,
{
"node": "l",
"frag": "{uru}u₂⸣-[e-si",
"id": "P313779.l02128",
"ref": "P313779.22.5",
"inst": "Waisi[1]GN",
"sig": "@saao/saa05%akk-x-neoass:{URU}u₂-e-si=Waisi[1//1]GN'GN$Waisi",
"f": {"lang": "akk-x-neoass",
"form": "{URU}u₂-e-si",
"cf": "Waisi",
"gw": "1",
"sense": "1",
"norm": "Waisi",
"pos": "GN",
"epos": "GN"}
}
,
{
"node": "l",
"frag": "x]",
"id": "P313779.l02129",
"ref": "P313779.22.6",
"inst": "u",
"f": {"lang": "akk-x-neoass",
"form": "x",
"pos": "u"}
}
,
{
"node": "d",
"type": "nonx",
"ref": "P313779.23",
"strict": "0",
"extent": "rest",
"state": "missing"}
]}
]}
]}
]}
