{
"type": "cdl",
  "source": "http://oracc.org/saao/saa05",
  "license": "This data is released under the CC0 license",
  "license-url": "https://creativecommons.org/publicdomain/zero/1.0/",
  "more-info": "http://oracc.org/doc/opendata/",
  "UTC-timestamp": "2017-05-19T11:27:25",
"project": "saao/saa05",
"textid": "P313619",
"cdl": [
{
"node": "c",
"type": "text",
"id": "P313619.U0",
"cdl": [
{
"node": "d",
"type": "object",
"ref": ""}
,
{
"node": "d",
"subtype": "obverse",
"type": "surface",
"ref": "P313619.o.1",
"type": "obverse",
"label": "o"}
,
{
"node": "c",
"type": "discourse",
"subtype": "body",
"id": "P313619.U1",
"cdl": [
{
"node": "c",
"type": "sentence",
"id": "P313619.U2",
"label": "o 1 - r 7'",
"cdl": [
{
"node": "d",
"type": "line-start",
"ref": "P313619.2",
"n": "1",
"label": "o 1"}
,
{
"node": "l",
"frag": "[a-na",
"id": "P313619.l03b5a",
"ref": "P313619.2.1",
"inst": "ana[to]PRP",
"sig": "@saao/saa05%akk-x-neoass:a-na=ana[to//to]PRP'PRP$ana",
"f": {"lang": "akk-x-neoass",
"form": "a-na",
"cf": "ana",
"gw": "to",
"sense": "to",
"norm": "ana",
"pos": "PRP",
"epos": "PRP"}
}
,
{
"node": "l",
"frag": "LUGAL",
"id": "P313619.l03b5b",
"ref": "P313619.2.2",
"inst": "šarri[king]N",
"sig": "@saao/saa05%akk-x-neoass:LUGAL=šarru[king//king]N'N$šarri",
"f": {"lang": "akk-x-neoass",
"form": "LUGAL",
"cf": "šarru",
"gw": "king",
"sense": "king",
"norm": "šarri",
"pos": "N",
"epos": "N"}
}
,
{
"node": "l",
"frag": "EN-ia]",
"id": "P313619.l03b5c",
"ref": "P313619.2.3",
"inst": "bēlīya[lord]N",
"sig": "@saao/saa05%akk-x-neoass:EN-ia=bēlu[lord//lord]N'N$bēlīya",
"f": {"lang": "akk-x-neoass",
"form": "EN-ia",
"cf": "bēlu",
"gw": "lord",
"sense": "lord",
"norm": "bēlīya",
"pos": "N",
"epos": "N"}
}
,
{
"node": "d",
"type": "line-start",
"ref": "P313619.3",
"n": "2",
"label": "o 2"}
,
{
"node": "l",
"frag": "[ARAD]-⸢ka⸣",
"id": "P313619.l03b5d",
"ref": "P313619.3.1",
"inst": "urdaka[servant]N",
"sig": "@saao/saa05%akk-x-neoass:ARAD-ka=ardu[slave//servant]N'N$urdaka",
"f": {"lang": "akk-x-neoass",
"form": "ARAD-ka",
"cf": "ardu",
"gw": "slave",
"sense": "servant",
"norm": "urdaka",
"pos": "N",
"epos": "N"}
}
,
{
"node": "l",
"frag": "{1}di-[na-nu]",
"id": "P313619.l03b5e",
"ref": "P313619.3.2",
"inst": "Dinanu[]PN$",
"sig": "@saao/saa05%akk-x-neoass:{1}di-na-nu=Dinanu[1//1]PN'PN$Dinanu",
"f": {"lang": "akk-x-neoass",
"form": "{1}di-na-nu",
"cf": "Dinanu",
"gw": "1",
"sense": "1",
"norm": "Dinanu",
"pos": "PN",
"epos": "PN"}
}
,
{
"node": "d",
"type": "line-start",
"ref": "P313619.4",
"n": "3",
"label": "o 3"}
,
{
"node": "l",
"frag": "[lu-u",
"id": "P313619.l03b5f",
"ref": "P313619.4.1",
"inst": "lū[may]MOD",
"sig": "@saao/saa05%akk-x-neoass:lu-u=lū[may//may]MOD'MOD$lū",
"f": {"lang": "akk-x-neoass",
"form": "lu-u",
"cf": "lū",
"gw": "may",
"sense": "may",
"norm": "lū",
"pos": "MOD",
"epos": "MOD"}
}
,
{
"node": "l",
"frag": "DI]-mu\\p",
"id": "P313619.l03b60",
"ref": "P313619.4.2",
"inst": "šulmu[health]N",
"sig": "@saao/saa05%akk-x-neoass:DI-mu=šulmu[completeness//health]N'N$šulmu",
"f": {"lang": "akk-x-neoass",
"form": "DI-mu",
"cf": "šulmu",
"gw": "completeness",
"sense": "health",
"norm": "šulmu",
"pos": "N",
"epos": "N"}
}
,
{
"node": "l",
"frag": "a-na\\d",
"id": "P313619.l03b61",
"ref": "P313619.4.3",
"inst": "ana[to]PRP",
"sig": "@saao/saa05%akk-x-neoass:a-na=ana[to//to]PRP'PRP$ana",
"f": {"lang": "akk-x-neoass",
"form": "a-na",
"cf": "ana",
"gw": "to",
"sense": "to",
"norm": "ana",
"pos": "PRP",
"epos": "PRP"}
}
,
{
"node": "l",
"frag": "⸢LUGAL⸣",
"id": "P313619.l03b62",
"ref": "P313619.4.4",
"inst": "šarri[king]N",
"sig": "@saao/saa05%akk-x-neoass:LUGAL=šarru[king//king]N'N$šarri",
"f": {"lang": "akk-x-neoass",
"form": "LUGAL",
"cf": "šarru",
"gw": "king",
"sense": "king",
"norm": "šarri",
"pos": "N",
"epos": "N"}
}
,
{
"node": "l",
"frag": "[EN-ia]",
"id": "P313619.l03b63",
"ref": "P313619.4.5",
"inst": "bēlīya[lord]N",
"sig": "@saao/saa05%akk-x-neoass:EN-ia=bēlu[lord//lord]N'N$bēlīya",
"f": {"lang": "akk-x-neoass",
"form": "EN-ia",
"cf": "bēlu",
"gw": "lord",
"sense": "lord",
"norm": "bēlīya",
"pos": "N",
"epos": "N"}
}
,
{
"node": "d",
"type": "line-start",
"ref": "P313619.5",
"n": "4",
"label": "o 4"}
,
{
"node": "l",
"frag": "[ša]",
"id": "P313619.l03b64",
"ref": "P313619.5.1",
"inst": "ša[what]REL",
"sig": "@saao/saa05%akk-x-neoass:ša=ša[that//what]REL'REL$ša",
"f": {"lang": "akk-x-neoass",
"form": "ša",
"cf": "ša",
"gw": "that",
"sense": "what",
"norm": "ša",
"pos": "REL",
"epos": "REL"}
}
,
{
"node": "l",
"frag": "⸢LUGAL⸣",
"id": "P313619.l03b65",
"ref": "P313619.5.2",
"inst": "šarru[king]N",
"sig": "@saao/saa05%akk-x-neoass:LUGAL=šarru[king//king]N'N$šarru",
"f": {"lang": "akk-x-neoass",
"form": "LUGAL",
"cf": "šarru",
"gw": "king",
"sense": "king",
"norm": "šarru",
"pos": "N",
"epos": "N"}
}
,
{
"node": "l",
"frag": "be-li₂",
"id": "P313619.l03b66",
"ref": "P313619.5.3",
"inst": "bēlī[lord]N",
"sig": "@saao/saa05%akk-x-neoass:be-li₂=bēlu[lord//lord]N'N$bēlī",
"f": {"lang": "akk-x-neoass",
"form": "be-li₂",
"cf": "bēlu",
"gw": "lord",
"sense": "lord",
"norm": "bēlī",
"pos": "N",
"epos": "N"}
}
,
{
"node": "l",
"frag": "iš\\d-šad-[dag-diš]",
"id": "P313619.l03b67",
"ref": "P313619.5.4",
"cof-tails": "P313619.l03b68",
"inst": "ina[in]PRP$ina&šaddaqda[last year]AV$šaddaqdiš",
"sig": "@saao/saa05%akk-x-neoass:iš-šad-dag-diš=ina[in//in]PRP'PRP$ina&&@saao%akk-x-neoass:=šaddaqda[last year//last year]AV'AV$šaddaqdiš",
"f": {"lang": "akk-x-neoass",
"form": "iš-šad-dag-diš",
"cf": "ina",
"gw": "in",
"sense": "in",
"norm": "ina",
"pos": "PRP",
"epos": "PRP"}
}
,
{
"node": "l",
"frag": "iš\\d-šad-[dag-diš]",
"id": "P313619.l03b68",
"ref": "P313619.5.4",
"cof-head": "P313619.l03b67",
"inst": "ina[in]PRP$ina&šaddaqda[last year]AV$šaddaqdiš",
"tail-sig": "@saao%akk-x-neoass:=šaddaqda[last year//last year]AV'AV$šaddaqdiš",
"f": {"lang": "akk-x-neoass",
"form": "iš-šad-dag-diš",
"cf": "šaddaqda",
"gw": "last year",
"sense": "last year",
"norm": "šaddaqdiš",
"pos": "AV",
"epos": "AV"}
}
,
{
"node": "d",
"type": "line-start",
"ref": "P313619.6",
"n": "5",
"label": "o 5"}
,
{
"node": "l",
"frag": "[iš]-⸢pur⸣-ni-ni",
"id": "P313619.l03b69",
"ref": "P313619.6.1",
"inst": "šapāru[send//write]V$išpurannīni",
"sig": "@saao/saa05%akk-x-neoass:iš-pur-ni-ni=šapāru[send//write]V'V$išpurannīni",
"f": {"lang": "akk-x-neoass",
"form": "iš-pur-ni-ni",
"cf": "šapāru",
"gw": "send",
"sense": "write",
"norm": "išpurannīni",
"pos": "V",
"epos": "V"}
}
,
{
"node": "l",
"frag": "{lu₂vy}⸢SAG⸣",
"id": "P313619.l03b6a",
"ref": "P313619.6.2",
"inst": "ša-rēši[eunuch]N",
"sig": "@saao/saa05%akk-x-neoass:{LU₂}SAG=ša-rēši[eunuch//eunuch]N'N$ša-rēši",
"f": {"lang": "akk-x-neoass",
"form": "{LU₂}SAG",
"cf": "ša-rēši",
"gw": "eunuch",
"sense": "eunuch",
"norm": "ša-rēši",
"pos": "N",
"epos": "N"}
}
,
{
"node": "d",
"type": "line-start",
"ref": "P313619.7",
"n": "6",
"label": "o 6"}
,
{
"node": "l",
"frag": "[ša]",
"id": "P313619.l03b6b",
"ref": "P313619.7.1",
"inst": "ša[who]REL",
"sig": "@saao/saa05%akk-x-neoass:ša=ša[that//who]REL'REL$ša",
"f": {"lang": "akk-x-neoass",
"form": "ša",
"cf": "ša",
"gw": "that",
"sense": "who",
"norm": "ša",
"pos": "REL",
"epos": "REL"}
}
,
{
"node": "l",
"frag": "LUGAL",
"id": "P313619.l03b6c",
"ref": "P313619.7.2",
"inst": "šarru[king]N",
"sig": "@saao/saa05%akk-x-neoass:LUGAL=šarru[king//king]N'N$šarru",
"f": {"lang": "akk-x-neoass",
"form": "LUGAL",
"cf": "šarru",
"gw": "king",
"sense": "king",
"norm": "šarru",
"pos": "N",
"epos": "N"}
}
,
{
"node": "l",
"frag": "be-li₂",
"id": "P313619.l03b6d",
"ref": "P313619.7.3",
"inst": "bēlī[lord]N",
"sig": "@saao/saa05%akk-x-neoass:be-li₂=bēlu[lord//lord]N'N$bēlī",
"f": {"lang": "akk-x-neoass",
"form": "be-li₂",
"cf": "bēlu",
"gw": "lord",
"sense": "lord",
"norm": "bēlī",
"pos": "N",
"epos": "N"}
}
,
{
"node": "l",
"frag": "iq-bu\\p-[u-ni]",
"id": "P313619.l03b6e",
"ref": "P313619.7.4",
"inst": "iqbûni[say]V",
"sig": "@saao/saa05%akk-x-neoass:iq-bu-u-ni=qabû[say//say]V'V$iqbûni",
"f": {"lang": "akk-x-neoass",
"form": "iq-bu-u-ni",
"cf": "qabû",
"gw": "say",
"sense": "say",
"norm": "iqbûni",
"pos": "V",
"epos": "V"}
}
,
{
"node": "d",
"type": "line-start",
"ref": "P313619.8",
"n": "7",
"label": "o 7"}
,
{
"node": "l",
"frag": "⸢ma⸣-a",
"id": "P313619.l03b6f",
"ref": "P313619.8.1",
"inst": "mā[saying]PRP",
"sig": "@saao/saa05%akk-x-neoass:ma-a=mā[saying//saying]PRP'PRP$mā",
"f": {"lang": "akk-x-neoass",
"form": "ma-a",
"cf": "mā",
"gw": "saying",
"sense": "saying",
"norm": "mā",
"pos": "PRP",
"epos": "PRP"}
}
,
{
"node": "l",
"frag": "i-pa-ni-šu₂",
"id": "P313619.l03b70",
"ref": "P313619.8.2",
"cof-tails": "P313619.l03b71",
"inst": "ina[in+=in the presence of]PRP$ina&pānu[front]N$pānīšu",
"sig": "@saao/saa05%akk-x-neoass:i-pa-ni-šu₂=ina[in//in]PRP'PRP$ina&&@saao%akk-x-neoass:=pānu[front//front]N'N$pānīšu",
"f": {"lang": "akk-x-neoass",
"form": "i-pa-ni-šu₂",
"cf": "ina",
"gw": "in",
"sense": "in",
"norm": "ina",
"pos": "PRP",
"epos": "PRP"}
}
,
{
"node": "l",
"frag": "i-pa-ni-šu₂",
"id": "P313619.l03b71",
"ref": "P313619.8.2",
"cof-head": "P313619.l03b70",
"inst": "ina[in+=in the presence of]PRP$ina&pānu[front]N$pānīšu",
"tail-sig": "@saao%akk-x-neoass:=pānu[front//front]N'N$pānīšu",
"f": {"lang": "akk-x-neoass",
"form": "i-pa-ni-šu₂",
"cf": "pānu",
"gw": "front",
"sense": "front",
"norm": "pānīšu",
"pos": "N",
"epos": "N"}
}
,
{
"node": "l",
"frag": "[x",
"id": "P313619.l03b72",
"ref": "P313619.8.3",
"inst": "u",
"f": {"lang": "akk-x-neoass",
"form": "x",
"pos": "u"}
}
,
{
"node": "l",
"frag": "x",
"id": "P313619.l03b73",
"ref": "P313619.8.4",
"inst": "u",
"f": {"lang": "akk-x-neoass",
"form": "x",
"pos": "u"}
}
,
{
"node": "l",
"frag": "x]",
"id": "P313619.l03b74",
"ref": "P313619.8.5",
"inst": "u",
"f": {"lang": "akk-x-neoass",
"form": "x",
"pos": "u"}
}
,
{
"node": "d",
"type": "line-start",
"ref": "P313619.9",
"n": "8",
"label": "o 8"}
,
{
"node": "l",
"frag": "{1}iš-me-DINGIR",
"id": "P313619.l03b75",
"ref": "P313619.9.1",
"inst": "Išme-ilu[]PN$",
"sig": "@saao/saa05%akk-x-neoass:{1}iš-me-DINGIR=Išme-ilu[1//1]PN'PN$Išme-ilu",
"f": {"lang": "akk-x-neoass",
"form": "{1}iš-me-DINGIR",
"cf": "Išme-ilu",
"gw": "1",
"sense": "1",
"norm": "Išme-ilu",
"pos": "PN",
"epos": "PN"}
}
,
{
"node": "l",
"frag": "ina",
"id": "P313619.l03b76",
"ref": "P313619.9.2",
"inst": "ina[in]PRP",
"sig": "@saao/saa05%akk-x-neoass:ina=ina[in//in]PRP'PRP$ina",
"f": {"lang": "akk-x-neoass",
"form": "ina",
"cf": "ina",
"gw": "in",
"sense": "in",
"norm": "ina",
"pos": "PRP",
"epos": "PRP"}
}
,
{
"node": "l",
"frag": "⸢pa-ni⸣-[x",
"id": "P313619.l03b77",
"ref": "P313619.9.3",
"inst": "u",
"f": {"lang": "akk-x-neoass",
"form": "pa-ni-x",
"pos": "u"}
}
,
{
"node": "l",
"frag": "x]",
"id": "P313619.l03b78",
"ref": "P313619.9.4",
"inst": "u",
"f": {"lang": "akk-x-neoass",
"form": "x",
"pos": "u"}
}
,
{
"node": "d",
"type": "line-start",
"ref": "P313619.10",
"n": "9",
"label": "o 9"}
,
{
"node": "l",
"frag": "⸢ki⸣-i",
"id": "P313619.l03b79",
"ref": "P313619.10.1",
"inst": "kī[like//when]PRP'SBJ$kî",
"sig": "@saao/saa05%akk-x-neoass:ki-i=kī[like//when]PRP'SBJ$kî",
"f": {"lang": "akk-x-neoass",
"form": "ki-i",
"cf": "kī",
"gw": "like",
"sense": "when",
"norm": "kî",
"pos": "PRP",
"epos": "SBJ"}
}
,
{
"node": "l",
"frag": "[x",
"id": "P313619.l03b7a",
"ref": "P313619.10.2",
"inst": "u",
"f": {"lang": "akk-x-neoass",
"form": "x",
"pos": "u"}
}
,
{
"node": "l",
"frag": "x",
"id": "P313619.l03b7b",
"ref": "P313619.10.3",
"inst": "u",
"f": {"lang": "akk-x-neoass",
"form": "x",
"pos": "u"}
}
,
{
"node": "l",
"frag": "x",
"id": "P313619.l03b7c",
"ref": "P313619.10.4",
"inst": "u",
"f": {"lang": "akk-x-neoass",
"form": "x",
"pos": "u"}
}
,
{
"node": "l",
"frag": "x",
"id": "P313619.l03b7d",
"ref": "P313619.10.5",
"inst": "u",
"f": {"lang": "akk-x-neoass",
"form": "x",
"pos": "u"}
}
,
{
"node": "l",
"frag": "x",
"id": "P313619.l03b7e",
"ref": "P313619.10.6",
"inst": "u",
"f": {"lang": "akk-x-neoass",
"form": "x",
"pos": "u"}
}
,
{
"node": "l",
"frag": "x]",
"id": "P313619.l03b7f",
"ref": "P313619.10.7",
"inst": "u",
"f": {"lang": "akk-x-neoass",
"form": "x",
"pos": "u"}
}
,
{
"node": "d",
"type": "nonx",
"ref": "P313619.11",
"strict": "0",
"extent": "rest",
"state": "missing"}
,
{
"node": "d",
"subtype": "reverse",
"type": "surface",
"ref": "P313619.r.12",
"type": "reverse",
"label": "r"}
,
{
"node": "d",
"type": "nonx",
"ref": "P313619.13",
"strict": "0",
"extent": "beginning",
"state": "missing"}
,
{
"node": "d",
"type": "line-start",
"ref": "P313619.14",
"n": "1'",
"label": "r 1'"}
,
{
"node": "l",
"frag": "[x",
"id": "P313619.l03b80",
"ref": "P313619.14.1",
"inst": "u",
"f": {"lang": "akk-x-neoass",
"form": "x",
"pos": "u"}
}
,
{
"node": "l",
"frag": "x",
"id": "P313619.l03b81",
"ref": "P313619.14.2",
"inst": "u",
"f": {"lang": "akk-x-neoass",
"form": "x",
"pos": "u"}
}
,
{
"node": "l",
"frag": "x]",
"id": "P313619.l03b82",
"ref": "P313619.14.3",
"inst": "u",
"f": {"lang": "akk-x-neoass",
"form": "x",
"pos": "u"}
}
,
{
"node": "l",
"frag": "⸢kas",
"id": "P313619.l03b83",
"ref": "P313619.14.4",
"inst": "u",
"f": {"lang": "akk-x-neoass",
"form": "kas",
"pos": "u"}
}
,
{
"node": "l",
"frag": "ru\\d⸣",
"id": "P313619.l03b84",
"ref": "P313619.14.5",
"inst": "u",
"f": {"lang": "akk-x-neoass",
"form": "ru",
"pos": "u"}
}
,
{
"node": "l",
"frag": "[x",
"id": "P313619.l03b85",
"ref": "P313619.14.6",
"inst": "u",
"f": {"lang": "akk-x-neoass",
"form": "x",
"pos": "u"}
}
,
{
"node": "l",
"frag": "x",
"id": "P313619.l03b86",
"ref": "P313619.14.7",
"inst": "u",
"f": {"lang": "akk-x-neoass",
"form": "x",
"pos": "u"}
}
,
{
"node": "l",
"frag": "x]",
"id": "P313619.l03b87",
"ref": "P313619.14.8",
"inst": "u",
"f": {"lang": "akk-x-neoass",
"form": "x",
"pos": "u"}
}
,
{
"node": "d",
"type": "line-start",
"ref": "P313619.15",
"n": "2'",
"label": "r 2'"}
,
{
"node": "l",
"frag": "[x",
"id": "P313619.l03b88",
"ref": "P313619.15.1",
"inst": "u",
"f": {"lang": "akk-x-neoass",
"form": "x",
"pos": "u"}
}
,
{
"node": "l",
"frag": "x",
"id": "P313619.l03b89",
"ref": "P313619.15.2",
"inst": "u",
"f": {"lang": "akk-x-neoass",
"form": "x",
"pos": "u"}
}
,
{
"node": "l",
"frag": "x]-ṭu-ru\\d",
"id": "P313619.l03b8a",
"ref": "P313619.15.3",
"inst": "u",
"f": {"lang": "akk-x-neoass",
"form": "x-ṭu-ru",
"pos": "u"}
}
,
{
"node": "l",
"frag": "⸢GU₂⸣",
"id": "P313619.l03b8b",
"ref": "P313619.15.4",
"inst": "u",
"f": {"lang": "akk-x-neoass",
"form": "GU₂",
"pos": "u"}
}
,
{
"node": "l",
"frag": "[x",
"id": "P313619.l03b8c",
"ref": "P313619.15.5",
"inst": "u",
"f": {"lang": "akk-x-neoass",
"form": "x",
"pos": "u"}
}
,
{
"node": "l",
"frag": "x]",
"id": "P313619.l03b8d",
"ref": "P313619.15.6",
"inst": "u",
"f": {"lang": "akk-x-neoass",
"form": "x",
"pos": "u"}
}
,
{
"node": "d",
"type": "line-start",
"ref": "P313619.16",
"n": "3'",
"label": "r 3'"}
,
{
"node": "l",
"frag": "[x",
"id": "P313619.l03b8e",
"ref": "P313619.16.1",
"inst": "u",
"f": {"lang": "akk-x-neoass",
"form": "x",
"pos": "u"}
}
,
{
"node": "l",
"frag": "x",
"id": "P313619.l03b8f",
"ref": "P313619.16.2",
"inst": "u",
"f": {"lang": "akk-x-neoass",
"form": "x",
"pos": "u"}
}
,
{
"node": "l",
"frag": "x]-tar-ra",
"id": "P313619.l03b90",
"ref": "P313619.16.3",
"inst": "u",
"f": {"lang": "akk-x-neoass",
"form": "x-tar-ra",
"pos": "u"}
}
,
{
"node": "l",
"frag": "ri",
"id": "P313619.l03b91",
"ref": "P313619.16.4",
"inst": "u",
"f": {"lang": "akk-x-neoass",
"form": "ri",
"pos": "u"}
}
,
{
"node": "l",
"frag": "[x",
"id": "P313619.l03b92",
"ref": "P313619.16.5",
"inst": "u",
"f": {"lang": "akk-x-neoass",
"form": "x",
"pos": "u"}
}
,
{
"node": "l",
"frag": "x]",
"id": "P313619.l03b93",
"ref": "P313619.16.6",
"inst": "u",
"f": {"lang": "akk-x-neoass",
"form": "x",
"pos": "u"}
}
,
{
"node": "d",
"type": "line-start",
"ref": "P313619.17",
"n": "4'",
"label": "r 4'"}
,
{
"node": "l",
"frag": "[x",
"id": "P313619.l03b94",
"ref": "P313619.17.1",
"inst": "u",
"f": {"lang": "akk-x-neoass",
"form": "x",
"pos": "u"}
}
,
{
"node": "l",
"frag": "x]",
"id": "P313619.l03b95",
"ref": "P313619.17.2",
"inst": "u",
"f": {"lang": "akk-x-neoass",
"form": "x",
"pos": "u"}
}
,
{
"node": "l",
"frag": "⸢su⸣-sa-a.a",
"id": "P313619.l03b96",
"ref": "P313619.17.3",
"inst": "u",
"f": {"lang": "akk-x-neoass",
"form": "su-sa-a.a",
"pos": "u"}
}
,
{
"node": "l",
"frag": "⸢x⸣+[x",
"id": "P313619.l03b97",
"ref": "P313619.17.4",
"inst": "u",
"f": {"lang": "akk-x-neoass",
"form": "x+x",
"pos": "u"}
}
,
{
"node": "l",
"frag": "x",
"id": "P313619.l03b98",
"ref": "P313619.17.5",
"inst": "u",
"f": {"lang": "akk-x-neoass",
"form": "x",
"pos": "u"}
}
,
{
"node": "l",
"frag": "x]",
"id": "P313619.l03b99",
"ref": "P313619.17.6",
"inst": "u",
"f": {"lang": "akk-x-neoass",
"form": "x",
"pos": "u"}
}
,
{
"node": "d",
"type": "line-start",
"ref": "P313619.18",
"n": "5'",
"label": "r 5'"}
,
{
"node": "l",
"frag": "[x",
"id": "P313619.l03b9a",
"ref": "P313619.18.1",
"inst": "u",
"f": {"lang": "akk-x-neoass",
"form": "x",
"pos": "u"}
}
,
{
"node": "l",
"frag": "x",
"id": "P313619.l03b9b",
"ref": "P313619.18.2",
"inst": "u",
"f": {"lang": "akk-x-neoass",
"form": "x",
"pos": "u"}
}
,
{
"node": "l",
"frag": "x]",
"id": "P313619.l03b9c",
"ref": "P313619.18.3",
"inst": "u",
"f": {"lang": "akk-x-neoass",
"form": "x",
"pos": "u"}
}
,
{
"node": "l",
"frag": "⸢ša\\ym⸣",
"id": "P313619.l03b9d",
"ref": "P313619.18.4",
"inst": "ša[of]DET",
"sig": "@saao/saa05%akk-x-neoass:ša=ša[of//of]DET'DET$ša",
"f": {"lang": "akk-x-neoass",
"form": "ša",
"cf": "ša",
"gw": "of",
"sense": "of",
"norm": "ša",
"pos": "DET",
"epos": "DET"}
}
,
{
"node": "l",
"frag": "{kur}⸢bir\\p⸣-[a-te]",
"id": "P313619.l03b9e",
"ref": "P313619.18.5",
"inst": "Birate[]GN$",
"sig": "@saao/saa05%akk-x-neoass:{KUR}bir-a-te=Birate[1//1]GN'GN$Birate",
"f": {"lang": "akk-x-neoass",
"form": "{KUR}bir-a-te",
"cf": "Birate",
"gw": "1",
"sense": "1",
"norm": "Birate",
"pos": "GN",
"epos": "GN"}
}
,
{
"node": "d",
"type": "line-start",
"ref": "P313619.19",
"n": "6'",
"label": "r 6'"}
,
{
"node": "l",
"frag": "[x",
"id": "P313619.l03b9f",
"ref": "P313619.19.1",
"inst": "u",
"f": {"lang": "akk-x-neoass",
"form": "x",
"pos": "u"}
}
,
{
"node": "l",
"frag": "x",
"id": "P313619.l03ba0",
"ref": "P313619.19.2",
"inst": "u",
"f": {"lang": "akk-x-neoass",
"form": "x",
"pos": "u"}
}
,
{
"node": "l",
"frag": "x]",
"id": "P313619.l03ba1",
"ref": "P313619.19.3",
"inst": "u",
"f": {"lang": "akk-x-neoass",
"form": "x",
"pos": "u"}
}
,
{
"node": "l",
"frag": "⸢e-ru\\d-bu⸣",
"id": "P313619.l03ba2",
"ref": "P313619.19.4",
"inst": "errubu[enter]V",
"sig": "@saao/saa05%akk-x-neoass:e-ru-bu=erēbu[enter//enter]V'V$errubu",
"f": {"lang": "akk-x-neoass",
"form": "e-ru-bu",
"cf": "erēbu",
"gw": "enter",
"sense": "enter",
"norm": "errubu",
"pos": "V",
"epos": "V"}
}
,
{
"node": "l",
"frag": "[x",
"id": "P313619.l03ba3",
"ref": "P313619.19.5",
"inst": "u",
"f": {"lang": "akk-x-neoass",
"form": "x",
"pos": "u"}
}
,
{
"node": "l",
"frag": "x]",
"id": "P313619.l03ba4",
"ref": "P313619.19.6",
"inst": "u",
"f": {"lang": "akk-x-neoass",
"form": "x",
"pos": "u"}
}
,
{
"node": "d",
"type": "line-start",
"ref": "P313619.20",
"n": "7'",
"label": "r 7'"}
,
{
"node": "l",
"frag": "[x",
"id": "P313619.l03ba5",
"ref": "P313619.20.1",
"inst": "u",
"f": {"lang": "akk-x-neoass",
"form": "x",
"pos": "u"}
}
,
{
"node": "l",
"frag": "x",
"id": "P313619.l03ba6",
"ref": "P313619.20.2",
"inst": "u",
"f": {"lang": "akk-x-neoass",
"form": "x",
"pos": "u"}
}
,
{
"node": "l",
"frag": "x",
"id": "P313619.l03ba7",
"ref": "P313619.20.3",
"inst": "u",
"f": {"lang": "akk-x-neoass",
"form": "x",
"pos": "u"}
}
,
{
"node": "l",
"frag": "x",
"id": "P313619.l03ba8",
"ref": "P313619.20.4",
"inst": "u",
"f": {"lang": "akk-x-neoass",
"form": "x",
"pos": "u"}
}
,
{
"node": "l",
"frag": "x",
"id": "P313619.l03ba9",
"ref": "P313619.20.5",
"inst": "u",
"f": {"lang": "akk-x-neoass",
"form": "x",
"pos": "u"}
}
,
{
"node": "l",
"frag": "x",
"id": "P313619.l03baa",
"ref": "P313619.20.6",
"inst": "u",
"f": {"lang": "akk-x-neoass",
"form": "x",
"pos": "u"}
}
,
{
"node": "l",
"frag": "x",
"id": "P313619.l03bab",
"ref": "P313619.20.7",
"inst": "u",
"f": {"lang": "akk-x-neoass",
"form": "x",
"pos": "u"}
}
,
{
"node": "l",
"frag": "x]",
"id": "P313619.l03bac",
"ref": "P313619.20.8",
"inst": "u",
"f": {"lang": "akk-x-neoass",
"form": "x",
"pos": "u"}
}
,
{
"node": "d",
"type": "nonx",
"ref": "P313619.21",
"strict": "0",
"state": "other"}
]}
]}
]}
]}
