{
"type": "cdl",
  "source": "http://oracc.org/saao/saa05",
  "license": "This data is released under the CC0 license",
  "license-url": "https://creativecommons.org/publicdomain/zero/1.0/",
  "more-info": "http://oracc.org/doc/opendata/",
  "UTC-timestamp": "2017-05-19T11:27:31",
"project": "saao/saa05",
"textid": "P313853",
"cdl": [
{
"node": "c",
"type": "text",
"id": "P313853.U0",
"cdl": [
{
"node": "d",
"type": "object",
"ref": ""}
,
{
"node": "d",
"subtype": "obverse",
"type": "surface",
"ref": "P313853.o.1",
"type": "obverse",
"label": "o"}
,
{
"node": "d",
"type": "nonx",
"ref": "P313853.2",
"strict": "0",
"extent": "beginning",
"state": "missing"}
,
{
"node": "c",
"type": "discourse",
"subtype": "body",
"id": "P313853.U1",
"cdl": [
{
"node": "c",
"type": "sentence",
"id": "P313853.U2",
"label": "o 1' - o 9'",
"cdl": [
{
"node": "d",
"type": "line-start",
"ref": "P313853.3",
"n": "1'",
"label": "o 1'"}
,
{
"node": "l",
"frag": "[x",
"id": "P313853.l02c97",
"ref": "P313853.3.1",
"inst": "u",
"f": {"lang": "akk-x-neoass",
"form": "x",
"pos": "u"}
}
,
{
"node": "l",
"frag": "x",
"id": "P313853.l02c98",
"ref": "P313853.3.2",
"inst": "u",
"f": {"lang": "akk-x-neoass",
"form": "x",
"pos": "u"}
}
,
{
"node": "l",
"frag": "x",
"id": "P313853.l02c99",
"ref": "P313853.3.3",
"inst": "u",
"f": {"lang": "akk-x-neoass",
"form": "x",
"pos": "u"}
}
,
{
"node": "l",
"frag": "x",
"id": "P313853.l02c9a",
"ref": "P313853.3.4",
"inst": "u",
"f": {"lang": "akk-x-neoass",
"form": "x",
"pos": "u"}
}
,
{
"node": "l",
"frag": "x]",
"id": "P313853.l02c9b",
"ref": "P313853.3.5",
"inst": "u",
"f": {"lang": "akk-x-neoass",
"form": "x",
"pos": "u"}
}
,
{
"node": "l",
"frag": "⸢x",
"id": "P313853.l02c9c",
"ref": "P313853.3.6",
"inst": "u",
"f": {"lang": "akk-x-neoass",
"form": "x",
"pos": "u"}
}
,
{
"node": "l",
"frag": "x",
"id": "P313853.l02c9d",
"ref": "P313853.3.7",
"inst": "u",
"f": {"lang": "akk-x-neoass",
"form": "x",
"pos": "u"}
}
,
{
"node": "l",
"frag": "x⸣",
"id": "P313853.l02c9e",
"ref": "P313853.3.8",
"inst": "u",
"f": {"lang": "akk-x-neoass",
"form": "x",
"pos": "u"}
}
,
{
"node": "l",
"frag": "[x]",
"id": "P313853.l02c9f",
"ref": "P313853.3.9",
"inst": "u",
"f": {"lang": "akk-x-neoass",
"form": "x",
"pos": "u"}
}
,
{
"node": "d",
"type": "line-start",
"ref": "P313853.4",
"n": "2'",
"label": "o 2'"}
,
{
"node": "l",
"frag": "[x",
"id": "P313853.l02ca0",
"ref": "P313853.4.1",
"inst": "u",
"f": {"lang": "akk-x-neoass",
"form": "x",
"pos": "u"}
}
,
{
"node": "l",
"frag": "x",
"id": "P313853.l02ca1",
"ref": "P313853.4.2",
"inst": "u",
"f": {"lang": "akk-x-neoass",
"form": "x",
"pos": "u"}
}
,
{
"node": "l",
"frag": "x",
"id": "P313853.l02ca2",
"ref": "P313853.4.3",
"inst": "u",
"f": {"lang": "akk-x-neoass",
"form": "x",
"pos": "u"}
}
,
{
"node": "l",
"frag": "x]",
"id": "P313853.l02ca3",
"ref": "P313853.4.4",
"inst": "u",
"f": {"lang": "akk-x-neoass",
"form": "x",
"pos": "u"}
}
,
{
"node": "l",
"frag": "⸢LUGAL⸣",
"id": "P313853.l02ca4",
"ref": "P313853.4.5",
"inst": "šarru[king]N",
"sig": "@saao/saa05%akk-x-neoass:LUGAL=šarru[king//king]N'N$šarru",
"f": {"lang": "akk-x-neoass",
"form": "LUGAL",
"cf": "šarru",
"gw": "king",
"sense": "king",
"norm": "šarru",
"pos": "N",
"epos": "N"}
}
,
{
"node": "l",
"frag": "EN",
"id": "P313853.l02ca5",
"ref": "P313853.4.6",
"inst": "bēlī[lord]N",
"sig": "@saao/saa05%akk-x-neoass:EN=bēlu[lord//lord]N'N$bēlī",
"f": {"lang": "akk-x-neoass",
"form": "EN",
"cf": "bēlu",
"gw": "lord",
"sense": "lord",
"norm": "bēlī",
"pos": "N",
"epos": "N"}
}
,
{
"node": "l",
"frag": "u₂\\m-da\\d",
"id": "P313853.l02ca6",
"ref": "P313853.4.7",
"inst": "ūda[know]V",
"sig": "@saao/saa05%akk-x-neoass:u₂-da=wadû[know//know]V'V$ūda",
"f": {"lang": "akk-x-neoass",
"form": "u₂-da",
"cf": "wadû",
"gw": "know",
"sense": "know",
"norm": "ūda",
"pos": "V",
"epos": "V"}
}
,
{
"node": "d",
"type": "line-start",
"ref": "P313853.5",
"n": "3'",
"label": "o 3'"}
,
{
"node": "l",
"frag": "[x",
"id": "P313853.l02ca7",
"ref": "P313853.5.1",
"inst": "u",
"f": {"lang": "akk-x-neoass",
"form": "x",
"pos": "u"}
}
,
{
"node": "l",
"frag": "x",
"id": "P313853.l02ca8",
"ref": "P313853.5.2",
"inst": "u",
"f": {"lang": "akk-x-neoass",
"form": "x",
"pos": "u"}
}
,
{
"node": "l",
"frag": "x",
"id": "P313853.l02ca9",
"ref": "P313853.5.3",
"inst": "u",
"f": {"lang": "akk-x-neoass",
"form": "x",
"pos": "u"}
}
,
{
"node": "l",
"frag": "x",
"id": "P313853.l02caa",
"ref": "P313853.5.4",
"inst": "u",
"f": {"lang": "akk-x-neoass",
"form": "x",
"pos": "u"}
}
,
{
"node": "l",
"frag": "x]",
"id": "P313853.l02cab",
"ref": "P313853.5.5",
"inst": "u",
"f": {"lang": "akk-x-neoass",
"form": "x",
"pos": "u"}
}
,
{
"node": "l",
"frag": "{⸢uru⸣}HAL.ṢU-MEŠ",
"id": "P313853.l02cac",
"ref": "P313853.5.6",
"inst": "bīrāti[fort]N",
"sig": "@saao/saa05%akk-x-neoass:{URU}HAL.ṢU-MEŠ=birtu[fort//fort]N'N$bīrāti",
"f": {"lang": "akk-x-neoass",
"form": "{URU}HAL.ṢU-MEŠ",
"cf": "birtu",
"gw": "fort",
"sense": "fort",
"norm": "bīrāti",
"pos": "N",
"epos": "N"}
}
,
{
"node": "d",
"type": "line-start",
"ref": "P313853.6",
"n": "4'",
"label": "o 4'"}
,
{
"node": "l",
"frag": "[x",
"id": "P313853.l02cad",
"ref": "P313853.6.1",
"inst": "u",
"f": {"lang": "akk-x-neoass",
"form": "x",
"pos": "u"}
}
,
{
"node": "l",
"frag": "x",
"id": "P313853.l02cae",
"ref": "P313853.6.2",
"inst": "u",
"f": {"lang": "akk-x-neoass",
"form": "x",
"pos": "u"}
}
,
{
"node": "l",
"frag": "x",
"id": "P313853.l02caf",
"ref": "P313853.6.3",
"inst": "u",
"f": {"lang": "akk-x-neoass",
"form": "x",
"pos": "u"}
}
,
{
"node": "l",
"frag": "x]",
"id": "P313853.l02cb0",
"ref": "P313853.6.4",
"inst": "u",
"f": {"lang": "akk-x-neoass",
"form": "x",
"pos": "u"}
}
,
{
"node": "l",
"frag": "⸢LUGAL⸣",
"id": "P313853.l02cb1",
"ref": "P313853.6.5",
"inst": "šarri[king]N",
"sig": "@saao/saa05%akk-x-neoass:LUGAL=šarru[king//king]N'N$šarri",
"f": {"lang": "akk-x-neoass",
"form": "LUGAL",
"cf": "šarru",
"gw": "king",
"sense": "king",
"norm": "šarri",
"pos": "N",
"epos": "N"}
}
,
{
"node": "l",
"frag": "EN-ia",
"id": "P313853.l02cb2",
"ref": "P313853.6.6",
"inst": "bēlīya[lord]N",
"sig": "@saao/saa05%akk-x-neoass:EN-ia=bēlu[lord//lord]N'N$bēlīya",
"f": {"lang": "akk-x-neoass",
"form": "EN-ia",
"cf": "bēlu",
"gw": "lord",
"sense": "lord",
"norm": "bēlīya",
"pos": "N",
"epos": "N"}
}
,
{
"node": "l",
"frag": "ad-⸢din⸣",
"id": "P313853.l02cb3",
"ref": "P313853.6.7",
"inst": "tadānu[give]V$addin",
"sig": "@saao/saa05%akk-x-neoass:ad-din=tadānu[give//give]V'V$addin",
"f": {"lang": "akk-x-neoass",
"form": "ad-din",
"cf": "tadānu",
"gw": "give",
"sense": "give",
"norm": "addin",
"pos": "V",
"epos": "V"}
}
,
{
"node": "d",
"type": "line-start",
"ref": "P313853.7",
"n": "5'",
"label": "o 5'"}
,
{
"node": "l",
"frag": "[LUGAL",
"id": "P313853.l02cb4",
"ref": "P313853.7.1",
"inst": "šarru[king]N",
"sig": "@saao/saa05%akk-x-neoass:LUGAL=šarru[king//king]N'N$šarru",
"f": {"lang": "akk-x-neoass",
"form": "LUGAL",
"cf": "šarru",
"gw": "king",
"sense": "king",
"norm": "šarru",
"pos": "N",
"epos": "N"}
}
,
{
"node": "l",
"frag": "be-li₂",
"id": "P313853.l02cb5",
"ref": "P313853.7.2",
"inst": "bēlī[lord]N",
"sig": "@saao/saa05%akk-x-neoass:be-li₂=bēlu[lord//lord]N'N$bēlī",
"f": {"lang": "akk-x-neoass",
"form": "be-li₂",
"cf": "bēlu",
"gw": "lord",
"sense": "lord",
"norm": "bēlī",
"pos": "N",
"epos": "N"}
}
,
{
"node": "l",
"frag": "lu",
"id": "P313853.l02cb6",
"ref": "P313853.7.3",
"inst": "lū[may]MOD",
"sig": "@saao/saa05%akk-x-neoass:lu=lū[may//may]MOD'MOD$lū",
"f": {"lang": "akk-x-neoass",
"form": "lu",
"cf": "lū",
"gw": "may",
"sense": "may",
"norm": "lū",
"pos": "MOD",
"epos": "MOD"}
}
,
{
"node": "l",
"frag": "la]",
"id": "P313853.l02cb7",
"ref": "P313853.7.4",
"inst": "lā[not]MOD",
"sig": "@saao/saa05%akk-x-neoass:la=lā[not//not]MOD'MOD$lā",
"f": {"lang": "akk-x-neoass",
"form": "la",
"cf": "lā",
"gw": "not",
"sense": "not",
"norm": "lā",
"pos": "MOD",
"epos": "MOD"}
}
,
{
"node": "l",
"frag": "i-qab-bi",
"id": "P313853.l02cb8",
"ref": "P313853.7.5",
"inst": "iqabbi[say]V",
"sig": "@saao/saa05%akk-x-neoass:i-qab-bi=qabû[say//say]V'V$iqabbi",
"f": {"lang": "akk-x-neoass",
"form": "i-qab-bi",
"cf": "qabû",
"gw": "say",
"sense": "say",
"norm": "iqabbi",
"pos": "V",
"epos": "V"}
}
,
{
"node": "d",
"type": "line-start",
"ref": "P313853.8",
"n": "6'",
"label": "o 6'"}
,
{
"node": "l",
"frag": "[ma-a",
"id": "P313853.l02cb9",
"ref": "P313853.8.1",
"inst": "mā[saying]PRP",
"sig": "@saao/saa05%akk-x-neoass:ma-a=mā[saying//saying]PRP'PRP$mā",
"f": {"lang": "akk-x-neoass",
"form": "ma-a",
"cf": "mā",
"gw": "saying",
"sense": "saying",
"norm": "mā",
"pos": "PRP",
"epos": "PRP"}
}
,
{
"node": "l",
"frag": "{lu₂}par-ri]-ṣu",
"id": "P313853.l02cba",
"ref": "P313853.8.2",
"inst": "parriṣu[criminal]N$",
"sig": "@saao/saa05%akk-x-neoass:{LU₂}par-ri-ṣu=parriṣu[criminal//criminal]N'N$parriṣu",
"f": {"lang": "akk-x-neoass",
"form": "{LU₂}par-ri-ṣu",
"cf": "parriṣu",
"gw": "criminal",
"sense": "criminal",
"norm": "parriṣu",
"pos": "N",
"epos": "N"}
}
,
{
"node": "l",
"frag": "šu₂-u₂\\m",
"id": "P313853.l02cbb",
"ref": "P313853.8.3",
"inst": "šū[he]IP$šû",
"sig": "@saao/saa05%akk-x-neoass:šu₂-u₂=šū[he//he]IP'IP$šû",
"f": {"lang": "akk-x-neoass",
"form": "šu₂-u₂",
"cf": "šū",
"gw": "he",
"sense": "he",
"norm": "šû",
"pos": "IP",
"epos": "IP"}
}
,
{
"node": "d",
"type": "line-start",
"ref": "P313853.9",
"n": "7'",
"label": "o 7'"}
,
{
"node": "l",
"frag": "[x",
"id": "P313853.l02cbc",
"ref": "P313853.9.1",
"inst": "u",
"f": {"lang": "akk-x-neoass",
"form": "x",
"pos": "u"}
}
,
{
"node": "l",
"frag": "x",
"id": "P313853.l02cbd",
"ref": "P313853.9.2",
"inst": "u",
"f": {"lang": "akk-x-neoass",
"form": "x",
"pos": "u"}
}
,
{
"node": "l",
"frag": "x",
"id": "P313853.l02cbe",
"ref": "P313853.9.3",
"inst": "u",
"f": {"lang": "akk-x-neoass",
"form": "x",
"pos": "u"}
}
,
{
"node": "l",
"frag": "x]",
"id": "P313853.l02cbf",
"ref": "P313853.9.4",
"inst": "u",
"f": {"lang": "akk-x-neoass",
"form": "x",
"pos": "u"}
}
,
{
"node": "l",
"frag": "{⸢lu₂v⸣}ARAD\\p-MEŠ\\m",
"id": "P313853.l02cc0",
"ref": "P313853.9.5",
"inst": "urdāni[servant]N",
"sig": "@saao/saa05%akk-x-neoass:{LU₂}ARAD-MEŠ=ardu[slave//servant]N'N$urdāni",
"f": {"lang": "akk-x-neoass",
"form": "{LU₂}ARAD-MEŠ",
"cf": "ardu",
"gw": "slave",
"sense": "servant",
"norm": "urdāni",
"pos": "N",
"epos": "N"}
}
,
{
"node": "l",
"frag": "ša\\ty",
"id": "P313853.l02cc1",
"ref": "P313853.9.6",
"inst": "ša[of]DET",
"sig": "@saao/saa05%akk-x-neoass:ša=ša[of//of]DET'DET$ša",
"f": {"lang": "akk-x-neoass",
"form": "ša",
"cf": "ša",
"gw": "of",
"sense": "of",
"norm": "ša",
"pos": "DET",
"epos": "DET"}
}
,
{
"node": "l",
"frag": "LUGAL",
"id": "P313853.l02cc2",
"ref": "P313853.9.7",
"inst": "šarri[king]N",
"sig": "@saao/saa05%akk-x-neoass:LUGAL=šarru[king//king]N'N$šarri",
"f": {"lang": "akk-x-neoass",
"form": "LUGAL",
"cf": "šarru",
"gw": "king",
"sense": "king",
"norm": "šarri",
"pos": "N",
"epos": "N"}
}
,
{
"node": "d",
"type": "line-start",
"ref": "P313853.10",
"n": "8'",
"label": "o 8'"}
,
{
"node": "l",
"frag": "[am-mar",
"id": "P313853.l02cc3",
"ref": "P313853.10.1",
"inst": "ammar[as many as]REL",
"sig": "@saao/saa05%akk-x-neoass:am-mar=ammar[as much as//as many as]REL'REL$ammar",
"f": {"lang": "akk-x-neoass",
"form": "am-mar",
"cf": "ammar",
"gw": "as much as",
"sense": "as many as",
"norm": "ammar",
"pos": "REL",
"epos": "REL"}
}
,
{
"node": "c",
"type": "phrase",
"tag": "phr",
"id": "P313853.U4",
"ref": "P313853.ls00000",
"cdl": [
{
"node": "l",
"frag": "ina",
"id": "P313853.l02cc4",
"ref": "P313853.10.2",
"inst": "ina[in+=in the presence of]PRP",
"sig": "@saao/saa05%akk-x-neoass:ina=ina[in//in]PRP'PRP$ina",
"f": {"lang": "akk-x-neoass",
"form": "ina",
"cf": "ina",
"gw": "in",
"sense": "in",
"norm": "ina",
"pos": "PRP",
"epos": "PRP"}
}
,
{
"node": "l",
"frag": "pa-ni]-⸢ia⸣-a-ni",
"id": "P313853.l02cc5",
"ref": "P313853.10.3",
"inst": "pānu[front]N$pānīyāni",
"sig": "@saao/saa05%akk-x-neoass:pa-ni-ia-a-ni=pānu[front//front]N'N$pānīyāni",
"f": {"lang": "akk-x-neoass",
"form": "pa-ni-ia-a-ni",
"cf": "pānu",
"gw": "front",
"sense": "front",
"norm": "pānīyāni",
"pos": "N",
"epos": "N"}
}
]}
,
{
"node": "d",
"type": "line-start",
"ref": "P313853.11",
"n": "9'",
"label": "o 9'"}
,
{
"node": "l",
"frag": "[x",
"id": "P313853.l02cc6",
"ref": "P313853.11.1",
"inst": "u",
"f": {"lang": "akk-x-neoass",
"form": "x",
"pos": "u"}
}
,
{
"node": "l",
"frag": "x",
"id": "P313853.l02cc7",
"ref": "P313853.11.2",
"inst": "u",
"f": {"lang": "akk-x-neoass",
"form": "x",
"pos": "u"}
}
,
{
"node": "l",
"frag": "x",
"id": "P313853.l02cc8",
"ref": "P313853.11.3",
"inst": "u",
"f": {"lang": "akk-x-neoass",
"form": "x",
"pos": "u"}
}
,
{
"node": "l",
"frag": "x",
"id": "P313853.l02cc9",
"ref": "P313853.11.4",
"inst": "u",
"f": {"lang": "akk-x-neoass",
"form": "x",
"pos": "u"}
}
,
{
"node": "l",
"frag": "x",
"id": "P313853.l02cca",
"ref": "P313853.11.5",
"inst": "u",
"f": {"lang": "akk-x-neoass",
"form": "x",
"pos": "u"}
}
,
{
"node": "l",
"frag": "x",
"id": "P313853.l02ccb",
"ref": "P313853.11.6",
"inst": "u",
"f": {"lang": "akk-x-neoass",
"form": "x",
"pos": "u"}
}
,
{
"node": "l",
"frag": "x]",
"id": "P313853.l02ccc",
"ref": "P313853.11.7",
"inst": "u",
"f": {"lang": "akk-x-neoass",
"form": "x",
"pos": "u"}
}
,
{
"node": "l",
"frag": "⸢i⸣",
"id": "P313853.l02ccd",
"ref": "P313853.11.8",
"inst": "u",
"f": {"lang": "akk-x-neoass",
"form": "i",
"pos": "u"}
}
,
{
"node": "d",
"type": "nonx",
"ref": "P313853.12",
"strict": "0",
"extent": "rest",
"state": "missing"}
,
{
"node": "d",
"subtype": "reverse",
"type": "surface",
"ref": "P313853.r.13",
"type": "reverse",
"label": "r"}
,
{
"node": "d",
"type": "nonx",
"ref": "P313853.14",
"strict": "0",
"state": "other"}
]}
]}
]}
,
{
"linkbase": [{
"type": "linkset",
"xlink_title": "ina pān[in the presence of//at the disposal of]PRP'PRP",
"id": "P313853.ls00000",
"xlink_type": "extended",
"xlink_role": "psu",
"sig": "{ina[in]PRP pānu[front]N += ina pān[in the presence of//at the disposal of]PRP'PRP}::@saao%akk-x-neoass:ina=ina[in//into]PRP'PRP$ina++@saao%akk-x-neoass:pa-ni-ia-a-ni=pānu[front//front]N'N$pānīyāni",
"links": [
{
"type": "link",
"xlink_title": "ina",
"xlink_type": "locator",
"xlink_href": "#P313853.l02cc4",
"xlink_role": "elt"}
,
{
"type": "link",
"xlink_title": "pānu",
"xlink_type": "locator",
"xlink_href": "#P313853.l02cc5",
"xlink_role": "elt"}
]}
]}
]}
