{
"type": "cdl",
  "source": "http://oracc.org/saao/saa05",
  "license": "This data is released under the CC0 license",
  "license-url": "https://creativecommons.org/publicdomain/zero/1.0/",
  "more-info": "http://oracc.org/doc/opendata/",
  "UTC-timestamp": "2017-05-19T11:27:19",
"project": "saao/saa05",
"textid": "P313453",
"cdl": [
{
"node": "c",
"type": "text",
"id": "P313453.U0",
"cdl": [
{
"node": "d",
"type": "object",
"ref": ""}
,
{
"node": "d",
"subtype": "obverse",
"type": "surface",
"ref": "P313453.o.1",
"type": "obverse",
"label": "o"}
,
{
"node": "d",
"type": "nonx",
"ref": "P313453.2",
"strict": "0",
"extent": "beginning",
"scope": "line",
"state": "missing"}
,
{
"node": "c",
"type": "discourse",
"subtype": "body",
"id": "P313453.U1",
"cdl": [
{
"node": "c",
"type": "sentence",
"id": "P313453.U2",
"label": "o 1' - r 14",
"cdl": [
{
"node": "d",
"type": "line-start",
"ref": "P313453.3",
"n": "1'",
"label": "o 1'"}
,
{
"node": "l",
"frag": "[x",
"id": "P313453.l06157",
"ref": "P313453.3.1",
"inst": "u",
"f": {"lang": "akk-x-neoass",
"form": "x",
"pos": "u"}
}
,
{
"node": "l",
"frag": "x",
"id": "P313453.l06158",
"ref": "P313453.3.2",
"inst": "u",
"f": {"lang": "akk-x-neoass",
"form": "x",
"pos": "u"}
}
,
{
"node": "l",
"frag": "x",
"id": "P313453.l06159",
"ref": "P313453.3.3",
"inst": "u",
"f": {"lang": "akk-x-neoass",
"form": "x",
"pos": "u"}
}
,
{
"node": "l",
"frag": "x",
"id": "P313453.l0615a",
"ref": "P313453.3.4",
"inst": "u",
"f": {"lang": "akk-x-neoass",
"form": "x",
"pos": "u"}
}
,
{
"node": "l",
"frag": "x]",
"id": "P313453.l0615b",
"ref": "P313453.3.5",
"inst": "u",
"f": {"lang": "akk-x-neoass",
"form": "x",
"pos": "u"}
}
,
{
"node": "l",
"frag": "⸢x⸣",
"id": "P313453.l0615c",
"ref": "P313453.3.6",
"inst": "u",
"f": {"lang": "akk-x-neoass",
"form": "x",
"pos": "u"}
}
,
{
"node": "l",
"frag": "[x",
"id": "P313453.l0615d",
"ref": "P313453.3.7",
"inst": "u",
"f": {"lang": "akk-x-neoass",
"form": "x",
"pos": "u"}
}
,
{
"node": "l",
"frag": "x",
"id": "P313453.l0615e",
"ref": "P313453.3.8",
"inst": "u",
"f": {"lang": "akk-x-neoass",
"form": "x",
"pos": "u"}
}
,
{
"node": "l",
"frag": "x",
"id": "P313453.l0615f",
"ref": "P313453.3.9",
"inst": "u",
"f": {"lang": "akk-x-neoass",
"form": "x",
"pos": "u"}
}
,
{
"node": "l",
"frag": "x",
"id": "P313453.l06160",
"ref": "P313453.3.10",
"inst": "u",
"f": {"lang": "akk-x-neoass",
"form": "x",
"pos": "u"}
}
,
{
"node": "l",
"frag": "x]",
"id": "P313453.l06161",
"ref": "P313453.3.11",
"inst": "u",
"f": {"lang": "akk-x-neoass",
"form": "x",
"pos": "u"}
}
,
{
"node": "d",
"type": "line-start",
"ref": "P313453.4",
"n": "2'",
"label": "o 2'"}
,
{
"node": "l",
"frag": "[x",
"id": "P313453.l06162",
"ref": "P313453.4.1",
"inst": "u",
"f": {"lang": "akk-x-neoass",
"form": "x",
"pos": "u"}
}
,
{
"node": "l",
"frag": "x",
"id": "P313453.l06163",
"ref": "P313453.4.2",
"inst": "u",
"f": {"lang": "akk-x-neoass",
"form": "x",
"pos": "u"}
}
,
{
"node": "l",
"frag": "x]",
"id": "P313453.l06164",
"ref": "P313453.4.3",
"inst": "u",
"f": {"lang": "akk-x-neoass",
"form": "x",
"pos": "u"}
}
,
{
"node": "l",
"frag": "56",
"id": "P313453.l06165",
"ref": "P313453.4.4",
"inst": "n",
"f": {"lang": "akk-x-neoass",
"form": "56",
"pos": "n"}
}
,
{
"node": "l",
"frag": "tik-pi",
"id": "P313453.l06166",
"ref": "P313453.4.5",
"inst": "tibku[layer//brick course]N$tikpī",
"sig": "@saao/saa05%akk-x-neoass:tik-pi=tibku[layer//brick course]N'N$tikpī",
"f": {"lang": "akk-x-neoass",
"form": "tik-pi",
"cf": "tibku",
"gw": "layer",
"sense": "brick course",
"norm": "tikpī",
"pos": "N",
"epos": "N"}
}
,
{
"node": "l",
"frag": "SIG₄",
"id": "P313453.l06167",
"ref": "P313453.4.6",
"inst": "libittu[mudbrick]N$",
"sig": "@saao/saa05%akk-x-neoass:SIG₄=libittu[mudbrick//mudbrick]N'N$libittu",
"f": {"lang": "akk-x-neoass",
"form": "SIG₄",
"cf": "libittu",
"gw": "mudbrick",
"sense": "mudbrick",
"norm": "libittu",
"pos": "N",
"epos": "N"}
}
,
{
"node": "l",
"frag": "⸢KIN\\m-MEŠ\\m⸣",
"id": "P313453.l06168",
"ref": "P313453.4.7",
"inst": "u",
"f": {"lang": "akk-x-neoass",
"form": "KIN-MEŠ",
"pos": "u"}
}
,
{
"node": "d",
"type": "line-start",
"ref": "P313453.5",
"n": "3'",
"label": "o 3'"}
,
{
"node": "l",
"frag": "[x",
"id": "P313453.l06169",
"ref": "P313453.5.1",
"inst": "u",
"f": {"lang": "akk-x-neoass",
"form": "x",
"pos": "u"}
}
,
{
"node": "l",
"frag": "x",
"id": "P313453.l0616a",
"ref": "P313453.5.2",
"inst": "u",
"f": {"lang": "akk-x-neoass",
"form": "x",
"pos": "u"}
}
,
{
"node": "l",
"frag": "x",
"id": "P313453.l0616b",
"ref": "P313453.5.3",
"inst": "u",
"f": {"lang": "akk-x-neoass",
"form": "x",
"pos": "u"}
}
,
{
"node": "l",
"frag": "x]-tu₂",
"id": "P313453.l0616c",
"ref": "P313453.5.4",
"inst": "u",
"f": {"lang": "akk-x-neoass",
"form": "x-tu₂",
"pos": "u"}
}
,
{
"node": "l",
"frag": "i-ta-sa-ha",
"id": "P313453.l0616d",
"ref": "P313453.5.5",
"inst": "nasāhu[extract]V$ittasāha",
"sig": "@saao/saa05%akk-x-neoass:i-ta-sa-ha=nasāhu[tear out//extract]V'V$ittasāha",
"f": {"lang": "akk-x-neoass",
"form": "i-ta-sa-ha",
"cf": "nasāhu",
"gw": "tear out",
"sense": "extract",
"norm": "ittasāha",
"pos": "V",
"epos": "V"}
}
,
{
"node": "d",
"type": "line-start",
"ref": "P313453.6",
"n": "4'",
"label": "o 4'"}
,
{
"node": "l",
"frag": "[i-sa-par",
"id": "P313453.l0616e",
"ref": "P313453.6.1",
"inst": "šapāru[send//write]V$issapar",
"sig": "@saao/saa05%akk-x-neoass:i-sa-par=šapāru[send//write]V'V$issapar",
"f": {"lang": "akk-x-neoass",
"form": "i-sa-par",
"cf": "šapāru",
"gw": "send",
"sense": "write",
"norm": "issapar",
"pos": "V",
"epos": "V"}
}
,
{
"node": "c",
"type": "phrase",
"tag": "phr",
"id": "P313453.U4",
"ref": "P313453.ls00000",
"cdl": [
{
"node": "l",
"frag": "ina]",
"id": "P313453.l0616f",
"ref": "P313453.6.2",
"inst": "ina[in+=to]PRP",
"sig": "@saao/saa05%akk-x-neoass:ina=ina[in//in]PRP'PRP$ina",
"f": {"lang": "akk-x-neoass",
"form": "ina",
"cf": "ina",
"gw": "in",
"sense": "in",
"norm": "ina",
"pos": "PRP",
"epos": "PRP"}
}
,
{
"node": "l",
"frag": "UGU-hi-šu₂",
"id": "P313453.l06170",
"ref": "P313453.6.3",
"inst": "muhhīšu[skull]N",
"sig": "@saao/saa05%akk-x-neoass:UGU-hi-šu₂=muhhu[skull//skull]N'N$muhhīšu",
"f": {"lang": "akk-x-neoass",
"form": "UGU-hi-šu₂",
"cf": "muhhu",
"gw": "skull",
"sense": "skull",
"norm": "muhhīšu",
"pos": "N",
"epos": "N"}
}
]}
,
{
"node": "l",
"frag": "ma-⸢a⸣",
"id": "P313453.l06171",
"ref": "P313453.6.4",
"inst": "mā[saying]PRP",
"sig": "@saao/saa05%akk-x-neoass:ma-a=mā[saying//saying]PRP'PRP$mā",
"f": {"lang": "akk-x-neoass",
"form": "ma-a",
"cf": "mā",
"gw": "saying",
"sense": "saying",
"norm": "mā",
"pos": "PRP",
"epos": "PRP"}
}
,
{
"node": "l",
"frag": "[a]-⸢ta-a⸣",
"id": "P313453.l06172",
"ref": "P313453.6.5",
"inst": "atâ[why?]QP",
"sig": "@saao/saa05%akk-x-neoass:a-ta-a=atā[why?//why?]QP'QP$atâ",
"f": {"lang": "akk-x-neoass",
"form": "a-ta-a",
"cf": "atā",
"gw": "why?",
"sense": "why?",
"norm": "atâ",
"pos": "QP",
"epos": "QP"}
}
,
{
"node": "d",
"type": "line-start",
"ref": "P313453.7",
"n": "5'",
"label": "o 5'"}
,
{
"node": "l",
"frag": "[x",
"id": "P313453.l06173",
"ref": "P313453.7.1",
"inst": "u",
"f": {"lang": "akk-x-neoass",
"form": "x",
"pos": "u"}
}
,
{
"node": "l",
"frag": "x",
"id": "P313453.l06174",
"ref": "P313453.7.2",
"inst": "u",
"f": {"lang": "akk-x-neoass",
"form": "x",
"pos": "u"}
}
,
{
"node": "l",
"frag": "x",
"id": "P313453.l06175",
"ref": "P313453.7.3",
"inst": "u",
"f": {"lang": "akk-x-neoass",
"form": "x",
"pos": "u"}
}
,
{
"node": "l",
"frag": "x]-tu₂",
"id": "P313453.l06176",
"ref": "P313453.7.4",
"inst": "u",
"f": {"lang": "akk-x-neoass",
"form": "x-tu₂",
"pos": "u"}
}
,
{
"node": "l",
"frag": "ta-⸢su\\t⸣-uh",
"id": "P313453.l06177",
"ref": "P313453.7.5",
"inst": "nasāhu[extract]V$tassuh",
"sig": "@saao/saa05%akk-x-neoass:ta-su-uh=nasāhu[tear out//extract]V'V$tassuh",
"f": {"lang": "akk-x-neoass",
"form": "ta-su-uh",
"cf": "nasāhu",
"gw": "tear out",
"sense": "extract",
"norm": "tassuh",
"pos": "V",
"epos": "V"}
}
,
{
"node": "d",
"type": "line-start",
"ref": "P313453.8",
"n": "6'",
"label": "o 6'"}
,
{
"node": "l",
"frag": "[ma-a",
"id": "P313453.l06178",
"ref": "P313453.8.1",
"inst": "mā[saying]PRP",
"sig": "@saao/saa05%akk-x-neoass:ma-a=mā[saying//saying]PRP'PRP$mā",
"f": {"lang": "akk-x-neoass",
"form": "ma-a",
"cf": "mā",
"gw": "saying",
"sense": "saying",
"norm": "mā",
"pos": "PRP",
"epos": "PRP"}
}
,
{
"node": "l",
"frag": "re-eh]-ti\\t",
"id": "P313453.l06179",
"ref": "P313453.8.2",
"inst": "rēhti[remainder]N",
"sig": "@saao/saa05%akk-x-neoass:re-eh-ti=rēhtu[remainder//remainder]N'N$rēhti",
"f": {"lang": "akk-x-neoass",
"form": "re-eh-ti",
"cf": "rēhtu",
"gw": "remainder",
"sense": "remainder",
"norm": "rēhti",
"pos": "N",
"epos": "N"}
}
,
{
"node": "l",
"frag": "dul₆-li\\d-ia",
"id": "P313453.l0617a",
"ref": "P313453.8.3",
"inst": "dullīya[work]N",
"sig": "@saao/saa05%akk-x-neoass:dul₆-li-ia=dullu[trouble//work]N'N$dullīya",
"f": {"lang": "akk-x-neoass",
"form": "dul₆-li-ia",
"cf": "dullu",
"gw": "trouble",
"sense": "work",
"norm": "dullīya",
"pos": "N",
"epos": "N"}
}
,
{
"node": "l",
"frag": "⸢ša\\y⸣",
"id": "P313453.l0617b",
"ref": "P313453.8.4",
"inst": "ša[that]REL",
"sig": "@saao/saa05%akk-x-neoass:ša=ša[that//that]REL'REL$ša",
"f": {"lang": "akk-x-neoass",
"form": "ša",
"cf": "ša",
"gw": "that",
"sense": "that",
"norm": "ša",
"pos": "REL",
"epos": "REL"}
}
,
{
"node": "l",
"frag": "e-pa-šu₂-ni",
"id": "P313453.l0617c",
"ref": "P313453.8.5",
"inst": "epēšu[do]V$eppašūni",
"sig": "@saao/saa05%akk-x-neoass:e-pa-šu₂-ni=epēšu[do//do]V'V$eppašūni",
"f": {"lang": "akk-x-neoass",
"form": "e-pa-šu₂-ni",
"cf": "epēšu",
"gw": "do",
"sense": "do",
"norm": "eppašūni",
"pos": "V",
"epos": "V"}
}
,
{
"node": "d",
"type": "line-start",
"ref": "P313453.9",
"n": "7'",
"label": "o 7'"}
,
{
"node": "l",
"frag": "[x",
"id": "P313453.l0617d",
"ref": "P313453.9.1",
"inst": "u",
"f": {"lang": "akk-x-neoass",
"form": "x",
"pos": "u"}
}
,
{
"node": "l",
"frag": "x",
"id": "P313453.l0617e",
"ref": "P313453.9.2",
"inst": "u",
"f": {"lang": "akk-x-neoass",
"form": "x",
"pos": "u"}
}
,
{
"node": "l",
"frag": "x]",
"id": "P313453.l0617f",
"ref": "P313453.9.3",
"inst": "u",
"f": {"lang": "akk-x-neoass",
"form": "x",
"pos": "u"}
}
,
{
"node": "l",
"frag": "⸢SIG₄⸣-MEŠ\\m",
"id": "P313453.l06180",
"ref": "P313453.9.4",
"inst": "libittāti[mudbrick]N",
"sig": "@saao/saa05%akk-x-neoass:SIG₄-MEŠ=libittu[mudbrick//mudbrick]N'N$libittāti",
"f": {"lang": "akk-x-neoass",
"form": "SIG₄-MEŠ",
"cf": "libittu",
"gw": "mudbrick",
"sense": "mudbrick",
"norm": "libittāti",
"pos": "N",
"epos": "N"}
}
,
{
"node": "l",
"frag": "i-⸢ba-aš₂⸣-ši",
"id": "P313453.l06181",
"ref": "P313453.9.5",
"inst": "ibašši[exist]V",
"sig": "@saao/saa05%akk-x-neoass:i-ba-aš₂-ši=bašû[exist//exist]V'V$ibašši",
"f": {"lang": "akk-x-neoass",
"form": "i-ba-aš₂-ši",
"cf": "bašû",
"gw": "exist",
"sense": "exist",
"norm": "ibašši",
"pos": "V",
"epos": "V"}
}
,
{
"node": "d",
"type": "line-start",
"ref": "P313453.10",
"n": "8'",
"label": "o 8'"}
,
{
"node": "l",
"frag": "[x",
"id": "P313453.l06182",
"ref": "P313453.10.1",
"inst": "u",
"f": {"lang": "akk-x-neoass",
"form": "x",
"pos": "u"}
}
,
{
"node": "l",
"frag": "x",
"id": "P313453.l06183",
"ref": "P313453.10.2",
"inst": "u",
"f": {"lang": "akk-x-neoass",
"form": "x",
"pos": "u"}
}
,
{
"node": "l",
"frag": "x]-⸢di⸣-šu₂\\d",
"id": "P313453.l06184",
"ref": "P313453.10.3",
"inst": "u",
"f": {"lang": "akk-x-neoass",
"form": "x-di-šu₂",
"pos": "u"}
}
,
{
"node": "l",
"frag": "ah-hu-⸢ur⸣",
"id": "P313453.l06185",
"ref": "P313453.10.4",
"inst": "hurri[ever (after)//further(more)]AV$ahhūr",
"sig": "@saao/saa05%akk-x-neoass:ah-hu-ur=hurri[ever (after)//further(more)]AV'AV$ahhūr",
"f": {"lang": "akk-x-neoass",
"form": "ah-hu-ur",
"cf": "hurri",
"gw": "ever (after)",
"sense": "further(more)",
"norm": "ahhūr",
"pos": "AV",
"epos": "AV"}
}
,
{
"node": "d",
"type": "line-start",
"ref": "P313453.11",
"n": "9'",
"label": "o 9'"}
,
{
"node": "l",
"frag": "[e-bir-tu₂]",
"id": "P313453.l06186",
"ref": "P313453.11.1",
"inst": "ebirtu[fired brick]N",
"sig": "@saao/saa05%akk-x-neoass:e-bir-tu₂=epertu[(baked) brickwork//fired brick]N'N$ebirtu",
"f": {"lang": "akk-x-neoass",
"form": "e-bir-tu₂",
"cf": "epertu",
"gw": "(baked) brickwork",
"sense": "fired brick",
"norm": "ebirtu",
"pos": "N",
"epos": "N"}
}
,
{
"node": "l",
"frag": "⸢i⸣-ša₂-ha-aṭ",
"id": "P313453.l06187",
"ref": "P313453.11.2",
"inst": "šahāṭu[tear away//make bricks]V$išahhaṭ",
"sig": "@saao/saa05%akk-x-neoass:i-ša₂-ha-aṭ=šahāṭu[tear away//make bricks]V'V$išahhaṭ",
"f": {"lang": "akk-x-neoass",
"form": "i-ša₂-ha-aṭ",
"cf": "šahāṭu",
"gw": "tear away",
"sense": "make bricks",
"norm": "išahhaṭ",
"pos": "V",
"epos": "V"}
}
,
{
"node": "d",
"type": "line-start",
"ref": "P313453.12",
"n": "10'",
"label": "o 10'"}
,
{
"node": "l",
"frag": "[x",
"id": "P313453.l06188",
"ref": "P313453.12.1",
"inst": "u",
"f": {"lang": "akk-x-neoass",
"form": "x",
"pos": "u"}
}
,
{
"node": "l",
"frag": "x",
"id": "P313453.l06189",
"ref": "P313453.12.2",
"inst": "u",
"f": {"lang": "akk-x-neoass",
"form": "x",
"pos": "u"}
}
,
{
"node": "l",
"frag": "x",
"id": "P313453.l0618a",
"ref": "P313453.12.3",
"inst": "u",
"f": {"lang": "akk-x-neoass",
"form": "x",
"pos": "u"}
}
,
{
"node": "l",
"frag": "x",
"id": "P313453.l0618b",
"ref": "P313453.12.4",
"inst": "u",
"f": {"lang": "akk-x-neoass",
"form": "x",
"pos": "u"}
}
,
{
"node": "l",
"frag": "x]+⸢x⸣-ni",
"id": "P313453.l0618c",
"ref": "P313453.12.5",
"inst": "u",
"f": {"lang": "akk-x-neoass",
"form": "x+x-ni",
"pos": "u"}
}
,
{
"node": "l",
"frag": "ša\\y",
"id": "P313453.l0618d",
"ref": "P313453.12.6",
"inst": "ša[of]DET",
"sig": "@saao/saa05%akk-x-neoass:ša=ša[of//of]DET'DET$ša",
"f": {"lang": "akk-x-neoass",
"form": "ša",
"cf": "ša",
"gw": "of",
"sense": "of",
"norm": "ša",
"pos": "DET",
"epos": "DET"}
}
,
{
"node": "l",
"frag": "⸢SIG₄-ME",
"id": "P313453.l0618e",
"ref": "P313453.12.7",
"inst": "libittu[mudbrick]N$libittāti",
"sig": "@saao/saa05%akk-x-neoass:SIG₄-ME=libittu[mudbrick//mudbrick]N'N$libittāti",
"f": {"lang": "akk-x-neoass",
"form": "SIG₄-ME",
"cf": "libittu",
"gw": "mudbrick",
"sense": "mudbrick",
"norm": "libittāti",
"pos": "N",
"epos": "N"}
}
,
{
"node": "l",
"frag": "ša\\y⸣",
"id": "P313453.l0618f",
"ref": "P313453.12.8",
"inst": "ša[of]DET",
"sig": "@saao/saa05%akk-x-neoass:ša=ša[of//of]DET'DET$ša",
"f": {"lang": "akk-x-neoass",
"form": "ša",
"cf": "ša",
"gw": "of",
"sense": "of",
"norm": "ša",
"pos": "DET",
"epos": "DET"}
}
,
{
"node": "l",
"frag": "BAD₃-šu₂",
"id": "P313453.l06190",
"ref": "P313453.12.9",
"inst": "dūru[(city) wall//fortification wall]N$dūrīšu",
"sig": "@saao/saa05%akk-x-neoass:BAD₃-šu₂=dūru[(city) wall//fortification wall]N'N$dūrīšu",
"f": {"lang": "akk-x-neoass",
"form": "BAD₃-šu₂",
"cf": "dūru",
"gw": "(city) wall",
"sense": "fortification wall",
"norm": "dūrīšu",
"pos": "N",
"epos": "N"}
}
,
{
"node": "d",
"type": "line-start",
"ref": "P313453.13",
"n": "11'",
"label": "o 11'"}
,
{
"node": "c",
"type": "phrase",
"tag": "phr",
"id": "P313453.U5",
"ref": "P313453.ls00001",
"cdl": [
{
"node": "l",
"frag": "[ina",
"id": "P313453.l06191",
"ref": "P313453.13.1",
"inst": "ina[in+=to]PRP",
"sig": "@saao/saa05%akk-x-neoass:ina=ina[in//in]PRP'PRP$ina",
"f": {"lang": "akk-x-neoass",
"form": "ina",
"cf": "ina",
"gw": "in",
"sense": "in",
"norm": "ina",
"pos": "PRP",
"epos": "PRP"}
}
,
{
"node": "l",
"frag": "UGU",
"id": "P313453.l06192",
"ref": "P313453.13.2",
"inst": "muhhi[skull]N",
"sig": "@saao/saa05%akk-x-neoass:UGU=muhhu[skull//skull]N'N$muhhi",
"f": {"lang": "akk-x-neoass",
"form": "UGU",
"cf": "muhhu",
"gw": "skull",
"sense": "skull",
"norm": "muhhi",
"pos": "N",
"epos": "N"}
}
]}
,
{
"node": "l",
"frag": "LUGAL]",
"id": "P313453.l06193",
"ref": "P313453.13.3",
"inst": "šarri[king]N",
"sig": "@saao/saa05%akk-x-neoass:LUGAL=šarru[king//king]N'N$šarri",
"f": {"lang": "akk-x-neoass",
"form": "LUGAL",
"cf": "šarru",
"gw": "king",
"sense": "king",
"norm": "šarri",
"pos": "N",
"epos": "N"}
}
,
{
"node": "l",
"frag": "EN-ia",
"id": "P313453.l06194",
"ref": "P313453.13.4",
"inst": "bēlīya[lord]N",
"sig": "@saao/saa05%akk-x-neoass:EN-ia=bēlu[lord//lord]N'N$bēlīya",
"f": {"lang": "akk-x-neoass",
"form": "EN-ia",
"cf": "bēlu",
"gw": "lord",
"sense": "lord",
"norm": "bēlīya",
"pos": "N",
"epos": "N"}
}
,
{
"node": "l",
"frag": "u₂\\m-se-bi-la",
"id": "P313453.l06195",
"ref": "P313453.13.5",
"inst": "ussēbila[send]V",
"sig": "@saao/saa05%akk-x-neoass:u₂-se-bi-la=wabālu[bring//send]V'V$ussēbila",
"f": {"lang": "akk-x-neoass",
"form": "u₂-se-bi-la",
"cf": "wabālu",
"gw": "bring",
"sense": "send",
"norm": "ussēbila",
"pos": "V",
"epos": "V"}
}
,
{
"node": "d",
"type": "line-start",
"ref": "P313453.14",
"n": "12'",
"label": "o 12'"}
,
{
"node": "l",
"frag": "[i-su-ri]",
"id": "P313453.l06196",
"ref": "P313453.14.1",
"inst": "issurri[perhaps]AV",
"sig": "@saao/saa05%akk-x-neoass:i-su-ri=issurri[perhaps//perhaps]AV'AV$issurri",
"f": {"lang": "akk-x-neoass",
"form": "i-su-ri",
"cf": "issurri",
"gw": "perhaps",
"sense": "perhaps",
"norm": "issurri",
"pos": "AV",
"epos": "AV"}
}
,
{
"node": "l",
"frag": "⸢LUGAL⸣",
"id": "P313453.l06197",
"ref": "P313453.14.2",
"inst": "šarru[king]N",
"sig": "@saao/saa05%akk-x-neoass:LUGAL=šarru[king//king]N'N$šarru",
"f": {"lang": "akk-x-neoass",
"form": "LUGAL",
"cf": "šarru",
"gw": "king",
"sense": "king",
"norm": "šarru",
"pos": "N",
"epos": "N"}
}
,
{
"node": "l",
"frag": "EN",
"id": "P313453.l06198",
"ref": "P313453.14.3",
"inst": "bēlī[lord]N",
"sig": "@saao/saa05%akk-x-neoass:EN=bēlu[lord//lord]N'N$bēlī",
"f": {"lang": "akk-x-neoass",
"form": "EN",
"cf": "bēlu",
"gw": "lord",
"sense": "lord",
"norm": "bēlī",
"pos": "N",
"epos": "N"}
}
,
{
"node": "l",
"frag": "i-qa-bi",
"id": "P313453.l06199",
"ref": "P313453.14.4",
"inst": "iqabbi[say]V",
"sig": "@saao/saa05%akk-x-neoass:i-qa-bi=qabû[say//say]V'V$iqabbi",
"f": {"lang": "akk-x-neoass",
"form": "i-qa-bi",
"cf": "qabû",
"gw": "say",
"sense": "say",
"norm": "iqabbi",
"pos": "V",
"epos": "V"}
}
,
{
"node": "d",
"type": "line-start",
"ref": "P313453.15",
"n": "13'",
"label": "o 13'"}
,
{
"node": "l",
"frag": "[ma-a",
"id": "P313453.l0619a",
"ref": "P313453.15.1",
"inst": "mā[saying]PRP",
"sig": "@saao/saa05%akk-x-neoass:ma-a=mā[saying//saying]PRP'PRP$mā",
"f": {"lang": "akk-x-neoass",
"form": "ma-a",
"cf": "mā",
"gw": "saying",
"sense": "saying",
"norm": "mā",
"pos": "PRP",
"epos": "PRP"}
}
,
{
"node": "l",
"frag": "a-na",
"id": "P313453.l0619b",
"ref": "P313453.15.2",
"inst": "ana[to]PRP",
"sig": "@saao/saa05%akk-x-neoass:a-na=ana[to//to]PRP'PRP$ana",
"f": {"lang": "akk-x-neoass",
"form": "a-na",
"cf": "ana",
"gw": "to",
"sense": "to",
"norm": "ana",
"pos": "PRP",
"epos": "PRP"}
}
,
{
"node": "l",
"frag": "man]-ni",
"id": "P313453.l0619c",
"ref": "P313453.15.3",
"inst": "manni[who?]QP",
"sig": "@saao/saa05%akk-x-neoass:man-ni=mannu[who?//who?]QP'QP$manni",
"f": {"lang": "akk-x-neoass",
"form": "man-ni",
"cf": "mannu",
"gw": "who?",
"sense": "who?",
"norm": "manni",
"pos": "QP",
"epos": "QP"}
}
,
{
"node": "l",
"frag": "SIG₄-ME",
"id": "P313453.l0619d",
"ref": "P313453.15.4",
"inst": "libittāti[mudbrick]N",
"sig": "@saao/saa05%akk-x-neoass:SIG₄-ME=libittu[mudbrick//mudbrick]N'N$libittāti",
"f": {"lang": "akk-x-neoass",
"form": "SIG₄-ME",
"cf": "libittu",
"gw": "mudbrick",
"sense": "mudbrick",
"norm": "libittāti",
"pos": "N",
"epos": "N"}
}
,
{
"node": "l",
"frag": "⸢x",
"id": "P313453.l0619e",
"ref": "P313453.15.5",
"inst": "u",
"f": {"lang": "akk-x-neoass",
"form": "x",
"pos": "u"}
}
,
{
"node": "l",
"frag": "x⸣",
"id": "P313453.l0619f",
"ref": "P313453.15.6",
"inst": "u",
"f": {"lang": "akk-x-neoass",
"form": "x",
"pos": "u"}
}
,
{
"node": "d",
"subtype": "bottom",
"type": "surface",
"ref": "P313453.b.e..16",
"type": "bottom",
"label": "b.e."}
,
{
"node": "d",
"type": "line-start",
"ref": "P313453.17",
"n": "14'",
"label": "b.e. 14'"}
,
{
"node": "l",
"frag": "[ta]-a-din",
"id": "P313453.l061a0",
"ref": "P313453.17.1",
"inst": "tadānu[give]V$tādin",
"sig": "@saao/saa05%akk-x-neoass:ta-a-din=tadānu[give//give]V'V$tādin",
"f": {"lang": "akk-x-neoass",
"form": "ta-a-din",
"cf": "tadānu",
"gw": "give",
"sense": "give",
"norm": "tādin",
"pos": "V",
"epos": "V"}
}
,
{
"node": "d",
"type": "line-start",
"ref": "P313453.18",
"n": "15'",
"label": "b.e. 15'"}
,
{
"node": "l",
"frag": "40",
"id": "P313453.l061a1",
"ref": "P313453.18.1",
"inst": "n",
"f": {"lang": "akk-x-neoass",
"form": "40",
"pos": "n"}
}
,
{
"node": "l",
"frag": "lim]",
"id": "P313453.l061a2",
"ref": "P313453.18.2",
"inst": "līmu[thousand]NU",
"sig": "@saao/saa05%akk-x-neoass:lim=līm[thousand//thousand]NU'NU$līmu",
"f": {"lang": "akk-x-neoass",
"form": "lim",
"cf": "līm",
"gw": "thousand",
"sense": "thousand",
"norm": "līmu",
"pos": "NU",
"epos": "NU"}
}
,
{
"node": "l",
"frag": "a-na",
"id": "P313453.l061a3",
"ref": "P313453.18.3",
"inst": "ana[to]PRP",
"sig": "@saao/saa05%akk-x-neoass:a-na=ana[to//to]PRP'PRP$ana",
"f": {"lang": "akk-x-neoass",
"form": "a-na",
"cf": "ana",
"gw": "to",
"sense": "to",
"norm": "ana",
"pos": "PRP",
"epos": "PRP"}
}
,
{
"node": "l",
"frag": "{uru}ar-pad-⸢da⸣",
"id": "P313453.l061a4",
"ref": "P313453.18.4",
"inst": "Arpadda[Arpad]GN$",
"sig": "@saao/saa05%akk-x-neoass:{URU}ar-pad-da=Arpadda[Arpad//Arpad]GN'GN$Arpadda",
"f": {"lang": "akk-x-neoass",
"form": "{URU}ar-pad-da",
"cf": "Arpadda",
"gw": "Arpad",
"sense": "Arpad",
"norm": "Arpadda",
"pos": "GN",
"epos": "GN"}
}
,
{
"node": "d",
"type": "line-start",
"ref": "P313453.19",
"n": "16'",
"label": "b.e. 16'"}
,
{
"node": "l",
"frag": "40",
"id": "P313453.l061a5",
"ref": "P313453.19.1",
"inst": "n",
"f": {"lang": "akk-x-neoass",
"form": "40",
"pos": "n"}
}
,
{
"node": "l",
"frag": "lim",
"id": "P313453.l061a6",
"ref": "P313453.19.2",
"inst": "līmu[thousand]NU",
"sig": "@saao/saa05%akk-x-neoass:lim=līm[thousand//thousand]NU'NU$līmu",
"f": {"lang": "akk-x-neoass",
"form": "lim",
"cf": "līm",
"gw": "thousand",
"sense": "thousand",
"norm": "līmu",
"pos": "NU",
"epos": "NU"}
}
,
{
"node": "l",
"frag": "a]-⸢na⸣",
"id": "P313453.l061a7",
"ref": "P313453.19.3",
"inst": "ana[to]PRP",
"sig": "@saao/saa05%akk-x-neoass:a-na=ana[to//to]PRP'PRP$ana",
"f": {"lang": "akk-x-neoass",
"form": "a-na",
"cf": "ana",
"gw": "to",
"sense": "to",
"norm": "ana",
"pos": "PRP",
"epos": "PRP"}
}
,
{
"node": "l",
"frag": "{uru}sa-⸢mir⸣-[na]",
"id": "P313453.l061a8",
"ref": "P313453.19.4",
"inst": "Samerina[Samaria]GN$Samirna",
"sig": "@saao/saa05%akk-x-neoass:{URU}sa-mir-na=Samerina[Samaria//Samaria]GN'GN$Samirna",
"f": {"lang": "akk-x-neoass",
"form": "{URU}sa-mir-na",
"cf": "Samerina",
"gw": "Samaria",
"sense": "Samaria",
"norm": "Samirna",
"pos": "GN",
"epos": "GN"}
}
,
{
"node": "d",
"subtype": "reverse",
"type": "surface",
"ref": "P313453.r.20",
"type": "reverse",
"label": "r"}
,
{
"node": "d",
"type": "line-start",
"ref": "P313453.21",
"n": "1",
"label": "r 1"}
,
{
"node": "l",
"frag": "40",
"id": "P313453.l061a9",
"ref": "P313453.21.1",
"inst": "n",
"f": {"lang": "akk-x-neoass",
"form": "40",
"pos": "n"}
}
,
{
"node": "l",
"frag": "lim",
"id": "P313453.l061aa",
"ref": "P313453.21.2",
"inst": "līmu[thousand]NU",
"sig": "@saao/saa05%akk-x-neoass:lim=līm[thousand//thousand]NU'NU$līmu",
"f": {"lang": "akk-x-neoass",
"form": "lim",
"cf": "līm",
"gw": "thousand",
"sense": "thousand",
"norm": "līmu",
"pos": "NU",
"epos": "NU"}
}
,
{
"node": "l",
"frag": "a-na]",
"id": "P313453.l061ab",
"ref": "P313453.21.3",
"inst": "ana[to]PRP",
"sig": "@saao/saa05%akk-x-neoass:a-na=ana[to//to]PRP'PRP$ana",
"f": {"lang": "akk-x-neoass",
"form": "a-na",
"cf": "ana",
"gw": "to",
"sense": "to",
"norm": "ana",
"pos": "PRP",
"epos": "PRP"}
}
,
{
"node": "l",
"frag": "{uru}ma-gi-⸢du⸣-[u]",
"id": "P313453.l061ac",
"ref": "P313453.21.4",
"inst": "Magidu[Megiddo]GN$",
"sig": "@saao/saa05%akk-x-neoass:{URU}ma-gi-du-u=Magidu[Megiddo//Megiddo]GN'GN$Magidu",
"f": {"lang": "akk-x-neoass",
"form": "{URU}ma-gi-du-u",
"cf": "Magidu",
"gw": "Megiddo",
"sense": "Megiddo",
"norm": "Magidu",
"pos": "GN",
"epos": "GN"}
}
,
{
"node": "d",
"type": "line-start",
"ref": "P313453.22",
"n": "2",
"label": "r 2"}
,
{
"node": "l",
"frag": "[PAB",
"id": "P313453.l061ad",
"ref": "P313453.22.1",
"inst": "gimru[total]N",
"sig": "@saao/saa05%akk-x-neoass:PAB=gimru[totality//total]N'N$gimru",
"f": {"lang": "akk-x-neoass",
"form": "PAB",
"cf": "gimru",
"gw": "totality",
"sense": "total",
"norm": "gimru",
"pos": "N",
"epos": "N"}
}
,
{
"node": "l",
"frag": "01",
"id": "P313453.l061ae",
"ref": "P313453.22.2",
"inst": "n",
"f": {"lang": "akk-x-neoass",
"form": "01",
"pos": "n"}
}
,
{
"node": "l",
"frag": "me]",
"id": "P313453.l061af",
"ref": "P313453.22.3",
"inst": "mē[hundred]NU",
"sig": "@saao/saa05%akk-x-neoass:me=meʾatu[(one) hundred//(one) hundred]NU'NU$mē",
"f": {"lang": "akk-x-neoass",
"form": "me",
"cf": "meʾatu",
"gw": "(one) hundred",
"sense": "(one) hundred",
"norm": "mē",
"pos": "NU",
"epos": "NU"}
}
,
{
"node": "l",
"frag": "20",
"id": "P313453.l061b0",
"ref": "P313453.22.4",
"inst": "n",
"f": {"lang": "akk-x-neoass",
"form": "20",
"pos": "n"}
}
,
{
"node": "l",
"frag": "lim",
"id": "P313453.l061b1",
"ref": "P313453.22.5",
"inst": "līmu[thousand]NU",
"sig": "@saao/saa05%akk-x-neoass:lim=līm[thousand//thousand]NU'NU$līmu",
"f": {"lang": "akk-x-neoass",
"form": "lim",
"cf": "līm",
"gw": "thousand",
"sense": "thousand",
"norm": "līmu",
"pos": "NU",
"epos": "NU"}
}
,
{
"node": "c",
"type": "phrase",
"tag": "phr",
"id": "P313453.U6",
"ref": "P313453.ls00002",
"cdl": [
{
"node": "l",
"frag": "TA@v\\m",
"id": "P313453.l061b2",
"ref": "P313453.22.6",
"inst": "issu[from+=from]PRP",
"sig": "@saao/saa05%akk-x-neoass:TA@v=ištu[from//from]PRP'PRP$issu",
"f": {"lang": "akk-x-neoass",
"form": "TA@v",
"cf": "ištu",
"gw": "from",
"sense": "from",
"norm": "issu",
"pos": "PRP",
"epos": "PRP"}
}
,
{
"node": "l",
"frag": "IGI",
"id": "P313453.l061b3",
"ref": "P313453.22.7",
"inst": "pān[front]N",
"sig": "@saao/saa05%akk-x-neoass:IGI=pānu[front//front]N'N$pān",
"f": {"lang": "akk-x-neoass",
"form": "IGI",
"cf": "pānu",
"gw": "front",
"sense": "front",
"norm": "pān",
"pos": "N",
"epos": "N"}
}
]}
,
{
"node": "l",
"frag": "li\\m-bit-MAN",
"id": "P313453.l061b4",
"ref": "P313453.22.8",
"cof-tails": "P313453.l061b5",
"inst": "liwītu[entourage]N$libīt&šarru[king]N$šarri",
"sig": "@saao/saa05%akk-x-neoass:li-bit-MAN=liwītu[entourage//entourage]N'N$libīt&&@saao%akk-x-neoass:=šarru[king//king]N'N$šarri",
"f": {"lang": "akk-x-neoass",
"form": "li-bit-MAN",
"cf": "liwītu",
"gw": "entourage",
"sense": "entourage",
"norm": "libīt",
"pos": "N",
"epos": "N"}
}
,
{
"node": "l",
"frag": "li\\m-bit-MAN",
"id": "P313453.l061b5",
"ref": "P313453.22.8",
"cof-head": "P313453.l061b4",
"inst": "liwītu[entourage]N$libīt&šarru[king]N$šarri",
"tail-sig": "@saao%akk-x-neoass:=šarru[king//king]N'N$šarri",
"f": {"lang": "akk-x-neoass",
"form": "li-bit-MAN",
"cf": "šarru",
"gw": "king",
"sense": "king",
"norm": "šarri",
"pos": "N",
"epos": "N"}
}
,
{
"node": "d",
"type": "line-start",
"ref": "P313453.23",
"n": "3",
"label": "r 3"}
,
{
"node": "l",
"frag": "[PAB",
"id": "P313453.l061b6",
"ref": "P313453.23.1",
"inst": "gimru[total]N",
"sig": "@saao/saa05%akk-x-neoass:PAB=gimru[totality//total]N'N$gimru",
"f": {"lang": "akk-x-neoass",
"form": "PAB",
"cf": "gimru",
"gw": "totality",
"sense": "total",
"norm": "gimru",
"pos": "N",
"epos": "N"}
}
,
{
"node": "l",
"frag": "30",
"id": "P313453.l061b7",
"ref": "P313453.23.2",
"inst": "n",
"f": {"lang": "akk-x-neoass",
"form": "30",
"pos": "n"}
}
,
{
"node": "l",
"frag": "lim]",
"id": "P313453.l061b8",
"ref": "P313453.23.3",
"inst": "līmu[thousand]NU",
"sig": "@saao/saa05%akk-x-neoass:lim=līm[thousand//thousand]NU'NU$līmu",
"f": {"lang": "akk-x-neoass",
"form": "lim",
"cf": "līm",
"gw": "thousand",
"sense": "thousand",
"norm": "līmu",
"pos": "NU",
"epos": "NU"}
}
,
{
"node": "c",
"type": "phrase",
"tag": "phr",
"id": "P313453.U7",
"ref": "P313453.ls00003",
"cdl": [
{
"node": "l",
"frag": "⸢TA@v\\m⸣",
"id": "P313453.l061b9",
"ref": "P313453.23.4",
"inst": "issu[from+=from]PRP",
"sig": "@saao/saa05%akk-x-neoass:TA@v=ištu[from//from]PRP'PRP$issu",
"f": {"lang": "akk-x-neoass",
"form": "TA@v",
"cf": "ištu",
"gw": "from",
"sense": "from",
"norm": "issu",
"pos": "PRP",
"epos": "PRP"}
}
,
{
"node": "l",
"frag": "IGI",
"id": "P313453.l061ba",
"ref": "P313453.23.5",
"inst": "pān[front]N",
"sig": "@saao/saa05%akk-x-neoass:IGI=pānu[front//front]N'N$pān",
"f": {"lang": "akk-x-neoass",
"form": "IGI",
"cf": "pānu",
"gw": "front",
"sense": "front",
"norm": "pān",
"pos": "N",
"epos": "N"}
}
]}
,
{
"node": "l",
"frag": "{1}na-aʾ-di-DINGIR",
"id": "P313453.l061bb",
"ref": "P313453.23.6",
"inst": "Naʾdi-ilu[]PN$",
"sig": "@saao/saa05%akk-x-neoass:{1}na-aʾ-di-DINGIR=Naʾdi-ilu[1//1]PN'PN$Naʾdi-ilu",
"f": {"lang": "akk-x-neoass",
"form": "{1}na-aʾ-di-DINGIR",
"cf": "Naʾdi-ilu",
"gw": "1",
"sense": "1",
"norm": "Naʾdi-ilu",
"pos": "PN",
"epos": "PN"}
}
,
{
"node": "d",
"type": "line-start",
"ref": "P313453.24",
"n": "4",
"label": "r 4"}
,
{
"node": "l",
"frag": "[PAB-ma",
"id": "P313453.l061bc",
"ref": "P313453.24.1",
"inst": "gimrumma[total]N",
"sig": "@saao/saa05%akk-x-neoass:PAB-ma=gimru[totality//total]N'N$gimrumma",
"f": {"lang": "akk-x-neoass",
"form": "PAB-ma",
"cf": "gimru",
"gw": "totality",
"sense": "total",
"norm": "gimrumma",
"pos": "N",
"epos": "N"}
}
,
{
"node": "l",
"frag": "01",
"id": "P313453.l061bd",
"ref": "P313453.24.2",
"inst": "n",
"f": {"lang": "akk-x-neoass",
"form": "01",
"pos": "n"}
}
,
{
"node": "l",
"frag": "me]",
"id": "P313453.l061be",
"ref": "P313453.24.3",
"inst": "mē[hundred]NU",
"sig": "@saao/saa05%akk-x-neoass:me=meʾatu[(one) hundred//(one) hundred]NU'NU$mē",
"f": {"lang": "akk-x-neoass",
"form": "me",
"cf": "meʾatu",
"gw": "(one) hundred",
"sense": "(one) hundred",
"norm": "mē",
"pos": "NU",
"epos": "NU"}
}
,
{
"node": "l",
"frag": "50",
"id": "P313453.l061bf",
"ref": "P313453.24.4",
"inst": "n",
"f": {"lang": "akk-x-neoass",
"form": "50",
"pos": "n"}
}
,
{
"node": "l",
"frag": "lim",
"id": "P313453.l061c0",
"ref": "P313453.24.5",
"inst": "līmu[thousand]NU",
"sig": "@saao/saa05%akk-x-neoass:lim=līm[thousand//thousand]NU'NU$līmu",
"f": {"lang": "akk-x-neoass",
"form": "lim",
"cf": "līm",
"gw": "thousand",
"sense": "thousand",
"norm": "līmu",
"pos": "NU",
"epos": "NU"}
}
,
{
"node": "l",
"frag": "SIG₄-MEŠ\\mm",
"id": "P313453.l061c1",
"ref": "P313453.24.6",
"inst": "libittāti[mudbrick]N",
"sig": "@saao/saa05%akk-x-neoass:SIG₄-MEŠ=libittu[mudbrick//mudbrick]N'N$libittāti",
"f": {"lang": "akk-x-neoass",
"form": "SIG₄-MEŠ",
"cf": "libittu",
"gw": "mudbrick",
"sense": "mudbrick",
"norm": "libittāti",
"pos": "N",
"epos": "N"}
}
,
{
"node": "l",
"frag": "a-ti\\t-din",
"id": "P313453.l061c2",
"ref": "P313453.24.7",
"inst": "attidin[give]V",
"sig": "@saao/saa05%akk-x-neoass:a-ti-din=tadānu[give//give]V'V$attidin",
"f": {"lang": "akk-x-neoass",
"form": "a-ti-din",
"cf": "tadānu",
"gw": "give",
"sense": "give",
"norm": "attidin",
"pos": "V",
"epos": "V"}
}
,
{
"node": "d",
"type": "line-start",
"ref": "P313453.25",
"n": "5",
"label": "r 5"}
,
{
"node": "l",
"frag": "[u₃]",
"id": "P313453.l061c3",
"ref": "P313453.25.1",
"inst": "u[and]CNJ$",
"sig": "@saao/saa05%akk-x-neoass:u₃=u[and//and]CNJ'CNJ$u",
"f": {"lang": "akk-x-neoass",
"form": "u₃",
"cf": "u",
"gw": "and",
"sense": "and",
"norm": "u",
"pos": "CNJ",
"epos": "CNJ"}
}
,
{
"node": "l",
"frag": "SIG₄-MEŠ\\m",
"id": "P313453.l061c4",
"ref": "P313453.25.2",
"inst": "libittāti[mudbrick]N",
"sig": "@saao/saa05%akk-x-neoass:SIG₄-MEŠ=libittu[mudbrick//mudbrick]N'N$libittāti",
"f": {"lang": "akk-x-neoass",
"form": "SIG₄-MEŠ",
"cf": "libittu",
"gw": "mudbrick",
"sense": "mudbrick",
"norm": "libittāti",
"pos": "N",
"epos": "N"}
}
,
{
"node": "l",
"frag": "ša\\ydm",
"id": "P313453.l061c5",
"ref": "P313453.25.3",
"inst": "ša[of]DET",
"sig": "@saao/saa05%akk-x-neoass:ša=ša[of//of]DET'DET$ša",
"f": {"lang": "akk-x-neoass",
"form": "ša",
"cf": "ša",
"gw": "of",
"sense": "of",
"norm": "ša",
"pos": "DET",
"epos": "DET"}
}
,
{
"node": "l",
"frag": "{lu₂v}GAL-URU-⸢MEŠ",
"id": "P313453.l061c6",
"ref": "P313453.25.4",
"cof-tails": "P313453.l061c7",
"inst": "rabû[big one]N$rab&ālu[city]N$ālāni",
"sig": "@saao/saa05%akk-x-neoass:{LU₂}GAL-URU-MEŠ=rabû[big one//big one]N'N$rab&&@saao%akk-x-neoass:=ālu[city//city]N'N$ālāni",
"f": {"lang": "akk-x-neoass",
"form": "{LU₂}GAL-URU-MEŠ",
"cf": "rabû",
"gw": "big one",
"sense": "big one",
"norm": "rab",
"pos": "N",
"epos": "N"}
}
,
{
"node": "l",
"frag": "{lu₂v}GAL-URU-⸢MEŠ",
"id": "P313453.l061c7",
"ref": "P313453.25.4",
"cof-head": "P313453.l061c6",
"inst": "rabû[big one]N$rab&ālu[city]N$ālāni",
"tail-sig": "@saao%akk-x-neoass:=ālu[city//city]N'N$ālāni",
"f": {"lang": "akk-x-neoass",
"form": "{LU₂}GAL-URU-MEŠ",
"cf": "ālu",
"gw": "city",
"sense": "city",
"norm": "ālāni",
"pos": "N",
"epos": "N"}
}
,
{
"node": "l",
"frag": "MAN⸣",
"id": "P313453.l061c8",
"ref": "P313453.25.5",
"inst": "šarri[king]N",
"sig": "@saao/saa05%akk-x-neoass:MAN=šarru[king//king]N'N$šarri",
"f": {"lang": "akk-x-neoass",
"form": "MAN",
"cf": "šarru",
"gw": "king",
"sense": "king",
"norm": "šarri",
"pos": "N",
"epos": "N"}
}
,
{
"node": "d",
"type": "line-start",
"ref": "P313453.26",
"n": "6",
"label": "r 6"}
,
{
"node": "l",
"frag": "[ša]",
"id": "P313453.l061c9",
"ref": "P313453.26.1",
"inst": "ša[which]REL",
"sig": "@saao/saa05%akk-x-neoass:ša=ša[that//which]REL'REL$ša",
"f": {"lang": "akk-x-neoass",
"form": "ša",
"cf": "ša",
"gw": "that",
"sense": "which",
"norm": "ša",
"pos": "REL",
"epos": "REL"}
}
,
{
"node": "l",
"frag": "⸢LUGAL⸣",
"id": "P313453.l061ca",
"ref": "P313453.26.2",
"inst": "šarru[king]N",
"sig": "@saao/saa05%akk-x-neoass:LUGAL=šarru[king//king]N'N$šarru",
"f": {"lang": "akk-x-neoass",
"form": "LUGAL",
"cf": "šarru",
"gw": "king",
"sense": "king",
"norm": "šarru",
"pos": "N",
"epos": "N"}
}
,
{
"node": "l",
"frag": "EN",
"id": "P313453.l061cb",
"ref": "P313453.26.3",
"inst": "bēlī[lord]N",
"sig": "@saao/saa05%akk-x-neoass:EN=bēlu[lord//lord]N'N$bēlī",
"f": {"lang": "akk-x-neoass",
"form": "EN",
"cf": "bēlu",
"gw": "lord",
"sense": "lord",
"norm": "bēlī",
"pos": "N",
"epos": "N"}
}
,
{
"node": "l",
"frag": "iš-pur-an-ni\\d",
"id": "P313453.l061cc",
"ref": "P313453.26.4",
"inst": "išpuranni[write]V",
"sig": "@saao/saa05%akk-x-neoass:iš-pur-an-ni=šapāru[send//write]V'V$išpuranni",
"f": {"lang": "akk-x-neoass",
"form": "iš-pur-an-ni",
"cf": "šapāru",
"gw": "send",
"sense": "write",
"norm": "išpuranni",
"pos": "V",
"epos": "V"}
}
,
{
"node": "l",
"frag": "ur-ta-me",
"id": "P313453.l061cd",
"ref": "P313453.26.5",
"inst": "urtamme[release]V",
"sig": "@saao/saa05%akk-x-neoass:ur-ta-me=ramû[slacken//release]V'V$urtamme",
"f": {"lang": "akk-x-neoass",
"form": "ur-ta-me",
"cf": "ramû",
"gw": "slacken",
"sense": "release",
"norm": "urtamme",
"pos": "V",
"epos": "V"}
}
,
{
"node": "d",
"type": "line-start",
"ref": "P313453.27",
"n": "7",
"label": "r 7"}
,
{
"node": "l",
"frag": "[LUGAL]",
"id": "P313453.l061ce",
"ref": "P313453.27.1",
"inst": "šarri[king]N",
"sig": "@saao/saa05%akk-x-neoass:LUGAL=šarru[king//king]N'N$šarri",
"f": {"lang": "akk-x-neoass",
"form": "LUGAL",
"cf": "šarru",
"gw": "king",
"sense": "king",
"norm": "šarri",
"pos": "N",
"epos": "N"}
}
,
{
"node": "l",
"frag": "⸢EN⸣",
"id": "P313453.l061cf",
"ref": "P313453.27.2",
"inst": "bēlī[lord]N",
"sig": "@saao/saa05%akk-x-neoass:EN=bēlu[lord//lord]N'N$bēlī",
"f": {"lang": "akk-x-neoass",
"form": "EN",
"cf": "bēlu",
"gw": "lord",
"sense": "lord",
"norm": "bēlī",
"pos": "N",
"epos": "N"}
}
,
{
"node": "l",
"frag": "u₂\\m-da\\d",
"id": "P313453.l061d0",
"ref": "P313453.27.3",
"inst": "ūda[know]V",
"sig": "@saao/saa05%akk-x-neoass:u₂-da=wadû[know//know]V'V$ūda",
"f": {"lang": "akk-x-neoass",
"form": "u₂-da",
"cf": "wadû",
"gw": "know",
"sense": "know",
"norm": "ūda",
"pos": "V",
"epos": "V"}
}
,
{
"node": "l",
"frag": "{lu₂v}SAG-MEŠ\\m",
"id": "P313453.l061d1",
"ref": "P313453.27.4",
"inst": "ša-rēšāni[eunuch]N",
"sig": "@saao/saa05%akk-x-neoass:{LU₂}SAG-MEŠ=ša-rēši[eunuch//eunuch]N'N$ša-rēšāni",
"f": {"lang": "akk-x-neoass",
"form": "{LU₂}SAG-MEŠ",
"cf": "ša-rēši",
"gw": "eunuch",
"sense": "eunuch",
"norm": "ša-rēšāni",
"pos": "N",
"epos": "N"}
}
,
{
"node": "c",
"type": "phrase",
"tag": "phr",
"id": "P313453.U8",
"ref": "P313453.ls00004",
"cdl": [
{
"node": "l",
"frag": "NUMUN\\d-LUGAL",
"id": "P313453.l061d2",
"ref": "P313453.27.5",
"cof-tails": "P313453.l061d3",
"inst": "zēru[seed(s)]N$zēr&šarri[king]N",
"sig": "@saao/saa05%akk-x-neoass:NUMUN-LUGAL=zēru[seed(s)//seed(s)]N'N$zēr&&@saao%akk-x-neoass:=šarru[king//king]N'N$šarri",
"f": {"lang": "akk-x-neoass",
"form": "NUMUN-LUGAL",
"cf": "zēru",
"gw": "seed(s)",
"sense": "seed(s)",
"norm": "zēr",
"pos": "N",
"epos": "N"}
}
,
{
"node": "l",
"frag": "NUMUN\\d-LUGAL",
"id": "P313453.l061d3",
"ref": "P313453.27.5",
"cof-head": "P313453.l061d2",
"inst": "zēru[seed(s)]N$zēr&šarri[king]N",
"tail-sig": "@saao%akk-x-neoass:=šarru[king//king]N'N$šarri",
"f": {"lang": "akk-x-neoass",
"form": "NUMUN-LUGAL",
"cf": "šarru",
"gw": "king",
"sense": "king",
"norm": "šarri",
"pos": "N",
"epos": "N"}
}
]}
,
{
"node": "d",
"type": "line-start",
"ref": "P313453.28",
"n": "8",
"label": "r 8"}
,
{
"node": "l",
"frag": "[ša]",
"id": "P313453.l061d4",
"ref": "P313453.28.1",
"inst": "ša[who]REL",
"sig": "@saao/saa05%akk-x-neoass:ša=ša[that//who]REL'REL$ša",
"f": {"lang": "akk-x-neoass",
"form": "ša",
"cf": "ša",
"gw": "that",
"sense": "who",
"norm": "ša",
"pos": "REL",
"epos": "REL"}
}
,
{
"node": "l",
"frag": "SIG₄-ME",
"id": "P313453.l061d5",
"ref": "P313453.28.2",
"inst": "libittāti[mudbrick]N",
"sig": "@saao/saa05%akk-x-neoass:SIG₄-ME=libittu[mudbrick//mudbrick]N'N$libittāti",
"f": {"lang": "akk-x-neoass",
"form": "SIG₄-ME",
"cf": "libittu",
"gw": "mudbrick",
"sense": "mudbrick",
"norm": "libittāti",
"pos": "N",
"epos": "N"}
}
,
{
"node": "c",
"type": "phrase",
"tag": "phr",
"id": "P313453.U9",
"ref": "P313453.ls00005",
"cdl": [
{
"node": "l",
"frag": "TA@v\\m",
"id": "P313453.l061d6",
"ref": "P313453.28.3",
"inst": "issu[from+=from]PRP",
"sig": "@saao/saa05%akk-x-neoass:TA@v=ištu[from//from]PRP'PRP$issu",
"f": {"lang": "akk-x-neoass",
"form": "TA@v",
"cf": "ištu",
"gw": "from",
"sense": "from",
"norm": "issu",
"pos": "PRP",
"epos": "PRP"}
}
,
{
"node": "l",
"frag": "pa-ni-šu₂-nu",
"id": "P313453.l061d7",
"ref": "P313453.28.4",
"inst": "pānu[front]N$pānišunu",
"sig": "@saao/saa05%akk-x-neoass:pa-ni-šu₂-nu=pānu[front//front]N'N$pānišunu",
"f": {"lang": "akk-x-neoass",
"form": "pa-ni-šu₂-nu",
"cf": "pānu",
"gw": "front",
"sense": "front",
"norm": "pānišunu",
"pos": "N",
"epos": "N"}
}
]}
,
{
"node": "l",
"frag": "IL₂-u-ni",
"id": "P313453.l061d8",
"ref": "P313453.28.5",
"inst": "našû[lift//take]V$anaššûni",
"sig": "@saao/saa05%akk-x-neoass:IL₂-u-ni=našû[lift//take]V'V$anaššûni",
"f": {"lang": "akk-x-neoass",
"form": "IL₂-u-ni",
"cf": "našû",
"gw": "lift",
"sense": "take",
"norm": "anaššûni",
"pos": "V",
"epos": "V"}
}
,
{
"node": "d",
"type": "line-start",
"ref": "P313453.29",
"n": "9",
"label": "r 9"}
,
{
"node": "l",
"frag": "[a-na]",
"id": "P313453.l061d9",
"ref": "P313453.29.1",
"inst": "ana[to]PRP",
"sig": "@saao/saa05%akk-x-neoass:a-na=ana[to//to]PRP'PRP$ana",
"f": {"lang": "akk-x-neoass",
"form": "a-na",
"cf": "ana",
"gw": "to",
"sense": "to",
"norm": "ana",
"pos": "PRP",
"epos": "PRP"}
}
,
{
"node": "l",
"frag": "{lu₂v}GAL-MEŠ\\m",
"id": "P313453.l061da",
"ref": "P313453.29.2",
"inst": "rabiūti[magnate]N",
"sig": "@saao/saa05%akk-x-neoass:{LU₂}GAL-MEŠ=rabiu[big one//magnate]N'N$rabiūti",
"f": {"lang": "akk-x-neoass",
"form": "{LU₂}GAL-MEŠ",
"cf": "rabiu",
"gw": "big one",
"sense": "magnate",
"norm": "rabiūti",
"pos": "N",
"epos": "N"}
}
,
{
"node": "l",
"frag": "a-di-nu-ni\\d",
"id": "P313453.l061db",
"ref": "P313453.29.3",
"inst": "addinūni[give]V",
"sig": "@saao/saa05%akk-x-neoass:a-di-nu-ni=tadānu[give//give]V'V$addinūni",
"f": {"lang": "akk-x-neoass",
"form": "a-di-nu-ni",
"cf": "tadānu",
"gw": "give",
"sense": "give",
"norm": "addinūni",
"pos": "V",
"epos": "V"}
}
,
{
"node": "d",
"type": "line-start",
"ref": "P313453.30",
"n": "10",
"label": "r 10"}
,
{
"node": "l",
"frag": "[a-na",
"id": "P313453.l061dc",
"ref": "P313453.30.1",
"inst": "ana[to]PRP",
"sig": "@saao/saa05%akk-x-neoass:a-na=ana[to//to]PRP'PRP$ana",
"f": {"lang": "akk-x-neoass",
"form": "a-na",
"cf": "ana",
"gw": "to",
"sense": "to",
"norm": "ana",
"pos": "PRP",
"epos": "PRP"}
}
,
{
"node": "l",
"frag": "LUGAL",
"id": "P313453.l061dd",
"ref": "P313453.30.2",
"inst": "šarri[king]N",
"sig": "@saao/saa05%akk-x-neoass:LUGAL=šarru[king//king]N'N$šarri",
"f": {"lang": "akk-x-neoass",
"form": "LUGAL",
"cf": "šarru",
"gw": "king",
"sense": "king",
"norm": "šarri",
"pos": "N",
"epos": "N"}
}
,
{
"node": "l",
"frag": "EN-ia",
"id": "P313453.l061de",
"ref": "P313453.30.3",
"inst": "bēlīya[lord]N",
"sig": "@saao/saa05%akk-x-neoass:EN-ia=bēlu[lord//lord]N'N$bēlīya",
"f": {"lang": "akk-x-neoass",
"form": "EN-ia",
"cf": "bēlu",
"gw": "lord",
"sense": "lord",
"norm": "bēlīya",
"pos": "N",
"epos": "N"}
}
,
{
"node": "l",
"frag": "i-ma-hu\\d-ru]",
"id": "P313453.l061df",
"ref": "P313453.30.4",
"inst": "mahāru[face//appeal]V$imahhuru",
"sig": "@saao/saa05%akk-x-neoass:i-ma-hu-ru=mahāru[face//appeal]V'V$imahhuru",
"f": {"lang": "akk-x-neoass",
"form": "i-ma-hu-ru",
"cf": "mahāru",
"gw": "face",
"sense": "appeal",
"norm": "imahhuru",
"pos": "V",
"epos": "V"}
}
,
{
"node": "d",
"type": "line-start",
"ref": "P313453.31",
"n": "11",
"label": "r 11"}
,
{
"node": "l",
"frag": "[LUGAL]",
"id": "P313453.l061e0",
"ref": "P313453.31.1",
"inst": "šarru[king]N",
"sig": "@saao/saa05%akk-x-neoass:LUGAL=šarru[king//king]N'N$šarru",
"f": {"lang": "akk-x-neoass",
"form": "LUGAL",
"cf": "šarru",
"gw": "king",
"sense": "king",
"norm": "šarru",
"pos": "N",
"epos": "N"}
}
,
{
"node": "l",
"frag": "⸢EN⸣",
"id": "P313453.l061e1",
"ref": "P313453.31.2",
"inst": "bēlī[lord]N",
"sig": "@saao/saa05%akk-x-neoass:EN=bēlu[lord//lord]N'N$bēlī",
"f": {"lang": "akk-x-neoass",
"form": "EN",
"cf": "bēlu",
"gw": "lord",
"sense": "lord",
"norm": "bēlī",
"pos": "N",
"epos": "N"}
}
,
{
"node": "l",
"frag": "ki-i",
"id": "P313453.l061e2",
"ref": "P313453.31.3",
"inst": "kî[like]PRP",
"sig": "@saao/saa05%akk-x-neoass:ki-i=kī[like//like]PRP'PRP$kî",
"f": {"lang": "akk-x-neoass",
"form": "ki-i",
"cf": "kī",
"gw": "like",
"sense": "like",
"norm": "kî",
"pos": "PRP",
"epos": "PRP"}
}
,
{
"node": "l",
"frag": "ša\\y",
"id": "P313453.l061e3",
"ref": "P313453.31.4",
"inst": "ša[that]REL",
"sig": "@saao/saa05%akk-x-neoass:ša=ša[that//that]REL'REL$ša",
"f": {"lang": "akk-x-neoass",
"form": "ša",
"cf": "ša",
"gw": "that",
"sense": "that",
"norm": "ša",
"pos": "REL",
"epos": "REL"}
}
,
{
"node": "l",
"frag": "ZU-u-ni\\d",
"id": "P313453.l061e4",
"ref": "P313453.31.5",
"inst": "leʾû[be able//deem]V$ilaʾʾûni",
"sig": "@saao/saa05%akk-x-neoass:ZU-u-ni=leʾû[be able//deem]V'V$ilaʾʾûni",
"f": {"lang": "akk-x-neoass",
"form": "ZU-u-ni",
"cf": "leʾû",
"gw": "be able",
"sense": "deem",
"norm": "ilaʾʾûni",
"pos": "V",
"epos": "V"}
}
,
{
"node": "l",
"frag": "le\\d-pu-šu₂",
"id": "P313453.l061e5",
"ref": "P313453.31.6",
"inst": "lēpušu[do]V",
"sig": "@saao/saa05%akk-x-neoass:le-pu-šu₂=epēšu[do//do]V'V$lēpušu",
"f": {"lang": "akk-x-neoass",
"form": "le-pu-šu₂",
"cf": "epēšu",
"gw": "do",
"sense": "do",
"norm": "lēpušu",
"pos": "V",
"epos": "V"}
}
,
{
"node": "d",
"type": "line-start",
"ref": "P313453.32",
"n": "12",
"label": "r 12"}
,
{
"node": "l",
"frag": "[LUGAL]",
"id": "P313453.l061e6",
"ref": "P313453.32.1",
"inst": "šarru[king]N",
"sig": "@saao/saa05%akk-x-neoass:LUGAL=šarru[king//king]N'N$šarru",
"f": {"lang": "akk-x-neoass",
"form": "LUGAL",
"cf": "šarru",
"gw": "king",
"sense": "king",
"norm": "šarru",
"pos": "N",
"epos": "N"}
}
,
{
"node": "l",
"frag": "⸢EN⸣",
"id": "P313453.l061e7",
"ref": "P313453.32.2",
"inst": "bēlī[lord]N",
"sig": "@saao/saa05%akk-x-neoass:EN=bēlu[lord//lord]N'N$bēlī",
"f": {"lang": "akk-x-neoass",
"form": "EN",
"cf": "bēlu",
"gw": "lord",
"sense": "lord",
"norm": "bēlī",
"pos": "N",
"epos": "N"}
}
,
{
"node": "l",
"frag": "u₂\\m-da\\dm",
"id": "P313453.l061e8",
"ref": "P313453.32.3",
"inst": "ūda[know]V",
"sig": "@saao/saa05%akk-x-neoass:u₂-da=wadû[know//know]V'V$ūda",
"f": {"lang": "akk-x-neoass",
"form": "u₂-da",
"cf": "wadû",
"gw": "know",
"sense": "know",
"norm": "ūda",
"pos": "V",
"epos": "V"}
}
,
{
"node": "c",
"type": "phrase",
"tag": "phr",
"id": "P313453.U10",
"ref": "P313453.ls00006",
"cdl": [
{
"node": "l",
"frag": "i-ti-ma-⸢li⸣",
"id": "P313453.l061e9",
"ref": "P313453.32.4",
"cof-tails": "P313453.l061ea",
"inst": "ina[in]PRP$&timāli[yesterday]AV$",
"sig": "@saao/saa05%akk-x-neoass:i-ti-ma-li=ina[in//in]PRP'PRP$ina&&@saao%akk-x-neoass:=timāli[yesterday//yesterday]AV'AV$timāli",
"f": {"lang": "akk-x-neoass",
"form": "i-ti-ma-li",
"cf": "ina",
"gw": "in",
"sense": "in",
"norm": "ina",
"pos": "PRP",
"epos": "PRP"}
}
,
{
"node": "l",
"frag": "i-ti-ma-⸢li⸣",
"id": "P313453.l061ea",
"ref": "P313453.32.4",
"cof-head": "P313453.l061e9",
"inst": "ina[in]PRP$&timāli[yesterday]AV$",
"tail-sig": "@saao%akk-x-neoass:=timāli[yesterday//yesterday]AV'AV$timāli",
"f": {"lang": "akk-x-neoass",
"form": "i-ti-ma-li",
"cf": "timāli",
"gw": "yesterday",
"sense": "yesterday",
"norm": "timāli",
"pos": "AV",
"epos": "AV"}
}
]}
,
{
"node": "l",
"frag": "[i-ša₂-šu]-⸢me⸣",
"id": "P313453.l061eb",
"ref": "P313453.32.5",
"cof-tails": "P313453.l061ec",
"inst": "ina[in+=the day before yesterday]PRP$ina&šalšūmi[the day before yesterday]AV$šaššūme",
"sig": "@saao/saa05%akk-x-neoass:i-ša₂-šu-me=ina[in//in]PRP'PRP$ina&&@saao%akk-x-neoass:=šalšūmi[the day before yesterday//the day before yesterday]AV'AV$šaššūme",
"f": {"lang": "akk-x-neoass",
"form": "i-ša₂-šu-me",
"cf": "ina",
"gw": "in",
"sense": "in",
"norm": "ina",
"pos": "PRP",
"epos": "PRP"}
}
,
{
"node": "l",
"frag": "[i-ša₂-šu]-⸢me⸣",
"id": "P313453.l061ec",
"ref": "P313453.32.5",
"cof-head": "P313453.l061eb",
"inst": "ina[in+=the day before yesterday]PRP$ina&šalšūmi[the day before yesterday]AV$šaššūme",
"tail-sig": "@saao%akk-x-neoass:=šalšūmi[the day before yesterday//the day before yesterday]AV'AV$šaššūme",
"f": {"lang": "akk-x-neoass",
"form": "i-ša₂-šu-me",
"cf": "šalšūmi",
"gw": "the day before yesterday",
"sense": "the day before yesterday",
"norm": "šaššūme",
"pos": "AV",
"epos": "AV"}
}
,
{
"node": "d",
"type": "line-start",
"ref": "P313453.33",
"n": "13",
"label": "r 13"}
,
{
"node": "l",
"frag": "[SIG₄]-ME",
"id": "P313453.l061ed",
"ref": "P313453.33.1",
"inst": "libittāti[mudbrick]N",
"sig": "@saao/saa05%akk-x-neoass:SIG₄-ME=libittu[mudbrick//mudbrick]N'N$libittāti",
"f": {"lang": "akk-x-neoass",
"form": "SIG₄-ME",
"cf": "libittu",
"gw": "mudbrick",
"sense": "mudbrick",
"norm": "libittāti",
"pos": "N",
"epos": "N"}
}
,
{
"node": "l",
"frag": "a-na",
"id": "P313453.l061ee",
"ref": "P313453.33.2",
"inst": "ana[to]PRP",
"sig": "@saao/saa05%akk-x-neoass:a-na=ana[to//to]PRP'PRP$ana",
"f": {"lang": "akk-x-neoass",
"form": "a-na",
"cf": "ana",
"gw": "to",
"sense": "to",
"norm": "ana",
"pos": "PRP",
"epos": "PRP"}
}
,
{
"node": "l",
"frag": "li\\m-bit\\m-⸢MAN⸣",
"id": "P313453.l061ef",
"ref": "P313453.33.3",
"cof-tails": "P313453.l061f0",
"inst": "liwītu[entourage]N$libīt&šarru[king]N$šarri",
"sig": "@saao/saa05%akk-x-neoass:li-bit-MAN=liwītu[entourage//entourage]N'N$libīt&&@saao%akk-x-neoass:=šarru[king//king]N'N$šarri",
"f": {"lang": "akk-x-neoass",
"form": "li-bit-MAN",
"cf": "liwītu",
"gw": "entourage",
"sense": "entourage",
"norm": "libīt",
"pos": "N",
"epos": "N"}
}
,
{
"node": "l",
"frag": "li\\m-bit\\m-⸢MAN⸣",
"id": "P313453.l061f0",
"ref": "P313453.33.3",
"cof-head": "P313453.l061ef",
"inst": "liwītu[entourage]N$libīt&šarru[king]N$šarri",
"tail-sig": "@saao%akk-x-neoass:=šarru[king//king]N'N$šarri",
"f": {"lang": "akk-x-neoass",
"form": "li-bit-MAN",
"cf": "šarru",
"gw": "king",
"sense": "king",
"norm": "šarri",
"pos": "N",
"epos": "N"}
}
,
{
"node": "l",
"frag": "[a-ti-din]",
"id": "P313453.l061f1",
"ref": "P313453.33.4",
"inst": "attidin[give]V",
"sig": "@saao/saa05%akk-x-neoass:a-ti-din=tadānu[give//give]V'V$attidin",
"f": {"lang": "akk-x-neoass",
"form": "a-ti-din",
"cf": "tadānu",
"gw": "give",
"sense": "give",
"norm": "attidin",
"pos": "V",
"epos": "V"}
}
,
{
"node": "d",
"type": "line-start",
"ref": "P313453.34",
"n": "14",
"label": "r 14"}
,
{
"node": "l",
"frag": "[x",
"id": "P313453.l061f2",
"ref": "P313453.34.1",
"inst": "u",
"f": {"lang": "akk-x-neoass",
"form": "x",
"pos": "u"}
}
,
{
"node": "l",
"frag": "x]",
"id": "P313453.l061f3",
"ref": "P313453.34.2",
"inst": "u",
"f": {"lang": "akk-x-neoass",
"form": "x",
"pos": "u"}
}
,
{
"node": "l",
"frag": "⸢dul⸣-lu",
"id": "P313453.l061f4",
"ref": "P313453.34.3",
"inst": "dullu[work]N",
"sig": "@saao/saa05%akk-x-neoass:dul-lu=dullu[trouble//work]N'N$dullu",
"f": {"lang": "akk-x-neoass",
"form": "dul-lu",
"cf": "dullu",
"gw": "trouble",
"sense": "work",
"norm": "dullu",
"pos": "N",
"epos": "N"}
}
,
{
"node": "l",
"frag": "ša\\yd",
"id": "P313453.l061f5",
"ref": "P313453.34.4",
"inst": "ša[of]DET",
"sig": "@saao/saa05%akk-x-neoass:ša=ša[of//of]DET'DET$ša",
"f": {"lang": "akk-x-neoass",
"form": "ša",
"cf": "ša",
"gw": "of",
"sense": "of",
"norm": "ša",
"pos": "DET",
"epos": "DET"}
}
,
{
"node": "l",
"frag": "⸢LUGAL⸣",
"id": "P313453.l061f6",
"ref": "P313453.34.5",
"inst": "šarri[king]N",
"sig": "@saao/saa05%akk-x-neoass:LUGAL=šarru[king//king]N'N$šarri",
"f": {"lang": "akk-x-neoass",
"form": "LUGAL",
"cf": "šarru",
"gw": "king",
"sense": "king",
"norm": "šarri",
"pos": "N",
"epos": "N"}
}
,
{
"node": "l",
"frag": "[x",
"id": "P313453.l061f7",
"ref": "P313453.34.6",
"inst": "u",
"f": {"lang": "akk-x-neoass",
"form": "x",
"pos": "u"}
}
,
{
"node": "l",
"frag": "x",
"id": "P313453.l061f8",
"ref": "P313453.34.7",
"inst": "u",
"f": {"lang": "akk-x-neoass",
"form": "x",
"pos": "u"}
}
,
{
"node": "l",
"frag": "x",
"id": "P313453.l061f9",
"ref": "P313453.34.8",
"inst": "u",
"f": {"lang": "akk-x-neoass",
"form": "x",
"pos": "u"}
}
,
{
"node": "l",
"frag": "x]",
"id": "P313453.l061fa",
"ref": "P313453.34.9",
"inst": "u",
"f": {"lang": "akk-x-neoass",
"form": "x",
"pos": "u"}
}
,
{
"node": "d",
"type": "nonx",
"ref": "P313453.35",
"strict": "0",
"extent": "rest",
"scope": "line",
"state": "missing"}
]}
]}
]}
,
{
"linkbase": [{
"type": "linkset",
"xlink_title": "ina muhhi[on//about]PRP'PRP",
"id": "P313453.ls00000",
"xlink_type": "extended",
"xlink_role": "psu",
"sig": "{ina[in]PRP muhhu[skull]N += ina muhhi[on//about]PRP'PRP}::@saao%akk-x-neoass:ina=ina[in//into]PRP'PRP$ina++@saao%akk-x-neoass:UGU-hi-šu₂=muhhu[skull//skull]N'N$muhhīšu",
"links": [
{
"type": "link",
"xlink_title": "ina",
"xlink_type": "locator",
"xlink_href": "#P313453.l0616f",
"xlink_role": "elt"}
,
{
"type": "link",
"xlink_title": "muhhīšu",
"xlink_type": "locator",
"xlink_href": "#P313453.l06170",
"xlink_role": "elt"}
]}
,
{
"type": "linkset",
"xlink_title": "ina muhhi[on//about]PRP'PRP",
"id": "P313453.ls00001",
"xlink_type": "extended",
"xlink_role": "psu",
"sig": "{ina[in]PRP muhhu[skull]N += ina muhhi[on//about]PRP'PRP}::@saao%akk-x-neoass:ina=ina[in//into]PRP'PRP$ina++@saao%akk-x-neoass:UGU=muhhu[skull//skull]N'N$muhhi",
"links": [
{
"type": "link",
"xlink_title": "ina",
"xlink_type": "locator",
"xlink_href": "#P313453.l06191",
"xlink_role": "elt"}
,
{
"type": "link",
"xlink_title": "muhhi",
"xlink_type": "locator",
"xlink_href": "#P313453.l06192",
"xlink_role": "elt"}
]}
,
{
"type": "linkset",
"xlink_title": "ištu pān[from//because of]PRP'PRP",
"id": "P313453.ls00002",
"xlink_type": "extended",
"xlink_role": "psu",
"sig": "{ištu[from]PRP pānu[front]N += ištu pān[from//because of]PRP'PRP}::@saao%akk-x-neoass:TA@v=ištu[from//from]PRP'PRP$issu++@saao%akk-x-neoass:IGI=pānu[front//front]N'N$pān",
"links": [
{
"type": "link",
"xlink_title": "issu",
"xlink_type": "locator",
"xlink_href": "#P313453.l061b2",
"xlink_role": "elt"}
,
{
"type": "link",
"xlink_title": "pānu",
"xlink_type": "locator",
"xlink_href": "#P313453.l061b3",
"xlink_role": "elt"}
]}
,
{
"type": "linkset",
"xlink_title": "ištu pān[from//because of]PRP'PRP",
"id": "P313453.ls00003",
"xlink_type": "extended",
"xlink_role": "psu",
"sig": "{ištu[from]PRP pānu[front]N += ištu pān[from//because of]PRP'PRP}::@saao%akk-x-neoass:TA@v=ištu[from//from]PRP'PRP$issu++@saao%akk-x-neoass:IGI=pānu[front//front]N'N$pān",
"links": [
{
"type": "link",
"xlink_title": "issu",
"xlink_type": "locator",
"xlink_href": "#P313453.l061b9",
"xlink_role": "elt"}
,
{
"type": "link",
"xlink_title": "pānu",
"xlink_type": "locator",
"xlink_href": "#P313453.l061ba",
"xlink_role": "elt"}
]}
,
{
"type": "linkset",
"xlink_title": "zēr šarri[royal bloodline//royal bloodline]N'N",
"id": "P313453.ls00004",
"xlink_type": "extended",
"xlink_role": "psu",
"sig": "{zēru[seed(s)]N šarru[king]N += zēr šarri[royal bloodline//royal bloodline]N'N}::@saao%akk-x-neoass:NUMUN-LUGAL=zēru[seed(s)//seed(s)]N'N$zēr++@saao%akk-x-neoass:NUMUN-LUGAL=šarru[king//king]N'N$šarri",
"links": [
{
"type": "link",
"xlink_title": "zēru",
"xlink_type": "locator",
"xlink_href": "#P313453.l061d2",
"xlink_role": "elt"}
,
{
"type": "link",
"xlink_title": "šarri",
"xlink_type": "locator",
"xlink_href": "#P313453.l061d3",
"xlink_role": "elt"}
]}
,
{
"type": "linkset",
"xlink_title": "ištu pān[from//because of]PRP'PRP",
"id": "P313453.ls00005",
"xlink_type": "extended",
"xlink_role": "psu",
"sig": "{ištu[from]PRP pānu[front]N += ištu pān[from//because of]PRP'PRP}::@saao%akk-x-neoass:TA@v=ištu[from//from]PRP'PRP$issu++@saao%akk-x-neoass:pa-ni-šu₂-nu=pānu[front//front]N'N$pānišunu",
"links": [
{
"type": "link",
"xlink_title": "issu",
"xlink_type": "locator",
"xlink_href": "#P313453.l061d6",
"xlink_role": "elt"}
,
{
"type": "link",
"xlink_title": "pānu",
"xlink_type": "locator",
"xlink_href": "#P313453.l061d7",
"xlink_role": "elt"}
]}
,
{
"type": "linkset",
"xlink_title": "ina timāli[yesterday//yesterday]AV'AV",
"id": "P313453.ls00006",
"xlink_type": "extended",
"xlink_role": "psu",
"sig": "{ina[in]PRP timāli[yesterday]AV += ina timāli[yesterday//yesterday]AV'AV}::@saao%akk-x-neoass:i-ti-ma-li=ina[in//into]PRP'PRP$ina++@saao%akk-x-neoass:i-ti-ma-li=timāli[yesterday//yesterday]AV'AV$timāli",
"links": [
{
"type": "link",
"xlink_title": "ina",
"xlink_type": "locator",
"xlink_href": "#P313453.l061e9",
"xlink_role": "elt"}
,
{
"type": "link",
"xlink_title": "timāli",
"xlink_type": "locator",
"xlink_href": "#P313453.l061ea",
"xlink_role": "elt"}
]}
]}
]}
