{
"type": "cdl",
  "source": "http://oracc.org/saao/saa05",
  "license": "This data is released under the CC0 license",
  "license-url": "https://creativecommons.org/publicdomain/zero/1.0/",
  "more-info": "http://oracc.org/doc/opendata/",
  "UTC-timestamp": "2017-05-19T11:27:23",
"project": "saao/saa05",
"textid": "P313547",
"cdl": [
{
"node": "c",
"type": "text",
"id": "P313547.U0",
"cdl": [
{
"node": "d",
"type": "object",
"ref": ""}
,
{
"node": "d",
"subtype": "obverse",
"type": "surface",
"ref": "P313547.o.1",
"type": "obverse",
"label": "o"}
,
{
"node": "d",
"type": "nonx",
"ref": "P313547.2",
"strict": "0",
"extent": "beginning",
"state": "other"}
,
{
"node": "c",
"type": "discourse",
"subtype": "body",
"id": "P313547.U1",
"cdl": [
{
"node": "c",
"type": "sentence",
"id": "P313547.U2",
"label": "o 1' - r 15",
"cdl": [
{
"node": "d",
"type": "line-start",
"ref": "P313547.3",
"n": "1'",
"label": "o 1'"}
,
{
"node": "l",
"frag": "⸢ma-a",
"id": "P313547.l0128a",
"ref": "P313547.3.1",
"inst": "mā[saying]PRP",
"sig": "@saao/saa05%akk-x-neoass:ma-a=mā[saying//saying]PRP'PRP$mā",
"f": {"lang": "akk-x-neoass",
"form": "ma-a",
"cf": "mā",
"gw": "saying",
"sense": "saying",
"norm": "mā",
"pos": "PRP",
"epos": "PRP"}
}
,
{
"node": "l",
"frag": "la",
"id": "P313547.l0128b",
"ref": "P313547.3.2",
"inst": "lā[not]MOD",
"sig": "@saao/saa05%akk-x-neoass:la=lā[not//not]MOD'MOD$lā",
"f": {"lang": "akk-x-neoass",
"form": "la",
"cf": "lā",
"gw": "not",
"sense": "not",
"norm": "lā",
"pos": "MOD",
"epos": "MOD"}
}
,
{
"node": "l",
"frag": "i⸣-[x",
"id": "P313547.l0128c",
"ref": "P313547.3.3",
"inst": "u",
"f": {"lang": "akk-x-neoass",
"form": "i-x",
"pos": "u"}
}
,
{
"node": "l",
"frag": "x",
"id": "P313547.l0128d",
"ref": "P313547.3.4",
"inst": "u",
"f": {"lang": "akk-x-neoass",
"form": "x",
"pos": "u"}
}
,
{
"node": "l",
"frag": "x",
"id": "P313547.l0128e",
"ref": "P313547.3.5",
"inst": "u",
"f": {"lang": "akk-x-neoass",
"form": "x",
"pos": "u"}
}
,
{
"node": "l",
"frag": "x",
"id": "P313547.l0128f",
"ref": "P313547.3.6",
"inst": "u",
"f": {"lang": "akk-x-neoass",
"form": "x",
"pos": "u"}
}
,
{
"node": "l",
"frag": "x",
"id": "P313547.l01290",
"ref": "P313547.3.7",
"inst": "u",
"f": {"lang": "akk-x-neoass",
"form": "x",
"pos": "u"}
}
,
{
"node": "l",
"frag": "x",
"id": "P313547.l01291",
"ref": "P313547.3.8",
"inst": "u",
"f": {"lang": "akk-x-neoass",
"form": "x",
"pos": "u"}
}
,
{
"node": "l",
"frag": "x]",
"id": "P313547.l01292",
"ref": "P313547.3.9",
"inst": "u",
"f": {"lang": "akk-x-neoass",
"form": "x",
"pos": "u"}
}
,
{
"node": "d",
"type": "line-start",
"ref": "P313547.4",
"n": "2'",
"label": "o 2'"}
,
{
"node": "l",
"frag": "ina",
"id": "P313547.l01293",
"ref": "P313547.4.1",
"inst": "ina[in]PRP",
"sig": "@saao/saa05%akk-x-neoass:ina=ina[in//in]PRP'PRP$ina",
"f": {"lang": "akk-x-neoass",
"form": "ina",
"cf": "ina",
"gw": "in",
"sense": "in",
"norm": "ina",
"pos": "PRP",
"epos": "PRP"}
}
,
{
"node": "l",
"frag": "ZAG-ka",
"id": "P313547.l01294",
"ref": "P313547.4.2",
"inst": "imittu[right side]N$imittīka",
"sig": "@saao/saa05%akk-x-neoass:ZAG-ka=imittu[right side//right side]N'N$imittīka",
"f": {"lang": "akk-x-neoass",
"form": "ZAG-ka",
"cf": "imittu",
"gw": "right side",
"sense": "right side",
"norm": "imittīka",
"pos": "N",
"epos": "N"}
}
,
{
"node": "l",
"frag": "[x",
"id": "P313547.l01295",
"ref": "P313547.4.3",
"inst": "u",
"f": {"lang": "akk-x-neoass",
"form": "x",
"pos": "u"}
}
,
{
"node": "l",
"frag": "x",
"id": "P313547.l01296",
"ref": "P313547.4.4",
"inst": "u",
"f": {"lang": "akk-x-neoass",
"form": "x",
"pos": "u"}
}
,
{
"node": "l",
"frag": "x",
"id": "P313547.l01297",
"ref": "P313547.4.5",
"inst": "u",
"f": {"lang": "akk-x-neoass",
"form": "x",
"pos": "u"}
}
,
{
"node": "l",
"frag": "x",
"id": "P313547.l01298",
"ref": "P313547.4.6",
"inst": "u",
"f": {"lang": "akk-x-neoass",
"form": "x",
"pos": "u"}
}
,
{
"node": "l",
"frag": "x",
"id": "P313547.l01299",
"ref": "P313547.4.7",
"inst": "u",
"f": {"lang": "akk-x-neoass",
"form": "x",
"pos": "u"}
}
,
{
"node": "l",
"frag": "x",
"id": "P313547.l0129a",
"ref": "P313547.4.8",
"inst": "u",
"f": {"lang": "akk-x-neoass",
"form": "x",
"pos": "u"}
}
,
{
"node": "l",
"frag": "x]",
"id": "P313547.l0129b",
"ref": "P313547.4.9",
"inst": "u",
"f": {"lang": "akk-x-neoass",
"form": "x",
"pos": "u"}
}
,
{
"node": "d",
"type": "line-start",
"ref": "P313547.5",
"n": "3'",
"label": "o 3'"}
,
{
"node": "l",
"frag": "ma-a",
"id": "P313547.l0129c",
"ref": "P313547.5.1",
"inst": "mā[saying]PRP",
"sig": "@saao/saa05%akk-x-neoass:ma-a=mā[saying//saying]PRP'PRP$mā",
"f": {"lang": "akk-x-neoass",
"form": "ma-a",
"cf": "mā",
"gw": "saying",
"sense": "saying",
"norm": "mā",
"pos": "PRP",
"epos": "PRP"}
}
,
{
"node": "l",
"frag": "man-nu",
"id": "P313547.l0129d",
"ref": "P313547.5.2",
"inst": "mannu[who?]QP$",
"sig": "@saao/saa05%akk-x-neoass:man-nu=mannu[who?//who?]QP'QP$mannu",
"f": {"lang": "akk-x-neoass",
"form": "man-nu",
"cf": "mannu",
"gw": "who?",
"sense": "who?",
"norm": "mannu",
"pos": "QP",
"epos": "QP"}
}
,
{
"node": "l",
"frag": "mi-[x",
"id": "P313547.l0129e",
"ref": "P313547.5.3",
"inst": "u",
"f": {"lang": "akk-x-neoass",
"form": "mi-x",
"pos": "u"}
}
,
{
"node": "l",
"frag": "x",
"id": "P313547.l0129f",
"ref": "P313547.5.4",
"inst": "u",
"f": {"lang": "akk-x-neoass",
"form": "x",
"pos": "u"}
}
,
{
"node": "l",
"frag": "x",
"id": "P313547.l012a0",
"ref": "P313547.5.5",
"inst": "u",
"f": {"lang": "akk-x-neoass",
"form": "x",
"pos": "u"}
}
,
{
"node": "l",
"frag": "x",
"id": "P313547.l012a1",
"ref": "P313547.5.6",
"inst": "u",
"f": {"lang": "akk-x-neoass",
"form": "x",
"pos": "u"}
}
,
{
"node": "l",
"frag": "x",
"id": "P313547.l012a2",
"ref": "P313547.5.7",
"inst": "u",
"f": {"lang": "akk-x-neoass",
"form": "x",
"pos": "u"}
}
,
{
"node": "l",
"frag": "x",
"id": "P313547.l012a3",
"ref": "P313547.5.8",
"inst": "u",
"f": {"lang": "akk-x-neoass",
"form": "x",
"pos": "u"}
}
,
{
"node": "l",
"frag": "x]",
"id": "P313547.l012a4",
"ref": "P313547.5.9",
"inst": "u",
"f": {"lang": "akk-x-neoass",
"form": "x",
"pos": "u"}
}
,
{
"node": "d",
"type": "line-start",
"ref": "P313547.6",
"n": "4'",
"label": "o 4'"}
,
{
"node": "l",
"frag": "u₂-ma-a",
"id": "P313547.l012a5",
"ref": "P313547.6.1",
"inst": "ūmâ[now]AV",
"sig": "@saao/saa05%akk-x-neoass:u₂-ma-a=ūma[today//now]AV'AV$ūmâ",
"f": {"lang": "akk-x-neoass",
"form": "u₂-ma-a",
"cf": "ūma",
"gw": "today",
"sense": "now",
"norm": "ūmâ",
"pos": "AV",
"epos": "AV"}
}
,
{
"node": "l",
"frag": "LUGAL",
"id": "P313547.l012a6",
"ref": "P313547.6.2",
"inst": "šarru[king]N$",
"sig": "@saao/saa05%akk-x-neoass:LUGAL=šarru[king//king]N'N$šarru",
"f": {"lang": "akk-x-neoass",
"form": "LUGAL",
"cf": "šarru",
"gw": "king",
"sense": "king",
"norm": "šarru",
"pos": "N",
"epos": "N"}
}
,
{
"node": "l",
"frag": "EN",
"id": "P313547.l012a7",
"ref": "P313547.6.3",
"inst": "bēlī[lord]N",
"sig": "@saao/saa05%akk-x-neoass:EN=bēlu[lord//lord]N'N$bēlī",
"f": {"lang": "akk-x-neoass",
"form": "EN",
"cf": "bēlu",
"gw": "lord",
"sense": "lord",
"norm": "bēlī",
"pos": "N",
"epos": "N"}
}
,
{
"node": "l",
"frag": "[x",
"id": "P313547.l012a8",
"ref": "P313547.6.4",
"inst": "u",
"f": {"lang": "akk-x-neoass",
"form": "x",
"pos": "u"}
}
,
{
"node": "l",
"frag": "x",
"id": "P313547.l012a9",
"ref": "P313547.6.5",
"inst": "u",
"f": {"lang": "akk-x-neoass",
"form": "x",
"pos": "u"}
}
,
{
"node": "l",
"frag": "x",
"id": "P313547.l012aa",
"ref": "P313547.6.6",
"inst": "u",
"f": {"lang": "akk-x-neoass",
"form": "x",
"pos": "u"}
}
,
{
"node": "l",
"frag": "x",
"id": "P313547.l012ab",
"ref": "P313547.6.7",
"inst": "u",
"f": {"lang": "akk-x-neoass",
"form": "x",
"pos": "u"}
}
,
{
"node": "l",
"frag": "x",
"id": "P313547.l012ac",
"ref": "P313547.6.8",
"inst": "u",
"f": {"lang": "akk-x-neoass",
"form": "x",
"pos": "u"}
}
,
{
"node": "l",
"frag": "x]",
"id": "P313547.l012ad",
"ref": "P313547.6.9",
"inst": "u",
"f": {"lang": "akk-x-neoass",
"form": "x",
"pos": "u"}
}
,
{
"node": "d",
"type": "line-start",
"ref": "P313547.7",
"n": "5'",
"label": "o 5'"}
,
{
"node": "l",
"frag": "gi\\p",
"id": "P313547.l012ae",
"ref": "P313547.7.1",
"inst": "u",
"f": {"lang": "akk-x-neoass",
"form": "gi",
"pos": "u"}
}
,
{
"node": "l",
"frag": "is\\d",
"id": "P313547.l012af",
"ref": "P313547.7.2",
"inst": "u",
"f": {"lang": "akk-x-neoass",
"form": "is",
"pos": "u"}
}
,
{
"node": "l",
"frag": "li\\d",
"id": "P313547.l012b0",
"ref": "P313547.7.3",
"inst": "u",
"f": {"lang": "akk-x-neoass",
"form": "li",
"pos": "u"}
}
,
{
"node": "l",
"frag": "⸢x⸣+[x",
"id": "P313547.l012b1",
"ref": "P313547.7.4",
"inst": "u",
"f": {"lang": "akk-x-neoass",
"form": "x+x",
"pos": "u"}
}
,
{
"node": "l",
"frag": "x",
"id": "P313547.l012b2",
"ref": "P313547.7.5",
"inst": "u",
"f": {"lang": "akk-x-neoass",
"form": "x",
"pos": "u"}
}
,
{
"node": "l",
"frag": "x",
"id": "P313547.l012b3",
"ref": "P313547.7.6",
"inst": "u",
"f": {"lang": "akk-x-neoass",
"form": "x",
"pos": "u"}
}
,
{
"node": "l",
"frag": "x",
"id": "P313547.l012b4",
"ref": "P313547.7.7",
"inst": "u",
"f": {"lang": "akk-x-neoass",
"form": "x",
"pos": "u"}
}
,
{
"node": "l",
"frag": "x",
"id": "P313547.l012b5",
"ref": "P313547.7.8",
"inst": "u",
"f": {"lang": "akk-x-neoass",
"form": "x",
"pos": "u"}
}
,
{
"node": "l",
"frag": "x]",
"id": "P313547.l012b6",
"ref": "P313547.7.9",
"inst": "u",
"f": {"lang": "akk-x-neoass",
"form": "x",
"pos": "u"}
}
,
{
"node": "d",
"type": "line-start",
"ref": "P313547.8",
"n": "6'",
"label": "o 6'"}
,
{
"node": "l",
"frag": "URU-MEŠ\\m-ni\\d-ia",
"id": "P313547.l012b7",
"ref": "P313547.8.1",
"inst": "ālu[city//town]N$ālānīya",
"sig": "@saao/saa05%akk-x-neoass:URU-MEŠ-ni-ia=ālu[city//town]N'N$ālānīya",
"f": {"lang": "akk-x-neoass",
"form": "URU-MEŠ-ni-ia",
"cf": "ālu",
"gw": "city",
"sense": "town",
"norm": "ālānīya",
"pos": "N",
"epos": "N"}
}
,
{
"node": "l",
"frag": "i-[kaš-šu-du",
"id": "P313547.l012b8",
"ref": "P313547.8.2",
"inst": "kašādu[reach//conquer]V$ikaššudu",
"sig": "@saao/saa05%akk-x-neoass:i-kaš-šu-du=kašādu[reach//conquer]V'V$ikaššudu",
"f": {"lang": "akk-x-neoass",
"form": "i-kaš-šu-du",
"cf": "kašādu",
"gw": "reach",
"sense": "conquer",
"norm": "ikaššudu",
"pos": "V",
"epos": "V"}
}
,
{
"node": "l",
"frag": "ARAD-MEŠ\\m-ni\\d-ia₂]",
"id": "P313547.l012b9",
"ref": "P313547.8.3",
"inst": "ardu[slave//servant]N$urdānīya",
"sig": "@saao/saa05%akk-x-neoass:ARAD-MEŠ-ni-ia₂=ardu[slave//servant]N'N$urdānīya",
"f": {"lang": "akk-x-neoass",
"form": "ARAD-MEŠ-ni-ia₂",
"cf": "ardu",
"gw": "slave",
"sense": "servant",
"norm": "urdānīya",
"pos": "N",
"epos": "N"}
}
,
{
"node": "d",
"type": "line-start",
"ref": "P313547.9",
"n": "7'",
"label": "o 7'"}
,
{
"node": "l",
"frag": "ša\\ym",
"id": "P313547.l012ba",
"ref": "P313547.9.1",
"inst": "ša[that//who]REL$",
"sig": "@saao/saa05%akk-x-neoass:ša=ša[that//who]REL'REL$ša",
"f": {"lang": "akk-x-neoass",
"form": "ša",
"cf": "ša",
"gw": "that",
"sense": "who",
"norm": "ša",
"pos": "REL",
"epos": "REL"}
}
,
{
"node": "l",
"frag": "a-na\\dt",
"id": "P313547.l012bb",
"ref": "P313547.9.2",
"inst": "ana[to//for]PRP$",
"sig": "@saao/saa05%akk-x-neoass:a-na=ana[to//for]PRP'PRP$ana",
"f": {"lang": "akk-x-neoass",
"form": "a-na",
"cf": "ana",
"gw": "to",
"sense": "for",
"norm": "ana",
"pos": "PRP",
"epos": "PRP"}
}
,
{
"node": "l",
"frag": "na\\dt-gur₂-te",
"id": "P313547.l012bc",
"ref": "P313547.9.3",
"inst": "nāgurtu[hire?//hire]N$nāgurte",
"sig": "@saao/saa05%akk-x-neoass:na-gur₂-te=nāgurtu[hire?//hire]N'N$nāgurte",
"f": {"lang": "akk-x-neoass",
"form": "na-gur₂-te",
"cf": "nāgurtu",
"gw": "hire?",
"sense": "hire",
"norm": "nāgurte",
"pos": "N",
"epos": "N"}
}
,
{
"node": "l",
"frag": "[x",
"id": "P313547.l012bd",
"ref": "P313547.9.4",
"inst": "u",
"f": {"lang": "akk-x-neoass",
"form": "x",
"pos": "u"}
}
,
{
"node": "l",
"frag": "x",
"id": "P313547.l012be",
"ref": "P313547.9.5",
"inst": "u",
"f": {"lang": "akk-x-neoass",
"form": "x",
"pos": "u"}
}
,
{
"node": "l",
"frag": "il-li-ku-ni]",
"id": "P313547.l012bf",
"ref": "P313547.9.6",
"inst": "alāku[go]V$illikūni",
"sig": "@saao/saa05%akk-x-neoass:il-li-ku-ni=alāku[go//go]V'V$illikūni",
"f": {"lang": "akk-x-neoass",
"form": "il-li-ku-ni",
"cf": "alāku",
"gw": "go",
"sense": "go",
"norm": "illikūni",
"pos": "V",
"epos": "V"}
}
,
{
"node": "d",
"type": "line-start",
"ref": "P313547.10",
"n": "8'",
"label": "o 8'"}
,
{
"node": "l",
"frag": "u₂\\m-ṣab-bu\\t-tu₂",
"id": "P313547.l012c0",
"ref": "P313547.10.1",
"inst": "ṣabātu[seize]V$uṣabbutu",
"sig": "@saao/saa05%akk-x-neoass:u₂-ṣab-bu-tu₂=ṣabātu[seize//seize]V'V$uṣabbutu",
"f": {"lang": "akk-x-neoass",
"form": "u₂-ṣab-bu-tu₂",
"cf": "ṣabātu",
"gw": "seize",
"sense": "seize",
"norm": "uṣabbutu",
"pos": "V",
"epos": "V"}
}
,
{
"node": "l",
"frag": "{lu₂}GAL-[x",
"id": "P313547.l012c1",
"ref": "P313547.10.2",
"inst": "u",
"f": {"lang": "akk-x-neoass",
"form": "{LU₂}GAL-x",
"pos": "u"}
}
,
{
"node": "l",
"frag": "x",
"id": "P313547.l012c2",
"ref": "P313547.10.3",
"inst": "u",
"f": {"lang": "akk-x-neoass",
"form": "x",
"pos": "u"}
}
,
{
"node": "l",
"frag": "x",
"id": "P313547.l012c3",
"ref": "P313547.10.4",
"inst": "u",
"f": {"lang": "akk-x-neoass",
"form": "x",
"pos": "u"}
}
,
{
"node": "l",
"frag": "x",
"id": "P313547.l012c4",
"ref": "P313547.10.5",
"inst": "u",
"f": {"lang": "akk-x-neoass",
"form": "x",
"pos": "u"}
}
,
{
"node": "l",
"frag": "x]",
"id": "P313547.l012c5",
"ref": "P313547.10.6",
"inst": "u",
"f": {"lang": "akk-x-neoass",
"form": "x",
"pos": "u"}
}
,
{
"node": "d",
"type": "line-start",
"ref": "P313547.11",
"n": "9'",
"label": "o 9'"}
,
{
"node": "l",
"frag": "šu-tu₂",
"id": "P313547.l012c6",
"ref": "P313547.11.1",
"inst": "šūtu[he]IP$",
"sig": "@saao/saa05%akk-x-neoass:šu-tu₂=šūtu[he//he]IP'IP$šūtu",
"f": {"lang": "akk-x-neoass",
"form": "šu-tu₂",
"cf": "šūtu",
"gw": "he",
"sense": "he",
"norm": "šūtu",
"pos": "IP",
"epos": "IP"}
}
,
{
"node": "c",
"type": "phrase",
"tag": "phr",
"id": "P313547.U4",
"ref": "P313547.ls00000",
"cdl": [
{
"node": "l",
"frag": "ina",
"id": "P313547.l012c7",
"ref": "P313547.11.2",
"inst": "ina[in+=on account of]PRP",
"sig": "@saao/saa05%akk-x-neoass:ina=ina[in//in]PRP'PRP$ina",
"f": {"lang": "akk-x-neoass",
"form": "ina",
"cf": "ina",
"gw": "in",
"sense": "in",
"norm": "ina",
"pos": "PRP",
"epos": "PRP"}
}
,
{
"node": "l",
"frag": "UGU",
"id": "P313547.l012c8",
"ref": "P313547.11.3",
"inst": "muhhi[skull]N",
"sig": "@saao/saa05%akk-x-neoass:UGU=muhhu[skull//skull]N'N$muhhi",
"f": {"lang": "akk-x-neoass",
"form": "UGU",
"cf": "muhhu",
"gw": "skull",
"sense": "skull",
"norm": "muhhi",
"pos": "N",
"epos": "N"}
}
]}
,
{
"node": "l",
"frag": "man-ni\\d",
"id": "P313547.l012c9",
"ref": "P313547.11.4",
"inst": "mannu[who?]QP$manni",
"sig": "@saao/saa05%akk-x-neoass:man-ni=mannu[who?//who?]QP'QP$manni",
"f": {"lang": "akk-x-neoass",
"form": "man-ni",
"cf": "mannu",
"gw": "who?",
"sense": "who?",
"norm": "manni",
"pos": "QP",
"epos": "QP"}
}
,
{
"node": "l",
"frag": "⸢ina⸣",
"id": "P313547.l012ca",
"ref": "P313547.11.5",
"inst": "ina[in]PRP",
"sig": "@saao/saa05%akk-x-neoass:ina=ina[in//in]PRP'PRP$ina",
"f": {"lang": "akk-x-neoass",
"form": "ina",
"cf": "ina",
"gw": "in",
"sense": "in",
"norm": "ina",
"pos": "PRP",
"epos": "PRP"}
}
,
{
"node": "l",
"frag": "[x",
"id": "P313547.l012cb",
"ref": "P313547.11.6",
"inst": "u",
"f": {"lang": "akk-x-neoass",
"form": "x",
"pos": "u"}
}
,
{
"node": "l",
"frag": "x",
"id": "P313547.l012cc",
"ref": "P313547.11.7",
"inst": "u",
"f": {"lang": "akk-x-neoass",
"form": "x",
"pos": "u"}
}
,
{
"node": "l",
"frag": "x",
"id": "P313547.l012cd",
"ref": "P313547.11.8",
"inst": "u",
"f": {"lang": "akk-x-neoass",
"form": "x",
"pos": "u"}
}
,
{
"node": "l",
"frag": "x]",
"id": "P313547.l012ce",
"ref": "P313547.11.9",
"inst": "u",
"f": {"lang": "akk-x-neoass",
"form": "x",
"pos": "u"}
}
,
{
"node": "d",
"type": "line-start",
"ref": "P313547.12",
"n": "10'",
"label": "o 10'"}
,
{
"node": "c",
"type": "phrase",
"tag": "phr",
"id": "P313547.U5",
"ref": "P313547.ls00001",
"cdl": [
{
"node": "l",
"frag": "TA",
"id": "P313547.l012cf",
"ref": "P313547.12.1",
"inst": "issu[from+=from]PRP",
"sig": "@saao/saa05%akk-x-neoass:TA=ištu[from//from]PRP'PRP$issu",
"f": {"lang": "akk-x-neoass",
"form": "TA",
"cf": "ištu",
"gw": "from",
"sense": "from",
"norm": "issu",
"pos": "PRP",
"epos": "PRP"}
}
,
{
"node": "l",
"frag": "IGI",
"id": "P313547.l012d0",
"ref": "P313547.12.2",
"inst": "pānu[front]N$pān",
"sig": "@saao/saa05%akk-x-neoass:IGI=pānu[front//front]N'N$pān",
"f": {"lang": "akk-x-neoass",
"form": "IGI",
"cf": "pānu",
"gw": "front",
"sense": "front",
"norm": "pān",
"pos": "N",
"epos": "N"}
}
]}
,
{
"node": "l",
"frag": "{1}a-ši-pa-a",
"id": "P313547.l012d1",
"ref": "P313547.12.3",
"inst": "Ašipa[1]PN",
"sig": "@saao/saa05%akk-x-neoass:{1}a-ši-pa-a=Ašipa[1//1]PN'PN$Ašipa",
"f": {"lang": "akk-x-neoass",
"form": "{1}a-ši-pa-a",
"cf": "Ašipa",
"gw": "1",
"sense": "1",
"norm": "Ašipa",
"pos": "PN",
"epos": "PN"}
}
,
{
"node": "l",
"frag": "u₂\\m-⸢x⸣+[x",
"id": "P313547.l012d2",
"ref": "P313547.12.4",
"inst": "u",
"f": {"lang": "akk-x-neoass",
"form": "u₂-x+x",
"pos": "u"}
}
,
{
"node": "l",
"frag": "x",
"id": "P313547.l012d3",
"ref": "P313547.12.5",
"inst": "u",
"f": {"lang": "akk-x-neoass",
"form": "x",
"pos": "u"}
}
,
{
"node": "l",
"frag": "x",
"id": "P313547.l012d4",
"ref": "P313547.12.6",
"inst": "u",
"f": {"lang": "akk-x-neoass",
"form": "x",
"pos": "u"}
}
,
{
"node": "l",
"frag": "x]",
"id": "P313547.l012d5",
"ref": "P313547.12.7",
"inst": "u",
"f": {"lang": "akk-x-neoass",
"form": "x",
"pos": "u"}
}
,
{
"node": "d",
"type": "line-start",
"ref": "P313547.13",
"n": "11'",
"label": "o 11'"}
,
{
"node": "l",
"frag": "URU-MEŠ\\m-ni\\d",
"id": "P313547.l012d6",
"ref": "P313547.13.1",
"inst": "ālāni[town]N",
"sig": "@saao/saa05%akk-x-neoass:URU-MEŠ-ni=ālu[city//town]N'N$ālāni",
"f": {"lang": "akk-x-neoass",
"form": "URU-MEŠ-ni",
"cf": "ālu",
"gw": "city",
"sense": "town",
"norm": "ālāni",
"pos": "N",
"epos": "N"}
}
,
{
"node": "l",
"frag": "i-kaš-šad",
"id": "P313547.l012d7",
"ref": "P313547.13.2",
"inst": "kašādu[reach//conquer]V$ikaššad",
"sig": "@saao/saa05%akk-x-neoass:i-kaš-šad=kašādu[reach//conquer]V'V$ikaššad",
"f": {"lang": "akk-x-neoass",
"form": "i-kaš-šad",
"cf": "kašādu",
"gw": "reach",
"sense": "conquer",
"norm": "ikaššad",
"pos": "V",
"epos": "V"}
}
,
{
"node": "l",
"frag": "ARAD-MEŠ\\m-ni\\d-ia₂",
"id": "P313547.l012d8",
"ref": "P313547.13.3",
"inst": "urdānīya[servant]N",
"sig": "@saao/saa05%akk-x-neoass:ARAD-MEŠ-ni-ia₂=ardu[slave//servant]N'N$urdānīya",
"f": {"lang": "akk-x-neoass",
"form": "ARAD-MEŠ-ni-ia₂",
"cf": "ardu",
"gw": "slave",
"sense": "servant",
"norm": "urdānīya",
"pos": "N",
"epos": "N"}
}
,
{
"node": "l",
"frag": "u₂\\m-⸢kaš⸣-[ša-da]",
"id": "P313547.l012d9",
"ref": "P313547.13.4",
"inst": "kašādu[reach//drive away]V$ukaššāda",
"sig": "@saao/saa05%akk-x-neoass:u₂-kaš-ša-da=kašādu[reach//drive away]V'V$ukaššāda",
"f": {"lang": "akk-x-neoass",
"form": "u₂-kaš-ša-da",
"cf": "kašādu",
"gw": "reach",
"sense": "drive away",
"norm": "ukaššāda",
"pos": "V",
"epos": "V"}
}
,
{
"node": "d",
"type": "line-start",
"ref": "P313547.14",
"n": "12'",
"label": "o 12'"}
,
{
"node": "l",
"frag": "a-šab-bar",
"id": "P313547.l012da",
"ref": "P313547.14.1",
"inst": "šapāru[send//write]V$ašabbar",
"sig": "@saao/saa05%akk-x-neoass:a-šab-bar=šapāru[send//write]V'V$ašabbar",
"f": {"lang": "akk-x-neoass",
"form": "a-šab-bar",
"cf": "šapāru",
"gw": "send",
"sense": "write",
"norm": "ašabbar",
"pos": "V",
"epos": "V"}
}
,
{
"node": "l",
"frag": "muk",
"id": "P313547.l012db",
"ref": "P313547.14.2",
"inst": "muk[saying]PRP$",
"sig": "@saao/saa05%akk-x-neoass:muk=muk[saying//saying]PRP'PRP$muk",
"f": {"lang": "akk-x-neoass",
"form": "muk",
"cf": "muk",
"gw": "saying",
"sense": "saying",
"norm": "muk",
"pos": "PRP",
"epos": "PRP"}
}
,
{
"node": "l",
"frag": "a-le\\tt-e",
"id": "P313547.l012dc",
"ref": "P313547.14.3",
"inst": "ali[where?]QP$alê",
"sig": "@saao/saa05%akk-x-neoass:a-le-e=ali[where?//where?]QP'QP$alê",
"f": {"lang": "akk-x-neoass",
"form": "a-le-e",
"cf": "ali",
"gw": "where?",
"sense": "where?",
"norm": "alê",
"pos": "QP",
"epos": "QP"}
}
,
{
"node": "l",
"frag": "mi₃-⸢lik⸣-[ka",
"id": "P313547.l012dd",
"ref": "P313547.14.4",
"inst": "milku[advice//sense]N$milikka",
"sig": "@saao/saa05%akk-x-neoass:mi₃-lik-ka=milku[advice//sense]N'N$milikka",
"f": {"lang": "akk-x-neoass",
"form": "mi₃-lik-ka",
"cf": "milku",
"gw": "advice",
"sense": "sense",
"norm": "milikka",
"pos": "N",
"epos": "N"}
}
,
{
"node": "l",
"frag": "o]",
"id": "P313547.l012de",
"ref": "P313547.14.5",
"inst": "u",
"f": {"lang": "akk-x-neoass",
"form": "o",
"pos": "u"}
}
,
{
"node": "d",
"type": "line-start",
"ref": "P313547.15",
"n": "13'",
"label": "o 13'"}
,
{
"node": "l",
"frag": "ṭe₃\\p-mu-ma\\p",
"id": "P313547.l012df",
"ref": "P313547.15.1",
"inst": "ṭēmu[(fore)thought//report]N$ṭēmumma",
"sig": "@saao/saa05%akk-x-neoass:ṭe₃-mu-ma=ṭēmu[(fore)thought//report]N'N$ṭēmumma",
"f": {"lang": "akk-x-neoass",
"form": "ṭe₃-mu-ma",
"cf": "ṭēmu",
"gw": "(fore)thought",
"sense": "report",
"norm": "ṭēmumma",
"pos": "N",
"epos": "N"}
}
,
{
"node": "l",
"frag": "la",
"id": "P313547.l012e0",
"ref": "P313547.15.2",
"inst": "lā[not]MOD",
"sig": "@saao/saa05%akk-x-neoass:la=lā[not//not]MOD'MOD$lā",
"f": {"lang": "akk-x-neoass",
"form": "la",
"cf": "lā",
"gw": "not",
"sense": "not",
"norm": "lā",
"pos": "MOD",
"epos": "MOD"}
}
,
{
"node": "l",
"frag": "i-šak\\tt-kan",
"id": "P313547.l012e1",
"ref": "P313547.15.3",
"inst": "šakānu[put//place]V$išakkan",
"sig": "@saao/saa05%akk-x-neoass:i-šak-kan=šakānu[put//place]V'V$išakkan",
"f": {"lang": "akk-x-neoass",
"form": "i-šak-kan",
"cf": "šakānu",
"gw": "put",
"sense": "place",
"norm": "išakkan",
"pos": "V",
"epos": "V"}
}
,
{
"node": "l",
"frag": "{lu₂vy}kal-[la-bu]",
"id": "P313547.l012e2",
"ref": "P313547.15.4",
"inst": "kallāpu[outrider]N$kallābu",
"sig": "@saao/saa05%akk-x-neoass:{LU₂}kal-la-bu=kallāpu[outrider//outrider]N'N$kallābu",
"f": {"lang": "akk-x-neoass",
"form": "{LU₂}kal-la-bu",
"cf": "kallāpu",
"gw": "outrider",
"sense": "outrider",
"norm": "kallābu",
"pos": "N",
"epos": "N"}
}
,
{
"node": "d",
"type": "line-start",
"ref": "P313547.16",
"n": "14'",
"label": "o 14'"}
,
{
"node": "l",
"frag": "ša\\y",
"id": "P313547.l012e3",
"ref": "P313547.16.1",
"inst": "ša[that//who]REL$",
"sig": "@saao/saa05%akk-x-neoass:ša=ša[that//who]REL'REL$ša",
"f": {"lang": "akk-x-neoass",
"form": "ša",
"cf": "ša",
"gw": "that",
"sense": "who",
"norm": "ša",
"pos": "REL",
"epos": "REL"}
}
,
{
"node": "c",
"type": "phrase",
"tag": "phr",
"id": "P313547.U6",
"ref": "P313547.ls00002",
"cdl": [
{
"node": "l",
"frag": "ina",
"id": "P313547.l012e4",
"ref": "P313547.16.2",
"inst": "ina[in+=in the presence of]PRP",
"sig": "@saao/saa05%akk-x-neoass:ina=ina[in//in]PRP'PRP$ina",
"f": {"lang": "akk-x-neoass",
"form": "ina",
"cf": "ina",
"gw": "in",
"sense": "in",
"norm": "ina",
"pos": "PRP",
"epos": "PRP"}
}
,
{
"node": "l",
"frag": "IGI-ia",
"id": "P313547.l012e5",
"ref": "P313547.16.3",
"inst": "pānu[front]N$pānīya",
"sig": "@saao/saa05%akk-x-neoass:IGI-ia=pānu[front//front]N'N$pānīya",
"f": {"lang": "akk-x-neoass",
"form": "IGI-ia",
"cf": "pānu",
"gw": "front",
"sense": "front",
"norm": "pānīya",
"pos": "N",
"epos": "N"}
}
]}
,
{
"node": "l",
"frag": "LUGAL",
"id": "P313547.l012e6",
"ref": "P313547.16.4",
"inst": "šarru[king]N",
"sig": "@saao/saa05%akk-x-neoass:LUGAL=šarru[king//king]N'N$šarru",
"f": {"lang": "akk-x-neoass",
"form": "LUGAL",
"cf": "šarru",
"gw": "king",
"sense": "king",
"norm": "šarru",
"pos": "N",
"epos": "N"}
}
,
{
"node": "l",
"frag": "ip-⸢qi\\t⸣-[du]-ni",
"id": "P313547.l012e7",
"ref": "P313547.16.5",
"inst": "paqādu[entrust//appoint]V$ipqidūni",
"sig": "@saao/saa05%akk-x-neoass:ip-qi-du-ni=paqādu[entrust//appoint]V'V$ipqidūni",
"f": {"lang": "akk-x-neoass",
"form": "ip-qi-du-ni",
"cf": "paqādu",
"gw": "entrust",
"sense": "appoint",
"norm": "ipqidūni",
"pos": "V",
"epos": "V"}
}
,
{
"node": "l",
"frag": "[o]",
"id": "P313547.l012e8",
"ref": "P313547.16.6",
"inst": "u",
"f": {"lang": "akk-x-neoass",
"form": "o",
"pos": "u"}
}
,
{
"node": "d",
"type": "line-start",
"ref": "P313547.17",
"n": "15'",
"label": "o 15'"}
,
{
"node": "l",
"frag": "03-šu₂",
"id": "P313547.l012e9",
"ref": "P313547.17.1",
"inst": "šalāšīšu[three times]AV",
"sig": "@saao/saa05%akk-x-neoass:03-šu₂=šalāšī-[three times//three times]AV'AV$šalāšīšu",
"f": {"lang": "akk-x-neoass",
"form": "03-šu₂",
"cf": "šalāšī-",
"gw": "three times",
"sense": "three times",
"norm": "šalāšīšu",
"pos": "AV",
"epos": "AV"}
}
,
{
"node": "l",
"frag": "04-šu₂",
"id": "P313547.l012ea",
"ref": "P313547.17.2",
"inst": "erbêšu[four times]AV$arbīšu",
"sig": "@saao/saa05%akk-x-neoass:04-šu₂=erbêšu[four times//four times]AV'AV$arbīšu",
"f": {"lang": "akk-x-neoass",
"form": "04-šu₂",
"cf": "erbêšu",
"gw": "four times",
"sense": "four times",
"norm": "arbīšu",
"pos": "AV",
"epos": "AV"}
}
,
{
"node": "l",
"frag": "TA",
"id": "P313547.l012eb",
"ref": "P313547.17.3",
"inst": "išti[with]PRP$issi",
"sig": "@saao/saa05%akk-x-neoass:TA=išti[with//with]PRP'PRP$issi",
"f": {"lang": "akk-x-neoass",
"form": "TA",
"cf": "išti",
"gw": "with",
"sense": "with",
"norm": "issi",
"pos": "PRP",
"epos": "PRP"}
}
,
{
"node": "l",
"frag": "{lu₂vy}A-KIN\\tm-ia₂",
"id": "P313547.l012ec",
"ref": "P313547.17.4",
"cof-tails": "P313547.l012ed",
"inst": "māru[son]N$mār&šipru[sending]N$šiprīya",
"sig": "@saao/saa05%akk-x-neoass:{LU₂}A-KIN-ia₂=māru[son//son]N'N$mār&&@saao%akk-x-neoass:=šipru[sending//sending]N'N$šiprīya",
"f": {"lang": "akk-x-neoass",
"form": "{LU₂}A-KIN-ia₂",
"cf": "māru",
"gw": "son",
"sense": "son",
"norm": "mār",
"pos": "N",
"epos": "N"}
}
,
{
"node": "l",
"frag": "{lu₂vy}A-KIN\\tm-ia₂",
"id": "P313547.l012ed",
"ref": "P313547.17.4",
"cof-head": "P313547.l012ec",
"inst": "māru[son]N$mār&šipru[sending]N$šiprīya",
"tail-sig": "@saao%akk-x-neoass:=šipru[sending//sending]N'N$šiprīya",
"f": {"lang": "akk-x-neoass",
"form": "{LU₂}A-KIN-ia₂",
"cf": "šipru",
"gw": "sending",
"sense": "sending",
"norm": "šiprīya",
"pos": "N",
"epos": "N"}
}
,
{
"node": "l",
"frag": "[a-sa-bar]",
"id": "P313547.l012ee",
"ref": "P313547.17.5",
"inst": "šapāru[send]V$assabar",
"sig": "@saao/saa05%akk-x-neoass:a-sa-bar=šapāru[send//send]V'V$assabar",
"f": {"lang": "akk-x-neoass",
"form": "a-sa-bar",
"cf": "šapāru",
"gw": "send",
"sense": "send",
"norm": "assabar",
"pos": "V",
"epos": "V"}
}
,
{
"node": "d",
"type": "line-start",
"ref": "P313547.18",
"n": "16'",
"label": "o 16'"}
,
{
"node": "l",
"frag": "ba\\t-ši-iʾ",
"id": "P313547.l012ef",
"ref": "P313547.18.1",
"inst": "bāšû[existing]AJ$bašiʾ",
"sig": "@saao/saa05%akk-x-neoass:ba-ši-iʾ=bāšû[existing//existing]AJ'AJ$bašiʾ",
"f": {"lang": "akk-x-neoass",
"form": "ba-ši-iʾ",
"cf": "bāšû",
"gw": "existing",
"sense": "existing",
"norm": "bašiʾ",
"pos": "AJ",
"epos": "AJ"}
}
,
{
"node": "l",
"frag": "ṭe₃-mu-ma",
"id": "P313547.l012f0",
"ref": "P313547.18.2",
"inst": "ṭēmu[(fore)thought//report]N$ṭēmumma",
"sig": "@saao/saa05%akk-x-neoass:ṭe₃-mu-ma=ṭēmu[(fore)thought//report]N'N$ṭēmumma",
"f": {"lang": "akk-x-neoass",
"form": "ṭe₃-mu-ma",
"cf": "ṭēmu",
"gw": "(fore)thought",
"sense": "report",
"norm": "ṭēmumma",
"pos": "N",
"epos": "N"}
}
,
{
"node": "l",
"frag": "la",
"id": "P313547.l012f1",
"ref": "P313547.18.3",
"inst": "lā[not]MOD",
"sig": "@saao/saa05%akk-x-neoass:la=lā[not//not]MOD'MOD$lā",
"f": {"lang": "akk-x-neoass",
"form": "la",
"cf": "lā",
"gw": "not",
"sense": "not",
"norm": "lā",
"pos": "MOD",
"epos": "MOD"}
}
,
{
"node": "l",
"frag": "[iš-kun]",
"id": "P313547.l012f2",
"ref": "P313547.18.4",
"inst": "šakānu[put//place]V$iškun",
"sig": "@saao/saa05%akk-x-neoass:iš-kun=šakānu[put//place]V'V$iškun",
"f": {"lang": "akk-x-neoass",
"form": "iš-kun",
"cf": "šakānu",
"gw": "put",
"sense": "place",
"norm": "iškun",
"pos": "V",
"epos": "V"}
}
,
{
"node": "d",
"type": "line-start",
"ref": "P313547.19",
"n": "17'",
"label": "o 17'"}
,
{
"node": "l",
"frag": "a-na\\dt",
"id": "P313547.l012f3",
"ref": "P313547.19.1",
"inst": "ana[to]PRP",
"sig": "@saao/saa05%akk-x-neoass:a-na=ana[to//to]PRP'PRP$ana",
"f": {"lang": "akk-x-neoass",
"form": "a-na",
"cf": "ana",
"gw": "to",
"sense": "to",
"norm": "ana",
"pos": "PRP",
"epos": "PRP"}
}
,
{
"node": "l",
"frag": "{lu₂vy}A-KIN\\t-ia₂",
"id": "P313547.l012f4",
"ref": "P313547.19.2",
"cof-tails": "P313547.l012f5",
"inst": "māru[son]N$mār&šipru[sending]N$šiprīya",
"sig": "@saao/saa05%akk-x-neoass:{LU₂}A-KIN-ia₂=māru[son//son]N'N$mār&&@saao%akk-x-neoass:=šipru[sending//sending]N'N$šiprīya",
"f": {"lang": "akk-x-neoass",
"form": "{LU₂}A-KIN-ia₂",
"cf": "māru",
"gw": "son",
"sense": "son",
"norm": "mār",
"pos": "N",
"epos": "N"}
}
,
{
"node": "l",
"frag": "{lu₂vy}A-KIN\\t-ia₂",
"id": "P313547.l012f5",
"ref": "P313547.19.2",
"cof-head": "P313547.l012f4",
"inst": "māru[son]N$mār&šipru[sending]N$šiprīya",
"tail-sig": "@saao%akk-x-neoass:=šipru[sending//sending]N'N$šiprīya",
"f": {"lang": "akk-x-neoass",
"form": "{LU₂}A-KIN-ia₂",
"cf": "šipru",
"gw": "sending",
"sense": "sending",
"norm": "šiprīya",
"pos": "N",
"epos": "N"}
}
,
{
"node": "l",
"frag": "u₂\\m-ti-[ra]",
"id": "P313547.l012f6",
"ref": "P313547.19.3",
"inst": "târu[turn//return]V$uttīra",
"sig": "@saao/saa05%akk-x-neoass:u₂-ti-ra=târu[turn//return]V'V$uttīra",
"f": {"lang": "akk-x-neoass",
"form": "u₂-ti-ra",
"cf": "târu",
"gw": "turn",
"sense": "return",
"norm": "uttīra",
"pos": "V",
"epos": "V"}
}
,
{
"node": "d",
"subtype": "bottom",
"type": "surface",
"ref": "P313547.b.e..20",
"type": "bottom",
"label": "b.e."}
,
{
"node": "d",
"type": "line-start",
"ref": "P313547.21",
"n": "18'",
"label": "b.e. 18'"}
,
{
"node": "d",
"type": "nonw",
"ref": ""}
,
{
"node": "l",
"frag": "ma",
"id": "P313547.l012f7",
"ref": "P313547.21.1",
"inst": "mā[saying]PRP",
"sig": "@saao/saa05%akk-x-neoass:ma=mā[saying//saying]PRP'PRP$mā",
"f": {"lang": "akk-x-neoass",
"form": "ma",
"cf": "mā",
"gw": "saying",
"sense": "saying",
"norm": "mā",
"pos": "PRP",
"epos": "PRP"}
}
,
{
"node": "l",
"frag": "a-ṣa-bat",
"id": "P313547.l012f8",
"ref": "P313547.21.2",
"inst": "ṣabātu[seize]V$aṣabbat",
"sig": "@saao/saa05%akk-x-neoass:a-ṣa-bat=ṣabātu[seize//seize]V'V$aṣabbat",
"f": {"lang": "akk-x-neoass",
"form": "a-ṣa-bat",
"cf": "ṣabātu",
"gw": "seize",
"sense": "seize",
"norm": "aṣabbat",
"pos": "V",
"epos": "V"}
}
,
{
"node": "c",
"type": "phrase",
"tag": "phr",
"id": "P313547.U7",
"ref": "P313547.ls00003",
"cdl": [
{
"node": "l",
"frag": "ina",
"id": "P313547.l012f9",
"ref": "P313547.21.3",
"inst": "ina[in+=in]PRP",
"sig": "@saao/saa05%akk-x-neoass:ina=ina[in//in]PRP'PRP$ina",
"f": {"lang": "akk-x-neoass",
"form": "ina",
"cf": "ina",
"gw": "in",
"sense": "in",
"norm": "ina",
"pos": "PRP",
"epos": "PRP"}
}
,
{
"node": "l",
"frag": "ŠA₃",
"id": "P313547.l012fa",
"ref": "P313547.21.4",
"inst": "libbu[interior]N$libbi",
"sig": "@saao/saa05%akk-x-neoass:ŠA₃=libbu[interior//interior]N'N$libbi",
"f": {"lang": "akk-x-neoass",
"form": "ŠA₃",
"cf": "libbu",
"gw": "interior",
"sense": "interior",
"norm": "libbi",
"pos": "N",
"epos": "N"}
}
]}
,
{
"node": "l",
"frag": "si-⸢bar⸣-[ri]",
"id": "P313547.l012fb",
"ref": "P313547.21.5",
"inst": "siparru[bronze//shackles]N$sibarri",
"sig": "@saao/saa05%akk-x-neoass:si-bar-ri=siparru[bronze//shackles]N'N$sibarri",
"f": {"lang": "akk-x-neoass",
"form": "si-bar-ri",
"cf": "siparru",
"gw": "bronze",
"sense": "shackles",
"norm": "sibarri",
"pos": "N",
"epos": "N"}
}
,
{
"node": "d",
"type": "line-start",
"ref": "P313547.22",
"n": "19'",
"label": "b.e. 19'"}
,
{
"node": "d",
"type": "nonw",
"ref": ""}
,
{
"node": "l",
"frag": "e-si-ip-ka",
"id": "P313547.l012fc",
"ref": "P313547.22.1",
"inst": "eṣēpu[double]V$eṣṣipka",
"sig": "@saao/saa05%akk-x-neoass:e-si-ip-ka=eṣēpu[double//double]V'V$eṣṣipka",
"f": {"lang": "akk-x-neoass",
"form": "e-si-ip-ka",
"cf": "eṣēpu",
"gw": "double",
"sense": "double",
"norm": "eṣṣipka",
"pos": "V",
"epos": "V"}
}
,
{
"node": "d",
"type": "nonx",
"ref": "P313547.23",
"strict": "1",
"extent": "n",
"scope": "space",
"state": "blank"}
,
{
"node": "d",
"subtype": "reverse",
"type": "surface",
"ref": "P313547.r.24",
"type": "reverse",
"label": "r"}
,
{
"node": "d",
"type": "line-start",
"ref": "P313547.25",
"n": "1",
"label": "r 1"}
,
{
"node": "l",
"frag": "{lu₂vy}02-i-šu₂",
"id": "P313547.l012fd",
"ref": "P313547.25.1",
"inst": "šanû[second//deputy]NU'N$šanîšu",
"sig": "@saao/saa05%akk-x-neoass:{LU₂}02-i-šu₂=šanû[second//deputy]NU'N$šanîšu",
"f": {"lang": "akk-x-neoass",
"form": "{LU₂}02-i-šu₂",
"cf": "šanû",
"gw": "second",
"sense": "deputy",
"norm": "šanîšu",
"pos": "NU",
"epos": "N"}
}
,
{
"node": "c",
"type": "phrase",
"tag": "phr",
"id": "P313547.U8",
"ref": "P313547.ls00004",
"cdl": [
{
"node": "l",
"frag": "ina",
"id": "P313547.l012fe",
"ref": "P313547.25.2",
"inst": "ina[in+=in the presence of]PRP",
"sig": "@saao/saa05%akk-x-neoass:ina=ina[in//in]PRP'PRP$ina",
"f": {"lang": "akk-x-neoass",
"form": "ina",
"cf": "ina",
"gw": "in",
"sense": "in",
"norm": "ina",
"pos": "PRP",
"epos": "PRP"}
}
,
{
"node": "l",
"frag": "IGI-šu₂",
"id": "P313547.l012ff",
"ref": "P313547.25.3",
"inst": "pānu[front]N$pānīšu",
"sig": "@saao/saa05%akk-x-neoass:IGI-šu₂=pānu[front//front]N'N$pānīšu",
"f": {"lang": "akk-x-neoass",
"form": "IGI-šu₂",
"cf": "pānu",
"gw": "front",
"sense": "front",
"norm": "pānīšu",
"pos": "N",
"epos": "N"}
}
]}
,
{
"node": "l",
"frag": "i-za-za",
"id": "P313547.l01300",
"ref": "P313547.25.4",
"inst": "izuzzu[stand]V$izzaza",
"sig": "@saao/saa05%akk-x-neoass:i-za-za=izuzzu[stand//stand]V'V$izzaza",
"f": {"lang": "akk-x-neoass",
"form": "i-za-za",
"cf": "izuzzu",
"gw": "stand",
"sense": "stand",
"norm": "izzaza",
"pos": "V",
"epos": "V"}
}
,
{
"node": "d",
"type": "line-start",
"ref": "P313547.26",
"n": "2",
"label": "r 2"}
,
{
"node": "l",
"frag": "a.a-ši",
"id": "P313547.l01301",
"ref": "P313547.26.1",
"inst": "yâšim[to me//me]IP$ayāši",
"sig": "@saao/saa05%akk-x-neoass:a.a-ši=yâšim[to me//me]IP'IP$ayāši",
"f": {"lang": "akk-x-neoass",
"form": "a.a-ši",
"cf": "yâšim",
"gw": "to me",
"sense": "me",
"norm": "ayāši",
"pos": "IP",
"epos": "IP"}
}
,
{
"node": "l",
"frag": "a-di\\d",
"id": "P313547.l01302",
"ref": "P313547.26.2",
"inst": "adi[until//with]PRP$",
"sig": "@saao/saa05%akk-x-neoass:a-di=adi[until//with]PRP'PRP$adi",
"f": {"lang": "akk-x-neoass",
"form": "a-di",
"cf": "adi",
"gw": "until",
"sense": "with",
"norm": "adi",
"pos": "PRP",
"epos": "PRP"}
}
,
{
"node": "l",
"frag": "KUR-ia",
"id": "P313547.l01303",
"ref": "P313547.26.3",
"inst": "mātīya[land]N",
"sig": "@saao/saa05%akk-x-neoass:KUR-ia=mātu[land//land]N'N$mātīya",
"f": {"lang": "akk-x-neoass",
"form": "KUR-ia",
"cf": "mātu",
"gw": "land",
"sense": "land",
"norm": "mātīya",
"pos": "N",
"epos": "N"}
}
,
{
"node": "l",
"frag": "i-na\\dt-zi-ra-a-ni",
"id": "P313547.l01304",
"ref": "P313547.26.4",
"inst": "nazāru[curse]V$inazziranni",
"sig": "@saao/saa05%akk-x-neoass:i-na-zi-ra-a-ni=nazāru[curse//curse]V'V$inazziranni",
"f": {"lang": "akk-x-neoass",
"form": "i-na-zi-ra-a-ni",
"cf": "nazāru",
"gw": "curse",
"sense": "curse",
"norm": "inazziranni",
"pos": "V",
"epos": "V"}
}
,
{
"node": "d",
"type": "line-start",
"ref": "P313547.27",
"n": "3",
"label": "r 3"}
,
{
"node": "l",
"frag": "LUGAL",
"id": "P313547.l01305",
"ref": "P313547.27.1",
"inst": "šarru[king]N$",
"sig": "@saao/saa05%akk-x-neoass:LUGAL=šarru[king//king]N'N$šarru",
"f": {"lang": "akk-x-neoass",
"form": "LUGAL",
"cf": "šarru",
"gw": "king",
"sense": "king",
"norm": "šarru",
"pos": "N",
"epos": "N"}
}
,
{
"node": "l",
"frag": "EN",
"id": "P313547.l01306",
"ref": "P313547.27.2",
"inst": "bēlī[lord]N",
"sig": "@saao/saa05%akk-x-neoass:EN=bēlu[lord//lord]N'N$bēlī",
"f": {"lang": "akk-x-neoass",
"form": "EN",
"cf": "bēlu",
"gw": "lord",
"sense": "lord",
"norm": "bēlī",
"pos": "N",
"epos": "N"}
}
,
{
"node": "l",
"frag": "di-ib-bi",
"id": "P313547.l01307",
"ref": "P313547.27.3",
"inst": "dibbu[words]N$dibbī",
"sig": "@saao/saa05%akk-x-neoass:di-ib-bi=dibbu[words//words]N'N$dibbī",
"f": {"lang": "akk-x-neoass",
"form": "di-ib-bi",
"cf": "dibbu",
"gw": "words",
"sense": "words",
"norm": "dibbī",
"pos": "N",
"epos": "N"}
}
,
{
"node": "l",
"frag": "an-nu-te",
"id": "P313547.l01308",
"ref": "P313547.27.4",
"inst": "annūte[this]DP",
"sig": "@saao/saa05%akk-x-neoass:an-nu-te=annû[this//this]DP'DP$annūte",
"f": {"lang": "akk-x-neoass",
"form": "an-nu-te",
"cf": "annû",
"gw": "this",
"sense": "this",
"norm": "annūte",
"pos": "DP",
"epos": "DP"}
}
,
{
"node": "l",
"frag": "a-na\\dt",
"id": "P313547.l01309",
"ref": "P313547.27.5",
"inst": "ana[to]PRP",
"sig": "@saao/saa05%akk-x-neoass:a-na=ana[to//to]PRP'PRP$ana",
"f": {"lang": "akk-x-neoass",
"form": "a-na",
"cf": "ana",
"gw": "to",
"sense": "to",
"norm": "ana",
"pos": "PRP",
"epos": "PRP"}
}
,
{
"node": "l",
"frag": "{1}SUHUŠ\\p-{d}IGI.⸢DU⸣",
"id": "P313547.l0130a",
"ref": "P313547.27.6",
"inst": "Ubru-Palil[]PN$",
"sig": "@saao/saa05%akk-x-neoass:{1}SUHUŠ-{d}IGI.DU=Ubru-Palil[1//1]PN'PN$Ubru-Palil",
"f": {"lang": "akk-x-neoass",
"form": "{1}SUHUŠ-{d}IGI.DU",
"cf": "Ubru-Palil",
"gw": "1",
"sense": "1",
"norm": "Ubru-Palil",
"pos": "PN",
"epos": "PN"}
}
,
{
"node": "d",
"type": "line-start",
"ref": "P313547.28",
"n": "4",
"label": "r 4"}
,
{
"node": "l",
"frag": "liš\\d-al",
"id": "P313547.l0130b",
"ref": "P313547.28.1",
"inst": "šâlu[ask]V$lišʾal",
"sig": "@saao/saa05%akk-x-neoass:liš-al=šâlu[ask//ask]V'V$lišʾal",
"f": {"lang": "akk-x-neoass",
"form": "liš-al",
"cf": "šâlu",
"gw": "ask",
"sense": "ask",
"norm": "lišʾal",
"pos": "V",
"epos": "V"}
}
,
{
"node": "l",
"frag": "a-ta-a",
"id": "P313547.l0130c",
"ref": "P313547.28.2",
"inst": "atâ[why?]QP",
"sig": "@saao/saa05%akk-x-neoass:a-ta-a=atā[why?//why?]QP'QP$atâ",
"f": {"lang": "akk-x-neoass",
"form": "a-ta-a",
"cf": "atā",
"gw": "why?",
"sense": "why?",
"norm": "atâ",
"pos": "QP",
"epos": "QP"}
}
,
{
"node": "l",
"frag": "e-⸢hu-la",
"id": "P313547.l0130d",
"ref": "P313547.28.3",
"inst": "ehūla[(meaning unknown)]AV$",
"sig": "@saao/saa05%akk-x-neoass:e-hu-la=ehūla[(meaning unknown)//(meaning unknown)]AV'AV$ehūla",
"f": {"lang": "akk-x-neoass",
"form": "e-hu-la",
"cf": "ehūla",
"gw": "(meaning unknown)",
"sense": "(meaning unknown)",
"norm": "ehūla",
"pos": "AV",
"epos": "AV"}
}
,
{
"node": "l",
"frag": "x",
"id": "P313547.l0130e",
"ref": "P313547.28.4",
"inst": "u",
"f": {"lang": "akk-x-neoass",
"form": "x",
"pos": "u"}
}
,
{
"node": "l",
"frag": "x⸣",
"id": "P313547.l0130f",
"ref": "P313547.28.5",
"inst": "u",
"f": {"lang": "akk-x-neoass",
"form": "x",
"pos": "u"}
}
,
{
"node": "l",
"frag": "[x]+⸢x⸣-ni",
"id": "P313547.l01310",
"ref": "P313547.28.6",
"inst": "u",
"f": {"lang": "akk-x-neoass",
"form": "x+x-ni",
"pos": "u"}
}
,
{
"node": "d",
"type": "line-start",
"ref": "P313547.29",
"n": "5",
"label": "r 5"}
,
{
"node": "l",
"frag": "ki-i",
"id": "P313547.l01311",
"ref": "P313547.29.1",
"inst": "kî[in accordance with]PRP",
"sig": "@saao/saa05%akk-x-neoass:ki-i=kī[like//in accordance with]PRP'PRP$kî",
"f": {"lang": "akk-x-neoass",
"form": "ki-i",
"cf": "kī",
"gw": "like",
"sense": "in accordance with",
"norm": "kî",
"pos": "PRP",
"epos": "PRP"}
}
,
{
"node": "l",
"frag": "ša\\yd",
"id": "P313547.l01312",
"ref": "P313547.29.2",
"inst": "ša[that]REL$",
"sig": "@saao/saa05%akk-x-neoass:ša=ša[that//that]REL'REL$ša",
"f": {"lang": "akk-x-neoass",
"form": "ša",
"cf": "ša",
"gw": "that",
"sense": "that",
"norm": "ša",
"pos": "REL",
"epos": "REL"}
}
,
{
"node": "l",
"frag": "ZAG",
"id": "P313547.l01313",
"ref": "P313547.29.3",
"inst": "imittu[right side]N$imittu",
"sig": "@saao/saa05%akk-x-neoass:ZAG=imittu[right side//right side]N'N$imittu",
"f": {"lang": "akk-x-neoass",
"form": "ZAG",
"cf": "imittu",
"gw": "right side",
"sense": "right side",
"norm": "imittu",
"pos": "N",
"epos": "N"}
}
,
{
"node": "l",
"frag": "u₃",
"id": "P313547.l01314",
"ref": "P313547.29.4",
"inst": "u[and]CNJ$",
"sig": "@saao/saa05%akk-x-neoass:u₃=u[and//and]CNJ'CNJ$u",
"f": {"lang": "akk-x-neoass",
"form": "u₃",
"cf": "u",
"gw": "and",
"sense": "and",
"norm": "u",
"pos": "CNJ",
"epos": "CNJ"}
}
,
{
"node": "l",
"frag": "⸢KAB⸣",
"id": "P313547.l01315",
"ref": "P313547.29.5",
"inst": "šumēlu[left side]N$",
"sig": "@saao/saa05%akk-x-neoass:KAB=šumēlu[left side//left side]N'N$šumēlu",
"f": {"lang": "akk-x-neoass",
"form": "KAB",
"cf": "šumēlu",
"gw": "left side",
"sense": "left side",
"norm": "šumēlu",
"pos": "N",
"epos": "N"}
}
,
{
"node": "l",
"frag": "[x",
"id": "P313547.l01316",
"ref": "P313547.29.6",
"inst": "u",
"f": {"lang": "akk-x-neoass",
"form": "x",
"pos": "u"}
}
,
{
"node": "l",
"frag": "x",
"id": "P313547.l01317",
"ref": "P313547.29.7",
"inst": "u",
"f": {"lang": "akk-x-neoass",
"form": "x",
"pos": "u"}
}
,
{
"node": "l",
"frag": "x",
"id": "P313547.l01318",
"ref": "P313547.29.8",
"inst": "u",
"f": {"lang": "akk-x-neoass",
"form": "x",
"pos": "u"}
}
,
{
"node": "l",
"frag": "x]-ni",
"id": "P313547.l01319",
"ref": "P313547.29.9",
"inst": "u",
"f": {"lang": "akk-x-neoass",
"form": "x-ni",
"pos": "u"}
}
,
{
"node": "d",
"type": "line-start",
"ref": "P313547.30",
"n": "6",
"label": "r 6"}
,
{
"node": "l",
"frag": "mi-nu",
"id": "P313547.l0131a",
"ref": "P313547.30.1",
"inst": "mīnu[what?]QP",
"sig": "@saao/saa05%akk-x-neoass:mi-nu=mīnu[what?//what?]QP'QP$mīnu",
"f": {"lang": "akk-x-neoass",
"form": "mi-nu",
"cf": "mīnu",
"gw": "what?",
"sense": "what?",
"norm": "mīnu",
"pos": "QP",
"epos": "QP"}
}
,
{
"node": "l",
"frag": "i-qab-bi-u₂",
"id": "P313547.l0131b",
"ref": "P313547.30.2",
"inst": "qabû[say]V$iqabbiu",
"sig": "@saao/saa05%akk-x-neoass:i-qab-bi-u₂=qabû[say//say]V'V$iqabbiu",
"f": {"lang": "akk-x-neoass",
"form": "i-qab-bi-u₂",
"cf": "qabû",
"gw": "say",
"sense": "say",
"norm": "iqabbiu",
"pos": "V",
"epos": "V"}
}
,
{
"node": "c",
"type": "phrase",
"tag": "phr",
"id": "P313547.U9",
"ref": "P313547.ls00005",
"cdl": [
{
"node": "l",
"frag": "ina",
"id": "P313547.l0131c",
"ref": "P313547.30.3",
"inst": "ina[in+=in the presence of]PRP",
"sig": "@saao/saa05%akk-x-neoass:ina=ina[in//in]PRP'PRP$ina",
"f": {"lang": "akk-x-neoass",
"form": "ina",
"cf": "ina",
"gw": "in",
"sense": "in",
"norm": "ina",
"pos": "PRP",
"epos": "PRP"}
}
,
{
"node": "l",
"frag": "⸢IGI",
"id": "P313547.l0131d",
"ref": "P313547.30.4",
"inst": "pānu[front]N$pān",
"sig": "@saao/saa05%akk-x-neoass:IGI=pānu[front//front]N'N$pān",
"f": {"lang": "akk-x-neoass",
"form": "IGI",
"cf": "pānu",
"gw": "front",
"sense": "front",
"norm": "pān",
"pos": "N",
"epos": "N"}
}
]}
,
{
"node": "l",
"frag": "LUGAL",
"id": "P313547.l0131e",
"ref": "P313547.30.5",
"inst": "šarri[king]N",
"sig": "@saao/saa05%akk-x-neoass:LUGAL=šarru[king//king]N'N$šarri",
"f": {"lang": "akk-x-neoass",
"form": "LUGAL",
"cf": "šarru",
"gw": "king",
"sense": "king",
"norm": "šarri",
"pos": "N",
"epos": "N"}
}
,
{
"node": "l",
"frag": "EN⸣-ia₂",
"id": "P313547.l0131f",
"ref": "P313547.30.6",
"inst": "bēlīya[lord]N",
"sig": "@saao/saa05%akk-x-neoass:EN-ia₂=bēlu[lord//lord]N'N$bēlīya",
"f": {"lang": "akk-x-neoass",
"form": "EN-ia₂",
"cf": "bēlu",
"gw": "lord",
"sense": "lord",
"norm": "bēlīya",
"pos": "N",
"epos": "N"}
}
,
{
"node": "d",
"type": "line-start",
"ref": "P313547.31",
"n": "7",
"label": "r 7"}
,
{
"node": "l",
"frag": "⸢de⸣-ek-tu₂",
"id": "P313547.l01320",
"ref": "P313547.31.1",
"inst": "dīktu[fighting//defeat]N$dēktu",
"sig": "@saao/saa05%akk-x-neoass:de-ek-tu₂=dīktu[fighting//defeat]N'N$dēktu",
"f": {"lang": "akk-x-neoass",
"form": "de-ek-tu₂",
"cf": "dīktu",
"gw": "fighting",
"sense": "defeat",
"norm": "dēktu",
"pos": "N",
"epos": "N"}
}
,
{
"node": "l",
"frag": "a.[a]-⸢ši⸣",
"id": "P313547.l01321",
"ref": "P313547.31.2",
"inst": "ayāši[me]IP",
"sig": "@saao/saa05%akk-x-neoass:a.a-ši=yâšim[to me//me]IP'IP$ayāši",
"f": {"lang": "akk-x-neoass",
"form": "a.a-ši",
"cf": "yâšim",
"gw": "to me",
"sense": "me",
"norm": "ayāši",
"pos": "IP",
"epos": "IP"}
}
,
{
"node": "l",
"frag": "lib-bi",
"id": "P313547.l01322",
"ref": "P313547.31.3",
"inst": "libbu[interior//heart]N$libbī",
"sig": "@saao/saa05%akk-x-neoass:lib-bi=libbu[interior//heart]N'N$libbī",
"f": {"lang": "akk-x-neoass",
"form": "lib-bi",
"cf": "libbu",
"gw": "interior",
"sense": "heart",
"norm": "libbī",
"pos": "N",
"epos": "N"}
}
,
{
"node": "l",
"frag": "i-⸢kaš⸣-šad",
"id": "P313547.l01323",
"ref": "P313547.31.4",
"inst": "kašādu[reach]V$ikaššad",
"sig": "@saao/saa05%akk-x-neoass:i-kaš-šad=kašādu[reach//reach]V'V$ikaššad",
"f": {"lang": "akk-x-neoass",
"form": "i-kaš-šad",
"cf": "kašādu",
"gw": "reach",
"sense": "reach",
"norm": "ikaššad",
"pos": "V",
"epos": "V"}
}
,
{
"node": "d",
"type": "line-start",
"ref": "P313547.32",
"n": "8",
"label": "r 8"}
,
{
"node": "l",
"frag": "[dib]-bi",
"id": "P313547.l01324",
"ref": "P313547.32.1",
"inst": "dibbu[words]N$dibbī",
"sig": "@saao/saa05%akk-x-neoass:dib-bi=dibbu[words//words]N'N$dibbī",
"f": {"lang": "akk-x-neoass",
"form": "dib-bi",
"cf": "dibbu",
"gw": "words",
"sense": "words",
"norm": "dibbī",
"pos": "N",
"epos": "N"}
}
,
{
"node": "l",
"frag": "⸢ma⸣-a-⸢du⸣-[u]-⸢te⸣",
"id": "P313547.l01325",
"ref": "P313547.32.2",
"inst": "mādu[many]AJ$maʾdūte",
"sig": "@saao/saa05%akk-x-neoass:ma-a-du-u-te=mādu[many//many]AJ'AJ$maʾdūte",
"f": {"lang": "akk-x-neoass",
"form": "ma-a-du-u-te",
"cf": "mādu",
"gw": "many",
"sense": "many",
"norm": "maʾdūte",
"pos": "AJ",
"epos": "AJ"}
}
,
{
"node": "l",
"frag": "i-⸢na\\dt⸣-[zi]-ru-šu₂",
"id": "P313547.l01326",
"ref": "P313547.32.3",
"inst": "nazāru[curse]V$inazzirūšu",
"sig": "@saao/saa05%akk-x-neoass:i-na-zi-ru-šu₂=nazāru[curse//curse]V'V$inazzirūšu",
"f": {"lang": "akk-x-neoass",
"form": "i-na-zi-ru-šu₂",
"cf": "nazāru",
"gw": "curse",
"sense": "curse",
"norm": "inazzirūšu",
"pos": "V",
"epos": "V"}
}
,
{
"node": "d",
"type": "line-start",
"ref": "P313547.33",
"n": "9",
"label": "r 9"}
,
{
"node": "l",
"frag": "[u₂]-⸢ma⸣-a",
"id": "P313547.l01327",
"ref": "P313547.33.1",
"inst": "ūmâ[now]AV",
"sig": "@saao/saa05%akk-x-neoass:u₂-ma-a=ūma[today//now]AV'AV$ūmâ",
"f": {"lang": "akk-x-neoass",
"form": "u₂-ma-a",
"cf": "ūma",
"gw": "today",
"sense": "now",
"norm": "ūmâ",
"pos": "AV",
"epos": "AV"}
}
,
{
"node": "l",
"frag": "LUGAL",
"id": "P313547.l01328",
"ref": "P313547.33.2",
"inst": "šarru[king]N$",
"sig": "@saao/saa05%akk-x-neoass:LUGAL=šarru[king//king]N'N$šarru",
"f": {"lang": "akk-x-neoass",
"form": "LUGAL",
"cf": "šarru",
"gw": "king",
"sense": "king",
"norm": "šarru",
"pos": "N",
"epos": "N"}
}
,
{
"node": "l",
"frag": "EN",
"id": "P313547.l01329",
"ref": "P313547.33.3",
"inst": "bēlī[lord]N",
"sig": "@saao/saa05%akk-x-neoass:EN=bēlu[lord//lord]N'N$bēlī",
"f": {"lang": "akk-x-neoass",
"form": "EN",
"cf": "bēlu",
"gw": "lord",
"sense": "lord",
"norm": "bēlī",
"pos": "N",
"epos": "N"}
}
,
{
"node": "l",
"frag": "⸢lu",
"id": "P313547.l0132a",
"ref": "P313547.33.4",
"inst": "lū[may]MOD",
"sig": "@saao/saa05%akk-x-neoass:lu=lū[may//may]MOD'MOD$lū",
"f": {"lang": "akk-x-neoass",
"form": "lu",
"cf": "lū",
"gw": "may",
"sense": "may",
"norm": "lū",
"pos": "MOD",
"epos": "MOD"}
}
,
{
"node": "l",
"frag": "la⸣",
"id": "P313547.l0132b",
"ref": "P313547.33.5",
"inst": "lā[not]MOD",
"sig": "@saao/saa05%akk-x-neoass:la=lā[not//not]MOD'MOD$lā",
"f": {"lang": "akk-x-neoass",
"form": "la",
"cf": "lā",
"gw": "not",
"sense": "not",
"norm": "lā",
"pos": "MOD",
"epos": "MOD"}
}
,
{
"node": "l",
"frag": "[x",
"id": "P313547.l0132c",
"ref": "P313547.33.6",
"inst": "u",
"f": {"lang": "akk-x-neoass",
"form": "x",
"pos": "u"}
}
,
{
"node": "l",
"frag": "x",
"id": "P313547.l0132d",
"ref": "P313547.33.7",
"inst": "u",
"f": {"lang": "akk-x-neoass",
"form": "x",
"pos": "u"}
}
,
{
"node": "l",
"frag": "x",
"id": "P313547.l0132e",
"ref": "P313547.33.8",
"inst": "u",
"f": {"lang": "akk-x-neoass",
"form": "x",
"pos": "u"}
}
,
{
"node": "l",
"frag": "x",
"id": "P313547.l0132f",
"ref": "P313547.33.9",
"inst": "u",
"f": {"lang": "akk-x-neoass",
"form": "x",
"pos": "u"}
}
,
{
"node": "l",
"frag": "x",
"id": "P313547.l01330",
"ref": "P313547.33.10",
"inst": "u",
"f": {"lang": "akk-x-neoass",
"form": "x",
"pos": "u"}
}
,
{
"node": "l",
"frag": "x]",
"id": "P313547.l01331",
"ref": "P313547.33.11",
"inst": "u",
"f": {"lang": "akk-x-neoass",
"form": "x",
"pos": "u"}
}
,
{
"node": "d",
"type": "line-start",
"ref": "P313547.34",
"n": "10",
"label": "r 10"}
,
{
"node": "l",
"frag": "⸢LUGAL⸣",
"id": "P313547.l01332",
"ref": "P313547.34.1",
"inst": "šarri[king]N",
"sig": "@saao/saa05%akk-x-neoass:LUGAL=šarru[king//king]N'N$šarri",
"f": {"lang": "akk-x-neoass",
"form": "LUGAL",
"cf": "šarru",
"gw": "king",
"sense": "king",
"norm": "šarri",
"pos": "N",
"epos": "N"}
}
,
{
"node": "l",
"frag": "at-tah-[ra",
"id": "P313547.l01333",
"ref": "P313547.34.2",
"inst": "mahāru[face//appeal]V$attahra",
"sig": "@saao/saa05%akk-x-neoass:at-tah-ra=mahāru[face//appeal]V'V$attahra",
"f": {"lang": "akk-x-neoass",
"form": "at-tah-ra",
"cf": "mahāru",
"gw": "face",
"sense": "appeal",
"norm": "attahra",
"pos": "V",
"epos": "V"}
}
,
{
"node": "l",
"frag": "x",
"id": "P313547.l01334",
"ref": "P313547.34.3",
"inst": "u",
"f": {"lang": "akk-x-neoass",
"form": "x",
"pos": "u"}
}
,
{
"node": "l",
"frag": "x",
"id": "P313547.l01335",
"ref": "P313547.34.4",
"inst": "u",
"f": {"lang": "akk-x-neoass",
"form": "x",
"pos": "u"}
}
,
{
"node": "l",
"frag": "x",
"id": "P313547.l01336",
"ref": "P313547.34.5",
"inst": "u",
"f": {"lang": "akk-x-neoass",
"form": "x",
"pos": "u"}
}
,
{
"node": "l",
"frag": "x",
"id": "P313547.l01337",
"ref": "P313547.34.6",
"inst": "u",
"f": {"lang": "akk-x-neoass",
"form": "x",
"pos": "u"}
}
,
{
"node": "l",
"frag": "x",
"id": "P313547.l01338",
"ref": "P313547.34.7",
"inst": "u",
"f": {"lang": "akk-x-neoass",
"form": "x",
"pos": "u"}
}
,
{
"node": "l",
"frag": "x",
"id": "P313547.l01339",
"ref": "P313547.34.8",
"inst": "u",
"f": {"lang": "akk-x-neoass",
"form": "x",
"pos": "u"}
}
,
{
"node": "l",
"frag": "x]",
"id": "P313547.l0133a",
"ref": "P313547.34.9",
"inst": "u",
"f": {"lang": "akk-x-neoass",
"form": "x",
"pos": "u"}
}
,
{
"node": "d",
"type": "line-start",
"ref": "P313547.35",
"n": "11",
"label": "r 11"}
,
{
"node": "l",
"frag": "[u₂]-ma-a",
"id": "P313547.l0133b",
"ref": "P313547.35.1",
"inst": "ūmâ[now]AV",
"sig": "@saao/saa05%akk-x-neoass:u₂-ma-a=ūma[today//now]AV'AV$ūmâ",
"f": {"lang": "akk-x-neoass",
"form": "u₂-ma-a",
"cf": "ūma",
"gw": "today",
"sense": "now",
"norm": "ūmâ",
"pos": "AV",
"epos": "AV"}
}
,
{
"node": "l",
"frag": "la",
"id": "P313547.l0133c",
"ref": "P313547.35.2",
"inst": "lā[not]MOD",
"sig": "@saao/saa05%akk-x-neoass:la=lā[not//not]MOD'MOD$lā",
"f": {"lang": "akk-x-neoass",
"form": "la",
"cf": "lā",
"gw": "not",
"sense": "not",
"norm": "lā",
"pos": "MOD",
"epos": "MOD"}
}
,
{
"node": "l",
"frag": "[x",
"id": "P313547.l0133d",
"ref": "P313547.35.3",
"inst": "u",
"f": {"lang": "akk-x-neoass",
"form": "x",
"pos": "u"}
}
,
{
"node": "l",
"frag": "x",
"id": "P313547.l0133e",
"ref": "P313547.35.4",
"inst": "u",
"f": {"lang": "akk-x-neoass",
"form": "x",
"pos": "u"}
}
,
{
"node": "l",
"frag": "x",
"id": "P313547.l0133f",
"ref": "P313547.35.5",
"inst": "u",
"f": {"lang": "akk-x-neoass",
"form": "x",
"pos": "u"}
}
,
{
"node": "l",
"frag": "x",
"id": "P313547.l01340",
"ref": "P313547.35.6",
"inst": "u",
"f": {"lang": "akk-x-neoass",
"form": "x",
"pos": "u"}
}
,
{
"node": "l",
"frag": "x",
"id": "P313547.l01341",
"ref": "P313547.35.7",
"inst": "u",
"f": {"lang": "akk-x-neoass",
"form": "x",
"pos": "u"}
}
,
{
"node": "l",
"frag": "x",
"id": "P313547.l01342",
"ref": "P313547.35.8",
"inst": "u",
"f": {"lang": "akk-x-neoass",
"form": "x",
"pos": "u"}
}
,
{
"node": "l",
"frag": "x]",
"id": "P313547.l01343",
"ref": "P313547.35.9",
"inst": "u",
"f": {"lang": "akk-x-neoass",
"form": "x",
"pos": "u"}
}
,
{
"node": "d",
"type": "line-start",
"ref": "P313547.36",
"n": "12",
"label": "r 12"}
,
{
"node": "l",
"frag": "[x]",
"id": "P313547.l01344",
"ref": "P313547.36.1",
"inst": "u",
"f": {"lang": "akk-x-neoass",
"form": "x",
"pos": "u"}
}
,
{
"node": "l",
"frag": "ki-i",
"id": "P313547.l01345",
"ref": "P313547.36.2",
"inst": "kî[in accordance with]PRP",
"sig": "@saao/saa05%akk-x-neoass:ki-i=kī[like//in accordance with]PRP'PRP$kî",
"f": {"lang": "akk-x-neoass",
"form": "ki-i",
"cf": "kī",
"gw": "like",
"sense": "in accordance with",
"norm": "kî",
"pos": "PRP",
"epos": "PRP"}
}
,
{
"node": "l",
"frag": "⸢ša\\m⸣",
"id": "P313547.l01346",
"ref": "P313547.36.3",
"inst": "ša[what]REL$",
"sig": "@saao/saa05%akk-x-neoass:ša=ša[that//what]REL'REL$ša",
"f": {"lang": "akk-x-neoass",
"form": "ša",
"cf": "ša",
"gw": "that",
"sense": "what",
"norm": "ša",
"pos": "REL",
"epos": "REL"}
}
,
{
"node": "l",
"frag": "[LUGAL",
"id": "P313547.l01347",
"ref": "P313547.36.4",
"inst": "šarru[king]N$",
"sig": "@saao/saa05%akk-x-neoass:LUGAL=šarru[king//king]N'N$šarru",
"f": {"lang": "akk-x-neoass",
"form": "LUGAL",
"cf": "šarru",
"gw": "king",
"sense": "king",
"norm": "šarru",
"pos": "N",
"epos": "N"}
}
,
{
"node": "l",
"frag": "be-li₂",
"id": "P313547.l01348",
"ref": "P313547.36.5",
"inst": "bēlī[lord]N",
"sig": "@saao/saa05%akk-x-neoass:be-li₂=bēlu[lord//lord]N'N$bēlī",
"f": {"lang": "akk-x-neoass",
"form": "be-li₂",
"cf": "bēlu",
"gw": "lord",
"sense": "lord",
"norm": "bēlī",
"pos": "N",
"epos": "N"}
}
,
{
"node": "l",
"frag": "i-la-u-ni]",
"id": "P313547.l01349",
"ref": "P313547.36.6",
"inst": "ilaʾʾûni[deem]V",
"sig": "@saao/saa05%akk-x-neoass:i-la-u-ni=leʾû[be able//deem]V'V$ilaʾʾûni",
"f": {"lang": "akk-x-neoass",
"form": "i-la-u-ni",
"cf": "leʾû",
"gw": "be able",
"sense": "deem",
"norm": "ilaʾʾûni",
"pos": "V",
"epos": "V"}
}
,
{
"node": "d",
"type": "line-start",
"ref": "P313547.37",
"n": "13",
"label": "r 13"}
,
{
"node": "l",
"frag": "[le]-⸢pu\\t⸣-uš",
"id": "P313547.l0134a",
"ref": "P313547.37.1",
"inst": "lēpuš[do]V",
"sig": "@saao/saa05%akk-x-neoass:le-pu-uš=epēšu[do//do]V'V$lēpuš",
"f": {"lang": "akk-x-neoass",
"form": "le-pu-uš",
"cf": "epēšu",
"gw": "do",
"sense": "do",
"norm": "lēpuš",
"pos": "V",
"epos": "V"}
}
,
{
"node": "l",
"frag": "⸢la⸣",
"id": "P313547.l0134b",
"ref": "P313547.37.2",
"inst": "lā[not]MOD",
"sig": "@saao/saa05%akk-x-neoass:la=lā[not//not]MOD'MOD$lā",
"f": {"lang": "akk-x-neoass",
"form": "la",
"cf": "lā",
"gw": "not",
"sense": "not",
"norm": "lā",
"pos": "MOD",
"epos": "MOD"}
}
,
{
"node": "l",
"frag": "[x",
"id": "P313547.l0134c",
"ref": "P313547.37.3",
"inst": "u",
"f": {"lang": "akk-x-neoass",
"form": "x",
"pos": "u"}
}
,
{
"node": "l",
"frag": "x",
"id": "P313547.l0134d",
"ref": "P313547.37.4",
"inst": "u",
"f": {"lang": "akk-x-neoass",
"form": "x",
"pos": "u"}
}
,
{
"node": "l",
"frag": "x",
"id": "P313547.l0134e",
"ref": "P313547.37.5",
"inst": "u",
"f": {"lang": "akk-x-neoass",
"form": "x",
"pos": "u"}
}
,
{
"node": "l",
"frag": "x",
"id": "P313547.l0134f",
"ref": "P313547.37.6",
"inst": "u",
"f": {"lang": "akk-x-neoass",
"form": "x",
"pos": "u"}
}
,
{
"node": "l",
"frag": "x",
"id": "P313547.l01350",
"ref": "P313547.37.7",
"inst": "u",
"f": {"lang": "akk-x-neoass",
"form": "x",
"pos": "u"}
}
,
{
"node": "l",
"frag": "x",
"id": "P313547.l01351",
"ref": "P313547.37.8",
"inst": "u",
"f": {"lang": "akk-x-neoass",
"form": "x",
"pos": "u"}
}
,
{
"node": "l",
"frag": "x]",
"id": "P313547.l01352",
"ref": "P313547.37.9",
"inst": "u",
"f": {"lang": "akk-x-neoass",
"form": "x",
"pos": "u"}
}
,
{
"node": "d",
"type": "line-start",
"ref": "P313547.38",
"n": "14",
"label": "r 14"}
,
{
"node": "c",
"type": "phrase",
"tag": "phr",
"id": "P313547.U10",
"ref": "P313547.ls00006",
"cdl": [
{
"node": "l",
"frag": "[ina]",
"id": "P313547.l01353",
"ref": "P313547.38.1",
"inst": "ina[in+=against]PRP",
"sig": "@saao/saa05%akk-x-neoass:ina=ina[in//in]PRP'PRP$ina",
"f": {"lang": "akk-x-neoass",
"form": "ina",
"cf": "ina",
"gw": "in",
"sense": "in",
"norm": "ina",
"pos": "PRP",
"epos": "PRP"}
}
,
{
"node": "l",
"frag": "UGU-ia₂",
"id": "P313547.l01354",
"ref": "P313547.38.2",
"inst": "muhhu[skull]N$muhhīya",
"sig": "@saao/saa05%akk-x-neoass:UGU-ia₂=muhhu[skull//skull]N'N$muhhīya",
"f": {"lang": "akk-x-neoass",
"form": "UGU-ia₂",
"cf": "muhhu",
"gw": "skull",
"sense": "skull",
"norm": "muhhīya",
"pos": "N",
"epos": "N"}
}
]}
,
{
"node": "l",
"frag": "tu-[x",
"id": "P313547.l01355",
"ref": "P313547.38.3",
"inst": "u",
"f": {"lang": "akk-x-neoass",
"form": "tu-x",
"pos": "u"}
}
,
{
"node": "l",
"frag": "x",
"id": "P313547.l01356",
"ref": "P313547.38.4",
"inst": "u",
"f": {"lang": "akk-x-neoass",
"form": "x",
"pos": "u"}
}
,
{
"node": "l",
"frag": "x",
"id": "P313547.l01357",
"ref": "P313547.38.5",
"inst": "u",
"f": {"lang": "akk-x-neoass",
"form": "x",
"pos": "u"}
}
,
{
"node": "l",
"frag": "x",
"id": "P313547.l01358",
"ref": "P313547.38.6",
"inst": "u",
"f": {"lang": "akk-x-neoass",
"form": "x",
"pos": "u"}
}
,
{
"node": "l",
"frag": "x]",
"id": "P313547.l01359",
"ref": "P313547.38.7",
"inst": "u",
"f": {"lang": "akk-x-neoass",
"form": "x",
"pos": "u"}
}
,
{
"node": "d",
"type": "line-start",
"ref": "P313547.39",
"n": "15",
"label": "r 15"}
,
{
"node": "l",
"frag": "[x]",
"id": "P313547.l0135a",
"ref": "P313547.39.1",
"inst": "u",
"f": {"lang": "akk-x-neoass",
"form": "x",
"pos": "u"}
}
,
{
"node": "l",
"frag": "⸢TA@v\\m",
"id": "P313547.l0135b",
"ref": "P313547.39.2",
"inst": "issu[from]PRP",
"sig": "@saao/saa05%akk-x-neoass:TA@v=ištu[from//from]PRP'PRP$issu",
"f": {"lang": "akk-x-neoass",
"form": "TA@v",
"cf": "ištu",
"gw": "from",
"sense": "from",
"norm": "issu",
"pos": "PRP",
"epos": "PRP"}
}
,
{
"node": "l",
"frag": "x",
"id": "P313547.l0135c",
"ref": "P313547.39.3",
"inst": "u",
"f": {"lang": "akk-x-neoass",
"form": "x",
"pos": "u"}
}
,
{
"node": "l",
"frag": "x",
"id": "P313547.l0135d",
"ref": "P313547.39.4",
"inst": "u",
"f": {"lang": "akk-x-neoass",
"form": "x",
"pos": "u"}
}
,
{
"node": "l",
"frag": "x",
"id": "P313547.l0135e",
"ref": "P313547.39.5",
"inst": "u",
"f": {"lang": "akk-x-neoass",
"form": "x",
"pos": "u"}
}
,
{
"node": "l",
"frag": "x⸣",
"id": "P313547.l0135f",
"ref": "P313547.39.6",
"inst": "u",
"f": {"lang": "akk-x-neoass",
"form": "x",
"pos": "u"}
}
,
{
"node": "l",
"frag": "[x",
"id": "P313547.l01360",
"ref": "P313547.39.7",
"inst": "u",
"f": {"lang": "akk-x-neoass",
"form": "x",
"pos": "u"}
}
,
{
"node": "l",
"frag": "x",
"id": "P313547.l01361",
"ref": "P313547.39.8",
"inst": "u",
"f": {"lang": "akk-x-neoass",
"form": "x",
"pos": "u"}
}
,
{
"node": "l",
"frag": "x",
"id": "P313547.l01362",
"ref": "P313547.39.9",
"inst": "u",
"f": {"lang": "akk-x-neoass",
"form": "x",
"pos": "u"}
}
,
{
"node": "l",
"frag": "x",
"id": "P313547.l01363",
"ref": "P313547.39.10",
"inst": "u",
"f": {"lang": "akk-x-neoass",
"form": "x",
"pos": "u"}
}
,
{
"node": "l",
"frag": "x]",
"id": "P313547.l01364",
"ref": "P313547.39.11",
"inst": "u",
"f": {"lang": "akk-x-neoass",
"form": "x",
"pos": "u"}
}
,
{
"node": "d",
"type": "nonx",
"ref": "P313547.40",
"strict": "0",
"extent": "rest",
"state": "missing"}
]}
]}
]}
,
{
"linkbase": [{
"type": "linkset",
"xlink_title": "ina muhhi[on//about]PRP'PRP",
"id": "P313547.ls00000",
"xlink_type": "extended",
"xlink_role": "psu",
"sig": "{ina[in]PRP muhhu[skull]N += ina muhhi[on//about]PRP'PRP}::@saao%akk-x-neoass:ina=ina[in//into]PRP'PRP$ina++@saao%akk-x-neoass:UGU=muhhu[skull//skull]N'N$muhhi",
"links": [
{
"type": "link",
"xlink_title": "ina",
"xlink_type": "locator",
"xlink_href": "#P313547.l012c7",
"xlink_role": "elt"}
,
{
"type": "link",
"xlink_title": "muhhi",
"xlink_type": "locator",
"xlink_href": "#P313547.l012c8",
"xlink_role": "elt"}
]}
,
{
"type": "linkset",
"xlink_title": "ištu pān[from//because of]PRP'PRP",
"id": "P313547.ls00001",
"xlink_type": "extended",
"xlink_role": "psu",
"sig": "{ištu[from]PRP pānu[front]N += ištu pān[from//because of]PRP'PRP}::@saao%akk-x-neoass:TA=ištu[from//from]PRP'PRP$issu++@saao%akk-x-neoass:IGI=pānu[front//front]N'N$pān",
"links": [
{
"type": "link",
"xlink_title": "issu",
"xlink_type": "locator",
"xlink_href": "#P313547.l012cf",
"xlink_role": "elt"}
,
{
"type": "link",
"xlink_title": "pānu",
"xlink_type": "locator",
"xlink_href": "#P313547.l012d0",
"xlink_role": "elt"}
]}
,
{
"type": "linkset",
"xlink_title": "ina pān[in the presence of//at the disposal of]PRP'PRP",
"id": "P313547.ls00002",
"xlink_type": "extended",
"xlink_role": "psu",
"sig": "{ina[in]PRP pānu[front]N += ina pān[in the presence of//at the disposal of]PRP'PRP}::@saao%akk-x-neoass:ina=ina[in//into]PRP'PRP$ina++@saao%akk-x-neoass:IGI-ia=pānu[front//front]N'N$pānīya",
"links": [
{
"type": "link",
"xlink_title": "ina",
"xlink_type": "locator",
"xlink_href": "#P313547.l012e4",
"xlink_role": "elt"}
,
{
"type": "link",
"xlink_title": "pānu",
"xlink_type": "locator",
"xlink_href": "#P313547.l012e5",
"xlink_role": "elt"}
]}
,
{
"type": "linkset",
"xlink_title": "ina libbi[in//(in exchange) for]PRP'PRP",
"id": "P313547.ls00003",
"xlink_type": "extended",
"xlink_role": "psu",
"sig": "{ina[in]PRP libbu[interior]N += ina libbi[in//(in exchange) for]PRP'PRP}::@saao%akk-x-neoass:ina=ina[in//into]PRP'PRP$ina++@saao%akk-x-neoass:ŠA₃=libbu[interior//interior]N'N$libbi",
"links": [
{
"type": "link",
"xlink_title": "ina",
"xlink_type": "locator",
"xlink_href": "#P313547.l012f9",
"xlink_role": "elt"}
,
{
"type": "link",
"xlink_title": "libbu",
"xlink_type": "locator",
"xlink_href": "#P313547.l012fa",
"xlink_role": "elt"}
]}
,
{
"type": "linkset",
"xlink_title": "ina pān[in the presence of//at the disposal of]PRP'PRP",
"id": "P313547.ls00004",
"xlink_type": "extended",
"xlink_role": "psu",
"sig": "{ina[in]PRP pānu[front]N += ina pān[in the presence of//at the disposal of]PRP'PRP}::@saao%akk-x-neoass:ina=ina[in//into]PRP'PRP$ina++@saao%akk-x-neoass:IGI-šu₂=pānu[front//front]N'N$pānīšu",
"links": [
{
"type": "link",
"xlink_title": "ina",
"xlink_type": "locator",
"xlink_href": "#P313547.l012fe",
"xlink_role": "elt"}
,
{
"type": "link",
"xlink_title": "pānu",
"xlink_type": "locator",
"xlink_href": "#P313547.l012ff",
"xlink_role": "elt"}
]}
,
{
"type": "linkset",
"xlink_title": "ina pān[in the presence of//at the disposal of]PRP'PRP",
"id": "P313547.ls00005",
"xlink_type": "extended",
"xlink_role": "psu",
"sig": "{ina[in]PRP pānu[front]N += ina pān[in the presence of//at the disposal of]PRP'PRP}::@saao%akk-x-neoass:ina=ina[in//into]PRP'PRP$ina++@saao%akk-x-neoass:IGI=pānu[front//front]N'N$pān",
"links": [
{
"type": "link",
"xlink_title": "ina",
"xlink_type": "locator",
"xlink_href": "#P313547.l0131c",
"xlink_role": "elt"}
,
{
"type": "link",
"xlink_title": "pānu",
"xlink_type": "locator",
"xlink_href": "#P313547.l0131d",
"xlink_role": "elt"}
]}
,
{
"type": "linkset",
"xlink_title": "ina muhhi[on//about]PRP'PRP",
"id": "P313547.ls00006",
"xlink_type": "extended",
"xlink_role": "psu",
"sig": "{ina[in]PRP muhhu[skull]N += ina muhhi[on//about]PRP'PRP}::@saao%akk-x-neoass:ina=ina[in//into]PRP'PRP$ina++@saao%akk-x-neoass:UGU-ia₂=muhhu[skull//skull]N'N$muhhīya",
"links": [
{
"type": "link",
"xlink_title": "ina",
"xlink_type": "locator",
"xlink_href": "#P313547.l01353",
"xlink_role": "elt"}
,
{
"type": "link",
"xlink_title": "muhhu",
"xlink_type": "locator",
"xlink_href": "#P313547.l01354",
"xlink_role": "elt"}
]}
]}
]}
