{
"type": "cdl",
  "source": "http://oracc.org/saao/saa05",
  "license": "This data is released under the CC0 license",
  "license-url": "https://creativecommons.org/publicdomain/zero/1.0/",
  "more-info": "http://oracc.org/doc/opendata/",
  "UTC-timestamp": "2017-05-19T11:27:34",
"project": "saao/saa05",
"textid": "P313995",
"cdl": [
{
"node": "c",
"type": "text",
"id": "P313995.U0",
"cdl": [
{
"node": "d",
"type": "object",
"ref": ""}
,
{
"node": "d",
"subtype": "obverse",
"type": "surface",
"ref": "P313995.o.1",
"type": "obverse",
"label": "o"}
,
{
"node": "d",
"type": "nonx",
"ref": "P313995.2",
"strict": "0",
"extent": "beginning",
"state": "missing"}
,
{
"node": "c",
"type": "discourse",
"subtype": "body",
"id": "P313995.U1",
"cdl": [
{
"node": "c",
"type": "sentence",
"id": "P313995.U2",
"label": "o 1' - o 5'",
"cdl": [
{
"node": "d",
"type": "line-start",
"ref": "P313995.3",
"n": "1'",
"label": "o 1'"}
,
{
"node": "l",
"frag": "[x",
"id": "P313995.l03c55",
"ref": "P313995.3.1",
"inst": "u",
"f": {"lang": "akk-x-neoass",
"form": "x",
"pos": "u"}
}
,
{
"node": "l",
"frag": "x",
"id": "P313995.l03c56",
"ref": "P313995.3.2",
"inst": "u",
"f": {"lang": "akk-x-neoass",
"form": "x",
"pos": "u"}
}
,
{
"node": "l",
"frag": "x",
"id": "P313995.l03c57",
"ref": "P313995.3.3",
"inst": "u",
"f": {"lang": "akk-x-neoass",
"form": "x",
"pos": "u"}
}
,
{
"node": "l",
"frag": "x]+⸢x⸣",
"id": "P313995.l03c58",
"ref": "P313995.3.4",
"inst": "u",
"f": {"lang": "akk-x-neoass",
"form": "x+x",
"pos": "u"}
}
,
{
"node": "l",
"frag": "ša\\d",
"id": "P313995.l03c59",
"ref": "P313995.3.5",
"inst": "ša[of]DET",
"sig": "@saao/saa05%akk-x-neoass:ša=ša[of//of]DET'DET$ša",
"f": {"lang": "akk-x-neoass",
"form": "ša",
"cf": "ša",
"gw": "of",
"sense": "of",
"norm": "ša",
"pos": "DET",
"epos": "DET"}
}
,
{
"node": "l",
"frag": "[x",
"id": "P313995.l03c5a",
"ref": "P313995.3.6",
"inst": "u",
"f": {"lang": "akk-x-neoass",
"form": "x",
"pos": "u"}
}
,
{
"node": "l",
"frag": "x",
"id": "P313995.l03c5b",
"ref": "P313995.3.7",
"inst": "u",
"f": {"lang": "akk-x-neoass",
"form": "x",
"pos": "u"}
}
,
{
"node": "l",
"frag": "x]",
"id": "P313995.l03c5c",
"ref": "P313995.3.8",
"inst": "u",
"f": {"lang": "akk-x-neoass",
"form": "x",
"pos": "u"}
}
,
{
"node": "d",
"type": "line-start",
"ref": "P313995.4",
"n": "2'",
"label": "o 2'"}
,
{
"node": "l",
"frag": "[x",
"id": "P313995.l03c5d",
"ref": "P313995.4.1",
"inst": "u",
"f": {"lang": "akk-x-neoass",
"form": "x",
"pos": "u"}
}
,
{
"node": "l",
"frag": "x",
"id": "P313995.l03c5e",
"ref": "P313995.4.2",
"inst": "u",
"f": {"lang": "akk-x-neoass",
"form": "x",
"pos": "u"}
}
,
{
"node": "l",
"frag": "x]",
"id": "P313995.l03c5f",
"ref": "P313995.4.3",
"inst": "u",
"f": {"lang": "akk-x-neoass",
"form": "x",
"pos": "u"}
}
,
{
"node": "l",
"frag": "{⸢kur⸣}URI\\dm-a.a",
"id": "P313995.l03c60",
"ref": "P313995.4.4",
"inst": "Urarṭaya[Urarṭian]EN",
"sig": "@saao/saa05%akk-x-neoass:{KUR}URI-a.a=Urarṭaya[Urarṭian//Urarṭian]EN'EN$Urarṭaya",
"f": {"lang": "akk-x-neoass",
"form": "{KUR}URI-a.a",
"cf": "Urarṭaya",
"gw": "Urarṭian",
"sense": "Urarṭian",
"norm": "Urarṭaya",
"pos": "EN",
"epos": "EN"}
}
,
{
"node": "l",
"frag": "[ina",
"id": "P313995.l03c61",
"ref": "P313995.4.5",
"inst": "ina[in//to]PRP$",
"sig": "@saao/saa05%akk-x-neoass:ina=ina[in//to]PRP'PRP$ina",
"f": {"lang": "akk-x-neoass",
"form": "ina",
"cf": "ina",
"gw": "in",
"sense": "to",
"norm": "ina",
"pos": "PRP",
"epos": "PRP"}
}
,
{
"node": "l",
"frag": "{kur}gi-mir]",
"id": "P313995.l03c62",
"ref": "P313995.4.6",
"inst": "Gimir[Cimmeria]GN$",
"sig": "@saao/saa05%akk-x-neoass:{KUR}gi-mir=Gimir[Cimmeria//Cimmeria]GN'GN$Gimir",
"f": {"lang": "akk-x-neoass",
"form": "{KUR}gi-mir",
"cf": "Gimir",
"gw": "Cimmeria",
"sense": "Cimmeria",
"norm": "Gimir",
"pos": "GN",
"epos": "GN"}
}
,
{
"node": "d",
"type": "line-start",
"ref": "P313995.5",
"n": "3'",
"label": "o 3'"}
,
{
"node": "l",
"frag": "[be₂-et]",
"id": "P313995.l03c63",
"ref": "P313995.5.1",
"inst": "bēt[when]SBJ",
"sig": "@saao/saa05%akk-x-neoass:be₂-et=bīt[where//when]SBJ'SBJ$bēt",
"f": {"lang": "akk-x-neoass",
"form": "be₂-et",
"cf": "bīt",
"gw": "where",
"sense": "when",
"norm": "bēt",
"pos": "SBJ",
"epos": "SBJ"}
}
,
{
"node": "l",
"frag": "⸢il⸣-li-ku-u-[ni",
"id": "P313995.l03c64",
"ref": "P313995.5.2",
"inst": "illikūni[go]V",
"sig": "@saao/saa05%akk-x-neoass:il-li-ku-u-ni=alāku[go//go]V'V$illikūni",
"f": {"lang": "akk-x-neoass",
"form": "il-li-ku-u-ni",
"cf": "alāku",
"gw": "go",
"sense": "go",
"norm": "illikūni",
"pos": "V",
"epos": "V"}
}
,
{
"node": "l",
"frag": "x",
"id": "P313995.l03c65",
"ref": "P313995.5.3",
"inst": "u",
"f": {"lang": "akk-x-neoass",
"form": "x",
"pos": "u"}
}
,
{
"node": "l",
"frag": "x",
"id": "P313995.l03c66",
"ref": "P313995.5.4",
"inst": "u",
"f": {"lang": "akk-x-neoass",
"form": "x",
"pos": "u"}
}
,
{
"node": "l",
"frag": "x",
"id": "P313995.l03c67",
"ref": "P313995.5.5",
"inst": "u",
"f": {"lang": "akk-x-neoass",
"form": "x",
"pos": "u"}
}
,
{
"node": "l",
"frag": "x]",
"id": "P313995.l03c68",
"ref": "P313995.5.6",
"inst": "u",
"f": {"lang": "akk-x-neoass",
"form": "x",
"pos": "u"}
}
,
{
"node": "d",
"type": "line-start",
"ref": "P313995.6",
"n": "4'",
"label": "o 4'"}
,
{
"node": "l",
"frag": "[x",
"id": "P313995.l03c69",
"ref": "P313995.6.1",
"inst": "u",
"f": {"lang": "akk-x-neoass",
"form": "x",
"pos": "u"}
}
,
{
"node": "l",
"frag": "x",
"id": "P313995.l03c6a",
"ref": "P313995.6.2",
"inst": "u",
"f": {"lang": "akk-x-neoass",
"form": "x",
"pos": "u"}
}
,
{
"node": "l",
"frag": "x]",
"id": "P313995.l03c6b",
"ref": "P313995.6.3",
"inst": "u",
"f": {"lang": "akk-x-neoass",
"form": "x",
"pos": "u"}
}
,
{
"node": "l",
"frag": "⸢gab⸣-bu",
"id": "P313995.l03c6c",
"ref": "P313995.6.4",
"inst": "gabbu[all]N",
"sig": "@saao/saa05%akk-x-neoass:gab-bu=gabbu[totality//all]N'N$gabbu",
"f": {"lang": "akk-x-neoass",
"form": "gab-bu",
"cf": "gabbu",
"gw": "totality",
"sense": "all",
"norm": "gabbu",
"pos": "N",
"epos": "N"}
}
,
{
"node": "l",
"frag": "de-e-[ku",
"id": "P313995.l03c6d",
"ref": "P313995.6.5",
"inst": "dēku[killed]AJ",
"sig": "@saao/saa05%akk-x-neoass:de-e-ku=dīku[killed//killed]AJ'AJ$dēku",
"f": {"lang": "akk-x-neoass",
"form": "de-e-ku",
"cf": "dīku",
"gw": "killed",
"sense": "killed",
"norm": "dēku",
"pos": "AJ",
"epos": "AJ"}
}
,
{
"node": "l",
"frag": "01-en]",
"id": "P313995.l03c6e",
"ref": "P313995.6.6",
"inst": "issēn[one]NU",
"sig": "@saao/saa05%akk-x-neoass:01-en=ištēn[one//one]NU'NU$issēn",
"f": {"lang": "akk-x-neoass",
"form": "01-en",
"cf": "ištēn",
"gw": "one",
"sense": "one",
"norm": "issēn",
"pos": "NU",
"epos": "NU"}
}
,
{
"node": "d",
"type": "line-start",
"ref": "P313995.7",
"n": "5'",
"label": "o 5'"}
,
{
"node": "c",
"type": "phrase",
"tag": "phr",
"id": "P313995.U4",
"ref": "P313995.ls00000",
"cdl": [
{
"node": "l",
"frag": "[TA",
"id": "P313995.l03c6f",
"ref": "P313995.7.1",
"inst": "issu[from+=from there]PRP",
"sig": "@saao/saa05%akk-x-neoass:TA=ištu[from//from]PRP'PRP$issu",
"f": {"lang": "akk-x-neoass",
"form": "TA",
"cf": "ištu",
"gw": "from",
"sense": "from",
"norm": "issu",
"pos": "PRP",
"epos": "PRP"}
}
,
{
"node": "l",
"frag": "ŠA₃-bi]",
"id": "P313995.l03c70",
"ref": "P313995.7.2",
"inst": "libbi[interior]N",
"sig": "@saao/saa05%akk-x-neoass:ŠA₃-bi=libbu[interior//interior]N'N$libbi",
"f": {"lang": "akk-x-neoass",
"form": "ŠA₃-bi",
"cf": "libbu",
"gw": "interior",
"sense": "interior",
"norm": "libbi",
"pos": "N",
"epos": "N"}
}
]}
,
{
"node": "l",
"frag": "⸢la⸣",
"id": "P313995.l03c71",
"ref": "P313995.7.3",
"inst": "lā[not]MOD",
"sig": "@saao/saa05%akk-x-neoass:la=lā[not//not]MOD'MOD$lā",
"f": {"lang": "akk-x-neoass",
"form": "la",
"cf": "lā",
"gw": "not",
"sense": "not",
"norm": "lā",
"pos": "MOD",
"epos": "MOD"}
}
,
{
"node": "l",
"frag": "is-hu-⸢ra⸣",
"id": "P313995.l03c72",
"ref": "P313995.7.4",
"inst": "ishura[return]V",
"sig": "@saao/saa05%akk-x-neoass:is-hu-ra=sahāru[go around//return]V'V$ishura",
"f": {"lang": "akk-x-neoass",
"form": "is-hu-ra",
"cf": "sahāru",
"gw": "go around",
"sense": "return",
"norm": "ishura",
"pos": "V",
"epos": "V"}
}
,
{
"node": "l",
"frag": "[x",
"id": "P313995.l03c73",
"ref": "P313995.7.5",
"inst": "u",
"f": {"lang": "akk-x-neoass",
"form": "x",
"pos": "u"}
}
,
{
"node": "l",
"frag": "x",
"id": "P313995.l03c74",
"ref": "P313995.7.6",
"inst": "u",
"f": {"lang": "akk-x-neoass",
"form": "x",
"pos": "u"}
}
,
{
"node": "l",
"frag": "x]",
"id": "P313995.l03c75",
"ref": "P313995.7.7",
"inst": "u",
"f": {"lang": "akk-x-neoass",
"form": "x",
"pos": "u"}
}
,
{
"node": "d",
"type": "line-start",
"ref": "P313995.8",
"n": "6'",
"label": "o 6'"}
,
{
"node": "d",
"type": "nonw",
"ref": ""}
,
{
"node": "d",
"type": "line-start",
"ref": "P313995.9",
"n": "7'",
"label": "o 7'"}
,
{
"node": "d",
"type": "nonw",
"ref": ""}
,
{
"node": "d",
"type": "nonx",
"ref": "P313995.10",
"strict": "0",
"extent": "rest",
"state": "missing"}
,
{
"node": "d",
"subtype": "reverse",
"type": "surface",
"ref": "P313995.r.11",
"type": "reverse",
"label": "r"}
,
{
"node": "d",
"type": "nonx",
"ref": "P313995.12",
"strict": "0",
"state": "other"}
]}
]}
]}
,
{
"linkbase": [{
"type": "linkset",
"xlink_title": "ištu libbi[from//from out of]PRP'PRP",
"id": "P313995.ls00000",
"xlink_type": "extended",
"xlink_role": "psu",
"sig": "{ištu[from]PRP libbu[interior]N += ištu libbi[from//from out of]PRP'PRP}::@saao%akk-x-neoass:TA=ištu[from//from]PRP'PRP$issu++@saao%akk-x-neoass:ŠA₃-bi=libbu[interior//interior]N'N$libbi",
"links": [
{
"type": "link",
"xlink_title": "issu",
"xlink_type": "locator",
"xlink_href": "#P313995.l03c6f",
"xlink_role": "elt"}
,
{
"type": "link",
"xlink_title": "libbi",
"xlink_type": "locator",
"xlink_href": "#P313995.l03c70",
"xlink_role": "elt"}
]}
]}
]}
