{
"type": "cdl",
  "source": "http://oracc.org/saao/saa05",
  "license": "This data is released under the CC0 license",
  "license-url": "https://creativecommons.org/publicdomain/zero/1.0/",
  "more-info": "http://oracc.org/doc/opendata/",
  "UTC-timestamp": "2017-05-19T11:27:26",
"project": "saao/saa05",
"textid": "P313640",
"cdl": [
{
"node": "c",
"type": "text",
"id": "P313640.U0",
"cdl": [
{
"node": "d",
"type": "object",
"ref": ""}
,
{
"node": "d",
"subtype": "obverse",
"type": "surface",
"ref": "P313640.o.1",
"type": "obverse",
"label": "o"}
,
{
"node": "c",
"type": "discourse",
"subtype": "body",
"id": "P313640.U1",
"cdl": [
{
"node": "c",
"type": "sentence",
"id": "P313640.U2",
"label": "o 1 - r 8'",
"cdl": [
{
"node": "d",
"type": "line-start",
"ref": "P313640.2",
"n": "1",
"label": "o 1"}
,
{
"node": "l",
"frag": "a-na",
"id": "P313640.l0458c",
"ref": "P313640.2.1",
"inst": "ana[to]PRP",
"sig": "@saao/saa05%akk-x-neoass:a-na=ana[to//to]PRP'PRP$ana",
"f": {"lang": "akk-x-neoass",
"form": "a-na",
"cf": "ana",
"gw": "to",
"sense": "to",
"norm": "ana",
"pos": "PRP",
"epos": "PRP"}
}
,
{
"node": "l",
"frag": "LUGAL",
"id": "P313640.l0458d",
"ref": "P313640.2.2",
"inst": "šarri[king]N",
"sig": "@saao/saa05%akk-x-neoass:LUGAL=šarru[king//king]N'N$šarri",
"f": {"lang": "akk-x-neoass",
"form": "LUGAL",
"cf": "šarru",
"gw": "king",
"sense": "king",
"norm": "šarri",
"pos": "N",
"epos": "N"}
}
,
{
"node": "l",
"frag": "be-li₂-ia",
"id": "P313640.l0458e",
"ref": "P313640.2.3",
"inst": "bēlīya[lord]N",
"sig": "@saao/saa05%akk-x-neoass:be-li₂-ia=bēlu[lord//lord]N'N$bēlīya",
"f": {"lang": "akk-x-neoass",
"form": "be-li₂-ia",
"cf": "bēlu",
"gw": "lord",
"sense": "lord",
"norm": "bēlīya",
"pos": "N",
"epos": "N"}
}
,
{
"node": "d",
"type": "line-start",
"ref": "P313640.3",
"n": "2",
"label": "o 2"}
,
{
"node": "l",
"frag": "ARAD\\p-ka",
"id": "P313640.l0458f",
"ref": "P313640.3.1",
"inst": "urdaka[servant]N",
"sig": "@saao/saa05%akk-x-neoass:ARAD-ka=ardu[slave//servant]N'N$urdaka",
"f": {"lang": "akk-x-neoass",
"form": "ARAD-ka",
"cf": "ardu",
"gw": "slave",
"sense": "servant",
"norm": "urdaka",
"pos": "N",
"epos": "N"}
}
,
{
"node": "l",
"frag": "{1}LUGAL-e-mur-an-ni",
"id": "P313640.l04590",
"ref": "P313640.3.2",
"inst": "Šarru-emuranni[1]PN",
"sig": "@saao/saa05%akk-x-neoass:{1}LUGAL-e-mur-an-ni=Šarru-emuranni[1//1]PN'PN$Šarru-emuranni",
"f": {"lang": "akk-x-neoass",
"form": "{1}LUGAL-e-mur-an-ni",
"cf": "Šarru-emuranni",
"gw": "1",
"sense": "1",
"norm": "Šarru-emuranni",
"pos": "PN",
"epos": "PN"}
}
,
{
"node": "d",
"type": "line-start",
"ref": "P313640.4",
"n": "3",
"label": "o 3"}
,
{
"node": "l",
"frag": "lu-u",
"id": "P313640.l04591",
"ref": "P313640.4.1",
"inst": "lū[may]MOD",
"sig": "@saao/saa05%akk-x-neoass:lu-u=lū[may//may]MOD'MOD$lū",
"f": {"lang": "akk-x-neoass",
"form": "lu-u",
"cf": "lū",
"gw": "may",
"sense": "may",
"norm": "lū",
"pos": "MOD",
"epos": "MOD"}
}
,
{
"node": "l",
"frag": "šul-mu",
"id": "P313640.l04592",
"ref": "P313640.4.2",
"inst": "šulmu[health]N",
"sig": "@saao/saa05%akk-x-neoass:šul-mu=šulmu[completeness//health]N'N$šulmu",
"f": {"lang": "akk-x-neoass",
"form": "šul-mu",
"cf": "šulmu",
"gw": "completeness",
"sense": "health",
"norm": "šulmu",
"pos": "N",
"epos": "N"}
}
,
{
"node": "l",
"frag": "a-na",
"id": "P313640.l04593",
"ref": "P313640.4.3",
"inst": "ana[to]PRP",
"sig": "@saao/saa05%akk-x-neoass:a-na=ana[to//to]PRP'PRP$ana",
"f": {"lang": "akk-x-neoass",
"form": "a-na",
"cf": "ana",
"gw": "to",
"sense": "to",
"norm": "ana",
"pos": "PRP",
"epos": "PRP"}
}
,
{
"node": "l",
"frag": "LUGAL",
"id": "P313640.l04594",
"ref": "P313640.4.4",
"inst": "šarri[king]N",
"sig": "@saao/saa05%akk-x-neoass:LUGAL=šarru[king//king]N'N$šarri",
"f": {"lang": "akk-x-neoass",
"form": "LUGAL",
"cf": "šarru",
"gw": "king",
"sense": "king",
"norm": "šarri",
"pos": "N",
"epos": "N"}
}
,
{
"node": "l",
"frag": "be-li₂-ia₂",
"id": "P313640.l04595",
"ref": "P313640.4.5",
"inst": "bēlīya[lord]N",
"sig": "@saao/saa05%akk-x-neoass:be-li₂-ia₂=bēlu[lord//lord]N'N$bēlīya",
"f": {"lang": "akk-x-neoass",
"form": "be-li₂-ia₂",
"cf": "bēlu",
"gw": "lord",
"sense": "lord",
"norm": "bēlīya",
"pos": "N",
"epos": "N"}
}
,
{
"node": "d",
"type": "line-start",
"ref": "P313640.5",
"n": "4",
"label": "o 4"}
,
{
"node": "l",
"frag": "UD",
"id": "P313640.l04596",
"ref": "P313640.5.1",
"inst": "ūmu[day]N$ūm",
"sig": "@saao/saa05%akk-x-neoass:UD=ūmu[day//day]N'N$ūm",
"f": {"lang": "akk-x-neoass",
"form": "UD",
"cf": "ūmu",
"gw": "day",
"sense": "day",
"norm": "ūm",
"pos": "N",
"epos": "N"}
}
,
{
"node": "l",
"frag": "27-KAM",
"id": "P313640.l04597",
"ref": "P313640.5.2",
"inst": "n",
"f": {"lang": "akk-x-neoass",
"form": "27-KAM",
"pos": "n"}
}
,
{
"node": "l",
"frag": "TA@v\\m",
"id": "P313640.l04598",
"ref": "P313640.5.3",
"inst": "issu[from]PRP",
"sig": "@saao/saa05%akk-x-neoass:TA@v=ištu[from//from]PRP'PRP$issu",
"f": {"lang": "akk-x-neoass",
"form": "TA@v",
"cf": "ištu",
"gw": "from",
"sense": "from",
"norm": "issu",
"pos": "PRP",
"epos": "PRP"}
}
,
{
"node": "l",
"frag": "sa-an-ti\\t",
"id": "P313640.l04599",
"ref": "P313640.5.4",
"inst": "sāmtu[redness//dawn]N$sānti",
"sig": "@saao/saa05%akk-x-neoass:sa-an-ti=sāmtu[redness//dawn]N'N$sānti",
"f": {"lang": "akk-x-neoass",
"form": "sa-an-ti",
"cf": "sāmtu",
"gw": "redness",
"sense": "dawn",
"norm": "sānti",
"pos": "N",
"epos": "N"}
}
,
{
"node": "d",
"type": "line-start",
"ref": "P313640.6",
"n": "5",
"label": "o 5"}
,
{
"node": "c",
"type": "phrase",
"tag": "phr",
"id": "P313640.U4",
"ref": "P313640.ls00000",
"cdl": [
{
"node": "l",
"frag": "E₂-na-kam-ti\\t",
"id": "P313640.l0459a",
"ref": "P313640.6.1",
"cof-tails": "P313640.l0459b",
"inst": "bītu[house]N$bēt&nakkamtu[treasure]N$nakkamti",
"sig": "@saao/saa05%akk-x-neoass:E₂-na-kam-ti=bītu[house//house]N'N$bēt&&@saao%akk-x-neoass:=nakkamtu[treasure//treasure]N'N$nakkamti",
"f": {"lang": "akk-x-neoass",
"form": "E₂-na-kam-ti",
"cf": "bītu",
"gw": "house",
"sense": "house",
"norm": "bēt",
"pos": "N",
"epos": "N"}
}
,
{
"node": "l",
"frag": "E₂-na-kam-ti\\t",
"id": "P313640.l0459b",
"ref": "P313640.6.1",
"cof-head": "P313640.l0459a",
"inst": "bītu[house]N$bēt&nakkamtu[treasure]N$nakkamti",
"tail-sig": "@saao%akk-x-neoass:=nakkamtu[treasure//treasure]N'N$nakkamti",
"f": {"lang": "akk-x-neoass",
"form": "E₂-na-kam-ti",
"cf": "nakkamtu",
"gw": "treasure",
"sense": "treasure",
"norm": "nakkamti",
"pos": "N",
"epos": "N"}
}
]}
,
{
"node": "l",
"frag": "ša\\d",
"id": "P313640.l0459c",
"ref": "P313640.6.2",
"inst": "ša[of]DET",
"sig": "@saao/saa05%akk-x-neoass:ša=ša[of//of]DET'DET$ša",
"f": {"lang": "akk-x-neoass",
"form": "ša",
"cf": "ša",
"gw": "of",
"sense": "of",
"norm": "ša",
"pos": "DET",
"epos": "DET"}
}
,
{
"node": "l",
"frag": "hu-še-e",
"id": "P313640.l0459d",
"ref": "P313640.6.3",
"inst": "hušû[(metal) scraps//metal scrap]N$hušê",
"sig": "@saao/saa05%akk-x-neoass:hu-še-e=hušû[(metal) scraps//scrap metal]N'N$hušê",
"f": {"lang": "akk-x-neoass",
"form": "hu-še-e",
"cf": "hušû",
"gw": "(metal) scraps",
"sense": "scrap metal",
"norm": "hušê",
"pos": "N",
"epos": "N"}
}
,
{
"node": "d",
"type": "line-start",
"ref": "P313640.7",
"n": "6",
"label": "o 6"}
,
{
"node": "l",
"frag": "ša\\dm",
"id": "P313640.l0459e",
"ref": "P313640.7.1",
"inst": "ša[which]REL",
"sig": "@saao/saa05%akk-x-neoass:ša=ša[that//which]REL'REL$ša",
"f": {"lang": "akk-x-neoass",
"form": "ša",
"cf": "ša",
"gw": "that",
"sense": "which",
"norm": "ša",
"pos": "REL",
"epos": "REL"}
}
,
{
"node": "l",
"frag": "ina",
"id": "P313640.l0459f",
"ref": "P313640.7.2",
"inst": "ina[in]PRP",
"sig": "@saao/saa05%akk-x-neoass:ina=ina[in//in]PRP'PRP$ina",
"f": {"lang": "akk-x-neoass",
"form": "ina",
"cf": "ina",
"gw": "in",
"sense": "in",
"norm": "ina",
"pos": "PRP",
"epos": "PRP"}
}
,
{
"node": "l",
"frag": "ne₂\\d-ri-bi",
"id": "P313640.l045a0",
"ref": "P313640.7.3",
"inst": "nērebu[entrance]N$nēribi",
"sig": "@saao/saa05%akk-x-neoass:ne₂-ri-bi=nērebu[entrance//pass]N'N$nēribi",
"f": {"lang": "akk-x-neoass",
"form": "ne₂-ri-bi",
"cf": "nērebu",
"gw": "entrance",
"sense": "pass",
"norm": "nēribi",
"pos": "N",
"epos": "N"}
}
,
{
"node": "l",
"frag": "ša\\d",
"id": "P313640.l045a1",
"ref": "P313640.7.4",
"inst": "ša[of]DET",
"sig": "@saao/saa05%akk-x-neoass:ša=ša[of//of]DET'DET$ša",
"f": {"lang": "akk-x-neoass",
"form": "ša",
"cf": "ša",
"gw": "of",
"sense": "of",
"norm": "ša",
"pos": "DET",
"epos": "DET"}
}
,
{
"node": "l",
"frag": "E₂",
"id": "P313640.l045a2",
"ref": "P313640.7.5",
"inst": "bēti[house]N",
"sig": "@saao/saa05%akk-x-neoass:E₂=bītu[house//house]N'N$bēti",
"f": {"lang": "akk-x-neoass",
"form": "E₂",
"cf": "bītu",
"gw": "house",
"sense": "house",
"norm": "bēti",
"pos": "N",
"epos": "N"}
}
,
{
"node": "l",
"frag": "ina",
"id": "P313640.l045a3",
"ref": "P313640.7.6",
"inst": "ina[in]PRP",
"sig": "@saao/saa05%akk-x-neoass:ina=ina[in//in]PRP'PRP$ina",
"f": {"lang": "akk-x-neoass",
"form": "ina",
"cf": "ina",
"gw": "in",
"sense": "in",
"norm": "ina",
"pos": "PRP",
"epos": "PRP"}
}
,
{
"node": "l",
"frag": "E₂.GAL",
"id": "P313640.l045a4",
"ref": "P313640.7.7",
"inst": "ēkalli[palace]N",
"sig": "@saao/saa05%akk-x-neoass:E₂.GAL=ēkallu[palace//palace]N'N$ēkalli",
"f": {"lang": "akk-x-neoass",
"form": "E₂.GAL",
"cf": "ēkallu",
"gw": "palace",
"sense": "palace",
"norm": "ēkalli",
"pos": "N",
"epos": "N"}
}
,
{
"node": "d",
"type": "line-start",
"ref": "P313640.8",
"n": "7",
"label": "o 7"}
,
{
"node": "l",
"frag": "ša\\dm",
"id": "P313640.l045a5",
"ref": "P313640.8.1",
"inst": "ša[which]REL",
"sig": "@saao/saa05%akk-x-neoass:ša=ša[that//which]REL'REL$ša",
"f": {"lang": "akk-x-neoass",
"form": "ša",
"cf": "ša",
"gw": "that",
"sense": "which",
"norm": "ša",
"pos": "REL",
"epos": "REL"}
}
,
{
"node": "c",
"type": "phrase",
"tag": "phr",
"id": "P313640.U5",
"ref": "P313640.ls00001",
"cdl": [
{
"node": "l",
"frag": "ina",
"id": "P313640.l045a6",
"ref": "P313640.8.2",
"inst": "ina[in+=on]PRP",
"sig": "@saao/saa05%akk-x-neoass:ina=ina[in//in]PRP'PRP$ina",
"f": {"lang": "akk-x-neoass",
"form": "ina",
"cf": "ina",
"gw": "in",
"sense": "in",
"norm": "ina",
"pos": "PRP",
"epos": "PRP"}
}
,
{
"node": "l",
"frag": "UGU",
"id": "P313640.l045a7",
"ref": "P313640.8.3",
"inst": "muhhi[skull]N",
"sig": "@saao/saa05%akk-x-neoass:UGU=muhhu[skull//skull]N'N$muhhi",
"f": {"lang": "akk-x-neoass",
"form": "UGU",
"cf": "muhhu",
"gw": "skull",
"sense": "skull",
"norm": "muhhi",
"pos": "N",
"epos": "N"}
}
]}
,
{
"node": "l",
"frag": "tam-le-e",
"id": "P313640.l045a8",
"ref": "P313640.8.4",
"inst": "tamlīu[filling//terrace]N$tamlê",
"sig": "@saao/saa05%akk-x-neoass:tam-le-e=tamlīu[filling//terrace]N'N$tamlê",
"f": {"lang": "akk-x-neoass",
"form": "tam-le-e",
"cf": "tamlīu",
"gw": "filling",
"sense": "terrace",
"norm": "tamlê",
"pos": "N",
"epos": "N"}
}
,
{
"node": "l",
"frag": "ni\\d-ip-te-te",
"id": "P313640.l045a9",
"ref": "P313640.8.5",
"inst": "petû[open]V$niptete",
"sig": "@saao/saa05%akk-x-neoass:ni-ip-te-te=petû[open//open]V'V$niptete",
"f": {"lang": "akk-x-neoass",
"form": "ni-ip-te-te",
"cf": "petû",
"gw": "open",
"sense": "open",
"norm": "niptete",
"pos": "V",
"epos": "V"}
}
,
{
"node": "d",
"type": "line-start",
"ref": "P313640.9",
"n": "8",
"label": "o 8"}
,
{
"node": "l",
"frag": "04",
"id": "P313640.l045aa",
"ref": "P313640.9.1",
"inst": "n",
"f": {"lang": "akk-x-neoass",
"form": "04",
"pos": "n"}
}
,
{
"node": "l",
"frag": "me",
"id": "P313640.l045ab",
"ref": "P313640.9.2",
"inst": "mē[hundred]NU",
"sig": "@saao/saa05%akk-x-neoass:me=meʾatu[(one) hundred//(one) hundred]NU'NU$mē",
"f": {"lang": "akk-x-neoass",
"form": "me",
"cf": "meʾatu",
"gw": "(one) hundred",
"sense": "(one) hundred",
"norm": "mē",
"pos": "NU",
"epos": "NU"}
}
,
{
"node": "l",
"frag": "20",
"id": "P313640.l045ac",
"ref": "P313640.9.3",
"inst": "n",
"f": {"lang": "akk-x-neoass",
"form": "20",
"pos": "n"}
}
,
{
"node": "l",
"frag": "GU₂\\t.UN",
"id": "P313640.l045ad",
"ref": "P313640.9.4",
"inst": "biltu[load//a unit of weight]N$bilāt",
"sig": "@saao/saa05%akk-x-neoass:GU₂.UN=biltu[load//a unit of weight]N'N$bilāt",
"f": {"lang": "akk-x-neoass",
"form": "GU₂.UN",
"cf": "biltu",
"gw": "load",
"sense": "a unit of weight",
"norm": "bilāt",
"pos": "N",
"epos": "N"}
}
,
{
"node": "l",
"frag": "URUDU",
"id": "P313640.l045ae",
"ref": "P313640.9.5",
"inst": "siparru[bronze]N$siparri",
"sig": "@saao/saa05%akk-x-neoass:URUDU=siparru[bronze//bronze]N'N$siparri",
"f": {"lang": "akk-x-neoass",
"form": "URUDU",
"cf": "siparru",
"gw": "bronze",
"sense": "bronze",
"norm": "siparri",
"pos": "N",
"epos": "N"}
}
,
{
"node": "l",
"frag": "hu-še-e",
"id": "P313640.l045af",
"ref": "P313640.9.6",
"inst": "hušû[(metal) scraps//metal scrap]N$hušê",
"sig": "@saao/saa05%akk-x-neoass:hu-še-e=hušû[(metal) scraps//scrap metal]N'N$hušê",
"f": {"lang": "akk-x-neoass",
"form": "hu-še-e",
"cf": "hušû",
"gw": "(metal) scraps",
"sense": "scrap metal",
"norm": "hušê",
"pos": "N",
"epos": "N"}
}
,
{
"node": "d",
"type": "line-start",
"ref": "P313640.10",
"n": "9",
"label": "o 9"}
,
{
"node": "l",
"frag": "⸢ni⸣-ih-ti\\t-aṭ",
"id": "P313640.l045b0",
"ref": "P313640.10.1",
"inst": "hiāṭu[supervise//weigh]V$nihtīaṭ",
"sig": "@saao/saa05%akk-x-neoass:ni-ih-ti-aṭ=hiāṭu[supervise//weigh]V'V$nihtīaṭ",
"f": {"lang": "akk-x-neoass",
"form": "ni-ih-ti-aṭ",
"cf": "hiāṭu",
"gw": "supervise",
"sense": "weigh",
"norm": "nihtīaṭ",
"pos": "V",
"epos": "V"}
}
,
{
"node": "l",
"frag": "ina",
"id": "P313640.l045b1",
"ref": "P313640.10.2",
"inst": "ina[in]PRP",
"sig": "@saao/saa05%akk-x-neoass:ina=ina[in//in]PRP'PRP$ina",
"f": {"lang": "akk-x-neoass",
"form": "ina",
"cf": "ina",
"gw": "in",
"sense": "in",
"norm": "ina",
"pos": "PRP",
"epos": "PRP"}
}
,
{
"node": "c",
"type": "phrase",
"tag": "phr",
"id": "P313640.U6",
"ref": "P313640.ls00002",
"cdl": [
{
"node": "l",
"frag": "E₂-ŠU.2",
"id": "P313640.l045b2",
"ref": "P313640.10.3",
"cof-tails": "P313640.l045b3",
"inst": "bītu[house]N$bēt&qātu[hand]N$qātī",
"sig": "@saao/saa05%akk-x-neoass:E₂-ŠU.2=bītu[house//house]N'N$bēt&&@saao%akk-x-neoass:=qātu[hand//hand]N'N$qātī",
"f": {"lang": "akk-x-neoass",
"form": "E₂-ŠU.2",
"cf": "bītu",
"gw": "house",
"sense": "house",
"norm": "bēt",
"pos": "N",
"epos": "N"}
}
,
{
"node": "l",
"frag": "E₂-ŠU.2",
"id": "P313640.l045b3",
"ref": "P313640.10.3",
"cof-head": "P313640.l045b2",
"inst": "bītu[house]N$bēt&qātu[hand]N$qātī",
"tail-sig": "@saao%akk-x-neoass:=qātu[hand//hand]N'N$qātī",
"f": {"lang": "akk-x-neoass",
"form": "E₂-ŠU.2",
"cf": "qātu",
"gw": "hand",
"sense": "hand",
"norm": "qātī",
"pos": "N",
"epos": "N"}
}
]}
,
{
"node": "d",
"type": "line-start",
"ref": "P313640.11",
"n": "10",
"label": "o 10"}
,
{
"node": "l",
"frag": "[ša]",
"id": "P313640.l045b4",
"ref": "P313640.11.1",
"inst": "ša[of]DET",
"sig": "@saao/saa05%akk-x-neoass:ša=ša[of//of]DET'DET$ša",
"f": {"lang": "akk-x-neoass",
"form": "ša",
"cf": "ša",
"gw": "of",
"sense": "of",
"norm": "ša",
"pos": "DET",
"epos": "DET"}
}
,
{
"node": "l",
"frag": "{⸢lu₂v⸣}KAŠ.LUL",
"id": "P313640.l045b5",
"ref": "P313640.11.2",
"inst": "šāqû[butler//cupbearer]N$šāqê",
"sig": "@saao/saa05%akk-x-neoass:{LU₂}KAŠ.LUL=šāqû[butler//cupbearer]N'N$šāqê",
"f": {"lang": "akk-x-neoass",
"form": "{LU₂}KAŠ.LUL",
"cf": "šāqû",
"gw": "butler",
"sense": "cupbearer",
"norm": "šāqê",
"pos": "N",
"epos": "N"}
}
,
{
"node": "l",
"frag": "ni-is-sa-⸢kan⸣",
"id": "P313640.l045b6",
"ref": "P313640.11.3",
"inst": "šakānu[put//place]V$nissakan",
"sig": "@saao/saa05%akk-x-neoass:ni-is-sa-kan=šakānu[put//place]V'V$nissakan",
"f": {"lang": "akk-x-neoass",
"form": "ni-is-sa-kan",
"cf": "šakānu",
"gw": "put",
"sense": "place",
"norm": "nissakan",
"pos": "V",
"epos": "V"}
}
,
{
"node": "d",
"type": "line-start",
"ref": "P313640.12",
"n": "11",
"label": "o 11"}
,
{
"node": "l",
"frag": "[x",
"id": "P313640.l045b7",
"ref": "P313640.12.1",
"inst": "u",
"f": {"lang": "akk-x-neoass",
"form": "x",
"pos": "u"}
}
,
{
"node": "l",
"frag": "GU₂].⸢UN⸣",
"id": "P313640.l045b8",
"ref": "P313640.12.2",
"inst": "biltu[load//a unit of weight]N$bilāt",
"sig": "@saao/saa05%akk-x-neoass:GU₂.UN=biltu[load//a unit of weight]N'N$bilāt",
"f": {"lang": "akk-x-neoass",
"form": "GU₂.UN",
"cf": "biltu",
"gw": "load",
"sense": "a unit of weight",
"norm": "bilāt",
"pos": "N",
"epos": "N"}
}
,
{
"node": "l",
"frag": "u₂\\m-de-e",
"id": "P313640.l045b9",
"ref": "P313640.12.3",
"inst": "udû[tools//utensils]N$udê",
"sig": "@saao/saa05%akk-x-neoass:u₂-de-e=udû[tools//utensils]N'N$udê",
"f": {"lang": "akk-x-neoass",
"form": "u₂-de-e",
"cf": "udû",
"gw": "tools",
"sense": "utensils",
"norm": "udê",
"pos": "N",
"epos": "N"}
}
,
{
"node": "l",
"frag": "URUDU",
"id": "P313640.l045ba",
"ref": "P313640.12.4",
"inst": "siparru[bronze]N$siparri",
"sig": "@saao/saa05%akk-x-neoass:URUDU=siparru[bronze//bronze]N'N$siparri",
"f": {"lang": "akk-x-neoass",
"form": "URUDU",
"cf": "siparru",
"gw": "bronze",
"sense": "bronze",
"norm": "siparri",
"pos": "N",
"epos": "N"}
}
,
{
"node": "d",
"type": "line-start",
"ref": "P313640.13",
"n": "12",
"label": "o 12"}
,
{
"node": "l",
"frag": "[x",
"id": "P313640.l045bb",
"ref": "P313640.13.1",
"inst": "u",
"f": {"lang": "akk-x-neoass",
"form": "x",
"pos": "u"}
}
,
{
"node": "l",
"frag": "x",
"id": "P313640.l045bc",
"ref": "P313640.13.2",
"inst": "u",
"f": {"lang": "akk-x-neoass",
"form": "x",
"pos": "u"}
}
,
{
"node": "l",
"frag": "x",
"id": "P313640.l045bd",
"ref": "P313640.13.3",
"inst": "u",
"f": {"lang": "akk-x-neoass",
"form": "x",
"pos": "u"}
}
,
{
"node": "l",
"frag": "x]",
"id": "P313640.l045be",
"ref": "P313640.13.4",
"inst": "u",
"f": {"lang": "akk-x-neoass",
"form": "x",
"pos": "u"}
}
,
{
"node": "l",
"frag": "⸢ni⸣-ih-[ti]-⸢aṭ⸣",
"id": "P313640.l045bf",
"ref": "P313640.13.5",
"inst": "hiāṭu[supervise//weigh]V$nihtīaṭ",
"sig": "@saao/saa05%akk-x-neoass:ni-ih-ti-aṭ=hiāṭu[supervise//weigh]V'V$nihtīaṭ",
"f": {"lang": "akk-x-neoass",
"form": "ni-ih-ti-aṭ",
"cf": "hiāṭu",
"gw": "supervise",
"sense": "weigh",
"norm": "nihtīaṭ",
"pos": "V",
"epos": "V"}
}
,
{
"node": "d",
"type": "line-start",
"ref": "P313640.14",
"n": "13",
"label": "o 13"}
,
{
"node": "l",
"frag": "[x",
"id": "P313640.l045c0",
"ref": "P313640.14.1",
"inst": "u",
"f": {"lang": "akk-x-neoass",
"form": "x",
"pos": "u"}
}
,
{
"node": "l",
"frag": "x",
"id": "P313640.l045c1",
"ref": "P313640.14.2",
"inst": "u",
"f": {"lang": "akk-x-neoass",
"form": "x",
"pos": "u"}
}
,
{
"node": "l",
"frag": "x",
"id": "P313640.l045c2",
"ref": "P313640.14.3",
"inst": "u",
"f": {"lang": "akk-x-neoass",
"form": "x",
"pos": "u"}
}
,
{
"node": "l",
"frag": "x",
"id": "P313640.l045c3",
"ref": "P313640.14.4",
"inst": "u",
"f": {"lang": "akk-x-neoass",
"form": "x",
"pos": "u"}
}
,
{
"node": "l",
"frag": "x]",
"id": "P313640.l045c4",
"ref": "P313640.14.5",
"inst": "u",
"f": {"lang": "akk-x-neoass",
"form": "x",
"pos": "u"}
}
,
{
"node": "l",
"frag": "⸢ud⸣",
"id": "P313640.l045c5",
"ref": "P313640.14.6",
"inst": "u",
"f": {"lang": "akk-x-neoass",
"form": "ud",
"pos": "u"}
}
,
{
"node": "l",
"frag": "[x",
"id": "P313640.l045c6",
"ref": "P313640.14.7",
"inst": "u",
"f": {"lang": "akk-x-neoass",
"form": "x",
"pos": "u"}
}
,
{
"node": "l",
"frag": "x]",
"id": "P313640.l045c7",
"ref": "P313640.14.8",
"inst": "u",
"f": {"lang": "akk-x-neoass",
"form": "x",
"pos": "u"}
}
,
{
"node": "d",
"type": "nonx",
"ref": "P313640.15",
"strict": "0",
"extent": "rest",
"state": "missing"}
,
{
"node": "d",
"subtype": "reverse",
"type": "surface",
"ref": "P313640.r.16",
"type": "reverse",
"label": "r"}
,
{
"node": "d",
"type": "nonx",
"ref": "P313640.17",
"strict": "0",
"extent": "beginning",
"state": "missing"}
,
{
"node": "d",
"type": "line-start",
"ref": "P313640.18",
"n": "1'",
"label": "r 1'"}
,
{
"node": "l",
"frag": "[x",
"id": "P313640.l045c8",
"ref": "P313640.18.1",
"inst": "u",
"f": {"lang": "akk-x-neoass",
"form": "x",
"pos": "u"}
}
,
{
"node": "l",
"frag": "x",
"id": "P313640.l045c9",
"ref": "P313640.18.2",
"inst": "u",
"f": {"lang": "akk-x-neoass",
"form": "x",
"pos": "u"}
}
,
{
"node": "l",
"frag": "x]-⸢an⸣",
"id": "P313640.l045ca",
"ref": "P313640.18.3",
"inst": "u",
"f": {"lang": "akk-x-neoass",
"form": "x-an",
"pos": "u"}
}
,
{
"node": "l",
"frag": "URU",
"id": "P313640.l045cb",
"ref": "P313640.18.4",
"inst": "āli[town]N",
"sig": "@saao/saa05%akk-x-neoass:URU=ālu[city//town]N'N$āli",
"f": {"lang": "akk-x-neoass",
"form": "URU",
"cf": "ālu",
"gw": "city",
"sense": "town",
"norm": "āli",
"pos": "N",
"epos": "N"}
}
,
{
"node": "d",
"type": "line-start",
"ref": "P313640.19",
"n": "2'",
"label": "r 2'"}
,
{
"node": "l",
"frag": "[x",
"id": "P313640.l045cc",
"ref": "P313640.19.1",
"inst": "u",
"f": {"lang": "akk-x-neoass",
"form": "x",
"pos": "u"}
}
,
{
"node": "l",
"frag": "x",
"id": "P313640.l045cd",
"ref": "P313640.19.2",
"inst": "u",
"f": {"lang": "akk-x-neoass",
"form": "x",
"pos": "u"}
}
,
{
"node": "l",
"frag": "E₂.GAL]-⸢ma⸣-šar-ti\\t",
"id": "P313640.l045ce",
"ref": "P313640.19.3",
"cof-tails": "P313640.l045cf",
"inst": "ēkallu[palace]N$ēkal&māšartu[inspection]N$māšarti",
"sig": "@saao/saa05%akk-x-neoass:E₂.GAL-ma-šar-ti=ēkallu[palace//palace]N'N$ēkal&&@saao%akk-x-neoass:=māšartu[inspection//inspection]N'N$māšarti",
"f": {"lang": "akk-x-neoass",
"form": "E₂.GAL-ma-šar-ti",
"cf": "ēkallu",
"gw": "palace",
"sense": "palace",
"norm": "ēkal",
"pos": "N",
"epos": "N"}
}
,
{
"node": "l",
"frag": "E₂.GAL]-⸢ma⸣-šar-ti\\t",
"id": "P313640.l045cf",
"ref": "P313640.19.3",
"cof-head": "P313640.l045ce",
"inst": "ēkallu[palace]N$ēkal&māšartu[inspection]N$māšarti",
"tail-sig": "@saao%akk-x-neoass:=māšartu[inspection//inspection]N'N$māšarti",
"f": {"lang": "akk-x-neoass",
"form": "E₂.GAL-ma-šar-ti",
"cf": "māšartu",
"gw": "inspection",
"sense": "inspection",
"norm": "māšarti",
"pos": "N",
"epos": "N"}
}
,
{
"node": "d",
"type": "line-start",
"ref": "P313640.20",
"n": "3'",
"label": "r 3'"}
,
{
"node": "l",
"frag": "[x",
"id": "P313640.l045d0",
"ref": "P313640.20.1",
"inst": "u",
"f": {"lang": "akk-x-neoass",
"form": "x",
"pos": "u"}
}
,
{
"node": "l",
"frag": "x",
"id": "P313640.l045d1",
"ref": "P313640.20.2",
"inst": "u",
"f": {"lang": "akk-x-neoass",
"form": "x",
"pos": "u"}
}
,
{
"node": "l",
"frag": "x",
"id": "P313640.l045d2",
"ref": "P313640.20.3",
"inst": "u",
"f": {"lang": "akk-x-neoass",
"form": "x",
"pos": "u"}
}
,
{
"node": "l",
"frag": "x]",
"id": "P313640.l045d3",
"ref": "P313640.20.4",
"inst": "u",
"f": {"lang": "akk-x-neoass",
"form": "x",
"pos": "u"}
}
,
{
"node": "l",
"frag": "⸢u₂⸣-la-a",
"id": "P313640.l045d4",
"ref": "P313640.20.5",
"inst": "ulâ[otherwise]AV",
"sig": "@saao/saa05%akk-x-neoass:u₂-la-a=ūla[or//otherwise]AV'AV$ulâ",
"f": {"lang": "akk-x-neoass",
"form": "u₂-la-a",
"cf": "ūla",
"gw": "or",
"sense": "otherwise",
"norm": "ulâ",
"pos": "AV",
"epos": "AV"}
}
,
{
"node": "d",
"type": "line-start",
"ref": "P313640.21",
"n": "4'",
"label": "r 4'"}
,
{
"node": "l",
"frag": "UD",
"id": "P313640.l045d5",
"ref": "P313640.21.1",
"inst": "ūmu[day]N$ūm",
"sig": "@saao/saa05%akk-x-neoass:UD=ūmu[day//day]N'N$ūm",
"f": {"lang": "akk-x-neoass",
"form": "UD",
"cf": "ūmu",
"gw": "day",
"sense": "day",
"norm": "ūm",
"pos": "N",
"epos": "N"}
}
,
{
"node": "l",
"frag": "29-KAM",
"id": "P313640.l045d6",
"ref": "P313640.21.2",
"inst": "n",
"f": {"lang": "akk-x-neoass",
"form": "29-KAM",
"pos": "n"}
}
,
{
"node": "l",
"frag": "⸢ša\\m⸣",
"id": "P313640.l045d7",
"ref": "P313640.21.3",
"inst": "ša[of]DET",
"sig": "@saao/saa05%akk-x-neoass:ša=ša[of//of]DET'DET$ša",
"f": {"lang": "akk-x-neoass",
"form": "ša",
"cf": "ša",
"gw": "of",
"sense": "of",
"norm": "ša",
"pos": "DET",
"epos": "DET"}
}
,
{
"node": "l",
"frag": "E₂.GAL-ma-šar-ti\\t",
"id": "P313640.l045d8",
"ref": "P313640.21.4",
"cof-tails": "P313640.l045d9",
"inst": "ēkallu[palace]N$ēkal&māšartu[inspection//review]N$māšarti",
"sig": "@saao/saa05%akk-x-neoass:E₂.GAL-ma-šar-ti=ēkallu[palace//palace]N'N$ēkal&&@saao%akk-x-neoass:=māšartu[inspection//review]N'N$māšarti",
"f": {"lang": "akk-x-neoass",
"form": "E₂.GAL-ma-šar-ti",
"cf": "ēkallu",
"gw": "palace",
"sense": "palace",
"norm": "ēkal",
"pos": "N",
"epos": "N"}
}
,
{
"node": "l",
"frag": "E₂.GAL-ma-šar-ti\\t",
"id": "P313640.l045d9",
"ref": "P313640.21.4",
"cof-head": "P313640.l045d8",
"inst": "ēkallu[palace]N$ēkal&māšartu[inspection//review]N$māšarti",
"tail-sig": "@saao%akk-x-neoass:=māšartu[inspection//review]N'N$māšarti",
"f": {"lang": "akk-x-neoass",
"form": "E₂.GAL-ma-šar-ti",
"cf": "māšartu",
"gw": "inspection",
"sense": "review",
"norm": "māšarti",
"pos": "N",
"epos": "N"}
}
,
{
"node": "d",
"type": "line-start",
"ref": "P313640.22",
"n": "5'",
"label": "r 5'"}
,
{
"node": "l",
"frag": "ne₂\\d-ep-pa-aš₂",
"id": "P313640.l045da",
"ref": "P313640.22.1",
"inst": "epēšu[do//make]V$neppaš",
"sig": "@saao/saa05%akk-x-neoass:ne₂-ep-pa-aš₂=epēšu[do//make]V'V$neppaš",
"f": {"lang": "akk-x-neoass",
"form": "ne₂-ep-pa-aš₂",
"cf": "epēšu",
"gw": "do",
"sense": "make",
"norm": "neppaš",
"pos": "V",
"epos": "V"}
}
,
{
"node": "l",
"frag": "ina",
"id": "P313640.l045db",
"ref": "P313640.22.2",
"inst": "ina[into]PRP",
"sig": "@saao/saa05%akk-x-neoass:ina=ina[in//into]PRP'PRP$ina",
"f": {"lang": "akk-x-neoass",
"form": "ina",
"cf": "ina",
"gw": "in",
"sense": "into",
"norm": "ina",
"pos": "PRP",
"epos": "PRP"}
}
,
{
"node": "l",
"frag": "re-eh-ti\\t",
"id": "P313640.l045dc",
"ref": "P313640.22.3",
"inst": "rēhti[remainder]N",
"sig": "@saao/saa05%akk-x-neoass:re-eh-ti=rēhtu[remainder//remainder]N'N$rēhti",
"f": {"lang": "akk-x-neoass",
"form": "re-eh-ti",
"cf": "rēhtu",
"gw": "remainder",
"sense": "remainder",
"norm": "rēhti",
"pos": "N",
"epos": "N"}
}
,
{
"node": "d",
"type": "line-start",
"ref": "P313640.23",
"n": "6'",
"label": "r 6'"}
,
{
"node": "l",
"frag": "UD-me-ni\\d",
"id": "P313640.l045dd",
"ref": "P313640.23.1",
"inst": "ūmu[day]N$ūmēni",
"sig": "@saao/saa05%akk-x-neoass:UD-me-ni=ūmu[day//day]N'N$ūmēni",
"f": {"lang": "akk-x-neoass",
"form": "UD-me-ni",
"cf": "ūmu",
"gw": "day",
"sense": "day",
"norm": "ūmēni",
"pos": "N",
"epos": "N"}
}
,
{
"node": "l",
"frag": "a-na",
"id": "P313640.l045de",
"ref": "P313640.23.2",
"inst": "ana[to]PRP",
"sig": "@saao/saa05%akk-x-neoass:a-na=ana[to//to]PRP'PRP$ana",
"f": {"lang": "akk-x-neoass",
"form": "a-na",
"cf": "ana",
"gw": "to",
"sense": "to",
"norm": "ana",
"pos": "PRP",
"epos": "PRP"}
}
,
{
"node": "l",
"frag": "{uru}BAD₃-MAN-GIN",
"id": "P313640.l045df",
"ref": "P313640.23.3",
"inst": "Dur-Šarruken[]GN$",
"sig": "@saao/saa05%akk-x-neoass:{URU}BAD₃-MAN-GIN=Dur-Šarruken[1//1]GN'GN$Dur-Šarruken",
"f": {"lang": "akk-x-neoass",
"form": "{URU}BAD₃-MAN-GIN",
"cf": "Dur-Šarruken",
"gw": "1",
"sense": "1",
"norm": "Dur-Šarruken",
"pos": "GN",
"epos": "GN"}
}
,
{
"node": "d",
"type": "line-start",
"ref": "P313640.24",
"n": "7'",
"label": "r 7'"}
,
{
"node": "l",
"frag": "ni-il\\t-lak",
"id": "P313640.l045e0",
"ref": "P313640.24.1",
"inst": "alāku[go]V$nillak",
"sig": "@saao/saa05%akk-x-neoass:ni-il-lak=alāku[go//go]V'V$nillak",
"f": {"lang": "akk-x-neoass",
"form": "ni-il-lak",
"cf": "alāku",
"gw": "go",
"sense": "go",
"norm": "nillak",
"pos": "V",
"epos": "V"}
}
,
{
"node": "l",
"frag": "{tug₂}GADA-MEŠ",
"id": "P313640.l045e1",
"ref": "P313640.24.2",
"inst": "kitû[flax//linen]N$kitê",
"sig": "@saao/saa05%akk-x-neoass:{TUG₂}GADA-MEŠ=kitû[flax//linen]N'N$kitê",
"f": {"lang": "akk-x-neoass",
"form": "{TUG₂}GADA-MEŠ",
"cf": "kitû",
"gw": "flax",
"sense": "linen",
"norm": "kitê",
"pos": "N",
"epos": "N"}
}
,
{
"node": "d",
"type": "line-start",
"ref": "P313640.25",
"n": "8'",
"label": "r 8'"}
,
{
"node": "l",
"frag": "am-ma-ti\\t",
"id": "P313640.l045e2",
"ref": "P313640.25.1",
"inst": "ammiu[that]DP$ammāti",
"sig": "@saao/saa05%akk-x-neoass:am-ma-ti=ammiu[that//that]DP'DP$ammāti",
"f": {"lang": "akk-x-neoass",
"form": "am-ma-ti",
"cf": "ammiu",
"gw": "that",
"sense": "that",
"norm": "ammāti",
"pos": "DP",
"epos": "DP"}
}
,
{
"node": "l",
"frag": "ni\\t-kan-na-ak",
"id": "P313640.l045e3",
"ref": "P313640.25.2",
"inst": "kanāku[seal]V$nikannak",
"sig": "@saao/saa05%akk-x-neoass:ni-kan-na-ak=kanāku[seal//seal]V'V$nikannak",
"f": {"lang": "akk-x-neoass",
"form": "ni-kan-na-ak",
"cf": "kanāku",
"gw": "seal",
"sense": "seal",
"norm": "nikannak",
"pos": "V",
"epos": "V"}
}
]}
]}
]}
,
{
"linkbase": [{
"type": "linkset",
"xlink_title": "bīt nakkamti[treasury//treasury]N'N",
"id": "P313640.ls00000",
"xlink_type": "extended",
"xlink_role": "psu",
"sig": "{bītu[house]N nakkamtu[treasure]N += bīt nakkamti[treasury//treasury]N'N}::@saao%akk-x-neoass:E₂-na-kam-ti=bītu[house//house]N'N$bēt++@saao%akk-x-neoass:E₂-na-kam-ti=nakkamtu[treasure//treasure]N'N$nakkamti",
"links": [
{
"type": "link",
"xlink_title": "bītu",
"xlink_type": "locator",
"xlink_href": "#P313640.l0459a",
"xlink_role": "elt"}
,
{
"type": "link",
"xlink_title": "nakkamtu",
"xlink_type": "locator",
"xlink_href": "#P313640.l0459b",
"xlink_role": "elt"}
]}
,
{
"type": "linkset",
"xlink_title": "ina muhhi[on//about]PRP'PRP",
"id": "P313640.ls00001",
"xlink_type": "extended",
"xlink_role": "psu",
"sig": "{ina[in]PRP muhhu[skull]N += ina muhhi[on//about]PRP'PRP}::@saao%akk-x-neoass:ina=ina[in//into]PRP'PRP$ina++@saao%akk-x-neoass:UGU=muhhu[skull//skull]N'N$muhhi",
"links": [
{
"type": "link",
"xlink_title": "ina",
"xlink_type": "locator",
"xlink_href": "#P313640.l045a6",
"xlink_role": "elt"}
,
{
"type": "link",
"xlink_title": "muhhi",
"xlink_type": "locator",
"xlink_href": "#P313640.l045a7",
"xlink_role": "elt"}
]}
,
{
"type": "linkset",
"xlink_title": "bīt qāti[house of hand(s)//storehouse]N'N",
"id": "P313640.ls00002",
"xlink_type": "extended",
"xlink_role": "psu",
"sig": "{bītu[house]N qātu[hand]N += bīt qāti[house of hand(s)//storehouse]N'N}::@saao%akk-x-neoass:E₂-ŠU.2=bītu[house//house]N'N$bēt++@saao%akk-x-neoass:E₂-ŠU.2=qātu[hand//hand]N'N$qātī",
"links": [
{
"type": "link",
"xlink_title": "bītu",
"xlink_type": "locator",
"xlink_href": "#P313640.l045b2",
"xlink_role": "elt"}
,
{
"type": "link",
"xlink_title": "qātu",
"xlink_type": "locator",
"xlink_href": "#P313640.l045b3",
"xlink_role": "elt"}
]}
]}
]}
