{
"type": "cdl",
  "source": "http://oracc.org/saao/saa05",
  "license": "This data is released under the CC0 license",
  "license-url": "https://creativecommons.org/publicdomain/zero/1.0/",
  "more-info": "http://oracc.org/doc/opendata/",
  "UTC-timestamp": "2017-05-19T11:27:23",
"project": "saao/saa05",
"textid": "P313546",
"cdl": [
{
"node": "c",
"type": "text",
"id": "P313546.U0",
"cdl": [
{
"node": "d",
"type": "object",
"ref": ""}
,
{
"node": "d",
"subtype": "obverse",
"type": "surface",
"ref": "P313546.o.1",
"type": "obverse",
"label": "o"}
,
{
"node": "c",
"type": "discourse",
"subtype": "body",
"id": "P313546.U1",
"cdl": [
{
"node": "c",
"type": "sentence",
"id": "P313546.U2",
"label": "o 1 - r 6",
"cdl": [
{
"node": "d",
"type": "line-start",
"ref": "P313546.2",
"n": "1",
"label": "o 1"}
,
{
"node": "l",
"frag": "a-na\\t",
"id": "P313546.l0315f",
"ref": "P313546.2.1",
"inst": "ana[to]PRP",
"sig": "@saao/saa05%akk-x-neoass:a-na=ana[to//to]PRP'PRP$ana",
"f": {"lang": "akk-x-neoass",
"form": "a-na",
"cf": "ana",
"gw": "to",
"sense": "to",
"norm": "ana",
"pos": "PRP",
"epos": "PRP"}
}
,
{
"node": "l",
"frag": "LUGAL",
"id": "P313546.l03160",
"ref": "P313546.2.2",
"inst": "šarri[king]N",
"sig": "@saao/saa05%akk-x-neoass:LUGAL=šarru[king//king]N'N$šarri",
"f": {"lang": "akk-x-neoass",
"form": "LUGAL",
"cf": "šarru",
"gw": "king",
"sense": "king",
"norm": "šarri",
"pos": "N",
"epos": "N"}
}
,
{
"node": "l",
"frag": "EN-ia₂",
"id": "P313546.l03161",
"ref": "P313546.2.3",
"inst": "bēlīya[lord]N",
"sig": "@saao/saa05%akk-x-neoass:EN-ia₂=bēlu[lord//lord]N'N$bēlīya",
"f": {"lang": "akk-x-neoass",
"form": "EN-ia₂",
"cf": "bēlu",
"gw": "lord",
"sense": "lord",
"norm": "bēlīya",
"pos": "N",
"epos": "N"}
}
,
{
"node": "d",
"type": "line-start",
"ref": "P313546.3",
"n": "2",
"label": "o 2"}
,
{
"node": "l",
"frag": "ARAD\\p-ka",
"id": "P313546.l03162",
"ref": "P313546.3.1",
"inst": "urdaka[servant]N",
"sig": "@saao/saa05%akk-x-neoass:ARAD-ka=ardu[slave//servant]N'N$urdaka",
"f": {"lang": "akk-x-neoass",
"form": "ARAD-ka",
"cf": "ardu",
"gw": "slave",
"sense": "servant",
"norm": "urdaka",
"pos": "N",
"epos": "N"}
}
,
{
"node": "l",
"frag": "{1}⸢DI⸣-[mu]-⸢EN⸣",
"id": "P313546.l03163",
"ref": "P313546.3.2",
"inst": "Šulmu-beli[1]PN",
"sig": "@saao/saa05%akk-x-neoass:{1}DI-mu-EN=Šulmu-beli[1//1]PN'PN$Šulmu-beli",
"f": {"lang": "akk-x-neoass",
"form": "{1}DI-mu-EN",
"cf": "Šulmu-beli",
"gw": "1",
"sense": "1",
"norm": "Šulmu-beli",
"pos": "PN",
"epos": "PN"}
}
,
{
"node": "d",
"type": "line-start",
"ref": "P313546.4",
"n": "3",
"label": "o 3"}
,
{
"node": "l",
"frag": "lu-u",
"id": "P313546.l03164",
"ref": "P313546.4.1",
"inst": "lū[may]MOD",
"sig": "@saao/saa05%akk-x-neoass:lu-u=lū[may//may]MOD'MOD$lū",
"f": {"lang": "akk-x-neoass",
"form": "lu-u",
"cf": "lū",
"gw": "may",
"sense": "may",
"norm": "lū",
"pos": "MOD",
"epos": "MOD"}
}
,
{
"node": "l",
"frag": "⸢DI⸣-[mu",
"id": "P313546.l03165",
"ref": "P313546.4.2",
"inst": "šulmu[health]N",
"sig": "@saao/saa05%akk-x-neoass:DI-mu=šulmu[completeness//health]N'N$šulmu",
"f": {"lang": "akk-x-neoass",
"form": "DI-mu",
"cf": "šulmu",
"gw": "completeness",
"sense": "health",
"norm": "šulmu",
"pos": "N",
"epos": "N"}
}
,
{
"node": "l",
"frag": "a-na",
"id": "P313546.l03166",
"ref": "P313546.4.3",
"inst": "ana[to]PRP",
"sig": "@saao/saa05%akk-x-neoass:a-na=ana[to//to]PRP'PRP$ana",
"f": {"lang": "akk-x-neoass",
"form": "a-na",
"cf": "ana",
"gw": "to",
"sense": "to",
"norm": "ana",
"pos": "PRP",
"epos": "PRP"}
}
,
{
"node": "l",
"frag": "LUGAL]",
"id": "P313546.l03167",
"ref": "P313546.4.4",
"inst": "šarri[king]N",
"sig": "@saao/saa05%akk-x-neoass:LUGAL=šarru[king//king]N'N$šarri",
"f": {"lang": "akk-x-neoass",
"form": "LUGAL",
"cf": "šarru",
"gw": "king",
"sense": "king",
"norm": "šarri",
"pos": "N",
"epos": "N"}
}
,
{
"node": "l",
"frag": "⸢EN⸣-ia₂",
"id": "P313546.l03168",
"ref": "P313546.4.5",
"inst": "bēlīya[lord]N",
"sig": "@saao/saa05%akk-x-neoass:EN-ia₂=bēlu[lord//lord]N'N$bēlīya",
"f": {"lang": "akk-x-neoass",
"form": "EN-ia₂",
"cf": "bēlu",
"gw": "lord",
"sense": "lord",
"norm": "bēlīya",
"pos": "N",
"epos": "N"}
}
,
{
"node": "d",
"type": "line-start",
"ref": "P313546.5",
"n": "4",
"label": "o 4"}
,
{
"node": "l",
"frag": "UGU",
"id": "P313546.l03169",
"ref": "P313546.5.1",
"inst": "muhhu[skull//concerning]N'PRP$muhhi",
"sig": "@saao/saa05%akk-x-neoass:UGU=muhhu[skull//concerning]N'PRP$muhhi",
"f": {"lang": "akk-x-neoass",
"form": "UGU",
"cf": "muhhu",
"gw": "skull",
"sense": "concerning",
"norm": "muhhi",
"pos": "N",
"epos": "PRP"}
}
,
{
"node": "l",
"frag": "{1}[x",
"id": "P313546.l0316a",
"ref": "P313546.5.2",
"inst": "u",
"f": {"lang": "akk-x-neoass",
"form": "{1}x",
"pos": "u"}
}
,
{
"node": "l",
"frag": "x",
"id": "P313546.l0316b",
"ref": "P313546.5.3",
"inst": "u",
"f": {"lang": "akk-x-neoass",
"form": "x",
"pos": "u"}
}
,
{
"node": "l",
"frag": "x",
"id": "P313546.l0316c",
"ref": "P313546.5.4",
"inst": "u",
"f": {"lang": "akk-x-neoass",
"form": "x",
"pos": "u"}
}
,
{
"node": "l",
"frag": "x]",
"id": "P313546.l0316d",
"ref": "P313546.5.5",
"inst": "u",
"f": {"lang": "akk-x-neoass",
"form": "x",
"pos": "u"}
}
,
{
"node": "d",
"type": "line-start",
"ref": "P313546.6",
"n": "5",
"label": "o 5"}
,
{
"node": "l",
"frag": "{lu₂vy}03.[U₅",
"id": "P313546.l0316e",
"ref": "P313546.6.1",
"inst": "tašlīšu[third man on chariot]N",
"sig": "@saao/saa05%akk-x-neoass:{LU₂}03.U₅=tašlīšu[third man on chariot//third man on chariot]N'N$tašlīšu",
"f": {"lang": "akk-x-neoass",
"form": "{LU₂}03.U₅",
"cf": "tašlīšu",
"gw": "third man on chariot",
"sense": "third man on chariot",
"norm": "tašlīšu",
"pos": "N",
"epos": "N"}
}
,
{
"node": "l",
"frag": "x",
"id": "P313546.l0316f",
"ref": "P313546.6.2",
"inst": "u",
"f": {"lang": "akk-x-neoass",
"form": "x",
"pos": "u"}
}
,
{
"node": "l",
"frag": "x",
"id": "P313546.l03170",
"ref": "P313546.6.3",
"inst": "u",
"f": {"lang": "akk-x-neoass",
"form": "x",
"pos": "u"}
}
,
{
"node": "l",
"frag": "x]",
"id": "P313546.l03171",
"ref": "P313546.6.4",
"inst": "u",
"f": {"lang": "akk-x-neoass",
"form": "x",
"pos": "u"}
}
,
{
"node": "d",
"type": "line-start",
"ref": "P313546.7",
"n": "6",
"label": "o 6"}
,
{
"node": "l",
"frag": "ša\\ydm",
"id": "P313546.l03172",
"ref": "P313546.7.1",
"inst": "ša[who]REL",
"sig": "@saao/saa05%akk-x-neoass:ša=ša[that//who]REL'REL$ša",
"f": {"lang": "akk-x-neoass",
"form": "ša",
"cf": "ša",
"gw": "that",
"sense": "who",
"norm": "ša",
"pos": "REL",
"epos": "REL"}
}
,
{
"node": "l",
"frag": "{1}x",
"id": "P313546.l03173",
"ref": "P313546.7.2",
"inst": "u",
"f": {"lang": "akk-x-neoass",
"form": "{1}x",
"pos": "u"}
}
,
{
"node": "l",
"frag": "x",
"id": "P313546.l03174",
"ref": "P313546.7.3",
"inst": "u",
"f": {"lang": "akk-x-neoass",
"form": "x",
"pos": "u"}
}
,
{
"node": "l",
"frag": "x",
"id": "P313546.l03175",
"ref": "P313546.7.4",
"inst": "u",
"f": {"lang": "akk-x-neoass",
"form": "x",
"pos": "u"}
}
,
{
"node": "l",
"frag": "x]",
"id": "P313546.l03176",
"ref": "P313546.7.5",
"inst": "u",
"f": {"lang": "akk-x-neoass",
"form": "x",
"pos": "u"}
}
,
{
"node": "d",
"type": "line-start",
"ref": "P313546.8",
"n": "7",
"label": "o 7"}
,
{
"node": "l",
"frag": "DUMU",
"id": "P313546.l03177",
"ref": "P313546.8.1",
"inst": "māru[son]N$marʾu",
"sig": "@saao/saa05%akk-x-neoass:DUMU=māru[son//son]N'N$marʾu",
"f": {"lang": "akk-x-neoass",
"form": "DUMU",
"cf": "māru",
"gw": "son",
"sense": "son",
"norm": "marʾu",
"pos": "N",
"epos": "N"}
}
,
{
"node": "l",
"frag": "[x",
"id": "P313546.l03178",
"ref": "P313546.8.2",
"inst": "u",
"f": {"lang": "akk-x-neoass",
"form": "x",
"pos": "u"}
}
,
{
"node": "l",
"frag": "x",
"id": "P313546.l03179",
"ref": "P313546.8.3",
"inst": "u",
"f": {"lang": "akk-x-neoass",
"form": "x",
"pos": "u"}
}
,
{
"node": "l",
"frag": "x",
"id": "P313546.l0317a",
"ref": "P313546.8.4",
"inst": "u",
"f": {"lang": "akk-x-neoass",
"form": "x",
"pos": "u"}
}
,
{
"node": "l",
"frag": "x]",
"id": "P313546.l0317b",
"ref": "P313546.8.5",
"inst": "u",
"f": {"lang": "akk-x-neoass",
"form": "x",
"pos": "u"}
}
,
{
"node": "d",
"type": "line-start",
"ref": "P313546.9",
"n": "8",
"label": "o 8"}
,
{
"node": "l",
"frag": "ša\\ydm",
"id": "P313546.l0317c",
"ref": "P313546.9.1",
"inst": "ša[who]REL",
"sig": "@saao/saa05%akk-x-neoass:ša=ša[that//who]REL'REL$ša",
"f": {"lang": "akk-x-neoass",
"form": "ša",
"cf": "ša",
"gw": "that",
"sense": "who",
"norm": "ša",
"pos": "REL",
"epos": "REL"}
}
,
{
"node": "l",
"frag": "⸢LUGAL⸣",
"id": "P313546.l0317d",
"ref": "P313546.9.2",
"inst": "šarru[king]N",
"sig": "@saao/saa05%akk-x-neoass:LUGAL=šarru[king//king]N'N$šarru",
"f": {"lang": "akk-x-neoass",
"form": "LUGAL",
"cf": "šarru",
"gw": "king",
"sense": "king",
"norm": "šarru",
"pos": "N",
"epos": "N"}
}
,
{
"node": "l",
"frag": "[be-li₂]",
"id": "P313546.l0317e",
"ref": "P313546.9.3",
"inst": "bēlī[lord]N",
"sig": "@saao/saa05%akk-x-neoass:be-li₂=bēlu[lord//lord]N'N$bēlī",
"f": {"lang": "akk-x-neoass",
"form": "be-li₂",
"cf": "bēlu",
"gw": "lord",
"sense": "lord",
"norm": "bēlī",
"pos": "N",
"epos": "N"}
}
,
{
"node": "d",
"type": "line-start",
"ref": "P313546.10",
"n": "9",
"label": "o 9"}
,
{
"node": "l",
"frag": "iš-⸢pur⸣-[an-ni",
"id": "P313546.l0317f",
"ref": "P313546.10.1",
"inst": "išpuranni[write]V",
"sig": "@saao/saa05%akk-x-neoass:iš-pur-an-ni=šapāru[send//write]V'V$išpuranni",
"f": {"lang": "akk-x-neoass",
"form": "iš-pur-an-ni",
"cf": "šapāru",
"gw": "send",
"sense": "write",
"norm": "išpuranni",
"pos": "V",
"epos": "V"}
}
,
{
"node": "l",
"frag": "ma-a]",
"id": "P313546.l03180",
"ref": "P313546.10.2",
"inst": "mā[saying]PRP",
"sig": "@saao/saa05%akk-x-neoass:ma-a=mā[saying//saying]PRP'PRP$mā",
"f": {"lang": "akk-x-neoass",
"form": "ma-a",
"cf": "mā",
"gw": "saying",
"sense": "saying",
"norm": "mā",
"pos": "PRP",
"epos": "PRP"}
}
,
{
"node": "d",
"type": "line-start",
"ref": "P313546.11",
"n": "10",
"label": "o 10"}
,
{
"node": "l",
"frag": "re-⸢su⸣",
"id": "P313546.l03181",
"ref": "P313546.11.1",
"inst": "rēšu[head]N$rēssu",
"sig": "@saao/saa05%akk-x-neoass:re-su=rēšu[head//head]N'N$rēssu",
"f": {"lang": "akk-x-neoass",
"form": "re-su",
"cf": "rēšu",
"gw": "head",
"sense": "head",
"norm": "rēssu",
"pos": "N",
"epos": "N"}
}
,
{
"node": "l",
"frag": "[i-ši]",
"id": "P313546.l03182",
"ref": "P313546.11.2",
"inst": "našû[lift//summon]V$išši",
"sig": "@saao/saa05%akk-x-neoass:i-ši=našû[lift//summon]V'V$išši",
"f": {"lang": "akk-x-neoass",
"form": "i-ši",
"cf": "našû",
"gw": "lift",
"sense": "summon",
"norm": "išši",
"pos": "V",
"epos": "V"}
}
,
{
"node": "d",
"type": "line-start",
"ref": "P313546.12",
"n": "11",
"label": "o 11"}
,
{
"node": "l",
"frag": "ma-a",
"id": "P313546.l03183",
"ref": "P313546.12.1",
"inst": "mā[saying]PRP",
"sig": "@saao/saa05%akk-x-neoass:ma-a=mā[saying//saying]PRP'PRP$mā",
"f": {"lang": "akk-x-neoass",
"form": "ma-a",
"cf": "mā",
"gw": "saying",
"sense": "saying",
"norm": "mā",
"pos": "PRP",
"epos": "PRP"}
}
,
{
"node": "l",
"frag": "⸢x⸣+[x",
"id": "P313546.l03184",
"ref": "P313546.12.2",
"inst": "u",
"f": {"lang": "akk-x-neoass",
"form": "x+x",
"pos": "u"}
}
,
{
"node": "l",
"frag": "x",
"id": "P313546.l03185",
"ref": "P313546.12.3",
"inst": "u",
"f": {"lang": "akk-x-neoass",
"form": "x",
"pos": "u"}
}
,
{
"node": "l",
"frag": "x",
"id": "P313546.l03186",
"ref": "P313546.12.4",
"inst": "u",
"f": {"lang": "akk-x-neoass",
"form": "x",
"pos": "u"}
}
,
{
"node": "l",
"frag": "x]",
"id": "P313546.l03187",
"ref": "P313546.12.5",
"inst": "u",
"f": {"lang": "akk-x-neoass",
"form": "x",
"pos": "u"}
}
,
{
"node": "d",
"type": "line-start",
"ref": "P313546.13",
"n": "12",
"label": "o 12"}
,
{
"node": "l",
"frag": "⸢TA",
"id": "P313546.l03188",
"ref": "P313546.13.1",
"inst": "issu[from]PRP",
"sig": "@saao/saa05%akk-x-neoass:TA=ištu[from//from]PRP'PRP$issu",
"f": {"lang": "akk-x-neoass",
"form": "TA",
"cf": "ištu",
"gw": "from",
"sense": "from",
"norm": "issu",
"pos": "PRP",
"epos": "PRP"}
}
,
{
"node": "l",
"frag": "x⸣+[x",
"id": "P313546.l03189",
"ref": "P313546.13.2",
"inst": "u",
"f": {"lang": "akk-x-neoass",
"form": "x+x",
"pos": "u"}
}
,
{
"node": "l",
"frag": "x",
"id": "P313546.l0318a",
"ref": "P313546.13.3",
"inst": "u",
"f": {"lang": "akk-x-neoass",
"form": "x",
"pos": "u"}
}
,
{
"node": "l",
"frag": "x",
"id": "P313546.l0318b",
"ref": "P313546.13.4",
"inst": "u",
"f": {"lang": "akk-x-neoass",
"form": "x",
"pos": "u"}
}
,
{
"node": "l",
"frag": "x]",
"id": "P313546.l0318c",
"ref": "P313546.13.5",
"inst": "u",
"f": {"lang": "akk-x-neoass",
"form": "x",
"pos": "u"}
}
,
{
"node": "d",
"type": "nonx",
"ref": "P313546.14",
"strict": "0",
"state": "other"}
,
{
"node": "d",
"type": "line-start",
"ref": "P313546.15",
"n": "13",
"label": "o 13"}
,
{
"node": "l",
"frag": "⸢i-x⸣+[x",
"id": "P313546.l0318d",
"ref": "P313546.15.1",
"inst": "u",
"f": {"lang": "akk-x-neoass",
"form": "i-x+x",
"pos": "u"}
}
,
{
"node": "l",
"frag": "x",
"id": "P313546.l0318e",
"ref": "P313546.15.2",
"inst": "u",
"f": {"lang": "akk-x-neoass",
"form": "x",
"pos": "u"}
}
,
{
"node": "l",
"frag": "x",
"id": "P313546.l0318f",
"ref": "P313546.15.3",
"inst": "u",
"f": {"lang": "akk-x-neoass",
"form": "x",
"pos": "u"}
}
,
{
"node": "l",
"frag": "x]",
"id": "P313546.l03190",
"ref": "P313546.15.4",
"inst": "u",
"f": {"lang": "akk-x-neoass",
"form": "x",
"pos": "u"}
}
,
{
"node": "d",
"subtype": "reverse",
"type": "surface",
"ref": "P313546.r.16",
"type": "reverse",
"label": "r"}
,
{
"node": "d",
"type": "line-start",
"ref": "P313546.17",
"n": "1",
"label": "r 1"}
,
{
"node": "l",
"frag": "[iq-ṭi₂-bu]-⸢ni⸣",
"id": "P313546.l03191",
"ref": "P313546.17.1",
"inst": "qabû[say]V$iqṭibûni",
"sig": "@saao/saa05%akk-x-neoass:iq-ṭi₂-bu-ni=qabû[say//say]V'V$iqṭibûni",
"f": {"lang": "akk-x-neoass",
"form": "iq-ṭi₂-bu-ni",
"cf": "qabû",
"gw": "say",
"sense": "say",
"norm": "iqṭibûni",
"pos": "V",
"epos": "V"}
}
,
{
"node": "l",
"frag": "ma-a",
"id": "P313546.l03192",
"ref": "P313546.17.2",
"inst": "mā[saying]PRP",
"sig": "@saao/saa05%akk-x-neoass:ma-a=mā[saying//saying]PRP'PRP$mā",
"f": {"lang": "akk-x-neoass",
"form": "ma-a",
"cf": "mā",
"gw": "saying",
"sense": "saying",
"norm": "mā",
"pos": "PRP",
"epos": "PRP"}
}
,
{
"node": "c",
"type": "phrase",
"tag": "phr",
"id": "P313546.U4",
"ref": "P313546.ls00000",
"cdl": [
{
"node": "l",
"frag": "EN-{giš}⸢GIGIR⸣",
"id": "P313546.l03193",
"ref": "P313546.17.3",
"cof-tails": "P313546.l03194",
"inst": "bēlu[lord]N$bēl&mugerru[chariot]N$mugirri",
"sig": "@saao/saa05%akk-x-neoass:EN-{GIŠ}GIGIR=bēlu[lord//lord]N'N$bēl&&@saao%akk-x-neoass:=mugerru[chariot//chariot]N'N$mugirri",
"f": {"lang": "akk-x-neoass",
"form": "EN-{GIŠ}GIGIR",
"cf": "bēlu",
"gw": "lord",
"sense": "lord",
"norm": "bēl",
"pos": "N",
"epos": "N"}
}
,
{
"node": "l",
"frag": "EN-{giš}⸢GIGIR⸣",
"id": "P313546.l03194",
"ref": "P313546.17.3",
"cof-head": "P313546.l03193",
"inst": "bēlu[lord]N$bēl&mugerru[chariot]N$mugirri",
"tail-sig": "@saao%akk-x-neoass:=mugerru[chariot//chariot]N'N$mugirri",
"f": {"lang": "akk-x-neoass",
"form": "EN-{GIŠ}GIGIR",
"cf": "mugerru",
"gw": "chariot",
"sense": "chariot",
"norm": "mugirri",
"pos": "N",
"epos": "N"}
}
]}
,
{
"node": "d",
"type": "line-start",
"ref": "P313546.18",
"n": "2",
"label": "r 2"}
,
{
"node": "l",
"frag": "[ša",
"id": "P313546.l03195",
"ref": "P313546.18.1",
"inst": "ša[that]REL",
"sig": "@saao/saa05%akk-x-neoass:ša=ša[that//that]REL'REL$ša",
"f": {"lang": "akk-x-neoass",
"form": "ša",
"cf": "ša",
"gw": "that",
"sense": "that",
"norm": "ša",
"pos": "REL",
"epos": "REL"}
}
,
{
"node": "l",
"frag": "i]-si-šu₂",
"id": "P313546.l03196",
"ref": "P313546.18.2",
"inst": "issīšu[with]PRP",
"sig": "@saao/saa05%akk-x-neoass:i-si-šu₂=išti[with//with]PRP'PRP$issīšu",
"f": {"lang": "akk-x-neoass",
"form": "i-si-šu₂",
"cf": "išti",
"gw": "with",
"sense": "with",
"norm": "issīšu",
"pos": "PRP",
"epos": "PRP"}
}
,
{
"node": "d",
"type": "line-start",
"ref": "P313546.19",
"n": "3",
"label": "r 3"}
,
{
"node": "l",
"frag": "[i]-⸢lu-ku⸣-u-ni",
"id": "P313546.l03197",
"ref": "P313546.19.1",
"inst": "alāku[go]V$illukūni",
"sig": "@saao/saa05%akk-x-neoass:i-lu-ku-u-ni=alāku[go//go]V'V$illukūni",
"f": {"lang": "akk-x-neoass",
"form": "i-lu-ku-u-ni",
"cf": "alāku",
"gw": "go",
"sense": "go",
"norm": "illukūni",
"pos": "V",
"epos": "V"}
}
,
{
"node": "d",
"type": "line-start",
"ref": "P313546.20",
"n": "4",
"label": "r 4"}
,
{
"node": "l",
"frag": "[x]",
"id": "P313546.l03198",
"ref": "P313546.20.1",
"inst": "u",
"f": {"lang": "akk-x-neoass",
"form": "x",
"pos": "u"}
}
,
{
"node": "l",
"frag": "⸢x⸣",
"id": "P313546.l03199",
"ref": "P313546.20.2",
"inst": "u",
"f": {"lang": "akk-x-neoass",
"form": "x",
"pos": "u"}
}
,
{
"node": "l",
"frag": "i-na\\t-ši",
"id": "P313546.l0319a",
"ref": "P313546.20.3",
"inst": "našû[lift//summon]V$inašši",
"sig": "@saao/saa05%akk-x-neoass:i-na-ši=našû[lift//summon]V'V$inašši",
"f": {"lang": "akk-x-neoass",
"form": "i-na-ši",
"cf": "našû",
"gw": "lift",
"sense": "summon",
"norm": "inašši",
"pos": "V",
"epos": "V"}
}
,
{
"node": "d",
"type": "line-start",
"ref": "P313546.21",
"n": "5",
"label": "r 5"}
,
{
"node": "l",
"frag": "[ma]",
"id": "P313546.l0319b",
"ref": "P313546.21.1",
"inst": "mā[saying]PRP",
"sig": "@saao/saa05%akk-x-neoass:ma=mā[saying//saying]PRP'PRP$mā",
"f": {"lang": "akk-x-neoass",
"form": "ma",
"cf": "mā",
"gw": "saying",
"sense": "saying",
"norm": "mā",
"pos": "PRP",
"epos": "PRP"}
}
,
{
"node": "l",
"frag": "ina",
"id": "P313546.l0319c",
"ref": "P313546.21.2",
"inst": "ina[in//to]PRP$",
"sig": "@saao/saa05%akk-x-neoass:ina=ina[in//to]PRP'PRP$ina",
"f": {"lang": "akk-x-neoass",
"form": "ina",
"cf": "ina",
"gw": "in",
"sense": "to",
"norm": "ina",
"pos": "PRP",
"epos": "PRP"}
}
,
{
"node": "l",
"frag": "{uru}⸢arba-il₃⸣",
"id": "P313546.l0319d",
"ref": "P313546.21.3",
"inst": "Arbail[Arbela]GN",
"sig": "@saao/saa05%akk-x-neoass:{URU}arba-il₃=Arbail[Arbela//Arbela]GN'GN$Arbail",
"f": {"lang": "akk-x-neoass",
"form": "{URU}arba-il₃",
"cf": "Arbail",
"gw": "Arbela",
"sense": "Arbela",
"norm": "Arbail",
"pos": "GN",
"epos": "GN"}
}
,
{
"node": "d",
"type": "line-start",
"ref": "P313546.22",
"n": "6",
"label": "r 6"}
,
{
"node": "l",
"frag": "⸢i-ta⸣-lak",
"id": "P313546.l0319e",
"ref": "P313546.22.1",
"inst": "alāku[go]V$ittalak",
"sig": "@saao/saa05%akk-x-neoass:i-ta-lak=alāku[go//go]V'V$ittalak",
"f": {"lang": "akk-x-neoass",
"form": "i-ta-lak",
"cf": "alāku",
"gw": "go",
"sense": "go",
"norm": "ittalak",
"pos": "V",
"epos": "V"}
}
,
{
"node": "d",
"type": "nonx",
"ref": "P313546.23",
"strict": "0",
"extent": "rest",
"state": "other"}
]}
]}
]}
,
{
"linkbase": [{
"type": "linkset",
"xlink_title": "bēl mugirri[chariot owner//chariot owner]N'N",
"id": "P313546.ls00000",
"xlink_type": "extended",
"xlink_role": "psu",
"sig": "{bēlu[lord]N mugerru[chariot]N += bēl mugirri[chariot owner//chariot owner]N'N}::@saao%akk-x-neoass:EN-{GIŠ}GIGIR=bēlu[lord//lord]N'N$bēl++@saao%akk-x-neoass:EN-{GIŠ}GIGIR=mugerru[chariot//chariot]N'N$mugirri",
"links": [
{
"type": "link",
"xlink_title": "bēlu",
"xlink_type": "locator",
"xlink_href": "#P313546.l03193",
"xlink_role": "elt"}
,
{
"type": "link",
"xlink_title": "mugerru",
"xlink_type": "locator",
"xlink_href": "#P313546.l03194",
"xlink_role": "elt"}
]}
]}
]}
