{
"type": "cdl",
  "source": "http://oracc.org/saao/saa05",
  "license": "This data is released under the CC0 license",
  "license-url": "https://creativecommons.org/publicdomain/zero/1.0/",
  "more-info": "http://oracc.org/doc/opendata/",
  "UTC-timestamp": "2017-05-19T11:27:32",
"project": "saao/saa05",
"textid": "P313932",
"cdl": [
{
"node": "c",
"type": "text",
"id": "P313932.U0",
"cdl": [
{
"node": "d",
"type": "object",
"ref": ""}
,
{
"node": "d",
"subtype": "obverse",
"type": "surface",
"ref": "P313932.o.1",
"type": "obverse",
"label": "o"}
,
{
"node": "d",
"type": "nonx",
"ref": "P313932.2",
"strict": "0",
"extent": "beginning",
"state": "missing"}
,
{
"node": "c",
"type": "discourse",
"subtype": "body",
"id": "P313932.U1",
"cdl": [
{
"node": "c",
"type": "sentence",
"id": "P313932.U2",
"label": "o 1' - r 4",
"cdl": [
{
"node": "d",
"type": "line-start",
"ref": "P313932.3",
"n": "1'",
"label": "o 1'"}
,
{
"node": "l",
"frag": "[x",
"id": "P313932.l03f26",
"ref": "P313932.3.1",
"inst": "u",
"f": {"lang": "akk-x-neoass",
"form": "x",
"pos": "u"}
}
,
{
"node": "l",
"frag": "x",
"id": "P313932.l03f27",
"ref": "P313932.3.2",
"inst": "u",
"f": {"lang": "akk-x-neoass",
"form": "x",
"pos": "u"}
}
,
{
"node": "l",
"frag": "x",
"id": "P313932.l03f28",
"ref": "P313932.3.3",
"inst": "u",
"f": {"lang": "akk-x-neoass",
"form": "x",
"pos": "u"}
}
,
{
"node": "l",
"frag": "x]-⸢ru⸣",
"id": "P313932.l03f29",
"ref": "P313932.3.4",
"inst": "u",
"f": {"lang": "akk-x-neoass",
"form": "x-ru",
"pos": "u"}
}
,
{
"node": "c",
"type": "phrase",
"tag": "phr",
"id": "P313932.U4",
"ref": "P313932.ls00000",
"cdl": [
{
"node": "l",
"frag": "ina",
"id": "P313932.l03f2a",
"ref": "P313932.3.5",
"inst": "ina[in+=on]PRP",
"sig": "@saao/saa05%akk-x-neoass:ina=ina[in//in]PRP'PRP$ina",
"f": {"lang": "akk-x-neoass",
"form": "ina",
"cf": "ina",
"gw": "in",
"sense": "in",
"norm": "ina",
"pos": "PRP",
"epos": "PRP"}
}
,
{
"node": "l",
"frag": "⸢UGU⸣",
"id": "P313932.l03f2b",
"ref": "P313932.3.6",
"inst": "muhhi[skull]N",
"sig": "@saao/saa05%akk-x-neoass:UGU=muhhu[skull//skull]N'N$muhhi",
"f": {"lang": "akk-x-neoass",
"form": "UGU",
"cf": "muhhu",
"gw": "skull",
"sense": "skull",
"norm": "muhhi",
"pos": "N",
"epos": "N"}
}
]}
,
{
"node": "d",
"type": "line-start",
"ref": "P313932.4",
"n": "2'",
"label": "o 2'"}
,
{
"node": "l",
"frag": "[x",
"id": "P313932.l03f2c",
"ref": "P313932.4.1",
"inst": "u",
"f": {"lang": "akk-x-neoass",
"form": "x",
"pos": "u"}
}
,
{
"node": "l",
"frag": "x",
"id": "P313932.l03f2d",
"ref": "P313932.4.2",
"inst": "u",
"f": {"lang": "akk-x-neoass",
"form": "x",
"pos": "u"}
}
,
{
"node": "l",
"frag": "x]-⸢bu⸣-ti",
"id": "P313932.l03f2e",
"ref": "P313932.4.3",
"inst": "u",
"f": {"lang": "akk-x-neoass",
"form": "x-bu-ti",
"pos": "u"}
}
,
{
"node": "d",
"type": "line-start",
"ref": "P313932.5",
"n": "3'",
"label": "o 3'"}
,
{
"node": "l",
"frag": "[x",
"id": "P313932.l03f2f",
"ref": "P313932.5.1",
"inst": "u",
"f": {"lang": "akk-x-neoass",
"form": "x",
"pos": "u"}
}
,
{
"node": "l",
"frag": "x",
"id": "P313932.l03f30",
"ref": "P313932.5.2",
"inst": "u",
"f": {"lang": "akk-x-neoass",
"form": "x",
"pos": "u"}
}
,
{
"node": "l",
"frag": "x]",
"id": "P313932.l03f31",
"ref": "P313932.5.3",
"inst": "u",
"f": {"lang": "akk-x-neoass",
"form": "x",
"pos": "u"}
}
,
{
"node": "l",
"frag": "{⸢lu₂⸣}SAG",
"id": "P313932.l03f32",
"ref": "P313932.5.4",
"inst": "ša-rēši[eunuch]N",
"sig": "@saao/saa05%akk-x-neoass:{LU₂}SAG=ša-rēši[eunuch//eunuch]N'N$ša-rēši",
"f": {"lang": "akk-x-neoass",
"form": "{LU₂}SAG",
"cf": "ša-rēši",
"gw": "eunuch",
"sense": "eunuch",
"norm": "ša-rēši",
"pos": "N",
"epos": "N"}
}
,
{
"node": "d",
"type": "line-start",
"ref": "P313932.6",
"n": "4'",
"label": "o 4'"}
,
{
"node": "l",
"frag": "[x",
"id": "P313932.l03f33",
"ref": "P313932.6.1",
"inst": "u",
"f": {"lang": "akk-x-neoass",
"form": "x",
"pos": "u"}
}
,
{
"node": "l",
"frag": "x",
"id": "P313932.l03f34",
"ref": "P313932.6.2",
"inst": "u",
"f": {"lang": "akk-x-neoass",
"form": "x",
"pos": "u"}
}
,
{
"node": "l",
"frag": "x",
"id": "P313932.l03f35",
"ref": "P313932.6.3",
"inst": "u",
"f": {"lang": "akk-x-neoass",
"form": "x",
"pos": "u"}
}
,
{
"node": "l",
"frag": "x]",
"id": "P313932.l03f36",
"ref": "P313932.6.4",
"inst": "u",
"f": {"lang": "akk-x-neoass",
"form": "x",
"pos": "u"}
}
,
{
"node": "l",
"frag": "{kur}URI",
"id": "P313932.l03f37",
"ref": "P313932.6.5",
"inst": "Urarṭi[1]GN",
"sig": "@saao/saa05%akk-x-neoass:{KUR}URI=Urarṭu[1//1]GN'GN$Urarṭi",
"f": {"lang": "akk-x-neoass",
"form": "{KUR}URI",
"cf": "Urarṭu",
"gw": "1",
"sense": "1",
"norm": "Urarṭi",
"pos": "GN",
"epos": "GN"}
}
,
{
"node": "d",
"type": "line-start",
"ref": "P313932.7",
"n": "5'",
"label": "o 5'"}
,
{
"node": "l",
"frag": "[x",
"id": "P313932.l03f38",
"ref": "P313932.7.1",
"inst": "u",
"f": {"lang": "akk-x-neoass",
"form": "x",
"pos": "u"}
}
,
{
"node": "l",
"frag": "x",
"id": "P313932.l03f39",
"ref": "P313932.7.2",
"inst": "u",
"f": {"lang": "akk-x-neoass",
"form": "x",
"pos": "u"}
}
,
{
"node": "l",
"frag": "x",
"id": "P313932.l03f3a",
"ref": "P313932.7.3",
"inst": "u",
"f": {"lang": "akk-x-neoass",
"form": "x",
"pos": "u"}
}
,
{
"node": "l",
"frag": "x]",
"id": "P313932.l03f3b",
"ref": "P313932.7.4",
"inst": "u",
"f": {"lang": "akk-x-neoass",
"form": "x",
"pos": "u"}
}
,
{
"node": "l",
"frag": "⸢E₂⸣",
"id": "P313932.l03f3c",
"ref": "P313932.7.5",
"inst": "bēt[when]SBJ",
"sig": "@saao/saa05%akk-x-neoass:E₂=bīt[where//when]SBJ'SBJ$bēt",
"f": {"lang": "akk-x-neoass",
"form": "E₂",
"cf": "bīt",
"gw": "where",
"sense": "when",
"norm": "bēt",
"pos": "SBJ",
"epos": "SBJ"}
}
,
{
"node": "l",
"frag": "LUGAL",
"id": "P313932.l03f3d",
"ref": "P313932.7.6",
"inst": "šarru[king]N",
"sig": "@saao/saa05%akk-x-neoass:LUGAL=šarru[king//king]N'N$šarru",
"f": {"lang": "akk-x-neoass",
"form": "LUGAL",
"cf": "šarru",
"gw": "king",
"sense": "king",
"norm": "šarru",
"pos": "N",
"epos": "N"}
}
,
{
"node": "d",
"type": "line-start",
"ref": "P313932.8",
"n": "6'",
"label": "o 6'"}
,
{
"node": "l",
"frag": "[x",
"id": "P313932.l03f3e",
"ref": "P313932.8.1",
"inst": "u",
"f": {"lang": "akk-x-neoass",
"form": "x",
"pos": "u"}
}
,
{
"node": "l",
"frag": "x",
"id": "P313932.l03f3f",
"ref": "P313932.8.2",
"inst": "u",
"f": {"lang": "akk-x-neoass",
"form": "x",
"pos": "u"}
}
,
{
"node": "l",
"frag": "x",
"id": "P313932.l03f40",
"ref": "P313932.8.3",
"inst": "u",
"f": {"lang": "akk-x-neoass",
"form": "x",
"pos": "u"}
}
,
{
"node": "l",
"frag": "x",
"id": "P313932.l03f41",
"ref": "P313932.8.4",
"inst": "u",
"f": {"lang": "akk-x-neoass",
"form": "x",
"pos": "u"}
}
,
{
"node": "l",
"frag": "x]-si-hu",
"id": "P313932.l03f42",
"ref": "P313932.8.5",
"inst": "u",
"f": {"lang": "akk-x-neoass",
"form": "x-si-hu",
"pos": "u"}
}
,
{
"node": "d",
"subtype": "bottom",
"type": "surface",
"ref": "P313932.b.e..9",
"type": "bottom",
"label": "b.e."}
,
{
"node": "d",
"type": "nonx",
"ref": "P313932.10",
"strict": "0",
"state": "other"}
,
{
"node": "d",
"subtype": "reverse",
"type": "surface",
"ref": "P313932.r.11",
"type": "reverse",
"label": "r"}
,
{
"node": "d",
"type": "line-start",
"ref": "P313932.12",
"n": "1",
"label": "r 1"}
,
{
"node": "l",
"frag": "[x",
"id": "P313932.l03f43",
"ref": "P313932.12.1",
"inst": "u",
"f": {"lang": "akk-x-neoass",
"form": "x",
"pos": "u"}
}
,
{
"node": "l",
"frag": "x",
"id": "P313932.l03f44",
"ref": "P313932.12.2",
"inst": "u",
"f": {"lang": "akk-x-neoass",
"form": "x",
"pos": "u"}
}
,
{
"node": "l",
"frag": "x",
"id": "P313932.l03f45",
"ref": "P313932.12.3",
"inst": "u",
"f": {"lang": "akk-x-neoass",
"form": "x",
"pos": "u"}
}
,
{
"node": "l",
"frag": "x]-⸢šu₂⸣-nu",
"id": "P313932.l03f46",
"ref": "P313932.12.4",
"inst": "u",
"f": {"lang": "akk-x-neoass",
"form": "x-šu₂-nu",
"pos": "u"}
}
,
{
"node": "d",
"type": "line-start",
"ref": "P313932.13",
"n": "2",
"label": "r 2"}
,
{
"node": "l",
"frag": "[x",
"id": "P313932.l03f47",
"ref": "P313932.13.1",
"inst": "u",
"f": {"lang": "akk-x-neoass",
"form": "x",
"pos": "u"}
}
,
{
"node": "l",
"frag": "x",
"id": "P313932.l03f48",
"ref": "P313932.13.2",
"inst": "u",
"f": {"lang": "akk-x-neoass",
"form": "x",
"pos": "u"}
}
,
{
"node": "l",
"frag": "an-nu]-rig",
"id": "P313932.l03f49",
"ref": "P313932.13.3",
"inst": "annurig[now]AV",
"sig": "@saao/saa05%akk-x-neoass:an-nu-rig=annûri[now//now]AV'AV$annurig",
"f": {"lang": "akk-x-neoass",
"form": "an-nu-rig",
"cf": "annûri",
"gw": "now",
"sense": "now",
"norm": "annurig",
"pos": "AV",
"epos": "AV"}
}
,
{
"node": "d",
"type": "line-start",
"ref": "P313932.14",
"n": "3",
"label": "r 3"}
,
{
"node": "l",
"frag": "[a-na",
"id": "P313932.l03f4a",
"ref": "P313932.14.1",
"inst": "ana[to]PRP",
"sig": "@saao/saa05%akk-x-neoass:a-na=ana[to//to]PRP'PRP$ana",
"f": {"lang": "akk-x-neoass",
"form": "a-na",
"cf": "ana",
"gw": "to",
"sense": "to",
"norm": "ana",
"pos": "PRP",
"epos": "PRP"}
}
,
{
"node": "l",
"frag": "E₂].GAL",
"id": "P313932.l03f4b",
"ref": "P313932.14.2",
"inst": "ēkalli[palace]N",
"sig": "@saao/saa05%akk-x-neoass:E₂.GAL=ēkallu[palace//palace]N'N$ēkalli",
"f": {"lang": "akk-x-neoass",
"form": "E₂.GAL",
"cf": "ēkallu",
"gw": "palace",
"sense": "palace",
"norm": "ēkalli",
"pos": "N",
"epos": "N"}
}
,
{
"node": "d",
"type": "line-start",
"ref": "P313932.15",
"n": "4",
"label": "r 4"}
,
{
"node": "l",
"frag": "[u₂-se-bi]-⸢la⸣-šu₂-nu",
"id": "P313932.l03f4c",
"ref": "P313932.15.1",
"inst": "wabālu[send]V$ussēbilaššunu",
"sig": "@saao/saa05%akk-x-neoass:u₂-se-bi-la-šu₂-nu=wabālu[bring//send]V'V$ussēbilaššunu",
"f": {"lang": "akk-x-neoass",
"form": "u₂-se-bi-la-šu₂-nu",
"cf": "wabālu",
"gw": "bring",
"sense": "send",
"norm": "ussēbilaššunu",
"pos": "V",
"epos": "V"}
}
,
{
"node": "d",
"type": "nonx",
"ref": "P313932.16",
"strict": "0",
"extent": "rest",
"state": "other"}
]}
]}
]}
,
{
"linkbase": [{
"type": "linkset",
"xlink_title": "ina muhhi[on//about]PRP'PRP",
"id": "P313932.ls00000",
"xlink_type": "extended",
"xlink_role": "psu",
"sig": "{ina[in]PRP muhhu[skull]N += ina muhhi[on//about]PRP'PRP}::@saao%akk-x-neoass:ina=ina[in//into]PRP'PRP$ina++@saao%akk-x-neoass:UGU=muhhu[skull//skull]N'N$muhhi",
"links": [
{
"type": "link",
"xlink_title": "ina",
"xlink_type": "locator",
"xlink_href": "#P313932.l03f2a",
"xlink_role": "elt"}
,
{
"type": "link",
"xlink_title": "muhhi",
"xlink_type": "locator",
"xlink_href": "#P313932.l03f2b",
"xlink_role": "elt"}
]}
]}
]}
