{
"type": "cdl",
  "source": "http://oracc.org/saao/saa05",
  "license": "This data is released under the CC0 license",
  "license-url": "https://creativecommons.org/publicdomain/zero/1.0/",
  "more-info": "http://oracc.org/doc/opendata/",
  "UTC-timestamp": "2017-05-19T11:27:31",
"project": "saao/saa05",
"textid": "P313858",
"cdl": [
{
"node": "c",
"type": "text",
"id": "P313858.U0",
"cdl": [
{
"node": "d",
"type": "object",
"ref": ""}
,
{
"node": "d",
"subtype": "obverse",
"type": "surface",
"ref": "P313858.o.1",
"type": "obverse",
"label": "o"}
,
{
"node": "d",
"type": "nonx",
"ref": "P313858.2",
"strict": "0",
"extent": "beginning",
"state": "missing"}
,
{
"node": "c",
"type": "discourse",
"subtype": "body",
"id": "P313858.U1",
"cdl": [
{
"node": "c",
"type": "sentence",
"id": "P313858.U2",
"label": "o 1' - r 3",
"cdl": [
{
"node": "d",
"type": "line-start",
"ref": "P313858.3",
"n": "1'",
"label": "o 1'"}
,
{
"node": "l",
"frag": "[x",
"id": "P313858.l03f4d",
"ref": "P313858.3.1",
"inst": "u",
"f": {"lang": "akk-x-neoass",
"form": "x",
"pos": "u"}
}
,
{
"node": "l",
"frag": "x]",
"id": "P313858.l03f4e",
"ref": "P313858.3.2",
"inst": "u",
"f": {"lang": "akk-x-neoass",
"form": "x",
"pos": "u"}
}
,
{
"node": "l",
"frag": "⸢x",
"id": "P313858.l03f4f",
"ref": "P313858.3.3",
"inst": "u",
"f": {"lang": "akk-x-neoass",
"form": "x",
"pos": "u"}
}
,
{
"node": "l",
"frag": "x",
"id": "P313858.l03f50",
"ref": "P313858.3.4",
"inst": "u",
"f": {"lang": "akk-x-neoass",
"form": "x",
"pos": "u"}
}
,
{
"node": "l",
"frag": "x⸣",
"id": "P313858.l03f51",
"ref": "P313858.3.5",
"inst": "u",
"f": {"lang": "akk-x-neoass",
"form": "x",
"pos": "u"}
}
,
{
"node": "l",
"frag": "[x",
"id": "P313858.l03f52",
"ref": "P313858.3.6",
"inst": "u",
"f": {"lang": "akk-x-neoass",
"form": "x",
"pos": "u"}
}
,
{
"node": "l",
"frag": "x",
"id": "P313858.l03f53",
"ref": "P313858.3.7",
"inst": "u",
"f": {"lang": "akk-x-neoass",
"form": "x",
"pos": "u"}
}
,
{
"node": "l",
"frag": "x",
"id": "P313858.l03f54",
"ref": "P313858.3.8",
"inst": "u",
"f": {"lang": "akk-x-neoass",
"form": "x",
"pos": "u"}
}
,
{
"node": "l",
"frag": "x",
"id": "P313858.l03f55",
"ref": "P313858.3.9",
"inst": "u",
"f": {"lang": "akk-x-neoass",
"form": "x",
"pos": "u"}
}
,
{
"node": "l",
"frag": "x",
"id": "P313858.l03f56",
"ref": "P313858.3.10",
"inst": "u",
"f": {"lang": "akk-x-neoass",
"form": "x",
"pos": "u"}
}
,
{
"node": "l",
"frag": "x]",
"id": "P313858.l03f57",
"ref": "P313858.3.11",
"inst": "u",
"f": {"lang": "akk-x-neoass",
"form": "x",
"pos": "u"}
}
,
{
"node": "d",
"type": "line-start",
"ref": "P313858.4",
"n": "2'",
"label": "o 2'"}
,
{
"node": "l",
"frag": "ur-⸢ke-te⸣",
"id": "P313858.l03f58",
"ref": "P313858.4.1",
"inst": "arkītu[later//afterwards]AV$urkēte",
"sig": "@saao/saa05%akk-x-neoass:ur-ke-te=arkītu[later//afterwards]AV'AV$urkēte",
"f": {"lang": "akk-x-neoass",
"form": "ur-ke-te",
"cf": "arkītu",
"gw": "later",
"sense": "afterwards",
"norm": "urkēte",
"pos": "AV",
"epos": "AV"}
}
,
{
"node": "l",
"frag": "i-ta-la-⸢ak",
"id": "P313858.l03f59",
"ref": "P313858.4.2",
"inst": "alāku[go]V$ittalak",
"sig": "@saao/saa05%akk-x-neoass:i-ta-la-ak=alāku[go//go]V'V$ittalak",
"f": {"lang": "akk-x-neoass",
"form": "i-ta-la-ak",
"cf": "alāku",
"gw": "go",
"sense": "go",
"norm": "ittalak",
"pos": "V",
"epos": "V"}
}
,
{
"node": "l",
"frag": "{lu₂v⸣}[ERIM-MEŠ\\m",
"id": "P313858.l03f5a",
"ref": "P313858.4.3",
"inst": "ṣābāni[troops]N",
"sig": "@saao/saa05%akk-x-neoass:{LU₂}ERIM-MEŠ=ṣābu[people//troops]N'N$ṣābāni",
"f": {"lang": "akk-x-neoass",
"form": "{LU₂}ERIM-MEŠ",
"cf": "ṣābu",
"gw": "people",
"sense": "troops",
"norm": "ṣābāni",
"pos": "N",
"epos": "N"}
}
,
{
"node": "l",
"frag": "up-tah-hir]",
"id": "P313858.l03f5b",
"ref": "P313858.4.4",
"inst": "pahāru[gather]V$uptahhir",
"sig": "@saao/saa05%akk-x-neoass:up-tah-hir=pahāru[gather//gather]V'V$uptahhir",
"f": {"lang": "akk-x-neoass",
"form": "up-tah-hir",
"cf": "pahāru",
"gw": "gather",
"sense": "gather",
"norm": "uptahhir",
"pos": "V",
"epos": "V"}
}
,
{
"node": "d",
"type": "line-start",
"ref": "P313858.5",
"n": "3'",
"label": "o 3'"}
,
{
"node": "l",
"frag": "50",
"id": "P313858.l03f5c",
"ref": "P313858.5.1",
"inst": "n",
"f": {"lang": "akk-x-neoass",
"form": "50",
"pos": "n"}
}
,
{
"node": "c",
"type": "phrase",
"tag": "phr",
"id": "P313858.U4",
"ref": "P313858.ls00000",
"cdl": [
{
"node": "l",
"frag": "⸢ina",
"id": "P313858.l03f5d",
"ref": "P313858.5.2",
"inst": "ina[in+=from out of]PRP",
"sig": "@saao/saa05%akk-x-neoass:ina=ina[in//in]PRP'PRP$ina",
"f": {"lang": "akk-x-neoass",
"form": "ina",
"cf": "ina",
"gw": "in",
"sense": "in",
"norm": "ina",
"pos": "PRP",
"epos": "PRP"}
}
,
{
"node": "l",
"frag": "ŠA₃⸣-bi-šu₂-nu",
"id": "P313858.l03f5e",
"ref": "P313858.5.3",
"inst": "libbu[interior]N$libbišunu",
"sig": "@saao/saa05%akk-x-neoass:ŠA₃-bi-šu₂-nu=libbu[interior//interior]N'N$libbišunu",
"f": {"lang": "akk-x-neoass",
"form": "ŠA₃-bi-šu₂-nu",
"cf": "libbu",
"gw": "interior",
"sense": "interior",
"norm": "libbišunu",
"pos": "N",
"epos": "N"}
}
]}
,
{
"node": "l",
"frag": "GAZ-⸢MEŠ⸣",
"id": "P313858.l03f5f",
"ref": "P313858.5.4",
"inst": "dīku[killed]AJ$dēku",
"sig": "@saao/saa05%akk-x-neoass:GAZ-MEŠ=dīku[killed//killed]AJ'AJ$dēku",
"f": {"lang": "akk-x-neoass",
"form": "GAZ-MEŠ",
"cf": "dīku",
"gw": "killed",
"sense": "killed",
"norm": "dēku",
"pos": "AJ",
"epos": "AJ"}
}
,
{
"node": "l",
"frag": "[x",
"id": "P313858.l03f60",
"ref": "P313858.5.5",
"inst": "u",
"f": {"lang": "akk-x-neoass",
"form": "x",
"pos": "u"}
}
,
{
"node": "l",
"frag": "x",
"id": "P313858.l03f61",
"ref": "P313858.5.6",
"inst": "u",
"f": {"lang": "akk-x-neoass",
"form": "x",
"pos": "u"}
}
,
{
"node": "l",
"frag": "x]",
"id": "P313858.l03f62",
"ref": "P313858.5.7",
"inst": "u",
"f": {"lang": "akk-x-neoass",
"form": "x",
"pos": "u"}
}
,
{
"node": "d",
"type": "line-start",
"ref": "P313858.6",
"n": "4'",
"label": "o 4'"}
,
{
"node": "l",
"frag": "ma-a",
"id": "P313858.l03f63",
"ref": "P313858.6.1",
"inst": "mā[saying]PRP",
"sig": "@saao/saa05%akk-x-neoass:ma-a=mā[saying//saying]PRP'PRP$mā",
"f": {"lang": "akk-x-neoass",
"form": "ma-a",
"cf": "mā",
"gw": "saying",
"sense": "saying",
"norm": "mā",
"pos": "PRP",
"epos": "PRP"}
}
,
{
"node": "l",
"frag": "{lu₂v}ARAD-MEŠ\\m-ni",
"id": "P313858.l03f64",
"ref": "P313858.6.2",
"inst": "urdāni[servant]N",
"sig": "@saao/saa05%akk-x-neoass:{LU₂}ARAD-MEŠ-ni=ardu[slave//servant]N'N$urdāni",
"f": {"lang": "akk-x-neoass",
"form": "{LU₂}ARAD-MEŠ-ni",
"cf": "ardu",
"gw": "slave",
"sense": "servant",
"norm": "urdāni",
"pos": "N",
"epos": "N"}
}
,
{
"node": "l",
"frag": "ša\\dym",
"id": "P313858.l03f65",
"ref": "P313858.6.3",
"inst": "ša[of]DET",
"sig": "@saao/saa05%akk-x-neoass:ša=ša[of//of]DET'DET$ša",
"f": {"lang": "akk-x-neoass",
"form": "ša",
"cf": "ša",
"gw": "of",
"sense": "of",
"norm": "ša",
"pos": "DET",
"epos": "DET"}
}
,
{
"node": "l",
"frag": "LUGAL",
"id": "P313858.l03f66",
"ref": "P313858.6.4",
"inst": "šarri[king]N",
"sig": "@saao/saa05%akk-x-neoass:LUGAL=šarru[king//king]N'N$šarri",
"f": {"lang": "akk-x-neoass",
"form": "LUGAL",
"cf": "šarru",
"gw": "king",
"sense": "king",
"norm": "šarri",
"pos": "N",
"epos": "N"}
}
,
{
"node": "l",
"frag": "EN-ia₂",
"id": "P313858.l03f67",
"ref": "P313858.6.5",
"inst": "bēlīya[lord]N",
"sig": "@saao/saa05%akk-x-neoass:EN-ia₂=bēlu[lord//lord]N'N$bēlīya",
"f": {"lang": "akk-x-neoass",
"form": "EN-ia₂",
"cf": "bēlu",
"gw": "lord",
"sense": "lord",
"norm": "bēlīya",
"pos": "N",
"epos": "N"}
}
,
{
"node": "l",
"frag": "at-⸢tu₂⸣-[nu]",
"id": "P313858.l03f68",
"ref": "P313858.6.6",
"inst": "attunu[you (pl.)]IP",
"sig": "@saao/saa05%akk-x-neoass:at-tu₂-nu=attunu[you (pl.)//you (pl.)]IP'IP$attunu",
"f": {"lang": "akk-x-neoass",
"form": "at-tu₂-nu",
"cf": "attunu",
"gw": "you (pl.)",
"sense": "you (pl.)",
"norm": "attunu",
"pos": "IP",
"epos": "IP"}
}
,
{
"node": "d",
"type": "line-start",
"ref": "P313858.7",
"n": "5'",
"label": "o 5'"}
,
{
"node": "l",
"frag": "ma-a",
"id": "P313858.l03f69",
"ref": "P313858.7.1",
"inst": "mā[saying]PRP",
"sig": "@saao/saa05%akk-x-neoass:ma-a=mā[saying//saying]PRP'PRP$mā",
"f": {"lang": "akk-x-neoass",
"form": "ma-a",
"cf": "mā",
"gw": "saying",
"sense": "saying",
"norm": "mā",
"pos": "PRP",
"epos": "PRP"}
}
,
{
"node": "l",
"frag": "la",
"id": "P313858.l03f6a",
"ref": "P313858.7.2",
"inst": "lā[not]MOD",
"sig": "@saao/saa05%akk-x-neoass:la=lā[not//not]MOD'MOD$lā",
"f": {"lang": "akk-x-neoass",
"form": "la",
"cf": "lā",
"gw": "not",
"sense": "not",
"norm": "lā",
"pos": "MOD",
"epos": "MOD"}
}
,
{
"node": "l",
"frag": "{lu₂v}ARAD-MEŠ\\m-ni",
"id": "P313858.l03f6b",
"ref": "P313858.7.3",
"inst": "urdāni[servant]N",
"sig": "@saao/saa05%akk-x-neoass:{LU₂}ARAD-MEŠ-ni=ardu[slave//servant]N'N$urdāni",
"f": {"lang": "akk-x-neoass",
"form": "{LU₂}ARAD-MEŠ-ni",
"cf": "ardu",
"gw": "slave",
"sense": "servant",
"norm": "urdāni",
"pos": "N",
"epos": "N"}
}
,
{
"node": "l",
"frag": "ša\\dym",
"id": "P313858.l03f6c",
"ref": "P313858.7.4",
"inst": "ša[of]DET",
"sig": "@saao/saa05%akk-x-neoass:ša=ša[of//of]DET'DET$ša",
"f": {"lang": "akk-x-neoass",
"form": "ša",
"cf": "ša",
"gw": "of",
"sense": "of",
"norm": "ša",
"pos": "DET",
"epos": "DET"}
}
,
{
"node": "l",
"frag": "{kur}⸢ur⸣-[ar-ṭa-a.a]",
"id": "P313858.l03f6d",
"ref": "P313858.7.5",
"inst": "Urarṭaya[Urarṭian]EN$",
"sig": "@saao/saa05%akk-x-neoass:{KUR}ur-ar-ṭa-a.a=Urarṭaya[Urarṭian//Urarṭian]EN'EN$Urarṭaya",
"f": {"lang": "akk-x-neoass",
"form": "{KUR}ur-ar-ṭa-a.a",
"cf": "Urarṭaya",
"gw": "Urarṭian",
"sense": "Urarṭian",
"norm": "Urarṭaya",
"pos": "EN",
"epos": "EN"}
}
,
{
"node": "d",
"type": "line-start",
"ref": "P313858.8",
"n": "6'",
"label": "o 6'"}
,
{
"node": "l",
"frag": "⸢at⸣-tu₂-nu",
"id": "P313858.l03f6e",
"ref": "P313858.8.1",
"inst": "attunu[you (pl.)]IP",
"sig": "@saao/saa05%akk-x-neoass:at-tu₂-nu=attunu[you (pl.)//you (pl.)]IP'IP$attunu",
"f": {"lang": "akk-x-neoass",
"form": "at-tu₂-nu",
"cf": "attunu",
"gw": "you (pl.)",
"sense": "you (pl.)",
"norm": "attunu",
"pos": "IP",
"epos": "IP"}
}
,
{
"node": "l",
"frag": "ih-ta-an-šu₂",
"id": "P313858.l03f6f",
"ref": "P313858.8.2",
"inst": "ihtanšu[submit]V",
"sig": "@saao/saa05%akk-x-neoass:ih-ta-an-šu₂=kanāšu[bow down//submit]V'V$ihtanšu",
"f": {"lang": "akk-x-neoass",
"form": "ih-ta-an-šu₂",
"cf": "kanāšu",
"gw": "bow down",
"sense": "submit",
"norm": "ihtanšu",
"pos": "V",
"epos": "V"}
}
,
{
"node": "l",
"frag": "[x",
"id": "P313858.l03f70",
"ref": "P313858.8.3",
"inst": "u",
"f": {"lang": "akk-x-neoass",
"form": "x",
"pos": "u"}
}
,
{
"node": "l",
"frag": "x",
"id": "P313858.l03f71",
"ref": "P313858.8.4",
"inst": "u",
"f": {"lang": "akk-x-neoass",
"form": "x",
"pos": "u"}
}
,
{
"node": "l",
"frag": "x",
"id": "P313858.l03f72",
"ref": "P313858.8.5",
"inst": "u",
"f": {"lang": "akk-x-neoass",
"form": "x",
"pos": "u"}
}
,
{
"node": "l",
"frag": "x]",
"id": "P313858.l03f73",
"ref": "P313858.8.6",
"inst": "u",
"f": {"lang": "akk-x-neoass",
"form": "x",
"pos": "u"}
}
,
{
"node": "d",
"subtype": "reverse",
"type": "surface",
"ref": "P313858.r.9",
"type": "reverse",
"label": "r"}
,
{
"node": "d",
"type": "line-start",
"ref": "P313858.10",
"n": "1",
"label": "r 1"}
,
{
"node": "l",
"frag": "[x",
"id": "P313858.l03f74",
"ref": "P313858.10.1",
"inst": "u",
"f": {"lang": "akk-x-neoass",
"form": "x",
"pos": "u"}
}
,
{
"node": "l",
"frag": "x",
"id": "P313858.l03f75",
"ref": "P313858.10.2",
"inst": "u",
"f": {"lang": "akk-x-neoass",
"form": "x",
"pos": "u"}
}
,
{
"node": "l",
"frag": "x",
"id": "P313858.l03f76",
"ref": "P313858.10.3",
"inst": "u",
"f": {"lang": "akk-x-neoass",
"form": "x",
"pos": "u"}
}
,
{
"node": "l",
"frag": "x]",
"id": "P313858.l03f77",
"ref": "P313858.10.4",
"inst": "u",
"f": {"lang": "akk-x-neoass",
"form": "x",
"pos": "u"}
}
,
{
"node": "l",
"frag": "KALAG-⸢MEŠ⸣",
"id": "P313858.l03f78",
"ref": "P313858.10.5",
"inst": "dannūti[strong one]AJ'N",
"sig": "@saao/saa05%akk-x-neoass:KALAG-MEŠ=dannu[strong//strong one]AJ'N$dannūti",
"f": {"lang": "akk-x-neoass",
"form": "KALAG-MEŠ",
"cf": "dannu",
"gw": "strong",
"sense": "strong one",
"norm": "dannūti",
"pos": "AJ",
"epos": "N"}
}
,
{
"node": "l",
"frag": "[x",
"id": "P313858.l03f79",
"ref": "P313858.10.6",
"inst": "u",
"f": {"lang": "akk-x-neoass",
"form": "x",
"pos": "u"}
}
,
{
"node": "l",
"frag": "x",
"id": "P313858.l03f7a",
"ref": "P313858.10.7",
"inst": "u",
"f": {"lang": "akk-x-neoass",
"form": "x",
"pos": "u"}
}
,
{
"node": "l",
"frag": "x",
"id": "P313858.l03f7b",
"ref": "P313858.10.8",
"inst": "u",
"f": {"lang": "akk-x-neoass",
"form": "x",
"pos": "u"}
}
,
{
"node": "l",
"frag": "x]",
"id": "P313858.l03f7c",
"ref": "P313858.10.9",
"inst": "u",
"f": {"lang": "akk-x-neoass",
"form": "x",
"pos": "u"}
}
,
{
"node": "d",
"type": "line-start",
"ref": "P313858.11",
"n": "2",
"label": "r 2"}
,
{
"node": "l",
"frag": "[x",
"id": "P313858.l03f7d",
"ref": "P313858.11.1",
"inst": "u",
"f": {"lang": "akk-x-neoass",
"form": "x",
"pos": "u"}
}
,
{
"node": "l",
"frag": "x",
"id": "P313858.l03f7e",
"ref": "P313858.11.2",
"inst": "u",
"f": {"lang": "akk-x-neoass",
"form": "x",
"pos": "u"}
}
,
{
"node": "l",
"frag": "x",
"id": "P313858.l03f7f",
"ref": "P313858.11.3",
"inst": "u",
"f": {"lang": "akk-x-neoass",
"form": "x",
"pos": "u"}
}
,
{
"node": "l",
"frag": "x]-te",
"id": "P313858.l03f80",
"ref": "P313858.11.4",
"inst": "u",
"f": {"lang": "akk-x-neoass",
"form": "x-te",
"pos": "u"}
}
,
{
"node": "l",
"frag": "⸢x⸣+[x",
"id": "P313858.l03f81",
"ref": "P313858.11.5",
"inst": "u",
"f": {"lang": "akk-x-neoass",
"form": "x+x",
"pos": "u"}
}
,
{
"node": "l",
"frag": "x",
"id": "P313858.l03f82",
"ref": "P313858.11.6",
"inst": "u",
"f": {"lang": "akk-x-neoass",
"form": "x",
"pos": "u"}
}
,
{
"node": "l",
"frag": "x",
"id": "P313858.l03f83",
"ref": "P313858.11.7",
"inst": "u",
"f": {"lang": "akk-x-neoass",
"form": "x",
"pos": "u"}
}
,
{
"node": "l",
"frag": "x",
"id": "P313858.l03f84",
"ref": "P313858.11.8",
"inst": "u",
"f": {"lang": "akk-x-neoass",
"form": "x",
"pos": "u"}
}
,
{
"node": "l",
"frag": "x]",
"id": "P313858.l03f85",
"ref": "P313858.11.9",
"inst": "u",
"f": {"lang": "akk-x-neoass",
"form": "x",
"pos": "u"}
}
,
{
"node": "d",
"type": "line-start",
"ref": "P313858.12",
"n": "3",
"label": "r 3"}
,
{
"node": "l",
"frag": "[x",
"id": "P313858.l03f86",
"ref": "P313858.12.1",
"inst": "u",
"f": {"lang": "akk-x-neoass",
"form": "x",
"pos": "u"}
}
,
{
"node": "l",
"frag": "x",
"id": "P313858.l03f87",
"ref": "P313858.12.2",
"inst": "u",
"f": {"lang": "akk-x-neoass",
"form": "x",
"pos": "u"}
}
,
{
"node": "l",
"frag": "x]",
"id": "P313858.l03f88",
"ref": "P313858.12.3",
"inst": "u",
"f": {"lang": "akk-x-neoass",
"form": "x",
"pos": "u"}
}
,
{
"node": "l",
"frag": "02",
"id": "P313858.l03f89",
"ref": "P313858.12.4",
"inst": "n",
"f": {"lang": "akk-x-neoass",
"form": "02",
"pos": "n"}
}
,
{
"node": "l",
"frag": "lim",
"id": "P313858.l03f8a",
"ref": "P313858.12.5",
"inst": "līmu[thousand]NU",
"sig": "@saao/saa05%akk-x-neoass:lim=līm[thousand//thousand]NU'NU$līmu",
"f": {"lang": "akk-x-neoass",
"form": "lim",
"cf": "līm",
"gw": "thousand",
"sense": "thousand",
"norm": "līmu",
"pos": "NU",
"epos": "NU"}
}
,
{
"node": "l",
"frag": "⸢x⸣+[x",
"id": "P313858.l03f8b",
"ref": "P313858.12.6",
"inst": "u",
"f": {"lang": "akk-x-neoass",
"form": "x+x",
"pos": "u"}
}
,
{
"node": "l",
"frag": "x",
"id": "P313858.l03f8c",
"ref": "P313858.12.7",
"inst": "u",
"f": {"lang": "akk-x-neoass",
"form": "x",
"pos": "u"}
}
,
{
"node": "l",
"frag": "x",
"id": "P313858.l03f8d",
"ref": "P313858.12.8",
"inst": "u",
"f": {"lang": "akk-x-neoass",
"form": "x",
"pos": "u"}
}
,
{
"node": "l",
"frag": "x",
"id": "P313858.l03f8e",
"ref": "P313858.12.9",
"inst": "u",
"f": {"lang": "akk-x-neoass",
"form": "x",
"pos": "u"}
}
,
{
"node": "l",
"frag": "x]",
"id": "P313858.l03f8f",
"ref": "P313858.12.10",
"inst": "u",
"f": {"lang": "akk-x-neoass",
"form": "x",
"pos": "u"}
}
,
{
"node": "d",
"type": "nonx",
"ref": "P313858.13",
"strict": "0",
"extent": "rest",
"state": "missing"}
]}
]}
]}
,
{
"linkbase": [{
"type": "linkset",
"xlink_title": "ina libbi[in//(in exchange) for]PRP'PRP",
"id": "P313858.ls00000",
"xlink_type": "extended",
"xlink_role": "psu",
"sig": "{ina[in]PRP libbu[interior]N += ina libbi[in//(in exchange) for]PRP'PRP}::@saao%akk-x-neoass:ina=ina[in//into]PRP'PRP$ina++@saao%akk-x-neoass:ŠA₃-bi-šu₂-nu=libbu[interior//interior]N'N$libbišunu",
"links": [
{
"type": "link",
"xlink_title": "ina",
"xlink_type": "locator",
"xlink_href": "#P313858.l03f5d",
"xlink_role": "elt"}
,
{
"type": "link",
"xlink_title": "libbu",
"xlink_type": "locator",
"xlink_href": "#P313858.l03f5e",
"xlink_role": "elt"}
]}
]}
]}
