{
"type": "cdl",
  "source": "http://oracc.org/saao/saa05",
  "license": "This data is released under the CC0 license",
  "license-url": "https://creativecommons.org/publicdomain/zero/1.0/",
  "more-info": "http://oracc.org/doc/opendata/",
  "UTC-timestamp": "2017-05-19T11:27:22",
"project": "saao/saa05",
"textid": "P313529",
"cdl": [
{
"node": "c",
"type": "text",
"id": "P313529.U0",
"cdl": [
{
"node": "d",
"type": "object",
"ref": ""}
,
{
"node": "d",
"subtype": "obverse",
"type": "surface",
"ref": "P313529.o.1",
"type": "obverse",
"label": "o"}
,
{
"node": "d",
"type": "nonx",
"ref": "P313529.2",
"strict": "0",
"extent": "beginning",
"state": "missing"}
,
{
"node": "c",
"type": "discourse",
"subtype": "body",
"id": "P313529.U1",
"cdl": [
{
"node": "c",
"type": "sentence",
"id": "P313529.U2",
"label": "o 1' - r 7",
"cdl": [
{
"node": "d",
"type": "line-start",
"ref": "P313529.3",
"n": "1'",
"label": "o 1'"}
,
{
"node": "l",
"frag": "[x",
"id": "P313529.l0293d",
"ref": "P313529.3.1",
"inst": "u",
"f": {"lang": "akk-x-neoass",
"form": "x",
"pos": "u"}
}
,
{
"node": "l",
"frag": "x",
"id": "P313529.l0293e",
"ref": "P313529.3.2",
"inst": "u",
"f": {"lang": "akk-x-neoass",
"form": "x",
"pos": "u"}
}
,
{
"node": "l",
"frag": "x",
"id": "P313529.l0293f",
"ref": "P313529.3.3",
"inst": "u",
"f": {"lang": "akk-x-neoass",
"form": "x",
"pos": "u"}
}
,
{
"node": "l",
"frag": "{1}kaq]-qa-[da-nu]",
"id": "P313529.l02940",
"ref": "P313529.3.4",
"inst": "Kaqqadanu[1]PN",
"sig": "@saao/saa05%akk-x-neoass:{1}kaq-qa-da-nu=Kaqqadanu[1//1]PN'PN$Kaqqadanu",
"f": {"lang": "akk-x-neoass",
"form": "{1}kaq-qa-da-nu",
"cf": "Kaqqadanu",
"gw": "1",
"sense": "1",
"norm": "Kaqqadanu",
"pos": "PN",
"epos": "PN"}
}
,
{
"node": "d",
"type": "line-start",
"ref": "P313529.4",
"n": "2'",
"label": "o 2'"}
,
{
"node": "l",
"frag": "[x",
"id": "P313529.l02941",
"ref": "P313529.4.1",
"inst": "u",
"f": {"lang": "akk-x-neoass",
"form": "x",
"pos": "u"}
}
,
{
"node": "c",
"type": "phrase",
"tag": "phr",
"id": "P313529.U4",
"ref": "P313529.ls00000",
"cdl": [
{
"node": "l",
"frag": "ina",
"id": "P313529.l02942",
"ref": "P313529.4.2",
"inst": "ina[in+=before]PRP",
"sig": "@saao/saa05%akk-x-neoass:ina=ina[in//in]PRP'PRP$ina",
"f": {"lang": "akk-x-neoass",
"form": "ina",
"cf": "ina",
"gw": "in",
"sense": "in",
"norm": "ina",
"pos": "PRP",
"epos": "PRP"}
}
,
{
"node": "l",
"frag": "pa]-na-tu-u-[šu]",
"id": "P313529.l02943",
"ref": "P313529.4.3",
"inst": "pānātu[front]N$pānātūšu",
"sig": "@saao/saa05%akk-x-neoass:pa-na-tu-u-šu=pānātu[front//front]N'N$pānātūšu",
"f": {"lang": "akk-x-neoass",
"form": "pa-na-tu-u-šu",
"cf": "pānātu",
"gw": "front",
"sense": "front",
"norm": "pānātūšu",
"pos": "N",
"epos": "N"}
}
]}
,
{
"node": "d",
"type": "line-start",
"ref": "P313529.5",
"n": "3'",
"label": "o 3'"}
,
{
"node": "l",
"frag": "[ina]",
"id": "P313529.l02944",
"ref": "P313529.5.1",
"inst": "ina[in]PRP",
"sig": "@saao/saa05%akk-x-neoass:ina=ina[in//in]PRP'PRP$ina",
"f": {"lang": "akk-x-neoass",
"form": "ina",
"cf": "ina",
"gw": "in",
"sense": "in",
"norm": "ina",
"pos": "PRP",
"epos": "PRP"}
}
,
{
"node": "l",
"frag": "{⸢iti}DUL⸣",
"id": "P313529.l02945",
"ref": "P313529.5.2",
"inst": "Tašritu[Tishri]MN$Tašriti",
"sig": "@saao/saa05%akk-x-neoass:{ITI}DUL=Tašritu[Tishri//Tishri]MN'MN$Tašriti",
"f": {"lang": "akk-x-neoass",
"form": "{ITI}DUL",
"cf": "Tašritu",
"gw": "Tishri",
"sense": "Tishri",
"norm": "Tašriti",
"pos": "MN",
"epos": "MN"}
}
,
{
"node": "c",
"type": "phrase",
"tag": "phr",
"id": "P313529.U5",
"ref": "P313529.ls00001",
"cdl": [
{
"node": "l",
"frag": "ina",
"id": "P313529.l02946",
"ref": "P313529.5.3",
"inst": "ina[in+=in]PRP",
"sig": "@saao/saa05%akk-x-neoass:ina=ina[in//in]PRP'PRP$ina",
"f": {"lang": "akk-x-neoass",
"form": "ina",
"cf": "ina",
"gw": "in",
"sense": "in",
"norm": "ina",
"pos": "PRP",
"epos": "PRP"}
}
,
{
"node": "l",
"frag": "ŠA₃",
"id": "P313529.l02947",
"ref": "P313529.5.4",
"inst": "libbi[interior]N",
"sig": "@saao/saa05%akk-x-neoass:ŠA₃=libbu[interior//interior]N'N$libbi",
"f": {"lang": "akk-x-neoass",
"form": "ŠA₃",
"cf": "libbu",
"gw": "interior",
"sense": "interior",
"norm": "libbi",
"pos": "N",
"epos": "N"}
}
]}
,
{
"node": "l",
"frag": "{uru}u₂\\m-e-[si]",
"id": "P313529.l02948",
"ref": "P313529.5.5",
"inst": "Waisi[1]GN",
"sig": "@saao/saa05%akk-x-neoass:{URU}u₂-e-si=Waisi[1//1]GN'GN$Waisi",
"f": {"lang": "akk-x-neoass",
"form": "{URU}u₂-e-si",
"cf": "Waisi",
"gw": "1",
"sense": "1",
"norm": "Waisi",
"pos": "GN",
"epos": "GN"}
}
,
{
"node": "d",
"type": "line-start",
"ref": "P313529.6",
"n": "4'",
"label": "o 4'"}
,
{
"node": "l",
"frag": "[e]-tar-ba",
"id": "P313529.l02949",
"ref": "P313529.6.1",
"inst": "ētarba[enter]V",
"sig": "@saao/saa05%akk-x-neoass:e-tar-ba=erēbu[enter//enter]V'V$ētarba",
"f": {"lang": "akk-x-neoass",
"form": "e-tar-ba",
"cf": "erēbu",
"gw": "enter",
"sense": "enter",
"norm": "ētarba",
"pos": "V",
"epos": "V"}
}
,
{
"node": "l",
"frag": "LUGAL",
"id": "P313529.l0294a",
"ref": "P313529.6.2",
"inst": "šarru[king]N",
"sig": "@saao/saa05%akk-x-neoass:LUGAL=šarru[king//king]N'N$šarru",
"f": {"lang": "akk-x-neoass",
"form": "LUGAL",
"cf": "šarru",
"gw": "king",
"sense": "king",
"norm": "šarru",
"pos": "N",
"epos": "N"}
}
,
{
"node": "d",
"type": "line-start",
"ref": "P313529.7",
"n": "5'",
"label": "o 5'"}
,
{
"node": "l",
"frag": "[i]-da-tu₂-u-šu",
"id": "P313529.l0294b",
"ref": "P313529.7.1",
"cof-tails": "P313529.l0294c",
"inst": "ina[in+=after]PRP$&dāt[behind]PRP$dātūšu",
"sig": "@saao/saa05%akk-x-neoass:i-da-tu₂-u-šu=ina[in//in]PRP'PRP$ina&&@saao%akk-x-neoass:=dāt[behind//behind]PRP'PRP$dātūšu",
"f": {"lang": "akk-x-neoass",
"form": "i-da-tu₂-u-šu",
"cf": "ina",
"gw": "in",
"sense": "in",
"norm": "ina",
"pos": "PRP",
"epos": "PRP"}
}
,
{
"node": "l",
"frag": "[i]-da-tu₂-u-šu",
"id": "P313529.l0294c",
"ref": "P313529.7.1",
"cof-head": "P313529.l0294b",
"inst": "ina[in+=after]PRP$&dāt[behind]PRP$dātūšu",
"tail-sig": "@saao%akk-x-neoass:=dāt[behind//behind]PRP'PRP$dātūšu",
"f": {"lang": "akk-x-neoass",
"form": "i-da-tu₂-u-šu",
"cf": "dāt",
"gw": "behind",
"sense": "behind",
"norm": "dātūšu",
"pos": "PRP",
"epos": "PRP"}
}
,
{
"node": "l",
"frag": "e-tar-ba",
"id": "P313529.l0294d",
"ref": "P313529.7.2",
"inst": "ētarba[enter]V",
"sig": "@saao/saa05%akk-x-neoass:e-tar-ba=erēbu[enter//enter]V'V$ētarba",
"f": {"lang": "akk-x-neoass",
"form": "e-tar-ba",
"cf": "erēbu",
"gw": "enter",
"sense": "enter",
"norm": "ētarba",
"pos": "V",
"epos": "V"}
}
,
{
"node": "d",
"type": "line-start",
"ref": "P313529.8",
"n": "6'",
"label": "o 6'"}
,
{
"node": "l",
"frag": "[u₂]-⸢di⸣-na",
"id": "P313529.l0294e",
"ref": "P313529.8.1",
"inst": "udīna[yet]AV",
"sig": "@saao/saa05%akk-x-neoass:u₂-di-na=udīni[up till now//yet]AV'AV$udīna",
"f": {"lang": "akk-x-neoass",
"form": "u₂-di-na",
"cf": "udīni",
"gw": "up till now",
"sense": "yet",
"norm": "udīna",
"pos": "AV",
"epos": "AV"}
}
,
{
"node": "c",
"type": "phrase",
"tag": "phr",
"id": "P313529.U6",
"ref": "P313529.ls00002",
"cdl": [
{
"node": "l",
"frag": "ina",
"id": "P313529.l0294f",
"ref": "P313529.8.2",
"inst": "ina[in+=about]PRP",
"sig": "@saao/saa05%akk-x-neoass:ina=ina[in//in]PRP'PRP$ina",
"f": {"lang": "akk-x-neoass",
"form": "ina",
"cf": "ina",
"gw": "in",
"sense": "in",
"norm": "ina",
"pos": "PRP",
"epos": "PRP"}
}
,
{
"node": "l",
"frag": "UGU",
"id": "P313529.l02950",
"ref": "P313529.8.3",
"inst": "muhhi[skull]N",
"sig": "@saao/saa05%akk-x-neoass:UGU=muhhu[skull//skull]N'N$muhhi",
"f": {"lang": "akk-x-neoass",
"form": "UGU",
"cf": "muhhu",
"gw": "skull",
"sense": "skull",
"norm": "muhhi",
"pos": "N",
"epos": "N"}
}
]}
,
{
"node": "l",
"frag": "ERIM-MEŠ",
"id": "P313529.l02951",
"ref": "P313529.8.4",
"inst": "ṣābāni[troops]N",
"sig": "@saao/saa05%akk-x-neoass:ERIM-MEŠ=ṣābu[people//troops]N'N$ṣābāni",
"f": {"lang": "akk-x-neoass",
"form": "ERIM-MEŠ",
"cf": "ṣābu",
"gw": "people",
"sense": "troops",
"norm": "ṣābāni",
"pos": "N",
"epos": "N"}
}
,
{
"node": "d",
"subtype": "bottom",
"type": "surface",
"ref": "P313529.b.e..9",
"type": "bottom",
"label": "b.e."}
,
{
"node": "d",
"type": "line-start",
"ref": "P313529.10",
"n": "7'",
"label": "b.e. 7'"}
,
{
"node": "l",
"frag": "[am-mu]-te",
"id": "P313529.l02952",
"ref": "P313529.10.1",
"inst": "ammūte[that]DP",
"sig": "@saao/saa05%akk-x-neoass:am-mu-te=ammiu[that//that]DP'DP$ammūte",
"f": {"lang": "akk-x-neoass",
"form": "am-mu-te",
"cf": "ammiu",
"gw": "that",
"sense": "that",
"norm": "ammūte",
"pos": "DP",
"epos": "DP"}
}
,
{
"node": "l",
"frag": "la-⸢a⸣",
"id": "P313529.l02953",
"ref": "P313529.10.2",
"inst": "lā[not]MOD",
"sig": "@saao/saa05%akk-x-neoass:la-a=lā[not//not]MOD'MOD$lā",
"f": {"lang": "akk-x-neoass",
"form": "la-a",
"cf": "lā",
"gw": "not",
"sense": "not",
"norm": "lā",
"pos": "MOD",
"epos": "MOD"}
}
,
{
"node": "l",
"frag": "aš₂-me",
"id": "P313529.l02954",
"ref": "P313529.10.3",
"inst": "ašme[hear]V",
"sig": "@saao/saa05%akk-x-neoass:aš₂-me=šemû[hear//hear]V'V$ašme",
"f": {"lang": "akk-x-neoass",
"form": "aš₂-me",
"cf": "šemû",
"gw": "hear",
"sense": "hear",
"norm": "ašme",
"pos": "V",
"epos": "V"}
}
,
{
"node": "d",
"type": "line-start",
"ref": "P313529.11",
"n": "8'",
"label": "b.e. 8'"}
,
{
"node": "l",
"frag": "[mi-nu]",
"id": "P313529.l02955",
"ref": "P313529.11.1",
"inst": "mīnu[what?]QP",
"sig": "@saao/saa05%akk-x-neoass:mi-nu=mīnu[what?//what?]QP'QP$mīnu",
"f": {"lang": "akk-x-neoass",
"form": "mi-nu",
"cf": "mīnu",
"gw": "what?",
"sense": "what?",
"norm": "mīnu",
"pos": "QP",
"epos": "QP"}
}
,
{
"node": "l",
"frag": "ša\\dm",
"id": "P313529.l02956",
"ref": "P313529.11.2",
"inst": "ša[that]REL$",
"sig": "@saao/saa05%akk-x-neoass:ša=ša[that//that]REL'REL$ša",
"f": {"lang": "akk-x-neoass",
"form": "ša",
"cf": "ša",
"gw": "that",
"sense": "that",
"norm": "ša",
"pos": "REL",
"epos": "REL"}
}
,
{
"node": "l",
"frag": "ši-ti\\t-ni",
"id": "P313529.l02957",
"ref": "P313529.11.3",
"inst": "šītīni[it]IP",
"sig": "@saao/saa05%akk-x-neoass:ši-ti-ni=šīti[she//it]IP'IP$šītīni",
"f": {"lang": "akk-x-neoass",
"form": "ši-ti-ni",
"cf": "šīti",
"gw": "she",
"sense": "it",
"norm": "šītīni",
"pos": "IP",
"epos": "IP"}
}
,
{
"node": "d",
"subtype": "reverse",
"type": "surface",
"ref": "P313529.r.12",
"type": "reverse",
"label": "r"}
,
{
"node": "d",
"type": "line-start",
"ref": "P313529.13",
"n": "1",
"label": "r 1"}
,
{
"node": "l",
"frag": "[šum₂]-⸢mu⸣",
"id": "P313529.l02958",
"ref": "P313529.13.1",
"inst": "šummu[if]MOD",
"sig": "@saao/saa05%akk-x-neoass:šum₂-mu=šumma[if//if]MOD'MOD$šummu",
"f": {"lang": "akk-x-neoass",
"form": "šum₂-mu",
"cf": "šumma",
"gw": "if",
"sense": "if",
"norm": "šummu",
"pos": "MOD",
"epos": "MOD"}
}
,
{
"node": "l",
"frag": "i-du-ku-šu-nu",
"id": "P313529.l02959",
"ref": "P313529.13.2",
"inst": "dâku[kill]V$iddūkuššunu",
"sig": "@saao/saa05%akk-x-neoass:i-du-ku-šu-nu=dâku[kill//kill]V'V$iddūkuššunu",
"f": {"lang": "akk-x-neoass",
"form": "i-du-ku-šu-nu",
"cf": "dâku",
"gw": "kill",
"sense": "kill",
"norm": "iddūkuššunu",
"pos": "V",
"epos": "V"}
}
,
{
"node": "d",
"type": "line-start",
"ref": "P313529.14",
"n": "2",
"label": "r 2"}
,
{
"node": "l",
"frag": "[šum₂-mu]",
"id": "P313529.l0295a",
"ref": "P313529.14.1",
"inst": "šummu[if]MOD",
"sig": "@saao/saa05%akk-x-neoass:šum₂-mu=šumma[if//if]MOD'MOD$šummu",
"f": {"lang": "akk-x-neoass",
"form": "šum₂-mu",
"cf": "šumma",
"gw": "if",
"sense": "if",
"norm": "šummu",
"pos": "MOD",
"epos": "MOD"}
}
,
{
"node": "l",
"frag": "u₂-ša₂-gal-u-šu₂-nu",
"id": "P313529.l0295b",
"ref": "P313529.14.2",
"inst": "galû[be(come) deported]V$ušagalušunu",
"sig": "@saao/saa05%akk-x-neoass:u₂-ša₂-gal-u-šu₂-nu=galû[be(come) deported//be(come) deported]V'V$ušagalušunu",
"f": {"lang": "akk-x-neoass",
"form": "u₂-ša₂-gal-u-šu₂-nu",
"cf": "galû",
"gw": "be(come) deported",
"sense": "be(come) deported",
"norm": "ušagalušunu",
"pos": "V",
"epos": "V"}
}
,
{
"node": "d",
"type": "line-start",
"ref": "P313529.15",
"n": "3",
"label": "r 3"}
,
{
"node": "l",
"frag": "{[lu₂v}A]-⸢šip⸣-ri",
"id": "P313529.l0295c",
"ref": "P313529.15.1",
"cof-tails": "P313529.l0295d",
"inst": "māru[son]N$mār&šipru[sending]N$šipri",
"sig": "@saao/saa05%akk-x-neoass:{LU₂}A-šip-ri=māru[son//son]N'N$mār&&@saao%akk-x-neoass:=šipru[sending//sending]N'N$šipri",
"f": {"lang": "akk-x-neoass",
"form": "{LU₂}A-šip-ri",
"cf": "māru",
"gw": "son",
"sense": "son",
"norm": "mār",
"pos": "N",
"epos": "N"}
}
,
{
"node": "l",
"frag": "{[lu₂v}A]-⸢šip⸣-ri",
"id": "P313529.l0295d",
"ref": "P313529.15.1",
"cof-head": "P313529.l0295c",
"inst": "māru[son]N$mār&šipru[sending]N$šipri",
"tail-sig": "@saao%akk-x-neoass:=šipru[sending//sending]N'N$šipri",
"f": {"lang": "akk-x-neoass",
"form": "{LU₂}A-šip-ri",
"cf": "šipru",
"gw": "sending",
"sense": "sending",
"norm": "šipri",
"pos": "N",
"epos": "N"}
}
,
{
"node": "l",
"frag": "ša\\d",
"id": "P313529.l0295e",
"ref": "P313529.15.2",
"inst": "ša[of]DET",
"sig": "@saao/saa05%akk-x-neoass:ša=ša[of//of]DET'DET$ša",
"f": {"lang": "akk-x-neoass",
"form": "ša",
"cf": "ša",
"gw": "of",
"sense": "of",
"norm": "ša",
"pos": "DET",
"epos": "DET"}
}
,
{
"node": "l",
"frag": "{1}ur-za-na-a",
"id": "P313529.l0295f",
"ref": "P313529.15.3",
"inst": "Urzana[]PN$",
"sig": "@saao/saa05%akk-x-neoass:{1}ur-za-na-a=Urzana[1//1]PN'PN$Urzana",
"f": {"lang": "akk-x-neoass",
"form": "{1}ur-za-na-a",
"cf": "Urzana",
"gw": "1",
"sense": "1",
"norm": "Urzana",
"pos": "PN",
"epos": "PN"}
}
,
{
"node": "d",
"type": "line-start",
"ref": "P313529.16",
"n": "4",
"label": "r 4"}
,
{
"node": "l",
"frag": "[LUGAL",
"id": "P313529.l02960",
"ref": "P313529.16.1",
"inst": "šarri[king]N",
"sig": "@saao/saa05%akk-x-neoass:LUGAL=šarru[king//king]N'N$šarri",
"f": {"lang": "akk-x-neoass",
"form": "LUGAL",
"cf": "šarru",
"gw": "king",
"sense": "king",
"norm": "šarri",
"pos": "N",
"epos": "N"}
}
,
{
"node": "l",
"frag": "{kur}mu]-ṣa-ṣi-ri",
"id": "P313529.l02961",
"ref": "P313529.16.2",
"inst": "Muṣaṣir[]GN$Muṣaṣiri",
"sig": "@saao/saa05%akk-x-neoass:{KUR}mu-ṣa-ṣi-ri=Muṣaṣir[1//1]GN'GN$Muṣaṣiri",
"f": {"lang": "akk-x-neoass",
"form": "{KUR}mu-ṣa-ṣi-ri",
"cf": "Muṣaṣir",
"gw": "1",
"sense": "1",
"norm": "Muṣaṣiri",
"pos": "GN",
"epos": "GN"}
}
,
{
"node": "d",
"type": "line-start",
"ref": "P313529.17",
"n": "5",
"label": "r 5"}
,
{
"node": "l",
"frag": "{[lu₂v}A-šip-ri",
"id": "P313529.l02962",
"ref": "P313529.17.1",
"cof-tails": "P313529.l02963",
"inst": "māru[son]N$mār&šipru[sending]N$šipri",
"sig": "@saao/saa05%akk-x-neoass:{LU₂}A-šip-ri=māru[son//son]N'N$mār&&@saao%akk-x-neoass:=šipru[sending//sending]N'N$šipri",
"f": {"lang": "akk-x-neoass",
"form": "{LU₂}A-šip-ri",
"cf": "māru",
"gw": "son",
"sense": "son",
"norm": "mār",
"pos": "N",
"epos": "N"}
}
,
{
"node": "l",
"frag": "{[lu₂v}A-šip-ri",
"id": "P313529.l02963",
"ref": "P313529.17.1",
"cof-head": "P313529.l02962",
"inst": "māru[son]N$mār&šipru[sending]N$šipri",
"tail-sig": "@saao%akk-x-neoass:=šipru[sending//sending]N'N$šipri",
"f": {"lang": "akk-x-neoass",
"form": "{LU₂}A-šip-ri",
"cf": "šipru",
"gw": "sending",
"sense": "sending",
"norm": "šipri",
"pos": "N",
"epos": "N"}
}
,
{
"node": "l",
"frag": "ša]",
"id": "P313529.l02964",
"ref": "P313529.17.2",
"inst": "ša[of]DET",
"sig": "@saao/saa05%akk-x-neoass:ša=ša[of//of]DET'DET$ša",
"f": {"lang": "akk-x-neoass",
"form": "ša",
"cf": "ša",
"gw": "of",
"sense": "of",
"norm": "ša",
"pos": "DET",
"epos": "DET"}
}
,
{
"node": "l",
"frag": "{1}u₂\\m-ri-za-a",
"id": "P313529.l02965",
"ref": "P313529.17.3",
"inst": "Ariaza[]PN$Uriza",
"sig": "@saao/saa05%akk-x-neoass:{1}u₂-ri-za-a=Ariaza[1//1]PN'PN$Uriza",
"f": {"lang": "akk-x-neoass",
"form": "{1}u₂-ri-za-a",
"cf": "Ariaza",
"gw": "1",
"sense": "1",
"norm": "Uriza",
"pos": "PN",
"epos": "PN"}
}
,
{
"node": "d",
"type": "line-start",
"ref": "P313529.18",
"n": "6",
"label": "r 6"}
,
{
"node": "c",
"type": "phrase",
"tag": "phr",
"id": "P313529.U7",
"ref": "P313529.ls00003",
"cdl": [
{
"node": "l",
"frag": "[ina",
"id": "P313529.l02966",
"ref": "P313529.18.1",
"inst": "ina[in+=to]PRP",
"sig": "@saao/saa05%akk-x-neoass:ina=ina[in//in]PRP'PRP$ina",
"f": {"lang": "akk-x-neoass",
"form": "ina",
"cf": "ina",
"gw": "in",
"sense": "in",
"norm": "ina",
"pos": "PRP",
"epos": "PRP"}
}
,
{
"node": "l",
"frag": "UGU-hi-ia",
"id": "P313529.l02967",
"ref": "P313529.18.2",
"inst": "muhhīya[skull]N",
"sig": "@saao/saa05%akk-x-neoass:UGU-hi-ia=muhhu[skull//skull]N'N$muhhīya",
"f": {"lang": "akk-x-neoass",
"form": "UGU-hi-ia",
"cf": "muhhu",
"gw": "skull",
"sense": "skull",
"norm": "muhhīya",
"pos": "N",
"epos": "N"}
}
]}
,
{
"node": "l",
"frag": "it]-tal-ku-⸢ni⸣",
"id": "P313529.l02968",
"ref": "P313529.18.3",
"inst": "alāku[go//come]V$ittalkūni",
"sig": "@saao/saa05%akk-x-neoass:it-tal-ku-ni=alāku[go//come]V'V$ittalkūni",
"f": {"lang": "akk-x-neoass",
"form": "it-tal-ku-ni",
"cf": "alāku",
"gw": "go",
"sense": "come",
"norm": "ittalkūni",
"pos": "V",
"epos": "V"}
}
,
{
"node": "d",
"type": "line-start",
"ref": "P313529.19",
"n": "7",
"label": "r 7"}
,
{
"node": "l",
"frag": "[x",
"id": "P313529.l02969",
"ref": "P313529.19.1",
"inst": "u",
"f": {"lang": "akk-x-neoass",
"form": "x",
"pos": "u"}
}
,
{
"node": "l",
"frag": "x",
"id": "P313529.l0296a",
"ref": "P313529.19.2",
"inst": "u",
"f": {"lang": "akk-x-neoass",
"form": "x",
"pos": "u"}
}
,
{
"node": "l",
"frag": "x",
"id": "P313529.l0296b",
"ref": "P313529.19.3",
"inst": "u",
"f": {"lang": "akk-x-neoass",
"form": "x",
"pos": "u"}
}
,
{
"node": "l",
"frag": "x",
"id": "P313529.l0296c",
"ref": "P313529.19.4",
"inst": "u",
"f": {"lang": "akk-x-neoass",
"form": "x",
"pos": "u"}
}
,
{
"node": "l",
"frag": "x",
"id": "P313529.l0296d",
"ref": "P313529.19.5",
"inst": "u",
"f": {"lang": "akk-x-neoass",
"form": "x",
"pos": "u"}
}
,
{
"node": "l",
"frag": "x]",
"id": "P313529.l0296e",
"ref": "P313529.19.6",
"inst": "u",
"f": {"lang": "akk-x-neoass",
"form": "x",
"pos": "u"}
}
,
{
"node": "l",
"frag": "⸢x⸣",
"id": "P313529.l0296f",
"ref": "P313529.19.7",
"inst": "u",
"f": {"lang": "akk-x-neoass",
"form": "x",
"pos": "u"}
}
,
{
"node": "l",
"frag": "[x]",
"id": "P313529.l02970",
"ref": "P313529.19.8",
"inst": "u",
"f": {"lang": "akk-x-neoass",
"form": "x",
"pos": "u"}
}
,
{
"node": "d",
"type": "nonx",
"ref": "P313529.20",
"strict": "0",
"extent": "rest",
"state": "missing"}
]}
]}
]}
,
{
"linkbase": [{
"type": "linkset",
"xlink_title": "ina pānāt[before//at the disposal of]PRP'PRP",
"id": "P313529.ls00000",
"xlink_type": "extended",
"xlink_role": "psu",
"sig": "{ina[in]PRP pānātu[front]N += ina pānāt[before//at the disposal of]PRP'PRP}::@saao%akk-x-neoass:ina=ina[in//into]PRP'PRP$ina++@saao%akk-x-neoass:pa-na-tu-u-šu=pānātu[front//front]N'N$pānātūšu",
"links": [
{
"type": "link",
"xlink_title": "ina",
"xlink_type": "locator",
"xlink_href": "#P313529.l02942",
"xlink_role": "elt"}
,
{
"type": "link",
"xlink_title": "pānātu",
"xlink_type": "locator",
"xlink_href": "#P313529.l02943",
"xlink_role": "elt"}
]}
,
{
"type": "linkset",
"xlink_title": "ina libbi[in//(in exchange) for]PRP'PRP",
"id": "P313529.ls00001",
"xlink_type": "extended",
"xlink_role": "psu",
"sig": "{ina[in]PRP libbu[interior]N += ina libbi[in//(in exchange) for]PRP'PRP}::@saao%akk-x-neoass:ina=ina[in//into]PRP'PRP$ina++@saao%akk-x-neoass:ŠA₃=libbu[interior//interior]N'N$libbi",
"links": [
{
"type": "link",
"xlink_title": "ina",
"xlink_type": "locator",
"xlink_href": "#P313529.l02946",
"xlink_role": "elt"}
,
{
"type": "link",
"xlink_title": "libbi",
"xlink_type": "locator",
"xlink_href": "#P313529.l02947",
"xlink_role": "elt"}
]}
,
{
"type": "linkset",
"xlink_title": "ina muhhi[on//about]PRP'PRP",
"id": "P313529.ls00002",
"xlink_type": "extended",
"xlink_role": "psu",
"sig": "{ina[in]PRP muhhu[skull]N += ina muhhi[on//about]PRP'PRP}::@saao%akk-x-neoass:ina=ina[in//into]PRP'PRP$ina++@saao%akk-x-neoass:UGU=muhhu[skull//skull]N'N$muhhi",
"links": [
{
"type": "link",
"xlink_title": "ina",
"xlink_type": "locator",
"xlink_href": "#P313529.l0294f",
"xlink_role": "elt"}
,
{
"type": "link",
"xlink_title": "muhhi",
"xlink_type": "locator",
"xlink_href": "#P313529.l02950",
"xlink_role": "elt"}
]}
,
{
"type": "linkset",
"xlink_title": "ina muhhi[on//about]PRP'PRP",
"id": "P313529.ls00003",
"xlink_type": "extended",
"xlink_role": "psu",
"sig": "{ina[in]PRP muhhu[skull]N += ina muhhi[on//about]PRP'PRP}::@saao%akk-x-neoass:ina=ina[in//into]PRP'PRP$ina++@saao%akk-x-neoass:UGU-hi-ia=muhhu[skull//skull]N'N$muhhīya",
"links": [
{
"type": "link",
"xlink_title": "ina",
"xlink_type": "locator",
"xlink_href": "#P313529.l02966",
"xlink_role": "elt"}
,
{
"type": "link",
"xlink_title": "muhhīya",
"xlink_type": "locator",
"xlink_href": "#P313529.l02967",
"xlink_role": "elt"}
]}
]}
]}
