{
"type": "cdl",
  "source": "http://oracc.org/saao/saa05",
  "license": "This data is released under the CC0 license",
  "license-url": "https://creativecommons.org/publicdomain/zero/1.0/",
  "more-info": "http://oracc.org/doc/opendata/",
  "UTC-timestamp": "2017-05-19T11:27:30",
"project": "saao/saa05",
"textid": "P313828",
"cdl": [
{
"node": "c",
"type": "text",
"id": "P313828.U0",
"cdl": [
{
"node": "d",
"type": "object",
"ref": ""}
,
{
"node": "d",
"subtype": "obverse",
"type": "surface",
"ref": "P313828.o.1",
"type": "obverse",
"label": "o"}
,
{
"node": "d",
"type": "nonx",
"ref": "P313828.2",
"strict": "0",
"state": "missing"}
,
{
"node": "d",
"subtype": "reverse",
"type": "surface",
"ref": "P313828.r.3",
"type": "reverse",
"label": "r"}
,
{
"node": "d",
"type": "nonx",
"ref": "P313828.4",
"strict": "0",
"extent": "beginning",
"state": "missing"}
,
{
"node": "c",
"type": "discourse",
"subtype": "body",
"id": "P313828.U1",
"cdl": [
{
"node": "c",
"type": "sentence",
"id": "P313828.U2",
"label": "r 1' - r 8'",
"cdl": [
{
"node": "d",
"type": "line-start",
"ref": "P313828.5",
"n": "1'",
"label": "r 1'"}
,
{
"node": "l",
"frag": "[ma]-⸢a",
"id": "P313828.l040d9",
"ref": "P313828.5.1",
"inst": "mā[saying]PRP",
"sig": "@saao/saa05%akk-x-neoass:ma-a=mā[saying//saying]PRP'PRP$mā",
"f": {"lang": "akk-x-neoass",
"form": "ma-a",
"cf": "mā",
"gw": "saying",
"sense": "saying",
"norm": "mā",
"pos": "PRP",
"epos": "PRP"}
}
,
{
"node": "l",
"frag": "{uru⸣}[x-x-a.a]",
"id": "P313828.l040da",
"ref": "P313828.5.2",
"inst": "u",
"f": {"lang": "akk-x-neoass",
"form": "{URU}x-x-a.a",
"pos": "u"}
}
,
{
"node": "d",
"type": "line-start",
"ref": "P313828.6",
"n": "2'",
"label": "r 2'"}
,
{
"node": "l",
"frag": "i-sa-⸢ap⸣-[ra]",
"id": "P313828.l040db",
"ref": "P313828.6.1",
"inst": "šapāru[send//write]V$issapra",
"sig": "@saao/saa05%akk-x-neoass:i-sa-ap-ra=šapāru[send//write]V'V$issapra",
"f": {"lang": "akk-x-neoass",
"form": "i-sa-ap-ra",
"cf": "šapāru",
"gw": "send",
"sense": "write",
"norm": "issapra",
"pos": "V",
"epos": "V"}
}
,
{
"node": "d",
"type": "line-start",
"ref": "P313828.7",
"n": "3'",
"label": "r 3'"}
,
{
"node": "l",
"frag": "ma-a",
"id": "P313828.l040dc",
"ref": "P313828.7.1",
"inst": "mā[saying]PRP",
"sig": "@saao/saa05%akk-x-neoass:ma-a=mā[saying//saying]PRP'PRP$mā",
"f": {"lang": "akk-x-neoass",
"form": "ma-a",
"cf": "mā",
"gw": "saying",
"sense": "saying",
"norm": "mā",
"pos": "PRP",
"epos": "PRP"}
}
,
{
"node": "l",
"frag": "{kur}hu-[buš-ka-a.a]",
"id": "P313828.l040dd",
"ref": "P313828.7.2",
"inst": "Hubuškaya[Hubuškian]EN",
"sig": "@saao/saa05%akk-x-neoass:{KUR}hu-buš-ka-a.a=Hubuškaya[Hubuškian//Hubuškian]EN'EN$Hubuškaya",
"f": {"lang": "akk-x-neoass",
"form": "{KUR}hu-buš-ka-a.a",
"cf": "Hubuškaya",
"gw": "Hubuškian",
"sense": "Hubuškian",
"norm": "Hubuškaya",
"pos": "EN",
"epos": "EN"}
}
,
{
"node": "d",
"type": "line-start",
"ref": "P313828.8",
"n": "4'",
"label": "r 4'"}
,
{
"node": "l",
"frag": "a-na",
"id": "P313828.l040de",
"ref": "P313828.8.1",
"inst": "ana[to]PRP",
"sig": "@saao/saa05%akk-x-neoass:a-na=ana[to//to]PRP'PRP$ana",
"f": {"lang": "akk-x-neoass",
"form": "a-na",
"cf": "ana",
"gw": "to",
"sense": "to",
"norm": "ana",
"pos": "PRP",
"epos": "PRP"}
}
,
{
"node": "l",
"frag": "{uru}⸢x⸣+[x",
"id": "P313828.l040df",
"ref": "P313828.8.2",
"inst": "u",
"f": {"lang": "akk-x-neoass",
"form": "{URU}x+x",
"pos": "u"}
}
,
{
"node": "l",
"frag": "x",
"id": "P313828.l040e0",
"ref": "P313828.8.3",
"inst": "u",
"f": {"lang": "akk-x-neoass",
"form": "x",
"pos": "u"}
}
,
{
"node": "l",
"frag": "x",
"id": "P313828.l040e1",
"ref": "P313828.8.4",
"inst": "u",
"f": {"lang": "akk-x-neoass",
"form": "x",
"pos": "u"}
}
,
{
"node": "l",
"frag": "x]",
"id": "P313828.l040e2",
"ref": "P313828.8.5",
"inst": "u",
"f": {"lang": "akk-x-neoass",
"form": "x",
"pos": "u"}
}
,
{
"node": "d",
"type": "line-start",
"ref": "P313828.9",
"n": "5'",
"label": "r 5'"}
,
{
"node": "l",
"frag": "iq\\d-ṭa-[ra-bu-u-ni]",
"id": "P313828.l040e3",
"ref": "P313828.9.1",
"inst": "iqṭarabūni[arrive]V",
"sig": "@saao/saa05%akk-x-neoass:iq-ṭa-ra-bu-u-ni=qerēbu[approach//arrive]V'V$iqṭarabūni",
"f": {"lang": "akk-x-neoass",
"form": "iq-ṭa-ra-bu-u-ni",
"cf": "qerēbu",
"gw": "approach",
"sense": "arrive",
"norm": "iqṭarabūni",
"pos": "V",
"epos": "V"}
}
,
{
"node": "d",
"type": "line-start",
"ref": "P313828.10",
"n": "6'",
"label": "r 6'"}
,
{
"node": "l",
"frag": "UD",
"id": "P313828.l040e4",
"ref": "P313828.10.1",
"inst": "ūmu[day]N$ūm",
"sig": "@saao/saa05%akk-x-neoass:UD=ūmu[day//day]N'N$ūm",
"f": {"lang": "akk-x-neoass",
"form": "UD",
"cf": "ūmu",
"gw": "day",
"sense": "day",
"norm": "ūm",
"pos": "N",
"epos": "N"}
}
,
{
"node": "l",
"frag": "14-KAM₂\\t",
"id": "P313828.l040e5",
"ref": "P313828.10.2",
"inst": "n",
"f": {"lang": "akk-x-neoass",
"form": "14-KAM₂",
"pos": "n"}
}
,
{
"node": "l",
"frag": "{1}[x",
"id": "P313828.l040e6",
"ref": "P313828.10.3",
"inst": "u",
"f": {"lang": "akk-x-neoass",
"form": "{1}x",
"pos": "u"}
}
,
{
"node": "l",
"frag": "x",
"id": "P313828.l040e7",
"ref": "P313828.10.4",
"inst": "u",
"f": {"lang": "akk-x-neoass",
"form": "x",
"pos": "u"}
}
,
{
"node": "l",
"frag": "x]",
"id": "P313828.l040e8",
"ref": "P313828.10.5",
"inst": "u",
"f": {"lang": "akk-x-neoass",
"form": "x",
"pos": "u"}
}
,
{
"node": "d",
"type": "line-start",
"ref": "P313828.11",
"n": "7'",
"label": "r 7'"}
,
{
"node": "l",
"frag": "{lu₂v}02-u₂",
"id": "P313828.l040e9",
"ref": "P313828.11.1",
"inst": "šaniu[deputy]'N",
"sig": "@saao/saa05%akk-x-neoass:{LU₂}02-u₂=šanû[second//deputy]NU'N$šaniu",
"f": {"lang": "akk-x-neoass",
"form": "{LU₂}02-u₂",
"cf": "šanû",
"gw": "second",
"sense": "deputy",
"norm": "šaniu",
"pos": "NU",
"epos": "N"}
}
,
{
"node": "l",
"frag": "⸢a⸣-[na",
"id": "P313828.l040ea",
"ref": "P313828.11.2",
"inst": "ana[to]PRP",
"sig": "@saao/saa05%akk-x-neoass:a-na=ana[to//to]PRP'PRP$ana",
"f": {"lang": "akk-x-neoass",
"form": "a-na",
"cf": "ana",
"gw": "to",
"sense": "to",
"norm": "ana",
"pos": "PRP",
"epos": "PRP"}
}
,
{
"node": "l",
"frag": "x",
"id": "P313828.l040eb",
"ref": "P313828.11.3",
"inst": "u",
"f": {"lang": "akk-x-neoass",
"form": "x",
"pos": "u"}
}
,
{
"node": "l",
"frag": "x",
"id": "P313828.l040ec",
"ref": "P313828.11.4",
"inst": "u",
"f": {"lang": "akk-x-neoass",
"form": "x",
"pos": "u"}
}
,
{
"node": "l",
"frag": "x]",
"id": "P313828.l040ed",
"ref": "P313828.11.5",
"inst": "u",
"f": {"lang": "akk-x-neoass",
"form": "x",
"pos": "u"}
}
,
{
"node": "d",
"type": "line-start",
"ref": "P313828.12",
"n": "8'",
"label": "r 8'"}
,
{
"node": "l",
"frag": "[a]-sa-⸢ap⸣-[ra",
"id": "P313828.l040ee",
"ref": "P313828.12.1",
"inst": "šapāru[send]V$assapra",
"sig": "@saao/saa05%akk-x-neoass:a-sa-ap-ra=šapāru[send//send]V'V$assapra",
"f": {"lang": "akk-x-neoass",
"form": "a-sa-ap-ra",
"cf": "šapāru",
"gw": "send",
"sense": "send",
"norm": "assapra",
"pos": "V",
"epos": "V"}
}
,
{
"node": "l",
"frag": "o]",
"id": "P313828.l040ef",
"ref": "P313828.12.2",
"inst": "u",
"f": {"lang": "akk-x-neoass",
"form": "o",
"pos": "u"}
}
,
{
"node": "d",
"type": "nonx",
"ref": "P313828.13",
"strict": "0",
"extent": "rest",
"state": "other"}
]}
]}
]}
]}
