{
"type": "cdl",
  "source": "http://oracc.org/saao/saa05",
  "license": "This data is released under the CC0 license",
  "license-url": "https://creativecommons.org/publicdomain/zero/1.0/",
  "more-info": "http://oracc.org/doc/opendata/",
  "UTC-timestamp": "2017-05-19T11:27:28",
"project": "saao/saa05",
"textid": "P313738",
"cdl": [
{
"node": "c",
"type": "text",
"id": "P313738.U0",
"cdl": [
{
"node": "d",
"type": "object",
"ref": ""}
,
{
"node": "d",
"subtype": "obverse",
"type": "surface",
"ref": "P313738.o.1",
"type": "obverse",
"label": "o"}
,
{
"node": "d",
"type": "nonx",
"ref": "P313738.2",
"strict": "0",
"extent": "beginning",
"state": "missing"}
,
{
"node": "c",
"type": "discourse",
"subtype": "body",
"id": "P313738.U1",
"cdl": [
{
"node": "c",
"type": "sentence",
"id": "P313738.U2",
"label": "o 1' - r 6",
"cdl": [
{
"node": "d",
"type": "line-start",
"ref": "P313738.3",
"n": "1'",
"label": "o 1'"}
,
{
"node": "l",
"frag": "[x",
"id": "P313738.l06082",
"ref": "P313738.3.1",
"inst": "u",
"f": {"lang": "akk-x-neoass",
"form": "x",
"pos": "u"}
}
,
{
"node": "l",
"frag": "x",
"id": "P313738.l06083",
"ref": "P313738.3.2",
"inst": "u",
"f": {"lang": "akk-x-neoass",
"form": "x",
"pos": "u"}
}
,
{
"node": "l",
"frag": "x]-nu",
"id": "P313738.l06084",
"ref": "P313738.3.3",
"inst": "u",
"f": {"lang": "akk-x-neoass",
"form": "x-nu",
"pos": "u"}
}
,
{
"node": "l",
"frag": "{uru}mu-⸢x⸣+[x",
"id": "P313738.l06085",
"ref": "P313738.3.4",
"inst": "u",
"f": {"lang": "akk-x-neoass",
"form": "{URU}mu-x+x",
"pos": "u"}
}
,
{
"node": "l",
"frag": "x",
"id": "P313738.l06086",
"ref": "P313738.3.5",
"inst": "u",
"f": {"lang": "akk-x-neoass",
"form": "x",
"pos": "u"}
}
,
{
"node": "l",
"frag": "x",
"id": "P313738.l06087",
"ref": "P313738.3.6",
"inst": "u",
"f": {"lang": "akk-x-neoass",
"form": "x",
"pos": "u"}
}
,
{
"node": "l",
"frag": "x]",
"id": "P313738.l06088",
"ref": "P313738.3.7",
"inst": "u",
"f": {"lang": "akk-x-neoass",
"form": "x",
"pos": "u"}
}
,
{
"node": "d",
"type": "line-start",
"ref": "P313738.4",
"n": "2'",
"label": "o 2'"}
,
{
"node": "l",
"frag": "[u₂-še]-tu-qu",
"id": "P313738.l06089",
"ref": "P313738.4.1",
"inst": "etēqu[proceed//bring over]V$ušettuqu",
"sig": "@saao/saa05%akk-x-neoass:u₂-še-tu-qu=etēqu[proceed//bring over]V'V$ušettuqu",
"f": {"lang": "akk-x-neoass",
"form": "u₂-še-tu-qu",
"cf": "etēqu",
"gw": "proceed",
"sense": "bring over",
"norm": "ušettuqu",
"pos": "V",
"epos": "V"}
}
,
{
"node": "l",
"frag": "ša\\dy",
"id": "P313738.l0608a",
"ref": "P313738.4.2",
"inst": "ša[who]REL",
"sig": "@saao/saa05%akk-x-neoass:ša=ša[that//who]REL'REL$ša",
"f": {"lang": "akk-x-neoass",
"form": "ša",
"cf": "ša",
"gw": "that",
"sense": "who",
"norm": "ša",
"pos": "REL",
"epos": "REL"}
}
,
{
"node": "l",
"frag": "NINDA-⸢MEŠ⸣",
"id": "P313738.l0608b",
"ref": "P313738.4.3",
"inst": "kusāpī[bread]N",
"sig": "@saao/saa05%akk-x-neoass:NINDA-MEŠ=kusāpu[bread//bread]N'N$kusāpī",
"f": {"lang": "akk-x-neoass",
"form": "NINDA-MEŠ",
"cf": "kusāpu",
"gw": "bread",
"sense": "bread",
"norm": "kusāpī",
"pos": "N",
"epos": "N"}
}
,
{
"node": "l",
"frag": "[x",
"id": "P313738.l0608c",
"ref": "P313738.4.4",
"inst": "u",
"f": {"lang": "akk-x-neoass",
"form": "x",
"pos": "u"}
}
,
{
"node": "l",
"frag": "x",
"id": "P313738.l0608d",
"ref": "P313738.4.5",
"inst": "u",
"f": {"lang": "akk-x-neoass",
"form": "x",
"pos": "u"}
}
,
{
"node": "l",
"frag": "x]",
"id": "P313738.l0608e",
"ref": "P313738.4.6",
"inst": "u",
"f": {"lang": "akk-x-neoass",
"form": "x",
"pos": "u"}
}
,
{
"node": "d",
"type": "line-start",
"ref": "P313738.5",
"n": "3'",
"label": "o 3'"}
,
{
"node": "l",
"frag": "[ša\\d]",
"id": "P313738.l0608f",
"ref": "P313738.5.1",
"inst": "ša[of]DET",
"sig": "@saao/saa05%akk-x-neoass:ša=ša[of//of]DET'DET$ša",
"f": {"lang": "akk-x-neoass",
"form": "ša",
"cf": "ša",
"gw": "of",
"sense": "of",
"norm": "ša",
"pos": "DET",
"epos": "DET"}
}
,
{
"node": "l",
"frag": "⸢ṭup⸣-pi-šu₂",
"id": "P313738.l06090",
"ref": "P313738.5.2",
"inst": "ṭuppu[tablet]N$ṭuppīšu",
"sig": "@saao/saa05%akk-x-neoass:ṭup-pi-šu₂=ṭuppu[tablet//tablet]N'N$ṭuppīšu",
"f": {"lang": "akk-x-neoass",
"form": "ṭup-pi-šu₂",
"cf": "ṭuppu",
"gw": "tablet",
"sense": "tablet",
"norm": "ṭuppīšu",
"pos": "N",
"epos": "N"}
}
,
{
"node": "l",
"frag": "i-ba\\t-šu₂-ni\\d",
"id": "P313738.l06091",
"ref": "P313738.5.3",
"inst": "ibaššûni[exist]V",
"sig": "@saao/saa05%akk-x-neoass:i-ba-šu₂-ni=bašû[exist//exist]V'V$ibaššûni",
"f": {"lang": "akk-x-neoass",
"form": "i-ba-šu₂-ni",
"cf": "bašû",
"gw": "exist",
"sense": "exist",
"norm": "ibaššûni",
"pos": "V",
"epos": "V"}
}
,
{
"node": "l",
"frag": "u₃",
"id": "P313738.l06092",
"ref": "P313738.5.4",
"inst": "u[and]CNJ",
"sig": "@saao/saa05%akk-x-neoass:u₃=u[and//and]CNJ'CNJ$u",
"f": {"lang": "akk-x-neoass",
"form": "u₃",
"cf": "u",
"gw": "and",
"sense": "and",
"norm": "u",
"pos": "CNJ",
"epos": "CNJ"}
}
,
{
"node": "l",
"frag": "⸢ERIM⸣-[MEŠ-šu₂]",
"id": "P313738.l06093",
"ref": "P313738.5.5",
"inst": "ṣābānīšu[troops]N",
"sig": "@saao/saa05%akk-x-neoass:ERIM-MEŠ-šu₂=ṣābu[people//troops]N'N$ṣābānīšu",
"f": {"lang": "akk-x-neoass",
"form": "ERIM-MEŠ-šu₂",
"cf": "ṣābu",
"gw": "people",
"sense": "troops",
"norm": "ṣābānīšu",
"pos": "N",
"epos": "N"}
}
,
{
"node": "d",
"type": "line-start",
"ref": "P313738.6",
"n": "4'",
"label": "o 4'"}
,
{
"node": "l",
"frag": "[i]-⸢ba⸣-ši",
"id": "P313738.l06094",
"ref": "P313738.6.1",
"inst": "ibašši[exist]V",
"sig": "@saao/saa05%akk-x-neoass:i-ba-ši=bašû[exist//exist]V'V$ibašši",
"f": {"lang": "akk-x-neoass",
"form": "i-ba-ši",
"cf": "bašû",
"gw": "exist",
"sense": "exist",
"norm": "ibašši",
"pos": "V",
"epos": "V"}
}
,
{
"node": "c",
"type": "phrase",
"tag": "phr",
"id": "P313738.U4",
"ref": "P313738.ls00000",
"cdl": [
{
"node": "l",
"frag": "TA@v\\m",
"id": "P313738.l06095",
"ref": "P313738.6.2",
"inst": "issu[from+=from]PRP",
"sig": "@saao/saa05%akk-x-neoass:TA@v=ištu[from//from]PRP'PRP$issu",
"f": {"lang": "akk-x-neoass",
"form": "TA@v",
"cf": "ištu",
"gw": "from",
"sense": "from",
"norm": "issu",
"pos": "PRP",
"epos": "PRP"}
}
,
{
"node": "l",
"frag": "ŠA₃-bi",
"id": "P313738.l06096",
"ref": "P313738.6.3",
"inst": "libbi[interior]N",
"sig": "@saao/saa05%akk-x-neoass:ŠA₃-bi=libbu[interior//interior]N'N$libbi",
"f": {"lang": "akk-x-neoass",
"form": "ŠA₃-bi",
"cf": "libbu",
"gw": "interior",
"sense": "interior",
"norm": "libbi",
"pos": "N",
"epos": "N"}
}
]}
,
{
"node": "l",
"frag": "{še}nu-sa-hi\\p",
"id": "P313738.l06097",
"ref": "P313738.6.4",
"inst": "nusāhī[grain tax]N",
"sig": "@saao/saa05%akk-x-neoass:{ŠE}nu-sa-hi=nusāhu[(a grain tax)//grain tax]N'N$nusāhī",
"f": {"lang": "akk-x-neoass",
"form": "{ŠE}nu-sa-hi",
"cf": "nusāhu",
"gw": "(a grain tax)",
"sense": "grain tax",
"norm": "nusāhī",
"pos": "N",
"epos": "N"}
}
,
{
"node": "l",
"frag": "a-[laq-qi]",
"id": "P313738.l06098",
"ref": "P313738.6.5",
"inst": "leqû[take]V$alaqqi",
"sig": "@saao/saa05%akk-x-neoass:a-laq-qi=leqû[take//take]V'V$alaqqi",
"f": {"lang": "akk-x-neoass",
"form": "a-laq-qi",
"cf": "leqû",
"gw": "take",
"sense": "take",
"norm": "alaqqi",
"pos": "V",
"epos": "V"}
}
,
{
"node": "d",
"type": "line-start",
"ref": "P313738.7",
"n": "5'",
"label": "o 5'"}
,
{
"node": "l",
"frag": "[a-na]",
"id": "P313738.l06099",
"ref": "P313738.7.1",
"inst": "ana[to]PRP",
"sig": "@saao/saa05%akk-x-neoass:a-na=ana[to//to]PRP'PRP$ana",
"f": {"lang": "akk-x-neoass",
"form": "a-na",
"cf": "ana",
"gw": "to",
"sense": "to",
"norm": "ana",
"pos": "PRP",
"epos": "PRP"}
}
,
{
"node": "l",
"frag": "EN.NUN\\m-šu₂",
"id": "P313738.l0609a",
"ref": "P313738.7.2",
"inst": "maṣṣartīšu[guard]N",
"sig": "@saao/saa05%akk-x-neoass:EN.NUN-šu₂=maṣṣartu[observation//guard]N'N$maṣṣartīšu",
"f": {"lang": "akk-x-neoass",
"form": "EN.NUN-šu₂",
"cf": "maṣṣartu",
"gw": "observation",
"sense": "guard",
"norm": "maṣṣartīšu",
"pos": "N",
"epos": "N"}
}
,
{
"node": "c",
"type": "phrase",
"tag": "phr",
"id": "P313738.U5",
"ref": "P313738.ls00001",
"cdl": [
{
"node": "l",
"frag": "a-na",
"id": "P313738.l0609b",
"ref": "P313738.7.3",
"inst": "ana[to+=to]PRP",
"sig": "@saao/saa05%akk-x-neoass:a-na=ana[to//to]PRP'PRP$ana",
"f": {"lang": "akk-x-neoass",
"form": "a-na",
"cf": "ana",
"gw": "to",
"sense": "to",
"norm": "ana",
"pos": "PRP",
"epos": "PRP"}
}
,
{
"node": "l",
"frag": "pa-na-tu-šu₂",
"id": "P313738.l0609c",
"ref": "P313738.7.4",
"inst": "pānātu[front]N$pānātuššu",
"sig": "@saao/saa05%akk-x-neoass:pa-na-tu-šu₂=pānātu[front//front]N'N$pānātuššu",
"f": {"lang": "akk-x-neoass",
"form": "pa-na-tu-šu₂",
"cf": "pānātu",
"gw": "front",
"sense": "front",
"norm": "pānātuššu",
"pos": "N",
"epos": "N"}
}
]}
,
{
"node": "l",
"frag": "a-šak-[kan]",
"id": "P313738.l0609d",
"ref": "P313738.7.5",
"inst": "šakānu[put//place]V$ašakkan",
"sig": "@saao/saa05%akk-x-neoass:a-šak-kan=šakānu[put//place]V'V$ašakkan",
"f": {"lang": "akk-x-neoass",
"form": "a-šak-kan",
"cf": "šakānu",
"gw": "put",
"sense": "place",
"norm": "ašakkan",
"pos": "V",
"epos": "V"}
}
,
{
"node": "d",
"type": "line-start",
"ref": "P313738.8",
"n": "6'",
"label": "o 6'"}
,
{
"node": "l",
"frag": "⸢u₃⸣",
"id": "P313738.l0609e",
"ref": "P313738.8.1",
"inst": "u[and]CNJ",
"sig": "@saao/saa05%akk-x-neoass:u₃=u[and//and]CNJ'CNJ$u",
"f": {"lang": "akk-x-neoass",
"form": "u₃",
"cf": "u",
"gw": "and",
"sense": "and",
"norm": "u",
"pos": "CNJ",
"epos": "CNJ"}
}
,
{
"node": "l",
"frag": "ina",
"id": "P313738.l0609f",
"ref": "P313738.8.2",
"inst": "ina[in]PRP",
"sig": "@saao/saa05%akk-x-neoass:ina=ina[in//in]PRP'PRP$ina",
"f": {"lang": "akk-x-neoass",
"form": "ina",
"cf": "ina",
"gw": "in",
"sense": "in",
"norm": "ina",
"pos": "PRP",
"epos": "PRP"}
}
,
{
"node": "l",
"frag": "E₂",
"id": "P313738.l060a0",
"ref": "P313738.8.3",
"inst": "bīt[where]SBJ$bēt",
"sig": "@saao/saa05%akk-x-neoass:E₂=bīt[where//where]SBJ'SBJ$bēt",
"f": {"lang": "akk-x-neoass",
"form": "E₂",
"cf": "bīt",
"gw": "where",
"sense": "where",
"norm": "bēt",
"pos": "SBJ",
"epos": "SBJ"}
}
,
{
"node": "l",
"frag": "la-aš₂-šu₂-ni",
"id": "P313738.l060a1",
"ref": "P313738.8.4",
"inst": "laššu[(there) is not]V$laššūni",
"sig": "@saao/saa05%akk-x-neoass:la-aš₂-šu₂-ni=laššu[(there) is not//(there) is not]V'V$laššūni",
"f": {"lang": "akk-x-neoass",
"form": "la-aš₂-šu₂-ni",
"cf": "laššu",
"gw": "(there) is not",
"sense": "(there) is not",
"norm": "laššūni",
"pos": "V",
"epos": "V"}
}
,
{
"node": "l",
"frag": "il\\y-lak-u-ni",
"id": "P313738.l060a2",
"ref": "P313738.8.5",
"inst": "illakūni[come]V",
"sig": "@saao/saa05%akk-x-neoass:il-lak-u-ni=alāku[go//come]V'V$illakūni",
"f": {"lang": "akk-x-neoass",
"form": "il-lak-u-ni",
"cf": "alāku",
"gw": "go",
"sense": "come",
"norm": "illakūni",
"pos": "V",
"epos": "V"}
}
,
{
"node": "d",
"type": "line-start",
"ref": "P313738.9",
"n": "7'",
"label": "o 7'"}
,
{
"node": "l",
"frag": "[i]-qa\\d-bu\\p-ni",
"id": "P313738.l060a3",
"ref": "P313738.9.1",
"inst": "iqabbûni[say]V",
"sig": "@saao/saa05%akk-x-neoass:i-qa-bu-ni=qabû[say//say]V'V$iqabbûni",
"f": {"lang": "akk-x-neoass",
"form": "i-qa-bu-ni",
"cf": "qabû",
"gw": "say",
"sense": "say",
"norm": "iqabbûni",
"pos": "V",
"epos": "V"}
}
,
{
"node": "l",
"frag": "a-na-ku",
"id": "P313738.l060a4",
"ref": "P313738.9.2",
"inst": "anāku[I]IP",
"sig": "@saao/saa05%akk-x-neoass:a-na-ku=anāku[I//I]IP'IP$anāku",
"f": {"lang": "akk-x-neoass",
"form": "a-na-ku",
"cf": "anāku",
"gw": "I",
"sense": "I",
"norm": "anāku",
"pos": "IP",
"epos": "IP"}
}
,
{
"node": "l",
"frag": "a-da\\d-an",
"id": "P313738.l060a5",
"ref": "P313738.9.3",
"inst": "addan[give]V",
"sig": "@saao/saa05%akk-x-neoass:a-da-an=tadānu[give//give]V'V$addan",
"f": {"lang": "akk-x-neoass",
"form": "a-da-an",
"cf": "tadānu",
"gw": "give",
"sense": "give",
"norm": "addan",
"pos": "V",
"epos": "V"}
}
,
{
"node": "d",
"subtype": "bottom",
"type": "surface",
"ref": "P313738.b.e..10",
"type": "bottom",
"label": "b.e."}
,
{
"node": "d",
"type": "line-start",
"ref": "P313738.11",
"n": "8'",
"label": "b.e. 8'"}
,
{
"node": "l",
"frag": "⸢u₃⸣",
"id": "P313738.l060a6",
"ref": "P313738.11.1",
"inst": "u[and]CNJ",
"sig": "@saao/saa05%akk-x-neoass:u₃=u[and//and]CNJ'CNJ$u",
"f": {"lang": "akk-x-neoass",
"form": "u₃",
"cf": "u",
"gw": "and",
"sense": "and",
"norm": "u",
"pos": "CNJ",
"epos": "CNJ"}
}
,
{
"node": "l",
"frag": "{še}NUMUN\\y-šu₂\\d-nu",
"id": "P313738.l060a7",
"ref": "P313738.11.2",
"inst": "zēru[seed(s)//agricultural land]N$zarʾēšunu",
"sig": "@saao/saa05%akk-x-neoass:{ŠE}NUMUN-šu₂-nu=zēru[seed(s)//agricultural land]N'N$zarʾēšunu",
"f": {"lang": "akk-x-neoass",
"form": "{ŠE}NUMUN-šu₂-nu",
"cf": "zēru",
"gw": "seed(s)",
"sense": "agricultural land",
"norm": "zarʾēšunu",
"pos": "N",
"epos": "N"}
}
,
{
"node": "l",
"frag": "e-ru-šu₂\\d",
"id": "P313738.l060a8",
"ref": "P313738.11.3",
"inst": "erēšu[sow//cultivate]V$errušu",
"sig": "@saao/saa05%akk-x-neoass:e-ru-šu₂=erēšu[sow//cultivate]V'V$errušu",
"f": {"lang": "akk-x-neoass",
"form": "e-ru-šu₂",
"cf": "erēšu",
"gw": "sow",
"sense": "cultivate",
"norm": "errušu",
"pos": "V",
"epos": "V"}
}
,
{
"node": "d",
"type": "line-start",
"ref": "P313738.12",
"n": "9'",
"label": "b.e. 9'"}
,
{
"node": "l",
"frag": "⸢u₃⸣",
"id": "P313738.l060a9",
"ref": "P313738.12.1",
"inst": "u[and]CNJ",
"sig": "@saao/saa05%akk-x-neoass:u₃=u[and//and]CNJ'CNJ$u",
"f": {"lang": "akk-x-neoass",
"form": "u₃",
"cf": "u",
"gw": "and",
"sense": "and",
"norm": "u",
"pos": "CNJ",
"epos": "CNJ"}
}
,
{
"node": "l",
"frag": "šum₂-mu",
"id": "P313738.l060aa",
"ref": "P313738.12.2",
"inst": "šummu[if]MOD",
"sig": "@saao/saa05%akk-x-neoass:šum₂-mu=šumma[if//if]MOD'MOD$šummu",
"f": {"lang": "akk-x-neoass",
"form": "šum₂-mu",
"cf": "šumma",
"gw": "if",
"sense": "if",
"norm": "šummu",
"pos": "MOD",
"epos": "MOD"}
}
,
{
"node": "l",
"frag": "la",
"id": "P313738.l060ab",
"ref": "P313738.12.3",
"inst": "lā[not]MOD",
"sig": "@saao/saa05%akk-x-neoass:la=lā[not//not]MOD'MOD$lā",
"f": {"lang": "akk-x-neoass",
"form": "la",
"cf": "lā",
"gw": "not",
"sense": "not",
"norm": "lā",
"pos": "MOD",
"epos": "MOD"}
}
,
{
"node": "l",
"frag": "a-pa-qi-di",
"id": "P313738.l060ac",
"ref": "P313738.12.4",
"inst": "paqādu[entrust]V$apaqqīdi",
"sig": "@saao/saa05%akk-x-neoass:a-pa-qi-di=paqādu[entrust//entrust]V'V$apaqqīdi",
"f": {"lang": "akk-x-neoass",
"form": "a-pa-qi-di",
"cf": "paqādu",
"gw": "entrust",
"sense": "entrust",
"norm": "apaqqīdi",
"pos": "V",
"epos": "V"}
}
,
{
"node": "d",
"subtype": "reverse",
"type": "surface",
"ref": "P313738.r.13",
"type": "reverse",
"label": "r"}
,
{
"node": "d",
"type": "line-start",
"ref": "P313738.14",
"n": "1",
"label": "r 1"}
,
{
"node": "l",
"frag": "[ŠE",
"id": "P313738.l060ad",
"ref": "P313738.14.1",
"inst": "šeʾu[barley//grain]N$šeʾu",
"sig": "@saao/saa05%akk-x-neoass:ŠE=šeʾu[barley//grain]N'N$šeʾu",
"f": {"lang": "akk-x-neoass",
"form": "ŠE",
"cf": "šeʾu",
"gw": "barley",
"sense": "grain",
"norm": "šeʾu",
"pos": "N",
"epos": "N"}
}
,
{
"node": "l",
"frag": "pa]-ni-um\\d-ma",
"id": "P313738.l060ae",
"ref": "P313738.14.2",
"inst": "pānû[previous]AJ$pāniumma",
"sig": "@saao/saa05%akk-x-neoass:pa-ni-um-ma=pānû[previous//previous]AJ'AJ$pāniumma",
"f": {"lang": "akk-x-neoass",
"form": "pa-ni-um-ma",
"cf": "pānû",
"gw": "previous",
"sense": "previous",
"norm": "pāniumma",
"pos": "AJ",
"epos": "AJ"}
}
,
{
"node": "l",
"frag": "ša\\d",
"id": "P313738.l060af",
"ref": "P313738.14.3",
"inst": "ša[which]REL",
"sig": "@saao/saa05%akk-x-neoass:ša=ša[that//which]REL'REL$ša",
"f": {"lang": "akk-x-neoass",
"form": "ša",
"cf": "ša",
"gw": "that",
"sense": "which",
"norm": "ša",
"pos": "REL",
"epos": "REL"}
}
,
{
"node": "l",
"frag": "e-ṣi-du-ni",
"id": "P313738.l060b0",
"ref": "P313738.14.4",
"inst": "eṣēdu[harvest]V$ēṣidūni",
"sig": "@saao/saa05%akk-x-neoass:e-ṣi-du-ni=eṣēdu[harvest//harvest]V'V$ēṣidūni",
"f": {"lang": "akk-x-neoass",
"form": "e-ṣi-du-ni",
"cf": "eṣēdu",
"gw": "harvest",
"sense": "harvest",
"norm": "ēṣidūni",
"pos": "V",
"epos": "V"}
}
,
{
"node": "d",
"type": "line-start",
"ref": "P313738.15",
"n": "2",
"label": "r 2"}
,
{
"node": "l",
"frag": "⸢i⸣-na-ši-u",
"id": "P313738.l060b1",
"ref": "P313738.15.1",
"inst": "našû[lift//take]V$inaššiu",
"sig": "@saao/saa05%akk-x-neoass:i-na-ši-u=našû[lift//take]V'V$inaššiu",
"f": {"lang": "akk-x-neoass",
"form": "i-na-ši-u",
"cf": "našû",
"gw": "lift",
"sense": "take",
"norm": "inaššiu",
"pos": "V",
"epos": "V"}
}
,
{
"node": "l",
"frag": "e-ku-lu",
"id": "P313738.l060b2",
"ref": "P313738.15.2",
"inst": "akālu[eat]V$ekkulu",
"sig": "@saao/saa05%akk-x-neoass:e-ku-lu=akālu[eat//eat]V'V$ekkulu",
"f": {"lang": "akk-x-neoass",
"form": "e-ku-lu",
"cf": "akālu",
"gw": "eat",
"sense": "eat",
"norm": "ekkulu",
"pos": "V",
"epos": "V"}
}
,
{
"node": "l",
"frag": "u₃",
"id": "P313738.l060b3",
"ref": "P313738.15.3",
"inst": "u[and]CNJ",
"sig": "@saao/saa05%akk-x-neoass:u₃=u[and//and]CNJ'CNJ$u",
"f": {"lang": "akk-x-neoass",
"form": "u₃",
"cf": "u",
"gw": "and",
"sense": "and",
"norm": "u",
"pos": "CNJ",
"epos": "CNJ"}
}
,
{
"node": "l",
"frag": "{še}NUMUN\\y",
"id": "P313738.l060b4",
"ref": "P313738.15.4",
"inst": "zēru[seed(s)//agricultural land]N$zarʾē",
"sig": "@saao/saa05%akk-x-neoass:{ŠE}NUMUN=zēru[seed(s)//agricultural land]N'N$zarʾē",
"f": {"lang": "akk-x-neoass",
"form": "{ŠE}NUMUN",
"cf": "zēru",
"gw": "seed(s)",
"sense": "agricultural land",
"norm": "zarʾē",
"pos": "N",
"epos": "N"}
}
,
{
"node": "l",
"frag": "la",
"id": "P313738.l060b5",
"ref": "P313738.15.5",
"inst": "lā[not]MOD",
"sig": "@saao/saa05%akk-x-neoass:la=lā[not//not]MOD'MOD$lā",
"f": {"lang": "akk-x-neoass",
"form": "la",
"cf": "lā",
"gw": "not",
"sense": "not",
"norm": "lā",
"pos": "MOD",
"epos": "MOD"}
}
,
{
"node": "l",
"frag": "e-ru-šu₂",
"id": "P313738.l060b6",
"ref": "P313738.15.6",
"inst": "erēšu[sow//cultivate]V$errušu",
"sig": "@saao/saa05%akk-x-neoass:e-ru-šu₂=erēšu[sow//cultivate]V'V$errušu",
"f": {"lang": "akk-x-neoass",
"form": "e-ru-šu₂",
"cf": "erēšu",
"gw": "sow",
"sense": "cultivate",
"norm": "errušu",
"pos": "V",
"epos": "V"}
}
,
{
"node": "d",
"type": "line-start",
"ref": "P313738.16",
"n": "3",
"label": "r 3"}
,
{
"node": "l",
"frag": "[ša₂]",
"id": "P313738.l060b7",
"ref": "P313738.16.1",
"inst": "ša[who]REL",
"sig": "@saao/saa05%akk-x-neoass:ša₂=ša[that//who]REL'REL$ša",
"f": {"lang": "akk-x-neoass",
"form": "ša₂",
"cf": "ša",
"gw": "that",
"sense": "who",
"norm": "ša",
"pos": "REL",
"epos": "REL"}
}
,
{
"node": "l",
"frag": "⸢la⸣",
"id": "P313738.l060b8",
"ref": "P313738.16.2",
"inst": "lā[not]MOD",
"sig": "@saao/saa05%akk-x-neoass:la=lā[not//not]MOD'MOD$lā",
"f": {"lang": "akk-x-neoass",
"form": "la",
"cf": "lā",
"gw": "not",
"sense": "not",
"norm": "lā",
"pos": "MOD",
"epos": "MOD"}
}
,
{
"node": "l",
"frag": "EN",
"id": "P313738.l060b9",
"ref": "P313738.16.3",
"inst": "bēlu[lord]N$bēli",
"sig": "@saao/saa05%akk-x-neoass:EN=bēlu[lord//lord]N'N$bēli",
"f": {"lang": "akk-x-neoass",
"form": "EN",
"cf": "bēlu",
"gw": "lord",
"sense": "lord",
"norm": "bēli",
"pos": "N",
"epos": "N"}
}
,
{
"node": "c",
"type": "phrase",
"tag": "phr",
"id": "P313738.U6",
"ref": "P313738.ls00002",
"cdl": [
{
"node": "l",
"frag": "ina",
"id": "P313738.l060ba",
"ref": "P313738.16.4",
"inst": "ina[in+=to]PRP",
"sig": "@saao/saa05%akk-x-neoass:ina=ina[in//in]PRP'PRP$ina",
"f": {"lang": "akk-x-neoass",
"form": "ina",
"cf": "ina",
"gw": "in",
"sense": "in",
"norm": "ina",
"pos": "PRP",
"epos": "PRP"}
}
,
{
"node": "l",
"frag": "UGU-hi-ia",
"id": "P313738.l060bb",
"ref": "P313738.16.5",
"inst": "muhhīya[skull]N",
"sig": "@saao/saa05%akk-x-neoass:UGU-hi-ia=muhhu[skull//skull]N'N$muhhīya",
"f": {"lang": "akk-x-neoass",
"form": "UGU-hi-ia",
"cf": "muhhu",
"gw": "skull",
"sense": "skull",
"norm": "muhhīya",
"pos": "N",
"epos": "N"}
}
]}
,
{
"node": "l",
"frag": "i-sa-hur-u-ni",
"id": "P313738.l060bc",
"ref": "P313738.16.6",
"inst": "sahāru[go around//return]V$isahhurūni",
"sig": "@saao/saa05%akk-x-neoass:i-sa-hur-u-ni=sahāru[go around//return]V'V$isahhurūni",
"f": {"lang": "akk-x-neoass",
"form": "i-sa-hur-u-ni",
"cf": "sahāru",
"gw": "go around",
"sense": "return",
"norm": "isahhurūni",
"pos": "V",
"epos": "V"}
}
,
{
"node": "l",
"frag": "ma-a",
"id": "P313738.l060bd",
"ref": "P313738.16.7",
"inst": "mā[saying]PRP",
"sig": "@saao/saa05%akk-x-neoass:ma-a=mā[saying//saying]PRP'PRP$mā",
"f": {"lang": "akk-x-neoass",
"form": "ma-a",
"cf": "mā",
"gw": "saying",
"sense": "saying",
"norm": "mā",
"pos": "PRP",
"epos": "PRP"}
}
,
{
"node": "l",
"frag": "NINDA-MEŠ",
"id": "P313738.l060be",
"ref": "P313738.16.8",
"inst": "kusāpī[bread]N",
"sig": "@saao/saa05%akk-x-neoass:NINDA-MEŠ=kusāpu[bread//bread]N'N$kusāpī",
"f": {"lang": "akk-x-neoass",
"form": "NINDA-MEŠ",
"cf": "kusāpu",
"gw": "bread",
"sense": "bread",
"norm": "kusāpī",
"pos": "N",
"epos": "N"}
}
,
{
"node": "d",
"type": "line-start",
"ref": "P313738.17",
"n": "4",
"label": "r 4"}
,
{
"node": "l",
"frag": "[šak]-⸢la⸣-na-ši",
"id": "P313738.l060bf",
"ref": "P313738.17.1",
"inst": "šaklu[withheld]AJ$šaklanāši",
"sig": "@saao/saa05%akk-x-neoass:šak-la-na-ši=šaklu[withheld//withheld]AJ'AJ$šaklanāši",
"f": {"lang": "akk-x-neoass",
"form": "šak-la-na-ši",
"cf": "šaklu",
"gw": "withheld",
"sense": "withheld",
"norm": "šaklanāši",
"pos": "AJ",
"epos": "AJ"}
}
,
{
"node": "l",
"frag": "LUGAL",
"id": "P313738.l060c0",
"ref": "P313738.17.2",
"inst": "šarru[king]N",
"sig": "@saao/saa05%akk-x-neoass:LUGAL=šarru[king//king]N'N$šarru",
"f": {"lang": "akk-x-neoass",
"form": "LUGAL",
"cf": "šarru",
"gw": "king",
"sense": "king",
"norm": "šarru",
"pos": "N",
"epos": "N"}
}
,
{
"node": "l",
"frag": "be-li₂",
"id": "P313738.l060c1",
"ref": "P313738.17.3",
"inst": "bēlī[lord]N",
"sig": "@saao/saa05%akk-x-neoass:be-li₂=bēlu[lord//lord]N'N$bēlī",
"f": {"lang": "akk-x-neoass",
"form": "be-li₂",
"cf": "bēlu",
"gw": "lord",
"sense": "lord",
"norm": "bēlī",
"pos": "N",
"epos": "N"}
}
,
{
"node": "l",
"frag": "u₂-da\\d",
"id": "P313738.l060c2",
"ref": "P313738.17.4",
"inst": "ūda[know]V",
"sig": "@saao/saa05%akk-x-neoass:u₂-da=wadû[know//know]V'V$ūda",
"f": {"lang": "akk-x-neoass",
"form": "u₂-da",
"cf": "wadû",
"gw": "know",
"sense": "know",
"norm": "ūda",
"pos": "V",
"epos": "V"}
}
,
{
"node": "l",
"frag": "la",
"id": "P313738.l060c3",
"ref": "P313738.17.5",
"inst": "lā[not]MOD",
"sig": "@saao/saa05%akk-x-neoass:la=lā[not//not]MOD'MOD$lā",
"f": {"lang": "akk-x-neoass",
"form": "la",
"cf": "lā",
"gw": "not",
"sense": "not",
"norm": "lā",
"pos": "MOD",
"epos": "MOD"}
}
,
{
"node": "l",
"frag": "⸢x⸣+[x",
"id": "P313738.l060c4",
"ref": "P313738.17.6",
"inst": "u",
"f": {"lang": "akk-x-neoass",
"form": "x+x",
"pos": "u"}
}
,
{
"node": "l",
"frag": "x]",
"id": "P313738.l060c5",
"ref": "P313738.17.7",
"inst": "u",
"f": {"lang": "akk-x-neoass",
"form": "x",
"pos": "u"}
}
,
{
"node": "d",
"type": "line-start",
"ref": "P313738.18",
"n": "5",
"label": "r 5"}
,
{
"node": "l",
"frag": "[x",
"id": "P313738.l060c6",
"ref": "P313738.18.1",
"inst": "u",
"f": {"lang": "akk-x-neoass",
"form": "x",
"pos": "u"}
}
,
{
"node": "l",
"frag": "x]",
"id": "P313738.l060c7",
"ref": "P313738.18.2",
"inst": "u",
"f": {"lang": "akk-x-neoass",
"form": "x",
"pos": "u"}
}
,
{
"node": "l",
"frag": "a-na",
"id": "P313738.l060c8",
"ref": "P313738.18.3",
"inst": "ana[to]PRP",
"sig": "@saao/saa05%akk-x-neoass:a-na=ana[to//to]PRP'PRP$ana",
"f": {"lang": "akk-x-neoass",
"form": "a-na",
"cf": "ana",
"gw": "to",
"sense": "to",
"norm": "ana",
"pos": "PRP",
"epos": "PRP"}
}
,
{
"node": "l",
"frag": "LUGAL",
"id": "P313738.l060c9",
"ref": "P313738.18.4",
"inst": "šarri[king]N",
"sig": "@saao/saa05%akk-x-neoass:LUGAL=šarru[king//king]N'N$šarri",
"f": {"lang": "akk-x-neoass",
"form": "LUGAL",
"cf": "šarru",
"gw": "king",
"sense": "king",
"norm": "šarri",
"pos": "N",
"epos": "N"}
}
,
{
"node": "l",
"frag": "EN-ia",
"id": "P313738.l060ca",
"ref": "P313738.18.5",
"inst": "bēlīya[lord]N",
"sig": "@saao/saa05%akk-x-neoass:EN-ia=bēlu[lord//lord]N'N$bēlīya",
"f": {"lang": "akk-x-neoass",
"form": "EN-ia",
"cf": "bēlu",
"gw": "lord",
"sense": "lord",
"norm": "bēlīya",
"pos": "N",
"epos": "N"}
}
,
{
"node": "l",
"frag": "i-ta-⸢nu⸣",
"id": "P313738.l060cb",
"ref": "P313738.18.6",
"inst": "tadānu[give]V$ittannu",
"sig": "@saao/saa05%akk-x-neoass:i-ta-nu=tadānu[give//give]V'V$ittannu",
"f": {"lang": "akk-x-neoass",
"form": "i-ta-nu",
"cf": "tadānu",
"gw": "give",
"sense": "give",
"norm": "ittannu",
"pos": "V",
"epos": "V"}
}
,
{
"node": "l",
"frag": "[o]",
"id": "P313738.l060cc",
"ref": "P313738.18.7",
"inst": "u",
"f": {"lang": "akk-x-neoass",
"form": "o",
"pos": "u"}
}
,
{
"node": "d",
"type": "line-start",
"ref": "P313738.19",
"n": "6",
"label": "r 6"}
,
{
"node": "l",
"frag": "[x",
"id": "P313738.l060cd",
"ref": "P313738.19.1",
"inst": "u",
"f": {"lang": "akk-x-neoass",
"form": "x",
"pos": "u"}
}
,
{
"node": "l",
"frag": "x]+⸢x⸣",
"id": "P313738.l060ce",
"ref": "P313738.19.2",
"inst": "u",
"f": {"lang": "akk-x-neoass",
"form": "x+x",
"pos": "u"}
}
,
{
"node": "l",
"frag": "KUR-MEŠ\\m-šu₂-⸢nu⸣",
"id": "P313738.l060cf",
"ref": "P313738.19.3",
"inst": "mātu[land]N$mātātišunu",
"sig": "@saao/saa05%akk-x-neoass:KUR-MEŠ-šu₂-nu=mātu[land//land]N'N$mātātišunu",
"f": {"lang": "akk-x-neoass",
"form": "KUR-MEŠ-šu₂-nu",
"cf": "mātu",
"gw": "land",
"sense": "land",
"norm": "mātātišunu",
"pos": "N",
"epos": "N"}
}
,
{
"node": "l",
"frag": "[x",
"id": "P313738.l060d0",
"ref": "P313738.19.4",
"inst": "u",
"f": {"lang": "akk-x-neoass",
"form": "x",
"pos": "u"}
}
,
{
"node": "l",
"frag": "x",
"id": "P313738.l060d1",
"ref": "P313738.19.5",
"inst": "u",
"f": {"lang": "akk-x-neoass",
"form": "x",
"pos": "u"}
}
,
{
"node": "l",
"frag": "x",
"id": "P313738.l060d2",
"ref": "P313738.19.6",
"inst": "u",
"f": {"lang": "akk-x-neoass",
"form": "x",
"pos": "u"}
}
,
{
"node": "l",
"frag": "x",
"id": "P313738.l060d3",
"ref": "P313738.19.7",
"inst": "u",
"f": {"lang": "akk-x-neoass",
"form": "x",
"pos": "u"}
}
,
{
"node": "l",
"frag": "x]",
"id": "P313738.l060d4",
"ref": "P313738.19.8",
"inst": "u",
"f": {"lang": "akk-x-neoass",
"form": "x",
"pos": "u"}
}
,
{
"node": "d",
"type": "nonx",
"ref": "P313738.20",
"strict": "0",
"extent": "rest",
"state": "missing"}
]}
]}
]}
,
{
"linkbase": [{
"type": "linkset",
"xlink_title": "ištu libbi[from//from out of]PRP'PRP",
"id": "P313738.ls00000",
"xlink_type": "extended",
"xlink_role": "psu",
"sig": "{ištu[from]PRP libbu[interior]N += ištu libbi[from//from out of]PRP'PRP}::@saao%akk-x-neoass:TA@v=ištu[from//from]PRP'PRP$issu++@saao%akk-x-neoass:ŠA₃-bi=libbu[interior//interior]N'N$libbi",
"links": [
{
"type": "link",
"xlink_title": "issu",
"xlink_type": "locator",
"xlink_href": "#P313738.l06095",
"xlink_role": "elt"}
,
{
"type": "link",
"xlink_title": "libbi",
"xlink_type": "locator",
"xlink_href": "#P313738.l06096",
"xlink_role": "elt"}
]}
,
{
"type": "linkset",
"xlink_title": "ana pānāt[before//for]PRP'PRP",
"id": "P313738.ls00001",
"xlink_type": "extended",
"xlink_role": "psu",
"sig": "{ana[to]PRP pānātu[front]N += ana pānāt[before//for]PRP'PRP}::@saao%akk-x-neoass:a-na=ana[to//to]PRP'PRP$ana++@saao%akk-x-neoass:pa-na-tu-šu₂=pānātu[front//front]N'N$pānātuššu",
"links": [
{
"type": "link",
"xlink_title": "ana",
"xlink_type": "locator",
"xlink_href": "#P313738.l0609b",
"xlink_role": "elt"}
,
{
"type": "link",
"xlink_title": "pānātu",
"xlink_type": "locator",
"xlink_href": "#P313738.l0609c",
"xlink_role": "elt"}
]}
,
{
"type": "linkset",
"xlink_title": "ina muhhi[on//about]PRP'PRP",
"id": "P313738.ls00002",
"xlink_type": "extended",
"xlink_role": "psu",
"sig": "{ina[in]PRP muhhu[skull]N += ina muhhi[on//about]PRP'PRP}::@saao%akk-x-neoass:ina=ina[in//into]PRP'PRP$ina++@saao%akk-x-neoass:UGU-hi-ia=muhhu[skull//skull]N'N$muhhīya",
"links": [
{
"type": "link",
"xlink_title": "ina",
"xlink_type": "locator",
"xlink_href": "#P313738.l060ba",
"xlink_role": "elt"}
,
{
"type": "link",
"xlink_title": "muhhīya",
"xlink_type": "locator",
"xlink_href": "#P313738.l060bb",
"xlink_role": "elt"}
]}
]}
]}
