{
"type": "cdl",
  "source": "http://oracc.org/saao/saa05",
  "license": "This data is released under the CC0 license",
  "license-url": "https://creativecommons.org/publicdomain/zero/1.0/",
  "more-info": "http://oracc.org/doc/opendata/",
  "UTC-timestamp": "2017-05-19T11:27:35",
"project": "saao/saa05",
"textid": "P314068",
"cdl": [
{
"node": "c",
"type": "text",
"id": "P314068.U0",
"cdl": [
{
"node": "d",
"type": "object",
"ref": ""}
,
{
"node": "d",
"subtype": "obverse",
"type": "surface",
"ref": "P314068.o.1",
"type": "obverse",
"label": "o"}
,
{
"node": "d",
"type": "nonx",
"ref": "P314068.2",
"strict": "0",
"extent": "beginning",
"state": "missing"}
,
{
"node": "c",
"type": "discourse",
"subtype": "body",
"id": "P314068.U1",
"cdl": [
{
"node": "c",
"type": "sentence",
"id": "P314068.U2",
"label": "o 1' - r 10",
"cdl": [
{
"node": "d",
"type": "line-start",
"ref": "P314068.3",
"n": "1'",
"label": "o 1'"}
,
{
"node": "l",
"frag": "⸢a-du⸣",
"id": "P314068.l02322",
"ref": "P314068.3.1",
"inst": "adu[as far as]PRP",
"sig": "@saao/saa05%akk-x-neoass:a-du=adi[until//as far as]PRP'PRP$adu",
"f": {"lang": "akk-x-neoass",
"form": "a-du",
"cf": "adi",
"gw": "until",
"sense": "as far as",
"norm": "adu",
"pos": "PRP",
"epos": "PRP"}
}
,
{
"node": "l",
"frag": "[x",
"id": "P314068.l02323",
"ref": "P314068.3.2",
"inst": "u",
"f": {"lang": "akk-x-neoass",
"form": "x",
"pos": "u"}
}
,
{
"node": "l",
"frag": "x",
"id": "P314068.l02324",
"ref": "P314068.3.3",
"inst": "u",
"f": {"lang": "akk-x-neoass",
"form": "x",
"pos": "u"}
}
,
{
"node": "l",
"frag": "x",
"id": "P314068.l02325",
"ref": "P314068.3.4",
"inst": "u",
"f": {"lang": "akk-x-neoass",
"form": "x",
"pos": "u"}
}
,
{
"node": "l",
"frag": "x",
"id": "P314068.l02326",
"ref": "P314068.3.5",
"inst": "u",
"f": {"lang": "akk-x-neoass",
"form": "x",
"pos": "u"}
}
,
{
"node": "l",
"frag": "x",
"id": "P314068.l02327",
"ref": "P314068.3.6",
"inst": "u",
"f": {"lang": "akk-x-neoass",
"form": "x",
"pos": "u"}
}
,
{
"node": "l",
"frag": "x",
"id": "P314068.l02328",
"ref": "P314068.3.7",
"inst": "u",
"f": {"lang": "akk-x-neoass",
"form": "x",
"pos": "u"}
}
,
{
"node": "l",
"frag": "x",
"id": "P314068.l02329",
"ref": "P314068.3.8",
"inst": "u",
"f": {"lang": "akk-x-neoass",
"form": "x",
"pos": "u"}
}
,
{
"node": "l",
"frag": "x]",
"id": "P314068.l0232a",
"ref": "P314068.3.9",
"inst": "u",
"f": {"lang": "akk-x-neoass",
"form": "x",
"pos": "u"}
}
,
{
"node": "d",
"type": "line-start",
"ref": "P314068.4",
"n": "2'",
"label": "o 2'"}
,
{
"node": "l",
"frag": "LUGAL",
"id": "P314068.l0232b",
"ref": "P314068.4.1",
"inst": "šarri[king]N",
"sig": "@saao/saa05%akk-x-neoass:LUGAL=šarru[king//king]N'N$šarri",
"f": {"lang": "akk-x-neoass",
"form": "LUGAL",
"cf": "šarru",
"gw": "king",
"sense": "king",
"norm": "šarri",
"pos": "N",
"epos": "N"}
}
,
{
"node": "l",
"frag": "EN-[ia",
"id": "P314068.l0232c",
"ref": "P314068.4.2",
"inst": "bēlīya[lord]N",
"sig": "@saao/saa05%akk-x-neoass:EN-ia=bēlu[lord//lord]N'N$bēlīya",
"f": {"lang": "akk-x-neoass",
"form": "EN-ia",
"cf": "bēlu",
"gw": "lord",
"sense": "lord",
"norm": "bēlīya",
"pos": "N",
"epos": "N"}
}
,
{
"node": "l",
"frag": "x",
"id": "P314068.l0232d",
"ref": "P314068.4.3",
"inst": "u",
"f": {"lang": "akk-x-neoass",
"form": "x",
"pos": "u"}
}
,
{
"node": "l",
"frag": "x",
"id": "P314068.l0232e",
"ref": "P314068.4.4",
"inst": "u",
"f": {"lang": "akk-x-neoass",
"form": "x",
"pos": "u"}
}
,
{
"node": "l",
"frag": "x",
"id": "P314068.l0232f",
"ref": "P314068.4.5",
"inst": "u",
"f": {"lang": "akk-x-neoass",
"form": "x",
"pos": "u"}
}
,
{
"node": "l",
"frag": "x",
"id": "P314068.l02330",
"ref": "P314068.4.6",
"inst": "u",
"f": {"lang": "akk-x-neoass",
"form": "x",
"pos": "u"}
}
,
{
"node": "l",
"frag": "x",
"id": "P314068.l02331",
"ref": "P314068.4.7",
"inst": "u",
"f": {"lang": "akk-x-neoass",
"form": "x",
"pos": "u"}
}
,
{
"node": "l",
"frag": "x]",
"id": "P314068.l02332",
"ref": "P314068.4.8",
"inst": "u",
"f": {"lang": "akk-x-neoass",
"form": "x",
"pos": "u"}
}
,
{
"node": "d",
"type": "line-start",
"ref": "P314068.5",
"n": "3'",
"label": "o 3'"}
,
{
"node": "l",
"frag": "a-na\\dt",
"id": "P314068.l02333",
"ref": "P314068.5.1",
"inst": "ana[to]PRP",
"sig": "@saao/saa05%akk-x-neoass:a-na=ana[to//to]PRP'PRP$ana",
"f": {"lang": "akk-x-neoass",
"form": "a-na",
"cf": "ana",
"gw": "to",
"sense": "to",
"norm": "ana",
"pos": "PRP",
"epos": "PRP"}
}
,
{
"node": "l",
"frag": "{kur}me-[ṣa-a.a",
"id": "P314068.l02334",
"ref": "P314068.5.2",
"inst": "u",
"f": {"lang": "akk-x-neoass",
"form": "{KUR}me-ṣa-a.a",
"pos": "u"}
}
,
{
"node": "l",
"frag": "x",
"id": "P314068.l02335",
"ref": "P314068.5.3",
"inst": "u",
"f": {"lang": "akk-x-neoass",
"form": "x",
"pos": "u"}
}
,
{
"node": "l",
"frag": "x",
"id": "P314068.l02336",
"ref": "P314068.5.4",
"inst": "u",
"f": {"lang": "akk-x-neoass",
"form": "x",
"pos": "u"}
}
,
{
"node": "l",
"frag": "x",
"id": "P314068.l02337",
"ref": "P314068.5.5",
"inst": "u",
"f": {"lang": "akk-x-neoass",
"form": "x",
"pos": "u"}
}
,
{
"node": "l",
"frag": "x",
"id": "P314068.l02338",
"ref": "P314068.5.6",
"inst": "u",
"f": {"lang": "akk-x-neoass",
"form": "x",
"pos": "u"}
}
,
{
"node": "l",
"frag": "x]",
"id": "P314068.l02339",
"ref": "P314068.5.7",
"inst": "u",
"f": {"lang": "akk-x-neoass",
"form": "x",
"pos": "u"}
}
,
{
"node": "d",
"type": "line-start",
"ref": "P314068.6",
"n": "4'",
"label": "o 4'"}
,
{
"node": "l",
"frag": "u₂-ma-⸢al⸣-[x",
"id": "P314068.l0233a",
"ref": "P314068.6.1",
"inst": "u",
"f": {"lang": "akk-x-neoass",
"form": "u₂-ma-al-x",
"pos": "u"}
}
,
{
"node": "l",
"frag": "x",
"id": "P314068.l0233b",
"ref": "P314068.6.2",
"inst": "u",
"f": {"lang": "akk-x-neoass",
"form": "x",
"pos": "u"}
}
,
{
"node": "l",
"frag": "x",
"id": "P314068.l0233c",
"ref": "P314068.6.3",
"inst": "u",
"f": {"lang": "akk-x-neoass",
"form": "x",
"pos": "u"}
}
,
{
"node": "l",
"frag": "x",
"id": "P314068.l0233d",
"ref": "P314068.6.4",
"inst": "u",
"f": {"lang": "akk-x-neoass",
"form": "x",
"pos": "u"}
}
,
{
"node": "l",
"frag": "x",
"id": "P314068.l0233e",
"ref": "P314068.6.5",
"inst": "u",
"f": {"lang": "akk-x-neoass",
"form": "x",
"pos": "u"}
}
,
{
"node": "l",
"frag": "x]",
"id": "P314068.l0233f",
"ref": "P314068.6.6",
"inst": "u",
"f": {"lang": "akk-x-neoass",
"form": "x",
"pos": "u"}
}
,
{
"node": "d",
"type": "line-start",
"ref": "P314068.7",
"n": "5'",
"label": "o 5'"}
,
{
"node": "l",
"frag": "tu\\t-sa-lim",
"id": "P314068.l02340",
"ref": "P314068.7.1",
"inst": "salāmu[be(come) at peace//make peace]V$tussallim",
"sig": "@saao/saa05%akk-x-neoass:tu-sa-lim=salāmu[be(come) at peace//make peace]V'V$tussallim",
"f": {"lang": "akk-x-neoass",
"form": "tu-sa-lim",
"cf": "salāmu",
"gw": "be(come) at peace",
"sense": "make peace",
"norm": "tussallim",
"pos": "V",
"epos": "V"}
}
,
{
"node": "l",
"frag": "[x",
"id": "P314068.l02341",
"ref": "P314068.7.2",
"inst": "u",
"f": {"lang": "akk-x-neoass",
"form": "x",
"pos": "u"}
}
,
{
"node": "l",
"frag": "x",
"id": "P314068.l02342",
"ref": "P314068.7.3",
"inst": "u",
"f": {"lang": "akk-x-neoass",
"form": "x",
"pos": "u"}
}
,
{
"node": "l",
"frag": "x",
"id": "P314068.l02343",
"ref": "P314068.7.4",
"inst": "u",
"f": {"lang": "akk-x-neoass",
"form": "x",
"pos": "u"}
}
,
{
"node": "l",
"frag": "x",
"id": "P314068.l02344",
"ref": "P314068.7.5",
"inst": "u",
"f": {"lang": "akk-x-neoass",
"form": "x",
"pos": "u"}
}
,
{
"node": "l",
"frag": "x",
"id": "P314068.l02345",
"ref": "P314068.7.6",
"inst": "u",
"f": {"lang": "akk-x-neoass",
"form": "x",
"pos": "u"}
}
,
{
"node": "l",
"frag": "x",
"id": "P314068.l02346",
"ref": "P314068.7.7",
"inst": "u",
"f": {"lang": "akk-x-neoass",
"form": "x",
"pos": "u"}
}
,
{
"node": "l",
"frag": "x]",
"id": "P314068.l02347",
"ref": "P314068.7.8",
"inst": "u",
"f": {"lang": "akk-x-neoass",
"form": "x",
"pos": "u"}
}
,
{
"node": "d",
"type": "line-start",
"ref": "P314068.8",
"n": "6'",
"label": "o 6'"}
,
{
"node": "l",
"frag": "a-du",
"id": "P314068.l02348",
"ref": "P314068.8.1",
"inst": "adu[as far as]PRP",
"sig": "@saao/saa05%akk-x-neoass:a-du=adi[until//as far as]PRP'PRP$adu",
"f": {"lang": "akk-x-neoass",
"form": "a-du",
"cf": "adi",
"gw": "until",
"sense": "as far as",
"norm": "adu",
"pos": "PRP",
"epos": "PRP"}
}
,
{
"node": "l",
"frag": "⸢x⸣+[x",
"id": "P314068.l02349",
"ref": "P314068.8.2",
"inst": "u",
"f": {"lang": "akk-x-neoass",
"form": "x+x",
"pos": "u"}
}
,
{
"node": "l",
"frag": "x",
"id": "P314068.l0234a",
"ref": "P314068.8.3",
"inst": "u",
"f": {"lang": "akk-x-neoass",
"form": "x",
"pos": "u"}
}
,
{
"node": "l",
"frag": "x",
"id": "P314068.l0234b",
"ref": "P314068.8.4",
"inst": "u",
"f": {"lang": "akk-x-neoass",
"form": "x",
"pos": "u"}
}
,
{
"node": "l",
"frag": "x",
"id": "P314068.l0234c",
"ref": "P314068.8.5",
"inst": "u",
"f": {"lang": "akk-x-neoass",
"form": "x",
"pos": "u"}
}
,
{
"node": "l",
"frag": "x",
"id": "P314068.l0234d",
"ref": "P314068.8.6",
"inst": "u",
"f": {"lang": "akk-x-neoass",
"form": "x",
"pos": "u"}
}
,
{
"node": "l",
"frag": "x",
"id": "P314068.l0234e",
"ref": "P314068.8.7",
"inst": "u",
"f": {"lang": "akk-x-neoass",
"form": "x",
"pos": "u"}
}
,
{
"node": "l",
"frag": "x]",
"id": "P314068.l0234f",
"ref": "P314068.8.8",
"inst": "u",
"f": {"lang": "akk-x-neoass",
"form": "x",
"pos": "u"}
}
,
{
"node": "d",
"type": "line-start",
"ref": "P314068.9",
"n": "7'",
"label": "o 7'"}
,
{
"node": "l",
"frag": "gab-bi",
"id": "P314068.l02350",
"ref": "P314068.9.1",
"inst": "gabbi[all]N",
"sig": "@saao/saa05%akk-x-neoass:gab-bi=gabbu[totality//all]N'N$gabbi",
"f": {"lang": "akk-x-neoass",
"form": "gab-bi",
"cf": "gabbu",
"gw": "totality",
"sense": "all",
"norm": "gabbi",
"pos": "N",
"epos": "N"}
}
,
{
"node": "l",
"frag": "[x",
"id": "P314068.l02351",
"ref": "P314068.9.2",
"inst": "u",
"f": {"lang": "akk-x-neoass",
"form": "x",
"pos": "u"}
}
,
{
"node": "l",
"frag": "x",
"id": "P314068.l02352",
"ref": "P314068.9.3",
"inst": "u",
"f": {"lang": "akk-x-neoass",
"form": "x",
"pos": "u"}
}
,
{
"node": "l",
"frag": "x",
"id": "P314068.l02353",
"ref": "P314068.9.4",
"inst": "u",
"f": {"lang": "akk-x-neoass",
"form": "x",
"pos": "u"}
}
,
{
"node": "l",
"frag": "x",
"id": "P314068.l02354",
"ref": "P314068.9.5",
"inst": "u",
"f": {"lang": "akk-x-neoass",
"form": "x",
"pos": "u"}
}
,
{
"node": "l",
"frag": "x",
"id": "P314068.l02355",
"ref": "P314068.9.6",
"inst": "u",
"f": {"lang": "akk-x-neoass",
"form": "x",
"pos": "u"}
}
,
{
"node": "l",
"frag": "x",
"id": "P314068.l02356",
"ref": "P314068.9.7",
"inst": "u",
"f": {"lang": "akk-x-neoass",
"form": "x",
"pos": "u"}
}
,
{
"node": "l",
"frag": "x]",
"id": "P314068.l02357",
"ref": "P314068.9.8",
"inst": "u",
"f": {"lang": "akk-x-neoass",
"form": "x",
"pos": "u"}
}
,
{
"node": "d",
"type": "line-start",
"ref": "P314068.10",
"n": "8'",
"label": "o 8'"}
,
{
"node": "l",
"frag": "a-⸢na\\dtm⸣",
"id": "P314068.l02358",
"ref": "P314068.10.1",
"inst": "ana[to]PRP",
"sig": "@saao/saa05%akk-x-neoass:a-na=ana[to//to]PRP'PRP$ana",
"f": {"lang": "akk-x-neoass",
"form": "a-na",
"cf": "ana",
"gw": "to",
"sense": "to",
"norm": "ana",
"pos": "PRP",
"epos": "PRP"}
}
,
{
"node": "c",
"type": "phrase",
"tag": "phr",
"id": "P314068.U4",
"ref": "P314068.ls00000",
"cdl": [
{
"node": "l",
"frag": "KUR-aš-⸢šur⸣",
"id": "P314068.l02359",
"ref": "P314068.10.2",
"cof-tails": "P314068.l0235a",
"inst": "mātu[land]N$māt&Aššur[1]DN",
"sig": "@saao/saa05%akk-x-neoass:KUR-aš-šur=mātu[land//land]N'N$māt&&@saao%akk-x-neoass:=Aššur[1//1]DN'DN$Aššur",
"f": {"lang": "akk-x-neoass",
"form": "KUR-aš-šur",
"cf": "mātu",
"gw": "land",
"sense": "land",
"norm": "māt",
"pos": "N",
"epos": "N"}
}
,
{
"node": "l",
"frag": "KUR-aš-⸢šur⸣",
"id": "P314068.l0235a",
"ref": "P314068.10.2",
"cof-head": "P314068.l02359",
"inst": "mātu[land]N$māt&Aššur[1]DN",
"tail-sig": "@saao%akk-x-neoass:=Aššur[1//1]DN'DN$Aššur",
"f": {"lang": "akk-x-neoass",
"form": "KUR-aš-šur",
"cf": "Aššur",
"gw": "1",
"sense": "1",
"norm": "Aššur",
"pos": "DN",
"epos": "DN"}
}
]}
,
{
"node": "l",
"frag": "[x",
"id": "P314068.l0235b",
"ref": "P314068.10.3",
"inst": "u",
"f": {"lang": "akk-x-neoass",
"form": "x",
"pos": "u"}
}
,
{
"node": "l",
"frag": "x",
"id": "P314068.l0235c",
"ref": "P314068.10.4",
"inst": "u",
"f": {"lang": "akk-x-neoass",
"form": "x",
"pos": "u"}
}
,
{
"node": "l",
"frag": "x",
"id": "P314068.l0235d",
"ref": "P314068.10.5",
"inst": "u",
"f": {"lang": "akk-x-neoass",
"form": "x",
"pos": "u"}
}
,
{
"node": "l",
"frag": "x",
"id": "P314068.l0235e",
"ref": "P314068.10.6",
"inst": "u",
"f": {"lang": "akk-x-neoass",
"form": "x",
"pos": "u"}
}
,
{
"node": "l",
"frag": "x",
"id": "P314068.l0235f",
"ref": "P314068.10.7",
"inst": "u",
"f": {"lang": "akk-x-neoass",
"form": "x",
"pos": "u"}
}
,
{
"node": "l",
"frag": "x]",
"id": "P314068.l02360",
"ref": "P314068.10.8",
"inst": "u",
"f": {"lang": "akk-x-neoass",
"form": "x",
"pos": "u"}
}
,
{
"node": "d",
"type": "line-start",
"ref": "P314068.11",
"n": "9'",
"label": "o 9'"}
,
{
"node": "l",
"frag": "ṭe₃-ma-ni",
"id": "P314068.l02361",
"ref": "P314068.11.1",
"inst": "ṭēmu[(fore)thought//report]N$ṭēmāni",
"sig": "@saao/saa05%akk-x-neoass:ṭe₃-ma-ni=ṭēmu[(fore)thought//report]N'N$ṭēmāni",
"f": {"lang": "akk-x-neoass",
"form": "ṭe₃-ma-ni",
"cf": "ṭēmu",
"gw": "(fore)thought",
"sense": "report",
"norm": "ṭēmāni",
"pos": "N",
"epos": "N"}
}
,
{
"node": "l",
"frag": "[x",
"id": "P314068.l02362",
"ref": "P314068.11.2",
"inst": "u",
"f": {"lang": "akk-x-neoass",
"form": "x",
"pos": "u"}
}
,
{
"node": "l",
"frag": "x",
"id": "P314068.l02363",
"ref": "P314068.11.3",
"inst": "u",
"f": {"lang": "akk-x-neoass",
"form": "x",
"pos": "u"}
}
,
{
"node": "l",
"frag": "x",
"id": "P314068.l02364",
"ref": "P314068.11.4",
"inst": "u",
"f": {"lang": "akk-x-neoass",
"form": "x",
"pos": "u"}
}
,
{
"node": "l",
"frag": "x",
"id": "P314068.l02365",
"ref": "P314068.11.5",
"inst": "u",
"f": {"lang": "akk-x-neoass",
"form": "x",
"pos": "u"}
}
,
{
"node": "l",
"frag": "x",
"id": "P314068.l02366",
"ref": "P314068.11.6",
"inst": "u",
"f": {"lang": "akk-x-neoass",
"form": "x",
"pos": "u"}
}
,
{
"node": "l",
"frag": "x]",
"id": "P314068.l02367",
"ref": "P314068.11.7",
"inst": "u",
"f": {"lang": "akk-x-neoass",
"form": "x",
"pos": "u"}
}
,
{
"node": "d",
"type": "line-start",
"ref": "P314068.12",
"n": "10'",
"label": "o 10'"}
,
{
"node": "l",
"frag": "EN.NUN",
"id": "P314068.l02368",
"ref": "P314068.12.1",
"inst": "maṣṣartu[guard]N",
"sig": "@saao/saa05%akk-x-neoass:EN.NUN=maṣṣartu[observation//guard]N'N$maṣṣartu",
"f": {"lang": "akk-x-neoass",
"form": "EN.NUN",
"cf": "maṣṣartu",
"gw": "observation",
"sense": "guard",
"norm": "maṣṣartu",
"pos": "N",
"epos": "N"}
}
,
{
"node": "l",
"frag": "[x",
"id": "P314068.l02369",
"ref": "P314068.12.2",
"inst": "u",
"f": {"lang": "akk-x-neoass",
"form": "x",
"pos": "u"}
}
,
{
"node": "l",
"frag": "x",
"id": "P314068.l0236a",
"ref": "P314068.12.3",
"inst": "u",
"f": {"lang": "akk-x-neoass",
"form": "x",
"pos": "u"}
}
,
{
"node": "l",
"frag": "x",
"id": "P314068.l0236b",
"ref": "P314068.12.4",
"inst": "u",
"f": {"lang": "akk-x-neoass",
"form": "x",
"pos": "u"}
}
,
{
"node": "l",
"frag": "x",
"id": "P314068.l0236c",
"ref": "P314068.12.5",
"inst": "u",
"f": {"lang": "akk-x-neoass",
"form": "x",
"pos": "u"}
}
,
{
"node": "l",
"frag": "x",
"id": "P314068.l0236d",
"ref": "P314068.12.6",
"inst": "u",
"f": {"lang": "akk-x-neoass",
"form": "x",
"pos": "u"}
}
,
{
"node": "l",
"frag": "x]",
"id": "P314068.l0236e",
"ref": "P314068.12.7",
"inst": "u",
"f": {"lang": "akk-x-neoass",
"form": "x",
"pos": "u"}
}
,
{
"node": "d",
"type": "line-start",
"ref": "P314068.13",
"n": "11'",
"label": "o 11'"}
,
{
"node": "l",
"frag": "TA@v\\m",
"id": "P314068.l0236f",
"ref": "P314068.13.1",
"inst": "issu[from]PRP",
"sig": "@saao/saa05%akk-x-neoass:TA@v=ištu[from//from]PRP'PRP$issu",
"f": {"lang": "akk-x-neoass",
"form": "TA@v",
"cf": "ištu",
"gw": "from",
"sense": "from",
"norm": "issu",
"pos": "PRP",
"epos": "PRP"}
}
,
{
"node": "l",
"frag": "[x",
"id": "P314068.l02370",
"ref": "P314068.13.2",
"inst": "u",
"f": {"lang": "akk-x-neoass",
"form": "x",
"pos": "u"}
}
,
{
"node": "l",
"frag": "x",
"id": "P314068.l02371",
"ref": "P314068.13.3",
"inst": "u",
"f": {"lang": "akk-x-neoass",
"form": "x",
"pos": "u"}
}
,
{
"node": "l",
"frag": "x",
"id": "P314068.l02372",
"ref": "P314068.13.4",
"inst": "u",
"f": {"lang": "akk-x-neoass",
"form": "x",
"pos": "u"}
}
,
{
"node": "l",
"frag": "x",
"id": "P314068.l02373",
"ref": "P314068.13.5",
"inst": "u",
"f": {"lang": "akk-x-neoass",
"form": "x",
"pos": "u"}
}
,
{
"node": "l",
"frag": "x",
"id": "P314068.l02374",
"ref": "P314068.13.6",
"inst": "u",
"f": {"lang": "akk-x-neoass",
"form": "x",
"pos": "u"}
}
,
{
"node": "l",
"frag": "x]",
"id": "P314068.l02375",
"ref": "P314068.13.7",
"inst": "u",
"f": {"lang": "akk-x-neoass",
"form": "x",
"pos": "u"}
}
,
{
"node": "d",
"subtype": "bottom",
"type": "surface",
"ref": "P314068.b.e..14",
"type": "bottom",
"label": "b.e."}
,
{
"node": "d",
"type": "line-start",
"ref": "P314068.15",
"n": "12'",
"label": "b.e. 12'"}
,
{
"node": "l",
"frag": "a-na\\dt",
"id": "P314068.l02376",
"ref": "P314068.15.1",
"inst": "ana[to]PRP",
"sig": "@saao/saa05%akk-x-neoass:a-na=ana[to//to]PRP'PRP$ana",
"f": {"lang": "akk-x-neoass",
"form": "a-na",
"cf": "ana",
"gw": "to",
"sense": "to",
"norm": "ana",
"pos": "PRP",
"epos": "PRP"}
}
,
{
"node": "c",
"type": "phrase",
"tag": "phr",
"id": "P314068.U5",
"ref": "P314068.ls00001",
"cdl": [
{
"node": "l",
"frag": "KUR-aš-⸢šur⸣",
"id": "P314068.l02377",
"ref": "P314068.15.2",
"cof-tails": "P314068.l02378",
"inst": "mātu[land]N$māt&Aššur[1]DN",
"sig": "@saao/saa05%akk-x-neoass:KUR-aš-šur=mātu[land//land]N'N$māt&&@saao%akk-x-neoass:=Aššur[1//1]DN'DN$Aššur",
"f": {"lang": "akk-x-neoass",
"form": "KUR-aš-šur",
"cf": "mātu",
"gw": "land",
"sense": "land",
"norm": "māt",
"pos": "N",
"epos": "N"}
}
,
{
"node": "l",
"frag": "KUR-aš-⸢šur⸣",
"id": "P314068.l02378",
"ref": "P314068.15.2",
"cof-head": "P314068.l02377",
"inst": "mātu[land]N$māt&Aššur[1]DN",
"tail-sig": "@saao%akk-x-neoass:=Aššur[1//1]DN'DN$Aššur",
"f": {"lang": "akk-x-neoass",
"form": "KUR-aš-šur",
"cf": "Aššur",
"gw": "1",
"sense": "1",
"norm": "Aššur",
"pos": "DN",
"epos": "DN"}
}
]}
,
{
"node": "l",
"frag": "[x",
"id": "P314068.l02379",
"ref": "P314068.15.3",
"inst": "u",
"f": {"lang": "akk-x-neoass",
"form": "x",
"pos": "u"}
}
,
{
"node": "l",
"frag": "x",
"id": "P314068.l0237a",
"ref": "P314068.15.4",
"inst": "u",
"f": {"lang": "akk-x-neoass",
"form": "x",
"pos": "u"}
}
,
{
"node": "l",
"frag": "x",
"id": "P314068.l0237b",
"ref": "P314068.15.5",
"inst": "u",
"f": {"lang": "akk-x-neoass",
"form": "x",
"pos": "u"}
}
,
{
"node": "l",
"frag": "x",
"id": "P314068.l0237c",
"ref": "P314068.15.6",
"inst": "u",
"f": {"lang": "akk-x-neoass",
"form": "x",
"pos": "u"}
}
,
{
"node": "l",
"frag": "x",
"id": "P314068.l0237d",
"ref": "P314068.15.7",
"inst": "u",
"f": {"lang": "akk-x-neoass",
"form": "x",
"pos": "u"}
}
,
{
"node": "l",
"frag": "x]",
"id": "P314068.l0237e",
"ref": "P314068.15.8",
"inst": "u",
"f": {"lang": "akk-x-neoass",
"form": "x",
"pos": "u"}
}
,
{
"node": "d",
"type": "line-start",
"ref": "P314068.16",
"n": "13'",
"label": "b.e. 13'"}
,
{
"node": "l",
"frag": "la-al\\d-⸢lik⸣",
"id": "P314068.l0237f",
"ref": "P314068.16.1",
"inst": "alāku[go]V$lallik",
"sig": "@saao/saa05%akk-x-neoass:la-al-lik=alāku[go//go]V'V$lallik",
"f": {"lang": "akk-x-neoass",
"form": "la-al-lik",
"cf": "alāku",
"gw": "go",
"sense": "go",
"norm": "lallik",
"pos": "V",
"epos": "V"}
}
,
{
"node": "l",
"frag": "[x",
"id": "P314068.l02380",
"ref": "P314068.16.2",
"inst": "u",
"f": {"lang": "akk-x-neoass",
"form": "x",
"pos": "u"}
}
,
{
"node": "l",
"frag": "x",
"id": "P314068.l02381",
"ref": "P314068.16.3",
"inst": "u",
"f": {"lang": "akk-x-neoass",
"form": "x",
"pos": "u"}
}
,
{
"node": "l",
"frag": "x",
"id": "P314068.l02382",
"ref": "P314068.16.4",
"inst": "u",
"f": {"lang": "akk-x-neoass",
"form": "x",
"pos": "u"}
}
,
{
"node": "l",
"frag": "x",
"id": "P314068.l02383",
"ref": "P314068.16.5",
"inst": "u",
"f": {"lang": "akk-x-neoass",
"form": "x",
"pos": "u"}
}
,
{
"node": "l",
"frag": "x",
"id": "P314068.l02384",
"ref": "P314068.16.6",
"inst": "u",
"f": {"lang": "akk-x-neoass",
"form": "x",
"pos": "u"}
}
,
{
"node": "l",
"frag": "x]",
"id": "P314068.l02385",
"ref": "P314068.16.7",
"inst": "u",
"f": {"lang": "akk-x-neoass",
"form": "x",
"pos": "u"}
}
,
{
"node": "d",
"subtype": "reverse",
"type": "surface",
"ref": "P314068.r.17",
"type": "reverse",
"label": "r"}
,
{
"node": "d",
"type": "nonx",
"ref": "P314068.18",
"strict": "0",
"extent": "1-6",
"scope": "line",
"state": "other"}
,
{
"node": "d",
"type": "line-start",
"ref": "P314068.19",
"n": "7",
"label": "r 7"}
,
{
"node": "l",
"frag": "e-⸢x",
"id": "P314068.l02386",
"ref": "P314068.19.1",
"inst": "u",
"f": {"lang": "akk-x-neoass",
"form": "e-x",
"pos": "u"}
}
,
{
"node": "l",
"frag": "x⸣",
"id": "P314068.l02387",
"ref": "P314068.19.2",
"inst": "u",
"f": {"lang": "akk-x-neoass",
"form": "x",
"pos": "u"}
}
,
{
"node": "l",
"frag": "[x",
"id": "P314068.l02388",
"ref": "P314068.19.3",
"inst": "u",
"f": {"lang": "akk-x-neoass",
"form": "x",
"pos": "u"}
}
,
{
"node": "l",
"frag": "x",
"id": "P314068.l02389",
"ref": "P314068.19.4",
"inst": "u",
"f": {"lang": "akk-x-neoass",
"form": "x",
"pos": "u"}
}
,
{
"node": "l",
"frag": "x",
"id": "P314068.l0238a",
"ref": "P314068.19.5",
"inst": "u",
"f": {"lang": "akk-x-neoass",
"form": "x",
"pos": "u"}
}
,
{
"node": "l",
"frag": "x",
"id": "P314068.l0238b",
"ref": "P314068.19.6",
"inst": "u",
"f": {"lang": "akk-x-neoass",
"form": "x",
"pos": "u"}
}
,
{
"node": "l",
"frag": "x",
"id": "P314068.l0238c",
"ref": "P314068.19.7",
"inst": "u",
"f": {"lang": "akk-x-neoass",
"form": "x",
"pos": "u"}
}
,
{
"node": "l",
"frag": "x]",
"id": "P314068.l0238d",
"ref": "P314068.19.8",
"inst": "u",
"f": {"lang": "akk-x-neoass",
"form": "x",
"pos": "u"}
}
,
{
"node": "d",
"type": "line-start",
"ref": "P314068.20",
"n": "8",
"label": "r 8"}
,
{
"node": "l",
"frag": "a-na\\dt",
"id": "P314068.l0238e",
"ref": "P314068.20.1",
"inst": "ana[to]PRP",
"sig": "@saao/saa05%akk-x-neoass:a-na=ana[to//to]PRP'PRP$ana",
"f": {"lang": "akk-x-neoass",
"form": "a-na",
"cf": "ana",
"gw": "to",
"sense": "to",
"norm": "ana",
"pos": "PRP",
"epos": "PRP"}
}
,
{
"node": "l",
"frag": "{⸢uru⸣}[x",
"id": "P314068.l0238f",
"ref": "P314068.20.2",
"inst": "u",
"f": {"lang": "akk-x-neoass",
"form": "{URU}x",
"pos": "u"}
}
,
{
"node": "l",
"frag": "x",
"id": "P314068.l02390",
"ref": "P314068.20.3",
"inst": "u",
"f": {"lang": "akk-x-neoass",
"form": "x",
"pos": "u"}
}
,
{
"node": "l",
"frag": "x",
"id": "P314068.l02391",
"ref": "P314068.20.4",
"inst": "u",
"f": {"lang": "akk-x-neoass",
"form": "x",
"pos": "u"}
}
,
{
"node": "l",
"frag": "x",
"id": "P314068.l02392",
"ref": "P314068.20.5",
"inst": "u",
"f": {"lang": "akk-x-neoass",
"form": "x",
"pos": "u"}
}
,
{
"node": "l",
"frag": "x",
"id": "P314068.l02393",
"ref": "P314068.20.6",
"inst": "u",
"f": {"lang": "akk-x-neoass",
"form": "x",
"pos": "u"}
}
,
{
"node": "l",
"frag": "x]",
"id": "P314068.l02394",
"ref": "P314068.20.7",
"inst": "u",
"f": {"lang": "akk-x-neoass",
"form": "x",
"pos": "u"}
}
,
{
"node": "d",
"type": "line-start",
"ref": "P314068.21",
"n": "9",
"label": "r 9"}
,
{
"node": "l",
"frag": "⸢LUGAL",
"id": "P314068.l02395",
"ref": "P314068.21.1",
"inst": "šarru[king]N",
"sig": "@saao/saa05%akk-x-neoass:LUGAL=šarru[king//king]N'N$šarru",
"f": {"lang": "akk-x-neoass",
"form": "LUGAL",
"cf": "šarru",
"gw": "king",
"sense": "king",
"norm": "šarru",
"pos": "N",
"epos": "N"}
}
,
{
"node": "l",
"frag": "be⸣-[li₂",
"id": "P314068.l02396",
"ref": "P314068.21.2",
"inst": "bēlī[lord]N",
"sig": "@saao/saa05%akk-x-neoass:be-li₂=bēlu[lord//lord]N'N$bēlī",
"f": {"lang": "akk-x-neoass",
"form": "be-li₂",
"cf": "bēlu",
"gw": "lord",
"sense": "lord",
"norm": "bēlī",
"pos": "N",
"epos": "N"}
}
,
{
"node": "l",
"frag": "x",
"id": "P314068.l02397",
"ref": "P314068.21.3",
"inst": "u",
"f": {"lang": "akk-x-neoass",
"form": "x",
"pos": "u"}
}
,
{
"node": "l",
"frag": "x",
"id": "P314068.l02398",
"ref": "P314068.21.4",
"inst": "u",
"f": {"lang": "akk-x-neoass",
"form": "x",
"pos": "u"}
}
,
{
"node": "l",
"frag": "x",
"id": "P314068.l02399",
"ref": "P314068.21.5",
"inst": "u",
"f": {"lang": "akk-x-neoass",
"form": "x",
"pos": "u"}
}
,
{
"node": "l",
"frag": "x",
"id": "P314068.l0239a",
"ref": "P314068.21.6",
"inst": "u",
"f": {"lang": "akk-x-neoass",
"form": "x",
"pos": "u"}
}
,
{
"node": "l",
"frag": "x",
"id": "P314068.l0239b",
"ref": "P314068.21.7",
"inst": "u",
"f": {"lang": "akk-x-neoass",
"form": "x",
"pos": "u"}
}
,
{
"node": "l",
"frag": "x]",
"id": "P314068.l0239c",
"ref": "P314068.21.8",
"inst": "u",
"f": {"lang": "akk-x-neoass",
"form": "x",
"pos": "u"}
}
,
{
"node": "d",
"type": "line-start",
"ref": "P314068.22",
"n": "10",
"label": "r 10"}
,
{
"node": "l",
"frag": "⸢x⸣+[x",
"id": "P314068.l0239d",
"ref": "P314068.22.1",
"inst": "u",
"f": {"lang": "akk-x-neoass",
"form": "x+x",
"pos": "u"}
}
,
{
"node": "l",
"frag": "x",
"id": "P314068.l0239e",
"ref": "P314068.22.2",
"inst": "u",
"f": {"lang": "akk-x-neoass",
"form": "x",
"pos": "u"}
}
,
{
"node": "l",
"frag": "x",
"id": "P314068.l0239f",
"ref": "P314068.22.3",
"inst": "u",
"f": {"lang": "akk-x-neoass",
"form": "x",
"pos": "u"}
}
,
{
"node": "l",
"frag": "x",
"id": "P314068.l023a0",
"ref": "P314068.22.4",
"inst": "u",
"f": {"lang": "akk-x-neoass",
"form": "x",
"pos": "u"}
}
,
{
"node": "l",
"frag": "x",
"id": "P314068.l023a1",
"ref": "P314068.22.5",
"inst": "u",
"f": {"lang": "akk-x-neoass",
"form": "x",
"pos": "u"}
}
,
{
"node": "l",
"frag": "x",
"id": "P314068.l023a2",
"ref": "P314068.22.6",
"inst": "u",
"f": {"lang": "akk-x-neoass",
"form": "x",
"pos": "u"}
}
,
{
"node": "l",
"frag": "x",
"id": "P314068.l023a3",
"ref": "P314068.22.7",
"inst": "u",
"f": {"lang": "akk-x-neoass",
"form": "x",
"pos": "u"}
}
,
{
"node": "l",
"frag": "x",
"id": "P314068.l023a4",
"ref": "P314068.22.8",
"inst": "u",
"f": {"lang": "akk-x-neoass",
"form": "x",
"pos": "u"}
}
,
{
"node": "l",
"frag": "x]",
"id": "P314068.l023a5",
"ref": "P314068.22.9",
"inst": "u",
"f": {"lang": "akk-x-neoass",
"form": "x",
"pos": "u"}
}
,
{
"node": "d",
"type": "nonx",
"ref": "P314068.23",
"strict": "0",
"extent": "rest",
"state": "missing"}
]}
]}
]}
,
{
"linkbase": [{
"type": "linkset",
"xlink_title": "mat Aššur[Assyria//Assyria]GN'GN",
"id": "P314068.ls00000",
"xlink_type": "extended",
"xlink_role": "psu",
"sig": "{mātu[land]N Aššur[1]DN += mat Aššur[Assyria//Assyria]GN'GN}::@saao%akk-x-neoass:KUR-aš-šur=mātu[land//land]N'N$māt++@saao%akk-x-neoass:=Aššur[1//1]DN'DN$Aššur",
"links": [
{
"type": "link",
"xlink_title": "mātu",
"xlink_type": "locator",
"xlink_href": "#P314068.l02359",
"xlink_role": "elt"}
,
{
"type": "link",
"xlink_title": "Aššur",
"xlink_type": "locator",
"xlink_href": "#P314068.l0235a",
"xlink_role": "elt"}
]}
,
{
"type": "linkset",
"xlink_title": "mat Aššur[Assyria//Assyria]GN'GN",
"id": "P314068.ls00001",
"xlink_type": "extended",
"xlink_role": "psu",
"sig": "{mātu[land]N Aššur[1]DN += mat Aššur[Assyria//Assyria]GN'GN}::@saao%akk-x-neoass:KUR-aš-šur=mātu[land//land]N'N$māt++@saao%akk-x-neoass:=Aššur[1//1]DN'DN$Aššur",
"links": [
{
"type": "link",
"xlink_title": "mātu",
"xlink_type": "locator",
"xlink_href": "#P314068.l02377",
"xlink_role": "elt"}
,
{
"type": "link",
"xlink_title": "Aššur",
"xlink_type": "locator",
"xlink_href": "#P314068.l02378",
"xlink_role": "elt"}
]}
]}
]}
