{
"type": "cdl",
  "source": "http://oracc.org/saao/saa05",
  "license": "This data is released under the CC0 license",
  "license-url": "https://creativecommons.org/publicdomain/zero/1.0/",
  "more-info": "http://oracc.org/doc/opendata/",
  "UTC-timestamp": "2017-05-19T11:27:37",
"project": "saao/saa05",
"textid": "P314205",
"cdl": [
{
"node": "c",
"type": "text",
"id": "P314205.U0",
"cdl": [
{
"node": "d",
"type": "object",
"ref": ""}
,
{
"node": "d",
"subtype": "obverse",
"type": "surface",
"ref": "P314205.o.1",
"type": "obverse",
"label": "o"}
,
{
"node": "d",
"type": "nonx",
"ref": "P314205.2",
"strict": "0",
"extent": "beginning",
"state": "missing"}
,
{
"node": "c",
"type": "discourse",
"subtype": "body",
"id": "P314205.U1",
"cdl": [
{
"node": "c",
"type": "sentence",
"id": "P314205.U2",
"label": "o 1' - o 7'",
"cdl": [
{
"node": "d",
"type": "line-start",
"ref": "P314205.3",
"n": "1'",
"label": "o 1'"}
,
{
"node": "l",
"frag": "[x",
"id": "P314205.l05a6f",
"ref": "P314205.3.1",
"inst": "u",
"f": {"lang": "akk-x-neoass",
"form": "x",
"pos": "u"}
}
,
{
"node": "l",
"frag": "x",
"id": "P314205.l05a70",
"ref": "P314205.3.2",
"inst": "u",
"f": {"lang": "akk-x-neoass",
"form": "x",
"pos": "u"}
}
,
{
"node": "l",
"frag": "x]",
"id": "P314205.l05a71",
"ref": "P314205.3.3",
"inst": "u",
"f": {"lang": "akk-x-neoass",
"form": "x",
"pos": "u"}
}
,
{
"node": "l",
"frag": "⸢zi-i-nu⸣",
"id": "P314205.l05a72",
"ref": "P314205.3.4",
"inst": "zīnu[rain]N",
"sig": "@saao/saa05%akk-x-neoass:zi-i-nu=zinnu[rain//rain]N'N$zīnu",
"f": {"lang": "akk-x-neoass",
"form": "zi-i-nu",
"cf": "zinnu",
"gw": "rain",
"sense": "rain",
"norm": "zīnu",
"pos": "N",
"epos": "N"}
}
,
{
"node": "c",
"type": "phrase",
"tag": "phr",
"id": "P314205.U4",
"ref": "P314205.ls00000",
"cdl": [
{
"node": "l",
"frag": "ina",
"id": "P314205.l05a73",
"ref": "P314205.3.5",
"inst": "ina[in+=on]PRP",
"sig": "@saao/saa05%akk-x-neoass:ina=ina[in//in]PRP'PRP$ina",
"f": {"lang": "akk-x-neoass",
"form": "ina",
"cf": "ina",
"gw": "in",
"sense": "in",
"norm": "ina",
"pos": "PRP",
"epos": "PRP"}
}
,
{
"node": "l",
"frag": "⸢UGU⸣",
"id": "P314205.l05a74",
"ref": "P314205.3.6",
"inst": "muhhi[skull]N",
"sig": "@saao/saa05%akk-x-neoass:UGU=muhhu[skull//skull]N'N$muhhi",
"f": {"lang": "akk-x-neoass",
"form": "UGU",
"cf": "muhhu",
"gw": "skull",
"sense": "skull",
"norm": "muhhi",
"pos": "N",
"epos": "N"}
}
]}
,
{
"node": "l",
"frag": "[x",
"id": "P314205.l05a75",
"ref": "P314205.3.7",
"inst": "u",
"f": {"lang": "akk-x-neoass",
"form": "x",
"pos": "u"}
}
,
{
"node": "l",
"frag": "x]",
"id": "P314205.l05a76",
"ref": "P314205.3.8",
"inst": "u",
"f": {"lang": "akk-x-neoass",
"form": "x",
"pos": "u"}
}
,
{
"node": "d",
"type": "line-start",
"ref": "P314205.4",
"n": "2'",
"label": "o 2'"}
,
{
"node": "l",
"frag": "[ma-aʾ-da]",
"id": "P314205.l05a77",
"ref": "P314205.4.1",
"inst": "maʾda[much]'AV",
"sig": "@saao/saa05%akk-x-neoass:ma-aʾ-da=mādu[many//much]AJ'AV$maʾda",
"f": {"lang": "akk-x-neoass",
"form": "ma-aʾ-da",
"cf": "mādu",
"gw": "many",
"sense": "much",
"norm": "maʾda",
"pos": "AJ",
"epos": "AV"}
}
,
{
"node": "l",
"frag": "⸢i⸣-zu-nu-⸢un⸣",
"id": "P314205.l05a78",
"ref": "P314205.4.2",
"inst": "zanānu[rain]V$izzunun",
"sig": "@saao/saa05%akk-x-neoass:i-zu-nu-un=zanānu[rain//rain]V'V$izzunun",
"f": {"lang": "akk-x-neoass",
"form": "i-zu-nu-un",
"cf": "zanānu",
"gw": "rain",
"sense": "rain",
"norm": "izzunun",
"pos": "V",
"epos": "V"}
}
,
{
"node": "l",
"frag": "[o]",
"id": "P314205.l05a79",
"ref": "P314205.4.3",
"inst": "u",
"f": {"lang": "akk-x-neoass",
"form": "o",
"pos": "u"}
}
,
{
"node": "d",
"type": "line-start",
"ref": "P314205.5",
"n": "3'",
"label": "o 3'"}
,
{
"node": "l",
"frag": "[x",
"id": "P314205.l05a7a",
"ref": "P314205.5.1",
"inst": "u",
"f": {"lang": "akk-x-neoass",
"form": "x",
"pos": "u"}
}
,
{
"node": "l",
"frag": "x",
"id": "P314205.l05a7b",
"ref": "P314205.5.2",
"inst": "u",
"f": {"lang": "akk-x-neoass",
"form": "x",
"pos": "u"}
}
,
{
"node": "l",
"frag": "i]-si-a-aṭ",
"id": "P314205.l05a7c",
"ref": "P314205.5.3",
"inst": "šâṭu[despise//neglect]V$issīaṭ",
"sig": "@saao/saa05%akk-x-neoass:i-si-a-aṭ=šâṭu[despise//neglect]V'V$issīaṭ",
"f": {"lang": "akk-x-neoass",
"form": "i-si-a-aṭ",
"cf": "šâṭu",
"gw": "despise",
"sense": "neglect",
"norm": "issīaṭ",
"pos": "V",
"epos": "V"}
}
,
{
"node": "l",
"frag": "{kur}aš-⸢šur{ki⸣}[a.a]",
"id": "P314205.l05a7d",
"ref": "P314205.5.4",
"inst": "Aššuraya[Assyrian]EN$",
"sig": "@saao/saa05%akk-x-neoass:{KUR}aš-šur{KI}-a.a=Aššuraya[Assyrian//Assyrian]EN'EN$Aššuraya",
"f": {"lang": "akk-x-neoass",
"form": "{KUR}aš-šur{KI}-a.a",
"cf": "Aššuraya",
"gw": "Assyrian",
"sense": "Assyrian",
"norm": "Aššuraya",
"pos": "EN",
"epos": "EN"}
}
,
{
"node": "d",
"type": "line-start",
"ref": "P314205.6",
"n": "4'",
"label": "o 4'"}
,
{
"node": "l",
"frag": "[x",
"id": "P314205.l05a7e",
"ref": "P314205.6.1",
"inst": "u",
"f": {"lang": "akk-x-neoass",
"form": "x",
"pos": "u"}
}
,
{
"node": "l",
"frag": "x",
"id": "P314205.l05a7f",
"ref": "P314205.6.2",
"inst": "u",
"f": {"lang": "akk-x-neoass",
"form": "x",
"pos": "u"}
}
,
{
"node": "l",
"frag": "x]",
"id": "P314205.l05a80",
"ref": "P314205.6.3",
"inst": "u",
"f": {"lang": "akk-x-neoass",
"form": "x",
"pos": "u"}
}
,
{
"node": "c",
"type": "phrase",
"tag": "phr",
"id": "P314205.U5",
"ref": "P314205.ls00001",
"cdl": [
{
"node": "l",
"frag": "TA@v\\m",
"id": "P314205.l05a81",
"ref": "P314205.6.4",
"inst": "issu[from+=from]PRP",
"sig": "@saao/saa05%akk-x-neoass:TA@v=ištu[from//from]PRP'PRP$issu",
"f": {"lang": "akk-x-neoass",
"form": "TA@v",
"cf": "ištu",
"gw": "from",
"sense": "from",
"norm": "issu",
"pos": "PRP",
"epos": "PRP"}
}
,
{
"node": "l",
"frag": "ŠA₃",
"id": "P314205.l05a82",
"ref": "P314205.6.5",
"inst": "libbi[interior]N",
"sig": "@saao/saa05%akk-x-neoass:ŠA₃=libbu[interior//interior]N'N$libbi",
"f": {"lang": "akk-x-neoass",
"form": "ŠA₃",
"cf": "libbu",
"gw": "interior",
"sense": "interior",
"norm": "libbi",
"pos": "N",
"epos": "N"}
}
]}
,
{
"node": "l",
"frag": "{uru}HAL.ṢU-MEŠ\\m",
"id": "P314205.l05a83",
"ref": "P314205.6.6",
"inst": "bīrāti[fort]N",
"sig": "@saao/saa05%akk-x-neoass:{URU}HAL.ṢU-MEŠ=birtu[fort//fort]N'N$bīrāti",
"f": {"lang": "akk-x-neoass",
"form": "{URU}HAL.ṢU-MEŠ",
"cf": "birtu",
"gw": "fort",
"sense": "fort",
"norm": "bīrāti",
"pos": "N",
"epos": "N"}
}
,
{
"node": "d",
"type": "line-start",
"ref": "P314205.7",
"n": "5'",
"label": "o 5'"}
,
{
"node": "l",
"frag": "[i-tu]-ṣu-u-ni\\d",
"id": "P314205.l05a84",
"ref": "P314205.7.1",
"inst": "aṣû[go out//come out]V$ittūṣūni",
"sig": "@saao/saa05%akk-x-neoass:i-tu-ṣu-u-ni=aṣû[go out//come out]V'V$ittūṣūni",
"f": {"lang": "akk-x-neoass",
"form": "i-tu-ṣu-u-ni",
"cf": "aṣû",
"gw": "go out",
"sense": "come out",
"norm": "ittūṣūni",
"pos": "V",
"epos": "V"}
}
,
{
"node": "l",
"frag": "de-⸢ek⸣-[tu₂]",
"id": "P314205.l05a85",
"ref": "P314205.7.2",
"inst": "dēktu[defeat]N",
"sig": "@saao/saa05%akk-x-neoass:de-ek-tu₂=dīktu[fighting//defeat]N'N$dēktu",
"f": {"lang": "akk-x-neoass",
"form": "de-ek-tu₂",
"cf": "dīktu",
"gw": "fighting",
"sense": "defeat",
"norm": "dēktu",
"pos": "N",
"epos": "N"}
}
,
{
"node": "d",
"type": "line-start",
"ref": "P314205.8",
"n": "6'",
"label": "o 6'"}
,
{
"node": "c",
"type": "phrase",
"tag": "phr",
"id": "P314205.U6",
"ref": "P314205.ls00002",
"cdl": [
{
"node": "l",
"frag": "[ina",
"id": "P314205.l05a86",
"ref": "P314205.8.1",
"inst": "ina[in+=on]PRP",
"sig": "@saao/saa05%akk-x-neoass:ina=ina[in//in]PRP'PRP$ina",
"f": {"lang": "akk-x-neoass",
"form": "ina",
"cf": "ina",
"gw": "in",
"sense": "in",
"norm": "ina",
"pos": "PRP",
"epos": "PRP"}
}
,
{
"node": "l",
"frag": "ŠA₃-bi-šu₂]-⸢nu⸣",
"id": "P314205.l05a87",
"ref": "P314205.8.2",
"inst": "libbu[interior]N$libbišunu",
"sig": "@saao/saa05%akk-x-neoass:ŠA₃-bi-šu₂-nu=libbu[interior//interior]N'N$libbišunu",
"f": {"lang": "akk-x-neoass",
"form": "ŠA₃-bi-šu₂-nu",
"cf": "libbu",
"gw": "interior",
"sense": "interior",
"norm": "libbišunu",
"pos": "N",
"epos": "N"}
}
]}
,
{
"node": "l",
"frag": "i-du-⸢uk\\dp⸣-[ku]",
"id": "P314205.l05a88",
"ref": "P314205.8.3",
"inst": "dâku[kill]V$iddukku",
"sig": "@saao/saa05%akk-x-neoass:i-du-uk-ku=dâku[kill//kill]V'V$iddukku",
"f": {"lang": "akk-x-neoass",
"form": "i-du-uk-ku",
"cf": "dâku",
"gw": "kill",
"sense": "kill",
"norm": "iddukku",
"pos": "V",
"epos": "V"}
}
,
{
"node": "d",
"type": "line-start",
"ref": "P314205.9",
"n": "7'",
"label": "o 7'"}
,
{
"node": "l",
"frag": "[x",
"id": "P314205.l05a89",
"ref": "P314205.9.1",
"inst": "u",
"f": {"lang": "akk-x-neoass",
"form": "x",
"pos": "u"}
}
,
{
"node": "l",
"frag": "x",
"id": "P314205.l05a8a",
"ref": "P314205.9.2",
"inst": "u",
"f": {"lang": "akk-x-neoass",
"form": "x",
"pos": "u"}
}
,
{
"node": "l",
"frag": "x",
"id": "P314205.l05a8b",
"ref": "P314205.9.3",
"inst": "u",
"f": {"lang": "akk-x-neoass",
"form": "x",
"pos": "u"}
}
,
{
"node": "l",
"frag": "x]",
"id": "P314205.l05a8c",
"ref": "P314205.9.4",
"inst": "u",
"f": {"lang": "akk-x-neoass",
"form": "x",
"pos": "u"}
}
,
{
"node": "l",
"frag": "⸢i⸣-du-⸢ku⸣",
"id": "P314205.l05a8d",
"ref": "P314205.9.5",
"inst": "dâku[kill]V$iddūku",
"sig": "@saao/saa05%akk-x-neoass:i-du-ku=dâku[kill//kill]V'V$iddūku",
"f": {"lang": "akk-x-neoass",
"form": "i-du-ku",
"cf": "dâku",
"gw": "kill",
"sense": "kill",
"norm": "iddūku",
"pos": "V",
"epos": "V"}
}
,
{
"node": "l",
"frag": "[x",
"id": "P314205.l05a8e",
"ref": "P314205.9.6",
"inst": "u",
"f": {"lang": "akk-x-neoass",
"form": "x",
"pos": "u"}
}
,
{
"node": "l",
"frag": "x]",
"id": "P314205.l05a8f",
"ref": "P314205.9.7",
"inst": "u",
"f": {"lang": "akk-x-neoass",
"form": "x",
"pos": "u"}
}
,
{
"node": "d",
"type": "nonx",
"ref": "P314205.10",
"strict": "0",
"extent": "rest",
"state": "missing"}
,
{
"node": "d",
"subtype": "reverse",
"type": "surface",
"ref": "P314205.r.11",
"type": "reverse",
"label": "r"}
,
{
"node": "d",
"type": "nonx",
"ref": "P314205.12",
"strict": "0",
"state": "other"}
]}
]}
]}
,
{
"linkbase": [{
"type": "linkset",
"xlink_title": "ina muhhi[on//about]PRP'PRP",
"id": "P314205.ls00000",
"xlink_type": "extended",
"xlink_role": "psu",
"sig": "{ina[in]PRP muhhu[skull]N += ina muhhi[on//about]PRP'PRP}::@saao%akk-x-neoass:ina=ina[in//into]PRP'PRP$ina++@saao%akk-x-neoass:UGU=muhhu[skull//skull]N'N$muhhi",
"links": [
{
"type": "link",
"xlink_title": "ina",
"xlink_type": "locator",
"xlink_href": "#P314205.l05a73",
"xlink_role": "elt"}
,
{
"type": "link",
"xlink_title": "muhhi",
"xlink_type": "locator",
"xlink_href": "#P314205.l05a74",
"xlink_role": "elt"}
]}
,
{
"type": "linkset",
"xlink_title": "ištu libbi[from//from out of]PRP'PRP",
"id": "P314205.ls00001",
"xlink_type": "extended",
"xlink_role": "psu",
"sig": "{ištu[from]PRP libbu[interior]N += ištu libbi[from//from out of]PRP'PRP}::@saao%akk-x-neoass:TA@v=ištu[from//from]PRP'PRP$issu++@saao%akk-x-neoass:ŠA₃=libbu[interior//interior]N'N$libbi",
"links": [
{
"type": "link",
"xlink_title": "issu",
"xlink_type": "locator",
"xlink_href": "#P314205.l05a81",
"xlink_role": "elt"}
,
{
"type": "link",
"xlink_title": "libbi",
"xlink_type": "locator",
"xlink_href": "#P314205.l05a82",
"xlink_role": "elt"}
]}
,
{
"type": "linkset",
"xlink_title": "ina libbi[in//(in exchange) for]PRP'PRP",
"id": "P314205.ls00002",
"xlink_type": "extended",
"xlink_role": "psu",
"sig": "{ina[in]PRP libbu[interior]N += ina libbi[in//(in exchange) for]PRP'PRP}::@saao%akk-x-neoass:ina=ina[in//into]PRP'PRP$ina++@saao%akk-x-neoass:ŠA₃-bi-šu₂-nu=libbu[interior//interior]N'N$libbišunu",
"links": [
{
"type": "link",
"xlink_title": "ina",
"xlink_type": "locator",
"xlink_href": "#P314205.l05a86",
"xlink_role": "elt"}
,
{
"type": "link",
"xlink_title": "libbu",
"xlink_type": "locator",
"xlink_href": "#P314205.l05a87",
"xlink_role": "elt"}
]}
]}
]}
