{
"type": "cdl",
  "source": "http://oracc.org/saao/saa05",
  "license": "This data is released under the CC0 license",
  "license-url": "https://creativecommons.org/publicdomain/zero/1.0/",
  "more-info": "http://oracc.org/doc/opendata/",
  "UTC-timestamp": "2017-05-19T11:27:39",
"project": "saao/saa05",
"textid": "P314294",
"cdl": [
{
"node": "c",
"type": "text",
"id": "P314294.U0",
"cdl": [
{
"node": "d",
"type": "object",
"ref": ""}
,
{
"node": "d",
"subtype": "obverse",
"type": "surface",
"ref": "P314294.o.1",
"type": "obverse",
"label": "o"}
,
{
"node": "c",
"type": "discourse",
"subtype": "body",
"id": "P314294.U1",
"cdl": [
{
"node": "c",
"type": "sentence",
"id": "P314294.U2",
"label": "o 1 - e. 2",
"cdl": [
{
"node": "d",
"type": "line-start",
"ref": "P314294.2",
"n": "1",
"label": "o 1"}
,
{
"node": "l",
"frag": "a-na",
"id": "P314294.l0481b",
"ref": "P314294.2.1",
"inst": "ana[to]PRP",
"sig": "@saao/saa05%akk-x-neoass:a-na=ana[to//to]PRP'PRP$ana",
"f": {"lang": "akk-x-neoass",
"form": "a-na",
"cf": "ana",
"gw": "to",
"sense": "to",
"norm": "ana",
"pos": "PRP",
"epos": "PRP"}
}
,
{
"node": "l",
"frag": "⸢LUGAL⸣",
"id": "P314294.l0481c",
"ref": "P314294.2.2",
"inst": "šarri[king]N",
"sig": "@saao/saa05%akk-x-neoass:LUGAL=šarru[king//king]N'N$šarri",
"f": {"lang": "akk-x-neoass",
"form": "LUGAL",
"cf": "šarru",
"gw": "king",
"sense": "king",
"norm": "šarri",
"pos": "N",
"epos": "N"}
}
,
{
"node": "l",
"frag": "[EN-ia]",
"id": "P314294.l0481d",
"ref": "P314294.2.3",
"inst": "bēlīya[lord]N",
"sig": "@saao/saa05%akk-x-neoass:EN-ia=bēlu[lord//lord]N'N$bēlīya",
"f": {"lang": "akk-x-neoass",
"form": "EN-ia",
"cf": "bēlu",
"gw": "lord",
"sense": "lord",
"norm": "bēlīya",
"pos": "N",
"epos": "N"}
}
,
{
"node": "d",
"type": "line-start",
"ref": "P314294.3",
"n": "2",
"label": "o 2"}
,
{
"node": "l",
"frag": "{lu₂vy}ARAD-ka",
"id": "P314294.l0481e",
"ref": "P314294.3.1",
"inst": "ardu[slave//servant]N$urdaka",
"sig": "@saao/saa05%akk-x-neoass:{LU₂}ARAD-ka=ardu[slave//servant]N'N$urdaka",
"f": {"lang": "akk-x-neoass",
"form": "{LU₂}ARAD-ka",
"cf": "ardu",
"gw": "slave",
"sense": "servant",
"norm": "urdaka",
"pos": "N",
"epos": "N"}
}
,
{
"node": "l",
"frag": "{1}{[d}IM-KI-ia]",
"id": "P314294.l0481f",
"ref": "P314294.3.2",
"inst": "Adad-isseʾa[1]PN",
"sig": "@saao/saa05%akk-x-neoass:{1}{d}IM-KI-ia=Adad-isseʾa[1//1]PN'PN$Adad-isseʾa",
"f": {"lang": "akk-x-neoass",
"form": "{1}{d}IM-KI-ia",
"cf": "Adad-isseʾa",
"gw": "1",
"sense": "1",
"norm": "Adad-isseʾa",
"pos": "PN",
"epos": "PN"}
}
,
{
"node": "d",
"type": "line-start",
"ref": "P314294.4",
"n": "3",
"label": "o 3"}
,
{
"node": "l",
"frag": "lu-u",
"id": "P314294.l04820",
"ref": "P314294.4.1",
"inst": "lū[may]MOD",
"sig": "@saao/saa05%akk-x-neoass:lu-u=lū[may//may]MOD'MOD$lū",
"f": {"lang": "akk-x-neoass",
"form": "lu-u",
"cf": "lū",
"gw": "may",
"sense": "may",
"norm": "lū",
"pos": "MOD",
"epos": "MOD"}
}
,
{
"node": "l",
"frag": "DI",
"id": "P314294.l04821",
"ref": "P314294.4.2",
"inst": "šulmu[completeness//health]N$",
"sig": "@saao/saa05%akk-x-neoass:DI=šulmu[completeness//health]N'N$šulmu",
"f": {"lang": "akk-x-neoass",
"form": "DI",
"cf": "šulmu",
"gw": "completeness",
"sense": "health",
"norm": "šulmu",
"pos": "N",
"epos": "N"}
}
,
{
"node": "l",
"frag": "⸢a-na⸣",
"id": "P314294.l04822",
"ref": "P314294.4.3",
"inst": "ana[to]PRP",
"sig": "@saao/saa05%akk-x-neoass:a-na=ana[to//to]PRP'PRP$ana",
"f": {"lang": "akk-x-neoass",
"form": "a-na",
"cf": "ana",
"gw": "to",
"sense": "to",
"norm": "ana",
"pos": "PRP",
"epos": "PRP"}
}
,
{
"node": "l",
"frag": "[LUGAL",
"id": "P314294.l04823",
"ref": "P314294.4.4",
"inst": "šarri[king]N",
"sig": "@saao/saa05%akk-x-neoass:LUGAL=šarru[king//king]N'N$šarri",
"f": {"lang": "akk-x-neoass",
"form": "LUGAL",
"cf": "šarru",
"gw": "king",
"sense": "king",
"norm": "šarri",
"pos": "N",
"epos": "N"}
}
,
{
"node": "l",
"frag": "EN-ia]",
"id": "P314294.l04824",
"ref": "P314294.4.5",
"inst": "bēlīya[lord]N",
"sig": "@saao/saa05%akk-x-neoass:EN-ia=bēlu[lord//lord]N'N$bēlīya",
"f": {"lang": "akk-x-neoass",
"form": "EN-ia",
"cf": "bēlu",
"gw": "lord",
"sense": "lord",
"norm": "bēlīya",
"pos": "N",
"epos": "N"}
}
,
{
"node": "d",
"type": "line-start",
"ref": "P314294.5",
"n": "4",
"label": "o 4"}
,
{
"node": "l",
"frag": "UD-mu",
"id": "P314294.l04825",
"ref": "P314294.5.1",
"inst": "ūmu[day]N",
"sig": "@saao/saa05%akk-x-neoass:UD-mu=ūmu[day//day]N'N$ūmu",
"f": {"lang": "akk-x-neoass",
"form": "UD-mu",
"cf": "ūmu",
"gw": "day",
"sense": "day",
"norm": "ūmu",
"pos": "N",
"epos": "N"}
}
,
{
"node": "l",
"frag": "ša\\tym",
"id": "P314294.l04826",
"ref": "P314294.5.2",
"inst": "ša[that]REL",
"sig": "@saao/saa05%akk-x-neoass:ša=ša[that//that]REL'REL$ša",
"f": {"lang": "akk-x-neoass",
"form": "ša",
"cf": "ša",
"gw": "that",
"sense": "that",
"norm": "ša",
"pos": "REL",
"epos": "REL"}
}
,
{
"node": "l",
"frag": "{lu₂vy}[e-mu-qi",
"id": "P314294.l04827",
"ref": "P314294.5.3",
"inst": "emūqī[troops]N",
"sig": "@saao/saa05%akk-x-neoass:{LU₂}e-mu-qi=emūqu[strength//troops]N'N$emūqī",
"f": {"lang": "akk-x-neoass",
"form": "{LU₂}e-mu-qi",
"cf": "emūqu",
"gw": "strength",
"sense": "troops",
"norm": "emūqī",
"pos": "N",
"epos": "N"}
}
,
{
"node": "l",
"frag": "x",
"id": "P314294.l04828",
"ref": "P314294.5.4",
"inst": "u",
"f": {"lang": "akk-x-neoass",
"form": "x",
"pos": "u"}
}
,
{
"node": "l",
"frag": "x]",
"id": "P314294.l04829",
"ref": "P314294.5.5",
"inst": "u",
"f": {"lang": "akk-x-neoass",
"form": "x",
"pos": "u"}
}
,
{
"node": "d",
"type": "line-start",
"ref": "P314294.6",
"n": "5",
"label": "o 5"}
,
{
"node": "l",
"frag": "ša\\tym",
"id": "P314294.l0482a",
"ref": "P314294.6.1",
"inst": "ša[of]DET",
"sig": "@saao/saa05%akk-x-neoass:ša=ša[of//of]DET'DET$ša",
"f": {"lang": "akk-x-neoass",
"form": "ša",
"cf": "ša",
"gw": "of",
"sense": "of",
"norm": "ša",
"pos": "DET",
"epos": "DET"}
}
,
{
"node": "l",
"frag": "{kur}URI\\tm-a.[a",
"id": "P314294.l0482b",
"ref": "P314294.6.2",
"inst": "Urarṭaya[Urarṭian]EN",
"sig": "@saao/saa05%akk-x-neoass:{KUR}URI-a.a=Urarṭaya[Urarṭian//Urarṭian]EN'EN$Urarṭaya",
"f": {"lang": "akk-x-neoass",
"form": "{KUR}URI-a.a",
"cf": "Urarṭaya",
"gw": "Urarṭian",
"sense": "Urarṭian",
"norm": "Urarṭaya",
"pos": "EN",
"epos": "EN"}
}
,
{
"node": "l",
"frag": "x",
"id": "P314294.l0482c",
"ref": "P314294.6.3",
"inst": "u",
"f": {"lang": "akk-x-neoass",
"form": "x",
"pos": "u"}
}
,
{
"node": "l",
"frag": "x",
"id": "P314294.l0482d",
"ref": "P314294.6.4",
"inst": "u",
"f": {"lang": "akk-x-neoass",
"form": "x",
"pos": "u"}
}
,
{
"node": "l",
"frag": "x",
"id": "P314294.l0482e",
"ref": "P314294.6.5",
"inst": "u",
"f": {"lang": "akk-x-neoass",
"form": "x",
"pos": "u"}
}
,
{
"node": "l",
"frag": "x",
"id": "P314294.l0482f",
"ref": "P314294.6.6",
"inst": "u",
"f": {"lang": "akk-x-neoass",
"form": "x",
"pos": "u"}
}
,
{
"node": "l",
"frag": "x]",
"id": "P314294.l04830",
"ref": "P314294.6.7",
"inst": "u",
"f": {"lang": "akk-x-neoass",
"form": "x",
"pos": "u"}
}
,
{
"node": "d",
"type": "line-start",
"ref": "P314294.7",
"n": "6",
"label": "o 6"}
,
{
"node": "l",
"frag": "{1}a-za-a",
"id": "P314294.l04831",
"ref": "P314294.7.1",
"inst": "Aza[]PN$",
"sig": "@saao/saa05%akk-x-neoass:{1}a-za-a=Aza[1//1]PN'PN$Aza",
"f": {"lang": "akk-x-neoass",
"form": "{1}a-za-a",
"cf": "Aza",
"gw": "1",
"sense": "1",
"norm": "Aza",
"pos": "PN",
"epos": "PN"}
}
,
{
"node": "l",
"frag": "[x",
"id": "P314294.l04832",
"ref": "P314294.7.2",
"inst": "u",
"f": {"lang": "akk-x-neoass",
"form": "x",
"pos": "u"}
}
,
{
"node": "l",
"frag": "x",
"id": "P314294.l04833",
"ref": "P314294.7.3",
"inst": "u",
"f": {"lang": "akk-x-neoass",
"form": "x",
"pos": "u"}
}
,
{
"node": "l",
"frag": "x",
"id": "P314294.l04834",
"ref": "P314294.7.4",
"inst": "u",
"f": {"lang": "akk-x-neoass",
"form": "x",
"pos": "u"}
}
,
{
"node": "l",
"frag": "x",
"id": "P314294.l04835",
"ref": "P314294.7.5",
"inst": "u",
"f": {"lang": "akk-x-neoass",
"form": "x",
"pos": "u"}
}
,
{
"node": "l",
"frag": "x",
"id": "P314294.l04836",
"ref": "P314294.7.6",
"inst": "u",
"f": {"lang": "akk-x-neoass",
"form": "x",
"pos": "u"}
}
,
{
"node": "l",
"frag": "x",
"id": "P314294.l04837",
"ref": "P314294.7.7",
"inst": "u",
"f": {"lang": "akk-x-neoass",
"form": "x",
"pos": "u"}
}
,
{
"node": "l",
"frag": "x]",
"id": "P314294.l04838",
"ref": "P314294.7.8",
"inst": "u",
"f": {"lang": "akk-x-neoass",
"form": "x",
"pos": "u"}
}
,
{
"node": "d",
"type": "line-start",
"ref": "P314294.8",
"n": "7",
"label": "o 7"}
,
{
"node": "l",
"frag": "e-ta-⸢x⸣+[x",
"id": "P314294.l04839",
"ref": "P314294.8.1",
"inst": "u",
"f": {"lang": "akk-x-neoass",
"form": "e-ta-x+x",
"pos": "u"}
}
,
{
"node": "l",
"frag": "x",
"id": "P314294.l0483a",
"ref": "P314294.8.2",
"inst": "u",
"f": {"lang": "akk-x-neoass",
"form": "x",
"pos": "u"}
}
,
{
"node": "l",
"frag": "x",
"id": "P314294.l0483b",
"ref": "P314294.8.3",
"inst": "u",
"f": {"lang": "akk-x-neoass",
"form": "x",
"pos": "u"}
}
,
{
"node": "l",
"frag": "x",
"id": "P314294.l0483c",
"ref": "P314294.8.4",
"inst": "u",
"f": {"lang": "akk-x-neoass",
"form": "x",
"pos": "u"}
}
,
{
"node": "l",
"frag": "x",
"id": "P314294.l0483d",
"ref": "P314294.8.5",
"inst": "u",
"f": {"lang": "akk-x-neoass",
"form": "x",
"pos": "u"}
}
,
{
"node": "l",
"frag": "x",
"id": "P314294.l0483e",
"ref": "P314294.8.6",
"inst": "u",
"f": {"lang": "akk-x-neoass",
"form": "x",
"pos": "u"}
}
,
{
"node": "l",
"frag": "x]",
"id": "P314294.l0483f",
"ref": "P314294.8.7",
"inst": "u",
"f": {"lang": "akk-x-neoass",
"form": "x",
"pos": "u"}
}
,
{
"node": "d",
"type": "line-start",
"ref": "P314294.9",
"n": "8",
"label": "o 8"}
,
{
"node": "l",
"frag": "a-na",
"id": "P314294.l04840",
"ref": "P314294.9.1",
"inst": "ana[to]PRP",
"sig": "@saao/saa05%akk-x-neoass:a-na=ana[to//to]PRP'PRP$ana",
"f": {"lang": "akk-x-neoass",
"form": "a-na",
"cf": "ana",
"gw": "to",
"sense": "to",
"norm": "ana",
"pos": "PRP",
"epos": "PRP"}
}
,
{
"node": "l",
"frag": "{⸢lu₂vy⸣}[x",
"id": "P314294.l04841",
"ref": "P314294.9.2",
"inst": "u",
"f": {"lang": "akk-x-neoass",
"form": "{LU₂}x",
"pos": "u"}
}
,
{
"node": "l",
"frag": "x",
"id": "P314294.l04842",
"ref": "P314294.9.3",
"inst": "u",
"f": {"lang": "akk-x-neoass",
"form": "x",
"pos": "u"}
}
,
{
"node": "l",
"frag": "x",
"id": "P314294.l04843",
"ref": "P314294.9.4",
"inst": "u",
"f": {"lang": "akk-x-neoass",
"form": "x",
"pos": "u"}
}
,
{
"node": "l",
"frag": "x",
"id": "P314294.l04844",
"ref": "P314294.9.5",
"inst": "u",
"f": {"lang": "akk-x-neoass",
"form": "x",
"pos": "u"}
}
,
{
"node": "l",
"frag": "x",
"id": "P314294.l04845",
"ref": "P314294.9.6",
"inst": "u",
"f": {"lang": "akk-x-neoass",
"form": "x",
"pos": "u"}
}
,
{
"node": "l",
"frag": "x",
"id": "P314294.l04846",
"ref": "P314294.9.7",
"inst": "u",
"f": {"lang": "akk-x-neoass",
"form": "x",
"pos": "u"}
}
,
{
"node": "l",
"frag": "x]",
"id": "P314294.l04847",
"ref": "P314294.9.8",
"inst": "u",
"f": {"lang": "akk-x-neoass",
"form": "x",
"pos": "u"}
}
,
{
"node": "d",
"type": "line-start",
"ref": "P314294.10",
"n": "9",
"label": "o 9"}
,
{
"node": "l",
"frag": "ni-[x",
"id": "P314294.l04848",
"ref": "P314294.10.1",
"inst": "u",
"f": {"lang": "akk-x-neoass",
"form": "ni-x",
"pos": "u"}
}
,
{
"node": "l",
"frag": "x",
"id": "P314294.l04849",
"ref": "P314294.10.2",
"inst": "u",
"f": {"lang": "akk-x-neoass",
"form": "x",
"pos": "u"}
}
,
{
"node": "l",
"frag": "x",
"id": "P314294.l0484a",
"ref": "P314294.10.3",
"inst": "u",
"f": {"lang": "akk-x-neoass",
"form": "x",
"pos": "u"}
}
,
{
"node": "l",
"frag": "x",
"id": "P314294.l0484b",
"ref": "P314294.10.4",
"inst": "u",
"f": {"lang": "akk-x-neoass",
"form": "x",
"pos": "u"}
}
,
{
"node": "l",
"frag": "x",
"id": "P314294.l0484c",
"ref": "P314294.10.5",
"inst": "u",
"f": {"lang": "akk-x-neoass",
"form": "x",
"pos": "u"}
}
,
{
"node": "l",
"frag": "x",
"id": "P314294.l0484d",
"ref": "P314294.10.6",
"inst": "u",
"f": {"lang": "akk-x-neoass",
"form": "x",
"pos": "u"}
}
,
{
"node": "l",
"frag": "x",
"id": "P314294.l0484e",
"ref": "P314294.10.7",
"inst": "u",
"f": {"lang": "akk-x-neoass",
"form": "x",
"pos": "u"}
}
,
{
"node": "l",
"frag": "x",
"id": "P314294.l0484f",
"ref": "P314294.10.8",
"inst": "u",
"f": {"lang": "akk-x-neoass",
"form": "x",
"pos": "u"}
}
,
{
"node": "l",
"frag": "x]",
"id": "P314294.l04850",
"ref": "P314294.10.9",
"inst": "u",
"f": {"lang": "akk-x-neoass",
"form": "x",
"pos": "u"}
}
,
{
"node": "d",
"type": "nonx",
"ref": "P314294.11",
"strict": "0",
"extent": "rest",
"scope": "line",
"state": "missing"}
,
{
"node": "d",
"subtype": "reverse",
"type": "surface",
"ref": "P314294.r.12",
"type": "reverse",
"label": "r"}
,
{
"node": "d",
"type": "nonx",
"ref": "P314294.13",
"strict": "0",
"extent": "beginning",
"state": "missing"}
,
{
"node": "d",
"type": "line-start",
"ref": "P314294.14",
"n": "1'",
"label": "r 1'"}
,
{
"node": "l",
"frag": "i-⸢tal⸣-[x",
"id": "P314294.l04851",
"ref": "P314294.14.1",
"inst": "u",
"f": {"lang": "akk-x-neoass",
"form": "i-tal-x",
"pos": "u"}
}
,
{
"node": "l",
"frag": "x",
"id": "P314294.l04852",
"ref": "P314294.14.2",
"inst": "u",
"f": {"lang": "akk-x-neoass",
"form": "x",
"pos": "u"}
}
,
{
"node": "l",
"frag": "x",
"id": "P314294.l04853",
"ref": "P314294.14.3",
"inst": "u",
"f": {"lang": "akk-x-neoass",
"form": "x",
"pos": "u"}
}
,
{
"node": "l",
"frag": "x",
"id": "P314294.l04854",
"ref": "P314294.14.4",
"inst": "u",
"f": {"lang": "akk-x-neoass",
"form": "x",
"pos": "u"}
}
,
{
"node": "l",
"frag": "x",
"id": "P314294.l04855",
"ref": "P314294.14.5",
"inst": "u",
"f": {"lang": "akk-x-neoass",
"form": "x",
"pos": "u"}
}
,
{
"node": "l",
"frag": "x",
"id": "P314294.l04856",
"ref": "P314294.14.6",
"inst": "u",
"f": {"lang": "akk-x-neoass",
"form": "x",
"pos": "u"}
}
,
{
"node": "l",
"frag": "x]",
"id": "P314294.l04857",
"ref": "P314294.14.7",
"inst": "u",
"f": {"lang": "akk-x-neoass",
"form": "x",
"pos": "u"}
}
,
{
"node": "d",
"type": "line-start",
"ref": "P314294.15",
"n": "2'",
"label": "r 2'"}
,
{
"node": "l",
"frag": "i-tu-⸢x⸣+[x",
"id": "P314294.l04858",
"ref": "P314294.15.1",
"inst": "u",
"f": {"lang": "akk-x-neoass",
"form": "i-tu-x+x",
"pos": "u"}
}
,
{
"node": "l",
"frag": "x",
"id": "P314294.l04859",
"ref": "P314294.15.2",
"inst": "u",
"f": {"lang": "akk-x-neoass",
"form": "x",
"pos": "u"}
}
,
{
"node": "l",
"frag": "x",
"id": "P314294.l0485a",
"ref": "P314294.15.3",
"inst": "u",
"f": {"lang": "akk-x-neoass",
"form": "x",
"pos": "u"}
}
,
{
"node": "l",
"frag": "x",
"id": "P314294.l0485b",
"ref": "P314294.15.4",
"inst": "u",
"f": {"lang": "akk-x-neoass",
"form": "x",
"pos": "u"}
}
,
{
"node": "l",
"frag": "x",
"id": "P314294.l0485c",
"ref": "P314294.15.5",
"inst": "u",
"f": {"lang": "akk-x-neoass",
"form": "x",
"pos": "u"}
}
,
{
"node": "l",
"frag": "x",
"id": "P314294.l0485d",
"ref": "P314294.15.6",
"inst": "u",
"f": {"lang": "akk-x-neoass",
"form": "x",
"pos": "u"}
}
,
{
"node": "l",
"frag": "x]",
"id": "P314294.l0485e",
"ref": "P314294.15.7",
"inst": "u",
"f": {"lang": "akk-x-neoass",
"form": "x",
"pos": "u"}
}
,
{
"node": "d",
"type": "line-start",
"ref": "P314294.16",
"n": "3'",
"label": "r 3'"}
,
{
"node": "l",
"frag": "i-ta-lak",
"id": "P314294.l0485f",
"ref": "P314294.16.1",
"inst": "ittalak[come]V",
"sig": "@saao/saa05%akk-x-neoass:i-ta-lak=alāku[go//come]V'V$ittalak",
"f": {"lang": "akk-x-neoass",
"form": "i-ta-lak",
"cf": "alāku",
"gw": "go",
"sense": "come",
"norm": "ittalak",
"pos": "V",
"epos": "V"}
}
,
{
"node": "l",
"frag": "[x",
"id": "P314294.l04860",
"ref": "P314294.16.2",
"inst": "u",
"f": {"lang": "akk-x-neoass",
"form": "x",
"pos": "u"}
}
,
{
"node": "l",
"frag": "x",
"id": "P314294.l04861",
"ref": "P314294.16.3",
"inst": "u",
"f": {"lang": "akk-x-neoass",
"form": "x",
"pos": "u"}
}
,
{
"node": "l",
"frag": "x",
"id": "P314294.l04862",
"ref": "P314294.16.4",
"inst": "u",
"f": {"lang": "akk-x-neoass",
"form": "x",
"pos": "u"}
}
,
{
"node": "l",
"frag": "x",
"id": "P314294.l04863",
"ref": "P314294.16.5",
"inst": "u",
"f": {"lang": "akk-x-neoass",
"form": "x",
"pos": "u"}
}
,
{
"node": "l",
"frag": "x",
"id": "P314294.l04864",
"ref": "P314294.16.6",
"inst": "u",
"f": {"lang": "akk-x-neoass",
"form": "x",
"pos": "u"}
}
,
{
"node": "l",
"frag": "x]",
"id": "P314294.l04865",
"ref": "P314294.16.7",
"inst": "u",
"f": {"lang": "akk-x-neoass",
"form": "x",
"pos": "u"}
}
,
{
"node": "d",
"type": "line-start",
"ref": "P314294.17",
"n": "4'",
"label": "r 4'"}
,
{
"node": "l",
"frag": "[ma]-a",
"id": "P314294.l04866",
"ref": "P314294.17.1",
"inst": "mā[saying]PRP",
"sig": "@saao/saa05%akk-x-neoass:ma-a=mā[saying//saying]PRP'PRP$mā",
"f": {"lang": "akk-x-neoass",
"form": "ma-a",
"cf": "mā",
"gw": "saying",
"sense": "saying",
"norm": "mā",
"pos": "PRP",
"epos": "PRP"}
}
,
{
"node": "l",
"frag": "a-ta-a",
"id": "P314294.l04867",
"ref": "P314294.17.2",
"inst": "atâ[why?]QP",
"sig": "@saao/saa05%akk-x-neoass:a-ta-a=atā[why?//why?]QP'QP$atâ",
"f": {"lang": "akk-x-neoass",
"form": "a-ta-a",
"cf": "atā",
"gw": "why?",
"sense": "why?",
"norm": "atâ",
"pos": "QP",
"epos": "QP"}
}
,
{
"node": "l",
"frag": "[x",
"id": "P314294.l04868",
"ref": "P314294.17.3",
"inst": "u",
"f": {"lang": "akk-x-neoass",
"form": "x",
"pos": "u"}
}
,
{
"node": "l",
"frag": "x",
"id": "P314294.l04869",
"ref": "P314294.17.4",
"inst": "u",
"f": {"lang": "akk-x-neoass",
"form": "x",
"pos": "u"}
}
,
{
"node": "l",
"frag": "x",
"id": "P314294.l0486a",
"ref": "P314294.17.5",
"inst": "u",
"f": {"lang": "akk-x-neoass",
"form": "x",
"pos": "u"}
}
,
{
"node": "l",
"frag": "x",
"id": "P314294.l0486b",
"ref": "P314294.17.6",
"inst": "u",
"f": {"lang": "akk-x-neoass",
"form": "x",
"pos": "u"}
}
,
{
"node": "l",
"frag": "x]",
"id": "P314294.l0486c",
"ref": "P314294.17.7",
"inst": "u",
"f": {"lang": "akk-x-neoass",
"form": "x",
"pos": "u"}
}
,
{
"node": "d",
"type": "line-start",
"ref": "P314294.18",
"n": "5'",
"label": "r 5'"}
,
{
"node": "l",
"frag": "NINDA-MEŠ\\m",
"id": "P314294.l0486d",
"ref": "P314294.18.1",
"inst": "kusāpī[bread]N",
"sig": "@saao/saa05%akk-x-neoass:NINDA-MEŠ=kusāpu[bread//bread]N'N$kusāpī",
"f": {"lang": "akk-x-neoass",
"form": "NINDA-MEŠ",
"cf": "kusāpu",
"gw": "bread",
"sense": "bread",
"norm": "kusāpī",
"pos": "N",
"epos": "N"}
}
,
{
"node": "l",
"frag": "la-a",
"id": "P314294.l0486e",
"ref": "P314294.18.2",
"inst": "lā[not]MOD",
"sig": "@saao/saa05%akk-x-neoass:la-a=lā[not//not]MOD'MOD$lā",
"f": {"lang": "akk-x-neoass",
"form": "la-a",
"cf": "lā",
"gw": "not",
"sense": "not",
"norm": "lā",
"pos": "MOD",
"epos": "MOD"}
}
,
{
"node": "l",
"frag": "[x",
"id": "P314294.l0486f",
"ref": "P314294.18.3",
"inst": "u",
"f": {"lang": "akk-x-neoass",
"form": "x",
"pos": "u"}
}
,
{
"node": "l",
"frag": "x",
"id": "P314294.l04870",
"ref": "P314294.18.4",
"inst": "u",
"f": {"lang": "akk-x-neoass",
"form": "x",
"pos": "u"}
}
,
{
"node": "l",
"frag": "x",
"id": "P314294.l04871",
"ref": "P314294.18.5",
"inst": "u",
"f": {"lang": "akk-x-neoass",
"form": "x",
"pos": "u"}
}
,
{
"node": "l",
"frag": "x",
"id": "P314294.l04872",
"ref": "P314294.18.6",
"inst": "u",
"f": {"lang": "akk-x-neoass",
"form": "x",
"pos": "u"}
}
,
{
"node": "l",
"frag": "x]",
"id": "P314294.l04873",
"ref": "P314294.18.7",
"inst": "u",
"f": {"lang": "akk-x-neoass",
"form": "x",
"pos": "u"}
}
,
{
"node": "d",
"type": "line-start",
"ref": "P314294.19",
"n": "6'",
"label": "r 6'"}
,
{
"node": "c",
"type": "phrase",
"tag": "phr",
"id": "P314294.U4",
"ref": "P314294.ls00000",
"cdl": [
{
"node": "l",
"frag": "{lu₂vy}600--E₂.GAL",
"id": "P314294.l04874",
"ref": "P314294.19.1",
"cof-tails": "P314294.l04875",
"inst": "nāgiru[herald]N$nāgir&ēkallu[palace]N$ēkalli",
"sig": "@saao/saa05%akk-x-neoass:{LU₂}600-E₂.GAL=nāgiru[herald//herald]N'N$nāgir&&@saao%akk-x-neoass:=ēkallu[palace//palace]N'N$ēkalli",
"f": {"lang": "akk-x-neoass",
"form": "{LU₂}600-E₂.GAL",
"cf": "nāgiru",
"gw": "herald",
"sense": "herald",
"norm": "nāgir",
"pos": "N",
"epos": "N"}
}
,
{
"node": "l",
"frag": "{lu₂vy}600--E₂.GAL",
"id": "P314294.l04875",
"ref": "P314294.19.1",
"cof-head": "P314294.l04874",
"inst": "nāgiru[herald]N$nāgir&ēkallu[palace]N$ēkalli",
"tail-sig": "@saao%akk-x-neoass:=ēkallu[palace//palace]N'N$ēkalli",
"f": {"lang": "akk-x-neoass",
"form": "{LU₂}600-E₂.GAL",
"cf": "ēkallu",
"gw": "palace",
"sense": "palace",
"norm": "ēkalli",
"pos": "N",
"epos": "N"}
}
]}
,
{
"node": "l",
"frag": "⸢x⸣+[x",
"id": "P314294.l04876",
"ref": "P314294.19.2",
"inst": "u",
"f": {"lang": "akk-x-neoass",
"form": "x+x",
"pos": "u"}
}
,
{
"node": "l",
"frag": "x",
"id": "P314294.l04877",
"ref": "P314294.19.3",
"inst": "u",
"f": {"lang": "akk-x-neoass",
"form": "x",
"pos": "u"}
}
,
{
"node": "l",
"frag": "x",
"id": "P314294.l04878",
"ref": "P314294.19.4",
"inst": "u",
"f": {"lang": "akk-x-neoass",
"form": "x",
"pos": "u"}
}
,
{
"node": "l",
"frag": "x",
"id": "P314294.l04879",
"ref": "P314294.19.5",
"inst": "u",
"f": {"lang": "akk-x-neoass",
"form": "x",
"pos": "u"}
}
,
{
"node": "l",
"frag": "x]",
"id": "P314294.l0487a",
"ref": "P314294.19.6",
"inst": "u",
"f": {"lang": "akk-x-neoass",
"form": "x",
"pos": "u"}
}
,
{
"node": "d",
"type": "line-start",
"ref": "P314294.20",
"n": "7'",
"label": "r 7'"}
,
{
"node": "l",
"frag": "ma-a",
"id": "P314294.l0487b",
"ref": "P314294.20.1",
"inst": "mā[saying]PRP",
"sig": "@saao/saa05%akk-x-neoass:ma-a=mā[saying//saying]PRP'PRP$mā",
"f": {"lang": "akk-x-neoass",
"form": "ma-a",
"cf": "mā",
"gw": "saying",
"sense": "saying",
"norm": "mā",
"pos": "PRP",
"epos": "PRP"}
}
,
{
"node": "l",
"frag": "{⸢kur}URI\\tm⸣-a.a",
"id": "P314294.l0487c",
"ref": "P314294.20.2",
"inst": "Urarṭaya[Urarṭian]EN",
"sig": "@saao/saa05%akk-x-neoass:{KUR}URI-a.a=Urarṭaya[Urarṭian//Urarṭian]EN'EN$Urarṭaya",
"f": {"lang": "akk-x-neoass",
"form": "{KUR}URI-a.a",
"cf": "Urarṭaya",
"gw": "Urarṭian",
"sense": "Urarṭian",
"norm": "Urarṭaya",
"pos": "EN",
"epos": "EN"}
}
,
{
"node": "l",
"frag": "[x",
"id": "P314294.l0487d",
"ref": "P314294.20.3",
"inst": "u",
"f": {"lang": "akk-x-neoass",
"form": "x",
"pos": "u"}
}
,
{
"node": "l",
"frag": "x",
"id": "P314294.l0487e",
"ref": "P314294.20.4",
"inst": "u",
"f": {"lang": "akk-x-neoass",
"form": "x",
"pos": "u"}
}
,
{
"node": "l",
"frag": "x",
"id": "P314294.l0487f",
"ref": "P314294.20.5",
"inst": "u",
"f": {"lang": "akk-x-neoass",
"form": "x",
"pos": "u"}
}
,
{
"node": "l",
"frag": "x",
"id": "P314294.l04880",
"ref": "P314294.20.6",
"inst": "u",
"f": {"lang": "akk-x-neoass",
"form": "x",
"pos": "u"}
}
,
{
"node": "l",
"frag": "x]",
"id": "P314294.l04881",
"ref": "P314294.20.7",
"inst": "u",
"f": {"lang": "akk-x-neoass",
"form": "x",
"pos": "u"}
}
,
{
"node": "d",
"type": "line-start",
"ref": "P314294.21",
"n": "8'",
"label": "r 8'"}
,
{
"node": "l",
"frag": "TA@v\\m",
"id": "P314294.l04882",
"ref": "P314294.21.1",
"inst": "issi[with]PRP",
"sig": "@saao/saa05%akk-x-neoass:TA@v=išti[with//with]PRP'PRP$issi",
"f": {"lang": "akk-x-neoass",
"form": "TA@v",
"cf": "išti",
"gw": "with",
"sense": "with",
"norm": "issi",
"pos": "PRP",
"epos": "PRP"}
}
,
{
"node": "l",
"frag": "[x",
"id": "P314294.l04883",
"ref": "P314294.21.2",
"inst": "u",
"f": {"lang": "akk-x-neoass",
"form": "x",
"pos": "u"}
}
,
{
"node": "l",
"frag": "x]",
"id": "P314294.l04884",
"ref": "P314294.21.3",
"inst": "u",
"f": {"lang": "akk-x-neoass",
"form": "x",
"pos": "u"}
}
,
{
"node": "l",
"frag": "⸢x⸣+[x",
"id": "P314294.l04885",
"ref": "P314294.21.4",
"inst": "u",
"f": {"lang": "akk-x-neoass",
"form": "x+x",
"pos": "u"}
}
,
{
"node": "l",
"frag": "x",
"id": "P314294.l04886",
"ref": "P314294.21.5",
"inst": "u",
"f": {"lang": "akk-x-neoass",
"form": "x",
"pos": "u"}
}
,
{
"node": "l",
"frag": "x",
"id": "P314294.l04887",
"ref": "P314294.21.6",
"inst": "u",
"f": {"lang": "akk-x-neoass",
"form": "x",
"pos": "u"}
}
,
{
"node": "l",
"frag": "x",
"id": "P314294.l04888",
"ref": "P314294.21.7",
"inst": "u",
"f": {"lang": "akk-x-neoass",
"form": "x",
"pos": "u"}
}
,
{
"node": "l",
"frag": "x",
"id": "P314294.l04889",
"ref": "P314294.21.8",
"inst": "u",
"f": {"lang": "akk-x-neoass",
"form": "x",
"pos": "u"}
}
,
{
"node": "l",
"frag": "x]",
"id": "P314294.l0488a",
"ref": "P314294.21.9",
"inst": "u",
"f": {"lang": "akk-x-neoass",
"form": "x",
"pos": "u"}
}
,
{
"node": "d",
"type": "line-start",
"ref": "P314294.22",
"n": "9'",
"label": "r 9'"}
,
{
"node": "l",
"frag": "{⸢lu₂vy⸣}[x",
"id": "P314294.l0488b",
"ref": "P314294.22.1",
"inst": "u",
"f": {"lang": "akk-x-neoass",
"form": "{LU₂}x",
"pos": "u"}
}
,
{
"node": "l",
"frag": "x",
"id": "P314294.l0488c",
"ref": "P314294.22.2",
"inst": "u",
"f": {"lang": "akk-x-neoass",
"form": "x",
"pos": "u"}
}
,
{
"node": "l",
"frag": "x]",
"id": "P314294.l0488d",
"ref": "P314294.22.3",
"inst": "u",
"f": {"lang": "akk-x-neoass",
"form": "x",
"pos": "u"}
}
,
{
"node": "l",
"frag": "07",
"id": "P314294.l0488e",
"ref": "P314294.22.4",
"inst": "n",
"f": {"lang": "akk-x-neoass",
"form": "07",
"pos": "n"}
}
,
{
"node": "l",
"frag": "[x",
"id": "P314294.l0488f",
"ref": "P314294.22.5",
"inst": "u",
"f": {"lang": "akk-x-neoass",
"form": "x",
"pos": "u"}
}
,
{
"node": "l",
"frag": "x",
"id": "P314294.l04890",
"ref": "P314294.22.6",
"inst": "u",
"f": {"lang": "akk-x-neoass",
"form": "x",
"pos": "u"}
}
,
{
"node": "l",
"frag": "x",
"id": "P314294.l04891",
"ref": "P314294.22.7",
"inst": "u",
"f": {"lang": "akk-x-neoass",
"form": "x",
"pos": "u"}
}
,
{
"node": "l",
"frag": "x",
"id": "P314294.l04892",
"ref": "P314294.22.8",
"inst": "u",
"f": {"lang": "akk-x-neoass",
"form": "x",
"pos": "u"}
}
,
{
"node": "l",
"frag": "x]",
"id": "P314294.l04893",
"ref": "P314294.22.9",
"inst": "u",
"f": {"lang": "akk-x-neoass",
"form": "x",
"pos": "u"}
}
,
{
"node": "d",
"subtype": "right",
"type": "surface",
"ref": "P314294.r.e..23",
"type": "right",
"label": "r.e."}
,
{
"node": "d",
"type": "line-start",
"ref": "P314294.24",
"n": "10",
"label": "r.e. 10"}
,
{
"node": "l",
"frag": "re-ha-ti",
"id": "P314294.l04894",
"ref": "P314294.24.1",
"inst": "rēhu[remaining]AJ$rēhāti",
"sig": "@saao/saa05%akk-x-neoass:re-ha-ti=rēhu[remaining//remaining]AJ'AJ$rēhāti",
"f": {"lang": "akk-x-neoass",
"form": "re-ha-ti",
"cf": "rēhu",
"gw": "remaining",
"sense": "remaining",
"norm": "rēhāti",
"pos": "AJ",
"epos": "AJ"}
}
,
{
"node": "l",
"frag": "⸢x⸣+[x",
"id": "P314294.l04895",
"ref": "P314294.24.2",
"inst": "u",
"f": {"lang": "akk-x-neoass",
"form": "x+x",
"pos": "u"}
}
,
{
"node": "l",
"frag": "x",
"id": "P314294.l04896",
"ref": "P314294.24.3",
"inst": "u",
"f": {"lang": "akk-x-neoass",
"form": "x",
"pos": "u"}
}
,
{
"node": "l",
"frag": "x",
"id": "P314294.l04897",
"ref": "P314294.24.4",
"inst": "u",
"f": {"lang": "akk-x-neoass",
"form": "x",
"pos": "u"}
}
,
{
"node": "l",
"frag": "x",
"id": "P314294.l04898",
"ref": "P314294.24.5",
"inst": "u",
"f": {"lang": "akk-x-neoass",
"form": "x",
"pos": "u"}
}
,
{
"node": "l",
"frag": "x",
"id": "P314294.l04899",
"ref": "P314294.24.6",
"inst": "u",
"f": {"lang": "akk-x-neoass",
"form": "x",
"pos": "u"}
}
,
{
"node": "l",
"frag": "x]",
"id": "P314294.l0489a",
"ref": "P314294.24.7",
"inst": "u",
"f": {"lang": "akk-x-neoass",
"form": "x",
"pos": "u"}
}
,
{
"node": "d",
"type": "line-start",
"ref": "P314294.25",
"n": "11",
"label": "r.e. 11"}
,
{
"node": "l",
"frag": "ma-a",
"id": "P314294.l0489b",
"ref": "P314294.25.1",
"inst": "mā[saying]PRP",
"sig": "@saao/saa05%akk-x-neoass:ma-a=mā[saying//saying]PRP'PRP$mā",
"f": {"lang": "akk-x-neoass",
"form": "ma-a",
"cf": "mā",
"gw": "saying",
"sense": "saying",
"norm": "mā",
"pos": "PRP",
"epos": "PRP"}
}
,
{
"node": "l",
"frag": "ša\\tym",
"id": "P314294.l0489c",
"ref": "P314294.25.2",
"inst": "ša[of]DET",
"sig": "@saao/saa05%akk-x-neoass:ša=ša[of//of]DET'DET$ša",
"f": {"lang": "akk-x-neoass",
"form": "ša",
"cf": "ša",
"gw": "of",
"sense": "of",
"norm": "ša",
"pos": "DET",
"epos": "DET"}
}
,
{
"node": "l",
"frag": "[x",
"id": "P314294.l0489d",
"ref": "P314294.25.3",
"inst": "u",
"f": {"lang": "akk-x-neoass",
"form": "x",
"pos": "u"}
}
,
{
"node": "l",
"frag": "x",
"id": "P314294.l0489e",
"ref": "P314294.25.4",
"inst": "u",
"f": {"lang": "akk-x-neoass",
"form": "x",
"pos": "u"}
}
,
{
"node": "l",
"frag": "x",
"id": "P314294.l0489f",
"ref": "P314294.25.5",
"inst": "u",
"f": {"lang": "akk-x-neoass",
"form": "x",
"pos": "u"}
}
,
{
"node": "l",
"frag": "x",
"id": "P314294.l048a0",
"ref": "P314294.25.6",
"inst": "u",
"f": {"lang": "akk-x-neoass",
"form": "x",
"pos": "u"}
}
,
{
"node": "l",
"frag": "x",
"id": "P314294.l048a1",
"ref": "P314294.25.7",
"inst": "u",
"f": {"lang": "akk-x-neoass",
"form": "x",
"pos": "u"}
}
,
{
"node": "l",
"frag": "x]",
"id": "P314294.l048a2",
"ref": "P314294.25.8",
"inst": "u",
"f": {"lang": "akk-x-neoass",
"form": "x",
"pos": "u"}
}
,
{
"node": "d",
"subtype": "edge",
"type": "surface",
"ref": "P314294.e..26",
"type": "edge",
"label": "e."}
,
{
"node": "d",
"type": "line-start",
"ref": "P314294.27",
"n": "1",
"label": "e. 1"}
,
{
"node": "l",
"frag": "[x",
"id": "P314294.l048a3",
"ref": "P314294.27.1",
"inst": "u",
"f": {"lang": "akk-x-neoass",
"form": "x",
"pos": "u"}
}
,
{
"node": "l",
"frag": "x",
"id": "P314294.l048a4",
"ref": "P314294.27.2",
"inst": "u",
"f": {"lang": "akk-x-neoass",
"form": "x",
"pos": "u"}
}
,
{
"node": "l",
"frag": "x",
"id": "P314294.l048a5",
"ref": "P314294.27.3",
"inst": "u",
"f": {"lang": "akk-x-neoass",
"form": "x",
"pos": "u"}
}
,
{
"node": "l",
"frag": "x",
"id": "P314294.l048a6",
"ref": "P314294.27.4",
"inst": "u",
"f": {"lang": "akk-x-neoass",
"form": "x",
"pos": "u"}
}
,
{
"node": "l",
"frag": "x]",
"id": "P314294.l048a7",
"ref": "P314294.27.5",
"inst": "u",
"f": {"lang": "akk-x-neoass",
"form": "x",
"pos": "u"}
}
,
{
"node": "l",
"frag": "{⸢lu₂vy⸣}sar\\p-tin-ni",
"id": "P314294.l048a8",
"ref": "P314294.27.6",
"inst": "sartenni[chief judge]N",
"sig": "@saao/saa05%akk-x-neoass:{LU₂}sar-tin-ni=sartennu[chief judge//chief judge]N'N$sartenni",
"f": {"lang": "akk-x-neoass",
"form": "{LU₂}sar-tin-ni",
"cf": "sartennu",
"gw": "chief judge",
"sense": "chief judge",
"norm": "sartenni",
"pos": "N",
"epos": "N"}
}
,
{
"node": "l",
"frag": "⸢ma\\p⸣-a",
"id": "P314294.l048a9",
"ref": "P314294.27.7",
"inst": "mā[saying]PRP",
"sig": "@saao/saa05%akk-x-neoass:ma-a=mā[saying//saying]PRP'PRP$mā",
"f": {"lang": "akk-x-neoass",
"form": "ma-a",
"cf": "mā",
"gw": "saying",
"sense": "saying",
"norm": "mā",
"pos": "PRP",
"epos": "PRP"}
}
,
{
"node": "l",
"frag": "i-ši",
"id": "P314294.l048aa",
"ref": "P314294.27.8",
"inst": "išši[take]V",
"sig": "@saao/saa05%akk-x-neoass:i-ši=našû[lift//take]V'V$išši",
"f": {"lang": "akk-x-neoass",
"form": "i-ši",
"cf": "našû",
"gw": "lift",
"sense": "take",
"norm": "išši",
"pos": "V",
"epos": "V"}
}
,
{
"node": "d",
"type": "line-start",
"ref": "P314294.28",
"n": "2",
"label": "e. 2"}
,
{
"node": "l",
"frag": "[x",
"id": "P314294.l048ab",
"ref": "P314294.28.1",
"inst": "u",
"f": {"lang": "akk-x-neoass",
"form": "x",
"pos": "u"}
}
,
{
"node": "l",
"frag": "x",
"id": "P314294.l048ac",
"ref": "P314294.28.2",
"inst": "u",
"f": {"lang": "akk-x-neoass",
"form": "x",
"pos": "u"}
}
,
{
"node": "l",
"frag": "x",
"id": "P314294.l048ad",
"ref": "P314294.28.3",
"inst": "u",
"f": {"lang": "akk-x-neoass",
"form": "x",
"pos": "u"}
}
,
{
"node": "l",
"frag": "x",
"id": "P314294.l048ae",
"ref": "P314294.28.4",
"inst": "u",
"f": {"lang": "akk-x-neoass",
"form": "x",
"pos": "u"}
}
,
{
"node": "l",
"frag": "x",
"id": "P314294.l048af",
"ref": "P314294.28.5",
"inst": "u",
"f": {"lang": "akk-x-neoass",
"form": "x",
"pos": "u"}
}
,
{
"node": "l",
"frag": "x]+⸢x⸣",
"id": "P314294.l048b0",
"ref": "P314294.28.6",
"inst": "u",
"f": {"lang": "akk-x-neoass",
"form": "x+x",
"pos": "u"}
}
,
{
"node": "l",
"frag": "kur-ru",
"id": "P314294.l048b1",
"ref": "P314294.28.7",
"inst": "karāru[put (down)//pile up]V$kurru",
"sig": "@saao/saa05%akk-x-neoass:kur-ru=karāru[put (down)//pile up]V'V$kurru",
"f": {"lang": "akk-x-neoass",
"form": "kur-ru",
"cf": "karāru",
"gw": "put (down)",
"sense": "pile up",
"norm": "kurru",
"pos": "V",
"epos": "V"}
}
]}
]}
]}
,
{
"linkbase": [{
"type": "linkset",
"xlink_title": "nāgir ēkalli[palace herald//palace herald]N'N",
"id": "P314294.ls00000",
"xlink_type": "extended",
"xlink_role": "psu",
"sig": "{nāgiru[herald]N ēkallu[palace]N += nāgir ēkalli[palace herald//palace herald]N'N}::@saao%akk-x-neoass:{LU₂}600-E₂.GAL=nāgiru[herald//herald]N'N$nāgir++@saao%akk-x-neoass:{LU₂}600-E₂.GAL=ēkallu[palace//palace]N'N$ēkalli",
"links": [
{
"type": "link",
"xlink_title": "nāgiru",
"xlink_type": "locator",
"xlink_href": "#P314294.l04874",
"xlink_role": "elt"}
,
{
"type": "link",
"xlink_title": "ēkallu",
"xlink_type": "locator",
"xlink_href": "#P314294.l04875",
"xlink_role": "elt"}
]}
]}
]}
