{
"type": "cdl",
  "source": "http://oracc.org/saao/saa05",
  "license": "This data is released under the CC0 license",
  "license-url": "https://creativecommons.org/publicdomain/zero/1.0/",
  "more-info": "http://oracc.org/doc/opendata/",
  "UTC-timestamp": "2017-05-19T11:27:38",
"project": "saao/saa05",
"textid": "P314261",
"cdl": [
{
"node": "c",
"type": "text",
"id": "P314261.U0",
"cdl": [
{
"node": "d",
"type": "object",
"ref": ""}
,
{
"node": "d",
"subtype": "obverse",
"type": "surface",
"ref": "P314261.o.1",
"type": "obverse",
"label": "o"}
,
{
"node": "c",
"type": "discourse",
"subtype": "body",
"id": "P314261.U1",
"cdl": [
{
"node": "c",
"type": "sentence",
"id": "P314261.U2",
"label": "o 1 - o 7",
"cdl": [
{
"node": "d",
"type": "line-start",
"ref": "P314261.2",
"n": "1",
"label": "o 1"}
,
{
"node": "l",
"frag": "[a-na]",
"id": "P314261.l01b63",
"ref": "P314261.2.1",
"inst": "ana[to]PRP",
"sig": "@saao/saa05%akk-x-neoass:a-na=ana[to//to]PRP'PRP$ana",
"f": {"lang": "akk-x-neoass",
"form": "a-na",
"cf": "ana",
"gw": "to",
"sense": "to",
"norm": "ana",
"pos": "PRP",
"epos": "PRP"}
}
,
{
"node": "l",
"frag": "⸢LUGAL⸣",
"id": "P314261.l01b64",
"ref": "P314261.2.2",
"inst": "šarri[king]N",
"sig": "@saao/saa05%akk-x-neoass:LUGAL=šarru[king//king]N'N$šarri",
"f": {"lang": "akk-x-neoass",
"form": "LUGAL",
"cf": "šarru",
"gw": "king",
"sense": "king",
"norm": "šarri",
"pos": "N",
"epos": "N"}
}
,
{
"node": "l",
"frag": "be-⸢li₂⸣-[ia]",
"id": "P314261.l01b65",
"ref": "P314261.2.3",
"inst": "bēlīya[lord]N",
"sig": "@saao/saa05%akk-x-neoass:be-li₂-ia=bēlu[lord//lord]N'N$bēlīya",
"f": {"lang": "akk-x-neoass",
"form": "be-li₂-ia",
"cf": "bēlu",
"gw": "lord",
"sense": "lord",
"norm": "bēlīya",
"pos": "N",
"epos": "N"}
}
,
{
"node": "d",
"type": "line-start",
"ref": "P314261.3",
"n": "2",
"label": "o 2"}
,
{
"node": "l",
"frag": "[ARAD-ka]",
"id": "P314261.l01b66",
"ref": "P314261.3.1",
"inst": "urdaka[servant]N",
"sig": "@saao/saa05%akk-x-neoass:ARAD-ka=ardu[slave//servant]N'N$urdaka",
"f": {"lang": "akk-x-neoass",
"form": "ARAD-ka",
"cf": "ardu",
"gw": "slave",
"sense": "servant",
"norm": "urdaka",
"pos": "N",
"epos": "N"}
}
,
{
"node": "l",
"frag": "{1}⸢I⸣-[DINGIR]",
"id": "P314261.l01b67",
"ref": "P314261.3.2",
"inst": "Naʾdi-ilu[1]PN",
"sig": "@saao/saa05%akk-x-neoass:{1}I-DINGIR=Naʾdi-ilu[1//1]PN'PN$Naʾdi-ilu",
"f": {"lang": "akk-x-neoass",
"form": "{1}I-DINGIR",
"cf": "Naʾdi-ilu",
"gw": "1",
"sense": "1",
"norm": "Naʾdi-ilu",
"pos": "PN",
"epos": "PN"}
}
,
{
"node": "d",
"type": "line-start",
"ref": "P314261.4",
"n": "3",
"label": "o 3"}
,
{
"node": "l",
"frag": "[lu",
"id": "P314261.l01b68",
"ref": "P314261.4.1",
"inst": "lū[may]MOD",
"sig": "@saao/saa05%akk-x-neoass:lu=lū[may//may]MOD'MOD$lū",
"f": {"lang": "akk-x-neoass",
"form": "lu",
"cf": "lū",
"gw": "may",
"sense": "may",
"norm": "lū",
"pos": "MOD",
"epos": "MOD"}
}
,
{
"node": "l",
"frag": "šul]-mu",
"id": "P314261.l01b69",
"ref": "P314261.4.2",
"inst": "šulmu[health]N",
"sig": "@saao/saa05%akk-x-neoass:šul-mu=šulmu[completeness//health]N'N$šulmu",
"f": {"lang": "akk-x-neoass",
"form": "šul-mu",
"cf": "šulmu",
"gw": "completeness",
"sense": "health",
"norm": "šulmu",
"pos": "N",
"epos": "N"}
}
,
{
"node": "l",
"frag": "a-⸢na\\t⸣",
"id": "P314261.l01b6a",
"ref": "P314261.4.3",
"inst": "ana[to]PRP",
"sig": "@saao/saa05%akk-x-neoass:a-na=ana[to//to]PRP'PRP$ana",
"f": {"lang": "akk-x-neoass",
"form": "a-na",
"cf": "ana",
"gw": "to",
"sense": "to",
"norm": "ana",
"pos": "PRP",
"epos": "PRP"}
}
,
{
"node": "l",
"frag": "[LUGAL",
"id": "P314261.l01b6b",
"ref": "P314261.4.4",
"inst": "šarri[king]N",
"sig": "@saao/saa05%akk-x-neoass:LUGAL=šarru[king//king]N'N$šarri",
"f": {"lang": "akk-x-neoass",
"form": "LUGAL",
"cf": "šarru",
"gw": "king",
"sense": "king",
"norm": "šarri",
"pos": "N",
"epos": "N"}
}
,
{
"node": "l",
"frag": "EN-ia]",
"id": "P314261.l01b6c",
"ref": "P314261.4.5",
"inst": "bēlīya[lord]N",
"sig": "@saao/saa05%akk-x-neoass:EN-ia=bēlu[lord//lord]N'N$bēlīya",
"f": {"lang": "akk-x-neoass",
"form": "EN-ia",
"cf": "bēlu",
"gw": "lord",
"sense": "lord",
"norm": "bēlīya",
"pos": "N",
"epos": "N"}
}
,
{
"node": "d",
"type": "line-start",
"ref": "P314261.5",
"n": "4",
"label": "o 4"}
,
{
"node": "c",
"type": "phrase",
"tag": "phr",
"id": "P314261.U4",
"ref": "P314261.ls00000",
"cdl": [
{
"node": "l",
"frag": "[ina",
"id": "P314261.l01b6d",
"ref": "P314261.5.1",
"inst": "ina[in+=concerning]PRP",
"sig": "@saao/saa05%akk-x-neoass:ina=ina[in//in]PRP'PRP$ina",
"f": {"lang": "akk-x-neoass",
"form": "ina",
"cf": "ina",
"gw": "in",
"sense": "in",
"norm": "ina",
"pos": "PRP",
"epos": "PRP"}
}
,
{
"node": "l",
"frag": "UGU]",
"id": "P314261.l01b6e",
"ref": "P314261.5.2",
"inst": "muhhi[skull]N",
"sig": "@saao/saa05%akk-x-neoass:UGU=muhhu[skull//skull]N'N$muhhi",
"f": {"lang": "akk-x-neoass",
"form": "UGU",
"cf": "muhhu",
"gw": "skull",
"sense": "skull",
"norm": "muhhi",
"pos": "N",
"epos": "N"}
}
]}
,
{
"node": "l",
"frag": "{lu₂v}i-[tu-ʾa-a.a]",
"id": "P314261.l01b6f",
"ref": "P314261.5.3",
"inst": "Ituʾaya[Ituʾean]EN",
"sig": "@saao/saa05%akk-x-neoass:{LU₂}i-tu-ʾa-a.a=Ituʾaya[Ituʾean//Ituʾean]EN'EN$Ituʾaya",
"f": {"lang": "akk-x-neoass",
"form": "{LU₂}i-tu-ʾa-a.a",
"cf": "Ituʾaya",
"gw": "Ituʾean",
"sense": "Ituʾean",
"norm": "Ituʾaya",
"pos": "EN",
"epos": "EN"}
}
,
{
"node": "d",
"type": "line-start",
"ref": "P314261.6",
"n": "5",
"label": "o 5"}
,
{
"node": "l",
"frag": "[ša",
"id": "P314261.l01b70",
"ref": "P314261.6.1",
"inst": "ša[that//who]REL$",
"sig": "@saao/saa05%akk-x-neoass:ša=ša[that//who]REL'REL$ša",
"f": {"lang": "akk-x-neoass",
"form": "ša",
"cf": "ša",
"gw": "that",
"sense": "who",
"norm": "ša",
"pos": "REL",
"epos": "REL"}
}
,
{
"node": "c",
"type": "phrase",
"tag": "phr",
"id": "P314261.U5",
"ref": "P314261.ls00001",
"cdl": [
{
"node": "l",
"frag": "TA]",
"id": "P314261.l01b71",
"ref": "P314261.6.2",
"inst": "issu[from+=from]PRP",
"sig": "@saao/saa05%akk-x-neoass:TA=ištu[from//from]PRP'PRP$issu",
"f": {"lang": "akk-x-neoass",
"form": "TA",
"cf": "ištu",
"gw": "from",
"sense": "from",
"norm": "issu",
"pos": "PRP",
"epos": "PRP"}
}
,
{
"node": "l",
"frag": "⸢UGU",
"id": "P314261.l01b72",
"ref": "P314261.6.3",
"inst": "muhhi[skull]N",
"sig": "@saao/saa05%akk-x-neoass:UGU=muhhu[skull//skull]N'N$muhhi",
"f": {"lang": "akk-x-neoass",
"form": "UGU",
"cf": "muhhu",
"gw": "skull",
"sense": "skull",
"norm": "muhhi",
"pos": "N",
"epos": "N"}
}
]}
,
{
"node": "l",
"frag": "{id₂⸣}[pu-rat-ti]",
"id": "P314261.l01b73",
"ref": "P314261.6.4",
"inst": "Purattu[Euphrates]WN$Puratti",
"sig": "@saao/saa05%akk-x-neoass:{ID₂}pu-rat-ti=Purattu[Euphrates//Euphrates]WN'WN$Puratti",
"f": {"lang": "akk-x-neoass",
"form": "{ID₂}pu-rat-ti",
"cf": "Purattu",
"gw": "Euphrates",
"sense": "Euphrates",
"norm": "Puratti",
"pos": "WN",
"epos": "WN"}
}
,
{
"node": "d",
"type": "line-start",
"ref": "P314261.7",
"n": "6",
"label": "o 6"}
,
{
"node": "l",
"frag": "[is-hu]-⸢ru⸣-u-ni\\d",
"id": "P314261.l01b74",
"ref": "P314261.7.1",
"inst": "sahāru[go around//return]V$ishurūni",
"sig": "@saao/saa05%akk-x-neoass:is-hu-ru-u-ni=sahāru[go around//return]V'V$ishurūni",
"f": {"lang": "akk-x-neoass",
"form": "is-hu-ru-u-ni",
"cf": "sahāru",
"gw": "go around",
"sense": "return",
"norm": "ishurūni",
"pos": "V",
"epos": "V"}
}
,
{
"node": "l",
"frag": "[x",
"id": "P314261.l01b75",
"ref": "P314261.7.2",
"inst": "u",
"f": {"lang": "akk-x-neoass",
"form": "x",
"pos": "u"}
}
,
{
"node": "l",
"frag": "x",
"id": "P314261.l01b76",
"ref": "P314261.7.3",
"inst": "u",
"f": {"lang": "akk-x-neoass",
"form": "x",
"pos": "u"}
}
,
{
"node": "l",
"frag": "x]",
"id": "P314261.l01b77",
"ref": "P314261.7.4",
"inst": "u",
"f": {"lang": "akk-x-neoass",
"form": "x",
"pos": "u"}
}
,
{
"node": "d",
"type": "line-start",
"ref": "P314261.8",
"n": "7",
"label": "o 7"}
,
{
"node": "l",
"frag": "[x",
"id": "P314261.l01b78",
"ref": "P314261.8.1",
"inst": "u",
"f": {"lang": "akk-x-neoass",
"form": "x",
"pos": "u"}
}
,
{
"node": "l",
"frag": "x",
"id": "P314261.l01b79",
"ref": "P314261.8.2",
"inst": "u",
"f": {"lang": "akk-x-neoass",
"form": "x",
"pos": "u"}
}
,
{
"node": "l",
"frag": "x]+⸢x⸣-ni",
"id": "P314261.l01b7a",
"ref": "P314261.8.3",
"inst": "u",
"f": {"lang": "akk-x-neoass",
"form": "x+x-ni",
"pos": "u"}
}
,
{
"node": "l",
"frag": "⸢ma⸣-[a",
"id": "P314261.l01b7b",
"ref": "P314261.8.4",
"inst": "mā[saying]PRP",
"sig": "@saao/saa05%akk-x-neoass:ma-a=mā[saying//saying]PRP'PRP$mā",
"f": {"lang": "akk-x-neoass",
"form": "ma-a",
"cf": "mā",
"gw": "saying",
"sense": "saying",
"norm": "mā",
"pos": "PRP",
"epos": "PRP"}
}
,
{
"node": "l",
"frag": "x",
"id": "P314261.l01b7c",
"ref": "P314261.8.5",
"inst": "u",
"f": {"lang": "akk-x-neoass",
"form": "x",
"pos": "u"}
}
,
{
"node": "l",
"frag": "x",
"id": "P314261.l01b7d",
"ref": "P314261.8.6",
"inst": "u",
"f": {"lang": "akk-x-neoass",
"form": "x",
"pos": "u"}
}
,
{
"node": "l",
"frag": "x]",
"id": "P314261.l01b7e",
"ref": "P314261.8.7",
"inst": "u",
"f": {"lang": "akk-x-neoass",
"form": "x",
"pos": "u"}
}
,
{
"node": "d",
"type": "nonx",
"ref": "P314261.9",
"strict": "0",
"extent": "rest",
"state": "missing"}
,
{
"node": "d",
"subtype": "reverse",
"type": "surface",
"ref": "P314261.r.10",
"type": "reverse",
"label": "r"}
,
{
"node": "d",
"type": "nonx",
"ref": "P314261.11",
"strict": "0",
"state": "other"}
]}
]}
]}
,
{
"linkbase": [{
"type": "linkset",
"xlink_title": "ina muhhi[on//about]PRP'PRP",
"id": "P314261.ls00000",
"xlink_type": "extended",
"xlink_role": "psu",
"sig": "{ina[in]PRP muhhu[skull]N += ina muhhi[on//about]PRP'PRP}::@saao%akk-x-neoass:ina=ina[in//into]PRP'PRP$ina++@saao%akk-x-neoass:UGU=muhhu[skull//skull]N'N$muhhi",
"links": [
{
"type": "link",
"xlink_title": "ina",
"xlink_type": "locator",
"xlink_href": "#P314261.l01b6d",
"xlink_role": "elt"}
,
{
"type": "link",
"xlink_title": "muhhi",
"xlink_type": "locator",
"xlink_href": "#P314261.l01b6e",
"xlink_role": "elt"}
]}
,
{
"type": "linkset",
"xlink_title": "ištu muhhi[concerning//about]PRP'PRP",
"id": "P314261.ls00001",
"xlink_type": "extended",
"xlink_role": "psu",
"sig": "{ištu[from]PRP muhhu[skull]N += ištu muhhi[concerning//about]PRP'PRP}::@saao%akk-x-neoass:TA=ištu[from//from]PRP'PRP$issu++@saao%akk-x-neoass:UGU=muhhu[skull//skull]N'N$muhhi",
"links": [
{
"type": "link",
"xlink_title": "issu",
"xlink_type": "locator",
"xlink_href": "#P314261.l01b71",
"xlink_role": "elt"}
,
{
"type": "link",
"xlink_title": "muhhi",
"xlink_type": "locator",
"xlink_href": "#P314261.l01b72",
"xlink_role": "elt"}
]}
]}
]}
