{
"type": "cdl",
  "source": "http://oracc.org/saao/saa05",
  "license": "This data is released under the CC0 license",
  "license-url": "https://creativecommons.org/publicdomain/zero/1.0/",
  "more-info": "http://oracc.org/doc/opendata/",
  "UTC-timestamp": "2017-05-19T11:27:36",
"project": "saao/saa05",
"textid": "P314106",
"cdl": [
{
"node": "c",
"type": "text",
"id": "P314106.U0",
"cdl": [
{
"node": "d",
"type": "object",
"ref": ""}
,
{
"node": "d",
"subtype": "obverse",
"type": "surface",
"ref": "P314106.o.1",
"type": "obverse",
"label": "o"}
,
{
"node": "d",
"type": "nonx",
"ref": "P314106.2",
"strict": "0",
"extent": "beginning",
"state": "missing"}
,
{
"node": "c",
"type": "discourse",
"subtype": "body",
"id": "P314106.U1",
"cdl": [
{
"node": "c",
"type": "sentence",
"id": "P314106.U2",
"label": "o 1' - o 7'",
"cdl": [
{
"node": "d",
"type": "line-start",
"ref": "P314106.3",
"n": "1'",
"label": "o 1'"}
,
{
"node": "c",
"type": "phrase",
"tag": "phr",
"id": "P314106.U4",
"ref": "P314106.ls00000",
"cdl": [
{
"node": "l",
"frag": "ina",
"id": "P314106.l05a9a",
"ref": "P314106.3.1",
"inst": "ina[in+=on]PRP",
"sig": "@saao/saa05%akk-x-neoass:ina=ina[in//in]PRP'PRP$ina",
"f": {"lang": "akk-x-neoass",
"form": "ina",
"cf": "ina",
"gw": "in",
"sense": "in",
"norm": "ina",
"pos": "PRP",
"epos": "PRP"}
}
,
{
"node": "l",
"frag": "⸢UGU⸣",
"id": "P314106.l05a9b",
"ref": "P314106.3.2",
"inst": "muhhi[skull]N",
"sig": "@saao/saa05%akk-x-neoass:UGU=muhhu[skull//skull]N'N$muhhi",
"f": {"lang": "akk-x-neoass",
"form": "UGU",
"cf": "muhhu",
"gw": "skull",
"sense": "skull",
"norm": "muhhi",
"pos": "N",
"epos": "N"}
}
]}
,
{
"node": "l",
"frag": "[x",
"id": "P314106.l05a9c",
"ref": "P314106.3.3",
"inst": "u",
"f": {"lang": "akk-x-neoass",
"form": "x",
"pos": "u"}
}
,
{
"node": "l",
"frag": "x",
"id": "P314106.l05a9d",
"ref": "P314106.3.4",
"inst": "u",
"f": {"lang": "akk-x-neoass",
"form": "x",
"pos": "u"}
}
,
{
"node": "l",
"frag": "x",
"id": "P314106.l05a9e",
"ref": "P314106.3.5",
"inst": "u",
"f": {"lang": "akk-x-neoass",
"form": "x",
"pos": "u"}
}
,
{
"node": "l",
"frag": "x]",
"id": "P314106.l05a9f",
"ref": "P314106.3.6",
"inst": "u",
"f": {"lang": "akk-x-neoass",
"form": "x",
"pos": "u"}
}
,
{
"node": "d",
"type": "line-start",
"ref": "P314106.4",
"n": "2'",
"label": "o 2'"}
,
{
"node": "l",
"frag": "UD",
"id": "P314106.l05aa0",
"ref": "P314106.4.1",
"inst": "ūmu[day]N$ūm",
"sig": "@saao/saa05%akk-x-neoass:UD=ūmu[day//day]N'N$ūm",
"f": {"lang": "akk-x-neoass",
"form": "UD",
"cf": "ūmu",
"gw": "day",
"sense": "day",
"norm": "ūm",
"pos": "N",
"epos": "N"}
}
,
{
"node": "l",
"frag": "20-[KAM",
"id": "P314106.l05aa1",
"ref": "P314106.4.2",
"inst": "n",
"f": {"lang": "akk-x-neoass",
"form": "20-KAM",
"pos": "n"}
}
,
{
"node": "l",
"frag": "zi-i-nu]",
"id": "P314106.l05aa2",
"ref": "P314106.4.3",
"inst": "zīnu[rain]N",
"sig": "@saao/saa05%akk-x-neoass:zi-i-nu=zinnu[rain//rain]N'N$zīnu",
"f": {"lang": "akk-x-neoass",
"form": "zi-i-nu",
"cf": "zinnu",
"gw": "rain",
"sense": "rain",
"norm": "zīnu",
"pos": "N",
"epos": "N"}
}
,
{
"node": "d",
"type": "line-start",
"ref": "P314106.5",
"n": "3'",
"label": "o 3'"}
,
{
"node": "l",
"frag": "u₂-⸢sa⸣-[ri-ia]",
"id": "P314106.l05aa3",
"ref": "P314106.5.1",
"inst": "šurrû[begin//start]V$ussarria",
"sig": "@saao/saa05%akk-x-neoass:u₂-sa-ri-ia=šurrû[begin//start]V'V$ussarria",
"f": {"lang": "akk-x-neoass",
"form": "u₂-sa-ri-ia",
"cf": "šurrû",
"gw": "begin",
"sense": "start",
"norm": "ussarria",
"pos": "V",
"epos": "V"}
}
,
{
"node": "d",
"type": "line-start",
"ref": "P314106.6",
"n": "4'",
"label": "o 4'"}
,
{
"node": "l",
"frag": "02",
"id": "P314106.l05aa4",
"ref": "P314106.6.1",
"inst": "n",
"f": {"lang": "akk-x-neoass",
"form": "02",
"pos": "n"}
}
,
{
"node": "l",
"frag": "UD-MEŠ",
"id": "P314106.l05aa5",
"ref": "P314106.6.2",
"inst": "ūmāti[day]N",
"sig": "@saao/saa05%akk-x-neoass:UD-MEŠ=ūmu[day//day]N'N$ūmāti",
"f": {"lang": "akk-x-neoass",
"form": "UD-MEŠ",
"cf": "ūmu",
"gw": "day",
"sense": "day",
"norm": "ūmāti",
"pos": "N",
"epos": "N"}
}
,
{
"node": "l",
"frag": "[ma-aʾ-da]",
"id": "P314106.l05aa6",
"ref": "P314106.6.3",
"inst": "maʾda[much]'AV",
"sig": "@saao/saa05%akk-x-neoass:ma-aʾ-da=mādu[many//much]AJ'AV$maʾda",
"f": {"lang": "akk-x-neoass",
"form": "ma-aʾ-da",
"cf": "mādu",
"gw": "many",
"sense": "much",
"norm": "maʾda",
"pos": "AJ",
"epos": "AV"}
}
,
{
"node": "d",
"type": "line-start",
"ref": "P314106.7",
"n": "5'",
"label": "o 5'"}
,
{
"node": "l",
"frag": "i-zu-[nu-un]",
"id": "P314106.l05aa7",
"ref": "P314106.7.1",
"inst": "zanānu[rain]V$izzunun",
"sig": "@saao/saa05%akk-x-neoass:i-zu-nu-un=zanānu[rain//rain]V'V$izzunun",
"f": {"lang": "akk-x-neoass",
"form": "i-zu-nu-un",
"cf": "zanānu",
"gw": "rain",
"sense": "rain",
"norm": "izzunun",
"pos": "V",
"epos": "V"}
}
,
{
"node": "d",
"type": "line-start",
"ref": "P314106.8",
"n": "6'",
"label": "o 6'"}
,
{
"node": "l",
"frag": "{giš}pi-⸢sa⸣-[nu]",
"id": "P314106.l05aa8",
"ref": "P314106.8.1",
"inst": "pišannu[box//water tank]N$pisannu",
"sig": "@saao/saa05%akk-x-neoass:{GIŠ}pi-sa-nu=pišannu[box//water tank]N'N$pisannu",
"f": {"lang": "akk-x-neoass",
"form": "{GIŠ}pi-sa-nu",
"cf": "pišannu",
"gw": "box",
"sense": "water tank",
"norm": "pisannu",
"pos": "N",
"epos": "N"}
}
,
{
"node": "d",
"type": "line-start",
"ref": "P314106.9",
"n": "7'",
"label": "o 7'"}
,
{
"node": "l",
"frag": "[x]",
"id": "P314106.l05aa9",
"ref": "P314106.9.1",
"inst": "u",
"f": {"lang": "akk-x-neoass",
"form": "x",
"pos": "u"}
}
,
{
"node": "l",
"frag": "⸢x⸣+[x",
"id": "P314106.l05aaa",
"ref": "P314106.9.2",
"inst": "u",
"f": {"lang": "akk-x-neoass",
"form": "x+x",
"pos": "u"}
}
,
{
"node": "l",
"frag": "x",
"id": "P314106.l05aab",
"ref": "P314106.9.3",
"inst": "u",
"f": {"lang": "akk-x-neoass",
"form": "x",
"pos": "u"}
}
,
{
"node": "l",
"frag": "x]",
"id": "P314106.l05aac",
"ref": "P314106.9.4",
"inst": "u",
"f": {"lang": "akk-x-neoass",
"form": "x",
"pos": "u"}
}
,
{
"node": "d",
"type": "nonx",
"ref": "P314106.10",
"strict": "0",
"extent": "rest",
"state": "missing"}
,
{
"node": "d",
"type": "nonx",
"ref": "P314106.11",
"strict": "0",
"state": "other"}
]}
]}
]}
,
{
"linkbase": [{
"type": "linkset",
"xlink_title": "ina muhhi[on//about]PRP'PRP",
"id": "P314106.ls00000",
"xlink_type": "extended",
"xlink_role": "psu",
"sig": "{ina[in]PRP muhhu[skull]N += ina muhhi[on//about]PRP'PRP}::@saao%akk-x-neoass:ina=ina[in//into]PRP'PRP$ina++@saao%akk-x-neoass:UGU=muhhu[skull//skull]N'N$muhhi",
"links": [
{
"type": "link",
"xlink_title": "ina",
"xlink_type": "locator",
"xlink_href": "#P314106.l05a9a",
"xlink_role": "elt"}
,
{
"type": "link",
"xlink_title": "muhhi",
"xlink_type": "locator",
"xlink_href": "#P314106.l05a9b",
"xlink_role": "elt"}
]}
]}
]}
