{
"type": "cdl",
  "source": "http://oracc.org/saao/saa05",
  "license": "This data is released under the CC0 license",
  "license-url": "https://creativecommons.org/publicdomain/zero/1.0/",
  "more-info": "http://oracc.org/doc/opendata/",
  "UTC-timestamp": "2017-05-19T11:27:44",
"project": "saao/saa05",
"textid": "P334197",
"cdl": [
{
"node": "c",
"type": "text",
"id": "P334197.U0",
"cdl": [
{
"node": "d",
"type": "object",
"ref": ""}
,
{
"node": "d",
"subtype": "obverse",
"type": "surface",
"ref": "P334197.o.1",
"type": "obverse",
"label": "o"}
,
{
"node": "c",
"type": "discourse",
"subtype": "body",
"id": "P334197.U1",
"cdl": [
{
"node": "c",
"type": "sentence",
"id": "P334197.U2",
"label": "o 1 - r 8'",
"cdl": [
{
"node": "d",
"type": "line-start",
"ref": "P334197.2",
"n": "1",
"label": "o 1"}
,
{
"node": "l",
"frag": "a-na",
"id": "P334197.l050ae",
"ref": "P334197.2.1",
"inst": "ana[to]PRP",
"sig": "@saao/saa05%akk-x-neoass:a-na=ana[to//to]PRP'PRP$ana",
"f": {"lang": "akk-x-neoass",
"form": "a-na",
"cf": "ana",
"gw": "to",
"sense": "to",
"norm": "ana",
"pos": "PRP",
"epos": "PRP"}
}
,
{
"node": "l",
"frag": "⸢LUGAL⸣",
"id": "P334197.l050af",
"ref": "P334197.2.2",
"inst": "šarri[king]N",
"sig": "@saao/saa05%akk-x-neoass:LUGAL=šarru[king//king]N'N$šarri",
"f": {"lang": "akk-x-neoass",
"form": "LUGAL",
"cf": "šarru",
"gw": "king",
"sense": "king",
"norm": "šarri",
"pos": "N",
"epos": "N"}
}
,
{
"node": "l",
"frag": "be-li₂-ia₂",
"id": "P334197.l050b0",
"ref": "P334197.2.3",
"inst": "bēlīya[lord]N",
"sig": "@saao/saa05%akk-x-neoass:be-li₂-ia₂=bēlu[lord//lord]N'N$bēlīya",
"f": {"lang": "akk-x-neoass",
"form": "be-li₂-ia₂",
"cf": "bēlu",
"gw": "lord",
"sense": "lord",
"norm": "bēlīya",
"pos": "N",
"epos": "N"}
}
,
{
"node": "d",
"type": "line-start",
"ref": "P334197.3",
"n": "2",
"label": "o 2"}
,
{
"node": "l",
"frag": "ARAD-ka",
"id": "P334197.l050b1",
"ref": "P334197.3.1",
"inst": "urdaka[servant]N",
"sig": "@saao/saa05%akk-x-neoass:ARAD-ka=ardu[slave//servant]N'N$urdaka",
"f": {"lang": "akk-x-neoass",
"form": "ARAD-ka",
"cf": "ardu",
"gw": "slave",
"sense": "servant",
"norm": "urdaka",
"pos": "N",
"epos": "N"}
}
,
{
"node": "l",
"frag": "{1}EN-IGI.LAL-ni",
"id": "P334197.l050b2",
"ref": "P334197.3.2",
"inst": "Bel-emuranni[]PN$",
"sig": "@saao/saa05%akk-x-neoass:{1}EN-IGI.LAL-ni=Bel-emuranni[1//1]PN'PN$Bel-emuranni",
"f": {"lang": "akk-x-neoass",
"form": "{1}EN-IGI.LAL-ni",
"cf": "Bel-emuranni",
"gw": "1",
"sense": "1",
"norm": "Bel-emuranni",
"pos": "PN",
"epos": "PN"}
}
,
{
"node": "d",
"type": "line-start",
"ref": "P334197.4",
"n": "3",
"label": "o 3"}
,
{
"node": "l",
"frag": "lu",
"id": "P334197.l050b3",
"ref": "P334197.4.1",
"inst": "lū[may]MOD",
"sig": "@saao/saa05%akk-x-neoass:lu=lū[may//may]MOD'MOD$lū",
"f": {"lang": "akk-x-neoass",
"form": "lu",
"cf": "lū",
"gw": "may",
"sense": "may",
"norm": "lū",
"pos": "MOD",
"epos": "MOD"}
}
,
{
"node": "l",
"frag": "DI\\d-mu",
"id": "P334197.l050b4",
"ref": "P334197.4.2",
"inst": "šulmu[health]N",
"sig": "@saao/saa05%akk-x-neoass:DI-mu=šulmu[completeness//health]N'N$šulmu",
"f": {"lang": "akk-x-neoass",
"form": "DI-mu",
"cf": "šulmu",
"gw": "completeness",
"sense": "health",
"norm": "šulmu",
"pos": "N",
"epos": "N"}
}
,
{
"node": "l",
"frag": "a-na",
"id": "P334197.l050b5",
"ref": "P334197.4.3",
"inst": "ana[to]PRP",
"sig": "@saao/saa05%akk-x-neoass:a-na=ana[to//to]PRP'PRP$ana",
"f": {"lang": "akk-x-neoass",
"form": "a-na",
"cf": "ana",
"gw": "to",
"sense": "to",
"norm": "ana",
"pos": "PRP",
"epos": "PRP"}
}
,
{
"node": "l",
"frag": "LUGAL",
"id": "P334197.l050b6",
"ref": "P334197.4.4",
"inst": "šarri[king]N",
"sig": "@saao/saa05%akk-x-neoass:LUGAL=šarru[king//king]N'N$šarri",
"f": {"lang": "akk-x-neoass",
"form": "LUGAL",
"cf": "šarru",
"gw": "king",
"sense": "king",
"norm": "šarri",
"pos": "N",
"epos": "N"}
}
,
{
"node": "l",
"frag": "EN-ia₂",
"id": "P334197.l050b7",
"ref": "P334197.4.5",
"inst": "bēlīya[lord]N",
"sig": "@saao/saa05%akk-x-neoass:EN-ia₂=bēlu[lord//lord]N'N$bēlīya",
"f": {"lang": "akk-x-neoass",
"form": "EN-ia₂",
"cf": "bēlu",
"gw": "lord",
"sense": "lord",
"norm": "bēlīya",
"pos": "N",
"epos": "N"}
}
,
{
"node": "d",
"type": "line-start",
"ref": "P334197.5",
"n": "4",
"label": "o 4"}
,
{
"node": "c",
"type": "phrase",
"tag": "phr",
"id": "P334197.U4",
"ref": "P334197.ls00000",
"cdl": [
{
"node": "l",
"frag": "ina",
"id": "P334197.l050b8",
"ref": "P334197.5.1",
"inst": "ina[in+=concerning]PRP",
"sig": "@saao/saa05%akk-x-neoass:ina=ina[in//in]PRP'PRP$ina",
"f": {"lang": "akk-x-neoass",
"form": "ina",
"cf": "ina",
"gw": "in",
"sense": "in",
"norm": "ina",
"pos": "PRP",
"epos": "PRP"}
}
,
{
"node": "l",
"frag": "UGU",
"id": "P334197.l050b9",
"ref": "P334197.5.2",
"inst": "muhhi[skull]N",
"sig": "@saao/saa05%akk-x-neoass:UGU=muhhu[skull//skull]N'N$muhhi",
"f": {"lang": "akk-x-neoass",
"form": "UGU",
"cf": "muhhu",
"gw": "skull",
"sense": "skull",
"norm": "muhhi",
"pos": "N",
"epos": "N"}
}
]}
,
{
"node": "l",
"frag": "li\\d-ša₂-ni",
"id": "P334197.l050ba",
"ref": "P334197.5.3",
"inst": "lišānu[tongue//rumour]N$lišāni",
"sig": "@saao/saa05%akk-x-neoass:li-ša₂-ni=lišānu[tongue//rumour]N'N$lišāni",
"f": {"lang": "akk-x-neoass",
"form": "li-ša₂-ni",
"cf": "lišānu",
"gw": "tongue",
"sense": "rumour",
"norm": "lišāni",
"pos": "N",
"epos": "N"}
}
,
{
"node": "l",
"frag": "ša\\d",
"id": "P334197.l050bb",
"ref": "P334197.5.4",
"inst": "ša[which]REL",
"sig": "@saao/saa05%akk-x-neoass:ša=ša[that//which]REL'REL$ša",
"f": {"lang": "akk-x-neoass",
"form": "ša",
"cf": "ša",
"gw": "that",
"sense": "which",
"norm": "ša",
"pos": "REL",
"epos": "REL"}
}
,
{
"node": "l",
"frag": "LUGAL",
"id": "P334197.l050bc",
"ref": "P334197.5.5",
"inst": "šarru[king]N",
"sig": "@saao/saa05%akk-x-neoass:LUGAL=šarru[king//king]N'N$šarru",
"f": {"lang": "akk-x-neoass",
"form": "LUGAL",
"cf": "šarru",
"gw": "king",
"sense": "king",
"norm": "šarru",
"pos": "N",
"epos": "N"}
}
,
{
"node": "d",
"type": "line-start",
"ref": "P334197.6",
"n": "5",
"label": "o 5"}
,
{
"node": "l",
"frag": "be-li₂",
"id": "P334197.l050bd",
"ref": "P334197.6.1",
"inst": "bēlī[lord]N",
"sig": "@saao/saa05%akk-x-neoass:be-li₂=bēlu[lord//lord]N'N$bēlī",
"f": {"lang": "akk-x-neoass",
"form": "be-li₂",
"cf": "bēlu",
"gw": "lord",
"sense": "lord",
"norm": "bēlī",
"pos": "N",
"epos": "N"}
}
,
{
"node": "l",
"frag": "iš-pu-ra\\t-an-ni",
"id": "P334197.l050be",
"ref": "P334197.6.2",
"inst": "šapāru[send//write]V$išpuranni",
"sig": "@saao/saa05%akk-x-neoass:iš-pu-ra-an-ni=šapāru[send//write]V'V$išpuranni",
"f": {"lang": "akk-x-neoass",
"form": "iš-pu-ra-an-ni",
"cf": "šapāru",
"gw": "send",
"sense": "write",
"norm": "išpuranni",
"pos": "V",
"epos": "V"}
}
,
{
"node": "d",
"type": "line-start",
"ref": "P334197.7",
"n": "6",
"label": "o 6"}
,
{
"node": "l",
"frag": "a-sap-ra\\t",
"id": "P334197.l050bf",
"ref": "P334197.7.1",
"inst": "assapra[send]V",
"sig": "@saao/saa05%akk-x-neoass:a-sap-ra=šapāru[send//send]V'V$assapra",
"f": {"lang": "akk-x-neoass",
"form": "a-sap-ra",
"cf": "šapāru",
"gw": "send",
"sense": "send",
"norm": "assapra",
"pos": "V",
"epos": "V"}
}
,
{
"node": "l",
"frag": "{lu₂v}da-a.a-li",
"id": "P334197.l050c0",
"ref": "P334197.7.2",
"inst": "dayālī[scout]N",
"sig": "@saao/saa05%akk-x-neoass:{LU₂}da-a.a-li=dayyālu[scout//scout]N'N$dayālī",
"f": {"lang": "akk-x-neoass",
"form": "{LU₂}da-a.a-li",
"cf": "dayyālu",
"gw": "scout",
"sense": "scout",
"norm": "dayālī",
"pos": "N",
"epos": "N"}
}
,
{
"node": "d",
"type": "line-start",
"ref": "P334197.8",
"n": "7",
"label": "o 7"}
,
{
"node": "l",
"frag": "u₂-di\\d-ni",
"id": "P334197.l050c1",
"ref": "P334197.8.1",
"inst": "udīni[yet]AV",
"sig": "@saao/saa05%akk-x-neoass:u₂-di-ni=udīni[up till now//yet]AV'AV$udīni",
"f": {"lang": "akk-x-neoass",
"form": "u₂-di-ni",
"cf": "udīni",
"gw": "up till now",
"sense": "yet",
"norm": "udīni",
"pos": "AV",
"epos": "AV"}
}
,
{
"node": "l",
"frag": "la",
"id": "P334197.l050c2",
"ref": "P334197.8.2",
"inst": "lā[not]MOD",
"sig": "@saao/saa05%akk-x-neoass:la=lā[not//not]MOD'MOD$lā",
"f": {"lang": "akk-x-neoass",
"form": "la",
"cf": "lā",
"gw": "not",
"sense": "not",
"norm": "lā",
"pos": "MOD",
"epos": "MOD"}
}
,
{
"node": "l",
"frag": "il-la-ku-u-ni",
"id": "P334197.l050c3",
"ref": "P334197.8.3",
"inst": "illakūni[come]V",
"sig": "@saao/saa05%akk-x-neoass:il-la-ku-u-ni=alāku[go//come]V'V$illakūni",
"f": {"lang": "akk-x-neoass",
"form": "il-la-ku-u-ni",
"cf": "alāku",
"gw": "go",
"sense": "come",
"norm": "illakūni",
"pos": "V",
"epos": "V"}
}
,
{
"node": "d",
"type": "line-start",
"ref": "P334197.9",
"n": "8",
"label": "o 8"}
,
{
"node": "c",
"type": "phrase",
"tag": "phr",
"id": "P334197.U5",
"ref": "P334197.ls00001",
"cdl": [
{
"node": "l",
"frag": "ina",
"id": "P334197.l050c4",
"ref": "P334197.9.1",
"inst": "ina[in+=wait for someone]PRP$",
"sig": "@saao/saa05%akk-x-neoass:ina=ina[in//in]PRP'PRP$ina",
"f": {"lang": "akk-x-neoass",
"form": "ina",
"cf": "ina",
"gw": "in",
"sense": "in",
"norm": "ina",
"pos": "PRP",
"epos": "PRP"}
}
,
{
"node": "l",
"frag": "pa-an-šu₂-nu",
"id": "P334197.l050c5",
"ref": "P334197.9.2",
"inst": "pānu[front]N$pānšunu",
"sig": "@saao/saa05%akk-x-neoass:pa-an-šu₂-nu=pānu[front//front]N'N$pānšunu",
"f": {"lang": "akk-x-neoass",
"form": "pa-an-šu₂-nu",
"cf": "pānu",
"gw": "front",
"sense": "front",
"norm": "pānšunu",
"pos": "N",
"epos": "N"}
}
,
{
"node": "l",
"frag": "a-da-gal",
"id": "P334197.l050c6",
"ref": "P334197.9.3",
"inst": "dagālu[see]V$adaggal",
"sig": "@saao/saa05%akk-x-neoass:a-da-gal=dagālu[see//see]V'V$adaggal",
"f": {"lang": "akk-x-neoass",
"form": "a-da-gal",
"cf": "dagālu",
"gw": "see",
"sense": "see",
"norm": "adaggal",
"pos": "V",
"epos": "V"}
}
]}
,
{
"node": "d",
"type": "line-start",
"ref": "P334197.10",
"n": "9",
"label": "o 9"}
,
{
"node": "l",
"frag": "a-ka-an-ni",
"id": "P334197.l050c7",
"ref": "P334197.10.1",
"inst": "akanni[now]AV$",
"sig": "@saao/saa05%akk-x-neoass:a-ka-an-ni=akanni[now//now]AV'AV$akanni",
"f": {"lang": "akk-x-neoass",
"form": "a-ka-an-ni",
"cf": "akanni",
"gw": "now",
"sense": "now",
"norm": "akanni",
"pos": "AV",
"epos": "AV"}
}
,
{
"node": "l",
"frag": "ṭe₃-e-mu",
"id": "P334197.l050c8",
"ref": "P334197.10.2",
"inst": "ṭēmu[report]N",
"sig": "@saao/saa05%akk-x-neoass:ṭe₃-e-mu=ṭēmu[(fore)thought//report]N'N$ṭēmu",
"f": {"lang": "akk-x-neoass",
"form": "ṭe₃-e-mu",
"cf": "ṭēmu",
"gw": "(fore)thought",
"sense": "report",
"norm": "ṭēmu",
"pos": "N",
"epos": "N"}
}
,
{
"node": "d",
"type": "line-start",
"ref": "P334197.11",
"n": "10",
"label": "o 10"}
,
{
"node": "l",
"frag": "a-na",
"id": "P334197.l050c9",
"ref": "P334197.11.1",
"inst": "ana[to]PRP",
"sig": "@saao/saa05%akk-x-neoass:a-na=ana[to//to]PRP'PRP$ana",
"f": {"lang": "akk-x-neoass",
"form": "a-na",
"cf": "ana",
"gw": "to",
"sense": "to",
"norm": "ana",
"pos": "PRP",
"epos": "PRP"}
}
,
{
"node": "l",
"frag": "⸢LUGAL⸣",
"id": "P334197.l050ca",
"ref": "P334197.11.2",
"inst": "šarri[king]N",
"sig": "@saao/saa05%akk-x-neoass:LUGAL=šarru[king//king]N'N$šarri",
"f": {"lang": "akk-x-neoass",
"form": "LUGAL",
"cf": "šarru",
"gw": "king",
"sense": "king",
"norm": "šarri",
"pos": "N",
"epos": "N"}
}
,
{
"node": "l",
"frag": "[EN-ia₂",
"id": "P334197.l050cb",
"ref": "P334197.11.3",
"inst": "bēlīya[lord]N",
"sig": "@saao/saa05%akk-x-neoass:EN-ia₂=bēlu[lord//lord]N'N$bēlīya",
"f": {"lang": "akk-x-neoass",
"form": "EN-ia₂",
"cf": "bēlu",
"gw": "lord",
"sense": "lord",
"norm": "bēlīya",
"pos": "N",
"epos": "N"}
}
,
{
"node": "l",
"frag": "u₂-ta-ra]",
"id": "P334197.l050cc",
"ref": "P334197.11.4",
"inst": "utâra[return]V",
"sig": "@saao/saa05%akk-x-neoass:u₂-ta-ra=târu[turn//return]V'V$utâra",
"f": {"lang": "akk-x-neoass",
"form": "u₂-ta-ra",
"cf": "târu",
"gw": "turn",
"sense": "return",
"norm": "utâra",
"pos": "V",
"epos": "V"}
}
,
{
"node": "d",
"type": "line-start",
"ref": "P334197.12",
"n": "11",
"label": "o 11"}
,
{
"node": "l",
"frag": "⸢a-pa⸣-[x",
"id": "P334197.l050cd",
"ref": "P334197.12.1",
"inst": "u",
"f": {"lang": "akk-x-neoass",
"form": "a-pa-x",
"pos": "u"}
}
,
{
"node": "l",
"frag": "x",
"id": "P334197.l050ce",
"ref": "P334197.12.2",
"inst": "u",
"f": {"lang": "akk-x-neoass",
"form": "x",
"pos": "u"}
}
,
{
"node": "l",
"frag": "x",
"id": "P334197.l050cf",
"ref": "P334197.12.3",
"inst": "u",
"f": {"lang": "akk-x-neoass",
"form": "x",
"pos": "u"}
}
,
{
"node": "l",
"frag": "x",
"id": "P334197.l050d0",
"ref": "P334197.12.4",
"inst": "u",
"f": {"lang": "akk-x-neoass",
"form": "x",
"pos": "u"}
}
,
{
"node": "l",
"frag": "x]",
"id": "P334197.l050d1",
"ref": "P334197.12.5",
"inst": "u",
"f": {"lang": "akk-x-neoass",
"form": "x",
"pos": "u"}
}
,
{
"node": "d",
"type": "nonx",
"ref": "P334197.13",
"strict": "0",
"extent": "rest",
"scope": "line",
"state": "missing"}
,
{
"node": "d",
"subtype": "reverse",
"type": "surface",
"ref": "P334197.r.14",
"type": "reverse",
"label": "r"}
,
{
"node": "d",
"type": "nonx",
"ref": "P334197.15",
"strict": "0",
"extent": "beginning",
"scope": "line",
"state": "missing"}
,
{
"node": "d",
"type": "line-start",
"ref": "P334197.16",
"n": "1'",
"label": "r 1'"}
,
{
"node": "l",
"frag": "⸢x",
"id": "P334197.l050d2",
"ref": "P334197.16.1",
"inst": "u",
"f": {"lang": "akk-x-neoass",
"form": "x",
"pos": "u"}
}
,
{
"node": "l",
"frag": "x",
"id": "P334197.l050d3",
"ref": "P334197.16.2",
"inst": "u",
"f": {"lang": "akk-x-neoass",
"form": "x",
"pos": "u"}
}
,
{
"node": "l",
"frag": "x",
"id": "P334197.l050d4",
"ref": "P334197.16.3",
"inst": "u",
"f": {"lang": "akk-x-neoass",
"form": "x",
"pos": "u"}
}
,
{
"node": "l",
"frag": "x⸣",
"id": "P334197.l050d5",
"ref": "P334197.16.4",
"inst": "u",
"f": {"lang": "akk-x-neoass",
"form": "x",
"pos": "u"}
}
,
{
"node": "l",
"frag": "[x",
"id": "P334197.l050d6",
"ref": "P334197.16.5",
"inst": "u",
"f": {"lang": "akk-x-neoass",
"form": "x",
"pos": "u"}
}
,
{
"node": "l",
"frag": "x",
"id": "P334197.l050d7",
"ref": "P334197.16.6",
"inst": "u",
"f": {"lang": "akk-x-neoass",
"form": "x",
"pos": "u"}
}
,
{
"node": "l",
"frag": "x",
"id": "P334197.l050d8",
"ref": "P334197.16.7",
"inst": "u",
"f": {"lang": "akk-x-neoass",
"form": "x",
"pos": "u"}
}
,
{
"node": "l",
"frag": "x",
"id": "P334197.l050d9",
"ref": "P334197.16.8",
"inst": "u",
"f": {"lang": "akk-x-neoass",
"form": "x",
"pos": "u"}
}
,
{
"node": "l",
"frag": "x]",
"id": "P334197.l050da",
"ref": "P334197.16.9",
"inst": "u",
"f": {"lang": "akk-x-neoass",
"form": "x",
"pos": "u"}
}
,
{
"node": "d",
"type": "line-start",
"ref": "P334197.17",
"n": "2'",
"label": "r 2'"}
,
{
"node": "l",
"frag": "lid-di\\d-nu",
"id": "P334197.l050db",
"ref": "P334197.17.1",
"inst": "tadānu[give]V$liddinu",
"sig": "@saao/saa05%akk-x-neoass:lid-di-nu=tadānu[give//give]V'V$liddinu",
"f": {"lang": "akk-x-neoass",
"form": "lid-di-nu",
"cf": "tadānu",
"gw": "give",
"sense": "give",
"norm": "liddinu",
"pos": "V",
"epos": "V"}
}
,
{
"node": "l",
"frag": "lu-⸢bi⸣-[lu-ni]",
"id": "P334197.l050dc",
"ref": "P334197.17.2",
"inst": "wabālu[bring]V$lūbilūni",
"sig": "@saao/saa05%akk-x-neoass:lu-bi-lu-ni=wabālu[bring//bring]V'V$lūbilūni",
"f": {"lang": "akk-x-neoass",
"form": "lu-bi-lu-ni",
"cf": "wabālu",
"gw": "bring",
"sense": "bring",
"norm": "lūbilūni",
"pos": "V",
"epos": "V"}
}
,
{
"node": "d",
"type": "line-start",
"ref": "P334197.18",
"n": "3'",
"label": "r 3'"}
,
{
"node": "l",
"frag": "u₂-la-a",
"id": "P334197.l050dd",
"ref": "P334197.18.1",
"inst": "ulâ[otherwise]AV",
"sig": "@saao/saa05%akk-x-neoass:u₂-la-a=ūla[or//otherwise]AV'AV$ulâ",
"f": {"lang": "akk-x-neoass",
"form": "u₂-la-a",
"cf": "ūla",
"gw": "or",
"sense": "otherwise",
"norm": "ulâ",
"pos": "AV",
"epos": "AV"}
}
,
{
"node": "l",
"frag": "la-a",
"id": "P334197.l050de",
"ref": "P334197.18.2",
"inst": "lā[not]MOD",
"sig": "@saao/saa05%akk-x-neoass:la-a=lā[not//not]MOD'MOD$lā",
"f": {"lang": "akk-x-neoass",
"form": "la-a",
"cf": "lā",
"gw": "not",
"sense": "not",
"norm": "lā",
"pos": "MOD",
"epos": "MOD"}
}
,
{
"node": "l",
"frag": "ša\\dm",
"id": "P334197.l050df",
"ref": "P334197.18.3",
"inst": "ša[of]DET",
"sig": "@saao/saa05%akk-x-neoass:ša=ša[of//of]DET'DET$ša",
"f": {"lang": "akk-x-neoass",
"form": "ša",
"cf": "ša",
"gw": "of",
"sense": "of",
"norm": "ša",
"pos": "DET",
"epos": "DET"}
}
,
{
"node": "l",
"frag": "du-⸢lu⸣-[x]",
"id": "P334197.l050e0",
"ref": "P334197.18.4",
"inst": "u",
"f": {"lang": "akk-x-neoass",
"form": "du-lu-x",
"pos": "u"}
}
,
{
"node": "d",
"type": "line-start",
"ref": "P334197.19",
"n": "4'",
"label": "r 4'"}
,
{
"node": "l",
"frag": "ši-i",
"id": "P334197.l050e1",
"ref": "P334197.19.1",
"inst": "šî[it]IP",
"sig": "@saao/saa05%akk-x-neoass:ši-i=šī[she//it]IP'IP$šî",
"f": {"lang": "akk-x-neoass",
"form": "ši-i",
"cf": "šī",
"gw": "she",
"sense": "it",
"norm": "šî",
"pos": "IP",
"epos": "IP"}
}
,
{
"node": "l",
"frag": "LU₂",
"id": "P334197.l050e2",
"ref": "P334197.19.2",
"inst": "amēlu[man]N",
"sig": "@saao/saa05%akk-x-neoass:LU₂=awīlu[man//man]N'N$amēlu",
"f": {"lang": "akk-x-neoass",
"form": "LU₂",
"cf": "awīlu",
"gw": "man",
"sense": "man",
"norm": "amēlu",
"pos": "N",
"epos": "N"}
}
,
{
"node": "l",
"frag": "ut-ru",
"id": "P334197.l050e3",
"ref": "P334197.19.3",
"inst": "atru[excess//remaining]N'AJ$utru",
"sig": "@saao/saa05%akk-x-neoass:ut-ru=atru[excess//remaining]N'AJ$utru",
"f": {"lang": "akk-x-neoass",
"form": "ut-ru",
"cf": "atru",
"gw": "excess",
"sense": "remaining",
"norm": "utru",
"pos": "N",
"epos": "AJ"}
}
,
{
"node": "l",
"frag": "i-ba-⸢ši⸣",
"id": "P334197.l050e4",
"ref": "P334197.19.4",
"inst": "ibašši[exist]V",
"sig": "@saao/saa05%akk-x-neoass:i-ba-ši=bašû[exist//exist]V'V$ibašši",
"f": {"lang": "akk-x-neoass",
"form": "i-ba-ši",
"cf": "bašû",
"gw": "exist",
"sense": "exist",
"norm": "ibašši",
"pos": "V",
"epos": "V"}
}
,
{
"node": "d",
"type": "line-start",
"ref": "P334197.20",
"n": "5'",
"label": "r 5'"}
,
{
"node": "l",
"frag": "is-si-šu₂",
"id": "P334197.l050e5",
"ref": "P334197.20.1",
"inst": "issīšu[with]PRP",
"sig": "@saao/saa05%akk-x-neoass:is-si-šu₂=išti[with//with]PRP'PRP$issīšu",
"f": {"lang": "akk-x-neoass",
"form": "is-si-šu₂",
"cf": "išti",
"gw": "with",
"sense": "with",
"norm": "issīšu",
"pos": "PRP",
"epos": "PRP"}
}
,
{
"node": "l",
"frag": "i-za-za",
"id": "P334197.l050e6",
"ref": "P334197.20.2",
"inst": "izzaza[stand]V",
"sig": "@saao/saa05%akk-x-neoass:i-za-za=izuzzu[stand//stand]V'V$izzaza",
"f": {"lang": "akk-x-neoass",
"form": "i-za-za",
"cf": "izuzzu",
"gw": "stand",
"sense": "stand",
"norm": "izzaza",
"pos": "V",
"epos": "V"}
}
,
{
"node": "d",
"type": "line-start",
"ref": "P334197.21",
"n": "6'",
"label": "r 6'"}
,
{
"node": "l",
"frag": "lid-di\\d-nu-niš-šu₂",
"id": "P334197.l050e7",
"ref": "P334197.21.1",
"inst": "tadānu[give]V$liddinūniššu",
"sig": "@saao/saa05%akk-x-neoass:lid-di-nu-niš-šu₂=tadānu[give//give]V'V$liddinūniššu",
"f": {"lang": "akk-x-neoass",
"form": "lid-di-nu-niš-šu₂",
"cf": "tadānu",
"gw": "give",
"sense": "give",
"norm": "liddinūniššu",
"pos": "V",
"epos": "V"}
}
,
{
"node": "l",
"frag": "lu-bi-la",
"id": "P334197.l050e8",
"ref": "P334197.21.2",
"inst": "wabālu[bring]V$lūbila",
"sig": "@saao/saa05%akk-x-neoass:lu-bi-la=wabālu[bring//bring]V'V$lūbila",
"f": {"lang": "akk-x-neoass",
"form": "lu-bi-la",
"cf": "wabālu",
"gw": "bring",
"sense": "bring",
"norm": "lūbila",
"pos": "V",
"epos": "V"}
}
,
{
"node": "d",
"type": "line-start",
"ref": "P334197.22",
"n": "7",
"label": "r 7"}
,
{
"node": "l",
"frag": "ša\\dm-{lu₂v}BAD-HAL",
"id": "P334197.l050e9",
"ref": "P334197.22.1",
"inst": "ša-pēthalli[rider//cavalry]N$",
"sig": "@saao/saa05%akk-x-neoass:ša-{LU₂}BAD-HAL=ša-pēthalli[rider//cavalry]N'N$ša-pēthalli",
"f": {"lang": "akk-x-neoass",
"form": "ša-{LU₂}BAD-HAL",
"cf": "ša-pēthalli",
"gw": "rider",
"sense": "cavalry",
"norm": "ša-pēthalli",
"pos": "N",
"epos": "N"}
}
,
{
"node": "l",
"frag": "li\\d-zi-zi",
"id": "P334197.l050ea",
"ref": "P334197.22.2",
"inst": "izuzzu[stand]V$lizzīzi",
"sig": "@saao/saa05%akk-x-neoass:li-zi-zi=izuzzu[stand//stand]V'V$lizzīzi",
"f": {"lang": "akk-x-neoass",
"form": "li-zi-zi",
"cf": "izuzzu",
"gw": "stand",
"sense": "stand",
"norm": "lizzīzi",
"pos": "V",
"epos": "V"}
}
,
{
"node": "d",
"type": "line-start",
"ref": "P334197.23",
"n": "8'",
"label": "r 8'"}
,
{
"node": "l",
"frag": "EN.NUN\\dm-šu₂",
"id": "P334197.l050eb",
"ref": "P334197.23.1",
"inst": "maṣṣartu[observation//guard]N$maṣṣartušu",
"sig": "@saao/saa05%akk-x-neoass:EN.NUN-šu₂=maṣṣartu[observation//guard]N'N$maṣṣartušu",
"f": {"lang": "akk-x-neoass",
"form": "EN.NUN-šu₂",
"cf": "maṣṣartu",
"gw": "observation",
"sense": "guard",
"norm": "maṣṣartušu",
"pos": "N",
"epos": "N"}
}
,
{
"node": "l",
"frag": "li\\d-ṣur",
"id": "P334197.l050ec",
"ref": "P334197.23.2",
"inst": "liṣṣur[keep guard]V",
"sig": "@saao/saa05%akk-x-neoass:li-ṣur=naṣāru[guard//keep guard]V'V$liṣṣur",
"f": {"lang": "akk-x-neoass",
"form": "li-ṣur",
"cf": "naṣāru",
"gw": "guard",
"sense": "keep guard",
"norm": "liṣṣur",
"pos": "V",
"epos": "V"}
}
,
{
"node": "d",
"type": "nonx",
"ref": "P334197.24",
"strict": "0",
"extent": "rest",
"state": "other"}
]}
]}
]}
,
{
"linkbase": [{
"type": "linkset",
"xlink_title": "ina muhhi[on//about]PRP'PRP",
"id": "P334197.ls00000",
"xlink_type": "extended",
"xlink_role": "psu",
"sig": "{ina[in]PRP muhhu[skull]N += ina muhhi[on//about]PRP'PRP}::@saao%akk-x-neoass:ina=ina[in//into]PRP'PRP$ina++@saao%akk-x-neoass:UGU=muhhu[skull//skull]N'N$muhhi",
"links": [
{
"type": "link",
"xlink_title": "ina",
"xlink_type": "locator",
"xlink_href": "#P334197.l050b8",
"xlink_role": "elt"}
,
{
"type": "link",
"xlink_title": "muhhi",
"xlink_type": "locator",
"xlink_href": "#P334197.l050b9",
"xlink_role": "elt"}
]}
,
{
"type": "linkset",
"xlink_title": "ina pān dagālu[wait for someone//wait for someone]V'V",
"id": "P334197.ls00001",
"xlink_type": "extended",
"xlink_role": "psu",
"sig": "{ina[in]PRP pānu[front]N dagālu[see]V += ina pān dagālu[wait for someone//wait for someone]V'V}::@saao%akk-x-neoass:ina=ina[in//into]PRP'PRP$ina++@saao%akk-x-neoass:pa-an-šu₂-nu=pānu[front//front]N'N$pānšunu++@saao%akk-x-neoass:a-da-gal=dagālu[see//see]V'V$adaggal",
"links": [
{
"type": "link",
"xlink_title": "ina",
"xlink_type": "locator",
"xlink_href": "#P334197.l050c4",
"xlink_role": "elt"}
,
{
"type": "link",
"xlink_title": "pānu",
"xlink_type": "locator",
"xlink_href": "#P334197.l050c5",
"xlink_role": "elt"}
,
{
"type": "link",
"xlink_title": "dagālu",
"xlink_type": "locator",
"xlink_href": "#P334197.l050c6",
"xlink_role": "elt"}
]}
]}
]}
