{
"type": "cdl",
  "source": "http://oracc.org/saao/saa05",
  "license": "This data is released under the CC0 license",
  "license-url": "https://creativecommons.org/publicdomain/zero/1.0/",
  "more-info": "http://oracc.org/doc/opendata/",
  "UTC-timestamp": "2017-05-19T11:27:55",
"project": "saao/saa05",
"textid": "P334638",
"cdl": [
{
"node": "c",
"type": "text",
"id": "P334638.U0",
"cdl": [
{
"node": "d",
"type": "object",
"ref": ""}
,
{
"node": "d",
"subtype": "obverse",
"type": "surface",
"ref": "P334638.o.1",
"type": "obverse",
"label": "o"}
,
{
"node": "c",
"type": "discourse",
"subtype": "body",
"id": "P334638.U1",
"cdl": [
{
"node": "c",
"type": "sentence",
"id": "P334638.U2",
"label": "o 1 - r 9'",
"cdl": [
{
"node": "d",
"type": "line-start",
"ref": "P334638.2",
"n": "1",
"label": "o 1"}
,
{
"node": "l",
"frag": "a-na",
"id": "P334638.l05039",
"ref": "P334638.2.1",
"inst": "ana[to]PRP",
"sig": "@saao/saa05%akk-x-neoass:a-na=ana[to//to]PRP'PRP$ana",
"f": {"lang": "akk-x-neoass",
"form": "a-na",
"cf": "ana",
"gw": "to",
"sense": "to",
"norm": "ana",
"pos": "PRP",
"epos": "PRP"}
}
,
{
"node": "l",
"frag": "LUGAL",
"id": "P334638.l0503a",
"ref": "P334638.2.2",
"inst": "šarri[king]N",
"sig": "@saao/saa05%akk-x-neoass:LUGAL=šarru[king//king]N'N$šarri",
"f": {"lang": "akk-x-neoass",
"form": "LUGAL",
"cf": "šarru",
"gw": "king",
"sense": "king",
"norm": "šarri",
"pos": "N",
"epos": "N"}
}
,
{
"node": "l",
"frag": "EN-ia",
"id": "P334638.l0503b",
"ref": "P334638.2.3",
"inst": "bēlīya[lord]N",
"sig": "@saao/saa05%akk-x-neoass:EN-ia=bēlu[lord//lord]N'N$bēlīya",
"f": {"lang": "akk-x-neoass",
"form": "EN-ia",
"cf": "bēlu",
"gw": "lord",
"sense": "lord",
"norm": "bēlīya",
"pos": "N",
"epos": "N"}
}
,
{
"node": "d",
"type": "line-start",
"ref": "P334638.3",
"n": "2",
"label": "o 2"}
,
{
"node": "l",
"frag": "ARAD-ka",
"id": "P334638.l0503c",
"ref": "P334638.3.1",
"inst": "urdaka[servant]N",
"sig": "@saao/saa05%akk-x-neoass:ARAD-ka=ardu[slave//servant]N'N$urdaka",
"f": {"lang": "akk-x-neoass",
"form": "ARAD-ka",
"cf": "ardu",
"gw": "slave",
"sense": "servant",
"norm": "urdaka",
"pos": "N",
"epos": "N"}
}
,
{
"node": "l",
"frag": "{1}mu-šal-lim-{d}IM",
"id": "P334638.l0503d",
"ref": "P334638.3.2",
"inst": "Mušallim-Adad[]PN$",
"sig": "@saao/saa05%akk-x-neoass:{1}mu-šal-lim-{d}IM=Mušallim-Adad[1//1]PN'PN$Mušallim-Adad",
"f": {"lang": "akk-x-neoass",
"form": "{1}mu-šal-lim-{d}IM",
"cf": "Mušallim-Adad",
"gw": "1",
"sense": "1",
"norm": "Mušallim-Adad",
"pos": "PN",
"epos": "PN"}
}
,
{
"node": "d",
"type": "line-start",
"ref": "P334638.4",
"n": "3",
"label": "o 3"}
,
{
"node": "l",
"frag": "lu-u",
"id": "P334638.l0503e",
"ref": "P334638.4.1",
"inst": "lū[may]MOD",
"sig": "@saao/saa05%akk-x-neoass:lu-u=lū[may//may]MOD'MOD$lū",
"f": {"lang": "akk-x-neoass",
"form": "lu-u",
"cf": "lū",
"gw": "may",
"sense": "may",
"norm": "lū",
"pos": "MOD",
"epos": "MOD"}
}
,
{
"node": "l",
"frag": "DI-mu",
"id": "P334638.l0503f",
"ref": "P334638.4.2",
"inst": "šulmu[health]N",
"sig": "@saao/saa05%akk-x-neoass:DI-mu=šulmu[completeness//health]N'N$šulmu",
"f": {"lang": "akk-x-neoass",
"form": "DI-mu",
"cf": "šulmu",
"gw": "completeness",
"sense": "health",
"norm": "šulmu",
"pos": "N",
"epos": "N"}
}
,
{
"node": "l",
"frag": "a-na",
"id": "P334638.l05040",
"ref": "P334638.4.3",
"inst": "ana[to]PRP",
"sig": "@saao/saa05%akk-x-neoass:a-na=ana[to//to]PRP'PRP$ana",
"f": {"lang": "akk-x-neoass",
"form": "a-na",
"cf": "ana",
"gw": "to",
"sense": "to",
"norm": "ana",
"pos": "PRP",
"epos": "PRP"}
}
,
{
"node": "l",
"frag": "LUGAL",
"id": "P334638.l05041",
"ref": "P334638.4.4",
"inst": "šarri[king]N",
"sig": "@saao/saa05%akk-x-neoass:LUGAL=šarru[king//king]N'N$šarri",
"f": {"lang": "akk-x-neoass",
"form": "LUGAL",
"cf": "šarru",
"gw": "king",
"sense": "king",
"norm": "šarri",
"pos": "N",
"epos": "N"}
}
,
{
"node": "l",
"frag": "EN-ia",
"id": "P334638.l05042",
"ref": "P334638.4.5",
"inst": "bēlīya[lord]N",
"sig": "@saao/saa05%akk-x-neoass:EN-ia=bēlu[lord//lord]N'N$bēlīya",
"f": {"lang": "akk-x-neoass",
"form": "EN-ia",
"cf": "bēlu",
"gw": "lord",
"sense": "lord",
"norm": "bēlīya",
"pos": "N",
"epos": "N"}
}
,
{
"node": "d",
"type": "line-start",
"ref": "P334638.5",
"n": "4",
"label": "o 4"}
,
{
"node": "l",
"frag": "DI-mu",
"id": "P334638.l05043",
"ref": "P334638.5.1",
"inst": "šulmu[health]N",
"sig": "@saao/saa05%akk-x-neoass:DI-mu=šulmu[completeness//health]N'N$šulmu",
"f": {"lang": "akk-x-neoass",
"form": "DI-mu",
"cf": "šulmu",
"gw": "completeness",
"sense": "health",
"norm": "šulmu",
"pos": "N",
"epos": "N"}
}
,
{
"node": "l",
"frag": "a-na",
"id": "P334638.l05044",
"ref": "P334638.5.2",
"inst": "ana[to]PRP",
"sig": "@saao/saa05%akk-x-neoass:a-na=ana[to//to]PRP'PRP$ana",
"f": {"lang": "akk-x-neoass",
"form": "a-na",
"cf": "ana",
"gw": "to",
"sense": "to",
"norm": "ana",
"pos": "PRP",
"epos": "PRP"}
}
,
{
"node": "l",
"frag": "{uru}HAL.⸢ṢU-MEŠ⸣",
"id": "P334638.l05045",
"ref": "P334638.5.3",
"inst": "bīrāti[fort]N",
"sig": "@saao/saa05%akk-x-neoass:{URU}HAL.ṢU-MEŠ=birtu[fort//fort]N'N$bīrāti",
"f": {"lang": "akk-x-neoass",
"form": "{URU}HAL.ṢU-MEŠ",
"cf": "birtu",
"gw": "fort",
"sense": "fort",
"norm": "bīrāti",
"pos": "N",
"epos": "N"}
}
,
{
"node": "d",
"type": "line-start",
"ref": "P334638.6",
"n": "5",
"label": "o 5"}
,
{
"node": "l",
"frag": "ša\\ydp",
"id": "P334638.l05046",
"ref": "P334638.6.1",
"inst": "ša[of]DET",
"sig": "@saao/saa05%akk-x-neoass:ša=ša[of//of]DET'DET$ša",
"f": {"lang": "akk-x-neoass",
"form": "ša",
"cf": "ša",
"gw": "of",
"sense": "of",
"norm": "ša",
"pos": "DET",
"epos": "DET"}
}
,
{
"node": "l",
"frag": "LUGAL",
"id": "P334638.l05047",
"ref": "P334638.6.2",
"inst": "šarri[king]N",
"sig": "@saao/saa05%akk-x-neoass:LUGAL=šarru[king//king]N'N$šarri",
"f": {"lang": "akk-x-neoass",
"form": "LUGAL",
"cf": "šarru",
"gw": "king",
"sense": "king",
"norm": "šarri",
"pos": "N",
"epos": "N"}
}
,
{
"node": "l",
"frag": "EN-[ia",
"id": "P334638.l05048",
"ref": "P334638.6.3",
"inst": "bēlīya[lord]N",
"sig": "@saao/saa05%akk-x-neoass:EN-ia=bēlu[lord//lord]N'N$bēlīya",
"f": {"lang": "akk-x-neoass",
"form": "EN-ia",
"cf": "bēlu",
"gw": "lord",
"sense": "lord",
"norm": "bēlīya",
"pos": "N",
"epos": "N"}
}
,
{
"node": "l",
"frag": "o]",
"id": "P334638.l05049",
"ref": "P334638.6.4",
"inst": "u",
"f": {"lang": "akk-x-neoass",
"form": "o",
"pos": "u"}
}
,
{
"node": "d",
"type": "line-start",
"ref": "P334638.7",
"n": "6",
"label": "o 6"}
,
{
"node": "l",
"frag": "TA@v",
"id": "P334638.l0504a",
"ref": "P334638.7.1",
"inst": "issu[from]PRP",
"sig": "@saao/saa05%akk-x-neoass:TA@v=ištu[from//from]PRP'PRP$issu",
"f": {"lang": "akk-x-neoass",
"form": "TA@v",
"cf": "ištu",
"gw": "from",
"sense": "from",
"norm": "issu",
"pos": "PRP",
"epos": "PRP"}
}
,
{
"node": "l",
"frag": "{uru}HAL.ṢU-MEŠ",
"id": "P334638.l0504b",
"ref": "P334638.7.2",
"inst": "bīrāti[fort]N",
"sig": "@saao/saa05%akk-x-neoass:{URU}HAL.ṢU-MEŠ=birtu[fort//fort]N'N$bīrāti",
"f": {"lang": "akk-x-neoass",
"form": "{URU}HAL.ṢU-MEŠ",
"cf": "birtu",
"gw": "fort",
"sense": "fort",
"norm": "bīrāti",
"pos": "N",
"epos": "N"}
}
,
{
"node": "l",
"frag": "⸢ša⸣",
"id": "P334638.l0504c",
"ref": "P334638.7.3",
"inst": "ša[of]DET",
"sig": "@saao/saa05%akk-x-neoass:ša=ša[of//of]DET'DET$ša",
"f": {"lang": "akk-x-neoass",
"form": "ša",
"cf": "ša",
"gw": "of",
"sense": "of",
"norm": "ša",
"pos": "DET",
"epos": "DET"}
}
,
{
"node": "l",
"frag": "[x",
"id": "P334638.l0504d",
"ref": "P334638.7.4",
"inst": "u",
"f": {"lang": "akk-x-neoass",
"form": "x",
"pos": "u"}
}
,
{
"node": "l",
"frag": "x]",
"id": "P334638.l0504e",
"ref": "P334638.7.5",
"inst": "u",
"f": {"lang": "akk-x-neoass",
"form": "x",
"pos": "u"}
}
,
{
"node": "d",
"type": "line-start",
"ref": "P334638.8",
"n": "7",
"label": "o 7"}
,
{
"node": "l",
"frag": "a-du",
"id": "P334638.l0504f",
"ref": "P334638.8.1",
"inst": "adu[as far as]PRP",
"sig": "@saao/saa05%akk-x-neoass:a-du=adi[until//as far as]PRP'PRP$adu",
"f": {"lang": "akk-x-neoass",
"form": "a-du",
"cf": "adi",
"gw": "until",
"sense": "as far as",
"norm": "adu",
"pos": "PRP",
"epos": "PRP"}
}
,
{
"node": "l",
"frag": "{uru}HAL.ṢU-[MEŠ",
"id": "P334638.l05050",
"ref": "P334638.8.2",
"inst": "bīrāti[fort]N",
"sig": "@saao/saa05%akk-x-neoass:{URU}HAL.ṢU-MEŠ=birtu[fort//fort]N'N$bīrāti",
"f": {"lang": "akk-x-neoass",
"form": "{URU}HAL.ṢU-MEŠ",
"cf": "birtu",
"gw": "fort",
"sense": "fort",
"norm": "bīrāti",
"pos": "N",
"epos": "N"}
}
,
{
"node": "l",
"frag": "x",
"id": "P334638.l05051",
"ref": "P334638.8.3",
"inst": "u",
"f": {"lang": "akk-x-neoass",
"form": "x",
"pos": "u"}
}
,
{
"node": "l",
"frag": "x",
"id": "P334638.l05052",
"ref": "P334638.8.4",
"inst": "u",
"f": {"lang": "akk-x-neoass",
"form": "x",
"pos": "u"}
}
,
{
"node": "l",
"frag": "x]",
"id": "P334638.l05053",
"ref": "P334638.8.5",
"inst": "u",
"f": {"lang": "akk-x-neoass",
"form": "x",
"pos": "u"}
}
,
{
"node": "d",
"type": "line-start",
"ref": "P334638.9",
"n": "8",
"label": "o 8"}
,
{
"node": "l",
"frag": "DI-mu",
"id": "P334638.l05054",
"ref": "P334638.9.1",
"inst": "šulmu[health]N",
"sig": "@saao/saa05%akk-x-neoass:DI-mu=šulmu[completeness//health]N'N$šulmu",
"f": {"lang": "akk-x-neoass",
"form": "DI-mu",
"cf": "šulmu",
"gw": "completeness",
"sense": "health",
"norm": "šulmu",
"pos": "N",
"epos": "N"}
}
,
{
"node": "l",
"frag": "E₂",
"id": "P334638.l05055",
"ref": "P334638.9.2",
"inst": "bēt[when]SBJ",
"sig": "@saao/saa05%akk-x-neoass:E₂=bīt[where//when]SBJ'SBJ$bēt",
"f": {"lang": "akk-x-neoass",
"form": "E₂",
"cf": "bīt",
"gw": "where",
"sense": "when",
"norm": "bēt",
"pos": "SBJ",
"epos": "SBJ"}
}
,
{
"node": "l",
"frag": "LUGAL",
"id": "P334638.l05056",
"ref": "P334638.9.3",
"inst": "šarru[king]N",
"sig": "@saao/saa05%akk-x-neoass:LUGAL=šarru[king//king]N'N$šarru",
"f": {"lang": "akk-x-neoass",
"form": "LUGAL",
"cf": "šarru",
"gw": "king",
"sense": "king",
"norm": "šarru",
"pos": "N",
"epos": "N"}
}
,
{
"node": "l",
"frag": "[be-li",
"id": "P334638.l05057",
"ref": "P334638.9.4",
"inst": "bēlī[lord]N",
"sig": "@saao/saa05%akk-x-neoass:be-li=bēlu[lord//lord]N'N$bēlī",
"f": {"lang": "akk-x-neoass",
"form": "be-li",
"cf": "bēlu",
"gw": "lord",
"sense": "lord",
"norm": "bēlī",
"pos": "N",
"epos": "N"}
}
,
{
"node": "l",
"frag": "x",
"id": "P334638.l05058",
"ref": "P334638.9.5",
"inst": "u",
"f": {"lang": "akk-x-neoass",
"form": "x",
"pos": "u"}
}
,
{
"node": "l",
"frag": "x]",
"id": "P334638.l05059",
"ref": "P334638.9.6",
"inst": "u",
"f": {"lang": "akk-x-neoass",
"form": "x",
"pos": "u"}
}
,
{
"node": "d",
"type": "line-start",
"ref": "P334638.10",
"n": "9",
"label": "o 9"}
,
{
"node": "c",
"type": "phrase",
"tag": "phr",
"id": "P334638.U4",
"ref": "P334638.ls00000",
"cdl": [
{
"node": "l",
"frag": "{[lu₂v]}⸢ši⸣-kin-[ṭe₃-mi]",
"id": "P334638.l0505a",
"ref": "P334638.10.1",
"cof-tails": "P334638.l0505b",
"inst": "šaknu[appointee]N$šikin&ṭēmu[(fore)thought]N$ṭēmi",
"sig": "@saao/saa05%akk-x-neoass:{LU₂}ši-kin-ṭe₃-mi=šaknu[appointee//appointee]N'N$šikin&&@saao%akk-x-neoass:=ṭēmu[(fore)thought//(fore)thought]N'N$ṭēmi",
"f": {"lang": "akk-x-neoass",
"form": "{LU₂}ši-kin-ṭe₃-mi",
"cf": "šaknu",
"gw": "appointee",
"sense": "appointee",
"norm": "šikin",
"pos": "N",
"epos": "N"}
}
,
{
"node": "l",
"frag": "{[lu₂v]}⸢ši⸣-kin-[ṭe₃-mi]",
"id": "P334638.l0505b",
"ref": "P334638.10.1",
"cof-head": "P334638.l0505a",
"inst": "šaknu[appointee]N$šikin&ṭēmu[(fore)thought]N$ṭēmi",
"tail-sig": "@saao%akk-x-neoass:=ṭēmu[(fore)thought//(fore)thought]N'N$ṭēmi",
"f": {"lang": "akk-x-neoass",
"form": "{LU₂}ši-kin-ṭe₃-mi",
"cf": "ṭēmu",
"gw": "(fore)thought",
"sense": "(fore)thought",
"norm": "ṭēmi",
"pos": "N",
"epos": "N"}
}
]}
,
{
"node": "d",
"type": "nonx",
"ref": "P334638.11",
"strict": "0",
"extent": "rest",
"scope": "line",
"state": "missing"}
,
{
"node": "d",
"subtype": "reverse",
"type": "surface",
"ref": "P334638.r.12",
"type": "reverse",
"label": "r"}
,
{
"node": "d",
"type": "nonx",
"ref": "P334638.13",
"strict": "0",
"extent": "beginning",
"state": "other"}
,
{
"node": "d",
"type": "line-start",
"ref": "P334638.14",
"n": "1'",
"label": "r 1'"}
,
{
"node": "l",
"frag": "[x",
"id": "P334638.l0505c",
"ref": "P334638.14.1",
"inst": "u",
"f": {"lang": "akk-x-neoass",
"form": "x",
"pos": "u"}
}
,
{
"node": "l",
"frag": "x",
"id": "P334638.l0505d",
"ref": "P334638.14.2",
"inst": "u",
"f": {"lang": "akk-x-neoass",
"form": "x",
"pos": "u"}
}
,
{
"node": "l",
"frag": "x",
"id": "P334638.l0505e",
"ref": "P334638.14.3",
"inst": "u",
"f": {"lang": "akk-x-neoass",
"form": "x",
"pos": "u"}
}
,
{
"node": "l",
"frag": "x]+⸢x",
"id": "P334638.l0505f",
"ref": "P334638.14.4",
"inst": "u",
"f": {"lang": "akk-x-neoass",
"form": "x+x",
"pos": "u"}
}
,
{
"node": "l",
"frag": "x⸣+[x]",
"id": "P334638.l05060",
"ref": "P334638.14.5",
"inst": "u",
"f": {"lang": "akk-x-neoass",
"form": "x+x",
"pos": "u"}
}
,
{
"node": "d",
"type": "line-start",
"ref": "P334638.15",
"n": "2'",
"label": "r 2'"}
,
{
"node": "l",
"frag": "[x",
"id": "P334638.l05061",
"ref": "P334638.15.1",
"inst": "u",
"f": {"lang": "akk-x-neoass",
"form": "x",
"pos": "u"}
}
,
{
"node": "l",
"frag": "x",
"id": "P334638.l05062",
"ref": "P334638.15.2",
"inst": "u",
"f": {"lang": "akk-x-neoass",
"form": "x",
"pos": "u"}
}
,
{
"node": "l",
"frag": "x",
"id": "P334638.l05063",
"ref": "P334638.15.3",
"inst": "u",
"f": {"lang": "akk-x-neoass",
"form": "x",
"pos": "u"}
}
,
{
"node": "l",
"frag": "x]-ra-a-ni",
"id": "P334638.l05064",
"ref": "P334638.15.4",
"inst": "u",
"f": {"lang": "akk-x-neoass",
"form": "x-ra-a-ni",
"pos": "u"}
}
,
{
"node": "d",
"type": "line-start",
"ref": "P334638.16",
"n": "3'",
"label": "r 3'"}
,
{
"node": "l",
"frag": "⸢x⸣+[x",
"id": "P334638.l05065",
"ref": "P334638.16.1",
"inst": "u",
"f": {"lang": "akk-x-neoass",
"form": "x+x",
"pos": "u"}
}
,
{
"node": "l",
"frag": "x",
"id": "P334638.l05066",
"ref": "P334638.16.2",
"inst": "u",
"f": {"lang": "akk-x-neoass",
"form": "x",
"pos": "u"}
}
,
{
"node": "l",
"frag": "x]",
"id": "P334638.l05067",
"ref": "P334638.16.3",
"inst": "u",
"f": {"lang": "akk-x-neoass",
"form": "x",
"pos": "u"}
}
,
{
"node": "l",
"frag": "LUGAL",
"id": "P334638.l05068",
"ref": "P334638.16.4",
"inst": "šarri[king]N",
"sig": "@saao/saa05%akk-x-neoass:LUGAL=šarru[king//king]N'N$šarri",
"f": {"lang": "akk-x-neoass",
"form": "LUGAL",
"cf": "šarru",
"gw": "king",
"sense": "king",
"norm": "šarri",
"pos": "N",
"epos": "N"}
}
,
{
"node": "l",
"frag": "EN-ia",
"id": "P334638.l05069",
"ref": "P334638.16.5",
"inst": "bēlīya[lord]N",
"sig": "@saao/saa05%akk-x-neoass:EN-ia=bēlu[lord//lord]N'N$bēlīya",
"f": {"lang": "akk-x-neoass",
"form": "EN-ia",
"cf": "bēlu",
"gw": "lord",
"sense": "lord",
"norm": "bēlīya",
"pos": "N",
"epos": "N"}
}
,
{
"node": "d",
"type": "line-start",
"ref": "P334638.17",
"n": "4'",
"label": "r 4'"}
,
{
"node": "l",
"frag": "a-⸢sa-pa-ra⸣",
"id": "P334638.l0506a",
"ref": "P334638.17.1",
"inst": "assapāra[send]V",
"sig": "@saao/saa05%akk-x-neoass:a-sa-pa-ra=šapāru[send//send]V'V$assapāra",
"f": {"lang": "akk-x-neoass",
"form": "a-sa-pa-ra",
"cf": "šapāru",
"gw": "send",
"sense": "send",
"norm": "assapāra",
"pos": "V",
"epos": "V"}
}
,
{
"node": "l",
"frag": "E₂",
"id": "P334638.l0506b",
"ref": "P334638.17.2",
"inst": "bēt[where]SBJ",
"sig": "@saao/saa05%akk-x-neoass:E₂=bīt[where//where]SBJ'SBJ$bēt",
"f": {"lang": "akk-x-neoass",
"form": "E₂",
"cf": "bīt",
"gw": "where",
"sense": "where",
"norm": "bēt",
"pos": "SBJ",
"epos": "SBJ"}
}
,
{
"node": "l",
"frag": "LUGAL",
"id": "P334638.l0506c",
"ref": "P334638.17.3",
"inst": "šarru[king]N",
"sig": "@saao/saa05%akk-x-neoass:LUGAL=šarru[king//king]N'N$šarru",
"f": {"lang": "akk-x-neoass",
"form": "LUGAL",
"cf": "šarru",
"gw": "king",
"sense": "king",
"norm": "šarru",
"pos": "N",
"epos": "N"}
}
,
{
"node": "l",
"frag": "be-li",
"id": "P334638.l0506d",
"ref": "P334638.17.4",
"inst": "bēlī[lord]N",
"sig": "@saao/saa05%akk-x-neoass:be-li=bēlu[lord//lord]N'N$bēlī",
"f": {"lang": "akk-x-neoass",
"form": "be-li",
"cf": "bēlu",
"gw": "lord",
"sense": "lord",
"norm": "bēlī",
"pos": "N",
"epos": "N"}
}
,
{
"node": "d",
"type": "line-start",
"ref": "P334638.18",
"n": "5'",
"label": "r 5'"}
,
{
"node": "l",
"frag": "i-qa-bu-u-ni",
"id": "P334638.l0506e",
"ref": "P334638.18.1",
"inst": "iqabbûni[say]V",
"sig": "@saao/saa05%akk-x-neoass:i-qa-bu-u-ni=qabû[say//say]V'V$iqabbûni",
"f": {"lang": "akk-x-neoass",
"form": "i-qa-bu-u-ni",
"cf": "qabû",
"gw": "say",
"sense": "say",
"norm": "iqabbûni",
"pos": "V",
"epos": "V"}
}
,
{
"node": "l",
"frag": "kar-ru",
"id": "P334638.l0506f",
"ref": "P334638.18.2",
"inst": "karru[put down]AJ",
"sig": "@saao/saa05%akk-x-neoass:kar-ru=karru[put down//put down]AJ'AJ$karru",
"f": {"lang": "akk-x-neoass",
"form": "kar-ru",
"cf": "karru",
"gw": "put down",
"sense": "put down",
"norm": "karru",
"pos": "AJ",
"epos": "AJ"}
}
,
{
"node": "d",
"type": "line-start",
"ref": "P334638.19",
"n": "6'",
"label": "r 6'"}
,
{
"node": "l",
"frag": "ṭe₃-ru-bu",
"id": "P334638.l05070",
"ref": "P334638.19.1",
"inst": "ṭerrubu[(meaning unknown)]N$",
"sig": "@saao/saa05%akk-x-neoass:ṭe₃-ru-bu=ṭerrubu[(meaning unknown)//(meaning unknown)]N'N$ṭerrubu",
"f": {"lang": "akk-x-neoass",
"form": "ṭe₃-ru-bu",
"cf": "ṭerrubu",
"gw": "(meaning unknown)",
"sense": "(meaning unknown)",
"norm": "ṭerrubu",
"pos": "N",
"epos": "N"}
}
,
{
"node": "d",
"type": "line-start",
"ref": "P334638.20",
"n": "7'",
"label": "r 7'"}
,
{
"node": "l",
"frag": "LUGAL",
"id": "P334638.l05071",
"ref": "P334638.20.1",
"inst": "šarru[king]N",
"sig": "@saao/saa05%akk-x-neoass:LUGAL=šarru[king//king]N'N$šarru",
"f": {"lang": "akk-x-neoass",
"form": "LUGAL",
"cf": "šarru",
"gw": "king",
"sense": "king",
"norm": "šarru",
"pos": "N",
"epos": "N"}
}
,
{
"node": "l",
"frag": "be-li",
"id": "P334638.l05072",
"ref": "P334638.20.2",
"inst": "bēlī[lord]N",
"sig": "@saao/saa05%akk-x-neoass:be-li=bēlu[lord//lord]N'N$bēlī",
"f": {"lang": "akk-x-neoass",
"form": "be-li",
"cf": "bēlu",
"gw": "lord",
"sense": "lord",
"norm": "bēlī",
"pos": "N",
"epos": "N"}
}
,
{
"node": "l",
"frag": "a-na",
"id": "P334638.l05073",
"ref": "P334638.20.3",
"inst": "ana[to]PRP",
"sig": "@saao/saa05%akk-x-neoass:a-na=ana[to//to]PRP'PRP$ana",
"f": {"lang": "akk-x-neoass",
"form": "a-na",
"cf": "ana",
"gw": "to",
"sense": "to",
"norm": "ana",
"pos": "PRP",
"epos": "PRP"}
}
,
{
"node": "l",
"frag": "ARAD-šu₂",
"id": "P334638.l05074",
"ref": "P334638.20.4",
"inst": "urdīšu[servant]N",
"sig": "@saao/saa05%akk-x-neoass:ARAD-šu₂=ardu[slave//servant]N'N$urdīšu",
"f": {"lang": "akk-x-neoass",
"form": "ARAD-šu₂",
"cf": "ardu",
"gw": "slave",
"sense": "servant",
"norm": "urdīšu",
"pos": "N",
"epos": "N"}
}
,
{
"node": "d",
"type": "line-start",
"ref": "P334638.21",
"n": "8'",
"label": "r 8'"}
,
{
"node": "l",
"frag": "⸢li-iš⸣-pur-ra\\d",
"id": "P334638.l05075",
"ref": "P334638.21.1",
"inst": "šapāru[send]V$lišpura",
"sig": "@saao/saa05%akk-x-neoass:li-iš-pur-ra=šapāru[send//send]V'V$lišpura",
"f": {"lang": "akk-x-neoass",
"form": "li-iš-pur-ra",
"cf": "šapāru",
"gw": "send",
"sense": "send",
"norm": "lišpura",
"pos": "V",
"epos": "V"}
}
,
{
"node": "d",
"type": "line-start",
"ref": "P334638.22",
"n": "9'",
"label": "r 9'"}
,
{
"node": "l",
"frag": "ku-um",
"id": "P334638.l05076",
"ref": "P334638.22.1",
"inst": "kūm[lest]'SBJ",
"sig": "@saao/saa05%akk-x-neoass:ku-um=kūm[instead of//lest]PRP'SBJ$kūm",
"f": {"lang": "akk-x-neoass",
"form": "ku-um",
"cf": "kūm",
"gw": "instead of",
"sense": "lest",
"norm": "kūm",
"pos": "PRP",
"epos": "SBJ"}
}
,
{
"node": "l",
"frag": "a-mu-tu-ni",
"id": "P334638.l05077",
"ref": "P334638.22.2",
"inst": "mâtu[die]V$amūtūni",
"sig": "@saao/saa05%akk-x-neoass:a-mu-tu-ni=mâtu[die//die]V'V$amūtūni",
"f": {"lang": "akk-x-neoass",
"form": "a-mu-tu-ni",
"cf": "mâtu",
"gw": "die",
"sense": "die",
"norm": "amūtūni",
"pos": "V",
"epos": "V"}
}
]}
]}
]}
,
{
"linkbase": [{
"type": "linkset",
"xlink_title": "šakin ṭēmi[provincial governor//commander]N'N",
"id": "P334638.ls00000",
"xlink_type": "extended",
"xlink_role": "psu",
"sig": "{šaknu[appointee]N ṭēmu[(fore)thought]N += šakin ṭēmi[provincial governor//commander]N'N}::@saao%akk-x-neoass:{LU₂}ši-kin-ṭe₃-mi=šaknu[appointee//appointee]N'N$šikin++@saao%akk-x-neoass:{LU₂}ši-kin-ṭe₃-mi=ṭēmu[(fore)thought//(fore)thought]N'N$ṭēmi",
"links": [
{
"type": "link",
"xlink_title": "šaknu",
"xlink_type": "locator",
"xlink_href": "#P334638.l0505a",
"xlink_role": "elt"}
,
{
"type": "link",
"xlink_title": "ṭēmu",
"xlink_type": "locator",
"xlink_href": "#P334638.l0505b",
"xlink_role": "elt"}
]}
]}
]}
