{
"type": "cdl",
  "source": "http://oracc.org/saao/saa05",
  "license": "This data is released under the CC0 license",
  "license-url": "https://creativecommons.org/publicdomain/zero/1.0/",
  "more-info": "http://oracc.org/doc/opendata/",
  "UTC-timestamp": "2017-05-19T11:27:40",
"project": "saao/saa05",
"textid": "P334070",
"cdl": [
{
"node": "c",
"type": "text",
"id": "P334070.U0",
"cdl": [
{
"node": "d",
"type": "object",
"ref": ""}
,
{
"node": "d",
"subtype": "obverse",
"type": "surface",
"ref": "P334070.o.1",
"type": "obverse",
"label": "o"}
,
{
"node": "c",
"type": "discourse",
"subtype": "body",
"id": "P334070.U1",
"cdl": [
{
"node": "c",
"type": "sentence",
"id": "P334070.U2",
"label": "o 1 - o 11",
"cdl": [
{
"node": "d",
"type": "line-start",
"ref": "P334070.2",
"n": "1",
"label": "o 1"}
,
{
"node": "l",
"frag": "⸢a⸣-na\\t",
"id": "P334070.l02b23",
"ref": "P334070.2.1",
"inst": "ana[to]PRP",
"sig": "@saao/saa05%akk-x-neoass:a-na=ana[to//to]PRP'PRP$ana",
"f": {"lang": "akk-x-neoass",
"form": "a-na",
"cf": "ana",
"gw": "to",
"sense": "to",
"norm": "ana",
"pos": "PRP",
"epos": "PRP"}
}
,
{
"node": "l",
"frag": "⸢LUGAL⸣",
"id": "P334070.l02b24",
"ref": "P334070.2.2",
"inst": "šarri[king]N",
"sig": "@saao/saa05%akk-x-neoass:LUGAL=šarru[king//king]N'N$šarri",
"f": {"lang": "akk-x-neoass",
"form": "LUGAL",
"cf": "šarru",
"gw": "king",
"sense": "king",
"norm": "šarri",
"pos": "N",
"epos": "N"}
}
,
{
"node": "l",
"frag": "EN-ia",
"id": "P334070.l02b25",
"ref": "P334070.2.3",
"inst": "bēlīya[lord]N",
"sig": "@saao/saa05%akk-x-neoass:EN-ia=bēlu[lord//lord]N'N$bēlīya",
"f": {"lang": "akk-x-neoass",
"form": "EN-ia",
"cf": "bēlu",
"gw": "lord",
"sense": "lord",
"norm": "bēlīya",
"pos": "N",
"epos": "N"}
}
,
{
"node": "d",
"type": "line-start",
"ref": "P334070.3",
"n": "2",
"label": "o 2"}
,
{
"node": "l",
"frag": "ARAD-ka",
"id": "P334070.l02b26",
"ref": "P334070.3.1",
"inst": "urdaka[servant]N",
"sig": "@saao/saa05%akk-x-neoass:ARAD-ka=ardu[slave//servant]N'N$urdaka",
"f": {"lang": "akk-x-neoass",
"form": "ARAD-ka",
"cf": "ardu",
"gw": "slave",
"sense": "servant",
"norm": "urdaka",
"pos": "N",
"epos": "N"}
}
,
{
"node": "l",
"frag": "{1}gab-bu-ana-aš-šur",
"id": "P334070.l02b27",
"ref": "P334070.3.2",
"inst": "Gabbu-ana-Aššur[1]PN",
"sig": "@saao/saa05%akk-x-neoass:{1}gab-bu-ana-aš-šur=Gabbu-ana-Aššur[1//1]PN'PN$Gabbu-ana-Aššur",
"f": {"lang": "akk-x-neoass",
"form": "{1}gab-bu-ana-aš-šur",
"cf": "Gabbu-ana-Aššur",
"gw": "1",
"sense": "1",
"norm": "Gabbu-ana-Aššur",
"pos": "PN",
"epos": "PN"}
}
,
{
"node": "d",
"type": "line-start",
"ref": "P334070.4",
"n": "3",
"label": "o 3"}
,
{
"node": "l",
"frag": "{še}IN.NU-MEŠ",
"id": "P334070.l02b28",
"ref": "P334070.4.1",
"inst": "tibnī[straw]N",
"sig": "@saao/saa05%akk-x-neoass:{ŠE}IN.NU-MEŠ=tibnu[straw//straw]N'N$tibnī",
"f": {"lang": "akk-x-neoass",
"form": "{ŠE}IN.NU-MEŠ",
"cf": "tibnu",
"gw": "straw",
"sense": "straw",
"norm": "tibnī",
"pos": "N",
"epos": "N"}
}
,
{
"node": "l",
"frag": "gab-bu",
"id": "P334070.l02b29",
"ref": "P334070.4.2",
"inst": "gabbu[all]N",
"sig": "@saao/saa05%akk-x-neoass:gab-bu=gabbu[totality//all]N'N$gabbu",
"f": {"lang": "akk-x-neoass",
"form": "gab-bu",
"cf": "gabbu",
"gw": "totality",
"sense": "all",
"norm": "gabbu",
"pos": "N",
"epos": "N"}
}
,
{
"node": "d",
"type": "line-start",
"ref": "P334070.5",
"n": "4",
"label": "o 4"}
,
{
"node": "l",
"frag": "ina",
"id": "P334070.l02b2a",
"ref": "P334070.5.1",
"inst": "ina[in]PRP",
"sig": "@saao/saa05%akk-x-neoass:ina=ina[in//in]PRP'PRP$ina",
"f": {"lang": "akk-x-neoass",
"form": "ina",
"cf": "ina",
"gw": "in",
"sense": "in",
"norm": "ina",
"pos": "PRP",
"epos": "PRP"}
}
,
{
"node": "l",
"frag": "KUR-ia",
"id": "P334070.l02b2b",
"ref": "P334070.5.2",
"inst": "mātīya[land]N",
"sig": "@saao/saa05%akk-x-neoass:KUR-ia=mātu[land//land]N'N$mātīya",
"f": {"lang": "akk-x-neoass",
"form": "KUR-ia",
"cf": "mātu",
"gw": "land",
"sense": "land",
"norm": "mātīya",
"pos": "N",
"epos": "N"}
}
,
{
"node": "l",
"frag": "a-na\\t",
"id": "P334070.l02b2c",
"ref": "P334070.5.3",
"inst": "ana[to//for]PRP$",
"sig": "@saao/saa05%akk-x-neoass:a-na=ana[to//for]PRP'PRP$ana",
"f": {"lang": "akk-x-neoass",
"form": "a-na",
"cf": "ana",
"gw": "to",
"sense": "for",
"norm": "ana",
"pos": "PRP",
"epos": "PRP"}
}
,
{
"node": "l",
"frag": "{uru}BAD₃-{1}MAN-GIN.NA\\t",
"id": "P334070.l02b2d",
"ref": "P334070.5.4",
"inst": "Dur-Šarruken[]GN$",
"sig": "@saao/saa05%akk-x-neoass:{URU}BAD₃-{1}MAN-GIN.NA=Dur-Šarruken[1//1]GN'GN$Dur-Šarruken",
"f": {"lang": "akk-x-neoass",
"form": "{URU}BAD₃-{1}MAN-GIN.NA",
"cf": "Dur-Šarruken",
"gw": "1",
"sense": "1",
"norm": "Dur-Šarruken",
"pos": "GN",
"epos": "GN"}
}
,
{
"node": "d",
"type": "line-start",
"ref": "P334070.6",
"n": "5",
"label": "o 5"}
,
{
"node": "l",
"frag": "ša\\d-⸢ak-lu⸣",
"id": "P334070.l02b2e",
"ref": "P334070.6.1",
"inst": "šaklu[withheld]AJ$šaklû",
"sig": "@saao/saa05%akk-x-neoass:ša-ak-lu=šaklu[withheld//withheld]AJ'AJ$šaklû",
"f": {"lang": "akk-x-neoass",
"form": "ša-ak-lu",
"cf": "šaklu",
"gw": "withheld",
"sense": "withheld",
"norm": "šaklû",
"pos": "AJ",
"epos": "AJ"}
}
,
{
"node": "l",
"frag": "an-nu-rig",
"id": "P334070.l02b2f",
"ref": "P334070.6.2",
"inst": "annurig[now]AV",
"sig": "@saao/saa05%akk-x-neoass:an-nu-rig=annûri[now//now]AV'AV$annurig",
"f": {"lang": "akk-x-neoass",
"form": "an-nu-rig",
"cf": "annûri",
"gw": "now",
"sense": "now",
"norm": "annurig",
"pos": "AV",
"epos": "AV"}
}
,
{
"node": "d",
"type": "line-start",
"ref": "P334070.7",
"n": "6",
"label": "o 6"}
,
{
"node": "l",
"frag": "{lu₂v}mu-šar₂-kis-MEŠ-ni",
"id": "P334070.l02b30",
"ref": "P334070.7.1",
"inst": "mušarkisu[(military) procurement officer//procurement officer]N$mušarkisāni",
"sig": "@saao/saa05%akk-x-neoass:{LU₂}mu-šar₂-kis-MEŠ-ni=mušarkisu[(military) procurement officer//procurement officer]N'N$mušarkisāni",
"f": {"lang": "akk-x-neoass",
"form": "{LU₂}mu-šar₂-kis-MEŠ-ni",
"cf": "mušarkisu",
"gw": "(military) procurement officer",
"sense": "procurement officer",
"norm": "mušarkisāni",
"pos": "N",
"epos": "N"}
}
,
{
"node": "d",
"type": "line-start",
"ref": "P334070.8",
"n": "7",
"label": "o 7"}
,
{
"node": "l",
"frag": "i-⸢da\\d⸣-tu₂-u-a",
"id": "P334070.l02b31",
"ref": "P334070.8.1",
"cof-tails": "P334070.l02b32",
"inst": "ina[in+=after]PRP$ina&dāt[behind]PRP$dātūwa",
"sig": "@saao/saa05%akk-x-neoass:i-da-tu₂-u-a=ina[in//in]PRP'PRP$ina&&@saao%akk-x-neoass:=dāt[behind//behind]PRP'PRP$dātūwa",
"f": {"lang": "akk-x-neoass",
"form": "i-da-tu₂-u-a",
"cf": "ina",
"gw": "in",
"sense": "in",
"norm": "ina",
"pos": "PRP",
"epos": "PRP"}
}
,
{
"node": "l",
"frag": "i-⸢da\\d⸣-tu₂-u-a",
"id": "P334070.l02b32",
"ref": "P334070.8.1",
"cof-head": "P334070.l02b31",
"inst": "ina[in+=after]PRP$ina&dāt[behind]PRP$dātūwa",
"tail-sig": "@saao%akk-x-neoass:=dāt[behind//behind]PRP'PRP$dātūwa",
"f": {"lang": "akk-x-neoass",
"form": "i-da-tu₂-u-a",
"cf": "dāt",
"gw": "behind",
"sense": "behind",
"norm": "dātūwa",
"pos": "PRP",
"epos": "PRP"}
}
,
{
"node": "l",
"frag": "i-du-lu",
"id": "P334070.l02b33",
"ref": "P334070.8.2",
"inst": "dâlu[move//run about]V$idūlu",
"sig": "@saao/saa05%akk-x-neoass:i-du-lu=dâlu[move//run about]V'V$idūlu",
"f": {"lang": "akk-x-neoass",
"form": "i-du-lu",
"cf": "dâlu",
"gw": "move",
"sense": "run about",
"norm": "idūlu",
"pos": "V",
"epos": "V"}
}
,
{
"node": "d",
"type": "line-start",
"ref": "P334070.9",
"n": "8",
"label": "o 8"}
,
{
"node": "l",
"frag": "{še}IN.NU-MEŠ",
"id": "P334070.l02b34",
"ref": "P334070.9.1",
"inst": "tibnī[straw]N",
"sig": "@saao/saa05%akk-x-neoass:{ŠE}IN.NU-MEŠ=tibnu[straw//straw]N'N$tibnī",
"f": {"lang": "akk-x-neoass",
"form": "{ŠE}IN.NU-MEŠ",
"cf": "tibnu",
"gw": "straw",
"sense": "straw",
"norm": "tibnī",
"pos": "N",
"epos": "N"}
}
,
{
"node": "l",
"frag": "a-na\\t",
"id": "P334070.l02b35",
"ref": "P334070.9.2",
"inst": "ana[to//for]PRP$",
"sig": "@saao/saa05%akk-x-neoass:a-na=ana[to//for]PRP'PRP$ana",
"f": {"lang": "akk-x-neoass",
"form": "a-na",
"cf": "ana",
"gw": "to",
"sense": "for",
"norm": "ana",
"pos": "PRP",
"epos": "PRP"}
}
,
{
"node": "l",
"frag": "a-ṣap-MEŠ",
"id": "P334070.l02b36",
"ref": "P334070.9.3",
"inst": "aṣappu[pack animal]N$aṣappi",
"sig": "@saao/saa05%akk-x-neoass:a-ṣap-MEŠ=aṣappu[pack animal//pack animal]N'N$aṣappi",
"f": {"lang": "akk-x-neoass",
"form": "a-ṣap-MEŠ",
"cf": "aṣappu",
"gw": "pack animal",
"sense": "pack animal",
"norm": "aṣappi",
"pos": "N",
"epos": "N"}
}
,
{
"node": "d",
"type": "line-start",
"ref": "P334070.10",
"n": "9",
"label": "o 9"}
,
{
"node": "l",
"frag": "la-aš₂-šu₂",
"id": "P334070.l02b37",
"ref": "P334070.10.1",
"inst": "laššu[(there) is not]V",
"sig": "@saao/saa05%akk-x-neoass:la-aš₂-šu₂=laššu[(there) is not//(there) is not]V'V$laššu",
"f": {"lang": "akk-x-neoass",
"form": "la-aš₂-šu₂",
"cf": "laššu",
"gw": "(there) is not",
"sense": "(there) is not",
"norm": "laššu",
"pos": "V",
"epos": "V"}
}
,
{
"node": "l",
"frag": "u₂-ma-a",
"id": "P334070.l02b38",
"ref": "P334070.10.2",
"inst": "ūmâ[now]AV",
"sig": "@saao/saa05%akk-x-neoass:u₂-ma-a=ūma[today//now]AV'AV$ūmâ",
"f": {"lang": "akk-x-neoass",
"form": "u₂-ma-a",
"cf": "ūma",
"gw": "today",
"sense": "now",
"norm": "ūmâ",
"pos": "AV",
"epos": "AV"}
}
,
{
"node": "d",
"type": "line-start",
"ref": "P334070.11",
"n": "10",
"label": "o 10"}
,
{
"node": "l",
"frag": "mi-nu",
"id": "P334070.l02b39",
"ref": "P334070.11.1",
"inst": "mīnu[what?]QP",
"sig": "@saao/saa05%akk-x-neoass:mi-nu=mīnu[what?//what?]QP'QP$mīnu",
"f": {"lang": "akk-x-neoass",
"form": "mi-nu",
"cf": "mīnu",
"gw": "what?",
"sense": "what?",
"norm": "mīnu",
"pos": "QP",
"epos": "QP"}
}
,
{
"node": "l",
"frag": "ša\\d",
"id": "P334070.l02b3a",
"ref": "P334070.11.2",
"inst": "ša[that]REL",
"sig": "@saao/saa05%akk-x-neoass:ša=ša[that//that]REL'REL$ša",
"f": {"lang": "akk-x-neoass",
"form": "ša",
"cf": "ša",
"gw": "that",
"sense": "that",
"norm": "ša",
"pos": "REL",
"epos": "REL"}
}
,
{
"node": "l",
"frag": "LUGAL",
"id": "P334070.l02b3b",
"ref": "P334070.11.3",
"inst": "šarru[king]N",
"sig": "@saao/saa05%akk-x-neoass:LUGAL=šarru[king//king]N'N$šarru",
"f": {"lang": "akk-x-neoass",
"form": "LUGAL",
"cf": "šarru",
"gw": "king",
"sense": "king",
"norm": "šarru",
"pos": "N",
"epos": "N"}
}
,
{
"node": "l",
"frag": "be-li₂",
"id": "P334070.l02b3c",
"ref": "P334070.11.4",
"inst": "bēlī[lord]N",
"sig": "@saao/saa05%akk-x-neoass:be-li₂=bēlu[lord//lord]N'N$bēlī",
"f": {"lang": "akk-x-neoass",
"form": "be-li₂",
"cf": "bēlu",
"gw": "lord",
"sense": "lord",
"norm": "bēlī",
"pos": "N",
"epos": "N"}
}
,
{
"node": "d",
"type": "line-start",
"ref": "P334070.12",
"n": "11",
"label": "o 11"}
,
{
"node": "l",
"frag": "i-qa-bu-u-ni",
"id": "P334070.l02b3d",
"ref": "P334070.12.1",
"inst": "iqabbûni[say]V",
"sig": "@saao/saa05%akk-x-neoass:i-qa-bu-u-ni=qabû[say//say]V'V$iqabbûni",
"f": {"lang": "akk-x-neoass",
"form": "i-qa-bu-u-ni",
"cf": "qabû",
"gw": "say",
"sense": "say",
"norm": "iqabbûni",
"pos": "V",
"epos": "V"}
}
,
{
"node": "d",
"subtype": "reverse",
"type": "surface",
"ref": "P334070.r.13",
"type": "reverse",
"label": "r"}
,
{
"node": "d",
"type": "nonx",
"ref": "P334070.14",
"strict": "0",
"state": "other"}
]}
]}
]}
]}
