{
"type": "cdl",
  "source": "http://oracc.org/saao/saa05",
  "license": "This data is released under the CC0 license",
  "license-url": "https://creativecommons.org/publicdomain/zero/1.0/",
  "more-info": "http://oracc.org/doc/opendata/",
  "UTC-timestamp": "2017-05-19T11:27:49",
"project": "saao/saa05",
"textid": "P334369",
"cdl": [
{
"node": "c",
"type": "text",
"id": "P334369.U0",
"cdl": [
{
"node": "d",
"type": "object",
"ref": ""}
,
{
"node": "d",
"subtype": "obverse",
"type": "surface",
"ref": "P334369.o.1",
"type": "obverse",
"label": "o"}
,
{
"node": "c",
"type": "discourse",
"subtype": "body",
"id": "P334369.U1",
"cdl": [
{
"node": "c",
"type": "sentence",
"id": "P334369.U2",
"label": "o 1 - r 10",
"cdl": [
{
"node": "d",
"type": "line-start",
"ref": "P334369.2",
"n": "1",
"label": "o 1"}
,
{
"node": "l",
"frag": "a-na",
"id": "P334369.l0252e",
"ref": "P334369.2.1",
"inst": "ana[to]PRP",
"sig": "@saao/saa05%akk-x-neoass:a-na=ana[to//to]PRP'PRP$ana",
"f": {"lang": "akk-x-neoass",
"form": "a-na",
"cf": "ana",
"gw": "to",
"sense": "to",
"norm": "ana",
"pos": "PRP",
"epos": "PRP"}
}
,
{
"node": "l",
"frag": "LUGAL",
"id": "P334369.l0252f",
"ref": "P334369.2.2",
"inst": "šarri[king]N",
"sig": "@saao/saa05%akk-x-neoass:LUGAL=šarru[king//king]N'N$šarri",
"f": {"lang": "akk-x-neoass",
"form": "LUGAL",
"cf": "šarru",
"gw": "king",
"sense": "king",
"norm": "šarri",
"pos": "N",
"epos": "N"}
}
,
{
"node": "l",
"frag": "[be-li₂-ia₂]",
"id": "P334369.l02530",
"ref": "P334369.2.3",
"inst": "bēlīya[lord]N",
"sig": "@saao/saa05%akk-x-neoass:be-li₂-ia₂=bēlu[lord//lord]N'N$bēlīya",
"f": {"lang": "akk-x-neoass",
"form": "be-li₂-ia₂",
"cf": "bēlu",
"gw": "lord",
"sense": "lord",
"norm": "bēlīya",
"pos": "N",
"epos": "N"}
}
,
{
"node": "d",
"type": "line-start",
"ref": "P334369.3",
"n": "2",
"label": "o 2"}
,
{
"node": "l",
"frag": "ARAD-ka",
"id": "P334369.l02531",
"ref": "P334369.3.1",
"inst": "urdaka[servant]N",
"sig": "@saao/saa05%akk-x-neoass:ARAD-ka=ardu[slave//servant]N'N$urdaka",
"f": {"lang": "akk-x-neoass",
"form": "ARAD-ka",
"cf": "ardu",
"gw": "slave",
"sense": "servant",
"norm": "urdaka",
"pos": "N",
"epos": "N"}
}
,
{
"node": "l",
"frag": "{1}x",
"id": "P334369.l02532",
"ref": "P334369.3.2",
"inst": "u",
"f": {"lang": "akk-x-neoass",
"form": "{1}x",
"pos": "u"}
}
,
{
"node": "l",
"frag": "x",
"id": "P334369.l02533",
"ref": "P334369.3.3",
"inst": "u",
"f": {"lang": "akk-x-neoass",
"form": "x",
"pos": "u"}
}
,
{
"node": "l",
"frag": "x",
"id": "P334369.l02534",
"ref": "P334369.3.4",
"inst": "u",
"f": {"lang": "akk-x-neoass",
"form": "x",
"pos": "u"}
}
,
{
"node": "l",
"frag": "x]",
"id": "P334369.l02535",
"ref": "P334369.3.5",
"inst": "u",
"f": {"lang": "akk-x-neoass",
"form": "x",
"pos": "u"}
}
,
{
"node": "d",
"type": "line-start",
"ref": "P334369.4",
"n": "3",
"label": "o 3"}
,
{
"node": "l",
"frag": "lu-u",
"id": "P334369.l02536",
"ref": "P334369.4.1",
"inst": "lū[may]MOD",
"sig": "@saao/saa05%akk-x-neoass:lu-u=lū[may//may]MOD'MOD$lū",
"f": {"lang": "akk-x-neoass",
"form": "lu-u",
"cf": "lū",
"gw": "may",
"sense": "may",
"norm": "lū",
"pos": "MOD",
"epos": "MOD"}
}
,
{
"node": "l",
"frag": "DI-mu",
"id": "P334369.l02537",
"ref": "P334369.4.2",
"inst": "šulmu[health]N",
"sig": "@saao/saa05%akk-x-neoass:DI-mu=šulmu[completeness//health]N'N$šulmu",
"f": {"lang": "akk-x-neoass",
"form": "DI-mu",
"cf": "šulmu",
"gw": "completeness",
"sense": "health",
"norm": "šulmu",
"pos": "N",
"epos": "N"}
}
,
{
"node": "l",
"frag": "a-⸢na⸣",
"id": "P334369.l02538",
"ref": "P334369.4.3",
"inst": "ana[to]PRP",
"sig": "@saao/saa05%akk-x-neoass:a-na=ana[to//to]PRP'PRP$ana",
"f": {"lang": "akk-x-neoass",
"form": "a-na",
"cf": "ana",
"gw": "to",
"sense": "to",
"norm": "ana",
"pos": "PRP",
"epos": "PRP"}
}
,
{
"node": "l",
"frag": "[LUGAL",
"id": "P334369.l02539",
"ref": "P334369.4.4",
"inst": "šarri[king]N",
"sig": "@saao/saa05%akk-x-neoass:LUGAL=šarru[king//king]N'N$šarri",
"f": {"lang": "akk-x-neoass",
"form": "LUGAL",
"cf": "šarru",
"gw": "king",
"sense": "king",
"norm": "šarri",
"pos": "N",
"epos": "N"}
}
,
{
"node": "l",
"frag": "EN]-ia",
"id": "P334369.l0253a",
"ref": "P334369.4.5",
"inst": "bēlīya[lord]N",
"sig": "@saao/saa05%akk-x-neoass:EN-ia=bēlu[lord//lord]N'N$bēlīya",
"f": {"lang": "akk-x-neoass",
"form": "EN-ia",
"cf": "bēlu",
"gw": "lord",
"sense": "lord",
"norm": "bēlīya",
"pos": "N",
"epos": "N"}
}
,
{
"node": "d",
"type": "line-start",
"ref": "P334369.5",
"n": "4",
"label": "o 4"}
,
{
"node": "l",
"frag": "ša",
"id": "P334369.l0253b",
"ref": "P334369.5.1",
"inst": "ša[what]REL$",
"sig": "@saao/saa05%akk-x-neoass:ša=ša[that//what]REL'REL$ša",
"f": {"lang": "akk-x-neoass",
"form": "ša",
"cf": "ša",
"gw": "that",
"sense": "what",
"norm": "ša",
"pos": "REL",
"epos": "REL"}
}
,
{
"node": "l",
"frag": "LUGAL",
"id": "P334369.l0253c",
"ref": "P334369.5.2",
"inst": "šarru[king]N",
"sig": "@saao/saa05%akk-x-neoass:LUGAL=šarru[king//king]N'N$šarru",
"f": {"lang": "akk-x-neoass",
"form": "LUGAL",
"cf": "šarru",
"gw": "king",
"sense": "king",
"norm": "šarru",
"pos": "N",
"epos": "N"}
}
,
{
"node": "l",
"frag": "be-li₂",
"id": "P334369.l0253d",
"ref": "P334369.5.3",
"inst": "bēlī[lord]N",
"sig": "@saao/saa05%akk-x-neoass:be-li₂=bēlu[lord//lord]N'N$bēlī",
"f": {"lang": "akk-x-neoass",
"form": "be-li₂",
"cf": "bēlu",
"gw": "lord",
"sense": "lord",
"norm": "bēlī",
"pos": "N",
"epos": "N"}
}
,
{
"node": "c",
"type": "phrase",
"tag": "phr",
"id": "P334369.U4",
"ref": "P334369.ls00000",
"cdl": [
{
"node": "l",
"frag": "ina",
"id": "P334369.l0253e",
"ref": "P334369.5.4",
"inst": "ina[in+=in]PRP",
"sig": "@saao/saa05%akk-x-neoass:ina=ina[in//in]PRP'PRP$ina",
"f": {"lang": "akk-x-neoass",
"form": "ina",
"cf": "ina",
"gw": "in",
"sense": "in",
"norm": "ina",
"pos": "PRP",
"epos": "PRP"}
}
,
{
"node": "l",
"frag": "ŠA₃-bi",
"id": "P334369.l0253f",
"ref": "P334369.5.5",
"inst": "libbi[interior]N",
"sig": "@saao/saa05%akk-x-neoass:ŠA₃-bi=libbu[interior//interior]N'N$libbi",
"f": {"lang": "akk-x-neoass",
"form": "ŠA₃-bi",
"cf": "libbu",
"gw": "interior",
"sense": "interior",
"norm": "libbi",
"pos": "N",
"epos": "N"}
}
]}
,
{
"node": "l",
"frag": "un-qi",
"id": "P334369.l02540",
"ref": "P334369.5.6",
"inst": "unqu[ring//sealed royal order]N$unqi",
"sig": "@saao/saa05%akk-x-neoass:un-qi=unqu[ring//sealed royal order]N'N$unqi",
"f": {"lang": "akk-x-neoass",
"form": "un-qi",
"cf": "unqu",
"gw": "ring",
"sense": "sealed royal order",
"norm": "unqi",
"pos": "N",
"epos": "N"}
}
,
{
"node": "d",
"type": "line-start",
"ref": "P334369.6",
"n": "5",
"label": "o 5"}
,
{
"node": "l",
"frag": "u₂-še-bal-a-ni",
"id": "P334369.l02541",
"ref": "P334369.6.1",
"inst": "wabālu[bring//send]V$ušebbalāni",
"sig": "@saao/saa05%akk-x-neoass:u₂-še-bal-a-ni=wabālu[bring//send]V'V$ušebbalāni",
"f": {"lang": "akk-x-neoass",
"form": "u₂-še-bal-a-ni",
"cf": "wabālu",
"gw": "bring",
"sense": "send",
"norm": "ušebbalāni",
"pos": "V",
"epos": "V"}
}
,
{
"node": "l",
"frag": "a-na-ku",
"id": "P334369.l02542",
"ref": "P334369.6.2",
"inst": "anāku[I]IP",
"sig": "@saao/saa05%akk-x-neoass:a-na-ku=anāku[I//I]IP'IP$anāku",
"f": {"lang": "akk-x-neoass",
"form": "a-na-ku",
"cf": "anāku",
"gw": "I",
"sense": "I",
"norm": "anāku",
"pos": "IP",
"epos": "IP"}
}
,
{
"node": "d",
"type": "line-start",
"ref": "P334369.7",
"n": "6",
"label": "o 6"}
,
{
"node": "l",
"frag": "{1}15--BAD₃\\p",
"id": "P334369.l02543",
"ref": "P334369.7.1",
"inst": "Issar-duri[]PN$",
"sig": "@saao/saa05%akk-x-neoass:{1}15-BAD₃=Issar-duri[1//1]PN'PN$Issar-duri",
"f": {"lang": "akk-x-neoass",
"form": "{1}15-BAD₃",
"cf": "Issar-duri",
"gw": "1",
"sense": "1",
"norm": "Issar-duri",
"pos": "PN",
"epos": "PN"}
}
,
{
"node": "l",
"frag": "{lu₂v}qur-bu-tu₂",
"id": "P334369.l02544",
"ref": "P334369.7.2",
"inst": "ša-qurbūtu[(royal) confidant]N",
"sig": "@saao/saa05%akk-x-neoass:{LU₂}qur-bu-tu₂=ša-qurbūti[close follower//(royal) confidant]N'N$ša-qurbūtu",
"f": {"lang": "akk-x-neoass",
"form": "{LU₂}qur-bu-tu₂",
"cf": "ša-qurbūti",
"gw": "close follower",
"sense": "(royal) confidant",
"norm": "ša-qurbūtu",
"pos": "N",
"epos": "N"}
}
,
{
"node": "d",
"type": "line-start",
"ref": "P334369.8",
"n": "7",
"label": "o 7"}
,
{
"node": "l",
"frag": "⸢di⸣-ib-bi",
"id": "P334369.l02545",
"ref": "P334369.8.1",
"inst": "dibbī[words]N",
"sig": "@saao/saa05%akk-x-neoass:di-ib-bi=dibbu[words//words]N'N$dibbī",
"f": {"lang": "akk-x-neoass",
"form": "di-ib-bi",
"cf": "dibbu",
"gw": "words",
"sense": "words",
"norm": "dibbī",
"pos": "N",
"epos": "N"}
}
,
{
"node": "l",
"frag": "am-mar",
"id": "P334369.l02546",
"ref": "P334369.8.2",
"inst": "ammar[as much as//as many as]REL$",
"sig": "@saao/saa05%akk-x-neoass:am-mar=ammar[as much as//as many as]REL'REL$ammar",
"f": {"lang": "akk-x-neoass",
"form": "am-mar",
"cf": "ammar",
"gw": "as much as",
"sense": "as many as",
"norm": "ammar",
"pos": "REL",
"epos": "REL"}
}
,
{
"node": "l",
"frag": "il-li-bi-ni",
"id": "P334369.l02547",
"ref": "P334369.8.3",
"cof-tails": "P334369.l02548",
"inst": "ina[in+=in]PRP$ina&libbu[interior]N$libbīni",
"sig": "@saao/saa05%akk-x-neoass:il-li-bi-ni=ina[in//in]PRP'PRP$ina&&@saao%akk-x-neoass:=libbu[interior//interior]N'N$libbīni",
"f": {"lang": "akk-x-neoass",
"form": "il-li-bi-ni",
"cf": "ina",
"gw": "in",
"sense": "in",
"norm": "ina",
"pos": "PRP",
"epos": "PRP"}
}
,
{
"node": "l",
"frag": "il-li-bi-ni",
"id": "P334369.l02548",
"ref": "P334369.8.3",
"cof-head": "P334369.l02547",
"inst": "ina[in+=in]PRP$ina&libbu[interior]N$libbīni",
"tail-sig": "@saao%akk-x-neoass:=libbu[interior//interior]N'N$libbīni",
"f": {"lang": "akk-x-neoass",
"form": "il-li-bi-ni",
"cf": "libbu",
"gw": "interior",
"sense": "interior",
"norm": "libbīni",
"pos": "N",
"epos": "N"}
}
,
{
"node": "d",
"type": "line-start",
"ref": "P334369.9",
"n": "8",
"label": "o 8"}
,
{
"node": "l",
"frag": "[ni]-du-ba-aš₂-šu₂-nu",
"id": "P334369.l02549",
"ref": "P334369.9.1",
"inst": "dabābu[speak]V$niddubaššunu",
"sig": "@saao/saa05%akk-x-neoass:ni-du-ba-aš₂-šu₂-nu=dabābu[speak//speak]V'V$niddubaššunu",
"f": {"lang": "akk-x-neoass",
"form": "ni-du-ba-aš₂-šu₂-nu",
"cf": "dabābu",
"gw": "speak",
"sense": "speak",
"norm": "niddubaššunu",
"pos": "V",
"epos": "V"}
}
,
{
"node": "l",
"frag": "un-qu",
"id": "P334369.l0254a",
"ref": "P334369.9.2",
"inst": "unqu[ring//sealed royal order]N$",
"sig": "@saao/saa05%akk-x-neoass:un-qu=unqu[ring//sealed royal order]N'N$unqu",
"f": {"lang": "akk-x-neoass",
"form": "un-qu",
"cf": "unqu",
"gw": "ring",
"sense": "sealed royal order",
"norm": "unqu",
"pos": "N",
"epos": "N"}
}
,
{
"node": "d",
"type": "line-start",
"ref": "P334369.10",
"n": "9",
"label": "o 9"}
,
{
"node": "l",
"frag": "[ša]",
"id": "P334369.l0254b",
"ref": "P334369.10.1",
"inst": "ša[which]REL",
"sig": "@saao/saa05%akk-x-neoass:ša=ša[that//which]REL'REL$ša",
"f": {"lang": "akk-x-neoass",
"form": "ša",
"cf": "ša",
"gw": "that",
"sense": "which",
"norm": "ša",
"pos": "REL",
"epos": "REL"}
}
,
{
"node": "c",
"type": "phrase",
"tag": "phr",
"id": "P334369.U5",
"ref": "P334369.ls00001",
"cdl": [
{
"node": "l",
"frag": "ina",
"id": "P334369.l0254c",
"ref": "P334369.10.2",
"inst": "ina[in+=concerning]PRP",
"sig": "@saao/saa05%akk-x-neoass:ina=ina[in//in]PRP'PRP$ina",
"f": {"lang": "akk-x-neoass",
"form": "ina",
"cf": "ina",
"gw": "in",
"sense": "in",
"norm": "ina",
"pos": "PRP",
"epos": "PRP"}
}
,
{
"node": "l",
"frag": "UGU-hi-šu₂-nu",
"id": "P334369.l0254d",
"ref": "P334369.10.3",
"inst": "muhhišunu[skull]N",
"sig": "@saao/saa05%akk-x-neoass:UGU-hi-šu₂-nu=muhhu[skull//skull]N'N$muhhišunu",
"f": {"lang": "akk-x-neoass",
"form": "UGU-hi-šu₂-nu",
"cf": "muhhu",
"gw": "skull",
"sense": "skull",
"norm": "muhhišunu",
"pos": "N",
"epos": "N"}
}
]}
,
{
"node": "l",
"frag": "tal-li\\d-kan-ni",
"id": "P334369.l0254e",
"ref": "P334369.10.4",
"inst": "alāku[go//come]V$tallikanni",
"sig": "@saao/saa05%akk-x-neoass:tal-li-kan-ni=alāku[go//come]V'V$tallikanni",
"f": {"lang": "akk-x-neoass",
"form": "tal-li-kan-ni",
"cf": "alāku",
"gw": "go",
"sense": "come",
"norm": "tallikanni",
"pos": "V",
"epos": "V"}
}
,
{
"node": "d",
"type": "line-start",
"ref": "P334369.11",
"n": "10",
"label": "o 10"}
,
{
"node": "l",
"frag": "[nu]-sa-ša₂-me-šu₂-nu",
"id": "P334369.l0254f",
"ref": "P334369.11.1",
"inst": "šemû[hear]V$nussašmešunu",
"sig": "@saao/saa05%akk-x-neoass:nu-sa-ša₂-me-šu₂-nu=šemû[hear//hear]V'V$nussašmešunu",
"f": {"lang": "akk-x-neoass",
"form": "nu-sa-ša₂-me-šu₂-nu",
"cf": "šemû",
"gw": "hear",
"sense": "hear",
"norm": "nussašmešunu",
"pos": "V",
"epos": "V"}
}
,
{
"node": "l",
"frag": "i-da\\d-bu-bu",
"id": "P334369.l02550",
"ref": "P334369.11.2",
"inst": "dabābu[speak]V$idabbubu",
"sig": "@saao/saa05%akk-x-neoass:i-da-bu-bu=dabābu[speak//speak]V'V$idabbubu",
"f": {"lang": "akk-x-neoass",
"form": "i-da-bu-bu",
"cf": "dabābu",
"gw": "speak",
"sense": "speak",
"norm": "idabbubu",
"pos": "V",
"epos": "V"}
}
,
{
"node": "d",
"type": "line-start",
"ref": "P334369.12",
"n": "11",
"label": "o 11"}
,
{
"node": "l",
"frag": "[ma]-⸢a⸣",
"id": "P334369.l02551",
"ref": "P334369.12.1",
"inst": "mā[saying]PRP",
"sig": "@saao/saa05%akk-x-neoass:ma-a=mā[saying//saying]PRP'PRP$mā",
"f": {"lang": "akk-x-neoass",
"form": "ma-a",
"cf": "mā",
"gw": "saying",
"sense": "saying",
"norm": "mā",
"pos": "PRP",
"epos": "PRP"}
}
,
{
"node": "l",
"frag": "[šum₂]-⸢ma⸣",
"id": "P334369.l02552",
"ref": "P334369.12.2",
"inst": "šumma[if]MOD",
"sig": "@saao/saa05%akk-x-neoass:šum₂-ma=šumma[if//if]MOD'MOD$šumma",
"f": {"lang": "akk-x-neoass",
"form": "šum₂-ma",
"cf": "šumma",
"gw": "if",
"sense": "if",
"norm": "šumma",
"pos": "MOD",
"epos": "MOD"}
}
,
{
"node": "l",
"frag": "LUGAL",
"id": "P334369.l02553",
"ref": "P334369.12.3",
"inst": "šarru[king]N",
"sig": "@saao/saa05%akk-x-neoass:LUGAL=šarru[king//king]N'N$šarru",
"f": {"lang": "akk-x-neoass",
"form": "LUGAL",
"cf": "šarru",
"gw": "king",
"sense": "king",
"norm": "šarru",
"pos": "N",
"epos": "N"}
}
,
{
"node": "l",
"frag": "be-li₂-i-ni",
"id": "P334369.l02554",
"ref": "P334369.12.4",
"inst": "bēlu[lord]N$bēlīni",
"sig": "@saao/saa05%akk-x-neoass:be-li₂-i-ni=bēlu[lord//lord]N'N$bēlīni",
"f": {"lang": "akk-x-neoass",
"form": "be-li₂-i-ni",
"cf": "bēlu",
"gw": "lord",
"sense": "lord",
"norm": "bēlīni",
"pos": "N",
"epos": "N"}
}
,
{
"node": "l",
"frag": "be-⸢li₂",
"id": "P334369.l02555",
"ref": "P334369.12.5",
"inst": "bēlu[lord]N$bēli",
"sig": "@saao/saa05%akk-x-neoass:be-li₂=bēlu[lord//lord]N'N$bēli",
"f": {"lang": "akk-x-neoass",
"form": "be-li₂",
"cf": "bēlu",
"gw": "lord",
"sense": "lord",
"norm": "bēli",
"pos": "N",
"epos": "N"}
}
,
{
"node": "l",
"frag": "ša⸣",
"id": "P334369.l02556",
"ref": "P334369.12.6",
"inst": "ša[of]DET",
"sig": "@saao/saa05%akk-x-neoass:ša=ša[of//of]DET'DET$ša",
"f": {"lang": "akk-x-neoass",
"form": "ša",
"cf": "ša",
"gw": "of",
"sense": "of",
"norm": "ša",
"pos": "DET",
"epos": "DET"}
}
,
{
"node": "l",
"frag": "gab-bi",
"id": "P334369.l02557",
"ref": "P334369.12.7",
"inst": "gabbi[all]N",
"sig": "@saao/saa05%akk-x-neoass:gab-bi=gabbu[totality//all]N'N$gabbi",
"f": {"lang": "akk-x-neoass",
"form": "gab-bi",
"cf": "gabbu",
"gw": "totality",
"sense": "all",
"norm": "gabbi",
"pos": "N",
"epos": "N"}
}
,
{
"node": "d",
"type": "line-start",
"ref": "P334369.13",
"n": "12",
"label": "o 12"}
,
{
"node": "l",
"frag": "[šu]-u₂",
"id": "P334369.l02558",
"ref": "P334369.13.1",
"inst": "šû[he]IP",
"sig": "@saao/saa05%akk-x-neoass:šu-u₂=šū[he//he]IP'IP$šû",
"f": {"lang": "akk-x-neoass",
"form": "šu-u₂",
"cf": "šū",
"gw": "he",
"sense": "he",
"norm": "šû",
"pos": "IP",
"epos": "IP"}
}
,
{
"node": "l",
"frag": "ma-a",
"id": "P334369.l02559",
"ref": "P334369.13.2",
"inst": "mā[saying]PRP",
"sig": "@saao/saa05%akk-x-neoass:ma-a=mā[saying//saying]PRP'PRP$mā",
"f": {"lang": "akk-x-neoass",
"form": "ma-a",
"cf": "mā",
"gw": "saying",
"sense": "saying",
"norm": "mā",
"pos": "PRP",
"epos": "PRP"}
}
,
{
"node": "l",
"frag": "a-ni-nu",
"id": "P334369.l0255a",
"ref": "P334369.13.3",
"inst": "anīnu[we]IP",
"sig": "@saao/saa05%akk-x-neoass:a-ni-nu=anīnu[we//we]IP'IP$anīnu",
"f": {"lang": "akk-x-neoass",
"form": "a-ni-nu",
"cf": "anīnu",
"gw": "we",
"sense": "we",
"norm": "anīnu",
"pos": "IP",
"epos": "IP"}
}
,
{
"node": "l",
"frag": "mi-nu",
"id": "P334369.l0255b",
"ref": "P334369.13.4",
"inst": "mīnu[what?]QP",
"sig": "@saao/saa05%akk-x-neoass:mi-nu=mīnu[what?//what?]QP'QP$mīnu",
"f": {"lang": "akk-x-neoass",
"form": "mi-nu",
"cf": "mīnu",
"gw": "what?",
"sense": "what?",
"norm": "mīnu",
"pos": "QP",
"epos": "QP"}
}
,
{
"node": "l",
"frag": "ni-⸢qa⸣-bi",
"id": "P334369.l0255c",
"ref": "P334369.13.5",
"inst": "niqabbi[say]V",
"sig": "@saao/saa05%akk-x-neoass:ni-qa-bi=qabû[say//say]V'V$niqabbi",
"f": {"lang": "akk-x-neoass",
"form": "ni-qa-bi",
"cf": "qabû",
"gw": "say",
"sense": "say",
"norm": "niqabbi",
"pos": "V",
"epos": "V"}
}
,
{
"node": "d",
"type": "line-start",
"ref": "P334369.14",
"n": "13",
"label": "o 13"}
,
{
"node": "l",
"frag": "ma-a",
"id": "P334369.l0255d",
"ref": "P334369.14.1",
"inst": "mā[saying]PRP",
"sig": "@saao/saa05%akk-x-neoass:ma-a=mā[saying//saying]PRP'PRP$mā",
"f": {"lang": "akk-x-neoass",
"form": "ma-a",
"cf": "mā",
"gw": "saying",
"sense": "saying",
"norm": "mā",
"pos": "PRP",
"epos": "PRP"}
}
,
{
"node": "l",
"frag": "{lu₂v}ku-ma-a.a-e",
"id": "P334369.l0255e",
"ref": "P334369.14.2",
"inst": "Kummaya[Kummean]EN$Kummayaʾe",
"sig": "@saao/saa05%akk-x-neoass:{LU₂}ku-ma-a.a-e=Kummaya[Kummean//Kummean]EN'EN$Kummayaʾe",
"f": {"lang": "akk-x-neoass",
"form": "{LU₂}ku-ma-a.a-e",
"cf": "Kummaya",
"gw": "Kummean",
"sense": "Kummean",
"norm": "Kummayaʾe",
"pos": "EN",
"epos": "EN"}
}
,
{
"node": "l",
"frag": "am-mar",
"id": "P334369.l0255f",
"ref": "P334369.14.3",
"inst": "ammar[as much as//as many as]REL$",
"sig": "@saao/saa05%akk-x-neoass:am-mar=ammar[as much as//as many as]REL'REL$ammar",
"f": {"lang": "akk-x-neoass",
"form": "am-mar",
"cf": "ammar",
"gw": "as much as",
"sense": "as many as",
"norm": "ammar",
"pos": "REL",
"epos": "REL"}
}
,
{
"node": "l",
"frag": "ina",
"id": "P334369.l02560",
"ref": "P334369.14.4",
"inst": "ina[in]PRP",
"sig": "@saao/saa05%akk-x-neoass:ina=ina[in//in]PRP'PRP$ina",
"f": {"lang": "akk-x-neoass",
"form": "ina",
"cf": "ina",
"gw": "in",
"sense": "in",
"norm": "ina",
"pos": "PRP",
"epos": "PRP"}
}
,
{
"node": "l",
"frag": "KUR.KUR-MEŠ",
"id": "P334369.l02561",
"ref": "P334369.14.5",
"inst": "mātu[land]N$mātāti",
"sig": "@saao/saa05%akk-x-neoass:KUR.KUR-MEŠ=mātu[land//land]N'N$mātāti",
"f": {"lang": "akk-x-neoass",
"form": "KUR.KUR-MEŠ",
"cf": "mātu",
"gw": "land",
"sense": "land",
"norm": "mātāti",
"pos": "N",
"epos": "N"}
}
,
{
"node": "d",
"type": "line-start",
"ref": "P334369.15",
"n": "14",
"label": "o 14"}
,
{
"node": "l",
"frag": "E₂-MEŠ",
"id": "P334369.l02562",
"ref": "P334369.15.1",
"inst": "bētāti[house]N",
"sig": "@saao/saa05%akk-x-neoass:E₂-MEŠ=bītu[house//house]N'N$bētāti",
"f": {"lang": "akk-x-neoass",
"form": "E₂-MEŠ",
"cf": "bītu",
"gw": "house",
"sense": "house",
"norm": "bētāti",
"pos": "N",
"epos": "N"}
}
,
{
"node": "l",
"frag": "u₂-kal-lu-u-ni",
"id": "P334369.l02563",
"ref": "P334369.15.2",
"inst": "kullu[hold]V$ukâllûni",
"sig": "@saao/saa05%akk-x-neoass:u₂-kal-lu-u-ni=kullu[hold//hold]V'V$ukâllûni",
"f": {"lang": "akk-x-neoass",
"form": "u₂-kal-lu-u-ni",
"cf": "kullu",
"gw": "hold",
"sense": "hold",
"norm": "ukâllûni",
"pos": "V",
"epos": "V"}
}
,
{
"node": "d",
"type": "line-start",
"ref": "P334369.16",
"n": "15",
"label": "o 15"}
,
{
"node": "l",
"frag": "LUGAL",
"id": "P334369.l02564",
"ref": "P334369.16.1",
"inst": "šarru[king]N",
"sig": "@saao/saa05%akk-x-neoass:LUGAL=šarru[king//king]N'N$šarru",
"f": {"lang": "akk-x-neoass",
"form": "LUGAL",
"cf": "šarru",
"gw": "king",
"sense": "king",
"norm": "šarru",
"pos": "N",
"epos": "N"}
}
,
{
"node": "l",
"frag": "BE-ni",
"id": "P334369.l02565",
"ref": "P334369.16.2",
"inst": "bēlu[lord]N$bēlīni",
"sig": "@saao/saa05%akk-x-neoass:BE-ni=bēlu[lord//lord]N'N$bēlīni",
"f": {"lang": "akk-x-neoass",
"form": "BE-ni",
"cf": "bēlu",
"gw": "lord",
"sense": "lord",
"norm": "bēlīni",
"pos": "N",
"epos": "N"}
}
,
{
"node": "l",
"frag": "E₂",
"id": "P334369.l02566",
"ref": "P334369.16.3",
"inst": "bīt[where]SBJ$bēt",
"sig": "@saao/saa05%akk-x-neoass:E₂=bīt[where//where]SBJ'SBJ$bēt",
"f": {"lang": "akk-x-neoass",
"form": "E₂",
"cf": "bīt",
"gw": "where",
"sense": "where",
"norm": "bēt",
"pos": "SBJ",
"epos": "SBJ"}
}
,
{
"node": "l",
"frag": "ṭa\\d-bu-u-ni",
"id": "P334369.l02567",
"ref": "P334369.16.4",
"inst": "ṭābu[good]AJ$ṭābūni",
"sig": "@saao/saa05%akk-x-neoass:ṭa-bu-u-ni=ṭābu[good//good]AJ'AJ$ṭābūni",
"f": {"lang": "akk-x-neoass",
"form": "ṭa-bu-u-ni",
"cf": "ṭābu",
"gw": "good",
"sense": "good",
"norm": "ṭābūni",
"pos": "AJ",
"epos": "AJ"}
}
,
{
"node": "d",
"type": "line-start",
"ref": "P334369.17",
"n": "16",
"label": "o 16"}
,
{
"node": "l",
"frag": "lu-bi-li",
"id": "P334369.l02568",
"ref": "P334369.17.1",
"inst": "wabālu[bring]V$lūbīli",
"sig": "@saao/saa05%akk-x-neoass:lu-bi-li=wabālu[bring//bring]V'V$lūbīli",
"f": {"lang": "akk-x-neoass",
"form": "lu-bi-li",
"cf": "wabālu",
"gw": "bring",
"sense": "bring",
"norm": "lūbīli",
"pos": "V",
"epos": "V"}
}
,
{
"node": "l",
"frag": "u₃",
"id": "P334369.l02569",
"ref": "P334369.17.2",
"inst": "u[and]CNJ",
"sig": "@saao/saa05%akk-x-neoass:u₃=u[and//and]CNJ'CNJ$u",
"f": {"lang": "akk-x-neoass",
"form": "u₃",
"cf": "u",
"gw": "and",
"sense": "and",
"norm": "u",
"pos": "CNJ",
"epos": "CNJ"}
}
,
{
"node": "l",
"frag": "{lu₂v}ku-ma-a.a-e",
"id": "P334369.l0256a",
"ref": "P334369.17.3",
"inst": "Kummayaʾe[Kummean]EN",
"sig": "@saao/saa05%akk-x-neoass:{LU₂}ku-ma-a.a-e=Kummaya[Kummean//Kummean]EN'EN$Kummayaʾe",
"f": {"lang": "akk-x-neoass",
"form": "{LU₂}ku-ma-a.a-e",
"cf": "Kummaya",
"gw": "Kummean",
"sense": "Kummean",
"norm": "Kummayaʾe",
"pos": "EN",
"epos": "EN"}
}
,
{
"node": "d",
"type": "line-start",
"ref": "P334369.18",
"n": "17",
"label": "o 17"}
,
{
"node": "l",
"frag": "{lu₂v}da\\d-ia-a-li\\d",
"id": "P334369.l0256b",
"ref": "P334369.18.1",
"inst": "dayyālu[scout]N$dayālī",
"sig": "@saao/saa05%akk-x-neoass:{LU₂}da-ia-a-li=dayyālu[scout//scout]N'N$dayālī",
"f": {"lang": "akk-x-neoass",
"form": "{LU₂}da-ia-a-li",
"cf": "dayyālu",
"gw": "scout",
"sense": "scout",
"norm": "dayālī",
"pos": "N",
"epos": "N"}
}
,
{
"node": "l",
"frag": "ša",
"id": "P334369.l0256c",
"ref": "P334369.18.2",
"inst": "ša[who]REL",
"sig": "@saao/saa05%akk-x-neoass:ša=ša[that//who]REL'REL$ša",
"f": {"lang": "akk-x-neoass",
"form": "ša",
"cf": "ša",
"gw": "that",
"sense": "who",
"norm": "ša",
"pos": "REL",
"epos": "REL"}
}
,
{
"node": "l",
"frag": "TA@v\\m",
"id": "P334369.l0256d",
"ref": "P334369.18.3",
"inst": "issu[from]PRP",
"sig": "@saao/saa05%akk-x-neoass:TA@v=ištu[from//from]PRP'PRP$issu",
"f": {"lang": "akk-x-neoass",
"form": "TA@v",
"cf": "ištu",
"gw": "from",
"sense": "from",
"norm": "issu",
"pos": "PRP",
"epos": "PRP"}
}
,
{
"node": "l",
"frag": "{uru}ku-me",
"id": "P334369.l0256e",
"ref": "P334369.18.4",
"inst": "Kumme[]GN$",
"sig": "@saao/saa05%akk-x-neoass:{URU}ku-me=Kumme[1//1]GN'GN$Kumme",
"f": {"lang": "akk-x-neoass",
"form": "{URU}ku-me",
"cf": "Kumme",
"gw": "1",
"sense": "1",
"norm": "Kumme",
"pos": "GN",
"epos": "GN"}
}
,
{
"node": "d",
"type": "line-start",
"ref": "P334369.19",
"n": "18",
"label": "o 18"}
,
{
"node": "l",
"frag": "a-na\\t",
"id": "P334369.l0256f",
"ref": "P334369.19.1",
"inst": "ana[to]PRP",
"sig": "@saao/saa05%akk-x-neoass:a-na=ana[to//to]PRP'PRP$ana",
"f": {"lang": "akk-x-neoass",
"form": "a-na",
"cf": "ana",
"gw": "to",
"sense": "to",
"norm": "ana",
"pos": "PRP",
"epos": "PRP"}
}
,
{
"node": "l",
"frag": "na\\t-gur₂-tu₂",
"id": "P334369.l02570",
"ref": "P334369.19.2",
"inst": "nāgurtu[hire?//hire]N$",
"sig": "@saao/saa05%akk-x-neoass:na-gur₂-tu₂=nāgurtu[hire?//hire]N'N$nāgurtu",
"f": {"lang": "akk-x-neoass",
"form": "na-gur₂-tu₂",
"cf": "nāgurtu",
"gw": "hire?",
"sense": "hire",
"norm": "nāgurtu",
"pos": "N",
"epos": "N"}
}
,
{
"node": "l",
"frag": "il-li-ku-u-ni",
"id": "P334369.l02571",
"ref": "P334369.19.3",
"inst": "illikūni[come]V",
"sig": "@saao/saa05%akk-x-neoass:il-li-ku-u-ni=alāku[go//come]V'V$illikūni",
"f": {"lang": "akk-x-neoass",
"form": "il-li-ku-u-ni",
"cf": "alāku",
"gw": "go",
"sense": "come",
"norm": "illikūni",
"pos": "V",
"epos": "V"}
}
,
{
"node": "d",
"type": "line-start",
"ref": "P334369.20",
"n": "19",
"label": "o 19"}
,
{
"node": "l",
"frag": "u₂-di-ni",
"id": "P334369.l02572",
"ref": "P334369.20.1",
"inst": "udīni[yet]AV",
"sig": "@saao/saa05%akk-x-neoass:u₂-di-ni=udīni[up till now//yet]AV'AV$udīni",
"f": {"lang": "akk-x-neoass",
"form": "u₂-di-ni",
"cf": "udīni",
"gw": "up till now",
"sense": "yet",
"norm": "udīni",
"pos": "AV",
"epos": "AV"}
}
,
{
"node": "l",
"frag": "la",
"id": "P334369.l02573",
"ref": "P334369.20.2",
"inst": "lā[not]MOD",
"sig": "@saao/saa05%akk-x-neoass:la=lā[not//not]MOD'MOD$lā",
"f": {"lang": "akk-x-neoass",
"form": "la",
"cf": "lā",
"gw": "not",
"sense": "not",
"norm": "lā",
"pos": "MOD",
"epos": "MOD"}
}
,
{
"node": "l",
"frag": "il-la-ku-[u-ni]",
"id": "P334369.l02574",
"ref": "P334369.20.3",
"inst": "illakūni[come]V",
"sig": "@saao/saa05%akk-x-neoass:il-la-ku-u-ni=alāku[go//come]V'V$illakūni",
"f": {"lang": "akk-x-neoass",
"form": "il-la-ku-u-ni",
"cf": "alāku",
"gw": "go",
"sense": "come",
"norm": "illakūni",
"pos": "V",
"epos": "V"}
}
,
{
"node": "d",
"type": "line-start",
"ref": "P334369.21",
"n": "20",
"label": "o 20"}
,
{
"node": "l",
"frag": "am-ma-ka-ma",
"id": "P334369.l02575",
"ref": "P334369.21.1",
"inst": "ammaka[there]AV$ammākamma",
"sig": "@saao/saa05%akk-x-neoass:am-ma-ka-ma=ammaka[there//there]AV'AV$ammākamma",
"f": {"lang": "akk-x-neoass",
"form": "am-ma-ka-ma",
"cf": "ammaka",
"gw": "there",
"sense": "there",
"norm": "ammākamma",
"pos": "AV",
"epos": "AV"}
}
,
{
"node": "l",
"frag": "šu₂-nu",
"id": "P334369.l02576",
"ref": "P334369.21.2",
"inst": "šunu[they]IP",
"sig": "@saao/saa05%akk-x-neoass:šu₂-nu=šunu[they//they]IP'IP$šunu",
"f": {"lang": "akk-x-neoass",
"form": "šu₂-nu",
"cf": "šunu",
"gw": "they",
"sense": "they",
"norm": "šunu",
"pos": "IP",
"epos": "IP"}
}
,
{
"node": "l",
"frag": "LUGAL",
"id": "P334369.l02577",
"ref": "P334369.21.3",
"inst": "šarru[king]N",
"sig": "@saao/saa05%akk-x-neoass:LUGAL=šarru[king//king]N'N$šarru",
"f": {"lang": "akk-x-neoass",
"form": "LUGAL",
"cf": "šarru",
"gw": "king",
"sense": "king",
"norm": "šarru",
"pos": "N",
"epos": "N"}
}
,
{
"node": "l",
"frag": "be-[li₂]",
"id": "P334369.l02578",
"ref": "P334369.21.4",
"inst": "bēlī[lord]N",
"sig": "@saao/saa05%akk-x-neoass:be-li₂=bēlu[lord//lord]N'N$bēlī",
"f": {"lang": "akk-x-neoass",
"form": "be-li₂",
"cf": "bēlu",
"gw": "lord",
"sense": "lord",
"norm": "bēlī",
"pos": "N",
"epos": "N"}
}
,
{
"node": "d",
"type": "line-start",
"ref": "P334369.22",
"n": "21",
"label": "o 21"}
,
{
"node": "l",
"frag": "liš-al\\d",
"id": "P334369.l02579",
"ref": "P334369.22.1",
"inst": "lišʾal[ask]V",
"sig": "@saao/saa05%akk-x-neoass:liš-al=šâlu[ask//ask]V'V$lišʾal",
"f": {"lang": "akk-x-neoass",
"form": "liš-al",
"cf": "šâlu",
"gw": "ask",
"sense": "ask",
"norm": "lišʾal",
"pos": "V",
"epos": "V"}
}
,
{
"node": "l",
"frag": "lu-ṣi-ṣi",
"id": "P334369.l0257a",
"ref": "P334369.22.2",
"inst": "uṣṣuṣu[interrogate//investigate]V$luṣṣīṣi",
"sig": "@saao/saa05%akk-x-neoass:lu-ṣi-ṣi=uṣṣuṣu[interrogate//investigate]V'V$luṣṣīṣi",
"f": {"lang": "akk-x-neoass",
"form": "lu-ṣi-ṣi",
"cf": "uṣṣuṣu",
"gw": "interrogate",
"sense": "investigate",
"norm": "luṣṣīṣi",
"pos": "V",
"epos": "V"}
}
,
{
"node": "l",
"frag": "i-⸢su⸣-[ri]",
"id": "P334369.l0257b",
"ref": "P334369.22.3",
"inst": "issurri[perhaps]AV",
"sig": "@saao/saa05%akk-x-neoass:i-su-ri=issurri[perhaps//perhaps]AV'AV$issurri",
"f": {"lang": "akk-x-neoass",
"form": "i-su-ri",
"cf": "issurri",
"gw": "perhaps",
"sense": "perhaps",
"norm": "issurri",
"pos": "AV",
"epos": "AV"}
}
,
{
"node": "d",
"type": "line-start",
"ref": "P334369.23",
"n": "22",
"label": "o 22"}
,
{
"node": "l",
"frag": "⸢qa-ni\\d⸣",
"id": "P334369.l0257c",
"ref": "P334369.23.1",
"inst": "qanni[fringe//together with]N'PRP",
"sig": "@saao/saa05%akk-x-neoass:qa-ni=qannu[fringe//together with]N'PRP$qanni",
"f": {"lang": "akk-x-neoass",
"form": "qa-ni",
"cf": "qannu",
"gw": "fringe",
"sense": "together with",
"norm": "qanni",
"pos": "N",
"epos": "PRP"}
}
,
{
"node": "l",
"frag": "am-mu-te",
"id": "P334369.l0257d",
"ref": "P334369.23.2",
"inst": "ammūte[that]DP",
"sig": "@saao/saa05%akk-x-neoass:am-mu-te=ammiu[that//that]DP'DP$ammūte",
"f": {"lang": "akk-x-neoass",
"form": "am-mu-te",
"cf": "ammiu",
"gw": "that",
"sense": "that",
"norm": "ammūte",
"pos": "DP",
"epos": "DP"}
}
,
{
"node": "d",
"type": "line-start",
"ref": "P334369.24",
"n": "23",
"label": "o 23"}
,
{
"node": "l",
"frag": "u₂-ša₂-ga-lu-šu₂-nu",
"id": "P334369.l0257e",
"ref": "P334369.24.1",
"inst": "galû[be(come) deported]V$ušagalušunu",
"sig": "@saao/saa05%akk-x-neoass:u₂-ša₂-ga-lu-šu₂-nu=galû[be(come) deported//be(come) deported]V'V$ušagalušunu",
"f": {"lang": "akk-x-neoass",
"form": "u₂-ša₂-ga-lu-šu₂-nu",
"cf": "galû",
"gw": "be(come) deported",
"sense": "be(come) deported",
"norm": "ušagalušunu",
"pos": "V",
"epos": "V"}
}
,
{
"node": "d",
"type": "line-start",
"ref": "P334369.25",
"n": "24",
"label": "o 24"}
,
{
"node": "l",
"frag": "LUGAL",
"id": "P334369.l0257f",
"ref": "P334369.25.1",
"inst": "šarru[king]N",
"sig": "@saao/saa05%akk-x-neoass:LUGAL=šarru[king//king]N'N$šarru",
"f": {"lang": "akk-x-neoass",
"form": "LUGAL",
"cf": "šarru",
"gw": "king",
"sense": "king",
"norm": "šarru",
"pos": "N",
"epos": "N"}
}
,
{
"node": "l",
"frag": "be-li₂",
"id": "P334369.l02580",
"ref": "P334369.25.2",
"inst": "bēlī[lord]N",
"sig": "@saao/saa05%akk-x-neoass:be-li₂=bēlu[lord//lord]N'N$bēlī",
"f": {"lang": "akk-x-neoass",
"form": "be-li₂",
"cf": "bēlu",
"gw": "lord",
"sense": "lord",
"norm": "bēlī",
"pos": "N",
"epos": "N"}
}
,
{
"node": "l",
"frag": "ina",
"id": "P334369.l02581",
"ref": "P334369.25.3",
"inst": "ina[in//to]PRP$",
"sig": "@saao/saa05%akk-x-neoass:ina=ina[in//to]PRP'PRP$ina",
"f": {"lang": "akk-x-neoass",
"form": "ina",
"cf": "ina",
"gw": "in",
"sense": "to",
"norm": "ina",
"pos": "PRP",
"epos": "PRP"}
}
,
{
"node": "l",
"frag": "{uru}ku-me",
"id": "P334369.l02582",
"ref": "P334369.25.4",
"inst": "Kumme[1]GN",
"sig": "@saao/saa05%akk-x-neoass:{URU}ku-me=Kumme[1//1]GN'GN$Kumme",
"f": {"lang": "akk-x-neoass",
"form": "{URU}ku-me",
"cf": "Kumme",
"gw": "1",
"sense": "1",
"norm": "Kumme",
"pos": "GN",
"epos": "GN"}
}
,
{
"node": "d",
"type": "line-start",
"ref": "P334369.26",
"n": "25",
"label": "o 25"}
,
{
"node": "l",
"frag": "lu-sa-hi-ir-šu₂-nu",
"id": "P334369.l02583",
"ref": "P334369.26.1",
"inst": "sahāru[go around//return]V$lusahhiršunu",
"sig": "@saao/saa05%akk-x-neoass:lu-sa-hi-ir-šu₂-nu=sahāru[go around//return]V'V$lusahhiršunu",
"f": {"lang": "akk-x-neoass",
"form": "lu-sa-hi-ir-šu₂-nu",
"cf": "sahāru",
"gw": "go around",
"sense": "return",
"norm": "lusahhiršunu",
"pos": "V",
"epos": "V"}
}
,
{
"node": "d",
"subtype": "reverse",
"type": "surface",
"ref": "P334369.r.27",
"type": "reverse",
"label": "r"}
,
{
"node": "d",
"type": "line-start",
"ref": "P334369.28",
"n": "1",
"label": "r 1"}
,
{
"node": "l",
"frag": "LUGAL",
"id": "P334369.l02584",
"ref": "P334369.28.1",
"inst": "šarru[king]N",
"sig": "@saao/saa05%akk-x-neoass:LUGAL=šarru[king//king]N'N$šarru",
"f": {"lang": "akk-x-neoass",
"form": "LUGAL",
"cf": "šarru",
"gw": "king",
"sense": "king",
"norm": "šarru",
"pos": "N",
"epos": "N"}
}
,
{
"node": "l",
"frag": "be-li₂",
"id": "P334369.l02585",
"ref": "P334369.28.2",
"inst": "bēlī[lord]N",
"sig": "@saao/saa05%akk-x-neoass:be-li₂=bēlu[lord//lord]N'N$bēlī",
"f": {"lang": "akk-x-neoass",
"form": "be-li₂",
"cf": "bēlu",
"gw": "lord",
"sense": "lord",
"norm": "bēlī",
"pos": "N",
"epos": "N"}
}
,
{
"node": "l",
"frag": "u₂-da",
"id": "P334369.l02586",
"ref": "P334369.28.3",
"inst": "ūda[know]V",
"sig": "@saao/saa05%akk-x-neoass:u₂-da=wadû[know//know]V'V$ūda",
"f": {"lang": "akk-x-neoass",
"form": "u₂-da",
"cf": "wadû",
"gw": "know",
"sense": "know",
"norm": "ūda",
"pos": "V",
"epos": "V"}
}
,
{
"node": "l",
"frag": "a-ki",
"id": "P334369.l02587",
"ref": "P334369.28.4",
"inst": "akī[as//that]PRP'SBJ$",
"sig": "@saao/saa05%akk-x-neoass:a-ki=akī[as//that]PRP'SBJ$akī",
"f": {"lang": "akk-x-neoass",
"form": "a-ki",
"cf": "akī",
"gw": "as",
"sense": "that",
"norm": "akī",
"pos": "PRP",
"epos": "SBJ"}
}
,
{
"node": "l",
"frag": "[o]",
"id": "P334369.l02588",
"ref": "P334369.28.5",
"inst": "u",
"f": {"lang": "akk-x-neoass",
"form": "o",
"pos": "u"}
}
,
{
"node": "d",
"type": "line-start",
"ref": "P334369.29",
"n": "2",
"label": "r 2"}
,
{
"node": "c",
"type": "phrase",
"tag": "phr",
"id": "P334369.U6",
"ref": "P334369.ls00002",
"cdl": [
{
"node": "l",
"frag": "TA@v\\m",
"id": "P334369.l02589",
"ref": "P334369.29.1",
"inst": "issu[from+=from]PRP",
"sig": "@saao/saa05%akk-x-neoass:TA@v=ištu[from//from]PRP'PRP$issu",
"f": {"lang": "akk-x-neoass",
"form": "TA@v",
"cf": "ištu",
"gw": "from",
"sense": "from",
"norm": "issu",
"pos": "PRP",
"epos": "PRP"}
}
,
{
"node": "l",
"frag": "ŠA₃",
"id": "P334369.l0258a",
"ref": "P334369.29.2",
"inst": "libbi[interior]N",
"sig": "@saao/saa05%akk-x-neoass:ŠA₃=libbu[interior//interior]N'N$libbi",
"f": {"lang": "akk-x-neoass",
"form": "ŠA₃",
"cf": "libbu",
"gw": "interior",
"sense": "interior",
"norm": "libbi",
"pos": "N",
"epos": "N"}
}
]}
,
{
"node": "l",
"frag": "{kur}URI\\d",
"id": "P334369.l0258b",
"ref": "P334369.29.3",
"inst": "Urarṭi[1]GN",
"sig": "@saao/saa05%akk-x-neoass:{KUR}URI=Urarṭu[1//1]GN'GN$Urarṭi",
"f": {"lang": "akk-x-neoass",
"form": "{KUR}URI",
"cf": "Urarṭu",
"gw": "1",
"sense": "1",
"norm": "Urarṭi",
"pos": "GN",
"epos": "GN"}
}
,
{
"node": "l",
"frag": "bat-qu-ni",
"id": "P334369.l0258c",
"ref": "P334369.29.4",
"inst": "batqu[cut (off)]AJ$batqūni",
"sig": "@saao/saa05%akk-x-neoass:bat-qu-ni=batqu[cut (off)//cut (off)]AJ'AJ$batqūni",
"f": {"lang": "akk-x-neoass",
"form": "bat-qu-ni",
"cf": "batqu",
"gw": "cut (off)",
"sense": "cut (off)",
"norm": "batqūni",
"pos": "AJ",
"epos": "AJ"}
}
,
{
"node": "l",
"frag": "[o]",
"id": "P334369.l0258d",
"ref": "P334369.29.5",
"inst": "u",
"f": {"lang": "akk-x-neoass",
"form": "o",
"pos": "u"}
}
,
{
"node": "d",
"type": "line-start",
"ref": "P334369.30",
"n": "3",
"label": "r 3"}
,
{
"node": "l",
"frag": "ina",
"id": "P334369.l0258e",
"ref": "P334369.30.1",
"inst": "ina[in]PRP",
"sig": "@saao/saa05%akk-x-neoass:ina=ina[in//in]PRP'PRP$ina",
"f": {"lang": "akk-x-neoass",
"form": "ina",
"cf": "ina",
"gw": "in",
"sense": "in",
"norm": "ina",
"pos": "PRP",
"epos": "PRP"}
}
,
{
"node": "c",
"type": "phrase",
"tag": "phr",
"id": "P334369.U7",
"ref": "P334369.ls00003",
"cdl": [
{
"node": "l",
"frag": "KUR-aš-šur",
"id": "P334369.l0258f",
"ref": "P334369.30.2",
"cof-tails": "P334369.l02590",
"inst": "mātu[land]N$māt&Aššur[1]DN",
"sig": "@saao/saa05%akk-x-neoass:KUR-aš-šur=mātu[land//land]N'N$māt&&@saao%akk-x-neoass:=Aššur[1//1]DN'DN$Aššur",
"f": {"lang": "akk-x-neoass",
"form": "KUR-aš-šur",
"cf": "mātu",
"gw": "land",
"sense": "land",
"norm": "māt",
"pos": "N",
"epos": "N"}
}
,
{
"node": "l",
"frag": "KUR-aš-šur",
"id": "P334369.l02590",
"ref": "P334369.30.2",
"cof-head": "P334369.l0258f",
"inst": "mātu[land]N$māt&Aššur[1]DN",
"tail-sig": "@saao%akk-x-neoass:=Aššur[1//1]DN'DN$Aššur",
"f": {"lang": "akk-x-neoass",
"form": "KUR-aš-šur",
"cf": "Aššur",
"gw": "1",
"sense": "1",
"norm": "Aššur",
"pos": "DN",
"epos": "DN"}
}
]}
,
{
"node": "l",
"frag": "a-na\\t",
"id": "P334369.l02591",
"ref": "P334369.30.3",
"inst": "ana[to//for]PRP$",
"sig": "@saao/saa05%akk-x-neoass:a-na=ana[to//for]PRP'PRP$ana",
"f": {"lang": "akk-x-neoass",
"form": "a-na",
"cf": "ana",
"gw": "to",
"sense": "for",
"norm": "ana",
"pos": "PRP",
"epos": "PRP"}
}
,
{
"node": "l",
"frag": "na-gur₂-te",
"id": "P334369.l02592",
"ref": "P334369.30.4",
"inst": "nāgurtu[hire?//hire]N$nāgurte",
"sig": "@saao/saa05%akk-x-neoass:na-gur₂-te=nāgurtu[hire?//hire]N'N$nāgurte",
"f": {"lang": "akk-x-neoass",
"form": "na-gur₂-te",
"cf": "nāgurtu",
"gw": "hire?",
"sense": "hire",
"norm": "nāgurte",
"pos": "N",
"epos": "N"}
}
,
{
"node": "l",
"frag": "šu₂-nu-ni",
"id": "P334369.l02593",
"ref": "P334369.30.5",
"inst": "šunūni[they]IP",
"sig": "@saao/saa05%akk-x-neoass:šu₂-nu-ni=šunu[they//they]IP'IP$šunūni",
"f": {"lang": "akk-x-neoass",
"form": "šu₂-nu-ni",
"cf": "šunu",
"gw": "they",
"sense": "they",
"norm": "šunūni",
"pos": "IP",
"epos": "IP"}
}
,
{
"node": "d",
"type": "line-start",
"ref": "P334369.31",
"n": "4",
"label": "r 4"}
,
{
"node": "c",
"type": "phrase",
"tag": "phr",
"id": "P334369.U8",
"ref": "P334369.ls00004",
"cdl": [
{
"node": "l",
"frag": "ina",
"id": "P334369.l02594",
"ref": "P334369.31.1",
"inst": "ina[in+=concerning]PRP",
"sig": "@saao/saa05%akk-x-neoass:ina=ina[in//in]PRP'PRP$ina",
"f": {"lang": "akk-x-neoass",
"form": "ina",
"cf": "ina",
"gw": "in",
"sense": "in",
"norm": "ina",
"pos": "PRP",
"epos": "PRP"}
}
,
{
"node": "l",
"frag": "UGU",
"id": "P334369.l02595",
"ref": "P334369.31.2",
"inst": "muhhi[skull]N",
"sig": "@saao/saa05%akk-x-neoass:UGU=muhhu[skull//skull]N'N$muhhi",
"f": {"lang": "akk-x-neoass",
"form": "UGU",
"cf": "muhhu",
"gw": "skull",
"sense": "skull",
"norm": "muhhi",
"pos": "N",
"epos": "N"}
}
]}
,
{
"node": "l",
"frag": "{giš}ziq-pi",
"id": "P334369.l02596",
"ref": "P334369.31.3",
"inst": "ziqpu[shoot//sapling]N$ziqpī",
"sig": "@saao/saa05%akk-x-neoass:{GIŠ}ziq-pi=ziqpu[shoot//sapling]N'N$ziqpī",
"f": {"lang": "akk-x-neoass",
"form": "{GIŠ}ziq-pi",
"cf": "ziqpu",
"gw": "shoot",
"sense": "sapling",
"norm": "ziqpī",
"pos": "N",
"epos": "N"}
}
,
{
"node": "l",
"frag": "ša\\dy",
"id": "P334369.l02597",
"ref": "P334369.31.4",
"inst": "ša[which]REL",
"sig": "@saao/saa05%akk-x-neoass:ša=ša[that//which]REL'REL$ša",
"f": {"lang": "akk-x-neoass",
"form": "ša",
"cf": "ša",
"gw": "that",
"sense": "which",
"norm": "ša",
"pos": "REL",
"epos": "REL"}
}
,
{
"node": "l",
"frag": "LUGAL",
"id": "P334369.l02598",
"ref": "P334369.31.5",
"inst": "šarru[king]N",
"sig": "@saao/saa05%akk-x-neoass:LUGAL=šarru[king//king]N'N$šarru",
"f": {"lang": "akk-x-neoass",
"form": "LUGAL",
"cf": "šarru",
"gw": "king",
"sense": "king",
"norm": "šarru",
"pos": "N",
"epos": "N"}
}
,
{
"node": "l",
"frag": "be-li₂",
"id": "P334369.l02599",
"ref": "P334369.31.6",
"inst": "bēlī[lord]N",
"sig": "@saao/saa05%akk-x-neoass:be-li₂=bēlu[lord//lord]N'N$bēlī",
"f": {"lang": "akk-x-neoass",
"form": "be-li₂",
"cf": "bēlu",
"gw": "lord",
"sense": "lord",
"norm": "bēlī",
"pos": "N",
"epos": "N"}
}
,
{
"node": "d",
"type": "line-start",
"ref": "P334369.32",
"n": "5",
"label": "r 5"}
,
{
"node": "l",
"frag": "iš-pu-ra-ni",
"id": "P334369.l0259a",
"ref": "P334369.32.1",
"inst": "šapāru[send//write]V$išpuranni",
"sig": "@saao/saa05%akk-x-neoass:iš-pu-ra-ni=šapāru[send//write]V'V$išpuranni",
"f": {"lang": "akk-x-neoass",
"form": "iš-pu-ra-ni",
"cf": "šapāru",
"gw": "send",
"sense": "write",
"norm": "išpuranni",
"pos": "V",
"epos": "V"}
}
,
{
"node": "l",
"frag": "ku-up-pu",
"id": "P334369.l0259b",
"ref": "P334369.32.2",
"inst": "kuppû[snow]N$kuppu",
"sig": "@saao/saa05%akk-x-neoass:ku-up-pu=kuppû[snow//snow]N'N$kuppu",
"f": {"lang": "akk-x-neoass",
"form": "ku-up-pu",
"cf": "kuppû",
"gw": "snow",
"sense": "snow",
"norm": "kuppu",
"pos": "N",
"epos": "N"}
}
,
{
"node": "d",
"type": "line-start",
"ref": "P334369.33",
"n": "6",
"label": "r 6"}
,
{
"node": "l",
"frag": "qar-hu",
"id": "P334369.l0259c",
"ref": "P334369.33.1",
"inst": "qarhu[ice]N$",
"sig": "@saao/saa05%akk-x-neoass:qar-hu=qarhu[ice//ice]N'N$qarhu",
"f": {"lang": "akk-x-neoass",
"form": "qar-hu",
"cf": "qarhu",
"gw": "ice",
"sense": "ice",
"norm": "qarhu",
"pos": "N",
"epos": "N"}
}
,
{
"node": "l",
"frag": "KALAG-an",
"id": "P334369.l0259d",
"ref": "P334369.33.2",
"inst": "dannu[strong]AJ$dān",
"sig": "@saao/saa05%akk-x-neoass:KALAG-an=dannu[strong//strong]AJ'AJ$dān",
"f": {"lang": "akk-x-neoass",
"form": "KALAG-an",
"cf": "dannu",
"gw": "strong",
"sense": "strong",
"norm": "dān",
"pos": "AJ",
"epos": "AJ"}
}
,
{
"node": "l",
"frag": "u₂\\m-di-ni",
"id": "P334369.l0259e",
"ref": "P334369.33.3",
"inst": "udīni[yet]AV",
"sig": "@saao/saa05%akk-x-neoass:u₂-di-ni=udīni[up till now//yet]AV'AV$udīni",
"f": {"lang": "akk-x-neoass",
"form": "u₂-di-ni",
"cf": "udīni",
"gw": "up till now",
"sense": "yet",
"norm": "udīni",
"pos": "AV",
"epos": "AV"}
}
,
{
"node": "d",
"type": "line-start",
"ref": "P334369.34",
"n": "7",
"label": "r 7"}
,
{
"node": "l",
"frag": "le-ma-tu₂-hu",
"id": "P334369.l0259f",
"ref": "P334369.34.1",
"cof-tails": "P334369.l025a0",
"inst": "lā[not]MOD$&matāhu[lift//pick up]V$imattuhu",
"sig": "@saao/saa05%akk-x-neoass:le-ma-tu₂-hu=lā[not//not]MOD'MOD$lā&&@saao%akk-x-neoass:=matāhu[lift//pick up]V'V$imattuhu",
"f": {"lang": "akk-x-neoass",
"form": "le-ma-tu₂-hu",
"cf": "lā",
"gw": "not",
"sense": "not",
"norm": "lā",
"pos": "MOD",
"epos": "MOD"}
}
,
{
"node": "l",
"frag": "le-ma-tu₂-hu",
"id": "P334369.l025a0",
"ref": "P334369.34.1",
"cof-head": "P334369.l0259f",
"inst": "lā[not]MOD$&matāhu[lift//pick up]V$imattuhu",
"tail-sig": "@saao%akk-x-neoass:=matāhu[lift//pick up]V'V$imattuhu",
"f": {"lang": "akk-x-neoass",
"form": "le-ma-tu₂-hu",
"cf": "matāhu",
"gw": "lift",
"sense": "pick up",
"norm": "imattuhu",
"pos": "V",
"epos": "V"}
}
,
{
"node": "l",
"frag": "SAG.DU",
"id": "P334369.l025a1",
"ref": "P334369.34.2",
"inst": "kaqqad[beginning]N",
"sig": "@saao/saa05%akk-x-neoass:SAG.DU=qaqqadu[head//beginning]N'N$kaqqad",
"f": {"lang": "akk-x-neoass",
"form": "SAG.DU",
"cf": "qaqqadu",
"gw": "head",
"sense": "beginning",
"norm": "kaqqad",
"pos": "N",
"epos": "N"}
}
,
{
"node": "l",
"frag": "DINGIR",
"id": "P334369.l025a2",
"ref": "P334369.34.3",
"inst": "ilu[god]N$",
"sig": "@saao/saa05%akk-x-neoass:DINGIR=ilu[god//god]N'N$ilu",
"f": {"lang": "akk-x-neoass",
"form": "DINGIR",
"cf": "ilu",
"gw": "god",
"sense": "god",
"norm": "ilu",
"pos": "N",
"epos": "N"}
}
,
{
"node": "l",
"frag": "GIBIL",
"id": "P334369.l025a3",
"ref": "P334369.34.4",
"inst": "eššu[new]AJ$",
"sig": "@saao/saa05%akk-x-neoass:GIBIL=eššu[new//new]AJ'AJ$eššu",
"f": {"lang": "akk-x-neoass",
"form": "GIBIL",
"cf": "eššu",
"gw": "new",
"sense": "new",
"norm": "eššu",
"pos": "AJ",
"epos": "AJ"}
}
,
{
"node": "d",
"type": "line-start",
"ref": "P334369.35",
"n": "8",
"label": "r 8"}
,
{
"node": "l",
"frag": "ša",
"id": "P334369.l025a4",
"ref": "P334369.35.1",
"inst": "ša[of]DET",
"sig": "@saao/saa05%akk-x-neoass:ša=ša[of//of]DET'DET$ša",
"f": {"lang": "akk-x-neoass",
"form": "ša",
"cf": "ša",
"gw": "of",
"sense": "of",
"norm": "ša",
"pos": "DET",
"epos": "DET"}
}
,
{
"node": "l",
"frag": "{itim}ŠE",
"id": "P334369.l025a5",
"ref": "P334369.35.2",
"inst": "Addari[Adar]MN",
"sig": "@saao/saa05%akk-x-neoass:{ITI}ŠE=Addaru[Adar//Adar]MN'MN$Addari",
"f": {"lang": "akk-x-neoass",
"form": "{ITI}ŠE",
"cf": "Addaru",
"gw": "Adar",
"sense": "Adar",
"norm": "Addari",
"pos": "MN",
"epos": "MN"}
}
,
{
"node": "l",
"frag": "ina",
"id": "P334369.l025a6",
"ref": "P334369.35.3",
"inst": "ina[in]PRP",
"sig": "@saao/saa05%akk-x-neoass:ina=ina[in//in]PRP'PRP$ina",
"f": {"lang": "akk-x-neoass",
"form": "ina",
"cf": "ina",
"gw": "in",
"sense": "in",
"norm": "ina",
"pos": "PRP",
"epos": "PRP"}
}
,
{
"node": "l",
"frag": "{uru}BAD₃\\p-{1}LUGAL-GI.NA\\t",
"id": "P334369.l025a7",
"ref": "P334369.35.4",
"inst": "Dur-Šarruken[]GN$",
"sig": "@saao/saa05%akk-x-neoass:{URU}BAD₃-{1}LUGAL-GI.NA=Dur-Šarruken[1//1]GN'GN$Dur-Šarruken",
"f": {"lang": "akk-x-neoass",
"form": "{URU}BAD₃-{1}LUGAL-GI.NA",
"cf": "Dur-Šarruken",
"gw": "1",
"sense": "1",
"norm": "Dur-Šarruken",
"pos": "GN",
"epos": "GN"}
}
,
{
"node": "d",
"type": "line-start",
"ref": "P334369.36",
"n": "9",
"label": "r 9"}
,
{
"node": "l",
"frag": "⸢i⸣-ma-tu₂-hu",
"id": "P334369.l025a8",
"ref": "P334369.36.1",
"inst": "matāhu[lift//pick up]V$imattuhu",
"sig": "@saao/saa05%akk-x-neoass:i-ma-tu₂-hu=matāhu[lift//pick up]V'V$imattuhu",
"f": {"lang": "akk-x-neoass",
"form": "i-ma-tu₂-hu",
"cf": "matāhu",
"gw": "lift",
"sense": "pick up",
"norm": "imattuhu",
"pos": "V",
"epos": "V"}
}
,
{
"node": "l",
"frag": "u₂\\m-bu-lu",
"id": "P334369.l025a9",
"ref": "P334369.36.2",
"inst": "ubbulu[bring]V",
"sig": "@saao/saa05%akk-x-neoass:u₂-bu-lu=wabālu[bring//bring]V'V$ubbulu",
"f": {"lang": "akk-x-neoass",
"form": "u₂-bu-lu",
"cf": "wabālu",
"gw": "bring",
"sense": "bring",
"norm": "ubbulu",
"pos": "V",
"epos": "V"}
}
,
{
"node": "d",
"type": "line-start",
"ref": "P334369.37",
"n": "10",
"label": "r 10"}
,
{
"node": "l",
"frag": "⸢al⸣-la-ka",
"id": "P334369.l025aa",
"ref": "P334369.37.1",
"inst": "alāku[go//come]V$allaka",
"sig": "@saao/saa05%akk-x-neoass:al-la-ka=alāku[go//come]V'V$allaka",
"f": {"lang": "akk-x-neoass",
"form": "al-la-ka",
"cf": "alāku",
"gw": "go",
"sense": "come",
"norm": "allaka",
"pos": "V",
"epos": "V"}
}
,
{
"node": "l",
"frag": "ṭe₃-me",
"id": "P334369.l025ab",
"ref": "P334369.37.2",
"inst": "ṭēmu[(fore)thought//report]N$ṭēmē",
"sig": "@saao/saa05%akk-x-neoass:ṭe₃-me=ṭēmu[(fore)thought//report]N'N$ṭēmē",
"f": {"lang": "akk-x-neoass",
"form": "ṭe₃-me",
"cf": "ṭēmu",
"gw": "(fore)thought",
"sense": "report",
"norm": "ṭēmē",
"pos": "N",
"epos": "N"}
}
,
{
"node": "l",
"frag": "u₂-ta-ra",
"id": "P334369.l025ac",
"ref": "P334369.37.3",
"inst": "târu[turn//return]V$utâra",
"sig": "@saao/saa05%akk-x-neoass:u₂-ta-ra=târu[turn//return]V'V$utâra",
"f": {"lang": "akk-x-neoass",
"form": "u₂-ta-ra",
"cf": "târu",
"gw": "turn",
"sense": "return",
"norm": "utâra",
"pos": "V",
"epos": "V"}
}
]}
]}
]}
,
{
"linkbase": [{
"type": "linkset",
"xlink_title": "ina libbi[in//(in exchange) for]PRP'PRP",
"id": "P334369.ls00000",
"xlink_type": "extended",
"xlink_role": "psu",
"sig": "{ina[in]PRP libbu[interior]N += ina libbi[in//(in exchange) for]PRP'PRP}::@saao%akk-x-neoass:ina=ina[in//into]PRP'PRP$ina++@saao%akk-x-neoass:ŠA₃-bi=libbu[interior//interior]N'N$libbi",
"links": [
{
"type": "link",
"xlink_title": "ina",
"xlink_type": "locator",
"xlink_href": "#P334369.l0253e",
"xlink_role": "elt"}
,
{
"type": "link",
"xlink_title": "libbi",
"xlink_type": "locator",
"xlink_href": "#P334369.l0253f",
"xlink_role": "elt"}
]}
,
{
"type": "linkset",
"xlink_title": "ina muhhi[on//about]PRP'PRP",
"id": "P334369.ls00001",
"xlink_type": "extended",
"xlink_role": "psu",
"sig": "{ina[in]PRP muhhu[skull]N += ina muhhi[on//about]PRP'PRP}::@saao%akk-x-neoass:ina=ina[in//into]PRP'PRP$ina++@saao%akk-x-neoass:UGU-hi-šu₂-nu=muhhu[skull//skull]N'N$muhhišunu",
"links": [
{
"type": "link",
"xlink_title": "ina",
"xlink_type": "locator",
"xlink_href": "#P334369.l0254c",
"xlink_role": "elt"}
,
{
"type": "link",
"xlink_title": "muhhišunu",
"xlink_type": "locator",
"xlink_href": "#P334369.l0254d",
"xlink_role": "elt"}
]}
,
{
"type": "linkset",
"xlink_title": "ištu libbi[from//from out of]PRP'PRP",
"id": "P334369.ls00002",
"xlink_type": "extended",
"xlink_role": "psu",
"sig": "{ištu[from]PRP libbu[interior]N += ištu libbi[from//from out of]PRP'PRP}::@saao%akk-x-neoass:TA@v=ištu[from//from]PRP'PRP$issu++@saao%akk-x-neoass:ŠA₃=libbu[interior//interior]N'N$libbi",
"links": [
{
"type": "link",
"xlink_title": "issu",
"xlink_type": "locator",
"xlink_href": "#P334369.l02589",
"xlink_role": "elt"}
,
{
"type": "link",
"xlink_title": "libbi",
"xlink_type": "locator",
"xlink_href": "#P334369.l0258a",
"xlink_role": "elt"}
]}
,
{
"type": "linkset",
"xlink_title": "mat Aššur[Assyria//Assyria]GN'GN",
"id": "P334369.ls00003",
"xlink_type": "extended",
"xlink_role": "psu",
"sig": "{mātu[land]N Aššur[1]DN += mat Aššur[Assyria//Assyria]GN'GN}::@saao%akk-x-neoass:KUR-aš-šur=mātu[land//land]N'N$māt++@saao%akk-x-neoass:=Aššur[1//1]DN'DN$Aššur",
"links": [
{
"type": "link",
"xlink_title": "mātu",
"xlink_type": "locator",
"xlink_href": "#P334369.l0258f",
"xlink_role": "elt"}
,
{
"type": "link",
"xlink_title": "Aššur",
"xlink_type": "locator",
"xlink_href": "#P334369.l02590",
"xlink_role": "elt"}
]}
,
{
"type": "linkset",
"xlink_title": "ina muhhi[on//about]PRP'PRP",
"id": "P334369.ls00004",
"xlink_type": "extended",
"xlink_role": "psu",
"sig": "{ina[in]PRP muhhu[skull]N += ina muhhi[on//about]PRP'PRP}::@saao%akk-x-neoass:ina=ina[in//into]PRP'PRP$ina++@saao%akk-x-neoass:UGU=muhhu[skull//skull]N'N$muhhi",
"links": [
{
"type": "link",
"xlink_title": "ina",
"xlink_type": "locator",
"xlink_href": "#P334369.l02594",
"xlink_role": "elt"}
,
{
"type": "link",
"xlink_title": "muhhi",
"xlink_type": "locator",
"xlink_href": "#P334369.l02595",
"xlink_role": "elt"}
]}
]}
]}
