{
"type": "cdl",
  "source": "http://oracc.org/saao/saa05",
  "license": "This data is released under the CC0 license",
  "license-url": "https://creativecommons.org/publicdomain/zero/1.0/",
  "more-info": "http://oracc.org/doc/opendata/",
  "UTC-timestamp": "2017-05-19T11:27:51",
"project": "saao/saa05",
"textid": "P334521",
"cdl": [
{
"node": "c",
"type": "text",
"id": "P334521.U0",
"cdl": [
{
"node": "d",
"type": "object",
"ref": ""}
,
{
"node": "d",
"subtype": "obverse",
"type": "surface",
"ref": "P334521.o.1",
"type": "obverse",
"label": "o"}
,
{
"node": "c",
"type": "discourse",
"subtype": "body",
"id": "P334521.U1",
"cdl": [
{
"node": "c",
"type": "sentence",
"id": "P334521.U2",
"label": "o 1 - r 8'",
"cdl": [
{
"node": "d",
"type": "line-start",
"ref": "P334521.2",
"n": "1",
"label": "o 1"}
,
{
"node": "l",
"frag": "[a-na]",
"id": "P334521.l001a7",
"ref": "P334521.2.1",
"inst": "ana[to]PRP",
"sig": "@saao/saa05%akk-x-neoass:a-na=ana[to//to]PRP'PRP$ana",
"f": {"lang": "akk-x-neoass",
"form": "a-na",
"cf": "ana",
"gw": "to",
"sense": "to",
"norm": "ana",
"pos": "PRP",
"epos": "PRP"}
}
,
{
"node": "l",
"frag": "⸢LUGAL⸣",
"id": "P334521.l001a8",
"ref": "P334521.2.2",
"inst": "šarri[king]N",
"sig": "@saao/saa05%akk-x-neoass:LUGAL=šarru[king//king]N'N$šarri",
"f": {"lang": "akk-x-neoass",
"form": "LUGAL",
"cf": "šarru",
"gw": "king",
"sense": "king",
"norm": "šarri",
"pos": "N",
"epos": "N"}
}
,
{
"node": "l",
"frag": "EN-ia",
"id": "P334521.l001a9",
"ref": "P334521.2.3",
"inst": "bēlīya[lord]N",
"sig": "@saao/saa05%akk-x-neoass:EN-ia=bēlu[lord//lord]N'N$bēlīya",
"f": {"lang": "akk-x-neoass",
"form": "EN-ia",
"cf": "bēlu",
"gw": "lord",
"sense": "lord",
"norm": "bēlīya",
"pos": "N",
"epos": "N"}
}
,
{
"node": "d",
"type": "line-start",
"ref": "P334521.3",
"n": "2",
"label": "o 2"}
,
{
"node": "l",
"frag": "[ARAD]-⸢ka⸣",
"id": "P334521.l001aa",
"ref": "P334521.3.1",
"inst": "urdaka[servant]N",
"sig": "@saao/saa05%akk-x-neoass:ARAD-ka=ardu[slave//servant]N'N$urdaka",
"f": {"lang": "akk-x-neoass",
"form": "ARAD-ka",
"cf": "ardu",
"gw": "slave",
"sense": "servant",
"norm": "urdaka",
"pos": "N",
"epos": "N"}
}
,
{
"node": "l",
"frag": "{1}NIGIN-EN",
"id": "P334521.l001ab",
"ref": "P334521.3.2",
"inst": "Nashir-Bel[1]PN",
"sig": "@saao/saa05%akk-x-neoass:{1}NIGIN-EN=Nashir-Bel[1//1]PN'PN$Nashir-Bel",
"f": {"lang": "akk-x-neoass",
"form": "{1}NIGIN-EN",
"cf": "Nashir-Bel",
"gw": "1",
"sense": "1",
"norm": "Nashir-Bel",
"pos": "PN",
"epos": "PN"}
}
,
{
"node": "d",
"type": "line-start",
"ref": "P334521.4",
"n": "3",
"label": "o 3"}
,
{
"node": "l",
"frag": "[lu",
"id": "P334521.l001ac",
"ref": "P334521.4.1",
"inst": "lū[may]MOD",
"sig": "@saao/saa05%akk-x-neoass:lu=lū[may//may]MOD'MOD$lū",
"f": {"lang": "akk-x-neoass",
"form": "lu",
"cf": "lū",
"gw": "may",
"sense": "may",
"norm": "lū",
"pos": "MOD",
"epos": "MOD"}
}
,
{
"node": "l",
"frag": "DI]-mu",
"id": "P334521.l001ad",
"ref": "P334521.4.2",
"inst": "šulmu[health]N",
"sig": "@saao/saa05%akk-x-neoass:DI-mu=šulmu[completeness//health]N'N$šulmu",
"f": {"lang": "akk-x-neoass",
"form": "DI-mu",
"cf": "šulmu",
"gw": "completeness",
"sense": "health",
"norm": "šulmu",
"pos": "N",
"epos": "N"}
}
,
{
"node": "l",
"frag": "a-na\\t",
"id": "P334521.l001ae",
"ref": "P334521.4.3",
"inst": "ana[to]PRP",
"sig": "@saao/saa05%akk-x-neoass:a-na=ana[to//to]PRP'PRP$ana",
"f": {"lang": "akk-x-neoass",
"form": "a-na",
"cf": "ana",
"gw": "to",
"sense": "to",
"norm": "ana",
"pos": "PRP",
"epos": "PRP"}
}
,
{
"node": "l",
"frag": "LUGAL\\p",
"id": "P334521.l001af",
"ref": "P334521.4.4",
"inst": "šarri[king]N",
"sig": "@saao/saa05%akk-x-neoass:LUGAL=šarru[king//king]N'N$šarri",
"f": {"lang": "akk-x-neoass",
"form": "LUGAL",
"cf": "šarru",
"gw": "king",
"sense": "king",
"norm": "šarri",
"pos": "N",
"epos": "N"}
}
,
{
"node": "l",
"frag": "EN-ia",
"id": "P334521.l001b0",
"ref": "P334521.4.5",
"inst": "bēlīya[lord]N",
"sig": "@saao/saa05%akk-x-neoass:EN-ia=bēlu[lord//lord]N'N$bēlīya",
"f": {"lang": "akk-x-neoass",
"form": "EN-ia",
"cf": "bēlu",
"gw": "lord",
"sense": "lord",
"norm": "bēlīya",
"pos": "N",
"epos": "N"}
}
,
{
"node": "d",
"type": "line-start",
"ref": "P334521.5",
"n": "4",
"label": "o 4"}
,
{
"node": "l",
"frag": "[DI-mu",
"id": "P334521.l001b1",
"ref": "P334521.5.1",
"inst": "šulmu[health]N",
"sig": "@saao/saa05%akk-x-neoass:DI-mu=šulmu[completeness//health]N'N$šulmu",
"f": {"lang": "akk-x-neoass",
"form": "DI-mu",
"cf": "šulmu",
"gw": "completeness",
"sense": "health",
"norm": "šulmu",
"pos": "N",
"epos": "N"}
}
,
{
"node": "l",
"frag": "a]-na\\t",
"id": "P334521.l001b2",
"ref": "P334521.5.2",
"inst": "ana[to]PRP",
"sig": "@saao/saa05%akk-x-neoass:a-na=ana[to//to]PRP'PRP$ana",
"f": {"lang": "akk-x-neoass",
"form": "a-na",
"cf": "ana",
"gw": "to",
"sense": "to",
"norm": "ana",
"pos": "PRP",
"epos": "PRP"}
}
,
{
"node": "l",
"frag": "KUR",
"id": "P334521.l001b3",
"ref": "P334521.5.3",
"inst": "māti[land]N",
"sig": "@saao/saa05%akk-x-neoass:KUR=mātu[land//land]N'N$māti",
"f": {"lang": "akk-x-neoass",
"form": "KUR",
"cf": "mātu",
"gw": "land",
"sense": "land",
"norm": "māti",
"pos": "N",
"epos": "N"}
}
,
{
"node": "l",
"frag": "ša₂",
"id": "P334521.l001b4",
"ref": "P334521.5.4",
"inst": "ša[of]DET",
"sig": "@saao/saa05%akk-x-neoass:ša₂=ša[of//of]DET'DET$ša",
"f": {"lang": "akk-x-neoass",
"form": "ša₂",
"cf": "ša",
"gw": "of",
"sense": "of",
"norm": "ša",
"pos": "DET",
"epos": "DET"}
}
,
{
"node": "l",
"frag": "LUGAL",
"id": "P334521.l001b5",
"ref": "P334521.5.5",
"inst": "šarri[king]N",
"sig": "@saao/saa05%akk-x-neoass:LUGAL=šarru[king//king]N'N$šarri",
"f": {"lang": "akk-x-neoass",
"form": "LUGAL",
"cf": "šarru",
"gw": "king",
"sense": "king",
"norm": "šarri",
"pos": "N",
"epos": "N"}
}
,
{
"node": "d",
"type": "line-start",
"ref": "P334521.6",
"n": "5",
"label": "o 5"}
,
{
"node": "l",
"frag": "[DI-mu",
"id": "P334521.l001b6",
"ref": "P334521.6.1",
"inst": "šulmu[health]N",
"sig": "@saao/saa05%akk-x-neoass:DI-mu=šulmu[completeness//health]N'N$šulmu",
"f": {"lang": "akk-x-neoass",
"form": "DI-mu",
"cf": "šulmu",
"gw": "completeness",
"sense": "health",
"norm": "šulmu",
"pos": "N",
"epos": "N"}
}
,
{
"node": "l",
"frag": "a]-na\\t",
"id": "P334521.l001b7",
"ref": "P334521.6.2",
"inst": "ana[to]PRP",
"sig": "@saao/saa05%akk-x-neoass:a-na=ana[to//to]PRP'PRP$ana",
"f": {"lang": "akk-x-neoass",
"form": "a-na",
"cf": "ana",
"gw": "to",
"sense": "to",
"norm": "ana",
"pos": "PRP",
"epos": "PRP"}
}
,
{
"node": "l",
"frag": "HAL.ṢU-MEŠ",
"id": "P334521.l001b8",
"ref": "P334521.6.3",
"inst": "bīrāti[fort]N",
"sig": "@saao/saa05%akk-x-neoass:HAL.ṢU-MEŠ=birtu[fort//fort]N'N$bīrāti",
"f": {"lang": "akk-x-neoass",
"form": "HAL.ṢU-MEŠ",
"cf": "birtu",
"gw": "fort",
"sense": "fort",
"norm": "bīrāti",
"pos": "N",
"epos": "N"}
}
,
{
"node": "l",
"frag": "ša",
"id": "P334521.l001b9",
"ref": "P334521.6.4",
"inst": "ša[of]DET",
"sig": "@saao/saa05%akk-x-neoass:ša=ša[of//of]DET'DET$ša",
"f": {"lang": "akk-x-neoass",
"form": "ša",
"cf": "ša",
"gw": "of",
"sense": "of",
"norm": "ša",
"pos": "DET",
"epos": "DET"}
}
,
{
"node": "l",
"frag": "[LUGAL]",
"id": "P334521.l001ba",
"ref": "P334521.6.5",
"inst": "šarri[king]N",
"sig": "@saao/saa05%akk-x-neoass:LUGAL=šarru[king//king]N'N$šarri",
"f": {"lang": "akk-x-neoass",
"form": "LUGAL",
"cf": "šarru",
"gw": "king",
"sense": "king",
"norm": "šarri",
"pos": "N",
"epos": "N"}
}
,
{
"node": "d",
"type": "line-start",
"ref": "P334521.7",
"n": "6",
"label": "o 6"}
,
{
"node": "l",
"frag": "[ŠA₃",
"id": "P334521.l001bb",
"ref": "P334521.7.1",
"inst": "libbu[mood]N",
"sig": "@saao/saa05%akk-x-neoass:ŠA₃=libbu[interior//mood]N'N$libbu",
"f": {"lang": "akk-x-neoass",
"form": "ŠA₃",
"cf": "libbu",
"gw": "interior",
"sense": "mood",
"norm": "libbu",
"pos": "N",
"epos": "N"}
}
,
{
"node": "l",
"frag": "ša]",
"id": "P334521.l001bc",
"ref": "P334521.7.2",
"inst": "ša[of]DET",
"sig": "@saao/saa05%akk-x-neoass:ša=ša[of//of]DET'DET$ša",
"f": {"lang": "akk-x-neoass",
"form": "ša",
"cf": "ša",
"gw": "of",
"sense": "of",
"norm": "ša",
"pos": "DET",
"epos": "DET"}
}
,
{
"node": "l",
"frag": "LUGAL\\p",
"id": "P334521.l001bd",
"ref": "P334521.7.3",
"inst": "šarri[king]N",
"sig": "@saao/saa05%akk-x-neoass:LUGAL=šarru[king//king]N'N$šarri",
"f": {"lang": "akk-x-neoass",
"form": "LUGAL",
"cf": "šarru",
"gw": "king",
"sense": "king",
"norm": "šarri",
"pos": "N",
"epos": "N"}
}
,
{
"node": "l",
"frag": "EN-ia",
"id": "P334521.l001be",
"ref": "P334521.7.4",
"inst": "bēlīya[lord]N",
"sig": "@saao/saa05%akk-x-neoass:EN-ia=bēlu[lord//lord]N'N$bēlīya",
"f": {"lang": "akk-x-neoass",
"form": "EN-ia",
"cf": "bēlu",
"gw": "lord",
"sense": "lord",
"norm": "bēlīya",
"pos": "N",
"epos": "N"}
}
,
{
"node": "l",
"frag": "lu",
"id": "P334521.l001bf",
"ref": "P334521.7.5",
"inst": "lū[may]MOD",
"sig": "@saao/saa05%akk-x-neoass:lu=lū[may//may]MOD'MOD$lū",
"f": {"lang": "akk-x-neoass",
"form": "lu",
"cf": "lū",
"gw": "may",
"sense": "may",
"norm": "lū",
"pos": "MOD",
"epos": "MOD"}
}
,
{
"node": "l",
"frag": "[DUG₃]",
"id": "P334521.l001c0",
"ref": "P334521.7.6",
"inst": "ṭāb[good]AJ",
"sig": "@saao/saa05%akk-x-neoass:DUG₃=ṭābu[good//good]AJ'AJ$ṭāb",
"f": {"lang": "akk-x-neoass",
"form": "DUG₃",
"cf": "ṭābu",
"gw": "good",
"sense": "good",
"norm": "ṭāb",
"pos": "AJ",
"epos": "AJ"}
}
,
{
"node": "d",
"type": "line-start",
"ref": "P334521.8",
"n": "7",
"label": "o 7"}
,
{
"node": "l",
"frag": "[x]-lim-02-me",
"id": "P334521.l001c1",
"ref": "P334521.8.1",
"inst": "u",
"f": {"lang": "akk-x-neoass",
"form": "x-lim-02-me",
"pos": "u"}
}
,
{
"node": "l",
"frag": "{gišd}[ŠU₂.A-MEŠ]",
"id": "P334521.l001c2",
"ref": "P334521.8.2",
"inst": "šipšatu[(length of) wood//door-beam]N$šibšāti",
"sig": "@saao/saa05%akk-x-neoass:{GIŠ}ŠU₂.A-MEŠ=šipšatu[(length of) wood//door-beam]N'N$šibšāti",
"f": {"lang": "akk-x-neoass",
"form": "{GIŠ}ŠU₂.A-MEŠ",
"cf": "šipšatu",
"gw": "(length of) wood",
"sense": "door-beam",
"norm": "šibšāti",
"pos": "N",
"epos": "N"}
}
,
{
"node": "d",
"type": "line-start",
"ref": "P334521.9",
"n": "8",
"label": "o 8"}
,
{
"node": "l",
"frag": "[x]-lim-02-me",
"id": "P334521.l001c3",
"ref": "P334521.9.1",
"inst": "u",
"f": {"lang": "akk-x-neoass",
"form": "x-lim-02-me",
"pos": "u"}
}
,
{
"node": "l",
"frag": "{gišd}⸢UR₃⸣-[MEŠ]",
"id": "P334521.l001c4",
"ref": "P334521.9.2",
"inst": "gušūru[tree-trunk//log]N$gušūrī",
"sig": "@saao/saa05%akk-x-neoass:{GIŠ}UR₃-MEŠ=gušūru[tree-trunk//log]N'N$gušūrī",
"f": {"lang": "akk-x-neoass",
"form": "{GIŠ}UR₃-MEŠ",
"cf": "gušūru",
"gw": "tree-trunk",
"sense": "log",
"norm": "gušūrī",
"pos": "N",
"epos": "N"}
}
,
{
"node": "d",
"type": "line-start",
"ref": "P334521.10",
"n": "9",
"label": "o 9"}
,
{
"node": "c",
"type": "phrase",
"tag": "phr",
"id": "P334521.U4",
"ref": "P334521.ls00000",
"cdl": [
{
"node": "l",
"frag": "[ina]",
"id": "P334521.l001c5",
"ref": "P334521.10.1",
"inst": "ina[in+=to]PRP",
"sig": "@saao/saa05%akk-x-neoass:ina=ina[in//in]PRP'PRP$ina",
"f": {"lang": "akk-x-neoass",
"form": "ina",
"cf": "ina",
"gw": "in",
"sense": "in",
"norm": "ina",
"pos": "PRP",
"epos": "PRP"}
}
,
{
"node": "l",
"frag": "UGU",
"id": "P334521.l001c6",
"ref": "P334521.10.2",
"inst": "muhhi[skull]N",
"sig": "@saao/saa05%akk-x-neoass:UGU=muhhu[skull//skull]N'N$muhhi",
"f": {"lang": "akk-x-neoass",
"form": "UGU",
"cf": "muhhu",
"gw": "skull",
"sense": "skull",
"norm": "muhhi",
"pos": "N",
"epos": "N"}
}
]}
,
{
"node": "l",
"frag": "ID₂\\t",
"id": "P334521.l001c7",
"ref": "P334521.10.3",
"inst": "nāri[river]N",
"sig": "@saao/saa05%akk-x-neoass:ID₂=nāru[river//river]N'N$nāri",
"f": {"lang": "akk-x-neoass",
"form": "ID₂",
"cf": "nāru",
"gw": "river",
"sense": "river",
"norm": "nāri",
"pos": "N",
"epos": "N"}
}
,
{
"node": "l",
"frag": "⸢uq⸣-[ṭa-rib]",
"id": "P334521.l001c8",
"ref": "P334521.10.4",
"inst": "qerēbu[approach//bring]V$uqṭarrib",
"sig": "@saao/saa05%akk-x-neoass:uq-ṭa-rib=qerēbu[approach//bring]V'V$uqṭarrib",
"f": {"lang": "akk-x-neoass",
"form": "uq-ṭa-rib",
"cf": "qerēbu",
"gw": "approach",
"sense": "bring",
"norm": "uqṭarrib",
"pos": "V",
"epos": "V"}
}
,
{
"node": "d",
"type": "line-start",
"ref": "P334521.11",
"n": "10",
"label": "o 10"}
,
{
"node": "l",
"frag": "[x",
"id": "P334521.l001c9",
"ref": "P334521.11.1",
"inst": "u",
"f": {"lang": "akk-x-neoass",
"form": "x",
"pos": "u"}
}
,
{
"node": "l",
"frag": "x]",
"id": "P334521.l001ca",
"ref": "P334521.11.2",
"inst": "u",
"f": {"lang": "akk-x-neoass",
"form": "x",
"pos": "u"}
}
,
{
"node": "l",
"frag": "LUGAL\\p",
"id": "P334521.l001cb",
"ref": "P334521.11.3",
"inst": "šarri[king]N",
"sig": "@saao/saa05%akk-x-neoass:LUGAL=šarru[king//king]N'N$šarri",
"f": {"lang": "akk-x-neoass",
"form": "LUGAL",
"cf": "šarru",
"gw": "king",
"sense": "king",
"norm": "šarri",
"pos": "N",
"epos": "N"}
}
,
{
"node": "l",
"frag": "[x",
"id": "P334521.l001cc",
"ref": "P334521.11.4",
"inst": "u",
"f": {"lang": "akk-x-neoass",
"form": "x",
"pos": "u"}
}
,
{
"node": "l",
"frag": "x",
"id": "P334521.l001cd",
"ref": "P334521.11.5",
"inst": "u",
"f": {"lang": "akk-x-neoass",
"form": "x",
"pos": "u"}
}
,
{
"node": "l",
"frag": "x]",
"id": "P334521.l001ce",
"ref": "P334521.11.6",
"inst": "u",
"f": {"lang": "akk-x-neoass",
"form": "x",
"pos": "u"}
}
,
{
"node": "d",
"type": "nonx",
"ref": "P334521.12",
"strict": "0",
"extent": "rest",
"state": "missing"}
,
{
"node": "d",
"subtype": "reverse",
"type": "surface",
"ref": "P334521.r.13",
"type": "reverse",
"label": "r"}
,
{
"node": "d",
"type": "nonx",
"ref": "P334521.14",
"strict": "0",
"extent": "beginning",
"state": "missing"}
,
{
"node": "d",
"type": "line-start",
"ref": "P334521.15",
"n": "1'",
"label": "r 1'"}
,
{
"node": "l",
"frag": "[x",
"id": "P334521.l001cf",
"ref": "P334521.15.1",
"inst": "u",
"f": {"lang": "akk-x-neoass",
"form": "x",
"pos": "u"}
}
,
{
"node": "l",
"frag": "x]+⸢x⸣",
"id": "P334521.l001d0",
"ref": "P334521.15.2",
"inst": "u",
"f": {"lang": "akk-x-neoass",
"form": "x+x",
"pos": "u"}
}
,
{
"node": "l",
"frag": "šu",
"id": "P334521.l001d1",
"ref": "P334521.15.3",
"inst": "u",
"f": {"lang": "akk-x-neoass",
"form": "šu",
"pos": "u"}
}
,
{
"node": "l",
"frag": "bu",
"id": "P334521.l001d2",
"ref": "P334521.15.4",
"inst": "u",
"f": {"lang": "akk-x-neoass",
"form": "bu",
"pos": "u"}
}
,
{
"node": "l",
"frag": "[x",
"id": "P334521.l001d3",
"ref": "P334521.15.5",
"inst": "u",
"f": {"lang": "akk-x-neoass",
"form": "x",
"pos": "u"}
}
,
{
"node": "l",
"frag": "x",
"id": "P334521.l001d4",
"ref": "P334521.15.6",
"inst": "u",
"f": {"lang": "akk-x-neoass",
"form": "x",
"pos": "u"}
}
,
{
"node": "l",
"frag": "x",
"id": "P334521.l001d5",
"ref": "P334521.15.7",
"inst": "u",
"f": {"lang": "akk-x-neoass",
"form": "x",
"pos": "u"}
}
,
{
"node": "l",
"frag": "x]",
"id": "P334521.l001d6",
"ref": "P334521.15.8",
"inst": "u",
"f": {"lang": "akk-x-neoass",
"form": "x",
"pos": "u"}
}
,
{
"node": "d",
"type": "line-start",
"ref": "P334521.16",
"n": "2'",
"label": "r 2'"}
,
{
"node": "l",
"frag": "[x]-MEŠ\\p",
"id": "P334521.l001d7",
"ref": "P334521.16.1",
"inst": "u",
"f": {"lang": "akk-x-neoass",
"form": "x-MEŠ",
"pos": "u"}
}
,
{
"node": "l",
"frag": "ina",
"id": "P334521.l001d8",
"ref": "P334521.16.2",
"inst": "ina[in]PRP",
"sig": "@saao/saa05%akk-x-neoass:ina=ina[in//in]PRP'PRP$ina",
"f": {"lang": "akk-x-neoass",
"form": "ina",
"cf": "ina",
"gw": "in",
"sense": "in",
"norm": "ina",
"pos": "PRP",
"epos": "PRP"}
}
,
{
"node": "l",
"frag": "⸢ID₂⸣",
"id": "P334521.l001d9",
"ref": "P334521.16.3",
"inst": "nāri[river]N",
"sig": "@saao/saa05%akk-x-neoass:ID₂=nāru[river//river]N'N$nāri",
"f": {"lang": "akk-x-neoass",
"form": "ID₂",
"cf": "nāru",
"gw": "river",
"sense": "river",
"norm": "nāri",
"pos": "N",
"epos": "N"}
}
,
{
"node": "l",
"frag": "[x",
"id": "P334521.l001da",
"ref": "P334521.16.4",
"inst": "u",
"f": {"lang": "akk-x-neoass",
"form": "x",
"pos": "u"}
}
,
{
"node": "l",
"frag": "x",
"id": "P334521.l001db",
"ref": "P334521.16.5",
"inst": "u",
"f": {"lang": "akk-x-neoass",
"form": "x",
"pos": "u"}
}
,
{
"node": "l",
"frag": "x]",
"id": "P334521.l001dc",
"ref": "P334521.16.6",
"inst": "u",
"f": {"lang": "akk-x-neoass",
"form": "x",
"pos": "u"}
}
,
{
"node": "d",
"type": "line-start",
"ref": "P334521.17",
"n": "3'",
"label": "r 3'"}
,
{
"node": "l",
"frag": "[ki-ma]",
"id": "P334521.l001dd",
"ref": "P334521.17.1",
"inst": "kīma[like//as soon as]PRP'MOD$",
"sig": "@saao/saa05%akk-x-neoass:ki-ma=kīma[like//as soon as]PRP'MOD$kīma",
"f": {"lang": "akk-x-neoass",
"form": "ki-ma",
"cf": "kīma",
"gw": "like",
"sense": "as soon as",
"norm": "kīma",
"pos": "PRP",
"epos": "MOD"}
}
,
{
"node": "l",
"frag": "{lu₂v}ERIM-MEŠ",
"id": "P334521.l001de",
"ref": "P334521.17.2",
"inst": "ṣābu[people//troops]N$ṣābāni",
"sig": "@saao/saa05%akk-x-neoass:{LU₂}ERIM-MEŠ=ṣābu[people//troops]N'N$ṣābāni",
"f": {"lang": "akk-x-neoass",
"form": "{LU₂}ERIM-MEŠ",
"cf": "ṣābu",
"gw": "people",
"sense": "troops",
"norm": "ṣābāni",
"pos": "N",
"epos": "N"}
}
,
{
"node": "l",
"frag": "u₂-sa-an-[šil]",
"id": "P334521.l001df",
"ref": "P334521.17.3",
"inst": "mašālu[equal]V$ussanšil",
"sig": "@saao/saa05%akk-x-neoass:u₂-sa-an-šil=mašālu[equal//equal]V'V$ussanšil",
"f": {"lang": "akk-x-neoass",
"form": "u₂-sa-an-šil",
"cf": "mašālu",
"gw": "equal",
"sense": "equal",
"norm": "ussanšil",
"pos": "V",
"epos": "V"}
}
,
{
"node": "d",
"type": "line-start",
"ref": "P334521.18",
"n": "4'",
"label": "r 4'"}
,
{
"node": "l",
"frag": "[ina]",
"id": "P334521.l001e0",
"ref": "P334521.18.1",
"inst": "ina[in//into]PRP$",
"sig": "@saao/saa05%akk-x-neoass:ina=ina[in//into]PRP'PRP$ina",
"f": {"lang": "akk-x-neoass",
"form": "ina",
"cf": "ina",
"gw": "in",
"sense": "into",
"norm": "ina",
"pos": "PRP",
"epos": "PRP"}
}
,
{
"node": "l",
"frag": "{⸢uru⸣}HAL.ṢU-MEŠ",
"id": "P334521.l001e1",
"ref": "P334521.18.2",
"inst": "bīrāti[fort]N",
"sig": "@saao/saa05%akk-x-neoass:{URU}HAL.ṢU-MEŠ=birtu[fort//fort]N'N$bīrāti",
"f": {"lang": "akk-x-neoass",
"form": "{URU}HAL.ṢU-MEŠ",
"cf": "birtu",
"gw": "fort",
"sense": "fort",
"norm": "bīrāti",
"pos": "N",
"epos": "N"}
}
,
{
"node": "l",
"frag": "u₂\\p-se-⸢rib⸣",
"id": "P334521.l001e2",
"ref": "P334521.18.3",
"inst": "erēbu[enter//bring in]V$ussērib",
"sig": "@saao/saa05%akk-x-neoass:u₂-se-rib=erēbu[enter//bring in]V'V$ussērib",
"f": {"lang": "akk-x-neoass",
"form": "u₂-se-rib",
"cf": "erēbu",
"gw": "enter",
"sense": "bring in",
"norm": "ussērib",
"pos": "V",
"epos": "V"}
}
,
{
"node": "d",
"type": "line-start",
"ref": "P334521.19",
"n": "5'",
"label": "r 5'"}
,
{
"node": "l",
"frag": "⸢la⸣-ah-ru-ub",
"id": "P334521.l001e3",
"ref": "P334521.19.1",
"inst": "harāpu[be(come) early]V$lahrub",
"sig": "@saao/saa05%akk-x-neoass:la-ah-ru-ub=harāpu[be(come) early//be(come) early]V'V$lahrub",
"f": {"lang": "akk-x-neoass",
"form": "la-ah-ru-ub",
"cf": "harāpu",
"gw": "be(come) early",
"sense": "be(come) early",
"norm": "lahrub",
"pos": "V",
"epos": "V"}
}
,
{
"node": "c",
"type": "phrase",
"tag": "phr",
"id": "P334521.U5",
"ref": "P334521.ls00001",
"cdl": [
{
"node": "l",
"frag": "ina",
"id": "P334521.l001e4",
"ref": "P334521.19.2",
"inst": "ina[in+=to]PRP",
"sig": "@saao/saa05%akk-x-neoass:ina=ina[in//in]PRP'PRP$ina",
"f": {"lang": "akk-x-neoass",
"form": "ina",
"cf": "ina",
"gw": "in",
"sense": "in",
"norm": "ina",
"pos": "PRP",
"epos": "PRP"}
}
,
{
"node": "l",
"frag": "UGU",
"id": "P334521.l001e5",
"ref": "P334521.19.3",
"inst": "muhhi[skull]N",
"sig": "@saao/saa05%akk-x-neoass:UGU=muhhu[skull//skull]N'N$muhhi",
"f": {"lang": "akk-x-neoass",
"form": "UGU",
"cf": "muhhu",
"gw": "skull",
"sense": "skull",
"norm": "muhhi",
"pos": "N",
"epos": "N"}
}
]}
,
{
"node": "l",
"frag": "⸢ID₂⸣",
"id": "P334521.l001e6",
"ref": "P334521.19.4",
"inst": "nāri[river]N",
"sig": "@saao/saa05%akk-x-neoass:ID₂=nāru[river//river]N'N$nāri",
"f": {"lang": "akk-x-neoass",
"form": "ID₂",
"cf": "nāru",
"gw": "river",
"sense": "river",
"norm": "nāri",
"pos": "N",
"epos": "N"}
}
,
{
"node": "d",
"type": "line-start",
"ref": "P334521.20",
"n": "6'",
"label": "r 6'"}
,
{
"node": "l",
"frag": "⸢lu⸣-qa-rib",
"id": "P334521.l001e7",
"ref": "P334521.20.1",
"inst": "qerēbu[approach//bring]V$luqarrib",
"sig": "@saao/saa05%akk-x-neoass:lu-qa-rib=qerēbu[approach//bring]V'V$luqarrib",
"f": {"lang": "akk-x-neoass",
"form": "lu-qa-rib",
"cf": "qerēbu",
"gw": "approach",
"sense": "bring",
"norm": "luqarrib",
"pos": "V",
"epos": "V"}
}
,
{
"node": "l",
"frag": "ur-ki-ti\\t",
"id": "P334521.l001e8",
"ref": "P334521.20.2",
"inst": "arkītu[later//afterwards]AV$urkīti",
"sig": "@saao/saa05%akk-x-neoass:ur-ki-ti=arkītu[later//afterwards]AV'AV$urkīti",
"f": {"lang": "akk-x-neoass",
"form": "ur-ki-ti",
"cf": "arkītu",
"gw": "later",
"sense": "afterwards",
"norm": "urkīti",
"pos": "AV",
"epos": "AV"}
}
,
{
"node": "d",
"type": "line-start",
"ref": "P334521.21",
"n": "7'",
"label": "r 7'"}
,
{
"node": "l",
"frag": "⸢ki⸣-i",
"id": "P334521.l001e9",
"ref": "P334521.21.1",
"inst": "kī[like//in accordance with]PRP$kî",
"sig": "@saao/saa05%akk-x-neoass:ki-i=kī[like//in accordance with]PRP'PRP$kî",
"f": {"lang": "akk-x-neoass",
"form": "ki-i",
"cf": "kī",
"gw": "like",
"sense": "in accordance with",
"norm": "kî",
"pos": "PRP",
"epos": "PRP"}
}
,
{
"node": "l",
"frag": "ša₂",
"id": "P334521.l001ea",
"ref": "P334521.21.2",
"inst": "ša[what]REL$",
"sig": "@saao/saa05%akk-x-neoass:ša₂=ša[that//what]REL'REL$ša",
"f": {"lang": "akk-x-neoass",
"form": "ša₂",
"cf": "ša",
"gw": "that",
"sense": "what",
"norm": "ša",
"pos": "REL",
"epos": "REL"}
}
,
{
"node": "l",
"frag": "LUGAL\\p",
"id": "P334521.l001eb",
"ref": "P334521.21.3",
"inst": "šarru[king]N$",
"sig": "@saao/saa05%akk-x-neoass:LUGAL=šarru[king//king]N'N$šarru",
"f": {"lang": "akk-x-neoass",
"form": "LUGAL",
"cf": "šarru",
"gw": "king",
"sense": "king",
"norm": "šarru",
"pos": "N",
"epos": "N"}
}
,
{
"node": "l",
"frag": "i-la-u-ni",
"id": "P334521.l001ec",
"ref": "P334521.21.4",
"inst": "leʾû[be able//deem]V$ilaʾʾûni",
"sig": "@saao/saa05%akk-x-neoass:i-la-u-ni=leʾû[be able//deem]V'V$ilaʾʾûni",
"f": {"lang": "akk-x-neoass",
"form": "i-la-u-ni",
"cf": "leʾû",
"gw": "be able",
"sense": "deem",
"norm": "ilaʾʾûni",
"pos": "V",
"epos": "V"}
}
,
{
"node": "d",
"type": "line-start",
"ref": "P334521.22",
"n": "8'",
"label": "r 8'"}
,
{
"node": "l",
"frag": "⸢le⸣-pu-uš",
"id": "P334521.l001ed",
"ref": "P334521.22.1",
"inst": "lēpuš[do]V",
"sig": "@saao/saa05%akk-x-neoass:le-pu-uš=epēšu[do//do]V'V$lēpuš",
"f": {"lang": "akk-x-neoass",
"form": "le-pu-uš",
"cf": "epēšu",
"gw": "do",
"sense": "do",
"norm": "lēpuš",
"pos": "V",
"epos": "V"}
}
,
{
"node": "d",
"type": "nonx",
"ref": "P334521.23",
"strict": "0",
"extent": "rest",
"scope": "line",
"state": "other"}
]}
]}
]}
,
{
"linkbase": [{
"type": "linkset",
"xlink_title": "ina muhhi[on//about]PRP'PRP",
"id": "P334521.ls00000",
"xlink_type": "extended",
"xlink_role": "psu",
"sig": "{ina[in]PRP muhhu[skull]N += ina muhhi[on//about]PRP'PRP}::@saao%akk-x-neoass:ina=ina[in//into]PRP'PRP$ina++@saao%akk-x-neoass:UGU=muhhu[skull//skull]N'N$muhhi",
"links": [
{
"type": "link",
"xlink_title": "ina",
"xlink_type": "locator",
"xlink_href": "#P334521.l001c5",
"xlink_role": "elt"}
,
{
"type": "link",
"xlink_title": "muhhi",
"xlink_type": "locator",
"xlink_href": "#P334521.l001c6",
"xlink_role": "elt"}
]}
,
{
"type": "linkset",
"xlink_title": "ina muhhi[on//about]PRP'PRP",
"id": "P334521.ls00001",
"xlink_type": "extended",
"xlink_role": "psu",
"sig": "{ina[in]PRP muhhu[skull]N += ina muhhi[on//about]PRP'PRP}::@saao%akk-x-neoass:ina=ina[in//into]PRP'PRP$ina++@saao%akk-x-neoass:UGU=muhhu[skull//skull]N'N$muhhi",
"links": [
{
"type": "link",
"xlink_title": "ina",
"xlink_type": "locator",
"xlink_href": "#P334521.l001e4",
"xlink_role": "elt"}
,
{
"type": "link",
"xlink_title": "muhhi",
"xlink_type": "locator",
"xlink_href": "#P334521.l001e5",
"xlink_role": "elt"}
]}
]}
]}
