{
"type": "cdl",
  "source": "http://oracc.org/saao/saa05",
  "license": "This data is released under the CC0 license",
  "license-url": "https://creativecommons.org/publicdomain/zero/1.0/",
  "more-info": "http://oracc.org/doc/opendata/",
  "UTC-timestamp": "2017-05-19T11:27:45",
"project": "saao/saa05",
"textid": "P334222",
"cdl": [
{
"node": "c",
"type": "text",
"id": "P334222.U0",
"cdl": [
{
"node": "d",
"type": "object",
"ref": ""}
,
{
"node": "d",
"subtype": "obverse",
"type": "surface",
"ref": "P334222.o.1",
"type": "obverse",
"label": "o"}
,
{
"node": "c",
"type": "discourse",
"subtype": "body",
"id": "P334222.U1",
"cdl": [
{
"node": "c",
"type": "sentence",
"id": "P334222.U2",
"label": "o 1 - e. 4",
"cdl": [
{
"node": "d",
"type": "line-start",
"ref": "P334222.2",
"n": "1",
"label": "o 1"}
,
{
"node": "l",
"frag": "a-na",
"id": "P334222.l048b2",
"ref": "P334222.2.1",
"inst": "ana[to]PRP",
"sig": "@saao/saa05%akk-x-neoass:a-na=ana[to//to]PRP'PRP$ana",
"f": {"lang": "akk-x-neoass",
"form": "a-na",
"cf": "ana",
"gw": "to",
"sense": "to",
"norm": "ana",
"pos": "PRP",
"epos": "PRP"}
}
,
{
"node": "l",
"frag": "LUGAL",
"id": "P334222.l048b3",
"ref": "P334222.2.2",
"inst": "šarri[king]N",
"sig": "@saao/saa05%akk-x-neoass:LUGAL=šarru[king//king]N'N$šarri",
"f": {"lang": "akk-x-neoass",
"form": "LUGAL",
"cf": "šarru",
"gw": "king",
"sense": "king",
"norm": "šarri",
"pos": "N",
"epos": "N"}
}
,
{
"node": "l",
"frag": "EN-ia",
"id": "P334222.l048b4",
"ref": "P334222.2.3",
"inst": "bēlīya[lord]N",
"sig": "@saao/saa05%akk-x-neoass:EN-ia=bēlu[lord//lord]N'N$bēlīya",
"f": {"lang": "akk-x-neoass",
"form": "EN-ia",
"cf": "bēlu",
"gw": "lord",
"sense": "lord",
"norm": "bēlīya",
"pos": "N",
"epos": "N"}
}
,
{
"node": "d",
"type": "line-start",
"ref": "P334222.3",
"n": "2",
"label": "o 2"}
,
{
"node": "l",
"frag": "ARAD\\p-ka",
"id": "P334222.l048b5",
"ref": "P334222.3.1",
"inst": "urdaka[servant]N",
"sig": "@saao/saa05%akk-x-neoass:ARAD-ka=ardu[slave//servant]N'N$urdaka",
"f": {"lang": "akk-x-neoass",
"form": "ARAD-ka",
"cf": "ardu",
"gw": "slave",
"sense": "servant",
"norm": "urdaka",
"pos": "N",
"epos": "N"}
}
,
{
"node": "l",
"frag": "{1}{d}IM-KI-ia",
"id": "P334222.l048b6",
"ref": "P334222.3.2",
"inst": "Adad-isseʾa[1]PN",
"sig": "@saao/saa05%akk-x-neoass:{1}{d}IM-KI-ia=Adad-isseʾa[1//1]PN'PN$Adad-isseʾa",
"f": {"lang": "akk-x-neoass",
"form": "{1}{d}IM-KI-ia",
"cf": "Adad-isseʾa",
"gw": "1",
"sense": "1",
"norm": "Adad-isseʾa",
"pos": "PN",
"epos": "PN"}
}
,
{
"node": "d",
"type": "line-start",
"ref": "P334222.4",
"n": "3",
"label": "o 3"}
,
{
"node": "l",
"frag": "lu",
"id": "P334222.l048b7",
"ref": "P334222.4.1",
"inst": "lū[may]MOD",
"sig": "@saao/saa05%akk-x-neoass:lu=lū[may//may]MOD'MOD$lū",
"f": {"lang": "akk-x-neoass",
"form": "lu",
"cf": "lū",
"gw": "may",
"sense": "may",
"norm": "lū",
"pos": "MOD",
"epos": "MOD"}
}
,
{
"node": "l",
"frag": "DI-mu",
"id": "P334222.l048b8",
"ref": "P334222.4.2",
"inst": "šulmu[health]N",
"sig": "@saao/saa05%akk-x-neoass:DI-mu=šulmu[completeness//health]N'N$šulmu",
"f": {"lang": "akk-x-neoass",
"form": "DI-mu",
"cf": "šulmu",
"gw": "completeness",
"sense": "health",
"norm": "šulmu",
"pos": "N",
"epos": "N"}
}
,
{
"node": "l",
"frag": "a-na",
"id": "P334222.l048b9",
"ref": "P334222.4.3",
"inst": "ana[to]PRP",
"sig": "@saao/saa05%akk-x-neoass:a-na=ana[to//to]PRP'PRP$ana",
"f": {"lang": "akk-x-neoass",
"form": "a-na",
"cf": "ana",
"gw": "to",
"sense": "to",
"norm": "ana",
"pos": "PRP",
"epos": "PRP"}
}
,
{
"node": "l",
"frag": "LUGAL",
"id": "P334222.l048ba",
"ref": "P334222.4.4",
"inst": "šarri[king]N",
"sig": "@saao/saa05%akk-x-neoass:LUGAL=šarru[king//king]N'N$šarri",
"f": {"lang": "akk-x-neoass",
"form": "LUGAL",
"cf": "šarru",
"gw": "king",
"sense": "king",
"norm": "šarri",
"pos": "N",
"epos": "N"}
}
,
{
"node": "l",
"frag": "EN-ia",
"id": "P334222.l048bb",
"ref": "P334222.4.5",
"inst": "bēlīya[lord]N",
"sig": "@saao/saa05%akk-x-neoass:EN-ia=bēlu[lord//lord]N'N$bēlīya",
"f": {"lang": "akk-x-neoass",
"form": "EN-ia",
"cf": "bēlu",
"gw": "lord",
"sense": "lord",
"norm": "bēlīya",
"pos": "N",
"epos": "N"}
}
,
{
"node": "d",
"type": "line-start",
"ref": "P334222.5",
"n": "4",
"label": "o 4"}
,
{
"node": "l",
"frag": "02",
"id": "P334222.l048bc",
"ref": "P334222.5.1",
"inst": "n",
"f": {"lang": "akk-x-neoass",
"form": "02",
"pos": "n"}
}
,
{
"node": "c",
"type": "phrase",
"tag": "phr",
"id": "P334222.U4",
"ref": "P334222.ls00000",
"cdl": [
{
"node": "l",
"frag": "{lu₂v}GAL-ki-ṣir-MEŠ\\tm",
"id": "P334222.l048bd",
"ref": "P334222.5.2",
"cof-tails": "P334222.l048be",
"inst": "rabû[big one]N$rab&kiṣru[knot]N$kiṣrāni",
"sig": "@saao/saa05%akk-x-neoass:{LU₂}GAL-ki-ṣir-MEŠ=rabû[big one//big one]N'N$rab&&@saao%akk-x-neoass:=kiṣru[knot//knot]N'N$kiṣrāni",
"f": {"lang": "akk-x-neoass",
"form": "{LU₂}GAL-ki-ṣir-MEŠ",
"cf": "rabû",
"gw": "big one",
"sense": "big one",
"norm": "rab",
"pos": "N",
"epos": "N"}
}
,
{
"node": "l",
"frag": "{lu₂v}GAL-ki-ṣir-MEŠ\\tm",
"id": "P334222.l048be",
"ref": "P334222.5.2",
"cof-head": "P334222.l048bd",
"inst": "rabû[big one]N$rab&kiṣru[knot]N$kiṣrāni",
"tail-sig": "@saao%akk-x-neoass:=kiṣru[knot//knot]N'N$kiṣrāni",
"f": {"lang": "akk-x-neoass",
"form": "{LU₂}GAL-ki-ṣir-MEŠ",
"cf": "kiṣru",
"gw": "knot",
"sense": "knot",
"norm": "kiṣrāni",
"pos": "N",
"epos": "N"}
}
]}
,
{
"node": "d",
"type": "line-start",
"ref": "P334222.6",
"n": "5",
"label": "o 5"}
,
{
"node": "l",
"frag": "ša\\t",
"id": "P334222.l048bf",
"ref": "P334222.6.1",
"inst": "ša[of]DET",
"sig": "@saao/saa05%akk-x-neoass:ša=ša[of//of]DET'DET$ša",
"f": {"lang": "akk-x-neoass",
"form": "ša",
"cf": "ša",
"gw": "of",
"sense": "of",
"norm": "ša",
"pos": "DET",
"epos": "DET"}
}
,
{
"node": "l",
"frag": "BAD-HAL-li\\d",
"id": "P334222.l048c0",
"ref": "P334222.6.2",
"inst": "pēthallu[riding horse]N$pēthalli",
"sig": "@saao/saa05%akk-x-neoass:BAD-HAL-li=pēthallu[riding horse//riding horse]N'N$pēthalli",
"f": {"lang": "akk-x-neoass",
"form": "BAD-HAL-li",
"cf": "pēthallu",
"gw": "riding horse",
"sense": "riding horse",
"norm": "pēthalli",
"pos": "N",
"epos": "N"}
}
,
{
"node": "l",
"frag": "ina",
"id": "P334222.l048c1",
"ref": "P334222.6.3",
"inst": "ina[to]PRP",
"sig": "@saao/saa05%akk-x-neoass:ina=ina[in//to]PRP'PRP$ina",
"f": {"lang": "akk-x-neoass",
"form": "ina",
"cf": "ina",
"gw": "in",
"sense": "to",
"norm": "ina",
"pos": "PRP",
"epos": "PRP"}
}
,
{
"node": "l",
"frag": "{uru}sa-an-ha",
"id": "P334222.l048c2",
"ref": "P334222.6.4",
"inst": "Sanha[]GN$",
"sig": "@saao/saa05%akk-x-neoass:{URU}sa-an-ha=Sanha[1//1]GN'GN$Sanha",
"f": {"lang": "akk-x-neoass",
"form": "{URU}sa-an-ha",
"cf": "Sanha",
"gw": "1",
"sense": "1",
"norm": "Sanha",
"pos": "GN",
"epos": "GN"}
}
,
{
"node": "d",
"type": "line-start",
"ref": "P334222.7",
"n": "6",
"label": "o 6"}
,
{
"node": "l",
"frag": "ina",
"id": "P334222.l048c3",
"ref": "P334222.7.1",
"inst": "ina[to]PRP",
"sig": "@saao/saa05%akk-x-neoass:ina=ina[in//to]PRP'PRP$ina",
"f": {"lang": "akk-x-neoass",
"form": "ina",
"cf": "ina",
"gw": "in",
"sense": "to",
"norm": "ina",
"pos": "PRP",
"epos": "PRP"}
}
,
{
"node": "l",
"frag": "{uru}u₂-lu-ši-a",
"id": "P334222.l048c4",
"ref": "P334222.7.2",
"inst": "Ulušia[]GN$",
"sig": "@saao/saa05%akk-x-neoass:{URU}u₂-lu-ši-a=Ulušia[1//1]GN'GN$Ulušia",
"f": {"lang": "akk-x-neoass",
"form": "{URU}u₂-lu-ši-a",
"cf": "Ulušia",
"gw": "1",
"sense": "1",
"norm": "Ulušia",
"pos": "GN",
"epos": "GN"}
}
,
{
"node": "d",
"type": "line-start",
"ref": "P334222.8",
"n": "7",
"label": "o 7"}
,
{
"node": "c",
"type": "phrase",
"tag": "phr",
"id": "P334222.U5",
"ref": "P334222.ls00001",
"cdl": [
{
"node": "l",
"frag": "ina",
"id": "P334222.l048c5",
"ref": "P334222.8.1",
"inst": "ina[in+=to]PRP",
"sig": "@saao/saa05%akk-x-neoass:ina=ina[in//in]PRP'PRP$ina",
"f": {"lang": "akk-x-neoass",
"form": "ina",
"cf": "ina",
"gw": "in",
"sense": "in",
"norm": "ina",
"pos": "PRP",
"epos": "PRP"}
}
,
{
"node": "l",
"frag": "UGU",
"id": "P334222.l048c6",
"ref": "P334222.8.2",
"inst": "muhhi[skull]N",
"sig": "@saao/saa05%akk-x-neoass:UGU=muhhu[skull//skull]N'N$muhhi",
"f": {"lang": "akk-x-neoass",
"form": "UGU",
"cf": "muhhu",
"gw": "skull",
"sense": "skull",
"norm": "muhhi",
"pos": "N",
"epos": "N"}
}
]}
,
{
"node": "l",
"frag": "{lu₂vy}ARAD\\p-MEŠ",
"id": "P334222.l048c7",
"ref": "P334222.8.3",
"inst": "urdāni[servant]N",
"sig": "@saao/saa05%akk-x-neoass:{LU₂}ARAD-MEŠ=ardu[slave//servant]N'N$urdāni",
"f": {"lang": "akk-x-neoass",
"form": "{LU₂}ARAD-MEŠ",
"cf": "ardu",
"gw": "slave",
"sense": "servant",
"norm": "urdāni",
"pos": "N",
"epos": "N"}
}
,
{
"node": "l",
"frag": "ša\\t",
"id": "P334222.l048c8",
"ref": "P334222.8.4",
"inst": "ša[of]DET",
"sig": "@saao/saa05%akk-x-neoass:ša=ša[of//of]DET'DET$ša",
"f": {"lang": "akk-x-neoass",
"form": "ša",
"cf": "ša",
"gw": "of",
"sense": "of",
"norm": "ša",
"pos": "DET",
"epos": "DET"}
}
,
{
"node": "l",
"frag": "LUGAL",
"id": "P334222.l048c9",
"ref": "P334222.8.5",
"inst": "šarri[king]N",
"sig": "@saao/saa05%akk-x-neoass:LUGAL=šarru[king//king]N'N$šarri",
"f": {"lang": "akk-x-neoass",
"form": "LUGAL",
"cf": "šarru",
"gw": "king",
"sense": "king",
"norm": "šarri",
"pos": "N",
"epos": "N"}
}
,
{
"node": "d",
"type": "line-start",
"ref": "P334222.9",
"n": "8",
"label": "o 8"}
,
{
"node": "l",
"frag": "ša\\t",
"id": "P334222.l048ca",
"ref": "P334222.9.1",
"inst": "ša[who]REL",
"sig": "@saao/saa05%akk-x-neoass:ša=ša[that//who]REL'REL$ša",
"f": {"lang": "akk-x-neoass",
"form": "ša",
"cf": "ša",
"gw": "that",
"sense": "who",
"norm": "ša",
"pos": "REL",
"epos": "REL"}
}
,
{
"node": "c",
"type": "phrase",
"tag": "phr",
"id": "P334222.U6",
"ref": "P334222.ls00002",
"cdl": [
{
"node": "l",
"frag": "ina",
"id": "P334222.l048cb",
"ref": "P334222.9.2",
"inst": "ina[in+=there]PRP",
"sig": "@saao/saa05%akk-x-neoass:ina=ina[in//in]PRP'PRP$ina",
"f": {"lang": "akk-x-neoass",
"form": "ina",
"cf": "ina",
"gw": "in",
"sense": "in",
"norm": "ina",
"pos": "PRP",
"epos": "PRP"}
}
,
{
"node": "l",
"frag": "ŠA₃-bi",
"id": "P334222.l048cc",
"ref": "P334222.9.3",
"inst": "libbi[interior]N",
"sig": "@saao/saa05%akk-x-neoass:ŠA₃-bi=libbu[interior//interior]N'N$libbi",
"f": {"lang": "akk-x-neoass",
"form": "ŠA₃-bi",
"cf": "libbu",
"gw": "interior",
"sense": "interior",
"norm": "libbi",
"pos": "N",
"epos": "N"}
}
]}
,
{
"node": "l",
"frag": "a-sap-⸢ra⸣",
"id": "P334222.l048cd",
"ref": "P334222.9.4",
"inst": "šapāru[send]V$assapra",
"sig": "@saao/saa05%akk-x-neoass:a-sap-ra=šapāru[send//send]V'V$assapra",
"f": {"lang": "akk-x-neoass",
"form": "a-sap-ra",
"cf": "šapāru",
"gw": "send",
"sense": "send",
"norm": "assapra",
"pos": "V",
"epos": "V"}
}
,
{
"node": "d",
"type": "line-start",
"ref": "P334222.10",
"n": "9",
"label": "o 9"}
,
{
"node": "l",
"frag": "i-ta-at-ku",
"id": "P334222.l048ce",
"ref": "P334222.10.1",
"inst": "alāku[go//go away]V$ittatku",
"sig": "@saao/saa05%akk-x-neoass:i-ta-at-ku=alāku[go//go away]V'V$ittatku",
"f": {"lang": "akk-x-neoass",
"form": "i-ta-at-ku",
"cf": "alāku",
"gw": "go",
"sense": "go away",
"norm": "ittatku",
"pos": "V",
"epos": "V"}
}
,
{
"node": "l",
"frag": "e-tam-ru-šu₂-nu",
"id": "P334222.l048cf",
"ref": "P334222.10.2",
"inst": "amāru[see]V$ētamrušunu",
"sig": "@saao/saa05%akk-x-neoass:e-tam-ru-šu₂-nu=amāru[see//see]V'V$ētamrušunu",
"f": {"lang": "akk-x-neoass",
"form": "e-tam-ru-šu₂-nu",
"cf": "amāru",
"gw": "see",
"sense": "see",
"norm": "ētamrušunu",
"pos": "V",
"epos": "V"}
}
,
{
"node": "d",
"type": "line-start",
"ref": "P334222.11",
"n": "10",
"label": "o 10"}
,
{
"node": "l",
"frag": "til-li\\d",
"id": "P334222.l048d0",
"ref": "P334222.11.1",
"inst": "tillī[equipment]N",
"sig": "@saao/saa05%akk-x-neoass:til-li=tillu[appendage//equipment]N'N$tillī",
"f": {"lang": "akk-x-neoass",
"form": "til-li",
"cf": "tillu",
"gw": "appendage",
"sense": "equipment",
"norm": "tillī",
"pos": "N",
"epos": "N"}
}
,
{
"node": "l",
"frag": "ša\\t",
"id": "P334222.l048d1",
"ref": "P334222.11.2",
"inst": "ša[which]REL",
"sig": "@saao/saa05%akk-x-neoass:ša=ša[that//which]REL'REL$ša",
"f": {"lang": "akk-x-neoass",
"form": "ša",
"cf": "ša",
"gw": "that",
"sense": "which",
"norm": "ša",
"pos": "REL",
"epos": "REL"}
}
,
{
"node": "c",
"type": "phrase",
"tag": "phr",
"id": "P334222.U7",
"ref": "P334222.ls00003",
"cdl": [
{
"node": "l",
"frag": "ina",
"id": "P334222.l048d2",
"ref": "P334222.11.3",
"inst": "ina[in+=there]PRP",
"sig": "@saao/saa05%akk-x-neoass:ina=ina[in//in]PRP'PRP$ina",
"f": {"lang": "akk-x-neoass",
"form": "ina",
"cf": "ina",
"gw": "in",
"sense": "in",
"norm": "ina",
"pos": "PRP",
"epos": "PRP"}
}
,
{
"node": "l",
"frag": "ŠA₃-bi",
"id": "P334222.l048d3",
"ref": "P334222.11.4",
"inst": "libbu[interior]N$libbi",
"sig": "@saao/saa05%akk-x-neoass:ŠA₃-bi=libbu[interior//interior]N'N$libbi",
"f": {"lang": "akk-x-neoass",
"form": "ŠA₃-bi",
"cf": "libbu",
"gw": "interior",
"sense": "interior",
"norm": "libbi",
"pos": "N",
"epos": "N"}
}
]}
,
{
"node": "l",
"frag": "{še}⸢PAD⸣-MEŠ",
"id": "P334222.l048d4",
"ref": "P334222.11.5",
"inst": "kurummāti[barley (ration)]N",
"sig": "@saao/saa05%akk-x-neoass:{ŠE}PAD-MEŠ=kurummatu[ration//barley (ration)]N'N$kurummāti",
"f": {"lang": "akk-x-neoass",
"form": "{ŠE}PAD-MEŠ",
"cf": "kurummatu",
"gw": "ration",
"sense": "barley (ration)",
"norm": "kurummāti",
"pos": "N",
"epos": "N"}
}
,
{
"node": "d",
"type": "line-start",
"ref": "P334222.12",
"n": "11",
"label": "o 11"}
,
{
"node": "l",
"frag": "ša\\t",
"id": "P334222.l048d5",
"ref": "P334222.12.1",
"inst": "ša[of]DET",
"sig": "@saao/saa05%akk-x-neoass:ša=ša[of//of]DET'DET$ša",
"f": {"lang": "akk-x-neoass",
"form": "ša",
"cf": "ša",
"gw": "of",
"sense": "of",
"norm": "ša",
"pos": "DET",
"epos": "DET"}
}
,
{
"node": "l",
"frag": "ṭup\\dm-pi-šu₂-nu",
"id": "P334222.l048d6",
"ref": "P334222.12.2",
"inst": "ṭuppu[tablet]N$ṭuppišunu",
"sig": "@saao/saa05%akk-x-neoass:ṭup-pi-šu₂-nu=ṭuppu[tablet//tablet]N'N$ṭuppišunu",
"f": {"lang": "akk-x-neoass",
"form": "ṭup-pi-šu₂-nu",
"cf": "ṭuppu",
"gw": "tablet",
"sense": "tablet",
"norm": "ṭuppišunu",
"pos": "N",
"epos": "N"}
}
,
{
"node": "l",
"frag": "i-ba-ši",
"id": "P334222.l048d7",
"ref": "P334222.12.3",
"inst": "bašû[exist]V$ibašši",
"sig": "@saao/saa05%akk-x-neoass:i-ba-ši=bašû[exist//exist]V'V$ibašši",
"f": {"lang": "akk-x-neoass",
"form": "i-ba-ši",
"cf": "bašû",
"gw": "exist",
"sense": "exist",
"norm": "ibašši",
"pos": "V",
"epos": "V"}
}
,
{
"node": "c",
"type": "phrase",
"tag": "phr",
"id": "P334222.U8",
"ref": "P334222.ls00004",
"cdl": [
{
"node": "l",
"frag": "ina",
"id": "P334222.l048d8",
"ref": "P334222.12.4",
"inst": "ina[in+=there]PRP",
"sig": "@saao/saa05%akk-x-neoass:ina=ina[in//in]PRP'PRP$ina",
"f": {"lang": "akk-x-neoass",
"form": "ina",
"cf": "ina",
"gw": "in",
"sense": "in",
"norm": "ina",
"pos": "PRP",
"epos": "PRP"}
}
,
{
"node": "l",
"frag": "ŠA₃-bi",
"id": "P334222.l048d9",
"ref": "P334222.12.5",
"inst": "libbu[interior]N$libbi",
"sig": "@saao/saa05%akk-x-neoass:ŠA₃-bi=libbu[interior//interior]N'N$libbi",
"f": {"lang": "akk-x-neoass",
"form": "ŠA₃-bi",
"cf": "libbu",
"gw": "interior",
"sense": "interior",
"norm": "libbi",
"pos": "N",
"epos": "N"}
}
]}
,
{
"node": "d",
"type": "line-start",
"ref": "P334222.13",
"n": "12",
"label": "o 12"}
,
{
"node": "l",
"frag": "u₂-hu-ta-ri-du-šu₂-nu",
"id": "P334222.l048da",
"ref": "P334222.13.1",
"inst": "harādu[be(come) awake//alert]V$uhutarridušunu",
"sig": "@saao/saa05%akk-x-neoass:u₂-hu-ta-ri-du-šu₂-nu=harādu[be(come) awake//alert]V'V$uhutarridušunu",
"f": {"lang": "akk-x-neoass",
"form": "u₂-hu-ta-ri-du-šu₂-nu",
"cf": "harādu",
"gw": "be(come) awake",
"sense": "alert",
"norm": "uhutarridušunu",
"pos": "V",
"epos": "V"}
}
,
{
"node": "d",
"type": "line-start",
"ref": "P334222.14",
"n": "13",
"label": "o 13"}
,
{
"node": "l",
"frag": "ma-ṣar-ta-šu₂-nu",
"id": "P334222.l048db",
"ref": "P334222.14.1",
"inst": "maṣṣartu[observation//guard]N$maṣṣartašunu",
"sig": "@saao/saa05%akk-x-neoass:ma-ṣar-ta-šu₂-nu=maṣṣartu[observation//guard]N'N$maṣṣartašunu",
"f": {"lang": "akk-x-neoass",
"form": "ma-ṣar-ta-šu₂-nu",
"cf": "maṣṣartu",
"gw": "observation",
"sense": "guard",
"norm": "maṣṣartašunu",
"pos": "N",
"epos": "N"}
}
,
{
"node": "l",
"frag": "dan-na-at",
"id": "P334222.l048dc",
"ref": "P334222.14.2",
"inst": "dannat[strong]AJ",
"sig": "@saao/saa05%akk-x-neoass:dan-na-at=dannu[strong//strong]AJ'AJ$dannat",
"f": {"lang": "akk-x-neoass",
"form": "dan-na-at",
"cf": "dannu",
"gw": "strong",
"sense": "strong",
"norm": "dannat",
"pos": "AJ",
"epos": "AJ"}
}
,
{
"node": "d",
"type": "line-start",
"ref": "P334222.15",
"n": "14",
"label": "o 14"}
,
{
"node": "l",
"frag": "a-dan-niš",
"id": "P334222.l048dd",
"ref": "P334222.15.1",
"inst": "adanniš[very much]AV",
"sig": "@saao/saa05%akk-x-neoass:a-dan-niš=adanniš[very much//very much]AV'AV$adanniš",
"f": {"lang": "akk-x-neoass",
"form": "a-dan-niš",
"cf": "adanniš",
"gw": "very much",
"sense": "very much",
"norm": "adanniš",
"pos": "AV",
"epos": "AV"}
}
,
{
"node": "l",
"frag": "ŠA₃-bu",
"id": "P334222.l048de",
"ref": "P334222.15.2",
"inst": "libbu[mood]N",
"sig": "@saao/saa05%akk-x-neoass:ŠA₃-bu=libbu[interior//mood]N'N$libbu",
"f": {"lang": "akk-x-neoass",
"form": "ŠA₃-bu",
"cf": "libbu",
"gw": "interior",
"sense": "mood",
"norm": "libbu",
"pos": "N",
"epos": "N"}
}
,
{
"node": "l",
"frag": "ša\\t",
"id": "P334222.l048df",
"ref": "P334222.15.3",
"inst": "ša[of]DET",
"sig": "@saao/saa05%akk-x-neoass:ša=ša[of//of]DET'DET$ša",
"f": {"lang": "akk-x-neoass",
"form": "ša",
"cf": "ša",
"gw": "of",
"sense": "of",
"norm": "ša",
"pos": "DET",
"epos": "DET"}
}
,
{
"node": "l",
"frag": "LUGAL",
"id": "P334222.l048e0",
"ref": "P334222.15.4",
"inst": "šarri[king]N",
"sig": "@saao/saa05%akk-x-neoass:LUGAL=šarru[king//king]N'N$šarri",
"f": {"lang": "akk-x-neoass",
"form": "LUGAL",
"cf": "šarru",
"gw": "king",
"sense": "king",
"norm": "šarri",
"pos": "N",
"epos": "N"}
}
,
{
"node": "d",
"type": "line-start",
"ref": "P334222.16",
"n": "15",
"label": "o 15"}
,
{
"node": "l",
"frag": "EN-ia",
"id": "P334222.l048e1",
"ref": "P334222.16.1",
"inst": "bēlīya[lord]N",
"sig": "@saao/saa05%akk-x-neoass:EN-ia=bēlu[lord//lord]N'N$bēlīya",
"f": {"lang": "akk-x-neoass",
"form": "EN-ia",
"cf": "bēlu",
"gw": "lord",
"sense": "lord",
"norm": "bēlīya",
"pos": "N",
"epos": "N"}
}
,
{
"node": "l",
"frag": "lu",
"id": "P334222.l048e2",
"ref": "P334222.16.2",
"inst": "lū[may]MOD",
"sig": "@saao/saa05%akk-x-neoass:lu=lū[may//may]MOD'MOD$lū",
"f": {"lang": "akk-x-neoass",
"form": "lu",
"cf": "lū",
"gw": "may",
"sense": "may",
"norm": "lū",
"pos": "MOD",
"epos": "MOD"}
}
,
{
"node": "l",
"frag": "DUG₃.⸢GA⸣",
"id": "P334222.l048e3",
"ref": "P334222.16.3",
"inst": "ṭāb[good]AJ",
"sig": "@saao/saa05%akk-x-neoass:DUG₃.GA=ṭābu[good//good]AJ'AJ$ṭāb",
"f": {"lang": "akk-x-neoass",
"form": "DUG₃.GA",
"cf": "ṭābu",
"gw": "good",
"sense": "good",
"norm": "ṭāb",
"pos": "AJ",
"epos": "AJ"}
}
,
{
"node": "d",
"type": "line-start",
"ref": "P334222.17",
"n": "16",
"label": "o 16"}
,
{
"node": "l",
"frag": "{1}{d}ku₃-KA₂-DINGIR-a.⸢a⸣",
"id": "P334222.l048e4",
"ref": "P334222.17.1",
"inst": "Kubaba-ilaʾi[]PN$",
"sig": "@saao/saa05%akk-x-neoass:{1}{d}ku₃-KA₂-DINGIR-a.a=Kubaba-ilaʾi[1//1]PN'PN$Kubaba-ilaʾi",
"f": {"lang": "akk-x-neoass",
"form": "{1}{d}ku₃-KA₂-DINGIR-a.a",
"cf": "Kubaba-ilaʾi",
"gw": "1",
"sense": "1",
"norm": "Kubaba-ilaʾi",
"pos": "PN",
"epos": "PN"}
}
,
{
"node": "d",
"type": "line-start",
"ref": "P334222.18",
"n": "17",
"label": "o 17"}
,
{
"node": "l",
"frag": "LUGAL",
"id": "P334222.l048e5",
"ref": "P334222.18.1",
"inst": "šarru[king]N",
"sig": "@saao/saa05%akk-x-neoass:LUGAL=šarru[king//king]N'N$šarru",
"f": {"lang": "akk-x-neoass",
"form": "LUGAL",
"cf": "šarru",
"gw": "king",
"sense": "king",
"norm": "šarru",
"pos": "N",
"epos": "N"}
}
,
{
"node": "l",
"frag": "EN",
"id": "P334222.l048e6",
"ref": "P334222.18.2",
"inst": "bēlī[lord]N",
"sig": "@saao/saa05%akk-x-neoass:EN=bēlu[lord//lord]N'N$bēlī",
"f": {"lang": "akk-x-neoass",
"form": "EN",
"cf": "bēlu",
"gw": "lord",
"sense": "lord",
"norm": "bēlī",
"pos": "N",
"epos": "N"}
}
,
{
"node": "l",
"frag": "u₂-da\\d",
"id": "P334222.l048e7",
"ref": "P334222.18.3",
"inst": "ūda[know]V",
"sig": "@saao/saa05%akk-x-neoass:u₂-da=wadû[know//know]V'V$ūda",
"f": {"lang": "akk-x-neoass",
"form": "u₂-da",
"cf": "wadû",
"gw": "know",
"sense": "know",
"norm": "ūda",
"pos": "V",
"epos": "V"}
}
,
{
"node": "d",
"type": "line-start",
"ref": "P334222.19",
"n": "18",
"label": "o 18"}
,
{
"node": "c",
"type": "phrase",
"tag": "phr",
"id": "P334222.U9",
"ref": "P334222.ls00005",
"cdl": [
{
"node": "l",
"frag": "EN-li-ša₂-ni",
"id": "P334222.l048e8",
"ref": "P334222.19.1",
"cof-tails": "P334222.l048e9",
"inst": "bēlu[lord]N$bēl&lišānu[tongue]N$lišāni",
"sig": "@saao/saa05%akk-x-neoass:EN-li-ša₂-ni=bēlu[lord//lord]N'N$bēl&&@saao%akk-x-neoass:=lišānu[tongue//tongue]N'N$lišāni",
"f": {"lang": "akk-x-neoass",
"form": "EN-li-ša₂-ni",
"cf": "bēlu",
"gw": "lord",
"sense": "lord",
"norm": "bēl",
"pos": "N",
"epos": "N"}
}
,
{
"node": "l",
"frag": "EN-li-ša₂-ni",
"id": "P334222.l048e9",
"ref": "P334222.19.1",
"cof-head": "P334222.l048e8",
"inst": "bēlu[lord]N$bēl&lišānu[tongue]N$lišāni",
"tail-sig": "@saao%akk-x-neoass:=lišānu[tongue//tongue]N'N$lišāni",
"f": {"lang": "akk-x-neoass",
"form": "EN-li-ša₂-ni",
"cf": "lišānu",
"gw": "tongue",
"sense": "tongue",
"norm": "lišāni",
"pos": "N",
"epos": "N"}
}
]}
,
{
"node": "l",
"frag": "šu₂-u",
"id": "P334222.l048ea",
"ref": "P334222.19.2",
"inst": "šû[he]IP",
"sig": "@saao/saa05%akk-x-neoass:šu₂-u=šū[he//he]IP'IP$šû",
"f": {"lang": "akk-x-neoass",
"form": "šu₂-u",
"cf": "šū",
"gw": "he",
"sense": "he",
"norm": "šû",
"pos": "IP",
"epos": "IP"}
}
,
{
"node": "d",
"subtype": "reverse",
"type": "surface",
"ref": "P334222.r.20",
"type": "reverse",
"label": "r"}
,
{
"node": "d",
"type": "line-start",
"ref": "P334222.21",
"n": "1",
"label": "r 1"}
,
{
"node": "l",
"frag": "ina",
"id": "P334222.l048eb",
"ref": "P334222.21.1",
"inst": "ina[to]PRP",
"sig": "@saao/saa05%akk-x-neoass:ina=ina[in//to]PRP'PRP$ina",
"f": {"lang": "akk-x-neoass",
"form": "ina",
"cf": "ina",
"gw": "in",
"sense": "to",
"norm": "ina",
"pos": "PRP",
"epos": "PRP"}
}
,
{
"node": "l",
"frag": "{uru}ti\\t-ik-ri-iš",
"id": "P334222.l048ec",
"ref": "P334222.21.2",
"inst": "Tikriš[]GN$",
"sig": "@saao/saa05%akk-x-neoass:{URU}ti-ik-ri-iš=Tikriš[1//1]GN'GN$Tikriš",
"f": {"lang": "akk-x-neoass",
"form": "{URU}ti-ik-ri-iš",
"cf": "Tikriš",
"gw": "1",
"sense": "1",
"norm": "Tikriš",
"pos": "GN",
"epos": "GN"}
}
,
{
"node": "d",
"type": "line-start",
"ref": "P334222.22",
"n": "2",
"label": "r 2"}
,
{
"node": "l",
"frag": "a-sap-ar₂-šu",
"id": "P334222.l048ed",
"ref": "P334222.22.1",
"inst": "šapāru[send]V$assaparaššu",
"sig": "@saao/saa05%akk-x-neoass:a-sap-ar₂-šu=šapāru[send//send]V'V$assaparaššu",
"f": {"lang": "akk-x-neoass",
"form": "a-sap-ar₂-šu",
"cf": "šapāru",
"gw": "send",
"sense": "send",
"norm": "assaparaššu",
"pos": "V",
"epos": "V"}
}
,
{
"node": "l",
"frag": "šu-u₂",
"id": "P334222.l048ee",
"ref": "P334222.22.2",
"inst": "šû[he]IP",
"sig": "@saao/saa05%akk-x-neoass:šu-u₂=šū[he//he]IP'IP$šû",
"f": {"lang": "akk-x-neoass",
"form": "šu-u₂",
"cf": "šū",
"gw": "he",
"sense": "he",
"norm": "šû",
"pos": "IP",
"epos": "IP"}
}
,
{
"node": "d",
"type": "line-start",
"ref": "P334222.23",
"n": "3",
"label": "r 3"}
,
{
"node": "l",
"frag": "ṭe₃-mu",
"id": "P334222.l048ef",
"ref": "P334222.23.1",
"inst": "ṭēmu[report]N",
"sig": "@saao/saa05%akk-x-neoass:ṭe₃-mu=ṭēmu[(fore)thought//report]N'N$ṭēmu",
"f": {"lang": "akk-x-neoass",
"form": "ṭe₃-mu",
"cf": "ṭēmu",
"gw": "(fore)thought",
"sense": "report",
"norm": "ṭēmu",
"pos": "N",
"epos": "N"}
}
,
{
"node": "l",
"frag": "an-ni-u₂",
"id": "P334222.l048f0",
"ref": "P334222.23.2",
"inst": "annīu[this]DP",
"sig": "@saao/saa05%akk-x-neoass:an-ni-u₂=annû[this//this]DP'DP$annīu",
"f": {"lang": "akk-x-neoass",
"form": "an-ni-u₂",
"cf": "annû",
"gw": "this",
"sense": "this",
"norm": "annīu",
"pos": "DP",
"epos": "DP"}
}
,
{
"node": "l",
"frag": "ih-tar-ṣa",
"id": "P334222.l048f1",
"ref": "P334222.23.3",
"inst": "harāṣu[break off//clear up]V$ihtarṣa",
"sig": "@saao/saa05%akk-x-neoass:ih-tar-ṣa=harāṣu[break off//clear up]V'V$ihtarṣa",
"f": {"lang": "akk-x-neoass",
"form": "ih-tar-ṣa",
"cf": "harāṣu",
"gw": "break off",
"sense": "clear up",
"norm": "ihtarṣa",
"pos": "V",
"epos": "V"}
}
,
{
"node": "d",
"type": "line-start",
"ref": "P334222.24",
"n": "4",
"label": "r 4"}
,
{
"node": "l",
"frag": "iq-ṭi-ba-a-na-a-ši",
"id": "P334222.l048f2",
"ref": "P334222.24.1",
"inst": "qabû[say]V$iqṭibānāši",
"sig": "@saao/saa05%akk-x-neoass:iq-ṭi-ba-a-na-a-ši=qabû[say//say]V'V$iqṭibānāši",
"f": {"lang": "akk-x-neoass",
"form": "iq-ṭi-ba-a-na-a-ši",
"cf": "qabû",
"gw": "say",
"sense": "say",
"norm": "iqṭibānāši",
"pos": "V",
"epos": "V"}
}
,
{
"node": "d",
"type": "line-start",
"ref": "P334222.25",
"n": "5",
"label": "r 5"}
,
{
"node": "c",
"type": "phrase",
"tag": "phr",
"id": "P334222.U10",
"ref": "P334222.ls00006",
"cdl": [
{
"node": "l",
"frag": "ina",
"id": "P334222.l048f3",
"ref": "P334222.25.1",
"inst": "ina[in+=to]PRP",
"sig": "@saao/saa05%akk-x-neoass:ina=ina[in//in]PRP'PRP$ina",
"f": {"lang": "akk-x-neoass",
"form": "ina",
"cf": "ina",
"gw": "in",
"sense": "in",
"norm": "ina",
"pos": "PRP",
"epos": "PRP"}
}
,
{
"node": "l",
"frag": "UGU",
"id": "P334222.l048f4",
"ref": "P334222.25.2",
"inst": "muhhi[skull]N",
"sig": "@saao/saa05%akk-x-neoass:UGU=muhhu[skull//skull]N'N$muhhi",
"f": {"lang": "akk-x-neoass",
"form": "UGU",
"cf": "muhhu",
"gw": "skull",
"sense": "skull",
"norm": "muhhi",
"pos": "N",
"epos": "N"}
}
]}
,
{
"node": "l",
"frag": "LUGAL",
"id": "P334222.l048f5",
"ref": "P334222.25.3",
"inst": "šarri[king]N",
"sig": "@saao/saa05%akk-x-neoass:LUGAL=šarru[king//king]N'N$šarri",
"f": {"lang": "akk-x-neoass",
"form": "LUGAL",
"cf": "šarru",
"gw": "king",
"sense": "king",
"norm": "šarri",
"pos": "N",
"epos": "N"}
}
,
{
"node": "l",
"frag": "EN-ia",
"id": "P334222.l048f6",
"ref": "P334222.25.4",
"inst": "bēlīya[lord]N",
"sig": "@saao/saa05%akk-x-neoass:EN-ia=bēlu[lord//lord]N'N$bēlīya",
"f": {"lang": "akk-x-neoass",
"form": "EN-ia",
"cf": "bēlu",
"gw": "lord",
"sense": "lord",
"norm": "bēlīya",
"pos": "N",
"epos": "N"}
}
,
{
"node": "l",
"frag": "ni-sap-ra",
"id": "P334222.l048f7",
"ref": "P334222.25.5",
"inst": "šapāru[send]V$nissapra",
"sig": "@saao/saa05%akk-x-neoass:ni-sap-ra=šapāru[send//send]V'V$nissapra",
"f": {"lang": "akk-x-neoass",
"form": "ni-sap-ra",
"cf": "šapāru",
"gw": "send",
"sense": "send",
"norm": "nissapra",
"pos": "V",
"epos": "V"}
}
,
{
"node": "d",
"type": "line-start",
"ref": "P334222.26",
"n": "6",
"label": "r 6"}
,
{
"node": "l",
"frag": "am-mar",
"id": "P334222.l048f8",
"ref": "P334222.26.1",
"inst": "ammar[as many as]REL",
"sig": "@saao/saa05%akk-x-neoass:am-mar=ammar[as much as//as many as]REL'REL$ammar",
"f": {"lang": "akk-x-neoass",
"form": "am-mar",
"cf": "ammar",
"gw": "as much as",
"sense": "as many as",
"norm": "ammar",
"pos": "REL",
"epos": "REL"}
}
,
{
"node": "l",
"frag": "UD-mu-MEŠ",
"id": "P334222.l048f9",
"ref": "P334222.26.2",
"inst": "ūmu[day]N$ūmāti",
"sig": "@saao/saa05%akk-x-neoass:UD-mu-MEŠ=ūmu[day//day]N'N$ūmāti",
"f": {"lang": "akk-x-neoass",
"form": "UD-mu-MEŠ",
"cf": "ūmu",
"gw": "day",
"sense": "day",
"norm": "ūmāti",
"pos": "N",
"epos": "N"}
}
,
{
"node": "l",
"frag": "ša\\tm",
"id": "P334222.l048fa",
"ref": "P334222.26.3",
"inst": "ša[that]REL",
"sig": "@saao/saa05%akk-x-neoass:ša=ša[that//that]REL'REL$ša",
"f": {"lang": "akk-x-neoass",
"form": "ša",
"cf": "ša",
"gw": "that",
"sense": "that",
"norm": "ša",
"pos": "REL",
"epos": "REL"}
}
,
{
"node": "l",
"frag": "ina",
"id": "P334222.l048fb",
"ref": "P334222.26.4",
"inst": "ina[on]PRP",
"sig": "@saao/saa05%akk-x-neoass:ina=ina[in//on]PRP'PRP$ina",
"f": {"lang": "akk-x-neoass",
"form": "ina",
"cf": "ina",
"gw": "in",
"sense": "on",
"norm": "ina",
"pos": "PRP",
"epos": "PRP"}
}
,
{
"node": "l",
"frag": "ta-hu-me",
"id": "P334222.l048fc",
"ref": "P334222.26.5",
"inst": "tahūme[border]N",
"sig": "@saao/saa05%akk-x-neoass:ta-hu-me=tahūmu[boundary//border]N'N$tahūme",
"f": {"lang": "akk-x-neoass",
"form": "ta-hu-me",
"cf": "tahūmu",
"gw": "boundary",
"sense": "border",
"norm": "tahūme",
"pos": "N",
"epos": "N"}
}
,
{
"node": "d",
"type": "line-start",
"ref": "P334222.27",
"n": "7",
"label": "r 7"}
,
{
"node": "l",
"frag": "ša\\tm",
"id": "P334222.l048fd",
"ref": "P334222.27.1",
"inst": "ša[of]DET",
"sig": "@saao/saa05%akk-x-neoass:ša=ša[of//of]DET'DET$ša",
"f": {"lang": "akk-x-neoass",
"form": "ša",
"cf": "ša",
"gw": "of",
"sense": "of",
"norm": "ša",
"pos": "DET",
"epos": "DET"}
}
,
{
"node": "l",
"frag": "{kur}man-na-a.a",
"id": "P334222.l048fe",
"ref": "P334222.27.2",
"inst": "Mannaya[Mannea]GN",
"sig": "@saao/saa05%akk-x-neoass:{KUR}man-na-a.a=Manna[Mannea//Mannea]GN'GN$Mannaya",
"f": {"lang": "akk-x-neoass",
"form": "{KUR}man-na-a.a",
"cf": "Manna",
"gw": "Mannea",
"sense": "Mannea",
"norm": "Mannaya",
"pos": "GN",
"epos": "GN"}
}
,
{
"node": "l",
"frag": "ma-dak₃-tu₂",
"id": "P334222.l048ff",
"ref": "P334222.27.3",
"inst": "madaktu[(military) camp//military camp]N$madāktu",
"sig": "@saao/saa05%akk-x-neoass:ma-dak₃-tu₂=madaktu[(military) camp//military camp]N'N$madāktu",
"f": {"lang": "akk-x-neoass",
"form": "ma-dak₃-tu₂",
"cf": "madaktu",
"gw": "(military) camp",
"sense": "military camp",
"norm": "madāktu",
"pos": "N",
"epos": "N"}
}
,
{
"node": "d",
"type": "line-start",
"ref": "P334222.28",
"n": "8",
"label": "r 8"}
,
{
"node": "l",
"frag": "ša₂-ak-na-ku-u-ni",
"id": "P334222.l04900",
"ref": "P334222.28.1",
"inst": "šaknākūni[placed]AJ",
"sig": "@saao/saa05%akk-x-neoass:ša₂-ak-na-ku-u-ni=šaknu[placed//placed]AJ'AJ$šaknākūni",
"f": {"lang": "akk-x-neoass",
"form": "ša₂-ak-na-ku-u-ni",
"cf": "šaknu",
"gw": "placed",
"sense": "placed",
"norm": "šaknākūni",
"pos": "AJ",
"epos": "AJ"}
}
,
{
"node": "l",
"frag": "DUMU",
"id": "P334222.l04901",
"ref": "P334222.28.2",
"inst": "māru[son]N$mār",
"sig": "@saao/saa05%akk-x-neoass:DUMU=māru[son//son]N'N$mār",
"f": {"lang": "akk-x-neoass",
"form": "DUMU",
"cf": "māru",
"gw": "son",
"sense": "son",
"norm": "mār",
"pos": "N",
"epos": "N"}
}
,
{
"node": "l",
"frag": "{mi₂}al-mat-te",
"id": "P334222.l04902",
"ref": "P334222.28.3",
"inst": "almattu[widow]N$almatte",
"sig": "@saao/saa05%akk-x-neoass:{MI₂}al-mat-te=almattu[widow//widow]N'N$almatte",
"f": {"lang": "akk-x-neoass",
"form": "{MI₂}al-mat-te",
"cf": "almattu",
"gw": "widow",
"sense": "widow",
"norm": "almatte",
"pos": "N",
"epos": "N"}
}
,
{
"node": "d",
"type": "line-start",
"ref": "P334222.29",
"n": "9",
"label": "r 9"}
,
{
"node": "l",
"frag": "i-pu-tu₂-u-a.a",
"id": "P334222.l04903",
"ref": "P334222.29.1",
"cof-tails": "P334222.l04904",
"inst": "+ina[in+=opposite]PRP$&+pūtu[forehead]N$pūtūwa",
"sig": "@saao/saa05%akk-x-neoass:i-pu-tu₂-u-a.a=ina[in//in]PRP'PRP$ina&&@saao/saa05%akk-x-neoass:i-pu-tu₂-u-a.a=pūtu[forehead//forehead]N'N$pūtūwa",
"f": {"lang": "akk-x-neoass",
"form": "i-pu-tu₂-u-a.a",
"cf": "ina",
"gw": "in",
"sense": "in",
"norm": "ina",
"pos": "PRP",
"epos": "PRP"}
}
,
{
"node": "l",
"frag": "i-pu-tu₂-u-a.a",
"id": "P334222.l04904",
"ref": "P334222.29.1",
"cof-head": "P334222.l04903",
"inst": "+ina[in+=opposite]PRP$&+pūtu[forehead]N$pūtūwa",
"f": {"lang": "akk-x-neoass",
"form": "i-pu-tu₂-u-a.a",
"cf": "pūtu",
"gw": "forehead",
"sense": "forehead",
"norm": "pūtūwa",
"pos": "N",
"epos": "N"}
}
,
{
"node": "l",
"frag": "ma-dak₃-tu₂",
"id": "P334222.l04905",
"ref": "P334222.29.2",
"inst": "madāktu[military camp]N",
"sig": "@saao/saa05%akk-x-neoass:ma-dak₃-tu₂=madaktu[(military) camp//military camp]N'N$madāktu",
"f": {"lang": "akk-x-neoass",
"form": "ma-dak₃-tu₂",
"cf": "madaktu",
"gw": "(military) camp",
"sense": "military camp",
"norm": "madāktu",
"pos": "N",
"epos": "N"}
}
,
{
"node": "d",
"type": "line-start",
"ref": "P334222.30",
"n": "10",
"label": "r 10"}
,
{
"node": "c",
"type": "phrase",
"tag": "phr",
"id": "P334222.U11",
"ref": "P334222.ls00007",
"cdl": [
{
"node": "l",
"frag": "ina",
"id": "P334222.l04906",
"ref": "P334222.30.1",
"inst": "ina[in+=on]PRP",
"sig": "@saao/saa05%akk-x-neoass:ina=ina[in//in]PRP'PRP$ina",
"f": {"lang": "akk-x-neoass",
"form": "ina",
"cf": "ina",
"gw": "in",
"sense": "in",
"norm": "ina",
"pos": "PRP",
"epos": "PRP"}
}
,
{
"node": "l",
"frag": "UGU",
"id": "P334222.l04907",
"ref": "P334222.30.2",
"inst": "muhhi[skull]N",
"sig": "@saao/saa05%akk-x-neoass:UGU=muhhu[skull//skull]N'N$muhhi",
"f": {"lang": "akk-x-neoass",
"form": "UGU",
"cf": "muhhu",
"gw": "skull",
"sense": "skull",
"norm": "muhhi",
"pos": "N",
"epos": "N"}
}
]}
,
{
"node": "l",
"frag": "ta-hu-me-šu",
"id": "P334222.l04908",
"ref": "P334222.30.3",
"inst": "tahūmu[boundary//border]N$tahūmēšu",
"sig": "@saao/saa05%akk-x-neoass:ta-hu-me-šu=tahūmu[boundary//border]N'N$tahūmēšu",
"f": {"lang": "akk-x-neoass",
"form": "ta-hu-me-šu",
"cf": "tahūmu",
"gw": "boundary",
"sense": "border",
"norm": "tahūmēšu",
"pos": "N",
"epos": "N"}
}
,
{
"node": "l",
"frag": "ša₂-ki-in",
"id": "P334222.l04909",
"ref": "P334222.30.4",
"inst": "šaknu[placed]AJ$šakin",
"sig": "@saao/saa05%akk-x-neoass:ša₂-ki-in=šaknu[placed//placed]AJ'AJ$šakin",
"f": {"lang": "akk-x-neoass",
"form": "ša₂-ki-in",
"cf": "šaknu",
"gw": "placed",
"sense": "placed",
"norm": "šakin",
"pos": "AJ",
"epos": "AJ"}
}
,
{
"node": "d",
"type": "line-start",
"ref": "P334222.31",
"n": "11",
"label": "r 11"}
,
{
"node": "c",
"type": "phrase",
"tag": "phr",
"id": "P334222.U12",
"ref": "P334222.ls00008",
"cdl": [
{
"node": "l",
"frag": "ina",
"id": "P334222.l0490a",
"ref": "P334222.31.1",
"inst": "ina[in+=within]PRP",
"sig": "@saao/saa05%akk-x-neoass:ina=ina[in//in]PRP'PRP$ina",
"f": {"lang": "akk-x-neoass",
"form": "ina",
"cf": "ina",
"gw": "in",
"sense": "in",
"norm": "ina",
"pos": "PRP",
"epos": "PRP"}
}
,
{
"node": "l",
"frag": "ŠA₃",
"id": "P334222.l0490b",
"ref": "P334222.31.2",
"inst": "libbi[interior]N",
"sig": "@saao/saa05%akk-x-neoass:ŠA₃=libbu[interior//interior]N'N$libbi",
"f": {"lang": "akk-x-neoass",
"form": "ŠA₃",
"cf": "libbu",
"gw": "interior",
"sense": "interior",
"norm": "libbi",
"pos": "N",
"epos": "N"}
}
]}
,
{
"node": "l",
"frag": "UD-mu",
"id": "P334222.l0490c",
"ref": "P334222.31.3",
"inst": "ūmu[day]N",
"sig": "@saao/saa05%akk-x-neoass:UD-mu=ūmu[day//day]N'N$ūmu",
"f": {"lang": "akk-x-neoass",
"form": "UD-mu",
"cf": "ūmu",
"gw": "day",
"sense": "day",
"norm": "ūmu",
"pos": "N",
"epos": "N"}
}
,
{
"node": "l",
"frag": "ša\\t",
"id": "P334222.l0490d",
"ref": "P334222.31.4",
"inst": "ša[that]REL",
"sig": "@saao/saa05%akk-x-neoass:ša=ša[that//that]REL'REL$ša",
"f": {"lang": "akk-x-neoass",
"form": "ša",
"cf": "ša",
"gw": "that",
"sense": "that",
"norm": "ša",
"pos": "REL",
"epos": "REL"}
}
,
{
"node": "l",
"frag": "{1}{d}MAŠ.MAŠ-EN-PAB",
"id": "P334222.l0490e",
"ref": "P334222.31.5",
"inst": "Nergal-belu-uṣur[1]PN",
"sig": "@saao/saa05%akk-x-neoass:{1}{d}MAŠ.MAŠ-EN-PAB=Nergal-belu-uṣur[1//1]PN'PN$Nergal-belu-uṣur",
"f": {"lang": "akk-x-neoass",
"form": "{1}{d}MAŠ.MAŠ-EN-PAB",
"cf": "Nergal-belu-uṣur",
"gw": "1",
"sense": "1",
"norm": "Nergal-belu-uṣur",
"pos": "PN",
"epos": "PN"}
}
,
{
"node": "d",
"type": "line-start",
"ref": "P334222.32",
"n": "12",
"label": "r 12"}
,
{
"node": "l",
"frag": "DU-a-ni",
"id": "P334222.l0490f",
"ref": "P334222.32.1",
"inst": "alāku[go//come]V$illikanni",
"sig": "@saao/saa05%akk-x-neoass:DU-a-ni=alāku[go//come]V'V$illikanni",
"f": {"lang": "akk-x-neoass",
"form": "DU-a-ni",
"cf": "alāku",
"gw": "go",
"sense": "come",
"norm": "illikanni",
"pos": "V",
"epos": "V"}
}
,
{
"node": "l",
"frag": "u₂-na-me-ša₂-a-ni-ni",
"id": "P334222.l04910",
"ref": "P334222.32.2",
"inst": "namāšu[set (o.s.) in motion//make set out]V$unammešāninni",
"sig": "@saao/saa05%akk-x-neoass:u₂-na-me-ša₂-a-ni-ni=namāšu[set (o.s.) in motion//make set out]V'V$unammešāninni",
"f": {"lang": "akk-x-neoass",
"form": "u₂-na-me-ša₂-a-ni-ni",
"cf": "namāšu",
"gw": "set (o.s.) in motion",
"sense": "make set out",
"norm": "unammešāninni",
"pos": "V",
"epos": "V"}
}
,
{
"node": "d",
"type": "line-start",
"ref": "P334222.33",
"n": "13",
"label": "r 13"}
,
{
"node": "l",
"frag": "ina",
"id": "P334222.l04911",
"ref": "P334222.33.1",
"inst": "ina[in]PRP",
"sig": "@saao/saa05%akk-x-neoass:ina=ina[in//in]PRP'PRP$ina",
"f": {"lang": "akk-x-neoass",
"form": "ina",
"cf": "ina",
"gw": "in",
"sense": "in",
"norm": "ina",
"pos": "PRP",
"epos": "PRP"}
}
,
{
"node": "l",
"frag": "{kur}man-na-a.a",
"id": "P334222.l04912",
"ref": "P334222.33.2",
"inst": "Mannaya[Mannea]GN",
"sig": "@saao/saa05%akk-x-neoass:{KUR}man-na-a.a=Manna[Mannea//Mannea]GN'GN$Mannaya",
"f": {"lang": "akk-x-neoass",
"form": "{KUR}man-na-a.a",
"cf": "Manna",
"gw": "Mannea",
"sense": "Mannea",
"norm": "Mannaya",
"pos": "GN",
"epos": "GN"}
}
,
{
"node": "l",
"frag": "e-ru-bu-u-ni",
"id": "P334222.l04913",
"ref": "P334222.33.3",
"inst": "erēbu[enter]V$ērubūni",
"sig": "@saao/saa05%akk-x-neoass:e-ru-bu-u-ni=erēbu[enter//enter]V'V$ērubūni",
"f": {"lang": "akk-x-neoass",
"form": "e-ru-bu-u-ni",
"cf": "erēbu",
"gw": "enter",
"sense": "enter",
"norm": "ērubūni",
"pos": "V",
"epos": "V"}
}
,
{
"node": "d",
"type": "line-start",
"ref": "P334222.34",
"n": "14",
"label": "r 14"}
,
{
"node": "l",
"frag": "{lu₂v}03.U₅-ia",
"id": "P334222.l04914",
"ref": "P334222.34.1",
"inst": "tašlīšīya[third man on chariot]N",
"sig": "@saao/saa05%akk-x-neoass:{LU₂}03.U₅-ia=tašlīšu[third man on chariot//third man on chariot]N'N$tašlīšīya",
"f": {"lang": "akk-x-neoass",
"form": "{LU₂}03.U₅-ia",
"cf": "tašlīšu",
"gw": "third man on chariot",
"sense": "third man on chariot",
"norm": "tašlīšīya",
"pos": "N",
"epos": "N"}
}
,
{
"node": "c",
"type": "phrase",
"tag": "phr",
"id": "P334222.U13",
"ref": "P334222.ls00009",
"cdl": [
{
"node": "l",
"frag": "ina",
"id": "P334222.l04915",
"ref": "P334222.34.2",
"inst": "ina[in+=to]PRP",
"sig": "@saao/saa05%akk-x-neoass:ina=ina[in//in]PRP'PRP$ina",
"f": {"lang": "akk-x-neoass",
"form": "ina",
"cf": "ina",
"gw": "in",
"sense": "in",
"norm": "ina",
"pos": "PRP",
"epos": "PRP"}
}
,
{
"node": "l",
"frag": "UGU-šu₂",
"id": "P334222.l04916",
"ref": "P334222.34.3",
"inst": "muhhu[skull]N$muhhīšu",
"sig": "@saao/saa05%akk-x-neoass:UGU-šu₂=muhhu[skull//skull]N'N$muhhīšu",
"f": {"lang": "akk-x-neoass",
"form": "UGU-šu₂",
"cf": "muhhu",
"gw": "skull",
"sense": "skull",
"norm": "muhhīšu",
"pos": "N",
"epos": "N"}
}
]}
,
{
"node": "d",
"type": "line-start",
"ref": "P334222.35",
"n": "15",
"label": "r 15"}
,
{
"node": "l",
"frag": "a-sap-ra",
"id": "P334222.l04917",
"ref": "P334222.35.1",
"inst": "šapāru[send]V$assapra",
"sig": "@saao/saa05%akk-x-neoass:a-sap-ra=šapāru[send//send]V'V$assapra",
"f": {"lang": "akk-x-neoass",
"form": "a-sap-ra",
"cf": "šapāru",
"gw": "send",
"sense": "send",
"norm": "assapra",
"pos": "V",
"epos": "V"}
}
,
{
"node": "l",
"frag": "muk",
"id": "P334222.l04918",
"ref": "P334222.35.2",
"inst": "muk[saying]PRP",
"sig": "@saao/saa05%akk-x-neoass:muk=muk[saying//saying]PRP'PRP$muk",
"f": {"lang": "akk-x-neoass",
"form": "muk",
"cf": "muk",
"gw": "saying",
"sense": "saying",
"norm": "muk",
"pos": "PRP",
"epos": "PRP"}
}
,
{
"node": "l",
"frag": "na-me-ša₂",
"id": "P334222.l04919",
"ref": "P334222.35.3",
"inst": "namāšu[set (o.s.) in motion//set out]V$nammeša",
"sig": "@saao/saa05%akk-x-neoass:na-me-ša₂=namāšu[set (o.s.) in motion//set out]V'V$nammeša",
"f": {"lang": "akk-x-neoass",
"form": "na-me-ša₂",
"cf": "namāšu",
"gw": "set (o.s.) in motion",
"sense": "set out",
"norm": "nammeša",
"pos": "V",
"epos": "V"}
}
,
{
"node": "d",
"type": "line-start",
"ref": "P334222.36",
"n": "16",
"label": "r 16"}
,
{
"node": "l",
"frag": "ma-a",
"id": "P334222.l0491a",
"ref": "P334222.36.1",
"inst": "mā[saying]PRP",
"sig": "@saao/saa05%akk-x-neoass:ma-a=mā[saying//saying]PRP'PRP$mā",
"f": {"lang": "akk-x-neoass",
"form": "ma-a",
"cf": "mā",
"gw": "saying",
"sense": "saying",
"norm": "mā",
"pos": "PRP",
"epos": "PRP"}
}
,
{
"node": "l",
"frag": "mar-ṣa-ak",
"id": "P334222.l0491b",
"ref": "P334222.36.2",
"inst": "marṣu[sick]AJ$marṣāk",
"sig": "@saao/saa05%akk-x-neoass:mar-ṣa-ak=marṣu[sick//sick]AJ'AJ$marṣāk",
"f": {"lang": "akk-x-neoass",
"form": "mar-ṣa-ak",
"cf": "marṣu",
"gw": "sick",
"sense": "sick",
"norm": "marṣāk",
"pos": "AJ",
"epos": "AJ"}
}
,
{
"node": "d",
"frag": ":",
"type": "nonw",
"ref": "P334222.36.3",
"lang": "akk-x-neoass",
"type": "punct",
"gdl_delim": " "}
,
{
"node": "l",
"frag": "mu-muk",
"id": "P334222.l0491c",
"ref": "P334222.36.4",
"inst": "muk[saying]PRP$",
"sig": "@saao/saa05%akk-x-neoass:mu-muk=muk[saying//saying]PRP'PRP$muk",
"f": {"lang": "akk-x-neoass",
"form": "mu-muk",
"cf": "muk",
"gw": "saying",
"sense": "saying",
"norm": "muk",
"pos": "PRP",
"epos": "PRP"}
}
,
{
"node": "d",
"subtype": "right",
"type": "surface",
"ref": "P334222.r.e..37",
"type": "right",
"label": "r.e."}
,
{
"node": "d",
"type": "line-start",
"ref": "P334222.38",
"n": "17",
"label": "r.e. 17"}
,
{
"node": "l",
"frag": "DUMU-ka",
"id": "P334222.l0491d",
"ref": "P334222.38.1",
"inst": "māru[son]N$mārka",
"sig": "@saao/saa05%akk-x-neoass:DUMU-ka=māru[son//son]N'N$mārka",
"f": {"lang": "akk-x-neoass",
"form": "DUMU-ka",
"cf": "māru",
"gw": "son",
"sense": "son",
"norm": "mārka",
"pos": "N",
"epos": "N"}
}
,
{
"node": "l",
"frag": "li-li-ka",
"id": "P334222.l0491e",
"ref": "P334222.38.2",
"inst": "lillika[come]V",
"sig": "@saao/saa05%akk-x-neoass:li-li-ka=alāku[go//come]V'V$lillika",
"f": {"lang": "akk-x-neoass",
"form": "li-li-ka",
"cf": "alāku",
"gw": "go",
"sense": "come",
"norm": "lillika",
"pos": "V",
"epos": "V"}
}
,
{
"node": "d",
"type": "line-start",
"ref": "P334222.39",
"n": "18",
"label": "r.e. 18"}
,
{
"node": "l",
"frag": "ma-a",
"id": "P334222.l0491f",
"ref": "P334222.39.1",
"inst": "mā[saying]PRP",
"sig": "@saao/saa05%akk-x-neoass:ma-a=mā[saying//saying]PRP'PRP$mā",
"f": {"lang": "akk-x-neoass",
"form": "ma-a",
"cf": "mā",
"gw": "saying",
"sense": "saying",
"norm": "mā",
"pos": "PRP",
"epos": "PRP"}
}
,
{
"node": "l",
"frag": "ma-ri-ṣi-ma",
"id": "P334222.l04920",
"ref": "P334222.39.2",
"inst": "marṣu[sick]AJ$mariṣīma",
"sig": "@saao/saa05%akk-x-neoass:ma-ri-ṣi-ma=marṣu[sick//sick]AJ'AJ$mariṣīma",
"f": {"lang": "akk-x-neoass",
"form": "ma-ri-ṣi-ma",
"cf": "marṣu",
"gw": "sick",
"sense": "sick",
"norm": "mariṣīma",
"pos": "AJ",
"epos": "AJ"}
}
,
{
"node": "d",
"subtype": "edge",
"type": "surface",
"ref": "P334222.e..40",
"type": "edge",
"label": "e."}
,
{
"node": "d",
"type": "line-start",
"ref": "P334222.41",
"n": "1",
"label": "e. 1"}
,
{
"node": "l",
"frag": "ma-a",
"id": "P334222.l04921",
"ref": "P334222.41.1",
"inst": "mā[saying]PRP",
"sig": "@saao/saa05%akk-x-neoass:ma-a=mā[saying//saying]PRP'PRP$mā",
"f": {"lang": "akk-x-neoass",
"form": "ma-a",
"cf": "mā",
"gw": "saying",
"sense": "saying",
"norm": "mā",
"pos": "PRP",
"epos": "PRP"}
}
,
{
"node": "l",
"frag": "ŠEŠ-u-a",
"id": "P334222.l04922",
"ref": "P334222.41.2",
"inst": "ahu[brother]N$ahūwa",
"sig": "@saao/saa05%akk-x-neoass:ŠEŠ-u-a=ahu[brother//brother]N'N$ahūwa",
"f": {"lang": "akk-x-neoass",
"form": "ŠEŠ-u-a",
"cf": "ahu",
"gw": "brother",
"sense": "brother",
"norm": "ahūwa",
"pos": "N",
"epos": "N"}
}
,
{
"node": "l",
"frag": "TA@v\\m",
"id": "P334222.l04923",
"ref": "P334222.41.3",
"inst": "issi[with]PRP",
"sig": "@saao/saa05%akk-x-neoass:TA@v=išti[with//with]PRP'PRP$issi",
"f": {"lang": "akk-x-neoass",
"form": "TA@v",
"cf": "išti",
"gw": "with",
"sense": "with",
"norm": "issi",
"pos": "PRP",
"epos": "PRP"}
}
,
{
"node": "l",
"frag": "ERIM-MEŠ-ia",
"id": "P334222.l04924",
"ref": "P334222.41.4",
"inst": "ṣābu[people//troops]N$ṣābānīya",
"sig": "@saao/saa05%akk-x-neoass:ERIM-MEŠ-ia=ṣābu[people//troops]N'N$ṣābānīya",
"f": {"lang": "akk-x-neoass",
"form": "ERIM-MEŠ-ia",
"cf": "ṣābu",
"gw": "people",
"sense": "troops",
"norm": "ṣābānīya",
"pos": "N",
"epos": "N"}
}
,
{
"node": "l",
"frag": "aš₂-par",
"id": "P334222.l04925",
"ref": "P334222.41.5",
"inst": "šapāru[send]V$ašpar",
"sig": "@saao/saa05%akk-x-neoass:aš₂-par=šapāru[send//send]V'V$ašpar",
"f": {"lang": "akk-x-neoass",
"form": "aš₂-par",
"cf": "šapāru",
"gw": "send",
"sense": "send",
"norm": "ašpar",
"pos": "V",
"epos": "V"}
}
,
{
"node": "l",
"frag": "{lu₂v}03.U₅",
"id": "P334222.l04926",
"ref": "P334222.41.6",
"inst": "tašlīšu[third man on chariot]N",
"sig": "@saao/saa05%akk-x-neoass:{LU₂}03.U₅=tašlīšu[third man on chariot//third man on chariot]N'N$tašlīšu",
"f": {"lang": "akk-x-neoass",
"form": "{LU₂}03.U₅",
"cf": "tašlīšu",
"gw": "third man on chariot",
"sense": "third man on chariot",
"norm": "tašlīšu",
"pos": "N",
"epos": "N"}
}
,
{
"node": "d",
"type": "line-start",
"ref": "P334222.42",
"n": "2",
"label": "e. 2"}
,
{
"node": "l",
"frag": "a-sap-ra",
"id": "P334222.l04927",
"ref": "P334222.42.1",
"inst": "šapāru[send]V$assapra",
"sig": "@saao/saa05%akk-x-neoass:a-sap-ra=šapāru[send//send]V'V$assapra",
"f": {"lang": "akk-x-neoass",
"form": "a-sap-ra",
"cf": "šapāru",
"gw": "send",
"sense": "send",
"norm": "assapra",
"pos": "V",
"epos": "V"}
}
,
{
"node": "l",
"frag": "u₂-di-ni",
"id": "P334222.l04928",
"ref": "P334222.42.2",
"inst": "udīni[up till now//yet]AV$",
"sig": "@saao/saa05%akk-x-neoass:u₂-di-ni=udīni[up till now//yet]AV'AV$udīni",
"f": {"lang": "akk-x-neoass",
"form": "u₂-di-ni",
"cf": "udīni",
"gw": "up till now",
"sense": "yet",
"norm": "udīni",
"pos": "AV",
"epos": "AV"}
}
,
{
"node": "c",
"type": "phrase",
"tag": "phr",
"id": "P334222.U14",
"ref": "P334222.ls0000a",
"cdl": [
{
"node": "l",
"frag": "ina",
"id": "P334222.l04929",
"ref": "P334222.42.3",
"inst": "ina[in+=in the presence of]PRP",
"sig": "@saao/saa05%akk-x-neoass:ina=ina[in//in]PRP'PRP$ina",
"f": {"lang": "akk-x-neoass",
"form": "ina",
"cf": "ina",
"gw": "in",
"sense": "in",
"norm": "ina",
"pos": "PRP",
"epos": "PRP"}
}
,
{
"node": "l",
"frag": "IGI-ia",
"id": "P334222.l0492a",
"ref": "P334222.42.4",
"inst": "pānīya[front]N",
"sig": "@saao/saa05%akk-x-neoass:IGI-ia=pānu[front//front]N'N$pānīya",
"f": {"lang": "akk-x-neoass",
"form": "IGI-ia",
"cf": "pānu",
"gw": "front",
"sense": "front",
"norm": "pānīya",
"pos": "N",
"epos": "N"}
}
]}
,
{
"node": "l",
"frag": "la",
"id": "P334222.l0492b",
"ref": "P334222.42.5",
"inst": "lā[not]MOD",
"sig": "@saao/saa05%akk-x-neoass:la=lā[not//not]MOD'MOD$lā",
"f": {"lang": "akk-x-neoass",
"form": "la",
"cf": "lā",
"gw": "not",
"sense": "not",
"norm": "lā",
"pos": "MOD",
"epos": "MOD"}
}
,
{
"node": "l",
"frag": "i-qa-rib-u-ni",
"id": "P334222.l0492c",
"ref": "P334222.42.6",
"inst": "qerēbu[approach//arrive]V$iqarribūni",
"sig": "@saao/saa05%akk-x-neoass:i-qa-rib-u-ni=qerēbu[approach//arrive]V'V$iqarribūni",
"f": {"lang": "akk-x-neoass",
"form": "i-qa-rib-u-ni",
"cf": "qerēbu",
"gw": "approach",
"sense": "arrive",
"norm": "iqarribūni",
"pos": "V",
"epos": "V"}
}
,
{
"node": "d",
"type": "line-start",
"ref": "P334222.43",
"n": "3",
"label": "e. 3"}
,
{
"node": "l",
"frag": "re-eh-ti\\t",
"id": "P334222.l0492d",
"ref": "P334222.43.1",
"inst": "rēhtu[remainder]N$rēhti",
"sig": "@saao/saa05%akk-x-neoass:re-eh-ti=rēhtu[remainder//remainder]N'N$rēhti",
"f": {"lang": "akk-x-neoass",
"form": "re-eh-ti",
"cf": "rēhtu",
"gw": "remainder",
"sense": "remainder",
"norm": "rēhti",
"pos": "N",
"epos": "N"}
}
,
{
"node": "l",
"frag": "{lu₂v}e-mu-qi",
"id": "P334222.l0492e",
"ref": "P334222.43.2",
"inst": "emūqī[troops]N",
"sig": "@saao/saa05%akk-x-neoass:{LU₂}e-mu-qi=emūqu[strength//troops]N'N$emūqī",
"f": {"lang": "akk-x-neoass",
"form": "{LU₂}e-mu-qi",
"cf": "emūqu",
"gw": "strength",
"sense": "troops",
"norm": "emūqī",
"pos": "N",
"epos": "N"}
}
,
{
"node": "l",
"frag": "ša",
"id": "P334222.l0492f",
"ref": "P334222.43.3",
"inst": "ša[of]DET",
"sig": "@saao/saa05%akk-x-neoass:ša=ša[of//of]DET'DET$ša",
"f": {"lang": "akk-x-neoass",
"form": "ša",
"cf": "ša",
"gw": "of",
"sense": "of",
"norm": "ša",
"pos": "DET",
"epos": "DET"}
}
,
{
"node": "l",
"frag": "{lu₂v}EN-URU-MEŠ\\m",
"id": "P334222.l04930",
"ref": "P334222.43.4",
"cof-tails": "P334222.l04931",
"inst": "bēlu[lord]N$bēl&ālu[city]N$ālāni",
"sig": "@saao/saa05%akk-x-neoass:{LU₂}EN-URU-MEŠ=bēlu[lord//lord]N'N$bēl&&@saao%akk-x-neoass:=ālu[city//city]N'N$ālāni",
"f": {"lang": "akk-x-neoass",
"form": "{LU₂}EN-URU-MEŠ",
"cf": "bēlu",
"gw": "lord",
"sense": "lord",
"norm": "bēl",
"pos": "N",
"epos": "N"}
}
,
{
"node": "l",
"frag": "{lu₂v}EN-URU-MEŠ\\m",
"id": "P334222.l04931",
"ref": "P334222.43.4",
"cof-head": "P334222.l04930",
"inst": "bēlu[lord]N$bēl&ālu[city]N$ālāni",
"tail-sig": "@saao%akk-x-neoass:=ālu[city//city]N'N$ālāni",
"f": {"lang": "akk-x-neoass",
"form": "{LU₂}EN-URU-MEŠ",
"cf": "ālu",
"gw": "city",
"sense": "city",
"norm": "ālāni",
"pos": "N",
"epos": "N"}
}
,
{
"node": "d",
"type": "line-start",
"ref": "P334222.44",
"n": "4",
"label": "e. 4"}
,
{
"node": "c",
"type": "phrase",
"tag": "phr",
"id": "P334222.U15",
"ref": "P334222.ls0000b",
"cdl": [
{
"node": "l",
"frag": "ina",
"id": "P334222.l04932",
"ref": "P334222.44.1",
"inst": "ina[in+=in the presence of]PRP",
"sig": "@saao/saa05%akk-x-neoass:ina=ina[in//in]PRP'PRP$ina",
"f": {"lang": "akk-x-neoass",
"form": "ina",
"cf": "ina",
"gw": "in",
"sense": "in",
"norm": "ina",
"pos": "PRP",
"epos": "PRP"}
}
,
{
"node": "l",
"frag": "IGI-ia",
"id": "P334222.l04933",
"ref": "P334222.44.2",
"inst": "pānīya[front]N",
"sig": "@saao/saa05%akk-x-neoass:IGI-ia=pānu[front//front]N'N$pānīya",
"f": {"lang": "akk-x-neoass",
"form": "IGI-ia",
"cf": "pānu",
"gw": "front",
"sense": "front",
"norm": "pānīya",
"pos": "N",
"epos": "N"}
}
]}
,
{
"node": "l",
"frag": "šu₂-nu",
"id": "P334222.l04934",
"ref": "P334222.44.3",
"inst": "šunu[they]IP",
"sig": "@saao/saa05%akk-x-neoass:šu₂-nu=šunu[they//they]IP'IP$šunu",
"f": {"lang": "akk-x-neoass",
"form": "šu₂-nu",
"cf": "šunu",
"gw": "they",
"sense": "they",
"norm": "šunu",
"pos": "IP",
"epos": "IP"}
}
]}
]}
]}
,
{
"linkbase": [{
"type": "linkset",
"xlink_title": "rab kiṣri[centurion//cohort commander]N'N",
"id": "P334222.ls00000",
"xlink_type": "extended",
"xlink_role": "psu",
"sig": "{rabû[big one]N kiṣru[knot]N += rab kiṣri[centurion//cohort commander]N'N}::@saao%akk-x-neoass:{LU₂}GAL-ki-ṣir-MEŠ=rabû[big one//big one]N'N$rab++@saao%akk-x-neoass:{LU₂}GAL-ki-ṣir-MEŠ=kiṣru[knot//knot]N'N$kiṣrāni",
"links": [
{
"type": "link",
"xlink_title": "rabû",
"xlink_type": "locator",
"xlink_href": "#P334222.l048bd",
"xlink_role": "elt"}
,
{
"type": "link",
"xlink_title": "kiṣru",
"xlink_type": "locator",
"xlink_href": "#P334222.l048be",
"xlink_role": "elt"}
]}
,
{
"type": "linkset",
"xlink_title": "ina muhhi[on//about]PRP'PRP",
"id": "P334222.ls00001",
"xlink_type": "extended",
"xlink_role": "psu",
"sig": "{ina[in]PRP muhhu[skull]N += ina muhhi[on//about]PRP'PRP}::@saao%akk-x-neoass:ina=ina[in//into]PRP'PRP$ina++@saao%akk-x-neoass:UGU=muhhu[skull//skull]N'N$muhhi",
"links": [
{
"type": "link",
"xlink_title": "ina",
"xlink_type": "locator",
"xlink_href": "#P334222.l048c5",
"xlink_role": "elt"}
,
{
"type": "link",
"xlink_title": "muhhi",
"xlink_type": "locator",
"xlink_href": "#P334222.l048c6",
"xlink_role": "elt"}
]}
,
{
"type": "linkset",
"xlink_title": "ina libbi[in//(in exchange) for]PRP'PRP",
"id": "P334222.ls00002",
"xlink_type": "extended",
"xlink_role": "psu",
"sig": "{ina[in]PRP libbu[interior]N += ina libbi[in//(in exchange) for]PRP'PRP}::@saao%akk-x-neoass:ina=ina[in//into]PRP'PRP$ina++@saao%akk-x-neoass:ŠA₃-bi=libbu[interior//interior]N'N$libbi",
"links": [
{
"type": "link",
"xlink_title": "ina",
"xlink_type": "locator",
"xlink_href": "#P334222.l048cb",
"xlink_role": "elt"}
,
{
"type": "link",
"xlink_title": "libbi",
"xlink_type": "locator",
"xlink_href": "#P334222.l048cc",
"xlink_role": "elt"}
]}
,
{
"type": "linkset",
"xlink_title": "ina libbi[in//(in exchange) for]PRP'PRP",
"id": "P334222.ls00003",
"xlink_type": "extended",
"xlink_role": "psu",
"sig": "{ina[in]PRP libbu[interior]N += ina libbi[in//(in exchange) for]PRP'PRP}::@saao%akk-x-neoass:ina=ina[in//into]PRP'PRP$ina++@saao%akk-x-neoass:ŠA₃-bi=libbu[interior//interior]N'N$libbi",
"links": [
{
"type": "link",
"xlink_title": "ina",
"xlink_type": "locator",
"xlink_href": "#P334222.l048d2",
"xlink_role": "elt"}
,
{
"type": "link",
"xlink_title": "libbu",
"xlink_type": "locator",
"xlink_href": "#P334222.l048d3",
"xlink_role": "elt"}
]}
,
{
"type": "linkset",
"xlink_title": "ina libbi[in//(in exchange) for]PRP'PRP",
"id": "P334222.ls00004",
"xlink_type": "extended",
"xlink_role": "psu",
"sig": "{ina[in]PRP libbu[interior]N += ina libbi[in//(in exchange) for]PRP'PRP}::@saao%akk-x-neoass:ina=ina[in//into]PRP'PRP$ina++@saao%akk-x-neoass:ŠA₃-bi=libbu[interior//interior]N'N$libbi",
"links": [
{
"type": "link",
"xlink_title": "ina",
"xlink_type": "locator",
"xlink_href": "#P334222.l048d8",
"xlink_role": "elt"}
,
{
"type": "link",
"xlink_title": "libbu",
"xlink_type": "locator",
"xlink_href": "#P334222.l048d9",
"xlink_role": "elt"}
]}
,
{
"type": "linkset",
"xlink_title": "bēl lišāni[one who speaks the language//one who speaks the language]N'N",
"id": "P334222.ls00005",
"xlink_type": "extended",
"xlink_role": "psu",
"sig": "{bēlu[lord]N lišānu[tongue]N += bēl lišāni[one who speaks the language//one who speaks the language]N'N}::@saao%akk-x-neoass:EN-li-ša₂-ni=bēlu[lord//lord]N'N$bēl++@saao%akk-x-neoass:EN-li-ša₂-ni=lišānu[tongue//tongue]N'N$lišāni",
"links": [
{
"type": "link",
"xlink_title": "bēlu",
"xlink_type": "locator",
"xlink_href": "#P334222.l048e8",
"xlink_role": "elt"}
,
{
"type": "link",
"xlink_title": "lišānu",
"xlink_type": "locator",
"xlink_href": "#P334222.l048e9",
"xlink_role": "elt"}
]}
,
{
"type": "linkset",
"xlink_title": "ina muhhi[on//about]PRP'PRP",
"id": "P334222.ls00006",
"xlink_type": "extended",
"xlink_role": "psu",
"sig": "{ina[in]PRP muhhu[skull]N += ina muhhi[on//about]PRP'PRP}::@saao%akk-x-neoass:ina=ina[in//into]PRP'PRP$ina++@saao%akk-x-neoass:UGU=muhhu[skull//skull]N'N$muhhi",
"links": [
{
"type": "link",
"xlink_title": "ina",
"xlink_type": "locator",
"xlink_href": "#P334222.l048f3",
"xlink_role": "elt"}
,
{
"type": "link",
"xlink_title": "muhhi",
"xlink_type": "locator",
"xlink_href": "#P334222.l048f4",
"xlink_role": "elt"}
]}
,
{
"type": "linkset",
"xlink_title": "ina muhhi[on//about]PRP'PRP",
"id": "P334222.ls00007",
"xlink_type": "extended",
"xlink_role": "psu",
"sig": "{ina[in]PRP muhhu[skull]N += ina muhhi[on//about]PRP'PRP}::@saao%akk-x-neoass:ina=ina[in//into]PRP'PRP$ina++@saao%akk-x-neoass:UGU=muhhu[skull//skull]N'N$muhhi",
"links": [
{
"type": "link",
"xlink_title": "ina",
"xlink_type": "locator",
"xlink_href": "#P334222.l04906",
"xlink_role": "elt"}
,
{
"type": "link",
"xlink_title": "muhhi",
"xlink_type": "locator",
"xlink_href": "#P334222.l04907",
"xlink_role": "elt"}
]}
,
{
"type": "linkset",
"xlink_title": "ina libbi[in//(in exchange) for]PRP'PRP",
"id": "P334222.ls00008",
"xlink_type": "extended",
"xlink_role": "psu",
"sig": "{ina[in]PRP libbu[interior]N += ina libbi[in//(in exchange) for]PRP'PRP}::@saao%akk-x-neoass:ina=ina[in//into]PRP'PRP$ina++@saao%akk-x-neoass:ŠA₃=libbu[interior//interior]N'N$libbi",
"links": [
{
"type": "link",
"xlink_title": "ina",
"xlink_type": "locator",
"xlink_href": "#P334222.l0490a",
"xlink_role": "elt"}
,
{
"type": "link",
"xlink_title": "libbi",
"xlink_type": "locator",
"xlink_href": "#P334222.l0490b",
"xlink_role": "elt"}
]}
,
{
"type": "linkset",
"xlink_title": "ina muhhi[on//about]PRP'PRP",
"id": "P334222.ls00009",
"xlink_type": "extended",
"xlink_role": "psu",
"sig": "{ina[in]PRP muhhu[skull]N += ina muhhi[on//about]PRP'PRP}::@saao%akk-x-neoass:ina=ina[in//into]PRP'PRP$ina++@saao%akk-x-neoass:UGU-šu₂=muhhu[skull//skull]N'N$muhhīšu",
"links": [
{
"type": "link",
"xlink_title": "ina",
"xlink_type": "locator",
"xlink_href": "#P334222.l04915",
"xlink_role": "elt"}
,
{
"type": "link",
"xlink_title": "muhhu",
"xlink_type": "locator",
"xlink_href": "#P334222.l04916",
"xlink_role": "elt"}
]}
,
{
"type": "linkset",
"xlink_title": "ina pān[in the presence of//at the disposal of]PRP'PRP",
"id": "P334222.ls0000a",
"xlink_type": "extended",
"xlink_role": "psu",
"sig": "{ina[in]PRP pānu[front]N += ina pān[in the presence of//at the disposal of]PRP'PRP}::@saao%akk-x-neoass:ina=ina[in//into]PRP'PRP$ina++@saao%akk-x-neoass:IGI-ia=pānu[front//front]N'N$pānīya",
"links": [
{
"type": "link",
"xlink_title": "ina",
"xlink_type": "locator",
"xlink_href": "#P334222.l04929",
"xlink_role": "elt"}
,
{
"type": "link",
"xlink_title": "pānīya",
"xlink_type": "locator",
"xlink_href": "#P334222.l0492a",
"xlink_role": "elt"}
]}
,
{
"type": "linkset",
"xlink_title": "ina pān[in the presence of//at the disposal of]PRP'PRP",
"id": "P334222.ls0000b",
"xlink_type": "extended",
"xlink_role": "psu",
"sig": "{ina[in]PRP pānu[front]N += ina pān[in the presence of//at the disposal of]PRP'PRP}::@saao%akk-x-neoass:ina=ina[in//into]PRP'PRP$ina++@saao%akk-x-neoass:IGI-ia=pānu[front//front]N'N$pānīya",
"links": [
{
"type": "link",
"xlink_title": "ina",
"xlink_type": "locator",
"xlink_href": "#P334222.l04932",
"xlink_role": "elt"}
,
{
"type": "link",
"xlink_title": "pānīya",
"xlink_type": "locator",
"xlink_href": "#P334222.l04933",
"xlink_role": "elt"}
]}
]}
]}
