{
"type": "cdl",
  "source": "http://oracc.org/saao/saa05",
  "license": "This data is released under the CC0 license",
  "license-url": "https://creativecommons.org/publicdomain/zero/1.0/",
  "more-info": "http://oracc.org/doc/opendata/",
  "UTC-timestamp": "2017-05-19T11:27:52",
"project": "saao/saa05",
"textid": "P334556",
"cdl": [
{
"node": "c",
"type": "text",
"id": "P334556.U0",
"cdl": [
{
"node": "d",
"type": "object",
"ref": ""}
,
{
"node": "d",
"subtype": "obverse",
"type": "surface",
"ref": "P334556.o.1",
"type": "obverse",
"label": "o"}
,
{
"node": "c",
"type": "discourse",
"subtype": "body",
"id": "P334556.U1",
"cdl": [
{
"node": "c",
"type": "sentence",
"id": "P334556.U2",
"label": "o 1 - o 7",
"cdl": [
{
"node": "d",
"type": "line-start",
"ref": "P334556.2",
"n": "1",
"label": "o 1"}
,
{
"node": "l",
"frag": "[a-na]",
"id": "P334556.l038a0",
"ref": "P334556.2.1",
"inst": "ana[to]PRP",
"sig": "@saao/saa05%akk-x-neoass:a-na=ana[to//to]PRP'PRP$ana",
"f": {"lang": "akk-x-neoass",
"form": "a-na",
"cf": "ana",
"gw": "to",
"sense": "to",
"norm": "ana",
"pos": "PRP",
"epos": "PRP"}
}
,
{
"node": "l",
"frag": "LUGAL",
"id": "P334556.l038a1",
"ref": "P334556.2.2",
"inst": "šarri[king]N",
"sig": "@saao/saa05%akk-x-neoass:LUGAL=šarru[king//king]N'N$šarri",
"f": {"lang": "akk-x-neoass",
"form": "LUGAL",
"cf": "šarru",
"gw": "king",
"sense": "king",
"norm": "šarri",
"pos": "N",
"epos": "N"}
}
,
{
"node": "l",
"frag": "be-[li₂-ia]",
"id": "P334556.l038a2",
"ref": "P334556.2.3",
"inst": "bēlīya[lord]N",
"sig": "@saao/saa05%akk-x-neoass:be-li₂-ia=bēlu[lord//lord]N'N$bēlīya",
"f": {"lang": "akk-x-neoass",
"form": "be-li₂-ia",
"cf": "bēlu",
"gw": "lord",
"sense": "lord",
"norm": "bēlīya",
"pos": "N",
"epos": "N"}
}
,
{
"node": "d",
"type": "line-start",
"ref": "P334556.3",
"n": "2",
"label": "o 2"}
,
{
"node": "l",
"frag": "[ARAD-ka]",
"id": "P334556.l038a3",
"ref": "P334556.3.1",
"inst": "urdaka[servant]N",
"sig": "@saao/saa05%akk-x-neoass:ARAD-ka=ardu[slave//servant]N'N$urdaka",
"f": {"lang": "akk-x-neoass",
"form": "ARAD-ka",
"cf": "ardu",
"gw": "slave",
"sense": "servant",
"norm": "urdaka",
"pos": "N",
"epos": "N"}
}
,
{
"node": "l",
"frag": "{1}aš-šur-a-lik-[pa-ni]",
"id": "P334556.l038a4",
"ref": "P334556.3.2",
"inst": "Aššur-alik-pani[1]PN",
"sig": "@saao/saa05%akk-x-neoass:{1}aš-šur-a-lik-pa-ni=Aššur-alik-pani[1//1]PN'PN$Aššur-alik-pani",
"f": {"lang": "akk-x-neoass",
"form": "{1}aš-šur-a-lik-pa-ni",
"cf": "Aššur-alik-pani",
"gw": "1",
"sense": "1",
"norm": "Aššur-alik-pani",
"pos": "PN",
"epos": "PN"}
}
,
{
"node": "d",
"type": "line-start",
"ref": "P334556.4",
"n": "3",
"label": "o 3"}
,
{
"node": "l",
"frag": "[lu",
"id": "P334556.l038a5",
"ref": "P334556.4.1",
"inst": "lū[may]MOD",
"sig": "@saao/saa05%akk-x-neoass:lu=lū[may//may]MOD'MOD$lū",
"f": {"lang": "akk-x-neoass",
"form": "lu",
"cf": "lū",
"gw": "may",
"sense": "may",
"norm": "lū",
"pos": "MOD",
"epos": "MOD"}
}
,
{
"node": "l",
"frag": "DI]-mu",
"id": "P334556.l038a6",
"ref": "P334556.4.2",
"inst": "šulmu[health]N",
"sig": "@saao/saa05%akk-x-neoass:DI-mu=šulmu[completeness//health]N'N$šulmu",
"f": {"lang": "akk-x-neoass",
"form": "DI-mu",
"cf": "šulmu",
"gw": "completeness",
"sense": "health",
"norm": "šulmu",
"pos": "N",
"epos": "N"}
}
,
{
"node": "l",
"frag": "a-na",
"id": "P334556.l038a7",
"ref": "P334556.4.3",
"inst": "ana[to]PRP",
"sig": "@saao/saa05%akk-x-neoass:a-na=ana[to//to]PRP'PRP$ana",
"f": {"lang": "akk-x-neoass",
"form": "a-na",
"cf": "ana",
"gw": "to",
"sense": "to",
"norm": "ana",
"pos": "PRP",
"epos": "PRP"}
}
,
{
"node": "l",
"frag": "LUGAL",
"id": "P334556.l038a8",
"ref": "P334556.4.4",
"inst": "šarri[king]N",
"sig": "@saao/saa05%akk-x-neoass:LUGAL=šarru[king//king]N'N$šarri",
"f": {"lang": "akk-x-neoass",
"form": "LUGAL",
"cf": "šarru",
"gw": "king",
"sense": "king",
"norm": "šarri",
"pos": "N",
"epos": "N"}
}
,
{
"node": "l",
"frag": "[EN-ia]",
"id": "P334556.l038a9",
"ref": "P334556.4.5",
"inst": "bēlīya[lord]N",
"sig": "@saao/saa05%akk-x-neoass:EN-ia=bēlu[lord//lord]N'N$bēlīya",
"f": {"lang": "akk-x-neoass",
"form": "EN-ia",
"cf": "bēlu",
"gw": "lord",
"sense": "lord",
"norm": "bēlīya",
"pos": "N",
"epos": "N"}
}
,
{
"node": "d",
"type": "line-start",
"ref": "P334556.5",
"n": "4",
"label": "o 4"}
,
{
"node": "l",
"frag": "[ki-i]",
"id": "P334556.l038aa",
"ref": "P334556.5.1",
"inst": "kī[like//when]PRP'SBJ$kî",
"sig": "@saao/saa05%akk-x-neoass:ki-i=kī[like//when]PRP'SBJ$kî",
"f": {"lang": "akk-x-neoass",
"form": "ki-i",
"cf": "kī",
"gw": "like",
"sense": "when",
"norm": "kî",
"pos": "PRP",
"epos": "SBJ"}
}
,
{
"node": "l",
"frag": "LUGAL",
"id": "P334556.l038ab",
"ref": "P334556.5.2",
"inst": "šarru[king]N",
"sig": "@saao/saa05%akk-x-neoass:LUGAL=šarru[king//king]N'N$šarru",
"f": {"lang": "akk-x-neoass",
"form": "LUGAL",
"cf": "šarru",
"gw": "king",
"sense": "king",
"norm": "šarru",
"pos": "N",
"epos": "N"}
}
,
{
"node": "l",
"frag": "be-li₂",
"id": "P334556.l038ac",
"ref": "P334556.5.3",
"inst": "bēlī[lord]N",
"sig": "@saao/saa05%akk-x-neoass:be-li₂=bēlu[lord//lord]N'N$bēlī",
"f": {"lang": "akk-x-neoass",
"form": "be-li₂",
"cf": "bēlu",
"gw": "lord",
"sense": "lord",
"norm": "bēlī",
"pos": "N",
"epos": "N"}
}
,
{
"node": "d",
"type": "line-start",
"ref": "P334556.6",
"n": "5",
"label": "o 5"}
,
{
"node": "l",
"frag": "[a-na]",
"id": "P334556.l038ad",
"ref": "P334556.6.1",
"inst": "ana[to]PRP",
"sig": "@saao/saa05%akk-x-neoass:a-na=ana[to//to]PRP'PRP$ana",
"f": {"lang": "akk-x-neoass",
"form": "a-na",
"cf": "ana",
"gw": "to",
"sense": "to",
"norm": "ana",
"pos": "PRP",
"epos": "PRP"}
}
,
{
"node": "l",
"frag": "⸢E₂⸣",
"id": "P334556.l038ae",
"ref": "P334556.6.2",
"inst": "bēti[house]N",
"sig": "@saao/saa05%akk-x-neoass:E₂=bītu[house//house]N'N$bēti",
"f": {"lang": "akk-x-neoass",
"form": "E₂",
"cf": "bītu",
"gw": "house",
"sense": "house",
"norm": "bēti",
"pos": "N",
"epos": "N"}
}
,
{
"node": "c",
"type": "phrase",
"tag": "phr",
"id": "P334556.U4",
"ref": "P334556.ls00000",
"cdl": [
{
"node": "l",
"frag": "{lu₂v}600--E₂.⸢GAL⸣",
"id": "P334556.l038af",
"ref": "P334556.6.3",
"cof-tails": "P334556.l038b0",
"inst": "nāgiru[herald]N$nāgir&ēkallu[palace]N$ēkalli",
"sig": "@saao/saa05%akk-x-neoass:{LU₂}600-E₂.GAL=nāgiru[herald//herald]N'N$nāgir&&@saao%akk-x-neoass:=ēkallu[palace//palace]N'N$ēkalli",
"f": {"lang": "akk-x-neoass",
"form": "{LU₂}600-E₂.GAL",
"cf": "nāgiru",
"gw": "herald",
"sense": "herald",
"norm": "nāgir",
"pos": "N",
"epos": "N"}
}
,
{
"node": "l",
"frag": "{lu₂v}600--E₂.⸢GAL⸣",
"id": "P334556.l038b0",
"ref": "P334556.6.3",
"cof-head": "P334556.l038af",
"inst": "nāgiru[herald]N$nāgir&ēkallu[palace]N$ēkalli",
"tail-sig": "@saao%akk-x-neoass:=ēkallu[palace//palace]N'N$ēkalli",
"f": {"lang": "akk-x-neoass",
"form": "{LU₂}600-E₂.GAL",
"cf": "ēkallu",
"gw": "palace",
"sense": "palace",
"norm": "ēkalli",
"pos": "N",
"epos": "N"}
}
]}
,
{
"node": "d",
"type": "line-start",
"ref": "P334556.7",
"n": "6",
"label": "o 6"}
,
{
"node": "l",
"frag": "[iš-pu]-ra-ni-ni",
"id": "P334556.l038b1",
"ref": "P334556.7.1",
"inst": "šapāru[send]V$išpurannīni",
"sig": "@saao/saa05%akk-x-neoass:iš-pu-ra-ni-ni=šapāru[send//send]V'V$išpurannīni",
"f": {"lang": "akk-x-neoass",
"form": "iš-pu-ra-ni-ni",
"cf": "šapāru",
"gw": "send",
"sense": "send",
"norm": "išpurannīni",
"pos": "V",
"epos": "V"}
}
,
{
"node": "d",
"type": "line-start",
"ref": "P334556.8",
"n": "7",
"label": "o 7"}
,
{
"node": "l",
"frag": "[LUGAL",
"id": "P334556.l038b2",
"ref": "P334556.8.1",
"inst": "šarru[king]N",
"sig": "@saao/saa05%akk-x-neoass:LUGAL=šarru[king//king]N'N$šarru",
"f": {"lang": "akk-x-neoass",
"form": "LUGAL",
"cf": "šarru",
"gw": "king",
"sense": "king",
"norm": "šarru",
"pos": "N",
"epos": "N"}
}
,
{
"node": "l",
"frag": "be]-li₂",
"id": "P334556.l038b3",
"ref": "P334556.8.2",
"inst": "bēlī[lord]N",
"sig": "@saao/saa05%akk-x-neoass:be-li₂=bēlu[lord//lord]N'N$bēlī",
"f": {"lang": "akk-x-neoass",
"form": "be-li₂",
"cf": "bēlu",
"gw": "lord",
"sense": "lord",
"norm": "bēlī",
"pos": "N",
"epos": "N"}
}
,
{
"node": "l",
"frag": "iq-ṭi₂-bi-[a]",
"id": "P334556.l038b4",
"ref": "P334556.8.3",
"inst": "iqṭibia[say]V",
"sig": "@saao/saa05%akk-x-neoass:iq-ṭi₂-bi-a=qabû[say//say]V'V$iqṭibia",
"f": {"lang": "akk-x-neoass",
"form": "iq-ṭi₂-bi-a",
"cf": "qabû",
"gw": "say",
"sense": "say",
"norm": "iqṭibia",
"pos": "V",
"epos": "V"}
}
,
{
"node": "d",
"type": "nonx",
"ref": "P334556.9",
"strict": "0",
"extent": "rest",
"state": "missing"}
,
{
"node": "d",
"subtype": "reverse",
"type": "surface",
"ref": "P334556.r.10",
"type": "reverse",
"label": "r"}
,
{
"node": "d",
"type": "nonx",
"ref": "P334556.11",
"strict": "0",
"state": "missing"}
]}
]}
]}
,
{
"linkbase": [{
"type": "linkset",
"xlink_title": "nāgir ēkalli[palace herald//palace herald]N'N",
"id": "P334556.ls00000",
"xlink_type": "extended",
"xlink_role": "psu",
"sig": "{nāgiru[herald]N ēkallu[palace]N += nāgir ēkalli[palace herald//palace herald]N'N}::@saao%akk-x-neoass:{LU₂}600-E₂.GAL=nāgiru[herald//herald]N'N$nāgir++@saao%akk-x-neoass:{LU₂}600-E₂.GAL=ēkallu[palace//palace]N'N$ēkalli",
"links": [
{
"type": "link",
"xlink_title": "nāgiru",
"xlink_type": "locator",
"xlink_href": "#P334556.l038af",
"xlink_role": "elt"}
,
{
"type": "link",
"xlink_title": "ēkallu",
"xlink_type": "locator",
"xlink_href": "#P334556.l038b0",
"xlink_role": "elt"}
]}
]}
]}
