{
"type": "cdl",
  "source": "http://oracc.org/saao/saa05",
  "license": "This data is released under the CC0 license",
  "license-url": "https://creativecommons.org/publicdomain/zero/1.0/",
  "more-info": "http://oracc.org/doc/opendata/",
  "UTC-timestamp": "2017-05-19T11:27:49",
"project": "saao/saa05",
"textid": "P334373",
"cdl": [
{
"node": "c",
"type": "text",
"id": "P334373.U0",
"cdl": [
{
"node": "d",
"type": "object",
"ref": ""}
,
{
"node": "d",
"subtype": "obverse",
"type": "surface",
"ref": "P334373.o.1",
"type": "obverse",
"label": "o"}
,
{
"node": "c",
"type": "discourse",
"subtype": "body",
"id": "P334373.U1",
"cdl": [
{
"node": "c",
"type": "sentence",
"id": "P334373.U2",
"label": "o 1 - r 9",
"cdl": [
{
"node": "d",
"type": "line-start",
"ref": "P334373.2",
"n": "1",
"label": "o 1"}
,
{
"node": "l",
"frag": "[a-na]",
"id": "P334373.l0002e",
"ref": "P334373.2.1",
"inst": "ana[to]PRP",
"sig": "@saao/saa05%akk-x-neoass:a-na=ana[to//to]PRP'PRP$ana",
"f": {"lang": "akk-x-neoass",
"form": "a-na",
"cf": "ana",
"gw": "to",
"sense": "to",
"norm": "ana",
"pos": "PRP",
"epos": "PRP"}
}
,
{
"node": "l",
"frag": "⸢LUGAL",
"id": "P334373.l0002f",
"ref": "P334373.2.2",
"inst": "šarri[king]N",
"sig": "@saao/saa05%akk-x-neoass:LUGAL=šarru[king//king]N'N$šarri",
"f": {"lang": "akk-x-neoass",
"form": "LUGAL",
"cf": "šarru",
"gw": "king",
"sense": "king",
"norm": "šarri",
"pos": "N",
"epos": "N"}
}
,
{
"node": "l",
"frag": "EN⸣-[ia₂",
"id": "P334373.l00030",
"ref": "P334373.2.3",
"inst": "bēlu[lord]N$bēlīya",
"sig": "@saao/saa05%akk-x-neoass:EN-ia₂=bēlu[lord//lord]N'N$bēlīya",
"f": {"lang": "akk-x-neoass",
"form": "EN-ia₂",
"cf": "bēlu",
"gw": "lord",
"sense": "lord",
"norm": "bēlīya",
"pos": "N",
"epos": "N"}
}
,
{
"node": "l",
"frag": "ARAD-ka",
"id": "P334373.l00031",
"ref": "P334373.2.4",
"inst": "urdaka[servant]N",
"sig": "@saao/saa05%akk-x-neoass:ARAD-ka=ardu[slave//servant]N'N$urdaka",
"f": {"lang": "akk-x-neoass",
"form": "ARAD-ka",
"cf": "ardu",
"gw": "slave",
"sense": "servant",
"norm": "urdaka",
"pos": "N",
"epos": "N"}
}
,
{
"node": "l",
"frag": "{1}NIGIN]-EN",
"id": "P334373.l00032",
"ref": "P334373.2.5",
"inst": "Nashir-Bel[1]PN",
"sig": "@saao/saa05%akk-x-neoass:{1}NIGIN-EN=Nashir-Bel[1//1]PN'PN$Nashir-Bel",
"f": {"lang": "akk-x-neoass",
"form": "{1}NIGIN-EN",
"cf": "Nashir-Bel",
"gw": "1",
"sense": "1",
"norm": "Nashir-Bel",
"pos": "PN",
"epos": "PN"}
}
,
{
"node": "d",
"type": "line-start",
"ref": "P334373.3",
"n": "2",
"label": "o 2"}
,
{
"node": "l",
"frag": "⸢lu⸣",
"id": "P334373.l00033",
"ref": "P334373.3.1",
"inst": "lū[may]MOD",
"sig": "@saao/saa05%akk-x-neoass:lu=lū[may//may]MOD'MOD$lū",
"f": {"lang": "akk-x-neoass",
"form": "lu",
"cf": "lū",
"gw": "may",
"sense": "may",
"norm": "lū",
"pos": "MOD",
"epos": "MOD"}
}
,
{
"node": "l",
"frag": "DI-mu",
"id": "P334373.l00034",
"ref": "P334373.3.2",
"inst": "šulmu[health]N",
"sig": "@saao/saa05%akk-x-neoass:DI-mu=šulmu[completeness//health]N'N$šulmu",
"f": {"lang": "akk-x-neoass",
"form": "DI-mu",
"cf": "šulmu",
"gw": "completeness",
"sense": "health",
"norm": "šulmu",
"pos": "N",
"epos": "N"}
}
,
{
"node": "l",
"frag": "a-[na",
"id": "P334373.l00035",
"ref": "P334373.3.3",
"inst": "ana[to]PRP",
"sig": "@saao/saa05%akk-x-neoass:a-na=ana[to//to]PRP'PRP$ana",
"f": {"lang": "akk-x-neoass",
"form": "a-na",
"cf": "ana",
"gw": "to",
"sense": "to",
"norm": "ana",
"pos": "PRP",
"epos": "PRP"}
}
,
{
"node": "l",
"frag": "LUGAL",
"id": "P334373.l00036",
"ref": "P334373.3.4",
"inst": "šarri[king]N",
"sig": "@saao/saa05%akk-x-neoass:LUGAL=šarru[king//king]N'N$šarri",
"f": {"lang": "akk-x-neoass",
"form": "LUGAL",
"cf": "šarru",
"gw": "king",
"sense": "king",
"norm": "šarri",
"pos": "N",
"epos": "N"}
}
,
{
"node": "l",
"frag": "EN]-ia₂",
"id": "P334373.l00037",
"ref": "P334373.3.5",
"inst": "bēlu[lord]N$bēlīya",
"sig": "@saao/saa05%akk-x-neoass:EN-ia₂=bēlu[lord//lord]N'N$bēlīya",
"f": {"lang": "akk-x-neoass",
"form": "EN-ia₂",
"cf": "bēlu",
"gw": "lord",
"sense": "lord",
"norm": "bēlīya",
"pos": "N",
"epos": "N"}
}
,
{
"node": "d",
"type": "line-start",
"ref": "P334373.4",
"n": "3",
"label": "o 3"}
,
{
"node": "l",
"frag": "DI-mu",
"id": "P334373.l00038",
"ref": "P334373.4.1",
"inst": "šulmu[health]N",
"sig": "@saao/saa05%akk-x-neoass:DI-mu=šulmu[completeness//health]N'N$šulmu",
"f": {"lang": "akk-x-neoass",
"form": "DI-mu",
"cf": "šulmu",
"gw": "completeness",
"sense": "health",
"norm": "šulmu",
"pos": "N",
"epos": "N"}
}
,
{
"node": "l",
"frag": "a-na\\t",
"id": "P334373.l00039",
"ref": "P334373.4.2",
"inst": "ana[to]PRP",
"sig": "@saao/saa05%akk-x-neoass:a-na=ana[to//to]PRP'PRP$ana",
"f": {"lang": "akk-x-neoass",
"form": "a-na",
"cf": "ana",
"gw": "to",
"sense": "to",
"norm": "ana",
"pos": "PRP",
"epos": "PRP"}
}
,
{
"node": "l",
"frag": "[KUR]",
"id": "P334373.l0003a",
"ref": "P334373.4.3",
"inst": "māti[land]N",
"sig": "@saao/saa05%akk-x-neoass:KUR=mātu[land//land]N'N$māti",
"f": {"lang": "akk-x-neoass",
"form": "KUR",
"cf": "mātu",
"gw": "land",
"sense": "land",
"norm": "māti",
"pos": "N",
"epos": "N"}
}
,
{
"node": "l",
"frag": "⸢ša",
"id": "P334373.l0003b",
"ref": "P334373.4.4",
"inst": "ša[of]DET",
"sig": "@saao/saa05%akk-x-neoass:ša=ša[of//of]DET'DET$ša",
"f": {"lang": "akk-x-neoass",
"form": "ša",
"cf": "ša",
"gw": "of",
"sense": "of",
"norm": "ša",
"pos": "DET",
"epos": "DET"}
}
,
{
"node": "l",
"frag": "LUGAL⸣",
"id": "P334373.l0003c",
"ref": "P334373.4.5",
"inst": "šarri[king]N",
"sig": "@saao/saa05%akk-x-neoass:LUGAL=šarru[king//king]N'N$šarri",
"f": {"lang": "akk-x-neoass",
"form": "LUGAL",
"cf": "šarru",
"gw": "king",
"sense": "king",
"norm": "šarri",
"pos": "N",
"epos": "N"}
}
,
{
"node": "d",
"type": "line-start",
"ref": "P334373.5",
"n": "4",
"label": "o 4"}
,
{
"node": "l",
"frag": "DI-mu",
"id": "P334373.l0003d",
"ref": "P334373.5.1",
"inst": "šulmu[health]N",
"sig": "@saao/saa05%akk-x-neoass:DI-mu=šulmu[completeness//health]N'N$šulmu",
"f": {"lang": "akk-x-neoass",
"form": "DI-mu",
"cf": "šulmu",
"gw": "completeness",
"sense": "health",
"norm": "šulmu",
"pos": "N",
"epos": "N"}
}
,
{
"node": "l",
"frag": "a-na\\t",
"id": "P334373.l0003e",
"ref": "P334373.5.2",
"inst": "ana[to]PRP",
"sig": "@saao/saa05%akk-x-neoass:a-na=ana[to//to]PRP'PRP$ana",
"f": {"lang": "akk-x-neoass",
"form": "a-na",
"cf": "ana",
"gw": "to",
"sense": "to",
"norm": "ana",
"pos": "PRP",
"epos": "PRP"}
}
,
{
"node": "l",
"frag": "{uru}HAL.[ṢU]-MEŠ",
"id": "P334373.l0003f",
"ref": "P334373.5.3",
"inst": "birtu[fort]N$bīrāti",
"sig": "@saao/saa05%akk-x-neoass:{URU}HAL.ṢU-MEŠ=birtu[fort//fort]N'N$bīrāti",
"f": {"lang": "akk-x-neoass",
"form": "{URU}HAL.ṢU-MEŠ",
"cf": "birtu",
"gw": "fort",
"sense": "fort",
"norm": "bīrāti",
"pos": "N",
"epos": "N"}
}
,
{
"node": "d",
"type": "line-start",
"ref": "P334373.6",
"n": "5",
"label": "o 5"}
,
{
"node": "l",
"frag": "ŠA₃-bu\\t",
"id": "P334373.l00040",
"ref": "P334373.6.1",
"inst": "libbu[interior//mood]N$",
"sig": "@saao/saa05%akk-x-neoass:ŠA₃-bu=libbu[interior//mood]N'N$libbu",
"f": {"lang": "akk-x-neoass",
"form": "ŠA₃-bu",
"cf": "libbu",
"gw": "interior",
"sense": "mood",
"norm": "libbu",
"pos": "N",
"epos": "N"}
}
,
{
"node": "l",
"frag": "ša₂",
"id": "P334373.l00041",
"ref": "P334373.6.2",
"inst": "ša[of]DET",
"sig": "@saao/saa05%akk-x-neoass:ša₂=ša[of//of]DET'DET$ša",
"f": {"lang": "akk-x-neoass",
"form": "ša₂",
"cf": "ša",
"gw": "of",
"sense": "of",
"norm": "ša",
"pos": "DET",
"epos": "DET"}
}
,
{
"node": "l",
"frag": "LUGAL\\d",
"id": "P334373.l00042",
"ref": "P334373.6.3",
"inst": "šarri[king]N",
"sig": "@saao/saa05%akk-x-neoass:LUGAL=šarru[king//king]N'N$šarri",
"f": {"lang": "akk-x-neoass",
"form": "LUGAL",
"cf": "šarru",
"gw": "king",
"sense": "king",
"norm": "šarri",
"pos": "N",
"epos": "N"}
}
,
{
"node": "l",
"frag": "EN-ia₂",
"id": "P334373.l00043",
"ref": "P334373.6.4",
"inst": "bēlu[lord]N$bēlīya",
"sig": "@saao/saa05%akk-x-neoass:EN-ia₂=bēlu[lord//lord]N'N$bēlīya",
"f": {"lang": "akk-x-neoass",
"form": "EN-ia₂",
"cf": "bēlu",
"gw": "lord",
"sense": "lord",
"norm": "bēlīya",
"pos": "N",
"epos": "N"}
}
,
{
"node": "l",
"frag": "lu",
"id": "P334373.l00044",
"ref": "P334373.6.5",
"inst": "lū[may]MOD",
"sig": "@saao/saa05%akk-x-neoass:lu=lū[may//may]MOD'MOD$lū",
"f": {"lang": "akk-x-neoass",
"form": "lu",
"cf": "lū",
"gw": "may",
"sense": "may",
"norm": "lū",
"pos": "MOD",
"epos": "MOD"}
}
,
{
"node": "l",
"frag": "DUG₃",
"id": "P334373.l00045",
"ref": "P334373.6.6",
"inst": "ṭāb[good]AJ",
"sig": "@saao/saa05%akk-x-neoass:DUG₃=ṭābu[good//good]AJ'AJ$ṭāb",
"f": {"lang": "akk-x-neoass",
"form": "DUG₃",
"cf": "ṭābu",
"gw": "good",
"sense": "good",
"norm": "ṭāb",
"pos": "AJ",
"epos": "AJ"}
}
,
{
"node": "d",
"type": "line-start",
"ref": "P334373.7",
"n": "6",
"label": "o 6"}
,
{
"node": "c",
"type": "phrase",
"tag": "phr",
"id": "P334373.U4",
"ref": "P334373.ls00000",
"cdl": [
{
"node": "l",
"frag": "ina",
"id": "P334373.l00046",
"ref": "P334373.7.1",
"inst": "ina[in+=concerning]PRP$",
"sig": "@saao/saa05%akk-x-neoass:ina=ina[in//in]PRP'PRP$ina",
"f": {"lang": "akk-x-neoass",
"form": "ina",
"cf": "ina",
"gw": "in",
"sense": "in",
"norm": "ina",
"pos": "PRP",
"epos": "PRP"}
}
,
{
"node": "l",
"frag": "UGU",
"id": "P334373.l00047",
"ref": "P334373.7.2",
"inst": "muhhu[skull]N$muhhi",
"sig": "@saao/saa05%akk-x-neoass:UGU=muhhu[skull//skull]N'N$muhhi",
"f": {"lang": "akk-x-neoass",
"form": "UGU",
"cf": "muhhu",
"gw": "skull",
"sense": "skull",
"norm": "muhhi",
"pos": "N",
"epos": "N"}
}
]}
,
{
"node": "l",
"frag": "ṭe₃-me",
"id": "P334373.l00048",
"ref": "P334373.7.3",
"inst": "ṭēmu[(fore)thought//report]N$ṭēme",
"sig": "@saao/saa05%akk-x-neoass:ṭe₃-me=ṭēmu[(fore)thought//report]N'N$ṭēme",
"f": {"lang": "akk-x-neoass",
"form": "ṭe₃-me",
"cf": "ṭēmu",
"gw": "(fore)thought",
"sense": "report",
"norm": "ṭēme",
"pos": "N",
"epos": "N"}
}
,
{
"node": "l",
"frag": "ša",
"id": "P334373.l00049",
"ref": "P334373.7.4",
"inst": "ša[of]DET",
"sig": "@saao/saa05%akk-x-neoass:ša=ša[of//of]DET'DET$ša",
"f": {"lang": "akk-x-neoass",
"form": "ša",
"cf": "ša",
"gw": "of",
"sense": "of",
"norm": "ša",
"pos": "DET",
"epos": "DET"}
}
,
{
"node": "l",
"frag": "{kur}URI\\d-a.a",
"id": "P334373.l0004a",
"ref": "P334373.7.5",
"inst": "Urarṭaya[Urarṭian]EN$",
"sig": "@saao/saa05%akk-x-neoass:{KUR}URI-a.a=Urarṭaya[Urarṭian//Urarṭian]EN'EN$Urarṭaya",
"f": {"lang": "akk-x-neoass",
"form": "{KUR}URI-a.a",
"cf": "Urarṭaya",
"gw": "Urarṭian",
"sense": "Urarṭian",
"norm": "Urarṭaya",
"pos": "EN",
"epos": "EN"}
}
,
{
"node": "d",
"type": "line-start",
"ref": "P334373.8",
"n": "7",
"label": "o 7"}
,
{
"node": "c",
"type": "phrase",
"tag": "phr",
"id": "P334373.U5",
"ref": "P334373.ls00001",
"cdl": [
{
"node": "l",
"frag": "{lu₂vy}A-KIN\\t-⸢ia",
"id": "P334373.l0004b",
"ref": "P334373.8.1",
"cof-tails": "P334373.l0004c",
"inst": "māru[son]N$mār&šipru[sending]N$šiprīya",
"exosig": "@saao/saa05%akk-x-neoass:{LU₂}A-KIN-ia=māru[son//son]N'N$mār&&@saao%akk-x-neoass:=šipru[sending//sending]N'N$šiprīya",
"f": {"lang": "akk-x-neoass",
"form": "{LU₂}A-KIN-ia",
"cf": "māru",
"gw": "son",
"sense": "son",
"norm": "mār",
"pos": "N",
"epos": "N"}
}
,
{
"node": "l",
"frag": "{lu₂vy}A-KIN\\t-⸢ia",
"id": "P334373.l0004c",
"ref": "P334373.8.1",
"cof-head": "P334373.l0004b",
"inst": "māru[son]N$mār&šipru[sending]N$šiprīya",
"tail-sig": "@saao%akk-x-neoass:=šipru[sending//sending]N'N$šiprīya",
"f": {"lang": "akk-x-neoass",
"form": "{LU₂}A-KIN-ia",
"cf": "šipru",
"gw": "sending",
"sense": "sending",
"norm": "šiprīya",
"pos": "N",
"epos": "N"}
}
]}
,
{
"node": "l",
"frag": "ša⸣",
"id": "P334373.l0004d",
"ref": "P334373.8.2",
"inst": "ša[that//who]REL$",
"sig": "@saao/saa05%akk-x-neoass:ša=ša[that//who]REL'REL$ša",
"f": {"lang": "akk-x-neoass",
"form": "ša",
"cf": "ša",
"gw": "that",
"sense": "who",
"norm": "ša",
"pos": "REL",
"epos": "REL"}
}
,
{
"node": "c",
"type": "phrase",
"tag": "phr",
"id": "P334373.U6",
"ref": "P334373.ls00002",
"cdl": [
{
"node": "l",
"frag": "ina",
"id": "P334373.l0004e",
"ref": "P334373.8.3",
"inst": "ina[in+=to]PRP",
"sig": "@saao/saa05%akk-x-neoass:ina=ina[in//in]PRP'PRP$ina",
"f": {"lang": "akk-x-neoass",
"form": "ina",
"cf": "ina",
"gw": "in",
"sense": "in",
"norm": "ina",
"pos": "PRP",
"epos": "PRP"}
}
,
{
"node": "l",
"frag": "UGU",
"id": "P334373.l0004f",
"ref": "P334373.8.4",
"inst": "muhhi[skull]N",
"sig": "@saao/saa05%akk-x-neoass:UGU=muhhu[skull//skull]N'N$muhhi",
"f": {"lang": "akk-x-neoass",
"form": "UGU",
"cf": "muhhu",
"gw": "skull",
"sense": "skull",
"norm": "muhhi",
"pos": "N",
"epos": "N"}
}
]}
,
{
"node": "d",
"type": "line-start",
"ref": "P334373.9",
"n": "8",
"label": "o 8"}
,
{
"node": "l",
"frag": "{lu₂vy}EN.NAM",
"id": "P334373.l00050",
"ref": "P334373.9.1",
"inst": "pīhātu[responsibility//governor]N$pāhiti",
"sig": "@saao/saa05%akk-x-neoass:{LU₂}EN.NAM=pīhātu[responsibility//governor]N'N$pāhiti",
"f": {"lang": "akk-x-neoass",
"form": "{LU₂}EN.NAM",
"cf": "pīhātu",
"gw": "responsibility",
"sense": "governor",
"norm": "pāhiti",
"pos": "N",
"epos": "N"}
}
,
{
"node": "l",
"frag": "[ša]",
"id": "P334373.l00051",
"ref": "P334373.9.2",
"inst": "ša[that//who]REL$",
"sig": "@saao/saa05%akk-x-neoass:ša=ša[that//who]REL'REL$ša",
"f": {"lang": "akk-x-neoass",
"form": "ša",
"cf": "ša",
"gw": "that",
"sense": "who",
"norm": "ša",
"pos": "REL",
"epos": "REL"}
}
,
{
"node": "l",
"frag": "pu\\tp-u-tu₂-u-a",
"id": "P334373.l00052",
"ref": "P334373.9.3",
"inst": "pūtu[forehead//opposite]N'PRP$pūtūwa",
"sig": "@saao/saa05%akk-x-neoass:pu-u-tu₂-u-a=pūtu[forehead//opposite]N'PRP$pūtūwa",
"f": {"lang": "akk-x-neoass",
"form": "pu-u-tu₂-u-a",
"cf": "pūtu",
"gw": "forehead",
"sense": "opposite",
"norm": "pūtūwa",
"pos": "N",
"epos": "PRP"}
}
,
{
"node": "d",
"type": "line-start",
"ref": "P334373.10",
"n": "9",
"label": "o 9"}
,
{
"node": "l",
"frag": "aš₂-pur-u₂\\m-⸢ni",
"id": "P334373.l00053",
"ref": "P334373.10.1",
"inst": "šapāru[send]V$ašpurūni",
"sig": "@saao/saa05%akk-x-neoass:aš₂-pur-u₂-ni=šapāru[send//send]V'V$ašpurūni",
"f": {"lang": "akk-x-neoass",
"form": "aš₂-pur-u₂-ni",
"cf": "šapāru",
"gw": "send",
"sense": "send",
"norm": "ašpurūni",
"pos": "V",
"epos": "V"}
}
,
{
"node": "l",
"frag": "it⸣-tal-ka",
"id": "P334373.l00054",
"ref": "P334373.10.2",
"inst": "alāku[go//come]V$ittalka",
"sig": "@saao/saa05%akk-x-neoass:it-tal-ka=alāku[go//come]V'V$ittalka",
"f": {"lang": "akk-x-neoass",
"form": "it-tal-ka",
"cf": "alāku",
"gw": "go",
"sense": "come",
"norm": "ittalka",
"pos": "V",
"epos": "V"}
}
,
{
"node": "d",
"type": "line-start",
"ref": "P334373.11",
"n": "10",
"label": "o 10"}
,
{
"node": "l",
"frag": "ki-i",
"id": "P334373.l00055",
"ref": "P334373.11.1",
"inst": "kī[like//in accordance with]PRP$kî",
"sig": "@saao/saa05%akk-x-neoass:ki-i=kī[like//in accordance with]PRP'PRP$kî",
"f": {"lang": "akk-x-neoass",
"form": "ki-i",
"cf": "kī",
"gw": "like",
"sense": "in accordance with",
"norm": "kî",
"pos": "PRP",
"epos": "PRP"}
}
,
{
"node": "l",
"frag": "ša",
"id": "P334373.l00056",
"ref": "P334373.11.2",
"inst": "ša[what]REL",
"sig": "@saao/saa05%akk-x-neoass:ša=ša[that//what]REL'REL$ša",
"f": {"lang": "akk-x-neoass",
"form": "ša",
"cf": "ša",
"gw": "that",
"sense": "what",
"norm": "ša",
"pos": "REL",
"epos": "REL"}
}
,
{
"node": "l",
"frag": "LUGAL",
"id": "P334373.l00057",
"ref": "P334373.11.3",
"inst": "šarru[king]N$",
"sig": "@saao/saa05%akk-x-neoass:LUGAL=šarru[king//king]N'N$šarru",
"f": {"lang": "akk-x-neoass",
"form": "LUGAL",
"cf": "šarru",
"gw": "king",
"sense": "king",
"norm": "šarru",
"pos": "N",
"epos": "N"}
}
,
{
"node": "l",
"frag": "be-li₂",
"id": "P334373.l00058",
"ref": "P334373.11.4",
"inst": "bēlī[lord]N",
"sig": "@saao/saa05%akk-x-neoass:be-li₂=bēlu[lord//lord]N'N$bēlī",
"f": {"lang": "akk-x-neoass",
"form": "be-li₂",
"cf": "bēlu",
"gw": "lord",
"sense": "lord",
"norm": "bēlī",
"pos": "N",
"epos": "N"}
}
,
{
"node": "l",
"frag": "iš-pur-an-ni",
"id": "P334373.l00059",
"ref": "P334373.11.5",
"inst": "šapāru[send//write]V$išpuranni",
"sig": "@saao/saa05%akk-x-neoass:iš-pur-an-ni=šapāru[send//write]V'V$išpuranni",
"f": {"lang": "akk-x-neoass",
"form": "iš-pur-an-ni",
"cf": "šapāru",
"gw": "send",
"sense": "write",
"norm": "išpuranni",
"pos": "V",
"epos": "V"}
}
,
{
"node": "d",
"type": "line-start",
"ref": "P334373.12",
"n": "11",
"label": "o 11"}
,
{
"node": "l",
"frag": "id-du-ba-aš₂-šu₂",
"id": "P334373.l0005a",
"ref": "P334373.12.1",
"inst": "dabābu[speak]V$iddubaššu",
"sig": "@saao/saa05%akk-x-neoass:id-du-ba-aš₂-šu₂=dabābu[speak//speak]V'V$iddubaššu",
"f": {"lang": "akk-x-neoass",
"form": "id-du-ba-aš₂-šu₂",
"cf": "dabābu",
"gw": "speak",
"sense": "speak",
"norm": "iddubaššu",
"pos": "V",
"epos": "V"}
}
,
{
"node": "d",
"type": "line-start",
"ref": "P334373.13",
"n": "12",
"label": "o 12"}
,
{
"node": "l",
"frag": "ma",
"id": "P334373.l0005b",
"ref": "P334373.13.1",
"inst": "mā[saying]PRP$",
"sig": "@saao/saa05%akk-x-neoass:ma=mā[saying//saying]PRP'PRP$mā",
"f": {"lang": "akk-x-neoass",
"form": "ma",
"cf": "mā",
"gw": "saying",
"sense": "saying",
"norm": "mā",
"pos": "PRP",
"epos": "PRP"}
}
,
{
"node": "l",
"frag": "a-ta-a",
"id": "P334373.l0005c",
"ref": "P334373.13.2",
"inst": "atā[why?]QP$atâ",
"sig": "@saao/saa05%akk-x-neoass:a-ta-a=atā[why?//why?]QP'QP$atâ",
"f": {"lang": "akk-x-neoass",
"form": "a-ta-a",
"cf": "atā",
"gw": "why?",
"sense": "why?",
"norm": "atâ",
"pos": "QP",
"epos": "QP"}
}
,
{
"node": "l",
"frag": "a-ni-nu",
"id": "P334373.l0005d",
"ref": "P334373.13.3",
"inst": "anīnu[we]IP$",
"sig": "@saao/saa05%akk-x-neoass:a-ni-nu=anīnu[we//we]IP'IP$anīnu",
"f": {"lang": "akk-x-neoass",
"form": "a-ni-nu",
"cf": "anīnu",
"gw": "we",
"sense": "we",
"norm": "anīnu",
"pos": "IP",
"epos": "IP"}
}
,
{
"node": "d",
"type": "line-start",
"ref": "P334373.14",
"n": "13",
"label": "o 13"}
,
{
"node": "l",
"frag": "sa-al-ma-ni",
"id": "P334373.l0005e",
"ref": "P334373.14.1",
"inst": "salmu[peaceful]AJ$salmāni",
"sig": "@saao/saa05%akk-x-neoass:sa-al-ma-ni=salmu[peaceful//peaceful]AJ'AJ$salmāni",
"f": {"lang": "akk-x-neoass",
"form": "sa-al-ma-ni",
"cf": "salmu",
"gw": "peaceful",
"sense": "peaceful",
"norm": "salmāni",
"pos": "AJ",
"epos": "AJ"}
}
,
{
"node": "l",
"frag": "at-tu\\t-nu",
"id": "P334373.l0005f",
"ref": "P334373.14.2",
"inst": "attunu[you (pl.)]IP$",
"sig": "@saao/saa05%akk-x-neoass:at-tu-nu=attunu[you (pl.)//you (pl.)]IP'IP$attunu",
"f": {"lang": "akk-x-neoass",
"form": "at-tu-nu",
"cf": "attunu",
"gw": "you (pl.)",
"sense": "you (pl.)",
"norm": "attunu",
"pos": "IP",
"epos": "IP"}
}
,
{
"node": "d",
"type": "line-start",
"ref": "P334373.15",
"n": "14",
"label": "o 14"}
,
{
"node": "l",
"frag": "at-tu\\t-nu",
"id": "P334373.l00060",
"ref": "P334373.15.1",
"inst": "attunu[you (pl.)]IP",
"sig": "@saao/saa05%akk-x-neoass:at-tu-nu=attunu[you (pl.)//you (pl.)]IP'IP$attunu",
"f": {"lang": "akk-x-neoass",
"form": "at-tu-nu",
"cf": "attunu",
"gw": "you (pl.)",
"sense": "you (pl.)",
"norm": "attunu",
"pos": "IP",
"epos": "IP"}
}
,
{
"node": "l",
"frag": "{uru}HAL.ṢU-MEŠ-ni",
"id": "P334373.l00061",
"ref": "P334373.15.2",
"inst": "birtu[fort]N$bīrātīni",
"sig": "@saao/saa05%akk-x-neoass:{URU}HAL.ṢU-MEŠ-ni=birtu[fort//fort]N'N$bīrātīni",
"f": {"lang": "akk-x-neoass",
"form": "{URU}HAL.ṢU-MEŠ-ni",
"cf": "birtu",
"gw": "fort",
"sense": "fort",
"norm": "bīrātīni",
"pos": "N",
"epos": "N"}
}
,
{
"node": "d",
"type": "line-start",
"ref": "P334373.16",
"n": "15",
"label": "o 15"}
,
{
"node": "l",
"frag": "tu-ṣa-ba-ta",
"id": "P334373.l00062",
"ref": "P334373.16.1",
"inst": "ṣabātu[seize]V$tuṣabbata",
"sig": "@saao/saa05%akk-x-neoass:tu-ṣa-ba-ta=ṣabātu[seize//seize]V'V$tuṣabbata",
"f": {"lang": "akk-x-neoass",
"form": "tu-ṣa-ba-ta",
"cf": "ṣabātu",
"gw": "seize",
"sense": "seize",
"norm": "tuṣabbata",
"pos": "V",
"epos": "V"}
}
,
{
"node": "l",
"frag": "ma-a",
"id": "P334373.l00063",
"ref": "P334373.16.2",
"inst": "mā[saying]PRP",
"sig": "@saao/saa05%akk-x-neoass:ma-a=mā[saying//saying]PRP'PRP$mā",
"f": {"lang": "akk-x-neoass",
"form": "ma-a",
"cf": "mā",
"gw": "saying",
"sense": "saying",
"norm": "mā",
"pos": "PRP",
"epos": "PRP"}
}
,
{
"node": "d",
"subtype": "reverse",
"type": "surface",
"ref": "P334373.r.17",
"type": "reverse",
"label": "r"}
,
{
"node": "d",
"type": "line-start",
"ref": "P334373.18",
"n": "1",
"label": "r 1"}
,
{
"node": "l",
"frag": "ana-ku",
"id": "P334373.l00064",
"ref": "P334373.18.1",
"inst": "anāku[I]IP$",
"sig": "@saao/saa05%akk-x-neoass:ana-ku=anāku[I//I]IP'IP$anāku",
"f": {"lang": "akk-x-neoass",
"form": "ana-ku",
"cf": "anāku",
"gw": "I",
"sense": "I",
"norm": "anāku",
"pos": "IP",
"epos": "IP"}
}
,
{
"node": "d",
"frag": ":",
"type": "nonw",
"ref": "P334373.18.2",
"lang": "akk-x-neoass",
"type": "punct",
"gdl_delim": " "}
,
{
"node": "l",
"frag": "mi₃-nu",
"id": "P334373.l00065",
"ref": "P334373.18.3",
"inst": "mīnu[what?]QP$",
"sig": "@saao/saa05%akk-x-neoass:mi₃-nu=mīnu[what?//what?]QP'QP$mīnu",
"f": {"lang": "akk-x-neoass",
"form": "mi₃-nu",
"cf": "mīnu",
"gw": "what?",
"sense": "what?",
"norm": "mīnu",
"pos": "QP",
"epos": "QP"}
}
,
{
"node": "l",
"frag": "le\\d-pu\\t-uš",
"id": "P334373.l00066",
"ref": "P334373.18.4",
"inst": "epēšu[do]V$lēpuš",
"sig": "@saao/saa05%akk-x-neoass:le-pu-uš=epēšu[do//do]V'V$lēpuš",
"f": {"lang": "akk-x-neoass",
"form": "le-pu-uš",
"cf": "epēšu",
"gw": "do",
"sense": "do",
"norm": "lēpuš",
"pos": "V",
"epos": "V"}
}
,
{
"node": "d",
"type": "line-start",
"ref": "P334373.19",
"n": "2",
"label": "r 2"}
,
{
"node": "l",
"frag": "ma-a",
"id": "P334373.l00067",
"ref": "P334373.19.1",
"inst": "mā[saying]PRP",
"sig": "@saao/saa05%akk-x-neoass:ma-a=mā[saying//saying]PRP'PRP$mā",
"f": {"lang": "akk-x-neoass",
"form": "ma-a",
"cf": "mā",
"gw": "saying",
"sense": "saying",
"norm": "mā",
"pos": "PRP",
"epos": "PRP"}
}
,
{
"node": "l",
"frag": "BE-ma",
"id": "P334373.l00068",
"ref": "P334373.19.2",
"inst": "šumma[if]MOD$",
"sig": "@saao/saa05%akk-x-neoass:BE-ma=šumma[if//if]MOD'MOD$šumma",
"f": {"lang": "akk-x-neoass",
"form": "BE-ma",
"cf": "šumma",
"gw": "if",
"sense": "if",
"norm": "šumma",
"pos": "MOD",
"epos": "MOD"}
}
,
{
"node": "l",
"frag": "ina",
"id": "P334373.l00069",
"ref": "P334373.19.3",
"inst": "ina[in//on]PRP$",
"sig": "@saao/saa05%akk-x-neoass:ina=ina[in//on]PRP'PRP$ina",
"f": {"lang": "akk-x-neoass",
"form": "ina",
"cf": "ina",
"gw": "in",
"sense": "on",
"norm": "ina",
"pos": "PRP",
"epos": "PRP"}
}
,
{
"node": "l",
"frag": "ta-hu-me-ku-nu",
"id": "P334373.l0006a",
"ref": "P334373.19.4",
"inst": "tahūmu[boundary//border]N$tahūmekunu",
"sig": "@saao/saa05%akk-x-neoass:ta-hu-me-ku-nu=tahūmu[boundary//border]N'N$tahūmekunu",
"f": {"lang": "akk-x-neoass",
"form": "ta-hu-me-ku-nu",
"cf": "tahūmu",
"gw": "boundary",
"sense": "border",
"norm": "tahūmekunu",
"pos": "N",
"epos": "N"}
}
,
{
"node": "d",
"type": "line-start",
"ref": "P334373.20",
"n": "3",
"label": "r 3"}
,
{
"node": "l",
"frag": "ina",
"id": "P334373.l0006b",
"ref": "P334373.20.1",
"inst": "ina[in//on]PRP$",
"sig": "@saao/saa05%akk-x-neoass:ina=ina[in//on]PRP'PRP$ina",
"f": {"lang": "akk-x-neoass",
"form": "ina",
"cf": "ina",
"gw": "in",
"sense": "on",
"norm": "ina",
"pos": "PRP",
"epos": "PRP"}
}
,
{
"node": "l",
"frag": "{uru}HAL.ṢU-MEŠ\\p-ku-nu",
"id": "P334373.l0006c",
"ref": "P334373.20.2",
"inst": "birtu[fort]N$bīrātikunu",
"sig": "@saao/saa05%akk-x-neoass:{URU}HAL.ṢU-MEŠ-ku-nu=birtu[fort//fort]N'N$bīrātikunu",
"f": {"lang": "akk-x-neoass",
"form": "{URU}HAL.ṢU-MEŠ-ku-nu",
"cf": "birtu",
"gw": "fort",
"sense": "fort",
"norm": "bīrātikunu",
"pos": "N",
"epos": "N"}
}
,
{
"node": "d",
"type": "line-start",
"ref": "P334373.21",
"n": "4",
"label": "r 4"}
,
{
"node": "l",
"frag": "ah-ti\\dt-ṭi₂",
"id": "P334373.l0006d",
"ref": "P334373.21.1",
"inst": "haṭû[do wrong//trespass]V$ahtiṭi",
"sig": "@saao/saa05%akk-x-neoass:ah-ti-ṭi₂=haṭû[do wrong//trespass]V'V$ahtiṭi",
"f": {"lang": "akk-x-neoass",
"form": "ah-ti-ṭi₂",
"cf": "haṭû",
"gw": "do wrong",
"sense": "trespass",
"norm": "ahtiṭi",
"pos": "V",
"epos": "V"}
}
,
{
"node": "l",
"frag": "ina",
"id": "P334373.l0006e",
"ref": "P334373.21.2",
"inst": "ina[in]PRP",
"sig": "@saao/saa05%akk-x-neoass:ina=ina[in//in]PRP'PRP$ina",
"f": {"lang": "akk-x-neoass",
"form": "ina",
"cf": "ina",
"gw": "in",
"sense": "in",
"norm": "ina",
"pos": "PRP",
"epos": "PRP"}
}
,
{
"node": "l",
"frag": "ŠU.2-ia",
"id": "P334373.l0006f",
"ref": "P334373.21.3",
"inst": "qātu[hand]N$qātēya",
"sig": "@saao/saa05%akk-x-neoass:ŠU.2-ia=qātu[hand//hand]N'N$qātēya",
"f": {"lang": "akk-x-neoass",
"form": "ŠU.2-ia",
"cf": "qātu",
"gw": "hand",
"sense": "hand",
"norm": "qātēya",
"pos": "N",
"epos": "N"}
}
,
{
"node": "d",
"type": "line-start",
"ref": "P334373.22",
"n": "5",
"label": "r 5"}
,
{
"node": "l",
"frag": "ba-i-a",
"id": "P334373.l00070",
"ref": "P334373.22.1",
"inst": "buʾʾû[look for]V$baʾʾia",
"sig": "@saao/saa05%akk-x-neoass:ba-i-a=buʾʾû[look for//look for]V'V$baʾʾia",
"f": {"lang": "akk-x-neoass",
"form": "ba-i-a",
"cf": "buʾʾû",
"gw": "look for",
"sense": "look for",
"norm": "baʾʾia",
"pos": "V",
"epos": "V"}
}
,
{
"node": "d",
"frag": ":",
"type": "nonw",
"ref": "P334373.22.2",
"lang": "akk-x-neoass",
"type": "punct",
"gdl_delim": " "}
,
{
"node": "l",
"frag": "{lu₂vy}e-mu-qi\\t-šu₂",
"id": "P334373.l00071",
"ref": "P334373.22.3",
"inst": "emūqu[strength//troops]N$emūqīšu",
"sig": "@saao/saa05%akk-x-neoass:{LU₂}e-mu-qi-šu₂=emūqu[strength//troops]N'N$emūqīšu",
"f": {"lang": "akk-x-neoass",
"form": "{LU₂}e-mu-qi-šu₂",
"cf": "emūqu",
"gw": "strength",
"sense": "troops",
"norm": "emūqīšu",
"pos": "N",
"epos": "N"}
}
,
{
"node": "d",
"type": "line-start",
"ref": "P334373.23",
"n": "6",
"label": "r 6"}
,
{
"node": "l",
"frag": "i-si-šu₂",
"id": "P334373.l00072",
"ref": "P334373.23.1",
"inst": "išti[with]PRP$issīšu",
"sig": "@saao/saa05%akk-x-neoass:i-si-šu₂=išti[with//with]PRP'PRP$issīšu",
"f": {"lang": "akk-x-neoass",
"form": "i-si-šu₂",
"cf": "išti",
"gw": "with",
"sense": "with",
"norm": "issīšu",
"pos": "PRP",
"epos": "PRP"}
}
,
{
"node": "l",
"frag": "pu-uh-ru",
"id": "P334373.l00073",
"ref": "P334373.23.2",
"inst": "pahru[gathered//assembled]AJ$puhru",
"sig": "@saao/saa05%akk-x-neoass:pu-uh-ru=pahru[gathered//assembled]AJ'AJ$puhru",
"f": {"lang": "akk-x-neoass",
"form": "pu-uh-ru",
"cf": "pahru",
"gw": "gathered",
"sense": "assembled",
"norm": "puhru",
"pos": "AJ",
"epos": "AJ"}
}
,
{
"node": "d",
"type": "line-start",
"ref": "P334373.24",
"n": "7",
"label": "r 7"}
,
{
"node": "l",
"frag": "ina",
"id": "P334373.l00074",
"ref": "P334373.24.1",
"inst": "ina[in]PRP",
"sig": "@saao/saa05%akk-x-neoass:ina=ina[in//in]PRP'PRP$ina",
"f": {"lang": "akk-x-neoass",
"form": "ina",
"cf": "ina",
"gw": "in",
"sense": "in",
"norm": "ina",
"pos": "PRP",
"epos": "PRP"}
}
,
{
"node": "l",
"frag": "{uru}har-da\\t",
"id": "P334373.l00075",
"ref": "P334373.24.2",
"inst": "Harda[]GN$",
"sig": "@saao/saa05%akk-x-neoass:{URU}har-da=Harda[1//1]GN'GN$Harda",
"f": {"lang": "akk-x-neoass",
"form": "{URU}har-da",
"cf": "Harda",
"gw": "1",
"sense": "1",
"norm": "Harda",
"pos": "GN",
"epos": "GN"}
}
,
{
"node": "l",
"frag": "EN.NUN\\dm",
"id": "P334373.l00076",
"ref": "P334373.24.3",
"inst": "maṣṣartu[observation//guard]N$",
"sig": "@saao/saa05%akk-x-neoass:EN.NUN=maṣṣartu[observation//guard]N'N$maṣṣartu",
"f": {"lang": "akk-x-neoass",
"form": "EN.NUN",
"cf": "maṣṣartu",
"gw": "observation",
"sense": "guard",
"norm": "maṣṣartu",
"pos": "N",
"epos": "N"}
}
,
{
"node": "d",
"type": "line-start",
"ref": "P334373.25",
"n": "8",
"label": "r 8"}
,
{
"node": "l",
"frag": "i-na\\d-ṣa-ar",
"id": "P334373.l00077",
"ref": "P334373.25.1",
"inst": "naṣāru[guard//keep guard]V$inaṣṣar",
"sig": "@saao/saa05%akk-x-neoass:i-na-ṣa-ar=naṣāru[guard//keep guard]V'V$inaṣṣar",
"f": {"lang": "akk-x-neoass",
"form": "i-na-ṣa-ar",
"cf": "naṣāru",
"gw": "guard",
"sense": "keep guard",
"norm": "inaṣṣar",
"pos": "V",
"epos": "V"}
}
,
{
"node": "l",
"frag": "an-ni-i-u",
"id": "P334373.l00078",
"ref": "P334373.25.2",
"inst": "annû[this]DP$annīu",
"sig": "@saao/saa05%akk-x-neoass:an-ni-i-u=annû[this//this]DP'DP$annīu",
"f": {"lang": "akk-x-neoass",
"form": "an-ni-i-u",
"cf": "annû",
"gw": "this",
"sense": "this",
"norm": "annīu",
"pos": "DP",
"epos": "DP"}
}
,
{
"node": "d",
"type": "line-start",
"ref": "P334373.26",
"n": "9",
"label": "r 9"}
,
{
"node": "l",
"frag": "ṭe₃-en-šu₂-nu",
"id": "P334373.l00079",
"ref": "P334373.26.1",
"inst": "ṭēnšunu[report]N",
"sig": "@saao/saa05%akk-x-neoass:ṭe₃-en-šu₂-nu=ṭēmu[(fore)thought//report]N'N$ṭēnšunu",
"f": {"lang": "akk-x-neoass",
"form": "ṭe₃-en-šu₂-nu",
"cf": "ṭēmu",
"gw": "(fore)thought",
"sense": "report",
"norm": "ṭēnšunu",
"pos": "N",
"epos": "N"}
}
,
{
"node": "d",
"type": "nonx",
"ref": "P334373.27",
"strict": "0",
"extent": "rest",
"state": "other"}
]}
]}
]}
,
{
"linkbase": [{
"type": "linkset",
"xlink_title": "ina muhhi[on//about]PRP'PRP",
"id": "P334373.ls00000",
"xlink_type": "extended",
"xlink_role": "psu",
"sig": "{ina[in]PRP muhhu[skull]N += ina muhhi[on//about]PRP'PRP}::@saao%akk-x-neoass:ina=ina[in//into]PRP'PRP$ina++@saao%akk-x-neoass:UGU=muhhu[skull//skull]N'N$muhhi",
"links": [
{
"type": "link",
"xlink_title": "ina",
"xlink_type": "locator",
"xlink_href": "#P334373.l00046",
"xlink_role": "elt"}
,
{
"type": "link",
"xlink_title": "muhhu",
"xlink_type": "locator",
"xlink_href": "#P334373.l00047",
"xlink_role": "elt"}
]}
,
{
"type": "linkset",
"xlink_title": "mār šipri[messenger//messenger]N'N",
"id": "P334373.ls00001",
"xlink_type": "extended",
"xlink_role": "psu",
"sig": "{māru[son]N šipru[sending]N += mār šipri[messenger//messenger]N'N}::@saao%akk-x-neoass:{LU₂}DUMU-šip-ri-ia=māru[son//son]N'N$mār++@saao%akk-x-neoass:{LU₂}DUMU-šip-ri-ia=šipru[sending//sending]N'N$šiprīya",
"links": [
{
"type": "link",
"xlink_title": "māru",
"xlink_type": "locator",
"xlink_href": "#P334373.l0004b",
"xlink_role": "elt"}
,
{
"type": "link",
"xlink_title": "šipru",
"xlink_type": "locator",
"xlink_href": "#P334373.l0004c",
"xlink_role": "elt"}
]}
,
{
"type": "linkset",
"xlink_title": "ina muhhi[on//about]PRP'PRP",
"id": "P334373.ls00002",
"xlink_type": "extended",
"xlink_role": "psu",
"sig": "{ina[in]PRP muhhu[skull]N += ina muhhi[on//about]PRP'PRP}::@saao%akk-x-neoass:ina=ina[in//into]PRP'PRP$ina++@saao%akk-x-neoass:UGU=muhhu[skull//skull]N'N$muhhi",
"links": [
{
"type": "link",
"xlink_title": "ina",
"xlink_type": "locator",
"xlink_href": "#P334373.l0004e",
"xlink_role": "elt"}
,
{
"type": "link",
"xlink_title": "muhhi",
"xlink_type": "locator",
"xlink_href": "#P334373.l0004f",
"xlink_role": "elt"}
]}
]}
]}
