{
"type": "cdl",
  "source": "http://oracc.org/saao/saa05",
  "license": "This data is released under the CC0 license",
  "license-url": "https://creativecommons.org/publicdomain/zero/1.0/",
  "more-info": "http://oracc.org/doc/opendata/",
  "UTC-timestamp": "2017-05-19T11:27:50",
"project": "saao/saa05",
"textid": "P334405",
"cdl": [
{
"node": "c",
"type": "text",
"id": "P334405.U0",
"cdl": [
{
"node": "d",
"type": "object",
"ref": ""}
,
{
"node": "d",
"subtype": "obverse",
"type": "surface",
"ref": "P334405.o.1",
"type": "obverse",
"label": "o"}
,
{
"node": "d",
"type": "nonx",
"ref": "P334405.2",
"strict": "0",
"extent": "beginning",
"scope": "line",
"state": "missing"}
,
{
"node": "c",
"type": "discourse",
"subtype": "body",
"id": "P334405.U1",
"cdl": [
{
"node": "c",
"type": "sentence",
"id": "P334405.U2",
"label": "o 1' - r 7",
"cdl": [
{
"node": "d",
"type": "line-start",
"ref": "P334405.3",
"n": "1'",
"label": "o 1'"}
,
{
"node": "l",
"frag": "[ma]-⸢a",
"id": "P334405.l02490",
"ref": "P334405.3.1",
"inst": "mā[saying]PRP",
"sig": "@saao/saa05%akk-x-neoass:ma-a=mā[saying//saying]PRP'PRP$mā",
"f": {"lang": "akk-x-neoass",
"form": "ma-a",
"cf": "mā",
"gw": "saying",
"sense": "saying",
"norm": "mā",
"pos": "PRP",
"epos": "PRP"}
}
,
{
"node": "l",
"frag": "ina",
"id": "P334405.l02491",
"ref": "P334405.3.2",
"inst": "ina[in]PRP",
"sig": "@saao/saa05%akk-x-neoass:ina=ina[in//in]PRP'PRP$ina",
"f": {"lang": "akk-x-neoass",
"form": "ina",
"cf": "ina",
"gw": "in",
"sense": "in",
"norm": "ina",
"pos": "PRP",
"epos": "PRP"}
}
,
{
"node": "l",
"frag": "{uru⸣}[x",
"id": "P334405.l02492",
"ref": "P334405.3.3",
"inst": "u",
"f": {"lang": "akk-x-neoass",
"form": "{URU}x",
"pos": "u"}
}
,
{
"node": "l",
"frag": "x",
"id": "P334405.l02493",
"ref": "P334405.3.4",
"inst": "u",
"f": {"lang": "akk-x-neoass",
"form": "x",
"pos": "u"}
}
,
{
"node": "l",
"frag": "x",
"id": "P334405.l02494",
"ref": "P334405.3.5",
"inst": "u",
"f": {"lang": "akk-x-neoass",
"form": "x",
"pos": "u"}
}
,
{
"node": "l",
"frag": "x]",
"id": "P334405.l02495",
"ref": "P334405.3.6",
"inst": "u",
"f": {"lang": "akk-x-neoass",
"form": "x",
"pos": "u"}
}
,
{
"node": "d",
"type": "line-start",
"ref": "P334405.4",
"n": "2'",
"label": "o 2'"}
,
{
"node": "l",
"frag": "{⸢lu₂⸣}ERIM-MEŠ",
"id": "P334405.l02496",
"ref": "P334405.4.1",
"inst": "ṣābāni[troops]N",
"sig": "@saao/saa05%akk-x-neoass:{LU₂}ERIM-MEŠ=ṣābu[people//troops]N'N$ṣābāni",
"f": {"lang": "akk-x-neoass",
"form": "{LU₂}ERIM-MEŠ",
"cf": "ṣābu",
"gw": "people",
"sense": "troops",
"norm": "ṣābāni",
"pos": "N",
"epos": "N"}
}
,
{
"node": "l",
"frag": "i-[ba-aš₂-ši-i]",
"id": "P334405.l02497",
"ref": "P334405.4.2",
"inst": "bašû[exist//actually]V'AV$ibaššî",
"sig": "@saao/saa05%akk-x-neoass:i-ba-aš₂-ši-i=bašû[exist//actually]V'AV$ibaššî",
"f": {"lang": "akk-x-neoass",
"form": "i-ba-aš₂-ši-i",
"cf": "bašû",
"gw": "exist",
"sense": "actually",
"norm": "ibaššî",
"pos": "V",
"epos": "AV"}
}
,
{
"node": "d",
"type": "line-start",
"ref": "P334405.5",
"n": "3'",
"label": "o 3'"}
,
{
"node": "c",
"type": "phrase",
"tag": "phr",
"id": "P334405.U4",
"ref": "P334405.ls00000",
"cdl": [
{
"node": "l",
"frag": "ina",
"id": "P334405.l02498",
"ref": "P334405.5.1",
"inst": "ina[in+=to]PRP",
"sig": "@saao/saa05%akk-x-neoass:ina=ina[in//in]PRP'PRP$ina",
"f": {"lang": "akk-x-neoass",
"form": "ina",
"cf": "ina",
"gw": "in",
"sense": "in",
"norm": "ina",
"pos": "PRP",
"epos": "PRP"}
}
,
{
"node": "l",
"frag": "ŠA₃-bi",
"id": "P334405.l02499",
"ref": "P334405.5.2",
"inst": "libbi[interior]N",
"sig": "@saao/saa05%akk-x-neoass:ŠA₃-bi=libbu[interior//interior]N'N$libbi",
"f": {"lang": "akk-x-neoass",
"form": "ŠA₃-bi",
"cf": "libbu",
"gw": "interior",
"sense": "interior",
"norm": "libbi",
"pos": "N",
"epos": "N"}
}
]}
,
{
"node": "l",
"frag": "ina",
"id": "P334405.l0249a",
"ref": "P334405.5.3",
"inst": "ina[in]PRP",
"sig": "@saao/saa05%akk-x-neoass:ina=ina[in//in]PRP'PRP$ina",
"f": {"lang": "akk-x-neoass",
"form": "ina",
"cf": "ina",
"gw": "in",
"sense": "in",
"norm": "ina",
"pos": "PRP",
"epos": "PRP"}
}
,
{
"node": "l",
"frag": "[ŠU.2-šu₂-nu]",
"id": "P334405.l0249b",
"ref": "P334405.5.4",
"inst": "qātēšunu[hand]N",
"sig": "@saao/saa05%akk-x-neoass:ŠU.2-šu₂-nu=qātu[hand//hand]N'N$qātēšunu",
"f": {"lang": "akk-x-neoass",
"form": "ŠU.2-šu₂-nu",
"cf": "qātu",
"gw": "hand",
"sense": "hand",
"norm": "qātēšunu",
"pos": "N",
"epos": "N"}
}
,
{
"node": "d",
"type": "line-start",
"ref": "P334405.6",
"n": "4'",
"label": "o 4'"}
,
{
"node": "l",
"frag": "la",
"id": "P334405.l0249c",
"ref": "P334405.6.1",
"inst": "lā[not]MOD",
"sig": "@saao/saa05%akk-x-neoass:la=lā[not//not]MOD'MOD$lā",
"f": {"lang": "akk-x-neoass",
"form": "la",
"cf": "lā",
"gw": "not",
"sense": "not",
"norm": "lā",
"pos": "MOD",
"epos": "MOD"}
}
,
{
"node": "l",
"frag": "in-⸢qu⸣-[tu]",
"id": "P334405.l0249d",
"ref": "P334405.6.2",
"inst": "maqātu[fall]V$inqutu",
"sig": "@saao/saa05%akk-x-neoass:in-qu-tu=maqātu[fall//fall]V'V$inqutu",
"f": {"lang": "akk-x-neoass",
"form": "in-qu-tu",
"cf": "maqātu",
"gw": "fall",
"sense": "fall",
"norm": "inqutu",
"pos": "V",
"epos": "V"}
}
,
{
"node": "d",
"type": "line-start",
"ref": "P334405.7",
"n": "5'",
"label": "o 5'"}
,
{
"node": "l",
"frag": "{1}sa-ni-ie",
"id": "P334405.l0249e",
"ref": "P334405.7.1",
"inst": "Saniye[]PN$",
"sig": "@saao/saa05%akk-x-neoass:{1}sa-ni-ie=Saniye[1//1]PN'PN$Saniye",
"f": {"lang": "akk-x-neoass",
"form": "{1}sa-ni-ie",
"cf": "Saniye",
"gw": "1",
"sense": "1",
"norm": "Saniye",
"pos": "PN",
"epos": "PN"}
}
,
{
"node": "l",
"frag": "{lu₂}⸢EN-URU⸣",
"id": "P334405.l0249f",
"ref": "P334405.7.2",
"cof-tails": "P334405.l024a0",
"inst": "bēlu[lord]N$bēl&ālu[city]N$āli",
"sig": "@saao/saa05%akk-x-neoass:{LU₂}EN-URU=bēlu[lord//lord]N'N$bēl&&@saao%akk-x-neoass:=ālu[city//city]N'N$āli",
"f": {"lang": "akk-x-neoass",
"form": "{LU₂}EN-URU",
"cf": "bēlu",
"gw": "lord",
"sense": "lord",
"norm": "bēl",
"pos": "N",
"epos": "N"}
}
,
{
"node": "l",
"frag": "{lu₂}⸢EN-URU⸣",
"id": "P334405.l024a0",
"ref": "P334405.7.2",
"cof-head": "P334405.l0249f",
"inst": "bēlu[lord]N$bēl&ālu[city]N$āli",
"tail-sig": "@saao%akk-x-neoass:=ālu[city//city]N'N$āli",
"f": {"lang": "akk-x-neoass",
"form": "{LU₂}EN-URU",
"cf": "ālu",
"gw": "city",
"sense": "city",
"norm": "āli",
"pos": "N",
"epos": "N"}
}
,
{
"node": "d",
"type": "line-start",
"ref": "P334405.8",
"n": "6'",
"label": "o 6'"}
,
{
"node": "l",
"frag": "TA@v\\m",
"id": "P334405.l024a1",
"ref": "P334405.8.1",
"inst": "issi[with]PRP",
"sig": "@saao/saa05%akk-x-neoass:TA@v=išti[with//with]PRP'PRP$issi",
"f": {"lang": "akk-x-neoass",
"form": "TA@v",
"cf": "išti",
"gw": "with",
"sense": "with",
"norm": "issi",
"pos": "PRP",
"epos": "PRP"}
}
,
{
"node": "l",
"frag": "{1}kaq-qa\\d-da-a-ni",
"id": "P334405.l024a2",
"ref": "P334405.8.2",
"inst": "Kaqqadanu[]PN$Kaqqadani",
"sig": "@saao/saa05%akk-x-neoass:{1}kaq-qa-da-a-ni=Kaqqadanu[1//1]PN'PN$Kaqqadani",
"f": {"lang": "akk-x-neoass",
"form": "{1}kaq-qa-da-a-ni",
"cf": "Kaqqadanu",
"gw": "1",
"sense": "1",
"norm": "Kaqqadani",
"pos": "PN",
"epos": "PN"}
}
,
{
"node": "d",
"type": "line-start",
"ref": "P334405.9",
"n": "7'",
"label": "o 7'"}
,
{
"node": "l",
"frag": "a-sa-par",
"id": "P334405.l024a3",
"ref": "P334405.9.1",
"inst": "assapar[send]V",
"sig": "@saao/saa05%akk-x-neoass:a-sa-par=šapāru[send//send]V'V$assapar",
"f": {"lang": "akk-x-neoass",
"form": "a-sa-par",
"cf": "šapāru",
"gw": "send",
"sense": "send",
"norm": "assapar",
"pos": "V",
"epos": "V"}
}
,
{
"node": "l",
"frag": "na-ṣu-u₂-ni",
"id": "P334405.l024a4",
"ref": "P334405.9.2",
"inst": "našû[lifted//brought]AJ$naṣūni",
"sig": "@saao/saa05%akk-x-neoass:na-ṣu-u₂-ni=našû[lifted//brought]AJ'AJ$naṣūni",
"f": {"lang": "akk-x-neoass",
"form": "na-ṣu-u₂-ni",
"cf": "našû",
"gw": "lifted",
"sense": "brought",
"norm": "naṣūni",
"pos": "AJ",
"epos": "AJ"}
}
,
{
"node": "d",
"type": "line-start",
"ref": "P334405.10",
"n": "8'",
"label": "o 8'"}
,
{
"node": "l",
"frag": "a-sa-ʾa-al-šu₂-nu",
"id": "P334405.l024a5",
"ref": "P334405.10.1",
"inst": "šâlu[ask]V$assaʾalšunu",
"sig": "@saao/saa05%akk-x-neoass:a-sa-ʾa-al-šu₂-nu=šâlu[ask//ask]V'V$assaʾalšunu",
"f": {"lang": "akk-x-neoass",
"form": "a-sa-ʾa-al-šu₂-nu",
"cf": "šâlu",
"gw": "ask",
"sense": "ask",
"norm": "assaʾalšunu",
"pos": "V",
"epos": "V"}
}
,
{
"node": "l",
"frag": "mu-uk",
"id": "P334405.l024a6",
"ref": "P334405.10.2",
"inst": "muk[saying]PRP$",
"sig": "@saao/saa05%akk-x-neoass:mu-uk=muk[saying//saying]PRP'PRP$muk",
"f": {"lang": "akk-x-neoass",
"form": "mu-uk",
"cf": "muk",
"gw": "saying",
"sense": "saying",
"norm": "muk",
"pos": "PRP",
"epos": "PRP"}
}
,
{
"node": "l",
"frag": "{lu₂}ERIM-MEŠ",
"id": "P334405.l024a7",
"ref": "P334405.10.3",
"inst": "ṣābāni[troops]N",
"sig": "@saao/saa05%akk-x-neoass:{LU₂}ERIM-MEŠ=ṣābu[people//troops]N'N$ṣābāni",
"f": {"lang": "akk-x-neoass",
"form": "{LU₂}ERIM-MEŠ",
"cf": "ṣābu",
"gw": "people",
"sense": "troops",
"norm": "ṣābāni",
"pos": "N",
"epos": "N"}
}
,
{
"node": "d",
"type": "line-start",
"ref": "P334405.11",
"n": "9'",
"label": "o 9'"}
,
{
"node": "l",
"frag": "a-le-e",
"id": "P334405.l024a8",
"ref": "P334405.11.1",
"inst": "alê[where?]QP",
"sig": "@saao/saa05%akk-x-neoass:a-le-e=ali[where?//where?]QP'QP$alê",
"f": {"lang": "akk-x-neoass",
"form": "a-le-e",
"cf": "ali",
"gw": "where?",
"sense": "where?",
"norm": "alê",
"pos": "QP",
"epos": "QP"}
}
,
{
"node": "l",
"frag": "ma-a",
"id": "P334405.l024a9",
"ref": "P334405.11.2",
"inst": "mā[saying]PRP",
"sig": "@saao/saa05%akk-x-neoass:ma-a=mā[saying//saying]PRP'PRP$mā",
"f": {"lang": "akk-x-neoass",
"form": "ma-a",
"cf": "mā",
"gw": "saying",
"sense": "saying",
"norm": "mā",
"pos": "PRP",
"epos": "PRP"}
}
,
{
"node": "l",
"frag": "{lu₂v}ERIM-MEŠ",
"id": "P334405.l024aa",
"ref": "P334405.11.3",
"inst": "ṣābāni[troops]N",
"sig": "@saao/saa05%akk-x-neoass:{LU₂}ERIM-MEŠ=ṣābu[people//troops]N'N$ṣābāni",
"f": {"lang": "akk-x-neoass",
"form": "{LU₂}ERIM-MEŠ",
"cf": "ṣābu",
"gw": "people",
"sense": "troops",
"norm": "ṣābāni",
"pos": "N",
"epos": "N"}
}
,
{
"node": "l",
"frag": "ig-du-ru",
"id": "P334405.l024ab",
"ref": "P334405.11.4",
"inst": "qarāru[writhe//be(come) scared]V$igdurru",
"sig": "@saao/saa05%akk-x-neoass:ig-du-ru=qarāru[writhe//be(come) scared]V'V$igdurru",
"f": {"lang": "akk-x-neoass",
"form": "ig-du-ru",
"cf": "qarāru",
"gw": "writhe",
"sense": "be(come) scared",
"norm": "igdurru",
"pos": "V",
"epos": "V"}
}
,
{
"node": "d",
"subtype": "bottom",
"type": "surface",
"ref": "P334405.b.e..12",
"type": "bottom",
"label": "b.e."}
,
{
"node": "d",
"type": "line-start",
"ref": "P334405.13",
"n": "10'",
"label": "b.e. 10'"}
,
{
"node": "l",
"frag": "a-ki",
"id": "P334405.l024ac",
"ref": "P334405.13.1",
"inst": "akī[as//like]PRP$",
"sig": "@saao/saa05%akk-x-neoass:a-ki=akī[as//as, like]PRP'PRP$akī",
"f": {"lang": "akk-x-neoass",
"form": "a-ki",
"cf": "akī",
"gw": "as",
"sense": "as, like",
"norm": "akī",
"pos": "PRP",
"epos": "PRP"}
}
,
{
"node": "l",
"frag": "an-ni-e",
"id": "P334405.l024ad",
"ref": "P334405.13.2",
"inst": "annīe[this]DP",
"sig": "@saao/saa05%akk-x-neoass:an-ni-e=annû[this//this]DP'DP$annīe",
"f": {"lang": "akk-x-neoass",
"form": "an-ni-e",
"cf": "annû",
"gw": "this",
"sense": "this",
"norm": "annīe",
"pos": "DP",
"epos": "DP"}
}
,
{
"node": "l",
"frag": "iq-ṭi-bu-u-ni",
"id": "P334405.l024ae",
"ref": "P334405.13.3",
"inst": "qabû[say]V$iqṭibûni",
"sig": "@saao/saa05%akk-x-neoass:iq-ṭi-bu-u-ni=qabû[say//say]V'V$iqṭibûni",
"f": {"lang": "akk-x-neoass",
"form": "iq-ṭi-bu-u-ni",
"cf": "qabû",
"gw": "say",
"sense": "say",
"norm": "iqṭibûni",
"pos": "V",
"epos": "V"}
}
,
{
"node": "d",
"type": "line-start",
"ref": "P334405.14",
"n": "11'",
"label": "b.e. 11'"}
,
{
"node": "l",
"frag": "ma-a",
"id": "P334405.l024af",
"ref": "P334405.14.1",
"inst": "mā[saying]PRP",
"sig": "@saao/saa05%akk-x-neoass:ma-a=mā[saying//saying]PRP'PRP$mā",
"f": {"lang": "akk-x-neoass",
"form": "ma-a",
"cf": "mā",
"gw": "saying",
"sense": "saying",
"norm": "mā",
"pos": "PRP",
"epos": "PRP"}
}
,
{
"node": "l",
"frag": "{lu₂v}ERIM-MEŠ",
"id": "P334405.l024b0",
"ref": "P334405.14.2",
"inst": "ṣābāni[troops]N",
"sig": "@saao/saa05%akk-x-neoass:{LU₂}ERIM-MEŠ=ṣābu[people//troops]N'N$ṣābāni",
"f": {"lang": "akk-x-neoass",
"form": "{LU₂}ERIM-MEŠ",
"cf": "ṣābu",
"gw": "people",
"sense": "troops",
"norm": "ṣābāni",
"pos": "N",
"epos": "N"}
}
,
{
"node": "c",
"type": "phrase",
"tag": "phr",
"id": "P334405.U5",
"ref": "P334405.ls00001",
"cdl": [
{
"node": "l",
"frag": "ina",
"id": "P334405.l024b1",
"ref": "P334405.14.3",
"inst": "ina[in+=there]PRP",
"sig": "@saao/saa05%akk-x-neoass:ina=ina[in//in]PRP'PRP$ina",
"f": {"lang": "akk-x-neoass",
"form": "ina",
"cf": "ina",
"gw": "in",
"sense": "in",
"norm": "ina",
"pos": "PRP",
"epos": "PRP"}
}
,
{
"node": "l",
"frag": "ŠA₃-bi",
"id": "P334405.l024b2",
"ref": "P334405.14.4",
"inst": "libbi[interior]N",
"sig": "@saao/saa05%akk-x-neoass:ŠA₃-bi=libbu[interior//interior]N'N$libbi",
"f": {"lang": "akk-x-neoass",
"form": "ŠA₃-bi",
"cf": "libbu",
"gw": "interior",
"sense": "interior",
"norm": "libbi",
"pos": "N",
"epos": "N"}
}
]}
,
{
"node": "d",
"subtype": "reverse",
"type": "surface",
"ref": "P334405.r.15",
"type": "reverse",
"label": "r"}
,
{
"node": "d",
"type": "line-start",
"ref": "P334405.16",
"n": "1",
"label": "r 1"}
,
{
"node": "l",
"frag": "šu-nu",
"id": "P334405.l024b3",
"ref": "P334405.16.1",
"inst": "šunu[they]IP",
"sig": "@saao/saa05%akk-x-neoass:šu-nu=šunu[they//they]IP'IP$šunu",
"f": {"lang": "akk-x-neoass",
"form": "šu-nu",
"cf": "šunu",
"gw": "they",
"sense": "they",
"norm": "šunu",
"pos": "IP",
"epos": "IP"}
}
,
{
"node": "d",
"frag": ":",
"type": "nonw",
"ref": "P334405.16.2",
"lang": "akk-x-neoass",
"type": "punct",
"gdl_delim": " "}
,
{
"node": "l",
"frag": "ma-a",
"id": "P334405.l024b4",
"ref": "P334405.16.3",
"inst": "mā[saying]PRP",
"sig": "@saao/saa05%akk-x-neoass:ma-a=mā[saying//saying]PRP'PRP$mā",
"f": {"lang": "akk-x-neoass",
"form": "ma-a",
"cf": "mā",
"gw": "saying",
"sense": "saying",
"norm": "mā",
"pos": "PRP",
"epos": "PRP"}
}
,
{
"node": "l",
"frag": "ši-du",
"id": "P334405.l024b5",
"ref": "P334405.16.4",
"inst": "šiddu[length]N$",
"sig": "@saao/saa05%akk-x-neoass:ši-du=šiddu[length//length]N'N$šiddu",
"f": {"lang": "akk-x-neoass",
"form": "ši-du",
"cf": "šiddu",
"gw": "length",
"sense": "length",
"norm": "šiddu",
"pos": "N",
"epos": "N"}
}
,
{
"node": "d",
"type": "line-start",
"ref": "P334405.17",
"n": "2",
"label": "r 2"}
,
{
"node": "l",
"frag": "lu-ri-ku-na\\t-ši",
"id": "P334405.l024b6",
"ref": "P334405.17.1",
"inst": "arāku[be(come) long//extend]V$lurrikunāši",
"sig": "@saao/saa05%akk-x-neoass:lu-ri-ku-na-ši=arāku[be(come) long//extend]V'V$lurrikunāši",
"f": {"lang": "akk-x-neoass",
"form": "lu-ri-ku-na-ši",
"cf": "arāku",
"gw": "be(come) long",
"sense": "extend",
"norm": "lurrikunāši",
"pos": "V",
"epos": "V"}
}
,
{
"node": "c",
"type": "phrase",
"tag": "phr",
"id": "P334405.U6",
"ref": "P334405.ls00002",
"cdl": [
{
"node": "l",
"frag": "a-du",
"id": "P334405.l024b7",
"ref": "P334405.17.2",
"inst": "adi[until]PRP$adu",
"sig": "@saao/saa05%akk-x-neoass:a-du=adi[until//until]PRP'PRP$adu",
"f": {"lang": "akk-x-neoass",
"form": "a-du",
"cf": "adi",
"gw": "until",
"sense": "until",
"norm": "adu",
"pos": "PRP",
"epos": "PRP"}
}
,
{
"node": "l",
"frag": "E₂",
"id": "P334405.l024b8",
"ref": "P334405.17.3",
"inst": "bēt[house]N",
"sig": "@saao/saa05%akk-x-neoass:E₂=bītu[house//house]N'N$bēt",
"f": {"lang": "akk-x-neoass",
"form": "E₂",
"cf": "bītu",
"gw": "house",
"sense": "house",
"norm": "bēt",
"pos": "N",
"epos": "N"}
}
]}
,
{
"node": "d",
"type": "line-start",
"ref": "P334405.18",
"n": "3",
"label": "r 3"}
,
{
"node": "l",
"frag": "{lu₂v}ERIM-MEŠ",
"id": "P334405.l024b9",
"ref": "P334405.18.1",
"inst": "ṣābāni[troops]N",
"sig": "@saao/saa05%akk-x-neoass:{LU₂}ERIM-MEŠ=ṣābu[people//troops]N'N$ṣābāni",
"f": {"lang": "akk-x-neoass",
"form": "{LU₂}ERIM-MEŠ",
"cf": "ṣābu",
"gw": "people",
"sense": "troops",
"norm": "ṣābāni",
"pos": "N",
"epos": "N"}
}
,
{
"node": "l",
"frag": "ina",
"id": "P334405.l024ba",
"ref": "P334405.18.2",
"inst": "ina[in]PRP",
"sig": "@saao/saa05%akk-x-neoass:ina=ina[in//in]PRP'PRP$ina",
"f": {"lang": "akk-x-neoass",
"form": "ina",
"cf": "ina",
"gw": "in",
"sense": "in",
"norm": "ina",
"pos": "PRP",
"epos": "PRP"}
}
,
{
"node": "l",
"frag": "qa\\d-ti\\t-ni\\d",
"id": "P334405.l024bb",
"ref": "P334405.18.3",
"inst": "qātu[hand]N$qātīni",
"sig": "@saao/saa05%akk-x-neoass:qa-ti-ni=qātu[hand//hand]N'N$qātīni",
"f": {"lang": "akk-x-neoass",
"form": "qa-ti-ni",
"cf": "qātu",
"gw": "hand",
"sense": "hand",
"norm": "qātīni",
"pos": "N",
"epos": "N"}
}
,
{
"node": "d",
"type": "line-start",
"ref": "P334405.19",
"n": "4",
"label": "r 4"}
,
{
"node": "l",
"frag": "i-ma-qa-tu-ni-ni",
"id": "P334405.l024bc",
"ref": "P334405.19.1",
"inst": "maqātu[fall]V$imaqqatūnīni",
"sig": "@saao/saa05%akk-x-neoass:i-ma-qa-tu-ni-ni=maqātu[fall//fall]V'V$imaqqatūnīni",
"f": {"lang": "akk-x-neoass",
"form": "i-ma-qa-tu-ni-ni",
"cf": "maqātu",
"gw": "fall",
"sense": "fall",
"norm": "imaqqatūnīni",
"pos": "V",
"epos": "V"}
}
,
{
"node": "d",
"type": "line-start",
"ref": "P334405.20",
"n": "5",
"label": "r 5"}
,
{
"node": "l",
"frag": "šum₂-ma",
"id": "P334405.l024bd",
"ref": "P334405.20.1",
"inst": "šumma[if]MOD",
"sig": "@saao/saa05%akk-x-neoass:šum₂-ma=šumma[if//if]MOD'MOD$šumma",
"f": {"lang": "akk-x-neoass",
"form": "šum₂-ma",
"cf": "šumma",
"gw": "if",
"sense": "if",
"norm": "šumma",
"pos": "MOD",
"epos": "MOD"}
}
,
{
"node": "l",
"frag": "LUGAL",
"id": "P334405.l024be",
"ref": "P334405.20.2",
"inst": "šarru[king]N",
"sig": "@saao/saa05%akk-x-neoass:LUGAL=šarru[king//king]N'N$šarru",
"f": {"lang": "akk-x-neoass",
"form": "LUGAL",
"cf": "šarru",
"gw": "king",
"sense": "king",
"norm": "šarru",
"pos": "N",
"epos": "N"}
}
,
{
"node": "l",
"frag": "⸢be⸣-[li₂]",
"id": "P334405.l024bf",
"ref": "P334405.20.3",
"inst": "bēlī[lord]N",
"sig": "@saao/saa05%akk-x-neoass:be-li₂=bēlu[lord//lord]N'N$bēlī",
"f": {"lang": "akk-x-neoass",
"form": "be-li₂",
"cf": "bēlu",
"gw": "lord",
"sense": "lord",
"norm": "bēlī",
"pos": "N",
"epos": "N"}
}
,
{
"node": "l",
"frag": "i-qa-bi",
"id": "P334405.l024c0",
"ref": "P334405.20.4",
"inst": "iqabbi[say]V",
"sig": "@saao/saa05%akk-x-neoass:i-qa-bi=qabû[say//say]V'V$iqabbi",
"f": {"lang": "akk-x-neoass",
"form": "i-qa-bi",
"cf": "qabû",
"gw": "say",
"sense": "say",
"norm": "iqabbi",
"pos": "V",
"epos": "V"}
}
,
{
"node": "d",
"type": "line-start",
"ref": "P334405.21",
"n": "6",
"label": "r 6"}
,
{
"node": "l",
"frag": "{1}sa-ni-ie",
"id": "P334405.l024c1",
"ref": "P334405.21.1",
"inst": "Saniye[1]PN",
"sig": "@saao/saa05%akk-x-neoass:{1}sa-ni-ie=Saniye[1//1]PN'PN$Saniye",
"f": {"lang": "akk-x-neoass",
"form": "{1}sa-ni-ie",
"cf": "Saniye",
"gw": "1",
"sense": "1",
"norm": "Saniye",
"pos": "PN",
"epos": "PN"}
}
,
{
"node": "l",
"frag": "[x",
"id": "P334405.l024c2",
"ref": "P334405.21.2",
"inst": "u",
"f": {"lang": "akk-x-neoass",
"form": "x",
"pos": "u"}
}
,
{
"node": "l",
"frag": "x",
"id": "P334405.l024c3",
"ref": "P334405.21.3",
"inst": "u",
"f": {"lang": "akk-x-neoass",
"form": "x",
"pos": "u"}
}
,
{
"node": "l",
"frag": "x]",
"id": "P334405.l024c4",
"ref": "P334405.21.4",
"inst": "u",
"f": {"lang": "akk-x-neoass",
"form": "x",
"pos": "u"}
}
,
{
"node": "l",
"frag": "⸢ni⸣",
"id": "P334405.l024c5",
"ref": "P334405.21.5",
"inst": "u",
"f": {"lang": "akk-x-neoass",
"form": "ni",
"pos": "u"}
}
,
{
"node": "d",
"type": "line-start",
"ref": "P334405.22",
"n": "7",
"label": "r 7"}
,
{
"node": "c",
"type": "phrase",
"tag": "phr",
"id": "P334405.U7",
"ref": "P334405.ls00003",
"cdl": [
{
"node": "l",
"frag": "⸢ina⸣",
"id": "P334405.l024c6",
"ref": "P334405.22.1",
"inst": "ina[in+=in front of]PRP",
"sig": "@saao/saa05%akk-x-neoass:ina=ina[in//in]PRP'PRP$ina",
"f": {"lang": "akk-x-neoass",
"form": "ina",
"cf": "ina",
"gw": "in",
"sense": "in",
"norm": "ina",
"pos": "PRP",
"epos": "PRP"}
}
,
{
"node": "l",
"frag": "IGI",
"id": "P334405.l024c7",
"ref": "P334405.22.2",
"inst": "pān[front]N",
"sig": "@saao/saa05%akk-x-neoass:IGI=pānu[front//front]N'N$pān",
"f": {"lang": "akk-x-neoass",
"form": "IGI",
"cf": "pānu",
"gw": "front",
"sense": "front",
"norm": "pān",
"pos": "N",
"epos": "N"}
}
]}
,
{
"node": "l",
"frag": "[x",
"id": "P334405.l024c8",
"ref": "P334405.22.3",
"inst": "u",
"f": {"lang": "akk-x-neoass",
"form": "x",
"pos": "u"}
}
,
{
"node": "l",
"frag": "x",
"id": "P334405.l024c9",
"ref": "P334405.22.4",
"inst": "u",
"f": {"lang": "akk-x-neoass",
"form": "x",
"pos": "u"}
}
,
{
"node": "l",
"frag": "x",
"id": "P334405.l024ca",
"ref": "P334405.22.5",
"inst": "u",
"f": {"lang": "akk-x-neoass",
"form": "x",
"pos": "u"}
}
,
{
"node": "l",
"frag": "x",
"id": "P334405.l024cb",
"ref": "P334405.22.6",
"inst": "u",
"f": {"lang": "akk-x-neoass",
"form": "x",
"pos": "u"}
}
,
{
"node": "l",
"frag": "x",
"id": "P334405.l024cc",
"ref": "P334405.22.7",
"inst": "u",
"f": {"lang": "akk-x-neoass",
"form": "x",
"pos": "u"}
}
,
{
"node": "l",
"frag": "x]",
"id": "P334405.l024cd",
"ref": "P334405.22.8",
"inst": "u",
"f": {"lang": "akk-x-neoass",
"form": "x",
"pos": "u"}
}
,
{
"node": "d",
"type": "nonx",
"ref": "P334405.23",
"strict": "0",
"extent": "rest",
"state": "missing"}
]}
]}
]}
,
{
"linkbase": [{
"type": "linkset",
"xlink_title": "ina libbi[in//(in exchange) for]PRP'PRP",
"id": "P334405.ls00000",
"xlink_type": "extended",
"xlink_role": "psu",
"sig": "{ina[in]PRP libbu[interior]N += ina libbi[in//(in exchange) for]PRP'PRP}::@saao%akk-x-neoass:ina=ina[in//into]PRP'PRP$ina++@saao%akk-x-neoass:ŠA₃-bi=libbu[interior//interior]N'N$libbi",
"links": [
{
"type": "link",
"xlink_title": "ina",
"xlink_type": "locator",
"xlink_href": "#P334405.l02498",
"xlink_role": "elt"}
,
{
"type": "link",
"xlink_title": "libbi",
"xlink_type": "locator",
"xlink_href": "#P334405.l02499",
"xlink_role": "elt"}
]}
,
{
"type": "linkset",
"xlink_title": "ina libbi[in//(in exchange) for]PRP'PRP",
"id": "P334405.ls00001",
"xlink_type": "extended",
"xlink_role": "psu",
"sig": "{ina[in]PRP libbu[interior]N += ina libbi[in//(in exchange) for]PRP'PRP}::@saao%akk-x-neoass:ina=ina[in//into]PRP'PRP$ina++@saao%akk-x-neoass:ŠA₃-bi=libbu[interior//interior]N'N$libbi",
"links": [
{
"type": "link",
"xlink_title": "ina",
"xlink_type": "locator",
"xlink_href": "#P334405.l024b1",
"xlink_role": "elt"}
,
{
"type": "link",
"xlink_title": "libbi",
"xlink_type": "locator",
"xlink_href": "#P334405.l024b2",
"xlink_role": "elt"}
]}
,
{
"type": "linkset",
"xlink_title": "adi bīt[until//as long as]SBJ'SBJ",
"id": "P334405.ls00002",
"xlink_type": "extended",
"xlink_role": "psu",
"sig": "{adi[until]PRP bītu[house]N += adi bīt[until//as long as]SBJ'SBJ}::@saao%akk-x-neoass:a-du=adi[until//until]PRP'SBJ$adu++@saao%akk-x-neoass:E₂=bītu[house//house]N'N$bēt",
"links": [
{
"type": "link",
"xlink_title": "adi",
"xlink_type": "locator",
"xlink_href": "#P334405.l024b7",
"xlink_role": "elt"}
,
{
"type": "link",
"xlink_title": "bēt",
"xlink_type": "locator",
"xlink_href": "#P334405.l024b8",
"xlink_role": "elt"}
]}
,
{
"type": "linkset",
"xlink_title": "ina pān[in the presence of//at the disposal of]PRP'PRP",
"id": "P334405.ls00003",
"xlink_type": "extended",
"xlink_role": "psu",
"sig": "{ina[in]PRP pānu[front]N += ina pān[in the presence of//at the disposal of]PRP'PRP}::@saao%akk-x-neoass:ina=ina[in//into]PRP'PRP$ina++@saao%akk-x-neoass:IGI=pānu[front//front]N'N$pān",
"links": [
{
"type": "link",
"xlink_title": "ina",
"xlink_type": "locator",
"xlink_href": "#P334405.l024c6",
"xlink_role": "elt"}
,
{
"type": "link",
"xlink_title": "pān",
"xlink_type": "locator",
"xlink_href": "#P334405.l024c7",
"xlink_role": "elt"}
]}
]}
]}
