{
"type": "cdl",
  "source": "http://oracc.org/saao/saa05",
  "license": "This data is released under the CC0 license",
  "license-url": "https://creativecommons.org/publicdomain/zero/1.0/",
  "more-info": "http://oracc.org/doc/opendata/",
  "UTC-timestamp": "2017-05-19T11:27:46",
"project": "saao/saa05",
"textid": "P334279",
"cdl": [
{
"node": "c",
"type": "text",
"id": "P334279.U0",
"cdl": [
{
"node": "d",
"type": "object",
"ref": ""}
,
{
"node": "d",
"subtype": "obverse",
"type": "surface",
"ref": "P334279.o.1",
"type": "obverse",
"label": "o"}
,
{
"node": "c",
"type": "discourse",
"subtype": "body",
"id": "P334279.U1",
"cdl": [
{
"node": "c",
"type": "sentence",
"id": "P334279.U2",
"label": "o 1 - e. 4",
"cdl": [
{
"node": "d",
"type": "line-start",
"ref": "P334279.2",
"n": "1",
"label": "o 1"}
,
{
"node": "l",
"frag": "a-na\\td",
"id": "P334279.l04c18",
"ref": "P334279.2.1",
"inst": "ana[to]PRP",
"sig": "@saao/saa05%akk-x-neoass:a-na=ana[to//to]PRP'PRP$ana",
"f": {"lang": "akk-x-neoass",
"form": "a-na",
"cf": "ana",
"gw": "to",
"sense": "to",
"norm": "ana",
"pos": "PRP",
"epos": "PRP"}
}
,
{
"node": "l",
"frag": "LUGAL",
"id": "P334279.l04c19",
"ref": "P334279.2.2",
"inst": "šarri[king]N",
"sig": "@saao/saa05%akk-x-neoass:LUGAL=šarru[king//king]N'N$šarri",
"f": {"lang": "akk-x-neoass",
"form": "LUGAL",
"cf": "šarru",
"gw": "king",
"sense": "king",
"norm": "šarri",
"pos": "N",
"epos": "N"}
}
,
{
"node": "l",
"frag": "EN-ia",
"id": "P334279.l04c1a",
"ref": "P334279.2.3",
"inst": "bēlīya[lord]N",
"sig": "@saao/saa05%akk-x-neoass:EN-ia=bēlu[lord//lord]N'N$bēlīya",
"f": {"lang": "akk-x-neoass",
"form": "EN-ia",
"cf": "bēlu",
"gw": "lord",
"sense": "lord",
"norm": "bēlīya",
"pos": "N",
"epos": "N"}
}
,
{
"node": "d",
"type": "line-start",
"ref": "P334279.3",
"n": "2",
"label": "o 2"}
,
{
"node": "l",
"frag": "ARAD-ka",
"id": "P334279.l04c1b",
"ref": "P334279.3.1",
"inst": "urdaka[servant]N",
"sig": "@saao/saa05%akk-x-neoass:ARAD-ka=ardu[slave//servant]N'N$urdaka",
"f": {"lang": "akk-x-neoass",
"form": "ARAD-ka",
"cf": "ardu",
"gw": "slave",
"sense": "servant",
"norm": "urdaka",
"pos": "N",
"epos": "N"}
}
,
{
"node": "l",
"frag": "{1}{d}UTU-EN-PAB",
"id": "P334279.l04c1c",
"ref": "P334279.3.2",
"inst": "Šamaš-belu-uṣur[]PN$",
"sig": "@saao/saa05%akk-x-neoass:{1}{d}UTU-EN-PAB=Šamaš-belu-uṣur[1//1]PN'PN$Šamaš-belu-uṣur",
"f": {"lang": "akk-x-neoass",
"form": "{1}{d}UTU-EN-PAB",
"cf": "Šamaš-belu-uṣur",
"gw": "1",
"sense": "1",
"norm": "Šamaš-belu-uṣur",
"pos": "PN",
"epos": "PN"}
}
,
{
"node": "d",
"type": "line-start",
"ref": "P334279.4",
"n": "3",
"label": "o 3"}
,
{
"node": "l",
"frag": "lu",
"id": "P334279.l04c1d",
"ref": "P334279.4.1",
"inst": "lū[may]MOD",
"sig": "@saao/saa05%akk-x-neoass:lu=lū[may//may]MOD'MOD$lū",
"f": {"lang": "akk-x-neoass",
"form": "lu",
"cf": "lū",
"gw": "may",
"sense": "may",
"norm": "lū",
"pos": "MOD",
"epos": "MOD"}
}
,
{
"node": "l",
"frag": "DI-mu",
"id": "P334279.l04c1e",
"ref": "P334279.4.2",
"inst": "šulmu[health]N",
"sig": "@saao/saa05%akk-x-neoass:DI-mu=šulmu[completeness//health]N'N$šulmu",
"f": {"lang": "akk-x-neoass",
"form": "DI-mu",
"cf": "šulmu",
"gw": "completeness",
"sense": "health",
"norm": "šulmu",
"pos": "N",
"epos": "N"}
}
,
{
"node": "l",
"frag": "a-na\\td",
"id": "P334279.l04c1f",
"ref": "P334279.4.3",
"inst": "ana[to]PRP",
"sig": "@saao/saa05%akk-x-neoass:a-na=ana[to//to]PRP'PRP$ana",
"f": {"lang": "akk-x-neoass",
"form": "a-na",
"cf": "ana",
"gw": "to",
"sense": "to",
"norm": "ana",
"pos": "PRP",
"epos": "PRP"}
}
,
{
"node": "l",
"frag": "LUGAL",
"id": "P334279.l04c20",
"ref": "P334279.4.4",
"inst": "šarri[king]N",
"sig": "@saao/saa05%akk-x-neoass:LUGAL=šarru[king//king]N'N$šarri",
"f": {"lang": "akk-x-neoass",
"form": "LUGAL",
"cf": "šarru",
"gw": "king",
"sense": "king",
"norm": "šarri",
"pos": "N",
"epos": "N"}
}
,
{
"node": "l",
"frag": "EN-ia₂",
"id": "P334279.l04c21",
"ref": "P334279.4.5",
"inst": "bēlīya[lord]N",
"sig": "@saao/saa05%akk-x-neoass:EN-ia₂=bēlu[lord//lord]N'N$bēlīya",
"f": {"lang": "akk-x-neoass",
"form": "EN-ia₂",
"cf": "bēlu",
"gw": "lord",
"sense": "lord",
"norm": "bēlīya",
"pos": "N",
"epos": "N"}
}
,
{
"node": "d",
"type": "line-start",
"ref": "P334279.5",
"n": "4",
"label": "o 4"}
,
{
"node": "c",
"type": "phrase",
"tag": "phr",
"id": "P334279.U4",
"ref": "P334279.ls00000",
"cdl": [
{
"node": "l",
"frag": "ina",
"id": "P334279.l04c22",
"ref": "P334279.5.1",
"inst": "ina[in+=concerning]PRP",
"sig": "@saao/saa05%akk-x-neoass:ina=ina[in//in]PRP'PRP$ina",
"f": {"lang": "akk-x-neoass",
"form": "ina",
"cf": "ina",
"gw": "in",
"sense": "in",
"norm": "ina",
"pos": "PRP",
"epos": "PRP"}
}
,
{
"node": "l",
"frag": "UGU",
"id": "P334279.l04c23",
"ref": "P334279.5.2",
"inst": "muhhi[skull]N",
"sig": "@saao/saa05%akk-x-neoass:UGU=muhhu[skull//skull]N'N$muhhi",
"f": {"lang": "akk-x-neoass",
"form": "UGU",
"cf": "muhhu",
"gw": "skull",
"sense": "skull",
"norm": "muhhi",
"pos": "N",
"epos": "N"}
}
]}
,
{
"node": "l",
"frag": "ka-li-ie",
"id": "P334279.l04c24",
"ref": "P334279.5.3",
"inst": "kallû[express messenger]N$kallie",
"sig": "@saao/saa05%akk-x-neoass:ka-li-ie=kallû[express messenger//express messenger]N'N$kallie",
"f": {"lang": "akk-x-neoass",
"form": "ka-li-ie",
"cf": "kallû",
"gw": "express messenger",
"sense": "express messenger",
"norm": "kallie",
"pos": "N",
"epos": "N"}
}
,
{
"node": "l",
"frag": "ša\\dm",
"id": "P334279.l04c25",
"ref": "P334279.5.4",
"inst": "ša[which]REL",
"sig": "@saao/saa05%akk-x-neoass:ša=ša[that//which]REL'REL$ša",
"f": {"lang": "akk-x-neoass",
"form": "ša",
"cf": "ša",
"gw": "that",
"sense": "which",
"norm": "ša",
"pos": "REL",
"epos": "REL"}
}
,
{
"node": "l",
"frag": "LUGAL",
"id": "P334279.l04c26",
"ref": "P334279.5.5",
"inst": "šarru[king]N",
"sig": "@saao/saa05%akk-x-neoass:LUGAL=šarru[king//king]N'N$šarru",
"f": {"lang": "akk-x-neoass",
"form": "LUGAL",
"cf": "šarru",
"gw": "king",
"sense": "king",
"norm": "šarru",
"pos": "N",
"epos": "N"}
}
,
{
"node": "l",
"frag": "be-li₂",
"id": "P334279.l04c27",
"ref": "P334279.5.6",
"inst": "bēlī[lord]N",
"sig": "@saao/saa05%akk-x-neoass:be-li₂=bēlu[lord//lord]N'N$bēlī",
"f": {"lang": "akk-x-neoass",
"form": "be-li₂",
"cf": "bēlu",
"gw": "lord",
"sense": "lord",
"norm": "bēlī",
"pos": "N",
"epos": "N"}
}
,
{
"node": "d",
"type": "line-start",
"ref": "P334279.6",
"n": "5",
"label": "o 5"}
,
{
"node": "l",
"frag": "ŠU.2",
"id": "P334279.l04c28",
"ref": "P334279.6.1",
"inst": "!qātē[hand]N",
"sig": "@saao/saa05%akk-x-neoass:ŠU.2=qātu[hand//hand]N'N$qātē",
"f": {"lang": "akk-x-neoass",
"form": "ŠU.2",
"cf": "qātu",
"gw": "hand",
"sense": "hand",
"norm": "qātē",
"pos": "N",
"epos": "N"}
}
,
{
"node": "l",
"frag": "{1}{uru}arba-il₃-a.a",
"id": "P334279.l04c29",
"ref": "P334279.6.2",
"inst": "Arbailayu[1]PN",
"sig": "@saao/saa05%akk-x-neoass:{1}{URU}arba-il₃-a.a=Arbailayu[1//1]PN'PN$Arbailaya",
"f": {"lang": "akk-x-neoass",
"form": "{1}{URU}arba-il₃-a.a",
"cf": "Arbailayu",
"gw": "1",
"sense": "1",
"norm": "Arbailaya",
"pos": "PN",
"epos": "PN"}
}
,
{
"node": "l",
"frag": "iš-pur-an-ni",
"id": "P334279.l04c2a",
"ref": "P334279.6.3",
"inst": "išpuranni[write]V",
"sig": "@saao/saa05%akk-x-neoass:iš-pur-an-ni=šapāru[send//write]V'V$išpuranni",
"f": {"lang": "akk-x-neoass",
"form": "iš-pur-an-ni",
"cf": "šapāru",
"gw": "send",
"sense": "write",
"norm": "išpuranni",
"pos": "V",
"epos": "V"}
}
,
{
"node": "d",
"type": "line-start",
"ref": "P334279.7",
"n": "6",
"label": "o 6"}
,
{
"node": "l",
"frag": "ma",
"id": "P334279.l04c2b",
"ref": "P334279.7.1",
"inst": "mā[saying]PRP",
"sig": "@saao/saa05%akk-x-neoass:ma=mā[saying//saying]PRP'PRP$mā",
"f": {"lang": "akk-x-neoass",
"form": "ma",
"cf": "mā",
"gw": "saying",
"sense": "saying",
"norm": "mā",
"pos": "PRP",
"epos": "PRP"}
}
,
{
"node": "l",
"frag": "a-ta-a",
"id": "P334279.l04c2c",
"ref": "P334279.7.2",
"inst": "atâ[why?]QP",
"sig": "@saao/saa05%akk-x-neoass:a-ta-a=atā[why?//why?]QP'QP$atâ",
"f": {"lang": "akk-x-neoass",
"form": "a-ta-a",
"cf": "atā",
"gw": "why?",
"sense": "why?",
"norm": "atâ",
"pos": "QP",
"epos": "QP"}
}
,
{
"node": "l",
"frag": "ka-li-iu-u",
"id": "P334279.l04c2d",
"ref": "P334279.7.3",
"inst": "kallû[express messenger]N$kalliu",
"sig": "@saao/saa05%akk-x-neoass:ka-li-iu-u=kallû[express messenger//express messenger]N'N$kalliu",
"f": {"lang": "akk-x-neoass",
"form": "ka-li-iu-u",
"cf": "kallû",
"gw": "express messenger",
"sense": "express messenger",
"norm": "kalliu",
"pos": "N",
"epos": "N"}
}
,
{
"node": "l",
"frag": "la-šu₂",
"id": "P334279.l04c2e",
"ref": "P334279.7.4",
"inst": "laššu[(there) is not]V",
"sig": "@saao/saa05%akk-x-neoass:la-šu₂=laššu[(there) is not//(there) is not]V'V$laššu",
"f": {"lang": "akk-x-neoass",
"form": "la-šu₂",
"cf": "laššu",
"gw": "(there) is not",
"sense": "(there) is not",
"norm": "laššu",
"pos": "V",
"epos": "V"}
}
,
{
"node": "d",
"type": "line-start",
"ref": "P334279.8",
"n": "7",
"label": "o 7"}
,
{
"node": "l",
"frag": "ki-i",
"id": "P334279.l04c2f",
"ref": "P334279.8.1",
"inst": "kī[like//when]PRP'SBJ$kî",
"sig": "@saao/saa05%akk-x-neoass:ki-i=kī[like//when]PRP'SBJ$kî",
"f": {"lang": "akk-x-neoass",
"form": "ki-i",
"cf": "kī",
"gw": "like",
"sense": "when",
"norm": "kî",
"pos": "PRP",
"epos": "SBJ"}
}
,
{
"node": "l",
"frag": "TA@v\\m",
"id": "P334279.l04c30",
"ref": "P334279.8.2",
"inst": "issi[with]PRP",
"sig": "@saao/saa05%akk-x-neoass:TA@v=išti[with//with]PRP'PRP$issi",
"f": {"lang": "akk-x-neoass",
"form": "TA@v",
"cf": "išti",
"gw": "with",
"sense": "with",
"norm": "issi",
"pos": "PRP",
"epos": "PRP"}
}
,
{
"node": "l",
"frag": "{1}SUHUŠ\\t-KASKAL",
"id": "P334279.l04c31",
"ref": "P334279.8.3",
"inst": "Ubru-Harran[]PN$",
"sig": "@saao/saa05%akk-x-neoass:{1}SUHUŠ-KASKAL=Ubru-Harran[1//1]PN'PN$Ubru-Harran",
"f": {"lang": "akk-x-neoass",
"form": "{1}SUHUŠ-KASKAL",
"cf": "Ubru-Harran",
"gw": "1",
"sense": "1",
"norm": "Ubru-Harran",
"pos": "PN",
"epos": "PN"}
}
,
{
"node": "l",
"frag": "{lu₂vy}qur-bu-te",
"id": "P334279.l04c32",
"ref": "P334279.8.4",
"inst": "ša-qurbūte[(royal) confidant]N",
"sig": "@saao/saa05%akk-x-neoass:{LU₂}qur-bu-te=ša-qurbūti[close follower//(royal) confidant]N'N$ša-qurbūte",
"f": {"lang": "akk-x-neoass",
"form": "{LU₂}qur-bu-te",
"cf": "ša-qurbūti",
"gw": "close follower",
"sense": "(royal) confidant",
"norm": "ša-qurbūte",
"pos": "N",
"epos": "N"}
}
,
{
"node": "d",
"type": "line-start",
"ref": "P334279.9",
"n": "8",
"label": "o 8"}
,
{
"node": "l",
"frag": "i-li-kan-a-ni",
"id": "P334279.l04c33",
"ref": "P334279.9.1",
"inst": "alāku[go//come]V$illikannāni",
"sig": "@saao/saa05%akk-x-neoass:i-li-kan-a-ni=alāku[go//come]V'V$illikannāni",
"f": {"lang": "akk-x-neoass",
"form": "i-li-kan-a-ni",
"cf": "alāku",
"gw": "go",
"sense": "come",
"norm": "illikannāni",
"pos": "V",
"epos": "V"}
}
,
{
"node": "l",
"frag": "a-na\\td-ku",
"id": "P334279.l04c34",
"ref": "P334279.9.2",
"inst": "anāku[I]IP",
"sig": "@saao/saa05%akk-x-neoass:a-na-ku=anāku[I//I]IP'IP$anāku",
"f": {"lang": "akk-x-neoass",
"form": "a-na-ku",
"cf": "anāku",
"gw": "I",
"sense": "I",
"norm": "anāku",
"pos": "IP",
"epos": "IP"}
}
,
{
"node": "l",
"frag": "ina",
"id": "P334279.l04c35",
"ref": "P334279.9.3",
"inst": "ina[in]PRP",
"sig": "@saao/saa05%akk-x-neoass:ina=ina[in//in]PRP'PRP$ina",
"f": {"lang": "akk-x-neoass",
"form": "ina",
"cf": "ina",
"gw": "in",
"sense": "in",
"norm": "ina",
"pos": "PRP",
"epos": "PRP"}
}
,
{
"node": "l",
"frag": "{uru}ur-zu\\t-hi-na\\td",
"id": "P334279.l04c36",
"ref": "P334279.9.4",
"inst": "Urzuhina[1]GN",
"sig": "@saao/saa05%akk-x-neoass:{URU}ur-zu-hi-na=Arzuhina[1//1]GN'GN$Urzuhina",
"f": {"lang": "akk-x-neoass",
"form": "{URU}ur-zu-hi-na",
"cf": "Arzuhina",
"gw": "1",
"sense": "1",
"norm": "Urzuhina",
"pos": "GN",
"epos": "GN"}
}
,
{
"node": "d",
"type": "line-start",
"ref": "P334279.10",
"n": "9",
"label": "o 9"}
,
{
"node": "c",
"type": "phrase",
"tag": "phr",
"id": "P334279.U5",
"ref": "P334279.ls00001",
"cdl": [
{
"node": "l",
"frag": "i-pa-na\\td-tu₂-šu₂-nu",
"id": "P334279.l04c37",
"ref": "P334279.10.1",
"cof-tails": "P334279.l04c38",
"inst": "ina[in+=before]PRP$&pānātu[front]N$pānātuššunu",
"sig": "@saao/saa05%akk-x-neoass:i-pa-na-tu₂-šu₂-nu=ina[in//in]PRP'PRP$ina&&@saao%akk-x-neoass:=pānātu[front//front]N'N$pānātuššunu",
"f": {"lang": "akk-x-neoass",
"form": "i-pa-na-tu₂-šu₂-nu",
"cf": "ina",
"gw": "in",
"sense": "in",
"norm": "ina",
"pos": "PRP",
"epos": "PRP"}
}
,
{
"node": "l",
"frag": "i-pa-na\\td-tu₂-šu₂-nu",
"id": "P334279.l04c38",
"ref": "P334279.10.1",
"cof-head": "P334279.l04c37",
"inst": "ina[in+=before]PRP$&pānātu[front]N$pānātuššunu",
"tail-sig": "@saao%akk-x-neoass:=pānātu[front//front]N'N$pānātuššunu",
"f": {"lang": "akk-x-neoass",
"form": "i-pa-na-tu₂-šu₂-nu",
"cf": "pānātu",
"gw": "front",
"sense": "front",
"norm": "pānātuššunu",
"pos": "N",
"epos": "N"}
}
]}
,
{
"node": "l",
"frag": "02",
"id": "P334279.l04c39",
"ref": "P334279.10.2",
"inst": "n",
"f": {"lang": "akk-x-neoass",
"form": "02",
"pos": "n"}
}
,
{
"node": "l",
"frag": "{anše}ku-din",
"id": "P334279.l04c3a",
"ref": "P334279.10.3",
"inst": "kūdin[mule]N",
"sig": "@saao/saa05%akk-x-neoass:{ANŠE}ku-din=kūdanu[mule//mule]N'N$kūdin",
"f": {"lang": "akk-x-neoass",
"form": "{ANŠE}ku-din",
"cf": "kūdanu",
"gw": "mule",
"sense": "mule",
"norm": "kūdin",
"pos": "N",
"epos": "N"}
}
,
{
"node": "d",
"type": "line-start",
"ref": "P334279.11",
"n": "10",
"label": "o 10"}
,
{
"node": "l",
"frag": "ina",
"id": "P334279.l04c3b",
"ref": "P334279.11.1",
"inst": "ina[in]PRP",
"sig": "@saao/saa05%akk-x-neoass:ina=ina[in//in]PRP'PRP$ina",
"f": {"lang": "akk-x-neoass",
"form": "ina",
"cf": "ina",
"gw": "in",
"sense": "in",
"norm": "ina",
"pos": "PRP",
"epos": "PRP"}
}
,
{
"node": "l",
"frag": "KI.TA",
"id": "P334279.l04c3c",
"ref": "P334279.11.2",
"inst": "šapal[under]'PRP",
"sig": "@saao/saa05%akk-x-neoass:KI.TA=šaplu[underside//under]N'PRP$šapal",
"f": {"lang": "akk-x-neoass",
"form": "KI.TA",
"cf": "šaplu",
"gw": "underside",
"sense": "under",
"norm": "šapal",
"pos": "N",
"epos": "PRP"}
}
,
{
"node": "l",
"frag": "{1}SUHUŠ\\t-KASKAL",
"id": "P334279.l04c3d",
"ref": "P334279.11.3",
"inst": "Ubru-Harran[1]PN",
"sig": "@saao/saa05%akk-x-neoass:{1}SUHUŠ-KASKAL=Ubru-Harran[1//1]PN'PN$Ubru-Harran",
"f": {"lang": "akk-x-neoass",
"form": "{1}SUHUŠ-KASKAL",
"cf": "Ubru-Harran",
"gw": "1",
"sense": "1",
"norm": "Ubru-Harran",
"pos": "PN",
"epos": "PN"}
}
,
{
"node": "l",
"frag": "ar-ta-kas",
"id": "P334279.l04c3e",
"ref": "P334279.11.4",
"inst": "rakāsu[bind//attach]V$artakas",
"sig": "@saao/saa05%akk-x-neoass:ar-ta-kas=rakāsu[bind//attach]V'V$artakas",
"f": {"lang": "akk-x-neoass",
"form": "ar-ta-kas",
"cf": "rakāsu",
"gw": "bind",
"sense": "attach",
"norm": "artakas",
"pos": "V",
"epos": "V"}
}
,
{
"node": "d",
"type": "line-start",
"ref": "P334279.12",
"n": "11",
"label": "o 11"}
,
{
"node": "l",
"frag": "ina",
"id": "P334279.l04c3f",
"ref": "P334279.12.1",
"inst": "ina[to]PRP",
"sig": "@saao/saa05%akk-x-neoass:ina=ina[in//to]PRP'PRP$ina",
"f": {"lang": "akk-x-neoass",
"form": "ina",
"cf": "ina",
"gw": "in",
"sense": "to",
"norm": "ina",
"pos": "PRP",
"epos": "PRP"}
}
,
{
"node": "l",
"frag": "{uru}arrap-ha",
"id": "P334279.l04c40",
"ref": "P334279.12.2",
"inst": "Arrapha[1]GN",
"sig": "@saao/saa05%akk-x-neoass:{URU}arrap-ha=Arrapha[1//1]GN'GN$Arrapha",
"f": {"lang": "akk-x-neoass",
"form": "{URU}arrap-ha",
"cf": "Arrapha",
"gw": "1",
"sense": "1",
"norm": "Arrapha",
"pos": "GN",
"epos": "GN"}
}
,
{
"node": "l",
"frag": "i-ṣa-bat",
"id": "P334279.l04c41",
"ref": "P334279.12.3",
"inst": "iṣṣabat[seize]V",
"sig": "@saao/saa05%akk-x-neoass:i-ṣa-bat=ṣabātu[seize//seize]V'V$iṣṣabat",
"f": {"lang": "akk-x-neoass",
"form": "i-ṣa-bat",
"cf": "ṣabātu",
"gw": "seize",
"sense": "seize",
"norm": "iṣṣabat",
"pos": "V",
"epos": "V"}
}
,
{
"node": "l",
"frag": "02",
"id": "P334279.l04c42",
"ref": "P334279.12.4",
"inst": "n",
"f": {"lang": "akk-x-neoass",
"form": "02",
"pos": "n"}
}
,
{
"node": "l",
"frag": "{anše}ku-din",
"id": "P334279.l04c43",
"ref": "P334279.12.5",
"inst": "kūdin[mule]N",
"sig": "@saao/saa05%akk-x-neoass:{ANŠE}ku-din=kūdanu[mule//mule]N'N$kūdin",
"f": {"lang": "akk-x-neoass",
"form": "{ANŠE}ku-din",
"cf": "kūdanu",
"gw": "mule",
"sense": "mule",
"norm": "kūdin",
"pos": "N",
"epos": "N"}
}
,
{
"node": "d",
"type": "line-start",
"ref": "P334279.13",
"n": "12",
"label": "o 12"}
,
{
"node": "l",
"frag": "ina",
"id": "P334279.l04c44",
"ref": "P334279.13.1",
"inst": "ina[in]PRP",
"sig": "@saao/saa05%akk-x-neoass:ina=ina[in//in]PRP'PRP$ina",
"f": {"lang": "akk-x-neoass",
"form": "ina",
"cf": "ina",
"gw": "in",
"sense": "in",
"norm": "ina",
"pos": "PRP",
"epos": "PRP"}
}
,
{
"node": "l",
"frag": "KI.TA",
"id": "P334279.l04c45",
"ref": "P334279.13.2",
"inst": "šapal[under]'PRP",
"sig": "@saao/saa05%akk-x-neoass:KI.TA=šaplu[underside//under]N'PRP$šapal",
"f": {"lang": "akk-x-neoass",
"form": "KI.TA",
"cf": "šaplu",
"gw": "underside",
"sense": "under",
"norm": "šapal",
"pos": "N",
"epos": "PRP"}
}
,
{
"node": "l",
"frag": "{1}{uru}arba-il₃-a.a",
"id": "P334279.l04c46",
"ref": "P334279.13.3",
"inst": "Arbailaya[1]PN",
"sig": "@saao/saa05%akk-x-neoass:{1}{URU}arba-il₃-a.a=Arbailayu[1//1]PN'PN$Arbailaya",
"f": {"lang": "akk-x-neoass",
"form": "{1}{URU}arba-il₃-a.a",
"cf": "Arbailayu",
"gw": "1",
"sense": "1",
"norm": "Arbailaya",
"pos": "PN",
"epos": "PN"}
}
,
{
"node": "l",
"frag": "ir-ta-kas",
"id": "P334279.l04c47",
"ref": "P334279.13.4",
"inst": "rakāsu[bind//attach]V$irtakas",
"sig": "@saao/saa05%akk-x-neoass:ir-ta-kas=rakāsu[bind//attach]V'V$irtakas",
"f": {"lang": "akk-x-neoass",
"form": "ir-ta-kas",
"cf": "rakāsu",
"gw": "bind",
"sense": "attach",
"norm": "irtakas",
"pos": "V",
"epos": "V"}
}
,
{
"node": "d",
"type": "line-start",
"ref": "P334279.14",
"n": "13",
"label": "o 13"}
,
{
"node": "l",
"frag": "a-na\\td",
"id": "P334279.l04c48",
"ref": "P334279.14.1",
"inst": "ana[for]PRP",
"sig": "@saao/saa05%akk-x-neoass:a-na=ana[to//for]PRP'PRP$ana",
"f": {"lang": "akk-x-neoass",
"form": "a-na",
"cf": "ana",
"gw": "to",
"sense": "for",
"norm": "ana",
"pos": "PRP",
"epos": "PRP"}
}
,
{
"node": "l",
"frag": "{kur}ma-za-mu",
"id": "P334279.l04c49",
"ref": "P334279.14.2",
"inst": "Mazamua[]GN$Mazamu",
"sig": "@saao/saa05%akk-x-neoass:{KUR}ma-za-mu=Mazamua[1//1]GN'GN$Mazamu",
"f": {"lang": "akk-x-neoass",
"form": "{KUR}ma-za-mu",
"cf": "Mazamua",
"gw": "1",
"sense": "1",
"norm": "Mazamu",
"pos": "GN",
"epos": "GN"}
}
,
{
"node": "l",
"frag": "i-ta-lak",
"id": "P334279.l04c4a",
"ref": "P334279.14.3",
"inst": "ittalak[go]V",
"sig": "@saao/saa05%akk-x-neoass:i-ta-lak=alāku[go//go]V'V$ittalak",
"f": {"lang": "akk-x-neoass",
"form": "i-ta-lak",
"cf": "alāku",
"gw": "go",
"sense": "go",
"norm": "ittalak",
"pos": "V",
"epos": "V"}
}
,
{
"node": "d",
"type": "line-start",
"ref": "P334279.15",
"n": "14",
"label": "o 14"}
,
{
"node": "l",
"frag": "LUGAL",
"id": "P334279.l04c4b",
"ref": "P334279.15.1",
"inst": "šarru[king]N",
"sig": "@saao/saa05%akk-x-neoass:LUGAL=šarru[king//king]N'N$šarru",
"f": {"lang": "akk-x-neoass",
"form": "LUGAL",
"cf": "šarru",
"gw": "king",
"sense": "king",
"norm": "šarru",
"pos": "N",
"epos": "N"}
}
,
{
"node": "l",
"frag": "be-li₂",
"id": "P334279.l04c4c",
"ref": "P334279.15.2",
"inst": "bēlī[lord]N",
"sig": "@saao/saa05%akk-x-neoass:be-li₂=bēlu[lord//lord]N'N$bēlī",
"f": {"lang": "akk-x-neoass",
"form": "be-li₂",
"cf": "bēlu",
"gw": "lord",
"sense": "lord",
"norm": "bēlī",
"pos": "N",
"epos": "N"}
}
,
{
"node": "l",
"frag": "liš\\d-⸢al",
"id": "P334279.l04c4d",
"ref": "P334279.15.3",
"inst": "lišʾal[ask]V",
"sig": "@saao/saa05%akk-x-neoass:liš-al=šâlu[ask//ask]V'V$lišʾal",
"f": {"lang": "akk-x-neoass",
"form": "liš-al",
"cf": "šâlu",
"gw": "ask",
"sense": "ask",
"norm": "lišʾal",
"pos": "V",
"epos": "V"}
}
,
{
"node": "l",
"frag": "šum₂⸣-ma",
"id": "P334279.l04c4e",
"ref": "P334279.15.4",
"inst": "šumma[if]MOD",
"sig": "@saao/saa05%akk-x-neoass:šum₂-ma=šumma[if//if]MOD'MOD$šumma",
"f": {"lang": "akk-x-neoass",
"form": "šum₂-ma",
"cf": "šumma",
"gw": "if",
"sense": "if",
"norm": "šumma",
"pos": "MOD",
"epos": "MOD"}
}
,
{
"node": "l",
"frag": "la",
"id": "P334279.l04c4f",
"ref": "P334279.15.5",
"inst": "lā[not]MOD",
"sig": "@saao/saa05%akk-x-neoass:la=lā[not//not]MOD'MOD$lā",
"f": {"lang": "akk-x-neoass",
"form": "la",
"cf": "lā",
"gw": "not",
"sense": "not",
"norm": "lā",
"pos": "MOD",
"epos": "MOD"}
}
,
{
"node": "d",
"type": "line-start",
"ref": "P334279.16",
"n": "15",
"label": "o 15"}
,
{
"node": "l",
"frag": "u₂-ru-u",
"id": "P334279.l04c50",
"ref": "P334279.16.1",
"inst": "urû[team//team (of equids)]N$",
"sig": "@saao/saa05%akk-x-neoass:u₂-ru-u=urû[team//team (of equids)]N'N$urû",
"f": {"lang": "akk-x-neoass",
"form": "u₂-ru-u",
"cf": "urû",
"gw": "team",
"sense": "team (of equids)",
"norm": "urû",
"pos": "N",
"epos": "N"}
}
,
{
"node": "l",
"frag": "ša\\d",
"id": "P334279.l04c51",
"ref": "P334279.16.2",
"inst": "ša[of]DET",
"sig": "@saao/saa05%akk-x-neoass:ša=ša[of//of]DET'DET$ša",
"f": {"lang": "akk-x-neoass",
"form": "ša",
"cf": "ša",
"gw": "of",
"sense": "of",
"norm": "ša",
"pos": "DET",
"epos": "DET"}
}
,
{
"node": "l",
"frag": "{⸢anše⸣}[ku-din]",
"id": "P334279.l04c52",
"ref": "P334279.16.3",
"inst": "kūdin[mule]N",
"sig": "@saao/saa05%akk-x-neoass:{ANŠE}ku-din=kūdanu[mule//mule]N'N$kūdin",
"f": {"lang": "akk-x-neoass",
"form": "{ANŠE}ku-din",
"cf": "kūdanu",
"gw": "mule",
"sense": "mule",
"norm": "kūdin",
"pos": "N",
"epos": "N"}
}
,
{
"node": "l",
"frag": "ina",
"id": "P334279.l04c53",
"ref": "P334279.16.4",
"inst": "ina[in]PRP",
"sig": "@saao/saa05%akk-x-neoass:ina=ina[in//in]PRP'PRP$ina",
"f": {"lang": "akk-x-neoass",
"form": "ina",
"cf": "ina",
"gw": "in",
"sense": "in",
"norm": "ina",
"pos": "PRP",
"epos": "PRP"}
}
,
{
"node": "l",
"frag": "{uru}BAD₃-ta-li-ti\\t",
"id": "P334279.l04c54",
"ref": "P334279.16.5",
"inst": "Dur-Taliti[]GN$",
"sig": "@saao/saa05%akk-x-neoass:{URU}BAD₃-ta-li-ti=Dur-Taliti[1//1]GN'GN$Dur-Taliti",
"f": {"lang": "akk-x-neoass",
"form": "{URU}BAD₃-ta-li-ti",
"cf": "Dur-Taliti",
"gw": "1",
"sense": "1",
"norm": "Dur-Taliti",
"pos": "GN",
"epos": "GN"}
}
,
{
"node": "d",
"type": "line-start",
"ref": "P334279.17",
"n": "16",
"label": "o 16"}
,
{
"node": "l",
"frag": "u₂-ru-u",
"id": "P334279.l04c55",
"ref": "P334279.17.1",
"inst": "urû[team//team (of equids)]N$",
"sig": "@saao/saa05%akk-x-neoass:u₂-ru-u=urû[team//team (of equids)]N'N$urû",
"f": {"lang": "akk-x-neoass",
"form": "u₂-ru-u",
"cf": "urû",
"gw": "team",
"sense": "team (of equids)",
"norm": "urû",
"pos": "N",
"epos": "N"}
}
,
{
"node": "l",
"frag": "ša\\d",
"id": "P334279.l04c56",
"ref": "P334279.17.2",
"inst": "ša[of]DET",
"sig": "@saao/saa05%akk-x-neoass:ša=ša[of//of]DET'DET$ša",
"f": {"lang": "akk-x-neoass",
"form": "ša",
"cf": "ša",
"gw": "of",
"sense": "of",
"norm": "ša",
"pos": "DET",
"epos": "DET"}
}
,
{
"node": "l",
"frag": "{anše}⸢ku-din⸣",
"id": "P334279.l04c57",
"ref": "P334279.17.3",
"inst": "kūdin[mule]N",
"sig": "@saao/saa05%akk-x-neoass:{ANŠE}ku-din=kūdanu[mule//mule]N'N$kūdin",
"f": {"lang": "akk-x-neoass",
"form": "{ANŠE}ku-din",
"cf": "kūdanu",
"gw": "mule",
"sense": "mule",
"norm": "kūdin",
"pos": "N",
"epos": "N"}
}
,
{
"node": "l",
"frag": "ina",
"id": "P334279.l04c58",
"ref": "P334279.17.4",
"inst": "ina[in]PRP",
"sig": "@saao/saa05%akk-x-neoass:ina=ina[in//in]PRP'PRP$ina",
"f": {"lang": "akk-x-neoass",
"form": "ina",
"cf": "ina",
"gw": "in",
"sense": "in",
"norm": "ina",
"pos": "PRP",
"epos": "PRP"}
}
,
{
"node": "l",
"frag": "{uru}ta-ga-la-gi",
"id": "P334279.l04c59",
"ref": "P334279.17.5",
"inst": "Tagalagi[]GN$",
"sig": "@saao/saa05%akk-x-neoass:{URU}ta-ga-la-gi=Tagalagi[1//1]GN'GN$Tagalagi",
"f": {"lang": "akk-x-neoass",
"form": "{URU}ta-ga-la-gi",
"cf": "Tagalagi",
"gw": "1",
"sense": "1",
"norm": "Tagalagi",
"pos": "GN",
"epos": "GN"}
}
,
{
"node": "d",
"type": "line-start",
"ref": "P334279.18",
"n": "17",
"label": "o 17"}
,
{
"node": "l",
"frag": "u₂-ša₂-zi-zu\\t-u₂\\m-ni",
"id": "P334279.l04c5a",
"ref": "P334279.18.1",
"inst": "izuzzu[stand//station]V$ušazzizūni",
"sig": "@saao/saa05%akk-x-neoass:u₂-ša₂-zi-zu-u₂-ni=izuzzu[stand//station]V'V$ušazzizūni",
"f": {"lang": "akk-x-neoass",
"form": "u₂-ša₂-zi-zu-u₂-ni",
"cf": "izuzzu",
"gw": "stand",
"sense": "station",
"norm": "ušazzizūni",
"pos": "V",
"epos": "V"}
}
,
{
"node": "d",
"type": "line-start",
"ref": "P334279.19",
"n": "18",
"label": "o 18"}
,
{
"node": "l",
"frag": "TA@v\\m",
"id": "P334279.l04c5b",
"ref": "P334279.19.1",
"inst": "issu[from]PRP",
"sig": "@saao/saa05%akk-x-neoass:TA@v=ištu[from//from]PRP'PRP$issu",
"f": {"lang": "akk-x-neoass",
"form": "TA@v",
"cf": "ištu",
"gw": "from",
"sense": "from",
"norm": "issu",
"pos": "PRP",
"epos": "PRP"}
}
,
{
"node": "l",
"frag": "{uru}ur-zu\\t-hi-na\\td",
"id": "P334279.l04c5c",
"ref": "P334279.19.2",
"inst": "Urzuhina[1]GN",
"sig": "@saao/saa05%akk-x-neoass:{URU}ur-zu-hi-na=Arzuhina[1//1]GN'GN$Urzuhina",
"f": {"lang": "akk-x-neoass",
"form": "{URU}ur-zu-hi-na",
"cf": "Arzuhina",
"gw": "1",
"sense": "1",
"norm": "Urzuhina",
"pos": "GN",
"epos": "GN"}
}
,
{
"node": "l",
"frag": "i-tu₂-ṣi",
"id": "P334279.l04c5d",
"ref": "P334279.19.3",
"inst": "aṣû[go out]V$ittūṣi",
"sig": "@saao/saa05%akk-x-neoass:i-tu₂-ṣi=aṣû[go out//go out]V'V$ittūṣi",
"f": {"lang": "akk-x-neoass",
"form": "i-tu₂-ṣi",
"cf": "aṣû",
"gw": "go out",
"sense": "go out",
"norm": "ittūṣi",
"pos": "V",
"epos": "V"}
}
,
{
"node": "d",
"type": "line-start",
"ref": "P334279.20",
"n": "19",
"label": "o 19"}
,
{
"node": "l",
"frag": "02",
"id": "P334279.l04c5e",
"ref": "P334279.20.1",
"inst": "n",
"f": {"lang": "akk-x-neoass",
"form": "02",
"pos": "n"}
}
,
{
"node": "l",
"frag": "{anše}ku-din",
"id": "P334279.l04c5f",
"ref": "P334279.20.2",
"inst": "kūdin[mule]N",
"sig": "@saao/saa05%akk-x-neoass:{ANŠE}ku-din=kūdanu[mule//mule]N'N$kūdin",
"f": {"lang": "akk-x-neoass",
"form": "{ANŠE}ku-din",
"cf": "kūdanu",
"gw": "mule",
"sense": "mule",
"norm": "kūdin",
"pos": "N",
"epos": "N"}
}
,
{
"node": "l",
"frag": "ina",
"id": "P334279.l04c60",
"ref": "P334279.20.3",
"inst": "ina[in]PRP",
"sig": "@saao/saa05%akk-x-neoass:ina=ina[in//in]PRP'PRP$ina",
"f": {"lang": "akk-x-neoass",
"form": "ina",
"cf": "ina",
"gw": "in",
"sense": "in",
"norm": "ina",
"pos": "PRP",
"epos": "PRP"}
}
,
{
"node": "l",
"frag": "KI.TA-šu₂",
"id": "P334279.l04c61",
"ref": "P334279.20.4",
"inst": "šaplu[underside//under]N'PRP$šaplīšu",
"sig": "@saao/saa05%akk-x-neoass:KI.TA-šu₂=šaplu[underside//under]N'PRP$šaplīšu",
"f": {"lang": "akk-x-neoass",
"form": "KI.TA-šu₂",
"cf": "šaplu",
"gw": "underside",
"sense": "under",
"norm": "šaplīšu",
"pos": "N",
"epos": "PRP"}
}
,
{
"node": "l",
"frag": "ka-li-iu-u",
"id": "P334279.l04c62",
"ref": "P334279.20.5",
"inst": "kallû[express messenger]N$kalliu",
"sig": "@saao/saa05%akk-x-neoass:ka-li-iu-u=kallû[express messenger//express messenger]N'N$kalliu",
"f": {"lang": "akk-x-neoass",
"form": "ka-li-iu-u",
"cf": "kallû",
"gw": "express messenger",
"sense": "express messenger",
"norm": "kalliu",
"pos": "N",
"epos": "N"}
}
,
{
"node": "d",
"type": "line-start",
"ref": "P334279.21",
"n": "20",
"label": "o 20"}
,
{
"node": "c",
"type": "phrase",
"tag": "phr",
"id": "P334279.U6",
"ref": "P334279.ls00002",
"cdl": [
{
"node": "l",
"frag": "a-na\\dt",
"id": "P334279.l04c63",
"ref": "P334279.21.1",
"inst": "ana[to]PRP",
"sig": "@saao/saa05%akk-x-neoass:a-na=ana[to//to]PRP'PRP$ana",
"f": {"lang": "akk-x-neoass",
"form": "a-na",
"cf": "ana",
"gw": "to",
"sense": "to",
"norm": "ana",
"pos": "PRP",
"epos": "PRP"}
}
,
{
"node": "l",
"frag": "ka-li-e",
"id": "P334279.l04c64",
"ref": "P334279.21.2",
"inst": "kallû[express messenger]N$kallie",
"sig": "@saao/saa05%akk-x-neoass:ka-li-e=kallû[express messenger//express messenger]N'N$kallie",
"f": {"lang": "akk-x-neoass",
"form": "ka-li-e",
"cf": "kallû",
"gw": "express messenger",
"sense": "express messenger",
"norm": "kallie",
"pos": "N",
"epos": "N"}
}
]}
,
{
"node": "l",
"frag": "a-di",
"id": "P334279.l04c65",
"ref": "P334279.21.3",
"inst": "adi[until//as far as]PRP$",
"sig": "@saao/saa05%akk-x-neoass:a-di=adi[until//as far as]PRP'PRP$adi",
"f": {"lang": "akk-x-neoass",
"form": "a-di",
"cf": "adi",
"gw": "until",
"sense": "as far as",
"norm": "adi",
"pos": "PRP",
"epos": "PRP"}
}
,
{
"node": "l",
"frag": "{uru}a-ra-ak\\t-di",
"id": "P334279.l04c66",
"ref": "P334279.21.4",
"inst": "Arrakdi[]GN$",
"sig": "@saao/saa05%akk-x-neoass:{URU}a-ra-ak-di=Arrakdi[1//1]GN'GN$Arrakdi",
"f": {"lang": "akk-x-neoass",
"form": "{URU}a-ra-ak-di",
"cf": "Arrakdi",
"gw": "1",
"sense": "1",
"norm": "Arrakdi",
"pos": "GN",
"epos": "GN"}
}
,
{
"node": "d",
"type": "line-start",
"ref": "P334279.22",
"n": "21",
"label": "o 21"}
,
{
"node": "l",
"frag": "ki-i",
"id": "P334279.l04c67",
"ref": "P334279.22.1",
"inst": "kī[like//as]PRP'SBJ$kî",
"sig": "@saao/saa05%akk-x-neoass:ki-i=kī[like//as]PRP'SBJ$kî",
"f": {"lang": "akk-x-neoass",
"form": "ki-i",
"cf": "kī",
"gw": "like",
"sense": "as",
"norm": "kî",
"pos": "PRP",
"epos": "SBJ"}
}
,
{
"node": "l",
"frag": "u₂-ma-a",
"id": "P334279.l04c68",
"ref": "P334279.22.2",
"inst": "ūmâ[now]AV",
"sig": "@saao/saa05%akk-x-neoass:u₂-ma-a=ūma[today//now]AV'AV$ūmâ",
"f": {"lang": "akk-x-neoass",
"form": "u₂-ma-a",
"cf": "ūma",
"gw": "today",
"sense": "now",
"norm": "ūmâ",
"pos": "AV",
"epos": "AV"}
}
,
{
"node": "l",
"frag": "i-li-kan-a-ni",
"id": "P334279.l04c69",
"ref": "P334279.22.3",
"inst": "illikannāni[come]V",
"sig": "@saao/saa05%akk-x-neoass:i-li-kan-a-ni=alāku[go//come]V'V$illikannāni",
"f": {"lang": "akk-x-neoass",
"form": "i-li-kan-a-ni",
"cf": "alāku",
"gw": "go",
"sense": "come",
"norm": "illikannāni",
"pos": "V",
"epos": "V"}
}
,
{
"node": "d",
"type": "line-start",
"ref": "P334279.23",
"n": "22",
"label": "o 22"}
,
{
"node": "l",
"frag": "E₂",
"id": "P334279.l04c6a",
"ref": "P334279.23.1",
"inst": "bēt[where]SBJ",
"sig": "@saao/saa05%akk-x-neoass:E₂=bīt[where//where]SBJ'SBJ$bēt",
"f": {"lang": "akk-x-neoass",
"form": "E₂",
"cf": "bīt",
"gw": "where",
"sense": "where",
"norm": "bēt",
"pos": "SBJ",
"epos": "SBJ"}
}
,
{
"node": "l",
"frag": "LUGAL",
"id": "P334279.l04c6b",
"ref": "P334279.23.2",
"inst": "šarru[king]N",
"sig": "@saao/saa05%akk-x-neoass:LUGAL=šarru[king//king]N'N$šarru",
"f": {"lang": "akk-x-neoass",
"form": "LUGAL",
"cf": "šarru",
"gw": "king",
"sense": "king",
"norm": "šarru",
"pos": "N",
"epos": "N"}
}
,
{
"node": "l",
"frag": "be-li₂",
"id": "P334279.l04c6c",
"ref": "P334279.23.3",
"inst": "bēlī[lord]N",
"sig": "@saao/saa05%akk-x-neoass:be-li₂=bēlu[lord//lord]N'N$bēlī",
"f": {"lang": "akk-x-neoass",
"form": "be-li₂",
"cf": "bēlu",
"gw": "lord",
"sense": "lord",
"norm": "bēlī",
"pos": "N",
"epos": "N"}
}
,
{
"node": "l",
"frag": "iš-pur-šu-u-ni",
"id": "P334279.l04c6d",
"ref": "P334279.23.4",
"inst": "šapāru[send]V$išpuršūni",
"sig": "@saao/saa05%akk-x-neoass:iš-pur-šu-u-ni=šapāru[send//send]V'V$išpuršūni",
"f": {"lang": "akk-x-neoass",
"form": "iš-pur-šu-u-ni",
"cf": "šapāru",
"gw": "send",
"sense": "send",
"norm": "išpuršūni",
"pos": "V",
"epos": "V"}
}
,
{
"node": "d",
"type": "line-start",
"ref": "P334279.24",
"n": "23",
"label": "o 23"}
,
{
"node": "l",
"frag": "a-na-ku",
"id": "P334279.l04c6e",
"ref": "P334279.24.1",
"inst": "anāku[I]IP",
"sig": "@saao/saa05%akk-x-neoass:a-na-ku=anāku[I//I]IP'IP$anāku",
"f": {"lang": "akk-x-neoass",
"form": "a-na-ku",
"cf": "anāku",
"gw": "I",
"sense": "I",
"norm": "anāku",
"pos": "IP",
"epos": "IP"}
}
,
{
"node": "l",
"frag": "ina",
"id": "P334279.l04c6f",
"ref": "P334279.24.2",
"inst": "ina[in]PRP",
"sig": "@saao/saa05%akk-x-neoass:ina=ina[in//in]PRP'PRP$ina",
"f": {"lang": "akk-x-neoass",
"form": "ina",
"cf": "ina",
"gw": "in",
"sense": "in",
"norm": "ina",
"pos": "PRP",
"epos": "PRP"}
}
,
{
"node": "l",
"frag": "{uru}ur-zu\\t-hi-na\\td",
"id": "P334279.l04c70",
"ref": "P334279.24.3",
"inst": "Urzuhina[1]GN",
"sig": "@saao/saa05%akk-x-neoass:{URU}ur-zu-hi-na=Arzuhina[1//1]GN'GN$Urzuhina",
"f": {"lang": "akk-x-neoass",
"form": "{URU}ur-zu-hi-na",
"cf": "Arzuhina",
"gw": "1",
"sense": "1",
"norm": "Urzuhina",
"pos": "GN",
"epos": "GN"}
}
,
{
"node": "d",
"type": "line-start",
"ref": "P334279.25",
"n": "24",
"label": "o 24"}
,
{
"node": "l",
"frag": "02",
"id": "P334279.l04c71",
"ref": "P334279.25.1",
"inst": "n",
"f": {"lang": "akk-x-neoass",
"form": "02",
"pos": "n"}
}
,
{
"node": "l",
"frag": "{anše}ku-din",
"id": "P334279.l04c72",
"ref": "P334279.25.2",
"inst": "kūdin[mule]N",
"sig": "@saao/saa05%akk-x-neoass:{ANŠE}ku-din=kūdanu[mule//mule]N'N$kūdin",
"f": {"lang": "akk-x-neoass",
"form": "{ANŠE}ku-din",
"cf": "kūdanu",
"gw": "mule",
"sense": "mule",
"norm": "kūdin",
"pos": "N",
"epos": "N"}
}
,
{
"node": "l",
"frag": "ina",
"id": "P334279.l04c73",
"ref": "P334279.25.3",
"inst": "ina[in]PRP",
"sig": "@saao/saa05%akk-x-neoass:ina=ina[in//in]PRP'PRP$ina",
"f": {"lang": "akk-x-neoass",
"form": "ina",
"cf": "ina",
"gw": "in",
"sense": "in",
"norm": "ina",
"pos": "PRP",
"epos": "PRP"}
}
,
{
"node": "l",
"frag": "KI.⸢TA⸣-[šu₂]",
"id": "P334279.l04c74",
"ref": "P334279.25.4",
"inst": "šaplu[underside//under]N'PRP$šaplīšu",
"sig": "@saao/saa05%akk-x-neoass:KI.TA-šu₂=šaplu[underside//under]N'PRP$šaplīšu",
"f": {"lang": "akk-x-neoass",
"form": "KI.TA-šu₂",
"cf": "šaplu",
"gw": "underside",
"sense": "under",
"norm": "šaplīšu",
"pos": "N",
"epos": "PRP"}
}
,
{
"node": "d",
"subtype": "bottom",
"type": "surface",
"ref": "P334279.b.e..26",
"type": "bottom",
"label": "b.e."}
,
{
"node": "d",
"type": "line-start",
"ref": "P334279.27",
"n": "25",
"label": "b.e. 25"}
,
{
"node": "l",
"frag": "ar-ta-kas",
"id": "P334279.l04c75",
"ref": "P334279.27.1",
"inst": "artakas[attach]V",
"sig": "@saao/saa05%akk-x-neoass:ar-ta-kas=rakāsu[bind//attach]V'V$artakas",
"f": {"lang": "akk-x-neoass",
"form": "ar-ta-kas",
"cf": "rakāsu",
"gw": "bind",
"sense": "attach",
"norm": "artakas",
"pos": "V",
"epos": "V"}
}
,
{
"node": "l",
"frag": "[o]",
"id": "P334279.l04c76",
"ref": "P334279.27.2",
"inst": "u",
"f": {"lang": "akk-x-neoass",
"form": "o",
"pos": "u"}
}
,
{
"node": "d",
"subtype": "reverse",
"type": "surface",
"ref": "P334279.r.28",
"type": "reverse",
"label": "r"}
,
{
"node": "d",
"type": "line-start",
"ref": "P334279.29",
"n": "1",
"label": "r 1"}
,
{
"node": "l",
"frag": "⸢a⸣-di",
"id": "P334279.l04c77",
"ref": "P334279.29.1",
"inst": "adi[until//as far as]PRP$",
"sig": "@saao/saa05%akk-x-neoass:a-di=adi[until//as far as]PRP'PRP$adi",
"f": {"lang": "akk-x-neoass",
"form": "a-di",
"cf": "adi",
"gw": "until",
"sense": "as far as",
"norm": "adi",
"pos": "PRP",
"epos": "PRP"}
}
,
{
"node": "l",
"frag": "{uru}BAD₃\\p-ta-li-⸢ti\\t⸣",
"id": "P334279.l04c78",
"ref": "P334279.29.2",
"inst": "Dur-Taliti[1]GN",
"sig": "@saao/saa05%akk-x-neoass:{URU}BAD₃-ta-li-ti=Dur-Taliti[1//1]GN'GN$Dur-Taliti",
"f": {"lang": "akk-x-neoass",
"form": "{URU}BAD₃-ta-li-ti",
"cf": "Dur-Taliti",
"gw": "1",
"sense": "1",
"norm": "Dur-Taliti",
"pos": "GN",
"epos": "GN"}
}
,
{
"node": "d",
"type": "line-start",
"ref": "P334279.30",
"n": "2",
"label": "r 2"}
,
{
"node": "l",
"frag": "<$hu",
"id": "P334279.l04c79",
"ref": "P334279.30.1",
"inst": "u",
"f": {"lang": "akk-x-neoass",
"form": "hu",
"pos": "u"}
}
,
{
"node": "l",
"frag": "x",
"id": "P334279.l04c7a",
"ref": "P334279.30.2",
"inst": "u",
"f": {"lang": "akk-x-neoass",
"form": "x",
"pos": "u"}
}
,
{
"node": "l",
"frag": "x",
"id": "P334279.l04c7b",
"ref": "P334279.30.3",
"inst": "u",
"f": {"lang": "akk-x-neoass",
"form": "x",
"pos": "u"}
}
,
{
"node": "l",
"frag": "nu",
"id": "P334279.l04c7c",
"ref": "P334279.30.4",
"inst": "u",
"f": {"lang": "akk-x-neoass",
"form": "nu",
"pos": "u"}
}
,
{
"node": "l",
"frag": "x",
"id": "P334279.l04c7d",
"ref": "P334279.30.5",
"inst": "u",
"f": {"lang": "akk-x-neoass",
"form": "x",
"pos": "u"}
}
,
{
"node": "l",
"frag": "ši$>",
"id": "P334279.l04c7e",
"ref": "P334279.30.6",
"inst": "u",
"f": {"lang": "akk-x-neoass",
"form": "ši",
"pos": "u"}
}
,
{
"node": "d",
"type": "line-start",
"ref": "P334279.31",
"n": "3",
"label": "r 3"}
,
{
"node": "l",
"frag": "<$hu",
"id": "P334279.l04c7f",
"ref": "P334279.31.1",
"inst": "u",
"f": {"lang": "akk-x-neoass",
"form": "hu",
"pos": "u"}
}
,
{
"node": "l",
"frag": "ma",
"id": "P334279.l04c80",
"ref": "P334279.31.2",
"inst": "mā[saying]PRP",
"sig": "@saao/saa05%akk-x-neoass:ma=mā[saying//saying]PRP'PRP$mā",
"f": {"lang": "akk-x-neoass",
"form": "ma",
"cf": "mā",
"gw": "saying",
"sense": "saying",
"norm": "mā",
"pos": "PRP",
"epos": "PRP"}
}
,
{
"node": "l",
"frag": "x",
"id": "P334279.l04c81",
"ref": "P334279.31.3",
"inst": "u",
"f": {"lang": "akk-x-neoass",
"form": "x",
"pos": "u"}
}
,
{
"node": "l",
"frag": "x",
"id": "P334279.l04c82",
"ref": "P334279.31.4",
"inst": "u",
"f": {"lang": "akk-x-neoass",
"form": "x",
"pos": "u"}
}
,
{
"node": "l",
"frag": "x",
"id": "P334279.l04c83",
"ref": "P334279.31.5",
"inst": "u",
"f": {"lang": "akk-x-neoass",
"form": "x",
"pos": "u"}
}
,
{
"node": "l",
"frag": "x$>",
"id": "P334279.l04c84",
"ref": "P334279.31.6",
"inst": "u",
"f": {"lang": "akk-x-neoass",
"form": "x",
"pos": "u"}
}
,
{
"node": "d",
"type": "line-start",
"ref": "P334279.32",
"n": "4",
"label": "r 4"}
,
{
"node": "l",
"frag": "LUGAL",
"id": "P334279.l04c85",
"ref": "P334279.32.1",
"inst": "šarru[king]N",
"sig": "@saao/saa05%akk-x-neoass:LUGAL=šarru[king//king]N'N$šarru",
"f": {"lang": "akk-x-neoass",
"form": "LUGAL",
"cf": "šarru",
"gw": "king",
"sense": "king",
"norm": "šarru",
"pos": "N",
"epos": "N"}
}
,
{
"node": "l",
"frag": "be-li₂",
"id": "P334279.l04c86",
"ref": "P334279.32.2",
"inst": "bēlī[lord]N",
"sig": "@saao/saa05%akk-x-neoass:be-li₂=bēlu[lord//lord]N'N$bēlī",
"f": {"lang": "akk-x-neoass",
"form": "be-li₂",
"cf": "bēlu",
"gw": "lord",
"sense": "lord",
"norm": "bēlī",
"pos": "N",
"epos": "N"}
}
,
{
"node": "l",
"frag": "u₂-da",
"id": "P334279.l04c87",
"ref": "P334279.32.3",
"inst": "ūda[know]V",
"sig": "@saao/saa05%akk-x-neoass:u₂-da=wadû[know//know]V'V$ūda",
"f": {"lang": "akk-x-neoass",
"form": "u₂-da",
"cf": "wadû",
"gw": "know",
"sense": "know",
"norm": "ūda",
"pos": "V",
"epos": "V"}
}
,
{
"node": "d",
"type": "line-start",
"ref": "P334279.33",
"n": "5",
"label": "r 5"}
,
{
"node": "l",
"frag": "ki-i",
"id": "P334279.l04c88",
"ref": "P334279.33.1",
"inst": "kî[that]'SBJ",
"sig": "@saao/saa05%akk-x-neoass:ki-i=kī[like//that]PRP'SBJ$kî",
"f": {"lang": "akk-x-neoass",
"form": "ki-i",
"cf": "kī",
"gw": "like",
"sense": "that",
"norm": "kî",
"pos": "PRP",
"epos": "SBJ"}
}
,
{
"node": "l",
"frag": "{uru}ar-zu\\t-hi-na\\td",
"id": "P334279.l04c89",
"ref": "P334279.33.2",
"inst": "Arzuhina[]GN$",
"sig": "@saao/saa05%akk-x-neoass:{URU}ar-zu-hi-na=Arzuhina[1//1]GN'GN$Arzuhina",
"f": {"lang": "akk-x-neoass",
"form": "{URU}ar-zu-hi-na",
"cf": "Arzuhina",
"gw": "1",
"sense": "1",
"norm": "Arzuhina",
"pos": "GN",
"epos": "GN"}
}
,
{
"node": "d",
"type": "line-start",
"ref": "P334279.34",
"n": "6",
"label": "r 6"}
,
{
"node": "c",
"type": "phrase",
"tag": "phr",
"id": "P334279.U7",
"ref": "P334279.ls00003",
"cdl": [
{
"node": "l",
"frag": "ina",
"id": "P334279.l04c8a",
"ref": "P334279.34.1",
"inst": "ina[in+=in]PRP",
"sig": "@saao/saa05%akk-x-neoass:ina=ina[in//in]PRP'PRP$ina",
"f": {"lang": "akk-x-neoass",
"form": "ina",
"cf": "ina",
"gw": "in",
"sense": "in",
"norm": "ina",
"pos": "PRP",
"epos": "PRP"}
}
,
{
"node": "l",
"frag": "ŠA₃",
"id": "P334279.l04c8b",
"ref": "P334279.34.2",
"inst": "libbi[interior]N",
"sig": "@saao/saa05%akk-x-neoass:ŠA₃=libbu[interior//interior]N'N$libbi",
"f": {"lang": "akk-x-neoass",
"form": "ŠA₃",
"cf": "libbu",
"gw": "interior",
"sense": "interior",
"norm": "libbi",
"pos": "N",
"epos": "N"}
}
]}
,
{
"node": "l",
"frag": "is-pi-lu-ur-te",
"id": "P334279.l04c8c",
"ref": "P334279.34.3",
"inst": "išpallurtu[cross//crossroads]N$ispillurte",
"sig": "@saao/saa05%akk-x-neoass:is-pi-lu-ur-te=išpallurtu[cross//crossroads]N'N$ispillurte",
"f": {"lang": "akk-x-neoass",
"form": "is-pi-lu-ur-te",
"cf": "išpallurtu",
"gw": "cross",
"sense": "crossroads",
"norm": "ispillurte",
"pos": "N",
"epos": "N"}
}
,
{
"node": "d",
"type": "line-start",
"ref": "P334279.35",
"n": "7",
"label": "r 7"}
,
{
"node": "l",
"frag": "ka-ri-ru\\d-u-ni",
"id": "P334279.l04c8d",
"ref": "P334279.35.1",
"inst": "karru[put down]AJ$karirūni",
"sig": "@saao/saa05%akk-x-neoass:ka-ri-ru-u-ni=karru[put down//put down]AJ'AJ$karirūni",
"f": {"lang": "akk-x-neoass",
"form": "ka-ri-ru-u-ni",
"cf": "karru",
"gw": "put down",
"sense": "put down",
"norm": "karirūni",
"pos": "AJ",
"epos": "AJ"}
}
,
{
"node": "l",
"frag": "mar-di\\d-tu₂",
"id": "P334279.l04c8e",
"ref": "P334279.35.2",
"inst": "mardītu[stage]N",
"sig": "@saao/saa05%akk-x-neoass:mar-di-tu₂=mardītu[stage//stage]N'N$mardītu",
"f": {"lang": "akk-x-neoass",
"form": "mar-di-tu₂",
"cf": "mardītu",
"gw": "stage",
"sense": "stage",
"norm": "mardītu",
"pos": "N",
"epos": "N"}
}
,
{
"node": "d",
"type": "line-start",
"ref": "P334279.36",
"n": "8",
"label": "r 8"}
,
{
"node": "l",
"frag": "TA@v\\m",
"id": "P334279.l04c8f",
"ref": "P334279.36.1",
"inst": "issu[from]PRP",
"sig": "@saao/saa05%akk-x-neoass:TA@v=ištu[from//from]PRP'PRP$issu",
"f": {"lang": "akk-x-neoass",
"form": "TA@v",
"cf": "ištu",
"gw": "from",
"sense": "from",
"norm": "issu",
"pos": "PRP",
"epos": "PRP"}
}
,
{
"node": "l",
"frag": "{uru}ur-zu\\t-hi-na\\td",
"id": "P334279.l04c90",
"ref": "P334279.36.2",
"inst": "Urzuhina[1]GN",
"sig": "@saao/saa05%akk-x-neoass:{URU}ur-zu-hi-na=Arzuhina[1//1]GN'GN$Urzuhina",
"f": {"lang": "akk-x-neoass",
"form": "{URU}ur-zu-hi-na",
"cf": "Arzuhina",
"gw": "1",
"sense": "1",
"norm": "Urzuhina",
"pos": "GN",
"epos": "GN"}
}
,
{
"node": "l",
"frag": "a-di",
"id": "P334279.l04c91",
"ref": "P334279.36.3",
"inst": "adi[until//as far as]PRP$",
"sig": "@saao/saa05%akk-x-neoass:a-di=adi[until//as far as]PRP'PRP$adi",
"f": {"lang": "akk-x-neoass",
"form": "a-di",
"cf": "adi",
"gw": "until",
"sense": "as far as",
"norm": "adi",
"pos": "PRP",
"epos": "PRP"}
}
,
{
"node": "d",
"type": "line-start",
"ref": "P334279.37",
"n": "9",
"label": "r 9"}
,
{
"node": "l",
"frag": "{uru}a-ra-ak-di",
"id": "P334279.l04c92",
"ref": "P334279.37.1",
"inst": "Arrakdi[1]GN",
"sig": "@saao/saa05%akk-x-neoass:{URU}a-ra-ak-di=Arrakdi[1//1]GN'GN$Arrakdi",
"f": {"lang": "akk-x-neoass",
"form": "{URU}a-ra-ak-di",
"cf": "Arrakdi",
"gw": "1",
"sense": "1",
"norm": "Arrakdi",
"pos": "GN",
"epos": "GN"}
}
,
{
"node": "l",
"frag": "a-na\\td",
"id": "P334279.l04c93",
"ref": "P334279.37.2",
"inst": "ana[for]PRP",
"sig": "@saao/saa05%akk-x-neoass:a-na=ana[to//for]PRP'PRP$ana",
"f": {"lang": "akk-x-neoass",
"form": "a-na",
"cf": "ana",
"gw": "to",
"sense": "for",
"norm": "ana",
"pos": "PRP",
"epos": "PRP"}
}
,
{
"node": "l",
"frag": "u₂-ma-me",
"id": "P334279.l04c94",
"ref": "P334279.37.3",
"inst": "umāmu[animal]N$umāmē",
"sig": "@saao/saa05%akk-x-neoass:u₂-ma-me=umāmu[animal//animal]N'N$umāmē",
"f": {"lang": "akk-x-neoass",
"form": "u₂-ma-me",
"cf": "umāmu",
"gw": "animal",
"sense": "animal",
"norm": "umāmē",
"pos": "N",
"epos": "N"}
}
,
{
"node": "d",
"type": "line-start",
"ref": "P334279.38",
"n": "10",
"label": "r 10"}
,
{
"node": "l",
"frag": "ta-da-in",
"id": "P334279.l04c95",
"ref": "P334279.38.1",
"inst": "danānu[be(come) strong]V$tadaʾʾin",
"sig": "@saao/saa05%akk-x-neoass:ta-da-in=danānu[be(come) strong//be(come) strong]V'V$tadaʾʾin",
"f": {"lang": "akk-x-neoass",
"form": "ta-da-in",
"cf": "danānu",
"gw": "be(come) strong",
"sense": "be(come) strong",
"norm": "tadaʾʾin",
"pos": "V",
"epos": "V"}
}
,
{
"node": "l",
"frag": "LUGAL",
"id": "P334279.l04c96",
"ref": "P334279.38.2",
"inst": "šarri[king]N",
"sig": "@saao/saa05%akk-x-neoass:LUGAL=šarru[king//king]N'N$šarri",
"f": {"lang": "akk-x-neoass",
"form": "LUGAL",
"cf": "šarru",
"gw": "king",
"sense": "king",
"norm": "šarri",
"pos": "N",
"epos": "N"}
}
,
{
"node": "l",
"frag": "be-li₂",
"id": "P334279.l04c97",
"ref": "P334279.38.3",
"inst": "bēlī[lord]N",
"sig": "@saao/saa05%akk-x-neoass:be-li₂=bēlu[lord//lord]N'N$bēlī",
"f": {"lang": "akk-x-neoass",
"form": "be-li₂",
"cf": "bēlu",
"gw": "lord",
"sense": "lord",
"norm": "bēlī",
"pos": "N",
"epos": "N"}
}
,
{
"node": "d",
"type": "line-start",
"ref": "P334279.39",
"n": "11",
"label": "r 11"}
,
{
"node": "l",
"frag": "a-ṭe₃-mu",
"id": "P334279.l04c98",
"ref": "P334279.39.1",
"cof-tails": "P334279.l04c99",
"inst": "ana[to]PRP$aṭ&ṭēmu[(fore)thought//order]N$",
"sig": "@saao/saa05%akk-x-neoass:a-ṭe₃-mu=ana[to//to]PRP'PRP$aṭ&&@saao%akk-x-neoass:=ṭēmu[(fore)thought//order]N'N$ṭēmu",
"f": {"lang": "akk-x-neoass",
"form": "a-ṭe₃-mu",
"cf": "ana",
"gw": "to",
"sense": "to",
"norm": "aṭ",
"pos": "PRP",
"epos": "PRP"}
}
,
{
"node": "l",
"frag": "a-ṭe₃-mu",
"id": "P334279.l04c99",
"ref": "P334279.39.1",
"cof-head": "P334279.l04c98",
"inst": "ana[to]PRP$aṭ&ṭēmu[(fore)thought//order]N$",
"tail-sig": "@saao%akk-x-neoass:=ṭēmu[(fore)thought//order]N'N$ṭēmu",
"f": {"lang": "akk-x-neoass",
"form": "a-ṭe₃-mu",
"cf": "ṭēmu",
"gw": "(fore)thought",
"sense": "order",
"norm": "ṭēmu",
"pos": "N",
"epos": "N"}
}
,
{
"node": "l",
"frag": "liš-kun",
"id": "P334279.l04c9a",
"ref": "P334279.39.2",
"inst": "liškun[place]V",
"sig": "@saao/saa05%akk-x-neoass:liš-kun=šakānu[put//place]V'V$liškun",
"f": {"lang": "akk-x-neoass",
"form": "liš-kun",
"cf": "šakānu",
"gw": "put",
"sense": "place",
"norm": "liškun",
"pos": "V",
"epos": "V"}
}
,
{
"node": "d",
"type": "line-start",
"ref": "P334279.40",
"n": "12",
"label": "r 12"}
,
{
"node": "l",
"frag": "ka-<$ša₂",
"id": "P334279.l04c9b",
"ref": "P334279.40.1",
"inst": "u",
"f": {"lang": "akk-x-neoass",
"form": "ka-ša₂",
"pos": "u"}
}
,
{
"node": "l",
"frag": "ka$>-li-iu-u₂",
"id": "P334279.l04c9c",
"ref": "P334279.40.2",
"inst": "kallû[express messenger]N$kalliu",
"sig": "@saao/saa05%akk-x-neoass:ka-li-iu-u₂=kallû[express messenger//express messenger]N'N$kalliu",
"f": {"lang": "akk-x-neoass",
"form": "ka-li-iu-u₂",
"cf": "kallû",
"gw": "express messenger",
"sense": "express messenger",
"norm": "kalliu",
"pos": "N",
"epos": "N"}
}
,
{
"node": "d",
"type": "line-start",
"ref": "P334279.41",
"n": "13",
"label": "r 13"}
,
{
"node": "l",
"frag": "ina",
"id": "P334279.l04c9d",
"ref": "P334279.41.1",
"inst": "ina[in]PRP",
"sig": "@saao/saa05%akk-x-neoass:ina=ina[in//in]PRP'PRP$ina",
"f": {"lang": "akk-x-neoass",
"form": "ina",
"cf": "ina",
"gw": "in",
"sense": "in",
"norm": "ina",
"pos": "PRP",
"epos": "PRP"}
}
,
{
"node": "l",
"frag": "{uru}BAD₃-{mi₂}ANŠE-MEŠ\\t-te",
"id": "P334279.l04c9e",
"ref": "P334279.41.2",
"inst": "Dur-Atanate[]GN$",
"sig": "@saao/saa05%akk-x-neoass:{URU}BAD₃-{MI₂}ANŠE-MEŠ-te=Dur-Atanate[1//1]GN'GN$Dur-Atanate",
"f": {"lang": "akk-x-neoass",
"form": "{URU}BAD₃-{MI₂}ANŠE-MEŠ-te",
"cf": "Dur-Atanate",
"gw": "1",
"sense": "1",
"norm": "Dur-Atanate",
"pos": "GN",
"epos": "GN"}
}
,
{
"node": "d",
"type": "line-start",
"ref": "P334279.42",
"n": "14",
"label": "r 14"}
,
{
"node": "l",
"frag": "lu-ša₂-zi-zu\\t",
"id": "P334279.l04c9f",
"ref": "P334279.42.1",
"inst": "izuzzu[stand//station]V$lušazzizu",
"sig": "@saao/saa05%akk-x-neoass:lu-ša₂-zi-zu=izuzzu[stand//station]V'V$lušazzizu",
"f": {"lang": "akk-x-neoass",
"form": "lu-ša₂-zi-zu",
"cf": "izuzzu",
"gw": "stand",
"sense": "station",
"norm": "lušazzizu",
"pos": "V",
"epos": "V"}
}
,
{
"node": "l",
"frag": "a-he-ii-ši",
"id": "P334279.l04ca0",
"ref": "P334279.42.2",
"inst": "ahāmiš[one another]PRP$ahēʾiši",
"sig": "@saao/saa05%akk-x-neoass:a-he-ii-ši=ahāmiš[one another//one another]PRP'PRP$ahēʾiši",
"f": {"lang": "akk-x-neoass",
"form": "a-he-ii-ši",
"cf": "ahāmiš",
"gw": "one another",
"sense": "one another",
"norm": "ahēʾiši",
"pos": "PRP",
"epos": "PRP"}
}
,
{
"node": "d",
"type": "line-start",
"ref": "P334279.43",
"n": "15",
"label": "r 15"}
,
{
"node": "l",
"frag": "nu-ti\\t-in",
"id": "P334279.l04ca1",
"ref": "P334279.43.1",
"inst": "danānu[be(come) strong//strengthen]V$nutīn",
"sig": "@saao/saa05%akk-x-neoass:nu-ti-in=danānu[be(come) strong//strengthen]V'V$nutīn",
"f": {"lang": "akk-x-neoass",
"form": "nu-ti-in",
"cf": "danānu",
"gw": "be(come) strong",
"sense": "strengthen",
"norm": "nutīn",
"pos": "V",
"epos": "V"}
}
,
{
"node": "c",
"type": "phrase",
"tag": "phr",
"id": "P334279.U8",
"ref": "P334279.ls00004",
"cdl": [
{
"node": "l",
"frag": "ina",
"id": "P334279.l04ca2",
"ref": "P334279.43.2",
"inst": "ina[in+=concerning]PRP",
"sig": "@saao/saa05%akk-x-neoass:ina=ina[in//in]PRP'PRP$ina",
"f": {"lang": "akk-x-neoass",
"form": "ina",
"cf": "ina",
"gw": "in",
"sense": "in",
"norm": "ina",
"pos": "PRP",
"epos": "PRP"}
}
,
{
"node": "l",
"frag": "UGU",
"id": "P334279.l04ca3",
"ref": "P334279.43.3",
"inst": "muhhi[skull]N",
"sig": "@saao/saa05%akk-x-neoass:UGU=muhhu[skull//skull]N'N$muhhi",
"f": {"lang": "akk-x-neoass",
"form": "UGU",
"cf": "muhhu",
"gw": "skull",
"sense": "skull",
"norm": "muhhi",
"pos": "N",
"epos": "N"}
}
]}
,
{
"node": "l",
"frag": "{lu₂vy}LUL-MEŠ",
"id": "P334279.l04ca4",
"ref": "P334279.43.4",
"inst": "parriṣu[criminal]N$parriṣūti",
"sig": "@saao/saa05%akk-x-neoass:{LU₂}LUL-MEŠ=parriṣu[criminal//criminal]N'N$parriṣūti",
"f": {"lang": "akk-x-neoass",
"form": "{LU₂}LUL-MEŠ",
"cf": "parriṣu",
"gw": "criminal",
"sense": "criminal",
"norm": "parriṣūti",
"pos": "N",
"epos": "N"}
}
,
{
"node": "d",
"type": "line-start",
"ref": "P334279.44",
"n": "16",
"label": "r 16"}
,
{
"node": "l",
"frag": "ša",
"id": "P334279.l04ca5",
"ref": "P334279.44.1",
"inst": "ša[who]REL",
"sig": "@saao/saa05%akk-x-neoass:ša=ša[that//who]REL'REL$ša",
"f": {"lang": "akk-x-neoass",
"form": "ša",
"cf": "ša",
"gw": "that",
"sense": "who",
"norm": "ša",
"pos": "REL",
"epos": "REL"}
}
,
{
"node": "l",
"frag": "LUGAL",
"id": "P334279.l04ca6",
"ref": "P334279.44.2",
"inst": "šarru[king]N",
"sig": "@saao/saa05%akk-x-neoass:LUGAL=šarru[king//king]N'N$šarru",
"f": {"lang": "akk-x-neoass",
"form": "LUGAL",
"cf": "šarru",
"gw": "king",
"sense": "king",
"norm": "šarru",
"pos": "N",
"epos": "N"}
}
,
{
"node": "l",
"frag": "be-li₂",
"id": "P334279.l04ca7",
"ref": "P334279.44.3",
"inst": "bēlī[lord]N",
"sig": "@saao/saa05%akk-x-neoass:be-li₂=bēlu[lord//lord]N'N$bēlī",
"f": {"lang": "akk-x-neoass",
"form": "be-li₂",
"cf": "bēlu",
"gw": "lord",
"sense": "lord",
"norm": "bēlī",
"pos": "N",
"epos": "N"}
}
,
{
"node": "l",
"frag": "iš-pur-an-ni",
"id": "P334279.l04ca8",
"ref": "P334279.44.4",
"inst": "išpuranni[write]V",
"sig": "@saao/saa05%akk-x-neoass:iš-pur-an-ni=šapāru[send//write]V'V$išpuranni",
"f": {"lang": "akk-x-neoass",
"form": "iš-pur-an-ni",
"cf": "šapāru",
"gw": "send",
"sense": "write",
"norm": "išpuranni",
"pos": "V",
"epos": "V"}
}
,
{
"node": "d",
"type": "line-start",
"ref": "P334279.45",
"n": "17",
"label": "r 17"}
,
{
"node": "l",
"frag": "ma-a",
"id": "P334279.l04ca9",
"ref": "P334279.45.1",
"inst": "mā[saying]PRP",
"sig": "@saao/saa05%akk-x-neoass:ma-a=mā[saying//saying]PRP'PRP$mā",
"f": {"lang": "akk-x-neoass",
"form": "ma-a",
"cf": "mā",
"gw": "saying",
"sense": "saying",
"norm": "mā",
"pos": "PRP",
"epos": "PRP"}
}
,
{
"node": "c",
"type": "phrase",
"tag": "phr",
"id": "P334279.U9",
"ref": "P334279.ls00005",
"cdl": [
{
"node": "l",
"frag": "ina",
"id": "P334279.l04caa",
"ref": "P334279.45.2",
"inst": "ina[in+=on]PRP",
"sig": "@saao/saa05%akk-x-neoass:ina=ina[in//in]PRP'PRP$ina",
"f": {"lang": "akk-x-neoass",
"form": "ina",
"cf": "ina",
"gw": "in",
"sense": "in",
"norm": "ina",
"pos": "PRP",
"epos": "PRP"}
}
,
{
"node": "l",
"frag": "UGU",
"id": "P334279.l04cab",
"ref": "P334279.45.3",
"inst": "muhhi[skull]N",
"sig": "@saao/saa05%akk-x-neoass:UGU=muhhu[skull//skull]N'N$muhhi",
"f": {"lang": "akk-x-neoass",
"form": "UGU",
"cf": "muhhu",
"gw": "skull",
"sense": "skull",
"norm": "muhhi",
"pos": "N",
"epos": "N"}
}
]}
,
{
"node": "l",
"frag": "{lu₂vy}TUR-MEŠ\\t-ni",
"id": "P334279.l04cac",
"ref": "P334279.45.4",
"inst": "ṣehru[small//young boy]AJ'N$ṣehrāni",
"sig": "@saao/saa05%akk-x-neoass:{LU₂}TUR-MEŠ-ni=ṣehru[small//young boy]AJ'N$ṣehrāni",
"f": {"lang": "akk-x-neoass",
"form": "{LU₂}TUR-MEŠ-ni",
"cf": "ṣehru",
"gw": "small",
"sense": "young boy",
"norm": "ṣehrāni",
"pos": "AJ",
"epos": "N"}
}
,
{
"node": "d",
"type": "line-start",
"ref": "P334279.46",
"n": "18",
"label": "r 18"}
,
{
"node": "l",
"frag": "ša",
"id": "P334279.l04cad",
"ref": "P334279.46.1",
"inst": "ša[of]DET",
"sig": "@saao/saa05%akk-x-neoass:ša=ša[of//of]DET'DET$ša",
"f": {"lang": "akk-x-neoass",
"form": "ša",
"cf": "ša",
"gw": "of",
"sense": "of",
"norm": "ša",
"pos": "DET",
"epos": "DET"}
}
,
{
"node": "c",
"type": "phrase",
"tag": "phr",
"id": "P334279.U10",
"ref": "P334279.ls00006",
"cdl": [
{
"node": "l",
"frag": "{lu₂vy}GAL-SUM\\m.NINDA",
"id": "P334279.l04cae",
"ref": "P334279.46.2",
"cof-tails": "P334279.l04caf",
"inst": "rabû[big one]N$rab&kakardinnu[victualler]N$karkadinni",
"sig": "@saao/saa05%akk-x-neoass:{LU₂}GAL-SUM.NINDA=rabû[big one//big one]N'N$rab&&@saao%akk-x-neoass:=kakardinnu[victualler//victualler]N'N$karkadinni",
"f": {"lang": "akk-x-neoass",
"form": "{LU₂}GAL-SUM.NINDA",
"cf": "rabû",
"gw": "big one",
"sense": "big one",
"norm": "rab",
"pos": "N",
"epos": "N"}
}
,
{
"node": "l",
"frag": "{lu₂vy}GAL-SUM\\m.NINDA",
"id": "P334279.l04caf",
"ref": "P334279.46.2",
"cof-head": "P334279.l04cae",
"inst": "rabû[big one]N$rab&kakardinnu[victualler]N$karkadinni",
"tail-sig": "@saao%akk-x-neoass:=kakardinnu[victualler//victualler]N'N$karkadinni",
"f": {"lang": "akk-x-neoass",
"form": "{LU₂}GAL-SUM.NINDA",
"cf": "kakardinnu",
"gw": "victualler",
"sense": "victualler",
"norm": "karkadinni",
"pos": "N",
"epos": "N"}
}
]}
,
{
"node": "l",
"frag": "ina",
"id": "P334279.l04cb0",
"ref": "P334279.46.3",
"inst": "ina[in]PRP",
"sig": "@saao/saa05%akk-x-neoass:ina=ina[in//in]PRP'PRP$ina",
"f": {"lang": "akk-x-neoass",
"form": "ina",
"cf": "ina",
"gw": "in",
"sense": "in",
"norm": "ina",
"pos": "PRP",
"epos": "PRP"}
}
,
{
"node": "l",
"frag": "{kur}ba\\t-bi-ti\\t",
"id": "P334279.l04cb1",
"ref": "P334279.46.4",
"inst": "Babiti[]GN$",
"sig": "@saao/saa05%akk-x-neoass:{KUR}ba-bi-ti=Babiti[1//1]GN'GN$Babiti",
"f": {"lang": "akk-x-neoass",
"form": "{KUR}ba-bi-ti",
"cf": "Babiti",
"gw": "1",
"sense": "1",
"norm": "Babiti",
"pos": "GN",
"epos": "GN"}
}
,
{
"node": "d",
"type": "line-start",
"ref": "P334279.47",
"n": "19",
"label": "r 19"}
,
{
"node": "l",
"frag": "i-tu₂-uq-tu",
"id": "P334279.l04cb2",
"ref": "P334279.47.1",
"inst": "maqātu[fall]V$ittuqtu",
"sig": "@saao/saa05%akk-x-neoass:i-tu₂-uq-tu=maqātu[fall//fall]V'V$ittuqtu",
"f": {"lang": "akk-x-neoass",
"form": "i-tu₂-uq-tu",
"cf": "maqātu",
"gw": "fall",
"sense": "fall",
"norm": "ittuqtu",
"pos": "V",
"epos": "V"}
}
,
{
"node": "l",
"frag": "a-sa-al",
"id": "P334279.l04cb3",
"ref": "P334279.47.2",
"inst": "assaʾal[ask]V",
"sig": "@saao/saa05%akk-x-neoass:a-sa-al=šâlu[ask//ask]V'V$assaʾal",
"f": {"lang": "akk-x-neoass",
"form": "a-sa-al",
"cf": "šâlu",
"gw": "ask",
"sense": "ask",
"norm": "assaʾal",
"pos": "V",
"epos": "V"}
}
,
{
"node": "d",
"type": "line-start",
"ref": "P334279.48",
"n": "20",
"label": "r 20"}
,
{
"node": "l",
"frag": "u₂-ta-ṣi-ṣi",
"id": "P334279.l04cb4",
"ref": "P334279.48.1",
"inst": "ūtaṣṣīṣi[investigate]V",
"sig": "@saao/saa05%akk-x-neoass:u₂-ta-ṣi-ṣi=uṣṣuṣu[interrogate//investigate]V'V$ūtaṣṣīṣi",
"f": {"lang": "akk-x-neoass",
"form": "u₂-ta-ṣi-ṣi",
"cf": "uṣṣuṣu",
"gw": "interrogate",
"sense": "investigate",
"norm": "ūtaṣṣīṣi",
"pos": "V",
"epos": "V"}
}
,
{
"node": "l",
"frag": "me-me-<ni>",
"id": "P334279.l04cb5",
"ref": "P334279.48.2",
"inst": "memmēni[anything]XP",
"sig": "@saao/saa05%akk-x-neoass:me-me-ni=memēni[somebody//anything]XP'XP$memmēni",
"f": {"lang": "akk-x-neoass",
"form": "me-me-ni",
"cf": "memēni",
"gw": "somebody",
"sense": "anything",
"norm": "memmēni",
"pos": "XP",
"epos": "XP"}
}
,
{
"node": "l",
"frag": "la-šu₂",
"id": "P334279.l04cb6",
"ref": "P334279.48.3",
"inst": "laššu[(there) is not]V",
"sig": "@saao/saa05%akk-x-neoass:la-šu₂=laššu[(there) is not//(there) is not]V'V$laššu",
"f": {"lang": "akk-x-neoass",
"form": "la-šu₂",
"cf": "laššu",
"gw": "(there) is not",
"sense": "(there) is not",
"norm": "laššu",
"pos": "V",
"epos": "V"}
}
,
{
"node": "d",
"type": "line-start",
"ref": "P334279.49",
"n": "21",
"label": "r 21"}
,
{
"node": "l",
"frag": "u₃",
"id": "P334279.l04cb7",
"ref": "P334279.49.1",
"inst": "u[and]CNJ",
"sig": "@saao/saa05%akk-x-neoass:u₃=u[and//and]CNJ'CNJ$u",
"f": {"lang": "akk-x-neoass",
"form": "u₃",
"cf": "u",
"gw": "and",
"sense": "and",
"norm": "u",
"pos": "CNJ",
"epos": "CNJ"}
}
,
{
"node": "l",
"frag": "la",
"id": "P334279.l04cb8",
"ref": "P334279.49.2",
"inst": "lā[not]MOD",
"sig": "@saao/saa05%akk-x-neoass:la=lā[not//not]MOD'MOD$lā",
"f": {"lang": "akk-x-neoass",
"form": "la",
"cf": "lā",
"gw": "not",
"sense": "not",
"norm": "lā",
"pos": "MOD",
"epos": "MOD"}
}
,
{
"node": "l",
"frag": "ni-iš-me",
"id": "P334279.l04cb9",
"ref": "P334279.49.3",
"inst": "nišme[hear]V",
"sig": "@saao/saa05%akk-x-neoass:ni-iš-me=šemû[hear//hear]V'V$nišme",
"f": {"lang": "akk-x-neoass",
"form": "ni-iš-me",
"cf": "šemû",
"gw": "hear",
"sense": "hear",
"norm": "nišme",
"pos": "V",
"epos": "V"}
}
,
{
"node": "l",
"frag": "LUGAL",
"id": "P334279.l04cba",
"ref": "P334279.49.4",
"inst": "šarru[king]N",
"sig": "@saao/saa05%akk-x-neoass:LUGAL=šarru[king//king]N'N$šarru",
"f": {"lang": "akk-x-neoass",
"form": "LUGAL",
"cf": "šarru",
"gw": "king",
"sense": "king",
"norm": "šarru",
"pos": "N",
"epos": "N"}
}
,
{
"node": "l",
"frag": "be-li₂",
"id": "P334279.l04cbb",
"ref": "P334279.49.5",
"inst": "bēlī[lord]N",
"sig": "@saao/saa05%akk-x-neoass:be-li₂=bēlu[lord//lord]N'N$bēlī",
"f": {"lang": "akk-x-neoass",
"form": "be-li₂",
"cf": "bēlu",
"gw": "lord",
"sense": "lord",
"norm": "bēlī",
"pos": "N",
"epos": "N"}
}
,
{
"node": "d",
"type": "line-start",
"ref": "P334279.50",
"n": "22",
"label": "r 22"}
,
{
"node": "l",
"frag": "i-sap-ra",
"id": "P334279.l04cbc",
"ref": "P334279.50.1",
"inst": "issapra[write]V",
"sig": "@saao/saa05%akk-x-neoass:i-sap-ra=šapāru[send//write]V'V$issapra",
"f": {"lang": "akk-x-neoass",
"form": "i-sap-ra",
"cf": "šapāru",
"gw": "send",
"sense": "write",
"norm": "issapra",
"pos": "V",
"epos": "V"}
}
,
{
"node": "l",
"frag": "ma-a",
"id": "P334279.l04cbd",
"ref": "P334279.50.2",
"inst": "mā[saying]PRP",
"sig": "@saao/saa05%akk-x-neoass:ma-a=mā[saying//saying]PRP'PRP$mā",
"f": {"lang": "akk-x-neoass",
"form": "ma-a",
"cf": "mā",
"gw": "saying",
"sense": "saying",
"norm": "mā",
"pos": "PRP",
"epos": "PRP"}
}
,
{
"node": "l",
"frag": "šum₂\\m-ma",
"id": "P334279.l04cbe",
"ref": "P334279.50.3",
"inst": "šumma[if]MOD",
"sig": "@saao/saa05%akk-x-neoass:šum₂-ma=šumma[if//if]MOD'MOD$šumma",
"f": {"lang": "akk-x-neoass",
"form": "šum₂-ma",
"cf": "šumma",
"gw": "if",
"sense": "if",
"norm": "šumma",
"pos": "MOD",
"epos": "MOD"}
}
,
{
"node": "l",
"frag": "{lu₂vy}LUL-MEŠ",
"id": "P334279.l04cbf",
"ref": "P334279.50.4",
"inst": "parriṣūti[criminal]N",
"sig": "@saao/saa05%akk-x-neoass:{LU₂}LUL-MEŠ=parriṣu[criminal//criminal]N'N$parriṣūti",
"f": {"lang": "akk-x-neoass",
"form": "{LU₂}LUL-MEŠ",
"cf": "parriṣu",
"gw": "criminal",
"sense": "criminal",
"norm": "parriṣūti",
"pos": "N",
"epos": "N"}
}
,
{
"node": "d",
"type": "line-start",
"ref": "P334279.51",
"n": "23",
"label": "r 23"}
,
{
"node": "l",
"frag": "la",
"id": "P334279.l04cc0",
"ref": "P334279.51.1",
"inst": "lā[not]MOD",
"sig": "@saao/saa05%akk-x-neoass:la=lā[not//not]MOD'MOD$lā",
"f": {"lang": "akk-x-neoass",
"form": "la",
"cf": "lā",
"gw": "not",
"sense": "not",
"norm": "lā",
"pos": "MOD",
"epos": "MOD"}
}
,
{
"node": "l",
"frag": "tu-ṣa-bit",
"id": "P334279.l04cc1",
"ref": "P334279.51.2",
"inst": "ṣabātu[seize]V$tuṣabbit",
"sig": "@saao/saa05%akk-x-neoass:tu-ṣa-bit=ṣabātu[seize//seize]V'V$tuṣabbit",
"f": {"lang": "akk-x-neoass",
"form": "tu-ṣa-bit",
"cf": "ṣabātu",
"gw": "seize",
"sense": "seize",
"norm": "tuṣabbit",
"pos": "V",
"epos": "V"}
}
,
{
"node": "l",
"frag": "ma-a",
"id": "P334279.l04cc2",
"ref": "P334279.51.3",
"inst": "mā[saying]PRP",
"sig": "@saao/saa05%akk-x-neoass:ma-a=mā[saying//saying]PRP'PRP$mā",
"f": {"lang": "akk-x-neoass",
"form": "ma-a",
"cf": "mā",
"gw": "saying",
"sense": "saying",
"norm": "mā",
"pos": "PRP",
"epos": "PRP"}
}
,
{
"node": "l",
"frag": "lu",
"id": "P334279.l04cc3",
"ref": "P334279.51.4",
"inst": "lū[may]MOD",
"sig": "@saao/saa05%akk-x-neoass:lu=lū[may//may]MOD'MOD$lū",
"f": {"lang": "akk-x-neoass",
"form": "lu",
"cf": "lū",
"gw": "may",
"sense": "may",
"norm": "lū",
"pos": "MOD",
"epos": "MOD"}
}
,
{
"node": "l",
"frag": "tu-da",
"id": "P334279.l04cc4",
"ref": "P334279.51.5",
"inst": "wadû[know]V$tūda",
"sig": "@saao/saa05%akk-x-neoass:tu-da=wadû[know//know]V'V$tūda",
"f": {"lang": "akk-x-neoass",
"form": "tu-da",
"cf": "wadû",
"gw": "know",
"sense": "know",
"norm": "tūda",
"pos": "V",
"epos": "V"}
}
,
{
"node": "d",
"type": "line-start",
"ref": "P334279.52",
"n": "24",
"label": "r 24"}
,
{
"node": "l",
"frag": "ki-i",
"id": "P334279.l04cc5",
"ref": "P334279.52.1",
"inst": "kî[that]'SBJ",
"sig": "@saao/saa05%akk-x-neoass:ki-i=kī[like//that]PRP'SBJ$kî",
"f": {"lang": "akk-x-neoass",
"form": "ki-i",
"cf": "kī",
"gw": "like",
"sense": "that",
"norm": "kî",
"pos": "PRP",
"epos": "SBJ"}
}
,
{
"node": "l",
"frag": "at-ta",
"id": "P334279.l04cc6",
"ref": "P334279.52.2",
"inst": "atta[you]IP",
"sig": "@saao/saa05%akk-x-neoass:at-ta=atta[you//you]IP'IP$atta",
"f": {"lang": "akk-x-neoass",
"form": "at-ta",
"cf": "atta",
"gw": "you",
"sense": "you",
"norm": "atta",
"pos": "IP",
"epos": "IP"}
}
,
{
"node": "l",
"frag": "tu-šal-lum-ni",
"id": "P334279.l04cc7",
"ref": "P334279.52.3",
"inst": "šalāmu[be(come) healthy//compensate]V$tušallumni",
"sig": "@saao/saa05%akk-x-neoass:tu-šal-lum-ni=šalāmu[be(come) healthy//compensate]V'V$tušallumni",
"f": {"lang": "akk-x-neoass",
"form": "tu-šal-lum-ni",
"cf": "šalāmu",
"gw": "be(come) healthy",
"sense": "compensate",
"norm": "tušallumni",
"pos": "V",
"epos": "V"}
}
,
{
"node": "d",
"type": "line-start",
"ref": "P334279.53",
"n": "25",
"label": "r 25"}
,
{
"node": "l",
"frag": "{lu₂v}pa-ri-ṣu-u-te",
"id": "P334279.l04cc8",
"ref": "P334279.53.1",
"inst": "parriṣu[criminal]N$parriṣūte",
"sig": "@saao/saa05%akk-x-neoass:{LU₂}pa-ri-ṣu-u-te=parriṣu[criminal//criminal]N'N$parriṣūte",
"f": {"lang": "akk-x-neoass",
"form": "{LU₂}pa-ri-ṣu-u-te",
"cf": "parriṣu",
"gw": "criminal",
"sense": "criminal",
"norm": "parriṣūte",
"pos": "N",
"epos": "N"}
}
,
{
"node": "d",
"subtype": "right",
"type": "surface",
"ref": "P334279.r.e..54",
"type": "right",
"label": "r.e."}
,
{
"node": "d",
"type": "line-start",
"ref": "P334279.55",
"n": "26",
"label": "r.e. 26"}
,
{
"node": "l",
"frag": "ša",
"id": "P334279.l04cc9",
"ref": "P334279.55.1",
"inst": "ša[of]DET",
"sig": "@saao/saa05%akk-x-neoass:ša=ša[of//of]DET'DET$ša",
"f": {"lang": "akk-x-neoass",
"form": "ša",
"cf": "ša",
"gw": "of",
"sense": "of",
"norm": "ša",
"pos": "DET",
"epos": "DET"}
}
,
{
"node": "l",
"frag": "{uru}arrap-ha",
"id": "P334279.l04cca",
"ref": "P334279.55.2",
"inst": "Arrapha[1]GN",
"sig": "@saao/saa05%akk-x-neoass:{URU}arrap-ha=Arrapha[1//1]GN'GN$Arrapha",
"f": {"lang": "akk-x-neoass",
"form": "{URU}arrap-ha",
"cf": "Arrapha",
"gw": "1",
"sense": "1",
"norm": "Arrapha",
"pos": "GN",
"epos": "GN"}
}
,
{
"node": "d",
"type": "line-start",
"ref": "P334279.56",
"n": "27",
"label": "r.e. 27"}
,
{
"node": "l",
"frag": "ša",
"id": "P334279.l04ccb",
"ref": "P334279.56.1",
"inst": "ša[of]DET",
"sig": "@saao/saa05%akk-x-neoass:ša=ša[of//of]DET'DET$ša",
"f": {"lang": "akk-x-neoass",
"form": "ša",
"cf": "ša",
"gw": "of",
"sense": "of",
"norm": "ša",
"pos": "DET",
"epos": "DET"}
}
,
{
"node": "l",
"frag": "E₂",
"id": "P334279.l04ccc",
"ref": "P334279.56.2",
"inst": "bēt[house]N",
"sig": "@saao/saa05%akk-x-neoass:E₂=bītu[house//house]N'N$bēt",
"f": {"lang": "akk-x-neoass",
"form": "E₂",
"cf": "bītu",
"gw": "house",
"sense": "house",
"norm": "bēt",
"pos": "N",
"epos": "N"}
}
,
{
"node": "l",
"frag": "{lu₂vy}ŠU₂.NIGIR₂-E₂.GAL",
"id": "P334279.l04ccd",
"ref": "P334279.56.3",
"cof-tails": "P334279.l04cce",
"inst": "nāgiru[herald]N$nāgir&ēkallu[palace]N$ēkalli",
"sig": "@saao/saa05%akk-x-neoass:{LU₂}ŠU₂.NIGIR₂-E₂.GAL=nāgiru[herald//herald]N'N$nāgir&&@saao%akk-x-neoass:=ēkallu[palace//palace]N'N$ēkalli",
"f": {"lang": "akk-x-neoass",
"form": "{LU₂}ŠU₂.NIGIR₂-E₂.GAL",
"cf": "nāgiru",
"gw": "herald",
"sense": "herald",
"norm": "nāgir",
"pos": "N",
"epos": "N"}
}
,
{
"node": "l",
"frag": "{lu₂vy}ŠU₂.NIGIR₂-E₂.GAL",
"id": "P334279.l04cce",
"ref": "P334279.56.3",
"cof-head": "P334279.l04ccd",
"inst": "nāgiru[herald]N$nāgir&ēkallu[palace]N$ēkalli",
"tail-sig": "@saao%akk-x-neoass:=ēkallu[palace//palace]N'N$ēkalli",
"f": {"lang": "akk-x-neoass",
"form": "{LU₂}ŠU₂.NIGIR₂-E₂.GAL",
"cf": "ēkallu",
"gw": "palace",
"sense": "palace",
"norm": "ēkalli",
"pos": "N",
"epos": "N"}
}
,
{
"node": "d",
"subtype": "edge",
"type": "surface",
"ref": "P334279.e..57",
"type": "edge",
"label": "e."}
,
{
"node": "d",
"type": "line-start",
"ref": "P334279.58",
"n": "1",
"label": "e. 1"}
,
{
"node": "l",
"frag": "up-ta-at-hu-ru",
"id": "P334279.l04ccf",
"ref": "P334279.58.1",
"inst": "pahāru[gather]V$uptathuru",
"sig": "@saao/saa05%akk-x-neoass:up-ta-at-hu-ru=pahāru[gather//gather]V'V$uptathuru",
"f": {"lang": "akk-x-neoass",
"form": "up-ta-at-hu-ru",
"cf": "pahāru",
"gw": "gather",
"sense": "gather",
"norm": "uptathuru",
"pos": "V",
"epos": "V"}
}
,
{
"node": "c",
"type": "phrase",
"tag": "phr",
"id": "P334279.U11",
"ref": "P334279.ls00007",
"cdl": [
{
"node": "l",
"frag": "ina",
"id": "P334279.l04cd0",
"ref": "P334279.58.2",
"inst": "ina[in+=there]PRP",
"sig": "@saao/saa05%akk-x-neoass:ina=ina[in//in]PRP'PRP$ina",
"f": {"lang": "akk-x-neoass",
"form": "ina",
"cf": "ina",
"gw": "in",
"sense": "in",
"norm": "ina",
"pos": "PRP",
"epos": "PRP"}
}
,
{
"node": "l",
"frag": "ŠA₃",
"id": "P334279.l04cd1",
"ref": "P334279.58.3",
"inst": "libbu[interior]N$libbi",
"sig": "@saao/saa05%akk-x-neoass:ŠA₃=libbu[interior//interior]N'N$libbi",
"f": {"lang": "akk-x-neoass",
"form": "ŠA₃",
"cf": "libbu",
"gw": "interior",
"sense": "interior",
"norm": "libbi",
"pos": "N",
"epos": "N"}
}
]}
,
{
"node": "l",
"frag": "i\\p-za-qu-pu",
"id": "P334279.l04cd2",
"ref": "P334279.58.4",
"inst": "izaqqupu[attack]V",
"sig": "@saao/saa05%akk-x-neoass:i-za-qu-pu=zaqāpu[fix upright//attack]V'V$izaqqupu",
"f": {"lang": "akk-x-neoass",
"form": "i-za-qu-pu",
"cf": "zaqāpu",
"gw": "fix upright",
"sense": "attack",
"norm": "izaqqupu",
"pos": "V",
"epos": "V"}
}
,
{
"node": "l",
"frag": "u₂-ma-[a",
"id": "P334279.l04cd3",
"ref": "P334279.58.5",
"inst": "ūmâ[now]AV",
"sig": "@saao/saa05%akk-x-neoass:u₂-ma-a=ūma[today//now]AV'AV$ūmâ",
"f": {"lang": "akk-x-neoass",
"form": "u₂-ma-a",
"cf": "ūma",
"gw": "today",
"sense": "now",
"norm": "ūmâ",
"pos": "AV",
"epos": "AV"}
}
,
{
"node": "l",
"frag": "x",
"id": "P334279.l04cd4",
"ref": "P334279.58.6",
"inst": "u",
"f": {"lang": "akk-x-neoass",
"form": "x",
"pos": "u"}
}
,
{
"node": "l",
"frag": "x",
"id": "P334279.l04cd5",
"ref": "P334279.58.7",
"inst": "u",
"f": {"lang": "akk-x-neoass",
"form": "x",
"pos": "u"}
}
,
{
"node": "l",
"frag": "x]",
"id": "P334279.l04cd6",
"ref": "P334279.58.8",
"inst": "u",
"f": {"lang": "akk-x-neoass",
"form": "x",
"pos": "u"}
}
,
{
"node": "d",
"type": "line-start",
"ref": "P334279.59",
"n": "2",
"label": "e. 2"}
,
{
"node": "l",
"frag": "u₂-se-li",
"id": "P334279.l04cd7",
"ref": "P334279.59.1",
"inst": "ussēli[take up]V",
"sig": "@saao/saa05%akk-x-neoass:u₂-se-li=elû[go up//take up]V'V$ussēli",
"f": {"lang": "akk-x-neoass",
"form": "u₂-se-li",
"cf": "elû",
"gw": "go up",
"sense": "take up",
"norm": "ussēli",
"pos": "V",
"epos": "V"}
}
,
{
"node": "l",
"frag": "i-na\\td-ṣur",
"id": "P334279.l04cd8",
"ref": "P334279.59.2",
"inst": "inaṣṣur[keep guard]V",
"sig": "@saao/saa05%akk-x-neoass:i-na-ṣur=naṣāru[guard//keep guard]V'V$inaṣṣur",
"f": {"lang": "akk-x-neoass",
"form": "i-na-ṣur",
"cf": "naṣāru",
"gw": "guard",
"sense": "keep guard",
"norm": "inaṣṣur",
"pos": "V",
"epos": "V"}
}
,
{
"node": "l",
"frag": "šum₂-ma",
"id": "P334279.l04cd9",
"ref": "P334279.59.3",
"inst": "šumma[if]MOD",
"sig": "@saao/saa05%akk-x-neoass:šum₂-ma=šumma[if//if]MOD'MOD$šumma",
"f": {"lang": "akk-x-neoass",
"form": "šum₂-ma",
"cf": "šumma",
"gw": "if",
"sense": "if",
"norm": "šumma",
"pos": "MOD",
"epos": "MOD"}
}
,
{
"node": "l",
"frag": "u₂-ṣa-bit-u-ni",
"id": "P334279.l04cda",
"ref": "P334279.59.4",
"inst": "ṣabātu[seize]V$uṣṣabbitūni",
"sig": "@saao/saa05%akk-x-neoass:u₂-ṣa-bit-u-ni=ṣabātu[seize//seize]V'V$uṣṣabbitūni",
"f": {"lang": "akk-x-neoass",
"form": "u₂-ṣa-bit-u-ni",
"cf": "ṣabātu",
"gw": "seize",
"sense": "seize",
"norm": "uṣṣabbitūni",
"pos": "V",
"epos": "V"}
}
,
{
"node": "c",
"type": "phrase",
"tag": "phr",
"id": "P334279.U12",
"ref": "P334279.ls00008",
"cdl": [
{
"node": "l",
"frag": "ina",
"id": "P334279.l04cdb",
"ref": "P334279.59.5",
"inst": "ina[in+=to]PRP",
"sig": "@saao/saa05%akk-x-neoass:ina=ina[in//in]PRP'PRP$ina",
"f": {"lang": "akk-x-neoass",
"form": "ina",
"cf": "ina",
"gw": "in",
"sense": "in",
"norm": "ina",
"pos": "PRP",
"epos": "PRP"}
}
,
{
"node": "l",
"frag": "⸢IGI⸣",
"id": "P334279.l04cdc",
"ref": "P334279.59.6",
"inst": "pān[front]N",
"sig": "@saao/saa05%akk-x-neoass:IGI=pānu[front//front]N'N$pān",
"f": {"lang": "akk-x-neoass",
"form": "IGI",
"cf": "pānu",
"gw": "front",
"sense": "front",
"norm": "pān",
"pos": "N",
"epos": "N"}
}
]}
,
{
"node": "l",
"frag": "[LUGAL",
"id": "P334279.l04cdd",
"ref": "P334279.59.7",
"inst": "šarri[king]N",
"sig": "@saao/saa05%akk-x-neoass:LUGAL=šarru[king//king]N'N$šarri",
"f": {"lang": "akk-x-neoass",
"form": "LUGAL",
"cf": "šarru",
"gw": "king",
"sense": "king",
"norm": "šarri",
"pos": "N",
"epos": "N"}
}
,
{
"node": "l",
"frag": "EN-ia]",
"id": "P334279.l04cde",
"ref": "P334279.59.8",
"inst": "bēlīya[lord]N",
"sig": "@saao/saa05%akk-x-neoass:EN-ia=bēlu[lord//lord]N'N$bēlīya",
"f": {"lang": "akk-x-neoass",
"form": "EN-ia",
"cf": "bēlu",
"gw": "lord",
"sense": "lord",
"norm": "bēlīya",
"pos": "N",
"epos": "N"}
}
,
{
"node": "d",
"type": "line-start",
"ref": "P334279.60",
"n": "3",
"label": "e. 3"}
,
{
"node": "l",
"frag": "u₂-bal-u-ni-šu₂-nu",
"id": "P334279.l04cdf",
"ref": "P334279.60.1",
"inst": "wabālu[bring]V$ubbalūniššunu",
"sig": "@saao/saa05%akk-x-neoass:u₂-bal-u-ni-šu₂-nu=wabālu[bring//bring]V'V$ubbalūniššunu",
"f": {"lang": "akk-x-neoass",
"form": "u₂-bal-u-ni-šu₂-nu",
"cf": "wabālu",
"gw": "bring",
"sense": "bring",
"norm": "ubbalūniššunu",
"pos": "V",
"epos": "V"}
}
,
{
"node": "l",
"frag": "a-nu-rig",
"id": "P334279.l04ce0",
"ref": "P334279.60.2",
"inst": "annûri[now]AV$annurig",
"sig": "@saao/saa05%akk-x-neoass:a-nu-rig=annûri[now//now]AV'AV$annurig",
"f": {"lang": "akk-x-neoass",
"form": "a-nu-rig",
"cf": "annûri",
"gw": "now",
"sense": "now",
"norm": "annurig",
"pos": "AV",
"epos": "AV"}
}
,
{
"node": "l",
"frag": "{lu₂vy}LUL-MEŠ-te",
"id": "P334279.l04ce1",
"ref": "P334279.60.3",
"inst": "parriṣu[criminal]N$parriṣūte",
"sig": "@saao/saa05%akk-x-neoass:{LU₂}LUL-MEŠ-te=parriṣu[criminal//criminal]N'N$parriṣūte",
"f": {"lang": "akk-x-neoass",
"form": "{LU₂}LUL-MEŠ-te",
"cf": "parriṣu",
"gw": "criminal",
"sense": "criminal",
"norm": "parriṣūte",
"pos": "N",
"epos": "N"}
}
,
{
"node": "l",
"frag": "ša\\dy",
"id": "P334279.l04ce2",
"ref": "P334279.60.4",
"inst": "ša[of]DET",
"sig": "@saao/saa05%akk-x-neoass:ša=ša[of//of]DET'DET$ša",
"f": {"lang": "akk-x-neoass",
"form": "ša",
"cf": "ša",
"gw": "of",
"sense": "of",
"norm": "ša",
"pos": "DET",
"epos": "DET"}
}
,
{
"node": "l",
"frag": "E₂",
"id": "P334279.l04ce3",
"ref": "P334279.60.5",
"inst": "bēt[house]N",
"sig": "@saao/saa05%akk-x-neoass:E₂=bītu[house//house]N'N$bēt",
"f": {"lang": "akk-x-neoass",
"form": "E₂",
"cf": "bītu",
"gw": "house",
"sense": "house",
"norm": "bēt",
"pos": "N",
"epos": "N"}
}
,
{
"node": "l",
"frag": "{lu₂v}[sar-tin-ni]",
"id": "P334279.l04ce4",
"ref": "P334279.60.6",
"inst": "sartenni[chief judge]N",
"sig": "@saao/saa05%akk-x-neoass:{LU₂}sar-tin-ni=sartennu[chief judge//chief judge]N'N$sartenni",
"f": {"lang": "akk-x-neoass",
"form": "{LU₂}sar-tin-ni",
"cf": "sartennu",
"gw": "chief judge",
"sense": "chief judge",
"norm": "sartenni",
"pos": "N",
"epos": "N"}
}
,
{
"node": "d",
"type": "line-start",
"ref": "P334279.61",
"n": "4",
"label": "e. 4"}
,
{
"node": "l",
"frag": "ša",
"id": "P334279.l04ce5",
"ref": "P334279.61.1",
"inst": "ša[of]DET",
"sig": "@saao/saa05%akk-x-neoass:ša=ša[of//of]DET'DET$ša",
"f": {"lang": "akk-x-neoass",
"form": "ša",
"cf": "ša",
"gw": "of",
"sense": "of",
"norm": "ša",
"pos": "DET",
"epos": "DET"}
}
,
{
"node": "l",
"frag": "qa\\d-an-ni",
"id": "P334279.l04ce6",
"ref": "P334279.61.2",
"inst": "qanni[near]'PRP",
"sig": "@saao/saa05%akk-x-neoass:qa-an-ni=qannu[fringe//near]N'PRP$qanni",
"f": {"lang": "akk-x-neoass",
"form": "qa-an-ni",
"cf": "qannu",
"gw": "fringe",
"sense": "near",
"norm": "qanni",
"pos": "N",
"epos": "PRP"}
}
,
{
"node": "l",
"frag": "{uru}ur-zu\\t-hi-na\\td",
"id": "P334279.l04ce7",
"ref": "P334279.61.3",
"inst": "Urzuhina[1]GN",
"sig": "@saao/saa05%akk-x-neoass:{URU}ur-zu-hi-na=Arzuhina[1//1]GN'GN$Urzuhina",
"f": {"lang": "akk-x-neoass",
"form": "{URU}ur-zu-hi-na",
"cf": "Arzuhina",
"gw": "1",
"sense": "1",
"norm": "Urzuhina",
"pos": "GN",
"epos": "GN"}
}
,
{
"node": "l",
"frag": "in-qut-u-ni",
"id": "P334279.l04ce8",
"ref": "P334279.61.4",
"inst": "maqātu[fall]V$inqutūni",
"sig": "@saao/saa05%akk-x-neoass:in-qut-u-ni=maqātu[fall//fall]V'V$inqutūni",
"f": {"lang": "akk-x-neoass",
"form": "in-qut-u-ni",
"cf": "maqātu",
"gw": "fall",
"sense": "fall",
"norm": "inqutūni",
"pos": "V",
"epos": "V"}
}
,
{
"node": "c",
"type": "phrase",
"tag": "phr",
"id": "P334279.U13",
"ref": "P334279.ls00009",
"cdl": [
{
"node": "l",
"frag": "ina",
"id": "P334279.l04ce9",
"ref": "P334279.61.5",
"inst": "ina[in+=to]PRP",
"sig": "@saao/saa05%akk-x-neoass:ina=ina[in//in]PRP'PRP$ina",
"f": {"lang": "akk-x-neoass",
"form": "ina",
"cf": "ina",
"gw": "in",
"sense": "in",
"norm": "ina",
"pos": "PRP",
"epos": "PRP"}
}
,
{
"node": "l",
"frag": "IGI",
"id": "P334279.l04cea",
"ref": "P334279.61.6",
"inst": "pān[front]N",
"sig": "@saao/saa05%akk-x-neoass:IGI=pānu[front//front]N'N$pān",
"f": {"lang": "akk-x-neoass",
"form": "IGI",
"cf": "pānu",
"gw": "front",
"sense": "front",
"norm": "pān",
"pos": "N",
"epos": "N"}
}
]}
,
{
"node": "l",
"frag": "LUGAL",
"id": "P334279.l04ceb",
"ref": "P334279.61.7",
"inst": "šarri[king]N",
"sig": "@saao/saa05%akk-x-neoass:LUGAL=šarru[king//king]N'N$šarri",
"f": {"lang": "akk-x-neoass",
"form": "LUGAL",
"cf": "šarru",
"gw": "king",
"sense": "king",
"norm": "šarri",
"pos": "N",
"epos": "N"}
}
,
{
"node": "l",
"frag": "EN-[ia₂",
"id": "P334279.l04cec",
"ref": "P334279.61.8",
"inst": "bēlīya[lord]N",
"sig": "@saao/saa05%akk-x-neoass:EN-ia₂=bēlu[lord//lord]N'N$bēlīya",
"f": {"lang": "akk-x-neoass",
"form": "EN-ia₂",
"cf": "bēlu",
"gw": "lord",
"sense": "lord",
"norm": "bēlīya",
"pos": "N",
"epos": "N"}
}
,
{
"node": "l",
"frag": "u₂-se-bi-la]",
"id": "P334279.l04ced",
"ref": "P334279.61.9",
"inst": "ussēbila[send]V",
"sig": "@saao/saa05%akk-x-neoass:u₂-se-bi-la=wabālu[bring//send]V'V$ussēbila",
"f": {"lang": "akk-x-neoass",
"form": "u₂-se-bi-la",
"cf": "wabālu",
"gw": "bring",
"sense": "send",
"norm": "ussēbila",
"pos": "V",
"epos": "V"}
}
]}
]}
]}
,
{
"linkbase": [{
"type": "linkset",
"xlink_title": "ina muhhi[on//about]PRP'PRP",
"id": "P334279.ls00000",
"xlink_type": "extended",
"xlink_role": "psu",
"sig": "{ina[in]PRP muhhu[skull]N += ina muhhi[on//about]PRP'PRP}::@saao%akk-x-neoass:ina=ina[in//into]PRP'PRP$ina++@saao%akk-x-neoass:UGU=muhhu[skull//skull]N'N$muhhi",
"links": [
{
"type": "link",
"xlink_title": "ina",
"xlink_type": "locator",
"xlink_href": "#P334279.l04c22",
"xlink_role": "elt"}
,
{
"type": "link",
"xlink_title": "muhhi",
"xlink_type": "locator",
"xlink_href": "#P334279.l04c23",
"xlink_role": "elt"}
]}
,
{
"type": "linkset",
"xlink_title": "ina pānāt[before//at the disposal of]PRP'PRP",
"id": "P334279.ls00001",
"xlink_type": "extended",
"xlink_role": "psu",
"sig": "{ina[in]PRP pānātu[front]N += ina pānāt[before//at the disposal of]PRP'PRP}::@saao%akk-x-neoass:i-pa-na-tu₂-šu₂-nu=ina[in//into]PRP'PRP$ina++@saao%akk-x-neoass:i-pa-na-tu₂-šu₂-nu=pānātu[front//front]N'N$pānātuššunu",
"links": [
{
"type": "link",
"xlink_title": "ina",
"xlink_type": "locator",
"xlink_href": "#P334279.l04c37",
"xlink_role": "elt"}
,
{
"type": "link",
"xlink_title": "pānātu",
"xlink_type": "locator",
"xlink_href": "#P334279.l04c38",
"xlink_role": "elt"}
]}
,
{
"type": "linkset",
"xlink_title": "ana kallî[posthaste//posthaste]AV'AV",
"id": "P334279.ls00002",
"xlink_type": "extended",
"xlink_role": "psu",
"sig": "{ana[to]PRP kallû[express messenger]N += ana kallî[posthaste//posthaste]AV'AV}::@saao%akk-x-neoass:a-na=ana[to//to]PRP'PRP$ana++@saao%akk-x-neoass:ka-li-e=kallû[express messenger//express messenger]N'N$kallie",
"links": [
{
"type": "link",
"xlink_title": "ana",
"xlink_type": "locator",
"xlink_href": "#P334279.l04c63",
"xlink_role": "elt"}
,
{
"type": "link",
"xlink_title": "kallû",
"xlink_type": "locator",
"xlink_href": "#P334279.l04c64",
"xlink_role": "elt"}
]}
,
{
"type": "linkset",
"xlink_title": "ina libbi[in//(in exchange) for]PRP'PRP",
"id": "P334279.ls00003",
"xlink_type": "extended",
"xlink_role": "psu",
"sig": "{ina[in]PRP libbu[interior]N += ina libbi[in//(in exchange) for]PRP'PRP}::@saao%akk-x-neoass:ina=ina[in//into]PRP'PRP$ina++@saao%akk-x-neoass:ŠA₃=libbu[interior//interior]N'N$libbi",
"links": [
{
"type": "link",
"xlink_title": "ina",
"xlink_type": "locator",
"xlink_href": "#P334279.l04c8a",
"xlink_role": "elt"}
,
{
"type": "link",
"xlink_title": "libbi",
"xlink_type": "locator",
"xlink_href": "#P334279.l04c8b",
"xlink_role": "elt"}
]}
,
{
"type": "linkset",
"xlink_title": "ina muhhi[on//about]PRP'PRP",
"id": "P334279.ls00004",
"xlink_type": "extended",
"xlink_role": "psu",
"sig": "{ina[in]PRP muhhu[skull]N += ina muhhi[on//about]PRP'PRP}::@saao%akk-x-neoass:ina=ina[in//into]PRP'PRP$ina++@saao%akk-x-neoass:UGU=muhhu[skull//skull]N'N$muhhi",
"links": [
{
"type": "link",
"xlink_title": "ina",
"xlink_type": "locator",
"xlink_href": "#P334279.l04ca2",
"xlink_role": "elt"}
,
{
"type": "link",
"xlink_title": "muhhi",
"xlink_type": "locator",
"xlink_href": "#P334279.l04ca3",
"xlink_role": "elt"}
]}
,
{
"type": "linkset",
"xlink_title": "ina muhhi[on//about]PRP'PRP",
"id": "P334279.ls00005",
"xlink_type": "extended",
"xlink_role": "psu",
"sig": "{ina[in]PRP muhhu[skull]N += ina muhhi[on//about]PRP'PRP}::@saao%akk-x-neoass:ina=ina[in//into]PRP'PRP$ina++@saao%akk-x-neoass:UGU=muhhu[skull//skull]N'N$muhhi",
"links": [
{
"type": "link",
"xlink_title": "ina",
"xlink_type": "locator",
"xlink_href": "#P334279.l04caa",
"xlink_role": "elt"}
,
{
"type": "link",
"xlink_title": "muhhi",
"xlink_type": "locator",
"xlink_href": "#P334279.l04cab",
"xlink_role": "elt"}
]}
,
{
"type": "linkset",
"xlink_title": "rab kakardinni[chief confectioner//chief confectioner]N'N",
"id": "P334279.ls00006",
"xlink_type": "extended",
"xlink_role": "psu",
"sig": "{rabû[big one]N kakardinnu[victualler]N += rab kakardinni[chief confectioner//chief confectioner]N'N}::@saao%akk-x-neoass:{LU₂}GAL-SUM.NINDA=rabû[big one//big one]N'N$rab++@saao%akk-x-neoass:{LU₂}GAL-SUM.NINDA=kakardinnu[victualler//victualler]N'N$karkadinni",
"links": [
{
"type": "link",
"xlink_title": "rabû",
"xlink_type": "locator",
"xlink_href": "#P334279.l04cae",
"xlink_role": "elt"}
,
{
"type": "link",
"xlink_title": "kakardinnu",
"xlink_type": "locator",
"xlink_href": "#P334279.l04caf",
"xlink_role": "elt"}
]}
,
{
"type": "linkset",
"xlink_title": "ina libbi[in//(in exchange) for]PRP'PRP",
"id": "P334279.ls00007",
"xlink_type": "extended",
"xlink_role": "psu",
"sig": "{ina[in]PRP libbu[interior]N += ina libbi[in//(in exchange) for]PRP'PRP}::@saao%akk-x-neoass:ina=ina[in//into]PRP'PRP$ina++@saao%akk-x-neoass:ŠA₃=libbu[interior//interior]N'N$libbi",
"links": [
{
"type": "link",
"xlink_title": "ina",
"xlink_type": "locator",
"xlink_href": "#P334279.l04cd0",
"xlink_role": "elt"}
,
{
"type": "link",
"xlink_title": "libbu",
"xlink_type": "locator",
"xlink_href": "#P334279.l04cd1",
"xlink_role": "elt"}
]}
,
{
"type": "linkset",
"xlink_title": "ina pān[in the presence of//at the disposal of]PRP'PRP",
"id": "P334279.ls00008",
"xlink_type": "extended",
"xlink_role": "psu",
"sig": "{ina[in]PRP pānu[front]N += ina pān[in the presence of//at the disposal of]PRP'PRP}::@saao%akk-x-neoass:ina=ina[in//into]PRP'PRP$ina++@saao%akk-x-neoass:IGI=pānu[front//front]N'N$pān",
"links": [
{
"type": "link",
"xlink_title": "ina",
"xlink_type": "locator",
"xlink_href": "#P334279.l04cdb",
"xlink_role": "elt"}
,
{
"type": "link",
"xlink_title": "pānu",
"xlink_type": "locator",
"xlink_href": "#P334279.l04cdc",
"xlink_role": "elt"}
]}
,
{
"type": "linkset",
"xlink_title": "ina pān[in the presence of//at the disposal of]PRP'PRP",
"id": "P334279.ls00009",
"xlink_type": "extended",
"xlink_role": "psu",
"sig": "{ina[in]PRP pānu[front]N += ina pān[in the presence of//at the disposal of]PRP'PRP}::@saao%akk-x-neoass:ina=ina[in//into]PRP'PRP$ina++@saao%akk-x-neoass:IGI=pānu[front//front]N'N$pān",
"links": [
{
"type": "link",
"xlink_title": "ina",
"xlink_type": "locator",
"xlink_href": "#P334279.l04ce9",
"xlink_role": "elt"}
,
{
"type": "link",
"xlink_title": "pānu",
"xlink_type": "locator",
"xlink_href": "#P334279.l04cea",
"xlink_role": "elt"}
]}
]}
]}
