{
"type": "cdl",
  "source": "http://oracc.org/saao/saa05",
  "license": "This data is released under the CC0 license",
  "license-url": "https://creativecommons.org/publicdomain/zero/1.0/",
  "more-info": "http://oracc.org/doc/opendata/",
  "UTC-timestamp": "2017-05-19T11:27:55",
"project": "saao/saa05",
"textid": "P334674",
"cdl": [
{
"node": "c",
"type": "text",
"id": "P334674.U0",
"cdl": [
{
"node": "d",
"type": "object",
"ref": ""}
,
{
"node": "d",
"subtype": "obverse",
"type": "surface",
"ref": "P334674.o.1",
"type": "obverse",
"label": "o"}
,
{
"node": "c",
"type": "discourse",
"subtype": "body",
"id": "P334674.U1",
"cdl": [
{
"node": "c",
"type": "sentence",
"id": "P334674.U2",
"label": "o 1 - r.e. 13",
"cdl": [
{
"node": "d",
"type": "line-start",
"ref": "P334674.2",
"n": "1",
"label": "o 1"}
,
{
"node": "l",
"frag": "a-na",
"id": "P334674.l01d51",
"ref": "P334674.2.1",
"inst": "ana[to]PRP$",
"sig": "@saao/saa05%akk-x-neoass:a-na=ana[to//to]PRP'PRP$ana",
"f": {"lang": "akk-x-neoass",
"form": "a-na",
"cf": "ana",
"gw": "to",
"sense": "to",
"norm": "ana",
"pos": "PRP",
"epos": "PRP"}
}
,
{
"node": "l",
"frag": "LUGAL",
"id": "P334674.l01d52",
"ref": "P334674.2.2",
"inst": "šarri[king]N",
"sig": "@saao/saa05%akk-x-neoass:LUGAL=šarru[king//king]N'N$šarri",
"f": {"lang": "akk-x-neoass",
"form": "LUGAL",
"cf": "šarru",
"gw": "king",
"sense": "king",
"norm": "šarri",
"pos": "N",
"epos": "N"}
}
,
{
"node": "l",
"frag": "EN-ia",
"id": "P334674.l01d53",
"ref": "P334674.2.3",
"inst": "bēlīya[lord]N",
"sig": "@saao/saa05%akk-x-neoass:EN-ia=bēlu[lord//lord]N'N$bēlīya",
"f": {"lang": "akk-x-neoass",
"form": "EN-ia",
"cf": "bēlu",
"gw": "lord",
"sense": "lord",
"norm": "bēlīya",
"pos": "N",
"epos": "N"}
}
,
{
"node": "d",
"type": "line-start",
"ref": "P334674.3",
"n": "2",
"label": "o 2"}
,
{
"node": "l",
"frag": "ARAD-ka",
"id": "P334674.l01d54",
"ref": "P334674.3.1",
"inst": "urdaka[servant]N",
"sig": "@saao/saa05%akk-x-neoass:ARAD-ka=ardu[slave//servant]N'N$urdaka",
"f": {"lang": "akk-x-neoass",
"form": "ARAD-ka",
"cf": "ardu",
"gw": "slave",
"sense": "servant",
"norm": "urdaka",
"pos": "N",
"epos": "N"}
}
,
{
"node": "l",
"frag": "{1}DI-mu-EN-la-aš₂-me",
"id": "P334674.l01d55",
"ref": "P334674.3.2",
"inst": "Šulmu-beli-lašme[]PN$",
"sig": "@saao/saa05%akk-x-neoass:{1}DI-mu-EN-la-aš₂-me=Šulmu-beli-lašme[1//1]PN'PN$Šulmu-beli-lašme",
"f": {"lang": "akk-x-neoass",
"form": "{1}DI-mu-EN-la-aš₂-me",
"cf": "Šulmu-beli-lašme",
"gw": "1",
"sense": "1",
"norm": "Šulmu-beli-lašme",
"pos": "PN",
"epos": "PN"}
}
,
{
"node": "d",
"type": "line-start",
"ref": "P334674.4",
"n": "3",
"label": "o 3"}
,
{
"node": "l",
"frag": "lu",
"id": "P334674.l01d56",
"ref": "P334674.4.1",
"inst": "lū[may]MOD",
"sig": "@saao/saa05%akk-x-neoass:lu=lū[may//may]MOD'MOD$lū",
"f": {"lang": "akk-x-neoass",
"form": "lu",
"cf": "lū",
"gw": "may",
"sense": "may",
"norm": "lū",
"pos": "MOD",
"epos": "MOD"}
}
,
{
"node": "l",
"frag": "DI-mu",
"id": "P334674.l01d57",
"ref": "P334674.4.2",
"inst": "šulmu[health]N",
"sig": "@saao/saa05%akk-x-neoass:DI-mu=šulmu[completeness//health]N'N$šulmu",
"f": {"lang": "akk-x-neoass",
"form": "DI-mu",
"cf": "šulmu",
"gw": "completeness",
"sense": "health",
"norm": "šulmu",
"pos": "N",
"epos": "N"}
}
,
{
"node": "l",
"frag": "a-na",
"id": "P334674.l01d58",
"ref": "P334674.4.3",
"inst": "ana[to]PRP$",
"sig": "@saao/saa05%akk-x-neoass:a-na=ana[to//to]PRP'PRP$ana",
"f": {"lang": "akk-x-neoass",
"form": "a-na",
"cf": "ana",
"gw": "to",
"sense": "to",
"norm": "ana",
"pos": "PRP",
"epos": "PRP"}
}
,
{
"node": "l",
"frag": "LUGAL",
"id": "P334674.l01d59",
"ref": "P334674.4.4",
"inst": "šarri[king]N",
"sig": "@saao/saa05%akk-x-neoass:LUGAL=šarru[king//king]N'N$šarri",
"f": {"lang": "akk-x-neoass",
"form": "LUGAL",
"cf": "šarru",
"gw": "king",
"sense": "king",
"norm": "šarri",
"pos": "N",
"epos": "N"}
}
,
{
"node": "l",
"frag": "EN-ia",
"id": "P334674.l01d5a",
"ref": "P334674.4.5",
"inst": "bēlīya[lord]N",
"sig": "@saao/saa05%akk-x-neoass:EN-ia=bēlu[lord//lord]N'N$bēlīya",
"f": {"lang": "akk-x-neoass",
"form": "EN-ia",
"cf": "bēlu",
"gw": "lord",
"sense": "lord",
"norm": "bēlīya",
"pos": "N",
"epos": "N"}
}
,
{
"node": "d",
"type": "line-start",
"ref": "P334674.5",
"n": "4",
"label": "o 4"}
,
{
"node": "c",
"type": "phrase",
"tag": "phr",
"id": "P334674.U4",
"ref": "P334674.ls00000",
"cdl": [
{
"node": "l",
"frag": "ina",
"id": "P334674.l01d5b",
"ref": "P334674.5.1",
"inst": "ina[in+=concerning]PRP",
"sig": "@saao/saa05%akk-x-neoass:ina=ina[in//in]PRP'PRP$ina",
"f": {"lang": "akk-x-neoass",
"form": "ina",
"cf": "ina",
"gw": "in",
"sense": "in",
"norm": "ina",
"pos": "PRP",
"epos": "PRP"}
}
,
{
"node": "l",
"frag": "UGU",
"id": "P334674.l01d5c",
"ref": "P334674.5.2",
"inst": "muhhi[skull]N",
"sig": "@saao/saa05%akk-x-neoass:UGU=muhhu[skull//skull]N'N$muhhi",
"f": {"lang": "akk-x-neoass",
"form": "UGU",
"cf": "muhhu",
"gw": "skull",
"sense": "skull",
"norm": "muhhi",
"pos": "N",
"epos": "N"}
}
]}
,
{
"node": "l",
"frag": "⸢ša\\m⸣",
"id": "P334674.l01d5d",
"ref": "P334674.5.3",
"inst": "ša[what]REL$",
"sig": "@saao/saa05%akk-x-neoass:ša=ša[that//what]REL'REL$ša",
"f": {"lang": "akk-x-neoass",
"form": "ša",
"cf": "ša",
"gw": "that",
"sense": "what",
"norm": "ša",
"pos": "REL",
"epos": "REL"}
}
,
{
"node": "l",
"frag": "LUGAL",
"id": "P334674.l01d5e",
"ref": "P334674.5.4",
"inst": "šarru[king]N",
"sig": "@saao/saa05%akk-x-neoass:LUGAL=šarru[king//king]N'N$šarru",
"f": {"lang": "akk-x-neoass",
"form": "LUGAL",
"cf": "šarru",
"gw": "king",
"sense": "king",
"norm": "šarru",
"pos": "N",
"epos": "N"}
}
,
{
"node": "l",
"frag": "⸢be⸣-[li₂]",
"id": "P334674.l01d5f",
"ref": "P334674.5.5",
"inst": "bēlī[lord]N",
"sig": "@saao/saa05%akk-x-neoass:be-li₂=bēlu[lord//lord]N'N$bēlī",
"f": {"lang": "akk-x-neoass",
"form": "be-li₂",
"cf": "bēlu",
"gw": "lord",
"sense": "lord",
"norm": "bēlī",
"pos": "N",
"epos": "N"}
}
,
{
"node": "d",
"type": "line-start",
"ref": "P334674.6",
"n": "5",
"label": "o 5"}
,
{
"node": "l",
"frag": "iš-pur-a-ni",
"id": "P334674.l01d60",
"ref": "P334674.6.1",
"inst": "išpuranni[write]V",
"sig": "@saao/saa05%akk-x-neoass:iš-pur-a-ni=šapāru[send//write]V'V$išpuranni",
"f": {"lang": "akk-x-neoass",
"form": "iš-pur-a-ni",
"cf": "šapāru",
"gw": "send",
"sense": "write",
"norm": "išpuranni",
"pos": "V",
"epos": "V"}
}
,
{
"node": "l",
"frag": "[ma-a",
"id": "P334674.l01d61",
"ref": "P334674.6.2",
"inst": "mā[saying]PRP",
"sig": "@saao/saa05%akk-x-neoass:ma-a=mā[saying//saying]PRP'PRP$mā",
"f": {"lang": "akk-x-neoass",
"form": "ma-a",
"cf": "mā",
"gw": "saying",
"sense": "saying",
"norm": "mā",
"pos": "PRP",
"epos": "PRP"}
}
,
{
"node": "l",
"frag": "si-min₃]",
"id": "P334674.l01d62",
"ref": "P334674.6.3",
"inst": "simānu[(right) occasion//time]N$simin",
"sig": "@saao/saa05%akk-x-neoass:si-min₃=simānu[(right) occasion//time]N'N$simin",
"f": {"lang": "akk-x-neoass",
"form": "si-min₃",
"cf": "simānu",
"gw": "(right) occasion",
"sense": "time",
"norm": "simin",
"pos": "N",
"epos": "N"}
}
,
{
"node": "d",
"type": "line-start",
"ref": "P334674.7",
"n": "6",
"label": "o 6"}
,
{
"node": "l",
"frag": "{še}NUMUN\\y-MEŠ",
"id": "P334674.l01d63",
"ref": "P334674.7.1",
"inst": "zarʾē[agricultural land]N",
"sig": "@saao/saa05%akk-x-neoass:{ŠE}NUMUN-MEŠ=zēru[seed(s)//agricultural land]N'N$zarʾē",
"f": {"lang": "akk-x-neoass",
"form": "{ŠE}NUMUN-MEŠ",
"cf": "zēru",
"gw": "seed(s)",
"sense": "agricultural land",
"norm": "zarʾē",
"pos": "N",
"epos": "N"}
}
,
{
"node": "l",
"frag": "⸢a⸣-[ra-ši]",
"id": "P334674.l01d64",
"ref": "P334674.7.2",
"inst": "erēšu[sow//sowing]V'N$arāši",
"sig": "@saao/saa05%akk-x-neoass:a-ra-ši=erēšu[sow//sowing]V'N$arāši",
"f": {"lang": "akk-x-neoass",
"form": "a-ra-ši",
"cf": "erēšu",
"gw": "sow",
"sense": "sowing",
"norm": "arāši",
"pos": "V",
"epos": "N"}
}
,
{
"node": "d",
"type": "line-start",
"ref": "P334674.8",
"n": "7",
"label": "o 7"}
,
{
"node": "l",
"frag": "e-te-te-⸢qi\\t⸣",
"id": "P334674.l01d65",
"ref": "P334674.8.1",
"inst": "etēqu[proceed//let go by]V$ēteteqi",
"sig": "@saao/saa05%akk-x-neoass:e-te-te-qi=etēqu[proceed//let go by]V'V$ēteteqi",
"f": {"lang": "akk-x-neoass",
"form": "e-te-te-qi",
"cf": "etēqu",
"gw": "proceed",
"sense": "let go by",
"norm": "ēteteqi",
"pos": "V",
"epos": "V"}
}
,
{
"node": "l",
"frag": "[ma-a]",
"id": "P334674.l01d66",
"ref": "P334674.8.2",
"inst": "mā[saying]PRP",
"sig": "@saao/saa05%akk-x-neoass:ma-a=mā[saying//saying]PRP'PRP$mā",
"f": {"lang": "akk-x-neoass",
"form": "ma-a",
"cf": "mā",
"gw": "saying",
"sense": "saying",
"norm": "mā",
"pos": "PRP",
"epos": "PRP"}
}
,
{
"node": "d",
"type": "line-start",
"ref": "P334674.9",
"n": "8",
"label": "o 8"}
,
{
"node": "l",
"frag": "te-lit",
"id": "P334674.l01d67",
"ref": "P334674.9.1",
"inst": "tēlītu[produce//yield]N$tēlit",
"sig": "@saao/saa05%akk-x-neoass:te-lit=tēlītu[produce//yield]N'N$tēlit",
"f": {"lang": "akk-x-neoass",
"form": "te-lit",
"cf": "tēlītu",
"gw": "produce",
"sense": "yield",
"norm": "tēlit",
"pos": "N",
"epos": "N"}
}
,
{
"node": "l",
"frag": "ad-⸢ra⸣-[te",
"id": "P334674.l01d68",
"ref": "P334674.9.2",
"inst": "adru[threshing floor]N$adrāte",
"sig": "@saao/saa05%akk-x-neoass:ad-ra-te=adru[threshing floor//threshing floor]N'N$adrāte",
"f": {"lang": "akk-x-neoass",
"form": "ad-ra-te",
"cf": "adru",
"gw": "threshing floor",
"sense": "threshing floor",
"norm": "adrāte",
"pos": "N",
"epos": "N"}
}
,
{
"node": "l",
"frag": "x",
"id": "P334674.l01d69",
"ref": "P334674.9.3",
"inst": "u",
"f": {"lang": "akk-x-neoass",
"form": "x",
"pos": "u"}
}
,
{
"node": "l",
"frag": "x",
"id": "P334674.l01d6a",
"ref": "P334674.9.4",
"inst": "u",
"f": {"lang": "akk-x-neoass",
"form": "x",
"pos": "u"}
}
,
{
"node": "l",
"frag": "x]",
"id": "P334674.l01d6b",
"ref": "P334674.9.5",
"inst": "u",
"f": {"lang": "akk-x-neoass",
"form": "x",
"pos": "u"}
}
,
{
"node": "d",
"type": "line-start",
"ref": "P334674.10",
"n": "9",
"label": "o 9"}
,
{
"node": "l",
"frag": "53",
"id": "P334674.l01d6c",
"ref": "P334674.10.1",
"inst": "n",
"f": {"lang": "akk-x-neoass",
"form": "53",
"pos": "n"}
}
,
{
"node": "l",
"frag": "{lu₂v}[x",
"id": "P334674.l01d6d",
"ref": "P334674.10.2",
"inst": "u",
"f": {"lang": "akk-x-neoass",
"form": "{LU₂}x",
"pos": "u"}
}
,
{
"node": "l",
"frag": "x",
"id": "P334674.l01d6e",
"ref": "P334674.10.3",
"inst": "u",
"f": {"lang": "akk-x-neoass",
"form": "x",
"pos": "u"}
}
,
{
"node": "l",
"frag": "x",
"id": "P334674.l01d6f",
"ref": "P334674.10.4",
"inst": "u",
"f": {"lang": "akk-x-neoass",
"form": "x",
"pos": "u"}
}
,
{
"node": "l",
"frag": "x",
"id": "P334674.l01d70",
"ref": "P334674.10.5",
"inst": "u",
"f": {"lang": "akk-x-neoass",
"form": "x",
"pos": "u"}
}
,
{
"node": "l",
"frag": "x]",
"id": "P334674.l01d71",
"ref": "P334674.10.6",
"inst": "u",
"f": {"lang": "akk-x-neoass",
"form": "x",
"pos": "u"}
}
,
{
"node": "d",
"type": "line-start",
"ref": "P334674.11",
"n": "10",
"label": "o 10"}
,
{
"node": "l",
"frag": "u₂-ša₂-[x",
"id": "P334674.l01d72",
"ref": "P334674.11.1",
"inst": "u",
"f": {"lang": "akk-x-neoass",
"form": "u₂-ša₂-x",
"pos": "u"}
}
,
{
"node": "l",
"frag": "x",
"id": "P334674.l01d73",
"ref": "P334674.11.2",
"inst": "u",
"f": {"lang": "akk-x-neoass",
"form": "x",
"pos": "u"}
}
,
{
"node": "l",
"frag": "x",
"id": "P334674.l01d74",
"ref": "P334674.11.3",
"inst": "u",
"f": {"lang": "akk-x-neoass",
"form": "x",
"pos": "u"}
}
,
{
"node": "l",
"frag": "x",
"id": "P334674.l01d75",
"ref": "P334674.11.4",
"inst": "u",
"f": {"lang": "akk-x-neoass",
"form": "x",
"pos": "u"}
}
,
{
"node": "l",
"frag": "x]",
"id": "P334674.l01d76",
"ref": "P334674.11.5",
"inst": "u",
"f": {"lang": "akk-x-neoass",
"form": "x",
"pos": "u"}
}
,
{
"node": "d",
"type": "line-start",
"ref": "P334674.12",
"n": "11",
"label": "o 11"}
,
{
"node": "l",
"frag": "[x]+⸢x⸣+[x",
"id": "P334674.l01d77",
"ref": "P334674.12.1",
"inst": "u",
"f": {"lang": "akk-x-neoass",
"form": "x+x+x",
"pos": "u"}
}
,
{
"node": "l",
"frag": "x",
"id": "P334674.l01d78",
"ref": "P334674.12.2",
"inst": "u",
"f": {"lang": "akk-x-neoass",
"form": "x",
"pos": "u"}
}
,
{
"node": "l",
"frag": "x",
"id": "P334674.l01d79",
"ref": "P334674.12.3",
"inst": "u",
"f": {"lang": "akk-x-neoass",
"form": "x",
"pos": "u"}
}
,
{
"node": "l",
"frag": "x",
"id": "P334674.l01d7a",
"ref": "P334674.12.4",
"inst": "u",
"f": {"lang": "akk-x-neoass",
"form": "x",
"pos": "u"}
}
,
{
"node": "l",
"frag": "x",
"id": "P334674.l01d7b",
"ref": "P334674.12.5",
"inst": "u",
"f": {"lang": "akk-x-neoass",
"form": "x",
"pos": "u"}
}
,
{
"node": "l",
"frag": "x]",
"id": "P334674.l01d7c",
"ref": "P334674.12.6",
"inst": "u",
"f": {"lang": "akk-x-neoass",
"form": "x",
"pos": "u"}
}
,
{
"node": "d",
"type": "nonx",
"ref": "P334674.13",
"strict": "0",
"extent": "rest",
"state": "missing"}
,
{
"node": "d",
"subtype": "reverse",
"type": "surface",
"ref": "P334674.r.14",
"type": "reverse",
"label": "r"}
,
{
"node": "d",
"type": "nonx",
"ref": "P334674.15",
"strict": "0",
"extent": "beginning",
"state": "missing"}
,
{
"node": "d",
"type": "line-start",
"ref": "P334674.16",
"n": "1'",
"label": "r 1'"}
,
{
"node": "l",
"frag": "[ma]-a",
"id": "P334674.l01d7d",
"ref": "P334674.16.1",
"inst": "mā[saying]PRP",
"sig": "@saao/saa05%akk-x-neoass:ma-a=mā[saying//saying]PRP'PRP$mā",
"f": {"lang": "akk-x-neoass",
"form": "ma-a",
"cf": "mā",
"gw": "saying",
"sense": "saying",
"norm": "mā",
"pos": "PRP",
"epos": "PRP"}
}
,
{
"node": "l",
"frag": "a-na",
"id": "P334674.l01d7e",
"ref": "P334674.16.2",
"inst": "ana[to]PRP$",
"sig": "@saao/saa05%akk-x-neoass:a-na=ana[to//to]PRP'PRP$ana",
"f": {"lang": "akk-x-neoass",
"form": "a-na",
"cf": "ana",
"gw": "to",
"sense": "to",
"norm": "ana",
"pos": "PRP",
"epos": "PRP"}
}
,
{
"node": "l",
"frag": "[x",
"id": "P334674.l01d7f",
"ref": "P334674.16.3",
"inst": "u",
"f": {"lang": "akk-x-neoass",
"form": "x",
"pos": "u"}
}
,
{
"node": "l",
"frag": "x",
"id": "P334674.l01d80",
"ref": "P334674.16.4",
"inst": "u",
"f": {"lang": "akk-x-neoass",
"form": "x",
"pos": "u"}
}
,
{
"node": "l",
"frag": "x",
"id": "P334674.l01d81",
"ref": "P334674.16.5",
"inst": "u",
"f": {"lang": "akk-x-neoass",
"form": "x",
"pos": "u"}
}
,
{
"node": "l",
"frag": "x",
"id": "P334674.l01d82",
"ref": "P334674.16.6",
"inst": "u",
"f": {"lang": "akk-x-neoass",
"form": "x",
"pos": "u"}
}
,
{
"node": "l",
"frag": "x]",
"id": "P334674.l01d83",
"ref": "P334674.16.7",
"inst": "u",
"f": {"lang": "akk-x-neoass",
"form": "x",
"pos": "u"}
}
,
{
"node": "d",
"type": "line-start",
"ref": "P334674.17",
"n": "2'",
"label": "r 2'"}
,
{
"node": "l",
"frag": "u₂-ma-a",
"id": "P334674.l01d84",
"ref": "P334674.17.1",
"inst": "ūmâ[now]AV",
"sig": "@saao/saa05%akk-x-neoass:u₂-ma-a=ūma[today//now]AV'AV$ūmâ",
"f": {"lang": "akk-x-neoass",
"form": "u₂-ma-a",
"cf": "ūma",
"gw": "today",
"sense": "now",
"norm": "ūmâ",
"pos": "AV",
"epos": "AV"}
}
,
{
"node": "l",
"frag": "[x",
"id": "P334674.l01d85",
"ref": "P334674.17.2",
"inst": "u",
"f": {"lang": "akk-x-neoass",
"form": "x",
"pos": "u"}
}
,
{
"node": "l",
"frag": "x",
"id": "P334674.l01d86",
"ref": "P334674.17.3",
"inst": "u",
"f": {"lang": "akk-x-neoass",
"form": "x",
"pos": "u"}
}
,
{
"node": "l",
"frag": "x",
"id": "P334674.l01d87",
"ref": "P334674.17.4",
"inst": "u",
"f": {"lang": "akk-x-neoass",
"form": "x",
"pos": "u"}
}
,
{
"node": "l",
"frag": "x",
"id": "P334674.l01d88",
"ref": "P334674.17.5",
"inst": "u",
"f": {"lang": "akk-x-neoass",
"form": "x",
"pos": "u"}
}
,
{
"node": "l",
"frag": "x",
"id": "P334674.l01d89",
"ref": "P334674.17.6",
"inst": "u",
"f": {"lang": "akk-x-neoass",
"form": "x",
"pos": "u"}
}
,
{
"node": "l",
"frag": "x]",
"id": "P334674.l01d8a",
"ref": "P334674.17.7",
"inst": "u",
"f": {"lang": "akk-x-neoass",
"form": "x",
"pos": "u"}
}
,
{
"node": "d",
"type": "line-start",
"ref": "P334674.18",
"n": "3'",
"label": "r 3'"}
,
{
"node": "l",
"frag": "{lu₂v}mu-šar-[kis",
"id": "P334674.l01d8b",
"ref": "P334674.18.1",
"inst": "mušarkisu[(military) procurement officer//procurement officer]N$mušarkis",
"sig": "@saao/saa05%akk-x-neoass:{LU₂}mu-šar-kis=mušarkisu[(military) procurement officer//procurement officer]N'N$mušarkis",
"f": {"lang": "akk-x-neoass",
"form": "{LU₂}mu-šar-kis",
"cf": "mušarkisu",
"gw": "(military) procurement officer",
"sense": "procurement officer",
"norm": "mušarkis",
"pos": "N",
"epos": "N"}
}
,
{
"node": "l",
"frag": "x",
"id": "P334674.l01d8c",
"ref": "P334674.18.2",
"inst": "u",
"f": {"lang": "akk-x-neoass",
"form": "x",
"pos": "u"}
}
,
{
"node": "l",
"frag": "x",
"id": "P334674.l01d8d",
"ref": "P334674.18.3",
"inst": "u",
"f": {"lang": "akk-x-neoass",
"form": "x",
"pos": "u"}
}
,
{
"node": "l",
"frag": "x",
"id": "P334674.l01d8e",
"ref": "P334674.18.4",
"inst": "u",
"f": {"lang": "akk-x-neoass",
"form": "x",
"pos": "u"}
}
,
{
"node": "l",
"frag": "x]",
"id": "P334674.l01d8f",
"ref": "P334674.18.5",
"inst": "u",
"f": {"lang": "akk-x-neoass",
"form": "x",
"pos": "u"}
}
,
{
"node": "d",
"type": "line-start",
"ref": "P334674.19",
"n": "4'",
"label": "r 4'"}
,
{
"node": "l",
"frag": "e-ta-⸢x⸣+[x",
"id": "P334674.l01d90",
"ref": "P334674.19.1",
"inst": "u",
"f": {"lang": "akk-x-neoass",
"form": "e-ta-x+x",
"pos": "u"}
}
,
{
"node": "l",
"frag": "x",
"id": "P334674.l01d91",
"ref": "P334674.19.2",
"inst": "u",
"f": {"lang": "akk-x-neoass",
"form": "x",
"pos": "u"}
}
,
{
"node": "l",
"frag": "x",
"id": "P334674.l01d92",
"ref": "P334674.19.3",
"inst": "u",
"f": {"lang": "akk-x-neoass",
"form": "x",
"pos": "u"}
}
,
{
"node": "l",
"frag": "x",
"id": "P334674.l01d93",
"ref": "P334674.19.4",
"inst": "u",
"f": {"lang": "akk-x-neoass",
"form": "x",
"pos": "u"}
}
,
{
"node": "l",
"frag": "x",
"id": "P334674.l01d94",
"ref": "P334674.19.5",
"inst": "u",
"f": {"lang": "akk-x-neoass",
"form": "x",
"pos": "u"}
}
,
{
"node": "l",
"frag": "x]",
"id": "P334674.l01d95",
"ref": "P334674.19.6",
"inst": "u",
"f": {"lang": "akk-x-neoass",
"form": "x",
"pos": "u"}
}
,
{
"node": "d",
"type": "line-start",
"ref": "P334674.20",
"n": "5'",
"label": "r 5'"}
,
{
"node": "l",
"frag": "la-a",
"id": "P334674.l01d96",
"ref": "P334674.20.1",
"inst": "lā[not]MOD",
"sig": "@saao/saa05%akk-x-neoass:la-a=lā[not//not]MOD'MOD$lā",
"f": {"lang": "akk-x-neoass",
"form": "la-a",
"cf": "lā",
"gw": "not",
"sense": "not",
"norm": "lā",
"pos": "MOD",
"epos": "MOD"}
}
,
{
"node": "l",
"frag": "{še}tab-[ku",
"id": "P334674.l01d97",
"ref": "P334674.20.2",
"inst": "tabku[(grain) store]N$",
"sig": "@saao/saa05%akk-x-neoass:{ŠE}tab-ku=tabku[(grain) store//(grain) store]N'N$tabku",
"f": {"lang": "akk-x-neoass",
"form": "{ŠE}tab-ku",
"cf": "tabku",
"gw": "(grain) store",
"sense": "(grain) store",
"norm": "tabku",
"pos": "N",
"epos": "N"}
}
,
{
"node": "l",
"frag": "x",
"id": "P334674.l01d98",
"ref": "P334674.20.3",
"inst": "u",
"f": {"lang": "akk-x-neoass",
"form": "x",
"pos": "u"}
}
,
{
"node": "l",
"frag": "x",
"id": "P334674.l01d99",
"ref": "P334674.20.4",
"inst": "u",
"f": {"lang": "akk-x-neoass",
"form": "x",
"pos": "u"}
}
,
{
"node": "l",
"frag": "x",
"id": "P334674.l01d9a",
"ref": "P334674.20.5",
"inst": "u",
"f": {"lang": "akk-x-neoass",
"form": "x",
"pos": "u"}
}
,
{
"node": "l",
"frag": "x",
"id": "P334674.l01d9b",
"ref": "P334674.20.6",
"inst": "u",
"f": {"lang": "akk-x-neoass",
"form": "x",
"pos": "u"}
}
,
{
"node": "l",
"frag": "x]",
"id": "P334674.l01d9c",
"ref": "P334674.20.7",
"inst": "u",
"f": {"lang": "akk-x-neoass",
"form": "x",
"pos": "u"}
}
,
{
"node": "d",
"type": "line-start",
"ref": "P334674.21",
"n": "6'",
"label": "r 6'"}
,
{
"node": "l",
"frag": "30",
"id": "P334674.l01d9d",
"ref": "P334674.21.1",
"inst": "n",
"f": {"lang": "akk-x-neoass",
"form": "30",
"pos": "n"}
}
,
{
"node": "l",
"frag": "{anšed}KUR.RA-MEŠ",
"id": "P334674.l01d9e",
"ref": "P334674.21.2",
"inst": "sissê[horse]N",
"sig": "@saao/saa05%akk-x-neoass:{ANŠE}KUR.RA-MEŠ=sisû[horse//horse]N'N$sissê",
"f": {"lang": "akk-x-neoass",
"form": "{ANŠE}KUR.RA-MEŠ",
"cf": "sisû",
"gw": "horse",
"sense": "horse",
"norm": "sissê",
"pos": "N",
"epos": "N"}
}
,
{
"node": "l",
"frag": "[x",
"id": "P334674.l01d9f",
"ref": "P334674.21.3",
"inst": "u",
"f": {"lang": "akk-x-neoass",
"form": "x",
"pos": "u"}
}
,
{
"node": "l",
"frag": "x",
"id": "P334674.l01da0",
"ref": "P334674.21.4",
"inst": "u",
"f": {"lang": "akk-x-neoass",
"form": "x",
"pos": "u"}
}
,
{
"node": "l",
"frag": "x]",
"id": "P334674.l01da1",
"ref": "P334674.21.5",
"inst": "u",
"f": {"lang": "akk-x-neoass",
"form": "x",
"pos": "u"}
}
,
{
"node": "d",
"type": "line-start",
"ref": "P334674.22",
"n": "7'",
"label": "r 7'"}
,
{
"node": "l",
"frag": "⸢ša⸣",
"id": "P334674.l01da2",
"ref": "P334674.22.1",
"inst": "ša[of]DET",
"sig": "@saao/saa05%akk-x-neoass:ša=ša[of//of]DET'DET$ša",
"f": {"lang": "akk-x-neoass",
"form": "ša",
"cf": "ša",
"gw": "of",
"sense": "of",
"norm": "ša",
"pos": "DET",
"epos": "DET"}
}
,
{
"node": "l",
"frag": "LUGAL",
"id": "P334674.l01da3",
"ref": "P334674.22.2",
"inst": "šarri[king]N",
"sig": "@saao/saa05%akk-x-neoass:LUGAL=šarru[king//king]N'N$šarri",
"f": {"lang": "akk-x-neoass",
"form": "LUGAL",
"cf": "šarru",
"gw": "king",
"sense": "king",
"norm": "šarri",
"pos": "N",
"epos": "N"}
}
,
{
"node": "l",
"frag": "EN-⸢ia⸣",
"id": "P334674.l01da4",
"ref": "P334674.22.3",
"inst": "bēlīya[lord]N",
"sig": "@saao/saa05%akk-x-neoass:EN-ia=bēlu[lord//lord]N'N$bēlīya",
"f": {"lang": "akk-x-neoass",
"form": "EN-ia",
"cf": "bēlu",
"gw": "lord",
"sense": "lord",
"norm": "bēlīya",
"pos": "N",
"epos": "N"}
}
,
{
"node": "l",
"frag": "[x",
"id": "P334674.l01da5",
"ref": "P334674.22.4",
"inst": "u",
"f": {"lang": "akk-x-neoass",
"form": "x",
"pos": "u"}
}
,
{
"node": "l",
"frag": "x",
"id": "P334674.l01da6",
"ref": "P334674.22.5",
"inst": "u",
"f": {"lang": "akk-x-neoass",
"form": "x",
"pos": "u"}
}
,
{
"node": "l",
"frag": "x]",
"id": "P334674.l01da7",
"ref": "P334674.22.6",
"inst": "u",
"f": {"lang": "akk-x-neoass",
"form": "x",
"pos": "u"}
}
,
{
"node": "d",
"type": "line-start",
"ref": "P334674.23",
"n": "8'",
"label": "r 8'"}
,
{
"node": "l",
"frag": "{[lu₂v}qur]-bu-te",
"id": "P334674.l01da8",
"ref": "P334674.23.1",
"inst": "ša-qurbūte[(royal) confidant]N",
"sig": "@saao/saa05%akk-x-neoass:{LU₂}qur-bu-te=ša-qurbūti[close follower//(royal) confidant]N'N$ša-qurbūte",
"f": {"lang": "akk-x-neoass",
"form": "{LU₂}qur-bu-te",
"cf": "ša-qurbūti",
"gw": "close follower",
"sense": "(royal) confidant",
"norm": "ša-qurbūte",
"pos": "N",
"epos": "N"}
}
,
{
"node": "l",
"frag": "⸢i⸣-[x",
"id": "P334674.l01da9",
"ref": "P334674.23.2",
"inst": "u",
"f": {"lang": "akk-x-neoass",
"form": "i-x",
"pos": "u"}
}
,
{
"node": "l",
"frag": "x",
"id": "P334674.l01daa",
"ref": "P334674.23.3",
"inst": "u",
"f": {"lang": "akk-x-neoass",
"form": "x",
"pos": "u"}
}
,
{
"node": "l",
"frag": "x",
"id": "P334674.l01dab",
"ref": "P334674.23.4",
"inst": "u",
"f": {"lang": "akk-x-neoass",
"form": "x",
"pos": "u"}
}
,
{
"node": "l",
"frag": "x]",
"id": "P334674.l01dac",
"ref": "P334674.23.5",
"inst": "u",
"f": {"lang": "akk-x-neoass",
"form": "x",
"pos": "u"}
}
,
{
"node": "d",
"type": "line-start",
"ref": "P334674.24",
"n": "9'",
"label": "r 9'"}
,
{
"node": "l",
"frag": "[an]-⸢nu⸣-rig",
"id": "P334674.l01dad",
"ref": "P334674.24.1",
"inst": "annurig[now]AV",
"sig": "@saao/saa05%akk-x-neoass:an-nu-rig=annûri[now//now]AV'AV$annurig",
"f": {"lang": "akk-x-neoass",
"form": "an-nu-rig",
"cf": "annûri",
"gw": "now",
"sense": "now",
"norm": "annurig",
"pos": "AV",
"epos": "AV"}
}
,
{
"node": "l",
"frag": "{1}man-nu-GIM-PAB-⸢MEŠ⸣",
"id": "P334674.l01dae",
"ref": "P334674.24.2",
"inst": "Mannu-ki-ahhe[]PN$",
"sig": "@saao/saa05%akk-x-neoass:{1}man-nu-GIM-PAB-MEŠ=Mannu-ki-ahhe[1//1]PN'PN$Mannu-ki-ahhe",
"f": {"lang": "akk-x-neoass",
"form": "{1}man-nu-GIM-PAB-MEŠ",
"cf": "Mannu-ki-ahhe",
"gw": "1",
"sense": "1",
"norm": "Mannu-ki-ahhe",
"pos": "PN",
"epos": "PN"}
}
,
{
"node": "d",
"type": "line-start",
"ref": "P334674.25",
"n": "10'",
"label": "r 10'"}
,
{
"node": "l",
"frag": "{[lu₂v]}⸢qur⸣-bu-te",
"id": "P334674.l01daf",
"ref": "P334674.25.1",
"inst": "ša-qurbūte[(royal) confidant]N",
"sig": "@saao/saa05%akk-x-neoass:{LU₂}qur-bu-te=ša-qurbūti[close follower//(royal) confidant]N'N$ša-qurbūte",
"f": {"lang": "akk-x-neoass",
"form": "{LU₂}qur-bu-te",
"cf": "ša-qurbūti",
"gw": "close follower",
"sense": "(royal) confidant",
"norm": "ša-qurbūte",
"pos": "N",
"epos": "N"}
}
,
{
"node": "l",
"frag": "ša\\dm",
"id": "P334674.l01db0",
"ref": "P334674.25.2",
"inst": "ša[who]REL",
"sig": "@saao/saa05%akk-x-neoass:ša=ša[that//who]REL'REL$ša",
"f": {"lang": "akk-x-neoass",
"form": "ša",
"cf": "ša",
"gw": "that",
"sense": "who",
"norm": "ša",
"pos": "REL",
"epos": "REL"}
}
,
{
"node": "l",
"frag": "{še}nu-sa-hi\\p",
"id": "P334674.l01db1",
"ref": "P334674.25.3",
"inst": "nusāhu[(a grain tax)//grain tax]N$nusāhī",
"sig": "@saao/saa05%akk-x-neoass:{ŠE}nu-sa-hi=nusāhu[(a grain tax)//grain tax]N'N$nusāhī",
"f": {"lang": "akk-x-neoass",
"form": "{ŠE}nu-sa-hi",
"cf": "nusāhu",
"gw": "(a grain tax)",
"sense": "grain tax",
"norm": "nusāhī",
"pos": "N",
"epos": "N"}
}
,
{
"node": "d",
"type": "line-start",
"ref": "P334674.26",
"n": "11'",
"label": "r 11'"}
,
{
"node": "l",
"frag": "[is]-⸢su⸣-hu-u-ni\\d",
"id": "P334674.l01db2",
"ref": "P334674.26.1",
"inst": "nasāhu[tear out//extract]V$issuhūni",
"sig": "@saao/saa05%akk-x-neoass:is-su-hu-u-ni=nasāhu[tear out//extract]V'V$issuhūni",
"f": {"lang": "akk-x-neoass",
"form": "is-su-hu-u-ni",
"cf": "nasāhu",
"gw": "tear out",
"sense": "extract",
"norm": "issuhūni",
"pos": "V",
"epos": "V"}
}
,
{
"node": "l",
"frag": "LUGAL",
"id": "P334674.l01db3",
"ref": "P334674.26.2",
"inst": "šarru[king]N",
"sig": "@saao/saa05%akk-x-neoass:LUGAL=šarru[king//king]N'N$šarru",
"f": {"lang": "akk-x-neoass",
"form": "LUGAL",
"cf": "šarru",
"gw": "king",
"sense": "king",
"norm": "šarru",
"pos": "N",
"epos": "N"}
}
,
{
"node": "l",
"frag": "EN-i",
"id": "P334674.l01db4",
"ref": "P334674.26.3",
"inst": "bēlu[lord]N$bēlī",
"sig": "@saao/saa05%akk-x-neoass:EN-i=bēlu[lord//lord]N'N$bēlī",
"f": {"lang": "akk-x-neoass",
"form": "EN-i",
"cf": "bēlu",
"gw": "lord",
"sense": "lord",
"norm": "bēlī",
"pos": "N",
"epos": "N"}
}
,
{
"node": "d",
"subtype": "right",
"type": "surface",
"ref": "P334674.r.e..27",
"type": "right",
"label": "r.e."}
,
{
"node": "d",
"type": "line-start",
"ref": "P334674.28",
"n": "12",
"label": "r.e. 12"}
,
{
"node": "l",
"frag": "[liš]-al\\d-šu",
"id": "P334674.l01db5",
"ref": "P334674.28.1",
"inst": "šâlu[ask]V$lišʾalšu",
"sig": "@saao/saa05%akk-x-neoass:liš-al-šu=šâlu[ask//ask]V'V$lišʾalšu",
"f": {"lang": "akk-x-neoass",
"form": "liš-al-šu",
"cf": "šâlu",
"gw": "ask",
"sense": "ask",
"norm": "lišʾalšu",
"pos": "V",
"epos": "V"}
}
,
{
"node": "l",
"frag": "šum₂\\m-mu",
"id": "P334674.l01db6",
"ref": "P334674.28.2",
"inst": "šummu[if]MOD",
"sig": "@saao/saa05%akk-x-neoass:šum₂-mu=šumma[if//if]MOD'MOD$šummu",
"f": {"lang": "akk-x-neoass",
"form": "šum₂-mu",
"cf": "šumma",
"gw": "if",
"sense": "if",
"norm": "šummu",
"pos": "MOD",
"epos": "MOD"}
}
,
{
"node": "l",
"frag": "{<še>}PAD-MEŠ\\m",
"id": "P334674.l01db7",
"ref": "P334674.28.3",
"inst": "kurummāti[barley (ration)]N",
"sig": "@saao/saa05%akk-x-neoass:{ŠE}PAD-MEŠ=kurummatu[ration//barley (ration)]N'N$kurummāti",
"f": {"lang": "akk-x-neoass",
"form": "{ŠE}PAD-MEŠ",
"cf": "kurummatu",
"gw": "ration",
"sense": "barley (ration)",
"norm": "kurummāti",
"pos": "N",
"epos": "N"}
}
,
{
"node": "d",
"type": "line-start",
"ref": "P334674.29",
"n": "13",
"label": "r.e. 13"}
,
{
"node": "l",
"frag": "i-ba-šu₂-u-ni",
"id": "P334674.l01db8",
"ref": "P334674.29.1",
"inst": "bašû[exist]V$ibaššûni",
"sig": "@saao/saa05%akk-x-neoass:i-ba-šu₂-u-ni=bašû[exist//exist]V'V$ibaššûni",
"f": {"lang": "akk-x-neoass",
"form": "i-ba-šu₂-u-ni",
"cf": "bašû",
"gw": "exist",
"sense": "exist",
"norm": "ibaššûni",
"pos": "V",
"epos": "V"}
}
]}
]}
]}
,
{
"linkbase": [{
"type": "linkset",
"xlink_title": "ina muhhi[on//about]PRP'PRP",
"id": "P334674.ls00000",
"xlink_type": "extended",
"xlink_role": "psu",
"sig": "{ina[in]PRP muhhu[skull]N += ina muhhi[on//about]PRP'PRP}::@saao%akk-x-neoass:ina=ina[in//into]PRP'PRP$ina++@saao%akk-x-neoass:UGU=muhhu[skull//skull]N'N$muhhi",
"links": [
{
"type": "link",
"xlink_title": "ina",
"xlink_type": "locator",
"xlink_href": "#P334674.l01d5b",
"xlink_role": "elt"}
,
{
"type": "link",
"xlink_title": "muhhi",
"xlink_type": "locator",
"xlink_href": "#P334674.l01d5c",
"xlink_role": "elt"}
]}
]}
]}
