{
  "type": "cdl",
  "project": "dcclt",
  "source": "http://oracc.org/dcclt",
  "license": "This data is released under the CC0 license",
  "license-url": "https://creativecommons.org/publicdomain/zero/1.0/",
  "more-info": "http://oracc.org/doc/opendata/",
  "UTC-timestamp": "2017-06-21T22:03:24",
  "textid": "P000227",
  "cdl": [
    {
      "node": "c",
      "type": "text",
      "id": "P000227.U0",
      "cdl": [
        {
          "node": "d",
          "type": "object",
          "ref": ""
        },
        {
          "node": "d",
          "subtype": "obverse",
          "type": "obverse",
          "ref": "P000227.o.1",
          "label": "o"
        },
        {
          "node": "d",
          "subtype": "column 1o",
          "type": "column",
          "ref": "P000227.o.i.2",
          "n": "1",
          "label": "o i"
        },
        {
          "node": "c",
          "type": "discourse",
          "subtype": "body",
          "id": "P000227.U1",
          "cdl": [
            {
              "node": "c",
              "type": "sentence",
              "id": "P000227.U2",
              "label": "o i 1 - o i 3",
              "cdl": [
                {
                  "node": "d",
                  "type": "line-start",
                  "ref": "P000227.3",
                  "n": "1",
                  "label": "o i 1"
                },
                {
                  "node": "d",
                  "type": "field-start",
                  "subtype": "default"
                },
                {
                  "node": "l",
                  "frag": "3(N01)",
                  "id": "P000227.l01fb1",
                  "ref": "P000227.3.1",
                  "inst": "%qpc:3(N01)=",
                  "f": {
                    "lang": "qpc",
                    "form": "3(N01)",
                    "gdl": [
                      {
                        "n": "n",
                        "form": "3(N01)",
                        "id": "P000227.3.1.0",
                        "break": "damaged",
                        "ho": "1",
                        "hc": "1",
                        "seq": [
                          {
                            "r": "3"
                          },
                          {
                            "s": "N01"
                          }
                        ]
                      }
                    ]
                  }
                },
                {
                  "node": "d",
                  "type": "field-end",
                  "subtype": "default"
                },
                {
                  "node": "d",
                  "type": "field-start",
                  "subtype": "default"
                },
                {
                  "node": "l",
                  "frag": "⸢ZA~v⸣",
                  "id": "P000227.l01fb2",
                  "ref": "P000227.3.2",
                  "inst": "%qpc:ZA=",
                  "f": {
                    "lang": "qpc",
                    "form": "ZA",
                    "gdl": [
                      {
                        "form": "ZA~v",
                        "id": "P000227.3.2.0",
                        "break": "damaged",
                        "ho": "1",
                        "hc": "1",
                        "mods": [
                          {
                            "b": "ZA"
                          },
                          {
                            "a": "v"
                          }
                        ]
                      }
                    ]
                  }
                },
                {
                  "node": "d",
                  "type": "field-end",
                  "subtype": "default"
                },
                {
                  "node": "d",
                  "type": "line-start",
                  "ref": "P000227.4",
                  "n": "2",
                  "label": "o i 2"
                },
                {
                  "node": "d",
                  "type": "field-start",
                  "subtype": "default"
                },
                {
                  "node": "l",
                  "frag": "4(N01)",
                  "id": "P000227.l01fb3",
                  "ref": "P000227.4.1",
                  "inst": "%qpc:4(N01)=",
                  "f": {
                    "lang": "qpc",
                    "form": "4(N01)",
                    "gdl": [
                      {
                        "n": "n",
                        "form": "4(N01)",
                        "id": "P000227.4.1.0",
                        "break": "damaged",
                        "ho": "1",
                        "hc": "1",
                        "seq": [
                          {
                            "r": "4"
                          },
                          {
                            "s": "N01"
                          }
                        ]
                      }
                    ]
                  }
                },
                {
                  "node": "d",
                  "type": "field-end",
                  "subtype": "default"
                },
                {
                  "node": "d",
                  "type": "field-start",
                  "subtype": "default"
                },
                {
                  "node": "l",
                  "frag": "GIR₂~a",
                  "id": "P000227.l01fb4",
                  "ref": "P000227.4.2",
                  "inst": "%qpc:GIR₂=",
                  "f": {
                    "lang": "qpc",
                    "form": "GIR₂",
                    "delim": " ",
                    "gdl": [
                      {
                        "form": "GIR₂~a",
                        "id": "P000227.4.2.0",
                        "mods": [
                          {
                            "b": "GIR₂"
                          },
                          {
                            "a": "a"
                          }
                        ]
                      }
                    ]
                  }
                },
                {
                  "node": "l",
                  "frag": "AN",
                  "id": "P000227.l01fb5",
                  "ref": "P000227.4.3",
                  "inst": "%qpc:AN=",
                  "f": {
                    "lang": "qpc",
                    "form": "AN",
                    "gdl": [
                      {
                        "s": "AN",
                        "id": "P000227.4.3.0"
                      }
                    ]
                  }
                },
                {
                  "node": "d",
                  "type": "field-end",
                  "subtype": "default"
                },
                {
                  "node": "d",
                  "type": "line-start",
                  "ref": "P000227.5",
                  "n": "3",
                  "label": "o i 3"
                },
                {
                  "node": "d",
                  "type": "field-start",
                  "subtype": "default"
                },
                {
                  "node": "l",
                  "frag": "1(N14)",
                  "id": "P000227.l01fb6",
                  "ref": "P000227.5.1",
                  "inst": "%qpc:1(N14)=",
                  "f": {
                    "lang": "qpc",
                    "form": "1(N14)",
                    "gdl": [
                      {
                        "n": "n",
                        "form": "1(N14)",
                        "id": "P000227.5.1.0",
                        "break": "damaged",
                        "ho": "1",
                        "hc": "1",
                        "seq": [
                          {
                            "r": "1"
                          },
                          {
                            "s": "N14"
                          }
                        ]
                      }
                    ]
                  }
                },
                {
                  "node": "d",
                  "type": "field-end",
                  "subtype": "default"
                },
                {
                  "node": "d",
                  "type": "field-start",
                  "subtype": "default"
                },
                {
                  "node": "l",
                  "frag": "DA~a",
                  "id": "P000227.l01fb7",
                  "ref": "P000227.5.2",
                  "inst": "%qpc:DA=",
                  "f": {
                    "lang": "qpc",
                    "form": "DA",
                    "delim": " ",
                    "gdl": [
                      {
                        "form": "DA~a",
                        "id": "P000227.5.2.0",
                        "mods": [
                          {
                            "b": "DA"
                          },
                          {
                            "a": "a"
                          }
                        ]
                      }
                    ]
                  }
                },
                {
                  "node": "l",
                  "frag": "KAŠ~a",
                  "id": "P000227.l01fb8",
                  "ref": "P000227.5.3",
                  "inst": "%qpc:KAŠ=",
                  "f": {
                    "lang": "qpc",
                    "form": "KAŠ",
                    "delim": " ",
                    "gdl": [
                      {
                        "form": "KAŠ~a",
                        "id": "P000227.5.3.0",
                        "mods": [
                          {
                            "b": "KAŠ"
                          },
                          {
                            "a": "a"
                          }
                        ]
                      }
                    ]
                  }
                },
                {
                  "node": "l",
                  "frag": "KIŠ",
                  "id": "P000227.l01fb9",
                  "ref": "P000227.5.4",
                  "inst": "%qpc:KIŠ=",
                  "f": {
                    "lang": "qpc",
                    "form": "KIŠ",
                    "gdl": [
                      {
                        "s": "KIŠ",
                        "id": "P000227.5.4.0"
                      }
                    ]
                  }
                },
                {
                  "node": "d",
                  "type": "field-end",
                  "subtype": "default"
                }
              ]
            }
          ]
        }
      ]
    }
  ]
}
