{
  "type": "cdl",
  "project": "dcclt",
  "source": "http://oracc.org/dcclt",
  "license": "This data is released under the CC0 license",
  "license-url": "https://creativecommons.org/publicdomain/zero/1.0/",
  "more-info": "http://oracc.org/doc/opendata/",
  "UTC-timestamp": "2017-06-21T22:03:07",
  "textid": "P000083",
  "cdl": [
    {
      "node": "c",
      "type": "text",
      "id": "P000083.U0",
      "cdl": [
        {
          "node": "d",
          "type": "object",
          "ref": ""
        },
        {
          "node": "d",
          "subtype": "obverse",
          "type": "obverse",
          "ref": "P000083.o.1",
          "label": "o"
        },
        {
          "node": "d",
          "subtype": "column 1o",
          "type": "column",
          "ref": "P000083.o.i.2",
          "n": "1",
          "label": "o i"
        },
        {
          "node": "c",
          "type": "discourse",
          "subtype": "body",
          "id": "P000083.U1",
          "cdl": [
            {
              "node": "c",
              "type": "sentence",
              "id": "P000083.U2",
              "label": "o i 1 - o i 3",
              "cdl": [
                {
                  "node": "d",
                  "type": "line-start",
                  "ref": "P000083.3",
                  "n": "1",
                  "label": "o i 1"
                },
                {
                  "node": "d",
                  "type": "field-start",
                  "subtype": "default"
                },
                {
                  "node": "l",
                  "frag": "1(N01)",
                  "id": "P000083.l00aa0",
                  "ref": "P000083.3.1",
                  "inst": "%qpc:1(N01)=",
                  "f": {
                    "lang": "qpc",
                    "form": "1(N01)",
                    "gdl": [
                      {
                        "n": "n",
                        "form": "1(N01)",
                        "id": "P000083.3.1.0",
                        "seq": [
                          {
                            "r": "1"
                          },
                          {
                            "s": "N01"
                          }
                        ]
                      }
                    ]
                  }
                },
                {
                  "node": "d",
                  "type": "field-end",
                  "subtype": "default"
                },
                {
                  "node": "d",
                  "type": "field-start",
                  "subtype": "default"
                },
                {
                  "node": "l",
                  "frag": "⸢GAL~a",
                  "id": "P000083.l00aa1",
                  "ref": "P000083.3.2",
                  "inst": "%qpc:GAL=",
                  "f": {
                    "lang": "qpc",
                    "form": "GAL",
                    "delim": " ",
                    "gdl": [
                      {
                        "form": "GAL~a",
                        "id": "P000083.3.2.0",
                        "break": "damaged",
                        "ho": "1",
                        "mods": [
                          {
                            "b": "GAL"
                          },
                          {
                            "a": "a"
                          }
                        ]
                      }
                    ]
                  }
                },
                {
                  "node": "l",
                  "frag": "IM~a⸣",
                  "id": "P000083.l00aa2",
                  "ref": "P000083.3.3",
                  "inst": "%qpc:IM=",
                  "f": {
                    "lang": "qpc",
                    "form": "IM",
                    "gdl": [
                      {
                        "form": "IM~a",
                        "id": "P000083.3.3.0",
                        "break": "damaged",
                        "queried": "1",
                        "hc": "1",
                        "mods": [
                          {
                            "b": "IM"
                          },
                          {
                            "a": "a"
                          }
                        ]
                      }
                    ]
                  }
                },
                {
                  "node": "d",
                  "type": "field-end",
                  "subtype": "default"
                },
                {
                  "node": "d",
                  "type": "line-start",
                  "ref": "P000083.4",
                  "n": "2",
                  "label": "o i 2"
                },
                {
                  "node": "d",
                  "type": "field-start",
                  "subtype": "default"
                },
                {
                  "node": "l",
                  "frag": "1(N01)",
                  "id": "P000083.l00aa3",
                  "ref": "P000083.4.1",
                  "inst": "%qpc:1(N01)=",
                  "f": {
                    "lang": "qpc",
                    "form": "1(N01)",
                    "gdl": [
                      {
                        "n": "n",
                        "form": "1(N01)",
                        "id": "P000083.4.1.0",
                        "seq": [
                          {
                            "r": "1"
                          },
                          {
                            "s": "N01"
                          }
                        ]
                      }
                    ]
                  }
                },
                {
                  "node": "d",
                  "type": "field-end",
                  "subtype": "default"
                },
                {
                  "node": "d",
                  "type": "field-start",
                  "subtype": "default"
                },
                {
                  "node": "l",
                  "frag": "IM~b",
                  "id": "P000083.l00aa4",
                  "ref": "P000083.4.2",
                  "inst": "%qpc:IM=",
                  "f": {
                    "lang": "qpc",
                    "form": "IM",
                    "delim": " ",
                    "gdl": [
                      {
                        "form": "IM~b",
                        "id": "P000083.4.2.0",
                        "mods": [
                          {
                            "b": "IM"
                          },
                          {
                            "a": "b"
                          }
                        ]
                      }
                    ]
                  }
                },
                {
                  "node": "l",
                  "frag": "TUR",
                  "id": "P000083.l00aa5",
                  "ref": "P000083.4.3",
                  "inst": "%qpc:TUR=",
                  "f": {
                    "lang": "qpc",
                    "form": "TUR",
                    "gdl": [
                      {
                        "s": "TUR",
                        "id": "P000083.4.3.0"
                      }
                    ]
                  }
                },
                {
                  "node": "d",
                  "type": "field-end",
                  "subtype": "default"
                },
                {
                  "node": "d",
                  "type": "line-start",
                  "ref": "P000083.5",
                  "n": "3",
                  "label": "o i 3"
                },
                {
                  "node": "d",
                  "type": "field-start",
                  "subtype": "default"
                },
                {
                  "node": "l",
                  "frag": "1(N01)",
                  "id": "P000083.l00aa6",
                  "ref": "P000083.5.1",
                  "inst": "%qpc:1(N01)=",
                  "f": {
                    "lang": "qpc",
                    "form": "1(N01)",
                    "gdl": [
                      {
                        "n": "n",
                        "form": "1(N01)",
                        "id": "P000083.5.1.0",
                        "seq": [
                          {
                            "r": "1"
                          },
                          {
                            "s": "N01"
                          }
                        ]
                      }
                    ]
                  }
                },
                {
                  "node": "d",
                  "type": "field-end",
                  "subtype": "default"
                },
                {
                  "node": "d",
                  "type": "field-start",
                  "subtype": "default"
                },
                {
                  "node": "l",
                  "frag": "⸢GAL~a",
                  "id": "P000083.l00aa7",
                  "ref": "P000083.5.2",
                  "inst": "%qpc:GAL=",
                  "f": {
                    "lang": "qpc",
                    "form": "GAL",
                    "delim": " ",
                    "gdl": [
                      {
                        "form": "GAL~a",
                        "id": "P000083.5.2.0",
                        "break": "damaged",
                        "ho": "1",
                        "mods": [
                          {
                            "b": "GAL"
                          },
                          {
                            "a": "a"
                          }
                        ]
                      }
                    ]
                  }
                },
                {
                  "node": "l",
                  "frag": "ŠA⸣",
                  "id": "P000083.l00aa8",
                  "ref": "P000083.5.3",
                  "inst": "%qpc:ŠA=",
                  "f": {
                    "lang": "qpc",
                    "form": "ŠA",
                    "gdl": [
                      {
                        "s": "ŠA",
                        "id": "P000083.5.3.0",
                        "break": "damaged",
                        "hc": "1"
                      }
                    ]
                  }
                },
                {
                  "node": "d",
                  "type": "field-end",
                  "subtype": "default"
                }
              ]
            }
          ]
        }
      ]
    }
  ]
}
