{
  "type": "cdl",
  "project": "dcclt",
  "source": "http://oracc.org/dcclt",
  "license": "This data is released under the CC0 license",
  "license-url": "https://creativecommons.org/publicdomain/zero/1.0/",
  "more-info": "http://oracc.org/doc/opendata/",
  "UTC-timestamp": "2017-06-21T22:03:24",
  "textid": "P000224",
  "cdl": [
    {
      "node": "c",
      "type": "text",
      "id": "P000224.U0",
      "cdl": [
        {
          "node": "d",
          "type": "object",
          "ref": ""
        },
        {
          "node": "d",
          "subtype": "obverse",
          "type": "obverse",
          "ref": "P000224.o.1",
          "label": "o"
        },
        {
          "node": "d",
          "subtype": "column 1o",
          "type": "column",
          "ref": "P000224.o.i.2",
          "n": "1",
          "label": "o i"
        },
        {
          "node": "c",
          "type": "discourse",
          "subtype": "body",
          "id": "P000224.U1",
          "cdl": [
            {
              "node": "c",
              "type": "sentence",
              "id": "P000224.U2",
              "label": "o i 1 - o ii 1",
              "cdl": [
                {
                  "node": "d",
                  "type": "line-start",
                  "ref": "P000224.3",
                  "n": "1",
                  "label": "o i 1"
                },
                {
                  "node": "d",
                  "type": "field-start",
                  "subtype": "default"
                },
                {
                  "node": "l",
                  "frag": "5(N01)",
                  "id": "P000224.l02113",
                  "ref": "P000224.3.1",
                  "inst": "%qpc:5(N01)=",
                  "f": {
                    "lang": "qpc",
                    "form": "5(N01)",
                    "gdl": [
                      {
                        "n": "n",
                        "form": "5(N01)",
                        "id": "P000224.3.1.0",
                        "break": "damaged",
                        "ho": "1",
                        "hc": "1",
                        "seq": [
                          {
                            "r": "5"
                          },
                          {
                            "s": "N01"
                          }
                        ]
                      }
                    ]
                  }
                },
                {
                  "node": "d",
                  "type": "field-end",
                  "subtype": "default"
                },
                {
                  "node": "d",
                  "type": "field-start",
                  "subtype": "default"
                },
                {
                  "node": "l",
                  "frag": "⸢HALUB⸣",
                  "id": "P000224.l02114",
                  "ref": "P000224.3.2",
                  "inst": "%qpc:HALUB=",
                  "f": {
                    "lang": "qpc",
                    "form": "HALUB",
                    "gdl": [
                      {
                        "s": "HALUB",
                        "id": "P000224.3.2.0",
                        "break": "damaged",
                        "ho": "1",
                        "hc": "1"
                      }
                    ]
                  }
                },
                {
                  "node": "d",
                  "type": "field-end",
                  "subtype": "default"
                },
                {
                  "node": "d",
                  "type": "line-start",
                  "ref": "P000224.4",
                  "n": "2",
                  "label": "o i 2"
                },
                {
                  "node": "d",
                  "type": "field-start",
                  "subtype": "default"
                },
                {
                  "node": "l",
                  "frag": "5(N01)",
                  "id": "P000224.l02115",
                  "ref": "P000224.4.1",
                  "inst": "%qpc:5(N01)=",
                  "f": {
                    "lang": "qpc",
                    "form": "5(N01)",
                    "gdl": [
                      {
                        "n": "n",
                        "form": "5(N01)",
                        "id": "P000224.4.1.0",
                        "break": "damaged",
                        "ho": "1",
                        "hc": "1",
                        "seq": [
                          {
                            "r": "5"
                          },
                          {
                            "s": "N01"
                          }
                        ]
                      }
                    ]
                  }
                },
                {
                  "node": "d",
                  "type": "field-end",
                  "subtype": "default"
                },
                {
                  "node": "d",
                  "type": "field-start",
                  "subtype": "default"
                },
                {
                  "node": "l",
                  "frag": "ŠE~a",
                  "id": "P000224.l02116",
                  "ref": "P000224.4.2",
                  "inst": "%qpc:ŠE=",
                  "f": {
                    "lang": "qpc",
                    "form": "ŠE",
                    "delim": " ",
                    "gdl": [
                      {
                        "form": "ŠE~a",
                        "id": "P000224.4.2.0",
                        "mods": [
                          {
                            "b": "ŠE"
                          },
                          {
                            "a": "a"
                          }
                        ]
                      }
                    ]
                  }
                },
                {
                  "node": "l",
                  "frag": "⸢MUŠEN⸣",
                  "id": "P000224.l02117",
                  "ref": "P000224.4.3",
                  "inst": "%qpc:MUŠEN=",
                  "f": {
                    "lang": "qpc",
                    "form": "MUŠEN",
                    "gdl": [
                      {
                        "s": "MUŠEN",
                        "id": "P000224.4.3.0",
                        "break": "damaged",
                        "ho": "1",
                        "hc": "1"
                      }
                    ]
                  }
                },
                {
                  "node": "d",
                  "type": "field-end",
                  "subtype": "default"
                },
                {
                  "node": "d",
                  "subtype": "column 2o",
                  "type": "column",
                  "ref": "P000224.o.ii.5",
                  "n": "2",
                  "label": "o ii"
                },
                {
                  "node": "d",
                  "type": "line-start",
                  "ref": "P000224.6",
                  "n": "1",
                  "label": "o ii 1"
                },
                {
                  "node": "d",
                  "type": "field-start",
                  "subtype": "default"
                },
                {
                  "node": "l",
                  "frag": "1(N01)",
                  "id": "P000224.l02118",
                  "ref": "P000224.6.1",
                  "inst": "%qpc:1(N01)=",
                  "f": {
                    "lang": "qpc",
                    "form": "1(N01)",
                    "gdl": [
                      {
                        "n": "n",
                        "form": "1(N01)",
                        "id": "P000224.6.1.0",
                        "seq": [
                          {
                            "r": "1"
                          },
                          {
                            "s": "N01"
                          }
                        ]
                      }
                    ]
                  }
                },
                {
                  "node": "d",
                  "type": "field-end",
                  "subtype": "default"
                },
                {
                  "node": "d",
                  "type": "field-start",
                  "subtype": "default"
                },
                {
                  "node": "l",
                  "frag": "[...]",
                  "id": "P000224.l02119",
                  "ref": "P000224.6.2",
                  "inst": "%qpc:x=",
                  "f": {
                    "lang": "qpc",
                    "form": "x",
                    "gdl": [
                      {
                        "x": "ellipsis",
                        "id": "P000224.6.2.0",
                        "breakStart": "1",
                        "break": "missing",
                        "o": "]",
                        "breakEnd": "P000224.6.2.0"
                      }
                    ]
                  }
                },
                {
                  "node": "d",
                  "type": "field-end",
                  "subtype": "default"
                }
              ]
            }
          ]
        }
      ]
    }
  ]
}
