{
  "type": "cdl",
  "project": "dcclt",
  "source": "http://oracc.org/dcclt",
  "license": "This data is released under the CC0 license",
  "license-url": "https://creativecommons.org/publicdomain/zero/1.0/",
  "more-info": "http://oracc.org/doc/opendata/",
  "UTC-timestamp": "2017-06-21T22:04:00",
  "textid": "P000510",
  "cdl": [
    {
      "node": "c",
      "type": "text",
      "id": "P000510.U0",
      "cdl": [
        {
          "node": "d",
          "type": "object",
          "ref": ""
        },
        {
          "node": "d",
          "subtype": "obverse",
          "type": "obverse",
          "ref": "P000510.o.1",
          "label": "o"
        },
        {
          "node": "d",
          "subtype": "column 1o",
          "type": "column",
          "ref": "P000510.o.i.2",
          "n": "1",
          "label": "o i"
        },
        {
          "node": "c",
          "type": "discourse",
          "subtype": "body",
          "id": "P000510.U1",
          "cdl": [
            {
              "node": "c",
              "type": "sentence",
              "id": "P000510.U2",
              "label": "o i 1 - o iii 5",
              "cdl": [
                {
                  "node": "d",
                  "type": "line-start",
                  "ref": "P000510.3",
                  "n": "1",
                  "label": "o i 1"
                },
                {
                  "node": "d",
                  "type": "field-start",
                  "subtype": "default"
                },
                {
                  "node": "l",
                  "frag": "1(N01)",
                  "id": "P000510.l03df2",
                  "ref": "P000510.3.1",
                  "inst": "%qpc:1(N01)=",
                  "f": {
                    "lang": "qpc",
                    "form": "1(N01)",
                    "gdl": [
                      {
                        "n": "n",
                        "form": "1(N01)",
                        "id": "P000510.3.1.0",
                        "seq": [
                          {
                            "r": "1"
                          },
                          {
                            "s": "N01"
                          }
                        ]
                      }
                    ]
                  }
                },
                {
                  "node": "d",
                  "type": "field-end",
                  "subtype": "default"
                },
                {
                  "node": "d",
                  "type": "field-start",
                  "subtype": "default"
                },
                {
                  "node": "l",
                  "frag": "[...]",
                  "id": "P000510.l03df3",
                  "ref": "P000510.3.2",
                  "inst": "%qpc:x=",
                  "f": {
                    "lang": "qpc",
                    "form": "x",
                    "delim": " ",
                    "gdl": [
                      {
                        "x": "ellipsis",
                        "id": "P000510.3.2.0",
                        "breakStart": "1",
                        "break": "missing",
                        "o": "]",
                        "breakEnd": "P000510.3.2.0"
                      }
                    ]
                  }
                },
                {
                  "node": "l",
                  "frag": "⸢ŠU⸣",
                  "id": "P000510.l03df4",
                  "ref": "P000510.3.3",
                  "inst": "%qpc:ŠU=",
                  "f": {
                    "lang": "qpc",
                    "form": "ŠU",
                    "gdl": [
                      {
                        "s": "ŠU",
                        "id": "P000510.3.3.0",
                        "break": "damaged",
                        "queried": "1",
                        "ho": "1",
                        "hc": "1"
                      }
                    ]
                  }
                },
                {
                  "node": "d",
                  "type": "field-end",
                  "subtype": "default"
                },
                {
                  "node": "d",
                  "type": "line-start",
                  "ref": "P000510.4",
                  "n": "2",
                  "label": "o i 2"
                },
                {
                  "node": "d",
                  "type": "field-start",
                  "subtype": "default"
                },
                {
                  "node": "l",
                  "frag": "1(N01)",
                  "id": "P000510.l03df5",
                  "ref": "P000510.4.1",
                  "inst": "%qpc:1(N01)=",
                  "f": {
                    "lang": "qpc",
                    "form": "1(N01)",
                    "gdl": [
                      {
                        "n": "n",
                        "form": "1(N01)",
                        "id": "P000510.4.1.0",
                        "seq": [
                          {
                            "r": "1"
                          },
                          {
                            "s": "N01"
                          }
                        ]
                      }
                    ]
                  }
                },
                {
                  "node": "d",
                  "type": "field-end",
                  "subtype": "default"
                },
                {
                  "node": "d",
                  "type": "field-start",
                  "subtype": "default"
                },
                {
                  "node": "l",
                  "frag": "[...]",
                  "id": "P000510.l03df6",
                  "ref": "P000510.4.2",
                  "inst": "%qpc:x=",
                  "f": {
                    "lang": "qpc",
                    "form": "x",
                    "delim": " ",
                    "gdl": [
                      {
                        "x": "ellipsis",
                        "id": "P000510.4.2.0",
                        "breakStart": "1",
                        "break": "missing",
                        "o": "]",
                        "breakEnd": "P000510.4.2.0"
                      }
                    ]
                  }
                },
                {
                  "node": "l",
                  "frag": "⸢ŠU⸣",
                  "id": "P000510.l03df7",
                  "ref": "P000510.4.3",
                  "inst": "%qpc:ŠU=",
                  "f": {
                    "lang": "qpc",
                    "form": "ŠU",
                    "gdl": [
                      {
                        "s": "ŠU",
                        "id": "P000510.4.3.0",
                        "break": "damaged",
                        "ho": "1",
                        "hc": "1"
                      }
                    ]
                  }
                },
                {
                  "node": "d",
                  "type": "field-end",
                  "subtype": "default"
                },
                {
                  "node": "d",
                  "type": "line-start",
                  "ref": "P000510.5",
                  "n": "3",
                  "label": "o i 3"
                },
                {
                  "node": "d",
                  "type": "field-start",
                  "subtype": "default"
                },
                {
                  "node": "l",
                  "frag": "1(N01)",
                  "id": "P000510.l03df8",
                  "ref": "P000510.5.1",
                  "inst": "%qpc:1(N01)=",
                  "f": {
                    "lang": "qpc",
                    "form": "1(N01)",
                    "gdl": [
                      {
                        "n": "n",
                        "form": "1(N01)",
                        "id": "P000510.5.1.0",
                        "seq": [
                          {
                            "r": "1"
                          },
                          {
                            "s": "N01"
                          }
                        ]
                      }
                    ]
                  }
                },
                {
                  "node": "d",
                  "type": "field-end",
                  "subtype": "default"
                },
                {
                  "node": "d",
                  "type": "field-start",
                  "subtype": "default"
                },
                {
                  "node": "l",
                  "frag": "[...]",
                  "id": "P000510.l03df9",
                  "ref": "P000510.5.2",
                  "inst": "%qpc:x=",
                  "f": {
                    "lang": "qpc",
                    "form": "x",
                    "gdl": [
                      {
                        "x": "ellipsis",
                        "id": "P000510.5.2.0",
                        "breakStart": "1",
                        "break": "missing",
                        "o": "]",
                        "breakEnd": "P000510.5.2.0"
                      }
                    ]
                  }
                },
                {
                  "node": "d",
                  "type": "field-end",
                  "subtype": "default"
                },
                {
                  "node": "d",
                  "subtype": "column 2o",
                  "type": "column",
                  "ref": "P000510.o.ii.6",
                  "n": "2",
                  "label": "o ii"
                },
                {
                  "node": "d",
                  "type": "line-start",
                  "ref": "P000510.7",
                  "n": "1",
                  "label": "o ii 1"
                },
                {
                  "node": "d",
                  "type": "field-start",
                  "subtype": "default"
                },
                {
                  "node": "l",
                  "frag": "1(N01)",
                  "id": "P000510.l03dfa",
                  "ref": "P000510.7.1",
                  "inst": "%qpc:1(N01)=",
                  "f": {
                    "lang": "qpc",
                    "form": "1(N01)",
                    "gdl": [
                      {
                        "n": "n",
                        "form": "1(N01)",
                        "id": "P000510.7.1.0",
                        "seq": [
                          {
                            "r": "1"
                          },
                          {
                            "s": "N01"
                          }
                        ]
                      }
                    ]
                  }
                },
                {
                  "node": "d",
                  "type": "field-end",
                  "subtype": "default"
                },
                {
                  "node": "d",
                  "type": "field-start",
                  "subtype": "default"
                },
                {
                  "node": "l",
                  "frag": "[...]",
                  "id": "P000510.l03dfb",
                  "ref": "P000510.7.2",
                  "inst": "%qpc:x=",
                  "f": {
                    "lang": "qpc",
                    "form": "x",
                    "delim": " ",
                    "gdl": [
                      {
                        "x": "ellipsis",
                        "id": "P000510.7.2.0",
                        "breakStart": "1",
                        "break": "missing",
                        "o": "]",
                        "breakEnd": "P000510.7.2.0"
                      }
                    ]
                  }
                },
                {
                  "node": "l",
                  "frag": "⸢DU⸣",
                  "id": "P000510.l03dfc",
                  "ref": "P000510.7.3",
                  "inst": "%qpc:DU=",
                  "f": {
                    "lang": "qpc",
                    "form": "DU",
                    "gdl": [
                      {
                        "s": "DU",
                        "id": "P000510.7.3.0",
                        "break": "damaged",
                        "queried": "1",
                        "ho": "1",
                        "hc": "1"
                      }
                    ]
                  }
                },
                {
                  "node": "d",
                  "type": "field-end",
                  "subtype": "default"
                },
                {
                  "node": "d",
                  "type": "line-start",
                  "ref": "P000510.8",
                  "n": "2",
                  "label": "o ii 2"
                },
                {
                  "node": "d",
                  "type": "field-start",
                  "subtype": "default"
                },
                {
                  "node": "l",
                  "frag": "1(N01)",
                  "id": "P000510.l03dfd",
                  "ref": "P000510.8.1",
                  "inst": "%qpc:1(N01)=",
                  "f": {
                    "lang": "qpc",
                    "form": "1(N01)",
                    "gdl": [
                      {
                        "n": "n",
                        "form": "1(N01)",
                        "id": "P000510.8.1.0",
                        "seq": [
                          {
                            "r": "1"
                          },
                          {
                            "s": "N01"
                          }
                        ]
                      }
                    ]
                  }
                },
                {
                  "node": "d",
                  "type": "field-end",
                  "subtype": "default"
                },
                {
                  "node": "d",
                  "type": "field-start",
                  "subtype": "default"
                },
                {
                  "node": "l",
                  "frag": "X",
                  "id": "P000510.l03dfe",
                  "ref": "P000510.8.2",
                  "inst": "%qpc:X=",
                  "f": {
                    "lang": "qpc",
                    "form": "X",
                    "delim": " ",
                    "gdl": [
                      {
                        "s": "X",
                        "id": "P000510.8.2.0"
                      }
                    ]
                  }
                },
                {
                  "node": "l",
                  "frag": "X",
                  "id": "P000510.l03dff",
                  "ref": "P000510.8.3",
                  "inst": "%qpc:X=",
                  "f": {
                    "lang": "qpc",
                    "form": "X",
                    "gdl": [
                      {
                        "s": "X",
                        "id": "P000510.8.3.0"
                      }
                    ]
                  }
                },
                {
                  "node": "d",
                  "type": "field-end",
                  "subtype": "default"
                },
                {
                  "node": "d",
                  "type": "line-start",
                  "ref": "P000510.9",
                  "n": "3",
                  "label": "o ii 3"
                },
                {
                  "node": "d",
                  "type": "field-start",
                  "subtype": "default"
                },
                {
                  "node": "l",
                  "frag": "1(N01)",
                  "id": "P000510.l03e00",
                  "ref": "P000510.9.1",
                  "inst": "%qpc:1(N01)=",
                  "f": {
                    "lang": "qpc",
                    "form": "1(N01)",
                    "gdl": [
                      {
                        "n": "n",
                        "form": "1(N01)",
                        "id": "P000510.9.1.0",
                        "seq": [
                          {
                            "r": "1"
                          },
                          {
                            "s": "N01"
                          }
                        ]
                      }
                    ]
                  }
                },
                {
                  "node": "d",
                  "type": "field-end",
                  "subtype": "default"
                },
                {
                  "node": "d",
                  "type": "field-start",
                  "subtype": "default"
                },
                {
                  "node": "l",
                  "frag": "GA~a",
                  "id": "P000510.l03e01",
                  "ref": "P000510.9.2",
                  "inst": "%qpc:GA=",
                  "f": {
                    "lang": "qpc",
                    "form": "GA",
                    "delim": " ",
                    "gdl": [
                      {
                        "form": "GA~a",
                        "id": "P000510.9.2.0",
                        "mods": [
                          {
                            "b": "GA"
                          },
                          {
                            "a": "a"
                          }
                        ]
                      }
                    ]
                  }
                },
                {
                  "node": "l",
                  "frag": "GAL~a",
                  "id": "P000510.l03e02",
                  "ref": "P000510.9.3",
                  "inst": "%qpc:GAL=",
                  "f": {
                    "lang": "qpc",
                    "form": "GAL",
                    "gdl": [
                      {
                        "form": "GAL~a",
                        "id": "P000510.9.3.0",
                        "mods": [
                          {
                            "b": "GAL"
                          },
                          {
                            "a": "a"
                          }
                        ]
                      }
                    ]
                  }
                },
                {
                  "node": "d",
                  "type": "field-end",
                  "subtype": "default"
                },
                {
                  "node": "d",
                  "type": "line-start",
                  "ref": "P000510.10",
                  "n": "4",
                  "label": "o ii 4"
                },
                {
                  "node": "d",
                  "type": "field-start",
                  "subtype": "default"
                },
                {
                  "node": "l",
                  "frag": "1(N01)",
                  "id": "P000510.l03e03",
                  "ref": "P000510.10.1",
                  "inst": "%qpc:1(N01)=",
                  "f": {
                    "lang": "qpc",
                    "form": "1(N01)",
                    "gdl": [
                      {
                        "n": "n",
                        "form": "1(N01)",
                        "id": "P000510.10.1.0",
                        "seq": [
                          {
                            "r": "1"
                          },
                          {
                            "s": "N01"
                          }
                        ]
                      }
                    ]
                  }
                },
                {
                  "node": "d",
                  "type": "field-end",
                  "subtype": "default"
                },
                {
                  "node": "d",
                  "type": "field-start",
                  "subtype": "default"
                },
                {
                  "node": "l",
                  "frag": "GAL~a",
                  "id": "P000510.l03e04",
                  "ref": "P000510.10.2",
                  "inst": "%qpc:GAL=",
                  "f": {
                    "lang": "qpc",
                    "form": "GAL",
                    "delim": " ",
                    "gdl": [
                      {
                        "form": "GAL~a",
                        "id": "P000510.10.2.0",
                        "mods": [
                          {
                            "b": "GAL"
                          },
                          {
                            "a": "a"
                          }
                        ]
                      }
                    ]
                  }
                },
                {
                  "node": "l",
                  "frag": "ERIN",
                  "id": "P000510.l03e05",
                  "ref": "P000510.10.3",
                  "inst": "%qpc:ERIN=",
                  "f": {
                    "lang": "qpc",
                    "form": "ERIN",
                    "gdl": [
                      {
                        "s": "ERIN",
                        "id": "P000510.10.3.0"
                      }
                    ]
                  }
                },
                {
                  "node": "d",
                  "type": "field-end",
                  "subtype": "default"
                },
                {
                  "node": "d",
                  "type": "line-start",
                  "ref": "P000510.11",
                  "n": "5",
                  "label": "o ii 5"
                },
                {
                  "node": "d",
                  "type": "field-start",
                  "subtype": "default"
                },
                {
                  "node": "l",
                  "frag": "1(N01)",
                  "id": "P000510.l03e06",
                  "ref": "P000510.11.1",
                  "inst": "%qpc:1(N01)=",
                  "f": {
                    "lang": "qpc",
                    "form": "1(N01)",
                    "gdl": [
                      {
                        "n": "n",
                        "form": "1(N01)",
                        "id": "P000510.11.1.0",
                        "seq": [
                          {
                            "r": "1"
                          },
                          {
                            "s": "N01"
                          }
                        ]
                      }
                    ]
                  }
                },
                {
                  "node": "d",
                  "type": "field-end",
                  "subtype": "default"
                },
                {
                  "node": "d",
                  "type": "field-start",
                  "subtype": "default"
                },
                {
                  "node": "l",
                  "frag": "GAL~a",
                  "id": "P000510.l03e07",
                  "ref": "P000510.11.2",
                  "inst": "%qpc:GAL=",
                  "f": {
                    "lang": "qpc",
                    "form": "GAL",
                    "delim": " ",
                    "gdl": [
                      {
                        "form": "GAL~a",
                        "id": "P000510.11.2.0",
                        "mods": [
                          {
                            "b": "GAL"
                          },
                          {
                            "a": "a"
                          }
                        ]
                      }
                    ]
                  }
                },
                {
                  "node": "l",
                  "frag": "|1(N58).BAD~a|",
                  "id": "P000510.l03e08",
                  "ref": "P000510.11.3",
                  "inst": "%qpc:|1(N58).BAD|=",
                  "f": {
                    "lang": "qpc",
                    "form": "|1(N58).BAD|",
                    "gdl": [
                      {
                        "c": "|1(N58).BAD~a|",
                        "id": "P000510.11.3.0",
                        "break": "damaged",
                        "ho": "1",
                        "hc": "1",
                        "seq": [
                          {
                            "n": "n",
                            "form": "1(N58)",
                            "seq": [
                              {
                                "r": "1"
                              },
                              {
                                "s": "N58"
                              }
                            ]
                          },
                          {
                            "o": "beside"
                          },
                          {
                            "form": "BAD~a",
                            "mods": [
                              {
                                "b": "BAD"
                              },
                              {
                                "a": "a"
                              }
                            ]
                          }
                        ]
                      }
                    ]
                  }
                },
                {
                  "node": "d",
                  "type": "field-end",
                  "subtype": "default"
                },
                {
                  "node": "d",
                  "type": "line-start",
                  "ref": "P000510.12",
                  "n": "6",
                  "label": "o ii 6"
                },
                {
                  "node": "d",
                  "type": "field-start",
                  "subtype": "default"
                },
                {
                  "node": "l",
                  "frag": "1(N01)",
                  "id": "P000510.l03e09",
                  "ref": "P000510.12.1",
                  "inst": "%qpc:1(N01)=",
                  "f": {
                    "lang": "qpc",
                    "form": "1(N01)",
                    "gdl": [
                      {
                        "n": "n",
                        "form": "1(N01)",
                        "id": "P000510.12.1.0",
                        "seq": [
                          {
                            "r": "1"
                          },
                          {
                            "s": "N01"
                          }
                        ]
                      }
                    ]
                  }
                },
                {
                  "node": "d",
                  "type": "field-end",
                  "subtype": "default"
                },
                {
                  "node": "d",
                  "type": "field-start",
                  "subtype": "default"
                },
                {
                  "node": "l",
                  "frag": "[...]",
                  "id": "P000510.l03e0a",
                  "ref": "P000510.12.2",
                  "inst": "%qpc:x=",
                  "f": {
                    "lang": "qpc",
                    "form": "x",
                    "delim": " ",
                    "gdl": [
                      {
                        "x": "ellipsis",
                        "id": "P000510.12.2.0",
                        "breakStart": "1",
                        "break": "missing",
                        "o": "]",
                        "breakEnd": "P000510.12.2.0"
                      }
                    ]
                  }
                },
                {
                  "node": "l",
                  "frag": "X",
                  "id": "P000510.l03e0b",
                  "ref": "P000510.12.3",
                  "inst": "%qpc:X=",
                  "f": {
                    "lang": "qpc",
                    "form": "X",
                    "gdl": [
                      {
                        "s": "X",
                        "id": "P000510.12.3.0"
                      }
                    ]
                  }
                },
                {
                  "node": "d",
                  "type": "field-end",
                  "subtype": "default"
                },
                {
                  "node": "d",
                  "subtype": "column 3o",
                  "type": "column",
                  "ref": "P000510.o.iii.13",
                  "n": "3",
                  "label": "o iii"
                },
                {
                  "node": "d",
                  "type": "line-start",
                  "ref": "P000510.14",
                  "n": "1",
                  "label": "o iii 1"
                },
                {
                  "node": "d",
                  "type": "field-start",
                  "subtype": "default"
                },
                {
                  "node": "l",
                  "frag": "1(N01)",
                  "id": "P000510.l03e0c",
                  "ref": "P000510.14.1",
                  "inst": "%qpc:1(N01)=",
                  "f": {
                    "lang": "qpc",
                    "form": "1(N01)",
                    "gdl": [
                      {
                        "n": "n",
                        "form": "1(N01)",
                        "id": "P000510.14.1.0",
                        "seq": [
                          {
                            "r": "1"
                          },
                          {
                            "s": "N01"
                          }
                        ]
                      }
                    ]
                  }
                },
                {
                  "node": "d",
                  "type": "field-end",
                  "subtype": "default"
                },
                {
                  "node": "d",
                  "type": "field-start",
                  "subtype": "default"
                },
                {
                  "node": "l",
                  "frag": "[...]",
                  "id": "P000510.l03e0d",
                  "ref": "P000510.14.2",
                  "inst": "%qpc:x=",
                  "f": {
                    "lang": "qpc",
                    "form": "x",
                    "gdl": [
                      {
                        "x": "ellipsis",
                        "id": "P000510.14.2.0",
                        "breakStart": "1",
                        "break": "missing",
                        "o": "]",
                        "breakEnd": "P000510.14.2.0"
                      }
                    ]
                  }
                },
                {
                  "node": "d",
                  "type": "field-end",
                  "subtype": "default"
                },
                {
                  "node": "d",
                  "type": "line-start",
                  "ref": "P000510.15",
                  "n": "2",
                  "label": "o iii 2"
                },
                {
                  "node": "d",
                  "type": "field-start",
                  "subtype": "default"
                },
                {
                  "node": "l",
                  "frag": "1(N01)",
                  "id": "P000510.l03e0e",
                  "ref": "P000510.15.1",
                  "inst": "%qpc:1(N01)=",
                  "f": {
                    "lang": "qpc",
                    "form": "1(N01)",
                    "gdl": [
                      {
                        "n": "n",
                        "form": "1(N01)",
                        "id": "P000510.15.1.0",
                        "seq": [
                          {
                            "r": "1"
                          },
                          {
                            "s": "N01"
                          }
                        ]
                      }
                    ]
                  }
                },
                {
                  "node": "d",
                  "type": "field-end",
                  "subtype": "default"
                },
                {
                  "node": "d",
                  "type": "field-start",
                  "subtype": "default"
                },
                {
                  "node": "l",
                  "frag": "PA~a",
                  "id": "P000510.l03e0f",
                  "ref": "P000510.15.2",
                  "inst": "%qpc:PA=",
                  "f": {
                    "lang": "qpc",
                    "form": "PA",
                    "delim": " ",
                    "gdl": [
                      {
                        "form": "PA~a",
                        "id": "P000510.15.2.0",
                        "mods": [
                          {
                            "b": "PA"
                          },
                          {
                            "a": "a"
                          }
                        ]
                      }
                    ]
                  }
                },
                {
                  "node": "l",
                  "frag": "GAL~a",
                  "id": "P000510.l03e10",
                  "ref": "P000510.15.3",
                  "inst": "%qpc:GAL=",
                  "f": {
                    "lang": "qpc",
                    "form": "GAL",
                    "gdl": [
                      {
                        "form": "GAL~a",
                        "id": "P000510.15.3.0",
                        "mods": [
                          {
                            "b": "GAL"
                          },
                          {
                            "a": "a"
                          }
                        ]
                      }
                    ]
                  }
                },
                {
                  "node": "d",
                  "type": "field-end",
                  "subtype": "default"
                },
                {
                  "node": "d",
                  "type": "line-start",
                  "ref": "P000510.16",
                  "n": "3",
                  "label": "o iii 3"
                },
                {
                  "node": "d",
                  "type": "field-start",
                  "subtype": "default"
                },
                {
                  "node": "l",
                  "frag": "1(N01)",
                  "id": "P000510.l03e11",
                  "ref": "P000510.16.1",
                  "inst": "%qpc:1(N01)=",
                  "f": {
                    "lang": "qpc",
                    "form": "1(N01)",
                    "gdl": [
                      {
                        "n": "n",
                        "form": "1(N01)",
                        "id": "P000510.16.1.0",
                        "seq": [
                          {
                            "r": "1"
                          },
                          {
                            "s": "N01"
                          }
                        ]
                      }
                    ]
                  }
                },
                {
                  "node": "d",
                  "type": "field-end",
                  "subtype": "default"
                },
                {
                  "node": "d",
                  "type": "field-start",
                  "subtype": "default"
                },
                {
                  "node": "l",
                  "frag": "SUKKAL",
                  "id": "P000510.l03e12",
                  "ref": "P000510.16.2",
                  "inst": "%qpc:SUKKAL=",
                  "f": {
                    "lang": "qpc",
                    "form": "SUKKAL",
                    "delim": " ",
                    "gdl": [
                      {
                        "s": "SUKKAL",
                        "id": "P000510.16.2.0",
                        "queried": "1"
                      }
                    ]
                  }
                },
                {
                  "node": "l",
                  "frag": "⸢A⸣",
                  "id": "P000510.l03e13",
                  "ref": "P000510.16.3",
                  "inst": "%qpc:A=",
                  "f": {
                    "lang": "qpc",
                    "form": "A",
                    "gdl": [
                      {
                        "s": "A",
                        "id": "P000510.16.3.0",
                        "break": "damaged",
                        "ho": "1",
                        "hc": "1"
                      }
                    ]
                  }
                },
                {
                  "node": "d",
                  "type": "field-end",
                  "subtype": "default"
                },
                {
                  "node": "d",
                  "type": "line-start",
                  "ref": "P000510.17",
                  "n": "4",
                  "label": "o iii 4"
                },
                {
                  "node": "d",
                  "type": "field-start",
                  "subtype": "default"
                },
                {
                  "node": "l",
                  "frag": "1(N01)",
                  "id": "P000510.l03e14",
                  "ref": "P000510.17.1",
                  "inst": "%qpc:1(N01)=",
                  "f": {
                    "lang": "qpc",
                    "form": "1(N01)",
                    "gdl": [
                      {
                        "n": "n",
                        "form": "1(N01)",
                        "id": "P000510.17.1.0",
                        "seq": [
                          {
                            "r": "1"
                          },
                          {
                            "s": "N01"
                          }
                        ]
                      }
                    ]
                  }
                },
                {
                  "node": "d",
                  "type": "field-end",
                  "subtype": "default"
                },
                {
                  "node": "d",
                  "type": "field-start",
                  "subtype": "default"
                },
                {
                  "node": "l",
                  "frag": "PA~a",
                  "id": "P000510.l03e15",
                  "ref": "P000510.17.2",
                  "inst": "%qpc:PA=",
                  "f": {
                    "lang": "qpc",
                    "form": "PA",
                    "delim": " ",
                    "gdl": [
                      {
                        "form": "PA~a",
                        "id": "P000510.17.2.0",
                        "mods": [
                          {
                            "b": "PA"
                          },
                          {
                            "a": "a"
                          }
                        ]
                      }
                    ]
                  }
                },
                {
                  "node": "l",
                  "frag": "SU~a",
                  "id": "P000510.l03e16",
                  "ref": "P000510.17.3",
                  "inst": "%qpc:SU=",
                  "f": {
                    "lang": "qpc",
                    "form": "SU",
                    "gdl": [
                      {
                        "form": "SU~a",
                        "id": "P000510.17.3.0",
                        "mods": [
                          {
                            "b": "SU"
                          },
                          {
                            "a": "a"
                          }
                        ]
                      }
                    ]
                  }
                },
                {
                  "node": "d",
                  "type": "field-end",
                  "subtype": "default"
                },
                {
                  "node": "d",
                  "type": "line-start",
                  "ref": "P000510.18",
                  "n": "5",
                  "label": "o iii 5"
                },
                {
                  "node": "d",
                  "type": "field-start",
                  "subtype": "default"
                },
                {
                  "node": "l",
                  "frag": "1(N01)",
                  "id": "P000510.l03e17",
                  "ref": "P000510.18.1",
                  "inst": "%qpc:1(N01)=",
                  "f": {
                    "lang": "qpc",
                    "form": "1(N01)",
                    "gdl": [
                      {
                        "n": "n",
                        "form": "1(N01)",
                        "id": "P000510.18.1.0",
                        "seq": [
                          {
                            "r": "1"
                          },
                          {
                            "s": "N01"
                          }
                        ]
                      }
                    ]
                  }
                },
                {
                  "node": "d",
                  "type": "field-end",
                  "subtype": "default"
                },
                {
                  "node": "d",
                  "type": "field-start",
                  "subtype": "default"
                },
                {
                  "node": "l",
                  "frag": "⸢SU~a⸣",
                  "id": "P000510.l03e18",
                  "ref": "P000510.18.2",
                  "inst": "%qpc:SU=",
                  "f": {
                    "lang": "qpc",
                    "form": "SU",
                    "delim": " ",
                    "gdl": [
                      {
                        "form": "SU~a",
                        "id": "P000510.18.2.0",
                        "break": "damaged",
                        "ho": "1",
                        "hc": "1",
                        "mods": [
                          {
                            "b": "SU"
                          },
                          {
                            "a": "a"
                          }
                        ]
                      }
                    ]
                  }
                },
                {
                  "node": "l",
                  "frag": "[...]",
                  "id": "P000510.l03e19",
                  "ref": "P000510.18.3",
                  "inst": "%qpc:x=",
                  "f": {
                    "lang": "qpc",
                    "form": "x",
                    "gdl": [
                      {
                        "x": "ellipsis",
                        "id": "P000510.18.3.0",
                        "breakStart": "1",
                        "break": "missing",
                        "o": "]",
                        "breakEnd": "P000510.18.3.0"
                      }
                    ]
                  }
                },
                {
                  "node": "d",
                  "type": "field-end",
                  "subtype": "default"
                }
              ]
            }
          ]
        }
      ]
    }
  ]
}
