{
  "type": "cdl",
  "project": "dcclt",
  "source": "http://oracc.org/dcclt",
  "license": "This data is released under the CC0 license",
  "license-url": "https://creativecommons.org/publicdomain/zero/1.0/",
  "more-info": "http://oracc.org/doc/opendata/",
  "UTC-timestamp": "2017-06-21T22:03:41",
  "textid": "P000355",
  "cdl": [
    {
      "node": "c",
      "type": "text",
      "id": "P000355.U0",
      "cdl": [
        {
          "node": "d",
          "type": "object",
          "ref": ""
        },
        {
          "node": "d",
          "subtype": "obverse",
          "type": "obverse",
          "ref": "P000355.o.1",
          "label": "o"
        },
        {
          "node": "d",
          "subtype": "column 1o",
          "type": "column",
          "ref": "P000355.o.i.2",
          "n": "1",
          "label": "o i"
        },
        {
          "node": "c",
          "type": "discourse",
          "subtype": "body",
          "id": "P000355.U1",
          "cdl": [
            {
              "node": "c",
              "type": "sentence",
              "id": "P000355.U2",
              "label": "o i 1 - o ii 1",
              "cdl": [
                {
                  "node": "d",
                  "type": "line-start",
                  "ref": "P000355.3",
                  "n": "1",
                  "label": "o i 1"
                },
                {
                  "node": "d",
                  "type": "field-start",
                  "subtype": "default"
                },
                {
                  "node": "l",
                  "frag": "1(N01)",
                  "id": "P000355.l00b8d",
                  "ref": "P000355.3.1",
                  "inst": "%qpc:1(N01)=",
                  "f": {
                    "lang": "qpc",
                    "form": "1(N01)",
                    "gdl": [
                      {
                        "n": "n",
                        "form": "1(N01)",
                        "id": "P000355.3.1.0",
                        "seq": [
                          {
                            "r": "1"
                          },
                          {
                            "s": "N01"
                          }
                        ]
                      }
                    ]
                  }
                },
                {
                  "node": "d",
                  "type": "field-end",
                  "subtype": "default"
                },
                {
                  "node": "d",
                  "type": "field-start",
                  "subtype": "default"
                },
                {
                  "node": "l",
                  "frag": "⸢GAL~a⸣",
                  "id": "P000355.l00b8e",
                  "ref": "P000355.3.2",
                  "inst": "%qpc:GAL=",
                  "f": {
                    "lang": "qpc",
                    "form": "GAL",
                    "delim": " ",
                    "gdl": [
                      {
                        "form": "GAL~a",
                        "id": "P000355.3.2.0",
                        "break": "damaged",
                        "ho": "1",
                        "hc": "1",
                        "mods": [
                          {
                            "b": "GAL"
                          },
                          {
                            "a": "a"
                          }
                        ]
                      }
                    ]
                  }
                },
                {
                  "node": "l",
                  "frag": "ŠA",
                  "id": "P000355.l00b8f",
                  "ref": "P000355.3.3",
                  "inst": "%qpc:ŠA=",
                  "f": {
                    "lang": "qpc",
                    "form": "ŠA",
                    "gdl": [
                      {
                        "s": "ŠA",
                        "id": "P000355.3.3.0"
                      }
                    ]
                  }
                },
                {
                  "node": "d",
                  "type": "field-end",
                  "subtype": "default"
                },
                {
                  "node": "d",
                  "type": "line-start",
                  "ref": "P000355.4",
                  "n": "2",
                  "label": "o i 2"
                },
                {
                  "node": "d",
                  "type": "field-start",
                  "subtype": "default"
                },
                {
                  "node": "l",
                  "frag": "1(N01)",
                  "id": "P000355.l00b90",
                  "ref": "P000355.4.1",
                  "inst": "%qpc:1(N01)=",
                  "f": {
                    "lang": "qpc",
                    "form": "1(N01)",
                    "gdl": [
                      {
                        "n": "n",
                        "form": "1(N01)",
                        "id": "P000355.4.1.0",
                        "seq": [
                          {
                            "r": "1"
                          },
                          {
                            "s": "N01"
                          }
                        ]
                      }
                    ]
                  }
                },
                {
                  "node": "d",
                  "type": "field-end",
                  "subtype": "default"
                },
                {
                  "node": "d",
                  "type": "field-start",
                  "subtype": "default"
                },
                {
                  "node": "l",
                  "frag": "⸢GAL~a",
                  "id": "P000355.l00b91",
                  "ref": "P000355.4.2",
                  "inst": "%qpc:GAL=",
                  "f": {
                    "lang": "qpc",
                    "form": "GAL",
                    "delim": " ",
                    "gdl": [
                      {
                        "form": "GAL~a",
                        "id": "P000355.4.2.0",
                        "break": "damaged",
                        "ho": "1",
                        "mods": [
                          {
                            "b": "GAL"
                          },
                          {
                            "a": "a"
                          }
                        ]
                      }
                    ]
                  }
                },
                {
                  "node": "l",
                  "frag": "ERIN⸣",
                  "id": "P000355.l00b92",
                  "ref": "P000355.4.3",
                  "inst": "%qpc:ERIN=",
                  "f": {
                    "lang": "qpc",
                    "form": "ERIN",
                    "gdl": [
                      {
                        "s": "ERIN",
                        "id": "P000355.4.3.0",
                        "break": "damaged",
                        "hc": "1"
                      }
                    ]
                  }
                },
                {
                  "node": "d",
                  "type": "field-end",
                  "subtype": "default"
                },
                {
                  "node": "d",
                  "subtype": "column 2o",
                  "type": "column",
                  "ref": "P000355.o.ii.5",
                  "n": "2",
                  "label": "o ii"
                },
                {
                  "node": "d",
                  "type": "line-start",
                  "ref": "P000355.6",
                  "n": "1",
                  "label": "o ii 1"
                },
                {
                  "node": "d",
                  "type": "field-start",
                  "subtype": "default"
                },
                {
                  "node": "l",
                  "frag": "1(N01)",
                  "id": "P000355.l00b93",
                  "ref": "P000355.6.1",
                  "inst": "%qpc:1(N01)=",
                  "f": {
                    "lang": "qpc",
                    "form": "1(N01)",
                    "gdl": [
                      {
                        "n": "n",
                        "form": "1(N01)",
                        "id": "P000355.6.1.0",
                        "seq": [
                          {
                            "r": "1"
                          },
                          {
                            "s": "N01"
                          }
                        ]
                      }
                    ]
                  }
                },
                {
                  "node": "d",
                  "type": "field-end",
                  "subtype": "default"
                },
                {
                  "node": "d",
                  "type": "field-start",
                  "subtype": "default"
                },
                {
                  "node": "l",
                  "frag": "[...]",
                  "id": "P000355.l00b94",
                  "ref": "P000355.6.2",
                  "inst": "%qpc:x=",
                  "f": {
                    "lang": "qpc",
                    "form": "x",
                    "gdl": [
                      {
                        "x": "ellipsis",
                        "id": "P000355.6.2.0",
                        "breakStart": "1",
                        "break": "missing",
                        "o": "]",
                        "breakEnd": "P000355.6.2.0"
                      }
                    ]
                  }
                },
                {
                  "node": "d",
                  "type": "field-end",
                  "subtype": "default"
                }
              ]
            }
          ]
        }
      ]
    }
  ]
}
