{
  "type": "cdl",
  "project": "dcclt",
  "source": "http://oracc.org/dcclt",
  "license": "This data is released under the CC0 license",
  "license-url": "https://creativecommons.org/publicdomain/zero/1.0/",
  "more-info": "http://oracc.org/doc/opendata/",
  "UTC-timestamp": "2017-06-21T22:03:51",
  "textid": "P000432",
  "cdl": [
    {
      "node": "c",
      "type": "text",
      "id": "P000432.U0",
      "cdl": [
        {
          "node": "d",
          "type": "object",
          "ref": ""
        },
        {
          "node": "d",
          "subtype": "obverse",
          "type": "obverse",
          "ref": "P000432.o.1",
          "label": "o"
        },
        {
          "node": "d",
          "subtype": "column 1o",
          "type": "column",
          "ref": "P000432.o.i.2",
          "n": "1",
          "label": "o i"
        },
        {
          "node": "c",
          "type": "discourse",
          "subtype": "body",
          "id": "P000432.U1",
          "cdl": [
            {
              "node": "c",
              "type": "sentence",
              "id": "P000432.U2",
              "label": "o i 1 - r i 1",
              "cdl": [
                {
                  "node": "d",
                  "type": "line-start",
                  "ref": "P000432.3",
                  "n": "1",
                  "label": "o i 1"
                },
                {
                  "node": "d",
                  "type": "field-start",
                  "subtype": "default"
                },
                {
                  "node": "l",
                  "frag": "1(N01)",
                  "id": "P000432.l03809",
                  "ref": "P000432.3.1",
                  "inst": "%qpc:1(N01)=",
                  "f": {
                    "lang": "qpc",
                    "form": "1(N01)",
                    "gdl": [
                      {
                        "n": "n",
                        "form": "1(N01)",
                        "id": "P000432.3.1.0",
                        "seq": [
                          {
                            "r": "1"
                          },
                          {
                            "s": "N01"
                          }
                        ]
                      }
                    ]
                  }
                },
                {
                  "node": "d",
                  "type": "field-end",
                  "subtype": "default"
                },
                {
                  "node": "d",
                  "type": "field-start",
                  "subtype": "default"
                },
                {
                  "node": "l",
                  "frag": "KIŠ",
                  "id": "P000432.l0380a",
                  "ref": "P000432.3.2",
                  "inst": "%qpc:KIŠ=",
                  "f": {
                    "lang": "qpc",
                    "form": "KIŠ",
                    "delim": " ",
                    "gdl": [
                      {
                        "s": "KIŠ",
                        "id": "P000432.3.2.0"
                      }
                    ]
                  }
                },
                {
                  "node": "l",
                  "frag": "KIŠ",
                  "id": "P000432.l0380b",
                  "ref": "P000432.3.3",
                  "inst": "%qpc:KIŠ=",
                  "f": {
                    "lang": "qpc",
                    "form": "KIŠ",
                    "delim": " ",
                    "gdl": [
                      {
                        "s": "KIŠ",
                        "id": "P000432.3.3.0"
                      }
                    ]
                  }
                },
                {
                  "node": "l",
                  "frag": "KIŠ",
                  "id": "P000432.l0380c",
                  "ref": "P000432.3.4",
                  "inst": "%qpc:KIŠ=",
                  "f": {
                    "lang": "qpc",
                    "form": "KIŠ",
                    "delim": " ",
                    "gdl": [
                      {
                        "s": "KIŠ",
                        "id": "P000432.3.4.0"
                      }
                    ]
                  }
                },
                {
                  "node": "l",
                  "frag": "KIŠ",
                  "id": "P000432.l0380d",
                  "ref": "P000432.3.5",
                  "inst": "%qpc:KIŠ=",
                  "f": {
                    "lang": "qpc",
                    "form": "KIŠ",
                    "delim": " ",
                    "gdl": [
                      {
                        "s": "KIŠ",
                        "id": "P000432.3.5.0"
                      }
                    ]
                  }
                },
                {
                  "node": "l",
                  "frag": "KIŠ",
                  "id": "P000432.l0380e",
                  "ref": "P000432.3.6",
                  "inst": "%qpc:KIŠ=",
                  "f": {
                    "lang": "qpc",
                    "form": "KIŠ",
                    "delim": " ",
                    "gdl": [
                      {
                        "s": "KIŠ",
                        "id": "P000432.3.6.0"
                      }
                    ]
                  }
                },
                {
                  "node": "l",
                  "frag": "KIŠ",
                  "id": "P000432.l0380f",
                  "ref": "P000432.3.7",
                  "inst": "%qpc:KIŠ=",
                  "f": {
                    "lang": "qpc",
                    "form": "KIŠ",
                    "delim": " ",
                    "gdl": [
                      {
                        "s": "KIŠ",
                        "id": "P000432.3.7.0"
                      }
                    ]
                  }
                },
                {
                  "node": "l",
                  "frag": "X",
                  "id": "P000432.l03810",
                  "ref": "P000432.3.8",
                  "inst": "%qpc:X=",
                  "f": {
                    "lang": "qpc",
                    "form": "X",
                    "delim": " ",
                    "gdl": [
                      {
                        "s": "X",
                        "id": "P000432.3.8.0"
                      }
                    ]
                  }
                },
                {
                  "node": "l",
                  "frag": "X",
                  "id": "P000432.l03811",
                  "ref": "P000432.3.9",
                  "inst": "%qpc:X=",
                  "f": {
                    "lang": "qpc",
                    "form": "X",
                    "gdl": [
                      {
                        "s": "X",
                        "id": "P000432.3.9.0"
                      }
                    ]
                  }
                },
                {
                  "node": "d",
                  "type": "field-end",
                  "subtype": "default"
                },
                {
                  "node": "d",
                  "subtype": "reverse",
                  "type": "reverse",
                  "ref": "P000432.r.4",
                  "label": "r"
                },
                {
                  "node": "d",
                  "subtype": "column 1r",
                  "type": "column",
                  "ref": "P000432.r.i.5",
                  "n": "1",
                  "label": "r i"
                },
                {
                  "node": "d",
                  "type": "line-start",
                  "ref": "P000432.6",
                  "n": "1",
                  "label": "r i 1"
                },
                {
                  "node": "d",
                  "type": "field-start",
                  "subtype": "default"
                },
                {
                  "node": "l",
                  "frag": "1(N01)",
                  "id": "P000432.l03812",
                  "ref": "P000432.6.1",
                  "inst": "%qpc:1(N01)=",
                  "f": {
                    "lang": "qpc",
                    "form": "1(N01)",
                    "gdl": [
                      {
                        "n": "n",
                        "form": "1(N01)",
                        "id": "P000432.6.1.0",
                        "seq": [
                          {
                            "r": "1"
                          },
                          {
                            "s": "N01"
                          }
                        ]
                      }
                    ]
                  }
                },
                {
                  "node": "d",
                  "type": "field-end",
                  "subtype": "default"
                },
                {
                  "node": "d",
                  "type": "field-start",
                  "subtype": "default"
                },
                {
                  "node": "l",
                  "frag": "X",
                  "id": "P000432.l03813",
                  "ref": "P000432.6.2",
                  "inst": "%qpc:X=",
                  "f": {
                    "lang": "qpc",
                    "form": "X",
                    "delim": " ",
                    "gdl": [
                      {
                        "s": "X",
                        "id": "P000432.6.2.0"
                      }
                    ]
                  }
                },
                {
                  "node": "l",
                  "frag": "X",
                  "id": "P000432.l03814",
                  "ref": "P000432.6.3",
                  "inst": "%qpc:X=",
                  "f": {
                    "lang": "qpc",
                    "form": "X",
                    "delim": " ",
                    "gdl": [
                      {
                        "s": "X",
                        "id": "P000432.6.3.0"
                      }
                    ]
                  }
                },
                {
                  "node": "l",
                  "frag": "SAG",
                  "id": "P000432.l03815",
                  "ref": "P000432.6.4",
                  "inst": "%qpc:SAG=",
                  "f": {
                    "lang": "qpc",
                    "form": "SAG",
                    "gdl": [
                      {
                        "s": "SAG",
                        "id": "P000432.6.4.0"
                      }
                    ]
                  }
                },
                {
                  "node": "d",
                  "type": "field-end",
                  "subtype": "default"
                }
              ]
            }
          ]
        }
      ]
    }
  ]
}
