{
  "type": "cdl",
  "project": "dcclt",
  "source": "http://oracc.org/dcclt",
  "license": "This data is released under the CC0 license",
  "license-url": "https://creativecommons.org/publicdomain/zero/1.0/",
  "more-info": "http://oracc.org/doc/opendata/",
  "UTC-timestamp": "2017-06-21T22:03:08",
  "textid": "P000091",
  "cdl": [
    {
      "node": "c",
      "type": "text",
      "id": "P000091.U0",
      "cdl": [
        {
          "node": "d",
          "type": "object",
          "ref": ""
        },
        {
          "node": "d",
          "subtype": "obverse",
          "type": "obverse",
          "ref": "P000091.o.1",
          "label": "o"
        },
        {
          "node": "d",
          "subtype": "column 1o",
          "type": "column",
          "ref": "P000091.o.i.2",
          "n": "1",
          "label": "o i"
        },
        {
          "node": "c",
          "type": "discourse",
          "subtype": "body",
          "id": "P000091.U1",
          "cdl": [
            {
              "node": "c",
              "type": "sentence",
              "id": "P000091.U2",
              "label": "o i 1 - o i 3",
              "cdl": [
                {
                  "node": "d",
                  "type": "line-start",
                  "ref": "P000091.3",
                  "n": "1",
                  "label": "o i 1"
                },
                {
                  "node": "d",
                  "type": "field-start",
                  "subtype": "default"
                },
                {
                  "node": "l",
                  "frag": "1(N01)",
                  "id": "P000091.l00e05",
                  "ref": "P000091.3.1",
                  "inst": "%qpc:1(N01)=",
                  "f": {
                    "lang": "qpc",
                    "form": "1(N01)",
                    "gdl": [
                      {
                        "n": "n",
                        "form": "1(N01)",
                        "id": "P000091.3.1.0",
                        "seq": [
                          {
                            "r": "1"
                          },
                          {
                            "s": "N01"
                          }
                        ]
                      }
                    ]
                  }
                },
                {
                  "node": "d",
                  "type": "field-end",
                  "subtype": "default"
                },
                {
                  "node": "d",
                  "type": "field-start",
                  "subtype": "default"
                },
                {
                  "node": "l",
                  "frag": "⸢GAL~a⸣",
                  "id": "P000091.l00e06",
                  "ref": "P000091.3.2",
                  "inst": "%qpc:GAL=",
                  "f": {
                    "lang": "qpc",
                    "form": "GAL",
                    "delim": " ",
                    "gdl": [
                      {
                        "form": "GAL~a",
                        "id": "P000091.3.2.0",
                        "break": "damaged",
                        "ho": "1",
                        "hc": "1",
                        "mods": [
                          {
                            "b": "GAL"
                          },
                          {
                            "a": "a"
                          }
                        ]
                      }
                    ]
                  }
                },
                {
                  "node": "l",
                  "frag": "X",
                  "id": "P000091.l00e07",
                  "ref": "P000091.3.3",
                  "inst": "%qpc:X=",
                  "f": {
                    "lang": "qpc",
                    "form": "X",
                    "gdl": [
                      {
                        "s": "X",
                        "id": "P000091.3.3.0"
                      }
                    ]
                  }
                },
                {
                  "node": "d",
                  "type": "field-end",
                  "subtype": "default"
                },
                {
                  "node": "d",
                  "type": "line-start",
                  "ref": "P000091.4",
                  "n": "2",
                  "label": "o i 2"
                },
                {
                  "node": "d",
                  "type": "field-start",
                  "subtype": "default"
                },
                {
                  "node": "l",
                  "frag": "1(N01)",
                  "id": "P000091.l00e08",
                  "ref": "P000091.4.1",
                  "inst": "%qpc:1(N01)=",
                  "f": {
                    "lang": "qpc",
                    "form": "1(N01)",
                    "gdl": [
                      {
                        "n": "n",
                        "form": "1(N01)",
                        "id": "P000091.4.1.0",
                        "seq": [
                          {
                            "r": "1"
                          },
                          {
                            "s": "N01"
                          }
                        ]
                      }
                    ]
                  }
                },
                {
                  "node": "d",
                  "type": "field-end",
                  "subtype": "default"
                },
                {
                  "node": "d",
                  "type": "field-start",
                  "subtype": "default"
                },
                {
                  "node": "l",
                  "frag": "GAL~a",
                  "id": "P000091.l00e09",
                  "ref": "P000091.4.2",
                  "inst": "%qpc:GAL=",
                  "f": {
                    "lang": "qpc",
                    "form": "GAL",
                    "delim": " ",
                    "gdl": [
                      {
                        "form": "GAL~a",
                        "id": "P000091.4.2.0",
                        "mods": [
                          {
                            "b": "GAL"
                          },
                          {
                            "a": "a"
                          }
                        ]
                      }
                    ]
                  }
                },
                {
                  "node": "l",
                  "frag": "⸢ŠAGAN⸣",
                  "id": "P000091.l00e0a",
                  "ref": "P000091.4.3",
                  "inst": "%qpc:ŠAGAN=",
                  "f": {
                    "lang": "qpc",
                    "form": "ŠAGAN",
                    "gdl": [
                      {
                        "s": "ŠAGAN",
                        "id": "P000091.4.3.0",
                        "break": "damaged",
                        "ho": "1",
                        "hc": "1"
                      }
                    ]
                  }
                },
                {
                  "node": "d",
                  "type": "field-end",
                  "subtype": "default"
                },
                {
                  "node": "d",
                  "type": "line-start",
                  "ref": "P000091.5",
                  "n": "3",
                  "label": "o i 3"
                },
                {
                  "node": "d",
                  "type": "field-start",
                  "subtype": "default"
                },
                {
                  "node": "l",
                  "frag": "1(N01)",
                  "id": "P000091.l00e0b",
                  "ref": "P000091.5.1",
                  "inst": "%qpc:1(N01)=",
                  "f": {
                    "lang": "qpc",
                    "form": "1(N01)",
                    "gdl": [
                      {
                        "n": "n",
                        "form": "1(N01)",
                        "id": "P000091.5.1.0",
                        "seq": [
                          {
                            "r": "1"
                          },
                          {
                            "s": "N01"
                          }
                        ]
                      }
                    ]
                  }
                },
                {
                  "node": "d",
                  "type": "field-end",
                  "subtype": "default"
                },
                {
                  "node": "d",
                  "type": "field-start",
                  "subtype": "default"
                },
                {
                  "node": "l",
                  "frag": "⸢ENGIZ⸣",
                  "id": "P000091.l00e0c",
                  "ref": "P000091.5.2",
                  "inst": "%qpc:ENGIZ=",
                  "f": {
                    "lang": "qpc",
                    "form": "ENGIZ",
                    "gdl": [
                      {
                        "s": "ENGIZ",
                        "id": "P000091.5.2.0",
                        "break": "damaged",
                        "ho": "1",
                        "hc": "1"
                      }
                    ]
                  }
                },
                {
                  "node": "d",
                  "type": "field-end",
                  "subtype": "default"
                }
              ]
            }
          ]
        }
      ]
    }
  ]
}
