{
  "type": "cdl",
  "project": "dcclt",
  "source": "http://oracc.org/dcclt",
  "license": "This data is released under the CC0 license",
  "license-url": "https://creativecommons.org/publicdomain/zero/1.0/",
  "more-info": "http://oracc.org/doc/opendata/",
  "UTC-timestamp": "2017-06-21T22:04:44",
  "textid": "P218299",
  "cdl": [
    {
      "node": "c",
      "type": "text",
      "id": "P218299.U0",
      "cdl": [
        {
          "node": "d",
          "subtype": "tablet",
          "type": "tablet",
          "ref": "P218299.x51.1",
          "label": "x51"
        },
        {
          "node": "d",
          "subtype": "reverse",
          "type": "reverse",
          "ref": "P218299.r.2",
          "label": "r"
        },
        {
          "node": "d",
          "subtype": "column 1r",
          "type": "column",
          "ref": "P218299.r.i.3",
          "n": "1",
          "label": "r i"
        },
        {
          "node": "c",
          "type": "discourse",
          "subtype": "body",
          "id": "P218299.U1",
          "cdl": [
            {
              "node": "c",
              "type": "sentence",
              "id": "P218299.U2",
              "label": "r i 1 - r i 8",
              "cdl": [
                {
                  "node": "d",
                  "type": "line-start",
                  "ref": "P218299.4",
                  "n": "1",
                  "label": "r i 1"
                },
                {
                  "node": "l",
                  "frag": "[gal]",
                  "id": "P218299.l064d3",
                  "ref": "P218299.4.1",
                  "inst": "%sux:gal=",
                  "f": {
                    "lang": "sux",
                    "form": "gal",
                    "delim": " ",
                    "gdl": [
                      {
                        "v": "gal",
                        "id": "P218299.4.1.0",
                        "breakStart": "1",
                        "o": "]",
                        "break": "missing",
                        "breakEnd": "P218299.4.1.0"
                      }
                    ]
                  }
                },
                {
                  "node": "l",
                  "frag": "⸢saŋŋa⸣-[gana₂]",
                  "id": "P218299.l064d4",
                  "ref": "P218299.4.2",
                  "inst": "%sux:saŋŋa-gana₂=",
                  "f": {
                    "lang": "sux",
                    "form": "saŋŋa-gana₂",
                    "gdl": [
                      {
                        "v": "saŋŋa",
                        "id": "P218299.4.2.0",
                        "break": "damaged",
                        "ho": "1",
                        "delim": "-",
                        "hc": "1"
                      },
                      {
                        "v": "gana₂",
                        "id": "P218299.4.2.1",
                        "breakStart": "1",
                        "o": "]",
                        "break": "missing",
                        "breakEnd": "P218299.4.2.1"
                      }
                    ]
                  }
                },
                {
                  "node": "d",
                  "type": "line-start",
                  "ref": "P218299.5",
                  "n": "2",
                  "label": "r i 2"
                },
                {
                  "node": "l",
                  "frag": "[gal]",
                  "id": "P218299.l064d5",
                  "ref": "P218299.5.1",
                  "inst": "%sux:gal=",
                  "f": {
                    "lang": "sux",
                    "form": "gal",
                    "delim": " ",
                    "gdl": [
                      {
                        "v": "gal",
                        "id": "P218299.5.1.0",
                        "breakStart": "1",
                        "o": "]",
                        "break": "missing",
                        "breakEnd": "P218299.5.1.0"
                      }
                    ]
                  }
                },
                {
                  "node": "l",
                  "frag": "|PA.DUN₃|",
                  "id": "P218299.l064d6",
                  "ref": "P218299.5.2",
                  "inst": "%sux:|PA.DUN₃|=",
                  "f": {
                    "lang": "sux",
                    "form": "|PA.DUN₃|",
                    "gdl": [
                      {
                        "c": "|PA.DUN₃|",
                        "id": "P218299.5.2.0",
                        "seq": [
                          {
                            "s": "PA",
                            "break": "damaged"
                          },
                          {
                            "o": "beside"
                          },
                          {
                            "s": "DUN₃",
                            "break": "damaged"
                          }
                        ]
                      }
                    ]
                  }
                },
                {
                  "node": "d",
                  "type": "line-start",
                  "ref": "P218299.6",
                  "n": "3",
                  "label": "r i 3"
                },
                {
                  "node": "l",
                  "frag": "[gal]",
                  "id": "P218299.l064d7",
                  "ref": "P218299.6.1",
                  "inst": "%sux:gal=",
                  "f": {
                    "lang": "sux",
                    "form": "gal",
                    "delim": " ",
                    "gdl": [
                      {
                        "v": "gal",
                        "id": "P218299.6.1.0",
                        "breakStart": "1",
                        "o": "]",
                        "break": "missing",
                        "breakEnd": "P218299.6.1.0"
                      }
                    ]
                  }
                },
                {
                  "node": "l",
                  "frag": "⸢ti⸣",
                  "id": "P218299.l064d8",
                  "ref": "P218299.6.2",
                  "inst": "%sux:ti=",
                  "f": {
                    "lang": "sux",
                    "form": "ti",
                    "gdl": [
                      {
                        "v": "ti",
                        "id": "P218299.6.2.0",
                        "break": "damaged",
                        "ho": "1",
                        "hc": "1"
                      }
                    ]
                  }
                },
                {
                  "node": "d",
                  "type": "line-start",
                  "ref": "P218299.7",
                  "n": "4",
                  "label": "r i 4"
                },
                {
                  "node": "l",
                  "frag": "⸢gal⸣",
                  "id": "P218299.l064d9",
                  "ref": "P218299.7.1",
                  "inst": "%sux:gal=",
                  "f": {
                    "lang": "sux",
                    "form": "gal",
                    "delim": " ",
                    "gdl": [
                      {
                        "v": "gal",
                        "id": "P218299.7.1.0",
                        "break": "damaged",
                        "ho": "1",
                        "hc": "1"
                      }
                    ]
                  }
                },
                {
                  "node": "l",
                  "frag": "|PA.ŠA₆|",
                  "id": "P218299.l064da",
                  "ref": "P218299.7.2",
                  "inst": "%sux:|PA.ŠA₆|=",
                  "f": {
                    "lang": "sux",
                    "form": "|PA.ŠA₆|",
                    "gdl": [
                      {
                        "c": "|PA.ŠA₆|",
                        "id": "P218299.7.2.0",
                        "seq": [
                          {
                            "s": "PA",
                            "break": "damaged"
                          },
                          {
                            "o": "beside"
                          },
                          {
                            "s": "ŠA₆",
                            "break": "damaged"
                          }
                        ]
                      }
                    ]
                  }
                },
                {
                  "node": "d",
                  "type": "line-start",
                  "ref": "P218299.8",
                  "n": "5",
                  "label": "r i 5"
                },
                {
                  "node": "l",
                  "frag": "⸢gal",
                  "id": "P218299.l064db",
                  "ref": "P218299.8.1",
                  "inst": "%sux:gal=",
                  "f": {
                    "lang": "sux",
                    "form": "gal",
                    "delim": " ",
                    "gdl": [
                      {
                        "v": "gal",
                        "id": "P218299.8.1.0",
                        "break": "damaged",
                        "ho": "1"
                      }
                    ]
                  }
                },
                {
                  "node": "l",
                  "frag": "luhšu(LAK442)",
                  "id": "P218299.l064dc",
                  "ref": "P218299.8.2",
                  "inst": "%sux:luhšu(LAK442)=",
                  "f": {
                    "lang": "sux",
                    "form": "luhšu(LAK442)",
                    "gdl": [
                      {
                        "q": "luhšu(LAK442)",
                        "id": "P218299.8.2.0",
                        "break": "damaged",
                        "hc": "1",
                        "qualified": [
                          {
                            "v": "luhšu"
                          },
                          {
                            "s": "LAK442"
                          }
                        ]
                      }
                    ]
                  }
                },
                {
                  "node": "d",
                  "type": "line-start",
                  "ref": "P218299.9",
                  "n": "6",
                  "label": "r i 6"
                },
                {
                  "node": "l",
                  "frag": "⸢gal",
                  "id": "P218299.l064dd",
                  "ref": "P218299.9.1",
                  "inst": "%sux:gal=",
                  "f": {
                    "lang": "sux",
                    "form": "gal",
                    "delim": " ",
                    "gdl": [
                      {
                        "v": "gal",
                        "id": "P218299.9.1.0",
                        "break": "damaged",
                        "ho": "1"
                      }
                    ]
                  }
                },
                {
                  "node": "l",
                  "frag": "hub₂⸣",
                  "id": "P218299.l064de",
                  "ref": "P218299.9.2",
                  "inst": "%sux:hub₂=",
                  "f": {
                    "lang": "sux",
                    "form": "hub₂",
                    "gdl": [
                      {
                        "v": "hub₂",
                        "id": "P218299.9.2.0",
                        "break": "damaged",
                        "hc": "1"
                      }
                    ]
                  }
                },
                {
                  "node": "d",
                  "type": "line-start",
                  "ref": "P218299.10",
                  "n": "7",
                  "label": "r i 7"
                },
                {
                  "node": "l",
                  "frag": "[gal]",
                  "id": "P218299.l064df",
                  "ref": "P218299.10.1",
                  "inst": "%sux:gal=",
                  "f": {
                    "lang": "sux",
                    "form": "gal",
                    "delim": " ",
                    "gdl": [
                      {
                        "v": "gal",
                        "id": "P218299.10.1.0",
                        "breakStart": "1",
                        "o": "]",
                        "break": "missing",
                        "breakEnd": "P218299.10.1.0"
                      }
                    ]
                  }
                },
                {
                  "node": "l",
                  "frag": "|MUŠ%MUŠ.KAK|",
                  "id": "P218299.l064e0",
                  "ref": "P218299.10.2",
                  "inst": "%sux:|MUŠ%MUŠ.KAK|=",
                  "f": {
                    "lang": "sux",
                    "form": "|MUŠ%MUŠ.KAK|",
                    "gdl": [
                      {
                        "c": "|MUŠ%MUŠ.KAK|",
                        "id": "P218299.10.2.0",
                        "seq": [
                          {
                            "s": "MUŠ",
                            "break": "damaged"
                          },
                          {
                            "o": "crossing"
                          },
                          {
                            "s": "MUŠ",
                            "break": "damaged"
                          },
                          {
                            "o": "beside"
                          },
                          {
                            "s": "KAK"
                          }
                        ]
                      }
                    ]
                  }
                },
                {
                  "node": "d",
                  "type": "line-start",
                  "ref": "P218299.11",
                  "n": "8",
                  "label": "r i 8"
                },
                {
                  "node": "l",
                  "frag": "[gal",
                  "id": "P218299.l064e1",
                  "ref": "P218299.11.1",
                  "inst": "%sux:gal=",
                  "f": {
                    "lang": "sux",
                    "form": "gal",
                    "delim": " ",
                    "gdl": [
                      {
                        "v": "gal",
                        "id": "P218299.11.1.0",
                        "breakStart": "1",
                        "o": "[",
                        "break": "missing"
                      }
                    ]
                  }
                },
                {
                  "node": "l",
                  "frag": "tak₄]-⸢alan⸣",
                  "id": "P218299.l064e2",
                  "ref": "P218299.11.2",
                  "inst": "%sux:tak₄-alan=",
                  "f": {
                    "lang": "sux",
                    "form": "tak₄-alan",
                    "gdl": [
                      {
                        "v": "tak₄",
                        "id": "P218299.11.2.0",
                        "break": "missing",
                        "o": "]",
                        "breakEnd": "P218299.11.1.0",
                        "delim": "-"
                      },
                      {
                        "v": "alan",
                        "id": "P218299.11.2.1",
                        "break": "damaged",
                        "queried": "1",
                        "ho": "1",
                        "hc": "1"
                      }
                    ]
                  }
                }
              ]
            }
          ]
        }
      ]
    }
  ]
}
