{
  "type": "cdl",
  "project": "dcclt",
  "source": "http://oracc.org/dcclt",
  "license": "This data is released under the CC0 license",
  "license-url": "https://creativecommons.org/publicdomain/zero/1.0/",
  "more-info": "http://oracc.org/doc/opendata/",
  "UTC-timestamp": "2017-06-21T22:05:08",
  "textid": "P225140",
  "cdl": [
    {
      "node": "c",
      "type": "text",
      "id": "P225140.U0",
      "cdl": [
        {
          "node": "d",
          "subtype": "tablet",
          "type": "tablet",
          "ref": "P225140.x2278.1",
          "label": "x2278"
        },
        {
          "node": "d",
          "subtype": "obverse",
          "type": "obverse",
          "ref": "P225140.o.2",
          "label": "o"
        },
        {
          "node": "d",
          "subtype": "column 1o",
          "type": "column",
          "ref": "P225140.o.i.3",
          "n": "1",
          "label": "o i"
        },
        {
          "node": "c",
          "type": "discourse",
          "subtype": "body",
          "id": "P225140.U1",
          "cdl": [
            {
              "node": "c",
              "type": "sentence",
              "id": "P225140.U2",
              "label": "o i 1 - o i 4",
              "cdl": [
                {
                  "node": "d",
                  "type": "line-start",
                  "ref": "P225140.4",
                  "n": "1",
                  "label": "o i 1"
                },
                {
                  "node": "l",
                  "frag": "a-|HI×AŠ₂|",
                  "id": "P225140.l53964",
                  "ref": "P225140.4.1",
                  "inst": "%sux:a-|HI×AŠ₂|=",
                  "f": {
                    "lang": "sux",
                    "form": "a-|HI×AŠ₂|",
                    "gdl": [
                      {
                        "v": "a",
                        "id": "P225140.4.1.0",
                        "delim": "-"
                      },
                      {
                        "c": "|HI×AŠ₂|",
                        "id": "P225140.4.1.1",
                        "seq": [
                          {
                            "s": "HI"
                          },
                          {
                            "o": "containing"
                          },
                          {
                            "s": "AŠ₂"
                          }
                        ]
                      }
                    ]
                  }
                },
                {
                  "node": "d",
                  "type": "line-start",
                  "ref": "P225140.5",
                  "n": "2",
                  "label": "o i 2"
                },
                {
                  "node": "l",
                  "frag": "a-|HI×AŠ₂|",
                  "id": "P225140.l53965",
                  "ref": "P225140.5.1",
                  "inst": "%sux:a-|HI×AŠ₂|=",
                  "f": {
                    "lang": "sux",
                    "form": "a-|HI×AŠ₂|",
                    "delim": " ",
                    "gdl": [
                      {
                        "v": "a",
                        "id": "P225140.5.1.0",
                        "delim": "-"
                      },
                      {
                        "c": "|HI×AŠ₂|",
                        "id": "P225140.5.1.1",
                        "seq": [
                          {
                            "s": "HI"
                          },
                          {
                            "o": "containing"
                          },
                          {
                            "s": "AŠ₂"
                          }
                        ]
                      }
                    ]
                  }
                },
                {
                  "node": "l",
                  "frag": "{d}en-lil₂",
                  "id": "P225140.l53966",
                  "ref": "P225140.5.2",
                  "inst": "%sux:{d}en-lil₂=",
                  "f": {
                    "lang": "sux",
                    "form": "{d}en-lil₂",
                    "gdl": [
                      {
                        "det": "semantic",
                        "pos": "pre",
                        "seq": [
                          {
                            "v": "d",
                            "id": "P225140.5.2.0"
                          }
                        ]
                      },
                      {
                        "v": "en",
                        "id": "P225140.5.2.1",
                        "delim": "-"
                      },
                      {
                        "v": "lil₂",
                        "id": "P225140.5.2.2"
                      }
                    ]
                  }
                },
                {
                  "node": "d",
                  "type": "line-start",
                  "ref": "P225140.6",
                  "n": "3",
                  "label": "o i 3"
                },
                {
                  "node": "l",
                  "frag": "⸢a⸣-|HI×AŠ₂|",
                  "id": "P225140.l53967",
                  "ref": "P225140.6.1",
                  "inst": "%sux:a-|HI×AŠ₂|=",
                  "f": {
                    "lang": "sux",
                    "form": "a-|HI×AŠ₂|",
                    "gdl": [
                      {
                        "v": "a",
                        "id": "P225140.6.1.0",
                        "break": "damaged",
                        "ho": "1",
                        "delim": "-",
                        "hc": "1"
                      },
                      {
                        "c": "|HI×AŠ₂|",
                        "id": "P225140.6.1.1",
                        "seq": [
                          {
                            "s": "HI"
                          },
                          {
                            "o": "containing"
                          },
                          {
                            "s": "AŠ₂"
                          }
                        ]
                      }
                    ]
                  }
                },
                {
                  "node": "d",
                  "type": "line-start",
                  "ref": "P225140.7",
                  "n": "4",
                  "label": "o i 4"
                },
                {
                  "node": "l",
                  "frag": "⸢a-|HI×AŠ₂|",
                  "id": "P225140.l53968",
                  "ref": "P225140.7.1",
                  "inst": "%sux:a-|HI×AŠ₂|=",
                  "f": {
                    "lang": "sux",
                    "form": "a-|HI×AŠ₂|",
                    "delim": " ",
                    "gdl": [
                      {
                        "v": "a",
                        "id": "P225140.7.1.0",
                        "break": "damaged",
                        "ho": "1",
                        "delim": "-"
                      },
                      {
                        "c": "|HI×AŠ₂|",
                        "id": "P225140.7.1.1",
                        "break": "damaged",
                        "seq": [
                          {
                            "s": "HI"
                          },
                          {
                            "o": "containing"
                          },
                          {
                            "s": "AŠ₂"
                          }
                        ]
                      }
                    ]
                  }
                },
                {
                  "node": "l",
                  "frag": "{d}en⸣-lil₂",
                  "id": "P225140.l53969",
                  "ref": "P225140.7.2",
                  "inst": "%sux:{d}en-lil₂=",
                  "f": {
                    "lang": "sux",
                    "form": "{d}en-lil₂",
                    "gdl": [
                      {
                        "det": "semantic",
                        "pos": "pre",
                        "seq": [
                          {
                            "v": "d",
                            "id": "P225140.7.2.0",
                            "break": "damaged"
                          }
                        ]
                      },
                      {
                        "v": "en",
                        "id": "P225140.7.2.1",
                        "break": "damaged",
                        "delim": "-",
                        "hc": "1"
                      },
                      {
                        "v": "lil₂",
                        "id": "P225140.7.2.2",
                        "gdl_remarked": "1"
                      }
                    ]
                  }
                }
              ]
            }
          ]
        }
      ]
    }
  ]
}
