{
  "type": "cdl",
  "project": "dcclt",
  "source": "http://oracc.org/dcclt",
  "license": "This data is released under the CC0 license",
  "license-url": "https://creativecommons.org/publicdomain/zero/1.0/",
  "more-info": "http://oracc.org/doc/opendata/",
  "UTC-timestamp": "2017-06-21T22:05:17",
  "textid": "P225961",
  "cdl": [
    {
      "node": "c",
      "type": "text",
      "id": "P225961.U0",
      "cdl": [
        {
          "node": "d",
          "subtype": "tablet",
          "type": "tablet",
          "ref": "P225961.x142.1",
          "label": "x142"
        },
        {
          "node": "d",
          "type": "surface",
          "ref": ""
        },
        {
          "node": "d",
          "subtype": "column 1",
          "type": "column",
          "ref": "P225961.i.2",
          "n": "1",
          "label": "i"
        },
        {
          "node": "d",
          "type": "nonx",
          "ref": "P225961.3",
          "strict": "1",
          "extent": "start",
          "scope": "column",
          "state": "missing"
        },
        {
          "node": "c",
          "type": "discourse",
          "subtype": "body",
          "id": "P225961.U1",
          "cdl": [
            {
              "node": "c",
              "type": "sentence",
              "id": "P225961.U2",
              "label": "i 1' - vii 5'",
              "cdl": [
                {
                  "node": "d",
                  "type": "line-start",
                  "ref": "P225961.4",
                  "n": "1'",
                  "label": "i 1'"
                },
                {
                  "node": "l",
                  "frag": "[...]",
                  "id": "P225961.l08a1d",
                  "ref": "P225961.4.1",
                  "inst": "%sux:x=",
                  "f": {
                    "lang": "sux",
                    "form": "x",
                    "gdl": [
                      {
                        "x": "ellipsis",
                        "id": "P225961.4.1.0",
                        "breakStart": "1",
                        "break": "missing",
                        "o": "]",
                        "breakEnd": "P225961.4.1.0"
                      }
                    ]
                  }
                },
                {
                  "node": "d",
                  "type": "line-start",
                  "ref": "P225961.5",
                  "n": "2'",
                  "label": "i 2'"
                },
                {
                  "node": "l",
                  "frag": "{[d]}⸢nisaba⸣",
                  "id": "P225961.l08a1e",
                  "ref": "P225961.5.1",
                  "inst": "%sux:{d}nisaba=",
                  "f": {
                    "lang": "sux",
                    "form": "{d}nisaba",
                    "gdl": [
                      {
                        "det": "semantic",
                        "pos": "pre",
                        "seq": [
                          {
                            "v": "d",
                            "id": "P225961.5.1.0",
                            "breakStart": "1",
                            "o": "]",
                            "break": "missing",
                            "breakEnd": "P225961.5.1.0"
                          }
                        ]
                      },
                      {
                        "v": "nisaba",
                        "id": "P225961.5.1.1",
                        "break": "damaged",
                        "ho": "1",
                        "hc": "1"
                      }
                    ]
                  }
                },
                {
                  "node": "d",
                  "type": "line-start",
                  "ref": "P225961.6",
                  "n": "3'",
                  "label": "i 3'"
                },
                {
                  "node": "l",
                  "frag": "{[d]}suen(|EN.ZU|)",
                  "id": "P225961.l08a1f",
                  "ref": "P225961.6.1",
                  "inst": "%sux:{d}suen(|EN.ZU|)=",
                  "f": {
                    "lang": "sux",
                    "form": "{d}suen(|EN.ZU|)",
                    "gdl": [
                      {
                        "det": "semantic",
                        "pos": "pre",
                        "seq": [
                          {
                            "v": "d",
                            "id": "P225961.6.1.0",
                            "breakStart": "1",
                            "o": "]",
                            "break": "missing",
                            "breakEnd": "P225961.6.1.0"
                          }
                        ]
                      },
                      {
                        "q": "suen(|EN.ZU|)",
                        "id": "P225961.6.1.1",
                        "break": "damaged",
                        "ho": "1",
                        "hc": "1",
                        "qualified": [
                          {
                            "v": "suen"
                          },
                          {
                            "c": "|EN.ZU|",
                            "seq": [
                              {
                                "s": "EN",
                                "break": "damaged"
                              },
                              {
                                "o": "beside"
                              },
                              {
                                "s": "ZU"
                              }
                            ]
                          }
                        ]
                      }
                    ]
                  }
                },
                {
                  "node": "d",
                  "type": "line-start",
                  "ref": "P225961.7",
                  "n": "4'",
                  "label": "i 4'"
                },
                {
                  "node": "l",
                  "frag": "{[d]}⸢ne₃⸣-urugal₂",
                  "id": "P225961.l08a20",
                  "ref": "P225961.7.1",
                  "inst": "%sux:{d}ne₃-urugal₂=",
                  "f": {
                    "lang": "sux",
                    "form": "{d}ne₃-urugal₂",
                    "gdl": [
                      {
                        "det": "semantic",
                        "pos": "pre",
                        "seq": [
                          {
                            "v": "d",
                            "id": "P225961.7.1.0",
                            "breakStart": "1",
                            "o": "]",
                            "break": "missing",
                            "breakEnd": "P225961.7.1.0"
                          }
                        ]
                      },
                      {
                        "v": "ne₃",
                        "id": "P225961.7.1.1",
                        "break": "damaged",
                        "ho": "1",
                        "delim": "-",
                        "hc": "1"
                      },
                      {
                        "v": "urugal₂",
                        "id": "P225961.7.1.2"
                      }
                    ]
                  }
                },
                {
                  "node": "d",
                  "type": "line-start",
                  "ref": "P225961.8",
                  "n": "5'",
                  "label": "i 5'"
                },
                {
                  "node": "l",
                  "frag": "[...]-⸢DAG⸣-[...]-IR",
                  "id": "P225961.l08a21",
                  "ref": "P225961.8.1",
                  "inst": "%sux:x-DAG-x-IR=",
                  "f": {
                    "lang": "sux",
                    "form": "x-DAG-x-IR",
                    "gdl": [
                      {
                        "x": "ellipsis",
                        "id": "P225961.8.1.0",
                        "breakStart": "1",
                        "break": "missing",
                        "o": "]",
                        "breakEnd": "P225961.8.1.0",
                        "delim": "-"
                      },
                      {
                        "s": "DAG",
                        "id": "P225961.8.1.1",
                        "break": "damaged",
                        "ho": "1",
                        "delim": "-",
                        "hc": "1"
                      },
                      {
                        "x": "ellipsis",
                        "id": "P225961.8.1.2",
                        "breakStart": "1",
                        "break": "missing",
                        "o": "]",
                        "breakEnd": "P225961.8.1.2",
                        "delim": "-"
                      },
                      {
                        "s": "IR",
                        "id": "P225961.8.1.3"
                      }
                    ]
                  }
                },
                {
                  "node": "d",
                  "type": "line-start",
                  "ref": "P225961.9",
                  "n": "6'",
                  "label": "i 6'"
                },
                {
                  "node": "l",
                  "frag": "[...]-x-x",
                  "id": "P225961.l08a22",
                  "ref": "P225961.9.1",
                  "inst": "%sux:x-x-x=",
                  "f": {
                    "lang": "sux",
                    "form": "x-x-x",
                    "gdl": [
                      {
                        "x": "ellipsis",
                        "id": "P225961.9.1.0",
                        "breakStart": "1",
                        "break": "missing",
                        "o": "]",
                        "breakEnd": "P225961.9.1.0",
                        "delim": "-"
                      },
                      {
                        "v": "x",
                        "id": "P225961.9.1.1",
                        "delim": "-"
                      },
                      {
                        "v": "x",
                        "id": "P225961.9.1.2"
                      }
                    ]
                  }
                },
                {
                  "node": "d",
                  "type": "line-start",
                  "ref": "P225961.10",
                  "n": "7'",
                  "label": "i 7'"
                },
                {
                  "node": "l",
                  "frag": "[...]",
                  "id": "P225961.l08a23",
                  "ref": "P225961.10.1",
                  "inst": "%sux:x=",
                  "f": {
                    "lang": "sux",
                    "form": "x",
                    "gdl": [
                      {
                        "x": "ellipsis",
                        "id": "P225961.10.1.0",
                        "breakStart": "1",
                        "break": "missing",
                        "o": "]",
                        "breakEnd": "P225961.10.1.0"
                      }
                    ]
                  }
                },
                {
                  "node": "d",
                  "type": "nonx",
                  "ref": "P225961.11",
                  "strict": "1",
                  "extent": "rest",
                  "scope": "column",
                  "state": "missing"
                },
                {
                  "node": "d",
                  "subtype": "column 2",
                  "type": "column",
                  "ref": "P225961.ii.12",
                  "n": "2",
                  "label": "ii"
                },
                {
                  "node": "d",
                  "type": "nonx",
                  "ref": "P225961.13",
                  "strict": "1",
                  "extent": "start",
                  "scope": "column",
                  "state": "missing"
                },
                {
                  "node": "d",
                  "type": "line-start",
                  "ref": "P225961.14",
                  "n": "1'",
                  "label": "ii 1'"
                },
                {
                  "node": "l",
                  "frag": "{d}nin-piriŋ",
                  "id": "P225961.l08a24",
                  "ref": "P225961.14.1",
                  "inst": "%sux:{d}nin-piriŋ=",
                  "f": {
                    "lang": "sux",
                    "form": "{d}nin-piriŋ",
                    "gdl": [
                      {
                        "det": "semantic",
                        "pos": "pre",
                        "seq": [
                          {
                            "v": "d",
                            "id": "P225961.14.1.0"
                          }
                        ]
                      },
                      {
                        "v": "nin",
                        "id": "P225961.14.1.1",
                        "delim": "-"
                      },
                      {
                        "v": "piriŋ",
                        "id": "P225961.14.1.2"
                      }
                    ]
                  }
                },
                {
                  "node": "d",
                  "type": "line-start",
                  "ref": "P225961.15",
                  "n": "2'",
                  "label": "ii 2'"
                },
                {
                  "node": "l",
                  "frag": "{d}šul-piriŋ",
                  "id": "P225961.l08a25",
                  "ref": "P225961.15.1",
                  "inst": "%sux:{d}šul-piriŋ=",
                  "f": {
                    "lang": "sux",
                    "form": "{d}šul-piriŋ",
                    "gdl": [
                      {
                        "det": "semantic",
                        "pos": "pre",
                        "seq": [
                          {
                            "v": "d",
                            "id": "P225961.15.1.0"
                          }
                        ]
                      },
                      {
                        "v": "šul",
                        "id": "P225961.15.1.1",
                        "delim": "-"
                      },
                      {
                        "v": "piriŋ",
                        "id": "P225961.15.1.2"
                      }
                    ]
                  }
                },
                {
                  "node": "d",
                  "type": "line-start",
                  "ref": "P225961.16",
                  "n": "3'",
                  "label": "ii 3'"
                },
                {
                  "node": "l",
                  "frag": "{d}BAR-aš-im₆-babbar",
                  "id": "P225961.l08a26",
                  "ref": "P225961.16.1",
                  "inst": "%sux:{d}BAR-aš-im₆-babbar=",
                  "f": {
                    "lang": "sux",
                    "form": "{d}BAR-aš-im₆-babbar",
                    "gdl": [
                      {
                        "det": "semantic",
                        "pos": "pre",
                        "seq": [
                          {
                            "v": "d",
                            "id": "P225961.16.1.0"
                          }
                        ]
                      },
                      {
                        "s": "BAR",
                        "id": "P225961.16.1.1",
                        "delim": "-"
                      },
                      {
                        "v": "aš",
                        "id": "P225961.16.1.2",
                        "delim": "-"
                      },
                      {
                        "v": "im₆",
                        "id": "P225961.16.1.3",
                        "delim": "-"
                      },
                      {
                        "v": "babbar",
                        "id": "P225961.16.1.4"
                      }
                    ]
                  }
                },
                {
                  "node": "d",
                  "type": "line-start",
                  "ref": "P225961.17",
                  "n": "4'",
                  "label": "ii 4'"
                },
                {
                  "node": "l",
                  "frag": "{d}am-gal-nun",
                  "id": "P225961.l08a27",
                  "ref": "P225961.17.1",
                  "inst": "%sux:{d}am-gal-nun=",
                  "f": {
                    "lang": "sux",
                    "form": "{d}am-gal-nun",
                    "gdl": [
                      {
                        "det": "semantic",
                        "pos": "pre",
                        "seq": [
                          {
                            "v": "d",
                            "id": "P225961.17.1.0"
                          }
                        ]
                      },
                      {
                        "v": "am",
                        "id": "P225961.17.1.1",
                        "delim": "-"
                      },
                      {
                        "v": "gal",
                        "id": "P225961.17.1.2",
                        "delim": "-"
                      },
                      {
                        "v": "nun",
                        "id": "P225961.17.1.3"
                      }
                    ]
                  }
                },
                {
                  "node": "d",
                  "type": "line-start",
                  "ref": "P225961.18",
                  "n": "5'",
                  "label": "ii 5'"
                },
                {
                  "node": "l",
                  "frag": "{d}ban-kug:lal",
                  "id": "P225961.l08a28",
                  "ref": "P225961.18.1",
                  "inst": "%sux:{d}ban-kug-lal=",
                  "f": {
                    "lang": "sux",
                    "form": "{d}ban-kug-lal",
                    "gdl": [
                      {
                        "det": "semantic",
                        "pos": "pre",
                        "seq": [
                          {
                            "v": "d",
                            "id": "P225961.18.1.0"
                          }
                        ]
                      },
                      {
                        "v": "ban",
                        "id": "P225961.18.1.1",
                        "delim": "-"
                      },
                      {
                        "gg": "reordering",
                        "gdl_type": "reordering",
                        "group": [
                          {
                            "v": "kug",
                            "id": "P225961.18.1.2",
                            "delim": ":"
                          },
                          {
                            "v": "lal",
                            "id": "P225961.18.1.3"
                          }
                        ]
                      }
                    ]
                  }
                },
                {
                  "node": "d",
                  "type": "line-start",
                  "ref": "P225961.19",
                  "n": "6'",
                  "label": "ii 6'"
                },
                {
                  "node": "l",
                  "frag": "{d}pisaŋ₂-mes-unug",
                  "id": "P225961.l08a29",
                  "ref": "P225961.19.1",
                  "inst": "%sux:{d}pisaŋ₂-mes-unug=",
                  "f": {
                    "lang": "sux",
                    "form": "{d}pisaŋ₂-mes-unug",
                    "gdl": [
                      {
                        "det": "semantic",
                        "pos": "pre",
                        "seq": [
                          {
                            "v": "d",
                            "id": "P225961.19.1.0"
                          }
                        ]
                      },
                      {
                        "v": "pisaŋ₂",
                        "id": "P225961.19.1.1",
                        "delim": "-"
                      },
                      {
                        "v": "mes",
                        "id": "P225961.19.1.2",
                        "delim": "-"
                      },
                      {
                        "v": "unug",
                        "id": "P225961.19.1.3"
                      }
                    ]
                  }
                },
                {
                  "node": "d",
                  "type": "line-start",
                  "ref": "P225961.20",
                  "n": "7'",
                  "label": "ii 7'"
                },
                {
                  "node": "l",
                  "frag": "{⸢d⸣}guda₂-nun",
                  "id": "P225961.l08a2a",
                  "ref": "P225961.20.1",
                  "inst": "%sux:{d}guda₂-nun=",
                  "f": {
                    "lang": "sux",
                    "form": "{d}guda₂-nun",
                    "gdl": [
                      {
                        "det": "semantic",
                        "pos": "pre",
                        "seq": [
                          {
                            "v": "d",
                            "id": "P225961.20.1.0",
                            "break": "damaged",
                            "ho": "1",
                            "hc": "1"
                          }
                        ]
                      },
                      {
                        "v": "guda₂",
                        "id": "P225961.20.1.1",
                        "delim": "-"
                      },
                      {
                        "v": "nun",
                        "id": "P225961.20.1.2"
                      }
                    ]
                  }
                },
                {
                  "node": "d",
                  "type": "line-start",
                  "ref": "P225961.21",
                  "n": "8'",
                  "label": "ii 8'"
                },
                {
                  "node": "l",
                  "frag": "{[d]}{[sir₂]-⸢sir₂⸣}AB",
                  "id": "P225961.l08a2b",
                  "ref": "P225961.21.1",
                  "inst": "%sux:{d}{sir₂-sir₂}AB=",
                  "f": {
                    "lang": "sux",
                    "form": "{d}{sir₂-sir₂}AB",
                    "gdl": [
                      {
                        "det": "semantic",
                        "pos": "pre",
                        "seq": [
                          {
                            "v": "d",
                            "id": "P225961.21.1.0",
                            "breakStart": "1",
                            "o": "]",
                            "break": "missing",
                            "breakEnd": "P225961.21.1.0"
                          }
                        ]
                      },
                      {
                        "det": "semantic",
                        "pos": "pre",
                        "seq": [
                          {
                            "v": "sir₂",
                            "id": "P225961.21.1.1",
                            "breakStart": "1",
                            "o": "]",
                            "break": "missing",
                            "breakEnd": "P225961.21.1.1",
                            "delim": "-"
                          },
                          {
                            "v": "sir₂",
                            "id": "P225961.21.1.2",
                            "break": "damaged",
                            "ho": "1",
                            "hc": "1"
                          }
                        ]
                      },
                      {
                        "s": "AB",
                        "id": "P225961.21.1.3"
                      }
                    ]
                  }
                },
                {
                  "node": "d",
                  "type": "line-start",
                  "ref": "P225961.22",
                  "n": "9'",
                  "label": "ii 9'"
                },
                {
                  "node": "l",
                  "frag": "[...]",
                  "id": "P225961.l08a2c",
                  "ref": "P225961.22.1",
                  "inst": "%sux:x=",
                  "f": {
                    "lang": "sux",
                    "form": "x",
                    "gdl": [
                      {
                        "x": "ellipsis",
                        "id": "P225961.22.1.0",
                        "breakStart": "1",
                        "break": "missing",
                        "o": "]",
                        "breakEnd": "P225961.22.1.0"
                      }
                    ]
                  }
                },
                {
                  "node": "d",
                  "type": "nonx",
                  "ref": "P225961.23",
                  "strict": "1",
                  "extent": "rest",
                  "scope": "column",
                  "state": "missing"
                },
                {
                  "node": "d",
                  "subtype": "column 3",
                  "type": "column",
                  "ref": "P225961.iii.24",
                  "n": "3",
                  "label": "iii"
                },
                {
                  "node": "d",
                  "type": "nonx",
                  "ref": "P225961.25",
                  "strict": "1",
                  "extent": "start",
                  "scope": "column",
                  "state": "missing"
                },
                {
                  "node": "d",
                  "type": "line-start",
                  "ref": "P225961.26",
                  "n": "1'",
                  "label": "iii 1'"
                },
                {
                  "node": "l",
                  "frag": "{d}KIŠ-am:gal",
                  "id": "P225961.l08a2d",
                  "ref": "P225961.26.1",
                  "inst": "%sux:{d}KIŠ-am-gal=",
                  "f": {
                    "lang": "sux",
                    "form": "{d}KIŠ-am-gal",
                    "gdl": [
                      {
                        "det": "semantic",
                        "pos": "pre",
                        "seq": [
                          {
                            "v": "d",
                            "id": "P225961.26.1.0"
                          }
                        ]
                      },
                      {
                        "s": "KIŠ",
                        "id": "P225961.26.1.1",
                        "delim": "-"
                      },
                      {
                        "gg": "reordering",
                        "gdl_type": "reordering",
                        "group": [
                          {
                            "v": "am",
                            "id": "P225961.26.1.2",
                            "delim": ":"
                          },
                          {
                            "v": "gal",
                            "id": "P225961.26.1.3"
                          }
                        ]
                      }
                    ]
                  }
                },
                {
                  "node": "d",
                  "type": "line-start",
                  "ref": "P225961.27",
                  "n": "2'",
                  "label": "iii 2'"
                },
                {
                  "node": "l",
                  "frag": "{d}am-a₂-nun",
                  "id": "P225961.l08a2e",
                  "ref": "P225961.27.1",
                  "inst": "%sux:{d}am-a₂-nun=",
                  "f": {
                    "lang": "sux",
                    "form": "{d}am-a₂-nun",
                    "gdl": [
                      {
                        "det": "semantic",
                        "pos": "pre",
                        "seq": [
                          {
                            "v": "d",
                            "id": "P225961.27.1.0"
                          }
                        ]
                      },
                      {
                        "v": "am",
                        "id": "P225961.27.1.1",
                        "delim": "-"
                      },
                      {
                        "v": "a₂",
                        "id": "P225961.27.1.2",
                        "delim": "-"
                      },
                      {
                        "v": "nun",
                        "id": "P225961.27.1.3"
                      }
                    ]
                  }
                },
                {
                  "node": "d",
                  "type": "line-start",
                  "ref": "P225961.28",
                  "n": "3'",
                  "label": "iii 3'"
                },
                {
                  "node": "l",
                  "frag": "{d}gud-a₂-nun-gi₄",
                  "id": "P225961.l08a2f",
                  "ref": "P225961.28.1",
                  "inst": "%sux:{d}gud-a₂-nun-gi₄=",
                  "f": {
                    "lang": "sux",
                    "form": "{d}gud-a₂-nun-gi₄",
                    "gdl": [
                      {
                        "det": "semantic",
                        "pos": "pre",
                        "seq": [
                          {
                            "v": "d",
                            "id": "P225961.28.1.0"
                          }
                        ]
                      },
                      {
                        "v": "gud",
                        "id": "P225961.28.1.1",
                        "delim": "-"
                      },
                      {
                        "v": "a₂",
                        "id": "P225961.28.1.2",
                        "delim": "-"
                      },
                      {
                        "v": "nun",
                        "id": "P225961.28.1.3",
                        "delim": "-"
                      },
                      {
                        "v": "gi₄",
                        "id": "P225961.28.1.4"
                      }
                    ]
                  }
                },
                {
                  "node": "d",
                  "type": "line-start",
                  "ref": "P225961.29",
                  "n": "4'",
                  "label": "iii 4'"
                },
                {
                  "node": "l",
                  "frag": "{d}nin-šušinak(|MUŠ₃.EREN|)",
                  "id": "P225961.l08a30",
                  "ref": "P225961.29.1",
                  "inst": "%sux:{d}nin-šušinak(|MUŠ₃.EREN|)=",
                  "f": {
                    "lang": "sux",
                    "form": "{d}nin-šušinak(|MUŠ₃.EREN|)",
                    "gdl": [
                      {
                        "det": "semantic",
                        "pos": "pre",
                        "seq": [
                          {
                            "v": "d",
                            "id": "P225961.29.1.0"
                          }
                        ]
                      },
                      {
                        "v": "nin",
                        "id": "P225961.29.1.1",
                        "delim": "-"
                      },
                      {
                        "q": "šušinak(|MUŠ₃.EREN|)",
                        "id": "P225961.29.1.2",
                        "qualified": [
                          {
                            "v": "šušinak"
                          },
                          {
                            "c": "|MUŠ₃.EREN|",
                            "seq": [
                              {
                                "s": "MUŠ₃"
                              },
                              {
                                "o": "beside"
                              },
                              {
                                "s": "EREN"
                              }
                            ]
                          }
                        ]
                      }
                    ]
                  }
                },
                {
                  "node": "d",
                  "type": "line-start",
                  "ref": "P225961.30",
                  "n": "5'",
                  "label": "iii 5'"
                },
                {
                  "node": "l",
                  "frag": "{d}nin-ašag",
                  "id": "P225961.l08a31",
                  "ref": "P225961.30.1",
                  "inst": "%sux:{d}nin-ašag=",
                  "f": {
                    "lang": "sux",
                    "form": "{d}nin-ašag",
                    "gdl": [
                      {
                        "det": "semantic",
                        "pos": "pre",
                        "seq": [
                          {
                            "v": "d",
                            "id": "P225961.30.1.0"
                          }
                        ]
                      },
                      {
                        "v": "nin",
                        "id": "P225961.30.1.1",
                        "delim": "-"
                      },
                      {
                        "v": "ašag",
                        "id": "P225961.30.1.2"
                      }
                    ]
                  }
                },
                {
                  "node": "d",
                  "type": "line-start",
                  "ref": "P225961.31",
                  "n": "6'",
                  "label": "iii 6'"
                },
                {
                  "node": "l",
                  "frag": "{d}nin-apin",
                  "id": "P225961.l08a32",
                  "ref": "P225961.31.1",
                  "inst": "%sux:{d}nin-apin=",
                  "f": {
                    "lang": "sux",
                    "form": "{d}nin-apin",
                    "gdl": [
                      {
                        "det": "semantic",
                        "pos": "pre",
                        "seq": [
                          {
                            "v": "d",
                            "id": "P225961.31.1.0"
                          }
                        ]
                      },
                      {
                        "v": "nin",
                        "id": "P225961.31.1.1",
                        "delim": "-"
                      },
                      {
                        "v": "apin",
                        "id": "P225961.31.1.2"
                      }
                    ]
                  }
                },
                {
                  "node": "d",
                  "type": "line-start",
                  "ref": "P225961.32",
                  "n": "7'",
                  "label": "iii 7'"
                },
                {
                  "node": "l",
                  "frag": "{d}nin-šubur",
                  "id": "P225961.l08a33",
                  "ref": "P225961.32.1",
                  "inst": "%sux:{d}nin-šubur=",
                  "f": {
                    "lang": "sux",
                    "form": "{d}nin-šubur",
                    "gdl": [
                      {
                        "det": "semantic",
                        "pos": "pre",
                        "seq": [
                          {
                            "v": "d",
                            "id": "P225961.32.1.0"
                          }
                        ]
                      },
                      {
                        "v": "nin",
                        "id": "P225961.32.1.1",
                        "delim": "-"
                      },
                      {
                        "v": "šubur",
                        "id": "P225961.32.1.2"
                      }
                    ]
                  }
                },
                {
                  "node": "d",
                  "type": "line-start",
                  "ref": "P225961.33",
                  "n": "8'",
                  "label": "iii 8'"
                },
                {
                  "node": "l",
                  "frag": "{d}nin-gal",
                  "id": "P225961.l08a34",
                  "ref": "P225961.33.1",
                  "inst": "%sux:{d}nin-gal=",
                  "f": {
                    "lang": "sux",
                    "form": "{d}nin-gal",
                    "gdl": [
                      {
                        "det": "semantic",
                        "pos": "pre",
                        "seq": [
                          {
                            "v": "d",
                            "id": "P225961.33.1.0"
                          }
                        ]
                      },
                      {
                        "v": "nin",
                        "id": "P225961.33.1.1",
                        "delim": "-"
                      },
                      {
                        "v": "gal",
                        "id": "P225961.33.1.2"
                      }
                    ]
                  }
                },
                {
                  "node": "d",
                  "type": "line-start",
                  "ref": "P225961.34",
                  "n": "9'",
                  "label": "iii 9'"
                },
                {
                  "node": "l",
                  "frag": "{[d]}⸢nin⸣-unug",
                  "id": "P225961.l08a35",
                  "ref": "P225961.34.1",
                  "inst": "%sux:{d}nin-unug=",
                  "f": {
                    "lang": "sux",
                    "form": "{d}nin-unug",
                    "gdl": [
                      {
                        "det": "semantic",
                        "pos": "pre",
                        "seq": [
                          {
                            "v": "d",
                            "id": "P225961.34.1.0",
                            "breakStart": "1",
                            "o": "]",
                            "break": "missing",
                            "breakEnd": "P225961.34.1.0"
                          }
                        ]
                      },
                      {
                        "v": "nin",
                        "id": "P225961.34.1.1",
                        "break": "damaged",
                        "ho": "1",
                        "delim": "-",
                        "hc": "1"
                      },
                      {
                        "v": "unug",
                        "id": "P225961.34.1.2"
                      }
                    ]
                  }
                },
                {
                  "node": "d",
                  "type": "line-start",
                  "ref": "P225961.35",
                  "n": "10'",
                  "label": "iii 10'"
                },
                {
                  "node": "l",
                  "frag": "[...]",
                  "id": "P225961.l08a36",
                  "ref": "P225961.35.1",
                  "inst": "%sux:x=",
                  "f": {
                    "lang": "sux",
                    "form": "x",
                    "gdl": [
                      {
                        "x": "ellipsis",
                        "id": "P225961.35.1.0",
                        "breakStart": "1",
                        "break": "missing",
                        "o": "]",
                        "breakEnd": "P225961.35.1.0"
                      }
                    ]
                  }
                },
                {
                  "node": "d",
                  "subtype": "column 4",
                  "type": "column",
                  "ref": "P225961.iv.36",
                  "n": "4",
                  "label": "iv"
                },
                {
                  "node": "d",
                  "type": "nonx",
                  "ref": "P225961.37",
                  "strict": "1",
                  "extent": "start",
                  "scope": "column",
                  "state": "missing"
                },
                {
                  "node": "d",
                  "type": "line-start",
                  "ref": "P225961.38",
                  "n": "1'",
                  "label": "iv 1'"
                },
                {
                  "node": "l",
                  "frag": "{d}⸢lamma⸣",
                  "id": "P225961.l08a37",
                  "ref": "P225961.38.1",
                  "inst": "%sux:{d}lamma=",
                  "f": {
                    "lang": "sux",
                    "form": "{d}lamma",
                    "gdl": [
                      {
                        "det": "semantic",
                        "pos": "pre",
                        "seq": [
                          {
                            "v": "d",
                            "id": "P225961.38.1.0"
                          }
                        ]
                      },
                      {
                        "v": "lamma",
                        "id": "P225961.38.1.1",
                        "break": "damaged",
                        "ho": "1",
                        "hc": "1"
                      }
                    ]
                  }
                },
                {
                  "node": "d",
                  "type": "line-start",
                  "ref": "P225961.39",
                  "n": "2'",
                  "label": "iv 2'"
                },
                {
                  "node": "l",
                  "frag": "{d}|ŠITA.GIŠ.TUG₂|(|ŠITA+GIŠ+NAM₂|)e₂-nun",
                  "id": "P225961.l08a38",
                  "ref": "P225961.39.1",
                  "inst": "%sux:{d}|ŠITA.GIŠ.TUG₂|(|ŠITA+GIŠ+NAM₂|)-e₂-nun=",
                  "f": {
                    "lang": "sux",
                    "form": "{d}|ŠITA.GIŠ.TUG₂|(|ŠITA+GIŠ+NAM₂|)-e₂-nun",
                    "gdl": [
                      {
                        "det": "semantic",
                        "pos": "pre",
                        "seq": [
                          {
                            "v": "d",
                            "id": "P225961.39.1.0"
                          }
                        ]
                      },
                      {
                        "q": "|ŠITA.GIŠ.TUG₂|(|ŠITA+GIŠ+NAM₂|)",
                        "id": "P225961.39.1.1",
                        "delim": "-",
                        "qualified": [
                          {
                            "c": "|ŠITA.GIŠ.TUG₂|",
                            "seq": [
                              {
                                "s": "ŠITA"
                              },
                              {
                                "o": "beside"
                              },
                              {
                                "s": "GIŠ"
                              },
                              {
                                "o": "beside"
                              },
                              {
                                "s": "TUG₂"
                              }
                            ]
                          },
                          {
                            "c": "|ŠITA+GIŠ+NAM₂|",
                            "seq": [
                              {
                                "s": "ŠITA"
                              },
                              {
                                "o": "joining"
                              },
                              {
                                "s": "GIŠ"
                              },
                              {
                                "o": "joining"
                              },
                              {
                                "s": "NAM₂"
                              }
                            ]
                          }
                        ]
                      },
                      {
                        "v": "e₂",
                        "id": "P225961.39.1.2",
                        "delim": "-"
                      },
                      {
                        "v": "nun",
                        "id": "P225961.39.1.3"
                      }
                    ]
                  }
                },
                {
                  "node": "d",
                  "type": "line-start",
                  "ref": "P225961.40",
                  "n": "3'",
                  "label": "iv 3'"
                },
                {
                  "node": "l",
                  "frag": "{d}UD-TAK₄-ALAN",
                  "id": "P225961.l08a39",
                  "ref": "P225961.40.1",
                  "inst": "%sux:{d}UD-TAK₄-ALAN=",
                  "f": {
                    "lang": "sux",
                    "form": "{d}UD-TAK₄-ALAN",
                    "gdl": [
                      {
                        "det": "semantic",
                        "pos": "pre",
                        "seq": [
                          {
                            "v": "d",
                            "id": "P225961.40.1.0"
                          }
                        ]
                      },
                      {
                        "s": "UD",
                        "id": "P225961.40.1.1",
                        "delim": "-"
                      },
                      {
                        "s": "TAK₄",
                        "id": "P225961.40.1.2",
                        "delim": "-"
                      },
                      {
                        "s": "ALAN",
                        "id": "P225961.40.1.3"
                      }
                    ]
                  }
                },
                {
                  "node": "d",
                  "type": "line-start",
                  "ref": "P225961.41",
                  "n": "4'",
                  "label": "iv 4'"
                },
                {
                  "node": "l",
                  "frag": "{d}UD-saŋ-kal",
                  "id": "P225961.l08a3a",
                  "ref": "P225961.41.1",
                  "inst": "%sux:{d}UD-saŋ-kal=",
                  "f": {
                    "lang": "sux",
                    "form": "{d}UD-saŋ-kal",
                    "gdl": [
                      {
                        "det": "semantic",
                        "pos": "pre",
                        "seq": [
                          {
                            "v": "d",
                            "id": "P225961.41.1.0"
                          }
                        ]
                      },
                      {
                        "s": "UD",
                        "id": "P225961.41.1.1",
                        "delim": "-"
                      },
                      {
                        "v": "saŋ",
                        "id": "P225961.41.1.2",
                        "delim": "-"
                      },
                      {
                        "v": "kal",
                        "id": "P225961.41.1.3"
                      }
                    ]
                  }
                },
                {
                  "node": "d",
                  "type": "line-start",
                  "ref": "P225961.42",
                  "n": "5'",
                  "label": "iv 5'"
                },
                {
                  "node": "l",
                  "frag": "{d}alla-pa-e₃(|UD.DU|)",
                  "id": "P225961.l08a3b",
                  "ref": "P225961.42.1",
                  "inst": "%sux:{d}alla-pa-e₃(|UD.DU|)=",
                  "f": {
                    "lang": "sux",
                    "form": "{d}alla-pa-e₃(|UD.DU|)",
                    "gdl": [
                      {
                        "det": "semantic",
                        "pos": "pre",
                        "seq": [
                          {
                            "v": "d",
                            "id": "P225961.42.1.0"
                          }
                        ]
                      },
                      {
                        "v": "alla",
                        "id": "P225961.42.1.1",
                        "delim": "-"
                      },
                      {
                        "v": "pa",
                        "id": "P225961.42.1.2",
                        "delim": "-"
                      },
                      {
                        "q": "e₃(|UD.DU|)",
                        "id": "P225961.42.1.3",
                        "break": "damaged",
                        "ho": "1",
                        "hc": "1",
                        "qualified": [
                          {
                            "v": "e₃"
                          },
                          {
                            "c": "|UD.DU|",
                            "seq": [
                              {
                                "s": "UD",
                                "break": "damaged"
                              },
                              {
                                "o": "beside"
                              },
                              {
                                "s": "DU"
                              }
                            ]
                          }
                        ]
                      }
                    ]
                  }
                },
                {
                  "node": "d",
                  "type": "line-start",
                  "ref": "P225961.43",
                  "n": "6'",
                  "label": "iv 6'"
                },
                {
                  "node": "l",
                  "frag": "{d}nin-eme₅(|SAL+HUB₂|)",
                  "id": "P225961.l08a3c",
                  "ref": "P225961.43.1",
                  "inst": "%sux:{d}nin-eme₅(|SAL+HUB₂|)=",
                  "f": {
                    "lang": "sux",
                    "form": "{d}nin-eme₅(|SAL+HUB₂|)",
                    "gdl": [
                      {
                        "det": "semantic",
                        "pos": "pre",
                        "seq": [
                          {
                            "v": "d",
                            "id": "P225961.43.1.0"
                          }
                        ]
                      },
                      {
                        "v": "nin",
                        "id": "P225961.43.1.1",
                        "delim": "-"
                      },
                      {
                        "q": "eme₅(|SAL+HUB₂|)",
                        "id": "P225961.43.1.2",
                        "queried": "1",
                        "qualified": [
                          {
                            "v": "eme₅"
                          },
                          {
                            "c": "|SAL+HUB₂|",
                            "seq": [
                              {
                                "s": "SAL"
                              },
                              {
                                "o": "joining"
                              },
                              {
                                "s": "HUB₂"
                              }
                            ]
                          }
                        ]
                      }
                    ]
                  }
                },
                {
                  "node": "d",
                  "type": "line-start",
                  "ref": "P225961.44",
                  "n": "7'",
                  "label": "iv 7'"
                },
                {
                  "node": "l",
                  "frag": "{d}en-peš-gal",
                  "id": "P225961.l08a3d",
                  "ref": "P225961.44.1",
                  "inst": "%sux:{d}en-peš-gal=",
                  "f": {
                    "lang": "sux",
                    "form": "{d}en-peš-gal",
                    "gdl": [
                      {
                        "det": "semantic",
                        "pos": "pre",
                        "seq": [
                          {
                            "v": "d",
                            "id": "P225961.44.1.0"
                          }
                        ]
                      },
                      {
                        "v": "en",
                        "id": "P225961.44.1.1",
                        "delim": "-"
                      },
                      {
                        "v": "peš",
                        "id": "P225961.44.1.2",
                        "delim": "-"
                      },
                      {
                        "v": "gal",
                        "id": "P225961.44.1.3"
                      }
                    ]
                  }
                },
                {
                  "node": "d",
                  "type": "line-start",
                  "ref": "P225961.45",
                  "n": "8'",
                  "label": "iv 8'"
                },
                {
                  "node": "l",
                  "frag": "{d}a-ru",
                  "id": "P225961.l08a3e",
                  "ref": "P225961.45.1",
                  "inst": "%sux:{d}a-ru=",
                  "f": {
                    "lang": "sux",
                    "form": "{d}a-ru",
                    "gdl": [
                      {
                        "det": "semantic",
                        "pos": "pre",
                        "seq": [
                          {
                            "v": "d",
                            "id": "P225961.45.1.0"
                          }
                        ]
                      },
                      {
                        "v": "a",
                        "id": "P225961.45.1.1",
                        "delim": "-"
                      },
                      {
                        "v": "ru",
                        "id": "P225961.45.1.2"
                      }
                    ]
                  }
                },
                {
                  "node": "d",
                  "type": "line-start",
                  "ref": "P225961.46",
                  "n": "9'",
                  "label": "iv 9'"
                },
                {
                  "node": "l",
                  "frag": "{d}še₃-nir",
                  "id": "P225961.l08a3f",
                  "ref": "P225961.46.1",
                  "inst": "%sux:{d}še₃-nir=",
                  "f": {
                    "lang": "sux",
                    "form": "{d}še₃-nir",
                    "gdl": [
                      {
                        "det": "semantic",
                        "pos": "pre",
                        "seq": [
                          {
                            "v": "d",
                            "id": "P225961.46.1.0"
                          }
                        ]
                      },
                      {
                        "v": "še₃",
                        "id": "P225961.46.1.1",
                        "delim": "-"
                      },
                      {
                        "v": "nir",
                        "id": "P225961.46.1.2"
                      }
                    ]
                  }
                },
                {
                  "node": "d",
                  "type": "line-start",
                  "ref": "P225961.47",
                  "n": "10'",
                  "label": "iv 10'"
                },
                {
                  "node": "l",
                  "frag": "{d}⸢en⸣-|ŠE.NUN&NUN|nun",
                  "id": "P225961.l08a40",
                  "ref": "P225961.47.1",
                  "inst": "%sux:{d}en-|ŠE.NUN&NUN|-nun=",
                  "f": {
                    "lang": "sux",
                    "form": "{d}en-|ŠE.NUN&NUN|-nun",
                    "gdl": [
                      {
                        "det": "semantic",
                        "pos": "pre",
                        "seq": [
                          {
                            "v": "d",
                            "id": "P225961.47.1.0"
                          }
                        ]
                      },
                      {
                        "v": "en",
                        "id": "P225961.47.1.1",
                        "break": "damaged",
                        "ho": "1",
                        "delim": "-",
                        "hc": "1"
                      },
                      {
                        "c": "|ŠE.NUN&NUN|",
                        "id": "P225961.47.1.2",
                        "delim": "-",
                        "seq": [
                          {
                            "s": "ŠE"
                          },
                          {
                            "o": "beside"
                          },
                          {
                            "s": "NUN"
                          },
                          {
                            "o": "above"
                          },
                          {
                            "s": "NUN"
                          }
                        ]
                      },
                      {
                        "v": "nun",
                        "id": "P225961.47.1.3"
                      }
                    ]
                  }
                },
                {
                  "node": "d",
                  "type": "nonx",
                  "ref": "P225961.48",
                  "strict": "1",
                  "extent": "rest",
                  "scope": "column",
                  "state": "missing"
                },
                {
                  "node": "d",
                  "subtype": "column 5",
                  "type": "column",
                  "ref": "P225961.v.49",
                  "n": "5",
                  "label": "v"
                },
                {
                  "node": "d",
                  "type": "nonx",
                  "ref": "P225961.50",
                  "strict": "1",
                  "extent": "start",
                  "scope": "column",
                  "state": "missing"
                },
                {
                  "node": "d",
                  "type": "line-start",
                  "ref": "P225961.51",
                  "n": "1'",
                  "label": "v 1'"
                },
                {
                  "node": "l",
                  "frag": "{⸢d⸣}[nin-sun₂]",
                  "id": "P225961.l08a41",
                  "ref": "P225961.51.1",
                  "inst": "%sux:{d}nin-sun₂=",
                  "f": {
                    "lang": "sux",
                    "form": "{d}nin-sun₂",
                    "gdl": [
                      {
                        "det": "semantic",
                        "pos": "pre",
                        "seq": [
                          {
                            "v": "d",
                            "id": "P225961.51.1.0",
                            "break": "damaged",
                            "ho": "1",
                            "hc": "1"
                          }
                        ]
                      },
                      {
                        "v": "nin",
                        "id": "P225961.51.1.1",
                        "breakStart": "1",
                        "o": "[",
                        "queried": "1",
                        "break": "missing",
                        "delim": "-"
                      },
                      {
                        "v": "sun₂",
                        "id": "P225961.51.1.2",
                        "queried": "1",
                        "break": "missing",
                        "o": "]",
                        "breakEnd": "P225961.51.1.1"
                      }
                    ]
                  }
                },
                {
                  "node": "d",
                  "type": "line-start",
                  "ref": "P225961.52",
                  "n": "2'",
                  "label": "v 2'"
                },
                {
                  "node": "l",
                  "frag": "{d}⸢lugal-banda₃⸣{[da]}",
                  "id": "P225961.l08a42",
                  "ref": "P225961.52.1",
                  "inst": "%sux:{d}lugal-banda₃{da}=",
                  "f": {
                    "lang": "sux",
                    "form": "{d}lugal-banda₃{da}",
                    "gdl": [
                      {
                        "det": "semantic",
                        "pos": "pre",
                        "seq": [
                          {
                            "v": "d",
                            "id": "P225961.52.1.0"
                          }
                        ]
                      },
                      {
                        "v": "lugal",
                        "id": "P225961.52.1.1",
                        "break": "damaged",
                        "ho": "1",
                        "delim": "-"
                      },
                      {
                        "v": "banda₃",
                        "id": "P225961.52.1.2",
                        "break": "damaged",
                        "hc": "1"
                      },
                      {
                        "det": "semantic",
                        "pos": "post",
                        "seq": [
                          {
                            "v": "da",
                            "id": "P225961.52.1.3",
                            "breakStart": "1",
                            "o": "]",
                            "break": "missing",
                            "breakEnd": "P225961.52.1.3"
                          }
                        ]
                      }
                    ]
                  }
                },
                {
                  "node": "d",
                  "type": "line-start",
                  "ref": "P225961.53",
                  "n": "3'",
                  "label": "v 3'"
                },
                {
                  "node": "l",
                  "frag": "{d}⸢en-me⸣:te",
                  "id": "P225961.l08a43",
                  "ref": "P225961.53.1",
                  "inst": "%sux:{d}en-me-te=",
                  "f": {
                    "lang": "sux",
                    "form": "{d}en-me-te",
                    "gdl": [
                      {
                        "det": "semantic",
                        "pos": "pre",
                        "seq": [
                          {
                            "v": "d",
                            "id": "P225961.53.1.0"
                          }
                        ]
                      },
                      {
                        "v": "en",
                        "id": "P225961.53.1.1",
                        "break": "damaged",
                        "ho": "1",
                        "delim": "-"
                      },
                      {
                        "gg": "reordering",
                        "gdl_type": "reordering",
                        "group": [
                          {
                            "v": "me",
                            "id": "P225961.53.1.2",
                            "break": "damaged",
                            "delim": ":",
                            "hc": "1"
                          },
                          {
                            "v": "te",
                            "id": "P225961.53.1.3"
                          }
                        ]
                      }
                    ]
                  }
                },
                {
                  "node": "d",
                  "type": "line-start",
                  "ref": "P225961.54",
                  "n": "4'",
                  "label": "v 4'"
                },
                {
                  "node": "l",
                  "frag": "{d}|GA₂×AN|ra",
                  "id": "P225961.l08a44",
                  "ref": "P225961.54.1",
                  "inst": "%sux:{d}|GA₂×AN|-ra=",
                  "f": {
                    "lang": "sux",
                    "form": "{d}|GA₂×AN|-ra",
                    "gdl": [
                      {
                        "det": "semantic",
                        "pos": "pre",
                        "seq": [
                          {
                            "v": "d",
                            "id": "P225961.54.1.0"
                          }
                        ]
                      },
                      {
                        "c": "|GA₂×AN|",
                        "id": "P225961.54.1.1",
                        "delim": "-",
                        "seq": [
                          {
                            "s": "GA₂"
                          },
                          {
                            "o": "containing"
                          },
                          {
                            "s": "AN"
                          }
                        ]
                      },
                      {
                        "v": "ra",
                        "id": "P225961.54.1.2"
                      }
                    ]
                  }
                },
                {
                  "node": "d",
                  "type": "line-start",
                  "ref": "P225961.55",
                  "n": "5'",
                  "label": "v 5'"
                },
                {
                  "node": "l",
                  "frag": "{d}šuba₃(|MUŠ₃.ZA|)",
                  "id": "P225961.l08a45",
                  "ref": "P225961.55.1",
                  "inst": "%sux:{d}šuba₃(|MUŠ₃.ZA|)=",
                  "f": {
                    "lang": "sux",
                    "form": "{d}šuba₃(|MUŠ₃.ZA|)",
                    "gdl": [
                      {
                        "det": "semantic",
                        "pos": "pre",
                        "seq": [
                          {
                            "v": "d",
                            "id": "P225961.55.1.0"
                          }
                        ]
                      },
                      {
                        "q": "šuba₃(|MUŠ₃.ZA|)",
                        "id": "P225961.55.1.1",
                        "qualified": [
                          {
                            "v": "šuba₃"
                          },
                          {
                            "c": "|MUŠ₃.ZA|",
                            "seq": [
                              {
                                "s": "MUŠ₃"
                              },
                              {
                                "o": "beside"
                              },
                              {
                                "s": "ZA"
                              }
                            ]
                          }
                        ]
                      }
                    ]
                  }
                },
                {
                  "node": "d",
                  "type": "line-start",
                  "ref": "P225961.56",
                  "n": "6'",
                  "label": "v 6'"
                },
                {
                  "node": "l",
                  "frag": "{d}nin-ildum₃",
                  "id": "P225961.l08a46",
                  "ref": "P225961.56.1",
                  "inst": "%sux:{d}nin-ildum₃=",
                  "f": {
                    "lang": "sux",
                    "form": "{d}nin-ildum₃",
                    "gdl": [
                      {
                        "det": "semantic",
                        "pos": "pre",
                        "seq": [
                          {
                            "v": "d",
                            "id": "P225961.56.1.0"
                          }
                        ]
                      },
                      {
                        "v": "nin",
                        "id": "P225961.56.1.1",
                        "delim": "-"
                      },
                      {
                        "v": "ildum₃",
                        "id": "P225961.56.1.2"
                      }
                    ]
                  }
                },
                {
                  "node": "d",
                  "type": "line-start",
                  "ref": "P225961.57",
                  "n": "7'",
                  "label": "v 7'"
                },
                {
                  "node": "l",
                  "frag": "{d}nin-uru:saŋ",
                  "id": "P225961.l08a47",
                  "ref": "P225961.57.1",
                  "inst": "%sux:{d}nin-uru-saŋ=",
                  "f": {
                    "lang": "sux",
                    "form": "{d}nin-uru-saŋ",
                    "gdl": [
                      {
                        "det": "semantic",
                        "pos": "pre",
                        "seq": [
                          {
                            "v": "d",
                            "id": "P225961.57.1.0"
                          }
                        ]
                      },
                      {
                        "v": "nin",
                        "id": "P225961.57.1.1",
                        "delim": "-"
                      },
                      {
                        "gg": "reordering",
                        "gdl_type": "reordering",
                        "group": [
                          {
                            "v": "uru",
                            "id": "P225961.57.1.2",
                            "delim": ":"
                          },
                          {
                            "v": "saŋ",
                            "id": "P225961.57.1.3"
                          }
                        ]
                      }
                    ]
                  }
                },
                {
                  "node": "d",
                  "type": "line-start",
                  "ref": "P225961.58",
                  "n": "8'",
                  "label": "v 8'"
                },
                {
                  "node": "l",
                  "frag": "{d}nin-BAR:LA-AŠ-EŠ₂",
                  "id": "P225961.l08a48",
                  "ref": "P225961.58.1",
                  "inst": "%sux:{d}nin-BAR-LA-AŠ-EŠ₂=",
                  "f": {
                    "lang": "sux",
                    "form": "{d}nin-BAR-LA-AŠ-EŠ₂",
                    "gdl": [
                      {
                        "det": "semantic",
                        "pos": "pre",
                        "seq": [
                          {
                            "v": "d",
                            "id": "P225961.58.1.0"
                          }
                        ]
                      },
                      {
                        "v": "nin",
                        "id": "P225961.58.1.1",
                        "delim": "-"
                      },
                      {
                        "gg": "reordering",
                        "gdl_type": "reordering",
                        "delim": "-",
                        "group": [
                          {
                            "s": "BAR",
                            "id": "P225961.58.1.2",
                            "delim": ":"
                          },
                          {
                            "s": "LA",
                            "id": "P225961.58.1.3"
                          }
                        ]
                      },
                      {
                        "s": "AŠ",
                        "id": "P225961.58.1.4",
                        "delim": "-"
                      },
                      {
                        "s": "EŠ₂",
                        "id": "P225961.58.1.5"
                      }
                    ]
                  }
                },
                {
                  "node": "d",
                  "type": "line-start",
                  "ref": "P225961.59",
                  "n": "9'",
                  "label": "v 9'"
                },
                {
                  "node": "l",
                  "frag": "{d}⸢nin-hursaŋ(|PA+DUN₃|)",
                  "id": "P225961.l08a49",
                  "ref": "P225961.59.1",
                  "inst": "%sux:{d}nin-hursaŋ=",
                  "f": {
                    "lang": "sux",
                    "form": "{d}nin-hursaŋ",
                    "gdl": [
                      {
                        "det": "semantic",
                        "pos": "pre",
                        "seq": [
                          {
                            "v": "d",
                            "id": "P225961.59.1.0"
                          }
                        ]
                      },
                      {
                        "v": "nin",
                        "id": "P225961.59.1.1",
                        "break": "damaged",
                        "ho": "1",
                        "delim": "-"
                      },
                      {
                        "gg": "correction",
                        "gdl_type": "correction",
                        "hc": "1",
                        "group": [
                          {
                            "v": "hursaŋ",
                            "id": "P225961.59.1.2",
                            "break": "damaged",
                            "gdl_remarked": "1"
                          },
                          {
                            "c": "|PA+DUN₃|",
                            "seq": [
                              {
                                "s": "PA",
                                "break": "damaged"
                              },
                              {
                                "o": "joining"
                              },
                              {
                                "s": "DUN₃",
                                "break": "damaged"
                              }
                            ]
                          }
                        ]
                      }
                    ]
                  }
                },
                {
                  "node": "d",
                  "type": "line-start",
                  "ref": "P225961.60",
                  "n": "10'",
                  "label": "v 10'"
                },
                {
                  "node": "l",
                  "frag": "{d}nin-kilim",
                  "id": "P225961.l08a4a",
                  "ref": "P225961.60.1",
                  "inst": "%sux:{d}nin-kilim=",
                  "f": {
                    "lang": "sux",
                    "form": "{d}nin-kilim",
                    "gdl": [
                      {
                        "det": "semantic",
                        "pos": "pre",
                        "seq": [
                          {
                            "v": "d",
                            "id": "P225961.60.1.0"
                          }
                        ]
                      },
                      {
                        "v": "nin",
                        "id": "P225961.60.1.1",
                        "delim": "-"
                      },
                      {
                        "v": "kilim",
                        "id": "P225961.60.1.2"
                      }
                    ]
                  }
                },
                {
                  "node": "d",
                  "type": "nonx",
                  "ref": "P225961.61",
                  "strict": "1",
                  "extent": "rest",
                  "scope": "column",
                  "state": "missing"
                },
                {
                  "node": "d",
                  "subtype": "column 6",
                  "type": "column",
                  "ref": "P225961.vi.62",
                  "n": "6",
                  "label": "vi"
                },
                {
                  "node": "d",
                  "type": "nonx",
                  "ref": "P225961.63",
                  "strict": "1",
                  "extent": "start",
                  "scope": "column",
                  "state": "missing"
                },
                {
                  "node": "d",
                  "type": "line-start",
                  "ref": "P225961.64",
                  "n": "1'",
                  "label": "vi 1'"
                },
                {
                  "node": "l",
                  "frag": "[...]",
                  "id": "P225961.l08a4b",
                  "ref": "P225961.64.1",
                  "inst": "%sux:x=",
                  "f": {
                    "lang": "sux",
                    "form": "x",
                    "gdl": [
                      {
                        "x": "ellipsis",
                        "id": "P225961.64.1.0",
                        "breakStart": "1",
                        "break": "missing",
                        "o": "]",
                        "breakEnd": "P225961.64.1.0"
                      }
                    ]
                  }
                },
                {
                  "node": "d",
                  "type": "line-start",
                  "ref": "P225961.65",
                  "n": "2'",
                  "label": "vi 2'"
                },
                {
                  "node": "l",
                  "frag": "[...]",
                  "id": "P225961.l08a4c",
                  "ref": "P225961.65.1",
                  "inst": "%sux:x=",
                  "f": {
                    "lang": "sux",
                    "form": "x",
                    "gdl": [
                      {
                        "x": "ellipsis",
                        "id": "P225961.65.1.0",
                        "breakStart": "1",
                        "break": "missing",
                        "o": "]",
                        "breakEnd": "P225961.65.1.0"
                      }
                    ]
                  }
                },
                {
                  "node": "d",
                  "type": "line-start",
                  "ref": "P225961.66",
                  "n": "3'",
                  "label": "vi 3'"
                },
                {
                  "node": "l",
                  "frag": "{d}saman₃(|[BU].NUN.ŠE.EŠ₂|)[a₂-a:zu₅]",
                  "id": "P225961.l08a4d",
                  "ref": "P225961.66.1",
                  "inst": "%sux:{d}saman₃(|BU.NUN.ŠE.EŠ₂|)-a₂-a-zu₅=",
                  "f": {
                    "lang": "sux",
                    "form": "{d}saman₃(|BU.NUN.ŠE.EŠ₂|)-a₂-a-zu₅",
                    "gdl": [
                      {
                        "det": "semantic",
                        "pos": "pre",
                        "seq": [
                          {
                            "v": "d",
                            "id": "P225961.66.1.0"
                          }
                        ]
                      },
                      {
                        "q": "saman₃(|BU.NUN.ŠE.EŠ₂|)",
                        "id": "P225961.66.1.1",
                        "break": "damaged",
                        "ho": "1",
                        "delim": "-",
                        "hc": "1",
                        "qualified": [
                          {
                            "v": "saman₃"
                          },
                          {
                            "c": "|BU.NUN.ŠE.EŠ₂|",
                            "seq": [
                              {
                                "s": "BU",
                                "o": "]"
                              },
                              {
                                "o": "beside"
                              },
                              {
                                "s": "NUN",
                                "break": "damaged"
                              },
                              {
                                "o": "beside"
                              },
                              {
                                "s": "ŠE",
                                "break": "damaged"
                              },
                              {
                                "o": "beside"
                              },
                              {
                                "s": "EŠ₂"
                              }
                            ]
                          }
                        ]
                      },
                      {
                        "v": "a₂",
                        "id": "P225961.66.1.2",
                        "breakStart": "1",
                        "o": "[",
                        "break": "missing",
                        "delim": "-"
                      },
                      {
                        "gg": "reordering",
                        "gdl_type": "reordering",
                        "group": [
                          {
                            "v": "a",
                            "id": "P225961.66.1.3",
                            "break": "missing",
                            "delim": ":"
                          },
                          {
                            "v": "zu₅",
                            "id": "P225961.66.1.4",
                            "break": "missing",
                            "o": "]",
                            "breakEnd": "P225961.66.1.2"
                          }
                        ]
                      }
                    ]
                  }
                },
                {
                  "node": "d",
                  "type": "line-start",
                  "ref": "P225961.67",
                  "n": "4'",
                  "label": "vi 4'"
                },
                {
                  "node": "l",
                  "frag": "{d}kug-{⸢su₃⸣}|PA.EL|",
                  "id": "P225961.l08a4e",
                  "ref": "P225961.67.1",
                  "inst": "%sux:{d}kug-{su₃}|PA.EL|=",
                  "f": {
                    "lang": "sux",
                    "form": "{d}kug-{su₃}|PA.EL|",
                    "gdl": [
                      {
                        "det": "semantic",
                        "pos": "pre",
                        "seq": [
                          {
                            "v": "d",
                            "id": "P225961.67.1.0"
                          }
                        ]
                      },
                      {
                        "v": "kug",
                        "id": "P225961.67.1.1",
                        "delim": "-"
                      },
                      {
                        "det": "semantic",
                        "pos": "pre",
                        "seq": [
                          {
                            "v": "su₃",
                            "id": "P225961.67.1.2",
                            "break": "damaged",
                            "ho": "1",
                            "hc": "1"
                          }
                        ]
                      },
                      {
                        "c": "|PA.EL|",
                        "id": "P225961.67.1.3",
                        "seq": [
                          {
                            "s": "PA"
                          },
                          {
                            "o": "beside"
                          },
                          {
                            "s": "EL",
                            "break": "damaged"
                          }
                        ]
                      }
                    ]
                  }
                },
                {
                  "node": "d",
                  "type": "line-start",
                  "ref": "P225961.68",
                  "n": "5'",
                  "label": "vi 5'"
                },
                {
                  "node": "l",
                  "frag": "{d}ištaran",
                  "id": "P225961.l08a4f",
                  "ref": "P225961.68.1",
                  "inst": "%sux:{d}ištaran=",
                  "f": {
                    "lang": "sux",
                    "form": "{d}ištaran",
                    "gdl": [
                      {
                        "det": "semantic",
                        "pos": "pre",
                        "seq": [
                          {
                            "v": "d",
                            "id": "P225961.68.1.0"
                          }
                        ]
                      },
                      {
                        "v": "ištaran",
                        "id": "P225961.68.1.1"
                      }
                    ]
                  }
                },
                {
                  "node": "d",
                  "type": "line-start",
                  "ref": "P225961.69",
                  "n": "6'",
                  "label": "vi 6'"
                },
                {
                  "node": "l",
                  "frag": "{d}nin-in",
                  "id": "P225961.l08a50",
                  "ref": "P225961.69.1",
                  "inst": "%sux:{d}nin-in=",
                  "f": {
                    "lang": "sux",
                    "form": "{d}nin-in",
                    "gdl": [
                      {
                        "det": "semantic",
                        "pos": "pre",
                        "seq": [
                          {
                            "v": "d",
                            "id": "P225961.69.1.0"
                          }
                        ]
                      },
                      {
                        "v": "nin",
                        "id": "P225961.69.1.1",
                        "delim": "-"
                      },
                      {
                        "v": "in",
                        "id": "P225961.69.1.2"
                      }
                    ]
                  }
                },
                {
                  "node": "d",
                  "type": "line-start",
                  "ref": "P225961.70",
                  "n": "7'",
                  "label": "vi 7'"
                },
                {
                  "node": "l",
                  "frag": "{d}gan-ŋir₂",
                  "id": "P225961.l08a51",
                  "ref": "P225961.70.1",
                  "inst": "%sux:{d}gan-ŋir₂=",
                  "f": {
                    "lang": "sux",
                    "form": "{d}gan-ŋir₂",
                    "gdl": [
                      {
                        "det": "semantic",
                        "pos": "pre",
                        "seq": [
                          {
                            "v": "d",
                            "id": "P225961.70.1.0"
                          }
                        ]
                      },
                      {
                        "v": "gan",
                        "id": "P225961.70.1.1",
                        "delim": "-"
                      },
                      {
                        "v": "ŋir₂",
                        "id": "P225961.70.1.2"
                      }
                    ]
                  }
                },
                {
                  "node": "d",
                  "type": "line-start",
                  "ref": "P225961.71",
                  "n": "8'",
                  "label": "vi 8'"
                },
                {
                  "node": "l",
                  "frag": "{d}nin-{ka₁₅}kas₂-⸢si⸣",
                  "id": "P225961.l08a52",
                  "ref": "P225961.71.1",
                  "inst": "%sux:{d}nin-{ka₁₅}kas₂-si=",
                  "f": {
                    "lang": "sux",
                    "form": "{d}nin-{ka₁₅}kas₂-si",
                    "gdl": [
                      {
                        "det": "semantic",
                        "pos": "pre",
                        "seq": [
                          {
                            "v": "d",
                            "id": "P225961.71.1.0"
                          }
                        ]
                      },
                      {
                        "v": "nin",
                        "id": "P225961.71.1.1",
                        "delim": "-"
                      },
                      {
                        "det": "semantic",
                        "pos": "pre",
                        "seq": [
                          {
                            "v": "ka₁₅",
                            "id": "P225961.71.1.2"
                          }
                        ]
                      },
                      {
                        "v": "kas₂",
                        "id": "P225961.71.1.3",
                        "delim": "-"
                      },
                      {
                        "v": "si",
                        "id": "P225961.71.1.4",
                        "break": "damaged",
                        "ho": "1",
                        "hc": "1"
                      }
                    ]
                  }
                },
                {
                  "node": "d",
                  "type": "line-start",
                  "ref": "P225961.72",
                  "n": "9'",
                  "label": "vi 9'"
                },
                {
                  "node": "l",
                  "frag": "{⸢d⸣}[...]",
                  "id": "P225961.l08a53",
                  "ref": "P225961.72.1",
                  "inst": "%sux:{d}x=",
                  "f": {
                    "lang": "sux",
                    "form": "{d}x",
                    "gdl": [
                      {
                        "det": "semantic",
                        "pos": "pre",
                        "seq": [
                          {
                            "v": "d",
                            "id": "P225961.72.1.0",
                            "break": "damaged",
                            "ho": "1",
                            "hc": "1"
                          }
                        ]
                      },
                      {
                        "x": "ellipsis",
                        "id": "P225961.72.1.1",
                        "breakStart": "1",
                        "break": "missing",
                        "o": "]",
                        "breakEnd": "P225961.72.1.1"
                      }
                    ]
                  }
                },
                {
                  "node": "d",
                  "type": "nonx",
                  "ref": "P225961.73",
                  "strict": "1",
                  "extent": "rest",
                  "scope": "column",
                  "state": "missing"
                },
                {
                  "node": "d",
                  "subtype": "column 7",
                  "type": "column",
                  "ref": "P225961.vii.74",
                  "n": "7",
                  "label": "vii"
                },
                {
                  "node": "d",
                  "type": "nonx",
                  "ref": "P225961.75",
                  "strict": "1",
                  "extent": "start",
                  "scope": "column",
                  "state": "missing"
                },
                {
                  "node": "d",
                  "type": "line-start",
                  "ref": "P225961.76",
                  "n": "1'",
                  "label": "vii 1'"
                },
                {
                  "node": "l",
                  "frag": "[...]",
                  "id": "P225961.l08a54",
                  "ref": "P225961.76.1",
                  "inst": "%sux:x=",
                  "f": {
                    "lang": "sux",
                    "form": "x",
                    "gdl": [
                      {
                        "x": "ellipsis",
                        "id": "P225961.76.1.0",
                        "breakStart": "1",
                        "break": "missing",
                        "o": "]",
                        "breakEnd": "P225961.76.1.0"
                      }
                    ]
                  }
                },
                {
                  "node": "d",
                  "type": "line-start",
                  "ref": "P225961.77",
                  "n": "2'",
                  "label": "vii 2'"
                },
                {
                  "node": "l",
                  "frag": "[...]",
                  "id": "P225961.l08a55",
                  "ref": "P225961.77.1",
                  "inst": "%sux:x=",
                  "f": {
                    "lang": "sux",
                    "form": "x",
                    "gdl": [
                      {
                        "x": "ellipsis",
                        "id": "P225961.77.1.0",
                        "breakStart": "1",
                        "break": "missing",
                        "o": "]",
                        "breakEnd": "P225961.77.1.0"
                      }
                    ]
                  }
                },
                {
                  "node": "d",
                  "type": "line-start",
                  "ref": "P225961.78",
                  "n": "3'",
                  "label": "vii 3'"
                },
                {
                  "node": "l",
                  "frag": "{d}[...]",
                  "id": "P225961.l08a56",
                  "ref": "P225961.78.1",
                  "inst": "%sux:{d}x=",
                  "f": {
                    "lang": "sux",
                    "form": "{d}x",
                    "gdl": [
                      {
                        "det": "semantic",
                        "pos": "pre",
                        "seq": [
                          {
                            "v": "d",
                            "id": "P225961.78.1.0"
                          }
                        ]
                      },
                      {
                        "x": "ellipsis",
                        "id": "P225961.78.1.1",
                        "breakStart": "1",
                        "break": "missing",
                        "o": "]",
                        "breakEnd": "P225961.78.1.1"
                      }
                    ]
                  }
                },
                {
                  "node": "d",
                  "type": "line-start",
                  "ref": "P225961.79",
                  "n": "4'",
                  "label": "vii 4'"
                },
                {
                  "node": "l",
                  "frag": "{d}[...]",
                  "id": "P225961.l08a57",
                  "ref": "P225961.79.1",
                  "inst": "%sux:{d}x=",
                  "f": {
                    "lang": "sux",
                    "form": "{d}x",
                    "gdl": [
                      {
                        "det": "semantic",
                        "pos": "pre",
                        "seq": [
                          {
                            "v": "d",
                            "id": "P225961.79.1.0"
                          }
                        ]
                      },
                      {
                        "x": "ellipsis",
                        "id": "P225961.79.1.1",
                        "breakStart": "1",
                        "break": "missing",
                        "o": "]",
                        "breakEnd": "P225961.79.1.1"
                      }
                    ]
                  }
                },
                {
                  "node": "d",
                  "type": "line-start",
                  "ref": "P225961.80",
                  "n": "5'",
                  "label": "vii 5'"
                },
                {
                  "node": "l",
                  "frag": "[...]",
                  "id": "P225961.l08a58",
                  "ref": "P225961.80.1",
                  "inst": "%sux:x=",
                  "f": {
                    "lang": "sux",
                    "form": "x",
                    "gdl": [
                      {
                        "x": "ellipsis",
                        "id": "P225961.80.1.0",
                        "breakStart": "1",
                        "break": "missing",
                        "o": "]",
                        "breakEnd": "P225961.80.1.0"
                      }
                    ]
                  }
                },
                {
                  "node": "d",
                  "type": "nonx",
                  "ref": "P225961.81",
                  "strict": "1",
                  "extent": "rest",
                  "scope": "column",
                  "state": "missing"
                }
              ]
            }
          ]
        }
      ]
    }
  ]
}
