{
  "type": "cdl",
  "project": "dcclt",
  "source": "http://oracc.org/dcclt",
  "license": "This data is released under the CC0 license",
  "license-url": "https://creativecommons.org/publicdomain/zero/1.0/",
  "more-info": "http://oracc.org/doc/opendata/",
  "UTC-timestamp": "2017-06-21T22:05:47",
  "textid": "P227973",
  "cdl": [
    {
      "node": "c",
      "type": "text",
      "id": "P227973.U0",
      "cdl": [
        {
          "node": "d",
          "type": "object",
          "ref": ""
        },
        {
          "node": "d",
          "subtype": "obverse",
          "type": "obverse",
          "ref": "P227973.o.1",
          "label": "o"
        },
        {
          "node": "d",
          "subtype": "column 1o",
          "type": "column",
          "ref": "P227973.o.i.2",
          "n": "1",
          "label": "o i"
        },
        {
          "node": "c",
          "type": "discourse",
          "subtype": "body",
          "id": "P227973.U1",
          "cdl": [
            {
              "node": "c",
              "type": "sentence",
              "id": "P227973.U2",
              "label": "o i 1' - r iv 10",
              "cdl": [
                {
                  "node": "d",
                  "type": "line-start",
                  "ref": "P227973.3",
                  "n": "1'",
                  "label": "o i 1'"
                },
                {
                  "node": "l",
                  "frag": "⸢ŋeš⸣",
                  "id": "P227973.l1cad6",
                  "ref": "P227973.3.1",
                  "inst": "%sux:ŋeš=",
                  "f": {
                    "lang": "sux",
                    "form": "ŋeš",
                    "delim": " ",
                    "gdl": [
                      {
                        "v": "ŋeš",
                        "id": "P227973.3.1.0",
                        "break": "damaged",
                        "ho": "1",
                        "hc": "1"
                      }
                    ]
                  }
                },
                {
                  "node": "l",
                  "frag": "[...]-a",
                  "id": "P227973.l1cad7",
                  "ref": "P227973.3.2",
                  "inst": "%sux:x-a=",
                  "f": {
                    "lang": "sux",
                    "form": "x-a",
                    "gdl": [
                      {
                        "x": "ellipsis",
                        "id": "P227973.3.2.0",
                        "breakStart": "1",
                        "break": "missing",
                        "o": "]",
                        "breakEnd": "P227973.3.2.0",
                        "delim": "-"
                      },
                      {
                        "v": "a",
                        "id": "P227973.3.2.1"
                      }
                    ]
                  }
                },
                {
                  "node": "d",
                  "type": "line-start",
                  "ref": "P227973.4",
                  "n": "2'",
                  "label": "o i 2'"
                },
                {
                  "node": "l",
                  "frag": "ŋeš",
                  "id": "P227973.l1cad8",
                  "ref": "P227973.4.1",
                  "inst": "%sux:ŋeš=",
                  "f": {
                    "lang": "sux",
                    "form": "ŋeš",
                    "delim": " ",
                    "gdl": [
                      {
                        "v": "ŋeš",
                        "id": "P227973.4.1.0"
                      }
                    ]
                  }
                },
                {
                  "node": "l",
                  "frag": "ebir-kaš",
                  "id": "P227973.l1cad9",
                  "ref": "P227973.4.2",
                  "inst": "%sux:ebir-kaš=",
                  "f": {
                    "lang": "sux",
                    "form": "ebir-kaš",
                    "gdl": [
                      {
                        "v": "ebir",
                        "id": "P227973.4.2.0",
                        "delim": "-"
                      },
                      {
                        "v": "kaš",
                        "id": "P227973.4.2.1"
                      }
                    ]
                  }
                },
                {
                  "node": "d",
                  "type": "line-start",
                  "ref": "P227973.5",
                  "n": "3'",
                  "label": "o i 3'"
                },
                {
                  "node": "l",
                  "frag": "ŋeš",
                  "id": "P227973.l1cada",
                  "ref": "P227973.5.1",
                  "inst": "%sux:ŋeš=",
                  "f": {
                    "lang": "sux",
                    "form": "ŋeš",
                    "delim": " ",
                    "gdl": [
                      {
                        "v": "ŋeš",
                        "id": "P227973.5.1.0"
                      }
                    ]
                  }
                },
                {
                  "node": "l",
                  "frag": "ga-nu-um",
                  "id": "P227973.l1cadb",
                  "ref": "P227973.5.2",
                  "inst": "%sux:ga-nu-um=",
                  "f": {
                    "lang": "sux",
                    "form": "ga-nu-um",
                    "gdl": [
                      {
                        "v": "ga",
                        "id": "P227973.5.2.0",
                        "delim": "-"
                      },
                      {
                        "v": "nu",
                        "id": "P227973.5.2.1",
                        "delim": "-"
                      },
                      {
                        "v": "um",
                        "id": "P227973.5.2.2"
                      }
                    ]
                  }
                },
                {
                  "node": "d",
                  "type": "line-start",
                  "ref": "P227973.6",
                  "n": "4'",
                  "label": "o i 4'"
                },
                {
                  "node": "l",
                  "frag": "ŋeš",
                  "id": "P227973.l1cadc",
                  "ref": "P227973.6.1",
                  "inst": "%sux:ŋeš=",
                  "f": {
                    "lang": "sux",
                    "form": "ŋeš",
                    "delim": " ",
                    "gdl": [
                      {
                        "v": "ŋeš",
                        "id": "P227973.6.1.0"
                      }
                    ]
                  }
                },
                {
                  "node": "l",
                  "frag": "ga-nu-um-a",
                  "id": "P227973.l1cadd",
                  "ref": "P227973.6.2",
                  "inst": "%sux:ga-nu-um-a=",
                  "f": {
                    "lang": "sux",
                    "form": "ga-nu-um-a",
                    "gdl": [
                      {
                        "v": "ga",
                        "id": "P227973.6.2.0",
                        "delim": "-"
                      },
                      {
                        "v": "nu",
                        "id": "P227973.6.2.1",
                        "delim": "-"
                      },
                      {
                        "v": "um",
                        "id": "P227973.6.2.2",
                        "delim": "-"
                      },
                      {
                        "v": "a",
                        "id": "P227973.6.2.3"
                      }
                    ]
                  }
                },
                {
                  "node": "d",
                  "type": "line-start",
                  "ref": "P227973.7",
                  "n": "5'",
                  "label": "o i 5'"
                },
                {
                  "node": "l",
                  "frag": "ŋeš",
                  "id": "P227973.l1cade",
                  "ref": "P227973.7.1",
                  "inst": "%sux:ŋeš=",
                  "f": {
                    "lang": "sux",
                    "form": "ŋeš",
                    "delim": " ",
                    "gdl": [
                      {
                        "v": "ŋeš",
                        "id": "P227973.7.1.0"
                      }
                    ]
                  }
                },
                {
                  "node": "l",
                  "frag": "ga-nu-um-kaš",
                  "id": "P227973.l1cadf",
                  "ref": "P227973.7.2",
                  "inst": "%sux:ga-nu-um-kaš=",
                  "f": {
                    "lang": "sux",
                    "form": "ga-nu-um-kaš",
                    "gdl": [
                      {
                        "v": "ga",
                        "id": "P227973.7.2.0",
                        "delim": "-"
                      },
                      {
                        "v": "nu",
                        "id": "P227973.7.2.1",
                        "delim": "-"
                      },
                      {
                        "v": "um",
                        "id": "P227973.7.2.2",
                        "delim": "-"
                      },
                      {
                        "v": "kaš",
                        "id": "P227973.7.2.3"
                      }
                    ]
                  }
                },
                {
                  "node": "d",
                  "type": "line-start",
                  "ref": "P227973.8",
                  "n": "6'",
                  "label": "o i 6'"
                },
                {
                  "node": "l",
                  "frag": "ŋeš",
                  "id": "P227973.l1cae0",
                  "ref": "P227973.8.1",
                  "inst": "%sux:ŋeš=",
                  "f": {
                    "lang": "sux",
                    "form": "ŋeš",
                    "delim": " ",
                    "gdl": [
                      {
                        "v": "ŋeš",
                        "id": "P227973.8.1.0"
                      }
                    ]
                  }
                },
                {
                  "node": "l",
                  "frag": "DUG-gub",
                  "id": "P227973.l1cae1",
                  "ref": "P227973.8.2",
                  "inst": "%sux:DUG-gub=",
                  "f": {
                    "lang": "sux",
                    "form": "DUG-gub",
                    "gdl": [
                      {
                        "s": "DUG",
                        "id": "P227973.8.2.0",
                        "delim": "-"
                      },
                      {
                        "v": "gub",
                        "id": "P227973.8.2.1"
                      }
                    ]
                  }
                },
                {
                  "node": "d",
                  "type": "line-start",
                  "ref": "P227973.9",
                  "n": "7'",
                  "label": "o i 7'"
                },
                {
                  "node": "l",
                  "frag": "ŋeš",
                  "id": "P227973.l1cae2",
                  "ref": "P227973.9.1",
                  "inst": "%sux:ŋeš=",
                  "f": {
                    "lang": "sux",
                    "form": "ŋeš",
                    "delim": " ",
                    "gdl": [
                      {
                        "v": "ŋeš",
                        "id": "P227973.9.1.0"
                      }
                    ]
                  }
                },
                {
                  "node": "l",
                  "frag": "zabar-gub",
                  "id": "P227973.l1cae3",
                  "ref": "P227973.9.2",
                  "inst": "%sux:zabar-gub=",
                  "f": {
                    "lang": "sux",
                    "form": "zabar-gub",
                    "gdl": [
                      {
                        "v": "zabar",
                        "id": "P227973.9.2.0",
                        "delim": "-"
                      },
                      {
                        "v": "gub",
                        "id": "P227973.9.2.1"
                      }
                    ]
                  }
                },
                {
                  "node": "d",
                  "type": "line-start",
                  "ref": "P227973.10",
                  "n": "8'",
                  "label": "o i 8'"
                },
                {
                  "node": "l",
                  "frag": "ŋeš",
                  "id": "P227973.l1cae4",
                  "ref": "P227973.10.1",
                  "inst": "%sux:ŋeš=",
                  "f": {
                    "lang": "sux",
                    "form": "ŋeš",
                    "delim": " ",
                    "gdl": [
                      {
                        "v": "ŋeš",
                        "id": "P227973.10.1.0"
                      }
                    ]
                  }
                },
                {
                  "node": "l",
                  "frag": "ma₂-gaz",
                  "id": "P227973.l1cae5",
                  "ref": "P227973.10.2",
                  "inst": "%sux:ma₂-gaz=",
                  "f": {
                    "lang": "sux",
                    "form": "ma₂-gaz",
                    "gdl": [
                      {
                        "v": "ma₂",
                        "id": "P227973.10.2.0",
                        "delim": "-"
                      },
                      {
                        "v": "gaz",
                        "id": "P227973.10.2.1"
                      }
                    ]
                  }
                },
                {
                  "node": "d",
                  "subtype": "reverse",
                  "type": "reverse",
                  "ref": "P227973.r.11",
                  "label": "r"
                },
                {
                  "node": "d",
                  "subtype": "column 1r",
                  "type": "column",
                  "ref": "P227973.r.i.12",
                  "n": "1",
                  "label": "r i"
                },
                {
                  "node": "d",
                  "type": "line-start",
                  "ref": "P227973.13",
                  "n": "1",
                  "label": "r i 1"
                },
                {
                  "node": "l",
                  "frag": "ŋeš",
                  "id": "P227973.l1cae6",
                  "ref": "P227973.13.1",
                  "inst": "%sux:ŋeš=",
                  "f": {
                    "lang": "sux",
                    "form": "ŋeš",
                    "delim": " ",
                    "gdl": [
                      {
                        "v": "ŋeš",
                        "id": "P227973.13.1.0"
                      }
                    ]
                  }
                },
                {
                  "node": "l",
                  "frag": "diš-[...]",
                  "id": "P227973.l1cae7",
                  "ref": "P227973.13.2",
                  "inst": "%sux:diš-x=",
                  "f": {
                    "lang": "sux",
                    "form": "diš-x",
                    "gdl": [
                      {
                        "v": "diš",
                        "id": "P227973.13.2.0",
                        "delim": "-"
                      },
                      {
                        "x": "ellipsis",
                        "id": "P227973.13.2.1",
                        "breakStart": "1",
                        "break": "missing",
                        "o": "]",
                        "breakEnd": "P227973.13.2.1"
                      }
                    ]
                  }
                },
                {
                  "node": "d",
                  "type": "line-start",
                  "ref": "P227973.14",
                  "n": "2",
                  "label": "r i 2"
                },
                {
                  "node": "l",
                  "frag": "ŋeš",
                  "id": "P227973.l1cae8",
                  "ref": "P227973.14.1",
                  "inst": "%sux:ŋeš=",
                  "f": {
                    "lang": "sux",
                    "form": "ŋeš",
                    "delim": " ",
                    "gdl": [
                      {
                        "v": "ŋeš",
                        "id": "P227973.14.1.0"
                      }
                    ]
                  }
                },
                {
                  "node": "l",
                  "frag": "1/2(diš)",
                  "id": "P227973.l1cae9",
                  "ref": "P227973.14.2",
                  "inst": "%sux:1/2(diš)=",
                  "f": {
                    "lang": "sux",
                    "form": "1/2(diš)",
                    "delim": " ",
                    "gdl": [
                      {
                        "n": "n",
                        "form": "1/2(diš)",
                        "id": "P227973.14.2.0",
                        "break": "damaged",
                        "ho": "1",
                        "hc": "1",
                        "seq": [
                          {
                            "r": "1/2"
                          },
                          {
                            "v": "diš"
                          }
                        ]
                      }
                    ]
                  }
                },
                {
                  "node": "l",
                  "frag": "[...]",
                  "id": "P227973.l1caea",
                  "ref": "P227973.14.3",
                  "inst": "%sux:x=",
                  "f": {
                    "lang": "sux",
                    "form": "x",
                    "gdl": [
                      {
                        "x": "ellipsis",
                        "id": "P227973.14.3.0",
                        "breakStart": "1",
                        "break": "missing",
                        "o": "]",
                        "breakEnd": "P227973.14.3.0"
                      }
                    ]
                  }
                },
                {
                  "node": "d",
                  "type": "line-start",
                  "ref": "P227973.15",
                  "n": "3",
                  "label": "r i 3"
                },
                {
                  "node": "l",
                  "frag": "ŋeš",
                  "id": "P227973.l1caeb",
                  "ref": "P227973.15.1",
                  "inst": "%sux:ŋeš=",
                  "f": {
                    "lang": "sux",
                    "form": "ŋeš",
                    "delim": " ",
                    "gdl": [
                      {
                        "v": "ŋeš",
                        "id": "P227973.15.1.0"
                      }
                    ]
                  }
                },
                {
                  "node": "l",
                  "frag": "⸢šanabi⸣",
                  "id": "P227973.l1caec",
                  "ref": "P227973.15.2",
                  "inst": "%sux:šanabi=",
                  "f": {
                    "lang": "sux",
                    "form": "šanabi",
                    "delim": " ",
                    "gdl": [
                      {
                        "v": "šanabi",
                        "id": "P227973.15.2.0",
                        "break": "damaged",
                        "ho": "1",
                        "hc": "1"
                      }
                    ]
                  }
                },
                {
                  "node": "l",
                  "frag": "[...]",
                  "id": "P227973.l1caed",
                  "ref": "P227973.15.3",
                  "inst": "%sux:x=",
                  "f": {
                    "lang": "sux",
                    "form": "x",
                    "gdl": [
                      {
                        "x": "ellipsis",
                        "id": "P227973.15.3.0",
                        "breakStart": "1",
                        "break": "missing",
                        "o": "]",
                        "breakEnd": "P227973.15.3.0"
                      }
                    ]
                  }
                },
                {
                  "node": "d",
                  "type": "line-start",
                  "ref": "P227973.16",
                  "n": "4",
                  "label": "r i 4"
                },
                {
                  "node": "l",
                  "frag": "ŋeš",
                  "id": "P227973.l1caee",
                  "ref": "P227973.16.1",
                  "inst": "%sux:ŋeš=",
                  "f": {
                    "lang": "sux",
                    "form": "ŋeš",
                    "delim": " ",
                    "gdl": [
                      {
                        "v": "ŋeš",
                        "id": "P227973.16.1.0"
                      }
                    ]
                  }
                },
                {
                  "node": "l",
                  "frag": "u",
                  "id": "P227973.l1caef",
                  "ref": "P227973.16.2",
                  "inst": "%sux:u=",
                  "f": {
                    "lang": "sux",
                    "form": "u",
                    "delim": " ",
                    "gdl": [
                      {
                        "v": "u",
                        "id": "P227973.16.2.0"
                      }
                    ]
                  }
                },
                {
                  "node": "l",
                  "frag": "⸢gin₂⸣",
                  "id": "P227973.l1caf0",
                  "ref": "P227973.16.3",
                  "inst": "%sux:gin₂=",
                  "f": {
                    "lang": "sux",
                    "form": "gin₂",
                    "gdl": [
                      {
                        "v": "gin₂",
                        "id": "P227973.16.3.0",
                        "break": "damaged",
                        "ho": "1",
                        "hc": "1"
                      }
                    ]
                  }
                },
                {
                  "node": "d",
                  "type": "line-start",
                  "ref": "P227973.17",
                  "n": "5",
                  "label": "r i 5"
                },
                {
                  "node": "l",
                  "frag": "ŋeš",
                  "id": "P227973.l1caf1",
                  "ref": "P227973.17.1",
                  "inst": "%sux:ŋeš=",
                  "f": {
                    "lang": "sux",
                    "form": "ŋeš",
                    "delim": " ",
                    "gdl": [
                      {
                        "v": "ŋeš",
                        "id": "P227973.17.1.0"
                      }
                    ]
                  }
                },
                {
                  "node": "l",
                  "frag": "ia₂",
                  "id": "P227973.l1caf2",
                  "ref": "P227973.17.2",
                  "inst": "%sux:ia₂=",
                  "f": {
                    "lang": "sux",
                    "form": "ia₂",
                    "delim": " ",
                    "gdl": [
                      {
                        "v": "ia₂",
                        "id": "P227973.17.2.0"
                      }
                    ]
                  }
                },
                {
                  "node": "l",
                  "frag": "[...]",
                  "id": "P227973.l1caf3",
                  "ref": "P227973.17.3",
                  "inst": "%sux:x=",
                  "f": {
                    "lang": "sux",
                    "form": "x",
                    "gdl": [
                      {
                        "x": "ellipsis",
                        "id": "P227973.17.3.0",
                        "breakStart": "1",
                        "break": "missing",
                        "o": "]",
                        "breakEnd": "P227973.17.3.0"
                      }
                    ]
                  }
                },
                {
                  "node": "d",
                  "type": "line-start",
                  "ref": "P227973.18",
                  "n": "6",
                  "label": "r i 6"
                },
                {
                  "node": "l",
                  "frag": "ŋeš",
                  "id": "P227973.l1caf4",
                  "ref": "P227973.18.1",
                  "inst": "%sux:ŋeš=",
                  "f": {
                    "lang": "sux",
                    "form": "ŋeš",
                    "delim": " ",
                    "gdl": [
                      {
                        "v": "ŋeš",
                        "id": "P227973.18.1.0"
                      }
                    ]
                  }
                },
                {
                  "node": "l",
                  "frag": "eš₅",
                  "id": "P227973.l1caf5",
                  "ref": "P227973.18.2",
                  "inst": "%sux:eš₅=",
                  "f": {
                    "lang": "sux",
                    "form": "eš₅",
                    "delim": " ",
                    "gdl": [
                      {
                        "v": "eš₅",
                        "id": "P227973.18.2.0"
                      }
                    ]
                  }
                },
                {
                  "node": "l",
                  "frag": "[...]",
                  "id": "P227973.l1caf6",
                  "ref": "P227973.18.3",
                  "inst": "%sux:x=",
                  "f": {
                    "lang": "sux",
                    "form": "x",
                    "gdl": [
                      {
                        "x": "ellipsis",
                        "id": "P227973.18.3.0",
                        "breakStart": "1",
                        "break": "missing",
                        "o": "]",
                        "breakEnd": "P227973.18.3.0"
                      }
                    ]
                  }
                },
                {
                  "node": "d",
                  "type": "line-start",
                  "ref": "P227973.19",
                  "n": "7",
                  "label": "r i 7"
                },
                {
                  "node": "l",
                  "frag": "ŋeš",
                  "id": "P227973.l1caf7",
                  "ref": "P227973.19.1",
                  "inst": "%sux:ŋeš=",
                  "f": {
                    "lang": "sux",
                    "form": "ŋeš",
                    "delim": " ",
                    "gdl": [
                      {
                        "v": "ŋeš",
                        "id": "P227973.19.1.0"
                      }
                    ]
                  }
                },
                {
                  "node": "l",
                  "frag": "min",
                  "id": "P227973.l1caf8",
                  "ref": "P227973.19.2",
                  "inst": "%sux:min=",
                  "f": {
                    "lang": "sux",
                    "form": "min",
                    "delim": " ",
                    "gdl": [
                      {
                        "v": "min",
                        "id": "P227973.19.2.0"
                      }
                    ]
                  }
                },
                {
                  "node": "l",
                  "frag": "[...]",
                  "id": "P227973.l1caf9",
                  "ref": "P227973.19.3",
                  "inst": "%sux:x=",
                  "f": {
                    "lang": "sux",
                    "form": "x",
                    "gdl": [
                      {
                        "x": "ellipsis",
                        "id": "P227973.19.3.0",
                        "breakStart": "1",
                        "break": "missing",
                        "o": "]",
                        "breakEnd": "P227973.19.3.0"
                      }
                    ]
                  }
                },
                {
                  "node": "d",
                  "type": "line-start",
                  "ref": "P227973.20",
                  "n": "8",
                  "label": "r i 8"
                },
                {
                  "node": "l",
                  "frag": "ŋeš",
                  "id": "P227973.l1cafa",
                  "ref": "P227973.20.1",
                  "inst": "%sux:ŋeš=",
                  "f": {
                    "lang": "sux",
                    "form": "ŋeš",
                    "delim": " ",
                    "gdl": [
                      {
                        "v": "ŋeš",
                        "id": "P227973.20.1.0"
                      }
                    ]
                  }
                },
                {
                  "node": "l",
                  "frag": "diš",
                  "id": "P227973.l1cafb",
                  "ref": "P227973.20.2",
                  "inst": "%sux:diš=",
                  "f": {
                    "lang": "sux",
                    "form": "diš",
                    "delim": " ",
                    "gdl": [
                      {
                        "v": "diš",
                        "id": "P227973.20.2.0"
                      }
                    ]
                  }
                },
                {
                  "node": "l",
                  "frag": "[...]",
                  "id": "P227973.l1cafc",
                  "ref": "P227973.20.3",
                  "inst": "%sux:x=",
                  "f": {
                    "lang": "sux",
                    "form": "x",
                    "gdl": [
                      {
                        "x": "ellipsis",
                        "id": "P227973.20.3.0",
                        "breakStart": "1",
                        "break": "missing",
                        "o": "]",
                        "breakEnd": "P227973.20.3.0"
                      }
                    ]
                  }
                },
                {
                  "node": "d",
                  "type": "line-start",
                  "ref": "P227973.21",
                  "n": "9",
                  "label": "r i 9"
                },
                {
                  "node": "l",
                  "frag": "ŋeš",
                  "id": "P227973.l1cafd",
                  "ref": "P227973.21.1",
                  "inst": "%sux:ŋeš=",
                  "f": {
                    "lang": "sux",
                    "form": "ŋeš",
                    "delim": " ",
                    "gdl": [
                      {
                        "v": "ŋeš",
                        "id": "P227973.21.1.0"
                      }
                    ]
                  }
                },
                {
                  "node": "l",
                  "frag": "[...]",
                  "id": "P227973.l1cafe",
                  "ref": "P227973.21.2",
                  "inst": "%sux:x=",
                  "f": {
                    "lang": "sux",
                    "form": "x",
                    "gdl": [
                      {
                        "x": "ellipsis",
                        "id": "P227973.21.2.0",
                        "breakStart": "1",
                        "break": "missing",
                        "o": "]",
                        "breakEnd": "P227973.21.2.0"
                      }
                    ]
                  }
                },
                {
                  "node": "d",
                  "type": "line-start",
                  "ref": "P227973.22",
                  "n": "10",
                  "label": "r i 10"
                },
                {
                  "node": "l",
                  "frag": "ŋeš",
                  "id": "P227973.l1caff",
                  "ref": "P227973.22.1",
                  "inst": "%sux:ŋeš=",
                  "f": {
                    "lang": "sux",
                    "form": "ŋeš",
                    "delim": " ",
                    "gdl": [
                      {
                        "v": "ŋeš",
                        "id": "P227973.22.1.0"
                      }
                    ]
                  }
                },
                {
                  "node": "l",
                  "frag": "[...]",
                  "id": "P227973.l1cb00",
                  "ref": "P227973.22.2",
                  "inst": "%sux:x=",
                  "f": {
                    "lang": "sux",
                    "form": "x",
                    "gdl": [
                      {
                        "x": "ellipsis",
                        "id": "P227973.22.2.0",
                        "breakStart": "1",
                        "break": "missing",
                        "o": "]",
                        "breakEnd": "P227973.22.2.0"
                      }
                    ]
                  }
                },
                {
                  "node": "d",
                  "subtype": "column 2r",
                  "type": "column",
                  "ref": "P227973.r.ii.23",
                  "n": "2",
                  "label": "r ii"
                },
                {
                  "node": "d",
                  "type": "line-start",
                  "ref": "P227973.24",
                  "n": "1",
                  "label": "r ii 1"
                },
                {
                  "node": "l",
                  "frag": "ŋeš",
                  "id": "P227973.l1cb01",
                  "ref": "P227973.24.1",
                  "inst": "%sux:ŋeš=",
                  "f": {
                    "lang": "sux",
                    "form": "ŋeš",
                    "delim": " ",
                    "gdl": [
                      {
                        "v": "ŋeš",
                        "id": "P227973.24.1.0"
                      }
                    ]
                  }
                },
                {
                  "node": "l",
                  "frag": "X-tar-[...]",
                  "id": "P227973.l1cb02",
                  "ref": "P227973.24.2",
                  "inst": "%sux:X-tar-x=",
                  "f": {
                    "lang": "sux",
                    "form": "X-tar-x",
                    "gdl": [
                      {
                        "s": "X",
                        "id": "P227973.24.2.0",
                        "delim": "-"
                      },
                      {
                        "v": "tar",
                        "id": "P227973.24.2.1",
                        "delim": "-"
                      },
                      {
                        "x": "ellipsis",
                        "id": "P227973.24.2.2",
                        "breakStart": "1",
                        "break": "missing",
                        "o": "]",
                        "breakEnd": "P227973.24.2.2"
                      }
                    ]
                  }
                },
                {
                  "node": "d",
                  "type": "line-start",
                  "ref": "P227973.25",
                  "n": "2",
                  "label": "r ii 2"
                },
                {
                  "node": "l",
                  "frag": "ŋeš",
                  "id": "P227973.l1cb03",
                  "ref": "P227973.25.1",
                  "inst": "%sux:ŋeš=",
                  "f": {
                    "lang": "sux",
                    "form": "ŋeš",
                    "delim": " ",
                    "gdl": [
                      {
                        "v": "ŋeš",
                        "id": "P227973.25.1.0"
                      }
                    ]
                  }
                },
                {
                  "node": "l",
                  "frag": "šu-DU",
                  "id": "P227973.l1cb04",
                  "ref": "P227973.25.2",
                  "inst": "%sux:šu-DU=",
                  "f": {
                    "lang": "sux",
                    "form": "šu-DU",
                    "gdl": [
                      {
                        "v": "šu",
                        "id": "P227973.25.2.0",
                        "delim": "-"
                      },
                      {
                        "s": "DU",
                        "id": "P227973.25.2.1"
                      }
                    ]
                  }
                },
                {
                  "node": "d",
                  "type": "line-start",
                  "ref": "P227973.26",
                  "n": "3",
                  "label": "r ii 3"
                },
                {
                  "node": "l",
                  "frag": "ŋeš",
                  "id": "P227973.l1cb05",
                  "ref": "P227973.26.1",
                  "inst": "%sux:ŋeš=",
                  "f": {
                    "lang": "sux",
                    "form": "ŋeš",
                    "delim": " ",
                    "gdl": [
                      {
                        "v": "ŋeš",
                        "id": "P227973.26.1.0"
                      }
                    ]
                  }
                },
                {
                  "node": "l",
                  "frag": "igi-⸢ŋal₂⸣",
                  "id": "P227973.l1cb06",
                  "ref": "P227973.26.2",
                  "inst": "%sux:igi-ŋal₂=",
                  "f": {
                    "lang": "sux",
                    "form": "igi-ŋal₂",
                    "gdl": [
                      {
                        "v": "igi",
                        "id": "P227973.26.2.0",
                        "delim": "-"
                      },
                      {
                        "v": "ŋal₂",
                        "id": "P227973.26.2.1",
                        "break": "damaged",
                        "ho": "1",
                        "hc": "1"
                      }
                    ]
                  }
                },
                {
                  "node": "d",
                  "type": "line-start",
                  "ref": "P227973.27",
                  "n": "4",
                  "label": "r ii 4"
                },
                {
                  "node": "l",
                  "frag": "ŋeš",
                  "id": "P227973.l1cb07",
                  "ref": "P227973.27.1",
                  "inst": "%sux:ŋeš=",
                  "f": {
                    "lang": "sux",
                    "form": "ŋeš",
                    "delim": " ",
                    "gdl": [
                      {
                        "v": "ŋeš",
                        "id": "P227973.27.1.0"
                      }
                    ]
                  }
                },
                {
                  "node": "l",
                  "frag": "IGI-⸢TUR-TUR⸣",
                  "id": "P227973.l1cb08",
                  "ref": "P227973.27.2",
                  "inst": "%sux:IGI-TUR-TUR=",
                  "f": {
                    "lang": "sux",
                    "form": "IGI-TUR-TUR",
                    "gdl": [
                      {
                        "s": "IGI",
                        "id": "P227973.27.2.0",
                        "delim": "-"
                      },
                      {
                        "s": "TUR",
                        "id": "P227973.27.2.1",
                        "break": "damaged",
                        "ho": "1",
                        "delim": "-"
                      },
                      {
                        "s": "TUR",
                        "id": "P227973.27.2.2",
                        "break": "damaged",
                        "hc": "1"
                      }
                    ]
                  }
                },
                {
                  "node": "d",
                  "type": "line-start",
                  "ref": "P227973.28",
                  "n": "5",
                  "label": "r ii 5"
                },
                {
                  "node": "l",
                  "frag": "ŋeš",
                  "id": "P227973.l1cb09",
                  "ref": "P227973.28.1",
                  "inst": "%sux:ŋeš=",
                  "f": {
                    "lang": "sux",
                    "form": "ŋeš",
                    "delim": " ",
                    "gdl": [
                      {
                        "v": "ŋeš",
                        "id": "P227973.28.1.0"
                      }
                    ]
                  }
                },
                {
                  "node": "l",
                  "frag": "IGI-NI",
                  "id": "P227973.l1cb0a",
                  "ref": "P227973.28.2",
                  "inst": "%sux:IGI-NI=",
                  "f": {
                    "lang": "sux",
                    "form": "IGI-NI",
                    "gdl": [
                      {
                        "s": "IGI",
                        "id": "P227973.28.2.0",
                        "delim": "-"
                      },
                      {
                        "s": "NI",
                        "id": "P227973.28.2.1"
                      }
                    ]
                  }
                },
                {
                  "node": "d",
                  "type": "line-start",
                  "ref": "P227973.29",
                  "n": "6",
                  "label": "r ii 6"
                },
                {
                  "node": "l",
                  "frag": "[...]",
                  "id": "P227973.l1cb0b",
                  "ref": "P227973.29.1",
                  "inst": "%sux:x=",
                  "f": {
                    "lang": "sux",
                    "form": "x",
                    "delim": " ",
                    "gdl": [
                      {
                        "x": "ellipsis",
                        "id": "P227973.29.1.0",
                        "breakStart": "1",
                        "break": "missing",
                        "o": "]",
                        "breakEnd": "P227973.29.1.0"
                      }
                    ]
                  }
                },
                {
                  "node": "l",
                  "frag": "KAK",
                  "id": "P227973.l1cb0c",
                  "ref": "P227973.29.2",
                  "inst": "%sux:KAK=",
                  "f": {
                    "lang": "sux",
                    "form": "KAK",
                    "gdl": [
                      {
                        "s": "KAK",
                        "id": "P227973.29.2.0",
                        "queried": "1"
                      }
                    ]
                  }
                },
                {
                  "node": "d",
                  "type": "line-start",
                  "ref": "P227973.30",
                  "n": "7",
                  "label": "r ii 7"
                },
                {
                  "node": "l",
                  "frag": "ŋeš",
                  "id": "P227973.l1cb0d",
                  "ref": "P227973.30.1",
                  "inst": "%sux:ŋeš=",
                  "f": {
                    "lang": "sux",
                    "form": "ŋeš",
                    "delim": " ",
                    "gdl": [
                      {
                        "v": "ŋeš",
                        "id": "P227973.30.1.0"
                      }
                    ]
                  }
                },
                {
                  "node": "l",
                  "frag": "⸢za-am⸣-ru-tum",
                  "id": "P227973.l1cb0e",
                  "ref": "P227973.30.2",
                  "inst": "%sux:za-am-ru-tum=",
                  "f": {
                    "lang": "sux",
                    "form": "za-am-ru-tum",
                    "gdl": [
                      {
                        "v": "za",
                        "id": "P227973.30.2.0",
                        "break": "damaged",
                        "ho": "1",
                        "delim": "-"
                      },
                      {
                        "v": "am",
                        "id": "P227973.30.2.1",
                        "break": "damaged",
                        "delim": "-",
                        "hc": "1"
                      },
                      {
                        "v": "ru",
                        "id": "P227973.30.2.2",
                        "delim": "-"
                      },
                      {
                        "v": "tum",
                        "id": "P227973.30.2.3"
                      }
                    ]
                  }
                },
                {
                  "node": "d",
                  "type": "line-start",
                  "ref": "P227973.31",
                  "n": "8",
                  "label": "r ii 8"
                },
                {
                  "node": "l",
                  "frag": "ŋeš",
                  "id": "P227973.l1cb0f",
                  "ref": "P227973.31.1",
                  "inst": "%sux:ŋeš=",
                  "f": {
                    "lang": "sux",
                    "form": "ŋeš",
                    "delim": " ",
                    "gdl": [
                      {
                        "v": "ŋeš",
                        "id": "P227973.31.1.0"
                      }
                    ]
                  }
                },
                {
                  "node": "l",
                  "frag": "šu-nir",
                  "id": "P227973.l1cb10",
                  "ref": "P227973.31.2",
                  "inst": "%sux:šu-nir=",
                  "f": {
                    "lang": "sux",
                    "form": "šu-nir",
                    "gdl": [
                      {
                        "v": "šu",
                        "id": "P227973.31.2.0",
                        "delim": "-"
                      },
                      {
                        "v": "nir",
                        "id": "P227973.31.2.1"
                      }
                    ]
                  }
                },
                {
                  "node": "d",
                  "type": "line-start",
                  "ref": "P227973.32",
                  "n": "9",
                  "label": "r ii 9"
                },
                {
                  "node": "l",
                  "frag": "ŋeš",
                  "id": "P227973.l1cb11",
                  "ref": "P227973.32.1",
                  "inst": "%sux:ŋeš=",
                  "f": {
                    "lang": "sux",
                    "form": "ŋeš",
                    "delim": " ",
                    "gdl": [
                      {
                        "v": "ŋeš",
                        "id": "P227973.32.1.0"
                      }
                    ]
                  }
                },
                {
                  "node": "l",
                  "frag": "gid₂-da",
                  "id": "P227973.l1cb12",
                  "ref": "P227973.32.2",
                  "inst": "%sux:gid₂-da=",
                  "f": {
                    "lang": "sux",
                    "form": "gid₂-da",
                    "gdl": [
                      {
                        "v": "gid₂",
                        "id": "P227973.32.2.0",
                        "delim": "-"
                      },
                      {
                        "v": "da",
                        "id": "P227973.32.2.1"
                      }
                    ]
                  }
                },
                {
                  "node": "d",
                  "type": "line-start",
                  "ref": "P227973.33",
                  "n": "10",
                  "label": "r ii 10"
                },
                {
                  "node": "l",
                  "frag": "ŋeš",
                  "id": "P227973.l1cb13",
                  "ref": "P227973.33.1",
                  "inst": "%sux:ŋeš=",
                  "f": {
                    "lang": "sux",
                    "form": "ŋeš",
                    "delim": " ",
                    "gdl": [
                      {
                        "v": "ŋeš",
                        "id": "P227973.33.1.0"
                      }
                    ]
                  }
                },
                {
                  "node": "l",
                  "frag": "[...]-šu-lugal",
                  "id": "P227973.l1cb14",
                  "ref": "P227973.33.2",
                  "inst": "%sux:x-šu-lugal=",
                  "f": {
                    "lang": "sux",
                    "form": "x-šu-lugal",
                    "gdl": [
                      {
                        "x": "ellipsis",
                        "id": "P227973.33.2.0",
                        "breakStart": "1",
                        "break": "missing",
                        "o": "]",
                        "breakEnd": "P227973.33.2.0",
                        "delim": "-"
                      },
                      {
                        "v": "šu",
                        "id": "P227973.33.2.1",
                        "delim": "-"
                      },
                      {
                        "v": "lugal",
                        "id": "P227973.33.2.2"
                      }
                    ]
                  }
                },
                {
                  "node": "d",
                  "type": "line-start",
                  "ref": "P227973.34",
                  "n": "11",
                  "label": "r ii 11"
                },
                {
                  "node": "l",
                  "frag": "ŋeš",
                  "id": "P227973.l1cb15",
                  "ref": "P227973.34.1",
                  "inst": "%sux:ŋeš=",
                  "f": {
                    "lang": "sux",
                    "form": "ŋeš",
                    "delim": " ",
                    "gdl": [
                      {
                        "v": "ŋeš",
                        "id": "P227973.34.1.0"
                      }
                    ]
                  }
                },
                {
                  "node": "l",
                  "frag": "illar-šub-ba",
                  "id": "P227973.l1cb16",
                  "ref": "P227973.34.2",
                  "inst": "%sux:illar-šub-ba=",
                  "f": {
                    "lang": "sux",
                    "form": "illar-šub-ba",
                    "gdl": [
                      {
                        "v": "illar",
                        "id": "P227973.34.2.0",
                        "delim": "-"
                      },
                      {
                        "v": "šub",
                        "id": "P227973.34.2.1",
                        "delim": "-"
                      },
                      {
                        "v": "ba",
                        "id": "P227973.34.2.2"
                      }
                    ]
                  }
                },
                {
                  "node": "d",
                  "type": "line-start",
                  "ref": "P227973.35",
                  "n": "12",
                  "label": "r ii 12"
                },
                {
                  "node": "l",
                  "frag": "ŋeš",
                  "id": "P227973.l1cb17",
                  "ref": "P227973.35.1",
                  "inst": "%sux:ŋeš=",
                  "f": {
                    "lang": "sux",
                    "form": "ŋeš",
                    "delim": " ",
                    "gdl": [
                      {
                        "v": "ŋeš",
                        "id": "P227973.35.1.0"
                      }
                    ]
                  }
                },
                {
                  "node": "l",
                  "frag": "illar-[...]",
                  "id": "P227973.l1cb18",
                  "ref": "P227973.35.2",
                  "inst": "%sux:illar-x=",
                  "f": {
                    "lang": "sux",
                    "form": "illar-x",
                    "gdl": [
                      {
                        "v": "illar",
                        "id": "P227973.35.2.0",
                        "delim": "-"
                      },
                      {
                        "x": "ellipsis",
                        "id": "P227973.35.2.1",
                        "breakStart": "1",
                        "break": "missing",
                        "o": "]",
                        "breakEnd": "P227973.35.2.1"
                      }
                    ]
                  }
                },
                {
                  "node": "d",
                  "subtype": "column 3r",
                  "type": "column",
                  "ref": "P227973.r.iii.36",
                  "n": "3",
                  "label": "r iii"
                },
                {
                  "node": "d",
                  "type": "line-start",
                  "ref": "P227973.37",
                  "n": "1",
                  "label": "r iii 1"
                },
                {
                  "node": "l",
                  "frag": "[...]",
                  "id": "P227973.l1cb19",
                  "ref": "P227973.37.1",
                  "inst": "%sux:x=",
                  "f": {
                    "lang": "sux",
                    "form": "x",
                    "delim": " ",
                    "gdl": [
                      {
                        "x": "ellipsis",
                        "id": "P227973.37.1.0",
                        "breakStart": "1",
                        "break": "missing",
                        "o": "]",
                        "breakEnd": "P227973.37.1.0"
                      }
                    ]
                  }
                },
                {
                  "node": "l",
                  "frag": "⸢lib⸣-bi-⸢da⸣",
                  "id": "P227973.l1cb1a",
                  "ref": "P227973.37.2",
                  "inst": "%sux:lib-bi-da=",
                  "f": {
                    "lang": "sux",
                    "form": "lib-bi-da",
                    "gdl": [
                      {
                        "v": "lib",
                        "id": "P227973.37.2.0",
                        "break": "damaged",
                        "ho": "1",
                        "delim": "-",
                        "hc": "1"
                      },
                      {
                        "v": "bi",
                        "id": "P227973.37.2.1",
                        "delim": "-"
                      },
                      {
                        "v": "da",
                        "id": "P227973.37.2.2",
                        "break": "damaged",
                        "ho": "1",
                        "hc": "1"
                      }
                    ]
                  }
                },
                {
                  "node": "d",
                  "type": "line-start",
                  "ref": "P227973.38",
                  "n": "2",
                  "label": "r iii 2"
                },
                {
                  "node": "l",
                  "frag": "ŋeš",
                  "id": "P227973.l1cb1b",
                  "ref": "P227973.38.1",
                  "inst": "%sux:ŋeš=",
                  "f": {
                    "lang": "sux",
                    "form": "ŋeš",
                    "delim": " ",
                    "gdl": [
                      {
                        "v": "ŋeš",
                        "id": "P227973.38.1.0"
                      }
                    ]
                  }
                },
                {
                  "node": "l",
                  "frag": "⸢ha⸣-bu-⸢da⸣",
                  "id": "P227973.l1cb1c",
                  "ref": "P227973.38.2",
                  "inst": "%sux:ha-bu-da=",
                  "f": {
                    "lang": "sux",
                    "form": "ha-bu-da",
                    "gdl": [
                      {
                        "v": "ha",
                        "id": "P227973.38.2.0",
                        "break": "damaged",
                        "ho": "1",
                        "delim": "-",
                        "hc": "1"
                      },
                      {
                        "v": "bu",
                        "id": "P227973.38.2.1",
                        "delim": "-"
                      },
                      {
                        "v": "da",
                        "id": "P227973.38.2.2",
                        "break": "damaged",
                        "ho": "1",
                        "hc": "1"
                      }
                    ]
                  }
                },
                {
                  "node": "d",
                  "type": "line-start",
                  "ref": "P227973.39",
                  "n": "3",
                  "label": "r iii 3"
                },
                {
                  "node": "l",
                  "frag": "ŋeš",
                  "id": "P227973.l1cb1d",
                  "ref": "P227973.39.1",
                  "inst": "%sux:ŋeš=",
                  "f": {
                    "lang": "sux",
                    "form": "ŋeš",
                    "delim": " ",
                    "gdl": [
                      {
                        "v": "ŋeš",
                        "id": "P227973.39.1.0"
                      }
                    ]
                  }
                },
                {
                  "node": "l",
                  "frag": "igi-gal₂",
                  "id": "P227973.l1cb1e",
                  "ref": "P227973.39.2",
                  "inst": "%sux:igi-gal₂=",
                  "f": {
                    "lang": "sux",
                    "form": "igi-gal₂",
                    "gdl": [
                      {
                        "v": "igi",
                        "id": "P227973.39.2.0",
                        "delim": "-"
                      },
                      {
                        "v": "gal₂",
                        "id": "P227973.39.2.1"
                      }
                    ]
                  }
                },
                {
                  "node": "d",
                  "type": "line-start",
                  "ref": "P227973.40",
                  "n": "4",
                  "label": "r iii 4"
                },
                {
                  "node": "l",
                  "frag": "ŋeš",
                  "id": "P227973.l1cb1f",
                  "ref": "P227973.40.1",
                  "inst": "%sux:ŋeš=",
                  "f": {
                    "lang": "sux",
                    "form": "ŋeš",
                    "delim": " ",
                    "gdl": [
                      {
                        "v": "ŋeš",
                        "id": "P227973.40.1.0"
                      }
                    ]
                  }
                },
                {
                  "node": "l",
                  "frag": "tun₃",
                  "id": "P227973.l1cb20",
                  "ref": "P227973.40.2",
                  "inst": "%sux:tun₃=",
                  "f": {
                    "lang": "sux",
                    "form": "tun₃",
                    "gdl": [
                      {
                        "v": "tun₃",
                        "id": "P227973.40.2.0"
                      }
                    ]
                  }
                },
                {
                  "node": "d",
                  "type": "line-start",
                  "ref": "P227973.41",
                  "n": "5",
                  "label": "r iii 5"
                },
                {
                  "node": "l",
                  "frag": "ŋeš",
                  "id": "P227973.l1cb21",
                  "ref": "P227973.41.1",
                  "inst": "%sux:ŋeš=",
                  "f": {
                    "lang": "sux",
                    "form": "ŋeš",
                    "delim": " ",
                    "gdl": [
                      {
                        "v": "ŋeš",
                        "id": "P227973.41.1.0"
                      }
                    ]
                  }
                },
                {
                  "node": "l",
                  "frag": "gin₂-sal",
                  "id": "P227973.l1cb22",
                  "ref": "P227973.41.2",
                  "inst": "%sux:gin₂-sal=",
                  "f": {
                    "lang": "sux",
                    "form": "gin₂-sal",
                    "gdl": [
                      {
                        "v": "gin₂",
                        "id": "P227973.41.2.0",
                        "delim": "-"
                      },
                      {
                        "v": "sal",
                        "id": "P227973.41.2.1",
                        "queried": "1"
                      }
                    ]
                  }
                },
                {
                  "node": "d",
                  "type": "line-start",
                  "ref": "P227973.42",
                  "n": "6",
                  "label": "r iii 6"
                },
                {
                  "node": "l",
                  "frag": "ŋeš",
                  "id": "P227973.l1cb23",
                  "ref": "P227973.42.1",
                  "inst": "%sux:ŋeš=",
                  "f": {
                    "lang": "sux",
                    "form": "ŋeš",
                    "delim": " ",
                    "gdl": [
                      {
                        "v": "ŋeš",
                        "id": "P227973.42.1.0"
                      }
                    ]
                  }
                },
                {
                  "node": "l",
                  "frag": "⸢aga⸣",
                  "id": "P227973.l1cb24",
                  "ref": "P227973.42.2",
                  "inst": "%sux:aga=",
                  "f": {
                    "lang": "sux",
                    "form": "aga",
                    "gdl": [
                      {
                        "v": "aga",
                        "id": "P227973.42.2.0",
                        "break": "damaged",
                        "ho": "1",
                        "hc": "1"
                      }
                    ]
                  }
                },
                {
                  "node": "d",
                  "type": "line-start",
                  "ref": "P227973.43",
                  "n": "7",
                  "label": "r iii 7"
                },
                {
                  "node": "l",
                  "frag": "ŋeš",
                  "id": "P227973.l1cb25",
                  "ref": "P227973.43.1",
                  "inst": "%sux:ŋeš=",
                  "f": {
                    "lang": "sux",
                    "form": "ŋeš",
                    "delim": " ",
                    "gdl": [
                      {
                        "v": "ŋeš",
                        "id": "P227973.43.1.0"
                      }
                    ]
                  }
                },
                {
                  "node": "l",
                  "frag": "aga-DUN₃@g-ma",
                  "id": "P227973.l1cb26",
                  "ref": "P227973.43.2",
                  "inst": "%sux:aga-DUN₃@g-ma=",
                  "f": {
                    "lang": "sux",
                    "form": "aga-DUN₃@g-ma",
                    "gdl": [
                      {
                        "v": "aga",
                        "id": "P227973.43.2.0",
                        "delim": "-"
                      },
                      {
                        "form": "DUN₃@g",
                        "id": "P227973.43.2.1",
                        "delim": "-",
                        "mods": [
                          {
                            "b": "DUN₃"
                          },
                          {
                            "m": "g"
                          }
                        ]
                      },
                      {
                        "v": "ma",
                        "id": "P227973.43.2.2"
                      }
                    ]
                  }
                },
                {
                  "node": "d",
                  "type": "line-start",
                  "ref": "P227973.44",
                  "n": "8",
                  "label": "r iii 8"
                },
                {
                  "node": "l",
                  "frag": "ŋeš",
                  "id": "P227973.l1cb27",
                  "ref": "P227973.44.1",
                  "inst": "%sux:ŋeš=",
                  "f": {
                    "lang": "sux",
                    "form": "ŋeš",
                    "gdl": [
                      {
                        "v": "ŋeš",
                        "id": "P227973.44.1.0"
                      }
                    ]
                  }
                },
                {
                  "node": "d",
                  "type": "line-start",
                  "ref": "P227973.45",
                  "n": "9",
                  "label": "r iii 9"
                },
                {
                  "node": "l",
                  "frag": "ŋeš",
                  "id": "P227973.l1cb28",
                  "ref": "P227973.45.1",
                  "inst": "%sux:ŋeš=",
                  "f": {
                    "lang": "sux",
                    "form": "ŋeš",
                    "delim": " ",
                    "gdl": [
                      {
                        "v": "ŋeš",
                        "id": "P227973.45.1.0"
                      }
                    ]
                  }
                },
                {
                  "node": "l",
                  "frag": "KID-aš₂-ŋar",
                  "id": "P227973.l1cb29",
                  "ref": "P227973.45.2",
                  "inst": "%sux:KID-aš₂-ŋar=",
                  "f": {
                    "lang": "sux",
                    "form": "KID-aš₂-ŋar",
                    "gdl": [
                      {
                        "s": "KID",
                        "id": "P227973.45.2.0",
                        "delim": "-"
                      },
                      {
                        "v": "aš₂",
                        "id": "P227973.45.2.1",
                        "queried": "1",
                        "delim": "-"
                      },
                      {
                        "v": "ŋar",
                        "id": "P227973.45.2.2"
                      }
                    ]
                  }
                },
                {
                  "node": "d",
                  "type": "line-start",
                  "ref": "P227973.46",
                  "n": "10",
                  "label": "r iii 10"
                },
                {
                  "node": "l",
                  "frag": "ŋeš",
                  "id": "P227973.l1cb2a",
                  "ref": "P227973.46.1",
                  "inst": "%sux:ŋeš=",
                  "f": {
                    "lang": "sux",
                    "form": "ŋeš",
                    "delim": " ",
                    "gdl": [
                      {
                        "v": "ŋeš",
                        "id": "P227973.46.1.0"
                      }
                    ]
                  }
                },
                {
                  "node": "l",
                  "frag": "KID-tukul-mah",
                  "id": "P227973.l1cb2b",
                  "ref": "P227973.46.2",
                  "inst": "%sux:KID-tukul-mah=",
                  "f": {
                    "lang": "sux",
                    "form": "KID-tukul-mah",
                    "gdl": [
                      {
                        "s": "KID",
                        "id": "P227973.46.2.0",
                        "delim": "-"
                      },
                      {
                        "v": "tukul",
                        "id": "P227973.46.2.1",
                        "delim": "-"
                      },
                      {
                        "v": "mah",
                        "id": "P227973.46.2.2"
                      }
                    ]
                  }
                },
                {
                  "node": "d",
                  "subtype": "column 4r",
                  "type": "column",
                  "ref": "P227973.r.iv.47",
                  "n": "4",
                  "label": "r iv"
                },
                {
                  "node": "d",
                  "type": "line-start",
                  "ref": "P227973.48",
                  "n": "1",
                  "label": "r iv 1"
                },
                {
                  "node": "l",
                  "frag": "[...]",
                  "id": "P227973.l1cb2c",
                  "ref": "P227973.48.1",
                  "inst": "%sux:x=",
                  "f": {
                    "lang": "sux",
                    "form": "x",
                    "delim": " ",
                    "gdl": [
                      {
                        "x": "ellipsis",
                        "id": "P227973.48.1.0",
                        "breakStart": "1",
                        "break": "missing",
                        "o": "]",
                        "breakEnd": "P227973.48.1.0"
                      }
                    ]
                  }
                },
                {
                  "node": "l",
                  "frag": "ŠID-mar",
                  "id": "P227973.l1cb2d",
                  "ref": "P227973.48.2",
                  "inst": "%sux:ŠID-mar=",
                  "f": {
                    "lang": "sux",
                    "form": "ŠID-mar",
                    "gdl": [
                      {
                        "s": "ŠID",
                        "id": "P227973.48.2.0",
                        "delim": "-"
                      },
                      {
                        "v": "mar",
                        "id": "P227973.48.2.1"
                      }
                    ]
                  }
                },
                {
                  "node": "d",
                  "type": "line-start",
                  "ref": "P227973.49",
                  "n": "2",
                  "label": "r iv 2"
                },
                {
                  "node": "l",
                  "frag": "ŋeš",
                  "id": "P227973.l1cb2e",
                  "ref": "P227973.49.1",
                  "inst": "%sux:ŋeš=",
                  "f": {
                    "lang": "sux",
                    "form": "ŋeš",
                    "delim": " ",
                    "gdl": [
                      {
                        "v": "ŋeš",
                        "id": "P227973.49.1.0"
                      }
                    ]
                  }
                },
                {
                  "node": "l",
                  "frag": "⸢eme⸣-mar",
                  "id": "P227973.l1cb2f",
                  "ref": "P227973.49.2",
                  "inst": "%sux:eme-mar=",
                  "f": {
                    "lang": "sux",
                    "form": "eme-mar",
                    "gdl": [
                      {
                        "v": "eme",
                        "id": "P227973.49.2.0",
                        "break": "damaged",
                        "ho": "1",
                        "delim": "-",
                        "hc": "1"
                      },
                      {
                        "v": "mar",
                        "id": "P227973.49.2.1"
                      }
                    ]
                  }
                },
                {
                  "node": "d",
                  "type": "line-start",
                  "ref": "P227973.50",
                  "n": "3",
                  "label": "r iv 3"
                },
                {
                  "node": "l",
                  "frag": "ŋeš",
                  "id": "P227973.l1cb30",
                  "ref": "P227973.50.1",
                  "inst": "%sux:ŋeš=",
                  "f": {
                    "lang": "sux",
                    "form": "ŋeš",
                    "delim": " ",
                    "gdl": [
                      {
                        "v": "ŋeš",
                        "id": "P227973.50.1.0"
                      }
                    ]
                  }
                },
                {
                  "node": "l",
                  "frag": "kul-⸢mar⸣",
                  "id": "P227973.l1cb31",
                  "ref": "P227973.50.2",
                  "inst": "%sux:kul-mar=",
                  "f": {
                    "lang": "sux",
                    "form": "kul-mar",
                    "gdl": [
                      {
                        "v": "kul",
                        "id": "P227973.50.2.0",
                        "delim": "-"
                      },
                      {
                        "v": "mar",
                        "id": "P227973.50.2.1",
                        "break": "damaged",
                        "ho": "1",
                        "hc": "1"
                      }
                    ]
                  }
                },
                {
                  "node": "d",
                  "type": "line-start",
                  "ref": "P227973.51",
                  "n": "4",
                  "label": "r iv 4"
                },
                {
                  "node": "l",
                  "frag": "ŋeš",
                  "id": "P227973.l1cb32",
                  "ref": "P227973.51.1",
                  "inst": "%sux:ŋeš=",
                  "f": {
                    "lang": "sux",
                    "form": "ŋeš",
                    "delim": " ",
                    "gdl": [
                      {
                        "v": "ŋeš",
                        "id": "P227973.51.1.0"
                      }
                    ]
                  }
                },
                {
                  "node": "l",
                  "frag": "BAD",
                  "id": "P227973.l1cb33",
                  "ref": "P227973.51.2",
                  "inst": "%sux:BAD=",
                  "f": {
                    "lang": "sux",
                    "form": "BAD",
                    "gdl": [
                      {
                        "s": "BAD",
                        "id": "P227973.51.2.0"
                      }
                    ]
                  }
                },
                {
                  "node": "d",
                  "type": "line-start",
                  "ref": "P227973.52",
                  "n": "5",
                  "label": "r iv 5"
                },
                {
                  "node": "l",
                  "frag": "ŋeš",
                  "id": "P227973.l1cb34",
                  "ref": "P227973.52.1",
                  "inst": "%sux:ŋeš=",
                  "f": {
                    "lang": "sux",
                    "form": "ŋeš",
                    "delim": " ",
                    "gdl": [
                      {
                        "v": "ŋeš",
                        "id": "P227973.52.1.0"
                      }
                    ]
                  }
                },
                {
                  "node": "l",
                  "frag": "BAD",
                  "id": "P227973.l1cb35",
                  "ref": "P227973.52.2",
                  "inst": "%sux:BAD=",
                  "f": {
                    "lang": "sux",
                    "form": "BAD",
                    "gdl": [
                      {
                        "s": "BAD",
                        "id": "P227973.52.2.0"
                      }
                    ]
                  }
                },
                {
                  "node": "d",
                  "type": "line-start",
                  "ref": "P227973.53",
                  "n": "6",
                  "label": "r iv 6"
                },
                {
                  "node": "l",
                  "frag": "ŋeš",
                  "id": "P227973.l1cb36",
                  "ref": "P227973.53.1",
                  "inst": "%sux:ŋeš=",
                  "f": {
                    "lang": "sux",
                    "form": "ŋeš",
                    "delim": " ",
                    "gdl": [
                      {
                        "v": "ŋeš",
                        "id": "P227973.53.1.0"
                      }
                    ]
                  }
                },
                {
                  "node": "l",
                  "frag": "BAD",
                  "id": "P227973.l1cb37",
                  "ref": "P227973.53.2",
                  "inst": "%sux:BAD=",
                  "f": {
                    "lang": "sux",
                    "form": "BAD",
                    "gdl": [
                      {
                        "s": "BAD",
                        "id": "P227973.53.2.0"
                      }
                    ]
                  }
                },
                {
                  "node": "d",
                  "type": "line-start",
                  "ref": "P227973.54",
                  "n": "7",
                  "label": "r iv 7"
                },
                {
                  "node": "l",
                  "frag": "ŋeš",
                  "id": "P227973.l1cb38",
                  "ref": "P227973.54.1",
                  "inst": "%sux:ŋeš=",
                  "f": {
                    "lang": "sux",
                    "form": "ŋeš",
                    "delim": " ",
                    "gdl": [
                      {
                        "v": "ŋeš",
                        "id": "P227973.54.1.0"
                      }
                    ]
                  }
                },
                {
                  "node": "l",
                  "frag": "dag-si",
                  "id": "P227973.l1cb39",
                  "ref": "P227973.54.2",
                  "inst": "%sux:dag-si=",
                  "f": {
                    "lang": "sux",
                    "form": "dag-si",
                    "gdl": [
                      {
                        "v": "dag",
                        "id": "P227973.54.2.0",
                        "delim": "-"
                      },
                      {
                        "v": "si",
                        "id": "P227973.54.2.1"
                      }
                    ]
                  }
                },
                {
                  "node": "d",
                  "type": "line-start",
                  "ref": "P227973.55",
                  "n": "8",
                  "label": "r iv 8"
                },
                {
                  "node": "l",
                  "frag": "ŋeš",
                  "id": "P227973.l1cb3a",
                  "ref": "P227973.55.1",
                  "inst": "%sux:ŋeš=",
                  "f": {
                    "lang": "sux",
                    "form": "ŋeš",
                    "delim": " ",
                    "gdl": [
                      {
                        "v": "ŋeš",
                        "id": "P227973.55.1.0"
                      }
                    ]
                  }
                },
                {
                  "node": "l",
                  "frag": "dag-⸢si⸣-e-⸢ba-na⸣",
                  "id": "P227973.l1cb3b",
                  "ref": "P227973.55.2",
                  "inst": "%sux:dag-si-e-ba-na=",
                  "f": {
                    "lang": "sux",
                    "form": "dag-si-e-ba-na",
                    "gdl": [
                      {
                        "v": "dag",
                        "id": "P227973.55.2.0",
                        "delim": "-"
                      },
                      {
                        "v": "si",
                        "id": "P227973.55.2.1",
                        "break": "damaged",
                        "ho": "1",
                        "delim": "-",
                        "hc": "1"
                      },
                      {
                        "v": "e",
                        "id": "P227973.55.2.2",
                        "delim": "-"
                      },
                      {
                        "v": "ba",
                        "id": "P227973.55.2.3",
                        "break": "damaged",
                        "ho": "1",
                        "delim": "-"
                      },
                      {
                        "v": "na",
                        "id": "P227973.55.2.4",
                        "break": "damaged",
                        "hc": "1"
                      }
                    ]
                  }
                },
                {
                  "node": "d",
                  "type": "line-start",
                  "ref": "P227973.56",
                  "n": "9",
                  "label": "r iv 9"
                },
                {
                  "node": "l",
                  "frag": "ŋeš",
                  "id": "P227973.l1cb3c",
                  "ref": "P227973.56.1",
                  "inst": "%sux:ŋeš=",
                  "f": {
                    "lang": "sux",
                    "form": "ŋeš",
                    "delim": " ",
                    "gdl": [
                      {
                        "v": "ŋeš",
                        "id": "P227973.56.1.0"
                      }
                    ]
                  }
                },
                {
                  "node": "l",
                  "frag": "⸢balaŋ⸣",
                  "id": "P227973.l1cb3d",
                  "ref": "P227973.56.2",
                  "inst": "%sux:balaŋ=",
                  "f": {
                    "lang": "sux",
                    "form": "balaŋ",
                    "gdl": [
                      {
                        "v": "balaŋ",
                        "id": "P227973.56.2.0",
                        "break": "damaged",
                        "ho": "1",
                        "hc": "1"
                      }
                    ]
                  }
                },
                {
                  "node": "d",
                  "type": "line-start",
                  "ref": "P227973.57",
                  "n": "10",
                  "label": "r iv 10"
                },
                {
                  "node": "l",
                  "frag": "ŋeš",
                  "id": "P227973.l1cb3e",
                  "ref": "P227973.57.1",
                  "inst": "%sux:ŋeš=",
                  "f": {
                    "lang": "sux",
                    "form": "ŋeš",
                    "delim": " ",
                    "gdl": [
                      {
                        "v": "ŋeš",
                        "id": "P227973.57.1.0"
                      }
                    ]
                  }
                },
                {
                  "node": "l",
                  "frag": "a₂-balaŋ",
                  "id": "P227973.l1cb3f",
                  "ref": "P227973.57.2",
                  "inst": "%sux:a₂-balaŋ=",
                  "f": {
                    "lang": "sux",
                    "form": "a₂-balaŋ",
                    "gdl": [
                      {
                        "v": "a₂",
                        "id": "P227973.57.2.0",
                        "delim": "-"
                      },
                      {
                        "v": "balaŋ",
                        "id": "P227973.57.2.1"
                      }
                    ]
                  }
                }
              ]
            }
          ]
        }
      ]
    }
  ]
}
