{
  "type": "cdl",
  "project": "dcclt",
  "source": "http://oracc.org/dcclt",
  "license": "This data is released under the CC0 license",
  "license-url": "https://creativecommons.org/publicdomain/zero/1.0/",
  "more-info": "http://oracc.org/doc/opendata/",
  "UTC-timestamp": "2017-06-21T22:05:21",
  "textid": "P227634",
  "cdl": [
    {
      "node": "c",
      "type": "text",
      "id": "P227634.U0",
      "cdl": [
        {
          "node": "d",
          "subtype": "tablet",
          "type": "tablet",
          "ref": "P227634.x851.1",
          "label": "x851"
        },
        {
          "node": "d",
          "subtype": "obverse",
          "type": "obverse",
          "ref": "P227634.o.2",
          "label": "o"
        },
        {
          "node": "d",
          "subtype": "column 1o",
          "type": "column",
          "ref": "P227634.o.i.3",
          "n": "1",
          "label": "o i"
        },
        {
          "node": "c",
          "type": "discourse",
          "subtype": "body",
          "id": "P227634.U1",
          "cdl": [
            {
              "node": "c",
              "type": "sentence",
              "id": "P227634.U2",
              "label": "o i 1 - o i 9",
              "cdl": [
                {
                  "node": "d",
                  "type": "line-start",
                  "ref": "P227634.4",
                  "n": "1",
                  "label": "o i 1"
                },
                {
                  "node": "l",
                  "frag": "maš₂",
                  "id": "P227634.l22207",
                  "ref": "P227634.4.1",
                  "inst": "%sux:maš₂=",
                  "f": {
                    "lang": "sux",
                    "form": "maš₂",
                    "delim": " ",
                    "gdl": [
                      {
                        "v": "maš₂",
                        "id": "P227634.4.1.0"
                      }
                    ]
                  }
                },
                {
                  "node": "l",
                  "frag": "babbar",
                  "id": "P227634.l22208",
                  "ref": "P227634.4.2",
                  "inst": "%sux:babbar=",
                  "f": {
                    "lang": "sux",
                    "form": "babbar",
                    "gdl": [
                      {
                        "v": "babbar",
                        "id": "P227634.4.2.0"
                      }
                    ]
                  }
                },
                {
                  "node": "d",
                  "type": "line-start",
                  "ref": "P227634.5",
                  "n": "2",
                  "label": "o i 2"
                },
                {
                  "node": "l",
                  "frag": "maš₂",
                  "id": "P227634.l22209",
                  "ref": "P227634.5.1",
                  "inst": "%sux:maš₂=",
                  "f": {
                    "lang": "sux",
                    "form": "maš₂",
                    "delim": " ",
                    "gdl": [
                      {
                        "v": "maš₂",
                        "id": "P227634.5.1.0"
                      }
                    ]
                  }
                },
                {
                  "node": "l",
                  "frag": "kukku₅",
                  "id": "P227634.l2220a",
                  "ref": "P227634.5.2",
                  "inst": "%sux:kukku₅=",
                  "f": {
                    "lang": "sux",
                    "form": "kukku₅",
                    "gdl": [
                      {
                        "v": "kukku₅",
                        "id": "P227634.5.2.0"
                      }
                    ]
                  }
                },
                {
                  "node": "d",
                  "type": "line-start",
                  "ref": "P227634.6",
                  "n": "3",
                  "label": "o i 3"
                },
                {
                  "node": "l",
                  "frag": "⸢maš₂⸣",
                  "id": "P227634.l2220b",
                  "ref": "P227634.6.1",
                  "inst": "%sux:maš₂=",
                  "f": {
                    "lang": "sux",
                    "form": "maš₂",
                    "delim": " ",
                    "gdl": [
                      {
                        "v": "maš₂",
                        "id": "P227634.6.1.0",
                        "break": "damaged",
                        "ho": "1",
                        "hc": "1"
                      }
                    ]
                  }
                },
                {
                  "node": "l",
                  "frag": "[kiŋ₂]-⸢gi₄⸣-[a]",
                  "id": "P227634.l2220c",
                  "ref": "P227634.6.2",
                  "inst": "%sux:kiŋ₂-gi₄-a=",
                  "f": {
                    "lang": "sux",
                    "form": "kiŋ₂-gi₄-a",
                    "gdl": [
                      {
                        "v": "kiŋ₂",
                        "id": "P227634.6.2.0",
                        "breakStart": "1",
                        "o": "]",
                        "break": "missing",
                        "breakEnd": "P227634.6.2.0",
                        "delim": "-"
                      },
                      {
                        "v": "gi₄",
                        "id": "P227634.6.2.1",
                        "break": "damaged",
                        "ho": "1",
                        "delim": "-",
                        "hc": "1"
                      },
                      {
                        "v": "a",
                        "id": "P227634.6.2.2",
                        "breakStart": "1",
                        "o": "]",
                        "break": "missing",
                        "breakEnd": "P227634.6.2.2"
                      }
                    ]
                  }
                },
                {
                  "node": "d",
                  "type": "line-start",
                  "ref": "P227634.7",
                  "n": "4",
                  "label": "o i 4"
                },
                {
                  "node": "l",
                  "frag": "sila₄",
                  "id": "P227634.l2220d",
                  "ref": "P227634.7.1",
                  "inst": "%sux:sila₄=",
                  "f": {
                    "lang": "sux",
                    "form": "sila₄",
                    "gdl": [
                      {
                        "v": "sila₄",
                        "id": "P227634.7.1.0"
                      }
                    ]
                  }
                },
                {
                  "node": "d",
                  "type": "line-start",
                  "ref": "P227634.8",
                  "n": "5",
                  "label": "o i 5"
                },
                {
                  "node": "l",
                  "frag": "sila₄",
                  "id": "P227634.l2220e",
                  "ref": "P227634.8.1",
                  "inst": "%sux:sila₄=",
                  "f": {
                    "lang": "sux",
                    "form": "sila₄",
                    "delim": " ",
                    "gdl": [
                      {
                        "v": "sila₄",
                        "id": "P227634.8.1.0"
                      }
                    ]
                  }
                },
                {
                  "node": "l",
                  "frag": "kiŋ₂-gi₄-a",
                  "id": "P227634.l2220f",
                  "ref": "P227634.8.2",
                  "inst": "%sux:kiŋ₂-gi₄-a=",
                  "f": {
                    "lang": "sux",
                    "form": "kiŋ₂-gi₄-a",
                    "gdl": [
                      {
                        "v": "kiŋ₂",
                        "id": "P227634.8.2.0",
                        "delim": "-"
                      },
                      {
                        "v": "gi₄",
                        "id": "P227634.8.2.1",
                        "delim": "-"
                      },
                      {
                        "v": "a",
                        "id": "P227634.8.2.2"
                      }
                    ]
                  }
                },
                {
                  "node": "d",
                  "type": "line-start",
                  "ref": "P227634.9",
                  "n": "6",
                  "label": "o i 6"
                },
                {
                  "node": "l",
                  "frag": "⸢sila₄⸣",
                  "id": "P227634.l22210",
                  "ref": "P227634.9.1",
                  "inst": "%sux:sila₄=",
                  "f": {
                    "lang": "sux",
                    "form": "sila₄",
                    "delim": " ",
                    "gdl": [
                      {
                        "v": "sila₄",
                        "id": "P227634.9.1.0",
                        "break": "damaged",
                        "ho": "1",
                        "hc": "1"
                      }
                    ]
                  }
                },
                {
                  "node": "l",
                  "frag": "gaba",
                  "id": "P227634.l22211",
                  "ref": "P227634.9.2",
                  "inst": "%sux:gaba=",
                  "f": {
                    "lang": "sux",
                    "form": "gaba",
                    "gdl": [
                      {
                        "v": "gaba",
                        "id": "P227634.9.2.0"
                      }
                    ]
                  }
                },
                {
                  "node": "d",
                  "type": "line-start",
                  "ref": "P227634.10",
                  "n": "7",
                  "label": "o i 7"
                },
                {
                  "node": "l",
                  "frag": "sila₄",
                  "id": "P227634.l22212",
                  "ref": "P227634.10.1",
                  "inst": "%sux:sila₄=",
                  "f": {
                    "lang": "sux",
                    "form": "sila₄",
                    "delim": " ",
                    "gdl": [
                      {
                        "v": "sila₄",
                        "id": "P227634.10.1.0"
                      }
                    ]
                  }
                },
                {
                  "node": "l",
                  "frag": "gaba-ri-a",
                  "id": "P227634.l22213",
                  "ref": "P227634.10.2",
                  "inst": "%sux:gaba-ri-a=",
                  "f": {
                    "lang": "sux",
                    "form": "gaba-ri-a",
                    "gdl": [
                      {
                        "v": "gaba",
                        "id": "P227634.10.2.0",
                        "delim": "-"
                      },
                      {
                        "v": "ri",
                        "id": "P227634.10.2.1",
                        "delim": "-"
                      },
                      {
                        "v": "a",
                        "id": "P227634.10.2.2"
                      }
                    ]
                  }
                },
                {
                  "node": "d",
                  "type": "line-start",
                  "ref": "P227634.11",
                  "n": "8",
                  "label": "o i 8"
                },
                {
                  "node": "l",
                  "frag": "sila₄",
                  "id": "P227634.l22214",
                  "ref": "P227634.11.1",
                  "inst": "%sux:sila₄=",
                  "f": {
                    "lang": "sux",
                    "form": "sila₄",
                    "delim": " ",
                    "gdl": [
                      {
                        "v": "sila₄",
                        "id": "P227634.11.1.0"
                      }
                    ]
                  }
                },
                {
                  "node": "l",
                  "frag": "igi",
                  "id": "P227634.l22215",
                  "ref": "P227634.11.2",
                  "inst": "%sux:igi=",
                  "f": {
                    "lang": "sux",
                    "form": "igi",
                    "delim": " ",
                    "gdl": [
                      {
                        "v": "igi",
                        "id": "P227634.11.2.0"
                      }
                    ]
                  }
                },
                {
                  "node": "l",
                  "frag": "duh-a",
                  "id": "P227634.l22216",
                  "ref": "P227634.11.3",
                  "inst": "%sux:duh-a=",
                  "f": {
                    "lang": "sux",
                    "form": "duh-a",
                    "gdl": [
                      {
                        "v": "duh",
                        "id": "P227634.11.3.0",
                        "delim": "-"
                      },
                      {
                        "v": "a",
                        "id": "P227634.11.3.1"
                      }
                    ]
                  }
                },
                {
                  "node": "d",
                  "type": "line-start",
                  "ref": "P227634.12",
                  "n": "9",
                  "label": "o i 9"
                },
                {
                  "node": "l",
                  "frag": "sila₄",
                  "id": "P227634.l22217",
                  "ref": "P227634.12.1",
                  "inst": "%sux:sila₄=",
                  "f": {
                    "lang": "sux",
                    "form": "sila₄",
                    "delim": " ",
                    "gdl": [
                      {
                        "v": "sila₄",
                        "id": "P227634.12.1.0"
                      }
                    ]
                  }
                },
                {
                  "node": "l",
                  "frag": "[...]",
                  "id": "P227634.l22218",
                  "ref": "P227634.12.2",
                  "inst": "%sux:x=",
                  "f": {
                    "lang": "sux",
                    "form": "x",
                    "gdl": [
                      {
                        "x": "ellipsis",
                        "id": "P227634.12.2.0",
                        "breakStart": "1",
                        "break": "missing",
                        "o": "]",
                        "breakEnd": "P227634.12.2.0"
                      }
                    ]
                  }
                }
              ]
            }
          ]
        }
      ]
    }
  ]
}
