{
  "type": "cdl",
  "project": "dcclt",
  "source": "http://oracc.org/dcclt",
  "license": "This data is released under the CC0 license",
  "license-url": "https://creativecommons.org/publicdomain/zero/1.0/",
  "more-info": "http://oracc.org/doc/opendata/",
  "UTC-timestamp": "2017-06-21T22:06:26",
  "textid": "P228729",
  "cdl": [
    {
      "node": "c",
      "type": "text",
      "id": "P228729.U0",
      "cdl": [
        {
          "node": "d",
          "subtype": "tablet",
          "type": "tablet",
          "ref": "P228729.x357.1",
          "label": "x357"
        },
        {
          "node": "d",
          "subtype": "obverse?",
          "type": "obverse",
          "ref": "P228729.o_.2",
          "queried": "1",
          "label": "o?"
        },
        {
          "node": "d",
          "type": "nonx",
          "ref": "P228729.3",
          "strict": "1",
          "extent": "n",
          "scope": "line",
          "state": "missing"
        },
        {
          "node": "c",
          "type": "discourse",
          "subtype": "body",
          "id": "P228729.U1",
          "cdl": [
            {
              "node": "c",
              "type": "sentence",
              "id": "P228729.U2",
              "label": "o? 1' - o? 10'",
              "cdl": [
                {
                  "node": "d",
                  "type": "line-start",
                  "ref": "P228729.4",
                  "n": "1'",
                  "label": "o? 1'"
                },
                {
                  "node": "l",
                  "frag": "[...]",
                  "id": "P228729.l15e25",
                  "ref": "P228729.4.1",
                  "inst": "%sux:x=",
                  "f": {
                    "lang": "sux",
                    "form": "x",
                    "delim": " ",
                    "gdl": [
                      {
                        "x": "ellipsis",
                        "id": "P228729.4.1.0",
                        "breakStart": "1",
                        "break": "missing",
                        "o": "]",
                        "breakEnd": "P228729.4.1.0"
                      }
                    ]
                  }
                },
                {
                  "node": "l",
                  "frag": "⸢bad₃⸣",
                  "id": "P228729.l15e26",
                  "ref": "P228729.4.2",
                  "inst": "%sux:bad₃=",
                  "f": {
                    "lang": "sux",
                    "form": "bad₃",
                    "gdl": [
                      {
                        "v": "bad₃",
                        "id": "P228729.4.2.0",
                        "break": "damaged",
                        "ho": "1",
                        "hc": "1"
                      }
                    ]
                  }
                },
                {
                  "node": "d",
                  "type": "line-start",
                  "ref": "P228729.5",
                  "n": "2'",
                  "label": "o? 2'"
                },
                {
                  "node": "l",
                  "frag": "[...]",
                  "id": "P228729.l15e27",
                  "ref": "P228729.5.1",
                  "inst": "%sux:x=",
                  "f": {
                    "lang": "sux",
                    "form": "x",
                    "delim": " ",
                    "gdl": [
                      {
                        "x": "ellipsis",
                        "id": "P228729.5.1.0",
                        "breakStart": "1",
                        "break": "missing",
                        "o": "]",
                        "breakEnd": "P228729.5.1.0"
                      }
                    ]
                  }
                },
                {
                  "node": "l",
                  "frag": "bad₃",
                  "id": "P228729.l15e28",
                  "ref": "P228729.5.2",
                  "inst": "%sux:bad₃=",
                  "f": {
                    "lang": "sux",
                    "form": "bad₃",
                    "gdl": [
                      {
                        "v": "bad₃",
                        "id": "P228729.5.2.0"
                      }
                    ]
                  }
                },
                {
                  "node": "d",
                  "type": "line-start",
                  "ref": "P228729.6",
                  "n": "3'",
                  "label": "o? 3'"
                },
                {
                  "node": "l",
                  "frag": "[...]",
                  "id": "P228729.l15e29",
                  "ref": "P228729.6.1",
                  "inst": "%sux:x=",
                  "f": {
                    "lang": "sux",
                    "form": "x",
                    "delim": " ",
                    "gdl": [
                      {
                        "x": "ellipsis",
                        "id": "P228729.6.1.0",
                        "breakStart": "1",
                        "break": "missing",
                        "o": "]",
                        "breakEnd": "P228729.6.1.0"
                      }
                    ]
                  }
                },
                {
                  "node": "l",
                  "frag": "bad₃",
                  "id": "P228729.l15e2a",
                  "ref": "P228729.6.2",
                  "inst": "%sux:bad₃=",
                  "f": {
                    "lang": "sux",
                    "form": "bad₃",
                    "gdl": [
                      {
                        "v": "bad₃",
                        "id": "P228729.6.2.0"
                      }
                    ]
                  }
                },
                {
                  "node": "d",
                  "type": "line-start",
                  "ref": "P228729.7",
                  "n": "4'",
                  "label": "o? 4'"
                },
                {
                  "node": "l",
                  "frag": "[...]",
                  "id": "P228729.l15e2b",
                  "ref": "P228729.7.1",
                  "inst": "%sux:x=",
                  "f": {
                    "lang": "sux",
                    "form": "x",
                    "delim": " ",
                    "gdl": [
                      {
                        "x": "ellipsis",
                        "id": "P228729.7.1.0",
                        "breakStart": "1",
                        "break": "missing",
                        "o": "]",
                        "breakEnd": "P228729.7.1.0"
                      }
                    ]
                  }
                },
                {
                  "node": "l",
                  "frag": "bad₃",
                  "id": "P228729.l15e2c",
                  "ref": "P228729.7.2",
                  "inst": "%sux:bad₃=",
                  "f": {
                    "lang": "sux",
                    "form": "bad₃",
                    "gdl": [
                      {
                        "v": "bad₃",
                        "id": "P228729.7.2.0"
                      }
                    ]
                  }
                },
                {
                  "node": "d",
                  "type": "line-start",
                  "ref": "P228729.8",
                  "n": "5'",
                  "label": "o? 5'"
                },
                {
                  "node": "l",
                  "frag": "iri",
                  "id": "P228729.l15e2d",
                  "ref": "P228729.8.1",
                  "inst": "%sux:iri=",
                  "f": {
                    "lang": "sux",
                    "form": "iri",
                    "gdl": [
                      {
                        "v": "iri",
                        "id": "P228729.8.1.0"
                      }
                    ]
                  }
                },
                {
                  "node": "d",
                  "type": "line-start",
                  "ref": "P228729.9",
                  "n": "6'",
                  "label": "o? 6'"
                },
                {
                  "node": "l",
                  "frag": "[...]-gana₂",
                  "id": "P228729.l15e2e",
                  "ref": "P228729.9.1",
                  "inst": "%sux:x-gana₂=",
                  "f": {
                    "lang": "sux",
                    "form": "x-gana₂",
                    "gdl": [
                      {
                        "x": "ellipsis",
                        "id": "P228729.9.1.0",
                        "breakStart": "1",
                        "break": "missing",
                        "o": "]",
                        "breakEnd": "P228729.9.1.0",
                        "delim": "-"
                      },
                      {
                        "v": "gana₂",
                        "id": "P228729.9.1.1"
                      }
                    ]
                  }
                },
                {
                  "node": "d",
                  "type": "line-start",
                  "ref": "P228729.10",
                  "n": "7'",
                  "label": "o? 7'"
                },
                {
                  "node": "l",
                  "frag": "[...]-lam-ŋar",
                  "id": "P228729.l15e2f",
                  "ref": "P228729.10.1",
                  "inst": "%sux:x-lam-ŋar=",
                  "f": {
                    "lang": "sux",
                    "form": "x-lam-ŋar",
                    "gdl": [
                      {
                        "x": "ellipsis",
                        "id": "P228729.10.1.0",
                        "breakStart": "1",
                        "break": "missing",
                        "o": "]",
                        "breakEnd": "P228729.10.1.0",
                        "delim": "-"
                      },
                      {
                        "v": "lam",
                        "id": "P228729.10.1.1",
                        "delim": "-"
                      },
                      {
                        "v": "ŋar",
                        "id": "P228729.10.1.2"
                      }
                    ]
                  }
                },
                {
                  "node": "d",
                  "type": "line-start",
                  "ref": "P228729.11",
                  "n": "8'",
                  "label": "o? 8'"
                },
                {
                  "node": "l",
                  "frag": "[...]-us₂-sa",
                  "id": "P228729.l15e30",
                  "ref": "P228729.11.1",
                  "inst": "%sux:x-us₂-sa=",
                  "f": {
                    "lang": "sux",
                    "form": "x-us₂-sa",
                    "gdl": [
                      {
                        "x": "ellipsis",
                        "id": "P228729.11.1.0",
                        "breakStart": "1",
                        "break": "missing",
                        "o": "]",
                        "breakEnd": "P228729.11.1.0",
                        "delim": "-"
                      },
                      {
                        "v": "us₂",
                        "id": "P228729.11.1.1",
                        "delim": "-"
                      },
                      {
                        "v": "sa",
                        "id": "P228729.11.1.2"
                      }
                    ]
                  }
                },
                {
                  "node": "d",
                  "type": "line-start",
                  "ref": "P228729.12",
                  "n": "9'",
                  "label": "o? 9'"
                },
                {
                  "node": "l",
                  "frag": "[...]-sa",
                  "id": "P228729.l15e31",
                  "ref": "P228729.12.1",
                  "inst": "%sux:x-sa=",
                  "f": {
                    "lang": "sux",
                    "form": "x-sa",
                    "gdl": [
                      {
                        "x": "ellipsis",
                        "id": "P228729.12.1.0",
                        "breakStart": "1",
                        "break": "missing",
                        "o": "]",
                        "breakEnd": "P228729.12.1.0",
                        "delim": "-"
                      },
                      {
                        "v": "sa",
                        "id": "P228729.12.1.1"
                      }
                    ]
                  }
                },
                {
                  "node": "d",
                  "type": "line-start",
                  "ref": "P228729.13",
                  "n": "10'",
                  "label": "o? 10'"
                },
                {
                  "node": "l",
                  "frag": "[...]",
                  "id": "P228729.l15e32",
                  "ref": "P228729.13.1",
                  "inst": "%sux:x=",
                  "f": {
                    "lang": "sux",
                    "form": "x",
                    "gdl": [
                      {
                        "x": "ellipsis",
                        "id": "P228729.13.1.0",
                        "breakStart": "1",
                        "break": "missing",
                        "o": "]",
                        "breakEnd": "P228729.13.1.0"
                      }
                    ]
                  }
                },
                {
                  "node": "d",
                  "type": "nonx",
                  "ref": "P228729.14",
                  "strict": "1",
                  "extent": "n",
                  "scope": "line",
                  "state": "missing"
                }
              ]
            }
          ]
        }
      ]
    }
  ]
}
