{
  "type": "cdl",
  "project": "dcclt",
  "source": "http://oracc.org/dcclt",
  "license": "This data is released under the CC0 license",
  "license-url": "https://creativecommons.org/publicdomain/zero/1.0/",
  "more-info": "http://oracc.org/doc/opendata/",
  "UTC-timestamp": "2017-06-21T22:05:50",
  "textid": "P228001",
  "cdl": [
    {
      "node": "c",
      "type": "text",
      "id": "P228001.U0",
      "cdl": [
        {
          "node": "d",
          "subtype": "tablet",
          "type": "tablet",
          "ref": "P228001.x853.1",
          "label": "x853"
        },
        {
          "node": "d",
          "subtype": "reverse",
          "type": "reverse",
          "ref": "P228001.r.2",
          "label": "r"
        },
        {
          "node": "d",
          "subtype": "column 1r",
          "type": "column",
          "ref": "P228001.r.i.3",
          "n": "1",
          "label": "r i"
        },
        {
          "node": "c",
          "type": "discourse",
          "subtype": "body",
          "id": "P228001.U1",
          "cdl": [
            {
              "node": "c",
              "type": "sentence",
              "id": "P228001.U2",
              "label": "r i 1' - r ii 6'",
              "cdl": [
                {
                  "node": "d",
                  "type": "line-start",
                  "ref": "P228001.4",
                  "n": "1'",
                  "label": "r i 1'"
                },
                {
                  "node": "l",
                  "frag": "udu",
                  "id": "P228001.l2222f",
                  "ref": "P228001.4.1",
                  "inst": "%sux:udu=",
                  "f": {
                    "lang": "sux",
                    "form": "udu",
                    "delim": " ",
                    "gdl": [
                      {
                        "v": "udu",
                        "id": "P228001.4.1.0"
                      }
                    ]
                  }
                },
                {
                  "node": "l",
                  "frag": "a-lum",
                  "id": "P228001.l22230",
                  "ref": "P228001.4.2",
                  "inst": "%sux:a-lum=",
                  "f": {
                    "lang": "sux",
                    "form": "a-lum",
                    "delim": " ",
                    "gdl": [
                      {
                        "v": "a",
                        "id": "P228001.4.2.0",
                        "delim": "-"
                      },
                      {
                        "v": "lum",
                        "id": "P228001.4.2.1"
                      }
                    ]
                  }
                },
                {
                  "node": "l",
                  "frag": "niga",
                  "id": "P228001.l22231",
                  "ref": "P228001.4.3",
                  "inst": "%sux:niga=",
                  "f": {
                    "lang": "sux",
                    "form": "niga",
                    "delim": " ",
                    "gdl": [
                      {
                        "v": "niga",
                        "id": "P228001.4.3.0"
                      }
                    ]
                  }
                },
                {
                  "node": "l",
                  "frag": "sig₅",
                  "id": "P228001.l22232",
                  "ref": "P228001.4.4",
                  "inst": "%sux:sig₅=",
                  "f": {
                    "lang": "sux",
                    "form": "sig₅",
                    "gdl": [
                      {
                        "v": "sig₅",
                        "id": "P228001.4.4.0"
                      }
                    ]
                  }
                },
                {
                  "node": "d",
                  "type": "line-start",
                  "ref": "P228001.5",
                  "n": "2'",
                  "label": "r i 2'"
                },
                {
                  "node": "l",
                  "frag": "udu",
                  "id": "P228001.l22233",
                  "ref": "P228001.5.1",
                  "inst": "%sux:udu=",
                  "f": {
                    "lang": "sux",
                    "form": "udu",
                    "delim": " ",
                    "gdl": [
                      {
                        "v": "udu",
                        "id": "P228001.5.1.0"
                      }
                    ]
                  }
                },
                {
                  "node": "l",
                  "frag": "a-lum",
                  "id": "P228001.l22234",
                  "ref": "P228001.5.2",
                  "inst": "%sux:a-lum=",
                  "f": {
                    "lang": "sux",
                    "form": "a-lum",
                    "delim": " ",
                    "gdl": [
                      {
                        "v": "a",
                        "id": "P228001.5.2.0",
                        "delim": "-"
                      },
                      {
                        "v": "lum",
                        "id": "P228001.5.2.1"
                      }
                    ]
                  }
                },
                {
                  "node": "l",
                  "frag": "gukkal",
                  "id": "P228001.l22235",
                  "ref": "P228001.5.3",
                  "inst": "%sux:gukkal=",
                  "f": {
                    "lang": "sux",
                    "form": "gukkal",
                    "gdl": [
                      {
                        "v": "gukkal",
                        "id": "P228001.5.3.0"
                      }
                    ]
                  }
                },
                {
                  "node": "d",
                  "type": "line-start",
                  "ref": "P228001.6",
                  "n": "3'",
                  "label": "r i 3'"
                },
                {
                  "node": "l",
                  "frag": "udu",
                  "id": "P228001.l22236",
                  "ref": "P228001.6.1",
                  "inst": "%sux:udu=",
                  "f": {
                    "lang": "sux",
                    "form": "udu",
                    "delim": " ",
                    "gdl": [
                      {
                        "v": "udu",
                        "id": "P228001.6.1.0"
                      }
                    ]
                  }
                },
                {
                  "node": "l",
                  "frag": "gukkal",
                  "id": "P228001.l22237",
                  "ref": "P228001.6.2",
                  "inst": "%sux:gukkal=",
                  "f": {
                    "lang": "sux",
                    "form": "gukkal",
                    "gdl": [
                      {
                        "v": "gukkal",
                        "id": "P228001.6.2.0"
                      }
                    ]
                  }
                },
                {
                  "node": "d",
                  "type": "line-start",
                  "ref": "P228001.7",
                  "n": "4'",
                  "label": "r i 4'"
                },
                {
                  "node": "l",
                  "frag": "udu",
                  "id": "P228001.l22238",
                  "ref": "P228001.7.1",
                  "inst": "%sux:udu=",
                  "f": {
                    "lang": "sux",
                    "form": "udu",
                    "delim": " ",
                    "gdl": [
                      {
                        "v": "udu",
                        "id": "P228001.7.1.0"
                      }
                    ]
                  }
                },
                {
                  "node": "l",
                  "frag": "gukkal",
                  "id": "P228001.l22239",
                  "ref": "P228001.7.2",
                  "inst": "%sux:gukkal=",
                  "f": {
                    "lang": "sux",
                    "form": "gukkal",
                    "delim": " ",
                    "gdl": [
                      {
                        "v": "gukkal",
                        "id": "P228001.7.2.0"
                      }
                    ]
                  }
                },
                {
                  "node": "l",
                  "frag": "niga",
                  "id": "P228001.l2223a",
                  "ref": "P228001.7.3",
                  "inst": "%sux:niga=",
                  "f": {
                    "lang": "sux",
                    "form": "niga",
                    "gdl": [
                      {
                        "v": "niga",
                        "id": "P228001.7.3.0"
                      }
                    ]
                  }
                },
                {
                  "node": "d",
                  "type": "line-start",
                  "ref": "P228001.8",
                  "n": "5'",
                  "label": "r i 5'"
                },
                {
                  "node": "l",
                  "frag": "udu",
                  "id": "P228001.l2223b",
                  "ref": "P228001.8.1",
                  "inst": "%sux:udu=",
                  "f": {
                    "lang": "sux",
                    "form": "udu",
                    "delim": " ",
                    "gdl": [
                      {
                        "v": "udu",
                        "id": "P228001.8.1.0"
                      }
                    ]
                  }
                },
                {
                  "node": "l",
                  "frag": "gukkal",
                  "id": "P228001.l2223c",
                  "ref": "P228001.8.2",
                  "inst": "%sux:gukkal=",
                  "f": {
                    "lang": "sux",
                    "form": "gukkal",
                    "delim": " ",
                    "gdl": [
                      {
                        "v": "gukkal",
                        "id": "P228001.8.2.0"
                      }
                    ]
                  }
                },
                {
                  "node": "l",
                  "frag": "niga",
                  "id": "P228001.l2223d",
                  "ref": "P228001.8.3",
                  "inst": "%sux:niga=",
                  "f": {
                    "lang": "sux",
                    "form": "niga",
                    "delim": " ",
                    "gdl": [
                      {
                        "v": "niga",
                        "id": "P228001.8.3.0"
                      }
                    ]
                  }
                },
                {
                  "node": "l",
                  "frag": "sig₅",
                  "id": "P228001.l2223e",
                  "ref": "P228001.8.4",
                  "inst": "%sux:sig₅=",
                  "f": {
                    "lang": "sux",
                    "form": "sig₅",
                    "gdl": [
                      {
                        "v": "sig₅",
                        "id": "P228001.8.4.0"
                      }
                    ]
                  }
                },
                {
                  "node": "d",
                  "type": "line-start",
                  "ref": "P228001.9",
                  "n": "6'",
                  "label": "r i 6'"
                },
                {
                  "node": "l",
                  "frag": "udu",
                  "id": "P228001.l2223f",
                  "ref": "P228001.9.1",
                  "inst": "%sux:udu=",
                  "f": {
                    "lang": "sux",
                    "form": "udu",
                    "delim": " ",
                    "gdl": [
                      {
                        "v": "udu",
                        "id": "P228001.9.1.0"
                      }
                    ]
                  }
                },
                {
                  "node": "l",
                  "frag": "gukkal",
                  "id": "P228001.l22240",
                  "ref": "P228001.9.2",
                  "inst": "%sux:gukkal=",
                  "f": {
                    "lang": "sux",
                    "form": "gukkal",
                    "delim": " ",
                    "gdl": [
                      {
                        "v": "gukkal",
                        "id": "P228001.9.2.0"
                      }
                    ]
                  }
                },
                {
                  "node": "l",
                  "frag": "TUM",
                  "id": "P228001.l22241",
                  "ref": "P228001.9.3",
                  "inst": "%sux:TUM=",
                  "f": {
                    "lang": "sux",
                    "form": "TUM",
                    "delim": " ",
                    "gdl": [
                      {
                        "s": "TUM",
                        "id": "P228001.9.3.0"
                      }
                    ]
                  }
                },
                {
                  "node": "l",
                  "frag": "la₂-e",
                  "id": "P228001.l22242",
                  "ref": "P228001.9.4",
                  "inst": "%sux:la₂-e=",
                  "f": {
                    "lang": "sux",
                    "form": "la₂-e",
                    "gdl": [
                      {
                        "v": "la₂",
                        "id": "P228001.9.4.0",
                        "delim": "-"
                      },
                      {
                        "v": "e",
                        "id": "P228001.9.4.1"
                      }
                    ]
                  }
                },
                {
                  "node": "d",
                  "type": "line-start",
                  "ref": "P228001.10",
                  "n": "7'",
                  "label": "r i 7'"
                },
                {
                  "node": "l",
                  "frag": "udu",
                  "id": "P228001.l22243",
                  "ref": "P228001.10.1",
                  "inst": "%sux:udu=",
                  "f": {
                    "lang": "sux",
                    "form": "udu",
                    "delim": " ",
                    "gdl": [
                      {
                        "v": "udu",
                        "id": "P228001.10.1.0"
                      }
                    ]
                  }
                },
                {
                  "node": "l",
                  "frag": "TU",
                  "id": "P228001.l22244",
                  "ref": "P228001.10.2",
                  "inst": "%sux:TU=",
                  "f": {
                    "lang": "sux",
                    "form": "TU",
                    "gdl": [
                      {
                        "s": "TU",
                        "id": "P228001.10.2.0"
                      }
                    ]
                  }
                },
                {
                  "node": "d",
                  "subtype": "column 2r",
                  "type": "column",
                  "ref": "P228001.r.ii.11",
                  "n": "2",
                  "label": "r ii"
                },
                {
                  "node": "d",
                  "type": "line-start",
                  "ref": "P228001.12",
                  "n": "1'",
                  "label": "r ii 1'"
                },
                {
                  "node": "l",
                  "frag": "⸢udu⸣",
                  "id": "P228001.l22245",
                  "ref": "P228001.12.1",
                  "inst": "%sux:udu=",
                  "f": {
                    "lang": "sux",
                    "form": "udu",
                    "delim": " ",
                    "gdl": [
                      {
                        "v": "udu",
                        "id": "P228001.12.1.0",
                        "break": "damaged",
                        "ho": "1",
                        "hc": "1"
                      }
                    ]
                  }
                },
                {
                  "node": "l",
                  "frag": "[...]",
                  "id": "P228001.l22246",
                  "ref": "P228001.12.2",
                  "inst": "%sux:x=",
                  "f": {
                    "lang": "sux",
                    "form": "x",
                    "gdl": [
                      {
                        "x": "ellipsis",
                        "id": "P228001.12.2.0",
                        "breakStart": "1",
                        "break": "missing",
                        "o": "]",
                        "breakEnd": "P228001.12.2.0"
                      }
                    ]
                  }
                },
                {
                  "node": "d",
                  "type": "line-start",
                  "ref": "P228001.13",
                  "n": "2'",
                  "label": "r ii 2'"
                },
                {
                  "node": "l",
                  "frag": "udu",
                  "id": "P228001.l22247",
                  "ref": "P228001.13.1",
                  "inst": "%sux:udu=",
                  "f": {
                    "lang": "sux",
                    "form": "udu",
                    "delim": " ",
                    "gdl": [
                      {
                        "v": "udu",
                        "id": "P228001.13.1.0"
                      }
                    ]
                  }
                },
                {
                  "node": "l",
                  "frag": "nim-nim",
                  "id": "P228001.l22248",
                  "ref": "P228001.13.2",
                  "inst": "%sux:nim-nim=",
                  "f": {
                    "lang": "sux",
                    "form": "nim-nim",
                    "gdl": [
                      {
                        "v": "nim",
                        "id": "P228001.13.2.0",
                        "delim": "-"
                      },
                      {
                        "v": "nim",
                        "id": "P228001.13.2.1"
                      }
                    ]
                  }
                },
                {
                  "node": "d",
                  "type": "line-start",
                  "ref": "P228001.14",
                  "n": "3'",
                  "label": "r ii 3'"
                },
                {
                  "node": "l",
                  "frag": "udu",
                  "id": "P228001.l22249",
                  "ref": "P228001.14.1",
                  "inst": "%sux:udu=",
                  "f": {
                    "lang": "sux",
                    "form": "udu",
                    "delim": " ",
                    "gdl": [
                      {
                        "v": "udu",
                        "id": "P228001.14.1.0"
                      }
                    ]
                  }
                },
                {
                  "node": "l",
                  "frag": "saŋ",
                  "id": "P228001.l2224a",
                  "ref": "P228001.14.2",
                  "inst": "%sux:saŋ=",
                  "f": {
                    "lang": "sux",
                    "form": "saŋ",
                    "delim": " ",
                    "gdl": [
                      {
                        "v": "saŋ",
                        "id": "P228001.14.2.0"
                      }
                    ]
                  }
                },
                {
                  "node": "l",
                  "frag": "nim-nim",
                  "id": "P228001.l2224b",
                  "ref": "P228001.14.3",
                  "inst": "%sux:nim-nim=",
                  "f": {
                    "lang": "sux",
                    "form": "nim-nim",
                    "gdl": [
                      {
                        "v": "nim",
                        "id": "P228001.14.3.0",
                        "delim": "-"
                      },
                      {
                        "v": "nim",
                        "id": "P228001.14.3.1"
                      }
                    ]
                  }
                },
                {
                  "node": "d",
                  "type": "line-start",
                  "ref": "P228001.15",
                  "n": "4'",
                  "label": "r ii 4'"
                },
                {
                  "node": "l",
                  "frag": "udu",
                  "id": "P228001.l2224c",
                  "ref": "P228001.15.1",
                  "inst": "%sux:udu=",
                  "f": {
                    "lang": "sux",
                    "form": "udu",
                    "delim": " ",
                    "gdl": [
                      {
                        "v": "udu",
                        "id": "P228001.15.1.0"
                      }
                    ]
                  }
                },
                {
                  "node": "l",
                  "frag": "sa-ad",
                  "id": "P228001.l2224d",
                  "ref": "P228001.15.2",
                  "inst": "%sux:sa-ad=",
                  "f": {
                    "lang": "sux",
                    "form": "sa-ad",
                    "delim": " ",
                    "gdl": [
                      {
                        "v": "sa",
                        "id": "P228001.15.2.0",
                        "delim": "-"
                      },
                      {
                        "v": "ad",
                        "id": "P228001.15.2.1"
                      }
                    ]
                  }
                },
                {
                  "node": "l",
                  "frag": "gal",
                  "id": "P228001.l2224e",
                  "ref": "P228001.15.3",
                  "inst": "%sux:gal=",
                  "f": {
                    "lang": "sux",
                    "form": "gal",
                    "gdl": [
                      {
                        "v": "gal",
                        "id": "P228001.15.3.0"
                      }
                    ]
                  }
                },
                {
                  "node": "d",
                  "type": "line-start",
                  "ref": "P228001.16",
                  "n": "5'",
                  "label": "r ii 5'"
                },
                {
                  "node": "l",
                  "frag": "udu",
                  "id": "P228001.l2224f",
                  "ref": "P228001.16.1",
                  "inst": "%sux:udu=",
                  "f": {
                    "lang": "sux",
                    "form": "udu",
                    "delim": " ",
                    "gdl": [
                      {
                        "v": "udu",
                        "id": "P228001.16.1.0"
                      }
                    ]
                  }
                },
                {
                  "node": "l",
                  "frag": "si",
                  "id": "P228001.l22250",
                  "ref": "P228001.16.2",
                  "inst": "%sux:si=",
                  "f": {
                    "lang": "sux",
                    "form": "si",
                    "delim": " ",
                    "gdl": [
                      {
                        "v": "si",
                        "id": "P228001.16.2.0"
                      }
                    ]
                  }
                },
                {
                  "node": "l",
                  "frag": "il-la₂",
                  "id": "P228001.l22251",
                  "ref": "P228001.16.3",
                  "inst": "%sux:il-la₂=",
                  "f": {
                    "lang": "sux",
                    "form": "il-la₂",
                    "gdl": [
                      {
                        "v": "il",
                        "id": "P228001.16.3.0",
                        "delim": "-"
                      },
                      {
                        "v": "la₂",
                        "id": "P228001.16.3.1"
                      }
                    ]
                  }
                },
                {
                  "node": "d",
                  "type": "line-start",
                  "ref": "P228001.17",
                  "n": "6'",
                  "label": "r ii 6'"
                },
                {
                  "node": "l",
                  "frag": "udu",
                  "id": "P228001.l22252",
                  "ref": "P228001.17.1",
                  "inst": "%sux:udu=",
                  "f": {
                    "lang": "sux",
                    "form": "udu",
                    "delim": " ",
                    "gdl": [
                      {
                        "v": "udu",
                        "id": "P228001.17.1.0"
                      }
                    ]
                  }
                },
                {
                  "node": "l",
                  "frag": "⸢si⸣",
                  "id": "P228001.l22253",
                  "ref": "P228001.17.2",
                  "inst": "%sux:si=",
                  "f": {
                    "lang": "sux",
                    "form": "si",
                    "delim": " ",
                    "gdl": [
                      {
                        "v": "si",
                        "id": "P228001.17.2.0",
                        "break": "damaged",
                        "ho": "1",
                        "hc": "1"
                      }
                    ]
                  }
                },
                {
                  "node": "l",
                  "frag": "min",
                  "id": "P228001.l22254",
                  "ref": "P228001.17.3",
                  "inst": "%sux:min=",
                  "f": {
                    "lang": "sux",
                    "form": "min",
                    "delim": " ",
                    "gdl": [
                      {
                        "v": "min",
                        "id": "P228001.17.3.0"
                      }
                    ]
                  }
                },
                {
                  "node": "l",
                  "frag": "la₂",
                  "id": "P228001.l22255",
                  "ref": "P228001.17.4",
                  "inst": "%sux:la₂=",
                  "f": {
                    "lang": "sux",
                    "form": "la₂",
                    "gdl": [
                      {
                        "v": "la₂",
                        "id": "P228001.17.4.0"
                      }
                    ]
                  }
                }
              ]
            }
          ]
        }
      ]
    }
  ]
}
