{
  "type": "cdl",
  "project": "dcclt",
  "source": "http://oracc.org/dcclt",
  "license": "This data is released under the CC0 license",
  "license-url": "https://creativecommons.org/publicdomain/zero/1.0/",
  "more-info": "http://oracc.org/doc/opendata/",
  "UTC-timestamp": "2017-06-21T22:06:24",
  "textid": "P228687",
  "cdl": [
    {
      "node": "c",
      "type": "text",
      "id": "P228687.U0",
      "cdl": [
        {
          "node": "d",
          "type": "object",
          "ref": ""
        },
        {
          "node": "d",
          "subtype": "obverse?",
          "type": "obverse",
          "ref": "P228687.o_.1",
          "queried": "1",
          "label": "o?"
        },
        {
          "node": "d",
          "type": "nonx",
          "ref": "P228687.2",
          "strict": "1",
          "extent": "n",
          "scope": "line",
          "state": "missing"
        },
        {
          "node": "d",
          "type": "nonx",
          "ref": "P228687.3",
          "strict": "1",
          "extent": "n",
          "scope": "line",
          "state": "traces"
        },
        {
          "node": "c",
          "type": "discourse",
          "subtype": "body",
          "id": "P228687.U1",
          "cdl": [
            {
              "node": "c",
              "type": "sentence",
              "id": "P228687.U2",
              "label": "o? 2' - o? 16'",
              "cdl": [
                {
                  "node": "d",
                  "type": "line-start",
                  "ref": "P228687.4",
                  "n": "2'",
                  "label": "o? 2'"
                },
                {
                  "node": "l",
                  "frag": "ugula-x",
                  "id": "P228687.l13896",
                  "ref": "P228687.4.1",
                  "inst": "%sux:ugula-x=",
                  "f": {
                    "lang": "sux",
                    "form": "ugula-x",
                    "delim": " ",
                    "gdl": [
                      {
                        "v": "ugula",
                        "id": "P228687.4.1.0",
                        "delim": "-"
                      },
                      {
                        "v": "x",
                        "id": "P228687.4.1.1"
                      }
                    ]
                  }
                },
                {
                  "node": "l",
                  "frag": "[...]",
                  "id": "P228687.l13897",
                  "ref": "P228687.4.2",
                  "inst": "%sux:x=",
                  "f": {
                    "lang": "sux",
                    "form": "x",
                    "gdl": [
                      {
                        "x": "ellipsis",
                        "id": "P228687.4.2.0",
                        "breakStart": "1",
                        "break": "missing",
                        "o": "]",
                        "breakEnd": "P228687.4.2.0"
                      }
                    ]
                  }
                },
                {
                  "node": "d",
                  "type": "line-start",
                  "ref": "P228687.5",
                  "n": "3'",
                  "label": "o? 3'"
                },
                {
                  "node": "l",
                  "frag": "⸢ugula-suhur⸣",
                  "id": "P228687.l13898",
                  "ref": "P228687.5.1",
                  "inst": "%sux:ugula-suhur=",
                  "f": {
                    "lang": "sux",
                    "form": "ugula-suhur",
                    "delim": " ",
                    "gdl": [
                      {
                        "v": "ugula",
                        "id": "P228687.5.1.0",
                        "break": "damaged",
                        "ho": "1",
                        "delim": "-"
                      },
                      {
                        "v": "suhur",
                        "id": "P228687.5.1.1",
                        "break": "damaged",
                        "queried": "1",
                        "hc": "1"
                      }
                    ]
                  }
                },
                {
                  "node": "l",
                  "frag": "[...]",
                  "id": "P228687.l13899",
                  "ref": "P228687.5.2",
                  "inst": "%sux:x=",
                  "f": {
                    "lang": "sux",
                    "form": "x",
                    "gdl": [
                      {
                        "x": "ellipsis",
                        "id": "P228687.5.2.0",
                        "breakStart": "1",
                        "break": "missing",
                        "o": "]",
                        "breakEnd": "P228687.5.2.0"
                      }
                    ]
                  }
                },
                {
                  "node": "d",
                  "type": "line-start",
                  "ref": "P228687.6",
                  "n": "4'",
                  "label": "o? 4'"
                },
                {
                  "node": "l",
                  "frag": "ugula-[...]",
                  "id": "P228687.l1389a",
                  "ref": "P228687.6.1",
                  "inst": "%sux:ugula-x=",
                  "f": {
                    "lang": "sux",
                    "form": "ugula-x",
                    "gdl": [
                      {
                        "v": "ugula",
                        "id": "P228687.6.1.0",
                        "delim": "-"
                      },
                      {
                        "x": "ellipsis",
                        "id": "P228687.6.1.1",
                        "breakStart": "1",
                        "break": "missing",
                        "o": "]",
                        "breakEnd": "P228687.6.1.1"
                      }
                    ]
                  }
                },
                {
                  "node": "d",
                  "type": "line-start",
                  "ref": "P228687.7",
                  "n": "5'",
                  "label": "o? 5'"
                },
                {
                  "node": "l",
                  "frag": "ugula-lukur-[ra]",
                  "id": "P228687.l1389b",
                  "ref": "P228687.7.1",
                  "inst": "%sux:ugula-lukur-ra=",
                  "f": {
                    "lang": "sux",
                    "form": "ugula-lukur-ra",
                    "gdl": [
                      {
                        "v": "ugula",
                        "id": "P228687.7.1.0",
                        "delim": "-"
                      },
                      {
                        "v": "lukur",
                        "id": "P228687.7.1.1",
                        "delim": "-"
                      },
                      {
                        "v": "ra",
                        "id": "P228687.7.1.2",
                        "breakStart": "1",
                        "o": "]",
                        "break": "missing",
                        "breakEnd": "P228687.7.1.2"
                      }
                    ]
                  }
                },
                {
                  "node": "d",
                  "type": "line-start",
                  "ref": "P228687.8",
                  "n": "6'",
                  "label": "o? 6'"
                },
                {
                  "node": "l",
                  "frag": "⸢ugula⸣-dag-[gi₄-a]",
                  "id": "P228687.l1389c",
                  "ref": "P228687.8.1",
                  "inst": "%sux:ugula-dag-gi₄-a=",
                  "f": {
                    "lang": "sux",
                    "form": "ugula-dag-gi₄-a",
                    "gdl": [
                      {
                        "v": "ugula",
                        "id": "P228687.8.1.0",
                        "break": "damaged",
                        "ho": "1",
                        "delim": "-",
                        "hc": "1"
                      },
                      {
                        "v": "dag",
                        "id": "P228687.8.1.1",
                        "delim": "-"
                      },
                      {
                        "v": "gi₄",
                        "id": "P228687.8.1.2",
                        "breakStart": "1",
                        "o": "[",
                        "break": "missing",
                        "delim": "-"
                      },
                      {
                        "v": "a",
                        "id": "P228687.8.1.3",
                        "break": "missing",
                        "o": "]",
                        "breakEnd": "P228687.8.1.2"
                      }
                    ]
                  }
                },
                {
                  "node": "d",
                  "type": "line-start",
                  "ref": "P228687.9",
                  "n": "7'",
                  "label": "o? 7'"
                },
                {
                  "node": "l",
                  "frag": "zilulu(|PA.(URU×MIN)|)",
                  "id": "P228687.l1389d",
                  "ref": "P228687.9.1",
                  "inst": "%sux:zilulu(|PA.(URU×MIN)|)=",
                  "f": {
                    "lang": "sux",
                    "form": "zilulu(|PA.(URU×MIN)|)",
                    "gdl": [
                      {
                        "q": "zilulu(|PA.(URU×MIN)|)",
                        "id": "P228687.9.1.0",
                        "break": "damaged",
                        "ho": "1",
                        "hc": "1",
                        "qualified": [
                          {
                            "v": "zilulu"
                          },
                          {
                            "c": "|PA.(URU×MIN)|",
                            "seq": [
                              {
                                "s": "PA"
                              },
                              {
                                "o": "beside"
                              },
                              {
                                "seq": [
                                  {
                                    "s": "URU"
                                  },
                                  {
                                    "o": "containing"
                                  },
                                  {
                                    "s": "MIN"
                                  }
                                ]
                              }
                            ]
                          }
                        ]
                      }
                    ]
                  }
                },
                {
                  "node": "d",
                  "type": "line-start",
                  "ref": "P228687.10",
                  "n": "8'",
                  "label": "o? 8'"
                },
                {
                  "node": "l",
                  "frag": "zilulu-šu-⸢hal⸣-[la-zi-zi]",
                  "id": "P228687.l1389e",
                  "ref": "P228687.10.1",
                  "inst": "%sux:zilulu-šu-hal-la-zi-zi=",
                  "f": {
                    "lang": "sux",
                    "form": "zilulu-šu-hal-la-zi-zi",
                    "gdl": [
                      {
                        "v": "zilulu",
                        "id": "P228687.10.1.0",
                        "delim": "-"
                      },
                      {
                        "v": "šu",
                        "id": "P228687.10.1.1",
                        "delim": "-"
                      },
                      {
                        "v": "hal",
                        "id": "P228687.10.1.2",
                        "break": "damaged",
                        "ho": "1",
                        "delim": "-",
                        "hc": "1"
                      },
                      {
                        "v": "la",
                        "id": "P228687.10.1.3",
                        "breakStart": "1",
                        "o": "[",
                        "break": "missing",
                        "delim": "-"
                      },
                      {
                        "v": "zi",
                        "id": "P228687.10.1.4",
                        "break": "missing",
                        "delim": "-"
                      },
                      {
                        "v": "zi",
                        "id": "P228687.10.1.5",
                        "break": "missing",
                        "o": "]",
                        "breakEnd": "P228687.10.1.3"
                      }
                    ]
                  }
                },
                {
                  "node": "d",
                  "type": "line-start",
                  "ref": "P228687.11",
                  "n": "9'",
                  "label": "o? 9'"
                },
                {
                  "node": "l",
                  "frag": "ŋarza₂(|PA.LUGAL|)",
                  "id": "P228687.l1389f",
                  "ref": "P228687.11.1",
                  "inst": "%sux:ŋarza₂(|PA.LUGAL|)=",
                  "f": {
                    "lang": "sux",
                    "form": "ŋarza₂(|PA.LUGAL|)",
                    "gdl": [
                      {
                        "q": "ŋarza₂(|PA.LUGAL|)",
                        "id": "P228687.11.1.0",
                        "break": "damaged",
                        "ho": "1",
                        "hc": "1",
                        "qualified": [
                          {
                            "v": "ŋarza₂"
                          },
                          {
                            "c": "|PA.LUGAL|",
                            "seq": [
                              {
                                "s": "PA"
                              },
                              {
                                "o": "beside"
                              },
                              {
                                "s": "LUGAL"
                              }
                            ]
                          }
                        ]
                      }
                    ]
                  }
                },
                {
                  "node": "d",
                  "type": "line-start",
                  "ref": "P228687.12",
                  "n": "10'",
                  "label": "o? 10'"
                },
                {
                  "node": "l",
                  "frag": "ŋarza(|PA.AN|)",
                  "id": "P228687.l138a0",
                  "ref": "P228687.12.1",
                  "inst": "%sux:ŋarza(|PA.AN|)=",
                  "f": {
                    "lang": "sux",
                    "form": "ŋarza(|PA.AN|)",
                    "gdl": [
                      {
                        "q": "ŋarza(|PA.AN|)",
                        "id": "P228687.12.1.0",
                        "break": "damaged",
                        "ho": "1",
                        "hc": "1",
                        "qualified": [
                          {
                            "v": "ŋarza"
                          },
                          {
                            "c": "|PA.AN|",
                            "seq": [
                              {
                                "s": "PA"
                              },
                              {
                                "o": "beside"
                              },
                              {
                                "s": "AN"
                              }
                            ]
                          }
                        ]
                      }
                    ]
                  }
                },
                {
                  "node": "d",
                  "type": "line-start",
                  "ref": "P228687.13",
                  "n": "11'",
                  "label": "o? 11'"
                },
                {
                  "node": "l",
                  "frag": "biluda(|PA.AN|)",
                  "id": "P228687.l138a1",
                  "ref": "P228687.13.1",
                  "inst": "%sux:biluda(|PA.AN|)=",
                  "f": {
                    "lang": "sux",
                    "form": "biluda(|PA.AN|)",
                    "gdl": [
                      {
                        "q": "biluda(|PA.AN|)",
                        "id": "P228687.13.1.0",
                        "break": "damaged",
                        "ho": "1",
                        "hc": "1",
                        "qualified": [
                          {
                            "v": "biluda"
                          },
                          {
                            "c": "|PA.AN|",
                            "seq": [
                              {
                                "s": "PA"
                              },
                              {
                                "o": "beside"
                              },
                              {
                                "s": "AN"
                              }
                            ]
                          }
                        ]
                      }
                    ]
                  }
                },
                {
                  "node": "d",
                  "type": "line-start",
                  "ref": "P228687.14",
                  "n": "12'",
                  "label": "o? 12'"
                },
                {
                  "node": "l",
                  "frag": "|PA.AN|",
                  "id": "P228687.l138a2",
                  "ref": "P228687.14.1",
                  "inst": "%sux:|PA.AN|=",
                  "f": {
                    "lang": "sux",
                    "form": "|PA.AN|",
                    "gdl": [
                      {
                        "c": "|PA.AN|",
                        "id": "P228687.14.1.0",
                        "break": "damaged",
                        "ho": "1",
                        "hc": "1",
                        "seq": [
                          {
                            "s": "PA"
                          },
                          {
                            "o": "beside"
                          },
                          {
                            "s": "AN"
                          }
                        ]
                      }
                    ]
                  }
                },
                {
                  "node": "d",
                  "type": "line-start",
                  "ref": "P228687.15",
                  "n": "13'",
                  "label": "o? 13'"
                },
                {
                  "node": "l",
                  "frag": "ugula-li-mu-⸢um⸣",
                  "id": "P228687.l138a3",
                  "ref": "P228687.15.1",
                  "inst": "%sux:ugula-li-mu-um=",
                  "f": {
                    "lang": "sux",
                    "form": "ugula-li-mu-um",
                    "gdl": [
                      {
                        "v": "ugula",
                        "id": "P228687.15.1.0",
                        "delim": "-"
                      },
                      {
                        "v": "li",
                        "id": "P228687.15.1.1",
                        "delim": "-"
                      },
                      {
                        "v": "mu",
                        "id": "P228687.15.1.2",
                        "delim": "-"
                      },
                      {
                        "v": "um",
                        "id": "P228687.15.1.3",
                        "break": "damaged",
                        "ho": "1",
                        "hc": "1"
                      }
                    ]
                  }
                },
                {
                  "node": "d",
                  "type": "line-start",
                  "ref": "P228687.16",
                  "n": "14'",
                  "label": "o? 14'"
                },
                {
                  "node": "l",
                  "frag": "ugula-me-⸢at⸣",
                  "id": "P228687.l138a4",
                  "ref": "P228687.16.1",
                  "inst": "%sux:ugula-me-at=",
                  "f": {
                    "lang": "sux",
                    "form": "ugula-me-at",
                    "gdl": [
                      {
                        "v": "ugula",
                        "id": "P228687.16.1.0",
                        "delim": "-"
                      },
                      {
                        "v": "me",
                        "id": "P228687.16.1.1",
                        "delim": "-"
                      },
                      {
                        "v": "at",
                        "id": "P228687.16.1.2",
                        "break": "damaged",
                        "ho": "1",
                        "hc": "1"
                      }
                    ]
                  }
                },
                {
                  "node": "d",
                  "type": "line-start",
                  "ref": "P228687.17",
                  "n": "15'",
                  "label": "o? 15'"
                },
                {
                  "node": "l",
                  "frag": "ugula-nam-6(u)",
                  "id": "P228687.l138a5",
                  "ref": "P228687.17.1",
                  "inst": "%sux:ugula-nam-6(u)=",
                  "f": {
                    "lang": "sux",
                    "form": "ugula-nam-6(u)",
                    "gdl": [
                      {
                        "v": "ugula",
                        "id": "P228687.17.1.0",
                        "delim": "-"
                      },
                      {
                        "v": "nam",
                        "id": "P228687.17.1.1",
                        "delim": "-"
                      },
                      {
                        "n": "n",
                        "form": "6(u)",
                        "id": "P228687.17.1.2",
                        "breakStart": "1",
                        "o": "]",
                        "break": "missing",
                        "breakEnd": "P228687.17.1.2",
                        "seq": [
                          {
                            "r": "6"
                          },
                          {
                            "v": "u"
                          }
                        ]
                      }
                    ]
                  }
                },
                {
                  "node": "d",
                  "type": "line-start",
                  "ref": "P228687.18",
                  "n": "16'",
                  "label": "o? 16'"
                },
                {
                  "node": "l",
                  "frag": "ugula-nam-ninnu",
                  "id": "P228687.l138a6",
                  "ref": "P228687.18.1",
                  "inst": "%sux:ugula-nam-ninnu=",
                  "f": {
                    "lang": "sux",
                    "form": "ugula-nam-ninnu",
                    "gdl": [
                      {
                        "v": "ugula",
                        "id": "P228687.18.1.0",
                        "delim": "-"
                      },
                      {
                        "v": "nam",
                        "id": "P228687.18.1.1",
                        "delim": "-"
                      },
                      {
                        "v": "ninnu",
                        "id": "P228687.18.1.2"
                      }
                    ]
                  }
                }
              ]
            }
          ]
        }
      ]
    }
  ]
}
