{
  "type": "cdl",
  "project": "dcclt",
  "source": "http://oracc.org/dcclt",
  "license": "This data is released under the CC0 license",
  "license-url": "https://creativecommons.org/publicdomain/zero/1.0/",
  "more-info": "http://oracc.org/doc/opendata/",
  "UTC-timestamp": "2017-06-21T22:06:09",
  "textid": "P228387",
  "cdl": [
    {
      "node": "c",
      "type": "text",
      "id": "P228387.U0",
      "cdl": [
        {
          "node": "d",
          "subtype": "tablet",
          "type": "tablet",
          "ref": "P228387.x559.1",
          "label": "x559"
        },
        {
          "node": "d",
          "subtype": "obverse",
          "type": "obverse",
          "ref": "P228387.o.2",
          "label": "o"
        },
        {
          "node": "c",
          "type": "discourse",
          "subtype": "body",
          "id": "P228387.U1",
          "cdl": [
            {
              "node": "c",
              "type": "sentence",
              "id": "P228387.U2",
              "label": "o 1 - r ii 10'",
              "cdl": [
                {
                  "node": "d",
                  "type": "line-start",
                  "ref": "P228387.3",
                  "n": "1",
                  "label": "o 1"
                },
                {
                  "node": "l",
                  "frag": "an",
                  "id": "P228387.l198f5",
                  "ref": "P228387.3.1",
                  "inst": "An[]DN",
                  "sig": "@dcclt%sux:an=An[1//1]DN'DN$An/an#~",
                  "f": {
                    "lang": "sux",
                    "form": "an",
                    "gdl": [
                      {
                        "v": "an",
                        "id": "P228387.3.1.0"
                      }
                    ],
                    "cf": "An",
                    "gw": "1",
                    "sense": "1",
                    "norm0": "An",
                    "pos": "DN",
                    "epos": "DN",
                    "base": "an",
                    "morph": "~"
                  }
                },
                {
                  "node": "d",
                  "type": "line-start",
                  "ref": "P228387.4",
                  "n": "2",
                  "label": "o 2"
                },
                {
                  "node": "l",
                  "frag": "an-tum",
                  "id": "P228387.l198f6",
                  "ref": "P228387.4.1",
                  "inst": "Antu[]DN$",
                  "sig": "@dcclt%sux:an-tum=Antu[1//1]DN'DN$Antu/an-tum#~",
                  "f": {
                    "lang": "sux",
                    "form": "an-tum",
                    "gdl": [
                      {
                        "v": "an",
                        "id": "P228387.4.1.0",
                        "delim": "-"
                      },
                      {
                        "v": "tum",
                        "id": "P228387.4.1.1"
                      }
                    ],
                    "cf": "Antu",
                    "gw": "1",
                    "sense": "1",
                    "norm0": "Antu",
                    "pos": "DN",
                    "epos": "DN",
                    "base": "an-tum",
                    "morph": "~"
                  }
                },
                {
                  "node": "d",
                  "type": "line-start",
                  "ref": "P228387.5",
                  "n": "3",
                  "label": "o 3"
                },
                {
                  "node": "l",
                  "frag": "{d}uraš",
                  "id": "P228387.l198f7",
                  "ref": "P228387.5.1",
                  "inst": "Uraš[]DN",
                  "sig": "@dcclt%sux:{d}uraš=Uraš[1//1]DN'DN$Uraš/{d}uraš#~",
                  "f": {
                    "lang": "sux",
                    "form": "{d}uraš",
                    "gdl": [
                      {
                        "det": "semantic",
                        "pos": "pre",
                        "seq": [
                          {
                            "v": "d",
                            "id": "P228387.5.1.0"
                          }
                        ]
                      },
                      {
                        "v": "uraš",
                        "id": "P228387.5.1.1"
                      }
                    ],
                    "cf": "Uraš",
                    "gw": "1",
                    "sense": "1",
                    "norm0": "Uraš",
                    "pos": "DN",
                    "epos": "DN",
                    "base": "{d}uraš",
                    "morph": "~"
                  }
                },
                {
                  "node": "d",
                  "type": "line-start",
                  "ref": "P228387.6",
                  "n": "4",
                  "label": "o 4"
                },
                {
                  "node": "l",
                  "frag": "{d}en-lil₂",
                  "id": "P228387.l198f8",
                  "ref": "P228387.6.1",
                  "inst": "Enlil[]DN",
                  "sig": "@dcclt%sux:{d}en-lil₂=Enlil[1//1]DN'DN$Enlil/{d}en-lil₂#~",
                  "f": {
                    "lang": "sux",
                    "form": "{d}en-lil₂",
                    "gdl": [
                      {
                        "det": "semantic",
                        "pos": "pre",
                        "seq": [
                          {
                            "v": "d",
                            "id": "P228387.6.1.0"
                          }
                        ]
                      },
                      {
                        "v": "en",
                        "id": "P228387.6.1.1",
                        "delim": "-"
                      },
                      {
                        "v": "lil₂",
                        "id": "P228387.6.1.2"
                      }
                    ],
                    "cf": "Enlil",
                    "gw": "1",
                    "sense": "1",
                    "norm0": "Enlil",
                    "pos": "DN",
                    "epos": "DN",
                    "base": "{d}en-lil₂",
                    "morph": "~"
                  }
                },
                {
                  "node": "d",
                  "type": "line-start",
                  "ref": "P228387.7",
                  "n": "5",
                  "label": "o 5"
                },
                {
                  "node": "l",
                  "frag": "{[d]}⸢nu⸣-nam-nir",
                  "id": "P228387.l198f9",
                  "ref": "P228387.7.1",
                  "inst": "Nunamnir[]DN",
                  "sig": "@dcclt%sux:{d}nu-nam-nir=Nunamnir[1//1]DN'DN$Nunamnir/{d}nu-nam-nir#~",
                  "f": {
                    "lang": "sux",
                    "form": "{d}nu-nam-nir",
                    "gdl": [
                      {
                        "det": "semantic",
                        "pos": "pre",
                        "seq": [
                          {
                            "v": "d",
                            "id": "P228387.7.1.0",
                            "breakStart": "1",
                            "o": "]",
                            "break": "missing",
                            "breakEnd": "P228387.7.1.0"
                          }
                        ]
                      },
                      {
                        "v": "nu",
                        "id": "P228387.7.1.1",
                        "break": "damaged",
                        "ho": "1",
                        "delim": "-",
                        "hc": "1"
                      },
                      {
                        "v": "nam",
                        "id": "P228387.7.1.2",
                        "delim": "-"
                      },
                      {
                        "v": "nir",
                        "id": "P228387.7.1.3"
                      }
                    ],
                    "cf": "Nunamnir",
                    "gw": "1",
                    "sense": "1",
                    "norm0": "Nunamnir",
                    "pos": "DN",
                    "epos": "DN",
                    "base": "{d}nu-nam-nir",
                    "morph": "~"
                  }
                },
                {
                  "node": "d",
                  "type": "line-start",
                  "ref": "P228387.8",
                  "n": "6",
                  "label": "o 6"
                },
                {
                  "node": "l",
                  "frag": "{[d]}nin-lil₂",
                  "id": "P228387.l198fa",
                  "ref": "P228387.8.1",
                  "inst": "Ninlil[]DN",
                  "sig": "@dcclt%sux:{d}nin-lil₂=Ninlil[1//1]DN'DN$Ninlil/{d}nin-lil₂#~",
                  "f": {
                    "lang": "sux",
                    "form": "{d}nin-lil₂",
                    "gdl": [
                      {
                        "det": "semantic",
                        "pos": "pre",
                        "seq": [
                          {
                            "v": "d",
                            "id": "P228387.8.1.0",
                            "breakStart": "1",
                            "o": "]",
                            "break": "missing",
                            "breakEnd": "P228387.8.1.0"
                          }
                        ]
                      },
                      {
                        "v": "nin",
                        "id": "P228387.8.1.1",
                        "delim": "-"
                      },
                      {
                        "v": "lil₂",
                        "id": "P228387.8.1.2"
                      }
                    ],
                    "cf": "Ninlil",
                    "gw": "1",
                    "sense": "1",
                    "norm0": "Ninlil",
                    "pos": "DN",
                    "epos": "DN",
                    "base": "{d}nin-lil₂",
                    "morph": "~"
                  }
                },
                {
                  "node": "d",
                  "type": "line-start",
                  "ref": "P228387.9",
                  "n": "7",
                  "label": "o 7"
                },
                {
                  "node": "l",
                  "frag": "{[d]}⸢šul⸣-pa-e₃",
                  "id": "P228387.l198fb",
                  "ref": "P228387.9.1",
                  "inst": "Šulpae[]DN",
                  "sig": "@dcclt%sux:{d}šul-pa-e₃=Šulpae[1//1]DN'DN$Šulpae/{d}šul-pa-e₃#~",
                  "f": {
                    "lang": "sux",
                    "form": "{d}šul-pa-e₃",
                    "gdl": [
                      {
                        "det": "semantic",
                        "pos": "pre",
                        "seq": [
                          {
                            "v": "d",
                            "id": "P228387.9.1.0",
                            "breakStart": "1",
                            "o": "]",
                            "break": "missing",
                            "breakEnd": "P228387.9.1.0"
                          }
                        ]
                      },
                      {
                        "v": "šul",
                        "id": "P228387.9.1.1",
                        "break": "damaged",
                        "ho": "1",
                        "delim": "-",
                        "hc": "1"
                      },
                      {
                        "v": "pa",
                        "id": "P228387.9.1.2",
                        "delim": "-"
                      },
                      {
                        "v": "e₃",
                        "id": "P228387.9.1.3"
                      }
                    ],
                    "cf": "Šulpae",
                    "gw": "1",
                    "sense": "1",
                    "norm0": "Šulpae",
                    "pos": "DN",
                    "epos": "DN",
                    "base": "{d}šul-pa-e₃",
                    "morph": "~"
                  }
                },
                {
                  "node": "d",
                  "type": "line-start",
                  "ref": "P228387.10",
                  "n": "8",
                  "label": "o 8"
                },
                {
                  "node": "l",
                  "frag": "{[d]}⸢nin⸣-[hur]-⸢saŋ-ŋa₂⸣",
                  "id": "P228387.l198fc",
                  "ref": "P228387.10.1",
                  "inst": "Ninhursaŋak[]DN",
                  "sig": "@dcclt%sux:{d}nin-hur-saŋ-ŋa₂=Ninhursaŋak[1//1]DN'DN$Ninhursaŋak,ŋu.ak/{d}nin-hur-saŋ#~,ŋu.ak",
                  "f": {
                    "lang": "sux",
                    "form": "{d}nin-hur-saŋ-ŋa₂",
                    "gdl": [
                      {
                        "det": "semantic",
                        "pos": "pre",
                        "seq": [
                          {
                            "v": "d",
                            "id": "P228387.10.1.0",
                            "breakStart": "1",
                            "o": "]",
                            "break": "missing",
                            "breakEnd": "P228387.10.1.0"
                          }
                        ]
                      },
                      {
                        "v": "nin",
                        "id": "P228387.10.1.1",
                        "break": "damaged",
                        "ho": "1",
                        "delim": "-",
                        "hc": "1"
                      },
                      {
                        "v": "hur",
                        "id": "P228387.10.1.2",
                        "breakStart": "1",
                        "o": "]",
                        "break": "missing",
                        "breakEnd": "P228387.10.1.2",
                        "delim": "-"
                      },
                      {
                        "v": "saŋ",
                        "id": "P228387.10.1.3",
                        "break": "damaged",
                        "ho": "1",
                        "delim": "-"
                      },
                      {
                        "v": "ŋa₂",
                        "id": "P228387.10.1.4",
                        "break": "damaged",
                        "hc": "1"
                      }
                    ],
                    "cf": "Ninhursaŋak",
                    "gw": "1",
                    "sense": "1",
                    "norm0": "Ninhursaŋak,ŋu.ak",
                    "pos": "DN",
                    "epos": "DN",
                    "base": "{d}nin-hur-saŋ",
                    "morph": "~,ŋu.ak"
                  }
                },
                {
                  "node": "d",
                  "type": "line-start",
                  "ref": "P228387.11",
                  "n": "9",
                  "label": "o 9"
                },
                {
                  "node": "l",
                  "frag": "{[d]}nin-diŋir-⸢re⸣-[e-ne]",
                  "id": "P228387.l198fd",
                  "ref": "P228387.11.1",
                  "inst": "Nindiŋirenek[]DN",
                  "sig": "@dcclt%sux:{d}nin-diŋir-re-e-ne=Nindiŋirenek[1//1]DN'DN$Nindiŋirenek/{d}nin-diŋir-re-e-ne#~",
                  "f": {
                    "lang": "sux",
                    "form": "{d}nin-diŋir-re-e-ne",
                    "gdl": [
                      {
                        "det": "semantic",
                        "pos": "pre",
                        "seq": [
                          {
                            "v": "d",
                            "id": "P228387.11.1.0",
                            "breakStart": "1",
                            "o": "]",
                            "break": "missing",
                            "breakEnd": "P228387.11.1.0"
                          }
                        ]
                      },
                      {
                        "v": "nin",
                        "id": "P228387.11.1.1",
                        "delim": "-"
                      },
                      {
                        "v": "diŋir",
                        "id": "P228387.11.1.2",
                        "delim": "-"
                      },
                      {
                        "v": "re",
                        "id": "P228387.11.1.3",
                        "break": "damaged",
                        "ho": "1",
                        "delim": "-",
                        "hc": "1"
                      },
                      {
                        "v": "e",
                        "id": "P228387.11.1.4",
                        "breakStart": "1",
                        "o": "[",
                        "break": "missing",
                        "delim": "-"
                      },
                      {
                        "v": "ne",
                        "id": "P228387.11.1.5",
                        "break": "missing",
                        "o": "]",
                        "breakEnd": "P228387.11.1.4"
                      }
                    ],
                    "cf": "Nindiŋirenek",
                    "gw": "1",
                    "sense": "1",
                    "norm0": "Nindiŋirenek",
                    "pos": "DN",
                    "epos": "DN",
                    "base": "{d}nin-diŋir-re-e-ne",
                    "morph": "~"
                  }
                },
                {
                  "node": "d",
                  "subtype": "reverse",
                  "type": "reverse",
                  "ref": "P228387.r.12",
                  "label": "r"
                },
                {
                  "node": "d",
                  "subtype": "column 1r",
                  "type": "column",
                  "ref": "P228387.r.i.13",
                  "n": "1",
                  "label": "r i"
                },
                {
                  "node": "d",
                  "type": "line-start",
                  "ref": "P228387.14",
                  "n": "1'",
                  "label": "r i 1'"
                },
                {
                  "node": "l",
                  "frag": "zag-[...]",
                  "id": "P228387.l198fe",
                  "ref": "P228387.14.1",
                  "inst": "u",
                  "f": {
                    "lang": "sux",
                    "form": "zag-x",
                    "gdl": [
                      {
                        "v": "zag",
                        "id": "P228387.14.1.0",
                        "delim": "-"
                      },
                      {
                        "x": "ellipsis",
                        "id": "P228387.14.1.1",
                        "breakStart": "1",
                        "break": "missing",
                        "o": "]",
                        "breakEnd": "P228387.14.1.1"
                      }
                    ],
                    "pos": "u"
                  }
                },
                {
                  "node": "d",
                  "type": "line-start",
                  "ref": "P228387.15",
                  "n": "2'",
                  "label": "r i 2'"
                },
                {
                  "node": "l",
                  "frag": "burudₓ(U)",
                  "id": "P228387.l198ff",
                  "ref": "P228387.15.1",
                  "inst": "burud[perforate]",
                  "sig": "@dcclt%sux:burudₓ(U)=burud[perforate//perforate]V/t'V/t$burud/burudₓ(U)#~",
                  "f": {
                    "lang": "sux",
                    "form": "burudₓ(U)",
                    "delim": " ",
                    "gdl": [
                      {
                        "q": "burudₓ(U)",
                        "id": "P228387.15.1.0",
                        "qualified": [
                          {
                            "v": "burudₓ"
                          },
                          {
                            "s": "U"
                          }
                        ]
                      }
                    ],
                    "cf": "burud",
                    "gw": "perforate",
                    "sense": "perforate",
                    "norm0": "burud",
                    "pos": "V/t",
                    "epos": "V/t",
                    "base": "burudₓ(U)",
                    "morph": "~"
                  }
                },
                {
                  "node": "l",
                  "frag": "zag-[...]",
                  "id": "P228387.l19900",
                  "ref": "P228387.15.2",
                  "inst": "u",
                  "f": {
                    "lang": "sux",
                    "form": "zag-x",
                    "gdl": [
                      {
                        "v": "zag",
                        "id": "P228387.15.2.0",
                        "delim": "-"
                      },
                      {
                        "x": "ellipsis",
                        "id": "P228387.15.2.1",
                        "breakStart": "1",
                        "break": "missing",
                        "o": "]",
                        "breakEnd": "P228387.15.2.1"
                      }
                    ],
                    "pos": "u"
                  }
                },
                {
                  "node": "d",
                  "type": "line-start",
                  "ref": "P228387.16",
                  "n": "3'",
                  "label": "r i 3'"
                },
                {
                  "node": "l",
                  "frag": "sum₄(KA)-[ŋu₁₀]",
                  "id": "P228387.l19901",
                  "ref": "P228387.16.1",
                  "inst": "sum[beard]",
                  "sig": "@dcclt%sux:sum₄-ŋu₁₀=sum[beard//beard]N'N$sum,ŋu/sum₄#~,ŋu",
                  "f": {
                    "lang": "sux",
                    "form": "sum₄-ŋu₁₀",
                    "gdl": [
                      {
                        "gg": "correction",
                        "gdl_type": "correction",
                        "delim": "-",
                        "group": [
                          {
                            "v": "sum₄",
                            "id": "P228387.16.1.0",
                            "gdl_remarked": "1"
                          },
                          {
                            "s": "KA"
                          }
                        ]
                      },
                      {
                        "v": "ŋu₁₀",
                        "id": "P228387.16.1.1",
                        "breakStart": "1",
                        "o": "]",
                        "break": "missing",
                        "breakEnd": "P228387.16.1.1"
                      }
                    ],
                    "cf": "sum",
                    "gw": "beard",
                    "sense": "beard",
                    "norm0": "sum,ŋu",
                    "pos": "N",
                    "epos": "N",
                    "base": "sum₄",
                    "morph": "~,ŋu"
                  }
                },
                {
                  "node": "d",
                  "type": "line-start",
                  "ref": "P228387.17",
                  "n": "4'",
                  "label": "r i 4'"
                },
                {
                  "node": "l",
                  "frag": "sum₄(KA)",
                  "id": "P228387.l19902",
                  "ref": "P228387.17.1",
                  "inst": "sum[beard]",
                  "sig": "@dcclt%sux:sum₄=sum[beard//beard]N'N$sum/sum₄#~",
                  "f": {
                    "lang": "sux",
                    "form": "sum₄",
                    "delim": " ",
                    "gdl": [
                      {
                        "gg": "correction",
                        "gdl_type": "correction",
                        "group": [
                          {
                            "v": "sum₄",
                            "id": "P228387.17.1.0",
                            "gdl_remarked": "1"
                          },
                          {
                            "s": "KA"
                          }
                        ]
                      }
                    ],
                    "cf": "sum",
                    "gw": "beard",
                    "sense": "beard",
                    "norm0": "sum",
                    "pos": "N",
                    "epos": "N",
                    "base": "sum₄",
                    "morph": "~"
                  }
                },
                {
                  "node": "l",
                  "frag": "⸢x⸣-[...]",
                  "id": "P228387.l19903",
                  "ref": "P228387.17.2",
                  "inst": "u",
                  "f": {
                    "lang": "sux",
                    "form": "x-x",
                    "gdl": [
                      {
                        "v": "x",
                        "id": "P228387.17.2.0",
                        "break": "damaged",
                        "ho": "1",
                        "delim": "-",
                        "hc": "1"
                      },
                      {
                        "x": "ellipsis",
                        "id": "P228387.17.2.1",
                        "breakStart": "1",
                        "break": "missing",
                        "o": "]",
                        "breakEnd": "P228387.17.2.1"
                      }
                    ],
                    "pos": "u"
                  }
                },
                {
                  "node": "d",
                  "type": "line-start",
                  "ref": "P228387.18",
                  "n": "5'",
                  "label": "r i 5'"
                },
                {
                  "node": "l",
                  "frag": "sum₄(KA)",
                  "id": "P228387.l19904",
                  "ref": "P228387.18.1",
                  "inst": "sum[beard]",
                  "sig": "@dcclt%sux:sum₄=sum[beard//beard]N'N$sum/sum₄#~",
                  "f": {
                    "lang": "sux",
                    "form": "sum₄",
                    "delim": " ",
                    "gdl": [
                      {
                        "gg": "correction",
                        "gdl_type": "correction",
                        "group": [
                          {
                            "v": "sum₄",
                            "id": "P228387.18.1.0",
                            "gdl_remarked": "1"
                          },
                          {
                            "s": "KA"
                          }
                        ]
                      }
                    ],
                    "cf": "sum",
                    "gw": "beard",
                    "sense": "beard",
                    "norm0": "sum",
                    "pos": "N",
                    "epos": "N",
                    "base": "sum₄",
                    "morph": "~"
                  }
                },
                {
                  "node": "l",
                  "frag": "sur(GAR)-[ŋu₁₀]",
                  "id": "P228387.l19905",
                  "ref": "P228387.18.2",
                  "inst": "sur[half]",
                  "sig": "@dcclt%sux:sur-ŋu₁₀=sur[half//half]N'N$sur,ŋu/sur#~,ŋu",
                  "f": {
                    "lang": "sux",
                    "form": "sur-ŋu₁₀",
                    "gdl": [
                      {
                        "gg": "correction",
                        "gdl_type": "correction",
                        "delim": "-",
                        "group": [
                          {
                            "v": "sur",
                            "id": "P228387.18.2.0",
                            "gdl_remarked": "1"
                          },
                          {
                            "s": "GAR"
                          }
                        ]
                      },
                      {
                        "v": "ŋu₁₀",
                        "id": "P228387.18.2.1",
                        "breakStart": "1",
                        "o": "]",
                        "break": "missing",
                        "breakEnd": "P228387.18.2.1"
                      }
                    ],
                    "cf": "sur",
                    "gw": "half",
                    "sense": "half",
                    "norm0": "sur,ŋu",
                    "pos": "N",
                    "epos": "N",
                    "base": "sur",
                    "morph": "~,ŋu"
                  }
                },
                {
                  "node": "d",
                  "type": "line-start",
                  "ref": "P228387.19",
                  "n": "6'",
                  "label": "r i 6'"
                },
                {
                  "node": "l",
                  "frag": "sum₄(KA)",
                  "id": "P228387.l19906",
                  "ref": "P228387.19.1",
                  "inst": "sum[beard]",
                  "sig": "@dcclt%sux:sum₄=sum[beard//beard]N'N$sum/sum₄#~",
                  "f": {
                    "lang": "sux",
                    "form": "sum₄",
                    "delim": " ",
                    "gdl": [
                      {
                        "gg": "correction",
                        "gdl_type": "correction",
                        "group": [
                          {
                            "v": "sum₄",
                            "id": "P228387.19.1.0",
                            "gdl_remarked": "1"
                          },
                          {
                            "s": "KA"
                          }
                        ]
                      }
                    ],
                    "cf": "sum",
                    "gw": "beard",
                    "sense": "beard",
                    "norm0": "sum",
                    "pos": "N",
                    "epos": "N",
                    "base": "sum₄",
                    "morph": "~"
                  }
                },
                {
                  "node": "l",
                  "frag": "mug-[ŋu₁₀]",
                  "id": "P228387.l19907",
                  "ref": "P228387.19.2",
                  "inst": "mug[wool]",
                  "sig": "@dcclt%sux:mug-ŋu₁₀=mug[wool//low quality wool]N'N$mug,ŋu/mug#~,ŋu",
                  "f": {
                    "lang": "sux",
                    "form": "mug-ŋu₁₀",
                    "gdl": [
                      {
                        "v": "mug",
                        "id": "P228387.19.2.0",
                        "delim": "-"
                      },
                      {
                        "v": "ŋu₁₀",
                        "id": "P228387.19.2.1",
                        "breakStart": "1",
                        "o": "]",
                        "break": "missing",
                        "breakEnd": "P228387.19.2.1"
                      }
                    ],
                    "cf": "mug",
                    "gw": "wool",
                    "sense": "low quality wool",
                    "norm0": "mug,ŋu",
                    "pos": "N",
                    "epos": "N",
                    "base": "mug",
                    "morph": "~,ŋu"
                  }
                },
                {
                  "node": "d",
                  "type": "line-start",
                  "ref": "P228387.20",
                  "n": "7'",
                  "label": "r i 7'"
                },
                {
                  "node": "l",
                  "frag": "sum₄(KA)",
                  "id": "P228387.l19908",
                  "ref": "P228387.20.1",
                  "inst": "sum[beard]",
                  "sig": "@dcclt%sux:sum₄=sum[beard//beard]N'N$sum/sum₄#~",
                  "f": {
                    "lang": "sux",
                    "form": "sum₄",
                    "delim": " ",
                    "gdl": [
                      {
                        "gg": "correction",
                        "gdl_type": "correction",
                        "group": [
                          {
                            "v": "sum₄",
                            "id": "P228387.20.1.0",
                            "gdl_remarked": "1"
                          },
                          {
                            "s": "KA"
                          }
                        ]
                      }
                    ],
                    "cf": "sum",
                    "gw": "beard",
                    "sense": "beard",
                    "norm0": "sum",
                    "pos": "N",
                    "epos": "N",
                    "base": "sum₄",
                    "morph": "~"
                  }
                },
                {
                  "node": "l",
                  "frag": "SAR-[ŋu₁₀]",
                  "id": "P228387.l19909",
                  "ref": "P228387.20.2",
                  "inst": "X",
                  "f": {
                    "lang": "sux",
                    "form": "SAR-ŋu₁₀",
                    "gdl": [
                      {
                        "s": "SAR",
                        "id": "P228387.20.2.0",
                        "delim": "-"
                      },
                      {
                        "v": "ŋu₁₀",
                        "id": "P228387.20.2.1",
                        "breakStart": "1",
                        "o": "]",
                        "break": "missing",
                        "breakEnd": "P228387.20.2.1"
                      }
                    ],
                    "pos": "X"
                  }
                },
                {
                  "node": "d",
                  "type": "line-start",
                  "ref": "P228387.21",
                  "n": "8'",
                  "label": "r i 8'"
                },
                {
                  "node": "l",
                  "frag": "sum₄(KA)",
                  "id": "P228387.l1990a",
                  "ref": "P228387.21.1",
                  "inst": "sum[beard]",
                  "sig": "@dcclt%sux:sum₄=sum[beard//beard]N'N$sum/sum₄#~",
                  "f": {
                    "lang": "sux",
                    "form": "sum₄",
                    "delim": " ",
                    "gdl": [
                      {
                        "gg": "correction",
                        "gdl_type": "correction",
                        "group": [
                          {
                            "v": "sum₄",
                            "id": "P228387.21.1.0",
                            "gdl_remarked": "1"
                          },
                          {
                            "s": "KA"
                          }
                        ]
                      }
                    ],
                    "cf": "sum",
                    "gw": "beard",
                    "sense": "beard",
                    "norm0": "sum",
                    "pos": "N",
                    "epos": "N",
                    "base": "sum₄",
                    "morph": "~"
                  }
                },
                {
                  "node": "l",
                  "frag": "su₃-ud-[ŋu₁₀]",
                  "id": "P228387.l1990b",
                  "ref": "P228387.21.2",
                  "inst": "sud[distant]",
                  "sig": "@dcclt%sux:su₃-ud-ŋu₁₀=sud[distant//(to be) distant]V/i'V/i$sud;*a,ŋu/su₃-ud#~;*a,ŋu",
                  "f": {
                    "lang": "sux",
                    "form": "su₃-ud-ŋu₁₀",
                    "gdl": [
                      {
                        "v": "su₃",
                        "id": "P228387.21.2.0",
                        "delim": "-"
                      },
                      {
                        "v": "ud",
                        "id": "P228387.21.2.1",
                        "delim": "-"
                      },
                      {
                        "v": "ŋu₁₀",
                        "id": "P228387.21.2.2",
                        "breakStart": "1",
                        "o": "]",
                        "break": "missing",
                        "breakEnd": "P228387.21.2.2"
                      }
                    ],
                    "cf": "sud",
                    "gw": "distant",
                    "sense": "(to be) distant",
                    "norm0": "sud;*a,ŋu",
                    "pos": "V/i",
                    "epos": "V/i",
                    "base": "su₃-ud",
                    "morph": "~;*a,ŋu"
                  }
                },
                {
                  "node": "d",
                  "type": "line-start",
                  "ref": "P228387.22",
                  "n": "9'",
                  "label": "r i 9'"
                },
                {
                  "node": "l",
                  "frag": "te-⸢ŋu₁₀⸣",
                  "id": "P228387.l1990c",
                  "ref": "P228387.22.1",
                  "inst": "te[cheek]",
                  "sig": "@dcclt%sux:te-ŋu₁₀=te[cheek//cheek]N'N$te,ŋu/te#~,ŋu",
                  "f": {
                    "lang": "sux",
                    "form": "te-ŋu₁₀",
                    "gdl": [
                      {
                        "v": "te",
                        "id": "P228387.22.1.0",
                        "delim": "-"
                      },
                      {
                        "v": "ŋu₁₀",
                        "id": "P228387.22.1.1",
                        "break": "damaged",
                        "ho": "1",
                        "hc": "1"
                      }
                    ],
                    "cf": "te",
                    "gw": "cheek",
                    "sense": "cheek",
                    "norm0": "te,ŋu",
                    "pos": "N",
                    "epos": "N",
                    "base": "te",
                    "morph": "~,ŋu"
                  }
                },
                {
                  "node": "d",
                  "type": "line-start",
                  "ref": "P228387.23",
                  "n": "10'",
                  "label": "r i 10'"
                },
                {
                  "node": "l",
                  "frag": "⸢te⸣-te-ŋu₁₀",
                  "id": "P228387.l1990d",
                  "ref": "P228387.23.1",
                  "inst": "te[cheek]",
                  "sig": "@dcclt%sux:te-te-ŋu₁₀=te[cheek//cheek]N'N$te,ŋu/te-te#~,ŋu",
                  "f": {
                    "lang": "sux",
                    "form": "te-te-ŋu₁₀",
                    "gdl": [
                      {
                        "v": "te",
                        "id": "P228387.23.1.0",
                        "break": "damaged",
                        "ho": "1",
                        "delim": "-",
                        "hc": "1"
                      },
                      {
                        "v": "te",
                        "id": "P228387.23.1.1",
                        "delim": "-"
                      },
                      {
                        "v": "ŋu₁₀",
                        "id": "P228387.23.1.2"
                      }
                    ],
                    "cf": "te",
                    "gw": "cheek",
                    "sense": "cheek",
                    "norm0": "te,ŋu",
                    "pos": "N",
                    "epos": "N",
                    "base": "te-te",
                    "morph": "~,ŋu"
                  }
                },
                {
                  "node": "d",
                  "subtype": "column 2r",
                  "type": "column",
                  "ref": "P228387.r.ii.24",
                  "n": "2",
                  "label": "r ii"
                },
                {
                  "node": "d",
                  "type": "line-start",
                  "ref": "P228387.25",
                  "n": "1'",
                  "label": "r ii 1'"
                },
                {
                  "node": "l",
                  "frag": "[...]-⸢ŋu₁₀⸣",
                  "id": "P228387.l1990e",
                  "ref": "P228387.25.1",
                  "inst": "u",
                  "f": {
                    "lang": "sux",
                    "form": "x-ŋu₁₀",
                    "gdl": [
                      {
                        "x": "ellipsis",
                        "id": "P228387.25.1.0",
                        "breakStart": "1",
                        "break": "missing",
                        "o": "]",
                        "breakEnd": "P228387.25.1.0",
                        "delim": "-"
                      },
                      {
                        "v": "ŋu₁₀",
                        "id": "P228387.25.1.1",
                        "break": "damaged",
                        "ho": "1",
                        "hc": "1"
                      }
                    ],
                    "pos": "u"
                  }
                },
                {
                  "node": "d",
                  "type": "line-start",
                  "ref": "P228387.26",
                  "n": "2'",
                  "label": "r ii 2'"
                },
                {
                  "node": "l",
                  "frag": "[...]-⸢gu₂⸣-ŋu₁₀",
                  "id": "P228387.l1990f",
                  "ref": "P228387.26.1",
                  "inst": "u",
                  "f": {
                    "lang": "sux",
                    "form": "x-gu₂-ŋu₁₀",
                    "gdl": [
                      {
                        "x": "ellipsis",
                        "id": "P228387.26.1.0",
                        "breakStart": "1",
                        "break": "missing",
                        "o": "]",
                        "breakEnd": "P228387.26.1.0",
                        "delim": "-"
                      },
                      {
                        "v": "gu₂",
                        "id": "P228387.26.1.1",
                        "break": "damaged",
                        "queried": "1",
                        "ho": "1",
                        "delim": "-",
                        "hc": "1"
                      },
                      {
                        "v": "ŋu₁₀",
                        "id": "P228387.26.1.2"
                      }
                    ],
                    "pos": "u"
                  }
                },
                {
                  "node": "d",
                  "type": "line-start",
                  "ref": "P228387.27",
                  "n": "3'",
                  "label": "r ii 3'"
                },
                {
                  "node": "l",
                  "frag": "[...]-⸢bal⸣-ŋu₁₀",
                  "id": "P228387.l19910",
                  "ref": "P228387.27.1",
                  "inst": "u",
                  "f": {
                    "lang": "sux",
                    "form": "x-bal-ŋu₁₀",
                    "gdl": [
                      {
                        "x": "ellipsis",
                        "id": "P228387.27.1.0",
                        "breakStart": "1",
                        "break": "missing",
                        "o": "]",
                        "breakEnd": "P228387.27.1.0",
                        "delim": "-"
                      },
                      {
                        "v": "bal",
                        "id": "P228387.27.1.1",
                        "break": "damaged",
                        "ho": "1",
                        "delim": "-",
                        "hc": "1"
                      },
                      {
                        "v": "ŋu₁₀",
                        "id": "P228387.27.1.2"
                      }
                    ],
                    "pos": "u"
                  }
                },
                {
                  "node": "d",
                  "type": "line-start",
                  "ref": "P228387.28",
                  "n": "4'",
                  "label": "r ii 4'"
                },
                {
                  "node": "l",
                  "frag": "[...]-⸢bal⸣-ŋu₁₀",
                  "id": "P228387.l19911",
                  "ref": "P228387.28.1",
                  "inst": "u",
                  "f": {
                    "lang": "sux",
                    "form": "x-bal-ŋu₁₀",
                    "gdl": [
                      {
                        "x": "ellipsis",
                        "id": "P228387.28.1.0",
                        "breakStart": "1",
                        "break": "missing",
                        "o": "]",
                        "breakEnd": "P228387.28.1.0",
                        "delim": "-"
                      },
                      {
                        "v": "bal",
                        "id": "P228387.28.1.1",
                        "break": "damaged",
                        "ho": "1",
                        "delim": "-",
                        "hc": "1"
                      },
                      {
                        "v": "ŋu₁₀",
                        "id": "P228387.28.1.2"
                      }
                    ],
                    "pos": "u"
                  }
                },
                {
                  "node": "d",
                  "type": "line-start",
                  "ref": "P228387.29",
                  "n": "5'",
                  "label": "r ii 5'"
                },
                {
                  "node": "l",
                  "frag": "⸢gu₂-mah⸣-ŋu₁₀",
                  "id": "P228387.l19912",
                  "ref": "P228387.29.1",
                  "inst": "X",
                  "f": {
                    "lang": "sux",
                    "form": "gu₂-mah-ŋu₁₀",
                    "gdl": [
                      {
                        "v": "gu₂",
                        "id": "P228387.29.1.0",
                        "break": "damaged",
                        "ho": "1",
                        "delim": "-"
                      },
                      {
                        "v": "mah",
                        "id": "P228387.29.1.1",
                        "break": "damaged",
                        "delim": "-",
                        "hc": "1"
                      },
                      {
                        "v": "ŋu₁₀",
                        "id": "P228387.29.1.2"
                      }
                    ],
                    "pos": "X"
                  }
                },
                {
                  "node": "d",
                  "type": "line-start",
                  "ref": "P228387.30",
                  "n": "6'",
                  "label": "r ii 6'"
                },
                {
                  "node": "l",
                  "frag": "gu₂-⸢sa⸣-ŋu₁₀",
                  "id": "P228387.l19913",
                  "ref": "P228387.30.1",
                  "inst": "X",
                  "f": {
                    "lang": "sux",
                    "form": "gu₂-sa-ŋu₁₀",
                    "gdl": [
                      {
                        "v": "gu₂",
                        "id": "P228387.30.1.0",
                        "delim": "-"
                      },
                      {
                        "v": "sa",
                        "id": "P228387.30.1.1",
                        "break": "damaged",
                        "queried": "1",
                        "ho": "1",
                        "delim": "-",
                        "hc": "1"
                      },
                      {
                        "v": "ŋu₁₀",
                        "id": "P228387.30.1.2"
                      }
                    ],
                    "pos": "X"
                  }
                },
                {
                  "node": "d",
                  "type": "line-start",
                  "ref": "P228387.31",
                  "n": "7'",
                  "label": "r ii 7'"
                },
                {
                  "node": "l",
                  "frag": "gu₂-ta-ŋu₁₀",
                  "id": "P228387.l19914",
                  "ref": "P228387.31.1",
                  "inst": "X",
                  "f": {
                    "lang": "sux",
                    "form": "gu₂-ta-ŋu₁₀",
                    "gdl": [
                      {
                        "v": "gu₂",
                        "id": "P228387.31.1.0",
                        "delim": "-"
                      },
                      {
                        "v": "ta",
                        "id": "P228387.31.1.1",
                        "delim": "-"
                      },
                      {
                        "v": "ŋu₁₀",
                        "id": "P228387.31.1.2"
                      }
                    ],
                    "pos": "X"
                  }
                },
                {
                  "node": "d",
                  "type": "line-start",
                  "ref": "P228387.32",
                  "n": "8'",
                  "label": "r ii 8'"
                },
                {
                  "node": "l",
                  "frag": "saŋ",
                  "id": "P228387.l19915",
                  "ref": "P228387.32.1",
                  "inst": "saŋ[head]",
                  "sig": "@dcclt%sux:saŋ=saŋ[head//head]N'N$saŋ/saŋ#~",
                  "f": {
                    "lang": "sux",
                    "form": "saŋ",
                    "delim": " ",
                    "gdl": [
                      {
                        "v": "saŋ",
                        "id": "P228387.32.1.0"
                      }
                    ],
                    "cf": "saŋ",
                    "gw": "head",
                    "sense": "head",
                    "norm0": "saŋ",
                    "pos": "N",
                    "epos": "N",
                    "base": "saŋ",
                    "morph": "~"
                  }
                },
                {
                  "node": "l",
                  "frag": "gu₂-ta-ŋu₁₀",
                  "id": "P228387.l19916",
                  "ref": "P228387.32.2",
                  "inst": "X",
                  "f": {
                    "lang": "sux",
                    "form": "gu₂-ta-ŋu₁₀",
                    "gdl": [
                      {
                        "v": "gu₂",
                        "id": "P228387.32.2.0",
                        "delim": "-"
                      },
                      {
                        "v": "ta",
                        "id": "P228387.32.2.1",
                        "delim": "-"
                      },
                      {
                        "v": "ŋu₁₀",
                        "id": "P228387.32.2.2"
                      }
                    ],
                    "pos": "X"
                  }
                },
                {
                  "node": "d",
                  "type": "line-start",
                  "ref": "P228387.33",
                  "n": "9'",
                  "label": "r ii 9'"
                },
                {
                  "node": "l",
                  "frag": "zi-ŋu₁₀",
                  "id": "P228387.l19917",
                  "ref": "P228387.33.1",
                  "inst": "zi[life]",
                  "sig": "@dcclt%sux:zi-ŋu₁₀=zi[life//life]N'N$zi,ŋu/zi#~,ŋu",
                  "f": {
                    "lang": "sux",
                    "form": "zi-ŋu₁₀",
                    "gdl": [
                      {
                        "v": "zi",
                        "id": "P228387.33.1.0",
                        "delim": "-"
                      },
                      {
                        "v": "ŋu₁₀",
                        "id": "P228387.33.1.1"
                      }
                    ],
                    "cf": "zi",
                    "gw": "life",
                    "sense": "life",
                    "norm0": "zi,ŋu",
                    "pos": "N",
                    "epos": "N",
                    "base": "zi",
                    "morph": "~,ŋu"
                  }
                },
                {
                  "node": "d",
                  "type": "line-start",
                  "ref": "P228387.34",
                  "n": "10'",
                  "label": "r ii 10'"
                },
                {
                  "node": "l",
                  "frag": "zi-zi-ŋu₁₀",
                  "id": "P228387.l19918",
                  "ref": "P228387.34.1",
                  "inst": "zi[life]",
                  "sig": "@dcclt%sux:zi-zi-ŋu₁₀=zi[life//life]N'N$zi,ŋu/zi-zi#~,ŋu",
                  "f": {
                    "lang": "sux",
                    "form": "zi-zi-ŋu₁₀",
                    "gdl": [
                      {
                        "v": "zi",
                        "id": "P228387.34.1.0",
                        "delim": "-"
                      },
                      {
                        "v": "zi",
                        "id": "P228387.34.1.1",
                        "delim": "-"
                      },
                      {
                        "v": "ŋu₁₀",
                        "id": "P228387.34.1.2"
                      }
                    ],
                    "cf": "zi",
                    "gw": "life",
                    "sense": "life",
                    "norm0": "zi,ŋu",
                    "pos": "N",
                    "epos": "N",
                    "base": "zi-zi",
                    "morph": "~,ŋu"
                  }
                }
              ]
            }
          ]
        }
      ]
    }
  ]
}
