{
  "type": "cdl",
  "project": "dcclt",
  "source": "http://oracc.org/dcclt",
  "license": "This data is released under the CC0 license",
  "license-url": "https://creativecommons.org/publicdomain/zero/1.0/",
  "more-info": "http://oracc.org/doc/opendata/",
  "UTC-timestamp": "2017-06-21T22:06:59",
  "textid": "P229202",
  "cdl": [
    {
      "node": "c",
      "type": "text",
      "id": "P229202.U0",
      "cdl": [
        {
          "node": "d",
          "type": "object",
          "ref": ""
        },
        {
          "node": "d",
          "subtype": "reverse",
          "type": "reverse",
          "ref": "P229202.r.1",
          "label": "r"
        },
        {
          "node": "d",
          "subtype": "column 1r",
          "type": "column",
          "ref": "P229202.r.i.2",
          "n": "1",
          "label": "r i"
        },
        {
          "node": "c",
          "type": "discourse",
          "subtype": "body",
          "id": "P229202.U1",
          "cdl": [
            {
              "node": "c",
              "type": "sentence",
              "id": "P229202.U2",
              "label": "r i 1' - r ii 5'",
              "cdl": [
                {
                  "node": "d",
                  "type": "line-start",
                  "ref": "P229202.3",
                  "n": "1'",
                  "label": "r i 1'"
                },
                {
                  "node": "l",
                  "frag": "⸢ŋeš",
                  "id": "P229202.l1c9d4",
                  "ref": "P229202.3.1",
                  "inst": "%sux:ŋeš=",
                  "f": {
                    "lang": "sux",
                    "form": "ŋeš",
                    "delim": " ",
                    "gdl": [
                      {
                        "v": "ŋeš",
                        "id": "P229202.3.1.0",
                        "break": "damaged",
                        "ho": "1"
                      }
                    ]
                  }
                },
                {
                  "node": "l",
                  "frag": "ŋi₆⸣",
                  "id": "P229202.l1c9d5",
                  "ref": "P229202.3.2",
                  "inst": "%sux:ŋi₆=",
                  "f": {
                    "lang": "sux",
                    "form": "ŋi₆",
                    "gdl": [
                      {
                        "v": "ŋi₆",
                        "id": "P229202.3.2.0",
                        "break": "damaged",
                        "hc": "1"
                      }
                    ]
                  }
                },
                {
                  "node": "d",
                  "type": "line-start",
                  "ref": "P229202.4",
                  "n": "2'",
                  "label": "r i 2'"
                },
                {
                  "node": "l",
                  "frag": "ŋeš",
                  "id": "P229202.l1c9d6",
                  "ref": "P229202.4.1",
                  "inst": "%sux:ŋeš=",
                  "f": {
                    "lang": "sux",
                    "form": "ŋeš",
                    "delim": " ",
                    "gdl": [
                      {
                        "v": "ŋeš",
                        "id": "P229202.4.1.0"
                      }
                    ]
                  }
                },
                {
                  "node": "l",
                  "frag": "ŋeštin",
                  "id": "P229202.l1c9d7",
                  "ref": "P229202.4.2",
                  "inst": "%sux:ŋeštin=",
                  "f": {
                    "lang": "sux",
                    "form": "ŋeštin",
                    "gdl": [
                      {
                        "v": "ŋeštin",
                        "id": "P229202.4.2.0"
                      }
                    ]
                  }
                },
                {
                  "node": "d",
                  "type": "line-start",
                  "ref": "P229202.5",
                  "n": "3'",
                  "label": "r i 3'"
                },
                {
                  "node": "l",
                  "frag": "ŋeš",
                  "id": "P229202.l1c9d8",
                  "ref": "P229202.5.1",
                  "inst": "%sux:ŋeš=",
                  "f": {
                    "lang": "sux",
                    "form": "ŋeš",
                    "delim": " ",
                    "gdl": [
                      {
                        "v": "ŋeš",
                        "id": "P229202.5.1.0"
                      }
                    ]
                  }
                },
                {
                  "node": "l",
                  "frag": "⸢ŋeštin⸣-kir₄",
                  "id": "P229202.l1c9d9",
                  "ref": "P229202.5.2",
                  "inst": "%sux:ŋeštin-kir₄=",
                  "f": {
                    "lang": "sux",
                    "form": "ŋeštin-kir₄",
                    "gdl": [
                      {
                        "v": "ŋeštin",
                        "id": "P229202.5.2.0",
                        "break": "damaged",
                        "ho": "1",
                        "delim": "-",
                        "hc": "1"
                      },
                      {
                        "v": "kir₄",
                        "id": "P229202.5.2.1"
                      }
                    ]
                  }
                },
                {
                  "node": "d",
                  "type": "line-start",
                  "ref": "P229202.6",
                  "n": "4'",
                  "label": "r i 4'"
                },
                {
                  "node": "l",
                  "frag": "ŋeš",
                  "id": "P229202.l1c9da",
                  "ref": "P229202.6.1",
                  "inst": "%sux:ŋeš=",
                  "f": {
                    "lang": "sux",
                    "form": "ŋeš",
                    "delim": " ",
                    "gdl": [
                      {
                        "v": "ŋeš",
                        "id": "P229202.6.1.0"
                      }
                    ]
                  }
                },
                {
                  "node": "l",
                  "frag": "ŋeštin-⸢ka₅⸣-a",
                  "id": "P229202.l1c9db",
                  "ref": "P229202.6.2",
                  "inst": "%sux:ŋeštin-ka₅-a=",
                  "f": {
                    "lang": "sux",
                    "form": "ŋeštin-ka₅-a",
                    "gdl": [
                      {
                        "v": "ŋeštin",
                        "id": "P229202.6.2.0",
                        "delim": "-"
                      },
                      {
                        "v": "ka₅",
                        "id": "P229202.6.2.1",
                        "break": "damaged",
                        "ho": "1",
                        "delim": "-",
                        "hc": "1"
                      },
                      {
                        "v": "a",
                        "id": "P229202.6.2.2"
                      }
                    ]
                  }
                },
                {
                  "node": "d",
                  "type": "line-start",
                  "ref": "P229202.7",
                  "n": "5'",
                  "label": "r i 5'"
                },
                {
                  "node": "l",
                  "frag": "ŋeš",
                  "id": "P229202.l1c9dc",
                  "ref": "P229202.7.1",
                  "inst": "%sux:ŋeš=",
                  "f": {
                    "lang": "sux",
                    "form": "ŋeš",
                    "delim": " ",
                    "gdl": [
                      {
                        "v": "ŋeš",
                        "id": "P229202.7.1.0"
                      }
                    ]
                  }
                },
                {
                  "node": "l",
                  "frag": "ŋeštin-[...]",
                  "id": "P229202.l1c9dd",
                  "ref": "P229202.7.2",
                  "inst": "%sux:ŋeštin-x=",
                  "f": {
                    "lang": "sux",
                    "form": "ŋeštin-x",
                    "gdl": [
                      {
                        "v": "ŋeštin",
                        "id": "P229202.7.2.0",
                        "delim": "-"
                      },
                      {
                        "x": "ellipsis",
                        "id": "P229202.7.2.1",
                        "breakStart": "1",
                        "break": "missing",
                        "o": "]",
                        "breakEnd": "P229202.7.2.1"
                      }
                    ]
                  }
                },
                {
                  "node": "d",
                  "type": "line-start",
                  "ref": "P229202.8",
                  "n": "6'",
                  "label": "r i 6'"
                },
                {
                  "node": "l",
                  "frag": "⸢ŋeš⸣",
                  "id": "P229202.l1c9de",
                  "ref": "P229202.8.1",
                  "inst": "%sux:ŋeš=",
                  "f": {
                    "lang": "sux",
                    "form": "ŋeš",
                    "gdl": [
                      {
                        "v": "ŋeš",
                        "id": "P229202.8.1.0",
                        "break": "damaged",
                        "ho": "1",
                        "hc": "1"
                      }
                    ]
                  }
                },
                {
                  "node": "d",
                  "subtype": "column 2r",
                  "type": "column",
                  "ref": "P229202.r.ii.9",
                  "n": "2",
                  "label": "r ii"
                },
                {
                  "node": "d",
                  "type": "line-start",
                  "ref": "P229202.10",
                  "n": "1'",
                  "label": "r ii 1'"
                },
                {
                  "node": "l",
                  "frag": "[...]",
                  "id": "P229202.l1c9df",
                  "ref": "P229202.10.1",
                  "inst": "%sux:x=",
                  "f": {
                    "lang": "sux",
                    "form": "x",
                    "delim": " ",
                    "gdl": [
                      {
                        "x": "ellipsis",
                        "id": "P229202.10.1.0",
                        "breakStart": "1",
                        "break": "missing",
                        "o": "]",
                        "breakEnd": "P229202.10.1.0"
                      }
                    ]
                  }
                },
                {
                  "node": "l",
                  "frag": "u₃-⸢suh₅⸣",
                  "id": "P229202.l1c9e0",
                  "ref": "P229202.10.2",
                  "inst": "%sux:u₃-suh₅=",
                  "f": {
                    "lang": "sux",
                    "form": "u₃-suh₅",
                    "gdl": [
                      {
                        "v": "u₃",
                        "id": "P229202.10.2.0",
                        "delim": "-"
                      },
                      {
                        "v": "suh₅",
                        "id": "P229202.10.2.1",
                        "break": "damaged",
                        "ho": "1",
                        "hc": "1"
                      }
                    ]
                  }
                },
                {
                  "node": "d",
                  "type": "line-start",
                  "ref": "P229202.11",
                  "n": "2'",
                  "label": "r ii 2'"
                },
                {
                  "node": "l",
                  "frag": "[...]",
                  "id": "P229202.l1c9e1",
                  "ref": "P229202.11.1",
                  "inst": "%sux:x=",
                  "f": {
                    "lang": "sux",
                    "form": "x",
                    "delim": " ",
                    "gdl": [
                      {
                        "x": "ellipsis",
                        "id": "P229202.11.1.0",
                        "breakStart": "1",
                        "break": "missing",
                        "o": "]",
                        "breakEnd": "P229202.11.1.0"
                      }
                    ]
                  }
                },
                {
                  "node": "l",
                  "frag": "⸢suh₅-tur⸣",
                  "id": "P229202.l1c9e2",
                  "ref": "P229202.11.2",
                  "inst": "%sux:suh₅-tur=",
                  "f": {
                    "lang": "sux",
                    "form": "suh₅-tur",
                    "gdl": [
                      {
                        "v": "suh₅",
                        "id": "P229202.11.2.0",
                        "break": "damaged",
                        "ho": "1",
                        "delim": "-"
                      },
                      {
                        "v": "tur",
                        "id": "P229202.11.2.1",
                        "break": "damaged",
                        "hc": "1"
                      }
                    ]
                  }
                },
                {
                  "node": "d",
                  "type": "line-start",
                  "ref": "P229202.12",
                  "n": "3'",
                  "label": "r ii 3'"
                },
                {
                  "node": "l",
                  "frag": "[...]-suh₅-pa-kud",
                  "id": "P229202.l1c9e3",
                  "ref": "P229202.12.1",
                  "inst": "%sux:x-suh₅-pa-kud=",
                  "f": {
                    "lang": "sux",
                    "form": "x-suh₅-pa-kud",
                    "gdl": [
                      {
                        "x": "ellipsis",
                        "id": "P229202.12.1.0",
                        "breakStart": "1",
                        "break": "missing",
                        "o": "]",
                        "breakEnd": "P229202.12.1.0",
                        "delim": "-"
                      },
                      {
                        "v": "suh₅",
                        "id": "P229202.12.1.1",
                        "delim": "-"
                      },
                      {
                        "v": "pa",
                        "id": "P229202.12.1.2",
                        "delim": "-"
                      },
                      {
                        "v": "kud",
                        "id": "P229202.12.1.3"
                      }
                    ]
                  }
                },
                {
                  "node": "d",
                  "type": "line-start",
                  "ref": "P229202.13",
                  "n": "4'",
                  "label": "r ii 4'"
                },
                {
                  "node": "l",
                  "frag": "[...]-suh₅-a-de₂-a",
                  "id": "P229202.l1c9e4",
                  "ref": "P229202.13.1",
                  "inst": "%sux:x-suh₅-a-de₂-a=",
                  "f": {
                    "lang": "sux",
                    "form": "x-suh₅-a-de₂-a",
                    "gdl": [
                      {
                        "x": "ellipsis",
                        "id": "P229202.13.1.0",
                        "breakStart": "1",
                        "break": "missing",
                        "o": "]",
                        "breakEnd": "P229202.13.1.0",
                        "delim": "-"
                      },
                      {
                        "v": "suh₅",
                        "id": "P229202.13.1.1",
                        "delim": "-"
                      },
                      {
                        "v": "a",
                        "id": "P229202.13.1.2",
                        "delim": "-"
                      },
                      {
                        "v": "de₂",
                        "id": "P229202.13.1.3",
                        "delim": "-"
                      },
                      {
                        "v": "a",
                        "id": "P229202.13.1.4"
                      }
                    ]
                  }
                },
                {
                  "node": "d",
                  "type": "line-start",
                  "ref": "P229202.14",
                  "n": "5'",
                  "label": "r ii 5'"
                },
                {
                  "node": "l",
                  "frag": "[...]-u₃-suh₅",
                  "id": "P229202.l1c9e5",
                  "ref": "P229202.14.1",
                  "inst": "%sux:x-u₃-suh₅=",
                  "f": {
                    "lang": "sux",
                    "form": "x-u₃-suh₅",
                    "gdl": [
                      {
                        "x": "ellipsis",
                        "id": "P229202.14.1.0",
                        "breakStart": "1",
                        "break": "missing",
                        "o": "]",
                        "breakEnd": "P229202.14.1.0",
                        "delim": "-"
                      },
                      {
                        "v": "u₃",
                        "id": "P229202.14.1.1",
                        "delim": "-"
                      },
                      {
                        "v": "suh₅",
                        "id": "P229202.14.1.2"
                      }
                    ]
                  }
                }
              ]
            }
          ]
        }
      ]
    }
  ]
}
