{
  "type": "cdl",
  "project": "dcclt",
  "source": "http://oracc.org/dcclt",
  "license": "This data is released under the CC0 license",
  "license-url": "https://creativecommons.org/publicdomain/zero/1.0/",
  "more-info": "http://oracc.org/doc/opendata/",
  "UTC-timestamp": "2017-06-21T22:07:21",
  "textid": "P229528",
  "cdl": [
    {
      "node": "c",
      "type": "text",
      "id": "P229528.U0",
      "cdl": [
        {
          "node": "d",
          "type": "object",
          "ref": ""
        },
        {
          "node": "d",
          "subtype": "reverse",
          "type": "reverse",
          "ref": "P229528.r.1",
          "label": "r"
        },
        {
          "node": "d",
          "subtype": "column 1r '",
          "type": "column",
          "ref": "P229528.r.i_.2",
          "n": "1",
          "label": "r i'"
        },
        {
          "node": "d",
          "type": "nonx",
          "ref": "P229528.3",
          "strict": "1",
          "extent": "n",
          "scope": "line",
          "state": "missing"
        },
        {
          "node": "d",
          "type": "nonx",
          "ref": "P229528.4",
          "strict": "1",
          "extent": "n",
          "scope": "line",
          "state": "traces"
        },
        {
          "node": "c",
          "type": "discourse",
          "subtype": "body",
          "id": "P229528.U1",
          "cdl": [
            {
              "node": "c",
              "type": "sentence",
              "id": "P229528.U2",
              "label": "r i' 2' - r ii' 4'",
              "cdl": [
                {
                  "node": "d",
                  "type": "line-start",
                  "ref": "P229528.5",
                  "n": "2'",
                  "label": "r i' 2'"
                },
                {
                  "node": "l",
                  "frag": "[...]",
                  "id": "P229528.l13d9e",
                  "ref": "P229528.5.1",
                  "inst": "%sux:x=",
                  "f": {
                    "lang": "sux",
                    "form": "x",
                    "delim": " ",
                    "gdl": [
                      {
                        "x": "ellipsis",
                        "id": "P229528.5.1.0",
                        "breakStart": "1",
                        "break": "missing",
                        "o": "]",
                        "breakEnd": "P229528.5.1.0"
                      }
                    ]
                  }
                },
                {
                  "node": "l",
                  "frag": "SA",
                  "id": "P229528.l13d9f",
                  "ref": "P229528.5.2",
                  "inst": "%sux:SA=",
                  "f": {
                    "lang": "sux",
                    "form": "SA",
                    "gdl": [
                      {
                        "s": "SA",
                        "id": "P229528.5.2.0"
                      }
                    ]
                  }
                },
                {
                  "node": "d",
                  "type": "line-start",
                  "ref": "P229528.6",
                  "n": "3'",
                  "label": "r i' 3'"
                },
                {
                  "node": "l",
                  "frag": "[...]",
                  "id": "P229528.l13da0",
                  "ref": "P229528.6.1",
                  "inst": "%sux:x=",
                  "f": {
                    "lang": "sux",
                    "form": "x",
                    "delim": " ",
                    "gdl": [
                      {
                        "x": "ellipsis",
                        "id": "P229528.6.1.0",
                        "breakStart": "1",
                        "break": "missing",
                        "o": "]",
                        "breakEnd": "P229528.6.1.0"
                      }
                    ]
                  }
                },
                {
                  "node": "l",
                  "frag": "ab₂",
                  "id": "P229528.l13da1",
                  "ref": "P229528.6.2",
                  "inst": "%sux:ab₂=",
                  "f": {
                    "lang": "sux",
                    "form": "ab₂",
                    "gdl": [
                      {
                        "v": "ab₂",
                        "id": "P229528.6.2.0"
                      }
                    ]
                  }
                },
                {
                  "node": "d",
                  "subtype": "column 2r '",
                  "type": "column",
                  "ref": "P229528.r.ii_.7",
                  "n": "2",
                  "label": "r ii'"
                },
                {
                  "node": "d",
                  "type": "nonx",
                  "ref": "P229528.8",
                  "strict": "1",
                  "extent": "n",
                  "scope": "line",
                  "state": "missing"
                },
                {
                  "node": "d",
                  "type": "line-start",
                  "ref": "P229528.9",
                  "n": "1'",
                  "label": "r ii' 1'"
                },
                {
                  "node": "l",
                  "frag": "ki-⸢ŋeškim⸣-[he₂-a]",
                  "id": "P229528.l13da2",
                  "ref": "P229528.9.1",
                  "inst": "%sux:ki-ŋeškim-he₂-a=",
                  "f": {
                    "lang": "sux",
                    "form": "ki-ŋeškim-he₂-a",
                    "gdl": [
                      {
                        "v": "ki",
                        "id": "P229528.9.1.0",
                        "delim": "-"
                      },
                      {
                        "v": "ŋeškim",
                        "id": "P229528.9.1.1",
                        "break": "damaged",
                        "ho": "1",
                        "delim": "-",
                        "hc": "1"
                      },
                      {
                        "v": "he₂",
                        "id": "P229528.9.1.2",
                        "breakStart": "1",
                        "o": "[",
                        "break": "missing",
                        "delim": "-"
                      },
                      {
                        "v": "a",
                        "id": "P229528.9.1.3",
                        "break": "missing",
                        "o": "]",
                        "breakEnd": "P229528.9.1.2"
                      }
                    ]
                  }
                },
                {
                  "node": "d",
                  "type": "line-start",
                  "ref": "P229528.10",
                  "n": "2'",
                  "label": "r ii' 2'"
                },
                {
                  "node": "l",
                  "frag": "ensi",
                  "id": "P229528.l13da3",
                  "ref": "P229528.10.1",
                  "inst": "%sux:ensi=",
                  "f": {
                    "lang": "sux",
                    "form": "ensi",
                    "gdl": [
                      {
                        "v": "ensi",
                        "id": "P229528.10.1.0"
                      }
                    ]
                  }
                },
                {
                  "node": "d",
                  "type": "line-start",
                  "ref": "P229528.11",
                  "n": "3'",
                  "label": "r ii' 3'"
                },
                {
                  "node": "l",
                  "frag": "SAL",
                  "id": "P229528.l13da4",
                  "ref": "P229528.11.1",
                  "inst": "%sux:SAL=",
                  "f": {
                    "lang": "sux",
                    "form": "SAL",
                    "delim": " ",
                    "gdl": [
                      {
                        "s": "SAL",
                        "id": "P229528.11.1.0"
                      }
                    ]
                  }
                },
                {
                  "node": "l",
                  "frag": "ensi",
                  "id": "P229528.l13da5",
                  "ref": "P229528.11.2",
                  "inst": "%sux:ensi=",
                  "f": {
                    "lang": "sux",
                    "form": "ensi",
                    "gdl": [
                      {
                        "v": "ensi",
                        "id": "P229528.11.2.0"
                      }
                    ]
                  }
                },
                {
                  "node": "d",
                  "type": "line-start",
                  "ref": "P229528.12",
                  "n": "4'",
                  "label": "r ii' 4'"
                },
                {
                  "node": "l",
                  "frag": "mu-ra-aš",
                  "id": "P229528.l13da6",
                  "ref": "P229528.12.1",
                  "inst": "%sux:mu-ra-aš=",
                  "f": {
                    "lang": "sux",
                    "form": "mu-ra-aš",
                    "gdl": [
                      {
                        "v": "mu",
                        "id": "P229528.12.1.0",
                        "delim": "-"
                      },
                      {
                        "v": "ra",
                        "id": "P229528.12.1.1",
                        "delim": "-"
                      },
                      {
                        "v": "aš",
                        "id": "P229528.12.1.2"
                      }
                    ]
                  }
                }
              ]
            }
          ]
        }
      ]
    }
  ]
}
