{
  "type": "cdl",
  "project": "dcclt",
  "source": "http://oracc.org/dcclt",
  "license": "This data is released under the CC0 license",
  "license-url": "https://creativecommons.org/publicdomain/zero/1.0/",
  "more-info": "http://oracc.org/doc/opendata/",
  "UTC-timestamp": "2017-06-21T22:07:29",
  "textid": "P229573",
  "cdl": [
    {
      "node": "c",
      "type": "text",
      "id": "P229573.U0",
      "cdl": [
        {
          "node": "d",
          "subtype": "tablet",
          "type": "tablet",
          "ref": "P229573.x386.1",
          "label": "x386"
        },
        {
          "node": "d",
          "subtype": "obverse",
          "type": "obverse",
          "ref": "P229573.o.2",
          "label": "o"
        },
        {
          "node": "c",
          "type": "discourse",
          "subtype": "body",
          "id": "P229573.U1",
          "cdl": [
            {
              "node": "c",
              "type": "sentence",
              "id": "P229573.U2",
              "label": "o 1 - r iii' 4",
              "cdl": [
                {
                  "node": "d",
                  "type": "line-start",
                  "ref": "P229573.3",
                  "n": "1",
                  "label": "o 1"
                },
                {
                  "node": "l",
                  "frag": "[...]",
                  "id": "P229573.l1662d",
                  "ref": "P229573.3.1",
                  "inst": "%sux:x=",
                  "f": {
                    "lang": "sux",
                    "form": "x",
                    "delim": " ",
                    "gdl": [
                      {
                        "x": "ellipsis",
                        "id": "P229573.3.1.0",
                        "breakStart": "1",
                        "break": "missing",
                        "o": "]",
                        "breakEnd": "P229573.3.1.0"
                      }
                    ]
                  }
                },
                {
                  "node": "l",
                  "frag": "ama-e-ne",
                  "id": "P229573.l1662e",
                  "ref": "P229573.3.2",
                  "inst": "%sux:ama-e-ne=",
                  "f": {
                    "lang": "sux",
                    "form": "ama-e-ne",
                    "gdl": [
                      {
                        "v": "ama",
                        "id": "P229573.3.2.0",
                        "delim": "-"
                      },
                      {
                        "v": "e",
                        "id": "P229573.3.2.1",
                        "delim": "-"
                      },
                      {
                        "v": "ne",
                        "id": "P229573.3.2.2"
                      }
                    ]
                  }
                },
                {
                  "node": "d",
                  "type": "line-start",
                  "ref": "P229573.4",
                  "n": "2",
                  "label": "o 2"
                },
                {
                  "node": "l",
                  "frag": "[...]",
                  "id": "P229573.l1662f",
                  "ref": "P229573.4.1",
                  "inst": "%sux:x=",
                  "f": {
                    "lang": "sux",
                    "form": "x",
                    "delim": " ",
                    "gdl": [
                      {
                        "x": "ellipsis",
                        "id": "P229573.4.1.0",
                        "breakStart": "1",
                        "break": "missing",
                        "o": "]",
                        "breakEnd": "P229573.4.1.0"
                      }
                    ]
                  }
                },
                {
                  "node": "l",
                  "frag": "lil-bi",
                  "id": "P229573.l16630",
                  "ref": "P229573.4.2",
                  "inst": "%sux:lil-bi=",
                  "f": {
                    "lang": "sux",
                    "form": "lil-bi",
                    "gdl": [
                      {
                        "v": "lil",
                        "id": "P229573.4.2.0",
                        "delim": "-"
                      },
                      {
                        "v": "bi",
                        "id": "P229573.4.2.1"
                      }
                    ]
                  }
                },
                {
                  "node": "d",
                  "type": "line-start",
                  "ref": "P229573.5",
                  "n": "3",
                  "label": "o 3"
                },
                {
                  "node": "l",
                  "frag": "[...]",
                  "id": "P229573.l16631",
                  "ref": "P229573.5.1",
                  "inst": "%sux:x=",
                  "f": {
                    "lang": "sux",
                    "form": "x",
                    "delim": " ",
                    "gdl": [
                      {
                        "x": "ellipsis",
                        "id": "P229573.5.1.0",
                        "breakStart": "1",
                        "break": "missing",
                        "o": "]",
                        "breakEnd": "P229573.5.1.0"
                      }
                    ]
                  }
                },
                {
                  "node": "l",
                  "frag": "⸢x⸣",
                  "id": "P229573.l16632",
                  "ref": "P229573.5.2",
                  "inst": "%sux:x=",
                  "f": {
                    "lang": "sux",
                    "form": "x",
                    "delim": " ",
                    "gdl": [
                      {
                        "v": "x",
                        "id": "P229573.5.2.0",
                        "break": "damaged",
                        "ho": "1",
                        "hc": "1"
                      }
                    ]
                  }
                },
                {
                  "node": "l",
                  "frag": "ak-de₃",
                  "id": "P229573.l16633",
                  "ref": "P229573.5.3",
                  "inst": "%sux:ak-de₃=",
                  "f": {
                    "lang": "sux",
                    "form": "ak-de₃",
                    "gdl": [
                      {
                        "v": "ak",
                        "id": "P229573.5.3.0",
                        "delim": "-"
                      },
                      {
                        "v": "de₃",
                        "id": "P229573.5.3.1"
                      }
                    ]
                  }
                },
                {
                  "node": "d",
                  "type": "line-start",
                  "ref": "P229573.6",
                  "n": "4",
                  "label": "o 4"
                },
                {
                  "node": "l",
                  "frag": "[...]-⸢x⸣",
                  "id": "P229573.l16634",
                  "ref": "P229573.6.1",
                  "inst": "%sux:x-x=",
                  "f": {
                    "lang": "sux",
                    "form": "x-x",
                    "delim": " ",
                    "gdl": [
                      {
                        "x": "ellipsis",
                        "id": "P229573.6.1.0",
                        "breakStart": "1",
                        "break": "missing",
                        "o": "]",
                        "breakEnd": "P229573.6.1.0",
                        "delim": "-"
                      },
                      {
                        "v": "x",
                        "id": "P229573.6.1.1",
                        "break": "damaged",
                        "ho": "1",
                        "hc": "1"
                      }
                    ]
                  }
                },
                {
                  "node": "l",
                  "frag": "la₂-bi",
                  "id": "P229573.l16635",
                  "ref": "P229573.6.2",
                  "inst": "%sux:la₂-bi=",
                  "f": {
                    "lang": "sux",
                    "form": "la₂-bi",
                    "gdl": [
                      {
                        "v": "la₂",
                        "id": "P229573.6.2.0",
                        "delim": "-"
                      },
                      {
                        "v": "bi",
                        "id": "P229573.6.2.1"
                      }
                    ]
                  }
                },
                {
                  "node": "d",
                  "type": "line-start",
                  "ref": "P229573.7",
                  "n": "5",
                  "label": "o 5"
                },
                {
                  "node": "l",
                  "frag": "[...]-bi-la",
                  "id": "P229573.l16636",
                  "ref": "P229573.7.1",
                  "inst": "%sux:x-bi-la=",
                  "f": {
                    "lang": "sux",
                    "form": "x-bi-la",
                    "delim": " ",
                    "gdl": [
                      {
                        "x": "ellipsis",
                        "id": "P229573.7.1.0",
                        "breakStart": "1",
                        "break": "missing",
                        "o": "]",
                        "breakEnd": "P229573.7.1.0",
                        "delim": "-"
                      },
                      {
                        "v": "bi",
                        "id": "P229573.7.1.1",
                        "delim": "-"
                      },
                      {
                        "v": "la",
                        "id": "P229573.7.1.2"
                      }
                    ]
                  }
                },
                {
                  "node": "l",
                  "frag": "ud-ba",
                  "id": "P229573.l16637",
                  "ref": "P229573.7.2",
                  "inst": "%sux:ud-ba=",
                  "f": {
                    "lang": "sux",
                    "form": "ud-ba",
                    "gdl": [
                      {
                        "v": "ud",
                        "id": "P229573.7.2.0",
                        "delim": "-"
                      },
                      {
                        "v": "ba",
                        "id": "P229573.7.2.1"
                      }
                    ]
                  }
                },
                {
                  "node": "d",
                  "type": "line-start",
                  "ref": "P229573.8",
                  "n": "6",
                  "label": "o 6"
                },
                {
                  "node": "l",
                  "frag": "[...]-ma-bi-še₃",
                  "id": "P229573.l16638",
                  "ref": "P229573.8.1",
                  "inst": "%sux:x-ma-bi-še₃=",
                  "f": {
                    "lang": "sux",
                    "form": "x-ma-bi-še₃",
                    "gdl": [
                      {
                        "x": "ellipsis",
                        "id": "P229573.8.1.0",
                        "breakStart": "1",
                        "break": "missing",
                        "o": "]",
                        "breakEnd": "P229573.8.1.0",
                        "delim": "-"
                      },
                      {
                        "v": "ma",
                        "id": "P229573.8.1.1",
                        "delim": "-"
                      },
                      {
                        "v": "bi",
                        "id": "P229573.8.1.2",
                        "delim": "-"
                      },
                      {
                        "v": "še₃",
                        "id": "P229573.8.1.3"
                      }
                    ]
                  }
                },
                {
                  "node": "d",
                  "type": "line-start",
                  "ref": "P229573.9",
                  "n": "7",
                  "label": "o 7"
                },
                {
                  "node": "l",
                  "frag": "[...]-ma",
                  "id": "P229573.l16639",
                  "ref": "P229573.9.1",
                  "inst": "%sux:x-ma=",
                  "f": {
                    "lang": "sux",
                    "form": "x-ma",
                    "delim": " ",
                    "gdl": [
                      {
                        "x": "ellipsis",
                        "id": "P229573.9.1.0",
                        "breakStart": "1",
                        "break": "missing",
                        "o": "]",
                        "breakEnd": "P229573.9.1.0",
                        "delim": "-"
                      },
                      {
                        "v": "ma",
                        "id": "P229573.9.1.1"
                      }
                    ]
                  }
                },
                {
                  "node": "l",
                  "frag": "2",
                  "id": "P229573.l1663a",
                  "ref": "P229573.9.2",
                  "inst": "%sux:2=",
                  "f": {
                    "lang": "sux",
                    "form": "2",
                    "delim": " ",
                    "gdl": [
                      {
                        "n": "n",
                        "sexified": "2(diš)",
                        "form": "2",
                        "id": "P229573.9.2.0",
                        "seq": [
                          {
                            "r": "2"
                          }
                        ]
                      }
                    ]
                  }
                },
                {
                  "node": "l",
                  "frag": "gin₂",
                  "id": "P229573.l1663b",
                  "ref": "P229573.9.3",
                  "inst": "%sux:gin₂=",
                  "f": {
                    "lang": "sux",
                    "form": "gin₂",
                    "delim": " ",
                    "gdl": [
                      {
                        "v": "gin₂",
                        "id": "P229573.9.3.0"
                      }
                    ]
                  }
                },
                {
                  "node": "l",
                  "frag": "kug-babbar-ta",
                  "id": "P229573.l1663c",
                  "ref": "P229573.9.4",
                  "inst": "%sux:kug-babbar-ta=",
                  "f": {
                    "lang": "sux",
                    "form": "kug-babbar-ta",
                    "delim": " ",
                    "gdl": [
                      {
                        "v": "kug",
                        "id": "P229573.9.4.0",
                        "delim": "-"
                      },
                      {
                        "v": "babbar",
                        "id": "P229573.9.4.1",
                        "delim": "-"
                      },
                      {
                        "v": "ta",
                        "id": "P229573.9.4.2"
                      }
                    ]
                  }
                },
                {
                  "node": "l",
                  "frag": "1",
                  "id": "P229573.l1663d",
                  "ref": "P229573.9.5",
                  "inst": "%sux:1=",
                  "f": {
                    "lang": "sux",
                    "form": "1",
                    "delim": " ",
                    "gdl": [
                      {
                        "n": "n",
                        "sexified": "1(diš)",
                        "form": "1",
                        "id": "P229573.9.5.0",
                        "seq": [
                          {
                            "r": "1"
                          }
                        ]
                      }
                    ]
                  }
                },
                {
                  "node": "l",
                  "frag": "1/2",
                  "id": "P229573.l1663e",
                  "ref": "P229573.9.6",
                  "inst": "%sux:1/2=",
                  "f": {
                    "lang": "sux",
                    "form": "1/2",
                    "gdl": [
                      {
                        "n": "n",
                        "sexified": "1/2(disz)",
                        "form": "1/2",
                        "id": "P229573.9.6.0",
                        "seq": [
                          {
                            "r": "1/2"
                          }
                        ]
                      }
                    ]
                  }
                },
                {
                  "node": "d",
                  "type": "line-start",
                  "ref": "P229573.10",
                  "n": "8",
                  "label": "o 8"
                },
                {
                  "node": "l",
                  "frag": "[...]",
                  "id": "P229573.l1663f",
                  "ref": "P229573.10.1",
                  "inst": "%sux:x=",
                  "f": {
                    "lang": "sux",
                    "form": "x",
                    "delim": " ",
                    "gdl": [
                      {
                        "x": "ellipsis",
                        "id": "P229573.10.1.0",
                        "breakStart": "1",
                        "break": "missing",
                        "o": "]",
                        "breakEnd": "P229573.10.1.0"
                      }
                    ]
                  }
                },
                {
                  "node": "l",
                  "frag": "⸢x⸣",
                  "id": "P229573.l16640",
                  "ref": "P229573.10.2",
                  "inst": "%sux:x=",
                  "f": {
                    "lang": "sux",
                    "form": "x",
                    "delim": " ",
                    "gdl": [
                      {
                        "v": "x",
                        "id": "P229573.10.2.0",
                        "break": "damaged",
                        "ho": "1",
                        "hc": "1"
                      }
                    ]
                  }
                },
                {
                  "node": "l",
                  "frag": "tah-e",
                  "id": "P229573.l16641",
                  "ref": "P229573.10.3",
                  "inst": "%sux:tah-e=",
                  "f": {
                    "lang": "sux",
                    "form": "tah-e",
                    "gdl": [
                      {
                        "v": "tah",
                        "id": "P229573.10.3.0",
                        "delim": "-"
                      },
                      {
                        "v": "e",
                        "id": "P229573.10.3.1"
                      }
                    ]
                  }
                },
                {
                  "node": "d",
                  "type": "line-start",
                  "ref": "P229573.11",
                  "n": "9",
                  "label": "o 9"
                },
                {
                  "node": "l",
                  "frag": "[...]",
                  "id": "P229573.l16642",
                  "ref": "P229573.11.1",
                  "inst": "%sux:x=",
                  "f": {
                    "lang": "sux",
                    "form": "x",
                    "delim": " ",
                    "gdl": [
                      {
                        "x": "ellipsis",
                        "id": "P229573.11.1.0",
                        "breakStart": "1",
                        "break": "missing",
                        "o": "]",
                        "breakEnd": "P229573.11.1.0"
                      }
                    ]
                  }
                },
                {
                  "node": "l",
                  "frag": "⸢x⸣-ni",
                  "id": "P229573.l16643",
                  "ref": "P229573.11.2",
                  "inst": "%sux:x-ni=",
                  "f": {
                    "lang": "sux",
                    "form": "x-ni",
                    "delim": " ",
                    "gdl": [
                      {
                        "v": "x",
                        "id": "P229573.11.2.0",
                        "break": "damaged",
                        "ho": "1",
                        "delim": "-",
                        "hc": "1"
                      },
                      {
                        "v": "ni",
                        "id": "P229573.11.2.1"
                      }
                    ]
                  }
                },
                {
                  "node": "l",
                  "frag": "ma-an-šum-mu-uš",
                  "id": "P229573.l16644",
                  "ref": "P229573.11.3",
                  "inst": "%sux:ma-an-šum-mu-uš=",
                  "f": {
                    "lang": "sux",
                    "form": "ma-an-šum-mu-uš",
                    "gdl": [
                      {
                        "v": "ma",
                        "id": "P229573.11.3.0",
                        "delim": "-"
                      },
                      {
                        "v": "an",
                        "id": "P229573.11.3.1",
                        "delim": "-"
                      },
                      {
                        "v": "šum",
                        "id": "P229573.11.3.2",
                        "delim": "-"
                      },
                      {
                        "v": "mu",
                        "id": "P229573.11.3.3",
                        "delim": "-"
                      },
                      {
                        "v": "uš",
                        "id": "P229573.11.3.4"
                      }
                    ]
                  }
                },
                {
                  "node": "d",
                  "type": "line-start",
                  "ref": "P229573.12",
                  "n": "10",
                  "label": "o 10"
                },
                {
                  "node": "l",
                  "frag": "[...]",
                  "id": "P229573.l16645",
                  "ref": "P229573.12.1",
                  "inst": "%sux:x=",
                  "f": {
                    "lang": "sux",
                    "form": "x",
                    "delim": " ",
                    "gdl": [
                      {
                        "x": "ellipsis",
                        "id": "P229573.12.1.0",
                        "breakStart": "1",
                        "break": "missing",
                        "o": "]",
                        "breakEnd": "P229573.12.1.0"
                      }
                    ]
                  }
                },
                {
                  "node": "l",
                  "frag": "⸢NE⸣-ne",
                  "id": "P229573.l16646",
                  "ref": "P229573.12.2",
                  "inst": "%sux:NE-ne=",
                  "f": {
                    "lang": "sux",
                    "form": "NE-ne",
                    "delim": " ",
                    "gdl": [
                      {
                        "s": "NE",
                        "id": "P229573.12.2.0",
                        "break": "damaged",
                        "queried": "1",
                        "ho": "1",
                        "delim": "-",
                        "hc": "1"
                      },
                      {
                        "v": "ne",
                        "id": "P229573.12.2.1"
                      }
                    ]
                  }
                },
                {
                  "node": "l",
                  "frag": "in-na-an-x",
                  "id": "P229573.l16647",
                  "ref": "P229573.12.3",
                  "inst": "%sux:in-na-an-x=",
                  "f": {
                    "lang": "sux",
                    "form": "in-na-an-x",
                    "gdl": [
                      {
                        "v": "in",
                        "id": "P229573.12.3.0",
                        "delim": "-"
                      },
                      {
                        "v": "na",
                        "id": "P229573.12.3.1",
                        "delim": "-"
                      },
                      {
                        "v": "an",
                        "id": "P229573.12.3.2",
                        "delim": "-"
                      },
                      {
                        "v": "x",
                        "id": "P229573.12.3.3"
                      }
                    ]
                  }
                },
                {
                  "node": "d",
                  "type": "line-start",
                  "ref": "P229573.13",
                  "n": "11",
                  "label": "o 11"
                },
                {
                  "node": "l",
                  "frag": "[...]",
                  "id": "P229573.l16648",
                  "ref": "P229573.13.1",
                  "inst": "%sux:x=",
                  "f": {
                    "lang": "sux",
                    "form": "x",
                    "delim": " ",
                    "gdl": [
                      {
                        "x": "ellipsis",
                        "id": "P229573.13.1.0",
                        "breakStart": "1",
                        "break": "missing",
                        "o": "]",
                        "breakEnd": "P229573.13.1.0"
                      }
                    ]
                  }
                },
                {
                  "node": "l",
                  "frag": "⸢x⸣-ne-ne",
                  "id": "P229573.l16649",
                  "ref": "P229573.13.2",
                  "inst": "%sux:x-ne-ne=",
                  "f": {
                    "lang": "sux",
                    "form": "x-ne-ne",
                    "delim": " ",
                    "gdl": [
                      {
                        "v": "x",
                        "id": "P229573.13.2.0",
                        "break": "damaged",
                        "ho": "1",
                        "delim": "-",
                        "hc": "1"
                      },
                      {
                        "v": "ne",
                        "id": "P229573.13.2.1",
                        "delim": "-"
                      },
                      {
                        "v": "ne",
                        "id": "P229573.13.2.2"
                      }
                    ]
                  }
                },
                {
                  "node": "l",
                  "frag": "⸢x⸣",
                  "id": "P229573.l1664a",
                  "ref": "P229573.13.3",
                  "inst": "%sux:x=",
                  "f": {
                    "lang": "sux",
                    "form": "x",
                    "delim": " ",
                    "gdl": [
                      {
                        "v": "x",
                        "id": "P229573.13.3.0",
                        "break": "damaged",
                        "ho": "1",
                        "hc": "1"
                      }
                    ]
                  }
                },
                {
                  "node": "l",
                  "frag": "[...]",
                  "id": "P229573.l1664b",
                  "ref": "P229573.13.4",
                  "inst": "%sux:x=",
                  "f": {
                    "lang": "sux",
                    "form": "x",
                    "gdl": [
                      {
                        "x": "ellipsis",
                        "id": "P229573.13.4.0",
                        "breakStart": "1",
                        "break": "missing",
                        "o": "]",
                        "breakEnd": "P229573.13.4.0"
                      }
                    ]
                  }
                },
                {
                  "node": "d",
                  "type": "nonx",
                  "ref": "P229573.14",
                  "strict": "1",
                  "extent": "n",
                  "scope": "line",
                  "state": "missing"
                },
                {
                  "node": "d",
                  "subtype": "reverse",
                  "type": "reverse",
                  "ref": "P229573.r.15",
                  "label": "r"
                },
                {
                  "node": "d",
                  "subtype": "column 1r '",
                  "type": "column",
                  "ref": "P229573.r.i_.16",
                  "n": "1",
                  "label": "r i'"
                },
                {
                  "node": "d",
                  "type": "line-start",
                  "ref": "P229573.17",
                  "n": "1",
                  "label": "r i' 1"
                },
                {
                  "node": "l",
                  "frag": "hi-[hi]",
                  "id": "P229573.l1664c",
                  "ref": "P229573.17.1",
                  "inst": "%sux:hi-hi=",
                  "f": {
                    "lang": "sux",
                    "form": "hi-hi",
                    "gdl": [
                      {
                        "v": "hi",
                        "id": "P229573.17.1.0",
                        "delim": "-"
                      },
                      {
                        "v": "hi",
                        "id": "P229573.17.1.1",
                        "breakStart": "1",
                        "o": "]",
                        "break": "missing",
                        "breakEnd": "P229573.17.1.1"
                      }
                    ]
                  }
                },
                {
                  "node": "d",
                  "type": "line-start",
                  "ref": "P229573.18",
                  "n": "2",
                  "label": "r i' 2"
                },
                {
                  "node": "l",
                  "frag": "hi-[hi]",
                  "id": "P229573.l1664d",
                  "ref": "P229573.18.1",
                  "inst": "%sux:hi-hi=",
                  "f": {
                    "lang": "sux",
                    "form": "hi-hi",
                    "gdl": [
                      {
                        "v": "hi",
                        "id": "P229573.18.1.0",
                        "delim": "-"
                      },
                      {
                        "v": "hi",
                        "id": "P229573.18.1.1",
                        "breakStart": "1",
                        "o": "]",
                        "break": "missing",
                        "breakEnd": "P229573.18.1.1"
                      }
                    ]
                  }
                },
                {
                  "node": "d",
                  "type": "line-start",
                  "ref": "P229573.19",
                  "n": "3",
                  "label": "r i' 3"
                },
                {
                  "node": "l",
                  "frag": "HI-[HI]",
                  "id": "P229573.l1664e",
                  "ref": "P229573.19.1",
                  "inst": "%sux:HI-HI=",
                  "f": {
                    "lang": "sux",
                    "form": "HI-HI",
                    "gdl": [
                      {
                        "s": "HI",
                        "id": "P229573.19.1.0",
                        "delim": "-"
                      },
                      {
                        "s": "HI",
                        "id": "P229573.19.1.1",
                        "breakStart": "1",
                        "o": "]",
                        "break": "missing",
                        "breakEnd": "P229573.19.1.1"
                      }
                    ]
                  }
                },
                {
                  "node": "d",
                  "type": "line-start",
                  "ref": "P229573.20",
                  "n": "4",
                  "label": "r i' 4"
                },
                {
                  "node": "l",
                  "frag": "[dub₃]",
                  "id": "P229573.l1664f",
                  "ref": "P229573.20.1",
                  "inst": "%sux:dub₃=",
                  "f": {
                    "lang": "sux",
                    "form": "dub₃",
                    "gdl": [
                      {
                        "v": "dub₃",
                        "id": "P229573.20.1.0",
                        "breakStart": "1",
                        "o": "]",
                        "break": "missing",
                        "breakEnd": "P229573.20.1.0"
                      }
                    ]
                  }
                },
                {
                  "node": "d",
                  "type": "line-start",
                  "ref": "P229573.21",
                  "n": "5",
                  "label": "r i' 5"
                },
                {
                  "node": "l",
                  "frag": "dub₃",
                  "id": "P229573.l16650",
                  "ref": "P229573.21.1",
                  "inst": "%sux:dub₃=",
                  "f": {
                    "lang": "sux",
                    "form": "dub₃",
                    "delim": " ",
                    "gdl": [
                      {
                        "v": "dub₃",
                        "id": "P229573.21.1.0"
                      }
                    ]
                  }
                },
                {
                  "node": "l",
                  "frag": "[...]",
                  "id": "P229573.l16651",
                  "ref": "P229573.21.2",
                  "inst": "%sux:x=",
                  "f": {
                    "lang": "sux",
                    "form": "x",
                    "gdl": [
                      {
                        "x": "ellipsis",
                        "id": "P229573.21.2.0",
                        "breakStart": "1",
                        "break": "missing",
                        "o": "]",
                        "breakEnd": "P229573.21.2.0"
                      }
                    ]
                  }
                },
                {
                  "node": "d",
                  "type": "line-start",
                  "ref": "P229573.22",
                  "n": "6",
                  "label": "r i' 6"
                },
                {
                  "node": "l",
                  "frag": "dub₃",
                  "id": "P229573.l16652",
                  "ref": "P229573.22.1",
                  "inst": "%sux:dub₃=",
                  "f": {
                    "lang": "sux",
                    "form": "dub₃",
                    "delim": " ",
                    "gdl": [
                      {
                        "v": "dub₃",
                        "id": "P229573.22.1.0"
                      }
                    ]
                  }
                },
                {
                  "node": "l",
                  "frag": "[...]",
                  "id": "P229573.l16653",
                  "ref": "P229573.22.2",
                  "inst": "%sux:x=",
                  "f": {
                    "lang": "sux",
                    "form": "x",
                    "gdl": [
                      {
                        "x": "ellipsis",
                        "id": "P229573.22.2.0",
                        "breakStart": "1",
                        "break": "missing",
                        "o": "]",
                        "breakEnd": "P229573.22.2.0"
                      }
                    ]
                  }
                },
                {
                  "node": "d",
                  "type": "line-start",
                  "ref": "P229573.23",
                  "n": "7",
                  "label": "r i' 7"
                },
                {
                  "node": "l",
                  "frag": "dub₃",
                  "id": "P229573.l16654",
                  "ref": "P229573.23.1",
                  "inst": "%sux:dub₃=",
                  "f": {
                    "lang": "sux",
                    "form": "dub₃",
                    "delim": " ",
                    "gdl": [
                      {
                        "v": "dub₃",
                        "id": "P229573.23.1.0"
                      }
                    ]
                  }
                },
                {
                  "node": "l",
                  "frag": "[...]",
                  "id": "P229573.l16655",
                  "ref": "P229573.23.2",
                  "inst": "%sux:x=",
                  "f": {
                    "lang": "sux",
                    "form": "x",
                    "gdl": [
                      {
                        "x": "ellipsis",
                        "id": "P229573.23.2.0",
                        "breakStart": "1",
                        "break": "missing",
                        "o": "]",
                        "breakEnd": "P229573.23.2.0"
                      }
                    ]
                  }
                },
                {
                  "node": "d",
                  "type": "line-start",
                  "ref": "P229573.24",
                  "n": "8",
                  "label": "r i' 8"
                },
                {
                  "node": "l",
                  "frag": "dub₃-⸢lah₄⸣-[lah₄]",
                  "id": "P229573.l16656",
                  "ref": "P229573.24.1",
                  "inst": "%sux:dub₃-lah₄-lah₄=",
                  "f": {
                    "lang": "sux",
                    "form": "dub₃-lah₄-lah₄",
                    "gdl": [
                      {
                        "v": "dub₃",
                        "id": "P229573.24.1.0",
                        "delim": "-"
                      },
                      {
                        "v": "lah₄",
                        "id": "P229573.24.1.1",
                        "break": "damaged",
                        "ho": "1",
                        "delim": "-",
                        "hc": "1"
                      },
                      {
                        "v": "lah₄",
                        "id": "P229573.24.1.2",
                        "breakStart": "1",
                        "o": "]",
                        "break": "missing",
                        "breakEnd": "P229573.24.1.2"
                      }
                    ]
                  }
                },
                {
                  "node": "d",
                  "type": "line-start",
                  "ref": "P229573.25",
                  "n": "9",
                  "label": "r i' 9"
                },
                {
                  "node": "l",
                  "frag": "[...]",
                  "id": "P229573.l16657",
                  "ref": "P229573.25.1",
                  "inst": "%sux:x=",
                  "f": {
                    "lang": "sux",
                    "form": "x",
                    "gdl": [
                      {
                        "x": "ellipsis",
                        "id": "P229573.25.1.0",
                        "breakStart": "1",
                        "break": "missing",
                        "o": "]",
                        "breakEnd": "P229573.25.1.0"
                      }
                    ]
                  }
                },
                {
                  "node": "d",
                  "type": "line-start",
                  "ref": "P229573.26",
                  "n": "10",
                  "label": "r i' 10"
                },
                {
                  "node": "l",
                  "frag": "[...]",
                  "id": "P229573.l16658",
                  "ref": "P229573.26.1",
                  "inst": "%sux:x=",
                  "f": {
                    "lang": "sux",
                    "form": "x",
                    "gdl": [
                      {
                        "x": "ellipsis",
                        "id": "P229573.26.1.0",
                        "breakStart": "1",
                        "break": "missing",
                        "o": "]",
                        "breakEnd": "P229573.26.1.0"
                      }
                    ]
                  }
                },
                {
                  "node": "d",
                  "type": "line-start",
                  "ref": "P229573.27",
                  "n": "11",
                  "label": "r i' 11"
                },
                {
                  "node": "l",
                  "frag": "[...]",
                  "id": "P229573.l16659",
                  "ref": "P229573.27.1",
                  "inst": "%sux:x=",
                  "f": {
                    "lang": "sux",
                    "form": "x",
                    "gdl": [
                      {
                        "x": "ellipsis",
                        "id": "P229573.27.1.0",
                        "breakStart": "1",
                        "break": "missing",
                        "o": "]",
                        "breakEnd": "P229573.27.1.0"
                      }
                    ]
                  }
                },
                {
                  "node": "d",
                  "type": "line-start",
                  "ref": "P229573.28",
                  "n": "12",
                  "label": "r i' 12"
                },
                {
                  "node": "l",
                  "frag": "ur₅",
                  "id": "P229573.l1665a",
                  "ref": "P229573.28.1",
                  "inst": "%sux:ur₅=",
                  "f": {
                    "lang": "sux",
                    "form": "ur₅",
                    "delim": " ",
                    "gdl": [
                      {
                        "v": "ur₅",
                        "id": "P229573.28.1.0"
                      }
                    ]
                  }
                },
                {
                  "node": "l",
                  "frag": "[...]",
                  "id": "P229573.l1665b",
                  "ref": "P229573.28.2",
                  "inst": "%sux:x=",
                  "f": {
                    "lang": "sux",
                    "form": "x",
                    "gdl": [
                      {
                        "x": "ellipsis",
                        "id": "P229573.28.2.0",
                        "breakStart": "1",
                        "break": "missing",
                        "o": "]",
                        "breakEnd": "P229573.28.2.0"
                      }
                    ]
                  }
                },
                {
                  "node": "d",
                  "type": "line-start",
                  "ref": "P229573.29",
                  "n": "13",
                  "label": "r i' 13"
                },
                {
                  "node": "l",
                  "frag": "⸢ur₅",
                  "id": "P229573.l1665c",
                  "ref": "P229573.29.1",
                  "inst": "%sux:ur₅=",
                  "f": {
                    "lang": "sux",
                    "form": "ur₅",
                    "delim": " ",
                    "gdl": [
                      {
                        "v": "ur₅",
                        "id": "P229573.29.1.0",
                        "break": "damaged",
                        "ho": "1"
                      }
                    ]
                  }
                },
                {
                  "node": "l",
                  "frag": "x⸣",
                  "id": "P229573.l1665d",
                  "ref": "P229573.29.2",
                  "inst": "%sux:x=",
                  "f": {
                    "lang": "sux",
                    "form": "x",
                    "delim": " ",
                    "gdl": [
                      {
                        "v": "x",
                        "id": "P229573.29.2.0",
                        "break": "damaged",
                        "hc": "1"
                      }
                    ]
                  }
                },
                {
                  "node": "l",
                  "frag": "[...]",
                  "id": "P229573.l1665e",
                  "ref": "P229573.29.3",
                  "inst": "%sux:x=",
                  "f": {
                    "lang": "sux",
                    "form": "x",
                    "gdl": [
                      {
                        "x": "ellipsis",
                        "id": "P229573.29.3.0",
                        "breakStart": "1",
                        "break": "missing",
                        "o": "]",
                        "breakEnd": "P229573.29.3.0"
                      }
                    ]
                  }
                },
                {
                  "node": "d",
                  "type": "nonx",
                  "ref": "P229573.30",
                  "strict": "1",
                  "extent": "n",
                  "scope": "line",
                  "state": "missing"
                },
                {
                  "node": "d",
                  "subtype": "column 2r '",
                  "type": "column",
                  "ref": "P229573.r.ii_.31",
                  "n": "2",
                  "label": "r ii'"
                },
                {
                  "node": "d",
                  "type": "line-start",
                  "ref": "P229573.32",
                  "n": "1",
                  "label": "r ii' 1"
                },
                {
                  "node": "l",
                  "frag": "huš",
                  "id": "P229573.l1665f",
                  "ref": "P229573.32.1",
                  "inst": "%sux:huš=",
                  "f": {
                    "lang": "sux",
                    "form": "huš",
                    "gdl": [
                      {
                        "v": "huš",
                        "id": "P229573.32.1.0",
                        "queried": "1"
                      }
                    ]
                  }
                },
                {
                  "node": "d",
                  "type": "line-start",
                  "ref": "P229573.33",
                  "n": "2",
                  "label": "r ii' 2"
                },
                {
                  "node": "l",
                  "frag": "huš",
                  "id": "P229573.l16660",
                  "ref": "P229573.33.1",
                  "inst": "%sux:huš=",
                  "f": {
                    "lang": "sux",
                    "form": "huš",
                    "gdl": [
                      {
                        "v": "huš",
                        "id": "P229573.33.1.0"
                      }
                    ]
                  }
                },
                {
                  "node": "d",
                  "type": "line-start",
                  "ref": "P229573.34",
                  "n": "3",
                  "label": "r ii' 3"
                },
                {
                  "node": "l",
                  "frag": "ŋiri₃",
                  "id": "P229573.l16661",
                  "ref": "P229573.34.1",
                  "inst": "%sux:ŋiri₃=",
                  "f": {
                    "lang": "sux",
                    "form": "ŋiri₃",
                    "gdl": [
                      {
                        "v": "ŋiri₃",
                        "id": "P229573.34.1.0"
                      }
                    ]
                  }
                },
                {
                  "node": "d",
                  "type": "line-start",
                  "ref": "P229573.35",
                  "n": "4",
                  "label": "r ii' 4"
                },
                {
                  "node": "l",
                  "frag": "anše",
                  "id": "P229573.l16662",
                  "ref": "P229573.35.1",
                  "inst": "%sux:anše=",
                  "f": {
                    "lang": "sux",
                    "form": "anše",
                    "gdl": [
                      {
                        "v": "anše",
                        "id": "P229573.35.1.0"
                      }
                    ]
                  }
                },
                {
                  "node": "d",
                  "type": "line-start",
                  "ref": "P229573.36",
                  "n": "5",
                  "label": "r ii' 5"
                },
                {
                  "node": "l",
                  "frag": "alim",
                  "id": "P229573.l16663",
                  "ref": "P229573.36.1",
                  "inst": "%sux:alim=",
                  "f": {
                    "lang": "sux",
                    "form": "alim",
                    "gdl": [
                      {
                        "v": "alim",
                        "id": "P229573.36.1.0"
                      }
                    ]
                  }
                },
                {
                  "node": "d",
                  "type": "line-start",
                  "ref": "P229573.37",
                  "n": "6",
                  "label": "r ii' 6"
                },
                {
                  "node": "l",
                  "frag": "gir₁₆(|GIR₃×GAN₂@t|)",
                  "id": "P229573.l16664",
                  "ref": "P229573.37.1",
                  "inst": "%sux:gir₁₆(|GIR₃×GAN₂@t|)=",
                  "f": {
                    "lang": "sux",
                    "form": "gir₁₆(|GIR₃×GAN₂@t|)",
                    "gdl": [
                      {
                        "q": "gir₁₆(|GIR₃×GAN₂@t|)",
                        "id": "P229573.37.1.0",
                        "qualified": [
                          {
                            "v": "gir₁₆"
                          },
                          {
                            "c": "|GIR₃×GAN₂@t|",
                            "seq": [
                              {
                                "s": "GIR₃"
                              },
                              {
                                "o": "containing"
                              },
                              {
                                "form": "GAN₂@t",
                                "mods": [
                                  {
                                    "b": "GAN₂"
                                  },
                                  {
                                    "m": "t"
                                  }
                                ]
                              }
                            ]
                          }
                        ]
                      }
                    ]
                  }
                },
                {
                  "node": "d",
                  "type": "line-start",
                  "ref": "P229573.38",
                  "n": "7",
                  "label": "r ii' 7"
                },
                {
                  "node": "l",
                  "frag": "sumur(SAG)",
                  "id": "P229573.l16665",
                  "ref": "P229573.38.1",
                  "inst": "%sux:sumur=",
                  "f": {
                    "lang": "sux",
                    "form": "sumur",
                    "gdl": [
                      {
                        "gg": "correction",
                        "gdl_type": "correction",
                        "group": [
                          {
                            "v": "sumur",
                            "id": "P229573.38.1.0",
                            "gdl_remarked": "1"
                          },
                          {
                            "s": "SAG"
                          }
                        ]
                      }
                    ]
                  }
                },
                {
                  "node": "d",
                  "type": "line-start",
                  "ref": "P229573.39",
                  "n": "8",
                  "label": "r ii' 8"
                },
                {
                  "node": "l",
                  "frag": "⸢šur₂⸣-du",
                  "id": "P229573.l16666",
                  "ref": "P229573.39.1",
                  "inst": "%sux:šur₂-du=",
                  "f": {
                    "lang": "sux",
                    "form": "šur₂-du",
                    "gdl": [
                      {
                        "v": "šur₂",
                        "id": "P229573.39.1.0",
                        "break": "damaged",
                        "ho": "1",
                        "delim": "-",
                        "hc": "1"
                      },
                      {
                        "v": "du",
                        "id": "P229573.39.1.1"
                      }
                    ]
                  }
                },
                {
                  "node": "d",
                  "type": "line-start",
                  "ref": "P229573.40",
                  "n": "9",
                  "label": "r ii' 9"
                },
                {
                  "node": "l",
                  "frag": "[mir]-ša₄",
                  "id": "P229573.l16667",
                  "ref": "P229573.40.1",
                  "inst": "%sux:mir-ša₄=",
                  "f": {
                    "lang": "sux",
                    "form": "mir-ša₄",
                    "gdl": [
                      {
                        "v": "mir",
                        "id": "P229573.40.1.0",
                        "breakStart": "1",
                        "o": "]",
                        "break": "missing",
                        "breakEnd": "P229573.40.1.0",
                        "delim": "-"
                      },
                      {
                        "v": "ša₄",
                        "id": "P229573.40.1.1"
                      }
                    ]
                  }
                },
                {
                  "node": "d",
                  "type": "line-start",
                  "ref": "P229573.41",
                  "n": "10",
                  "label": "r ii' 10"
                },
                {
                  "node": "l",
                  "frag": "⸢barag⸣",
                  "id": "P229573.l16668",
                  "ref": "P229573.41.1",
                  "inst": "%sux:barag=",
                  "f": {
                    "lang": "sux",
                    "form": "barag",
                    "gdl": [
                      {
                        "v": "barag",
                        "id": "P229573.41.1.0",
                        "break": "damaged",
                        "queried": "1",
                        "ho": "1",
                        "hc": "1"
                      }
                    ]
                  }
                },
                {
                  "node": "d",
                  "type": "nonx",
                  "ref": "P229573.42",
                  "strict": "1",
                  "extent": "n",
                  "scope": "line",
                  "state": "missing"
                },
                {
                  "node": "d",
                  "subtype": "column 3r '",
                  "type": "column",
                  "ref": "P229573.r.iii_.43",
                  "n": "3",
                  "label": "r iii'"
                },
                {
                  "node": "d",
                  "type": "line-start",
                  "ref": "P229573.44",
                  "n": "1",
                  "label": "r iii' 1"
                },
                {
                  "node": "l",
                  "frag": "[...]",
                  "id": "P229573.l16669",
                  "ref": "P229573.44.1",
                  "inst": "%sux:x=",
                  "f": {
                    "lang": "sux",
                    "form": "x",
                    "delim": " ",
                    "gdl": [
                      {
                        "x": "ellipsis",
                        "id": "P229573.44.1.0",
                        "breakStart": "1",
                        "break": "missing",
                        "o": "]",
                        "breakEnd": "P229573.44.1.0"
                      }
                    ]
                  }
                },
                {
                  "node": "l",
                  "frag": "x",
                  "id": "P229573.l1666a",
                  "ref": "P229573.44.2",
                  "inst": "%sux:x=",
                  "f": {
                    "lang": "sux",
                    "form": "x",
                    "gdl": [
                      {
                        "v": "x",
                        "id": "P229573.44.2.0"
                      }
                    ]
                  }
                },
                {
                  "node": "d",
                  "type": "line-start",
                  "ref": "P229573.45",
                  "n": "2",
                  "label": "r iii' 2"
                },
                {
                  "node": "l",
                  "frag": "[...]-lu",
                  "id": "P229573.l1666b",
                  "ref": "P229573.45.1",
                  "inst": "%sux:x-lu=",
                  "f": {
                    "lang": "sux",
                    "form": "x-lu",
                    "gdl": [
                      {
                        "x": "ellipsis",
                        "id": "P229573.45.1.0",
                        "breakStart": "1",
                        "break": "missing",
                        "o": "]",
                        "breakEnd": "P229573.45.1.0",
                        "delim": "-"
                      },
                      {
                        "v": "lu",
                        "id": "P229573.45.1.1"
                      }
                    ]
                  }
                },
                {
                  "node": "d",
                  "type": "line-start",
                  "ref": "P229573.46",
                  "n": "3",
                  "label": "r iii' 3"
                },
                {
                  "node": "l",
                  "frag": "[...]-⸢lu⸣",
                  "id": "P229573.l1666c",
                  "ref": "P229573.46.1",
                  "inst": "%sux:x-lu=",
                  "f": {
                    "lang": "sux",
                    "form": "x-lu",
                    "gdl": [
                      {
                        "x": "ellipsis",
                        "id": "P229573.46.1.0",
                        "breakStart": "1",
                        "break": "missing",
                        "o": "]",
                        "breakEnd": "P229573.46.1.0",
                        "delim": "-"
                      },
                      {
                        "v": "lu",
                        "id": "P229573.46.1.1",
                        "break": "damaged",
                        "queried": "1",
                        "ho": "1",
                        "hc": "1"
                      }
                    ]
                  }
                },
                {
                  "node": "d",
                  "type": "line-start",
                  "ref": "P229573.47",
                  "n": "4",
                  "label": "r iii' 4"
                },
                {
                  "node": "l",
                  "frag": "[...]",
                  "id": "P229573.l1666d",
                  "ref": "P229573.47.1",
                  "inst": "%sux:x=",
                  "f": {
                    "lang": "sux",
                    "form": "x",
                    "delim": " ",
                    "gdl": [
                      {
                        "x": "ellipsis",
                        "id": "P229573.47.1.0",
                        "breakStart": "1",
                        "break": "missing",
                        "o": "]",
                        "breakEnd": "P229573.47.1.0"
                      }
                    ]
                  }
                },
                {
                  "node": "l",
                  "frag": "⸢x⸣",
                  "id": "P229573.l1666e",
                  "ref": "P229573.47.2",
                  "inst": "%sux:x=",
                  "f": {
                    "lang": "sux",
                    "form": "x",
                    "gdl": [
                      {
                        "v": "x",
                        "id": "P229573.47.2.0",
                        "break": "damaged",
                        "ho": "1",
                        "hc": "1"
                      }
                    ]
                  }
                },
                {
                  "node": "d",
                  "type": "nonx",
                  "ref": "P229573.48",
                  "strict": "1",
                  "extent": "n",
                  "scope": "line",
                  "state": "missing"
                }
              ]
            }
          ]
        }
      ]
    }
  ]
}
