{
  "type": "cdl",
  "project": "dcclt",
  "source": "http://oracc.org/dcclt",
  "license": "This data is released under the CC0 license",
  "license-url": "https://creativecommons.org/publicdomain/zero/1.0/",
  "more-info": "http://oracc.org/doc/opendata/",
  "UTC-timestamp": "2017-06-21T22:06:44",
  "textid": "P229070",
  "cdl": [
    {
      "node": "c",
      "type": "text",
      "id": "P229070.U0",
      "cdl": [
        {
          "node": "d",
          "subtype": "tablet",
          "type": "tablet",
          "ref": "P229070.x731.1",
          "label": "x731"
        },
        {
          "node": "d",
          "subtype": "obverse",
          "type": "obverse",
          "ref": "P229070.o.2",
          "label": "o"
        },
        {
          "node": "c",
          "type": "discourse",
          "subtype": "body",
          "id": "P229070.U1",
          "cdl": [
            {
              "node": "c",
              "type": "sentence",
              "id": "P229070.U2",
              "label": "o 1 - o 2",
              "cdl": [
                {
                  "node": "d",
                  "type": "line-start",
                  "ref": "P229070.3",
                  "n": "1",
                  "label": "o 1"
                },
                {
                  "node": "l",
                  "frag": "{dug}ubur",
                  "id": "P229070.l204cd",
                  "ref": "P229070.3.1",
                  "inst": "%sux:{dug}ubur=",
                  "f": {
                    "lang": "sux",
                    "form": "{dug}ubur",
                    "delim": " ",
                    "gdl": [
                      {
                        "det": "semantic",
                        "pos": "pre",
                        "seq": [
                          {
                            "v": "dug",
                            "id": "P229070.3.1.0"
                          }
                        ]
                      },
                      {
                        "v": "ubur",
                        "id": "P229070.3.1.1"
                      }
                    ]
                  }
                },
                {
                  "node": "l",
                  "frag": "[...]",
                  "id": "P229070.l204ce",
                  "ref": "P229070.3.2",
                  "inst": "%sux:x=",
                  "f": {
                    "lang": "sux",
                    "form": "x",
                    "gdl": [
                      {
                        "x": "ellipsis",
                        "id": "P229070.3.2.0",
                        "breakStart": "1",
                        "break": "missing",
                        "o": "]",
                        "breakEnd": "P229070.3.2.0"
                      }
                    ]
                  }
                },
                {
                  "node": "d",
                  "type": "line-start",
                  "ref": "P229070.4",
                  "n": "2",
                  "label": "o 2"
                },
                {
                  "node": "l",
                  "frag": "{⸢dug}ubur⸣",
                  "id": "P229070.l204cf",
                  "ref": "P229070.4.1",
                  "inst": "%sux:{dug}ubur=",
                  "f": {
                    "lang": "sux",
                    "form": "{dug}ubur",
                    "delim": " ",
                    "gdl": [
                      {
                        "det": "semantic",
                        "pos": "pre",
                        "seq": [
                          {
                            "v": "dug",
                            "id": "P229070.4.1.0",
                            "break": "damaged",
                            "ho": "1"
                          }
                        ]
                      },
                      {
                        "v": "ubur",
                        "id": "P229070.4.1.1",
                        "break": "damaged",
                        "hc": "1"
                      }
                    ]
                  }
                },
                {
                  "node": "l",
                  "frag": "[...]",
                  "id": "P229070.l204d0",
                  "ref": "P229070.4.2",
                  "inst": "%sux:x=",
                  "f": {
                    "lang": "sux",
                    "form": "x",
                    "gdl": [
                      {
                        "x": "ellipsis",
                        "id": "P229070.4.2.0",
                        "breakStart": "1",
                        "break": "missing",
                        "o": "]",
                        "breakEnd": "P229070.4.2.0"
                      }
                    ]
                  }
                },
                {
                  "node": "d",
                  "type": "nonx",
                  "ref": "P229070.5",
                  "strict": "1",
                  "extent": "2",
                  "scope": "line",
                  "state": "missing"
                }
              ]
            }
          ]
        }
      ]
    }
  ]
}
