{
  "type": "cdl",
  "project": "dcclt",
  "source": "http://oracc.org/dcclt",
  "license": "This data is released under the CC0 license",
  "license-url": "https://creativecommons.org/publicdomain/zero/1.0/",
  "more-info": "http://oracc.org/doc/opendata/",
  "UTC-timestamp": "2017-06-21T22:06:52",
  "textid": "P229143",
  "cdl": [
    {
      "node": "c",
      "type": "text",
      "id": "P229143.U0",
      "cdl": [
        {
          "node": "d",
          "type": "object",
          "ref": ""
        },
        {
          "node": "d",
          "subtype": "obverse",
          "type": "obverse",
          "ref": "P229143.o.1",
          "label": "o"
        },
        {
          "node": "d",
          "type": "nonx",
          "ref": "P229143.2",
          "strict": "1",
          "extent": "n",
          "scope": "line",
          "state": "missing"
        },
        {
          "node": "d",
          "subtype": "reverse",
          "type": "reverse",
          "ref": "P229143.r.3",
          "label": "r"
        },
        {
          "node": "d",
          "subtype": "column 1r",
          "type": "column",
          "ref": "P229143.r.i.4",
          "n": "1",
          "label": "r i"
        },
        {
          "node": "d",
          "type": "nonx",
          "ref": "P229143.5",
          "strict": "1",
          "extent": "beginning",
          "scope": "column",
          "state": "missing"
        },
        {
          "node": "c",
          "type": "discourse",
          "subtype": "body",
          "id": "P229143.U1",
          "cdl": [
            {
              "node": "c",
              "type": "sentence",
              "id": "P229143.U2",
              "label": "r i 1' - r i 11'",
              "cdl": [
                {
                  "node": "d",
                  "type": "line-start",
                  "ref": "P229143.6",
                  "n": "1'",
                  "label": "r i 1'"
                },
                {
                  "node": "l",
                  "frag": "[tun₃-la₂]",
                  "id": "P229143.l19ca8",
                  "ref": "P229143.6.1",
                  "inst": "%sux:tun₃-la₂=",
                  "f": {
                    "lang": "sux",
                    "form": "tun₃-la₂",
                    "delim": " ",
                    "gdl": [
                      {
                        "v": "tun₃",
                        "id": "P229143.6.1.0",
                        "breakStart": "1",
                        "o": "[",
                        "break": "missing",
                        "delim": "-"
                      },
                      {
                        "v": "la₂",
                        "id": "P229143.6.1.1",
                        "break": "missing",
                        "o": "]",
                        "breakEnd": "P229143.6.1.0"
                      }
                    ]
                  }
                },
                {
                  "node": "l",
                  "frag": "⸢siki-ŋu₁₀⸣",
                  "id": "P229143.l19ca9",
                  "ref": "P229143.6.2",
                  "inst": "%sux:siki-ŋu₁₀=",
                  "f": {
                    "lang": "sux",
                    "form": "siki-ŋu₁₀",
                    "gdl": [
                      {
                        "v": "siki",
                        "id": "P229143.6.2.0",
                        "break": "damaged",
                        "ho": "1",
                        "delim": "-"
                      },
                      {
                        "v": "ŋu₁₀",
                        "id": "P229143.6.2.1",
                        "break": "damaged",
                        "hc": "1"
                      }
                    ]
                  }
                },
                {
                  "node": "d",
                  "type": "line-start",
                  "ref": "P229143.7",
                  "n": "2'",
                  "label": "r i 2'"
                },
                {
                  "node": "l",
                  "frag": "⸢siki⸣",
                  "id": "P229143.l19caa",
                  "ref": "P229143.7.1",
                  "inst": "%sux:siki=",
                  "f": {
                    "lang": "sux",
                    "form": "siki",
                    "delim": " ",
                    "gdl": [
                      {
                        "v": "siki",
                        "id": "P229143.7.1.0",
                        "break": "damaged",
                        "ho": "1",
                        "hc": "1"
                      }
                    ]
                  }
                },
                {
                  "node": "l",
                  "frag": "ur₂-ŋu₁₀",
                  "id": "P229143.l19cab",
                  "ref": "P229143.7.2",
                  "inst": "%sux:ur₂-ŋu₁₀=",
                  "f": {
                    "lang": "sux",
                    "form": "ur₂-ŋu₁₀",
                    "gdl": [
                      {
                        "v": "ur₂",
                        "id": "P229143.7.2.0",
                        "delim": "-"
                      },
                      {
                        "v": "ŋu₁₀",
                        "id": "P229143.7.2.1"
                      }
                    ]
                  }
                },
                {
                  "node": "d",
                  "type": "line-start",
                  "ref": "P229143.8",
                  "n": "3'",
                  "label": "r i 3'"
                },
                {
                  "node": "l",
                  "frag": "siki",
                  "id": "P229143.l19cac",
                  "ref": "P229143.8.1",
                  "inst": "%sux:siki=",
                  "f": {
                    "lang": "sux",
                    "form": "siki",
                    "delim": " ",
                    "gdl": [
                      {
                        "v": "siki",
                        "id": "P229143.8.1.0"
                      }
                    ]
                  }
                },
                {
                  "node": "l",
                  "frag": "pa-ŋu₁₀",
                  "id": "P229143.l19cad",
                  "ref": "P229143.8.2",
                  "inst": "%sux:pa-ŋu₁₀=",
                  "f": {
                    "lang": "sux",
                    "form": "pa-ŋu₁₀",
                    "gdl": [
                      {
                        "v": "pa",
                        "id": "P229143.8.2.0",
                        "delim": "-"
                      },
                      {
                        "v": "ŋu₁₀",
                        "id": "P229143.8.2.1"
                      }
                    ]
                  }
                },
                {
                  "node": "d",
                  "type": "line-start",
                  "ref": "P229143.9",
                  "n": "4'",
                  "label": "r i 4'"
                },
                {
                  "node": "l",
                  "frag": "DUN₃-KA-ŋu₁₀",
                  "id": "P229143.l19cae",
                  "ref": "P229143.9.1",
                  "inst": "%sux:DUN₃-KA-ŋu₁₀=",
                  "f": {
                    "lang": "sux",
                    "form": "DUN₃-KA-ŋu₁₀",
                    "gdl": [
                      {
                        "s": "DUN₃",
                        "id": "P229143.9.1.0",
                        "delim": "-"
                      },
                      {
                        "s": "KA",
                        "id": "P229143.9.1.1",
                        "delim": "-"
                      },
                      {
                        "v": "ŋu₁₀",
                        "id": "P229143.9.1.2"
                      }
                    ]
                  }
                },
                {
                  "node": "d",
                  "type": "line-start",
                  "ref": "P229143.10",
                  "n": "5'",
                  "label": "r i 5'"
                },
                {
                  "node": "l",
                  "frag": "DUN₃",
                  "id": "P229143.l19caf",
                  "ref": "P229143.10.1",
                  "inst": "%sux:DUN₃=",
                  "f": {
                    "lang": "sux",
                    "form": "DUN₃",
                    "delim": " ",
                    "gdl": [
                      {
                        "s": "DUN₃",
                        "id": "P229143.10.1.0"
                      }
                    ]
                  }
                },
                {
                  "node": "l",
                  "frag": "⸢umbin⸣",
                  "id": "P229143.l19cb0",
                  "ref": "P229143.10.2",
                  "inst": "%sux:umbin=",
                  "f": {
                    "lang": "sux",
                    "form": "umbin",
                    "delim": " ",
                    "gdl": [
                      {
                        "v": "umbin",
                        "id": "P229143.10.2.0",
                        "break": "damaged",
                        "ho": "1",
                        "hc": "1"
                      }
                    ]
                  }
                },
                {
                  "node": "l",
                  "frag": "kud-ŋu₁₀",
                  "id": "P229143.l19cb1",
                  "ref": "P229143.10.3",
                  "inst": "%sux:kud-ŋu₁₀=",
                  "f": {
                    "lang": "sux",
                    "form": "kud-ŋu₁₀",
                    "gdl": [
                      {
                        "v": "kud",
                        "id": "P229143.10.3.0",
                        "delim": "-"
                      },
                      {
                        "v": "ŋu₁₀",
                        "id": "P229143.10.3.1"
                      }
                    ]
                  }
                },
                {
                  "node": "d",
                  "type": "line-start",
                  "ref": "P229143.11",
                  "n": "6'",
                  "label": "r i 6'"
                },
                {
                  "node": "l",
                  "frag": "kun",
                  "id": "P229143.l19cb2",
                  "ref": "P229143.11.1",
                  "inst": "%sux:kun=",
                  "f": {
                    "lang": "sux",
                    "form": "kun",
                    "delim": " ",
                    "gdl": [
                      {
                        "v": "kun",
                        "id": "P229143.11.1.0"
                      }
                    ]
                  }
                },
                {
                  "node": "l",
                  "frag": "siki-ŋu₁₀",
                  "id": "P229143.l19cb3",
                  "ref": "P229143.11.2",
                  "inst": "%sux:siki-ŋu₁₀=",
                  "f": {
                    "lang": "sux",
                    "form": "siki-ŋu₁₀",
                    "gdl": [
                      {
                        "v": "siki",
                        "id": "P229143.11.2.0",
                        "delim": "-"
                      },
                      {
                        "v": "ŋu₁₀",
                        "id": "P229143.11.2.1"
                      }
                    ]
                  }
                },
                {
                  "node": "d",
                  "type": "line-start",
                  "ref": "P229143.12",
                  "n": "7'",
                  "label": "r i 7'"
                },
                {
                  "node": "l",
                  "frag": "munsub-ŋu₁₀",
                  "id": "P229143.l19cb4",
                  "ref": "P229143.12.1",
                  "inst": "%sux:munsub-ŋu₁₀=",
                  "f": {
                    "lang": "sux",
                    "form": "munsub-ŋu₁₀",
                    "gdl": [
                      {
                        "v": "munsub",
                        "id": "P229143.12.1.0",
                        "delim": "-"
                      },
                      {
                        "v": "ŋu₁₀",
                        "id": "P229143.12.1.1"
                      }
                    ]
                  }
                },
                {
                  "node": "d",
                  "type": "line-start",
                  "ref": "P229143.13",
                  "n": "8'",
                  "label": "r i 8'"
                },
                {
                  "node": "l",
                  "frag": "siki",
                  "id": "P229143.l19cb5",
                  "ref": "P229143.13.1",
                  "inst": "%sux:siki=",
                  "f": {
                    "lang": "sux",
                    "form": "siki",
                    "delim": " ",
                    "gdl": [
                      {
                        "v": "siki",
                        "id": "P229143.13.1.0"
                      }
                    ]
                  }
                },
                {
                  "node": "l",
                  "frag": "hamanzer-⸢ŋu₁₀⸣",
                  "id": "P229143.l19cb6",
                  "ref": "P229143.13.2",
                  "inst": "%sux:hamanzer-ŋu₁₀=",
                  "f": {
                    "lang": "sux",
                    "form": "hamanzer-ŋu₁₀",
                    "gdl": [
                      {
                        "v": "hamanzer",
                        "id": "P229143.13.2.0",
                        "delim": "-"
                      },
                      {
                        "v": "ŋu₁₀",
                        "id": "P229143.13.2.1",
                        "break": "damaged",
                        "ho": "1",
                        "hc": "1"
                      }
                    ]
                  }
                },
                {
                  "node": "d",
                  "type": "line-start",
                  "ref": "P229143.14",
                  "n": "9'",
                  "label": "r i 9'"
                },
                {
                  "node": "l",
                  "frag": "saŋ",
                  "id": "P229143.l19cb7",
                  "ref": "P229143.14.1",
                  "inst": "%sux:saŋ=",
                  "f": {
                    "lang": "sux",
                    "form": "saŋ",
                    "delim": " ",
                    "gdl": [
                      {
                        "v": "saŋ",
                        "id": "P229143.14.1.0"
                      }
                    ]
                  }
                },
                {
                  "node": "l",
                  "frag": "mu-dur₇-[ŋu₁₀]",
                  "id": "P229143.l19cb8",
                  "ref": "P229143.14.2",
                  "inst": "%sux:mu-dur₇-ŋu₁₀=",
                  "f": {
                    "lang": "sux",
                    "form": "mu-dur₇-ŋu₁₀",
                    "gdl": [
                      {
                        "v": "mu",
                        "id": "P229143.14.2.0",
                        "delim": "-"
                      },
                      {
                        "v": "dur₇",
                        "id": "P229143.14.2.1",
                        "delim": "-"
                      },
                      {
                        "v": "ŋu₁₀",
                        "id": "P229143.14.2.2",
                        "breakStart": "1",
                        "o": "]",
                        "break": "missing",
                        "breakEnd": "P229143.14.2.2"
                      }
                    ]
                  }
                },
                {
                  "node": "d",
                  "type": "line-start",
                  "ref": "P229143.15",
                  "n": "10'",
                  "label": "r i 10'"
                },
                {
                  "node": "l",
                  "frag": "aka₃-⸢ŋu₁₀⸣",
                  "id": "P229143.l19cb9",
                  "ref": "P229143.15.1",
                  "inst": "%sux:aka₃-ŋu₁₀=",
                  "f": {
                    "lang": "sux",
                    "form": "aka₃-ŋu₁₀",
                    "gdl": [
                      {
                        "v": "aka₃",
                        "id": "P229143.15.1.0",
                        "delim": "-"
                      },
                      {
                        "v": "ŋu₁₀",
                        "id": "P229143.15.1.1",
                        "break": "damaged",
                        "ho": "1",
                        "hc": "1"
                      }
                    ]
                  }
                },
                {
                  "node": "d",
                  "type": "line-start",
                  "ref": "P229143.16",
                  "n": "11'",
                  "label": "r i 11'"
                },
                {
                  "node": "l",
                  "frag": "|KA×NUN|[ŋu₁₀]",
                  "id": "P229143.l19cba",
                  "ref": "P229143.16.1",
                  "inst": "%sux:|KA×NUN|-ŋu₁₀=",
                  "f": {
                    "lang": "sux",
                    "form": "|KA×NUN|-ŋu₁₀",
                    "gdl": [
                      {
                        "c": "|KA×NUN|",
                        "id": "P229143.16.1.0",
                        "break": "damaged",
                        "queried": "1",
                        "ho": "1",
                        "delim": "-",
                        "hc": "1",
                        "seq": [
                          {
                            "s": "KA"
                          },
                          {
                            "o": "containing"
                          },
                          {
                            "s": "NUN"
                          }
                        ]
                      },
                      {
                        "v": "ŋu₁₀",
                        "id": "P229143.16.1.1",
                        "breakStart": "1",
                        "o": "]",
                        "break": "missing",
                        "breakEnd": "P229143.16.1.1"
                      }
                    ]
                  }
                },
                {
                  "node": "d",
                  "type": "nonx",
                  "ref": "P229143.17",
                  "strict": "1",
                  "extent": "rest",
                  "scope": "column",
                  "state": "missing"
                },
                {
                  "node": "d",
                  "subtype": "column 2r",
                  "type": "column",
                  "ref": "P229143.r.ii.18",
                  "n": "2",
                  "label": "r ii"
                },
                {
                  "node": "d",
                  "type": "nonx",
                  "ref": "P229143.19",
                  "strict": "1",
                  "extent": "n",
                  "scope": "line",
                  "state": "traces"
                }
              ]
            }
          ]
        }
      ]
    }
  ]
}
