{
  "type": "cdl",
  "project": "dcclt",
  "source": "http://oracc.org/dcclt",
  "license": "This data is released under the CC0 license",
  "license-url": "https://creativecommons.org/publicdomain/zero/1.0/",
  "more-info": "http://oracc.org/doc/opendata/",
  "UTC-timestamp": "2017-06-21T22:07:06",
  "textid": "P229267",
  "cdl": [
    {
      "node": "c",
      "type": "text",
      "id": "P229267.U0",
      "cdl": [
        {
          "node": "d",
          "type": "object",
          "ref": ""
        },
        {
          "node": "d",
          "subtype": "obverse",
          "type": "obverse",
          "ref": "P229267.o.1",
          "label": "o"
        },
        {
          "node": "d",
          "subtype": "column 1o",
          "type": "column",
          "ref": "P229267.o.i.2",
          "n": "1",
          "label": "o i"
        },
        {
          "node": "c",
          "type": "discourse",
          "subtype": "body",
          "id": "P229267.U1",
          "cdl": [
            {
              "node": "c",
              "type": "sentence",
              "id": "P229267.U2",
              "label": "o i 1 - o i 2",
              "cdl": [
                {
                  "node": "d",
                  "type": "line-start",
                  "ref": "P229267.3",
                  "n": "1",
                  "label": "o i 1"
                },
                {
                  "node": "l",
                  "frag": "ŋeš",
                  "id": "P229267.l1e4e4",
                  "ref": "P229267.3.1",
                  "inst": "%sux:ŋeš=",
                  "f": {
                    "lang": "sux",
                    "form": "ŋeš",
                    "delim": " ",
                    "gdl": [
                      {
                        "v": "ŋeš",
                        "id": "P229267.3.1.0"
                      }
                    ]
                  }
                },
                {
                  "node": "l",
                  "frag": "mar-še-bad",
                  "id": "P229267.l1e4e5",
                  "ref": "P229267.3.2",
                  "inst": "%sux:mar-še-bad=",
                  "f": {
                    "lang": "sux",
                    "form": "mar-še-bad",
                    "gdl": [
                      {
                        "v": "mar",
                        "id": "P229267.3.2.0",
                        "delim": "-"
                      },
                      {
                        "v": "še",
                        "id": "P229267.3.2.1",
                        "delim": "-"
                      },
                      {
                        "v": "bad",
                        "id": "P229267.3.2.2"
                      }
                    ]
                  }
                },
                {
                  "node": "d",
                  "type": "line-start",
                  "ref": "P229267.4",
                  "n": "2",
                  "label": "o i 2"
                },
                {
                  "node": "l",
                  "frag": "ŋeš",
                  "id": "P229267.l1e4e6",
                  "ref": "P229267.4.1",
                  "inst": "%sux:ŋeš=",
                  "f": {
                    "lang": "sux",
                    "form": "ŋeš",
                    "delim": " ",
                    "gdl": [
                      {
                        "v": "ŋeš",
                        "id": "P229267.4.1.0"
                      }
                    ]
                  }
                },
                {
                  "node": "l",
                  "frag": "mar-še-du₃",
                  "id": "P229267.l1e4e7",
                  "ref": "P229267.4.2",
                  "inst": "%sux:mar-še-du₃=",
                  "f": {
                    "lang": "sux",
                    "form": "mar-še-du₃",
                    "gdl": [
                      {
                        "v": "mar",
                        "id": "P229267.4.2.0",
                        "delim": "-"
                      },
                      {
                        "v": "še",
                        "id": "P229267.4.2.1",
                        "delim": "-"
                      },
                      {
                        "v": "du₃",
                        "id": "P229267.4.2.2"
                      }
                    ]
                  }
                }
              ]
            }
          ]
        }
      ]
    }
  ]
}
