{
  "type": "cdl",
  "project": "dcclt",
  "source": "http://oracc.org/dcclt",
  "license": "This data is released under the CC0 license",
  "license-url": "https://creativecommons.org/publicdomain/zero/1.0/",
  "more-info": "http://oracc.org/doc/opendata/",
  "UTC-timestamp": "2017-06-21T22:07:17",
  "textid": "P229365",
  "cdl": [
    {
      "node": "c",
      "type": "text",
      "id": "P229365.U0",
      "cdl": [
        {
          "node": "d",
          "type": "object",
          "ref": ""
        },
        {
          "node": "d",
          "subtype": "obverse",
          "type": "obverse",
          "ref": "P229365.o.1",
          "label": "o"
        },
        {
          "node": "d",
          "subtype": "column 1o",
          "type": "column",
          "ref": "P229365.o.i.2",
          "n": "1",
          "label": "o i"
        },
        {
          "node": "c",
          "type": "discourse",
          "subtype": "body",
          "id": "P229365.U1",
          "cdl": [
            {
              "node": "c",
              "type": "sentence",
              "id": "P229365.U2",
              "label": "o i 1 - o i 6",
              "cdl": [
                {
                  "node": "d",
                  "type": "line-start",
                  "ref": "P229365.3",
                  "n": "1",
                  "label": "o i 1"
                },
                {
                  "node": "l",
                  "frag": "zu₂-lum",
                  "id": "P229365.l27165",
                  "ref": "P229365.3.1",
                  "inst": "zulum[date]",
                  "sig": "@dcclt%sux:zu₂-lum=zulum[date//date]N'N$zulum/zu₂-lum#~",
                  "f": {
                    "lang": "sux",
                    "form": "zu₂-lum",
                    "gdl": [
                      {
                        "v": "zu₂",
                        "id": "P229365.3.1.0",
                        "delim": "-"
                      },
                      {
                        "v": "lum",
                        "id": "P229365.3.1.1"
                      }
                    ],
                    "cf": "zulum",
                    "gw": "date",
                    "sense": "date",
                    "norm0": "zulum",
                    "pos": "N",
                    "epos": "N",
                    "base": "zu₂-lum",
                    "morph": "~"
                  }
                },
                {
                  "node": "d",
                  "type": "line-start",
                  "ref": "P229365.4",
                  "n": "2",
                  "label": "o i 2"
                },
                {
                  "node": "l",
                  "frag": "zu₂-lum",
                  "id": "P229365.l27166",
                  "ref": "P229365.4.1",
                  "inst": "zulum[date]",
                  "sig": "@dcclt%sux:zu₂-lum=zulum[date//date]N'N$zulum/zu₂-lum#~",
                  "f": {
                    "lang": "sux",
                    "form": "zu₂-lum",
                    "delim": " ",
                    "gdl": [
                      {
                        "v": "zu₂",
                        "id": "P229365.4.1.0",
                        "delim": "-"
                      },
                      {
                        "v": "lum",
                        "id": "P229365.4.1.1"
                      }
                    ],
                    "cf": "zulum",
                    "gw": "date",
                    "sense": "date",
                    "norm0": "zulum",
                    "pos": "N",
                    "epos": "N",
                    "base": "zu₂-lum",
                    "morph": "~"
                  }
                },
                {
                  "node": "l",
                  "frag": "sag₁₀",
                  "id": "P229365.l27167",
                  "ref": "P229365.4.2",
                  "inst": "sag[rare]",
                  "sig": "@dcclt%sux:sag₁₀=sag[rare//(to be) rare, precious]V/i'V/i$sag/sag₁₀#~",
                  "f": {
                    "lang": "sux",
                    "form": "sag₁₀",
                    "gdl": [
                      {
                        "v": "sag₁₀",
                        "id": "P229365.4.2.0"
                      }
                    ],
                    "cf": "sag",
                    "gw": "rare",
                    "sense": "(to be) rare, precious",
                    "norm0": "sag",
                    "pos": "V/i",
                    "epos": "V/i",
                    "base": "sag₁₀",
                    "morph": "~"
                  }
                },
                {
                  "node": "d",
                  "type": "line-start",
                  "ref": "P229365.5",
                  "n": "3",
                  "label": "o i 3"
                },
                {
                  "node": "l",
                  "frag": "zu₂-lum",
                  "id": "P229365.l27168",
                  "ref": "P229365.5.1",
                  "inst": "zulum[date]",
                  "sig": "@dcclt%sux:zu₂-lum=zulum[date//date]N'N$zulum/zu₂-lum#~",
                  "f": {
                    "lang": "sux",
                    "form": "zu₂-lum",
                    "delim": " ",
                    "gdl": [
                      {
                        "v": "zu₂",
                        "id": "P229365.5.1.0",
                        "delim": "-"
                      },
                      {
                        "v": "lum",
                        "id": "P229365.5.1.1"
                      }
                    ],
                    "cf": "zulum",
                    "gw": "date",
                    "sense": "date",
                    "norm0": "zulum",
                    "pos": "N",
                    "epos": "N",
                    "base": "zu₂-lum",
                    "morph": "~"
                  }
                },
                {
                  "node": "l",
                  "frag": "ŋen",
                  "id": "P229365.l27169",
                  "ref": "P229365.5.2",
                  "inst": "ŋen[go]",
                  "sig": "@dcclt%sux:ŋen=ŋen[go//go]V/i'V/i$ŋen/ŋen#~",
                  "f": {
                    "lang": "sux",
                    "form": "ŋen",
                    "gdl": [
                      {
                        "v": "ŋen",
                        "id": "P229365.5.2.0"
                      }
                    ],
                    "cf": "ŋen",
                    "gw": "go",
                    "sense": "go",
                    "norm0": "ŋen",
                    "pos": "V/i",
                    "epos": "V/i",
                    "base": "ŋen",
                    "morph": "~"
                  }
                },
                {
                  "node": "d",
                  "type": "line-start",
                  "ref": "P229365.6",
                  "n": "4",
                  "label": "o i 4"
                },
                {
                  "node": "l",
                  "frag": "zu₂-⸢lum⸣",
                  "id": "P229365.l2716a",
                  "ref": "P229365.6.1",
                  "inst": "zulum[date]",
                  "sig": "@dcclt%sux:zu₂-lum=zulum[date//date]N'N$zulum/zu₂-lum#~",
                  "f": {
                    "lang": "sux",
                    "form": "zu₂-lum",
                    "delim": " ",
                    "gdl": [
                      {
                        "v": "zu₂",
                        "id": "P229365.6.1.0",
                        "delim": "-"
                      },
                      {
                        "v": "lum",
                        "id": "P229365.6.1.1",
                        "break": "damaged",
                        "ho": "1",
                        "hc": "1"
                      }
                    ],
                    "cf": "zulum",
                    "gw": "date",
                    "sense": "date",
                    "norm0": "zulum",
                    "pos": "N",
                    "epos": "N",
                    "base": "zu₂-lum",
                    "morph": "~"
                  }
                },
                {
                  "node": "l",
                  "frag": "babbar",
                  "id": "P229365.l2716b",
                  "ref": "P229365.6.2",
                  "inst": "babbar[white]",
                  "sig": "@dcclt%sux:babbar=babbar[white//(to be) white]V/i'V/i$babbar/babbar#~",
                  "f": {
                    "lang": "sux",
                    "form": "babbar",
                    "gdl": [
                      {
                        "v": "babbar",
                        "id": "P229365.6.2.0"
                      }
                    ],
                    "cf": "babbar",
                    "gw": "white",
                    "sense": "(to be) white",
                    "norm0": "babbar",
                    "pos": "V/i",
                    "epos": "V/i",
                    "base": "babbar",
                    "morph": "~"
                  }
                },
                {
                  "node": "d",
                  "type": "line-start",
                  "ref": "P229365.7",
                  "n": "5",
                  "label": "o i 5"
                },
                {
                  "node": "l",
                  "frag": "⸢zu₂-lum⸣",
                  "id": "P229365.l2716c",
                  "ref": "P229365.7.1",
                  "inst": "zulum[date]",
                  "sig": "@dcclt%sux:zu₂-lum=zulum[date//date]N'N$zulum/zu₂-lum#~",
                  "f": {
                    "lang": "sux",
                    "form": "zu₂-lum",
                    "delim": " ",
                    "gdl": [
                      {
                        "v": "zu₂",
                        "id": "P229365.7.1.0",
                        "break": "damaged",
                        "ho": "1",
                        "delim": "-"
                      },
                      {
                        "v": "lum",
                        "id": "P229365.7.1.1",
                        "break": "damaged",
                        "hc": "1"
                      }
                    ],
                    "cf": "zulum",
                    "gw": "date",
                    "sense": "date",
                    "norm0": "zulum",
                    "pos": "N",
                    "epos": "N",
                    "base": "zu₂-lum",
                    "morph": "~"
                  }
                },
                {
                  "node": "l",
                  "frag": "[...]",
                  "id": "P229365.l2716d",
                  "ref": "P229365.7.2",
                  "inst": "u",
                  "f": {
                    "lang": "sux",
                    "form": "x",
                    "gdl": [
                      {
                        "x": "ellipsis",
                        "id": "P229365.7.2.0",
                        "breakStart": "1",
                        "break": "missing",
                        "o": "]",
                        "breakEnd": "P229365.7.2.0"
                      }
                    ],
                    "pos": "u"
                  }
                },
                {
                  "node": "d",
                  "type": "line-start",
                  "ref": "P229365.8",
                  "n": "6",
                  "label": "o i 6"
                },
                {
                  "node": "l",
                  "frag": "⸢zu₂-lum",
                  "id": "P229365.l2716e",
                  "ref": "P229365.8.1",
                  "inst": "zulum[date]",
                  "sig": "@dcclt%sux:zu₂-lum=zulum[date//date]N'N$zulum/zu₂-lum#~",
                  "f": {
                    "lang": "sux",
                    "form": "zu₂-lum",
                    "delim": " ",
                    "gdl": [
                      {
                        "v": "zu₂",
                        "id": "P229365.8.1.0",
                        "break": "damaged",
                        "ho": "1",
                        "delim": "-"
                      },
                      {
                        "v": "lum",
                        "id": "P229365.8.1.1",
                        "break": "damaged"
                      }
                    ],
                    "cf": "zulum",
                    "gw": "date",
                    "sense": "date",
                    "norm0": "zulum",
                    "pos": "N",
                    "epos": "N",
                    "base": "zu₂-lum",
                    "morph": "~"
                  }
                },
                {
                  "node": "l",
                  "frag": "x⸣",
                  "id": "P229365.l2716f",
                  "ref": "P229365.8.2",
                  "inst": "u",
                  "f": {
                    "lang": "sux",
                    "form": "x",
                    "delim": " ",
                    "gdl": [
                      {
                        "v": "x",
                        "id": "P229365.8.2.0",
                        "break": "damaged",
                        "hc": "1"
                      }
                    ],
                    "pos": "u"
                  }
                },
                {
                  "node": "l",
                  "frag": "[...]",
                  "id": "P229365.l27170",
                  "ref": "P229365.8.3",
                  "inst": "u",
                  "f": {
                    "lang": "sux",
                    "form": "x",
                    "gdl": [
                      {
                        "x": "ellipsis",
                        "id": "P229365.8.3.0",
                        "breakStart": "1",
                        "break": "missing",
                        "o": "]",
                        "breakEnd": "P229365.8.3.0"
                      }
                    ],
                    "pos": "u"
                  }
                },
                {
                  "node": "d",
                  "subtype": "reverse",
                  "type": "reverse",
                  "ref": "P229365.r.9",
                  "label": "r"
                },
                {
                  "node": "d",
                  "type": "nonx",
                  "ref": "P229365.10",
                  "strict": "0",
                  "state": "other"
                }
              ]
            }
          ]
        }
      ]
    }
  ]
}
