{
  "type": "cdl",
  "project": "dcclt",
  "source": "http://oracc.org/dcclt",
  "license": "This data is released under the CC0 license",
  "license-url": "https://creativecommons.org/publicdomain/zero/1.0/",
  "more-info": "http://oracc.org/doc/opendata/",
  "UTC-timestamp": "2017-06-21T22:07:05",
  "textid": "P229258",
  "cdl": [
    {
      "node": "c",
      "type": "text",
      "id": "P229258.U0",
      "cdl": [
        {
          "node": "d",
          "type": "object",
          "ref": ""
        },
        {
          "node": "d",
          "subtype": "obverse",
          "type": "obverse",
          "ref": "P229258.o.1",
          "label": "o"
        },
        {
          "node": "d",
          "subtype": "column 1o",
          "type": "column",
          "ref": "P229258.o.i.2",
          "n": "1",
          "label": "o i"
        },
        {
          "node": "c",
          "type": "discourse",
          "subtype": "body",
          "id": "P229258.U1",
          "cdl": [
            {
              "node": "c",
              "type": "sentence",
              "id": "P229258.U2",
              "label": "o i 1 - o i 10",
              "cdl": [
                {
                  "node": "d",
                  "type": "line-start",
                  "ref": "P229258.3",
                  "n": "1",
                  "label": "o i 1"
                },
                {
                  "node": "l",
                  "frag": "ŋeš",
                  "id": "P229258.l1d746",
                  "ref": "P229258.3.1",
                  "inst": "%sux:ŋeš=",
                  "f": {
                    "lang": "sux",
                    "form": "ŋeš",
                    "delim": " ",
                    "gdl": [
                      {
                        "v": "ŋeš",
                        "id": "P229258.3.1.0"
                      }
                    ]
                  }
                },
                {
                  "node": "l",
                  "frag": "nimbar",
                  "id": "P229258.l1d747",
                  "ref": "P229258.3.2",
                  "inst": "%sux:nimbar=",
                  "f": {
                    "lang": "sux",
                    "form": "nimbar",
                    "gdl": [
                      {
                        "v": "nimbar",
                        "id": "P229258.3.2.0"
                      }
                    ]
                  }
                },
                {
                  "node": "d",
                  "type": "line-start",
                  "ref": "P229258.4",
                  "n": "2",
                  "label": "o i 2"
                },
                {
                  "node": "l",
                  "frag": "ŋeš",
                  "id": "P229258.l1d748",
                  "ref": "P229258.4.1",
                  "inst": "%sux:ŋeš=",
                  "f": {
                    "lang": "sux",
                    "form": "ŋeš",
                    "delim": " ",
                    "gdl": [
                      {
                        "v": "ŋeš",
                        "id": "P229258.4.1.0"
                      }
                    ]
                  }
                },
                {
                  "node": "l",
                  "frag": "nimbar-⸢kur⸣",
                  "id": "P229258.l1d749",
                  "ref": "P229258.4.2",
                  "inst": "%sux:nimbar-kur=",
                  "f": {
                    "lang": "sux",
                    "form": "nimbar-kur",
                    "gdl": [
                      {
                        "v": "nimbar",
                        "id": "P229258.4.2.0",
                        "delim": "-"
                      },
                      {
                        "v": "kur",
                        "id": "P229258.4.2.1",
                        "break": "damaged",
                        "queried": "1",
                        "ho": "1",
                        "hc": "1"
                      }
                    ]
                  }
                },
                {
                  "node": "d",
                  "type": "line-start",
                  "ref": "P229258.5",
                  "n": "3",
                  "label": "o i 3"
                },
                {
                  "node": "l",
                  "frag": "ŋeš",
                  "id": "P229258.l1d74a",
                  "ref": "P229258.5.1",
                  "inst": "%sux:ŋeš=",
                  "f": {
                    "lang": "sux",
                    "form": "ŋeš",
                    "delim": " ",
                    "gdl": [
                      {
                        "v": "ŋeš",
                        "id": "P229258.5.1.0"
                      }
                    ]
                  }
                },
                {
                  "node": "l",
                  "frag": "nimbar-tur",
                  "id": "P229258.l1d74b",
                  "ref": "P229258.5.2",
                  "inst": "%sux:nimbar-tur=",
                  "f": {
                    "lang": "sux",
                    "form": "nimbar-tur",
                    "gdl": [
                      {
                        "v": "nimbar",
                        "id": "P229258.5.2.0",
                        "delim": "-"
                      },
                      {
                        "v": "tur",
                        "id": "P229258.5.2.1"
                      }
                    ]
                  }
                },
                {
                  "node": "d",
                  "type": "line-start",
                  "ref": "P229258.6",
                  "n": "4",
                  "label": "o i 4"
                },
                {
                  "node": "l",
                  "frag": "ŋeš",
                  "id": "P229258.l1d74c",
                  "ref": "P229258.6.1",
                  "inst": "%sux:ŋeš=",
                  "f": {
                    "lang": "sux",
                    "form": "ŋeš",
                    "delim": " ",
                    "gdl": [
                      {
                        "v": "ŋeš",
                        "id": "P229258.6.1.0"
                      }
                    ]
                  }
                },
                {
                  "node": "l",
                  "frag": "nimbar-dilmun-na",
                  "id": "P229258.l1d74d",
                  "ref": "P229258.6.2",
                  "inst": "%sux:nimbar-dilmun-na=",
                  "f": {
                    "lang": "sux",
                    "form": "nimbar-dilmun-na",
                    "gdl": [
                      {
                        "v": "nimbar",
                        "id": "P229258.6.2.0",
                        "delim": "-"
                      },
                      {
                        "v": "dilmun",
                        "id": "P229258.6.2.1",
                        "delim": "-"
                      },
                      {
                        "v": "na",
                        "id": "P229258.6.2.2"
                      }
                    ]
                  }
                },
                {
                  "node": "d",
                  "type": "line-start",
                  "ref": "P229258.7",
                  "n": "5",
                  "label": "o i 5"
                },
                {
                  "node": "l",
                  "frag": "ŋeš",
                  "id": "P229258.l1d74e",
                  "ref": "P229258.7.1",
                  "inst": "%sux:ŋeš=",
                  "f": {
                    "lang": "sux",
                    "form": "ŋeš",
                    "delim": " ",
                    "gdl": [
                      {
                        "v": "ŋeš",
                        "id": "P229258.7.1.0"
                      }
                    ]
                  }
                },
                {
                  "node": "l",
                  "frag": "nimbar-al-⸢dar⸣-ra",
                  "id": "P229258.l1d74f",
                  "ref": "P229258.7.2",
                  "inst": "%sux:nimbar-al-dar-ra=",
                  "f": {
                    "lang": "sux",
                    "form": "nimbar-al-dar-ra",
                    "gdl": [
                      {
                        "v": "nimbar",
                        "id": "P229258.7.2.0",
                        "delim": "-"
                      },
                      {
                        "v": "al",
                        "id": "P229258.7.2.1",
                        "delim": "-"
                      },
                      {
                        "v": "dar",
                        "id": "P229258.7.2.2",
                        "break": "damaged",
                        "ho": "1",
                        "delim": "-",
                        "hc": "1"
                      },
                      {
                        "v": "ra",
                        "id": "P229258.7.2.3"
                      }
                    ]
                  }
                },
                {
                  "node": "d",
                  "type": "line-start",
                  "ref": "P229258.8",
                  "n": "6",
                  "label": "o i 6"
                },
                {
                  "node": "l",
                  "frag": "ŋeš",
                  "id": "P229258.l1d750",
                  "ref": "P229258.8.1",
                  "inst": "%sux:ŋeš=",
                  "f": {
                    "lang": "sux",
                    "form": "ŋeš",
                    "delim": " ",
                    "gdl": [
                      {
                        "v": "ŋeš",
                        "id": "P229258.8.1.0"
                      }
                    ]
                  }
                },
                {
                  "node": "l",
                  "frag": "nimbar-al-kud-da",
                  "id": "P229258.l1d751",
                  "ref": "P229258.8.2",
                  "inst": "%sux:nimbar-al-kud-da=",
                  "f": {
                    "lang": "sux",
                    "form": "nimbar-al-kud-da",
                    "gdl": [
                      {
                        "v": "nimbar",
                        "id": "P229258.8.2.0",
                        "delim": "-"
                      },
                      {
                        "v": "al",
                        "id": "P229258.8.2.1",
                        "delim": "-"
                      },
                      {
                        "v": "kud",
                        "id": "P229258.8.2.2",
                        "delim": "-"
                      },
                      {
                        "v": "da",
                        "id": "P229258.8.2.3"
                      }
                    ]
                  }
                },
                {
                  "node": "d",
                  "type": "line-start",
                  "ref": "P229258.9",
                  "n": "7",
                  "label": "o i 7"
                },
                {
                  "node": "l",
                  "frag": "ŋeš",
                  "id": "P229258.l1d752",
                  "ref": "P229258.9.1",
                  "inst": "%sux:ŋeš=",
                  "f": {
                    "lang": "sux",
                    "form": "ŋeš",
                    "delim": " ",
                    "gdl": [
                      {
                        "v": "ŋeš",
                        "id": "P229258.9.1.0"
                      }
                    ]
                  }
                },
                {
                  "node": "l",
                  "frag": "nimbar-al-gud-da",
                  "id": "P229258.l1d753",
                  "ref": "P229258.9.2",
                  "inst": "%sux:nimbar-al-gud-da=",
                  "f": {
                    "lang": "sux",
                    "form": "nimbar-al-gud-da",
                    "gdl": [
                      {
                        "v": "nimbar",
                        "id": "P229258.9.2.0",
                        "delim": "-"
                      },
                      {
                        "v": "al",
                        "id": "P229258.9.2.1",
                        "delim": "-"
                      },
                      {
                        "v": "gud",
                        "id": "P229258.9.2.2",
                        "delim": "-"
                      },
                      {
                        "v": "da",
                        "id": "P229258.9.2.3"
                      }
                    ]
                  }
                },
                {
                  "node": "d",
                  "type": "line-start",
                  "ref": "P229258.10",
                  "n": "8",
                  "label": "o i 8"
                },
                {
                  "node": "l",
                  "frag": "ŋeš",
                  "id": "P229258.l1d754",
                  "ref": "P229258.10.1",
                  "inst": "%sux:ŋeš=",
                  "f": {
                    "lang": "sux",
                    "form": "ŋeš",
                    "delim": " ",
                    "gdl": [
                      {
                        "v": "ŋeš",
                        "id": "P229258.10.1.0"
                      }
                    ]
                  }
                },
                {
                  "node": "l",
                  "frag": "nimbar-al-ug₅-ga",
                  "id": "P229258.l1d755",
                  "ref": "P229258.10.2",
                  "inst": "%sux:nimbar-al-ug₅-ga=",
                  "f": {
                    "lang": "sux",
                    "form": "nimbar-al-ug₅-ga",
                    "gdl": [
                      {
                        "v": "nimbar",
                        "id": "P229258.10.2.0",
                        "delim": "-"
                      },
                      {
                        "v": "al",
                        "id": "P229258.10.2.1",
                        "delim": "-"
                      },
                      {
                        "v": "ug₅",
                        "id": "P229258.10.2.2",
                        "delim": "-"
                      },
                      {
                        "v": "ga",
                        "id": "P229258.10.2.3"
                      }
                    ]
                  }
                },
                {
                  "node": "d",
                  "type": "line-start",
                  "ref": "P229258.11",
                  "n": "9",
                  "label": "o i 9"
                },
                {
                  "node": "l",
                  "frag": "[...]",
                  "id": "P229258.l1d756",
                  "ref": "P229258.11.1",
                  "inst": "%sux:x=",
                  "f": {
                    "lang": "sux",
                    "form": "x",
                    "delim": " ",
                    "gdl": [
                      {
                        "x": "ellipsis",
                        "id": "P229258.11.1.0",
                        "breakStart": "1",
                        "break": "missing",
                        "o": "]",
                        "breakEnd": "P229258.11.1.0"
                      }
                    ]
                  }
                },
                {
                  "node": "l",
                  "frag": "⸢ša₃-nimbar⸣",
                  "id": "P229258.l1d757",
                  "ref": "P229258.11.2",
                  "inst": "%sux:ša₃-nimbar=",
                  "f": {
                    "lang": "sux",
                    "form": "ša₃-nimbar",
                    "gdl": [
                      {
                        "v": "ša₃",
                        "id": "P229258.11.2.0",
                        "break": "damaged",
                        "ho": "1",
                        "delim": "-"
                      },
                      {
                        "v": "nimbar",
                        "id": "P229258.11.2.1",
                        "break": "damaged",
                        "hc": "1"
                      }
                    ]
                  }
                },
                {
                  "node": "d",
                  "type": "line-start",
                  "ref": "P229258.12",
                  "n": "10",
                  "label": "o i 10"
                },
                {
                  "node": "l",
                  "frag": "[...]",
                  "id": "P229258.l1d758",
                  "ref": "P229258.12.1",
                  "inst": "%sux:x=",
                  "f": {
                    "lang": "sux",
                    "form": "x",
                    "delim": " ",
                    "gdl": [
                      {
                        "x": "ellipsis",
                        "id": "P229258.12.1.0",
                        "breakStart": "1",
                        "break": "missing",
                        "o": "]",
                        "breakEnd": "P229258.12.1.0"
                      }
                    ]
                  }
                },
                {
                  "node": "l",
                  "frag": "⸢suhur-nimbar⸣",
                  "id": "P229258.l1d759",
                  "ref": "P229258.12.2",
                  "inst": "%sux:suhur-nimbar=",
                  "f": {
                    "lang": "sux",
                    "form": "suhur-nimbar",
                    "gdl": [
                      {
                        "v": "suhur",
                        "id": "P229258.12.2.0",
                        "break": "damaged",
                        "queried": "1",
                        "ho": "1",
                        "delim": "-"
                      },
                      {
                        "v": "nimbar",
                        "id": "P229258.12.2.1",
                        "break": "damaged",
                        "hc": "1"
                      }
                    ]
                  }
                }
              ]
            }
          ]
        }
      ]
    }
  ]
}
