{
  "type": "cdl",
  "project": "dcclt",
  "source": "http://oracc.org/dcclt",
  "license": "This data is released under the CC0 license",
  "license-url": "https://creativecommons.org/publicdomain/zero/1.0/",
  "more-info": "http://oracc.org/doc/opendata/",
  "UTC-timestamp": "2017-06-21T22:08:07",
  "textid": "P230231",
  "cdl": [
    {
      "node": "c",
      "type": "text",
      "id": "P230231.U0",
      "cdl": [
        {
          "node": "d",
          "type": "object",
          "ref": ""
        },
        {
          "node": "d",
          "subtype": "obverse",
          "type": "obverse",
          "ref": "P230231.o.1",
          "label": "o"
        },
        {
          "node": "d",
          "subtype": "column 1o",
          "type": "column",
          "ref": "P230231.o.i.2",
          "n": "1",
          "label": "o i"
        },
        {
          "node": "c",
          "type": "discourse",
          "subtype": "body",
          "id": "P230231.U1",
          "cdl": [
            {
              "node": "c",
              "type": "sentence",
              "id": "P230231.U2",
              "label": "o i 1' - r i 6'",
              "cdl": [
                {
                  "node": "d",
                  "type": "line-start",
                  "ref": "P230231.3",
                  "n": "1'",
                  "label": "o i 1'"
                },
                {
                  "node": "l",
                  "frag": "[...]-gu-[...]",
                  "id": "P230231.l1e143",
                  "ref": "P230231.3.1",
                  "inst": "%sux:x-gu-x=",
                  "f": {
                    "lang": "sux",
                    "form": "x-gu-x",
                    "gdl": [
                      {
                        "x": "ellipsis",
                        "id": "P230231.3.1.0",
                        "breakStart": "1",
                        "break": "missing",
                        "o": "]",
                        "breakEnd": "P230231.3.1.0",
                        "delim": "-"
                      },
                      {
                        "v": "gu",
                        "id": "P230231.3.1.1",
                        "delim": "-"
                      },
                      {
                        "x": "ellipsis",
                        "id": "P230231.3.1.2",
                        "breakStart": "1",
                        "break": "missing",
                        "o": "]",
                        "breakEnd": "P230231.3.1.2"
                      }
                    ]
                  }
                },
                {
                  "node": "d",
                  "type": "line-start",
                  "ref": "P230231.4",
                  "n": "2'",
                  "label": "o i 2'"
                },
                {
                  "node": "l",
                  "frag": "ŋeš",
                  "id": "P230231.l1e144",
                  "ref": "P230231.4.1",
                  "inst": "%sux:ŋeš=",
                  "f": {
                    "lang": "sux",
                    "form": "ŋeš",
                    "delim": " ",
                    "gdl": [
                      {
                        "v": "ŋeš",
                        "id": "P230231.4.1.0"
                      }
                    ]
                  }
                },
                {
                  "node": "l",
                  "frag": "gu-za-{ŋeš}[...]",
                  "id": "P230231.l1e145",
                  "ref": "P230231.4.2",
                  "inst": "%sux:gu-za-{ŋeš}x=",
                  "f": {
                    "lang": "sux",
                    "form": "gu-za-{ŋeš}x",
                    "gdl": [
                      {
                        "v": "gu",
                        "id": "P230231.4.2.0",
                        "delim": "-"
                      },
                      {
                        "v": "za",
                        "id": "P230231.4.2.1",
                        "delim": "-"
                      },
                      {
                        "det": "semantic",
                        "pos": "pre",
                        "seq": [
                          {
                            "v": "ŋeš",
                            "id": "P230231.4.2.2"
                          }
                        ]
                      },
                      {
                        "x": "ellipsis",
                        "id": "P230231.4.2.3",
                        "breakStart": "1",
                        "break": "missing",
                        "o": "]",
                        "breakEnd": "P230231.4.2.3"
                      }
                    ]
                  }
                },
                {
                  "node": "d",
                  "type": "line-start",
                  "ref": "P230231.5",
                  "n": "3'",
                  "label": "o i 3'"
                },
                {
                  "node": "l",
                  "frag": "ŋeš",
                  "id": "P230231.l1e146",
                  "ref": "P230231.5.1",
                  "inst": "%sux:ŋeš=",
                  "f": {
                    "lang": "sux",
                    "form": "ŋeš",
                    "delim": " ",
                    "gdl": [
                      {
                        "v": "ŋeš",
                        "id": "P230231.5.1.0"
                      }
                    ]
                  }
                },
                {
                  "node": "l",
                  "frag": "gu-za-{ŋeš}mes",
                  "id": "P230231.l1e147",
                  "ref": "P230231.5.2",
                  "inst": "%sux:gu-za-{ŋeš}mes=",
                  "f": {
                    "lang": "sux",
                    "form": "gu-za-{ŋeš}mes",
                    "gdl": [
                      {
                        "v": "gu",
                        "id": "P230231.5.2.0",
                        "delim": "-"
                      },
                      {
                        "v": "za",
                        "id": "P230231.5.2.1",
                        "delim": "-"
                      },
                      {
                        "det": "semantic",
                        "pos": "pre",
                        "seq": [
                          {
                            "v": "ŋeš",
                            "id": "P230231.5.2.2"
                          }
                        ]
                      },
                      {
                        "v": "mes",
                        "id": "P230231.5.2.3"
                      }
                    ]
                  }
                },
                {
                  "node": "d",
                  "type": "line-start",
                  "ref": "P230231.6",
                  "n": "4'",
                  "label": "o i 4'"
                },
                {
                  "node": "l",
                  "frag": "[...]",
                  "id": "P230231.l1e148",
                  "ref": "P230231.6.1",
                  "inst": "%sux:x=",
                  "f": {
                    "lang": "sux",
                    "form": "x",
                    "delim": " ",
                    "gdl": [
                      {
                        "x": "ellipsis",
                        "id": "P230231.6.1.0",
                        "breakStart": "1",
                        "break": "missing",
                        "o": "]",
                        "breakEnd": "P230231.6.1.0"
                      }
                    ]
                  }
                },
                {
                  "node": "l",
                  "frag": "gu-za-{ŋeš}mes-ma₂-[...]",
                  "id": "P230231.l1e149",
                  "ref": "P230231.6.2",
                  "inst": "%sux:gu-za-{ŋeš}mes-ma₂-x=",
                  "f": {
                    "lang": "sux",
                    "form": "gu-za-{ŋeš}mes-ma₂-x",
                    "gdl": [
                      {
                        "v": "gu",
                        "id": "P230231.6.2.0",
                        "delim": "-"
                      },
                      {
                        "v": "za",
                        "id": "P230231.6.2.1",
                        "delim": "-"
                      },
                      {
                        "det": "semantic",
                        "pos": "pre",
                        "seq": [
                          {
                            "v": "ŋeš",
                            "id": "P230231.6.2.2"
                          }
                        ]
                      },
                      {
                        "v": "mes",
                        "id": "P230231.6.2.3",
                        "delim": "-"
                      },
                      {
                        "v": "ma₂",
                        "id": "P230231.6.2.4",
                        "delim": "-"
                      },
                      {
                        "x": "ellipsis",
                        "id": "P230231.6.2.5",
                        "breakStart": "1",
                        "break": "missing",
                        "o": "]",
                        "breakEnd": "P230231.6.2.5"
                      }
                    ]
                  }
                },
                {
                  "node": "d",
                  "type": "line-start",
                  "ref": "P230231.7",
                  "n": "5'",
                  "label": "o i 5'"
                },
                {
                  "node": "l",
                  "frag": "ŋeš",
                  "id": "P230231.l1e14a",
                  "ref": "P230231.7.1",
                  "inst": "%sux:ŋeš=",
                  "f": {
                    "lang": "sux",
                    "form": "ŋeš",
                    "delim": " ",
                    "gdl": [
                      {
                        "v": "ŋeš",
                        "id": "P230231.7.1.0"
                      }
                    ]
                  }
                },
                {
                  "node": "l",
                  "frag": "gu-za-{ŋeš}mes-me-[...]",
                  "id": "P230231.l1e14b",
                  "ref": "P230231.7.2",
                  "inst": "%sux:gu-za-{ŋeš}mes-me-x=",
                  "f": {
                    "lang": "sux",
                    "form": "gu-za-{ŋeš}mes-me-x",
                    "gdl": [
                      {
                        "v": "gu",
                        "id": "P230231.7.2.0",
                        "delim": "-"
                      },
                      {
                        "v": "za",
                        "id": "P230231.7.2.1",
                        "delim": "-"
                      },
                      {
                        "det": "semantic",
                        "pos": "pre",
                        "seq": [
                          {
                            "v": "ŋeš",
                            "id": "P230231.7.2.2"
                          }
                        ]
                      },
                      {
                        "v": "mes",
                        "id": "P230231.7.2.3",
                        "delim": "-"
                      },
                      {
                        "v": "me",
                        "id": "P230231.7.2.4",
                        "delim": "-"
                      },
                      {
                        "x": "ellipsis",
                        "id": "P230231.7.2.5",
                        "breakStart": "1",
                        "break": "missing",
                        "o": "]",
                        "breakEnd": "P230231.7.2.5"
                      }
                    ]
                  }
                },
                {
                  "node": "d",
                  "type": "line-start",
                  "ref": "P230231.8",
                  "n": "6'",
                  "label": "o i 6'"
                },
                {
                  "node": "l",
                  "frag": "⸢ŋeš⸣",
                  "id": "P230231.l1e14c",
                  "ref": "P230231.8.1",
                  "inst": "%sux:ŋeš=",
                  "f": {
                    "lang": "sux",
                    "form": "ŋeš",
                    "gdl": [
                      {
                        "v": "ŋeš",
                        "id": "P230231.8.1.0",
                        "break": "damaged",
                        "ho": "1",
                        "hc": "1"
                      }
                    ]
                  }
                },
                {
                  "node": "d",
                  "subtype": "reverse",
                  "type": "reverse",
                  "ref": "P230231.r.9",
                  "label": "r"
                },
                {
                  "node": "d",
                  "subtype": "column 1r",
                  "type": "column",
                  "ref": "P230231.r.i.10",
                  "n": "1",
                  "label": "r i"
                },
                {
                  "node": "d",
                  "type": "line-start",
                  "ref": "P230231.11",
                  "n": "1'",
                  "label": "r i 1'"
                },
                {
                  "node": "l",
                  "frag": "[...]",
                  "id": "P230231.l1e14d",
                  "ref": "P230231.11.1",
                  "inst": "%sux:x=",
                  "f": {
                    "lang": "sux",
                    "form": "x",
                    "delim": " ",
                    "gdl": [
                      {
                        "x": "ellipsis",
                        "id": "P230231.11.1.0",
                        "breakStart": "1",
                        "break": "missing",
                        "o": "]",
                        "breakEnd": "P230231.11.1.0"
                      }
                    ]
                  }
                },
                {
                  "node": "l",
                  "frag": "⸢eme⸣-[...]",
                  "id": "P230231.l1e14e",
                  "ref": "P230231.11.2",
                  "inst": "%sux:eme-x=",
                  "f": {
                    "lang": "sux",
                    "form": "eme-x",
                    "gdl": [
                      {
                        "v": "eme",
                        "id": "P230231.11.2.0",
                        "break": "damaged",
                        "ho": "1",
                        "delim": "-",
                        "hc": "1"
                      },
                      {
                        "x": "ellipsis",
                        "id": "P230231.11.2.1",
                        "breakStart": "1",
                        "break": "missing",
                        "o": "]",
                        "breakEnd": "P230231.11.2.1"
                      }
                    ]
                  }
                },
                {
                  "node": "d",
                  "type": "line-start",
                  "ref": "P230231.12",
                  "n": "2'",
                  "label": "r i 2'"
                },
                {
                  "node": "l",
                  "frag": "ŋeš",
                  "id": "P230231.l1e14f",
                  "ref": "P230231.12.1",
                  "inst": "%sux:ŋeš=",
                  "f": {
                    "lang": "sux",
                    "form": "ŋeš",
                    "delim": " ",
                    "gdl": [
                      {
                        "v": "ŋeš",
                        "id": "P230231.12.1.0"
                      }
                    ]
                  }
                },
                {
                  "node": "l",
                  "frag": "ka-[...]",
                  "id": "P230231.l1e150",
                  "ref": "P230231.12.2",
                  "inst": "%sux:ka-x=",
                  "f": {
                    "lang": "sux",
                    "form": "ka-x",
                    "gdl": [
                      {
                        "v": "ka",
                        "id": "P230231.12.2.0",
                        "delim": "-"
                      },
                      {
                        "x": "ellipsis",
                        "id": "P230231.12.2.1",
                        "breakStart": "1",
                        "break": "missing",
                        "o": "]",
                        "breakEnd": "P230231.12.2.1"
                      }
                    ]
                  }
                },
                {
                  "node": "d",
                  "type": "line-start",
                  "ref": "P230231.13",
                  "n": "3'",
                  "label": "r i 3'"
                },
                {
                  "node": "l",
                  "frag": "ŋeš",
                  "id": "P230231.l1e151",
                  "ref": "P230231.13.1",
                  "inst": "%sux:ŋeš=",
                  "f": {
                    "lang": "sux",
                    "form": "ŋeš",
                    "delim": " ",
                    "gdl": [
                      {
                        "v": "ŋeš",
                        "id": "P230231.13.1.0"
                      }
                    ]
                  }
                },
                {
                  "node": "l",
                  "frag": "šu-sag-[...]",
                  "id": "P230231.l1e152",
                  "ref": "P230231.13.2",
                  "inst": "%sux:šu-sag-x=",
                  "f": {
                    "lang": "sux",
                    "form": "šu-sag-x",
                    "gdl": [
                      {
                        "v": "šu",
                        "id": "P230231.13.2.0",
                        "delim": "-"
                      },
                      {
                        "v": "sag",
                        "id": "P230231.13.2.1",
                        "delim": "-"
                      },
                      {
                        "x": "ellipsis",
                        "id": "P230231.13.2.2",
                        "breakStart": "1",
                        "break": "missing",
                        "o": "]",
                        "breakEnd": "P230231.13.2.2"
                      }
                    ]
                  }
                },
                {
                  "node": "d",
                  "type": "line-start",
                  "ref": "P230231.14",
                  "n": "4'",
                  "label": "r i 4'"
                },
                {
                  "node": "l",
                  "frag": "ŋeš",
                  "id": "P230231.l1e153",
                  "ref": "P230231.14.1",
                  "inst": "%sux:ŋeš=",
                  "f": {
                    "lang": "sux",
                    "form": "ŋeš",
                    "delim": " ",
                    "gdl": [
                      {
                        "v": "ŋeš",
                        "id": "P230231.14.1.0"
                      }
                    ]
                  }
                },
                {
                  "node": "l",
                  "frag": "igi-gal₂-[...]",
                  "id": "P230231.l1e154",
                  "ref": "P230231.14.2",
                  "inst": "%sux:igi-gal₂-x=",
                  "f": {
                    "lang": "sux",
                    "form": "igi-gal₂-x",
                    "gdl": [
                      {
                        "v": "igi",
                        "id": "P230231.14.2.0",
                        "queried": "1",
                        "delim": "-"
                      },
                      {
                        "v": "gal₂",
                        "id": "P230231.14.2.1",
                        "delim": "-"
                      },
                      {
                        "x": "ellipsis",
                        "id": "P230231.14.2.2",
                        "breakStart": "1",
                        "break": "missing",
                        "o": "]",
                        "breakEnd": "P230231.14.2.2"
                      }
                    ]
                  }
                },
                {
                  "node": "d",
                  "type": "line-start",
                  "ref": "P230231.15",
                  "n": "5'",
                  "label": "r i 5'"
                },
                {
                  "node": "l",
                  "frag": "⸢ŋeš⸣",
                  "id": "P230231.l1e155",
                  "ref": "P230231.15.1",
                  "inst": "%sux:ŋeš=",
                  "f": {
                    "lang": "sux",
                    "form": "ŋeš",
                    "delim": " ",
                    "gdl": [
                      {
                        "v": "ŋeš",
                        "id": "P230231.15.1.0",
                        "break": "damaged",
                        "ho": "1",
                        "hc": "1"
                      }
                    ]
                  }
                },
                {
                  "node": "l",
                  "frag": "niŋ₂-kud-[...]",
                  "id": "P230231.l1e156",
                  "ref": "P230231.15.2",
                  "inst": "%sux:niŋ₂-kud-x=",
                  "f": {
                    "lang": "sux",
                    "form": "niŋ₂-kud-x",
                    "gdl": [
                      {
                        "v": "niŋ₂",
                        "id": "P230231.15.2.0",
                        "delim": "-"
                      },
                      {
                        "v": "kud",
                        "id": "P230231.15.2.1",
                        "delim": "-"
                      },
                      {
                        "x": "ellipsis",
                        "id": "P230231.15.2.2",
                        "breakStart": "1",
                        "break": "missing",
                        "o": "]",
                        "breakEnd": "P230231.15.2.2"
                      }
                    ]
                  }
                },
                {
                  "node": "d",
                  "type": "line-start",
                  "ref": "P230231.16",
                  "n": "6'",
                  "label": "r i 6'"
                },
                {
                  "node": "l",
                  "frag": "⸢ŋeš⸣",
                  "id": "P230231.l1e157",
                  "ref": "P230231.16.1",
                  "inst": "%sux:ŋeš=",
                  "f": {
                    "lang": "sux",
                    "form": "ŋeš",
                    "delim": " ",
                    "gdl": [
                      {
                        "v": "ŋeš",
                        "id": "P230231.16.1.0",
                        "break": "damaged",
                        "ho": "1",
                        "hc": "1"
                      }
                    ]
                  }
                },
                {
                  "node": "l",
                  "frag": "niŋ₂-ŋeštug-[...]",
                  "id": "P230231.l1e158",
                  "ref": "P230231.16.2",
                  "inst": "%sux:niŋ₂-ŋeštug-x=",
                  "f": {
                    "lang": "sux",
                    "form": "niŋ₂-ŋeštug-x",
                    "gdl": [
                      {
                        "v": "niŋ₂",
                        "id": "P230231.16.2.0",
                        "delim": "-"
                      },
                      {
                        "v": "ŋeštug",
                        "id": "P230231.16.2.1",
                        "delim": "-"
                      },
                      {
                        "x": "ellipsis",
                        "id": "P230231.16.2.2",
                        "breakStart": "1",
                        "break": "missing",
                        "o": "]",
                        "breakEnd": "P230231.16.2.2"
                      }
                    ]
                  }
                }
              ]
            }
          ]
        }
      ]
    }
  ]
}
