{
  "type": "cdl",
  "project": "dcclt",
  "source": "http://oracc.org/dcclt",
  "license": "This data is released under the CC0 license",
  "license-url": "https://creativecommons.org/publicdomain/zero/1.0/",
  "more-info": "http://oracc.org/doc/opendata/",
  "UTC-timestamp": "2017-06-21T22:07:53",
  "textid": "P230027",
  "cdl": [
    {
      "node": "c",
      "type": "text",
      "id": "P230027.U0",
      "cdl": [
        {
          "node": "d",
          "type": "object",
          "ref": ""
        },
        {
          "node": "d",
          "subtype": "obverse",
          "type": "obverse",
          "ref": "P230027.o.1",
          "label": "o"
        },
        {
          "node": "d",
          "subtype": "column 1o",
          "type": "column",
          "ref": "P230027.o.i.2",
          "n": "1",
          "label": "o i"
        },
        {
          "node": "d",
          "type": "nonx",
          "ref": "P230027.3",
          "strict": "1",
          "extent": "beginning",
          "scope": "column",
          "state": "missing"
        },
        {
          "node": "c",
          "type": "discourse",
          "subtype": "body",
          "id": "P230027.U1",
          "cdl": [
            {
              "node": "c",
              "type": "sentence",
              "id": "P230027.U2",
              "label": "o i 1' - o i 6'",
              "cdl": [
                {
                  "node": "d",
                  "type": "line-start",
                  "ref": "P230027.4",
                  "n": "1'",
                  "label": "o i 1'"
                },
                {
                  "node": "d",
                  "type": "cell-start"
                },
                {
                  "node": "d",
                  "type": "field-start",
                  "subtype": "sv"
                },
                {
                  "node": "l",
                  "frag": "saŋtak",
                  "id": "P230027.l0a241",
                  "ref": "P230027.4.1",
                  "inst": "%sux:saŋtak=",
                  "f": {
                    "lang": "sux",
                    "form": "saŋtak",
                    "delim": " ",
                    "gdl": [
                      {
                        "v": "saŋtak",
                        "id": "P230027.4.1.0"
                      }
                    ]
                  }
                },
                {
                  "node": "d",
                  "frag": "[*]",
                  "type": "punct",
                  "ref": "P230027.4.2",
                  "lang": "sux"
                },
                {
                  "node": "d",
                  "type": "field-end",
                  "subtype": "sv"
                },
                {
                  "node": "d",
                  "type": "cell-end"
                },
                {
                  "node": "d",
                  "type": "cell-start"
                },
                {
                  "node": "d",
                  "type": "field-start",
                  "subtype": "pr"
                },
                {
                  "node": "l",
                  "frag": "[...]",
                  "id": "P230027.l0a242",
                  "ref": "P230027.4.3",
                  "inst": "%sux:x=",
                  "f": {
                    "lang": "sux",
                    "form": "x",
                    "gdl": [
                      {
                        "x": "ellipsis",
                        "id": "P230027.4.3.0",
                        "breakStart": "1",
                        "break": "missing",
                        "o": "]",
                        "breakEnd": "P230027.4.3.0"
                      }
                    ]
                  }
                },
                {
                  "node": "d",
                  "type": "field-end",
                  "subtype": "pr"
                },
                {
                  "node": "d",
                  "type": "cell-end"
                },
                {
                  "node": "d",
                  "type": "cell-start"
                },
                {
                  "node": "d",
                  "type": "field-start",
                  "subtype": "sg"
                },
                {
                  "node": "l",
                  "frag": "[DIŠ]",
                  "id": "P230027.l0a243",
                  "ref": "P230027.4.4",
                  "inst": "%sux:DIŠ=",
                  "f": {
                    "lang": "sux",
                    "form": "DIŠ",
                    "gdl": [
                      {
                        "s": "DIŠ",
                        "id": "P230027.4.4.0",
                        "breakStart": "1",
                        "o": "]",
                        "break": "missing",
                        "breakEnd": "P230027.4.4.0"
                      }
                    ]
                  }
                },
                {
                  "node": "d",
                  "type": "field-end",
                  "subtype": "sg"
                },
                {
                  "node": "d",
                  "type": "cell-end"
                },
                {
                  "node": "d",
                  "type": "cell-start"
                },
                {
                  "node": "d",
                  "type": "field-start",
                  "subtype": "eq"
                },
                {
                  "node": "l",
                  "frag": "⸢sa⸣-an-⸢ta⸣-[ak-kum]",
                  "id": "P230027.l0a244",
                  "ref": "P230027.4.5",
                  "inst": "%akk-x-oldbab:sa-an-ta-ak-kum=",
                  "f": {
                    "lang": "akk-x-oldbab",
                    "form": "sa-an-ta-ak-kum",
                    "gdl": [
                      {
                        "v": "sa",
                        "id": "P230027.4.5.0",
                        "break": "damaged",
                        "ho": "1",
                        "delim": "-",
                        "hc": "1"
                      },
                      {
                        "v": "an",
                        "id": "P230027.4.5.1",
                        "delim": "-"
                      },
                      {
                        "v": "ta",
                        "id": "P230027.4.5.2",
                        "break": "damaged",
                        "ho": "1",
                        "delim": "-",
                        "hc": "1"
                      },
                      {
                        "v": "ak",
                        "id": "P230027.4.5.3",
                        "breakStart": "1",
                        "o": "[",
                        "break": "missing",
                        "delim": "-"
                      },
                      {
                        "v": "kum",
                        "id": "P230027.4.5.4",
                        "break": "missing",
                        "o": "]",
                        "breakEnd": "P230027.4.5.3"
                      }
                    ]
                  }
                },
                {
                  "node": "d",
                  "type": "field-end",
                  "subtype": "eq"
                },
                {
                  "node": "d",
                  "type": "cell-end"
                },
                {
                  "node": "d",
                  "type": "line-start",
                  "ref": "P230027.5",
                  "n": "2'",
                  "label": "o i 2'"
                },
                {
                  "node": "d",
                  "type": "cell-start"
                },
                {
                  "node": "d",
                  "type": "field-start",
                  "subtype": "sv"
                },
                {
                  "node": "l",
                  "frag": "saŋtak₃",
                  "id": "P230027.l0a245",
                  "ref": "P230027.5.1",
                  "inst": "%sux:saŋtak₃=",
                  "f": {
                    "lang": "sux",
                    "form": "saŋtak₃",
                    "delim": " ",
                    "gdl": [
                      {
                        "v": "saŋtak₃",
                        "id": "P230027.5.1.0"
                      }
                    ]
                  }
                },
                {
                  "node": "d",
                  "frag": "[*]",
                  "type": "punct",
                  "ref": "P230027.5.2",
                  "lang": "sux"
                },
                {
                  "node": "d",
                  "type": "field-end",
                  "subtype": "sv"
                },
                {
                  "node": "d",
                  "type": "cell-end"
                },
                {
                  "node": "d",
                  "type": "cell-start"
                },
                {
                  "node": "d",
                  "type": "field-start",
                  "subtype": "pr"
                },
                {
                  "node": "l",
                  "frag": "[...]",
                  "id": "P230027.l0a246",
                  "ref": "P230027.5.3",
                  "inst": "%sux:x=",
                  "f": {
                    "lang": "sux",
                    "form": "x",
                    "gdl": [
                      {
                        "x": "ellipsis",
                        "id": "P230027.5.3.0",
                        "breakStart": "1",
                        "break": "missing",
                        "o": "]",
                        "breakEnd": "P230027.5.3.0"
                      }
                    ]
                  }
                },
                {
                  "node": "d",
                  "type": "field-end",
                  "subtype": "pr"
                },
                {
                  "node": "d",
                  "type": "cell-end"
                },
                {
                  "node": "d",
                  "type": "cell-start"
                },
                {
                  "node": "d",
                  "type": "field-start",
                  "subtype": "sg"
                },
                {
                  "node": "l",
                  "frag": "[AŠ@z]",
                  "id": "P230027.l0a247",
                  "ref": "P230027.5.4",
                  "inst": "%sux:AŠ@z=",
                  "f": {
                    "lang": "sux",
                    "form": "AŠ@z",
                    "gdl": [
                      {
                        "form": "AŠ@z",
                        "id": "P230027.5.4.0",
                        "breakStart": "1",
                        "o": "]",
                        "break": "missing",
                        "breakEnd": "P230027.5.4.0",
                        "mods": [
                          {
                            "b": "AŠ"
                          },
                          {
                            "m": "z"
                          }
                        ]
                      }
                    ]
                  }
                },
                {
                  "node": "d",
                  "type": "field-end",
                  "subtype": "sg"
                },
                {
                  "node": "d",
                  "type": "cell-end"
                },
                {
                  "node": "d",
                  "type": "cell-start"
                },
                {
                  "node": "d",
                  "type": "field-start",
                  "subtype": "eq"
                },
                {
                  "node": "l",
                  "frag": "⸢sa⸣-an-⸢ta⸣-[ak-kum]",
                  "id": "P230027.l0a248",
                  "ref": "P230027.5.5",
                  "inst": "%akk-x-oldbab:sa-an-ta-ak-kum=",
                  "f": {
                    "lang": "akk-x-oldbab",
                    "form": "sa-an-ta-ak-kum",
                    "gdl": [
                      {
                        "v": "sa",
                        "id": "P230027.5.5.0",
                        "break": "damaged",
                        "ho": "1",
                        "delim": "-",
                        "hc": "1"
                      },
                      {
                        "v": "an",
                        "id": "P230027.5.5.1",
                        "delim": "-"
                      },
                      {
                        "v": "ta",
                        "id": "P230027.5.5.2",
                        "break": "damaged",
                        "ho": "1",
                        "delim": "-",
                        "hc": "1"
                      },
                      {
                        "v": "ak",
                        "id": "P230027.5.5.3",
                        "breakStart": "1",
                        "o": "[",
                        "break": "missing",
                        "delim": "-"
                      },
                      {
                        "v": "kum",
                        "id": "P230027.5.5.4",
                        "break": "missing",
                        "o": "]",
                        "breakEnd": "P230027.5.5.3"
                      }
                    ]
                  }
                },
                {
                  "node": "d",
                  "type": "field-end",
                  "subtype": "eq"
                },
                {
                  "node": "d",
                  "type": "cell-end"
                },
                {
                  "node": "d",
                  "type": "line-start",
                  "ref": "P230027.6",
                  "n": "3'",
                  "label": "o i 3'"
                },
                {
                  "node": "d",
                  "type": "cell-start"
                },
                {
                  "node": "d",
                  "type": "field-start",
                  "subtype": "sv"
                },
                {
                  "node": "l",
                  "frag": "uš₂",
                  "id": "P230027.l0a249",
                  "ref": "P230027.6.1",
                  "inst": "%sux:uš₂=",
                  "f": {
                    "lang": "sux",
                    "form": "uš₂",
                    "delim": " ",
                    "gdl": [
                      {
                        "v": "uš₂",
                        "id": "P230027.6.1.0"
                      }
                    ]
                  }
                },
                {
                  "node": "d",
                  "frag": "[*]",
                  "type": "punct",
                  "ref": "P230027.6.2",
                  "lang": "sux"
                },
                {
                  "node": "d",
                  "type": "field-end",
                  "subtype": "sv"
                },
                {
                  "node": "d",
                  "type": "cell-end"
                },
                {
                  "node": "d",
                  "type": "cell-start"
                },
                {
                  "node": "d",
                  "type": "field-start",
                  "subtype": "pr"
                },
                {
                  "node": "l",
                  "frag": "[...]",
                  "id": "P230027.l0a24a",
                  "ref": "P230027.6.3",
                  "inst": "%sux:x=",
                  "f": {
                    "lang": "sux",
                    "form": "x",
                    "gdl": [
                      {
                        "x": "ellipsis",
                        "id": "P230027.6.3.0",
                        "breakStart": "1",
                        "break": "missing",
                        "o": "]",
                        "breakEnd": "P230027.6.3.0"
                      }
                    ]
                  }
                },
                {
                  "node": "d",
                  "type": "field-end",
                  "subtype": "pr"
                },
                {
                  "node": "d",
                  "type": "cell-end"
                },
                {
                  "node": "d",
                  "type": "cell-start"
                },
                {
                  "node": "d",
                  "type": "field-start",
                  "subtype": "sg"
                },
                {
                  "node": "l",
                  "frag": "BAD",
                  "id": "P230027.l0a24b",
                  "ref": "P230027.6.4",
                  "inst": "%sux:BAD=",
                  "f": {
                    "lang": "sux",
                    "form": "BAD",
                    "gdl": [
                      {
                        "s": "BAD",
                        "id": "P230027.6.4.0"
                      }
                    ]
                  }
                },
                {
                  "node": "d",
                  "type": "field-end",
                  "subtype": "sg"
                },
                {
                  "node": "d",
                  "type": "cell-end"
                },
                {
                  "node": "d",
                  "type": "cell-start"
                },
                {
                  "node": "d",
                  "type": "field-start",
                  "subtype": "eq"
                },
                {
                  "node": "l",
                  "frag": "da-⸢mu⸣",
                  "id": "P230027.l0a24c",
                  "ref": "P230027.6.5",
                  "inst": "%akk-x-oldbab:da-mu=",
                  "f": {
                    "lang": "akk-x-oldbab",
                    "form": "da-mu",
                    "gdl": [
                      {
                        "v": "da",
                        "id": "P230027.6.5.0",
                        "delim": "-"
                      },
                      {
                        "v": "mu",
                        "id": "P230027.6.5.1",
                        "break": "damaged",
                        "ho": "1",
                        "hc": "1"
                      }
                    ]
                  }
                },
                {
                  "node": "d",
                  "type": "field-end",
                  "subtype": "eq"
                },
                {
                  "node": "d",
                  "type": "cell-end"
                },
                {
                  "node": "d",
                  "type": "line-start",
                  "ref": "P230027.7",
                  "n": "4'",
                  "label": "o i 4'"
                },
                {
                  "node": "d",
                  "type": "cell-start"
                },
                {
                  "node": "d",
                  "type": "field-start",
                  "subtype": "sv"
                },
                {
                  "node": "l",
                  "frag": "uš₂",
                  "id": "P230027.l0a24d",
                  "ref": "P230027.7.1",
                  "inst": "%sux:uš₂=",
                  "f": {
                    "lang": "sux",
                    "form": "uš₂",
                    "delim": " ",
                    "gdl": [
                      {
                        "v": "uš₂",
                        "id": "P230027.7.1.0"
                      }
                    ]
                  }
                },
                {
                  "node": "d",
                  "frag": "[*]",
                  "type": "punct",
                  "ref": "P230027.7.2",
                  "lang": "sux"
                },
                {
                  "node": "d",
                  "type": "field-end",
                  "subtype": "sv"
                },
                {
                  "node": "d",
                  "type": "cell-end"
                },
                {
                  "node": "d",
                  "type": "cell-start"
                },
                {
                  "node": "d",
                  "type": "field-start",
                  "subtype": "pr"
                },
                {
                  "node": "l",
                  "frag": "[...]",
                  "id": "P230027.l0a24e",
                  "ref": "P230027.7.3",
                  "inst": "%sux:x=",
                  "f": {
                    "lang": "sux",
                    "form": "x",
                    "gdl": [
                      {
                        "x": "ellipsis",
                        "id": "P230027.7.3.0",
                        "breakStart": "1",
                        "break": "missing",
                        "o": "]",
                        "breakEnd": "P230027.7.3.0"
                      }
                    ]
                  }
                },
                {
                  "node": "d",
                  "type": "field-end",
                  "subtype": "pr"
                },
                {
                  "node": "d",
                  "type": "cell-end"
                },
                {
                  "node": "d",
                  "type": "cell-start"
                },
                {
                  "node": "d",
                  "type": "field-start",
                  "subtype": "sg"
                },
                {
                  "node": "l",
                  "frag": "BAD",
                  "id": "P230027.l0a24f",
                  "ref": "P230027.7.4",
                  "inst": "%sux:BAD=",
                  "f": {
                    "lang": "sux",
                    "form": "BAD",
                    "gdl": [
                      {
                        "s": "BAD",
                        "id": "P230027.7.4.0"
                      }
                    ]
                  }
                },
                {
                  "node": "d",
                  "type": "field-end",
                  "subtype": "sg"
                },
                {
                  "node": "d",
                  "type": "cell-end"
                },
                {
                  "node": "d",
                  "type": "cell-start"
                },
                {
                  "node": "d",
                  "type": "field-start",
                  "subtype": "eq"
                },
                {
                  "node": "l",
                  "frag": "se₂-ke-[e-rum]",
                  "id": "P230027.l0a250",
                  "ref": "P230027.7.5",
                  "inst": "%akk-x-oldbab:se₂-ke-e-rum=",
                  "f": {
                    "lang": "akk-x-oldbab",
                    "form": "se₂-ke-e-rum",
                    "gdl": [
                      {
                        "v": "se₂",
                        "id": "P230027.7.5.0",
                        "delim": "-"
                      },
                      {
                        "v": "ke",
                        "id": "P230027.7.5.1",
                        "delim": "-"
                      },
                      {
                        "v": "e",
                        "id": "P230027.7.5.2",
                        "breakStart": "1",
                        "o": "[",
                        "break": "missing",
                        "delim": "-"
                      },
                      {
                        "v": "rum",
                        "id": "P230027.7.5.3",
                        "break": "missing",
                        "o": "]",
                        "breakEnd": "P230027.7.5.2"
                      }
                    ]
                  }
                },
                {
                  "node": "d",
                  "type": "field-end",
                  "subtype": "eq"
                },
                {
                  "node": "d",
                  "type": "cell-end"
                },
                {
                  "node": "d",
                  "type": "line-start",
                  "ref": "P230027.8",
                  "n": "5'",
                  "label": "o i 5'"
                },
                {
                  "node": "d",
                  "type": "cell-start"
                },
                {
                  "node": "d",
                  "type": "field-start",
                  "subtype": "sv"
                },
                {
                  "node": "l",
                  "frag": "uš₂",
                  "id": "P230027.l0a251",
                  "ref": "P230027.8.1",
                  "inst": "%sux:uš₂=",
                  "f": {
                    "lang": "sux",
                    "form": "uš₂",
                    "delim": " ",
                    "gdl": [
                      {
                        "v": "uš₂",
                        "id": "P230027.8.1.0"
                      }
                    ]
                  }
                },
                {
                  "node": "d",
                  "frag": "[*]",
                  "type": "punct",
                  "ref": "P230027.8.2",
                  "lang": "sux"
                },
                {
                  "node": "d",
                  "type": "field-end",
                  "subtype": "sv"
                },
                {
                  "node": "d",
                  "type": "cell-end"
                },
                {
                  "node": "d",
                  "type": "cell-start"
                },
                {
                  "node": "d",
                  "type": "field-start",
                  "subtype": "pr"
                },
                {
                  "node": "l",
                  "frag": "[...]",
                  "id": "P230027.l0a252",
                  "ref": "P230027.8.3",
                  "inst": "%sux:x=",
                  "f": {
                    "lang": "sux",
                    "form": "x",
                    "gdl": [
                      {
                        "x": "ellipsis",
                        "id": "P230027.8.3.0",
                        "breakStart": "1",
                        "break": "missing",
                        "o": "]",
                        "breakEnd": "P230027.8.3.0"
                      }
                    ]
                  }
                },
                {
                  "node": "d",
                  "type": "field-end",
                  "subtype": "pr"
                },
                {
                  "node": "d",
                  "type": "cell-end"
                },
                {
                  "node": "d",
                  "type": "cell-start"
                },
                {
                  "node": "d",
                  "type": "field-start",
                  "subtype": "sg"
                },
                {
                  "node": "l",
                  "frag": "BAD",
                  "id": "P230027.l0a253",
                  "ref": "P230027.8.4",
                  "inst": "%sux:BAD=",
                  "f": {
                    "lang": "sux",
                    "form": "BAD",
                    "gdl": [
                      {
                        "s": "BAD",
                        "id": "P230027.8.4.0"
                      }
                    ]
                  }
                },
                {
                  "node": "d",
                  "type": "field-end",
                  "subtype": "sg"
                },
                {
                  "node": "d",
                  "type": "cell-end"
                },
                {
                  "node": "d",
                  "type": "cell-start"
                },
                {
                  "node": "d",
                  "type": "field-start",
                  "subtype": "eq"
                },
                {
                  "node": "l",
                  "frag": "mu-[u₂-tum]",
                  "id": "P230027.l0a254",
                  "ref": "P230027.8.5",
                  "inst": "%akk-x-oldbab:mu-u₂-tum=",
                  "f": {
                    "lang": "akk-x-oldbab",
                    "form": "mu-u₂-tum",
                    "gdl": [
                      {
                        "v": "mu",
                        "id": "P230027.8.5.0",
                        "delim": "-"
                      },
                      {
                        "v": "u₂",
                        "id": "P230027.8.5.1",
                        "breakStart": "1",
                        "o": "[",
                        "break": "missing",
                        "delim": "-"
                      },
                      {
                        "v": "tum",
                        "id": "P230027.8.5.2",
                        "break": "missing",
                        "o": "]",
                        "breakEnd": "P230027.8.5.1"
                      }
                    ]
                  }
                },
                {
                  "node": "d",
                  "type": "field-end",
                  "subtype": "eq"
                },
                {
                  "node": "d",
                  "type": "cell-end"
                },
                {
                  "node": "d",
                  "type": "line-start",
                  "ref": "P230027.9",
                  "n": "6'",
                  "label": "o i 6'"
                },
                {
                  "node": "d",
                  "type": "cell-start"
                },
                {
                  "node": "d",
                  "type": "field-start",
                  "subtype": "sv"
                },
                {
                  "node": "l",
                  "frag": "ziz",
                  "id": "P230027.l0a255",
                  "ref": "P230027.9.1",
                  "inst": "%sux:ziz=",
                  "f": {
                    "lang": "sux",
                    "form": "ziz",
                    "delim": " ",
                    "gdl": [
                      {
                        "v": "ziz",
                        "id": "P230027.9.1.0"
                      }
                    ]
                  }
                },
                {
                  "node": "d",
                  "frag": "[*]",
                  "type": "punct",
                  "ref": "P230027.9.2",
                  "lang": "sux"
                },
                {
                  "node": "d",
                  "type": "field-end",
                  "subtype": "sv"
                },
                {
                  "node": "d",
                  "type": "cell-end"
                },
                {
                  "node": "d",
                  "type": "cell-start"
                },
                {
                  "node": "d",
                  "type": "field-start",
                  "subtype": "pr"
                },
                {
                  "node": "l",
                  "frag": "[...]",
                  "id": "P230027.l0a256",
                  "ref": "P230027.9.3",
                  "inst": "%sux:x=",
                  "f": {
                    "lang": "sux",
                    "form": "x",
                    "gdl": [
                      {
                        "x": "ellipsis",
                        "id": "P230027.9.3.0",
                        "breakStart": "1",
                        "break": "missing",
                        "o": "]",
                        "breakEnd": "P230027.9.3.0"
                      }
                    ]
                  }
                },
                {
                  "node": "d",
                  "type": "field-end",
                  "subtype": "pr"
                },
                {
                  "node": "d",
                  "type": "cell-end"
                },
                {
                  "node": "d",
                  "type": "cell-start"
                },
                {
                  "node": "d",
                  "type": "field-start",
                  "subtype": "sg"
                },
                {
                  "node": "l",
                  "frag": "BAD",
                  "id": "P230027.l0a257",
                  "ref": "P230027.9.4",
                  "inst": "%sux:BAD=",
                  "f": {
                    "lang": "sux",
                    "form": "BAD",
                    "gdl": [
                      {
                        "s": "BAD",
                        "id": "P230027.9.4.0"
                      }
                    ]
                  }
                },
                {
                  "node": "d",
                  "type": "field-end",
                  "subtype": "sg"
                },
                {
                  "node": "d",
                  "type": "cell-end"
                },
                {
                  "node": "d",
                  "type": "cell-start"
                },
                {
                  "node": "d",
                  "type": "field-start",
                  "subtype": "eq"
                },
                {
                  "node": "l",
                  "frag": "sa₃-a-[sum₂]",
                  "id": "P230027.l0a258",
                  "ref": "P230027.9.5",
                  "inst": "%akk-x-oldbab:sa₃-a-sum₂=",
                  "f": {
                    "lang": "akk-x-oldbab",
                    "form": "sa₃-a-sum₂",
                    "gdl": [
                      {
                        "v": "sa₃",
                        "id": "P230027.9.5.0",
                        "delim": "-"
                      },
                      {
                        "v": "a",
                        "id": "P230027.9.5.1",
                        "delim": "-"
                      },
                      {
                        "v": "sum₂",
                        "id": "P230027.9.5.2",
                        "breakStart": "1",
                        "o": "]",
                        "break": "missing",
                        "breakEnd": "P230027.9.5.2"
                      }
                    ]
                  }
                },
                {
                  "node": "d",
                  "type": "field-end",
                  "subtype": "eq"
                },
                {
                  "node": "d",
                  "type": "cell-end"
                }
              ]
            }
          ]
        }
      ]
    }
  ]
}
