{
  "type": "cdl",
  "project": "dcclt",
  "source": "http://oracc.org/dcclt",
  "license": "This data is released under the CC0 license",
  "license-url": "https://creativecommons.org/publicdomain/zero/1.0/",
  "more-info": "http://oracc.org/doc/opendata/",
  "UTC-timestamp": "2017-06-21T22:08:28",
  "textid": "P231262",
  "cdl": [
    {
      "node": "c",
      "type": "text",
      "id": "P231262.U0",
      "cdl": [
        {
          "node": "d",
          "subtype": "tablet",
          "type": "tablet",
          "ref": "P231262.x434.1",
          "label": "x434"
        },
        {
          "node": "d",
          "subtype": "obverse",
          "type": "obverse",
          "ref": "P231262.o.2",
          "label": "o"
        },
        {
          "node": "d",
          "type": "nonx",
          "ref": "P231262.3",
          "strict": "1",
          "extent": "n",
          "scope": "line",
          "state": "missing"
        },
        {
          "node": "c",
          "type": "discourse",
          "subtype": "body",
          "id": "P231262.U1",
          "cdl": [
            {
              "node": "c",
              "type": "sentence",
              "id": "P231262.U2",
              "label": "o 1' - r ii' 6'",
              "cdl": [
                {
                  "node": "d",
                  "type": "line-start",
                  "ref": "P231262.4",
                  "n": "1'",
                  "label": "o 1'"
                },
                {
                  "node": "l",
                  "frag": "[...]",
                  "id": "P231262.l176ee",
                  "ref": "P231262.4.1",
                  "inst": "%sux:x=",
                  "f": {
                    "lang": "sux",
                    "form": "x",
                    "delim": " ",
                    "gdl": [
                      {
                        "x": "ellipsis",
                        "id": "P231262.4.1.0",
                        "breakStart": "1",
                        "break": "missing",
                        "o": "]",
                        "breakEnd": "P231262.4.1.0"
                      }
                    ]
                  }
                },
                {
                  "node": "l",
                  "frag": "⸢x⸣",
                  "id": "P231262.l176ef",
                  "ref": "P231262.4.2",
                  "inst": "%sux:x=",
                  "f": {
                    "lang": "sux",
                    "form": "x",
                    "gdl": [
                      {
                        "v": "x",
                        "id": "P231262.4.2.0",
                        "break": "damaged",
                        "ho": "1",
                        "hc": "1"
                      }
                    ]
                  }
                },
                {
                  "node": "d",
                  "type": "nonx",
                  "ref": "P231262.5",
                  "strict": "1",
                  "extent": "2",
                  "scope": "line",
                  "state": "ruling"
                },
                {
                  "node": "d",
                  "type": "line-start",
                  "ref": "P231262.6",
                  "n": "2'",
                  "label": "o 2'"
                },
                {
                  "node": "l",
                  "frag": "[...]",
                  "id": "P231262.l176f0",
                  "ref": "P231262.6.1",
                  "inst": "%sux:x=",
                  "f": {
                    "lang": "sux",
                    "form": "x",
                    "delim": " ",
                    "gdl": [
                      {
                        "x": "ellipsis",
                        "id": "P231262.6.1.0",
                        "breakStart": "1",
                        "break": "missing",
                        "o": "]",
                        "breakEnd": "P231262.6.1.0"
                      }
                    ]
                  }
                },
                {
                  "node": "l",
                  "frag": "GAR",
                  "id": "P231262.l176f1",
                  "ref": "P231262.6.2",
                  "inst": "%sux:GAR=",
                  "f": {
                    "lang": "sux",
                    "form": "GAR",
                    "gdl": [
                      {
                        "s": "GAR",
                        "id": "P231262.6.2.0"
                      }
                    ]
                  }
                },
                {
                  "node": "d",
                  "type": "nonx",
                  "ref": "P231262.7",
                  "strict": "1",
                  "extent": "n",
                  "scope": "line",
                  "state": "missing"
                },
                {
                  "node": "d",
                  "subtype": "reverse",
                  "type": "reverse",
                  "ref": "P231262.r.8",
                  "label": "r"
                },
                {
                  "node": "d",
                  "subtype": "column 1r '",
                  "type": "column",
                  "ref": "P231262.r.i_.9",
                  "n": "1",
                  "label": "r i'"
                },
                {
                  "node": "d",
                  "type": "nonx",
                  "ref": "P231262.10",
                  "strict": "1",
                  "extent": "n",
                  "scope": "line",
                  "state": "missing"
                },
                {
                  "node": "d",
                  "type": "line-start",
                  "ref": "P231262.11",
                  "n": "1'",
                  "label": "r i' 1'"
                },
                {
                  "node": "l",
                  "frag": "[...]",
                  "id": "P231262.l176f2",
                  "ref": "P231262.11.1",
                  "inst": "%sux:x=",
                  "f": {
                    "lang": "sux",
                    "form": "x",
                    "gdl": [
                      {
                        "x": "ellipsis",
                        "id": "P231262.11.1.0",
                        "breakStart": "1",
                        "break": "missing",
                        "o": "]",
                        "breakEnd": "P231262.11.1.0"
                      }
                    ]
                  }
                },
                {
                  "node": "d",
                  "type": "line-start",
                  "ref": "P231262.12",
                  "n": "2'",
                  "label": "r i' 2'"
                },
                {
                  "node": "l",
                  "frag": "⸢mul⸣",
                  "id": "P231262.l176f3",
                  "ref": "P231262.12.1",
                  "inst": "%sux:mul=",
                  "f": {
                    "lang": "sux",
                    "form": "mul",
                    "gdl": [
                      {
                        "v": "mul",
                        "id": "P231262.12.1.0",
                        "break": "damaged",
                        "ho": "1",
                        "hc": "1"
                      }
                    ]
                  }
                },
                {
                  "node": "d",
                  "type": "line-start",
                  "ref": "P231262.13",
                  "n": "3'",
                  "label": "r i' 3'"
                },
                {
                  "node": "l",
                  "frag": "šag₄",
                  "id": "P231262.l176f4",
                  "ref": "P231262.13.1",
                  "inst": "%sux:šag₄=",
                  "f": {
                    "lang": "sux",
                    "form": "šag₄",
                    "delim": " ",
                    "gdl": [
                      {
                        "v": "šag₄",
                        "id": "P231262.13.1.0"
                      }
                    ]
                  }
                },
                {
                  "node": "l",
                  "frag": "⸢mul⸣",
                  "id": "P231262.l176f5",
                  "ref": "P231262.13.2",
                  "inst": "%sux:mul=",
                  "f": {
                    "lang": "sux",
                    "form": "mul",
                    "gdl": [
                      {
                        "v": "mul",
                        "id": "P231262.13.2.0",
                        "break": "damaged",
                        "ho": "1",
                        "hc": "1"
                      }
                    ]
                  }
                },
                {
                  "node": "d",
                  "type": "line-start",
                  "ref": "P231262.14",
                  "n": "4'",
                  "label": "r i' 4'"
                },
                {
                  "node": "l",
                  "frag": "⸢šag₄⸣",
                  "id": "P231262.l176f6",
                  "ref": "P231262.14.1",
                  "inst": "%sux:šag₄=",
                  "f": {
                    "lang": "sux",
                    "form": "šag₄",
                    "delim": " ",
                    "gdl": [
                      {
                        "v": "šag₄",
                        "id": "P231262.14.1.0",
                        "break": "damaged",
                        "queried": "1",
                        "ho": "1",
                        "hc": "1"
                      }
                    ]
                  }
                },
                {
                  "node": "l",
                  "frag": "mul",
                  "id": "P231262.l176f7",
                  "ref": "P231262.14.2",
                  "inst": "%sux:mul=",
                  "f": {
                    "lang": "sux",
                    "form": "mul",
                    "gdl": [
                      {
                        "v": "mul",
                        "id": "P231262.14.2.0"
                      }
                    ]
                  }
                },
                {
                  "node": "d",
                  "type": "line-start",
                  "ref": "P231262.15",
                  "n": "5'",
                  "label": "r i' 5'"
                },
                {
                  "node": "l",
                  "frag": "kukku₂",
                  "id": "P231262.l176f8",
                  "ref": "P231262.15.1",
                  "inst": "%sux:kukku₂=",
                  "f": {
                    "lang": "sux",
                    "form": "kukku₂",
                    "gdl": [
                      {
                        "v": "kukku₂",
                        "id": "P231262.15.1.0"
                      }
                    ]
                  }
                },
                {
                  "node": "d",
                  "type": "line-start",
                  "ref": "P231262.16",
                  "n": "6'",
                  "label": "r i' 6'"
                },
                {
                  "node": "l",
                  "frag": "⸢mul⸣-sig₇-a",
                  "id": "P231262.l176f9",
                  "ref": "P231262.16.1",
                  "inst": "%sux:mul-sig₇-a=",
                  "f": {
                    "lang": "sux",
                    "form": "mul-sig₇-a",
                    "gdl": [
                      {
                        "v": "mul",
                        "id": "P231262.16.1.0",
                        "break": "damaged",
                        "queried": "1",
                        "ho": "1",
                        "delim": "-",
                        "hc": "1"
                      },
                      {
                        "v": "sig₇",
                        "id": "P231262.16.1.1",
                        "delim": "-"
                      },
                      {
                        "v": "a",
                        "id": "P231262.16.1.2"
                      }
                    ]
                  }
                },
                {
                  "node": "d",
                  "type": "line-start",
                  "ref": "P231262.17",
                  "n": "7'",
                  "label": "r i' 7'"
                },
                {
                  "node": "l",
                  "frag": "[...]",
                  "id": "P231262.l176fa",
                  "ref": "P231262.17.1",
                  "inst": "%sux:x=",
                  "f": {
                    "lang": "sux",
                    "form": "x",
                    "delim": " ",
                    "gdl": [
                      {
                        "x": "ellipsis",
                        "id": "P231262.17.1.0",
                        "breakStart": "1",
                        "break": "missing",
                        "o": "]",
                        "breakEnd": "P231262.17.1.0"
                      }
                    ]
                  }
                },
                {
                  "node": "l",
                  "frag": "⸢x⸣",
                  "id": "P231262.l176fb",
                  "ref": "P231262.17.2",
                  "inst": "%sux:x=",
                  "f": {
                    "lang": "sux",
                    "form": "x",
                    "gdl": [
                      {
                        "v": "x",
                        "id": "P231262.17.2.0",
                        "break": "damaged",
                        "ho": "1",
                        "hc": "1"
                      }
                    ]
                  }
                },
                {
                  "node": "d",
                  "type": "nonx",
                  "ref": "P231262.18",
                  "strict": "1",
                  "extent": "n",
                  "scope": "line",
                  "state": "missing"
                },
                {
                  "node": "d",
                  "subtype": "column 2r '",
                  "type": "column",
                  "ref": "P231262.r.ii_.19",
                  "n": "2",
                  "label": "r ii'"
                },
                {
                  "node": "d",
                  "type": "nonx",
                  "ref": "P231262.20",
                  "strict": "1",
                  "extent": "n",
                  "scope": "line",
                  "state": "missing"
                },
                {
                  "node": "d",
                  "type": "line-start",
                  "ref": "P231262.21",
                  "n": "1'",
                  "label": "r ii' 1'"
                },
                {
                  "node": "l",
                  "frag": "[...]",
                  "id": "P231262.l176fc",
                  "ref": "P231262.21.1",
                  "inst": "%sux:x=",
                  "f": {
                    "lang": "sux",
                    "form": "x",
                    "gdl": [
                      {
                        "x": "ellipsis",
                        "id": "P231262.21.1.0",
                        "breakStart": "1",
                        "break": "missing",
                        "o": "]",
                        "breakEnd": "P231262.21.1.0"
                      }
                    ]
                  }
                },
                {
                  "node": "d",
                  "type": "line-start",
                  "ref": "P231262.22",
                  "n": "2'",
                  "label": "r ii' 2'"
                },
                {
                  "node": "l",
                  "frag": "[...]",
                  "id": "P231262.l176fd",
                  "ref": "P231262.22.1",
                  "inst": "%sux:x=",
                  "f": {
                    "lang": "sux",
                    "form": "x",
                    "delim": " ",
                    "gdl": [
                      {
                        "x": "ellipsis",
                        "id": "P231262.22.1.0",
                        "breakStart": "1",
                        "break": "missing",
                        "o": "]",
                        "breakEnd": "P231262.22.1.0"
                      }
                    ]
                  }
                },
                {
                  "node": "l",
                  "frag": "DU-DU",
                  "id": "P231262.l176fe",
                  "ref": "P231262.22.2",
                  "inst": "%sux:DU-DU=",
                  "f": {
                    "lang": "sux",
                    "form": "DU-DU",
                    "gdl": [
                      {
                        "s": "DU",
                        "id": "P231262.22.2.0",
                        "delim": "-"
                      },
                      {
                        "s": "DU",
                        "id": "P231262.22.2.1"
                      }
                    ]
                  }
                },
                {
                  "node": "d",
                  "type": "line-start",
                  "ref": "P231262.23",
                  "n": "3'",
                  "label": "r ii' 3'"
                },
                {
                  "node": "l",
                  "frag": "ub",
                  "id": "P231262.l176ff",
                  "ref": "P231262.23.1",
                  "inst": "%sux:ub=",
                  "f": {
                    "lang": "sux",
                    "form": "ub",
                    "gdl": [
                      {
                        "v": "ub",
                        "id": "P231262.23.1.0"
                      }
                    ]
                  }
                },
                {
                  "node": "d",
                  "type": "line-start",
                  "ref": "P231262.24",
                  "n": "4'",
                  "label": "r ii' 4'"
                },
                {
                  "node": "l",
                  "frag": "ar₂",
                  "id": "P231262.l17700",
                  "ref": "P231262.24.1",
                  "inst": "%sux:ar₂=",
                  "f": {
                    "lang": "sux",
                    "form": "ar₂",
                    "gdl": [
                      {
                        "v": "ar₂",
                        "id": "P231262.24.1.0"
                      }
                    ]
                  }
                },
                {
                  "node": "d",
                  "type": "line-start",
                  "ref": "P231262.25",
                  "n": "5'",
                  "label": "r ii' 5'"
                },
                {
                  "node": "l",
                  "frag": "[ar₂]-ra",
                  "id": "P231262.l17701",
                  "ref": "P231262.25.1",
                  "inst": "%sux:ar₂-ra=",
                  "f": {
                    "lang": "sux",
                    "form": "ar₂-ra",
                    "gdl": [
                      {
                        "v": "ar₂",
                        "id": "P231262.25.1.0",
                        "breakStart": "1",
                        "o": "]",
                        "break": "missing",
                        "breakEnd": "P231262.25.1.0",
                        "delim": "-"
                      },
                      {
                        "v": "ra",
                        "id": "P231262.25.1.1"
                      }
                    ]
                  }
                },
                {
                  "node": "d",
                  "type": "line-start",
                  "ref": "P231262.26",
                  "n": "6'",
                  "label": "r ii' 6'"
                },
                {
                  "node": "l",
                  "frag": "[...]",
                  "id": "P231262.l17702",
                  "ref": "P231262.26.1",
                  "inst": "%sux:x=",
                  "f": {
                    "lang": "sux",
                    "form": "x",
                    "delim": " ",
                    "gdl": [
                      {
                        "x": "ellipsis",
                        "id": "P231262.26.1.0",
                        "breakStart": "1",
                        "break": "missing",
                        "o": "]",
                        "breakEnd": "P231262.26.1.0"
                      }
                    ]
                  }
                },
                {
                  "node": "l",
                  "frag": "⸢x⸣-a",
                  "id": "P231262.l17703",
                  "ref": "P231262.26.2",
                  "inst": "%sux:x-a=",
                  "f": {
                    "lang": "sux",
                    "form": "x-a",
                    "gdl": [
                      {
                        "v": "x",
                        "id": "P231262.26.2.0",
                        "break": "damaged",
                        "ho": "1",
                        "delim": "-",
                        "hc": "1"
                      },
                      {
                        "v": "a",
                        "id": "P231262.26.2.1"
                      }
                    ]
                  }
                },
                {
                  "node": "d",
                  "type": "nonx",
                  "ref": "P231262.27",
                  "strict": "1",
                  "extent": "n",
                  "scope": "line",
                  "state": "missing"
                }
              ]
            }
          ]
        }
      ]
    }
  ]
}
