{
  "type": "cdl",
  "project": "dcclt",
  "source": "http://oracc.org/dcclt",
  "license": "This data is released under the CC0 license",
  "license-url": "https://creativecommons.org/publicdomain/zero/1.0/",
  "more-info": "http://oracc.org/doc/opendata/",
  "UTC-timestamp": "2017-06-21T22:08:28",
  "textid": "P231267",
  "cdl": [
    {
      "node": "c",
      "type": "text",
      "id": "P231267.U0",
      "cdl": [
        {
          "node": "d",
          "subtype": "tablet",
          "type": "tablet",
          "ref": "P231267.x1077.1",
          "label": "x1077"
        },
        {
          "node": "d",
          "subtype": "obverse",
          "type": "obverse",
          "ref": "P231267.o.2",
          "label": "o"
        },
        {
          "node": "d",
          "subtype": "column 1o",
          "type": "column",
          "ref": "P231267.o.i.3",
          "n": "1",
          "label": "o i"
        },
        {
          "node": "d",
          "type": "nonx",
          "ref": "P231267.4",
          "strict": "0",
          "extent": "beginning",
          "state": "missing"
        },
        {
          "node": "c",
          "type": "discourse",
          "subtype": "body",
          "id": "P231267.U1",
          "cdl": [
            {
              "node": "c",
              "type": "sentence",
              "id": "P231267.U2",
              "label": "o i 1' - o i 10'",
              "cdl": [
                {
                  "node": "d",
                  "type": "line-start",
                  "ref": "P231267.5",
                  "n": "1'",
                  "label": "o i 1'"
                },
                {
                  "node": "l",
                  "frag": "[...]-a",
                  "id": "P231267.l25cad",
                  "ref": "P231267.5.1",
                  "inst": "%sux:x-a=",
                  "f": {
                    "lang": "sux",
                    "form": "x-a",
                    "gdl": [
                      {
                        "x": "ellipsis",
                        "id": "P231267.5.1.0",
                        "breakStart": "1",
                        "break": "missing",
                        "o": "]",
                        "breakEnd": "P231267.5.1.0",
                        "delim": "-"
                      },
                      {
                        "v": "a",
                        "id": "P231267.5.1.1"
                      }
                    ]
                  }
                },
                {
                  "node": "d",
                  "type": "line-start",
                  "ref": "P231267.6",
                  "n": "2'",
                  "label": "o i 2'"
                },
                {
                  "node": "l",
                  "frag": "[...]",
                  "id": "P231267.l25cae",
                  "ref": "P231267.6.1",
                  "inst": "%sux:x=",
                  "f": {
                    "lang": "sux",
                    "form": "x",
                    "delim": " ",
                    "gdl": [
                      {
                        "x": "ellipsis",
                        "id": "P231267.6.1.0",
                        "breakStart": "1",
                        "break": "missing",
                        "o": "]",
                        "breakEnd": "P231267.6.1.0"
                      }
                    ]
                  }
                },
                {
                  "node": "l",
                  "frag": "la₂",
                  "id": "P231267.l25caf",
                  "ref": "P231267.6.2",
                  "inst": "%sux:la₂=",
                  "f": {
                    "lang": "sux",
                    "form": "la₂",
                    "gdl": [
                      {
                        "v": "la₂",
                        "id": "P231267.6.2.0"
                      }
                    ]
                  }
                },
                {
                  "node": "d",
                  "type": "line-start",
                  "ref": "P231267.7",
                  "n": "3'",
                  "label": "o i 3'"
                },
                {
                  "node": "l",
                  "frag": "[a]-⸢šag₄",
                  "id": "P231267.l25cb0",
                  "ref": "P231267.7.1",
                  "inst": "%sux:a-šag₄=",
                  "f": {
                    "lang": "sux",
                    "form": "a-šag₄",
                    "delim": " ",
                    "gdl": [
                      {
                        "v": "a",
                        "id": "P231267.7.1.0",
                        "breakStart": "1",
                        "o": "]",
                        "break": "missing",
                        "breakEnd": "P231267.7.1.0",
                        "delim": "-"
                      },
                      {
                        "v": "šag₄",
                        "id": "P231267.7.1.1",
                        "break": "damaged",
                        "ho": "1"
                      }
                    ]
                  }
                },
                {
                  "node": "l",
                  "frag": "eŋir⸣",
                  "id": "P231267.l25cb1",
                  "ref": "P231267.7.2",
                  "inst": "%sux:eŋir=",
                  "f": {
                    "lang": "sux",
                    "form": "eŋir",
                    "delim": " ",
                    "gdl": [
                      {
                        "v": "eŋir",
                        "id": "P231267.7.2.0",
                        "break": "damaged",
                        "hc": "1"
                      }
                    ]
                  }
                },
                {
                  "node": "l",
                  "frag": "sum",
                  "id": "P231267.l25cb2",
                  "ref": "P231267.7.3",
                  "inst": "%sux:sum=",
                  "f": {
                    "lang": "sux",
                    "form": "sum",
                    "delim": " ",
                    "gdl": [
                      {
                        "v": "sum",
                        "id": "P231267.7.3.0"
                      }
                    ]
                  }
                },
                {
                  "node": "l",
                  "frag": "la₂",
                  "id": "P231267.l25cb3",
                  "ref": "P231267.7.4",
                  "inst": "%sux:la₂=",
                  "f": {
                    "lang": "sux",
                    "form": "la₂",
                    "gdl": [
                      {
                        "v": "la₂",
                        "id": "P231267.7.4.0"
                      }
                    ]
                  }
                },
                {
                  "node": "d",
                  "type": "line-start",
                  "ref": "P231267.8",
                  "n": "4'",
                  "label": "o i 4'"
                },
                {
                  "node": "l",
                  "frag": "[a]-šag₄",
                  "id": "P231267.l25cb4",
                  "ref": "P231267.8.1",
                  "inst": "%sux:a-šag₄=",
                  "f": {
                    "lang": "sux",
                    "form": "a-šag₄",
                    "delim": " ",
                    "gdl": [
                      {
                        "v": "a",
                        "id": "P231267.8.1.0",
                        "breakStart": "1",
                        "o": "]",
                        "break": "missing",
                        "breakEnd": "P231267.8.1.0",
                        "delim": "-"
                      },
                      {
                        "v": "šag₄",
                        "id": "P231267.8.1.1"
                      }
                    ]
                  }
                },
                {
                  "node": "l",
                  "frag": "id₂",
                  "id": "P231267.l25cb5",
                  "ref": "P231267.8.2",
                  "inst": "%sux:id₂=",
                  "f": {
                    "lang": "sux",
                    "form": "id₂",
                    "delim": " ",
                    "gdl": [
                      {
                        "v": "id₂",
                        "id": "P231267.8.2.0"
                      }
                    ]
                  }
                },
                {
                  "node": "l",
                  "frag": "ŋir₃-da",
                  "id": "P231267.l25cb6",
                  "ref": "P231267.8.3",
                  "inst": "%sux:ŋir₃-da=",
                  "f": {
                    "lang": "sux",
                    "form": "ŋir₃-da",
                    "delim": " ",
                    "gdl": [
                      {
                        "v": "ŋir₃",
                        "id": "P231267.8.3.0",
                        "delim": "-"
                      },
                      {
                        "v": "da",
                        "id": "P231267.8.3.1"
                      }
                    ]
                  }
                },
                {
                  "node": "l",
                  "frag": "bal-e",
                  "id": "P231267.l25cb7",
                  "ref": "P231267.8.4",
                  "inst": "%sux:bal-e=",
                  "f": {
                    "lang": "sux",
                    "form": "bal-e",
                    "gdl": [
                      {
                        "v": "bal",
                        "id": "P231267.8.4.0",
                        "delim": "-"
                      },
                      {
                        "v": "e",
                        "id": "P231267.8.4.1"
                      }
                    ]
                  }
                },
                {
                  "node": "d",
                  "type": "line-start",
                  "ref": "P231267.9",
                  "n": "5'",
                  "label": "o i 5'"
                },
                {
                  "node": "l",
                  "frag": "[a]-⸢šag₄⸣",
                  "id": "P231267.l25cb8",
                  "ref": "P231267.9.1",
                  "inst": "%sux:a-šag₄=",
                  "f": {
                    "lang": "sux",
                    "form": "a-šag₄",
                    "delim": " ",
                    "gdl": [
                      {
                        "v": "a",
                        "id": "P231267.9.1.0",
                        "breakStart": "1",
                        "o": "]",
                        "break": "missing",
                        "breakEnd": "P231267.9.1.0",
                        "delim": "-"
                      },
                      {
                        "v": "šag₄",
                        "id": "P231267.9.1.1",
                        "break": "damaged",
                        "ho": "1",
                        "hc": "1"
                      }
                    ]
                  }
                },
                {
                  "node": "l",
                  "frag": "mar-ra",
                  "id": "P231267.l25cb9",
                  "ref": "P231267.9.2",
                  "inst": "%sux:mar-ra=",
                  "f": {
                    "lang": "sux",
                    "form": "mar-ra",
                    "gdl": [
                      {
                        "v": "mar",
                        "id": "P231267.9.2.0",
                        "delim": "-"
                      },
                      {
                        "v": "ra",
                        "id": "P231267.9.2.1"
                      }
                    ]
                  }
                },
                {
                  "node": "d",
                  "type": "line-start",
                  "ref": "P231267.10",
                  "n": "6'",
                  "label": "o i 6'"
                },
                {
                  "node": "l",
                  "frag": "[a-šag₄]",
                  "id": "P231267.l25cba",
                  "ref": "P231267.10.1",
                  "inst": "%sux:a-šag₄=",
                  "f": {
                    "lang": "sux",
                    "form": "a-šag₄",
                    "delim": " ",
                    "gdl": [
                      {
                        "v": "a",
                        "id": "P231267.10.1.0",
                        "breakStart": "1",
                        "o": "[",
                        "break": "missing",
                        "delim": "-"
                      },
                      {
                        "v": "šag₄",
                        "id": "P231267.10.1.1",
                        "break": "missing",
                        "o": "]",
                        "breakEnd": "P231267.10.1.0"
                      }
                    ]
                  }
                },
                {
                  "node": "l",
                  "frag": "eŋir",
                  "id": "P231267.l25cbb",
                  "ref": "P231267.10.2",
                  "inst": "%sux:eŋir=",
                  "f": {
                    "lang": "sux",
                    "form": "eŋir",
                    "delim": " ",
                    "gdl": [
                      {
                        "v": "eŋir",
                        "id": "P231267.10.2.0"
                      }
                    ]
                  }
                },
                {
                  "node": "l",
                  "frag": "mar-ra",
                  "id": "P231267.l25cbc",
                  "ref": "P231267.10.3",
                  "inst": "%sux:mar-ra=",
                  "f": {
                    "lang": "sux",
                    "form": "mar-ra",
                    "gdl": [
                      {
                        "v": "mar",
                        "id": "P231267.10.3.0",
                        "delim": "-"
                      },
                      {
                        "v": "ra",
                        "id": "P231267.10.3.1"
                      }
                    ]
                  }
                },
                {
                  "node": "d",
                  "type": "line-start",
                  "ref": "P231267.11",
                  "n": "7'",
                  "label": "o i 7'"
                },
                {
                  "node": "l",
                  "frag": "[a-šag₄]",
                  "id": "P231267.l25cbd",
                  "ref": "P231267.11.1",
                  "inst": "%sux:a-šag₄=",
                  "f": {
                    "lang": "sux",
                    "form": "a-šag₄",
                    "delim": " ",
                    "gdl": [
                      {
                        "v": "a",
                        "id": "P231267.11.1.0",
                        "breakStart": "1",
                        "o": "[",
                        "break": "missing",
                        "delim": "-"
                      },
                      {
                        "v": "šag₄",
                        "id": "P231267.11.1.1",
                        "break": "missing",
                        "o": "]",
                        "breakEnd": "P231267.11.1.0"
                      }
                    ]
                  }
                },
                {
                  "node": "l",
                  "frag": "šu-zi-an-⸢na⸣",
                  "id": "P231267.l25cbe",
                  "ref": "P231267.11.2",
                  "inst": "%sux:šu-zi-an-na=",
                  "f": {
                    "lang": "sux",
                    "form": "šu-zi-an-na",
                    "gdl": [
                      {
                        "v": "šu",
                        "id": "P231267.11.2.0",
                        "delim": "-"
                      },
                      {
                        "v": "zi",
                        "id": "P231267.11.2.1",
                        "delim": "-"
                      },
                      {
                        "v": "an",
                        "id": "P231267.11.2.2",
                        "delim": "-"
                      },
                      {
                        "v": "na",
                        "id": "P231267.11.2.3",
                        "break": "damaged",
                        "ho": "1",
                        "hc": "1"
                      }
                    ]
                  }
                },
                {
                  "node": "d",
                  "type": "line-start",
                  "ref": "P231267.12",
                  "n": "8'",
                  "label": "o i 8'"
                },
                {
                  "node": "l",
                  "frag": "[a-šag₄]",
                  "id": "P231267.l25cbf",
                  "ref": "P231267.12.1",
                  "inst": "%sux:a-šag₄=",
                  "f": {
                    "lang": "sux",
                    "form": "a-šag₄",
                    "delim": " ",
                    "gdl": [
                      {
                        "v": "a",
                        "id": "P231267.12.1.0",
                        "breakStart": "1",
                        "o": "[",
                        "break": "missing",
                        "delim": "-"
                      },
                      {
                        "v": "šag₄",
                        "id": "P231267.12.1.1",
                        "break": "missing",
                        "o": "]",
                        "breakEnd": "P231267.12.1.0"
                      }
                    ]
                  }
                },
                {
                  "node": "l",
                  "frag": "ban₃-⸢da⸣",
                  "id": "P231267.l25cc0",
                  "ref": "P231267.12.2",
                  "inst": "%sux:ban₃-da=",
                  "f": {
                    "lang": "sux",
                    "form": "ban₃-da",
                    "gdl": [
                      {
                        "v": "ban₃",
                        "id": "P231267.12.2.0",
                        "delim": "-"
                      },
                      {
                        "v": "da",
                        "id": "P231267.12.2.1",
                        "break": "damaged",
                        "ho": "1",
                        "hc": "1"
                      }
                    ]
                  }
                },
                {
                  "node": "d",
                  "type": "line-start",
                  "ref": "P231267.13",
                  "n": "9'",
                  "label": "o i 9'"
                },
                {
                  "node": "l",
                  "frag": "[a-šag₄]",
                  "id": "P231267.l25cc1",
                  "ref": "P231267.13.1",
                  "inst": "%sux:a-šag₄=",
                  "f": {
                    "lang": "sux",
                    "form": "a-šag₄",
                    "delim": " ",
                    "gdl": [
                      {
                        "v": "a",
                        "id": "P231267.13.1.0",
                        "breakStart": "1",
                        "o": "[",
                        "break": "missing",
                        "delim": "-"
                      },
                      {
                        "v": "šag₄",
                        "id": "P231267.13.1.1",
                        "break": "missing",
                        "o": "]",
                        "breakEnd": "P231267.13.1.0"
                      }
                    ]
                  }
                },
                {
                  "node": "l",
                  "frag": "eŋir",
                  "id": "P231267.l25cc2",
                  "ref": "P231267.13.2",
                  "inst": "%sux:eŋir=",
                  "f": {
                    "lang": "sux",
                    "form": "eŋir",
                    "delim": " ",
                    "gdl": [
                      {
                        "v": "eŋir",
                        "id": "P231267.13.2.0"
                      }
                    ]
                  }
                },
                {
                  "node": "l",
                  "frag": "⸢ban₃⸣-da",
                  "id": "P231267.l25cc3",
                  "ref": "P231267.13.3",
                  "inst": "%sux:ban₃-da=",
                  "f": {
                    "lang": "sux",
                    "form": "ban₃-da",
                    "gdl": [
                      {
                        "v": "ban₃",
                        "id": "P231267.13.3.0",
                        "break": "damaged",
                        "ho": "1",
                        "delim": "-",
                        "hc": "1"
                      },
                      {
                        "v": "da",
                        "id": "P231267.13.3.1"
                      }
                    ]
                  }
                },
                {
                  "node": "d",
                  "type": "line-start",
                  "ref": "P231267.14",
                  "n": "10'",
                  "label": "o i 10'"
                },
                {
                  "node": "l",
                  "frag": "[...]-⸢gi",
                  "id": "P231267.l25cc4",
                  "ref": "P231267.14.1",
                  "inst": "%sux:x-gi=",
                  "f": {
                    "lang": "sux",
                    "form": "x-gi",
                    "delim": " ",
                    "gdl": [
                      {
                        "x": "ellipsis",
                        "id": "P231267.14.1.0",
                        "breakStart": "1",
                        "break": "missing",
                        "o": "]",
                        "breakEnd": "P231267.14.1.0",
                        "delim": "-"
                      },
                      {
                        "v": "gi",
                        "id": "P231267.14.1.1",
                        "break": "damaged",
                        "ho": "1"
                      }
                    ]
                  }
                },
                {
                  "node": "l",
                  "frag": "mah⸣",
                  "id": "P231267.l25cc5",
                  "ref": "P231267.14.2",
                  "inst": "%sux:mah=",
                  "f": {
                    "lang": "sux",
                    "form": "mah",
                    "gdl": [
                      {
                        "v": "mah",
                        "id": "P231267.14.2.0",
                        "break": "damaged",
                        "hc": "1"
                      }
                    ]
                  }
                },
                {
                  "node": "d",
                  "type": "nonx",
                  "ref": "P231267.15",
                  "strict": "0",
                  "state": "missing"
                }
              ]
            }
          ]
        }
      ]
    }
  ]
}
