{
  "type": "cdl",
  "project": "dcclt",
  "source": "http://oracc.org/dcclt",
  "license": "This data is released under the CC0 license",
  "license-url": "https://creativecommons.org/publicdomain/zero/1.0/",
  "more-info": "http://oracc.org/doc/opendata/",
  "UTC-timestamp": "2017-06-21T22:08:57",
  "textid": "P247852",
  "cdl": [
    {
      "node": "c",
      "type": "text",
      "id": "P247852.U0",
      "cdl": [
        {
          "node": "d",
          "type": "object",
          "ref": ""
        },
        {
          "node": "d",
          "type": "surface",
          "ref": ""
        },
        {
          "node": "c",
          "type": "discourse",
          "subtype": "body",
          "id": "P247852.U1",
          "cdl": [
            {
              "node": "c",
              "type": "sentence",
              "id": "P247852.U2",
              "label": "1 - 3",
              "cdl": [
                {
                  "node": "d",
                  "type": "line-start",
                  "ref": "P247852.1",
                  "n": "1",
                  "label": "1"
                },
                {
                  "node": "l",
                  "frag": "{[kuš]}⸢gu₂⸣-tab",
                  "id": "P247852.l1aa41",
                  "ref": "P247852.1.1",
                  "inst": "gutab[collar]",
                  "sig": "@dcclt%sux:{kuš}gu₂-tab=gutab[collar//collar]N'N$gutab/{kuš}gu₂-tab#~",
                  "f": {
                    "lang": "sux",
                    "form": "{kuš}gu₂-tab",
                    "delim": " ",
                    "gdl": [
                      {
                        "det": "semantic",
                        "pos": "pre",
                        "seq": [
                          {
                            "v": "kuš",
                            "id": "P247852.1.1.0",
                            "breakStart": "1",
                            "o": "]",
                            "break": "missing",
                            "breakEnd": "P247852.1.1.0"
                          }
                        ]
                      },
                      {
                        "v": "gu₂",
                        "id": "P247852.1.1.1",
                        "break": "damaged",
                        "ho": "1",
                        "delim": "-",
                        "hc": "1"
                      },
                      {
                        "v": "tab",
                        "id": "P247852.1.1.2"
                      }
                    ],
                    "cf": "gutab",
                    "gw": "collar",
                    "sense": "collar",
                    "norm0": "gutab",
                    "pos": "N",
                    "epos": "N",
                    "base": "{kuš}gu₂-tab",
                    "morph": "~"
                  }
                },
                {
                  "node": "l",
                  "frag": "anše",
                  "id": "P247852.l1aa42",
                  "ref": "P247852.1.2",
                  "inst": "anše[equid]",
                  "sig": "@dcclt%sux:anše=anše[equid//equid]N'N$anše/anše#~",
                  "f": {
                    "lang": "sux",
                    "form": "anše",
                    "gdl": [
                      {
                        "v": "anše",
                        "id": "P247852.1.2.0"
                      }
                    ],
                    "cf": "anše",
                    "gw": "equid",
                    "sense": "equid",
                    "norm0": "anše",
                    "pos": "N",
                    "epos": "N",
                    "base": "anše",
                    "morph": "~"
                  }
                },
                {
                  "node": "d",
                  "type": "line-start",
                  "ref": "P247852.2",
                  "n": "2",
                  "label": "2"
                },
                {
                  "node": "l",
                  "frag": "{[kuš]}igi-tab",
                  "id": "P247852.l1aa43",
                  "ref": "P247852.2.1",
                  "inst": "igitab[blinkers]",
                  "sig": "@dcclt%sux:{kuš}igi-tab=igitab[blinkers//(donkey) blinkers]N'N$igitab/{kuš}igi-tab#~",
                  "f": {
                    "lang": "sux",
                    "form": "{kuš}igi-tab",
                    "delim": " ",
                    "gdl": [
                      {
                        "det": "semantic",
                        "pos": "pre",
                        "seq": [
                          {
                            "v": "kuš",
                            "id": "P247852.2.1.0",
                            "breakStart": "1",
                            "o": "]",
                            "break": "missing",
                            "breakEnd": "P247852.2.1.0"
                          }
                        ]
                      },
                      {
                        "v": "igi",
                        "id": "P247852.2.1.1",
                        "delim": "-"
                      },
                      {
                        "v": "tab",
                        "id": "P247852.2.1.2"
                      }
                    ],
                    "cf": "igitab",
                    "gw": "blinkers",
                    "sense": "(donkey) blinkers",
                    "norm0": "igitab",
                    "pos": "N",
                    "epos": "N",
                    "base": "{kuš}igi-tab",
                    "morph": "~"
                  }
                },
                {
                  "node": "l",
                  "frag": "anše",
                  "id": "P247852.l1aa44",
                  "ref": "P247852.2.2",
                  "inst": "anše[equid]",
                  "sig": "@dcclt%sux:anše=anše[equid//equid]N'N$anše/anše#~",
                  "f": {
                    "lang": "sux",
                    "form": "anše",
                    "gdl": [
                      {
                        "v": "anše",
                        "id": "P247852.2.2.0"
                      }
                    ],
                    "cf": "anše",
                    "gw": "equid",
                    "sense": "equid",
                    "norm0": "anše",
                    "pos": "N",
                    "epos": "N",
                    "base": "anše",
                    "morph": "~"
                  }
                },
                {
                  "node": "d",
                  "type": "line-start",
                  "ref": "P247852.3",
                  "n": "3",
                  "label": "3"
                },
                {
                  "node": "l",
                  "frag": "{[kuš]}kiri₃-tab",
                  "id": "P247852.l1aa45",
                  "ref": "P247852.3.1",
                  "inst": "kiritab[bridle]",
                  "sig": "@dcclt%sux:{kuš}kiri₃-tab=kiritab[bridle//bridle]N'N$kiritab/{kuš}kiri₃-tab#~",
                  "f": {
                    "lang": "sux",
                    "form": "{kuš}kiri₃-tab",
                    "delim": " ",
                    "gdl": [
                      {
                        "det": "semantic",
                        "pos": "pre",
                        "seq": [
                          {
                            "v": "kuš",
                            "id": "P247852.3.1.0",
                            "breakStart": "1",
                            "o": "]",
                            "break": "missing",
                            "breakEnd": "P247852.3.1.0"
                          }
                        ]
                      },
                      {
                        "v": "kiri₃",
                        "id": "P247852.3.1.1",
                        "delim": "-"
                      },
                      {
                        "v": "tab",
                        "id": "P247852.3.1.2"
                      }
                    ],
                    "cf": "kiritab",
                    "gw": "bridle",
                    "sense": "bridle",
                    "norm0": "kiritab",
                    "pos": "N",
                    "epos": "N",
                    "base": "{kuš}kiri₃-tab",
                    "morph": "~"
                  }
                },
                {
                  "node": "l",
                  "frag": "anše",
                  "id": "P247852.l1aa46",
                  "ref": "P247852.3.2",
                  "inst": "anše[equid]",
                  "sig": "@dcclt%sux:anše=anše[equid//equid]N'N$anše/anše#~",
                  "f": {
                    "lang": "sux",
                    "form": "anše",
                    "gdl": [
                      {
                        "v": "anše",
                        "id": "P247852.3.2.0"
                      }
                    ],
                    "cf": "anše",
                    "gw": "equid",
                    "sense": "equid",
                    "norm0": "anše",
                    "pos": "N",
                    "epos": "N",
                    "base": "anše",
                    "morph": "~"
                  }
                }
              ]
            }
          ]
        }
      ]
    }
  ]
}
