{
  "type": "cdl",
  "project": "dcclt",
  "source": "http://oracc.org/dcclt",
  "license": "This data is released under the CC0 license",
  "license-url": "https://creativecommons.org/publicdomain/zero/1.0/",
  "more-info": "http://oracc.org/doc/opendata/",
  "UTC-timestamp": "2017-06-21T22:09:02",
  "textid": "P249377",
  "cdl": [
    {
      "node": "c",
      "type": "text",
      "id": "P249377.U0",
      "cdl": [
        {
          "node": "d",
          "type": "object",
          "ref": ""
        },
        {
          "node": "d",
          "type": "surface",
          "ref": ""
        },
        {
          "node": "c",
          "type": "discourse",
          "subtype": "body",
          "id": "P249377.U1",
          "cdl": [
            {
              "node": "c",
              "type": "sentence",
              "id": "P249377.U2",
              "label": "1 - 3",
              "cdl": [
                {
                  "node": "d",
                  "type": "line-start",
                  "ref": "P249377.1",
                  "n": "1",
                  "label": "1"
                },
                {
                  "node": "l",
                  "frag": "u₈",
                  "id": "P249377.l21344",
                  "ref": "P249377.1.1",
                  "inst": "u[ewe]",
                  "sig": "@dcclt%sux:u₈=u[ewe//sheep, ewe]N'N$u/u₈#~",
                  "f": {
                    "lang": "sux",
                    "form": "u₈",
                    "gdl": [
                      {
                        "v": "u₈",
                        "id": "P249377.1.1.0"
                      }
                    ],
                    "cf": "u",
                    "gw": "ewe",
                    "sense": "sheep, ewe",
                    "norm0": "u",
                    "pos": "N",
                    "epos": "N",
                    "base": "u₈",
                    "morph": "~"
                  }
                },
                {
                  "node": "d",
                  "type": "line-start",
                  "ref": "P249377.2",
                  "n": "2",
                  "label": "2"
                },
                {
                  "node": "l",
                  "frag": "u₈",
                  "id": "P249377.l21345",
                  "ref": "P249377.2.1",
                  "inst": "u[ewe]",
                  "sig": "@dcclt%sux:u₈=u[ewe//sheep, ewe]N'N$u/u₈#~",
                  "f": {
                    "lang": "sux",
                    "form": "u₈",
                    "delim": " ",
                    "gdl": [
                      {
                        "v": "u₈",
                        "id": "P249377.2.1.0"
                      }
                    ],
                    "cf": "u",
                    "gw": "ewe",
                    "sense": "sheep, ewe",
                    "norm0": "u",
                    "pos": "N",
                    "epos": "N",
                    "base": "u₈",
                    "morph": "~"
                  }
                },
                {
                  "node": "l",
                  "frag": "sila₄",
                  "id": "P249377.l21346",
                  "ref": "P249377.2.2",
                  "inst": "sila[lamb]",
                  "sig": "@dcclt%sux:sila₄=sila[lamb//lamb]N'N$sila/sila₄#~",
                  "f": {
                    "lang": "sux",
                    "form": "sila₄",
                    "delim": " ",
                    "gdl": [
                      {
                        "v": "sila₄",
                        "id": "P249377.2.2.0"
                      }
                    ],
                    "cf": "sila",
                    "gw": "lamb",
                    "sense": "lamb",
                    "norm0": "sila",
                    "pos": "N",
                    "epos": "N",
                    "base": "sila₄",
                    "morph": "~"
                  }
                },
                {
                  "node": "l",
                  "frag": "du₃-a",
                  "id": "P249377.l21347",
                  "ref": "P249377.2.3",
                  "inst": "du[build]",
                  "sig": "@dcclt%sux:du₃-a=du[build//build]V/t'V/t$du;a/du₃#~;a",
                  "f": {
                    "lang": "sux",
                    "form": "du₃-a",
                    "gdl": [
                      {
                        "v": "du₃",
                        "id": "P249377.2.3.0",
                        "delim": "-"
                      },
                      {
                        "v": "a",
                        "id": "P249377.2.3.1"
                      }
                    ],
                    "cf": "du",
                    "gw": "build",
                    "sense": "build",
                    "norm0": "du;a",
                    "pos": "V/t",
                    "epos": "V/t",
                    "base": "du₃",
                    "morph": "~;a"
                  }
                },
                {
                  "node": "d",
                  "type": "line-start",
                  "ref": "P249377.3",
                  "n": "3",
                  "label": "3"
                },
                {
                  "node": "l",
                  "frag": "u₈",
                  "id": "P249377.l21348",
                  "ref": "P249377.3.1",
                  "inst": "u[ewe]",
                  "sig": "@dcclt%sux:u₈=u[ewe//sheep, ewe]N'N$u/u₈#~",
                  "f": {
                    "lang": "sux",
                    "form": "u₈",
                    "delim": " ",
                    "gdl": [
                      {
                        "v": "u₈",
                        "id": "P249377.3.1.0"
                      }
                    ],
                    "cf": "u",
                    "gw": "ewe",
                    "sense": "sheep, ewe",
                    "norm0": "u",
                    "pos": "N",
                    "epos": "N",
                    "base": "u₈",
                    "morph": "~"
                  }
                },
                {
                  "node": "l",
                  "frag": "sila₄",
                  "id": "P249377.l21349",
                  "ref": "P249377.3.2",
                  "inst": "sila[lamb]",
                  "sig": "@dcclt%sux:sila₄=sila[lamb//lamb]N'N$sila/sila₄#~",
                  "f": {
                    "lang": "sux",
                    "form": "sila₄",
                    "delim": " ",
                    "gdl": [
                      {
                        "v": "sila₄",
                        "id": "P249377.3.2.0"
                      }
                    ],
                    "cf": "sila",
                    "gw": "lamb",
                    "sense": "lamb",
                    "norm0": "sila",
                    "pos": "N",
                    "epos": "N",
                    "base": "sila₄",
                    "morph": "~"
                  }
                },
                {
                  "node": "l",
                  "frag": "nu-a",
                  "id": "P249377.l2134a",
                  "ref": "P249377.3.3",
                  "inst": "nud[lie]",
                  "sig": "@dcclt%sux:nu-a=nud[lie//to lie down (of people)]V/t'V/t$nud;a/nu#~;a",
                  "f": {
                    "lang": "sux",
                    "form": "nu-a",
                    "gdl": [
                      {
                        "v": "nu",
                        "id": "P249377.3.3.0",
                        "delim": "-"
                      },
                      {
                        "v": "a",
                        "id": "P249377.3.3.1"
                      }
                    ],
                    "cf": "nud",
                    "gw": "lie",
                    "sense": "to lie down (of people)",
                    "norm0": "nud;a",
                    "pos": "V/t",
                    "epos": "V/t",
                    "base": "nu",
                    "morph": "~;a"
                  }
                }
              ]
            }
          ]
        }
      ]
    }
  ]
}
