{
  "type": "cdl",
  "project": "dcclt",
  "source": "http://oracc.org/dcclt",
  "license": "This data is released under the CC0 license",
  "license-url": "https://creativecommons.org/publicdomain/zero/1.0/",
  "more-info": "http://oracc.org/doc/opendata/",
  "UTC-timestamp": "2017-06-21T22:09:03",
  "textid": "P249383",
  "cdl": [
    {
      "node": "c",
      "type": "text",
      "id": "P249383.U0",
      "cdl": [
        {
          "node": "d",
          "subtype": "tablet",
          "type": "tablet",
          "ref": "P249383.x576.1",
          "label": "x576"
        },
        {
          "node": "d",
          "subtype": "obverse",
          "type": "obverse",
          "ref": "P249383.o.2",
          "label": "o"
        },
        {
          "node": "c",
          "type": "discourse",
          "subtype": "body",
          "id": "P249383.U1",
          "cdl": [
            {
              "node": "c",
              "type": "sentence",
              "id": "P249383.U2",
              "label": "o 1 - o 4",
              "cdl": [
                {
                  "node": "d",
                  "type": "line-start",
                  "ref": "P249383.3",
                  "n": "1",
                  "label": "o 1"
                },
                {
                  "node": "l",
                  "frag": "{ŋeš}e₂",
                  "id": "P249383.l1ada8",
                  "ref": "P249383.3.1",
                  "inst": "e[house]",
                  "sig": "@dcclt%sux:{ŋeš}e₂=e[house//house]N'N$e/{ŋeš}e₂#~",
                  "f": {
                    "lang": "sux",
                    "form": "{ŋeš}e₂",
                    "delim": " ",
                    "gdl": [
                      {
                        "det": "semantic",
                        "pos": "pre",
                        "seq": [
                          {
                            "v": "ŋeš",
                            "id": "P249383.3.1.0"
                          }
                        ]
                      },
                      {
                        "v": "e₂",
                        "id": "P249383.3.1.1"
                      }
                    ],
                    "cf": "e",
                    "gw": "house",
                    "sense": "house",
                    "norm0": "e",
                    "pos": "N",
                    "epos": "N",
                    "base": "{ŋeš}e₂",
                    "morph": "~"
                  }
                },
                {
                  "node": "l",
                  "frag": "gigir",
                  "id": "P249383.l1ada9",
                  "ref": "P249383.3.2",
                  "inst": "gigir[chariot]",
                  "sig": "@dcclt%sux:gigir=gigir[chariot//chariot]N'N$gigir/gigir#~",
                  "f": {
                    "lang": "sux",
                    "form": "gigir",
                    "gdl": [
                      {
                        "v": "gigir",
                        "id": "P249383.3.2.0"
                      }
                    ],
                    "cf": "gigir",
                    "gw": "chariot",
                    "sense": "chariot",
                    "norm0": "gigir",
                    "pos": "N",
                    "epos": "N",
                    "base": "gigir",
                    "morph": "~"
                  }
                },
                {
                  "node": "d",
                  "type": "line-start",
                  "ref": "P249383.4",
                  "n": "2",
                  "label": "o 2"
                },
                {
                  "node": "l",
                  "frag": "{ŋeš}e₂",
                  "id": "P249383.l1adaa",
                  "ref": "P249383.4.1",
                  "inst": "e[house]",
                  "sig": "@dcclt%sux:{ŋeš}e₂=e[house//house]N'N$e/{ŋeš}e₂#~",
                  "f": {
                    "lang": "sux",
                    "form": "{ŋeš}e₂",
                    "delim": " ",
                    "gdl": [
                      {
                        "det": "semantic",
                        "pos": "pre",
                        "seq": [
                          {
                            "v": "ŋeš",
                            "id": "P249383.4.1.0"
                          }
                        ]
                      },
                      {
                        "v": "e₂",
                        "id": "P249383.4.1.1"
                      }
                    ],
                    "cf": "e",
                    "gw": "house",
                    "sense": "house",
                    "norm0": "e",
                    "pos": "N",
                    "epos": "N",
                    "base": "{ŋeš}e₂",
                    "morph": "~"
                  }
                },
                {
                  "node": "l",
                  "frag": "usan₃",
                  "id": "P249383.l1adab",
                  "ref": "P249383.4.2",
                  "inst": "usan[whip]",
                  "sig": "@dcclt%sux:usan₃=usan[whip//whip]N'N$usan/usan₃#~",
                  "f": {
                    "lang": "sux",
                    "form": "usan₃",
                    "delim": " ",
                    "gdl": [
                      {
                        "v": "usan₃",
                        "id": "P249383.4.2.0",
                        "gdl_remarked": "1"
                      }
                    ],
                    "cf": "usan",
                    "gw": "whip",
                    "sense": "whip",
                    "norm0": "usan",
                    "pos": "N",
                    "epos": "N",
                    "base": "usan₃",
                    "morph": "~"
                  }
                },
                {
                  "node": "l",
                  "frag": "la₂",
                  "id": "P249383.l1adac",
                  "ref": "P249383.4.3",
                  "inst": "la[hang]",
                  "sig": "@dcclt%sux:la₂=la[hang//hang]V/t'V/t$la/la₂#~",
                  "f": {
                    "lang": "sux",
                    "form": "la₂",
                    "delim": " ",
                    "gdl": [
                      {
                        "v": "la₂",
                        "id": "P249383.4.3.0"
                      }
                    ],
                    "cf": "la",
                    "gw": "hang",
                    "sense": "hang",
                    "norm0": "la",
                    "pos": "V/t",
                    "epos": "V/t",
                    "base": "la₂",
                    "morph": "~"
                  }
                },
                {
                  "node": "l",
                  "frag": "gigir",
                  "id": "P249383.l1adad",
                  "ref": "P249383.4.4",
                  "inst": "gigir[chariot]",
                  "sig": "@dcclt%sux:gigir=gigir[chariot//chariot]N'N$gigir/gigir#~",
                  "f": {
                    "lang": "sux",
                    "form": "gigir",
                    "gdl": [
                      {
                        "v": "gigir",
                        "id": "P249383.4.4.0"
                      }
                    ],
                    "cf": "gigir",
                    "gw": "chariot",
                    "sense": "chariot",
                    "norm0": "gigir",
                    "pos": "N",
                    "epos": "N",
                    "base": "gigir",
                    "morph": "~"
                  }
                },
                {
                  "node": "d",
                  "type": "line-start",
                  "ref": "P249383.5",
                  "n": "3",
                  "label": "o 3"
                },
                {
                  "node": "l",
                  "frag": "{ŋeš}e₂",
                  "id": "P249383.l1adae",
                  "ref": "P249383.5.1",
                  "inst": "e[house]",
                  "sig": "@dcclt%sux:{ŋeš}e₂=e[house//house]N'N$e/{ŋeš}e₂#~",
                  "f": {
                    "lang": "sux",
                    "form": "{ŋeš}e₂",
                    "delim": " ",
                    "gdl": [
                      {
                        "det": "semantic",
                        "pos": "pre",
                        "seq": [
                          {
                            "v": "ŋeš",
                            "id": "P249383.5.1.0"
                          }
                        ]
                      },
                      {
                        "v": "e₂",
                        "id": "P249383.5.1.1"
                      }
                    ],
                    "cf": "e",
                    "gw": "house",
                    "sense": "house",
                    "norm0": "e",
                    "pos": "N",
                    "epos": "N",
                    "base": "{ŋeš}e₂",
                    "morph": "~"
                  }
                },
                {
                  "node": "l",
                  "frag": "gigir",
                  "id": "P249383.l1adaf",
                  "ref": "P249383.5.2",
                  "inst": "gigir[chariot]",
                  "sig": "@dcclt%sux:gigir=gigir[chariot//chariot]N'N$gigir/gigir#~",
                  "f": {
                    "lang": "sux",
                    "form": "gigir",
                    "gdl": [
                      {
                        "v": "gigir",
                        "id": "P249383.5.2.0"
                      }
                    ],
                    "cf": "gigir",
                    "gw": "chariot",
                    "sense": "chariot",
                    "norm0": "gigir",
                    "pos": "N",
                    "epos": "N",
                    "base": "gigir",
                    "morph": "~"
                  }
                },
                {
                  "node": "d",
                  "type": "line-start",
                  "ref": "P249383.6",
                  "n": "4",
                  "label": "o 4"
                },
                {
                  "node": "l",
                  "frag": "{ŋeš}e₂",
                  "id": "P249383.l1adb0",
                  "ref": "P249383.6.1",
                  "inst": "e[house]",
                  "sig": "@dcclt%sux:{ŋeš}e₂=e[house//house]N'N$e/{ŋeš}e₂#~",
                  "f": {
                    "lang": "sux",
                    "form": "{ŋeš}e₂",
                    "delim": " ",
                    "gdl": [
                      {
                        "det": "semantic",
                        "pos": "pre",
                        "seq": [
                          {
                            "v": "ŋeš",
                            "id": "P249383.6.1.0"
                          }
                        ]
                      },
                      {
                        "v": "e₂",
                        "id": "P249383.6.1.1"
                      }
                    ],
                    "cf": "e",
                    "gw": "house",
                    "sense": "house",
                    "norm0": "e",
                    "pos": "N",
                    "epos": "N",
                    "base": "{ŋeš}e₂",
                    "morph": "~"
                  }
                },
                {
                  "node": "l",
                  "frag": "usan₃",
                  "id": "P249383.l1adb1",
                  "ref": "P249383.6.2",
                  "inst": "usan[whip]",
                  "sig": "@dcclt%sux:usan₃=usan[whip//whip]N'N$usan/usan₃#~",
                  "f": {
                    "lang": "sux",
                    "form": "usan₃",
                    "delim": " ",
                    "gdl": [
                      {
                        "v": "usan₃",
                        "id": "P249383.6.2.0",
                        "gdl_remarked": "1"
                      }
                    ],
                    "cf": "usan",
                    "gw": "whip",
                    "sense": "whip",
                    "norm0": "usan",
                    "pos": "N",
                    "epos": "N",
                    "base": "usan₃",
                    "morph": "~"
                  }
                },
                {
                  "node": "l",
                  "frag": "la₂",
                  "id": "P249383.l1adb2",
                  "ref": "P249383.6.3",
                  "inst": "la[hang]",
                  "sig": "@dcclt%sux:la₂=la[hang//hang]V/t'V/t$la/la₂#~",
                  "f": {
                    "lang": "sux",
                    "form": "la₂",
                    "delim": " ",
                    "gdl": [
                      {
                        "v": "la₂",
                        "id": "P249383.6.3.0"
                      }
                    ],
                    "cf": "la",
                    "gw": "hang",
                    "sense": "hang",
                    "norm0": "la",
                    "pos": "V/t",
                    "epos": "V/t",
                    "base": "la₂",
                    "morph": "~"
                  }
                },
                {
                  "node": "l",
                  "frag": "gigir",
                  "id": "P249383.l1adb3",
                  "ref": "P249383.6.4",
                  "inst": "gigir[chariot]",
                  "sig": "@dcclt%sux:gigir=gigir[chariot//chariot]N'N$gigir/gigir#~",
                  "f": {
                    "lang": "sux",
                    "form": "gigir",
                    "gdl": [
                      {
                        "v": "gigir",
                        "id": "P249383.6.4.0"
                      }
                    ],
                    "cf": "gigir",
                    "gw": "chariot",
                    "sense": "chariot",
                    "norm0": "gigir",
                    "pos": "N",
                    "epos": "N",
                    "base": "gigir",
                    "morph": "~"
                  }
                }
              ]
            }
          ]
        }
      ]
    }
  ]
}
