{
  "type": "cdl",
  "project": "dcclt",
  "source": "http://oracc.org/dcclt",
  "license": "This data is released under the CC0 license",
  "license-url": "https://creativecommons.org/publicdomain/zero/1.0/",
  "more-info": "http://oracc.org/doc/opendata/",
  "UTC-timestamp": "2017-06-21T22:09:04",
  "textid": "P250103",
  "cdl": [
    {
      "node": "c",
      "type": "text",
      "id": "P250103.U0",
      "cdl": [
        {
          "node": "d",
          "type": "object",
          "ref": ""
        },
        {
          "node": "d",
          "subtype": "obverse",
          "type": "obverse",
          "ref": "P250103.o.1",
          "label": "o"
        },
        {
          "node": "c",
          "type": "discourse",
          "subtype": "body",
          "id": "P250103.U1",
          "cdl": [
            {
              "node": "c",
              "type": "sentence",
              "id": "P250103.U2",
              "label": "o 1 - o 4",
              "cdl": [
                {
                  "node": "d",
                  "type": "line-start",
                  "ref": "P250103.2",
                  "n": "1",
                  "label": "o 1"
                },
                {
                  "node": "l",
                  "frag": "na₄",
                  "id": "P250103.l23baf",
                  "ref": "P250103.2.1",
                  "inst": "na[stone]",
                  "sig": "@dcclt%sux:na₄=na[stone//stone]N'N$na/na₄#~",
                  "f": {
                    "lang": "sux",
                    "form": "na₄",
                    "delim": " ",
                    "gdl": [
                      {
                        "v": "na₄",
                        "id": "P250103.2.1.0"
                      }
                    ],
                    "cf": "na",
                    "gw": "stone",
                    "sense": "stone",
                    "norm0": "na",
                    "pos": "N",
                    "epos": "N",
                    "base": "na₄",
                    "morph": "~"
                  }
                },
                {
                  "node": "l",
                  "frag": "IL₂",
                  "id": "P250103.l23bb0",
                  "ref": "P250103.2.2",
                  "inst": "u",
                  "f": {
                    "lang": "sux",
                    "form": "IL₂",
                    "gdl": [
                      {
                        "s": "IL₂",
                        "id": "P250103.2.2.0",
                        "queried": "1"
                      }
                    ],
                    "pos": "u"
                  }
                },
                {
                  "node": "d",
                  "type": "line-start",
                  "ref": "P250103.3",
                  "n": "2",
                  "label": "o 2"
                },
                {
                  "node": "l",
                  "frag": "{na₄}zi-ib-tum",
                  "id": "P250103.l23bb1",
                  "ref": "P250103.3.1",
                  "inst": "zibtum[shell]",
                  "sig": "@dcclt%sux:{na₄}zi-ib-tum=zibtum[stone?//shell]N'N$zibtum/{na₄}zi-ib-tum#~",
                  "f": {
                    "lang": "sux",
                    "form": "{na₄}zi-ib-tum",
                    "gdl": [
                      {
                        "det": "semantic",
                        "pos": "pre",
                        "seq": [
                          {
                            "v": "na₄",
                            "id": "P250103.3.1.0"
                          }
                        ]
                      },
                      {
                        "v": "zi",
                        "id": "P250103.3.1.1",
                        "delim": "-"
                      },
                      {
                        "v": "ib",
                        "id": "P250103.3.1.2",
                        "delim": "-"
                      },
                      {
                        "v": "tum",
                        "id": "P250103.3.1.3"
                      }
                    ],
                    "cf": "zibtum",
                    "gw": "stone?",
                    "sense": "shell",
                    "norm0": "zibtum",
                    "pos": "N",
                    "epos": "N",
                    "base": "{na₄}zi-ib-tum",
                    "morph": "~"
                  }
                },
                {
                  "node": "d",
                  "type": "line-start",
                  "ref": "P250103.4",
                  "n": "3",
                  "label": "o 3"
                },
                {
                  "node": "l",
                  "frag": "na₄",
                  "id": "P250103.l23bb2",
                  "ref": "P250103.4.1",
                  "inst": "na[stone]",
                  "sig": "@dcclt%sux:na₄=na[stone//stone]N'N$na/na₄#~",
                  "f": {
                    "lang": "sux",
                    "form": "na₄",
                    "delim": " ",
                    "gdl": [
                      {
                        "v": "na₄",
                        "id": "P250103.4.1.0"
                      }
                    ],
                    "cf": "na",
                    "gw": "stone",
                    "sense": "stone",
                    "norm0": "na",
                    "pos": "N",
                    "epos": "N",
                    "base": "na₄",
                    "morph": "~"
                  }
                },
                {
                  "node": "l",
                  "frag": "{d}⸢dim₃⸣-me",
                  "id": "P250103.l23bb3",
                  "ref": "P250103.4.2",
                  "inst": "Dimme[]DN",
                  "sig": "@dcclt%sux:{d}dim₃-me=Dimme[1//1]DN'DN$Dimme/{d}dim₃-me#~",
                  "f": {
                    "lang": "sux",
                    "form": "{d}dim₃-me",
                    "gdl": [
                      {
                        "det": "semantic",
                        "pos": "pre",
                        "seq": [
                          {
                            "v": "d",
                            "id": "P250103.4.2.0"
                          }
                        ]
                      },
                      {
                        "v": "dim₃",
                        "id": "P250103.4.2.1",
                        "break": "damaged",
                        "ho": "1",
                        "delim": "-",
                        "hc": "1"
                      },
                      {
                        "v": "me",
                        "id": "P250103.4.2.2"
                      }
                    ],
                    "cf": "Dimme",
                    "gw": "1",
                    "sense": "1",
                    "norm0": "Dimme",
                    "pos": "DN",
                    "epos": "DN",
                    "base": "{d}dim₃-me",
                    "morph": "~"
                  }
                },
                {
                  "node": "d",
                  "type": "line-start",
                  "ref": "P250103.5",
                  "n": "4",
                  "label": "o 4"
                },
                {
                  "node": "l",
                  "frag": "{na₄}ga-sur",
                  "id": "P250103.l23bb4",
                  "ref": "P250103.5.1",
                  "inst": "gasura[stone]",
                  "sig": "@dcclt%sux:{na₄}ga-sur=gasura[stone//a type of stone]N'N$gasura/{na₄}ga-sur#~",
                  "f": {
                    "lang": "sux",
                    "form": "{na₄}ga-sur",
                    "gdl": [
                      {
                        "det": "semantic",
                        "pos": "pre",
                        "seq": [
                          {
                            "v": "na₄",
                            "id": "P250103.5.1.0"
                          }
                        ]
                      },
                      {
                        "v": "ga",
                        "id": "P250103.5.1.1",
                        "delim": "-"
                      },
                      {
                        "v": "sur",
                        "id": "P250103.5.1.2"
                      }
                    ],
                    "cf": "gasura",
                    "gw": "stone",
                    "sense": "a type of stone",
                    "norm0": "gasura",
                    "pos": "N",
                    "epos": "N",
                    "base": "{na₄}ga-sur",
                    "morph": "~"
                  }
                },
                {
                  "node": "d",
                  "subtype": "reverse",
                  "type": "reverse",
                  "ref": "P250103.r.6",
                  "label": "r"
                },
                {
                  "node": "d",
                  "type": "nonx",
                  "ref": "P250103.7",
                  "strict": "0",
                  "extent": "0",
                  "scope": "obverse",
                  "state": "other"
                }
              ]
            }
          ]
        }
      ]
    }
  ]
}
