{
  "type": "cdl",
  "project": "dcclt",
  "source": "http://oracc.org/dcclt",
  "license": "This data is released under the CC0 license",
  "license-url": "https://creativecommons.org/publicdomain/zero/1.0/",
  "more-info": "http://oracc.org/doc/opendata/",
  "UTC-timestamp": "2017-06-21T22:09:33",
  "textid": "P271339",
  "cdl": [
    {
      "node": "c",
      "type": "text",
      "id": "P271339.U0",
      "cdl": [
        {
          "node": "d",
          "subtype": "tablet",
          "type": "tablet",
          "ref": "P271339.x1410.1",
          "label": "x1410"
        },
        {
          "node": "d",
          "subtype": "obverse",
          "type": "obverse",
          "ref": "P271339.o.2",
          "label": "o"
        },
        {
          "node": "d",
          "type": "nonx",
          "ref": "P271339.3",
          "strict": "1",
          "extent": "n",
          "scope": "line",
          "state": "missing"
        },
        {
          "node": "d",
          "subtype": "reverse",
          "type": "reverse",
          "ref": "P271339.r.4",
          "label": "r"
        },
        {
          "node": "d",
          "type": "nonx",
          "ref": "P271339.5",
          "strict": "0",
          "extent": "beginning",
          "state": "missing"
        },
        {
          "node": "d",
          "type": "nonx",
          "ref": "P271339.6",
          "strict": "1",
          "extent": "1",
          "scope": "line",
          "state": "ruling"
        },
        {
          "node": "c",
          "type": "discourse",
          "subtype": "body",
          "id": "P271339.U1",
          "cdl": [
            {
              "node": "c",
              "type": "sentence",
              "id": "P271339.U2",
              "label": "r 1' - r 11'",
              "cdl": [
                {
                  "node": "d",
                  "type": "line-start",
                  "ref": "P271339.7",
                  "n": "1'",
                  "label": "r 1'"
                },
                {
                  "node": "d",
                  "type": "cell-start"
                },
                {
                  "node": "d",
                  "type": "field-start",
                  "subtype": "wp"
                },
                {
                  "node": "l",
                  "frag": "⸢nam-tab⸣-ba",
                  "id": "P271339.l354ba",
                  "ref": "P271339.7.1",
                  "inst": "%sux:nam-tab-ba=",
                  "f": {
                    "lang": "sux",
                    "form": "nam-tab-ba",
                    "gdl": [
                      {
                        "v": "nam",
                        "id": "P271339.7.1.0",
                        "break": "damaged",
                        "ho": "1",
                        "delim": "-"
                      },
                      {
                        "v": "tab",
                        "id": "P271339.7.1.1",
                        "break": "damaged",
                        "delim": "-",
                        "hc": "1"
                      },
                      {
                        "v": "ba",
                        "id": "P271339.7.1.2"
                      }
                    ]
                  }
                },
                {
                  "node": "d",
                  "type": "field-end",
                  "subtype": "wp"
                },
                {
                  "node": "d",
                  "type": "cell-end"
                },
                {
                  "node": "d",
                  "type": "cell-start"
                },
                {
                  "node": "d",
                  "type": "field-start",
                  "subtype": "eq"
                },
                {
                  "node": "l",
                  "frag": "[...]",
                  "id": "P271339.l354bb",
                  "ref": "P271339.7.2",
                  "inst": "%akk-x-mbperi:x=",
                  "f": {
                    "lang": "akk-x-mbperi",
                    "form": "x",
                    "gdl": [
                      {
                        "x": "ellipsis",
                        "id": "P271339.7.2.0",
                        "breakStart": "1",
                        "break": "missing",
                        "o": "]",
                        "breakEnd": "P271339.7.2.0"
                      }
                    ]
                  }
                },
                {
                  "node": "d",
                  "type": "field-end",
                  "subtype": "eq"
                },
                {
                  "node": "d",
                  "type": "cell-end"
                },
                {
                  "node": "d",
                  "type": "line-start",
                  "ref": "P271339.8",
                  "n": "2'",
                  "label": "r 2'"
                },
                {
                  "node": "d",
                  "type": "cell-start"
                },
                {
                  "node": "d",
                  "type": "field-start",
                  "subtype": "wp"
                },
                {
                  "node": "l",
                  "frag": "⸢nam⸣-tab-ba-a-ni",
                  "id": "P271339.l354bc",
                  "ref": "P271339.8.1",
                  "inst": "%sux:nam-tab-ba-a-ni=",
                  "f": {
                    "lang": "sux",
                    "form": "nam-tab-ba-a-ni",
                    "gdl": [
                      {
                        "v": "nam",
                        "id": "P271339.8.1.0",
                        "break": "damaged",
                        "ho": "1",
                        "delim": "-",
                        "hc": "1"
                      },
                      {
                        "v": "tab",
                        "id": "P271339.8.1.1",
                        "delim": "-"
                      },
                      {
                        "v": "ba",
                        "id": "P271339.8.1.2",
                        "delim": "-"
                      },
                      {
                        "v": "a",
                        "id": "P271339.8.1.3",
                        "delim": "-"
                      },
                      {
                        "v": "ni",
                        "id": "P271339.8.1.4"
                      }
                    ]
                  }
                },
                {
                  "node": "d",
                  "type": "field-end",
                  "subtype": "wp"
                },
                {
                  "node": "d",
                  "type": "cell-end"
                },
                {
                  "node": "d",
                  "type": "cell-start"
                },
                {
                  "node": "d",
                  "type": "field-start",
                  "subtype": "eq"
                },
                {
                  "node": "l",
                  "frag": "⸢ta⸣-[ap-pi-šu]",
                  "id": "P271339.l354bd",
                  "ref": "P271339.8.2",
                  "inst": "%akk-x-mbperi:ta-ap-pi-šu=",
                  "f": {
                    "lang": "akk-x-mbperi",
                    "form": "ta-ap-pi-šu",
                    "gdl": [
                      {
                        "v": "ta",
                        "id": "P271339.8.2.0",
                        "break": "damaged",
                        "queried": "1",
                        "ho": "1",
                        "delim": "-",
                        "hc": "1"
                      },
                      {
                        "v": "ap",
                        "id": "P271339.8.2.1",
                        "breakStart": "1",
                        "o": "[",
                        "break": "missing",
                        "delim": "-"
                      },
                      {
                        "v": "pi",
                        "id": "P271339.8.2.2",
                        "break": "missing",
                        "delim": "-"
                      },
                      {
                        "v": "šu",
                        "id": "P271339.8.2.3",
                        "break": "missing",
                        "o": "]",
                        "breakEnd": "P271339.8.2.1"
                      }
                    ]
                  }
                },
                {
                  "node": "d",
                  "type": "field-end",
                  "subtype": "eq"
                },
                {
                  "node": "d",
                  "type": "cell-end"
                },
                {
                  "node": "d",
                  "type": "line-start",
                  "ref": "P271339.9",
                  "n": "3'",
                  "label": "r 3'"
                },
                {
                  "node": "d",
                  "type": "cell-start"
                },
                {
                  "node": "d",
                  "type": "field-start",
                  "subtype": "wp"
                },
                {
                  "node": "l",
                  "frag": "⸢nam⸣-tab-ba-ne-ne",
                  "id": "P271339.l354be",
                  "ref": "P271339.9.1",
                  "inst": "%sux:nam-tab-ba-ne-ne=",
                  "f": {
                    "lang": "sux",
                    "form": "nam-tab-ba-ne-ne",
                    "gdl": [
                      {
                        "v": "nam",
                        "id": "P271339.9.1.0",
                        "break": "damaged",
                        "ho": "1",
                        "delim": "-",
                        "hc": "1"
                      },
                      {
                        "v": "tab",
                        "id": "P271339.9.1.1",
                        "delim": "-"
                      },
                      {
                        "v": "ba",
                        "id": "P271339.9.1.2",
                        "delim": "-"
                      },
                      {
                        "v": "ne",
                        "id": "P271339.9.1.3",
                        "delim": "-"
                      },
                      {
                        "v": "ne",
                        "id": "P271339.9.1.4"
                      }
                    ]
                  }
                },
                {
                  "node": "d",
                  "type": "field-end",
                  "subtype": "wp"
                },
                {
                  "node": "d",
                  "type": "cell-end"
                },
                {
                  "node": "d",
                  "type": "cell-start"
                },
                {
                  "node": "d",
                  "type": "field-start",
                  "subtype": "eq"
                },
                {
                  "node": "d",
                  "frag": ":\"",
                  "type": "punct",
                  "ref": "P271339.9.2",
                  "lang": "akk-x-mbperi",
                  "delim": " "
                },
                {
                  "node": "l",
                  "frag": "⸢ta-ap⸣-[pi-šu-nu]",
                  "id": "P271339.l354bf",
                  "ref": "P271339.9.3",
                  "inst": "%akk-x-mbperi:ta-ap-pi-šu-nu=",
                  "f": {
                    "lang": "akk-x-mbperi",
                    "form": "ta-ap-pi-šu-nu",
                    "gdl": [
                      {
                        "v": "ta",
                        "id": "P271339.9.3.0",
                        "break": "damaged",
                        "ho": "1",
                        "delim": "-"
                      },
                      {
                        "v": "ap",
                        "id": "P271339.9.3.1",
                        "break": "damaged",
                        "delim": "-",
                        "hc": "1"
                      },
                      {
                        "v": "pi",
                        "id": "P271339.9.3.2",
                        "breakStart": "1",
                        "o": "[",
                        "break": "missing",
                        "delim": "-"
                      },
                      {
                        "v": "šu",
                        "id": "P271339.9.3.3",
                        "break": "missing",
                        "delim": "-"
                      },
                      {
                        "v": "nu",
                        "id": "P271339.9.3.4",
                        "break": "missing",
                        "o": "]",
                        "breakEnd": "P271339.9.3.2"
                      }
                    ]
                  }
                },
                {
                  "node": "d",
                  "type": "field-end",
                  "subtype": "eq"
                },
                {
                  "node": "d",
                  "type": "cell-end"
                },
                {
                  "node": "d",
                  "type": "nonx",
                  "ref": "P271339.10",
                  "strict": "1",
                  "extent": "1",
                  "scope": "line",
                  "state": "ruling"
                },
                {
                  "node": "d",
                  "type": "line-start",
                  "ref": "P271339.11",
                  "n": "4'",
                  "label": "r 4'"
                },
                {
                  "node": "d",
                  "type": "cell-start"
                },
                {
                  "node": "d",
                  "type": "field-start",
                  "subtype": "wp"
                },
                {
                  "node": "l",
                  "frag": "⸢ba⸣-ra-ab-bal-la₂",
                  "id": "P271339.l354c0",
                  "ref": "P271339.11.1",
                  "inst": "%sux:ba-ra-ab-bal-la₂=",
                  "f": {
                    "lang": "sux",
                    "form": "ba-ra-ab-bal-la₂",
                    "gdl": [
                      {
                        "v": "ba",
                        "id": "P271339.11.1.0",
                        "break": "damaged",
                        "ho": "1",
                        "delim": "-",
                        "hc": "1"
                      },
                      {
                        "v": "ra",
                        "id": "P271339.11.1.1",
                        "delim": "-"
                      },
                      {
                        "v": "ab",
                        "id": "P271339.11.1.2",
                        "delim": "-"
                      },
                      {
                        "v": "bal",
                        "id": "P271339.11.1.3",
                        "delim": "-"
                      },
                      {
                        "v": "la₂",
                        "id": "P271339.11.1.4"
                      }
                    ]
                  }
                },
                {
                  "node": "d",
                  "type": "field-end",
                  "subtype": "wp"
                },
                {
                  "node": "d",
                  "type": "cell-end"
                },
                {
                  "node": "d",
                  "type": "cell-start"
                },
                {
                  "node": "d",
                  "type": "field-start",
                  "subtype": "eq"
                },
                {
                  "node": "l",
                  "frag": "it-ta-bal-⸢ka⸣-[at]",
                  "id": "P271339.l354c1",
                  "ref": "P271339.11.2",
                  "inst": "%akk-x-mbperi:it-ta-bal-ka-at=",
                  "f": {
                    "lang": "akk-x-mbperi",
                    "form": "it-ta-bal-ka-at",
                    "gdl": [
                      {
                        "v": "it",
                        "id": "P271339.11.2.0",
                        "delim": "-"
                      },
                      {
                        "v": "ta",
                        "id": "P271339.11.2.1",
                        "delim": "-"
                      },
                      {
                        "v": "bal",
                        "id": "P271339.11.2.2",
                        "delim": "-"
                      },
                      {
                        "v": "ka",
                        "id": "P271339.11.2.3",
                        "break": "damaged",
                        "queried": "1",
                        "ho": "1",
                        "delim": "-",
                        "hc": "1"
                      },
                      {
                        "v": "at",
                        "id": "P271339.11.2.4",
                        "breakStart": "1",
                        "o": "]",
                        "queried": "1",
                        "break": "missing",
                        "breakEnd": "P271339.11.2.4"
                      }
                    ]
                  }
                },
                {
                  "node": "d",
                  "type": "field-end",
                  "subtype": "eq"
                },
                {
                  "node": "d",
                  "type": "cell-end"
                },
                {
                  "node": "d",
                  "type": "line-start",
                  "ref": "P271339.12",
                  "n": "5'",
                  "label": "r 5'"
                },
                {
                  "node": "d",
                  "type": "cell-start"
                },
                {
                  "node": "d",
                  "type": "field-start",
                  "subtype": "wp"
                },
                {
                  "node": "l",
                  "frag": "⸢ba⸣-ra-ab-bal-la₂-e-meš",
                  "id": "P271339.l354c2",
                  "ref": "P271339.12.1",
                  "inst": "%sux:ba-ra-ab-bal-la₂-e-meš=",
                  "f": {
                    "lang": "sux",
                    "form": "ba-ra-ab-bal-la₂-e-meš",
                    "gdl": [
                      {
                        "v": "ba",
                        "id": "P271339.12.1.0",
                        "break": "damaged",
                        "ho": "1",
                        "delim": "-",
                        "hc": "1"
                      },
                      {
                        "v": "ra",
                        "id": "P271339.12.1.1",
                        "delim": "-"
                      },
                      {
                        "v": "ab",
                        "id": "P271339.12.1.2",
                        "delim": "-"
                      },
                      {
                        "v": "bal",
                        "id": "P271339.12.1.3",
                        "delim": "-"
                      },
                      {
                        "v": "la₂",
                        "id": "P271339.12.1.4",
                        "delim": "-"
                      },
                      {
                        "v": "e",
                        "id": "P271339.12.1.5",
                        "delim": "-"
                      },
                      {
                        "v": "meš",
                        "id": "P271339.12.1.6"
                      }
                    ]
                  }
                },
                {
                  "node": "d",
                  "type": "field-end",
                  "subtype": "wp"
                },
                {
                  "node": "d",
                  "type": "cell-end"
                },
                {
                  "node": "d",
                  "type": "cell-start"
                },
                {
                  "node": "d",
                  "type": "field-start",
                  "subtype": "eq"
                },
                {
                  "node": "l",
                  "frag": "it-ta-bal-⸢ka⸣-[tu]",
                  "id": "P271339.l354c3",
                  "ref": "P271339.12.2",
                  "inst": "%akk-x-mbperi:it-ta-bal-ka-tu=",
                  "f": {
                    "lang": "akk-x-mbperi",
                    "form": "it-ta-bal-ka-tu",
                    "gdl": [
                      {
                        "v": "it",
                        "id": "P271339.12.2.0",
                        "delim": "-"
                      },
                      {
                        "v": "ta",
                        "id": "P271339.12.2.1",
                        "delim": "-"
                      },
                      {
                        "v": "bal",
                        "id": "P271339.12.2.2",
                        "delim": "-"
                      },
                      {
                        "v": "ka",
                        "id": "P271339.12.2.3",
                        "break": "damaged",
                        "queried": "1",
                        "ho": "1",
                        "delim": "-",
                        "hc": "1"
                      },
                      {
                        "v": "tu",
                        "id": "P271339.12.2.4",
                        "breakStart": "1",
                        "o": "]",
                        "queried": "1",
                        "break": "missing",
                        "breakEnd": "P271339.12.2.4"
                      }
                    ]
                  }
                },
                {
                  "node": "d",
                  "type": "field-end",
                  "subtype": "eq"
                },
                {
                  "node": "d",
                  "type": "cell-end"
                },
                {
                  "node": "d",
                  "type": "line-start",
                  "ref": "P271339.13",
                  "n": "6'",
                  "label": "r 6'"
                },
                {
                  "node": "d",
                  "type": "cell-start"
                },
                {
                  "node": "d",
                  "type": "field-start",
                  "subtype": "wp"
                },
                {
                  "node": "l",
                  "frag": "[kug-babbar",
                  "id": "P271339.l354c4",
                  "ref": "P271339.13.1",
                  "inst": "%sux:kug-babbar=",
                  "f": {
                    "lang": "sux",
                    "form": "kug-babbar",
                    "delim": " ",
                    "gdl": [
                      {
                        "v": "kug",
                        "id": "P271339.13.1.0",
                        "breakStart": "1",
                        "o": "[",
                        "break": "missing",
                        "delim": "-"
                      },
                      {
                        "v": "babbar",
                        "id": "P271339.13.1.1",
                        "break": "missing"
                      }
                    ]
                  }
                },
                {
                  "node": "l",
                  "frag": "u₃]",
                  "id": "P271339.l354c5",
                  "ref": "P271339.13.2",
                  "inst": "%sux:u₃=",
                  "f": {
                    "lang": "sux",
                    "form": "u₃",
                    "delim": " ",
                    "gdl": [
                      {
                        "v": "u₃",
                        "id": "P271339.13.2.0",
                        "break": "missing",
                        "o": "]",
                        "breakEnd": "P271339.13.1.0"
                      }
                    ]
                  }
                },
                {
                  "node": "l",
                  "frag": "maš₂-bi",
                  "id": "P271339.l354c6",
                  "ref": "P271339.13.3",
                  "inst": "%sux:maš₂-bi=",
                  "f": {
                    "lang": "sux",
                    "form": "maš₂-bi",
                    "gdl": [
                      {
                        "v": "maš₂",
                        "id": "P271339.13.3.0",
                        "delim": "-"
                      },
                      {
                        "v": "bi",
                        "id": "P271339.13.3.1"
                      }
                    ]
                  }
                },
                {
                  "node": "d",
                  "type": "field-end",
                  "subtype": "wp"
                },
                {
                  "node": "d",
                  "type": "cell-end"
                },
                {
                  "node": "d",
                  "type": "cell-start"
                },
                {
                  "node": "d",
                  "type": "field-start",
                  "subtype": "eq"
                },
                {
                  "node": "l",
                  "frag": "ka-as-pa",
                  "id": "P271339.l354c7",
                  "ref": "P271339.13.4",
                  "inst": "%akk-x-mbperi:ka-as-pa=",
                  "f": {
                    "lang": "akk-x-mbperi",
                    "form": "ka-as-pa",
                    "delim": " ",
                    "gdl": [
                      {
                        "v": "ka",
                        "id": "P271339.13.4.0",
                        "delim": "-"
                      },
                      {
                        "v": "as",
                        "id": "P271339.13.4.1",
                        "delim": "-"
                      },
                      {
                        "v": "pa",
                        "id": "P271339.13.4.2"
                      }
                    ]
                  }
                },
                {
                  "node": "l",
                  "frag": "u₃",
                  "id": "P271339.l354c8",
                  "ref": "P271339.13.5",
                  "inst": "%akk-x-mbperi:u₃=",
                  "f": {
                    "lang": "akk-x-mbperi",
                    "form": "u₃",
                    "delim": " ",
                    "gdl": [
                      {
                        "v": "u₃",
                        "id": "P271339.13.5.0"
                      }
                    ]
                  }
                },
                {
                  "node": "l",
                  "frag": "ṣi-[bat-šu]",
                  "id": "P271339.l354c9",
                  "ref": "P271339.13.6",
                  "inst": "%akk-x-mbperi:ṣi-bat-šu=",
                  "f": {
                    "lang": "akk-x-mbperi",
                    "form": "ṣi-bat-šu",
                    "gdl": [
                      {
                        "v": "ṣi",
                        "id": "P271339.13.6.0",
                        "delim": "-"
                      },
                      {
                        "v": "bat",
                        "id": "P271339.13.6.1",
                        "breakStart": "1",
                        "o": "[",
                        "break": "missing",
                        "delim": "-"
                      },
                      {
                        "v": "šu",
                        "id": "P271339.13.6.2",
                        "queried": "1",
                        "break": "missing",
                        "o": "]",
                        "breakEnd": "P271339.13.6.1"
                      }
                    ]
                  }
                },
                {
                  "node": "d",
                  "type": "field-end",
                  "subtype": "eq"
                },
                {
                  "node": "d",
                  "type": "cell-end"
                },
                {
                  "node": "d",
                  "type": "line-start",
                  "ref": "P271339.14",
                  "n": "7'",
                  "label": "r 7'"
                },
                {
                  "node": "d",
                  "type": "cell-start"
                },
                {
                  "node": "d",
                  "type": "field-start",
                  "subtype": "wp"
                },
                {
                  "node": "l",
                  "frag": "[še",
                  "id": "P271339.l354ca",
                  "ref": "P271339.14.1",
                  "inst": "%sux:še=",
                  "f": {
                    "lang": "sux",
                    "form": "še",
                    "delim": " ",
                    "gdl": [
                      {
                        "v": "še",
                        "id": "P271339.14.1.0",
                        "breakStart": "1",
                        "o": "[",
                        "break": "missing"
                      }
                    ]
                  }
                },
                {
                  "node": "l",
                  "frag": "u₃]",
                  "id": "P271339.l354cb",
                  "ref": "P271339.14.2",
                  "inst": "%sux:u₃=",
                  "f": {
                    "lang": "sux",
                    "form": "u₃",
                    "delim": " ",
                    "gdl": [
                      {
                        "v": "u₃",
                        "id": "P271339.14.2.0",
                        "break": "missing",
                        "o": "]",
                        "breakEnd": "P271339.14.1.0"
                      }
                    ]
                  }
                },
                {
                  "node": "l",
                  "frag": "maš₂-bi",
                  "id": "P271339.l354cc",
                  "ref": "P271339.14.3",
                  "inst": "%sux:maš₂-bi=",
                  "f": {
                    "lang": "sux",
                    "form": "maš₂-bi",
                    "gdl": [
                      {
                        "v": "maš₂",
                        "id": "P271339.14.3.0",
                        "delim": "-"
                      },
                      {
                        "v": "bi",
                        "id": "P271339.14.3.1"
                      }
                    ]
                  }
                },
                {
                  "node": "d",
                  "type": "field-end",
                  "subtype": "wp"
                },
                {
                  "node": "d",
                  "type": "cell-end"
                },
                {
                  "node": "d",
                  "type": "cell-start"
                },
                {
                  "node": "d",
                  "type": "field-start",
                  "subtype": "eq"
                },
                {
                  "node": "l",
                  "frag": "e-u₂",
                  "id": "P271339.l354cd",
                  "ref": "P271339.14.4",
                  "inst": "%akk-x-mbperi:e-u₂=",
                  "f": {
                    "lang": "akk-x-mbperi",
                    "form": "e-u₂",
                    "delim": " ",
                    "gdl": [
                      {
                        "v": "e",
                        "id": "P271339.14.4.0",
                        "delim": "-"
                      },
                      {
                        "v": "u₂",
                        "id": "P271339.14.4.1"
                      }
                    ]
                  }
                },
                {
                  "node": "l",
                  "frag": "u₃",
                  "id": "P271339.l354ce",
                  "ref": "P271339.14.5",
                  "inst": "%akk-x-mbperi:u₃=",
                  "f": {
                    "lang": "akk-x-mbperi",
                    "form": "u₃",
                    "delim": " ",
                    "gdl": [
                      {
                        "v": "u₃",
                        "id": "P271339.14.5.0"
                      }
                    ]
                  }
                },
                {
                  "node": "l",
                  "frag": "ṣi-bat-⸢šu⸣",
                  "id": "P271339.l354cf",
                  "ref": "P271339.14.6",
                  "inst": "%akk-x-mbperi:ṣi-bat-šu=",
                  "f": {
                    "lang": "akk-x-mbperi",
                    "form": "ṣi-bat-šu",
                    "gdl": [
                      {
                        "v": "ṣi",
                        "id": "P271339.14.6.0",
                        "delim": "-"
                      },
                      {
                        "v": "bat",
                        "id": "P271339.14.6.1",
                        "delim": "-"
                      },
                      {
                        "v": "šu",
                        "id": "P271339.14.6.2",
                        "break": "damaged",
                        "queried": "1",
                        "ho": "1",
                        "hc": "1"
                      }
                    ]
                  }
                },
                {
                  "node": "d",
                  "type": "field-end",
                  "subtype": "eq"
                },
                {
                  "node": "d",
                  "type": "cell-end"
                },
                {
                  "node": "d",
                  "type": "nonx",
                  "ref": "P271339.15",
                  "strict": "1",
                  "extent": "1",
                  "scope": "line",
                  "state": "ruling"
                },
                {
                  "node": "d",
                  "type": "line-start",
                  "ref": "P271339.16",
                  "n": "8'",
                  "label": "r 8'"
                },
                {
                  "node": "d",
                  "type": "cell-start"
                },
                {
                  "node": "d",
                  "type": "field-start",
                  "subtype": "wp"
                },
                {
                  "node": "l",
                  "frag": "[...]",
                  "id": "P271339.l354d0",
                  "ref": "P271339.16.1",
                  "inst": "%sux:x=",
                  "f": {
                    "lang": "sux",
                    "form": "x",
                    "gdl": [
                      {
                        "x": "ellipsis",
                        "id": "P271339.16.1.0",
                        "breakStart": "1",
                        "break": "missing",
                        "o": "]",
                        "breakEnd": "P271339.16.1.0"
                      }
                    ]
                  }
                },
                {
                  "node": "d",
                  "type": "field-end",
                  "subtype": "wp"
                },
                {
                  "node": "d",
                  "type": "cell-end"
                },
                {
                  "node": "d",
                  "type": "cell-start"
                },
                {
                  "node": "d",
                  "type": "field-start",
                  "subtype": "eq"
                },
                {
                  "node": "l",
                  "frag": "ip-pa-al",
                  "id": "P271339.l354d1",
                  "ref": "P271339.16.2",
                  "inst": "%akk-x-mbperi:ip-pa-al=",
                  "f": {
                    "lang": "akk-x-mbperi",
                    "form": "ip-pa-al",
                    "gdl": [
                      {
                        "v": "ip",
                        "id": "P271339.16.2.0",
                        "delim": "-"
                      },
                      {
                        "v": "pa",
                        "id": "P271339.16.2.1",
                        "delim": "-"
                      },
                      {
                        "v": "al",
                        "id": "P271339.16.2.2"
                      }
                    ]
                  }
                },
                {
                  "node": "d",
                  "type": "field-end",
                  "subtype": "eq"
                },
                {
                  "node": "d",
                  "type": "cell-end"
                },
                {
                  "node": "d",
                  "type": "line-start",
                  "ref": "P271339.17",
                  "n": "9'",
                  "label": "r 9'"
                },
                {
                  "node": "d",
                  "type": "cell-start"
                },
                {
                  "node": "d",
                  "type": "field-start",
                  "subtype": "wp"
                },
                {
                  "node": "l",
                  "frag": "[...]-meš",
                  "id": "P271339.l354d2",
                  "ref": "P271339.17.1",
                  "inst": "%sux:x-meš=",
                  "f": {
                    "lang": "sux",
                    "form": "x-meš",
                    "gdl": [
                      {
                        "x": "ellipsis",
                        "id": "P271339.17.1.0",
                        "breakStart": "1",
                        "break": "missing",
                        "o": "]",
                        "breakEnd": "P271339.17.1.0",
                        "delim": "-"
                      },
                      {
                        "v": "meš",
                        "id": "P271339.17.1.1"
                      }
                    ]
                  }
                },
                {
                  "node": "d",
                  "type": "field-end",
                  "subtype": "wp"
                },
                {
                  "node": "d",
                  "type": "cell-end"
                },
                {
                  "node": "d",
                  "type": "cell-start"
                },
                {
                  "node": "d",
                  "type": "field-start",
                  "subtype": "eq"
                },
                {
                  "node": "l",
                  "frag": "ip-pa-lu",
                  "id": "P271339.l354d3",
                  "ref": "P271339.17.2",
                  "inst": "%akk-x-mbperi:ip-pa-lu=",
                  "f": {
                    "lang": "akk-x-mbperi",
                    "form": "ip-pa-lu",
                    "gdl": [
                      {
                        "v": "ip",
                        "id": "P271339.17.2.0",
                        "delim": "-"
                      },
                      {
                        "v": "pa",
                        "id": "P271339.17.2.1",
                        "delim": "-"
                      },
                      {
                        "v": "lu",
                        "id": "P271339.17.2.2"
                      }
                    ]
                  }
                },
                {
                  "node": "d",
                  "type": "field-end",
                  "subtype": "eq"
                },
                {
                  "node": "d",
                  "type": "cell-end"
                },
                {
                  "node": "d",
                  "type": "line-start",
                  "ref": "P271339.18",
                  "n": "10'",
                  "label": "r 10'"
                },
                {
                  "node": "d",
                  "type": "cell-start"
                },
                {
                  "node": "d",
                  "type": "field-start",
                  "subtype": "wp"
                },
                {
                  "node": "l",
                  "frag": "[...]",
                  "id": "P271339.l354d4",
                  "ref": "P271339.18.1",
                  "inst": "%sux:x=",
                  "f": {
                    "lang": "sux",
                    "form": "x",
                    "gdl": [
                      {
                        "x": "ellipsis",
                        "id": "P271339.18.1.0",
                        "breakStart": "1",
                        "break": "missing",
                        "o": "]",
                        "breakEnd": "P271339.18.1.0"
                      }
                    ]
                  }
                },
                {
                  "node": "d",
                  "type": "field-end",
                  "subtype": "wp"
                },
                {
                  "node": "d",
                  "type": "cell-end"
                },
                {
                  "node": "d",
                  "type": "cell-start"
                },
                {
                  "node": "d",
                  "type": "field-start",
                  "subtype": "eq"
                },
                {
                  "node": "l",
                  "frag": "it-ta-na-⸢ap⸣-[pa-al]",
                  "id": "P271339.l354d5",
                  "ref": "P271339.18.2",
                  "inst": "%akk-x-mbperi:it-ta-na-ap-pa-al=",
                  "f": {
                    "lang": "akk-x-mbperi",
                    "form": "it-ta-na-ap-pa-al",
                    "gdl": [
                      {
                        "v": "it",
                        "id": "P271339.18.2.0",
                        "delim": "-"
                      },
                      {
                        "v": "ta",
                        "id": "P271339.18.2.1",
                        "delim": "-"
                      },
                      {
                        "v": "na",
                        "id": "P271339.18.2.2",
                        "delim": "-"
                      },
                      {
                        "v": "ap",
                        "id": "P271339.18.2.3",
                        "break": "damaged",
                        "ho": "1",
                        "delim": "-",
                        "hc": "1"
                      },
                      {
                        "v": "pa",
                        "id": "P271339.18.2.4",
                        "breakStart": "1",
                        "o": "[",
                        "break": "missing",
                        "delim": "-"
                      },
                      {
                        "v": "al",
                        "id": "P271339.18.2.5",
                        "break": "missing",
                        "o": "]",
                        "breakEnd": "P271339.18.2.4"
                      }
                    ]
                  }
                },
                {
                  "node": "d",
                  "type": "field-end",
                  "subtype": "eq"
                },
                {
                  "node": "d",
                  "type": "cell-end"
                },
                {
                  "node": "d",
                  "type": "line-start",
                  "ref": "P271339.19",
                  "n": "11'",
                  "label": "r 11'"
                },
                {
                  "node": "d",
                  "type": "cell-start"
                },
                {
                  "node": "d",
                  "type": "field-start",
                  "subtype": "wp"
                },
                {
                  "node": "l",
                  "frag": "[...]-⸢meš⸣",
                  "id": "P271339.l354d6",
                  "ref": "P271339.19.1",
                  "inst": "%sux:x-meš=",
                  "f": {
                    "lang": "sux",
                    "form": "x-meš",
                    "gdl": [
                      {
                        "x": "ellipsis",
                        "id": "P271339.19.1.0",
                        "breakStart": "1",
                        "break": "missing",
                        "o": "]",
                        "breakEnd": "P271339.19.1.0",
                        "delim": "-"
                      },
                      {
                        "v": "meš",
                        "id": "P271339.19.1.1",
                        "break": "damaged",
                        "ho": "1",
                        "hc": "1"
                      }
                    ]
                  }
                },
                {
                  "node": "d",
                  "type": "field-end",
                  "subtype": "wp"
                },
                {
                  "node": "d",
                  "type": "cell-end"
                },
                {
                  "node": "d",
                  "type": "cell-start"
                },
                {
                  "node": "d",
                  "type": "field-start",
                  "subtype": "eq"
                },
                {
                  "node": "l",
                  "frag": "it-⸢ta⸣-[na-ap-pa-lu]",
                  "id": "P271339.l354d7",
                  "ref": "P271339.19.2",
                  "inst": "%akk-x-mbperi:it-ta-na-ap-pa-lu=",
                  "f": {
                    "lang": "akk-x-mbperi",
                    "form": "it-ta-na-ap-pa-lu",
                    "gdl": [
                      {
                        "v": "it",
                        "id": "P271339.19.2.0",
                        "delim": "-"
                      },
                      {
                        "v": "ta",
                        "id": "P271339.19.2.1",
                        "break": "damaged",
                        "ho": "1",
                        "delim": "-",
                        "hc": "1"
                      },
                      {
                        "v": "na",
                        "id": "P271339.19.2.2",
                        "breakStart": "1",
                        "o": "[",
                        "break": "missing",
                        "delim": "-"
                      },
                      {
                        "v": "ap",
                        "id": "P271339.19.2.3",
                        "break": "missing",
                        "delim": "-"
                      },
                      {
                        "v": "pa",
                        "id": "P271339.19.2.4",
                        "break": "missing",
                        "delim": "-"
                      },
                      {
                        "v": "lu",
                        "id": "P271339.19.2.5",
                        "break": "missing",
                        "o": "]",
                        "breakEnd": "P271339.19.2.2"
                      }
                    ]
                  }
                },
                {
                  "node": "d",
                  "type": "field-end",
                  "subtype": "eq"
                },
                {
                  "node": "d",
                  "type": "cell-end"
                },
                {
                  "node": "d",
                  "type": "nonx",
                  "ref": "P271339.20",
                  "strict": "0",
                  "extent": "rest",
                  "state": "missing"
                }
              ]
            }
          ]
        }
      ]
    }
  ]
}
