{
  "type": "cdl",
  "project": "dcclt",
  "source": "http://oracc.org/dcclt",
  "license": "This data is released under the CC0 license",
  "license-url": "https://creativecommons.org/publicdomain/zero/1.0/",
  "more-info": "http://oracc.org/doc/opendata/",
  "UTC-timestamp": "2017-06-21T22:10:13",
  "textid": "P273712",
  "cdl": [
    {
      "node": "c",
      "type": "text",
      "id": "P273712.U0",
      "cdl": [
        {
          "node": "d",
          "type": "object",
          "ref": ""
        },
        {
          "node": "d",
          "subtype": "obverse",
          "type": "obverse",
          "ref": "P273712.o.1",
          "label": "o"
        },
        {
          "node": "c",
          "type": "discourse",
          "subtype": "body",
          "id": "P273712.U1",
          "cdl": [
            {
              "node": "c",
              "type": "sentence",
              "id": "P273712.U2",
              "label": "o 1' - r i 13",
              "cdl": [
                {
                  "node": "d",
                  "type": "line-start",
                  "ref": "P273712.2",
                  "n": "1'",
                  "label": "o 1'"
                },
                {
                  "node": "l",
                  "frag": "[ŋeš]-rin₂",
                  "id": "P273712.l1ac2c",
                  "ref": "P273712.2.1",
                  "inst": "ŋešrin[scales]",
                  "sig": "@dcclt%sux:ŋeš-rin₂=ŋešrin[scales//scales]N'N$ŋešrin/ŋeš-rin₂#~",
                  "f": {
                    "lang": "sux",
                    "form": "ŋeš-rin₂",
                    "delim": " ",
                    "gdl": [
                      {
                        "v": "ŋeš",
                        "id": "P273712.2.1.0",
                        "breakStart": "1",
                        "o": "]",
                        "break": "missing",
                        "breakEnd": "P273712.2.1.0",
                        "delim": "-"
                      },
                      {
                        "v": "rin₂",
                        "id": "P273712.2.1.1"
                      }
                    ],
                    "cf": "ŋešrin",
                    "gw": "scales",
                    "sense": "scales",
                    "norm0": "ŋešrin",
                    "pos": "N",
                    "epos": "N",
                    "base": "ŋeš-rin₂",
                    "morph": "~"
                  }
                },
                {
                  "node": "l",
                  "frag": "lub-⸢bi⸣",
                  "id": "P273712.l1ac2d",
                  "ref": "P273712.2.2",
                  "inst": "lubi[ax]",
                  "sig": "@dcclt%sux:lub-bi=lubi[ax//ax]N'N$lubi,bi/lub#~,bi",
                  "f": {
                    "lang": "sux",
                    "form": "lub-bi",
                    "gdl": [
                      {
                        "v": "lub",
                        "id": "P273712.2.2.0",
                        "delim": "-"
                      },
                      {
                        "v": "bi",
                        "id": "P273712.2.2.1",
                        "break": "damaged",
                        "ho": "1",
                        "hc": "1"
                      }
                    ],
                    "cf": "lubi",
                    "gw": "ax",
                    "sense": "ax",
                    "norm0": "lubi,bi",
                    "pos": "N",
                    "epos": "N",
                    "base": "lub",
                    "morph": "~,bi"
                  }
                },
                {
                  "node": "d",
                  "type": "line-start",
                  "ref": "P273712.3",
                  "n": "2'",
                  "label": "o 2'"
                },
                {
                  "node": "l",
                  "frag": "⸢ŋeš⸣-rin₂",
                  "id": "P273712.l1ac2e",
                  "ref": "P273712.3.1",
                  "inst": "ŋešrin[scales]",
                  "sig": "@dcclt%sux:ŋeš-rin₂=ŋešrin[scales//scales]N'N$ŋešrin/ŋeš-rin₂#~",
                  "f": {
                    "lang": "sux",
                    "form": "ŋeš-rin₂",
                    "delim": " ",
                    "gdl": [
                      {
                        "v": "ŋeš",
                        "id": "P273712.3.1.0",
                        "break": "damaged",
                        "ho": "1",
                        "delim": "-",
                        "hc": "1"
                      },
                      {
                        "v": "rin₂",
                        "id": "P273712.3.1.1"
                      }
                    ],
                    "cf": "ŋešrin",
                    "gw": "scales",
                    "sense": "scales",
                    "norm0": "ŋešrin",
                    "pos": "N",
                    "epos": "N",
                    "base": "ŋeš-rin₂",
                    "morph": "~"
                  }
                },
                {
                  "node": "l",
                  "frag": "1(aš)",
                  "id": "P273712.l1ac2f",
                  "ref": "P273712.3.2",
                  "inst": "n",
                  "f": {
                    "lang": "sux",
                    "form": "1(aš)",
                    "delim": " ",
                    "gdl": [
                      {
                        "n": "n",
                        "form": "1(aš)",
                        "id": "P273712.3.2.0",
                        "seq": [
                          {
                            "r": "1"
                          },
                          {
                            "v": "aš"
                          }
                        ]
                      }
                    ],
                    "pos": "n"
                  }
                },
                {
                  "node": "l",
                  "frag": "gun",
                  "id": "P273712.l1ac30",
                  "ref": "P273712.3.3",
                  "inst": "gun[load]",
                  "sig": "@dcclt%sux:gun=gun[load//load]N'N$gun/gun#~",
                  "f": {
                    "lang": "sux",
                    "form": "gun",
                    "gdl": [
                      {
                        "v": "gun",
                        "id": "P273712.3.3.0"
                      }
                    ],
                    "cf": "gun",
                    "gw": "load",
                    "sense": "load",
                    "norm0": "gun",
                    "pos": "N",
                    "epos": "N",
                    "base": "gun",
                    "morph": "~"
                  }
                },
                {
                  "node": "d",
                  "type": "line-start",
                  "ref": "P273712.4",
                  "n": "3'",
                  "label": "o 3'"
                },
                {
                  "node": "l",
                  "frag": "⸢ŋeš⸣-rin₂",
                  "id": "P273712.l1ac31",
                  "ref": "P273712.4.1",
                  "inst": "ŋešrin[scales]",
                  "sig": "@dcclt%sux:ŋeš-rin₂=ŋešrin[scales//scales]N'N$ŋešrin/ŋeš-rin₂#~",
                  "f": {
                    "lang": "sux",
                    "form": "ŋeš-rin₂",
                    "delim": " ",
                    "gdl": [
                      {
                        "v": "ŋeš",
                        "id": "P273712.4.1.0",
                        "break": "damaged",
                        "ho": "1",
                        "delim": "-",
                        "hc": "1"
                      },
                      {
                        "v": "rin₂",
                        "id": "P273712.4.1.1"
                      }
                    ],
                    "cf": "ŋešrin",
                    "gw": "scales",
                    "sense": "scales",
                    "norm0": "ŋešrin",
                    "pos": "N",
                    "epos": "N",
                    "base": "ŋeš-rin₂",
                    "morph": "~"
                  }
                },
                {
                  "node": "l",
                  "frag": "ma-na-la₂",
                  "id": "P273712.l1ac32",
                  "ref": "P273712.4.2",
                  "inst": "manala[weighmaster]",
                  "sig": "@dcclt%sux:ma-na-la₂=manala[weighmaster//weighmaster]N'N$manala/ma-na-la₂#~",
                  "f": {
                    "lang": "sux",
                    "form": "ma-na-la₂",
                    "gdl": [
                      {
                        "v": "ma",
                        "id": "P273712.4.2.0",
                        "delim": "-"
                      },
                      {
                        "v": "na",
                        "id": "P273712.4.2.1",
                        "delim": "-"
                      },
                      {
                        "v": "la₂",
                        "id": "P273712.4.2.2"
                      }
                    ],
                    "cf": "manala",
                    "gw": "weighmaster",
                    "sense": "weighmaster",
                    "norm0": "manala",
                    "pos": "N",
                    "epos": "N",
                    "base": "ma-na-la₂",
                    "morph": "~"
                  }
                },
                {
                  "node": "d",
                  "type": "line-start",
                  "ref": "P273712.5",
                  "n": "4'",
                  "label": "o 4'"
                },
                {
                  "node": "l",
                  "frag": "{⸢ŋeš⸣}e₂",
                  "id": "P273712.l1ac33",
                  "ref": "P273712.5.1",
                  "inst": "e[house]",
                  "sig": "@dcclt%sux:{ŋeš}e₂=e[house//house]N'N$e/{ŋeš}e₂#~",
                  "f": {
                    "lang": "sux",
                    "form": "{ŋeš}e₂",
                    "delim": " ",
                    "gdl": [
                      {
                        "det": "semantic",
                        "pos": "pre",
                        "seq": [
                          {
                            "v": "ŋeš",
                            "id": "P273712.5.1.0",
                            "break": "damaged",
                            "ho": "1",
                            "hc": "1"
                          }
                        ]
                      },
                      {
                        "v": "e₂",
                        "id": "P273712.5.1.1"
                      }
                    ],
                    "cf": "e",
                    "gw": "house",
                    "sense": "house",
                    "norm0": "e",
                    "pos": "N",
                    "epos": "N",
                    "base": "{ŋeš}e₂",
                    "morph": "~"
                  }
                },
                {
                  "node": "l",
                  "frag": "rin₂",
                  "id": "P273712.l1ac34",
                  "ref": "P273712.5.2",
                  "inst": "ŋešrin[scales]",
                  "sig": "@dcclt%sux:rin₂=ŋešrin[scales//scales]N'N$ŋešrin/rin₂#~",
                  "f": {
                    "lang": "sux",
                    "form": "rin₂",
                    "gdl": [
                      {
                        "v": "rin₂",
                        "id": "P273712.5.2.0"
                      }
                    ],
                    "cf": "ŋešrin",
                    "gw": "scales",
                    "sense": "scales",
                    "norm0": "ŋešrin",
                    "pos": "N",
                    "epos": "N",
                    "base": "rin₂",
                    "morph": "~"
                  }
                },
                {
                  "node": "d",
                  "type": "line-start",
                  "ref": "P273712.6",
                  "n": "5'",
                  "label": "o 5'"
                },
                {
                  "node": "l",
                  "frag": "{ŋeš}al",
                  "id": "P273712.l1ac35",
                  "ref": "P273712.6.1",
                  "inst": "al[hoe]",
                  "sig": "@dcclt%sux:{ŋeš}al=al[hoe//hoe, pickax]N'N$al/{ŋeš}al#~",
                  "f": {
                    "lang": "sux",
                    "form": "{ŋeš}al",
                    "gdl": [
                      {
                        "det": "semantic",
                        "pos": "pre",
                        "seq": [
                          {
                            "v": "ŋeš",
                            "id": "P273712.6.1.0"
                          }
                        ]
                      },
                      {
                        "v": "al",
                        "id": "P273712.6.1.1"
                      }
                    ],
                    "cf": "al",
                    "gw": "hoe",
                    "sense": "hoe, pickax",
                    "norm0": "al",
                    "pos": "N",
                    "epos": "N",
                    "base": "{ŋeš}al",
                    "morph": "~"
                  }
                },
                {
                  "node": "d",
                  "type": "line-start",
                  "ref": "P273712.7",
                  "n": "6'",
                  "label": "o 6'"
                },
                {
                  "node": "l",
                  "frag": "{[ŋeš]}al-šub",
                  "id": "P273712.l1ac36",
                  "ref": "P273712.7.1",
                  "inst": "alšub[tool]N",
                  "sig": "@dcclt%sux:{ŋeš}al-šub=alšub[tool//tool]N'N$alšub/{ŋeš}al-šub#~",
                  "f": {
                    "lang": "sux",
                    "form": "{ŋeš}al-šub",
                    "gdl": [
                      {
                        "det": "semantic",
                        "pos": "pre",
                        "seq": [
                          {
                            "v": "ŋeš",
                            "id": "P273712.7.1.0",
                            "breakStart": "1",
                            "o": "]",
                            "break": "missing",
                            "breakEnd": "P273712.7.1.0"
                          }
                        ]
                      },
                      {
                        "v": "al",
                        "id": "P273712.7.1.1",
                        "delim": "-"
                      },
                      {
                        "v": "šub",
                        "id": "P273712.7.1.2"
                      }
                    ],
                    "cf": "alšub",
                    "gw": "tool",
                    "sense": "tool",
                    "norm0": "alšub",
                    "pos": "N",
                    "epos": "N",
                    "base": "{ŋeš}al-šub",
                    "morph": "~"
                  }
                },
                {
                  "node": "d",
                  "type": "line-start",
                  "ref": "P273712.8",
                  "n": "7'",
                  "label": "o 7'"
                },
                {
                  "node": "l",
                  "frag": "{[ŋeš]}⸢al",
                  "id": "P273712.l1ac37",
                  "ref": "P273712.8.1",
                  "inst": "al[hoe]",
                  "sig": "@dcclt%sux:{ŋeš}al=al[hoe//hoe, pickax]N'N$al/{ŋeš}al#~",
                  "f": {
                    "lang": "sux",
                    "form": "{ŋeš}al",
                    "delim": " ",
                    "gdl": [
                      {
                        "det": "semantic",
                        "pos": "pre",
                        "seq": [
                          {
                            "v": "ŋeš",
                            "id": "P273712.8.1.0",
                            "breakStart": "1",
                            "o": "]",
                            "break": "missing",
                            "breakEnd": "P273712.8.1.0"
                          }
                        ]
                      },
                      {
                        "v": "al",
                        "id": "P273712.8.1.1",
                        "break": "damaged",
                        "ho": "1"
                      }
                    ],
                    "cf": "al",
                    "gw": "hoe",
                    "sense": "hoe, pickax",
                    "norm0": "al",
                    "pos": "N",
                    "epos": "N",
                    "base": "{ŋeš}al",
                    "morph": "~"
                  }
                },
                {
                  "node": "l",
                  "frag": "ki⸣",
                  "id": "P273712.l1ac38",
                  "ref": "P273712.8.2",
                  "inst": "ki[earth]",
                  "sig": "@dcclt%sux:ki=ki[place//ground, earth, land]N'N$ki/ki#~",
                  "f": {
                    "lang": "sux",
                    "form": "ki",
                    "gdl": [
                      {
                        "v": "ki",
                        "id": "P273712.8.2.0",
                        "break": "damaged",
                        "queried": "1",
                        "hc": "1"
                      }
                    ],
                    "cf": "ki",
                    "gw": "place",
                    "sense": "ground, earth, land",
                    "norm0": "ki",
                    "pos": "N",
                    "epos": "N",
                    "base": "ki",
                    "morph": "~"
                  }
                },
                {
                  "node": "d",
                  "subtype": "reverse",
                  "type": "reverse",
                  "ref": "P273712.r.9",
                  "label": "r"
                },
                {
                  "node": "d",
                  "subtype": "column 1r",
                  "type": "column",
                  "ref": "P273712.r.i.10",
                  "n": "1",
                  "label": "r i"
                },
                {
                  "node": "d",
                  "type": "line-start",
                  "ref": "P273712.11",
                  "n": "1",
                  "label": "r i 1"
                },
                {
                  "node": "l",
                  "frag": "{ŋeš}al",
                  "id": "P273712.l1ac39",
                  "ref": "P273712.11.1",
                  "inst": "al[hoe]",
                  "sig": "@dcclt%sux:{ŋeš}al=al[hoe//hoe, pickax]N'N$al/{ŋeš}al#~",
                  "f": {
                    "lang": "sux",
                    "form": "{ŋeš}al",
                    "delim": " ",
                    "gdl": [
                      {
                        "det": "semantic",
                        "pos": "pre",
                        "seq": [
                          {
                            "v": "ŋeš",
                            "id": "P273712.11.1.0"
                          }
                        ]
                      },
                      {
                        "v": "al",
                        "id": "P273712.11.1.1"
                      }
                    ],
                    "cf": "al",
                    "gw": "hoe",
                    "sense": "hoe, pickax",
                    "norm0": "al",
                    "pos": "N",
                    "epos": "N",
                    "base": "{ŋeš}al",
                    "morph": "~"
                  }
                },
                {
                  "node": "l",
                  "frag": "saŋ(KA)",
                  "id": "P273712.l1ac3a",
                  "ref": "P273712.11.2",
                  "inst": "!saŋ[head]",
                  "sig": "@dcclt%sux:saŋ=saŋ[head//head]N'N$saŋ/saŋ#~",
                  "f": {
                    "lang": "sux",
                    "form": "saŋ",
                    "delim": " ",
                    "gdl": [
                      {
                        "gg": "correction",
                        "gdl_type": "correction",
                        "group": [
                          {
                            "v": "saŋ",
                            "id": "P273712.11.2.0",
                            "gdl_remarked": "1"
                          },
                          {
                            "s": "KA"
                          }
                        ]
                      }
                    ],
                    "cf": "saŋ",
                    "gw": "head",
                    "sense": "head",
                    "norm0": "saŋ",
                    "pos": "N",
                    "epos": "N",
                    "base": "saŋ",
                    "morph": "~"
                  }
                },
                {
                  "node": "l",
                  "frag": "⸢ŋal₂⸣-[la]",
                  "id": "P273712.l1ac3b",
                  "ref": "P273712.11.3",
                  "inst": "ŋal[be]",
                  "sig": "@dcclt%sux:ŋal₂-la=ŋal[be//be]V/i'V/i$ŋal;a/ŋal₂+-la=l.a#~;a",
                  "f": {
                    "lang": "sux",
                    "form": "ŋal₂-la",
                    "gdl": [
                      {
                        "v": "ŋal₂",
                        "id": "P273712.11.3.0",
                        "break": "damaged",
                        "ho": "1",
                        "delim": "-",
                        "hc": "1"
                      },
                      {
                        "v": "la",
                        "id": "P273712.11.3.1",
                        "breakStart": "1",
                        "o": "]",
                        "break": "missing",
                        "breakEnd": "P273712.11.3.1"
                      }
                    ],
                    "cf": "ŋal",
                    "gw": "be",
                    "sense": "be",
                    "norm0": "ŋal;a",
                    "pos": "V/i",
                    "epos": "V/i",
                    "base": "ŋal₂",
                    "cont": "-la=l.a",
                    "morph": "~;a"
                  }
                },
                {
                  "node": "d",
                  "type": "line-start",
                  "ref": "P273712.12",
                  "n": "2",
                  "label": "r i 2"
                },
                {
                  "node": "l",
                  "frag": "{ŋeš}al",
                  "id": "P273712.l1ac3c",
                  "ref": "P273712.12.1",
                  "inst": "al[hoe]",
                  "sig": "@dcclt%sux:{ŋeš}al=al[hoe//hoe, pickax]N'N$al/{ŋeš}al#~",
                  "f": {
                    "lang": "sux",
                    "form": "{ŋeš}al",
                    "delim": " ",
                    "gdl": [
                      {
                        "det": "semantic",
                        "pos": "pre",
                        "seq": [
                          {
                            "v": "ŋeš",
                            "id": "P273712.12.1.0"
                          }
                        ]
                      },
                      {
                        "v": "al",
                        "id": "P273712.12.1.1"
                      }
                    ],
                    "cf": "al",
                    "gw": "hoe",
                    "sense": "hoe, pickax",
                    "norm0": "al",
                    "pos": "N",
                    "epos": "N",
                    "base": "{ŋeš}al",
                    "morph": "~"
                  }
                },
                {
                  "node": "l",
                  "frag": "nu-saŋ(KA)",
                  "id": "P273712.l1ac3d",
                  "ref": "P273712.12.2",
                  "inst": "!saŋ[head]",
                  "sig": "@dcclt%sux:nu-saŋ=saŋ[head//head]N'N$nu:saŋ/saŋ#nu:~",
                  "f": {
                    "lang": "sux",
                    "form": "nu-saŋ",
                    "delim": " ",
                    "gdl": [
                      {
                        "v": "nu",
                        "id": "P273712.12.2.0",
                        "delim": "-"
                      },
                      {
                        "gg": "correction",
                        "gdl_type": "correction",
                        "group": [
                          {
                            "v": "saŋ",
                            "id": "P273712.12.2.1",
                            "gdl_remarked": "1"
                          },
                          {
                            "s": "KA"
                          }
                        ]
                      }
                    ],
                    "cf": "saŋ",
                    "gw": "head",
                    "sense": "head",
                    "norm0": "nu:saŋ",
                    "pos": "N",
                    "epos": "N",
                    "base": "saŋ",
                    "morph": "nu:~"
                  }
                },
                {
                  "node": "l",
                  "frag": "⸢ŋal₂-la⸣",
                  "id": "P273712.l1ac3e",
                  "ref": "P273712.12.3",
                  "inst": "ŋal[be]",
                  "sig": "@dcclt%sux:ŋal₂-la=ŋal[be//be]V/i'V/i$ŋal;a/ŋal₂+-la=l.a#~;a",
                  "f": {
                    "lang": "sux",
                    "form": "ŋal₂-la",
                    "gdl": [
                      {
                        "v": "ŋal₂",
                        "id": "P273712.12.3.0",
                        "break": "damaged",
                        "ho": "1",
                        "delim": "-"
                      },
                      {
                        "v": "la",
                        "id": "P273712.12.3.1",
                        "break": "damaged",
                        "hc": "1"
                      }
                    ],
                    "cf": "ŋal",
                    "gw": "be",
                    "sense": "be",
                    "norm0": "ŋal;a",
                    "pos": "V/i",
                    "epos": "V/i",
                    "base": "ŋal₂",
                    "cont": "-la=l.a",
                    "morph": "~;a"
                  }
                },
                {
                  "node": "d",
                  "type": "line-start",
                  "ref": "P273712.13",
                  "n": "3",
                  "label": "r i 3"
                },
                {
                  "node": "l",
                  "frag": "{ŋeš}al",
                  "id": "P273712.l1ac3f",
                  "ref": "P273712.13.1",
                  "inst": "al[hoe]",
                  "sig": "@dcclt%sux:{ŋeš}al=al[hoe//hoe, pickax]N'N$al/{ŋeš}al#~",
                  "f": {
                    "lang": "sux",
                    "form": "{ŋeš}al",
                    "delim": " ",
                    "gdl": [
                      {
                        "det": "semantic",
                        "pos": "pre",
                        "seq": [
                          {
                            "v": "ŋeš",
                            "id": "P273712.13.1.0"
                          }
                        ]
                      },
                      {
                        "v": "al",
                        "id": "P273712.13.1.1"
                      }
                    ],
                    "cf": "al",
                    "gw": "hoe",
                    "sense": "hoe, pickax",
                    "norm0": "al",
                    "pos": "N",
                    "epos": "N",
                    "base": "{ŋeš}al",
                    "morph": "~"
                  }
                },
                {
                  "node": "l",
                  "frag": "GU₂",
                  "id": "P273712.l1ac40",
                  "ref": "P273712.13.2",
                  "inst": "X",
                  "f": {
                    "lang": "sux",
                    "form": "GU₂",
                    "delim": " ",
                    "gdl": [
                      {
                        "s": "GU₂",
                        "id": "P273712.13.2.0",
                        "queried": "1"
                      }
                    ],
                    "pos": "X"
                  }
                },
                {
                  "node": "l",
                  "frag": "saŋ(KA)",
                  "id": "P273712.l1ac41",
                  "ref": "P273712.13.3",
                  "inst": "saŋ[head]",
                  "sig": "@dcclt%sux:saŋ=saŋ[head//head]N'N$saŋ/saŋ#~",
                  "f": {
                    "lang": "sux",
                    "form": "saŋ",
                    "gdl": [
                      {
                        "gg": "correction",
                        "gdl_type": "correction",
                        "group": [
                          {
                            "v": "saŋ",
                            "id": "P273712.13.3.0",
                            "gdl_remarked": "1"
                          },
                          {
                            "s": "KA"
                          }
                        ]
                      }
                    ],
                    "cf": "saŋ",
                    "gw": "head",
                    "sense": "head",
                    "norm0": "saŋ",
                    "pos": "N",
                    "epos": "N",
                    "base": "saŋ",
                    "morph": "~"
                  }
                },
                {
                  "node": "d",
                  "type": "line-start",
                  "ref": "P273712.14",
                  "n": "4",
                  "label": "r i 4"
                },
                {
                  "node": "l",
                  "frag": "{ŋeš}al",
                  "id": "P273712.l1ac42",
                  "ref": "P273712.14.1",
                  "inst": "al[hoe]",
                  "sig": "@dcclt%sux:{ŋeš}al=al[hoe//hoe, pickax]N'N$al/{ŋeš}al#~",
                  "f": {
                    "lang": "sux",
                    "form": "{ŋeš}al",
                    "delim": " ",
                    "gdl": [
                      {
                        "det": "semantic",
                        "pos": "pre",
                        "seq": [
                          {
                            "v": "ŋeš",
                            "id": "P273712.14.1.0"
                          }
                        ]
                      },
                      {
                        "v": "al",
                        "id": "P273712.14.1.1"
                      }
                    ],
                    "cf": "al",
                    "gw": "hoe",
                    "sense": "hoe, pickax",
                    "norm0": "al",
                    "pos": "N",
                    "epos": "N",
                    "base": "{ŋeš}al",
                    "morph": "~"
                  }
                },
                {
                  "node": "l",
                  "frag": "ŋeš-ur₂",
                  "id": "P273712.l1ac43",
                  "ref": "P273712.14.2",
                  "inst": "ŋušur[beam]",
                  "sig": "@dcclt%sux:ŋeš-ur₂=ŋušur[beam//beam]N'N$ŋušur/ŋeš-ur₂#~",
                  "f": {
                    "lang": "sux",
                    "form": "ŋeš-ur₂",
                    "gdl": [
                      {
                        "v": "ŋeš",
                        "id": "P273712.14.2.0",
                        "delim": "-"
                      },
                      {
                        "v": "ur₂",
                        "id": "P273712.14.2.1"
                      }
                    ],
                    "cf": "ŋušur",
                    "gw": "beam",
                    "sense": "beam",
                    "norm0": "ŋušur",
                    "pos": "N",
                    "epos": "N",
                    "base": "ŋeš-ur₂",
                    "morph": "~"
                  }
                },
                {
                  "node": "d",
                  "type": "line-start",
                  "ref": "P273712.15",
                  "n": "5",
                  "label": "r i 5"
                },
                {
                  "node": "l",
                  "frag": "{ŋeš}al",
                  "id": "P273712.l1ac44",
                  "ref": "P273712.15.1",
                  "inst": "al[hoe]",
                  "sig": "@dcclt%sux:{ŋeš}al=al[hoe//hoe, pickax]N'N$al/{ŋeš}al#~",
                  "f": {
                    "lang": "sux",
                    "form": "{ŋeš}al",
                    "delim": " ",
                    "gdl": [
                      {
                        "det": "semantic",
                        "pos": "pre",
                        "seq": [
                          {
                            "v": "ŋeš",
                            "id": "P273712.15.1.0"
                          }
                        ]
                      },
                      {
                        "v": "al",
                        "id": "P273712.15.1.1"
                      }
                    ],
                    "cf": "al",
                    "gw": "hoe",
                    "sense": "hoe, pickax",
                    "norm0": "al",
                    "pos": "N",
                    "epos": "N",
                    "base": "{ŋeš}al",
                    "morph": "~"
                  }
                },
                {
                  "node": "l",
                  "frag": "zu₂",
                  "id": "P273712.l1ac45",
                  "ref": "P273712.15.2",
                  "inst": "zu[tooth]",
                  "sig": "@dcclt%sux:zu₂=zu[tooth//tooth]N'N$zu/zu₂#~",
                  "f": {
                    "lang": "sux",
                    "form": "zu₂",
                    "gdl": [
                      {
                        "v": "zu₂",
                        "id": "P273712.15.2.0"
                      }
                    ],
                    "cf": "zu",
                    "gw": "tooth",
                    "sense": "tooth",
                    "norm0": "zu",
                    "pos": "N",
                    "epos": "N",
                    "base": "zu₂",
                    "morph": "~"
                  }
                },
                {
                  "node": "d",
                  "type": "line-start",
                  "ref": "P273712.16",
                  "n": "6",
                  "label": "r i 6"
                },
                {
                  "node": "l",
                  "frag": "{ŋeš}al",
                  "id": "P273712.l1ac46",
                  "ref": "P273712.16.1",
                  "inst": "al[hoe]",
                  "sig": "@dcclt%sux:{ŋeš}al=al[hoe//hoe, pickax]N'N$al/{ŋeš}al#~",
                  "f": {
                    "lang": "sux",
                    "form": "{ŋeš}al",
                    "delim": " ",
                    "gdl": [
                      {
                        "det": "semantic",
                        "pos": "pre",
                        "seq": [
                          {
                            "v": "ŋeš",
                            "id": "P273712.16.1.0"
                          }
                        ]
                      },
                      {
                        "v": "al",
                        "id": "P273712.16.1.1"
                      }
                    ],
                    "cf": "al",
                    "gw": "hoe",
                    "sense": "hoe, pickax",
                    "norm0": "al",
                    "pos": "N",
                    "epos": "N",
                    "base": "{ŋeš}al",
                    "morph": "~"
                  }
                },
                {
                  "node": "l",
                  "frag": "zu₂",
                  "id": "P273712.l1ac47",
                  "ref": "P273712.16.2",
                  "inst": "zu[tooth]",
                  "sig": "@dcclt%sux:zu₂=zu[tooth//tooth]N'N$zu/zu₂#~",
                  "f": {
                    "lang": "sux",
                    "form": "zu₂",
                    "delim": " ",
                    "gdl": [
                      {
                        "v": "zu₂",
                        "id": "P273712.16.2.0"
                      }
                    ],
                    "cf": "zu",
                    "gw": "tooth",
                    "sense": "tooth",
                    "norm0": "zu",
                    "pos": "N",
                    "epos": "N",
                    "base": "zu₂",
                    "morph": "~"
                  }
                },
                {
                  "node": "l",
                  "frag": "min",
                  "id": "P273712.l1ac48",
                  "ref": "P273712.16.3",
                  "inst": "min[two]",
                  "sig": "@dcclt%sux:min=min[two//two]NU'NU$min/min#~",
                  "f": {
                    "lang": "sux",
                    "form": "min",
                    "gdl": [
                      {
                        "v": "min",
                        "id": "P273712.16.3.0"
                      }
                    ],
                    "cf": "min",
                    "gw": "two",
                    "sense": "two",
                    "norm0": "min",
                    "pos": "NU",
                    "epos": "NU",
                    "base": "min",
                    "morph": "~"
                  }
                },
                {
                  "node": "d",
                  "type": "line-start",
                  "ref": "P273712.17",
                  "n": "7",
                  "label": "r i 7"
                },
                {
                  "node": "l",
                  "frag": "{ŋeš}al",
                  "id": "P273712.l1ac49",
                  "ref": "P273712.17.1",
                  "inst": "al[hoe]",
                  "sig": "@dcclt%sux:{ŋeš}al=al[hoe//hoe, pickax]N'N$al/{ŋeš}al#~",
                  "f": {
                    "lang": "sux",
                    "form": "{ŋeš}al",
                    "delim": " ",
                    "gdl": [
                      {
                        "det": "semantic",
                        "pos": "pre",
                        "seq": [
                          {
                            "v": "ŋeš",
                            "id": "P273712.17.1.0"
                          }
                        ]
                      },
                      {
                        "v": "al",
                        "id": "P273712.17.1.1"
                      }
                    ],
                    "cf": "al",
                    "gw": "hoe",
                    "sense": "hoe, pickax",
                    "norm0": "al",
                    "pos": "N",
                    "epos": "N",
                    "base": "{ŋeš}al",
                    "morph": "~"
                  }
                },
                {
                  "node": "l",
                  "frag": "zu₂",
                  "id": "P273712.l1ac4a",
                  "ref": "P273712.17.2",
                  "inst": "zu[tooth]",
                  "sig": "@dcclt%sux:zu₂=zu[tooth//tooth]N'N$zu/zu₂#~",
                  "f": {
                    "lang": "sux",
                    "form": "zu₂",
                    "delim": " ",
                    "gdl": [
                      {
                        "v": "zu₂",
                        "id": "P273712.17.2.0"
                      }
                    ],
                    "cf": "zu",
                    "gw": "tooth",
                    "sense": "tooth",
                    "norm0": "zu",
                    "pos": "N",
                    "epos": "N",
                    "base": "zu₂",
                    "morph": "~"
                  }
                },
                {
                  "node": "l",
                  "frag": "eš₅",
                  "id": "P273712.l1ac4b",
                  "ref": "P273712.17.3",
                  "inst": "eš[three]",
                  "sig": "@dcclt%sux:eš₅=eš[three//three]NU'NU$eš/eš₅#~",
                  "f": {
                    "lang": "sux",
                    "form": "eš₅",
                    "gdl": [
                      {
                        "v": "eš₅",
                        "id": "P273712.17.3.0"
                      }
                    ],
                    "cf": "eš",
                    "gw": "three",
                    "sense": "three",
                    "norm0": "eš",
                    "pos": "NU",
                    "epos": "NU",
                    "base": "eš₅",
                    "morph": "~"
                  }
                },
                {
                  "node": "d",
                  "type": "line-start",
                  "ref": "P273712.18",
                  "n": "8",
                  "label": "r i 8"
                },
                {
                  "node": "l",
                  "frag": "{ŋeš}al",
                  "id": "P273712.l1ac4c",
                  "ref": "P273712.18.1",
                  "inst": "al[hoe]",
                  "sig": "@dcclt%sux:{ŋeš}al=al[hoe//hoe, pickax]N'N$al/{ŋeš}al#~",
                  "f": {
                    "lang": "sux",
                    "form": "{ŋeš}al",
                    "delim": " ",
                    "gdl": [
                      {
                        "det": "semantic",
                        "pos": "pre",
                        "seq": [
                          {
                            "v": "ŋeš",
                            "id": "P273712.18.1.0"
                          }
                        ]
                      },
                      {
                        "v": "al",
                        "id": "P273712.18.1.1"
                      }
                    ],
                    "cf": "al",
                    "gw": "hoe",
                    "sense": "hoe, pickax",
                    "norm0": "al",
                    "pos": "N",
                    "epos": "N",
                    "base": "{ŋeš}al",
                    "morph": "~"
                  }
                },
                {
                  "node": "l",
                  "frag": "zu₂",
                  "id": "P273712.l1ac4d",
                  "ref": "P273712.18.2",
                  "inst": "zu[tooth]",
                  "sig": "@dcclt%sux:zu₂=zu[tooth//tooth]N'N$zu/zu₂#~",
                  "f": {
                    "lang": "sux",
                    "form": "zu₂",
                    "delim": " ",
                    "gdl": [
                      {
                        "v": "zu₂",
                        "id": "P273712.18.2.0"
                      }
                    ],
                    "cf": "zu",
                    "gw": "tooth",
                    "sense": "tooth",
                    "norm0": "zu",
                    "pos": "N",
                    "epos": "N",
                    "base": "zu₂",
                    "morph": "~"
                  }
                },
                {
                  "node": "l",
                  "frag": "limmu₅",
                  "id": "P273712.l1ac4e",
                  "ref": "P273712.18.3",
                  "inst": "limmu[four]",
                  "sig": "@dcclt%sux:limmu₅=limmu[four//four]NU'NU$limmu/limmu₅#~",
                  "f": {
                    "lang": "sux",
                    "form": "limmu₅",
                    "gdl": [
                      {
                        "v": "limmu₅",
                        "id": "P273712.18.3.0"
                      }
                    ],
                    "cf": "limmu",
                    "gw": "four",
                    "sense": "four",
                    "norm0": "limmu",
                    "pos": "NU",
                    "epos": "NU",
                    "base": "limmu₅",
                    "morph": "~"
                  }
                },
                {
                  "node": "d",
                  "type": "line-start",
                  "ref": "P273712.19",
                  "n": "9",
                  "label": "r i 9"
                },
                {
                  "node": "l",
                  "frag": "{ŋeš}al",
                  "id": "P273712.l1ac4f",
                  "ref": "P273712.19.1",
                  "inst": "al[hoe]",
                  "sig": "@dcclt%sux:{ŋeš}al=al[hoe//hoe, pickax]N'N$al/{ŋeš}al#~",
                  "f": {
                    "lang": "sux",
                    "form": "{ŋeš}al",
                    "delim": " ",
                    "gdl": [
                      {
                        "det": "semantic",
                        "pos": "pre",
                        "seq": [
                          {
                            "v": "ŋeš",
                            "id": "P273712.19.1.0"
                          }
                        ]
                      },
                      {
                        "v": "al",
                        "id": "P273712.19.1.1",
                        "gdl_remarked": "1"
                      }
                    ],
                    "cf": "al",
                    "gw": "hoe",
                    "sense": "hoe, pickax",
                    "norm0": "al",
                    "pos": "N",
                    "epos": "N",
                    "base": "{ŋeš}al",
                    "morph": "~"
                  }
                },
                {
                  "node": "l",
                  "frag": "gaz",
                  "id": "P273712.l1ac50",
                  "ref": "P273712.19.2",
                  "inst": "gaz[kill]",
                  "sig": "@dcclt%sux:gaz=gaz[kill//kill]V/t'V/t$gaz/gaz#~",
                  "f": {
                    "lang": "sux",
                    "form": "gaz",
                    "gdl": [
                      {
                        "v": "gaz",
                        "id": "P273712.19.2.0"
                      }
                    ],
                    "cf": "gaz",
                    "gw": "kill",
                    "sense": "kill",
                    "norm0": "gaz",
                    "pos": "V/t",
                    "epos": "V/t",
                    "base": "gaz",
                    "morph": "~"
                  }
                },
                {
                  "node": "d",
                  "type": "nonw",
                  "ref": ""
                },
                {
                  "node": "d",
                  "type": "line-start",
                  "ref": "P273712.20",
                  "n": "10",
                  "label": "r i 10"
                },
                {
                  "node": "l",
                  "frag": "{ŋeš}u₃-šub(DUR₂)",
                  "id": "P273712.l1ac51",
                  "ref": "P273712.20.1",
                  "inst": "ušub[brick-mold]",
                  "sig": "@dcclt%sux:{ŋeš}u₃-šub=ušub[brick-mold//brick-mold]N'N$ušub/{ŋeš}u₃-šub#~",
                  "f": {
                    "lang": "sux",
                    "form": "{ŋeš}u₃-šub",
                    "gdl": [
                      {
                        "det": "semantic",
                        "pos": "pre",
                        "seq": [
                          {
                            "v": "ŋeš",
                            "id": "P273712.20.1.0"
                          }
                        ]
                      },
                      {
                        "v": "u₃",
                        "id": "P273712.20.1.1",
                        "delim": "-"
                      },
                      {
                        "gg": "correction",
                        "gdl_type": "correction",
                        "group": [
                          {
                            "v": "šub",
                            "id": "P273712.20.1.2",
                            "gdl_remarked": "1"
                          },
                          {
                            "s": "DUR₂"
                          }
                        ]
                      }
                    ],
                    "cf": "ušub",
                    "gw": "brick-mold",
                    "sense": "brick-mold",
                    "norm0": "ušub",
                    "pos": "N",
                    "epos": "N",
                    "base": "{ŋeš}u₃-šub",
                    "morph": "~"
                  }
                },
                {
                  "node": "d",
                  "type": "line-start",
                  "ref": "P273712.21",
                  "n": "11",
                  "label": "r i 11"
                },
                {
                  "node": "l",
                  "frag": "{ŋeš}u₃-šub(DUR₂)",
                  "id": "P273712.l1ac52",
                  "ref": "P273712.21.1",
                  "inst": "ušub[brick-mold]",
                  "sig": "@dcclt%sux:{ŋeš}u₃-šub=ušub[brick-mold//brick-mold]N'N$ušub/{ŋeš}u₃-šub#~",
                  "f": {
                    "lang": "sux",
                    "form": "{ŋeš}u₃-šub",
                    "delim": " ",
                    "gdl": [
                      {
                        "det": "semantic",
                        "pos": "pre",
                        "seq": [
                          {
                            "v": "ŋeš",
                            "id": "P273712.21.1.0"
                          }
                        ]
                      },
                      {
                        "v": "u₃",
                        "id": "P273712.21.1.1",
                        "delim": "-"
                      },
                      {
                        "gg": "correction",
                        "gdl_type": "correction",
                        "group": [
                          {
                            "v": "šub",
                            "id": "P273712.21.1.2",
                            "gdl_remarked": "1"
                          },
                          {
                            "s": "DUR₂"
                          }
                        ]
                      }
                    ],
                    "cf": "ušub",
                    "gw": "brick-mold",
                    "sense": "brick-mold",
                    "norm0": "ušub",
                    "pos": "N",
                    "epos": "N",
                    "base": "{ŋeš}u₃-šub",
                    "morph": "~"
                  }
                },
                {
                  "node": "l",
                  "frag": "ab-ba",
                  "id": "P273712.l1ac53",
                  "ref": "P273712.21.2",
                  "inst": "ab[window]",
                  "sig": "@dcclt%sux:ab-ba=ab[window//window, window opening]N'N$ab,bi.ak/ab#~,bi.ak",
                  "f": {
                    "lang": "sux",
                    "form": "ab-ba",
                    "gdl": [
                      {
                        "v": "ab",
                        "id": "P273712.21.2.0",
                        "gdl_remarked": "1",
                        "delim": "-"
                      },
                      {
                        "v": "ba",
                        "id": "P273712.21.2.1"
                      }
                    ],
                    "cf": "ab",
                    "gw": "window",
                    "sense": "window, window opening",
                    "norm0": "ab,bi.ak",
                    "pos": "N",
                    "epos": "N",
                    "base": "ab",
                    "morph": "~,bi.ak"
                  }
                },
                {
                  "node": "d",
                  "type": "line-start",
                  "ref": "P273712.22",
                  "n": "12",
                  "label": "r i 12"
                },
                {
                  "node": "l",
                  "frag": "{ŋeš}u₃-šub(DUR₂)",
                  "id": "P273712.l1ac54",
                  "ref": "P273712.22.1",
                  "inst": "ušub[brick-mold]",
                  "sig": "@dcclt%sux:{ŋeš}u₃-šub=ušub[brick-mold//brick-mold]N'N$ušub/{ŋeš}u₃-šub#~",
                  "f": {
                    "lang": "sux",
                    "form": "{ŋeš}u₃-šub",
                    "delim": " ",
                    "gdl": [
                      {
                        "det": "semantic",
                        "pos": "pre",
                        "seq": [
                          {
                            "v": "ŋeš",
                            "id": "P273712.22.1.0"
                          }
                        ]
                      },
                      {
                        "v": "u₃",
                        "id": "P273712.22.1.1",
                        "delim": "-"
                      },
                      {
                        "gg": "correction",
                        "gdl_type": "correction",
                        "group": [
                          {
                            "v": "šub",
                            "id": "P273712.22.1.2",
                            "gdl_remarked": "1"
                          },
                          {
                            "s": "DUR₂"
                          }
                        ]
                      }
                    ],
                    "cf": "ušub",
                    "gw": "brick-mold",
                    "sense": "brick-mold",
                    "norm0": "ušub",
                    "pos": "N",
                    "epos": "N",
                    "base": "{ŋeš}u₃-šub",
                    "morph": "~"
                  }
                },
                {
                  "node": "l",
                  "frag": "šeg₁₂",
                  "id": "P273712.l1ac55",
                  "ref": "P273712.22.2",
                  "inst": "šeg[brick]",
                  "sig": "@dcclt%sux:šeg₁₂=šeg[brick//brick]N'N$šeg/šeg₁₂#~",
                  "f": {
                    "lang": "sux",
                    "form": "šeg₁₂",
                    "gdl": [
                      {
                        "v": "šeg₁₂",
                        "id": "P273712.22.2.0"
                      }
                    ],
                    "cf": "šeg",
                    "gw": "brick",
                    "sense": "brick",
                    "norm0": "šeg",
                    "pos": "N",
                    "epos": "N",
                    "base": "šeg₁₂",
                    "morph": "~"
                  }
                },
                {
                  "node": "d",
                  "type": "line-start",
                  "ref": "P273712.23",
                  "n": "13",
                  "label": "r i 13"
                },
                {
                  "node": "l",
                  "frag": "{ŋeš}u₃-šub(DUR₂)",
                  "id": "P273712.l1ac56",
                  "ref": "P273712.23.1",
                  "inst": "ušub[brick-mold]",
                  "sig": "@dcclt%sux:{ŋeš}u₃-šub=ušub[brick-mold//brick-mold]N'N$ušub/{ŋeš}u₃-šub#~",
                  "f": {
                    "lang": "sux",
                    "form": "{ŋeš}u₃-šub",
                    "delim": " ",
                    "gdl": [
                      {
                        "det": "semantic",
                        "pos": "pre",
                        "seq": [
                          {
                            "v": "ŋeš",
                            "id": "P273712.23.1.0"
                          }
                        ]
                      },
                      {
                        "v": "u₃",
                        "id": "P273712.23.1.1",
                        "delim": "-"
                      },
                      {
                        "gg": "correction",
                        "gdl_type": "correction",
                        "group": [
                          {
                            "v": "šub",
                            "id": "P273712.23.1.2",
                            "gdl_remarked": "1"
                          },
                          {
                            "s": "DUR₂"
                          }
                        ]
                      }
                    ],
                    "cf": "ušub",
                    "gw": "brick-mold",
                    "sense": "brick-mold",
                    "norm0": "ušub",
                    "pos": "N",
                    "epos": "N",
                    "base": "{ŋeš}u₃-šub",
                    "morph": "~"
                  }
                },
                {
                  "node": "c",
                  "type": "phrase",
                  "tag": "phr",
                  "id": "P273712.U4",
                  "ref": "P273712.ls00000",
                  "cdl": [
                    {
                      "node": "l",
                      "frag": "šeg₁₂",
                      "id": "P273712.l1ac57",
                      "ref": "P273712.23.2",
                      "inst": "šeg[brick]",
                      "sig": "@dcclt%sux:šeg₁₂=šeg[brick//brick]N'N$šeg/šeg₁₂#~",
                      "f": {
                        "lang": "sux",
                        "form": "šeg₁₂",
                        "delim": " ",
                        "gdl": [
                          {
                            "v": "šeg₁₂",
                            "id": "P273712.23.2.0"
                          }
                        ],
                        "cf": "šeg",
                        "gw": "brick",
                        "sense": "brick",
                        "norm0": "šeg",
                        "pos": "N",
                        "epos": "N",
                        "base": "šeg₁₂",
                        "morph": "~"
                      }
                    },
                    {
                      "node": "l",
                      "frag": "[al-ur₅-ra]",
                      "id": "P273712.l1ac58",
                      "ref": "P273712.23.3",
                      "inst": "alura[baked]",
                      "sig": "@dcclt%sux:al-ur₅-ra=alura[baked//baked (of bricks)]AJ'AJ$alura/al-ur₅-ra#~",
                      "f": {
                        "lang": "sux",
                        "form": "al-ur₅-ra",
                        "gdl": [
                          {
                            "v": "al",
                            "id": "P273712.23.3.0",
                            "breakStart": "1",
                            "o": "[",
                            "break": "missing",
                            "delim": "-"
                          },
                          {
                            "v": "ur₅",
                            "id": "P273712.23.3.1",
                            "break": "missing",
                            "delim": "-"
                          },
                          {
                            "v": "ra",
                            "id": "P273712.23.3.2",
                            "break": "missing",
                            "o": "]",
                            "breakEnd": "P273712.23.3.0"
                          }
                        ],
                        "cf": "alura",
                        "gw": "baked",
                        "sense": "baked (of bricks)",
                        "norm0": "alura",
                        "pos": "AJ",
                        "epos": "AJ",
                        "base": "al-ur₅-ra",
                        "morph": "~"
                      }
                    }
                  ]
                }
              ]
            }
          ]
        }
      ]
    },
    {
      "linkbase": [
        {
          "type": "linkset",
          "xlink_title": "šeg alura[brick//a fired brick]N'N",
          "id": "P273712.ls00000",
          "xlink_type": "extended",
          "xlink_role": "psu",
          "sig": "{šeg₁₂ al-ur₅-ra = šeg[brick]N alura[baked]AJ += šeg alura[brick//a fired brick]N'N}::@dcclt%sux:šeg₁₂=šeg[brick//brick, mudbrick]N'N$šeg/šeg₁₂#~++@dcclt%sux:al-ur₅-ra=alura[baked//baked (of bricks)]AJ'AJ$alura/al-ur₅-ra#~",
          "links": [
            {
              "type": "link",
              "xlink_title": "šeg",
              "xlink_type": "locator",
              "xlink_href": "#P273712.l1ac57",
              "xlink_role": "elt"
            },
            {
              "type": "link",
              "xlink_title": "alura",
              "xlink_type": "locator",
              "xlink_href": "#P273712.l1ac58",
              "xlink_role": "elt"
            }
          ]
        }
      ]
    }
  ]
}
