{
  "type": "cdl",
  "project": "dcclt",
  "source": "http://oracc.org/dcclt",
  "license": "This data is released under the CC0 license",
  "license-url": "https://creativecommons.org/publicdomain/zero/1.0/",
  "more-info": "http://oracc.org/doc/opendata/",
  "UTC-timestamp": "2017-06-21T22:10:53",
  "textid": "P332840",
  "cdl": [
    {
      "node": "c",
      "type": "text",
      "id": "P332840.U0",
      "cdl": [
        {
          "node": "d",
          "subtype": "tablet",
          "type": "tablet",
          "ref": "P332840.x84.1",
          "label": "x84"
        },
        {
          "node": "d",
          "type": "surface",
          "ref": ""
        },
        {
          "node": "d",
          "subtype": "column 1",
          "type": "column",
          "ref": "P332840.i.2",
          "n": "1",
          "label": "i"
        },
        {
          "node": "c",
          "type": "discourse",
          "subtype": "body",
          "id": "P332840.U1",
          "cdl": [
            {
              "node": "c",
              "type": "sentence",
              "id": "P332840.U2",
              "label": "i 1' - ii 3'",
              "cdl": [
                {
                  "node": "d",
                  "type": "line-start",
                  "ref": "P332840.3",
                  "n": "1'",
                  "label": "i 1'"
                },
                {
                  "node": "l",
                  "frag": "[...]-HA@g-am₃",
                  "id": "P332840.l0715b",
                  "ref": "P332840.3.1",
                  "inst": "%sux:x-HA@g-am₃=",
                  "f": {
                    "lang": "sux",
                    "form": "x-HA@g-am₃",
                    "gdl": [
                      {
                        "x": "ellipsis",
                        "id": "P332840.3.1.0",
                        "breakStart": "1",
                        "break": "missing",
                        "o": "]",
                        "breakEnd": "P332840.3.1.0",
                        "delim": "-"
                      },
                      {
                        "form": "HA@g",
                        "id": "P332840.3.1.1",
                        "delim": "-",
                        "mods": [
                          {
                            "b": "HA"
                          },
                          {
                            "m": "g"
                          }
                        ]
                      },
                      {
                        "v": "am₃",
                        "id": "P332840.3.1.2"
                      }
                    ]
                  }
                },
                {
                  "node": "d",
                  "type": "line-start",
                  "ref": "P332840.4",
                  "n": "2'",
                  "label": "i 2'"
                },
                {
                  "node": "l",
                  "frag": "⸢uruda⸣",
                  "id": "P332840.l0715c",
                  "ref": "P332840.4.1",
                  "inst": "%sux:uruda=",
                  "f": {
                    "lang": "sux",
                    "form": "uruda",
                    "delim": " ",
                    "gdl": [
                      {
                        "v": "uruda",
                        "id": "P332840.4.1.0",
                        "break": "damaged",
                        "queried": "1",
                        "ho": "1",
                        "hc": "1"
                      }
                    ]
                  }
                },
                {
                  "node": "l",
                  "frag": "|ŠE.SUHUR|",
                  "id": "P332840.l0715d",
                  "ref": "P332840.4.2",
                  "inst": "%sux:|ŠE.SUHUR|=",
                  "f": {
                    "lang": "sux",
                    "form": "|ŠE.SUHUR|",
                    "gdl": [
                      {
                        "c": "|ŠE.SUHUR|",
                        "id": "P332840.4.2.0",
                        "seq": [
                          {
                            "s": "ŠE"
                          },
                          {
                            "o": "beside"
                          },
                          {
                            "s": "SUHUR"
                          }
                        ]
                      }
                    ]
                  }
                },
                {
                  "node": "d",
                  "type": "line-start",
                  "ref": "P332840.5",
                  "n": "3'",
                  "label": "i 3'"
                },
                {
                  "node": "l",
                  "frag": "[...]",
                  "id": "P332840.l0715e",
                  "ref": "P332840.5.1",
                  "inst": "%sux:x=",
                  "f": {
                    "lang": "sux",
                    "form": "x",
                    "delim": " ",
                    "gdl": [
                      {
                        "x": "ellipsis",
                        "id": "P332840.5.1.0",
                        "breakStart": "1",
                        "break": "missing",
                        "o": "]",
                        "breakEnd": "P332840.5.1.0"
                      }
                    ]
                  }
                },
                {
                  "node": "l",
                  "frag": "|ŠE.SUHUR|am₃",
                  "id": "P332840.l0715f",
                  "ref": "P332840.5.2",
                  "inst": "%sux:|ŠE.SUHUR|-am₃=",
                  "f": {
                    "lang": "sux",
                    "form": "|ŠE.SUHUR|-am₃",
                    "gdl": [
                      {
                        "c": "|ŠE.SUHUR|",
                        "id": "P332840.5.2.0",
                        "delim": "-",
                        "seq": [
                          {
                            "s": "ŠE"
                          },
                          {
                            "o": "beside"
                          },
                          {
                            "s": "SUHUR"
                          }
                        ]
                      },
                      {
                        "v": "am₃",
                        "id": "P332840.5.2.1"
                      }
                    ]
                  }
                },
                {
                  "node": "d",
                  "subtype": "column 2",
                  "type": "column",
                  "ref": "P332840.ii.6",
                  "n": "2",
                  "label": "ii"
                },
                {
                  "node": "d",
                  "type": "line-start",
                  "ref": "P332840.7",
                  "n": "1'",
                  "label": "ii 1'"
                },
                {
                  "node": "l",
                  "frag": "uruda",
                  "id": "P332840.l07160",
                  "ref": "P332840.7.1",
                  "inst": "%sux:uruda=",
                  "f": {
                    "lang": "sux",
                    "form": "uruda",
                    "delim": " ",
                    "gdl": [
                      {
                        "v": "uruda",
                        "id": "P332840.7.1.0"
                      }
                    ]
                  }
                },
                {
                  "node": "l",
                  "frag": "[...]",
                  "id": "P332840.l07161",
                  "ref": "P332840.7.2",
                  "inst": "%sux:x=",
                  "f": {
                    "lang": "sux",
                    "form": "x",
                    "gdl": [
                      {
                        "x": "ellipsis",
                        "id": "P332840.7.2.0",
                        "breakStart": "1",
                        "break": "missing",
                        "o": "]",
                        "breakEnd": "P332840.7.2.0"
                      }
                    ]
                  }
                },
                {
                  "node": "d",
                  "type": "line-start",
                  "ref": "P332840.8",
                  "n": "2'",
                  "label": "ii 2'"
                },
                {
                  "node": "l",
                  "frag": "uruda",
                  "id": "P332840.l07162",
                  "ref": "P332840.8.1",
                  "inst": "%sux:uruda=",
                  "f": {
                    "lang": "sux",
                    "form": "uruda",
                    "delim": " ",
                    "gdl": [
                      {
                        "v": "uruda",
                        "id": "P332840.8.1.0"
                      }
                    ]
                  }
                },
                {
                  "node": "l",
                  "frag": "⸢ŋir₂⸣",
                  "id": "P332840.l07163",
                  "ref": "P332840.8.2",
                  "inst": "%sux:ŋir₂=",
                  "f": {
                    "lang": "sux",
                    "form": "ŋir₂",
                    "delim": " ",
                    "gdl": [
                      {
                        "v": "ŋir₂",
                        "id": "P332840.8.2.0",
                        "break": "damaged",
                        "ho": "1",
                        "hc": "1"
                      }
                    ]
                  }
                },
                {
                  "node": "l",
                  "frag": "[...]",
                  "id": "P332840.l07164",
                  "ref": "P332840.8.3",
                  "inst": "%sux:x=",
                  "f": {
                    "lang": "sux",
                    "form": "x",
                    "gdl": [
                      {
                        "x": "ellipsis",
                        "id": "P332840.8.3.0",
                        "breakStart": "1",
                        "break": "missing",
                        "o": "]",
                        "breakEnd": "P332840.8.3.0"
                      }
                    ]
                  }
                },
                {
                  "node": "d",
                  "type": "line-start",
                  "ref": "P332840.9",
                  "n": "3'",
                  "label": "ii 3'"
                },
                {
                  "node": "l",
                  "frag": "uruda",
                  "id": "P332840.l07165",
                  "ref": "P332840.9.1",
                  "inst": "%sux:uruda=",
                  "f": {
                    "lang": "sux",
                    "form": "uruda",
                    "delim": " ",
                    "gdl": [
                      {
                        "v": "uruda",
                        "id": "P332840.9.1.0"
                      }
                    ]
                  }
                },
                {
                  "node": "l",
                  "frag": "⸢ŋir₂⸣",
                  "id": "P332840.l07166",
                  "ref": "P332840.9.2",
                  "inst": "%sux:ŋir₂=",
                  "f": {
                    "lang": "sux",
                    "form": "ŋir₂",
                    "delim": " ",
                    "gdl": [
                      {
                        "v": "ŋir₂",
                        "id": "P332840.9.2.0",
                        "break": "damaged",
                        "ho": "1",
                        "hc": "1"
                      }
                    ]
                  }
                },
                {
                  "node": "l",
                  "frag": "[...]",
                  "id": "P332840.l07167",
                  "ref": "P332840.9.3",
                  "inst": "%sux:x=",
                  "f": {
                    "lang": "sux",
                    "form": "x",
                    "gdl": [
                      {
                        "x": "ellipsis",
                        "id": "P332840.9.3.0",
                        "breakStart": "1",
                        "break": "missing",
                        "o": "]",
                        "breakEnd": "P332840.9.3.0"
                      }
                    ]
                  }
                }
              ]
            }
          ]
        }
      ]
    }
  ]
}
