{
  "type": "cdl",
  "project": "dcclt",
  "source": "http://oracc.org/dcclt",
  "license": "This data is released under the CC0 license",
  "license-url": "https://creativecommons.org/publicdomain/zero/1.0/",
  "more-info": "http://oracc.org/doc/opendata/",
  "UTC-timestamp": "2017-06-21T22:11:12",
  "textid": "P333150",
  "cdl": [
    {
      "node": "c",
      "type": "text",
      "id": "P333150.U0",
      "cdl": [
        {
          "node": "d",
          "type": "object",
          "ref": ""
        },
        {
          "node": "d",
          "type": "surface",
          "ref": ""
        },
        {
          "node": "d",
          "subtype": "column 1",
          "type": "column",
          "ref": "P333150.i.1",
          "n": "1",
          "label": "i"
        },
        {
          "node": "d",
          "type": "nonx",
          "ref": "P333150.2",
          "strict": "0",
          "extent": "135",
          "state": "missing"
        },
        {
          "node": "c",
          "type": "discourse",
          "subtype": "body",
          "id": "P333150.U1",
          "cdl": [
            {
              "node": "c",
              "type": "sentence",
              "id": "P333150.U2",
              "label": "i 3' - iii 5",
              "cdl": [
                {
                  "node": "d",
                  "type": "line-start",
                  "ref": "P333150.3",
                  "n": "3'",
                  "label": "i 3'"
                },
                {
                  "node": "d",
                  "type": "cell-start"
                },
                {
                  "node": "d",
                  "type": "field-start",
                  "subtype": "sv"
                },
                {
                  "node": "l",
                  "frag": "⸢du₃⸣",
                  "id": "P333150.l0e756",
                  "ref": "P333150.3.1",
                  "inst": "%sux:du₃=",
                  "f": {
                    "lang": "sux",
                    "form": "du₃",
                    "gdl": [
                      {
                        "v": "du₃",
                        "id": "P333150.3.1.0",
                        "break": "damaged",
                        "ho": "1",
                        "hc": "1"
                      }
                    ]
                  }
                },
                {
                  "node": "d",
                  "type": "field-end",
                  "subtype": "sv"
                },
                {
                  "node": "d",
                  "type": "cell-end"
                },
                {
                  "node": "d",
                  "type": "cell-start"
                },
                {
                  "node": "d",
                  "type": "field-start",
                  "subtype": "pr"
                },
                {
                  "node": "l",
                  "frag": "du-u₂",
                  "id": "P333150.l0e757",
                  "ref": "P333150.3.2",
                  "inst": "%sux:du-u₂=",
                  "f": {
                    "lang": "sux",
                    "form": "du-u₂",
                    "gdl": [
                      {
                        "v": "du",
                        "id": "P333150.3.2.0",
                        "delim": "-"
                      },
                      {
                        "v": "u₂",
                        "id": "P333150.3.2.1"
                      }
                    ]
                  }
                },
                {
                  "node": "d",
                  "type": "field-end",
                  "subtype": "pr"
                },
                {
                  "node": "d",
                  "type": "cell-end"
                },
                {
                  "node": "d",
                  "type": "cell-start"
                },
                {
                  "node": "d",
                  "type": "field-start",
                  "subtype": "sg"
                },
                {
                  "node": "l",
                  "frag": "⸢KAK⸣",
                  "id": "P333150.l0e758",
                  "ref": "P333150.3.3",
                  "inst": "%sux:KAK=",
                  "f": {
                    "lang": "sux",
                    "form": "KAK",
                    "gdl": [
                      {
                        "s": "KAK",
                        "id": "P333150.3.3.0",
                        "break": "damaged",
                        "ho": "1",
                        "hc": "1"
                      }
                    ]
                  }
                },
                {
                  "node": "d",
                  "type": "field-end",
                  "subtype": "sg"
                },
                {
                  "node": "d",
                  "type": "cell-end"
                },
                {
                  "node": "d",
                  "type": "cell-start"
                },
                {
                  "node": "d",
                  "type": "field-start",
                  "subtype": "eq"
                },
                {
                  "node": "l",
                  "frag": "[...]",
                  "id": "P333150.l0e759",
                  "ref": "P333150.3.4",
                  "inst": "%akk-x-oldbab:x=",
                  "f": {
                    "lang": "akk-x-oldbab",
                    "form": "x",
                    "gdl": [
                      {
                        "x": "ellipsis",
                        "id": "P333150.3.4.0",
                        "breakStart": "1",
                        "break": "missing",
                        "o": "]",
                        "breakEnd": "P333150.3.4.0"
                      }
                    ]
                  }
                },
                {
                  "node": "d",
                  "type": "field-end",
                  "subtype": "eq"
                },
                {
                  "node": "d",
                  "type": "cell-end"
                },
                {
                  "node": "d",
                  "type": "nonx",
                  "ref": "P333150.4",
                  "strict": "0",
                  "extent": "9",
                  "state": "missing"
                },
                {
                  "node": "d",
                  "subtype": "column 2",
                  "type": "column",
                  "ref": "P333150.ii.5",
                  "n": "2",
                  "label": "ii"
                },
                {
                  "node": "d",
                  "type": "line-start",
                  "ref": "P333150.6",
                  "n": "1",
                  "label": "ii 1"
                },
                {
                  "node": "d",
                  "type": "cell-start"
                },
                {
                  "node": "d",
                  "type": "field-start",
                  "subtype": "sv"
                },
                {
                  "node": "d",
                  "type": "field-end",
                  "subtype": "sv"
                },
                {
                  "node": "d",
                  "type": "cell-end"
                },
                {
                  "node": "d",
                  "type": "cell-start"
                },
                {
                  "node": "d",
                  "type": "field-start",
                  "subtype": "pr"
                },
                {
                  "node": "d",
                  "type": "field-end",
                  "subtype": "pr"
                },
                {
                  "node": "d",
                  "type": "cell-end"
                },
                {
                  "node": "d",
                  "type": "cell-start"
                },
                {
                  "node": "d",
                  "type": "field-start",
                  "subtype": "sg"
                },
                {
                  "node": "l",
                  "frag": "[NI]",
                  "id": "P333150.l0e75a",
                  "ref": "P333150.6.1",
                  "inst": "%sux:NI=",
                  "f": {
                    "lang": "sux",
                    "form": "NI",
                    "gdl": [
                      {
                        "s": "NI",
                        "id": "P333150.6.1.0",
                        "breakStart": "1",
                        "o": "]",
                        "break": "missing",
                        "breakEnd": "P333150.6.1.0"
                      }
                    ]
                  }
                },
                {
                  "node": "d",
                  "type": "field-end",
                  "subtype": "sg"
                },
                {
                  "node": "d",
                  "type": "cell-end"
                },
                {
                  "node": "d",
                  "type": "cell-start"
                },
                {
                  "node": "d",
                  "type": "field-start",
                  "subtype": "eq"
                },
                {
                  "node": "l",
                  "frag": "[...]",
                  "id": "P333150.l0e75b",
                  "ref": "P333150.6.2",
                  "inst": "%akk-x-oldbab:x=",
                  "f": {
                    "lang": "akk-x-oldbab",
                    "form": "x",
                    "gdl": [
                      {
                        "x": "ellipsis",
                        "id": "P333150.6.2.0",
                        "breakStart": "1",
                        "break": "missing",
                        "o": "]",
                        "breakEnd": "P333150.6.2.0"
                      }
                    ]
                  }
                },
                {
                  "node": "d",
                  "type": "field-end",
                  "subtype": "eq"
                },
                {
                  "node": "d",
                  "type": "cell-end"
                },
                {
                  "node": "d",
                  "type": "line-start",
                  "ref": "P333150.7",
                  "n": "2",
                  "label": "ii 2"
                },
                {
                  "node": "d",
                  "type": "cell-start"
                },
                {
                  "node": "d",
                  "type": "field-start",
                  "subtype": "sv"
                },
                {
                  "node": "d",
                  "type": "field-end",
                  "subtype": "sv"
                },
                {
                  "node": "d",
                  "type": "cell-end"
                },
                {
                  "node": "d",
                  "type": "cell-start"
                },
                {
                  "node": "d",
                  "type": "field-start",
                  "subtype": "pr"
                },
                {
                  "node": "d",
                  "type": "field-end",
                  "subtype": "pr"
                },
                {
                  "node": "d",
                  "type": "cell-end"
                },
                {
                  "node": "d",
                  "type": "cell-start"
                },
                {
                  "node": "d",
                  "type": "field-start",
                  "subtype": "sg"
                },
                {
                  "node": "d",
                  "type": "field-end",
                  "subtype": "sg"
                },
                {
                  "node": "d",
                  "type": "cell-end"
                },
                {
                  "node": "d",
                  "type": "cell-start"
                },
                {
                  "node": "d",
                  "type": "field-start",
                  "subtype": "eq"
                },
                {
                  "node": "l",
                  "frag": "⸢tu⸣-...",
                  "id": "P333150.l0e75c",
                  "ref": "P333150.7.1",
                  "inst": "%akk-x-oldbab:tu-x=",
                  "f": {
                    "lang": "akk-x-oldbab",
                    "form": "tu-x",
                    "gdl": [
                      {
                        "v": "tu",
                        "id": "P333150.7.1.0",
                        "break": "damaged",
                        "ho": "1",
                        "delim": "-",
                        "hc": "1"
                      },
                      {
                        "x": "ellipsis",
                        "id": "P333150.7.1.1"
                      }
                    ]
                  }
                },
                {
                  "node": "d",
                  "type": "field-end",
                  "subtype": "eq"
                },
                {
                  "node": "d",
                  "type": "cell-end"
                },
                {
                  "node": "d",
                  "type": "line-start",
                  "ref": "P333150.8",
                  "n": "3",
                  "label": "ii 3"
                },
                {
                  "node": "d",
                  "type": "cell-start"
                },
                {
                  "node": "d",
                  "type": "field-start",
                  "subtype": "sv"
                },
                {
                  "node": "l",
                  "frag": "zal",
                  "id": "P333150.l0e75d",
                  "ref": "P333150.8.1",
                  "inst": "X",
                  "f": {
                    "lang": "sux",
                    "form": "zal",
                    "gdl": [
                      {
                        "v": "zal",
                        "id": "P333150.8.1.0"
                      }
                    ],
                    "pos": "X"
                  }
                },
                {
                  "node": "d",
                  "type": "field-end",
                  "subtype": "sv"
                },
                {
                  "node": "d",
                  "type": "cell-end"
                },
                {
                  "node": "d",
                  "type": "cell-start"
                },
                {
                  "node": "d",
                  "type": "field-start",
                  "subtype": "pr"
                },
                {
                  "node": "l",
                  "frag": "za-al",
                  "id": "P333150.l0e75e",
                  "ref": "P333150.8.2",
                  "inst": "%sux:za-al=",
                  "f": {
                    "lang": "sux",
                    "form": "za-al",
                    "gdl": [
                      {
                        "v": "za",
                        "id": "P333150.8.2.0",
                        "delim": "-"
                      },
                      {
                        "v": "al",
                        "id": "P333150.8.2.1"
                      }
                    ]
                  }
                },
                {
                  "node": "d",
                  "type": "field-end",
                  "subtype": "pr"
                },
                {
                  "node": "d",
                  "type": "cell-end"
                },
                {
                  "node": "d",
                  "type": "cell-start"
                },
                {
                  "node": "d",
                  "type": "field-start",
                  "subtype": "sg"
                },
                {
                  "node": "l",
                  "frag": "NI",
                  "id": "P333150.l0e75f",
                  "ref": "P333150.8.3",
                  "inst": "%sux:NI=",
                  "f": {
                    "lang": "sux",
                    "form": "NI",
                    "gdl": [
                      {
                        "s": "NI",
                        "id": "P333150.8.3.0"
                      }
                    ]
                  }
                },
                {
                  "node": "d",
                  "type": "field-end",
                  "subtype": "sg"
                },
                {
                  "node": "d",
                  "type": "cell-end"
                },
                {
                  "node": "d",
                  "type": "cell-start"
                },
                {
                  "node": "d",
                  "type": "field-start",
                  "subtype": "eq"
                },
                {
                  "node": "l",
                  "frag": "na-ha-⸢ar⸣-[mu-ṭum]",
                  "id": "P333150.l0e760",
                  "ref": "P333150.8.4",
                  "inst": "%akk-x-oldbab:na-ha-ar-mu-ṭum=",
                  "f": {
                    "lang": "akk-x-oldbab",
                    "form": "na-ha-ar-mu-ṭum",
                    "gdl": [
                      {
                        "v": "na",
                        "id": "P333150.8.4.0",
                        "delim": "-"
                      },
                      {
                        "v": "ha",
                        "id": "P333150.8.4.1",
                        "delim": "-"
                      },
                      {
                        "v": "ar",
                        "id": "P333150.8.4.2",
                        "break": "damaged",
                        "ho": "1",
                        "delim": "-",
                        "hc": "1"
                      },
                      {
                        "v": "mu",
                        "id": "P333150.8.4.3",
                        "breakStart": "1",
                        "o": "[",
                        "break": "missing",
                        "delim": "-"
                      },
                      {
                        "v": "ṭum",
                        "id": "P333150.8.4.4",
                        "break": "missing",
                        "o": "]",
                        "breakEnd": "P333150.8.4.3"
                      }
                    ]
                  }
                },
                {
                  "node": "d",
                  "type": "field-end",
                  "subtype": "eq"
                },
                {
                  "node": "d",
                  "type": "cell-end"
                },
                {
                  "node": "d",
                  "type": "line-start",
                  "ref": "P333150.9",
                  "n": "4",
                  "label": "ii 4"
                },
                {
                  "node": "d",
                  "type": "cell-start"
                },
                {
                  "node": "d",
                  "type": "field-start",
                  "subtype": "sv"
                },
                {
                  "node": "l",
                  "frag": "zal",
                  "id": "P333150.l0e761",
                  "ref": "P333150.9.1",
                  "inst": "zal[pass]",
                  "sig": "@dcclt%sux:zal=zal[pass//pass]V/t'V/t$zal/zal#~",
                  "f": {
                    "lang": "sux",
                    "form": "zal",
                    "gdl": [
                      {
                        "v": "zal",
                        "id": "P333150.9.1.0"
                      }
                    ],
                    "cf": "zal",
                    "gw": "pass",
                    "sense": "pass",
                    "norm0": "zal",
                    "pos": "V/t",
                    "epos": "V/t",
                    "base": "zal",
                    "morph": "~"
                  }
                },
                {
                  "node": "d",
                  "type": "field-end",
                  "subtype": "sv"
                },
                {
                  "node": "d",
                  "type": "cell-end"
                },
                {
                  "node": "d",
                  "type": "cell-start"
                },
                {
                  "node": "d",
                  "type": "field-start",
                  "subtype": "pr"
                },
                {
                  "node": "d",
                  "type": "field-end",
                  "subtype": "pr"
                },
                {
                  "node": "d",
                  "type": "cell-end"
                },
                {
                  "node": "d",
                  "type": "cell-start"
                },
                {
                  "node": "d",
                  "type": "field-start",
                  "subtype": "sg"
                },
                {
                  "node": "d",
                  "type": "field-end",
                  "subtype": "sg"
                },
                {
                  "node": "d",
                  "type": "cell-end"
                },
                {
                  "node": "d",
                  "type": "cell-start"
                },
                {
                  "node": "d",
                  "type": "field-start",
                  "subtype": "eq"
                },
                {
                  "node": "l",
                  "frag": "šu-te-eb-ru-[u₂]",
                  "id": "P333150.l0e762",
                  "ref": "P333150.9.2",
                  "inst": "%akk-x-oldbab:šu-te-eb-ru-u₂=",
                  "f": {
                    "lang": "akk-x-oldbab",
                    "form": "šu-te-eb-ru-u₂",
                    "gdl": [
                      {
                        "v": "šu",
                        "id": "P333150.9.2.0",
                        "delim": "-"
                      },
                      {
                        "v": "te",
                        "id": "P333150.9.2.1",
                        "delim": "-"
                      },
                      {
                        "v": "eb",
                        "id": "P333150.9.2.2",
                        "delim": "-"
                      },
                      {
                        "v": "ru",
                        "id": "P333150.9.2.3",
                        "delim": "-"
                      },
                      {
                        "v": "u₂",
                        "id": "P333150.9.2.4",
                        "breakStart": "1",
                        "o": "]",
                        "break": "missing",
                        "breakEnd": "P333150.9.2.4"
                      }
                    ]
                  }
                },
                {
                  "node": "d",
                  "type": "field-end",
                  "subtype": "eq"
                },
                {
                  "node": "d",
                  "type": "cell-end"
                },
                {
                  "node": "d",
                  "type": "line-start",
                  "ref": "P333150.10",
                  "n": "5",
                  "label": "ii 5"
                },
                {
                  "node": "d",
                  "type": "cell-start"
                },
                {
                  "node": "d",
                  "type": "field-start",
                  "subtype": "sv"
                },
                {
                  "node": "l",
                  "frag": "<(ud)>",
                  "id": "P333150.l0e763",
                  "ref": "P333150.10.1",
                  "inst": "ud[day]",
                  "sig": "@dcclt%sux:ud=ud[sun//day]N'N$ud/ud#~",
                  "f": {
                    "lang": "sux",
                    "form": "ud",
                    "delim": " ",
                    "gdl": [
                      {
                        "v": "ud",
                        "id": "P333150.10.1.0",
                        "statusStart": "P333150.10.1.0",
                        "o": ")>"
                      }
                    ],
                    "cf": "ud",
                    "gw": "sun",
                    "sense": "day",
                    "norm0": "ud",
                    "pos": "N",
                    "epos": "N",
                    "base": "ud",
                    "morph": "~"
                  }
                },
                {
                  "node": "l",
                  "frag": "zal",
                  "id": "P333150.l0e764",
                  "ref": "P333150.10.2",
                  "inst": "zal[pass]",
                  "sig": "@dcclt%sux:zal=zal[pass//pass]V/t'V/t$zal/zal#~",
                  "f": {
                    "lang": "sux",
                    "form": "zal",
                    "gdl": [
                      {
                        "v": "zal",
                        "id": "P333150.10.2.0"
                      }
                    ],
                    "cf": "zal",
                    "gw": "pass",
                    "sense": "pass",
                    "norm0": "zal",
                    "pos": "V/t",
                    "epos": "V/t",
                    "base": "zal",
                    "morph": "~"
                  }
                },
                {
                  "node": "d",
                  "type": "field-end",
                  "subtype": "sv"
                },
                {
                  "node": "d",
                  "type": "cell-end"
                },
                {
                  "node": "d",
                  "type": "cell-start"
                },
                {
                  "node": "d",
                  "type": "field-start",
                  "subtype": "pr"
                },
                {
                  "node": "d",
                  "type": "field-end",
                  "subtype": "pr"
                },
                {
                  "node": "d",
                  "type": "cell-end"
                },
                {
                  "node": "d",
                  "type": "cell-start"
                },
                {
                  "node": "d",
                  "type": "field-start",
                  "subtype": "sg"
                },
                {
                  "node": "d",
                  "type": "field-end",
                  "subtype": "sg"
                },
                {
                  "node": "d",
                  "type": "cell-end"
                },
                {
                  "node": "d",
                  "type": "cell-start"
                },
                {
                  "node": "d",
                  "type": "field-start",
                  "subtype": "eq"
                },
                {
                  "node": "l",
                  "frag": "a-la-ak",
                  "id": "P333150.l0e765",
                  "ref": "P333150.10.3",
                  "inst": "%akk-x-oldbab:a-la-ak=",
                  "f": {
                    "lang": "akk-x-oldbab",
                    "form": "a-la-ak",
                    "delim": " ",
                    "gdl": [
                      {
                        "v": "a",
                        "id": "P333150.10.3.0",
                        "delim": "-"
                      },
                      {
                        "v": "la",
                        "id": "P333150.10.3.1",
                        "delim": "-"
                      },
                      {
                        "v": "ak",
                        "id": "P333150.10.3.2"
                      }
                    ]
                  }
                },
                {
                  "node": "l",
                  "frag": "u₄-mi",
                  "id": "P333150.l0e766",
                  "ref": "P333150.10.4",
                  "inst": "%akk-x-oldbab:u₄-mi=",
                  "f": {
                    "lang": "akk-x-oldbab",
                    "form": "u₄-mi",
                    "gdl": [
                      {
                        "v": "u₄",
                        "id": "P333150.10.4.0",
                        "delim": "-"
                      },
                      {
                        "v": "mi",
                        "id": "P333150.10.4.1"
                      }
                    ]
                  }
                },
                {
                  "node": "d",
                  "type": "field-end",
                  "subtype": "eq"
                },
                {
                  "node": "d",
                  "type": "cell-end"
                },
                {
                  "node": "d",
                  "type": "line-start",
                  "ref": "P333150.11",
                  "n": "6",
                  "label": "ii 6"
                },
                {
                  "node": "d",
                  "type": "cell-start"
                },
                {
                  "node": "d",
                  "type": "field-start",
                  "subtype": "sv"
                },
                {
                  "node": "l",
                  "frag": "zal",
                  "id": "P333150.l0e767",
                  "ref": "P333150.11.1",
                  "inst": "X",
                  "f": {
                    "lang": "sux",
                    "form": "zal",
                    "gdl": [
                      {
                        "v": "zal",
                        "id": "P333150.11.1.0"
                      }
                    ],
                    "pos": "X"
                  }
                },
                {
                  "node": "d",
                  "type": "field-end",
                  "subtype": "sv"
                },
                {
                  "node": "d",
                  "type": "cell-end"
                },
                {
                  "node": "d",
                  "type": "cell-start"
                },
                {
                  "node": "d",
                  "type": "field-start",
                  "subtype": "pr"
                },
                {
                  "node": "d",
                  "type": "field-end",
                  "subtype": "pr"
                },
                {
                  "node": "d",
                  "type": "cell-end"
                },
                {
                  "node": "d",
                  "type": "cell-start"
                },
                {
                  "node": "d",
                  "type": "field-start",
                  "subtype": "sg"
                },
                {
                  "node": "d",
                  "type": "field-end",
                  "subtype": "sg"
                },
                {
                  "node": "d",
                  "type": "cell-end"
                },
                {
                  "node": "d",
                  "type": "cell-start"
                },
                {
                  "node": "d",
                  "type": "field-start",
                  "subtype": "eq"
                },
                {
                  "node": "l",
                  "frag": "ma-ṭu₂-u₂",
                  "id": "P333150.l0e768",
                  "ref": "P333150.11.2",
                  "inst": "%akk-x-oldbab:ma-ṭu₂-u₂=",
                  "f": {
                    "lang": "akk-x-oldbab",
                    "form": "ma-ṭu₂-u₂",
                    "gdl": [
                      {
                        "v": "ma",
                        "id": "P333150.11.2.0",
                        "delim": "-"
                      },
                      {
                        "v": "ṭu₂",
                        "id": "P333150.11.2.1",
                        "delim": "-"
                      },
                      {
                        "v": "u₂",
                        "id": "P333150.11.2.2"
                      }
                    ]
                  }
                },
                {
                  "node": "d",
                  "type": "field-end",
                  "subtype": "eq"
                },
                {
                  "node": "d",
                  "type": "cell-end"
                },
                {
                  "node": "d",
                  "type": "line-start",
                  "ref": "P333150.12",
                  "n": "7",
                  "label": "ii 7"
                },
                {
                  "node": "d",
                  "type": "cell-start"
                },
                {
                  "node": "d",
                  "type": "field-start",
                  "subtype": "sv"
                },
                {
                  "node": "l",
                  "frag": "zal",
                  "id": "P333150.l0e769",
                  "ref": "P333150.12.1",
                  "inst": "X",
                  "f": {
                    "lang": "sux",
                    "form": "zal",
                    "gdl": [
                      {
                        "v": "zal",
                        "id": "P333150.12.1.0"
                      }
                    ],
                    "pos": "X"
                  }
                },
                {
                  "node": "d",
                  "type": "field-end",
                  "subtype": "sv"
                },
                {
                  "node": "d",
                  "type": "cell-end"
                },
                {
                  "node": "d",
                  "type": "cell-start"
                },
                {
                  "node": "d",
                  "type": "field-start",
                  "subtype": "pr"
                },
                {
                  "node": "d",
                  "type": "field-end",
                  "subtype": "pr"
                },
                {
                  "node": "d",
                  "type": "cell-end"
                },
                {
                  "node": "d",
                  "type": "cell-start"
                },
                {
                  "node": "d",
                  "type": "field-start",
                  "subtype": "sg"
                },
                {
                  "node": "d",
                  "type": "field-end",
                  "subtype": "sg"
                },
                {
                  "node": "d",
                  "type": "cell-end"
                },
                {
                  "node": "d",
                  "type": "cell-start"
                },
                {
                  "node": "d",
                  "type": "field-start",
                  "subtype": "eq"
                },
                {
                  "node": "l",
                  "frag": "ba-qa₂-nu",
                  "id": "P333150.l0e76a",
                  "ref": "P333150.12.2",
                  "inst": "%akk-x-oldbab:ba-qa₂-nu=",
                  "f": {
                    "lang": "akk-x-oldbab",
                    "form": "ba-qa₂-nu",
                    "gdl": [
                      {
                        "v": "ba",
                        "id": "P333150.12.2.0",
                        "delim": "-"
                      },
                      {
                        "v": "qa₂",
                        "id": "P333150.12.2.1",
                        "delim": "-"
                      },
                      {
                        "v": "nu",
                        "id": "P333150.12.2.2"
                      }
                    ]
                  }
                },
                {
                  "node": "d",
                  "type": "field-end",
                  "subtype": "eq"
                },
                {
                  "node": "d",
                  "type": "cell-end"
                },
                {
                  "node": "d",
                  "type": "line-start",
                  "ref": "P333150.13",
                  "n": "8",
                  "label": "ii 8"
                },
                {
                  "node": "d",
                  "type": "cell-start"
                },
                {
                  "node": "d",
                  "type": "field-start",
                  "subtype": "sv"
                },
                {
                  "node": "l",
                  "frag": "zal",
                  "id": "P333150.l0e76b",
                  "ref": "P333150.13.1",
                  "inst": "X",
                  "f": {
                    "lang": "sux",
                    "form": "zal",
                    "gdl": [
                      {
                        "v": "zal",
                        "id": "P333150.13.1.0"
                      }
                    ],
                    "pos": "X"
                  }
                },
                {
                  "node": "d",
                  "type": "field-end",
                  "subtype": "sv"
                },
                {
                  "node": "d",
                  "type": "cell-end"
                },
                {
                  "node": "d",
                  "type": "cell-start"
                },
                {
                  "node": "d",
                  "type": "field-start",
                  "subtype": "pr"
                },
                {
                  "node": "d",
                  "type": "field-end",
                  "subtype": "pr"
                },
                {
                  "node": "d",
                  "type": "cell-end"
                },
                {
                  "node": "d",
                  "type": "cell-start"
                },
                {
                  "node": "d",
                  "type": "field-start",
                  "subtype": "sg"
                },
                {
                  "node": "d",
                  "type": "field-end",
                  "subtype": "sg"
                },
                {
                  "node": "d",
                  "type": "cell-end"
                },
                {
                  "node": "d",
                  "type": "cell-start"
                },
                {
                  "node": "d",
                  "type": "field-start",
                  "subtype": "eq"
                },
                {
                  "node": "l",
                  "frag": "uh-hu-rum",
                  "id": "P333150.l0e76c",
                  "ref": "P333150.13.2",
                  "inst": "%akk-x-oldbab:uh-hu-rum=",
                  "f": {
                    "lang": "akk-x-oldbab",
                    "form": "uh-hu-rum",
                    "gdl": [
                      {
                        "v": "uh",
                        "id": "P333150.13.2.0",
                        "delim": "-"
                      },
                      {
                        "v": "hu",
                        "id": "P333150.13.2.1",
                        "delim": "-"
                      },
                      {
                        "v": "rum",
                        "id": "P333150.13.2.2"
                      }
                    ]
                  }
                },
                {
                  "node": "d",
                  "type": "field-end",
                  "subtype": "eq"
                },
                {
                  "node": "d",
                  "type": "cell-end"
                },
                {
                  "node": "d",
                  "type": "line-start",
                  "ref": "P333150.14",
                  "n": "9",
                  "label": "ii 9"
                },
                {
                  "node": "d",
                  "type": "cell-start"
                },
                {
                  "node": "d",
                  "type": "field-start",
                  "subtype": "sv"
                },
                {
                  "node": "l",
                  "frag": "zal",
                  "id": "P333150.l0e76d",
                  "ref": "P333150.14.1",
                  "inst": "X",
                  "f": {
                    "lang": "sux",
                    "form": "zal",
                    "gdl": [
                      {
                        "v": "zal",
                        "id": "P333150.14.1.0"
                      }
                    ],
                    "pos": "X"
                  }
                },
                {
                  "node": "d",
                  "type": "field-end",
                  "subtype": "sv"
                },
                {
                  "node": "d",
                  "type": "cell-end"
                },
                {
                  "node": "d",
                  "type": "cell-start"
                },
                {
                  "node": "d",
                  "type": "field-start",
                  "subtype": "pr"
                },
                {
                  "node": "d",
                  "type": "field-end",
                  "subtype": "pr"
                },
                {
                  "node": "d",
                  "type": "cell-end"
                },
                {
                  "node": "d",
                  "type": "cell-start"
                },
                {
                  "node": "d",
                  "type": "field-start",
                  "subtype": "sg"
                },
                {
                  "node": "d",
                  "type": "field-end",
                  "subtype": "sg"
                },
                {
                  "node": "d",
                  "type": "cell-end"
                },
                {
                  "node": "d",
                  "type": "cell-start"
                },
                {
                  "node": "d",
                  "type": "field-start",
                  "subtype": "eq"
                },
                {
                  "node": "l",
                  "frag": "ik-le-tum",
                  "id": "P333150.l0e76e",
                  "ref": "P333150.14.2",
                  "inst": "%akk-x-oldbab:ik-le-tum=",
                  "f": {
                    "lang": "akk-x-oldbab",
                    "form": "ik-le-tum",
                    "gdl": [
                      {
                        "v": "ik",
                        "id": "P333150.14.2.0",
                        "delim": "-"
                      },
                      {
                        "v": "le",
                        "id": "P333150.14.2.1",
                        "delim": "-"
                      },
                      {
                        "v": "tum",
                        "id": "P333150.14.2.2"
                      }
                    ]
                  }
                },
                {
                  "node": "d",
                  "type": "field-end",
                  "subtype": "eq"
                },
                {
                  "node": "d",
                  "type": "cell-end"
                },
                {
                  "node": "d",
                  "type": "line-start",
                  "ref": "P333150.15",
                  "n": "10",
                  "label": "ii 10"
                },
                {
                  "node": "d",
                  "type": "cell-start"
                },
                {
                  "node": "d",
                  "type": "field-start",
                  "subtype": "sv"
                },
                {
                  "node": "l",
                  "frag": "zal",
                  "id": "P333150.l0e76f",
                  "ref": "P333150.15.1",
                  "inst": "zal[shine]",
                  "sig": "@dcclt%sux:zal=zal[shine//shine]V/i'V/i$zal/zal#~",
                  "f": {
                    "lang": "sux",
                    "form": "zal",
                    "gdl": [
                      {
                        "v": "zal",
                        "id": "P333150.15.1.0"
                      }
                    ],
                    "cf": "zal",
                    "gw": "shine",
                    "sense": "shine",
                    "norm0": "zal",
                    "pos": "V/i",
                    "epos": "V/i",
                    "base": "zal",
                    "morph": "~"
                  }
                },
                {
                  "node": "d",
                  "type": "field-end",
                  "subtype": "sv"
                },
                {
                  "node": "d",
                  "type": "cell-end"
                },
                {
                  "node": "d",
                  "type": "cell-start"
                },
                {
                  "node": "d",
                  "type": "field-start",
                  "subtype": "pr"
                },
                {
                  "node": "d",
                  "type": "field-end",
                  "subtype": "pr"
                },
                {
                  "node": "d",
                  "type": "cell-end"
                },
                {
                  "node": "d",
                  "type": "cell-start"
                },
                {
                  "node": "d",
                  "type": "field-start",
                  "subtype": "sg"
                },
                {
                  "node": "d",
                  "type": "field-end",
                  "subtype": "sg"
                },
                {
                  "node": "d",
                  "type": "cell-end"
                },
                {
                  "node": "d",
                  "type": "cell-start"
                },
                {
                  "node": "d",
                  "type": "field-start",
                  "subtype": "eq"
                },
                {
                  "node": "l",
                  "frag": "na-ma-rum",
                  "id": "P333150.l0e770",
                  "ref": "P333150.15.2",
                  "inst": "%akk-x-oldbab:na-ma-rum=",
                  "f": {
                    "lang": "akk-x-oldbab",
                    "form": "na-ma-rum",
                    "gdl": [
                      {
                        "v": "na",
                        "id": "P333150.15.2.0",
                        "delim": "-"
                      },
                      {
                        "v": "ma",
                        "id": "P333150.15.2.1",
                        "delim": "-"
                      },
                      {
                        "v": "rum",
                        "id": "P333150.15.2.2"
                      }
                    ]
                  }
                },
                {
                  "node": "d",
                  "type": "field-end",
                  "subtype": "eq"
                },
                {
                  "node": "d",
                  "type": "cell-end"
                },
                {
                  "node": "d",
                  "type": "line-start",
                  "ref": "P333150.16",
                  "n": "11",
                  "label": "ii 11"
                },
                {
                  "node": "d",
                  "type": "cell-start"
                },
                {
                  "node": "d",
                  "type": "field-start",
                  "subtype": "sv"
                },
                {
                  "node": "l",
                  "frag": "zal",
                  "id": "P333150.l0e771",
                  "ref": "P333150.16.1",
                  "inst": "zal[pass]",
                  "sig": "@dcclt%sux:zal=zal[pass//pass]V/t'V/t$zal/zal#~",
                  "f": {
                    "lang": "sux",
                    "form": "zal",
                    "gdl": [
                      {
                        "v": "zal",
                        "id": "P333150.16.1.0"
                      }
                    ],
                    "cf": "zal",
                    "gw": "pass",
                    "sense": "pass",
                    "norm0": "zal",
                    "pos": "V/t",
                    "epos": "V/t",
                    "base": "zal",
                    "morph": "~"
                  }
                },
                {
                  "node": "d",
                  "type": "field-end",
                  "subtype": "sv"
                },
                {
                  "node": "d",
                  "type": "cell-end"
                },
                {
                  "node": "d",
                  "type": "cell-start"
                },
                {
                  "node": "d",
                  "type": "field-start",
                  "subtype": "pr"
                },
                {
                  "node": "d",
                  "type": "field-end",
                  "subtype": "pr"
                },
                {
                  "node": "d",
                  "type": "cell-end"
                },
                {
                  "node": "d",
                  "type": "cell-start"
                },
                {
                  "node": "d",
                  "type": "field-start",
                  "subtype": "sg"
                },
                {
                  "node": "d",
                  "type": "field-end",
                  "subtype": "sg"
                },
                {
                  "node": "d",
                  "type": "cell-end"
                },
                {
                  "node": "d",
                  "type": "cell-start"
                },
                {
                  "node": "d",
                  "type": "field-start",
                  "subtype": "eq"
                },
                {
                  "node": "l",
                  "frag": "ga-ma-rum",
                  "id": "P333150.l0e772",
                  "ref": "P333150.16.2",
                  "inst": "%akk-x-oldbab:ga-ma-rum=",
                  "f": {
                    "lang": "akk-x-oldbab",
                    "form": "ga-ma-rum",
                    "gdl": [
                      {
                        "v": "ga",
                        "id": "P333150.16.2.0",
                        "delim": "-"
                      },
                      {
                        "v": "ma",
                        "id": "P333150.16.2.1",
                        "delim": "-"
                      },
                      {
                        "v": "rum",
                        "id": "P333150.16.2.2"
                      }
                    ]
                  }
                },
                {
                  "node": "d",
                  "type": "field-end",
                  "subtype": "eq"
                },
                {
                  "node": "d",
                  "type": "cell-end"
                },
                {
                  "node": "d",
                  "type": "line-start",
                  "ref": "P333150.17",
                  "n": "12",
                  "label": "ii 12"
                },
                {
                  "node": "d",
                  "type": "cell-start"
                },
                {
                  "node": "d",
                  "type": "field-start",
                  "subtype": "sv"
                },
                {
                  "node": "l",
                  "frag": "zal",
                  "id": "P333150.l0e773",
                  "ref": "P333150.17.1",
                  "inst": "zal[pass]",
                  "sig": "@dcclt%sux:zal=zal[pass//pass]V/t'V/t$zal/zal#~",
                  "f": {
                    "lang": "sux",
                    "form": "zal",
                    "gdl": [
                      {
                        "v": "zal",
                        "id": "P333150.17.1.0"
                      }
                    ],
                    "cf": "zal",
                    "gw": "pass",
                    "sense": "pass",
                    "norm0": "zal",
                    "pos": "V/t",
                    "epos": "V/t",
                    "base": "zal",
                    "morph": "~"
                  }
                },
                {
                  "node": "d",
                  "type": "field-end",
                  "subtype": "sv"
                },
                {
                  "node": "d",
                  "type": "cell-end"
                },
                {
                  "node": "d",
                  "type": "cell-start"
                },
                {
                  "node": "d",
                  "type": "field-start",
                  "subtype": "pr"
                },
                {
                  "node": "d",
                  "type": "field-end",
                  "subtype": "pr"
                },
                {
                  "node": "d",
                  "type": "cell-end"
                },
                {
                  "node": "d",
                  "type": "cell-start"
                },
                {
                  "node": "d",
                  "type": "field-start",
                  "subtype": "sg"
                },
                {
                  "node": "d",
                  "type": "field-end",
                  "subtype": "sg"
                },
                {
                  "node": "d",
                  "type": "cell-end"
                },
                {
                  "node": "d",
                  "type": "cell-start"
                },
                {
                  "node": "d",
                  "type": "field-start",
                  "subtype": "eq"
                },
                {
                  "node": "l",
                  "frag": "qa₂-tu-u₂",
                  "id": "P333150.l0e774",
                  "ref": "P333150.17.2",
                  "inst": "%akk-x-oldbab:qa₂-tu-u₂=",
                  "f": {
                    "lang": "akk-x-oldbab",
                    "form": "qa₂-tu-u₂",
                    "gdl": [
                      {
                        "v": "qa₂",
                        "id": "P333150.17.2.0",
                        "delim": "-"
                      },
                      {
                        "v": "tu",
                        "id": "P333150.17.2.1",
                        "delim": "-"
                      },
                      {
                        "v": "u₂",
                        "id": "P333150.17.2.2"
                      }
                    ]
                  }
                },
                {
                  "node": "d",
                  "type": "field-end",
                  "subtype": "eq"
                },
                {
                  "node": "d",
                  "type": "cell-end"
                },
                {
                  "node": "d",
                  "type": "line-start",
                  "ref": "P333150.18",
                  "n": "13'",
                  "label": "ii 13'"
                },
                {
                  "node": "d",
                  "type": "cell-start"
                },
                {
                  "node": "d",
                  "type": "field-start",
                  "subtype": "sv"
                },
                {
                  "node": "l",
                  "frag": "mu₅",
                  "id": "P333150.l0e775",
                  "ref": "P333150.18.1",
                  "inst": "mu[good]",
                  "sig": "@dcclt%sux:mu₅=mu[good//good, beautiful]AJ'AJ$mu/mu₅#~",
                  "f": {
                    "lang": "sux",
                    "form": "mu₅",
                    "gdl": [
                      {
                        "v": "mu₅",
                        "id": "P333150.18.1.0"
                      }
                    ],
                    "cf": "mu",
                    "gw": "good",
                    "sense": "good, beautiful",
                    "norm0": "mu",
                    "pos": "AJ",
                    "epos": "AJ",
                    "base": "mu₅",
                    "morph": "~"
                  }
                },
                {
                  "node": "d",
                  "type": "field-end",
                  "subtype": "sv"
                },
                {
                  "node": "d",
                  "type": "cell-end"
                },
                {
                  "node": "d",
                  "type": "cell-start"
                },
                {
                  "node": "d",
                  "type": "field-start",
                  "subtype": "pr"
                },
                {
                  "node": "l",
                  "frag": "mu-u₂",
                  "id": "P333150.l0e776",
                  "ref": "P333150.18.2",
                  "inst": "%sux:mu-u₂=",
                  "f": {
                    "lang": "sux",
                    "form": "mu-u₂",
                    "gdl": [
                      {
                        "v": "mu",
                        "id": "P333150.18.2.0",
                        "delim": "-"
                      },
                      {
                        "v": "u₂",
                        "id": "P333150.18.2.1"
                      }
                    ]
                  }
                },
                {
                  "node": "d",
                  "type": "field-end",
                  "subtype": "pr"
                },
                {
                  "node": "d",
                  "type": "cell-end"
                },
                {
                  "node": "d",
                  "type": "cell-start"
                },
                {
                  "node": "d",
                  "type": "field-start",
                  "subtype": "sg"
                },
                {
                  "node": "l",
                  "frag": "NI",
                  "id": "P333150.l0e777",
                  "ref": "P333150.18.3",
                  "inst": "%sux:NI=",
                  "f": {
                    "lang": "sux",
                    "form": "NI",
                    "gdl": [
                      {
                        "s": "NI",
                        "id": "P333150.18.3.0"
                      }
                    ]
                  }
                },
                {
                  "node": "d",
                  "type": "field-end",
                  "subtype": "sg"
                },
                {
                  "node": "d",
                  "type": "cell-end"
                },
                {
                  "node": "d",
                  "type": "cell-start"
                },
                {
                  "node": "d",
                  "type": "field-start",
                  "subtype": "eq"
                },
                {
                  "node": "l",
                  "frag": "⸢ba⸣-[nu]-⸢u₂⸣",
                  "id": "P333150.l0e778",
                  "ref": "P333150.18.4",
                  "inst": "%akk-x-oldbab:ba-nu-u₂=",
                  "f": {
                    "lang": "akk-x-oldbab",
                    "form": "ba-nu-u₂",
                    "gdl": [
                      {
                        "v": "ba",
                        "id": "P333150.18.4.0",
                        "break": "damaged",
                        "ho": "1",
                        "delim": "-",
                        "hc": "1"
                      },
                      {
                        "v": "nu",
                        "id": "P333150.18.4.1",
                        "breakStart": "1",
                        "o": "]",
                        "break": "missing",
                        "breakEnd": "P333150.18.4.1",
                        "delim": "-"
                      },
                      {
                        "v": "u₂",
                        "id": "P333150.18.4.2",
                        "break": "damaged",
                        "ho": "1",
                        "hc": "1"
                      }
                    ]
                  }
                },
                {
                  "node": "d",
                  "type": "field-end",
                  "subtype": "eq"
                },
                {
                  "node": "d",
                  "type": "cell-end"
                },
                {
                  "node": "d",
                  "type": "line-start",
                  "ref": "P333150.19",
                  "n": "14'",
                  "label": "ii 14'"
                },
                {
                  "node": "d",
                  "type": "cell-start"
                },
                {
                  "node": "d",
                  "type": "field-start",
                  "subtype": "sv"
                },
                {
                  "node": "l",
                  "frag": "šar₈",
                  "id": "P333150.l0e779",
                  "ref": "P333150.19.1",
                  "inst": "u",
                  "f": {
                    "lang": "sux",
                    "form": "šar₈",
                    "gdl": [
                      {
                        "v": "šar₈",
                        "id": "P333150.19.1.0"
                      }
                    ],
                    "pos": "u"
                  }
                },
                {
                  "node": "d",
                  "type": "field-end",
                  "subtype": "sv"
                },
                {
                  "node": "d",
                  "type": "cell-end"
                },
                {
                  "node": "d",
                  "type": "cell-start"
                },
                {
                  "node": "d",
                  "type": "field-start",
                  "subtype": "pr"
                },
                {
                  "node": "l",
                  "frag": "⸢ša-ar⸣",
                  "id": "P333150.l0e77a",
                  "ref": "P333150.19.2",
                  "inst": "%sux:ša-ar=",
                  "f": {
                    "lang": "sux",
                    "form": "ša-ar",
                    "gdl": [
                      {
                        "v": "ša",
                        "id": "P333150.19.2.0",
                        "break": "damaged",
                        "ho": "1",
                        "delim": "-"
                      },
                      {
                        "v": "ar",
                        "id": "P333150.19.2.1",
                        "break": "damaged",
                        "hc": "1"
                      }
                    ]
                  }
                },
                {
                  "node": "d",
                  "type": "field-end",
                  "subtype": "pr"
                },
                {
                  "node": "d",
                  "type": "cell-end"
                },
                {
                  "node": "d",
                  "type": "cell-start"
                },
                {
                  "node": "d",
                  "type": "field-start",
                  "subtype": "sg"
                },
                {
                  "node": "l",
                  "frag": "NI",
                  "id": "P333150.l0e77b",
                  "ref": "P333150.19.3",
                  "inst": "%sux:NI=",
                  "f": {
                    "lang": "sux",
                    "form": "NI",
                    "gdl": [
                      {
                        "s": "NI",
                        "id": "P333150.19.3.0"
                      }
                    ]
                  }
                },
                {
                  "node": "d",
                  "type": "field-end",
                  "subtype": "sg"
                },
                {
                  "node": "d",
                  "type": "cell-end"
                },
                {
                  "node": "d",
                  "type": "cell-start"
                },
                {
                  "node": "d",
                  "type": "field-start",
                  "subtype": "eq"
                },
                {
                  "node": "l",
                  "frag": "[...]",
                  "id": "P333150.l0e77c",
                  "ref": "P333150.19.4",
                  "inst": "%akk-x-oldbab:x=",
                  "f": {
                    "lang": "akk-x-oldbab",
                    "form": "x",
                    "gdl": [
                      {
                        "x": "ellipsis",
                        "id": "P333150.19.4.0",
                        "breakStart": "1",
                        "break": "missing",
                        "o": "]",
                        "breakEnd": "P333150.19.4.0"
                      }
                    ]
                  }
                },
                {
                  "node": "d",
                  "type": "field-end",
                  "subtype": "eq"
                },
                {
                  "node": "d",
                  "type": "cell-end"
                },
                {
                  "node": "d",
                  "subtype": "column 3",
                  "type": "column",
                  "ref": "P333150.iii.20",
                  "n": "3",
                  "label": "iii"
                },
                {
                  "node": "d",
                  "type": "line-start",
                  "ref": "P333150.21",
                  "n": "1",
                  "label": "iii 1"
                },
                {
                  "node": "d",
                  "type": "cell-start"
                },
                {
                  "node": "d",
                  "type": "field-start",
                  "subtype": "sv"
                },
                {
                  "node": "l",
                  "frag": "su₄",
                  "id": "P333150.l0e77d",
                  "ref": "P333150.21.1",
                  "inst": "su[red]",
                  "sig": "@dcclt%sux:su₄=su[red//red]V/i'V/i$su/su₄#~",
                  "f": {
                    "lang": "sux",
                    "form": "su₄",
                    "gdl": [
                      {
                        "v": "su₄",
                        "id": "P333150.21.1.0"
                      }
                    ],
                    "cf": "su",
                    "gw": "red",
                    "sense": "red",
                    "norm0": "su",
                    "pos": "V/i",
                    "epos": "V/i",
                    "base": "su₄",
                    "morph": "~"
                  }
                },
                {
                  "node": "d",
                  "type": "field-end",
                  "subtype": "sv"
                },
                {
                  "node": "d",
                  "type": "cell-end"
                },
                {
                  "node": "d",
                  "type": "cell-start"
                },
                {
                  "node": "d",
                  "type": "field-start",
                  "subtype": "pr"
                },
                {
                  "node": "l",
                  "frag": "[su-u₂]",
                  "id": "P333150.l0e77e",
                  "ref": "P333150.21.2",
                  "inst": "%sux:su-u₂=",
                  "f": {
                    "lang": "sux",
                    "form": "su-u₂",
                    "gdl": [
                      {
                        "v": "su",
                        "id": "P333150.21.2.0",
                        "breakStart": "1",
                        "o": "[",
                        "break": "missing",
                        "delim": "-"
                      },
                      {
                        "v": "u₂",
                        "id": "P333150.21.2.1",
                        "break": "missing",
                        "o": "]",
                        "breakEnd": "P333150.21.2.0"
                      }
                    ]
                  }
                },
                {
                  "node": "d",
                  "type": "field-end",
                  "subtype": "pr"
                },
                {
                  "node": "d",
                  "type": "cell-end"
                },
                {
                  "node": "d",
                  "type": "cell-start"
                },
                {
                  "node": "d",
                  "type": "field-start",
                  "subtype": "sg"
                },
                {
                  "node": "l",
                  "frag": "[SI@g]",
                  "id": "P333150.l0e77f",
                  "ref": "P333150.21.3",
                  "inst": "%sux:SI@g=",
                  "f": {
                    "lang": "sux",
                    "form": "SI@g",
                    "gdl": [
                      {
                        "form": "SI@g",
                        "id": "P333150.21.3.0",
                        "breakStart": "1",
                        "o": "]",
                        "break": "missing",
                        "breakEnd": "P333150.21.3.0",
                        "mods": [
                          {
                            "b": "SI"
                          },
                          {
                            "m": "g"
                          }
                        ]
                      }
                    ]
                  }
                },
                {
                  "node": "d",
                  "type": "field-end",
                  "subtype": "sg"
                },
                {
                  "node": "d",
                  "type": "cell-end"
                },
                {
                  "node": "d",
                  "type": "cell-start"
                },
                {
                  "node": "d",
                  "type": "field-start",
                  "subtype": "eq"
                },
                {
                  "node": "l",
                  "frag": "⸢za⸣-ar-ri-qum",
                  "id": "P333150.l0e780",
                  "ref": "P333150.21.4",
                  "inst": "%akk-x-oldbab:za-ar-ri-qum=",
                  "f": {
                    "lang": "akk-x-oldbab",
                    "form": "za-ar-ri-qum",
                    "gdl": [
                      {
                        "v": "za",
                        "id": "P333150.21.4.0",
                        "break": "damaged",
                        "ho": "1",
                        "delim": "-",
                        "hc": "1"
                      },
                      {
                        "v": "ar",
                        "id": "P333150.21.4.1",
                        "delim": "-"
                      },
                      {
                        "v": "ri",
                        "id": "P333150.21.4.2",
                        "delim": "-"
                      },
                      {
                        "v": "qum",
                        "id": "P333150.21.4.3"
                      }
                    ]
                  }
                },
                {
                  "node": "d",
                  "type": "field-end",
                  "subtype": "eq"
                },
                {
                  "node": "d",
                  "type": "cell-end"
                },
                {
                  "node": "d",
                  "type": "line-start",
                  "ref": "P333150.22",
                  "n": "2",
                  "label": "iii 2"
                },
                {
                  "node": "d",
                  "type": "cell-start"
                },
                {
                  "node": "d",
                  "type": "field-start",
                  "subtype": "sv"
                },
                {
                  "node": "l",
                  "frag": "su₄",
                  "id": "P333150.l0e781",
                  "ref": "P333150.22.1",
                  "inst": "su[red]",
                  "sig": "@dcclt%sux:su₄=su[red//red]V/i'V/i$su/su₄#~",
                  "f": {
                    "lang": "sux",
                    "form": "su₄",
                    "gdl": [
                      {
                        "v": "su₄",
                        "id": "P333150.22.1.0"
                      }
                    ],
                    "cf": "su",
                    "gw": "red",
                    "sense": "red",
                    "norm0": "su",
                    "pos": "V/i",
                    "epos": "V/i",
                    "base": "su₄",
                    "morph": "~"
                  }
                },
                {
                  "node": "d",
                  "type": "field-end",
                  "subtype": "sv"
                },
                {
                  "node": "d",
                  "type": "cell-end"
                },
                {
                  "node": "d",
                  "type": "cell-start"
                },
                {
                  "node": "d",
                  "type": "field-start",
                  "subtype": "pr"
                },
                {
                  "node": "d",
                  "type": "field-end",
                  "subtype": "pr"
                },
                {
                  "node": "d",
                  "type": "cell-end"
                },
                {
                  "node": "d",
                  "type": "cell-start"
                },
                {
                  "node": "d",
                  "type": "field-start",
                  "subtype": "sg"
                },
                {
                  "node": "d",
                  "type": "field-end",
                  "subtype": "sg"
                },
                {
                  "node": "d",
                  "type": "cell-end"
                },
                {
                  "node": "d",
                  "type": "cell-start"
                },
                {
                  "node": "d",
                  "type": "field-start",
                  "subtype": "eq"
                },
                {
                  "node": "l",
                  "frag": "⸢sa⸣-mu-u₂",
                  "id": "P333150.l0e782",
                  "ref": "P333150.22.2",
                  "inst": "%akk-x-oldbab:sa-mu-u₂=",
                  "f": {
                    "lang": "akk-x-oldbab",
                    "form": "sa-mu-u₂",
                    "gdl": [
                      {
                        "v": "sa",
                        "id": "P333150.22.2.0",
                        "break": "damaged",
                        "ho": "1",
                        "delim": "-",
                        "hc": "1"
                      },
                      {
                        "v": "mu",
                        "id": "P333150.22.2.1",
                        "delim": "-"
                      },
                      {
                        "v": "u₂",
                        "id": "P333150.22.2.2"
                      }
                    ]
                  }
                },
                {
                  "node": "d",
                  "type": "field-end",
                  "subtype": "eq"
                },
                {
                  "node": "d",
                  "type": "cell-end"
                },
                {
                  "node": "d",
                  "type": "line-start",
                  "ref": "P333150.23",
                  "n": "3",
                  "label": "iii 3"
                },
                {
                  "node": "d",
                  "type": "cell-start"
                },
                {
                  "node": "d",
                  "type": "field-start",
                  "subtype": "sv"
                },
                {
                  "node": "l",
                  "frag": "su₄",
                  "id": "P333150.l0e783",
                  "ref": "P333150.23.1",
                  "inst": "su[red]",
                  "sig": "@dcclt%sux:su₄=su[red//red]V/i'V/i$su/su₄#~",
                  "f": {
                    "lang": "sux",
                    "form": "su₄",
                    "gdl": [
                      {
                        "v": "su₄",
                        "id": "P333150.23.1.0"
                      }
                    ],
                    "cf": "su",
                    "gw": "red",
                    "sense": "red",
                    "norm0": "su",
                    "pos": "V/i",
                    "epos": "V/i",
                    "base": "su₄",
                    "morph": "~"
                  }
                },
                {
                  "node": "d",
                  "type": "field-end",
                  "subtype": "sv"
                },
                {
                  "node": "d",
                  "type": "cell-end"
                },
                {
                  "node": "d",
                  "type": "cell-start"
                },
                {
                  "node": "d",
                  "type": "field-start",
                  "subtype": "pr"
                },
                {
                  "node": "d",
                  "type": "field-end",
                  "subtype": "pr"
                },
                {
                  "node": "d",
                  "type": "cell-end"
                },
                {
                  "node": "d",
                  "type": "cell-start"
                },
                {
                  "node": "d",
                  "type": "field-start",
                  "subtype": "sg"
                },
                {
                  "node": "d",
                  "type": "field-end",
                  "subtype": "sg"
                },
                {
                  "node": "d",
                  "type": "cell-end"
                },
                {
                  "node": "d",
                  "type": "cell-start"
                },
                {
                  "node": "d",
                  "type": "field-start",
                  "subtype": "eq"
                },
                {
                  "node": "l",
                  "frag": "⸢pe₂⸣-lu-u₂",
                  "id": "P333150.l0e784",
                  "ref": "P333150.23.2",
                  "inst": "%akk-x-oldbab:pe₂-lu-u₂=",
                  "f": {
                    "lang": "akk-x-oldbab",
                    "form": "pe₂-lu-u₂",
                    "gdl": [
                      {
                        "v": "pe₂",
                        "id": "P333150.23.2.0",
                        "break": "damaged",
                        "ho": "1",
                        "delim": "-",
                        "hc": "1"
                      },
                      {
                        "v": "lu",
                        "id": "P333150.23.2.1",
                        "delim": "-"
                      },
                      {
                        "v": "u₂",
                        "id": "P333150.23.2.2"
                      }
                    ]
                  }
                },
                {
                  "node": "d",
                  "type": "field-end",
                  "subtype": "eq"
                },
                {
                  "node": "d",
                  "type": "cell-end"
                },
                {
                  "node": "d",
                  "type": "line-start",
                  "ref": "P333150.24",
                  "n": "4",
                  "label": "iii 4"
                },
                {
                  "node": "d",
                  "type": "cell-start"
                },
                {
                  "node": "d",
                  "type": "field-start",
                  "subtype": "sv"
                },
                {
                  "node": "l",
                  "frag": "su₄",
                  "id": "P333150.l0e785",
                  "ref": "P333150.24.1",
                  "inst": "su[red]",
                  "sig": "@dcclt%sux:su₄=su[red//red]V/i'V/i$su/su₄#~",
                  "f": {
                    "lang": "sux",
                    "form": "su₄",
                    "gdl": [
                      {
                        "v": "su₄",
                        "id": "P333150.24.1.0"
                      }
                    ],
                    "cf": "su",
                    "gw": "red",
                    "sense": "red",
                    "norm0": "su",
                    "pos": "V/i",
                    "epos": "V/i",
                    "base": "su₄",
                    "morph": "~"
                  }
                },
                {
                  "node": "d",
                  "type": "field-end",
                  "subtype": "sv"
                },
                {
                  "node": "d",
                  "type": "cell-end"
                },
                {
                  "node": "d",
                  "type": "cell-start"
                },
                {
                  "node": "d",
                  "type": "field-start",
                  "subtype": "pr"
                },
                {
                  "node": "d",
                  "type": "field-end",
                  "subtype": "pr"
                },
                {
                  "node": "d",
                  "type": "cell-end"
                },
                {
                  "node": "d",
                  "type": "cell-start"
                },
                {
                  "node": "d",
                  "type": "field-start",
                  "subtype": "sg"
                },
                {
                  "node": "d",
                  "type": "field-end",
                  "subtype": "sg"
                },
                {
                  "node": "d",
                  "type": "cell-end"
                },
                {
                  "node": "d",
                  "type": "cell-start"
                },
                {
                  "node": "d",
                  "type": "field-start",
                  "subtype": "eq"
                },
                {
                  "node": "l",
                  "frag": "[pe₂]-⸢e⸣-li-a-tum",
                  "id": "P333150.l0e786",
                  "ref": "P333150.24.2",
                  "inst": "%akk-x-oldbab:pe₂-e-li-a-tum=",
                  "f": {
                    "lang": "akk-x-oldbab",
                    "form": "pe₂-e-li-a-tum",
                    "gdl": [
                      {
                        "v": "pe₂",
                        "id": "P333150.24.2.0",
                        "breakStart": "1",
                        "o": "]",
                        "break": "missing",
                        "breakEnd": "P333150.24.2.0",
                        "delim": "-"
                      },
                      {
                        "v": "e",
                        "id": "P333150.24.2.1",
                        "break": "damaged",
                        "ho": "1",
                        "delim": "-",
                        "hc": "1"
                      },
                      {
                        "v": "li",
                        "id": "P333150.24.2.2",
                        "delim": "-"
                      },
                      {
                        "v": "a",
                        "id": "P333150.24.2.3",
                        "delim": "-"
                      },
                      {
                        "v": "tum",
                        "id": "P333150.24.2.4"
                      }
                    ]
                  }
                },
                {
                  "node": "d",
                  "type": "field-end",
                  "subtype": "eq"
                },
                {
                  "node": "d",
                  "type": "cell-end"
                },
                {
                  "node": "d",
                  "type": "line-start",
                  "ref": "P333150.25",
                  "n": "5",
                  "label": "iii 5"
                },
                {
                  "node": "d",
                  "type": "cell-start"
                },
                {
                  "node": "d",
                  "type": "field-start",
                  "subtype": "sv"
                },
                {
                  "node": "l",
                  "frag": "su₄",
                  "id": "P333150.l0e787",
                  "ref": "P333150.25.1",
                  "inst": "X",
                  "f": {
                    "lang": "sux",
                    "form": "su₄",
                    "gdl": [
                      {
                        "v": "su₄",
                        "id": "P333150.25.1.0"
                      }
                    ],
                    "pos": "X"
                  }
                },
                {
                  "node": "d",
                  "type": "field-end",
                  "subtype": "sv"
                },
                {
                  "node": "d",
                  "type": "cell-end"
                },
                {
                  "node": "d",
                  "type": "cell-start"
                },
                {
                  "node": "d",
                  "type": "field-start",
                  "subtype": "pr"
                },
                {
                  "node": "d",
                  "type": "field-end",
                  "subtype": "pr"
                },
                {
                  "node": "d",
                  "type": "cell-end"
                },
                {
                  "node": "d",
                  "type": "cell-start"
                },
                {
                  "node": "d",
                  "type": "field-start",
                  "subtype": "sg"
                },
                {
                  "node": "d",
                  "type": "field-end",
                  "subtype": "sg"
                },
                {
                  "node": "d",
                  "type": "cell-end"
                },
                {
                  "node": "d",
                  "type": "cell-start"
                },
                {
                  "node": "d",
                  "type": "field-start",
                  "subtype": "eq"
                },
                {
                  "node": "l",
                  "frag": "[si-in]-nu-ur-bu-um",
                  "id": "P333150.l0e788",
                  "ref": "P333150.25.2",
                  "inst": "%akk-x-oldbab:si-in-nu-ur-bu-um=",
                  "f": {
                    "lang": "akk-x-oldbab",
                    "form": "si-in-nu-ur-bu-um",
                    "gdl": [
                      {
                        "v": "si",
                        "id": "P333150.25.2.0",
                        "breakStart": "1",
                        "o": "[",
                        "break": "missing",
                        "delim": "-"
                      },
                      {
                        "v": "in",
                        "id": "P333150.25.2.1",
                        "break": "missing",
                        "o": "]",
                        "breakEnd": "P333150.25.2.0",
                        "delim": "-"
                      },
                      {
                        "v": "nu",
                        "id": "P333150.25.2.2",
                        "delim": "-"
                      },
                      {
                        "v": "ur",
                        "id": "P333150.25.2.3",
                        "delim": "-"
                      },
                      {
                        "v": "bu",
                        "id": "P333150.25.2.4",
                        "delim": "-"
                      },
                      {
                        "v": "um",
                        "id": "P333150.25.2.5"
                      }
                    ]
                  }
                },
                {
                  "node": "d",
                  "type": "field-end",
                  "subtype": "eq"
                },
                {
                  "node": "d",
                  "type": "cell-end"
                }
              ]
            }
          ]
        }
      ]
    }
  ]
}
