{
  "type": "cdl",
  "project": "dcclt",
  "source": "http://oracc.org/dcclt",
  "license": "This data is released under the CC0 license",
  "license-url": "https://creativecommons.org/publicdomain/zero/1.0/",
  "more-info": "http://oracc.org/doc/opendata/",
  "UTC-timestamp": "2017-06-21T22:11:23",
  "textid": "P345999",
  "cdl": [
    {
      "node": "c",
      "type": "text",
      "id": "P345999.U0",
      "cdl": [
        {
          "node": "d",
          "subtype": "tablet",
          "type": "tablet",
          "ref": "P345999.x1794.1",
          "label": "x1794"
        },
        {
          "node": "d",
          "subtype": "obverse",
          "type": "obverse",
          "ref": "P345999.o.2",
          "label": "o"
        },
        {
          "node": "d",
          "type": "nonx",
          "ref": "P345999.3",
          "strict": "1",
          "extent": "n",
          "scope": "line",
          "state": "missing"
        },
        {
          "node": "d",
          "subtype": "reverse",
          "type": "reverse",
          "ref": "P345999.r.4",
          "label": "r"
        },
        {
          "node": "d",
          "type": "nonx",
          "ref": "P345999.5",
          "strict": "0",
          "extent": "beginning",
          "state": "missing"
        },
        {
          "node": "c",
          "type": "discourse",
          "subtype": "body",
          "id": "P345999.U1",
          "cdl": [
            {
              "node": "c",
              "type": "sentence",
              "id": "P345999.U2",
              "label": "r 1' - r 11'",
              "cdl": [
                {
                  "node": "d",
                  "type": "line-start",
                  "ref": "P345999.6",
                  "n": "1'",
                  "label": "r 1'"
                },
                {
                  "node": "d",
                  "type": "cell-start"
                },
                {
                  "node": "d",
                  "type": "field-start",
                  "subtype": "wp"
                },
                {
                  "node": "l",
                  "frag": "[...]",
                  "id": "P345999.l43f23",
                  "ref": "P345999.6.1",
                  "inst": "%akk:x=",
                  "f": {
                    "lang": "akk",
                    "form": "x",
                    "gdl": [
                      {
                        "x": "ellipsis",
                        "id": "P345999.6.1.0",
                        "breakStart": "1",
                        "break": "missing",
                        "o": "]",
                        "breakEnd": "P345999.6.1.0"
                      }
                    ]
                  }
                },
                {
                  "node": "d",
                  "type": "field-end",
                  "subtype": "wp"
                },
                {
                  "node": "d",
                  "type": "cell-end"
                },
                {
                  "node": "d",
                  "type": "cell-start"
                },
                {
                  "node": "d",
                  "type": "field-start",
                  "subtype": "eq"
                },
                {
                  "node": "d",
                  "type": "surro",
                  "ref": "P345999.6.2",
                  "lang": "akk"
                },
                {
                  "node": "l",
                  "id": "P345999.l43f24",
                  "ref": "P345999.6.3",
                  "inst": "%akk-949:*=",
                  "f": {
                    "lang": "akk-949",
                    "form": "*",
                    "norm": "ṣehru"
                  }
                },
                {
                  "node": "d",
                  "type": "field-end",
                  "subtype": "eq"
                },
                {
                  "node": "d",
                  "type": "cell-end"
                },
                {
                  "node": "d",
                  "type": "line-start",
                  "ref": "P345999.7",
                  "n": "2'",
                  "label": "r 2'"
                },
                {
                  "node": "d",
                  "type": "cell-start"
                },
                {
                  "node": "d",
                  "type": "field-start",
                  "subtype": "wp"
                },
                {
                  "node": "l",
                  "frag": "[...]",
                  "id": "P345999.l43f25",
                  "ref": "P345999.7.1",
                  "inst": "%akk:x=",
                  "f": {
                    "lang": "akk",
                    "form": "x",
                    "gdl": [
                      {
                        "x": "ellipsis",
                        "id": "P345999.7.1.0",
                        "breakStart": "1",
                        "break": "missing",
                        "o": "]",
                        "breakEnd": "P345999.7.1.0"
                      }
                    ]
                  }
                },
                {
                  "node": "d",
                  "type": "field-end",
                  "subtype": "wp"
                },
                {
                  "node": "d",
                  "type": "cell-end"
                },
                {
                  "node": "d",
                  "type": "cell-start"
                },
                {
                  "node": "d",
                  "type": "field-start",
                  "subtype": "eq"
                },
                {
                  "node": "d",
                  "type": "surro",
                  "ref": "P345999.7.2",
                  "lang": "akk"
                },
                {
                  "node": "l",
                  "id": "P345999.l43f26",
                  "ref": "P345999.7.3",
                  "inst": "%akk-949:*=",
                  "f": {
                    "lang": "akk-949",
                    "form": "*",
                    "norm": "ṣehru"
                  }
                },
                {
                  "node": "l",
                  "frag": "[x]",
                  "id": "P345999.l43f27",
                  "ref": "P345999.7.4",
                  "inst": "%akk:x=",
                  "f": {
                    "lang": "akk",
                    "form": "x",
                    "gdl": [
                      {
                        "v": "x",
                        "id": "P345999.7.4.0",
                        "breakStart": "1",
                        "o": "]",
                        "queried": "1",
                        "break": "missing",
                        "breakEnd": "P345999.7.4.0"
                      }
                    ]
                  }
                },
                {
                  "node": "d",
                  "type": "field-end",
                  "subtype": "eq"
                },
                {
                  "node": "d",
                  "type": "cell-end"
                },
                {
                  "node": "d",
                  "type": "line-start",
                  "ref": "P345999.8",
                  "n": "3'",
                  "label": "r 3'"
                },
                {
                  "node": "d",
                  "type": "cell-start"
                },
                {
                  "node": "d",
                  "type": "field-start",
                  "subtype": "wp"
                },
                {
                  "node": "l",
                  "frag": "[...]",
                  "id": "P345999.l43f28",
                  "ref": "P345999.8.1",
                  "inst": "%akk:x=",
                  "f": {
                    "lang": "akk",
                    "form": "x",
                    "gdl": [
                      {
                        "x": "ellipsis",
                        "id": "P345999.8.1.0",
                        "breakStart": "1",
                        "break": "missing",
                        "o": "]",
                        "breakEnd": "P345999.8.1.0"
                      }
                    ]
                  }
                },
                {
                  "node": "d",
                  "type": "field-end",
                  "subtype": "wp"
                },
                {
                  "node": "d",
                  "type": "cell-end"
                },
                {
                  "node": "d",
                  "type": "cell-start"
                },
                {
                  "node": "d",
                  "type": "field-start",
                  "subtype": "eq"
                },
                {
                  "node": "l",
                  "frag": "ṣe-⸢eh⸣-[he-ru-tum]",
                  "id": "P345999.l43f29",
                  "ref": "P345999.8.2",
                  "inst": "%akk:ṣe-eh-he-ru-tum=",
                  "f": {
                    "lang": "akk",
                    "form": "ṣe-eh-he-ru-tum",
                    "gdl": [
                      {
                        "v": "ṣe",
                        "id": "P345999.8.2.0",
                        "delim": "-"
                      },
                      {
                        "v": "eh",
                        "id": "P345999.8.2.1",
                        "break": "damaged",
                        "ho": "1",
                        "delim": "-",
                        "hc": "1"
                      },
                      {
                        "v": "he",
                        "id": "P345999.8.2.2",
                        "breakStart": "1",
                        "o": "[",
                        "break": "missing",
                        "delim": "-"
                      },
                      {
                        "v": "ru",
                        "id": "P345999.8.2.3",
                        "break": "missing",
                        "delim": "-"
                      },
                      {
                        "v": "tum",
                        "id": "P345999.8.2.4",
                        "break": "missing",
                        "o": "]",
                        "breakEnd": "P345999.8.2.2"
                      }
                    ]
                  }
                },
                {
                  "node": "d",
                  "type": "field-end",
                  "subtype": "eq"
                },
                {
                  "node": "d",
                  "type": "cell-end"
                },
                {
                  "node": "d",
                  "type": "line-start",
                  "ref": "P345999.9",
                  "n": "4'",
                  "label": "r 4'"
                },
                {
                  "node": "d",
                  "type": "cell-start"
                },
                {
                  "node": "d",
                  "type": "field-start",
                  "subtype": "wp"
                },
                {
                  "node": "l",
                  "frag": "[...]",
                  "id": "P345999.l43f2a",
                  "ref": "P345999.9.1",
                  "inst": "%akk:x=",
                  "f": {
                    "lang": "akk",
                    "form": "x",
                    "gdl": [
                      {
                        "x": "ellipsis",
                        "id": "P345999.9.1.0",
                        "breakStart": "1",
                        "break": "missing",
                        "o": "]",
                        "breakEnd": "P345999.9.1.0"
                      }
                    ]
                  }
                },
                {
                  "node": "d",
                  "type": "field-end",
                  "subtype": "wp"
                },
                {
                  "node": "d",
                  "type": "cell-end"
                },
                {
                  "node": "d",
                  "type": "cell-start"
                },
                {
                  "node": "d",
                  "type": "field-start",
                  "subtype": "eq"
                },
                {
                  "node": "d",
                  "type": "surro",
                  "ref": "P345999.9.2",
                  "lang": "akk"
                },
                {
                  "node": "l",
                  "id": "P345999.l43f2b",
                  "ref": "P345999.9.3",
                  "inst": "%akk:ṣe-eh-he-ru-tum=",
                  "f": {
                    "lang": "akk",
                    "form": "ṣe-eh-he-ru-tum",
                    "gdl": [
                      {
                        "v": "ṣe",
                        "id": "P345999.9.3.0",
                        "delim": "-"
                      },
                      {
                        "v": "eh",
                        "id": "P345999.9.3.1",
                        "break": "damaged",
                        "ho": "1",
                        "delim": "-",
                        "hc": "1"
                      },
                      {
                        "v": "he",
                        "id": "P345999.9.3.2",
                        "breakStart": "1",
                        "o": "[",
                        "break": "missing",
                        "delim": "-"
                      },
                      {
                        "v": "ru",
                        "id": "P345999.9.3.3",
                        "break": "missing",
                        "delim": "-"
                      },
                      {
                        "v": "tum",
                        "id": "P345999.9.3.4",
                        "break": "missing",
                        "o": "]",
                        "breakEnd": "P345999.9.3.2"
                      }
                    ]
                  }
                },
                {
                  "node": "d",
                  "type": "field-end",
                  "subtype": "eq"
                },
                {
                  "node": "d",
                  "type": "cell-end"
                },
                {
                  "node": "d",
                  "type": "line-start",
                  "ref": "P345999.10",
                  "n": "5'",
                  "label": "r 5'"
                },
                {
                  "node": "d",
                  "type": "cell-start"
                },
                {
                  "node": "d",
                  "type": "field-start",
                  "subtype": "wp"
                },
                {
                  "node": "l",
                  "frag": "[...]",
                  "id": "P345999.l43f2c",
                  "ref": "P345999.10.1",
                  "inst": "%akk:x=",
                  "f": {
                    "lang": "akk",
                    "form": "x",
                    "gdl": [
                      {
                        "x": "ellipsis",
                        "id": "P345999.10.1.0",
                        "breakStart": "1",
                        "break": "missing",
                        "o": "]",
                        "breakEnd": "P345999.10.1.0"
                      }
                    ]
                  }
                },
                {
                  "node": "d",
                  "type": "field-end",
                  "subtype": "wp"
                },
                {
                  "node": "d",
                  "type": "cell-end"
                },
                {
                  "node": "d",
                  "type": "cell-start"
                },
                {
                  "node": "d",
                  "type": "field-start",
                  "subtype": "eq"
                },
                {
                  "node": "d",
                  "type": "surro",
                  "ref": "P345999.10.2",
                  "lang": "akk"
                },
                {
                  "node": "l",
                  "id": "P345999.l43f2d",
                  "ref": "P345999.10.3",
                  "inst": "%akk:ṣe-eh-he-ru-tum=",
                  "f": {
                    "lang": "akk",
                    "form": "ṣe-eh-he-ru-tum",
                    "gdl": [
                      {
                        "v": "ṣe",
                        "id": "P345999.10.3.0",
                        "delim": "-"
                      },
                      {
                        "v": "eh",
                        "id": "P345999.10.3.1",
                        "break": "damaged",
                        "ho": "1",
                        "delim": "-",
                        "hc": "1"
                      },
                      {
                        "v": "he",
                        "id": "P345999.10.3.2",
                        "breakStart": "1",
                        "o": "[",
                        "break": "missing",
                        "delim": "-"
                      },
                      {
                        "v": "ru",
                        "id": "P345999.10.3.3",
                        "break": "missing",
                        "delim": "-"
                      },
                      {
                        "v": "tum",
                        "id": "P345999.10.3.4",
                        "break": "missing",
                        "o": "]",
                        "breakEnd": "P345999.10.3.2"
                      }
                    ]
                  }
                },
                {
                  "node": "d",
                  "type": "field-end",
                  "subtype": "eq"
                },
                {
                  "node": "d",
                  "type": "cell-end"
                },
                {
                  "node": "d",
                  "type": "line-start",
                  "ref": "P345999.11",
                  "n": "6'",
                  "label": "r 6'"
                },
                {
                  "node": "d",
                  "type": "cell-start"
                },
                {
                  "node": "d",
                  "type": "field-start",
                  "subtype": "wp"
                },
                {
                  "node": "l",
                  "frag": "[...]-⸢ru⸣",
                  "id": "P345999.l43f2e",
                  "ref": "P345999.11.1",
                  "inst": "%akk:x-ru=",
                  "f": {
                    "lang": "akk",
                    "form": "x-ru",
                    "gdl": [
                      {
                        "x": "ellipsis",
                        "id": "P345999.11.1.0",
                        "breakStart": "1",
                        "break": "missing",
                        "o": "]",
                        "breakEnd": "P345999.11.1.0",
                        "delim": "-"
                      },
                      {
                        "v": "ru",
                        "id": "P345999.11.1.1",
                        "break": "damaged",
                        "ho": "1",
                        "hc": "1"
                      }
                    ]
                  }
                },
                {
                  "node": "d",
                  "type": "field-end",
                  "subtype": "wp"
                },
                {
                  "node": "d",
                  "type": "cell-end"
                },
                {
                  "node": "d",
                  "type": "cell-start"
                },
                {
                  "node": "d",
                  "type": "field-start",
                  "subtype": "eq"
                },
                {
                  "node": "d",
                  "type": "surro",
                  "ref": "P345999.11.2",
                  "lang": "akk"
                },
                {
                  "node": "l",
                  "id": "P345999.l43f2f",
                  "ref": "P345999.11.3",
                  "inst": "%akk:ṣe-eh-he-ru-tum=",
                  "f": {
                    "lang": "akk",
                    "form": "ṣe-eh-he-ru-tum",
                    "gdl": [
                      {
                        "v": "ṣe",
                        "id": "P345999.11.3.0",
                        "delim": "-"
                      },
                      {
                        "v": "eh",
                        "id": "P345999.11.3.1",
                        "break": "damaged",
                        "ho": "1",
                        "delim": "-",
                        "hc": "1"
                      },
                      {
                        "v": "he",
                        "id": "P345999.11.3.2",
                        "breakStart": "1",
                        "o": "[",
                        "break": "missing",
                        "delim": "-"
                      },
                      {
                        "v": "ru",
                        "id": "P345999.11.3.3",
                        "break": "missing",
                        "delim": "-"
                      },
                      {
                        "v": "tum",
                        "id": "P345999.11.3.4",
                        "break": "missing",
                        "o": "]",
                        "breakEnd": "P345999.11.3.2"
                      }
                    ]
                  }
                },
                {
                  "node": "d",
                  "type": "field-end",
                  "subtype": "eq"
                },
                {
                  "node": "d",
                  "type": "cell-end"
                },
                {
                  "node": "d",
                  "type": "line-start",
                  "ref": "P345999.12",
                  "n": "7'",
                  "label": "r 7'"
                },
                {
                  "node": "d",
                  "type": "cell-start"
                },
                {
                  "node": "d",
                  "type": "field-start",
                  "subtype": "wp"
                },
                {
                  "node": "l",
                  "frag": "[da-qa-qi₂]-⸢tum⸣",
                  "id": "P345999.l43f30",
                  "ref": "P345999.12.1",
                  "inst": "%akk:da-qa-qi₂-tum=",
                  "f": {
                    "lang": "akk",
                    "form": "da-qa-qi₂-tum",
                    "gdl": [
                      {
                        "v": "da",
                        "id": "P345999.12.1.0",
                        "breakStart": "1",
                        "o": "[",
                        "break": "missing",
                        "delim": "-"
                      },
                      {
                        "v": "qa",
                        "id": "P345999.12.1.1",
                        "break": "missing",
                        "delim": "-"
                      },
                      {
                        "v": "qi₂",
                        "id": "P345999.12.1.2",
                        "break": "missing",
                        "o": "]",
                        "breakEnd": "P345999.12.1.0",
                        "delim": "-"
                      },
                      {
                        "v": "tum",
                        "id": "P345999.12.1.3",
                        "break": "damaged",
                        "ho": "1",
                        "hc": "1"
                      }
                    ]
                  }
                },
                {
                  "node": "d",
                  "type": "field-end",
                  "subtype": "wp"
                },
                {
                  "node": "d",
                  "type": "cell-end"
                },
                {
                  "node": "d",
                  "type": "cell-start"
                },
                {
                  "node": "d",
                  "type": "field-start",
                  "subtype": "eq"
                },
                {
                  "node": "d",
                  "type": "surro",
                  "ref": "P345999.12.2",
                  "lang": "akk"
                },
                {
                  "node": "l",
                  "id": "P345999.l43f31",
                  "ref": "P345999.12.3",
                  "inst": "%akk:ṣe-eh-he-ru-tum=",
                  "f": {
                    "lang": "akk",
                    "form": "ṣe-eh-he-ru-tum",
                    "gdl": [
                      {
                        "v": "ṣe",
                        "id": "P345999.12.3.0",
                        "delim": "-"
                      },
                      {
                        "v": "eh",
                        "id": "P345999.12.3.1",
                        "break": "damaged",
                        "ho": "1",
                        "delim": "-",
                        "hc": "1"
                      },
                      {
                        "v": "he",
                        "id": "P345999.12.3.2",
                        "breakStart": "1",
                        "o": "[",
                        "break": "missing",
                        "delim": "-"
                      },
                      {
                        "v": "ru",
                        "id": "P345999.12.3.3",
                        "break": "missing",
                        "delim": "-"
                      },
                      {
                        "v": "tum",
                        "id": "P345999.12.3.4",
                        "break": "missing",
                        "o": "]",
                        "breakEnd": "P345999.12.3.2"
                      }
                    ]
                  }
                },
                {
                  "node": "d",
                  "type": "field-end",
                  "subtype": "eq"
                },
                {
                  "node": "d",
                  "type": "cell-end"
                },
                {
                  "node": "d",
                  "type": "line-start",
                  "ref": "P345999.13",
                  "n": "8'",
                  "label": "r 8'"
                },
                {
                  "node": "d",
                  "type": "cell-start"
                },
                {
                  "node": "d",
                  "type": "field-start",
                  "subtype": "wp"
                },
                {
                  "node": "l",
                  "frag": "[du-qa-qu]-⸢u₂⸣",
                  "id": "P345999.l43f32",
                  "ref": "P345999.13.1",
                  "inst": "%akk:du-qa-qu-u₂=",
                  "f": {
                    "lang": "akk",
                    "form": "du-qa-qu-u₂",
                    "gdl": [
                      {
                        "v": "du",
                        "id": "P345999.13.1.0",
                        "breakStart": "1",
                        "o": "[",
                        "break": "missing",
                        "delim": "-"
                      },
                      {
                        "v": "qa",
                        "id": "P345999.13.1.1",
                        "break": "missing",
                        "delim": "-"
                      },
                      {
                        "v": "qu",
                        "id": "P345999.13.1.2",
                        "break": "missing",
                        "o": "]",
                        "breakEnd": "P345999.13.1.0",
                        "delim": "-"
                      },
                      {
                        "v": "u₂",
                        "id": "P345999.13.1.3",
                        "break": "damaged",
                        "queried": "1",
                        "ho": "1",
                        "hc": "1"
                      }
                    ]
                  }
                },
                {
                  "node": "d",
                  "type": "field-end",
                  "subtype": "wp"
                },
                {
                  "node": "d",
                  "type": "cell-end"
                },
                {
                  "node": "d",
                  "type": "cell-start"
                },
                {
                  "node": "d",
                  "type": "field-start",
                  "subtype": "eq"
                },
                {
                  "node": "d",
                  "type": "surro",
                  "ref": "P345999.13.2",
                  "lang": "akk"
                },
                {
                  "node": "l",
                  "id": "P345999.l43f33",
                  "ref": "P345999.13.3",
                  "inst": "%akk:ṣe-eh-he-ru-tum=",
                  "f": {
                    "lang": "akk",
                    "form": "ṣe-eh-he-ru-tum",
                    "gdl": [
                      {
                        "v": "ṣe",
                        "id": "P345999.13.3.0",
                        "delim": "-"
                      },
                      {
                        "v": "eh",
                        "id": "P345999.13.3.1",
                        "break": "damaged",
                        "ho": "1",
                        "delim": "-",
                        "hc": "1"
                      },
                      {
                        "v": "he",
                        "id": "P345999.13.3.2",
                        "breakStart": "1",
                        "o": "[",
                        "break": "missing",
                        "delim": "-"
                      },
                      {
                        "v": "ru",
                        "id": "P345999.13.3.3",
                        "break": "missing",
                        "delim": "-"
                      },
                      {
                        "v": "tum",
                        "id": "P345999.13.3.4",
                        "break": "missing",
                        "o": "]",
                        "breakEnd": "P345999.13.3.2"
                      }
                    ]
                  }
                },
                {
                  "node": "d",
                  "type": "field-end",
                  "subtype": "eq"
                },
                {
                  "node": "d",
                  "type": "cell-end"
                },
                {
                  "node": "d",
                  "type": "line-start",
                  "ref": "P345999.14",
                  "n": "9'",
                  "label": "r 9'"
                },
                {
                  "node": "d",
                  "type": "cell-start"
                },
                {
                  "node": "d",
                  "type": "field-start",
                  "subtype": "wp"
                },
                {
                  "node": "l",
                  "frag": "[ṣe-he-ru]-⸢tum⸣",
                  "id": "P345999.l43f34",
                  "ref": "P345999.14.1",
                  "inst": "%akk:ṣe-he-ru-tum=",
                  "f": {
                    "lang": "akk",
                    "form": "ṣe-he-ru-tum",
                    "gdl": [
                      {
                        "v": "ṣe",
                        "id": "P345999.14.1.0",
                        "breakStart": "1",
                        "o": "[",
                        "break": "missing",
                        "delim": "-"
                      },
                      {
                        "v": "he",
                        "id": "P345999.14.1.1",
                        "break": "missing",
                        "delim": "-"
                      },
                      {
                        "v": "ru",
                        "id": "P345999.14.1.2",
                        "break": "missing",
                        "o": "]",
                        "breakEnd": "P345999.14.1.0",
                        "delim": "-"
                      },
                      {
                        "v": "tum",
                        "id": "P345999.14.1.3",
                        "break": "damaged",
                        "ho": "1",
                        "hc": "1"
                      }
                    ]
                  }
                },
                {
                  "node": "d",
                  "type": "field-end",
                  "subtype": "wp"
                },
                {
                  "node": "d",
                  "type": "cell-end"
                },
                {
                  "node": "d",
                  "type": "cell-start"
                },
                {
                  "node": "d",
                  "type": "field-start",
                  "subtype": "eq"
                },
                {
                  "node": "d",
                  "type": "surro",
                  "ref": "P345999.14.2",
                  "lang": "akk"
                },
                {
                  "node": "l",
                  "id": "P345999.l43f35",
                  "ref": "P345999.14.3",
                  "inst": "%akk:ṣe-eh-he-ru-tum=",
                  "f": {
                    "lang": "akk",
                    "form": "ṣe-eh-he-ru-tum",
                    "gdl": [
                      {
                        "v": "ṣe",
                        "id": "P345999.14.3.0",
                        "delim": "-"
                      },
                      {
                        "v": "eh",
                        "id": "P345999.14.3.1",
                        "break": "damaged",
                        "ho": "1",
                        "delim": "-",
                        "hc": "1"
                      },
                      {
                        "v": "he",
                        "id": "P345999.14.3.2",
                        "breakStart": "1",
                        "o": "[",
                        "break": "missing",
                        "delim": "-"
                      },
                      {
                        "v": "ru",
                        "id": "P345999.14.3.3",
                        "break": "missing",
                        "delim": "-"
                      },
                      {
                        "v": "tum",
                        "id": "P345999.14.3.4",
                        "break": "missing",
                        "o": "]",
                        "breakEnd": "P345999.14.3.2"
                      }
                    ]
                  }
                },
                {
                  "node": "d",
                  "type": "field-end",
                  "subtype": "eq"
                },
                {
                  "node": "d",
                  "type": "cell-end"
                },
                {
                  "node": "d",
                  "type": "line-start",
                  "ref": "P345999.15",
                  "n": "10'",
                  "label": "r 10'"
                },
                {
                  "node": "d",
                  "type": "cell-start"
                },
                {
                  "node": "d",
                  "type": "field-start",
                  "subtype": "wp"
                },
                {
                  "node": "l",
                  "frag": "[...]",
                  "id": "P345999.l43f36",
                  "ref": "P345999.15.1",
                  "inst": "%akk:x=",
                  "f": {
                    "lang": "akk",
                    "form": "x",
                    "gdl": [
                      {
                        "x": "ellipsis",
                        "id": "P345999.15.1.0",
                        "breakStart": "1",
                        "break": "missing",
                        "o": "]",
                        "breakEnd": "P345999.15.1.0"
                      }
                    ]
                  }
                },
                {
                  "node": "d",
                  "type": "field-end",
                  "subtype": "wp"
                },
                {
                  "node": "d",
                  "type": "cell-end"
                },
                {
                  "node": "d",
                  "type": "cell-start"
                },
                {
                  "node": "d",
                  "type": "field-start",
                  "subtype": "eq"
                },
                {
                  "node": "d",
                  "type": "surro",
                  "ref": "P345999.15.2",
                  "lang": "akk"
                },
                {
                  "node": "l",
                  "id": "P345999.l43f37",
                  "ref": "P345999.15.3",
                  "inst": "%akk:ṣe-eh-he-ru-tum=",
                  "f": {
                    "lang": "akk",
                    "form": "ṣe-eh-he-ru-tum",
                    "gdl": [
                      {
                        "v": "ṣe",
                        "id": "P345999.15.3.0",
                        "delim": "-"
                      },
                      {
                        "v": "eh",
                        "id": "P345999.15.3.1",
                        "break": "damaged",
                        "ho": "1",
                        "delim": "-",
                        "hc": "1"
                      },
                      {
                        "v": "he",
                        "id": "P345999.15.3.2",
                        "breakStart": "1",
                        "o": "[",
                        "break": "missing",
                        "delim": "-"
                      },
                      {
                        "v": "ru",
                        "id": "P345999.15.3.3",
                        "break": "missing",
                        "delim": "-"
                      },
                      {
                        "v": "tum",
                        "id": "P345999.15.3.4",
                        "break": "missing",
                        "o": "]",
                        "breakEnd": "P345999.15.3.2"
                      }
                    ]
                  }
                },
                {
                  "node": "d",
                  "type": "field-end",
                  "subtype": "eq"
                },
                {
                  "node": "d",
                  "type": "cell-end"
                },
                {
                  "node": "d",
                  "type": "line-start",
                  "ref": "P345999.16",
                  "n": "11'",
                  "label": "r 11'"
                },
                {
                  "node": "d",
                  "type": "cell-start"
                },
                {
                  "node": "d",
                  "type": "field-start",
                  "subtype": "wp"
                },
                {
                  "node": "l",
                  "frag": "[...]",
                  "id": "P345999.l43f38",
                  "ref": "P345999.16.1",
                  "inst": "%akk:x=",
                  "f": {
                    "lang": "akk",
                    "form": "x",
                    "gdl": [
                      {
                        "x": "ellipsis",
                        "id": "P345999.16.1.0",
                        "breakStart": "1",
                        "break": "missing",
                        "o": "]",
                        "breakEnd": "P345999.16.1.0"
                      }
                    ]
                  }
                },
                {
                  "node": "d",
                  "type": "field-end",
                  "subtype": "wp"
                },
                {
                  "node": "d",
                  "type": "cell-end"
                },
                {
                  "node": "d",
                  "type": "cell-start"
                },
                {
                  "node": "d",
                  "type": "field-start",
                  "subtype": "eq"
                },
                {
                  "node": "l",
                  "frag": "⸢ṣe⸣-he-⸢er⸣-[tum]",
                  "id": "P345999.l43f39",
                  "ref": "P345999.16.2",
                  "inst": "%akk:ṣe-he-er-tum=",
                  "f": {
                    "lang": "akk",
                    "form": "ṣe-he-er-tum",
                    "gdl": [
                      {
                        "v": "ṣe",
                        "id": "P345999.16.2.0",
                        "break": "damaged",
                        "ho": "1",
                        "delim": "-",
                        "hc": "1"
                      },
                      {
                        "v": "he",
                        "id": "P345999.16.2.1",
                        "delim": "-"
                      },
                      {
                        "v": "er",
                        "id": "P345999.16.2.2",
                        "break": "damaged",
                        "ho": "1",
                        "delim": "-",
                        "hc": "1"
                      },
                      {
                        "v": "tum",
                        "id": "P345999.16.2.3",
                        "breakStart": "1",
                        "o": "]",
                        "break": "missing",
                        "breakEnd": "P345999.16.2.3"
                      }
                    ]
                  }
                },
                {
                  "node": "d",
                  "type": "field-end",
                  "subtype": "eq"
                },
                {
                  "node": "d",
                  "type": "cell-end"
                },
                {
                  "node": "d",
                  "type": "nonx",
                  "ref": "P345999.17",
                  "strict": "0",
                  "state": "missing"
                }
              ]
            }
          ]
        }
      ]
    }
  ]
}
