{
  "type": "cdl",
  "project": "dcclt",
  "source": "http://oracc.org/dcclt",
  "license": "This data is released under the CC0 license",
  "license-url": "https://creativecommons.org/publicdomain/zero/1.0/",
  "more-info": "http://oracc.org/doc/opendata/",
  "UTC-timestamp": "2017-06-21T22:11:43",
  "textid": "P347791",
  "cdl": [
    {
      "node": "c",
      "type": "text",
      "id": "P347791.U0",
      "cdl": [
        {
          "node": "d",
          "subtype": "tablet",
          "type": "tablet",
          "ref": "P347791.x1957.1",
          "label": "x1957"
        },
        {
          "node": "d",
          "subtype": "obverse",
          "type": "obverse",
          "ref": "P347791.o.2",
          "label": "o"
        },
        {
          "node": "d",
          "subtype": "column 1o '",
          "type": "column",
          "ref": "P347791.o.i_.3",
          "n": "1",
          "label": "o i'"
        },
        {
          "node": "d",
          "type": "nonx",
          "ref": "P347791.4",
          "strict": "1",
          "extent": "beginning",
          "scope": "line",
          "state": "missing"
        },
        {
          "node": "c",
          "type": "discourse",
          "subtype": "body",
          "id": "P347791.U1",
          "cdl": [
            {
              "node": "c",
              "type": "sentence",
              "id": "P347791.U2",
              "label": "o i' 1' - o ii' 12'",
              "cdl": [
                {
                  "node": "d",
                  "type": "line-start",
                  "ref": "P347791.5",
                  "n": "1'",
                  "label": "o i' 1'"
                },
                {
                  "node": "d",
                  "type": "cell-start"
                },
                {
                  "node": "d",
                  "type": "field-start",
                  "subtype": "wp"
                },
                {
                  "node": "l",
                  "frag": "[dam]",
                  "id": "P347791.l4df58",
                  "ref": "P347791.5.1",
                  "inst": "dam[spouse]N",
                  "sig": "@dcclt%sux:dam=dam[spouse//spouse]N'N$dam/dam#~",
                  "f": {
                    "lang": "sux",
                    "form": "dam",
                    "delim": " ",
                    "gdl": [
                      {
                        "v": "dam",
                        "id": "P347791.5.1.0",
                        "breakStart": "1",
                        "o": "]",
                        "break": "missing",
                        "breakEnd": "P347791.5.1.0"
                      }
                    ],
                    "cf": "dam",
                    "gw": "spouse",
                    "sense": "spouse",
                    "norm0": "dam",
                    "pos": "N",
                    "epos": "N",
                    "base": "dam",
                    "morph": "~"
                  }
                },
                {
                  "node": "l",
                  "frag": "⸢dam⸣",
                  "id": "P347791.l4df59",
                  "ref": "P347791.5.2",
                  "inst": "dam[spouse]N",
                  "sig": "@dcclt%sux:dam=dam[spouse//spouse]N'N$dam/dam#~",
                  "f": {
                    "lang": "sux",
                    "form": "dam",
                    "gdl": [
                      {
                        "v": "dam",
                        "id": "P347791.5.2.0",
                        "break": "damaged",
                        "queried": "1",
                        "ho": "1",
                        "hc": "1"
                      }
                    ],
                    "cf": "dam",
                    "gw": "spouse",
                    "sense": "spouse",
                    "norm0": "dam",
                    "pos": "N",
                    "epos": "N",
                    "base": "dam",
                    "morph": "~"
                  }
                },
                {
                  "node": "d",
                  "type": "field-end",
                  "subtype": "wp"
                },
                {
                  "node": "d",
                  "type": "cell-end"
                },
                {
                  "node": "d",
                  "type": "cell-start"
                },
                {
                  "node": "d",
                  "type": "field-start",
                  "subtype": "eq"
                },
                {
                  "node": "l",
                  "frag": "⸢al-ti",
                  "id": "P347791.l4df5a",
                  "ref": "P347791.5.3",
                  "inst": "alti[wife]N",
                  "sig": "@dcclt%akk:al-ti=aššatu[wife//wife]N'N$alti",
                  "f": {
                    "lang": "akk",
                    "form": "al-ti",
                    "delim": " ",
                    "gdl": [
                      {
                        "v": "al",
                        "id": "P347791.5.3.0",
                        "break": "damaged",
                        "ho": "1",
                        "delim": "-"
                      },
                      {
                        "v": "ti",
                        "id": "P347791.5.3.1",
                        "break": "damaged"
                      }
                    ],
                    "cf": "aššatu",
                    "gw": "wife",
                    "sense": "wife",
                    "norm": "alti",
                    "pos": "N",
                    "epos": "N"
                  }
                },
                {
                  "node": "l",
                  "frag": "mu-ti⸣",
                  "id": "P347791.l4df5b",
                  "ref": "P347791.5.4",
                  "inst": "muti[husband]N",
                  "sig": "@dcclt%akk:mu-ti=mutu[husband//husband]N'N$muti",
                  "f": {
                    "lang": "akk",
                    "form": "mu-ti",
                    "gdl": [
                      {
                        "v": "mu",
                        "id": "P347791.5.4.0",
                        "break": "damaged",
                        "delim": "-"
                      },
                      {
                        "v": "ti",
                        "id": "P347791.5.4.1",
                        "break": "damaged",
                        "hc": "1"
                      }
                    ],
                    "cf": "mutu",
                    "gw": "husband",
                    "sense": "husband",
                    "norm": "muti",
                    "pos": "N",
                    "epos": "N"
                  }
                },
                {
                  "node": "d",
                  "type": "field-end",
                  "subtype": "eq"
                },
                {
                  "node": "d",
                  "type": "cell-end"
                },
                {
                  "node": "d",
                  "type": "line-start",
                  "ref": "P347791.6",
                  "n": "2'",
                  "label": "o i' 2'"
                },
                {
                  "node": "d",
                  "type": "cell-start"
                },
                {
                  "node": "d",
                  "type": "field-start",
                  "subtype": "wp"
                },
                {
                  "node": "l",
                  "frag": "[...]-⸢x⸣",
                  "id": "P347791.l4df5c",
                  "ref": "P347791.6.1",
                  "inst": "u",
                  "f": {
                    "lang": "sux",
                    "form": "x-x",
                    "gdl": [
                      {
                        "x": "ellipsis",
                        "id": "P347791.6.1.0",
                        "breakStart": "1",
                        "break": "missing",
                        "o": "]",
                        "breakEnd": "P347791.6.1.0",
                        "delim": "-"
                      },
                      {
                        "v": "x",
                        "id": "P347791.6.1.1",
                        "break": "damaged",
                        "ho": "1",
                        "hc": "1"
                      }
                    ],
                    "pos": "u"
                  }
                },
                {
                  "node": "d",
                  "type": "field-end",
                  "subtype": "wp"
                },
                {
                  "node": "d",
                  "type": "cell-end"
                },
                {
                  "node": "d",
                  "type": "cell-start"
                },
                {
                  "node": "d",
                  "type": "field-start",
                  "subtype": "eq"
                },
                {
                  "node": "d",
                  "type": "surro",
                  "ref": "P347791.6.2",
                  "lang": "akk"
                },
                {
                  "node": "l",
                  "id": "P347791.l4df5d",
                  "ref": "P347791.6.3",
                  "inst": "alti[wife]N",
                  "sig": "@dcclt%akk:al-ti=aššatu[wife//wife]N'N$alti",
                  "f": {
                    "lang": "akk",
                    "form": "al-ti",
                    "delim": " ",
                    "gdl": [
                      {
                        "v": "al",
                        "id": "P347791.6.3.0",
                        "delim": "-"
                      },
                      {
                        "v": "ti",
                        "id": "P347791.6.3.1"
                      }
                    ],
                    "cf": "aššatu",
                    "gw": "wife",
                    "sense": "wife",
                    "norm": "alti",
                    "pos": "N",
                    "epos": "N"
                  }
                },
                {
                  "node": "l",
                  "frag": "eṭ-lum",
                  "id": "P347791.l4df5e",
                  "ref": "P347791.6.4",
                  "inst": "eṭlum[young man]N",
                  "sig": "@dcclt%akk:eṭ-lum=eṭlu[young man//young man]N'N$eṭlum",
                  "f": {
                    "lang": "akk",
                    "form": "eṭ-lum",
                    "gdl": [
                      {
                        "v": "eṭ",
                        "id": "P347791.6.4.0",
                        "delim": "-"
                      },
                      {
                        "v": "lum",
                        "id": "P347791.6.4.1"
                      }
                    ],
                    "cf": "eṭlu",
                    "gw": "young man",
                    "sense": "young man",
                    "norm": "eṭlum",
                    "pos": "N",
                    "epos": "N"
                  }
                },
                {
                  "node": "d",
                  "type": "field-end",
                  "subtype": "eq"
                },
                {
                  "node": "d",
                  "type": "cell-end"
                },
                {
                  "node": "d",
                  "type": "line-start",
                  "ref": "P347791.7",
                  "n": "3'",
                  "label": "o i' 3'"
                },
                {
                  "node": "d",
                  "type": "cell-start"
                },
                {
                  "node": "d",
                  "type": "field-start",
                  "subtype": "wp"
                },
                {
                  "node": "l",
                  "frag": "[...]-⸢x⸣",
                  "id": "P347791.l4df5f",
                  "ref": "P347791.7.1",
                  "inst": "u",
                  "f": {
                    "lang": "sux",
                    "form": "x-x",
                    "gdl": [
                      {
                        "x": "ellipsis",
                        "id": "P347791.7.1.0",
                        "breakStart": "1",
                        "break": "missing",
                        "o": "]",
                        "breakEnd": "P347791.7.1.0",
                        "delim": "-"
                      },
                      {
                        "v": "x",
                        "id": "P347791.7.1.1",
                        "break": "damaged",
                        "ho": "1",
                        "hc": "1"
                      }
                    ],
                    "pos": "u"
                  }
                },
                {
                  "node": "d",
                  "type": "field-end",
                  "subtype": "wp"
                },
                {
                  "node": "d",
                  "type": "cell-end"
                },
                {
                  "node": "d",
                  "type": "cell-start"
                },
                {
                  "node": "d",
                  "type": "field-start",
                  "subtype": "eq"
                },
                {
                  "node": "d",
                  "type": "surro",
                  "ref": "P347791.7.2",
                  "lang": "akk"
                },
                {
                  "node": "l",
                  "id": "P347791.l4df60",
                  "ref": "P347791.7.3",
                  "inst": "alti[wife]N",
                  "sig": "@dcclt%akk:al-ti=aššatu[wife//wife]N'N$alti",
                  "f": {
                    "lang": "akk",
                    "form": "al-ti",
                    "delim": " ",
                    "gdl": [
                      {
                        "v": "al",
                        "id": "P347791.7.3.0",
                        "delim": "-"
                      },
                      {
                        "v": "ti",
                        "id": "P347791.7.3.1"
                      }
                    ],
                    "cf": "aššatu",
                    "gw": "wife",
                    "sense": "wife",
                    "norm": "alti",
                    "pos": "N",
                    "epos": "N"
                  }
                },
                {
                  "node": "l",
                  "frag": "a-me-lu",
                  "id": "P347791.l4df61",
                  "ref": "P347791.7.4",
                  "inst": "amēlu[man]N",
                  "sig": "@dcclt%akk:a-me-lu=awīlu[man//man]N'N$amēlu",
                  "f": {
                    "lang": "akk",
                    "form": "a-me-lu",
                    "gdl": [
                      {
                        "v": "a",
                        "id": "P347791.7.4.0",
                        "delim": "-"
                      },
                      {
                        "v": "me",
                        "id": "P347791.7.4.1",
                        "delim": "-"
                      },
                      {
                        "v": "lu",
                        "id": "P347791.7.4.2"
                      }
                    ],
                    "cf": "awīlu",
                    "gw": "man",
                    "sense": "man",
                    "norm": "amēlu",
                    "pos": "N",
                    "epos": "N"
                  }
                },
                {
                  "node": "d",
                  "type": "field-end",
                  "subtype": "eq"
                },
                {
                  "node": "d",
                  "type": "cell-end"
                },
                {
                  "node": "d",
                  "type": "line-start",
                  "ref": "P347791.8",
                  "n": "4'",
                  "label": "o i' 4'"
                },
                {
                  "node": "d",
                  "type": "cell-start"
                },
                {
                  "node": "d",
                  "type": "field-start",
                  "subtype": "wp"
                },
                {
                  "node": "l",
                  "frag": "[...]-⸢da⸣",
                  "id": "P347791.l4df62",
                  "ref": "P347791.8.1",
                  "inst": "u",
                  "f": {
                    "lang": "sux",
                    "form": "x-da",
                    "gdl": [
                      {
                        "x": "ellipsis",
                        "id": "P347791.8.1.0",
                        "breakStart": "1",
                        "break": "missing",
                        "o": "]",
                        "breakEnd": "P347791.8.1.0",
                        "delim": "-"
                      },
                      {
                        "v": "da",
                        "id": "P347791.8.1.1",
                        "break": "damaged",
                        "queried": "1",
                        "ho": "1",
                        "hc": "1"
                      }
                    ],
                    "pos": "u"
                  }
                },
                {
                  "node": "d",
                  "type": "field-end",
                  "subtype": "wp"
                },
                {
                  "node": "d",
                  "type": "cell-end"
                },
                {
                  "node": "d",
                  "type": "cell-start"
                },
                {
                  "node": "d",
                  "type": "field-start",
                  "subtype": "eq"
                },
                {
                  "node": "l",
                  "frag": "še-eʾ-i-tum",
                  "id": "P347791.l4df63",
                  "ref": "P347791.8.2",
                  "inst": "+šiʾītu[neighbour (f.)//secondary wife]N'N$šeʾītum",
                  "sig": "@dcclt%akk:še-eʾ-i-tum=šiʾītu[neighbour (f.)//secondary wife]N'N$šeʾītum",
                  "f": {
                    "lang": "akk",
                    "form": "še-eʾ-i-tum",
                    "gdl": [
                      {
                        "v": "še",
                        "id": "P347791.8.2.0",
                        "delim": "-"
                      },
                      {
                        "v": "eʾ",
                        "id": "P347791.8.2.1",
                        "delim": "-"
                      },
                      {
                        "v": "i",
                        "id": "P347791.8.2.2",
                        "delim": "-"
                      },
                      {
                        "v": "tum",
                        "id": "P347791.8.2.3"
                      }
                    ],
                    "cf": "šiʾītu",
                    "gw": "neighbour (f.)",
                    "sense": "secondary wife",
                    "norm": "šeʾītum",
                    "pos": "N",
                    "epos": "N"
                  }
                },
                {
                  "node": "d",
                  "type": "field-end",
                  "subtype": "eq"
                },
                {
                  "node": "d",
                  "type": "cell-end"
                },
                {
                  "node": "d",
                  "type": "line-start",
                  "ref": "P347791.9",
                  "n": "5'",
                  "label": "o i' 5'"
                },
                {
                  "node": "d",
                  "type": "cell-start"
                },
                {
                  "node": "d",
                  "type": "field-start",
                  "subtype": "wp"
                },
                {
                  "node": "l",
                  "frag": "[dam]",
                  "id": "P347791.l4df64",
                  "ref": "P347791.9.1",
                  "inst": "dam[spouse]N",
                  "sig": "@dcclt%sux:dam=dam[spouse//spouse]N'N$dam/dam#~",
                  "f": {
                    "lang": "sux",
                    "form": "dam",
                    "delim": " ",
                    "gdl": [
                      {
                        "v": "dam",
                        "id": "P347791.9.1.0",
                        "breakStart": "1",
                        "o": "]",
                        "break": "missing",
                        "breakEnd": "P347791.9.1.0"
                      }
                    ],
                    "cf": "dam",
                    "gw": "spouse",
                    "sense": "spouse",
                    "norm0": "dam",
                    "pos": "N",
                    "epos": "N",
                    "base": "dam",
                    "morph": "~"
                  }
                },
                {
                  "node": "l",
                  "frag": "⸢kaskal⸣",
                  "id": "P347791.l4df65",
                  "ref": "P347791.9.2",
                  "inst": "kaskal[way, road]N",
                  "sig": "@dcclt%sux:kaskal=kaskal[way//way, road]N'N$kaskal/kaskal#~",
                  "f": {
                    "lang": "sux",
                    "form": "kaskal",
                    "gdl": [
                      {
                        "v": "kaskal",
                        "id": "P347791.9.2.0",
                        "break": "damaged",
                        "queried": "1",
                        "ho": "1",
                        "hc": "1"
                      }
                    ],
                    "cf": "kaskal",
                    "gw": "way",
                    "sense": "way, road",
                    "norm0": "kaskal",
                    "pos": "N",
                    "epos": "N",
                    "base": "kaskal",
                    "morph": "~"
                  }
                },
                {
                  "node": "d",
                  "type": "field-end",
                  "subtype": "wp"
                },
                {
                  "node": "d",
                  "type": "cell-end"
                },
                {
                  "node": "d",
                  "type": "cell-start"
                },
                {
                  "node": "d",
                  "type": "field-start",
                  "subtype": "eq"
                },
                {
                  "node": "d",
                  "type": "surro",
                  "ref": "P347791.9.3",
                  "lang": "akk"
                },
                {
                  "node": "l",
                  "id": "P347791.l4df66",
                  "ref": "P347791.9.4",
                  "inst": "šeʾītum[secondary wife]'N",
                  "sig": "@dcclt%akk:še-eʾ-i-tum=šiʾītu[neighbour (f.)//secondary wife]N'N$šeʾītum",
                  "f": {
                    "lang": "akk",
                    "form": "še-eʾ-i-tum",
                    "delim": " ",
                    "gdl": [
                      {
                        "v": "še",
                        "id": "P347791.9.4.0",
                        "delim": "-"
                      },
                      {
                        "v": "eʾ",
                        "id": "P347791.9.4.1",
                        "delim": "-"
                      },
                      {
                        "v": "i",
                        "id": "P347791.9.4.2",
                        "delim": "-"
                      },
                      {
                        "v": "tum",
                        "id": "P347791.9.4.3"
                      }
                    ],
                    "cf": "šiʾītu",
                    "gw": "neighbour (f.)",
                    "sense": "secondary wife",
                    "norm": "šeʾītum",
                    "pos": "N",
                    "epos": "N"
                  }
                },
                {
                  "node": "d",
                  "type": "field-end",
                  "subtype": "eq"
                },
                {
                  "node": "d",
                  "type": "cell-end"
                },
                {
                  "node": "d",
                  "type": "line-start",
                  "ref": "P347791.10",
                  "n": "6'",
                  "label": "o i' 6'"
                },
                {
                  "node": "d",
                  "type": "cell-start"
                },
                {
                  "node": "d",
                  "type": "field-start",
                  "subtype": "wp"
                },
                {
                  "node": "l",
                  "frag": "[...]",
                  "id": "P347791.l4df67",
                  "ref": "P347791.10.1",
                  "inst": "u",
                  "f": {
                    "lang": "sux",
                    "form": "x",
                    "gdl": [
                      {
                        "x": "ellipsis",
                        "id": "P347791.10.1.0",
                        "breakStart": "1",
                        "break": "missing",
                        "o": "]",
                        "breakEnd": "P347791.10.1.0"
                      }
                    ],
                    "pos": "u"
                  }
                },
                {
                  "node": "d",
                  "type": "field-end",
                  "subtype": "wp"
                },
                {
                  "node": "d",
                  "type": "cell-end"
                },
                {
                  "node": "d",
                  "type": "cell-start"
                },
                {
                  "node": "d",
                  "type": "field-start",
                  "subtype": "eq"
                },
                {
                  "node": "l",
                  "frag": "⸢tap⸣-pat-tum",
                  "id": "P347791.l4df68",
                  "ref": "P347791.10.2",
                  "inst": "+tappātu[(female) companion]N$tappattum",
                  "sig": "@dcclt%akk:tap-pat-tum=tappātu[(female) companion//(female) companion]N'N$tappattum",
                  "f": {
                    "lang": "akk",
                    "form": "tap-pat-tum",
                    "gdl": [
                      {
                        "v": "tap",
                        "id": "P347791.10.2.0",
                        "break": "damaged",
                        "ho": "1",
                        "delim": "-",
                        "hc": "1"
                      },
                      {
                        "v": "pat",
                        "id": "P347791.10.2.1",
                        "delim": "-"
                      },
                      {
                        "v": "tum",
                        "id": "P347791.10.2.2"
                      }
                    ],
                    "cf": "tappātu",
                    "gw": "(female) companion",
                    "sense": "(female) companion",
                    "norm": "tappattum",
                    "pos": "N",
                    "epos": "N"
                  }
                },
                {
                  "node": "d",
                  "type": "field-end",
                  "subtype": "eq"
                },
                {
                  "node": "d",
                  "type": "cell-end"
                },
                {
                  "node": "d",
                  "type": "line-start",
                  "ref": "P347791.11",
                  "n": "7'",
                  "label": "o i' 7'"
                },
                {
                  "node": "d",
                  "type": "cell-start"
                },
                {
                  "node": "d",
                  "type": "field-start",
                  "subtype": "wp"
                },
                {
                  "node": "l",
                  "frag": "[...]",
                  "id": "P347791.l4df69",
                  "ref": "P347791.11.1",
                  "inst": "u",
                  "f": {
                    "lang": "sux",
                    "form": "x",
                    "gdl": [
                      {
                        "x": "ellipsis",
                        "id": "P347791.11.1.0",
                        "breakStart": "1",
                        "break": "missing",
                        "o": "]",
                        "breakEnd": "P347791.11.1.0"
                      }
                    ],
                    "pos": "u"
                  }
                },
                {
                  "node": "d",
                  "type": "field-end",
                  "subtype": "wp"
                },
                {
                  "node": "d",
                  "type": "cell-end"
                },
                {
                  "node": "d",
                  "type": "cell-start"
                },
                {
                  "node": "d",
                  "type": "field-start",
                  "subtype": "eq"
                },
                {
                  "node": "l",
                  "frag": "ṣer-⸢re-tum⸣",
                  "id": "P347791.l4df6a",
                  "ref": "P347791.11.2",
                  "inst": "+ṣerretu[concubine]N$ṣerretum",
                  "sig": "@dcclt%akk:ṣer-re-tum=ṣerretu[concubine//concubine]N'N$ṣerretum",
                  "f": {
                    "lang": "akk",
                    "form": "ṣer-re-tum",
                    "gdl": [
                      {
                        "v": "ṣer",
                        "id": "P347791.11.2.0",
                        "delim": "-"
                      },
                      {
                        "v": "re",
                        "id": "P347791.11.2.1",
                        "break": "damaged",
                        "ho": "1",
                        "delim": "-"
                      },
                      {
                        "v": "tum",
                        "id": "P347791.11.2.2",
                        "break": "damaged",
                        "hc": "1"
                      }
                    ],
                    "cf": "ṣerretu",
                    "gw": "concubine",
                    "sense": "concubine",
                    "norm": "ṣerretum",
                    "pos": "N",
                    "epos": "N"
                  }
                },
                {
                  "node": "d",
                  "type": "field-end",
                  "subtype": "eq"
                },
                {
                  "node": "d",
                  "type": "cell-end"
                },
                {
                  "node": "d",
                  "type": "line-start",
                  "ref": "P347791.12",
                  "n": "8'",
                  "label": "o i' 8'"
                },
                {
                  "node": "d",
                  "type": "cell-start"
                },
                {
                  "node": "d",
                  "type": "field-start",
                  "subtype": "wp"
                },
                {
                  "node": "l",
                  "frag": "[...]",
                  "id": "P347791.l4df6b",
                  "ref": "P347791.12.1",
                  "inst": "u",
                  "f": {
                    "lang": "sux",
                    "form": "x",
                    "gdl": [
                      {
                        "x": "ellipsis",
                        "id": "P347791.12.1.0",
                        "breakStart": "1",
                        "break": "missing",
                        "o": "]",
                        "breakEnd": "P347791.12.1.0"
                      }
                    ],
                    "pos": "u"
                  }
                },
                {
                  "node": "d",
                  "type": "field-end",
                  "subtype": "wp"
                },
                {
                  "node": "d",
                  "type": "cell-end"
                },
                {
                  "node": "d",
                  "type": "cell-start"
                },
                {
                  "node": "d",
                  "type": "field-start",
                  "subtype": "eq"
                },
                {
                  "node": "l",
                  "frag": "⸢a-ha-tum⸣",
                  "id": "P347791.l4df6c",
                  "ref": "P347791.12.2",
                  "inst": "+ahātu[sister]N$ahātum",
                  "sig": "@dcclt%akk:a-ha-tum=ahātu[sister//sister]N'N$ahātum",
                  "f": {
                    "lang": "akk",
                    "form": "a-ha-tum",
                    "gdl": [
                      {
                        "v": "a",
                        "id": "P347791.12.2.0",
                        "break": "damaged",
                        "ho": "1",
                        "delim": "-"
                      },
                      {
                        "v": "ha",
                        "id": "P347791.12.2.1",
                        "break": "damaged",
                        "delim": "-"
                      },
                      {
                        "v": "tum",
                        "id": "P347791.12.2.2",
                        "break": "damaged",
                        "hc": "1"
                      }
                    ],
                    "cf": "ahātu",
                    "gw": "sister",
                    "sense": "sister",
                    "norm": "ahātum",
                    "pos": "N",
                    "epos": "N"
                  }
                },
                {
                  "node": "d",
                  "type": "field-end",
                  "subtype": "eq"
                },
                {
                  "node": "d",
                  "type": "cell-end"
                },
                {
                  "node": "d",
                  "type": "line-start",
                  "ref": "P347791.13",
                  "n": "9'",
                  "label": "o i' 9'"
                },
                {
                  "node": "d",
                  "type": "cell-start"
                },
                {
                  "node": "d",
                  "type": "field-start",
                  "subtype": "wp"
                },
                {
                  "node": "l",
                  "frag": "[...]",
                  "id": "P347791.l4df6d",
                  "ref": "P347791.13.1",
                  "inst": "u",
                  "f": {
                    "lang": "sux",
                    "form": "x",
                    "gdl": [
                      {
                        "x": "ellipsis",
                        "id": "P347791.13.1.0",
                        "breakStart": "1",
                        "break": "missing",
                        "o": "]",
                        "breakEnd": "P347791.13.1.0"
                      }
                    ],
                    "pos": "u"
                  }
                },
                {
                  "node": "d",
                  "type": "field-end",
                  "subtype": "wp"
                },
                {
                  "node": "d",
                  "type": "cell-end"
                },
                {
                  "node": "d",
                  "type": "cell-start"
                },
                {
                  "node": "d",
                  "type": "field-start",
                  "subtype": "eq"
                },
                {
                  "node": "l",
                  "frag": "[be]-⸢el-tum⸣",
                  "id": "P347791.l4df6e",
                  "ref": "P347791.13.2",
                  "inst": "bēltum[lady]N",
                  "sig": "@dcclt%akk:be-el-tum=bēltu[lady//lady]N'N$bēltum",
                  "f": {
                    "lang": "akk",
                    "form": "be-el-tum",
                    "gdl": [
                      {
                        "v": "be",
                        "id": "P347791.13.2.0",
                        "breakStart": "1",
                        "o": "]",
                        "break": "missing",
                        "breakEnd": "P347791.13.2.0",
                        "delim": "-"
                      },
                      {
                        "v": "el",
                        "id": "P347791.13.2.1",
                        "break": "damaged",
                        "queried": "1",
                        "ho": "1",
                        "delim": "-"
                      },
                      {
                        "v": "tum",
                        "id": "P347791.13.2.2",
                        "break": "damaged",
                        "hc": "1"
                      }
                    ],
                    "cf": "bēltu",
                    "gw": "lady",
                    "sense": "lady",
                    "norm": "bēltum",
                    "pos": "N",
                    "epos": "N"
                  }
                },
                {
                  "node": "d",
                  "type": "field-end",
                  "subtype": "eq"
                },
                {
                  "node": "d",
                  "type": "cell-end"
                },
                {
                  "node": "d",
                  "type": "line-start",
                  "ref": "P347791.14",
                  "n": "10'",
                  "label": "o i' 10'"
                },
                {
                  "node": "d",
                  "type": "cell-start"
                },
                {
                  "node": "d",
                  "type": "field-start",
                  "subtype": "wp"
                },
                {
                  "node": "l",
                  "frag": "[...]",
                  "id": "P347791.l4df6f",
                  "ref": "P347791.14.1",
                  "inst": "u",
                  "f": {
                    "lang": "sux",
                    "form": "x",
                    "gdl": [
                      {
                        "x": "ellipsis",
                        "id": "P347791.14.1.0",
                        "breakStart": "1",
                        "break": "missing",
                        "o": "]",
                        "breakEnd": "P347791.14.1.0"
                      }
                    ],
                    "pos": "u"
                  }
                },
                {
                  "node": "d",
                  "type": "field-end",
                  "subtype": "wp"
                },
                {
                  "node": "d",
                  "type": "cell-end"
                },
                {
                  "node": "d",
                  "type": "cell-start"
                },
                {
                  "node": "d",
                  "type": "field-start",
                  "subtype": "eq"
                },
                {
                  "node": "l",
                  "frag": "[x]-⸢x-tum⸣",
                  "id": "P347791.l4df70",
                  "ref": "P347791.14.2",
                  "inst": "u",
                  "f": {
                    "lang": "akk",
                    "form": "x-x-tum",
                    "gdl": [
                      {
                        "v": "x",
                        "id": "P347791.14.2.0",
                        "breakStart": "1",
                        "o": "]",
                        "break": "missing",
                        "breakEnd": "P347791.14.2.0",
                        "delim": "-"
                      },
                      {
                        "v": "x",
                        "id": "P347791.14.2.1",
                        "break": "damaged",
                        "ho": "1",
                        "delim": "-"
                      },
                      {
                        "v": "tum",
                        "id": "P347791.14.2.2",
                        "break": "damaged",
                        "hc": "1"
                      }
                    ],
                    "pos": "u"
                  }
                },
                {
                  "node": "d",
                  "type": "field-end",
                  "subtype": "eq"
                },
                {
                  "node": "d",
                  "type": "cell-end"
                },
                {
                  "node": "d",
                  "type": "line-start",
                  "ref": "P347791.15",
                  "n": "11'",
                  "label": "o i' 11'"
                },
                {
                  "node": "d",
                  "type": "cell-start"
                },
                {
                  "node": "d",
                  "type": "field-start",
                  "subtype": "wp"
                },
                {
                  "node": "l",
                  "frag": "[...]",
                  "id": "P347791.l4df71",
                  "ref": "P347791.15.1",
                  "inst": "u",
                  "f": {
                    "lang": "sux",
                    "form": "x",
                    "gdl": [
                      {
                        "x": "ellipsis",
                        "id": "P347791.15.1.0",
                        "breakStart": "1",
                        "break": "missing",
                        "o": "]",
                        "breakEnd": "P347791.15.1.0"
                      }
                    ],
                    "pos": "u"
                  }
                },
                {
                  "node": "d",
                  "type": "field-end",
                  "subtype": "wp"
                },
                {
                  "node": "d",
                  "type": "cell-end"
                },
                {
                  "node": "d",
                  "type": "cell-start"
                },
                {
                  "node": "d",
                  "type": "field-start",
                  "subtype": "eq"
                },
                {
                  "node": "l",
                  "frag": "[ma]-⸢ar-tum⸣",
                  "id": "P347791.l4df72",
                  "ref": "P347791.15.2",
                  "inst": "+mārtu[daughter]N$mārtum",
                  "sig": "@dcclt%akk:ma-ar-tum=mārtu[daughter//daughter]N'N$mārtum",
                  "f": {
                    "lang": "akk",
                    "form": "ma-ar-tum",
                    "gdl": [
                      {
                        "v": "ma",
                        "id": "P347791.15.2.0",
                        "breakStart": "1",
                        "o": "]",
                        "break": "missing",
                        "breakEnd": "P347791.15.2.0",
                        "delim": "-"
                      },
                      {
                        "v": "ar",
                        "id": "P347791.15.2.1",
                        "break": "damaged",
                        "queried": "1",
                        "ho": "1",
                        "delim": "-"
                      },
                      {
                        "v": "tum",
                        "id": "P347791.15.2.2",
                        "break": "damaged",
                        "hc": "1"
                      }
                    ],
                    "cf": "mārtu",
                    "gw": "daughter",
                    "sense": "daughter",
                    "norm": "mārtum",
                    "pos": "N",
                    "epos": "N"
                  }
                },
                {
                  "node": "d",
                  "type": "field-end",
                  "subtype": "eq"
                },
                {
                  "node": "d",
                  "type": "cell-end"
                },
                {
                  "node": "d",
                  "type": "line-start",
                  "ref": "P347791.16",
                  "n": "12'",
                  "label": "o i' 12'"
                },
                {
                  "node": "d",
                  "type": "cell-start"
                },
                {
                  "node": "d",
                  "type": "field-start",
                  "subtype": "wp"
                },
                {
                  "node": "l",
                  "frag": "[...]",
                  "id": "P347791.l4df73",
                  "ref": "P347791.16.1",
                  "inst": "u",
                  "f": {
                    "lang": "sux",
                    "form": "x",
                    "gdl": [
                      {
                        "x": "ellipsis",
                        "id": "P347791.16.1.0",
                        "breakStart": "1",
                        "break": "missing",
                        "o": "]",
                        "breakEnd": "P347791.16.1.0"
                      }
                    ],
                    "pos": "u"
                  }
                },
                {
                  "node": "d",
                  "type": "field-end",
                  "subtype": "wp"
                },
                {
                  "node": "d",
                  "type": "cell-end"
                },
                {
                  "node": "d",
                  "type": "cell-start"
                },
                {
                  "node": "d",
                  "type": "field-start",
                  "subtype": "eq"
                },
                {
                  "node": "l",
                  "frag": "[...]-⸢tum⸣",
                  "id": "P347791.l4df74",
                  "ref": "P347791.16.2",
                  "inst": "u",
                  "f": {
                    "lang": "akk",
                    "form": "x-tum",
                    "gdl": [
                      {
                        "x": "ellipsis",
                        "id": "P347791.16.2.0",
                        "breakStart": "1",
                        "break": "missing",
                        "o": "]",
                        "breakEnd": "P347791.16.2.0",
                        "delim": "-"
                      },
                      {
                        "v": "tum",
                        "id": "P347791.16.2.1",
                        "break": "damaged",
                        "ho": "1",
                        "hc": "1"
                      }
                    ],
                    "pos": "u"
                  }
                },
                {
                  "node": "d",
                  "type": "field-end",
                  "subtype": "eq"
                },
                {
                  "node": "d",
                  "type": "cell-end"
                },
                {
                  "node": "d",
                  "type": "line-start",
                  "ref": "P347791.17",
                  "n": "13'",
                  "label": "o i' 13'"
                },
                {
                  "node": "d",
                  "type": "cell-start"
                },
                {
                  "node": "d",
                  "type": "field-start",
                  "subtype": "wp"
                },
                {
                  "node": "l",
                  "frag": "[...]",
                  "id": "P347791.l4df75",
                  "ref": "P347791.17.1",
                  "inst": "u",
                  "f": {
                    "lang": "sux",
                    "form": "x",
                    "gdl": [
                      {
                        "x": "ellipsis",
                        "id": "P347791.17.1.0",
                        "breakStart": "1",
                        "break": "missing",
                        "o": "]",
                        "breakEnd": "P347791.17.1.0"
                      }
                    ],
                    "pos": "u"
                  }
                },
                {
                  "node": "d",
                  "type": "field-end",
                  "subtype": "wp"
                },
                {
                  "node": "d",
                  "type": "cell-end"
                },
                {
                  "node": "d",
                  "type": "cell-start"
                },
                {
                  "node": "d",
                  "type": "field-start",
                  "subtype": "eq"
                },
                {
                  "node": "l",
                  "frag": "[...]-⸢u⸣",
                  "id": "P347791.l4df76",
                  "ref": "P347791.17.2",
                  "inst": "u",
                  "f": {
                    "lang": "akk",
                    "form": "x-u",
                    "gdl": [
                      {
                        "x": "ellipsis",
                        "id": "P347791.17.2.0",
                        "breakStart": "1",
                        "break": "missing",
                        "o": "]",
                        "breakEnd": "P347791.17.2.0",
                        "delim": "-"
                      },
                      {
                        "v": "u",
                        "id": "P347791.17.2.1",
                        "break": "damaged",
                        "queried": "1",
                        "ho": "1",
                        "hc": "1"
                      }
                    ],
                    "pos": "u"
                  }
                },
                {
                  "node": "d",
                  "type": "field-end",
                  "subtype": "eq"
                },
                {
                  "node": "d",
                  "type": "cell-end"
                },
                {
                  "node": "d",
                  "type": "nonx",
                  "ref": "P347791.18",
                  "strict": "1",
                  "extent": "rest",
                  "scope": "line",
                  "state": "missing"
                },
                {
                  "node": "d",
                  "subtype": "column 2o '",
                  "type": "column",
                  "ref": "P347791.o.ii_.19",
                  "n": "2",
                  "label": "o ii'"
                },
                {
                  "node": "d",
                  "type": "nonx",
                  "ref": "P347791.20",
                  "strict": "1",
                  "extent": "beginning",
                  "scope": "line",
                  "state": "missing"
                },
                {
                  "node": "d",
                  "type": "line-start",
                  "ref": "P347791.21",
                  "n": "1'",
                  "label": "o ii' 1'"
                },
                {
                  "node": "d",
                  "type": "cell-start"
                },
                {
                  "node": "d",
                  "type": "field-start",
                  "subtype": "wp"
                },
                {
                  "node": "d",
                  "type": "nonw",
                  "ref": ""
                },
                {
                  "node": "l",
                  "frag": "[igi]",
                  "id": "P347791.l4df77",
                  "ref": "P347791.21.1",
                  "inst": "igi[eye]N",
                  "sig": "@dcclt%sux:igi=igi[eye//eye]N'N$igi/igi#~",
                  "f": {
                    "lang": "sux",
                    "form": "igi",
                    "gdl": [
                      {
                        "v": "igi",
                        "id": "P347791.21.1.0",
                        "breakStart": "1",
                        "o": "]",
                        "break": "missing",
                        "breakEnd": "P347791.21.1.0"
                      }
                    ],
                    "cf": "igi",
                    "gw": "eye",
                    "sense": "eye",
                    "norm0": "igi",
                    "pos": "N",
                    "epos": "N",
                    "base": "igi",
                    "morph": "~"
                  }
                },
                {
                  "node": "d",
                  "type": "field-end",
                  "subtype": "wp"
                },
                {
                  "node": "d",
                  "type": "cell-end"
                },
                {
                  "node": "d",
                  "type": "cell-start"
                },
                {
                  "node": "d",
                  "type": "field-start",
                  "subtype": "eq"
                },
                {
                  "node": "l",
                  "frag": "[...]",
                  "id": "P347791.l4df78",
                  "ref": "P347791.21.2",
                  "inst": "u",
                  "f": {
                    "lang": "akk",
                    "form": "x",
                    "gdl": [
                      {
                        "x": "ellipsis",
                        "id": "P347791.21.2.0",
                        "breakStart": "1",
                        "break": "missing",
                        "o": "]",
                        "breakEnd": "P347791.21.2.0"
                      }
                    ],
                    "pos": "u"
                  }
                },
                {
                  "node": "d",
                  "type": "field-end",
                  "subtype": "eq"
                },
                {
                  "node": "d",
                  "type": "cell-end"
                },
                {
                  "node": "d",
                  "type": "line-start",
                  "ref": "P347791.22",
                  "n": "2'",
                  "label": "o ii' 2'"
                },
                {
                  "node": "d",
                  "type": "cell-start"
                },
                {
                  "node": "d",
                  "type": "field-start",
                  "subtype": "wp"
                },
                {
                  "node": "l",
                  "frag": "⸢igi⸣",
                  "id": "P347791.l4df79",
                  "ref": "P347791.22.1",
                  "inst": "igi[front]N",
                  "sig": "@dcclt%sux:igi=igi[face//front]N'N$igi/igi#~",
                  "f": {
                    "lang": "sux",
                    "form": "igi",
                    "gdl": [
                      {
                        "v": "igi",
                        "id": "P347791.22.1.0",
                        "break": "damaged",
                        "ho": "1",
                        "hc": "1"
                      }
                    ],
                    "cf": "igi",
                    "gw": "face",
                    "sense": "front",
                    "norm0": "igi",
                    "pos": "N",
                    "epos": "N",
                    "base": "igi",
                    "morph": "~"
                  }
                },
                {
                  "node": "d",
                  "type": "field-end",
                  "subtype": "wp"
                },
                {
                  "node": "d",
                  "type": "cell-end"
                },
                {
                  "node": "d",
                  "type": "cell-start"
                },
                {
                  "node": "d",
                  "type": "field-start",
                  "subtype": "eq"
                },
                {
                  "node": "l",
                  "frag": "[...]",
                  "id": "P347791.l4df7a",
                  "ref": "P347791.22.2",
                  "inst": "u",
                  "f": {
                    "lang": "akk",
                    "form": "x",
                    "gdl": [
                      {
                        "x": "ellipsis",
                        "id": "P347791.22.2.0",
                        "breakStart": "1",
                        "break": "missing",
                        "o": "]",
                        "breakEnd": "P347791.22.2.0"
                      }
                    ],
                    "pos": "u"
                  }
                },
                {
                  "node": "d",
                  "type": "field-end",
                  "subtype": "eq"
                },
                {
                  "node": "d",
                  "type": "cell-end"
                },
                {
                  "node": "d",
                  "type": "line-start",
                  "ref": "P347791.23",
                  "n": "3'",
                  "label": "o ii' 3'"
                },
                {
                  "node": "d",
                  "type": "cell-start"
                },
                {
                  "node": "d",
                  "type": "field-start",
                  "subtype": "wp"
                },
                {
                  "node": "l",
                  "frag": "⸢igi⸣",
                  "id": "P347791.l4df7b",
                  "ref": "P347791.23.1",
                  "inst": "igi[front]N",
                  "sig": "@dcclt%sux:igi=igi[face//front]N'N$igi/igi#~",
                  "f": {
                    "lang": "sux",
                    "form": "igi",
                    "gdl": [
                      {
                        "v": "igi",
                        "id": "P347791.23.1.0",
                        "break": "damaged",
                        "ho": "1",
                        "hc": "1"
                      }
                    ],
                    "cf": "igi",
                    "gw": "face",
                    "sense": "front",
                    "norm0": "igi",
                    "pos": "N",
                    "epos": "N",
                    "base": "igi",
                    "morph": "~"
                  }
                },
                {
                  "node": "d",
                  "type": "field-end",
                  "subtype": "wp"
                },
                {
                  "node": "d",
                  "type": "cell-end"
                },
                {
                  "node": "d",
                  "type": "cell-start"
                },
                {
                  "node": "d",
                  "type": "field-start",
                  "subtype": "eq"
                },
                {
                  "node": "l",
                  "frag": "[...]",
                  "id": "P347791.l4df7c",
                  "ref": "P347791.23.2",
                  "inst": "u",
                  "f": {
                    "lang": "akk",
                    "form": "x",
                    "gdl": [
                      {
                        "x": "ellipsis",
                        "id": "P347791.23.2.0",
                        "breakStart": "1",
                        "break": "missing",
                        "o": "]",
                        "breakEnd": "P347791.23.2.0"
                      }
                    ],
                    "pos": "u"
                  }
                },
                {
                  "node": "d",
                  "type": "field-end",
                  "subtype": "eq"
                },
                {
                  "node": "d",
                  "type": "cell-end"
                },
                {
                  "node": "d",
                  "type": "line-start",
                  "ref": "P347791.24",
                  "n": "4'",
                  "label": "o ii' 4'"
                },
                {
                  "node": "d",
                  "type": "cell-start"
                },
                {
                  "node": "d",
                  "type": "field-start",
                  "subtype": "wp"
                },
                {
                  "node": "l",
                  "frag": "⸢igi⸣",
                  "id": "P347791.l4df7d",
                  "ref": "P347791.24.1",
                  "inst": "igi[front]N",
                  "sig": "@dcclt%sux:igi=igi[face//front]N'N$igi/igi#~",
                  "f": {
                    "lang": "sux",
                    "form": "igi",
                    "gdl": [
                      {
                        "v": "igi",
                        "id": "P347791.24.1.0",
                        "break": "damaged",
                        "ho": "1",
                        "hc": "1"
                      }
                    ],
                    "cf": "igi",
                    "gw": "face",
                    "sense": "front",
                    "norm0": "igi",
                    "pos": "N",
                    "epos": "N",
                    "base": "igi",
                    "morph": "~"
                  }
                },
                {
                  "node": "d",
                  "type": "field-end",
                  "subtype": "wp"
                },
                {
                  "node": "d",
                  "type": "cell-end"
                },
                {
                  "node": "d",
                  "type": "cell-start"
                },
                {
                  "node": "d",
                  "type": "field-start",
                  "subtype": "eq"
                },
                {
                  "node": "l",
                  "frag": "[...]",
                  "id": "P347791.l4df7e",
                  "ref": "P347791.24.2",
                  "inst": "u",
                  "f": {
                    "lang": "akk",
                    "form": "x",
                    "gdl": [
                      {
                        "x": "ellipsis",
                        "id": "P347791.24.2.0",
                        "breakStart": "1",
                        "break": "missing",
                        "o": "]",
                        "breakEnd": "P347791.24.2.0"
                      }
                    ],
                    "pos": "u"
                  }
                },
                {
                  "node": "d",
                  "type": "field-end",
                  "subtype": "eq"
                },
                {
                  "node": "d",
                  "type": "cell-end"
                },
                {
                  "node": "d",
                  "type": "line-start",
                  "ref": "P347791.25",
                  "n": "5'",
                  "label": "o ii' 5'"
                },
                {
                  "node": "d",
                  "type": "cell-start"
                },
                {
                  "node": "d",
                  "type": "field-start",
                  "subtype": "wp"
                },
                {
                  "node": "l",
                  "frag": "⸢šu⸣",
                  "id": "P347791.l4df7f",
                  "ref": "P347791.25.1",
                  "inst": "šu[hand]N",
                  "sig": "@dcclt%sux:šu=šu[hand//hand]N'N$šu/šu#~",
                  "f": {
                    "lang": "sux",
                    "form": "šu",
                    "delim": " ",
                    "gdl": [
                      {
                        "v": "šu",
                        "id": "P347791.25.1.0",
                        "break": "damaged",
                        "ho": "1",
                        "hc": "1"
                      }
                    ],
                    "cf": "šu",
                    "gw": "hand",
                    "sense": "hand",
                    "norm0": "šu",
                    "pos": "N",
                    "epos": "N",
                    "base": "šu",
                    "morph": "~"
                  }
                },
                {
                  "node": "l",
                  "frag": "ba-an-⸢teŋ₄⸣",
                  "id": "P347791.l4df80",
                  "ref": "P347791.25.2",
                  "inst": "teŋ[approach]V/i",
                  "sig": "@dcclt%sux:ba-an-teŋ₄=teŋ[approach//approach]V/i'V/i$ba.n:teŋ/teŋ₄#ba.n:~",
                  "f": {
                    "lang": "sux",
                    "form": "ba-an-teŋ₄",
                    "gdl": [
                      {
                        "v": "ba",
                        "id": "P347791.25.2.0",
                        "delim": "-"
                      },
                      {
                        "v": "an",
                        "id": "P347791.25.2.1",
                        "delim": "-"
                      },
                      {
                        "v": "teŋ₄",
                        "id": "P347791.25.2.2",
                        "break": "damaged",
                        "ho": "1",
                        "hc": "1"
                      }
                    ],
                    "cf": "teŋ",
                    "gw": "approach",
                    "sense": "approach",
                    "norm0": "ba.n:teŋ",
                    "pos": "V/i",
                    "epos": "V/i",
                    "base": "teŋ₄",
                    "morph": "ba.n:~"
                  }
                },
                {
                  "node": "d",
                  "type": "field-end",
                  "subtype": "wp"
                },
                {
                  "node": "d",
                  "type": "cell-end"
                },
                {
                  "node": "d",
                  "type": "cell-start"
                },
                {
                  "node": "d",
                  "type": "field-start",
                  "subtype": "eq"
                },
                {
                  "node": "l",
                  "frag": "[...]",
                  "id": "P347791.l4df81",
                  "ref": "P347791.25.3",
                  "inst": "u",
                  "f": {
                    "lang": "akk",
                    "form": "x",
                    "gdl": [
                      {
                        "x": "ellipsis",
                        "id": "P347791.25.3.0",
                        "breakStart": "1",
                        "break": "missing",
                        "o": "]",
                        "breakEnd": "P347791.25.3.0"
                      }
                    ],
                    "pos": "u"
                  }
                },
                {
                  "node": "d",
                  "type": "field-end",
                  "subtype": "eq"
                },
                {
                  "node": "d",
                  "type": "cell-end"
                },
                {
                  "node": "d",
                  "type": "line-start",
                  "ref": "P347791.26",
                  "n": "6'",
                  "label": "o ii' 6'"
                },
                {
                  "node": "d",
                  "type": "cell-start"
                },
                {
                  "node": "d",
                  "type": "field-start",
                  "subtype": "wp"
                },
                {
                  "node": "l",
                  "frag": "⸢šu",
                  "id": "P347791.l4df82",
                  "ref": "P347791.26.1",
                  "inst": "šu[hand]N",
                  "sig": "@dcclt%sux:šu=šu[hand//hand]N'N$šu/šu#~",
                  "f": {
                    "lang": "sux",
                    "form": "šu",
                    "delim": " ",
                    "gdl": [
                      {
                        "v": "šu",
                        "id": "P347791.26.1.0",
                        "break": "damaged",
                        "ho": "1"
                      }
                    ],
                    "cf": "šu",
                    "gw": "hand",
                    "sense": "hand",
                    "norm0": "šu",
                    "pos": "N",
                    "epos": "N",
                    "base": "šu",
                    "morph": "~"
                  }
                },
                {
                  "node": "l",
                  "frag": "ba⸣-an-⸢teŋ₄-e⸣",
                  "id": "P347791.l4df83",
                  "ref": "P347791.26.2",
                  "inst": "teŋ[approach]V/i/teŋ₄#ba.n:~;e",
                  "sig": "@dcclt%sux:ba-an-teŋ₄-e=teŋ[approach//approach]V/i'V/i$ba.n:teŋ;e/teŋ₄#ba.n:~;e",
                  "f": {
                    "lang": "sux",
                    "form": "ba-an-teŋ₄-e",
                    "gdl": [
                      {
                        "v": "ba",
                        "id": "P347791.26.2.0",
                        "break": "damaged",
                        "delim": "-",
                        "hc": "1"
                      },
                      {
                        "v": "an",
                        "id": "P347791.26.2.1",
                        "delim": "-"
                      },
                      {
                        "v": "teŋ₄",
                        "id": "P347791.26.2.2",
                        "break": "damaged",
                        "ho": "1",
                        "delim": "-"
                      },
                      {
                        "v": "e",
                        "id": "P347791.26.2.3",
                        "break": "damaged",
                        "queried": "1",
                        "hc": "1"
                      }
                    ],
                    "cf": "teŋ",
                    "gw": "approach",
                    "sense": "approach",
                    "norm0": "ba.n:teŋ;e",
                    "pos": "V/i",
                    "epos": "V/i",
                    "base": "teŋ₄",
                    "morph": "ba.n:~;e"
                  }
                },
                {
                  "node": "d",
                  "type": "field-end",
                  "subtype": "wp"
                },
                {
                  "node": "d",
                  "type": "cell-end"
                },
                {
                  "node": "d",
                  "type": "cell-start"
                },
                {
                  "node": "d",
                  "type": "field-start",
                  "subtype": "eq"
                },
                {
                  "node": "l",
                  "frag": "[...]",
                  "id": "P347791.l4df84",
                  "ref": "P347791.26.3",
                  "inst": "u",
                  "f": {
                    "lang": "akk",
                    "form": "x",
                    "gdl": [
                      {
                        "x": "ellipsis",
                        "id": "P347791.26.3.0",
                        "breakStart": "1",
                        "break": "missing",
                        "o": "]",
                        "breakEnd": "P347791.26.3.0"
                      }
                    ],
                    "pos": "u"
                  }
                },
                {
                  "node": "d",
                  "type": "field-end",
                  "subtype": "eq"
                },
                {
                  "node": "d",
                  "type": "cell-end"
                },
                {
                  "node": "d",
                  "type": "line-start",
                  "ref": "P347791.27",
                  "n": "7'",
                  "label": "o ii' 7'"
                },
                {
                  "node": "d",
                  "type": "cell-start"
                },
                {
                  "node": "d",
                  "type": "field-start",
                  "subtype": "wp"
                },
                {
                  "node": "l",
                  "frag": "⸢šu",
                  "id": "P347791.l4df85",
                  "ref": "P347791.27.1",
                  "inst": "šu[hand]N",
                  "sig": "@dcclt%sux:šu=šu[hand//hand]N'N$šu/šu#~",
                  "f": {
                    "lang": "sux",
                    "form": "šu",
                    "delim": " ",
                    "gdl": [
                      {
                        "v": "šu",
                        "id": "P347791.27.1.0",
                        "break": "damaged",
                        "ho": "1"
                      }
                    ],
                    "cf": "šu",
                    "gw": "hand",
                    "sense": "hand",
                    "norm0": "šu",
                    "pos": "N",
                    "epos": "N",
                    "base": "šu",
                    "morph": "~"
                  }
                },
                {
                  "node": "l",
                  "frag": "ba-an-teŋ₄⸣-[e-meš]",
                  "id": "P347791.l4df86",
                  "ref": "P347791.27.2",
                  "inst": "teŋ[approach]V/i",
                  "sig": "@dcclt%sux:ba-an-teŋ₄-e-meš=teŋ[approach//approach]V/i'V/i$ba.n:teŋ;e.*a,meš/teŋ₄#ba.n:~;e.*a,meš",
                  "f": {
                    "lang": "sux",
                    "form": "ba-an-teŋ₄-e-meš",
                    "gdl": [
                      {
                        "v": "ba",
                        "id": "P347791.27.2.0",
                        "break": "damaged",
                        "delim": "-"
                      },
                      {
                        "v": "an",
                        "id": "P347791.27.2.1",
                        "break": "damaged",
                        "queried": "1",
                        "delim": "-"
                      },
                      {
                        "v": "teŋ₄",
                        "id": "P347791.27.2.2",
                        "break": "damaged",
                        "queried": "1",
                        "delim": "-",
                        "hc": "1"
                      },
                      {
                        "v": "e",
                        "id": "P347791.27.2.3",
                        "breakStart": "1",
                        "o": "[",
                        "break": "missing",
                        "delim": "-"
                      },
                      {
                        "v": "meš",
                        "id": "P347791.27.2.4",
                        "break": "missing",
                        "o": "]",
                        "breakEnd": "P347791.27.2.3"
                      }
                    ],
                    "cf": "teŋ",
                    "gw": "approach",
                    "sense": "approach",
                    "norm0": "ba.n:teŋ;e.*a,meš",
                    "pos": "V/i",
                    "epos": "V/i",
                    "base": "teŋ₄",
                    "morph": "ba.n:~;e.*a,meš"
                  }
                },
                {
                  "node": "d",
                  "type": "field-end",
                  "subtype": "wp"
                },
                {
                  "node": "d",
                  "type": "cell-end"
                },
                {
                  "node": "d",
                  "type": "cell-start"
                },
                {
                  "node": "d",
                  "type": "field-start",
                  "subtype": "eq"
                },
                {
                  "node": "l",
                  "frag": "[...]",
                  "id": "P347791.l4df87",
                  "ref": "P347791.27.3",
                  "inst": "u",
                  "f": {
                    "lang": "akk",
                    "form": "x",
                    "gdl": [
                      {
                        "x": "ellipsis",
                        "id": "P347791.27.3.0",
                        "breakStart": "1",
                        "break": "missing",
                        "o": "]",
                        "breakEnd": "P347791.27.3.0"
                      }
                    ],
                    "pos": "u"
                  }
                },
                {
                  "node": "d",
                  "type": "field-end",
                  "subtype": "eq"
                },
                {
                  "node": "d",
                  "type": "cell-end"
                },
                {
                  "node": "d",
                  "type": "line-start",
                  "ref": "P347791.28",
                  "n": "8'",
                  "label": "o ii' 8'"
                },
                {
                  "node": "d",
                  "type": "cell-start"
                },
                {
                  "node": "d",
                  "type": "field-start",
                  "subtype": "wp"
                },
                {
                  "node": "l",
                  "frag": "⸢šu",
                  "id": "P347791.l4df88",
                  "ref": "P347791.28.1",
                  "inst": "šu[hand]N",
                  "sig": "@dcclt%sux:šu=šu[hand//hand]N'N$šu/šu#~",
                  "f": {
                    "lang": "sux",
                    "form": "šu",
                    "delim": " ",
                    "gdl": [
                      {
                        "v": "šu",
                        "id": "P347791.28.1.0",
                        "break": "damaged",
                        "ho": "1"
                      }
                    ],
                    "cf": "šu",
                    "gw": "hand",
                    "sense": "hand",
                    "norm0": "šu",
                    "pos": "N",
                    "epos": "N",
                    "base": "šu",
                    "morph": "~"
                  }
                },
                {
                  "node": "l",
                  "frag": "ba⸣-[...]",
                  "id": "P347791.l4df89",
                  "ref": "P347791.28.2",
                  "inst": "u",
                  "f": {
                    "lang": "sux",
                    "form": "ba-x",
                    "gdl": [
                      {
                        "v": "ba",
                        "id": "P347791.28.2.0",
                        "break": "damaged",
                        "delim": "-",
                        "hc": "1"
                      },
                      {
                        "x": "ellipsis",
                        "id": "P347791.28.2.1",
                        "breakStart": "1",
                        "break": "missing",
                        "o": "]",
                        "breakEnd": "P347791.28.2.1"
                      }
                    ],
                    "pos": "u"
                  }
                },
                {
                  "node": "d",
                  "type": "field-end",
                  "subtype": "wp"
                },
                {
                  "node": "d",
                  "type": "cell-end"
                },
                {
                  "node": "d",
                  "type": "cell-start"
                },
                {
                  "node": "d",
                  "type": "field-start",
                  "subtype": "eq"
                },
                {
                  "node": "l",
                  "frag": "[...]",
                  "id": "P347791.l4df8a",
                  "ref": "P347791.28.3",
                  "inst": "u",
                  "f": {
                    "lang": "akk",
                    "form": "x",
                    "gdl": [
                      {
                        "x": "ellipsis",
                        "id": "P347791.28.3.0",
                        "breakStart": "1",
                        "break": "missing",
                        "o": "]",
                        "breakEnd": "P347791.28.3.0"
                      }
                    ],
                    "pos": "u"
                  }
                },
                {
                  "node": "d",
                  "type": "field-end",
                  "subtype": "eq"
                },
                {
                  "node": "d",
                  "type": "cell-end"
                },
                {
                  "node": "d",
                  "type": "line-start",
                  "ref": "P347791.29",
                  "n": "9'",
                  "label": "o ii' 9'"
                },
                {
                  "node": "d",
                  "type": "cell-start"
                },
                {
                  "node": "d",
                  "type": "field-start",
                  "subtype": "wp"
                },
                {
                  "node": "l",
                  "frag": "⸢šu",
                  "id": "P347791.l4df8b",
                  "ref": "P347791.29.1",
                  "inst": "šu[hand]N",
                  "sig": "@dcclt%sux:šu=šu[hand//hand]N'N$šu/šu#~",
                  "f": {
                    "lang": "sux",
                    "form": "šu",
                    "delim": " ",
                    "gdl": [
                      {
                        "v": "šu",
                        "id": "P347791.29.1.0",
                        "break": "damaged",
                        "ho": "1"
                      }
                    ],
                    "cf": "šu",
                    "gw": "hand",
                    "sense": "hand",
                    "norm0": "šu",
                    "pos": "N",
                    "epos": "N",
                    "base": "šu",
                    "morph": "~"
                  }
                },
                {
                  "node": "l",
                  "frag": "ba⸣-[...]",
                  "id": "P347791.l4df8c",
                  "ref": "P347791.29.2",
                  "inst": "u",
                  "f": {
                    "lang": "sux",
                    "form": "ba-x",
                    "gdl": [
                      {
                        "v": "ba",
                        "id": "P347791.29.2.0",
                        "break": "damaged",
                        "delim": "-",
                        "hc": "1"
                      },
                      {
                        "x": "ellipsis",
                        "id": "P347791.29.2.1",
                        "breakStart": "1",
                        "break": "missing",
                        "o": "]",
                        "breakEnd": "P347791.29.2.1"
                      }
                    ],
                    "pos": "u"
                  }
                },
                {
                  "node": "d",
                  "type": "field-end",
                  "subtype": "wp"
                },
                {
                  "node": "d",
                  "type": "cell-end"
                },
                {
                  "node": "d",
                  "type": "cell-start"
                },
                {
                  "node": "d",
                  "type": "field-start",
                  "subtype": "eq"
                },
                {
                  "node": "l",
                  "frag": "[...]",
                  "id": "P347791.l4df8d",
                  "ref": "P347791.29.3",
                  "inst": "u",
                  "f": {
                    "lang": "akk",
                    "form": "x",
                    "gdl": [
                      {
                        "x": "ellipsis",
                        "id": "P347791.29.3.0",
                        "breakStart": "1",
                        "break": "missing",
                        "o": "]",
                        "breakEnd": "P347791.29.3.0"
                      }
                    ],
                    "pos": "u"
                  }
                },
                {
                  "node": "d",
                  "type": "field-end",
                  "subtype": "eq"
                },
                {
                  "node": "d",
                  "type": "cell-end"
                },
                {
                  "node": "d",
                  "type": "line-start",
                  "ref": "P347791.30",
                  "n": "10'",
                  "label": "o ii' 10'"
                },
                {
                  "node": "d",
                  "type": "cell-start"
                },
                {
                  "node": "d",
                  "type": "field-start",
                  "subtype": "wp"
                },
                {
                  "node": "l",
                  "frag": "šu",
                  "id": "P347791.l4df8e",
                  "ref": "P347791.30.1",
                  "inst": "šu[hand]N",
                  "sig": "@dcclt%sux:šu=šu[hand//hand]N'N$šu/šu#~",
                  "f": {
                    "lang": "sux",
                    "form": "šu",
                    "delim": " ",
                    "gdl": [
                      {
                        "v": "šu",
                        "id": "P347791.30.1.0"
                      }
                    ],
                    "cf": "šu",
                    "gw": "hand",
                    "sense": "hand",
                    "norm0": "šu",
                    "pos": "N",
                    "epos": "N",
                    "base": "šu",
                    "morph": "~"
                  }
                },
                {
                  "node": "l",
                  "frag": "⸢ba-an⸣-[...]",
                  "id": "P347791.l4df8f",
                  "ref": "P347791.30.2",
                  "inst": "u",
                  "f": {
                    "lang": "sux",
                    "form": "ba-an-x",
                    "gdl": [
                      {
                        "v": "ba",
                        "id": "P347791.30.2.0",
                        "break": "damaged",
                        "ho": "1",
                        "delim": "-"
                      },
                      {
                        "v": "an",
                        "id": "P347791.30.2.1",
                        "break": "damaged",
                        "queried": "1",
                        "delim": "-",
                        "hc": "1"
                      },
                      {
                        "x": "ellipsis",
                        "id": "P347791.30.2.2",
                        "breakStart": "1",
                        "break": "missing",
                        "o": "]",
                        "breakEnd": "P347791.30.2.2"
                      }
                    ],
                    "pos": "u"
                  }
                },
                {
                  "node": "d",
                  "type": "field-end",
                  "subtype": "wp"
                },
                {
                  "node": "d",
                  "type": "cell-end"
                },
                {
                  "node": "d",
                  "type": "cell-start"
                },
                {
                  "node": "d",
                  "type": "field-start",
                  "subtype": "eq"
                },
                {
                  "node": "l",
                  "frag": "[...]",
                  "id": "P347791.l4df90",
                  "ref": "P347791.30.3",
                  "inst": "u",
                  "f": {
                    "lang": "akk",
                    "form": "x",
                    "gdl": [
                      {
                        "x": "ellipsis",
                        "id": "P347791.30.3.0",
                        "breakStart": "1",
                        "break": "missing",
                        "o": "]",
                        "breakEnd": "P347791.30.3.0"
                      }
                    ],
                    "pos": "u"
                  }
                },
                {
                  "node": "d",
                  "type": "field-end",
                  "subtype": "eq"
                },
                {
                  "node": "d",
                  "type": "cell-end"
                },
                {
                  "node": "d",
                  "type": "line-start",
                  "ref": "P347791.31",
                  "n": "11'",
                  "label": "o ii' 11'"
                },
                {
                  "node": "d",
                  "type": "cell-start"
                },
                {
                  "node": "d",
                  "type": "field-start",
                  "subtype": "wp"
                },
                {
                  "node": "l",
                  "frag": "šu",
                  "id": "P347791.l4df91",
                  "ref": "P347791.31.1",
                  "inst": "šu[hand]N",
                  "sig": "@dcclt%sux:šu=šu[hand//hand]N'N$šu/šu#~",
                  "f": {
                    "lang": "sux",
                    "form": "šu",
                    "delim": " ",
                    "gdl": [
                      {
                        "v": "šu",
                        "id": "P347791.31.1.0"
                      }
                    ],
                    "cf": "šu",
                    "gw": "hand",
                    "sense": "hand",
                    "norm0": "šu",
                    "pos": "N",
                    "epos": "N",
                    "base": "šu",
                    "morph": "~"
                  }
                },
                {
                  "node": "l",
                  "frag": "⸢x⸣-[...]",
                  "id": "P347791.l4df92",
                  "ref": "P347791.31.2",
                  "inst": "u",
                  "f": {
                    "lang": "sux",
                    "form": "x-x",
                    "gdl": [
                      {
                        "v": "x",
                        "id": "P347791.31.2.0",
                        "break": "damaged",
                        "ho": "1",
                        "delim": "-",
                        "hc": "1"
                      },
                      {
                        "x": "ellipsis",
                        "id": "P347791.31.2.1",
                        "breakStart": "1",
                        "break": "missing",
                        "o": "]",
                        "breakEnd": "P347791.31.2.1"
                      }
                    ],
                    "pos": "u"
                  }
                },
                {
                  "node": "d",
                  "type": "field-end",
                  "subtype": "wp"
                },
                {
                  "node": "d",
                  "type": "cell-end"
                },
                {
                  "node": "d",
                  "type": "cell-start"
                },
                {
                  "node": "d",
                  "type": "field-start",
                  "subtype": "eq"
                },
                {
                  "node": "l",
                  "frag": "[...]",
                  "id": "P347791.l4df93",
                  "ref": "P347791.31.3",
                  "inst": "u",
                  "f": {
                    "lang": "akk",
                    "form": "x",
                    "gdl": [
                      {
                        "x": "ellipsis",
                        "id": "P347791.31.3.0",
                        "breakStart": "1",
                        "break": "missing",
                        "o": "]",
                        "breakEnd": "P347791.31.3.0"
                      }
                    ],
                    "pos": "u"
                  }
                },
                {
                  "node": "d",
                  "type": "field-end",
                  "subtype": "eq"
                },
                {
                  "node": "d",
                  "type": "cell-end"
                },
                {
                  "node": "d",
                  "type": "line-start",
                  "ref": "P347791.32",
                  "n": "12'",
                  "label": "o ii' 12'"
                },
                {
                  "node": "d",
                  "type": "cell-start"
                },
                {
                  "node": "d",
                  "type": "field-start",
                  "subtype": "wp"
                },
                {
                  "node": "l",
                  "frag": "⸢šu⸣",
                  "id": "P347791.l4df94",
                  "ref": "P347791.32.1",
                  "inst": "šu[hand]N",
                  "sig": "@dcclt%sux:šu=šu[hand//hand]N'N$šu/šu#~",
                  "f": {
                    "lang": "sux",
                    "form": "šu",
                    "delim": " ",
                    "gdl": [
                      {
                        "v": "šu",
                        "id": "P347791.32.1.0",
                        "break": "damaged",
                        "queried": "1",
                        "ho": "1",
                        "hc": "1"
                      }
                    ],
                    "cf": "šu",
                    "gw": "hand",
                    "sense": "hand",
                    "norm0": "šu",
                    "pos": "N",
                    "epos": "N",
                    "base": "šu",
                    "morph": "~"
                  }
                },
                {
                  "node": "l",
                  "frag": "[...]",
                  "id": "P347791.l4df95",
                  "ref": "P347791.32.2",
                  "inst": "u",
                  "f": {
                    "lang": "sux",
                    "form": "x",
                    "gdl": [
                      {
                        "x": "ellipsis",
                        "id": "P347791.32.2.0",
                        "breakStart": "1",
                        "break": "missing",
                        "o": "]",
                        "breakEnd": "P347791.32.2.0"
                      }
                    ],
                    "pos": "u"
                  }
                },
                {
                  "node": "d",
                  "type": "field-end",
                  "subtype": "wp"
                },
                {
                  "node": "d",
                  "type": "cell-end"
                },
                {
                  "node": "d",
                  "type": "cell-start"
                },
                {
                  "node": "d",
                  "type": "field-start",
                  "subtype": "eq"
                },
                {
                  "node": "l",
                  "frag": "[...]",
                  "id": "P347791.l4df96",
                  "ref": "P347791.32.3",
                  "inst": "u",
                  "f": {
                    "lang": "akk",
                    "form": "x",
                    "gdl": [
                      {
                        "x": "ellipsis",
                        "id": "P347791.32.3.0",
                        "breakStart": "1",
                        "break": "missing",
                        "o": "]",
                        "breakEnd": "P347791.32.3.0"
                      }
                    ],
                    "pos": "u"
                  }
                },
                {
                  "node": "d",
                  "type": "field-end",
                  "subtype": "eq"
                },
                {
                  "node": "d",
                  "type": "cell-end"
                },
                {
                  "node": "d",
                  "type": "nonx",
                  "ref": "P347791.33",
                  "strict": "1",
                  "extent": "rest",
                  "scope": "line",
                  "state": "missing"
                },
                {
                  "node": "d",
                  "subtype": "reverse",
                  "type": "reverse",
                  "ref": "P347791.r.34",
                  "label": "r"
                },
                {
                  "node": "d",
                  "subtype": "column 1r '",
                  "type": "column",
                  "ref": "P347791.r.i_.35",
                  "n": "1",
                  "label": "r i'"
                },
                {
                  "node": "d",
                  "type": "nonx",
                  "ref": "P347791.36",
                  "strict": "1",
                  "extent": "beginning",
                  "scope": "line",
                  "state": "missing"
                },
                {
                  "node": "d",
                  "type": "nonx",
                  "ref": "P347791.37",
                  "strict": "0",
                  "state": "other"
                },
                {
                  "node": "d",
                  "type": "nonx",
                  "ref": "P347791.38",
                  "strict": "1",
                  "extent": "rest",
                  "scope": "line",
                  "state": "missing"
                },
                {
                  "node": "d",
                  "subtype": "column 2r '",
                  "type": "column",
                  "ref": "P347791.r.ii_.39",
                  "n": "2",
                  "label": "r ii'"
                },
                {
                  "node": "d",
                  "type": "nonx",
                  "ref": "P347791.40",
                  "strict": "1",
                  "extent": "beginning",
                  "scope": "line",
                  "state": "missing"
                },
                {
                  "node": "d",
                  "type": "nonx",
                  "ref": "P347791.41",
                  "strict": "0",
                  "state": "other"
                },
                {
                  "node": "d",
                  "type": "nonx",
                  "ref": "P347791.42",
                  "strict": "1",
                  "extent": "rest",
                  "scope": "line",
                  "state": "missing"
                }
              ]
            }
          ]
        }
      ]
    }
  ]
}
