{
"type": "cdl",
  "source": "http://oracc.org/saao/saa18",
  "license": "This data is released under the CC0 license",
  "license-url": "https://creativecommons.org/publicdomain/zero/1.0/",
  "more-info": "http://oracc.org/doc/opendata/",
  "UTC-timestamp": "2017-05-19T12:00:43",
"project": "saao/saa18",
"textid": "P236909",
"cdl": [
{
"node": "c",
"type": "text",
"id": "P236909.U0",
"cdl": [
{
"node": "d",
"type": "object",
"ref": ""}
,
{
"node": "d",
"subtype": "obverse",
"type": "surface",
"ref": "P236909.o.1",
"type": "obverse",
"label": "o"}
,
{
"node": "d",
"type": "nonx",
"ref": "P236909.2",
"strict": "0",
"extent": "beginning",
"state": "missing"}
,
{
"node": "c",
"type": "discourse",
"subtype": "body",
"id": "P236909.U1",
"cdl": [
{
"node": "c",
"type": "sentence",
"id": "P236909.U2",
"label": "o 1' - r 16",
"cdl": [
{
"node": "d",
"type": "line-start",
"ref": "P236909.3",
"n": "1'",
"label": "o 1'"}
,
{
"node": "l",
"frag": "[x",
"id": "P236909.l02ea8",
"ref": "P236909.3.1",
"inst": "u",
"f": {"lang": "akk-x-neobab",
"form": "x",
"pos": "u"}
}
,
{
"node": "l",
"frag": "x]",
"id": "P236909.l02ea9",
"ref": "P236909.3.2",
"inst": "u",
"f": {"lang": "akk-x-neobab",
"form": "x",
"pos": "u"}
}
,
{
"node": "l",
"frag": "⸢x",
"id": "P236909.l02eaa",
"ref": "P236909.3.3",
"inst": "u",
"f": {"lang": "akk-x-neobab",
"form": "x",
"pos": "u"}
}
,
{
"node": "l",
"frag": "ti",
"id": "P236909.l02eab",
"ref": "P236909.3.4",
"inst": "u",
"f": {"lang": "akk-x-neobab",
"form": "ti",
"pos": "u"}
}
,
{
"node": "l",
"frag": "x",
"id": "P236909.l02eac",
"ref": "P236909.3.5",
"inst": "u",
"f": {"lang": "akk-x-neobab",
"form": "x",
"pos": "u"}
}
,
{
"node": "l",
"frag": "x",
"id": "P236909.l02ead",
"ref": "P236909.3.6",
"inst": "u",
"f": {"lang": "akk-x-neobab",
"form": "x",
"pos": "u"}
}
,
{
"node": "l",
"frag": "x⸣",
"id": "P236909.l02eae",
"ref": "P236909.3.7",
"inst": "u",
"f": {"lang": "akk-x-neobab",
"form": "x",
"pos": "u"}
}
,
{
"node": "l",
"frag": "[x",
"id": "P236909.l02eaf",
"ref": "P236909.3.8",
"inst": "u",
"f": {"lang": "akk-x-neobab",
"form": "x",
"pos": "u"}
}
,
{
"node": "l",
"frag": "x",
"id": "P236909.l02eb0",
"ref": "P236909.3.9",
"inst": "u",
"f": {"lang": "akk-x-neobab",
"form": "x",
"pos": "u"}
}
,
{
"node": "l",
"frag": "x",
"id": "P236909.l02eb1",
"ref": "P236909.3.10",
"inst": "u",
"f": {"lang": "akk-x-neobab",
"form": "x",
"pos": "u"}
}
,
{
"node": "l",
"frag": "x]",
"id": "P236909.l02eb2",
"ref": "P236909.3.11",
"inst": "u",
"f": {"lang": "akk-x-neobab",
"form": "x",
"pos": "u"}
}
,
{
"node": "d",
"type": "line-start",
"ref": "P236909.4",
"n": "2'",
"label": "o 2'"}
,
{
"node": "l",
"frag": "[x]",
"id": "P236909.l02eb3",
"ref": "P236909.4.1",
"inst": "u",
"f": {"lang": "akk-x-neobab",
"form": "x",
"pos": "u"}
}
,
{
"node": "l",
"frag": "⸢ŠEŠ⸣-MEŠ-ni",
"id": "P236909.l02eb4",
"ref": "P236909.4.2",
"inst": "ahhēni[brother]N",
"sig": "@saao/saa18%akk-x-neobab:ŠEŠ-MEŠ-ni=ahu[brother//brother]N'N$ahhēni",
"f": {"lang": "akk-x-neobab",
"form": "ŠEŠ-MEŠ-ni",
"cf": "ahu",
"gw": "brother",
"sense": "brother",
"norm": "ahhēni",
"pos": "N",
"epos": "N"}
}
,
{
"node": "l",
"frag": "{uru}TIN.⸢TIR⸣{[ki}-MEŠ",
"id": "P236909.l02eb5",
"ref": "P236909.4.3",
"inst": "+Babilaya[Babylonian]EN$",
"sig": "@saao/saa18%akk-x-neobab:{URU}TIN.TIR{KI}-MEŠ=Babilaya[Babylonian//Babylonian]EN'EN$Babilaya",
"f": {"lang": "akk-x-neobab",
"form": "{URU}TIN.TIR{KI}-MEŠ",
"cf": "Babilaya",
"gw": "Babylonian",
"sense": "Babylonian",
"norm": "Babilaya",
"pos": "EN",
"epos": "EN"}
}
,
{
"node": "l",
"frag": "x",
"id": "P236909.l02eb6",
"ref": "P236909.4.4",
"inst": "u",
"f": {"lang": "akk-x-neobab",
"form": "x",
"pos": "u"}
}
,
{
"node": "l",
"frag": "x]",
"id": "P236909.l02eb7",
"ref": "P236909.4.5",
"inst": "u",
"f": {"lang": "akk-x-neobab",
"form": "x",
"pos": "u"}
}
,
{
"node": "d",
"type": "line-start",
"ref": "P236909.5",
"n": "3'",
"label": "o 3'"}
,
{
"node": "l",
"frag": "{1}DI]-⸢mu⸣-PAB-MEŠ",
"id": "P236909.l02eb8",
"ref": "P236909.5.1",
"inst": "+Šulmu-ahhe[]PN$",
"sig": "@saao/saa18%akk-x-neobab:{1}DI-mu-PAB-MEŠ=Šulmu-ahhe[1//1]PN'PN$Šulmu-ahhe",
"f": {"lang": "akk-x-neobab",
"form": "{1}DI-mu-PAB-MEŠ",
"cf": "Šulmu-ahhe",
"gw": "1",
"sense": "1",
"norm": "Šulmu-ahhe",
"pos": "PN",
"epos": "PN"}
}
,
{
"node": "l",
"frag": "i-na",
"id": "P236909.l02eb9",
"ref": "P236909.5.2",
"inst": "ina[in]PRP",
"sig": "@saao/saa18%akk-x-neobab:i-na=ina[in//in]PRP'PRP$ina",
"f": {"lang": "akk-x-neobab",
"form": "i-na",
"cf": "ina",
"gw": "in",
"sense": "in",
"norm": "ina",
"pos": "PRP",
"epos": "PRP"}
}
,
{
"node": "l",
"frag": "E₂",
"id": "P236909.l02eba",
"ref": "P236909.5.3",
"inst": "bīt[house]N",
"sig": "@saao/saa18%akk-x-neobab:E₂=bītu[house//household]N'N$bīt",
"f": {"lang": "akk-x-neobab",
"form": "E₂",
"cf": "bītu",
"gw": "house",
"sense": "household",
"norm": "bīt",
"pos": "N",
"epos": "N"}
}
,
{
"node": "l",
"frag": "[x",
"id": "P236909.l02ebb",
"ref": "P236909.5.4",
"inst": "u",
"f": {"lang": "akk-x-neobab",
"form": "x",
"pos": "u"}
}
,
{
"node": "l",
"frag": "x",
"id": "P236909.l02ebc",
"ref": "P236909.5.5",
"inst": "u",
"f": {"lang": "akk-x-neobab",
"form": "x",
"pos": "u"}
}
,
{
"node": "l",
"frag": "x",
"id": "P236909.l02ebd",
"ref": "P236909.5.6",
"inst": "u",
"f": {"lang": "akk-x-neobab",
"form": "x",
"pos": "u"}
}
,
{
"node": "l",
"frag": "x]",
"id": "P236909.l02ebe",
"ref": "P236909.5.7",
"inst": "u",
"f": {"lang": "akk-x-neobab",
"form": "x",
"pos": "u"}
}
,
{
"node": "d",
"type": "line-start",
"ref": "P236909.6",
"n": "4'",
"label": "o 4'"}
,
{
"node": "l",
"frag": "[a]-⸢de⸣-e",
"id": "P236909.l02ebf",
"ref": "P236909.6.1",
"inst": "adê[treaty]N",
"sig": "@saao/saa18%akk-x-neobab:a-de-e=adû[(treaty-)oath//treaty]N'N$adê",
"f": {"lang": "akk-x-neobab",
"form": "a-de-e",
"cf": "adû",
"gw": "(treaty-)oath",
"sense": "treaty",
"norm": "adê",
"pos": "N",
"epos": "N"}
}
,
{
"node": "l",
"frag": "ša₂",
"id": "P236909.l02ec0",
"ref": "P236909.6.2",
"inst": "ša[of]DET",
"sig": "@saao/saa18%akk-x-neobab:ša₂=ša[of//of]DET'DET$ša",
"f": {"lang": "akk-x-neobab",
"form": "ša₂",
"cf": "ša",
"gw": "of",
"sense": "of",
"norm": "ša",
"pos": "DET",
"epos": "DET"}
}
,
{
"node": "l",
"frag": "si-i-hi",
"id": "P236909.l02ec1",
"ref": "P236909.6.3",
"inst": "sīhi[rebellion]N",
"sig": "@saao/saa18%akk-x-neobab:si-i-hi=sīhu[rebellion//rebellion]N'N$sīhi",
"f": {"lang": "akk-x-neobab",
"form": "si-i-hi",
"cf": "sīhu",
"gw": "rebellion",
"sense": "rebellion",
"norm": "sīhi",
"pos": "N",
"epos": "N"}
}
,
{
"node": "l",
"frag": "ša₂",
"id": "P236909.l02ec2",
"ref": "P236909.6.4",
"inst": "ša[which]REL",
"sig": "@saao/saa18%akk-x-neobab:ša₂=ša[that//which]REL'REL$ša",
"f": {"lang": "akk-x-neobab",
"form": "ša₂",
"cf": "ša",
"gw": "that",
"sense": "which",
"norm": "ša",
"pos": "REL",
"epos": "REL"}
}
,
{
"node": "l",
"frag": "⸢x⸣+[x",
"id": "P236909.l02ec3",
"ref": "P236909.6.5",
"inst": "u",
"f": {"lang": "akk-x-neobab",
"form": "x+x",
"pos": "u"}
}
,
{
"node": "l",
"frag": "x",
"id": "P236909.l02ec4",
"ref": "P236909.6.6",
"inst": "u",
"f": {"lang": "akk-x-neobab",
"form": "x",
"pos": "u"}
}
,
{
"node": "l",
"frag": "x",
"id": "P236909.l02ec5",
"ref": "P236909.6.7",
"inst": "u",
"f": {"lang": "akk-x-neobab",
"form": "x",
"pos": "u"}
}
,
{
"node": "l",
"frag": "x]",
"id": "P236909.l02ec6",
"ref": "P236909.6.8",
"inst": "u",
"f": {"lang": "akk-x-neobab",
"form": "x",
"pos": "u"}
}
,
{
"node": "d",
"type": "line-start",
"ref": "P236909.7",
"n": "5'",
"label": "o 5'"}
,
{
"node": "l",
"frag": "ki-i",
"id": "P236909.l02ec7",
"ref": "P236909.7.1",
"inst": "kî[when]'SBJ",
"sig": "@saao/saa18%akk-x-neobab:ki-i=kī[like//when]PRP'SBJ$kî",
"f": {"lang": "akk-x-neobab",
"form": "ki-i",
"cf": "kī",
"gw": "like",
"sense": "when",
"norm": "kî",
"pos": "PRP",
"epos": "SBJ"}
}
,
{
"node": "l",
"frag": "iš-mu-u₂",
"id": "P236909.l02ec8",
"ref": "P236909.7.2",
"inst": "išmû[hear]V",
"sig": "@saao/saa18%akk-x-neobab:iš-mu-u₂=šemû[hear//hear]V'V$išmû",
"f": {"lang": "akk-x-neobab",
"form": "iš-mu-u₂",
"cf": "šemû",
"gw": "hear",
"sense": "hear",
"norm": "išmû",
"pos": "V",
"epos": "V"}
}
,
{
"node": "l",
"frag": "01.en",
"id": "P236909.l02ec9",
"ref": "P236909.7.3",
"inst": "iltēn[one]NU",
"sig": "@saao/saa18%akk-x-neobab:01.en=ištēn[one//one]NU'NU$iltēn",
"f": {"lang": "akk-x-neobab",
"form": "01.en",
"cf": "ištēn",
"gw": "one",
"sense": "one",
"norm": "iltēn",
"pos": "NU",
"epos": "NU"}
}
,
{
"node": "l",
"frag": "i-⸢na⸣",
"id": "P236909.l02eca",
"ref": "P236909.7.4",
"inst": "ina[in]PRP",
"sig": "@saao/saa18%akk-x-neobab:i-na=ina[in//in]PRP'PRP$ina",
"f": {"lang": "akk-x-neobab",
"form": "i-na",
"cf": "ina",
"gw": "in",
"sense": "in",
"norm": "ina",
"pos": "PRP",
"epos": "PRP"}
}
,
{
"node": "l",
"frag": "[ŠA₃-bi-šu₂-nu]",
"id": "P236909.l02ecb",
"ref": "P236909.7.5",
"inst": "libbišunu[interior]N",
"sig": "@saao/saa18%akk-x-neobab:ŠA₃-bi-šu₂-nu=libbu[interior//interior]N'N$libbišunu",
"f": {"lang": "akk-x-neobab",
"form": "ŠA₃-bi-šu₂-nu",
"cf": "libbu",
"gw": "interior",
"sense": "interior",
"norm": "libbišunu",
"pos": "N",
"epos": "N"}
}
,
{
"node": "d",
"type": "line-start",
"ref": "P236909.8",
"n": "6'",
"label": "o 6'"}
,
{
"node": "l",
"frag": "i-na",
"id": "P236909.l02ecc",
"ref": "P236909.8.1",
"inst": "ina[in]PRP",
"sig": "@saao/saa18%akk-x-neobab:i-na=ina[in//in]PRP'PRP$ina",
"f": {"lang": "akk-x-neobab",
"form": "i-na",
"cf": "ina",
"gw": "in",
"sense": "in",
"norm": "ina",
"pos": "PRP",
"epos": "PRP"}
}
,
{
"node": "l",
"frag": "pa-ni",
"id": "P236909.l02ecd",
"ref": "P236909.8.2",
"inst": "pān[front]N",
"sig": "@saao/saa18%akk-x-neobab:pa-ni=pānu[front//front]N'N$pān",
"f": {"lang": "akk-x-neobab",
"form": "pa-ni",
"cf": "pānu",
"gw": "front",
"sense": "front",
"norm": "pān",
"pos": "N",
"epos": "N"}
}
,
{
"node": "l",
"frag": "(ni)-ir-ti",
"id": "P236909.l02ece",
"ref": "P236909.8.3",
"inst": "+nērtu[murder]N$nērti",
"sig": "@saao/saa18%akk-x-neobab:ni-ir-ti=nērtu[murder//murder]N'N$nērti",
"f": {"lang": "akk-x-neobab",
"form": "ni-ir-ti",
"cf": "nērtu",
"gw": "murder",
"sense": "murder",
"norm": "nērti",
"pos": "N",
"epos": "N"}
}
,
{
"node": "l",
"frag": "a-mat",
"id": "P236909.l02ecf",
"ref": "P236909.8.4",
"inst": "amat[word]N",
"sig": "@saao/saa18%akk-x-neobab:a-mat=awātu[word//matter]N'N$amat",
"f": {"lang": "akk-x-neobab",
"form": "a-mat",
"cf": "awātu",
"gw": "word",
"sense": "matter",
"norm": "amat",
"pos": "N",
"epos": "N"}
}
,
{
"node": "l",
"frag": "LUGAL",
"id": "P236909.l02ed0",
"ref": "P236909.8.5",
"inst": "šarri[king]N",
"sig": "@saao/saa18%akk-x-neobab:LUGAL=šarru[king//king]N'N$šarri",
"f": {"lang": "akk-x-neobab",
"form": "LUGAL",
"cf": "šarru",
"gw": "king",
"sense": "king",
"norm": "šarri",
"pos": "N",
"epos": "N"}
}
,
{
"node": "l",
"frag": "⸢iq⸣-[ta-bi]",
"id": "P236909.l02ed1",
"ref": "P236909.8.6",
"inst": "iqtabi[say]V",
"sig": "@saao/saa18%akk-x-neobab:iq-ta-bi=qabû[say//say]V'V$iqtabi",
"f": {"lang": "akk-x-neobab",
"form": "iq-ta-bi",
"cf": "qabû",
"gw": "say",
"sense": "say",
"norm": "iqtabi",
"pos": "V",
"epos": "V"}
}
,
{
"node": "d",
"type": "line-start",
"ref": "P236909.9",
"n": "7'",
"label": "o 7'"}
,
{
"node": "l",
"frag": "{1}{d}AG-MU-iš-kun",
"id": "P236909.l02ed2",
"ref": "P236909.9.1",
"inst": "+Nabu-šumu-iškun[]PN$",
"sig": "@saao/saa18%akk-x-neobab:{1}{d}AG-MU-iš-kun=Nabu-šumu-iškun[1//1]PN'PN$Nabu-šumu-iškun",
"f": {"lang": "akk-x-neobab",
"form": "{1}{d}AG-MU-iš-kun",
"cf": "Nabu-šumu-iškun",
"gw": "1",
"sense": "1",
"norm": "Nabu-šumu-iškun",
"pos": "PN",
"epos": "PN"}
}
,
{
"node": "l",
"frag": "u₃",
"id": "P236909.l02ed3",
"ref": "P236909.9.2",
"inst": "u[and]CNJ",
"sig": "@saao/saa18%akk-x-neobab:u₃=u[and//and]CNJ'CNJ$u",
"f": {"lang": "akk-x-neobab",
"form": "u₃",
"cf": "u",
"gw": "and",
"sense": "and",
"norm": "u",
"pos": "CNJ",
"epos": "CNJ"}
}
,
{
"node": "l",
"frag": "{1}⸢ṣil⸣-[la-a]",
"id": "P236909.l02ed4",
"ref": "P236909.9.3",
"inst": "Ṣillaya[1]PN",
"sig": "@saao/saa18%akk-x-neobab:{1}ṣil-la-a=Ṣillaya[1//1]PN'PN$Ṣillaya",
"f": {"lang": "akk-x-neobab",
"form": "{1}ṣil-la-a",
"cf": "Ṣillaya",
"gw": "1",
"sense": "1",
"norm": "Ṣillaya",
"pos": "PN",
"epos": "PN"}
}
,
{
"node": "d",
"type": "nonw",
"ref": ""}
,
{
"node": "d",
"type": "line-start",
"ref": "P236909.10",
"n": "8'",
"label": "o 8'"}
,
{
"node": "l",
"frag": "ki-i",
"id": "P236909.l02ed5",
"ref": "P236909.10.1",
"inst": "kî[that]'SBJ",
"sig": "@saao/saa18%akk-x-neobab:ki-i=kī[like//that]PRP'SBJ$kî",
"f": {"lang": "akk-x-neobab",
"form": "ki-i",
"cf": "kī",
"gw": "like",
"sense": "that",
"norm": "kî",
"pos": "PRP",
"epos": "SBJ"}
}
,
{
"node": "l",
"frag": "il-li-ku-nu",
"id": "P236909.l02ed6",
"ref": "P236909.10.2",
"inst": "illikūnu[come]V",
"sig": "@saao/saa18%akk-x-neobab:il-li-ku-nu=alāku[go//come]V'V$illikūnu",
"f": {"lang": "akk-x-neobab",
"form": "il-li-ku-nu",
"cf": "alāku",
"gw": "go",
"sense": "come",
"norm": "illikūnu",
"pos": "V",
"epos": "V"}
}
,
{
"node": "l",
"frag": "i-ša₂-a-[lu-šu₂]",
"id": "P236909.l02ed7",
"ref": "P236909.10.3",
"inst": "+šâlu[ask]V$išʾalūšu",
"sig": "@saao/saa18%akk-x-neobab:i-ša₂-a-lu-šu₂=šâlu[ask//ask]V'V$išʾalūšu",
"f": {"lang": "akk-x-neobab",
"form": "i-ša₂-a-lu-šu₂",
"cf": "šâlu",
"gw": "ask",
"sense": "ask",
"norm": "išʾalūšu",
"pos": "V",
"epos": "V"}
}
,
{
"node": "d",
"type": "line-start",
"ref": "P236909.11",
"n": "9'",
"label": "o 9'"}
,
{
"node": "l",
"frag": "um-ma",
"id": "P236909.l02ed8",
"ref": "P236909.11.1",
"inst": "umma[saying]PRP",
"sig": "@saao/saa18%akk-x-neobab:um-ma=umma[saying//saying]PRP'PRP$umma",
"f": {"lang": "akk-x-neobab",
"form": "um-ma",
"cf": "umma",
"gw": "saying",
"sense": "saying",
"norm": "umma",
"pos": "PRP",
"epos": "PRP"}
}
,
{
"node": "l",
"frag": "a-mat",
"id": "P236909.l02ed9",
"ref": "P236909.11.2",
"inst": "amat[word]N",
"sig": "@saao/saa18%akk-x-neobab:a-mat=awātu[word//matter]N'N$amat",
"f": {"lang": "akk-x-neobab",
"form": "a-mat",
"cf": "awātu",
"gw": "word",
"sense": "matter",
"norm": "amat",
"pos": "N",
"epos": "N"}
}
,
{
"node": "l",
"frag": "LUGAL-ka",
"id": "P236909.l02eda",
"ref": "P236909.11.3",
"inst": "+šarru[king]N$šarrīka",
"sig": "@saao/saa18%akk-x-neobab:LUGAL-ka=šarru[king//king]N'N$šarrīka",
"f": {"lang": "akk-x-neobab",
"form": "LUGAL-ka",
"cf": "šarru",
"gw": "king",
"sense": "king",
"norm": "šarrīka",
"pos": "N",
"epos": "N"}
}
,
{
"node": "l",
"frag": "a-na",
"id": "P236909.l02edb",
"ref": "P236909.11.4",
"inst": "ana[to]PRP",
"sig": "@saao/saa18%akk-x-neobab:a-na=ana[to//to]PRP'PRP$ana",
"f": {"lang": "akk-x-neobab",
"form": "a-na",
"cf": "ana",
"gw": "to",
"sense": "to",
"norm": "ana",
"pos": "PRP",
"epos": "PRP"}
}
,
{
"node": "l",
"frag": "⸢UGU⸣",
"id": "P236909.l02edc",
"ref": "P236909.11.5",
"inst": "muhhi[skull]N",
"sig": "@saao/saa18%akk-x-neobab:UGU=muhhu[skull//skull]N'N$muhhi",
"f": {"lang": "akk-x-neobab",
"form": "UGU",
"cf": "muhhu",
"gw": "skull",
"sense": "skull",
"norm": "muhhi",
"pos": "N",
"epos": "N"}
}
,
{
"node": "l",
"frag": "[mi-ni-i]",
"id": "P236909.l02edd",
"ref": "P236909.11.6",
"inst": "mīnî[what?]QP",
"sig": "@saao/saa18%akk-x-neobab:mi-ni-i=mīnu[what?//what?]QP'QP$mīnî",
"f": {"lang": "akk-x-neobab",
"form": "mi-ni-i",
"cf": "mīnu",
"gw": "what?",
"sense": "what?",
"norm": "mīnî",
"pos": "QP",
"epos": "QP"}
}
,
{
"node": "d",
"type": "line-start",
"ref": "P236909.12",
"n": "10'",
"label": "o 10'"}
,
{
"node": "l",
"frag": "šu-u₂",
"id": "P236909.l02ede",
"ref": "P236909.12.1",
"inst": "šû[he]IP",
"sig": "@saao/saa18%akk-x-neobab:šu-u₂=šū[he//he]IP'IP$šû",
"f": {"lang": "akk-x-neobab",
"form": "šu-u₂",
"cf": "šū",
"gw": "he",
"sense": "he",
"norm": "šû",
"pos": "IP",
"epos": "IP"}
}
,
{
"node": "l",
"frag": "ma-a",
"id": "P236909.l02edf",
"ref": "P236909.12.2",
"inst": "mā[saying]PRP",
"sig": "@saao/saa18%akk-x-neobab:ma-a=mā[saying//saying]PRP'PRP$mā",
"f": {"lang": "akk-x-neobab",
"form": "ma-a",
"cf": "mā",
"gw": "saying",
"sense": "saying",
"norm": "mā",
"pos": "PRP",
"epos": "PRP"}
}
,
{
"node": "l",
"frag": "a-na",
"id": "P236909.l02ee0",
"ref": "P236909.12.3",
"inst": "ana[to]PRP",
"sig": "@saao/saa18%akk-x-neobab:a-na=ana[to//to]PRP'PRP$ana",
"f": {"lang": "akk-x-neobab",
"form": "a-na",
"cf": "ana",
"gw": "to",
"sense": "to",
"norm": "ana",
"pos": "PRP",
"epos": "PRP"}
}
,
{
"node": "l",
"frag": "UGU",
"id": "P236909.l02ee1",
"ref": "P236909.12.4",
"inst": "muhhi[skull]N",
"sig": "@saao/saa18%akk-x-neobab:UGU=muhhu[skull//skull]N'N$muhhi",
"f": {"lang": "akk-x-neobab",
"form": "UGU",
"cf": "muhhu",
"gw": "skull",
"sense": "skull",
"norm": "muhhi",
"pos": "N",
"epos": "N"}
}
,
{
"node": "l",
"frag": "{1}ARAD-{⸢d⸣}[NIN.LIL₂]",
"id": "P236909.l02ee2",
"ref": "P236909.12.5",
"inst": "+Arda-Mullissi[]PN$",
"sig": "@saao/saa18%akk-x-neobab:{1}ARAD-{d}NIN.LIL₂=Arda-Mullissi[1//1]PN'PN$Arda-Mullissi",
"f": {"lang": "akk-x-neobab",
"form": "{1}ARAD-{d}NIN.LIL₂",
"cf": "Arda-Mullissi",
"gw": "1",
"sense": "1",
"norm": "Arda-Mullissi",
"pos": "PN",
"epos": "PN"}
}
,
{
"node": "d",
"type": "line-start",
"ref": "P236909.13",
"n": "11'",
"label": "o 11'"}
,
{
"node": "l",
"frag": "⸢i⸣-na",
"id": "P236909.l02ee3",
"ref": "P236909.13.1",
"inst": "ina[with]PRP",
"sig": "@saao/saa18%akk-x-neobab:i-na=ina[in//with]PRP'PRP$ina",
"f": {"lang": "akk-x-neobab",
"form": "i-na",
"cf": "ina",
"gw": "in",
"sense": "with",
"norm": "ina",
"pos": "PRP",
"epos": "PRP"}
}
,
{
"node": "l",
"frag": "{tug₂}KUR.RA-šu₂",
"id": "P236909.l02ee4",
"ref": "P236909.13.2",
"inst": "+šuhattu[(a cloth, rag)//cloak]N'N$šuhattīšu",
"sig": "@saao/saa18%akk-x-neobab:{TUG₂}KUR.RA-šu₂=šuhattu[(a cloth, rag)//cloak]N'N$šuhattīšu",
"f": {"lang": "akk-x-neobab",
"form": "{TUG₂}KUR.RA-šu₂",
"cf": "šuhattu",
"gw": "(a cloth, rag)",
"sense": "cloak",
"norm": "šuhattīšu",
"pos": "N",
"epos": "N"}
}
,
{
"node": "l",
"frag": "pa-ni-šu₂",
"id": "P236909.l02ee5",
"ref": "P236909.13.3",
"inst": "pānīšu[face]N",
"sig": "@saao/saa18%akk-x-neobab:pa-ni-šu₂=pānu[front//face]N'N$pānīšu",
"f": {"lang": "akk-x-neobab",
"form": "pa-ni-šu₂",
"cf": "pānu",
"gw": "front",
"sense": "face",
"norm": "pānīšu",
"pos": "N",
"epos": "N"}
}
,
{
"node": "l",
"frag": "⸢i⸣-[ter-mu]",
"id": "P236909.l02ee6",
"ref": "P236909.13.4",
"inst": "+arāmu[cover]V$ītermū",
"sig": "@saao/saa18%akk-x-neobab:i-ter-mu=arāmu[cover//cover]V'V$ītermū",
"f": {"lang": "akk-x-neobab",
"form": "i-ter-mu",
"cf": "arāmu",
"gw": "cover",
"sense": "cover",
"norm": "ītermū",
"pos": "V",
"epos": "V"}
}
,
{
"node": "d",
"subtype": "reverse",
"type": "surface",
"ref": "P236909.r.14",
"type": "reverse",
"label": "r"}
,
{
"node": "d",
"type": "line-start",
"ref": "P236909.15",
"n": "1",
"label": "r 1"}
,
{
"node": "l",
"frag": "i-na",
"id": "P236909.l02ee7",
"ref": "P236909.15.1",
"inst": "ina[in]PRP",
"sig": "@saao/saa18%akk-x-neobab:i-na=ina[in//in]PRP'PRP$ina",
"f": {"lang": "akk-x-neobab",
"form": "i-na",
"cf": "ina",
"gw": "in",
"sense": "in",
"norm": "ina",
"pos": "PRP",
"epos": "PRP"}
}
,
{
"node": "l",
"frag": "pa-ni",
"id": "P236909.l02ee8",
"ref": "P236909.15.2",
"inst": "pān[front]N",
"sig": "@saao/saa18%akk-x-neobab:pa-ni=pānu[front//front]N'N$pān",
"f": {"lang": "akk-x-neobab",
"form": "pa-ni",
"cf": "pānu",
"gw": "front",
"sense": "front",
"norm": "pān",
"pos": "N",
"epos": "N"}
}
,
{
"node": "l",
"frag": "{1}ARAD-{d}NIN.[LIL₂-ma]",
"id": "P236909.l02ee9",
"ref": "P236909.15.3",
"inst": "+Arda-Mullissi[]PN$Arda-Mullissima",
"sig": "@saao/saa18%akk-x-neobab:{1}ARAD-{d}NIN.LIL₂-ma=Arda-Mullissi[1//1]PN'PN$Arda-Mullissima",
"f": {"lang": "akk-x-neobab",
"form": "{1}ARAD-{d}NIN.LIL₂-ma",
"cf": "Arda-Mullissi",
"gw": "1",
"sense": "1",
"norm": "Arda-Mullissima",
"pos": "PN",
"epos": "PN"}
}
,
{
"node": "d",
"type": "line-start",
"ref": "P236909.16",
"n": "2",
"label": "r 2"}
,
{
"node": "l",
"frag": "ul-te-zi-zi-šu₂",
"id": "P236909.l02eea",
"ref": "P236909.16.1",
"inst": "+izuzzu[stand//make stand]V'V$ultezzizīšu",
"sig": "@saao/saa18%akk-x-neobab:ul-te-zi-zi-šu₂=izuzzu[stand//make stand]V'V$ultezzizīšu",
"f": {"lang": "akk-x-neobab",
"form": "ul-te-zi-zi-šu₂",
"cf": "izuzzu",
"gw": "stand",
"sense": "make stand",
"norm": "ultezzizīšu",
"pos": "V",
"epos": "V"}
}
,
{
"node": "l",
"frag": "um-ma",
"id": "P236909.l02eeb",
"ref": "P236909.16.2",
"inst": "umma[saying]PRP",
"sig": "@saao/saa18%akk-x-neobab:um-ma=umma[saying//saying]PRP'PRP$umma",
"f": {"lang": "akk-x-neobab",
"form": "um-ma",
"cf": "umma",
"gw": "saying",
"sense": "saying",
"norm": "umma",
"pos": "PRP",
"epos": "PRP"}
}
,
{
"node": "l",
"frag": "a-mur",
"id": "P236909.l02eec",
"ref": "P236909.16.3",
"inst": "āmur[see]V",
"sig": "@saao/saa18%akk-x-neobab:a-mur=amāru[see//see]V'V$āmur",
"f": {"lang": "akk-x-neobab",
"form": "a-mur",
"cf": "amāru",
"gw": "see",
"sense": "see",
"norm": "āmur",
"pos": "V",
"epos": "V"}
}
,
{
"node": "l",
"frag": "⸢x⸣+[x",
"id": "P236909.l02eed",
"ref": "P236909.16.4",
"inst": "u",
"f": {"lang": "akk-x-neobab",
"form": "x+x",
"pos": "u"}
}
,
{
"node": "l",
"frag": "x",
"id": "P236909.l02eee",
"ref": "P236909.16.5",
"inst": "u",
"f": {"lang": "akk-x-neobab",
"form": "x",
"pos": "u"}
}
,
{
"node": "l",
"frag": "x]",
"id": "P236909.l02eef",
"ref": "P236909.16.6",
"inst": "u",
"f": {"lang": "akk-x-neobab",
"form": "x",
"pos": "u"}
}
,
{
"node": "d",
"type": "line-start",
"ref": "P236909.17",
"n": "3",
"label": "r 3"}
,
{
"node": "l",
"frag": "im-ma-⸢gar⸣",
"id": "P236909.l02ef0",
"ref": "P236909.17.1",
"inst": "+magāru[consent//be(come) granted]V'V$immaggar",
"sig": "@saao/saa18%akk-x-neobab:im-ma-gar=magāru[consent//be(come) granted]V'V$immaggar",
"f": {"lang": "akk-x-neobab",
"form": "im-ma-gar",
"cf": "magāru",
"gw": "consent",
"sense": "be(come) granted",
"norm": "immaggar",
"pos": "V",
"epos": "V"}
}
,
{
"node": "l",
"frag": "ina",
"id": "P236909.l02ef1",
"ref": "P236909.17.2",
"inst": "ina[with]PRP",
"sig": "@saao/saa18%akk-x-neobab:ina=ina[in//with]PRP'PRP$ina",
"f": {"lang": "akk-x-neobab",
"form": "ina",
"cf": "ina",
"gw": "in",
"sense": "with",
"norm": "ina",
"pos": "PRP",
"epos": "PRP"}
}
,
{
"node": "l",
"frag": "pi-i-ka",
"id": "P236909.l02ef2",
"ref": "P236909.17.3",
"inst": "pîka[mouth]N",
"sig": "@saao/saa18%akk-x-neobab:pi-i-ka=pû[mouth//mouth]N'N$pîka",
"f": {"lang": "akk-x-neobab",
"form": "pi-i-ka",
"cf": "pû",
"gw": "mouth",
"sense": "mouth",
"norm": "pîka",
"pos": "N",
"epos": "N"}
}
,
{
"node": "l",
"frag": "qi-[bi]",
"id": "P236909.l02ef3",
"ref": "P236909.17.4",
"inst": "+qabû[say]V$qibi",
"sig": "@saao/saa18%akk-x-neobab:qi-bi=qabû[say//say]V'V$qibi",
"f": {"lang": "akk-x-neobab",
"form": "qi-bi",
"cf": "qabû",
"gw": "say",
"sense": "say",
"norm": "qibi",
"pos": "V",
"epos": "V"}
}
,
{
"node": "d",
"type": "line-start",
"ref": "P236909.18",
"n": "4",
"label": "r 4"}
,
{
"node": "l",
"frag": "šu-u₂",
"id": "P236909.l02ef4",
"ref": "P236909.18.1",
"inst": "šû[he]IP",
"sig": "@saao/saa18%akk-x-neobab:šu-u₂=šū[he//he]IP'IP$šû",
"f": {"lang": "akk-x-neobab",
"form": "šu-u₂",
"cf": "šū",
"gw": "he",
"sense": "he",
"norm": "šû",
"pos": "IP",
"epos": "IP"}
}
,
{
"node": "l",
"frag": "iq-ta-bi",
"id": "P236909.l02ef5",
"ref": "P236909.18.2",
"inst": "iqtabi[say]V",
"sig": "@saao/saa18%akk-x-neobab:iq-ta-bi=qabû[say//say]V'V$iqtabi",
"f": {"lang": "akk-x-neobab",
"form": "iq-ta-bi",
"cf": "qabû",
"gw": "say",
"sense": "say",
"norm": "iqtabi",
"pos": "V",
"epos": "V"}
}
,
{
"node": "l",
"frag": "um-ma",
"id": "P236909.l02ef6",
"ref": "P236909.18.3",
"inst": "umma[saying]PRP",
"sig": "@saao/saa18%akk-x-neobab:um-ma=umma[saying//saying]PRP'PRP$umma",
"f": {"lang": "akk-x-neobab",
"form": "um-ma",
"cf": "umma",
"gw": "saying",
"sense": "saying",
"norm": "umma",
"pos": "PRP",
"epos": "PRP"}
}
,
{
"node": "l",
"frag": "{1}ARAD-{⸢d⸣}[NIN.LIL₂]",
"id": "P236909.l02ef7",
"ref": "P236909.18.4",
"inst": "Arda-Mullissi[1]PN",
"sig": "@saao/saa18%akk-x-neobab:{1}ARAD-{d}NIN.LIL₂=Arda-Mullissi[1//1]PN'PN$Arda-Mullissi",
"f": {"lang": "akk-x-neobab",
"form": "{1}ARAD-{d}NIN.LIL₂",
"cf": "Arda-Mullissi",
"gw": "1",
"sense": "1",
"norm": "Arda-Mullissi",
"pos": "PN",
"epos": "PN"}
}
,
{
"node": "d",
"type": "line-start",
"ref": "P236909.19",
"n": "5",
"label": "r 5"}
,
{
"node": "l",
"frag": "DUMU-ka",
"id": "P236909.l02ef8",
"ref": "P236909.19.1",
"inst": "mārka[son]N",
"sig": "@saao/saa18%akk-x-neobab:DUMU-ka=māru[son//son]N'N$mārka",
"f": {"lang": "akk-x-neobab",
"form": "DUMU-ka",
"cf": "māru",
"gw": "son",
"sense": "son",
"norm": "mārka",
"pos": "N",
"epos": "N"}
}
,
{
"node": "l",
"frag": "i-dak-ka",
"id": "P236909.l02ef9",
"ref": "P236909.19.2",
"inst": "+dâku[kill]V$idâkka",
"sig": "@saao/saa18%akk-x-neobab:i-dak-ka=dâku[kill//kill]V'V$idâkka",
"f": {"lang": "akk-x-neobab",
"form": "i-dak-ka",
"cf": "dâku",
"gw": "kill",
"sense": "kill",
"norm": "idâkka",
"pos": "V",
"epos": "V"}
}
,
{
"node": "l",
"frag": "pa-ni-[šu₂]",
"id": "P236909.l02efa",
"ref": "P236909.19.3",
"inst": "pānīšu[face]N",
"sig": "@saao/saa18%akk-x-neobab:pa-ni-šu₂=pānu[front//face]N'N$pānīšu",
"f": {"lang": "akk-x-neobab",
"form": "pa-ni-šu₂",
"cf": "pānu",
"gw": "front",
"sense": "face",
"norm": "pānīšu",
"pos": "N",
"epos": "N"}
}
,
{
"node": "d",
"type": "line-start",
"ref": "P236909.20",
"n": "6",
"label": "r 6"}
,
{
"node": "l",
"frag": "ki-i",
"id": "P236909.l02efb",
"ref": "P236909.20.1",
"inst": "kî[that]'SBJ",
"sig": "@saao/saa18%akk-x-neobab:ki-i=kī[like//that]PRP'SBJ$kî",
"f": {"lang": "akk-x-neobab",
"form": "ki-i",
"cf": "kī",
"gw": "like",
"sense": "that",
"norm": "kî",
"pos": "PRP",
"epos": "SBJ"}
}
,
{
"node": "l",
"frag": "ip-tu-u₂",
"id": "P236909.l02efc",
"ref": "P236909.20.2",
"inst": "iptû[open]V",
"sig": "@saao/saa18%akk-x-neobab:ip-tu-u₂=petû[open//open]V'V$iptû",
"f": {"lang": "akk-x-neobab",
"form": "ip-tu-u₂",
"cf": "petû",
"gw": "open",
"sense": "open",
"norm": "iptû",
"pos": "V",
"epos": "V"}
}
,
{
"node": "l",
"frag": "{1}ARAD-{d}⸢NIN⸣.[LIL₂]",
"id": "P236909.l02efd",
"ref": "P236909.20.3",
"inst": "Arda-Mullissi[1]PN",
"sig": "@saao/saa18%akk-x-neobab:{1}ARAD-{d}NIN.LIL₂=Arda-Mullissi[1//1]PN'PN$Arda-Mullissi",
"f": {"lang": "akk-x-neobab",
"form": "{1}ARAD-{d}NIN.LIL₂",
"cf": "Arda-Mullissi",
"gw": "1",
"sense": "1",
"norm": "Arda-Mullissi",
"pos": "PN",
"epos": "PN"}
}
,
{
"node": "d",
"type": "line-start",
"ref": "P236909.21",
"n": "7",
"label": "r 7"}
,
{
"node": "l",
"frag": "ki-i",
"id": "P236909.l02efe",
"ref": "P236909.21.1",
"inst": "kî[when]'SBJ",
"sig": "@saao/saa18%akk-x-neobab:ki-i=kī[like//when]PRP'SBJ$kî",
"f": {"lang": "akk-x-neobab",
"form": "ki-i",
"cf": "kī",
"gw": "like",
"sense": "when",
"norm": "kî",
"pos": "PRP",
"epos": "SBJ"}
}
,
{
"node": "l",
"frag": "u₂-sa-niq-šu₂",
"id": "P236909.l02eff",
"ref": "P236909.21.2",
"inst": "+sanāqu[check//interrogate]V'V$usanniqšu",
"sig": "@saao/saa18%akk-x-neobab:u₂-sa-niq-šu₂=sanāqu[check//interrogate]V'V$usanniqšu",
"f": {"lang": "akk-x-neobab",
"form": "u₂-sa-niq-šu₂",
"cf": "sanāqu",
"gw": "check",
"sense": "interrogate",
"norm": "usanniqšu",
"pos": "V",
"epos": "V"}
}
,
{
"node": "l",
"frag": "a-na",
"id": "P236909.l02f00",
"ref": "P236909.21.3",
"inst": "ana[to]PRP",
"sig": "@saao/saa18%akk-x-neobab:a-na=ana[to//to]PRP'PRP$ana",
"f": {"lang": "akk-x-neobab",
"form": "a-na",
"cf": "ana",
"gw": "to",
"sense": "to",
"norm": "ana",
"pos": "PRP",
"epos": "PRP"}
}
,
{
"node": "l",
"frag": "ša₂-[a-šu₂]",
"id": "P236909.l02f01",
"ref": "P236909.21.4",
"inst": "šāšu[him]IP",
"sig": "@saao/saa18%akk-x-neobab:ša₂-a-šu₂=šāšu[him//him]IP'IP$šāšu",
"f": {"lang": "akk-x-neobab",
"form": "ša₂-a-šu₂",
"cf": "šāšu",
"gw": "him",
"sense": "him",
"norm": "šāšu",
"pos": "IP",
"epos": "IP"}
}
,
{
"node": "d",
"type": "line-start",
"ref": "P236909.22",
"n": "8",
"label": "r 8"}
,
{
"node": "l",
"frag": "⸢u₃⸣",
"id": "P236909.l02f02",
"ref": "P236909.22.1",
"inst": "u[and]CNJ",
"sig": "@saao/saa18%akk-x-neobab:u₃=u[and//and]CNJ'CNJ$u",
"f": {"lang": "akk-x-neobab",
"form": "u₃",
"cf": "u",
"gw": "and",
"sense": "and",
"norm": "u",
"pos": "CNJ",
"epos": "CNJ"}
}
,
{
"node": "l",
"frag": "ŠEŠ-MEŠ-šu₂",
"id": "P236909.l02f03",
"ref": "P236909.22.2",
"inst": "ahhēšu[brother]N",
"sig": "@saao/saa18%akk-x-neobab:ŠEŠ-MEŠ-šu₂=ahu[brother//brother]N'N$ahhēšu",
"f": {"lang": "akk-x-neobab",
"form": "ŠEŠ-MEŠ-šu₂",
"cf": "ahu",
"gw": "brother",
"sense": "brother",
"norm": "ahhēšu",
"pos": "N",
"epos": "N"}
}
,
{
"node": "l",
"frag": "i-⸢duk⸣-[ku]",
"id": "P236909.l02f04",
"ref": "P236909.22.3",
"inst": "+dâku[kill]V$iddukkū",
"sig": "@saao/saa18%akk-x-neobab:i-duk-ku=dâku[kill//kill]V'V$iddukkū",
"f": {"lang": "akk-x-neobab",
"form": "i-duk-ku",
"cf": "dâku",
"gw": "kill",
"sense": "kill",
"norm": "iddukkū",
"pos": "V",
"epos": "V"}
}
,
{
"node": "d",
"type": "line-start",
"ref": "P236909.23",
"n": "9",
"label": "r 9"}
,
{
"node": "l",
"frag": "[x",
"id": "P236909.l02f05",
"ref": "P236909.23.1",
"inst": "u",
"f": {"lang": "akk-x-neobab",
"form": "x",
"pos": "u"}
}
,
{
"node": "l",
"frag": "x]",
"id": "P236909.l02f06",
"ref": "P236909.23.2",
"inst": "u",
"f": {"lang": "akk-x-neobab",
"form": "x",
"pos": "u"}
}
,
{
"node": "l",
"frag": "04",
"id": "P236909.l02f07",
"ref": "P236909.23.3",
"inst": "n",
"f": {"lang": "akk-x-neobab",
"form": "04",
"pos": "n"}
}
,
{
"node": "l",
"frag": "ERIM-MEŠ",
"id": "P236909.l02f08",
"ref": "P236909.23.4",
"inst": "ṣābē[people]N",
"sig": "@saao/saa18%akk-x-neobab:ERIM-MEŠ=ṣābu[people//people]N'N$ṣābē",
"f": {"lang": "akk-x-neobab",
"form": "ERIM-MEŠ",
"cf": "ṣābu",
"gw": "people",
"sense": "people",
"norm": "ṣābē",
"pos": "N",
"epos": "N"}
}
,
{
"node": "l",
"frag": "{1}TUR",
"id": "P236909.l02f09",
"ref": "P236909.23.5",
"inst": "+Ṣuhru[]PN$",
"sig": "@saao/saa18%akk-x-neobab:{1}TUR=Ṣuhru[1//1]PN'PN$Ṣuhru",
"f": {"lang": "akk-x-neobab",
"form": "{1}TUR",
"cf": "Ṣuhru",
"gw": "1",
"sense": "1",
"norm": "Ṣuhru",
"pos": "PN",
"epos": "PN"}
}
,
{
"node": "l",
"frag": "{1}DUG₃-ia",
"id": "P236909.l02f0a",
"ref": "P236909.23.6",
"inst": "+Ṭabiya[]PN$",
"sig": "@saao/saa18%akk-x-neobab:{1}DUG₃-ia=Ṭabiya[1//1]PN'PN$Ṭabiya",
"f": {"lang": "akk-x-neobab",
"form": "{1}DUG₃-ia",
"cf": "Ṭabiya",
"gw": "1",
"sense": "1",
"norm": "Ṭabiya",
"pos": "PN",
"epos": "PN"}
}
,
{
"node": "l",
"frag": "{1}⸢x⸣+[x",
"id": "P236909.l02f0b",
"ref": "P236909.23.7",
"inst": "u",
"f": {"lang": "akk-x-neobab",
"form": "{1}x+x",
"pos": "u"}
}
,
{
"node": "l",
"frag": "x",
"id": "P236909.l02f0c",
"ref": "P236909.23.8",
"inst": "u",
"f": {"lang": "akk-x-neobab",
"form": "x",
"pos": "u"}
}
,
{
"node": "l",
"frag": "x",
"id": "P236909.l02f0d",
"ref": "P236909.23.9",
"inst": "u",
"f": {"lang": "akk-x-neobab",
"form": "x",
"pos": "u"}
}
,
{
"node": "l",
"frag": "x]",
"id": "P236909.l02f0e",
"ref": "P236909.23.10",
"inst": "u",
"f": {"lang": "akk-x-neobab",
"form": "x",
"pos": "u"}
}
,
{
"node": "d",
"type": "line-start",
"ref": "P236909.24",
"n": "10",
"label": "r 10"}
,
{
"node": "l",
"frag": "[a-na]",
"id": "P236909.l02f0f",
"ref": "P236909.24.1",
"inst": "ana[to]PRP",
"sig": "@saao/saa18%akk-x-neobab:a-na=ana[to//to]PRP'PRP$ana",
"f": {"lang": "akk-x-neobab",
"form": "a-na",
"cf": "ana",
"gw": "to",
"sense": "to",
"norm": "ana",
"pos": "PRP",
"epos": "PRP"}
}
,
{
"node": "l",
"frag": "{1}{d}AG-ŠEŠ-APIN-eš",
"id": "P236909.l02f10",
"ref": "P236909.24.2",
"inst": "+Nabu-ahu-ereš[]PN$",
"sig": "@saao/saa18%akk-x-neobab:{1}{d}AG-ŠEŠ-APIN-eš=Nabu-ahu-ereš[1//1]PN'PN$Nabu-ahu-ereš",
"f": {"lang": "akk-x-neobab",
"form": "{1}{d}AG-ŠEŠ-APIN-eš",
"cf": "Nabu-ahu-ereš",
"gw": "1",
"sense": "1",
"norm": "Nabu-ahu-ereš",
"pos": "PN",
"epos": "PN"}
}
,
{
"node": "l",
"frag": "ki-⸢i⸣",
"id": "P236909.l02f11",
"ref": "P236909.24.3",
"inst": "kî[when]'SBJ",
"sig": "@saao/saa18%akk-x-neobab:ki-i=kī[like//when]PRP'SBJ$kî",
"f": {"lang": "akk-x-neobab",
"form": "ki-i",
"cf": "kī",
"gw": "like",
"sense": "when",
"norm": "kî",
"pos": "PRP",
"epos": "SBJ"}
}
,
{
"node": "l",
"frag": "[iq-bu-u₂]",
"id": "P236909.l02f12",
"ref": "P236909.24.4",
"inst": "iqbû[say]V",
"sig": "@saao/saa18%akk-x-neobab:iq-bu-u₂=qabû[say//say]V'V$iqbû",
"f": {"lang": "akk-x-neobab",
"form": "iq-bu-u₂",
"cf": "qabû",
"gw": "say",
"sense": "say",
"norm": "iqbû",
"pos": "V",
"epos": "V"}
}
,
{
"node": "d",
"type": "line-start",
"ref": "P236909.25",
"n": "11",
"label": "r 11"}
,
{
"node": "l",
"frag": "[ul",
"id": "P236909.l02f13",
"ref": "P236909.25.1",
"inst": "ul[not]MOD",
"sig": "@saao/saa18%akk-x-neobab:ul=ul[not//not]MOD'MOD$ul",
"f": {"lang": "akk-x-neobab",
"form": "ul",
"cf": "ul",
"gw": "not",
"sense": "not",
"norm": "ul",
"pos": "MOD",
"epos": "MOD"}
}
,
{
"node": "l",
"frag": "i]-qi-pi",
"id": "P236909.l02f14",
"ref": "P236909.25.2",
"inst": "+qiāpu[(en)trust//believe]V'V$iqīpi",
"sig": "@saao/saa18%akk-x-neobab:i-qi-pi=qiāpu[(en)trust//believe]V'V$iqīpi",
"f": {"lang": "akk-x-neobab",
"form": "i-qi-pi",
"cf": "qiāpu",
"gw": "(en)trust",
"sense": "believe",
"norm": "iqīpi",
"pos": "V",
"epos": "V"}
}
,
{
"node": "l",
"frag": "ERIM-MEŠ",
"id": "P236909.l02f15",
"ref": "P236909.25.3",
"inst": "ṣābē[people]N",
"sig": "@saao/saa18%akk-x-neobab:ERIM-MEŠ=ṣābu[people//people]N'N$ṣābē",
"f": {"lang": "akk-x-neobab",
"form": "ERIM-MEŠ",
"cf": "ṣābu",
"gw": "people",
"sense": "people",
"norm": "ṣābē",
"pos": "N",
"epos": "N"}
}
,
{
"node": "l",
"frag": "ša₂",
"id": "P236909.l02f16",
"ref": "P236909.25.4",
"inst": "ša[of]DET",
"sig": "@saao/saa18%akk-x-neobab:ša₂=ša[of//of]DET'DET$ša",
"f": {"lang": "akk-x-neobab",
"form": "ša₂",
"cf": "ša",
"gw": "of",
"sense": "of",
"norm": "ša",
"pos": "DET",
"epos": "DET"}
}
,
{
"node": "l",
"frag": "E₂",
"id": "P236909.l02f17",
"ref": "P236909.25.5",
"inst": "bīt[household]N",
"sig": "@saao/saa18%akk-x-neobab:E₂=bītu[house//household]N'N$bīt",
"f": {"lang": "akk-x-neobab",
"form": "E₂",
"cf": "bītu",
"gw": "house",
"sense": "household",
"norm": "bīt",
"pos": "N",
"epos": "N"}
}
,
{
"node": "l",
"frag": "{1}⸢ARAD⸣-{[d}NIN.LIL₂]",
"id": "P236909.l02f18",
"ref": "P236909.25.6",
"inst": "Arda-Mullissi[1]PN",
"sig": "@saao/saa18%akk-x-neobab:{1}ARAD-{d}NIN.LIL₂=Arda-Mullissi[1//1]PN'PN$Arda-Mullissi",
"f": {"lang": "akk-x-neobab",
"form": "{1}ARAD-{d}NIN.LIL₂",
"cf": "Arda-Mullissi",
"gw": "1",
"sense": "1",
"norm": "Arda-Mullissi",
"pos": "PN",
"epos": "PN"}
}
,
{
"node": "d",
"type": "line-start",
"ref": "P236909.26",
"n": "12",
"label": "r 12"}
,
{
"node": "l",
"frag": "⸢li⸣-ša₂-al-la",
"id": "P236909.l02f19",
"ref": "P236909.26.1",
"inst": "+šâlu[ask]V$lišʾalla",
"sig": "@saao/saa18%akk-x-neobab:li-ša₂-al-la=šâlu[ask//ask]V'V$lišʾalla",
"f": {"lang": "akk-x-neobab",
"form": "li-ša₂-al-la",
"cf": "šâlu",
"gw": "ask",
"sense": "ask",
"norm": "lišʾalla",
"pos": "V",
"epos": "V"}
}
,
{
"node": "d",
"frag": ":",
"type": "nonw",
"ref": "P236909.26.2",
"lang": "akk-x-neobab",
"type": "punct",
"gdl_delim": " "}
,
{
"node": "l",
"frag": "en-⸢na⸣",
"id": "P236909.l02f1a",
"ref": "P236909.26.3",
"inst": "enna[now]AV",
"sig": "@saao/saa18%akk-x-neobab:en-na=enna[now//now]AV'AV$enna",
"f": {"lang": "akk-x-neobab",
"form": "en-na",
"cf": "enna",
"gw": "now",
"sense": "now",
"norm": "enna",
"pos": "AV",
"epos": "AV"}
}
,
{
"node": "l",
"frag": "[a-du-u₂]",
"id": "P236909.l02f1b",
"ref": "P236909.26.4",
"inst": "adû[now]AV",
"sig": "@saao/saa18%akk-x-neobab:a-du-u₂=adû[now//now]AV'AV$adû",
"f": {"lang": "akk-x-neobab",
"form": "a-du-u₂",
"cf": "adû",
"gw": "now",
"sense": "now",
"norm": "adû",
"pos": "AV",
"epos": "AV"}
}
,
{
"node": "d",
"type": "line-start",
"ref": "P236909.27",
"n": "13",
"label": "r 13"}
,
{
"node": "l",
"frag": "[da]-⸢ba⸣-ba",
"id": "P236909.l02f1c",
"ref": "P236909.27.1",
"inst": "dabāba[talk]N",
"sig": "@saao/saa18%akk-x-neobab:da-ba-ba=dabābu[talk//talk]N'N$dabāba",
"f": {"lang": "akk-x-neobab",
"form": "da-ba-ba",
"cf": "dabābu",
"gw": "talk",
"sense": "talk",
"norm": "dabāba",
"pos": "N",
"epos": "N"}
}
,
{
"node": "l",
"frag": "bab-ba-nu-u₂",
"id": "P236909.l02f1d",
"ref": "P236909.27.2",
"inst": "babbanû[excellent]AJ",
"sig": "@saao/saa18%akk-x-neobab:bab-ba-nu-u₂=babbanû[excellent//excellent]AJ'AJ$babbanû",
"f": {"lang": "akk-x-neobab",
"form": "bab-ba-nu-u₂",
"cf": "babbanû",
"gw": "excellent",
"sense": "excellent",
"norm": "babbanû",
"pos": "AJ",
"epos": "AJ"}
}
,
{
"node": "l",
"frag": "ša₂",
"id": "P236909.l02f1e",
"ref": "P236909.27.3",
"inst": "ša[of]DET",
"sig": "@saao/saa18%akk-x-neobab:ša₂=ša[of//of]DET'DET$ša",
"f": {"lang": "akk-x-neobab",
"form": "ša₂",
"cf": "ša",
"gw": "of",
"sense": "of",
"norm": "ša",
"pos": "DET",
"epos": "DET"}
}
,
{
"node": "l",
"frag": "⸢x⸣+[x",
"id": "P236909.l02f1f",
"ref": "P236909.27.4",
"inst": "u",
"f": {"lang": "akk-x-neobab",
"form": "x+x",
"pos": "u"}
}
,
{
"node": "l",
"frag": "x",
"id": "P236909.l02f20",
"ref": "P236909.27.5",
"inst": "u",
"f": {"lang": "akk-x-neobab",
"form": "x",
"pos": "u"}
}
,
{
"node": "l",
"frag": "x",
"id": "P236909.l02f21",
"ref": "P236909.27.6",
"inst": "u",
"f": {"lang": "akk-x-neobab",
"form": "x",
"pos": "u"}
}
,
{
"node": "l",
"frag": "x]",
"id": "P236909.l02f22",
"ref": "P236909.27.7",
"inst": "u",
"f": {"lang": "akk-x-neobab",
"form": "x",
"pos": "u"}
}
,
{
"node": "d",
"type": "line-start",
"ref": "P236909.28",
"n": "14",
"label": "r 14"}
,
{
"node": "l",
"frag": "[in]-⸢da⸣-har-ru",
"id": "P236909.l02f23",
"ref": "P236909.28.1",
"inst": "+mahāru[face//receive]V'V$indaharū",
"sig": "@saao/saa18%akk-x-neobab:in-da-har-ru=mahāru[face//receive]V'V$indaharū",
"f": {"lang": "akk-x-neobab",
"form": "in-da-har-ru",
"cf": "mahāru",
"gw": "face",
"sense": "receive",
"norm": "indaharū",
"pos": "V",
"epos": "V"}
}
,
{
"node": "l",
"frag": "a-na",
"id": "P236909.l02f24",
"ref": "P236909.28.2",
"inst": "ana[to]PRP",
"sig": "@saao/saa18%akk-x-neobab:a-na=ana[to//to]PRP'PRP$ana",
"f": {"lang": "akk-x-neobab",
"form": "a-na",
"cf": "ana",
"gw": "to",
"sense": "to",
"norm": "ana",
"pos": "PRP",
"epos": "PRP"}
}
,
{
"node": "l",
"frag": "⸢LUGAL⸣",
"id": "P236909.l02f25",
"ref": "P236909.28.3",
"inst": "šarri[king]N",
"sig": "@saao/saa18%akk-x-neobab:LUGAL=šarru[king//king]N'N$šarri",
"f": {"lang": "akk-x-neobab",
"form": "LUGAL",
"cf": "šarru",
"gw": "king",
"sense": "king",
"norm": "šarri",
"pos": "N",
"epos": "N"}
}
,
{
"node": "l",
"frag": "[EN-i-ni]",
"id": "P236909.l02f26",
"ref": "P236909.28.4",
"inst": "bēlīni[lord]N",
"sig": "@saao/saa18%akk-x-neobab:EN-i-ni=bēlu[lord//lord]N'N$bēlīni",
"f": {"lang": "akk-x-neobab",
"form": "EN-i-ni",
"cf": "bēlu",
"gw": "lord",
"sense": "lord",
"norm": "bēlīni",
"pos": "N",
"epos": "N"}
}
,
{
"node": "d",
"type": "line-start",
"ref": "P236909.29",
"n": "15",
"label": "r 15"}
,
{
"node": "l",
"frag": "[ki-i]",
"id": "P236909.l02f27",
"ref": "P236909.29.1",
"inst": "kî[when]'SBJ",
"sig": "@saao/saa18%akk-x-neobab:ki-i=kī[like//when]PRP'SBJ$kî",
"f": {"lang": "akk-x-neobab",
"form": "ki-i",
"cf": "kī",
"gw": "like",
"sense": "when",
"norm": "kî",
"pos": "PRP",
"epos": "SBJ"}
}
,
{
"node": "l",
"frag": "⸢iš⸣-pu-ru",
"id": "P236909.l02f28",
"ref": "P236909.29.2",
"inst": "išpurū[write]V",
"sig": "@saao/saa18%akk-x-neobab:iš-pu-ru=šapāru[send//write]V'V$išpurū",
"f": {"lang": "akk-x-neobab",
"form": "iš-pu-ru",
"cf": "šapāru",
"gw": "send",
"sense": "write",
"norm": "išpurū",
"pos": "V",
"epos": "V"}
}
,
{
"node": "l",
"frag": "LUGAL",
"id": "P236909.l02f29",
"ref": "P236909.29.3",
"inst": "šarru[king]N",
"sig": "@saao/saa18%akk-x-neobab:LUGAL=šarru[king//king]N'N$šarru",
"f": {"lang": "akk-x-neobab",
"form": "LUGAL",
"cf": "šarru",
"gw": "king",
"sense": "king",
"norm": "šarru",
"pos": "N",
"epos": "N"}
}
,
{
"node": "l",
"frag": "[EN-a-ni]",
"id": "P236909.l02f2a",
"ref": "P236909.29.4",
"inst": "bēlāni[lord]N",
"sig": "@saao/saa18%akk-x-neobab:EN-a-ni=bēlu[lord//lord]N'N$bēlāni",
"f": {"lang": "akk-x-neobab",
"form": "EN-a-ni",
"cf": "bēlu",
"gw": "lord",
"sense": "lord",
"norm": "bēlāni",
"pos": "N",
"epos": "N"}
}
,
{
"node": "d",
"type": "line-start",
"ref": "P236909.30",
"n": "16",
"label": "r 16"}
,
{
"node": "l",
"frag": "[x",
"id": "P236909.l02f2b",
"ref": "P236909.30.1",
"inst": "u",
"f": {"lang": "akk-x-neobab",
"form": "x",
"pos": "u"}
}
,
{
"node": "l",
"frag": "x",
"id": "P236909.l02f2c",
"ref": "P236909.30.2",
"inst": "u",
"f": {"lang": "akk-x-neobab",
"form": "x",
"pos": "u"}
}
,
{
"node": "l",
"frag": "x]",
"id": "P236909.l02f2d",
"ref": "P236909.30.3",
"inst": "u",
"f": {"lang": "akk-x-neobab",
"form": "x",
"pos": "u"}
}
,
{
"node": "l",
"frag": "⸢x",
"id": "P236909.l02f2e",
"ref": "P236909.30.4",
"inst": "u",
"f": {"lang": "akk-x-neobab",
"form": "x",
"pos": "u"}
}
,
{
"node": "l",
"frag": "x",
"id": "P236909.l02f2f",
"ref": "P236909.30.5",
"inst": "u",
"f": {"lang": "akk-x-neobab",
"form": "x",
"pos": "u"}
}
,
{
"node": "l",
"frag": "x⸣",
"id": "P236909.l02f30",
"ref": "P236909.30.6",
"inst": "u",
"f": {"lang": "akk-x-neobab",
"form": "x",
"pos": "u"}
}
,
{
"node": "l",
"frag": "[x",
"id": "P236909.l02f31",
"ref": "P236909.30.7",
"inst": "u",
"f": {"lang": "akk-x-neobab",
"form": "x",
"pos": "u"}
}
,
{
"node": "l",
"frag": "x",
"id": "P236909.l02f32",
"ref": "P236909.30.8",
"inst": "u",
"f": {"lang": "akk-x-neobab",
"form": "x",
"pos": "u"}
}
,
{
"node": "l",
"frag": "x",
"id": "P236909.l02f33",
"ref": "P236909.30.9",
"inst": "u",
"f": {"lang": "akk-x-neobab",
"form": "x",
"pos": "u"}
}
,
{
"node": "l",
"frag": "x]",
"id": "P236909.l02f34",
"ref": "P236909.30.10",
"inst": "u",
"f": {"lang": "akk-x-neobab",
"form": "x",
"pos": "u"}
}
,
{
"node": "d",
"type": "nonx",
"ref": "P236909.31",
"strict": "0",
"extent": "rest",
"state": "missing"}
]}
]}
]}
]}
