{
"type": "cdl",
  "source": "http://oracc.org/saao/saa18",
  "license": "This data is released under the CC0 license",
  "license-url": "https://creativecommons.org/publicdomain/zero/1.0/",
  "more-info": "http://oracc.org/doc/opendata/",
  "UTC-timestamp": "2017-05-19T12:00:56",
"project": "saao/saa18",
"textid": "P237838",
"cdl": [
{
"node": "c",
"type": "text",
"id": "P237838.U0",
"cdl": [
{
"node": "d",
"type": "object",
"ref": ""}
,
{
"node": "d",
"subtype": "obverse",
"type": "surface",
"ref": "P237838.o.1",
"type": "obverse",
"label": "o"}
,
{
"node": "c",
"type": "discourse",
"subtype": "body",
"id": "P237838.U1",
"cdl": [
{
"node": "c",
"type": "sentence",
"id": "P237838.U2",
"label": "o 1 - r 14",
"cdl": [
{
"node": "d",
"type": "line-start",
"ref": "P237838.2",
"n": "1",
"label": "o 1"}
,
{
"node": "l",
"frag": "a-na",
"id": "P237838.l061cf",
"ref": "P237838.2.1",
"inst": "ana[to]PRP",
"sig": "@saao/saa18%akk-x-neobab:a-na=ana[to//to]PRP'PRP$ana",
"f": {"lang": "akk-x-neobab",
"form": "a-na",
"cf": "ana",
"gw": "to",
"sense": "to",
"norm": "ana",
"pos": "PRP",
"epos": "PRP"}
}
,
{
"node": "l",
"frag": "LUGAL",
"id": "P237838.l061d0",
"ref": "P237838.2.2",
"inst": "šar[king]N",
"sig": "@saao/saa18%akk-x-neobab:LUGAL=šarru[king//king]N'N$šar",
"f": {"lang": "akk-x-neobab",
"form": "LUGAL",
"cf": "šarru",
"gw": "king",
"sense": "king",
"norm": "šar",
"pos": "N",
"epos": "N"}
}
,
{
"node": "l",
"frag": "LUGAL-MEŠ",
"id": "P237838.l061d1",
"ref": "P237838.2.3",
"inst": "šarrāni[king]N",
"sig": "@saao/saa18%akk-x-neobab:LUGAL-MEŠ=šarru[king//king]N'N$šarrāni",
"f": {"lang": "akk-x-neobab",
"form": "LUGAL-MEŠ",
"cf": "šarru",
"gw": "king",
"sense": "king",
"norm": "šarrāni",
"pos": "N",
"epos": "N"}
}
,
{
"node": "l",
"frag": "EN-ia",
"id": "P237838.l061d2",
"ref": "P237838.2.4",
"inst": "bēlīya[lord]N",
"sig": "@saao/saa18%akk-x-neobab:EN-ia=bēlu[lord//lord]N'N$bēlīya",
"f": {"lang": "akk-x-neobab",
"form": "EN-ia",
"cf": "bēlu",
"gw": "lord",
"sense": "lord",
"norm": "bēlīya",
"pos": "N",
"epos": "N"}
}
,
{
"node": "d",
"type": "line-start",
"ref": "P237838.3",
"n": "2",
"label": "o 2"}
,
{
"node": "l",
"frag": "ARAD-ka",
"id": "P237838.l061d3",
"ref": "P237838.3.1",
"inst": "aradka[servant]N",
"sig": "@saao/saa18%akk-x-neobab:ARAD-ka=ardu[slave//servant]N'N$aradka",
"f": {"lang": "akk-x-neobab",
"form": "ARAD-ka",
"cf": "ardu",
"gw": "slave",
"sense": "servant",
"norm": "aradka",
"pos": "N",
"epos": "N"}
}
,
{
"node": "l",
"frag": "{1}{d}AG-u₂-šal-lim",
"id": "P237838.l061d4",
"ref": "P237838.3.2",
"inst": "Nabu-ušallim[1]PN",
"sig": "@saao/saa18%akk-x-neobab:{1}{d}AG-u₂-šal-lim=Nabu-ušallim[1//1]PN'PN$Nabu-ušallim",
"f": {"lang": "akk-x-neobab",
"form": "{1}{d}AG-u₂-šal-lim",
"cf": "Nabu-ušallim",
"gw": "1",
"sense": "1",
"norm": "Nabu-ušallim",
"pos": "PN",
"epos": "PN"}
}
,
{
"node": "d",
"type": "line-start",
"ref": "P237838.4",
"n": "3",
"label": "o 3"}
,
{
"node": "l",
"frag": "AN.ŠAR₂",
"id": "P237838.l061d5",
"ref": "P237838.4.1",
"inst": "Aššur[1]DN",
"sig": "@saao/saa18%akk-x-neobab:AN.ŠAR₂=Aššur[1//1]DN'DN$Aššur",
"f": {"lang": "akk-x-neobab",
"form": "AN.ŠAR₂",
"cf": "Aššur",
"gw": "1",
"sense": "1",
"norm": "Aššur",
"pos": "DN",
"epos": "DN"}
}
,
{
"node": "l",
"frag": "{d}UTU",
"id": "P237838.l061d6",
"ref": "P237838.4.2",
"inst": "Šamaš[1]DN",
"sig": "@saao/saa18%akk-x-neobab:{d}UTU=Šamaš[1//1]DN'DN$Šamaš",
"f": {"lang": "akk-x-neobab",
"form": "{d}UTU",
"cf": "Šamaš",
"gw": "1",
"sense": "1",
"norm": "Šamaš",
"pos": "DN",
"epos": "DN"}
}
,
{
"node": "l",
"frag": "u",
"id": "P237838.l061d7",
"ref": "P237838.4.3",
"inst": "u[and]CNJ",
"sig": "@saao/saa18%akk-x-neobab:u=u[and//and]CNJ'CNJ$u",
"f": {"lang": "akk-x-neobab",
"form": "u",
"cf": "u",
"gw": "and",
"sense": "and",
"norm": "u",
"pos": "CNJ",
"epos": "CNJ"}
}
,
{
"node": "l",
"frag": "{d}AMAR.UTU",
"id": "P237838.l061d8",
"ref": "P237838.4.4",
"inst": "Marduk[1]DN",
"sig": "@saao/saa18%akk-x-neobab:{d}AMAR.UTU=Marduk[1//1]DN'DN$Marduk",
"f": {"lang": "akk-x-neobab",
"form": "{d}AMAR.UTU",
"cf": "Marduk",
"gw": "1",
"sense": "1",
"norm": "Marduk",
"pos": "DN",
"epos": "DN"}
}
,
{
"node": "l",
"frag": "šu-lum",
"id": "P237838.l061d9",
"ref": "P237838.4.5",
"inst": "šulum[health]N",
"sig": "@saao/saa18%akk-x-neobab:šu-lum=šulmu[completeness//health]N'N$šulum",
"f": {"lang": "akk-x-neobab",
"form": "šu-lum",
"cf": "šulmu",
"gw": "completeness",
"sense": "health",
"norm": "šulum",
"pos": "N",
"epos": "N"}
}
,
{
"node": "d",
"type": "line-start",
"ref": "P237838.5",
"n": "4",
"label": "o 4"}
,
{
"node": "l",
"frag": "ša₂",
"id": "P237838.l061da",
"ref": "P237838.5.1",
"inst": "ša[of]DET",
"sig": "@saao/saa18%akk-x-neobab:ša₂=ša[of//of]DET'DET$ša",
"f": {"lang": "akk-x-neobab",
"form": "ša₂",
"cf": "ša",
"gw": "of",
"sense": "of",
"norm": "ša",
"pos": "DET",
"epos": "DET"}
}
,
{
"node": "l",
"frag": "LUGAL",
"id": "P237838.l061db",
"ref": "P237838.5.2",
"inst": "šarri[king]N",
"sig": "@saao/saa18%akk-x-neobab:LUGAL=šarru[king//king]N'N$šarri",
"f": {"lang": "akk-x-neobab",
"form": "LUGAL",
"cf": "šarru",
"gw": "king",
"sense": "king",
"norm": "šarri",
"pos": "N",
"epos": "N"}
}
,
{
"node": "l",
"frag": "EN-ia₂",
"id": "P237838.l061dc",
"ref": "P237838.5.3",
"inst": "bēlīya[lord]N",
"sig": "@saao/saa18%akk-x-neobab:EN-ia₂=bēlu[lord//lord]N'N$bēlīya",
"f": {"lang": "akk-x-neobab",
"form": "EN-ia₂",
"cf": "bēlu",
"gw": "lord",
"sense": "lord",
"norm": "bēlīya",
"pos": "N",
"epos": "N"}
}
,
{
"node": "l",
"frag": "liš-ʾa-a-lu",
"id": "P237838.l061dd",
"ref": "P237838.5.4",
"inst": "lišʾalū[ask]V",
"sig": "@saao/saa18%akk-x-neobab:liš-ʾa-a-lu=šâlu[ask//ask]V'V$lišʾalū",
"f": {"lang": "akk-x-neobab",
"form": "liš-ʾa-a-lu",
"cf": "šâlu",
"gw": "ask",
"sense": "ask",
"norm": "lišʾalū",
"pos": "V",
"epos": "V"}
}
,
{
"node": "d",
"type": "line-start",
"ref": "P237838.6",
"n": "5",
"label": "o 5"}
,
{
"node": "l",
"frag": "UN-MEŠ",
"id": "P237838.l061de",
"ref": "P237838.6.1",
"inst": "nišī[people]N",
"sig": "@saao/saa18%akk-x-neobab:UN-MEŠ=nišu[people//people]N'N$nišī",
"f": {"lang": "akk-x-neobab",
"form": "UN-MEŠ",
"cf": "nišu",
"gw": "people",
"sense": "people",
"norm": "nišī",
"pos": "N",
"epos": "N"}
}
,
{
"node": "l",
"frag": "šu₂-nu",
"id": "P237838.l061df",
"ref": "P237838.6.2",
"inst": "šunu[they]IP",
"sig": "@saao/saa18%akk-x-neobab:šu₂-nu=šunu[they//they]IP'IP$šunu",
"f": {"lang": "akk-x-neobab",
"form": "šu₂-nu",
"cf": "šunu",
"gw": "they",
"sense": "they",
"norm": "šunu",
"pos": "IP",
"epos": "IP"}
}
,
{
"node": "l",
"frag": "ina",
"id": "P237838.l061e0",
"ref": "P237838.6.3",
"inst": "ina[in]PRP",
"sig": "@saao/saa18%akk-x-neobab:ina=ina[in//in accordance with]PRP'PRP$ina",
"f": {"lang": "akk-x-neobab",
"form": "ina",
"cf": "ina",
"gw": "in",
"sense": "in accordance with",
"norm": "ina",
"pos": "PRP",
"epos": "PRP"}
}
,
{
"node": "l",
"frag": "ap-pa-ri",
"id": "P237838.l061e1",
"ref": "P237838.6.4",
"inst": "appārī[marsh]N",
"sig": "@saao/saa18%akk-x-neobab:ap-pa-ri=appāru[reed-bed//marsh]N'N$appārī",
"f": {"lang": "akk-x-neobab",
"form": "ap-pa-ri",
"cf": "appāru",
"gw": "reed-bed",
"sense": "marsh",
"norm": "appārī",
"pos": "N",
"epos": "N"}
}
,
{
"node": "d",
"type": "line-start",
"ref": "P237838.7",
"n": "6",
"label": "o 6"}
,
{
"node": "l",
"frag": "{lu₂}ba-ṣi-hi",
"id": "P237838.l061e2",
"ref": "P237838.7.1",
"inst": "+baṣīhu[inhabitant of the marshes//marsh dweller]N'N$baṣīhī",
"sig": "@saao/saa18%akk-x-neobab:{LU₂}ba-ṣi-hi=baṣīhu[inhabitant of the marshes//marsh dweller]N'N$baṣīhī",
"f": {"lang": "akk-x-neobab",
"form": "{LU₂}ba-ṣi-hi",
"cf": "baṣīhu",
"gw": "inhabitant of the marshes",
"sense": "marsh dweller",
"norm": "baṣīhī",
"pos": "N",
"epos": "N"}
}
,
{
"node": "l",
"frag": "i-qab-bu-šu₂-nu-tu",
"id": "P237838.l061e3",
"ref": "P237838.7.2",
"inst": "+qabû[say]V$iqabbûšunūtu",
"sig": "@saao/saa18%akk-x-neobab:i-qab-bu-šu₂-nu-tu=qabû[say//say]V'V$iqabbûšunūtu",
"f": {"lang": "akk-x-neobab",
"form": "i-qab-bu-šu₂-nu-tu",
"cf": "qabû",
"gw": "say",
"sense": "say",
"norm": "iqabbûšunūtu",
"pos": "V",
"epos": "V"}
}
,
{
"node": "d",
"type": "line-start",
"ref": "P237838.8",
"n": "7",
"label": "o 7"}
,
{
"node": "l",
"frag": "ina",
"id": "P237838.l061e4",
"ref": "P237838.8.1",
"inst": "ina[on]PRP",
"sig": "@saao/saa18%akk-x-neobab:ina=ina[in//on]PRP'PRP$ina",
"f": {"lang": "akk-x-neobab",
"form": "ina",
"cf": "ina",
"gw": "in",
"sense": "on",
"norm": "ina",
"pos": "PRP",
"epos": "PRP"}
}
,
{
"node": "l",
"frag": "UD-mu-MEŠ",
"id": "P237838.l061e5",
"ref": "P237838.8.2",
"inst": "+ūmu[day]N$ūme",
"sig": "@saao/saa18%akk-x-neobab:UD-mu-MEŠ=ūmu[day//day]N'N$ūme",
"f": {"lang": "akk-x-neobab",
"form": "UD-mu-MEŠ",
"cf": "ūmu",
"gw": "day",
"sense": "day",
"norm": "ūme",
"pos": "N",
"epos": "N"}
}
,
{
"node": "l",
"frag": "ša₂",
"id": "P237838.l061e6",
"ref": "P237838.8.3",
"inst": "ša[of]DET",
"sig": "@saao/saa18%akk-x-neobab:ša₂=ša[of//of]DET'DET$ša",
"f": {"lang": "akk-x-neobab",
"form": "ša₂",
"cf": "ša",
"gw": "of",
"sense": "of",
"norm": "ša",
"pos": "DET",
"epos": "DET"}
}
,
{
"node": "l",
"frag": "{1}{d}UTU-ib-ni",
"id": "P237838.l061e7",
"ref": "P237838.8.4",
"inst": "Šamaš-ibni[1]PN",
"sig": "@saao/saa18%akk-x-neobab:{1}{d}UTU-ib-ni=Šamaš-ibni[1//1]PN'PN$Šamaš-ibni",
"f": {"lang": "akk-x-neobab",
"form": "{1}{d}UTU-ib-ni",
"cf": "Šamaš-ibni",
"gw": "1",
"sense": "1",
"norm": "Šamaš-ibni",
"pos": "PN",
"epos": "PN"}
}
,
{
"node": "d",
"type": "line-start",
"ref": "P237838.9",
"n": "8",
"label": "o 8"}
,
{
"node": "l",
"frag": "30",
"id": "P237838.l061e8",
"ref": "P237838.9.1",
"inst": "n",
"f": {"lang": "akk-x-neobab",
"form": "30",
"pos": "n"}
}
,
{
"node": "l",
"frag": "šu₂-nu",
"id": "P237838.l061e9",
"ref": "P237838.9.2",
"inst": "šunu[they]IP",
"sig": "@saao/saa18%akk-x-neobab:šu₂-nu=šunu[they//they]IP'IP$šunu",
"f": {"lang": "akk-x-neobab",
"form": "šu₂-nu",
"cf": "šunu",
"gw": "they",
"sense": "they",
"norm": "šunu",
"pos": "IP",
"epos": "IP"}
}
,
{
"node": "l",
"frag": "{lu₂}qin-na-a-ta",
"id": "P237838.l061ea",
"ref": "P237838.9.3",
"inst": "+qinnu[nest//family]N'N$qinnāta",
"sig": "@saao/saa18%akk-x-neobab:{LU₂}qin-na-a-ta=qinnu[nest//family]N'N$qinnāta",
"f": {"lang": "akk-x-neobab",
"form": "{LU₂}qin-na-a-ta",
"cf": "qinnu",
"gw": "nest",
"sense": "family",
"norm": "qinnāta",
"pos": "N",
"epos": "N"}
}
,
{
"node": "d",
"type": "line-start",
"ref": "P237838.10",
"n": "9",
"label": "o 9"}
,
{
"node": "l",
"frag": "ki-i",
"id": "P237838.l061eb",
"ref": "P237838.10.1",
"inst": "kî[when]'SBJ",
"sig": "@saao/saa18%akk-x-neobab:ki-i=kī[like//when]PRP'SBJ$kî",
"f": {"lang": "akk-x-neobab",
"form": "ki-i",
"cf": "kī",
"gw": "like",
"sense": "when",
"norm": "kî",
"pos": "PRP",
"epos": "SBJ"}
}
,
{
"node": "l",
"frag": "ih-li-qu-uʾ",
"id": "P237838.l061ec",
"ref": "P237838.10.2",
"inst": "+halāqu[be(come) lost//run away]V'V$ihliquʾ",
"sig": "@saao/saa18%akk-x-neobab:ih-li-qu-uʾ=halāqu[be(come) lost//run away]V'V$ihliquʾ",
"f": {"lang": "akk-x-neobab",
"form": "ih-li-qu-uʾ",
"cf": "halāqu",
"gw": "be(come) lost",
"sense": "run away",
"norm": "ihliquʾ",
"pos": "V",
"epos": "V"}
}
,
{
"node": "d",
"type": "line-start",
"ref": "P237838.11",
"n": "10",
"label": "o 10"}
,
{
"node": "l",
"frag": "ina",
"id": "P237838.l061ed",
"ref": "P237838.11.1",
"inst": "ina[in]PRP",
"sig": "@saao/saa18%akk-x-neobab:ina=ina[in//in accordance with]PRP'PRP$ina",
"f": {"lang": "akk-x-neobab",
"form": "ina",
"cf": "ina",
"gw": "in",
"sense": "in accordance with",
"norm": "ina",
"pos": "PRP",
"epos": "PRP"}
}
,
{
"node": "l",
"frag": "E₂-⸢a-muk-kan⸣-na",
"id": "P237838.l061ee",
"ref": "P237838.11.2",
"inst": "+Bit-Amukani[]GN$Bit-Amukanna",
"sig": "@saao/saa18%akk-x-neobab:E₂-a-muk-kan-na=Bit-Amukani[1//1]GN'GN$Bit-Amukanna",
"f": {"lang": "akk-x-neobab",
"form": "E₂-a-muk-kan-na",
"cf": "Bit-Amukani",
"gw": "1",
"sense": "1",
"norm": "Bit-Amukanna",
"pos": "GN",
"epos": "GN"}
}
,
{
"node": "l",
"frag": "⸢it⸣-ta-šab-uʾ",
"id": "P237838.l061ef",
"ref": "P237838.11.3",
"inst": "+ašābu[sit (down)//settle]V'V$ittašabuʾ",
"sig": "@saao/saa18%akk-x-neobab:it-ta-šab-uʾ=ašābu[sit (down)//settle]V'V$ittašabuʾ",
"f": {"lang": "akk-x-neobab",
"form": "it-ta-šab-uʾ",
"cf": "ašābu",
"gw": "sit (down)",
"sense": "settle",
"norm": "ittašabuʾ",
"pos": "V",
"epos": "V"}
}
,
{
"node": "d",
"type": "line-start",
"ref": "P237838.12",
"n": "11",
"label": "o 11"}
,
{
"node": "l",
"frag": "ul",
"id": "P237838.l061f0",
"ref": "P237838.12.1",
"inst": "ul[not]MOD",
"sig": "@saao/saa18%akk-x-neobab:ul=ul[not//not]MOD'MOD$ul",
"f": {"lang": "akk-x-neobab",
"form": "ul",
"cf": "ul",
"gw": "not",
"sense": "not",
"norm": "ul",
"pos": "MOD",
"epos": "MOD"}
}
,
{
"node": "l",
"frag": "i-⸢man⸣-gur-ma",
"id": "P237838.l061f1",
"ref": "P237838.12.2",
"inst": "+magāru[consent//agree]V'V$immangurma",
"sig": "@saao/saa18%akk-x-neobab:i-man-gur-ma=magāru[consent//agree]V'V$immangurma",
"f": {"lang": "akk-x-neobab",
"form": "i-man-gur-ma",
"cf": "magāru",
"gw": "consent",
"sense": "agree",
"norm": "immangurma",
"pos": "V",
"epos": "V"}
}
,
{
"node": "l",
"frag": "⸢it⸣-ti",
"id": "P237838.l061f2",
"ref": "P237838.12.3",
"inst": "itti[with]PRP",
"sig": "@saao/saa18%akk-x-neobab:it-ti=itti[with//with]PRP'PRP$itti",
"f": {"lang": "akk-x-neobab",
"form": "it-ti",
"cf": "itti",
"gw": "with",
"sense": "with",
"norm": "itti",
"pos": "PRP",
"epos": "PRP"}
}
,
{
"node": "d",
"type": "line-start",
"ref": "P237838.13",
"n": "12",
"label": "o 12"}
,
{
"node": "l",
"frag": "ŠEŠ-MEŠ-šu₂-nu",
"id": "P237838.l061f3",
"ref": "P237838.13.1",
"inst": "ahhēšunu[brother]N",
"sig": "@saao/saa18%akk-x-neobab:ŠEŠ-MEŠ-šu₂-nu=ahu[brother//brother]N'N$ahhēšunu",
"f": {"lang": "akk-x-neobab",
"form": "ŠEŠ-MEŠ-šu₂-nu",
"cf": "ahu",
"gw": "brother",
"sense": "brother",
"norm": "ahhēšunu",
"pos": "N",
"epos": "N"}
}
,
{
"node": "l",
"frag": "a-na",
"id": "P237838.l061f4",
"ref": "P237838.13.2",
"inst": "ana[to]PRP",
"sig": "@saao/saa18%akk-x-neobab:a-na=ana[to//to]PRP'PRP$ana",
"f": {"lang": "akk-x-neobab",
"form": "a-na",
"cf": "ana",
"gw": "to",
"sense": "to",
"norm": "ana",
"pos": "PRP",
"epos": "PRP"}
}
,
{
"node": "l",
"frag": "pa-ni-ni",
"id": "P237838.l061f5",
"ref": "P237838.13.3",
"inst": "pānīni[front]N",
"sig": "@saao/saa18%akk-x-neobab:pa-ni-ni=pānu[front//front]N'N$pānīni",
"f": {"lang": "akk-x-neobab",
"form": "pa-ni-ni",
"cf": "pānu",
"gw": "front",
"sense": "front",
"norm": "pānīni",
"pos": "N",
"epos": "N"}
}
,
{
"node": "d",
"type": "line-start",
"ref": "P237838.14",
"n": "13",
"label": "o 13"}
,
{
"node": "l",
"frag": "ul",
"id": "P237838.l061f6",
"ref": "P237838.14.1",
"inst": "ul[not]MOD",
"sig": "@saao/saa18%akk-x-neobab:ul=ul[not//not]MOD'MOD$ul",
"f": {"lang": "akk-x-neobab",
"form": "ul",
"cf": "ul",
"gw": "not",
"sense": "not",
"norm": "ul",
"pos": "MOD",
"epos": "MOD"}
}
,
{
"node": "l",
"frag": "i-qar-rib-u₂-ni",
"id": "P237838.l061f7",
"ref": "P237838.14.2",
"inst": "+qerēbu[approach//come close]V'V$iqarribūni",
"sig": "@saao/saa18%akk-x-neobab:i-qar-rib-u₂-ni=qerēbu[approach//come close]V'V$iqarribūni",
"f": {"lang": "akk-x-neobab",
"form": "i-qar-rib-u₂-ni",
"cf": "qerēbu",
"gw": "approach",
"sense": "come close",
"norm": "iqarribūni",
"pos": "V",
"epos": "V"}
}
,
{
"node": "d",
"type": "line-start",
"ref": "P237838.15",
"n": "14",
"label": "o 14"}
,
{
"node": "l",
"frag": "šu₂-nu",
"id": "P237838.l061f8",
"ref": "P237838.15.1",
"inst": "šunu[they]IP",
"sig": "@saao/saa18%akk-x-neobab:šu₂-nu=šunu[they//they]IP'IP$šunu",
"f": {"lang": "akk-x-neobab",
"form": "šu₂-nu",
"cf": "šunu",
"gw": "they",
"sense": "they",
"norm": "šunu",
"pos": "IP",
"epos": "IP"}
}
,
{
"node": "l",
"frag": "šu₂-nu",
"id": "P237838.l061f9",
"ref": "P237838.15.2",
"inst": "šunu[they]IP",
"sig": "@saao/saa18%akk-x-neobab:šu₂-nu=šunu[they//they]IP'IP$šunu",
"f": {"lang": "akk-x-neobab",
"form": "šu₂-nu",
"cf": "šunu",
"gw": "they",
"sense": "they",
"norm": "šunu",
"pos": "IP",
"epos": "IP"}
}
,
{
"node": "l",
"frag": "ša₂",
"id": "P237838.l061fa",
"ref": "P237838.15.3",
"inst": "ša[who]REL",
"sig": "@saao/saa18%akk-x-neobab:ša₂=ša[that//who]REL'REL$ša",
"f": {"lang": "akk-x-neobab",
"form": "ša₂",
"cf": "ša",
"gw": "that",
"sense": "who",
"norm": "ša",
"pos": "REL",
"epos": "REL"}
}
,
{
"node": "l",
"frag": "šad-da-qad₃",
"id": "P237838.l061fb",
"ref": "P237838.15.4",
"inst": "šaddaqad[last year]AV",
"sig": "@saao/saa18%akk-x-neobab:šad-da-qad₃=šaddaqda[last year//last year]AV'AV$šaddaqad",
"f": {"lang": "akk-x-neobab",
"form": "šad-da-qad₃",
"cf": "šaddaqda",
"gw": "last year",
"sense": "last year",
"norm": "šaddaqad",
"pos": "AV",
"epos": "AV"}
}
,
{
"node": "d",
"type": "line-start",
"ref": "P237838.16",
"n": "15",
"label": "o 15"}
,
{
"node": "l",
"frag": "04-šu₂",
"id": "P237838.l061fc",
"ref": "P237838.16.1",
"inst": "n",
"f": {"lang": "akk-x-neobab",
"form": "04-šu₂",
"pos": "n"}
}
,
{
"node": "l",
"frag": "{lu₂}KUR₂",
"id": "P237838.l061fd",
"ref": "P237838.16.2",
"inst": "+nakru[enemy]N$",
"sig": "@saao/saa18%akk-x-neobab:{LU₂}KUR₂=nakru[enemy//enemy]N'N$nakru",
"f": {"lang": "akk-x-neobab",
"form": "{LU₂}KUR₂",
"cf": "nakru",
"gw": "enemy",
"sense": "enemy",
"norm": "nakru",
"pos": "N",
"epos": "N"}
}
,
{
"node": "l",
"frag": "a-na",
"id": "P237838.l061fe",
"ref": "P237838.16.3",
"inst": "ana[to]PRP",
"sig": "@saao/saa18%akk-x-neobab:a-na=ana[to//to]PRP'PRP$ana",
"f": {"lang": "akk-x-neobab",
"form": "a-na",
"cf": "ana",
"gw": "to",
"sense": "to",
"norm": "ana",
"pos": "PRP",
"epos": "PRP"}
}
,
{
"node": "l",
"frag": "UGU-hi-ni",
"id": "P237838.l061ff",
"ref": "P237838.16.4",
"inst": "muhhīni[skull]N",
"sig": "@saao/saa18%akk-x-neobab:UGU-hi-ni=muhhu[skull//skull]N'N$muhhīni",
"f": {"lang": "akk-x-neobab",
"form": "UGU-hi-ni",
"cf": "muhhu",
"gw": "skull",
"sense": "skull",
"norm": "muhhīni",
"pos": "N",
"epos": "N"}
}
,
{
"node": "d",
"type": "line-start",
"ref": "P237838.17",
"n": "16",
"label": "o 16"}
,
{
"node": "l",
"frag": "⸢il⸣-du-du-ni",
"id": "P237838.l06200",
"ref": "P237838.17.1",
"inst": "+šadādu[drag//call in]V'V$ildudūni",
"sig": "@saao/saa18%akk-x-neobab:il-du-du-ni=šadādu[drag//call in]V'V$ildudūni",
"f": {"lang": "akk-x-neobab",
"form": "il-du-du-ni",
"cf": "šadādu",
"gw": "drag",
"sense": "call in",
"norm": "ildudūni",
"pos": "V",
"epos": "V"}
}
,
{
"node": "d",
"subtype": "reverse",
"type": "surface",
"ref": "P237838.r.18",
"type": "reverse",
"label": "r"}
,
{
"node": "d",
"type": "line-start",
"ref": "P237838.19",
"n": "1",
"label": "r 1"}
,
{
"node": "l",
"frag": "ki-i",
"id": "P237838.l06201",
"ref": "P237838.19.1",
"inst": "kî[if]'MOD",
"sig": "@saao/saa18%akk-x-neobab:ki-i=kī[like//if]PRP'MOD$kî",
"f": {"lang": "akk-x-neobab",
"form": "ki-i",
"cf": "kī",
"gw": "like",
"sense": "if",
"norm": "kî",
"pos": "PRP",
"epos": "MOD"}
}
,
{
"node": "l",
"frag": "pa-ni",
"id": "P237838.l06202",
"ref": "P237838.19.2",
"inst": "pān[before]'PRP",
"sig": "@saao/saa18%akk-x-neobab:pa-ni=pānu[front//before]N'PRP$pān",
"f": {"lang": "akk-x-neobab",
"form": "pa-ni",
"cf": "pānu",
"gw": "front",
"sense": "before",
"norm": "pān",
"pos": "N",
"epos": "PRP"}
}
,
{
"node": "l",
"frag": "LUGAL",
"id": "P237838.l06203",
"ref": "P237838.19.3",
"inst": "šarri[king]N",
"sig": "@saao/saa18%akk-x-neobab:LUGAL=šarru[king//king]N'N$šarri",
"f": {"lang": "akk-x-neobab",
"form": "LUGAL",
"cf": "šarru",
"gw": "king",
"sense": "king",
"norm": "šarri",
"pos": "N",
"epos": "N"}
}
,
{
"node": "d",
"type": "line-start",
"ref": "P237838.20",
"n": "2",
"label": "r 2"}
,
{
"node": "l",
"frag": "EN-ia",
"id": "P237838.l06204",
"ref": "P237838.20.1",
"inst": "bēlīya[lord]N",
"sig": "@saao/saa18%akk-x-neobab:EN-ia=bēlu[lord//lord]N'N$bēlīya",
"f": {"lang": "akk-x-neobab",
"form": "EN-ia",
"cf": "bēlu",
"gw": "lord",
"sense": "lord",
"norm": "bēlīya",
"pos": "N",
"epos": "N"}
}
,
{
"node": "l",
"frag": "ma-hir₂",
"id": "P237838.l06205",
"ref": "P237838.20.2",
"inst": "mahir[acceptable]AJ",
"sig": "@saao/saa18%akk-x-neobab:ma-hir₂=mahru[received//acceptable]AJ'AJ$mahir",
"f": {"lang": "akk-x-neobab",
"form": "ma-hir₂",
"cf": "mahru",
"gw": "received",
"sense": "acceptable",
"norm": "mahir",
"pos": "AJ",
"epos": "AJ"}
}
,
{
"node": "d",
"type": "line-start",
"ref": "P237838.21",
"n": "3",
"label": "r 3"}
,
{
"node": "l",
"frag": "a-na",
"id": "P237838.l06206",
"ref": "P237838.21.1",
"inst": "ana[to]PRP",
"sig": "@saao/saa18%akk-x-neobab:a-na=ana[to//to]PRP'PRP$ana",
"f": {"lang": "akk-x-neobab",
"form": "a-na",
"cf": "ana",
"gw": "to",
"sense": "to",
"norm": "ana",
"pos": "PRP",
"epos": "PRP"}
}
,
{
"node": "l",
"frag": "{1}NIG₂.GUB",
"id": "P237838.l06207",
"ref": "P237838.21.2",
"inst": "Kudurru[1]PN",
"sig": "@saao/saa18%akk-x-neobab:{1}NIG₂.GUB=Kudurru[1//1]PN'PN$Kudurru",
"f": {"lang": "akk-x-neobab",
"form": "{1}NIG₂.GUB",
"cf": "Kudurru",
"gw": "1",
"sense": "1",
"norm": "Kudurru",
"pos": "PN",
"epos": "PN"}
}
,
{
"node": "l",
"frag": "ša₂",
"id": "P237838.l06208",
"ref": "P237838.21.3",
"inst": "ša[of]DET",
"sig": "@saao/saa18%akk-x-neobab:ša₂=ša[of//of]DET'DET$ša",
"f": {"lang": "akk-x-neobab",
"form": "ša₂",
"cf": "ša",
"gw": "of",
"sense": "of",
"norm": "ša",
"pos": "DET",
"epos": "DET"}
}
,
{
"node": "l",
"frag": "E₂-a-muk-kan-na",
"id": "P237838.l06209",
"ref": "P237838.21.4",
"inst": "Bit-Amukanna[1]GN",
"sig": "@saao/saa18%akk-x-neobab:E₂-a-muk-kan-na=Bit-Amukani[1//1]GN'GN$Bit-Amukanna",
"f": {"lang": "akk-x-neobab",
"form": "E₂-a-muk-kan-na",
"cf": "Bit-Amukani",
"gw": "1",
"sense": "1",
"norm": "Bit-Amukanna",
"pos": "GN",
"epos": "GN"}
}
,
{
"node": "d",
"type": "line-start",
"ref": "P237838.22",
"n": "4",
"label": "r 4"}
,
{
"node": "l",
"frag": "LUGAL",
"id": "P237838.l0620a",
"ref": "P237838.22.1",
"inst": "šarru[king]N",
"sig": "@saao/saa18%akk-x-neobab:LUGAL=šarru[king//king]N'N$šarru",
"f": {"lang": "akk-x-neobab",
"form": "LUGAL",
"cf": "šarru",
"gw": "king",
"sense": "king",
"norm": "šarru",
"pos": "N",
"epos": "N"}
}
,
{
"node": "l",
"frag": "liš-pur-ma",
"id": "P237838.l0620b",
"ref": "P237838.22.2",
"inst": "lišpurma[write]V",
"sig": "@saao/saa18%akk-x-neobab:liš-pur-ma=šapāru[send//write]V'V$lišpurma",
"f": {"lang": "akk-x-neobab",
"form": "liš-pur-ma",
"cf": "šapāru",
"gw": "send",
"sense": "write",
"norm": "lišpurma",
"pos": "V",
"epos": "V"}
}
,
{
"node": "d",
"type": "line-start",
"ref": "P237838.23",
"n": "5",
"label": "r 5"}
,
{
"node": "l",
"frag": "li-bu-ku-uš-<šu₂-nu>-tim-ma",
"id": "P237838.l0620c",
"ref": "P237838.23.1",
"inst": "+abāku[lead away]V$lībukuššunūtimma",
"sig": "@saao/saa18%akk-x-neobab:li-bu-ku-uš-šu₂-nu-tim-ma=abāku[lead away//lead away]V'V$lībukuššunūtimma",
"f": {"lang": "akk-x-neobab",
"form": "li-bu-ku-uš-šu₂-nu-tim-ma",
"cf": "abāku",
"gw": "lead away",
"sense": "lead away",
"norm": "lībukuššunūtimma",
"pos": "V",
"epos": "V"}
}
,
{
"node": "d",
"type": "line-start",
"ref": "P237838.24",
"n": "6",
"label": "r 6"}
,
{
"node": "l",
"frag": "ina",
"id": "P237838.l0620d",
"ref": "P237838.24.1",
"inst": "ina[in]PRP",
"sig": "@saao/saa18%akk-x-neobab:ina=ina[in//in accordance with]PRP'PRP$ina",
"f": {"lang": "akk-x-neobab",
"form": "ina",
"cf": "ina",
"gw": "in",
"sense": "in accordance with",
"norm": "ina",
"pos": "PRP",
"epos": "PRP"}
}
,
{
"node": "l",
"frag": "E₂",
"id": "P237838.l0620e",
"ref": "P237838.24.2",
"inst": "bīt[where]'SBJ",
"sig": "@saao/saa18%akk-x-neobab:E₂=bītu[house//where]N'SBJ$bīt",
"f": {"lang": "akk-x-neobab",
"form": "E₂",
"cf": "bītu",
"gw": "house",
"sense": "where",
"norm": "bīt",
"pos": "N",
"epos": "SBJ"}
}
,
{
"node": "l",
"frag": "LUGAL",
"id": "P237838.l0620f",
"ref": "P237838.24.3",
"inst": "šarru[king]N",
"sig": "@saao/saa18%akk-x-neobab:LUGAL=šarru[king//king]N'N$šarru",
"f": {"lang": "akk-x-neobab",
"form": "LUGAL",
"cf": "šarru",
"gw": "king",
"sense": "king",
"norm": "šarru",
"pos": "N",
"epos": "N"}
}
,
{
"node": "l",
"frag": "EN-a",
"id": "P237838.l06210",
"ref": "P237838.24.4",
"inst": "bēlā[lord]N",
"sig": "@saao/saa18%akk-x-neobab:EN-a=bēlu[lord//lord]N'N$bēlā",
"f": {"lang": "akk-x-neobab",
"form": "EN-a",
"cf": "bēlu",
"gw": "lord",
"sense": "lord",
"norm": "bēlā",
"pos": "N",
"epos": "N"}
}
,
{
"node": "d",
"type": "line-start",
"ref": "P237838.25",
"n": "7",
"label": "r 7"}
,
{
"node": "l",
"frag": "ha-du-u₂",
"id": "P237838.l06211",
"ref": "P237838.25.1",
"inst": "hadû[delighted]AJ",
"sig": "@saao/saa18%akk-x-neobab:ha-du-u₂=hadû[joyful//delighted]AJ'AJ$hadû",
"f": {"lang": "akk-x-neobab",
"form": "ha-du-u₂",
"cf": "hadû",
"gw": "joyful",
"sense": "delighted",
"norm": "hadû",
"pos": "AJ",
"epos": "AJ"}
}
,
{
"node": "l",
"frag": "lu-še-šib-šu₂-nu-tu₂",
"id": "P237838.l06212",
"ref": "P237838.25.2",
"inst": "+ašābu[sit (down)//settle]V'V$lušēšibšunūtu",
"sig": "@saao/saa18%akk-x-neobab:lu-še-šib-šu₂-nu-tu₂=ašābu[sit (down)//settle]V'V$lušēšibšunūtu",
"f": {"lang": "akk-x-neobab",
"form": "lu-še-šib-šu₂-nu-tu₂",
"cf": "ašābu",
"gw": "sit (down)",
"sense": "settle",
"norm": "lušēšibšunūtu",
"pos": "V",
"epos": "V"}
}
,
{
"node": "d",
"type": "line-start",
"ref": "P237838.26",
"n": "8",
"label": "r 8"}
,
{
"node": "l",
"frag": "UD-mu",
"id": "P237838.l06213",
"ref": "P237838.26.1",
"inst": "ūmu[day]N",
"sig": "@saao/saa18%akk-x-neobab:UD-mu=ūmu[day//day]N'N$ūmu",
"f": {"lang": "akk-x-neobab",
"form": "UD-mu",
"cf": "ūmu",
"gw": "day",
"sense": "day",
"norm": "ūmu",
"pos": "N",
"epos": "N"}
}
,
{
"node": "l",
"frag": "ma-la",
"id": "P237838.l06214",
"ref": "P237838.26.2",
"inst": "mala[as many as]REL",
"sig": "@saao/saa18%akk-x-neobab:ma-la=mala[as much as//as many as]REL'REL$mala",
"f": {"lang": "akk-x-neobab",
"form": "ma-la",
"cf": "mala",
"gw": "as much as",
"sense": "as many as",
"norm": "mala",
"pos": "REL",
"epos": "REL"}
}
,
{
"node": "l",
"frag": "šu₂-nu",
"id": "P237838.l06215",
"ref": "P237838.26.3",
"inst": "šunu[they]IP",
"sig": "@saao/saa18%akk-x-neobab:šu₂-nu=šunu[they//they]IP'IP$šunu",
"f": {"lang": "akk-x-neobab",
"form": "šu₂-nu",
"cf": "šunu",
"gw": "they",
"sense": "they",
"norm": "šunu",
"pos": "IP",
"epos": "IP"}
}
,
{
"node": "d",
"type": "line-start",
"ref": "P237838.27",
"n": "9",
"label": "r 9"}
,
{
"node": "l",
"frag": "ina",
"id": "P237838.l06216",
"ref": "P237838.27.1",
"inst": "ina[in]PRP",
"sig": "@saao/saa18%akk-x-neobab:ina=ina[in//in accordance with]PRP'PRP$ina",
"f": {"lang": "akk-x-neobab",
"form": "ina",
"cf": "ina",
"gw": "in",
"sense": "in accordance with",
"norm": "ina",
"pos": "PRP",
"epos": "PRP"}
}
,
{
"node": "l",
"frag": "E₂-a-muk-kan-na",
"id": "P237838.l06217",
"ref": "P237838.27.2",
"inst": "Bit-Amukanna[1]GN",
"sig": "@saao/saa18%akk-x-neobab:E₂-a-muk-kan-na=Bit-Amukani[1//1]GN'GN$Bit-Amukanna",
"f": {"lang": "akk-x-neobab",
"form": "E₂-a-muk-kan-na",
"cf": "Bit-Amukani",
"gw": "1",
"sense": "1",
"norm": "Bit-Amukanna",
"pos": "GN",
"epos": "GN"}
}
,
{
"node": "l",
"frag": "aš₂-ba",
"id": "P237838.l06218",
"ref": "P237838.27.3",
"inst": "+ašbu[inhabited//staying]AJ'AJ$ašbā",
"sig": "@saao/saa18%akk-x-neobab:aš₂-ba=ašbu[inhabited//staying]AJ'AJ$ašbā",
"f": {"lang": "akk-x-neobab",
"form": "aš₂-ba",
"cf": "ašbu",
"gw": "inhabited",
"sense": "staying",
"norm": "ašbā",
"pos": "AJ",
"epos": "AJ"}
}
,
{
"node": "d",
"type": "line-start",
"ref": "P237838.28",
"n": "10",
"label": "r 10"}
,
{
"node": "l",
"frag": "ŠEŠ-MEŠ-šu₂-nu",
"id": "P237838.l06219",
"ref": "P237838.28.1",
"inst": "ahhēšunu[brother]N",
"sig": "@saao/saa18%akk-x-neobab:ŠEŠ-MEŠ-šu₂-nu=ahu[brother//brother]N'N$ahhēšunu",
"f": {"lang": "akk-x-neobab",
"form": "ŠEŠ-MEŠ-šu₂-nu",
"cf": "ahu",
"gw": "brother",
"sense": "brother",
"norm": "ahhēšunu",
"pos": "N",
"epos": "N"}
}
,
{
"node": "d",
"type": "line-start",
"ref": "P237838.29",
"n": "11",
"label": "r 11"}
,
{
"node": "l",
"frag": "ul",
"id": "P237838.l0621a",
"ref": "P237838.29.1",
"inst": "ul[not]MOD",
"sig": "@saao/saa18%akk-x-neobab:ul=ul[not//not]MOD'MOD$ul",
"f": {"lang": "akk-x-neobab",
"form": "ul",
"cf": "ul",
"gw": "not",
"sense": "not",
"norm": "ul",
"pos": "MOD",
"epos": "MOD"}
}
,
{
"node": "l",
"frag": "ik-kib-ba-su-ma",
"id": "P237838.l0621b",
"ref": "P237838.29.2",
"inst": "+kabāsu[tread//be(come) subdued]V'V$ikkibbasūma",
"sig": "@saao/saa18%akk-x-neobab:ik-kib-ba-su-ma=kabāsu[tread//be(come) subdued]V'V$ikkibbasūma",
"f": {"lang": "akk-x-neobab",
"form": "ik-kib-ba-su-ma",
"cf": "kabāsu",
"gw": "tread",
"sense": "be(come) subdued",
"norm": "ikkibbasūma",
"pos": "V",
"epos": "V"}
}
,
{
"node": "d",
"type": "line-start",
"ref": "P237838.30",
"n": "12",
"label": "r 12"}
,
{
"node": "l",
"frag": "dul-lu",
"id": "P237838.l0621c",
"ref": "P237838.30.1",
"inst": "dullu[work]N",
"sig": "@saao/saa18%akk-x-neobab:dul-lu=dullu[trouble//work]N'N$dullu",
"f": {"lang": "akk-x-neobab",
"form": "dul-lu",
"cf": "dullu",
"gw": "trouble",
"sense": "work",
"norm": "dullu",
"pos": "N",
"epos": "N"}
}
,
{
"node": "l",
"frag": "ša₂",
"id": "P237838.l0621d",
"ref": "P237838.30.2",
"inst": "ša[of]DET",
"sig": "@saao/saa18%akk-x-neobab:ša₂=ša[of//of]DET'DET$ša",
"f": {"lang": "akk-x-neobab",
"form": "ša₂",
"cf": "ša",
"gw": "of",
"sense": "of",
"norm": "ša",
"pos": "DET",
"epos": "DET"}
}
,
{
"node": "l",
"frag": "LUGAL",
"id": "P237838.l0621e",
"ref": "P237838.30.3",
"inst": "šarri[king]N",
"sig": "@saao/saa18%akk-x-neobab:LUGAL=šarru[king//king]N'N$šarri",
"f": {"lang": "akk-x-neobab",
"form": "LUGAL",
"cf": "šarru",
"gw": "king",
"sense": "king",
"norm": "šarri",
"pos": "N",
"epos": "N"}
}
,
{
"node": "d",
"type": "line-start",
"ref": "P237838.31",
"n": "13",
"label": "r 13"}
,
{
"node": "l",
"frag": "EN-ia",
"id": "P237838.l0621f",
"ref": "P237838.31.1",
"inst": "bēlīya[lord]N",
"sig": "@saao/saa18%akk-x-neobab:EN-ia=bēlu[lord//lord]N'N$bēlīya",
"f": {"lang": "akk-x-neobab",
"form": "EN-ia",
"cf": "bēlu",
"gw": "lord",
"sense": "lord",
"norm": "bēlīya",
"pos": "N",
"epos": "N"}
}
,
{
"node": "d",
"type": "line-start",
"ref": "P237838.32",
"n": "14",
"label": "r 14"}
,
{
"node": "l",
"frag": "ul",
"id": "P237838.l06220",
"ref": "P237838.32.1",
"inst": "ul[not]MOD",
"sig": "@saao/saa18%akk-x-neobab:ul=ul[not//not]MOD'MOD$ul",
"f": {"lang": "akk-x-neobab",
"form": "ul",
"cf": "ul",
"gw": "not",
"sense": "not",
"norm": "ul",
"pos": "MOD",
"epos": "MOD"}
}
,
{
"node": "l",
"frag": "ip-pu-uš-šu₂",
"id": "P237838.l06221",
"ref": "P237838.32.2",
"inst": "+epēšu[do]V$ippušū",
"sig": "@saao/saa18%akk-x-neobab:ip-pu-uš-šu₂=epēšu[do//do]V'V$ippušū",
"f": {"lang": "akk-x-neobab",
"form": "ip-pu-uš-šu₂",
"cf": "epēšu",
"gw": "do",
"sense": "do",
"norm": "ippušū",
"pos": "V",
"epos": "V"}
}
]}
]}
]}
]}
