{
"type": "cdl",
  "source": "http://oracc.org/saao/saa18",
  "license": "This data is released under the CC0 license",
  "license-url": "https://creativecommons.org/publicdomain/zero/1.0/",
  "more-info": "http://oracc.org/doc/opendata/",
  "UTC-timestamp": "2017-05-19T12:00:46",
"project": "saao/saa18",
"textid": "P237256",
"cdl": [
{
"node": "c",
"type": "text",
"id": "P237256.U0",
"cdl": [
{
"node": "d",
"type": "object",
"ref": ""}
,
{
"node": "d",
"subtype": "obverse",
"type": "surface",
"ref": "P237256.o.1",
"type": "obverse",
"label": "o"}
,
{
"node": "c",
"type": "discourse",
"subtype": "body",
"id": "P237256.U1",
"cdl": [
{
"node": "c",
"type": "sentence",
"id": "P237256.U2",
"label": "o 1 - r.e. 17",
"cdl": [
{
"node": "d",
"type": "line-start",
"ref": "P237256.2",
"n": "1",
"label": "o 1"}
,
{
"node": "l",
"frag": "[a-na",
"id": "P237256.l04bb2",
"ref": "P237256.2.1",
"inst": "ana[to]PRP",
"sig": "@saao/saa18%akk-x-neobab:a-na=ana[to//to]PRP'PRP$ana",
"f": {"lang": "akk-x-neobab",
"form": "a-na",
"cf": "ana",
"gw": "to",
"sense": "to",
"norm": "ana",
"pos": "PRP",
"epos": "PRP"}
}
,
{
"node": "l",
"frag": "LUGAL",
"id": "P237256.l04bb3",
"ref": "P237256.2.2",
"inst": "šar[king]N",
"sig": "@saao/saa18%akk-x-neobab:LUGAL=šarru[king//king]N'N$šar",
"f": {"lang": "akk-x-neobab",
"form": "LUGAL",
"cf": "šarru",
"gw": "king",
"sense": "king",
"norm": "šar",
"pos": "N",
"epos": "N"}
}
,
{
"node": "l",
"frag": "KUR.KUR]",
"id": "P237256.l04bb4",
"ref": "P237256.2.3",
"inst": "mātāti[land]N",
"sig": "@saao/saa18%akk-x-neobab:KUR.KUR=mātu[land//land]N'N$mātāti",
"f": {"lang": "akk-x-neobab",
"form": "KUR.KUR",
"cf": "mātu",
"gw": "land",
"sense": "land",
"norm": "mātāti",
"pos": "N",
"epos": "N"}
}
,
{
"node": "l",
"frag": "be-li₂-ia",
"id": "P237256.l04bb5",
"ref": "P237256.2.4",
"inst": "bēlīya[lord]N",
"sig": "@saao/saa18%akk-x-neobab:be-li₂-ia=bēlu[lord//lord]N'N$bēlīya",
"f": {"lang": "akk-x-neobab",
"form": "be-li₂-ia",
"cf": "bēlu",
"gw": "lord",
"sense": "lord",
"norm": "bēlīya",
"pos": "N",
"epos": "N"}
}
,
{
"node": "d",
"type": "line-start",
"ref": "P237256.3",
"n": "2",
"label": "o 2"}
,
{
"node": "l",
"frag": "⸢ARAD⸣-[ka",
"id": "P237256.l04bb6",
"ref": "P237256.3.1",
"inst": "aradka[servant]N",
"sig": "@saao/saa18%akk-x-neobab:ARAD-ka=ardu[slave//servant]N'N$aradka",
"f": {"lang": "akk-x-neobab",
"form": "ARAD-ka",
"cf": "ardu",
"gw": "slave",
"sense": "servant",
"norm": "aradka",
"pos": "N",
"epos": "N"}
}
,
{
"node": "l",
"frag": "{1}{d}AG-MU]-⸢SI⸣.SA₂",
"id": "P237256.l04bb7",
"ref": "P237256.3.2",
"inst": "+Nabu-šumu-lišir[]PN$",
"sig": "@saao/saa18%akk-x-neobab:{1}{d}AG-MU-SI.SA₂=Nabu-šumu-lišir[1//1]PN'PN$Nabu-šumu-lišir",
"f": {"lang": "akk-x-neobab",
"form": "{1}{d}AG-MU-SI.SA₂",
"cf": "Nabu-šumu-lišir",
"gw": "1",
"sense": "1",
"norm": "Nabu-šumu-lišir",
"pos": "PN",
"epos": "PN"}
}
,
{
"node": "l",
"frag": "{d}AG",
"id": "P237256.l04bb8",
"ref": "P237256.3.3",
"inst": "Nabu[1]DN",
"sig": "@saao/saa18%akk-x-neobab:{d}AG=Nabu[1//1]DN'DN$Nabu",
"f": {"lang": "akk-x-neobab",
"form": "{d}AG",
"cf": "Nabu",
"gw": "1",
"sense": "1",
"norm": "Nabu",
"pos": "DN",
"epos": "DN"}
}
,
{
"node": "l",
"frag": "u",
"id": "P237256.l04bb9",
"ref": "P237256.3.4",
"inst": "u[and]CNJ",
"sig": "@saao/saa18%akk-x-neobab:u=u[and//and]CNJ'CNJ$u",
"f": {"lang": "akk-x-neobab",
"form": "u",
"cf": "u",
"gw": "and",
"sense": "and",
"norm": "u",
"pos": "CNJ",
"epos": "CNJ"}
}
,
{
"node": "l",
"frag": "{d}AMAR.UTU",
"id": "P237256.l04bba",
"ref": "P237256.3.5",
"inst": "Marduk[1]DN",
"sig": "@saao/saa18%akk-x-neobab:{d}AMAR.UTU=Marduk[1//1]DN'DN$Marduk",
"f": {"lang": "akk-x-neobab",
"form": "{d}AMAR.UTU",
"cf": "Marduk",
"gw": "1",
"sense": "1",
"norm": "Marduk",
"pos": "DN",
"epos": "DN"}
}
,
{
"node": "d",
"type": "line-start",
"ref": "P237256.4",
"n": "3",
"label": "o 3"}
,
{
"node": "l",
"frag": "UD-[MEŠ",
"id": "P237256.l04bbb",
"ref": "P237256.4.1",
"inst": "ūmē[day]N",
"sig": "@saao/saa18%akk-x-neobab:UD-MEŠ=ūmu[day//day]N'N$ūmē",
"f": {"lang": "akk-x-neobab",
"form": "UD-MEŠ",
"cf": "ūmu",
"gw": "day",
"sense": "day",
"norm": "ūmē",
"pos": "N",
"epos": "N"}
}
,
{
"node": "l",
"frag": "GID₂.DA-MEŠ",
"id": "P237256.l04bbc",
"ref": "P237256.4.2",
"inst": "arkūti[long]AJ",
"sig": "@saao/saa18%akk-x-neobab:GID₂.DA-MEŠ=arku[long//long]AJ'AJ$arkūti",
"f": {"lang": "akk-x-neobab",
"form": "GID₂.DA-MEŠ",
"cf": "arku",
"gw": "long",
"sense": "long",
"norm": "arkūti",
"pos": "AJ",
"epos": "AJ"}
}
,
{
"node": "l",
"frag": "MU].⸢AN⸣.NA-[MEŠ]",
"id": "P237256.l04bbd",
"ref": "P237256.4.3",
"inst": "šanāti[year]N",
"sig": "@saao/saa18%akk-x-neobab:MU.AN.NA-MEŠ=šattu[year//year]N'N$šanāti",
"f": {"lang": "akk-x-neobab",
"form": "MU.AN.NA-MEŠ",
"cf": "šattu",
"gw": "year",
"sense": "year",
"norm": "šanāti",
"pos": "N",
"epos": "N"}
}
,
{
"node": "l",
"frag": "da-ra-a-ta",
"id": "P237256.l04bbe",
"ref": "P237256.4.4",
"inst": "dārāta[everlasting]AJ",
"sig": "@saao/saa18%akk-x-neobab:da-ra-a-ta=dārû[lasting//everlasting]AJ'AJ$dārāta",
"f": {"lang": "akk-x-neobab",
"form": "da-ra-a-ta",
"cf": "dārû",
"gw": "lasting",
"sense": "everlasting",
"norm": "dārāta",
"pos": "AJ",
"epos": "AJ"}
}
,
{
"node": "d",
"type": "line-start",
"ref": "P237256.5",
"n": "4",
"label": "o 4"}
,
{
"node": "l",
"frag": "{giš}⸢NIG₂⸣.[PA",
"id": "P237256.l04bbf",
"ref": "P237256.5.1",
"inst": "haṭṭu[sceptre]N",
"sig": "@saao/saa18%akk-x-neobab:{GIŠ}NIG₂.PA=haṭṭu[stick//sceptre]N'N$haṭṭu",
"f": {"lang": "akk-x-neobab",
"form": "{GIŠ}NIG₂.PA",
"cf": "haṭṭu",
"gw": "stick",
"sense": "sceptre",
"norm": "haṭṭu",
"pos": "N",
"epos": "N"}
}
,
{
"node": "l",
"frag": "i-šar-tu]",
"id": "P237256.l04bc0",
"ref": "P237256.5.2",
"inst": "+išaru[straight//just]AJ'AJ$išartu",
"sig": "@saao/saa18%akk-x-neobab:i-šar-tu=išaru[straight//just]AJ'AJ$išartu",
"f": {"lang": "akk-x-neobab",
"form": "i-šar-tu",
"cf": "išaru",
"gw": "straight",
"sense": "just",
"norm": "išartu",
"pos": "AJ",
"epos": "AJ"}
}
,
{
"node": "l",
"frag": "{giš}GU.⸢ZA⸣",
"id": "P237256.l04bc1",
"ref": "P237256.5.3",
"inst": "kussû[throne]N",
"sig": "@saao/saa18%akk-x-neobab:{GIŠ}GU.ZA=kussû[chair//throne]N'N$kussû",
"f": {"lang": "akk-x-neobab",
"form": "{GIŠ}GU.ZA",
"cf": "kussû",
"gw": "chair",
"sense": "throne",
"norm": "kussû",
"pos": "N",
"epos": "N"}
}
,
{
"node": "l",
"frag": "[da]-ru-u₂",
"id": "P237256.l04bc2",
"ref": "P237256.5.4",
"inst": "dārû[everlasting]AJ",
"sig": "@saao/saa18%akk-x-neobab:da-ru-u₂=dārû[lasting//everlasting]AJ'AJ$dārû",
"f": {"lang": "akk-x-neobab",
"form": "da-ru-u₂",
"cf": "dārû",
"gw": "lasting",
"sense": "everlasting",
"norm": "dārû",
"pos": "AJ",
"epos": "AJ"}
}
,
{
"node": "d",
"type": "line-start",
"ref": "P237256.6",
"n": "5",
"label": "o 5"}
,
{
"node": "l",
"frag": "a-na",
"id": "P237256.l04bc3",
"ref": "P237256.6.1",
"inst": "ana[to]PRP",
"sig": "@saao/saa18%akk-x-neobab:a-na=ana[to//to]PRP'PRP$ana",
"f": {"lang": "akk-x-neobab",
"form": "a-na",
"cf": "ana",
"gw": "to",
"sense": "to",
"norm": "ana",
"pos": "PRP",
"epos": "PRP"}
}
,
{
"node": "l",
"frag": "[LUGAL]",
"id": "P237256.l04bc4",
"ref": "P237256.6.2",
"inst": "šar[king]N",
"sig": "@saao/saa18%akk-x-neobab:LUGAL=šarru[king//king]N'N$šar",
"f": {"lang": "akk-x-neobab",
"form": "LUGAL",
"cf": "šarru",
"gw": "king",
"sense": "king",
"norm": "šar",
"pos": "N",
"epos": "N"}
}
,
{
"node": "l",
"frag": "⸢KUR⸣.KUR",
"id": "P237256.l04bc5",
"ref": "P237256.6.3",
"inst": "mātāti[land]N",
"sig": "@saao/saa18%akk-x-neobab:KUR.KUR=mātu[land//land]N'N$mātāti",
"f": {"lang": "akk-x-neobab",
"form": "KUR.KUR",
"cf": "mātu",
"gw": "land",
"sense": "land",
"norm": "mātāti",
"pos": "N",
"epos": "N"}
}
,
{
"node": "l",
"frag": "be-li₂-⸢ia",
"id": "P237256.l04bc6",
"ref": "P237256.6.4",
"inst": "bēlīya[lord]N",
"sig": "@saao/saa18%akk-x-neobab:be-li₂-ia=bēlu[lord//lord]N'N$bēlīya",
"f": {"lang": "akk-x-neobab",
"form": "be-li₂-ia",
"cf": "bēlu",
"gw": "lord",
"sense": "lord",
"norm": "bēlīya",
"pos": "N",
"epos": "N"}
}
,
{
"node": "l",
"frag": "lid⸣-din-nu",
"id": "P237256.l04bc7",
"ref": "P237256.6.5",
"inst": "liddinū[give]V",
"sig": "@saao/saa18%akk-x-neobab:lid-din-nu=nadānu[give//give]V'V$liddinū",
"f": {"lang": "akk-x-neobab",
"form": "lid-din-nu",
"cf": "nadānu",
"gw": "give",
"sense": "give",
"norm": "liddinū",
"pos": "V",
"epos": "V"}
}
,
{
"node": "d",
"type": "line-start",
"ref": "P237256.7",
"n": "6",
"label": "o 6"}
,
{
"node": "l",
"frag": "{lu₂}ṣi-ra-ne₂-e",
"id": "P237256.l04bc8",
"ref": "P237256.7.1",
"inst": "+ṣīru[envoy//emissary]N'N$ṣīrānē",
"sig": "@saao/saa18%akk-x-neobab:{LU₂}ṣi-ra-ne₂-e=ṣīru[envoy//emissary]N'N$ṣīrānē",
"f": {"lang": "akk-x-neobab",
"form": "{LU₂}ṣi-ra-ne₂-e",
"cf": "ṣīru",
"gw": "envoy",
"sense": "emissary",
"norm": "ṣīrānē",
"pos": "N",
"epos": "N"}
}
,
{
"node": "l",
"frag": "ša₂",
"id": "P237256.l04bc9",
"ref": "P237256.7.2",
"inst": "ša[of]DET",
"sig": "@saao/saa18%akk-x-neobab:ša₂=ša[of//of]DET'DET$ša",
"f": {"lang": "akk-x-neobab",
"form": "ša₂",
"cf": "ša",
"gw": "of",
"sense": "of",
"norm": "ša",
"pos": "DET",
"epos": "DET"}
}
,
{
"node": "l",
"frag": "{1}na-at-nu",
"id": "P237256.l04bca",
"ref": "P237256.7.3",
"inst": "+Natnu[]PN$",
"sig": "@saao/saa18%akk-x-neobab:{1}na-at-nu=Natnu[1//1]PN'PN$Natnu",
"f": {"lang": "akk-x-neobab",
"form": "{1}na-at-nu",
"cf": "Natnu",
"gw": "1",
"sense": "1",
"norm": "Natnu",
"pos": "PN",
"epos": "PN"}
}
,
{
"node": "d",
"type": "line-start",
"ref": "P237256.8",
"n": "7",
"label": "o 7"}
,
{
"node": "l",
"frag": "{lu₂}na-ba-a-tu-u₂-a",
"id": "P237256.l04bcb",
"ref": "P237256.8.1",
"inst": "+Nabayataya[Nabayatean]EN$Nabayatuwa",
"sig": "@saao/saa18%akk-x-neobab:{LU₂}na-ba-a-tu-u₂-a=Nabayataya[Nabayatean//Nabayatean]EN'EN$Nabayatuwa",
"f": {"lang": "akk-x-neobab",
"form": "{LU₂}na-ba-a-tu-u₂-a",
"cf": "Nabayataya",
"gw": "Nabayatean",
"sense": "Nabayatean",
"norm": "Nabayatuwa",
"pos": "EN",
"epos": "EN"}
}
,
{
"node": "l",
"frag": "a-na",
"id": "P237256.l04bcc",
"ref": "P237256.8.2",
"inst": "ana[to]PRP",
"sig": "@saao/saa18%akk-x-neobab:a-na=ana[to//to]PRP'PRP$ana",
"f": {"lang": "akk-x-neobab",
"form": "a-na",
"cf": "ana",
"gw": "to",
"sense": "to",
"norm": "ana",
"pos": "PRP",
"epos": "PRP"}
}
,
{
"node": "l",
"frag": "pa-an",
"id": "P237256.l04bcd",
"ref": "P237256.8.3",
"inst": "pān[front]N",
"sig": "@saao/saa18%akk-x-neobab:pa-an=pānu[front//face]N'N$pān",
"f": {"lang": "akk-x-neobab",
"form": "pa-an",
"cf": "pānu",
"gw": "front",
"sense": "face",
"norm": "pān",
"pos": "N",
"epos": "N"}
}
,
{
"node": "l",
"frag": "LUGAL",
"id": "P237256.l04bce",
"ref": "P237256.8.4",
"inst": "šar[king]N",
"sig": "@saao/saa18%akk-x-neobab:LUGAL=šarru[king//king]N'N$šar",
"f": {"lang": "akk-x-neobab",
"form": "LUGAL",
"cf": "šarru",
"gw": "king",
"sense": "king",
"norm": "šar",
"pos": "N",
"epos": "N"}
}
,
{
"node": "l",
"frag": "TIN.TIR{ki}",
"id": "P237256.l04bcf",
"ref": "P237256.8.5",
"inst": "Babili[Babylon]GN",
"sig": "@saao/saa18%akk-x-neobab:TIN.TIR{KI}=Babili[Babylon//Babylon]GN'GN$Babili",
"f": {"lang": "akk-x-neobab",
"form": "TIN.TIR{KI}",
"cf": "Babili",
"gw": "Babylon",
"sense": "Babylon",
"norm": "Babili",
"pos": "GN",
"epos": "GN"}
}
,
{
"node": "d",
"type": "line-start",
"ref": "P237256.9",
"n": "8",
"label": "o 8"}
,
{
"node": "l",
"frag": "ki-i",
"id": "P237256.l04bd0",
"ref": "P237256.9.1",
"inst": "kî[when]'SBJ",
"sig": "@saao/saa18%akk-x-neobab:ki-i=kī[like//when]PRP'SBJ$kî",
"f": {"lang": "akk-x-neobab",
"form": "ki-i",
"cf": "kī",
"gw": "like",
"sense": "when",
"norm": "kî",
"pos": "PRP",
"epos": "SBJ"}
}
,
{
"node": "l",
"frag": "il-li-ku-u₂-ni",
"id": "P237256.l04bd1",
"ref": "P237256.9.2",
"inst": "illikūni[come]V",
"sig": "@saao/saa18%akk-x-neobab:il-li-ku-u₂-ni=alāku[go//come]V'V$illikūni",
"f": {"lang": "akk-x-neobab",
"form": "il-li-ku-u₂-ni",
"cf": "alāku",
"gw": "go",
"sense": "come",
"norm": "illikūni",
"pos": "V",
"epos": "V"}
}
,
{
"node": "l",
"frag": "01-me",
"id": "P237256.l04bd2",
"ref": "P237256.9.3",
"inst": "n",
"f": {"lang": "akk-x-neobab",
"form": "01-me",
"pos": "n"}
}
,
{
"node": "l",
"frag": "{uru}bir-ta-a.a",
"id": "P237256.l04bd3",
"ref": "P237256.9.4",
"inst": "Birtaya[from Birati]EN",
"sig": "@saao/saa18%akk-x-neobab:{URU}bir-ta-a.a=Birataya[from Birati//from Birati]EN'EN$Birtaya",
"f": {"lang": "akk-x-neobab",
"form": "{URU}bir-ta-a.a",
"cf": "Birataya",
"gw": "from Birati",
"sense": "from Birati",
"norm": "Birtaya",
"pos": "EN",
"epos": "EN"}
}
,
{
"node": "d",
"type": "line-start",
"ref": "P237256.10",
"n": "9",
"label": "o 9"}
,
{
"node": "l",
"frag": "u",
"id": "P237256.l04bd4",
"ref": "P237256.10.1",
"inst": "u[and]CNJ",
"sig": "@saao/saa18%akk-x-neobab:u=u[and//and]CNJ'CNJ$u",
"f": {"lang": "akk-x-neobab",
"form": "u",
"cf": "u",
"gw": "and",
"sense": "and",
"norm": "u",
"pos": "CNJ",
"epos": "CNJ"}
}
,
{
"node": "l",
"frag": "05",
"id": "P237256.l04bd5",
"ref": "P237256.10.2",
"inst": "n",
"f": {"lang": "akk-x-neobab",
"form": "05",
"pos": "n"}
}
,
{
"node": "l",
"frag": "KUR-aš-šur",
"id": "P237256.l04bd6",
"ref": "P237256.10.3",
"inst": "+Mat-Aššur[Assyria]GN$",
"sig": "@saao/saa18%akk-x-neobab:KUR-aš-šur=Mat-Aššur[Assyria//Assyria]GN'GN$Mat-Aššur",
"f": {"lang": "akk-x-neobab",
"form": "KUR-aš-šur",
"cf": "Mat-Aššur",
"gw": "Assyria",
"sense": "Assyria",
"norm": "Mat-Aššur",
"pos": "GN",
"epos": "GN"}
}
,
{
"node": "l",
"frag": "ša₂",
"id": "P237256.l04bd7",
"ref": "P237256.10.4",
"inst": "ša[who]REL",
"sig": "@saao/saa18%akk-x-neobab:ša₂=ša[that//who]REL'REL$ša",
"f": {"lang": "akk-x-neobab",
"form": "ša₂",
"cf": "ša",
"gw": "that",
"sense": "who",
"norm": "ša",
"pos": "REL",
"epos": "REL"}
}
,
{
"node": "l",
"frag": "i-na",
"id": "P237256.l04bd8",
"ref": "P237256.10.5",
"inst": "ina[in]PRP",
"sig": "@saao/saa18%akk-x-neobab:i-na=ina[in//in]PRP'PRP$ina",
"f": {"lang": "akk-x-neobab",
"form": "i-na",
"cf": "ina",
"gw": "in",
"sense": "in",
"norm": "ina",
"pos": "PRP",
"epos": "PRP"}
}
,
{
"node": "l",
"frag": "GU₂.DU₈.A{ki}",
"id": "P237256.l04bd9",
"ref": "P237256.10.6",
"inst": "Kute[Cutha]GN",
"sig": "@saao/saa18%akk-x-neobab:GU₂.DU₈.A{KI}=Kute[Cutha//Cutha]GN'GN$Kute",
"f": {"lang": "akk-x-neobab",
"form": "GU₂.DU₈.A{KI}",
"cf": "Kute",
"gw": "Cutha",
"sense": "Cutha",
"norm": "Kute",
"pos": "GN",
"epos": "GN"}
}
,
{
"node": "d",
"type": "line-start",
"ref": "P237256.11",
"n": "10",
"label": "o 10"}
,
{
"node": "l",
"frag": "ṣa-ab-tu",
"id": "P237256.l04bda",
"ref": "P237256.11.1",
"inst": "+ṣabtu[seized]AJ$ṣabtū",
"sig": "@saao/saa18%akk-x-neobab:ṣa-ab-tu=ṣabtu[seized//seized]AJ'AJ$ṣabtū",
"f": {"lang": "akk-x-neobab",
"form": "ṣa-ab-tu",
"cf": "ṣabtu",
"gw": "seized",
"sense": "seized",
"norm": "ṣabtū",
"pos": "AJ",
"epos": "AJ"}
}
,
{
"node": "l",
"frag": "ARAD-MEŠ",
"id": "P237256.l04bdb",
"ref": "P237256.11.2",
"inst": "ardē[servant]N",
"sig": "@saao/saa18%akk-x-neobab:ARAD-MEŠ=ardu[slave//servant]N'N$ardē",
"f": {"lang": "akk-x-neobab",
"form": "ARAD-MEŠ",
"cf": "ardu",
"gw": "slave",
"sense": "servant",
"norm": "ardē",
"pos": "N",
"epos": "N"}
}
,
{
"node": "l",
"frag": "ša₂",
"id": "P237256.l04bdc",
"ref": "P237256.11.3",
"inst": "ša[of]DET",
"sig": "@saao/saa18%akk-x-neobab:ša₂=ša[of//of]DET'DET$ša",
"f": {"lang": "akk-x-neobab",
"form": "ša₂",
"cf": "ša",
"gw": "of",
"sense": "of",
"norm": "ša",
"pos": "DET",
"epos": "DET"}
}
,
{
"node": "l",
"frag": "LUGAL",
"id": "P237256.l04bdd",
"ref": "P237256.11.4",
"inst": "šarri[king]N",
"sig": "@saao/saa18%akk-x-neobab:LUGAL=šarru[king//king]N'N$šarri",
"f": {"lang": "akk-x-neobab",
"form": "LUGAL",
"cf": "šarru",
"gw": "king",
"sense": "king",
"norm": "šarri",
"pos": "N",
"epos": "N"}
}
,
{
"node": "l",
"frag": "be-li₂-ia₂",
"id": "P237256.l04bde",
"ref": "P237256.11.5",
"inst": "bēlīya[lord]N",
"sig": "@saao/saa18%akk-x-neobab:be-li₂-ia₂=bēlu[lord//lord]N'N$bēlīya",
"f": {"lang": "akk-x-neobab",
"form": "be-li₂-ia₂",
"cf": "bēlu",
"gw": "lord",
"sense": "lord",
"norm": "bēlīya",
"pos": "N",
"epos": "N"}
}
,
{
"node": "d",
"type": "line-start",
"ref": "P237256.12",
"n": "11",
"label": "o 11"}
,
{
"node": "l",
"frag": "a-na",
"id": "P237256.l04bdf",
"ref": "P237256.12.1",
"inst": "ana[to]PRP",
"sig": "@saao/saa18%akk-x-neobab:a-na=ana[to//to]PRP'PRP$ana",
"f": {"lang": "akk-x-neobab",
"form": "a-na",
"cf": "ana",
"gw": "to",
"sense": "to",
"norm": "ana",
"pos": "PRP",
"epos": "PRP"}
}
,
{
"node": "l",
"frag": "nu-up-tu",
"id": "P237256.l04be0",
"ref": "P237256.12.2",
"inst": "+nūptu[(supplementary) gift//extra gift]N'N$",
"sig": "@saao/saa18%akk-x-neobab:nu-up-tu=nūptu[(supplementary) gift//extra gift]N'N$nūptu",
"f": {"lang": "akk-x-neobab",
"form": "nu-up-tu",
"cf": "nūptu",
"gw": "(supplementary) gift",
"sense": "extra gift",
"norm": "nūptu",
"pos": "N",
"epos": "N"}
}
,
{
"node": "l",
"frag": "LUGAL",
"id": "P237256.l04be1",
"ref": "P237256.12.3",
"inst": "šar[king]N",
"sig": "@saao/saa18%akk-x-neobab:LUGAL=šarru[king//king]N'N$šar",
"f": {"lang": "akk-x-neobab",
"form": "LUGAL",
"cf": "šarru",
"gw": "king",
"sense": "king",
"norm": "šar",
"pos": "N",
"epos": "N"}
}
,
{
"node": "l",
"frag": "TIN.TIR{ki}",
"id": "P237256.l04be2",
"ref": "P237256.12.4",
"inst": "Babili[Babylon]GN",
"sig": "@saao/saa18%akk-x-neobab:TIN.TIR{KI}=Babili[Babylon//Babylon]GN'GN$Babili",
"f": {"lang": "akk-x-neobab",
"form": "TIN.TIR{KI}",
"cf": "Babili",
"gw": "Babylon",
"sense": "Babylon",
"norm": "Babili",
"pos": "GN",
"epos": "GN"}
}
,
{
"node": "d",
"type": "line-start",
"ref": "P237256.13",
"n": "12",
"label": "o 12"}
,
{
"node": "l",
"frag": "⸢a⸣-na",
"id": "P237256.l04be3",
"ref": "P237256.13.1",
"inst": "ana[to]PRP",
"sig": "@saao/saa18%akk-x-neobab:a-na=ana[to//to]PRP'PRP$ana",
"f": {"lang": "akk-x-neobab",
"form": "a-na",
"cf": "ana",
"gw": "to",
"sense": "to",
"norm": "ana",
"pos": "PRP",
"epos": "PRP"}
}
,
{
"node": "l",
"frag": "{1}na-at-nu",
"id": "P237256.l04be4",
"ref": "P237256.13.2",
"inst": "Natnu[1]PN",
"sig": "@saao/saa18%akk-x-neobab:{1}na-at-nu=Natnu[1//1]PN'PN$Natnu",
"f": {"lang": "akk-x-neobab",
"form": "{1}na-at-nu",
"cf": "Natnu",
"gw": "1",
"sense": "1",
"norm": "Natnu",
"pos": "PN",
"epos": "PN"}
}
,
{
"node": "l",
"frag": "ul-te-bi-li",
"id": "P237256.l04be5",
"ref": "P237256.13.3",
"inst": "+wabālu[bring//send]V'V$ultēbīli",
"sig": "@saao/saa18%akk-x-neobab:ul-te-bi-li=wabālu[bring//send]V'V$ultēbīli",
"f": {"lang": "akk-x-neobab",
"form": "ul-te-bi-li",
"cf": "wabālu",
"gw": "bring",
"sense": "send",
"norm": "ultēbīli",
"pos": "V",
"epos": "V"}
}
,
{
"node": "d",
"type": "line-start",
"ref": "P237256.14",
"n": "13",
"label": "o 13"}
,
{
"node": "l",
"frag": "01.⸢en⸣",
"id": "P237256.l04be6",
"ref": "P237256.14.1",
"inst": "iltēn[one]NU",
"sig": "@saao/saa18%akk-x-neobab:01.en=ištēn[one//one]NU'NU$iltēn",
"f": {"lang": "akk-x-neobab",
"form": "01.en",
"cf": "ištēn",
"gw": "one",
"sense": "one",
"norm": "iltēn",
"pos": "NU",
"epos": "NU"}
}
,
{
"node": "l",
"frag": "{lu₂}bir-ta-a.a",
"id": "P237256.l04be7",
"ref": "P237256.14.2",
"inst": "+Birataya[from Birati]EN$Birtaya",
"sig": "@saao/saa18%akk-x-neobab:{LU₂}bir-ta-a.a=Birataya[from Birati//from Birati]EN'EN$Birtaya",
"f": {"lang": "akk-x-neobab",
"form": "{LU₂}bir-ta-a.a",
"cf": "Birataya",
"gw": "from Birati",
"sense": "from Birati",
"norm": "Birtaya",
"pos": "EN",
"epos": "EN"}
}
,
{
"node": "l",
"frag": "ARAD",
"id": "P237256.l04be8",
"ref": "P237256.14.3",
"inst": "ardu[servant]N",
"sig": "@saao/saa18%akk-x-neobab:ARAD=ardu[slave//servant]N'N$ardu",
"f": {"lang": "akk-x-neobab",
"form": "ARAD",
"cf": "ardu",
"gw": "slave",
"sense": "servant",
"norm": "ardu",
"pos": "N",
"epos": "N"}
}
,
{
"node": "l",
"frag": "ša₂",
"id": "P237256.l04be9",
"ref": "P237256.14.4",
"inst": "ša[of]DET",
"sig": "@saao/saa18%akk-x-neobab:ša₂=ša[of//of]DET'DET$ša",
"f": {"lang": "akk-x-neobab",
"form": "ša₂",
"cf": "ša",
"gw": "of",
"sense": "of",
"norm": "ša",
"pos": "DET",
"epos": "DET"}
}
,
{
"node": "l",
"frag": "LUGAL",
"id": "P237256.l04bea",
"ref": "P237256.14.5",
"inst": "šarri[king]N",
"sig": "@saao/saa18%akk-x-neobab:LUGAL=šarru[king//king]N'N$šarri",
"f": {"lang": "akk-x-neobab",
"form": "LUGAL",
"cf": "šarru",
"gw": "king",
"sense": "king",
"norm": "šarri",
"pos": "N",
"epos": "N"}
}
,
{
"node": "l",
"frag": "EN-ia₂",
"id": "P237256.l04beb",
"ref": "P237256.14.6",
"inst": "bēlīya[lord]N",
"sig": "@saao/saa18%akk-x-neobab:EN-ia₂=bēlu[lord//lord]N'N$bēlīya",
"f": {"lang": "akk-x-neobab",
"form": "EN-ia₂",
"cf": "bēlu",
"gw": "lord",
"sense": "lord",
"norm": "bēlīya",
"pos": "N",
"epos": "N"}
}
,
{
"node": "d",
"type": "line-start",
"ref": "P237256.15",
"n": "14",
"label": "o 14"}
,
{
"node": "l",
"frag": "[ul]-⸢tu⸣",
"id": "P237256.l04bec",
"ref": "P237256.15.1",
"inst": "ultu[from]PRP",
"sig": "@saao/saa18%akk-x-neobab:ul-tu=ištu[from//from]PRP'PRP$ultu",
"f": {"lang": "akk-x-neobab",
"form": "ul-tu",
"cf": "ištu",
"gw": "from",
"sense": "from",
"norm": "ultu",
"pos": "PRP",
"epos": "PRP"}
}
,
{
"node": "l",
"frag": "TIN.TIR{ki}",
"id": "P237256.l04bed",
"ref": "P237256.15.2",
"inst": "Babili[Babylon]GN",
"sig": "@saao/saa18%akk-x-neobab:TIN.TIR{KI}=Babili[Babylon//Babylon]GN'GN$Babili",
"f": {"lang": "akk-x-neobab",
"form": "TIN.TIR{KI}",
"cf": "Babili",
"gw": "Babylon",
"sense": "Babylon",
"norm": "Babili",
"pos": "GN",
"epos": "GN"}
}
,
{
"node": "l",
"frag": "ki-i",
"id": "P237256.l04bee",
"ref": "P237256.15.3",
"inst": "kî[when]'SBJ",
"sig": "@saao/saa18%akk-x-neobab:ki-i=kī[like//when]PRP'SBJ$kî",
"f": {"lang": "akk-x-neobab",
"form": "ki-i",
"cf": "kī",
"gw": "like",
"sense": "when",
"norm": "kî",
"pos": "PRP",
"epos": "SBJ"}
}
,
{
"node": "l",
"frag": "ih-li-qa",
"id": "P237256.l04bef",
"ref": "P237256.15.4",
"inst": "ihliqa[run away]V",
"sig": "@saao/saa18%akk-x-neobab:ih-li-qa=halāqu[be(come) lost//run away]V'V$ihliqa",
"f": {"lang": "akk-x-neobab",
"form": "ih-li-qa",
"cf": "halāqu",
"gw": "be(come) lost",
"sense": "run away",
"norm": "ihliqa",
"pos": "V",
"epos": "V"}
}
,
{
"node": "d",
"type": "line-start",
"ref": "P237256.16",
"n": "15",
"label": "o 15"}
,
{
"node": "l",
"frag": "[x",
"id": "P237256.l04bf0",
"ref": "P237256.16.1",
"inst": "u",
"f": {"lang": "akk-x-neobab",
"form": "x",
"pos": "u"}
}
,
{
"node": "l",
"frag": "x",
"id": "P237256.l04bf1",
"ref": "P237256.16.2",
"inst": "u",
"f": {"lang": "akk-x-neobab",
"form": "x",
"pos": "u"}
}
,
{
"node": "l",
"frag": "x]+⸢x⸣-nu",
"id": "P237256.l04bf2",
"ref": "P237256.16.3",
"inst": "u",
"f": {"lang": "akk-x-neobab",
"form": "x+x-nu",
"pos": "u"}
}
,
{
"node": "l",
"frag": "⸢ki-i",
"id": "P237256.l04bf3",
"ref": "P237256.16.4",
"inst": "kî[when]'SBJ",
"sig": "@saao/saa18%akk-x-neobab:ki-i=kī[like//when]PRP'SBJ$kî",
"f": {"lang": "akk-x-neobab",
"form": "ki-i",
"cf": "kī",
"gw": "like",
"sense": "when",
"norm": "kî",
"pos": "PRP",
"epos": "SBJ"}
}
,
{
"node": "l",
"frag": "x",
"id": "P237256.l04bf4",
"ref": "P237256.16.5",
"inst": "u",
"f": {"lang": "akk-x-neobab",
"form": "x",
"pos": "u"}
}
,
{
"node": "l",
"frag": "x",
"id": "P237256.l04bf5",
"ref": "P237256.16.6",
"inst": "u",
"f": {"lang": "akk-x-neobab",
"form": "x",
"pos": "u"}
}
,
{
"node": "l",
"frag": "x⸣-ia₂",
"id": "P237256.l04bf6",
"ref": "P237256.16.7",
"inst": "u",
"f": {"lang": "akk-x-neobab",
"form": "x-ia₂",
"pos": "u"}
}
,
{
"node": "d",
"type": "line-start",
"ref": "P237256.17",
"n": "16",
"label": "o 16"}
,
{
"node": "l",
"frag": "[x",
"id": "P237256.l04bf7",
"ref": "P237256.17.1",
"inst": "u",
"f": {"lang": "akk-x-neobab",
"form": "x",
"pos": "u"}
}
,
{
"node": "l",
"frag": "x",
"id": "P237256.l04bf8",
"ref": "P237256.17.2",
"inst": "u",
"f": {"lang": "akk-x-neobab",
"form": "x",
"pos": "u"}
}
,
{
"node": "l",
"frag": "x]+⸢x⸣-bu-⸢u₂⸣",
"id": "P237256.l04bf9",
"ref": "P237256.17.3",
"inst": "u",
"f": {"lang": "akk-x-neobab",
"form": "x+x-bu-u₂",
"pos": "u"}
}
,
{
"node": "l",
"frag": "[x",
"id": "P237256.l04bfa",
"ref": "P237256.17.4",
"inst": "u",
"f": {"lang": "akk-x-neobab",
"form": "x",
"pos": "u"}
}
,
{
"node": "l",
"frag": "x",
"id": "P237256.l04bfb",
"ref": "P237256.17.5",
"inst": "u",
"f": {"lang": "akk-x-neobab",
"form": "x",
"pos": "u"}
}
,
{
"node": "l",
"frag": "x",
"id": "P237256.l04bfc",
"ref": "P237256.17.6",
"inst": "u",
"f": {"lang": "akk-x-neobab",
"form": "x",
"pos": "u"}
}
,
{
"node": "l",
"frag": "x]",
"id": "P237256.l04bfd",
"ref": "P237256.17.7",
"inst": "u",
"f": {"lang": "akk-x-neobab",
"form": "x",
"pos": "u"}
}
,
{
"node": "d",
"type": "nonx",
"ref": "P237256.18",
"strict": "0",
"state": "other"}
,
{
"node": "d",
"type": "line-start",
"ref": "P237256.19",
"n": "17",
"label": "o 17"}
,
{
"node": "l",
"frag": "{[lu₂}bir-ta]-a.a",
"id": "P237256.l04bfe",
"ref": "P237256.19.1",
"inst": "Birtaya[from Birati]EN",
"sig": "@saao/saa18%akk-x-neobab:{LU₂}bir-ta-a.a=Birataya[from Birati//from Birati]EN'EN$Birtaya",
"f": {"lang": "akk-x-neobab",
"form": "{LU₂}bir-ta-a.a",
"cf": "Birataya",
"gw": "from Birati",
"sense": "from Birati",
"norm": "Birtaya",
"pos": "EN",
"epos": "EN"}
}
,
{
"node": "l",
"frag": "ARAD",
"id": "P237256.l04bff",
"ref": "P237256.19.2",
"inst": "+ardu[slave//servant]N'N$arad",
"sig": "@saao/saa18%akk-x-neobab:ARAD=ardu[slave//servant]N'N$arad",
"f": {"lang": "akk-x-neobab",
"form": "ARAD",
"cf": "ardu",
"gw": "slave",
"sense": "servant",
"norm": "arad",
"pos": "N",
"epos": "N"}
}
,
{
"node": "l",
"frag": "⸢LUGAL⸣",
"id": "P237256.l04c00",
"ref": "P237256.19.3",
"inst": "šarri[king]N",
"sig": "@saao/saa18%akk-x-neobab:LUGAL=šarru[king//king]N'N$šarri",
"f": {"lang": "akk-x-neobab",
"form": "LUGAL",
"cf": "šarru",
"gw": "king",
"sense": "king",
"norm": "šarri",
"pos": "N",
"epos": "N"}
}
,
{
"node": "l",
"frag": "[be-li₂]-⸢ia₂⸣",
"id": "P237256.l04c01",
"ref": "P237256.19.4",
"inst": "bēlīya[lord]N",
"sig": "@saao/saa18%akk-x-neobab:be-li₂-ia₂=bēlu[lord//lord]N'N$bēlīya",
"f": {"lang": "akk-x-neobab",
"form": "be-li₂-ia₂",
"cf": "bēlu",
"gw": "lord",
"sense": "lord",
"norm": "bēlīya",
"pos": "N",
"epos": "N"}
}
,
{
"node": "d",
"type": "line-start",
"ref": "P237256.20",
"n": "18",
"label": "o 18"}
,
{
"node": "l",
"frag": "[x",
"id": "P237256.l04c02",
"ref": "P237256.20.1",
"inst": "u",
"f": {"lang": "akk-x-neobab",
"form": "x",
"pos": "u"}
}
,
{
"node": "l",
"frag": "x]",
"id": "P237256.l04c03",
"ref": "P237256.20.2",
"inst": "u",
"f": {"lang": "akk-x-neobab",
"form": "x",
"pos": "u"}
}
,
{
"node": "l",
"frag": "⸢x⸣-bu",
"id": "P237256.l04c04",
"ref": "P237256.20.3",
"inst": "u",
"f": {"lang": "akk-x-neobab",
"form": "x-bu",
"pos": "u"}
}
,
{
"node": "l",
"frag": "⸢u₂⸣-[x",
"id": "P237256.l04c05",
"ref": "P237256.20.4",
"inst": "u",
"f": {"lang": "akk-x-neobab",
"form": "u₂-x",
"pos": "u"}
}
,
{
"node": "l",
"frag": "x",
"id": "P237256.l04c06",
"ref": "P237256.20.5",
"inst": "u",
"f": {"lang": "akk-x-neobab",
"form": "x",
"pos": "u"}
}
,
{
"node": "l",
"frag": "x",
"id": "P237256.l04c07",
"ref": "P237256.20.6",
"inst": "u",
"f": {"lang": "akk-x-neobab",
"form": "x",
"pos": "u"}
}
,
{
"node": "l",
"frag": "x]",
"id": "P237256.l04c08",
"ref": "P237256.20.7",
"inst": "u",
"f": {"lang": "akk-x-neobab",
"form": "x",
"pos": "u"}
}
,
{
"node": "d",
"type": "line-start",
"ref": "P237256.21",
"n": "19",
"label": "o 19"}
,
{
"node": "l",
"frag": "[x",
"id": "P237256.l04c09",
"ref": "P237256.21.1",
"inst": "u",
"f": {"lang": "akk-x-neobab",
"form": "x",
"pos": "u"}
}
,
{
"node": "l",
"frag": "x",
"id": "P237256.l04c0a",
"ref": "P237256.21.2",
"inst": "u",
"f": {"lang": "akk-x-neobab",
"form": "x",
"pos": "u"}
}
,
{
"node": "l",
"frag": "x",
"id": "P237256.l04c0b",
"ref": "P237256.21.3",
"inst": "u",
"f": {"lang": "akk-x-neobab",
"form": "x",
"pos": "u"}
}
,
{
"node": "l",
"frag": "x]+⸢x⸣+[x",
"id": "P237256.l04c0c",
"ref": "P237256.21.4",
"inst": "u",
"f": {"lang": "akk-x-neobab",
"form": "x+x+x",
"pos": "u"}
}
,
{
"node": "l",
"frag": "x",
"id": "P237256.l04c0d",
"ref": "P237256.21.5",
"inst": "u",
"f": {"lang": "akk-x-neobab",
"form": "x",
"pos": "u"}
}
,
{
"node": "l",
"frag": "x",
"id": "P237256.l04c0e",
"ref": "P237256.21.6",
"inst": "u",
"f": {"lang": "akk-x-neobab",
"form": "x",
"pos": "u"}
}
,
{
"node": "l",
"frag": "x",
"id": "P237256.l04c0f",
"ref": "P237256.21.7",
"inst": "u",
"f": {"lang": "akk-x-neobab",
"form": "x",
"pos": "u"}
}
,
{
"node": "l",
"frag": "x]{⸢ki⸣}",
"id": "P237256.l04c10",
"ref": "P237256.21.8",
"inst": "u",
"f": {"lang": "akk-x-neobab",
"form": "x{KI}",
"pos": "u"}
}
,
{
"node": "d",
"type": "line-start",
"ref": "P237256.22",
"n": "20",
"label": "o 20"}
,
{
"node": "l",
"frag": "[x",
"id": "P237256.l04c11",
"ref": "P237256.22.1",
"inst": "u",
"f": {"lang": "akk-x-neobab",
"form": "x",
"pos": "u"}
}
,
{
"node": "l",
"frag": "x",
"id": "P237256.l04c12",
"ref": "P237256.22.2",
"inst": "u",
"f": {"lang": "akk-x-neobab",
"form": "x",
"pos": "u"}
}
,
{
"node": "l",
"frag": "x",
"id": "P237256.l04c13",
"ref": "P237256.22.3",
"inst": "u",
"f": {"lang": "akk-x-neobab",
"form": "x",
"pos": "u"}
}
,
{
"node": "l",
"frag": "x]-ti",
"id": "P237256.l04c14",
"ref": "P237256.22.4",
"inst": "u",
"f": {"lang": "akk-x-neobab",
"form": "x-ti",
"pos": "u"}
}
,
{
"node": "l",
"frag": "[x",
"id": "P237256.l04c15",
"ref": "P237256.22.5",
"inst": "u",
"f": {"lang": "akk-x-neobab",
"form": "x",
"pos": "u"}
}
,
{
"node": "l",
"frag": "x",
"id": "P237256.l04c16",
"ref": "P237256.22.6",
"inst": "u",
"f": {"lang": "akk-x-neobab",
"form": "x",
"pos": "u"}
}
,
{
"node": "l",
"frag": "x",
"id": "P237256.l04c17",
"ref": "P237256.22.7",
"inst": "u",
"f": {"lang": "akk-x-neobab",
"form": "x",
"pos": "u"}
}
,
{
"node": "l",
"frag": "x]",
"id": "P237256.l04c18",
"ref": "P237256.22.8",
"inst": "u",
"f": {"lang": "akk-x-neobab",
"form": "x",
"pos": "u"}
}
,
{
"node": "d",
"type": "nonx",
"ref": "P237256.23",
"strict": "0",
"extent": "rest",
"state": "missing"}
,
{
"node": "d",
"subtype": "reverse",
"type": "surface",
"ref": "P237256.r.24",
"type": "reverse",
"label": "r"}
,
{
"node": "d",
"type": "nonx",
"ref": "P237256.25",
"strict": "0",
"extent": "beginning",
"state": "missing"}
,
{
"node": "d",
"type": "line-start",
"ref": "P237256.26",
"n": "1'",
"label": "r 1'"}
,
{
"node": "l",
"frag": "[x",
"id": "P237256.l04c19",
"ref": "P237256.26.1",
"inst": "u",
"f": {"lang": "akk-x-neobab",
"form": "x",
"pos": "u"}
}
,
{
"node": "l",
"frag": "x",
"id": "P237256.l04c1a",
"ref": "P237256.26.2",
"inst": "u",
"f": {"lang": "akk-x-neobab",
"form": "x",
"pos": "u"}
}
,
{
"node": "l",
"frag": "x",
"id": "P237256.l04c1b",
"ref": "P237256.26.3",
"inst": "u",
"f": {"lang": "akk-x-neobab",
"form": "x",
"pos": "u"}
}
,
{
"node": "l",
"frag": "x",
"id": "P237256.l04c1c",
"ref": "P237256.26.4",
"inst": "u",
"f": {"lang": "akk-x-neobab",
"form": "x",
"pos": "u"}
}
,
{
"node": "l",
"frag": "x",
"id": "P237256.l04c1d",
"ref": "P237256.26.5",
"inst": "u",
"f": {"lang": "akk-x-neobab",
"form": "x",
"pos": "u"}
}
,
{
"node": "l",
"frag": "x]-⸢MEŠ⸣",
"id": "P237256.l04c1e",
"ref": "P237256.26.6",
"inst": "u",
"f": {"lang": "akk-x-neobab",
"form": "x-MEŠ",
"pos": "u"}
}
,
{
"node": "l",
"frag": "ša₂",
"id": "P237256.l04c1f",
"ref": "P237256.26.7",
"inst": "ša[of]DET",
"sig": "@saao/saa18%akk-x-neobab:ša₂=ša[of//of]DET'DET$ša",
"f": {"lang": "akk-x-neobab",
"form": "ša₂",
"cf": "ša",
"gw": "of",
"sense": "of",
"norm": "ša",
"pos": "DET",
"epos": "DET"}
}
,
{
"node": "l",
"frag": "LUGAL",
"id": "P237256.l04c20",
"ref": "P237256.26.8",
"inst": "šarri[king]N",
"sig": "@saao/saa18%akk-x-neobab:LUGAL=šarru[king//king]N'N$šarri",
"f": {"lang": "akk-x-neobab",
"form": "LUGAL",
"cf": "šarru",
"gw": "king",
"sense": "king",
"norm": "šarri",
"pos": "N",
"epos": "N"}
}
,
{
"node": "d",
"type": "line-start",
"ref": "P237256.27",
"n": "2'",
"label": "r 2'"}
,
{
"node": "l",
"frag": "[x",
"id": "P237256.l04c21",
"ref": "P237256.27.1",
"inst": "u",
"f": {"lang": "akk-x-neobab",
"form": "x",
"pos": "u"}
}
,
{
"node": "l",
"frag": "x",
"id": "P237256.l04c22",
"ref": "P237256.27.2",
"inst": "u",
"f": {"lang": "akk-x-neobab",
"form": "x",
"pos": "u"}
}
,
{
"node": "l",
"frag": "x",
"id": "P237256.l04c23",
"ref": "P237256.27.3",
"inst": "u",
"f": {"lang": "akk-x-neobab",
"form": "x",
"pos": "u"}
}
,
{
"node": "l",
"frag": "x",
"id": "P237256.l04c24",
"ref": "P237256.27.4",
"inst": "u",
"f": {"lang": "akk-x-neobab",
"form": "x",
"pos": "u"}
}
,
{
"node": "l",
"frag": "x]+⸢x⸣-ti",
"id": "P237256.l04c25",
"ref": "P237256.27.5",
"inst": "u",
"f": {"lang": "akk-x-neobab",
"form": "x+x-ti",
"pos": "u"}
}
,
{
"node": "l",
"frag": "ša₂",
"id": "P237256.l04c26",
"ref": "P237256.27.6",
"inst": "ša[of]DET",
"sig": "@saao/saa18%akk-x-neobab:ša₂=ša[of//of]DET'DET$ša",
"f": {"lang": "akk-x-neobab",
"form": "ša₂",
"cf": "ša",
"gw": "of",
"sense": "of",
"norm": "ša",
"pos": "DET",
"epos": "DET"}
}
,
{
"node": "l",
"frag": "LUGAL",
"id": "P237256.l04c27",
"ref": "P237256.27.7",
"inst": "šar[king]N",
"sig": "@saao/saa18%akk-x-neobab:LUGAL=šarru[king//king]N'N$šar",
"f": {"lang": "akk-x-neobab",
"form": "LUGAL",
"cf": "šarru",
"gw": "king",
"sense": "king",
"norm": "šar",
"pos": "N",
"epos": "N"}
}
,
{
"node": "l",
"frag": "TIN.TIR{ki}",
"id": "P237256.l04c28",
"ref": "P237256.27.8",
"inst": "Babili[Babylon]GN",
"sig": "@saao/saa18%akk-x-neobab:TIN.TIR{KI}=Babili[Babylon//Babylon]GN'GN$Babili",
"f": {"lang": "akk-x-neobab",
"form": "TIN.TIR{KI}",
"cf": "Babili",
"gw": "Babylon",
"sense": "Babylon",
"norm": "Babili",
"pos": "GN",
"epos": "GN"}
}
,
{
"node": "d",
"type": "line-start",
"ref": "P237256.28",
"n": "3'",
"label": "r 3'"}
,
{
"node": "l",
"frag": "[x",
"id": "P237256.l04c29",
"ref": "P237256.28.1",
"inst": "u",
"f": {"lang": "akk-x-neobab",
"form": "x",
"pos": "u"}
}
,
{
"node": "l",
"frag": "x",
"id": "P237256.l04c2a",
"ref": "P237256.28.2",
"inst": "u",
"f": {"lang": "akk-x-neobab",
"form": "x",
"pos": "u"}
}
,
{
"node": "l",
"frag": "ki-i]",
"id": "P237256.l04c2b",
"ref": "P237256.28.3",
"inst": "kî[when]'SBJ",
"sig": "@saao/saa18%akk-x-neobab:ki-i=kī[like//when]PRP'SBJ$kî",
"f": {"lang": "akk-x-neobab",
"form": "ki-i",
"cf": "kī",
"gw": "like",
"sense": "when",
"norm": "kî",
"pos": "PRP",
"epos": "SBJ"}
}
,
{
"node": "l",
"frag": "⸢aṣ⸣-ba-ta",
"id": "P237256.l04c2c",
"ref": "P237256.28.4",
"inst": "+ṣabātu[seize]V$aṣbata",
"sig": "@saao/saa18%akk-x-neobab:aṣ-ba-ta=ṣabātu[seize//seize]V'V$aṣbata",
"f": {"lang": "akk-x-neobab",
"form": "aṣ-ba-ta",
"cf": "ṣabātu",
"gw": "seize",
"sense": "seize",
"norm": "aṣbata",
"pos": "V",
"epos": "V"}
}
,
{
"node": "l",
"frag": "a-na",
"id": "P237256.l04c2d",
"ref": "P237256.28.5",
"inst": "ana[to]PRP",
"sig": "@saao/saa18%akk-x-neobab:a-na=ana[to//to]PRP'PRP$ana",
"f": {"lang": "akk-x-neobab",
"form": "a-na",
"cf": "ana",
"gw": "to",
"sense": "to",
"norm": "ana",
"pos": "PRP",
"epos": "PRP"}
}
,
{
"node": "l",
"frag": "LUGAL",
"id": "P237256.l04c2e",
"ref": "P237256.28.6",
"inst": "šarri[king]N",
"sig": "@saao/saa18%akk-x-neobab:LUGAL=šarru[king//king]N'N$šarri",
"f": {"lang": "akk-x-neobab",
"form": "LUGAL",
"cf": "šarru",
"gw": "king",
"sense": "king",
"norm": "šarri",
"pos": "N",
"epos": "N"}
}
,
{
"node": "l",
"frag": "EN-ia₂",
"id": "P237256.l04c2f",
"ref": "P237256.28.7",
"inst": "bēlīya[lord]N",
"sig": "@saao/saa18%akk-x-neobab:EN-ia₂=bēlu[lord//lord]N'N$bēlīya",
"f": {"lang": "akk-x-neobab",
"form": "EN-ia₂",
"cf": "bēlu",
"gw": "lord",
"sense": "lord",
"norm": "bēlīya",
"pos": "N",
"epos": "N"}
}
,
{
"node": "d",
"type": "line-start",
"ref": "P237256.29",
"n": "4'",
"label": "r 4'"}
,
{
"node": "l",
"frag": "[al-tap-ra",
"id": "P237256.l04c30",
"ref": "P237256.29.1",
"inst": "altapra[write]V",
"sig": "@saao/saa18%akk-x-neobab:al-tap-ra=šapāru[send//write]V'V$altapra",
"f": {"lang": "akk-x-neobab",
"form": "al-tap-ra",
"cf": "šapāru",
"gw": "send",
"sense": "write",
"norm": "altapra",
"pos": "V",
"epos": "V"}
}
,
{
"node": "l",
"frag": "x",
"id": "P237256.l04c31",
"ref": "P237256.29.2",
"inst": "u",
"f": {"lang": "akk-x-neobab",
"form": "x",
"pos": "u"}
}
,
{
"node": "l",
"frag": "x",
"id": "P237256.l04c32",
"ref": "P237256.29.3",
"inst": "u",
"f": {"lang": "akk-x-neobab",
"form": "x",
"pos": "u"}
}
,
{
"node": "l",
"frag": "a]-zu-⸢za",
"id": "P237256.l04c33",
"ref": "P237256.29.4",
"inst": "+zâzu[divide]V$azūza",
"sig": "@saao/saa18%akk-x-neobab:a-zu-za=zâzu[divide//divide]V'V$azūza",
"f": {"lang": "akk-x-neobab",
"form": "a-zu-za",
"cf": "zâzu",
"gw": "divide",
"sense": "divide",
"norm": "azūza",
"pos": "V",
"epos": "V"}
}
,
{
"node": "l",
"frag": "ia⸣-a-nu-um-ma",
"id": "P237256.l04c34",
"ref": "P237256.29.5",
"inst": "+yānu[(there) is not//otherwise]V'AV$yānumma",
"sig": "@saao/saa18%akk-x-neobab:ia-a-nu-um-ma=yānu[(there) is not//otherwise]V'AV$yānumma",
"f": {"lang": "akk-x-neobab",
"form": "ia-a-nu-um-ma",
"cf": "yānu",
"gw": "(there) is not",
"sense": "otherwise",
"norm": "yānumma",
"pos": "V",
"epos": "AV"}
}
,
{
"node": "d",
"type": "line-start",
"ref": "P237256.30",
"n": "5'",
"label": "r 5'"}
,
{
"node": "l",
"frag": "[x",
"id": "P237256.l04c35",
"ref": "P237256.30.1",
"inst": "u",
"f": {"lang": "akk-x-neobab",
"form": "x",
"pos": "u"}
}
,
{
"node": "l",
"frag": "x",
"id": "P237256.l04c36",
"ref": "P237256.30.2",
"inst": "u",
"f": {"lang": "akk-x-neobab",
"form": "x",
"pos": "u"}
}
,
{
"node": "l",
"frag": "x",
"id": "P237256.l04c37",
"ref": "P237256.30.3",
"inst": "u",
"f": {"lang": "akk-x-neobab",
"form": "x",
"pos": "u"}
}
,
{
"node": "l",
"frag": "x]+⸢x",
"id": "P237256.l04c38",
"ref": "P237256.30.4",
"inst": "u",
"f": {"lang": "akk-x-neobab",
"form": "x+x",
"pos": "u"}
}
,
{
"node": "l",
"frag": "a-na",
"id": "P237256.l04c39",
"ref": "P237256.30.5",
"inst": "ana[to]PRP",
"sig": "@saao/saa18%akk-x-neobab:a-na=ana[to//to]PRP'PRP$ana",
"f": {"lang": "akk-x-neobab",
"form": "a-na",
"cf": "ana",
"gw": "to",
"sense": "to",
"norm": "ana",
"pos": "PRP",
"epos": "PRP"}
}
,
{
"node": "l",
"frag": "pa⸣-an",
"id": "P237256.l04c3a",
"ref": "P237256.30.6",
"inst": "pān[front]N",
"sig": "@saao/saa18%akk-x-neobab:pa-an=pānu[front//face]N'N$pān",
"f": {"lang": "akk-x-neobab",
"form": "pa-an",
"cf": "pānu",
"gw": "front",
"sense": "face",
"norm": "pān",
"pos": "N",
"epos": "N"}
}
,
{
"node": "l",
"frag": "LUGAL",
"id": "P237256.l04c3b",
"ref": "P237256.30.7",
"inst": "šarri[king]N",
"sig": "@saao/saa18%akk-x-neobab:LUGAL=šarru[king//king]N'N$šarri",
"f": {"lang": "akk-x-neobab",
"form": "LUGAL",
"cf": "šarru",
"gw": "king",
"sense": "king",
"norm": "šarri",
"pos": "N",
"epos": "N"}
}
,
{
"node": "l",
"frag": "EN-ia₂",
"id": "P237256.l04c3c",
"ref": "P237256.30.8",
"inst": "bēlīya[lord]N",
"sig": "@saao/saa18%akk-x-neobab:EN-ia₂=bēlu[lord//lord]N'N$bēlīya",
"f": {"lang": "akk-x-neobab",
"form": "EN-ia₂",
"cf": "bēlu",
"gw": "lord",
"sense": "lord",
"norm": "bēlīya",
"pos": "N",
"epos": "N"}
}
,
{
"node": "d",
"type": "line-start",
"ref": "P237256.31",
"n": "6'",
"label": "r 6'"}
,
{
"node": "l",
"frag": "[al-tap]-ra",
"id": "P237256.l04c3d",
"ref": "P237256.31.1",
"inst": "altapra[send]V",
"sig": "@saao/saa18%akk-x-neobab:al-tap-ra=šapāru[send//send]V'V$altapra",
"f": {"lang": "akk-x-neobab",
"form": "al-tap-ra",
"cf": "šapāru",
"gw": "send",
"sense": "send",
"norm": "altapra",
"pos": "V",
"epos": "V"}
}
,
{
"node": "l",
"frag": "hu-ub-tu",
"id": "P237256.l04c3e",
"ref": "P237256.31.2",
"inst": "hubtu[captives]N",
"sig": "@saao/saa18%akk-x-neobab:hu-ub-tu=hubtu[robbery//captives]N'N$hubtu",
"f": {"lang": "akk-x-neobab",
"form": "hu-ub-tu",
"cf": "hubtu",
"gw": "robbery",
"sense": "captives",
"norm": "hubtu",
"pos": "N",
"epos": "N"}
}
,
{
"node": "d",
"type": "line-start",
"ref": "P237256.32",
"n": "7'",
"label": "r 7'"}
,
{
"node": "l",
"frag": "[u",
"id": "P237256.l04c3f",
"ref": "P237256.32.1",
"inst": "u[and]CNJ",
"sig": "@saao/saa18%akk-x-neobab:u=u[and//and]CNJ'CNJ$u",
"f": {"lang": "akk-x-neobab",
"form": "u",
"cf": "u",
"gw": "and",
"sense": "and",
"norm": "u",
"pos": "CNJ",
"epos": "CNJ"}
}
,
{
"node": "l",
"frag": "{lu₂}ṣi]-⸢ra-ne₂-e⸣",
"id": "P237256.l04c40",
"ref": "P237256.32.2",
"inst": "ṣīrānē[emissary]N",
"sig": "@saao/saa18%akk-x-neobab:{LU₂}ṣi-ra-ne₂-e=ṣīru[envoy//emissary]N'N$ṣīrānē",
"f": {"lang": "akk-x-neobab",
"form": "{LU₂}ṣi-ra-ne₂-e",
"cf": "ṣīru",
"gw": "envoy",
"sense": "emissary",
"norm": "ṣīrānē",
"pos": "N",
"epos": "N"}
}
,
{
"node": "l",
"frag": "a-na",
"id": "P237256.l04c41",
"ref": "P237256.32.3",
"inst": "ana[to]PRP",
"sig": "@saao/saa18%akk-x-neobab:a-na=ana[to//to]PRP'PRP$ana",
"f": {"lang": "akk-x-neobab",
"form": "a-na",
"cf": "ana",
"gw": "to",
"sense": "to",
"norm": "ana",
"pos": "PRP",
"epos": "PRP"}
}
,
{
"node": "l",
"frag": "pa-an",
"id": "P237256.l04c42",
"ref": "P237256.32.4",
"inst": "pān[front]N",
"sig": "@saao/saa18%akk-x-neobab:pa-an=pānu[front//face]N'N$pān",
"f": {"lang": "akk-x-neobab",
"form": "pa-an",
"cf": "pānu",
"gw": "front",
"sense": "face",
"norm": "pān",
"pos": "N",
"epos": "N"}
}
,
{
"node": "l",
"frag": "{lu₂}GAL-MEŠ",
"id": "P237256.l04c43",
"ref": "P237256.32.5",
"inst": "rabûti[magnate]N",
"sig": "@saao/saa18%akk-x-neobab:{LU₂}GAL-MEŠ=rabû[big one//magnate]N'N$rabûti",
"f": {"lang": "akk-x-neobab",
"form": "{LU₂}GAL-MEŠ",
"cf": "rabû",
"gw": "big one",
"sense": "magnate",
"norm": "rabûti",
"pos": "N",
"epos": "N"}
}
,
{
"node": "d",
"type": "line-start",
"ref": "P237256.33",
"n": "8'",
"label": "r 8'"}
,
{
"node": "l",
"frag": "[a-na]",
"id": "P237256.l04c44",
"ref": "P237256.33.1",
"inst": "ana[to]PRP",
"sig": "@saao/saa18%akk-x-neobab:a-na=ana[to//to]PRP'PRP$ana",
"f": {"lang": "akk-x-neobab",
"form": "a-na",
"cf": "ana",
"gw": "to",
"sense": "to",
"norm": "ana",
"pos": "PRP",
"epos": "PRP"}
}
,
{
"node": "l",
"frag": "UGU",
"id": "P237256.l04c45",
"ref": "P237256.33.2",
"inst": "muhhi[skull]N",
"sig": "@saao/saa18%akk-x-neobab:UGU=muhhu[skull//skull]N'N$muhhi",
"f": {"lang": "akk-x-neobab",
"form": "UGU",
"cf": "muhhu",
"gw": "skull",
"sense": "skull",
"norm": "muhhi",
"pos": "N",
"epos": "N"}
}
,
{
"node": "l",
"frag": "UD.KIB.⸢NUN⸣{[ki]}",
"id": "P237256.l04c46",
"ref": "P237256.33.3",
"inst": "Sippar[1]GN",
"sig": "@saao/saa18%akk-x-neobab:UD.KIB.NUN{KI}=Sippar[1//1]GN'GN$Sippar",
"f": {"lang": "akk-x-neobab",
"form": "UD.KIB.NUN{KI}",
"cf": "Sippar",
"gw": "1",
"sense": "1",
"norm": "Sippar",
"pos": "GN",
"epos": "GN"}
}
,
{
"node": "l",
"frag": "⸢al⸣-ta-par-šu₂-nu-ti",
"id": "P237256.l04c47",
"ref": "P237256.33.4",
"inst": "+šapāru[send]V$altaparšunūti",
"sig": "@saao/saa18%akk-x-neobab:al-ta-par-šu₂-nu-ti=šapāru[send//send]V'V$altaparšunūti",
"f": {"lang": "akk-x-neobab",
"form": "al-ta-par-šu₂-nu-ti",
"cf": "šapāru",
"gw": "send",
"sense": "send",
"norm": "altaparšunūti",
"pos": "V",
"epos": "V"}
}
,
{
"node": "d",
"type": "line-start",
"ref": "P237256.34",
"n": "9'",
"label": "r 9'"}
,
{
"node": "l",
"frag": "[a]-du-u₂",
"id": "P237256.l04c48",
"ref": "P237256.34.1",
"inst": "adû[now]AV",
"sig": "@saao/saa18%akk-x-neobab:a-du-u₂=adû[now//now]AV'AV$adû",
"f": {"lang": "akk-x-neobab",
"form": "a-du-u₂",
"cf": "adû",
"gw": "now",
"sense": "now",
"norm": "adû",
"pos": "AV",
"epos": "AV"}
}
,
{
"node": "l",
"frag": "DINGIR-MEŠ",
"id": "P237256.l04c49",
"ref": "P237256.34.2",
"inst": "ilāni[god]N",
"sig": "@saao/saa18%akk-x-neobab:DINGIR-MEŠ=ilu[god//god]N'N$ilāni",
"f": {"lang": "akk-x-neobab",
"form": "DINGIR-MEŠ",
"cf": "ilu",
"gw": "god",
"sense": "god",
"norm": "ilāni",
"pos": "N",
"epos": "N"}
}
,
{
"node": "l",
"frag": "⸢a-na⸣",
"id": "P237256.l04c4a",
"ref": "P237256.34.3",
"inst": "ana[to]PRP",
"sig": "@saao/saa18%akk-x-neobab:a-na=ana[to//to]PRP'PRP$ana",
"f": {"lang": "akk-x-neobab",
"form": "a-na",
"cf": "ana",
"gw": "to",
"sense": "to",
"norm": "ana",
"pos": "PRP",
"epos": "PRP"}
}
,
{
"node": "l",
"frag": "ba-laṭ",
"id": "P237256.l04c4b",
"ref": "P237256.34.4",
"inst": "balāṭ[life]'N",
"sig": "@saao/saa18%akk-x-neobab:ba-laṭ=balāṭu[live//life]V'N$balāṭ",
"f": {"lang": "akk-x-neobab",
"form": "ba-laṭ",
"cf": "balāṭu",
"gw": "live",
"sense": "life",
"norm": "balāṭ",
"pos": "V",
"epos": "N"}
}
,
{
"node": "l",
"frag": "ZI-MEŠ",
"id": "P237256.l04c4c",
"ref": "P237256.34.5",
"inst": "napšāti[life]N",
"sig": "@saao/saa18%akk-x-neobab:ZI-MEŠ=napištu[throat//life]N'N$napšāti",
"f": {"lang": "akk-x-neobab",
"form": "ZI-MEŠ",
"cf": "napištu",
"gw": "throat",
"sense": "life",
"norm": "napšāti",
"pos": "N",
"epos": "N"}
}
,
{
"node": "d",
"type": "line-start",
"ref": "P237256.35",
"n": "10'",
"label": "r 10'"}
,
{
"node": "l",
"frag": "ša₂",
"id": "P237256.l04c4d",
"ref": "P237256.35.1",
"inst": "ša[of]DET",
"sig": "@saao/saa18%akk-x-neobab:ša₂=ša[of//of]DET'DET$ša",
"f": {"lang": "akk-x-neobab",
"form": "ša₂",
"cf": "ša",
"gw": "of",
"sense": "of",
"norm": "ša",
"pos": "DET",
"epos": "DET"}
}
,
{
"node": "l",
"frag": "LUGAL",
"id": "P237256.l04c4e",
"ref": "P237256.35.2",
"inst": "šarri[king]N",
"sig": "@saao/saa18%akk-x-neobab:LUGAL=šarru[king//king]N'N$šarri",
"f": {"lang": "akk-x-neobab",
"form": "LUGAL",
"cf": "šarru",
"gw": "king",
"sense": "king",
"norm": "šarri",
"pos": "N",
"epos": "N"}
}
,
{
"node": "l",
"frag": "be-li₂-ia",
"id": "P237256.l04c4f",
"ref": "P237256.35.3",
"inst": "bēlīya[lord]N",
"sig": "@saao/saa18%akk-x-neobab:be-li₂-ia=bēlu[lord//lord]N'N$bēlīya",
"f": {"lang": "akk-x-neobab",
"form": "be-li₂-ia",
"cf": "bēlu",
"gw": "lord",
"sense": "lord",
"norm": "bēlīya",
"pos": "N",
"epos": "N"}
}
,
{
"node": "l",
"frag": "u₂-ṣal-li",
"id": "P237256.l04c50",
"ref": "P237256.35.4",
"inst": "uṣalli[pray to]V",
"sig": "@saao/saa18%akk-x-neobab:u₂-ṣal-li=ṣullû[beseech//pray to]V'V$uṣalli",
"f": {"lang": "akk-x-neobab",
"form": "u₂-ṣal-li",
"cf": "ṣullû",
"gw": "beseech",
"sense": "pray to",
"norm": "uṣalli",
"pos": "V",
"epos": "V"}
}
,
{
"node": "d",
"type": "line-start",
"ref": "P237256.36",
"n": "11'",
"label": "r 11'"}
,
{
"node": "l",
"frag": "{1}ŠEŠ-DUG₃.GA",
"id": "P237256.l04c51",
"ref": "P237256.36.1",
"inst": "+Ahu-ṭab[]PN$",
"sig": "@saao/saa18%akk-x-neobab:{1}ŠEŠ-DUG₃.GA=Ahu-ṭab[1//1]PN'PN$Ahu-ṭab",
"f": {"lang": "akk-x-neobab",
"form": "{1}ŠEŠ-DUG₃.GA",
"cf": "Ahu-ṭab",
"gw": "1",
"sense": "1",
"norm": "Ahu-ṭab",
"pos": "PN",
"epos": "PN"}
}
,
{
"node": "l",
"frag": "{lu₂}bir-ta-a.a",
"id": "P237256.l04c52",
"ref": "P237256.36.2",
"inst": "Birtaya[from Birati]EN",
"sig": "@saao/saa18%akk-x-neobab:{LU₂}bir-ta-a.a=Birataya[from Birati//from Birati]EN'EN$Birtaya",
"f": {"lang": "akk-x-neobab",
"form": "{LU₂}bir-ta-a.a",
"cf": "Birataya",
"gw": "from Birati",
"sense": "from Birati",
"norm": "Birtaya",
"pos": "EN",
"epos": "EN"}
}
,
{
"node": "d",
"type": "line-start",
"ref": "P237256.37",
"n": "12'",
"label": "r 12'"}
,
{
"node": "l",
"frag": "ša₂",
"id": "P237256.l04c53",
"ref": "P237256.37.1",
"inst": "ša[who]REL",
"sig": "@saao/saa18%akk-x-neobab:ša₂=ša[that//who]REL'REL$ša",
"f": {"lang": "akk-x-neobab",
"form": "ša₂",
"cf": "ša",
"gw": "that",
"sense": "who",
"norm": "ša",
"pos": "REL",
"epos": "REL"}
}
,
{
"node": "l",
"frag": "a-na",
"id": "P237256.l04c54",
"ref": "P237256.37.2",
"inst": "ana[to]PRP",
"sig": "@saao/saa18%akk-x-neobab:a-na=ana[to//to]PRP'PRP$ana",
"f": {"lang": "akk-x-neobab",
"form": "a-na",
"cf": "ana",
"gw": "to",
"sense": "to",
"norm": "ana",
"pos": "PRP",
"epos": "PRP"}
}
,
{
"node": "l",
"frag": "{uru}E₂-e-muk-a-nu",
"id": "P237256.l04c55",
"ref": "P237256.37.3",
"inst": "+Bit-Amukani[]GN$Bit-Emukanu",
"sig": "@saao/saa18%akk-x-neobab:{URU}E₂-e-muk-a-nu=Bit-Amukani[1//1]GN'GN$Bit-Emukanu",
"f": {"lang": "akk-x-neobab",
"form": "{URU}E₂-e-muk-a-nu",
"cf": "Bit-Amukani",
"gw": "1",
"sense": "1",
"norm": "Bit-Emukanu",
"pos": "GN",
"epos": "GN"}
}
,
{
"node": "d",
"type": "line-start",
"ref": "P237256.38",
"n": "13'",
"label": "r 13'"}
,
{
"node": "l",
"frag": "LUGAL",
"id": "P237256.l04c56",
"ref": "P237256.38.1",
"inst": "šarru[king]N",
"sig": "@saao/saa18%akk-x-neobab:LUGAL=šarru[king//king]N'N$šarru",
"f": {"lang": "akk-x-neobab",
"form": "LUGAL",
"cf": "šarru",
"gw": "king",
"sense": "king",
"norm": "šarru",
"pos": "N",
"epos": "N"}
}
,
{
"node": "l",
"frag": "EN-a",
"id": "P237256.l04c57",
"ref": "P237256.38.2",
"inst": "+bēlu[lord]N$bēlā",
"sig": "@saao/saa18%akk-x-neobab:EN-a=bēlu[lord//lord]N'N$bēlā",
"f": {"lang": "akk-x-neobab",
"form": "EN-a",
"cf": "bēlu",
"gw": "lord",
"sense": "lord",
"norm": "bēlā",
"pos": "N",
"epos": "N"}
}
,
{
"node": "l",
"frag": "iš-pu-ru-šu₂",
"id": "P237256.l04c58",
"ref": "P237256.38.3",
"inst": "+šapāru[send]V$išpurūšu",
"sig": "@saao/saa18%akk-x-neobab:iš-pu-ru-šu₂=šapāru[send//send]V'V$išpurūšu",
"f": {"lang": "akk-x-neobab",
"form": "iš-pu-ru-šu₂",
"cf": "šapāru",
"gw": "send",
"sense": "send",
"norm": "išpurūšu",
"pos": "V",
"epos": "V"}
}
,
{
"node": "d",
"type": "line-start",
"ref": "P237256.39",
"n": "14'",
"label": "r 14'"}
,
{
"node": "l",
"frag": "ši-pir-ti",
"id": "P237256.l04c59",
"ref": "P237256.39.1",
"inst": "šipirti[letter]N",
"sig": "@saao/saa18%akk-x-neobab:ši-pir-ti=šipirtu[message//letter]N'N$šipirti",
"f": {"lang": "akk-x-neobab",
"form": "ši-pir-ti",
"cf": "šipirtu",
"gw": "message",
"sense": "letter",
"norm": "šipirti",
"pos": "N",
"epos": "N"}
}
,
{
"node": "l",
"frag": "ša₂",
"id": "P237256.l04c5a",
"ref": "P237256.39.2",
"inst": "ša[of]DET",
"sig": "@saao/saa18%akk-x-neobab:ša₂=ša[of//of]DET'DET$ša",
"f": {"lang": "akk-x-neobab",
"form": "ša₂",
"cf": "ša",
"gw": "of",
"sense": "of",
"norm": "ša",
"pos": "DET",
"epos": "DET"}
}
,
{
"node": "l",
"frag": "LUGAL",
"id": "P237256.l04c5b",
"ref": "P237256.39.3",
"inst": "šarri[king]N",
"sig": "@saao/saa18%akk-x-neobab:LUGAL=šarru[king//king]N'N$šarri",
"f": {"lang": "akk-x-neobab",
"form": "LUGAL",
"cf": "šarru",
"gw": "king",
"sense": "king",
"norm": "šarri",
"pos": "N",
"epos": "N"}
}
,
{
"node": "l",
"frag": "a-na",
"id": "P237256.l04c5c",
"ref": "P237256.39.4",
"inst": "ana[to]PRP",
"sig": "@saao/saa18%akk-x-neobab:a-na=ana[to//to]PRP'PRP$ana",
"f": {"lang": "akk-x-neobab",
"form": "a-na",
"cf": "ana",
"gw": "to",
"sense": "to",
"norm": "ana",
"pos": "PRP",
"epos": "PRP"}
}
,
{
"node": "l",
"frag": "{uru}E₂-e-muk-a-nu",
"id": "P237256.l04c5d",
"ref": "P237256.39.5",
"inst": "Bit-Emukanu[1]GN",
"sig": "@saao/saa18%akk-x-neobab:{URU}E₂-e-muk-a-nu=Bit-Amukani[1//1]GN'GN$Bit-Emukanu",
"f": {"lang": "akk-x-neobab",
"form": "{URU}E₂-e-muk-a-nu",
"cf": "Bit-Amukani",
"gw": "1",
"sense": "1",
"norm": "Bit-Emukanu",
"pos": "GN",
"epos": "GN"}
}
,
{
"node": "d",
"type": "line-start",
"ref": "P237256.40",
"n": "15'",
"label": "r 15'"}
,
{
"node": "l",
"frag": "⸢it⸣-ta-din",
"id": "P237256.l04c5e",
"ref": "P237256.40.1",
"inst": "ittadin[give]V",
"sig": "@saao/saa18%akk-x-neobab:it-ta-din=nadānu[give//give]V'V$ittadin",
"f": {"lang": "akk-x-neobab",
"form": "it-ta-din",
"cf": "nadānu",
"gw": "give",
"sense": "give",
"norm": "ittadin",
"pos": "V",
"epos": "V"}
}
,
{
"node": "l",
"frag": "en-na",
"id": "P237256.l04c5f",
"ref": "P237256.40.2",
"inst": "enna[now]AV",
"sig": "@saao/saa18%akk-x-neobab:en-na=enna[now//now]AV'AV$enna",
"f": {"lang": "akk-x-neobab",
"form": "en-na",
"cf": "enna",
"gw": "now",
"sense": "now",
"norm": "enna",
"pos": "AV",
"epos": "AV"}
}
,
{
"node": "l",
"frag": "ina",
"id": "P237256.l04c60",
"ref": "P237256.40.3",
"inst": "ina[in]PRP",
"sig": "@saao/saa18%akk-x-neobab:ina=ina[in//in]PRP'PRP$ina",
"f": {"lang": "akk-x-neobab",
"form": "ina",
"cf": "ina",
"gw": "in",
"sense": "in",
"norm": "ina",
"pos": "PRP",
"epos": "PRP"}
}
,
{
"node": "l",
"frag": "pa-an",
"id": "P237256.l04c61",
"ref": "P237256.40.4",
"inst": "pān[front]N",
"sig": "@saao/saa18%akk-x-neobab:pa-an=pānu[front//face]N'N$pān",
"f": {"lang": "akk-x-neobab",
"form": "pa-an",
"cf": "pānu",
"gw": "front",
"sense": "face",
"norm": "pān",
"pos": "N",
"epos": "N"}
}
,
{
"node": "l",
"frag": "LUGAL",
"id": "P237256.l04c62",
"ref": "P237256.40.5",
"inst": "šarri[king]N",
"sig": "@saao/saa18%akk-x-neobab:LUGAL=šarru[king//king]N'N$šarri",
"f": {"lang": "akk-x-neobab",
"form": "LUGAL",
"cf": "šarru",
"gw": "king",
"sense": "king",
"norm": "šarri",
"pos": "N",
"epos": "N"}
}
,
{
"node": "l",
"frag": "EN-ia₂",
"id": "P237256.l04c63",
"ref": "P237256.40.6",
"inst": "bēlīya[lord]N",
"sig": "@saao/saa18%akk-x-neobab:EN-ia₂=bēlu[lord//lord]N'N$bēlīya",
"f": {"lang": "akk-x-neobab",
"form": "EN-ia₂",
"cf": "bēlu",
"gw": "lord",
"sense": "lord",
"norm": "bēlīya",
"pos": "N",
"epos": "N"}
}
,
{
"node": "d",
"type": "line-start",
"ref": "P237256.41",
"n": "16'",
"label": "r 16'"}
,
{
"node": "l",
"frag": "[lu]-⸢bi⸣-lu-šu₂",
"id": "P237256.l04c64",
"ref": "P237256.41.1",
"inst": "+wabālu[bring]V$lūbilūšu",
"sig": "@saao/saa18%akk-x-neobab:lu-bi-lu-šu₂=wabālu[bring//bring]V'V$lūbilūšu",
"f": {"lang": "akk-x-neobab",
"form": "lu-bi-lu-šu₂",
"cf": "wabālu",
"gw": "bring",
"sense": "bring",
"norm": "lūbilūšu",
"pos": "V",
"epos": "V"}
}
,
{
"node": "l",
"frag": "ia-a-nu",
"id": "P237256.l04c65",
"ref": "P237256.41.2",
"inst": "+yānu[(there) is not//otherwise]V'AV$",
"sig": "@saao/saa18%akk-x-neobab:ia-a-nu=yānu[(there) is not//otherwise]V'AV$yānu",
"f": {"lang": "akk-x-neobab",
"form": "ia-a-nu",
"cf": "yānu",
"gw": "(there) is not",
"sense": "otherwise",
"norm": "yānu",
"pos": "V",
"epos": "AV"}
}
,
{
"node": "l",
"frag": "⸢ki-i⸣",
"id": "P237256.l04c66",
"ref": "P237256.41.3",
"inst": "kî[in accordance with]PRP",
"sig": "@saao/saa18%akk-x-neobab:ki-i=kī[like//in accordance with]PRP'PRP$kî",
"f": {"lang": "akk-x-neobab",
"form": "ki-i",
"cf": "kī",
"gw": "like",
"sense": "in accordance with",
"norm": "kî",
"pos": "PRP",
"epos": "PRP"}
}
,
{
"node": "l",
"frag": "ša₂",
"id": "P237256.l04c67",
"ref": "P237256.41.4",
"inst": "ša[what]REL",
"sig": "@saao/saa18%akk-x-neobab:ša₂=ša[that//what]REL'REL$ša",
"f": {"lang": "akk-x-neobab",
"form": "ša₂",
"cf": "ša",
"gw": "that",
"sense": "what",
"norm": "ša",
"pos": "REL",
"epos": "REL"}
}
,
{
"node": "l",
"frag": "LUGAL",
"id": "P237256.l04c68",
"ref": "P237256.41.5",
"inst": "šarru[king]N",
"sig": "@saao/saa18%akk-x-neobab:LUGAL=šarru[king//king]N'N$šarru",
"f": {"lang": "akk-x-neobab",
"form": "LUGAL",
"cf": "šarru",
"gw": "king",
"sense": "king",
"norm": "šarru",
"pos": "N",
"epos": "N"}
}
,
{
"node": "l",
"frag": "EN-a",
"id": "P237256.l04c69",
"ref": "P237256.41.6",
"inst": "+bēlu[lord]N$bēlā",
"sig": "@saao/saa18%akk-x-neobab:EN-a=bēlu[lord//lord]N'N$bēlā",
"f": {"lang": "akk-x-neobab",
"form": "EN-a",
"cf": "bēlu",
"gw": "lord",
"sense": "lord",
"norm": "bēlā",
"pos": "N",
"epos": "N"}
}
,
{
"node": "d",
"subtype": "right",
"type": "surface",
"ref": "P237256.r.e..42",
"type": "right",
"label": "r.e."}
,
{
"node": "d",
"type": "line-start",
"ref": "P237256.43",
"n": "17",
"label": "r.e. 17"}
,
{
"node": "l",
"frag": "[i]-⸢le⸣-ʾu-u₂",
"id": "P237256.l04c6a",
"ref": "P237256.43.1",
"inst": "+leʾû[be able//deem]V'V$ileʾʾû",
"sig": "@saao/saa10%akk-x-neobab:i-le-ʾu-u₂=leʾû[be able//deem]V'V$ileʾʾû",
"f": {"lang": "akk-x-neobab",
"form": "i-le-ʾu-u₂",
"cf": "leʾû",
"gw": "be able",
"sense": "deem",
"norm": "ileʾʾû",
"pos": "V",
"epos": "V"}
}
,
{
"node": "l",
"frag": "li-pu-uš",
"id": "P237256.l04c6b",
"ref": "P237256.43.2",
"inst": "līpuš[do]V",
"sig": "@saao/saa18%akk-x-neobab:li-pu-uš=epēšu[do//settle]V'V$līpuš",
"f": {"lang": "akk-x-neobab",
"form": "li-pu-uš",
"cf": "epēšu",
"gw": "do",
"sense": "settle",
"norm": "līpuš",
"pos": "V",
"epos": "V"}
}
]}
]}
]}
]}
