{
"type": "cdl",
  "source": "http://oracc.org/saao/saa18",
  "license": "This data is released under the CC0 license",
  "license-url": "https://creativecommons.org/publicdomain/zero/1.0/",
  "more-info": "http://oracc.org/doc/opendata/",
  "UTC-timestamp": "2017-05-19T12:00:58",
"project": "saao/saa18",
"textid": "P237977",
"cdl": [
{
"node": "c",
"type": "text",
"id": "P237977.U0",
"cdl": [
{
"node": "d",
"type": "object",
"ref": ""}
,
{
"node": "d",
"subtype": "obverse",
"type": "surface",
"ref": "P237977.o.1",
"type": "obverse",
"label": "o"}
,
{
"node": "d",
"type": "nonx",
"ref": "P237977.2",
"strict": "0",
"extent": "beginning",
"state": "missing"}
,
{
"node": "c",
"type": "discourse",
"subtype": "body",
"id": "P237977.U1",
"cdl": [
{
"node": "c",
"type": "sentence",
"id": "P237977.U2",
"label": "o 1' - e. 1",
"cdl": [
{
"node": "d",
"type": "line-start",
"ref": "P237977.3",
"n": "1'",
"label": "o 1'"}
,
{
"node": "l",
"frag": "⸢x⸣+[x",
"id": "P237977.l038c5",
"ref": "P237977.3.1",
"inst": "u",
"f": {"lang": "akk-x-neobab",
"form": "x+x",
"pos": "u"}
}
,
{
"node": "l",
"frag": "x",
"id": "P237977.l038c6",
"ref": "P237977.3.2",
"inst": "u",
"f": {"lang": "akk-x-neobab",
"form": "x",
"pos": "u"}
}
,
{
"node": "l",
"frag": "x",
"id": "P237977.l038c7",
"ref": "P237977.3.3",
"inst": "u",
"f": {"lang": "akk-x-neobab",
"form": "x",
"pos": "u"}
}
,
{
"node": "l",
"frag": "x",
"id": "P237977.l038c8",
"ref": "P237977.3.4",
"inst": "u",
"f": {"lang": "akk-x-neobab",
"form": "x",
"pos": "u"}
}
,
{
"node": "l",
"frag": "x",
"id": "P237977.l038c9",
"ref": "P237977.3.5",
"inst": "u",
"f": {"lang": "akk-x-neobab",
"form": "x",
"pos": "u"}
}
,
{
"node": "l",
"frag": "x]",
"id": "P237977.l038ca",
"ref": "P237977.3.6",
"inst": "u",
"f": {"lang": "akk-x-neobab",
"form": "x",
"pos": "u"}
}
,
{
"node": "d",
"type": "line-start",
"ref": "P237977.4",
"n": "2'",
"label": "o 2'"}
,
{
"node": "l",
"frag": "ih-[x",
"id": "P237977.l038cb",
"ref": "P237977.4.1",
"inst": "u",
"f": {"lang": "akk-x-neobab",
"form": "ih-x",
"pos": "u"}
}
,
{
"node": "l",
"frag": "x]",
"id": "P237977.l038cc",
"ref": "P237977.4.2",
"inst": "u",
"f": {"lang": "akk-x-neobab",
"form": "x",
"pos": "u"}
}
,
{
"node": "l",
"frag": "um",
"id": "P237977.l038cd",
"ref": "P237977.4.3",
"inst": "u",
"f": {"lang": "akk-x-neobab",
"form": "um",
"pos": "u"}
}
,
{
"node": "l",
"frag": "⸢x⸣+[x",
"id": "P237977.l038ce",
"ref": "P237977.4.4",
"inst": "u",
"f": {"lang": "akk-x-neobab",
"form": "x+x",
"pos": "u"}
}
,
{
"node": "l",
"frag": "x",
"id": "P237977.l038cf",
"ref": "P237977.4.5",
"inst": "u",
"f": {"lang": "akk-x-neobab",
"form": "x",
"pos": "u"}
}
,
{
"node": "l",
"frag": "x]",
"id": "P237977.l038d0",
"ref": "P237977.4.6",
"inst": "u",
"f": {"lang": "akk-x-neobab",
"form": "x",
"pos": "u"}
}
,
{
"node": "d",
"type": "line-start",
"ref": "P237977.5",
"n": "3'",
"label": "o 3'"}
,
{
"node": "l",
"frag": "⸢i-na⸣",
"id": "P237977.l038d1",
"ref": "P237977.5.1",
"inst": "ina[in]PRP",
"sig": "@saao/saa18%akk-x-neobab:i-na=ina[in//in]PRP'PRP$ina",
"f": {"lang": "akk-x-neobab",
"form": "i-na",
"cf": "ina",
"gw": "in",
"sense": "in",
"norm": "ina",
"pos": "PRP",
"epos": "PRP"}
}
,
{
"node": "l",
"frag": "ti-[il-ti]",
"id": "P237977.l038d2",
"ref": "P237977.5.2",
"inst": "+tēltu[saying]N$tīlti",
"sig": "@saao/saa18%akk-x-neobab:ti-il-ti=tēltu[saying//saying]N'N$tīlti",
"f": {"lang": "akk-x-neobab",
"form": "ti-il-ti",
"cf": "tēltu",
"gw": "saying",
"sense": "saying",
"norm": "tīlti",
"pos": "N",
"epos": "N"}
}
,
{
"node": "d",
"type": "line-start",
"ref": "P237977.6",
"n": "4'",
"label": "o 4'"}
,
{
"node": "l",
"frag": "ša",
"id": "P237977.l038d3",
"ref": "P237977.6.1",
"inst": "ša[of]DET",
"sig": "@saao/saa18%akk-x-neobab:ša=ša[of//of]DET'DET$ša",
"f": {"lang": "akk-x-neobab",
"form": "ša",
"cf": "ša",
"gw": "of",
"sense": "of",
"norm": "ša",
"pos": "DET",
"epos": "DET"}
}
,
{
"node": "l",
"frag": "pi-i",
"id": "P237977.l038d4",
"ref": "P237977.6.2",
"inst": "pî[mouth]N",
"sig": "@saao/saa18%akk-x-neobab:pi-i=pû[mouth//mouth]N'N$pî",
"f": {"lang": "akk-x-neobab",
"form": "pi-i",
"cf": "pû",
"gw": "mouth",
"sense": "mouth",
"norm": "pî",
"pos": "N",
"epos": "N"}
}
,
{
"node": "l",
"frag": "UN-MEŠ",
"id": "P237977.l038d5",
"ref": "P237977.6.3",
"inst": "nišī[people]N",
"sig": "@saao/saa18%akk-x-neobab:UN-MEŠ=nišu[people//people]N'N$nišī",
"f": {"lang": "akk-x-neobab",
"form": "UN-MEŠ",
"cf": "nišu",
"gw": "people",
"sense": "people",
"norm": "nišī",
"pos": "N",
"epos": "N"}
}
,
{
"node": "l",
"frag": "[ša₂-kin",
"id": "P237977.l038d6",
"ref": "P237977.6.4",
"inst": "šakin[placed]AJ",
"sig": "@saao/saa18%akk-x-neobab:ša₂-kin=šaknu[placed//placed]AJ'AJ$šakin",
"f": {"lang": "akk-x-neobab",
"form": "ša₂-kin",
"cf": "šaknu",
"gw": "placed",
"sense": "placed",
"norm": "šakin",
"pos": "AJ",
"epos": "AJ"}
}
,
{
"node": "l",
"frag": "um-ma]",
"id": "P237977.l038d7",
"ref": "P237977.6.5",
"inst": "umma[saying]PRP",
"sig": "@saao/saa18%akk-x-neobab:um-ma=umma[saying//saying]PRP'PRP$umma",
"f": {"lang": "akk-x-neobab",
"form": "um-ma",
"cf": "umma",
"gw": "saying",
"sense": "saying",
"norm": "umma",
"pos": "PRP",
"epos": "PRP"}
}
,
{
"node": "d",
"type": "line-start",
"ref": "P237977.7",
"n": "5'",
"label": "o 5'"}
,
{
"node": "l",
"frag": "a-na",
"id": "P237977.l038d8",
"ref": "P237977.7.1",
"inst": "ana[for]PRP",
"sig": "@saao/saa18%akk-x-neobab:a-na=ana[to//for]PRP'PRP$ana",
"f": {"lang": "akk-x-neobab",
"form": "a-na",
"cf": "ana",
"gw": "to",
"sense": "for",
"norm": "ana",
"pos": "PRP",
"epos": "PRP"}
}
,
{
"node": "l",
"frag": "UD-me",
"id": "P237977.l038d9",
"ref": "P237977.7.2",
"inst": "ūme[day]N",
"sig": "@saao/saa18%akk-x-neobab:UD-me=ūmu[day//day]N'N$ūme",
"f": {"lang": "akk-x-neobab",
"form": "UD-me",
"cf": "ūmu",
"gw": "day",
"sense": "day",
"norm": "ūme",
"pos": "N",
"epos": "N"}
}
,
{
"node": "l",
"frag": "an-ni-e",
"id": "P237977.l038da",
"ref": "P237977.7.3",
"inst": "+annû[this]DP$annê",
"sig": "@saao/saa18%akk-x-neobab:an-ni-e=annû[this//this]DP'DP$annê",
"f": {"lang": "akk-x-neobab",
"form": "an-ni-e",
"cf": "annû",
"gw": "this",
"sense": "this",
"norm": "annê",
"pos": "DP",
"epos": "DP"}
}
,
{
"node": "d",
"type": "line-start",
"ref": "P237977.8",
"n": "6'",
"label": "o 6'"}
,
{
"node": "l",
"frag": "um-mu",
"id": "P237977.l038db",
"ref": "P237977.8.1",
"inst": "+ummu[mother]N$",
"sig": "@saao/saa18%akk-x-neobab:um-mu=ummu[mother//mother]N'N$ummu",
"f": {"lang": "akk-x-neobab",
"form": "um-mu",
"cf": "ummu",
"gw": "mother",
"sense": "mother",
"norm": "ummu",
"pos": "N",
"epos": "N"}
}
,
{
"node": "l",
"frag": "tu-ra-bi-ma",
"id": "P237977.l038dc",
"ref": "P237977.8.2",
"inst": "+rabû[be(come) big//raise (child)]V'V$turabbīma",
"sig": "@saao/saa18%akk-x-neobab:tu-ra-bi-ma=rabû[be(come) big//raise (child)]V'V$turabbīma",
"f": {"lang": "akk-x-neobab",
"form": "tu-ra-bi-ma",
"cf": "rabû",
"gw": "be(come) big",
"sense": "raise (child)",
"norm": "turabbīma",
"pos": "V",
"epos": "V"}
}
,
{
"node": "d",
"type": "line-start",
"ref": "P237977.9",
"n": "7'",
"label": "o 7'"}
,
{
"node": "l",
"frag": "ma-ra-ti-ma",
"id": "P237977.l038dd",
"ref": "P237977.9.1",
"inst": "+mārtu[daughter]N$mārātīma",
"sig": "@saao/saa18%akk-x-neobab:ma-ra-ti-ma=mārtu[daughter//daughter]N'N$mārātīma",
"f": {"lang": "akk-x-neobab",
"form": "ma-ra-ti-ma",
"cf": "mārtu",
"gw": "daughter",
"sense": "daughter",
"norm": "mārātīma",
"pos": "N",
"epos": "N"}
}
,
{
"node": "d",
"type": "line-start",
"ref": "P237977.10",
"n": "8'",
"label": "o 8'"}
,
{
"node": "l",
"frag": "i-na",
"id": "P237977.l038de",
"ref": "P237977.10.1",
"inst": "ina[in]PRP",
"sig": "@saao/saa18%akk-x-neobab:i-na=ina[in//in]PRP'PRP$ina",
"f": {"lang": "akk-x-neobab",
"form": "i-na",
"cf": "ina",
"gw": "in",
"sense": "in",
"norm": "ina",
"pos": "PRP",
"epos": "PRP"}
}
,
{
"node": "l",
"frag": "pa-na-a-ti",
"id": "P237977.l038df",
"ref": "P237977.10.2",
"inst": "+pānītu[earlier (time)]N$pānāti",
"sig": "@saao/saa18%akk-x-neobab:pa-na-a-ti=pānītu[earlier (time)//earlier (time)]N'N$pānāti",
"f": {"lang": "akk-x-neobab",
"form": "pa-na-a-ti",
"cf": "pānītu",
"gw": "earlier (time)",
"sense": "earlier (time)",
"norm": "pānāti",
"pos": "N",
"epos": "N"}
}
,
{
"node": "d",
"type": "line-start",
"ref": "P237977.11",
"n": "9'",
"label": "o 9'"}
,
{
"node": "l",
"frag": "ta-qab-bi",
"id": "P237977.l038e0",
"ref": "P237977.11.1",
"inst": "taqabbi[say]V",
"sig": "@saao/saa18%akk-x-neobab:ta-qab-bi=qabû[say//say]V'V$taqabbi",
"f": {"lang": "akk-x-neobab",
"form": "ta-qab-bi",
"cf": "qabû",
"gw": "say",
"sense": "say",
"norm": "taqabbi",
"pos": "V",
"epos": "V"}
}
,
{
"node": "l",
"frag": "um-ma",
"id": "P237977.l038e1",
"ref": "P237977.11.2",
"inst": "umma[saying]PRP",
"sig": "@saao/saa18%akk-x-neobab:um-ma=umma[saying//saying]PRP'PRP$umma",
"f": {"lang": "akk-x-neobab",
"form": "um-ma",
"cf": "umma",
"gw": "saying",
"sense": "saying",
"norm": "umma",
"pos": "PRP",
"epos": "PRP"}
}
,
{
"node": "d",
"type": "line-start",
"ref": "P237977.12",
"n": "10'",
"label": "o 10'"}
,
{
"node": "l",
"frag": "<$ana-ku$>",
"id": "P237977.l038e2",
"ref": "P237977.12.1",
"inst": "anāku[I]IP",
"sig": "@saao/saa18%akk-x-neobab:ana-ku=anāku[I//I]IP'IP$anāku",
"f": {"lang": "akk-x-neobab",
"form": "ana-ku",
"cf": "anāku",
"gw": "I",
"sense": "I",
"norm": "anāku",
"pos": "IP",
"epos": "IP"}
}
,
{
"node": "l",
"frag": "i-di",
"id": "P237977.l038e3",
"ref": "P237977.12.2",
"inst": "īdī[know]V",
"sig": "@saao/saa18%akk-x-neobab:i-di=wadû[know//know]V'V$īdī",
"f": {"lang": "akk-x-neobab",
"form": "i-di",
"cf": "wadû",
"gw": "know",
"sense": "know",
"norm": "īdī",
"pos": "V",
"epos": "V"}
}
,
{
"node": "d",
"type": "line-start",
"ref": "P237977.13",
"n": "11'",
"label": "o 11'"}
,
{
"node": "l",
"frag": "ki-i",
"id": "P237977.l038e4",
"ref": "P237977.13.1",
"inst": "kî[that]'SBJ",
"sig": "@saao/saa18%akk-x-neobab:ki-i=kī[like//that]PRP'SBJ$kî",
"f": {"lang": "akk-x-neobab",
"form": "ki-i",
"cf": "kī",
"gw": "like",
"sense": "that",
"norm": "kî",
"pos": "PRP",
"epos": "SBJ"}
}
,
{
"node": "l",
"frag": "bal-ṭa-a-ti",
"id": "P237977.l038e5",
"ref": "P237977.13.2",
"inst": "+balṭu[living//alive]AJ'AJ$balṭāti",
"sig": "@saao/saa18%akk-x-neobab:bal-ṭa-a-ti=balṭu[living//alive]AJ'AJ$balṭāti",
"f": {"lang": "akk-x-neobab",
"form": "bal-ṭa-a-ti",
"cf": "balṭu",
"gw": "living",
"sense": "alive",
"norm": "balṭāti",
"pos": "AJ",
"epos": "AJ"}
}
,
{
"node": "d",
"type": "line-start",
"ref": "P237977.14",
"n": "12'",
"label": "o 12'"}
,
{
"node": "l",
"frag": "u₃",
"id": "P237977.l038e6",
"ref": "P237977.14.1",
"inst": "u[and]CNJ",
"sig": "@saao/saa18%akk-x-neobab:u₃=u[and//and]CNJ'CNJ$u",
"f": {"lang": "akk-x-neobab",
"form": "u₃",
"cf": "u",
"gw": "and",
"sense": "and",
"norm": "u",
"pos": "CNJ",
"epos": "CNJ"}
}
,
{
"node": "l",
"frag": "en-na",
"id": "P237977.l038e7",
"ref": "P237977.14.2",
"inst": "enna[now]AV",
"sig": "@saao/saa18%akk-x-neobab:en-na=enna[now//now]AV'AV$enna",
"f": {"lang": "akk-x-neobab",
"form": "en-na",
"cf": "enna",
"gw": "now",
"sense": "now",
"norm": "enna",
"pos": "AV",
"epos": "AV"}
}
,
{
"node": "l",
"frag": "LUGAL",
"id": "P237977.l038e8",
"ref": "P237977.14.3",
"inst": "šarru[king]N",
"sig": "@saao/saa18%akk-x-neobab:LUGAL=šarru[king//king]N'N$šarru",
"f": {"lang": "akk-x-neobab",
"form": "LUGAL",
"cf": "šarru",
"gw": "king",
"sense": "king",
"norm": "šarru",
"pos": "N",
"epos": "N"}
}
,
{
"node": "l",
"frag": "be-li₂-a",
"id": "P237977.l038e9",
"ref": "P237977.14.4",
"inst": "bēlā[lord]N",
"sig": "@saao/saa18%akk-x-neobab:be-li₂-a=bēlu[lord//lord]N'N$bēlā",
"f": {"lang": "akk-x-neobab",
"form": "be-li₂-a",
"cf": "bēlu",
"gw": "lord",
"sense": "lord",
"norm": "bēlā",
"pos": "N",
"epos": "N"}
}
,
{
"node": "d",
"type": "line-start",
"ref": "P237977.15",
"n": "13'",
"label": "o 13'"}
,
{
"node": "l",
"frag": "re-⸢ma⸣-nu-u₂",
"id": "P237977.l038ea",
"ref": "P237977.15.1",
"inst": "+rēmēnû[merciful]AJ$rēmānû",
"sig": "@saao/saa18%akk-x-neobab:re-ma-nu-u₂=rēmēnû[merciful//merciful]AJ'AJ$rēmānû",
"f": {"lang": "akk-x-neobab",
"form": "re-ma-nu-u₂",
"cf": "rēmēnû",
"gw": "merciful",
"sense": "merciful",
"norm": "rēmānû",
"pos": "AJ",
"epos": "AJ"}
}
,
{
"node": "l",
"frag": "šu-u",
"id": "P237977.l038eb",
"ref": "P237977.15.2",
"inst": "šû[he]IP",
"sig": "@saao/saa18%akk-x-neobab:šu-u=šū[he//he]IP'IP$šû",
"f": {"lang": "akk-x-neobab",
"form": "šu-u",
"cf": "šū",
"gw": "he",
"sense": "he",
"norm": "šû",
"pos": "IP",
"epos": "IP"}
}
,
{
"node": "d",
"subtype": "reverse",
"type": "surface",
"ref": "P237977.r.16",
"type": "reverse",
"label": "r"}
,
{
"node": "d",
"type": "line-start",
"ref": "P237977.17",
"n": "1",
"label": "r 1"}
,
{
"node": "l",
"frag": "ina",
"id": "P237977.l038ec",
"ref": "P237977.17.1",
"inst": "ina[in]PRP",
"sig": "@saao/saa18%akk-x-neobab:ina=ina[in//in]PRP'PRP$ina",
"f": {"lang": "akk-x-neobab",
"form": "ina",
"cf": "ina",
"gw": "in",
"sense": "in",
"norm": "ina",
"pos": "PRP",
"epos": "PRP"}
}
,
{
"node": "l",
"frag": "pa-ni-ka",
"id": "P237977.l038ed",
"ref": "P237977.17.2",
"inst": "pānīka[front]N",
"sig": "@saao/saa18%akk-x-neobab:pa-ni-ka=pānu[front//front]N'N$pānīka",
"f": {"lang": "akk-x-neobab",
"form": "pa-ni-ka",
"cf": "pānu",
"gw": "front",
"sense": "front",
"norm": "pānīka",
"pos": "N",
"epos": "N"}
}
,
{
"node": "l",
"frag": "ul-te-ṣa-an-ni",
"id": "P237977.l038ee",
"ref": "P237977.17.3",
"inst": "+aṣû[go out//bring out]V'V$ultēṣanni",
"sig": "@saao/saa18%akk-x-neobab:ul-te-ṣa-an-ni=aṣû[go out//bring out]V'V$ultēṣanni",
"f": {"lang": "akk-x-neobab",
"form": "ul-te-ṣa-an-ni",
"cf": "aṣû",
"gw": "go out",
"sense": "bring out",
"norm": "ultēṣanni",
"pos": "V",
"epos": "V"}
}
,
{
"node": "d",
"type": "line-start",
"ref": "P237977.18",
"n": "2",
"label": "r 2"}
,
{
"node": "l",
"frag": "at-ta",
"id": "P237977.l038ef",
"ref": "P237977.18.1",
"inst": "atta[you]IP",
"sig": "@saao/saa18%akk-x-neobab:at-ta=atta[you//you]IP'IP$atta",
"f": {"lang": "akk-x-neobab",
"form": "at-ta",
"cf": "atta",
"gw": "you",
"sense": "you",
"norm": "atta",
"pos": "IP",
"epos": "IP"}
}
,
{
"node": "d",
"frag": ":",
"type": "nonw",
"ref": "P237977.18.2",
"lang": "akk-x-neobab",
"type": "punct",
"gdl_delim": " "}
,
{
"node": "l",
"frag": "ta-tam-ra-an-ni",
"id": "P237977.l038f0",
"ref": "P237977.18.3",
"inst": "+amāru[see]V$tātamranni",
"sig": "@saao/saa18%akk-x-neobab:ta-tam-ra-an-ni=amāru[see//see]V'V$tātamranni",
"f": {"lang": "akk-x-neobab",
"form": "ta-tam-ra-an-ni",
"cf": "amāru",
"gw": "see",
"sense": "see",
"norm": "tātamranni",
"pos": "V",
"epos": "V"}
}
,
{
"node": "d",
"type": "line-start",
"ref": "P237977.19",
"n": "3",
"label": "r 3"}
,
{
"node": "l",
"frag": "ti-i-di",
"id": "P237977.l038f1",
"ref": "P237977.19.1",
"inst": "+wadû[know]V$tīdī",
"sig": "@saao/saa18%akk-x-neobab:ti-i-di=wadû[know//know]V'V$tīdī",
"f": {"lang": "akk-x-neobab",
"form": "ti-i-di",
"cf": "wadû",
"gw": "know",
"sense": "know",
"norm": "tīdī",
"pos": "V",
"epos": "V"}
}
,
{
"node": "d",
"frag": ":",
"type": "nonw",
"ref": "P237977.19.2",
"lang": "akk-x-neobab",
"type": "punct",
"gdl_delim": " "}
,
{
"node": "l",
"frag": "ki-i",
"id": "P237977.l038f2",
"ref": "P237977.19.3",
"inst": "kî[that]'SBJ",
"sig": "@saao/saa18%akk-x-neobab:ki-i=kī[like//that]PRP'SBJ$kî",
"f": {"lang": "akk-x-neobab",
"form": "ki-i",
"cf": "kī",
"gw": "like",
"sense": "that",
"norm": "kî",
"pos": "PRP",
"epos": "SBJ"}
}
,
{
"node": "d",
"type": "line-start",
"ref": "P237977.20",
"n": "4",
"label": "r 4"}
,
{
"node": "l",
"frag": "bal-ṭa-ku",
"id": "P237977.l038f3",
"ref": "P237977.20.1",
"inst": "+balṭu[living//alive]AJ'AJ$balṭāku",
"sig": "@saao/saa18%akk-x-neobab:bal-ṭa-ku=balṭu[living//alive]AJ'AJ$balṭāku",
"f": {"lang": "akk-x-neobab",
"form": "bal-ṭa-ku",
"cf": "balṭu",
"gw": "living",
"sense": "alive",
"norm": "balṭāku",
"pos": "AJ",
"epos": "AJ"}
}
,
{
"node": "l",
"frag": "mi-na-a",
"id": "P237977.l038f4",
"ref": "P237977.20.2",
"inst": "+mīnu[what?//why?]QP'QP$minâ",
"sig": "@saao/saa18%akk-x-neobab:mi-na-a=mīnu[what?//why?]QP'QP$minâ",
"f": {"lang": "akk-x-neobab",
"form": "mi-na-a",
"cf": "mīnu",
"gw": "what?",
"sense": "why?",
"norm": "minâ",
"pos": "QP",
"epos": "QP"}
}
,
{
"node": "d",
"type": "line-start",
"ref": "P237977.21",
"n": "5",
"label": "r 5"}
,
{
"node": "l",
"frag": "NINDA-MEŠ",
"id": "P237977.l038f5",
"ref": "P237977.21.1",
"inst": "aklū[bread]N",
"sig": "@saao/saa18%akk-x-neobab:NINDA-MEŠ=akalu[bread//bread]N'N$aklū",
"f": {"lang": "akk-x-neobab",
"form": "NINDA-MEŠ",
"cf": "akalu",
"gw": "bread",
"sense": "bread",
"norm": "aklū",
"pos": "N",
"epos": "N"}
}
,
{
"node": "l",
"frag": "e-ka-lu",
"id": "P237977.l038f6",
"ref": "P237977.21.2",
"inst": "+akālu[eat//eating]V'N$ekālu",
"sig": "@saao/saa18%akk-x-neobab:e-ka-lu=akālu[eat//eating]V'N$ekālu",
"f": {"lang": "akk-x-neobab",
"form": "e-ka-lu",
"cf": "akālu",
"gw": "eat",
"sense": "eating",
"norm": "ekālu",
"pos": "V",
"epos": "N"}
}
,
{
"node": "l",
"frag": "la",
"id": "P237977.l038f7",
"ref": "P237977.21.3",
"inst": "lā[not]MOD",
"sig": "@saao/saa18%akk-x-neobab:la=lā[not//not]MOD'MOD$lā",
"f": {"lang": "akk-x-neobab",
"form": "la",
"cf": "lā",
"gw": "not",
"sense": "not",
"norm": "lā",
"pos": "MOD",
"epos": "MOD"}
}
,
{
"node": "l",
"frag": "EN-MEŠ-šu₂",
"id": "P237977.l038f8",
"ref": "P237977.21.4",
"inst": "+bēlu[lord//owner]N'N$bēlēšu",
"sig": "@saao/saa18%akk-x-neobab:EN-MEŠ-šu₂=bēlu[lord//owner]N'N$bēlēšu",
"f": {"lang": "akk-x-neobab",
"form": "EN-MEŠ-šu₂",
"cf": "bēlu",
"gw": "lord",
"sense": "owner",
"norm": "bēlēšu",
"pos": "N",
"epos": "N"}
}
,
{
"node": "d",
"type": "line-start",
"ref": "P237977.22",
"n": "6",
"label": "r 6"}
,
{
"node": "l",
"frag": "u₃",
"id": "P237977.l038f9",
"ref": "P237977.22.1",
"inst": "u[and]CNJ",
"sig": "@saao/saa18%akk-x-neobab:u₃=u[and//and]CNJ'CNJ$u",
"f": {"lang": "akk-x-neobab",
"form": "u₃",
"cf": "u",
"gw": "and",
"sense": "and",
"norm": "u",
"pos": "CNJ",
"epos": "CNJ"}
}
,
{
"node": "l",
"frag": "a-na-ku",
"id": "P237977.l038fa",
"ref": "P237977.22.2",
"inst": "anāku[I]IP",
"sig": "@saao/saa18%akk-x-neobab:a-na-ku=anāku[I//I]IP'IP$anāku",
"f": {"lang": "akk-x-neobab",
"form": "a-na-ku",
"cf": "anāku",
"gw": "I",
"sense": "I",
"norm": "anāku",
"pos": "IP",
"epos": "IP"}
}
,
{
"node": "l",
"frag": "u₂-man-di",
"id": "P237977.l038fb",
"ref": "P237977.22.3",
"inst": "+wadû[know//recognize]V'V$umandi",
"sig": "@saao/saa18%akk-x-neobab:u₂-man-di=wadû[know//recognize]V'V$umandi",
"f": {"lang": "akk-x-neobab",
"form": "u₂-man-di",
"cf": "wadû",
"gw": "know",
"sense": "recognize",
"norm": "umandi",
"pos": "V",
"epos": "V"}
}
,
{
"node": "d",
"type": "line-start",
"ref": "P237977.23",
"n": "7",
"label": "r 7"}
,
{
"node": "l",
"frag": "ki-i",
"id": "P237977.l038fc",
"ref": "P237977.23.1",
"inst": "kî[that]'SBJ",
"sig": "@saao/saa18%akk-x-neobab:ki-i=kī[like//that]PRP'SBJ$kî",
"f": {"lang": "akk-x-neobab",
"form": "ki-i",
"cf": "kī",
"gw": "like",
"sense": "that",
"norm": "kî",
"pos": "PRP",
"epos": "SBJ"}
}
,
{
"node": "l",
"frag": "an-na-ak-ru",
"id": "P237977.l038fd",
"ref": "P237977.23.2",
"inst": "+nakāru[be(come) different//be(come) estranged]V'V$annakru",
"sig": "@saao/saa18%akk-x-neobab:an-na-ak-ru=nakāru[be(come) different//be(come) estranged]V'V$annakru",
"f": {"lang": "akk-x-neobab",
"form": "an-na-ak-ru",
"cf": "nakāru",
"gw": "be(come) different",
"sense": "be(come) estranged",
"norm": "annakru",
"pos": "V",
"epos": "V"}
}
,
{
"node": "d",
"type": "line-start",
"ref": "P237977.24",
"n": "8",
"label": "r 8"}
,
{
"node": "l",
"frag": "at-ta-nak-ka",
"id": "P237977.l038fe",
"ref": "P237977.24.1",
"inst": "+nadānu[give]V$attannakka",
"sig": "@saao/saa18%akk-x-neobab:at-ta-nak-ka=nadānu[give//give]V'V$attannakka",
"f": {"lang": "akk-x-neobab",
"form": "at-ta-nak-ka",
"cf": "nadānu",
"gw": "give",
"sense": "give",
"norm": "attannakka",
"pos": "V",
"epos": "V"}
}
,
{
"node": "d",
"type": "line-start",
"ref": "P237977.25",
"n": "9",
"label": "r 9"}
,
{
"node": "l",
"frag": "mi-na-a",
"id": "P237977.l038ff",
"ref": "P237977.25.1",
"inst": "+mīnu[what?]QP$minâ",
"sig": "@saao/saa18%akk-x-neobab:mi-na-a=mīnu[what?//why?]QP'QP$minâ",
"f": {"lang": "akk-x-neobab",
"form": "mi-na-a",
"cf": "mīnu",
"gw": "what?",
"sense": "why?",
"norm": "minâ",
"pos": "QP",
"epos": "QP"}
}
,
{
"node": "l",
"frag": "ina",
"id": "P237977.l03900",
"ref": "P237977.25.2",
"inst": "ina[in]PRP",
"sig": "@saao/saa18%akk-x-neobab:ina=ina[in//in]PRP'PRP$ina",
"f": {"lang": "akk-x-neobab",
"form": "ina",
"cf": "ina",
"gw": "in",
"sense": "in",
"norm": "ina",
"pos": "PRP",
"epos": "PRP"}
}
,
{
"node": "l",
"frag": "DI-me-ku-nu",
"id": "P237977.l03901",
"ref": "P237977.25.3",
"inst": "+šulmu[completeness//health]N'N$šulmekunu",
"sig": "@saao/saa18%akk-x-neobab:DI-me-ku-nu=šulmu[completeness//health]N'N$šulmekunu",
"f": {"lang": "akk-x-neobab",
"form": "DI-me-ku-nu",
"cf": "šulmu",
"gw": "completeness",
"sense": "health",
"norm": "šulmekunu",
"pos": "N",
"epos": "N"}
}
,
{
"node": "d",
"type": "line-start",
"ref": "P237977.26",
"n": "10",
"label": "r 10"}
,
{
"node": "l",
"frag": "ta-ka-la",
"id": "P237977.l03902",
"ref": "P237977.26.1",
"inst": "+akālu[eat]V$takkalā",
"sig": "@saao/saa18%akk-x-neobab:ta-ka-la=akālu[eat//eat]V'V$takkalā",
"f": {"lang": "akk-x-neobab",
"form": "ta-ka-la",
"cf": "akālu",
"gw": "eat",
"sense": "eat",
"norm": "takkalā",
"pos": "V",
"epos": "V"}
}
,
{
"node": "l",
"frag": "it-ti-⸢ku⸣-[nu]",
"id": "P237977.l03903",
"ref": "P237977.26.2",
"inst": "+itti[with]PRP$ittikunu",
"sig": "@saao/saa18%akk-x-neobab:it-ti-ku-nu=itti[with//with]PRP'PRP$ittikunu",
"f": {"lang": "akk-x-neobab",
"form": "it-ti-ku-nu",
"cf": "itti",
"gw": "with",
"sense": "with",
"norm": "ittikunu",
"pos": "PRP",
"epos": "PRP"}
}
,
{
"node": "d",
"type": "line-start",
"ref": "P237977.27",
"n": "11",
"label": "r 11"}
,
{
"node": "l",
"frag": "01",
"id": "P237977.l03904",
"ref": "P237977.27.1",
"inst": "n",
"f": {"lang": "akk-x-neobab",
"form": "01",
"pos": "n"}
}
,
{
"node": "l",
"frag": "qa",
"id": "P237977.l03905",
"ref": "P237977.27.2",
"inst": "qâ[a unit of capacity]N",
"sig": "@saao/saa18%akk-x-neobab:qa=qû[unit//a unit of capacity]N'N$qâ",
"f": {"lang": "akk-x-neobab",
"form": "qa",
"cf": "qû",
"gw": "unit",
"sense": "a unit of capacity",
"norm": "qâ",
"pos": "N",
"epos": "N"}
}
,
{
"node": "l",
"frag": "NINDA-MEŠ",
"id": "P237977.l03906",
"ref": "P237977.27.3",
"inst": "aklū[bread]N",
"sig": "@saao/saa18%akk-x-neobab:NINDA-MEŠ=akalu[bread//bread]N'N$aklū",
"f": {"lang": "akk-x-neobab",
"form": "NINDA-MEŠ",
"cf": "akalu",
"gw": "bread",
"sense": "bread",
"norm": "aklū",
"pos": "N",
"epos": "N"}
}
,
{
"node": "l",
"frag": "lu-kul",
"id": "P237977.l03907",
"ref": "P237977.27.4",
"inst": "lūkul[eat]V",
"sig": "@saao/saa18%akk-x-neobab:lu-kul=akālu[eat//eat]V'V$lūkul",
"f": {"lang": "akk-x-neobab",
"form": "lu-kul",
"cf": "akālu",
"gw": "eat",
"sense": "eat",
"norm": "lūkul",
"pos": "V",
"epos": "V"}
}
,
{
"node": "l",
"frag": "a-mur",
"id": "P237977.l03908",
"ref": "P237977.27.5",
"inst": "+amāru[see]V$amur",
"sig": "@saao/saa18%akk-x-neobab:a-mur=amāru[see//see]V'V$amur",
"f": {"lang": "akk-x-neobab",
"form": "a-mur",
"cf": "amāru",
"gw": "see",
"sense": "see",
"norm": "amur",
"pos": "V",
"epos": "V"}
}
,
{
"node": "d",
"type": "line-start",
"ref": "P237977.28",
"n": "12",
"label": "r 12"}
,
{
"node": "l",
"frag": "ša",
"id": "P237977.l03909",
"ref": "P237977.28.1",
"inst": "ša[that]REL",
"sig": "@saao/saa18%akk-x-neobab:ša=ša[that//who]REL'REL$ša",
"f": {"lang": "akk-x-neobab",
"form": "ša",
"cf": "ša",
"gw": "that",
"sense": "who",
"norm": "ša",
"pos": "REL",
"epos": "REL"}
}
,
{
"node": "l",
"frag": "LUGAL",
"id": "P237977.l0390a",
"ref": "P237977.28.2",
"inst": "šarru[king]N",
"sig": "@saao/saa18%akk-x-neobab:LUGAL=šarru[king//king]N'N$šarru",
"f": {"lang": "akk-x-neobab",
"form": "LUGAL",
"cf": "šarru",
"gw": "king",
"sense": "king",
"norm": "šarru",
"pos": "N",
"epos": "N"}
}
,
{
"node": "l",
"frag": "be-li₂-⸢ia⸣",
"id": "P237977.l0390b",
"ref": "P237977.28.3",
"inst": "+bēlu[lord]N$bēlā",
"sig": "@saao/saa18%akk-x-neobab:be-li₂-ia=bēlu[lord//lord]N'N$bēlā",
"f": {"lang": "akk-x-neobab",
"form": "be-li₂-ia",
"cf": "bēlu",
"gw": "lord",
"sense": "lord",
"norm": "bēlā",
"pos": "N",
"epos": "N"}
}
,
{
"node": "d",
"type": "line-start",
"ref": "P237977.29",
"n": "13",
"label": "r 13"}
,
{
"node": "l",
"frag": "re-ma-nu-u₂",
"id": "P237977.l0390c",
"ref": "P237977.29.1",
"inst": "rēmānû[merciful]AJ",
"sig": "@saao/saa18%akk-x-neobab:re-ma-nu-u₂=rēmēnû[merciful//merciful]AJ'AJ$rēmānû",
"f": {"lang": "akk-x-neobab",
"form": "re-ma-nu-u₂",
"cf": "rēmēnû",
"gw": "merciful",
"sense": "merciful",
"norm": "rēmānû",
"pos": "AJ",
"epos": "AJ"}
}
,
{
"node": "l",
"frag": "⸢šu⸣-[u]",
"id": "P237977.l0390d",
"ref": "P237977.29.2",
"inst": "šû[he]IP",
"sig": "@saao/saa18%akk-x-neobab:šu-u=šū[he//he]IP'IP$šû",
"f": {"lang": "akk-x-neobab",
"form": "šu-u",
"cf": "šū",
"gw": "he",
"sense": "he",
"norm": "šû",
"pos": "IP",
"epos": "IP"}
}
,
{
"node": "d",
"type": "line-start",
"ref": "P237977.30",
"n": "14",
"label": "r 14"}
,
{
"node": "l",
"frag": "ina",
"id": "P237977.l0390e",
"ref": "P237977.30.1",
"inst": "ina[in]PRP",
"sig": "@saao/saa18%akk-x-neobab:ina=ina[in//in]PRP'PRP$ina",
"f": {"lang": "akk-x-neobab",
"form": "ina",
"cf": "ina",
"gw": "in",
"sense": "in",
"norm": "ina",
"pos": "PRP",
"epos": "PRP"}
}
,
{
"node": "l",
"frag": "ši-bu-ti",
"id": "P237977.l0390f",
"ref": "P237977.30.2",
"inst": "+šībūtu[old age]N$šībūti",
"sig": "@saao/saa18%akk-x-neobab:ši-bu-ti=šībūtu[old age//old age]N'N$šībūti",
"f": {"lang": "akk-x-neobab",
"form": "ši-bu-ti",
"cf": "šībūtu",
"gw": "old age",
"sense": "old age",
"norm": "šībūti",
"pos": "N",
"epos": "N"}
}
,
{
"node": "l",
"frag": "[x",
"id": "P237977.l03910",
"ref": "P237977.30.3",
"inst": "u",
"f": {"lang": "akk-x-neobab",
"form": "x",
"pos": "u"}
}
,
{
"node": "l",
"frag": "x",
"id": "P237977.l03911",
"ref": "P237977.30.4",
"inst": "u",
"f": {"lang": "akk-x-neobab",
"form": "x",
"pos": "u"}
}
,
{
"node": "l",
"frag": "x]",
"id": "P237977.l03912",
"ref": "P237977.30.5",
"inst": "u",
"f": {"lang": "akk-x-neobab",
"form": "x",
"pos": "u"}
}
,
{
"node": "d",
"type": "line-start",
"ref": "P237977.31",
"n": "15",
"label": "r 15"}
,
{
"node": "l",
"frag": "[x",
"id": "P237977.l03913",
"ref": "P237977.31.1",
"inst": "u",
"f": {"lang": "akk-x-neobab",
"form": "x",
"pos": "u"}
}
,
{
"node": "l",
"frag": "x",
"id": "P237977.l03914",
"ref": "P237977.31.2",
"inst": "u",
"f": {"lang": "akk-x-neobab",
"form": "x",
"pos": "u"}
}
,
{
"node": "l",
"frag": "x]",
"id": "P237977.l03915",
"ref": "P237977.31.3",
"inst": "u",
"f": {"lang": "akk-x-neobab",
"form": "x",
"pos": "u"}
}
,
{
"node": "l",
"frag": "a-na",
"id": "P237977.l03916",
"ref": "P237977.31.4",
"inst": "ana[to]PRP",
"sig": "@saao/saa18%akk-x-neobab:a-na=ana[to//to]PRP'PRP$ana",
"f": {"lang": "akk-x-neobab",
"form": "a-na",
"cf": "ana",
"gw": "to",
"sense": "to",
"norm": "ana",
"pos": "PRP",
"epos": "PRP"}
}
,
{
"node": "l",
"frag": "[x",
"id": "P237977.l03917",
"ref": "P237977.31.5",
"inst": "u",
"f": {"lang": "akk-x-neobab",
"form": "x",
"pos": "u"}
}
,
{
"node": "l",
"frag": "x",
"id": "P237977.l03918",
"ref": "P237977.31.6",
"inst": "u",
"f": {"lang": "akk-x-neobab",
"form": "x",
"pos": "u"}
}
,
{
"node": "l",
"frag": "x]",
"id": "P237977.l03919",
"ref": "P237977.31.7",
"inst": "u",
"f": {"lang": "akk-x-neobab",
"form": "x",
"pos": "u"}
}
,
{
"node": "d",
"type": "nonx",
"ref": "P237977.32",
"strict": "0",
"extent": "rest",
"state": "missing"}
,
{
"node": "d",
"subtype": "edge",
"type": "surface",
"ref": "P237977.e..33",
"type": "edge",
"label": "e."}
,
{
"node": "d",
"type": "line-start",
"ref": "P237977.34",
"n": "1",
"label": "e. 1"}
,
{
"node": "l",
"frag": "{lu₂}A-KIN-ka",
"id": "P237977.l0391a",
"ref": "P237977.34.1",
"cof-tails": "P237977.l0391b",
"inst": "mār[son]N&šiprīka[sending]N",
"sig": "@saao/saa18%akk-x-neobab:{LU₂}A-KIN-ka=māru[son//son]N'N$mār&&@saao/saa18%akk-x-neobab:=šipru[sending//sending]N'N$šiprīka",
"f": {"lang": "akk-x-neobab",
"form": "{LU₂}A-KIN-ka",
"cf": "māru",
"gw": "son",
"sense": "son",
"norm": "mār",
"pos": "N",
"epos": "N"}
}
,
{
"node": "l",
"frag": "{lu₂}A-KIN-ka",
"id": "P237977.l0391b",
"ref": "P237977.34.1",
"cof-head": "P237977.l0391a",
"inst": "mār[son]N&šiprīka[sending]N",
"tail-sig": "@saao/saa18%akk-x-neobab:=šipru[sending//sending]N'N$šiprīka",
"f": {"lang": "akk-x-neobab",
"form": "{LU₂}A-KIN-ka",
"cf": "šipru",
"gw": "sending",
"sense": "sending",
"norm": "šiprīka",
"pos": "N",
"epos": "N"}
}
,
{
"node": "l",
"frag": "lu-mur",
"id": "P237977.l0391c",
"ref": "P237977.34.2",
"inst": "lūmur[see]V",
"sig": "@saao/saa18%akk-x-neobab:lu-mur=amāru[see//see]V'V$lūmur",
"f": {"lang": "akk-x-neobab",
"form": "lu-mur",
"cf": "amāru",
"gw": "see",
"sense": "see",
"norm": "lūmur",
"pos": "V",
"epos": "V"}
}
]}
]}
]}
]}
