{
"type": "cdl",
  "source": "http://oracc.org/saao/saa18",
  "license": "This data is released under the CC0 license",
  "license-url": "https://creativecommons.org/publicdomain/zero/1.0/",
  "more-info": "http://oracc.org/doc/opendata/",
  "UTC-timestamp": "2017-05-19T12:00:54",
"project": "saao/saa18",
"textid": "P237776",
"cdl": [
{
"node": "c",
"type": "text",
"id": "P237776.U0",
"cdl": [
{
"node": "d",
"type": "object",
"ref": ""}
,
{
"node": "d",
"subtype": "obverse",
"type": "surface",
"ref": "P237776.o.1",
"type": "obverse",
"label": "o"}
,
{
"node": "c",
"type": "discourse",
"subtype": "body",
"id": "P237776.U1",
"cdl": [
{
"node": "c",
"type": "sentence",
"id": "P237776.U2",
"label": "o 1 - e. 1",
"cdl": [
{
"node": "d",
"type": "line-start",
"ref": "P237776.2",
"n": "1",
"label": "o 1"}
,
{
"node": "l",
"frag": "a-na",
"id": "P237776.l05325",
"ref": "P237776.2.1",
"inst": "ana[to]PRP",
"sig": "@saao/saa18%akk-x-neobab:a-na=ana[to//to]PRP'PRP$ana",
"f": {"lang": "akk-x-neobab",
"form": "a-na",
"cf": "ana",
"gw": "to",
"sense": "to",
"norm": "ana",
"pos": "PRP",
"epos": "PRP"}
}
,
{
"node": "l",
"frag": "LUGAL",
"id": "P237776.l05326",
"ref": "P237776.2.2",
"inst": "šarri[king]N",
"sig": "@saao/saa18%akk-x-neobab:LUGAL=šarru[king//king]N'N$šarri",
"f": {"lang": "akk-x-neobab",
"form": "LUGAL",
"cf": "šarru",
"gw": "king",
"sense": "king",
"norm": "šarri",
"pos": "N",
"epos": "N"}
}
,
{
"node": "l",
"frag": "be-li₂-ia",
"id": "P237776.l05327",
"ref": "P237776.2.3",
"inst": "bēlīya[lord]N",
"sig": "@saao/saa18%akk-x-neobab:be-li₂-ia=bēlu[lord//lord]N'N$bēlīya",
"f": {"lang": "akk-x-neobab",
"form": "be-li₂-ia",
"cf": "bēlu",
"gw": "lord",
"sense": "lord",
"norm": "bēlīya",
"pos": "N",
"epos": "N"}
}
,
{
"node": "d",
"type": "line-start",
"ref": "P237776.3",
"n": "2",
"label": "o 2"}
,
{
"node": "l",
"frag": "{lu₂}ARAD-ka",
"id": "P237776.l05328",
"ref": "P237776.3.1",
"inst": "aradka[servant]N",
"sig": "@saao/saa18%akk-x-neobab:{LU₂}ARAD-ka=ardu[slave//servant]N'N$aradka",
"f": {"lang": "akk-x-neobab",
"form": "{LU₂}ARAD-ka",
"cf": "ardu",
"gw": "slave",
"sense": "servant",
"norm": "aradka",
"pos": "N",
"epos": "N"}
}
,
{
"node": "l",
"frag": "{1}kab-ti-ia",
"id": "P237776.l05329",
"ref": "P237776.3.2",
"inst": "+Kabtiya[]PN$",
"sig": "@saao/saa18%akk-x-neobab:{1}kab-ti-ia=Kabtiya[1//1]PN'PN$Kabtiya",
"f": {"lang": "akk-x-neobab",
"form": "{1}kab-ti-ia",
"cf": "Kabtiya",
"gw": "1",
"sense": "1",
"norm": "Kabtiya",
"pos": "PN",
"epos": "PN"}
}
,
{
"node": "d",
"type": "line-start",
"ref": "P237776.4",
"n": "3",
"label": "o 3"}
,
{
"node": "l",
"frag": "lu-u₂",
"id": "P237776.l0532a",
"ref": "P237776.4.1",
"inst": "lū[may]MOD",
"sig": "@saao/saa18%akk-x-neobab:lu-u₂=lū[may//may]MOD'MOD$lū",
"f": {"lang": "akk-x-neobab",
"form": "lu-u₂",
"cf": "lū",
"gw": "may",
"sense": "may",
"norm": "lū",
"pos": "MOD",
"epos": "MOD"}
}
,
{
"node": "l",
"frag": "šu-lum",
"id": "P237776.l0532b",
"ref": "P237776.4.2",
"inst": "šulum[health]N",
"sig": "@saao/saa18%akk-x-neobab:šu-lum=šulmu[completeness//health]N'N$šulum",
"f": {"lang": "akk-x-neobab",
"form": "šu-lum",
"cf": "šulmu",
"gw": "completeness",
"sense": "health",
"norm": "šulum",
"pos": "N",
"epos": "N"}
}
,
{
"node": "l",
"frag": "a-na",
"id": "P237776.l0532c",
"ref": "P237776.4.3",
"inst": "ana[to]PRP",
"sig": "@saao/saa18%akk-x-neobab:a-na=ana[to//to]PRP'PRP$ana",
"f": {"lang": "akk-x-neobab",
"form": "a-na",
"cf": "ana",
"gw": "to",
"sense": "to",
"norm": "ana",
"pos": "PRP",
"epos": "PRP"}
}
,
{
"node": "d",
"type": "line-start",
"ref": "P237776.5",
"n": "4",
"label": "o 4"}
,
{
"node": "l",
"frag": "LUGAL",
"id": "P237776.l0532d",
"ref": "P237776.5.1",
"inst": "šarri[king]N",
"sig": "@saao/saa18%akk-x-neobab:LUGAL=šarru[king//king]N'N$šarri",
"f": {"lang": "akk-x-neobab",
"form": "LUGAL",
"cf": "šarru",
"gw": "king",
"sense": "king",
"norm": "šarri",
"pos": "N",
"epos": "N"}
}
,
{
"node": "l",
"frag": "be-li₂-ia",
"id": "P237776.l0532e",
"ref": "P237776.5.2",
"inst": "bēlīya[lord]N",
"sig": "@saao/saa18%akk-x-neobab:be-li₂-ia=bēlu[lord//lord]N'N$bēlīya",
"f": {"lang": "akk-x-neobab",
"form": "be-li₂-ia",
"cf": "bēlu",
"gw": "lord",
"sense": "lord",
"norm": "bēlīya",
"pos": "N",
"epos": "N"}
}
,
{
"node": "l",
"frag": "a-na",
"id": "P237776.l0532f",
"ref": "P237776.5.3",
"inst": "ana[to]PRP",
"sig": "@saao/saa18%akk-x-neobab:a-na=ana[to//to]PRP'PRP$ana",
"f": {"lang": "akk-x-neobab",
"form": "a-na",
"cf": "ana",
"gw": "to",
"sense": "to",
"norm": "ana",
"pos": "PRP",
"epos": "PRP"}
}
,
{
"node": "l",
"frag": "UGU",
"id": "P237776.l05330",
"ref": "P237776.5.4",
"inst": "muhhi[skull]N",
"sig": "@saao/saa18%akk-x-neobab:UGU=muhhu[skull//skull]N'N$muhhi",
"f": {"lang": "akk-x-neobab",
"form": "UGU",
"cf": "muhhu",
"gw": "skull",
"sense": "skull",
"norm": "muhhi",
"pos": "N",
"epos": "N"}
}
,
{
"node": "d",
"type": "line-start",
"ref": "P237776.6",
"n": "5",
"label": "o 5"}
,
{
"node": "l",
"frag": "a-de-e",
"id": "P237776.l05331",
"ref": "P237776.6.1",
"inst": "adê[treaty]N",
"sig": "@saao/saa18%akk-x-neobab:a-de-e=adû[(treaty-)oath//treaty]N'N$adê",
"f": {"lang": "akk-x-neobab",
"form": "a-de-e",
"cf": "adû",
"gw": "(treaty-)oath",
"sense": "treaty",
"norm": "adê",
"pos": "N",
"epos": "N"}
}
,
{
"node": "l",
"frag": "ša₂",
"id": "P237776.l05332",
"ref": "P237776.6.2",
"inst": "ša[of]DET",
"sig": "@saao/saa18%akk-x-neobab:ša₂=ša[of//of]DET'DET$ša",
"f": {"lang": "akk-x-neobab",
"form": "ša₂",
"cf": "ša",
"gw": "of",
"sense": "of",
"norm": "ša",
"pos": "DET",
"epos": "DET"}
}
,
{
"node": "l",
"frag": "TIN.TIR{ki}",
"id": "P237776.l05333",
"ref": "P237776.6.3",
"inst": "Babili[Babylon]GN",
"sig": "@saao/saa18%akk-x-neobab:TIN.TIR{KI}=Babili[Babylon//Babylon]GN'GN$Babili",
"f": {"lang": "akk-x-neobab",
"form": "TIN.TIR{KI}",
"cf": "Babili",
"gw": "Babylon",
"sense": "Babylon",
"norm": "Babili",
"pos": "GN",
"epos": "GN"}
}
,
{
"node": "d",
"type": "line-start",
"ref": "P237776.7",
"n": "6",
"label": "o 6"}
,
{
"node": "l",
"frag": "ša₂",
"id": "P237776.l05334",
"ref": "P237776.7.1",
"inst": "ša[which]REL",
"sig": "@saao/saa18%akk-x-neobab:ša₂=ša[that//which]REL'REL$ša",
"f": {"lang": "akk-x-neobab",
"form": "ša₂",
"cf": "ša",
"gw": "that",
"sense": "which",
"norm": "ša",
"pos": "REL",
"epos": "REL"}
}
,
{
"node": "l",
"frag": "LUGAL",
"id": "P237776.l05335",
"ref": "P237776.7.2",
"inst": "šarru[king]N",
"sig": "@saao/saa18%akk-x-neobab:LUGAL=šarru[king//king]N'N$šarru",
"f": {"lang": "akk-x-neobab",
"form": "LUGAL",
"cf": "šarru",
"gw": "king",
"sense": "king",
"norm": "šarru",
"pos": "N",
"epos": "N"}
}
,
{
"node": "l",
"frag": "EN-a",
"id": "P237776.l05336",
"ref": "P237776.7.3",
"inst": "bēlā[lord]N",
"sig": "@saao/saa18%akk-x-neobab:EN-a=bēlu[lord//lord]N'N$bēlā",
"f": {"lang": "akk-x-neobab",
"form": "EN-a",
"cf": "bēlu",
"gw": "lord",
"sense": "lord",
"norm": "bēlā",
"pos": "N",
"epos": "N"}
}
,
{
"node": "l",
"frag": "iš-pu-ra",
"id": "P237776.l05337",
"ref": "P237776.7.4",
"inst": "išpura[write]V",
"sig": "@saao/saa18%akk-x-neobab:iš-pu-ra=šapāru[send//write]V'V$išpura",
"f": {"lang": "akk-x-neobab",
"form": "iš-pu-ra",
"cf": "šapāru",
"gw": "send",
"sense": "write",
"norm": "išpura",
"pos": "V",
"epos": "V"}
}
,
{
"node": "d",
"type": "line-start",
"ref": "P237776.8",
"n": "7",
"label": "o 7"}
,
{
"node": "l",
"frag": "ul",
"id": "P237776.l05338",
"ref": "P237776.8.1",
"inst": "ul[not]MOD",
"sig": "@saao/saa18%akk-x-neobab:ul=ul[not//not]MOD'MOD$ul",
"f": {"lang": "akk-x-neobab",
"form": "ul",
"cf": "ul",
"gw": "not",
"sense": "not",
"norm": "ul",
"pos": "MOD",
"epos": "MOD"}
}
,
{
"node": "l",
"frag": "qer-be₂-ka",
"id": "P237776.l05339",
"ref": "P237776.8.2",
"inst": "+qerbu[near//being present]AJ'AJ$qerbēka",
"sig": "@saao/saa18%akk-x-neobab:qer-be₂-ka=qerbu[near//being present]AJ'AJ$qerbēka",
"f": {"lang": "akk-x-neobab",
"form": "qer-be₂-ka",
"cf": "qerbu",
"gw": "near",
"sense": "being present",
"norm": "qerbēka",
"pos": "AJ",
"epos": "AJ"}
}
,
{
"node": "l",
"frag": "un-qu",
"id": "P237776.l0533a",
"ref": "P237776.8.3",
"inst": "+unqu[ring//sealed royal order]N'N$",
"sig": "@saao/saa18%akk-x-neobab:un-qu=unqu[ring//sealed royal order]N'N$unqu",
"f": {"lang": "akk-x-neobab",
"form": "un-qu",
"cf": "unqu",
"gw": "ring",
"sense": "sealed royal order",
"norm": "unqu",
"pos": "N",
"epos": "N"}
}
,
{
"node": "d",
"type": "line-start",
"ref": "P237776.9",
"n": "8",
"label": "o 8"}
,
{
"node": "l",
"frag": "ša₂",
"id": "P237776.l0533b",
"ref": "P237776.9.1",
"inst": "ša[of]DET",
"sig": "@saao/saa18%akk-x-neobab:ša₂=ša[of//of]DET'DET$ša",
"f": {"lang": "akk-x-neobab",
"form": "ša₂",
"cf": "ša",
"gw": "of",
"sense": "of",
"norm": "ša",
"pos": "DET",
"epos": "DET"}
}
,
{
"node": "l",
"frag": "LUGAL",
"id": "P237776.l0533c",
"ref": "P237776.9.2",
"inst": "šarri[king]N",
"sig": "@saao/saa18%akk-x-neobab:LUGAL=šarru[king//king]N'N$šarri",
"f": {"lang": "akk-x-neobab",
"form": "LUGAL",
"cf": "šarru",
"gw": "king",
"sense": "king",
"norm": "šarri",
"pos": "N",
"epos": "N"}
}
,
{
"node": "l",
"frag": "be-li₂-ia",
"id": "P237776.l0533d",
"ref": "P237776.9.3",
"inst": "bēlīya[lord]N",
"sig": "@saao/saa18%akk-x-neobab:be-li₂-ia=bēlu[lord//lord]N'N$bēlīya",
"f": {"lang": "akk-x-neobab",
"form": "be-li₂-ia",
"cf": "bēlu",
"gw": "lord",
"sense": "lord",
"norm": "bēlīya",
"pos": "N",
"epos": "N"}
}
,
{
"node": "d",
"type": "line-start",
"ref": "P237776.10",
"n": "9",
"label": "o 9"}
,
{
"node": "l",
"frag": "ša₂",
"id": "P237776.l0533e",
"ref": "P237776.10.1",
"inst": "ša[which]REL",
"sig": "@saao/saa18%akk-x-neobab:ša₂=ša[that//which]REL'REL$ša",
"f": {"lang": "akk-x-neobab",
"form": "ša₂",
"cf": "ša",
"gw": "that",
"sense": "which",
"norm": "ša",
"pos": "REL",
"epos": "REL"}
}
,
{
"node": "l",
"frag": "{1}AN.ŠAR₂-ra-mi-im-LUGAL",
"id": "P237776.l0533f",
"ref": "P237776.10.2",
"inst": "+Aššur-raʾim-šarri[]PN$Aššur-ramim-šarri",
"sig": "@saao/saa18%akk-x-neobab:{1}AN.ŠAR₂-ra-mi-im-LUGAL=Aššur-raʾim-šarri[1//1]PN'PN$Aššur-ramim-šarri",
"f": {"lang": "akk-x-neobab",
"form": "{1}AN.ŠAR₂-ra-mi-im-LUGAL",
"cf": "Aššur-raʾim-šarri",
"gw": "1",
"sense": "1",
"norm": "Aššur-ramim-šarri",
"pos": "PN",
"epos": "PN"}
}
,
{
"node": "d",
"type": "line-start",
"ref": "P237776.11",
"n": "10",
"label": "o 10"}
,
{
"node": "l",
"frag": "a-na",
"id": "P237776.l05340",
"ref": "P237776.11.1",
"inst": "ana[to]PRP",
"sig": "@saao/saa18%akk-x-neobab:a-na=ana[to//to]PRP'PRP$ana",
"f": {"lang": "akk-x-neobab",
"form": "a-na",
"cf": "ana",
"gw": "to",
"sense": "to",
"norm": "ana",
"pos": "PRP",
"epos": "PRP"}
}
,
{
"node": "l",
"frag": "UGU-hi-ia",
"id": "P237776.l05341",
"ref": "P237776.11.2",
"inst": "muhhīya[skull]N",
"sig": "@saao/saa18%akk-x-neobab:UGU-hi-ia=muhhu[skull//skull]N'N$muhhīya",
"f": {"lang": "akk-x-neobab",
"form": "UGU-hi-ia",
"cf": "muhhu",
"gw": "skull",
"sense": "skull",
"norm": "muhhīya",
"pos": "N",
"epos": "N"}
}
,
{
"node": "l",
"frag": "iš-ša₂-aʾ",
"id": "P237776.l05342",
"ref": "P237776.11.3",
"inst": "+našû[lift//bring]V'V$iššaʾ",
"sig": "@saao/saa18%akk-x-neobab:iš-ša₂-aʾ=našû[lift//bring]V'V$iššaʾ",
"f": {"lang": "akk-x-neobab",
"form": "iš-ša₂-aʾ",
"cf": "našû",
"gw": "lift",
"sense": "bring",
"norm": "iššaʾ",
"pos": "V",
"epos": "V"}
}
,
{
"node": "d",
"type": "line-start",
"ref": "P237776.12",
"n": "11",
"label": "o 11"}
,
{
"node": "l",
"frag": "a-na-ku",
"id": "P237776.l05343",
"ref": "P237776.12.1",
"inst": "anāku[I]IP",
"sig": "@saao/saa18%akk-x-neobab:a-na-ku=anāku[I//I]IP'IP$anāku",
"f": {"lang": "akk-x-neobab",
"form": "a-na-ku",
"cf": "anāku",
"gw": "I",
"sense": "I",
"norm": "anāku",
"pos": "IP",
"epos": "IP"}
}
,
{
"node": "l",
"frag": "u",
"id": "P237776.l05344",
"ref": "P237776.12.2",
"inst": "u[and]CNJ",
"sig": "@saao/saa18%akk-x-neobab:u=u[and//and]CNJ'CNJ$u",
"f": {"lang": "akk-x-neobab",
"form": "u",
"cf": "u",
"gw": "and",
"sense": "and",
"norm": "u",
"pos": "CNJ",
"epos": "CNJ"}
}
,
{
"node": "l",
"frag": "ŠEŠ-MEŠ-ia",
"id": "P237776.l05345",
"ref": "P237776.12.3",
"inst": "+ahu[brother]N$ahhēya",
"sig": "@saao/saa18%akk-x-neobab:ŠEŠ-MEŠ-ia=ahu[brother//brother]N'N$ahhēya",
"f": {"lang": "akk-x-neobab",
"form": "ŠEŠ-MEŠ-ia",
"cf": "ahu",
"gw": "brother",
"sense": "brother",
"norm": "ahhēya",
"pos": "N",
"epos": "N"}
}
,
{
"node": "d",
"type": "line-start",
"ref": "P237776.13",
"n": "12",
"label": "o 12"}
,
{
"node": "l",
"frag": "ki-i",
"id": "P237776.l05346",
"ref": "P237776.13.1",
"inst": "kî[when]'SBJ",
"sig": "@saao/saa18%akk-x-neobab:ki-i=kī[like//when]PRP'SBJ$kî",
"f": {"lang": "akk-x-neobab",
"form": "ki-i",
"cf": "kī",
"gw": "like",
"sense": "when",
"norm": "kî",
"pos": "PRP",
"epos": "SBJ"}
}
,
{
"node": "l",
"frag": "ni-il-lik-ku",
"id": "P237776.l05347",
"ref": "P237776.13.2",
"inst": "+alāku[go]V$nilliku",
"sig": "@saao/saa18%akk-x-neobab:ni-il-lik-ku=alāku[go//go]V'V$nilliku",
"f": {"lang": "akk-x-neobab",
"form": "ni-il-lik-ku",
"cf": "alāku",
"gw": "go",
"sense": "go",
"norm": "nilliku",
"pos": "V",
"epos": "V"}
}
,
{
"node": "d",
"type": "line-start",
"ref": "P237776.14",
"n": "13",
"label": "o 13"}
,
{
"node": "l",
"frag": "ina",
"id": "P237776.l05348",
"ref": "P237776.14.1",
"inst": "ina[in]PRP",
"sig": "@saao/saa18%akk-x-neobab:ina=ina[in//in]PRP'PRP$ina",
"f": {"lang": "akk-x-neobab",
"form": "ina",
"cf": "ina",
"gw": "in",
"sense": "in",
"norm": "ina",
"pos": "PRP",
"epos": "PRP"}
}
,
{
"node": "l",
"frag": "{kur}a-ra-ši",
"id": "P237776.l05349",
"ref": "P237776.14.2",
"inst": "+Araši[Raši]GN$",
"sig": "@saao/saa18%akk-x-neobab:{KUR}a-ra-ši=Araši[Raši//Raši]GN'GN$Araši",
"f": {"lang": "akk-x-neobab",
"form": "{KUR}a-ra-ši",
"cf": "Araši",
"gw": "Raši",
"sense": "Raši",
"norm": "Araši",
"pos": "GN",
"epos": "GN"}
}
,
{
"node": "l",
"frag": "ma-ṣar-ta",
"id": "P237776.l0534a",
"ref": "P237776.14.3",
"inst": "+maṣṣartu[observation//watch]N'N$maṣṣarta",
"sig": "@saao/saa18%akk-x-neobab:ma-ṣar-ta=maṣṣartu[observation//watch]N'N$maṣṣarta",
"f": {"lang": "akk-x-neobab",
"form": "ma-ṣar-ta",
"cf": "maṣṣartu",
"gw": "observation",
"sense": "watch",
"norm": "maṣṣarta",
"pos": "N",
"epos": "N"}
}
,
{
"node": "d",
"type": "line-start",
"ref": "P237776.15",
"n": "14",
"label": "o 14"}
,
{
"node": "l",
"frag": "it-ti-šu₂",
"id": "P237776.l0534b",
"ref": "P237776.15.1",
"inst": "ittīšu[with]PRP",
"sig": "@saao/saa18%akk-x-neobab:it-ti-šu₂=itti[with//with]PRP'PRP$ittīšu",
"f": {"lang": "akk-x-neobab",
"form": "it-ti-šu₂",
"cf": "itti",
"gw": "with",
"sense": "with",
"norm": "ittīšu",
"pos": "PRP",
"epos": "PRP"}
}
,
{
"node": "l",
"frag": "ni-it-ta-ṣar",
"id": "P237776.l0534c",
"ref": "P237776.15.2",
"inst": "nittaṣar[keep guard]V",
"sig": "@saao/saa18%akk-x-neobab:ni-it-ta-ṣar=naṣāru[guard//keep guard]V'V$nittaṣar",
"f": {"lang": "akk-x-neobab",
"form": "ni-it-ta-ṣar",
"cf": "naṣāru",
"gw": "guard",
"sense": "keep guard",
"norm": "nittaṣar",
"pos": "V",
"epos": "V"}
}
,
{
"node": "d",
"type": "line-start",
"ref": "P237776.16",
"n": "15",
"label": "o 15"}
,
{
"node": "l",
"frag": "a-da-nu",
"id": "P237776.l0534d",
"ref": "P237776.16.1",
"inst": "+adānu[fixed date//deadline]N'N$",
"sig": "@saao/saa18%akk-x-neobab:a-da-nu=adānu[fixed date//deadline]N'N$adānu",
"f": {"lang": "akk-x-neobab",
"form": "a-da-nu",
"cf": "adānu",
"gw": "fixed date",
"sense": "deadline",
"norm": "adānu",
"pos": "N",
"epos": "N"}
}
,
{
"node": "l",
"frag": "ša₂",
"id": "P237776.l0534e",
"ref": "P237776.16.2",
"inst": "ša[of]DET",
"sig": "@saao/saa18%akk-x-neobab:ša₂=ša[of//of]DET'DET$ša",
"f": {"lang": "akk-x-neobab",
"form": "ša₂",
"cf": "ša",
"gw": "of",
"sense": "of",
"norm": "ša",
"pos": "DET",
"epos": "DET"}
}
,
{
"node": "l",
"frag": "a-de-e",
"id": "P237776.l0534f",
"ref": "P237776.16.3",
"inst": "adê[treaty]N",
"sig": "@saao/saa18%akk-x-neobab:a-de-e=adû[(treaty-)oath//treaty]N'N$adê",
"f": {"lang": "akk-x-neobab",
"form": "a-de-e",
"cf": "adû",
"gw": "(treaty-)oath",
"sense": "treaty",
"norm": "adê",
"pos": "N",
"epos": "N"}
}
,
{
"node": "d",
"type": "line-start",
"ref": "P237776.17",
"n": "16",
"label": "o 16"}
,
{
"node": "l",
"frag": "ša₂",
"id": "P237776.l05350",
"ref": "P237776.17.1",
"inst": "ša[of]DET",
"sig": "@saao/saa18%akk-x-neobab:ša₂=ša[of//of]DET'DET$ša",
"f": {"lang": "akk-x-neobab",
"form": "ša₂",
"cf": "ša",
"gw": "of",
"sense": "of",
"norm": "ša",
"pos": "DET",
"epos": "DET"}
}
,
{
"node": "l",
"frag": "TIN.TIR{ki}",
"id": "P237776.l05351",
"ref": "P237776.17.2",
"inst": "Babili[Babylon]GN",
"sig": "@saao/saa18%akk-x-neobab:TIN.TIR{KI}=Babili[Babylon//Babylon]GN'GN$Babili",
"f": {"lang": "akk-x-neobab",
"form": "TIN.TIR{KI}",
"cf": "Babili",
"gw": "Babylon",
"sense": "Babylon",
"norm": "Babili",
"pos": "GN",
"epos": "GN"}
}
,
{
"node": "d",
"subtype": "bottom",
"type": "surface",
"ref": "P237776.b.e..18",
"type": "bottom",
"label": "b.e."}
,
{
"node": "d",
"type": "line-start",
"ref": "P237776.19",
"n": "17",
"label": "b.e. 17"}
,
{
"node": "l",
"frag": "ul",
"id": "P237776.l05352",
"ref": "P237776.19.1",
"inst": "ul[not]MOD",
"sig": "@saao/saa18%akk-x-neobab:ul=ul[not//not]MOD'MOD$ul",
"f": {"lang": "akk-x-neobab",
"form": "ul",
"cf": "ul",
"gw": "not",
"sense": "not",
"norm": "ul",
"pos": "MOD",
"epos": "MOD"}
}
,
{
"node": "l",
"frag": "ak-šu-du",
"id": "P237776.l05353",
"ref": "P237776.19.2",
"inst": "+kašādu[reach]V$akšudu",
"sig": "@saao/saa18%akk-x-neobab:ak-šu-du=kašādu[reach//reach]V'V$akšudu",
"f": {"lang": "akk-x-neobab",
"form": "ak-šu-du",
"cf": "kašādu",
"gw": "reach",
"sense": "reach",
"norm": "akšudu",
"pos": "V",
"epos": "V"}
}
,
{
"node": "d",
"type": "line-start",
"ref": "P237776.20",
"n": "18",
"label": "b.e. 18"}
,
{
"node": "l",
"frag": "ina",
"id": "P237776.l05354",
"ref": "P237776.20.1",
"inst": "ina[on]PRP",
"sig": "@saao/saa18%akk-x-neobab:ina=ina[in//on]PRP'PRP$ina",
"f": {"lang": "akk-x-neobab",
"form": "ina",
"cf": "ina",
"gw": "in",
"sense": "on",
"norm": "ina",
"pos": "PRP",
"epos": "PRP"}
}
,
{
"node": "l",
"frag": "KASKAL.2",
"id": "P237776.l05355",
"ref": "P237776.20.2",
"inst": "harrāni[road]N",
"sig": "@saao/saa18%akk-x-neobab:KASKAL.2=harrānu[way//road]N'N$harrāni",
"f": {"lang": "akk-x-neobab",
"form": "KASKAL.2",
"cf": "harrānu",
"gw": "way",
"sense": "road",
"norm": "harrāni",
"pos": "N",
"epos": "N"}
}
,
{
"node": "l",
"frag": "a-na",
"id": "P237776.l05356",
"ref": "P237776.20.3",
"inst": "ana[to]PRP",
"sig": "@saao/saa18%akk-x-neobab:a-na=ana[to//to]PRP'PRP$ana",
"f": {"lang": "akk-x-neobab",
"form": "a-na",
"cf": "ana",
"gw": "to",
"sense": "to",
"norm": "ana",
"pos": "PRP",
"epos": "PRP"}
}
,
{
"node": "d",
"type": "line-start",
"ref": "P237776.21",
"n": "19",
"label": "b.e. 19"}
,
{
"node": "l",
"frag": "pa-ni",
"id": "P237776.l05357",
"ref": "P237776.21.1",
"inst": "pān[front]N",
"sig": "@saao/saa18%akk-x-neobab:pa-ni=pānu[front//front]N'N$pān",
"f": {"lang": "akk-x-neobab",
"form": "pa-ni",
"cf": "pānu",
"gw": "front",
"sense": "front",
"norm": "pān",
"pos": "N",
"epos": "N"}
}
,
{
"node": "d",
"subtype": "reverse",
"type": "surface",
"ref": "P237776.r.22",
"type": "reverse",
"label": "r"}
,
{
"node": "d",
"type": "line-start",
"ref": "P237776.23",
"n": "1",
"label": "r 1"}
,
{
"node": "l",
"frag": "{lu₂}ša₂-pa-ni-E₂.GAL",
"id": "P237776.l05358",
"ref": "P237776.23.1",
"inst": "+ša-pān-ēkalli[palace supervisor]N$",
"sig": "@saao/saa18%akk-x-neobab:{LU₂}ša₂-pa-ni-E₂.GAL=ša-pān-ēkalli[palace supervisor//palace supervisor]N'N$ša-pān-ēkalli",
"f": {"lang": "akk-x-neobab",
"form": "{LU₂}ša₂-pa-ni-E₂.GAL",
"cf": "ša-pān-ēkalli",
"gw": "palace supervisor",
"sense": "palace supervisor",
"norm": "ša-pān-ēkalli",
"pos": "N",
"epos": "N"}
}
,
{
"node": "d",
"type": "line-start",
"ref": "P237776.24",
"n": "2",
"label": "r 2"}
,
{
"node": "l",
"frag": "e-te-la-aʾ",
"id": "P237776.l05359",
"ref": "P237776.24.1",
"inst": "+elû[go up//come up]V'V$ētelaʾ",
"sig": "@saao/saa18%akk-x-neobab:e-te-la-aʾ=elû[go up//come up]V'V$ētelaʾ",
"f": {"lang": "akk-x-neobab",
"form": "e-te-la-aʾ",
"cf": "elû",
"gw": "go up",
"sense": "come up",
"norm": "ētelaʾ",
"pos": "V",
"epos": "V"}
}
,
{
"node": "d",
"type": "line-start",
"ref": "P237776.25",
"n": "3",
"label": "r 3"}
,
{
"node": "l",
"frag": "ki-i",
"id": "P237776.l0535a",
"ref": "P237776.25.1",
"inst": "kî[when]'SBJ",
"sig": "@saao/saa18%akk-x-neobab:ki-i=kī[like//when]PRP'SBJ$kî",
"f": {"lang": "akk-x-neobab",
"form": "ki-i",
"cf": "kī",
"gw": "like",
"sense": "when",
"norm": "kî",
"pos": "PRP",
"epos": "SBJ"}
}
,
{
"node": "l",
"frag": "i-bak-ku-an-ni",
"id": "P237776.l0535b",
"ref": "P237776.25.2",
"inst": "+abāku[lead away//take away]V'V$ibbakuʾanni",
"sig": "@saao/saa18%akk-x-neobab:i-bak-ku-an-ni=abāku[lead away//take away]V'V$ibbakuʾanni",
"f": {"lang": "akk-x-neobab",
"form": "i-bak-ku-an-ni",
"cf": "abāku",
"gw": "lead away",
"sense": "take away",
"norm": "ibbakuʾanni",
"pos": "V",
"epos": "V"}
}
,
{
"node": "d",
"type": "line-start",
"ref": "P237776.26",
"n": "4",
"label": "r 4"}
,
{
"node": "l",
"frag": "ina",
"id": "P237776.l0535c",
"ref": "P237776.26.1",
"inst": "ina[in]PRP",
"sig": "@saao/saa18%akk-x-neobab:ina=ina[in//in]PRP'PRP$ina",
"f": {"lang": "akk-x-neobab",
"form": "ina",
"cf": "ina",
"gw": "in",
"sense": "in",
"norm": "ina",
"pos": "PRP",
"epos": "PRP"}
}
,
{
"node": "l",
"frag": "EN.LIL₂{ki}",
"id": "P237776.l0535d",
"ref": "P237776.26.2",
"inst": "Nippur[1]GN",
"sig": "@saao/saa18%akk-x-neobab:EN.LIL₂{KI}=Nippur[1//1]GN'GN$Nippur",
"f": {"lang": "akk-x-neobab",
"form": "EN.LIL₂{KI}",
"cf": "Nippur",
"gw": "1",
"sense": "1",
"norm": "Nippur",
"pos": "GN",
"epos": "GN"}
}
,
{
"node": "l",
"frag": "u",
"id": "P237776.l0535e",
"ref": "P237776.26.3",
"inst": "u[and]CNJ",
"sig": "@saao/saa18%akk-x-neobab:u=u[and//and]CNJ'CNJ$u",
"f": {"lang": "akk-x-neobab",
"form": "u",
"cf": "u",
"gw": "and",
"sense": "and",
"norm": "u",
"pos": "CNJ",
"epos": "CNJ"}
}
,
{
"node": "l",
"frag": "ina",
"id": "P237776.l0535f",
"ref": "P237776.26.4",
"inst": "ina[in]PRP",
"sig": "@saao/saa18%akk-x-neobab:ina=ina[in//in]PRP'PRP$ina",
"f": {"lang": "akk-x-neobab",
"form": "ina",
"cf": "ina",
"gw": "in",
"sense": "in",
"norm": "ina",
"pos": "PRP",
"epos": "PRP"}
}
,
{
"node": "l",
"frag": "UNUG{ki}",
"id": "P237776.l05360",
"ref": "P237776.26.5",
"inst": "Uruk[1]GN",
"sig": "@saao/saa18%akk-x-neobab:UNUG{KI}=Uruk[1//1]GN'GN$Uruk",
"f": {"lang": "akk-x-neobab",
"form": "UNUG{KI}",
"cf": "Uruk",
"gw": "1",
"sense": "1",
"norm": "Uruk",
"pos": "GN",
"epos": "GN"}
}
,
{
"node": "d",
"type": "line-start",
"ref": "P237776.27",
"n": "5",
"label": "r 5"}
,
{
"node": "l",
"frag": "ina",
"id": "P237776.l05361",
"ref": "P237776.27.1",
"inst": "ina[in]PRP",
"sig": "@saao/saa18%akk-x-neobab:ina=ina[in//in]PRP'PRP$ina",
"f": {"lang": "akk-x-neobab",
"form": "ina",
"cf": "ina",
"gw": "in",
"sense": "in",
"norm": "ina",
"pos": "PRP",
"epos": "PRP"}
}
,
{
"node": "l",
"frag": "ŠA₃-bi",
"id": "P237776.l05362",
"ref": "P237776.27.2",
"inst": "libbi[interior]N",
"sig": "@saao/saa18%akk-x-neobab:ŠA₃-bi=libbu[interior//interior]N'N$libbi",
"f": {"lang": "akk-x-neobab",
"form": "ŠA₃-bi",
"cf": "libbu",
"gw": "interior",
"sense": "interior",
"norm": "libbi",
"pos": "N",
"epos": "N"}
}
,
{
"node": "l",
"frag": "DINGIR-MEŠ-ka",
"id": "P237776.l05363",
"ref": "P237776.27.3",
"inst": "ilānīka[god]N",
"sig": "@saao/saa18%akk-x-neobab:DINGIR-MEŠ-ka=ilu[god//god]N'N$ilānīka",
"f": {"lang": "akk-x-neobab",
"form": "DINGIR-MEŠ-ka",
"cf": "ilu",
"gw": "god",
"sense": "god",
"norm": "ilānīka",
"pos": "N",
"epos": "N"}
}
,
{
"node": "d",
"type": "line-start",
"ref": "P237776.28",
"n": "6",
"label": "r 6"}
,
{
"node": "l",
"frag": "u",
"id": "P237776.l05364",
"ref": "P237776.28.1",
"inst": "u[and]CNJ",
"sig": "@saao/saa18%akk-x-neobab:u=u[and//and]CNJ'CNJ$u",
"f": {"lang": "akk-x-neobab",
"form": "u",
"cf": "u",
"gw": "and",
"sense": "and",
"norm": "u",
"pos": "CNJ",
"epos": "CNJ"}
}
,
{
"node": "l",
"frag": "a-de-e",
"id": "P237776.l05365",
"ref": "P237776.28.2",
"inst": "adê[treaty]N",
"sig": "@saao/saa18%akk-x-neobab:a-de-e=adû[(treaty-)oath//treaty]N'N$adê",
"f": {"lang": "akk-x-neobab",
"form": "a-de-e",
"cf": "adû",
"gw": "(treaty-)oath",
"sense": "treaty",
"norm": "adê",
"pos": "N",
"epos": "N"}
}
,
{
"node": "l",
"frag": "ša₂",
"id": "P237776.l05366",
"ref": "P237776.28.3",
"inst": "ša[of]DET",
"sig": "@saao/saa18%akk-x-neobab:ša₂=ša[of//of]DET'DET$ša",
"f": {"lang": "akk-x-neobab",
"form": "ša₂",
"cf": "ša",
"gw": "of",
"sense": "of",
"norm": "ša",
"pos": "DET",
"epos": "DET"}
}
,
{
"node": "l",
"frag": "LUGAL",
"id": "P237776.l05367",
"ref": "P237776.28.4",
"inst": "šarri[king]N",
"sig": "@saao/saa18%akk-x-neobab:LUGAL=šarru[king//king]N'N$šarri",
"f": {"lang": "akk-x-neobab",
"form": "LUGAL",
"cf": "šarru",
"gw": "king",
"sense": "king",
"norm": "šarri",
"pos": "N",
"epos": "N"}
}
,
{
"node": "l",
"frag": "be-li₂-ia",
"id": "P237776.l05368",
"ref": "P237776.28.5",
"inst": "bēlīya[lord]N",
"sig": "@saao/saa18%akk-x-neobab:be-li₂-ia=bēlu[lord//lord]N'N$bēlīya",
"f": {"lang": "akk-x-neobab",
"form": "be-li₂-ia",
"cf": "bēlu",
"gw": "lord",
"sense": "lord",
"norm": "bēlīya",
"pos": "N",
"epos": "N"}
}
,
{
"node": "d",
"type": "line-start",
"ref": "P237776.29",
"n": "7",
"label": "r 7"}
,
{
"node": "l",
"frag": "aṣ-ṣa-bat",
"id": "P237776.l05369",
"ref": "P237776.29.1",
"inst": "+ṣabātu[seize//take]V'V$aṣṣabat",
"sig": "@saao/saa18%akk-x-neobab:aṣ-ṣa-bat=ṣabātu[seize//take]V'V$aṣṣabat",
"f": {"lang": "akk-x-neobab",
"form": "aṣ-ṣa-bat",
"cf": "ṣabātu",
"gw": "seize",
"sense": "take",
"norm": "aṣṣabat",
"pos": "V",
"epos": "V"}
}
,
{
"node": "l",
"frag": "u₃",
"id": "P237776.l0536a",
"ref": "P237776.29.2",
"inst": "u[and]CNJ",
"sig": "@saao/saa18%akk-x-neobab:u₃=u[and//and]CNJ'CNJ$u",
"f": {"lang": "akk-x-neobab",
"form": "u₃",
"cf": "u",
"gw": "and",
"sense": "and",
"norm": "u",
"pos": "CNJ",
"epos": "CNJ"}
}
,
{
"node": "l",
"frag": "a-na-ku",
"id": "P237776.l0536b",
"ref": "P237776.29.3",
"inst": "anāku[I]IP",
"sig": "@saao/saa18%akk-x-neobab:a-na-ku=anāku[I//I]IP'IP$anāku",
"f": {"lang": "akk-x-neobab",
"form": "a-na-ku",
"cf": "anāku",
"gw": "I",
"sense": "I",
"norm": "anāku",
"pos": "IP",
"epos": "IP"}
}
,
{
"node": "d",
"type": "line-start",
"ref": "P237776.30",
"n": "8",
"label": "r 8"}
,
{
"node": "l",
"frag": "a-na",
"id": "P237776.l0536c",
"ref": "P237776.30.1",
"inst": "+ana[to//in]PRP'PRP$",
"sig": "@saao/saa18%akk-x-neobab:a-na=ana[to//in]PRP'PRP$ana",
"f": {"lang": "akk-x-neobab",
"form": "a-na",
"cf": "ana",
"gw": "to",
"sense": "in",
"norm": "ana",
"pos": "PRP",
"epos": "PRP"}
}
,
{
"node": "l",
"frag": "a-de-⸢e⸣",
"id": "P237776.l0536d",
"ref": "P237776.30.2",
"inst": "adê[treaty]N",
"sig": "@saao/saa18%akk-x-neobab:a-de-e=adû[(treaty-)oath//treaty]N'N$adê",
"f": {"lang": "akk-x-neobab",
"form": "a-de-e",
"cf": "adû",
"gw": "(treaty-)oath",
"sense": "treaty",
"norm": "adê",
"pos": "N",
"epos": "N"}
}
,
{
"node": "l",
"frag": "ša₂",
"id": "P237776.l0536e",
"ref": "P237776.30.3",
"inst": "ša[of]DET",
"sig": "@saao/saa18%akk-x-neobab:ša₂=ša[of//of]DET'DET$ša",
"f": {"lang": "akk-x-neobab",
"form": "ša₂",
"cf": "ša",
"gw": "of",
"sense": "of",
"norm": "ša",
"pos": "DET",
"epos": "DET"}
}
,
{
"node": "l",
"frag": "LUGAL",
"id": "P237776.l0536f",
"ref": "P237776.30.4",
"inst": "šarri[king]N",
"sig": "@saao/saa18%akk-x-neobab:LUGAL=šarru[king//king]N'N$šarri",
"f": {"lang": "akk-x-neobab",
"form": "LUGAL",
"cf": "šarru",
"gw": "king",
"sense": "king",
"norm": "šarri",
"pos": "N",
"epos": "N"}
}
,
{
"node": "l",
"frag": "be-li₂-ia",
"id": "P237776.l05370",
"ref": "P237776.30.5",
"inst": "bēlīya[lord]N",
"sig": "@saao/saa18%akk-x-neobab:be-li₂-ia=bēlu[lord//lord]N'N$bēlīya",
"f": {"lang": "akk-x-neobab",
"form": "be-li₂-ia",
"cf": "bēlu",
"gw": "lord",
"sense": "lord",
"norm": "bēlīya",
"pos": "N",
"epos": "N"}
}
,
{
"node": "d",
"type": "line-start",
"ref": "P237776.31",
"n": "9",
"label": "r 9"}
,
{
"node": "l",
"frag": "ul",
"id": "P237776.l05371",
"ref": "P237776.31.1",
"inst": "ul[not]MOD",
"sig": "@saao/saa18%akk-x-neobab:ul=ul[not//not]MOD'MOD$ul",
"f": {"lang": "akk-x-neobab",
"form": "ul",
"cf": "ul",
"gw": "not",
"sense": "not",
"norm": "ul",
"pos": "MOD",
"epos": "MOD"}
}
,
{
"node": "l",
"frag": "ha-ma-ku-u₂",
"id": "P237776.l05372",
"ref": "P237776.31.2",
"inst": "+hamû[secure//glad]AJ'AJ$hamākû",
"sig": "@saao/saa18%akk-x-neobab:ha-ma-ku-u₂=hamû[secure//glad]AJ'AJ$hamākû",
"f": {"lang": "akk-x-neobab",
"form": "ha-ma-ku-u₂",
"cf": "hamû",
"gw": "secure",
"sense": "glad",
"norm": "hamākû",
"pos": "AJ",
"epos": "AJ"}
}
,
{
"node": "l",
"frag": "um-ma",
"id": "P237776.l05373",
"ref": "P237776.31.3",
"inst": "umma[saying]PRP",
"sig": "@saao/saa18%akk-x-neobab:um-ma=umma[saying//saying]PRP'PRP$umma",
"f": {"lang": "akk-x-neobab",
"form": "um-ma",
"cf": "umma",
"gw": "saying",
"sense": "saying",
"norm": "umma",
"pos": "PRP",
"epos": "PRP"}
}
,
{
"node": "d",
"type": "line-start",
"ref": "P237776.32",
"n": "10",
"label": "r 10"}
,
{
"node": "l",
"frag": "ERIM-MEŠ",
"id": "P237776.l05374",
"ref": "P237776.32.1",
"inst": "ṣābē[people]N",
"sig": "@saao/saa18%akk-x-neobab:ERIM-MEŠ=ṣābu[people//people]N'N$ṣābē",
"f": {"lang": "akk-x-neobab",
"form": "ERIM-MEŠ",
"cf": "ṣābu",
"gw": "people",
"sense": "people",
"norm": "ṣābē",
"pos": "N",
"epos": "N"}
}
,
{
"node": "l",
"frag": "DUMU-MEŠ-šu₂-nu",
"id": "P237776.l05375",
"ref": "P237776.32.2",
"inst": "mārēšunu[son]N",
"sig": "@saao/saa18%akk-x-neobab:DUMU-MEŠ-šu₂-nu=māru[son//son]N'N$mārēšunu",
"f": {"lang": "akk-x-neobab",
"form": "DUMU-MEŠ-šu₂-nu",
"cf": "māru",
"gw": "son",
"sense": "son",
"norm": "mārēšunu",
"pos": "N",
"epos": "N"}
}
,
{
"node": "l",
"frag": "u",
"id": "P237776.l05376",
"ref": "P237776.32.3",
"inst": "u[and]CNJ",
"sig": "@saao/saa18%akk-x-neobab:u=u[and//and]CNJ'CNJ$u",
"f": {"lang": "akk-x-neobab",
"form": "u",
"cf": "u",
"gw": "and",
"sense": "and",
"norm": "u",
"pos": "CNJ",
"epos": "CNJ"}
}
,
{
"node": "l",
"frag": "DAM-šu₂-nu",
"id": "P237776.l05377",
"ref": "P237776.32.4",
"inst": "+aššatu[wife]N$aššātišunu",
"sig": "@saao/saa18%akk-x-neobab:DAM-šu₂-nu=aššatu[wife//wife]N'N$aššātišunu",
"f": {"lang": "akk-x-neobab",
"form": "DAM-šu₂-nu",
"cf": "aššatu",
"gw": "wife",
"sense": "wife",
"norm": "aššātišunu",
"pos": "N",
"epos": "N"}
}
,
{
"node": "d",
"type": "line-start",
"ref": "P237776.33",
"n": "11",
"label": "r 11"}
,
{
"node": "l",
"frag": "a-di",
"id": "P237776.l05378",
"ref": "P237776.33.1",
"inst": "+adi[until//together with]PRP'PRP$",
"sig": "@saao/saa18%akk-x-neobab:a-di=adi[until//together with]PRP'PRP$adi",
"f": {"lang": "akk-x-neobab",
"form": "a-di",
"cf": "adi",
"gw": "until",
"sense": "together with",
"norm": "adi",
"pos": "PRP",
"epos": "PRP"}
}
,
{
"node": "l",
"frag": "DINGIR-MEŠ-šu₂-nu",
"id": "P237776.l05379",
"ref": "P237776.33.2",
"inst": "+ilu[god]N$ilānišunu",
"sig": "@saao/saa18%akk-x-neobab:DINGIR-MEŠ-šu₂-nu=ilu[god//god]N'N$ilānišunu",
"f": {"lang": "akk-x-neobab",
"form": "DINGIR-MEŠ-šu₂-nu",
"cf": "ilu",
"gw": "god",
"sense": "god",
"norm": "ilānišunu",
"pos": "N",
"epos": "N"}
}
,
{
"node": "l",
"frag": "a-na",
"id": "P237776.l0537a",
"ref": "P237776.33.3",
"inst": "ana[to]PRP",
"sig": "@saao/saa18%akk-x-neobab:a-na=ana[to//to]PRP'PRP$ana",
"f": {"lang": "akk-x-neobab",
"form": "a-na",
"cf": "ana",
"gw": "to",
"sense": "to",
"norm": "ana",
"pos": "PRP",
"epos": "PRP"}
}
,
{
"node": "l",
"frag": "ŠA₃-bi",
"id": "P237776.l0537b",
"ref": "P237776.33.4",
"inst": "libbi[interior]N",
"sig": "@saao/saa18%akk-x-neobab:ŠA₃-bi=libbu[interior//interior]N'N$libbi",
"f": {"lang": "akk-x-neobab",
"form": "ŠA₃-bi",
"cf": "libbu",
"gw": "interior",
"sense": "interior",
"norm": "libbi",
"pos": "N",
"epos": "N"}
}
,
{
"node": "d",
"type": "line-start",
"ref": "P237776.34",
"n": "12",
"label": "r 12"}
,
{
"node": "l",
"frag": "a-de-e",
"id": "P237776.l0537c",
"ref": "P237776.34.1",
"inst": "adê[treaty]N",
"sig": "@saao/saa18%akk-x-neobab:a-de-e=adû[(treaty-)oath//treaty]N'N$adê",
"f": {"lang": "akk-x-neobab",
"form": "a-de-e",
"cf": "adû",
"gw": "(treaty-)oath",
"sense": "treaty",
"norm": "adê",
"pos": "N",
"epos": "N"}
}
,
{
"node": "l",
"frag": "ša₂",
"id": "P237776.l0537d",
"ref": "P237776.34.2",
"inst": "ša[of]DET",
"sig": "@saao/saa18%akk-x-neobab:ša₂=ša[of//of]DET'DET$ša",
"f": {"lang": "akk-x-neobab",
"form": "ša₂",
"cf": "ša",
"gw": "of",
"sense": "of",
"norm": "ša",
"pos": "DET",
"epos": "DET"}
}
,
{
"node": "l",
"frag": "LUGAL",
"id": "P237776.l0537e",
"ref": "P237776.34.3",
"inst": "šarri[king]N",
"sig": "@saao/saa18%akk-x-neobab:LUGAL=šarru[king//king]N'N$šarri",
"f": {"lang": "akk-x-neobab",
"form": "LUGAL",
"cf": "šarru",
"gw": "king",
"sense": "king",
"norm": "šarri",
"pos": "N",
"epos": "N"}
}
,
{
"node": "l",
"frag": "be-li₂-ia",
"id": "P237776.l0537f",
"ref": "P237776.34.4",
"inst": "bēlīya[lord]N",
"sig": "@saao/saa18%akk-x-neobab:be-li₂-ia=bēlu[lord//lord]N'N$bēlīya",
"f": {"lang": "akk-x-neobab",
"form": "be-li₂-ia",
"cf": "bēlu",
"gw": "lord",
"sense": "lord",
"norm": "bēlīya",
"pos": "N",
"epos": "N"}
}
,
{
"node": "d",
"type": "line-start",
"ref": "P237776.35",
"n": "13",
"label": "r 13"}
,
{
"node": "l",
"frag": "li-ir-bu",
"id": "P237776.l05380",
"ref": "P237776.35.1",
"inst": "+erēbu[enter]V$lirbū",
"sig": "@saao/saa18%akk-x-neobab:li-ir-bu=erēbu[enter//enter]V'V$lirbū",
"f": {"lang": "akk-x-neobab",
"form": "li-ir-bu",
"cf": "erēbu",
"gw": "enter",
"sense": "enter",
"norm": "lirbū",
"pos": "V",
"epos": "V"}
}
,
{
"node": "l",
"frag": "u₃",
"id": "P237776.l05381",
"ref": "P237776.35.2",
"inst": "u[and]CNJ",
"sig": "@saao/saa18%akk-x-neobab:u₃=u[and//and]CNJ'CNJ$u",
"f": {"lang": "akk-x-neobab",
"form": "u₃",
"cf": "u",
"gw": "and",
"sense": "and",
"norm": "u",
"pos": "CNJ",
"epos": "CNJ"}
}
,
{
"node": "l",
"frag": "a-na-ku",
"id": "P237776.l05382",
"ref": "P237776.35.3",
"inst": "anāku[I]IP",
"sig": "@saao/saa18%akk-x-neobab:a-na-ku=anāku[I//I]IP'IP$anāku",
"f": {"lang": "akk-x-neobab",
"form": "a-na-ku",
"cf": "anāku",
"gw": "I",
"sense": "I",
"norm": "anāku",
"pos": "IP",
"epos": "IP"}
}
,
{
"node": "d",
"type": "line-start",
"ref": "P237776.36",
"n": "14",
"label": "r 14"}
,
{
"node": "l",
"frag": "ina",
"id": "P237776.l05383",
"ref": "P237776.36.1",
"inst": "+ina[in//in accordance with]PRP'PRP$",
"sig": "@saao/saa18%akk-x-neobab:ina=ina[in//in accordance with]PRP'PRP$ina",
"f": {"lang": "akk-x-neobab",
"form": "ina",
"cf": "ina",
"gw": "in",
"sense": "in accordance with",
"norm": "ina",
"pos": "PRP",
"epos": "PRP"}
}
,
{
"node": "l",
"frag": "ši-pir-ti",
"id": "P237776.l05384",
"ref": "P237776.36.2",
"inst": "šipirti[letter]N",
"sig": "@saao/saa18%akk-x-neobab:ši-pir-ti=šipirtu[message//letter]N'N$šipirti",
"f": {"lang": "akk-x-neobab",
"form": "ši-pir-ti",
"cf": "šipirtu",
"gw": "message",
"sense": "letter",
"norm": "šipirti",
"pos": "N",
"epos": "N"}
}
,
{
"node": "l",
"frag": "ša₂",
"id": "P237776.l05385",
"ref": "P237776.36.3",
"inst": "ša[of]DET",
"sig": "@saao/saa18%akk-x-neobab:ša₂=ša[of//of]DET'DET$ša",
"f": {"lang": "akk-x-neobab",
"form": "ša₂",
"cf": "ša",
"gw": "of",
"sense": "of",
"norm": "ša",
"pos": "DET",
"epos": "DET"}
}
,
{
"node": "l",
"frag": "LUGAL",
"id": "P237776.l05386",
"ref": "P237776.36.4",
"inst": "šarri[king]N",
"sig": "@saao/saa18%akk-x-neobab:LUGAL=šarru[king//king]N'N$šarri",
"f": {"lang": "akk-x-neobab",
"form": "LUGAL",
"cf": "šarru",
"gw": "king",
"sense": "king",
"norm": "šarri",
"pos": "N",
"epos": "N"}
}
,
{
"node": "l",
"frag": "be-li₂-ia",
"id": "P237776.l05387",
"ref": "P237776.36.5",
"inst": "bēlīya[lord]N",
"sig": "@saao/saa18%akk-x-neobab:be-li₂-ia=bēlu[lord//lord]N'N$bēlīya",
"f": {"lang": "akk-x-neobab",
"form": "be-li₂-ia",
"cf": "bēlu",
"gw": "lord",
"sense": "lord",
"norm": "bēlīya",
"pos": "N",
"epos": "N"}
}
,
{
"node": "d",
"type": "line-start",
"ref": "P237776.37",
"n": "15",
"label": "r 15"}
,
{
"node": "l",
"frag": "{lu₂}ši-bu-tu",
"id": "P237776.l05388",
"ref": "P237776.37.1",
"inst": "šībūtu[elder]N",
"sig": "@saao/saa18%akk-x-neobab:{LU₂}ši-bu-tu=šību[old man//elder]N'N$šībūtu",
"f": {"lang": "akk-x-neobab",
"form": "{LU₂}ši-bu-tu",
"cf": "šību",
"gw": "old man",
"sense": "elder",
"norm": "šībūtu",
"pos": "N",
"epos": "N"}
}
,
{
"node": "l",
"frag": "ki-i",
"id": "P237776.l05389",
"ref": "P237776.37.2",
"inst": "kî[when]'SBJ",
"sig": "@saao/saa18%akk-x-neobab:ki-i=kī[like//when]PRP'SBJ$kî",
"f": {"lang": "akk-x-neobab",
"form": "ki-i",
"cf": "kī",
"gw": "like",
"sense": "when",
"norm": "kî",
"pos": "PRP",
"epos": "SBJ"}
}
,
{
"node": "d",
"subtype": "right",
"type": "surface",
"ref": "P237776.r.e..38",
"type": "right",
"label": "r.e."}
,
{
"node": "d",
"type": "line-start",
"ref": "P237776.39",
"n": "16",
"label": "r.e. 16"}
,
{
"node": "l",
"frag": "il-lik-ku",
"id": "P237776.l0538a",
"ref": "P237776.39.1",
"inst": "+alāku[go//come]V'V$illikū",
"sig": "@saao/saa18%akk-x-neobab:il-lik-ku=alāku[go//come]V'V$illikū",
"f": {"lang": "akk-x-neobab",
"form": "il-lik-ku",
"cf": "alāku",
"gw": "go",
"sense": "come",
"norm": "illikū",
"pos": "V",
"epos": "V"}
}
,
{
"node": "l",
"frag": "a-na",
"id": "P237776.l0538b",
"ref": "P237776.39.2",
"inst": "ana[to]PRP",
"sig": "@saao/saa18%akk-x-neobab:a-na=ana[to//to]PRP'PRP$ana",
"f": {"lang": "akk-x-neobab",
"form": "a-na",
"cf": "ana",
"gw": "to",
"sense": "to",
"norm": "ana",
"pos": "PRP",
"epos": "PRP"}
}
,
{
"node": "l",
"frag": "ŠA₃-bi",
"id": "P237776.l0538c",
"ref": "P237776.39.3",
"inst": "libbi[interior]N",
"sig": "@saao/saa18%akk-x-neobab:ŠA₃-bi=libbu[interior//interior]N'N$libbi",
"f": {"lang": "akk-x-neobab",
"form": "ŠA₃-bi",
"cf": "libbu",
"gw": "interior",
"sense": "interior",
"norm": "libbi",
"pos": "N",
"epos": "N"}
}
,
{
"node": "d",
"type": "line-start",
"ref": "P237776.40",
"n": "17",
"label": "r.e. 17"}
,
{
"node": "l",
"frag": "a-de-e",
"id": "P237776.l0538d",
"ref": "P237776.40.1",
"inst": "adê[treaty]N",
"sig": "@saao/saa18%akk-x-neobab:a-de-e=adû[(treaty-)oath//treaty]N'N$adê",
"f": {"lang": "akk-x-neobab",
"form": "a-de-e",
"cf": "adû",
"gw": "(treaty-)oath",
"sense": "treaty",
"norm": "adê",
"pos": "N",
"epos": "N"}
}
,
{
"node": "l",
"frag": "ša₂",
"id": "P237776.l0538e",
"ref": "P237776.40.2",
"inst": "ša[of]DET",
"sig": "@saao/saa18%akk-x-neobab:ša₂=ša[of//of]DET'DET$ša",
"f": {"lang": "akk-x-neobab",
"form": "ša₂",
"cf": "ša",
"gw": "of",
"sense": "of",
"norm": "ša",
"pos": "DET",
"epos": "DET"}
}
,
{
"node": "l",
"frag": "LUGAL",
"id": "P237776.l0538f",
"ref": "P237776.40.3",
"inst": "šarri[king]N",
"sig": "@saao/saa18%akk-x-neobab:LUGAL=šarru[king//king]N'N$šarri",
"f": {"lang": "akk-x-neobab",
"form": "LUGAL",
"cf": "šarru",
"gw": "king",
"sense": "king",
"norm": "šarri",
"pos": "N",
"epos": "N"}
}
,
{
"node": "l",
"frag": "be-li₂-ia₂",
"id": "P237776.l05390",
"ref": "P237776.40.4",
"inst": "bēlīya[lord]N",
"sig": "@saao/saa18%akk-x-neobab:be-li₂-ia₂=bēlu[lord//lord]N'N$bēlīya",
"f": {"lang": "akk-x-neobab",
"form": "be-li₂-ia₂",
"cf": "bēlu",
"gw": "lord",
"sense": "lord",
"norm": "bēlīya",
"pos": "N",
"epos": "N"}
}
,
{
"node": "d",
"type": "line-start",
"ref": "P237776.41",
"n": "18",
"label": "r.e. 18"}
,
{
"node": "l",
"frag": "ina",
"id": "P237776.l05391",
"ref": "P237776.41.1",
"inst": "ina[in]PRP",
"sig": "@saao/saa18%akk-x-neobab:ina=ina[in//in accordance with]PRP'PRP$ina",
"f": {"lang": "akk-x-neobab",
"form": "ina",
"cf": "ina",
"gw": "in",
"sense": "in accordance with",
"norm": "ina",
"pos": "PRP",
"epos": "PRP"}
}
,
{
"node": "l",
"frag": "TIN.TIR{ki}",
"id": "P237776.l05392",
"ref": "P237776.41.2",
"inst": "Babili[Babylon]GN",
"sig": "@saao/saa18%akk-x-neobab:TIN.TIR{KI}=Babili[Babylon//Babylon]GN'GN$Babili",
"f": {"lang": "akk-x-neobab",
"form": "TIN.TIR{KI}",
"cf": "Babili",
"gw": "Babylon",
"sense": "Babylon",
"norm": "Babili",
"pos": "GN",
"epos": "GN"}
}
,
{
"node": "d",
"subtype": "edge",
"type": "surface",
"ref": "P237776.e..42",
"type": "edge",
"label": "e."}
,
{
"node": "d",
"type": "line-start",
"ref": "P237776.43",
"n": "1",
"label": "e. 1"}
,
{
"node": "l",
"frag": "i-te-er-bu",
"id": "P237776.l05393",
"ref": "P237776.43.1",
"inst": "īterbū[enter]V",
"sig": "@saao/saa18%akk-x-neobab:i-te-er-bu=erēbu[enter//enter]V'V$īterbū",
"f": {"lang": "akk-x-neobab",
"form": "i-te-er-bu",
"cf": "erēbu",
"gw": "enter",
"sense": "enter",
"norm": "īterbū",
"pos": "V",
"epos": "V"}
}
]}
]}
]}
]}
