{
"type": "cdl",
  "source": "http://oracc.org/saao/saa18",
  "license": "This data is released under the CC0 license",
  "license-url": "https://creativecommons.org/publicdomain/zero/1.0/",
  "more-info": "http://oracc.org/doc/opendata/",
  "UTC-timestamp": "2017-05-19T12:00:45",
"project": "saao/saa18",
"textid": "P237193",
"cdl": [
{
"node": "c",
"type": "text",
"id": "P237193.U0",
"cdl": [
{
"node": "d",
"type": "object",
"ref": ""}
,
{
"node": "d",
"subtype": "obverse",
"type": "surface",
"ref": "P237193.o.1",
"type": "obverse",
"label": "o"}
,
{
"node": "d",
"type": "nonx",
"ref": "P237193.2",
"strict": "0",
"extent": "beginning",
"state": "missing"}
,
{
"node": "c",
"type": "discourse",
"subtype": "body",
"id": "P237193.U1",
"cdl": [
{
"node": "c",
"type": "sentence",
"id": "P237193.U2",
"label": "o 1' - r 9'",
"cdl": [
{
"node": "d",
"type": "line-start",
"ref": "P237193.3",
"n": "1'",
"label": "o 1'"}
,
{
"node": "l",
"frag": "[a-na",
"id": "P237193.l021d1",
"ref": "P237193.3.1",
"inst": "ana[to]PRP",
"sig": "@saao/saa18%akk-x-neobab:a-na=ana[to//to]PRP'PRP$ana",
"f": {"lang": "akk-x-neobab",
"form": "a-na",
"cf": "ana",
"gw": "to",
"sense": "to",
"norm": "ana",
"pos": "PRP",
"epos": "PRP"}
}
,
{
"node": "l",
"frag": "LUGAL",
"id": "P237193.l021d2",
"ref": "P237193.3.2",
"inst": "šarri[king]N",
"sig": "@saao/saa18%akk-x-neobab:LUGAL=šarru[king//king]N'N$šarri",
"f": {"lang": "akk-x-neobab",
"form": "LUGAL",
"cf": "šarru",
"gw": "king",
"sense": "king",
"norm": "šarri",
"pos": "N",
"epos": "N"}
}
,
{
"node": "l",
"frag": "be-li₂]-⸢ia₂",
"id": "P237193.l021d3",
"ref": "P237193.3.3",
"inst": "bēlīya[lord]N",
"sig": "@saao/saa18%akk-x-neobab:be-li₂-ia₂=bēlu[lord//lord]N'N$bēlīya",
"f": {"lang": "akk-x-neobab",
"form": "be-li₂-ia₂",
"cf": "bēlu",
"gw": "lord",
"sense": "lord",
"norm": "bēlīya",
"pos": "N",
"epos": "N"}
}
,
{
"node": "l",
"frag": "lik-ru⸣-[bu]",
"id": "P237193.l021d4",
"ref": "P237193.3.4",
"inst": "likrubū[bless]V",
"sig": "@saao/saa18%akk-x-neobab:lik-ru-bu=karābu[pray//bless]V'V$likrubū",
"f": {"lang": "akk-x-neobab",
"form": "lik-ru-bu",
"cf": "karābu",
"gw": "pray",
"sense": "bless",
"norm": "likrubū",
"pos": "V",
"epos": "V"}
}
,
{
"node": "d",
"type": "line-start",
"ref": "P237193.4",
"n": "2'",
"label": "o 2'"}
,
{
"node": "l",
"frag": "UD-⸢mu⸣-[us-su]",
"id": "P237193.l021d5",
"ref": "P237193.4.1",
"inst": "ūmussu[daily]AV",
"sig": "@saao/saa18%akk-x-neobab:UD-mu-us-su=ūmussu[daily//daily]AV'AV$ūmussu",
"f": {"lang": "akk-x-neobab",
"form": "UD-mu-us-su",
"cf": "ūmussu",
"gw": "daily",
"sense": "daily",
"norm": "ūmussu",
"pos": "AV",
"epos": "AV"}
}
,
{
"node": "l",
"frag": "{⸢d⸣}MAŠ",
"id": "P237193.l021d6",
"ref": "P237193.4.2",
"inst": "Ninurta[1]DN",
"sig": "@saao/saa18%akk-x-neobab:{d}MAŠ=Ninurta[1//1]DN'DN$Ninurta",
"f": {"lang": "akk-x-neobab",
"form": "{d}MAŠ",
"cf": "Ninurta",
"gw": "1",
"sense": "1",
"norm": "Ninurta",
"pos": "DN",
"epos": "DN"}
}
,
{
"node": "l",
"frag": "u",
"id": "P237193.l021d7",
"ref": "P237193.4.3",
"inst": "u[and]CNJ",
"sig": "@saao/saa18%akk-x-neobab:u=u[and//and]CNJ'CNJ$u",
"f": {"lang": "akk-x-neobab",
"form": "u",
"cf": "u",
"gw": "and",
"sense": "and",
"norm": "u",
"pos": "CNJ",
"epos": "CNJ"}
}
,
{
"node": "l",
"frag": "{d}gu-⸢la⸣",
"id": "P237193.l021d8",
"ref": "P237193.4.4",
"inst": "+Gula[]DN$",
"sig": "@saao/saa18%akk-x-neobab:{d}gu-la=Gula[1//1]DN'DN$Gula",
"f": {"lang": "akk-x-neobab",
"form": "{d}gu-la",
"cf": "Gula",
"gw": "1",
"sense": "1",
"norm": "Gula",
"pos": "DN",
"epos": "DN"}
}
,
{
"node": "d",
"type": "line-start",
"ref": "P237193.5",
"n": "3'",
"label": "o 3'"}
,
{
"node": "l",
"frag": "a-na",
"id": "P237193.l021d9",
"ref": "P237193.5.1",
"inst": "ana[for]PRP",
"sig": "@saao/saa18%akk-x-neobab:a-na=ana[to//for]PRP'PRP$ana",
"f": {"lang": "akk-x-neobab",
"form": "a-na",
"cf": "ana",
"gw": "to",
"sense": "for",
"norm": "ana",
"pos": "PRP",
"epos": "PRP"}
}
,
{
"node": "l",
"frag": "⸢TIN",
"id": "P237193.l021da",
"ref": "P237193.5.2",
"inst": "balāṭi[life]'N",
"sig": "@saao/saa18%akk-x-neobab:TIN=balāṭu[live//life]V'N$balāṭi",
"f": {"lang": "akk-x-neobab",
"form": "TIN",
"cf": "balāṭu",
"gw": "live",
"sense": "life",
"norm": "balāṭi",
"pos": "V",
"epos": "N"}
}
,
{
"node": "l",
"frag": "ZI⸣-MEŠ",
"id": "P237193.l021db",
"ref": "P237193.5.3",
"inst": "napšāti[life]N",
"sig": "@saao/saa18%akk-x-neobab:ZI-MEŠ=napištu[throat//life]N'N$napšāti",
"f": {"lang": "akk-x-neobab",
"form": "ZI-MEŠ",
"cf": "napištu",
"gw": "throat",
"sense": "life",
"norm": "napšāti",
"pos": "N",
"epos": "N"}
}
,
{
"node": "l",
"frag": "ša₂",
"id": "P237193.l021dc",
"ref": "P237193.5.4",
"inst": "ša[of]DET",
"sig": "@saao/saa18%akk-x-neobab:ša₂=ša[of//of]DET'DET$ša",
"f": {"lang": "akk-x-neobab",
"form": "ša₂",
"cf": "ša",
"gw": "of",
"sense": "of",
"norm": "ša",
"pos": "DET",
"epos": "DET"}
}
,
{
"node": "l",
"frag": "LUGAL",
"id": "P237193.l021dd",
"ref": "P237193.5.5",
"inst": "šarri[king]N",
"sig": "@saao/saa18%akk-x-neobab:LUGAL=šarru[king//king]N'N$šarri",
"f": {"lang": "akk-x-neobab",
"form": "LUGAL",
"cf": "šarru",
"gw": "king",
"sense": "king",
"norm": "šarri",
"pos": "N",
"epos": "N"}
}
,
{
"node": "l",
"frag": "EN-ia",
"id": "P237193.l021de",
"ref": "P237193.5.6",
"inst": "bēlīya[lord]N",
"sig": "@saao/saa18%akk-x-neobab:EN-ia=bēlu[lord//lord]N'N$bēlīya",
"f": {"lang": "akk-x-neobab",
"form": "EN-ia",
"cf": "bēlu",
"gw": "lord",
"sense": "lord",
"norm": "bēlīya",
"pos": "N",
"epos": "N"}
}
,
{
"node": "d",
"type": "line-start",
"ref": "P237193.6",
"n": "4'",
"label": "o 4'"}
,
{
"node": "l",
"frag": "u₂-ṣal-la",
"id": "P237193.l021df",
"ref": "P237193.6.1",
"inst": "uṣalla[pray to]V",
"sig": "@saao/saa18%akk-x-neobab:u₂-ṣal-la=ṣullû[beseech//pray to]V'V$uṣalla",
"f": {"lang": "akk-x-neobab",
"form": "u₂-ṣal-la",
"cf": "ṣullû",
"gw": "beseech",
"sense": "pray to",
"norm": "uṣalla",
"pos": "V",
"epos": "V"}
}
,
{
"node": "l",
"frag": "a-du-u₂",
"id": "P237193.l021e0",
"ref": "P237193.6.2",
"inst": "adû[now]AV",
"sig": "@saao/saa18%akk-x-neobab:a-du-u₂=adû[now//now]AV'AV$adû",
"f": {"lang": "akk-x-neobab",
"form": "a-du-u₂",
"cf": "adû",
"gw": "now",
"sense": "now",
"norm": "adû",
"pos": "AV",
"epos": "AV"}
}
,
{
"node": "l",
"frag": "{lu₂}ša₂-UGU-URU",
"id": "P237193.l021e1",
"ref": "P237193.6.3",
"inst": "ša-muhhi-āli[town overseer]N",
"sig": "@saao/saa18%akk-x-neobab:{LU₂}ša₂-UGU-URU=ša-muhhi-āli[town overseer//town overseer]N'N$ša-muhhi-āli",
"f": {"lang": "akk-x-neobab",
"form": "{LU₂}ša₂-UGU-URU",
"cf": "ša-muhhi-āli",
"gw": "town overseer",
"sense": "town overseer",
"norm": "ša-muhhi-āli",
"pos": "N",
"epos": "N"}
}
,
{
"node": "d",
"type": "line-start",
"ref": "P237193.7",
"n": "5'",
"label": "o 5'"}
,
{
"node": "l",
"frag": "ša₂",
"id": "P237193.l021e2",
"ref": "P237193.7.1",
"inst": "ša[who]REL",
"sig": "@saao/saa18%akk-x-neobab:ša₂=ša[that//who]REL'REL$ša",
"f": {"lang": "akk-x-neobab",
"form": "ša₂",
"cf": "ša",
"gw": "that",
"sense": "who",
"norm": "ša",
"pos": "REL",
"epos": "REL"}
}
,
{
"node": "l",
"frag": "il-li-ku-u₂",
"id": "P237193.l021e3",
"ref": "P237193.7.2",
"inst": "illikū[go]V",
"sig": "@saao/saa18%akk-x-neobab:il-li-ku-u₂=alāku[go//go]V'V$illikū",
"f": {"lang": "akk-x-neobab",
"form": "il-li-ku-u₂",
"cf": "alāku",
"gw": "go",
"sense": "go",
"norm": "illikū",
"pos": "V",
"epos": "V"}
}
,
{
"node": "l",
"frag": "{lu₂}KUR₂-MEŠ",
"id": "P237193.l021e4",
"ref": "P237193.7.3",
"inst": "nakrūti[enemy]N",
"sig": "@saao/saa18%akk-x-neobab:{LU₂}KUR₂-MEŠ=nakru[enemy//enemy]N'N$nakrūti",
"f": {"lang": "akk-x-neobab",
"form": "{LU₂}KUR₂-MEŠ",
"cf": "nakru",
"gw": "enemy",
"sense": "enemy",
"norm": "nakrūti",
"pos": "N",
"epos": "N"}
}
,
{
"node": "d",
"type": "line-start",
"ref": "P237193.8",
"n": "6'",
"label": "o 6'"}
,
{
"node": "l",
"frag": "il-du-ud",
"id": "P237193.l021e5",
"ref": "P237193.8.1",
"inst": "+šadādu[drag//call in]V'V$ildud",
"sig": "@saao/saa18%akk-x-neobab:il-du-ud=šadādu[drag//call in]V'V$ildud",
"f": {"lang": "akk-x-neobab",
"form": "il-du-ud",
"cf": "šadādu",
"gw": "drag",
"sense": "call in",
"norm": "ildud",
"pos": "V",
"epos": "V"}
}
,
{
"node": "l",
"frag": "um-ma",
"id": "P237193.l021e6",
"ref": "P237193.8.2",
"inst": "umma[saying]PRP",
"sig": "@saao/saa18%akk-x-neobab:um-ma=umma[saying//saying]PRP'PRP$umma",
"f": {"lang": "akk-x-neobab",
"form": "um-ma",
"cf": "umma",
"gw": "saying",
"sense": "saying",
"norm": "umma",
"pos": "PRP",
"epos": "PRP"}
}
,
{
"node": "l",
"frag": "a-na-[ku]",
"id": "P237193.l021e7",
"ref": "P237193.8.3",
"inst": "anāku[I]IP",
"sig": "@saao/saa18%akk-x-neobab:a-na-ku=anāku[I//I]IP'IP$anāku",
"f": {"lang": "akk-x-neobab",
"form": "a-na-ku",
"cf": "anāku",
"gw": "I",
"sense": "I",
"norm": "anāku",
"pos": "IP",
"epos": "IP"}
}
,
{
"node": "d",
"type": "line-start",
"ref": "P237193.9",
"n": "7'",
"label": "o 7'"}
,
{
"node": "l",
"frag": "a-na",
"id": "P237193.l021e8",
"ref": "P237193.9.1",
"inst": "ana[to]PRP",
"sig": "@saao/saa18%akk-x-neobab:a-na=ana[to//to]PRP'PRP$ana",
"f": {"lang": "akk-x-neobab",
"form": "a-na",
"cf": "ana",
"gw": "to",
"sense": "to",
"norm": "ana",
"pos": "PRP",
"epos": "PRP"}
}
,
{
"node": "l",
"frag": "ŠU.2-ku-nu",
"id": "P237193.l021e9",
"ref": "P237193.9.2",
"inst": "qātīkunu[hand]N",
"sig": "@saao/saa18%akk-x-neobab:ŠU.2-ku-nu=qātu[hand//hand]N'N$qātīkunu",
"f": {"lang": "akk-x-neobab",
"form": "ŠU.2-ku-nu",
"cf": "qātu",
"gw": "hand",
"sense": "hand",
"norm": "qātīkunu",
"pos": "N",
"epos": "N"}
}
,
{
"node": "l",
"frag": "a-man-⸢na⸣-[aš₂-šu₂]",
"id": "P237193.l021ea",
"ref": "P237193.9.3",
"inst": "+manû[count//deliver]V'V$amannaššu",
"sig": "@saao/saa18%akk-x-neobab:a-man-na-aš₂-šu₂=manû[count//deliver]V'V$amannaššu",
"f": {"lang": "akk-x-neobab",
"form": "a-man-na-aš₂-šu₂",
"cf": "manû",
"gw": "count",
"sense": "deliver",
"norm": "amannaššu",
"pos": "V",
"epos": "V"}
}
,
{
"node": "d",
"type": "line-start",
"ref": "P237193.10",
"n": "8'",
"label": "o 8'"}
,
{
"node": "l",
"frag": "ma-a-da",
"id": "P237193.l021eb",
"ref": "P237193.10.1",
"inst": "+mādu[many//much]AJ'AV$māda",
"sig": "@saao/saa18%akk-x-neobab:ma-a-da=mādu[many//much]AJ'AV$māda",
"f": {"lang": "akk-x-neobab",
"form": "ma-a-da",
"cf": "mādu",
"gw": "many",
"sense": "much",
"norm": "māda",
"pos": "AJ",
"epos": "AV"}
}
,
{
"node": "l",
"frag": "ki-i",
"id": "P237193.l021ec",
"ref": "P237193.10.2",
"inst": "kî[that]'SBJ",
"sig": "@saao/saa18%akk-x-neobab:ki-i=kī[like//that]PRP'SBJ$kî",
"f": {"lang": "akk-x-neobab",
"form": "ki-i",
"cf": "kī",
"gw": "like",
"sense": "that",
"norm": "kî",
"pos": "PRP",
"epos": "SBJ"}
}
,
{
"node": "l",
"frag": "i-[x",
"id": "P237193.l021ed",
"ref": "P237193.10.3",
"inst": "u",
"f": {"lang": "akk-x-neobab",
"form": "i-x",
"pos": "u"}
}
,
{
"node": "l",
"frag": "x",
"id": "P237193.l021ee",
"ref": "P237193.10.4",
"inst": "u",
"f": {"lang": "akk-x-neobab",
"form": "x",
"pos": "u"}
}
,
{
"node": "l",
"frag": "x",
"id": "P237193.l021ef",
"ref": "P237193.10.5",
"inst": "u",
"f": {"lang": "akk-x-neobab",
"form": "x",
"pos": "u"}
}
,
{
"node": "l",
"frag": "x]",
"id": "P237193.l021f0",
"ref": "P237193.10.6",
"inst": "u",
"f": {"lang": "akk-x-neobab",
"form": "x",
"pos": "u"}
}
,
{
"node": "d",
"type": "line-start",
"ref": "P237193.11",
"n": "9'",
"label": "o 9'"}
,
{
"node": "l",
"frag": "[ina]",
"id": "P237193.l021f1",
"ref": "P237193.11.1",
"inst": "ina[in]PRP",
"sig": "@saao/saa18%akk-x-neobab:ina=ina[in//in]PRP'PRP$ina",
"f": {"lang": "akk-x-neobab",
"form": "ina",
"cf": "ina",
"gw": "in",
"sense": "in",
"norm": "ina",
"pos": "PRP",
"epos": "PRP"}
}
,
{
"node": "l",
"frag": "⸢UGU⸣",
"id": "P237193.l021f2",
"ref": "P237193.11.2",
"inst": "muhhi[skull]N",
"sig": "@saao/saa18%akk-x-neobab:UGU=muhhu[skull//skull]N'N$muhhi",
"f": {"lang": "akk-x-neobab",
"form": "UGU",
"cf": "muhhu",
"gw": "skull",
"sense": "skull",
"norm": "muhhi",
"pos": "N",
"epos": "N"}
}
,
{
"node": "c",
"type": "phrase",
"tag": "phr",
"id": "P237193.U4",
"ref": "P237193.ls00000",
"cdl": [
{
"node": "l",
"frag": "E₂-bir-⸢ti⸣",
"id": "P237193.l021f3",
"ref": "P237193.11.3",
"cof-tails": "P237193.l021f4",
"inst": "+bītu[house]N$bīt&+birtu[fort]N$bīrti",
"sig": "@saao/saa18%akk-x-neobab:E₂-bir-ti=bītu[house//house]N'N$bīt&&@saao/saa18%akk-x-neobab:E₂-bir-ti=birtu[fort//fort]N'N$bīrti",
"f": {"lang": "akk-x-neobab",
"form": "E₂-bir-ti",
"cf": "bītu",
"gw": "house",
"sense": "house",
"norm": "bīt",
"pos": "N",
"epos": "N"}
}
,
{
"node": "l",
"frag": "E₂-bir-⸢ti⸣",
"id": "P237193.l021f4",
"ref": "P237193.11.3",
"cof-head": "P237193.l021f3",
"inst": "+bītu[house]N$bīt&+birtu[fort]N$bīrti",
"f": {"lang": "akk-x-neobab",
"form": "E₂-bir-ti",
"cf": "birtu",
"gw": "fort",
"sense": "fort",
"norm": "bīrti",
"pos": "N",
"epos": "N"}
}
]}
,
{
"node": "l",
"frag": "[x",
"id": "P237193.l021f5",
"ref": "P237193.11.4",
"inst": "u",
"f": {"lang": "akk-x-neobab",
"form": "x",
"pos": "u"}
}
,
{
"node": "l",
"frag": "x",
"id": "P237193.l021f6",
"ref": "P237193.11.5",
"inst": "u",
"f": {"lang": "akk-x-neobab",
"form": "x",
"pos": "u"}
}
,
{
"node": "l",
"frag": "x]",
"id": "P237193.l021f7",
"ref": "P237193.11.6",
"inst": "u",
"f": {"lang": "akk-x-neobab",
"form": "x",
"pos": "u"}
}
,
{
"node": "d",
"type": "line-start",
"ref": "P237193.12",
"n": "10'",
"label": "o 10'"}
,
{
"node": "l",
"frag": "[x",
"id": "P237193.l021f8",
"ref": "P237193.12.1",
"inst": "u",
"f": {"lang": "akk-x-neobab",
"form": "x",
"pos": "u"}
}
,
{
"node": "l",
"frag": "x",
"id": "P237193.l021f9",
"ref": "P237193.12.2",
"inst": "u",
"f": {"lang": "akk-x-neobab",
"form": "x",
"pos": "u"}
}
,
{
"node": "l",
"frag": "x]+⸢x⸣",
"id": "P237193.l021fa",
"ref": "P237193.12.3",
"inst": "u",
"f": {"lang": "akk-x-neobab",
"form": "x+x",
"pos": "u"}
}
,
{
"node": "l",
"frag": "a",
"id": "P237193.l021fb",
"ref": "P237193.12.4",
"inst": "u",
"f": {"lang": "akk-x-neobab",
"form": "a",
"pos": "u"}
}
,
{
"node": "l",
"frag": "⸢x⸣+[x",
"id": "P237193.l021fc",
"ref": "P237193.12.5",
"inst": "u",
"f": {"lang": "akk-x-neobab",
"form": "x+x",
"pos": "u"}
}
,
{
"node": "l",
"frag": "x",
"id": "P237193.l021fd",
"ref": "P237193.12.6",
"inst": "u",
"f": {"lang": "akk-x-neobab",
"form": "x",
"pos": "u"}
}
,
{
"node": "l",
"frag": "x",
"id": "P237193.l021fe",
"ref": "P237193.12.7",
"inst": "u",
"f": {"lang": "akk-x-neobab",
"form": "x",
"pos": "u"}
}
,
{
"node": "l",
"frag": "x",
"id": "P237193.l021ff",
"ref": "P237193.12.8",
"inst": "u",
"f": {"lang": "akk-x-neobab",
"form": "x",
"pos": "u"}
}
,
{
"node": "l",
"frag": "x]",
"id": "P237193.l02200",
"ref": "P237193.12.9",
"inst": "u",
"f": {"lang": "akk-x-neobab",
"form": "x",
"pos": "u"}
}
,
{
"node": "d",
"type": "nonx",
"ref": "P237193.13",
"strict": "0",
"extent": "rest",
"state": "missing"}
,
{
"node": "d",
"subtype": "reverse",
"type": "surface",
"ref": "P237193.r.14",
"type": "reverse",
"label": "r"}
,
{
"node": "d",
"type": "nonx",
"ref": "P237193.15",
"strict": "0",
"extent": "beginning",
"state": "missing"}
,
{
"node": "d",
"type": "line-start",
"ref": "P237193.16",
"n": "1'",
"label": "r 1'"}
,
{
"node": "l",
"frag": "u₃",
"id": "P237193.l02201",
"ref": "P237193.16.1",
"inst": "u[and]CNJ",
"sig": "@saao/saa18%akk-x-neobab:u₃=u[and//and]CNJ'CNJ$u",
"f": {"lang": "akk-x-neobab",
"form": "u₃",
"cf": "u",
"gw": "and",
"sense": "and",
"norm": "u",
"pos": "CNJ",
"epos": "CNJ"}
}
,
{
"node": "l",
"frag": "⸢en-na⸣",
"id": "P237193.l02202",
"ref": "P237193.16.2",
"inst": "enna[now]AV",
"sig": "@saao/saa18%akk-x-neobab:en-na=enna[now//now]AV'AV$enna",
"f": {"lang": "akk-x-neobab",
"form": "en-na",
"cf": "enna",
"gw": "now",
"sense": "now",
"norm": "enna",
"pos": "AV",
"epos": "AV"}
}
,
{
"node": "l",
"frag": "[x",
"id": "P237193.l02203",
"ref": "P237193.16.3",
"inst": "u",
"f": {"lang": "akk-x-neobab",
"form": "x",
"pos": "u"}
}
,
{
"node": "l",
"frag": "x",
"id": "P237193.l02204",
"ref": "P237193.16.4",
"inst": "u",
"f": {"lang": "akk-x-neobab",
"form": "x",
"pos": "u"}
}
,
{
"node": "l",
"frag": "x",
"id": "P237193.l02205",
"ref": "P237193.16.5",
"inst": "u",
"f": {"lang": "akk-x-neobab",
"form": "x",
"pos": "u"}
}
,
{
"node": "l",
"frag": "x",
"id": "P237193.l02206",
"ref": "P237193.16.6",
"inst": "u",
"f": {"lang": "akk-x-neobab",
"form": "x",
"pos": "u"}
}
,
{
"node": "l",
"frag": "x",
"id": "P237193.l02207",
"ref": "P237193.16.7",
"inst": "u",
"f": {"lang": "akk-x-neobab",
"form": "x",
"pos": "u"}
}
,
{
"node": "l",
"frag": "x]",
"id": "P237193.l02208",
"ref": "P237193.16.8",
"inst": "u",
"f": {"lang": "akk-x-neobab",
"form": "x",
"pos": "u"}
}
,
{
"node": "d",
"type": "line-start",
"ref": "P237193.17",
"n": "2'",
"label": "r 2'"}
,
{
"node": "l",
"frag": "il-li-ka",
"id": "P237193.l02209",
"ref": "P237193.17.1",
"inst": "illika[come]V",
"sig": "@saao/saa18%akk-x-neobab:il-li-ka=alāku[go//come]V'V$illika",
"f": {"lang": "akk-x-neobab",
"form": "il-li-ka",
"cf": "alāku",
"gw": "go",
"sense": "come",
"norm": "illika",
"pos": "V",
"epos": "V"}
}
,
{
"node": "l",
"frag": "⸢ki-i⸣",
"id": "P237193.l0220a",
"ref": "P237193.17.2",
"inst": "kî[that]'SBJ",
"sig": "@saao/saa18%akk-x-neobab:ki-i=kī[like//that]PRP'SBJ$kî",
"f": {"lang": "akk-x-neobab",
"form": "ki-i",
"cf": "kī",
"gw": "like",
"sense": "that",
"norm": "kî",
"pos": "PRP",
"epos": "SBJ"}
}
,
{
"node": "l",
"frag": "[x",
"id": "P237193.l0220b",
"ref": "P237193.17.3",
"inst": "u",
"f": {"lang": "akk-x-neobab",
"form": "x",
"pos": "u"}
}
,
{
"node": "l",
"frag": "x",
"id": "P237193.l0220c",
"ref": "P237193.17.4",
"inst": "u",
"f": {"lang": "akk-x-neobab",
"form": "x",
"pos": "u"}
}
,
{
"node": "l",
"frag": "x]",
"id": "P237193.l0220d",
"ref": "P237193.17.5",
"inst": "u",
"f": {"lang": "akk-x-neobab",
"form": "x",
"pos": "u"}
}
,
{
"node": "d",
"type": "line-start",
"ref": "P237193.18",
"n": "3'",
"label": "r 3'"}
,
{
"node": "l",
"frag": "ina",
"id": "P237193.l0220e",
"ref": "P237193.18.1",
"inst": "ina[in]PRP",
"sig": "@saao/saa18%akk-x-neobab:ina=ina[in//in]PRP'PRP$ina",
"f": {"lang": "akk-x-neobab",
"form": "ina",
"cf": "ina",
"gw": "in",
"sense": "in",
"norm": "ina",
"pos": "PRP",
"epos": "PRP"}
}
,
{
"node": "l",
"frag": "ŠU.2",
"id": "P237193.l0220f",
"ref": "P237193.18.2",
"inst": "qātē[hand]N",
"sig": "@saao/saa18%akk-x-neobab:ŠU.2=qātu[hand//hand]N'N$qātē",
"f": {"lang": "akk-x-neobab",
"form": "ŠU.2",
"cf": "qātu",
"gw": "hand",
"sense": "hand",
"norm": "qātē",
"pos": "N",
"epos": "N"}
}
,
{
"node": "l",
"frag": "{1}{d}EN-ŠUR",
"id": "P237193.l02210",
"ref": "P237193.18.3",
"inst": "Bel-eṭir[1]PN",
"sig": "@saao/saa18%akk-x-neobab:{1}{d}EN-ŠUR=Bel-eṭir[1//1]PN'PN$Bel-eṭir",
"f": {"lang": "akk-x-neobab",
"form": "{1}{d}EN-ŠUR",
"cf": "Bel-eṭir",
"gw": "1",
"sense": "1",
"norm": "Bel-eṭir",
"pos": "PN",
"epos": "PN"}
}
,
{
"node": "l",
"frag": "a-⸢na",
"id": "P237193.l02211",
"ref": "P237193.18.4",
"inst": "ana[to]PRP",
"sig": "@saao/saa18%akk-x-neobab:a-na=ana[to//to]PRP'PRP$ana",
"f": {"lang": "akk-x-neobab",
"form": "a-na",
"cf": "ana",
"gw": "to",
"sense": "to",
"norm": "ana",
"pos": "PRP",
"epos": "PRP"}
}
,
{
"node": "l",
"frag": "LUGAL⸣",
"id": "P237193.l02212",
"ref": "P237193.18.5",
"inst": "šarri[king]N",
"sig": "@saao/saa18%akk-x-neobab:LUGAL=šarru[king//king]N'N$šarri",
"f": {"lang": "akk-x-neobab",
"form": "LUGAL",
"cf": "šarru",
"gw": "king",
"sense": "king",
"norm": "šarri",
"pos": "N",
"epos": "N"}
}
,
{
"node": "l",
"frag": "[EN-ia₂]",
"id": "P237193.l02213",
"ref": "P237193.18.6",
"inst": "bēlīya[lord]N",
"sig": "@saao/saa18%akk-x-neobab:EN-ia₂=bēlu[lord//lord]N'N$bēlīya",
"f": {"lang": "akk-x-neobab",
"form": "EN-ia₂",
"cf": "bēlu",
"gw": "lord",
"sense": "lord",
"norm": "bēlīya",
"pos": "N",
"epos": "N"}
}
,
{
"node": "d",
"type": "line-start",
"ref": "P237193.19",
"n": "4'",
"label": "r 4'"}
,
{
"node": "l",
"frag": "al-tap-raš-šu₂",
"id": "P237193.l02214",
"ref": "P237193.19.1",
"inst": "altapraššu[send]V",
"sig": "@saao/saa18%akk-x-neobab:al-tap-raš-šu₂=šapāru[send//send]V'V$altapraššu",
"f": {"lang": "akk-x-neobab",
"form": "al-tap-raš-šu₂",
"cf": "šapāru",
"gw": "send",
"sense": "send",
"norm": "altapraššu",
"pos": "V",
"epos": "V"}
}
,
{
"node": "l",
"frag": "LUGAL",
"id": "P237193.l02215",
"ref": "P237193.19.2",
"inst": "šarru[king]N",
"sig": "@saao/saa18%akk-x-neobab:LUGAL=šarru[king//king]N'N$šarru",
"f": {"lang": "akk-x-neobab",
"form": "LUGAL",
"cf": "šarru",
"gw": "king",
"sense": "king",
"norm": "šarru",
"pos": "N",
"epos": "N"}
}
,
{
"node": "l",
"frag": "a-ki-⸢i",
"id": "P237193.l02216",
"ref": "P237193.19.3",
"inst": "akī[in accordance with]PRP",
"sig": "@saao/saa18%akk-x-neobab:a-ki-i=akī[as, like//in accordance with]PRP'PRP$akī",
"f": {"lang": "akk-x-neobab",
"form": "a-ki-i",
"cf": "akī",
"gw": "as, like",
"sense": "in accordance with",
"norm": "akī",
"pos": "PRP",
"epos": "PRP"}
}
,
{
"node": "l",
"frag": "ša₂",
"id": "P237193.l02217",
"ref": "P237193.19.4",
"inst": "ša[what]REL",
"sig": "@saao/saa18%akk-x-neobab:ša₂=ša[that//what]REL'REL$ša",
"f": {"lang": "akk-x-neobab",
"form": "ša₂",
"cf": "ša",
"gw": "that",
"sense": "what",
"norm": "ša",
"pos": "REL",
"epos": "REL"}
}
,
{
"node": "l",
"frag": "i⸣-[le-ʾu-u]",
"id": "P237193.l02218",
"ref": "P237193.19.5",
"inst": "+leʾû[be able//deem]V'V$ileʾʾû",
"sig": "@saao/saa18%akk-x-neobab:i-le-ʾu-u=leʾû[be able//deem]V'V$ileʾʾû",
"f": {"lang": "akk-x-neobab",
"form": "i-le-ʾu-u",
"cf": "leʾû",
"gw": "be able",
"sense": "deem",
"norm": "ileʾʾû",
"pos": "V",
"epos": "V"}
}
,
{
"node": "d",
"type": "line-start",
"ref": "P237193.20",
"n": "5'",
"label": "r 5'"}
,
{
"node": "l",
"frag": "li-pu-uš",
"id": "P237193.l02219",
"ref": "P237193.20.1",
"inst": "līpuš[do]V",
"sig": "@saao/saa18%akk-x-neobab:li-pu-uš=epēšu[do//settle]V'V$līpuš",
"f": {"lang": "akk-x-neobab",
"form": "li-pu-uš",
"cf": "epēšu",
"gw": "do",
"sense": "settle",
"norm": "līpuš",
"pos": "V",
"epos": "V"}
}
,
{
"node": "l",
"frag": "LUGAL",
"id": "P237193.l0221a",
"ref": "P237193.20.2",
"inst": "šarru[king]N",
"sig": "@saao/saa18%akk-x-neobab:LUGAL=šarru[king//king]N'N$šarru",
"f": {"lang": "akk-x-neobab",
"form": "LUGAL",
"cf": "šarru",
"gw": "king",
"sense": "king",
"norm": "šarru",
"pos": "N",
"epos": "N"}
}
,
{
"node": "l",
"frag": "EN-a",
"id": "P237193.l0221b",
"ref": "P237193.20.3",
"inst": "bēlīya[lord]N",
"sig": "@saao/saa18%akk-x-neobab:EN-a=bēlu[lord//lord]N'N$bēlīya",
"f": {"lang": "akk-x-neobab",
"form": "EN-a",
"cf": "bēlu",
"gw": "lord",
"sense": "lord",
"norm": "bēlīya",
"pos": "N",
"epos": "N"}
}
,
{
"node": "l",
"frag": "i-di",
"id": "P237193.l0221c",
"ref": "P237193.20.4",
"inst": "īdī[know]V",
"sig": "@saao/saa18%akk-x-neobab:i-di=wadû[know//know]V'V$īdī",
"f": {"lang": "akk-x-neobab",
"form": "i-di",
"cf": "wadû",
"gw": "know",
"sense": "know",
"norm": "īdī",
"pos": "V",
"epos": "V"}
}
,
{
"node": "l",
"frag": "⸢ki-i⸣",
"id": "P237193.l0221d",
"ref": "P237193.20.5",
"inst": "kî[that]'SBJ",
"sig": "@saao/saa18%akk-x-neobab:ki-i=kī[like//that]PRP'SBJ$kî",
"f": {"lang": "akk-x-neobab",
"form": "ki-i",
"cf": "kī",
"gw": "like",
"sense": "that",
"norm": "kî",
"pos": "PRP",
"epos": "SBJ"}
}
,
{
"node": "d",
"type": "line-start",
"ref": "P237193.21",
"n": "6'",
"label": "r 6'"}
,
{
"node": "l",
"frag": "ARAD-MEŠ-ka",
"id": "P237193.l0221e",
"ref": "P237193.21.1",
"inst": "ardēka[servant]N",
"sig": "@saao/saa18%akk-x-neobab:ARAD-MEŠ-ka=ardu[slave//servant]N'N$ardēka",
"f": {"lang": "akk-x-neobab",
"form": "ARAD-MEŠ-ka",
"cf": "ardu",
"gw": "slave",
"sense": "servant",
"norm": "ardēka",
"pos": "N",
"epos": "N"}
}
,
{
"node": "l",
"frag": "{lu₂}UD.UD{ki}-MEŠ",
"id": "P237193.l0221f",
"ref": "P237193.21.2",
"inst": "+Larakaya[Larakean]EN$",
"sig": "@saao/saa18%akk-x-neobab:{LU₂}UD.UD{KI}-MEŠ=Larakaya[Larakean//Larakean]EN'EN$Larakaya",
"f": {"lang": "akk-x-neobab",
"form": "{LU₂}UD.UD{KI}-MEŠ",
"cf": "Larakaya",
"gw": "Larakean",
"sense": "Larakean",
"norm": "Larakaya",
"pos": "EN",
"epos": "EN"}
}
,
{
"node": "d",
"type": "line-start",
"ref": "P237193.22",
"n": "7'",
"label": "r 7'"}
,
{
"node": "l",
"frag": "it-ti",
"id": "P237193.l02220",
"ref": "P237193.22.1",
"inst": "itti[with]PRP",
"sig": "@saao/saa18%akk-x-neobab:it-ti=itti[with//with]PRP'PRP$itti",
"f": {"lang": "akk-x-neobab",
"form": "it-ti",
"cf": "itti",
"gw": "with",
"sense": "with",
"norm": "itti",
"pos": "PRP",
"epos": "PRP"}
}
,
{
"node": "l",
"frag": "LUGAL",
"id": "P237193.l02221",
"ref": "P237193.22.2",
"inst": "šarri[king]N",
"sig": "@saao/saa18%akk-x-neobab:LUGAL=šarru[king//king]N'N$šarri",
"f": {"lang": "akk-x-neobab",
"form": "LUGAL",
"cf": "šarru",
"gw": "king",
"sense": "king",
"norm": "šarri",
"pos": "N",
"epos": "N"}
}
,
{
"node": "l",
"frag": "ki-i-ni",
"id": "P237193.l02222",
"ref": "P237193.22.3",
"inst": "+kīnu[permanent//loyal]AJ'AJ$kīni",
"sig": "@saao/saa18%akk-x-neobab:ki-i-ni=kīnu[permanent//loyal]AJ'AJ$kīni",
"f": {"lang": "akk-x-neobab",
"form": "ki-i-ni",
"cf": "kīnu",
"gw": "permanent",
"sense": "loyal",
"norm": "kīni",
"pos": "AJ",
"epos": "AJ"}
}
,
{
"node": "l",
"frag": "DINGIR-MEŠ-ni",
"id": "P237193.l02223",
"ref": "P237193.22.4",
"inst": "+ilu[god]N$ilānīni",
"sig": "@saao/saa18%akk-x-neobab:DINGIR-MEŠ-ni=ilu[god//god]N'N$ilānīni",
"f": {"lang": "akk-x-neobab",
"form": "DINGIR-MEŠ-ni",
"cf": "ilu",
"gw": "god",
"sense": "god",
"norm": "ilānīni",
"pos": "N",
"epos": "N"}
}
,
{
"node": "d",
"frag": "<<ni>>",
"type": "nonw",
"ref": "P237193.22.5",
"lang": "akk-x-neobab",
"type": "excised"}
,
{
"node": "d",
"type": "line-start",
"ref": "P237193.23",
"n": "8'",
"label": "r 8'"}
,
{
"node": "l",
"frag": "ina",
"id": "P237193.l02224",
"ref": "P237193.23.1",
"inst": "ina[in]PRP",
"sig": "@saao/saa18%akk-x-neobab:ina=ina[in//in]PRP'PRP$ina",
"f": {"lang": "akk-x-neobab",
"form": "ina",
"cf": "ina",
"gw": "in",
"sense": "in",
"norm": "ina",
"pos": "PRP",
"epos": "PRP"}
}
,
{
"node": "l",
"frag": "EN.LIL₂{ki}",
"id": "P237193.l02225",
"ref": "P237193.23.2",
"inst": "Nippur[1]GN",
"sig": "@saao/saa18%akk-x-neobab:EN.LIL₂{KI}=Nippur[1//1]GN'GN$Nippur",
"f": {"lang": "akk-x-neobab",
"form": "EN.LIL₂{KI}",
"cf": "Nippur",
"gw": "1",
"sense": "1",
"norm": "Nippur",
"pos": "GN",
"epos": "GN"}
}
,
{
"node": "l",
"frag": "LUGAL",
"id": "P237193.l02226",
"ref": "P237193.23.3",
"inst": "šarru[king]N",
"sig": "@saao/saa18%akk-x-neobab:LUGAL=šarru[king//king]N'N$šarru",
"f": {"lang": "akk-x-neobab",
"form": "LUGAL",
"cf": "šarru",
"gw": "king",
"sense": "king",
"norm": "šarru",
"pos": "N",
"epos": "N"}
}
,
{
"node": "l",
"frag": "a-lak-šu₂-nu",
"id": "P237193.l02227",
"ref": "P237193.23.4",
"inst": "+alāku[go//going]V'N$alākšunu",
"sig": "@saao/saa18%akk-x-neobab:a-lak-šu₂-nu=alāku[go//going]V'N$alākšunu",
"f": {"lang": "akk-x-neobab",
"form": "a-lak-šu₂-nu",
"cf": "alāku",
"gw": "go",
"sense": "going",
"norm": "alākšunu",
"pos": "V",
"epos": "N"}
}
,
{
"node": "d",
"type": "line-start",
"ref": "P237193.24",
"n": "9'",
"label": "r 9'"}
,
{
"node": "l",
"frag": "⸢x",
"id": "P237193.l02228",
"ref": "P237193.24.1",
"inst": "u",
"f": {"lang": "akk-x-neobab",
"form": "x",
"pos": "u"}
}
,
{
"node": "l",
"frag": "x",
"id": "P237193.l02229",
"ref": "P237193.24.2",
"inst": "u",
"f": {"lang": "akk-x-neobab",
"form": "x",
"pos": "u"}
}
,
{
"node": "l",
"frag": "x",
"id": "P237193.l0222a",
"ref": "P237193.24.3",
"inst": "u",
"f": {"lang": "akk-x-neobab",
"form": "x",
"pos": "u"}
}
,
{
"node": "l",
"frag": "x",
"id": "P237193.l0222b",
"ref": "P237193.24.4",
"inst": "u",
"f": {"lang": "akk-x-neobab",
"form": "x",
"pos": "u"}
}
,
{
"node": "l",
"frag": "x",
"id": "P237193.l0222c",
"ref": "P237193.24.5",
"inst": "u",
"f": {"lang": "akk-x-neobab",
"form": "x",
"pos": "u"}
}
,
{
"node": "l",
"frag": "x",
"id": "P237193.l0222d",
"ref": "P237193.24.6",
"inst": "u",
"f": {"lang": "akk-x-neobab",
"form": "x",
"pos": "u"}
}
,
{
"node": "l",
"frag": "x-na⸣",
"id": "P237193.l0222e",
"ref": "P237193.24.7",
"inst": "u",
"f": {"lang": "akk-x-neobab",
"form": "x-na",
"pos": "u"}
}
,
{
"node": "d",
"type": "nonx",
"ref": "P237193.25",
"strict": "0",
"extent": "rest",
"state": "missing"}
]}
]}
]}
,
{
"linkbase": [{
"type": "linkset",
"xlink_title": "bīt bīrti[fort//fort]N'N",
"id": "P237193.ls00000",
"xlink_type": "extended",
"xlink_role": "psu",
"sig": "{E₂-bir-ti = bītu[house]N birtu[fort]N += bīt bīrti[fort//fort]N'N}::@saao/saa18%akk-x-neobab:E₂-bir-ti=bītu[house//house]N'N$bīt++@saao/saa18%akk-x-neobab:E₂-bir-ti=birtu[fort//fort]N'N$bīrti",
"links": [
{
"type": "link",
"xlink_title": "bītu",
"xlink_type": "locator",
"xlink_href": "#P237193.l021f3",
"xlink_role": "elt"}
,
{
"type": "link",
"xlink_title": "birtu",
"xlink_type": "locator",
"xlink_href": "#P237193.l021f4",
"xlink_role": "elt"}
]}
]}
]}
