{
"type": "cdl",
  "source": "http://oracc.org/saao/saa18",
  "license": "This data is released under the CC0 license",
  "license-url": "https://creativecommons.org/publicdomain/zero/1.0/",
  "more-info": "http://oracc.org/doc/opendata/",
  "UTC-timestamp": "2017-05-19T12:00:53",
"project": "saao/saa18",
"textid": "P237692",
"cdl": [
{
"node": "c",
"type": "text",
"id": "P237692.U0",
"cdl": [
{
"node": "d",
"type": "object",
"ref": ""}
,
{
"node": "d",
"subtype": "obverse",
"type": "surface",
"ref": "P237692.o.1",
"type": "obverse",
"label": "o"}
,
{
"node": "d",
"type": "nonx",
"ref": "P237692.2",
"strict": "0",
"extent": "beginning",
"state": "missing"}
,
{
"node": "c",
"type": "discourse",
"subtype": "body",
"id": "P237692.U1",
"cdl": [
{
"node": "c",
"type": "sentence",
"id": "P237692.U2",
"label": "o 1' - r 4",
"cdl": [
{
"node": "d",
"type": "line-start",
"ref": "P237692.3",
"n": "1'",
"label": "o 1'"}
,
{
"node": "l",
"frag": "⸢a⸣-na",
"id": "P237692.l04861",
"ref": "P237692.3.1",
"inst": "ana[to]PRP",
"sig": "@saao/saa18%akk-x-neobab:a-na=ana[to//to]PRP'PRP$ana",
"f": {"lang": "akk-x-neobab",
"form": "a-na",
"cf": "ana",
"gw": "to",
"sense": "to",
"norm": "ana",
"pos": "PRP",
"epos": "PRP"}
}
,
{
"node": "l",
"frag": "UGU",
"id": "P237692.l04862",
"ref": "P237692.3.2",
"inst": "muhhi[skull]N",
"sig": "@saao/saa18%akk-x-neobab:UGU=muhhu[skull//skull]N'N$muhhi",
"f": {"lang": "akk-x-neobab",
"form": "UGU",
"cf": "muhhu",
"gw": "skull",
"sense": "skull",
"norm": "muhhi",
"pos": "N",
"epos": "N"}
}
,
{
"node": "l",
"frag": "a-⸢ša₂-al⸣",
"id": "P237692.l04863",
"ref": "P237692.3.3",
"inst": "+šâlu[ask]V$ašaʾʾal",
"sig": "@saao/saa18%akk-x-neobab:a-ša₂-al=šâlu[ask//ask]V'V$ašaʾʾal",
"f": {"lang": "akk-x-neobab",
"form": "a-ša₂-al",
"cf": "šâlu",
"gw": "ask",
"sense": "ask",
"norm": "ašaʾʾal",
"pos": "V",
"epos": "V"}
}
,
{
"node": "l",
"frag": "[x",
"id": "P237692.l04864",
"ref": "P237692.3.4",
"inst": "u",
"f": {"lang": "akk-x-neobab",
"form": "x",
"pos": "u"}
}
,
{
"node": "l",
"frag": "x",
"id": "P237692.l04865",
"ref": "P237692.3.5",
"inst": "u",
"f": {"lang": "akk-x-neobab",
"form": "x",
"pos": "u"}
}
,
{
"node": "l",
"frag": "x",
"id": "P237692.l04866",
"ref": "P237692.3.6",
"inst": "u",
"f": {"lang": "akk-x-neobab",
"form": "x",
"pos": "u"}
}
,
{
"node": "l",
"frag": "x",
"id": "P237692.l04867",
"ref": "P237692.3.7",
"inst": "u",
"f": {"lang": "akk-x-neobab",
"form": "x",
"pos": "u"}
}
,
{
"node": "l",
"frag": "x",
"id": "P237692.l04868",
"ref": "P237692.3.8",
"inst": "u",
"f": {"lang": "akk-x-neobab",
"form": "x",
"pos": "u"}
}
,
{
"node": "l",
"frag": "x]",
"id": "P237692.l04869",
"ref": "P237692.3.9",
"inst": "u",
"f": {"lang": "akk-x-neobab",
"form": "x",
"pos": "u"}
}
,
{
"node": "d",
"type": "line-start",
"ref": "P237692.4",
"n": "2'",
"label": "o 2'"}
,
{
"node": "l",
"frag": "it-ta-ṣi",
"id": "P237692.l0486a",
"ref": "P237692.4.1",
"inst": "+aṣû[go out]V$ittaṣi",
"sig": "@saao/saa18%akk-x-neobab:it-ta-ṣi=aṣû[go out//go out]V'V$ittaṣi",
"f": {"lang": "akk-x-neobab",
"form": "it-ta-ṣi",
"cf": "aṣû",
"gw": "go out",
"sense": "go out",
"norm": "ittaṣi",
"pos": "V",
"epos": "V"}
}
,
{
"node": "l",
"frag": "ki-i",
"id": "P237692.l0486b",
"ref": "P237692.4.2",
"inst": "kî[like]PRP",
"sig": "@saao/saa18%akk-x-neobab:ki-i=kī[like//like]PRP'PRP$kî",
"f": {"lang": "akk-x-neobab",
"form": "ki-i",
"cf": "kī",
"gw": "like",
"sense": "like",
"norm": "kî",
"pos": "PRP",
"epos": "PRP"}
}
,
{
"node": "l",
"frag": "⸢pi⸣-[i",
"id": "P237692.l0486c",
"ref": "P237692.4.3",
"inst": "pî[word]N",
"sig": "@saao/saa18%akk-x-neobab:pi-i=pû[mouth//word]N'N$pî",
"f": {"lang": "akk-x-neobab",
"form": "pi-i",
"cf": "pû",
"gw": "mouth",
"sense": "word",
"norm": "pî",
"pos": "N",
"epos": "N"}
}
,
{
"node": "l",
"frag": "an-ni-i",
"id": "P237692.l0486d",
"ref": "P237692.4.4",
"inst": "annî[this]DP",
"sig": "@saao/saa18%akk-x-neobab:an-ni-i=annû[this//this]DP'DP$annî",
"f": {"lang": "akk-x-neobab",
"form": "an-ni-i",
"cf": "annû",
"gw": "this",
"sense": "this",
"norm": "annî",
"pos": "DP",
"epos": "DP"}
}
,
{
"node": "l",
"frag": "qa-bi]",
"id": "P237692.l0486e",
"ref": "P237692.4.5",
"inst": "+qabû[said]AJ$qabi",
"sig": "@saao/saa18%akk-x-neobab:qa-bi=qabû[said//said]AJ'AJ$qabi",
"f": {"lang": "akk-x-neobab",
"form": "qa-bi",
"cf": "qabû",
"gw": "said",
"sense": "said",
"norm": "qabi",
"pos": "AJ",
"epos": "AJ"}
}
,
{
"node": "d",
"type": "line-start",
"ref": "P237692.5",
"n": "3'",
"label": "o 3'"}
,
{
"node": "l",
"frag": "um-ma",
"id": "P237692.l0486f",
"ref": "P237692.5.1",
"inst": "umma[saying]PRP",
"sig": "@saao/saa18%akk-x-neobab:um-ma=umma[saying//saying]PRP'PRP$umma",
"f": {"lang": "akk-x-neobab",
"form": "um-ma",
"cf": "umma",
"gw": "saying",
"sense": "saying",
"norm": "umma",
"pos": "PRP",
"epos": "PRP"}
}
,
{
"node": "l",
"frag": "UD-mu",
"id": "P237692.l04870",
"ref": "P237692.5.2",
"inst": "ūmu[day]N",
"sig": "@saao/saa18%akk-x-neobab:UD-mu=ūmu[day//day]N'N$ūmu",
"f": {"lang": "akk-x-neobab",
"form": "UD-mu",
"cf": "ūmu",
"gw": "day",
"sense": "day",
"norm": "ūmu",
"pos": "N",
"epos": "N"}
}
,
{
"node": "l",
"frag": "KI.TA",
"id": "P237692.l04871",
"ref": "P237692.5.3",
"inst": "+šupālu[depression//under]N'PRP$šupāl",
"sig": "@saao/saa18%akk-x-neobab:KI.TA=šupālu[depression//under]N'PRP$šupāl",
"f": {"lang": "akk-x-neobab",
"form": "KI.TA",
"cf": "šupālu",
"gw": "depression",
"sense": "under",
"norm": "šupāl",
"pos": "N",
"epos": "PRP"}
}
,
{
"node": "l",
"frag": "[x",
"id": "P237692.l04872",
"ref": "P237692.5.4",
"inst": "u",
"f": {"lang": "akk-x-neobab",
"form": "x",
"pos": "u"}
}
,
{
"node": "l",
"frag": "x",
"id": "P237692.l04873",
"ref": "P237692.5.5",
"inst": "u",
"f": {"lang": "akk-x-neobab",
"form": "x",
"pos": "u"}
}
,
{
"node": "l",
"frag": "x",
"id": "P237692.l04874",
"ref": "P237692.5.6",
"inst": "u",
"f": {"lang": "akk-x-neobab",
"form": "x",
"pos": "u"}
}
,
{
"node": "l",
"frag": "x",
"id": "P237692.l04875",
"ref": "P237692.5.7",
"inst": "u",
"f": {"lang": "akk-x-neobab",
"form": "x",
"pos": "u"}
}
,
{
"node": "l",
"frag": "x",
"id": "P237692.l04876",
"ref": "P237692.5.8",
"inst": "u",
"f": {"lang": "akk-x-neobab",
"form": "x",
"pos": "u"}
}
,
{
"node": "l",
"frag": "x]",
"id": "P237692.l04877",
"ref": "P237692.5.9",
"inst": "u",
"f": {"lang": "akk-x-neobab",
"form": "x",
"pos": "u"}
}
,
{
"node": "d",
"subtype": "bottom",
"type": "surface",
"ref": "P237692.b.e..6",
"type": "bottom",
"label": "b.e."}
,
{
"node": "d",
"type": "line-start",
"ref": "P237692.7",
"n": "4",
"label": "b.e. 4"}
,
{
"node": "l",
"frag": "in-ne₂-⸢pu⸣-[uš",
"id": "P237692.l04878",
"ref": "P237692.7.1",
"inst": "+epēšu[do//be(come) performed]V'V$inneppuš",
"sig": "@saao/saa18%akk-x-neobab:in-ne₂-pu-uš=epēšu[do//be(come) performed]V'V$inneppuš",
"f": {"lang": "akk-x-neobab",
"form": "in-ne₂-pu-uš",
"cf": "epēšu",
"gw": "do",
"sense": "be(come) performed",
"norm": "inneppuš",
"pos": "V",
"epos": "V"}
}
,
{
"node": "l",
"frag": "x",
"id": "P237692.l04879",
"ref": "P237692.7.2",
"inst": "u",
"f": {"lang": "akk-x-neobab",
"form": "x",
"pos": "u"}
}
,
{
"node": "l",
"frag": "x",
"id": "P237692.l0487a",
"ref": "P237692.7.3",
"inst": "u",
"f": {"lang": "akk-x-neobab",
"form": "x",
"pos": "u"}
}
,
{
"node": "l",
"frag": "x",
"id": "P237692.l0487b",
"ref": "P237692.7.4",
"inst": "u",
"f": {"lang": "akk-x-neobab",
"form": "x",
"pos": "u"}
}
,
{
"node": "l",
"frag": "x]",
"id": "P237692.l0487c",
"ref": "P237692.7.5",
"inst": "u",
"f": {"lang": "akk-x-neobab",
"form": "x",
"pos": "u"}
}
,
{
"node": "d",
"subtype": "reverse",
"type": "surface",
"ref": "P237692.r.8",
"type": "reverse",
"label": "r"}
,
{
"node": "d",
"type": "line-start",
"ref": "P237692.9",
"n": "1",
"label": "r 1"}
,
{
"node": "l",
"frag": "ne₂-pe-šu₂",
"id": "P237692.l0487d",
"ref": "P237692.9.1",
"inst": "+nēpešu[activity//ritual]N'N$nēpešū",
"sig": "@saao/saa18%akk-x-neobab:ne₂-pe-šu₂=nēpešu[activity//ritual]N'N$nēpešū",
"f": {"lang": "akk-x-neobab",
"form": "ne₂-pe-šu₂",
"cf": "nēpešu",
"gw": "activity",
"sense": "ritual",
"norm": "nēpešū",
"pos": "N",
"epos": "N"}
}
,
{
"node": "l",
"frag": "šu₂-nu",
"id": "P237692.l0487e",
"ref": "P237692.9.2",
"inst": "šunu[they]IP",
"sig": "@saao/saa18%akk-x-neobab:šu₂-nu=šunu[they//they]IP'IP$šunu",
"f": {"lang": "akk-x-neobab",
"form": "šu₂-nu",
"cf": "šunu",
"gw": "they",
"sense": "they",
"norm": "šunu",
"pos": "IP",
"epos": "IP"}
}
,
{
"node": "l",
"frag": "at-ru-ti",
"id": "P237692.l0487f",
"ref": "P237692.9.3",
"inst": "+atru[huge//additional]AJ'AJ$atrūti",
"sig": "@saao/saa18%akk-x-neobab:at-ru-ti=atru[huge//additional]AJ'AJ$atrūti",
"f": {"lang": "akk-x-neobab",
"form": "at-ru-ti",
"cf": "atru",
"gw": "huge",
"sense": "additional",
"norm": "atrūti",
"pos": "AJ",
"epos": "AJ"}
}
,
{
"node": "l",
"frag": "[x",
"id": "P237692.l04880",
"ref": "P237692.9.4",
"inst": "u",
"f": {"lang": "akk-x-neobab",
"form": "x",
"pos": "u"}
}
,
{
"node": "l",
"frag": "x",
"id": "P237692.l04881",
"ref": "P237692.9.5",
"inst": "u",
"f": {"lang": "akk-x-neobab",
"form": "x",
"pos": "u"}
}
,
{
"node": "l",
"frag": "x",
"id": "P237692.l04882",
"ref": "P237692.9.6",
"inst": "u",
"f": {"lang": "akk-x-neobab",
"form": "x",
"pos": "u"}
}
,
{
"node": "l",
"frag": "x",
"id": "P237692.l04883",
"ref": "P237692.9.7",
"inst": "u",
"f": {"lang": "akk-x-neobab",
"form": "x",
"pos": "u"}
}
,
{
"node": "l",
"frag": "x]",
"id": "P237692.l04884",
"ref": "P237692.9.8",
"inst": "u",
"f": {"lang": "akk-x-neobab",
"form": "x",
"pos": "u"}
}
,
{
"node": "d",
"type": "line-start",
"ref": "P237692.10",
"n": "2",
"label": "r 2"}
,
{
"node": "l",
"frag": "iq-ta-bi",
"id": "P237692.l04885",
"ref": "P237692.10.1",
"inst": "iqtabi[say]V",
"sig": "@saao/saa18%akk-x-neobab:iq-ta-bi=qabû[say//say]V'V$iqtabi",
"f": {"lang": "akk-x-neobab",
"form": "iq-ta-bi",
"cf": "qabû",
"gw": "say",
"sense": "say",
"norm": "iqtabi",
"pos": "V",
"epos": "V"}
}
,
{
"node": "l",
"frag": "um-ma",
"id": "P237692.l04886",
"ref": "P237692.10.2",
"inst": "umma[saying]PRP",
"sig": "@saao/saa18%akk-x-neobab:um-ma=umma[saying//saying]PRP'PRP$umma",
"f": {"lang": "akk-x-neobab",
"form": "um-ma",
"cf": "umma",
"gw": "saying",
"sense": "saying",
"norm": "umma",
"pos": "PRP",
"epos": "PRP"}
}
,
{
"node": "l",
"frag": "mam-⸢ma⸣",
"id": "P237692.l04887",
"ref": "P237692.10.3",
"inst": "mamma[somebody]XP",
"sig": "@saao/saa18%akk-x-neobab:mam-ma=mamman[somebody//somebody]XP'XP$mamma",
"f": {"lang": "akk-x-neobab",
"form": "mam-ma",
"cf": "mamman",
"gw": "somebody",
"sense": "somebody",
"norm": "mamma",
"pos": "XP",
"epos": "XP"}
}
,
{
"node": "l",
"frag": "[x",
"id": "P237692.l04888",
"ref": "P237692.10.4",
"inst": "u",
"f": {"lang": "akk-x-neobab",
"form": "x",
"pos": "u"}
}
,
{
"node": "l",
"frag": "x",
"id": "P237692.l04889",
"ref": "P237692.10.5",
"inst": "u",
"f": {"lang": "akk-x-neobab",
"form": "x",
"pos": "u"}
}
,
{
"node": "l",
"frag": "x",
"id": "P237692.l0488a",
"ref": "P237692.10.6",
"inst": "u",
"f": {"lang": "akk-x-neobab",
"form": "x",
"pos": "u"}
}
,
{
"node": "l",
"frag": "x]",
"id": "P237692.l0488b",
"ref": "P237692.10.7",
"inst": "u",
"f": {"lang": "akk-x-neobab",
"form": "x",
"pos": "u"}
}
,
{
"node": "d",
"type": "line-start",
"ref": "P237692.11",
"n": "3",
"label": "r 3"}
,
{
"node": "l",
"frag": "[x]",
"id": "P237692.l0488c",
"ref": "P237692.11.1",
"inst": "u",
"f": {"lang": "akk-x-neobab",
"form": "x",
"pos": "u"}
}
,
{
"node": "l",
"frag": "⸢liq⸣-bi-ma",
"id": "P237692.l0488d",
"ref": "P237692.11.2",
"inst": "liqbīma[say]V",
"sig": "@saao/saa18%akk-x-neobab:liq-bi-ma=qabû[say//say]V'V$liqbīma",
"f": {"lang": "akk-x-neobab",
"form": "liq-bi-ma",
"cf": "qabû",
"gw": "say",
"sense": "say",
"norm": "liqbīma",
"pos": "V",
"epos": "V"}
}
,
{
"node": "l",
"frag": "lu-⸢šal-x⸣+[x",
"id": "P237692.l0488e",
"ref": "P237692.11.3",
"inst": "u",
"f": {"lang": "akk-x-neobab",
"form": "lu-šal-x+x",
"pos": "u"}
}
,
{
"node": "l",
"frag": "x",
"id": "P237692.l0488f",
"ref": "P237692.11.4",
"inst": "u",
"f": {"lang": "akk-x-neobab",
"form": "x",
"pos": "u"}
}
,
{
"node": "l",
"frag": "x",
"id": "P237692.l04890",
"ref": "P237692.11.5",
"inst": "u",
"f": {"lang": "akk-x-neobab",
"form": "x",
"pos": "u"}
}
,
{
"node": "l",
"frag": "x",
"id": "P237692.l04891",
"ref": "P237692.11.6",
"inst": "u",
"f": {"lang": "akk-x-neobab",
"form": "x",
"pos": "u"}
}
,
{
"node": "l",
"frag": "x]",
"id": "P237692.l04892",
"ref": "P237692.11.7",
"inst": "u",
"f": {"lang": "akk-x-neobab",
"form": "x",
"pos": "u"}
}
,
{
"node": "d",
"type": "line-start",
"ref": "P237692.12",
"n": "4",
"label": "r 4"}
,
{
"node": "l",
"frag": "[x",
"id": "P237692.l04893",
"ref": "P237692.12.1",
"inst": "u",
"f": {"lang": "akk-x-neobab",
"form": "x",
"pos": "u"}
}
,
{
"node": "l",
"frag": "x",
"id": "P237692.l04894",
"ref": "P237692.12.2",
"inst": "u",
"f": {"lang": "akk-x-neobab",
"form": "x",
"pos": "u"}
}
,
{
"node": "l",
"frag": "x]",
"id": "P237692.l04895",
"ref": "P237692.12.3",
"inst": "u",
"f": {"lang": "akk-x-neobab",
"form": "x",
"pos": "u"}
}
,
{
"node": "l",
"frag": "⸢x",
"id": "P237692.l04896",
"ref": "P237692.12.4",
"inst": "u",
"f": {"lang": "akk-x-neobab",
"form": "x",
"pos": "u"}
}
,
{
"node": "l",
"frag": "x",
"id": "P237692.l04897",
"ref": "P237692.12.5",
"inst": "u",
"f": {"lang": "akk-x-neobab",
"form": "x",
"pos": "u"}
}
,
{
"node": "l",
"frag": "x⸣",
"id": "P237692.l04898",
"ref": "P237692.12.6",
"inst": "u",
"f": {"lang": "akk-x-neobab",
"form": "x",
"pos": "u"}
}
,
{
"node": "l",
"frag": "[x",
"id": "P237692.l04899",
"ref": "P237692.12.7",
"inst": "u",
"f": {"lang": "akk-x-neobab",
"form": "x",
"pos": "u"}
}
,
{
"node": "l",
"frag": "x",
"id": "P237692.l0489a",
"ref": "P237692.12.8",
"inst": "u",
"f": {"lang": "akk-x-neobab",
"form": "x",
"pos": "u"}
}
,
{
"node": "l",
"frag": "x",
"id": "P237692.l0489b",
"ref": "P237692.12.9",
"inst": "u",
"f": {"lang": "akk-x-neobab",
"form": "x",
"pos": "u"}
}
,
{
"node": "l",
"frag": "x",
"id": "P237692.l0489c",
"ref": "P237692.12.10",
"inst": "u",
"f": {"lang": "akk-x-neobab",
"form": "x",
"pos": "u"}
}
,
{
"node": "l",
"frag": "x",
"id": "P237692.l0489d",
"ref": "P237692.12.11",
"inst": "u",
"f": {"lang": "akk-x-neobab",
"form": "x",
"pos": "u"}
}
,
{
"node": "l",
"frag": "x",
"id": "P237692.l0489e",
"ref": "P237692.12.12",
"inst": "u",
"f": {"lang": "akk-x-neobab",
"form": "x",
"pos": "u"}
}
,
{
"node": "l",
"frag": "x]",
"id": "P237692.l0489f",
"ref": "P237692.12.13",
"inst": "u",
"f": {"lang": "akk-x-neobab",
"form": "x",
"pos": "u"}
}
,
{
"node": "d",
"type": "nonx",
"ref": "P237692.13",
"strict": "0",
"extent": "rest",
"state": "missing"}
]}
]}
]}
]}
