{
"type": "cdl",
  "source": "http://oracc.org/saao/saa18",
  "license": "This data is released under the CC0 license",
  "license-url": "https://creativecommons.org/publicdomain/zero/1.0/",
  "more-info": "http://oracc.org/doc/opendata/",
  "UTC-timestamp": "2017-05-19T12:00:52",
"project": "saao/saa18",
"textid": "P237664",
"cdl": [
{
"node": "c",
"type": "text",
"id": "P237664.U0",
"cdl": [
{
"node": "d",
"type": "object",
"ref": ""}
,
{
"node": "d",
"subtype": "obverse",
"type": "surface",
"ref": "P237664.o.1",
"type": "obverse",
"label": "o"}
,
{
"node": "c",
"type": "discourse",
"subtype": "body",
"id": "P237664.U1",
"cdl": [
{
"node": "c",
"type": "sentence",
"id": "P237664.U2",
"label": "o 1 - r 6'",
"cdl": [
{
"node": "d",
"type": "line-start",
"ref": "P237664.2",
"n": "1",
"label": "o 1"}
,
{
"node": "l",
"frag": "[a-na]",
"id": "P237664.l0603c",
"ref": "P237664.2.1",
"inst": "ana[to]PRP",
"sig": "@saao/saa18%akk-x-neobab:a-na=ana[to//to]PRP'PRP$ana",
"f": {"lang": "akk-x-neobab",
"form": "a-na",
"cf": "ana",
"gw": "to",
"sense": "to",
"norm": "ana",
"pos": "PRP",
"epos": "PRP"}
}
,
{
"node": "l",
"frag": "⸢LUGAL⸣",
"id": "P237664.l0603d",
"ref": "P237664.2.2",
"inst": "šar[king]N",
"sig": "@saao/saa18%akk-x-neobab:LUGAL=šarru[king//king]N'N$šar",
"f": {"lang": "akk-x-neobab",
"form": "LUGAL",
"cf": "šarru",
"gw": "king",
"sense": "king",
"norm": "šar",
"pos": "N",
"epos": "N"}
}
,
{
"node": "l",
"frag": "KUR.KUR",
"id": "P237664.l0603e",
"ref": "P237664.2.3",
"inst": "mātāti[land]N",
"sig": "@saao/saa18%akk-x-neobab:KUR.KUR=mātu[land//land]N'N$mātāti",
"f": {"lang": "akk-x-neobab",
"form": "KUR.KUR",
"cf": "mātu",
"gw": "land",
"sense": "land",
"norm": "mātāti",
"pos": "N",
"epos": "N"}
}
,
{
"node": "l",
"frag": "be-li₂-ia",
"id": "P237664.l0603f",
"ref": "P237664.2.4",
"inst": "bēlīya[lord]N",
"sig": "@saao/saa18%akk-x-neobab:be-li₂-ia=bēlu[lord//lord]N'N$bēlīya",
"f": {"lang": "akk-x-neobab",
"form": "be-li₂-ia",
"cf": "bēlu",
"gw": "lord",
"sense": "lord",
"norm": "bēlīya",
"pos": "N",
"epos": "N"}
}
,
{
"node": "d",
"type": "line-start",
"ref": "P237664.3",
"n": "2",
"label": "o 2"}
,
{
"node": "l",
"frag": "[ARAD]-⸢ka⸣",
"id": "P237664.l06040",
"ref": "P237664.3.1",
"inst": "aradka[servant]N",
"sig": "@saao/saa18%akk-x-neobab:ARAD-ka=ardu[slave//servant]N'N$aradka",
"f": {"lang": "akk-x-neobab",
"form": "ARAD-ka",
"cf": "ardu",
"gw": "slave",
"sense": "servant",
"norm": "aradka",
"pos": "N",
"epos": "N"}
}
,
{
"node": "l",
"frag": "{1}{d}AG-TIN-su-iq-bi",
"id": "P237664.l06041",
"ref": "P237664.3.2",
"inst": "Nabu-balassu-iqbi[1]PN",
"sig": "@saao/saa18%akk-x-neobab:{1}{d}AG-TIN-su-iq-bi=Nabu-balassu-iqbi[1//1]PN'PN$Nabu-balassu-iqbi",
"f": {"lang": "akk-x-neobab",
"form": "{1}{d}AG-TIN-su-iq-bi",
"cf": "Nabu-balassu-iqbi",
"gw": "1",
"sense": "1",
"norm": "Nabu-balassu-iqbi",
"pos": "PN",
"epos": "PN"}
}
,
{
"node": "d",
"type": "line-start",
"ref": "P237664.4",
"n": "3",
"label": "o 3"}
,
{
"node": "l",
"frag": "[AN.ŠAR₂",
"id": "P237664.l06042",
"ref": "P237664.4.1",
"inst": "Aššur[1]DN",
"sig": "@saao/saa18%akk-x-neobab:AN.ŠAR₂=Aššur[1//1]DN'DN$Aššur",
"f": {"lang": "akk-x-neobab",
"form": "AN.ŠAR₂",
"cf": "Aššur",
"gw": "1",
"sense": "1",
"norm": "Aššur",
"pos": "DN",
"epos": "DN"}
}
,
{
"node": "l",
"frag": "{d]}UTU",
"id": "P237664.l06043",
"ref": "P237664.4.2",
"inst": "Šamaš[1]DN",
"sig": "@saao/saa18%akk-x-neobab:{d}UTU=Šamaš[1//1]DN'DN$Šamaš",
"f": {"lang": "akk-x-neobab",
"form": "{d}UTU",
"cf": "Šamaš",
"gw": "1",
"sense": "1",
"norm": "Šamaš",
"pos": "DN",
"epos": "DN"}
}
,
{
"node": "l",
"frag": "{d}AMAR.UTU",
"id": "P237664.l06044",
"ref": "P237664.4.3",
"inst": "Marduk[1]DN",
"sig": "@saao/saa18%akk-x-neobab:{d}AMAR.UTU=Marduk[1//1]DN'DN$Marduk",
"f": {"lang": "akk-x-neobab",
"form": "{d}AMAR.UTU",
"cf": "Marduk",
"gw": "1",
"sense": "1",
"norm": "Marduk",
"pos": "DN",
"epos": "DN"}
}
,
{
"node": "l",
"frag": "u",
"id": "P237664.l06045",
"ref": "P237664.4.4",
"inst": "u[and]CNJ",
"sig": "@saao/saa18%akk-x-neobab:u=u[and//and]CNJ'CNJ$u",
"f": {"lang": "akk-x-neobab",
"form": "u",
"cf": "u",
"gw": "and",
"sense": "and",
"norm": "u",
"pos": "CNJ",
"epos": "CNJ"}
}
,
{
"node": "l",
"frag": "{d}PA",
"id": "P237664.l06046",
"ref": "P237664.4.5",
"inst": "Nabu[1]DN",
"sig": "@saao/saa18%akk-x-neobab:{d}PA=Nabu[1//1]DN'DN$Nabu",
"f": {"lang": "akk-x-neobab",
"form": "{d}PA",
"cf": "Nabu",
"gw": "1",
"sense": "1",
"norm": "Nabu",
"pos": "DN",
"epos": "DN"}
}
,
{
"node": "l",
"frag": "EN",
"id": "P237664.l06047",
"ref": "P237664.4.6",
"inst": "bēl[lord]N",
"sig": "@saao/saa18%akk-x-neobab:EN=bēlu[lord//lord]N'N$bēl",
"f": {"lang": "akk-x-neobab",
"form": "EN",
"cf": "bēlu",
"gw": "lord",
"sense": "lord",
"norm": "bēl",
"pos": "N",
"epos": "N"}
}
,
{
"node": "l",
"frag": "GI.⸢DUB⸣.BA",
"id": "P237664.l06048",
"ref": "P237664.4.7",
"inst": "qan-ṭuppi[stylus]N",
"sig": "@saao/saa18%akk-x-neobab:GI.DUB.BA=qan-ṭuppi[writing reed//stylus]N'N$qan-ṭuppi",
"f": {"lang": "akk-x-neobab",
"form": "GI.DUB.BA",
"cf": "qan-ṭuppi",
"gw": "writing reed",
"sense": "stylus",
"norm": "qan-ṭuppi",
"pos": "N",
"epos": "N"}
}
,
{
"node": "d",
"type": "line-start",
"ref": "P237664.5",
"n": "4",
"label": "o 4"}
,
{
"node": "l",
"frag": "[x",
"id": "P237664.l06049",
"ref": "P237664.5.1",
"inst": "u",
"f": {"lang": "akk-x-neobab",
"form": "x",
"pos": "u"}
}
,
{
"node": "l",
"frag": "x]-u",
"id": "P237664.l0604a",
"ref": "P237664.5.2",
"inst": "u",
"f": {"lang": "akk-x-neobab",
"form": "x-u",
"pos": "u"}
}
,
{
"node": "l",
"frag": "ša₂",
"id": "P237664.l0604b",
"ref": "P237664.5.3",
"inst": "ša[of]DET",
"sig": "@saao/saa18%akk-x-neobab:ša₂=ša[of//of]DET'DET$ša",
"f": {"lang": "akk-x-neobab",
"form": "ša₂",
"cf": "ša",
"gw": "of",
"sense": "of",
"norm": "ša",
"pos": "DET",
"epos": "DET"}
}
,
{
"node": "l",
"frag": "LUGAL",
"id": "P237664.l0604c",
"ref": "P237664.5.4",
"inst": "šarri[king]N",
"sig": "@saao/saa18%akk-x-neobab:LUGAL=šarru[king//king]N'N$šarri",
"f": {"lang": "akk-x-neobab",
"form": "LUGAL",
"cf": "šarru",
"gw": "king",
"sense": "king",
"norm": "šarri",
"pos": "N",
"epos": "N"}
}
,
{
"node": "l",
"frag": "be-li₂-⸢ia⸣",
"id": "P237664.l0604d",
"ref": "P237664.5.5",
"inst": "bēlīya[lord]N",
"sig": "@saao/saa18%akk-x-neobab:be-li₂-ia=bēlu[lord//lord]N'N$bēlīya",
"f": {"lang": "akk-x-neobab",
"form": "be-li₂-ia",
"cf": "bēlu",
"gw": "lord",
"sense": "lord",
"norm": "bēlīya",
"pos": "N",
"epos": "N"}
}
,
{
"node": "d",
"type": "line-start",
"ref": "P237664.6",
"n": "5",
"label": "o 5"}
,
{
"node": "l",
"frag": "[x",
"id": "P237664.l0604e",
"ref": "P237664.6.1",
"inst": "u",
"f": {"lang": "akk-x-neobab",
"form": "x",
"pos": "u"}
}
,
{
"node": "l",
"frag": "x]",
"id": "P237664.l0604f",
"ref": "P237664.6.2",
"inst": "u",
"f": {"lang": "akk-x-neobab",
"form": "x",
"pos": "u"}
}
,
{
"node": "l",
"frag": "E₂.GAL-⸢ka⸣",
"id": "P237664.l06050",
"ref": "P237664.6.3",
"inst": "+ēkallu[palace]N$ēkallīka",
"sig": "@saao/saa18%akk-x-neobab:E₂.GAL-ka=ēkallu[palace//palace]N'N$ēkallīka",
"f": {"lang": "akk-x-neobab",
"form": "E₂.GAL-ka",
"cf": "ēkallu",
"gw": "palace",
"sense": "palace",
"norm": "ēkallīka",
"pos": "N",
"epos": "N"}
}
,
{
"node": "d",
"type": "line-start",
"ref": "P237664.7",
"n": "6",
"label": "o 6"}
,
{
"node": "l",
"frag": "[x",
"id": "P237664.l06051",
"ref": "P237664.7.1",
"inst": "u",
"f": {"lang": "akk-x-neobab",
"form": "x",
"pos": "u"}
}
,
{
"node": "l",
"frag": "pa]-lah₃",
"id": "P237664.l06052",
"ref": "P237664.7.2",
"inst": "+palāhu[fear]V'N$palāh",
"sig": "@saao/saa18%akk-x-neobab:pa-lah₃=palāhu[fear//fear]V'N$palāh",
"f": {"lang": "akk-x-neobab",
"form": "pa-lah₃",
"cf": "palāhu",
"gw": "fear",
"sense": "fear",
"norm": "palāh",
"pos": "V",
"epos": "N"}
}
,
{
"node": "l",
"frag": "be-lut-ti-ka",
"id": "P237664.l06053",
"ref": "P237664.7.3",
"inst": "bēlūtīka[lordship]N",
"sig": "@saao/saa18%akk-x-neobab:be-lut-ti-ka=bēlūtu[rule//lordship]N'N$bēlūtīka",
"f": {"lang": "akk-x-neobab",
"form": "be-lut-ti-ka",
"cf": "bēlūtu",
"gw": "rule",
"sense": "lordship",
"norm": "bēlūtīka",
"pos": "N",
"epos": "N"}
}
,
{
"node": "d",
"type": "line-start",
"ref": "P237664.8",
"n": "7",
"label": "o 7"}
,
{
"node": "l",
"frag": "[u₃]",
"id": "P237664.l06054",
"ref": "P237664.8.1",
"inst": "u[and]CNJ",
"sig": "@saao/saa18%akk-x-neobab:u₃=u[and//and]CNJ'CNJ$u",
"f": {"lang": "akk-x-neobab",
"form": "u₃",
"cf": "u",
"gw": "and",
"sense": "and",
"norm": "u",
"pos": "CNJ",
"epos": "CNJ"}
}
,
{
"node": "l",
"frag": "⸢DI⸣-mu",
"id": "P237664.l06055",
"ref": "P237664.8.2",
"inst": "šulmu[health]N",
"sig": "@saao/saa18%akk-x-neobab:DI-mu=šulmu[completeness//health]N'N$šulmu",
"f": {"lang": "akk-x-neobab",
"form": "DI-mu",
"cf": "šulmu",
"gw": "completeness",
"sense": "health",
"norm": "šulmu",
"pos": "N",
"epos": "N"}
}
,
{
"node": "l",
"frag": "NUMUN",
"id": "P237664.l06056",
"ref": "P237664.8.3",
"inst": "+zēru[seed(s)//offspring]N'N$zēri",
"sig": "@saao/saa18%akk-x-neobab:NUMUN=zēru[seed(s)//offspring]N'N$zēri",
"f": {"lang": "akk-x-neobab",
"form": "NUMUN",
"cf": "zēru",
"gw": "seed(s)",
"sense": "offspring",
"norm": "zēri",
"pos": "N",
"epos": "N"}
}
,
{
"node": "l",
"frag": "ša₂",
"id": "P237664.l06057",
"ref": "P237664.8.4",
"inst": "ša[of]DET",
"sig": "@saao/saa18%akk-x-neobab:ša₂=ša[of//of]DET'DET$ša",
"f": {"lang": "akk-x-neobab",
"form": "ša₂",
"cf": "ša",
"gw": "of",
"sense": "of",
"norm": "ša",
"pos": "DET",
"epos": "DET"}
}
,
{
"node": "l",
"frag": "LUGAL",
"id": "P237664.l06058",
"ref": "P237664.8.5",
"inst": "šarri[king]N",
"sig": "@saao/saa18%akk-x-neobab:LUGAL=šarru[king//king]N'N$šarri",
"f": {"lang": "akk-x-neobab",
"form": "LUGAL",
"cf": "šarru",
"gw": "king",
"sense": "king",
"norm": "šarri",
"pos": "N",
"epos": "N"}
}
,
{
"node": "l",
"frag": "be-li₂-ia",
"id": "P237664.l06059",
"ref": "P237664.8.6",
"inst": "bēlīya[lord]N",
"sig": "@saao/saa18%akk-x-neobab:be-li₂-ia=bēlu[lord//lord]N'N$bēlīya",
"f": {"lang": "akk-x-neobab",
"form": "be-li₂-ia",
"cf": "bēlu",
"gw": "lord",
"sense": "lord",
"norm": "bēlīya",
"pos": "N",
"epos": "N"}
}
,
{
"node": "d",
"type": "line-start",
"ref": "P237664.9",
"n": "8",
"label": "o 8"}
,
{
"node": "l",
"frag": "[a-na",
"id": "P237664.l0605a",
"ref": "P237664.9.1",
"inst": "ana[to]PRP",
"sig": "@saao/saa18%akk-x-neobab:a-na=ana[to//to]PRP'PRP$ana",
"f": {"lang": "akk-x-neobab",
"form": "a-na",
"cf": "ana",
"gw": "to",
"sense": "to",
"norm": "ana",
"pos": "PRP",
"epos": "PRP"}
}
,
{
"node": "l",
"frag": "UD]-⸢MEŠ⸣",
"id": "P237664.l0605b",
"ref": "P237664.9.2",
"inst": "ūmē[day]N",
"sig": "@saao/saa18%akk-x-neobab:UD-MEŠ=ūmu[day//day]N'N$ūmē",
"f": {"lang": "akk-x-neobab",
"form": "UD-MEŠ",
"cf": "ūmu",
"gw": "day",
"sense": "day",
"norm": "ūmē",
"pos": "N",
"epos": "N"}
}
,
{
"node": "l",
"frag": "da-ru-tu",
"id": "P237664.l0605c",
"ref": "P237664.9.3",
"inst": "+dārû[lasting//everlasting]AJ'AJ$$dārūtu",
"sig": "@saao/saa18%akk-x-neobab:da-ru-tu=dārû[lasting//everlasting]AJ'AJ$dārūtu",
"f": {"lang": "akk-x-neobab",
"form": "da-ru-tu",
"cf": "dārû",
"gw": "lasting",
"sense": "everlasting",
"norm": "dārūtu",
"pos": "AJ",
"epos": "AJ"}
}
,
{
"node": "l",
"frag": "liq-bu-u₂",
"id": "P237664.l0605d",
"ref": "P237664.9.4",
"inst": "liqbû[command]V",
"sig": "@saao/saa18%akk-x-neobab:liq-bu-u₂=qabû[say//command]V'V$liqbû",
"f": {"lang": "akk-x-neobab",
"form": "liq-bu-u₂",
"cf": "qabû",
"gw": "say",
"sense": "command",
"norm": "liqbû",
"pos": "V",
"epos": "V"}
}
,
{
"node": "d",
"type": "line-start",
"ref": "P237664.10",
"n": "9",
"label": "o 9"}
,
{
"node": "l",
"frag": "[ul-tu]",
"id": "P237664.l0605e",
"ref": "P237664.10.1",
"inst": "ultu[from]PRP",
"sig": "@saao/saa18%akk-x-neobab:ul-tu=ištu[from//from]PRP'PRP$ultu",
"f": {"lang": "akk-x-neobab",
"form": "ul-tu",
"cf": "ištu",
"gw": "from",
"sense": "from",
"norm": "ultu",
"pos": "PRP",
"epos": "PRP"}
}
,
{
"node": "l",
"frag": "re-eš-im-ma",
"id": "P237664.l0605f",
"ref": "P237664.10.2",
"inst": "+rēšu[head//beginning]N'N$rēšimma",
"sig": "@saao/saa18%akk-x-neobab:re-eš-im-ma=rēšu[head//beginning]N'N$rēšimma",
"f": {"lang": "akk-x-neobab",
"form": "re-eš-im-ma",
"cf": "rēšu",
"gw": "head",
"sense": "beginning",
"norm": "rēšimma",
"pos": "N",
"epos": "N"}
}
,
{
"node": "l",
"frag": "⸢UR⸣.KU",
"id": "P237664.l06060",
"ref": "P237664.10.3",
"inst": "kalbu[dog]N",
"sig": "@saao/saa18%akk-x-neobab:UR.KU=kalbu[dog//dog]N'N$kalbu",
"f": {"lang": "akk-x-neobab",
"form": "UR.KU",
"cf": "kalbu",
"gw": "dog",
"sense": "dog",
"norm": "kalbu",
"pos": "N",
"epos": "N"}
}
,
{
"node": "d",
"type": "line-start",
"ref": "P237664.11",
"n": "10",
"label": "o 10"}
,
{
"node": "l",
"frag": "[ša₂",
"id": "P237664.l06061",
"ref": "P237664.11.1",
"inst": "ša[who]REL",
"sig": "@saao/saa18%akk-x-neobab:ša₂=ša[that//who]REL'REL$ša",
"f": {"lang": "akk-x-neobab",
"form": "ša₂",
"cf": "ša",
"gw": "that",
"sense": "who",
"norm": "ša",
"pos": "REL",
"epos": "REL"}
}
,
{
"node": "l",
"frag": "E₂-EN]-šu₂",
"id": "P237664.l06062",
"ref": "P237664.11.2",
"cof-tails": "P237664.l06063",
"inst": "+bītu[house]N$bīt&+bēlu[lord]N$bēlīšu",
"sig": "@saao/saa18%akk-x-neobab:E₂-EN-šu₂=bītu[house//house]N'N$bīt&&@saao/saa18%akk-x-neobab:E₂-EN-šu₂=bēlu[lord//lord]N'N$bēlīšu",
"f": {"lang": "akk-x-neobab",
"form": "E₂-EN-šu₂",
"cf": "bītu",
"gw": "house",
"sense": "house",
"norm": "bīt",
"pos": "N",
"epos": "N"}
}
,
{
"node": "l",
"frag": "E₂-EN]-šu₂",
"id": "P237664.l06063",
"ref": "P237664.11.2",
"cof-head": "P237664.l06062",
"inst": "+bītu[house]N$bīt&+bēlu[lord]N$bēlīšu",
"f": {"lang": "akk-x-neobab",
"form": "E₂-EN-šu₂",
"cf": "bēlu",
"gw": "lord",
"sense": "lord",
"norm": "bēlīšu",
"pos": "N",
"epos": "N"}
}
,
{
"node": "l",
"frag": "i-ra-mu",
"id": "P237664.l06064",
"ref": "P237664.11.3",
"inst": "irâmu[love]V",
"sig": "@saao/saa18%akk-x-neobab:i-ra-mu=râmu[love//love]V'V$irâmu",
"f": {"lang": "akk-x-neobab",
"form": "i-ra-mu",
"cf": "râmu",
"gw": "love",
"sense": "love",
"norm": "irâmu",
"pos": "V",
"epos": "V"}
}
,
{
"node": "l",
"frag": "a-na-ku",
"id": "P237664.l06065",
"ref": "P237664.11.4",
"inst": "anāku[I]IP",
"sig": "@saao/saa18%akk-x-neobab:a-na-ku=anāku[I//I]IP'IP$anāku",
"f": {"lang": "akk-x-neobab",
"form": "a-na-ku",
"cf": "anāku",
"gw": "I",
"sense": "I",
"norm": "anāku",
"pos": "IP",
"epos": "IP"}
}
,
{
"node": "d",
"type": "line-start",
"ref": "P237664.12",
"n": "11",
"label": "o 11"}
,
{
"node": "l",
"frag": "[x",
"id": "P237664.l06066",
"ref": "P237664.12.1",
"inst": "u",
"f": {"lang": "akk-x-neobab",
"form": "x",
"pos": "u"}
}
,
{
"node": "l",
"frag": "x",
"id": "P237664.l06067",
"ref": "P237664.12.2",
"inst": "u",
"f": {"lang": "akk-x-neobab",
"form": "x",
"pos": "u"}
}
,
{
"node": "l",
"frag": "x]-tu₂",
"id": "P237664.l06068",
"ref": "P237664.12.3",
"inst": "u",
"f": {"lang": "akk-x-neobab",
"form": "x-tu₂",
"pos": "u"}
}
,
{
"node": "l",
"frag": "it-ti",
"id": "P237664.l06069",
"ref": "P237664.12.4",
"inst": "itti[with]PRP",
"sig": "@saao/saa18%akk-x-neobab:it-ti=itti[with//with]PRP'PRP$itti",
"f": {"lang": "akk-x-neobab",
"form": "it-ti",
"cf": "itti",
"gw": "with",
"sense": "with",
"norm": "itti",
"pos": "PRP",
"epos": "PRP"}
}
,
{
"node": "l",
"frag": "{lu₂}SUKKAL-⸢MEŠ⸣",
"id": "P237664.l0606a",
"ref": "P237664.12.5",
"inst": "+šukkallu[(a court official)//vizier]N'N$sukkallī",
"sig": "@saao/saa18%akk-x-neobab:{LU₂}SUKKAL-MEŠ=šukkallu[(a court official)//vizier]N'N$sukkallī",
"f": {"lang": "akk-x-neobab",
"form": "{LU₂}SUKKAL-MEŠ",
"cf": "šukkallu",
"gw": "(a court official)",
"sense": "vizier",
"norm": "sukkallī",
"pos": "N",
"epos": "N"}
}
,
{
"node": "d",
"type": "line-start",
"ref": "P237664.13",
"n": "12",
"label": "o 12"}
,
{
"node": "l",
"frag": "[x",
"id": "P237664.l0606b",
"ref": "P237664.13.1",
"inst": "u",
"f": {"lang": "akk-x-neobab",
"form": "x",
"pos": "u"}
}
,
{
"node": "l",
"frag": "x",
"id": "P237664.l0606c",
"ref": "P237664.13.2",
"inst": "u",
"f": {"lang": "akk-x-neobab",
"form": "x",
"pos": "u"}
}
,
{
"node": "l",
"frag": "x]",
"id": "P237664.l0606d",
"ref": "P237664.13.3",
"inst": "u",
"f": {"lang": "akk-x-neobab",
"form": "x",
"pos": "u"}
}
,
{
"node": "l",
"frag": "⸢x",
"id": "P237664.l0606e",
"ref": "P237664.13.4",
"inst": "u",
"f": {"lang": "akk-x-neobab",
"form": "x",
"pos": "u"}
}
,
{
"node": "l",
"frag": "x",
"id": "P237664.l0606f",
"ref": "P237664.13.5",
"inst": "u",
"f": {"lang": "akk-x-neobab",
"form": "x",
"pos": "u"}
}
,
{
"node": "l",
"frag": "x",
"id": "P237664.l06070",
"ref": "P237664.13.6",
"inst": "u",
"f": {"lang": "akk-x-neobab",
"form": "x",
"pos": "u"}
}
,
{
"node": "l",
"frag": "LUGAL⸣",
"id": "P237664.l06071",
"ref": "P237664.13.7",
"inst": "šarru[king]N",
"sig": "@saao/saa18%akk-x-neobab:LUGAL=šarru[king//king]N'N$šarru",
"f": {"lang": "akk-x-neobab",
"form": "LUGAL",
"cf": "šarru",
"gw": "king",
"sense": "king",
"norm": "šarru",
"pos": "N",
"epos": "N"}
}
,
{
"node": "l",
"frag": "[x",
"id": "P237664.l06072",
"ref": "P237664.13.8",
"inst": "u",
"f": {"lang": "akk-x-neobab",
"form": "x",
"pos": "u"}
}
,
{
"node": "l",
"frag": "x]",
"id": "P237664.l06073",
"ref": "P237664.13.9",
"inst": "u",
"f": {"lang": "akk-x-neobab",
"form": "x",
"pos": "u"}
}
,
{
"node": "d",
"type": "nonx",
"ref": "P237664.14",
"strict": "0",
"extent": "rest",
"state": "missing"}
,
{
"node": "d",
"subtype": "reverse",
"type": "surface",
"ref": "P237664.r.15",
"type": "reverse",
"label": "r"}
,
{
"node": "d",
"type": "nonx",
"ref": "P237664.16",
"strict": "0",
"extent": "beginning",
"state": "missing"}
,
{
"node": "d",
"type": "line-start",
"ref": "P237664.17",
"n": "1'",
"label": "r 1'"}
,
{
"node": "l",
"frag": "[x",
"id": "P237664.l06074",
"ref": "P237664.17.1",
"inst": "u",
"f": {"lang": "akk-x-neobab",
"form": "x",
"pos": "u"}
}
,
{
"node": "l",
"frag": "x",
"id": "P237664.l06075",
"ref": "P237664.17.2",
"inst": "u",
"f": {"lang": "akk-x-neobab",
"form": "x",
"pos": "u"}
}
,
{
"node": "l",
"frag": "x]",
"id": "P237664.l06076",
"ref": "P237664.17.3",
"inst": "u",
"f": {"lang": "akk-x-neobab",
"form": "x",
"pos": "u"}
}
,
{
"node": "l",
"frag": "⸢LUGAL⸣",
"id": "P237664.l06077",
"ref": "P237664.17.4",
"inst": "šarri[king]N",
"sig": "@saao/saa18%akk-x-neobab:LUGAL=šarru[king//king]N'N$šarri",
"f": {"lang": "akk-x-neobab",
"form": "LUGAL",
"cf": "šarru",
"gw": "king",
"sense": "king",
"norm": "šarri",
"pos": "N",
"epos": "N"}
}
,
{
"node": "l",
"frag": "be-li₂-⸢ia",
"id": "P237664.l06078",
"ref": "P237664.17.5",
"inst": "bēlīya[lord]N",
"sig": "@saao/saa18%akk-x-neobab:be-li₂-ia=bēlu[lord//lord]N'N$bēlīya",
"f": {"lang": "akk-x-neobab",
"form": "be-li₂-ia",
"cf": "bēlu",
"gw": "lord",
"sense": "lord",
"norm": "bēlīya",
"pos": "N",
"epos": "N"}
}
,
{
"node": "l",
"frag": "x",
"id": "P237664.l06079",
"ref": "P237664.17.6",
"inst": "u",
"f": {"lang": "akk-x-neobab",
"form": "x",
"pos": "u"}
}
,
{
"node": "l",
"frag": "x⸣",
"id": "P237664.l0607a",
"ref": "P237664.17.7",
"inst": "u",
"f": {"lang": "akk-x-neobab",
"form": "x",
"pos": "u"}
}
,
{
"node": "d",
"type": "line-start",
"ref": "P237664.18",
"n": "2'",
"label": "r 2'"}
,
{
"node": "l",
"frag": "⸢a-na⸣",
"id": "P237664.l0607b",
"ref": "P237664.18.1",
"inst": "ana[for]PRP",
"sig": "@saao/saa18%akk-x-neobab:a-na=ana[to//for]PRP'PRP$ana",
"f": {"lang": "akk-x-neobab",
"form": "a-na",
"cf": "ana",
"gw": "to",
"sense": "for",
"norm": "ana",
"pos": "PRP",
"epos": "PRP"}
}
,
{
"node": "c",
"type": "phrase",
"tag": "phr",
"id": "P237664.U4",
"ref": "P237664.ls00000",
"cdl": [
{
"node": "l",
"frag": "[MU]-⸢DINGIR⸣",
"id": "P237664.l0607c",
"ref": "P237664.18.2",
"cof-tails": "P237664.l0607d",
"inst": "+nīšu[(oath on the) life]N$nīš&+ilu[god]N$ili",
"sig": "@saao/saa18%akk-x-neobab:MU-DINGIR=nīšu[(oath on the) life//(oath on the) life]N'N$nīš&&@saao/saa18%akk-x-neobab:MU-DINGIR=ilu[god//god]N'N$ili",
"f": {"lang": "akk-x-neobab",
"form": "MU-DINGIR",
"cf": "nīšu",
"gw": "(oath on the) life",
"sense": "(oath on the) life",
"norm": "nīš",
"pos": "N",
"epos": "N"}
}
,
{
"node": "l",
"frag": "[MU]-⸢DINGIR⸣",
"id": "P237664.l0607d",
"ref": "P237664.18.2",
"cof-head": "P237664.l0607c",
"inst": "+nīšu[(oath on the) life]N$nīš&+ilu[god]N$ili",
"f": {"lang": "akk-x-neobab",
"form": "MU-DINGIR",
"cf": "ilu",
"gw": "god",
"sense": "god",
"norm": "ili",
"pos": "N",
"epos": "N"}
}
]}
,
{
"node": "l",
"frag": "u",
"id": "P237664.l0607e",
"ref": "P237664.18.3",
"inst": "u[and]CNJ",
"sig": "@saao/saa18%akk-x-neobab:u=u[and//and]CNJ'CNJ$u",
"f": {"lang": "akk-x-neobab",
"form": "u",
"cf": "u",
"gw": "and",
"sense": "and",
"norm": "u",
"pos": "CNJ",
"epos": "CNJ"}
}
,
{
"node": "l",
"frag": "mu-kin-nu-tu",
"id": "P237664.l0607f",
"ref": "P237664.18.4",
"inst": "+mukinnūtu[testimony]N$",
"sig": "@saao/saa18%akk-x-neobab:mu-kin-nu-tu=mukinnūtu[testimony//testimony]N'N$mukinnūtu",
"f": {"lang": "akk-x-neobab",
"form": "mu-kin-nu-tu",
"cf": "mukinnūtu",
"gw": "testimony",
"sense": "testimony",
"norm": "mukinnūtu",
"pos": "N",
"epos": "N"}
}
,
{
"node": "d",
"type": "line-start",
"ref": "P237664.19",
"n": "3'",
"label": "r 3'"}
,
{
"node": "l",
"frag": "LUGAL",
"id": "P237664.l06080",
"ref": "P237664.19.1",
"inst": "šarru[king]N",
"sig": "@saao/saa18%akk-x-neobab:LUGAL=šarru[king//king]N'N$šarru",
"f": {"lang": "akk-x-neobab",
"form": "LUGAL",
"cf": "šarru",
"gw": "king",
"sense": "king",
"norm": "šarru",
"pos": "N",
"epos": "N"}
}
,
{
"node": "l",
"frag": "⸢EN⸣-a",
"id": "P237664.l06081",
"ref": "P237664.19.2",
"inst": "bēlā[lord]N",
"sig": "@saao/saa18%akk-x-neobab:EN-a=bēlu[lord//lord]N'N$bēlā",
"f": {"lang": "akk-x-neobab",
"form": "EN-a",
"cf": "bēlu",
"gw": "lord",
"sense": "lord",
"norm": "bēlā",
"pos": "N",
"epos": "N"}
}
,
{
"node": "l",
"frag": "it-ti",
"id": "P237664.l06082",
"ref": "P237664.19.3",
"inst": "itti[with]PRP",
"sig": "@saao/saa18%akk-x-neobab:it-ti=itti[with//with]PRP'PRP$itti",
"f": {"lang": "akk-x-neobab",
"form": "it-ti",
"cf": "itti",
"gw": "with",
"sense": "with",
"norm": "itti",
"pos": "PRP",
"epos": "PRP"}
}
,
{
"node": "l",
"frag": "ERIM-MEŠ",
"id": "P237664.l06083",
"ref": "P237664.19.4",
"inst": "ṣābē[people]N",
"sig": "@saao/saa18%akk-x-neobab:ERIM-MEŠ=ṣābu[people//people]N'N$ṣābē",
"f": {"lang": "akk-x-neobab",
"form": "ERIM-MEŠ",
"cf": "ṣābu",
"gw": "people",
"sense": "people",
"norm": "ṣābē",
"pos": "N",
"epos": "N"}
}
,
{
"node": "l",
"frag": "an-nu-tu",
"id": "P237664.l06084",
"ref": "P237664.19.5",
"inst": "annūtu[this]DP",
"sig": "@saao/saa18%akk-x-neobab:an-nu-tu=annû[this//this]DP'DP$annūtu",
"f": {"lang": "akk-x-neobab",
"form": "an-nu-tu",
"cf": "annû",
"gw": "this",
"sense": "this",
"norm": "annūtu",
"pos": "DP",
"epos": "DP"}
}
,
{
"node": "d",
"type": "line-start",
"ref": "P237664.20",
"n": "4'",
"label": "r 4'"}
,
{
"node": "l",
"frag": "liš-pur-an-ni",
"id": "P237664.l06085",
"ref": "P237664.20.1",
"inst": "+šapāru[send]V$lišpuranni",
"sig": "@saao/saa18%akk-x-neobab:liš-pur-an-ni=šapāru[send//send]V'V$lišpuranni",
"f": {"lang": "akk-x-neobab",
"form": "liš-pur-an-ni",
"cf": "šapāru",
"gw": "send",
"sense": "send",
"norm": "lišpuranni",
"pos": "V",
"epos": "V"}
}
,
{
"node": "l",
"frag": "u",
"id": "P237664.l06086",
"ref": "P237664.20.2",
"inst": "u[and]CNJ",
"sig": "@saao/saa18%akk-x-neobab:u=u[and//and]CNJ'CNJ$u",
"f": {"lang": "akk-x-neobab",
"form": "u",
"cf": "u",
"gw": "and",
"sense": "and",
"norm": "u",
"pos": "CNJ",
"epos": "CNJ"}
}
,
{
"node": "l",
"frag": "ia-a-nu-u₂",
"id": "P237664.l06087",
"ref": "P237664.20.3",
"inst": "yānū[otherwise]'AV",
"sig": "@saao/saa18%akk-x-neobab:ia-a-nu-u₂=yānu[(there) is not//otherwise]V'AV$yānū",
"f": {"lang": "akk-x-neobab",
"form": "ia-a-nu-u₂",
"cf": "yānu",
"gw": "(there) is not",
"sense": "otherwise",
"norm": "yānū",
"pos": "V",
"epos": "AV"}
}
,
{
"node": "d",
"type": "line-start",
"ref": "P237664.21",
"n": "5'",
"label": "r 5'"}
,
{
"node": "l",
"frag": "LUGAL",
"id": "P237664.l06088",
"ref": "P237664.21.1",
"inst": "šarru[king]N",
"sig": "@saao/saa18%akk-x-neobab:LUGAL=šarru[king//king]N'N$šarru",
"f": {"lang": "akk-x-neobab",
"form": "LUGAL",
"cf": "šarru",
"gw": "king",
"sense": "king",
"norm": "šarru",
"pos": "N",
"epos": "N"}
}
,
{
"node": "l",
"frag": "ki-i",
"id": "P237664.l06089",
"ref": "P237664.21.2",
"inst": "+kī[like//in accordance with]PRP'PRP$kî",
"sig": "@saao/saa18%akk-x-neobab:ki-i=kī[like//in accordance with]PRP'PRP$kî",
"f": {"lang": "akk-x-neobab",
"form": "ki-i",
"cf": "kī",
"gw": "like",
"sense": "in accordance with",
"norm": "kî",
"pos": "PRP",
"epos": "PRP"}
}
,
{
"node": "l",
"frag": "ša₂",
"id": "P237664.l0608a",
"ref": "P237664.21.3",
"inst": "ša[what]REL",
"sig": "@saao/saa18%akk-x-neobab:ša₂=ša[that//what]REL'REL$ša",
"f": {"lang": "akk-x-neobab",
"form": "ša₂",
"cf": "ša",
"gw": "that",
"sense": "what",
"norm": "ša",
"pos": "REL",
"epos": "REL"}
}
,
{
"node": "l",
"frag": "i-le-ʾu-u₂",
"id": "P237664.l0608b",
"ref": "P237664.21.4",
"inst": "+leʾû[be able//deem]V'V$ileʾʾû",
"sig": "@saao/saa10%akk-x-neobab:i-le-ʾu-u₂=leʾû[be able//deem]V'V$ileʾʾû",
"f": {"lang": "akk-x-neobab",
"form": "i-le-ʾu-u₂",
"cf": "leʾû",
"gw": "be able",
"sense": "deem",
"norm": "ileʾʾû",
"pos": "V",
"epos": "V"}
}
,
{
"node": "d",
"type": "line-start",
"ref": "P237664.22",
"n": "6'",
"label": "r 6'"}
,
{
"node": "l",
"frag": "li-pu-uš",
"id": "P237664.l0608c",
"ref": "P237664.22.1",
"inst": "līpuš[do]V",
"sig": "@saao/saa18%akk-x-neobab:li-pu-uš=epēšu[do//settle]V'V$līpuš",
"f": {"lang": "akk-x-neobab",
"form": "li-pu-uš",
"cf": "epēšu",
"gw": "do",
"sense": "settle",
"norm": "līpuš",
"pos": "V",
"epos": "V"}
}
,
{
"node": "l",
"frag": "[o]",
"id": "P237664.l0608d",
"ref": "P237664.22.2",
"inst": "u",
"f": {"lang": "akk-x-neobab",
"form": "o",
"pos": "u"}
}
,
{
"node": "d",
"type": "nonx",
"ref": "P237664.23",
"strict": "0",
"extent": "rest",
"state": "other"}
]}
]}
]}
,
{
"linkbase": [{
"type": "linkset",
"xlink_title": "nīš ili[oath//oath]N'N",
"id": "P237664.ls00000",
"xlink_type": "extended",
"xlink_role": "psu",
"sig": "{MU-DINGIR = nīšu[(oath on the) life]N ilu[god]N += nīš ili[oath//oath]N'N}::@saao/saa18%akk-x-neobab:MU-DINGIR=nīšu[(oath on the) life//(oath on the) life]N'N$nīš++@saao/saa18%akk-x-neobab:MU-DINGIR=ilu[god//god]N'N$ili",
"links": [
{
"type": "link",
"xlink_title": "nīšu",
"xlink_type": "locator",
"xlink_href": "#P237664.l0607c",
"xlink_role": "elt"}
,
{
"type": "link",
"xlink_title": "ilu",
"xlink_type": "locator",
"xlink_href": "#P237664.l0607d",
"xlink_role": "elt"}
]}
]}
]}
