{
"type": "cdl",
  "source": "http://oracc.org/saao/saa18",
  "license": "This data is released under the CC0 license",
  "license-url": "https://creativecommons.org/publicdomain/zero/1.0/",
  "more-info": "http://oracc.org/doc/opendata/",
  "UTC-timestamp": "2017-05-19T12:00:53",
"project": "saao/saa18",
"textid": "P237685",
"cdl": [
{
"node": "c",
"type": "text",
"id": "P237685.U0",
"cdl": [
{
"node": "d",
"type": "object",
"ref": ""}
,
{
"node": "d",
"subtype": "obverse",
"type": "surface",
"ref": "P237685.o.1",
"type": "obverse",
"label": "o"}
,
{
"node": "c",
"type": "discourse",
"subtype": "body",
"id": "P237685.U1",
"cdl": [
{
"node": "c",
"type": "sentence",
"id": "P237685.U2",
"label": "o 1 - r 2",
"cdl": [
{
"node": "d",
"type": "line-start",
"ref": "P237685.2",
"n": "1",
"label": "o 1"}
,
{
"node": "l",
"frag": "[a-na",
"id": "P237685.l05c15",
"ref": "P237685.2.1",
"inst": "ana[to]PRP",
"sig": "@saao/saa18%akk-x-neobab:a-na=ana[to//to]PRP'PRP$ana",
"f": {"lang": "akk-x-neobab",
"form": "a-na",
"cf": "ana",
"gw": "to",
"sense": "to",
"norm": "ana",
"pos": "PRP",
"epos": "PRP"}
}
,
{
"node": "l",
"frag": "LUGAL]",
"id": "P237685.l05c16",
"ref": "P237685.2.2",
"inst": "šar[king]N",
"sig": "@saao/saa18%akk-x-neobab:LUGAL=šarru[king//king]N'N$šar",
"f": {"lang": "akk-x-neobab",
"form": "LUGAL",
"cf": "šarru",
"gw": "king",
"sense": "king",
"norm": "šar",
"pos": "N",
"epos": "N"}
}
,
{
"node": "l",
"frag": "KUR.KUR",
"id": "P237685.l05c17",
"ref": "P237685.2.3",
"inst": "mātāti[land]N",
"sig": "@saao/saa18%akk-x-neobab:KUR.KUR=mātu[land//land]N'N$mātāti",
"f": {"lang": "akk-x-neobab",
"form": "KUR.KUR",
"cf": "mātu",
"gw": "land",
"sense": "land",
"norm": "mātāti",
"pos": "N",
"epos": "N"}
}
,
{
"node": "l",
"frag": "[EN-ia₂]",
"id": "P237685.l05c18",
"ref": "P237685.2.4",
"inst": "bēlīya[lord]N",
"sig": "@saao/saa18%akk-x-neobab:EN-ia₂=bēlu[lord//lord]N'N$bēlīya",
"f": {"lang": "akk-x-neobab",
"form": "EN-ia₂",
"cf": "bēlu",
"gw": "lord",
"sense": "lord",
"norm": "bēlīya",
"pos": "N",
"epos": "N"}
}
,
{
"node": "d",
"type": "line-start",
"ref": "P237685.3",
"n": "2",
"label": "o 2"}
,
{
"node": "l",
"frag": "[ARAD-ka",
"id": "P237685.l05c19",
"ref": "P237685.3.1",
"inst": "aradka[servant]N",
"sig": "@saao/saa18%akk-x-neobab:ARAD-ka=ardu[slave//servant]N'N$aradka",
"f": {"lang": "akk-x-neobab",
"form": "ARAD-ka",
"cf": "ardu",
"gw": "slave",
"sense": "servant",
"norm": "aradka",
"pos": "N",
"epos": "N"}
}
,
{
"node": "l",
"frag": "{1}⸢mar⸣-duk",
"id": "P237685.l05c1a",
"ref": "P237685.3.2",
"inst": "Marduk[1]PN",
"sig": "@saao/saa18%akk-x-neobab:{1}mar-duk=Marduku[1//1]PN'PN$Marduk",
"f": {"lang": "akk-x-neobab",
"form": "{1}mar-duk",
"cf": "Marduku",
"gw": "1",
"sense": "1",
"norm": "Marduk",
"pos": "PN",
"epos": "PN"}
}
,
{
"node": "l",
"frag": "{d}PA",
"id": "P237685.l05c1b",
"ref": "P237685.3.3",
"inst": "Nabu[1]DN",
"sig": "@saao/saa18%akk-x-neobab:{d}PA=Nabu[1//1]DN'DN$Nabu",
"f": {"lang": "akk-x-neobab",
"form": "{d}PA",
"cf": "Nabu",
"gw": "1",
"sense": "1",
"norm": "Nabu",
"pos": "DN",
"epos": "DN"}
}
,
{
"node": "l",
"frag": "{d}AMAR.UTU",
"id": "P237685.l05c1c",
"ref": "P237685.3.4",
"inst": "Marduk[1]DN",
"sig": "@saao/saa18%akk-x-neobab:{d}AMAR.UTU=Marduk[1//1]DN'DN$Marduk",
"f": {"lang": "akk-x-neobab",
"form": "{d}AMAR.UTU",
"cf": "Marduk",
"gw": "1",
"sense": "1",
"norm": "Marduk",
"pos": "DN",
"epos": "DN"}
}
,
{
"node": "d",
"type": "line-start",
"ref": "P237685.4",
"n": "3",
"label": "o 3"}
,
{
"node": "l",
"frag": "[a-na",
"id": "P237685.l05c1d",
"ref": "P237685.4.1",
"inst": "ana[to]PRP",
"sig": "@saao/saa18%akk-x-neobab:a-na=ana[to//to]PRP'PRP$ana",
"f": {"lang": "akk-x-neobab",
"form": "a-na",
"cf": "ana",
"gw": "to",
"sense": "to",
"norm": "ana",
"pos": "PRP",
"epos": "PRP"}
}
,
{
"node": "l",
"frag": "LUGAL",
"id": "P237685.l05c1e",
"ref": "P237685.4.2",
"inst": "šarri[king]N",
"sig": "@saao/saa18%akk-x-neobab:LUGAL=šarru[king//king]N'N$šarri",
"f": {"lang": "akk-x-neobab",
"form": "LUGAL",
"cf": "šarru",
"gw": "king",
"sense": "king",
"norm": "šarri",
"pos": "N",
"epos": "N"}
}
,
{
"node": "l",
"frag": "be]-li₂-ia₂",
"id": "P237685.l05c1f",
"ref": "P237685.4.3",
"inst": "bēlīya[lord]N",
"sig": "@saao/saa18%akk-x-neobab:be-li₂-ia₂=bēlu[lord//lord]N'N$bēlīya",
"f": {"lang": "akk-x-neobab",
"form": "be-li₂-ia₂",
"cf": "bēlu",
"gw": "lord",
"sense": "lord",
"norm": "bēlīya",
"pos": "N",
"epos": "N"}
}
,
{
"node": "l",
"frag": "lik-ru-bu",
"id": "P237685.l05c20",
"ref": "P237685.4.4",
"inst": "likrubū[bless]V",
"sig": "@saao/saa18%akk-x-neobab:lik-ru-bu=karābu[pray//bless]V'V$likrubū",
"f": {"lang": "akk-x-neobab",
"form": "lik-ru-bu",
"cf": "karābu",
"gw": "pray",
"sense": "bless",
"norm": "likrubū",
"pos": "V",
"epos": "V"}
}
,
{
"node": "l",
"frag": "{d}GIŠ.⸢NU₁₁⸣-MU-GI.NA",
"id": "P237685.l05c21",
"ref": "P237685.4.5",
"inst": "Šamaš-šumu-ukin[1]PN",
"sig": "@saao/saa18%akk-x-neobab:{d}GIŠ.NU₁₁-MU-GI.NA=Šamaš-šumu-ukin[1//1]PN'PN$Šamaš-šumu-ukin",
"f": {"lang": "akk-x-neobab",
"form": "{d}GIŠ.NU₁₁-MU-GI.NA",
"cf": "Šamaš-šumu-ukin",
"gw": "1",
"sense": "1",
"norm": "Šamaš-šumu-ukin",
"pos": "PN",
"epos": "PN"}
}
,
{
"node": "d",
"type": "line-start",
"ref": "P237685.5",
"n": "4",
"label": "o 4"}
,
{
"node": "l",
"frag": "[x",
"id": "P237685.l05c22",
"ref": "P237685.5.1",
"inst": "u",
"f": {"lang": "akk-x-neobab",
"form": "x",
"pos": "u"}
}
,
{
"node": "l",
"frag": "x",
"id": "P237685.l05c23",
"ref": "P237685.5.2",
"inst": "u",
"f": {"lang": "akk-x-neobab",
"form": "x",
"pos": "u"}
}
,
{
"node": "l",
"frag": "x]+⸢x⸣",
"id": "P237685.l05c24",
"ref": "P237685.5.3",
"inst": "u",
"f": {"lang": "akk-x-neobab",
"form": "x+x",
"pos": "u"}
}
,
{
"node": "l",
"frag": "u",
"id": "P237685.l05c25",
"ref": "P237685.5.4",
"inst": "u[and]CNJ",
"sig": "@saao/saa18%akk-x-neobab:u=u[and//and]CNJ'CNJ$u",
"f": {"lang": "akk-x-neobab",
"form": "u",
"cf": "u",
"gw": "and",
"sense": "and",
"norm": "u",
"pos": "CNJ",
"epos": "CNJ"}
}
,
{
"node": "l",
"frag": "ra-bi-ti",
"id": "P237685.l05c26",
"ref": "P237685.5.5",
"inst": "+rabû[big//great]AJ'AJ$rabīti",
"sig": "@saao/saa18%akk-x-neobab:ra-bi-ti=rabû[big//great]AJ'AJ$rabīti",
"f": {"lang": "akk-x-neobab",
"form": "ra-bi-ti",
"cf": "rabû",
"gw": "big",
"sense": "great",
"norm": "rabīti",
"pos": "AJ",
"epos": "AJ"}
}
,
{
"node": "l",
"frag": "i-⸢pu-uš⸣-ma",
"id": "P237685.l05c27",
"ref": "P237685.5.6",
"inst": "+epēšu[do]V$ippušma",
"sig": "@saao/saa18%akk-x-neobab:i-pu-uš-ma=epēšu[do//do]V'V$ippušma",
"f": {"lang": "akk-x-neobab",
"form": "i-pu-uš-ma",
"cf": "epēšu",
"gw": "do",
"sense": "do",
"norm": "ippušma",
"pos": "V",
"epos": "V"}
}
,
{
"node": "d",
"type": "line-start",
"ref": "P237685.6",
"n": "5",
"label": "o 5"}
,
{
"node": "l",
"frag": "[x",
"id": "P237685.l05c28",
"ref": "P237685.6.1",
"inst": "u",
"f": {"lang": "akk-x-neobab",
"form": "x",
"pos": "u"}
}
,
{
"node": "l",
"frag": "x",
"id": "P237685.l05c29",
"ref": "P237685.6.2",
"inst": "u",
"f": {"lang": "akk-x-neobab",
"form": "x",
"pos": "u"}
}
,
{
"node": "l",
"frag": "x]",
"id": "P237685.l05c2a",
"ref": "P237685.6.3",
"inst": "u",
"f": {"lang": "akk-x-neobab",
"form": "x",
"pos": "u"}
}
,
{
"node": "l",
"frag": "⸢ul⸣",
"id": "P237685.l05c2b",
"ref": "P237685.6.4",
"inst": "ul[not]MOD",
"sig": "@saao/saa18%akk-x-neobab:ul=ul[not//not]MOD'MOD$ul",
"f": {"lang": "akk-x-neobab",
"form": "ul",
"cf": "ul",
"gw": "not",
"sense": "not",
"norm": "ul",
"pos": "MOD",
"epos": "MOD"}
}
,
{
"node": "l",
"frag": "i-dab-bu-ub",
"id": "P237685.l05c2c",
"ref": "P237685.6.5",
"inst": "idabbub[speak]V",
"sig": "@saao/saa18%akk-x-neobab:i-dab-bu-ub=dabābu[speak//plot]V'V$idabbub",
"f": {"lang": "akk-x-neobab",
"form": "i-dab-bu-ub",
"cf": "dabābu",
"gw": "speak",
"sense": "plot",
"norm": "idabbub",
"pos": "V",
"epos": "V"}
}
,
{
"node": "l",
"frag": "⸢a-na",
"id": "P237685.l05c2d",
"ref": "P237685.6.6",
"inst": "ana[to]PRP",
"sig": "@saao/saa18%akk-x-neobab:a-na=ana[to//to]PRP'PRP$ana",
"f": {"lang": "akk-x-neobab",
"form": "a-na",
"cf": "ana",
"gw": "to",
"sense": "to",
"norm": "ana",
"pos": "PRP",
"epos": "PRP"}
}
,
{
"node": "l",
"frag": "{lu₂}TIN⸣.TIR{ki}-MEŠ",
"id": "P237685.l05c2e",
"ref": "P237685.6.7",
"inst": "Babilaya[Babylonian]EN",
"sig": "@saao/saa18%akk-x-neobab:{LU₂}TIN.TIR{KI}-MEŠ=Babilaya[Babylonian//Babylonian]EN'EN$Babilaya",
"f": {"lang": "akk-x-neobab",
"form": "{LU₂}TIN.TIR{KI}-MEŠ",
"cf": "Babilaya",
"gw": "Babylonian",
"sense": "Babylonian",
"norm": "Babilaya",
"pos": "EN",
"epos": "EN"}
}
,
{
"node": "d",
"type": "line-start",
"ref": "P237685.7",
"n": "6",
"label": "o 6"}
,
{
"node": "l",
"frag": "[x",
"id": "P237685.l05c2f",
"ref": "P237685.7.1",
"inst": "u",
"f": {"lang": "akk-x-neobab",
"form": "x",
"pos": "u"}
}
,
{
"node": "l",
"frag": "x",
"id": "P237685.l05c30",
"ref": "P237685.7.2",
"inst": "u",
"f": {"lang": "akk-x-neobab",
"form": "x",
"pos": "u"}
}
,
{
"node": "l",
"frag": "x",
"id": "P237685.l05c31",
"ref": "P237685.7.3",
"inst": "u",
"f": {"lang": "akk-x-neobab",
"form": "x",
"pos": "u"}
}
,
{
"node": "l",
"frag": "i]-⸢qab-bi⸣",
"id": "P237685.l05c32",
"ref": "P237685.7.4",
"inst": "iqabbi[say]V",
"sig": "@saao/saa18%akk-x-neobab:i-qab-bi=qabû[say//say]V'V$iqabbi",
"f": {"lang": "akk-x-neobab",
"form": "i-qab-bi",
"cf": "qabû",
"gw": "say",
"sense": "say",
"norm": "iqabbi",
"pos": "V",
"epos": "V"}
}
,
{
"node": "l",
"frag": "um-ma",
"id": "P237685.l05c33",
"ref": "P237685.7.5",
"inst": "umma[saying]PRP",
"sig": "@saao/saa18%akk-x-neobab:um-ma=umma[saying//saying]PRP'PRP$umma",
"f": {"lang": "akk-x-neobab",
"form": "um-ma",
"cf": "umma",
"gw": "saying",
"sense": "saying",
"norm": "umma",
"pos": "PRP",
"epos": "PRP"}
}
,
{
"node": "l",
"frag": "ša₂",
"id": "P237685.l05c34",
"ref": "P237685.7.6",
"inst": "ša[of]DET",
"sig": "@saao/saa18%akk-x-neobab:ša₂=ša[of//of]DET'DET$ša",
"f": {"lang": "akk-x-neobab",
"form": "ša₂",
"cf": "ša",
"gw": "of",
"sense": "of",
"norm": "ša",
"pos": "DET",
"epos": "DET"}
}
,
{
"node": "l",
"frag": "ta-be₂-e",
"id": "P237685.l05c35",
"ref": "P237685.7.7",
"inst": "+tebû[arise//setting out]V'N$tabê",
"sig": "@saao/saa18%akk-x-neobab:ta-be₂-e=tebû[arise//setting out]V'N$tabê",
"f": {"lang": "akk-x-neobab",
"form": "ta-be₂-e",
"cf": "tebû",
"gw": "arise",
"sense": "setting out",
"norm": "tabê",
"pos": "V",
"epos": "N"}
}
,
{
"node": "l",
"frag": "DINGIR",
"id": "P237685.l05c36",
"ref": "P237685.7.8",
"inst": "ili[god]N",
"sig": "@saao/saa18%akk-x-neobab:DINGIR=ilu[god//god]N'N$ili",
"f": {"lang": "akk-x-neobab",
"form": "DINGIR",
"cf": "ilu",
"gw": "god",
"sense": "god",
"norm": "ili",
"pos": "N",
"epos": "N"}
}
,
{
"node": "d",
"type": "line-start",
"ref": "P237685.8",
"n": "7",
"label": "o 7"}
,
{
"node": "l",
"frag": "[x",
"id": "P237685.l05c37",
"ref": "P237685.8.1",
"inst": "u",
"f": {"lang": "akk-x-neobab",
"form": "x",
"pos": "u"}
}
,
{
"node": "l",
"frag": "x",
"id": "P237685.l05c38",
"ref": "P237685.8.2",
"inst": "u",
"f": {"lang": "akk-x-neobab",
"form": "x",
"pos": "u"}
}
,
{
"node": "l",
"frag": "x",
"id": "P237685.l05c39",
"ref": "P237685.8.3",
"inst": "u",
"f": {"lang": "akk-x-neobab",
"form": "x",
"pos": "u"}
}
,
{
"node": "l",
"frag": "x",
"id": "P237685.l05c3a",
"ref": "P237685.8.4",
"inst": "u",
"f": {"lang": "akk-x-neobab",
"form": "x",
"pos": "u"}
}
,
{
"node": "l",
"frag": "x",
"id": "P237685.l05c3b",
"ref": "P237685.8.5",
"inst": "u",
"f": {"lang": "akk-x-neobab",
"form": "x",
"pos": "u"}
}
,
{
"node": "l",
"frag": "x]",
"id": "P237685.l05c3c",
"ref": "P237685.8.6",
"inst": "u",
"f": {"lang": "akk-x-neobab",
"form": "x",
"pos": "u"}
}
,
{
"node": "l",
"frag": "⸢TIN.TIR⸣{ki}",
"id": "P237685.l05c3d",
"ref": "P237685.8.7",
"inst": "Babili[Babylon]GN",
"sig": "@saao/saa18%akk-x-neobab:TIN.TIR{KI}=Babili[Babylon//Babylon]GN'GN$Babili",
"f": {"lang": "akk-x-neobab",
"form": "TIN.TIR{KI}",
"cf": "Babili",
"gw": "Babylon",
"sense": "Babylon",
"norm": "Babili",
"pos": "GN",
"epos": "GN"}
}
,
{
"node": "d",
"type": "line-start",
"ref": "P237685.9",
"n": "8",
"label": "o 8"}
,
{
"node": "l",
"frag": "[x",
"id": "P237685.l05c3e",
"ref": "P237685.9.1",
"inst": "u",
"f": {"lang": "akk-x-neobab",
"form": "x",
"pos": "u"}
}
,
{
"node": "l",
"frag": "x",
"id": "P237685.l05c3f",
"ref": "P237685.9.2",
"inst": "u",
"f": {"lang": "akk-x-neobab",
"form": "x",
"pos": "u"}
}
,
{
"node": "l",
"frag": "x",
"id": "P237685.l05c40",
"ref": "P237685.9.3",
"inst": "u",
"f": {"lang": "akk-x-neobab",
"form": "x",
"pos": "u"}
}
,
{
"node": "l",
"frag": "x",
"id": "P237685.l05c41",
"ref": "P237685.9.4",
"inst": "u",
"f": {"lang": "akk-x-neobab",
"form": "x",
"pos": "u"}
}
,
{
"node": "l",
"frag": "x",
"id": "P237685.l05c42",
"ref": "P237685.9.5",
"inst": "u",
"f": {"lang": "akk-x-neobab",
"form": "x",
"pos": "u"}
}
,
{
"node": "l",
"frag": "x",
"id": "P237685.l05c43",
"ref": "P237685.9.6",
"inst": "u",
"f": {"lang": "akk-x-neobab",
"form": "x",
"pos": "u"}
}
,
{
"node": "l",
"frag": "x]",
"id": "P237685.l05c44",
"ref": "P237685.9.7",
"inst": "u",
"f": {"lang": "akk-x-neobab",
"form": "x",
"pos": "u"}
}
,
{
"node": "l",
"frag": "⸢ša₂⸣",
"id": "P237685.l05c45",
"ref": "P237685.9.8",
"inst": "ša[who]REL",
"sig": "@saao/saa18%akk-x-neobab:ša₂=ša[that//who]REL'REL$ša",
"f": {"lang": "akk-x-neobab",
"form": "ša₂",
"cf": "ša",
"gw": "that",
"sense": "who",
"norm": "ša",
"pos": "REL",
"epos": "REL"}
}
,
{
"node": "l",
"frag": "ina",
"id": "P237685.l05c46",
"ref": "P237685.9.9",
"inst": "ina[in]PRP",
"sig": "@saao/saa18%akk-x-neobab:ina=ina[in//in accordance with]PRP'PRP$ina",
"f": {"lang": "akk-x-neobab",
"form": "ina",
"cf": "ina",
"gw": "in",
"sense": "in accordance with",
"norm": "ina",
"pos": "PRP",
"epos": "PRP"}
}
,
{
"node": "l",
"frag": "bi-rit",
"id": "P237685.l05c47",
"ref": "P237685.9.10",
"inst": "birīt[between]PRP",
"sig": "@saao/saa18%akk-x-neobab:bi-rit=birīt[between//between]PRP'PRP$birīt",
"f": {"lang": "akk-x-neobab",
"form": "bi-rit",
"cf": "birīt",
"gw": "between",
"sense": "between",
"norm": "birīt",
"pos": "PRP",
"epos": "PRP"}
}
,
{
"node": "d",
"type": "line-start",
"ref": "P237685.10",
"n": "9",
"label": "o 9"}
,
{
"node": "l",
"frag": "[x",
"id": "P237685.l05c48",
"ref": "P237685.10.1",
"inst": "u",
"f": {"lang": "akk-x-neobab",
"form": "x",
"pos": "u"}
}
,
{
"node": "l",
"frag": "x",
"id": "P237685.l05c49",
"ref": "P237685.10.2",
"inst": "u",
"f": {"lang": "akk-x-neobab",
"form": "x",
"pos": "u"}
}
,
{
"node": "l",
"frag": "x",
"id": "P237685.l05c4a",
"ref": "P237685.10.3",
"inst": "u",
"f": {"lang": "akk-x-neobab",
"form": "x",
"pos": "u"}
}
,
{
"node": "l",
"frag": "x",
"id": "P237685.l05c4b",
"ref": "P237685.10.4",
"inst": "u",
"f": {"lang": "akk-x-neobab",
"form": "x",
"pos": "u"}
}
,
{
"node": "l",
"frag": "x",
"id": "P237685.l05c4c",
"ref": "P237685.10.5",
"inst": "u",
"f": {"lang": "akk-x-neobab",
"form": "x",
"pos": "u"}
}
,
{
"node": "l",
"frag": "x",
"id": "P237685.l05c4d",
"ref": "P237685.10.6",
"inst": "u",
"f": {"lang": "akk-x-neobab",
"form": "x",
"pos": "u"}
}
,
{
"node": "l",
"frag": "x",
"id": "P237685.l05c4e",
"ref": "P237685.10.7",
"inst": "u",
"f": {"lang": "akk-x-neobab",
"form": "x",
"pos": "u"}
}
,
{
"node": "l",
"frag": "x]",
"id": "P237685.l05c4f",
"ref": "P237685.10.8",
"inst": "u",
"f": {"lang": "akk-x-neobab",
"form": "x",
"pos": "u"}
}
,
{
"node": "l",
"frag": "⸢LUGAL⸣",
"id": "P237685.l05c50",
"ref": "P237685.10.9",
"inst": "šarru[king]N",
"sig": "@saao/saa18%akk-x-neobab:LUGAL=šarru[king//king]N'N$šarru",
"f": {"lang": "akk-x-neobab",
"form": "LUGAL",
"cf": "šarru",
"gw": "king",
"sense": "king",
"norm": "šarru",
"pos": "N",
"epos": "N"}
}
,
{
"node": "d",
"subtype": "reverse",
"type": "surface",
"ref": "P237685.r.11",
"type": "reverse",
"label": "r"}
,
{
"node": "d",
"type": "line-start",
"ref": "P237685.12",
"n": "1",
"label": "r 1"}
,
{
"node": "l",
"frag": "[x",
"id": "P237685.l05c51",
"ref": "P237685.12.1",
"inst": "u",
"f": {"lang": "akk-x-neobab",
"form": "x",
"pos": "u"}
}
,
{
"node": "l",
"frag": "x",
"id": "P237685.l05c52",
"ref": "P237685.12.2",
"inst": "u",
"f": {"lang": "akk-x-neobab",
"form": "x",
"pos": "u"}
}
,
{
"node": "l",
"frag": "x",
"id": "P237685.l05c53",
"ref": "P237685.12.3",
"inst": "u",
"f": {"lang": "akk-x-neobab",
"form": "x",
"pos": "u"}
}
,
{
"node": "l",
"frag": "x",
"id": "P237685.l05c54",
"ref": "P237685.12.4",
"inst": "u",
"f": {"lang": "akk-x-neobab",
"form": "x",
"pos": "u"}
}
,
{
"node": "l",
"frag": "x",
"id": "P237685.l05c55",
"ref": "P237685.12.5",
"inst": "u",
"f": {"lang": "akk-x-neobab",
"form": "x",
"pos": "u"}
}
,
{
"node": "l",
"frag": "x",
"id": "P237685.l05c56",
"ref": "P237685.12.6",
"inst": "u",
"f": {"lang": "akk-x-neobab",
"form": "x",
"pos": "u"}
}
,
{
"node": "l",
"frag": "x",
"id": "P237685.l05c57",
"ref": "P237685.12.7",
"inst": "u",
"f": {"lang": "akk-x-neobab",
"form": "x",
"pos": "u"}
}
,
{
"node": "l",
"frag": "x",
"id": "P237685.l05c58",
"ref": "P237685.12.8",
"inst": "u",
"f": {"lang": "akk-x-neobab",
"form": "x",
"pos": "u"}
}
,
{
"node": "l",
"frag": "x]-⸢bu⸣",
"id": "P237685.l05c59",
"ref": "P237685.12.9",
"inst": "u",
"f": {"lang": "akk-x-neobab",
"form": "x-bu",
"pos": "u"}
}
,
{
"node": "d",
"type": "line-start",
"ref": "P237685.13",
"n": "2",
"label": "r 2"}
,
{
"node": "l",
"frag": "[x",
"id": "P237685.l05c5a",
"ref": "P237685.13.1",
"inst": "u",
"f": {"lang": "akk-x-neobab",
"form": "x",
"pos": "u"}
}
,
{
"node": "l",
"frag": "x",
"id": "P237685.l05c5b",
"ref": "P237685.13.2",
"inst": "u",
"f": {"lang": "akk-x-neobab",
"form": "x",
"pos": "u"}
}
,
{
"node": "l",
"frag": "x",
"id": "P237685.l05c5c",
"ref": "P237685.13.3",
"inst": "u",
"f": {"lang": "akk-x-neobab",
"form": "x",
"pos": "u"}
}
,
{
"node": "l",
"frag": "x",
"id": "P237685.l05c5d",
"ref": "P237685.13.4",
"inst": "u",
"f": {"lang": "akk-x-neobab",
"form": "x",
"pos": "u"}
}
,
{
"node": "l",
"frag": "x",
"id": "P237685.l05c5e",
"ref": "P237685.13.5",
"inst": "u",
"f": {"lang": "akk-x-neobab",
"form": "x",
"pos": "u"}
}
,
{
"node": "l",
"frag": "x",
"id": "P237685.l05c5f",
"ref": "P237685.13.6",
"inst": "u",
"f": {"lang": "akk-x-neobab",
"form": "x",
"pos": "u"}
}
,
{
"node": "l",
"frag": "x",
"id": "P237685.l05c60",
"ref": "P237685.13.7",
"inst": "u",
"f": {"lang": "akk-x-neobab",
"form": "x",
"pos": "u"}
}
,
{
"node": "l",
"frag": "x",
"id": "P237685.l05c61",
"ref": "P237685.13.8",
"inst": "u",
"f": {"lang": "akk-x-neobab",
"form": "x",
"pos": "u"}
}
,
{
"node": "l",
"frag": "x]-⸢tu₂⸣",
"id": "P237685.l05c62",
"ref": "P237685.13.9",
"inst": "u",
"f": {"lang": "akk-x-neobab",
"form": "x-tu₂",
"pos": "u"}
}
,
{
"node": "d",
"type": "nonx",
"ref": "P237685.14",
"strict": "0",
"extent": "rest",
"state": "missing"}
]}
]}
]}
]}
