{
"type": "cdl",
  "source": "http://oracc.org/saao/saa18",
  "license": "This data is released under the CC0 license",
  "license-url": "https://creativecommons.org/publicdomain/zero/1.0/",
  "more-info": "http://oracc.org/doc/opendata/",
  "UTC-timestamp": "2017-05-19T12:00:49",
"project": "saao/saa18",
"textid": "P237401",
"cdl": [
{
"node": "c",
"type": "text",
"id": "P237401.U0",
"cdl": [
{
"node": "d",
"type": "object",
"ref": ""}
,
{
"node": "d",
"subtype": "obverse",
"type": "surface",
"ref": "P237401.o.1",
"type": "obverse",
"label": "o"}
,
{
"node": "c",
"type": "discourse",
"subtype": "body",
"id": "P237401.U1",
"cdl": [
{
"node": "c",
"type": "sentence",
"id": "P237401.U2",
"label": "o 1 - r 3'",
"cdl": [
{
"node": "d",
"type": "line-start",
"ref": "P237401.2",
"n": "1",
"label": "o 1"}
,
{
"node": "l",
"frag": "a-na",
"id": "P237401.l004b5",
"ref": "P237401.2.1",
"inst": "ana[to]PRP",
"sig": "@saao/saa18%akk-x-neobab:a-na=ana[to//to]PRP'PRP$ana",
"f": {"lang": "akk-x-neobab",
"form": "a-na",
"cf": "ana",
"gw": "to",
"sense": "to",
"norm": "ana",
"pos": "PRP",
"epos": "PRP"}
}
,
{
"node": "l",
"frag": "LUGAL",
"id": "P237401.l004b6",
"ref": "P237401.2.2",
"inst": "šarri[king]N",
"sig": "@saao/saa18%akk-x-neobab:LUGAL=šarru[king//king]N'N$šarri",
"f": {"lang": "akk-x-neobab",
"form": "LUGAL",
"cf": "šarru",
"gw": "king",
"sense": "king",
"norm": "šarri",
"pos": "N",
"epos": "N"}
}
,
{
"node": "l",
"frag": "KUR.KUR",
"id": "P237401.l004b7",
"ref": "P237401.2.3",
"inst": "mātāti[land]N",
"sig": "@saao/saa18%akk-x-neobab:KUR.KUR=mātu[land//land]N'N$mātāti",
"f": {"lang": "akk-x-neobab",
"form": "KUR.KUR",
"cf": "mātu",
"gw": "land",
"sense": "land",
"norm": "mātāti",
"pos": "N",
"epos": "N"}
}
,
{
"node": "l",
"frag": "EN-⸢ia⸣",
"id": "P237401.l004b8",
"ref": "P237401.2.4",
"inst": "bēlīya[lord]N",
"sig": "@saao/saa18%akk-x-neobab:EN-ia=bēlu[lord//lord]N'N$bēlīya",
"f": {"lang": "akk-x-neobab",
"form": "EN-ia",
"cf": "bēlu",
"gw": "lord",
"sense": "lord",
"norm": "bēlīya",
"pos": "N",
"epos": "N"}
}
,
{
"node": "l",
"frag": "[ARAD-ka",
"id": "P237401.l004b9",
"ref": "P237401.2.5",
"inst": "aradka[servant]N",
"sig": "@saao/saa18%akk-x-neobab:ARAD-ka=ardu[slave//servant]N'N$aradka",
"f": {"lang": "akk-x-neobab",
"form": "ARAD-ka",
"cf": "ardu",
"gw": "slave",
"sense": "servant",
"norm": "aradka",
"pos": "N",
"epos": "N"}
}
,
{
"node": "l",
"frag": "{1}a-ša₂-re-du]",
"id": "P237401.l004ba",
"ref": "P237401.2.6",
"inst": "Ašaredu[1]PN",
"sig": "@saao/saa18%akk-x-neobab:{1}a-ša₂-re-du=Ašaredu[1//1]PN'PN$Ašaredu",
"f": {"lang": "akk-x-neobab",
"form": "{1}a-ša₂-re-du",
"cf": "Ašaredu",
"gw": "1",
"sense": "1",
"norm": "Ašaredu",
"pos": "PN",
"epos": "PN"}
}
,
{
"node": "d",
"type": "line-start",
"ref": "P237401.3",
"n": "2",
"label": "o 2"}
,
{
"node": "l",
"frag": "{⸢d⸣}PA",
"id": "P237401.l004bb",
"ref": "P237401.3.1",
"inst": "Nabu[1]DN",
"sig": "@saao/saa18%akk-x-neobab:{d}PA=Nabu[1//1]DN'DN$Nabu",
"f": {"lang": "akk-x-neobab",
"form": "{d}PA",
"cf": "Nabu",
"gw": "1",
"sense": "1",
"norm": "Nabu",
"pos": "DN",
"epos": "DN"}
}
,
{
"node": "l",
"frag": "u₃",
"id": "P237401.l004bc",
"ref": "P237401.3.2",
"inst": "u[and]CNJ",
"sig": "@saao/saa18%akk-x-neobab:u₃=u[and//and]CNJ'CNJ$u",
"f": {"lang": "akk-x-neobab",
"form": "u₃",
"cf": "u",
"gw": "and",
"sense": "and",
"norm": "u",
"pos": "CNJ",
"epos": "CNJ"}
}
,
{
"node": "l",
"frag": "{d}[AMAR.UTU",
"id": "P237401.l004bd",
"ref": "P237401.3.3",
"inst": "Marduk[1]DN",
"sig": "@saao/saa18%akk-x-neobab:{d}AMAR.UTU=Marduk[1//1]DN'DN$Marduk",
"f": {"lang": "akk-x-neobab",
"form": "{d}AMAR.UTU",
"cf": "Marduk",
"gw": "1",
"sense": "1",
"norm": "Marduk",
"pos": "DN",
"epos": "DN"}
}
,
{
"node": "l",
"frag": "a-na",
"id": "P237401.l004be",
"ref": "P237401.3.4",
"inst": "ana[to]PRP",
"sig": "@saao/saa18%akk-x-neobab:a-na=ana[to//to]PRP'PRP$ana",
"f": {"lang": "akk-x-neobab",
"form": "a-na",
"cf": "ana",
"gw": "to",
"sense": "to",
"norm": "ana",
"pos": "PRP",
"epos": "PRP"}
}
,
{
"node": "l",
"frag": "LUGAL",
"id": "P237401.l004bf",
"ref": "P237401.3.5",
"inst": "šarri[king]N",
"sig": "@saao/saa18%akk-x-neobab:LUGAL=šarru[king//king]N'N$šarri",
"f": {"lang": "akk-x-neobab",
"form": "LUGAL",
"cf": "šarru",
"gw": "king",
"sense": "king",
"norm": "šarri",
"pos": "N",
"epos": "N"}
}
,
{
"node": "l",
"frag": "EN-ia₂]",
"id": "P237401.l004c0",
"ref": "P237401.3.6",
"inst": "bēlīya[lord]N",
"sig": "@saao/saa18%akk-x-neobab:EN-ia₂=bēlu[lord//lord]N'N$bēlīya",
"f": {"lang": "akk-x-neobab",
"form": "EN-ia₂",
"cf": "bēlu",
"gw": "lord",
"sense": "lord",
"norm": "bēlīya",
"pos": "N",
"epos": "N"}
}
,
{
"node": "d",
"type": "line-start",
"ref": "P237401.4",
"n": "3",
"label": "o 3"}
,
{
"node": "l",
"frag": "lik-ru-bu",
"id": "P237401.l004c1",
"ref": "P237401.4.1",
"inst": "likrubū[bless]V",
"sig": "@saao/saa18%akk-x-neobab:lik-ru-bu=karābu[pray//bless]V'V$likrubū",
"f": {"lang": "akk-x-neobab",
"form": "lik-ru-bu",
"cf": "karābu",
"gw": "pray",
"sense": "bless",
"norm": "likrubū",
"pos": "V",
"epos": "V"}
}
,
{
"node": "l",
"frag": "UD-⸢mu⸣-[us-su",
"id": "P237401.l004c2",
"ref": "P237401.4.2",
"inst": "ūmussu[daily]AV",
"sig": "@saao/saa18%akk-x-neobab:UD-mu-us-su=ūmussu[daily//daily]AV'AV$ūmussu",
"f": {"lang": "akk-x-neobab",
"form": "UD-mu-us-su",
"cf": "ūmussu",
"gw": "daily",
"sense": "daily",
"norm": "ūmussu",
"pos": "AV",
"epos": "AV"}
}
,
{
"node": "l",
"frag": "{d}U.GUR]",
"id": "P237401.l004c3",
"ref": "P237401.4.3",
"inst": "Nergal[1]DN",
"sig": "@saao/saa18%akk-x-neobab:{d}U.GUR=Nergal[1//1]DN'DN$Nergal",
"f": {"lang": "akk-x-neobab",
"form": "{d}U.GUR",
"cf": "Nergal",
"gw": "1",
"sense": "1",
"norm": "Nergal",
"pos": "DN",
"epos": "DN"}
}
,
{
"node": "d",
"type": "line-start",
"ref": "P237401.5",
"n": "4",
"label": "o 4"}
,
{
"node": "l",
"frag": "u₃",
"id": "P237401.l004c4",
"ref": "P237401.5.1",
"inst": "u[and]CNJ",
"sig": "@saao/saa18%akk-x-neobab:u₃=u[and//and]CNJ'CNJ$u",
"f": {"lang": "akk-x-neobab",
"form": "u₃",
"cf": "u",
"gw": "and",
"sense": "and",
"norm": "u",
"pos": "CNJ",
"epos": "CNJ"}
}
,
{
"node": "l",
"frag": "{d}⸢la⸣-[aṣ",
"id": "P237401.l004c5",
"ref": "P237401.5.2",
"inst": "Laṣ[1]DN",
"sig": "@saao/saa18%akk-x-neobab:{d}la-aṣ=Laṣ[1//1]DN'DN$Laṣ",
"f": {"lang": "akk-x-neobab",
"form": "{d}la-aṣ",
"cf": "Laṣ",
"gw": "1",
"sense": "1",
"norm": "Laṣ",
"pos": "DN",
"epos": "DN"}
}
,
{
"node": "l",
"frag": "a-na",
"id": "P237401.l004c6",
"ref": "P237401.5.3",
"inst": "ana[for]PRP",
"sig": "@saao/saa18%akk-x-neobab:a-na=ana[to//for]PRP'PRP$ana",
"f": {"lang": "akk-x-neobab",
"form": "a-na",
"cf": "ana",
"gw": "to",
"sense": "for",
"norm": "ana",
"pos": "PRP",
"epos": "PRP"}
}
,
{
"node": "l",
"frag": "TIN",
"id": "P237401.l004c7",
"ref": "P237401.5.4",
"inst": "balāṭi[life]'N",
"sig": "@saao/saa18%akk-x-neobab:TIN=balāṭu[live//life]V'N$balāṭi",
"f": {"lang": "akk-x-neobab",
"form": "TIN",
"cf": "balāṭu",
"gw": "live",
"sense": "life",
"norm": "balāṭi",
"pos": "V",
"epos": "N"}
}
,
{
"node": "l",
"frag": "ZI-MEŠ]",
"id": "P237401.l004c8",
"ref": "P237401.5.5",
"inst": "napšāti[life]N",
"sig": "@saao/saa18%akk-x-neobab:ZI-MEŠ=napištu[throat//life]N'N$napšāti",
"f": {"lang": "akk-x-neobab",
"form": "ZI-MEŠ",
"cf": "napištu",
"gw": "throat",
"sense": "life",
"norm": "napšāti",
"pos": "N",
"epos": "N"}
}
,
{
"node": "d",
"type": "line-start",
"ref": "P237401.6",
"n": "5",
"label": "o 5"}
,
{
"node": "l",
"frag": "GID₂.DA",
"id": "P237401.l004c9",
"ref": "P237401.6.1",
"inst": "+arku[long]AJ$",
"sig": "@saao/saa18%akk-x-neobab:GID₂.DA=arku[long//long]AJ'AJ$arku",
"f": {"lang": "akk-x-neobab",
"form": "GID₂.DA",
"cf": "arku",
"gw": "long",
"sense": "long",
"norm": "arku",
"pos": "AJ",
"epos": "AJ"}
}
,
{
"node": "l",
"frag": "UD-⸢me⸣",
"id": "P237401.l004ca",
"ref": "P237401.6.2",
"inst": "ūme[day]N",
"sig": "@saao/saa18%akk-x-neobab:UD-me=ūmu[day//day]N'N$ūme",
"f": {"lang": "akk-x-neobab",
"form": "UD-me",
"cf": "ūmu",
"gw": "day",
"sense": "day",
"norm": "ūme",
"pos": "N",
"epos": "N"}
}
,
{
"node": "l",
"frag": "[ṭu-ub",
"id": "P237401.l004cb",
"ref": "P237401.6.3",
"inst": "ṭūb[goodness]N",
"sig": "@saao/saa18%akk-x-neobab:ṭu-ub=ṭūbu[goodness//goodness]N'N$ṭūb",
"f": {"lang": "akk-x-neobab",
"form": "ṭu-ub",
"cf": "ṭūbu",
"gw": "goodness",
"sense": "goodness",
"norm": "ṭūb",
"pos": "N",
"epos": "N"}
}
,
{
"node": "l",
"frag": "ŠA₃-bi",
"id": "P237401.l004cc",
"ref": "P237401.6.4",
"inst": "libbi[heart]N",
"sig": "@saao/saa18%akk-x-neobab:ŠA₃-bi=libbu[interior//heart]N'N$libbi",
"f": {"lang": "akk-x-neobab",
"form": "ŠA₃-bi",
"cf": "libbu",
"gw": "interior",
"sense": "heart",
"norm": "libbi",
"pos": "N",
"epos": "N"}
}
,
{
"node": "l",
"frag": "u",
"id": "P237401.l004cd",
"ref": "P237401.6.5",
"inst": "u[and]CNJ",
"sig": "@saao/saa18%akk-x-neobab:u=u[and//and]CNJ'CNJ$u",
"f": {"lang": "akk-x-neobab",
"form": "u",
"cf": "u",
"gw": "and",
"sense": "and",
"norm": "u",
"pos": "CNJ",
"epos": "CNJ"}
}
,
{
"node": "l",
"frag": "ṭu-ub",
"id": "P237401.l004ce",
"ref": "P237401.6.6",
"inst": "ṭūb[goodness]N",
"sig": "@saao/saa18%akk-x-neobab:ṭu-ub=ṭūbu[goodness//goodness]N'N$ṭūb",
"f": {"lang": "akk-x-neobab",
"form": "ṭu-ub",
"cf": "ṭūbu",
"gw": "goodness",
"sense": "goodness",
"norm": "ṭūb",
"pos": "N",
"epos": "N"}
}
,
{
"node": "l",
"frag": "UZU]",
"id": "P237401.l004cf",
"ref": "P237401.6.7",
"inst": "šīri[flesh]N",
"sig": "@saao/saa18%akk-x-neobab:UZU=šīru[flesh//flesh]N'N$šīri",
"f": {"lang": "akk-x-neobab",
"form": "UZU",
"cf": "šīru",
"gw": "flesh",
"sense": "flesh",
"norm": "šīri",
"pos": "N",
"epos": "N"}
}
,
{
"node": "d",
"type": "line-start",
"ref": "P237401.7",
"n": "6",
"label": "o 6"}
,
{
"node": "l",
"frag": "ša₂",
"id": "P237401.l004d0",
"ref": "P237401.7.1",
"inst": "ša[of]DET",
"sig": "@saao/saa18%akk-x-neobab:ša₂=ša[of//of]DET'DET$ša",
"f": {"lang": "akk-x-neobab",
"form": "ša₂",
"cf": "ša",
"gw": "of",
"sense": "of",
"norm": "ša",
"pos": "DET",
"epos": "DET"}
}
,
{
"node": "l",
"frag": "LUGAL",
"id": "P237401.l004d1",
"ref": "P237401.7.2",
"inst": "šar[king]N",
"sig": "@saao/saa18%akk-x-neobab:LUGAL=šarru[king//king]N'N$šar",
"f": {"lang": "akk-x-neobab",
"form": "LUGAL",
"cf": "šarru",
"gw": "king",
"sense": "king",
"norm": "šar",
"pos": "N",
"epos": "N"}
}
,
{
"node": "l",
"frag": "kiš-[šat",
"id": "P237401.l004d2",
"ref": "P237401.7.3",
"inst": "kiššat[world]N",
"sig": "@saao/saa18%akk-x-neobab:kiš-šat=kiššatu[totality//world]N'N$kiššat",
"f": {"lang": "akk-x-neobab",
"form": "kiš-šat",
"cf": "kiššatu",
"gw": "totality",
"sense": "world",
"norm": "kiššat",
"pos": "N",
"epos": "N"}
}
,
{
"node": "l",
"frag": "EN-ia",
"id": "P237401.l004d3",
"ref": "P237401.7.4",
"inst": "bēlīya[lord]N",
"sig": "@saao/saa18%akk-x-neobab:EN-ia=bēlu[lord//lord]N'N$bēlīya",
"f": {"lang": "akk-x-neobab",
"form": "EN-ia",
"cf": "bēlu",
"gw": "lord",
"sense": "lord",
"norm": "bēlīya",
"pos": "N",
"epos": "N"}
}
,
{
"node": "l",
"frag": "u₂-ṣal-li]",
"id": "P237401.l004d4",
"ref": "P237401.7.5",
"inst": "uṣalli[pray to]V",
"sig": "@saao/saa18%akk-x-neobab:u₂-ṣal-li=ṣullû[beseech//pray to]V'V$uṣalli",
"f": {"lang": "akk-x-neobab",
"form": "u₂-ṣal-li",
"cf": "ṣullû",
"gw": "beseech",
"sense": "pray to",
"norm": "uṣalli",
"pos": "V",
"epos": "V"}
}
,
{
"node": "d",
"type": "line-start",
"ref": "P237401.8",
"n": "7",
"label": "o 7"}
,
{
"node": "l",
"frag": "⸢x",
"id": "P237401.l004d5",
"ref": "P237401.8.1",
"inst": "u",
"f": {"lang": "akk-x-neobab",
"form": "x",
"pos": "u"}
}
,
{
"node": "l",
"frag": "x",
"id": "P237401.l004d6",
"ref": "P237401.8.2",
"inst": "u",
"f": {"lang": "akk-x-neobab",
"form": "x",
"pos": "u"}
}
,
{
"node": "l",
"frag": "x⸣",
"id": "P237401.l004d7",
"ref": "P237401.8.3",
"inst": "u",
"f": {"lang": "akk-x-neobab",
"form": "x",
"pos": "u"}
}
,
{
"node": "l",
"frag": "[x",
"id": "P237401.l004d8",
"ref": "P237401.8.4",
"inst": "u",
"f": {"lang": "akk-x-neobab",
"form": "x",
"pos": "u"}
}
,
{
"node": "l",
"frag": "x",
"id": "P237401.l004d9",
"ref": "P237401.8.5",
"inst": "u",
"f": {"lang": "akk-x-neobab",
"form": "x",
"pos": "u"}
}
,
{
"node": "l",
"frag": "x",
"id": "P237401.l004da",
"ref": "P237401.8.6",
"inst": "u",
"f": {"lang": "akk-x-neobab",
"form": "x",
"pos": "u"}
}
,
{
"node": "l",
"frag": "x",
"id": "P237401.l004db",
"ref": "P237401.8.7",
"inst": "u",
"f": {"lang": "akk-x-neobab",
"form": "x",
"pos": "u"}
}
,
{
"node": "l",
"frag": "x",
"id": "P237401.l004dc",
"ref": "P237401.8.8",
"inst": "u",
"f": {"lang": "akk-x-neobab",
"form": "x",
"pos": "u"}
}
,
{
"node": "l",
"frag": "x",
"id": "P237401.l004dd",
"ref": "P237401.8.9",
"inst": "u",
"f": {"lang": "akk-x-neobab",
"form": "x",
"pos": "u"}
}
,
{
"node": "l",
"frag": "x]",
"id": "P237401.l004de",
"ref": "P237401.8.10",
"inst": "u",
"f": {"lang": "akk-x-neobab",
"form": "x",
"pos": "u"}
}
,
{
"node": "d",
"type": "nonx",
"ref": "P237401.9",
"strict": "0",
"extent": "rest",
"state": "missing"}
,
{
"node": "d",
"subtype": "reverse",
"type": "surface",
"ref": "P237401.r.10",
"type": "reverse",
"label": "r"}
,
{
"node": "d",
"type": "nonx",
"ref": "P237401.11",
"strict": "0",
"extent": "beginning",
"state": "missing"}
,
{
"node": "d",
"type": "line-start",
"ref": "P237401.12",
"n": "1'",
"label": "r 1'"}
,
{
"node": "l",
"frag": "⸢en-na⸣",
"id": "P237401.l004df",
"ref": "P237401.12.1",
"inst": "enna[now]AV",
"sig": "@saao/saa18%akk-x-neobab:en-na=enna[now//now]AV'AV$enna",
"f": {"lang": "akk-x-neobab",
"form": "en-na",
"cf": "enna",
"gw": "now",
"sense": "now",
"norm": "enna",
"pos": "AV",
"epos": "AV"}
}
,
{
"node": "l",
"frag": "[x",
"id": "P237401.l004e0",
"ref": "P237401.12.2",
"inst": "u",
"f": {"lang": "akk-x-neobab",
"form": "x",
"pos": "u"}
}
,
{
"node": "l",
"frag": "x",
"id": "P237401.l004e1",
"ref": "P237401.12.3",
"inst": "u",
"f": {"lang": "akk-x-neobab",
"form": "x",
"pos": "u"}
}
,
{
"node": "l",
"frag": "x",
"id": "P237401.l004e2",
"ref": "P237401.12.4",
"inst": "u",
"f": {"lang": "akk-x-neobab",
"form": "x",
"pos": "u"}
}
,
{
"node": "l",
"frag": "x",
"id": "P237401.l004e3",
"ref": "P237401.12.5",
"inst": "u",
"f": {"lang": "akk-x-neobab",
"form": "x",
"pos": "u"}
}
,
{
"node": "l",
"frag": "x",
"id": "P237401.l004e4",
"ref": "P237401.12.6",
"inst": "u",
"f": {"lang": "akk-x-neobab",
"form": "x",
"pos": "u"}
}
,
{
"node": "l",
"frag": "x",
"id": "P237401.l004e5",
"ref": "P237401.12.7",
"inst": "u",
"f": {"lang": "akk-x-neobab",
"form": "x",
"pos": "u"}
}
,
{
"node": "l",
"frag": "x",
"id": "P237401.l004e6",
"ref": "P237401.12.8",
"inst": "u",
"f": {"lang": "akk-x-neobab",
"form": "x",
"pos": "u"}
}
,
{
"node": "l",
"frag": "x]",
"id": "P237401.l004e7",
"ref": "P237401.12.9",
"inst": "u",
"f": {"lang": "akk-x-neobab",
"form": "x",
"pos": "u"}
}
,
{
"node": "d",
"type": "line-start",
"ref": "P237401.13",
"n": "2'",
"label": "r 2'"}
,
{
"node": "l",
"frag": "UD-mu",
"id": "P237401.l004e8",
"ref": "P237401.13.1",
"inst": "ūmu[day]N",
"sig": "@saao/saa18%akk-x-neobab:UD-mu=ūmu[day//day]N'N$ūmu",
"f": {"lang": "akk-x-neobab",
"form": "UD-mu",
"cf": "ūmu",
"gw": "day",
"sense": "day",
"norm": "ūmu",
"pos": "N",
"epos": "N"}
}
,
{
"node": "l",
"frag": "ša₂",
"id": "P237401.l004e9",
"ref": "P237401.13.2",
"inst": "ša[that]REL",
"sig": "@saao/saa18%akk-x-neobab:ša₂=ša[that//that]REL'REL$ša",
"f": {"lang": "akk-x-neobab",
"form": "ša₂",
"cf": "ša",
"gw": "that",
"sense": "that",
"norm": "ša",
"pos": "REL",
"epos": "REL"}
}
,
{
"node": "l",
"frag": "⸢x⸣+[x",
"id": "P237401.l004ea",
"ref": "P237401.13.3",
"inst": "u",
"f": {"lang": "akk-x-neobab",
"form": "x+x",
"pos": "u"}
}
,
{
"node": "l",
"frag": "x",
"id": "P237401.l004eb",
"ref": "P237401.13.4",
"inst": "u",
"f": {"lang": "akk-x-neobab",
"form": "x",
"pos": "u"}
}
,
{
"node": "l",
"frag": "x",
"id": "P237401.l004ec",
"ref": "P237401.13.5",
"inst": "u",
"f": {"lang": "akk-x-neobab",
"form": "x",
"pos": "u"}
}
,
{
"node": "l",
"frag": "x",
"id": "P237401.l004ed",
"ref": "P237401.13.6",
"inst": "u",
"f": {"lang": "akk-x-neobab",
"form": "x",
"pos": "u"}
}
,
{
"node": "l",
"frag": "x",
"id": "P237401.l004ee",
"ref": "P237401.13.7",
"inst": "u",
"f": {"lang": "akk-x-neobab",
"form": "x",
"pos": "u"}
}
,
{
"node": "l",
"frag": "x",
"id": "P237401.l004ef",
"ref": "P237401.13.8",
"inst": "u",
"f": {"lang": "akk-x-neobab",
"form": "x",
"pos": "u"}
}
,
{
"node": "l",
"frag": "x]",
"id": "P237401.l004f0",
"ref": "P237401.13.9",
"inst": "u",
"f": {"lang": "akk-x-neobab",
"form": "x",
"pos": "u"}
}
,
{
"node": "d",
"type": "line-start",
"ref": "P237401.14",
"n": "3'",
"label": "r 3'"}
,
{
"node": "l",
"frag": "DINGIR-MEŠ-⸢ka⸣",
"id": "P237401.l004f1",
"ref": "P237401.14.1",
"inst": "ilānīka[god]N",
"sig": "@saao/saa18%akk-x-neobab:DINGIR-MEŠ-ka=ilu[god//god]N'N$ilānīka",
"f": {"lang": "akk-x-neobab",
"form": "DINGIR-MEŠ-ka",
"cf": "ilu",
"gw": "god",
"sense": "god",
"norm": "ilānīka",
"pos": "N",
"epos": "N"}
}
,
{
"node": "l",
"frag": "[x",
"id": "P237401.l004f2",
"ref": "P237401.14.2",
"inst": "u",
"f": {"lang": "akk-x-neobab",
"form": "x",
"pos": "u"}
}
,
{
"node": "l",
"frag": "x",
"id": "P237401.l004f3",
"ref": "P237401.14.3",
"inst": "u",
"f": {"lang": "akk-x-neobab",
"form": "x",
"pos": "u"}
}
,
{
"node": "l",
"frag": "x",
"id": "P237401.l004f4",
"ref": "P237401.14.4",
"inst": "u",
"f": {"lang": "akk-x-neobab",
"form": "x",
"pos": "u"}
}
,
{
"node": "l",
"frag": "x",
"id": "P237401.l004f5",
"ref": "P237401.14.5",
"inst": "u",
"f": {"lang": "akk-x-neobab",
"form": "x",
"pos": "u"}
}
,
{
"node": "l",
"frag": "x]",
"id": "P237401.l004f6",
"ref": "P237401.14.6",
"inst": "u",
"f": {"lang": "akk-x-neobab",
"form": "x",
"pos": "u"}
}
,
{
"node": "d",
"type": "nonx",
"ref": "P237401.15",
"strict": "0",
"extent": "rest",
"state": "other"}
]}
]}
]}
]}
