{
"type": "cdl",
  "source": "http://oracc.org/saao/saa18",
  "license": "This data is released under the CC0 license",
  "license-url": "https://creativecommons.org/publicdomain/zero/1.0/",
  "more-info": "http://oracc.org/doc/opendata/",
  "UTC-timestamp": "2017-05-19T12:00:53",
"project": "saao/saa18",
"textid": "P237679",
"cdl": [
{
"node": "c",
"type": "text",
"id": "P237679.U0",
"cdl": [
{
"node": "d",
"type": "object",
"ref": ""}
,
{
"node": "d",
"subtype": "obverse",
"type": "surface",
"ref": "P237679.o.1",
"type": "obverse",
"label": "o"}
,
{
"node": "c",
"type": "discourse",
"subtype": "body",
"id": "P237679.U1",
"cdl": [
{
"node": "c",
"type": "sentence",
"id": "P237679.U2",
"label": "o 1 - o 4",
"cdl": [
{
"node": "d",
"type": "line-start",
"ref": "P237679.2",
"n": "1",
"label": "o 1"}
,
{
"node": "l",
"frag": "[a-na",
"id": "P237679.l04220",
"ref": "P237679.2.1",
"inst": "ana[to]PRP",
"sig": "@saao/saa18%akk-x-neobab:a-na=ana[to//to]PRP'PRP$ana",
"f": {"lang": "akk-x-neobab",
"form": "a-na",
"cf": "ana",
"gw": "to",
"sense": "to",
"norm": "ana",
"pos": "PRP",
"epos": "PRP"}
}
,
{
"node": "l",
"frag": "LUGAL",
"id": "P237679.l04221",
"ref": "P237679.2.2",
"inst": "šar[king]N",
"sig": "@saao/saa18%akk-x-neobab:LUGAL=šarru[king//king]N'N$šar",
"f": {"lang": "akk-x-neobab",
"form": "LUGAL",
"cf": "šarru",
"gw": "king",
"sense": "king",
"norm": "šar",
"pos": "N",
"epos": "N"}
}
,
{
"node": "l",
"frag": "KUR].⸢KUR⸣",
"id": "P237679.l04222",
"ref": "P237679.2.3",
"inst": "mātāti[land]N",
"sig": "@saao/saa18%akk-x-neobab:KUR.KUR=mātu[land//land]N'N$mātāti",
"f": {"lang": "akk-x-neobab",
"form": "KUR.KUR",
"cf": "mātu",
"gw": "land",
"sense": "land",
"norm": "mātāti",
"pos": "N",
"epos": "N"}
}
,
{
"node": "l",
"frag": "be-li₂-ia",
"id": "P237679.l04223",
"ref": "P237679.2.4",
"inst": "bēlīya[lord]N",
"sig": "@saao/saa18%akk-x-neobab:be-li₂-ia=bēlu[lord//lord]N'N$bēlīya",
"f": {"lang": "akk-x-neobab",
"form": "be-li₂-ia",
"cf": "bēlu",
"gw": "lord",
"sense": "lord",
"norm": "bēlīya",
"pos": "N",
"epos": "N"}
}
,
{
"node": "l",
"frag": "ARAD-⸢ka⸣",
"id": "P237679.l04224",
"ref": "P237679.2.5",
"inst": "aradka[servant]N",
"sig": "@saao/saa18%akk-x-neobab:ARAD-ka=ardu[slave//servant]N'N$aradka",
"f": {"lang": "akk-x-neobab",
"form": "ARAD-ka",
"cf": "ardu",
"gw": "slave",
"sense": "servant",
"norm": "aradka",
"pos": "N",
"epos": "N"}
}
,
{
"node": "l",
"frag": "{1}{d}EN-u₂-še-zib]",
"id": "P237679.l04225",
"ref": "P237679.2.6",
"inst": "Bel-ušezib[1]PN",
"sig": "@saao/saa18%akk-x-neobab:{1}{d}EN-u₂-še-zib=Bel-ušezib[1//1]PN'PN$Bel-ušezib",
"f": {"lang": "akk-x-neobab",
"form": "{1}{d}EN-u₂-še-zib",
"cf": "Bel-ušezib",
"gw": "1",
"sense": "1",
"norm": "Bel-ušezib",
"pos": "PN",
"epos": "PN"}
}
,
{
"node": "d",
"type": "line-start",
"ref": "P237679.3",
"n": "2",
"label": "o 2"}
,
{
"node": "l",
"frag": "{[d}EN",
"id": "P237679.l04226",
"ref": "P237679.3.1",
"inst": "Bel[1]DN",
"sig": "@saao/saa18%akk-x-neobab:{d}EN=Bel[1//1]DN'DN$Bel",
"f": {"lang": "akk-x-neobab",
"form": "{d}EN",
"cf": "Bel",
"gw": "1",
"sense": "1",
"norm": "Bel",
"pos": "DN",
"epos": "DN"}
}
,
{
"node": "l",
"frag": "{d}AG",
"id": "P237679.l04227",
"ref": "P237679.3.2",
"inst": "Nabu[1]DN",
"sig": "@saao/saa18%akk-x-neobab:{d}AG=Nabu[1//1]DN'DN$Nabu",
"f": {"lang": "akk-x-neobab",
"form": "{d}AG",
"cf": "Nabu",
"gw": "1",
"sense": "1",
"norm": "Nabu",
"pos": "DN",
"epos": "DN"}
}
,
{
"node": "l",
"frag": "u",
"id": "P237679.l04228",
"ref": "P237679.3.3",
"inst": "u[and]CNJ",
"sig": "@saao/saa18%akk-x-neobab:u=u[and//and]CNJ'CNJ$u",
"f": {"lang": "akk-x-neobab",
"form": "u",
"cf": "u",
"gw": "and",
"sense": "and",
"norm": "u",
"pos": "CNJ",
"epos": "CNJ"}
}
,
{
"node": "l",
"frag": "{d]}⸢UTU",
"id": "P237679.l04229",
"ref": "P237679.3.4",
"inst": "Šamaš[1]DN",
"sig": "@saao/saa18%akk-x-neobab:{d}UTU=Šamaš[1//1]DN'DN$Šamaš",
"f": {"lang": "akk-x-neobab",
"form": "{d}UTU",
"cf": "Šamaš",
"gw": "1",
"sense": "1",
"norm": "Šamaš",
"pos": "DN",
"epos": "DN"}
}
,
{
"node": "l",
"frag": "a-na⸣",
"id": "P237679.l0422a",
"ref": "P237679.3.5",
"inst": "ana[to]PRP",
"sig": "@saao/saa18%akk-x-neobab:a-na=ana[to//to]PRP'PRP$ana",
"f": {"lang": "akk-x-neobab",
"form": "a-na",
"cf": "ana",
"gw": "to",
"sense": "to",
"norm": "ana",
"pos": "PRP",
"epos": "PRP"}
}
,
{
"node": "l",
"frag": "LUGAL",
"id": "P237679.l0422b",
"ref": "P237679.3.6",
"inst": "šarri[king]N",
"sig": "@saao/saa18%akk-x-neobab:LUGAL=šarru[king//king]N'N$šarri",
"f": {"lang": "akk-x-neobab",
"form": "LUGAL",
"cf": "šarru",
"gw": "king",
"sense": "king",
"norm": "šarri",
"pos": "N",
"epos": "N"}
}
,
{
"node": "l",
"frag": "be-li₂-ia",
"id": "P237679.l0422c",
"ref": "P237679.3.7",
"inst": "bēlīya[lord]N",
"sig": "@saao/saa18%akk-x-neobab:be-li₂-ia=bēlu[lord//lord]N'N$bēlīya",
"f": {"lang": "akk-x-neobab",
"form": "be-li₂-ia",
"cf": "bēlu",
"gw": "lord",
"sense": "lord",
"norm": "bēlīya",
"pos": "N",
"epos": "N"}
}
,
{
"node": "l",
"frag": "[lik-ru-bu]",
"id": "P237679.l0422d",
"ref": "P237679.3.8",
"inst": "likrubū[bless]V",
"sig": "@saao/saa18%akk-x-neobab:lik-ru-bu=karābu[pray//bless]V'V$likrubū",
"f": {"lang": "akk-x-neobab",
"form": "lik-ru-bu",
"cf": "karābu",
"gw": "pray",
"sense": "bless",
"norm": "likrubū",
"pos": "V",
"epos": "V"}
}
,
{
"node": "d",
"type": "nonx",
"ref": "P237679.4",
"strict": "1",
"extent": "1",
"scope": "line",
"state": "ruling"}
,
{
"node": "d",
"type": "line-start",
"ref": "P237679.5",
"n": "3",
"label": "o 3"}
,
{
"node": "l",
"frag": "[x",
"id": "P237679.l0422e",
"ref": "P237679.5.1",
"inst": "u",
"f": {"lang": "akk-x-neobab",
"form": "x",
"pos": "u"}
}
,
{
"node": "l",
"frag": "x",
"id": "P237679.l0422f",
"ref": "P237679.5.2",
"inst": "u",
"f": {"lang": "akk-x-neobab",
"form": "x",
"pos": "u"}
}
,
{
"node": "l",
"frag": "x",
"id": "P237679.l04230",
"ref": "P237679.5.3",
"inst": "u",
"f": {"lang": "akk-x-neobab",
"form": "x",
"pos": "u"}
}
,
{
"node": "l",
"frag": "x",
"id": "P237679.l04231",
"ref": "P237679.5.4",
"inst": "u",
"f": {"lang": "akk-x-neobab",
"form": "x",
"pos": "u"}
}
,
{
"node": "l",
"frag": "x",
"id": "P237679.l04232",
"ref": "P237679.5.5",
"inst": "u",
"f": {"lang": "akk-x-neobab",
"form": "x",
"pos": "u"}
}
,
{
"node": "l",
"frag": "x",
"id": "P237679.l04233",
"ref": "P237679.5.6",
"inst": "u",
"f": {"lang": "akk-x-neobab",
"form": "x",
"pos": "u"}
}
,
{
"node": "l",
"frag": "x",
"id": "P237679.l04234",
"ref": "P237679.5.7",
"inst": "u",
"f": {"lang": "akk-x-neobab",
"form": "x",
"pos": "u"}
}
,
{
"node": "l",
"frag": "x]",
"id": "P237679.l04235",
"ref": "P237679.5.8",
"inst": "u",
"f": {"lang": "akk-x-neobab",
"form": "x",
"pos": "u"}
}
,
{
"node": "l",
"frag": "⸢x",
"id": "P237679.l04236",
"ref": "P237679.5.9",
"inst": "u",
"f": {"lang": "akk-x-neobab",
"form": "x",
"pos": "u"}
}
,
{
"node": "l",
"frag": "x",
"id": "P237679.l04237",
"ref": "P237679.5.10",
"inst": "u",
"f": {"lang": "akk-x-neobab",
"form": "x",
"pos": "u"}
}
,
{
"node": "l",
"frag": "ta",
"id": "P237679.l04238",
"ref": "P237679.5.11",
"inst": "u",
"f": {"lang": "akk-x-neobab",
"form": "ta",
"pos": "u"}
}
,
{
"node": "l",
"frag": "šu₂",
"id": "P237679.l04239",
"ref": "P237679.5.12",
"inst": "u",
"f": {"lang": "akk-x-neobab",
"form": "šu₂",
"pos": "u"}
}
,
{
"node": "l",
"frag": "di⸣",
"id": "P237679.l0423a",
"ref": "P237679.5.13",
"inst": "u",
"f": {"lang": "akk-x-neobab",
"form": "di",
"pos": "u"}
}
,
{
"node": "l",
"frag": "[x",
"id": "P237679.l0423b",
"ref": "P237679.5.14",
"inst": "u",
"f": {"lang": "akk-x-neobab",
"form": "x",
"pos": "u"}
}
,
{
"node": "l",
"frag": "x",
"id": "P237679.l0423c",
"ref": "P237679.5.15",
"inst": "u",
"f": {"lang": "akk-x-neobab",
"form": "x",
"pos": "u"}
}
,
{
"node": "l",
"frag": "x",
"id": "P237679.l0423d",
"ref": "P237679.5.16",
"inst": "u",
"f": {"lang": "akk-x-neobab",
"form": "x",
"pos": "u"}
}
,
{
"node": "l",
"frag": "x]",
"id": "P237679.l0423e",
"ref": "P237679.5.17",
"inst": "u",
"f": {"lang": "akk-x-neobab",
"form": "x",
"pos": "u"}
}
,
{
"node": "d",
"type": "line-start",
"ref": "P237679.6",
"n": "4",
"label": "o 4"}
,
{
"node": "l",
"frag": "[x",
"id": "P237679.l0423f",
"ref": "P237679.6.1",
"inst": "u",
"f": {"lang": "akk-x-neobab",
"form": "x",
"pos": "u"}
}
,
{
"node": "l",
"frag": "x",
"id": "P237679.l04240",
"ref": "P237679.6.2",
"inst": "u",
"f": {"lang": "akk-x-neobab",
"form": "x",
"pos": "u"}
}
,
{
"node": "l",
"frag": "x",
"id": "P237679.l04241",
"ref": "P237679.6.3",
"inst": "u",
"f": {"lang": "akk-x-neobab",
"form": "x",
"pos": "u"}
}
,
{
"node": "l",
"frag": "x",
"id": "P237679.l04242",
"ref": "P237679.6.4",
"inst": "u",
"f": {"lang": "akk-x-neobab",
"form": "x",
"pos": "u"}
}
,
{
"node": "l",
"frag": "x",
"id": "P237679.l04243",
"ref": "P237679.6.5",
"inst": "u",
"f": {"lang": "akk-x-neobab",
"form": "x",
"pos": "u"}
}
,
{
"node": "l",
"frag": "x",
"id": "P237679.l04244",
"ref": "P237679.6.6",
"inst": "u",
"f": {"lang": "akk-x-neobab",
"form": "x",
"pos": "u"}
}
,
{
"node": "l",
"frag": "x",
"id": "P237679.l04245",
"ref": "P237679.6.7",
"inst": "u",
"f": {"lang": "akk-x-neobab",
"form": "x",
"pos": "u"}
}
,
{
"node": "l",
"frag": "x",
"id": "P237679.l04246",
"ref": "P237679.6.8",
"inst": "u",
"f": {"lang": "akk-x-neobab",
"form": "x",
"pos": "u"}
}
,
{
"node": "l",
"frag": "x]",
"id": "P237679.l04247",
"ref": "P237679.6.9",
"inst": "u",
"f": {"lang": "akk-x-neobab",
"form": "x",
"pos": "u"}
}
,
{
"node": "l",
"frag": "⸢x",
"id": "P237679.l04248",
"ref": "P237679.6.10",
"inst": "u",
"f": {"lang": "akk-x-neobab",
"form": "x",
"pos": "u"}
}
,
{
"node": "l",
"frag": "lu",
"id": "P237679.l04249",
"ref": "P237679.6.11",
"inst": "u",
"f": {"lang": "akk-x-neobab",
"form": "lu",
"pos": "u"}
}
,
{
"node": "l",
"frag": "x",
"id": "P237679.l0424a",
"ref": "P237679.6.12",
"inst": "u",
"f": {"lang": "akk-x-neobab",
"form": "x",
"pos": "u"}
}
,
{
"node": "l",
"frag": "x⸣",
"id": "P237679.l0424b",
"ref": "P237679.6.13",
"inst": "u",
"f": {"lang": "akk-x-neobab",
"form": "x",
"pos": "u"}
}
,
{
"node": "l",
"frag": "[x",
"id": "P237679.l0424c",
"ref": "P237679.6.14",
"inst": "u",
"f": {"lang": "akk-x-neobab",
"form": "x",
"pos": "u"}
}
,
{
"node": "l",
"frag": "x",
"id": "P237679.l0424d",
"ref": "P237679.6.15",
"inst": "u",
"f": {"lang": "akk-x-neobab",
"form": "x",
"pos": "u"}
}
,
{
"node": "l",
"frag": "x",
"id": "P237679.l0424e",
"ref": "P237679.6.16",
"inst": "u",
"f": {"lang": "akk-x-neobab",
"form": "x",
"pos": "u"}
}
,
{
"node": "l",
"frag": "x]",
"id": "P237679.l0424f",
"ref": "P237679.6.17",
"inst": "u",
"f": {"lang": "akk-x-neobab",
"form": "x",
"pos": "u"}
}
,
{
"node": "d",
"type": "nonx",
"ref": "P237679.7",
"strict": "0",
"extent": "rest",
"state": "missing"}
,
{
"node": "d",
"subtype": "reverse",
"type": "surface",
"ref": "P237679.r.8",
"type": "reverse",
"label": "r"}
,
{
"node": "d",
"type": "nonx",
"ref": "P237679.9",
"strict": "0",
"state": "missing"}
,
{
"node": "d",
"type": "nonx",
"ref": "P237679.10",
"strict": "0",
"extent": "n",
"scope": "edge",
"state": "traces"}
]}
]}
]}
]}
