{
"type": "cdl",
  "source": "http://oracc.org/saao/saa18",
  "license": "This data is released under the CC0 license",
  "license-url": "https://creativecommons.org/publicdomain/zero/1.0/",
  "more-info": "http://oracc.org/doc/opendata/",
  "UTC-timestamp": "2017-05-19T12:00:47",
"project": "saao/saa18",
"textid": "P237260",
"cdl": [
{
"node": "c",
"type": "text",
"id": "P237260.U0",
"cdl": [
{
"node": "d",
"type": "object",
"ref": ""}
,
{
"node": "d",
"subtype": "obverse",
"type": "surface",
"ref": "P237260.o.1",
"type": "obverse",
"label": "o"}
,
{
"node": "d",
"type": "nonx",
"ref": "P237260.2",
"strict": "0",
"extent": "beginning",
"state": "missing"}
,
{
"node": "c",
"type": "discourse",
"subtype": "body",
"id": "P237260.U1",
"cdl": [
{
"node": "c",
"type": "sentence",
"id": "P237260.U2",
"label": "o 1' - r 18",
"cdl": [
{
"node": "d",
"type": "line-start",
"ref": "P237260.3",
"n": "1'",
"label": "o 1'"}
,
{
"node": "l",
"frag": "[x",
"id": "P237260.l0028b",
"ref": "P237260.3.1",
"inst": "u",
"f": {"lang": "akk-x-neobab",
"form": "x",
"pos": "u"}
}
,
{
"node": "l",
"frag": "x",
"id": "P237260.l0028c",
"ref": "P237260.3.2",
"inst": "u",
"f": {"lang": "akk-x-neobab",
"form": "x",
"pos": "u"}
}
,
{
"node": "l",
"frag": "x",
"id": "P237260.l0028d",
"ref": "P237260.3.3",
"inst": "u",
"f": {"lang": "akk-x-neobab",
"form": "x",
"pos": "u"}
}
,
{
"node": "l",
"frag": "x]",
"id": "P237260.l0028e",
"ref": "P237260.3.4",
"inst": "u",
"f": {"lang": "akk-x-neobab",
"form": "x",
"pos": "u"}
}
,
{
"node": "l",
"frag": "⸢x",
"id": "P237260.l0028f",
"ref": "P237260.3.5",
"inst": "u",
"f": {"lang": "akk-x-neobab",
"form": "x",
"pos": "u"}
}
,
{
"node": "l",
"frag": "LUGAL",
"id": "P237260.l00290",
"ref": "P237260.3.6",
"inst": "šarru[king]N",
"sig": "@saao/saa18%akk-x-neobab:LUGAL=šarru[king//king]N'N$šarru",
"f": {"lang": "akk-x-neobab",
"form": "LUGAL",
"cf": "šarru",
"gw": "king",
"sense": "king",
"norm": "šarru",
"pos": "N",
"epos": "N"}
}
,
{
"node": "l",
"frag": "EN-a⸣",
"id": "P237260.l00291",
"ref": "P237260.3.7",
"inst": "+bēlu[lord]N$bēlā",
"sig": "@saao/saa18%akk-x-neobab:EN-a=bēlu[lord//lord]N'N$bēlā",
"f": {"lang": "akk-x-neobab",
"form": "EN-a",
"cf": "bēlu",
"gw": "lord",
"sense": "lord",
"norm": "bēlā",
"pos": "N",
"epos": "N"}
}
,
{
"node": "l",
"frag": "[x",
"id": "P237260.l00292",
"ref": "P237260.3.8",
"inst": "u",
"f": {"lang": "akk-x-neobab",
"form": "x",
"pos": "u"}
}
,
{
"node": "l",
"frag": "x",
"id": "P237260.l00293",
"ref": "P237260.3.9",
"inst": "u",
"f": {"lang": "akk-x-neobab",
"form": "x",
"pos": "u"}
}
,
{
"node": "l",
"frag": "x",
"id": "P237260.l00294",
"ref": "P237260.3.10",
"inst": "u",
"f": {"lang": "akk-x-neobab",
"form": "x",
"pos": "u"}
}
,
{
"node": "l",
"frag": "x]",
"id": "P237260.l00295",
"ref": "P237260.3.11",
"inst": "u",
"f": {"lang": "akk-x-neobab",
"form": "x",
"pos": "u"}
}
,
{
"node": "d",
"type": "line-start",
"ref": "P237260.4",
"n": "2'",
"label": "o 2'"}
,
{
"node": "l",
"frag": "[x",
"id": "P237260.l00296",
"ref": "P237260.4.1",
"inst": "u",
"f": {"lang": "akk-x-neobab",
"form": "x",
"pos": "u"}
}
,
{
"node": "l",
"frag": "x",
"id": "P237260.l00297",
"ref": "P237260.4.2",
"inst": "u",
"f": {"lang": "akk-x-neobab",
"form": "x",
"pos": "u"}
}
,
{
"node": "l",
"frag": "x]+⸢x⸣-ma",
"id": "P237260.l00298",
"ref": "P237260.4.3",
"inst": "u",
"f": {"lang": "akk-x-neobab",
"form": "x+x-ma",
"pos": "u"}
}
,
{
"node": "l",
"frag": "LUGAL-MEŠ-ni",
"id": "P237260.l00299",
"ref": "P237260.4.4",
"inst": "+šarru[king]N$šarrāni",
"sig": "@saao/saa18%akk-x-neobab:LUGAL-MEŠ-ni=šarru[king//king]N'N$šarrāni",
"f": {"lang": "akk-x-neobab",
"form": "LUGAL-MEŠ-ni",
"cf": "šarru",
"gw": "king",
"sense": "king",
"norm": "šarrāni",
"pos": "N",
"epos": "N"}
}
,
{
"node": "l",
"frag": "KUR",
"id": "P237260.l0029a",
"ref": "P237260.4.5",
"inst": "mātu[land]N",
"sig": "@saao/saa18%akk-x-neobab:KUR=mātu[land//land]N'N$mātu",
"f": {"lang": "akk-x-neobab",
"form": "KUR",
"cf": "mātu",
"gw": "land",
"sense": "land",
"norm": "mātu",
"pos": "N",
"epos": "N"}
}
,
{
"node": "l",
"frag": "DU₃.⸢A⸣.[BI]",
"id": "P237260.l0029b",
"ref": "P237260.4.6",
"inst": "+kalāma[all (of it)]N$",
"sig": "@saao/saa18%akk-x-neobab:DU₃.A.BI=kalāma[all (of it)//all (of it)]N'N$kalāma",
"f": {"lang": "akk-x-neobab",
"form": "DU₃.A.BI",
"cf": "kalāma",
"gw": "all (of it)",
"sense": "all (of it)",
"norm": "kalāma",
"pos": "N",
"epos": "N"}
}
,
{
"node": "l",
"frag": "⸢x⸣",
"id": "P237260.l0029c",
"ref": "P237260.4.7",
"inst": "u",
"f": {"lang": "akk-x-neobab",
"form": "x",
"pos": "u"}
}
,
{
"node": "l",
"frag": "[o]",
"id": "P237260.l0029d",
"ref": "P237260.4.8",
"inst": "u",
"f": {"lang": "akk-x-neobab",
"form": "o",
"pos": "u"}
}
,
{
"node": "d",
"type": "line-start",
"ref": "P237260.5",
"n": "3'",
"label": "o 3'"}
,
{
"node": "l",
"frag": "[x",
"id": "P237260.l0029e",
"ref": "P237260.5.1",
"inst": "u",
"f": {"lang": "akk-x-neobab",
"form": "x",
"pos": "u"}
}
,
{
"node": "l",
"frag": "x",
"id": "P237260.l0029f",
"ref": "P237260.5.2",
"inst": "u",
"f": {"lang": "akk-x-neobab",
"form": "x",
"pos": "u"}
}
,
{
"node": "l",
"frag": "x]+⸢x⸣",
"id": "P237260.l002a0",
"ref": "P237260.5.3",
"inst": "u",
"f": {"lang": "akk-x-neobab",
"form": "x+x",
"pos": "u"}
}
,
{
"node": "l",
"frag": "ina",
"id": "P237260.l002a1",
"ref": "P237260.5.4",
"inst": "ina[in]PRP",
"sig": "@saao/saa18%akk-x-neobab:ina=ina[in//in]PRP'PRP$ina",
"f": {"lang": "akk-x-neobab",
"form": "ina",
"cf": "ina",
"gw": "in",
"sense": "in",
"norm": "ina",
"pos": "PRP",
"epos": "PRP"}
}
,
{
"node": "l",
"frag": "IGI",
"id": "P237260.l002a2",
"ref": "P237260.5.5",
"inst": "pān[front]N",
"sig": "@saao/saa18%akk-x-neobab:IGI=pānu[front//front]N'N$pān",
"f": {"lang": "akk-x-neobab",
"form": "IGI",
"cf": "pānu",
"gw": "front",
"sense": "front",
"norm": "pān",
"pos": "N",
"epos": "N"}
}
,
{
"node": "l",
"frag": "LUGAL",
"id": "P237260.l002a3",
"ref": "P237260.5.6",
"inst": "šar[king]N",
"sig": "@saao/saa18%akk-x-neobab:LUGAL=šarru[king//king]N'N$šar",
"f": {"lang": "akk-x-neobab",
"form": "LUGAL",
"cf": "šarru",
"gw": "king",
"sense": "king",
"norm": "šar",
"pos": "N",
"epos": "N"}
}
,
{
"node": "l",
"frag": "LUGAL-MEŠ",
"id": "P237260.l002a4",
"ref": "P237260.5.7",
"inst": "šarrāni[king]N",
"sig": "@saao/saa18%akk-x-neobab:LUGAL-MEŠ=šarru[king//king]N'N$šarrāni",
"f": {"lang": "akk-x-neobab",
"form": "LUGAL-MEŠ",
"cf": "šarru",
"gw": "king",
"sense": "king",
"norm": "šarrāni",
"pos": "N",
"epos": "N"}
}
,
{
"node": "l",
"frag": "EN-ia₂",
"id": "P237260.l002a5",
"ref": "P237260.5.8",
"inst": "bēlīya[lord]N",
"sig": "@saao/saa18%akk-x-neobab:EN-ia₂=bēlu[lord//lord]N'N$bēlīya",
"f": {"lang": "akk-x-neobab",
"form": "EN-ia₂",
"cf": "bēlu",
"gw": "lord",
"sense": "lord",
"norm": "bēlīya",
"pos": "N",
"epos": "N"}
}
,
{
"node": "l",
"frag": "li-šak-⸢mi-is⸣",
"id": "P237260.l002a6",
"ref": "P237260.5.9",
"inst": "+kamāsu[kneel//make bow down]V'V$lišakmis",
"sig": "@saao/saa18%akk-x-neobab:li-šak-mi-is=kamāsu[kneel//make bow down]V'V$lišakmis",
"f": {"lang": "akk-x-neobab",
"form": "li-šak-mi-is",
"cf": "kamāsu",
"gw": "kneel",
"sense": "make bow down",
"norm": "lišakmis",
"pos": "V",
"epos": "V"}
}
,
{
"node": "d",
"type": "line-start",
"ref": "P237260.6",
"n": "4'",
"label": "o 4'"}
,
{
"node": "l",
"frag": "{1}x",
"id": "P237260.l002a7",
"ref": "P237260.6.1",
"inst": "u",
"f": {"lang": "akk-x-neobab",
"form": "{1}x",
"pos": "u"}
}
,
{
"node": "l",
"frag": "x",
"id": "P237260.l002a8",
"ref": "P237260.6.2",
"inst": "u",
"f": {"lang": "akk-x-neobab",
"form": "x",
"pos": "u"}
}
,
{
"node": "l",
"frag": "x]",
"id": "P237260.l002a9",
"ref": "P237260.6.3",
"inst": "u",
"f": {"lang": "akk-x-neobab",
"form": "x",
"pos": "u"}
}
,
{
"node": "l",
"frag": "⸢DUMU⸣-TIN.⸢TIR⸣{ki}",
"id": "P237260.l002aa",
"ref": "P237260.6.4",
"cof-tails": "P237260.l002ab",
"inst": "mār[son]N&Babili[Babylon]GN",
"sig": "@saao/saa18%akk-x-neobab:DUMU-TIN.TIR{KI}=māru[son//son]N'N$mār&&@saao/saa18%akk-x-neobab:=Babili[Babylon//Babylon]GN'GN$Babili",
"f": {"lang": "akk-x-neobab",
"form": "DUMU-TIN.TIR{KI}",
"cf": "māru",
"gw": "son",
"sense": "son",
"norm": "mār",
"pos": "N",
"epos": "N"}
}
,
{
"node": "l",
"frag": "⸢DUMU⸣-TIN.⸢TIR⸣{ki}",
"id": "P237260.l002ab",
"ref": "P237260.6.4",
"cof-head": "P237260.l002aa",
"inst": "mār[son]N&Babili[Babylon]GN",
"tail-sig": "@saao/saa18%akk-x-neobab:=Babili[Babylon//Babylon]GN'GN$Babili",
"f": {"lang": "akk-x-neobab",
"form": "DUMU-TIN.TIR{KI}",
"cf": "Babili",
"gw": "Babylon",
"sense": "Babylon",
"norm": "Babili",
"pos": "GN",
"epos": "GN"}
}
,
{
"node": "l",
"frag": "ul-⸢tu⸣",
"id": "P237260.l002ac",
"ref": "P237260.6.5",
"inst": "ultu[from]PRP",
"sig": "@saao/saa18%akk-x-neobab:ul-tu=ištu[from//from]PRP'PRP$ultu",
"f": {"lang": "akk-x-neobab",
"form": "ul-tu",
"cf": "ištu",
"gw": "from",
"sense": "from",
"norm": "ultu",
"pos": "PRP",
"epos": "PRP"}
}
,
{
"node": "d",
"type": "line-start",
"ref": "P237260.7",
"n": "5'",
"label": "o 5'"}
,
{
"node": "l",
"frag": "[x",
"id": "P237260.l002ad",
"ref": "P237260.7.1",
"inst": "u",
"f": {"lang": "akk-x-neobab",
"form": "x",
"pos": "u"}
}
,
{
"node": "l",
"frag": "x",
"id": "P237260.l002ae",
"ref": "P237260.7.2",
"inst": "u",
"f": {"lang": "akk-x-neobab",
"form": "x",
"pos": "u"}
}
,
{
"node": "l",
"frag": "ina",
"id": "P237260.l002af",
"ref": "P237260.7.3",
"inst": "ina[in]PRP",
"sig": "@saao/saa18%akk-x-neobab:ina=ina[in//in]PRP'PRP$ina",
"f": {"lang": "akk-x-neobab",
"form": "ina",
"cf": "ina",
"gw": "in",
"sense": "in",
"norm": "ina",
"pos": "PRP",
"epos": "PRP"}
}
,
{
"node": "l",
"frag": "ma]-⸢dak⸣-ta",
"id": "P237260.l002b0",
"ref": "P237260.7.4",
"inst": "+madaktu[(military) camp//military camp]N'N$madākta",
"sig": "@saao/saa18%akk-x-neobab:ma-dak-ta=madaktu[(military) camp//military camp]N'N$madākta",
"f": {"lang": "akk-x-neobab",
"form": "ma-dak-ta",
"cf": "madaktu",
"gw": "(military) camp",
"sense": "military camp",
"norm": "madākta",
"pos": "N",
"epos": "N"}
}
,
{
"node": "l",
"frag": "ina",
"id": "P237260.l002b1",
"ref": "P237260.7.5",
"inst": "ina[in]PRP",
"sig": "@saao/saa18%akk-x-neobab:ina=ina[in//in]PRP'PRP$ina",
"f": {"lang": "akk-x-neobab",
"form": "ina",
"cf": "ina",
"gw": "in",
"sense": "in",
"norm": "ina",
"pos": "PRP",
"epos": "PRP"}
}
,
{
"node": "l",
"frag": "pa-an",
"id": "P237260.l002b2",
"ref": "P237260.7.6",
"inst": "pān[front]N",
"sig": "@saao/saa18%akk-x-neobab:pa-an=pānu[front//front]N'N$pān",
"f": {"lang": "akk-x-neobab",
"form": "pa-an",
"cf": "pānu",
"gw": "front",
"sense": "front",
"norm": "pān",
"pos": "N",
"epos": "N"}
}
,
{
"node": "l",
"frag": "{lu₂}GAL-MEŠ",
"id": "P237260.l002b3",
"ref": "P237260.7.7",
"inst": "rabûti[magnate]N",
"sig": "@saao/saa18%akk-x-neobab:{LU₂}GAL-MEŠ=rabû[big one//magnate]N'N$rabûti",
"f": {"lang": "akk-x-neobab",
"form": "{LU₂}GAL-MEŠ",
"cf": "rabû",
"gw": "big one",
"sense": "magnate",
"norm": "rabûti",
"pos": "N",
"epos": "N"}
}
,
{
"node": "d",
"type": "line-start",
"ref": "P237260.8",
"n": "6'",
"label": "o 6'"}
,
{
"node": "l",
"frag": "[x",
"id": "P237260.l002b4",
"ref": "P237260.8.1",
"inst": "u",
"f": {"lang": "akk-x-neobab",
"form": "x",
"pos": "u"}
}
,
{
"node": "l",
"frag": "x",
"id": "P237260.l002b5",
"ref": "P237260.8.2",
"inst": "u",
"f": {"lang": "akk-x-neobab",
"form": "x",
"pos": "u"}
}
,
{
"node": "l",
"frag": "x]",
"id": "P237260.l002b6",
"ref": "P237260.8.3",
"inst": "u",
"f": {"lang": "akk-x-neobab",
"form": "x",
"pos": "u"}
}
,
{
"node": "l",
"frag": "ul",
"id": "P237260.l002b7",
"ref": "P237260.8.4",
"inst": "ul[not]MOD",
"sig": "@saao/saa18%akk-x-neobab:ul=ul[not//not]MOD'MOD$ul",
"f": {"lang": "akk-x-neobab",
"form": "ul",
"cf": "ul",
"gw": "not",
"sense": "not",
"norm": "ul",
"pos": "MOD",
"epos": "MOD"}
}
,
{
"node": "l",
"frag": "iz-ziz",
"id": "P237260.l002b8",
"ref": "P237260.8.5",
"inst": "+izuzzu[stand]V$izziz",
"sig": "@saao/saa18%akk-x-neobab:iz-ziz=izuzzu[stand//stand]V'V$izziz",
"f": {"lang": "akk-x-neobab",
"form": "iz-ziz",
"cf": "izuzzu",
"gw": "stand",
"sense": "stand",
"norm": "izziz",
"pos": "V",
"epos": "V"}
}
,
{
"node": "l",
"frag": "a-na",
"id": "P237260.l002b9",
"ref": "P237260.8.6",
"inst": "ana[to]PRP",
"sig": "@saao/saa18%akk-x-neobab:a-na=ana[to//to]PRP'PRP$ana",
"f": {"lang": "akk-x-neobab",
"form": "a-na",
"cf": "ana",
"gw": "to",
"sense": "to",
"norm": "ana",
"pos": "PRP",
"epos": "PRP"}
}
,
{
"node": "l",
"frag": "a-kad{ki}",
"id": "P237260.l002ba",
"ref": "P237260.8.7",
"inst": "+Akkad[]GN$",
"sig": "@saao/saa18%akk-x-neobab:a-kad{KI}=Akkad[1//1]GN'GN$Akkad",
"f": {"lang": "akk-x-neobab",
"form": "a-kad{KI}",
"cf": "Akkad",
"gw": "1",
"sense": "1",
"norm": "Akkad",
"pos": "GN",
"epos": "GN"}
}
,
{
"node": "l",
"frag": "it-tal-ka",
"id": "P237260.l002bb",
"ref": "P237260.8.8",
"inst": "ittalka[come]V",
"sig": "@saao/saa18%akk-x-neobab:it-tal-ka=alāku[go//come]V'V$ittalka",
"f": {"lang": "akk-x-neobab",
"form": "it-tal-ka",
"cf": "alāku",
"gw": "go",
"sense": "come",
"norm": "ittalka",
"pos": "V",
"epos": "V"}
}
,
{
"node": "d",
"type": "line-start",
"ref": "P237260.9",
"n": "7'",
"label": "o 7'"}
,
{
"node": "l",
"frag": "[a-na",
"id": "P237260.l002bc",
"ref": "P237260.9.1",
"inst": "ana[to]PRP",
"sig": "@saao/saa18%akk-x-neobab:a-na=ana[to//to]PRP'PRP$ana",
"f": {"lang": "akk-x-neobab",
"form": "a-na",
"cf": "ana",
"gw": "to",
"sense": "to",
"norm": "ana",
"pos": "PRP",
"epos": "PRP"}
}
,
{
"node": "l",
"frag": "LUGAL]",
"id": "P237260.l002bd",
"ref": "P237260.9.2",
"inst": "šarri[king]N",
"sig": "@saao/saa18%akk-x-neobab:LUGAL=šarru[king//king]N'N$šarri",
"f": {"lang": "akk-x-neobab",
"form": "LUGAL",
"cf": "šarru",
"gw": "king",
"sense": "king",
"norm": "šarri",
"pos": "N",
"epos": "N"}
}
,
{
"node": "l",
"frag": "al-tap-raš-šu₂",
"id": "P237260.l002be",
"ref": "P237260.9.3",
"inst": "+šapāru[send]V$altapraššu",
"sig": "@saao/saa18%akk-x-neobab:al-tap-raš-šu₂=šapāru[send//send]V'V$altapraššu",
"f": {"lang": "akk-x-neobab",
"form": "al-tap-raš-šu₂",
"cf": "šapāru",
"gw": "send",
"sense": "send",
"norm": "altapraššu",
"pos": "V",
"epos": "V"}
}
,
{
"node": "l",
"frag": "LUGAL",
"id": "P237260.l002bf",
"ref": "P237260.9.4",
"inst": "šarru[king]N",
"sig": "@saao/saa18%akk-x-neobab:LUGAL=šarru[king//king]N'N$šarru",
"f": {"lang": "akk-x-neobab",
"form": "LUGAL",
"cf": "šarru",
"gw": "king",
"sense": "king",
"norm": "šarru",
"pos": "N",
"epos": "N"}
}
,
{
"node": "l",
"frag": "EN-a",
"id": "P237260.l002c0",
"ref": "P237260.9.5",
"inst": "+bēlu[lord]N$bēlā",
"sig": "@saao/saa18%akk-x-neobab:EN-a=bēlu[lord//lord]N'N$bēlā",
"f": {"lang": "akk-x-neobab",
"form": "EN-a",
"cf": "bēlu",
"gw": "lord",
"sense": "lord",
"norm": "bēlā",
"pos": "N",
"epos": "N"}
}
,
{
"node": "l",
"frag": "liš-ʾa-al-šu₂",
"id": "P237260.l002c1",
"ref": "P237260.9.6",
"inst": "+šâlu[ask]V$lišʾalšu",
"sig": "@saao/saa18%akk-x-neobab:liš-ʾa-al-šu₂=šâlu[ask//ask]V'V$lišʾalšu",
"f": {"lang": "akk-x-neobab",
"form": "liš-ʾa-al-šu₂",
"cf": "šâlu",
"gw": "ask",
"sense": "ask",
"norm": "lišʾalšu",
"pos": "V",
"epos": "V"}
}
,
{
"node": "d",
"type": "line-start",
"ref": "P237260.10",
"n": "8'",
"label": "o 8'"}
,
{
"node": "l",
"frag": "{1}a-hi-ia]-⸢qar⸣",
"id": "P237260.l002c2",
"ref": "P237260.10.1",
"inst": "+Ahi-yaqar[]PN$",
"sig": "@saao/saa18%akk-x-neobab:{1}a-hi-ia-qar=Ahi-yaqar[1//1]PN'PN$Ahi-yaqar",
"f": {"lang": "akk-x-neobab",
"form": "{1}a-hi-ia-qar",
"cf": "Ahi-yaqar",
"gw": "1",
"sense": "1",
"norm": "Ahi-yaqar",
"pos": "PN",
"epos": "PN"}
}
,
{
"node": "l",
"frag": "u₃",
"id": "P237260.l002c3",
"ref": "P237260.10.2",
"inst": "u[and]CNJ",
"sig": "@saao/saa18%akk-x-neobab:u₃=u[and//and]CNJ'CNJ$u",
"f": {"lang": "akk-x-neobab",
"form": "u₃",
"cf": "u",
"gw": "and",
"sense": "and",
"norm": "u",
"pos": "CNJ",
"epos": "CNJ"}
}
,
{
"node": "l",
"frag": "ARAD-MEŠ",
"id": "P237260.l002c4",
"ref": "P237260.10.3",
"inst": "ardē[servant]N",
"sig": "@saao/saa18%akk-x-neobab:ARAD-MEŠ=ardu[slave//servant]N'N$ardē",
"f": {"lang": "akk-x-neobab",
"form": "ARAD-MEŠ",
"cf": "ardu",
"gw": "slave",
"sense": "servant",
"norm": "ardē",
"pos": "N",
"epos": "N"}
}
,
{
"node": "l",
"frag": "ša₂",
"id": "P237260.l002c5",
"ref": "P237260.10.4",
"inst": "ša[of]DET",
"sig": "@saao/saa18%akk-x-neobab:ša₂=ša[of//of]DET'DET$ša",
"f": {"lang": "akk-x-neobab",
"form": "ša₂",
"cf": "ša",
"gw": "of",
"sense": "of",
"norm": "ša",
"pos": "DET",
"epos": "DET"}
}
,
{
"node": "l",
"frag": "{d}GAŠAN",
"id": "P237260.l002c6",
"ref": "P237260.10.5",
"inst": "Belet[1]DN",
"sig": "@saao/saa18%akk-x-neobab:{d}GAŠAN=Belet[1//1]DN'DN$Belet",
"f": {"lang": "akk-x-neobab",
"form": "{d}GAŠAN",
"cf": "Belet",
"gw": "1",
"sense": "1",
"norm": "Belet",
"pos": "DN",
"epos": "DN"}
}
,
{
"node": "l",
"frag": "ša₂",
"id": "P237260.l002c7",
"ref": "P237260.10.6",
"inst": "ša[of]DET",
"sig": "@saao/saa18%akk-x-neobab:ša₂=ša[of//of]DET'DET$ša",
"f": {"lang": "akk-x-neobab",
"form": "ša₂",
"cf": "ša",
"gw": "of",
"sense": "of",
"norm": "ša",
"pos": "DET",
"epos": "DET"}
}
,
{
"node": "l",
"frag": "a-kad{ki}",
"id": "P237260.l002c8",
"ref": "P237260.10.7",
"inst": "Akkad[1]GN",
"sig": "@saao/saa18%akk-x-neobab:a-kad{KI}=Akkad[1//1]GN'GN$Akkad",
"f": {"lang": "akk-x-neobab",
"form": "a-kad{KI}",
"cf": "Akkad",
"gw": "1",
"sense": "1",
"norm": "Akkad",
"pos": "GN",
"epos": "GN"}
}
,
{
"node": "d",
"type": "line-start",
"ref": "P237260.11",
"n": "9'",
"label": "o 9'"}
,
{
"node": "l",
"frag": "[ki-i",
"id": "P237260.l002c9",
"ref": "P237260.11.1",
"inst": "kî[when]'SBJ",
"sig": "@saao/saa18%akk-x-neobab:ki-i=kī[like//when]PRP'SBJ$kî",
"f": {"lang": "akk-x-neobab",
"form": "ki-i",
"cf": "kī",
"gw": "like",
"sense": "when",
"norm": "kî",
"pos": "PRP",
"epos": "SBJ"}
}
,
{
"node": "l",
"frag": "a]-bu-ku",
"id": "P237260.l002ca",
"ref": "P237260.11.2",
"inst": "+abāku[lead away//lead in]V'V$ābuku",
"sig": "@saao/saa18%akk-x-neobab:a-bu-ku=abāku[lead away//lead in]V'V$ābuku",
"f": {"lang": "akk-x-neobab",
"form": "a-bu-ku",
"cf": "abāku",
"gw": "lead away",
"sense": "lead in",
"norm": "ābuku",
"pos": "V",
"epos": "V"}
}
,
{
"node": "l",
"frag": "a-na",
"id": "P237260.l002cb",
"ref": "P237260.11.3",
"inst": "ana[to]PRP",
"sig": "@saao/saa18%akk-x-neobab:a-na=ana[to//to]PRP'PRP$ana",
"f": {"lang": "akk-x-neobab",
"form": "a-na",
"cf": "ana",
"gw": "to",
"sense": "to",
"norm": "ana",
"pos": "PRP",
"epos": "PRP"}
}
,
{
"node": "l",
"frag": "LUGAL",
"id": "P237260.l002cc",
"ref": "P237260.11.4",
"inst": "šarri[king]N",
"sig": "@saao/saa18%akk-x-neobab:LUGAL=šarru[king//king]N'N$šarri",
"f": {"lang": "akk-x-neobab",
"form": "LUGAL",
"cf": "šarru",
"gw": "king",
"sense": "king",
"norm": "šarri",
"pos": "N",
"epos": "N"}
}
,
{
"node": "l",
"frag": "EN-ia₂",
"id": "P237260.l002cd",
"ref": "P237260.11.5",
"inst": "bēlīya[lord]N",
"sig": "@saao/saa18%akk-x-neobab:EN-ia₂=bēlu[lord//lord]N'N$bēlīya",
"f": {"lang": "akk-x-neobab",
"form": "EN-ia₂",
"cf": "bēlu",
"gw": "lord",
"sense": "lord",
"norm": "bēlīya",
"pos": "N",
"epos": "N"}
}
,
{
"node": "l",
"frag": "ki-i",
"id": "P237260.l002ce",
"ref": "P237260.11.6",
"inst": "kî[when]'SBJ",
"sig": "@saao/saa18%akk-x-neobab:ki-i=kī[like//when]PRP'SBJ$kî",
"f": {"lang": "akk-x-neobab",
"form": "ki-i",
"cf": "kī",
"gw": "like",
"sense": "when",
"norm": "kî",
"pos": "PRP",
"epos": "SBJ"}
}
,
{
"node": "d",
"type": "line-start",
"ref": "P237260.12",
"n": "10'",
"label": "o 10'"}
,
{
"node": "l",
"frag": "[ad-di]-⸢na⸣",
"id": "P237260.l002cf",
"ref": "P237260.12.1",
"inst": "+nadānu[give]V$addina",
"sig": "@saao/saa18%akk-x-neobab:ad-di-na=nadānu[give//give]V'V$addina",
"f": {"lang": "akk-x-neobab",
"form": "ad-di-na",
"cf": "nadānu",
"gw": "give",
"sense": "give",
"norm": "addina",
"pos": "V",
"epos": "V"}
}
,
{
"node": "l",
"frag": "LUGAL",
"id": "P237260.l002d0",
"ref": "P237260.12.2",
"inst": "šarru[king]N",
"sig": "@saao/saa18%akk-x-neobab:LUGAL=šarru[king//king]N'N$šarru",
"f": {"lang": "akk-x-neobab",
"form": "LUGAL",
"cf": "šarru",
"gw": "king",
"sense": "king",
"norm": "šarru",
"pos": "N",
"epos": "N"}
}
,
{
"node": "l",
"frag": "EN-a",
"id": "P237260.l002d1",
"ref": "P237260.12.3",
"inst": "bēlā[lord]N",
"sig": "@saao/saa18%akk-x-neobab:EN-a=bēlu[lord//lord]N'N$bēlā",
"f": {"lang": "akk-x-neobab",
"form": "EN-a",
"cf": "bēlu",
"gw": "lord",
"sense": "lord",
"norm": "bēlā",
"pos": "N",
"epos": "N"}
}
,
{
"node": "l",
"frag": "di-i-ni",
"id": "P237260.l002d2",
"ref": "P237260.12.4",
"inst": "+dīnu[legal decision]N$dīni",
"sig": "@saao/saa18%akk-x-neobab:di-i-ni=dīnu[legal decision//legal decision]N'N$dīni",
"f": {"lang": "akk-x-neobab",
"form": "di-i-ni",
"cf": "dīnu",
"gw": "legal decision",
"sense": "legal decision",
"norm": "dīni",
"pos": "N",
"epos": "N"}
}
,
{
"node": "l",
"frag": "ša₂",
"id": "P237260.l002d3",
"ref": "P237260.12.5",
"inst": "ša[of]DET",
"sig": "@saao/saa18%akk-x-neobab:ša₂=ša[of//of]DET'DET$ša",
"f": {"lang": "akk-x-neobab",
"form": "ša₂",
"cf": "ša",
"gw": "of",
"sense": "of",
"norm": "ša",
"pos": "DET",
"epos": "DET"}
}
,
{
"node": "l",
"frag": "DINGIR-MEŠ-šu₂",
"id": "P237260.l002d4",
"ref": "P237260.12.6",
"inst": "ilānīšu[god]N",
"sig": "@saao/saa18%akk-x-neobab:DINGIR-MEŠ-šu₂=ilu[god//god]N'N$ilānīšu",
"f": {"lang": "akk-x-neobab",
"form": "DINGIR-MEŠ-šu₂",
"cf": "ilu",
"gw": "god",
"sense": "god",
"norm": "ilānīšu",
"pos": "N",
"epos": "N"}
}
,
{
"node": "d",
"type": "line-start",
"ref": "P237260.13",
"n": "11'",
"label": "o 11'"}
,
{
"node": "l",
"frag": "[i-te-pu]-⸢uš⸣",
"id": "P237260.l002d5",
"ref": "P237260.13.1",
"inst": "ītepuš[do]V",
"sig": "@saao/saa18%akk-x-neobab:i-te-pu-uš=epēšu[do//do]V'V$ītepuš",
"f": {"lang": "akk-x-neobab",
"form": "i-te-pu-uš",
"cf": "epēšu",
"gw": "do",
"sense": "do",
"norm": "ītepuš",
"pos": "V",
"epos": "V"}
}
,
{
"node": "l",
"frag": "{1}LUGAL-huš-an-ni",
"id": "P237260.l002d6",
"ref": "P237260.13.2",
"inst": "+Šarru-hussanni[]PN$",
"sig": "@saao/saa18%akk-x-neobab:{1}LUGAL-huš-an-ni=Šarru-hussanni[1//1]PN'PN$Šarru-hussanni",
"f": {"lang": "akk-x-neobab",
"form": "{1}LUGAL-huš-an-ni",
"cf": "Šarru-hussanni",
"gw": "1",
"sense": "1",
"norm": "Šarru-hussanni",
"pos": "PN",
"epos": "PN"}
}
,
{
"node": "l",
"frag": "{lu₂}qur-bu-tu₂",
"id": "P237260.l002d7",
"ref": "P237260.13.3",
"inst": "+ša-qurbūti[close follower//(royal) confidant]N'N$ša-qurbūtu",
"sig": "@saao/saa18%akk-x-neobab:{LU₂}qur-bu-tu₂=ša-qurbūti[close follower//(royal) confidant]N'N$ša-qurbūtu",
"f": {"lang": "akk-x-neobab",
"form": "{LU₂}qur-bu-tu₂",
"cf": "ša-qurbūti",
"gw": "close follower",
"sense": "(royal) confidant",
"norm": "ša-qurbūtu",
"pos": "N",
"epos": "N"}
}
,
{
"node": "d",
"type": "line-start",
"ref": "P237260.14",
"n": "12'",
"label": "o 12'"}
,
{
"node": "l",
"frag": "[ša₂",
"id": "P237260.l002d8",
"ref": "P237260.14.1",
"inst": "ša[who]REL",
"sig": "@saao/saa18%akk-x-neobab:ša₂=ša[that//who]REL'REL$ša",
"f": {"lang": "akk-x-neobab",
"form": "ša₂",
"cf": "ša",
"gw": "that",
"sense": "who",
"norm": "ša",
"pos": "REL",
"epos": "REL"}
}
,
{
"node": "l",
"frag": "LUGAL",
"id": "P237260.l002d9",
"ref": "P237260.14.2",
"inst": "šarru[king]N",
"sig": "@saao/saa18%akk-x-neobab:LUGAL=šarru[king//king]N'N$šarru",
"f": {"lang": "akk-x-neobab",
"form": "LUGAL",
"cf": "šarru",
"gw": "king",
"sense": "king",
"norm": "šarru",
"pos": "N",
"epos": "N"}
}
,
{
"node": "l",
"frag": "EN]-a",
"id": "P237260.l002da",
"ref": "P237260.14.3",
"inst": "bēlā[lord]N",
"sig": "@saao/saa18%akk-x-neobab:EN-a=bēlu[lord//lord]N'N$bēlā",
"f": {"lang": "akk-x-neobab",
"form": "EN-a",
"cf": "bēlu",
"gw": "lord",
"sense": "lord",
"norm": "bēlā",
"pos": "N",
"epos": "N"}
}
,
{
"node": "l",
"frag": "iš-pu-ra",
"id": "P237260.l002db",
"ref": "P237260.14.4",
"inst": "išpura[send]V",
"sig": "@saao/saa18%akk-x-neobab:iš-pu-ra=šapāru[send//send]V'V$išpura",
"f": {"lang": "akk-x-neobab",
"form": "iš-pu-ra",
"cf": "šapāru",
"gw": "send",
"sense": "send",
"norm": "išpura",
"pos": "V",
"epos": "V"}
}
,
{
"node": "l",
"frag": "ki-i",
"id": "P237260.l002dc",
"ref": "P237260.14.5",
"inst": "kî[when]'SBJ",
"sig": "@saao/saa18%akk-x-neobab:ki-i=kī[like//when]PRP'SBJ$kî",
"f": {"lang": "akk-x-neobab",
"form": "ki-i",
"cf": "kī",
"gw": "like",
"sense": "when",
"norm": "kî",
"pos": "PRP",
"epos": "SBJ"}
}
,
{
"node": "l",
"frag": "u₂-te-ra",
"id": "P237260.l002dd",
"ref": "P237260.14.6",
"inst": "+târu[turn//return]V'V$uttēra",
"sig": "@saao/saa18%akk-x-neobab:u₂-te-ra=târu[turn//return]V'V$uttēra",
"f": {"lang": "akk-x-neobab",
"form": "u₂-te-ra",
"cf": "târu",
"gw": "turn",
"sense": "return",
"norm": "uttēra",
"pos": "V",
"epos": "V"}
}
,
{
"node": "d",
"type": "line-start",
"ref": "P237260.15",
"n": "13'",
"label": "o 13'"}
,
{
"node": "l",
"frag": "[A.ŠA₃]",
"id": "P237260.l002de",
"ref": "P237260.15.1",
"inst": "eqlu[field]N",
"sig": "@saao/saa18%akk-x-neobab:A.ŠA₃=eqlu[field//field]N'N$eqlu",
"f": {"lang": "akk-x-neobab",
"form": "A.ŠA₃",
"cf": "eqlu",
"gw": "field",
"sense": "field",
"norm": "eqlu",
"pos": "N",
"epos": "N"}
}
,
{
"node": "l",
"frag": "⸢DINGIR⸣-MEŠ",
"id": "P237260.l002df",
"ref": "P237260.15.2",
"inst": "ilāni[god]N",
"sig": "@saao/saa18%akk-x-neobab:DINGIR-MEŠ=ilu[god//god]N'N$ilāni",
"f": {"lang": "akk-x-neobab",
"form": "DINGIR-MEŠ",
"cf": "ilu",
"gw": "god",
"sense": "god",
"norm": "ilāni",
"pos": "N",
"epos": "N"}
}
,
{
"node": "l",
"frag": "ša₂",
"id": "P237260.l002e0",
"ref": "P237260.15.3",
"inst": "ša[of]DET",
"sig": "@saao/saa18%akk-x-neobab:ša₂=ša[of//of]DET'DET$ša",
"f": {"lang": "akk-x-neobab",
"form": "ša₂",
"cf": "ša",
"gw": "of",
"sense": "of",
"norm": "ša",
"pos": "DET",
"epos": "DET"}
}
,
{
"node": "l",
"frag": "LUGAL",
"id": "P237260.l002e1",
"ref": "P237260.15.4",
"inst": "šarri[king]N",
"sig": "@saao/saa18%akk-x-neobab:LUGAL=šarru[king//king]N'N$šarri",
"f": {"lang": "akk-x-neobab",
"form": "LUGAL",
"cf": "šarru",
"gw": "king",
"sense": "king",
"norm": "šarri",
"pos": "N",
"epos": "N"}
}
,
{
"node": "l",
"frag": "EN-ia",
"id": "P237260.l002e2",
"ref": "P237260.15.5",
"inst": "bēlīya[lord]N",
"sig": "@saao/saa18%akk-x-neobab:EN-ia=bēlu[lord//lord]N'N$bēlīya",
"f": {"lang": "akk-x-neobab",
"form": "EN-ia",
"cf": "bēlu",
"gw": "lord",
"sense": "lord",
"norm": "bēlīya",
"pos": "N",
"epos": "N"}
}
,
{
"node": "l",
"frag": "it-ta-din",
"id": "P237260.l002e3",
"ref": "P237260.15.6",
"inst": "ittadin[give]V",
"sig": "@saao/saa18%akk-x-neobab:it-ta-din=nadānu[give//give]V'V$ittadin",
"f": {"lang": "akk-x-neobab",
"form": "it-ta-din",
"cf": "nadānu",
"gw": "give",
"sense": "give",
"norm": "ittadin",
"pos": "V",
"epos": "V"}
}
,
{
"node": "d",
"type": "line-start",
"ref": "P237260.16",
"n": "14'",
"label": "o 14'"}
,
{
"node": "l",
"frag": "[A.ŠA₃]",
"id": "P237260.l002e4",
"ref": "P237260.16.1",
"inst": "eqlu[field]N",
"sig": "@saao/saa18%akk-x-neobab:A.ŠA₃=eqlu[field//field]N'N$eqlu",
"f": {"lang": "akk-x-neobab",
"form": "A.ŠA₃",
"cf": "eqlu",
"gw": "field",
"sense": "field",
"norm": "eqlu",
"pos": "N",
"epos": "N"}
}
,
{
"node": "l",
"frag": "e-te-riš",
"id": "P237260.l002e5",
"ref": "P237260.16.2",
"inst": "+erēšu[sow//cultivate]V'V$ēteriš",
"sig": "@saao/saa18%akk-x-neobab:e-te-riš=erēšu[sow//cultivate]V'V$ēteriš",
"f": {"lang": "akk-x-neobab",
"form": "e-te-riš",
"cf": "erēšu",
"gw": "sow",
"sense": "cultivate",
"norm": "ēteriš",
"pos": "V",
"epos": "V"}
}
,
{
"node": "l",
"frag": "e-te-ṣi-id",
"id": "P237260.l002e6",
"ref": "P237260.16.3",
"inst": "+eṣēdu[harvest]V$ēteṣid",
"sig": "@saao/saa18%akk-x-neobab:e-te-ṣi-id=eṣēdu[harvest//harvest]V'V$ēteṣid",
"f": {"lang": "akk-x-neobab",
"form": "e-te-ṣi-id",
"cf": "eṣēdu",
"gw": "harvest",
"sense": "harvest",
"norm": "ēteṣid",
"pos": "V",
"epos": "V"}
}
,
{
"node": "d",
"type": "line-start",
"ref": "P237260.17",
"n": "15'",
"label": "o 15'"}
,
{
"node": "l",
"frag": "[x",
"id": "P237260.l002e7",
"ref": "P237260.17.1",
"inst": "u",
"f": {"lang": "akk-x-neobab",
"form": "x",
"pos": "u"}
}
,
{
"node": "l",
"frag": "x]-⸢tu₂⸣",
"id": "P237260.l002e8",
"ref": "P237260.17.2",
"inst": "u",
"f": {"lang": "akk-x-neobab",
"form": "x-tu₂",
"pos": "u"}
}
,
{
"node": "l",
"frag": "mah-rak",
"id": "P237260.l002e9",
"ref": "P237260.17.3",
"inst": "+mahru[received]AJ$mahrāk",
"sig": "@saao/saa18%akk-x-neobab:mah-rak=mahru[received//received]AJ'AJ$mahrāk",
"f": {"lang": "akk-x-neobab",
"form": "mah-rak",
"cf": "mahru",
"gw": "received",
"sense": "received",
"norm": "mahrāk",
"pos": "AJ",
"epos": "AJ"}
}
,
{
"node": "l",
"frag": "{lu₂}ARAD-MEŠ",
"id": "P237260.l002ea",
"ref": "P237260.17.4",
"inst": "ardē[servant]N",
"sig": "@saao/saa18%akk-x-neobab:{LU₂}ARAD-MEŠ=ardu[slave//servant]N'N$ardē",
"f": {"lang": "akk-x-neobab",
"form": "{LU₂}ARAD-MEŠ",
"cf": "ardu",
"gw": "slave",
"sense": "servant",
"norm": "ardē",
"pos": "N",
"epos": "N"}
}
,
{
"node": "d",
"subtype": "bottom",
"type": "surface",
"ref": "P237260.b.e..18",
"type": "bottom",
"label": "b.e."}
,
{
"node": "d",
"type": "line-start",
"ref": "P237260.19",
"n": "16'",
"label": "b.e. 16'"}
,
{
"node": "l",
"frag": "[o",
"id": "P237260.l002eb",
"ref": "P237260.19.1",
"inst": "u",
"f": {"lang": "akk-x-neobab",
"form": "o",
"pos": "u"}
}
,
{
"node": "l",
"frag": "ša₂",
"id": "P237260.l002ec",
"ref": "P237260.19.2",
"inst": "ša[of]DET",
"sig": "@saao/saa18%akk-x-neobab:ša₂=ša[of//of]DET'DET$ša",
"f": {"lang": "akk-x-neobab",
"form": "ša₂",
"cf": "ša",
"gw": "of",
"sense": "of",
"norm": "ša",
"pos": "DET",
"epos": "DET"}
}
,
{
"node": "l",
"frag": "{d]}⸢GAŠAN⸣",
"id": "P237260.l002ed",
"ref": "P237260.19.3",
"inst": "Belet[1]DN",
"sig": "@saao/saa18%akk-x-neobab:{d}GAŠAN=Belet[1//1]DN'DN$Belet",
"f": {"lang": "akk-x-neobab",
"form": "{d}GAŠAN",
"cf": "Belet",
"gw": "1",
"sense": "1",
"norm": "Belet",
"pos": "DN",
"epos": "DN"}
}
,
{
"node": "l",
"frag": "ša₂",
"id": "P237260.l002ee",
"ref": "P237260.19.4",
"inst": "ša[of]DET",
"sig": "@saao/saa18%akk-x-neobab:ša₂=ša[of//of]DET'DET$ša",
"f": {"lang": "akk-x-neobab",
"form": "ša₂",
"cf": "ša",
"gw": "of",
"sense": "of",
"norm": "ša",
"pos": "DET",
"epos": "DET"}
}
,
{
"node": "l",
"frag": "A.GA.DE₃{ki}",
"id": "P237260.l002ef",
"ref": "P237260.19.5",
"inst": "+Akkad[]GN$",
"sig": "@saao/saa18%akk-x-neobab:A.GA.DE₃{KI}=Akkad[1//1]GN'GN$Akkad",
"f": {"lang": "akk-x-neobab",
"form": "A.GA.DE₃{KI}",
"cf": "Akkad",
"gw": "1",
"sense": "1",
"norm": "Akkad",
"pos": "GN",
"epos": "GN"}
}
,
{
"node": "d",
"type": "line-start",
"ref": "P237260.20",
"n": "17'",
"label": "b.e. 17'"}
,
{
"node": "l",
"frag": "[o",
"id": "P237260.l002f0",
"ref": "P237260.20.1",
"inst": "u",
"f": {"lang": "akk-x-neobab",
"form": "o",
"pos": "u"}
}
,
{
"node": "l",
"frag": "{1}za-ba]-⸢du⸣",
"id": "P237260.l002f1",
"ref": "P237260.20.2",
"inst": "Zabadu[1]PN",
"sig": "@saao/saa18%akk-x-neobab:{1}za-ba-du=Zabadu[1//1]PN'PN$Zabadu",
"f": {"lang": "akk-x-neobab",
"form": "{1}za-ba-du",
"cf": "Zabadu",
"gw": "1",
"sense": "1",
"norm": "Zabadu",
"pos": "PN",
"epos": "PN"}
}
,
{
"node": "l",
"frag": "i-ta-bak",
"id": "P237260.l002f2",
"ref": "P237260.20.3",
"inst": "ītabak[lead away]V",
"sig": "@saao/saa18%akk-x-neobab:i-ta-bak=abāku[lead away//bring in]V'V$ītabak",
"f": {"lang": "akk-x-neobab",
"form": "i-ta-bak",
"cf": "abāku",
"gw": "lead away",
"sense": "bring in",
"norm": "ītabak",
"pos": "V",
"epos": "V"}
}
,
{
"node": "d",
"subtype": "reverse",
"type": "surface",
"ref": "P237260.r.21",
"type": "reverse",
"label": "r"}
,
{
"node": "d",
"type": "line-start",
"ref": "P237260.22",
"n": "1",
"label": "r 1"}
,
{
"node": "l",
"frag": "[x",
"id": "P237260.l002f3",
"ref": "P237260.22.1",
"inst": "u",
"f": {"lang": "akk-x-neobab",
"form": "x",
"pos": "u"}
}
,
{
"node": "l",
"frag": "x",
"id": "P237260.l002f4",
"ref": "P237260.22.2",
"inst": "u",
"f": {"lang": "akk-x-neobab",
"form": "x",
"pos": "u"}
}
,
{
"node": "l",
"frag": "x",
"id": "P237260.l002f5",
"ref": "P237260.22.3",
"inst": "u",
"f": {"lang": "akk-x-neobab",
"form": "x",
"pos": "u"}
}
,
{
"node": "l",
"frag": "x",
"id": "P237260.l002f6",
"ref": "P237260.22.4",
"inst": "u",
"f": {"lang": "akk-x-neobab",
"form": "x",
"pos": "u"}
}
,
{
"node": "l",
"frag": "x",
"id": "P237260.l002f7",
"ref": "P237260.22.5",
"inst": "u",
"f": {"lang": "akk-x-neobab",
"form": "x",
"pos": "u"}
}
,
{
"node": "l",
"frag": "x]+⸢x⸣",
"id": "P237260.l002f8",
"ref": "P237260.22.6",
"inst": "u",
"f": {"lang": "akk-x-neobab",
"form": "x+x",
"pos": "u"}
}
,
{
"node": "l",
"frag": "A.GA.DE₃{⸢ki⸣}",
"id": "P237260.l002f9",
"ref": "P237260.22.7",
"inst": "Akkad[1]GN",
"sig": "@saao/saa18%akk-x-neobab:A.GA.DE₃{KI}=Akkad[1//1]GN'GN$Akkad",
"f": {"lang": "akk-x-neobab",
"form": "A.GA.DE₃{KI}",
"cf": "Akkad",
"gw": "1",
"sense": "1",
"norm": "Akkad",
"pos": "GN",
"epos": "GN"}
}
,
{
"node": "l",
"frag": "[o]",
"id": "P237260.l002fa",
"ref": "P237260.22.8",
"inst": "u",
"f": {"lang": "akk-x-neobab",
"form": "o",
"pos": "u"}
}
,
{
"node": "d",
"type": "line-start",
"ref": "P237260.23",
"n": "2",
"label": "r 2"}
,
{
"node": "l",
"frag": "[x",
"id": "P237260.l002fb",
"ref": "P237260.23.1",
"inst": "u",
"f": {"lang": "akk-x-neobab",
"form": "x",
"pos": "u"}
}
,
{
"node": "l",
"frag": "x",
"id": "P237260.l002fc",
"ref": "P237260.23.2",
"inst": "u",
"f": {"lang": "akk-x-neobab",
"form": "x",
"pos": "u"}
}
,
{
"node": "l",
"frag": "x",
"id": "P237260.l002fd",
"ref": "P237260.23.3",
"inst": "u",
"f": {"lang": "akk-x-neobab",
"form": "x",
"pos": "u"}
}
,
{
"node": "l",
"frag": "x]+⸢x⸣",
"id": "P237260.l002fe",
"ref": "P237260.23.4",
"inst": "u",
"f": {"lang": "akk-x-neobab",
"form": "x+x",
"pos": "u"}
}
,
{
"node": "l",
"frag": "LUGAL",
"id": "P237260.l002ff",
"ref": "P237260.23.5",
"inst": "šarri[king]N",
"sig": "@saao/saa18%akk-x-neobab:LUGAL=šarru[king//king]N'N$šarri",
"f": {"lang": "akk-x-neobab",
"form": "LUGAL",
"cf": "šarru",
"gw": "king",
"sense": "king",
"norm": "šarri",
"pos": "N",
"epos": "N"}
}
,
{
"node": "l",
"frag": "u",
"id": "P237260.l00300",
"ref": "P237260.23.6",
"inst": "u[and]CNJ",
"sig": "@saao/saa18%akk-x-neobab:u=u[and//and]CNJ'CNJ$u",
"f": {"lang": "akk-x-neobab",
"form": "u",
"cf": "u",
"gw": "and",
"sense": "and",
"norm": "u",
"pos": "CNJ",
"epos": "CNJ"}
}
,
{
"node": "l",
"frag": "DUMU-LUGAL",
"id": "P237260.l00301",
"ref": "P237260.23.7",
"cof-tails": "P237260.l00302",
"inst": "mār[son]N&šarri[king]N",
"sig": "@saao/saa18%akk-x-neobab:DUMU-LUGAL=māru[son//son]N'N$mār&&@saao/saa18%akk-x-neobab:=šarru[king//king]N'N$šarri",
"f": {"lang": "akk-x-neobab",
"form": "DUMU-LUGAL",
"cf": "māru",
"gw": "son",
"sense": "son",
"norm": "mār",
"pos": "N",
"epos": "N"}
}
,
{
"node": "l",
"frag": "DUMU-LUGAL",
"id": "P237260.l00302",
"ref": "P237260.23.7",
"cof-head": "P237260.l00301",
"inst": "mār[son]N&šarri[king]N",
"f": {"lang": "akk-x-neobab",
"form": "DUMU-LUGAL",
"cf": "šarru",
"gw": "king",
"sense": "king",
"norm": "šarri",
"pos": "N",
"epos": "N"}
}
,
{
"node": "l",
"frag": "EN-ia₂",
"id": "P237260.l00303",
"ref": "P237260.23.8",
"inst": "bēlīya[lord]N",
"sig": "@saao/saa18%akk-x-neobab:EN-ia₂=bēlu[lord//lord]N'N$bēlīya",
"f": {"lang": "akk-x-neobab",
"form": "EN-ia₂",
"cf": "bēlu",
"gw": "lord",
"sense": "lord",
"norm": "bēlīya",
"pos": "N",
"epos": "N"}
}
,
{
"node": "l",
"frag": "šu₂-nu",
"id": "P237260.l00304",
"ref": "P237260.23.9",
"inst": "šunu[they]IP",
"sig": "@saao/saa18%akk-x-neobab:šu₂-nu=šunu[they//they]IP'IP$šunu",
"f": {"lang": "akk-x-neobab",
"form": "šu₂-nu",
"cf": "šunu",
"gw": "they",
"sense": "they",
"norm": "šunu",
"pos": "IP",
"epos": "IP"}
}
,
{
"node": "d",
"type": "line-start",
"ref": "P237260.24",
"n": "3",
"label": "r 3"}
,
{
"node": "l",
"frag": "[a-ki-ma]-⸢aʾ⸣-de-e",
"id": "P237260.l00305",
"ref": "P237260.24.1",
"cof-tails": "P237260.l00306",
"inst": "+akī[as, like]PRP$&+maʾdû[(large) quantity]N$maʾdê",
"sig": "@saao/saa18%akk-x-neobab:a-ki-ma-aʾ-de-e=akī[as, like//as, like]PRP'PRP$akī&&@saao/saa18%akk-x-neobab:a-ki-ma-aʾ-de-e=maʾdû[(large) quantity//(large) quantity]N'N$maʾdê",
"f": {"lang": "akk-x-neobab",
"form": "a-ki-ma-aʾ-de-e",
"cf": "akī",
"gw": "as, like",
"sense": "just as",
"norm": "akī",
"pos": "PRP",
"epos": "PRP"}
}
,
{
"node": "l",
"frag": "[a-ki-ma]-⸢aʾ⸣-de-e",
"id": "P237260.l00306",
"ref": "P237260.24.1",
"cof-head": "P237260.l00305",
"inst": "+akī[as, like]PRP$&+maʾdû[(large) quantity]N$maʾdê",
"f": {"lang": "akk-x-neobab",
"form": "a-ki-ma-aʾ-de-e",
"cf": "maʾdû",
"gw": "(large) quantity",
"sense": "(large) quantity",
"norm": "maʾdê",
"pos": "N",
"epos": "N"}
}
,
{
"node": "l",
"frag": "a-na",
"id": "P237260.l00307",
"ref": "P237260.24.2",
"inst": "ana[to]PRP",
"sig": "@saao/saa18%akk-x-neobab:a-na=ana[to//to]PRP'PRP$ana",
"f": {"lang": "akk-x-neobab",
"form": "a-na",
"cf": "ana",
"gw": "to",
"sense": "to",
"norm": "ana",
"pos": "PRP",
"epos": "PRP"}
}
,
{
"node": "l",
"frag": "LUGAL",
"id": "P237260.l00308",
"ref": "P237260.24.3",
"inst": "šarri[king]N",
"sig": "@saao/saa18%akk-x-neobab:LUGAL=šarru[king//king]N'N$šarri",
"f": {"lang": "akk-x-neobab",
"form": "LUGAL",
"cf": "šarru",
"gw": "king",
"sense": "king",
"norm": "šarri",
"pos": "N",
"epos": "N"}
}
,
{
"node": "l",
"frag": "EN-ia₂",
"id": "P237260.l00309",
"ref": "P237260.24.4",
"inst": "bēlīya[lord]N",
"sig": "@saao/saa18%akk-x-neobab:EN-ia₂=bēlu[lord//lord]N'N$bēlīya",
"f": {"lang": "akk-x-neobab",
"form": "EN-ia₂",
"cf": "bēlu",
"gw": "lord",
"sense": "lord",
"norm": "bēlīya",
"pos": "N",
"epos": "N"}
}
,
{
"node": "d",
"type": "line-start",
"ref": "P237260.25",
"n": "4",
"label": "r 4"}
,
{
"node": "l",
"frag": "[uš]-⸢ta-ni⸣-ih",
"id": "P237260.l0030a",
"ref": "P237260.25.1",
"inst": "+anāhu[be(come) tired//exhaust oneself]V'V$uštānih",
"sig": "@saao/saa18%akk-x-neobab:uš-ta-ni-ih=anāhu[be(come) tired//exhaust oneself]V'V$uštānih",
"f": {"lang": "akk-x-neobab",
"form": "uš-ta-ni-ih",
"cf": "anāhu",
"gw": "be(come) tired",
"sense": "exhaust oneself",
"norm": "uštānih",
"pos": "V",
"epos": "V"}
}
,
{
"node": "l",
"frag": "LUGAL",
"id": "P237260.l0030b",
"ref": "P237260.25.2",
"inst": "šarru[king]N",
"sig": "@saao/saa18%akk-x-neobab:LUGAL=šarru[king//king]N'N$šarru",
"f": {"lang": "akk-x-neobab",
"form": "LUGAL",
"cf": "šarru",
"gw": "king",
"sense": "king",
"norm": "šarru",
"pos": "N",
"epos": "N"}
}
,
{
"node": "l",
"frag": "EN-a",
"id": "P237260.l0030c",
"ref": "P237260.25.3",
"inst": "bēlā[lord]N",
"sig": "@saao/saa18%akk-x-neobab:EN-a=bēlu[lord//lord]N'N$bēlā",
"f": {"lang": "akk-x-neobab",
"form": "EN-a",
"cf": "bēlu",
"gw": "lord",
"sense": "lord",
"norm": "bēlā",
"pos": "N",
"epos": "N"}
}
,
{
"node": "l",
"frag": "a-na",
"id": "P237260.l0030d",
"ref": "P237260.25.4",
"inst": "ana[to]PRP",
"sig": "@saao/saa18%akk-x-neobab:a-na=ana[to//to]PRP'PRP$ana",
"f": {"lang": "akk-x-neobab",
"form": "a-na",
"cf": "ana",
"gw": "to",
"sense": "to",
"norm": "ana",
"pos": "PRP",
"epos": "PRP"}
}
,
{
"node": "l",
"frag": "hi-ṭi-ia",
"id": "P237260.l0030e",
"ref": "P237260.25.5",
"inst": "+hīṭu[error//fault]N'N$hīṭīya",
"sig": "@saao/saa18%akk-x-neobab:hi-ṭi-ia=hīṭu[error//fault]N'N$hīṭīya",
"f": {"lang": "akk-x-neobab",
"form": "hi-ṭi-ia",
"cf": "hīṭu",
"gw": "error",
"sense": "fault",
"norm": "hīṭīya",
"pos": "N",
"epos": "N"}
}
,
{
"node": "d",
"type": "line-start",
"ref": "P237260.26",
"n": "5",
"label": "r 5"}
,
{
"node": "l",
"frag": "[la]",
"id": "P237260.l0030f",
"ref": "P237260.26.1",
"inst": "lā[not]MOD",
"sig": "@saao/saa18%akk-x-neobab:la=lā[not//not]MOD'MOD$lā",
"f": {"lang": "akk-x-neobab",
"form": "la",
"cf": "lā",
"gw": "not",
"sense": "not",
"norm": "lā",
"pos": "MOD",
"epos": "MOD"}
}
,
{
"node": "l",
"frag": "⸢i⸣-šak-kan",
"id": "P237260.l00310",
"ref": "P237260.26.2",
"inst": "išakkan[place]V",
"sig": "@saao/saa18%akk-x-neobab:i-šak-kan=šakānu[put//place]V'V$išakkan",
"f": {"lang": "akk-x-neobab",
"form": "i-šak-kan",
"cf": "šakānu",
"gw": "put",
"sense": "place",
"norm": "išakkan",
"pos": "V",
"epos": "V"}
}
,
{
"node": "l",
"frag": "{1}za-ba-du",
"id": "P237260.l00311",
"ref": "P237260.26.3",
"inst": "Zabadu[1]PN",
"sig": "@saao/saa18%akk-x-neobab:{1}za-ba-du=Zabadu[1//1]PN'PN$Zabadu",
"f": {"lang": "akk-x-neobab",
"form": "{1}za-ba-du",
"cf": "Zabadu",
"gw": "1",
"sense": "1",
"norm": "Zabadu",
"pos": "PN",
"epos": "PN"}
}
,
{
"node": "l",
"frag": "a-na",
"id": "P237260.l00312",
"ref": "P237260.26.4",
"inst": "ana[to]PRP",
"sig": "@saao/saa18%akk-x-neobab:a-na=ana[to//to]PRP'PRP$ana",
"f": {"lang": "akk-x-neobab",
"form": "a-na",
"cf": "ana",
"gw": "to",
"sense": "to",
"norm": "ana",
"pos": "PRP",
"epos": "PRP"}
}
,
{
"node": "l",
"frag": "UGU-hi",
"id": "P237260.l00313",
"ref": "P237260.26.5",
"inst": "muhhi[skull]N",
"sig": "@saao/saa18%akk-x-neobab:UGU-hi=muhhu[skull//skull]N'N$muhhi",
"f": {"lang": "akk-x-neobab",
"form": "UGU-hi",
"cf": "muhhu",
"gw": "skull",
"sense": "skull",
"norm": "muhhi",
"pos": "N",
"epos": "N"}
}
,
{
"node": "d",
"type": "line-start",
"ref": "P237260.27",
"n": "6",
"label": "r 6"}
,
{
"node": "l",
"frag": "[o",
"id": "P237260.l00314",
"ref": "P237260.27.1",
"inst": "u",
"f": {"lang": "akk-x-neobab",
"form": "o",
"pos": "u"}
}
,
{
"node": "l",
"frag": "pi]-⸢qit⸣-ti-šu₂",
"id": "P237260.l00315",
"ref": "P237260.27.2",
"inst": "+piqittu[allocation//mandate]N'N$piqitt̄īšu",
"sig": "@saao/saa18%akk-x-neobab:pi-qit-ti-šu₂=piqittu[allocation//mandate]N'N$piqitt̄īšu",
"f": {"lang": "akk-x-neobab",
"form": "pi-qit-ti-šu₂",
"cf": "piqittu",
"gw": "allocation",
"sense": "mandate",
"norm": "piqitt̄īšu",
"pos": "N",
"epos": "N"}
}
,
{
"node": "l",
"frag": "u₃",
"id": "P237260.l00316",
"ref": "P237260.27.3",
"inst": "u[and]CNJ",
"sig": "@saao/saa18%akk-x-neobab:u₃=u[and//and]CNJ'CNJ$u",
"f": {"lang": "akk-x-neobab",
"form": "u₃",
"cf": "u",
"gw": "and",
"sense": "and",
"norm": "u",
"pos": "CNJ",
"epos": "CNJ"}
}
,
{
"node": "l",
"frag": "a-na-ku",
"id": "P237260.l00317",
"ref": "P237260.27.4",
"inst": "anāku[I]IP",
"sig": "@saao/saa18%akk-x-neobab:a-na-ku=anāku[I//I]IP'IP$anāku",
"f": {"lang": "akk-x-neobab",
"form": "a-na-ku",
"cf": "anāku",
"gw": "I",
"sense": "I",
"norm": "anāku",
"pos": "IP",
"epos": "IP"}
}
,
{
"node": "l",
"frag": "<$a$>-na",
"id": "P237260.l00318",
"ref": "P237260.27.5",
"inst": "ana[to]PRP",
"sig": "@saao/saa18%akk-x-neobab:a-na=ana[to//to]PRP'PRP$ana",
"f": {"lang": "akk-x-neobab",
"form": "a-na",
"cf": "ana",
"gw": "to",
"sense": "to",
"norm": "ana",
"pos": "PRP",
"epos": "PRP"}
}
,
{
"node": "l",
"frag": "UGU-hi",
"id": "P237260.l00319",
"ref": "P237260.27.6",
"inst": "muhhi[skull]N",
"sig": "@saao/saa18%akk-x-neobab:UGU-hi=muhhu[skull//skull]N'N$muhhi",
"f": {"lang": "akk-x-neobab",
"form": "UGU-hi",
"cf": "muhhu",
"gw": "skull",
"sense": "skull",
"norm": "muhhi",
"pos": "N",
"epos": "N"}
}
,
{
"node": "d",
"type": "line-start",
"ref": "P237260.28",
"n": "7",
"label": "r 7"}
,
{
"node": "l",
"frag": "[pi]-⸢qit⸣-ti-ia₂",
"id": "P237260.l0031a",
"ref": "P237260.28.1",
"inst": "+piqittu[allocation//mandate]N'N$piqitt̄īya",
"sig": "@saao/saa18%akk-x-neobab:pi-qit-ti-ia₂=piqittu[allocation//mandate]N'N$piqitt̄īya",
"f": {"lang": "akk-x-neobab",
"form": "pi-qit-ti-ia₂",
"cf": "piqittu",
"gw": "allocation",
"sense": "mandate",
"norm": "piqitt̄īya",
"pos": "N",
"epos": "N"}
}
,
{
"node": "l",
"frag": "LUGAL",
"id": "P237260.l0031b",
"ref": "P237260.28.2",
"inst": "šarru[king]N",
"sig": "@saao/saa18%akk-x-neobab:LUGAL=šarru[king//king]N'N$šarru",
"f": {"lang": "akk-x-neobab",
"form": "LUGAL",
"cf": "šarru",
"gw": "king",
"sense": "king",
"norm": "šarru",
"pos": "N",
"epos": "N"}
}
,
{
"node": "l",
"frag": "EN-a",
"id": "P237260.l0031c",
"ref": "P237260.28.3",
"inst": "bēlā[lord]N",
"sig": "@saao/saa18%akk-x-neobab:EN-a=bēlu[lord//lord]N'N$bēlā",
"f": {"lang": "akk-x-neobab",
"form": "EN-a",
"cf": "bēlu",
"gw": "lord",
"sense": "lord",
"norm": "bēlā",
"pos": "N",
"epos": "N"}
}
,
{
"node": "l",
"frag": "i-sa-ni-iq",
"id": "P237260.l0031d",
"ref": "P237260.28.4",
"inst": "+sanāqu[check//check out]V'V$isanniq",
"sig": "@saao/saa18%akk-x-neobab:i-sa-ni-iq=sanāqu[check//check out]V'V$isanniq",
"f": {"lang": "akk-x-neobab",
"form": "i-sa-ni-iq",
"cf": "sanāqu",
"gw": "check",
"sense": "check out",
"norm": "isanniq",
"pos": "V",
"epos": "V"}
}
,
{
"node": "d",
"type": "line-start",
"ref": "P237260.29",
"n": "8",
"label": "r 8"}
,
{
"node": "l",
"frag": "[ki-i]",
"id": "P237260.l0031e",
"ref": "P237260.29.1",
"inst": "kî[if]'MOD",
"sig": "@saao/saa18%akk-x-neobab:ki-i=kī[like//if]PRP'MOD$kî",
"f": {"lang": "akk-x-neobab",
"form": "ki-i",
"cf": "kī",
"gw": "like",
"sense": "if",
"norm": "kî",
"pos": "PRP",
"epos": "MOD"}
}
,
{
"node": "l",
"frag": "⸢a⸣-na",
"id": "P237260.l0031f",
"ref": "P237260.29.2",
"inst": "ana[to]PRP",
"sig": "@saao/saa18%akk-x-neobab:a-na=ana[to//to]PRP'PRP$ana",
"f": {"lang": "akk-x-neobab",
"form": "a-na",
"cf": "ana",
"gw": "to",
"sense": "to",
"norm": "ana",
"pos": "PRP",
"epos": "PRP"}
}
,
{
"node": "l",
"frag": "LUGAL",
"id": "P237260.l00320",
"ref": "P237260.29.3",
"inst": "šarri[king]N",
"sig": "@saao/saa18%akk-x-neobab:LUGAL=šarru[king//king]N'N$šarri",
"f": {"lang": "akk-x-neobab",
"form": "LUGAL",
"cf": "šarru",
"gw": "king",
"sense": "king",
"norm": "šarri",
"pos": "N",
"epos": "N"}
}
,
{
"node": "l",
"frag": "EN-ia₂",
"id": "P237260.l00321",
"ref": "P237260.29.4",
"inst": "bēlīya[lord]N",
"sig": "@saao/saa18%akk-x-neobab:EN-ia₂=bēlu[lord//lord]N'N$bēlīya",
"f": {"lang": "akk-x-neobab",
"form": "EN-ia₂",
"cf": "bēlu",
"gw": "lord",
"sense": "lord",
"norm": "bēlīya",
"pos": "N",
"epos": "N"}
}
,
{
"node": "l",
"frag": "la",
"id": "P237260.l00322",
"ref": "P237260.29.5",
"inst": "lā[not]MOD",
"sig": "@saao/saa18%akk-x-neobab:la=lā[not//not]MOD'MOD$lā",
"f": {"lang": "akk-x-neobab",
"form": "la",
"cf": "lā",
"gw": "not",
"sense": "not",
"norm": "lā",
"pos": "MOD",
"epos": "MOD"}
}
,
{
"node": "l",
"frag": "ul-⸢te-li⸣-u₂",
"id": "P237260.l00323",
"ref": "P237260.29.6",
"inst": "+elû[go up//take up]V'V$ultēliu",
"sig": "@saao/saa18%akk-x-neobab:ul-te-li-u₂=elû[go up//take up]V'V$ultēliu",
"f": {"lang": "akk-x-neobab",
"form": "ul-te-li-u₂",
"cf": "elû",
"gw": "go up",
"sense": "take up",
"norm": "ultēliu",
"pos": "V",
"epos": "V"}
}
,
{
"node": "d",
"type": "line-start",
"ref": "P237260.30",
"n": "9",
"label": "r 9"}
,
{
"node": "l",
"frag": "[ul-tu]",
"id": "P237260.l00324",
"ref": "P237260.30.1",
"inst": "ultu[from]PRP",
"sig": "@saao/saa18%akk-x-neobab:ul-tu=ištu[from//from]PRP'PRP$ultu",
"f": {"lang": "akk-x-neobab",
"form": "ul-tu",
"cf": "ištu",
"gw": "from",
"sense": "from",
"norm": "ultu",
"pos": "PRP",
"epos": "PRP"}
}
,
{
"node": "l",
"frag": "E₂-DINGIR-MEŠ-šu₂",
"id": "P237260.l00325",
"ref": "P237260.30.2",
"cof-tails": "P237260.l00326",
"inst": "+bītu[house]N$bīt&+ilu[god]N$ilānīšu",
"sig": "@saao/saa18%akk-x-neobab:E₂-DINGIR-MEŠ-šu₂=bītu[house//house]N'N$bīt&&@saao/saa18%akk-x-neobab:E₂-DINGIR-MEŠ-šu₂=ilu[god//god]N'N$ilānīšu",
"f": {"lang": "akk-x-neobab",
"form": "E₂-DINGIR-MEŠ-šu₂",
"cf": "bītu",
"gw": "house",
"sense": "house",
"norm": "bīt",
"pos": "N",
"epos": "N"}
}
,
{
"node": "l",
"frag": "E₂-DINGIR-MEŠ-šu₂",
"id": "P237260.l00326",
"ref": "P237260.30.2",
"cof-head": "P237260.l00325",
"inst": "+bītu[house]N$bīt&+ilu[god]N$ilānīšu",
"f": {"lang": "akk-x-neobab",
"form": "E₂-DINGIR-MEŠ-šu₂",
"cf": "ilu",
"gw": "god",
"sense": "god",
"norm": "ilānīšu",
"pos": "N",
"epos": "N"}
}
,
{
"node": "l",
"frag": "i-na-aš₂-ši-ma",
"id": "P237260.l00327",
"ref": "P237260.30.3",
"inst": "+našû[lift//take]V'V$inaššīma",
"sig": "@saao/saa18%akk-x-neobab:i-na-aš₂-ši-ma=našû[lift//take]V'V$inaššīma",
"f": {"lang": "akk-x-neobab",
"form": "i-na-aš₂-ši-ma",
"cf": "našû",
"gw": "lift",
"sense": "take",
"norm": "inaššīma",
"pos": "V",
"epos": "V"}
}
,
{
"node": "d",
"type": "line-start",
"ref": "P237260.31",
"n": "10",
"label": "r 10"}
,
{
"node": "l",
"frag": "[a-na",
"id": "P237260.l00328",
"ref": "P237260.31.1",
"inst": "ana[to]PRP",
"sig": "@saao/saa18%akk-x-neobab:a-na=ana[to//to]PRP'PRP$ana",
"f": {"lang": "akk-x-neobab",
"form": "a-na",
"cf": "ana",
"gw": "to",
"sense": "to",
"norm": "ana",
"pos": "PRP",
"epos": "PRP"}
}
,
{
"node": "l",
"frag": "hi]-⸢ṭi⸣-ia",
"id": "P237260.l00329",
"ref": "P237260.31.2",
"inst": "hīṭīya[fault]N",
"sig": "@saao/saa18%akk-x-neobab:hi-ṭi-ia=hīṭu[error//fault]N'N$hīṭīya",
"f": {"lang": "akk-x-neobab",
"form": "hi-ṭi-ia",
"cf": "hīṭu",
"gw": "error",
"sense": "fault",
"norm": "hīṭīya",
"pos": "N",
"epos": "N"}
}
,
{
"node": "l",
"frag": "i-ta-ri",
"id": "P237260.l0032a",
"ref": "P237260.31.3",
"inst": "+târu[turn//turn into]V'V$itâri",
"sig": "@saao/saa18%akk-x-neobab:i-ta-ri=târu[turn//turn into]V'V$itâri",
"f": {"lang": "akk-x-neobab",
"form": "i-ta-ri",
"cf": "târu",
"gw": "turn",
"sense": "turn into",
"norm": "itâri",
"pos": "V",
"epos": "V"}
}
,
{
"node": "d",
"type": "line-start",
"ref": "P237260.32",
"n": "11",
"label": "r 11"}
,
{
"node": "l",
"frag": "[LUGAL",
"id": "P237260.l0032b",
"ref": "P237260.32.1",
"inst": "šarru[king]N",
"sig": "@saao/saa18%akk-x-neobab:LUGAL=šarru[king//king]N'N$šarru",
"f": {"lang": "akk-x-neobab",
"form": "LUGAL",
"cf": "šarru",
"gw": "king",
"sense": "king",
"norm": "šarru",
"pos": "N",
"epos": "N"}
}
,
{
"node": "l",
"frag": "be]-⸢li₂⸣",
"id": "P237260.l0032c",
"ref": "P237260.32.2",
"inst": "bēlī[lord]N",
"sig": "@saao/saa18%akk-x-neobab:be-li₂=bēlu[lord//lord]N'N$bēlī",
"f": {"lang": "akk-x-neobab",
"form": "be-li₂",
"cf": "bēlu",
"gw": "lord",
"sense": "lord",
"norm": "bēlī",
"pos": "N",
"epos": "N"}
}
,
{
"node": "l",
"frag": "DINGIR-MEŠ-šu₂",
"id": "P237260.l0032d",
"ref": "P237260.32.3",
"inst": "ilānīšu[god]N",
"sig": "@saao/saa18%akk-x-neobab:DINGIR-MEŠ-šu₂=ilu[god//god]N'N$ilānīšu",
"f": {"lang": "akk-x-neobab",
"form": "DINGIR-MEŠ-šu₂",
"cf": "ilu",
"gw": "god",
"sense": "god",
"norm": "ilānīšu",
"pos": "N",
"epos": "N"}
}
,
{
"node": "l",
"frag": "lu",
"id": "P237260.l0032e",
"ref": "P237260.32.4",
"inst": "lū[may]MOD",
"sig": "@saao/saa18%akk-x-neobab:lu=lū[may//may]MOD'MOD$lū",
"f": {"lang": "akk-x-neobab",
"form": "lu",
"cf": "lū",
"gw": "may",
"sense": "may",
"norm": "lū",
"pos": "MOD",
"epos": "MOD"}
}
,
{
"node": "l",
"frag": "ha-si-si-ma",
"id": "P237260.l0032f",
"ref": "P237260.32.5",
"inst": "+hasīsu[ear//mindful]N'AJ$hasīsīma",
"sig": "@saao/saa18%akk-x-neobab:ha-si-si-ma=hasīsu[ear//mindful]N'AJ$hasīsīma",
"f": {"lang": "akk-x-neobab",
"form": "ha-si-si-ma",
"cf": "hasīsu",
"gw": "ear",
"sense": "mindful",
"norm": "hasīsīma",
"pos": "N",
"epos": "AJ"}
}
,
{
"node": "d",
"type": "line-start",
"ref": "P237260.33",
"n": "12",
"label": "r 12"}
,
{
"node": "l",
"frag": "[x",
"id": "P237260.l00330",
"ref": "P237260.33.1",
"inst": "u",
"f": {"lang": "akk-x-neobab",
"form": "x",
"pos": "u"}
}
,
{
"node": "l",
"frag": "x]",
"id": "P237260.l00331",
"ref": "P237260.33.2",
"inst": "u",
"f": {"lang": "akk-x-neobab",
"form": "x",
"pos": "u"}
}
,
{
"node": "l",
"frag": "⸢DINGIR⸣-MEŠ-šu₂",
"id": "P237260.l00332",
"ref": "P237260.33.3",
"inst": "ilānīšu[god]N",
"sig": "@saao/saa18%akk-x-neobab:DINGIR-MEŠ-šu₂=ilu[god//god]N'N$ilānīšu",
"f": {"lang": "akk-x-neobab",
"form": "DINGIR-MEŠ-šu₂",
"cf": "ilu",
"gw": "god",
"sense": "god",
"norm": "ilānīšu",
"pos": "N",
"epos": "N"}
}
,
{
"node": "l",
"frag": "it-ti",
"id": "P237260.l00333",
"ref": "P237260.33.4",
"inst": "itti[with]PRP",
"sig": "@saao/saa18%akk-x-neobab:it-ti=itti[with//with]PRP'PRP$itti",
"f": {"lang": "akk-x-neobab",
"form": "it-ti",
"cf": "itti",
"gw": "with",
"sense": "with",
"norm": "itti",
"pos": "PRP",
"epos": "PRP"}
}
,
{
"node": "l",
"frag": "{1}za-ba-du",
"id": "P237260.l00334",
"ref": "P237260.33.5",
"inst": "Zabadu[1]PN",
"sig": "@saao/saa18%akk-x-neobab:{1}za-ba-du=Zabadu[1//1]PN'PN$Zabadu",
"f": {"lang": "akk-x-neobab",
"form": "{1}za-ba-du",
"cf": "Zabadu",
"gw": "1",
"sense": "1",
"norm": "Zabadu",
"pos": "PN",
"epos": "PN"}
}
,
{
"node": "d",
"type": "line-start",
"ref": "P237260.34",
"n": "13",
"label": "r 13"}
,
{
"node": "l",
"frag": "[x",
"id": "P237260.l00335",
"ref": "P237260.34.1",
"inst": "u",
"f": {"lang": "akk-x-neobab",
"form": "x",
"pos": "u"}
}
,
{
"node": "l",
"frag": "x",
"id": "P237260.l00336",
"ref": "P237260.34.2",
"inst": "u",
"f": {"lang": "akk-x-neobab",
"form": "x",
"pos": "u"}
}
,
{
"node": "l",
"frag": "x]+⸢x⸣",
"id": "P237260.l00337",
"ref": "P237260.34.3",
"inst": "u",
"f": {"lang": "akk-x-neobab",
"form": "x+x",
"pos": "u"}
}
,
{
"node": "l",
"frag": "a-šar",
"id": "P237260.l00338",
"ref": "P237260.34.4",
"inst": "ašar[where]'SBJ",
"sig": "@saao/saa18%akk-x-neobab:a-šar=ašru[place//where]N'SBJ$ašar",
"f": {"lang": "akk-x-neobab",
"form": "a-šar",
"cf": "ašru",
"gw": "place",
"sense": "where",
"norm": "ašar",
"pos": "N",
"epos": "SBJ"}
}
,
{
"node": "l",
"frag": "ni-is-hi",
"id": "P237260.l00339",
"ref": "P237260.34.5",
"inst": "+nishu[extract(ion)//(a payment)]N'N$nishi",
"sig": "@saao/saa18%akk-x-neobab:ni-is-hi=nishu[extract(ion)//(a payment)]N'N$nishi",
"f": {"lang": "akk-x-neobab",
"form": "ni-is-hi",
"cf": "nishu",
"gw": "extract(ion)",
"sense": "(a payment)",
"norm": "nishi",
"pos": "N",
"epos": "N"}
}
,
{
"node": "l",
"frag": "ša₂",
"id": "P237260.l0033a",
"ref": "P237260.34.6",
"inst": "ša[of]DET",
"sig": "@saao/saa18%akk-x-neobab:ša₂=ša[of//of]DET'DET$ša",
"f": {"lang": "akk-x-neobab",
"form": "ša₂",
"cf": "ša",
"gw": "of",
"sense": "of",
"norm": "ša",
"pos": "DET",
"epos": "DET"}
}
,
{
"node": "l",
"frag": "DINGIR-MEŠ-ka",
"id": "P237260.l0033b",
"ref": "P237260.34.7",
"inst": "+ilu[god]N$ilānīka",
"sig": "@saao/saa18%akk-x-neobab:DINGIR-MEŠ-ka=ilu[god//god]N'N$ilānīka",
"f": {"lang": "akk-x-neobab",
"form": "DINGIR-MEŠ-ka",
"cf": "ilu",
"gw": "god",
"sense": "god",
"norm": "ilānīka",
"pos": "N",
"epos": "N"}
}
,
{
"node": "d",
"type": "line-start",
"ref": "P237260.35",
"n": "14",
"label": "r 14"}
,
{
"node": "l",
"frag": "[x",
"id": "P237260.l0033c",
"ref": "P237260.35.1",
"inst": "u",
"f": {"lang": "akk-x-neobab",
"form": "x",
"pos": "u"}
}
,
{
"node": "l",
"frag": "x]",
"id": "P237260.l0033d",
"ref": "P237260.35.2",
"inst": "u",
"f": {"lang": "akk-x-neobab",
"form": "x",
"pos": "u"}
}
,
{
"node": "l",
"frag": "⸢ad⸣-di-nu",
"id": "P237260.l0033e",
"ref": "P237260.35.3",
"inst": "addinu[give]V",
"sig": "@saao/saa18%akk-x-neobab:ad-di-nu=nadānu[give//give]V'V$addinu",
"f": {"lang": "akk-x-neobab",
"form": "ad-di-nu",
"cf": "nadānu",
"gw": "give",
"sense": "give",
"norm": "addinu",
"pos": "V",
"epos": "V"}
}
,
{
"node": "l",
"frag": "{lu₂}qur-bu-tu₂",
"id": "P237260.l0033f",
"ref": "P237260.35.4",
"inst": "ša-qurbūtu[(royal) confidant]N",
"sig": "@saao/saa18%akk-x-neobab:{LU₂}qur-bu-tu₂=ša-qurbūti[close follower//(royal) confidant]N'N$ša-qurbūtu",
"f": {"lang": "akk-x-neobab",
"form": "{LU₂}qur-bu-tu₂",
"cf": "ša-qurbūti",
"gw": "close follower",
"sense": "(royal) confidant",
"norm": "ša-qurbūtu",
"pos": "N",
"epos": "N"}
}
,
{
"node": "d",
"type": "line-start",
"ref": "P237260.36",
"n": "15",
"label": "r 15"}
,
{
"node": "l",
"frag": "[x",
"id": "P237260.l00340",
"ref": "P237260.36.1",
"inst": "u",
"f": {"lang": "akk-x-neobab",
"form": "x",
"pos": "u"}
}
,
{
"node": "l",
"frag": "x]",
"id": "P237260.l00341",
"ref": "P237260.36.2",
"inst": "u",
"f": {"lang": "akk-x-neobab",
"form": "x",
"pos": "u"}
}
,
{
"node": "l",
"frag": "⸢liš-pu-ra⸣",
"id": "P237260.l00342",
"ref": "P237260.36.3",
"inst": "lišpura[send]V",
"sig": "@saao/saa18%akk-x-neobab:liš-pu-ra=šapāru[send//send]V'V$lišpura",
"f": {"lang": "akk-x-neobab",
"form": "liš-pu-ra",
"cf": "šapāru",
"gw": "send",
"sense": "send",
"norm": "lišpura",
"pos": "V",
"epos": "V"}
}
,
{
"node": "l",
"frag": "mim-ma",
"id": "P237260.l00343",
"ref": "P237260.36.4",
"inst": "mimma[anything]XP",
"sig": "@saao/saa18%akk-x-neobab:mim-ma=mimma[anything//anything]XP'XP$mimma",
"f": {"lang": "akk-x-neobab",
"form": "mim-ma",
"cf": "mimma",
"gw": "anything",
"sense": "anything",
"norm": "mimma",
"pos": "XP",
"epos": "XP"}
}
,
{
"node": "d",
"type": "line-start",
"ref": "P237260.37",
"n": "16",
"label": "r 16"}
,
{
"node": "l",
"frag": "[ma-la",
"id": "P237260.l00344",
"ref": "P237260.37.1",
"inst": "mala[as much as]REL",
"sig": "@saao/saa18%akk-x-neobab:ma-la=mala[as much as//as much as]REL'REL$mala",
"f": {"lang": "akk-x-neobab",
"form": "ma-la",
"cf": "mala",
"gw": "as much as",
"sense": "as much as",
"norm": "mala",
"pos": "REL",
"epos": "REL"}
}
,
{
"node": "l",
"frag": "ba-šu-u₂]",
"id": "P237260.l00345",
"ref": "P237260.37.2",
"inst": "bašû[existing]AJ",
"sig": "@saao/saa18%akk-x-neobab:ba-šu-u₂=bašû[existing//existing]AJ'AJ$bašû",
"f": {"lang": "akk-x-neobab",
"form": "ba-šu-u₂",
"cf": "bašû",
"gw": "existing",
"sense": "existing",
"norm": "bašû",
"pos": "AJ",
"epos": "AJ"}
}
,
{
"node": "l",
"frag": "⸢a⸣-na",
"id": "P237260.l00346",
"ref": "P237260.37.3",
"inst": "ana[to]PRP",
"sig": "@saao/saa18%akk-x-neobab:a-na=ana[to//to]PRP'PRP$ana",
"f": {"lang": "akk-x-neobab",
"form": "a-na",
"cf": "ana",
"gw": "to",
"sense": "to",
"norm": "ana",
"pos": "PRP",
"epos": "PRP"}
}
,
{
"node": "l",
"frag": "DINGIR-MEŠ-ka",
"id": "P237260.l00347",
"ref": "P237260.37.4",
"inst": "ilānīka[god]N",
"sig": "@saao/saa18%akk-x-neobab:DINGIR-MEŠ-ka=ilu[god//god]N'N$ilānīka",
"f": {"lang": "akk-x-neobab",
"form": "DINGIR-MEŠ-ka",
"cf": "ilu",
"gw": "god",
"sense": "god",
"norm": "ilānīka",
"pos": "N",
"epos": "N"}
}
,
{
"node": "d",
"type": "line-start",
"ref": "P237260.38",
"n": "17",
"label": "r 17"}
,
{
"node": "l",
"frag": "[x",
"id": "P237260.l00348",
"ref": "P237260.38.1",
"inst": "u",
"f": {"lang": "akk-x-neobab",
"form": "x",
"pos": "u"}
}
,
{
"node": "l",
"frag": "x",
"id": "P237260.l00349",
"ref": "P237260.38.2",
"inst": "u",
"f": {"lang": "akk-x-neobab",
"form": "x",
"pos": "u"}
}
,
{
"node": "l",
"frag": "x",
"id": "P237260.l0034a",
"ref": "P237260.38.3",
"inst": "u",
"f": {"lang": "akk-x-neobab",
"form": "x",
"pos": "u"}
}
,
{
"node": "l",
"frag": "at]-⸢ta-din⸣",
"id": "P237260.l0034b",
"ref": "P237260.38.4",
"inst": "attadin[give]V",
"sig": "@saao/saa18%akk-x-neobab:at-ta-din=nadānu[give//give]V'V$attadin",
"f": {"lang": "akk-x-neobab",
"form": "at-ta-din",
"cf": "nadānu",
"gw": "give",
"sense": "give",
"norm": "attadin",
"pos": "V",
"epos": "V"}
}
,
{
"node": "l",
"frag": "LUGAL",
"id": "P237260.l0034c",
"ref": "P237260.38.5",
"inst": "šarru[king]N",
"sig": "@saao/saa18%akk-x-neobab:LUGAL=šarru[king//king]N'N$šarru",
"f": {"lang": "akk-x-neobab",
"form": "LUGAL",
"cf": "šarru",
"gw": "king",
"sense": "king",
"norm": "šarru",
"pos": "N",
"epos": "N"}
}
,
{
"node": "l",
"frag": "EN-a",
"id": "P237260.l0034d",
"ref": "P237260.38.6",
"inst": "bēlā[lord]N",
"sig": "@saao/saa18%akk-x-neobab:EN-a=bēlu[lord//lord]N'N$bēlā",
"f": {"lang": "akk-x-neobab",
"form": "EN-a",
"cf": "bēlu",
"gw": "lord",
"sense": "lord",
"norm": "bēlā",
"pos": "N",
"epos": "N"}
}
,
{
"node": "d",
"type": "line-start",
"ref": "P237260.39",
"n": "18",
"label": "r 18"}
,
{
"node": "l",
"frag": "[x",
"id": "P237260.l0034e",
"ref": "P237260.39.1",
"inst": "u",
"f": {"lang": "akk-x-neobab",
"form": "x",
"pos": "u"}
}
,
{
"node": "l",
"frag": "x",
"id": "P237260.l0034f",
"ref": "P237260.39.2",
"inst": "u",
"f": {"lang": "akk-x-neobab",
"form": "x",
"pos": "u"}
}
,
{
"node": "l",
"frag": "x",
"id": "P237260.l00350",
"ref": "P237260.39.3",
"inst": "u",
"f": {"lang": "akk-x-neobab",
"form": "x",
"pos": "u"}
}
,
{
"node": "l",
"frag": "x",
"id": "P237260.l00351",
"ref": "P237260.39.4",
"inst": "u",
"f": {"lang": "akk-x-neobab",
"form": "x",
"pos": "u"}
}
,
{
"node": "l",
"frag": "x",
"id": "P237260.l00352",
"ref": "P237260.39.5",
"inst": "u",
"f": {"lang": "akk-x-neobab",
"form": "x",
"pos": "u"}
}
,
{
"node": "l",
"frag": "x",
"id": "P237260.l00353",
"ref": "P237260.39.6",
"inst": "u",
"f": {"lang": "akk-x-neobab",
"form": "x",
"pos": "u"}
}
,
{
"node": "l",
"frag": "x",
"id": "P237260.l00354",
"ref": "P237260.39.7",
"inst": "u",
"f": {"lang": "akk-x-neobab",
"form": "x",
"pos": "u"}
}
,
{
"node": "l",
"frag": "x]-⸢ri⸣",
"id": "P237260.l00355",
"ref": "P237260.39.8",
"inst": "u",
"f": {"lang": "akk-x-neobab",
"form": "x-ri",
"pos": "u"}
}
,
{
"node": "d",
"type": "nonx",
"ref": "P237260.40",
"strict": "0",
"extent": "rest",
"state": "missing"}
]}
]}
]}
]}
