{
"type": "cdl",
  "source": "http://oracc.org/saao/saa18",
  "license": "This data is released under the CC0 license",
  "license-url": "https://creativecommons.org/publicdomain/zero/1.0/",
  "more-info": "http://oracc.org/doc/opendata/",
  "UTC-timestamp": "2017-05-19T12:01:07",
"project": "saao/saa18",
"textid": "P238668",
"cdl": [
{
"node": "c",
"type": "text",
"id": "P238668.U0",
"cdl": [
{
"node": "d",
"type": "object",
"ref": ""}
,
{
"node": "d",
"subtype": "obverse",
"type": "surface",
"ref": "P238668.o.1",
"type": "obverse",
"label": "o"}
,
{
"node": "d",
"type": "nonx",
"ref": "P238668.2",
"strict": "0",
"extent": "beginning",
"state": "missing"}
,
{
"node": "c",
"type": "discourse",
"subtype": "body",
"id": "P238668.U1",
"cdl": [
{
"node": "c",
"type": "sentence",
"id": "P238668.U2",
"label": "o 1' - r 7",
"cdl": [
{
"node": "d",
"type": "line-start",
"ref": "P238668.3",
"n": "1'",
"label": "o 1'"}
,
{
"node": "l",
"frag": "[x",
"id": "P238668.l034c6",
"ref": "P238668.3.1",
"inst": "u",
"f": {"lang": "akk-x-neobab",
"form": "x",
"pos": "u"}
}
,
{
"node": "l",
"frag": "x",
"id": "P238668.l034c7",
"ref": "P238668.3.2",
"inst": "u",
"f": {"lang": "akk-x-neobab",
"form": "x",
"pos": "u"}
}
,
{
"node": "l",
"frag": "x",
"id": "P238668.l034c8",
"ref": "P238668.3.3",
"inst": "u",
"f": {"lang": "akk-x-neobab",
"form": "x",
"pos": "u"}
}
,
{
"node": "l",
"frag": "x]",
"id": "P238668.l034c9",
"ref": "P238668.3.4",
"inst": "u",
"f": {"lang": "akk-x-neobab",
"form": "x",
"pos": "u"}
}
,
{
"node": "l",
"frag": "⸢x⸣",
"id": "P238668.l034ca",
"ref": "P238668.3.5",
"inst": "u",
"f": {"lang": "akk-x-neobab",
"form": "x",
"pos": "u"}
}
,
{
"node": "l",
"frag": "[x",
"id": "P238668.l034cb",
"ref": "P238668.3.6",
"inst": "u",
"f": {"lang": "akk-x-neobab",
"form": "x",
"pos": "u"}
}
,
{
"node": "l",
"frag": "x",
"id": "P238668.l034cc",
"ref": "P238668.3.7",
"inst": "u",
"f": {"lang": "akk-x-neobab",
"form": "x",
"pos": "u"}
}
,
{
"node": "l",
"frag": "x",
"id": "P238668.l034cd",
"ref": "P238668.3.8",
"inst": "u",
"f": {"lang": "akk-x-neobab",
"form": "x",
"pos": "u"}
}
,
{
"node": "l",
"frag": "x",
"id": "P238668.l034ce",
"ref": "P238668.3.9",
"inst": "u",
"f": {"lang": "akk-x-neobab",
"form": "x",
"pos": "u"}
}
,
{
"node": "l",
"frag": "x",
"id": "P238668.l034cf",
"ref": "P238668.3.10",
"inst": "u",
"f": {"lang": "akk-x-neobab",
"form": "x",
"pos": "u"}
}
,
{
"node": "l",
"frag": "x]",
"id": "P238668.l034d0",
"ref": "P238668.3.11",
"inst": "u",
"f": {"lang": "akk-x-neobab",
"form": "x",
"pos": "u"}
}
,
{
"node": "d",
"type": "line-start",
"ref": "P238668.4",
"n": "2'",
"label": "o 2'"}
,
{
"node": "l",
"frag": "[x",
"id": "P238668.l034d1",
"ref": "P238668.4.1",
"inst": "u",
"f": {"lang": "akk-x-neobab",
"form": "x",
"pos": "u"}
}
,
{
"node": "l",
"frag": "x",
"id": "P238668.l034d2",
"ref": "P238668.4.2",
"inst": "u",
"f": {"lang": "akk-x-neobab",
"form": "x",
"pos": "u"}
}
,
{
"node": "l",
"frag": "e]-⸢mu⸣-qu",
"id": "P238668.l034d3",
"ref": "P238668.4.3",
"inst": "emūqu[troops]N",
"sig": "@saao/saa18%akk-x-neobab:e-mu-qu=emūqu[strength//troops]N'N$emūqu",
"f": {"lang": "akk-x-neobab",
"form": "e-mu-qu",
"cf": "emūqu",
"gw": "strength",
"sense": "troops",
"norm": "emūqu",
"pos": "N",
"epos": "N"}
}
,
{
"node": "l",
"frag": "iz-⸢x⸣+[x",
"id": "P238668.l034d4",
"ref": "P238668.4.4",
"inst": "u",
"f": {"lang": "akk-x-neobab",
"form": "iz-x+x",
"pos": "u"}
}
,
{
"node": "l",
"frag": "x",
"id": "P238668.l034d5",
"ref": "P238668.4.5",
"inst": "u",
"f": {"lang": "akk-x-neobab",
"form": "x",
"pos": "u"}
}
,
{
"node": "l",
"frag": "x",
"id": "P238668.l034d6",
"ref": "P238668.4.6",
"inst": "u",
"f": {"lang": "akk-x-neobab",
"form": "x",
"pos": "u"}
}
,
{
"node": "l",
"frag": "x",
"id": "P238668.l034d7",
"ref": "P238668.4.7",
"inst": "u",
"f": {"lang": "akk-x-neobab",
"form": "x",
"pos": "u"}
}
,
{
"node": "l",
"frag": "x]",
"id": "P238668.l034d8",
"ref": "P238668.4.8",
"inst": "u",
"f": {"lang": "akk-x-neobab",
"form": "x",
"pos": "u"}
}
,
{
"node": "d",
"type": "line-start",
"ref": "P238668.5",
"n": "3'",
"label": "o 3'"}
,
{
"node": "l",
"frag": "[x",
"id": "P238668.l034d9",
"ref": "P238668.5.1",
"inst": "u",
"f": {"lang": "akk-x-neobab",
"form": "x",
"pos": "u"}
}
,
{
"node": "l",
"frag": "x",
"id": "P238668.l034da",
"ref": "P238668.5.2",
"inst": "u",
"f": {"lang": "akk-x-neobab",
"form": "x",
"pos": "u"}
}
,
{
"node": "l",
"frag": "x]-⸢u₂⸣-ni",
"id": "P238668.l034db",
"ref": "P238668.5.3",
"inst": "u",
"f": {"lang": "akk-x-neobab",
"form": "x-u₂-ni",
"pos": "u"}
}
,
{
"node": "l",
"frag": "it-ba-[a",
"id": "P238668.l034dc",
"ref": "P238668.5.4",
"inst": "itbâ[set off]V",
"sig": "@saao/saa18%akk-x-neobab:it-ba-a=tebû[arise//set off]V'V$itbâ",
"f": {"lang": "akk-x-neobab",
"form": "it-ba-a",
"cf": "tebû",
"gw": "arise",
"sense": "set off",
"norm": "itbâ",
"pos": "V",
"epos": "V"}
}
,
{
"node": "l",
"frag": "x",
"id": "P238668.l034dd",
"ref": "P238668.5.5",
"inst": "u",
"f": {"lang": "akk-x-neobab",
"form": "x",
"pos": "u"}
}
,
{
"node": "l",
"frag": "x",
"id": "P238668.l034de",
"ref": "P238668.5.6",
"inst": "u",
"f": {"lang": "akk-x-neobab",
"form": "x",
"pos": "u"}
}
,
{
"node": "l",
"frag": "x]",
"id": "P238668.l034df",
"ref": "P238668.5.7",
"inst": "u",
"f": {"lang": "akk-x-neobab",
"form": "x",
"pos": "u"}
}
,
{
"node": "d",
"type": "line-start",
"ref": "P238668.6",
"n": "4'",
"label": "o 4'"}
,
{
"node": "l",
"frag": "[x",
"id": "P238668.l034e0",
"ref": "P238668.6.1",
"inst": "u",
"f": {"lang": "akk-x-neobab",
"form": "x",
"pos": "u"}
}
,
{
"node": "l",
"frag": "x",
"id": "P238668.l034e1",
"ref": "P238668.6.2",
"inst": "u",
"f": {"lang": "akk-x-neobab",
"form": "x",
"pos": "u"}
}
,
{
"node": "l",
"frag": "x]",
"id": "P238668.l034e2",
"ref": "P238668.6.3",
"inst": "u",
"f": {"lang": "akk-x-neobab",
"form": "x",
"pos": "u"}
}
,
{
"node": "l",
"frag": "⸢it⸣-ta-ṣa-aʾ",
"id": "P238668.l034e3",
"ref": "P238668.6.4",
"inst": "+aṣû[go out//come out]V'V$ittaṣaʾ",
"sig": "@saao/saa18%akk-x-neobab:it-ta-ṣa-aʾ=aṣû[go out//come out]V'V$ittaṣaʾ",
"f": {"lang": "akk-x-neobab",
"form": "it-ta-ṣa-aʾ",
"cf": "aṣû",
"gw": "go out",
"sense": "come out",
"norm": "ittaṣaʾ",
"pos": "V",
"epos": "V"}
}
,
{
"node": "l",
"frag": "[x",
"id": "P238668.l034e4",
"ref": "P238668.6.5",
"inst": "u",
"f": {"lang": "akk-x-neobab",
"form": "x",
"pos": "u"}
}
,
{
"node": "l",
"frag": "x",
"id": "P238668.l034e5",
"ref": "P238668.6.6",
"inst": "u",
"f": {"lang": "akk-x-neobab",
"form": "x",
"pos": "u"}
}
,
{
"node": "l",
"frag": "x",
"id": "P238668.l034e6",
"ref": "P238668.6.7",
"inst": "u",
"f": {"lang": "akk-x-neobab",
"form": "x",
"pos": "u"}
}
,
{
"node": "l",
"frag": "x]",
"id": "P238668.l034e7",
"ref": "P238668.6.8",
"inst": "u",
"f": {"lang": "akk-x-neobab",
"form": "x",
"pos": "u"}
}
,
{
"node": "d",
"type": "line-start",
"ref": "P238668.7",
"n": "5'",
"label": "o 5'"}
,
{
"node": "l",
"frag": "[x",
"id": "P238668.l034e8",
"ref": "P238668.7.1",
"inst": "u",
"f": {"lang": "akk-x-neobab",
"form": "x",
"pos": "u"}
}
,
{
"node": "l",
"frag": "x",
"id": "P238668.l034e9",
"ref": "P238668.7.2",
"inst": "u",
"f": {"lang": "akk-x-neobab",
"form": "x",
"pos": "u"}
}
,
{
"node": "l",
"frag": "x]",
"id": "P238668.l034ea",
"ref": "P238668.7.3",
"inst": "u",
"f": {"lang": "akk-x-neobab",
"form": "x",
"pos": "u"}
}
,
{
"node": "l",
"frag": "{⸢lu₂⸣}qin-ni-ia₂",
"id": "P238668.l034eb",
"ref": "P238668.7.4",
"inst": "+qinnu[nest//family]N'N$qinnīya",
"sig": "@saao/saa18%akk-x-neobab:{LU₂}qin-ni-ia₂=qinnu[nest//family]N'N$qinnīya",
"f": {"lang": "akk-x-neobab",
"form": "{LU₂}qin-ni-ia₂",
"cf": "qinnu",
"gw": "nest",
"sense": "family",
"norm": "qinnīya",
"pos": "N",
"epos": "N"}
}
,
{
"node": "l",
"frag": "[x",
"id": "P238668.l034ec",
"ref": "P238668.7.5",
"inst": "u",
"f": {"lang": "akk-x-neobab",
"form": "x",
"pos": "u"}
}
,
{
"node": "l",
"frag": "x",
"id": "P238668.l034ed",
"ref": "P238668.7.6",
"inst": "u",
"f": {"lang": "akk-x-neobab",
"form": "x",
"pos": "u"}
}
,
{
"node": "l",
"frag": "x",
"id": "P238668.l034ee",
"ref": "P238668.7.7",
"inst": "u",
"f": {"lang": "akk-x-neobab",
"form": "x",
"pos": "u"}
}
,
{
"node": "l",
"frag": "x]",
"id": "P238668.l034ef",
"ref": "P238668.7.8",
"inst": "u",
"f": {"lang": "akk-x-neobab",
"form": "x",
"pos": "u"}
}
,
{
"node": "d",
"type": "line-start",
"ref": "P238668.8",
"n": "6'",
"label": "o 6'"}
,
{
"node": "l",
"frag": "[x",
"id": "P238668.l034f0",
"ref": "P238668.8.1",
"inst": "u",
"f": {"lang": "akk-x-neobab",
"form": "x",
"pos": "u"}
}
,
{
"node": "l",
"frag": "x",
"id": "P238668.l034f1",
"ref": "P238668.8.2",
"inst": "u",
"f": {"lang": "akk-x-neobab",
"form": "x",
"pos": "u"}
}
,
{
"node": "l",
"frag": "x]-⸢ša₂⸣",
"id": "P238668.l034f2",
"ref": "P238668.8.3",
"inst": "u",
"f": {"lang": "akk-x-neobab",
"form": "x-ša₂",
"pos": "u"}
}
,
{
"node": "l",
"frag": "ša₂",
"id": "P238668.l034f3",
"ref": "P238668.8.4",
"inst": "ša[who]REL",
"sig": "@saao/saa18%akk-x-neobab:ša₂=ša[that//who]REL'REL$ša",
"f": {"lang": "akk-x-neobab",
"form": "ša₂",
"cf": "ša",
"gw": "that",
"sense": "who",
"norm": "ša",
"pos": "REL",
"epos": "REL"}
}
,
{
"node": "l",
"frag": "am-ru",
"id": "P238668.l034f4",
"ref": "P238668.8.5",
"inst": "amru[devoted]AJ",
"sig": "@saao/saa18%akk-x-neobab:am-ru=amru[seen//devoted]AJ'AJ$amru",
"f": {"lang": "akk-x-neobab",
"form": "am-ru",
"cf": "amru",
"gw": "seen",
"sense": "devoted",
"norm": "amru",
"pos": "AJ",
"epos": "AJ"}
}
,
{
"node": "l",
"frag": "⸢x⸣+[x",
"id": "P238668.l034f5",
"ref": "P238668.8.6",
"inst": "u",
"f": {"lang": "akk-x-neobab",
"form": "x+x",
"pos": "u"}
}
,
{
"node": "l",
"frag": "x",
"id": "P238668.l034f6",
"ref": "P238668.8.7",
"inst": "u",
"f": {"lang": "akk-x-neobab",
"form": "x",
"pos": "u"}
}
,
{
"node": "l",
"frag": "x",
"id": "P238668.l034f7",
"ref": "P238668.8.8",
"inst": "u",
"f": {"lang": "akk-x-neobab",
"form": "x",
"pos": "u"}
}
,
{
"node": "l",
"frag": "x]",
"id": "P238668.l034f8",
"ref": "P238668.8.9",
"inst": "u",
"f": {"lang": "akk-x-neobab",
"form": "x",
"pos": "u"}
}
,
{
"node": "d",
"type": "line-start",
"ref": "P238668.9",
"n": "7'",
"label": "o 7'"}
,
{
"node": "l",
"frag": "[x",
"id": "P238668.l034f9",
"ref": "P238668.9.1",
"inst": "u",
"f": {"lang": "akk-x-neobab",
"form": "x",
"pos": "u"}
}
,
{
"node": "l",
"frag": "x",
"id": "P238668.l034fa",
"ref": "P238668.9.2",
"inst": "u",
"f": {"lang": "akk-x-neobab",
"form": "x",
"pos": "u"}
}
,
{
"node": "l",
"frag": "x",
"id": "P238668.l034fb",
"ref": "P238668.9.3",
"inst": "u",
"f": {"lang": "akk-x-neobab",
"form": "x",
"pos": "u"}
}
,
{
"node": "l",
"frag": "x",
"id": "P238668.l034fc",
"ref": "P238668.9.4",
"inst": "u",
"f": {"lang": "akk-x-neobab",
"form": "x",
"pos": "u"}
}
,
{
"node": "l",
"frag": "x]+⸢x-ma",
"id": "P238668.l034fd",
"ref": "P238668.9.5",
"inst": "u",
"f": {"lang": "akk-x-neobab",
"form": "x+x-ma",
"pos": "u"}
}
,
{
"node": "l",
"frag": "LUGAL⸣",
"id": "P238668.l034fe",
"ref": "P238668.9.6",
"inst": "šarru[king]N",
"sig": "@saao/saa18%akk-x-neobab:LUGAL=šarru[king//king]N'N$šarru",
"f": {"lang": "akk-x-neobab",
"form": "LUGAL",
"cf": "šarru",
"gw": "king",
"sense": "king",
"norm": "šarru",
"pos": "N",
"epos": "N"}
}
,
{
"node": "l",
"frag": "[x",
"id": "P238668.l034ff",
"ref": "P238668.9.7",
"inst": "u",
"f": {"lang": "akk-x-neobab",
"form": "x",
"pos": "u"}
}
,
{
"node": "l",
"frag": "x",
"id": "P238668.l03500",
"ref": "P238668.9.8",
"inst": "u",
"f": {"lang": "akk-x-neobab",
"form": "x",
"pos": "u"}
}
,
{
"node": "l",
"frag": "x",
"id": "P238668.l03501",
"ref": "P238668.9.9",
"inst": "u",
"f": {"lang": "akk-x-neobab",
"form": "x",
"pos": "u"}
}
,
{
"node": "l",
"frag": "x]",
"id": "P238668.l03502",
"ref": "P238668.9.10",
"inst": "u",
"f": {"lang": "akk-x-neobab",
"form": "x",
"pos": "u"}
}
,
{
"node": "d",
"type": "nonx",
"ref": "P238668.10",
"strict": "0",
"extent": "rest",
"state": "missing"}
,
{
"node": "d",
"subtype": "reverse",
"type": "surface",
"ref": "P238668.r.11",
"type": "reverse",
"label": "r"}
,
{
"node": "d",
"type": "line-start",
"ref": "P238668.12",
"n": "1",
"label": "r 1"}
,
{
"node": "l",
"frag": "[x",
"id": "P238668.l03503",
"ref": "P238668.12.1",
"inst": "u",
"f": {"lang": "akk-x-neobab",
"form": "x",
"pos": "u"}
}
,
{
"node": "l",
"frag": "x]",
"id": "P238668.l03504",
"ref": "P238668.12.2",
"inst": "u",
"f": {"lang": "akk-x-neobab",
"form": "x",
"pos": "u"}
}
,
{
"node": "l",
"frag": "⸢LUGAL⸣",
"id": "P238668.l03505",
"ref": "P238668.12.3",
"inst": "šarru[king]N",
"sig": "@saao/saa18%akk-x-neobab:LUGAL=šarru[king//king]N'N$šarru",
"f": {"lang": "akk-x-neobab",
"form": "LUGAL",
"cf": "šarru",
"gw": "king",
"sense": "king",
"norm": "šarru",
"pos": "N",
"epos": "N"}
}
,
{
"node": "l",
"frag": "a-na",
"id": "P238668.l03506",
"ref": "P238668.12.4",
"inst": "ana[for]PRP",
"sig": "@saao/saa18%akk-x-neobab:a-na=ana[to//for]PRP'PRP$ana",
"f": {"lang": "akk-x-neobab",
"form": "a-na",
"cf": "ana",
"gw": "to",
"sense": "for",
"norm": "ana",
"pos": "PRP",
"epos": "PRP"}
}
,
{
"node": "l",
"frag": "ar-⸢ra⸣-[ka-a-ti]",
"id": "P238668.l03507",
"ref": "P238668.12.5",
"inst": "+arkītu[posterity//future]N'N$arrakāti",
"sig": "@saao/saa18%akk-x-neobab:ar-ra-ka-a-ti=arkītu[posterity//future]N'N$arrakāti",
"f": {"lang": "akk-x-neobab",
"form": "ar-ra-ka-a-ti",
"cf": "arkītu",
"gw": "posterity",
"sense": "future",
"norm": "arrakāti",
"pos": "N",
"epos": "N"}
}
,
{
"node": "d",
"type": "line-start",
"ref": "P238668.13",
"n": "2",
"label": "r 2"}
,
{
"node": "l",
"frag": "{[lu₂}x",
"id": "P238668.l03508",
"ref": "P238668.13.1",
"inst": "u",
"f": {"lang": "akk-x-neobab",
"form": "{LU₂}x",
"pos": "u"}
}
,
{
"node": "l",
"frag": "x]{ki}MEŠ",
"id": "P238668.l03509",
"ref": "P238668.13.2",
"inst": "u",
"f": {"lang": "akk-x-neobab",
"form": "x{KI}-MEŠ",
"pos": "u"}
}
,
{
"node": "l",
"frag": "gab-bi",
"id": "P238668.l0350a",
"ref": "P238668.13.3",
"inst": "gabbi[all]N",
"sig": "@saao/saa18%akk-x-neobab:gab-bi=gabbu[totality//all]N'N$gabbi",
"f": {"lang": "akk-x-neobab",
"form": "gab-bi",
"cf": "gabbu",
"gw": "totality",
"sense": "all",
"norm": "gabbi",
"pos": "N",
"epos": "N"}
}
,
{
"node": "l",
"frag": "⸢x⸣+[x",
"id": "P238668.l0350b",
"ref": "P238668.13.4",
"inst": "u",
"f": {"lang": "akk-x-neobab",
"form": "x+x",
"pos": "u"}
}
,
{
"node": "l",
"frag": "x",
"id": "P238668.l0350c",
"ref": "P238668.13.5",
"inst": "u",
"f": {"lang": "akk-x-neobab",
"form": "x",
"pos": "u"}
}
,
{
"node": "l",
"frag": "x",
"id": "P238668.l0350d",
"ref": "P238668.13.6",
"inst": "u",
"f": {"lang": "akk-x-neobab",
"form": "x",
"pos": "u"}
}
,
{
"node": "l",
"frag": "x]",
"id": "P238668.l0350e",
"ref": "P238668.13.7",
"inst": "u",
"f": {"lang": "akk-x-neobab",
"form": "x",
"pos": "u"}
}
,
{
"node": "d",
"type": "line-start",
"ref": "P238668.14",
"n": "3",
"label": "r 3"}
,
{
"node": "l",
"frag": "[x",
"id": "P238668.l0350f",
"ref": "P238668.14.1",
"inst": "u",
"f": {"lang": "akk-x-neobab",
"form": "x",
"pos": "u"}
}
,
{
"node": "l",
"frag": "x",
"id": "P238668.l03510",
"ref": "P238668.14.2",
"inst": "u",
"f": {"lang": "akk-x-neobab",
"form": "x",
"pos": "u"}
}
,
{
"node": "l",
"frag": "x]+⸢x⸣-ni",
"id": "P238668.l03511",
"ref": "P238668.14.3",
"inst": "u",
"f": {"lang": "akk-x-neobab",
"form": "x+x-ni",
"pos": "u"}
}
,
{
"node": "l",
"frag": "DUMU-LUGAL",
"id": "P238668.l03512",
"ref": "P238668.14.4",
"cof-tails": "P238668.l03513",
"inst": "mār[son]N&šarri[king]N",
"sig": "@saao/saa18%akk-x-neobab:DUMU-LUGAL=māru[son//son]N'N$mār&&@saao/saa18%akk-x-neobab:=šarru[king//king]N'N$šarri",
"f": {"lang": "akk-x-neobab",
"form": "DUMU-LUGAL",
"cf": "māru",
"gw": "son",
"sense": "son",
"norm": "mār",
"pos": "N",
"epos": "N"}
}
,
{
"node": "l",
"frag": "DUMU-LUGAL",
"id": "P238668.l03513",
"ref": "P238668.14.4",
"cof-head": "P238668.l03512",
"inst": "mār[son]N&šarri[king]N",
"f": {"lang": "akk-x-neobab",
"form": "DUMU-LUGAL",
"cf": "šarru",
"gw": "king",
"sense": "king",
"norm": "šarri",
"pos": "N",
"epos": "N"}
}
,
{
"node": "l",
"frag": "i-dak-[šu₂-nu-ti]",
"id": "P238668.l03514",
"ref": "P238668.14.5",
"inst": "+dâku[kill]V$idâkšunūti",
"sig": "@saao/saa18%akk-x-neobab:i-dak-šu₂-nu-ti=dâku[kill//kill]V'V$idâkšunūti",
"f": {"lang": "akk-x-neobab",
"form": "i-dak-šu₂-nu-ti",
"cf": "dâku",
"gw": "kill",
"sense": "kill",
"norm": "idâkšunūti",
"pos": "V",
"epos": "V"}
}
,
{
"node": "d",
"type": "line-start",
"ref": "P238668.15",
"n": "4",
"label": "r 4"}
,
{
"node": "l",
"frag": "[x",
"id": "P238668.l03515",
"ref": "P238668.15.1",
"inst": "u",
"f": {"lang": "akk-x-neobab",
"form": "x",
"pos": "u"}
}
,
{
"node": "l",
"frag": "x",
"id": "P238668.l03516",
"ref": "P238668.15.2",
"inst": "u",
"f": {"lang": "akk-x-neobab",
"form": "x",
"pos": "u"}
}
,
{
"node": "l",
"frag": "x]",
"id": "P238668.l03517",
"ref": "P238668.15.3",
"inst": "u",
"f": {"lang": "akk-x-neobab",
"form": "x",
"pos": "u"}
}
,
{
"node": "l",
"frag": "⸢a⸣-hu-uz-ma",
"id": "P238668.l03518",
"ref": "P238668.15.4",
"inst": "+ahāzu[take//learn]V'V$āhuzma",
"sig": "@saao/saa18%akk-x-neobab:a-hu-uz-ma=ahāzu[take//learn]V'V$āhuzma",
"f": {"lang": "akk-x-neobab",
"form": "a-hu-uz-ma",
"cf": "ahāzu",
"gw": "take",
"sense": "learn",
"norm": "āhuzma",
"pos": "V",
"epos": "V"}
}
,
{
"node": "l",
"frag": "⸢uš⸣-[x",
"id": "P238668.l03519",
"ref": "P238668.15.5",
"inst": "u",
"f": {"lang": "akk-x-neobab",
"form": "uš-x",
"pos": "u"}
}
,
{
"node": "l",
"frag": "x",
"id": "P238668.l0351a",
"ref": "P238668.15.6",
"inst": "u",
"f": {"lang": "akk-x-neobab",
"form": "x",
"pos": "u"}
}
,
{
"node": "l",
"frag": "x]",
"id": "P238668.l0351b",
"ref": "P238668.15.7",
"inst": "u",
"f": {"lang": "akk-x-neobab",
"form": "x",
"pos": "u"}
}
,
{
"node": "d",
"type": "line-start",
"ref": "P238668.16",
"n": "5",
"label": "r 5"}
,
{
"node": "l",
"frag": "[x",
"id": "P238668.l0351c",
"ref": "P238668.16.1",
"inst": "u",
"f": {"lang": "akk-x-neobab",
"form": "x",
"pos": "u"}
}
,
{
"node": "l",
"frag": "x",
"id": "P238668.l0351d",
"ref": "P238668.16.2",
"inst": "u",
"f": {"lang": "akk-x-neobab",
"form": "x",
"pos": "u"}
}
,
{
"node": "l",
"frag": "x]",
"id": "P238668.l0351e",
"ref": "P238668.16.3",
"inst": "u",
"f": {"lang": "akk-x-neobab",
"form": "x",
"pos": "u"}
}
,
{
"node": "l",
"frag": "⸢i⸣-du-u₂",
"id": "P238668.l0351f",
"ref": "P238668.16.4",
"inst": "īdû[know]V",
"sig": "@saao/saa18%akk-x-neobab:i-du-u₂=wadû[know//know]V'V$īdû",
"f": {"lang": "akk-x-neobab",
"form": "i-du-u₂",
"cf": "wadû",
"gw": "know",
"sense": "know",
"norm": "īdû",
"pos": "V",
"epos": "V"}
}
,
{
"node": "l",
"frag": "ki-i",
"id": "P238668.l03520",
"ref": "P238668.16.5",
"inst": "kî[that]'SBJ",
"sig": "@saao/saa18%akk-x-neobab:ki-i=kī[like//that]PRP'SBJ$kî",
"f": {"lang": "akk-x-neobab",
"form": "ki-i",
"cf": "kī",
"gw": "like",
"sense": "that",
"norm": "kî",
"pos": "PRP",
"epos": "SBJ"}
}
,
{
"node": "l",
"frag": "[x",
"id": "P238668.l03521",
"ref": "P238668.16.6",
"inst": "u",
"f": {"lang": "akk-x-neobab",
"form": "x",
"pos": "u"}
}
,
{
"node": "l",
"frag": "x",
"id": "P238668.l03522",
"ref": "P238668.16.7",
"inst": "u",
"f": {"lang": "akk-x-neobab",
"form": "x",
"pos": "u"}
}
,
{
"node": "l",
"frag": "x",
"id": "P238668.l03523",
"ref": "P238668.16.8",
"inst": "u",
"f": {"lang": "akk-x-neobab",
"form": "x",
"pos": "u"}
}
,
{
"node": "l",
"frag": "x]",
"id": "P238668.l03524",
"ref": "P238668.16.9",
"inst": "u",
"f": {"lang": "akk-x-neobab",
"form": "x",
"pos": "u"}
}
,
{
"node": "d",
"type": "line-start",
"ref": "P238668.17",
"n": "6",
"label": "r 6"}
,
{
"node": "l",
"frag": "[x",
"id": "P238668.l03525",
"ref": "P238668.17.1",
"inst": "u",
"f": {"lang": "akk-x-neobab",
"form": "x",
"pos": "u"}
}
,
{
"node": "l",
"frag": "x",
"id": "P238668.l03526",
"ref": "P238668.17.2",
"inst": "u",
"f": {"lang": "akk-x-neobab",
"form": "x",
"pos": "u"}
}
,
{
"node": "l",
"frag": "x]",
"id": "P238668.l03527",
"ref": "P238668.17.3",
"inst": "u",
"f": {"lang": "akk-x-neobab",
"form": "x",
"pos": "u"}
}
,
{
"node": "l",
"frag": "⸢ta-tur",
"id": "P238668.l03528",
"ref": "P238668.17.4",
"inst": "+târu[turn//return]V'V$tattūr",
"sig": "@saao/saa18%akk-x-neobab:ta-tur=târu[turn//return]V'V$tattūr",
"f": {"lang": "akk-x-neobab",
"form": "ta-tur",
"cf": "târu",
"gw": "turn",
"sense": "return",
"norm": "tattūr",
"pos": "V",
"epos": "V"}
}
,
{
"node": "l",
"frag": "{d⸣}[x",
"id": "P238668.l03529",
"ref": "P238668.17.5",
"inst": "u",
"f": {"lang": "akk-x-neobab",
"form": "{d}x",
"pos": "u"}
}
,
{
"node": "l",
"frag": "x",
"id": "P238668.l0352a",
"ref": "P238668.17.6",
"inst": "u",
"f": {"lang": "akk-x-neobab",
"form": "x",
"pos": "u"}
}
,
{
"node": "l",
"frag": "x",
"id": "P238668.l0352b",
"ref": "P238668.17.7",
"inst": "u",
"f": {"lang": "akk-x-neobab",
"form": "x",
"pos": "u"}
}
,
{
"node": "l",
"frag": "x",
"id": "P238668.l0352c",
"ref": "P238668.17.8",
"inst": "u",
"f": {"lang": "akk-x-neobab",
"form": "x",
"pos": "u"}
}
,
{
"node": "l",
"frag": "x]",
"id": "P238668.l0352d",
"ref": "P238668.17.9",
"inst": "u",
"f": {"lang": "akk-x-neobab",
"form": "x",
"pos": "u"}
}
,
{
"node": "d",
"type": "line-start",
"ref": "P238668.18",
"n": "7",
"label": "r 7"}
,
{
"node": "l",
"frag": "[x",
"id": "P238668.l0352e",
"ref": "P238668.18.1",
"inst": "u",
"f": {"lang": "akk-x-neobab",
"form": "x",
"pos": "u"}
}
,
{
"node": "l",
"frag": "x",
"id": "P238668.l0352f",
"ref": "P238668.18.2",
"inst": "u",
"f": {"lang": "akk-x-neobab",
"form": "x",
"pos": "u"}
}
,
{
"node": "l",
"frag": "x]",
"id": "P238668.l03530",
"ref": "P238668.18.3",
"inst": "u",
"f": {"lang": "akk-x-neobab",
"form": "x",
"pos": "u"}
}
,
{
"node": "l",
"frag": "⸢x⸣",
"id": "P238668.l03531",
"ref": "P238668.18.4",
"inst": "u",
"f": {"lang": "akk-x-neobab",
"form": "x",
"pos": "u"}
}
,
{
"node": "l",
"frag": "[x",
"id": "P238668.l03532",
"ref": "P238668.18.5",
"inst": "u",
"f": {"lang": "akk-x-neobab",
"form": "x",
"pos": "u"}
}
,
{
"node": "l",
"frag": "x",
"id": "P238668.l03533",
"ref": "P238668.18.6",
"inst": "u",
"f": {"lang": "akk-x-neobab",
"form": "x",
"pos": "u"}
}
,
{
"node": "l",
"frag": "x",
"id": "P238668.l03534",
"ref": "P238668.18.7",
"inst": "u",
"f": {"lang": "akk-x-neobab",
"form": "x",
"pos": "u"}
}
,
{
"node": "l",
"frag": "x",
"id": "P238668.l03535",
"ref": "P238668.18.8",
"inst": "u",
"f": {"lang": "akk-x-neobab",
"form": "x",
"pos": "u"}
}
,
{
"node": "l",
"frag": "x",
"id": "P238668.l03536",
"ref": "P238668.18.9",
"inst": "u",
"f": {"lang": "akk-x-neobab",
"form": "x",
"pos": "u"}
}
,
{
"node": "l",
"frag": "x",
"id": "P238668.l03537",
"ref": "P238668.18.10",
"inst": "u",
"f": {"lang": "akk-x-neobab",
"form": "x",
"pos": "u"}
}
,
{
"node": "l",
"frag": "x]",
"id": "P238668.l03538",
"ref": "P238668.18.11",
"inst": "u",
"f": {"lang": "akk-x-neobab",
"form": "x",
"pos": "u"}
}
,
{
"node": "d",
"type": "nonx",
"ref": "P238668.19",
"strict": "0",
"extent": "rest",
"state": "missing"}
]}
]}
]}
]}
