{
"type": "cdl",
  "source": "http://oracc.org/saao/saa18",
  "license": "This data is released under the CC0 license",
  "license-url": "https://creativecommons.org/publicdomain/zero/1.0/",
  "more-info": "http://oracc.org/doc/opendata/",
  "UTC-timestamp": "2017-05-19T12:01:06",
"project": "saao/saa18",
"textid": "P238646",
"cdl": [
{
"node": "c",
"type": "text",
"id": "P238646.U0",
"cdl": [
{
"node": "d",
"type": "object",
"ref": ""}
,
{
"node": "d",
"type": "surface",
"ref": ""}
,
{
"node": "d",
"type": "nonx",
"ref": "P238646.1",
"strict": "0",
"extent": "n",
"scope": "line",
"state": "missing"}
,
{
"node": "c",
"type": "discourse",
"subtype": "body",
"id": "P238646.U1",
"cdl": [
{
"node": "c",
"type": "sentence",
"id": "P238646.U2",
"label": "1' - r.e. 25",
"cdl": [
{
"node": "d",
"type": "line-start",
"ref": "P238646.2",
"n": "1'",
"label": "1'"}
,
{
"node": "l",
"frag": "[x",
"id": "P238646.l00356",
"ref": "P238646.2.1",
"inst": "u",
"f": {"lang": "akk-x-neobab",
"form": "x",
"pos": "u"}
}
,
{
"node": "l",
"frag": "x",
"id": "P238646.l00357",
"ref": "P238646.2.2",
"inst": "u",
"f": {"lang": "akk-x-neobab",
"form": "x",
"pos": "u"}
}
,
{
"node": "l",
"frag": "x",
"id": "P238646.l00358",
"ref": "P238646.2.3",
"inst": "u",
"f": {"lang": "akk-x-neobab",
"form": "x",
"pos": "u"}
}
,
{
"node": "l",
"frag": "x",
"id": "P238646.l00359",
"ref": "P238646.2.4",
"inst": "u",
"f": {"lang": "akk-x-neobab",
"form": "x",
"pos": "u"}
}
,
{
"node": "l",
"frag": "x",
"id": "P238646.l0035a",
"ref": "P238646.2.5",
"inst": "u",
"f": {"lang": "akk-x-neobab",
"form": "x",
"pos": "u"}
}
,
{
"node": "l",
"frag": "x",
"id": "P238646.l0035b",
"ref": "P238646.2.6",
"inst": "u",
"f": {"lang": "akk-x-neobab",
"form": "x",
"pos": "u"}
}
,
{
"node": "l",
"frag": "x]+⸢x",
"id": "P238646.l0035c",
"ref": "P238646.2.7",
"inst": "u",
"f": {"lang": "akk-x-neobab",
"form": "x+x",
"pos": "u"}
}
,
{
"node": "l",
"frag": "x⸣+[x",
"id": "P238646.l0035d",
"ref": "P238646.2.8",
"inst": "u",
"f": {"lang": "akk-x-neobab",
"form": "x+x",
"pos": "u"}
}
,
{
"node": "l",
"frag": "x]",
"id": "P238646.l0035e",
"ref": "P238646.2.9",
"inst": "u",
"f": {"lang": "akk-x-neobab",
"form": "x",
"pos": "u"}
}
,
{
"node": "d",
"type": "line-start",
"ref": "P238646.3",
"n": "2'",
"label": "2'"}
,
{
"node": "l",
"frag": "⸢DINGIR⸣-[MEŠ",
"id": "P238646.l0035f",
"ref": "P238646.3.1",
"inst": "ilāni[god]N",
"sig": "@saao/saa18%akk-x-neobab:DINGIR-MEŠ=ilu[god//god]N'N$ilāni",
"f": {"lang": "akk-x-neobab",
"form": "DINGIR-MEŠ",
"cf": "ilu",
"gw": "god",
"sense": "god",
"norm": "ilāni",
"pos": "N",
"epos": "N"}
}
,
{
"node": "l",
"frag": "ša₂",
"id": "P238646.l00360",
"ref": "P238646.3.2",
"inst": "ša[of]DET",
"sig": "@saao/saa18%akk-x-neobab:ša₂=ša[of//of]DET'DET$ša",
"f": {"lang": "akk-x-neobab",
"form": "ša₂",
"cf": "ša",
"gw": "of",
"sense": "of",
"norm": "ša",
"pos": "DET",
"epos": "DET"}
}
,
{
"node": "l",
"frag": "A.GA].⸢DE₃⸣{ki}",
"id": "P238646.l00361",
"ref": "P238646.3.3",
"inst": "Akkad[1]GN",
"sig": "@saao/saa18%akk-x-neobab:A.GA.DE₃{KI}=Akkad[1//1]GN'GN$Akkad",
"f": {"lang": "akk-x-neobab",
"form": "A.GA.DE₃{KI}",
"cf": "Akkad",
"gw": "1",
"sense": "1",
"norm": "Akkad",
"pos": "GN",
"epos": "GN"}
}
,
{
"node": "l",
"frag": "ka-⸢li-šu₂-nu⸣",
"id": "P238646.l00362",
"ref": "P238646.3.4",
"inst": "+kalû[totality//all]N'N$kalīšunu",
"sig": "@saao/saa18%akk-x-neobab:ka-li-šu₂-nu=kalû[totality//all]N'N$kalīšunu",
"f": {"lang": "akk-x-neobab",
"form": "ka-li-šu₂-nu",
"cf": "kalû",
"gw": "totality",
"sense": "all",
"norm": "kalīšunu",
"pos": "N",
"epos": "N"}
}
,
{
"node": "d",
"type": "line-start",
"ref": "P238646.4",
"n": "3'",
"label": "3'"}
,
{
"node": "l",
"frag": "a-[x",
"id": "P238646.l00363",
"ref": "P238646.4.1",
"inst": "u",
"f": {"lang": "akk-x-neobab",
"form": "a-x",
"pos": "u"}
}
,
{
"node": "l",
"frag": "x",
"id": "P238646.l00364",
"ref": "P238646.4.2",
"inst": "u",
"f": {"lang": "akk-x-neobab",
"form": "x",
"pos": "u"}
}
,
{
"node": "l",
"frag": "x",
"id": "P238646.l00365",
"ref": "P238646.4.3",
"inst": "u",
"f": {"lang": "akk-x-neobab",
"form": "x",
"pos": "u"}
}
,
{
"node": "l",
"frag": "ṭu]-⸢ub⸣",
"id": "P238646.l00366",
"ref": "P238646.4.4",
"inst": "ṭūb[goodness]N",
"sig": "@saao/saa18%akk-x-neobab:ṭu-ub=ṭūbu[goodness//goodness]N'N$ṭūb",
"f": {"lang": "akk-x-neobab",
"form": "ṭu-ub",
"cf": "ṭūbu",
"gw": "goodness",
"sense": "goodness",
"norm": "ṭūb",
"pos": "N",
"epos": "N"}
}
,
{
"node": "l",
"frag": "UZU",
"id": "P238646.l00367",
"ref": "P238646.4.5",
"inst": "šīri[flesh]N",
"sig": "@saao/saa18%akk-x-neobab:UZU=šīru[flesh//flesh]N'N$šīri",
"f": {"lang": "akk-x-neobab",
"form": "UZU",
"cf": "šīru",
"gw": "flesh",
"sense": "flesh",
"norm": "šīri",
"pos": "N",
"epos": "N"}
}
,
{
"node": "l",
"frag": "hu-ud",
"id": "P238646.l00368",
"ref": "P238646.4.6",
"inst": "hūd[happiness]N",
"sig": "@saao/saa18%akk-x-neobab:hu-ud=hūdu[happiness//happiness]N'N$hūd",
"f": {"lang": "akk-x-neobab",
"form": "hu-ud",
"cf": "hūdu",
"gw": "happiness",
"sense": "happiness",
"norm": "hūd",
"pos": "N",
"epos": "N"}
}
,
{
"node": "l",
"frag": "ŠA₃-bi",
"id": "P238646.l00369",
"ref": "P238646.4.7",
"inst": "libbi[heart]N",
"sig": "@saao/saa18%akk-x-neobab:ŠA₃-bi=libbu[interior//heart]N'N$libbi",
"f": {"lang": "akk-x-neobab",
"form": "ŠA₃-bi",
"cf": "libbu",
"gw": "interior",
"sense": "heart",
"norm": "libbi",
"pos": "N",
"epos": "N"}
}
,
{
"node": "d",
"type": "line-start",
"ref": "P238646.5",
"n": "4'",
"label": "4'"}
,
{
"node": "l",
"frag": "⸢x⸣",
"id": "P238646.l0036a",
"ref": "P238646.5.1",
"inst": "u",
"f": {"lang": "akk-x-neobab",
"form": "x",
"pos": "u"}
}
,
{
"node": "l",
"frag": "[x",
"id": "P238646.l0036b",
"ref": "P238646.5.2",
"inst": "u",
"f": {"lang": "akk-x-neobab",
"form": "x",
"pos": "u"}
}
,
{
"node": "l",
"frag": "x",
"id": "P238646.l0036c",
"ref": "P238646.5.3",
"inst": "u",
"f": {"lang": "akk-x-neobab",
"form": "x",
"pos": "u"}
}
,
{
"node": "l",
"frag": "a-na]",
"id": "P238646.l0036d",
"ref": "P238646.5.4",
"inst": "ana[to]PRP",
"sig": "@saao/saa18%akk-x-neobab:a-na=ana[to//to]PRP'PRP$ana",
"f": {"lang": "akk-x-neobab",
"form": "a-na",
"cf": "ana",
"gw": "to",
"sense": "to",
"norm": "ana",
"pos": "PRP",
"epos": "PRP"}
}
,
{
"node": "l",
"frag": "LUGAL",
"id": "P238646.l0036e",
"ref": "P238646.5.5",
"inst": "šarri[king]N",
"sig": "@saao/saa18%akk-x-neobab:LUGAL=šarru[king//king]N'N$šarri",
"f": {"lang": "akk-x-neobab",
"form": "LUGAL",
"cf": "šarru",
"gw": "king",
"sense": "king",
"norm": "šarri",
"pos": "N",
"epos": "N"}
}
,
{
"node": "l",
"frag": "be-li₂-ia",
"id": "P238646.l0036f",
"ref": "P238646.5.6",
"inst": "bēlīya[lord]N",
"sig": "@saao/saa18%akk-x-neobab:be-li₂-ia=bēlu[lord//lord]N'N$bēlīya",
"f": {"lang": "akk-x-neobab",
"form": "be-li₂-ia",
"cf": "bēlu",
"gw": "lord",
"sense": "lord",
"norm": "bēlīya",
"pos": "N",
"epos": "N"}
}
,
{
"node": "d",
"type": "line-start",
"ref": "P238646.6",
"n": "5'",
"label": "5'"}
,
{
"node": "l",
"frag": "[x",
"id": "P238646.l00370",
"ref": "P238646.6.1",
"inst": "u",
"f": {"lang": "akk-x-neobab",
"form": "x",
"pos": "u"}
}
,
{
"node": "l",
"frag": "x",
"id": "P238646.l00371",
"ref": "P238646.6.2",
"inst": "u",
"f": {"lang": "akk-x-neobab",
"form": "x",
"pos": "u"}
}
,
{
"node": "l",
"frag": "{d}GAŠAN",
"id": "P238646.l00372",
"ref": "P238646.6.3",
"inst": "Belet[1]DN",
"sig": "@saao/saa18%akk-x-neobab:{d}GAŠAN=Belet[1//1]DN'DN$Belet",
"f": {"lang": "akk-x-neobab",
"form": "{d}GAŠAN",
"cf": "Belet",
"gw": "1",
"sense": "1",
"norm": "Belet",
"pos": "DN",
"epos": "DN"}
}
,
{
"node": "l",
"frag": "ša₂",
"id": "P238646.l00373",
"ref": "P238646.6.4",
"inst": "ša[of]DET",
"sig": "@saao/saa18%akk-x-neobab:ša₂=ša[of//of]DET'DET$ša",
"f": {"lang": "akk-x-neobab",
"form": "ša₂",
"cf": "ša",
"gw": "of",
"sense": "of",
"norm": "ša",
"pos": "DET",
"epos": "DET"}
}
,
{
"node": "l",
"frag": "A.GA].⸢DE₃⸣{ki}",
"id": "P238646.l00374",
"ref": "P238646.6.5",
"inst": "Akkad[1]GN",
"sig": "@saao/saa18%akk-x-neobab:A.GA.DE₃{KI}=Akkad[1//1]GN'GN$Akkad",
"f": {"lang": "akk-x-neobab",
"form": "A.GA.DE₃{KI}",
"cf": "Akkad",
"gw": "1",
"sense": "1",
"norm": "Akkad",
"pos": "GN",
"epos": "GN"}
}
,
{
"node": "l",
"frag": "u",
"id": "P238646.l00375",
"ref": "P238646.6.6",
"inst": "u[and]CNJ",
"sig": "@saao/saa18%akk-x-neobab:u=u[and//and]CNJ'CNJ$u",
"f": {"lang": "akk-x-neobab",
"form": "u",
"cf": "u",
"gw": "and",
"sense": "and",
"norm": "u",
"pos": "CNJ",
"epos": "CNJ"}
}
,
{
"node": "l",
"frag": "DINGIR-⸢MEŠ⸣",
"id": "P238646.l00376",
"ref": "P238646.6.7",
"inst": "ilāni[god]N",
"sig": "@saao/saa18%akk-x-neobab:DINGIR-MEŠ=ilu[god//god]N'N$ilāni",
"f": {"lang": "akk-x-neobab",
"form": "DINGIR-MEŠ",
"cf": "ilu",
"gw": "god",
"sense": "god",
"norm": "ilāni",
"pos": "N",
"epos": "N"}
}
,
{
"node": "d",
"type": "line-start",
"ref": "P238646.7",
"n": "6'",
"label": "6'"}
,
{
"node": "l",
"frag": "[x",
"id": "P238646.l00377",
"ref": "P238646.7.1",
"inst": "u",
"f": {"lang": "akk-x-neobab",
"form": "x",
"pos": "u"}
}
,
{
"node": "l",
"frag": "x",
"id": "P238646.l00378",
"ref": "P238646.7.2",
"inst": "u",
"f": {"lang": "akk-x-neobab",
"form": "x",
"pos": "u"}
}
,
{
"node": "l",
"frag": "x",
"id": "P238646.l00379",
"ref": "P238646.7.3",
"inst": "u",
"f": {"lang": "akk-x-neobab",
"form": "x",
"pos": "u"}
}
,
{
"node": "l",
"frag": "x",
"id": "P238646.l0037a",
"ref": "P238646.7.4",
"inst": "u",
"f": {"lang": "akk-x-neobab",
"form": "x",
"pos": "u"}
}
,
{
"node": "l",
"frag": "x",
"id": "P238646.l0037b",
"ref": "P238646.7.5",
"inst": "u",
"f": {"lang": "akk-x-neobab",
"form": "x",
"pos": "u"}
}
,
{
"node": "l",
"frag": "x]-mu",
"id": "P238646.l0037c",
"ref": "P238646.7.6",
"inst": "u",
"f": {"lang": "akk-x-neobab",
"form": "x-mu",
"pos": "u"}
}
,
{
"node": "l",
"frag": "it-⸢te⸣-[bu]-⸢u₂⸣",
"id": "P238646.l0037d",
"ref": "P238646.7.7",
"inst": "+tebû[arise//set off]V'V$ittebû",
"sig": "@saao/saa18%akk-x-neobab:it-te-bu-u₂=tebû[arise//set off]V'V$ittebû",
"f": {"lang": "akk-x-neobab",
"form": "it-te-bu-u₂",
"cf": "tebû",
"gw": "arise",
"sense": "set off",
"norm": "ittebû",
"pos": "V",
"epos": "V"}
}
,
{
"node": "d",
"type": "line-start",
"ref": "P238646.8",
"n": "7'",
"label": "7'"}
,
{
"node": "l",
"frag": "[UD-mu-us-su",
"id": "P238646.l0037e",
"ref": "P238646.8.1",
"inst": "ūmussu[daily]AV",
"sig": "@saao/saa18%akk-x-neobab:UD-mu-us-su=ūmussu[daily//daily]AV'AV$ūmussu",
"f": {"lang": "akk-x-neobab",
"form": "UD-mu-us-su",
"cf": "ūmussu",
"gw": "daily",
"sense": "daily",
"norm": "ūmussu",
"pos": "AV",
"epos": "AV"}
}
,
{
"node": "l",
"frag": "x",
"id": "P238646.l0037f",
"ref": "P238646.8.2",
"inst": "u",
"f": {"lang": "akk-x-neobab",
"form": "x",
"pos": "u"}
}
,
{
"node": "l",
"frag": "x",
"id": "P238646.l00380",
"ref": "P238646.8.3",
"inst": "u",
"f": {"lang": "akk-x-neobab",
"form": "x",
"pos": "u"}
}
,
{
"node": "l",
"frag": "x]",
"id": "P238646.l00381",
"ref": "P238646.8.4",
"inst": "u",
"f": {"lang": "akk-x-neobab",
"form": "x",
"pos": "u"}
}
,
{
"node": "l",
"frag": "a-na",
"id": "P238646.l00382",
"ref": "P238646.8.5",
"inst": "ana[for]PRP",
"sig": "@saao/saa18%akk-x-neobab:a-na=ana[to//for]PRP'PRP$ana",
"f": {"lang": "akk-x-neobab",
"form": "a-na",
"cf": "ana",
"gw": "to",
"sense": "for",
"norm": "ana",
"pos": "PRP",
"epos": "PRP"}
}
,
{
"node": "l",
"frag": "TIN",
"id": "P238646.l00383",
"ref": "P238646.8.6",
"inst": "balāṭi[life]'N",
"sig": "@saao/saa18%akk-x-neobab:TIN=balāṭu[live//life]V'N$balāṭi",
"f": {"lang": "akk-x-neobab",
"form": "TIN",
"cf": "balāṭu",
"gw": "live",
"sense": "life",
"norm": "balāṭi",
"pos": "V",
"epos": "N"}
}
,
{
"node": "l",
"frag": "[ZI]-⸢MEŠ⸣",
"id": "P238646.l00384",
"ref": "P238646.8.7",
"inst": "napšāti[life]N",
"sig": "@saao/saa18%akk-x-neobab:ZI-MEŠ=napištu[throat//life]N'N$napšāti",
"f": {"lang": "akk-x-neobab",
"form": "ZI-MEŠ",
"cf": "napištu",
"gw": "throat",
"sense": "life",
"norm": "napšāti",
"pos": "N",
"epos": "N"}
}
,
{
"node": "d",
"type": "line-start",
"ref": "P238646.9",
"n": "8'",
"label": "8'"}
,
{
"node": "l",
"frag": "[ša₂",
"id": "P238646.l00385",
"ref": "P238646.9.1",
"inst": "ša[of]DET",
"sig": "@saao/saa18%akk-x-neobab:ša₂=ša[of//of]DET'DET$ša",
"f": {"lang": "akk-x-neobab",
"form": "ša₂",
"cf": "ša",
"gw": "of",
"sense": "of",
"norm": "ša",
"pos": "DET",
"epos": "DET"}
}
,
{
"node": "l",
"frag": "LUGAL",
"id": "P238646.l00386",
"ref": "P238646.9.2",
"inst": "šarri[king]N",
"sig": "@saao/saa18%akk-x-neobab:LUGAL=šarru[king//king]N'N$šarri",
"f": {"lang": "akk-x-neobab",
"form": "LUGAL",
"cf": "šarru",
"gw": "king",
"sense": "king",
"norm": "šarri",
"pos": "N",
"epos": "N"}
}
,
{
"node": "l",
"frag": "be-li₂-ia",
"id": "P238646.l00387",
"ref": "P238646.9.3",
"inst": "bēlīya[lord]N",
"sig": "@saao/saa18%akk-x-neobab:be-li₂-ia=bēlu[lord//lord]N'N$bēlīya",
"f": {"lang": "akk-x-neobab",
"form": "be-li₂-ia",
"cf": "bēlu",
"gw": "lord",
"sense": "lord",
"norm": "bēlīya",
"pos": "N",
"epos": "N"}
}
,
{
"node": "l",
"frag": "u₂]-⸢ṣal⸣-li",
"id": "P238646.l00388",
"ref": "P238646.9.4",
"inst": "uṣalli[pray to]V",
"sig": "@saao/saa18%akk-x-neobab:u₂-ṣal-li=ṣullû[beseech//pray to]V'V$uṣalli",
"f": {"lang": "akk-x-neobab",
"form": "u₂-ṣal-li",
"cf": "ṣullû",
"gw": "beseech",
"sense": "pray to",
"norm": "uṣalli",
"pos": "V",
"epos": "V"}
}
,
{
"node": "l",
"frag": "[x",
"id": "P238646.l00389",
"ref": "P238646.9.5",
"inst": "u",
"f": {"lang": "akk-x-neobab",
"form": "x",
"pos": "u"}
}
,
{
"node": "l",
"frag": "x",
"id": "P238646.l0038a",
"ref": "P238646.9.6",
"inst": "u",
"f": {"lang": "akk-x-neobab",
"form": "x",
"pos": "u"}
}
,
{
"node": "l",
"frag": "x]",
"id": "P238646.l0038b",
"ref": "P238646.9.7",
"inst": "u",
"f": {"lang": "akk-x-neobab",
"form": "x",
"pos": "u"}
}
,
{
"node": "d",
"type": "line-start",
"ref": "P238646.10",
"n": "9'",
"label": "9'"}
,
{
"node": "l",
"frag": "[x",
"id": "P238646.l0038c",
"ref": "P238646.10.1",
"inst": "u",
"f": {"lang": "akk-x-neobab",
"form": "x",
"pos": "u"}
}
,
{
"node": "l",
"frag": "x",
"id": "P238646.l0038d",
"ref": "P238646.10.2",
"inst": "u",
"f": {"lang": "akk-x-neobab",
"form": "x",
"pos": "u"}
}
,
{
"node": "l",
"frag": "x",
"id": "P238646.l0038e",
"ref": "P238646.10.3",
"inst": "u",
"f": {"lang": "akk-x-neobab",
"form": "x",
"pos": "u"}
}
,
{
"node": "l",
"frag": "x",
"id": "P238646.l0038f",
"ref": "P238646.10.4",
"inst": "u",
"f": {"lang": "akk-x-neobab",
"form": "x",
"pos": "u"}
}
,
{
"node": "l",
"frag": "x]",
"id": "P238646.l00390",
"ref": "P238646.10.5",
"inst": "u",
"f": {"lang": "akk-x-neobab",
"form": "x",
"pos": "u"}
}
,
{
"node": "l",
"frag": "⸢ṣi-ti⸣",
"id": "P238646.l00391",
"ref": "P238646.10.6",
"inst": "u",
"f": {"lang": "akk-x-neobab",
"form": "ṣi-ti",
"pos": "u"}
}
,
{
"node": "l",
"frag": "[x",
"id": "P238646.l00392",
"ref": "P238646.10.7",
"inst": "u",
"f": {"lang": "akk-x-neobab",
"form": "x",
"pos": "u"}
}
,
{
"node": "l",
"frag": "x]",
"id": "P238646.l00393",
"ref": "P238646.10.8",
"inst": "u",
"f": {"lang": "akk-x-neobab",
"form": "x",
"pos": "u"}
}
,
{
"node": "d",
"type": "nonw",
"ref": ""}
,
{
"node": "d",
"type": "line-start",
"ref": "P238646.11",
"n": "10'",
"label": "10'"}
,
{
"node": "l",
"frag": "[x",
"id": "P238646.l00394",
"ref": "P238646.11.1",
"inst": "u",
"f": {"lang": "akk-x-neobab",
"form": "x",
"pos": "u"}
}
,
{
"node": "l",
"frag": "x",
"id": "P238646.l00395",
"ref": "P238646.11.2",
"inst": "u",
"f": {"lang": "akk-x-neobab",
"form": "x",
"pos": "u"}
}
,
{
"node": "l",
"frag": "x",
"id": "P238646.l00396",
"ref": "P238646.11.3",
"inst": "u",
"f": {"lang": "akk-x-neobab",
"form": "x",
"pos": "u"}
}
,
{
"node": "l",
"frag": "x",
"id": "P238646.l00397",
"ref": "P238646.11.4",
"inst": "u",
"f": {"lang": "akk-x-neobab",
"form": "x",
"pos": "u"}
}
,
{
"node": "l",
"frag": "x",
"id": "P238646.l00398",
"ref": "P238646.11.5",
"inst": "u",
"f": {"lang": "akk-x-neobab",
"form": "x",
"pos": "u"}
}
,
{
"node": "l",
"frag": "x]+⸢x⸣",
"id": "P238646.l00399",
"ref": "P238646.11.6",
"inst": "u",
"f": {"lang": "akk-x-neobab",
"form": "x+x",
"pos": "u"}
}
,
{
"node": "l",
"frag": "i-⸢x⸣+[x",
"id": "P238646.l0039a",
"ref": "P238646.11.7",
"inst": "u",
"f": {"lang": "akk-x-neobab",
"form": "i-x+x",
"pos": "u"}
}
,
{
"node": "l",
"frag": "x",
"id": "P238646.l0039b",
"ref": "P238646.11.8",
"inst": "u",
"f": {"lang": "akk-x-neobab",
"form": "x",
"pos": "u"}
}
,
{
"node": "l",
"frag": "x]",
"id": "P238646.l0039c",
"ref": "P238646.11.9",
"inst": "u",
"f": {"lang": "akk-x-neobab",
"form": "x",
"pos": "u"}
}
,
{
"node": "d",
"type": "line-start",
"ref": "P238646.12",
"n": "11'",
"label": "11'"}
,
{
"node": "l",
"frag": "[x",
"id": "P238646.l0039d",
"ref": "P238646.12.1",
"inst": "u",
"f": {"lang": "akk-x-neobab",
"form": "x",
"pos": "u"}
}
,
{
"node": "l",
"frag": "x",
"id": "P238646.l0039e",
"ref": "P238646.12.2",
"inst": "u",
"f": {"lang": "akk-x-neobab",
"form": "x",
"pos": "u"}
}
,
{
"node": "l",
"frag": "x",
"id": "P238646.l0039f",
"ref": "P238646.12.3",
"inst": "u",
"f": {"lang": "akk-x-neobab",
"form": "x",
"pos": "u"}
}
,
{
"node": "l",
"frag": "x",
"id": "P238646.l003a0",
"ref": "P238646.12.4",
"inst": "u",
"f": {"lang": "akk-x-neobab",
"form": "x",
"pos": "u"}
}
,
{
"node": "l",
"frag": "x",
"id": "P238646.l003a1",
"ref": "P238646.12.5",
"inst": "u",
"f": {"lang": "akk-x-neobab",
"form": "x",
"pos": "u"}
}
,
{
"node": "l",
"frag": "x]+⸢x⸣",
"id": "P238646.l003a2",
"ref": "P238646.12.6",
"inst": "u",
"f": {"lang": "akk-x-neobab",
"form": "x+x",
"pos": "u"}
}
,
{
"node": "l",
"frag": "LUGAL",
"id": "P238646.l003a3",
"ref": "P238646.12.7",
"inst": "šarru[king]N",
"sig": "@saao/saa18%akk-x-neobab:LUGAL=šarru[king//king]N'N$šarru",
"f": {"lang": "akk-x-neobab",
"form": "LUGAL",
"cf": "šarru",
"gw": "king",
"sense": "king",
"norm": "šarru",
"pos": "N",
"epos": "N"}
}
,
{
"node": "l",
"frag": "{lu₂}[qur-bu-tu₂]",
"id": "P238646.l003a4",
"ref": "P238646.12.8",
"inst": "ša-qurbūtu[(royal) confidant]N",
"sig": "@saao/saa18%akk-x-neobab:{LU₂}qur-bu-tu₂=ša-qurbūti[close follower//(royal) confidant]N'N$ša-qurbūtu",
"f": {"lang": "akk-x-neobab",
"form": "{LU₂}qur-bu-tu₂",
"cf": "ša-qurbūti",
"gw": "close follower",
"sense": "(royal) confidant",
"norm": "ša-qurbūtu",
"pos": "N",
"epos": "N"}
}
,
{
"node": "d",
"type": "line-start",
"ref": "P238646.13",
"n": "12'",
"label": "12'"}
,
{
"node": "l",
"frag": "[x",
"id": "P238646.l003a5",
"ref": "P238646.13.1",
"inst": "u",
"f": {"lang": "akk-x-neobab",
"form": "x",
"pos": "u"}
}
,
{
"node": "l",
"frag": "x",
"id": "P238646.l003a6",
"ref": "P238646.13.2",
"inst": "u",
"f": {"lang": "akk-x-neobab",
"form": "x",
"pos": "u"}
}
,
{
"node": "l",
"frag": "x",
"id": "P238646.l003a7",
"ref": "P238646.13.3",
"inst": "u",
"f": {"lang": "akk-x-neobab",
"form": "x",
"pos": "u"}
}
,
{
"node": "l",
"frag": "x",
"id": "P238646.l003a8",
"ref": "P238646.13.4",
"inst": "u",
"f": {"lang": "akk-x-neobab",
"form": "x",
"pos": "u"}
}
,
{
"node": "l",
"frag": "x]",
"id": "P238646.l003a9",
"ref": "P238646.13.5",
"inst": "u",
"f": {"lang": "akk-x-neobab",
"form": "x",
"pos": "u"}
}
,
{
"node": "l",
"frag": "⸢ki⸣-i",
"id": "P238646.l003aa",
"ref": "P238646.13.6",
"inst": "kî[when]'SBJ",
"sig": "@saao/saa18%akk-x-neobab:ki-i=kī[like//when]PRP'SBJ$kî",
"f": {"lang": "akk-x-neobab",
"form": "ki-i",
"cf": "kī",
"gw": "like",
"sense": "when",
"norm": "kî",
"pos": "PRP",
"epos": "SBJ"}
}
,
{
"node": "l",
"frag": "⸢u₂⸣-[x",
"id": "P238646.l003ab",
"ref": "P238646.13.7",
"inst": "u",
"f": {"lang": "akk-x-neobab",
"form": "u₂-x",
"pos": "u"}
}
,
{
"node": "l",
"frag": "x",
"id": "P238646.l003ac",
"ref": "P238646.13.8",
"inst": "u",
"f": {"lang": "akk-x-neobab",
"form": "x",
"pos": "u"}
}
,
{
"node": "l",
"frag": "x]",
"id": "P238646.l003ad",
"ref": "P238646.13.9",
"inst": "u",
"f": {"lang": "akk-x-neobab",
"form": "x",
"pos": "u"}
}
,
{
"node": "d",
"type": "line-start",
"ref": "P238646.14",
"n": "13'",
"label": "13'"}
,
{
"node": "l",
"frag": "[LUGAL",
"id": "P238646.l003ae",
"ref": "P238646.14.1",
"inst": "šarru[king]N",
"sig": "@saao/saa18%akk-x-neobab:LUGAL=šarru[king//king]N'N$šarru",
"f": {"lang": "akk-x-neobab",
"form": "LUGAL",
"cf": "šarru",
"gw": "king",
"sense": "king",
"norm": "šarru",
"pos": "N",
"epos": "N"}
}
,
{
"node": "l",
"frag": "EN-a",
"id": "P238646.l003af",
"ref": "P238646.14.2",
"inst": "bēlā[lord]N",
"sig": "@saao/saa18%akk-x-neobab:EN-a=bēlu[lord//lord]N'N$bēlā",
"f": {"lang": "akk-x-neobab",
"form": "EN-a",
"cf": "bēlu",
"gw": "lord",
"sense": "lord",
"norm": "bēlā",
"pos": "N",
"epos": "N"}
}
,
{
"node": "l",
"frag": "di-i]-⸢nu⸣",
"id": "P238646.l003b0",
"ref": "P238646.14.3",
"inst": "+dīnu[legal decision]N$",
"sig": "@saao/saa18%akk-x-neobab:di-i-nu=dīnu[legal decision//legal decision]N'N$dīnu",
"f": {"lang": "akk-x-neobab",
"form": "di-i-nu",
"cf": "dīnu",
"gw": "legal decision",
"sense": "legal decision",
"norm": "dīnu",
"pos": "N",
"epos": "N"}
}
,
{
"node": "l",
"frag": "ša₂",
"id": "P238646.l003b1",
"ref": "P238646.14.4",
"inst": "ša[of]DET",
"sig": "@saao/saa18%akk-x-neobab:ša₂=ša[of//of]DET'DET$ša",
"f": {"lang": "akk-x-neobab",
"form": "ša₂",
"cf": "ša",
"gw": "of",
"sense": "of",
"norm": "ša",
"pos": "DET",
"epos": "DET"}
}
,
{
"node": "l",
"frag": "DINGIR-MEŠ-⸢šu₂⸣",
"id": "P238646.l003b2",
"ref": "P238646.14.5",
"inst": "ilānīšu[god]N",
"sig": "@saao/saa18%akk-x-neobab:DINGIR-MEŠ-šu₂=ilu[god//god]N'N$ilānīšu",
"f": {"lang": "akk-x-neobab",
"form": "DINGIR-MEŠ-šu₂",
"cf": "ilu",
"gw": "god",
"sense": "god",
"norm": "ilānīšu",
"pos": "N",
"epos": "N"}
}
,
{
"node": "l",
"frag": "[i-te-pu-uš]",
"id": "P238646.l003b3",
"ref": "P238646.14.6",
"inst": "ītepuš[do]V",
"sig": "@saao/saa18%akk-x-neobab:i-te-pu-uš=epēšu[do//do]V'V$ītepuš",
"f": {"lang": "akk-x-neobab",
"form": "i-te-pu-uš",
"cf": "epēšu",
"gw": "do",
"sense": "do",
"norm": "ītepuš",
"pos": "V",
"epos": "V"}
}
,
{
"node": "d",
"type": "line-start",
"ref": "P238646.15",
"n": "14'",
"label": "14'"}
,
{
"node": "l",
"frag": "{1}LUGAL-hu-us]-⸢sa⸣-an-ni",
"id": "P238646.l003b4",
"ref": "P238646.15.1",
"inst": "+Šarru-hussanni[]PN$",
"sig": "@saao/saa18%akk-x-neobab:{1}LUGAL-hu-us-sa-an-ni=Šarru-hussanni[1//1]PN'PN$Šarru-hussanni",
"f": {"lang": "akk-x-neobab",
"form": "{1}LUGAL-hu-us-sa-an-ni",
"cf": "Šarru-hussanni",
"gw": "1",
"sense": "1",
"norm": "Šarru-hussanni",
"pos": "PN",
"epos": "PN"}
}
,
{
"node": "l",
"frag": "{lu₂}⸢qur⸣-[bu-tu₂]",
"id": "P238646.l003b5",
"ref": "P238646.15.2",
"inst": "ša-qurbūtu[(royal) confidant]N",
"sig": "@saao/saa18%akk-x-neobab:{LU₂}qur-bu-tu₂=ša-qurbūti[close follower//(royal) confidant]N'N$ša-qurbūtu",
"f": {"lang": "akk-x-neobab",
"form": "{LU₂}qur-bu-tu₂",
"cf": "ša-qurbūti",
"gw": "close follower",
"sense": "(royal) confidant",
"norm": "ša-qurbūtu",
"pos": "N",
"epos": "N"}
}
,
{
"node": "d",
"type": "line-start",
"ref": "P238646.16",
"n": "15'",
"label": "15'"}
,
{
"node": "l",
"frag": "[ki-i",
"id": "P238646.l003b6",
"ref": "P238646.16.1",
"inst": "kî[when]'SBJ",
"sig": "@saao/saa18%akk-x-neobab:ki-i=kī[like//when]PRP'SBJ$kî",
"f": {"lang": "akk-x-neobab",
"form": "ki-i",
"cf": "kī",
"gw": "like",
"sense": "when",
"norm": "kî",
"pos": "PRP",
"epos": "SBJ"}
}
,
{
"node": "l",
"frag": "il]-⸢li⸣-ka",
"id": "P238646.l003b7",
"ref": "P238646.16.2",
"inst": "illika[come]V",
"sig": "@saao/saa18%akk-x-neobab:il-li-ka=alāku[go//come]V'V$illika",
"f": {"lang": "akk-x-neobab",
"form": "il-li-ka",
"cf": "alāku",
"gw": "go",
"sense": "come",
"norm": "illika",
"pos": "V",
"epos": "V"}
}
,
{
"node": "l",
"frag": "A.⸢ŠA₃⸣",
"id": "P238646.l003b8",
"ref": "P238646.16.3",
"inst": "+eqlu[field]N$eqel",
"sig": "@saao/saa18%akk-x-neobab:A.ŠA₃=eqlu[field//field]N'N$eqel",
"f": {"lang": "akk-x-neobab",
"form": "A.ŠA₃",
"cf": "eqlu",
"gw": "field",
"sense": "field",
"norm": "eqel",
"pos": "N",
"epos": "N"}
}
,
{
"node": "l",
"frag": "[DINGIR-MEŠ]",
"id": "P238646.l003b9",
"ref": "P238646.16.4",
"inst": "ilāni[god]N",
"sig": "@saao/saa18%akk-x-neobab:DINGIR-MEŠ=ilu[god//god]N'N$ilāni",
"f": {"lang": "akk-x-neobab",
"form": "DINGIR-MEŠ",
"cf": "ilu",
"gw": "god",
"sense": "god",
"norm": "ilāni",
"pos": "N",
"epos": "N"}
}
,
{
"node": "d",
"type": "line-start",
"ref": "P238646.17",
"n": "16'",
"label": "16'"}
,
{
"node": "l",
"frag": "[ša₂",
"id": "P238646.l003ba",
"ref": "P238646.17.1",
"inst": "ša[of]DET",
"sig": "@saao/saa18%akk-x-neobab:ša₂=ša[of//of]DET'DET$ša",
"f": {"lang": "akk-x-neobab",
"form": "ša₂",
"cf": "ša",
"gw": "of",
"sense": "of",
"norm": "ša",
"pos": "DET",
"epos": "DET"}
}
,
{
"node": "l",
"frag": "LUGAL",
"id": "P238646.l003bb",
"ref": "P238646.17.2",
"inst": "šarri[king]N",
"sig": "@saao/saa18%akk-x-neobab:LUGAL=šarru[king//king]N'N$šarri",
"f": {"lang": "akk-x-neobab",
"form": "LUGAL",
"cf": "šarru",
"gw": "king",
"sense": "king",
"norm": "šarri",
"pos": "N",
"epos": "N"}
}
,
{
"node": "l",
"frag": "EN-ia₂]",
"id": "P238646.l003bc",
"ref": "P238646.17.3",
"inst": "bēlīya[lord]N",
"sig": "@saao/saa18%akk-x-neobab:EN-ia₂=bēlu[lord//lord]N'N$bēlīya",
"f": {"lang": "akk-x-neobab",
"form": "EN-ia₂",
"cf": "bēlu",
"gw": "lord",
"sense": "lord",
"norm": "bēlīya",
"pos": "N",
"epos": "N"}
}
,
{
"node": "l",
"frag": "⸢ki⸣-i",
"id": "P238646.l003bd",
"ref": "P238646.17.4",
"inst": "kî[when]'SBJ",
"sig": "@saao/saa18%akk-x-neobab:ki-i=kī[like//when]PRP'SBJ$kî",
"f": {"lang": "akk-x-neobab",
"form": "ki-i",
"cf": "kī",
"gw": "like",
"sense": "when",
"norm": "kî",
"pos": "PRP",
"epos": "SBJ"}
}
,
{
"node": "l",
"frag": "u₂-tir-⸢ra⸣",
"id": "P238646.l003be",
"ref": "P238646.17.5",
"inst": "+târu[turn//return]V'V$uttirra",
"sig": "@saao/saa18%akk-x-neobab:u₂-tir-ra=târu[turn//return]V'V$uttirra",
"f": {"lang": "akk-x-neobab",
"form": "u₂-tir-ra",
"cf": "târu",
"gw": "turn",
"sense": "return",
"norm": "uttirra",
"pos": "V",
"epos": "V"}
}
,
{
"node": "l",
"frag": "[x",
"id": "P238646.l003bf",
"ref": "P238646.17.6",
"inst": "u",
"f": {"lang": "akk-x-neobab",
"form": "x",
"pos": "u"}
}
,
{
"node": "l",
"frag": "x]",
"id": "P238646.l003c0",
"ref": "P238646.17.7",
"inst": "u",
"f": {"lang": "akk-x-neobab",
"form": "x",
"pos": "u"}
}
,
{
"node": "d",
"type": "line-start",
"ref": "P238646.18",
"n": "17'",
"label": "17'"}
,
{
"node": "l",
"frag": "[A.ŠA₃",
"id": "P238646.l003c1",
"ref": "P238646.18.1",
"inst": "+eqlu[field]N$eqel",
"sig": "@saao/saa18%akk-x-neobab:A.ŠA₃=eqlu[field//field]N'N$eqel",
"f": {"lang": "akk-x-neobab",
"form": "A.ŠA₃",
"cf": "eqlu",
"gw": "field",
"sense": "field",
"norm": "eqel",
"pos": "N",
"epos": "N"}
}
,
{
"node": "l",
"frag": "DINGIR]-⸢MEŠ⸣",
"id": "P238646.l003c2",
"ref": "P238646.18.2",
"inst": "ilāni[god]N",
"sig": "@saao/saa18%akk-x-neobab:DINGIR-MEŠ=ilu[god//god]N'N$ilāni",
"f": {"lang": "akk-x-neobab",
"form": "DINGIR-MEŠ",
"cf": "ilu",
"gw": "god",
"sense": "god",
"norm": "ilāni",
"pos": "N",
"epos": "N"}
}
,
{
"node": "l",
"frag": "ša₂",
"id": "P238646.l003c3",
"ref": "P238646.18.3",
"inst": "ša[of]DET",
"sig": "@saao/saa18%akk-x-neobab:ša₂=ša[of//of]DET'DET$ša",
"f": {"lang": "akk-x-neobab",
"form": "ša₂",
"cf": "ša",
"gw": "of",
"sense": "of",
"norm": "ša",
"pos": "DET",
"epos": "DET"}
}
,
{
"node": "l",
"frag": "LUGAL",
"id": "P238646.l003c4",
"ref": "P238646.18.4",
"inst": "šarri[king]N",
"sig": "@saao/saa18%akk-x-neobab:LUGAL=šarru[king//king]N'N$šarri",
"f": {"lang": "akk-x-neobab",
"form": "LUGAL",
"cf": "šarru",
"gw": "king",
"sense": "king",
"norm": "šarri",
"pos": "N",
"epos": "N"}
}
,
{
"node": "l",
"frag": "EN-ia₂",
"id": "P238646.l003c5",
"ref": "P238646.18.5",
"inst": "bēlīya[lord]N",
"sig": "@saao/saa18%akk-x-neobab:EN-ia₂=bēlu[lord//lord]N'N$bēlīya",
"f": {"lang": "akk-x-neobab",
"form": "EN-ia₂",
"cf": "bēlu",
"gw": "lord",
"sense": "lord",
"norm": "bēlīya",
"pos": "N",
"epos": "N"}
}
,
{
"node": "l",
"frag": "[x",
"id": "P238646.l003c6",
"ref": "P238646.18.6",
"inst": "u",
"f": {"lang": "akk-x-neobab",
"form": "x",
"pos": "u"}
}
,
{
"node": "l",
"frag": "x",
"id": "P238646.l003c7",
"ref": "P238646.18.7",
"inst": "u",
"f": {"lang": "akk-x-neobab",
"form": "x",
"pos": "u"}
}
,
{
"node": "l",
"frag": "x]",
"id": "P238646.l003c8",
"ref": "P238646.18.8",
"inst": "u",
"f": {"lang": "akk-x-neobab",
"form": "x",
"pos": "u"}
}
,
{
"node": "d",
"type": "line-start",
"ref": "P238646.19",
"n": "18'",
"label": "18'"}
,
{
"node": "l",
"frag": "[x",
"id": "P238646.l003c9",
"ref": "P238646.19.1",
"inst": "u",
"f": {"lang": "akk-x-neobab",
"form": "x",
"pos": "u"}
}
,
{
"node": "l",
"frag": "x",
"id": "P238646.l003ca",
"ref": "P238646.19.2",
"inst": "u",
"f": {"lang": "akk-x-neobab",
"form": "x",
"pos": "u"}
}
,
{
"node": "l",
"frag": "ki-i]",
"id": "P238646.l003cb",
"ref": "P238646.19.3",
"inst": "kî[when]'SBJ",
"sig": "@saao/saa18%akk-x-neobab:ki-i=kī[like//when]PRP'SBJ$kî",
"f": {"lang": "akk-x-neobab",
"form": "ki-i",
"cf": "kī",
"gw": "like",
"sense": "when",
"norm": "kî",
"pos": "PRP",
"epos": "SBJ"}
}
,
{
"node": "l",
"frag": "⸢e⸣-ṣi-du",
"id": "P238646.l003cc",
"ref": "P238646.19.4",
"inst": "+eṣēdu[harvest]V$ēṣidu",
"sig": "@saao/saa18%akk-x-neobab:e-ṣi-du=eṣēdu[harvest//harvest]V'V$ēṣidu",
"f": {"lang": "akk-x-neobab",
"form": "e-ṣi-du",
"cf": "eṣēdu",
"gw": "harvest",
"sense": "harvest",
"norm": "ēṣidu",
"pos": "V",
"epos": "V"}
}
,
{
"node": "l",
"frag": "ki-⸢i⸣",
"id": "P238646.l003cd",
"ref": "P238646.19.5",
"inst": "kî[when]'SBJ",
"sig": "@saao/saa18%akk-x-neobab:ki-i=kī[like//when]PRP'SBJ$kî",
"f": {"lang": "akk-x-neobab",
"form": "ki-i",
"cf": "kī",
"gw": "like",
"sense": "when",
"norm": "kî",
"pos": "PRP",
"epos": "SBJ"}
}
,
{
"node": "l",
"frag": "[x",
"id": "P238646.l003ce",
"ref": "P238646.19.6",
"inst": "u",
"f": {"lang": "akk-x-neobab",
"form": "x",
"pos": "u"}
}
,
{
"node": "l",
"frag": "x]",
"id": "P238646.l003cf",
"ref": "P238646.19.7",
"inst": "u",
"f": {"lang": "akk-x-neobab",
"form": "x",
"pos": "u"}
}
,
{
"node": "d",
"type": "line-start",
"ref": "P238646.20",
"n": "19'",
"label": "19'"}
,
{
"node": "l",
"frag": "[x",
"id": "P238646.l003d0",
"ref": "P238646.20.1",
"inst": "u",
"f": {"lang": "akk-x-neobab",
"form": "x",
"pos": "u"}
}
,
{
"node": "l",
"frag": "x",
"id": "P238646.l003d1",
"ref": "P238646.20.2",
"inst": "u",
"f": {"lang": "akk-x-neobab",
"form": "x",
"pos": "u"}
}
,
{
"node": "l",
"frag": "x",
"id": "P238646.l003d2",
"ref": "P238646.20.3",
"inst": "u",
"f": {"lang": "akk-x-neobab",
"form": "x",
"pos": "u"}
}
,
{
"node": "l",
"frag": "x]",
"id": "P238646.l003d3",
"ref": "P238646.20.4",
"inst": "u",
"f": {"lang": "akk-x-neobab",
"form": "x",
"pos": "u"}
}
,
{
"node": "l",
"frag": "{⸢d⸣}GAŠAN",
"id": "P238646.l003d4",
"ref": "P238646.20.5",
"inst": "Belet[1]DN",
"sig": "@saao/saa18%akk-x-neobab:{d}GAŠAN=Belet[1//1]DN'DN$Belet",
"f": {"lang": "akk-x-neobab",
"form": "{d}GAŠAN",
"cf": "Belet",
"gw": "1",
"sense": "1",
"norm": "Belet",
"pos": "DN",
"epos": "DN"}
}
,
{
"node": "l",
"frag": "ša₂",
"id": "P238646.l003d5",
"ref": "P238646.20.6",
"inst": "ša[of]DET",
"sig": "@saao/saa18%akk-x-neobab:ša₂=ša[of//of]DET'DET$ša",
"f": {"lang": "akk-x-neobab",
"form": "ša₂",
"cf": "ša",
"gw": "of",
"sense": "of",
"norm": "ša",
"pos": "DET",
"epos": "DET"}
}
,
{
"node": "l",
"frag": "A.GA.⸢DE₃⸣{[ki]}",
"id": "P238646.l003d6",
"ref": "P238646.20.7",
"inst": "Akkad[1]GN",
"sig": "@saao/saa18%akk-x-neobab:A.GA.DE₃{KI}=Akkad[1//1]GN'GN$Akkad",
"f": {"lang": "akk-x-neobab",
"form": "A.GA.DE₃{KI}",
"cf": "Akkad",
"gw": "1",
"sense": "1",
"norm": "Akkad",
"pos": "GN",
"epos": "GN"}
}
,
{
"node": "d",
"type": "line-start",
"ref": "P238646.21",
"n": "20'",
"label": "20'"}
,
{
"node": "l",
"frag": "[x",
"id": "P238646.l003d7",
"ref": "P238646.21.1",
"inst": "u",
"f": {"lang": "akk-x-neobab",
"form": "x",
"pos": "u"}
}
,
{
"node": "l",
"frag": "x",
"id": "P238646.l003d8",
"ref": "P238646.21.2",
"inst": "u",
"f": {"lang": "akk-x-neobab",
"form": "x",
"pos": "u"}
}
,
{
"node": "l",
"frag": "x",
"id": "P238646.l003d9",
"ref": "P238646.21.3",
"inst": "u",
"f": {"lang": "akk-x-neobab",
"form": "x",
"pos": "u"}
}
,
{
"node": "l",
"frag": "x",
"id": "P238646.l003da",
"ref": "P238646.21.4",
"inst": "u",
"f": {"lang": "akk-x-neobab",
"form": "x",
"pos": "u"}
}
,
{
"node": "l",
"frag": "x",
"id": "P238646.l003db",
"ref": "P238646.21.5",
"inst": "u",
"f": {"lang": "akk-x-neobab",
"form": "x",
"pos": "u"}
}
,
{
"node": "l",
"frag": "x]-⸢u₂⸣",
"id": "P238646.l003dc",
"ref": "P238646.21.6",
"inst": "u",
"f": {"lang": "akk-x-neobab",
"form": "x-u₂",
"pos": "u"}
}
,
{
"node": "l",
"frag": "BURU₁₄",
"id": "P238646.l003dd",
"ref": "P238646.21.7",
"inst": "ebūru[harvest]N",
"sig": "@saao/saa18%akk-x-neobab:BURU₁₄=ebūru[harvest//harvest]N'N$ebūru",
"f": {"lang": "akk-x-neobab",
"form": "BURU₁₄",
"cf": "ebūru",
"gw": "harvest",
"sense": "harvest",
"norm": "ebūru",
"pos": "N",
"epos": "N"}
}
,
{
"node": "l",
"frag": "URU",
"id": "P238646.l003de",
"ref": "P238646.21.8",
"inst": "āli[town]N",
"sig": "@saao/saa18%akk-x-neobab:URU=ālu[city//town]N'N$āli",
"f": {"lang": "akk-x-neobab",
"form": "URU",
"cf": "ālu",
"gw": "city",
"sense": "town",
"norm": "āli",
"pos": "N",
"epos": "N"}
}
,
{
"node": "l",
"frag": "⸢x⸣+[x",
"id": "P238646.l003df",
"ref": "P238646.21.9",
"inst": "u",
"f": {"lang": "akk-x-neobab",
"form": "x+x",
"pos": "u"}
}
,
{
"node": "l",
"frag": "x]",
"id": "P238646.l003e0",
"ref": "P238646.21.10",
"inst": "u",
"f": {"lang": "akk-x-neobab",
"form": "x",
"pos": "u"}
}
,
{
"node": "d",
"type": "line-start",
"ref": "P238646.22",
"n": "21'",
"label": "21'"}
,
{
"node": "l",
"frag": "[x",
"id": "P238646.l003e1",
"ref": "P238646.22.1",
"inst": "u",
"f": {"lang": "akk-x-neobab",
"form": "x",
"pos": "u"}
}
,
{
"node": "l",
"frag": "x",
"id": "P238646.l003e2",
"ref": "P238646.22.2",
"inst": "u",
"f": {"lang": "akk-x-neobab",
"form": "x",
"pos": "u"}
}
,
{
"node": "l",
"frag": "x",
"id": "P238646.l003e3",
"ref": "P238646.22.3",
"inst": "u",
"f": {"lang": "akk-x-neobab",
"form": "x",
"pos": "u"}
}
,
{
"node": "l",
"frag": "LUGAL]",
"id": "P238646.l003e4",
"ref": "P238646.22.4",
"inst": "šarru[king]N",
"sig": "@saao/saa18%akk-x-neobab:LUGAL=šarru[king//king]N'N$šarru",
"f": {"lang": "akk-x-neobab",
"form": "LUGAL",
"cf": "šarru",
"gw": "king",
"sense": "king",
"norm": "šarru",
"pos": "N",
"epos": "N"}
}
,
{
"node": "l",
"frag": "⸢EN⸣-a",
"id": "P238646.l003e5",
"ref": "P238646.22.5",
"inst": "bēlā[lord]N",
"sig": "@saao/saa18%akk-x-neobab:EN-a=bēlu[lord//lord]N'N$bēlā",
"f": {"lang": "akk-x-neobab",
"form": "EN-a",
"cf": "bēlu",
"gw": "lord",
"sense": "lord",
"norm": "bēlā",
"pos": "N",
"epos": "N"}
}
,
{
"node": "l",
"frag": "di-i-nu",
"id": "P238646.l003e6",
"ref": "P238646.22.6",
"inst": "dīnu[legal decision]N",
"sig": "@saao/saa18%akk-x-neobab:di-i-nu=dīnu[legal decision//legal decision]N'N$dīnu",
"f": {"lang": "akk-x-neobab",
"form": "di-i-nu",
"cf": "dīnu",
"gw": "legal decision",
"sense": "legal decision",
"norm": "dīnu",
"pos": "N",
"epos": "N"}
}
,
{
"node": "l",
"frag": "ša₂",
"id": "P238646.l003e7",
"ref": "P238646.22.7",
"inst": "ša[of]DET",
"sig": "@saao/saa18%akk-x-neobab:ša₂=ša[of//of]DET'DET$ša",
"f": {"lang": "akk-x-neobab",
"form": "ša₂",
"cf": "ša",
"gw": "of",
"sense": "of",
"norm": "ša",
"pos": "DET",
"epos": "DET"}
}
,
{
"node": "l",
"frag": "DINGIR-⸢MEŠ⸣-[šu₂]",
"id": "P238646.l003e8",
"ref": "P238646.22.8",
"inst": "ilānīšu[god]N",
"sig": "@saao/saa18%akk-x-neobab:DINGIR-MEŠ-šu₂=ilu[god//god]N'N$ilānīšu",
"f": {"lang": "akk-x-neobab",
"form": "DINGIR-MEŠ-šu₂",
"cf": "ilu",
"gw": "god",
"sense": "god",
"norm": "ilānīšu",
"pos": "N",
"epos": "N"}
}
,
{
"node": "d",
"subtype": "bottom",
"type": "surface",
"ref": "P238646.b.e..23",
"type": "bottom",
"label": "b.e."}
,
{
"node": "d",
"type": "line-start",
"ref": "P238646.24",
"n": "22'",
"label": "b.e. 22'"}
,
{
"node": "l",
"frag": "[i-te-pu-uš",
"id": "P238646.l003e9",
"ref": "P238646.24.1",
"inst": "ītepuš[do]V",
"sig": "@saao/saa18%akk-x-neobab:i-te-pu-uš=epēšu[do//do]V'V$ītepuš",
"f": {"lang": "akk-x-neobab",
"form": "i-te-pu-uš",
"cf": "epēšu",
"gw": "do",
"sense": "do",
"norm": "ītepuš",
"pos": "V",
"epos": "V"}
}
,
{
"node": "l",
"frag": "x]",
"id": "P238646.l003ea",
"ref": "P238646.24.2",
"inst": "u",
"f": {"lang": "akk-x-neobab",
"form": "x",
"pos": "u"}
}
,
{
"node": "l",
"frag": "⸢ša₂⸣",
"id": "P238646.l003eb",
"ref": "P238646.24.3",
"inst": "ša[of]DET",
"sig": "@saao/saa18%akk-x-neobab:ša₂=ša[of//of]DET'DET$ša",
"f": {"lang": "akk-x-neobab",
"form": "ša₂",
"cf": "ša",
"gw": "of",
"sense": "of",
"norm": "ša",
"pos": "DET",
"epos": "DET"}
}
,
{
"node": "l",
"frag": "DINGIR-MEŠ-ka",
"id": "P238646.l003ec",
"ref": "P238646.24.4",
"inst": "ilānīka[god]N",
"sig": "@saao/saa18%akk-x-neobab:DINGIR-MEŠ-ka=ilu[god//god]N'N$ilānīka",
"f": {"lang": "akk-x-neobab",
"form": "DINGIR-MEŠ-ka",
"cf": "ilu",
"gw": "god",
"sense": "god",
"norm": "ilānīka",
"pos": "N",
"epos": "N"}
}
,
{
"node": "l",
"frag": "u",
"id": "P238646.l003ed",
"ref": "P238646.24.5",
"inst": "u[and]CNJ",
"sig": "@saao/saa18%akk-x-neobab:u=u[and//and]CNJ'CNJ$u",
"f": {"lang": "akk-x-neobab",
"form": "u",
"cf": "u",
"gw": "and",
"sense": "and",
"norm": "u",
"pos": "CNJ",
"epos": "CNJ"}
}
,
{
"node": "l",
"frag": "ARAD-⸢ka⸣",
"id": "P238646.l003ee",
"ref": "P238646.24.6",
"inst": "aradka[servant]N",
"sig": "@saao/saa18%akk-x-neobab:ARAD-ka=ardu[slave//servant]N'N$aradka",
"f": {"lang": "akk-x-neobab",
"form": "ARAD-ka",
"cf": "ardu",
"gw": "slave",
"sense": "servant",
"norm": "aradka",
"pos": "N",
"epos": "N"}
}
,
{
"node": "d",
"type": "line-start",
"ref": "P238646.25",
"n": "23'",
"label": "b.e. 23'"}
,
{
"node": "l",
"frag": "[x",
"id": "P238646.l003ef",
"ref": "P238646.25.1",
"inst": "u",
"f": {"lang": "akk-x-neobab",
"form": "x",
"pos": "u"}
}
,
{
"node": "l",
"frag": "x",
"id": "P238646.l003f0",
"ref": "P238646.25.2",
"inst": "u",
"f": {"lang": "akk-x-neobab",
"form": "x",
"pos": "u"}
}
,
{
"node": "l",
"frag": "x",
"id": "P238646.l003f1",
"ref": "P238646.25.3",
"inst": "u",
"f": {"lang": "akk-x-neobab",
"form": "x",
"pos": "u"}
}
,
{
"node": "l",
"frag": "x",
"id": "P238646.l003f2",
"ref": "P238646.25.4",
"inst": "u",
"f": {"lang": "akk-x-neobab",
"form": "x",
"pos": "u"}
}
,
{
"node": "l",
"frag": "x",
"id": "P238646.l003f3",
"ref": "P238646.25.5",
"inst": "u",
"f": {"lang": "akk-x-neobab",
"form": "x",
"pos": "u"}
}
,
{
"node": "l",
"frag": "x",
"id": "P238646.l003f4",
"ref": "P238646.25.6",
"inst": "u",
"f": {"lang": "akk-x-neobab",
"form": "x",
"pos": "u"}
}
,
{
"node": "l",
"frag": "x]",
"id": "P238646.l003f5",
"ref": "P238646.25.7",
"inst": "u",
"f": {"lang": "akk-x-neobab",
"form": "x",
"pos": "u"}
}
,
{
"node": "l",
"frag": "⸢me-ša₂-ri⸣",
"id": "P238646.l003f6",
"ref": "P238646.25.8",
"inst": "+mīšaru[justice//righteousness]N'N$mīšari",
"sig": "@saao/saa18%akk-x-neobab:me-ša₂-ri=mīšaru[justice//righteousness]N'N$mīšari",
"f": {"lang": "akk-x-neobab",
"form": "me-ša₂-ri",
"cf": "mīšaru",
"gw": "justice",
"sense": "righteousness",
"norm": "mīšari",
"pos": "N",
"epos": "N"}
}
,
{
"node": "l",
"frag": "[x]",
"id": "P238646.l003f7",
"ref": "P238646.25.9",
"inst": "u",
"f": {"lang": "akk-x-neobab",
"form": "x",
"pos": "u"}
}
,
{
"node": "d",
"subtype": "reverse",
"type": "surface",
"ref": "P238646.r.26",
"type": "reverse",
"label": "r"}
,
{
"node": "d",
"type": "nonx",
"ref": "P238646.27",
"strict": "0",
"extent": "n",
"scope": "line",
"state": "missing"}
,
{
"node": "d",
"type": "line-start",
"ref": "P238646.28",
"n": "1'",
"label": "r 1'"}
,
{
"node": "l",
"frag": "[x",
"id": "P238646.l003f8",
"ref": "P238646.28.1",
"inst": "u",
"f": {"lang": "akk-x-neobab",
"form": "x",
"pos": "u"}
}
,
{
"node": "l",
"frag": "x",
"id": "P238646.l003f9",
"ref": "P238646.28.2",
"inst": "u",
"f": {"lang": "akk-x-neobab",
"form": "x",
"pos": "u"}
}
,
{
"node": "l",
"frag": "x",
"id": "P238646.l003fa",
"ref": "P238646.28.3",
"inst": "u",
"f": {"lang": "akk-x-neobab",
"form": "x",
"pos": "u"}
}
,
{
"node": "l",
"frag": "x",
"id": "P238646.l003fb",
"ref": "P238646.28.4",
"inst": "u",
"f": {"lang": "akk-x-neobab",
"form": "x",
"pos": "u"}
}
,
{
"node": "l",
"frag": "x]",
"id": "P238646.l003fc",
"ref": "P238646.28.5",
"inst": "u",
"f": {"lang": "akk-x-neobab",
"form": "x",
"pos": "u"}
}
,
{
"node": "l",
"frag": "⸢ul",
"id": "P238646.l003fd",
"ref": "P238646.28.6",
"inst": "ul[not]MOD",
"sig": "@saao/saa18%akk-x-neobab:ul=ul[not//not]MOD'MOD$ul",
"f": {"lang": "akk-x-neobab",
"form": "ul",
"cf": "ul",
"gw": "not",
"sense": "not",
"norm": "ul",
"pos": "MOD",
"epos": "MOD"}
}
,
{
"node": "l",
"frag": "i-nam⸣-[din",
"id": "P238646.l003fe",
"ref": "P238646.28.7",
"inst": "inamdin[give]V",
"sig": "@saao/saa18%akk-x-neobab:i-nam-din=nadānu[give//give]V'V$inamdin",
"f": {"lang": "akk-x-neobab",
"form": "i-nam-din",
"cf": "nadānu",
"gw": "give",
"sense": "give",
"norm": "inamdin",
"pos": "V",
"epos": "V"}
}
,
{
"node": "l",
"frag": "o]",
"id": "P238646.l003ff",
"ref": "P238646.28.8",
"inst": "u",
"f": {"lang": "akk-x-neobab",
"form": "o",
"pos": "u"}
}
,
{
"node": "d",
"type": "line-start",
"ref": "P238646.29",
"n": "2'",
"label": "r 2'"}
,
{
"node": "l",
"frag": "[o",
"id": "P238646.l00400",
"ref": "P238646.29.1",
"inst": "u",
"f": {"lang": "akk-x-neobab",
"form": "o",
"pos": "u"}
}
,
{
"node": "l",
"frag": "{lu₂}qur-bu]-tu",
"id": "P238646.l00401",
"ref": "P238646.29.2",
"inst": "+ša-qurbūti[close follower//(royal) confidant]N'N$ša-qurbūtu",
"sig": "@saao/saa18%akk-x-neobab:{LU₂}qur-bu-tu=ša-qurbūti[close follower//(royal) confidant]N'N$ša-qurbūtu",
"f": {"lang": "akk-x-neobab",
"form": "{LU₂}qur-bu-tu",
"cf": "ša-qurbūti",
"gw": "close follower",
"sense": "(royal) confidant",
"norm": "ša-qurbūtu",
"pos": "N",
"epos": "N"}
}
,
{
"node": "l",
"frag": "ša₂",
"id": "P238646.l00402",
"ref": "P238646.29.3",
"inst": "ša[who]REL",
"sig": "@saao/saa18%akk-x-neobab:ša₂=ša[that//who]REL'REL$ša",
"f": {"lang": "akk-x-neobab",
"form": "ša₂",
"cf": "ša",
"gw": "that",
"sense": "who",
"norm": "ša",
"pos": "REL",
"epos": "REL"}
}
,
{
"node": "l",
"frag": "LUGAL",
"id": "P238646.l00403",
"ref": "P238646.29.4",
"inst": "šarru[king]N",
"sig": "@saao/saa18%akk-x-neobab:LUGAL=šarru[king//king]N'N$šarru",
"f": {"lang": "akk-x-neobab",
"form": "LUGAL",
"cf": "šarru",
"gw": "king",
"sense": "king",
"norm": "šarru",
"pos": "N",
"epos": "N"}
}
,
{
"node": "l",
"frag": "⸢EN-a⸣",
"id": "P238646.l00404",
"ref": "P238646.29.5",
"inst": "bēlā[lord]N",
"sig": "@saao/saa18%akk-x-neobab:EN-a=bēlu[lord//lord]N'N$bēlā",
"f": {"lang": "akk-x-neobab",
"form": "EN-a",
"cf": "bēlu",
"gw": "lord",
"sense": "lord",
"norm": "bēlā",
"pos": "N",
"epos": "N"}
}
,
{
"node": "d",
"type": "line-start",
"ref": "P238646.30",
"n": "3'",
"label": "r 3'"}
,
{
"node": "l",
"frag": "⸢iš⸣-[pu-ra]",
"id": "P238646.l00405",
"ref": "P238646.30.1",
"inst": "išpura[send]V",
"sig": "@saao/saa18%akk-x-neobab:iš-pu-ra=šapāru[send//send]V'V$išpura",
"f": {"lang": "akk-x-neobab",
"form": "iš-pu-ra",
"cf": "šapāru",
"gw": "send",
"sense": "send",
"norm": "išpura",
"pos": "V",
"epos": "V"}
}
,
{
"node": "l",
"frag": "⸢um⸣-ma",
"id": "P238646.l00406",
"ref": "P238646.30.2",
"inst": "umma[saying]PRP",
"sig": "@saao/saa18%akk-x-neobab:um-ma=umma[saying//saying]PRP'PRP$umma",
"f": {"lang": "akk-x-neobab",
"form": "um-ma",
"cf": "umma",
"gw": "saying",
"sense": "saying",
"norm": "umma",
"pos": "PRP",
"epos": "PRP"}
}
,
{
"node": "l",
"frag": "di-in-ka",
"id": "P238646.l00407",
"ref": "P238646.30.3",
"inst": "dīnka[(legal) case]N",
"sig": "@saao/saa18%akk-x-neobab:di-in-ka=dīnu[legal decision//(legal) case]N'N$dīnka",
"f": {"lang": "akk-x-neobab",
"form": "di-in-ka",
"cf": "dīnu",
"gw": "legal decision",
"sense": "(legal) case",
"norm": "dīnka",
"pos": "N",
"epos": "N"}
}
,
{
"node": "l",
"frag": "li-pu-⸢uš⸣",
"id": "P238646.l00408",
"ref": "P238646.30.4",
"inst": "+epēšu[do//settle]V'V$līpuš",
"sig": "@saao/saa18%akk-x-neobab:li-pu-uš=epēšu[do//settle]V'V$līpuš",
"f": {"lang": "akk-x-neobab",
"form": "li-pu-uš",
"cf": "epēšu",
"gw": "do",
"sense": "settle",
"norm": "līpuš",
"pos": "V",
"epos": "V"}
}
,
{
"node": "d",
"type": "line-start",
"ref": "P238646.31",
"n": "4'",
"label": "r 4'"}
,
{
"node": "l",
"frag": "a-⸢na⸣",
"id": "P238646.l00409",
"ref": "P238646.31.1",
"inst": "ana[to]PRP",
"sig": "@saao/saa18%akk-x-neobab:a-na=ana[to//to]PRP'PRP$ana",
"f": {"lang": "akk-x-neobab",
"form": "a-na",
"cf": "ana",
"gw": "to",
"sense": "to",
"norm": "ana",
"pos": "PRP",
"epos": "PRP"}
}
,
{
"node": "l",
"frag": "[x",
"id": "P238646.l0040a",
"ref": "P238646.31.2",
"inst": "u",
"f": {"lang": "akk-x-neobab",
"form": "x",
"pos": "u"}
}
,
{
"node": "l",
"frag": "x",
"id": "P238646.l0040b",
"ref": "P238646.31.3",
"inst": "u",
"f": {"lang": "akk-x-neobab",
"form": "x",
"pos": "u"}
}
,
{
"node": "l",
"frag": "x]",
"id": "P238646.l0040c",
"ref": "P238646.31.4",
"inst": "u",
"f": {"lang": "akk-x-neobab",
"form": "x",
"pos": "u"}
}
,
{
"node": "l",
"frag": "ki-i",
"id": "P238646.l0040d",
"ref": "P238646.31.5",
"inst": "kî[when]'SBJ",
"sig": "@saao/saa18%akk-x-neobab:ki-i=kī[like//when]PRP'SBJ$kî",
"f": {"lang": "akk-x-neobab",
"form": "ki-i",
"cf": "kī",
"gw": "like",
"sense": "when",
"norm": "kî",
"pos": "PRP",
"epos": "SBJ"}
}
,
{
"node": "l",
"frag": "il-li-ku",
"id": "P238646.l0040e",
"ref": "P238646.31.6",
"inst": "illiku[come]V",
"sig": "@saao/saa18%akk-x-neobab:il-li-ku=alāku[go//come]V'V$illiku",
"f": {"lang": "akk-x-neobab",
"form": "il-li-ku",
"cf": "alāku",
"gw": "go",
"sense": "come",
"norm": "illiku",
"pos": "V",
"epos": "V"}
}
,
{
"node": "d",
"type": "line-start",
"ref": "P238646.32",
"n": "5'",
"label": "r 5'"}
,
{
"node": "l",
"frag": "la",
"id": "P238646.l0040f",
"ref": "P238646.32.1",
"inst": "lā[not]MOD",
"sig": "@saao/saa18%akk-x-neobab:la=lā[not//not]MOD'MOD$lā",
"f": {"lang": "akk-x-neobab",
"form": "la",
"cf": "lā",
"gw": "not",
"sense": "not",
"norm": "lā",
"pos": "MOD",
"epos": "MOD"}
}
,
{
"node": "l",
"frag": "⸢dib-bi",
"id": "P238646.l00410",
"ref": "P238646.32.2",
"inst": "dibbī[words]N",
"sig": "@saao/saa18%akk-x-neobab:dib-bi=dibbu[words//words]N'N$dibbī",
"f": {"lang": "akk-x-neobab",
"form": "dib-bi",
"cf": "dibbu",
"gw": "words",
"sense": "words",
"norm": "dibbī",
"pos": "N",
"epos": "N"}
}
,
{
"node": "l",
"frag": "it⸣-ti-šu₂",
"id": "P238646.l00411",
"ref": "P238646.32.3",
"inst": "ittīšu[with]PRP",
"sig": "@saao/saa18%akk-x-neobab:it-ti-šu₂=itti[with//with]PRP'PRP$ittīšu",
"f": {"lang": "akk-x-neobab",
"form": "it-ti-šu₂",
"cf": "itti",
"gw": "with",
"sense": "with",
"norm": "ittīšu",
"pos": "PRP",
"epos": "PRP"}
}
,
{
"node": "l",
"frag": "id-dab-⸢bu⸣",
"id": "P238646.l00412",
"ref": "P238646.32.4",
"inst": "iddabbū[speak]V",
"sig": "@saao/saa18%akk-x-neobab:id-dab-bu=dabābu[speak//speak]V'V$iddabbū",
"f": {"lang": "akk-x-neobab",
"form": "id-dab-bu",
"cf": "dabābu",
"gw": "speak",
"sense": "speak",
"norm": "iddabbū",
"pos": "V",
"epos": "V"}
}
,
{
"node": "d",
"type": "line-start",
"ref": "P238646.33",
"n": "6'",
"label": "r 6'"}
,
{
"node": "l",
"frag": "mim-ma",
"id": "P238646.l00413",
"ref": "P238646.33.1",
"inst": "mimma[anything]XP",
"sig": "@saao/saa18%akk-x-neobab:mim-ma=mimma[anything//anything]XP'XP$mimma",
"f": {"lang": "akk-x-neobab",
"form": "mim-ma",
"cf": "mimma",
"gw": "anything",
"sense": "anything",
"norm": "mimma",
"pos": "XP",
"epos": "XP"}
}
,
{
"node": "l",
"frag": "ma-la",
"id": "P238646.l00414",
"ref": "P238646.33.2",
"inst": "mala[as much as]REL",
"sig": "@saao/saa18%akk-x-neobab:ma-la=mala[as much as//as much as]REL'REL$mala",
"f": {"lang": "akk-x-neobab",
"form": "ma-la",
"cf": "mala",
"gw": "as much as",
"sense": "as much as",
"norm": "mala",
"pos": "REL",
"epos": "REL"}
}
,
{
"node": "l",
"frag": "ba-šu-u₂",
"id": "P238646.l00415",
"ref": "P238646.33.3",
"inst": "bašû[existing]AJ",
"sig": "@saao/saa18%akk-x-neobab:ba-šu-u₂=bašû[existing//existing]AJ'AJ$bašû",
"f": {"lang": "akk-x-neobab",
"form": "ba-šu-u₂",
"cf": "bašû",
"gw": "existing",
"sense": "existing",
"norm": "bašû",
"pos": "AJ",
"epos": "AJ"}
}
,
{
"node": "l",
"frag": "di-⸢na⸣-[a]",
"id": "P238646.l00416",
"ref": "P238646.33.4",
"inst": "+dīnu[legal decision//(legal) case]N'N$dīnā",
"sig": "@saao/saa18%akk-x-neobab:di-na-a=dīnu[legal decision//(legal) case]N'N$dīnā",
"f": {"lang": "akk-x-neobab",
"form": "di-na-a",
"cf": "dīnu",
"gw": "legal decision",
"sense": "(legal) case",
"norm": "dīnā",
"pos": "N",
"epos": "N"}
}
,
{
"node": "d",
"type": "line-start",
"ref": "P238646.34",
"n": "7'",
"label": "r 7'"}
,
{
"node": "l",
"frag": "ul",
"id": "P238646.l00417",
"ref": "P238646.34.1",
"inst": "ul[not]MOD",
"sig": "@saao/saa18%akk-x-neobab:ul=ul[not//not]MOD'MOD$ul",
"f": {"lang": "akk-x-neobab",
"form": "ul",
"cf": "ul",
"gw": "not",
"sense": "not",
"norm": "ul",
"pos": "MOD",
"epos": "MOD"}
}
,
{
"node": "l",
"frag": "i-pu-uš",
"id": "P238646.l00418",
"ref": "P238646.34.2",
"inst": "īpuš[do]V",
"sig": "@saao/saa18%akk-x-neobab:i-pu-uš=epēšu[do//do]V'V$īpuš",
"f": {"lang": "akk-x-neobab",
"form": "i-pu-uš",
"cf": "epēšu",
"gw": "do",
"sense": "do",
"norm": "īpuš",
"pos": "V",
"epos": "V"}
}
,
{
"node": "l",
"frag": "u₃",
"id": "P238646.l00419",
"ref": "P238646.34.3",
"inst": "u[and]CNJ",
"sig": "@saao/saa18%akk-x-neobab:u₃=u[and//and]CNJ'CNJ$u",
"f": {"lang": "akk-x-neobab",
"form": "u₃",
"cf": "u",
"gw": "and",
"sense": "and",
"norm": "u",
"pos": "CNJ",
"epos": "CNJ"}
}
,
{
"node": "l",
"frag": "ša₂",
"id": "P238646.l0041a",
"ref": "P238646.34.4",
"inst": "ša[of]DET",
"sig": "@saao/saa18%akk-x-neobab:ša₂=ša[of//of]DET'DET$ša",
"f": {"lang": "akk-x-neobab",
"form": "ša₂",
"cf": "ša",
"gw": "of",
"sense": "of",
"norm": "ša",
"pos": "DET",
"epos": "DET"}
}
,
{
"node": "l",
"frag": "⸢x⸣+[x",
"id": "P238646.l0041b",
"ref": "P238646.34.5",
"inst": "u",
"f": {"lang": "akk-x-neobab",
"form": "x+x",
"pos": "u"}
}
,
{
"node": "l",
"frag": "x",
"id": "P238646.l0041c",
"ref": "P238646.34.6",
"inst": "u",
"f": {"lang": "akk-x-neobab",
"form": "x",
"pos": "u"}
}
,
{
"node": "l",
"frag": "x",
"id": "P238646.l0041d",
"ref": "P238646.34.7",
"inst": "u",
"f": {"lang": "akk-x-neobab",
"form": "x",
"pos": "u"}
}
,
{
"node": "l",
"frag": "x]",
"id": "P238646.l0041e",
"ref": "P238646.34.8",
"inst": "u",
"f": {"lang": "akk-x-neobab",
"form": "x",
"pos": "u"}
}
,
{
"node": "d",
"type": "line-start",
"ref": "P238646.35",
"n": "8'",
"label": "r 8'"}
,
{
"node": "l",
"frag": "a-na",
"id": "P238646.l0041f",
"ref": "P238646.35.1",
"inst": "ana[to]PRP",
"sig": "@saao/saa18%akk-x-neobab:a-na=ana[to//to]PRP'PRP$ana",
"f": {"lang": "akk-x-neobab",
"form": "a-na",
"cf": "ana",
"gw": "to",
"sense": "to",
"norm": "ana",
"pos": "PRP",
"epos": "PRP"}
}
,
{
"node": "l",
"frag": "DINGIR-MEŠ-ka",
"id": "P238646.l00420",
"ref": "P238646.35.2",
"inst": "ilānīka[god]N",
"sig": "@saao/saa18%akk-x-neobab:DINGIR-MEŠ-ka=ilu[god//god]N'N$ilānīka",
"f": {"lang": "akk-x-neobab",
"form": "DINGIR-MEŠ-ka",
"cf": "ilu",
"gw": "god",
"sense": "god",
"norm": "ilānīka",
"pos": "N",
"epos": "N"}
}
,
{
"node": "l",
"frag": "ul",
"id": "P238646.l00421",
"ref": "P238646.35.3",
"inst": "ul[not]MOD",
"sig": "@saao/saa18%akk-x-neobab:ul=ul[not//not]MOD'MOD$ul",
"f": {"lang": "akk-x-neobab",
"form": "ul",
"cf": "ul",
"gw": "not",
"sense": "not",
"norm": "ul",
"pos": "MOD",
"epos": "MOD"}
}
,
{
"node": "l",
"frag": "id-[di-na",
"id": "P238646.l00422",
"ref": "P238646.35.4",
"inst": "iddina[give]V",
"sig": "@saao/saa18%akk-x-neobab:id-di-na=nadānu[give//give]V'V$iddina",
"f": {"lang": "akk-x-neobab",
"form": "id-di-na",
"cf": "nadānu",
"gw": "give",
"sense": "give",
"norm": "iddina",
"pos": "V",
"epos": "V"}
}
,
{
"node": "l",
"frag": "LUGAL",
"id": "P238646.l00423",
"ref": "P238646.35.5",
"inst": "šarru[king]N",
"sig": "@saao/saa18%akk-x-neobab:LUGAL=šarru[king//king]N'N$šarru",
"f": {"lang": "akk-x-neobab",
"form": "LUGAL",
"cf": "šarru",
"gw": "king",
"sense": "king",
"norm": "šarru",
"pos": "N",
"epos": "N"}
}
,
{
"node": "l",
"frag": "EN-a]",
"id": "P238646.l00424",
"ref": "P238646.35.6",
"inst": "bēlā[lord]N",
"sig": "@saao/saa18%akk-x-neobab:EN-a=bēlu[lord//lord]N'N$bēlā",
"f": {"lang": "akk-x-neobab",
"form": "EN-a",
"cf": "bēlu",
"gw": "lord",
"sense": "lord",
"norm": "bēlā",
"pos": "N",
"epos": "N"}
}
,
{
"node": "d",
"type": "line-start",
"ref": "P238646.36",
"n": "9'",
"label": "r 9'"}
,
{
"node": "l",
"frag": "liš-⸢ʾa-al⸣-šu₂",
"id": "P238646.l00425",
"ref": "P238646.36.1",
"inst": "lišʾalšu[ask]V",
"sig": "@saao/saa18%akk-x-neobab:liš-ʾa-al-šu₂=šâlu[ask//ask]V'V$lišʾalšu",
"f": {"lang": "akk-x-neobab",
"form": "liš-ʾa-al-šu₂",
"cf": "šâlu",
"gw": "ask",
"sense": "ask",
"norm": "lišʾalšu",
"pos": "V",
"epos": "V"}
}
,
{
"node": "l",
"frag": "mi-nu-⸢u₂⸣",
"id": "P238646.l00426",
"ref": "P238646.36.2",
"inst": "minû[what?]QP",
"sig": "@saao/saa18%akk-x-neobab:mi-nu-u₂=mīnu[what?//what?]QP'QP$minû",
"f": {"lang": "akk-x-neobab",
"form": "mi-nu-u₂",
"cf": "mīnu",
"gw": "what?",
"sense": "what?",
"norm": "minû",
"pos": "QP",
"epos": "QP"}
}
,
{
"node": "l",
"frag": "[x",
"id": "P238646.l00427",
"ref": "P238646.36.3",
"inst": "u",
"f": {"lang": "akk-x-neobab",
"form": "x",
"pos": "u"}
}
,
{
"node": "l",
"frag": "x",
"id": "P238646.l00428",
"ref": "P238646.36.4",
"inst": "u",
"f": {"lang": "akk-x-neobab",
"form": "x",
"pos": "u"}
}
,
{
"node": "l",
"frag": "x]",
"id": "P238646.l00429",
"ref": "P238646.36.5",
"inst": "u",
"f": {"lang": "akk-x-neobab",
"form": "x",
"pos": "u"}
}
,
{
"node": "d",
"type": "line-start",
"ref": "P238646.37",
"n": "10'",
"label": "r 10'"}
,
{
"node": "l",
"frag": "[x]",
"id": "P238646.l0042a",
"ref": "P238646.37.1",
"inst": "u",
"f": {"lang": "akk-x-neobab",
"form": "x",
"pos": "u"}
}
,
{
"node": "l",
"frag": "⸢x⸣+[x",
"id": "P238646.l0042b",
"ref": "P238646.37.2",
"inst": "u",
"f": {"lang": "akk-x-neobab",
"form": "x+x",
"pos": "u"}
}
,
{
"node": "l",
"frag": "x",
"id": "P238646.l0042c",
"ref": "P238646.37.3",
"inst": "u",
"f": {"lang": "akk-x-neobab",
"form": "x",
"pos": "u"}
}
,
{
"node": "l",
"frag": "x]+⸢x⸣",
"id": "P238646.l0042d",
"ref": "P238646.37.4",
"inst": "u",
"f": {"lang": "akk-x-neobab",
"form": "x+x",
"pos": "u"}
}
,
{
"node": "l",
"frag": "KUR",
"id": "P238646.l0042e",
"ref": "P238646.37.5",
"inst": "mātu[land]N",
"sig": "@saao/saa18%akk-x-neobab:KUR=mātu[land//land]N'N$mātu",
"f": {"lang": "akk-x-neobab",
"form": "KUR",
"cf": "mātu",
"gw": "land",
"sense": "land",
"norm": "mātu",
"pos": "N",
"epos": "N"}
}
,
{
"node": "l",
"frag": "ti",
"id": "P238646.l0042f",
"ref": "P238646.37.6",
"inst": "u",
"f": {"lang": "akk-x-neobab",
"form": "ti",
"pos": "u"}
}
,
{
"node": "l",
"frag": "[x",
"id": "P238646.l00430",
"ref": "P238646.37.7",
"inst": "u",
"f": {"lang": "akk-x-neobab",
"form": "x",
"pos": "u"}
}
,
{
"node": "l",
"frag": "x",
"id": "P238646.l00431",
"ref": "P238646.37.8",
"inst": "u",
"f": {"lang": "akk-x-neobab",
"form": "x",
"pos": "u"}
}
,
{
"node": "l",
"frag": "x",
"id": "P238646.l00432",
"ref": "P238646.37.9",
"inst": "u",
"f": {"lang": "akk-x-neobab",
"form": "x",
"pos": "u"}
}
,
{
"node": "l",
"frag": "x]",
"id": "P238646.l00433",
"ref": "P238646.37.10",
"inst": "u",
"f": {"lang": "akk-x-neobab",
"form": "x",
"pos": "u"}
}
,
{
"node": "d",
"type": "line-start",
"ref": "P238646.38",
"n": "11'",
"label": "r 11'"}
,
{
"node": "l",
"frag": "[x",
"id": "P238646.l00434",
"ref": "P238646.38.1",
"inst": "u",
"f": {"lang": "akk-x-neobab",
"form": "x",
"pos": "u"}
}
,
{
"node": "l",
"frag": "x",
"id": "P238646.l00435",
"ref": "P238646.38.2",
"inst": "u",
"f": {"lang": "akk-x-neobab",
"form": "x",
"pos": "u"}
}
,
{
"node": "l",
"frag": "x]-ni",
"id": "P238646.l00436",
"ref": "P238646.38.3",
"inst": "u",
"f": {"lang": "akk-x-neobab",
"form": "x-ni",
"pos": "u"}
}
,
{
"node": "l",
"frag": "ul",
"id": "P238646.l00437",
"ref": "P238646.38.4",
"inst": "ul[not]MOD",
"sig": "@saao/saa18%akk-x-neobab:ul=ul[not//not]MOD'MOD$ul",
"f": {"lang": "akk-x-neobab",
"form": "ul",
"cf": "ul",
"gw": "not",
"sense": "not",
"norm": "ul",
"pos": "MOD",
"epos": "MOD"}
}
,
{
"node": "l",
"frag": "ip-⸢x⸣+[x",
"id": "P238646.l00438",
"ref": "P238646.38.5",
"inst": "u",
"f": {"lang": "akk-x-neobab",
"form": "ip-x+x",
"pos": "u"}
}
,
{
"node": "l",
"frag": "x",
"id": "P238646.l00439",
"ref": "P238646.38.6",
"inst": "u",
"f": {"lang": "akk-x-neobab",
"form": "x",
"pos": "u"}
}
,
{
"node": "l",
"frag": "x",
"id": "P238646.l0043a",
"ref": "P238646.38.7",
"inst": "u",
"f": {"lang": "akk-x-neobab",
"form": "x",
"pos": "u"}
}
,
{
"node": "l",
"frag": "x]",
"id": "P238646.l0043b",
"ref": "P238646.38.8",
"inst": "u",
"f": {"lang": "akk-x-neobab",
"form": "x",
"pos": "u"}
}
,
{
"node": "d",
"type": "line-start",
"ref": "P238646.39",
"n": "12'",
"label": "r 12'"}
,
{
"node": "l",
"frag": "[x",
"id": "P238646.l0043c",
"ref": "P238646.39.1",
"inst": "u",
"f": {"lang": "akk-x-neobab",
"form": "x",
"pos": "u"}
}
,
{
"node": "l",
"frag": "x",
"id": "P238646.l0043d",
"ref": "P238646.39.2",
"inst": "u",
"f": {"lang": "akk-x-neobab",
"form": "x",
"pos": "u"}
}
,
{
"node": "l",
"frag": "x]",
"id": "P238646.l0043e",
"ref": "P238646.39.3",
"inst": "u",
"f": {"lang": "akk-x-neobab",
"form": "x",
"pos": "u"}
}
,
{
"node": "l",
"frag": "⸢a⸣-kad{ki}",
"id": "P238646.l0043f",
"ref": "P238646.39.4",
"inst": "Akkad[1]GN",
"sig": "@saao/saa18%akk-x-neobab:a-kad{KI}=Akkad[1//1]GN'GN$Akkad",
"f": {"lang": "akk-x-neobab",
"form": "a-kad{KI}",
"cf": "Akkad",
"gw": "1",
"sense": "1",
"norm": "Akkad",
"pos": "GN",
"epos": "GN"}
}
,
{
"node": "l",
"frag": "a-⸢na⸣",
"id": "P238646.l00440",
"ref": "P238646.39.5",
"inst": "ana[to]PRP",
"sig": "@saao/saa18%akk-x-neobab:a-na=ana[to//to]PRP'PRP$ana",
"f": {"lang": "akk-x-neobab",
"form": "a-na",
"cf": "ana",
"gw": "to",
"sense": "to",
"norm": "ana",
"pos": "PRP",
"epos": "PRP"}
}
,
{
"node": "l",
"frag": "[x",
"id": "P238646.l00441",
"ref": "P238646.39.6",
"inst": "u",
"f": {"lang": "akk-x-neobab",
"form": "x",
"pos": "u"}
}
,
{
"node": "l",
"frag": "x",
"id": "P238646.l00442",
"ref": "P238646.39.7",
"inst": "u",
"f": {"lang": "akk-x-neobab",
"form": "x",
"pos": "u"}
}
,
{
"node": "l",
"frag": "x]",
"id": "P238646.l00443",
"ref": "P238646.39.8",
"inst": "u",
"f": {"lang": "akk-x-neobab",
"form": "x",
"pos": "u"}
}
,
{
"node": "d",
"type": "line-start",
"ref": "P238646.40",
"n": "13'",
"label": "r 13'"}
,
{
"node": "l",
"frag": "[x",
"id": "P238646.l00444",
"ref": "P238646.40.1",
"inst": "u",
"f": {"lang": "akk-x-neobab",
"form": "x",
"pos": "u"}
}
,
{
"node": "l",
"frag": "x",
"id": "P238646.l00445",
"ref": "P238646.40.2",
"inst": "u",
"f": {"lang": "akk-x-neobab",
"form": "x",
"pos": "u"}
}
,
{
"node": "l",
"frag": "{uru]}⸢BAD₃⸣-LUGAL-uk-⸢ku⸣",
"id": "P238646.l00446",
"ref": "P238646.40.3",
"inst": "+Dur-Šarrukku[]GN$",
"sig": "@saao/saa18%akk-x-neobab:{URU}BAD₃-LUGAL-uk-ku=Dur-Šarrukku[1//1]GN'GN$Dur-Šarrukku",
"f": {"lang": "akk-x-neobab",
"form": "{URU}BAD₃-LUGAL-uk-ku",
"cf": "Dur-Šarrukku",
"gw": "1",
"sense": "1",
"norm": "Dur-Šarrukku",
"pos": "GN",
"epos": "GN"}
}
,
{
"node": "l",
"frag": "[x",
"id": "P238646.l00447",
"ref": "P238646.40.4",
"inst": "u",
"f": {"lang": "akk-x-neobab",
"form": "x",
"pos": "u"}
}
,
{
"node": "l",
"frag": "x]",
"id": "P238646.l00448",
"ref": "P238646.40.5",
"inst": "u",
"f": {"lang": "akk-x-neobab",
"form": "x",
"pos": "u"}
}
,
{
"node": "d",
"type": "line-start",
"ref": "P238646.41",
"n": "14'",
"label": "r 14'"}
,
{
"node": "l",
"frag": "[x",
"id": "P238646.l00449",
"ref": "P238646.41.1",
"inst": "u",
"f": {"lang": "akk-x-neobab",
"form": "x",
"pos": "u"}
}
,
{
"node": "l",
"frag": "x",
"id": "P238646.l0044a",
"ref": "P238646.41.2",
"inst": "u",
"f": {"lang": "akk-x-neobab",
"form": "x",
"pos": "u"}
}
,
{
"node": "l",
"frag": "x]-šu₂",
"id": "P238646.l0044b",
"ref": "P238646.41.3",
"inst": "u",
"f": {"lang": "akk-x-neobab",
"form": "x-šu₂",
"pos": "u"}
}
,
{
"node": "l",
"frag": "li-ku-lu",
"id": "P238646.l0044c",
"ref": "P238646.41.4",
"inst": "+akālu[eat]V$līkulū",
"sig": "@saao/saa18%akk-x-neobab:li-ku-lu=akālu[eat//eat]V'V$līkulū",
"f": {"lang": "akk-x-neobab",
"form": "li-ku-lu",
"cf": "akālu",
"gw": "eat",
"sense": "eat",
"norm": "līkulū",
"pos": "V",
"epos": "V"}
}
,
{
"node": "l",
"frag": "ARAD-[MEŠ",
"id": "P238646.l0044d",
"ref": "P238646.41.5",
"inst": "ardē[servant]N",
"sig": "@saao/saa18%akk-x-neobab:ARAD-MEŠ=ardu[slave//servant]N'N$ardē",
"f": {"lang": "akk-x-neobab",
"form": "ARAD-MEŠ",
"cf": "ardu",
"gw": "slave",
"sense": "servant",
"norm": "ardē",
"pos": "N",
"epos": "N"}
}
,
{
"node": "l",
"frag": "o]",
"id": "P238646.l0044e",
"ref": "P238646.41.6",
"inst": "u",
"f": {"lang": "akk-x-neobab",
"form": "o",
"pos": "u"}
}
,
{
"node": "d",
"type": "line-start",
"ref": "P238646.42",
"n": "15'",
"label": "r 15'"}
,
{
"node": "l",
"frag": "[ša₂",
"id": "P238646.l0044f",
"ref": "P238646.42.1",
"inst": "ša[of]DET",
"sig": "@saao/saa18%akk-x-neobab:ša₂=ša[of//of]DET'DET$ša",
"f": {"lang": "akk-x-neobab",
"form": "ša₂",
"cf": "ša",
"gw": "of",
"sense": "of",
"norm": "ša",
"pos": "DET",
"epos": "DET"}
}
,
{
"node": "l",
"frag": "LUGAL]",
"id": "P238646.l00450",
"ref": "P238646.42.2",
"inst": "šarri[king]N",
"sig": "@saao/saa18%akk-x-neobab:LUGAL=šarru[king//king]N'N$šarri",
"f": {"lang": "akk-x-neobab",
"form": "LUGAL",
"cf": "šarru",
"gw": "king",
"sense": "king",
"norm": "šarri",
"pos": "N",
"epos": "N"}
}
,
{
"node": "l",
"frag": "⸢EN-ia₂⸣",
"id": "P238646.l00451",
"ref": "P238646.42.3",
"inst": "bēlīya[lord]N",
"sig": "@saao/saa18%akk-x-neobab:EN-ia₂=bēlu[lord//lord]N'N$bēlīya",
"f": {"lang": "akk-x-neobab",
"form": "EN-ia₂",
"cf": "bēlu",
"gw": "lord",
"sense": "lord",
"norm": "bēlīya",
"pos": "N",
"epos": "N"}
}
,
{
"node": "l",
"frag": "ma-aʾ-du-tu",
"id": "P238646.l00452",
"ref": "P238646.42.4",
"inst": "+mādu[many]AJ$maʾdūtu",
"sig": "@saao/saa18%akk-x-neobab:ma-aʾ-du-tu=mādu[many//many]AJ'AJ$maʾdūtu",
"f": {"lang": "akk-x-neobab",
"form": "ma-aʾ-du-tu",
"cf": "mādu",
"gw": "many",
"sense": "many",
"norm": "maʾdūtu",
"pos": "AJ",
"epos": "AJ"}
}
,
{
"node": "l",
"frag": "⸢x⸣+[x",
"id": "P238646.l00453",
"ref": "P238646.42.5",
"inst": "u",
"f": {"lang": "akk-x-neobab",
"form": "x+x",
"pos": "u"}
}
,
{
"node": "l",
"frag": "x",
"id": "P238646.l00454",
"ref": "P238646.42.6",
"inst": "u",
"f": {"lang": "akk-x-neobab",
"form": "x",
"pos": "u"}
}
,
{
"node": "l",
"frag": "x]+⸢x⸣",
"id": "P238646.l00455",
"ref": "P238646.42.7",
"inst": "u",
"f": {"lang": "akk-x-neobab",
"form": "x+x",
"pos": "u"}
}
,
{
"node": "d",
"type": "line-start",
"ref": "P238646.43",
"n": "16'",
"label": "r 16'"}
,
{
"node": "l",
"frag": "⸢LUGAL⸣",
"id": "P238646.l00456",
"ref": "P238646.43.1",
"inst": "šarru[king]N",
"sig": "@saao/saa18%akk-x-neobab:LUGAL=šarru[king//king]N'N$šarru",
"f": {"lang": "akk-x-neobab",
"form": "LUGAL",
"cf": "šarru",
"gw": "king",
"sense": "king",
"norm": "šarru",
"pos": "N",
"epos": "N"}
}
,
{
"node": "l",
"frag": "[EN]-⸢a⸣",
"id": "P238646.l00457",
"ref": "P238646.43.2",
"inst": "bēlā[lord]N",
"sig": "@saao/saa18%akk-x-neobab:EN-a=bēlu[lord//lord]N'N$bēlā",
"f": {"lang": "akk-x-neobab",
"form": "EN-a",
"cf": "bēlu",
"gw": "lord",
"sense": "lord",
"norm": "bēlā",
"pos": "N",
"epos": "N"}
}
,
{
"node": "l",
"frag": "di-i-nu",
"id": "P238646.l00458",
"ref": "P238646.43.3",
"inst": "dīnu[legal decision]N",
"sig": "@saao/saa18%akk-x-neobab:di-i-nu=dīnu[legal decision//legal decision]N'N$dīnu",
"f": {"lang": "akk-x-neobab",
"form": "di-i-nu",
"cf": "dīnu",
"gw": "legal decision",
"sense": "legal decision",
"norm": "dīnu",
"pos": "N",
"epos": "N"}
}
,
{
"node": "l",
"frag": "ša₂",
"id": "P238646.l00459",
"ref": "P238646.43.4",
"inst": "ša[of]DET",
"sig": "@saao/saa18%akk-x-neobab:ša₂=ša[of//of]DET'DET$ša",
"f": {"lang": "akk-x-neobab",
"form": "ša₂",
"cf": "ša",
"gw": "of",
"sense": "of",
"norm": "ša",
"pos": "DET",
"epos": "DET"}
}
,
{
"node": "l",
"frag": "DINGIR-MEŠ-šu₂",
"id": "P238646.l0045a",
"ref": "P238646.43.5",
"inst": "ilānīšu[god]N",
"sig": "@saao/saa18%akk-x-neobab:DINGIR-MEŠ-šu₂=ilu[god//god]N'N$ilānīšu",
"f": {"lang": "akk-x-neobab",
"form": "DINGIR-MEŠ-šu₂",
"cf": "ilu",
"gw": "god",
"sense": "god",
"norm": "ilānīšu",
"pos": "N",
"epos": "N"}
}
,
{
"node": "l",
"frag": "u",
"id": "P238646.l0045b",
"ref": "P238646.43.6",
"inst": "u[and]CNJ",
"sig": "@saao/saa18%akk-x-neobab:u=u[and//and]CNJ'CNJ$u",
"f": {"lang": "akk-x-neobab",
"form": "u",
"cf": "u",
"gw": "and",
"sense": "and",
"norm": "u",
"pos": "CNJ",
"epos": "CNJ"}
}
,
{
"node": "l",
"frag": "⸢ARAD-šu₂⸣",
"id": "P238646.l0045c",
"ref": "P238646.43.7",
"inst": "ardīšu[servant]N",
"sig": "@saao/saa18%akk-x-neobab:ARAD-šu₂=ardu[slave//servant]N'N$ardīšu",
"f": {"lang": "akk-x-neobab",
"form": "ARAD-šu₂",
"cf": "ardu",
"gw": "slave",
"sense": "servant",
"norm": "ardīšu",
"pos": "N",
"epos": "N"}
}
,
{
"node": "d",
"type": "line-start",
"ref": "P238646.44",
"n": "17'",
"label": "r 17'"}
,
{
"node": "l",
"frag": "⸢li⸣-[pu]-⸢uš⸣",
"id": "P238646.l0045d",
"ref": "P238646.44.1",
"inst": "līpuš[do]V",
"sig": "@saao/saa18%akk-x-neobab:li-pu-uš=epēšu[do//settle]V'V$līpuš",
"f": {"lang": "akk-x-neobab",
"form": "li-pu-uš",
"cf": "epēšu",
"gw": "do",
"sense": "settle",
"norm": "līpuš",
"pos": "V",
"epos": "V"}
}
,
{
"node": "l",
"frag": "{gi}tak-pi",
"id": "P238646.l0045e",
"ref": "P238646.44.2",
"inst": "+takpu[(a carrying basket)//basket]N'N$takpi",
"sig": "@saao/saa18%akk-x-neobab:{GI}tak-pi=takpu[(a carrying basket)//basket]N'N$takpi",
"f": {"lang": "akk-x-neobab",
"form": "{GI}tak-pi",
"cf": "takpu",
"gw": "(a carrying basket)",
"sense": "basket",
"norm": "takpi",
"pos": "N",
"epos": "N"}
}
,
{
"node": "l",
"frag": "ri-he-⸢e⸣-ti",
"id": "P238646.l0045f",
"ref": "P238646.44.3",
"inst": "+rēhtu[remainder//leftovers]N'N$rēhēti",
"sig": "@saao/saa18%akk-x-neobab:ri-he-e-ti=rēhtu[remainder//leftovers]N'N$rēhēti",
"f": {"lang": "akk-x-neobab",
"form": "ri-he-e-ti",
"cf": "rēhtu",
"gw": "remainder",
"sense": "leftovers",
"norm": "rēhēti",
"pos": "N",
"epos": "N"}
}
,
{
"node": "d",
"type": "line-start",
"ref": "P238646.45",
"n": "18'",
"label": "r 18'"}
,
{
"node": "l",
"frag": "[x",
"id": "P238646.l00460",
"ref": "P238646.45.1",
"inst": "u",
"f": {"lang": "akk-x-neobab",
"form": "x",
"pos": "u"}
}
,
{
"node": "l",
"frag": "x",
"id": "P238646.l00461",
"ref": "P238646.45.2",
"inst": "u",
"f": {"lang": "akk-x-neobab",
"form": "x",
"pos": "u"}
}
,
{
"node": "l",
"frag": "x",
"id": "P238646.l00462",
"ref": "P238646.45.3",
"inst": "u",
"f": {"lang": "akk-x-neobab",
"form": "x",
"pos": "u"}
}
,
{
"node": "l",
"frag": "x]+⸢x⸣",
"id": "P238646.l00463",
"ref": "P238646.45.4",
"inst": "u",
"f": {"lang": "akk-x-neobab",
"form": "x+x",
"pos": "u"}
}
,
{
"node": "l",
"frag": "u",
"id": "P238646.l00464",
"ref": "P238646.45.5",
"inst": "u[and]CNJ",
"sig": "@saao/saa18%akk-x-neobab:u=u[and//and]CNJ'CNJ$u",
"f": {"lang": "akk-x-neobab",
"form": "u",
"cf": "u",
"gw": "and",
"sense": "and",
"norm": "u",
"pos": "CNJ",
"epos": "CNJ"}
}
,
{
"node": "l",
"frag": "{d}a-nu-ni-tum",
"id": "P238646.l00465",
"ref": "P238646.45.6",
"inst": "+Anunitu[]DN$",
"sig": "@saao/saa18%akk-x-neobab:{d}a-nu-ni-tum=Anunitu[1//1]DN'DN$Anunitu",
"f": {"lang": "akk-x-neobab",
"form": "{d}a-nu-ni-tum",
"cf": "Anunitu",
"gw": "1",
"sense": "1",
"norm": "Anunitu",
"pos": "DN",
"epos": "DN"}
}
,
{
"node": "d",
"type": "line-start",
"ref": "P238646.46",
"n": "19'",
"label": "r 19'"}
,
{
"node": "l",
"frag": "[x",
"id": "P238646.l00466",
"ref": "P238646.46.1",
"inst": "u",
"f": {"lang": "akk-x-neobab",
"form": "x",
"pos": "u"}
}
,
{
"node": "l",
"frag": "x",
"id": "P238646.l00467",
"ref": "P238646.46.2",
"inst": "u",
"f": {"lang": "akk-x-neobab",
"form": "x",
"pos": "u"}
}
,
{
"node": "l",
"frag": "UD-MEŠ]",
"id": "P238646.l00468",
"ref": "P238646.46.3",
"inst": "ūmē[day]N",
"sig": "@saao/saa18%akk-x-neobab:UD-MEŠ=ūmu[day//day]N'N$ūmē",
"f": {"lang": "akk-x-neobab",
"form": "UD-MEŠ",
"cf": "ūmu",
"gw": "day",
"sense": "day",
"norm": "ūmē",
"pos": "N",
"epos": "N"}
}
,
{
"node": "l",
"frag": "⸢GID₂⸣.DA-MEŠ",
"id": "P238646.l00469",
"ref": "P238646.46.4",
"inst": "+arku[long]AJ$arkūti",
"sig": "@saao/saa18%akk-x-neobab:GID₂.DA-MEŠ=arku[long//long]AJ'AJ$arkūti",
"f": {"lang": "akk-x-neobab",
"form": "GID₂.DA-MEŠ",
"cf": "arku",
"gw": "long",
"sense": "long",
"norm": "arkūti",
"pos": "AJ",
"epos": "AJ"}
}
,
{
"node": "l",
"frag": "a-na",
"id": "P238646.l0046a",
"ref": "P238646.46.5",
"inst": "ana[to]PRP",
"sig": "@saao/saa18%akk-x-neobab:a-na=ana[to//to]PRP'PRP$ana",
"f": {"lang": "akk-x-neobab",
"form": "a-na",
"cf": "ana",
"gw": "to",
"sense": "to",
"norm": "ana",
"pos": "PRP",
"epos": "PRP"}
}
,
{
"node": "d",
"type": "line-start",
"ref": "P238646.47",
"n": "20'",
"label": "r 20'"}
,
{
"node": "l",
"frag": "[LUGAL",
"id": "P238646.l0046b",
"ref": "P238646.47.1",
"inst": "šarri[king]N",
"sig": "@saao/saa18%akk-x-neobab:LUGAL=šarru[king//king]N'N$šarri",
"f": {"lang": "akk-x-neobab",
"form": "LUGAL",
"cf": "šarru",
"gw": "king",
"sense": "king",
"norm": "šarri",
"pos": "N",
"epos": "N"}
}
,
{
"node": "l",
"frag": "be-li₂-ia",
"id": "P238646.l0046c",
"ref": "P238646.47.2",
"inst": "bēlīya[lord]N",
"sig": "@saao/saa18%akk-x-neobab:be-li₂-ia=bēlu[lord//lord]N'N$bēlīya",
"f": {"lang": "akk-x-neobab",
"form": "be-li₂-ia",
"cf": "bēlu",
"gw": "lord",
"sense": "lord",
"norm": "bēlīya",
"pos": "N",
"epos": "N"}
}
,
{
"node": "l",
"frag": "u₂]-bal-la-ṭu",
"id": "P238646.l0046d",
"ref": "P238646.47.3",
"inst": "+balāṭu[live//let live]V'V$uballaṭū",
"sig": "@saao/saa18%akk-x-neobab:u₂-bal-la-ṭu=balāṭu[live//let live]V'V$uballaṭū",
"f": {"lang": "akk-x-neobab",
"form": "u₂-bal-la-ṭu",
"cf": "balāṭu",
"gw": "live",
"sense": "let live",
"norm": "uballaṭū",
"pos": "V",
"epos": "V"}
}
,
{
"node": "d",
"type": "line-start",
"ref": "P238646.48",
"n": "21'",
"label": "r 21'"}
,
{
"node": "l",
"frag": "[x",
"id": "P238646.l0046e",
"ref": "P238646.48.1",
"inst": "u",
"f": {"lang": "akk-x-neobab",
"form": "x",
"pos": "u"}
}
,
{
"node": "l",
"frag": "x",
"id": "P238646.l0046f",
"ref": "P238646.48.2",
"inst": "u",
"f": {"lang": "akk-x-neobab",
"form": "x",
"pos": "u"}
}
,
{
"node": "l",
"frag": "x",
"id": "P238646.l00470",
"ref": "P238646.48.3",
"inst": "u",
"f": {"lang": "akk-x-neobab",
"form": "x",
"pos": "u"}
}
,
{
"node": "l",
"frag": "x]",
"id": "P238646.l00471",
"ref": "P238646.48.4",
"inst": "u",
"f": {"lang": "akk-x-neobab",
"form": "x",
"pos": "u"}
}
,
{
"node": "l",
"frag": "⸢LUGAL⸣",
"id": "P238646.l00472",
"ref": "P238646.48.5",
"inst": "šarri[king]N",
"sig": "@saao/saa18%akk-x-neobab:LUGAL=šarru[king//king]N'N$šarri",
"f": {"lang": "akk-x-neobab",
"form": "LUGAL",
"cf": "šarru",
"gw": "king",
"sense": "king",
"norm": "šarri",
"pos": "N",
"epos": "N"}
}
,
{
"node": "l",
"frag": "be-li₂-ia",
"id": "P238646.l00473",
"ref": "P238646.48.6",
"inst": "bēlīya[lord]N",
"sig": "@saao/saa18%akk-x-neobab:be-li₂-ia=bēlu[lord//lord]N'N$bēlīya",
"f": {"lang": "akk-x-neobab",
"form": "be-li₂-ia",
"cf": "bēlu",
"gw": "lord",
"sense": "lord",
"norm": "bēlīya",
"pos": "N",
"epos": "N"}
}
,
{
"node": "d",
"type": "line-start",
"ref": "P238646.49",
"n": "22'",
"label": "r 22'"}
,
{
"node": "l",
"frag": "[x",
"id": "P238646.l00474",
"ref": "P238646.49.1",
"inst": "u",
"f": {"lang": "akk-x-neobab",
"form": "x",
"pos": "u"}
}
,
{
"node": "l",
"frag": "x",
"id": "P238646.l00475",
"ref": "P238646.49.2",
"inst": "u",
"f": {"lang": "akk-x-neobab",
"form": "x",
"pos": "u"}
}
,
{
"node": "l",
"frag": "x",
"id": "P238646.l00476",
"ref": "P238646.49.3",
"inst": "u",
"f": {"lang": "akk-x-neobab",
"form": "x",
"pos": "u"}
}
,
{
"node": "l",
"frag": "x]",
"id": "P238646.l00477",
"ref": "P238646.49.4",
"inst": "u",
"f": {"lang": "akk-x-neobab",
"form": "x",
"pos": "u"}
}
,
{
"node": "l",
"frag": "⸢šul⸣-mu",
"id": "P238646.l00478",
"ref": "P238646.49.5",
"inst": "šulmu[health]N",
"sig": "@saao/saa18%akk-x-neobab:šul-mu=šulmu[completeness//health]N'N$šulmu",
"f": {"lang": "akk-x-neobab",
"form": "šul-mu",
"cf": "šulmu",
"gw": "completeness",
"sense": "health",
"norm": "šulmu",
"pos": "N",
"epos": "N"}
}
,
{
"node": "d",
"type": "line-start",
"ref": "P238646.50",
"n": "23'",
"label": "r 23'"}
,
{
"node": "l",
"frag": "[ša₂",
"id": "P238646.l00479",
"ref": "P238646.50.1",
"inst": "ša[of]DET",
"sig": "@saao/saa18%akk-x-neobab:ša₂=ša[of//of]DET'DET$ša",
"f": {"lang": "akk-x-neobab",
"form": "ša₂",
"cf": "ša",
"gw": "of",
"sense": "of",
"norm": "ša",
"pos": "DET",
"epos": "DET"}
}
,
{
"node": "l",
"frag": "LUGAL",
"id": "P238646.l0047a",
"ref": "P238646.50.2",
"inst": "šarri[king]N",
"sig": "@saao/saa18%akk-x-neobab:LUGAL=šarru[king//king]N'N$šarri",
"f": {"lang": "akk-x-neobab",
"form": "LUGAL",
"cf": "šarru",
"gw": "king",
"sense": "king",
"norm": "šarri",
"pos": "N",
"epos": "N"}
}
,
{
"node": "l",
"frag": "EN-ia₂",
"id": "P238646.l0047b",
"ref": "P238646.50.3",
"inst": "bēlīya[lord]N",
"sig": "@saao/saa18%akk-x-neobab:EN-ia₂=bēlu[lord//lord]N'N$bēlīya",
"f": {"lang": "akk-x-neobab",
"form": "EN-ia₂",
"cf": "bēlu",
"gw": "lord",
"sense": "lord",
"norm": "bēlīya",
"pos": "N",
"epos": "N"}
}
,
{
"node": "l",
"frag": "lu]-⸢uš⸣-me₂-e-ma",
"id": "P238646.l0047c",
"ref": "P238646.50.4",
"inst": "+šemû[hear]V$lušmēma",
"sig": "@saao/saa18%akk-x-neobab:lu-uš-me₂-e-ma=šemû[hear//hear]V'V$lušmēma",
"f": {"lang": "akk-x-neobab",
"form": "lu-uš-me₂-e-ma",
"cf": "šemû",
"gw": "hear",
"sense": "hear",
"norm": "lušmēma",
"pos": "V",
"epos": "V"}
}
,
{
"node": "d",
"type": "line-start",
"ref": "P238646.51",
"n": "24'",
"label": "r 24'"}
,
{
"node": "l",
"frag": "[lu-uh-mi",
"id": "P238646.l0047d",
"ref": "P238646.51.1",
"inst": "luhmi[rejoice]V",
"sig": "@saao/saa18%akk-x-neobab:lu-uh-mi=hamû[trust//rejoice]V'V$luhmi",
"f": {"lang": "akk-x-neobab",
"form": "lu-uh-mi",
"cf": "hamû",
"gw": "trust",
"sense": "rejoice",
"norm": "luhmi",
"pos": "V",
"epos": "V"}
}
,
{
"node": "l",
"frag": "x",
"id": "P238646.l0047e",
"ref": "P238646.51.2",
"inst": "u",
"f": {"lang": "akk-x-neobab",
"form": "x",
"pos": "u"}
}
,
{
"node": "l",
"frag": "x",
"id": "P238646.l0047f",
"ref": "P238646.51.3",
"inst": "u",
"f": {"lang": "akk-x-neobab",
"form": "x",
"pos": "u"}
}
,
{
"node": "l",
"frag": "x]+⸢x⸣",
"id": "P238646.l00480",
"ref": "P238646.51.4",
"inst": "u",
"f": {"lang": "akk-x-neobab",
"form": "x+x",
"pos": "u"}
}
,
{
"node": "l",
"frag": "a-na",
"id": "P238646.l00481",
"ref": "P238646.51.5",
"inst": "ana[to]PRP",
"sig": "@saao/saa18%akk-x-neobab:a-na=ana[to//to]PRP'PRP$ana",
"f": {"lang": "akk-x-neobab",
"form": "a-na",
"cf": "ana",
"gw": "to",
"sense": "to",
"norm": "ana",
"pos": "PRP",
"epos": "PRP"}
}
,
{
"node": "l",
"frag": "⸢x⸣",
"id": "P238646.l00482",
"ref": "P238646.51.6",
"inst": "u",
"f": {"lang": "akk-x-neobab",
"form": "x",
"pos": "u"}
}
,
{
"node": "d",
"subtype": "right",
"type": "surface",
"ref": "P238646.r.e..52",
"type": "right",
"label": "r.e."}
,
{
"node": "d",
"type": "line-start",
"ref": "P238646.53",
"n": "25",
"label": "r.e. 25"}
,
{
"node": "l",
"frag": "[x",
"id": "P238646.l00483",
"ref": "P238646.53.1",
"inst": "u",
"f": {"lang": "akk-x-neobab",
"form": "x",
"pos": "u"}
}
,
{
"node": "l",
"frag": "x",
"id": "P238646.l00484",
"ref": "P238646.53.2",
"inst": "u",
"f": {"lang": "akk-x-neobab",
"form": "x",
"pos": "u"}
}
,
{
"node": "l",
"frag": "x",
"id": "P238646.l00485",
"ref": "P238646.53.3",
"inst": "u",
"f": {"lang": "akk-x-neobab",
"form": "x",
"pos": "u"}
}
,
{
"node": "l",
"frag": "x",
"id": "P238646.l00486",
"ref": "P238646.53.4",
"inst": "u",
"f": {"lang": "akk-x-neobab",
"form": "x",
"pos": "u"}
}
,
{
"node": "l",
"frag": "x]",
"id": "P238646.l00487",
"ref": "P238646.53.5",
"inst": "u",
"f": {"lang": "akk-x-neobab",
"form": "x",
"pos": "u"}
}
,
{
"node": "l",
"frag": "⸢šu₂⸣",
"id": "P238646.l00488",
"ref": "P238646.53.6",
"inst": "u",
"f": {"lang": "akk-x-neobab",
"form": "šu₂",
"pos": "u"}
}
,
{
"node": "l",
"frag": "[o]",
"id": "P238646.l00489",
"ref": "P238646.53.7",
"inst": "u",
"f": {"lang": "akk-x-neobab",
"form": "o",
"pos": "u"}
}
]}
]}
]}
]}
