{
"type": "cdl",
  "source": "http://oracc.org/saao/saa18",
  "license": "This data is released under the CC0 license",
  "license-url": "https://creativecommons.org/publicdomain/zero/1.0/",
  "more-info": "http://oracc.org/doc/opendata/",
  "UTC-timestamp": "2017-05-19T12:01:08",
"project": "saao/saa18",
"textid": "P238858",
"cdl": [
{
"node": "c",
"type": "text",
"id": "P238858.U0",
"cdl": [
{
"node": "d",
"type": "object",
"ref": ""}
,
{
"node": "d",
"subtype": "obverse",
"type": "surface",
"ref": "P238858.o.1",
"type": "obverse",
"label": "o"}
,
{
"node": "d",
"type": "nonx",
"ref": "P238858.2",
"strict": "0",
"state": "missing"}
,
{
"node": "d",
"subtype": "reverse",
"type": "surface",
"ref": "P238858.r.3",
"type": "reverse",
"label": "r"}
,
{
"node": "d",
"type": "nonx",
"ref": "P238858.4",
"strict": "0",
"extent": "beginning",
"state": "missing"}
,
{
"node": "c",
"type": "discourse",
"subtype": "body",
"id": "P238858.U1",
"cdl": [
{
"node": "c",
"type": "sentence",
"id": "P238858.U2",
"label": "r 1' - r 7'",
"cdl": [
{
"node": "d",
"type": "line-start",
"ref": "P238858.5",
"n": "1'",
"label": "r 1'"}
,
{
"node": "l",
"frag": "[x",
"id": "P238858.l045ae",
"ref": "P238858.5.1",
"inst": "u",
"f": {"lang": "akk-x-neobab",
"form": "x",
"pos": "u"}
}
,
{
"node": "l",
"frag": "x",
"id": "P238858.l045af",
"ref": "P238858.5.2",
"inst": "u",
"f": {"lang": "akk-x-neobab",
"form": "x",
"pos": "u"}
}
,
{
"node": "l",
"frag": "x",
"id": "P238858.l045b0",
"ref": "P238858.5.3",
"inst": "u",
"f": {"lang": "akk-x-neobab",
"form": "x",
"pos": "u"}
}
,
{
"node": "l",
"frag": "x",
"id": "P238858.l045b1",
"ref": "P238858.5.4",
"inst": "u",
"f": {"lang": "akk-x-neobab",
"form": "x",
"pos": "u"}
}
,
{
"node": "l",
"frag": "x",
"id": "P238858.l045b2",
"ref": "P238858.5.5",
"inst": "u",
"f": {"lang": "akk-x-neobab",
"form": "x",
"pos": "u"}
}
,
{
"node": "l",
"frag": "x]+⸢x⸣+[x",
"id": "P238858.l045b3",
"ref": "P238858.5.6",
"inst": "u",
"f": {"lang": "akk-x-neobab",
"form": "x+x+x",
"pos": "u"}
}
,
{
"node": "l",
"frag": "x",
"id": "P238858.l045b4",
"ref": "P238858.5.7",
"inst": "u",
"f": {"lang": "akk-x-neobab",
"form": "x",
"pos": "u"}
}
,
{
"node": "l",
"frag": "x",
"id": "P238858.l045b5",
"ref": "P238858.5.8",
"inst": "u",
"f": {"lang": "akk-x-neobab",
"form": "x",
"pos": "u"}
}
,
{
"node": "l",
"frag": "x",
"id": "P238858.l045b6",
"ref": "P238858.5.9",
"inst": "u",
"f": {"lang": "akk-x-neobab",
"form": "x",
"pos": "u"}
}
,
{
"node": "l",
"frag": "x",
"id": "P238858.l045b7",
"ref": "P238858.5.10",
"inst": "u",
"f": {"lang": "akk-x-neobab",
"form": "x",
"pos": "u"}
}
,
{
"node": "l",
"frag": "x",
"id": "P238858.l045b8",
"ref": "P238858.5.11",
"inst": "u",
"f": {"lang": "akk-x-neobab",
"form": "x",
"pos": "u"}
}
,
{
"node": "l",
"frag": "x",
"id": "P238858.l045b9",
"ref": "P238858.5.12",
"inst": "u",
"f": {"lang": "akk-x-neobab",
"form": "x",
"pos": "u"}
}
,
{
"node": "l",
"frag": "x]",
"id": "P238858.l045ba",
"ref": "P238858.5.13",
"inst": "u",
"f": {"lang": "akk-x-neobab",
"form": "x",
"pos": "u"}
}
,
{
"node": "d",
"type": "line-start",
"ref": "P238858.6",
"n": "2'",
"label": "r 2'"}
,
{
"node": "l",
"frag": "[x",
"id": "P238858.l045bb",
"ref": "P238858.6.1",
"inst": "u",
"f": {"lang": "akk-x-neobab",
"form": "x",
"pos": "u"}
}
,
{
"node": "l",
"frag": "x",
"id": "P238858.l045bc",
"ref": "P238858.6.2",
"inst": "u",
"f": {"lang": "akk-x-neobab",
"form": "x",
"pos": "u"}
}
,
{
"node": "l",
"frag": "x",
"id": "P238858.l045bd",
"ref": "P238858.6.3",
"inst": "u",
"f": {"lang": "akk-x-neobab",
"form": "x",
"pos": "u"}
}
,
{
"node": "l",
"frag": "x",
"id": "P238858.l045be",
"ref": "P238858.6.4",
"inst": "u",
"f": {"lang": "akk-x-neobab",
"form": "x",
"pos": "u"}
}
,
{
"node": "l",
"frag": "x",
"id": "P238858.l045bf",
"ref": "P238858.6.5",
"inst": "u",
"f": {"lang": "akk-x-neobab",
"form": "x",
"pos": "u"}
}
,
{
"node": "l",
"frag": "x",
"id": "P238858.l045c0",
"ref": "P238858.6.6",
"inst": "u",
"f": {"lang": "akk-x-neobab",
"form": "x",
"pos": "u"}
}
,
{
"node": "l",
"frag": "x",
"id": "P238858.l045c1",
"ref": "P238858.6.7",
"inst": "u",
"f": {"lang": "akk-x-neobab",
"form": "x",
"pos": "u"}
}
,
{
"node": "l",
"frag": "x]+⸢x⸣",
"id": "P238858.l045c2",
"ref": "P238858.6.8",
"inst": "u",
"f": {"lang": "akk-x-neobab",
"form": "x+x",
"pos": "u"}
}
,
{
"node": "l",
"frag": "ina",
"id": "P238858.l045c3",
"ref": "P238858.6.9",
"inst": "ina[in]PRP",
"sig": "@saao/saa18%akk-x-neobab:ina=ina[in//in]PRP'PRP$ina",
"f": {"lang": "akk-x-neobab",
"form": "ina",
"cf": "ina",
"gw": "in",
"sense": "in",
"norm": "ina",
"pos": "PRP",
"epos": "PRP"}
}
,
{
"node": "l",
"frag": "KUR",
"id": "P238858.l045c4",
"ref": "P238858.6.10",
"inst": "māti[land]N",
"sig": "@saao/saa18%akk-x-neobab:KUR=mātu[land//land]N'N$māti",
"f": {"lang": "akk-x-neobab",
"form": "KUR",
"cf": "mātu",
"gw": "land",
"sense": "land",
"norm": "māti",
"pos": "N",
"epos": "N"}
}
,
{
"node": "l",
"frag": "⸢GAL₂⸣-[MEŠ",
"id": "P238858.l045c5",
"ref": "P238858.6.11",
"inst": "+bašû[exist]V$ibaššû",
"sig": "@saao/saa18%akk-x-neobab:GAL₂-MEŠ=bašû[exist//exist]V'V$ibaššû",
"f": {"lang": "akk-x-neobab",
"form": "GAL₂-MEŠ",
"cf": "bašû",
"gw": "exist",
"sense": "exist",
"norm": "ibaššû",
"pos": "V",
"epos": "V"}
}
,
{
"node": "l",
"frag": "1",
"id": "P238858.l045c6",
"ref": "P238858.6.12",
"inst": "n",
"f": {"lang": "akk-x-neobab",
"form": "1",
"pos": "n"}
}
,
{
"node": "l",
"frag": "{mul}dil-bat",
"id": "P238858.l045c7",
"ref": "P238858.6.13",
"inst": "Dilbat[Venus]CN",
"sig": "@saao/saa18%akk-x-neobab:{MUL}dil-bat=Dilbat[Venus//Venus]CN'CN$Dilbat",
"f": {"lang": "akk-x-neobab",
"form": "{MUL}dil-bat",
"cf": "Dilbat",
"gw": "Venus",
"sense": "Venus",
"norm": "Dilbat",
"pos": "CN",
"epos": "CN"}
}
,
{
"node": "l",
"frag": "ina",
"id": "P238858.l045c8",
"ref": "P238858.6.14",
"inst": "ina[in]PRP",
"sig": "@saao/saa18%akk-x-neobab:ina=ina[in//in]PRP'PRP$ina",
"f": {"lang": "akk-x-neobab",
"form": "ina",
"cf": "ina",
"gw": "in",
"sense": "in",
"norm": "ina",
"pos": "PRP",
"epos": "PRP"}
}
,
{
"node": "l",
"frag": "{iti}NE",
"id": "P238858.l045c9",
"ref": "P238858.6.15",
"inst": "Abi[Ab]MN",
"sig": "@saao/saa18%akk-x-neobab:{ITI}NE=Abu[Ab//Ab]MN'MN$Abi",
"f": {"lang": "akk-x-neobab",
"form": "{ITI}NE",
"cf": "Abu",
"gw": "Ab",
"sense": "Ab",
"norm": "Abi",
"pos": "MN",
"epos": "MN"}
}
,
{
"node": "l",
"frag": "ad-riš]",
"id": "P238858.l045ca",
"ref": "P238858.6.16",
"inst": "+adriš[dimly//darkly]AV'AV$",
"sig": "@saao/saa18%akk-x-neobab:ad-riš=adriš[dimly//darkly]AV'AV$adriš",
"f": {"lang": "akk-x-neobab",
"form": "ad-riš",
"cf": "adriš",
"gw": "dimly",
"sense": "darkly",
"norm": "adriš",
"pos": "AV",
"epos": "AV"}
}
,
{
"node": "d",
"type": "line-start",
"ref": "P238858.7",
"n": "3'",
"label": "r 3'"}
,
{
"node": "l",
"frag": "[uš-tak-ti-it-ma",
"id": "P238858.l045cb",
"ref": "P238858.7.1",
"inst": "+katātu[quiver//descend]V'V$uštaktitma",
"sig": "@saao/saa18%akk-x-neobab:uš-tak-ti-it-ma=katātu[quiver//descend]V'V$uštaktitma",
"f": {"lang": "akk-x-neobab",
"form": "uš-tak-ti-it-ma",
"cf": "katātu",
"gw": "quiver",
"sense": "descend",
"norm": "uštaktitma",
"pos": "V",
"epos": "V"}
}
,
{
"node": "l",
"frag": "ir-bi]",
"id": "P238858.l045cc",
"ref": "P238858.7.2",
"inst": "+rabû[set]V$irbi",
"sig": "@saao/saa18%akk-x-neobab:ir-bi=rabû[set//set]V'V$irbi",
"f": {"lang": "akk-x-neobab",
"form": "ir-bi",
"cf": "rabû",
"gw": "set",
"sense": "set",
"norm": "irbi",
"pos": "V",
"epos": "V"}
}
,
{
"node": "l",
"frag": "ŠUB-tim",
"id": "P238858.l045cd",
"ref": "P238858.7.3",
"inst": "+miqittu[(down)fall//fall]N'N$miqittu",
"sig": "@saao/saa18%akk-x-neobab:ŠUB-tim=miqittu[(down)fall//fall]N'N$miqittu",
"f": {"lang": "akk-x-neobab",
"form": "ŠUB-tim",
"cf": "miqittu",
"gw": "(down)fall",
"sense": "fall",
"norm": "miqittu",
"pos": "N",
"epos": "N"}
}
,
{
"node": "l",
"frag": "{kur}NIM.MA{⸢ki⸣}",
"id": "P238858.l045ce",
"ref": "P238858.7.4",
"inst": "Elamti[Elam]GN",
"sig": "@saao/saa18%akk-x-neobab:{KUR}NIM.MA{KI}=Elamtu[Elam//Elam]GN'GN$Elamti",
"f": {"lang": "akk-x-neobab",
"form": "{KUR}NIM.MA{KI}",
"cf": "Elamtu",
"gw": "Elam",
"sense": "Elam",
"norm": "Elamti",
"pos": "GN",
"epos": "GN"}
}
,
{
"node": "l",
"frag": "[GAL₂-ši",
"id": "P238858.l045cf",
"ref": "P238858.7.5",
"inst": "+bašû[exist]V$ibašši",
"sig": "@saao/saa18%akk-x-neobab:GAL₂-ši=bašû[exist//exist]V'V$ibašši",
"f": {"lang": "akk-x-neobab",
"form": "GAL₂-ši",
"cf": "bašû",
"gw": "exist",
"sense": "exist",
"norm": "ibašši",
"pos": "V",
"epos": "V"}
}
,
{
"node": "l",
"frag": "x",
"id": "P238858.l045d0",
"ref": "P238858.7.6",
"inst": "u",
"f": {"lang": "akk-x-neobab",
"form": "x",
"pos": "u"}
}
,
{
"node": "l",
"frag": "x",
"id": "P238858.l045d1",
"ref": "P238858.7.7",
"inst": "u",
"f": {"lang": "akk-x-neobab",
"form": "x",
"pos": "u"}
}
,
{
"node": "l",
"frag": "x",
"id": "P238858.l045d2",
"ref": "P238858.7.8",
"inst": "u",
"f": {"lang": "akk-x-neobab",
"form": "x",
"pos": "u"}
}
,
{
"node": "l",
"frag": "x]",
"id": "P238858.l045d3",
"ref": "P238858.7.9",
"inst": "u",
"f": {"lang": "akk-x-neobab",
"form": "x",
"pos": "u"}
}
,
{
"node": "d",
"type": "line-start",
"ref": "P238858.8",
"n": "4'",
"label": "r 4'"}
,
{
"node": "l",
"frag": "[x",
"id": "P238858.l045d4",
"ref": "P238858.8.1",
"inst": "u",
"f": {"lang": "akk-x-neobab",
"form": "x",
"pos": "u"}
}
,
{
"node": "l",
"frag": "x",
"id": "P238858.l045d5",
"ref": "P238858.8.2",
"inst": "u",
"f": {"lang": "akk-x-neobab",
"form": "x",
"pos": "u"}
}
,
{
"node": "l",
"frag": "x",
"id": "P238858.l045d6",
"ref": "P238858.8.3",
"inst": "u",
"f": {"lang": "akk-x-neobab",
"form": "x",
"pos": "u"}
}
,
{
"node": "l",
"frag": "x",
"id": "P238858.l045d7",
"ref": "P238858.8.4",
"inst": "u",
"f": {"lang": "akk-x-neobab",
"form": "x",
"pos": "u"}
}
,
{
"node": "l",
"frag": "x]+⸢x⸣",
"id": "P238858.l045d8",
"ref": "P238858.8.5",
"inst": "u",
"f": {"lang": "akk-x-neobab",
"form": "x+x",
"pos": "u"}
}
,
{
"node": "l",
"frag": "{kur}NIM.[MA{ki}",
"id": "P238858.l045d9",
"ref": "P238858.8.6",
"inst": "Elamti[Elam]GN",
"sig": "@saao/saa18%akk-x-neobab:{KUR}NIM.MA{KI}=Elamtu[Elam//Elam]GN'GN$Elamti",
"f": {"lang": "akk-x-neobab",
"form": "{KUR}NIM.MA{KI}",
"cf": "Elamtu",
"gw": "Elam",
"sense": "Elam",
"norm": "Elamti",
"pos": "GN",
"epos": "GN"}
}
,
{
"node": "l",
"frag": "x",
"id": "P238858.l045da",
"ref": "P238858.8.7",
"inst": "u",
"f": {"lang": "akk-x-neobab",
"form": "x",
"pos": "u"}
}
,
{
"node": "l",
"frag": "x",
"id": "P238858.l045db",
"ref": "P238858.8.8",
"inst": "u",
"f": {"lang": "akk-x-neobab",
"form": "x",
"pos": "u"}
}
,
{
"node": "l",
"frag": "x",
"id": "P238858.l045dc",
"ref": "P238858.8.9",
"inst": "u",
"f": {"lang": "akk-x-neobab",
"form": "x",
"pos": "u"}
}
,
{
"node": "l",
"frag": "x",
"id": "P238858.l045dd",
"ref": "P238858.8.10",
"inst": "u",
"f": {"lang": "akk-x-neobab",
"form": "x",
"pos": "u"}
}
,
{
"node": "l",
"frag": "x]",
"id": "P238858.l045de",
"ref": "P238858.8.11",
"inst": "u",
"f": {"lang": "akk-x-neobab",
"form": "x",
"pos": "u"}
}
,
{
"node": "d",
"type": "line-start",
"ref": "P238858.9",
"n": "5'",
"label": "r 5'"}
,
{
"node": "l",
"frag": "1",
"id": "P238858.l045df",
"ref": "P238858.9.1",
"inst": "n",
"f": {"lang": "akk-x-neobab",
"form": "1",
"pos": "n"}
}
,
{
"node": "l",
"frag": "30",
"id": "P238858.l045e0",
"ref": "P238858.9.2",
"inst": "+Sin[]DN$",
"sig": "@saao/saa18%akk-x-neobab:30=Sin[1//1]DN'DN$Sin",
"f": {"lang": "akk-x-neobab",
"form": "30",
"cf": "Sin",
"gw": "1",
"sense": "1",
"norm": "Sin",
"pos": "DN",
"epos": "DN"}
}
,
{
"node": "l",
"frag": "ina",
"id": "P238858.l045e1",
"ref": "P238858.9.3",
"inst": "ina[in]PRP",
"sig": "@saao/saa18%akk-x-neobab:ina=ina[in//in]PRP'PRP$ina",
"f": {"lang": "akk-x-neobab",
"form": "ina",
"cf": "ina",
"gw": "in",
"sense": "in",
"norm": "ina",
"pos": "PRP",
"epos": "PRP"}
}
,
{
"node": "l",
"frag": "IGI.LAL-šu₂",
"id": "P238858.l045e2",
"ref": "P238858.9.4",
"inst": "+tāmartu[view(ing)//appearance]N'N$tāmartīšu",
"sig": "@saao/saa18%akk-x-neobab:IGI.LAL-šu₂=tāmartu[view(ing)//appearance]N'N$tāmartīšu",
"f": {"lang": "akk-x-neobab",
"form": "IGI.LAL-šu₂",
"cf": "tāmartu",
"gw": "view(ing)",
"sense": "appearance",
"norm": "tāmartīšu",
"pos": "N",
"epos": "N"}
}
,
{
"node": "l",
"frag": "SA₅]-ma",
"id": "P238858.l045e3",
"ref": "P238858.9.5",
"inst": "+sāmu[red]AJ$sāmīma",
"sig": "@saao/saa18%akk-x-neobab:SA₅-ma=sāmu[red//red]AJ'AJ$sāmīma",
"f": {"lang": "akk-x-neobab",
"form": "SA₅-ma",
"cf": "sāmu",
"gw": "red",
"sense": "red",
"norm": "sāmīma",
"pos": "AJ",
"epos": "AJ"}
}
,
{
"node": "l",
"frag": "SI",
"id": "P238858.l045e4",
"ref": "P238858.9.6",
"inst": "+qarnu[horn]N$",
"sig": "@saao/saa18%akk-x-neobab:SI=qarnu[horn//horn]N'N$qarnu",
"f": {"lang": "akk-x-neobab",
"form": "SI",
"cf": "qarnu",
"gw": "horn",
"sense": "horn",
"norm": "qarnu",
"pos": "N",
"epos": "N"}
}
,
{
"node": "l",
"frag": "KAB-šu₂",
"id": "P238858.l045e5",
"ref": "P238858.9.7",
"inst": "+šumēlu[the left//left (side)]N'N$šumēlšu",
"sig": "@saao/saa18%akk-x-neobab:KAB-šu₂=šumēlu[the left//left (side)]N'N$šumēlšu",
"f": {"lang": "akk-x-neobab",
"form": "KAB-šu₂",
"cf": "šumēlu",
"gw": "the left",
"sense": "left (side)",
"norm": "šumēlšu",
"pos": "N",
"epos": "N"}
}
,
{
"node": "l",
"frag": "⸢ke⸣-[pat",
"id": "P238858.l045e6",
"ref": "P238858.9.8",
"inst": "+kepû[curved//blunt]AJ'AJ$kepat",
"sig": "@saao/saa18%akk-x-neobab:ke-pat=kepû[curved//blunt]AJ'AJ$kepat",
"f": {"lang": "akk-x-neobab",
"form": "ke-pat",
"cf": "kepû",
"gw": "curved",
"sense": "blunt",
"norm": "kepat",
"pos": "AJ",
"epos": "AJ"}
}
,
{
"node": "l",
"frag": "SI",
"id": "P238858.l045e7",
"ref": "P238858.9.9",
"inst": "+qarnu[horn]N$",
"sig": "@saao/saa18%akk-x-neobab:SI=qarnu[horn//horn]N'N$qarnu",
"f": {"lang": "akk-x-neobab",
"form": "SI",
"cf": "qarnu",
"gw": "horn",
"sense": "horn",
"norm": "qarnu",
"pos": "N",
"epos": "N"}
}
,
{
"node": "l",
"frag": "ZAG-šu₂",
"id": "P238858.l045e8",
"ref": "P238858.9.10",
"inst": "+imittu[right side]N$imittīšu",
"sig": "@saao/saa18%akk-x-neobab:ZAG-šu₂=imittu[right side//right side]N'N$imittīšu",
"f": {"lang": "akk-x-neobab",
"form": "ZAG-šu₂",
"cf": "imittu",
"gw": "right side",
"sense": "right (side)",
"norm": "imittīšu",
"pos": "N",
"epos": "N"}
}
,
{
"node": "l",
"frag": "ed-de-et",
"id": "P238858.l045e9",
"ref": "P238858.9.11",
"inst": "+eddu[pointed]AJ$eddet",
"sig": "@saao/saa18%akk-x-neobab:ed-de-et=eddu[pointed//pointed]AJ'AJ$eddet",
"f": {"lang": "akk-x-neobab",
"form": "ed-de-et",
"cf": "eddu",
"gw": "pointed",
"sense": "pointed",
"norm": "eddet",
"pos": "AJ",
"epos": "AJ"}
}
,
{
"node": "c",
"type": "phrase",
"tag": "phr",
"id": "P238858.U4",
"ref": "P238858.ls00000",
"cdl": [
{
"node": "l",
"frag": "KUR-KUR₂]",
"id": "P238858.l045ea",
"ref": "P238858.9.12",
"cof-tails": "P238858.l045eb",
"inst": "+mātu[land]N$māt&+nakru[enemy]N$nakri",
"sig": "@saao/saa18%akk-x-neobab:KUR-KUR₂=mātu[land//land]N'N$māt&&@saao/saa18%akk-x-neobab:KUR-KUR₂=nakru[enemy//enemy]N'N$nakri",
"f": {"lang": "akk-x-neobab",
"form": "KUR-KUR₂",
"cf": "mātu",
"gw": "land",
"sense": "land",
"norm": "māt",
"pos": "N",
"epos": "N"}
}
,
{
"node": "l",
"frag": "KUR-KUR₂]",
"id": "P238858.l045eb",
"ref": "P238858.9.12",
"cof-head": "P238858.l045ea",
"inst": "+mātu[land]N$māt&+nakru[enemy]N$nakri",
"f": {"lang": "akk-x-neobab",
"form": "KUR-KUR₂",
"cf": "nakru",
"gw": "enemy",
"sense": "enemy",
"norm": "nakri",
"pos": "N",
"epos": "N"}
}
]}
,
{
"node": "d",
"type": "line-start",
"ref": "P238858.10",
"n": "6'",
"label": "r 6'"}
,
{
"node": "l",
"frag": "[ta-sa₃-kip",
"id": "P238858.l045ec",
"ref": "P238858.10.1",
"inst": "+sakāpu[push down//drive back]V'V$tasakkip",
"sig": "@saao/saa18%akk-x-neobab:ta-sa₃-kip=sakāpu[push down//drive back]V'V$tasakkip",
"f": {"lang": "akk-x-neobab",
"form": "ta-sa₃-kip",
"cf": "sakāpu",
"gw": "push down",
"sense": "drive back",
"norm": "tasakkip",
"pos": "V",
"epos": "V"}
}
,
{
"node": "l",
"frag": "{d}IM",
"id": "P238858.l045ed",
"ref": "P238858.10.2",
"inst": "+Adad[]DN$",
"sig": "@saao/saa18%akk-x-neobab:{d}IM=Adad[1//1]DN'DN$Adad",
"f": {"lang": "akk-x-neobab",
"form": "{d}IM",
"cf": "Adad",
"gw": "1",
"sense": "1",
"norm": "Adad",
"pos": "DN",
"epos": "DN"}
}
,
{
"node": "l",
"frag": "RA",
"id": "P238858.l045ee",
"ref": "P238858.10.3",
"inst": "+rahāṣu[flood//devastate]V'V$irahhaṣ",
"sig": "@saao/saa18%akk-x-neobab:RA=rahāṣu[flood//devastate]V'V$irahhaṣ",
"f": {"lang": "akk-x-neobab",
"form": "RA",
"cf": "rahāṣu",
"gw": "flood",
"sense": "devastate",
"norm": "irahhaṣ",
"pos": "V",
"epos": "V"}
}
,
{
"node": "l",
"frag": "1",
"id": "P238858.l045ef",
"ref": "P238858.10.4",
"inst": "n",
"f": {"lang": "akk-x-neobab",
"form": "1",
"pos": "n"}
}
,
{
"node": "l",
"frag": "ina]",
"id": "P238858.l045f0",
"ref": "P238858.10.5",
"inst": "ina[in]PRP",
"sig": "@saao/saa18%akk-x-neobab:ina=ina[in//in]PRP'PRP$ina",
"f": {"lang": "akk-x-neobab",
"form": "ina",
"cf": "ina",
"gw": "in",
"sense": "in",
"norm": "ina",
"pos": "PRP",
"epos": "PRP"}
}
,
{
"node": "l",
"frag": "{⸢iti}NE",
"id": "P238858.l045f1",
"ref": "P238858.10.6",
"inst": "Abi[Ab]MN",
"sig": "@saao/saa18%akk-x-neobab:{ITI}NE=Abu[Ab//Ab]MN'MN$Abi",
"f": {"lang": "akk-x-neobab",
"form": "{ITI}NE",
"cf": "Abu",
"gw": "Ab",
"sense": "Ab",
"norm": "Abi",
"pos": "MN",
"epos": "MN"}
}
,
{
"node": "l",
"frag": "UD⸣",
"id": "P238858.l045f2",
"ref": "P238858.10.7",
"inst": "ūm[day]N",
"sig": "@saao/saa18%akk-x-neobab:UD=ūmu[day//day]N'N$ūm",
"f": {"lang": "akk-x-neobab",
"form": "UD",
"cf": "ūmu",
"gw": "day",
"sense": "day",
"norm": "ūm",
"pos": "N",
"epos": "N"}
}
,
{
"node": "l",
"frag": "14-KAM₂",
"id": "P238858.l045f3",
"ref": "P238858.10.8",
"inst": "n",
"f": {"lang": "akk-x-neobab",
"form": "14-KAM₂",
"pos": "n"}
}
,
{
"node": "l",
"frag": "30",
"id": "P238858.l045f4",
"ref": "P238858.10.9",
"inst": "+Sin[]DN$",
"sig": "@saao/saa18%akk-x-neobab:30=Sin[1//1]DN'DN$Sin",
"f": {"lang": "akk-x-neobab",
"form": "30",
"cf": "Sin",
"gw": "1",
"sense": "1",
"norm": "Sin",
"pos": "DN",
"epos": "DN"}
}
,
{
"node": "l",
"frag": "KI",
"id": "P238858.l045f5",
"ref": "P238858.10.10",
"inst": "itti[with]PRP",
"sig": "@saao/saa18%akk-x-neobab:KI=itti[with//with]PRP'PRP$itti",
"f": {"lang": "akk-x-neobab",
"form": "KI",
"cf": "itti",
"gw": "with",
"sense": "with",
"norm": "itti",
"pos": "PRP",
"epos": "PRP"}
}
,
{
"node": "l",
"frag": "20",
"id": "P238858.l045f6",
"ref": "P238858.10.11",
"inst": "+Šamaš[]DN$",
"sig": "@saao/saa18%akk-x-neobab:20=Šamaš[1//1]DN'DN$Šamaš",
"f": {"lang": "akk-x-neobab",
"form": "20",
"cf": "Šamaš",
"gw": "1",
"sense": "1",
"norm": "Šamaš",
"pos": "DN",
"epos": "DN"}
}
,
{
"node": "l",
"frag": "in-nam-mar]",
"id": "P238858.l045f7",
"ref": "P238858.10.12",
"inst": "+amāru[see//be(come) seen]V'V$innammar",
"sig": "@saao/saa18%akk-x-neobab:in-nam-mar=amāru[see//be(come) seen]V'V$innammar",
"f": {"lang": "akk-x-neobab",
"form": "in-nam-mar",
"cf": "amāru",
"gw": "see",
"sense": "be(come) seen",
"norm": "innammar",
"pos": "V",
"epos": "V"}
}
,
{
"node": "d",
"type": "line-start",
"ref": "P238858.11",
"n": "7'",
"label": "r 7'"}
,
{
"node": "l",
"frag": "[x",
"id": "P238858.l045f8",
"ref": "P238858.11.1",
"inst": "u",
"f": {"lang": "akk-x-neobab",
"form": "x",
"pos": "u"}
}
,
{
"node": "l",
"frag": "x",
"id": "P238858.l045f9",
"ref": "P238858.11.2",
"inst": "u",
"f": {"lang": "akk-x-neobab",
"form": "x",
"pos": "u"}
}
,
{
"node": "l",
"frag": "x",
"id": "P238858.l045fa",
"ref": "P238858.11.3",
"inst": "u",
"f": {"lang": "akk-x-neobab",
"form": "x",
"pos": "u"}
}
,
{
"node": "l",
"frag": "x",
"id": "P238858.l045fb",
"ref": "P238858.11.4",
"inst": "u",
"f": {"lang": "akk-x-neobab",
"form": "x",
"pos": "u"}
}
,
{
"node": "l",
"frag": "x",
"id": "P238858.l045fc",
"ref": "P238858.11.5",
"inst": "u",
"f": {"lang": "akk-x-neobab",
"form": "x",
"pos": "u"}
}
,
{
"node": "l",
"frag": "x]",
"id": "P238858.l045fd",
"ref": "P238858.11.6",
"inst": "u",
"f": {"lang": "akk-x-neobab",
"form": "x",
"pos": "u"}
}
,
{
"node": "l",
"frag": "en-⸢na⸣",
"id": "P238858.l045fe",
"ref": "P238858.11.7",
"inst": "enna[now]AV",
"sig": "@saao/saa18%akk-x-neobab:en-na=enna[now//now]AV'AV$enna",
"f": {"lang": "akk-x-neobab",
"form": "en-na",
"cf": "enna",
"gw": "now",
"sense": "now",
"norm": "enna",
"pos": "AV",
"epos": "AV"}
}
,
{
"node": "l",
"frag": "[x",
"id": "P238858.l045ff",
"ref": "P238858.11.8",
"inst": "u",
"f": {"lang": "akk-x-neobab",
"form": "x",
"pos": "u"}
}
,
{
"node": "l",
"frag": "x",
"id": "P238858.l04600",
"ref": "P238858.11.9",
"inst": "u",
"f": {"lang": "akk-x-neobab",
"form": "x",
"pos": "u"}
}
,
{
"node": "l",
"frag": "x",
"id": "P238858.l04601",
"ref": "P238858.11.10",
"inst": "u",
"f": {"lang": "akk-x-neobab",
"form": "x",
"pos": "u"}
}
,
{
"node": "l",
"frag": "x",
"id": "P238858.l04602",
"ref": "P238858.11.11",
"inst": "u",
"f": {"lang": "akk-x-neobab",
"form": "x",
"pos": "u"}
}
,
{
"node": "l",
"frag": "x]",
"id": "P238858.l04603",
"ref": "P238858.11.12",
"inst": "u",
"f": {"lang": "akk-x-neobab",
"form": "x",
"pos": "u"}
}
,
{
"node": "d",
"type": "nonx",
"ref": "P238858.12",
"strict": "0",
"extent": "rest",
"state": "missing"}
]}
]}
]}
,
{
"linkbase": [{
"type": "linkset",
"xlink_title": "māt nakri[enemy land//enemy land]N'N",
"id": "P238858.ls00000",
"xlink_type": "extended",
"xlink_role": "psu",
"sig": "{KUR-KUR₂ = mātu[land]N nakru[enemy]N += māt nakri[enemy land//enemy land]N'N}::@saao/saa18%akk-x-neobab:KUR-KUR₂=mātu[land//land]N'N$māt++@saao/saa18%akk-x-neobab:KUR-KUR₂=nakru[enemy//enemy]N'N$nakri",
"links": [
{
"type": "link",
"xlink_title": "mātu",
"xlink_type": "locator",
"xlink_href": "#P238858.l045ea",
"xlink_role": "elt"}
,
{
"type": "link",
"xlink_title": "nakru",
"xlink_type": "locator",
"xlink_href": "#P238858.l045eb",
"xlink_role": "elt"}
]}
]}
]}
