{
"type": "cdl",
  "source": "http://oracc.org/saao/saa18",
  "license": "This data is released under the CC0 license",
  "license-url": "https://creativecommons.org/publicdomain/zero/1.0/",
  "more-info": "http://oracc.org/doc/opendata/",
  "UTC-timestamp": "2017-05-19T12:00:59",
"project": "saao/saa18",
"textid": "P238000",
"cdl": [
{
"node": "c",
"type": "text",
"id": "P238000.U0",
"cdl": [
{
"node": "d",
"type": "object",
"ref": ""}
,
{
"node": "d",
"subtype": "obverse",
"type": "surface",
"ref": "P238000.o.1",
"type": "obverse",
"label": "o"}
,
{
"node": "d",
"type": "nonx",
"ref": "P238000.2",
"strict": "0",
"extent": "beginning",
"state": "missing"}
,
{
"node": "c",
"type": "discourse",
"subtype": "body",
"id": "P238000.U1",
"cdl": [
{
"node": "c",
"type": "sentence",
"id": "P238000.U2",
"label": "o 1' - r 13'",
"cdl": [
{
"node": "d",
"type": "line-start",
"ref": "P238000.3",
"n": "1'",
"label": "o 1'"}
,
{
"node": "l",
"frag": "a-na",
"id": "P238000.l056ca",
"ref": "P238000.3.1",
"inst": "ana[to]PRP",
"sig": "@saao/saa18%akk-x-neobab:a-na=ana[to//to]PRP'PRP$ana",
"f": {"lang": "akk-x-neobab",
"form": "a-na",
"cf": "ana",
"gw": "to",
"sense": "to",
"norm": "ana",
"pos": "PRP",
"epos": "PRP"}
}
,
{
"node": "l",
"frag": "⸢ŠA₃-bi",
"id": "P238000.l056cb",
"ref": "P238000.3.2",
"inst": "libbi[interior]N",
"sig": "@saao/saa18%akk-x-neobab:ŠA₃-bi=libbu[interior//interior]N'N$libbi",
"f": {"lang": "akk-x-neobab",
"form": "ŠA₃-bi",
"cf": "libbu",
"gw": "interior",
"sense": "interior",
"norm": "libbi",
"pos": "N",
"epos": "N"}
}
,
{
"node": "l",
"frag": "TIN.TIR⸣{[ki}",
"id": "P238000.l056cc",
"ref": "P238000.3.3",
"inst": "Babili[Babylon]GN",
"sig": "@saao/saa18%akk-x-neobab:TIN.TIR{KI}=Babili[Babylon//Babylon]GN'GN$Babili",
"f": {"lang": "akk-x-neobab",
"form": "TIN.TIR{KI}",
"cf": "Babili",
"gw": "Babylon",
"sense": "Babylon",
"norm": "Babili",
"pos": "GN",
"epos": "GN"}
}
,
{
"node": "l",
"frag": "x",
"id": "P238000.l056cd",
"ref": "P238000.3.4",
"inst": "u",
"f": {"lang": "akk-x-neobab",
"form": "x",
"pos": "u"}
}
,
{
"node": "l",
"frag": "x",
"id": "P238000.l056ce",
"ref": "P238000.3.5",
"inst": "u",
"f": {"lang": "akk-x-neobab",
"form": "x",
"pos": "u"}
}
,
{
"node": "l",
"frag": "x",
"id": "P238000.l056cf",
"ref": "P238000.3.6",
"inst": "u",
"f": {"lang": "akk-x-neobab",
"form": "x",
"pos": "u"}
}
,
{
"node": "l",
"frag": "x",
"id": "P238000.l056d0",
"ref": "P238000.3.7",
"inst": "u",
"f": {"lang": "akk-x-neobab",
"form": "x",
"pos": "u"}
}
,
{
"node": "l",
"frag": "x",
"id": "P238000.l056d1",
"ref": "P238000.3.8",
"inst": "u",
"f": {"lang": "akk-x-neobab",
"form": "x",
"pos": "u"}
}
,
{
"node": "l",
"frag": "x]",
"id": "P238000.l056d2",
"ref": "P238000.3.9",
"inst": "u",
"f": {"lang": "akk-x-neobab",
"form": "x",
"pos": "u"}
}
,
{
"node": "d",
"type": "line-start",
"ref": "P238000.4",
"n": "2'",
"label": "o 2'"}
,
{
"node": "l",
"frag": "{lu₂}TIN.⸢TIR{ki}-MEŠ⸣",
"id": "P238000.l056d3",
"ref": "P238000.4.1",
"inst": "Babilaya[Babylonian]EN",
"sig": "@saao/saa18%akk-x-neobab:{LU₂}TIN.TIR{KI}-MEŠ=Babilaya[Babylonian//Babylonian]EN'EN$Babilaya",
"f": {"lang": "akk-x-neobab",
"form": "{LU₂}TIN.TIR{KI}-MEŠ",
"cf": "Babilaya",
"gw": "Babylonian",
"sense": "Babylonian",
"norm": "Babilaya",
"pos": "EN",
"epos": "EN"}
}
,
{
"node": "l",
"frag": "[x",
"id": "P238000.l056d4",
"ref": "P238000.4.2",
"inst": "u",
"f": {"lang": "akk-x-neobab",
"form": "x",
"pos": "u"}
}
,
{
"node": "l",
"frag": "x",
"id": "P238000.l056d5",
"ref": "P238000.4.3",
"inst": "u",
"f": {"lang": "akk-x-neobab",
"form": "x",
"pos": "u"}
}
,
{
"node": "l",
"frag": "x",
"id": "P238000.l056d6",
"ref": "P238000.4.4",
"inst": "u",
"f": {"lang": "akk-x-neobab",
"form": "x",
"pos": "u"}
}
,
{
"node": "l",
"frag": "x",
"id": "P238000.l056d7",
"ref": "P238000.4.5",
"inst": "u",
"f": {"lang": "akk-x-neobab",
"form": "x",
"pos": "u"}
}
,
{
"node": "l",
"frag": "x",
"id": "P238000.l056d8",
"ref": "P238000.4.6",
"inst": "u",
"f": {"lang": "akk-x-neobab",
"form": "x",
"pos": "u"}
}
,
{
"node": "l",
"frag": "x",
"id": "P238000.l056d9",
"ref": "P238000.4.7",
"inst": "u",
"f": {"lang": "akk-x-neobab",
"form": "x",
"pos": "u"}
}
,
{
"node": "l",
"frag": "x",
"id": "P238000.l056da",
"ref": "P238000.4.8",
"inst": "u",
"f": {"lang": "akk-x-neobab",
"form": "x",
"pos": "u"}
}
,
{
"node": "l",
"frag": "x]",
"id": "P238000.l056db",
"ref": "P238000.4.9",
"inst": "u",
"f": {"lang": "akk-x-neobab",
"form": "x",
"pos": "u"}
}
,
{
"node": "d",
"type": "line-start",
"ref": "P238000.5",
"n": "3'",
"label": "o 3'"}
,
{
"node": "l",
"frag": "ut-tir-⸢ru",
"id": "P238000.l056dc",
"ref": "P238000.5.1",
"inst": "+târu[turn//send back]V'V$uttirrū",
"sig": "@saao/saa18%akk-x-neobab:ut-tir-ru=târu[turn//send back]V'V$uttirrū",
"f": {"lang": "akk-x-neobab",
"form": "ut-tir-ru",
"cf": "târu",
"gw": "turn",
"sense": "send back",
"norm": "uttirrū",
"pos": "V",
"epos": "V"}
}
,
{
"node": "l",
"frag": "MAN-šu₂-nu⸣",
"id": "P238000.l056dd",
"ref": "P238000.5.2",
"inst": "+šarru[king]N$šaršunu",
"sig": "@saao/saa18%akk-x-neobab:MAN-šu₂-nu=šarru[king//king]N'N$šaršunu",
"f": {"lang": "akk-x-neobab",
"form": "MAN-šu₂-nu",
"cf": "šarru",
"gw": "king",
"sense": "king",
"norm": "šaršunu",
"pos": "N",
"epos": "N"}
}
,
{
"node": "l",
"frag": "[x",
"id": "P238000.l056de",
"ref": "P238000.5.3",
"inst": "u",
"f": {"lang": "akk-x-neobab",
"form": "x",
"pos": "u"}
}
,
{
"node": "l",
"frag": "x",
"id": "P238000.l056df",
"ref": "P238000.5.4",
"inst": "u",
"f": {"lang": "akk-x-neobab",
"form": "x",
"pos": "u"}
}
,
{
"node": "l",
"frag": "x",
"id": "P238000.l056e0",
"ref": "P238000.5.5",
"inst": "u",
"f": {"lang": "akk-x-neobab",
"form": "x",
"pos": "u"}
}
,
{
"node": "l",
"frag": "x",
"id": "P238000.l056e1",
"ref": "P238000.5.6",
"inst": "u",
"f": {"lang": "akk-x-neobab",
"form": "x",
"pos": "u"}
}
,
{
"node": "l",
"frag": "x",
"id": "P238000.l056e2",
"ref": "P238000.5.7",
"inst": "u",
"f": {"lang": "akk-x-neobab",
"form": "x",
"pos": "u"}
}
,
{
"node": "l",
"frag": "x",
"id": "P238000.l056e3",
"ref": "P238000.5.8",
"inst": "u",
"f": {"lang": "akk-x-neobab",
"form": "x",
"pos": "u"}
}
,
{
"node": "l",
"frag": "x]",
"id": "P238000.l056e4",
"ref": "P238000.5.9",
"inst": "u",
"f": {"lang": "akk-x-neobab",
"form": "x",
"pos": "u"}
}
,
{
"node": "d",
"type": "line-start",
"ref": "P238000.6",
"n": "4'",
"label": "o 4'"}
,
{
"node": "l",
"frag": "ki-i",
"id": "P238000.l056e5",
"ref": "P238000.6.1",
"inst": "kî[when]'SBJ",
"sig": "@saao/saa18%akk-x-neobab:ki-i=kī[like//when]PRP'SBJ$kî",
"f": {"lang": "akk-x-neobab",
"form": "ki-i",
"cf": "kī",
"gw": "like",
"sense": "when",
"norm": "kî",
"pos": "PRP",
"epos": "SBJ"}
}
,
{
"node": "l",
"frag": "im-⸢qu-tu⸣",
"id": "P238000.l056e6",
"ref": "P238000.6.2",
"inst": "+maqātu[fall]V$imqutu",
"sig": "@saao/saa18%akk-x-neobab:im-qu-tu=maqātu[fall//fall]V'V$imqutu",
"f": {"lang": "akk-x-neobab",
"form": "im-qu-tu",
"cf": "maqātu",
"gw": "fall",
"sense": "fall",
"norm": "imqutu",
"pos": "V",
"epos": "V"}
}
,
{
"node": "l",
"frag": "[x",
"id": "P238000.l056e7",
"ref": "P238000.6.3",
"inst": "u",
"f": {"lang": "akk-x-neobab",
"form": "x",
"pos": "u"}
}
,
{
"node": "l",
"frag": "x",
"id": "P238000.l056e8",
"ref": "P238000.6.4",
"inst": "u",
"f": {"lang": "akk-x-neobab",
"form": "x",
"pos": "u"}
}
,
{
"node": "l",
"frag": "x",
"id": "P238000.l056e9",
"ref": "P238000.6.5",
"inst": "u",
"f": {"lang": "akk-x-neobab",
"form": "x",
"pos": "u"}
}
,
{
"node": "l",
"frag": "x",
"id": "P238000.l056ea",
"ref": "P238000.6.6",
"inst": "u",
"f": {"lang": "akk-x-neobab",
"form": "x",
"pos": "u"}
}
,
{
"node": "l",
"frag": "x",
"id": "P238000.l056eb",
"ref": "P238000.6.7",
"inst": "u",
"f": {"lang": "akk-x-neobab",
"form": "x",
"pos": "u"}
}
,
{
"node": "l",
"frag": "x",
"id": "P238000.l056ec",
"ref": "P238000.6.8",
"inst": "u",
"f": {"lang": "akk-x-neobab",
"form": "x",
"pos": "u"}
}
,
{
"node": "l",
"frag": "x]",
"id": "P238000.l056ed",
"ref": "P238000.6.9",
"inst": "u",
"f": {"lang": "akk-x-neobab",
"form": "x",
"pos": "u"}
}
,
{
"node": "d",
"type": "line-start",
"ref": "P238000.7",
"n": "5'",
"label": "o 5'"}
,
{
"node": "l",
"frag": "maš-ka-na-a-⸢ti-šu₂⸣-[nu",
"id": "P238000.l056ee",
"ref": "P238000.7.1",
"inst": "+maškanu[place of putting//tent]N'N$maškanātišunu",
"sig": "@saao/saa18%akk-x-neobab:maš-ka-na-a-ti-šu₂-nu=maškanu[place of putting//tent]N'N$maškanātišunu",
"f": {"lang": "akk-x-neobab",
"form": "maš-ka-na-a-ti-šu₂-nu",
"cf": "maškanu",
"gw": "place of putting",
"sense": "tent",
"norm": "maškanātišunu",
"pos": "N",
"epos": "N"}
}
,
{
"node": "l",
"frag": "x",
"id": "P238000.l056ef",
"ref": "P238000.7.2",
"inst": "u",
"f": {"lang": "akk-x-neobab",
"form": "x",
"pos": "u"}
}
,
{
"node": "l",
"frag": "x",
"id": "P238000.l056f0",
"ref": "P238000.7.3",
"inst": "u",
"f": {"lang": "akk-x-neobab",
"form": "x",
"pos": "u"}
}
,
{
"node": "l",
"frag": "x",
"id": "P238000.l056f1",
"ref": "P238000.7.4",
"inst": "u",
"f": {"lang": "akk-x-neobab",
"form": "x",
"pos": "u"}
}
,
{
"node": "l",
"frag": "x",
"id": "P238000.l056f2",
"ref": "P238000.7.5",
"inst": "u",
"f": {"lang": "akk-x-neobab",
"form": "x",
"pos": "u"}
}
,
{
"node": "l",
"frag": "x",
"id": "P238000.l056f3",
"ref": "P238000.7.6",
"inst": "u",
"f": {"lang": "akk-x-neobab",
"form": "x",
"pos": "u"}
}
,
{
"node": "l",
"frag": "x",
"id": "P238000.l056f4",
"ref": "P238000.7.7",
"inst": "u",
"f": {"lang": "akk-x-neobab",
"form": "x",
"pos": "u"}
}
,
{
"node": "l",
"frag": "x]",
"id": "P238000.l056f5",
"ref": "P238000.7.8",
"inst": "u",
"f": {"lang": "akk-x-neobab",
"form": "x",
"pos": "u"}
}
,
{
"node": "d",
"type": "line-start",
"ref": "P238000.8",
"n": "6'",
"label": "o 6'"}
,
{
"node": "l",
"frag": "u₃",
"id": "P238000.l056f6",
"ref": "P238000.8.1",
"inst": "u[and]CNJ",
"sig": "@saao/saa18%akk-x-neobab:u₃=u[and//and]CNJ'CNJ$u",
"f": {"lang": "akk-x-neobab",
"form": "u₃",
"cf": "u",
"gw": "and",
"sense": "and",
"norm": "u",
"pos": "CNJ",
"epos": "CNJ"}
}
,
{
"node": "l",
"frag": "MI₂-MEŠ-šu₂-nu",
"id": "P238000.l056f7",
"ref": "P238000.8.2",
"inst": "+šinništu[woman]N$sinnišātišunu",
"sig": "@saao/saa18%akk-x-neobab:MI₂-MEŠ-šu₂-nu=šinništu[woman//woman]N'N$sinnišātišunu",
"f": {"lang": "akk-x-neobab",
"form": "MI₂-MEŠ-šu₂-nu",
"cf": "šinništu",
"gw": "woman",
"sense": "woman",
"norm": "sinnišātišunu",
"pos": "N",
"epos": "N"}
}
,
{
"node": "l",
"frag": "[x",
"id": "P238000.l056f8",
"ref": "P238000.8.3",
"inst": "u",
"f": {"lang": "akk-x-neobab",
"form": "x",
"pos": "u"}
}
,
{
"node": "l",
"frag": "x",
"id": "P238000.l056f9",
"ref": "P238000.8.4",
"inst": "u",
"f": {"lang": "akk-x-neobab",
"form": "x",
"pos": "u"}
}
,
{
"node": "l",
"frag": "x",
"id": "P238000.l056fa",
"ref": "P238000.8.5",
"inst": "u",
"f": {"lang": "akk-x-neobab",
"form": "x",
"pos": "u"}
}
,
{
"node": "l",
"frag": "x",
"id": "P238000.l056fb",
"ref": "P238000.8.6",
"inst": "u",
"f": {"lang": "akk-x-neobab",
"form": "x",
"pos": "u"}
}
,
{
"node": "l",
"frag": "x",
"id": "P238000.l056fc",
"ref": "P238000.8.7",
"inst": "u",
"f": {"lang": "akk-x-neobab",
"form": "x",
"pos": "u"}
}
,
{
"node": "l",
"frag": "x",
"id": "P238000.l056fd",
"ref": "P238000.8.8",
"inst": "u",
"f": {"lang": "akk-x-neobab",
"form": "x",
"pos": "u"}
}
,
{
"node": "l",
"frag": "x",
"id": "P238000.l056fe",
"ref": "P238000.8.9",
"inst": "u",
"f": {"lang": "akk-x-neobab",
"form": "x",
"pos": "u"}
}
,
{
"node": "l",
"frag": "x]",
"id": "P238000.l056ff",
"ref": "P238000.8.10",
"inst": "u",
"f": {"lang": "akk-x-neobab",
"form": "x",
"pos": "u"}
}
,
{
"node": "d",
"type": "line-start",
"ref": "P238000.9",
"n": "7'",
"label": "o 7'"}
,
{
"node": "l",
"frag": "ina",
"id": "P238000.l05700",
"ref": "P238000.9.1",
"inst": "ina[in]PRP",
"sig": "@saao/saa18%akk-x-neobab:ina=ina[in//in accordance with]PRP'PRP$ina",
"f": {"lang": "akk-x-neobab",
"form": "ina",
"cf": "ina",
"gw": "in",
"sense": "in accordance with",
"norm": "ina",
"pos": "PRP",
"epos": "PRP"}
}
,
{
"node": "l",
"frag": "{giš}GIGIR",
"id": "P238000.l05701",
"ref": "P238000.9.2",
"inst": "+narkabtu[chariot]N$narkabti",
"sig": "@saao/saa18%akk-x-neobab:{GIŠ}GIGIR=narkabtu[chariot//chariot]N'N$narkabti",
"f": {"lang": "akk-x-neobab",
"form": "{GIŠ}GIGIR",
"cf": "narkabtu",
"gw": "chariot",
"sense": "chariot",
"norm": "narkabti",
"pos": "N",
"epos": "N"}
}
,
{
"node": "l",
"frag": "a-⸢na⸣",
"id": "P238000.l05702",
"ref": "P238000.9.3",
"inst": "ana[to]PRP",
"sig": "@saao/saa18%akk-x-neobab:a-na=ana[to//to]PRP'PRP$ana",
"f": {"lang": "akk-x-neobab",
"form": "a-na",
"cf": "ana",
"gw": "to",
"sense": "to",
"norm": "ana",
"pos": "PRP",
"epos": "PRP"}
}
,
{
"node": "l",
"frag": "[x",
"id": "P238000.l05703",
"ref": "P238000.9.4",
"inst": "u",
"f": {"lang": "akk-x-neobab",
"form": "x",
"pos": "u"}
}
,
{
"node": "l",
"frag": "x",
"id": "P238000.l05704",
"ref": "P238000.9.5",
"inst": "u",
"f": {"lang": "akk-x-neobab",
"form": "x",
"pos": "u"}
}
,
{
"node": "l",
"frag": "x",
"id": "P238000.l05705",
"ref": "P238000.9.6",
"inst": "u",
"f": {"lang": "akk-x-neobab",
"form": "x",
"pos": "u"}
}
,
{
"node": "l",
"frag": "x",
"id": "P238000.l05706",
"ref": "P238000.9.7",
"inst": "u",
"f": {"lang": "akk-x-neobab",
"form": "x",
"pos": "u"}
}
,
{
"node": "l",
"frag": "x",
"id": "P238000.l05707",
"ref": "P238000.9.8",
"inst": "u",
"f": {"lang": "akk-x-neobab",
"form": "x",
"pos": "u"}
}
,
{
"node": "l",
"frag": "x",
"id": "P238000.l05708",
"ref": "P238000.9.9",
"inst": "u",
"f": {"lang": "akk-x-neobab",
"form": "x",
"pos": "u"}
}
,
{
"node": "l",
"frag": "x",
"id": "P238000.l05709",
"ref": "P238000.9.10",
"inst": "u",
"f": {"lang": "akk-x-neobab",
"form": "x",
"pos": "u"}
}
,
{
"node": "l",
"frag": "x",
"id": "P238000.l0570a",
"ref": "P238000.9.11",
"inst": "u",
"f": {"lang": "akk-x-neobab",
"form": "x",
"pos": "u"}
}
,
{
"node": "l",
"frag": "x]",
"id": "P238000.l0570b",
"ref": "P238000.9.12",
"inst": "u",
"f": {"lang": "akk-x-neobab",
"form": "x",
"pos": "u"}
}
,
{
"node": "d",
"type": "line-start",
"ref": "P238000.10",
"n": "8'",
"label": "o 8'"}
,
{
"node": "l",
"frag": "ki-i",
"id": "P238000.l0570c",
"ref": "P238000.10.1",
"inst": "kî[when]'SBJ",
"sig": "@saao/saa18%akk-x-neobab:ki-i=kī[like//when]PRP'SBJ$kî",
"f": {"lang": "akk-x-neobab",
"form": "ki-i",
"cf": "kī",
"gw": "like",
"sense": "when",
"norm": "kî",
"pos": "PRP",
"epos": "SBJ"}
}
,
{
"node": "l",
"frag": "i-pu-⸢šu₂⸣",
"id": "P238000.l0570d",
"ref": "P238000.10.2",
"inst": "+epēšu[do]V$īpušū",
"sig": "@saao/saa18%akk-x-neobab:i-pu-šu₂=epēšu[do//do]V'V$īpušū",
"f": {"lang": "akk-x-neobab",
"form": "i-pu-šu₂",
"cf": "epēšu",
"gw": "do",
"sense": "do",
"norm": "īpušū",
"pos": "V",
"epos": "V"}
}
,
{
"node": "l",
"frag": "[x",
"id": "P238000.l0570e",
"ref": "P238000.10.3",
"inst": "u",
"f": {"lang": "akk-x-neobab",
"form": "x",
"pos": "u"}
}
,
{
"node": "l",
"frag": "x",
"id": "P238000.l0570f",
"ref": "P238000.10.4",
"inst": "u",
"f": {"lang": "akk-x-neobab",
"form": "x",
"pos": "u"}
}
,
{
"node": "l",
"frag": "x",
"id": "P238000.l05710",
"ref": "P238000.10.5",
"inst": "u",
"f": {"lang": "akk-x-neobab",
"form": "x",
"pos": "u"}
}
,
{
"node": "l",
"frag": "x",
"id": "P238000.l05711",
"ref": "P238000.10.6",
"inst": "u",
"f": {"lang": "akk-x-neobab",
"form": "x",
"pos": "u"}
}
,
{
"node": "l",
"frag": "x",
"id": "P238000.l05712",
"ref": "P238000.10.7",
"inst": "u",
"f": {"lang": "akk-x-neobab",
"form": "x",
"pos": "u"}
}
,
{
"node": "l",
"frag": "x",
"id": "P238000.l05713",
"ref": "P238000.10.8",
"inst": "u",
"f": {"lang": "akk-x-neobab",
"form": "x",
"pos": "u"}
}
,
{
"node": "l",
"frag": "x",
"id": "P238000.l05714",
"ref": "P238000.10.9",
"inst": "u",
"f": {"lang": "akk-x-neobab",
"form": "x",
"pos": "u"}
}
,
{
"node": "l",
"frag": "x",
"id": "P238000.l05715",
"ref": "P238000.10.10",
"inst": "u",
"f": {"lang": "akk-x-neobab",
"form": "x",
"pos": "u"}
}
,
{
"node": "l",
"frag": "x]",
"id": "P238000.l05716",
"ref": "P238000.10.11",
"inst": "u",
"f": {"lang": "akk-x-neobab",
"form": "x",
"pos": "u"}
}
,
{
"node": "d",
"type": "line-start",
"ref": "P238000.11",
"n": "9'",
"label": "o 9'"}
,
{
"node": "l",
"frag": "UN-MEŠ",
"id": "P238000.l05717",
"ref": "P238000.11.1",
"inst": "nišī[people]N",
"sig": "@saao/saa18%akk-x-neobab:UN-MEŠ=nišu[people//people]N'N$nišī",
"f": {"lang": "akk-x-neobab",
"form": "UN-MEŠ",
"cf": "nišu",
"gw": "people",
"sense": "people",
"norm": "nišī",
"pos": "N",
"epos": "N"}
}
,
{
"node": "l",
"frag": "ša₂",
"id": "P238000.l05718",
"ref": "P238000.11.2",
"inst": "ša[of]DET",
"sig": "@saao/saa18%akk-x-neobab:ša₂=ša[of//of]DET'DET$ša",
"f": {"lang": "akk-x-neobab",
"form": "ša₂",
"cf": "ša",
"gw": "of",
"sense": "of",
"norm": "ša",
"pos": "DET",
"epos": "DET"}
}
,
{
"node": "l",
"frag": "TIN.⸢TIR⸣{[ki}",
"id": "P238000.l05719",
"ref": "P238000.11.3",
"inst": "Babili[Babylon]GN",
"sig": "@saao/saa18%akk-x-neobab:TIN.TIR{KI}=Babili[Babylon//Babylon]GN'GN$Babili",
"f": {"lang": "akk-x-neobab",
"form": "TIN.TIR{KI}",
"cf": "Babili",
"gw": "Babylon",
"sense": "Babylon",
"norm": "Babili",
"pos": "GN",
"epos": "GN"}
}
,
{
"node": "l",
"frag": "x",
"id": "P238000.l0571a",
"ref": "P238000.11.4",
"inst": "u",
"f": {"lang": "akk-x-neobab",
"form": "x",
"pos": "u"}
}
,
{
"node": "l",
"frag": "x",
"id": "P238000.l0571b",
"ref": "P238000.11.5",
"inst": "u",
"f": {"lang": "akk-x-neobab",
"form": "x",
"pos": "u"}
}
,
{
"node": "l",
"frag": "x",
"id": "P238000.l0571c",
"ref": "P238000.11.6",
"inst": "u",
"f": {"lang": "akk-x-neobab",
"form": "x",
"pos": "u"}
}
,
{
"node": "l",
"frag": "x",
"id": "P238000.l0571d",
"ref": "P238000.11.7",
"inst": "u",
"f": {"lang": "akk-x-neobab",
"form": "x",
"pos": "u"}
}
,
{
"node": "l",
"frag": "x",
"id": "P238000.l0571e",
"ref": "P238000.11.8",
"inst": "u",
"f": {"lang": "akk-x-neobab",
"form": "x",
"pos": "u"}
}
,
{
"node": "l",
"frag": "x",
"id": "P238000.l0571f",
"ref": "P238000.11.9",
"inst": "u",
"f": {"lang": "akk-x-neobab",
"form": "x",
"pos": "u"}
}
,
{
"node": "l",
"frag": "x]",
"id": "P238000.l05720",
"ref": "P238000.11.10",
"inst": "u",
"f": {"lang": "akk-x-neobab",
"form": "x",
"pos": "u"}
}
,
{
"node": "d",
"type": "line-start",
"ref": "P238000.12",
"n": "10'",
"label": "o 10'"}
,
{
"node": "l",
"frag": "i-dab-bu-bu",
"id": "P238000.l05721",
"ref": "P238000.12.1",
"inst": "idabbubū[speak]V",
"sig": "@saao/saa18%akk-x-neobab:i-dab-bu-bu=dabābu[speak//plot]V'V$idabbubū",
"f": {"lang": "akk-x-neobab",
"form": "i-dab-bu-bu",
"cf": "dabābu",
"gw": "speak",
"sense": "plot",
"norm": "idabbubū",
"pos": "V",
"epos": "V"}
}
,
{
"node": "l",
"frag": "⸢UGU⸣",
"id": "P238000.l05722",
"ref": "P238000.12.2",
"inst": "muhhi[skull]N",
"sig": "@saao/saa18%akk-x-neobab:UGU=muhhu[skull//skull]N'N$muhhi",
"f": {"lang": "akk-x-neobab",
"form": "UGU",
"cf": "muhhu",
"gw": "skull",
"sense": "skull",
"norm": "muhhi",
"pos": "N",
"epos": "N"}
}
,
{
"node": "l",
"frag": "[x",
"id": "P238000.l05723",
"ref": "P238000.12.3",
"inst": "u",
"f": {"lang": "akk-x-neobab",
"form": "x",
"pos": "u"}
}
,
{
"node": "l",
"frag": "x",
"id": "P238000.l05724",
"ref": "P238000.12.4",
"inst": "u",
"f": {"lang": "akk-x-neobab",
"form": "x",
"pos": "u"}
}
,
{
"node": "l",
"frag": "x",
"id": "P238000.l05725",
"ref": "P238000.12.5",
"inst": "u",
"f": {"lang": "akk-x-neobab",
"form": "x",
"pos": "u"}
}
,
{
"node": "l",
"frag": "x",
"id": "P238000.l05726",
"ref": "P238000.12.6",
"inst": "u",
"f": {"lang": "akk-x-neobab",
"form": "x",
"pos": "u"}
}
,
{
"node": "l",
"frag": "x",
"id": "P238000.l05727",
"ref": "P238000.12.7",
"inst": "u",
"f": {"lang": "akk-x-neobab",
"form": "x",
"pos": "u"}
}
,
{
"node": "l",
"frag": "x",
"id": "P238000.l05728",
"ref": "P238000.12.8",
"inst": "u",
"f": {"lang": "akk-x-neobab",
"form": "x",
"pos": "u"}
}
,
{
"node": "l",
"frag": "x]",
"id": "P238000.l05729",
"ref": "P238000.12.9",
"inst": "u",
"f": {"lang": "akk-x-neobab",
"form": "x",
"pos": "u"}
}
,
{
"node": "d",
"type": "line-start",
"ref": "P238000.13",
"n": "11'",
"label": "o 11'"}
,
{
"node": "l",
"frag": "i-dag-ga-lu",
"id": "P238000.l0572a",
"ref": "P238000.13.1",
"inst": "+dagālu[see//look]V'V$idaggalū",
"sig": "@saao/saa18%akk-x-neobab:i-dag-ga-lu=dagālu[see//look]V'V$idaggalū",
"f": {"lang": "akk-x-neobab",
"form": "i-dag-ga-lu",
"cf": "dagālu",
"gw": "see",
"sense": "look",
"norm": "idaggalū",
"pos": "V",
"epos": "V"}
}
,
{
"node": "l",
"frag": "⸢u₃⸣",
"id": "P238000.l0572b",
"ref": "P238000.13.2",
"inst": "u[and]CNJ",
"sig": "@saao/saa18%akk-x-neobab:u₃=u[and//and]CNJ'CNJ$u",
"f": {"lang": "akk-x-neobab",
"form": "u₃",
"cf": "u",
"gw": "and",
"sense": "and",
"norm": "u",
"pos": "CNJ",
"epos": "CNJ"}
}
,
{
"node": "l",
"frag": "[x",
"id": "P238000.l0572c",
"ref": "P238000.13.3",
"inst": "u",
"f": {"lang": "akk-x-neobab",
"form": "x",
"pos": "u"}
}
,
{
"node": "l",
"frag": "x",
"id": "P238000.l0572d",
"ref": "P238000.13.4",
"inst": "u",
"f": {"lang": "akk-x-neobab",
"form": "x",
"pos": "u"}
}
,
{
"node": "l",
"frag": "x",
"id": "P238000.l0572e",
"ref": "P238000.13.5",
"inst": "u",
"f": {"lang": "akk-x-neobab",
"form": "x",
"pos": "u"}
}
,
{
"node": "l",
"frag": "x",
"id": "P238000.l0572f",
"ref": "P238000.13.6",
"inst": "u",
"f": {"lang": "akk-x-neobab",
"form": "x",
"pos": "u"}
}
,
{
"node": "l",
"frag": "x",
"id": "P238000.l05730",
"ref": "P238000.13.7",
"inst": "u",
"f": {"lang": "akk-x-neobab",
"form": "x",
"pos": "u"}
}
,
{
"node": "l",
"frag": "x",
"id": "P238000.l05731",
"ref": "P238000.13.8",
"inst": "u",
"f": {"lang": "akk-x-neobab",
"form": "x",
"pos": "u"}
}
,
{
"node": "l",
"frag": "x]",
"id": "P238000.l05732",
"ref": "P238000.13.9",
"inst": "u",
"f": {"lang": "akk-x-neobab",
"form": "x",
"pos": "u"}
}
,
{
"node": "d",
"type": "line-start",
"ref": "P238000.14",
"n": "12'",
"label": "o 12'"}
,
{
"node": "l",
"frag": "⸢ni-kit-ti⸣",
"id": "P238000.l05733",
"ref": "P238000.14.1",
"inst": "+niqittu[anxiety//fear]N'N$nikitti",
"sig": "@saao/saa18%akk-x-neobab:ni-kit-ti=niqittu[anxiety//fear]N'N$nikitti",
"f": {"lang": "akk-x-neobab",
"form": "ni-kit-ti",
"cf": "niqittu",
"gw": "anxiety",
"sense": "fear",
"norm": "nikitti",
"pos": "N",
"epos": "N"}
}
,
{
"node": "l",
"frag": "šu-nu",
"id": "P238000.l05734",
"ref": "P238000.14.2",
"inst": "šunu[they]IP",
"sig": "@saao/saa18%akk-x-neobab:šu-nu=šunu[they//they]IP'IP$šunu",
"f": {"lang": "akk-x-neobab",
"form": "šu-nu",
"cf": "šunu",
"gw": "they",
"sense": "they",
"norm": "šunu",
"pos": "IP",
"epos": "IP"}
}
,
{
"node": "l",
"frag": "⸢x⸣+[x",
"id": "P238000.l05735",
"ref": "P238000.14.3",
"inst": "u",
"f": {"lang": "akk-x-neobab",
"form": "x+x",
"pos": "u"}
}
,
{
"node": "l",
"frag": "x",
"id": "P238000.l05736",
"ref": "P238000.14.4",
"inst": "u",
"f": {"lang": "akk-x-neobab",
"form": "x",
"pos": "u"}
}
,
{
"node": "l",
"frag": "x",
"id": "P238000.l05737",
"ref": "P238000.14.5",
"inst": "u",
"f": {"lang": "akk-x-neobab",
"form": "x",
"pos": "u"}
}
,
{
"node": "l",
"frag": "x",
"id": "P238000.l05738",
"ref": "P238000.14.6",
"inst": "u",
"f": {"lang": "akk-x-neobab",
"form": "x",
"pos": "u"}
}
,
{
"node": "l",
"frag": "x",
"id": "P238000.l05739",
"ref": "P238000.14.7",
"inst": "u",
"f": {"lang": "akk-x-neobab",
"form": "x",
"pos": "u"}
}
,
{
"node": "l",
"frag": "x",
"id": "P238000.l0573a",
"ref": "P238000.14.8",
"inst": "u",
"f": {"lang": "akk-x-neobab",
"form": "x",
"pos": "u"}
}
,
{
"node": "l",
"frag": "x]",
"id": "P238000.l0573b",
"ref": "P238000.14.9",
"inst": "u",
"f": {"lang": "akk-x-neobab",
"form": "x",
"pos": "u"}
}
,
{
"node": "d",
"type": "line-start",
"ref": "P238000.15",
"n": "13'",
"label": "o 13'"}
,
{
"node": "l",
"frag": "[x]-⸢x-šu⸣-nu-⸢ti",
"id": "P238000.l0573c",
"ref": "P238000.15.1",
"inst": "u",
"f": {"lang": "akk-x-neobab",
"form": "x-x-šu-nu-ti",
"pos": "u"}
}
,
{
"node": "l",
"frag": "x⸣+[x",
"id": "P238000.l0573d",
"ref": "P238000.15.2",
"inst": "u",
"f": {"lang": "akk-x-neobab",
"form": "x+x",
"pos": "u"}
}
,
{
"node": "l",
"frag": "x",
"id": "P238000.l0573e",
"ref": "P238000.15.3",
"inst": "u",
"f": {"lang": "akk-x-neobab",
"form": "x",
"pos": "u"}
}
,
{
"node": "l",
"frag": "x",
"id": "P238000.l0573f",
"ref": "P238000.15.4",
"inst": "u",
"f": {"lang": "akk-x-neobab",
"form": "x",
"pos": "u"}
}
,
{
"node": "l",
"frag": "x",
"id": "P238000.l05740",
"ref": "P238000.15.5",
"inst": "u",
"f": {"lang": "akk-x-neobab",
"form": "x",
"pos": "u"}
}
,
{
"node": "l",
"frag": "x",
"id": "P238000.l05741",
"ref": "P238000.15.6",
"inst": "u",
"f": {"lang": "akk-x-neobab",
"form": "x",
"pos": "u"}
}
,
{
"node": "l",
"frag": "x",
"id": "P238000.l05742",
"ref": "P238000.15.7",
"inst": "u",
"f": {"lang": "akk-x-neobab",
"form": "x",
"pos": "u"}
}
,
{
"node": "l",
"frag": "x]",
"id": "P238000.l05743",
"ref": "P238000.15.8",
"inst": "u",
"f": {"lang": "akk-x-neobab",
"form": "x",
"pos": "u"}
}
,
{
"node": "d",
"type": "line-start",
"ref": "P238000.16",
"n": "14'",
"label": "o 14'"}
,
{
"node": "l",
"frag": "[x",
"id": "P238000.l05744",
"ref": "P238000.16.1",
"inst": "u",
"f": {"lang": "akk-x-neobab",
"form": "x",
"pos": "u"}
}
,
{
"node": "l",
"frag": "x",
"id": "P238000.l05745",
"ref": "P238000.16.2",
"inst": "u",
"f": {"lang": "akk-x-neobab",
"form": "x",
"pos": "u"}
}
,
{
"node": "l",
"frag": "x",
"id": "P238000.l05746",
"ref": "P238000.16.3",
"inst": "u",
"f": {"lang": "akk-x-neobab",
"form": "x",
"pos": "u"}
}
,
{
"node": "l",
"frag": "x]",
"id": "P238000.l05747",
"ref": "P238000.16.4",
"inst": "u",
"f": {"lang": "akk-x-neobab",
"form": "x",
"pos": "u"}
}
,
{
"node": "l",
"frag": "⸢x",
"id": "P238000.l05748",
"ref": "P238000.16.5",
"inst": "u",
"f": {"lang": "akk-x-neobab",
"form": "x",
"pos": "u"}
}
,
{
"node": "l",
"frag": "x⸣",
"id": "P238000.l05749",
"ref": "P238000.16.6",
"inst": "u",
"f": {"lang": "akk-x-neobab",
"form": "x",
"pos": "u"}
}
,
{
"node": "l",
"frag": "[x",
"id": "P238000.l0574a",
"ref": "P238000.16.7",
"inst": "u",
"f": {"lang": "akk-x-neobab",
"form": "x",
"pos": "u"}
}
,
{
"node": "l",
"frag": "x",
"id": "P238000.l0574b",
"ref": "P238000.16.8",
"inst": "u",
"f": {"lang": "akk-x-neobab",
"form": "x",
"pos": "u"}
}
,
{
"node": "l",
"frag": "x",
"id": "P238000.l0574c",
"ref": "P238000.16.9",
"inst": "u",
"f": {"lang": "akk-x-neobab",
"form": "x",
"pos": "u"}
}
,
{
"node": "l",
"frag": "x",
"id": "P238000.l0574d",
"ref": "P238000.16.10",
"inst": "u",
"f": {"lang": "akk-x-neobab",
"form": "x",
"pos": "u"}
}
,
{
"node": "l",
"frag": "x",
"id": "P238000.l0574e",
"ref": "P238000.16.11",
"inst": "u",
"f": {"lang": "akk-x-neobab",
"form": "x",
"pos": "u"}
}
,
{
"node": "l",
"frag": "x]",
"id": "P238000.l0574f",
"ref": "P238000.16.12",
"inst": "u",
"f": {"lang": "akk-x-neobab",
"form": "x",
"pos": "u"}
}
,
{
"node": "d",
"type": "nonx",
"ref": "P238000.17",
"strict": "0",
"extent": "rest",
"state": "missing"}
,
{
"node": "d",
"subtype": "reverse",
"type": "surface",
"ref": "P238000.r.18",
"type": "reverse",
"label": "r"}
,
{
"node": "d",
"type": "nonx",
"ref": "P238000.19",
"strict": "0",
"extent": "beginning",
"state": "missing"}
,
{
"node": "d",
"type": "line-start",
"ref": "P238000.20",
"n": "1'",
"label": "r 1'"}
,
{
"node": "l",
"frag": "⸢ša₂",
"id": "P238000.l05750",
"ref": "P238000.20.1",
"inst": "ša[of]DET",
"sig": "@saao/saa18%akk-x-neobab:ša₂=ša[of//of]DET'DET$ša",
"f": {"lang": "akk-x-neobab",
"form": "ša₂",
"cf": "ša",
"gw": "of",
"sense": "of",
"norm": "ša",
"pos": "DET",
"epos": "DET"}
}
,
{
"node": "c",
"type": "phrase",
"tag": "phr",
"id": "P238000.U4",
"ref": "P238000.ls00000",
"cdl": [
{
"node": "l",
"frag": "{lu₂}A-KIN⸣",
"id": "P238000.l05751",
"ref": "P238000.20.2",
"cof-tails": "P238000.l05752",
"inst": "mār[son]N&šipri[sending]N",
"sig": "@saao/saa18%akk-x-neobab:{LU₂}A-KIN=māru[son//son]N'N$mār&&@saao/saa18%akk-x-neobab:=šipru[sending//sending]N'N$šipri",
"f": {"lang": "akk-x-neobab",
"form": "{LU₂}A-KIN",
"cf": "māru",
"gw": "son",
"sense": "son",
"norm": "mār",
"pos": "N",
"epos": "N"}
}
,
{
"node": "l",
"frag": "{lu₂}A-KIN⸣",
"id": "P238000.l05752",
"ref": "P238000.20.2",
"cof-head": "P238000.l05751",
"inst": "mār[son]N&šipri[sending]N",
"tail-sig": "@saao/saa18%akk-x-neobab:=šipru[sending//sending]N'N$šipri",
"f": {"lang": "akk-x-neobab",
"form": "{LU₂}A-KIN",
"cf": "šipru",
"gw": "sending",
"sense": "sending",
"norm": "šipri",
"pos": "N",
"epos": "N"}
}
]}
,
{
"node": "l",
"frag": "[x",
"id": "P238000.l05753",
"ref": "P238000.20.3",
"inst": "u",
"f": {"lang": "akk-x-neobab",
"form": "x",
"pos": "u"}
}
,
{
"node": "l",
"frag": "x",
"id": "P238000.l05754",
"ref": "P238000.20.4",
"inst": "u",
"f": {"lang": "akk-x-neobab",
"form": "x",
"pos": "u"}
}
,
{
"node": "l",
"frag": "x",
"id": "P238000.l05755",
"ref": "P238000.20.5",
"inst": "u",
"f": {"lang": "akk-x-neobab",
"form": "x",
"pos": "u"}
}
,
{
"node": "l",
"frag": "x",
"id": "P238000.l05756",
"ref": "P238000.20.6",
"inst": "u",
"f": {"lang": "akk-x-neobab",
"form": "x",
"pos": "u"}
}
,
{
"node": "l",
"frag": "x",
"id": "P238000.l05757",
"ref": "P238000.20.7",
"inst": "u",
"f": {"lang": "akk-x-neobab",
"form": "x",
"pos": "u"}
}
,
{
"node": "l",
"frag": "x",
"id": "P238000.l05758",
"ref": "P238000.20.8",
"inst": "u",
"f": {"lang": "akk-x-neobab",
"form": "x",
"pos": "u"}
}
,
{
"node": "l",
"frag": "x",
"id": "P238000.l05759",
"ref": "P238000.20.9",
"inst": "u",
"f": {"lang": "akk-x-neobab",
"form": "x",
"pos": "u"}
}
,
{
"node": "l",
"frag": "x",
"id": "P238000.l0575a",
"ref": "P238000.20.10",
"inst": "u",
"f": {"lang": "akk-x-neobab",
"form": "x",
"pos": "u"}
}
,
{
"node": "l",
"frag": "x]",
"id": "P238000.l0575b",
"ref": "P238000.20.11",
"inst": "u",
"f": {"lang": "akk-x-neobab",
"form": "x",
"pos": "u"}
}
,
{
"node": "d",
"type": "nonx",
"ref": "P238000.21",
"strict": "0",
"state": "other"}
,
{
"node": "d",
"type": "line-start",
"ref": "P238000.22",
"n": "2'",
"label": "r 2'"}
,
{
"node": "l",
"frag": "⸢x",
"id": "P238000.l0575c",
"ref": "P238000.22.1",
"inst": "u",
"f": {"lang": "akk-x-neobab",
"form": "x",
"pos": "u"}
}
,
{
"node": "l",
"frag": "x",
"id": "P238000.l0575d",
"ref": "P238000.22.2",
"inst": "u",
"f": {"lang": "akk-x-neobab",
"form": "x",
"pos": "u"}
}
,
{
"node": "l",
"frag": "x",
"id": "P238000.l0575e",
"ref": "P238000.22.3",
"inst": "u",
"f": {"lang": "akk-x-neobab",
"form": "x",
"pos": "u"}
}
,
{
"node": "l",
"frag": "x",
"id": "P238000.l0575f",
"ref": "P238000.22.4",
"inst": "u",
"f": {"lang": "akk-x-neobab",
"form": "x",
"pos": "u"}
}
,
{
"node": "l",
"frag": "x",
"id": "P238000.l05760",
"ref": "P238000.22.5",
"inst": "u",
"f": {"lang": "akk-x-neobab",
"form": "x",
"pos": "u"}
}
,
{
"node": "l",
"frag": "x⸣",
"id": "P238000.l05761",
"ref": "P238000.22.6",
"inst": "u",
"f": {"lang": "akk-x-neobab",
"form": "x",
"pos": "u"}
}
,
{
"node": "l",
"frag": "[x",
"id": "P238000.l05762",
"ref": "P238000.22.7",
"inst": "u",
"f": {"lang": "akk-x-neobab",
"form": "x",
"pos": "u"}
}
,
{
"node": "l",
"frag": "x",
"id": "P238000.l05763",
"ref": "P238000.22.8",
"inst": "u",
"f": {"lang": "akk-x-neobab",
"form": "x",
"pos": "u"}
}
,
{
"node": "l",
"frag": "x",
"id": "P238000.l05764",
"ref": "P238000.22.9",
"inst": "u",
"f": {"lang": "akk-x-neobab",
"form": "x",
"pos": "u"}
}
,
{
"node": "l",
"frag": "x",
"id": "P238000.l05765",
"ref": "P238000.22.10",
"inst": "u",
"f": {"lang": "akk-x-neobab",
"form": "x",
"pos": "u"}
}
,
{
"node": "l",
"frag": "x",
"id": "P238000.l05766",
"ref": "P238000.22.11",
"inst": "u",
"f": {"lang": "akk-x-neobab",
"form": "x",
"pos": "u"}
}
,
{
"node": "l",
"frag": "x]",
"id": "P238000.l05767",
"ref": "P238000.22.12",
"inst": "u",
"f": {"lang": "akk-x-neobab",
"form": "x",
"pos": "u"}
}
,
{
"node": "d",
"type": "line-start",
"ref": "P238000.23",
"n": "3'",
"label": "r 3'"}
,
{
"node": "l",
"frag": "⸢x",
"id": "P238000.l05768",
"ref": "P238000.23.1",
"inst": "u",
"f": {"lang": "akk-x-neobab",
"form": "x",
"pos": "u"}
}
,
{
"node": "l",
"frag": "x",
"id": "P238000.l05769",
"ref": "P238000.23.2",
"inst": "u",
"f": {"lang": "akk-x-neobab",
"form": "x",
"pos": "u"}
}
,
{
"node": "l",
"frag": "x",
"id": "P238000.l0576a",
"ref": "P238000.23.3",
"inst": "u",
"f": {"lang": "akk-x-neobab",
"form": "x",
"pos": "u"}
}
,
{
"node": "l",
"frag": "x",
"id": "P238000.l0576b",
"ref": "P238000.23.4",
"inst": "u",
"f": {"lang": "akk-x-neobab",
"form": "x",
"pos": "u"}
}
,
{
"node": "l",
"frag": "x",
"id": "P238000.l0576c",
"ref": "P238000.23.5",
"inst": "u",
"f": {"lang": "akk-x-neobab",
"form": "x",
"pos": "u"}
}
,
{
"node": "l",
"frag": "x⸣",
"id": "P238000.l0576d",
"ref": "P238000.23.6",
"inst": "u",
"f": {"lang": "akk-x-neobab",
"form": "x",
"pos": "u"}
}
,
{
"node": "l",
"frag": "[x",
"id": "P238000.l0576e",
"ref": "P238000.23.7",
"inst": "u",
"f": {"lang": "akk-x-neobab",
"form": "x",
"pos": "u"}
}
,
{
"node": "l",
"frag": "x",
"id": "P238000.l0576f",
"ref": "P238000.23.8",
"inst": "u",
"f": {"lang": "akk-x-neobab",
"form": "x",
"pos": "u"}
}
,
{
"node": "l",
"frag": "x",
"id": "P238000.l05770",
"ref": "P238000.23.9",
"inst": "u",
"f": {"lang": "akk-x-neobab",
"form": "x",
"pos": "u"}
}
,
{
"node": "l",
"frag": "x",
"id": "P238000.l05771",
"ref": "P238000.23.10",
"inst": "u",
"f": {"lang": "akk-x-neobab",
"form": "x",
"pos": "u"}
}
,
{
"node": "l",
"frag": "x",
"id": "P238000.l05772",
"ref": "P238000.23.11",
"inst": "u",
"f": {"lang": "akk-x-neobab",
"form": "x",
"pos": "u"}
}
,
{
"node": "l",
"frag": "x]",
"id": "P238000.l05773",
"ref": "P238000.23.12",
"inst": "u",
"f": {"lang": "akk-x-neobab",
"form": "x",
"pos": "u"}
}
,
{
"node": "d",
"type": "line-start",
"ref": "P238000.24",
"n": "4'",
"label": "r 4'"}
,
{
"node": "l",
"frag": "⸢x",
"id": "P238000.l05774",
"ref": "P238000.24.1",
"inst": "u",
"f": {"lang": "akk-x-neobab",
"form": "x",
"pos": "u"}
}
,
{
"node": "l",
"frag": "x",
"id": "P238000.l05775",
"ref": "P238000.24.2",
"inst": "u",
"f": {"lang": "akk-x-neobab",
"form": "x",
"pos": "u"}
}
,
{
"node": "l",
"frag": "x",
"id": "P238000.l05776",
"ref": "P238000.24.3",
"inst": "u",
"f": {"lang": "akk-x-neobab",
"form": "x",
"pos": "u"}
}
,
{
"node": "l",
"frag": "x",
"id": "P238000.l05777",
"ref": "P238000.24.4",
"inst": "u",
"f": {"lang": "akk-x-neobab",
"form": "x",
"pos": "u"}
}
,
{
"node": "l",
"frag": "x",
"id": "P238000.l05778",
"ref": "P238000.24.5",
"inst": "u",
"f": {"lang": "akk-x-neobab",
"form": "x",
"pos": "u"}
}
,
{
"node": "l",
"frag": "x⸣",
"id": "P238000.l05779",
"ref": "P238000.24.6",
"inst": "u",
"f": {"lang": "akk-x-neobab",
"form": "x",
"pos": "u"}
}
,
{
"node": "l",
"frag": "[x",
"id": "P238000.l0577a",
"ref": "P238000.24.7",
"inst": "u",
"f": {"lang": "akk-x-neobab",
"form": "x",
"pos": "u"}
}
,
{
"node": "l",
"frag": "x",
"id": "P238000.l0577b",
"ref": "P238000.24.8",
"inst": "u",
"f": {"lang": "akk-x-neobab",
"form": "x",
"pos": "u"}
}
,
{
"node": "l",
"frag": "x",
"id": "P238000.l0577c",
"ref": "P238000.24.9",
"inst": "u",
"f": {"lang": "akk-x-neobab",
"form": "x",
"pos": "u"}
}
,
{
"node": "l",
"frag": "x",
"id": "P238000.l0577d",
"ref": "P238000.24.10",
"inst": "u",
"f": {"lang": "akk-x-neobab",
"form": "x",
"pos": "u"}
}
,
{
"node": "l",
"frag": "x",
"id": "P238000.l0577e",
"ref": "P238000.24.11",
"inst": "u",
"f": {"lang": "akk-x-neobab",
"form": "x",
"pos": "u"}
}
,
{
"node": "l",
"frag": "x]",
"id": "P238000.l0577f",
"ref": "P238000.24.12",
"inst": "u",
"f": {"lang": "akk-x-neobab",
"form": "x",
"pos": "u"}
}
,
{
"node": "d",
"type": "line-start",
"ref": "P238000.25",
"n": "5'",
"label": "r 5'"}
,
{
"node": "l",
"frag": "⸢ki-i",
"id": "P238000.l05780",
"ref": "P238000.25.1",
"inst": "kî[if]'MOD",
"sig": "@saao/saa18%akk-x-neobab:ki-i=kī[like//if]PRP'MOD$kî",
"f": {"lang": "akk-x-neobab",
"form": "ki-i",
"cf": "kī",
"gw": "like",
"sense": "if",
"norm": "kî",
"pos": "PRP",
"epos": "MOD"}
}
,
{
"node": "l",
"frag": "x",
"id": "P238000.l05781",
"ref": "P238000.25.2",
"inst": "u",
"f": {"lang": "akk-x-neobab",
"form": "x",
"pos": "u"}
}
,
{
"node": "l",
"frag": "x",
"id": "P238000.l05782",
"ref": "P238000.25.3",
"inst": "u",
"f": {"lang": "akk-x-neobab",
"form": "x",
"pos": "u"}
}
,
{
"node": "l",
"frag": "x-MEŠ⸣",
"id": "P238000.l05783",
"ref": "P238000.25.4",
"inst": "u",
"f": {"lang": "akk-x-neobab",
"form": "x-MEŠ",
"pos": "u"}
}
,
{
"node": "l",
"frag": "[x",
"id": "P238000.l05784",
"ref": "P238000.25.5",
"inst": "u",
"f": {"lang": "akk-x-neobab",
"form": "x",
"pos": "u"}
}
,
{
"node": "l",
"frag": "x",
"id": "P238000.l05785",
"ref": "P238000.25.6",
"inst": "u",
"f": {"lang": "akk-x-neobab",
"form": "x",
"pos": "u"}
}
,
{
"node": "l",
"frag": "x",
"id": "P238000.l05786",
"ref": "P238000.25.7",
"inst": "u",
"f": {"lang": "akk-x-neobab",
"form": "x",
"pos": "u"}
}
,
{
"node": "l",
"frag": "x",
"id": "P238000.l05787",
"ref": "P238000.25.8",
"inst": "u",
"f": {"lang": "akk-x-neobab",
"form": "x",
"pos": "u"}
}
,
{
"node": "l",
"frag": "x",
"id": "P238000.l05788",
"ref": "P238000.25.9",
"inst": "u",
"f": {"lang": "akk-x-neobab",
"form": "x",
"pos": "u"}
}
,
{
"node": "l",
"frag": "x]",
"id": "P238000.l05789",
"ref": "P238000.25.10",
"inst": "u",
"f": {"lang": "akk-x-neobab",
"form": "x",
"pos": "u"}
}
,
{
"node": "d",
"type": "line-start",
"ref": "P238000.26",
"n": "6'",
"label": "r 6'"}
,
{
"node": "l",
"frag": "TIN.⸢TIR{ki}",
"id": "P238000.l0578a",
"ref": "P238000.26.1",
"inst": "Babili[Babylon]GN",
"sig": "@saao/saa18%akk-x-neobab:TIN.TIR{KI}=Babili[Babylon//Babylon]GN'GN$Babili",
"f": {"lang": "akk-x-neobab",
"form": "TIN.TIR{KI}",
"cf": "Babili",
"gw": "Babylon",
"sense": "Babylon",
"norm": "Babili",
"pos": "GN",
"epos": "GN"}
}
,
{
"node": "l",
"frag": "x",
"id": "P238000.l0578b",
"ref": "P238000.26.2",
"inst": "u",
"f": {"lang": "akk-x-neobab",
"form": "x",
"pos": "u"}
}
,
{
"node": "l",
"frag": "x",
"id": "P238000.l0578c",
"ref": "P238000.26.3",
"inst": "u",
"f": {"lang": "akk-x-neobab",
"form": "x",
"pos": "u"}
}
,
{
"node": "l",
"frag": "x⸣",
"id": "P238000.l0578d",
"ref": "P238000.26.4",
"inst": "u",
"f": {"lang": "akk-x-neobab",
"form": "x",
"pos": "u"}
}
,
{
"node": "l",
"frag": "[x",
"id": "P238000.l0578e",
"ref": "P238000.26.5",
"inst": "u",
"f": {"lang": "akk-x-neobab",
"form": "x",
"pos": "u"}
}
,
{
"node": "l",
"frag": "x",
"id": "P238000.l0578f",
"ref": "P238000.26.6",
"inst": "u",
"f": {"lang": "akk-x-neobab",
"form": "x",
"pos": "u"}
}
,
{
"node": "l",
"frag": "x",
"id": "P238000.l05790",
"ref": "P238000.26.7",
"inst": "u",
"f": {"lang": "akk-x-neobab",
"form": "x",
"pos": "u"}
}
,
{
"node": "l",
"frag": "x",
"id": "P238000.l05791",
"ref": "P238000.26.8",
"inst": "u",
"f": {"lang": "akk-x-neobab",
"form": "x",
"pos": "u"}
}
,
{
"node": "l",
"frag": "x",
"id": "P238000.l05792",
"ref": "P238000.26.9",
"inst": "u",
"f": {"lang": "akk-x-neobab",
"form": "x",
"pos": "u"}
}
,
{
"node": "l",
"frag": "x]",
"id": "P238000.l05793",
"ref": "P238000.26.10",
"inst": "u",
"f": {"lang": "akk-x-neobab",
"form": "x",
"pos": "u"}
}
,
{
"node": "d",
"type": "line-start",
"ref": "P238000.27",
"n": "7'",
"label": "r 7'"}
,
{
"node": "l",
"frag": "LUGAL",
"id": "P238000.l05794",
"ref": "P238000.27.1",
"inst": "šarru[king]N",
"sig": "@saao/saa18%akk-x-neobab:LUGAL=šarru[king//king]N'N$šarru",
"f": {"lang": "akk-x-neobab",
"form": "LUGAL",
"cf": "šarru",
"gw": "king",
"sense": "king",
"norm": "šarru",
"pos": "N",
"epos": "N"}
}
,
{
"node": "l",
"frag": "⸢be-li₂-x",
"id": "P238000.l05795",
"ref": "P238000.27.2",
"inst": "u",
"f": {"lang": "akk-x-neobab",
"form": "be-li₂-x",
"pos": "u"}
}
,
{
"node": "l",
"frag": "x",
"id": "P238000.l05796",
"ref": "P238000.27.3",
"inst": "u",
"f": {"lang": "akk-x-neobab",
"form": "x",
"pos": "u"}
}
,
{
"node": "l",
"frag": "x⸣",
"id": "P238000.l05797",
"ref": "P238000.27.4",
"inst": "u",
"f": {"lang": "akk-x-neobab",
"form": "x",
"pos": "u"}
}
,
{
"node": "l",
"frag": "[x",
"id": "P238000.l05798",
"ref": "P238000.27.5",
"inst": "u",
"f": {"lang": "akk-x-neobab",
"form": "x",
"pos": "u"}
}
,
{
"node": "l",
"frag": "x",
"id": "P238000.l05799",
"ref": "P238000.27.6",
"inst": "u",
"f": {"lang": "akk-x-neobab",
"form": "x",
"pos": "u"}
}
,
{
"node": "l",
"frag": "x",
"id": "P238000.l0579a",
"ref": "P238000.27.7",
"inst": "u",
"f": {"lang": "akk-x-neobab",
"form": "x",
"pos": "u"}
}
,
{
"node": "l",
"frag": "x",
"id": "P238000.l0579b",
"ref": "P238000.27.8",
"inst": "u",
"f": {"lang": "akk-x-neobab",
"form": "x",
"pos": "u"}
}
,
{
"node": "l",
"frag": "x",
"id": "P238000.l0579c",
"ref": "P238000.27.9",
"inst": "u",
"f": {"lang": "akk-x-neobab",
"form": "x",
"pos": "u"}
}
,
{
"node": "l",
"frag": "x]",
"id": "P238000.l0579d",
"ref": "P238000.27.10",
"inst": "u",
"f": {"lang": "akk-x-neobab",
"form": "x",
"pos": "u"}
}
,
{
"node": "d",
"type": "line-start",
"ref": "P238000.28",
"n": "8'",
"label": "r 8'"}
,
{
"node": "l",
"frag": "liš-⸢al",
"id": "P238000.l0579e",
"ref": "P238000.28.1",
"inst": "lišʾal[ask]V",
"sig": "@saao/saa18%akk-x-neobab:liš-al=šâlu[ask//ask]V'V$lišʾal",
"f": {"lang": "akk-x-neobab",
"form": "liš-al",
"cf": "šâlu",
"gw": "ask",
"sense": "ask",
"norm": "lišʾal",
"pos": "V",
"epos": "V"}
}
,
{
"node": "l",
"frag": "x",
"id": "P238000.l0579f",
"ref": "P238000.28.2",
"inst": "u",
"f": {"lang": "akk-x-neobab",
"form": "x",
"pos": "u"}
}
,
{
"node": "l",
"frag": "x",
"id": "P238000.l057a0",
"ref": "P238000.28.3",
"inst": "u",
"f": {"lang": "akk-x-neobab",
"form": "x",
"pos": "u"}
}
,
{
"node": "l",
"frag": "x",
"id": "P238000.l057a1",
"ref": "P238000.28.4",
"inst": "u",
"f": {"lang": "akk-x-neobab",
"form": "x",
"pos": "u"}
}
,
{
"node": "l",
"frag": "x⸣",
"id": "P238000.l057a2",
"ref": "P238000.28.5",
"inst": "u",
"f": {"lang": "akk-x-neobab",
"form": "x",
"pos": "u"}
}
,
{
"node": "l",
"frag": "[x",
"id": "P238000.l057a3",
"ref": "P238000.28.6",
"inst": "u",
"f": {"lang": "akk-x-neobab",
"form": "x",
"pos": "u"}
}
,
{
"node": "l",
"frag": "x",
"id": "P238000.l057a4",
"ref": "P238000.28.7",
"inst": "u",
"f": {"lang": "akk-x-neobab",
"form": "x",
"pos": "u"}
}
,
{
"node": "l",
"frag": "x",
"id": "P238000.l057a5",
"ref": "P238000.28.8",
"inst": "u",
"f": {"lang": "akk-x-neobab",
"form": "x",
"pos": "u"}
}
,
{
"node": "l",
"frag": "x",
"id": "P238000.l057a6",
"ref": "P238000.28.9",
"inst": "u",
"f": {"lang": "akk-x-neobab",
"form": "x",
"pos": "u"}
}
,
{
"node": "l",
"frag": "x",
"id": "P238000.l057a7",
"ref": "P238000.28.10",
"inst": "u",
"f": {"lang": "akk-x-neobab",
"form": "x",
"pos": "u"}
}
,
{
"node": "l",
"frag": "x]",
"id": "P238000.l057a8",
"ref": "P238000.28.11",
"inst": "u",
"f": {"lang": "akk-x-neobab",
"form": "x",
"pos": "u"}
}
,
{
"node": "d",
"type": "line-start",
"ref": "P238000.29",
"n": "9'",
"label": "r 9'"}
,
{
"node": "l",
"frag": "li-⸢x",
"id": "P238000.l057a9",
"ref": "P238000.29.1",
"inst": "u",
"f": {"lang": "akk-x-neobab",
"form": "li-x",
"pos": "u"}
}
,
{
"node": "l",
"frag": "x",
"id": "P238000.l057aa",
"ref": "P238000.29.2",
"inst": "u",
"f": {"lang": "akk-x-neobab",
"form": "x",
"pos": "u"}
}
,
{
"node": "l",
"frag": "x",
"id": "P238000.l057ab",
"ref": "P238000.29.3",
"inst": "u",
"f": {"lang": "akk-x-neobab",
"form": "x",
"pos": "u"}
}
,
{
"node": "l",
"frag": "x",
"id": "P238000.l057ac",
"ref": "P238000.29.4",
"inst": "u",
"f": {"lang": "akk-x-neobab",
"form": "x",
"pos": "u"}
}
,
{
"node": "l",
"frag": "x⸣",
"id": "P238000.l057ad",
"ref": "P238000.29.5",
"inst": "u",
"f": {"lang": "akk-x-neobab",
"form": "x",
"pos": "u"}
}
,
{
"node": "l",
"frag": "[x",
"id": "P238000.l057ae",
"ref": "P238000.29.6",
"inst": "u",
"f": {"lang": "akk-x-neobab",
"form": "x",
"pos": "u"}
}
,
{
"node": "l",
"frag": "x",
"id": "P238000.l057af",
"ref": "P238000.29.7",
"inst": "u",
"f": {"lang": "akk-x-neobab",
"form": "x",
"pos": "u"}
}
,
{
"node": "l",
"frag": "x",
"id": "P238000.l057b0",
"ref": "P238000.29.8",
"inst": "u",
"f": {"lang": "akk-x-neobab",
"form": "x",
"pos": "u"}
}
,
{
"node": "l",
"frag": "x",
"id": "P238000.l057b1",
"ref": "P238000.29.9",
"inst": "u",
"f": {"lang": "akk-x-neobab",
"form": "x",
"pos": "u"}
}
,
{
"node": "l",
"frag": "x",
"id": "P238000.l057b2",
"ref": "P238000.29.10",
"inst": "u",
"f": {"lang": "akk-x-neobab",
"form": "x",
"pos": "u"}
}
,
{
"node": "l",
"frag": "x]",
"id": "P238000.l057b3",
"ref": "P238000.29.11",
"inst": "u",
"f": {"lang": "akk-x-neobab",
"form": "x",
"pos": "u"}
}
,
{
"node": "d",
"type": "line-start",
"ref": "P238000.30",
"n": "10'",
"label": "r 10'"}
,
{
"node": "l",
"frag": "i-na",
"id": "P238000.l057b4",
"ref": "P238000.30.1",
"inst": "ina[in]PRP",
"sig": "@saao/saa18%akk-x-neobab:i-na=ina[in//under]PRP'PRP$ina",
"f": {"lang": "akk-x-neobab",
"form": "i-na",
"cf": "ina",
"gw": "in",
"sense": "under",
"norm": "ina",
"pos": "PRP",
"epos": "PRP"}
}
,
{
"node": "l",
"frag": "⸢x",
"id": "P238000.l057b5",
"ref": "P238000.30.2",
"inst": "u",
"f": {"lang": "akk-x-neobab",
"form": "x",
"pos": "u"}
}
,
{
"node": "l",
"frag": "x",
"id": "P238000.l057b6",
"ref": "P238000.30.3",
"inst": "u",
"f": {"lang": "akk-x-neobab",
"form": "x",
"pos": "u"}
}
,
{
"node": "l",
"frag": "x",
"id": "P238000.l057b7",
"ref": "P238000.30.4",
"inst": "u",
"f": {"lang": "akk-x-neobab",
"form": "x",
"pos": "u"}
}
,
{
"node": "l",
"frag": "x⸣",
"id": "P238000.l057b8",
"ref": "P238000.30.5",
"inst": "u",
"f": {"lang": "akk-x-neobab",
"form": "x",
"pos": "u"}
}
,
{
"node": "l",
"frag": "[x",
"id": "P238000.l057b9",
"ref": "P238000.30.6",
"inst": "u",
"f": {"lang": "akk-x-neobab",
"form": "x",
"pos": "u"}
}
,
{
"node": "l",
"frag": "x",
"id": "P238000.l057ba",
"ref": "P238000.30.7",
"inst": "u",
"f": {"lang": "akk-x-neobab",
"form": "x",
"pos": "u"}
}
,
{
"node": "l",
"frag": "x",
"id": "P238000.l057bb",
"ref": "P238000.30.8",
"inst": "u",
"f": {"lang": "akk-x-neobab",
"form": "x",
"pos": "u"}
}
,
{
"node": "l",
"frag": "x",
"id": "P238000.l057bc",
"ref": "P238000.30.9",
"inst": "u",
"f": {"lang": "akk-x-neobab",
"form": "x",
"pos": "u"}
}
,
{
"node": "l",
"frag": "x",
"id": "P238000.l057bd",
"ref": "P238000.30.10",
"inst": "u",
"f": {"lang": "akk-x-neobab",
"form": "x",
"pos": "u"}
}
,
{
"node": "l",
"frag": "x]",
"id": "P238000.l057be",
"ref": "P238000.30.11",
"inst": "u",
"f": {"lang": "akk-x-neobab",
"form": "x",
"pos": "u"}
}
,
{
"node": "d",
"type": "line-start",
"ref": "P238000.31",
"n": "11'",
"label": "r 11'"}
,
{
"node": "l",
"frag": "it-ti",
"id": "P238000.l057bf",
"ref": "P238000.31.1",
"inst": "itti[with]PRP",
"sig": "@saao/saa18%akk-x-neobab:it-ti=itti[with//with]PRP'PRP$itti",
"f": {"lang": "akk-x-neobab",
"form": "it-ti",
"cf": "itti",
"gw": "with",
"sense": "with",
"norm": "itti",
"pos": "PRP",
"epos": "PRP"}
}
,
{
"node": "l",
"frag": "⸢x",
"id": "P238000.l057c0",
"ref": "P238000.31.2",
"inst": "u",
"f": {"lang": "akk-x-neobab",
"form": "x",
"pos": "u"}
}
,
{
"node": "l",
"frag": "x",
"id": "P238000.l057c1",
"ref": "P238000.31.3",
"inst": "u",
"f": {"lang": "akk-x-neobab",
"form": "x",
"pos": "u"}
}
,
{
"node": "l",
"frag": "x⸣",
"id": "P238000.l057c2",
"ref": "P238000.31.4",
"inst": "u",
"f": {"lang": "akk-x-neobab",
"form": "x",
"pos": "u"}
}
,
{
"node": "l",
"frag": "[x",
"id": "P238000.l057c3",
"ref": "P238000.31.5",
"inst": "u",
"f": {"lang": "akk-x-neobab",
"form": "x",
"pos": "u"}
}
,
{
"node": "l",
"frag": "x",
"id": "P238000.l057c4",
"ref": "P238000.31.6",
"inst": "u",
"f": {"lang": "akk-x-neobab",
"form": "x",
"pos": "u"}
}
,
{
"node": "l",
"frag": "x",
"id": "P238000.l057c5",
"ref": "P238000.31.7",
"inst": "u",
"f": {"lang": "akk-x-neobab",
"form": "x",
"pos": "u"}
}
,
{
"node": "l",
"frag": "x",
"id": "P238000.l057c6",
"ref": "P238000.31.8",
"inst": "u",
"f": {"lang": "akk-x-neobab",
"form": "x",
"pos": "u"}
}
,
{
"node": "l",
"frag": "x",
"id": "P238000.l057c7",
"ref": "P238000.31.9",
"inst": "u",
"f": {"lang": "akk-x-neobab",
"form": "x",
"pos": "u"}
}
,
{
"node": "l",
"frag": "x]",
"id": "P238000.l057c8",
"ref": "P238000.31.10",
"inst": "u",
"f": {"lang": "akk-x-neobab",
"form": "x",
"pos": "u"}
}
,
{
"node": "d",
"type": "line-start",
"ref": "P238000.32",
"n": "12'",
"label": "r 12'"}
,
{
"node": "l",
"frag": "⸢id⸣-da-bu-ub",
"id": "P238000.l057c9",
"ref": "P238000.32.1",
"inst": "iddabbub[speak]V",
"sig": "@saao/saa18%akk-x-neobab:id-da-bu-ub=dabābu[speak//speak]V'V$iddabbub",
"f": {"lang": "akk-x-neobab",
"form": "id-da-bu-ub",
"cf": "dabābu",
"gw": "speak",
"sense": "speak",
"norm": "iddabbub",
"pos": "V",
"epos": "V"}
}
,
{
"node": "l",
"frag": "u",
"id": "P238000.l057ca",
"ref": "P238000.32.2",
"inst": "u[and]CNJ",
"sig": "@saao/saa18%akk-x-neobab:u=u[and//and]CNJ'CNJ$u",
"f": {"lang": "akk-x-neobab",
"form": "u",
"cf": "u",
"gw": "and",
"sense": "and",
"norm": "u",
"pos": "CNJ",
"epos": "CNJ"}
}
,
{
"node": "l",
"frag": "⸢x⸣",
"id": "P238000.l057cb",
"ref": "P238000.32.3",
"inst": "u",
"f": {"lang": "akk-x-neobab",
"form": "x",
"pos": "u"}
}
,
{
"node": "l",
"frag": "[x",
"id": "P238000.l057cc",
"ref": "P238000.32.4",
"inst": "u",
"f": {"lang": "akk-x-neobab",
"form": "x",
"pos": "u"}
}
,
{
"node": "l",
"frag": "x",
"id": "P238000.l057cd",
"ref": "P238000.32.5",
"inst": "u",
"f": {"lang": "akk-x-neobab",
"form": "x",
"pos": "u"}
}
,
{
"node": "l",
"frag": "x",
"id": "P238000.l057ce",
"ref": "P238000.32.6",
"inst": "u",
"f": {"lang": "akk-x-neobab",
"form": "x",
"pos": "u"}
}
,
{
"node": "l",
"frag": "x",
"id": "P238000.l057cf",
"ref": "P238000.32.7",
"inst": "u",
"f": {"lang": "akk-x-neobab",
"form": "x",
"pos": "u"}
}
,
{
"node": "l",
"frag": "x",
"id": "P238000.l057d0",
"ref": "P238000.32.8",
"inst": "u",
"f": {"lang": "akk-x-neobab",
"form": "x",
"pos": "u"}
}
,
{
"node": "l",
"frag": "x]",
"id": "P238000.l057d1",
"ref": "P238000.32.9",
"inst": "u",
"f": {"lang": "akk-x-neobab",
"form": "x",
"pos": "u"}
}
,
{
"node": "d",
"type": "line-start",
"ref": "P238000.33",
"n": "13'",
"label": "r 13'"}
,
{
"node": "l",
"frag": "[x",
"id": "P238000.l057d2",
"ref": "P238000.33.1",
"inst": "u",
"f": {"lang": "akk-x-neobab",
"form": "x",
"pos": "u"}
}
,
{
"node": "l",
"frag": "x]",
"id": "P238000.l057d3",
"ref": "P238000.33.2",
"inst": "u",
"f": {"lang": "akk-x-neobab",
"form": "x",
"pos": "u"}
}
,
{
"node": "l",
"frag": "⸢ul⸣",
"id": "P238000.l057d4",
"ref": "P238000.33.3",
"inst": "ul[not]MOD",
"sig": "@saao/saa18%akk-x-neobab:ul=ul[not//not]MOD'MOD$ul",
"f": {"lang": "akk-x-neobab",
"form": "ul",
"cf": "ul",
"gw": "not",
"sense": "not",
"norm": "ul",
"pos": "MOD",
"epos": "MOD"}
}
,
{
"node": "l",
"frag": "i-[x",
"id": "P238000.l057d5",
"ref": "P238000.33.4",
"inst": "u",
"f": {"lang": "akk-x-neobab",
"form": "i-x",
"pos": "u"}
}
,
{
"node": "l",
"frag": "x",
"id": "P238000.l057d6",
"ref": "P238000.33.5",
"inst": "u",
"f": {"lang": "akk-x-neobab",
"form": "x",
"pos": "u"}
}
,
{
"node": "l",
"frag": "x",
"id": "P238000.l057d7",
"ref": "P238000.33.6",
"inst": "u",
"f": {"lang": "akk-x-neobab",
"form": "x",
"pos": "u"}
}
,
{
"node": "l",
"frag": "x",
"id": "P238000.l057d8",
"ref": "P238000.33.7",
"inst": "u",
"f": {"lang": "akk-x-neobab",
"form": "x",
"pos": "u"}
}
,
{
"node": "l",
"frag": "x",
"id": "P238000.l057d9",
"ref": "P238000.33.8",
"inst": "u",
"f": {"lang": "akk-x-neobab",
"form": "x",
"pos": "u"}
}
,
{
"node": "l",
"frag": "x]",
"id": "P238000.l057da",
"ref": "P238000.33.9",
"inst": "u",
"f": {"lang": "akk-x-neobab",
"form": "x",
"pos": "u"}
}
,
{
"node": "d",
"type": "nonx",
"ref": "P238000.34",
"strict": "0",
"extent": "rest",
"state": "missing"}
]}
]}
]}
,
{
"linkbase": [{
"type": "linkset",
"xlink_title": "mār šipri[messenger//messenger]N'N",
"id": "P238000.ls00000",
"xlink_type": "extended",
"xlink_role": "psu",
"sig": "{māru[son]N šipru[sending]N += mār šipri[messenger//messenger]N'N}::@saao%akk-x-neobab:{LU₂}DUMU-šip-ri=māru[son//son]N'N$mār++@saao%akk-x-neobab:{LU₂}DUMU-šip-ri=šipru[sending//sending]N'N$šipri",
"links": [
{
"type": "link",
"xlink_title": "mār",
"xlink_type": "locator",
"xlink_href": "#P238000.l05751",
"xlink_role": "elt"}
,
{
"type": "link",
"xlink_title": "šipri",
"xlink_type": "locator",
"xlink_href": "#P238000.l05752",
"xlink_role": "elt"}
]}
]}
]}
