{
"type": "cdl",
  "source": "http://oracc.org/saao/saa18",
  "license": "This data is released under the CC0 license",
  "license-url": "https://creativecommons.org/publicdomain/zero/1.0/",
  "more-info": "http://oracc.org/doc/opendata/",
  "UTC-timestamp": "2017-05-19T12:01:04",
"project": "saao/saa18",
"textid": "P238461",
"cdl": [
{
"node": "c",
"type": "text",
"id": "P238461.U0",
"cdl": [
{
"node": "d",
"type": "object",
"ref": ""}
,
{
"node": "d",
"subtype": "obverse",
"type": "surface",
"ref": "P238461.o.1",
"type": "obverse",
"label": "o"}
,
{
"node": "d",
"type": "nonx",
"ref": "P238461.2",
"strict": "0",
"extent": "beginning",
"state": "missing"}
,
{
"node": "c",
"type": "discourse",
"subtype": "body",
"id": "P238461.U1",
"cdl": [
{
"node": "c",
"type": "sentence",
"id": "P238461.U2",
"label": "o 1' - o 12'",
"cdl": [
{
"node": "d",
"type": "line-start",
"ref": "P238461.3",
"n": "1'",
"label": "o 1'"}
,
{
"node": "l",
"frag": "⸢x",
"id": "P238461.l01c65",
"ref": "P238461.3.1",
"inst": "u",
"f": {"lang": "akk-x-neobab",
"form": "x",
"pos": "u"}
}
,
{
"node": "l",
"frag": "x",
"id": "P238461.l01c66",
"ref": "P238461.3.2",
"inst": "u",
"f": {"lang": "akk-x-neobab",
"form": "x",
"pos": "u"}
}
,
{
"node": "l",
"frag": "x",
"id": "P238461.l01c67",
"ref": "P238461.3.3",
"inst": "u",
"f": {"lang": "akk-x-neobab",
"form": "x",
"pos": "u"}
}
,
{
"node": "l",
"frag": "x⸣",
"id": "P238461.l01c68",
"ref": "P238461.3.4",
"inst": "u",
"f": {"lang": "akk-x-neobab",
"form": "x",
"pos": "u"}
}
,
{
"node": "l",
"frag": "[x",
"id": "P238461.l01c69",
"ref": "P238461.3.5",
"inst": "u",
"f": {"lang": "akk-x-neobab",
"form": "x",
"pos": "u"}
}
,
{
"node": "l",
"frag": "x",
"id": "P238461.l01c6a",
"ref": "P238461.3.6",
"inst": "u",
"f": {"lang": "akk-x-neobab",
"form": "x",
"pos": "u"}
}
,
{
"node": "l",
"frag": "x",
"id": "P238461.l01c6b",
"ref": "P238461.3.7",
"inst": "u",
"f": {"lang": "akk-x-neobab",
"form": "x",
"pos": "u"}
}
,
{
"node": "l",
"frag": "x",
"id": "P238461.l01c6c",
"ref": "P238461.3.8",
"inst": "u",
"f": {"lang": "akk-x-neobab",
"form": "x",
"pos": "u"}
}
,
{
"node": "l",
"frag": "x",
"id": "P238461.l01c6d",
"ref": "P238461.3.9",
"inst": "u",
"f": {"lang": "akk-x-neobab",
"form": "x",
"pos": "u"}
}
,
{
"node": "l",
"frag": "x",
"id": "P238461.l01c6e",
"ref": "P238461.3.10",
"inst": "u",
"f": {"lang": "akk-x-neobab",
"form": "x",
"pos": "u"}
}
,
{
"node": "l",
"frag": "x",
"id": "P238461.l01c6f",
"ref": "P238461.3.11",
"inst": "u",
"f": {"lang": "akk-x-neobab",
"form": "x",
"pos": "u"}
}
,
{
"node": "l",
"frag": "x]",
"id": "P238461.l01c70",
"ref": "P238461.3.12",
"inst": "u",
"f": {"lang": "akk-x-neobab",
"form": "x",
"pos": "u"}
}
,
{
"node": "d",
"type": "line-start",
"ref": "P238461.4",
"n": "2'",
"label": "o 2'"}
,
{
"node": "l",
"frag": "{d}za-ba₄-ba₄",
"id": "P238461.l01c71",
"ref": "P238461.4.1",
"inst": "+Zababa[]DN$",
"sig": "@saao/saa18%akk-x-neobab:{d}za-ba₄-ba₄=Zababa[1//1]DN'DN$Zababa",
"f": {"lang": "akk-x-neobab",
"form": "{d}za-ba₄-ba₄",
"cf": "Zababa",
"gw": "1",
"sense": "1",
"norm": "Zababa",
"pos": "DN",
"epos": "DN"}
}
,
{
"node": "l",
"frag": "{d}⸢BA.U₂⸣",
"id": "P238461.l01c72",
"ref": "P238461.4.2",
"inst": "+Babu[]DN$",
"sig": "@saao/saa18%akk-x-neobab:{d}BA.U₂=Babu[1//1]DN'DN$Babu",
"f": {"lang": "akk-x-neobab",
"form": "{d}BA.U₂",
"cf": "Babu",
"gw": "1",
"sense": "1",
"norm": "Babu",
"pos": "DN",
"epos": "DN"}
}
,
{
"node": "l",
"frag": "[x",
"id": "P238461.l01c73",
"ref": "P238461.4.3",
"inst": "u",
"f": {"lang": "akk-x-neobab",
"form": "x",
"pos": "u"}
}
,
{
"node": "l",
"frag": "x",
"id": "P238461.l01c74",
"ref": "P238461.4.4",
"inst": "u",
"f": {"lang": "akk-x-neobab",
"form": "x",
"pos": "u"}
}
,
{
"node": "l",
"frag": "x",
"id": "P238461.l01c75",
"ref": "P238461.4.5",
"inst": "u",
"f": {"lang": "akk-x-neobab",
"form": "x",
"pos": "u"}
}
,
{
"node": "l",
"frag": "x",
"id": "P238461.l01c76",
"ref": "P238461.4.6",
"inst": "u",
"f": {"lang": "akk-x-neobab",
"form": "x",
"pos": "u"}
}
,
{
"node": "l",
"frag": "x",
"id": "P238461.l01c77",
"ref": "P238461.4.7",
"inst": "u",
"f": {"lang": "akk-x-neobab",
"form": "x",
"pos": "u"}
}
,
{
"node": "l",
"frag": "x]",
"id": "P238461.l01c78",
"ref": "P238461.4.8",
"inst": "u",
"f": {"lang": "akk-x-neobab",
"form": "x",
"pos": "u"}
}
,
{
"node": "d",
"type": "line-start",
"ref": "P238461.5",
"n": "3'",
"label": "o 3'"}
,
{
"node": "l",
"frag": "03-šu₂",
"id": "P238461.l01c79",
"ref": "P238461.5.1",
"inst": "n",
"f": {"lang": "akk-x-neobab",
"form": "03-šu₂",
"pos": "n"}
}
,
{
"node": "l",
"frag": "04-šu₂",
"id": "P238461.l01c7a",
"ref": "P238461.5.2",
"inst": "n",
"f": {"lang": "akk-x-neobab",
"form": "04-šu₂",
"pos": "n"}
}
,
{
"node": "l",
"frag": "{lu₂}ERIM-MEŠ",
"id": "P238461.l01c7b",
"ref": "P238461.5.3",
"inst": "ṣābē[people]N",
"sig": "@saao/saa18%akk-x-neobab:{LU₂}ERIM-MEŠ=ṣābu[people//people]N'N$ṣābē",
"f": {"lang": "akk-x-neobab",
"form": "{LU₂}ERIM-MEŠ",
"cf": "ṣābu",
"gw": "people",
"sense": "people",
"norm": "ṣābē",
"pos": "N",
"epos": "N"}
}
,
{
"node": "l",
"frag": "ša₂",
"id": "P238461.l01c7c",
"ref": "P238461.5.4",
"inst": "ša[who]REL",
"sig": "@saao/saa18%akk-x-neobab:ša₂=ša[that//who]REL'REL$ša",
"f": {"lang": "akk-x-neobab",
"form": "ša₂",
"cf": "ša",
"gw": "that",
"sense": "who",
"norm": "ša",
"pos": "REL",
"epos": "REL"}
}
,
{
"node": "l",
"frag": "a-na",
"id": "P238461.l01c7d",
"ref": "P238461.5.5",
"inst": "ana[to]PRP",
"sig": "@saao/saa18%akk-x-neobab:a-na=ana[to//to]PRP'PRP$ana",
"f": {"lang": "akk-x-neobab",
"form": "a-na",
"cf": "ana",
"gw": "to",
"sense": "to",
"norm": "ana",
"pos": "PRP",
"epos": "PRP"}
}
,
{
"node": "l",
"frag": "[x",
"id": "P238461.l01c7e",
"ref": "P238461.5.6",
"inst": "u",
"f": {"lang": "akk-x-neobab",
"form": "x",
"pos": "u"}
}
,
{
"node": "l",
"frag": "x",
"id": "P238461.l01c7f",
"ref": "P238461.5.7",
"inst": "u",
"f": {"lang": "akk-x-neobab",
"form": "x",
"pos": "u"}
}
,
{
"node": "l",
"frag": "x",
"id": "P238461.l01c80",
"ref": "P238461.5.8",
"inst": "u",
"f": {"lang": "akk-x-neobab",
"form": "x",
"pos": "u"}
}
,
{
"node": "l",
"frag": "x",
"id": "P238461.l01c81",
"ref": "P238461.5.9",
"inst": "u",
"f": {"lang": "akk-x-neobab",
"form": "x",
"pos": "u"}
}
,
{
"node": "l",
"frag": "x]",
"id": "P238461.l01c82",
"ref": "P238461.5.10",
"inst": "u",
"f": {"lang": "akk-x-neobab",
"form": "x",
"pos": "u"}
}
,
{
"node": "d",
"type": "line-start",
"ref": "P238461.6",
"n": "4'",
"label": "o 4'"}
,
{
"node": "l",
"frag": "ih-li-qu",
"id": "P238461.l01c83",
"ref": "P238461.6.1",
"inst": "+halāqu[be(come) lost//run away]V'V$ihliqū",
"sig": "@saao/saa18%akk-x-neobab:ih-li-qu=halāqu[be(come) lost//run away]V'V$ihliqū",
"f": {"lang": "akk-x-neobab",
"form": "ih-li-qu",
"cf": "halāqu",
"gw": "be(come) lost",
"sense": "run away",
"norm": "ihliqū",
"pos": "V",
"epos": "V"}
}
,
{
"node": "l",
"frag": "a-na-ku",
"id": "P238461.l01c84",
"ref": "P238461.6.2",
"inst": "anāku[I]IP",
"sig": "@saao/saa18%akk-x-neobab:a-na-ku=anāku[I//I]IP'IP$anāku",
"f": {"lang": "akk-x-neobab",
"form": "a-na-ku",
"cf": "anāku",
"gw": "I",
"sense": "I",
"norm": "anāku",
"pos": "IP",
"epos": "IP"}
}
,
{
"node": "l",
"frag": "u₃",
"id": "P238461.l01c85",
"ref": "P238461.6.3",
"inst": "u[and]CNJ",
"sig": "@saao/saa18%akk-x-neobab:u₃=u[and//and]CNJ'CNJ$u",
"f": {"lang": "akk-x-neobab",
"form": "u₃",
"cf": "u",
"gw": "and",
"sense": "and",
"norm": "u",
"pos": "CNJ",
"epos": "CNJ"}
}
,
{
"node": "l",
"frag": "[x",
"id": "P238461.l01c86",
"ref": "P238461.6.4",
"inst": "u",
"f": {"lang": "akk-x-neobab",
"form": "x",
"pos": "u"}
}
,
{
"node": "l",
"frag": "x",
"id": "P238461.l01c87",
"ref": "P238461.6.5",
"inst": "u",
"f": {"lang": "akk-x-neobab",
"form": "x",
"pos": "u"}
}
,
{
"node": "l",
"frag": "x",
"id": "P238461.l01c88",
"ref": "P238461.6.6",
"inst": "u",
"f": {"lang": "akk-x-neobab",
"form": "x",
"pos": "u"}
}
,
{
"node": "l",
"frag": "x",
"id": "P238461.l01c89",
"ref": "P238461.6.7",
"inst": "u",
"f": {"lang": "akk-x-neobab",
"form": "x",
"pos": "u"}
}
,
{
"node": "l",
"frag": "x]",
"id": "P238461.l01c8a",
"ref": "P238461.6.8",
"inst": "u",
"f": {"lang": "akk-x-neobab",
"form": "x",
"pos": "u"}
}
,
{
"node": "d",
"type": "line-start",
"ref": "P238461.7",
"n": "5'",
"label": "o 5'"}
,
{
"node": "c",
"type": "phrase",
"tag": "phr",
"id": "P238461.U4",
"ref": "P238461.ls00000",
"cdl": [
{
"node": "l",
"frag": "{lu₂}EN-MEŠ-hi-ṭu",
"id": "P238461.l01c8b",
"ref": "P238461.7.1",
"cof-tails": "P238461.l01c8c",
"inst": "+bēlu[lord]N$bēlē&+hīṭu[error]N$",
"sig": "@saao/saa18%akk-x-neobab:{LU₂}EN-MEŠ-hi-ṭu=bēlu[lord//lord]N'N$bēlē&&@saao/saa18%akk-x-neobab:{LU₂}EN-MEŠ-hi-ṭu=hīṭu[error//error]N'N$hīṭu",
"f": {"lang": "akk-x-neobab",
"form": "{LU₂}EN-MEŠ-hi-ṭu",
"cf": "bēlu",
"gw": "lord",
"sense": "lord",
"norm": "bēlē",
"pos": "N",
"epos": "N"}
}
,
{
"node": "l",
"frag": "{lu₂}EN-MEŠ-hi-ṭu",
"id": "P238461.l01c8c",
"ref": "P238461.7.1",
"cof-head": "P238461.l01c8b",
"inst": "+bēlu[lord]N$bēlē&+hīṭu[error]N$",
"f": {"lang": "akk-x-neobab",
"form": "{LU₂}EN-MEŠ-hi-ṭu",
"cf": "hīṭu",
"gw": "error",
"sense": "error",
"norm": "hīṭu",
"pos": "N",
"epos": "N"}
}
]}
,
{
"node": "l",
"frag": "ša₂",
"id": "P238461.l01c8d",
"ref": "P238461.7.2",
"inst": "+ša[of//against]DET'PRP$",
"sig": "@saao/saa18%akk-x-neobab:ša₂=ša[of//against]DET'PRP$ša",
"f": {"lang": "akk-x-neobab",
"form": "ša₂",
"cf": "ša",
"gw": "of",
"sense": "against",
"norm": "ša",
"pos": "DET",
"epos": "PRP"}
}
,
{
"node": "l",
"frag": "⸢LUGAL⸣",
"id": "P238461.l01c8e",
"ref": "P238461.7.3",
"inst": "šarri[king]N",
"sig": "@saao/saa18%akk-x-neobab:LUGAL=šarru[king//king]N'N$šarri",
"f": {"lang": "akk-x-neobab",
"form": "LUGAL",
"cf": "šarru",
"gw": "king",
"sense": "king",
"norm": "šarri",
"pos": "N",
"epos": "N"}
}
,
{
"node": "l",
"frag": "be-[li₂-ia₂",
"id": "P238461.l01c8f",
"ref": "P238461.7.4",
"inst": "bēlīya[lord]N",
"sig": "@saao/saa18%akk-x-neobab:be-li₂-ia₂=bēlu[lord//lord]N'N$bēlīya",
"f": {"lang": "akk-x-neobab",
"form": "be-li₂-ia₂",
"cf": "bēlu",
"gw": "lord",
"sense": "lord",
"norm": "bēlīya",
"pos": "N",
"epos": "N"}
}
,
{
"node": "l",
"frag": "šu₂-nu]",
"id": "P238461.l01c90",
"ref": "P238461.7.5",
"inst": "šunu[they]IP",
"sig": "@saao/saa18%akk-x-neobab:šu₂-nu=šunu[they//they]IP'IP$šunu",
"f": {"lang": "akk-x-neobab",
"form": "šu₂-nu",
"cf": "šunu",
"gw": "they",
"sense": "they",
"norm": "šunu",
"pos": "IP",
"epos": "IP"}
}
,
{
"node": "d",
"type": "line-start",
"ref": "P238461.8",
"n": "6'",
"label": "o 6'"}
,
{
"node": "l",
"frag": "{lu₂}ša₂-qu-u₂",
"id": "P238461.l01c91",
"ref": "P238461.8.1",
"inst": "+šāqû[butler//cupbearer]N'N$",
"sig": "@saao/saa18%akk-x-neobab:{LU₂}ša₂-qu-u₂=šāqû[butler//cupbearer]N'N$šāqû",
"f": {"lang": "akk-x-neobab",
"form": "{LU₂}ša₂-qu-u₂",
"cf": "šāqû",
"gw": "butler",
"sense": "cupbearer",
"norm": "šāqû",
"pos": "N",
"epos": "N"}
}
,
{
"node": "l",
"frag": "ki-i",
"id": "P238461.l01c92",
"ref": "P238461.8.2",
"inst": "kî[when]'SBJ",
"sig": "@saao/saa18%akk-x-neobab:ki-i=kī[like//when]PRP'SBJ$kî",
"f": {"lang": "akk-x-neobab",
"form": "ki-i",
"cf": "kī",
"gw": "like",
"sense": "when",
"norm": "kî",
"pos": "PRP",
"epos": "SBJ"}
}
,
{
"node": "l",
"frag": "⸢il⸣-[li-ka",
"id": "P238461.l01c93",
"ref": "P238461.8.3",
"inst": "illika[come]V",
"sig": "@saao/saa18%akk-x-neobab:il-li-ka=alāku[go//come]V'V$illika",
"f": {"lang": "akk-x-neobab",
"form": "il-li-ka",
"cf": "alāku",
"gw": "go",
"sense": "come",
"norm": "illika",
"pos": "V",
"epos": "V"}
}
,
{
"node": "l",
"frag": "iq-ta-bi]",
"id": "P238461.l01c94",
"ref": "P238461.8.4",
"inst": "iqtabi[say]V",
"sig": "@saao/saa18%akk-x-neobab:iq-ta-bi=qabû[say//say]V'V$iqtabi",
"f": {"lang": "akk-x-neobab",
"form": "iq-ta-bi",
"cf": "qabû",
"gw": "say",
"sense": "say",
"norm": "iqtabi",
"pos": "V",
"epos": "V"}
}
,
{
"node": "d",
"type": "line-start",
"ref": "P238461.9",
"n": "7'",
"label": "o 7'"}
,
{
"node": "l",
"frag": "um-ma",
"id": "P238461.l01c95",
"ref": "P238461.9.1",
"inst": "umma[saying]PRP",
"sig": "@saao/saa18%akk-x-neobab:um-ma=umma[saying//saying]PRP'PRP$umma",
"f": {"lang": "akk-x-neobab",
"form": "um-ma",
"cf": "umma",
"gw": "saying",
"sense": "saying",
"norm": "umma",
"pos": "PRP",
"epos": "PRP"}
}
,
{
"node": "l",
"frag": "{lu₂}⸢ERIM⸣-MEŠ",
"id": "P238461.l01c96",
"ref": "P238461.9.2",
"inst": "ṣābē[people]N",
"sig": "@saao/saa18%akk-x-neobab:{LU₂}ERIM-MEŠ=ṣābu[people//people]N'N$ṣābē",
"f": {"lang": "akk-x-neobab",
"form": "{LU₂}ERIM-MEŠ",
"cf": "ṣābu",
"gw": "people",
"sense": "people",
"norm": "ṣābē",
"pos": "N",
"epos": "N"}
}
,
{
"node": "l",
"frag": "ta-de-ek-⸢ki⸣",
"id": "P238461.l01c97",
"ref": "P238461.9.3",
"inst": "+dekû[raise//mobilize]V'V$tadekki",
"sig": "@saao/saa18%akk-x-neobab:ta-de-ek-ki=dekû[raise//mobilize]V'V$tadekki",
"f": {"lang": "akk-x-neobab",
"form": "ta-de-ek-ki",
"cf": "dekû",
"gw": "raise",
"sense": "mobilize",
"norm": "tadekki",
"pos": "V",
"epos": "V"}
}
,
{
"node": "l",
"frag": "[x",
"id": "P238461.l01c98",
"ref": "P238461.9.4",
"inst": "u",
"f": {"lang": "akk-x-neobab",
"form": "x",
"pos": "u"}
}
,
{
"node": "l",
"frag": "x",
"id": "P238461.l01c99",
"ref": "P238461.9.5",
"inst": "u",
"f": {"lang": "akk-x-neobab",
"form": "x",
"pos": "u"}
}
,
{
"node": "l",
"frag": "x",
"id": "P238461.l01c9a",
"ref": "P238461.9.6",
"inst": "u",
"f": {"lang": "akk-x-neobab",
"form": "x",
"pos": "u"}
}
,
{
"node": "l",
"frag": "x]",
"id": "P238461.l01c9b",
"ref": "P238461.9.7",
"inst": "u",
"f": {"lang": "akk-x-neobab",
"form": "x",
"pos": "u"}
}
,
{
"node": "d",
"type": "line-start",
"ref": "P238461.10",
"n": "8'",
"label": "o 8'"}
,
{
"node": "l",
"frag": "dul-lum",
"id": "P238461.l01c9c",
"ref": "P238461.10.1",
"inst": "+dullu[trouble//work]N'N$",
"sig": "@saao/saa18%akk-x-neobab:dul-lum=dullu[trouble//work]N'N$dullu",
"f": {"lang": "akk-x-neobab",
"form": "dul-lum",
"cf": "dullu",
"gw": "trouble",
"sense": "work",
"norm": "dullu",
"pos": "N",
"epos": "N"}
}
,
{
"node": "l",
"frag": "lu-pu-uš",
"id": "P238461.l01c9d",
"ref": "P238461.10.2",
"inst": "lūpuš[do]V",
"sig": "@saao/saa18%akk-x-neobab:lu-pu-uš=epēšu[do//do]V'V$lūpuš",
"f": {"lang": "akk-x-neobab",
"form": "lu-pu-uš",
"cf": "epēšu",
"gw": "do",
"sense": "do",
"norm": "lūpuš",
"pos": "V",
"epos": "V"}
}
,
{
"node": "l",
"frag": "i-na",
"id": "P238461.l01c9e",
"ref": "P238461.10.3",
"inst": "ina[in]PRP",
"sig": "@saao/saa18%akk-x-neobab:i-na=ina[in//in]PRP'PRP$ina",
"f": {"lang": "akk-x-neobab",
"form": "i-na",
"cf": "ina",
"gw": "in",
"sense": "in",
"norm": "ina",
"pos": "PRP",
"epos": "PRP"}
}
,
{
"node": "l",
"frag": "⸢x⸣+[x",
"id": "P238461.l01c9f",
"ref": "P238461.10.4",
"inst": "u",
"f": {"lang": "akk-x-neobab",
"form": "x+x",
"pos": "u"}
}
,
{
"node": "l",
"frag": "x",
"id": "P238461.l01ca0",
"ref": "P238461.10.5",
"inst": "u",
"f": {"lang": "akk-x-neobab",
"form": "x",
"pos": "u"}
}
,
{
"node": "l",
"frag": "x",
"id": "P238461.l01ca1",
"ref": "P238461.10.6",
"inst": "u",
"f": {"lang": "akk-x-neobab",
"form": "x",
"pos": "u"}
}
,
{
"node": "l",
"frag": "x",
"id": "P238461.l01ca2",
"ref": "P238461.10.7",
"inst": "u",
"f": {"lang": "akk-x-neobab",
"form": "x",
"pos": "u"}
}
,
{
"node": "l",
"frag": "x]",
"id": "P238461.l01ca3",
"ref": "P238461.10.8",
"inst": "u",
"f": {"lang": "akk-x-neobab",
"form": "x",
"pos": "u"}
}
,
{
"node": "d",
"type": "line-start",
"ref": "P238461.11",
"n": "9'",
"label": "o 9'"}
,
{
"node": "l",
"frag": "{uru}KIŠ{ki}",
"id": "P238461.l01ca4",
"ref": "P238461.11.1",
"inst": "+Kiš[]GN$",
"sig": "@saao/saa18%akk-x-neobab:{URU}KIŠ{KI}=Kiš[1//1]GN'GN$Kiš",
"f": {"lang": "akk-x-neobab",
"form": "{URU}KIŠ{KI}",
"cf": "Kiš",
"gw": "1",
"sense": "1",
"norm": "Kiš",
"pos": "GN",
"epos": "GN"}
}
,
{
"node": "l",
"frag": "gab-bi",
"id": "P238461.l01ca5",
"ref": "P238461.11.2",
"inst": "+gabbu[totality//whole]N'AJ$gabbi",
"sig": "@saao/saa18%akk-x-neobab:gab-bi=gabbu[totality//whole]N'AJ$gabbi",
"f": {"lang": "akk-x-neobab",
"form": "gab-bi",
"cf": "gabbu",
"gw": "totality",
"sense": "whole",
"norm": "gabbi",
"pos": "N",
"epos": "AJ"}
}
,
{
"node": "l",
"frag": "ih-⸢ta⸣-[mu-u₂",
"id": "P238461.l01ca6",
"ref": "P238461.11.3",
"inst": "ihtamû[rejoice]V",
"sig": "@saao/saa18%akk-x-neobab:ih-ta-mu-u₂=hamû[trust//rejoice]V'V$ihtamû",
"f": {"lang": "akk-x-neobab",
"form": "ih-ta-mu-u₂",
"cf": "hamû",
"gw": "trust",
"sense": "rejoice",
"norm": "ihtamû",
"pos": "V",
"epos": "V"}
}
,
{
"node": "l",
"frag": "x",
"id": "P238461.l01ca7",
"ref": "P238461.11.4",
"inst": "u",
"f": {"lang": "akk-x-neobab",
"form": "x",
"pos": "u"}
}
,
{
"node": "l",
"frag": "x",
"id": "P238461.l01ca8",
"ref": "P238461.11.5",
"inst": "u",
"f": {"lang": "akk-x-neobab",
"form": "x",
"pos": "u"}
}
,
{
"node": "l",
"frag": "x]",
"id": "P238461.l01ca9",
"ref": "P238461.11.6",
"inst": "u",
"f": {"lang": "akk-x-neobab",
"form": "x",
"pos": "u"}
}
,
{
"node": "d",
"type": "line-start",
"ref": "P238461.12",
"n": "10'",
"label": "o 10'"}
,
{
"node": "l",
"frag": "[it]-⸢ti⸣",
"id": "P238461.l01caa",
"ref": "P238461.12.1",
"inst": "itti[with]PRP",
"sig": "@saao/saa18%akk-x-neobab:it-ti=itti[with//with]PRP'PRP$itti",
"f": {"lang": "akk-x-neobab",
"form": "it-ti",
"cf": "itti",
"gw": "with",
"sense": "with",
"norm": "itti",
"pos": "PRP",
"epos": "PRP"}
}
,
{
"node": "l",
"frag": "{lu₂}ARAD-MEŠ-šu₂",
"id": "P238461.l01cab",
"ref": "P238461.12.2",
"inst": "ardēšu[servant]N",
"sig": "@saao/saa18%akk-x-neobab:{LU₂}ARAD-MEŠ-šu₂=ardu[slave//servant]N'N$ardēšu",
"f": {"lang": "akk-x-neobab",
"form": "{LU₂}ARAD-MEŠ-šu₂",
"cf": "ardu",
"gw": "slave",
"sense": "servant",
"norm": "ardēšu",
"pos": "N",
"epos": "N"}
}
,
{
"node": "l",
"frag": "in-⸢da⸣-[ni",
"id": "P238461.l01cac",
"ref": "P238461.12.3",
"inst": "+manû[count//(meaning uncertain)]V'V$indani",
"sig": "@saao/saa18%akk-x-neobab:in-da-ni=manû[count//(meaning uncertain)]V'V$indani",
"f": {"lang": "akk-x-neobab",
"form": "in-da-ni",
"cf": "manû",
"gw": "count",
"sense": "(meaning uncertain)",
"norm": "indani",
"pos": "V",
"epos": "V"}
}
,
{
"node": "l",
"frag": "x",
"id": "P238461.l01cad",
"ref": "P238461.12.4",
"inst": "u",
"f": {"lang": "akk-x-neobab",
"form": "x",
"pos": "u"}
}
,
{
"node": "l",
"frag": "x",
"id": "P238461.l01cae",
"ref": "P238461.12.5",
"inst": "u",
"f": {"lang": "akk-x-neobab",
"form": "x",
"pos": "u"}
}
,
{
"node": "l",
"frag": "x",
"id": "P238461.l01caf",
"ref": "P238461.12.6",
"inst": "u",
"f": {"lang": "akk-x-neobab",
"form": "x",
"pos": "u"}
}
,
{
"node": "l",
"frag": "x]",
"id": "P238461.l01cb0",
"ref": "P238461.12.7",
"inst": "u",
"f": {"lang": "akk-x-neobab",
"form": "x",
"pos": "u"}
}
,
{
"node": "d",
"type": "line-start",
"ref": "P238461.13",
"n": "11'",
"label": "o 11'"}
,
{
"node": "l",
"frag": "[x]",
"id": "P238461.l01cb1",
"ref": "P238461.13.1",
"inst": "u",
"f": {"lang": "akk-x-neobab",
"form": "x",
"pos": "u"}
}
,
{
"node": "l",
"frag": "{⸢uru⸣}bi-ra-na-[a-ti",
"id": "P238461.l01cb2",
"ref": "P238461.13.2",
"inst": "bīranāti[fort]N",
"sig": "@saao/saa18%akk-x-neobab:{URU}bi-ra-na-a-ti=birtu[fort//fort]N'N$bīranāti",
"f": {"lang": "akk-x-neobab",
"form": "{URU}bi-ra-na-a-ti",
"cf": "birtu",
"gw": "fort",
"sense": "fort",
"norm": "bīranāti",
"pos": "N",
"epos": "N"}
}
,
{
"node": "l",
"frag": "x",
"id": "P238461.l01cb3",
"ref": "P238461.13.3",
"inst": "u",
"f": {"lang": "akk-x-neobab",
"form": "x",
"pos": "u"}
}
,
{
"node": "l",
"frag": "x",
"id": "P238461.l01cb4",
"ref": "P238461.13.4",
"inst": "u",
"f": {"lang": "akk-x-neobab",
"form": "x",
"pos": "u"}
}
,
{
"node": "l",
"frag": "x",
"id": "P238461.l01cb5",
"ref": "P238461.13.5",
"inst": "u",
"f": {"lang": "akk-x-neobab",
"form": "x",
"pos": "u"}
}
,
{
"node": "l",
"frag": "x]",
"id": "P238461.l01cb6",
"ref": "P238461.13.6",
"inst": "u",
"f": {"lang": "akk-x-neobab",
"form": "x",
"pos": "u"}
}
,
{
"node": "d",
"type": "line-start",
"ref": "P238461.14",
"n": "12'",
"label": "o 12'"}
,
{
"node": "l",
"frag": "[x",
"id": "P238461.l01cb7",
"ref": "P238461.14.1",
"inst": "u",
"f": {"lang": "akk-x-neobab",
"form": "x",
"pos": "u"}
}
,
{
"node": "l",
"frag": "x",
"id": "P238461.l01cb8",
"ref": "P238461.14.2",
"inst": "u",
"f": {"lang": "akk-x-neobab",
"form": "x",
"pos": "u"}
}
,
{
"node": "l",
"frag": "x]",
"id": "P238461.l01cb9",
"ref": "P238461.14.3",
"inst": "u",
"f": {"lang": "akk-x-neobab",
"form": "x",
"pos": "u"}
}
,
{
"node": "l",
"frag": "ša₂",
"id": "P238461.l01cba",
"ref": "P238461.14.4",
"inst": "ša[of]DET",
"sig": "@saao/saa18%akk-x-neobab:ša₂=ša[of//of]DET'DET$ša",
"f": {"lang": "akk-x-neobab",
"form": "ša₂",
"cf": "ša",
"gw": "of",
"sense": "of",
"norm": "ša",
"pos": "DET",
"epos": "DET"}
}
,
{
"node": "l",
"frag": "ši-⸢x⸣+[x",
"id": "P238461.l01cbb",
"ref": "P238461.14.5",
"inst": "u",
"f": {"lang": "akk-x-neobab",
"form": "ši-x+x",
"pos": "u"}
}
,
{
"node": "l",
"frag": "x",
"id": "P238461.l01cbc",
"ref": "P238461.14.6",
"inst": "u",
"f": {"lang": "akk-x-neobab",
"form": "x",
"pos": "u"}
}
,
{
"node": "l",
"frag": "x",
"id": "P238461.l01cbd",
"ref": "P238461.14.7",
"inst": "u",
"f": {"lang": "akk-x-neobab",
"form": "x",
"pos": "u"}
}
,
{
"node": "l",
"frag": "x",
"id": "P238461.l01cbe",
"ref": "P238461.14.8",
"inst": "u",
"f": {"lang": "akk-x-neobab",
"form": "x",
"pos": "u"}
}
,
{
"node": "l",
"frag": "x",
"id": "P238461.l01cbf",
"ref": "P238461.14.9",
"inst": "u",
"f": {"lang": "akk-x-neobab",
"form": "x",
"pos": "u"}
}
,
{
"node": "l",
"frag": "x",
"id": "P238461.l01cc0",
"ref": "P238461.14.10",
"inst": "u",
"f": {"lang": "akk-x-neobab",
"form": "x",
"pos": "u"}
}
,
{
"node": "l",
"frag": "x]",
"id": "P238461.l01cc1",
"ref": "P238461.14.11",
"inst": "u",
"f": {"lang": "akk-x-neobab",
"form": "x",
"pos": "u"}
}
,
{
"node": "d",
"type": "nonx",
"ref": "P238461.15",
"strict": "0",
"extent": "rest",
"state": "missing"}
,
{
"node": "d",
"subtype": "reverse",
"type": "surface",
"ref": "P238461.r.16",
"type": "reverse",
"label": "r"}
,
{
"node": "d",
"type": "nonx",
"ref": "P238461.17",
"strict": "0",
"state": "missing"}
]}
]}
]}
,
{
"linkbase": [{
"type": "linkset",
"xlink_title": "bēl hīṭi[criminal//criminal]N'N",
"id": "P238461.ls00000",
"xlink_type": "extended",
"xlink_role": "psu",
"sig": "{EN-MEŠ-hi-iṭ-ṭi = bēlu[lord]N hīṭu[error]N += bēl hīṭi[criminal//criminal]N'N}::@saao/saa18%akk-x-neobab:EN-MEŠ-hi-iṭ-ṭi=bēlu[lord//lord]N'N$bēlē++@saao/saa18%akk-x-neobab:EN-MEŠ-hi-iṭ-ṭi=hīṭu[error//error]N'N$hiṭṭi",
"links": [
{
"type": "link",
"xlink_title": "bēlu",
"xlink_type": "locator",
"xlink_href": "#P238461.l01c8b",
"xlink_role": "elt"}
,
{
"type": "link",
"xlink_title": "hīṭu",
"xlink_type": "locator",
"xlink_href": "#P238461.l01c8c",
"xlink_role": "elt"}
]}
]}
]}
