{
"type": "cdl",
  "source": "http://oracc.org/saao/saa18",
  "license": "This data is released under the CC0 license",
  "license-url": "https://creativecommons.org/publicdomain/zero/1.0/",
  "more-info": "http://oracc.org/doc/opendata/",
  "UTC-timestamp": "2017-05-19T12:01:03",
"project": "saao/saa18",
"textid": "P238425",
"cdl": [
{
"node": "c",
"type": "text",
"id": "P238425.U0",
"cdl": [
{
"node": "d",
"type": "object",
"ref": ""}
,
{
"node": "d",
"subtype": "obverse",
"type": "surface",
"ref": "P238425.o.1",
"type": "obverse",
"label": "o"}
,
{
"node": "d",
"type": "nonx",
"ref": "P238425.2",
"strict": "0",
"extent": "beginning",
"state": "missing"}
,
{
"node": "c",
"type": "discourse",
"subtype": "body",
"id": "P238425.U1",
"cdl": [
{
"node": "c",
"type": "sentence",
"id": "P238425.U2",
"label": "o 1' - o 11'",
"cdl": [
{
"node": "d",
"type": "line-start",
"ref": "P238425.3",
"n": "1'",
"label": "o 1'"}
,
{
"node": "l",
"frag": "[x",
"id": "P238425.l01442",
"ref": "P238425.3.1",
"inst": "u",
"f": {"lang": "akk-x-neobab",
"form": "x",
"pos": "u"}
}
,
{
"node": "l",
"frag": "x",
"id": "P238425.l01443",
"ref": "P238425.3.2",
"inst": "u",
"f": {"lang": "akk-x-neobab",
"form": "x",
"pos": "u"}
}
,
{
"node": "l",
"frag": "x",
"id": "P238425.l01444",
"ref": "P238425.3.3",
"inst": "u",
"f": {"lang": "akk-x-neobab",
"form": "x",
"pos": "u"}
}
,
{
"node": "l",
"frag": "x",
"id": "P238425.l01445",
"ref": "P238425.3.4",
"inst": "u",
"f": {"lang": "akk-x-neobab",
"form": "x",
"pos": "u"}
}
,
{
"node": "l",
"frag": "x",
"id": "P238425.l01446",
"ref": "P238425.3.5",
"inst": "u",
"f": {"lang": "akk-x-neobab",
"form": "x",
"pos": "u"}
}
,
{
"node": "l",
"frag": "x]+⸢x",
"id": "P238425.l01447",
"ref": "P238425.3.6",
"inst": "u",
"f": {"lang": "akk-x-neobab",
"form": "x+x",
"pos": "u"}
}
,
{
"node": "l",
"frag": "LUGAL⸣",
"id": "P238425.l01448",
"ref": "P238425.3.7",
"inst": "šarri[king]N",
"sig": "@saao/saa18%akk-x-neobab:LUGAL=šarru[king//king]N'N$šarri",
"f": {"lang": "akk-x-neobab",
"form": "LUGAL",
"cf": "šarru",
"gw": "king",
"sense": "king",
"norm": "šarri",
"pos": "N",
"epos": "N"}
}
,
{
"node": "l",
"frag": "[be-li₂-ia]",
"id": "P238425.l01449",
"ref": "P238425.3.8",
"inst": "bēlīya[lord]N",
"sig": "@saao/saa18%akk-x-neobab:be-li₂-ia=bēlu[lord//lord]N'N$bēlīya",
"f": {"lang": "akk-x-neobab",
"form": "be-li₂-ia",
"cf": "bēlu",
"gw": "lord",
"sense": "lord",
"norm": "bēlīya",
"pos": "N",
"epos": "N"}
}
,
{
"node": "d",
"type": "line-start",
"ref": "P238425.4",
"n": "2'",
"label": "o 2'"}
,
{
"node": "l",
"frag": "[x",
"id": "P238425.l0144a",
"ref": "P238425.4.1",
"inst": "u",
"f": {"lang": "akk-x-neobab",
"form": "x",
"pos": "u"}
}
,
{
"node": "l",
"frag": "x",
"id": "P238425.l0144b",
"ref": "P238425.4.2",
"inst": "u",
"f": {"lang": "akk-x-neobab",
"form": "x",
"pos": "u"}
}
,
{
"node": "l",
"frag": "x",
"id": "P238425.l0144c",
"ref": "P238425.4.3",
"inst": "u",
"f": {"lang": "akk-x-neobab",
"form": "x",
"pos": "u"}
}
,
{
"node": "l",
"frag": "x",
"id": "P238425.l0144d",
"ref": "P238425.4.4",
"inst": "u",
"f": {"lang": "akk-x-neobab",
"form": "x",
"pos": "u"}
}
,
{
"node": "l",
"frag": "x]",
"id": "P238425.l0144e",
"ref": "P238425.4.5",
"inst": "u",
"f": {"lang": "akk-x-neobab",
"form": "x",
"pos": "u"}
}
,
{
"node": "l",
"frag": "{d}EN",
"id": "P238425.l0144f",
"ref": "P238425.4.6",
"inst": "Bel[1]DN",
"sig": "@saao/saa18%akk-x-neobab:{d}EN=Bel[1//1]DN'DN$Bel",
"f": {"lang": "akk-x-neobab",
"form": "{d}EN",
"cf": "Bel",
"gw": "1",
"sense": "1",
"norm": "Bel",
"pos": "DN",
"epos": "DN"}
}
,
{
"node": "l",
"frag": "LUGAL",
"id": "P238425.l01450",
"ref": "P238425.4.7",
"inst": "šarru[king]N",
"sig": "@saao/saa18%akk-x-neobab:LUGAL=šarru[king//king]N'N$šarru",
"f": {"lang": "akk-x-neobab",
"form": "LUGAL",
"cf": "šarru",
"gw": "king",
"sense": "king",
"norm": "šarru",
"pos": "N",
"epos": "N"}
}
,
{
"node": "l",
"frag": "be-[li₂-a",
"id": "P238425.l01451",
"ref": "P238425.4.8",
"inst": "bēlā[lord]N",
"sig": "@saao/saa18%akk-x-neobab:be-li₂-a=bēlu[lord//lord]N'N$bēlā",
"f": {"lang": "akk-x-neobab",
"form": "be-li₂-a",
"cf": "bēlu",
"gw": "lord",
"sense": "lord",
"norm": "bēlā",
"pos": "N",
"epos": "N"}
}
,
{
"node": "l",
"frag": "x]",
"id": "P238425.l01452",
"ref": "P238425.4.9",
"inst": "u",
"f": {"lang": "akk-x-neobab",
"form": "x",
"pos": "u"}
}
,
{
"node": "d",
"type": "line-start",
"ref": "P238425.5",
"n": "3'",
"label": "o 3'"}
,
{
"node": "l",
"frag": "[x",
"id": "P238425.l01453",
"ref": "P238425.5.1",
"inst": "u",
"f": {"lang": "akk-x-neobab",
"form": "x",
"pos": "u"}
}
,
{
"node": "l",
"frag": "x",
"id": "P238425.l01454",
"ref": "P238425.5.2",
"inst": "u",
"f": {"lang": "akk-x-neobab",
"form": "x",
"pos": "u"}
}
,
{
"node": "l",
"frag": "a]-⸢na",
"id": "P238425.l01455",
"ref": "P238425.5.3",
"inst": "ana[to]PRP",
"sig": "@saao/saa18%akk-x-neobab:a-na=ana[to//concerning]PRP'PRP$ana",
"f": {"lang": "akk-x-neobab",
"form": "a-na",
"cf": "ana",
"gw": "to",
"sense": "concerning",
"norm": "ana",
"pos": "PRP",
"epos": "PRP"}
}
,
{
"node": "l",
"frag": "LUGAL",
"id": "P238425.l01456",
"ref": "P238425.5.4",
"inst": "šarri[king]N",
"sig": "@saao/saa18%akk-x-neobab:LUGAL=šarru[king//king]N'N$šarri",
"f": {"lang": "akk-x-neobab",
"form": "LUGAL",
"cf": "šarru",
"gw": "king",
"sense": "king",
"norm": "šarri",
"pos": "N",
"epos": "N"}
}
,
{
"node": "l",
"frag": "dan⸣-nu",
"id": "P238425.l01457",
"ref": "P238425.5.5",
"inst": "dannu[strong]AJ",
"sig": "@saao/saa18%akk-x-neobab:dan-nu=dannu[strong//strong]AJ'AJ$dannu",
"f": {"lang": "akk-x-neobab",
"form": "dan-nu",
"cf": "dannu",
"gw": "strong",
"sense": "strong",
"norm": "dannu",
"pos": "AJ",
"epos": "AJ"}
}
,
{
"node": "l",
"frag": "be-li₂-[ia₂",
"id": "P238425.l01458",
"ref": "P238425.5.6",
"inst": "bēlīya[lord]N",
"sig": "@saao/saa18%akk-x-neobab:be-li₂-ia₂=bēlu[lord//lord]N'N$bēlīya",
"f": {"lang": "akk-x-neobab",
"form": "be-li₂-ia₂",
"cf": "bēlu",
"gw": "lord",
"sense": "lord",
"norm": "bēlīya",
"pos": "N",
"epos": "N"}
}
,
{
"node": "l",
"frag": "x",
"id": "P238425.l01459",
"ref": "P238425.5.7",
"inst": "u",
"f": {"lang": "akk-x-neobab",
"form": "x",
"pos": "u"}
}
,
{
"node": "l",
"frag": "x]",
"id": "P238425.l0145a",
"ref": "P238425.5.8",
"inst": "u",
"f": {"lang": "akk-x-neobab",
"form": "x",
"pos": "u"}
}
,
{
"node": "d",
"type": "line-start",
"ref": "P238425.6",
"n": "4'",
"label": "o 4'"}
,
{
"node": "l",
"frag": "{[d}EN",
"id": "P238425.l0145b",
"ref": "P238425.6.1",
"inst": "Bel[1]DN",
"sig": "@saao/saa18%akk-x-neobab:{d}EN=Bel[1//1]DN'DN$Bel",
"f": {"lang": "akk-x-neobab",
"form": "{d}EN",
"cf": "Bel",
"gw": "1",
"sense": "1",
"norm": "Bel",
"pos": "DN",
"epos": "DN"}
}
,
{
"node": "l",
"frag": "u]",
"id": "P238425.l0145c",
"ref": "P238425.6.2",
"inst": "u[and]CNJ",
"sig": "@saao/saa18%akk-x-neobab:u=u[and//and]CNJ'CNJ$u",
"f": {"lang": "akk-x-neobab",
"form": "u",
"cf": "u",
"gw": "and",
"sense": "and",
"norm": "u",
"pos": "CNJ",
"epos": "CNJ"}
}
,
{
"node": "l",
"frag": "{⸢d}AG⸣",
"id": "P238425.l0145d",
"ref": "P238425.6.3",
"inst": "Nabu[1]DN",
"sig": "@saao/saa18%akk-x-neobab:{d}AG=Nabu[1//1]DN'DN$Nabu",
"f": {"lang": "akk-x-neobab",
"form": "{d}AG",
"cf": "Nabu",
"gw": "1",
"sense": "1",
"norm": "Nabu",
"pos": "DN",
"epos": "DN"}
}
,
{
"node": "l",
"frag": "PI.2",
"id": "P238425.l0145e",
"ref": "P238425.6.4",
"inst": "+uznu[ear//understanding]N'N$uznī",
"sig": "@saao/saa18%akk-x-neobab:PI.2=uznu[ear//understanding]N'N$uznī",
"f": {"lang": "akk-x-neobab",
"form": "PI.2",
"cf": "uznu",
"gw": "ear",
"sense": "understanding",
"norm": "uznī",
"pos": "N",
"epos": "N"}
}
,
{
"node": "l",
"frag": "ra-pa-⸢aš₂⸣-[tu₂",
"id": "P238425.l0145f",
"ref": "P238425.6.5",
"inst": "rapaštu[wide]AJ",
"sig": "@saao/saa18%akk-x-neobab:ra-pa-aš₂-tu₂=rapšu[wide//wide]AJ'AJ$rapaštu",
"f": {"lang": "akk-x-neobab",
"form": "ra-pa-aš₂-tu₂",
"cf": "rapšu",
"gw": "wide",
"sense": "wide",
"norm": "rapaštu",
"pos": "AJ",
"epos": "AJ"}
}
,
{
"node": "l",
"frag": "u",
"id": "P238425.l01460",
"ref": "P238425.6.6",
"inst": "u[and]CNJ",
"sig": "@saao/saa18%akk-x-neobab:u=u[and//and]CNJ'CNJ$u",
"f": {"lang": "akk-x-neobab",
"form": "u",
"cf": "u",
"gw": "and",
"sense": "and",
"norm": "u",
"pos": "CNJ",
"epos": "CNJ"}
}
,
{
"node": "l",
"frag": "ŠA₃]",
"id": "P238425.l01461",
"ref": "P238425.6.7",
"inst": "+libbu[interior//heart]N'N$libbi",
"sig": "@saao/saa18%akk-x-neobab:ŠA₃=libbu[interior//heart]N'N$libbi",
"f": {"lang": "akk-x-neobab",
"form": "ŠA₃",
"cf": "libbu",
"gw": "interior",
"sense": "heart",
"norm": "libbi",
"pos": "N",
"epos": "N"}
}
,
{
"node": "d",
"type": "line-start",
"ref": "P238425.7",
"n": "5'",
"label": "o 5'"}
,
{
"node": "l",
"frag": "[rap-šu₂]",
"id": "P238425.l01462",
"ref": "P238425.7.1",
"inst": "+rapšu[wide]AJ$",
"sig": "@saao/saa18%akk-x-neobab:rap-šu₂=rapšu[wide//wide]AJ'AJ$rapšu",
"f": {"lang": "akk-x-neobab",
"form": "rap-šu₂",
"cf": "rapšu",
"gw": "wide",
"sense": "wide",
"norm": "rapšu",
"pos": "AJ",
"epos": "AJ"}
}
,
{
"node": "l",
"frag": "⸢iš⸣-kun-u₂-ka",
"id": "P238425.l01463",
"ref": "P238425.7.2",
"inst": "+šakānu[put//place]V'V$iškunūka",
"sig": "@saao/saa18%akk-x-neobab:iš-kun-u₂-ka=šakānu[put//place]V'V$iškunūka",
"f": {"lang": "akk-x-neobab",
"form": "iš-kun-u₂-ka",
"cf": "šakānu",
"gw": "put",
"sense": "place",
"norm": "iškunūka",
"pos": "V",
"epos": "V"}
}
,
{
"node": "l",
"frag": "ina",
"id": "P238425.l01464",
"ref": "P238425.7.3",
"inst": "ina[at]PRP",
"sig": "@saao/saa18%akk-x-neobab:ina=ina[in//at]PRP'PRP$ina",
"f": {"lang": "akk-x-neobab",
"form": "ina",
"cf": "ina",
"gw": "in",
"sense": "at",
"norm": "ina",
"pos": "PRP",
"epos": "PRP"}
}
,
{
"node": "l",
"frag": "ṭe₃-⸢em⸣",
"id": "P238425.l01465",
"ref": "P238425.7.4",
"inst": "ṭēm[order]N",
"sig": "@saao/saa18%akk-x-neobab:ṭe₃-em=ṭēmu[(fore)thought//order]N'N$ṭēm",
"f": {"lang": "akk-x-neobab",
"form": "ṭe₃-em",
"cf": "ṭēmu",
"gw": "(fore)thought",
"sense": "order",
"norm": "ṭēm",
"pos": "N",
"epos": "N"}
}
,
{
"node": "l",
"frag": "[ša₂]",
"id": "P238425.l01466",
"ref": "P238425.7.5",
"inst": "ša[of]DET",
"sig": "@saao/saa18%akk-x-neobab:ša₂=ša[of//of]DET'DET$ša",
"f": {"lang": "akk-x-neobab",
"form": "ša₂",
"cf": "ša",
"gw": "of",
"sense": "of",
"norm": "ša",
"pos": "DET",
"epos": "DET"}
}
,
{
"node": "d",
"type": "line-start",
"ref": "P238425.8",
"n": "6'",
"label": "o 6'"}
,
{
"node": "l",
"frag": "[x",
"id": "P238425.l01467",
"ref": "P238425.8.1",
"inst": "u",
"f": {"lang": "akk-x-neobab",
"form": "x",
"pos": "u"}
}
,
{
"node": "l",
"frag": "x",
"id": "P238425.l01468",
"ref": "P238425.8.2",
"inst": "u",
"f": {"lang": "akk-x-neobab",
"form": "x",
"pos": "u"}
}
,
{
"node": "l",
"frag": "x]-bi",
"id": "P238425.l01469",
"ref": "P238425.8.3",
"inst": "u",
"f": {"lang": "akk-x-neobab",
"form": "x-bi",
"pos": "u"}
}
,
{
"node": "l",
"frag": "{d}AMAR.UTU",
"id": "P238425.l0146a",
"ref": "P238425.8.4",
"inst": "Marduk[1]DN",
"sig": "@saao/saa18%akk-x-neobab:{d}AMAR.UTU=Marduk[1//1]DN'DN$Marduk",
"f": {"lang": "akk-x-neobab",
"form": "{d}AMAR.UTU",
"cf": "Marduk",
"gw": "1",
"sense": "1",
"norm": "Marduk",
"pos": "DN",
"epos": "DN"}
}
,
{
"node": "l",
"frag": "ki-i",
"id": "P238425.l0146b",
"ref": "P238425.8.5",
"inst": "kî[that]'SBJ",
"sig": "@saao/saa18%akk-x-neobab:ki-i=kī[like//that]PRP'SBJ$kî",
"f": {"lang": "akk-x-neobab",
"form": "ki-i",
"cf": "kī",
"gw": "like",
"sense": "that",
"norm": "kî",
"pos": "PRP",
"epos": "SBJ"}
}
,
{
"node": "l",
"frag": "ip-⸢la⸣-[hu]",
"id": "P238425.l0146c",
"ref": "P238425.8.6",
"inst": "+palāhu[fear//revere]V'V$iplahu",
"sig": "@saao/saa18%akk-x-neobab:ip-la-hu=palāhu[fear//revere]V'V$iplahu",
"f": {"lang": "akk-x-neobab",
"form": "ip-la-hu",
"cf": "palāhu",
"gw": "fear",
"sense": "revere",
"norm": "iplahu",
"pos": "V",
"epos": "V"}
}
,
{
"node": "d",
"type": "line-start",
"ref": "P238425.9",
"n": "7'",
"label": "o 7'"}
,
{
"node": "l",
"frag": "[be-lut]",
"id": "P238425.l0146d",
"ref": "P238425.9.1",
"inst": "+bēlūtu[rule]N$bēlūt",
"sig": "@saao/saa18%akk-x-neobab:be-lut=bēlūtu[rule//rule]N'N$bēlūt",
"f": {"lang": "akk-x-neobab",
"form": "be-lut",
"cf": "bēlūtu",
"gw": "rule",
"sense": "rule",
"norm": "bēlūt",
"pos": "N",
"epos": "N"}
}
,
{
"node": "l",
"frag": "⸢KUR⸣.KUR",
"id": "P238425.l0146e",
"ref": "P238425.9.2",
"inst": "mātāti[land]N",
"sig": "@saao/saa18%akk-x-neobab:KUR.KUR=mātu[land//land]N'N$mātāti",
"f": {"lang": "akk-x-neobab",
"form": "KUR.KUR",
"cf": "mātu",
"gw": "land",
"sense": "land",
"norm": "mātāti",
"pos": "N",
"epos": "N"}
}
,
{
"node": "l",
"frag": "a-na",
"id": "P238425.l0146f",
"ref": "P238425.9.3",
"inst": "ana[to]PRP",
"sig": "@saao/saa18%akk-x-neobab:a-na=ana[to//concerning]PRP'PRP$ana",
"f": {"lang": "akk-x-neobab",
"form": "a-na",
"cf": "ana",
"gw": "to",
"sense": "concerning",
"norm": "ana",
"pos": "PRP",
"epos": "PRP"}
}
,
{
"node": "l",
"frag": "ŠU.2-ka",
"id": "P238425.l01470",
"ref": "P238425.9.4",
"inst": "qātēka[hand]N",
"sig": "@saao/saa18%akk-x-neobab:ŠU.2-ka=qātu[hand//hand]N'N$qātēka",
"f": {"lang": "akk-x-neobab",
"form": "ŠU.2-ka",
"cf": "qātu",
"gw": "hand",
"sense": "hand",
"norm": "qātēka",
"pos": "N",
"epos": "N"}
}
,
{
"node": "l",
"frag": "un-[del-li]",
"id": "P238425.l01471",
"ref": "P238425.9.5",
"inst": "+malû[be(come) full//hand over]V'V$undelli",
"sig": "@saao/saa18%akk-x-neobab:un-del-li=malû[be(come) full//hand over]V'V$undelli",
"f": {"lang": "akk-x-neobab",
"form": "un-del-li",
"cf": "malû",
"gw": "be(come) full",
"sense": "hand over",
"norm": "undelli",
"pos": "V",
"epos": "V"}
}
,
{
"node": "d",
"type": "line-start",
"ref": "P238425.10",
"n": "8'",
"label": "o 8'"}
,
{
"node": "l",
"frag": "[mim-ma]",
"id": "P238425.l01472",
"ref": "P238425.10.1",
"inst": "+mimma[anything//whatever]XP'XP$",
"sig": "@saao/saa18%akk-x-neobab:mim-ma=mimma[anything//whatever]XP'XP$mimma",
"f": {"lang": "akk-x-neobab",
"form": "mim-ma",
"cf": "mimma",
"gw": "anything",
"sense": "whatever",
"norm": "mimma",
"pos": "XP",
"epos": "XP"}
}
,
{
"node": "l",
"frag": "⸢ma⸣-la",
"id": "P238425.l01473",
"ref": "P238425.10.2",
"inst": "mala[as much as]REL",
"sig": "@saao/saa18%akk-x-neobab:ma-la=mala[as much as//as much as]REL'REL$mala",
"f": {"lang": "akk-x-neobab",
"form": "ma-la",
"cf": "mala",
"gw": "as much as",
"sense": "as much as",
"norm": "mala",
"pos": "REL",
"epos": "REL"}
}
,
{
"node": "l",
"frag": "LUGAL",
"id": "P238425.l01474",
"ref": "P238425.10.3",
"inst": "šarru[king]N",
"sig": "@saao/saa18%akk-x-neobab:LUGAL=šarru[king//king]N'N$šarru",
"f": {"lang": "akk-x-neobab",
"form": "LUGAL",
"cf": "šarru",
"gw": "king",
"sense": "king",
"norm": "šarru",
"pos": "N",
"epos": "N"}
}
,
{
"node": "l",
"frag": "be-li₂-a",
"id": "P238425.l01475",
"ref": "P238425.10.4",
"inst": "bēlā[lord]N",
"sig": "@saao/saa18%akk-x-neobab:be-li₂-a=bēlu[lord//lord]N'N$bēlā",
"f": {"lang": "akk-x-neobab",
"form": "be-li₂-a",
"cf": "bēlu",
"gw": "lord",
"sense": "lord",
"norm": "bēlā",
"pos": "N",
"epos": "N"}
}
,
{
"node": "l",
"frag": "ip-[pu-šu]",
"id": "P238425.l01476",
"ref": "P238425.10.5",
"inst": "+epēšu[do]V$ippušu",
"sig": "@saao/saa18%akk-x-neobab:ip-pu-šu=epēšu[do//make]V'V$ippušu",
"f": {"lang": "akk-x-neobab",
"form": "ip-pu-šu",
"cf": "epēšu",
"gw": "do",
"sense": "make",
"norm": "ippušu",
"pos": "V",
"epos": "V"}
}
,
{
"node": "d",
"type": "line-start",
"ref": "P238425.11",
"n": "9'",
"label": "o 9'"}
,
{
"node": "l",
"frag": "[x",
"id": "P238425.l01477",
"ref": "P238425.11.1",
"inst": "u",
"f": {"lang": "akk-x-neobab",
"form": "x",
"pos": "u"}
}
,
{
"node": "l",
"frag": "x",
"id": "P238425.l01478",
"ref": "P238425.11.2",
"inst": "u",
"f": {"lang": "akk-x-neobab",
"form": "x",
"pos": "u"}
}
,
{
"node": "l",
"frag": "x]",
"id": "P238425.l01479",
"ref": "P238425.11.3",
"inst": "u",
"f": {"lang": "akk-x-neobab",
"form": "x",
"pos": "u"}
}
,
{
"node": "l",
"frag": "{⸢d}EN⸣",
"id": "P238425.l0147a",
"ref": "P238425.11.4",
"inst": "Bel[1]DN",
"sig": "@saao/saa18%akk-x-neobab:{d}EN=Bel[1//1]DN'DN$Bel",
"f": {"lang": "akk-x-neobab",
"form": "{d}EN",
"cf": "Bel",
"gw": "1",
"sense": "1",
"norm": "Bel",
"pos": "DN",
"epos": "DN"}
}
,
{
"node": "l",
"frag": "u₃",
"id": "P238425.l0147b",
"ref": "P238425.11.5",
"inst": "u[and]CNJ",
"sig": "@saao/saa18%akk-x-neobab:u₃=u[and//and]CNJ'CNJ$u",
"f": {"lang": "akk-x-neobab",
"form": "u₃",
"cf": "u",
"gw": "and",
"sense": "and",
"norm": "u",
"pos": "CNJ",
"epos": "CNJ"}
}
,
{
"node": "l",
"frag": "{d}⸢AG⸣",
"id": "P238425.l0147c",
"ref": "P238425.11.6",
"inst": "Nabu[1]DN",
"sig": "@saao/saa18%akk-x-neobab:{d}AG=Nabu[1//1]DN'DN$Nabu",
"f": {"lang": "akk-x-neobab",
"form": "{d}AG",
"cf": "Nabu",
"gw": "1",
"sense": "1",
"norm": "Nabu",
"pos": "DN",
"epos": "DN"}
}
,
{
"node": "l",
"frag": "[x",
"id": "P238425.l0147d",
"ref": "P238425.11.7",
"inst": "u",
"f": {"lang": "akk-x-neobab",
"form": "x",
"pos": "u"}
}
,
{
"node": "l",
"frag": "x]",
"id": "P238425.l0147e",
"ref": "P238425.11.8",
"inst": "u",
"f": {"lang": "akk-x-neobab",
"form": "x",
"pos": "u"}
}
,
{
"node": "d",
"type": "line-start",
"ref": "P238425.12",
"n": "10'",
"label": "o 10'"}
,
{
"node": "l",
"frag": "[x",
"id": "P238425.l0147f",
"ref": "P238425.12.1",
"inst": "u",
"f": {"lang": "akk-x-neobab",
"form": "x",
"pos": "u"}
}
,
{
"node": "l",
"frag": "x",
"id": "P238425.l01480",
"ref": "P238425.12.2",
"inst": "u",
"f": {"lang": "akk-x-neobab",
"form": "x",
"pos": "u"}
}
,
{
"node": "l",
"frag": "x",
"id": "P238425.l01481",
"ref": "P238425.12.3",
"inst": "u",
"f": {"lang": "akk-x-neobab",
"form": "x",
"pos": "u"}
}
,
{
"node": "l",
"frag": "x]",
"id": "P238425.l01482",
"ref": "P238425.12.4",
"inst": "u",
"f": {"lang": "akk-x-neobab",
"form": "x",
"pos": "u"}
}
,
{
"node": "l",
"frag": "⸢lem⸣-ne₂-ti",
"id": "P238425.l01483",
"ref": "P238425.12.5",
"inst": "+lemnu[bad//evil]AJ'AJ$lemnēti",
"sig": "@saao/saa18%akk-x-neobab:lem-ne₂-ti=lemnu[bad//evil]AJ'AJ$lemnēti",
"f": {"lang": "akk-x-neobab",
"form": "lem-ne₂-ti",
"cf": "lemnu",
"gw": "bad",
"sense": "evil",
"norm": "lemnēti",
"pos": "AJ",
"epos": "AJ"}
}
,
{
"node": "l",
"frag": "ina",
"id": "P238425.l01484",
"ref": "P238425.12.6",
"inst": "ina[in]PRP",
"sig": "@saao/saa18%akk-x-neobab:ina=ina[in//in]PRP'PRP$ina",
"f": {"lang": "akk-x-neobab",
"form": "ina",
"cf": "ina",
"gw": "in",
"sense": "in",
"norm": "ina",
"pos": "PRP",
"epos": "PRP"}
}
,
{
"node": "l",
"frag": "⸢x⸣+[x",
"id": "P238425.l01485",
"ref": "P238425.12.7",
"inst": "u",
"f": {"lang": "akk-x-neobab",
"form": "x+x",
"pos": "u"}
}
,
{
"node": "l",
"frag": "x",
"id": "P238425.l01486",
"ref": "P238425.12.8",
"inst": "u",
"f": {"lang": "akk-x-neobab",
"form": "x",
"pos": "u"}
}
,
{
"node": "l",
"frag": "x]",
"id": "P238425.l01487",
"ref": "P238425.12.9",
"inst": "u",
"f": {"lang": "akk-x-neobab",
"form": "x",
"pos": "u"}
}
,
{
"node": "d",
"type": "line-start",
"ref": "P238425.13",
"n": "11'",
"label": "o 11'"}
,
{
"node": "l",
"frag": "[x",
"id": "P238425.l01488",
"ref": "P238425.13.1",
"inst": "u",
"f": {"lang": "akk-x-neobab",
"form": "x",
"pos": "u"}
}
,
{
"node": "l",
"frag": "x",
"id": "P238425.l01489",
"ref": "P238425.13.2",
"inst": "u",
"f": {"lang": "akk-x-neobab",
"form": "x",
"pos": "u"}
}
,
{
"node": "l",
"frag": "x",
"id": "P238425.l0148a",
"ref": "P238425.13.3",
"inst": "u",
"f": {"lang": "akk-x-neobab",
"form": "x",
"pos": "u"}
}
,
{
"node": "l",
"frag": "x]",
"id": "P238425.l0148b",
"ref": "P238425.13.4",
"inst": "u",
"f": {"lang": "akk-x-neobab",
"form": "x",
"pos": "u"}
}
,
{
"node": "l",
"frag": "⸢ki⸣-i-nu",
"id": "P238425.l0148c",
"ref": "P238425.13.5",
"inst": "kīnu[loyal]AJ",
"sig": "@saao/saa18%akk-x-neobab:ki-i-nu=kīnu[permanent//loyal]AJ'AJ$kīnu",
"f": {"lang": "akk-x-neobab",
"form": "ki-i-nu",
"cf": "kīnu",
"gw": "permanent",
"sense": "loyal",
"norm": "kīnu",
"pos": "AJ",
"epos": "AJ"}
}
,
{
"node": "l",
"frag": "⸢x⸣+[x",
"id": "P238425.l0148d",
"ref": "P238425.13.6",
"inst": "u",
"f": {"lang": "akk-x-neobab",
"form": "x+x",
"pos": "u"}
}
,
{
"node": "l",
"frag": "x",
"id": "P238425.l0148e",
"ref": "P238425.13.7",
"inst": "u",
"f": {"lang": "akk-x-neobab",
"form": "x",
"pos": "u"}
}
,
{
"node": "l",
"frag": "x",
"id": "P238425.l0148f",
"ref": "P238425.13.8",
"inst": "u",
"f": {"lang": "akk-x-neobab",
"form": "x",
"pos": "u"}
}
,
{
"node": "l",
"frag": "x]",
"id": "P238425.l01490",
"ref": "P238425.13.9",
"inst": "u",
"f": {"lang": "akk-x-neobab",
"form": "x",
"pos": "u"}
}
,
{
"node": "d",
"type": "nonx",
"ref": "P238425.14",
"strict": "0",
"extent": "rest",
"state": "missing"}
,
{
"node": "d",
"subtype": "reverse",
"type": "surface",
"ref": "P238425.r.15",
"type": "reverse",
"label": "r"}
,
{
"node": "d",
"type": "nonx",
"ref": "P238425.16",
"strict": "0",
"state": "missing"}
]}
]}
]}
]}
