{
"type": "cdl",
  "source": "http://oracc.org/saao/saa18",
  "license": "This data is released under the CC0 license",
  "license-url": "https://creativecommons.org/publicdomain/zero/1.0/",
  "more-info": "http://oracc.org/doc/opendata/",
  "UTC-timestamp": "2017-05-19T12:01:03",
"project": "saao/saa18",
"textid": "P238380",
"cdl": [
{
"node": "c",
"type": "text",
"id": "P238380.U0",
"cdl": [
{
"node": "d",
"type": "object",
"ref": ""}
,
{
"node": "d",
"subtype": "obverse",
"type": "surface",
"ref": "P238380.o.1",
"type": "obverse",
"label": "o"}
,
{
"node": "d",
"type": "nonx",
"ref": "P238380.2",
"strict": "0",
"extent": "beginning",
"state": "missing"}
,
{
"node": "c",
"type": "discourse",
"subtype": "body",
"id": "P238380.U1",
"cdl": [
{
"node": "c",
"type": "sentence",
"id": "P238380.U2",
"label": "o 1' - e. 3",
"cdl": [
{
"node": "d",
"type": "line-start",
"ref": "P238380.3",
"n": "1'",
"label": "o 1'"}
,
{
"node": "l",
"frag": "[x]",
"id": "P238380.l05d9e",
"ref": "P238380.3.1",
"inst": "u",
"f": {"lang": "akk-x-neobab",
"form": "x",
"pos": "u"}
}
,
{
"node": "l",
"frag": "⸢x",
"id": "P238380.l05d9f",
"ref": "P238380.3.2",
"inst": "u",
"f": {"lang": "akk-x-neobab",
"form": "x",
"pos": "u"}
}
,
{
"node": "l",
"frag": "x",
"id": "P238380.l05da0",
"ref": "P238380.3.3",
"inst": "u",
"f": {"lang": "akk-x-neobab",
"form": "x",
"pos": "u"}
}
,
{
"node": "l",
"frag": "x⸣",
"id": "P238380.l05da1",
"ref": "P238380.3.4",
"inst": "u",
"f": {"lang": "akk-x-neobab",
"form": "x",
"pos": "u"}
}
,
{
"node": "l",
"frag": "[x",
"id": "P238380.l05da2",
"ref": "P238380.3.5",
"inst": "u",
"f": {"lang": "akk-x-neobab",
"form": "x",
"pos": "u"}
}
,
{
"node": "l",
"frag": "x]",
"id": "P238380.l05da3",
"ref": "P238380.3.6",
"inst": "u",
"f": {"lang": "akk-x-neobab",
"form": "x",
"pos": "u"}
}
,
{
"node": "l",
"frag": "⸢x⸣",
"id": "P238380.l05da4",
"ref": "P238380.3.7",
"inst": "u",
"f": {"lang": "akk-x-neobab",
"form": "x",
"pos": "u"}
}
,
{
"node": "l",
"frag": "[x",
"id": "P238380.l05da5",
"ref": "P238380.3.8",
"inst": "u",
"f": {"lang": "akk-x-neobab",
"form": "x",
"pos": "u"}
}
,
{
"node": "l",
"frag": "x]",
"id": "P238380.l05da6",
"ref": "P238380.3.9",
"inst": "u",
"f": {"lang": "akk-x-neobab",
"form": "x",
"pos": "u"}
}
,
{
"node": "d",
"type": "line-start",
"ref": "P238380.4",
"n": "2'",
"label": "o 2'"}
,
{
"node": "l",
"frag": "⸢x",
"id": "P238380.l05da7",
"ref": "P238380.4.1",
"inst": "u",
"f": {"lang": "akk-x-neobab",
"form": "x",
"pos": "u"}
}
,
{
"node": "l",
"frag": "x",
"id": "P238380.l05da8",
"ref": "P238380.4.2",
"inst": "u",
"f": {"lang": "akk-x-neobab",
"form": "x",
"pos": "u"}
}
,
{
"node": "l",
"frag": "x",
"id": "P238380.l05da9",
"ref": "P238380.4.3",
"inst": "u",
"f": {"lang": "akk-x-neobab",
"form": "x",
"pos": "u"}
}
,
{
"node": "l",
"frag": "x",
"id": "P238380.l05daa",
"ref": "P238380.4.4",
"inst": "u",
"f": {"lang": "akk-x-neobab",
"form": "x",
"pos": "u"}
}
,
{
"node": "l",
"frag": "E₂⸣",
"id": "P238380.l05dab",
"ref": "P238380.4.5",
"inst": "+bītu[house]N$bīt",
"sig": "@saao/saa18%akk-x-neobab:E₂=bītu[house//household]N'N$bīt",
"f": {"lang": "akk-x-neobab",
"form": "E₂",
"cf": "bītu",
"gw": "house",
"sense": "household",
"norm": "bīt",
"pos": "N",
"epos": "N"}
}
,
{
"node": "l",
"frag": "[x",
"id": "P238380.l05dac",
"ref": "P238380.4.6",
"inst": "u",
"f": {"lang": "akk-x-neobab",
"form": "x",
"pos": "u"}
}
,
{
"node": "l",
"frag": "x]",
"id": "P238380.l05dad",
"ref": "P238380.4.7",
"inst": "u",
"f": {"lang": "akk-x-neobab",
"form": "x",
"pos": "u"}
}
,
{
"node": "l",
"frag": "⸢ni⸣",
"id": "P238380.l05dae",
"ref": "P238380.4.8",
"inst": "u",
"f": {"lang": "akk-x-neobab",
"form": "ni",
"pos": "u"}
}
,
{
"node": "d",
"type": "line-start",
"ref": "P238380.5",
"n": "3'",
"label": "o 3'"}
,
{
"node": "l",
"frag": "⸢la-IGI",
"id": "P238380.l05daf",
"ref": "P238380.5.1",
"inst": "+lapān[in front of//because of]PRP'PRP$la-pān",
"sig": "@saao/saa18%akk-x-neobab:la-IGI=lapān[in front of//because of]PRP'PRP$la-pān",
"f": {"lang": "akk-x-neobab",
"form": "la-IGI",
"cf": "lapān",
"gw": "in front of",
"sense": "because of",
"norm": "la-pān",
"pos": "PRP",
"epos": "PRP"}
}
,
{
"node": "l",
"frag": "a-mat",
"id": "P238380.l05db0",
"ref": "P238380.5.2",
"inst": "amat[word]N",
"sig": "@saao/saa18%akk-x-neobab:a-mat=awātu[word//matter]N'N$amat",
"f": {"lang": "akk-x-neobab",
"form": "a-mat",
"cf": "awātu",
"gw": "word",
"sense": "matter",
"norm": "amat",
"pos": "N",
"epos": "N"}
}
,
{
"node": "l",
"frag": "a-ga-a",
"id": "P238380.l05db1",
"ref": "P238380.5.3",
"inst": "agâ[this]DP",
"sig": "@saao/saa18%akk-x-neobab:a-ga-a=agâ[this//this]DP'DP$agâ",
"f": {"lang": "akk-x-neobab",
"form": "a-ga-a",
"cf": "agâ",
"gw": "this",
"sense": "this",
"norm": "agâ",
"pos": "DP",
"epos": "DP"}
}
,
{
"node": "l",
"frag": "ša₂",
"id": "P238380.l05db2",
"ref": "P238380.5.4",
"inst": "ša[which]REL",
"sig": "@saao/saa18%akk-x-neobab:ša₂=ša[that//which]REL'REL$ša",
"f": {"lang": "akk-x-neobab",
"form": "ša₂",
"cf": "ša",
"gw": "that",
"sense": "which",
"norm": "ša",
"pos": "REL",
"epos": "REL"}
}
,
{
"node": "l",
"frag": "aq-bu-u₂⸣",
"id": "P238380.l05db3",
"ref": "P238380.5.5",
"inst": "aqbû[say]V",
"sig": "@saao/saa18%akk-x-neobab:aq-bu-u₂=qabû[say//say]V'V$aqbû",
"f": {"lang": "akk-x-neobab",
"form": "aq-bu-u₂",
"cf": "qabû",
"gw": "say",
"sense": "say",
"norm": "aqbû",
"pos": "V",
"epos": "V"}
}
,
{
"node": "d",
"type": "line-start",
"ref": "P238380.6",
"n": "4'",
"label": "o 4'"}
,
{
"node": "l",
"frag": "⸢DINGIR-MEŠ",
"id": "P238380.l05db4",
"ref": "P238380.6.1",
"inst": "ilāni[god]N",
"sig": "@saao/saa18%akk-x-neobab:DINGIR-MEŠ=ilu[god//god]N'N$ilāni",
"f": {"lang": "akk-x-neobab",
"form": "DINGIR-MEŠ",
"cf": "ilu",
"gw": "god",
"sense": "god",
"norm": "ilāni",
"pos": "N",
"epos": "N"}
}
,
{
"node": "l",
"frag": "ša₂",
"id": "P238380.l05db5",
"ref": "P238380.6.2",
"inst": "ša[of]DET",
"sig": "@saao/saa18%akk-x-neobab:ša₂=ša[of//of]DET'DET$ša",
"f": {"lang": "akk-x-neobab",
"form": "ša₂",
"cf": "ša",
"gw": "of",
"sense": "of",
"norm": "ša",
"pos": "DET",
"epos": "DET"}
}
,
{
"node": "l",
"frag": "LUGAL",
"id": "P238380.l05db6",
"ref": "P238380.6.3",
"inst": "šarri[king]N",
"sig": "@saao/saa18%akk-x-neobab:LUGAL=šarru[king//king]N'N$šarri",
"f": {"lang": "akk-x-neobab",
"form": "LUGAL",
"cf": "šarru",
"gw": "king",
"sense": "king",
"norm": "šarri",
"pos": "N",
"epos": "N"}
}
,
{
"node": "l",
"frag": "EN-ia₂",
"id": "P238380.l05db7",
"ref": "P238380.6.4",
"inst": "bēlīya[lord]N",
"sig": "@saao/saa18%akk-x-neobab:EN-ia₂=bēlu[lord//lord]N'N$bēlīya",
"f": {"lang": "akk-x-neobab",
"form": "EN-ia₂",
"cf": "bēlu",
"gw": "lord",
"sense": "lord",
"norm": "bēlīya",
"pos": "N",
"epos": "N"}
}
,
{
"node": "l",
"frag": "mal-ṭa-ru⸣",
"id": "P238380.l05db8",
"ref": "P238380.6.5",
"inst": "+mašṭaru[inscription//text]N'N$malṭaru",
"sig": "@saao/saa18%akk-x-neobab:mal-ṭa-ru=mašṭaru[inscription//text]N'N$malṭaru",
"f": {"lang": "akk-x-neobab",
"form": "mal-ṭa-ru",
"cf": "mašṭaru",
"gw": "inscription",
"sense": "text",
"norm": "malṭaru",
"pos": "N",
"epos": "N"}
}
,
{
"node": "d",
"type": "line-start",
"ref": "P238380.7",
"n": "5'",
"label": "o 5'"}
,
{
"node": "l",
"frag": "⸢dib-bi-šu₂",
"id": "P238380.l05db9",
"ref": "P238380.7.1",
"inst": "dibbīšu[words]N",
"sig": "@saao/saa18%akk-x-neobab:dib-bi-šu₂=dibbu[words//words]N'N$dibbīšu",
"f": {"lang": "akk-x-neobab",
"form": "dib-bi-šu₂",
"cf": "dibbu",
"gw": "words",
"sense": "words",
"norm": "dibbīšu",
"pos": "N",
"epos": "N"}
}
,
{
"node": "l",
"frag": "a-di",
"id": "P238380.l05dba",
"ref": "P238380.7.2",
"inst": "adi[until]PRP",
"sig": "@saao/saa18%akk-x-neobab:a-di=adi[until//until]PRP'PRP$adi",
"f": {"lang": "akk-x-neobab",
"form": "a-di",
"cf": "adi",
"gw": "until",
"sense": "until",
"norm": "adi",
"pos": "PRP",
"epos": "PRP"}
}
,
{
"node": "l",
"frag": "UGU",
"id": "P238380.l05dbb",
"ref": "P238380.7.3",
"inst": "muhhi[skull]N",
"sig": "@saao/saa18%akk-x-neobab:UGU=muhhu[skull//skull]N'N$muhhi",
"f": {"lang": "akk-x-neobab",
"form": "UGU",
"cf": "muhhu",
"gw": "skull",
"sense": "skull",
"norm": "muhhi",
"pos": "N",
"epos": "N"}
}
,
{
"node": "l",
"frag": "ša₂",
"id": "P238380.l05dbc",
"ref": "P238380.7.4",
"inst": "ša[that of]DET",
"sig": "@saao/saa18%akk-x-neobab:ša₂=ša[of//that of]DET'DET$ša",
"f": {"lang": "akk-x-neobab",
"form": "ša₂",
"cf": "ša",
"gw": "of",
"sense": "that of",
"norm": "ša",
"pos": "DET",
"epos": "DET"}
}
,
{
"node": "l",
"frag": "en-na⸣",
"id": "P238380.l05dbd",
"ref": "P238380.7.5",
"inst": "enna[now]AV",
"sig": "@saao/saa18%akk-x-neobab:en-na=enna[now//now]AV'AV$enna",
"f": {"lang": "akk-x-neobab",
"form": "en-na",
"cf": "enna",
"gw": "now",
"sense": "now",
"norm": "enna",
"pos": "AV",
"epos": "AV"}
}
,
{
"node": "d",
"type": "line-start",
"ref": "P238380.8",
"n": "6'",
"label": "o 6'"}
,
{
"node": "l",
"frag": "[x]-⸢nu",
"id": "P238380.l05dbe",
"ref": "P238380.8.1",
"inst": "u",
"f": {"lang": "akk-x-neobab",
"form": "x-nu",
"pos": "u"}
}
,
{
"node": "l",
"frag": "ina",
"id": "P238380.l05dbf",
"ref": "P238380.8.2",
"inst": "ina[in]PRP",
"sig": "@saao/saa18%akk-x-neobab:ina=ina[in//in accordance with]PRP'PRP$ina",
"f": {"lang": "akk-x-neobab",
"form": "ina",
"cf": "ina",
"gw": "in",
"sense": "in accordance with",
"norm": "ina",
"pos": "PRP",
"epos": "PRP"}
}
,
{
"node": "l",
"frag": "IGI",
"id": "P238380.l05dc0",
"ref": "P238380.8.3",
"inst": "pān[front]N",
"sig": "@saao/saa18%akk-x-neobab:IGI=pānu[front//front]N'N$pān",
"f": {"lang": "akk-x-neobab",
"form": "IGI",
"cf": "pānu",
"gw": "front",
"sense": "front",
"norm": "pān",
"pos": "N",
"epos": "N"}
}
,
{
"node": "l",
"frag": "LUGAL",
"id": "P238380.l05dc1",
"ref": "P238380.8.4",
"inst": "šarri[king]N",
"sig": "@saao/saa18%akk-x-neobab:LUGAL=šarru[king//king]N'N$šarri",
"f": {"lang": "akk-x-neobab",
"form": "LUGAL",
"cf": "šarru",
"gw": "king",
"sense": "king",
"norm": "šarri",
"pos": "N",
"epos": "N"}
}
,
{
"node": "l",
"frag": "EN-ia₂",
"id": "P238380.l05dc2",
"ref": "P238380.8.5",
"inst": "bēlīya[lord]N",
"sig": "@saao/saa18%akk-x-neobab:EN-ia₂=bēlu[lord//lord]N'N$bēlīya",
"f": {"lang": "akk-x-neobab",
"form": "EN-ia₂",
"cf": "bēlu",
"gw": "lord",
"sense": "lord",
"norm": "bēlīya",
"pos": "N",
"epos": "N"}
}
,
{
"node": "l",
"frag": "aš-ba-ka⸣",
"id": "P238380.l05dc3",
"ref": "P238380.8.6",
"inst": "+ašbu[inhabited//residing]AJ'AJ$ašbāka",
"sig": "@saao/saa18%akk-x-neobab:aš-ba-ka=ašbu[inhabited//residing]AJ'AJ$ašbāka",
"f": {"lang": "akk-x-neobab",
"form": "aš-ba-ka",
"cf": "ašbu",
"gw": "inhabited",
"sense": "residing",
"norm": "ašbāka",
"pos": "AJ",
"epos": "AJ"}
}
,
{
"node": "d",
"type": "line-start",
"ref": "P238380.9",
"n": "7'",
"label": "o 7'"}
,
{
"node": "l",
"frag": "[x",
"id": "P238380.l05dc4",
"ref": "P238380.9.1",
"inst": "u",
"f": {"lang": "akk-x-neobab",
"form": "x",
"pos": "u"}
}
,
{
"node": "l",
"frag": "x",
"id": "P238380.l05dc5",
"ref": "P238380.9.2",
"inst": "u",
"f": {"lang": "akk-x-neobab",
"form": "x",
"pos": "u"}
}
,
{
"node": "l",
"frag": "x]+⸢x⸣",
"id": "P238380.l05dc6",
"ref": "P238380.9.3",
"inst": "u",
"f": {"lang": "akk-x-neobab",
"form": "x+x",
"pos": "u"}
}
,
{
"node": "l",
"frag": "[a]-⸢na-ku",
"id": "P238380.l05dc7",
"ref": "P238380.9.4",
"inst": "anāku[I]IP",
"sig": "@saao/saa18%akk-x-neobab:a-na-ku=anāku[I//I]IP'IP$anāku",
"f": {"lang": "akk-x-neobab",
"form": "a-na-ku",
"cf": "anāku",
"gw": "I",
"sense": "I",
"norm": "anāku",
"pos": "IP",
"epos": "IP"}
}
,
{
"node": "l",
"frag": "ina",
"id": "P238380.l05dc8",
"ref": "P238380.9.5",
"inst": "ina[in]PRP",
"sig": "@saao/saa18%akk-x-neobab:ina=ina[in//in accordance with]PRP'PRP$ina",
"f": {"lang": "akk-x-neobab",
"form": "ina",
"cf": "ina",
"gw": "in",
"sense": "in accordance with",
"norm": "ina",
"pos": "PRP",
"epos": "PRP"}
}
,
{
"node": "l",
"frag": "UD",
"id": "P238380.l05dc9",
"ref": "P238380.9.6",
"inst": "u",
"f": {"lang": "akk-x-neobab",
"form": "UD",
"pos": "u"}
}
,
{
"node": "l",
"frag": "bat-ti⸣",
"id": "P238380.l05dca",
"ref": "P238380.9.7",
"inst": "u",
"f": {"lang": "akk-x-neobab",
"form": "bat-ti",
"pos": "u"}
}
,
{
"node": "d",
"type": "line-start",
"ref": "P238380.10",
"n": "8'",
"label": "o 8'"}
,
{
"node": "l",
"frag": "[x",
"id": "P238380.l05dcb",
"ref": "P238380.10.1",
"inst": "u",
"f": {"lang": "akk-x-neobab",
"form": "x",
"pos": "u"}
}
,
{
"node": "l",
"frag": "x",
"id": "P238380.l05dcc",
"ref": "P238380.10.2",
"inst": "u",
"f": {"lang": "akk-x-neobab",
"form": "x",
"pos": "u"}
}
,
{
"node": "l",
"frag": "x",
"id": "P238380.l05dcd",
"ref": "P238380.10.3",
"inst": "u",
"f": {"lang": "akk-x-neobab",
"form": "x",
"pos": "u"}
}
,
{
"node": "l",
"frag": "x",
"id": "P238380.l05dce",
"ref": "P238380.10.4",
"inst": "u",
"f": {"lang": "akk-x-neobab",
"form": "x",
"pos": "u"}
}
,
{
"node": "l",
"frag": "x]",
"id": "P238380.l05dcf",
"ref": "P238380.10.5",
"inst": "u",
"f": {"lang": "akk-x-neobab",
"form": "x",
"pos": "u"}
}
,
{
"node": "l",
"frag": "⸢x",
"id": "P238380.l05dd0",
"ref": "P238380.10.6",
"inst": "u",
"f": {"lang": "akk-x-neobab",
"form": "x",
"pos": "u"}
}
,
{
"node": "l",
"frag": "KUR-aš-šur",
"id": "P238380.l05dd1",
"ref": "P238380.10.7",
"inst": "Mat-Aššur[Assyria]GN",
"sig": "@saao/saa18%akk-x-neobab:KUR-aš-šur=Mat-Aššur[Assyria//Assyria]GN'GN$Mat-Aššur",
"f": {"lang": "akk-x-neobab",
"form": "KUR-aš-šur",
"cf": "Mat-Aššur",
"gw": "Assyria",
"sense": "Assyria",
"norm": "Mat-Aššur",
"pos": "GN",
"epos": "GN"}
}
,
{
"node": "l",
"frag": "x",
"id": "P238380.l05dd2",
"ref": "P238380.10.8",
"inst": "u",
"f": {"lang": "akk-x-neobab",
"form": "x",
"pos": "u"}
}
,
{
"node": "l",
"frag": "ni⸣",
"id": "P238380.l05dd3",
"ref": "P238380.10.9",
"inst": "u",
"f": {"lang": "akk-x-neobab",
"form": "ni",
"pos": "u"}
}
,
{
"node": "d",
"type": "line-start",
"ref": "P238380.11",
"n": "9'",
"label": "o 9'"}
,
{
"node": "l",
"frag": "[x",
"id": "P238380.l05dd4",
"ref": "P238380.11.1",
"inst": "u",
"f": {"lang": "akk-x-neobab",
"form": "x",
"pos": "u"}
}
,
{
"node": "l",
"frag": "x",
"id": "P238380.l05dd5",
"ref": "P238380.11.2",
"inst": "u",
"f": {"lang": "akk-x-neobab",
"form": "x",
"pos": "u"}
}
,
{
"node": "l",
"frag": "x",
"id": "P238380.l05dd6",
"ref": "P238380.11.3",
"inst": "u",
"f": {"lang": "akk-x-neobab",
"form": "x",
"pos": "u"}
}
,
{
"node": "l",
"frag": "x",
"id": "P238380.l05dd7",
"ref": "P238380.11.4",
"inst": "u",
"f": {"lang": "akk-x-neobab",
"form": "x",
"pos": "u"}
}
,
{
"node": "l",
"frag": "x]",
"id": "P238380.l05dd8",
"ref": "P238380.11.5",
"inst": "u",
"f": {"lang": "akk-x-neobab",
"form": "x",
"pos": "u"}
}
,
{
"node": "l",
"frag": "⸢x",
"id": "P238380.l05dd9",
"ref": "P238380.11.6",
"inst": "u",
"f": {"lang": "akk-x-neobab",
"form": "x",
"pos": "u"}
}
,
{
"node": "l",
"frag": "x",
"id": "P238380.l05dda",
"ref": "P238380.11.7",
"inst": "u",
"f": {"lang": "akk-x-neobab",
"form": "x",
"pos": "u"}
}
,
{
"node": "l",
"frag": "x⸣",
"id": "P238380.l05ddb",
"ref": "P238380.11.8",
"inst": "u",
"f": {"lang": "akk-x-neobab",
"form": "x",
"pos": "u"}
}
,
{
"node": "l",
"frag": "[x",
"id": "P238380.l05ddc",
"ref": "P238380.11.9",
"inst": "u",
"f": {"lang": "akk-x-neobab",
"form": "x",
"pos": "u"}
}
,
{
"node": "l",
"frag": "x]",
"id": "P238380.l05ddd",
"ref": "P238380.11.10",
"inst": "u",
"f": {"lang": "akk-x-neobab",
"form": "x",
"pos": "u"}
}
,
{
"node": "d",
"type": "line-start",
"ref": "P238380.12",
"n": "10'",
"label": "o 10'"}
,
{
"node": "l",
"frag": "[x",
"id": "P238380.l05dde",
"ref": "P238380.12.1",
"inst": "u",
"f": {"lang": "akk-x-neobab",
"form": "x",
"pos": "u"}
}
,
{
"node": "l",
"frag": "x",
"id": "P238380.l05ddf",
"ref": "P238380.12.2",
"inst": "u",
"f": {"lang": "akk-x-neobab",
"form": "x",
"pos": "u"}
}
,
{
"node": "l",
"frag": "x",
"id": "P238380.l05de0",
"ref": "P238380.12.3",
"inst": "u",
"f": {"lang": "akk-x-neobab",
"form": "x",
"pos": "u"}
}
,
{
"node": "l",
"frag": "x",
"id": "P238380.l05de1",
"ref": "P238380.12.4",
"inst": "u",
"f": {"lang": "akk-x-neobab",
"form": "x",
"pos": "u"}
}
,
{
"node": "l",
"frag": "x",
"id": "P238380.l05de2",
"ref": "P238380.12.5",
"inst": "u",
"f": {"lang": "akk-x-neobab",
"form": "x",
"pos": "u"}
}
,
{
"node": "l",
"frag": "x",
"id": "P238380.l05de3",
"ref": "P238380.12.6",
"inst": "u",
"f": {"lang": "akk-x-neobab",
"form": "x",
"pos": "u"}
}
,
{
"node": "l",
"frag": "x",
"id": "P238380.l05de4",
"ref": "P238380.12.7",
"inst": "u",
"f": {"lang": "akk-x-neobab",
"form": "x",
"pos": "u"}
}
,
{
"node": "l",
"frag": "x",
"id": "P238380.l05de5",
"ref": "P238380.12.8",
"inst": "u",
"f": {"lang": "akk-x-neobab",
"form": "x",
"pos": "u"}
}
,
{
"node": "l",
"frag": "x]",
"id": "P238380.l05de6",
"ref": "P238380.12.9",
"inst": "u",
"f": {"lang": "akk-x-neobab",
"form": "x",
"pos": "u"}
}
,
{
"node": "l",
"frag": "⸢x⸣",
"id": "P238380.l05de7",
"ref": "P238380.12.10",
"inst": "u",
"f": {"lang": "akk-x-neobab",
"form": "x",
"pos": "u"}
}
,
{
"node": "d",
"type": "line-start",
"ref": "P238380.13",
"n": "11'",
"label": "o 11'"}
,
{
"node": "l",
"frag": "[x",
"id": "P238380.l05de8",
"ref": "P238380.13.1",
"inst": "u",
"f": {"lang": "akk-x-neobab",
"form": "x",
"pos": "u"}
}
,
{
"node": "l",
"frag": "x",
"id": "P238380.l05de9",
"ref": "P238380.13.2",
"inst": "u",
"f": {"lang": "akk-x-neobab",
"form": "x",
"pos": "u"}
}
,
{
"node": "l",
"frag": "x",
"id": "P238380.l05dea",
"ref": "P238380.13.3",
"inst": "u",
"f": {"lang": "akk-x-neobab",
"form": "x",
"pos": "u"}
}
,
{
"node": "l",
"frag": "x",
"id": "P238380.l05deb",
"ref": "P238380.13.4",
"inst": "u",
"f": {"lang": "akk-x-neobab",
"form": "x",
"pos": "u"}
}
,
{
"node": "l",
"frag": "x",
"id": "P238380.l05dec",
"ref": "P238380.13.5",
"inst": "u",
"f": {"lang": "akk-x-neobab",
"form": "x",
"pos": "u"}
}
,
{
"node": "l",
"frag": "x",
"id": "P238380.l05ded",
"ref": "P238380.13.6",
"inst": "u",
"f": {"lang": "akk-x-neobab",
"form": "x",
"pos": "u"}
}
,
{
"node": "l",
"frag": "x",
"id": "P238380.l05dee",
"ref": "P238380.13.7",
"inst": "u",
"f": {"lang": "akk-x-neobab",
"form": "x",
"pos": "u"}
}
,
{
"node": "l",
"frag": "x",
"id": "P238380.l05def",
"ref": "P238380.13.8",
"inst": "u",
"f": {"lang": "akk-x-neobab",
"form": "x",
"pos": "u"}
}
,
{
"node": "l",
"frag": "x]-⸢ni⸣",
"id": "P238380.l05df0",
"ref": "P238380.13.9",
"inst": "u",
"f": {"lang": "akk-x-neobab",
"form": "x-ni",
"pos": "u"}
}
,
{
"node": "d",
"type": "nonx",
"ref": "P238380.14",
"strict": "0",
"extent": "rest",
"state": "missing"}
,
{
"node": "d",
"subtype": "reverse",
"type": "surface",
"ref": "P238380.r.15",
"type": "reverse",
"label": "r"}
,
{
"node": "d",
"type": "nonx",
"ref": "P238380.16",
"strict": "0",
"extent": "beginning",
"state": "missing"}
,
{
"node": "d",
"type": "line-start",
"ref": "P238380.17",
"n": "1'",
"label": "r 1'"}
,
{
"node": "l",
"frag": "[x",
"id": "P238380.l05df1",
"ref": "P238380.17.1",
"inst": "u",
"f": {"lang": "akk-x-neobab",
"form": "x",
"pos": "u"}
}
,
{
"node": "l",
"frag": "x",
"id": "P238380.l05df2",
"ref": "P238380.17.2",
"inst": "u",
"f": {"lang": "akk-x-neobab",
"form": "x",
"pos": "u"}
}
,
{
"node": "l",
"frag": "x",
"id": "P238380.l05df3",
"ref": "P238380.17.3",
"inst": "u",
"f": {"lang": "akk-x-neobab",
"form": "x",
"pos": "u"}
}
,
{
"node": "l",
"frag": "x",
"id": "P238380.l05df4",
"ref": "P238380.17.4",
"inst": "u",
"f": {"lang": "akk-x-neobab",
"form": "x",
"pos": "u"}
}
,
{
"node": "l",
"frag": "x",
"id": "P238380.l05df5",
"ref": "P238380.17.5",
"inst": "u",
"f": {"lang": "akk-x-neobab",
"form": "x",
"pos": "u"}
}
,
{
"node": "l",
"frag": "x]",
"id": "P238380.l05df6",
"ref": "P238380.17.6",
"inst": "u",
"f": {"lang": "akk-x-neobab",
"form": "x",
"pos": "u"}
}
,
{
"node": "l",
"frag": "⸢da",
"id": "P238380.l05df7",
"ref": "P238380.17.7",
"inst": "u",
"f": {"lang": "akk-x-neobab",
"form": "da",
"pos": "u"}
}
,
{
"node": "l",
"frag": "ta",
"id": "P238380.l05df8",
"ref": "P238380.17.8",
"inst": "u",
"f": {"lang": "akk-x-neobab",
"form": "ta",
"pos": "u"}
}
,
{
"node": "l",
"frag": "KUR⸣",
"id": "P238380.l05df9",
"ref": "P238380.17.9",
"inst": "u",
"f": {"lang": "akk-x-neobab",
"form": "KUR",
"pos": "u"}
}
,
{
"node": "l",
"frag": "[x]",
"id": "P238380.l05dfa",
"ref": "P238380.17.10",
"inst": "u",
"f": {"lang": "akk-x-neobab",
"form": "x",
"pos": "u"}
}
,
{
"node": "d",
"type": "line-start",
"ref": "P238380.18",
"n": "2'",
"label": "r 2'"}
,
{
"node": "l",
"frag": "[x",
"id": "P238380.l05dfb",
"ref": "P238380.18.1",
"inst": "u",
"f": {"lang": "akk-x-neobab",
"form": "x",
"pos": "u"}
}
,
{
"node": "l",
"frag": "x",
"id": "P238380.l05dfc",
"ref": "P238380.18.2",
"inst": "u",
"f": {"lang": "akk-x-neobab",
"form": "x",
"pos": "u"}
}
,
{
"node": "l",
"frag": "x]",
"id": "P238380.l05dfd",
"ref": "P238380.18.3",
"inst": "u",
"f": {"lang": "akk-x-neobab",
"form": "x",
"pos": "u"}
}
,
{
"node": "l",
"frag": "⸢x",
"id": "P238380.l05dfe",
"ref": "P238380.18.4",
"inst": "u",
"f": {"lang": "akk-x-neobab",
"form": "x",
"pos": "u"}
}
,
{
"node": "l",
"frag": "x",
"id": "P238380.l05dff",
"ref": "P238380.18.5",
"inst": "u",
"f": {"lang": "akk-x-neobab",
"form": "x",
"pos": "u"}
}
,
{
"node": "l",
"frag": "x⸣",
"id": "P238380.l05e00",
"ref": "P238380.18.6",
"inst": "u",
"f": {"lang": "akk-x-neobab",
"form": "x",
"pos": "u"}
}
,
{
"node": "l",
"frag": "[x]+⸢x",
"id": "P238380.l05e01",
"ref": "P238380.18.7",
"inst": "u",
"f": {"lang": "akk-x-neobab",
"form": "x+x",
"pos": "u"}
}
,
{
"node": "l",
"frag": "bi⸣",
"id": "P238380.l05e02",
"ref": "P238380.18.8",
"inst": "u",
"f": {"lang": "akk-x-neobab",
"form": "bi",
"pos": "u"}
}
,
{
"node": "l",
"frag": "[x]",
"id": "P238380.l05e03",
"ref": "P238380.18.9",
"inst": "u",
"f": {"lang": "akk-x-neobab",
"form": "x",
"pos": "u"}
}
,
{
"node": "d",
"type": "line-start",
"ref": "P238380.19",
"n": "3'",
"label": "r 3'"}
,
{
"node": "l",
"frag": "[x",
"id": "P238380.l05e04",
"ref": "P238380.19.1",
"inst": "u",
"f": {"lang": "akk-x-neobab",
"form": "x",
"pos": "u"}
}
,
{
"node": "l",
"frag": "x]-⸢x-e-ma",
"id": "P238380.l05e05",
"ref": "P238380.19.2",
"inst": "u",
"f": {"lang": "akk-x-neobab",
"form": "x-x-e-ma",
"pos": "u"}
}
,
{
"node": "l",
"frag": "a-na-ku",
"id": "P238380.l05e06",
"ref": "P238380.19.3",
"inst": "anāku[I]IP",
"sig": "@saao/saa18%akk-x-neobab:a-na-ku=anāku[I//I]IP'IP$anāku",
"f": {"lang": "akk-x-neobab",
"form": "a-na-ku",
"cf": "anāku",
"gw": "I",
"sense": "I",
"norm": "anāku",
"pos": "IP",
"epos": "IP"}
}
,
{
"node": "l",
"frag": "um-ma⸣",
"id": "P238380.l05e07",
"ref": "P238380.19.4",
"inst": "umma[saying]PRP",
"sig": "@saao/saa18%akk-x-neobab:um-ma=umma[saying//saying]PRP'PRP$umma",
"f": {"lang": "akk-x-neobab",
"form": "um-ma",
"cf": "umma",
"gw": "saying",
"sense": "saying",
"norm": "umma",
"pos": "PRP",
"epos": "PRP"}
}
,
{
"node": "l",
"frag": "[o]",
"id": "P238380.l05e08",
"ref": "P238380.19.5",
"inst": "u",
"f": {"lang": "akk-x-neobab",
"form": "o",
"pos": "u"}
}
,
{
"node": "d",
"type": "line-start",
"ref": "P238380.20",
"n": "4'",
"label": "r 4'"}
,
{
"node": "l",
"frag": "⸢min₃-de-e-ma",
"id": "P238380.l05e09",
"ref": "P238380.20.1",
"inst": "mindēma[perhaps]AV",
"sig": "@saao/saa18%akk-x-neobab:min₃-de-e-ma=minde[perhaps//perhaps]AV'AV$mindēma",
"f": {"lang": "akk-x-neobab",
"form": "min₃-de-e-ma",
"cf": "minde",
"gw": "perhaps",
"sense": "perhaps",
"norm": "mindēma",
"pos": "AV",
"epos": "AV"}
}
,
{
"node": "l",
"frag": "LUGAL",
"id": "P238380.l05e0a",
"ref": "P238380.20.2",
"inst": "šarru[king]N",
"sig": "@saao/saa18%akk-x-neobab:LUGAL=šarru[king//king]N'N$šarru",
"f": {"lang": "akk-x-neobab",
"form": "LUGAL",
"cf": "šarru",
"gw": "king",
"sense": "king",
"norm": "šarru",
"pos": "N",
"epos": "N"}
}
,
{
"node": "l",
"frag": "EN-a",
"id": "P238380.l05e0b",
"ref": "P238380.20.3",
"inst": "bēlā[lord]N",
"sig": "@saao/saa18%akk-x-neobab:EN-a=bēlu[lord//lord]N'N$bēlā",
"f": {"lang": "akk-x-neobab",
"form": "EN-a",
"cf": "bēlu",
"gw": "lord",
"sense": "lord",
"norm": "bēlā",
"pos": "N",
"epos": "N"}
}
,
{
"node": "l",
"frag": "ki-i⸣",
"id": "P238380.l05e0c",
"ref": "P238380.20.4",
"inst": "kî[that]'SBJ",
"sig": "@saao/saa18%akk-x-neobab:ki-i=kī[like//that]PRP'SBJ$kî",
"f": {"lang": "akk-x-neobab",
"form": "ki-i",
"cf": "kī",
"gw": "like",
"sense": "that",
"norm": "kî",
"pos": "PRP",
"epos": "SBJ"}
}
,
{
"node": "l",
"frag": "[x",
"id": "P238380.l05e0d",
"ref": "P238380.20.5",
"inst": "u",
"f": {"lang": "akk-x-neobab",
"form": "x",
"pos": "u"}
}
,
{
"node": "l",
"frag": "x]",
"id": "P238380.l05e0e",
"ref": "P238380.20.6",
"inst": "u",
"f": {"lang": "akk-x-neobab",
"form": "x",
"pos": "u"}
}
,
{
"node": "d",
"type": "line-start",
"ref": "P238380.21",
"n": "5'",
"label": "r 5'"}
,
{
"node": "l",
"frag": "⸢i-lat-tak-an-ni",
"id": "P238380.l05e0f",
"ref": "P238380.21.1",
"inst": "+latāku[try out//test]V'V$ilattakanni",
"sig": "@saao/saa18%akk-x-neobab:i-lat-tak-an-ni=latāku[try out//test]V'V$ilattakanni",
"f": {"lang": "akk-x-neobab",
"form": "i-lat-tak-an-ni",
"cf": "latāku",
"gw": "try out",
"sense": "test",
"norm": "ilattakanni",
"pos": "V",
"epos": "V"}
}
,
{
"node": "l",
"frag": "min₃-de⸣-[e]-⸢ma⸣",
"id": "P238380.l05e10",
"ref": "P238380.21.2",
"inst": "mindēma[perhaps]AV",
"sig": "@saao/saa18%akk-x-neobab:min₃-de-e-ma=minde[perhaps//perhaps]AV'AV$mindēma",
"f": {"lang": "akk-x-neobab",
"form": "min₃-de-e-ma",
"cf": "minde",
"gw": "perhaps",
"sense": "perhaps",
"norm": "mindēma",
"pos": "AV",
"epos": "AV"}
}
,
{
"node": "l",
"frag": "[x",
"id": "P238380.l05e11",
"ref": "P238380.21.3",
"inst": "u",
"f": {"lang": "akk-x-neobab",
"form": "x",
"pos": "u"}
}
,
{
"node": "l",
"frag": "x]",
"id": "P238380.l05e12",
"ref": "P238380.21.4",
"inst": "u",
"f": {"lang": "akk-x-neobab",
"form": "x",
"pos": "u"}
}
,
{
"node": "d",
"type": "line-start",
"ref": "P238380.22",
"n": "6'",
"label": "r 6'"}
,
{
"node": "l",
"frag": "⸢ša₂",
"id": "P238380.l05e13",
"ref": "P238380.22.1",
"inst": "ša[that]REL",
"sig": "@saao/saa18%akk-x-neobab:ša₂=ša[that//where]REL'REL$ša",
"f": {"lang": "akk-x-neobab",
"form": "ša₂",
"cf": "ša",
"gw": "that",
"sense": "where",
"norm": "ša",
"pos": "REL",
"epos": "REL"}
}
,
{
"node": "l",
"frag": "KUG.GI",
"id": "P238380.l05e14",
"ref": "P238380.22.2",
"inst": "+hurāṣu[gold]N$",
"sig": "@saao/saa18%akk-x-neobab:KUG.GI=hurāṣu[gold//gold]N'N$hurāṣu",
"f": {"lang": "akk-x-neobab",
"form": "KUG.GI",
"cf": "hurāṣu",
"gw": "gold",
"sense": "gold",
"norm": "hurāṣu",
"pos": "N",
"epos": "N"}
}
,
{
"node": "l",
"frag": "a-hi-ṭu-ma",
"id": "P238380.l05e15",
"ref": "P238380.22.3",
"inst": "+hiāṭu[supervise//weigh]V'V$ahīṭūma",
"sig": "@saao/saa18%akk-x-neobab:a-hi-ṭu-ma=hiāṭu[supervise//weigh]V'V$ahīṭūma",
"f": {"lang": "akk-x-neobab",
"form": "a-hi-ṭu-ma",
"cf": "hiāṭu",
"gw": "supervise",
"sense": "weigh",
"norm": "ahīṭūma",
"pos": "V",
"epos": "V"}
}
,
{
"node": "l",
"frag": "a-na",
"id": "P238380.l05e16",
"ref": "P238380.22.4",
"inst": "ana[for]PRP",
"sig": "@saao/saa18%akk-x-neobab:a-na=ana[to//for]PRP'PRP$ana",
"f": {"lang": "akk-x-neobab",
"form": "a-na",
"cf": "ana",
"gw": "to",
"sense": "for",
"norm": "ana",
"pos": "PRP",
"epos": "PRP"}
}
,
{
"node": "l",
"frag": "01",
"id": "P238380.l05e17",
"ref": "P238380.22.5",
"inst": "n",
"f": {"lang": "akk-x-neobab",
"form": "01",
"pos": "n"}
}
,
{
"node": "l",
"frag": "šam-ša₂-an-nu⸣",
"id": "P238380.l05e18",
"ref": "P238380.22.6",
"inst": "+šamšānu[sun-disc]N$šamšannu",
"sig": "@saao/saa18%akk-x-neobab:šam-ša₂-an-nu=šamšānu[sun-disc//sun-disc]N'N$šamšannu",
"f": {"lang": "akk-x-neobab",
"form": "šam-ša₂-an-nu",
"cf": "šamšānu",
"gw": "sun-disc",
"sense": "sun-disc",
"norm": "šamšannu",
"pos": "N",
"epos": "N"}
}
,
{
"node": "d",
"type": "line-start",
"ref": "P238380.23",
"n": "7'",
"label": "r 7'"}
,
{
"node": "l",
"frag": "⸢ad-di-nu",
"id": "P238380.l05e19",
"ref": "P238380.23.1",
"inst": "addinu[give]V",
"sig": "@saao/saa18%akk-x-neobab:ad-di-nu=nadānu[give//give]V'V$addinu",
"f": {"lang": "akk-x-neobab",
"form": "ad-di-nu",
"cf": "nadānu",
"gw": "give",
"sense": "give",
"norm": "addinu",
"pos": "V",
"epos": "V"}
}
,
{
"node": "l",
"frag": "šu-u₂",
"id": "P238380.l05e1a",
"ref": "P238380.23.2",
"inst": "šû[he]IP",
"sig": "@saao/saa18%akk-x-neobab:šu-u₂=šū[he//he]IP'IP$šû",
"f": {"lang": "akk-x-neobab",
"form": "šu-u₂",
"cf": "šū",
"gw": "he",
"sense": "he",
"norm": "šû",
"pos": "IP",
"epos": "IP"}
}
,
{
"node": "l",
"frag": "06",
"id": "P238380.l05e1b",
"ref": "P238380.23.3",
"inst": "n",
"f": {"lang": "akk-x-neobab",
"form": "06",
"pos": "n"}
}
,
{
"node": "l",
"frag": "UD-mu⸣",
"id": "P238380.l05e1c",
"ref": "P238380.23.4",
"inst": "ūmu[day]N",
"sig": "@saao/saa18%akk-x-neobab:UD-mu=ūmu[day//day]N'N$ūmu",
"f": {"lang": "akk-x-neobab",
"form": "UD-mu",
"cf": "ūmu",
"gw": "day",
"sense": "day",
"norm": "ūmu",
"pos": "N",
"epos": "N"}
}
,
{
"node": "d",
"type": "line-start",
"ref": "P238380.24",
"n": "8'",
"label": "r 8'"}
,
{
"node": "l",
"frag": "⸢ki-i",
"id": "P238380.l05e1d",
"ref": "P238380.24.1",
"inst": "kî[that]'SBJ",
"sig": "@saao/saa18%akk-x-neobab:ki-i=kī[like//that]PRP'SBJ$kî",
"f": {"lang": "akk-x-neobab",
"form": "ki-i",
"cf": "kī",
"gw": "like",
"sense": "that",
"norm": "kî",
"pos": "PRP",
"epos": "SBJ"}
}
,
{
"node": "l",
"frag": "ik-la-an-ni",
"id": "P238380.l05e1e",
"ref": "P238380.24.2",
"inst": "+kalû[hold (back)]V$iklanni",
"sig": "@saao/saa18%akk-x-neobab:ik-la-an-ni=kalû[hold (back)//hold (back)]V'V$iklanni",
"f": {"lang": "akk-x-neobab",
"form": "ik-la-an-ni",
"cf": "kalû",
"gw": "hold (back)",
"sense": "hold (back)",
"norm": "iklanni",
"pos": "V",
"epos": "V"}
}
,
{
"node": "l",
"frag": "ul",
"id": "P238380.l05e1f",
"ref": "P238380.24.3",
"inst": "ul[not]MOD",
"sig": "@saao/saa18%akk-x-neobab:ul=ul[not//not]MOD'MOD$ul",
"f": {"lang": "akk-x-neobab",
"form": "ul",
"cf": "ul",
"gw": "not",
"sense": "not",
"norm": "ul",
"pos": "MOD",
"epos": "MOD"}
}
,
{
"node": "l",
"frag": "am-man-gur⸣",
"id": "P238380.l05e20",
"ref": "P238380.24.4",
"inst": "+magāru[consent//agree]V'V$ammangur",
"sig": "@saao/saa18%akk-x-neobab:am-man-gur=magāru[consent//agree]V'V$ammangur",
"f": {"lang": "akk-x-neobab",
"form": "am-man-gur",
"cf": "magāru",
"gw": "consent",
"sense": "agree",
"norm": "ammangur",
"pos": "V",
"epos": "V"}
}
,
{
"node": "d",
"type": "line-start",
"ref": "P238380.25",
"n": "9'",
"label": "r 9'"}
,
{
"node": "l",
"frag": "⸢ul",
"id": "P238380.l05e21",
"ref": "P238380.25.1",
"inst": "ul[not]MOD",
"sig": "@saao/saa18%akk-x-neobab:ul=ul[not//not]MOD'MOD$ul",
"f": {"lang": "akk-x-neobab",
"form": "ul",
"cf": "ul",
"gw": "not",
"sense": "not",
"norm": "ul",
"pos": "MOD",
"epos": "MOD"}
}
,
{
"node": "l",
"frag": "u₂-maš-šar-an-ni",
"id": "P238380.l05e22",
"ref": "P238380.25.2",
"inst": "+ašāru[sink down//let go]V'V$umaššaranni",
"sig": "@saao/saa18%akk-x-neobab:u₂-maš-šar-an-ni=ašāru[sink down//let go]V'V$umaššaranni",
"f": {"lang": "akk-x-neobab",
"form": "u₂-maš-šar-an-ni",
"cf": "ašāru",
"gw": "sink down",
"sense": "let go",
"norm": "umaššaranni",
"pos": "V",
"epos": "V"}
}
,
{
"node": "l",
"frag": "a-ki-i⸣",
"id": "P238380.l05e23",
"ref": "P238380.25.3",
"inst": "akī[as, like]PRP",
"sig": "@saao/saa18%akk-x-neobab:a-ki-i=akī[as, like//just as]PRP'PRP$akī",
"f": {"lang": "akk-x-neobab",
"form": "a-ki-i",
"cf": "akī",
"gw": "as, like",
"sense": "just as",
"norm": "akī",
"pos": "PRP",
"epos": "PRP"}
}
,
{
"node": "d",
"type": "line-start",
"ref": "P238380.26",
"n": "10'",
"label": "r 10'"}
,
{
"node": "l",
"frag": "[x",
"id": "P238380.l05e24",
"ref": "P238380.26.1",
"inst": "u",
"f": {"lang": "akk-x-neobab",
"form": "x",
"pos": "u"}
}
,
{
"node": "l",
"frag": "x]+⸢x",
"id": "P238380.l05e25",
"ref": "P238380.26.2",
"inst": "u",
"f": {"lang": "akk-x-neobab",
"form": "x+x",
"pos": "u"}
}
,
{
"node": "l",
"frag": "na",
"id": "P238380.l05e26",
"ref": "P238380.26.3",
"inst": "u",
"f": {"lang": "akk-x-neobab",
"form": "na",
"pos": "u"}
}
,
{
"node": "l",
"frag": "x",
"id": "P238380.l05e27",
"ref": "P238380.26.4",
"inst": "u",
"f": {"lang": "akk-x-neobab",
"form": "x",
"pos": "u"}
}
,
{
"node": "l",
"frag": "URU",
"id": "P238380.l05e28",
"ref": "P238380.26.5",
"inst": "u",
"f": {"lang": "akk-x-neobab",
"form": "URU",
"pos": "u"}
}
,
{
"node": "l",
"frag": "ANŠE",
"id": "P238380.l05e29",
"ref": "P238380.26.6",
"inst": "+imēru[donkey]N$",
"sig": "@saao/saa18%akk-x-neobab:ANŠE=imēru[donkey//donkey]N'N$imēru",
"f": {"lang": "akk-x-neobab",
"form": "ANŠE",
"cf": "imēru",
"gw": "donkey",
"sense": "donkey",
"norm": "imēru",
"pos": "N",
"epos": "N"}
}
,
{
"node": "l",
"frag": "šu₂",
"id": "P238380.l05e2a",
"ref": "P238380.26.7",
"inst": "u",
"f": {"lang": "akk-x-neobab",
"form": "šu₂",
"pos": "u"}
}
,
{
"node": "l",
"frag": "x",
"id": "P238380.l05e2b",
"ref": "P238380.26.8",
"inst": "u",
"f": {"lang": "akk-x-neobab",
"form": "x",
"pos": "u"}
}
,
{
"node": "l",
"frag": "an⸣",
"id": "P238380.l05e2c",
"ref": "P238380.26.9",
"inst": "u",
"f": {"lang": "akk-x-neobab",
"form": "an",
"pos": "u"}
}
,
{
"node": "d",
"type": "line-start",
"ref": "P238380.27",
"n": "11'",
"label": "r 11'"}
,
{
"node": "l",
"frag": "[x]",
"id": "P238380.l05e2d",
"ref": "P238380.27.1",
"inst": "u",
"f": {"lang": "akk-x-neobab",
"form": "x",
"pos": "u"}
}
,
{
"node": "l",
"frag": "⸢x",
"id": "P238380.l05e2e",
"ref": "P238380.27.2",
"inst": "u",
"f": {"lang": "akk-x-neobab",
"form": "x",
"pos": "u"}
}
,
{
"node": "l",
"frag": "x",
"id": "P238380.l05e2f",
"ref": "P238380.27.3",
"inst": "u",
"f": {"lang": "akk-x-neobab",
"form": "x",
"pos": "u"}
}
,
{
"node": "l",
"frag": "x",
"id": "P238380.l05e30",
"ref": "P238380.27.4",
"inst": "u",
"f": {"lang": "akk-x-neobab",
"form": "x",
"pos": "u"}
}
,
{
"node": "l",
"frag": "x",
"id": "P238380.l05e31",
"ref": "P238380.27.5",
"inst": "u",
"f": {"lang": "akk-x-neobab",
"form": "x",
"pos": "u"}
}
,
{
"node": "l",
"frag": "du",
"id": "P238380.l05e32",
"ref": "P238380.27.6",
"inst": "u",
"f": {"lang": "akk-x-neobab",
"form": "du",
"pos": "u"}
}
,
{
"node": "l",
"frag": "06",
"id": "P238380.l05e33",
"ref": "P238380.27.7",
"inst": "n",
"f": {"lang": "akk-x-neobab",
"form": "06",
"pos": "n"}
}
,
{
"node": "l",
"frag": "GUD-MEŠ⸣",
"id": "P238380.l05e34",
"ref": "P238380.27.8",
"inst": "alpāni[ox]N",
"sig": "@saao/saa18%akk-x-neobab:GUD-MEŠ=alpu[ox//ox]N'N$alpāni",
"f": {"lang": "akk-x-neobab",
"form": "GUD-MEŠ",
"cf": "alpu",
"gw": "ox",
"sense": "ox",
"norm": "alpāni",
"pos": "N",
"epos": "N"}
}
,
{
"node": "d",
"type": "line-start",
"ref": "P238380.28",
"n": "12'",
"label": "r 12'"}
,
{
"node": "l",
"frag": "[x",
"id": "P238380.l05e35",
"ref": "P238380.28.1",
"inst": "u",
"f": {"lang": "akk-x-neobab",
"form": "x",
"pos": "u"}
}
,
{
"node": "l",
"frag": "x",
"id": "P238380.l05e36",
"ref": "P238380.28.2",
"inst": "u",
"f": {"lang": "akk-x-neobab",
"form": "x",
"pos": "u"}
}
,
{
"node": "l",
"frag": "x",
"id": "P238380.l05e37",
"ref": "P238380.28.3",
"inst": "u",
"f": {"lang": "akk-x-neobab",
"form": "x",
"pos": "u"}
}
,
{
"node": "l",
"frag": "x",
"id": "P238380.l05e38",
"ref": "P238380.28.4",
"inst": "u",
"f": {"lang": "akk-x-neobab",
"form": "x",
"pos": "u"}
}
,
{
"node": "l",
"frag": "x",
"id": "P238380.l05e39",
"ref": "P238380.28.5",
"inst": "u",
"f": {"lang": "akk-x-neobab",
"form": "x",
"pos": "u"}
}
,
{
"node": "l",
"frag": "x]",
"id": "P238380.l05e3a",
"ref": "P238380.28.6",
"inst": "u",
"f": {"lang": "akk-x-neobab",
"form": "x",
"pos": "u"}
}
,
{
"node": "l",
"frag": "⸢x",
"id": "P238380.l05e3b",
"ref": "P238380.28.7",
"inst": "u",
"f": {"lang": "akk-x-neobab",
"form": "x",
"pos": "u"}
}
,
{
"node": "l",
"frag": "x",
"id": "P238380.l05e3c",
"ref": "P238380.28.8",
"inst": "u",
"f": {"lang": "akk-x-neobab",
"form": "x",
"pos": "u"}
}
,
{
"node": "l",
"frag": "x⸣",
"id": "P238380.l05e3d",
"ref": "P238380.28.9",
"inst": "u",
"f": {"lang": "akk-x-neobab",
"form": "x",
"pos": "u"}
}
,
{
"node": "l",
"frag": "[x",
"id": "P238380.l05e3e",
"ref": "P238380.28.10",
"inst": "u",
"f": {"lang": "akk-x-neobab",
"form": "x",
"pos": "u"}
}
,
{
"node": "l",
"frag": "x]+⸢x⸣",
"id": "P238380.l05e3f",
"ref": "P238380.28.11",
"inst": "u",
"f": {"lang": "akk-x-neobab",
"form": "x+x",
"pos": "u"}
}
,
{
"node": "d",
"type": "nonx",
"ref": "P238380.29",
"strict": "0",
"extent": "rest",
"state": "missing"}
,
{
"node": "d",
"subtype": "edge",
"type": "surface",
"ref": "P238380.e..30",
"type": "edge",
"label": "e."}
,
{
"node": "d",
"type": "line-start",
"ref": "P238380.31",
"n": "1",
"label": "e. 1"}
,
{
"node": "l",
"frag": "[x",
"id": "P238380.l05e40",
"ref": "P238380.31.1",
"inst": "u",
"f": {"lang": "akk-x-neobab",
"form": "x",
"pos": "u"}
}
,
{
"node": "l",
"frag": "x",
"id": "P238380.l05e41",
"ref": "P238380.31.2",
"inst": "u",
"f": {"lang": "akk-x-neobab",
"form": "x",
"pos": "u"}
}
,
{
"node": "l",
"frag": "x]+⸢x",
"id": "P238380.l05e42",
"ref": "P238380.31.3",
"inst": "u",
"f": {"lang": "akk-x-neobab",
"form": "x+x",
"pos": "u"}
}
,
{
"node": "l",
"frag": "15",
"id": "P238380.l05e43",
"ref": "P238380.31.4",
"inst": "n",
"f": {"lang": "akk-x-neobab",
"form": "15",
"pos": "n"}
}
,
{
"node": "l",
"frag": "x",
"id": "P238380.l05e44",
"ref": "P238380.31.5",
"inst": "u",
"f": {"lang": "akk-x-neobab",
"form": "x",
"pos": "u"}
}
,
{
"node": "l",
"frag": "x",
"id": "P238380.l05e45",
"ref": "P238380.31.6",
"inst": "u",
"f": {"lang": "akk-x-neobab",
"form": "x",
"pos": "u"}
}
,
{
"node": "l",
"frag": "x",
"id": "P238380.l05e46",
"ref": "P238380.31.7",
"inst": "u",
"f": {"lang": "akk-x-neobab",
"form": "x",
"pos": "u"}
}
,
{
"node": "l",
"frag": "x⸣",
"id": "P238380.l05e47",
"ref": "P238380.31.8",
"inst": "u",
"f": {"lang": "akk-x-neobab",
"form": "x",
"pos": "u"}
}
,
{
"node": "l",
"frag": "[x",
"id": "P238380.l05e48",
"ref": "P238380.31.9",
"inst": "u",
"f": {"lang": "akk-x-neobab",
"form": "x",
"pos": "u"}
}
,
{
"node": "l",
"frag": "x",
"id": "P238380.l05e49",
"ref": "P238380.31.10",
"inst": "u",
"f": {"lang": "akk-x-neobab",
"form": "x",
"pos": "u"}
}
,
{
"node": "l",
"frag": "x",
"id": "P238380.l05e4a",
"ref": "P238380.31.11",
"inst": "u",
"f": {"lang": "akk-x-neobab",
"form": "x",
"pos": "u"}
}
,
{
"node": "l",
"frag": "x]",
"id": "P238380.l05e4b",
"ref": "P238380.31.12",
"inst": "u",
"f": {"lang": "akk-x-neobab",
"form": "x",
"pos": "u"}
}
,
{
"node": "d",
"type": "line-start",
"ref": "P238380.32",
"n": "2",
"label": "e. 2"}
,
{
"node": "l",
"frag": "[x",
"id": "P238380.l05e4c",
"ref": "P238380.32.1",
"inst": "u",
"f": {"lang": "akk-x-neobab",
"form": "x",
"pos": "u"}
}
,
{
"node": "l",
"frag": "x",
"id": "P238380.l05e4d",
"ref": "P238380.32.2",
"inst": "u",
"f": {"lang": "akk-x-neobab",
"form": "x",
"pos": "u"}
}
,
{
"node": "l",
"frag": "x]",
"id": "P238380.l05e4e",
"ref": "P238380.32.3",
"inst": "u",
"f": {"lang": "akk-x-neobab",
"form": "x",
"pos": "u"}
}
,
{
"node": "l",
"frag": "⸢x",
"id": "P238380.l05e4f",
"ref": "P238380.32.4",
"inst": "u",
"f": {"lang": "akk-x-neobab",
"form": "x",
"pos": "u"}
}
,
{
"node": "l",
"frag": "ga",
"id": "P238380.l05e50",
"ref": "P238380.32.5",
"inst": "u",
"f": {"lang": "akk-x-neobab",
"form": "ga",
"pos": "u"}
}
,
{
"node": "l",
"frag": "ab",
"id": "P238380.l05e51",
"ref": "P238380.32.6",
"inst": "u",
"f": {"lang": "akk-x-neobab",
"form": "ab",
"pos": "u"}
}
,
{
"node": "l",
"frag": "E₂",
"id": "P238380.l05e52",
"ref": "P238380.32.7",
"inst": "u",
"f": {"lang": "akk-x-neobab",
"form": "E₂",
"pos": "u"}
}
,
{
"node": "l",
"frag": "KUR",
"id": "P238380.l05e53",
"ref": "P238380.32.8",
"inst": "u",
"f": {"lang": "akk-x-neobab",
"form": "KUR",
"pos": "u"}
}
,
{
"node": "l",
"frag": "x⸣+[x",
"id": "P238380.l05e54",
"ref": "P238380.32.9",
"inst": "u",
"f": {"lang": "akk-x-neobab",
"form": "x+x",
"pos": "u"}
}
,
{
"node": "l",
"frag": "x",
"id": "P238380.l05e55",
"ref": "P238380.32.10",
"inst": "u",
"f": {"lang": "akk-x-neobab",
"form": "x",
"pos": "u"}
}
,
{
"node": "l",
"frag": "x]",
"id": "P238380.l05e56",
"ref": "P238380.32.11",
"inst": "u",
"f": {"lang": "akk-x-neobab",
"form": "x",
"pos": "u"}
}
,
{
"node": "d",
"type": "line-start",
"ref": "P238380.33",
"n": "3",
"label": "e. 3"}
,
{
"node": "l",
"frag": "[x",
"id": "P238380.l05e57",
"ref": "P238380.33.1",
"inst": "u",
"f": {"lang": "akk-x-neobab",
"form": "x",
"pos": "u"}
}
,
{
"node": "l",
"frag": "x",
"id": "P238380.l05e58",
"ref": "P238380.33.2",
"inst": "u",
"f": {"lang": "akk-x-neobab",
"form": "x",
"pos": "u"}
}
,
{
"node": "l",
"frag": "x",
"id": "P238380.l05e59",
"ref": "P238380.33.3",
"inst": "u",
"f": {"lang": "akk-x-neobab",
"form": "x",
"pos": "u"}
}
,
{
"node": "l",
"frag": "x]+⸢x⸣",
"id": "P238380.l05e5a",
"ref": "P238380.33.4",
"inst": "u",
"f": {"lang": "akk-x-neobab",
"form": "x+x",
"pos": "u"}
}
,
{
"node": "l",
"frag": "ru",
"id": "P238380.l05e5b",
"ref": "P238380.33.5",
"inst": "u",
"f": {"lang": "akk-x-neobab",
"form": "ru",
"pos": "u"}
}
,
{
"node": "l",
"frag": "u₂",
"id": "P238380.l05e5c",
"ref": "P238380.33.6",
"inst": "u",
"f": {"lang": "akk-x-neobab",
"form": "u₂",
"pos": "u"}
}
,
{
"node": "l",
"frag": "ni",
"id": "P238380.l05e5d",
"ref": "P238380.33.7",
"inst": "u",
"f": {"lang": "akk-x-neobab",
"form": "ni",
"pos": "u"}
}
,
{
"node": "l",
"frag": "⸢x⸣+[x",
"id": "P238380.l05e5e",
"ref": "P238380.33.8",
"inst": "u",
"f": {"lang": "akk-x-neobab",
"form": "x+x",
"pos": "u"}
}
,
{
"node": "l",
"frag": "x",
"id": "P238380.l05e5f",
"ref": "P238380.33.9",
"inst": "u",
"f": {"lang": "akk-x-neobab",
"form": "x",
"pos": "u"}
}
,
{
"node": "l",
"frag": "x",
"id": "P238380.l05e60",
"ref": "P238380.33.10",
"inst": "u",
"f": {"lang": "akk-x-neobab",
"form": "x",
"pos": "u"}
}
,
{
"node": "l",
"frag": "x]",
"id": "P238380.l05e61",
"ref": "P238380.33.11",
"inst": "u",
"f": {"lang": "akk-x-neobab",
"form": "x",
"pos": "u"}
}
]}
]}
]}
]}
