{
"type": "cdl",
  "source": "http://oracc.org/saao/saa18",
  "license": "This data is released under the CC0 license",
  "license-url": "https://creativecommons.org/publicdomain/zero/1.0/",
  "more-info": "http://oracc.org/doc/opendata/",
  "UTC-timestamp": "2017-05-19T12:01:06",
"project": "saao/saa18",
"textid": "P238535",
"cdl": [
{
"node": "c",
"type": "text",
"id": "P238535.U0",
"cdl": [
{
"node": "d",
"type": "object",
"ref": ""}
,
{
"node": "d",
"subtype": "obverse",
"type": "surface",
"ref": "P238535.o.1",
"type": "obverse",
"label": "o"}
,
{
"node": "d",
"type": "nonx",
"ref": "P238535.2",
"strict": "0",
"extent": "beginning",
"state": "missing"}
,
{
"node": "c",
"type": "discourse",
"subtype": "body",
"id": "P238535.U1",
"cdl": [
{
"node": "c",
"type": "sentence",
"id": "P238535.U2",
"label": "o 1' - o 11'",
"cdl": [
{
"node": "d",
"type": "line-start",
"ref": "P238535.3",
"n": "1'",
"label": "o 1'"}
,
{
"node": "l",
"frag": "[x",
"id": "P238535.l00c9d",
"ref": "P238535.3.1",
"inst": "u",
"f": {"lang": "akk-x-neobab",
"form": "x",
"pos": "u"}
}
,
{
"node": "l",
"frag": "x",
"id": "P238535.l00c9e",
"ref": "P238535.3.2",
"inst": "u",
"f": {"lang": "akk-x-neobab",
"form": "x",
"pos": "u"}
}
,
{
"node": "l",
"frag": "x",
"id": "P238535.l00c9f",
"ref": "P238535.3.3",
"inst": "u",
"f": {"lang": "akk-x-neobab",
"form": "x",
"pos": "u"}
}
,
{
"node": "l",
"frag": "x",
"id": "P238535.l00ca0",
"ref": "P238535.3.4",
"inst": "u",
"f": {"lang": "akk-x-neobab",
"form": "x",
"pos": "u"}
}
,
{
"node": "l",
"frag": "x",
"id": "P238535.l00ca1",
"ref": "P238535.3.5",
"inst": "u",
"f": {"lang": "akk-x-neobab",
"form": "x",
"pos": "u"}
}
,
{
"node": "l",
"frag": "x]-tu₂",
"id": "P238535.l00ca2",
"ref": "P238535.3.6",
"inst": "u",
"f": {"lang": "akk-x-neobab",
"form": "x-tu₂",
"pos": "u"}
}
,
{
"node": "l",
"frag": "ha-[x",
"id": "P238535.l00ca3",
"ref": "P238535.3.7",
"inst": "u",
"f": {"lang": "akk-x-neobab",
"form": "ha-x",
"pos": "u"}
}
,
{
"node": "l",
"frag": "x",
"id": "P238535.l00ca4",
"ref": "P238535.3.8",
"inst": "u",
"f": {"lang": "akk-x-neobab",
"form": "x",
"pos": "u"}
}
,
{
"node": "l",
"frag": "x",
"id": "P238535.l00ca5",
"ref": "P238535.3.9",
"inst": "u",
"f": {"lang": "akk-x-neobab",
"form": "x",
"pos": "u"}
}
,
{
"node": "l",
"frag": "x",
"id": "P238535.l00ca6",
"ref": "P238535.3.10",
"inst": "u",
"f": {"lang": "akk-x-neobab",
"form": "x",
"pos": "u"}
}
,
{
"node": "l",
"frag": "x",
"id": "P238535.l00ca7",
"ref": "P238535.3.11",
"inst": "u",
"f": {"lang": "akk-x-neobab",
"form": "x",
"pos": "u"}
}
,
{
"node": "l",
"frag": "x]",
"id": "P238535.l00ca8",
"ref": "P238535.3.12",
"inst": "u",
"f": {"lang": "akk-x-neobab",
"form": "x",
"pos": "u"}
}
,
{
"node": "d",
"type": "line-start",
"ref": "P238535.4",
"n": "2'",
"label": "o 2'"}
,
{
"node": "l",
"frag": "[x",
"id": "P238535.l00ca9",
"ref": "P238535.4.1",
"inst": "u",
"f": {"lang": "akk-x-neobab",
"form": "x",
"pos": "u"}
}
,
{
"node": "l",
"frag": "x",
"id": "P238535.l00caa",
"ref": "P238535.4.2",
"inst": "u",
"f": {"lang": "akk-x-neobab",
"form": "x",
"pos": "u"}
}
,
{
"node": "l",
"frag": "x",
"id": "P238535.l00cab",
"ref": "P238535.4.3",
"inst": "u",
"f": {"lang": "akk-x-neobab",
"form": "x",
"pos": "u"}
}
,
{
"node": "l",
"frag": "x]",
"id": "P238535.l00cac",
"ref": "P238535.4.4",
"inst": "u",
"f": {"lang": "akk-x-neobab",
"form": "x",
"pos": "u"}
}
,
{
"node": "l",
"frag": "E₂.GAL",
"id": "P238535.l00cad",
"ref": "P238535.4.5",
"inst": "ēkalli[palace]N",
"sig": "@saao/saa18%akk-x-neobab:E₂.GAL=ēkallu[palace//palace]N'N$ēkalli",
"f": {"lang": "akk-x-neobab",
"form": "E₂.GAL",
"cf": "ēkallu",
"gw": "palace",
"sense": "palace",
"norm": "ēkalli",
"pos": "N",
"epos": "N"}
}
,
{
"node": "l",
"frag": "⸢x⸣+[x",
"id": "P238535.l00cae",
"ref": "P238535.4.6",
"inst": "u",
"f": {"lang": "akk-x-neobab",
"form": "x+x",
"pos": "u"}
}
,
{
"node": "l",
"frag": "x",
"id": "P238535.l00caf",
"ref": "P238535.4.7",
"inst": "u",
"f": {"lang": "akk-x-neobab",
"form": "x",
"pos": "u"}
}
,
{
"node": "l",
"frag": "x",
"id": "P238535.l00cb0",
"ref": "P238535.4.8",
"inst": "u",
"f": {"lang": "akk-x-neobab",
"form": "x",
"pos": "u"}
}
,
{
"node": "l",
"frag": "x",
"id": "P238535.l00cb1",
"ref": "P238535.4.9",
"inst": "u",
"f": {"lang": "akk-x-neobab",
"form": "x",
"pos": "u"}
}
,
{
"node": "l",
"frag": "x",
"id": "P238535.l00cb2",
"ref": "P238535.4.10",
"inst": "u",
"f": {"lang": "akk-x-neobab",
"form": "x",
"pos": "u"}
}
,
{
"node": "l",
"frag": "x]",
"id": "P238535.l00cb3",
"ref": "P238535.4.11",
"inst": "u",
"f": {"lang": "akk-x-neobab",
"form": "x",
"pos": "u"}
}
,
{
"node": "d",
"type": "line-start",
"ref": "P238535.5",
"n": "3'",
"label": "o 3'"}
,
{
"node": "l",
"frag": "[x",
"id": "P238535.l00cb4",
"ref": "P238535.5.1",
"inst": "u",
"f": {"lang": "akk-x-neobab",
"form": "x",
"pos": "u"}
}
,
{
"node": "l",
"frag": "x",
"id": "P238535.l00cb5",
"ref": "P238535.5.2",
"inst": "u",
"f": {"lang": "akk-x-neobab",
"form": "x",
"pos": "u"}
}
,
{
"node": "l",
"frag": "x",
"id": "P238535.l00cb6",
"ref": "P238535.5.3",
"inst": "u",
"f": {"lang": "akk-x-neobab",
"form": "x",
"pos": "u"}
}
,
{
"node": "l",
"frag": "x]",
"id": "P238535.l00cb7",
"ref": "P238535.5.4",
"inst": "u",
"f": {"lang": "akk-x-neobab",
"form": "x",
"pos": "u"}
}
,
{
"node": "l",
"frag": "u",
"id": "P238535.l00cb8",
"ref": "P238535.5.5",
"inst": "u[and]CNJ",
"sig": "@saao/saa18%akk-x-neobab:u=u[and//and]CNJ'CNJ$u",
"f": {"lang": "akk-x-neobab",
"form": "u",
"cf": "u",
"gw": "and",
"sense": "and",
"norm": "u",
"pos": "CNJ",
"epos": "CNJ"}
}
,
{
"node": "l",
"frag": "ina",
"id": "P238535.l00cb9",
"ref": "P238535.5.6",
"inst": "ina[in]PRP",
"sig": "@saao/saa18%akk-x-neobab:ina=ina[in//in]PRP'PRP$ina",
"f": {"lang": "akk-x-neobab",
"form": "ina",
"cf": "ina",
"gw": "in",
"sense": "in",
"norm": "ina",
"pos": "PRP",
"epos": "PRP"}
}
,
{
"node": "l",
"frag": "pa-an",
"id": "P238535.l00cba",
"ref": "P238535.5.7",
"inst": "pān[front]N",
"sig": "@saao/saa18%akk-x-neobab:pa-an=pānu[front//front]N'N$pān",
"f": {"lang": "akk-x-neobab",
"form": "pa-an",
"cf": "pānu",
"gw": "front",
"sense": "front",
"norm": "pān",
"pos": "N",
"epos": "N"}
}
,
{
"node": "l",
"frag": "⸢x⸣+[x",
"id": "P238535.l00cbb",
"ref": "P238535.5.8",
"inst": "u",
"f": {"lang": "akk-x-neobab",
"form": "x+x",
"pos": "u"}
}
,
{
"node": "l",
"frag": "x",
"id": "P238535.l00cbc",
"ref": "P238535.5.9",
"inst": "u",
"f": {"lang": "akk-x-neobab",
"form": "x",
"pos": "u"}
}
,
{
"node": "l",
"frag": "x",
"id": "P238535.l00cbd",
"ref": "P238535.5.10",
"inst": "u",
"f": {"lang": "akk-x-neobab",
"form": "x",
"pos": "u"}
}
,
{
"node": "l",
"frag": "x",
"id": "P238535.l00cbe",
"ref": "P238535.5.11",
"inst": "u",
"f": {"lang": "akk-x-neobab",
"form": "x",
"pos": "u"}
}
,
{
"node": "l",
"frag": "x]",
"id": "P238535.l00cbf",
"ref": "P238535.5.12",
"inst": "u",
"f": {"lang": "akk-x-neobab",
"form": "x",
"pos": "u"}
}
,
{
"node": "d",
"type": "line-start",
"ref": "P238535.6",
"n": "4'",
"label": "o 4'"}
,
{
"node": "l",
"frag": "[x",
"id": "P238535.l00cc0",
"ref": "P238535.6.1",
"inst": "u",
"f": {"lang": "akk-x-neobab",
"form": "x",
"pos": "u"}
}
,
{
"node": "l",
"frag": "x",
"id": "P238535.l00cc1",
"ref": "P238535.6.2",
"inst": "u",
"f": {"lang": "akk-x-neobab",
"form": "x",
"pos": "u"}
}
,
{
"node": "l",
"frag": "E₂.SAG].⸢IL₂⸣",
"id": "P238535.l00cc2",
"ref": "P238535.6.3",
"inst": "Esaggil[1]TN",
"sig": "@saao/saa18%akk-x-neobab:E₂.SAG.IL₂=Esaggil[1//1]TN'TN$Esaggil",
"f": {"lang": "akk-x-neobab",
"form": "E₂.SAG.IL₂",
"cf": "Esaggil",
"gw": "1",
"sense": "1",
"norm": "Esaggil",
"pos": "TN",
"epos": "TN"}
}
,
{
"node": "l",
"frag": "u₃",
"id": "P238535.l00cc3",
"ref": "P238535.6.4",
"inst": "u[and]CNJ",
"sig": "@saao/saa18%akk-x-neobab:u₃=u[and//and]CNJ'CNJ$u",
"f": {"lang": "akk-x-neobab",
"form": "u₃",
"cf": "u",
"gw": "and",
"sense": "and",
"norm": "u",
"pos": "CNJ",
"epos": "CNJ"}
}
,
{
"node": "l",
"frag": "⸢TIN⸣.[TIR{ki}",
"id": "P238535.l00cc4",
"ref": "P238535.6.5",
"inst": "Babili[Babylon]GN",
"sig": "@saao/saa18%akk-x-neobab:TIN.TIR{KI}=Babili[Babylon//Babylon]GN'GN$Babili",
"f": {"lang": "akk-x-neobab",
"form": "TIN.TIR{KI}",
"cf": "Babili",
"gw": "Babylon",
"sense": "Babylon",
"norm": "Babili",
"pos": "GN",
"epos": "GN"}
}
,
{
"node": "l",
"frag": "x",
"id": "P238535.l00cc5",
"ref": "P238535.6.6",
"inst": "u",
"f": {"lang": "akk-x-neobab",
"form": "x",
"pos": "u"}
}
,
{
"node": "l",
"frag": "x]",
"id": "P238535.l00cc6",
"ref": "P238535.6.7",
"inst": "u",
"f": {"lang": "akk-x-neobab",
"form": "x",
"pos": "u"}
}
,
{
"node": "d",
"type": "line-start",
"ref": "P238535.7",
"n": "5'",
"label": "o 5'"}
,
{
"node": "l",
"frag": "[x",
"id": "P238535.l00cc7",
"ref": "P238535.7.1",
"inst": "u",
"f": {"lang": "akk-x-neobab",
"form": "x",
"pos": "u"}
}
,
{
"node": "l",
"frag": "x",
"id": "P238535.l00cc8",
"ref": "P238535.7.2",
"inst": "u",
"f": {"lang": "akk-x-neobab",
"form": "x",
"pos": "u"}
}
,
{
"node": "l",
"frag": "x",
"id": "P238535.l00cc9",
"ref": "P238535.7.3",
"inst": "u",
"f": {"lang": "akk-x-neobab",
"form": "x",
"pos": "u"}
}
,
{
"node": "l",
"frag": "x]",
"id": "P238535.l00cca",
"ref": "P238535.7.4",
"inst": "u",
"f": {"lang": "akk-x-neobab",
"form": "x",
"pos": "u"}
}
,
{
"node": "l",
"frag": "a-na",
"id": "P238535.l00ccb",
"ref": "P238535.7.5",
"inst": "ana[for]PRP",
"sig": "@saao/saa18%akk-x-neobab:a-na=ana[to//for]PRP'PRP$ana",
"f": {"lang": "akk-x-neobab",
"form": "a-na",
"cf": "ana",
"gw": "to",
"sense": "for",
"norm": "ana",
"pos": "PRP",
"epos": "PRP"}
}
,
{
"node": "l",
"frag": "{d}EN",
"id": "P238535.l00ccc",
"ref": "P238535.7.6",
"inst": "Bel[1]DN",
"sig": "@saao/saa18%akk-x-neobab:{d}EN=Bel[1//1]DN'DN$Bel",
"f": {"lang": "akk-x-neobab",
"form": "{d}EN",
"cf": "Bel",
"gw": "1",
"sense": "1",
"norm": "Bel",
"pos": "DN",
"epos": "DN"}
}
,
{
"node": "l",
"frag": "uk-[tin",
"id": "P238535.l00ccd",
"ref": "P238535.7.7",
"inst": "uktīn[establish]V",
"sig": "@saao/saa18%akk-x-neobab:uk-tin=kânu[be(come) permanent//establish]V'V$uktīn",
"f": {"lang": "akk-x-neobab",
"form": "uk-tin",
"cf": "kânu",
"gw": "be(come) permanent",
"sense": "establish",
"norm": "uktīn",
"pos": "V",
"epos": "V"}
}
,
{
"node": "l",
"frag": "x",
"id": "P238535.l00cce",
"ref": "P238535.7.8",
"inst": "u",
"f": {"lang": "akk-x-neobab",
"form": "x",
"pos": "u"}
}
,
{
"node": "l",
"frag": "x",
"id": "P238535.l00ccf",
"ref": "P238535.7.9",
"inst": "u",
"f": {"lang": "akk-x-neobab",
"form": "x",
"pos": "u"}
}
,
{
"node": "l",
"frag": "x]",
"id": "P238535.l00cd0",
"ref": "P238535.7.10",
"inst": "u",
"f": {"lang": "akk-x-neobab",
"form": "x",
"pos": "u"}
}
,
{
"node": "d",
"type": "line-start",
"ref": "P238535.8",
"n": "6'",
"label": "o 6'"}
,
{
"node": "l",
"frag": "[x",
"id": "P238535.l00cd1",
"ref": "P238535.8.1",
"inst": "u",
"f": {"lang": "akk-x-neobab",
"form": "x",
"pos": "u"}
}
,
{
"node": "l",
"frag": "x",
"id": "P238535.l00cd2",
"ref": "P238535.8.2",
"inst": "u",
"f": {"lang": "akk-x-neobab",
"form": "x",
"pos": "u"}
}
,
{
"node": "l",
"frag": "x",
"id": "P238535.l00cd3",
"ref": "P238535.8.3",
"inst": "u",
"f": {"lang": "akk-x-neobab",
"form": "x",
"pos": "u"}
}
,
{
"node": "l",
"frag": "a]-na",
"id": "P238535.l00cd4",
"ref": "P238535.8.4",
"inst": "ana[to]PRP",
"sig": "@saao/saa18%akk-x-neobab:a-na=ana[to//concerning]PRP'PRP$ana",
"f": {"lang": "akk-x-neobab",
"form": "a-na",
"cf": "ana",
"gw": "to",
"sense": "concerning",
"norm": "ana",
"pos": "PRP",
"epos": "PRP"}
}
,
{
"node": "l",
"frag": "E₂.SAG.⸢IL₂⸣",
"id": "P238535.l00cd5",
"ref": "P238535.8.5",
"inst": "Esaggil[1]TN",
"sig": "@saao/saa18%akk-x-neobab:E₂.SAG.IL₂=Esaggil[1//1]TN'TN$Esaggil",
"f": {"lang": "akk-x-neobab",
"form": "E₂.SAG.IL₂",
"cf": "Esaggil",
"gw": "1",
"sense": "1",
"norm": "Esaggil",
"pos": "TN",
"epos": "TN"}
}
,
{
"node": "l",
"frag": "[x",
"id": "P238535.l00cd6",
"ref": "P238535.8.6",
"inst": "u",
"f": {"lang": "akk-x-neobab",
"form": "x",
"pos": "u"}
}
,
{
"node": "l",
"frag": "x",
"id": "P238535.l00cd7",
"ref": "P238535.8.7",
"inst": "u",
"f": {"lang": "akk-x-neobab",
"form": "x",
"pos": "u"}
}
,
{
"node": "l",
"frag": "x]",
"id": "P238535.l00cd8",
"ref": "P238535.8.8",
"inst": "u",
"f": {"lang": "akk-x-neobab",
"form": "x",
"pos": "u"}
}
,
{
"node": "d",
"type": "line-start",
"ref": "P238535.9",
"n": "7'",
"label": "o 7'"}
,
{
"node": "l",
"frag": "[x",
"id": "P238535.l00cd9",
"ref": "P238535.9.1",
"inst": "u",
"f": {"lang": "akk-x-neobab",
"form": "x",
"pos": "u"}
}
,
{
"node": "l",
"frag": "x",
"id": "P238535.l00cda",
"ref": "P238535.9.2",
"inst": "u",
"f": {"lang": "akk-x-neobab",
"form": "x",
"pos": "u"}
}
,
{
"node": "l",
"frag": "x",
"id": "P238535.l00cdb",
"ref": "P238535.9.3",
"inst": "u",
"f": {"lang": "akk-x-neobab",
"form": "x",
"pos": "u"}
}
,
{
"node": "l",
"frag": "x]",
"id": "P238535.l00cdc",
"ref": "P238535.9.4",
"inst": "u",
"f": {"lang": "akk-x-neobab",
"form": "x",
"pos": "u"}
}
,
{
"node": "l",
"frag": "⸢KA₂⸣.DINGIR.RA{⸢ki⸣}",
"id": "P238535.l00cdd",
"ref": "P238535.9.5",
"inst": "Babili[Babylon]GN",
"sig": "@saao/saa18%akk-x-neobab:KA₂.DINGIR.RA{KI}=Babili[Babylon//Babylon]GN'GN$Babili",
"f": {"lang": "akk-x-neobab",
"form": "KA₂.DINGIR.RA{KI}",
"cf": "Babili",
"gw": "Babylon",
"sense": "Babylon",
"norm": "Babili",
"pos": "GN",
"epos": "GN"}
}
,
{
"node": "l",
"frag": "[x",
"id": "P238535.l00cde",
"ref": "P238535.9.6",
"inst": "u",
"f": {"lang": "akk-x-neobab",
"form": "x",
"pos": "u"}
}
,
{
"node": "l",
"frag": "x",
"id": "P238535.l00cdf",
"ref": "P238535.9.7",
"inst": "u",
"f": {"lang": "akk-x-neobab",
"form": "x",
"pos": "u"}
}
,
{
"node": "l",
"frag": "x",
"id": "P238535.l00ce0",
"ref": "P238535.9.8",
"inst": "u",
"f": {"lang": "akk-x-neobab",
"form": "x",
"pos": "u"}
}
,
{
"node": "l",
"frag": "x]",
"id": "P238535.l00ce1",
"ref": "P238535.9.9",
"inst": "u",
"f": {"lang": "akk-x-neobab",
"form": "x",
"pos": "u"}
}
,
{
"node": "d",
"type": "line-start",
"ref": "P238535.10",
"n": "8'",
"label": "o 8'"}
,
{
"node": "l",
"frag": "[x",
"id": "P238535.l00ce2",
"ref": "P238535.10.1",
"inst": "u",
"f": {"lang": "akk-x-neobab",
"form": "x",
"pos": "u"}
}
,
{
"node": "l",
"frag": "x",
"id": "P238535.l00ce3",
"ref": "P238535.10.2",
"inst": "u",
"f": {"lang": "akk-x-neobab",
"form": "x",
"pos": "u"}
}
,
{
"node": "l",
"frag": "x",
"id": "P238535.l00ce4",
"ref": "P238535.10.3",
"inst": "u",
"f": {"lang": "akk-x-neobab",
"form": "x",
"pos": "u"}
}
,
{
"node": "l",
"frag": "x]-ma-ti",
"id": "P238535.l00ce5",
"ref": "P238535.10.4",
"inst": "u",
"f": {"lang": "akk-x-neobab",
"form": "x-ma-ti",
"pos": "u"}
}
,
{
"node": "l",
"frag": "a-⸢na⸣",
"id": "P238535.l00ce6",
"ref": "P238535.10.5",
"inst": "ana[to]PRP",
"sig": "@saao/saa18%akk-x-neobab:a-na=ana[to//concerning]PRP'PRP$ana",
"f": {"lang": "akk-x-neobab",
"form": "a-na",
"cf": "ana",
"gw": "to",
"sense": "concerning",
"norm": "ana",
"pos": "PRP",
"epos": "PRP"}
}
,
{
"node": "l",
"frag": "[x",
"id": "P238535.l00ce7",
"ref": "P238535.10.6",
"inst": "u",
"f": {"lang": "akk-x-neobab",
"form": "x",
"pos": "u"}
}
,
{
"node": "l",
"frag": "x",
"id": "P238535.l00ce8",
"ref": "P238535.10.7",
"inst": "u",
"f": {"lang": "akk-x-neobab",
"form": "x",
"pos": "u"}
}
,
{
"node": "l",
"frag": "x",
"id": "P238535.l00ce9",
"ref": "P238535.10.8",
"inst": "u",
"f": {"lang": "akk-x-neobab",
"form": "x",
"pos": "u"}
}
,
{
"node": "l",
"frag": "x",
"id": "P238535.l00cea",
"ref": "P238535.10.9",
"inst": "u",
"f": {"lang": "akk-x-neobab",
"form": "x",
"pos": "u"}
}
,
{
"node": "l",
"frag": "x]",
"id": "P238535.l00ceb",
"ref": "P238535.10.10",
"inst": "u",
"f": {"lang": "akk-x-neobab",
"form": "x",
"pos": "u"}
}
,
{
"node": "d",
"type": "line-start",
"ref": "P238535.11",
"n": "9'",
"label": "o 9'"}
,
{
"node": "l",
"frag": "[x",
"id": "P238535.l00cec",
"ref": "P238535.11.1",
"inst": "u",
"f": {"lang": "akk-x-neobab",
"form": "x",
"pos": "u"}
}
,
{
"node": "l",
"frag": "x",
"id": "P238535.l00ced",
"ref": "P238535.11.2",
"inst": "u",
"f": {"lang": "akk-x-neobab",
"form": "x",
"pos": "u"}
}
,
{
"node": "l",
"frag": "x",
"id": "P238535.l00cee",
"ref": "P238535.11.3",
"inst": "u",
"f": {"lang": "akk-x-neobab",
"form": "x",
"pos": "u"}
}
,
{
"node": "l",
"frag": "x]",
"id": "P238535.l00cef",
"ref": "P238535.11.4",
"inst": "u",
"f": {"lang": "akk-x-neobab",
"form": "x",
"pos": "u"}
}
,
{
"node": "l",
"frag": "IZI",
"id": "P238535.l00cf0",
"ref": "P238535.11.5",
"inst": "+išātu[fire]N$",
"sig": "@saao/saa18%akk-x-neobab:IZI=išātu[fire//fire]N'N$išātu",
"f": {"lang": "akk-x-neobab",
"form": "IZI",
"cf": "išātu",
"gw": "fire",
"sense": "fire",
"norm": "išātu",
"pos": "N",
"epos": "N"}
}
,
{
"node": "l",
"frag": "it-tap-ha",
"id": "P238535.l00cf1",
"ref": "P238535.11.6",
"inst": "+napāhu[blow//light up]V'V$ittapha",
"sig": "@saao/saa18%akk-x-neobab:it-tap-ha=napāhu[blow//light up]V'V$ittapha",
"f": {"lang": "akk-x-neobab",
"form": "it-tap-ha",
"cf": "napāhu",
"gw": "blow",
"sense": "light up",
"norm": "ittapha",
"pos": "V",
"epos": "V"}
}
,
{
"node": "l",
"frag": "[x",
"id": "P238535.l00cf2",
"ref": "P238535.11.7",
"inst": "u",
"f": {"lang": "akk-x-neobab",
"form": "x",
"pos": "u"}
}
,
{
"node": "l",
"frag": "x",
"id": "P238535.l00cf3",
"ref": "P238535.11.8",
"inst": "u",
"f": {"lang": "akk-x-neobab",
"form": "x",
"pos": "u"}
}
,
{
"node": "l",
"frag": "x",
"id": "P238535.l00cf4",
"ref": "P238535.11.9",
"inst": "u",
"f": {"lang": "akk-x-neobab",
"form": "x",
"pos": "u"}
}
,
{
"node": "l",
"frag": "x",
"id": "P238535.l00cf5",
"ref": "P238535.11.10",
"inst": "u",
"f": {"lang": "akk-x-neobab",
"form": "x",
"pos": "u"}
}
,
{
"node": "l",
"frag": "x]",
"id": "P238535.l00cf6",
"ref": "P238535.11.11",
"inst": "u",
"f": {"lang": "akk-x-neobab",
"form": "x",
"pos": "u"}
}
,
{
"node": "d",
"type": "line-start",
"ref": "P238535.12",
"n": "10'",
"label": "o 10'"}
,
{
"node": "l",
"frag": "[x",
"id": "P238535.l00cf7",
"ref": "P238535.12.1",
"inst": "u",
"f": {"lang": "akk-x-neobab",
"form": "x",
"pos": "u"}
}
,
{
"node": "l",
"frag": "x",
"id": "P238535.l00cf8",
"ref": "P238535.12.2",
"inst": "u",
"f": {"lang": "akk-x-neobab",
"form": "x",
"pos": "u"}
}
,
{
"node": "l",
"frag": "x]-ra-ti",
"id": "P238535.l00cf9",
"ref": "P238535.12.3",
"inst": "u",
"f": {"lang": "akk-x-neobab",
"form": "x-ra-ti",
"pos": "u"}
}
,
{
"node": "l",
"frag": "an-⸢na⸣-[a-ti",
"id": "P238535.l00cfa",
"ref": "P238535.12.4",
"inst": "+annû[this]DP$annāti",
"sig": "@saao/saa18%akk-x-neobab:an-na-a-ti=annû[this//this]DP'DP$annāti",
"f": {"lang": "akk-x-neobab",
"form": "an-na-a-ti",
"cf": "annû",
"gw": "this",
"sense": "this",
"norm": "annāti",
"pos": "DP",
"epos": "DP"}
}
,
{
"node": "l",
"frag": "x",
"id": "P238535.l00cfb",
"ref": "P238535.12.5",
"inst": "u",
"f": {"lang": "akk-x-neobab",
"form": "x",
"pos": "u"}
}
,
{
"node": "l",
"frag": "x",
"id": "P238535.l00cfc",
"ref": "P238535.12.6",
"inst": "u",
"f": {"lang": "akk-x-neobab",
"form": "x",
"pos": "u"}
}
,
{
"node": "l",
"frag": "x]",
"id": "P238535.l00cfd",
"ref": "P238535.12.7",
"inst": "u",
"f": {"lang": "akk-x-neobab",
"form": "x",
"pos": "u"}
}
,
{
"node": "d",
"type": "line-start",
"ref": "P238535.13",
"n": "11'",
"label": "o 11'"}
,
{
"node": "l",
"frag": "[x",
"id": "P238535.l00cfe",
"ref": "P238535.13.1",
"inst": "u",
"f": {"lang": "akk-x-neobab",
"form": "x",
"pos": "u"}
}
,
{
"node": "l",
"frag": "x",
"id": "P238535.l00cff",
"ref": "P238535.13.2",
"inst": "u",
"f": {"lang": "akk-x-neobab",
"form": "x",
"pos": "u"}
}
,
{
"node": "l",
"frag": "x",
"id": "P238535.l00d00",
"ref": "P238535.13.3",
"inst": "u",
"f": {"lang": "akk-x-neobab",
"form": "x",
"pos": "u"}
}
,
{
"node": "l",
"frag": "x]",
"id": "P238535.l00d01",
"ref": "P238535.13.4",
"inst": "u",
"f": {"lang": "akk-x-neobab",
"form": "x",
"pos": "u"}
}
,
{
"node": "l",
"frag": "⸢x",
"id": "P238535.l00d02",
"ref": "P238535.13.5",
"inst": "u",
"f": {"lang": "akk-x-neobab",
"form": "x",
"pos": "u"}
}
,
{
"node": "l",
"frag": "x-še-e",
"id": "P238535.l00d03",
"ref": "P238535.13.6",
"inst": "u",
"f": {"lang": "akk-x-neobab",
"form": "x-še-e",
"pos": "u"}
}
,
{
"node": "l",
"frag": "x⸣",
"id": "P238535.l00d04",
"ref": "P238535.13.7",
"inst": "u",
"f": {"lang": "akk-x-neobab",
"form": "x",
"pos": "u"}
}
,
{
"node": "l",
"frag": "[x",
"id": "P238535.l00d05",
"ref": "P238535.13.8",
"inst": "u",
"f": {"lang": "akk-x-neobab",
"form": "x",
"pos": "u"}
}
,
{
"node": "l",
"frag": "x",
"id": "P238535.l00d06",
"ref": "P238535.13.9",
"inst": "u",
"f": {"lang": "akk-x-neobab",
"form": "x",
"pos": "u"}
}
,
{
"node": "l",
"frag": "x",
"id": "P238535.l00d07",
"ref": "P238535.13.10",
"inst": "u",
"f": {"lang": "akk-x-neobab",
"form": "x",
"pos": "u"}
}
,
{
"node": "l",
"frag": "x",
"id": "P238535.l00d08",
"ref": "P238535.13.11",
"inst": "u",
"f": {"lang": "akk-x-neobab",
"form": "x",
"pos": "u"}
}
,
{
"node": "l",
"frag": "x]",
"id": "P238535.l00d09",
"ref": "P238535.13.12",
"inst": "u",
"f": {"lang": "akk-x-neobab",
"form": "x",
"pos": "u"}
}
,
{
"node": "d",
"type": "nonx",
"ref": "P238535.14",
"strict": "0",
"extent": "rest",
"state": "missing"}
,
{
"node": "d",
"subtype": "reverse",
"type": "surface",
"ref": "P238535.r.15",
"type": "reverse",
"label": "r"}
,
{
"node": "d",
"type": "nonx",
"ref": "P238535.16",
"strict": "0",
"state": "missing"}
]}
]}
]}
]}
