{
"type": "cdl",
  "source": "http://oracc.org/saao/saa18",
  "license": "This data is released under the CC0 license",
  "license-url": "https://creativecommons.org/publicdomain/zero/1.0/",
  "more-info": "http://oracc.org/doc/opendata/",
  "UTC-timestamp": "2017-05-19T12:01:00",
"project": "saao/saa18",
"textid": "P238077",
"cdl": [
{
"node": "c",
"type": "text",
"id": "P238077.U0",
"cdl": [
{
"node": "d",
"type": "object",
"ref": ""}
,
{
"node": "d",
"subtype": "obverse",
"type": "surface",
"ref": "P238077.o.1",
"type": "obverse",
"label": "o"}
,
{
"node": "c",
"type": "discourse",
"subtype": "body",
"id": "P238077.U1",
"cdl": [
{
"node": "c",
"type": "sentence",
"id": "P238077.U2",
"label": "o 1 - r.e. 25",
"cdl": [
{
"node": "d",
"type": "line-start",
"ref": "P238077.2",
"n": "1",
"label": "o 1"}
,
{
"node": "l",
"frag": "a-na",
"id": "P238077.l02773",
"ref": "P238077.2.1",
"inst": "ana[to]PRP",
"sig": "@saao/saa18%akk-x-neobab:a-na=ana[to//to]PRP'PRP$ana",
"f": {"lang": "akk-x-neobab",
"form": "a-na",
"cf": "ana",
"gw": "to",
"sense": "to",
"norm": "ana",
"pos": "PRP",
"epos": "PRP"}
}
,
{
"node": "l",
"frag": "LUGAL",
"id": "P238077.l02774",
"ref": "P238077.2.2",
"inst": "šarri[king]N",
"sig": "@saao/saa18%akk-x-neobab:LUGAL=šarru[king//king]N'N$šarri",
"f": {"lang": "akk-x-neobab",
"form": "LUGAL",
"cf": "šarru",
"gw": "king",
"sense": "king",
"norm": "šarri",
"pos": "N",
"epos": "N"}
}
,
{
"node": "l",
"frag": "be-li₂-[i-ni",
"id": "P238077.l02775",
"ref": "P238077.2.3",
"inst": "bēlīni[lord]N",
"sig": "@saao/saa18%akk-x-neobab:be-li₂-i-ni=bēlu[lord//lord]N'N$bēlīni",
"f": {"lang": "akk-x-neobab",
"form": "be-li₂-i-ni",
"cf": "bēlu",
"gw": "lord",
"sense": "lord",
"norm": "bēlīni",
"pos": "N",
"epos": "N"}
}
,
{
"node": "l",
"frag": "ARAD-MEŠ-ka",
"id": "P238077.l02776",
"ref": "P238077.2.4",
"inst": "ardēka[servant]N",
"sig": "@saao/saa18%akk-x-neobab:ARAD-MEŠ-ka=ardu[slave//servant]N'N$ardēka",
"f": {"lang": "akk-x-neobab",
"form": "ARAD-MEŠ-ka",
"cf": "ardu",
"gw": "slave",
"sense": "servant",
"norm": "ardēka",
"pos": "N",
"epos": "N"}
}
,
{
"node": "l",
"frag": "x",
"id": "P238077.l02777",
"ref": "P238077.2.5",
"inst": "u",
"f": {"lang": "akk-x-neobab",
"form": "x",
"pos": "u"}
}
,
{
"node": "l",
"frag": "x",
"id": "P238077.l02778",
"ref": "P238077.2.6",
"inst": "u",
"f": {"lang": "akk-x-neobab",
"form": "x",
"pos": "u"}
}
,
{
"node": "l",
"frag": "x",
"id": "P238077.l02779",
"ref": "P238077.2.7",
"inst": "u",
"f": {"lang": "akk-x-neobab",
"form": "x",
"pos": "u"}
}
,
{
"node": "l",
"frag": "x]",
"id": "P238077.l0277a",
"ref": "P238077.2.8",
"inst": "u",
"f": {"lang": "akk-x-neobab",
"form": "x",
"pos": "u"}
}
,
{
"node": "d",
"type": "line-start",
"ref": "P238077.3",
"n": "2",
"label": "o 2"}
,
{
"node": "l",
"frag": "ša₂",
"id": "P238077.l0277b",
"ref": "P238077.3.1",
"inst": "ša[who]REL",
"sig": "@saao/saa18%akk-x-neobab:ša₂=ša[that//who]REL'REL$ša",
"f": {"lang": "akk-x-neobab",
"form": "ša₂",
"cf": "ša",
"gw": "that",
"sense": "who",
"norm": "ša",
"pos": "REL",
"epos": "REL"}
}
,
{
"node": "l",
"frag": "ul-tu",
"id": "P238077.l0277c",
"ref": "P238077.3.2",
"inst": "ultu[from]PRP",
"sig": "@saao/saa18%akk-x-neobab:ul-tu=ištu[from//from]PRP'PRP$ultu",
"f": {"lang": "akk-x-neobab",
"form": "ul-tu",
"cf": "ištu",
"gw": "from",
"sense": "from",
"norm": "ultu",
"pos": "PRP",
"epos": "PRP"}
}
,
{
"node": "l",
"frag": "NI.TUK{[ki}",
"id": "P238077.l0277d",
"ref": "P238077.3.3",
"inst": "Tilmun[Bahrain]GN",
"sig": "@saao/saa18%akk-x-neobab:NI.TUK{KI}=Tilmun[Bahrain//Bahrain]GN'GN$Tilmun",
"f": {"lang": "akk-x-neobab",
"form": "NI.TUK{KI}",
"cf": "Tilmun",
"gw": "Bahrain",
"sense": "Bahrain",
"norm": "Tilmun",
"pos": "GN",
"epos": "GN"}
}
,
{
"node": "l",
"frag": "x",
"id": "P238077.l0277e",
"ref": "P238077.3.4",
"inst": "u",
"f": {"lang": "akk-x-neobab",
"form": "x",
"pos": "u"}
}
,
{
"node": "l",
"frag": "x",
"id": "P238077.l0277f",
"ref": "P238077.3.5",
"inst": "u",
"f": {"lang": "akk-x-neobab",
"form": "x",
"pos": "u"}
}
,
{
"node": "l",
"frag": "x",
"id": "P238077.l02780",
"ref": "P238077.3.6",
"inst": "u",
"f": {"lang": "akk-x-neobab",
"form": "x",
"pos": "u"}
}
,
{
"node": "l",
"frag": "x",
"id": "P238077.l02781",
"ref": "P238077.3.7",
"inst": "u",
"f": {"lang": "akk-x-neobab",
"form": "x",
"pos": "u"}
}
,
{
"node": "l",
"frag": "x",
"id": "P238077.l02782",
"ref": "P238077.3.8",
"inst": "u",
"f": {"lang": "akk-x-neobab",
"form": "x",
"pos": "u"}
}
,
{
"node": "l",
"frag": "x",
"id": "P238077.l02783",
"ref": "P238077.3.9",
"inst": "u",
"f": {"lang": "akk-x-neobab",
"form": "x",
"pos": "u"}
}
,
{
"node": "l",
"frag": "x",
"id": "P238077.l02784",
"ref": "P238077.3.10",
"inst": "u",
"f": {"lang": "akk-x-neobab",
"form": "x",
"pos": "u"}
}
,
{
"node": "l",
"frag": "x]",
"id": "P238077.l02785",
"ref": "P238077.3.11",
"inst": "u",
"f": {"lang": "akk-x-neobab",
"form": "x",
"pos": "u"}
}
,
{
"node": "d",
"type": "line-start",
"ref": "P238077.4",
"n": "3",
"label": "o 3"}
,
{
"node": "l",
"frag": "{1}na-id-{d}AMAR.UTU",
"id": "P238077.l02786",
"ref": "P238077.4.1",
"inst": "Naʾid-Marduk[1]PN",
"sig": "@saao/saa18%akk-x-neobab:{1}na-id-{d}AMAR.UTU=Naʾid-Marduk[1//1]PN'PN$Naʾid-Marduk",
"f": {"lang": "akk-x-neobab",
"form": "{1}na-id-{d}AMAR.UTU",
"cf": "Naʾid-Marduk",
"gw": "1",
"sense": "1",
"norm": "Naʾid-Marduk",
"pos": "PN",
"epos": "PN"}
}
,
{
"node": "l",
"frag": "[x",
"id": "P238077.l02787",
"ref": "P238077.4.2",
"inst": "u",
"f": {"lang": "akk-x-neobab",
"form": "x",
"pos": "u"}
}
,
{
"node": "l",
"frag": "x",
"id": "P238077.l02788",
"ref": "P238077.4.3",
"inst": "u",
"f": {"lang": "akk-x-neobab",
"form": "x",
"pos": "u"}
}
,
{
"node": "l",
"frag": "x",
"id": "P238077.l02789",
"ref": "P238077.4.4",
"inst": "u",
"f": {"lang": "akk-x-neobab",
"form": "x",
"pos": "u"}
}
,
{
"node": "l",
"frag": "x",
"id": "P238077.l0278a",
"ref": "P238077.4.5",
"inst": "u",
"f": {"lang": "akk-x-neobab",
"form": "x",
"pos": "u"}
}
,
{
"node": "l",
"frag": "x",
"id": "P238077.l0278b",
"ref": "P238077.4.6",
"inst": "u",
"f": {"lang": "akk-x-neobab",
"form": "x",
"pos": "u"}
}
,
{
"node": "l",
"frag": "x",
"id": "P238077.l0278c",
"ref": "P238077.4.7",
"inst": "u",
"f": {"lang": "akk-x-neobab",
"form": "x",
"pos": "u"}
}
,
{
"node": "l",
"frag": "x",
"id": "P238077.l0278d",
"ref": "P238077.4.8",
"inst": "u",
"f": {"lang": "akk-x-neobab",
"form": "x",
"pos": "u"}
}
,
{
"node": "l",
"frag": "x",
"id": "P238077.l0278e",
"ref": "P238077.4.9",
"inst": "u",
"f": {"lang": "akk-x-neobab",
"form": "x",
"pos": "u"}
}
,
{
"node": "l",
"frag": "x]",
"id": "P238077.l0278f",
"ref": "P238077.4.10",
"inst": "u",
"f": {"lang": "akk-x-neobab",
"form": "x",
"pos": "u"}
}
,
{
"node": "d",
"type": "line-start",
"ref": "P238077.5",
"n": "4",
"label": "o 4"}
,
{
"node": "l",
"frag": "u₃",
"id": "P238077.l02790",
"ref": "P238077.5.1",
"inst": "u[and]CNJ",
"sig": "@saao/saa18%akk-x-neobab:u₃=u[and//and]CNJ'CNJ$u",
"f": {"lang": "akk-x-neobab",
"form": "u₃",
"cf": "u",
"gw": "and",
"sense": "and",
"norm": "u",
"pos": "CNJ",
"epos": "CNJ"}
}
,
{
"node": "l",
"frag": "a-na",
"id": "P238077.l02791",
"ref": "P238077.5.2",
"inst": "ana[to]PRP",
"sig": "@saao/saa18%akk-x-neobab:a-na=ana[to//to]PRP'PRP$ana",
"f": {"lang": "akk-x-neobab",
"form": "a-na",
"cf": "ana",
"gw": "to",
"sense": "to",
"norm": "ana",
"pos": "PRP",
"epos": "PRP"}
}
,
{
"node": "l",
"frag": "ha-pe-⸢e⸣",
"id": "P238077.l02792",
"ref": "P238077.5.3",
"inst": "hapê[destruction]'N",
"sig": "@saao/saa18%akk-x-neobab:ha-pe-e=hepû[break//destruction]V'N$hapê",
"f": {"lang": "akk-x-neobab",
"form": "ha-pe-e",
"cf": "hepû",
"gw": "break",
"sense": "destruction",
"norm": "hapê",
"pos": "V",
"epos": "N"}
}
,
{
"node": "l",
"frag": "[x",
"id": "P238077.l02793",
"ref": "P238077.5.4",
"inst": "u",
"f": {"lang": "akk-x-neobab",
"form": "x",
"pos": "u"}
}
,
{
"node": "l",
"frag": "x",
"id": "P238077.l02794",
"ref": "P238077.5.5",
"inst": "u",
"f": {"lang": "akk-x-neobab",
"form": "x",
"pos": "u"}
}
,
{
"node": "l",
"frag": "x",
"id": "P238077.l02795",
"ref": "P238077.5.6",
"inst": "u",
"f": {"lang": "akk-x-neobab",
"form": "x",
"pos": "u"}
}
,
{
"node": "l",
"frag": "x",
"id": "P238077.l02796",
"ref": "P238077.5.7",
"inst": "u",
"f": {"lang": "akk-x-neobab",
"form": "x",
"pos": "u"}
}
,
{
"node": "l",
"frag": "x",
"id": "P238077.l02797",
"ref": "P238077.5.8",
"inst": "u",
"f": {"lang": "akk-x-neobab",
"form": "x",
"pos": "u"}
}
,
{
"node": "l",
"frag": "x",
"id": "P238077.l02798",
"ref": "P238077.5.9",
"inst": "u",
"f": {"lang": "akk-x-neobab",
"form": "x",
"pos": "u"}
}
,
{
"node": "l",
"frag": "x",
"id": "P238077.l02799",
"ref": "P238077.5.10",
"inst": "u",
"f": {"lang": "akk-x-neobab",
"form": "x",
"pos": "u"}
}
,
{
"node": "l",
"frag": "x]",
"id": "P238077.l0279a",
"ref": "P238077.5.11",
"inst": "u",
"f": {"lang": "akk-x-neobab",
"form": "x",
"pos": "u"}
}
,
{
"node": "d",
"type": "line-start",
"ref": "P238077.6",
"n": "5",
"label": "o 5"}
,
{
"node": "l",
"frag": "ul",
"id": "P238077.l0279b",
"ref": "P238077.6.1",
"inst": "ul[not]MOD",
"sig": "@saao/saa18%akk-x-neobab:ul=ul[not//not]MOD'MOD$ul",
"f": {"lang": "akk-x-neobab",
"form": "ul",
"cf": "ul",
"gw": "not",
"sense": "not",
"norm": "ul",
"pos": "MOD",
"epos": "MOD"}
}
,
{
"node": "l",
"frag": "iš-pur-an-na-⸢ši⸣",
"id": "P238077.l0279c",
"ref": "P238077.6.2",
"inst": "+šapāru[send]V'V$išpurannāši",
"sig": "@saao/saa18%akk-x-neobab:iš-pur-an-na-ši=šapāru[send//send]V'V$išpurannāši",
"f": {"lang": "akk-x-neobab",
"form": "iš-pur-an-na-ši",
"cf": "šapāru",
"gw": "send",
"sense": "send",
"norm": "išpurannāši",
"pos": "V",
"epos": "V"}
}
,
{
"node": "l",
"frag": "[x",
"id": "P238077.l0279d",
"ref": "P238077.6.3",
"inst": "u",
"f": {"lang": "akk-x-neobab",
"form": "x",
"pos": "u"}
}
,
{
"node": "l",
"frag": "x",
"id": "P238077.l0279e",
"ref": "P238077.6.4",
"inst": "u",
"f": {"lang": "akk-x-neobab",
"form": "x",
"pos": "u"}
}
,
{
"node": "l",
"frag": "x",
"id": "P238077.l0279f",
"ref": "P238077.6.5",
"inst": "u",
"f": {"lang": "akk-x-neobab",
"form": "x",
"pos": "u"}
}
,
{
"node": "l",
"frag": "x",
"id": "P238077.l027a0",
"ref": "P238077.6.6",
"inst": "u",
"f": {"lang": "akk-x-neobab",
"form": "x",
"pos": "u"}
}
,
{
"node": "l",
"frag": "x",
"id": "P238077.l027a1",
"ref": "P238077.6.7",
"inst": "u",
"f": {"lang": "akk-x-neobab",
"form": "x",
"pos": "u"}
}
,
{
"node": "l",
"frag": "x",
"id": "P238077.l027a2",
"ref": "P238077.6.8",
"inst": "u",
"f": {"lang": "akk-x-neobab",
"form": "x",
"pos": "u"}
}
,
{
"node": "l",
"frag": "x]",
"id": "P238077.l027a3",
"ref": "P238077.6.9",
"inst": "u",
"f": {"lang": "akk-x-neobab",
"form": "x",
"pos": "u"}
}
,
{
"node": "d",
"type": "line-start",
"ref": "P238077.7",
"n": "6",
"label": "o 6"}
,
{
"node": "l",
"frag": "u₃",
"id": "P238077.l027a4",
"ref": "P238077.7.1",
"inst": "u[and]CNJ",
"sig": "@saao/saa18%akk-x-neobab:u₃=u[and//and]CNJ'CNJ$u",
"f": {"lang": "akk-x-neobab",
"form": "u₃",
"cf": "u",
"gw": "and",
"sense": "and",
"norm": "u",
"pos": "CNJ",
"epos": "CNJ"}
}
,
{
"node": "l",
"frag": "ERIM-MEŠ-šu₂",
"id": "P238077.l027a5",
"ref": "P238077.7.2",
"inst": "ṣābēšu[troops]N",
"sig": "@saao/saa18%akk-x-neobab:ERIM-MEŠ-šu₂=ṣābu[people//troops]N'N$ṣābēšu",
"f": {"lang": "akk-x-neobab",
"form": "ERIM-MEŠ-šu₂",
"cf": "ṣābu",
"gw": "people",
"sense": "troops",
"norm": "ṣābēšu",
"pos": "N",
"epos": "N"}
}
,
{
"node": "l",
"frag": "⸢x⸣",
"id": "P238077.l027a6",
"ref": "P238077.7.3",
"inst": "u",
"f": {"lang": "akk-x-neobab",
"form": "x",
"pos": "u"}
}
,
{
"node": "l",
"frag": "[x",
"id": "P238077.l027a7",
"ref": "P238077.7.4",
"inst": "u",
"f": {"lang": "akk-x-neobab",
"form": "x",
"pos": "u"}
}
,
{
"node": "l",
"frag": "x",
"id": "P238077.l027a8",
"ref": "P238077.7.5",
"inst": "u",
"f": {"lang": "akk-x-neobab",
"form": "x",
"pos": "u"}
}
,
{
"node": "l",
"frag": "x",
"id": "P238077.l027a9",
"ref": "P238077.7.6",
"inst": "u",
"f": {"lang": "akk-x-neobab",
"form": "x",
"pos": "u"}
}
,
{
"node": "l",
"frag": "x",
"id": "P238077.l027aa",
"ref": "P238077.7.7",
"inst": "u",
"f": {"lang": "akk-x-neobab",
"form": "x",
"pos": "u"}
}
,
{
"node": "l",
"frag": "x",
"id": "P238077.l027ab",
"ref": "P238077.7.8",
"inst": "u",
"f": {"lang": "akk-x-neobab",
"form": "x",
"pos": "u"}
}
,
{
"node": "l",
"frag": "x",
"id": "P238077.l027ac",
"ref": "P238077.7.9",
"inst": "u",
"f": {"lang": "akk-x-neobab",
"form": "x",
"pos": "u"}
}
,
{
"node": "l",
"frag": "x",
"id": "P238077.l027ad",
"ref": "P238077.7.10",
"inst": "u",
"f": {"lang": "akk-x-neobab",
"form": "x",
"pos": "u"}
}
,
{
"node": "l",
"frag": "x]",
"id": "P238077.l027ae",
"ref": "P238077.7.11",
"inst": "u",
"f": {"lang": "akk-x-neobab",
"form": "x",
"pos": "u"}
}
,
{
"node": "d",
"type": "line-start",
"ref": "P238077.8",
"n": "7",
"label": "o 7"}
,
{
"node": "l",
"frag": "ik-lu-u₂",
"id": "P238077.l027af",
"ref": "P238077.8.1",
"inst": "iklû[hold (back)]V",
"sig": "@saao/saa18%akk-x-neobab:ik-lu-u₂=kalû[hold (back)//hold (back)]V'V$iklû",
"f": {"lang": "akk-x-neobab",
"form": "ik-lu-u₂",
"cf": "kalû",
"gw": "hold (back)",
"sense": "hold (back)",
"norm": "iklû",
"pos": "V",
"epos": "V"}
}
,
{
"node": "l",
"frag": "⸢qu⸣-[x",
"id": "P238077.l027b0",
"ref": "P238077.8.2",
"inst": "u",
"f": {"lang": "akk-x-neobab",
"form": "qu-x",
"pos": "u"}
}
,
{
"node": "l",
"frag": "x",
"id": "P238077.l027b1",
"ref": "P238077.8.3",
"inst": "u",
"f": {"lang": "akk-x-neobab",
"form": "x",
"pos": "u"}
}
,
{
"node": "l",
"frag": "x",
"id": "P238077.l027b2",
"ref": "P238077.8.4",
"inst": "u",
"f": {"lang": "akk-x-neobab",
"form": "x",
"pos": "u"}
}
,
{
"node": "l",
"frag": "x",
"id": "P238077.l027b3",
"ref": "P238077.8.5",
"inst": "u",
"f": {"lang": "akk-x-neobab",
"form": "x",
"pos": "u"}
}
,
{
"node": "l",
"frag": "x",
"id": "P238077.l027b4",
"ref": "P238077.8.6",
"inst": "u",
"f": {"lang": "akk-x-neobab",
"form": "x",
"pos": "u"}
}
,
{
"node": "l",
"frag": "x",
"id": "P238077.l027b5",
"ref": "P238077.8.7",
"inst": "u",
"f": {"lang": "akk-x-neobab",
"form": "x",
"pos": "u"}
}
,
{
"node": "l",
"frag": "x",
"id": "P238077.l027b6",
"ref": "P238077.8.8",
"inst": "u",
"f": {"lang": "akk-x-neobab",
"form": "x",
"pos": "u"}
}
,
{
"node": "l",
"frag": "x]",
"id": "P238077.l027b7",
"ref": "P238077.8.9",
"inst": "u",
"f": {"lang": "akk-x-neobab",
"form": "x",
"pos": "u"}
}
,
{
"node": "d",
"type": "line-start",
"ref": "P238077.9",
"n": "8",
"label": "o 8"}
,
{
"node": "l",
"frag": "a-na",
"id": "P238077.l027b8",
"ref": "P238077.9.1",
"inst": "ana[to]PRP",
"sig": "@saao/saa18%akk-x-neobab:a-na=ana[to//to]PRP'PRP$ana",
"f": {"lang": "akk-x-neobab",
"form": "a-na",
"cf": "ana",
"gw": "to",
"sense": "to",
"norm": "ana",
"pos": "PRP",
"epos": "PRP"}
}
,
{
"node": "l",
"frag": "{1}qa-na-a",
"id": "P238077.l027b9",
"ref": "P238077.9.2",
"inst": "+Qana[]PN$",
"sig": "@saao/saa18%akk-x-neobab:{1}qa-na-a=Qana[1//1]PN'PN$Qana",
"f": {"lang": "akk-x-neobab",
"form": "{1}qa-na-a",
"cf": "Qana",
"gw": "1",
"sense": "1",
"norm": "Qana",
"pos": "PN",
"epos": "PN"}
}
,
{
"node": "l",
"frag": "⸢x⸣+[x",
"id": "P238077.l027ba",
"ref": "P238077.9.3",
"inst": "u",
"f": {"lang": "akk-x-neobab",
"form": "x+x",
"pos": "u"}
}
,
{
"node": "l",
"frag": "x",
"id": "P238077.l027bb",
"ref": "P238077.9.4",
"inst": "u",
"f": {"lang": "akk-x-neobab",
"form": "x",
"pos": "u"}
}
,
{
"node": "l",
"frag": "x",
"id": "P238077.l027bc",
"ref": "P238077.9.5",
"inst": "u",
"f": {"lang": "akk-x-neobab",
"form": "x",
"pos": "u"}
}
,
{
"node": "l",
"frag": "x",
"id": "P238077.l027bd",
"ref": "P238077.9.6",
"inst": "u",
"f": {"lang": "akk-x-neobab",
"form": "x",
"pos": "u"}
}
,
{
"node": "l",
"frag": "x",
"id": "P238077.l027be",
"ref": "P238077.9.7",
"inst": "u",
"f": {"lang": "akk-x-neobab",
"form": "x",
"pos": "u"}
}
,
{
"node": "l",
"frag": "x",
"id": "P238077.l027bf",
"ref": "P238077.9.8",
"inst": "u",
"f": {"lang": "akk-x-neobab",
"form": "x",
"pos": "u"}
}
,
{
"node": "l",
"frag": "x",
"id": "P238077.l027c0",
"ref": "P238077.9.9",
"inst": "u",
"f": {"lang": "akk-x-neobab",
"form": "x",
"pos": "u"}
}
,
{
"node": "l",
"frag": "x]",
"id": "P238077.l027c1",
"ref": "P238077.9.10",
"inst": "u",
"f": {"lang": "akk-x-neobab",
"form": "x",
"pos": "u"}
}
,
{
"node": "d",
"type": "line-start",
"ref": "P238077.10",
"n": "9",
"label": "o 9"}
,
{
"node": "l",
"frag": "um-ma",
"id": "P238077.l027c2",
"ref": "P238077.10.1",
"inst": "umma[saying]PRP",
"sig": "@saao/saa18%akk-x-neobab:um-ma=umma[saying//saying]PRP'PRP$umma",
"f": {"lang": "akk-x-neobab",
"form": "um-ma",
"cf": "umma",
"gw": "saying",
"sense": "saying",
"norm": "umma",
"pos": "PRP",
"epos": "PRP"}
}
,
{
"node": "l",
"frag": "ERIM-⸢MEŠ⸣",
"id": "P238077.l027c3",
"ref": "P238077.10.2",
"inst": "ṣābē[troops]N",
"sig": "@saao/saa18%akk-x-neobab:ERIM-MEŠ=ṣābu[people//troops]N'N$ṣābē",
"f": {"lang": "akk-x-neobab",
"form": "ERIM-MEŠ",
"cf": "ṣābu",
"gw": "people",
"sense": "troops",
"norm": "ṣābē",
"pos": "N",
"epos": "N"}
}
,
{
"node": "l",
"frag": "[x",
"id": "P238077.l027c4",
"ref": "P238077.10.3",
"inst": "u",
"f": {"lang": "akk-x-neobab",
"form": "x",
"pos": "u"}
}
,
{
"node": "l",
"frag": "x",
"id": "P238077.l027c5",
"ref": "P238077.10.4",
"inst": "u",
"f": {"lang": "akk-x-neobab",
"form": "x",
"pos": "u"}
}
,
{
"node": "l",
"frag": "x",
"id": "P238077.l027c6",
"ref": "P238077.10.5",
"inst": "u",
"f": {"lang": "akk-x-neobab",
"form": "x",
"pos": "u"}
}
,
{
"node": "l",
"frag": "x",
"id": "P238077.l027c7",
"ref": "P238077.10.6",
"inst": "u",
"f": {"lang": "akk-x-neobab",
"form": "x",
"pos": "u"}
}
,
{
"node": "l",
"frag": "x",
"id": "P238077.l027c8",
"ref": "P238077.10.7",
"inst": "u",
"f": {"lang": "akk-x-neobab",
"form": "x",
"pos": "u"}
}
,
{
"node": "l",
"frag": "x",
"id": "P238077.l027c9",
"ref": "P238077.10.8",
"inst": "u",
"f": {"lang": "akk-x-neobab",
"form": "x",
"pos": "u"}
}
,
{
"node": "l",
"frag": "x",
"id": "P238077.l027ca",
"ref": "P238077.10.9",
"inst": "u",
"f": {"lang": "akk-x-neobab",
"form": "x",
"pos": "u"}
}
,
{
"node": "l",
"frag": "x]+⸢x⸣",
"id": "P238077.l027cb",
"ref": "P238077.10.10",
"inst": "u",
"f": {"lang": "akk-x-neobab",
"form": "x+x",
"pos": "u"}
}
,
{
"node": "d",
"type": "line-start",
"ref": "P238077.11",
"n": "10",
"label": "o 10"}
,
{
"node": "l",
"frag": "i-bi-na-an-⸢ni⸣",
"id": "P238077.l027cc",
"ref": "P238077.11.1",
"inst": "+nadānu[give]V$ibinanni",
"sig": "@saao/saa18%akk-x-neobab:i-bi-na-an-ni=nadānu[give//give]V'V$ibinanni",
"f": {"lang": "akk-x-neobab",
"form": "i-bi-na-an-ni",
"cf": "nadānu",
"gw": "give",
"sense": "give",
"norm": "ibinanni",
"pos": "V",
"epos": "V"}
}
,
{
"node": "l",
"frag": "[x",
"id": "P238077.l027cd",
"ref": "P238077.11.2",
"inst": "u",
"f": {"lang": "akk-x-neobab",
"form": "x",
"pos": "u"}
}
,
{
"node": "l",
"frag": "x",
"id": "P238077.l027ce",
"ref": "P238077.11.3",
"inst": "u",
"f": {"lang": "akk-x-neobab",
"form": "x",
"pos": "u"}
}
,
{
"node": "l",
"frag": "x",
"id": "P238077.l027cf",
"ref": "P238077.11.4",
"inst": "u",
"f": {"lang": "akk-x-neobab",
"form": "x",
"pos": "u"}
}
,
{
"node": "l",
"frag": "ul",
"id": "P238077.l027d0",
"ref": "P238077.11.5",
"inst": "ul[not]MOD",
"sig": "@saao/saa18%akk-x-neobab:ul=ul[not//not]MOD'MOD$ul",
"f": {"lang": "akk-x-neobab",
"form": "ul",
"cf": "ul",
"gw": "not",
"sense": "not",
"norm": "ul",
"pos": "MOD",
"epos": "MOD"}
}
,
{
"node": "l",
"frag": "i-man-gu]-ru",
"id": "P238077.l027d1",
"ref": "P238077.11.6",
"inst": "+magāru[consent//agree]V'V$nimangurū",
"sig": "@saao/saa18%akk-x-neobab:i-man-gu-ru=magāru[consent//agree]V'V$nimangurū",
"f": {"lang": "akk-x-neobab",
"form": "i-man-gu-ru",
"cf": "magāru",
"gw": "consent",
"sense": "agree",
"norm": "nimangurū",
"pos": "V",
"epos": "V"}
}
,
{
"node": "d",
"type": "line-start",
"ref": "P238077.12",
"n": "11",
"label": "o 11"}
,
{
"node": "l",
"frag": "ul",
"id": "P238077.l027d2",
"ref": "P238077.12.1",
"inst": "ul[not]MOD",
"sig": "@saao/saa18%akk-x-neobab:ul=ul[not//not]MOD'MOD$ul",
"f": {"lang": "akk-x-neobab",
"form": "ul",
"cf": "ul",
"gw": "not",
"sense": "not",
"norm": "ul",
"pos": "MOD",
"epos": "MOD"}
}
,
{
"node": "l",
"frag": "i-nam-⸢di⸣-[nu",
"id": "P238077.l027d3",
"ref": "P238077.12.2",
"inst": "+nadānu[give]V$inamdinū",
"sig": "@saao/saa18%akk-x-neobab:i-nam-di-nu=nadānu[give//give]V'V$inamdinū",
"f": {"lang": "akk-x-neobab",
"form": "i-nam-di-nu",
"cf": "nadānu",
"gw": "give",
"sense": "give",
"norm": "inamdinū",
"pos": "V",
"epos": "V"}
}
,
{
"node": "l",
"frag": "x",
"id": "P238077.l027d4",
"ref": "P238077.12.3",
"inst": "u",
"f": {"lang": "akk-x-neobab",
"form": "x",
"pos": "u"}
}
,
{
"node": "l",
"frag": "x",
"id": "P238077.l027d5",
"ref": "P238077.12.4",
"inst": "u",
"f": {"lang": "akk-x-neobab",
"form": "x",
"pos": "u"}
}
,
{
"node": "l",
"frag": "x",
"id": "P238077.l027d6",
"ref": "P238077.12.5",
"inst": "u",
"f": {"lang": "akk-x-neobab",
"form": "x",
"pos": "u"}
}
,
{
"node": "l",
"frag": "x",
"id": "P238077.l027d7",
"ref": "P238077.12.6",
"inst": "u",
"f": {"lang": "akk-x-neobab",
"form": "x",
"pos": "u"}
}
,
{
"node": "l",
"frag": "x",
"id": "P238077.l027d8",
"ref": "P238077.12.7",
"inst": "u",
"f": {"lang": "akk-x-neobab",
"form": "x",
"pos": "u"}
}
,
{
"node": "l",
"frag": "x",
"id": "P238077.l027d9",
"ref": "P238077.12.8",
"inst": "u",
"f": {"lang": "akk-x-neobab",
"form": "x",
"pos": "u"}
}
,
{
"node": "l",
"frag": "x]-⸢ma⸣",
"id": "P238077.l027da",
"ref": "P238077.12.9",
"inst": "u",
"f": {"lang": "akk-x-neobab",
"form": "x-ma",
"pos": "u"}
}
,
{
"node": "d",
"type": "line-start",
"ref": "P238077.13",
"n": "12",
"label": "o 12"}
,
{
"node": "l",
"frag": "is-bu-us-su",
"id": "P238077.l027db",
"ref": "P238077.13.1",
"inst": "+šabāsu[be(come) angry]V$isbussu",
"sig": "@saao/saa18%akk-x-neobab:is-bu-us-su=šabāsu[be(come) angry//be(come) angry]V'V$isbussu",
"f": {"lang": "akk-x-neobab",
"form": "is-bu-us-su",
"cf": "šabāsu",
"gw": "be(come) angry",
"sense": "be(come) angry",
"norm": "isbussu",
"pos": "V",
"epos": "V"}
}
,
{
"node": "l",
"frag": "⸢x⸣+[x",
"id": "P238077.l027dc",
"ref": "P238077.13.2",
"inst": "u",
"f": {"lang": "akk-x-neobab",
"form": "x+x",
"pos": "u"}
}
,
{
"node": "l",
"frag": "x",
"id": "P238077.l027dd",
"ref": "P238077.13.3",
"inst": "u",
"f": {"lang": "akk-x-neobab",
"form": "x",
"pos": "u"}
}
,
{
"node": "l",
"frag": "x",
"id": "P238077.l027de",
"ref": "P238077.13.4",
"inst": "u",
"f": {"lang": "akk-x-neobab",
"form": "x",
"pos": "u"}
}
,
{
"node": "l",
"frag": "x",
"id": "P238077.l027df",
"ref": "P238077.13.5",
"inst": "u",
"f": {"lang": "akk-x-neobab",
"form": "x",
"pos": "u"}
}
,
{
"node": "l",
"frag": "x",
"id": "P238077.l027e0",
"ref": "P238077.13.6",
"inst": "u",
"f": {"lang": "akk-x-neobab",
"form": "x",
"pos": "u"}
}
,
{
"node": "l",
"frag": "x",
"id": "P238077.l027e1",
"ref": "P238077.13.7",
"inst": "u",
"f": {"lang": "akk-x-neobab",
"form": "x",
"pos": "u"}
}
,
{
"node": "l",
"frag": "x",
"id": "P238077.l027e2",
"ref": "P238077.13.8",
"inst": "u",
"f": {"lang": "akk-x-neobab",
"form": "x",
"pos": "u"}
}
,
{
"node": "l",
"frag": "x]+⸢x⸣-niš",
"id": "P238077.l027e3",
"ref": "P238077.13.9",
"inst": "u",
"f": {"lang": "akk-x-neobab",
"form": "x+x-niš",
"pos": "u"}
}
,
{
"node": "d",
"type": "line-start",
"ref": "P238077.14",
"n": "13",
"label": "o 13"}
,
{
"node": "l",
"frag": "NIG₂.ŠID-MEŠ",
"id": "P238077.l027e4",
"ref": "P238077.14.1",
"inst": "+nikkassu[account(s)//possession(s)]N'N$nikkassī",
"sig": "@saao/saa18%akk-x-neobab:NIG₂.ŠID-MEŠ=nikkassu[account(s)//possession(s)]N'N$nikkassī",
"f": {"lang": "akk-x-neobab",
"form": "NIG₂.ŠID-MEŠ",
"cf": "nikkassu",
"gw": "account(s)",
"sense": "possession(s)",
"norm": "nikkassī",
"pos": "N",
"epos": "N"}
}
,
{
"node": "l",
"frag": "ša₂",
"id": "P238077.l027e5",
"ref": "P238077.14.2",
"inst": "ša[of]DET",
"sig": "@saao/saa18%akk-x-neobab:ša₂=ša[of//of]DET'DET$ša",
"f": {"lang": "akk-x-neobab",
"form": "ša₂",
"cf": "ša",
"gw": "of",
"sense": "of",
"norm": "ša",
"pos": "DET",
"epos": "DET"}
}
,
{
"node": "l",
"frag": "be-li₂-i-⸢ni⸣",
"id": "P238077.l027e6",
"ref": "P238077.14.3",
"inst": "bēlīni[lord]N",
"sig": "@saao/saa18%akk-x-neobab:be-li₂-i-ni=bēlu[lord//lord]N'N$bēlīni",
"f": {"lang": "akk-x-neobab",
"form": "be-li₂-i-ni",
"cf": "bēlu",
"gw": "lord",
"sense": "lord",
"norm": "bēlīni",
"pos": "N",
"epos": "N"}
}
,
{
"node": "l",
"frag": "[it]-⸢ta⸣-ša₂-a",
"id": "P238077.l027e7",
"ref": "P238077.14.4",
"inst": "+našû[lift//take]V'V$ittašâ",
"sig": "@saao/saa18%akk-x-neobab:it-ta-ša₂-a=našû[lift//take]V'V$ittašâ",
"f": {"lang": "akk-x-neobab",
"form": "it-ta-ša₂-a",
"cf": "našû",
"gw": "lift",
"sense": "take",
"norm": "ittašâ",
"pos": "V",
"epos": "V"}
}
,
{
"node": "d",
"type": "line-start",
"ref": "P238077.15",
"n": "14",
"label": "o 14"}
,
{
"node": "l",
"frag": "⸢i-na⸣",
"id": "P238077.l027e8",
"ref": "P238077.15.1",
"inst": "ina[in]PRP",
"sig": "@saao/saa18%akk-x-neobab:i-na=ina[in//in]PRP'PRP$ina",
"f": {"lang": "akk-x-neobab",
"form": "i-na",
"cf": "ina",
"gw": "in",
"sense": "in",
"norm": "ina",
"pos": "PRP",
"epos": "PRP"}
}
,
{
"node": "l",
"frag": "ŠU.2",
"id": "P238077.l027e9",
"ref": "P238077.15.2",
"inst": "qātē[hand]N",
"sig": "@saao/saa18%akk-x-neobab:ŠU.2=qātu[hand//hand]N'N$qātē",
"f": {"lang": "akk-x-neobab",
"form": "ŠU.2",
"cf": "qātu",
"gw": "hand",
"sense": "hand",
"norm": "qātē",
"pos": "N",
"epos": "N"}
}
,
{
"node": "l",
"frag": "it-tan-[na",
"id": "P238077.l027ea",
"ref": "P238077.15.3",
"inst": "ittanna[give]V",
"sig": "@saao/saa18%akk-x-neobab:it-tan-na=nadānu[give//give]V'V$ittanna",
"f": {"lang": "akk-x-neobab",
"form": "it-tan-na",
"cf": "nadānu",
"gw": "give",
"sense": "give",
"norm": "ittanna",
"pos": "V",
"epos": "V"}
}
,
{
"node": "l",
"frag": "x",
"id": "P238077.l027eb",
"ref": "P238077.15.4",
"inst": "u",
"f": {"lang": "akk-x-neobab",
"form": "x",
"pos": "u"}
}
,
{
"node": "l",
"frag": "x",
"id": "P238077.l027ec",
"ref": "P238077.15.5",
"inst": "u",
"f": {"lang": "akk-x-neobab",
"form": "x",
"pos": "u"}
}
,
{
"node": "l",
"frag": "x",
"id": "P238077.l027ed",
"ref": "P238077.15.6",
"inst": "u",
"f": {"lang": "akk-x-neobab",
"form": "x",
"pos": "u"}
}
,
{
"node": "l",
"frag": "x",
"id": "P238077.l027ee",
"ref": "P238077.15.7",
"inst": "u",
"f": {"lang": "akk-x-neobab",
"form": "x",
"pos": "u"}
}
,
{
"node": "l",
"frag": "x]+⸢x⸣-šu₂",
"id": "P238077.l027ef",
"ref": "P238077.15.8",
"inst": "u",
"f": {"lang": "akk-x-neobab",
"form": "x+x-šu₂",
"pos": "u"}
}
,
{
"node": "d",
"type": "line-start",
"ref": "P238077.16",
"n": "15",
"label": "o 15"}
,
{
"node": "l",
"frag": "[x]",
"id": "P238077.l027f0",
"ref": "P238077.16.1",
"inst": "u",
"f": {"lang": "akk-x-neobab",
"form": "x",
"pos": "u"}
}
,
{
"node": "l",
"frag": "⸢is⸣-bu-us-⸢su",
"id": "P238077.l027f1",
"ref": "P238077.16.2",
"inst": "isbussu[be(come) angry]V",
"sig": "@saao/saa18%akk-x-neobab:is-bu-us-su=šabāsu[be(come) angry//be(come) angry]V'V$isbussu",
"f": {"lang": "akk-x-neobab",
"form": "is-bu-us-su",
"cf": "šabāsu",
"gw": "be(come) angry",
"sense": "be(come) angry",
"norm": "isbussu",
"pos": "V",
"epos": "V"}
}
,
{
"node": "l",
"frag": "x⸣+[x",
"id": "P238077.l027f2",
"ref": "P238077.16.3",
"inst": "u",
"f": {"lang": "akk-x-neobab",
"form": "x+x",
"pos": "u"}
}
,
{
"node": "l",
"frag": "x",
"id": "P238077.l027f3",
"ref": "P238077.16.4",
"inst": "u",
"f": {"lang": "akk-x-neobab",
"form": "x",
"pos": "u"}
}
,
{
"node": "l",
"frag": "x",
"id": "P238077.l027f4",
"ref": "P238077.16.5",
"inst": "u",
"f": {"lang": "akk-x-neobab",
"form": "x",
"pos": "u"}
}
,
{
"node": "l",
"frag": "u₂]-⸢šah⸣-hi-sa",
"id": "P238077.l027f5",
"ref": "P238077.16.6",
"inst": "+nahāsu[(re)cede//send back]V'V$ušahhisa",
"sig": "@saao/saa18%akk-x-neobab:u₂-šah-hi-sa=nahāsu[(re)cede//send back]V'V$ušahhisa",
"f": {"lang": "akk-x-neobab",
"form": "u₂-šah-hi-sa",
"cf": "nahāsu",
"gw": "(re)cede",
"sense": "send back",
"norm": "ušahhisa",
"pos": "V",
"epos": "V"}
}
,
{
"node": "d",
"type": "line-start",
"ref": "P238077.17",
"n": "16",
"label": "o 16"}
,
{
"node": "l",
"frag": "[x",
"id": "P238077.l027f6",
"ref": "P238077.17.1",
"inst": "u",
"f": {"lang": "akk-x-neobab",
"form": "x",
"pos": "u"}
}
,
{
"node": "l",
"frag": "x",
"id": "P238077.l027f7",
"ref": "P238077.17.2",
"inst": "u",
"f": {"lang": "akk-x-neobab",
"form": "x",
"pos": "u"}
}
,
{
"node": "l",
"frag": "x",
"id": "P238077.l027f8",
"ref": "P238077.17.3",
"inst": "u",
"f": {"lang": "akk-x-neobab",
"form": "x",
"pos": "u"}
}
,
{
"node": "l",
"frag": "x",
"id": "P238077.l027f9",
"ref": "P238077.17.4",
"inst": "u",
"f": {"lang": "akk-x-neobab",
"form": "x",
"pos": "u"}
}
,
{
"node": "l",
"frag": "x",
"id": "P238077.l027fa",
"ref": "P238077.17.5",
"inst": "u",
"f": {"lang": "akk-x-neobab",
"form": "x",
"pos": "u"}
}
,
{
"node": "l",
"frag": "x",
"id": "P238077.l027fb",
"ref": "P238077.17.6",
"inst": "u",
"f": {"lang": "akk-x-neobab",
"form": "x",
"pos": "u"}
}
,
{
"node": "l",
"frag": "x",
"id": "P238077.l027fc",
"ref": "P238077.17.7",
"inst": "u",
"f": {"lang": "akk-x-neobab",
"form": "x",
"pos": "u"}
}
,
{
"node": "l",
"frag": "x",
"id": "P238077.l027fd",
"ref": "P238077.17.8",
"inst": "u",
"f": {"lang": "akk-x-neobab",
"form": "x",
"pos": "u"}
}
,
{
"node": "l",
"frag": "x",
"id": "P238077.l027fe",
"ref": "P238077.17.9",
"inst": "u",
"f": {"lang": "akk-x-neobab",
"form": "x",
"pos": "u"}
}
,
{
"node": "l",
"frag": "x",
"id": "P238077.l027ff",
"ref": "P238077.17.10",
"inst": "u",
"f": {"lang": "akk-x-neobab",
"form": "x",
"pos": "u"}
}
,
{
"node": "l",
"frag": "x",
"id": "P238077.l02800",
"ref": "P238077.17.11",
"inst": "u",
"f": {"lang": "akk-x-neobab",
"form": "x",
"pos": "u"}
}
,
{
"node": "l",
"frag": "x]+⸢x⸣-šu₂",
"id": "P238077.l02801",
"ref": "P238077.17.12",
"inst": "u",
"f": {"lang": "akk-x-neobab",
"form": "x+x-šu₂",
"pos": "u"}
}
,
{
"node": "d",
"type": "line-start",
"ref": "P238077.18",
"n": "17",
"label": "o 17"}
,
{
"node": "l",
"frag": "[x",
"id": "P238077.l02802",
"ref": "P238077.18.1",
"inst": "u",
"f": {"lang": "akk-x-neobab",
"form": "x",
"pos": "u"}
}
,
{
"node": "l",
"frag": "x",
"id": "P238077.l02803",
"ref": "P238077.18.2",
"inst": "u",
"f": {"lang": "akk-x-neobab",
"form": "x",
"pos": "u"}
}
,
{
"node": "l",
"frag": "x",
"id": "P238077.l02804",
"ref": "P238077.18.3",
"inst": "u",
"f": {"lang": "akk-x-neobab",
"form": "x",
"pos": "u"}
}
,
{
"node": "l",
"frag": "x",
"id": "P238077.l02805",
"ref": "P238077.18.4",
"inst": "u",
"f": {"lang": "akk-x-neobab",
"form": "x",
"pos": "u"}
}
,
{
"node": "l",
"frag": "x",
"id": "P238077.l02806",
"ref": "P238077.18.5",
"inst": "u",
"f": {"lang": "akk-x-neobab",
"form": "x",
"pos": "u"}
}
,
{
"node": "l",
"frag": "x",
"id": "P238077.l02807",
"ref": "P238077.18.6",
"inst": "u",
"f": {"lang": "akk-x-neobab",
"form": "x",
"pos": "u"}
}
,
{
"node": "l",
"frag": "x",
"id": "P238077.l02808",
"ref": "P238077.18.7",
"inst": "u",
"f": {"lang": "akk-x-neobab",
"form": "x",
"pos": "u"}
}
,
{
"node": "l",
"frag": "x",
"id": "P238077.l02809",
"ref": "P238077.18.8",
"inst": "u",
"f": {"lang": "akk-x-neobab",
"form": "x",
"pos": "u"}
}
,
{
"node": "l",
"frag": "x",
"id": "P238077.l0280a",
"ref": "P238077.18.9",
"inst": "u",
"f": {"lang": "akk-x-neobab",
"form": "x",
"pos": "u"}
}
,
{
"node": "l",
"frag": "x",
"id": "P238077.l0280b",
"ref": "P238077.18.10",
"inst": "u",
"f": {"lang": "akk-x-neobab",
"form": "x",
"pos": "u"}
}
,
{
"node": "l",
"frag": "x",
"id": "P238077.l0280c",
"ref": "P238077.18.11",
"inst": "u",
"f": {"lang": "akk-x-neobab",
"form": "x",
"pos": "u"}
}
,
{
"node": "l",
"frag": "x]+⸢x-šu₂⸣-nu-tu₂",
"id": "P238077.l0280d",
"ref": "P238077.18.12",
"inst": "u",
"f": {"lang": "akk-x-neobab",
"form": "x+x-šu₂-nu-tu₂",
"pos": "u"}
}
,
{
"node": "d",
"type": "nonx",
"ref": "P238077.19",
"strict": "0",
"extent": "rest",
"state": "missing"}
,
{
"node": "d",
"subtype": "reverse",
"type": "surface",
"ref": "P238077.r.20",
"type": "reverse",
"label": "r"}
,
{
"node": "d",
"type": "nonx",
"ref": "P238077.21",
"strict": "0",
"extent": "beginning",
"state": "missing"}
,
{
"node": "d",
"type": "line-start",
"ref": "P238077.22",
"n": "1'",
"label": "r 1'"}
,
{
"node": "l",
"frag": "[x",
"id": "P238077.l0280e",
"ref": "P238077.22.1",
"inst": "u",
"f": {"lang": "akk-x-neobab",
"form": "x",
"pos": "u"}
}
,
{
"node": "l",
"frag": "x",
"id": "P238077.l0280f",
"ref": "P238077.22.2",
"inst": "u",
"f": {"lang": "akk-x-neobab",
"form": "x",
"pos": "u"}
}
,
{
"node": "l",
"frag": "x",
"id": "P238077.l02810",
"ref": "P238077.22.3",
"inst": "u",
"f": {"lang": "akk-x-neobab",
"form": "x",
"pos": "u"}
}
,
{
"node": "l",
"frag": "x",
"id": "P238077.l02811",
"ref": "P238077.22.4",
"inst": "u",
"f": {"lang": "akk-x-neobab",
"form": "x",
"pos": "u"}
}
,
{
"node": "l",
"frag": "x",
"id": "P238077.l02812",
"ref": "P238077.22.5",
"inst": "u",
"f": {"lang": "akk-x-neobab",
"form": "x",
"pos": "u"}
}
,
{
"node": "l",
"frag": "x",
"id": "P238077.l02813",
"ref": "P238077.22.6",
"inst": "u",
"f": {"lang": "akk-x-neobab",
"form": "x",
"pos": "u"}
}
,
{
"node": "l",
"frag": "x]+⸢x⸣",
"id": "P238077.l02814",
"ref": "P238077.22.7",
"inst": "u",
"f": {"lang": "akk-x-neobab",
"form": "x+x",
"pos": "u"}
}
,
{
"node": "l",
"frag": "ki-i",
"id": "P238077.l02815",
"ref": "P238077.22.8",
"inst": "kî[if]'MOD",
"sig": "@saao/saa18%akk-x-neobab:ki-i=kī[like//if]PRP'MOD$kî",
"f": {"lang": "akk-x-neobab",
"form": "ki-i",
"cf": "kī",
"gw": "like",
"sense": "if",
"norm": "kî",
"pos": "PRP",
"epos": "MOD"}
}
,
{
"node": "l",
"frag": "{lu₂}[x",
"id": "P238077.l02816",
"ref": "P238077.22.9",
"inst": "u",
"f": {"lang": "akk-x-neobab",
"form": "{LU₂}x",
"pos": "u"}
}
,
{
"node": "l",
"frag": "x",
"id": "P238077.l02817",
"ref": "P238077.22.10",
"inst": "u",
"f": {"lang": "akk-x-neobab",
"form": "x",
"pos": "u"}
}
,
{
"node": "l",
"frag": "x]",
"id": "P238077.l02818",
"ref": "P238077.22.11",
"inst": "u",
"f": {"lang": "akk-x-neobab",
"form": "x",
"pos": "u"}
}
,
{
"node": "d",
"type": "line-start",
"ref": "P238077.23",
"n": "2'",
"label": "r 2'"}
,
{
"node": "l",
"frag": "[x",
"id": "P238077.l02819",
"ref": "P238077.23.1",
"inst": "u",
"f": {"lang": "akk-x-neobab",
"form": "x",
"pos": "u"}
}
,
{
"node": "l",
"frag": "x",
"id": "P238077.l0281a",
"ref": "P238077.23.2",
"inst": "u",
"f": {"lang": "akk-x-neobab",
"form": "x",
"pos": "u"}
}
,
{
"node": "l",
"frag": "x",
"id": "P238077.l0281b",
"ref": "P238077.23.3",
"inst": "u",
"f": {"lang": "akk-x-neobab",
"form": "x",
"pos": "u"}
}
,
{
"node": "l",
"frag": "x]",
"id": "P238077.l0281c",
"ref": "P238077.23.4",
"inst": "u",
"f": {"lang": "akk-x-neobab",
"form": "x",
"pos": "u"}
}
,
{
"node": "l",
"frag": "⸢uš⸣-ša₂-bu",
"id": "P238077.l0281d",
"ref": "P238077.23.5",
"inst": "+ašābu[sit (down)//stay]V'V$uššabu",
"sig": "@saao/saa18%akk-x-neobab:uš-ša₂-bu=ašābu[sit (down)//stay]V'V$uššabu",
"f": {"lang": "akk-x-neobab",
"form": "uš-ša₂-bu",
"cf": "ašābu",
"gw": "sit (down)",
"sense": "stay",
"norm": "uššabu",
"pos": "V",
"epos": "V"}
}
,
{
"node": "l",
"frag": "u₃",
"id": "P238077.l0281e",
"ref": "P238077.23.6",
"inst": "u[and]CNJ",
"sig": "@saao/saa18%akk-x-neobab:u₃=u[and//and]CNJ'CNJ$u",
"f": {"lang": "akk-x-neobab",
"form": "u₃",
"cf": "u",
"gw": "and",
"sense": "and",
"norm": "u",
"pos": "CNJ",
"epos": "CNJ"}
}
,
{
"node": "l",
"frag": "la",
"id": "P238077.l0281f",
"ref": "P238077.23.7",
"inst": "lā[not]MOD",
"sig": "@saao/saa18%akk-x-neobab:la=lā[not//not]MOD'MOD$lā",
"f": {"lang": "akk-x-neobab",
"form": "la",
"cf": "lā",
"gw": "not",
"sense": "not",
"norm": "lā",
"pos": "MOD",
"epos": "MOD"}
}
,
{
"node": "l",
"frag": "i-⸢x⸣-ga",
"id": "P238077.l02820",
"ref": "P238077.23.8",
"inst": "u",
"f": {"lang": "akk-x-neobab",
"form": "i-x-ga",
"pos": "u"}
}
,
{
"node": "d",
"type": "line-start",
"ref": "P238077.24",
"n": "3'",
"label": "r 3'"}
,
{
"node": "l",
"frag": "[x",
"id": "P238077.l02821",
"ref": "P238077.24.1",
"inst": "u",
"f": {"lang": "akk-x-neobab",
"form": "x",
"pos": "u"}
}
,
{
"node": "l",
"frag": "x",
"id": "P238077.l02822",
"ref": "P238077.24.2",
"inst": "u",
"f": {"lang": "akk-x-neobab",
"form": "x",
"pos": "u"}
}
,
{
"node": "l",
"frag": "x",
"id": "P238077.l02823",
"ref": "P238077.24.3",
"inst": "u",
"f": {"lang": "akk-x-neobab",
"form": "x",
"pos": "u"}
}
,
{
"node": "l",
"frag": "x",
"id": "P238077.l02824",
"ref": "P238077.24.4",
"inst": "u",
"f": {"lang": "akk-x-neobab",
"form": "x",
"pos": "u"}
}
,
{
"node": "l",
"frag": "x]+⸢x⸣-nu",
"id": "P238077.l02825",
"ref": "P238077.24.5",
"inst": "u",
"f": {"lang": "akk-x-neobab",
"form": "x+x-nu",
"pos": "u"}
}
,
{
"node": "l",
"frag": "i-mut-tu",
"id": "P238077.l02826",
"ref": "P238077.24.6",
"inst": "+mâtu[die]V$imuttū",
"sig": "@saao/saa18%akk-x-neobab:i-mut-tu=mâtu[die//die]V'V$imuttū",
"f": {"lang": "akk-x-neobab",
"form": "i-mut-tu",
"cf": "mâtu",
"gw": "die",
"sense": "die",
"norm": "imuttū",
"pos": "V",
"epos": "V"}
}
,
{
"node": "l",
"frag": "ki-i",
"id": "P238077.l02827",
"ref": "P238077.24.7",
"inst": "kî[when]'SBJ",
"sig": "@saao/saa18%akk-x-neobab:ki-i=kī[like//when]PRP'SBJ$kî",
"f": {"lang": "akk-x-neobab",
"form": "ki-i",
"cf": "kī",
"gw": "like",
"sense": "when",
"norm": "kî",
"pos": "PRP",
"epos": "SBJ"}
}
,
{
"node": "d",
"type": "line-start",
"ref": "P238077.25",
"n": "4'",
"label": "r 4'"}
,
{
"node": "l",
"frag": "ni-⸢iš-mu-u₂⸣",
"id": "P238077.l02828",
"ref": "P238077.25.1",
"inst": "+šemû[hear]V$nišmû",
"sig": "@saao/saa18%akk-x-neobab:ni-iš-mu-u₂=šemû[hear//hear]V'V$nišmû",
"f": {"lang": "akk-x-neobab",
"form": "ni-iš-mu-u₂",
"cf": "šemû",
"gw": "hear",
"sense": "hear",
"norm": "nišmû",
"pos": "V",
"epos": "V"}
}
,
{
"node": "l",
"frag": "ŠA₃-bi",
"id": "P238077.l02829",
"ref": "P238077.25.2",
"inst": "libbi[mood]N",
"sig": "@saao/saa18%akk-x-neobab:ŠA₃-bi=libbu[interior//mood]N'N$libbi",
"f": {"lang": "akk-x-neobab",
"form": "ŠA₃-bi",
"cf": "libbu",
"gw": "interior",
"sense": "mood",
"norm": "libbi",
"pos": "N",
"epos": "N"}
}
,
{
"node": "l",
"frag": "ša₂",
"id": "P238077.l0282a",
"ref": "P238077.25.3",
"inst": "ša[of]DET",
"sig": "@saao/saa18%akk-x-neobab:ša₂=ša[of//of]DET'DET$ša",
"f": {"lang": "akk-x-neobab",
"form": "ša₂",
"cf": "ša",
"gw": "of",
"sense": "of",
"norm": "ša",
"pos": "DET",
"epos": "DET"}
}
,
{
"node": "l",
"frag": "LUGAL",
"id": "P238077.l0282b",
"ref": "P238077.25.4",
"inst": "šarri[king]N",
"sig": "@saao/saa18%akk-x-neobab:LUGAL=šarru[king//king]N'N$šarri",
"f": {"lang": "akk-x-neobab",
"form": "LUGAL",
"cf": "šarru",
"gw": "king",
"sense": "king",
"norm": "šarri",
"pos": "N",
"epos": "N"}
}
,
{
"node": "l",
"frag": "a-na",
"id": "P238077.l0282c",
"ref": "P238077.25.5",
"inst": "ana[to]PRP",
"sig": "@saao/saa18%akk-x-neobab:a-na=ana[to//to]PRP'PRP$ana",
"f": {"lang": "akk-x-neobab",
"form": "a-na",
"cf": "ana",
"gw": "to",
"sense": "to",
"norm": "ana",
"pos": "PRP",
"epos": "PRP"}
}
,
{
"node": "l",
"frag": "UGU",
"id": "P238077.l0282d",
"ref": "P238077.25.6",
"inst": "muhhi[skull]N",
"sig": "@saao/saa18%akk-x-neobab:UGU=muhhu[skull//skull]N'N$muhhi",
"f": {"lang": "akk-x-neobab",
"form": "UGU",
"cf": "muhhu",
"gw": "skull",
"sense": "skull",
"norm": "muhhi",
"pos": "N",
"epos": "N"}
}
,
{
"node": "d",
"type": "line-start",
"ref": "P238077.26",
"n": "5'",
"label": "r 5'"}
,
{
"node": "l",
"frag": "be-li₂-i-ni",
"id": "P238077.l0282e",
"ref": "P238077.26.1",
"inst": "bēlīni[lord]N",
"sig": "@saao/saa18%akk-x-neobab:be-li₂-i-ni=bēlu[lord//lord]N'N$bēlīni",
"f": {"lang": "akk-x-neobab",
"form": "be-li₂-i-ni",
"cf": "bēlu",
"gw": "lord",
"sense": "lord",
"norm": "bēlīni",
"pos": "N",
"epos": "N"}
}
,
{
"node": "l",
"frag": "še-eh-ṭu",
"id": "P238077.l0282f",
"ref": "P238077.26.2",
"inst": "+šehṭu[angry]AJ$",
"sig": "@saao/saa18%akk-x-neobab:še-eh-ṭu=šehṭu[angry//angry]AJ'AJ$šehṭu",
"f": {"lang": "akk-x-neobab",
"form": "še-eh-ṭu",
"cf": "šehṭu",
"gw": "angry",
"sense": "angry",
"norm": "šehṭu",
"pos": "AJ",
"epos": "AJ"}
}
,
{
"node": "l",
"frag": "ni-ip-ta-lah₃",
"id": "P238077.l02830",
"ref": "P238077.26.3",
"inst": "+palāhu[fear//be(come) afraid]V'V$niptalah",
"sig": "@saao/saa18%akk-x-neobab:ni-ip-ta-lah₃=palāhu[fear//be(come) afraid]V'V$niptalah",
"f": {"lang": "akk-x-neobab",
"form": "ni-ip-ta-lah₃",
"cf": "palāhu",
"gw": "fear",
"sense": "be(come) afraid",
"norm": "niptalah",
"pos": "V",
"epos": "V"}
}
,
{
"node": "l",
"frag": "um-ma",
"id": "P238077.l02831",
"ref": "P238077.26.4",
"inst": "umma[saying]PRP",
"sig": "@saao/saa18%akk-x-neobab:um-ma=umma[saying//saying]PRP'PRP$umma",
"f": {"lang": "akk-x-neobab",
"form": "um-ma",
"cf": "umma",
"gw": "saying",
"sense": "saying",
"norm": "umma",
"pos": "PRP",
"epos": "PRP"}
}
,
{
"node": "d",
"type": "line-start",
"ref": "P238077.27",
"n": "6'",
"label": "r 6'"}
,
{
"node": "l",
"frag": "hi-ṭu",
"id": "P238077.l02832",
"ref": "P238077.27.1",
"inst": "hīṭu[crime]N",
"sig": "@saao/saa18%akk-x-neobab:hi-ṭu=hīṭu[error//crime]N'N$hīṭu",
"f": {"lang": "akk-x-neobab",
"form": "hi-ṭu",
"cf": "hīṭu",
"gw": "error",
"sense": "crime",
"norm": "hīṭu",
"pos": "N",
"epos": "N"}
}
,
{
"node": "l",
"frag": "ša₂",
"id": "P238077.l02833",
"ref": "P238077.27.2",
"inst": "ša[of]DET",
"sig": "@saao/saa18%akk-x-neobab:ša₂=ša[of//of]DET'DET$ša",
"f": {"lang": "akk-x-neobab",
"form": "ša₂",
"cf": "ša",
"gw": "of",
"sense": "of",
"norm": "ša",
"pos": "DET",
"epos": "DET"}
}
,
{
"node": "l",
"frag": "be-li₂-i-ni",
"id": "P238077.l02834",
"ref": "P238077.27.3",
"inst": "bēlīni[lord]N",
"sig": "@saao/saa18%akk-x-neobab:be-li₂-i-ni=bēlu[lord//lord]N'N$bēlīni",
"f": {"lang": "akk-x-neobab",
"form": "be-li₂-i-ni",
"cf": "bēlu",
"gw": "lord",
"sense": "lord",
"norm": "bēlīni",
"pos": "N",
"epos": "N"}
}
,
{
"node": "l",
"frag": "i-na",
"id": "P238077.l02835",
"ref": "P238077.27.4",
"inst": "ina[in]PRP",
"sig": "@saao/saa18%akk-x-neobab:i-na=ina[in//in]PRP'PRP$ina",
"f": {"lang": "akk-x-neobab",
"form": "i-na",
"cf": "ina",
"gw": "in",
"sense": "in",
"norm": "ina",
"pos": "PRP",
"epos": "PRP"}
}
,
{
"node": "l",
"frag": "pa-an",
"id": "P238077.l02836",
"ref": "P238077.27.5",
"inst": "pān[front]N",
"sig": "@saao/saa18%akk-x-neobab:pa-an=pānu[front//face]N'N$pān",
"f": {"lang": "akk-x-neobab",
"form": "pa-an",
"cf": "pānu",
"gw": "front",
"sense": "face",
"norm": "pān",
"pos": "N",
"epos": "N"}
}
,
{
"node": "l",
"frag": "LUGAL",
"id": "P238077.l02837",
"ref": "P238077.27.6",
"inst": "šarri[king]N",
"sig": "@saao/saa18%akk-x-neobab:LUGAL=šarru[king//king]N'N$šarri",
"f": {"lang": "akk-x-neobab",
"form": "LUGAL",
"cf": "šarru",
"gw": "king",
"sense": "king",
"norm": "šarri",
"pos": "N",
"epos": "N"}
}
,
{
"node": "l",
"frag": "ia-a-nu",
"id": "P238077.l02838",
"ref": "P238077.27.7",
"inst": "yānu[(there) is not]V",
"sig": "@saao/saa18%akk-x-neobab:ia-a-nu=yānu[(there) is not//(there) is not]V'V$yānu",
"f": {"lang": "akk-x-neobab",
"form": "ia-a-nu",
"cf": "yānu",
"gw": "(there) is not",
"sense": "(there) is not",
"norm": "yānu",
"pos": "V",
"epos": "V"}
}
,
{
"node": "d",
"type": "line-start",
"ref": "P238077.28",
"n": "7'",
"label": "r 7'"}
,
{
"node": "l",
"frag": "i-na",
"id": "P238077.l02839",
"ref": "P238077.28.1",
"inst": "ina[in]PRP",
"sig": "@saao/saa18%akk-x-neobab:i-na=ina[in//in]PRP'PRP$ina",
"f": {"lang": "akk-x-neobab",
"form": "i-na",
"cf": "ina",
"gw": "in",
"sense": "in",
"norm": "ina",
"pos": "PRP",
"epos": "PRP"}
}
,
{
"node": "l",
"frag": "ŠA₃-bi",
"id": "P238077.l0283a",
"ref": "P238077.28.2",
"inst": "libbi[interior]N",
"sig": "@saao/saa18%akk-x-neobab:ŠA₃-bi=libbu[interior//interior]N'N$libbi",
"f": {"lang": "akk-x-neobab",
"form": "ŠA₃-bi",
"cf": "libbu",
"gw": "interior",
"sense": "interior",
"norm": "libbi",
"pos": "N",
"epos": "N"}
}
,
{
"node": "l",
"frag": "ša₂",
"id": "P238077.l0283b",
"ref": "P238077.28.3",
"inst": "ša[that]REL",
"sig": "@saao/saa18%akk-x-neobab:ša₂=ša[that//that]REL'REL$ša",
"f": {"lang": "akk-x-neobab",
"form": "ša₂",
"cf": "ša",
"gw": "that",
"sense": "that",
"norm": "ša",
"pos": "REL",
"epos": "REL"}
}
,
{
"node": "l",
"frag": "še-e-ru",
"id": "P238077.l0283c",
"ref": "P238077.28.4",
"inst": "šēru[morning]N",
"sig": "@saao/saa18%akk-x-neobab:še-e-ru=šēru[morning//morning]N'N$šēru",
"f": {"lang": "akk-x-neobab",
"form": "še-e-ru",
"cf": "šēru",
"gw": "morning",
"sense": "morning",
"norm": "šēru",
"pos": "N",
"epos": "N"}
}
,
{
"node": "l",
"frag": "u₃",
"id": "P238077.l0283d",
"ref": "P238077.28.5",
"inst": "u[and]CNJ",
"sig": "@saao/saa18%akk-x-neobab:u₃=u[and//and]CNJ'CNJ$u",
"f": {"lang": "akk-x-neobab",
"form": "u₃",
"cf": "u",
"gw": "and",
"sense": "and",
"norm": "u",
"pos": "CNJ",
"epos": "CNJ"}
}
,
{
"node": "l",
"frag": "ka-ṣu",
"id": "P238077.l0283e",
"ref": "P238077.28.6",
"inst": "kaṣû[cool]'N",
"sig": "@saao/saa18%akk-x-neobab:ka-ṣu=kaṣû[be(come) cold//cool]V'N$kaṣû",
"f": {"lang": "akk-x-neobab",
"form": "ka-ṣu",
"cf": "kaṣû",
"gw": "be(come) cold",
"sense": "cool",
"norm": "kaṣû",
"pos": "V",
"epos": "N"}
}
,
{
"node": "l",
"frag": "UD-mu",
"id": "P238077.l0283f",
"ref": "P238077.28.7",
"inst": "ūmu[day]N",
"sig": "@saao/saa18%akk-x-neobab:UD-mu=ūmu[day//day]N'N$ūmu",
"f": {"lang": "akk-x-neobab",
"form": "UD-mu",
"cf": "ūmu",
"gw": "day",
"sense": "day",
"norm": "ūmu",
"pos": "N",
"epos": "N"}
}
,
{
"node": "d",
"type": "line-start",
"ref": "P238077.29",
"n": "8'",
"label": "r 8'"}
,
{
"node": "l",
"frag": "{d}UTU",
"id": "P238077.l02840",
"ref": "P238077.29.1",
"inst": "Šamaš[1]DN",
"sig": "@saao/saa18%akk-x-neobab:{d}UTU=Šamaš[1//1]DN'DN$Šamaš",
"f": {"lang": "akk-x-neobab",
"form": "{d}UTU",
"cf": "Šamaš",
"gw": "1",
"sense": "1",
"norm": "Šamaš",
"pos": "DN",
"epos": "DN"}
}
,
{
"node": "l",
"frag": "u",
"id": "P238077.l02841",
"ref": "P238077.29.2",
"inst": "u[and]CNJ",
"sig": "@saao/saa18%akk-x-neobab:u=u[and//and]CNJ'CNJ$u",
"f": {"lang": "akk-x-neobab",
"form": "u",
"cf": "u",
"gw": "and",
"sense": "and",
"norm": "u",
"pos": "CNJ",
"epos": "CNJ"}
}
,
{
"node": "l",
"frag": "{d}EN",
"id": "P238077.l02842",
"ref": "P238077.29.3",
"inst": "Bel[1]DN",
"sig": "@saao/saa18%akk-x-neobab:{d}EN=Bel[1//1]DN'DN$Bel",
"f": {"lang": "akk-x-neobab",
"form": "{d}EN",
"cf": "Bel",
"gw": "1",
"sense": "1",
"norm": "Bel",
"pos": "DN",
"epos": "DN"}
}
,
{
"node": "l",
"frag": "a-na",
"id": "P238077.l02843",
"ref": "P238077.29.4",
"inst": "ana[to]PRP",
"sig": "@saao/saa18%akk-x-neobab:a-na=ana[to//to]PRP'PRP$ana",
"f": {"lang": "akk-x-neobab",
"form": "a-na",
"cf": "ana",
"gw": "to",
"sense": "to",
"norm": "ana",
"pos": "PRP",
"epos": "PRP"}
}
,
{
"node": "l",
"frag": "TIN",
"id": "P238077.l02844",
"ref": "P238077.29.5",
"inst": "balāṭi[life]'N",
"sig": "@saao/saa18%akk-x-neobab:TIN=balāṭu[live//life]V'N$balāṭi",
"f": {"lang": "akk-x-neobab",
"form": "TIN",
"cf": "balāṭu",
"gw": "live",
"sense": "life",
"norm": "balāṭi",
"pos": "V",
"epos": "N"}
}
,
{
"node": "l",
"frag": "ZI-MEŠ",
"id": "P238077.l02845",
"ref": "P238077.29.6",
"inst": "napšāti[life]N",
"sig": "@saao/saa18%akk-x-neobab:ZI-MEŠ=napištu[throat//life]N'N$napšāti",
"f": {"lang": "akk-x-neobab",
"form": "ZI-MEŠ",
"cf": "napištu",
"gw": "throat",
"sense": "life",
"norm": "napšāti",
"pos": "N",
"epos": "N"}
}
,
{
"node": "l",
"frag": "ša₂",
"id": "P238077.l02846",
"ref": "P238077.29.7",
"inst": "ša[of]DET",
"sig": "@saao/saa18%akk-x-neobab:ša₂=ša[of//of]DET'DET$ša",
"f": {"lang": "akk-x-neobab",
"form": "ša₂",
"cf": "ša",
"gw": "of",
"sense": "of",
"norm": "ša",
"pos": "DET",
"epos": "DET"}
}
,
{
"node": "l",
"frag": "LUGAL",
"id": "P238077.l02847",
"ref": "P238077.29.8",
"inst": "šarri[king]N",
"sig": "@saao/saa18%akk-x-neobab:LUGAL=šarru[king//king]N'N$šarri",
"f": {"lang": "akk-x-neobab",
"form": "LUGAL",
"cf": "šarru",
"gw": "king",
"sense": "king",
"norm": "šarri",
"pos": "N",
"epos": "N"}
}
,
{
"node": "l",
"frag": "be-li₂-šu₂",
"id": "P238077.l02848",
"ref": "P238077.29.9",
"inst": "bēlīšu[lord]N",
"sig": "@saao/saa18%akk-x-neobab:be-li₂-šu₂=bēlu[lord//lord]N'N$bēlīšu",
"f": {"lang": "akk-x-neobab",
"form": "be-li₂-šu₂",
"cf": "bēlu",
"gw": "lord",
"sense": "lord",
"norm": "bēlīšu",
"pos": "N",
"epos": "N"}
}
,
{
"node": "d",
"type": "line-start",
"ref": "P238077.30",
"n": "9'",
"label": "r 9'"}
,
{
"node": "l",
"frag": "u₂-ṣal-lu-u₂",
"id": "P238077.l02849",
"ref": "P238077.30.1",
"inst": "uṣallû[pray to]V",
"sig": "@saao/saa18%akk-x-neobab:u₂-ṣal-lu-u₂=ṣullû[beseech//pray to]V'V$uṣallû",
"f": {"lang": "akk-x-neobab",
"form": "u₂-ṣal-lu-u₂",
"cf": "ṣullû",
"gw": "beseech",
"sense": "pray to",
"norm": "uṣallû",
"pos": "V",
"epos": "V"}
}
,
{
"node": "l",
"frag": "u₃",
"id": "P238077.l0284a",
"ref": "P238077.30.2",
"inst": "u[and]CNJ",
"sig": "@saao/saa18%akk-x-neobab:u₃=u[and//and]CNJ'CNJ$u",
"f": {"lang": "akk-x-neobab",
"form": "u₃",
"cf": "u",
"gw": "and",
"sense": "and",
"norm": "u",
"pos": "CNJ",
"epos": "CNJ"}
}
,
{
"node": "l",
"frag": "ŠA₃-ba-šu₂",
"id": "P238077.l0284b",
"ref": "P238077.30.3",
"inst": "libbašu[heart]N",
"sig": "@saao/saa18%akk-x-neobab:ŠA₃-ba-šu₂=libbu[interior//heart]N'N$libbašu",
"f": {"lang": "akk-x-neobab",
"form": "ŠA₃-ba-šu₂",
"cf": "libbu",
"gw": "interior",
"sense": "heart",
"norm": "libbašu",
"pos": "N",
"epos": "N"}
}
,
{
"node": "l",
"frag": "it-ti",
"id": "P238077.l0284c",
"ref": "P238077.30.4",
"inst": "itti[with]PRP",
"sig": "@saao/saa18%akk-x-neobab:it-ti=itti[with//with]PRP'PRP$itti",
"f": {"lang": "akk-x-neobab",
"form": "it-ti",
"cf": "itti",
"gw": "with",
"sense": "with",
"norm": "itti",
"pos": "PRP",
"epos": "PRP"}
}
,
{
"node": "l",
"frag": "LUGAL",
"id": "P238077.l0284d",
"ref": "P238077.30.5",
"inst": "šarri[king]N",
"sig": "@saao/saa18%akk-x-neobab:LUGAL=šarru[king//king]N'N$šarri",
"f": {"lang": "akk-x-neobab",
"form": "LUGAL",
"cf": "šarru",
"gw": "king",
"sense": "king",
"norm": "šarri",
"pos": "N",
"epos": "N"}
}
,
{
"node": "l",
"frag": "be-li₂-šu₂",
"id": "P238077.l0284e",
"ref": "P238077.30.6",
"inst": "bēlīšu[lord]N",
"sig": "@saao/saa18%akk-x-neobab:be-li₂-šu₂=bēlu[lord//lord]N'N$bēlīšu",
"f": {"lang": "akk-x-neobab",
"form": "be-li₂-šu₂",
"cf": "bēlu",
"gw": "lord",
"sense": "lord",
"norm": "bēlīšu",
"pos": "N",
"epos": "N"}
}
,
{
"node": "d",
"type": "line-start",
"ref": "P238077.31",
"n": "10'",
"label": "r 10'"}
,
{
"node": "l",
"frag": "qa-tu-u₂",
"id": "P238077.l0284f",
"ref": "P238077.31.1",
"inst": "+qatû[finished//completely devoted]AJ'AJ$",
"sig": "@saao/saa18%akk-x-neobab:qa-tu-u₂=qatû[finished//completely devoted]AJ'AJ$qatû",
"f": {"lang": "akk-x-neobab",
"form": "qa-tu-u₂",
"cf": "qatû",
"gw": "finished",
"sense": "completely devoted",
"norm": "qatû",
"pos": "AJ",
"epos": "AJ"}
}
,
{
"node": "l",
"frag": "a-na",
"id": "P238077.l02850",
"ref": "P238077.31.2",
"inst": "ana[to]PRP",
"sig": "@saao/saa18%akk-x-neobab:a-na=ana[to//to]PRP'PRP$ana",
"f": {"lang": "akk-x-neobab",
"form": "a-na",
"cf": "ana",
"gw": "to",
"sense": "to",
"norm": "ana",
"pos": "PRP",
"epos": "PRP"}
}
,
{
"node": "l",
"frag": "UGU",
"id": "P238077.l02851",
"ref": "P238077.31.3",
"inst": "muhhi[skull]N",
"sig": "@saao/saa18%akk-x-neobab:UGU=muhhu[skull//skull]N'N$muhhi",
"f": {"lang": "akk-x-neobab",
"form": "UGU",
"cf": "muhhu",
"gw": "skull",
"sense": "skull",
"norm": "muhhi",
"pos": "N",
"epos": "N"}
}
,
{
"node": "l",
"frag": "LUGAL",
"id": "P238077.l02852",
"ref": "P238077.31.4",
"inst": "šarri[king]N",
"sig": "@saao/saa18%akk-x-neobab:LUGAL=šarru[king//king]N'N$šarri",
"f": {"lang": "akk-x-neobab",
"form": "LUGAL",
"cf": "šarru",
"gw": "king",
"sense": "king",
"norm": "šarri",
"pos": "N",
"epos": "N"}
}
,
{
"node": "l",
"frag": "be-li₂-šu₂",
"id": "P238077.l02853",
"ref": "P238077.31.5",
"inst": "bēlīšu[lord]N",
"sig": "@saao/saa18%akk-x-neobab:be-li₂-šu₂=bēlu[lord//lord]N'N$bēlīšu",
"f": {"lang": "akk-x-neobab",
"form": "be-li₂-šu₂",
"cf": "bēlu",
"gw": "lord",
"sense": "lord",
"norm": "bēlīšu",
"pos": "N",
"epos": "N"}
}
,
{
"node": "l",
"frag": "sa-lu-u₂",
"id": "P238077.l02854",
"ref": "P238077.31.6",
"inst": "+salû[despised]AJ$",
"sig": "@saao/saa18%akk-x-neobab:sa-lu-u₂=salû[despised//despised]AJ'AJ$salû",
"f": {"lang": "akk-x-neobab",
"form": "sa-lu-u₂",
"cf": "salû",
"gw": "despised",
"sense": "despised",
"norm": "salû",
"pos": "AJ",
"epos": "AJ"}
}
,
{
"node": "d",
"type": "line-start",
"ref": "P238077.32",
"n": "11'",
"label": "r 11'"}
,
{
"node": "l",
"frag": "u₃",
"id": "P238077.l02855",
"ref": "P238077.32.1",
"inst": "u[and]CNJ",
"sig": "@saao/saa18%akk-x-neobab:u₃=u[and//and]CNJ'CNJ$u",
"f": {"lang": "akk-x-neobab",
"form": "u₃",
"cf": "u",
"gw": "and",
"sense": "and",
"norm": "u",
"pos": "CNJ",
"epos": "CNJ"}
}
,
{
"node": "l",
"frag": "E₂-su",
"id": "P238077.l02856",
"ref": "P238077.32.2",
"inst": "bīssu[house]N",
"sig": "@saao/saa18%akk-x-neobab:E₂-su=bītu[house//house]N'N$bīssu",
"f": {"lang": "akk-x-neobab",
"form": "E₂-su",
"cf": "bītu",
"gw": "house",
"sense": "house",
"norm": "bīssu",
"pos": "N",
"epos": "N"}
}
,
{
"node": "l",
"frag": "⸢he-pi⸣-u₂",
"id": "P238077.l02857",
"ref": "P238077.32.3",
"inst": "+hepû[broken//destroyed]AJ'AJ$hepiu",
"sig": "@saao/saa18%akk-x-neobab:he-pi-u₂=hepû[broken//destroyed]AJ'AJ$hepiu",
"f": {"lang": "akk-x-neobab",
"form": "he-pi-u₂",
"cf": "hepû",
"gw": "broken",
"sense": "destroyed",
"norm": "hepiu",
"pos": "AJ",
"epos": "AJ"}
}
,
{
"node": "l",
"frag": "i-na",
"id": "P238077.l02858",
"ref": "P238077.32.4",
"inst": "ina[in]PRP",
"sig": "@saao/saa18%akk-x-neobab:i-na=ina[in//in]PRP'PRP$ina",
"f": {"lang": "akk-x-neobab",
"form": "i-na",
"cf": "ina",
"gw": "in",
"sense": "in",
"norm": "ina",
"pos": "PRP",
"epos": "PRP"}
}
,
{
"node": "l",
"frag": "ŠA₃-bi",
"id": "P238077.l02859",
"ref": "P238077.32.5",
"inst": "libbi[interior]N",
"sig": "@saao/saa18%akk-x-neobab:ŠA₃-bi=libbu[interior//interior]N'N$libbi",
"f": {"lang": "akk-x-neobab",
"form": "ŠA₃-bi",
"cf": "libbu",
"gw": "interior",
"sense": "interior",
"norm": "libbi",
"pos": "N",
"epos": "N"}
}
,
{
"node": "l",
"frag": "ša₂",
"id": "P238077.l0285a",
"ref": "P238077.32.6",
"inst": "ša[of]DET",
"sig": "@saao/saa18%akk-x-neobab:ša₂=ša[of//of]DET'DET$ša",
"f": {"lang": "akk-x-neobab",
"form": "ša₂",
"cf": "ša",
"gw": "of",
"sense": "of",
"norm": "ša",
"pos": "DET",
"epos": "DET"}
}
,
{
"node": "l",
"frag": "še-pet",
"id": "P238077.l0285b",
"ref": "P238077.32.7",
"inst": "+šēpītu[foot]N$šēpēt",
"sig": "@saao/saa18%akk-x-neobab:še-pet=šēpītu[foot//foot]N'N$šēpēt",
"f": {"lang": "akk-x-neobab",
"form": "še-pet",
"cf": "šēpītu",
"gw": "foot",
"sense": "foot",
"norm": "šēpēt",
"pos": "N",
"epos": "N"}
}
,
{
"node": "d",
"type": "line-start",
"ref": "P238077.33",
"n": "12'",
"label": "r 12'"}
,
{
"node": "l",
"frag": "LUGAL",
"id": "P238077.l0285c",
"ref": "P238077.33.1",
"inst": "šarri[king]N",
"sig": "@saao/saa18%akk-x-neobab:LUGAL=šarru[king//king]N'N$šarri",
"f": {"lang": "akk-x-neobab",
"form": "LUGAL",
"cf": "šarru",
"gw": "king",
"sense": "king",
"norm": "šarri",
"pos": "N",
"epos": "N"}
}
,
{
"node": "l",
"frag": "be-li₂-šu₂",
"id": "P238077.l0285d",
"ref": "P238077.33.2",
"inst": "bēlīšu[lord]N",
"sig": "@saao/saa18%akk-x-neobab:be-li₂-šu₂=bēlu[lord//lord]N'N$bēlīšu",
"f": {"lang": "akk-x-neobab",
"form": "be-li₂-šu₂",
"cf": "bēlu",
"gw": "lord",
"sense": "lord",
"norm": "bēlīšu",
"pos": "N",
"epos": "N"}
}
,
{
"node": "l",
"frag": "ṣab-tu",
"id": "P238077.l0285e",
"ref": "P238077.33.3",
"inst": "+ṣabtu[seized//grasped]AJ'AJ$",
"sig": "@saao/saa18%akk-x-neobab:ṣab-tu=ṣabtu[seized//grasped]AJ'AJ$ṣabtu",
"f": {"lang": "akk-x-neobab",
"form": "ṣab-tu",
"cf": "ṣabtu",
"gw": "seized",
"sense": "grasped",
"norm": "ṣabtu",
"pos": "AJ",
"epos": "AJ"}
}
,
{
"node": "l",
"frag": "u₃",
"id": "P238077.l0285f",
"ref": "P238077.33.4",
"inst": "u[and]CNJ",
"sig": "@saao/saa18%akk-x-neobab:u₃=u[and//and]CNJ'CNJ$u",
"f": {"lang": "akk-x-neobab",
"form": "u₃",
"cf": "u",
"gw": "and",
"sense": "and",
"norm": "u",
"pos": "CNJ",
"epos": "CNJ"}
}
,
{
"node": "l",
"frag": "AD-ka",
"id": "P238077.l02860",
"ref": "P238077.33.5",
"inst": "+abu[father]N$abīka",
"sig": "@saao/saa18%akk-x-neobab:AD-ka=abu[father//father]N'N$abīka",
"f": {"lang": "akk-x-neobab",
"form": "AD-ka",
"cf": "abu",
"gw": "father",
"sense": "father",
"norm": "abīka",
"pos": "N",
"epos": "N"}
}
,
{
"node": "l",
"frag": "ša₂",
"id": "P238077.l02861",
"ref": "P238077.33.6",
"inst": "ša[who]REL",
"sig": "@saao/saa18%akk-x-neobab:ša₂=ša[that//who]REL'REL$ša",
"f": {"lang": "akk-x-neobab",
"form": "ša₂",
"cf": "ša",
"gw": "that",
"sense": "who",
"norm": "ša",
"pos": "REL",
"epos": "REL"}
}
,
{
"node": "l",
"frag": "a-na",
"id": "P238077.l02862",
"ref": "P238077.33.7",
"inst": "ana[to]PRP",
"sig": "@saao/saa18%akk-x-neobab:a-na=ana[to//to]PRP'PRP$ana",
"f": {"lang": "akk-x-neobab",
"form": "a-na",
"cf": "ana",
"gw": "to",
"sense": "to",
"norm": "ana",
"pos": "PRP",
"epos": "PRP"}
}
,
{
"node": "l",
"frag": "la",
"id": "P238077.l02863",
"ref": "P238077.33.8",
"inst": "lā[not]MOD",
"sig": "@saao/saa18%akk-x-neobab:la=lā[not//not]MOD'MOD$lā",
"f": {"lang": "akk-x-neobab",
"form": "la",
"cf": "lā",
"gw": "not",
"sense": "not",
"norm": "lā",
"pos": "MOD",
"epos": "MOD"}
}
,
{
"node": "d",
"type": "line-start",
"ref": "P238077.34",
"n": "13'",
"label": "r 13'"}
,
{
"node": "l",
"frag": "LUGAL-MEŠ",
"id": "P238077.l02864",
"ref": "P238077.34.1",
"inst": "šarrāni[king]N",
"sig": "@saao/saa18%akk-x-neobab:LUGAL-MEŠ=šarru[king//king]N'N$šarrāni",
"f": {"lang": "akk-x-neobab",
"form": "LUGAL-MEŠ",
"cf": "šarru",
"gw": "king",
"sense": "king",
"norm": "šarrāni",
"pos": "N",
"epos": "N"}
}
,
{
"node": "l",
"frag": "gab-bi",
"id": "P238077.l02865",
"ref": "P238077.34.2",
"inst": "gabbi[all]N",
"sig": "@saao/saa18%akk-x-neobab:gab-bi=gabbu[totality//all]N'N$gabbi",
"f": {"lang": "akk-x-neobab",
"form": "gab-bi",
"cf": "gabbu",
"gw": "totality",
"sense": "all",
"norm": "gabbi",
"pos": "N",
"epos": "N"}
}
,
{
"node": "l",
"frag": "pa-tu-u₂",
"id": "P238077.l02866",
"ref": "P238077.34.3",
"inst": "+petû[open//open-minded]AJ'AJ$patû",
"sig": "@saao/saa18%akk-x-neobab:pa-tu-u₂=petû[open//open-minded]AJ'AJ$patû",
"f": {"lang": "akk-x-neobab",
"form": "pa-tu-u₂",
"cf": "petû",
"gw": "open",
"sense": "open-minded",
"norm": "patû",
"pos": "AJ",
"epos": "AJ"}
}
,
{
"node": "l",
"frag": "u₃",
"id": "P238077.l02867",
"ref": "P238077.34.4",
"inst": "u[and]CNJ",
"sig": "@saao/saa18%akk-x-neobab:u₃=u[and//and]CNJ'CNJ$u",
"f": {"lang": "akk-x-neobab",
"form": "u₃",
"cf": "u",
"gw": "and",
"sense": "and",
"norm": "u",
"pos": "CNJ",
"epos": "CNJ"}
}
,
{
"node": "l",
"frag": "pu-ut-qu-⸢du⸣",
"id": "P238077.l02868",
"ref": "P238077.34.5",
"inst": "putqudu[prudent]AJ",
"sig": "@saao/saa18%akk-x-neobab:pu-ut-qu-du=pitqudu[cautious//prudent]AJ'AJ$putqudu",
"f": {"lang": "akk-x-neobab",
"form": "pu-ut-qu-du",
"cf": "pitqudu",
"gw": "cautious",
"sense": "prudent",
"norm": "putqudu",
"pos": "AJ",
"epos": "AJ"}
}
,
{
"node": "d",
"type": "line-start",
"ref": "P238077.35",
"n": "14'",
"label": "r 14'"}
,
{
"node": "l",
"frag": "lib-bu-u₂",
"id": "P238077.l02869",
"ref": "P238077.35.1",
"inst": "+libbū[belonging to//in this manner]AV'AV$",
"sig": "@saao/saa18%akk-x-neobab:lib-bu-u₂=libbū[belonging to//in this manner]AV'AV$libbū",
"f": {"lang": "akk-x-neobab",
"form": "lib-bu-u₂",
"cf": "libbū",
"gw": "belonging to",
"sense": "in this manner",
"norm": "libbū",
"pos": "AV",
"epos": "AV"}
}
,
{
"node": "l",
"frag": "a-ga-a",
"id": "P238077.l0286a",
"ref": "P238077.35.2",
"inst": "agâ[this]DP",
"sig": "@saao/saa18%akk-x-neobab:a-ga-a=agâ[this//this]DP'DP$agâ",
"f": {"lang": "akk-x-neobab",
"form": "a-ga-a",
"cf": "agâ",
"gw": "this",
"sense": "this",
"norm": "agâ",
"pos": "DP",
"epos": "DP"}
}
,
{
"node": "l",
"frag": "i-qab-bi",
"id": "P238077.l0286b",
"ref": "P238077.35.3",
"inst": "iqabbi[say]V",
"sig": "@saao/saa18%akk-x-neobab:i-qab-bi=qabû[say//say]V'V$iqabbi",
"f": {"lang": "akk-x-neobab",
"form": "i-qab-bi",
"cf": "qabû",
"gw": "say",
"sense": "say",
"norm": "iqabbi",
"pos": "V",
"epos": "V"}
}
,
{
"node": "l",
"frag": "um-ma",
"id": "P238077.l0286c",
"ref": "P238077.35.4",
"inst": "umma[saying]PRP",
"sig": "@saao/saa18%akk-x-neobab:um-ma=umma[saying//saying]PRP'PRP$umma",
"f": {"lang": "akk-x-neobab",
"form": "um-ma",
"cf": "umma",
"gw": "saying",
"sense": "saying",
"norm": "umma",
"pos": "PRP",
"epos": "PRP"}
}
,
{
"node": "l",
"frag": "i-na",
"id": "P238077.l0286d",
"ref": "P238077.35.5",
"inst": "ina[in]PRP",
"sig": "@saao/saa18%akk-x-neobab:i-na=ina[in//in]PRP'PRP$ina",
"f": {"lang": "akk-x-neobab",
"form": "i-na",
"cf": "ina",
"gw": "in",
"sense": "in",
"norm": "ina",
"pos": "PRP",
"epos": "PRP"}
}
,
{
"node": "d",
"type": "line-start",
"ref": "P238077.36",
"n": "15'",
"label": "r 15'"}
,
{
"node": "l",
"frag": "KUR-URI{ki}",
"id": "P238077.l0286e",
"ref": "P238077.36.1",
"inst": "+Mat-Akkadi[Babylonia]GN$",
"sig": "@saao/saa18%akk-x-neobab:KUR-URI{KI}=Mat-Akkadi[Babylonia//Babylonia]GN'GN$Mat-Akkadi",
"f": {"lang": "akk-x-neobab",
"form": "KUR-URI{KI}",
"cf": "Mat-Akkadi",
"gw": "Babylonia",
"sense": "Babylonia",
"norm": "Mat-Akkadi",
"pos": "GN",
"epos": "GN"}
}
,
{
"node": "l",
"frag": "u₃",
"id": "P238077.l0286f",
"ref": "P238077.36.2",
"inst": "u[and]CNJ",
"sig": "@saao/saa18%akk-x-neobab:u₃=u[and//and]CNJ'CNJ$u",
"f": {"lang": "akk-x-neobab",
"form": "u₃",
"cf": "u",
"gw": "and",
"sense": "and",
"norm": "u",
"pos": "CNJ",
"epos": "CNJ"}
}
,
{
"node": "l",
"frag": "KUR.KUR",
"id": "P238077.l02870",
"ref": "P238077.36.3",
"inst": "mātāti[land]N",
"sig": "@saao/saa18%akk-x-neobab:KUR.KUR=mātu[land//land]N'N$mātāti",
"f": {"lang": "akk-x-neobab",
"form": "KUR.KUR",
"cf": "mātu",
"gw": "land",
"sense": "land",
"norm": "mātāti",
"pos": "N",
"epos": "N"}
}
,
{
"node": "l",
"frag": "gab-bi",
"id": "P238077.l02871",
"ref": "P238077.36.4",
"inst": "gabbi[all]N",
"sig": "@saao/saa18%akk-x-neobab:gab-bi=gabbu[totality//all]N'N$gabbi",
"f": {"lang": "akk-x-neobab",
"form": "gab-bi",
"cf": "gabbu",
"gw": "totality",
"sense": "all",
"norm": "gabbi",
"pos": "N",
"epos": "N"}
}
,
{
"node": "l",
"frag": "ṣi-bu-ta-[a]",
"id": "P238077.l02872",
"ref": "P238077.36.5",
"inst": "+ṣibûtu[wish//interest]N'N$ṣibûtā",
"sig": "@saao/saa18%akk-x-neobab:ṣi-bu-ta-a=ṣibûtu[wish//interest]N'N$ṣibûtā",
"f": {"lang": "akk-x-neobab",
"form": "ṣi-bu-ta-a",
"cf": "ṣibûtu",
"gw": "wish",
"sense": "interest",
"norm": "ṣibûtā",
"pos": "N",
"epos": "N"}
}
,
{
"node": "d",
"type": "line-start",
"ref": "P238077.37",
"n": "16'",
"label": "r 16'"}
,
{
"node": "l",
"frag": "ia-aʾ-nu",
"id": "P238077.l02873",
"ref": "P238077.37.1",
"inst": "yaʾnu[(there) is not]V",
"sig": "@saao/saa18%akk-x-neobab:ia-aʾ-nu=yānu[(there) is not//(there) is not]V'V$yaʾnu",
"f": {"lang": "akk-x-neobab",
"form": "ia-aʾ-nu",
"cf": "yānu",
"gw": "(there) is not",
"sense": "(there) is not",
"norm": "yaʾnu",
"pos": "V",
"epos": "V"}
}
,
{
"node": "l",
"frag": "ki-i",
"id": "P238077.l02874",
"ref": "P238077.37.2",
"inst": "kî[if]'MOD",
"sig": "@saao/saa18%akk-x-neobab:ki-i=kī[like//if]PRP'MOD$kî",
"f": {"lang": "akk-x-neobab",
"form": "ki-i",
"cf": "kī",
"gw": "like",
"sense": "if",
"norm": "kî",
"pos": "PRP",
"epos": "MOD"}
}
,
{
"node": "l",
"frag": "la",
"id": "P238077.l02875",
"ref": "P238077.37.3",
"inst": "lā[not]MOD",
"sig": "@saao/saa18%akk-x-neobab:la=lā[not//not]MOD'MOD$lā",
"f": {"lang": "akk-x-neobab",
"form": "la",
"cf": "lā",
"gw": "not",
"sense": "not",
"norm": "lā",
"pos": "MOD",
"epos": "MOD"}
}
,
{
"node": "l",
"frag": "ki-i",
"id": "P238077.l02876",
"ref": "P238077.37.4",
"inst": "kî[if]'MOD",
"sig": "@saao/saa18%akk-x-neobab:ki-i=kī[like//if]PRP'MOD$kî",
"f": {"lang": "akk-x-neobab",
"form": "ki-i",
"cf": "kī",
"gw": "like",
"sense": "if",
"norm": "kî",
"pos": "PRP",
"epos": "MOD"}
}
,
{
"node": "l",
"frag": "i-na",
"id": "P238077.l02877",
"ref": "P238077.37.5",
"inst": "ina[in]PRP",
"sig": "@saao/saa18%akk-x-neobab:i-na=ina[in//in]PRP'PRP$ina",
"f": {"lang": "akk-x-neobab",
"form": "i-na",
"cf": "ina",
"gw": "in",
"sense": "in",
"norm": "ina",
"pos": "PRP",
"epos": "PRP"}
}
,
{
"node": "l",
"frag": "ŠA₃-bi-[šu₂]",
"id": "P238077.l02878",
"ref": "P238077.37.6",
"inst": "+libbu[interior//mind]N'N$libbīšu",
"sig": "@saao/saa18%akk-x-neobab:ŠA₃-bi-šu₂=libbu[interior//mind]N'N$libbīšu",
"f": {"lang": "akk-x-neobab",
"form": "ŠA₃-bi-šu₂",
"cf": "libbu",
"gw": "interior",
"sense": "mind",
"norm": "libbīšu",
"pos": "N",
"epos": "N"}
}
,
{
"node": "d",
"type": "line-start",
"ref": "P238077.38",
"n": "17'",
"label": "r 17'"}
,
{
"node": "l",
"frag": "{1}na-id-{d}AMAR.UTU",
"id": "P238077.l02879",
"ref": "P238077.38.1",
"inst": "Naʾid-Marduk[1]PN",
"sig": "@saao/saa18%akk-x-neobab:{1}na-id-{d}AMAR.UTU=Naʾid-Marduk[1//1]PN'PN$Naʾid-Marduk",
"f": {"lang": "akk-x-neobab",
"form": "{1}na-id-{d}AMAR.UTU",
"cf": "Naʾid-Marduk",
"gw": "1",
"sense": "1",
"norm": "Naʾid-Marduk",
"pos": "PN",
"epos": "PN"}
}
,
{
"node": "l",
"frag": "en-na",
"id": "P238077.l0287a",
"ref": "P238077.38.2",
"inst": "enna[now]AV",
"sig": "@saao/saa18%akk-x-neobab:en-na=enna[now//now]AV'AV$enna",
"f": {"lang": "akk-x-neobab",
"form": "en-na",
"cf": "enna",
"gw": "now",
"sense": "now",
"norm": "enna",
"pos": "AV",
"epos": "AV"}
}
,
{
"node": "l",
"frag": "LUGAL",
"id": "P238077.l0287b",
"ref": "P238077.38.3",
"inst": "šarru[king]N",
"sig": "@saao/saa18%akk-x-neobab:LUGAL=šarru[king//king]N'N$šarru",
"f": {"lang": "akk-x-neobab",
"form": "LUGAL",
"cf": "šarru",
"gw": "king",
"sense": "king",
"norm": "šarru",
"pos": "N",
"epos": "N"}
}
,
{
"node": "l",
"frag": "la",
"id": "P238077.l0287c",
"ref": "P238077.38.4",
"inst": "lā[not]MOD",
"sig": "@saao/saa18%akk-x-neobab:la=lā[not//not]MOD'MOD$lā",
"f": {"lang": "akk-x-neobab",
"form": "la",
"cf": "lā",
"gw": "not",
"sense": "not",
"norm": "lā",
"pos": "MOD",
"epos": "MOD"}
}
,
{
"node": "l",
"frag": "i-qab-bi",
"id": "P238077.l0287d",
"ref": "P238077.38.5",
"inst": "iqabbi[say]V",
"sig": "@saao/saa18%akk-x-neobab:i-qab-bi=qabû[say//say]V'V$iqabbi",
"f": {"lang": "akk-x-neobab",
"form": "i-qab-bi",
"cf": "qabû",
"gw": "say",
"sense": "say",
"norm": "iqabbi",
"pos": "V",
"epos": "V"}
}
,
{
"node": "l",
"frag": "⸢um⸣-[ma]",
"id": "P238077.l0287e",
"ref": "P238077.38.6",
"inst": "umma[saying]PRP",
"sig": "@saao/saa18%akk-x-neobab:um-ma=umma[saying//saying]PRP'PRP$umma",
"f": {"lang": "akk-x-neobab",
"form": "um-ma",
"cf": "umma",
"gw": "saying",
"sense": "saying",
"norm": "umma",
"pos": "PRP",
"epos": "PRP"}
}
,
{
"node": "d",
"type": "line-start",
"ref": "P238077.39",
"n": "18'",
"label": "r 18'"}
,
{
"node": "l",
"frag": "{1}na-id-{d}AMAR.UTU",
"id": "P238077.l0287f",
"ref": "P238077.39.1",
"inst": "Naʾid-Marduk[1]PN",
"sig": "@saao/saa18%akk-x-neobab:{1}na-id-{d}AMAR.UTU=Naʾid-Marduk[1//1]PN'PN$Naʾid-Marduk",
"f": {"lang": "akk-x-neobab",
"form": "{1}na-id-{d}AMAR.UTU",
"cf": "Naʾid-Marduk",
"gw": "1",
"sense": "1",
"norm": "Naʾid-Marduk",
"pos": "PN",
"epos": "PN"}
}
,
{
"node": "l",
"frag": "01.en",
"id": "P238077.l02880",
"ref": "P238077.39.2",
"inst": "iltēn[one]NU",
"sig": "@saao/saa18%akk-x-neobab:01.en=ištēn[one//one]NU'NU$iltēn",
"f": {"lang": "akk-x-neobab",
"form": "01.en",
"cf": "ištēn",
"gw": "one",
"sense": "one",
"norm": "iltēn",
"pos": "NU",
"epos": "NU"}
}
,
{
"node": "l",
"frag": "šu₂-u₂",
"id": "P238077.l02881",
"ref": "P238077.39.3",
"inst": "šû[he]IP",
"sig": "@saao/saa18%akk-x-neobab:šu₂-u₂=šū[he//he]IP'IP$šû",
"f": {"lang": "akk-x-neobab",
"form": "šu₂-u₂",
"cf": "šū",
"gw": "he",
"sense": "he",
"norm": "šû",
"pos": "IP",
"epos": "IP"}
}
,
{
"node": "l",
"frag": "01-me",
"id": "P238077.l02882",
"ref": "P238077.39.4",
"inst": "n",
"f": {"lang": "akk-x-neobab",
"form": "01-me",
"pos": "n"}
}
,
{
"node": "l",
"frag": "01-lim",
"id": "P238077.l02883",
"ref": "P238077.39.5",
"inst": "n",
"f": {"lang": "akk-x-neobab",
"form": "01-lim",
"pos": "n"}
}
,
{
"node": "d",
"type": "line-start",
"ref": "P238077.40",
"n": "19'",
"label": "r 19'"}
,
{
"node": "l",
"frag": "ERIM-MEŠ",
"id": "P238077.l02884",
"ref": "P238077.40.1",
"inst": "ṣābē[troops]N",
"sig": "@saao/saa18%akk-x-neobab:ERIM-MEŠ=ṣābu[people//troops]N'N$ṣābē",
"f": {"lang": "akk-x-neobab",
"form": "ERIM-MEŠ",
"cf": "ṣābu",
"gw": "people",
"sense": "troops",
"norm": "ṣābē",
"pos": "N",
"epos": "N"}
}
,
{
"node": "l",
"frag": "šu₂-u₂",
"id": "P238077.l02885",
"ref": "P238077.40.2",
"inst": "šû[he]IP",
"sig": "@saao/saa18%akk-x-neobab:šu₂-u₂=šū[he//he]IP'IP$šû",
"f": {"lang": "akk-x-neobab",
"form": "šu₂-u₂",
"cf": "šū",
"gw": "he",
"sense": "he",
"norm": "šû",
"pos": "IP",
"epos": "IP"}
}
,
{
"node": "l",
"frag": "a-ni-ni",
"id": "P238077.l02886",
"ref": "P238077.40.3",
"inst": "anīni[we]IP",
"sig": "@saao/saa18%akk-x-neobab:a-ni-ni=anīnu[we//we]IP'IP$anīni",
"f": {"lang": "akk-x-neobab",
"form": "a-ni-ni",
"cf": "anīnu",
"gw": "we",
"sense": "we",
"norm": "anīni",
"pos": "IP",
"epos": "IP"}
}
,
{
"node": "l",
"frag": "ERIM-MEŠ-šu₂",
"id": "P238077.l02887",
"ref": "P238077.40.4",
"inst": "ṣābēšu[troops]N",
"sig": "@saao/saa18%akk-x-neobab:ERIM-MEŠ-šu₂=ṣābu[people//troops]N'N$ṣābēšu",
"f": {"lang": "akk-x-neobab",
"form": "ERIM-MEŠ-šu₂",
"cf": "ṣābu",
"gw": "people",
"sense": "troops",
"norm": "ṣābēšu",
"pos": "N",
"epos": "N"}
}
,
{
"node": "l",
"frag": "la-ŠU.2",
"id": "P238077.l02888",
"ref": "P238077.40.5",
"inst": "la-qāt[from the hand]PRP",
"sig": "@saao/saa18%akk-x-neobab:la-ŠU.2=la-qāt[from the hand//from the hand]PRP'PRP$la-qāt",
"f": {"lang": "akk-x-neobab",
"form": "la-ŠU.2",
"cf": "la-qāt",
"gw": "from the hand",
"sense": "from the hand",
"norm": "la-qāt",
"pos": "PRP",
"epos": "PRP"}
}
,
{
"node": "l",
"frag": "⸢LUGAL⸣",
"id": "P238077.l02889",
"ref": "P238077.40.6",
"inst": "šarri[king]N",
"sig": "@saao/saa18%akk-x-neobab:LUGAL=šarru[king//king]N'N$šarri",
"f": {"lang": "akk-x-neobab",
"form": "LUGAL",
"cf": "šarru",
"gw": "king",
"sense": "king",
"norm": "šarri",
"pos": "N",
"epos": "N"}
}
,
{
"node": "d",
"type": "line-start",
"ref": "P238077.41",
"n": "20'",
"label": "r 20'"}
,
{
"node": "l",
"frag": "be-li₂-i-ni",
"id": "P238077.l0288a",
"ref": "P238077.41.1",
"inst": "bēlīni[lord]N",
"sig": "@saao/saa18%akk-x-neobab:be-li₂-i-ni=bēlu[lord//lord]N'N$bēlīni",
"f": {"lang": "akk-x-neobab",
"form": "be-li₂-i-ni",
"cf": "bēlu",
"gw": "lord",
"sense": "lord",
"norm": "bēlīni",
"pos": "N",
"epos": "N"}
}
,
{
"node": "l",
"frag": "la",
"id": "P238077.l0288b",
"ref": "P238077.41.2",
"inst": "lā[not]MOD",
"sig": "@saao/saa18%akk-x-neobab:la=lā[not//not]MOD'MOD$lā",
"f": {"lang": "akk-x-neobab",
"form": "la",
"cf": "lā",
"gw": "not",
"sense": "not",
"norm": "lā",
"pos": "MOD",
"epos": "MOD"}
}
,
{
"node": "l",
"frag": "ni-i-lu",
"id": "P238077.l0288c",
"ref": "P238077.41.3",
"inst": "+elû[go up//remove]V'V$nīlu",
"sig": "@saao/saa18%akk-x-neobab:ni-i-lu=elû[go up//remove]V'V$nīlu",
"f": {"lang": "akk-x-neobab",
"form": "ni-i-lu",
"cf": "elû",
"gw": "go up",
"sense": "remove",
"norm": "nīlu",
"pos": "V",
"epos": "V"}
}
,
{
"node": "l",
"frag": "u₃",
"id": "P238077.l0288d",
"ref": "P238077.41.4",
"inst": "u[and]CNJ",
"sig": "@saao/saa18%akk-x-neobab:u₃=u[and//and]CNJ'CNJ$u",
"f": {"lang": "akk-x-neobab",
"form": "u₃",
"cf": "u",
"gw": "and",
"sense": "and",
"norm": "u",
"pos": "CNJ",
"epos": "CNJ"}
}
,
{
"node": "l",
"frag": "be-[lu]",
"id": "P238077.l0288e",
"ref": "P238077.41.5",
"inst": "+bēlu[lord]N$",
"sig": "@saao/saa18%akk-x-neobab:be-lu=bēlu[lord//lord]N'N$bēlu",
"f": {"lang": "akk-x-neobab",
"form": "be-lu",
"cf": "bēlu",
"gw": "lord",
"sense": "lord",
"norm": "bēlu",
"pos": "N",
"epos": "N"}
}
,
{
"node": "d",
"type": "line-start",
"ref": "P238077.42",
"n": "21'",
"label": "r 21'"}
,
{
"node": "l",
"frag": "<$x$>",
"id": "P238077.l0288f",
"ref": "P238077.42.1",
"inst": "u",
"f": {"lang": "akk-x-neobab",
"form": "x",
"pos": "u"}
}
,
{
"node": "l",
"frag": "MAN-ma",
"id": "P238077.l02890",
"ref": "P238077.42.2",
"inst": "+šanû[(an)other]AJ$šanamma",
"sig": "@saao/saa18%akk-x-neobab:MAN-ma=šanû[(an)other//(an)other]AJ'AJ$šanamma",
"f": {"lang": "akk-x-neobab",
"form": "MAN-ma",
"cf": "šanû",
"gw": "(an)other",
"sense": "(an)other",
"norm": "šanamma",
"pos": "AJ",
"epos": "AJ"}
}
,
{
"node": "l",
"frag": "la",
"id": "P238077.l02891",
"ref": "P238077.42.3",
"inst": "lā[not]MOD",
"sig": "@saao/saa18%akk-x-neobab:la=lā[not//not]MOD'MOD$lā",
"f": {"lang": "akk-x-neobab",
"form": "la",
"cf": "lā",
"gw": "not",
"sense": "not",
"norm": "lā",
"pos": "MOD",
"epos": "MOD"}
}
,
{
"node": "l",
"frag": "nu-ba-ʾa",
"id": "P238077.l02892",
"ref": "P238077.42.4",
"inst": "+buʾʾû[look for]V$nubaʾʾa",
"sig": "@saao/saa18%akk-x-neobab:nu-ba-ʾa=buʾʾû[look for//look for]V'V$nubaʾʾa",
"f": {"lang": "akk-x-neobab",
"form": "nu-ba-ʾa",
"cf": "buʾʾû",
"gw": "look for",
"sense": "look for",
"norm": "nubaʾʾa",
"pos": "V",
"epos": "V"}
}
,
{
"node": "l",
"frag": "LUGAL",
"id": "P238077.l02893",
"ref": "P238077.42.5",
"inst": "šarru[king]N",
"sig": "@saao/saa18%akk-x-neobab:LUGAL=šarru[king//king]N'N$šarru",
"f": {"lang": "akk-x-neobab",
"form": "LUGAL",
"cf": "šarru",
"gw": "king",
"sense": "king",
"norm": "šarru",
"pos": "N",
"epos": "N"}
}
,
{
"node": "l",
"frag": "⸢be⸣-[li₂-a-ni]",
"id": "P238077.l02894",
"ref": "P238077.42.6",
"inst": "bēlāni[lord]N",
"sig": "@saao/saa18%akk-x-neobab:be-li₂-a-ni=bēlu[lord//lord]N'N$bēlāni",
"f": {"lang": "akk-x-neobab",
"form": "be-li₂-a-ni",
"cf": "bēlu",
"gw": "lord",
"sense": "lord",
"norm": "bēlāni",
"pos": "N",
"epos": "N"}
}
,
{
"node": "d",
"type": "line-start",
"ref": "P238077.43",
"n": "22'",
"label": "r 22'"}
,
{
"node": "l",
"frag": "liš-pur-ra-an-na-ši-ma",
"id": "P238077.l02895",
"ref": "P238077.43.1",
"inst": "+šapāru[send//write]V'V$lišpurannāšīma",
"sig": "@saao/saa18%akk-x-neobab:liš-pur-ra-an-na-ši-ma=šapāru[send//write]V'V$lišpurannāšīma",
"f": {"lang": "akk-x-neobab",
"form": "liš-pur-ra-an-na-ši-ma",
"cf": "šapāru",
"gw": "send",
"sense": "write",
"norm": "lišpurannāšīma",
"pos": "V",
"epos": "V"}
}
,
{
"node": "l",
"frag": "a-⸢na⸣",
"id": "P238077.l02896",
"ref": "P238077.43.2",
"inst": "ana[to]PRP",
"sig": "@saao/saa18%akk-x-neobab:a-na=ana[to//to]PRP'PRP$ana",
"f": {"lang": "akk-x-neobab",
"form": "a-na",
"cf": "ana",
"gw": "to",
"sense": "to",
"norm": "ana",
"pos": "PRP",
"epos": "PRP"}
}
,
{
"node": "l",
"frag": "[x",
"id": "P238077.l02897",
"ref": "P238077.43.3",
"inst": "u",
"f": {"lang": "akk-x-neobab",
"form": "x",
"pos": "u"}
}
,
{
"node": "l",
"frag": "x",
"id": "P238077.l02898",
"ref": "P238077.43.4",
"inst": "u",
"f": {"lang": "akk-x-neobab",
"form": "x",
"pos": "u"}
}
,
{
"node": "l",
"frag": "x]",
"id": "P238077.l02899",
"ref": "P238077.43.5",
"inst": "u",
"f": {"lang": "akk-x-neobab",
"form": "x",
"pos": "u"}
}
,
{
"node": "d",
"subtype": "right",
"type": "surface",
"ref": "P238077.r.e..44",
"type": "right",
"label": "r.e."}
,
{
"node": "d",
"type": "line-start",
"ref": "P238077.45",
"n": "23",
"label": "r.e. 23"}
,
{
"node": "l",
"frag": "be-li₂-i-ni",
"id": "P238077.l0289a",
"ref": "P238077.45.1",
"inst": "bēlīni[lord]N",
"sig": "@saao/saa18%akk-x-neobab:be-li₂-i-ni=bēlu[lord//lord]N'N$bēlīni",
"f": {"lang": "akk-x-neobab",
"form": "be-li₂-i-ni",
"cf": "bēlu",
"gw": "lord",
"sense": "lord",
"norm": "bēlīni",
"pos": "N",
"epos": "N"}
}
,
{
"node": "l",
"frag": "LUGAL",
"id": "P238077.l0289b",
"ref": "P238077.45.2",
"inst": "šarru[king]N",
"sig": "@saao/saa18%akk-x-neobab:LUGAL=šarru[king//king]N'N$šarru",
"f": {"lang": "akk-x-neobab",
"form": "LUGAL",
"cf": "šarru",
"gw": "king",
"sense": "king",
"norm": "šarru",
"pos": "N",
"epos": "N"}
}
,
{
"node": "l",
"frag": "be-li₂-a-⸢ni⸣",
"id": "P238077.l0289c",
"ref": "P238077.45.3",
"inst": "bēlāni[lord]N",
"sig": "@saao/saa18%akk-x-neobab:be-li₂-a-ni=bēlu[lord//lord]N'N$bēlāni",
"f": {"lang": "akk-x-neobab",
"form": "be-li₂-a-ni",
"cf": "bēlu",
"gw": "lord",
"sense": "lord",
"norm": "bēlāni",
"pos": "N",
"epos": "N"}
}
,
{
"node": "l",
"frag": "[x",
"id": "P238077.l0289d",
"ref": "P238077.45.4",
"inst": "u",
"f": {"lang": "akk-x-neobab",
"form": "x",
"pos": "u"}
}
,
{
"node": "l",
"frag": "x",
"id": "P238077.l0289e",
"ref": "P238077.45.5",
"inst": "u",
"f": {"lang": "akk-x-neobab",
"form": "x",
"pos": "u"}
}
,
{
"node": "l",
"frag": "x]",
"id": "P238077.l0289f",
"ref": "P238077.45.6",
"inst": "u",
"f": {"lang": "akk-x-neobab",
"form": "x",
"pos": "u"}
}
,
{
"node": "d",
"type": "line-start",
"ref": "P238077.46",
"n": "24",
"label": "r.e. 24"}
,
{
"node": "l",
"frag": "{d}UTU",
"id": "P238077.l028a0",
"ref": "P238077.46.1",
"inst": "Šamaš[1]DN",
"sig": "@saao/saa18%akk-x-neobab:{d}UTU=Šamaš[1//1]DN'DN$Šamaš",
"f": {"lang": "akk-x-neobab",
"form": "{d}UTU",
"cf": "Šamaš",
"gw": "1",
"sense": "1",
"norm": "Šamaš",
"pos": "DN",
"epos": "DN"}
}
,
{
"node": "l",
"frag": "u",
"id": "P238077.l028a1",
"ref": "P238077.46.2",
"inst": "u[and]CNJ",
"sig": "@saao/saa18%akk-x-neobab:u=u[and//and]CNJ'CNJ$u",
"f": {"lang": "akk-x-neobab",
"form": "u",
"cf": "u",
"gw": "and",
"sense": "and",
"norm": "u",
"pos": "CNJ",
"epos": "CNJ"}
}
,
{
"node": "l",
"frag": "{d}AMAR.UTU",
"id": "P238077.l028a2",
"ref": "P238077.46.3",
"inst": "Marduk[1]DN",
"sig": "@saao/saa18%akk-x-neobab:{d}AMAR.UTU=Marduk[1//1]DN'DN$Marduk",
"f": {"lang": "akk-x-neobab",
"form": "{d}AMAR.UTU",
"cf": "Marduk",
"gw": "1",
"sense": "1",
"norm": "Marduk",
"pos": "DN",
"epos": "DN"}
}
,
{
"node": "l",
"frag": "a-⸢na⸣",
"id": "P238077.l028a3",
"ref": "P238077.46.4",
"inst": "ana[to]PRP",
"sig": "@saao/saa18%akk-x-neobab:a-na=ana[to//to]PRP'PRP$ana",
"f": {"lang": "akk-x-neobab",
"form": "a-na",
"cf": "ana",
"gw": "to",
"sense": "to",
"norm": "ana",
"pos": "PRP",
"epos": "PRP"}
}
,
{
"node": "l",
"frag": "[LUGAL",
"id": "P238077.l028a4",
"ref": "P238077.46.5",
"inst": "šarri[king]N",
"sig": "@saao/saa18%akk-x-neobab:LUGAL=šarru[king//king]N'N$šarri",
"f": {"lang": "akk-x-neobab",
"form": "LUGAL",
"cf": "šarru",
"gw": "king",
"sense": "king",
"norm": "šarri",
"pos": "N",
"epos": "N"}
}
,
{
"node": "l",
"frag": "o]",
"id": "P238077.l028a5",
"ref": "P238077.46.6",
"inst": "u",
"f": {"lang": "akk-x-neobab",
"form": "o",
"pos": "u"}
}
,
{
"node": "d",
"type": "line-start",
"ref": "P238077.47",
"n": "25",
"label": "r.e. 25"}
,
{
"node": "l",
"frag": "be-li₂-i-ni",
"id": "P238077.l028a6",
"ref": "P238077.47.1",
"inst": "bēlīni[lord]N",
"sig": "@saao/saa18%akk-x-neobab:be-li₂-i-ni=bēlu[lord//lord]N'N$bēlīni",
"f": {"lang": "akk-x-neobab",
"form": "be-li₂-i-ni",
"cf": "bēlu",
"gw": "lord",
"sense": "lord",
"norm": "bēlīni",
"pos": "N",
"epos": "N"}
}
,
{
"node": "l",
"frag": "[lik-ru-bu",
"id": "P238077.l028a7",
"ref": "P238077.47.2",
"inst": "likrubū[bless]V",
"sig": "@saao/saa18%akk-x-neobab:lik-ru-bu=karābu[pray//bless]V'V$likrubū",
"f": {"lang": "akk-x-neobab",
"form": "lik-ru-bu",
"cf": "karābu",
"gw": "pray",
"sense": "bless",
"norm": "likrubū",
"pos": "V",
"epos": "V"}
}
,
{
"node": "l",
"frag": "o]",
"id": "P238077.l028a8",
"ref": "P238077.47.3",
"inst": "u",
"f": {"lang": "akk-x-neobab",
"form": "o",
"pos": "u"}
}
]}
]}
]}
]}
