{
"type": "cdl",
  "source": "http://oracc.org/saao/saa18",
  "license": "This data is released under the CC0 license",
  "license-url": "https://creativecommons.org/publicdomain/zero/1.0/",
  "more-info": "http://oracc.org/doc/opendata/",
  "UTC-timestamp": "2017-05-19T12:01:01",
"project": "saao/saa18",
"textid": "P238131",
"cdl": [
{
"node": "c",
"type": "text",
"id": "P238131.U0",
"cdl": [
{
"node": "d",
"type": "object",
"ref": ""}
,
{
"node": "d",
"subtype": "obverse",
"type": "surface",
"ref": "P238131.o.1",
"type": "obverse",
"label": "o"}
,
{
"node": "d",
"type": "nonx",
"ref": "P238131.2",
"strict": "0",
"extent": "beginning",
"state": "missing"}
,
{
"node": "c",
"type": "discourse",
"subtype": "body",
"id": "P238131.U1",
"cdl": [
{
"node": "c",
"type": "sentence",
"id": "P238131.U2",
"label": "o 1' - r 8",
"cdl": [
{
"node": "d",
"type": "line-start",
"ref": "P238131.3",
"n": "1'",
"label": "o 1'"}
,
{
"node": "l",
"frag": "[x",
"id": "P238131.l02adf",
"ref": "P238131.3.1",
"inst": "u",
"f": {"lang": "akk-x-neobab",
"form": "x",
"pos": "u"}
}
,
{
"node": "l",
"frag": "x",
"id": "P238131.l02ae0",
"ref": "P238131.3.2",
"inst": "u",
"f": {"lang": "akk-x-neobab",
"form": "x",
"pos": "u"}
}
,
{
"node": "l",
"frag": "x",
"id": "P238131.l02ae1",
"ref": "P238131.3.3",
"inst": "u",
"f": {"lang": "akk-x-neobab",
"form": "x",
"pos": "u"}
}
,
{
"node": "l",
"frag": "x",
"id": "P238131.l02ae2",
"ref": "P238131.3.4",
"inst": "u",
"f": {"lang": "akk-x-neobab",
"form": "x",
"pos": "u"}
}
,
{
"node": "l",
"frag": "x",
"id": "P238131.l02ae3",
"ref": "P238131.3.5",
"inst": "u",
"f": {"lang": "akk-x-neobab",
"form": "x",
"pos": "u"}
}
,
{
"node": "l",
"frag": "x",
"id": "P238131.l02ae4",
"ref": "P238131.3.6",
"inst": "u",
"f": {"lang": "akk-x-neobab",
"form": "x",
"pos": "u"}
}
,
{
"node": "l",
"frag": "x",
"id": "P238131.l02ae5",
"ref": "P238131.3.7",
"inst": "u",
"f": {"lang": "akk-x-neobab",
"form": "x",
"pos": "u"}
}
,
{
"node": "l",
"frag": "x",
"id": "P238131.l02ae6",
"ref": "P238131.3.8",
"inst": "u",
"f": {"lang": "akk-x-neobab",
"form": "x",
"pos": "u"}
}
,
{
"node": "l",
"frag": "x",
"id": "P238131.l02ae7",
"ref": "P238131.3.9",
"inst": "u",
"f": {"lang": "akk-x-neobab",
"form": "x",
"pos": "u"}
}
,
{
"node": "l",
"frag": "a]-⸢di⸣",
"id": "P238131.l02ae8",
"ref": "P238131.3.10",
"inst": "u",
"f": {"lang": "akk-x-neobab",
"form": "a-di",
"pos": "u"}
}
,
{
"node": "l",
"frag": "i-⸢nam⸣-[x",
"id": "P238131.l02ae9",
"ref": "P238131.3.11",
"inst": "u",
"f": {"lang": "akk-x-neobab",
"form": "i-nam-x",
"pos": "u"}
}
,
{
"node": "l",
"frag": "x]",
"id": "P238131.l02aea",
"ref": "P238131.3.12",
"inst": "u",
"f": {"lang": "akk-x-neobab",
"form": "x",
"pos": "u"}
}
,
{
"node": "d",
"type": "line-start",
"ref": "P238131.4",
"n": "2'",
"label": "o 2'"}
,
{
"node": "l",
"frag": "[x",
"id": "P238131.l02aeb",
"ref": "P238131.4.1",
"inst": "u",
"f": {"lang": "akk-x-neobab",
"form": "x",
"pos": "u"}
}
,
{
"node": "l",
"frag": "x",
"id": "P238131.l02aec",
"ref": "P238131.4.2",
"inst": "u",
"f": {"lang": "akk-x-neobab",
"form": "x",
"pos": "u"}
}
,
{
"node": "l",
"frag": "x",
"id": "P238131.l02aed",
"ref": "P238131.4.3",
"inst": "u",
"f": {"lang": "akk-x-neobab",
"form": "x",
"pos": "u"}
}
,
{
"node": "l",
"frag": "x",
"id": "P238131.l02aee",
"ref": "P238131.4.4",
"inst": "u",
"f": {"lang": "akk-x-neobab",
"form": "x",
"pos": "u"}
}
,
{
"node": "l",
"frag": "x",
"id": "P238131.l02aef",
"ref": "P238131.4.5",
"inst": "u",
"f": {"lang": "akk-x-neobab",
"form": "x",
"pos": "u"}
}
,
{
"node": "l",
"frag": "x",
"id": "P238131.l02af0",
"ref": "P238131.4.6",
"inst": "u",
"f": {"lang": "akk-x-neobab",
"form": "x",
"pos": "u"}
}
,
{
"node": "l",
"frag": "x",
"id": "P238131.l02af1",
"ref": "P238131.4.7",
"inst": "u",
"f": {"lang": "akk-x-neobab",
"form": "x",
"pos": "u"}
}
,
{
"node": "l",
"frag": "x",
"id": "P238131.l02af2",
"ref": "P238131.4.8",
"inst": "u",
"f": {"lang": "akk-x-neobab",
"form": "x",
"pos": "u"}
}
,
{
"node": "l",
"frag": "x",
"id": "P238131.l02af3",
"ref": "P238131.4.9",
"inst": "u",
"f": {"lang": "akk-x-neobab",
"form": "x",
"pos": "u"}
}
,
{
"node": "l",
"frag": "x",
"id": "P238131.l02af4",
"ref": "P238131.4.10",
"inst": "u",
"f": {"lang": "akk-x-neobab",
"form": "x",
"pos": "u"}
}
,
{
"node": "l",
"frag": "{1}qa-na-a",
"id": "P238131.l02af5",
"ref": "P238131.4.11",
"inst": "Qana[1]PN",
"sig": "@saao/saa18%akk-x-neobab:{1}qa-na-a=Qana[1//1]PN'PN$Qana",
"f": {"lang": "akk-x-neobab",
"form": "{1}qa-na-a",
"cf": "Qana",
"gw": "1",
"sense": "1",
"norm": "Qana",
"pos": "PN",
"epos": "PN"}
}
,
{
"node": "l",
"frag": "⸢x⸣+[x",
"id": "P238131.l02af6",
"ref": "P238131.4.12",
"inst": "u",
"f": {"lang": "akk-x-neobab",
"form": "x+x",
"pos": "u"}
}
,
{
"node": "l",
"frag": "x]",
"id": "P238131.l02af7",
"ref": "P238131.4.13",
"inst": "u",
"f": {"lang": "akk-x-neobab",
"form": "x",
"pos": "u"}
}
,
{
"node": "d",
"type": "line-start",
"ref": "P238131.5",
"n": "3'",
"label": "o 3'"}
,
{
"node": "l",
"frag": "[x",
"id": "P238131.l02af8",
"ref": "P238131.5.1",
"inst": "u",
"f": {"lang": "akk-x-neobab",
"form": "x",
"pos": "u"}
}
,
{
"node": "l",
"frag": "x",
"id": "P238131.l02af9",
"ref": "P238131.5.2",
"inst": "u",
"f": {"lang": "akk-x-neobab",
"form": "x",
"pos": "u"}
}
,
{
"node": "l",
"frag": "x",
"id": "P238131.l02afa",
"ref": "P238131.5.3",
"inst": "u",
"f": {"lang": "akk-x-neobab",
"form": "x",
"pos": "u"}
}
,
{
"node": "l",
"frag": "x",
"id": "P238131.l02afb",
"ref": "P238131.5.4",
"inst": "u",
"f": {"lang": "akk-x-neobab",
"form": "x",
"pos": "u"}
}
,
{
"node": "l",
"frag": "x",
"id": "P238131.l02afc",
"ref": "P238131.5.5",
"inst": "u",
"f": {"lang": "akk-x-neobab",
"form": "x",
"pos": "u"}
}
,
{
"node": "l",
"frag": "x",
"id": "P238131.l02afd",
"ref": "P238131.5.6",
"inst": "u",
"f": {"lang": "akk-x-neobab",
"form": "x",
"pos": "u"}
}
,
{
"node": "l",
"frag": "x",
"id": "P238131.l02afe",
"ref": "P238131.5.7",
"inst": "u",
"f": {"lang": "akk-x-neobab",
"form": "x",
"pos": "u"}
}
,
{
"node": "l",
"frag": "x",
"id": "P238131.l02aff",
"ref": "P238131.5.8",
"inst": "u",
"f": {"lang": "akk-x-neobab",
"form": "x",
"pos": "u"}
}
,
{
"node": "l",
"frag": "x",
"id": "P238131.l02b00",
"ref": "P238131.5.9",
"inst": "u",
"f": {"lang": "akk-x-neobab",
"form": "x",
"pos": "u"}
}
,
{
"node": "l",
"frag": "x",
"id": "P238131.l02b01",
"ref": "P238131.5.10",
"inst": "u",
"f": {"lang": "akk-x-neobab",
"form": "x",
"pos": "u"}
}
,
{
"node": "l",
"frag": "x]+⸢x⸣-ma",
"id": "P238131.l02b02",
"ref": "P238131.5.11",
"inst": "u",
"f": {"lang": "akk-x-neobab",
"form": "x+x-ma",
"pos": "u"}
}
,
{
"node": "l",
"frag": "ul",
"id": "P238131.l02b03",
"ref": "P238131.5.12",
"inst": "ul[not]MOD",
"sig": "@saao/saa18%akk-x-neobab:ul=ul[not//not]MOD'MOD$ul",
"f": {"lang": "akk-x-neobab",
"form": "ul",
"cf": "ul",
"gw": "not",
"sense": "not",
"norm": "ul",
"pos": "MOD",
"epos": "MOD"}
}
,
{
"node": "l",
"frag": "id-⸢ku⸣-[u₂]",
"id": "P238131.l02b04",
"ref": "P238131.5.13",
"inst": "+dekû[raise//mobilize]V'V$idkû",
"sig": "@saao/saa18%akk-x-neobab:id-ku-u₂=dekû[raise//mobilize]V'V$idkû",
"f": {"lang": "akk-x-neobab",
"form": "id-ku-u₂",
"cf": "dekû",
"gw": "raise",
"sense": "mobilize",
"norm": "idkû",
"pos": "V",
"epos": "V"}
}
,
{
"node": "d",
"type": "line-start",
"ref": "P238131.6",
"n": "4'",
"label": "o 4'"}
,
{
"node": "l",
"frag": "[x",
"id": "P238131.l02b05",
"ref": "P238131.6.1",
"inst": "u",
"f": {"lang": "akk-x-neobab",
"form": "x",
"pos": "u"}
}
,
{
"node": "l",
"frag": "x",
"id": "P238131.l02b06",
"ref": "P238131.6.2",
"inst": "u",
"f": {"lang": "akk-x-neobab",
"form": "x",
"pos": "u"}
}
,
{
"node": "l",
"frag": "x",
"id": "P238131.l02b07",
"ref": "P238131.6.3",
"inst": "u",
"f": {"lang": "akk-x-neobab",
"form": "x",
"pos": "u"}
}
,
{
"node": "l",
"frag": "x",
"id": "P238131.l02b08",
"ref": "P238131.6.4",
"inst": "u",
"f": {"lang": "akk-x-neobab",
"form": "x",
"pos": "u"}
}
,
{
"node": "l",
"frag": "x",
"id": "P238131.l02b09",
"ref": "P238131.6.5",
"inst": "u",
"f": {"lang": "akk-x-neobab",
"form": "x",
"pos": "u"}
}
,
{
"node": "l",
"frag": "x",
"id": "P238131.l02b0a",
"ref": "P238131.6.6",
"inst": "u",
"f": {"lang": "akk-x-neobab",
"form": "x",
"pos": "u"}
}
,
{
"node": "l",
"frag": "x",
"id": "P238131.l02b0b",
"ref": "P238131.6.7",
"inst": "u",
"f": {"lang": "akk-x-neobab",
"form": "x",
"pos": "u"}
}
,
{
"node": "l",
"frag": "x",
"id": "P238131.l02b0c",
"ref": "P238131.6.8",
"inst": "u",
"f": {"lang": "akk-x-neobab",
"form": "x",
"pos": "u"}
}
,
{
"node": "l",
"frag": "x",
"id": "P238131.l02b0d",
"ref": "P238131.6.9",
"inst": "u",
"f": {"lang": "akk-x-neobab",
"form": "x",
"pos": "u"}
}
,
{
"node": "l",
"frag": "x]+⸢x⸣-u₂",
"id": "P238131.l02b0e",
"ref": "P238131.6.10",
"inst": "u",
"f": {"lang": "akk-x-neobab",
"form": "x+x-u₂",
"pos": "u"}
}
,
{
"node": "l",
"frag": "um-ma",
"id": "P238131.l02b0f",
"ref": "P238131.6.11",
"inst": "umma[saying]PRP",
"sig": "@saao/saa18%akk-x-neobab:um-ma=umma[saying//saying]PRP'PRP$umma",
"f": {"lang": "akk-x-neobab",
"form": "um-ma",
"cf": "umma",
"gw": "saying",
"sense": "saying",
"norm": "umma",
"pos": "PRP",
"epos": "PRP"}
}
,
{
"node": "l",
"frag": "a-ziz-⸢ma⸣",
"id": "P238131.l02b10",
"ref": "P238131.6.12",
"inst": "+izuzzu[stand]V$azzizma",
"sig": "@saao/saa18%akk-x-neobab:a-ziz-ma=izuzzu[stand//stand]V'V$azzizma",
"f": {"lang": "akk-x-neobab",
"form": "a-ziz-ma",
"cf": "izuzzu",
"gw": "stand",
"sense": "stand",
"norm": "azzizma",
"pos": "V",
"epos": "V"}
}
,
{
"node": "d",
"type": "line-start",
"ref": "P238131.7",
"n": "5'",
"label": "o 5'"}
,
{
"node": "l",
"frag": "[x",
"id": "P238131.l02b11",
"ref": "P238131.7.1",
"inst": "u",
"f": {"lang": "akk-x-neobab",
"form": "x",
"pos": "u"}
}
,
{
"node": "l",
"frag": "x",
"id": "P238131.l02b12",
"ref": "P238131.7.2",
"inst": "u",
"f": {"lang": "akk-x-neobab",
"form": "x",
"pos": "u"}
}
,
{
"node": "l",
"frag": "x",
"id": "P238131.l02b13",
"ref": "P238131.7.3",
"inst": "u",
"f": {"lang": "akk-x-neobab",
"form": "x",
"pos": "u"}
}
,
{
"node": "l",
"frag": "x",
"id": "P238131.l02b14",
"ref": "P238131.7.4",
"inst": "u",
"f": {"lang": "akk-x-neobab",
"form": "x",
"pos": "u"}
}
,
{
"node": "l",
"frag": "x",
"id": "P238131.l02b15",
"ref": "P238131.7.5",
"inst": "u",
"f": {"lang": "akk-x-neobab",
"form": "x",
"pos": "u"}
}
,
{
"node": "l",
"frag": "x",
"id": "P238131.l02b16",
"ref": "P238131.7.6",
"inst": "u",
"f": {"lang": "akk-x-neobab",
"form": "x",
"pos": "u"}
}
,
{
"node": "l",
"frag": "x",
"id": "P238131.l02b17",
"ref": "P238131.7.7",
"inst": "u",
"f": {"lang": "akk-x-neobab",
"form": "x",
"pos": "u"}
}
,
{
"node": "l",
"frag": "x",
"id": "P238131.l02b18",
"ref": "P238131.7.8",
"inst": "u",
"f": {"lang": "akk-x-neobab",
"form": "x",
"pos": "u"}
}
,
{
"node": "l",
"frag": "x",
"id": "P238131.l02b19",
"ref": "P238131.7.9",
"inst": "u",
"f": {"lang": "akk-x-neobab",
"form": "x",
"pos": "u"}
}
,
{
"node": "l",
"frag": "x]-⸢li⸣",
"id": "P238131.l02b1a",
"ref": "P238131.7.10",
"inst": "u",
"f": {"lang": "akk-x-neobab",
"form": "x-li",
"pos": "u"}
}
,
{
"node": "l",
"frag": "di-i-ni",
"id": "P238131.l02b1b",
"ref": "P238131.7.11",
"inst": "+dīnu[legal decision]N$dīni",
"sig": "@saao/saa18%akk-x-neobab:di-i-ni=dīnu[legal decision//legal decision]N'N$dīni",
"f": {"lang": "akk-x-neobab",
"form": "di-i-ni",
"cf": "dīnu",
"gw": "legal decision",
"sense": "legal decision",
"norm": "dīni",
"pos": "N",
"epos": "N"}
}
,
{
"node": "l",
"frag": "URU",
"id": "P238131.l02b1c",
"ref": "P238131.7.12",
"inst": "āli[town]N",
"sig": "@saao/saa18%akk-x-neobab:URU=ālu[city//town]N'N$āli",
"f": {"lang": "akk-x-neobab",
"form": "URU",
"cf": "ālu",
"gw": "city",
"sense": "town",
"norm": "āli",
"pos": "N",
"epos": "N"}
}
,
{
"node": "l",
"frag": "⸢ba⸣-[x]",
"id": "P238131.l02b1d",
"ref": "P238131.7.13",
"inst": "u",
"f": {"lang": "akk-x-neobab",
"form": "ba-x",
"pos": "u"}
}
,
{
"node": "d",
"type": "line-start",
"ref": "P238131.8",
"n": "6'",
"label": "o 6'"}
,
{
"node": "l",
"frag": "[x",
"id": "P238131.l02b1e",
"ref": "P238131.8.1",
"inst": "u",
"f": {"lang": "akk-x-neobab",
"form": "x",
"pos": "u"}
}
,
{
"node": "l",
"frag": "x",
"id": "P238131.l02b1f",
"ref": "P238131.8.2",
"inst": "u",
"f": {"lang": "akk-x-neobab",
"form": "x",
"pos": "u"}
}
,
{
"node": "l",
"frag": "x",
"id": "P238131.l02b20",
"ref": "P238131.8.3",
"inst": "u",
"f": {"lang": "akk-x-neobab",
"form": "x",
"pos": "u"}
}
,
{
"node": "l",
"frag": "x",
"id": "P238131.l02b21",
"ref": "P238131.8.4",
"inst": "u",
"f": {"lang": "akk-x-neobab",
"form": "x",
"pos": "u"}
}
,
{
"node": "l",
"frag": "x",
"id": "P238131.l02b22",
"ref": "P238131.8.5",
"inst": "u",
"f": {"lang": "akk-x-neobab",
"form": "x",
"pos": "u"}
}
,
{
"node": "l",
"frag": "x",
"id": "P238131.l02b23",
"ref": "P238131.8.6",
"inst": "u",
"f": {"lang": "akk-x-neobab",
"form": "x",
"pos": "u"}
}
,
{
"node": "l",
"frag": "x",
"id": "P238131.l02b24",
"ref": "P238131.8.7",
"inst": "u",
"f": {"lang": "akk-x-neobab",
"form": "x",
"pos": "u"}
}
,
{
"node": "l",
"frag": "x",
"id": "P238131.l02b25",
"ref": "P238131.8.8",
"inst": "u",
"f": {"lang": "akk-x-neobab",
"form": "x",
"pos": "u"}
}
,
{
"node": "l",
"frag": "x",
"id": "P238131.l02b26",
"ref": "P238131.8.9",
"inst": "u",
"f": {"lang": "akk-x-neobab",
"form": "x",
"pos": "u"}
}
,
{
"node": "l",
"frag": "x]-⸢MEŠ⸣-ni",
"id": "P238131.l02b27",
"ref": "P238131.8.10",
"inst": "u",
"f": {"lang": "akk-x-neobab",
"form": "x-MEŠ-ni",
"pos": "u"}
}
,
{
"node": "l",
"frag": "a-na",
"id": "P238131.l02b28",
"ref": "P238131.8.11",
"inst": "ana[to]PRP",
"sig": "@saao/saa18%akk-x-neobab:a-na=ana[to//to]PRP'PRP$ana",
"f": {"lang": "akk-x-neobab",
"form": "a-na",
"cf": "ana",
"gw": "to",
"sense": "to",
"norm": "ana",
"pos": "PRP",
"epos": "PRP"}
}
,
{
"node": "l",
"frag": "pa-ni-ni",
"id": "P238131.l02b29",
"ref": "P238131.8.12",
"inst": "pānīni[front]N",
"sig": "@saao/saa18%akk-x-neobab:pa-ni-ni=pānu[front//front]N'N$pānīni",
"f": {"lang": "akk-x-neobab",
"form": "pa-ni-ni",
"cf": "pānu",
"gw": "front",
"sense": "front",
"norm": "pānīni",
"pos": "N",
"epos": "N"}
}
,
{
"node": "d",
"type": "line-start",
"ref": "P238131.9",
"n": "7'",
"label": "o 7'"}
,
{
"node": "l",
"frag": "[x",
"id": "P238131.l02b2a",
"ref": "P238131.9.1",
"inst": "u",
"f": {"lang": "akk-x-neobab",
"form": "x",
"pos": "u"}
}
,
{
"node": "l",
"frag": "x",
"id": "P238131.l02b2b",
"ref": "P238131.9.2",
"inst": "u",
"f": {"lang": "akk-x-neobab",
"form": "x",
"pos": "u"}
}
,
{
"node": "l",
"frag": "x",
"id": "P238131.l02b2c",
"ref": "P238131.9.3",
"inst": "u",
"f": {"lang": "akk-x-neobab",
"form": "x",
"pos": "u"}
}
,
{
"node": "l",
"frag": "x",
"id": "P238131.l02b2d",
"ref": "P238131.9.4",
"inst": "u",
"f": {"lang": "akk-x-neobab",
"form": "x",
"pos": "u"}
}
,
{
"node": "l",
"frag": "x",
"id": "P238131.l02b2e",
"ref": "P238131.9.5",
"inst": "u",
"f": {"lang": "akk-x-neobab",
"form": "x",
"pos": "u"}
}
,
{
"node": "l",
"frag": "x",
"id": "P238131.l02b2f",
"ref": "P238131.9.6",
"inst": "u",
"f": {"lang": "akk-x-neobab",
"form": "x",
"pos": "u"}
}
,
{
"node": "l",
"frag": "x",
"id": "P238131.l02b30",
"ref": "P238131.9.7",
"inst": "u",
"f": {"lang": "akk-x-neobab",
"form": "x",
"pos": "u"}
}
,
{
"node": "l",
"frag": "x",
"id": "P238131.l02b31",
"ref": "P238131.9.8",
"inst": "u",
"f": {"lang": "akk-x-neobab",
"form": "x",
"pos": "u"}
}
,
{
"node": "l",
"frag": "x",
"id": "P238131.l02b32",
"ref": "P238131.9.9",
"inst": "u",
"f": {"lang": "akk-x-neobab",
"form": "x",
"pos": "u"}
}
,
{
"node": "l",
"frag": "x]+⸢x⸣-ma",
"id": "P238131.l02b33",
"ref": "P238131.9.10",
"inst": "u",
"f": {"lang": "akk-x-neobab",
"form": "x+x-ma",
"pos": "u"}
}
,
{
"node": "l",
"frag": "{1}{d}PA-DUMU-LUGAL-ŠEŠ",
"id": "P238131.l02b34",
"ref": "P238131.9.11",
"inst": "+Nabu-mar-šarri-uṣur[]PN$",
"sig": "@saao/saa18%akk-x-neobab:{1}{d}PA-DUMU-LUGAL-ŠEŠ=Nabu-mar-šarri-uṣur[1//1]PN'PN$Nabu-mar-šarri-uṣur",
"f": {"lang": "akk-x-neobab",
"form": "{1}{d}PA-DUMU-LUGAL-ŠEŠ",
"cf": "Nabu-mar-šarri-uṣur",
"gw": "1",
"sense": "1",
"norm": "Nabu-mar-šarri-uṣur",
"pos": "PN",
"epos": "PN"}
}
,
{
"node": "d",
"type": "line-start",
"ref": "P238131.10",
"n": "8'",
"label": "o 8'"}
,
{
"node": "l",
"frag": "[x",
"id": "P238131.l02b35",
"ref": "P238131.10.1",
"inst": "u",
"f": {"lang": "akk-x-neobab",
"form": "x",
"pos": "u"}
}
,
{
"node": "l",
"frag": "x",
"id": "P238131.l02b36",
"ref": "P238131.10.2",
"inst": "u",
"f": {"lang": "akk-x-neobab",
"form": "x",
"pos": "u"}
}
,
{
"node": "l",
"frag": "x",
"id": "P238131.l02b37",
"ref": "P238131.10.3",
"inst": "u",
"f": {"lang": "akk-x-neobab",
"form": "x",
"pos": "u"}
}
,
{
"node": "l",
"frag": "x",
"id": "P238131.l02b38",
"ref": "P238131.10.4",
"inst": "u",
"f": {"lang": "akk-x-neobab",
"form": "x",
"pos": "u"}
}
,
{
"node": "l",
"frag": "x",
"id": "P238131.l02b39",
"ref": "P238131.10.5",
"inst": "u",
"f": {"lang": "akk-x-neobab",
"form": "x",
"pos": "u"}
}
,
{
"node": "l",
"frag": "x",
"id": "P238131.l02b3a",
"ref": "P238131.10.6",
"inst": "u",
"f": {"lang": "akk-x-neobab",
"form": "x",
"pos": "u"}
}
,
{
"node": "l",
"frag": "x",
"id": "P238131.l02b3b",
"ref": "P238131.10.7",
"inst": "u",
"f": {"lang": "akk-x-neobab",
"form": "x",
"pos": "u"}
}
,
{
"node": "l",
"frag": "x",
"id": "P238131.l02b3c",
"ref": "P238131.10.8",
"inst": "u",
"f": {"lang": "akk-x-neobab",
"form": "x",
"pos": "u"}
}
,
{
"node": "l",
"frag": "a-na]",
"id": "P238131.l02b3d",
"ref": "P238131.10.9",
"inst": "ana[to]PRP",
"sig": "@saao/saa18%akk-x-neobab:a-na=ana[to//to]PRP'PRP$ana",
"f": {"lang": "akk-x-neobab",
"form": "a-na",
"cf": "ana",
"gw": "to",
"sense": "to",
"norm": "ana",
"pos": "PRP",
"epos": "PRP"}
}
,
{
"node": "l",
"frag": "⸢pa⸣-ni-ni",
"id": "P238131.l02b3e",
"ref": "P238131.10.10",
"inst": "pānīni[front]N",
"sig": "@saao/saa18%akk-x-neobab:pa-ni-ni=pānu[front//front]N'N$pānīni",
"f": {"lang": "akk-x-neobab",
"form": "pa-ni-ni",
"cf": "pānu",
"gw": "front",
"sense": "front",
"norm": "pānīni",
"pos": "N",
"epos": "N"}
}
,
{
"node": "l",
"frag": "it-tal-ka",
"id": "P238131.l02b3f",
"ref": "P238131.10.11",
"inst": "ittalka[come]V",
"sig": "@saao/saa18%akk-x-neobab:it-tal-ka=alāku[go//come]V'V$ittalka",
"f": {"lang": "akk-x-neobab",
"form": "it-tal-ka",
"cf": "alāku",
"gw": "go",
"sense": "come",
"norm": "ittalka",
"pos": "V",
"epos": "V"}
}
,
{
"node": "d",
"type": "line-start",
"ref": "P238131.11",
"n": "9'",
"label": "o 9'"}
,
{
"node": "l",
"frag": "[x",
"id": "P238131.l02b40",
"ref": "P238131.11.1",
"inst": "u",
"f": {"lang": "akk-x-neobab",
"form": "x",
"pos": "u"}
}
,
{
"node": "l",
"frag": "x",
"id": "P238131.l02b41",
"ref": "P238131.11.2",
"inst": "u",
"f": {"lang": "akk-x-neobab",
"form": "x",
"pos": "u"}
}
,
{
"node": "l",
"frag": "x",
"id": "P238131.l02b42",
"ref": "P238131.11.3",
"inst": "u",
"f": {"lang": "akk-x-neobab",
"form": "x",
"pos": "u"}
}
,
{
"node": "l",
"frag": "x",
"id": "P238131.l02b43",
"ref": "P238131.11.4",
"inst": "u",
"f": {"lang": "akk-x-neobab",
"form": "x",
"pos": "u"}
}
,
{
"node": "l",
"frag": "x",
"id": "P238131.l02b44",
"ref": "P238131.11.5",
"inst": "u",
"f": {"lang": "akk-x-neobab",
"form": "x",
"pos": "u"}
}
,
{
"node": "l",
"frag": "x",
"id": "P238131.l02b45",
"ref": "P238131.11.6",
"inst": "u",
"f": {"lang": "akk-x-neobab",
"form": "x",
"pos": "u"}
}
,
{
"node": "l",
"frag": "x",
"id": "P238131.l02b46",
"ref": "P238131.11.7",
"inst": "u",
"f": {"lang": "akk-x-neobab",
"form": "x",
"pos": "u"}
}
,
{
"node": "l",
"frag": "x",
"id": "P238131.l02b47",
"ref": "P238131.11.8",
"inst": "u",
"f": {"lang": "akk-x-neobab",
"form": "x",
"pos": "u"}
}
,
{
"node": "l",
"frag": "x",
"id": "P238131.l02b48",
"ref": "P238131.11.9",
"inst": "u",
"f": {"lang": "akk-x-neobab",
"form": "x",
"pos": "u"}
}
,
{
"node": "l",
"frag": "x]+⸢x⸣",
"id": "P238131.l02b49",
"ref": "P238131.11.10",
"inst": "u",
"f": {"lang": "akk-x-neobab",
"form": "x+x",
"pos": "u"}
}
,
{
"node": "l",
"frag": "um-ma",
"id": "P238131.l02b4a",
"ref": "P238131.11.11",
"inst": "umma[saying]PRP",
"sig": "@saao/saa18%akk-x-neobab:um-ma=umma[saying//saying]PRP'PRP$umma",
"f": {"lang": "akk-x-neobab",
"form": "um-ma",
"cf": "umma",
"gw": "saying",
"sense": "saying",
"norm": "umma",
"pos": "PRP",
"epos": "PRP"}
}
,
{
"node": "l",
"frag": "LUGAL",
"id": "P238131.l02b4b",
"ref": "P238131.11.12",
"inst": "šarru[king]N",
"sig": "@saao/saa18%akk-x-neobab:LUGAL=šarru[king//king]N'N$šarru",
"f": {"lang": "akk-x-neobab",
"form": "LUGAL",
"cf": "šarru",
"gw": "king",
"sense": "king",
"norm": "šarru",
"pos": "N",
"epos": "N"}
}
,
{
"node": "l",
"frag": "MU",
"id": "P238131.l02b4c",
"ref": "P238131.11.13",
"inst": "+nīšu[(oath on the) life]N$nīš",
"sig": "@saao/saa18%akk-x-neobab:MU=nīšu[(oath on the) life//(oath on the) life]N'N$nīš",
"f": {"lang": "akk-x-neobab",
"form": "MU",
"cf": "nīšu",
"gw": "(oath on the) life",
"sense": "(oath on the) life",
"norm": "nīš",
"pos": "N",
"epos": "N"}
}
,
{
"node": "l",
"frag": "DINGIR-MEŠ",
"id": "P238131.l02b4d",
"ref": "P238131.11.14",
"inst": "ilāni[god]N",
"sig": "@saao/saa18%akk-x-neobab:DINGIR-MEŠ=ilu[god//god]N'N$ilāni",
"f": {"lang": "akk-x-neobab",
"form": "DINGIR-MEŠ",
"cf": "ilu",
"gw": "god",
"sense": "god",
"norm": "ilāni",
"pos": "N",
"epos": "N"}
}
,
{
"node": "d",
"type": "line-start",
"ref": "P238131.12",
"n": "10'",
"label": "o 10'"}
,
{
"node": "l",
"frag": "[x",
"id": "P238131.l02b4e",
"ref": "P238131.12.1",
"inst": "u",
"f": {"lang": "akk-x-neobab",
"form": "x",
"pos": "u"}
}
,
{
"node": "l",
"frag": "x",
"id": "P238131.l02b4f",
"ref": "P238131.12.2",
"inst": "u",
"f": {"lang": "akk-x-neobab",
"form": "x",
"pos": "u"}
}
,
{
"node": "l",
"frag": "x",
"id": "P238131.l02b50",
"ref": "P238131.12.3",
"inst": "u",
"f": {"lang": "akk-x-neobab",
"form": "x",
"pos": "u"}
}
,
{
"node": "l",
"frag": "x",
"id": "P238131.l02b51",
"ref": "P238131.12.4",
"inst": "u",
"f": {"lang": "akk-x-neobab",
"form": "x",
"pos": "u"}
}
,
{
"node": "l",
"frag": "x",
"id": "P238131.l02b52",
"ref": "P238131.12.5",
"inst": "u",
"f": {"lang": "akk-x-neobab",
"form": "x",
"pos": "u"}
}
,
{
"node": "l",
"frag": "x",
"id": "P238131.l02b53",
"ref": "P238131.12.6",
"inst": "u",
"f": {"lang": "akk-x-neobab",
"form": "x",
"pos": "u"}
}
,
{
"node": "l",
"frag": "x",
"id": "P238131.l02b54",
"ref": "P238131.12.7",
"inst": "u",
"f": {"lang": "akk-x-neobab",
"form": "x",
"pos": "u"}
}
,
{
"node": "l",
"frag": "x",
"id": "P238131.l02b55",
"ref": "P238131.12.8",
"inst": "u",
"f": {"lang": "akk-x-neobab",
"form": "x",
"pos": "u"}
}
,
{
"node": "l",
"frag": "x",
"id": "P238131.l02b56",
"ref": "P238131.12.9",
"inst": "u",
"f": {"lang": "akk-x-neobab",
"form": "x",
"pos": "u"}
}
,
{
"node": "l",
"frag": "x]",
"id": "P238131.l02b57",
"ref": "P238131.12.10",
"inst": "u",
"f": {"lang": "akk-x-neobab",
"form": "x",
"pos": "u"}
}
,
{
"node": "l",
"frag": "a-di",
"id": "P238131.l02b58",
"ref": "P238131.12.11",
"inst": "adi[until]'SBJ",
"sig": "@saao/saa18%akk-x-neobab:a-di=adi[until//until]PRP'SBJ$adi",
"f": {"lang": "akk-x-neobab",
"form": "a-di",
"cf": "adi",
"gw": "until",
"sense": "until",
"norm": "adi",
"pos": "PRP",
"epos": "SBJ"}
}
,
{
"node": "l",
"frag": "{1}na-id-{d}AMAR.UTU",
"id": "P238131.l02b59",
"ref": "P238131.12.12",
"inst": "Naʾid-Marduk[1]PN",
"sig": "@saao/saa18%akk-x-neobab:{1}na-id-{d}AMAR.UTU=Naʾid-Marduk[1//1]PN'PN$Naʾid-Marduk",
"f": {"lang": "akk-x-neobab",
"form": "{1}na-id-{d}AMAR.UTU",
"cf": "Naʾid-Marduk",
"gw": "1",
"sense": "1",
"norm": "Naʾid-Marduk",
"pos": "PN",
"epos": "PN"}
}
,
{
"node": "d",
"subtype": "reverse",
"type": "surface",
"ref": "P238131.r.13",
"type": "reverse",
"label": "r"}
,
{
"node": "d",
"type": "line-start",
"ref": "P238131.14",
"n": "1",
"label": "r 1"}
,
{
"node": "l",
"frag": "[x",
"id": "P238131.l02b5a",
"ref": "P238131.14.1",
"inst": "u",
"f": {"lang": "akk-x-neobab",
"form": "x",
"pos": "u"}
}
,
{
"node": "l",
"frag": "x",
"id": "P238131.l02b5b",
"ref": "P238131.14.2",
"inst": "u",
"f": {"lang": "akk-x-neobab",
"form": "x",
"pos": "u"}
}
,
{
"node": "l",
"frag": "x",
"id": "P238131.l02b5c",
"ref": "P238131.14.3",
"inst": "u",
"f": {"lang": "akk-x-neobab",
"form": "x",
"pos": "u"}
}
,
{
"node": "l",
"frag": "x",
"id": "P238131.l02b5d",
"ref": "P238131.14.4",
"inst": "u",
"f": {"lang": "akk-x-neobab",
"form": "x",
"pos": "u"}
}
,
{
"node": "l",
"frag": "x",
"id": "P238131.l02b5e",
"ref": "P238131.14.5",
"inst": "u",
"f": {"lang": "akk-x-neobab",
"form": "x",
"pos": "u"}
}
,
{
"node": "l",
"frag": "x",
"id": "P238131.l02b5f",
"ref": "P238131.14.6",
"inst": "u",
"f": {"lang": "akk-x-neobab",
"form": "x",
"pos": "u"}
}
,
{
"node": "l",
"frag": "x",
"id": "P238131.l02b60",
"ref": "P238131.14.7",
"inst": "u",
"f": {"lang": "akk-x-neobab",
"form": "x",
"pos": "u"}
}
,
{
"node": "l",
"frag": "x",
"id": "P238131.l02b61",
"ref": "P238131.14.8",
"inst": "u",
"f": {"lang": "akk-x-neobab",
"form": "x",
"pos": "u"}
}
,
{
"node": "l",
"frag": "x",
"id": "P238131.l02b62",
"ref": "P238131.14.9",
"inst": "u",
"f": {"lang": "akk-x-neobab",
"form": "x",
"pos": "u"}
}
,
{
"node": "l",
"frag": "x",
"id": "P238131.l02b63",
"ref": "P238131.14.10",
"inst": "u",
"f": {"lang": "akk-x-neobab",
"form": "x",
"pos": "u"}
}
,
{
"node": "l",
"frag": "x]+⸢x⸣-šu₂",
"id": "P238131.l02b64",
"ref": "P238131.14.11",
"inst": "u",
"f": {"lang": "akk-x-neobab",
"form": "x+x-šu₂",
"pos": "u"}
}
,
{
"node": "l",
"frag": "a-šap-par",
"id": "P238131.l02b65",
"ref": "P238131.14.12",
"inst": "ašappar[send]V",
"sig": "@saao/saa18%akk-x-neobab:a-šap-par=šapāru[send//send]V'V$ašappar",
"f": {"lang": "akk-x-neobab",
"form": "a-šap-par",
"cf": "šapāru",
"gw": "send",
"sense": "send",
"norm": "ašappar",
"pos": "V",
"epos": "V"}
}
,
{
"node": "d",
"type": "line-start",
"ref": "P238131.15",
"n": "2",
"label": "r 2"}
,
{
"node": "l",
"frag": "[x",
"id": "P238131.l02b66",
"ref": "P238131.15.1",
"inst": "u",
"f": {"lang": "akk-x-neobab",
"form": "x",
"pos": "u"}
}
,
{
"node": "l",
"frag": "x",
"id": "P238131.l02b67",
"ref": "P238131.15.2",
"inst": "u",
"f": {"lang": "akk-x-neobab",
"form": "x",
"pos": "u"}
}
,
{
"node": "l",
"frag": "x",
"id": "P238131.l02b68",
"ref": "P238131.15.3",
"inst": "u",
"f": {"lang": "akk-x-neobab",
"form": "x",
"pos": "u"}
}
,
{
"node": "l",
"frag": "x",
"id": "P238131.l02b69",
"ref": "P238131.15.4",
"inst": "u",
"f": {"lang": "akk-x-neobab",
"form": "x",
"pos": "u"}
}
,
{
"node": "l",
"frag": "x",
"id": "P238131.l02b6a",
"ref": "P238131.15.5",
"inst": "u",
"f": {"lang": "akk-x-neobab",
"form": "x",
"pos": "u"}
}
,
{
"node": "l",
"frag": "x",
"id": "P238131.l02b6b",
"ref": "P238131.15.6",
"inst": "u",
"f": {"lang": "akk-x-neobab",
"form": "x",
"pos": "u"}
}
,
{
"node": "l",
"frag": "x",
"id": "P238131.l02b6c",
"ref": "P238131.15.7",
"inst": "u",
"f": {"lang": "akk-x-neobab",
"form": "x",
"pos": "u"}
}
,
{
"node": "l",
"frag": "x",
"id": "P238131.l02b6d",
"ref": "P238131.15.8",
"inst": "u",
"f": {"lang": "akk-x-neobab",
"form": "x",
"pos": "u"}
}
,
{
"node": "l",
"frag": "x",
"id": "P238131.l02b6e",
"ref": "P238131.15.9",
"inst": "u",
"f": {"lang": "akk-x-neobab",
"form": "x",
"pos": "u"}
}
,
{
"node": "l",
"frag": "x]",
"id": "P238131.l02b6f",
"ref": "P238131.15.10",
"inst": "u",
"f": {"lang": "akk-x-neobab",
"form": "x",
"pos": "u"}
}
,
{
"node": "l",
"frag": "be-li₂-i-ni",
"id": "P238131.l02b70",
"ref": "P238131.15.11",
"inst": "bēlīni[lord]N",
"sig": "@saao/saa18%akk-x-neobab:be-li₂-i-ni=bēlu[lord//lord]N'N$bēlīni",
"f": {"lang": "akk-x-neobab",
"form": "be-li₂-i-ni",
"cf": "bēlu",
"gw": "lord",
"sense": "lord",
"norm": "bēlīni",
"pos": "N",
"epos": "N"}
}
,
{
"node": "d",
"type": "line-start",
"ref": "P238131.16",
"n": "3",
"label": "r 3"}
,
{
"node": "l",
"frag": "[x",
"id": "P238131.l02b71",
"ref": "P238131.16.1",
"inst": "u",
"f": {"lang": "akk-x-neobab",
"form": "x",
"pos": "u"}
}
,
{
"node": "l",
"frag": "x",
"id": "P238131.l02b72",
"ref": "P238131.16.2",
"inst": "u",
"f": {"lang": "akk-x-neobab",
"form": "x",
"pos": "u"}
}
,
{
"node": "l",
"frag": "x",
"id": "P238131.l02b73",
"ref": "P238131.16.3",
"inst": "u",
"f": {"lang": "akk-x-neobab",
"form": "x",
"pos": "u"}
}
,
{
"node": "l",
"frag": "x",
"id": "P238131.l02b74",
"ref": "P238131.16.4",
"inst": "u",
"f": {"lang": "akk-x-neobab",
"form": "x",
"pos": "u"}
}
,
{
"node": "l",
"frag": "x",
"id": "P238131.l02b75",
"ref": "P238131.16.5",
"inst": "u",
"f": {"lang": "akk-x-neobab",
"form": "x",
"pos": "u"}
}
,
{
"node": "l",
"frag": "x",
"id": "P238131.l02b76",
"ref": "P238131.16.6",
"inst": "u",
"f": {"lang": "akk-x-neobab",
"form": "x",
"pos": "u"}
}
,
{
"node": "l",
"frag": "x",
"id": "P238131.l02b77",
"ref": "P238131.16.7",
"inst": "u",
"f": {"lang": "akk-x-neobab",
"form": "x",
"pos": "u"}
}
,
{
"node": "l",
"frag": "x",
"id": "P238131.l02b78",
"ref": "P238131.16.8",
"inst": "u",
"f": {"lang": "akk-x-neobab",
"form": "x",
"pos": "u"}
}
,
{
"node": "l",
"frag": "x",
"id": "P238131.l02b79",
"ref": "P238131.16.9",
"inst": "u",
"f": {"lang": "akk-x-neobab",
"form": "x",
"pos": "u"}
}
,
{
"node": "l",
"frag": "x]+⸢x⸣",
"id": "P238131.l02b7a",
"ref": "P238131.16.10",
"inst": "u",
"f": {"lang": "akk-x-neobab",
"form": "x+x",
"pos": "u"}
}
,
{
"node": "l",
"frag": "ni-it-tal-ka",
"id": "P238131.l02b7b",
"ref": "P238131.16.11",
"inst": "+alāku[go//come]V'V$nittalka",
"sig": "@saao/saa18%akk-x-neobab:ni-it-tal-ka=alāku[go//come]V'V$nittalka",
"f": {"lang": "akk-x-neobab",
"form": "ni-it-tal-ka",
"cf": "alāku",
"gw": "go",
"sense": "come",
"norm": "nittalka",
"pos": "V",
"epos": "V"}
}
,
{
"node": "d",
"type": "line-start",
"ref": "P238131.17",
"n": "4",
"label": "r 4"}
,
{
"node": "l",
"frag": "[x",
"id": "P238131.l02b7c",
"ref": "P238131.17.1",
"inst": "u",
"f": {"lang": "akk-x-neobab",
"form": "x",
"pos": "u"}
}
,
{
"node": "l",
"frag": "x",
"id": "P238131.l02b7d",
"ref": "P238131.17.2",
"inst": "u",
"f": {"lang": "akk-x-neobab",
"form": "x",
"pos": "u"}
}
,
{
"node": "l",
"frag": "x",
"id": "P238131.l02b7e",
"ref": "P238131.17.3",
"inst": "u",
"f": {"lang": "akk-x-neobab",
"form": "x",
"pos": "u"}
}
,
{
"node": "l",
"frag": "x",
"id": "P238131.l02b7f",
"ref": "P238131.17.4",
"inst": "u",
"f": {"lang": "akk-x-neobab",
"form": "x",
"pos": "u"}
}
,
{
"node": "l",
"frag": "x",
"id": "P238131.l02b80",
"ref": "P238131.17.5",
"inst": "u",
"f": {"lang": "akk-x-neobab",
"form": "x",
"pos": "u"}
}
,
{
"node": "l",
"frag": "x",
"id": "P238131.l02b81",
"ref": "P238131.17.6",
"inst": "u",
"f": {"lang": "akk-x-neobab",
"form": "x",
"pos": "u"}
}
,
{
"node": "l",
"frag": "x",
"id": "P238131.l02b82",
"ref": "P238131.17.7",
"inst": "u",
"f": {"lang": "akk-x-neobab",
"form": "x",
"pos": "u"}
}
,
{
"node": "l",
"frag": "x",
"id": "P238131.l02b83",
"ref": "P238131.17.8",
"inst": "u",
"f": {"lang": "akk-x-neobab",
"form": "x",
"pos": "u"}
}
,
{
"node": "l",
"frag": "x",
"id": "P238131.l02b84",
"ref": "P238131.17.9",
"inst": "u",
"f": {"lang": "akk-x-neobab",
"form": "x",
"pos": "u"}
}
,
{
"node": "l",
"frag": "x]-⸢lah₃⸣",
"id": "P238131.l02b85",
"ref": "P238131.17.10",
"inst": "u",
"f": {"lang": "akk-x-neobab",
"form": "x-lah₃",
"pos": "u"}
}
,
{
"node": "l",
"frag": "a-na",
"id": "P238131.l02b86",
"ref": "P238131.17.11",
"inst": "ana[to]PRP",
"sig": "@saao/saa18%akk-x-neobab:a-na=ana[to//to]PRP'PRP$ana",
"f": {"lang": "akk-x-neobab",
"form": "a-na",
"cf": "ana",
"gw": "to",
"sense": "to",
"norm": "ana",
"pos": "PRP",
"epos": "PRP"}
}
,
{
"node": "l",
"frag": "ID₂",
"id": "P238131.l02b87",
"ref": "P238131.17.12",
"inst": "nāri[river]N",
"sig": "@saao/saa18%akk-x-neobab:ID₂=nāru[river//river]N'N$nāri",
"f": {"lang": "akk-x-neobab",
"form": "ID₂",
"cf": "nāru",
"gw": "river",
"sense": "river",
"norm": "nāri",
"pos": "N",
"epos": "N"}
}
,
{
"node": "d",
"type": "line-start",
"ref": "P238131.18",
"n": "5",
"label": "r 5"}
,
{
"node": "l",
"frag": "[x",
"id": "P238131.l02b88",
"ref": "P238131.18.1",
"inst": "u",
"f": {"lang": "akk-x-neobab",
"form": "x",
"pos": "u"}
}
,
{
"node": "l",
"frag": "x",
"id": "P238131.l02b89",
"ref": "P238131.18.2",
"inst": "u",
"f": {"lang": "akk-x-neobab",
"form": "x",
"pos": "u"}
}
,
{
"node": "l",
"frag": "x",
"id": "P238131.l02b8a",
"ref": "P238131.18.3",
"inst": "u",
"f": {"lang": "akk-x-neobab",
"form": "x",
"pos": "u"}
}
,
{
"node": "l",
"frag": "x",
"id": "P238131.l02b8b",
"ref": "P238131.18.4",
"inst": "u",
"f": {"lang": "akk-x-neobab",
"form": "x",
"pos": "u"}
}
,
{
"node": "l",
"frag": "x",
"id": "P238131.l02b8c",
"ref": "P238131.18.5",
"inst": "u",
"f": {"lang": "akk-x-neobab",
"form": "x",
"pos": "u"}
}
,
{
"node": "l",
"frag": "x",
"id": "P238131.l02b8d",
"ref": "P238131.18.6",
"inst": "u",
"f": {"lang": "akk-x-neobab",
"form": "x",
"pos": "u"}
}
,
{
"node": "l",
"frag": "x",
"id": "P238131.l02b8e",
"ref": "P238131.18.7",
"inst": "u",
"f": {"lang": "akk-x-neobab",
"form": "x",
"pos": "u"}
}
,
{
"node": "l",
"frag": "x",
"id": "P238131.l02b8f",
"ref": "P238131.18.8",
"inst": "u",
"f": {"lang": "akk-x-neobab",
"form": "x",
"pos": "u"}
}
,
{
"node": "l",
"frag": "x",
"id": "P238131.l02b90",
"ref": "P238131.18.9",
"inst": "u",
"f": {"lang": "akk-x-neobab",
"form": "x",
"pos": "u"}
}
,
{
"node": "l",
"frag": "x",
"id": "P238131.l02b91",
"ref": "P238131.18.10",
"inst": "u",
"f": {"lang": "akk-x-neobab",
"form": "x",
"pos": "u"}
}
,
{
"node": "l",
"frag": "x]+⸢x⸣",
"id": "P238131.l02b92",
"ref": "P238131.18.11",
"inst": "u",
"f": {"lang": "akk-x-neobab",
"form": "x+x",
"pos": "u"}
}
,
{
"node": "l",
"frag": "a-mat",
"id": "P238131.l02b93",
"ref": "P238131.18.12",
"inst": "amat[word]N",
"sig": "@saao/saa18%akk-x-neobab:a-mat=awātu[word//matter]N'N$amat",
"f": {"lang": "akk-x-neobab",
"form": "a-mat",
"cf": "awātu",
"gw": "word",
"sense": "matter",
"norm": "amat",
"pos": "N",
"epos": "N"}
}
,
{
"node": "l",
"frag": "ša₂",
"id": "P238131.l02b94",
"ref": "P238131.18.13",
"inst": "ša[of]DET",
"sig": "@saao/saa18%akk-x-neobab:ša₂=ša[of//of]DET'DET$ša",
"f": {"lang": "akk-x-neobab",
"form": "ša₂",
"cf": "ša",
"gw": "of",
"sense": "of",
"norm": "ša",
"pos": "DET",
"epos": "DET"}
}
,
{
"node": "l",
"frag": "LUGAL",
"id": "P238131.l02b95",
"ref": "P238131.18.14",
"inst": "šarri[king]N",
"sig": "@saao/saa18%akk-x-neobab:LUGAL=šarru[king//king]N'N$šarri",
"f": {"lang": "akk-x-neobab",
"form": "LUGAL",
"cf": "šarru",
"gw": "king",
"sense": "king",
"norm": "šarri",
"pos": "N",
"epos": "N"}
}
,
{
"node": "d",
"type": "line-start",
"ref": "P238131.19",
"n": "6",
"label": "r 6"}
,
{
"node": "l",
"frag": "[x",
"id": "P238131.l02b96",
"ref": "P238131.19.1",
"inst": "u",
"f": {"lang": "akk-x-neobab",
"form": "x",
"pos": "u"}
}
,
{
"node": "l",
"frag": "x",
"id": "P238131.l02b97",
"ref": "P238131.19.2",
"inst": "u",
"f": {"lang": "akk-x-neobab",
"form": "x",
"pos": "u"}
}
,
{
"node": "l",
"frag": "x",
"id": "P238131.l02b98",
"ref": "P238131.19.3",
"inst": "u",
"f": {"lang": "akk-x-neobab",
"form": "x",
"pos": "u"}
}
,
{
"node": "l",
"frag": "x",
"id": "P238131.l02b99",
"ref": "P238131.19.4",
"inst": "u",
"f": {"lang": "akk-x-neobab",
"form": "x",
"pos": "u"}
}
,
{
"node": "l",
"frag": "x",
"id": "P238131.l02b9a",
"ref": "P238131.19.5",
"inst": "u",
"f": {"lang": "akk-x-neobab",
"form": "x",
"pos": "u"}
}
,
{
"node": "l",
"frag": "x",
"id": "P238131.l02b9b",
"ref": "P238131.19.6",
"inst": "u",
"f": {"lang": "akk-x-neobab",
"form": "x",
"pos": "u"}
}
,
{
"node": "l",
"frag": "x",
"id": "P238131.l02b9c",
"ref": "P238131.19.7",
"inst": "u",
"f": {"lang": "akk-x-neobab",
"form": "x",
"pos": "u"}
}
,
{
"node": "l",
"frag": "x",
"id": "P238131.l02b9d",
"ref": "P238131.19.8",
"inst": "u",
"f": {"lang": "akk-x-neobab",
"form": "x",
"pos": "u"}
}
,
{
"node": "l",
"frag": "x",
"id": "P238131.l02b9e",
"ref": "P238131.19.9",
"inst": "u",
"f": {"lang": "akk-x-neobab",
"form": "x",
"pos": "u"}
}
,
{
"node": "l",
"frag": "x",
"id": "P238131.l02b9f",
"ref": "P238131.19.10",
"inst": "u",
"f": {"lang": "akk-x-neobab",
"form": "x",
"pos": "u"}
}
,
{
"node": "l",
"frag": "x]+⸢x⸣-an-ni",
"id": "P238131.l02ba0",
"ref": "P238131.19.11",
"inst": "u",
"f": {"lang": "akk-x-neobab",
"form": "x+x-an-ni",
"pos": "u"}
}
,
{
"node": "l",
"frag": "LUGAL",
"id": "P238131.l02ba1",
"ref": "P238131.19.12",
"inst": "šarru[king]N",
"sig": "@saao/saa18%akk-x-neobab:LUGAL=šarru[king//king]N'N$šarru",
"f": {"lang": "akk-x-neobab",
"form": "LUGAL",
"cf": "šarru",
"gw": "king",
"sense": "king",
"norm": "šarru",
"pos": "N",
"epos": "N"}
}
,
{
"node": "l",
"frag": "i-di",
"id": "P238131.l02ba2",
"ref": "P238131.19.13",
"inst": "īdī[know]V",
"sig": "@saao/saa18%akk-x-neobab:i-di=wadû[know//know]V'V$īdī",
"f": {"lang": "akk-x-neobab",
"form": "i-di",
"cf": "wadû",
"gw": "know",
"sense": "know",
"norm": "īdī",
"pos": "V",
"epos": "V"}
}
,
{
"node": "d",
"type": "line-start",
"ref": "P238131.20",
"n": "7",
"label": "r 7"}
,
{
"node": "l",
"frag": "[x",
"id": "P238131.l02ba3",
"ref": "P238131.20.1",
"inst": "u",
"f": {"lang": "akk-x-neobab",
"form": "x",
"pos": "u"}
}
,
{
"node": "l",
"frag": "x",
"id": "P238131.l02ba4",
"ref": "P238131.20.2",
"inst": "u",
"f": {"lang": "akk-x-neobab",
"form": "x",
"pos": "u"}
}
,
{
"node": "l",
"frag": "x",
"id": "P238131.l02ba5",
"ref": "P238131.20.3",
"inst": "u",
"f": {"lang": "akk-x-neobab",
"form": "x",
"pos": "u"}
}
,
{
"node": "l",
"frag": "x",
"id": "P238131.l02ba6",
"ref": "P238131.20.4",
"inst": "u",
"f": {"lang": "akk-x-neobab",
"form": "x",
"pos": "u"}
}
,
{
"node": "l",
"frag": "x",
"id": "P238131.l02ba7",
"ref": "P238131.20.5",
"inst": "u",
"f": {"lang": "akk-x-neobab",
"form": "x",
"pos": "u"}
}
,
{
"node": "l",
"frag": "x",
"id": "P238131.l02ba8",
"ref": "P238131.20.6",
"inst": "u",
"f": {"lang": "akk-x-neobab",
"form": "x",
"pos": "u"}
}
,
{
"node": "l",
"frag": "x",
"id": "P238131.l02ba9",
"ref": "P238131.20.7",
"inst": "u",
"f": {"lang": "akk-x-neobab",
"form": "x",
"pos": "u"}
}
,
{
"node": "l",
"frag": "x",
"id": "P238131.l02baa",
"ref": "P238131.20.8",
"inst": "u",
"f": {"lang": "akk-x-neobab",
"form": "x",
"pos": "u"}
}
,
{
"node": "l",
"frag": "x",
"id": "P238131.l02bab",
"ref": "P238131.20.9",
"inst": "u",
"f": {"lang": "akk-x-neobab",
"form": "x",
"pos": "u"}
}
,
{
"node": "l",
"frag": "x",
"id": "P238131.l02bac",
"ref": "P238131.20.10",
"inst": "u",
"f": {"lang": "akk-x-neobab",
"form": "x",
"pos": "u"}
}
,
{
"node": "l",
"frag": "x]",
"id": "P238131.l02bad",
"ref": "P238131.20.11",
"inst": "u",
"f": {"lang": "akk-x-neobab",
"form": "x",
"pos": "u"}
}
,
{
"node": "l",
"frag": "be-li₂-šu₂-nu",
"id": "P238131.l02bae",
"ref": "P238131.20.12",
"inst": "bēlišunu[lord]N",
"sig": "@saao/saa18%akk-x-neobab:be-li₂-šu₂-nu=bēlu[lord//lord]N'N$bēlišunu",
"f": {"lang": "akk-x-neobab",
"form": "be-li₂-šu₂-nu",
"cf": "bēlu",
"gw": "lord",
"sense": "lord",
"norm": "bēlišunu",
"pos": "N",
"epos": "N"}
}
,
{
"node": "d",
"type": "line-start",
"ref": "P238131.21",
"n": "8",
"label": "r 8"}
,
{
"node": "l",
"frag": "[x",
"id": "P238131.l02baf",
"ref": "P238131.21.1",
"inst": "u",
"f": {"lang": "akk-x-neobab",
"form": "x",
"pos": "u"}
}
,
{
"node": "l",
"frag": "x",
"id": "P238131.l02bb0",
"ref": "P238131.21.2",
"inst": "u",
"f": {"lang": "akk-x-neobab",
"form": "x",
"pos": "u"}
}
,
{
"node": "l",
"frag": "x",
"id": "P238131.l02bb1",
"ref": "P238131.21.3",
"inst": "u",
"f": {"lang": "akk-x-neobab",
"form": "x",
"pos": "u"}
}
,
{
"node": "l",
"frag": "x",
"id": "P238131.l02bb2",
"ref": "P238131.21.4",
"inst": "u",
"f": {"lang": "akk-x-neobab",
"form": "x",
"pos": "u"}
}
,
{
"node": "l",
"frag": "x",
"id": "P238131.l02bb3",
"ref": "P238131.21.5",
"inst": "u",
"f": {"lang": "akk-x-neobab",
"form": "x",
"pos": "u"}
}
,
{
"node": "l",
"frag": "x",
"id": "P238131.l02bb4",
"ref": "P238131.21.6",
"inst": "u",
"f": {"lang": "akk-x-neobab",
"form": "x",
"pos": "u"}
}
,
{
"node": "l",
"frag": "x",
"id": "P238131.l02bb5",
"ref": "P238131.21.7",
"inst": "u",
"f": {"lang": "akk-x-neobab",
"form": "x",
"pos": "u"}
}
,
{
"node": "l",
"frag": "x",
"id": "P238131.l02bb6",
"ref": "P238131.21.8",
"inst": "u",
"f": {"lang": "akk-x-neobab",
"form": "x",
"pos": "u"}
}
,
{
"node": "l",
"frag": "x",
"id": "P238131.l02bb7",
"ref": "P238131.21.9",
"inst": "u",
"f": {"lang": "akk-x-neobab",
"form": "x",
"pos": "u"}
}
,
{
"node": "l",
"frag": "x",
"id": "P238131.l02bb8",
"ref": "P238131.21.10",
"inst": "u",
"f": {"lang": "akk-x-neobab",
"form": "x",
"pos": "u"}
}
,
{
"node": "l",
"frag": "i]-⸢bal-luṭ⸣",
"id": "P238131.l02bb9",
"ref": "P238131.21.11",
"inst": "iballuṭ[live]V",
"sig": "@saao/saa18%akk-x-neobab:i-bal-luṭ=balāṭu[live//live]V'V$iballuṭ",
"f": {"lang": "akk-x-neobab",
"form": "i-bal-luṭ",
"cf": "balāṭu",
"gw": "live",
"sense": "live",
"norm": "iballuṭ",
"pos": "V",
"epos": "V"}
}
,
{
"node": "l",
"frag": "[o]",
"id": "P238131.l02bba",
"ref": "P238131.21.12",
"inst": "u",
"f": {"lang": "akk-x-neobab",
"form": "o",
"pos": "u"}
}
,
{
"node": "d",
"type": "nonx",
"ref": "P238131.22",
"strict": "0",
"extent": "rest",
"state": "missing"}
]}
]}
]}
]}
