{
"type": "cdl",
  "source": "http://oracc.org/saao/saa18",
  "license": "This data is released under the CC0 license",
  "license-url": "https://creativecommons.org/publicdomain/zero/1.0/",
  "more-info": "http://oracc.org/doc/opendata/",
  "UTC-timestamp": "2017-05-19T12:01:09",
"project": "saao/saa18",
"textid": "P239287",
"cdl": [
{
"node": "c",
"type": "text",
"id": "P239287.U0",
"cdl": [
{
"node": "d",
"type": "object",
"ref": ""}
,
{
"node": "d",
"subtype": "obverse",
"type": "surface",
"ref": "P239287.o.1",
"type": "obverse",
"label": "o"}
,
{
"node": "d",
"type": "nonx",
"ref": "P239287.2",
"strict": "0",
"state": "missing"}
,
{
"node": "d",
"subtype": "reverse",
"type": "surface",
"ref": "P239287.r.3",
"type": "reverse",
"label": "r"}
,
{
"node": "d",
"type": "nonx",
"ref": "P239287.4",
"strict": "0",
"extent": "beginning",
"state": "missing"}
,
{
"node": "c",
"type": "discourse",
"subtype": "body",
"id": "P239287.U1",
"cdl": [
{
"node": "c",
"type": "sentence",
"id": "P239287.U2",
"label": "r 1' - r 7'",
"cdl": [
{
"node": "d",
"type": "line-start",
"ref": "P239287.5",
"n": "1'",
"label": "r 1'"}
,
{
"node": "l",
"frag": "[x",
"id": "P239287.l0132d",
"ref": "P239287.5.1",
"inst": "u",
"f": {"lang": "akk-x-neobab",
"form": "x",
"pos": "u"}
}
,
{
"node": "l",
"frag": "x",
"id": "P239287.l0132e",
"ref": "P239287.5.2",
"inst": "u",
"f": {"lang": "akk-x-neobab",
"form": "x",
"pos": "u"}
}
,
{
"node": "l",
"frag": "x",
"id": "P239287.l0132f",
"ref": "P239287.5.3",
"inst": "u",
"f": {"lang": "akk-x-neobab",
"form": "x",
"pos": "u"}
}
,
{
"node": "l",
"frag": "x]",
"id": "P239287.l01330",
"ref": "P239287.5.4",
"inst": "u",
"f": {"lang": "akk-x-neobab",
"form": "x",
"pos": "u"}
}
,
{
"node": "l",
"frag": "⸢x⸣",
"id": "P239287.l01331",
"ref": "P239287.5.5",
"inst": "u",
"f": {"lang": "akk-x-neobab",
"form": "x",
"pos": "u"}
}
,
{
"node": "l",
"frag": "[x",
"id": "P239287.l01332",
"ref": "P239287.5.6",
"inst": "u",
"f": {"lang": "akk-x-neobab",
"form": "x",
"pos": "u"}
}
,
{
"node": "l",
"frag": "x]",
"id": "P239287.l01333",
"ref": "P239287.5.7",
"inst": "u",
"f": {"lang": "akk-x-neobab",
"form": "x",
"pos": "u"}
}
,
{
"node": "d",
"type": "line-start",
"ref": "P239287.6",
"n": "2'",
"label": "r 2'"}
,
{
"node": "l",
"frag": "[x",
"id": "P239287.l01334",
"ref": "P239287.6.1",
"inst": "u",
"f": {"lang": "akk-x-neobab",
"form": "x",
"pos": "u"}
}
,
{
"node": "l",
"frag": "x",
"id": "P239287.l01335",
"ref": "P239287.6.2",
"inst": "u",
"f": {"lang": "akk-x-neobab",
"form": "x",
"pos": "u"}
}
,
{
"node": "l",
"frag": "x]-me",
"id": "P239287.l01336",
"ref": "P239287.6.3",
"inst": "u",
"f": {"lang": "akk-x-neobab",
"form": "x-me",
"pos": "u"}
}
,
{
"node": "l",
"frag": "⸢x⸣+[x",
"id": "P239287.l01337",
"ref": "P239287.6.4",
"inst": "u",
"f": {"lang": "akk-x-neobab",
"form": "x+x",
"pos": "u"}
}
,
{
"node": "l",
"frag": "x]",
"id": "P239287.l01338",
"ref": "P239287.6.5",
"inst": "u",
"f": {"lang": "akk-x-neobab",
"form": "x",
"pos": "u"}
}
,
{
"node": "d",
"type": "line-start",
"ref": "P239287.7",
"n": "3'",
"label": "r 3'"}
,
{
"node": "l",
"frag": "[x",
"id": "P239287.l01339",
"ref": "P239287.7.1",
"inst": "u",
"f": {"lang": "akk-x-neobab",
"form": "x",
"pos": "u"}
}
,
{
"node": "l",
"frag": "x",
"id": "P239287.l0133a",
"ref": "P239287.7.2",
"inst": "u",
"f": {"lang": "akk-x-neobab",
"form": "x",
"pos": "u"}
}
,
{
"node": "l",
"frag": "{1}⸢šul⸣-lu-mu",
"id": "P239287.l0133b",
"ref": "P239287.7.3",
"inst": "Šullumu[1]PN",
"sig": "@saao/saa18%akk-x-neobab:{1}šul-lu-mu=Šullumu[1//1]PN'PN$Šullumu",
"f": {"lang": "akk-x-neobab",
"form": "{1}šul-lu-mu",
"cf": "Šullumu",
"gw": "1",
"sense": "1",
"norm": "Šullumu",
"pos": "PN",
"epos": "PN"}
}
,
{
"node": "l",
"frag": "[o]",
"id": "P239287.l0133c",
"ref": "P239287.7.4",
"inst": "u",
"f": {"lang": "akk-x-neobab",
"form": "o",
"pos": "u"}
}
,
{
"node": "d",
"type": "line-start",
"ref": "P239287.8",
"n": "4'",
"label": "r 4'"}
,
{
"node": "l",
"frag": "[x",
"id": "P239287.l0133d",
"ref": "P239287.8.1",
"inst": "u",
"f": {"lang": "akk-x-neobab",
"form": "x",
"pos": "u"}
}
,
{
"node": "l",
"frag": "x]",
"id": "P239287.l0133e",
"ref": "P239287.8.2",
"inst": "u",
"f": {"lang": "akk-x-neobab",
"form": "x",
"pos": "u"}
}
,
{
"node": "c",
"type": "phrase",
"tag": "phr",
"id": "P239287.U4",
"ref": "P239287.ls00000",
"cdl": [
{
"node": "l",
"frag": "{⸢lu₂⸣}GAL-E₂",
"id": "P239287.l0133f",
"ref": "P239287.8.3",
"cof-tails": "P239287.l01340",
"inst": "+rabû[big one]N$rab&+bītu[house]N$bīti",
"sig": "@saao/saa18%akk-x-neobab:{LU₂}GAL-E₂=rabû[big one//big one]N'N$rab&&@saao/saa18%akk-x-neobab:{LU₂}GAL-E₂=bītu[house//house]N'N$bīti",
"f": {"lang": "akk-x-neobab",
"form": "{LU₂}GAL-E₂",
"cf": "rabû",
"gw": "big one",
"sense": "big one",
"norm": "rab",
"pos": "N",
"epos": "N"}
}
,
{
"node": "l",
"frag": "{⸢lu₂⸣}GAL-E₂",
"id": "P239287.l01340",
"ref": "P239287.8.3",
"cof-head": "P239287.l0133f",
"inst": "+rabû[big one]N$rab&+bītu[house]N$bīti",
"f": {"lang": "akk-x-neobab",
"form": "{LU₂}GAL-E₂",
"cf": "bītu",
"gw": "house",
"sense": "house",
"norm": "bīti",
"pos": "N",
"epos": "N"}
}
]}
,
{
"node": "l",
"frag": "ša₂",
"id": "P239287.l01341",
"ref": "P239287.8.4",
"inst": "ša[of]DET",
"sig": "@saao/saa18%akk-x-neobab:ša₂=ša[of//of]DET'DET$ša",
"f": {"lang": "akk-x-neobab",
"form": "ša₂",
"cf": "ša",
"gw": "of",
"sense": "of",
"norm": "ša",
"pos": "DET",
"epos": "DET"}
}
,
{
"node": "l",
"frag": "[o]",
"id": "P239287.l01342",
"ref": "P239287.8.5",
"inst": "u",
"f": {"lang": "akk-x-neobab",
"form": "o",
"pos": "u"}
}
,
{
"node": "d",
"type": "line-start",
"ref": "P239287.9",
"n": "5'",
"label": "r 5'"}
,
{
"node": "l",
"frag": "[x",
"id": "P239287.l01343",
"ref": "P239287.9.1",
"inst": "u",
"f": {"lang": "akk-x-neobab",
"form": "x",
"pos": "u"}
}
,
{
"node": "l",
"frag": "x]",
"id": "P239287.l01344",
"ref": "P239287.9.2",
"inst": "u",
"f": {"lang": "akk-x-neobab",
"form": "x",
"pos": "u"}
}
,
{
"node": "l",
"frag": "{1}šul-lu-⸢mu⸣",
"id": "P239287.l01345",
"ref": "P239287.9.3",
"inst": "Šullumu[1]PN",
"sig": "@saao/saa18%akk-x-neobab:{1}šul-lu-mu=Šullumu[1//1]PN'PN$Šullumu",
"f": {"lang": "akk-x-neobab",
"form": "{1}šul-lu-mu",
"cf": "Šullumu",
"gw": "1",
"sense": "1",
"norm": "Šullumu",
"pos": "PN",
"epos": "PN"}
}
,
{
"node": "l",
"frag": "[o]",
"id": "P239287.l01346",
"ref": "P239287.9.4",
"inst": "u",
"f": {"lang": "akk-x-neobab",
"form": "o",
"pos": "u"}
}
,
{
"node": "d",
"type": "line-start",
"ref": "P239287.10",
"n": "6'",
"label": "r 6'"}
,
{
"node": "l",
"frag": "[x",
"id": "P239287.l01347",
"ref": "P239287.10.1",
"inst": "u",
"f": {"lang": "akk-x-neobab",
"form": "x",
"pos": "u"}
}
,
{
"node": "l",
"frag": "x",
"id": "P239287.l01348",
"ref": "P239287.10.2",
"inst": "u",
"f": {"lang": "akk-x-neobab",
"form": "x",
"pos": "u"}
}
,
{
"node": "l",
"frag": "TIN].⸢TIR{ki⸣}",
"id": "P239287.l01349",
"ref": "P239287.10.3",
"inst": "Babili[Babylon]GN",
"sig": "@saao/saa18%akk-x-neobab:TIN.TIR{KI}=Babili[Babylon//Babylon]GN'GN$Babili",
"f": {"lang": "akk-x-neobab",
"form": "TIN.TIR{KI}",
"cf": "Babili",
"gw": "Babylon",
"sense": "Babylon",
"norm": "Babili",
"pos": "GN",
"epos": "GN"}
}
,
{
"node": "l",
"frag": "[o]",
"id": "P239287.l0134a",
"ref": "P239287.10.4",
"inst": "u",
"f": {"lang": "akk-x-neobab",
"form": "o",
"pos": "u"}
}
,
{
"node": "d",
"type": "line-start",
"ref": "P239287.11",
"n": "7'",
"label": "r 7'"}
,
{
"node": "l",
"frag": "[x",
"id": "P239287.l0134b",
"ref": "P239287.11.1",
"inst": "u",
"f": {"lang": "akk-x-neobab",
"form": "x",
"pos": "u"}
}
,
{
"node": "l",
"frag": "x",
"id": "P239287.l0134c",
"ref": "P239287.11.2",
"inst": "u",
"f": {"lang": "akk-x-neobab",
"form": "x",
"pos": "u"}
}
,
{
"node": "l",
"frag": "x]",
"id": "P239287.l0134d",
"ref": "P239287.11.3",
"inst": "u",
"f": {"lang": "akk-x-neobab",
"form": "x",
"pos": "u"}
}
,
{
"node": "l",
"frag": "⸢x⸣",
"id": "P239287.l0134e",
"ref": "P239287.11.4",
"inst": "u",
"f": {"lang": "akk-x-neobab",
"form": "x",
"pos": "u"}
}
,
{
"node": "l",
"frag": "[x",
"id": "P239287.l0134f",
"ref": "P239287.11.5",
"inst": "u",
"f": {"lang": "akk-x-neobab",
"form": "x",
"pos": "u"}
}
,
{
"node": "l",
"frag": "x]",
"id": "P239287.l01350",
"ref": "P239287.11.6",
"inst": "u",
"f": {"lang": "akk-x-neobab",
"form": "x",
"pos": "u"}
}
,
{
"node": "d",
"type": "nonx",
"ref": "P239287.12",
"strict": "0",
"extent": "rest",
"state": "missing"}
]}
]}
]}
,
{
"linkbase": [{
"type": "linkset",
"xlink_title": "rab bīti[major-domo//major-domo]N'N",
"id": "P239287.ls00000",
"xlink_type": "extended",
"xlink_role": "psu",
"sig": "{{LU₂}GAL-E₂ = rabû[big one]N bītu[house]N += rab bīti[major-domo//major-domo]N'N}::@saao/saa18%akk-x-neobab:{LU₂}GAL-E₂=rabû[big one//big one]N'N$rab++@saao/saa18%akk-x-neobab:{LU₂}GAL-E₂=bītu[house//house]N'N$bīti",
"links": [
{
"type": "link",
"xlink_title": "rabû",
"xlink_type": "locator",
"xlink_href": "#P239287.l0133f",
"xlink_role": "elt"}
,
{
"type": "link",
"xlink_title": "bītu",
"xlink_type": "locator",
"xlink_href": "#P239287.l01340",
"xlink_role": "elt"}
]}
]}
]}
