{
"type": "cdl",
  "source": "http://oracc.org/saao/saa18",
  "license": "This data is released under the CC0 license",
  "license-url": "https://creativecommons.org/publicdomain/zero/1.0/",
  "more-info": "http://oracc.org/doc/opendata/",
  "UTC-timestamp": "2017-05-19T12:01:11",
"project": "saao/saa18",
"textid": "P239450",
"cdl": [
{
"node": "c",
"type": "text",
"id": "P239450.U0",
"cdl": [
{
"node": "d",
"type": "object",
"ref": ""}
,
{
"node": "d",
"subtype": "obverse",
"type": "surface",
"ref": "P239450.o.1",
"type": "obverse",
"label": "o"}
,
{
"node": "d",
"type": "nonx",
"ref": "P239450.2",
"strict": "0",
"extent": "beginning",
"state": "missing"}
,
{
"node": "c",
"type": "discourse",
"subtype": "body",
"id": "P239450.U1",
"cdl": [
{
"node": "c",
"type": "sentence",
"id": "P239450.U2",
"label": "o 1' - r 3'",
"cdl": [
{
"node": "d",
"type": "line-start",
"ref": "P239450.3",
"n": "1'",
"label": "o 1'"}
,
{
"node": "l",
"frag": "[x",
"id": "P239450.l035a3",
"ref": "P239450.3.1",
"inst": "u",
"f": {"lang": "akk-x-neobab",
"form": "x",
"pos": "u"}
}
,
{
"node": "l",
"frag": "x",
"id": "P239450.l035a4",
"ref": "P239450.3.2",
"inst": "u",
"f": {"lang": "akk-x-neobab",
"form": "x",
"pos": "u"}
}
,
{
"node": "l",
"frag": "x",
"id": "P239450.l035a5",
"ref": "P239450.3.3",
"inst": "u",
"f": {"lang": "akk-x-neobab",
"form": "x",
"pos": "u"}
}
,
{
"node": "l",
"frag": "x",
"id": "P239450.l035a6",
"ref": "P239450.3.4",
"inst": "u",
"f": {"lang": "akk-x-neobab",
"form": "x",
"pos": "u"}
}
,
{
"node": "l",
"frag": "x]+⸢x",
"id": "P239450.l035a7",
"ref": "P239450.3.5",
"inst": "u",
"f": {"lang": "akk-x-neobab",
"form": "x+x",
"pos": "u"}
}
,
{
"node": "l",
"frag": "x⸣+[x",
"id": "P239450.l035a8",
"ref": "P239450.3.6",
"inst": "u",
"f": {"lang": "akk-x-neobab",
"form": "x+x",
"pos": "u"}
}
,
{
"node": "l",
"frag": "x",
"id": "P239450.l035a9",
"ref": "P239450.3.7",
"inst": "u",
"f": {"lang": "akk-x-neobab",
"form": "x",
"pos": "u"}
}
,
{
"node": "l",
"frag": "x",
"id": "P239450.l035aa",
"ref": "P239450.3.8",
"inst": "u",
"f": {"lang": "akk-x-neobab",
"form": "x",
"pos": "u"}
}
,
{
"node": "l",
"frag": "x]",
"id": "P239450.l035ab",
"ref": "P239450.3.9",
"inst": "u",
"f": {"lang": "akk-x-neobab",
"form": "x",
"pos": "u"}
}
,
{
"node": "d",
"type": "line-start",
"ref": "P239450.4",
"n": "2'",
"label": "o 2'"}
,
{
"node": "l",
"frag": "[x",
"id": "P239450.l035ac",
"ref": "P239450.4.1",
"inst": "u",
"f": {"lang": "akk-x-neobab",
"form": "x",
"pos": "u"}
}
,
{
"node": "l",
"frag": "x",
"id": "P239450.l035ad",
"ref": "P239450.4.2",
"inst": "u",
"f": {"lang": "akk-x-neobab",
"form": "x",
"pos": "u"}
}
,
{
"node": "l",
"frag": "x",
"id": "P239450.l035ae",
"ref": "P239450.4.3",
"inst": "u",
"f": {"lang": "akk-x-neobab",
"form": "x",
"pos": "u"}
}
,
{
"node": "l",
"frag": "x",
"id": "P239450.l035af",
"ref": "P239450.4.4",
"inst": "u",
"f": {"lang": "akk-x-neobab",
"form": "x",
"pos": "u"}
}
,
{
"node": "l",
"frag": "x]+⸢x⸣",
"id": "P239450.l035b0",
"ref": "P239450.4.5",
"inst": "u",
"f": {"lang": "akk-x-neobab",
"form": "x+x",
"pos": "u"}
}
,
{
"node": "l",
"frag": "E₂-⸢re-du-u₂-ti⸣",
"id": "P239450.l035b1",
"ref": "P239450.4.6",
"inst": "+bīt-rēdûti[succession palace]N$",
"sig": "@saao/saa18%akk-x-neobab:E₂-re-du-u₂-ti=bīt-rēdûti[succession palace//succession palace]N'N$bīt-rēdûti",
"f": {"lang": "akk-x-neobab",
"form": "E₂-re-du-u₂-ti",
"cf": "bīt-rēdûti",
"gw": "succession palace",
"sense": "succession palace",
"norm": "bīt-rēdûti",
"pos": "N",
"epos": "N"}
}
,
{
"node": "d",
"type": "line-start",
"ref": "P239450.5",
"n": "3'",
"label": "o 3'"}
,
{
"node": "l",
"frag": "[x",
"id": "P239450.l035b2",
"ref": "P239450.5.1",
"inst": "u",
"f": {"lang": "akk-x-neobab",
"form": "x",
"pos": "u"}
}
,
{
"node": "l",
"frag": "x",
"id": "P239450.l035b3",
"ref": "P239450.5.2",
"inst": "u",
"f": {"lang": "akk-x-neobab",
"form": "x",
"pos": "u"}
}
,
{
"node": "l",
"frag": "x",
"id": "P239450.l035b4",
"ref": "P239450.5.3",
"inst": "u",
"f": {"lang": "akk-x-neobab",
"form": "x",
"pos": "u"}
}
,
{
"node": "l",
"frag": "x",
"id": "P239450.l035b5",
"ref": "P239450.5.4",
"inst": "u",
"f": {"lang": "akk-x-neobab",
"form": "x",
"pos": "u"}
}
,
{
"node": "l",
"frag": "x]-⸢šu₂⸣-nu",
"id": "P239450.l035b6",
"ref": "P239450.5.5",
"inst": "u",
"f": {"lang": "akk-x-neobab",
"form": "x-šu₂-nu",
"pos": "u"}
}
,
{
"node": "d",
"type": "line-start",
"ref": "P239450.6",
"n": "4'",
"label": "o 4'"}
,
{
"node": "l",
"frag": "[x",
"id": "P239450.l035b7",
"ref": "P239450.6.1",
"inst": "u",
"f": {"lang": "akk-x-neobab",
"form": "x",
"pos": "u"}
}
,
{
"node": "l",
"frag": "x",
"id": "P239450.l035b8",
"ref": "P239450.6.2",
"inst": "u",
"f": {"lang": "akk-x-neobab",
"form": "x",
"pos": "u"}
}
,
{
"node": "l",
"frag": "x",
"id": "P239450.l035b9",
"ref": "P239450.6.3",
"inst": "u",
"f": {"lang": "akk-x-neobab",
"form": "x",
"pos": "u"}
}
,
{
"node": "l",
"frag": "x",
"id": "P239450.l035ba",
"ref": "P239450.6.4",
"inst": "u",
"f": {"lang": "akk-x-neobab",
"form": "x",
"pos": "u"}
}
,
{
"node": "l",
"frag": "x]-⸢šu₂⸣-nu",
"id": "P239450.l035bb",
"ref": "P239450.6.5",
"inst": "u",
"f": {"lang": "akk-x-neobab",
"form": "x-šu₂-nu",
"pos": "u"}
}
,
{
"node": "l",
"frag": "iš-šu₂-u₂",
"id": "P239450.l035bc",
"ref": "P239450.6.6",
"inst": "iššû[take]V",
"sig": "@saao/saa18%akk-x-neobab:iš-šu₂-u₂=našû[lift//take]V'V$iššû",
"f": {"lang": "akk-x-neobab",
"form": "iš-šu₂-u₂",
"cf": "našû",
"gw": "lift",
"sense": "take",
"norm": "iššû",
"pos": "V",
"epos": "V"}
}
,
{
"node": "d",
"type": "line-start",
"ref": "P239450.7",
"n": "5'",
"label": "o 5'"}
,
{
"node": "l",
"frag": "[x",
"id": "P239450.l035bd",
"ref": "P239450.7.1",
"inst": "u",
"f": {"lang": "akk-x-neobab",
"form": "x",
"pos": "u"}
}
,
{
"node": "l",
"frag": "x",
"id": "P239450.l035be",
"ref": "P239450.7.2",
"inst": "u",
"f": {"lang": "akk-x-neobab",
"form": "x",
"pos": "u"}
}
,
{
"node": "l",
"frag": "x",
"id": "P239450.l035bf",
"ref": "P239450.7.3",
"inst": "u",
"f": {"lang": "akk-x-neobab",
"form": "x",
"pos": "u"}
}
,
{
"node": "l",
"frag": "x]-⸢ti",
"id": "P239450.l035c0",
"ref": "P239450.7.4",
"inst": "u",
"f": {"lang": "akk-x-neobab",
"form": "x-ti",
"pos": "u"}
}
,
{
"node": "l",
"frag": "iš-x⸣",
"id": "P239450.l035c1",
"ref": "P239450.7.5",
"inst": "u",
"f": {"lang": "akk-x-neobab",
"form": "iš-x",
"pos": "u"}
}
,
{
"node": "l",
"frag": "[o]",
"id": "P239450.l035c2",
"ref": "P239450.7.6",
"inst": "u",
"f": {"lang": "akk-x-neobab",
"form": "o",
"pos": "u"}
}
,
{
"node": "d",
"type": "nonx",
"ref": "P239450.8",
"strict": "0",
"extent": "rest",
"state": "missing"}
,
{
"node": "d",
"subtype": "reverse",
"type": "surface",
"ref": "P239450.r.9",
"type": "reverse",
"label": "r"}
,
{
"node": "d",
"type": "nonx",
"ref": "P239450.10",
"strict": "0",
"extent": "beginning",
"state": "missing"}
,
{
"node": "d",
"type": "line-start",
"ref": "P239450.11",
"n": "1'",
"label": "r 1'"}
,
{
"node": "l",
"frag": "[x",
"id": "P239450.l035c3",
"ref": "P239450.11.1",
"inst": "u",
"f": {"lang": "akk-x-neobab",
"form": "x",
"pos": "u"}
}
,
{
"node": "l",
"frag": "x",
"id": "P239450.l035c4",
"ref": "P239450.11.2",
"inst": "u",
"f": {"lang": "akk-x-neobab",
"form": "x",
"pos": "u"}
}
,
{
"node": "l",
"frag": "x",
"id": "P239450.l035c5",
"ref": "P239450.11.3",
"inst": "u",
"f": {"lang": "akk-x-neobab",
"form": "x",
"pos": "u"}
}
,
{
"node": "l",
"frag": "x",
"id": "P239450.l035c6",
"ref": "P239450.11.4",
"inst": "u",
"f": {"lang": "akk-x-neobab",
"form": "x",
"pos": "u"}
}
,
{
"node": "l",
"frag": "x]",
"id": "P239450.l035c7",
"ref": "P239450.11.5",
"inst": "u",
"f": {"lang": "akk-x-neobab",
"form": "x",
"pos": "u"}
}
,
{
"node": "l",
"frag": "⸢x⸣",
"id": "P239450.l035c8",
"ref": "P239450.11.6",
"inst": "u",
"f": {"lang": "akk-x-neobab",
"form": "x",
"pos": "u"}
}
,
{
"node": "l",
"frag": "[x]",
"id": "P239450.l035c9",
"ref": "P239450.11.7",
"inst": "u",
"f": {"lang": "akk-x-neobab",
"form": "x",
"pos": "u"}
}
,
{
"node": "l",
"frag": "⸢x",
"id": "P239450.l035ca",
"ref": "P239450.11.8",
"inst": "u",
"f": {"lang": "akk-x-neobab",
"form": "x",
"pos": "u"}
}
,
{
"node": "l",
"frag": "x⸣",
"id": "P239450.l035cb",
"ref": "P239450.11.9",
"inst": "u",
"f": {"lang": "akk-x-neobab",
"form": "x",
"pos": "u"}
}
,
{
"node": "l",
"frag": "[o]",
"id": "P239450.l035cc",
"ref": "P239450.11.10",
"inst": "u",
"f": {"lang": "akk-x-neobab",
"form": "o",
"pos": "u"}
}
,
{
"node": "d",
"type": "line-start",
"ref": "P239450.12",
"n": "2'",
"label": "r 2'"}
,
{
"node": "l",
"frag": "[x",
"id": "P239450.l035cd",
"ref": "P239450.12.1",
"inst": "u",
"f": {"lang": "akk-x-neobab",
"form": "x",
"pos": "u"}
}
,
{
"node": "l",
"frag": "x",
"id": "P239450.l035ce",
"ref": "P239450.12.2",
"inst": "u",
"f": {"lang": "akk-x-neobab",
"form": "x",
"pos": "u"}
}
,
{
"node": "l",
"frag": "x",
"id": "P239450.l035cf",
"ref": "P239450.12.3",
"inst": "u",
"f": {"lang": "akk-x-neobab",
"form": "x",
"pos": "u"}
}
,
{
"node": "l",
"frag": "x",
"id": "P239450.l035d0",
"ref": "P239450.12.4",
"inst": "u",
"f": {"lang": "akk-x-neobab",
"form": "x",
"pos": "u"}
}
,
{
"node": "l",
"frag": "x]-ši",
"id": "P239450.l035d1",
"ref": "P239450.12.5",
"inst": "u",
"f": {"lang": "akk-x-neobab",
"form": "x-ši",
"pos": "u"}
}
,
{
"node": "d",
"type": "line-start",
"ref": "P239450.13",
"n": "3'",
"label": "r 3'"}
,
{
"node": "l",
"frag": "[x",
"id": "P239450.l035d2",
"ref": "P239450.13.1",
"inst": "u",
"f": {"lang": "akk-x-neobab",
"form": "x",
"pos": "u"}
}
,
{
"node": "l",
"frag": "x",
"id": "P239450.l035d3",
"ref": "P239450.13.2",
"inst": "u",
"f": {"lang": "akk-x-neobab",
"form": "x",
"pos": "u"}
}
,
{
"node": "l",
"frag": "x",
"id": "P239450.l035d4",
"ref": "P239450.13.3",
"inst": "u",
"f": {"lang": "akk-x-neobab",
"form": "x",
"pos": "u"}
}
,
{
"node": "l",
"frag": "x",
"id": "P239450.l035d5",
"ref": "P239450.13.4",
"inst": "u",
"f": {"lang": "akk-x-neobab",
"form": "x",
"pos": "u"}
}
,
{
"node": "l",
"frag": "x]",
"id": "P239450.l035d6",
"ref": "P239450.13.5",
"inst": "u",
"f": {"lang": "akk-x-neobab",
"form": "x",
"pos": "u"}
}
,
{
"node": "l",
"frag": "⸢x⸣",
"id": "P239450.l035d7",
"ref": "P239450.13.6",
"inst": "u",
"f": {"lang": "akk-x-neobab",
"form": "x",
"pos": "u"}
}
,
{
"node": "l",
"frag": "[o]",
"id": "P239450.l035d8",
"ref": "P239450.13.7",
"inst": "u",
"f": {"lang": "akk-x-neobab",
"form": "o",
"pos": "u"}
}
,
{
"node": "d",
"type": "nonx",
"ref": "P239450.14",
"strict": "0",
"extent": "rest",
"state": "missing"}
]}
]}
]}
]}
