{
"type": "cdl",
  "source": "http://oracc.org/saao/saa01",
  "license": "This data is released under the CC0 license",
  "license-url": "https://creativecommons.org/publicdomain/zero/1.0/",
  "more-info": "http://oracc.org/doc/opendata/",
  "UTC-timestamp": "2017-05-19T11:21:55",
"project": "saao/saa01",
"textid": "P313759",
"cdl": [
{
"node": "c",
"type": "text",
"id": "P313759.U0",
"cdl": [
{
"node": "d",
"type": "object",
"ref": ""}
,
{
"node": "d",
"subtype": "obverse",
"type": "surface",
"ref": "P313759.o.1",
"type": "obverse",
"label": "o"}
,
{
"node": "d",
"type": "nonx",
"ref": "P313759.2",
"strict": "0",
"extent": "beginning",
"state": "missing"}
,
{
"node": "c",
"type": "discourse",
"subtype": "body",
"id": "P313759.U1",
"cdl": [
{
"node": "c",
"type": "sentence",
"id": "P313759.U2",
"label": "o 1' - r 10'",
"cdl": [
{
"node": "d",
"type": "line-start",
"ref": "P313759.3",
"n": "1'",
"label": "o 1'"}
,
{
"node": "l",
"frag": "[x",
"id": "P313759.l05ba3",
"ref": "P313759.3.1",
"inst": "u",
"f": {"lang": "akk-x-neoass",
"form": "x",
"pos": "u"}
}
,
{
"node": "l",
"frag": "x",
"id": "P313759.l05ba4",
"ref": "P313759.3.2",
"inst": "u",
"f": {"lang": "akk-x-neoass",
"form": "x",
"pos": "u"}
}
,
{
"node": "l",
"frag": "x",
"id": "P313759.l05ba5",
"ref": "P313759.3.3",
"inst": "u",
"f": {"lang": "akk-x-neoass",
"form": "x",
"pos": "u"}
}
,
{
"node": "l",
"frag": "x",
"id": "P313759.l05ba6",
"ref": "P313759.3.4",
"inst": "u",
"f": {"lang": "akk-x-neoass",
"form": "x",
"pos": "u"}
}
,
{
"node": "l",
"frag": "x]-⸢ru\\d⸣",
"id": "P313759.l05ba7",
"ref": "P313759.3.5",
"inst": "u",
"f": {"lang": "akk-x-neoass",
"form": "x-ru",
"pos": "u"}
}
,
{
"node": "l",
"frag": "{lu₂v}SUKKAL",
"id": "P313759.l05ba8",
"ref": "P313759.3.6",
"inst": "šukkallu[vizier]N",
"sig": "@saao/saa01%akk-x-neoass:{LU₂}SUKKAL=šukkallu[(a court official)//vizier]N'N$šukkallu",
"f": {"lang": "akk-x-neoass",
"form": "{LU₂}SUKKAL",
"cf": "šukkallu",
"gw": "(a court official)",
"sense": "vizier",
"norm": "šukkallu",
"pos": "N",
"epos": "N"}
}
,
{
"node": "l",
"frag": "[o]",
"id": "P313759.l05ba9",
"ref": "P313759.3.7",
"inst": "u",
"f": {"lang": "akk-x-neoass",
"form": "o",
"pos": "u"}
}
,
{
"node": "d",
"type": "line-start",
"ref": "P313759.4",
"n": "2'",
"label": "o 2'"}
,
{
"node": "l",
"frag": "[x",
"id": "P313759.l05baa",
"ref": "P313759.4.1",
"inst": "u",
"f": {"lang": "akk-x-neoass",
"form": "x",
"pos": "u"}
}
,
{
"node": "l",
"frag": "x",
"id": "P313759.l05bab",
"ref": "P313759.4.2",
"inst": "u",
"f": {"lang": "akk-x-neoass",
"form": "x",
"pos": "u"}
}
,
{
"node": "l",
"frag": "x",
"id": "P313759.l05bac",
"ref": "P313759.4.3",
"inst": "u",
"f": {"lang": "akk-x-neoass",
"form": "x",
"pos": "u"}
}
,
{
"node": "l",
"frag": "x]",
"id": "P313759.l05bad",
"ref": "P313759.4.4",
"inst": "u",
"f": {"lang": "akk-x-neoass",
"form": "x",
"pos": "u"}
}
,
{
"node": "l",
"frag": "LUGAL",
"id": "P313759.l05bae",
"ref": "P313759.4.5",
"inst": "šarru[king]N",
"sig": "@saao/saa01%akk-x-neoass:LUGAL=šarru[king//king]N'N$šarru",
"f": {"lang": "akk-x-neoass",
"form": "LUGAL",
"cf": "šarru",
"gw": "king",
"sense": "king",
"norm": "šarru",
"pos": "N",
"epos": "N"}
}
,
{
"node": "l",
"frag": "be-li₂",
"id": "P313759.l05baf",
"ref": "P313759.4.6",
"inst": "bēlī[lord]N",
"sig": "@saao/saa01%akk-x-neoass:be-li₂=bēlu[lord//lord]N'N$bēlī",
"f": {"lang": "akk-x-neoass",
"form": "be-li₂",
"cf": "bēlu",
"gw": "lord",
"sense": "lord",
"norm": "bēlī",
"pos": "N",
"epos": "N"}
}
,
{
"node": "l",
"frag": "i-sa-[x]",
"id": "P313759.l05bb0",
"ref": "P313759.4.7",
"inst": "u",
"f": {"lang": "akk-x-neoass",
"form": "i-sa-x",
"pos": "u"}
}
,
{
"node": "d",
"type": "line-start",
"ref": "P313759.5",
"n": "3'",
"label": "o 3'"}
,
{
"node": "l",
"frag": "[x",
"id": "P313759.l05bb1",
"ref": "P313759.5.1",
"inst": "u",
"f": {"lang": "akk-x-neoass",
"form": "x",
"pos": "u"}
}
,
{
"node": "l",
"frag": "x",
"id": "P313759.l05bb2",
"ref": "P313759.5.2",
"inst": "u",
"f": {"lang": "akk-x-neoass",
"form": "x",
"pos": "u"}
}
,
{
"node": "l",
"frag": "x",
"id": "P313759.l05bb3",
"ref": "P313759.5.3",
"inst": "u",
"f": {"lang": "akk-x-neoass",
"form": "x",
"pos": "u"}
}
,
{
"node": "l",
"frag": "x]+⸢x⸣",
"id": "P313759.l05bb4",
"ref": "P313759.5.4",
"inst": "u",
"f": {"lang": "akk-x-neoass",
"form": "x+x",
"pos": "u"}
}
,
{
"node": "l",
"frag": "KUG.UD",
"id": "P313759.l05bb5",
"ref": "P313759.5.5",
"inst": "ṣarpu[silver]N$",
"sig": "@saao/saa01%akk-x-neoass:KUG.UD=ṣarpu[silver//silver]N'N$ṣarpu",
"f": {"lang": "akk-x-neoass",
"form": "KUG.UD",
"cf": "ṣarpu",
"gw": "silver",
"sense": "silver",
"norm": "ṣarpu",
"pos": "N",
"epos": "N"}
}
,
{
"node": "l",
"frag": "mi-ik-si-šu₂-nu",
"id": "P313759.l05bb6",
"ref": "P313759.5.6",
"inst": "miksu[tax (on produce)//toll]N$miksīšunu",
"sig": "@saao/saa01%akk-x-neoass:mi-ik-si-šu₂-nu=miksu[tax (on produce)//toll]N'N$miksīšunu",
"f": {"lang": "akk-x-neoass",
"form": "mi-ik-si-šu₂-nu",
"cf": "miksu",
"gw": "tax (on produce)",
"sense": "toll",
"norm": "miksīšunu",
"pos": "N",
"epos": "N"}
}
,
{
"node": "d",
"type": "line-start",
"ref": "P313759.6",
"n": "4'",
"label": "o 4'"}
,
{
"node": "l",
"frag": "[x",
"id": "P313759.l05bb7",
"ref": "P313759.6.1",
"inst": "u",
"f": {"lang": "akk-x-neoass",
"form": "x",
"pos": "u"}
}
,
{
"node": "l",
"frag": "x",
"id": "P313759.l05bb8",
"ref": "P313759.6.2",
"inst": "u",
"f": {"lang": "akk-x-neoass",
"form": "x",
"pos": "u"}
}
,
{
"node": "l",
"frag": "x",
"id": "P313759.l05bb9",
"ref": "P313759.6.3",
"inst": "u",
"f": {"lang": "akk-x-neoass",
"form": "x",
"pos": "u"}
}
,
{
"node": "l",
"frag": "x]-ka",
"id": "P313759.l05bba",
"ref": "P313759.6.4",
"inst": "u",
"f": {"lang": "akk-x-neoass",
"form": "x-ka",
"pos": "u"}
}
,
{
"node": "l",
"frag": "u₂-ma-a",
"id": "P313759.l05bbb",
"ref": "P313759.6.5",
"inst": "ūmâ[now]AV",
"sig": "@saao/saa01%akk-x-neoass:u₂-ma-a=ūma[today//now]AV'AV$ūmâ",
"f": {"lang": "akk-x-neoass",
"form": "u₂-ma-a",
"cf": "ūma",
"gw": "today",
"sense": "now",
"norm": "ūmâ",
"pos": "AV",
"epos": "AV"}
}
,
{
"node": "d",
"type": "line-start",
"ref": "P313759.7",
"n": "5'",
"label": "o 5'"}
,
{
"node": "l",
"frag": "[x",
"id": "P313759.l05bbc",
"ref": "P313759.7.1",
"inst": "u",
"f": {"lang": "akk-x-neoass",
"form": "x",
"pos": "u"}
}
,
{
"node": "l",
"frag": "x",
"id": "P313759.l05bbd",
"ref": "P313759.7.2",
"inst": "u",
"f": {"lang": "akk-x-neoass",
"form": "x",
"pos": "u"}
}
,
{
"node": "l",
"frag": "x",
"id": "P313759.l05bbe",
"ref": "P313759.7.3",
"inst": "u",
"f": {"lang": "akk-x-neoass",
"form": "x",
"pos": "u"}
}
,
{
"node": "l",
"frag": "x]",
"id": "P313759.l05bbf",
"ref": "P313759.7.4",
"inst": "u",
"f": {"lang": "akk-x-neoass",
"form": "x",
"pos": "u"}
}
,
{
"node": "l",
"frag": "⸢ša⸣",
"id": "P313759.l05bc0",
"ref": "P313759.7.5",
"inst": "ša[who]REL",
"sig": "@saao/saa01%akk-x-neoass:ša=ša[that//who]REL'REL$ša",
"f": {"lang": "akk-x-neoass",
"form": "ša",
"cf": "ša",
"gw": "that",
"sense": "who",
"norm": "ša",
"pos": "REL",
"epos": "REL"}
}
,
{
"node": "l",
"frag": "mi-ik-si",
"id": "P313759.l05bc1",
"ref": "P313759.7.6",
"inst": "miksu[tax (on produce)//toll]N$miksī",
"sig": "@saao/saa01%akk-x-neoass:mi-ik-si=miksu[tax (on produce)//toll]N'N$miksī",
"f": {"lang": "akk-x-neoass",
"form": "mi-ik-si",
"cf": "miksu",
"gw": "tax (on produce)",
"sense": "toll",
"norm": "miksī",
"pos": "N",
"epos": "N"}
}
,
{
"node": "d",
"type": "line-start",
"ref": "P313759.8",
"n": "6'",
"label": "o 6'"}
,
{
"node": "l",
"frag": "[x",
"id": "P313759.l05bc2",
"ref": "P313759.8.1",
"inst": "u",
"f": {"lang": "akk-x-neoass",
"form": "x",
"pos": "u"}
}
,
{
"node": "l",
"frag": "x",
"id": "P313759.l05bc3",
"ref": "P313759.8.2",
"inst": "u",
"f": {"lang": "akk-x-neoass",
"form": "x",
"pos": "u"}
}
,
{
"node": "l",
"frag": "x",
"id": "P313759.l05bc4",
"ref": "P313759.8.3",
"inst": "u",
"f": {"lang": "akk-x-neoass",
"form": "x",
"pos": "u"}
}
,
{
"node": "l",
"frag": "x",
"id": "P313759.l05bc5",
"ref": "P313759.8.4",
"inst": "u",
"f": {"lang": "akk-x-neoass",
"form": "x",
"pos": "u"}
}
,
{
"node": "l",
"frag": "x]",
"id": "P313759.l05bc6",
"ref": "P313759.8.5",
"inst": "u",
"f": {"lang": "akk-x-neoass",
"form": "x",
"pos": "u"}
}
,
{
"node": "l",
"frag": "i-da\\d-nu-ni",
"id": "P313759.l05bc7",
"ref": "P313759.8.6",
"inst": "iddanūni[give]V",
"sig": "@saao/saa01%akk-x-neoass:i-da-nu-ni=tadānu[give//give]V'V$iddanūni",
"f": {"lang": "akk-x-neoass",
"form": "i-da-nu-ni",
"cf": "tadānu",
"gw": "give",
"sense": "give",
"norm": "iddanūni",
"pos": "V",
"epos": "V"}
}
,
{
"node": "d",
"type": "line-start",
"ref": "P313759.9",
"n": "7'",
"label": "o 7'"}
,
{
"node": "l",
"frag": "[x",
"id": "P313759.l05bc8",
"ref": "P313759.9.1",
"inst": "u",
"f": {"lang": "akk-x-neoass",
"form": "x",
"pos": "u"}
}
,
{
"node": "l",
"frag": "x",
"id": "P313759.l05bc9",
"ref": "P313759.9.2",
"inst": "u",
"f": {"lang": "akk-x-neoass",
"form": "x",
"pos": "u"}
}
,
{
"node": "l",
"frag": "x",
"id": "P313759.l05bca",
"ref": "P313759.9.3",
"inst": "u",
"f": {"lang": "akk-x-neoass",
"form": "x",
"pos": "u"}
}
,
{
"node": "l",
"frag": "x",
"id": "P313759.l05bcb",
"ref": "P313759.9.4",
"inst": "u",
"f": {"lang": "akk-x-neoass",
"form": "x",
"pos": "u"}
}
,
{
"node": "l",
"frag": "x]-⸢ra⸣",
"id": "P313759.l05bcc",
"ref": "P313759.9.5",
"inst": "u",
"f": {"lang": "akk-x-neoass",
"form": "x-ra",
"pos": "u"}
}
,
{
"node": "l",
"frag": "ša\\d",
"id": "P313759.l05bcd",
"ref": "P313759.9.6",
"inst": "ša[of]DET",
"sig": "@saao/saa01%akk-x-neoass:ša=ša[of//of]DET'DET$ša",
"f": {"lang": "akk-x-neoass",
"form": "ša",
"cf": "ša",
"gw": "of",
"sense": "of",
"norm": "ša",
"pos": "DET",
"epos": "DET"}
}
,
{
"node": "l",
"frag": "AD-MEŠ-ia",
"id": "P313759.l05bce",
"ref": "P313759.9.7",
"inst": "abu[father]N$abbēya",
"sig": "@saao/saa01%akk-x-neoass:AD-MEŠ-ia=abu[father//father]N'N$abbēya",
"f": {"lang": "akk-x-neoass",
"form": "AD-MEŠ-ia",
"cf": "abu",
"gw": "father",
"sense": "father",
"norm": "abbēya",
"pos": "N",
"epos": "N"}
}
,
{
"node": "d",
"type": "line-start",
"ref": "P313759.10",
"n": "8'",
"label": "o 8'"}
,
{
"node": "l",
"frag": "[x",
"id": "P313759.l05bcf",
"ref": "P313759.10.1",
"inst": "u",
"f": {"lang": "akk-x-neoass",
"form": "x",
"pos": "u"}
}
,
{
"node": "l",
"frag": "x",
"id": "P313759.l05bd0",
"ref": "P313759.10.2",
"inst": "u",
"f": {"lang": "akk-x-neoass",
"form": "x",
"pos": "u"}
}
,
{
"node": "l",
"frag": "x",
"id": "P313759.l05bd1",
"ref": "P313759.10.3",
"inst": "u",
"f": {"lang": "akk-x-neoass",
"form": "x",
"pos": "u"}
}
,
{
"node": "l",
"frag": "x",
"id": "P313759.l05bd2",
"ref": "P313759.10.4",
"inst": "u",
"f": {"lang": "akk-x-neoass",
"form": "x",
"pos": "u"}
}
,
{
"node": "l",
"frag": "x]",
"id": "P313759.l05bd3",
"ref": "P313759.10.5",
"inst": "u",
"f": {"lang": "akk-x-neoass",
"form": "x",
"pos": "u"}
}
,
{
"node": "l",
"frag": "an",
"id": "P313759.l05bd4",
"ref": "P313759.10.6",
"inst": "u",
"f": {"lang": "akk-x-neoass",
"form": "an",
"pos": "u"}
}
,
{
"node": "l",
"frag": "at",
"id": "P313759.l05bd5",
"ref": "P313759.10.7",
"inst": "u",
"f": {"lang": "akk-x-neoass",
"form": "at",
"pos": "u"}
}
,
{
"node": "l",
"frag": "⸢tu₂⸣",
"id": "P313759.l05bd6",
"ref": "P313759.10.8",
"inst": "u",
"f": {"lang": "akk-x-neoass",
"form": "tu₂",
"pos": "u"}
}
,
{
"node": "l",
"frag": "nu",
"id": "P313759.l05bd7",
"ref": "P313759.10.9",
"inst": "u",
"f": {"lang": "akk-x-neoass",
"form": "nu",
"pos": "u"}
}
,
{
"node": "l",
"frag": "a",
"id": "P313759.l05bd8",
"ref": "P313759.10.10",
"inst": "u",
"f": {"lang": "akk-x-neoass",
"form": "a",
"pos": "u"}
}
,
{
"node": "d",
"type": "nonx",
"ref": "P313759.11",
"strict": "0",
"extent": "rest",
"state": "missing"}
,
{
"node": "d",
"subtype": "reverse",
"type": "surface",
"ref": "P313759.r.12",
"type": "reverse",
"label": "r"}
,
{
"node": "d",
"type": "nonx",
"ref": "P313759.13",
"strict": "0",
"extent": "beginning",
"state": "missing"}
,
{
"node": "d",
"type": "line-start",
"ref": "P313759.14",
"n": "1'",
"label": "r 1'"}
,
{
"node": "l",
"frag": "[x",
"id": "P313759.l05bd9",
"ref": "P313759.14.1",
"inst": "u",
"f": {"lang": "akk-x-neoass",
"form": "x",
"pos": "u"}
}
,
{
"node": "l",
"frag": "x",
"id": "P313759.l05bda",
"ref": "P313759.14.2",
"inst": "u",
"f": {"lang": "akk-x-neoass",
"form": "x",
"pos": "u"}
}
,
{
"node": "l",
"frag": "x",
"id": "P313759.l05bdb",
"ref": "P313759.14.3",
"inst": "u",
"f": {"lang": "akk-x-neoass",
"form": "x",
"pos": "u"}
}
,
{
"node": "l",
"frag": "x",
"id": "P313759.l05bdc",
"ref": "P313759.14.4",
"inst": "u",
"f": {"lang": "akk-x-neoass",
"form": "x",
"pos": "u"}
}
,
{
"node": "l",
"frag": "x]",
"id": "P313759.l05bdd",
"ref": "P313759.14.5",
"inst": "u",
"f": {"lang": "akk-x-neoass",
"form": "x",
"pos": "u"}
}
,
{
"node": "l",
"frag": "⸢x⸣",
"id": "P313759.l05bde",
"ref": "P313759.14.6",
"inst": "u",
"f": {"lang": "akk-x-neoass",
"form": "x",
"pos": "u"}
}
,
{
"node": "l",
"frag": "[x",
"id": "P313759.l05bdf",
"ref": "P313759.14.7",
"inst": "u",
"f": {"lang": "akk-x-neoass",
"form": "x",
"pos": "u"}
}
,
{
"node": "l",
"frag": "x",
"id": "P313759.l05be0",
"ref": "P313759.14.8",
"inst": "u",
"f": {"lang": "akk-x-neoass",
"form": "x",
"pos": "u"}
}
,
{
"node": "l",
"frag": "x]",
"id": "P313759.l05be1",
"ref": "P313759.14.9",
"inst": "u",
"f": {"lang": "akk-x-neoass",
"form": "x",
"pos": "u"}
}
,
{
"node": "d",
"type": "line-start",
"ref": "P313759.15",
"n": "2'",
"label": "r 2'"}
,
{
"node": "l",
"frag": "[x",
"id": "P313759.l05be2",
"ref": "P313759.15.1",
"inst": "u",
"f": {"lang": "akk-x-neoass",
"form": "x",
"pos": "u"}
}
,
{
"node": "l",
"frag": "x",
"id": "P313759.l05be3",
"ref": "P313759.15.2",
"inst": "u",
"f": {"lang": "akk-x-neoass",
"form": "x",
"pos": "u"}
}
,
{
"node": "l",
"frag": "x",
"id": "P313759.l05be4",
"ref": "P313759.15.3",
"inst": "u",
"f": {"lang": "akk-x-neoass",
"form": "x",
"pos": "u"}
}
,
{
"node": "c",
"type": "phrase",
"tag": "phr",
"id": "P313759.U4",
"ref": "P313759.ls00000",
"cdl": [
{
"node": "l",
"frag": "ina]",
"id": "P313759.l05be5",
"ref": "P313759.15.4",
"inst": "ina[in+=concerning]PRP",
"sig": "@saao/saa01%akk-x-neoass:ina=ina[in//in]PRP'PRP$ina",
"f": {"lang": "akk-x-neoass",
"form": "ina",
"cf": "ina",
"gw": "in",
"sense": "in",
"norm": "ina",
"pos": "PRP",
"epos": "PRP"}
}
,
{
"node": "l",
"frag": "⸢UGU⸣",
"id": "P313759.l05be6",
"ref": "P313759.15.5",
"inst": "muhhi[skull]N",
"sig": "@saao/saa01%akk-x-neoass:UGU=muhhu[skull//top]N'N$muhhi",
"f": {"lang": "akk-x-neoass",
"form": "UGU",
"cf": "muhhu",
"gw": "skull",
"sense": "top",
"norm": "muhhi",
"pos": "N",
"epos": "N"}
}
]}
,
{
"node": "l",
"frag": "{lu₂}⸢DAM.QAR⸣-[MEŠ]",
"id": "P313759.l05be7",
"ref": "P313759.15.6",
"inst": "tankarāni[merchant]N",
"sig": "@saao/saa01%akk-x-neoass:{LU₂}DAM.QAR-MEŠ=tamkāru[merchant//merchant]N'N$tankarāni",
"f": {"lang": "akk-x-neoass",
"form": "{LU₂}DAM.QAR-MEŠ",
"cf": "tamkāru",
"gw": "merchant",
"sense": "merchant",
"norm": "tankarāni",
"pos": "N",
"epos": "N"}
}
,
{
"node": "d",
"type": "line-start",
"ref": "P313759.16",
"n": "3'",
"label": "r 3'"}
,
{
"node": "l",
"frag": "[ša",
"id": "P313759.l05be8",
"ref": "P313759.16.1",
"inst": "ša[of]DET",
"sig": "@saao/saa01%akk-x-neoass:ša=ša[of//of]DET'DET$ša",
"f": {"lang": "akk-x-neoass",
"form": "ša",
"cf": "ša",
"gw": "of",
"sense": "of",
"norm": "ša",
"pos": "DET",
"epos": "DET"}
}
,
{
"node": "l",
"frag": "{1}x",
"id": "P313759.l05be9",
"ref": "P313759.16.2",
"inst": "u",
"f": {"lang": "akk-x-neoass",
"form": "{1}x",
"pos": "u"}
}
,
{
"node": "l",
"frag": "x",
"id": "P313759.l05bea",
"ref": "P313759.16.3",
"inst": "u",
"f": {"lang": "akk-x-neoass",
"form": "x",
"pos": "u"}
}
,
{
"node": "l",
"frag": "x",
"id": "P313759.l05beb",
"ref": "P313759.16.4",
"inst": "u",
"f": {"lang": "akk-x-neoass",
"form": "x",
"pos": "u"}
}
,
{
"node": "l",
"frag": "{1}DUG₃].GA-i",
"id": "P313759.l05bec",
"ref": "P313759.16.5",
"inst": "Ṭabi[]PN$",
"sig": "@saao/saa01%akk-x-neoass:{1}DUG₃.GA-i=Ṭabi[1//1]PN'PN$Ṭabi",
"f": {"lang": "akk-x-neoass",
"form": "{1}DUG₃.GA-i",
"cf": "Ṭabi",
"gw": "1",
"sense": "1",
"norm": "Ṭabi",
"pos": "PN",
"epos": "PN"}
}
,
{
"node": "d",
"type": "line-start",
"ref": "P313759.17",
"n": "4'",
"label": "r 4'"}
,
{
"node": "l",
"frag": "[x",
"id": "P313759.l05bed",
"ref": "P313759.17.1",
"inst": "u",
"f": {"lang": "akk-x-neoass",
"form": "x",
"pos": "u"}
}
,
{
"node": "l",
"frag": "x",
"id": "P313759.l05bee",
"ref": "P313759.17.2",
"inst": "u",
"f": {"lang": "akk-x-neoass",
"form": "x",
"pos": "u"}
}
,
{
"node": "l",
"frag": "x",
"id": "P313759.l05bef",
"ref": "P313759.17.3",
"inst": "u",
"f": {"lang": "akk-x-neoass",
"form": "x",
"pos": "u"}
}
,
{
"node": "l",
"frag": "x",
"id": "P313759.l05bf0",
"ref": "P313759.17.4",
"inst": "u",
"f": {"lang": "akk-x-neoass",
"form": "x",
"pos": "u"}
}
,
{
"node": "l",
"frag": "x]",
"id": "P313759.l05bf1",
"ref": "P313759.17.5",
"inst": "u",
"f": {"lang": "akk-x-neoass",
"form": "x",
"pos": "u"}
}
,
{
"node": "l",
"frag": "ša\\d",
"id": "P313759.l05bf2",
"ref": "P313759.17.6",
"inst": "ša[who]REL",
"sig": "@saao/saa01%akk-x-neoass:ša=ša[that//who]REL'REL$ša",
"f": {"lang": "akk-x-neoass",
"form": "ša",
"cf": "ša",
"gw": "that",
"sense": "who",
"norm": "ša",
"pos": "REL",
"epos": "REL"}
}
,
{
"node": "l",
"frag": "a-na\\t",
"id": "P313759.l05bf3",
"ref": "P313759.17.7",
"inst": "ana[to]PRP",
"sig": "@saao/saa01%akk-x-neoass:a-na=ana[to//to]PRP'PRP$ana",
"f": {"lang": "akk-x-neoass",
"form": "a-na",
"cf": "ana",
"gw": "to",
"sense": "to",
"norm": "ana",
"pos": "PRP",
"epos": "PRP"}
}
,
{
"node": "l",
"frag": "LUGAL",
"id": "P313759.l05bf4",
"ref": "P313759.17.8",
"inst": "šarri[king]N",
"sig": "@saao/saa01%akk-x-neoass:LUGAL=šarru[king//king]N'N$šarri",
"f": {"lang": "akk-x-neoass",
"form": "LUGAL",
"cf": "šarru",
"gw": "king",
"sense": "king",
"norm": "šarri",
"pos": "N",
"epos": "N"}
}
,
{
"node": "l",
"frag": "EN-ia",
"id": "P313759.l05bf5",
"ref": "P313759.17.9",
"inst": "bēlīya[lord]N",
"sig": "@saao/saa01%akk-x-neoass:EN-ia=bēlu[lord//lord]N'N$bēlīya",
"f": {"lang": "akk-x-neoass",
"form": "EN-ia",
"cf": "bēlu",
"gw": "lord",
"sense": "lord",
"norm": "bēlīya",
"pos": "N",
"epos": "N"}
}
,
{
"node": "d",
"type": "line-start",
"ref": "P313759.18",
"n": "5'",
"label": "r 5'"}
,
{
"node": "l",
"frag": "[aš₂-pur-an-ni]",
"id": "P313759.l05bf6",
"ref": "P313759.18.1",
"inst": "ašpuranni[write]V",
"sig": "@saao/saa01%akk-x-neoass:aš₂-pur-an-ni=šapāru[send//write]V'V$ašpuranni",
"f": {"lang": "akk-x-neoass",
"form": "aš₂-pur-an-ni",
"cf": "šapāru",
"gw": "send",
"sense": "write",
"norm": "ašpuranni",
"pos": "V",
"epos": "V"}
}
,
{
"node": "l",
"frag": "⸢LUGAL⸣",
"id": "P313759.l05bf7",
"ref": "P313759.18.2",
"inst": "šarru[king]N",
"sig": "@saao/saa01%akk-x-neoass:LUGAL=šarru[king//king]N'N$šarru",
"f": {"lang": "akk-x-neoass",
"form": "LUGAL",
"cf": "šarru",
"gw": "king",
"sense": "king",
"norm": "šarru",
"pos": "N",
"epos": "N"}
}
,
{
"node": "l",
"frag": "be-li₂",
"id": "P313759.l05bf8",
"ref": "P313759.18.3",
"inst": "bēlī[lord]N",
"sig": "@saao/saa01%akk-x-neoass:be-li₂=bēlu[lord//lord]N'N$bēlī",
"f": {"lang": "akk-x-neoass",
"form": "be-li₂",
"cf": "bēlu",
"gw": "lord",
"sense": "lord",
"norm": "bēlī",
"pos": "N",
"epos": "N"}
}
,
{
"node": "d",
"type": "line-start",
"ref": "P313759.19",
"n": "6'",
"label": "r 6'"}
,
{
"node": "l",
"frag": "[x",
"id": "P313759.l05bf9",
"ref": "P313759.19.1",
"inst": "u",
"f": {"lang": "akk-x-neoass",
"form": "x",
"pos": "u"}
}
,
{
"node": "l",
"frag": "x",
"id": "P313759.l05bfa",
"ref": "P313759.19.2",
"inst": "u",
"f": {"lang": "akk-x-neoass",
"form": "x",
"pos": "u"}
}
,
{
"node": "l",
"frag": "x",
"id": "P313759.l05bfb",
"ref": "P313759.19.3",
"inst": "u",
"f": {"lang": "akk-x-neoass",
"form": "x",
"pos": "u"}
}
,
{
"node": "l",
"frag": "x]-⸢ni⸣",
"id": "P313759.l05bfc",
"ref": "P313759.19.4",
"inst": "u",
"f": {"lang": "akk-x-neoass",
"form": "x-ni",
"pos": "u"}
}
,
{
"node": "l",
"frag": "i-di-na-an-ni",
"id": "P313759.l05bfd",
"ref": "P313759.19.5",
"inst": "iddinanni[give]V",
"sig": "@saao/saa01%akk-x-neoass:i-di-na-an-ni=tadānu[give//give]V'V$iddinanni",
"f": {"lang": "akk-x-neoass",
"form": "i-di-na-an-ni",
"cf": "tadānu",
"gw": "give",
"sense": "give",
"norm": "iddinanni",
"pos": "V",
"epos": "V"}
}
,
{
"node": "d",
"type": "line-start",
"ref": "P313759.20",
"n": "7'",
"label": "r 7'"}
,
{
"node": "l",
"frag": "[an-nu-rig",
"id": "P313759.l05bfe",
"ref": "P313759.20.1",
"inst": "annurig[now]AV",
"sig": "@saao/saa01%akk-x-neoass:an-nu-rig=annûri[now//now]AV'AV$annurig",
"f": {"lang": "akk-x-neoass",
"form": "an-nu-rig",
"cf": "annûri",
"gw": "now",
"sense": "now",
"norm": "annurig",
"pos": "AV",
"epos": "AV"}
}
,
{
"node": "l",
"frag": "{1}x",
"id": "P313759.l05bff",
"ref": "P313759.20.2",
"inst": "u",
"f": {"lang": "akk-x-neoass",
"form": "{1}x",
"pos": "u"}
}
,
{
"node": "l",
"frag": "x]-a",
"id": "P313759.l05c00",
"ref": "P313759.20.3",
"inst": "u",
"f": {"lang": "akk-x-neoass",
"form": "x-a",
"pos": "u"}
}
,
{
"node": "l",
"frag": "{1}DUG₃.GA-i",
"id": "P313759.l05c01",
"ref": "P313759.20.4",
"inst": "Ṭabi[1]PN",
"sig": "@saao/saa01%akk-x-neoass:{1}DUG₃.GA-i=Ṭabi[1//1]PN'PN$Ṭabi",
"f": {"lang": "akk-x-neoass",
"form": "{1}DUG₃.GA-i",
"cf": "Ṭabi",
"gw": "1",
"sense": "1",
"norm": "Ṭabi",
"pos": "PN",
"epos": "PN"}
}
,
{
"node": "d",
"type": "line-start",
"ref": "P313759.21",
"n": "8'",
"label": "r 8'"}
,
{
"node": "l",
"frag": "[x",
"id": "P313759.l05c02",
"ref": "P313759.21.1",
"inst": "u",
"f": {"lang": "akk-x-neoass",
"form": "x",
"pos": "u"}
}
,
{
"node": "l",
"frag": "x",
"id": "P313759.l05c03",
"ref": "P313759.21.2",
"inst": "u",
"f": {"lang": "akk-x-neoass",
"form": "x",
"pos": "u"}
}
,
{
"node": "l",
"frag": "x",
"id": "P313759.l05c04",
"ref": "P313759.21.3",
"inst": "u",
"f": {"lang": "akk-x-neoass",
"form": "x",
"pos": "u"}
}
,
{
"node": "l",
"frag": "x",
"id": "P313759.l05c05",
"ref": "P313759.21.4",
"inst": "u",
"f": {"lang": "akk-x-neoass",
"form": "x",
"pos": "u"}
}
,
{
"node": "l",
"frag": "u₂]-ṣa-bi-tu-šu₂-nu",
"id": "P313759.l05c06",
"ref": "P313759.21.5",
"inst": "ṣabātu[seize]V$uṣṣabbituššunu",
"sig": "@saao/saa01%akk-x-neoass:u₂-ṣa-bi-tu-šu₂-nu=ṣabātu[seize//seize]V'V$uṣṣabbituššunu",
"f": {"lang": "akk-x-neoass",
"form": "u₂-ṣa-bi-tu-šu₂-nu",
"cf": "ṣabātu",
"gw": "seize",
"sense": "seize",
"norm": "uṣṣabbituššunu",
"pos": "V",
"epos": "V"}
}
,
{
"node": "d",
"type": "line-start",
"ref": "P313759.22",
"n": "9'",
"label": "r 9'"}
,
{
"node": "l",
"frag": "[x",
"id": "P313759.l05c07",
"ref": "P313759.22.1",
"inst": "u",
"f": {"lang": "akk-x-neoass",
"form": "x",
"pos": "u"}
}
,
{
"node": "l",
"frag": "x",
"id": "P313759.l05c08",
"ref": "P313759.22.2",
"inst": "u",
"f": {"lang": "akk-x-neoass",
"form": "x",
"pos": "u"}
}
,
{
"node": "l",
"frag": "x",
"id": "P313759.l05c09",
"ref": "P313759.22.3",
"inst": "u",
"f": {"lang": "akk-x-neoass",
"form": "x",
"pos": "u"}
}
,
{
"node": "l",
"frag": "x",
"id": "P313759.l05c0a",
"ref": "P313759.22.4",
"inst": "u",
"f": {"lang": "akk-x-neoass",
"form": "x",
"pos": "u"}
}
,
{
"node": "l",
"frag": "x]",
"id": "P313759.l05c0b",
"ref": "P313759.22.5",
"inst": "u",
"f": {"lang": "akk-x-neoass",
"form": "x",
"pos": "u"}
}
,
{
"node": "l",
"frag": "BAD-HAL-lum-ni\\d",
"id": "P313759.l05c0c",
"ref": "P313759.22.6",
"inst": "pēthallu[riding horse]N$pēthallumni",
"sig": "@saao/saa01%akk-x-neoass:BAD-HAL-lum-ni=pēthallu[riding horse//riding horse]N'N$pēthallumni",
"f": {"lang": "akk-x-neoass",
"form": "BAD-HAL-lum-ni",
"cf": "pēthallu",
"gw": "riding horse",
"sense": "riding horse",
"norm": "pēthallumni",
"pos": "N",
"epos": "N"}
}
,
{
"node": "d",
"type": "line-start",
"ref": "P313759.23",
"n": "10'",
"label": "r 10'"}
,
{
"node": "l",
"frag": "[x",
"id": "P313759.l05c0d",
"ref": "P313759.23.1",
"inst": "u",
"f": {"lang": "akk-x-neoass",
"form": "x",
"pos": "u"}
}
,
{
"node": "l",
"frag": "x",
"id": "P313759.l05c0e",
"ref": "P313759.23.2",
"inst": "u",
"f": {"lang": "akk-x-neoass",
"form": "x",
"pos": "u"}
}
,
{
"node": "l",
"frag": "x",
"id": "P313759.l05c0f",
"ref": "P313759.23.3",
"inst": "u",
"f": {"lang": "akk-x-neoass",
"form": "x",
"pos": "u"}
}
,
{
"node": "l",
"frag": "x",
"id": "P313759.l05c10",
"ref": "P313759.23.4",
"inst": "u",
"f": {"lang": "akk-x-neoass",
"form": "x",
"pos": "u"}
}
,
{
"node": "l",
"frag": "{1}⸢DUG₃⸣.GA-[i]",
"id": "P313759.l05c11",
"ref": "P313759.23.5",
"inst": "Ṭabi[1]PN",
"sig": "@saao/saa01%akk-x-neoass:{1}DUG₃.GA-i=Ṭabi[1//1]PN'PN$Ṭabi",
"f": {"lang": "akk-x-neoass",
"form": "{1}DUG₃.GA-i",
"cf": "Ṭabi",
"gw": "1",
"sense": "1",
"norm": "Ṭabi",
"pos": "PN",
"epos": "PN"}
}
,
{
"node": "l",
"frag": "⸢a⸣-lak-⸢šu-u₂⸣",
"id": "P313759.l05c12",
"ref": "P313759.23.6",
"inst": "u",
"f": {"lang": "akk-x-neoass",
"form": "a-lak-šu-u₂",
"pos": "u"}
}
,
{
"node": "d",
"type": "nonx",
"ref": "P313759.24",
"strict": "0",
"extent": "rest",
"state": "missing"}
]}
]}
]}
,
{
"linkbase": [{
"type": "linkset",
"xlink_title": "ina muhhi[on//about]PRP'PRP",
"id": "P313759.ls00000",
"xlink_type": "extended",
"xlink_role": "psu",
"sig": "{ina[in]PRP muhhu[skull]N += ina muhhi[on//about]PRP'PRP}::@saao%akk-x-neoass:ina=ina[in//into]PRP'PRP$ina++@saao%akk-x-neoass:UGU=muhhu[skull//skull]N'N$muhhi",
"links": [
{
"type": "link",
"xlink_title": "ina",
"xlink_type": "locator",
"xlink_href": "#P313759.l05be5",
"xlink_role": "elt"}
,
{
"type": "link",
"xlink_title": "muhhu",
"xlink_type": "locator",
"xlink_href": "#P313759.l05be6",
"xlink_role": "elt"}
]}
]}
]}
