{
"type": "cdl",
  "source": "http://oracc.org/saao/saa01",
  "license": "This data is released under the CC0 license",
  "license-url": "https://creativecommons.org/publicdomain/zero/1.0/",
  "more-info": "http://oracc.org/doc/opendata/",
  "UTC-timestamp": "2017-05-19T11:21:56",
"project": "saao/saa01",
"textid": "P313864",
"cdl": [
{
"node": "c",
"type": "text",
"id": "P313864.U0",
"cdl": [
{
"node": "d",
"type": "object",
"ref": ""}
,
{
"node": "d",
"type": "surface",
"ref": ""}
,
{
"node": "c",
"type": "discourse",
"subtype": "body",
"id": "P313864.U1",
"cdl": [
{
"node": "c",
"type": "sentence",
"id": "P313864.U2",
"label": "1 - r 3'",
"cdl": [
{
"node": "d",
"type": "line-start",
"ref": "P313864.1",
"n": "1",
"label": "1"}
,
{
"node": "l",
"frag": "[a-na",
"id": "P313864.l04188",
"ref": "P313864.1.1",
"inst": "ana[to]PRP",
"sig": "@saao/saa01%akk-x-neoass:a-na=ana[to//to]PRP'PRP$ana",
"f": {"lang": "akk-x-neoass",
"form": "a-na",
"cf": "ana",
"gw": "to",
"sense": "to",
"norm": "ana",
"pos": "PRP",
"epos": "PRP"}
}
,
{
"node": "l",
"frag": "LUGAL",
"id": "P313864.l04189",
"ref": "P313864.1.2",
"inst": "šarri[king]N",
"sig": "@saao/saa01%akk-x-neoass:LUGAL=šarru[king//king]N'N$šarri",
"f": {"lang": "akk-x-neoass",
"form": "LUGAL",
"cf": "šarru",
"gw": "king",
"sense": "king",
"norm": "šarri",
"pos": "N",
"epos": "N"}
}
,
{
"node": "l",
"frag": "EN-ia]",
"id": "P313864.l0418a",
"ref": "P313864.1.3",
"inst": "bēlīya[lord]N",
"sig": "@saao/saa01%akk-x-neoass:EN-ia=bēlu[lord//lord]N'N$bēlīya",
"f": {"lang": "akk-x-neoass",
"form": "EN-ia",
"cf": "bēlu",
"gw": "lord",
"sense": "lord",
"norm": "bēlīya",
"pos": "N",
"epos": "N"}
}
,
{
"node": "d",
"type": "line-start",
"ref": "P313864.2",
"n": "2",
"label": "2"}
,
{
"node": "l",
"frag": "[ARAD-ka",
"id": "P313864.l0418b",
"ref": "P313864.2.1",
"inst": "urdaka[servant]N",
"sig": "@saao/saa01%akk-x-neoass:ARAD-ka=ardu[slave//servant]N'N$urdaka",
"f": {"lang": "akk-x-neoass",
"form": "ARAD-ka",
"cf": "ardu",
"gw": "slave",
"sense": "servant",
"norm": "urdaka",
"pos": "N",
"epos": "N"}
}
,
{
"node": "l",
"frag": "{1}x",
"id": "P313864.l0418c",
"ref": "P313864.2.2",
"inst": "u",
"f": {"lang": "akk-x-neoass",
"form": "{1}x",
"pos": "u"}
}
,
{
"node": "l",
"frag": "x",
"id": "P313864.l0418d",
"ref": "P313864.2.3",
"inst": "u",
"f": {"lang": "akk-x-neoass",
"form": "x",
"pos": "u"}
}
,
{
"node": "l",
"frag": "x",
"id": "P313864.l0418e",
"ref": "P313864.2.4",
"inst": "u",
"f": {"lang": "akk-x-neoass",
"form": "x",
"pos": "u"}
}
,
{
"node": "l",
"frag": "x]",
"id": "P313864.l0418f",
"ref": "P313864.2.5",
"inst": "u",
"f": {"lang": "akk-x-neoass",
"form": "x",
"pos": "u"}
}
,
{
"node": "d",
"type": "line-start",
"ref": "P313864.3",
"n": "3",
"label": "3"}
,
{
"node": "l",
"frag": "[lu",
"id": "P313864.l04190",
"ref": "P313864.3.1",
"inst": "lū[may]MOD",
"sig": "@saao/saa01%akk-x-neoass:lu=lū[may//may]MOD'MOD$lū",
"f": {"lang": "akk-x-neoass",
"form": "lu",
"cf": "lū",
"gw": "may",
"sense": "may",
"norm": "lū",
"pos": "MOD",
"epos": "MOD"}
}
,
{
"node": "l",
"frag": "DI-mu",
"id": "P313864.l04191",
"ref": "P313864.3.2",
"inst": "šulmu[health]N",
"sig": "@saao/saa01%akk-x-neoass:DI-mu=šulmu[completeness//health]N'N$šulmu",
"f": {"lang": "akk-x-neoass",
"form": "DI-mu",
"cf": "šulmu",
"gw": "completeness",
"sense": "health",
"norm": "šulmu",
"pos": "N",
"epos": "N"}
}
,
{
"node": "l",
"frag": "a-na",
"id": "P313864.l04192",
"ref": "P313864.3.3",
"inst": "ana[to]PRP",
"sig": "@saao/saa01%akk-x-neoass:a-na=ana[to//to]PRP'PRP$ana",
"f": {"lang": "akk-x-neoass",
"form": "a-na",
"cf": "ana",
"gw": "to",
"sense": "to",
"norm": "ana",
"pos": "PRP",
"epos": "PRP"}
}
,
{
"node": "l",
"frag": "LUGAL",
"id": "P313864.l04193",
"ref": "P313864.3.4",
"inst": "šarri[king]N",
"sig": "@saao/saa01%akk-x-neoass:LUGAL=šarru[king//king]N'N$šarri",
"f": {"lang": "akk-x-neoass",
"form": "LUGAL",
"cf": "šarru",
"gw": "king",
"sense": "king",
"norm": "šarri",
"pos": "N",
"epos": "N"}
}
,
{
"node": "l",
"frag": "EN-ia]",
"id": "P313864.l04194",
"ref": "P313864.3.5",
"inst": "bēlīya[lord]N",
"sig": "@saao/saa01%akk-x-neoass:EN-ia=bēlu[lord//lord]N'N$bēlīya",
"f": {"lang": "akk-x-neoass",
"form": "EN-ia",
"cf": "bēlu",
"gw": "lord",
"sense": "lord",
"norm": "bēlīya",
"pos": "N",
"epos": "N"}
}
,
{
"node": "d",
"type": "line-start",
"ref": "P313864.4",
"n": "4",
"label": "4"}
,
{
"node": "c",
"type": "phrase",
"tag": "phr",
"id": "P313864.U4",
"ref": "P313864.ls00000",
"cdl": [
{
"node": "l",
"frag": "[ina",
"id": "P313864.l04195",
"ref": "P313864.4.1",
"inst": "ina[in+=concerning]PRP",
"sig": "@saao/saa01%akk-x-neoass:ina=ina[in//in]PRP'PRP$ina",
"f": {"lang": "akk-x-neoass",
"form": "ina",
"cf": "ina",
"gw": "in",
"sense": "in",
"norm": "ina",
"pos": "PRP",
"epos": "PRP"}
}
,
{
"node": "l",
"frag": "UGU",
"id": "P313864.l04196",
"ref": "P313864.4.2",
"inst": "muhhi[skull]N",
"sig": "@saao/saa01%akk-x-neoass:UGU=muhhu[skull//top]N'N$muhhi",
"f": {"lang": "akk-x-neoass",
"form": "UGU",
"cf": "muhhu",
"gw": "skull",
"sense": "top",
"norm": "muhhi",
"pos": "N",
"epos": "N"}
}
]}
,
{
"node": "l",
"frag": "x",
"id": "P313864.l04197",
"ref": "P313864.4.3",
"inst": "u",
"f": {"lang": "akk-x-neoass",
"form": "x",
"pos": "u"}
}
,
{
"node": "l",
"frag": "x",
"id": "P313864.l04198",
"ref": "P313864.4.4",
"inst": "u",
"f": {"lang": "akk-x-neoass",
"form": "x",
"pos": "u"}
}
,
{
"node": "l",
"frag": "x",
"id": "P313864.l04199",
"ref": "P313864.4.5",
"inst": "u",
"f": {"lang": "akk-x-neoass",
"form": "x",
"pos": "u"}
}
,
{
"node": "l",
"frag": "x]",
"id": "P313864.l0419a",
"ref": "P313864.4.6",
"inst": "u",
"f": {"lang": "akk-x-neoass",
"form": "x",
"pos": "u"}
}
,
{
"node": "d",
"type": "line-start",
"ref": "P313864.5",
"n": "5",
"label": "5"}
,
{
"node": "l",
"frag": "[ša]",
"id": "P313864.l0419b",
"ref": "P313864.5.1",
"inst": "ša[which]REL",
"sig": "@saao/saa01%akk-x-neoass:ša=ša[that//which]REL'REL$ša",
"f": {"lang": "akk-x-neoass",
"form": "ša",
"cf": "ša",
"gw": "that",
"sense": "which",
"norm": "ša",
"pos": "REL",
"epos": "REL"}
}
,
{
"node": "l",
"frag": "⸢LUGAL⸣",
"id": "P313864.l0419c",
"ref": "P313864.5.2",
"inst": "šarru[king]N",
"sig": "@saao/saa01%akk-x-neoass:LUGAL=šarru[king//king]N'N$šarru",
"f": {"lang": "akk-x-neoass",
"form": "LUGAL",
"cf": "šarru",
"gw": "king",
"sense": "king",
"norm": "šarru",
"pos": "N",
"epos": "N"}
}
,
{
"node": "l",
"frag": "[be-li₂]",
"id": "P313864.l0419d",
"ref": "P313864.5.3",
"inst": "bēlī[lord]N",
"sig": "@saao/saa01%akk-x-neoass:be-li₂=bēlu[lord//lord]N'N$bēlī",
"f": {"lang": "akk-x-neoass",
"form": "be-li₂",
"cf": "bēlu",
"gw": "lord",
"sense": "lord",
"norm": "bēlī",
"pos": "N",
"epos": "N"}
}
,
{
"node": "d",
"type": "line-start",
"ref": "P313864.6",
"n": "6",
"label": "6"}
,
{
"node": "l",
"frag": "[iš]-pur-an-[ni",
"id": "P313864.l0419e",
"ref": "P313864.6.1",
"inst": "išpuranni[write]V",
"sig": "@saao/saa01%akk-x-neoass:iš-pur-an-ni=šapāru[send//write]V'V$išpuranni",
"f": {"lang": "akk-x-neoass",
"form": "iš-pur-an-ni",
"cf": "šapāru",
"gw": "send",
"sense": "write",
"norm": "išpuranni",
"pos": "V",
"epos": "V"}
}
,
{
"node": "l",
"frag": "ma-a",
"id": "P313864.l0419f",
"ref": "P313864.6.2",
"inst": "mā[saying]PRP",
"sig": "@saao/saa01%akk-x-neoass:ma-a=mā[saying//saying]PRP'PRP$mā",
"f": {"lang": "akk-x-neoass",
"form": "ma-a",
"cf": "mā",
"gw": "saying",
"sense": "saying",
"norm": "mā",
"pos": "PRP",
"epos": "PRP"}
}
,
{
"node": "l",
"frag": "ki-ma]",
"id": "P313864.l041a0",
"ref": "P313864.6.3",
"inst": "kīma[as soon as]'MOD",
"sig": "@saao/saa01%akk-x-neoass:ki-ma=kīma[like//as soon as]PRP'MOD$kīma",
"f": {"lang": "akk-x-neoass",
"form": "ki-ma",
"cf": "kīma",
"gw": "like",
"sense": "as soon as",
"norm": "kīma",
"pos": "PRP",
"epos": "MOD"}
}
,
{
"node": "d",
"type": "line-start",
"ref": "P313864.7",
"n": "7",
"label": "7"}
,
{
"node": "l",
"frag": "{⸢na₄⸣}{d}LAMA.{⸢d⸣}[ALAD",
"id": "P313864.l041a1",
"ref": "P313864.7.1",
"inst": "aladlammû[human-headed bull-colossus]N$",
"sig": "@saao/saa01%akk-x-neoass:{NA₄}{d}LAMA.{d}ALAD=aladlammû[human-headed bull-colossus//human-headed bull-colossus]N'N$aladlammû",
"f": {"lang": "akk-x-neoass",
"form": "{NA₄}{d}LAMA.{d}ALAD",
"cf": "aladlammû",
"gw": "human-headed bull-colossus",
"sense": "human-headed bull-colossus",
"norm": "aladlammû",
"pos": "N",
"epos": "N"}
}
,
{
"node": "l",
"frag": "ša",
"id": "P313864.l041a2",
"ref": "P313864.7.2",
"inst": "ša[of]DET",
"sig": "@saao/saa01%akk-x-neoass:ša=ša[of//of]DET'DET$ša",
"f": {"lang": "akk-x-neoass",
"form": "ša",
"cf": "ša",
"gw": "of",
"sense": "of",
"norm": "ša",
"pos": "DET",
"epos": "DET"}
}
,
{
"node": "l",
"frag": "x",
"id": "P313864.l041a3",
"ref": "P313864.7.3",
"inst": "u",
"f": {"lang": "akk-x-neoass",
"form": "x",
"pos": "u"}
}
,
{
"node": "l",
"frag": "x]",
"id": "P313864.l041a4",
"ref": "P313864.7.4",
"inst": "u",
"f": {"lang": "akk-x-neoass",
"form": "x",
"pos": "u"}
}
,
{
"node": "d",
"type": "line-start",
"ref": "P313864.8",
"n": "8",
"label": "8"}
,
{
"node": "l",
"frag": "⸢tu⸣-ug\\d-⸢da⸣-[mir-u-ni]",
"id": "P313864.l041a5",
"ref": "P313864.8.1",
"inst": "gamāru[complete//finish]V$tugdammirūni",
"sig": "@saao/saa01%akk-x-neoass:tu-ug-da-mir-u-ni=gamāru[complete//finish]V'V$tugdammirūni",
"f": {"lang": "akk-x-neoass",
"form": "tu-ug-da-mir-u-ni",
"cf": "gamāru",
"gw": "complete",
"sense": "finish",
"norm": "tugdammirūni",
"pos": "V",
"epos": "V"}
}
,
{
"node": "d",
"type": "line-start",
"ref": "P313864.9",
"n": "9",
"label": "9"}
,
{
"node": "l",
"frag": "⸢ma⸣-a",
"id": "P313864.l041a6",
"ref": "P313864.9.1",
"inst": "mā[saying]PRP",
"sig": "@saao/saa01%akk-x-neoass:ma-a=mā[saying//saying]PRP'PRP$mā",
"f": {"lang": "akk-x-neoass",
"form": "ma-a",
"cf": "mā",
"gw": "saying",
"sense": "saying",
"norm": "mā",
"pos": "PRP",
"epos": "PRP"}
}
,
{
"node": "l",
"frag": "dul-la-[ku-nu",
"id": "P313864.l041a7",
"ref": "P313864.9.2",
"inst": "dullakunu[work]N",
"sig": "@saao/saa01%akk-x-neoass:dul-la-ku-nu=dullu[trouble//work]N'N$dullakunu",
"f": {"lang": "akk-x-neoass",
"form": "dul-la-ku-nu",
"cf": "dullu",
"gw": "trouble",
"sense": "work",
"norm": "dullakunu",
"pos": "N",
"epos": "N"}
}
,
{
"node": "l",
"frag": "x",
"id": "P313864.l041a8",
"ref": "P313864.9.3",
"inst": "u",
"f": {"lang": "akk-x-neoass",
"form": "x",
"pos": "u"}
}
,
{
"node": "l",
"frag": "x",
"id": "P313864.l041a9",
"ref": "P313864.9.4",
"inst": "u",
"f": {"lang": "akk-x-neoass",
"form": "x",
"pos": "u"}
}
,
{
"node": "l",
"frag": "x]",
"id": "P313864.l041aa",
"ref": "P313864.9.5",
"inst": "u",
"f": {"lang": "akk-x-neoass",
"form": "x",
"pos": "u"}
}
,
{
"node": "d",
"type": "line-start",
"ref": "P313864.10",
"n": "10",
"label": "10"}
,
{
"node": "l",
"frag": "[ma]-⸢a⸣",
"id": "P313864.l041ab",
"ref": "P313864.10.1",
"inst": "mā[saying]PRP",
"sig": "@saao/saa01%akk-x-neoass:ma-a=mā[saying//saying]PRP'PRP$mā",
"f": {"lang": "akk-x-neoass",
"form": "ma-a",
"cf": "mā",
"gw": "saying",
"sense": "saying",
"norm": "mā",
"pos": "PRP",
"epos": "PRP"}
}
,
{
"node": "l",
"frag": "dul-⸢la⸣-[x",
"id": "P313864.l041ac",
"ref": "P313864.10.2",
"inst": "u",
"f": {"lang": "akk-x-neoass",
"form": "dul-la-x",
"pos": "u"}
}
,
{
"node": "l",
"frag": "x",
"id": "P313864.l041ad",
"ref": "P313864.10.3",
"inst": "u",
"f": {"lang": "akk-x-neoass",
"form": "x",
"pos": "u"}
}
,
{
"node": "l",
"frag": "x",
"id": "P313864.l041ae",
"ref": "P313864.10.4",
"inst": "u",
"f": {"lang": "akk-x-neoass",
"form": "x",
"pos": "u"}
}
,
{
"node": "l",
"frag": "x]",
"id": "P313864.l041af",
"ref": "P313864.10.5",
"inst": "u",
"f": {"lang": "akk-x-neoass",
"form": "x",
"pos": "u"}
}
,
{
"node": "d",
"type": "nonx",
"ref": "P313864.11",
"strict": "0",
"extent": "rest",
"state": "missing"}
,
{
"node": "d",
"subtype": "reverse",
"type": "surface",
"ref": "P313864.r.12",
"type": "reverse",
"label": "r"}
,
{
"node": "d",
"type": "nonx",
"ref": "P313864.13",
"strict": "0",
"extent": "beginning",
"state": "missing"}
,
{
"node": "d",
"type": "line-start",
"ref": "P313864.14",
"n": "1'",
"label": "r 1'"}
,
{
"node": "l",
"frag": "[x",
"id": "P313864.l041b0",
"ref": "P313864.14.1",
"inst": "u",
"f": {"lang": "akk-x-neoass",
"form": "x",
"pos": "u"}
}
,
{
"node": "l",
"frag": "x]",
"id": "P313864.l041b1",
"ref": "P313864.14.2",
"inst": "u",
"f": {"lang": "akk-x-neoass",
"form": "x",
"pos": "u"}
}
,
{
"node": "l",
"frag": "še",
"id": "P313864.l041b2",
"ref": "P313864.14.3",
"inst": "u",
"f": {"lang": "akk-x-neoass",
"form": "še",
"pos": "u"}
}
,
{
"node": "l",
"frag": "iš",
"id": "P313864.l041b3",
"ref": "P313864.14.4",
"inst": "u",
"f": {"lang": "akk-x-neoass",
"form": "iš",
"pos": "u"}
}
,
{
"node": "l",
"frag": "[x",
"id": "P313864.l041b4",
"ref": "P313864.14.5",
"inst": "u",
"f": {"lang": "akk-x-neoass",
"form": "x",
"pos": "u"}
}
,
{
"node": "l",
"frag": "x",
"id": "P313864.l041b5",
"ref": "P313864.14.6",
"inst": "u",
"f": {"lang": "akk-x-neoass",
"form": "x",
"pos": "u"}
}
,
{
"node": "l",
"frag": "x]",
"id": "P313864.l041b6",
"ref": "P313864.14.7",
"inst": "u",
"f": {"lang": "akk-x-neoass",
"form": "x",
"pos": "u"}
}
,
{
"node": "d",
"type": "line-start",
"ref": "P313864.15",
"n": "2'",
"label": "r 2'"}
,
{
"node": "l",
"frag": "[a]-ma-ta-[ha",
"id": "P313864.l041b7",
"ref": "P313864.15.1",
"inst": "amattāha[pick up]V",
"sig": "@saao/saa01%akk-x-neoass:a-ma-ta-ha=matāhu[lift//pick up]V'V$amattāha",
"f": {"lang": "akk-x-neoass",
"form": "a-ma-ta-ha",
"cf": "matāhu",
"gw": "lift",
"sense": "pick up",
"norm": "amattāha",
"pos": "V",
"epos": "V"}
}
,
{
"node": "l",
"frag": "x",
"id": "P313864.l041b8",
"ref": "P313864.15.2",
"inst": "u",
"f": {"lang": "akk-x-neoass",
"form": "x",
"pos": "u"}
}
,
{
"node": "l",
"frag": "x]",
"id": "P313864.l041b9",
"ref": "P313864.15.3",
"inst": "u",
"f": {"lang": "akk-x-neoass",
"form": "x",
"pos": "u"}
}
,
{
"node": "d",
"type": "line-start",
"ref": "P313864.16",
"n": "3'",
"label": "r 3'"}
,
{
"node": "l",
"frag": "⸢u₂⸣-še-⸢ra⸣-[ba",
"id": "P313864.l041ba",
"ref": "P313864.16.1",
"inst": "ušerrāba[bring in]V",
"sig": "@saao/saa01%akk-x-neoass:u₂-še-ra-ba=erēbu[enter//bring in]V'V$ušerrāba",
"f": {"lang": "akk-x-neoass",
"form": "u₂-še-ra-ba",
"cf": "erēbu",
"gw": "enter",
"sense": "bring in",
"norm": "ušerrāba",
"pos": "V",
"epos": "V"}
}
,
{
"node": "l",
"frag": "o]",
"id": "P313864.l041bb",
"ref": "P313864.16.2",
"inst": "u",
"f": {"lang": "akk-x-neoass",
"form": "o",
"pos": "u"}
}
,
{
"node": "d",
"type": "nonx",
"ref": "P313864.17",
"strict": "0",
"extent": "rest",
"state": "other"}
]}
]}
]}
,
{
"linkbase": [{
"type": "linkset",
"xlink_title": "ina muhhi[on//about]PRP'PRP",
"id": "P313864.ls00000",
"xlink_type": "extended",
"xlink_role": "psu",
"sig": "{ina[in]PRP muhhu[skull]N += ina muhhi[on//about]PRP'PRP}::@saao%akk-x-neoass:ina=ina[in//into]PRP'PRP$ina++@saao%akk-x-neoass:UGU=muhhu[skull//skull]N'N$muhhi",
"links": [
{
"type": "link",
"xlink_title": "ina",
"xlink_type": "locator",
"xlink_href": "#P313864.l04195",
"xlink_role": "elt"}
,
{
"type": "link",
"xlink_title": "muhhu",
"xlink_type": "locator",
"xlink_href": "#P313864.l04196",
"xlink_role": "elt"}
]}
]}
]}
