{
"type": "cdl",
  "source": "http://oracc.org/saao/saa01",
  "license": "This data is released under the CC0 license",
  "license-url": "https://creativecommons.org/publicdomain/zero/1.0/",
  "more-info": "http://oracc.org/doc/opendata/",
  "UTC-timestamp": "2017-05-19T11:21:57",
"project": "saao/saa01",
"textid": "P313904",
"cdl": [
{
"node": "c",
"type": "text",
"id": "P313904.U0",
"cdl": [
{
"node": "d",
"type": "object",
"ref": ""}
,
{
"node": "d",
"subtype": "obverse",
"type": "surface",
"ref": "P313904.o.1",
"type": "obverse",
"label": "o"}
,
{
"node": "c",
"type": "discourse",
"subtype": "body",
"id": "P313904.U1",
"cdl": [
{
"node": "c",
"type": "sentence",
"id": "P313904.U2",
"label": "o 1 - r.e. 4",
"cdl": [
{
"node": "d",
"type": "line-start",
"ref": "P313904.2",
"n": "1",
"label": "o 1"}
,
{
"node": "l",
"frag": "⸢a⸣-na",
"id": "P313904.l049db",
"ref": "P313904.2.1",
"inst": "ana[to]PRP",
"sig": "@saao/saa01%akk-x-neoass:a-na=ana[to//to]PRP'PRP$ana",
"f": {"lang": "akk-x-neoass",
"form": "a-na",
"cf": "ana",
"gw": "to",
"sense": "to",
"norm": "ana",
"pos": "PRP",
"epos": "PRP"}
}
,
{
"node": "l",
"frag": "LUGAL",
"id": "P313904.l049dc",
"ref": "P313904.2.2",
"inst": "šarri[king]N",
"sig": "@saao/saa01%akk-x-neoass:LUGAL=šarru[king//king]N'N$šarri",
"f": {"lang": "akk-x-neoass",
"form": "LUGAL",
"cf": "šarru",
"gw": "king",
"sense": "king",
"norm": "šarri",
"pos": "N",
"epos": "N"}
}
,
{
"node": "l",
"frag": "⸢EN-ia⸣",
"id": "P313904.l049dd",
"ref": "P313904.2.3",
"inst": "bēlīya[lord]N",
"sig": "@saao/saa01%akk-x-neoass:EN-ia=bēlu[lord//lord]N'N$bēlīya",
"f": {"lang": "akk-x-neoass",
"form": "EN-ia",
"cf": "bēlu",
"gw": "lord",
"sense": "lord",
"norm": "bēlīya",
"pos": "N",
"epos": "N"}
}
,
{
"node": "d",
"type": "line-start",
"ref": "P313904.3",
"n": "2",
"label": "o 2"}
,
{
"node": "l",
"frag": "⸢ARAD⸣-ka",
"id": "P313904.l049de",
"ref": "P313904.3.1",
"inst": "urdaka[servant]N",
"sig": "@saao/saa01%akk-x-neoass:ARAD-ka=ardu[slave//servant]N'N$urdaka",
"f": {"lang": "akk-x-neoass",
"form": "ARAD-ka",
"cf": "ardu",
"gw": "slave",
"sense": "servant",
"norm": "urdaka",
"pos": "N",
"epos": "N"}
}
,
{
"node": "l",
"frag": "{1}{d}MAŠ-DINGIR-[a.a]",
"id": "P313904.l049df",
"ref": "P313904.3.2",
"inst": "Inurta-ilaʾi[]PN$",
"sig": "@saao/saa01%akk-x-neoass:{1}{d}MAŠ-DINGIR-a.a=Inurta-ilaʾi[1//1]PN'PN$Inurta-ilaʾi",
"f": {"lang": "akk-x-neoass",
"form": "{1}{d}MAŠ-DINGIR-a.a",
"cf": "Inurta-ilaʾi",
"gw": "1",
"sense": "1",
"norm": "Inurta-ilaʾi",
"pos": "PN",
"epos": "PN"}
}
,
{
"node": "d",
"type": "line-start",
"ref": "P313904.4",
"n": "3",
"label": "o 3"}
,
{
"node": "l",
"frag": "[x",
"id": "P313904.l049e0",
"ref": "P313904.4.1",
"inst": "u",
"f": {"lang": "akk-x-neoass",
"form": "x",
"pos": "u"}
}
,
{
"node": "l",
"frag": "x]+⸢x⸣",
"id": "P313904.l049e1",
"ref": "P313904.4.2",
"inst": "u",
"f": {"lang": "akk-x-neoass",
"form": "x+x",
"pos": "u"}
}
,
{
"node": "l",
"frag": "[x",
"id": "P313904.l049e2",
"ref": "P313904.4.3",
"inst": "u",
"f": {"lang": "akk-x-neoass",
"form": "x",
"pos": "u"}
}
,
{
"node": "l",
"frag": "x",
"id": "P313904.l049e3",
"ref": "P313904.4.4",
"inst": "u",
"f": {"lang": "akk-x-neoass",
"form": "x",
"pos": "u"}
}
,
{
"node": "l",
"frag": "x",
"id": "P313904.l049e4",
"ref": "P313904.4.5",
"inst": "u",
"f": {"lang": "akk-x-neoass",
"form": "x",
"pos": "u"}
}
,
{
"node": "l",
"frag": "x",
"id": "P313904.l049e5",
"ref": "P313904.4.6",
"inst": "u",
"f": {"lang": "akk-x-neoass",
"form": "x",
"pos": "u"}
}
,
{
"node": "l",
"frag": "x]",
"id": "P313904.l049e6",
"ref": "P313904.4.7",
"inst": "u",
"f": {"lang": "akk-x-neoass",
"form": "x",
"pos": "u"}
}
,
{
"node": "d",
"type": "nonx",
"ref": "P313904.5",
"strict": "0",
"extent": "rest",
"state": "missing"}
,
{
"node": "d",
"subtype": "reverse",
"type": "surface",
"ref": "P313904.r.6",
"type": "reverse",
"label": "r"}
,
{
"node": "d",
"type": "nonx",
"ref": "P313904.7",
"strict": "0",
"extent": "beginning",
"state": "missing"}
,
{
"node": "d",
"type": "line-start",
"ref": "P313904.8",
"n": "1'",
"label": "r 1'"}
,
{
"node": "l",
"frag": "ina",
"id": "P313904.l049e7",
"ref": "P313904.8.1",
"inst": "ina[in]PRP",
"sig": "@saao/saa01%akk-x-neoass:ina=ina[in//in]PRP'PRP$ina",
"f": {"lang": "akk-x-neoass",
"form": "ina",
"cf": "ina",
"gw": "in",
"sense": "in",
"norm": "ina",
"pos": "PRP",
"epos": "PRP"}
}
,
{
"node": "l",
"frag": "{⸢iti}BARAG⸣",
"id": "P313904.l049e8",
"ref": "P313904.8.2",
"inst": "Nisanni[Nisan]MN",
"sig": "@saao/saa01%akk-x-neoass:{ITI}BARAG=Nisannu[Nisan//Nisan]MN'MN$Nisanni",
"f": {"lang": "akk-x-neoass",
"form": "{ITI}BARAG",
"cf": "Nisannu",
"gw": "Nisan",
"sense": "Nisan",
"norm": "Nisanni",
"pos": "MN",
"epos": "MN"}
}
,
{
"node": "l",
"frag": "[UD",
"id": "P313904.l049e9",
"ref": "P313904.8.3",
"inst": "ūm[day]N",
"sig": "@saao/saa01%akk-x-neoass:UD=ūmu[day//day]N'N$ūm",
"f": {"lang": "akk-x-neoass",
"form": "UD",
"cf": "ūmu",
"gw": "day",
"sense": "day",
"norm": "ūm",
"pos": "N",
"epos": "N"}
}
,
{
"node": "l",
"frag": "x-KAM₂]",
"id": "P313904.l049ea",
"ref": "P313904.8.4",
"inst": "n",
"f": {"lang": "akk-x-neoass",
"form": "x-KAM₂",
"pos": "n"}
}
,
{
"node": "d",
"type": "line-start",
"ref": "P313904.9",
"n": "2'",
"label": "r 2'"}
,
{
"node": "l",
"frag": "ID₂",
"id": "P313904.l049eb",
"ref": "P313904.9.1",
"inst": "nāru[river]N$",
"sig": "@saao/saa01%akk-x-neoass:ID₂=nāru[river//river]N'N$nāru",
"f": {"lang": "akk-x-neoass",
"form": "ID₂",
"cf": "nāru",
"gw": "river",
"sense": "river",
"norm": "nāru",
"pos": "N",
"epos": "N"}
}
,
{
"node": "l",
"frag": "e-[tab-ru-ni]",
"id": "P313904.l049ec",
"ref": "P313904.9.2",
"inst": "ebēru[cross over]V$ētabrūni",
"sig": "@saao/saa01%akk-x-neoass:e-tab-ru-ni=ebēru[cross over//cross over]V'V$ētabrūni",
"f": {"lang": "akk-x-neoass",
"form": "e-tab-ru-ni",
"cf": "ebēru",
"gw": "cross over",
"sense": "cross over",
"norm": "ētabrūni",
"pos": "V",
"epos": "V"}
}
,
{
"node": "d",
"type": "line-start",
"ref": "P313904.10",
"n": "3'",
"label": "r 3'"}
,
{
"node": "l",
"frag": "a-na\\t",
"id": "P313904.l049ed",
"ref": "P313904.10.1",
"inst": "ana[to]PRP",
"sig": "@saao/saa01%akk-x-neoass:a-na=ana[to//to]PRP'PRP$ana",
"f": {"lang": "akk-x-neoass",
"form": "a-na",
"cf": "ana",
"gw": "to",
"sense": "to",
"norm": "ana",
"pos": "PRP",
"epos": "PRP"}
}
,
{
"node": "l",
"frag": "⸢DI⸣-[mu]",
"id": "P313904.l049ee",
"ref": "P313904.10.2",
"inst": "šulmu[completeness//salutation]N$",
"sig": "@saao/saa01%akk-x-neoass:DI-mu=šulmu[completeness//salutation]N'N$šulmu",
"f": {"lang": "akk-x-neoass",
"form": "DI-mu",
"cf": "šulmu",
"gw": "completeness",
"sense": "salutation",
"norm": "šulmu",
"pos": "N",
"epos": "N"}
}
,
{
"node": "d",
"subtype": "right",
"type": "surface",
"ref": "P313904.r.e..11",
"type": "right",
"label": "r.e."}
,
{
"node": "d",
"type": "line-start",
"ref": "P313904.12",
"n": "4",
"label": "r.e. 4"}
,
{
"node": "l",
"frag": "ina",
"id": "P313904.l049ef",
"ref": "P313904.12.1",
"inst": "ina[to]PRP",
"sig": "@saao/saa01%akk-x-neoass:ina=ina[in//to]PRP'PRP$ina",
"f": {"lang": "akk-x-neoass",
"form": "ina",
"cf": "ina",
"gw": "in",
"sense": "to",
"norm": "ina",
"pos": "PRP",
"epos": "PRP"}
}
,
{
"node": "l",
"frag": "E₂.GAL",
"id": "P313904.l049f0",
"ref": "P313904.12.2",
"inst": "ēkalli[palace]N",
"sig": "@saao/saa01%akk-x-neoass:E₂.GAL=ēkallu[palace//palace]N'N$ēkalli",
"f": {"lang": "akk-x-neoass",
"form": "E₂.GAL",
"cf": "ēkallu",
"gw": "palace",
"sense": "palace",
"norm": "ēkalli",
"pos": "N",
"epos": "N"}
}
,
{
"node": "d",
"frag": ":",
"type": "nonw",
"ref": "P313904.12.3",
"lang": "akk-x-neoass",
"type": "punct",
"gdl_delim": " "}
,
{
"node": "l",
"frag": "[DU-u-ni]",
"id": "P313904.l049f1",
"ref": "P313904.12.4",
"inst": "ittalkūni[come]V",
"sig": "@saao/saa01%akk-x-neoass:DU-u-ni=alāku[go//come]V'V$ittalkūni",
"f": {"lang": "akk-x-neoass",
"form": "DU-u-ni",
"cf": "alāku",
"gw": "go",
"sense": "come",
"norm": "ittalkūni",
"pos": "V",
"epos": "V"}
}
]}
]}
]}
]}
