{
"type": "cdl",
  "source": "http://oracc.org/saao/saa01",
  "license": "This data is released under the CC0 license",
  "license-url": "https://creativecommons.org/publicdomain/zero/1.0/",
  "more-info": "http://oracc.org/doc/opendata/",
  "UTC-timestamp": "2017-05-19T11:21:50",
"project": "saao/saa01",
"textid": "P313458",
"cdl": [
{
"node": "c",
"type": "text",
"id": "P313458.U0",
"cdl": [
{
"node": "d",
"type": "object",
"ref": ""}
,
{
"node": "d",
"subtype": "obverse",
"type": "surface",
"ref": "P313458.o.1",
"type": "obverse",
"label": "o"}
,
{
"node": "c",
"type": "discourse",
"subtype": "body",
"id": "P313458.U1",
"cdl": [
{
"node": "c",
"type": "sentence",
"id": "P313458.U2",
"label": "o 1 - r 7",
"cdl": [
{
"node": "d",
"type": "line-start",
"ref": "P313458.2",
"n": "1",
"label": "o 1"}
,
{
"node": "l",
"frag": "[a-na",
"id": "P313458.l03835",
"ref": "P313458.2.1",
"inst": "ana[to]PRP",
"sig": "@saao/saa01%akk-x-neoass:a-na=ana[to//to]PRP'PRP$ana",
"f": {"lang": "akk-x-neoass",
"form": "a-na",
"cf": "ana",
"gw": "to",
"sense": "to",
"norm": "ana",
"pos": "PRP",
"epos": "PRP"}
}
,
{
"node": "l",
"frag": "LUGAL]",
"id": "P313458.l03836",
"ref": "P313458.2.2",
"inst": "šarri[king]N",
"sig": "@saao/saa01%akk-x-neoass:LUGAL=šarru[king//king]N'N$šarri",
"f": {"lang": "akk-x-neoass",
"form": "LUGAL",
"cf": "šarru",
"gw": "king",
"sense": "king",
"norm": "šarri",
"pos": "N",
"epos": "N"}
}
,
{
"node": "l",
"frag": "EN-⸢ia⸣",
"id": "P313458.l03837",
"ref": "P313458.2.3",
"inst": "bēlīya[lord]N",
"sig": "@saao/saa01%akk-x-neoass:EN-ia=bēlu[lord//lord]N'N$bēlīya",
"f": {"lang": "akk-x-neoass",
"form": "EN-ia",
"cf": "bēlu",
"gw": "lord",
"sense": "lord",
"norm": "bēlīya",
"pos": "N",
"epos": "N"}
}
,
{
"node": "l",
"frag": "ARAD-⸢ka⸣",
"id": "P313458.l03838",
"ref": "P313458.2.4",
"inst": "urdaka[servant]N",
"sig": "@saao/saa01%akk-x-neoass:ARAD-ka=ardu[slave//servant]N'N$urdaka",
"f": {"lang": "akk-x-neoass",
"form": "ARAD-ka",
"cf": "ardu",
"gw": "slave",
"sense": "servant",
"norm": "urdaka",
"pos": "N",
"epos": "N"}
}
,
{
"node": "l",
"frag": "{1}hu-un-ni-i]",
"id": "P313458.l03839",
"ref": "P313458.2.5",
"inst": "Hunni[]PN$",
"sig": "@saao/saa01%akk-x-neoass:{1}hu-un-ni-i=Hunni[1//1]PN'PN$Hunni",
"f": {"lang": "akk-x-neoass",
"form": "{1}hu-un-ni-i",
"cf": "Hunni",
"gw": "1",
"sense": "1",
"norm": "Hunni",
"pos": "PN",
"epos": "PN"}
}
,
{
"node": "d",
"type": "line-start",
"ref": "P313458.3",
"n": "2",
"label": "o 2"}
,
{
"node": "l",
"frag": "[lu-u]",
"id": "P313458.l0383a",
"ref": "P313458.3.1",
"inst": "lū[may]MOD",
"sig": "@saao/saa01%akk-x-neoass:lu-u=lū[may//may]MOD'MOD$lū",
"f": {"lang": "akk-x-neoass",
"form": "lu-u",
"cf": "lū",
"gw": "may",
"sense": "may",
"norm": "lū",
"pos": "MOD",
"epos": "MOD"}
}
,
{
"node": "l",
"frag": "⸢šul⸣-mu",
"id": "P313458.l0383b",
"ref": "P313458.3.2",
"inst": "šulmu[health]N",
"sig": "@saao/saa01%akk-x-neoass:šul-mu=šulmu[completeness//health]N'N$šulmu",
"f": {"lang": "akk-x-neoass",
"form": "šul-mu",
"cf": "šulmu",
"gw": "completeness",
"sense": "health",
"norm": "šulmu",
"pos": "N",
"epos": "N"}
}
,
{
"node": "l",
"frag": "a-na",
"id": "P313458.l0383c",
"ref": "P313458.3.3",
"inst": "ana[to]PRP",
"sig": "@saao/saa01%akk-x-neoass:a-na=ana[to//to]PRP'PRP$ana",
"f": {"lang": "akk-x-neoass",
"form": "a-na",
"cf": "ana",
"gw": "to",
"sense": "to",
"norm": "ana",
"pos": "PRP",
"epos": "PRP"}
}
,
{
"node": "l",
"frag": "⸢LUGAL",
"id": "P313458.l0383d",
"ref": "P313458.3.4",
"inst": "šarri[king]N",
"sig": "@saao/saa01%akk-x-neoass:LUGAL=šarru[king//king]N'N$šarri",
"f": {"lang": "akk-x-neoass",
"form": "LUGAL",
"cf": "šarru",
"gw": "king",
"sense": "king",
"norm": "šarri",
"pos": "N",
"epos": "N"}
}
,
{
"node": "l",
"frag": "EN⸣-ia₂",
"id": "P313458.l0383e",
"ref": "P313458.3.5",
"inst": "bēlīya[lord]N",
"sig": "@saao/saa01%akk-x-neoass:EN-ia₂=bēlu[lord//lord]N'N$bēlīya",
"f": {"lang": "akk-x-neoass",
"form": "EN-ia₂",
"cf": "bēlu",
"gw": "lord",
"sense": "lord",
"norm": "bēlīya",
"pos": "N",
"epos": "N"}
}
,
{
"node": "l",
"frag": "{d}AG\\d",
"id": "P313458.l0383f",
"ref": "P313458.3.6",
"inst": "Nabu[1]DN",
"sig": "@saao/saa01%akk-x-neoass:{d}AG=Nabu[1//1]DN'DN$Nabu",
"f": {"lang": "akk-x-neoass",
"form": "{d}AG",
"cf": "Nabu",
"gw": "1",
"sense": "1",
"norm": "Nabu",
"pos": "DN",
"epos": "DN"}
}
,
{
"node": "l",
"frag": "u",
"id": "P313458.l03840",
"ref": "P313458.3.7",
"inst": "u[and]CNJ",
"sig": "@saao/saa01%akk-x-neoass:u=u[and//and]CNJ'CNJ$u",
"f": {"lang": "akk-x-neoass",
"form": "u",
"cf": "u",
"gw": "and",
"sense": "and",
"norm": "u",
"pos": "CNJ",
"epos": "CNJ"}
}
,
{
"node": "l",
"frag": "{⸢d⸣}[AMAR.UTU",
"id": "P313458.l03841",
"ref": "P313458.3.8",
"inst": "Marduk[1]DN",
"sig": "@saao/saa01%akk-x-neoass:{d}AMAR.UTU=Marduk[1//1]DN'DN$Marduk",
"f": {"lang": "akk-x-neoass",
"form": "{d}AMAR.UTU",
"cf": "Marduk",
"gw": "1",
"sense": "1",
"norm": "Marduk",
"pos": "DN",
"epos": "DN"}
}
,
{
"node": "l",
"frag": "a-na",
"id": "P313458.l03842",
"ref": "P313458.3.9",
"inst": "ana[to]PRP",
"sig": "@saao/saa01%akk-x-neoass:a-na=ana[to//to]PRP'PRP$ana",
"f": {"lang": "akk-x-neoass",
"form": "a-na",
"cf": "ana",
"gw": "to",
"sense": "to",
"norm": "ana",
"pos": "PRP",
"epos": "PRP"}
}
,
{
"node": "l",
"frag": "LUGAL",
"id": "P313458.l03843",
"ref": "P313458.3.10",
"inst": "šarri[king]N",
"sig": "@saao/saa01%akk-x-neoass:LUGAL=šarru[king//king]N'N$šarri",
"f": {"lang": "akk-x-neoass",
"form": "LUGAL",
"cf": "šarru",
"gw": "king",
"sense": "king",
"norm": "šarri",
"pos": "N",
"epos": "N"}
}
,
{
"node": "l",
"frag": "EN-ia₂]",
"id": "P313458.l03844",
"ref": "P313458.3.11",
"inst": "bēlīya[lord]N",
"sig": "@saao/saa01%akk-x-neoass:EN-ia₂=bēlu[lord//lord]N'N$bēlīya",
"f": {"lang": "akk-x-neoass",
"form": "EN-ia₂",
"cf": "bēlu",
"gw": "lord",
"sense": "lord",
"norm": "bēlīya",
"pos": "N",
"epos": "N"}
}
,
{
"node": "d",
"type": "line-start",
"ref": "P313458.4",
"n": "3",
"label": "o 3"}
,
{
"node": "l",
"frag": "[lik-ru-bu]",
"id": "P313458.l03845",
"ref": "P313458.4.1",
"inst": "likrubu[bless]V",
"sig": "@saao/saa01%akk-x-neoass:lik-ru-bu=karābu[pray//bless]V'V$likrubu",
"f": {"lang": "akk-x-neoass",
"form": "lik-ru-bu",
"cf": "karābu",
"gw": "pray",
"sense": "bless",
"norm": "likrubu",
"pos": "V",
"epos": "V"}
}
,
{
"node": "l",
"frag": "UD-MEŠ",
"id": "P313458.l03846",
"ref": "P313458.4.2",
"inst": "ūmāti[day]N",
"sig": "@saao/saa01%akk-x-neoass:UD-MEŠ=ūmu[day//day]N'N$ūmāti",
"f": {"lang": "akk-x-neoass",
"form": "UD-MEŠ",
"cf": "ūmu",
"gw": "day",
"sense": "day",
"norm": "ūmāti",
"pos": "N",
"epos": "N"}
}
,
{
"node": "l",
"frag": "SUD-MEŠ",
"id": "P313458.l03847",
"ref": "P313458.4.3",
"inst": "rūqu[distant]AJ$rūqūti",
"sig": "@saao/saa01%akk-x-neoass:SUD-MEŠ=rūqu[distant//distant]AJ'AJ$rūqūti",
"f": {"lang": "akk-x-neoass",
"form": "SUD-MEŠ",
"cf": "rūqu",
"gw": "distant",
"sense": "distant",
"norm": "rūqūti",
"pos": "AJ",
"epos": "AJ"}
}
,
{
"node": "l",
"frag": "⸢ṭu⸣-ub",
"id": "P313458.l03848",
"ref": "P313458.4.4",
"inst": "ṭūbu[goodness]N$ṭūb",
"sig": "@saao/saa01%akk-x-neoass:ṭu-ub=ṭūbu[goodness//goodness]N'N$ṭūb",
"f": {"lang": "akk-x-neoass",
"form": "ṭu-ub",
"cf": "ṭūbu",
"gw": "goodness",
"sense": "goodness",
"norm": "ṭūb",
"pos": "N",
"epos": "N"}
}
,
{
"node": "l",
"frag": "ŠA₃-bi",
"id": "P313458.l03849",
"ref": "P313458.4.5",
"inst": "libbi[interior]N",
"sig": "@saao/saa01%akk-x-neoass:ŠA₃-bi=libbu[interior//interior]N'N$libbi",
"f": {"lang": "akk-x-neoass",
"form": "ŠA₃-bi",
"cf": "libbu",
"gw": "interior",
"sense": "interior",
"norm": "libbi",
"pos": "N",
"epos": "N"}
}
,
{
"node": "l",
"frag": "ṭu-ub",
"id": "P313458.l0384a",
"ref": "P313458.4.6",
"inst": "ṭūb[goodness]N",
"sig": "@saao/saa01%akk-x-neoass:ṭu-ub=ṭūbu[goodness//goodness]N'N$ṭūb",
"f": {"lang": "akk-x-neoass",
"form": "ṭu-ub",
"cf": "ṭūbu",
"gw": "goodness",
"sense": "goodness",
"norm": "ṭūb",
"pos": "N",
"epos": "N"}
}
,
{
"node": "l",
"frag": "[UZU-MEŠ",
"id": "P313458.l0384b",
"ref": "P313458.4.7",
"inst": "šīru[flesh]N$šīrāni",
"sig": "@saao/saa01%akk-x-neoass:UZU-MEŠ=šīru[flesh//flesh]N'N$šīrāni",
"f": {"lang": "akk-x-neoass",
"form": "UZU-MEŠ",
"cf": "šīru",
"gw": "flesh",
"sense": "flesh",
"norm": "šīrāni",
"pos": "N",
"epos": "N"}
}
,
{
"node": "l",
"frag": "ši-bu-tu₂",
"id": "P313458.l0384c",
"ref": "P313458.4.8",
"inst": "šībūtu[old age]N$",
"sig": "@saao/saa01%akk-x-neoass:ši-bu-tu₂=šībūtu[old age//old age]N'N$šībūtu",
"f": {"lang": "akk-x-neoass",
"form": "ši-bu-tu₂",
"cf": "šībūtu",
"gw": "old age",
"sense": "old age",
"norm": "šībūtu",
"pos": "N",
"epos": "N"}
}
,
{
"node": "l",
"frag": "lit-tu₂-tu]",
"id": "P313458.l0384d",
"ref": "P313458.4.9",
"inst": "littūtu[(extreme) old age]N$",
"sig": "@saao/saa01%akk-x-neoass:lit-tu₂-tu=littūtu[(extreme) old age//(extreme) old age]N'N$littūtu",
"f": {"lang": "akk-x-neoass",
"form": "lit-tu₂-tu",
"cf": "littūtu",
"gw": "(extreme) old age",
"sense": "(extreme) old age",
"norm": "littūtu",
"pos": "N",
"epos": "N"}
}
,
{
"node": "d",
"type": "line-start",
"ref": "P313458.5",
"n": "4",
"label": "o 4"}
,
{
"node": "l",
"frag": "{[giš]}⸢TUKUL⸣",
"id": "P313458.l0384e",
"ref": "P313458.5.1",
"inst": "kakku[stick//weapon]N$",
"sig": "@saao/saa01%akk-x-neoass:{GIŠ}TUKUL=kakku[stick//weapon]N'N$kakku",
"f": {"lang": "akk-x-neoass",
"form": "{GIŠ}TUKUL",
"cf": "kakku",
"gw": "stick",
"sense": "weapon",
"norm": "kakku",
"pos": "N",
"epos": "N"}
}
,
{
"node": "l",
"frag": "dan-nu",
"id": "P313458.l0384f",
"ref": "P313458.5.2",
"inst": "dannu[strong]AJ",
"sig": "@saao/saa01%akk-x-neoass:dan-nu=dannu[strong//strong]AJ'AJ$dannu",
"f": {"lang": "akk-x-neoass",
"form": "dan-nu",
"cf": "dannu",
"gw": "strong",
"sense": "strong",
"norm": "dannu",
"pos": "AJ",
"epos": "AJ"}
}
,
{
"node": "l",
"frag": "BALA",
"id": "P313458.l03850",
"ref": "P313458.5.3",
"inst": "palû[reign]N",
"sig": "@saao/saa01%akk-x-neoass:BALA=palû[period of office//reign]N'N$palû",
"f": {"lang": "akk-x-neoass",
"form": "BALA",
"cf": "palû",
"gw": "period of office",
"sense": "reign",
"norm": "palû",
"pos": "N",
"epos": "N"}
}
,
{
"node": "l",
"frag": "GID₂.DA",
"id": "P313458.l03851",
"ref": "P313458.5.4",
"inst": "arku[long]AJ",
"sig": "@saao/saa01%akk-x-neoass:GID₂.DA=arku[long//long]AJ'AJ$arku",
"f": {"lang": "akk-x-neoass",
"form": "GID₂.DA",
"cf": "arku",
"gw": "long",
"sense": "long",
"norm": "arku",
"pos": "AJ",
"epos": "AJ"}
}
,
{
"node": "l",
"frag": "MU.AN.NA-MEŠ",
"id": "P313458.l03852",
"ref": "P313458.5.5",
"inst": "šanāti[year]N",
"sig": "@saao/saa01%akk-x-neoass:MU.AN.NA-MEŠ=šattu[year//year]N'N$šanāti",
"f": {"lang": "akk-x-neoass",
"form": "MU.AN.NA-MEŠ",
"cf": "šattu",
"gw": "year",
"sense": "year",
"norm": "šanāti",
"pos": "N",
"epos": "N"}
}
,
{
"node": "l",
"frag": "am-mar",
"id": "P313458.l03853",
"ref": "P313458.5.6",
"inst": "ammar[as many as]REL",
"sig": "@saao/saa01%akk-x-neoass:am-mar=ammar[as much as//as many as]REL'REL$ammar",
"f": {"lang": "akk-x-neoass",
"form": "am-mar",
"cf": "ammar",
"gw": "as much as",
"sense": "as many as",
"norm": "ammar",
"pos": "REL",
"epos": "REL"}
}
,
{
"node": "l",
"frag": "⸢ša\\p⸣",
"id": "P313458.l03854",
"ref": "P313458.5.7",
"inst": "ša[that]REL",
"sig": "@saao/saa01%akk-x-neoass:ša=ša[that//that]REL'REL$ša",
"f": {"lang": "akk-x-neoass",
"form": "ša",
"cf": "ša",
"gw": "that",
"sense": "that",
"norm": "ša",
"pos": "REL",
"epos": "REL"}
}
,
{
"node": "l",
"frag": "[x",
"id": "P313458.l03855",
"ref": "P313458.5.8",
"inst": "u",
"f": {"lang": "akk-x-neoass",
"form": "x",
"pos": "u"}
}
,
{
"node": "l",
"frag": "x",
"id": "P313458.l03856",
"ref": "P313458.5.9",
"inst": "u",
"f": {"lang": "akk-x-neoass",
"form": "x",
"pos": "u"}
}
,
{
"node": "l",
"frag": "x",
"id": "P313458.l03857",
"ref": "P313458.5.10",
"inst": "u",
"f": {"lang": "akk-x-neoass",
"form": "x",
"pos": "u"}
}
,
{
"node": "l",
"frag": "x",
"id": "P313458.l03858",
"ref": "P313458.5.11",
"inst": "u",
"f": {"lang": "akk-x-neoass",
"form": "x",
"pos": "u"}
}
,
{
"node": "l",
"frag": "x]",
"id": "P313458.l03859",
"ref": "P313458.5.12",
"inst": "u",
"f": {"lang": "akk-x-neoass",
"form": "x",
"pos": "u"}
}
,
{
"node": "d",
"type": "line-start",
"ref": "P313458.6",
"n": "5",
"label": "o 5"}
,
{
"node": "l",
"frag": "[a-na]",
"id": "P313458.l0385a",
"ref": "P313458.6.1",
"inst": "ana[to]PRP",
"sig": "@saao/saa01%akk-x-neoass:a-na=ana[to//to]PRP'PRP$ana",
"f": {"lang": "akk-x-neoass",
"form": "a-na",
"cf": "ana",
"gw": "to",
"sense": "to",
"norm": "ana",
"pos": "PRP",
"epos": "PRP"}
}
,
{
"node": "l",
"frag": "⸢LUGAL⸣",
"id": "P313458.l0385b",
"ref": "P313458.6.2",
"inst": "šarri[king]N",
"sig": "@saao/saa01%akk-x-neoass:LUGAL=šarru[king//king]N'N$šarri",
"f": {"lang": "akk-x-neoass",
"form": "LUGAL",
"cf": "šarru",
"gw": "king",
"sense": "king",
"norm": "šarri",
"pos": "N",
"epos": "N"}
}
,
{
"node": "l",
"frag": "EN-ia₂",
"id": "P313458.l0385c",
"ref": "P313458.6.3",
"inst": "bēlīya[lord]N",
"sig": "@saao/saa01%akk-x-neoass:EN-ia₂=bēlu[lord//lord]N'N$bēlīya",
"f": {"lang": "akk-x-neoass",
"form": "EN-ia₂",
"cf": "bēlu",
"gw": "lord",
"sense": "lord",
"norm": "bēlīya",
"pos": "N",
"epos": "N"}
}
,
{
"node": "l",
"frag": "lid-di-nu",
"id": "P313458.l0385d",
"ref": "P313458.6.4",
"inst": "liddinu[give]V",
"sig": "@saao/saa01%akk-x-neoass:lid-di-nu=tadānu[give//give]V'V$liddinu",
"f": {"lang": "akk-x-neoass",
"form": "lid-di-nu",
"cf": "tadānu",
"gw": "give",
"sense": "give",
"norm": "liddinu",
"pos": "V",
"epos": "V"}
}
,
{
"node": "l",
"frag": "KUR.KUR-MEŠ",
"id": "P313458.l0385e",
"ref": "P313458.6.5",
"inst": "mātāti[land]N",
"sig": "@saao/saa01%akk-x-neoass:KUR.KUR-MEŠ=mātu[land//land]N'N$mātāti",
"f": {"lang": "akk-x-neoass",
"form": "KUR.KUR-MEŠ",
"cf": "mātu",
"gw": "land",
"sense": "land",
"norm": "mātāti",
"pos": "N",
"epos": "N"}
}
,
{
"node": "l",
"frag": "DU₃.A.BI",
"id": "P313458.l0385f",
"ref": "P313458.6.6",
"inst": "kalāma[all (of it)]N$",
"sig": "@saao/saa01%akk-x-neoass:DU₃.A.BI=kalāma[all (of it)//all (of it)]N'N$kalāma",
"f": {"lang": "akk-x-neoass",
"form": "DU₃.A.BI",
"cf": "kalāma",
"gw": "all (of it)",
"sense": "all (of it)",
"norm": "kalāma",
"pos": "N",
"epos": "N"}
}
,
{
"node": "l",
"frag": "[ina",
"id": "P313458.l03860",
"ref": "P313458.6.7",
"inst": "ina[in]PRP",
"sig": "@saao/saa01%akk-x-neoass:ina=ina[in//in]PRP'PRP$ina",
"f": {"lang": "akk-x-neoass",
"form": "ina",
"cf": "ina",
"gw": "in",
"sense": "in",
"norm": "ina",
"pos": "PRP",
"epos": "PRP"}
}
,
{
"node": "l",
"frag": "KI.TA",
"id": "P313458.l03861",
"ref": "P313458.6.8",
"inst": "šapal[under]'PRP",
"sig": "@saao/saa01%akk-x-neoass:KI.TA=šaplu[underside//under]N'PRP$šapal",
"f": {"lang": "akk-x-neoass",
"form": "KI.TA",
"cf": "šaplu",
"gw": "underside",
"sense": "under",
"norm": "šapal",
"pos": "N",
"epos": "PRP"}
}
,
{
"node": "l",
"frag": "GIR₃.2-ka]",
"id": "P313458.l03862",
"ref": "P313458.6.9",
"inst": "šēpēka[foot]N",
"sig": "@saao/saa01%akk-x-neoass:GIR₃.2-ka=šēpu[foot//foot]N'N$šēpēka",
"f": {"lang": "akk-x-neoass",
"form": "GIR₃.2-ka",
"cf": "šēpu",
"gw": "foot",
"sense": "foot",
"norm": "šēpēka",
"pos": "N",
"epos": "N"}
}
,
{
"node": "d",
"type": "line-start",
"ref": "P313458.7",
"n": "6",
"label": "o 6"}
,
{
"node": "l",
"frag": "[lu]-⸢šak\\t⸣-bi-su\\p",
"id": "P313458.l03863",
"ref": "P313458.7.1",
"inst": "kabāsu[tread//subdue]V$lušakbisu",
"sig": "@saao/saa01%akk-x-neoass:lu-šak-bi-su=kabāsu[tread//subdue]V'V$lušakbisu",
"f": {"lang": "akk-x-neoass",
"form": "lu-šak-bi-su",
"cf": "kabāsu",
"gw": "tread",
"sense": "subdue",
"norm": "lušakbisu",
"pos": "V",
"epos": "V"}
}
,
{
"node": "l",
"frag": "LUGAL",
"id": "P313458.l03864",
"ref": "P313458.7.2",
"inst": "šarru[king]N",
"sig": "@saao/saa01%akk-x-neoass:LUGAL=šarru[king//king]N'N$šarru",
"f": {"lang": "akk-x-neoass",
"form": "LUGAL",
"cf": "šarru",
"gw": "king",
"sense": "king",
"norm": "šarru",
"pos": "N",
"epos": "N"}
}
,
{
"node": "l",
"frag": "be-li₂",
"id": "P313458.l03865",
"ref": "P313458.7.3",
"inst": "bēlī[lord]N",
"sig": "@saao/saa01%akk-x-neoass:be-li₂=bēlu[lord//lord]N'N$bēlī",
"f": {"lang": "akk-x-neoass",
"form": "be-li₂",
"cf": "bēlu",
"gw": "lord",
"sense": "lord",
"norm": "bēlī",
"pos": "N",
"epos": "N"}
}
,
{
"node": "l",
"frag": "SIPA",
"id": "P313458.l03866",
"ref": "P313458.7.4",
"inst": "rāʾyu[shepherd]N",
"sig": "@saao/saa01%akk-x-neoass:SIPA=rēʾû[shepherd//shepherd]N'N$rāʾyu",
"f": {"lang": "akk-x-neoass",
"form": "SIPA",
"cf": "rēʾû",
"gw": "shepherd",
"sense": "shepherd",
"norm": "rāʾyu",
"pos": "N",
"epos": "N"}
}
,
{
"node": "l",
"frag": "ke-e-nu",
"id": "P313458.l03867",
"ref": "P313458.7.5",
"inst": "kīnu[permanent//reliable]AJ$kēnu",
"sig": "@saao/saa01%akk-x-neoass:ke-e-nu=kīnu[permanent//reliable]AJ'AJ$kēnu",
"f": {"lang": "akk-x-neoass",
"form": "ke-e-nu",
"cf": "kīnu",
"gw": "permanent",
"sense": "reliable",
"norm": "kēnu",
"pos": "AJ",
"epos": "AJ"}
}
,
{
"node": "l",
"frag": "ina",
"id": "P313458.l03868",
"ref": "P313458.7.6",
"inst": "ina[in]PRP",
"sig": "@saao/saa01%akk-x-neoass:ina=ina[in//in]PRP'PRP$ina",
"f": {"lang": "akk-x-neoass",
"form": "ina",
"cf": "ina",
"gw": "in",
"sense": "in",
"norm": "ina",
"pos": "PRP",
"epos": "PRP"}
}
,
{
"node": "l",
"frag": "[x",
"id": "P313458.l03869",
"ref": "P313458.7.7",
"inst": "u",
"f": {"lang": "akk-x-neoass",
"form": "x",
"pos": "u"}
}
,
{
"node": "l",
"frag": "x",
"id": "P313458.l0386a",
"ref": "P313458.7.8",
"inst": "u",
"f": {"lang": "akk-x-neoass",
"form": "x",
"pos": "u"}
}
,
{
"node": "l",
"frag": "x",
"id": "P313458.l0386b",
"ref": "P313458.7.9",
"inst": "u",
"f": {"lang": "akk-x-neoass",
"form": "x",
"pos": "u"}
}
,
{
"node": "l",
"frag": "x",
"id": "P313458.l0386c",
"ref": "P313458.7.10",
"inst": "u",
"f": {"lang": "akk-x-neoass",
"form": "x",
"pos": "u"}
}
,
{
"node": "l",
"frag": "x]",
"id": "P313458.l0386d",
"ref": "P313458.7.11",
"inst": "u",
"f": {"lang": "akk-x-neoass",
"form": "x",
"pos": "u"}
}
,
{
"node": "d",
"type": "line-start",
"ref": "P313458.8",
"n": "7",
"label": "o 7"}
,
{
"node": "l",
"frag": "[ke]-niš",
"id": "P313458.l0386e",
"ref": "P313458.8.1",
"inst": "kīniš[reliably//truly]AV$kēniš",
"sig": "@saao/saa01%akk-x-neoass:ke-niš=kīniš[reliably//truly]AV'AV$kēniš",
"f": {"lang": "akk-x-neoass",
"form": "ke-niš",
"cf": "kīniš",
"gw": "reliably",
"sense": "truly",
"norm": "kēniš",
"pos": "AV",
"epos": "AV"}
}
,
{
"node": "l",
"frag": "li-ir-ta-ʾe-e-ši-na",
"id": "P313458.l0386f",
"ref": "P313458.8.2",
"inst": "reʾû[pasture//shepherd]V$lirtaʾešina",
"sig": "@saao/saa01%akk-x-neoass:li-ir-ta-ʾe-e-ši-na=reʾû[pasture//shepherd]V'V$lirtaʾešina",
"f": {"lang": "akk-x-neoass",
"form": "li-ir-ta-ʾe-e-ši-na",
"cf": "reʾû",
"gw": "pasture",
"sense": "shepherd",
"norm": "lirtaʾešina",
"pos": "V",
"epos": "V"}
}
,
{
"node": "l",
"frag": "re-ʾu-u-⸢si⸣-[na",
"id": "P313458.l03870",
"ref": "P313458.8.3",
"inst": "rēʾûtu[shepherdship]N$rāʾiūssina",
"sig": "@saao/saa01%akk-x-neoass:re-ʾu-u-si-na=rēʾûtu[shepherdship//shepherdship]N'N$rāʾiūssina",
"f": {"lang": "akk-x-neoass",
"form": "re-ʾu-u-si-na",
"cf": "rēʾûtu",
"gw": "shepherdship",
"sense": "shepherdship",
"norm": "rāʾiūssina",
"pos": "N",
"epos": "N"}
}
,
{
"node": "l",
"frag": "le-pu-uš]",
"id": "P313458.l03871",
"ref": "P313458.8.4",
"inst": "lēpuš[do]V",
"sig": "@saao/saa01%akk-x-neoass:le-pu-uš=epēšu[do//do]V'V$lēpuš",
"f": {"lang": "akk-x-neoass",
"form": "le-pu-uš",
"cf": "epēšu",
"gw": "do",
"sense": "do",
"norm": "lēpuš",
"pos": "V",
"epos": "V"}
}
,
{
"node": "d",
"type": "line-start",
"ref": "P313458.9",
"n": "8",
"label": "o 8"}
,
{
"node": "l",
"frag": "⸢ṣe⸣-e-ni",
"id": "P313458.l03872",
"ref": "P313458.9.1",
"inst": "ṣēnu[flock]N$ṣēnī",
"sig": "@saao/saa01%akk-x-neoass:ṣe-e-ni=ṣēnu[flock//flock]N'N$ṣēnī",
"f": {"lang": "akk-x-neoass",
"form": "ṣe-e-ni",
"cf": "ṣēnu",
"gw": "flock",
"sense": "flock",
"norm": "ṣēnī",
"pos": "N",
"epos": "N"}
}
,
{
"node": "c",
"type": "phrase",
"tag": "phr",
"id": "P313458.U4",
"ref": "P313458.ls00000",
"cdl": [
{
"node": "l",
"frag": "ina",
"id": "P313458.l03873",
"ref": "P313458.9.2",
"inst": "ina[in+=to]PRP",
"sig": "@saao/saa01%akk-x-neoass:ina=ina[in//in]PRP'PRP$ina",
"f": {"lang": "akk-x-neoass",
"form": "ina",
"cf": "ina",
"gw": "in",
"sense": "in",
"norm": "ina",
"pos": "PRP",
"epos": "PRP"}
}
,
{
"node": "l",
"frag": "UGU",
"id": "P313458.l03874",
"ref": "P313458.9.3",
"inst": "muhhi[skull]N",
"sig": "@saao/saa01%akk-x-neoass:UGU=muhhu[skull//top]N'N$muhhi",
"f": {"lang": "akk-x-neoass",
"form": "UGU",
"cf": "muhhu",
"gw": "skull",
"sense": "top",
"norm": "muhhi",
"pos": "N",
"epos": "N"}
}
]}
,
{
"node": "l",
"frag": "ṣe-e-ni-ka",
"id": "P313458.l03875",
"ref": "P313458.9.4",
"inst": "ṣēnu[flock]N$ṣēnīka",
"sig": "@saao/saa01%akk-x-neoass:ṣe-e-ni-ka=ṣēnu[flock//flock]N'N$ṣēnīka",
"f": {"lang": "akk-x-neoass",
"form": "ṣe-e-ni-ka",
"cf": "ṣēnu",
"gw": "flock",
"sense": "flock",
"norm": "ṣēnīka",
"pos": "N",
"epos": "N"}
}
,
{
"node": "l",
"frag": "aš-šur",
"id": "P313458.l03876",
"ref": "P313458.9.5",
"inst": "Aššur[1]DN",
"sig": "@saao/saa01%akk-x-neoass:aš-šur=Aššur[1//1]DN'DN$Aššur",
"f": {"lang": "akk-x-neoass",
"form": "aš-šur",
"cf": "Aššur",
"gw": "1",
"sense": "1",
"norm": "Aššur",
"pos": "DN",
"epos": "DN"}
}
,
{
"node": "l",
"frag": "d.EN",
"id": "P313458.l03877",
"ref": "P313458.9.6",
"inst": "Bel[1]DN",
"sig": "@saao/saa01%akk-x-neoass:d.EN=Bel[1//1]DN'DN$Bel",
"f": {"lang": "akk-x-neoass",
"form": "d.EN",
"cf": "Bel",
"gw": "1",
"sense": "1",
"norm": "Bel",
"pos": "DN",
"epos": "DN"}
}
,
{
"node": "l",
"frag": "u",
"id": "P313458.l03878",
"ref": "P313458.9.7",
"inst": "u[and]CNJ",
"sig": "@saao/saa01%akk-x-neoass:u=u[and//and]CNJ'CNJ$u",
"f": {"lang": "akk-x-neoass",
"form": "u",
"cf": "u",
"gw": "and",
"sense": "and",
"norm": "u",
"pos": "CNJ",
"epos": "CNJ"}
}
,
{
"node": "l",
"frag": "{d}PA",
"id": "P313458.l03879",
"ref": "P313458.9.8",
"inst": "Nabu[1]DN",
"sig": "@saao/saa01%akk-x-neoass:{d}PA=Nabu[1//1]DN'DN$Nabu",
"f": {"lang": "akk-x-neoass",
"form": "{d}PA",
"cf": "Nabu",
"gw": "1",
"sense": "1",
"norm": "Nabu",
"pos": "DN",
"epos": "DN"}
}
,
{
"node": "l",
"frag": "[lu-rad-di-u]",
"id": "P313458.l0387a",
"ref": "P313458.9.9",
"inst": "redû[accompany//add]V$luraddiu",
"sig": "@saao/saa01%akk-x-neoass:lu-rad-di-u=redû[accompany//add]V'V$luraddiu",
"f": {"lang": "akk-x-neoass",
"form": "lu-rad-di-u",
"cf": "redû",
"gw": "accompany",
"sense": "add",
"norm": "luraddiu",
"pos": "V",
"epos": "V"}
}
,
{
"node": "d",
"type": "line-start",
"ref": "P313458.10",
"n": "9",
"label": "o 9"}
,
{
"node": "l",
"frag": "lid-di-nu-nik-ka",
"id": "P313458.l0387b",
"ref": "P313458.10.1",
"inst": "tadānu[give]V$liddinūnikka",
"sig": "@saao/saa01%akk-x-neoass:lid-di-nu-nik-ka=tadānu[give//give]V'V$liddinūnikka",
"f": {"lang": "akk-x-neoass",
"form": "lid-di-nu-nik-ka",
"cf": "tadānu",
"gw": "give",
"sense": "give",
"norm": "liddinūnikka",
"pos": "V",
"epos": "V"}
}
,
{
"node": "l",
"frag": "tar-ba-ṣa-ka",
"id": "P313458.l0387c",
"ref": "P313458.10.2",
"inst": "tarbāṣu[courtyard]N$tarbāṣaka",
"sig": "@saao/saa01%akk-x-neoass:tar-ba-ṣa-ka=tarbāṣu[courtyard//courtyard]N'N$tarbāṣaka",
"f": {"lang": "akk-x-neoass",
"form": "tar-ba-ṣa-ka",
"cf": "tarbāṣu",
"gw": "courtyard",
"sense": "courtyard",
"norm": "tarbāṣaka",
"pos": "N",
"epos": "N"}
}
,
{
"node": "l",
"frag": "DAGAL-MEŠ\\m",
"id": "P313458.l0387d",
"ref": "P313458.10.3",
"inst": "rapšu[wide]AJ$",
"sig": "@saao/saa01%akk-x-neoass:DAGAL-MEŠ=rapšu[wide//wide]AJ'AJ$rapšu",
"f": {"lang": "akk-x-neoass",
"form": "DAGAL-MEŠ",
"cf": "rapšu",
"gw": "wide",
"sense": "wide",
"norm": "rapšu",
"pos": "AJ",
"epos": "AJ"}
}
,
{
"node": "l",
"frag": "lu-ša₂-⸢an⸣-[di-lu]",
"id": "P313458.l0387e",
"ref": "P313458.10.4",
"inst": "šadālu[be(come) wide//enlarge]V$lušandilu",
"sig": "@saao/saa01%akk-x-neoass:lu-ša₂-an-di-lu=šadālu[be(come) wide//enlarge]V'V$lušandilu",
"f": {"lang": "akk-x-neoass",
"form": "lu-ša₂-an-di-lu",
"cf": "šadālu",
"gw": "be(come) wide",
"sense": "enlarge",
"norm": "lušandilu",
"pos": "V",
"epos": "V"}
}
,
{
"node": "d",
"type": "line-start",
"ref": "P313458.11",
"n": "10",
"label": "o 10"}
,
{
"node": "l",
"frag": "UN-MEŠ",
"id": "P313458.l0387f",
"ref": "P313458.11.1",
"inst": "nišē[people]N",
"sig": "@saao/saa01%akk-x-neoass:UN-MEŠ=nišu[people//people]N'N$nišē",
"f": {"lang": "akk-x-neoass",
"form": "UN-MEŠ",
"cf": "nišu",
"gw": "people",
"sense": "people",
"norm": "nišē",
"pos": "N",
"epos": "N"}
}
,
{
"node": "l",
"frag": "KUR.KUR",
"id": "P313458.l03880",
"ref": "P313458.11.2",
"inst": "mātu[land]N$mātāti",
"sig": "@saao/saa01%akk-x-neoass:KUR.KUR=mātu[land//land]N'N$mātāti",
"f": {"lang": "akk-x-neoass",
"form": "KUR.KUR",
"cf": "mātu",
"gw": "land",
"sense": "land",
"norm": "mātāti",
"pos": "N",
"epos": "N"}
}
,
{
"node": "l",
"frag": "lu",
"id": "P313458.l03881",
"ref": "P313458.11.3",
"inst": "lū[may]MOD",
"sig": "@saao/saa01%akk-x-neoass:lu=lū[may//may]MOD'MOD$lū",
"f": {"lang": "akk-x-neoass",
"form": "lu",
"cf": "lū",
"gw": "may",
"sense": "may",
"norm": "lū",
"pos": "MOD",
"epos": "MOD"}
}
,
{
"node": "l",
"frag": "a-lik-u₂-ti\\d",
"id": "P313458.l03882",
"ref": "P313458.11.4",
"inst": "āliku[going//one who goes]AJ'N$ālikūti",
"sig": "@saao/saa01%akk-x-neoass:a-lik-u₂-ti=āliku[going//one who goes]AJ'N$ālikūti",
"f": {"lang": "akk-x-neoass",
"form": "a-lik-u₂-ti",
"cf": "āliku",
"gw": "going",
"sense": "one who goes",
"norm": "ālikūti",
"pos": "AJ",
"epos": "N"}
}
,
{
"node": "c",
"type": "phrase",
"tag": "phr",
"id": "P313458.U5",
"ref": "P313458.ls00001",
"cdl": [
{
"node": "l",
"frag": "a-na",
"id": "P313458.l03883",
"ref": "P313458.11.5",
"inst": "ana[to+=to]PRP",
"sig": "@saao/saa01%akk-x-neoass:a-na=ana[to//to]PRP'PRP$ana",
"f": {"lang": "akk-x-neoass",
"form": "a-na",
"cf": "ana",
"gw": "to",
"sense": "to",
"norm": "ana",
"pos": "PRP",
"epos": "PRP"}
}
,
{
"node": "l",
"frag": "IGI-MEŠ-ka",
"id": "P313458.l03884",
"ref": "P313458.11.6",
"inst": "pānu[front]N$pānīka",
"sig": "@saao/saa01%akk-x-neoass:IGI-MEŠ-ka=pānu[front//front]N'N$pānīka",
"f": {"lang": "akk-x-neoass",
"form": "IGI-MEŠ-ka",
"cf": "pānu",
"gw": "front",
"sense": "front",
"norm": "pānīka",
"pos": "N",
"epos": "N"}
}
]}
,
{
"node": "l",
"frag": "LUGAL",
"id": "P313458.l03885",
"ref": "P313458.11.7",
"inst": "šarru[king]N",
"sig": "@saao/saa01%akk-x-neoass:LUGAL=šarru[king//king]N'N$šarru",
"f": {"lang": "akk-x-neoass",
"form": "LUGAL",
"cf": "šarru",
"gw": "king",
"sense": "king",
"norm": "šarru",
"pos": "N",
"epos": "N"}
}
,
{
"node": "l",
"frag": "be-⸢li₂⸣",
"id": "P313458.l03886",
"ref": "P313458.11.8",
"inst": "bēlī[lord]N",
"sig": "@saao/saa01%akk-x-neoass:be-li₂=bēlu[lord//lord]N'N$bēlī",
"f": {"lang": "akk-x-neoass",
"form": "be-li₂",
"cf": "bēlu",
"gw": "lord",
"sense": "lord",
"norm": "bēlī",
"pos": "N",
"epos": "N"}
}
,
{
"node": "l",
"frag": "[x",
"id": "P313458.l03887",
"ref": "P313458.11.9",
"inst": "u",
"f": {"lang": "akk-x-neoass",
"form": "x",
"pos": "u"}
}
,
{
"node": "l",
"frag": "x]",
"id": "P313458.l03888",
"ref": "P313458.11.10",
"inst": "u",
"f": {"lang": "akk-x-neoass",
"form": "x",
"pos": "u"}
}
,
{
"node": "d",
"type": "line-start",
"ref": "P313458.12",
"n": "11",
"label": "o 11"}
,
{
"node": "l",
"frag": "⸢at⸣-ta",
"id": "P313458.l03889",
"ref": "P313458.12.1",
"inst": "atta[you]IP",
"sig": "@saao/saa01%akk-x-neoass:at-ta=atta[you//you]IP'IP$atta",
"f": {"lang": "akk-x-neoass",
"form": "at-ta",
"cf": "atta",
"gw": "you",
"sense": "you",
"norm": "atta",
"pos": "IP",
"epos": "IP"}
}
,
{
"node": "l",
"frag": "lu-u",
"id": "P313458.l0388a",
"ref": "P313458.12.2",
"inst": "lū[may]MOD",
"sig": "@saao/saa01%akk-x-neoass:lu-u=lū[may//may]MOD'MOD$lū",
"f": {"lang": "akk-x-neoass",
"form": "lu-u",
"cf": "lū",
"gw": "may",
"sense": "may",
"norm": "lū",
"pos": "MOD",
"epos": "MOD"}
}
,
{
"node": "l",
"frag": "E₂.KUR",
"id": "P313458.l0388b",
"ref": "P313458.12.3",
"inst": "ēkurru[temple]N$",
"sig": "@saao/saa01%akk-x-neoass:E₂.KUR=ēkurru[temple//temple]N'N$ēkurru",
"f": {"lang": "akk-x-neoass",
"form": "E₂.KUR",
"cf": "ēkurru",
"gw": "temple",
"sense": "temple",
"norm": "ēkurru",
"pos": "N",
"epos": "N"}
}
,
{
"node": "l",
"frag": "ša",
"id": "P313458.l0388c",
"ref": "P313458.12.4",
"inst": "ša[of]DET",
"sig": "@saao/saa01%akk-x-neoass:ša=ša[of//of]DET'DET$ša",
"f": {"lang": "akk-x-neoass",
"form": "ša",
"cf": "ša",
"gw": "of",
"sense": "of",
"norm": "ša",
"pos": "DET",
"epos": "DET"}
}
,
{
"node": "l",
"frag": "LUGAL-MEŠ-ni",
"id": "P313458.l0388d",
"ref": "P313458.12.5",
"inst": "šarrāni[king]N",
"sig": "@saao/saa01%akk-x-neoass:LUGAL-MEŠ-ni=šarru[king//king]N'N$šarrāni",
"f": {"lang": "akk-x-neoass",
"form": "LUGAL-MEŠ-ni",
"cf": "šarru",
"gw": "king",
"sense": "king",
"norm": "šarrāni",
"pos": "N",
"epos": "N"}
}
,
{
"node": "l",
"frag": "am-mar",
"id": "P313458.l0388e",
"ref": "P313458.12.6",
"inst": "ammar[as many as]REL",
"sig": "@saao/saa01%akk-x-neoass:am-mar=ammar[as much as//as many as]REL'REL$ammar",
"f": {"lang": "akk-x-neoass",
"form": "am-mar",
"cf": "ammar",
"gw": "as much as",
"sense": "as many as",
"norm": "ammar",
"pos": "REL",
"epos": "REL"}
}
,
{
"node": "l",
"frag": "ZI-MEŠ-šu₂",
"id": "P313458.l0388f",
"ref": "P313458.12.7",
"inst": "napištu[throat//life]N$nupšātīšu",
"sig": "@saao/saa01%akk-x-neoass:ZI-MEŠ-šu₂=napištu[throat//life]N'N$nupšātīšu",
"f": {"lang": "akk-x-neoass",
"form": "ZI-MEŠ-šu₂",
"cf": "napištu",
"gw": "throat",
"sense": "life",
"norm": "nupšātīšu",
"pos": "N",
"epos": "N"}
}
,
{
"node": "l",
"frag": "ina",
"id": "P313458.l03890",
"ref": "P313458.12.8",
"inst": "ina[in]PRP",
"sig": "@saao/saa01%akk-x-neoass:ina=ina[in//in]PRP'PRP$ina",
"f": {"lang": "akk-x-neoass",
"form": "ina",
"cf": "ina",
"gw": "in",
"sense": "in",
"norm": "ina",
"pos": "PRP",
"epos": "PRP"}
}
,
{
"node": "l",
"frag": "KI.TA",
"id": "P313458.l03891",
"ref": "P313458.12.9",
"inst": "šapal[under]'PRP",
"sig": "@saao/saa01%akk-x-neoass:KI.TA=šaplu[underside//under]N'PRP$šapal",
"f": {"lang": "akk-x-neoass",
"form": "KI.TA",
"cf": "šaplu",
"gw": "underside",
"sense": "under",
"norm": "šapal",
"pos": "N",
"epos": "PRP"}
}
,
{
"node": "l",
"frag": "[GIR₃.2-ka]",
"id": "P313458.l03892",
"ref": "P313458.12.10",
"inst": "šēpēka[foot]N",
"sig": "@saao/saa01%akk-x-neoass:GIR₃.2-ka=šēpu[foot//foot]N'N$šēpēka",
"f": {"lang": "akk-x-neoass",
"form": "GIR₃.2-ka",
"cf": "šēpu",
"gw": "foot",
"sense": "foot",
"norm": "šēpēka",
"pos": "N",
"epos": "N"}
}
,
{
"node": "d",
"type": "line-start",
"ref": "P313458.13",
"n": "12",
"label": "o 12"}
,
{
"node": "l",
"frag": "⸢i⸣-ša₂-kan-u-ni",
"id": "P313458.l03893",
"ref": "P313458.13.1",
"inst": "šakānu[put//place]V$išakkanūni",
"sig": "@saao/saa01%akk-x-neoass:i-ša₂-kan-u-ni=šakānu[put//place]V'V$išakkanūni",
"f": {"lang": "akk-x-neoass",
"form": "i-ša₂-kan-u-ni",
"cf": "šakānu",
"gw": "put",
"sense": "place",
"norm": "išakkanūni",
"pos": "V",
"epos": "V"}
}
,
{
"node": "l",
"frag": "u₃",
"id": "P313458.l03894",
"ref": "P313458.13.2",
"inst": "u[and]CNJ",
"sig": "@saao/saa01%akk-x-neoass:u₃=u[and//and]CNJ'CNJ$u",
"f": {"lang": "akk-x-neoass",
"form": "u₃",
"cf": "u",
"gw": "and",
"sense": "and",
"norm": "u",
"pos": "CNJ",
"epos": "CNJ"}
}
,
{
"node": "l",
"frag": "MUN-ka",
"id": "P313458.l03895",
"ref": "P313458.13.3",
"inst": "ṭābtu[goodness//favour]N$ṭābatka",
"sig": "@saao/saa01%akk-x-neoass:MUN-ka=ṭābtu[goodness//favour]N'N$ṭābatka",
"f": {"lang": "akk-x-neoass",
"form": "MUN-ka",
"cf": "ṭābtu",
"gw": "goodness",
"sense": "favour",
"norm": "ṭābatka",
"pos": "N",
"epos": "N"}
}
,
{
"node": "l",
"frag": "i-na-ṣar-u-ni",
"id": "P313458.l03896",
"ref": "P313458.13.4",
"inst": "naṣāru[guard//keep guard]V$inaṣṣarūni",
"sig": "@saao/saa01%akk-x-neoass:i-na-ṣar-u-ni=naṣāru[guard//keep guard]V'V$inaṣṣarūni",
"f": {"lang": "akk-x-neoass",
"form": "i-na-ṣar-u-ni",
"cf": "naṣāru",
"gw": "guard",
"sense": "keep guard",
"norm": "inaṣṣarūni",
"pos": "V",
"epos": "V"}
}
,
{
"node": "l",
"frag": "DINGIR-MEŠ-ka",
"id": "P313458.l03897",
"ref": "P313458.13.5",
"inst": "ilānīka[god]N",
"sig": "@saao/saa01%akk-x-neoass:DINGIR-MEŠ-ka=ilu[god//god]N'N$ilānīka",
"f": {"lang": "akk-x-neoass",
"form": "DINGIR-MEŠ-ka",
"cf": "ilu",
"gw": "god",
"sense": "god",
"norm": "ilānīka",
"pos": "N",
"epos": "N"}
}
,
{
"node": "l",
"frag": "ana",
"id": "P313458.l03898",
"ref": "P313458.13.6",
"inst": "ana[to]PRP",
"sig": "@saao/saa01%akk-x-neoass:ana=ana[to//to]PRP'PRP$ana",
"f": {"lang": "akk-x-neoass",
"form": "ana",
"cf": "ana",
"gw": "to",
"sense": "to",
"norm": "ana",
"pos": "PRP",
"epos": "PRP"}
}
,
{
"node": "l",
"frag": "re-e-[me]",
"id": "P313458.l03899",
"ref": "P313458.13.7",
"inst": "rēmu[womb//mercy]N$rēme",
"sig": "@saao/saa01%akk-x-neoass:re-e-me=rēmu[womb//mercy]N'N$rēme",
"f": {"lang": "akk-x-neoass",
"form": "re-e-me",
"cf": "rēmu",
"gw": "womb",
"sense": "mercy",
"norm": "rēme",
"pos": "N",
"epos": "N"}
}
,
{
"node": "d",
"type": "line-start",
"ref": "P313458.14",
"n": "13",
"label": "o 13"}
,
{
"node": "c",
"type": "phrase",
"tag": "phr",
"id": "P313458.U6",
"ref": "P313458.ls00002",
"cdl": [
{
"node": "l",
"frag": "⸢ina⸣",
"id": "P313458.l0389a",
"ref": "P313458.14.1",
"inst": "ina[in+=in the presence of]PRP",
"sig": "@saao/saa01%akk-x-neoass:ina=ina[in//in]PRP'PRP$ina",
"f": {"lang": "akk-x-neoass",
"form": "ina",
"cf": "ina",
"gw": "in",
"sense": "in",
"norm": "ina",
"pos": "PRP",
"epos": "PRP"}
}
,
{
"node": "l",
"frag": "IGI-ka",
"id": "P313458.l0389b",
"ref": "P313458.14.2",
"inst": "pānīka[front]N",
"sig": "@saao/saa01%akk-x-neoass:IGI-ka=pānu[front//front]N'N$pānīka",
"f": {"lang": "akk-x-neoass",
"form": "IGI-ka",
"cf": "pānu",
"gw": "front",
"sense": "front",
"norm": "pānīka",
"pos": "N",
"epos": "N"}
}
]}
,
{
"node": "l",
"frag": "i-ša₂-⸢ku-nu⸣-šu₂",
"id": "P313458.l0389c",
"ref": "P313458.14.3",
"inst": "šakānu[put//place]V$išakkunūšu",
"sig": "@saao/saa01%akk-x-neoass:i-ša₂-ku-nu-šu₂=šakānu[put//place]V'V$išakkunūšu",
"f": {"lang": "akk-x-neoass",
"form": "i-ša₂-ku-nu-šu₂",
"cf": "šakānu",
"gw": "put",
"sense": "place",
"norm": "išakkunūšu",
"pos": "V",
"epos": "V"}
}
,
{
"node": "l",
"frag": "ki-i",
"id": "P313458.l0389d",
"ref": "P313458.14.4",
"inst": "+kī[as, like//as]PRP'PRP$kî",
"sig": "@saao/saa01%akk-x-neoass:ki-i=kī[as, like//as]PRP'PRP$kî",
"f": {"lang": "akk-x-neoass",
"form": "ki-i",
"cf": "kī",
"gw": "as, like",
"sense": "as",
"norm": "kî",
"pos": "PRP",
"epos": "PRP"}
}
,
{
"node": "l",
"frag": "ša₂",
"id": "P313458.l0389e",
"ref": "P313458.14.5",
"inst": "ša[of]DET",
"sig": "@saao/saa01%akk-x-neoass:ša₂=ša[of//of]DET'DET$ša",
"f": {"lang": "akk-x-neoass",
"form": "ša₂",
"cf": "ša",
"gw": "of",
"sense": "of",
"norm": "ša",
"pos": "DET",
"epos": "DET"}
}
,
{
"node": "l",
"frag": "UD-me",
"id": "P313458.l0389f",
"ref": "P313458.14.6",
"inst": "ūme[day]N",
"sig": "@saao/saa01%akk-x-neoass:UD-me=ūmu[day//day]N'N$ūme",
"f": {"lang": "akk-x-neoass",
"form": "UD-me",
"cf": "ūmu",
"gw": "day",
"sense": "day",
"norm": "ūme",
"pos": "N",
"epos": "N"}
}
,
{
"node": "l",
"frag": "an-ni-i",
"id": "P313458.l038a0",
"ref": "P313458.14.7",
"inst": "annî[this]DP",
"sig": "@saao/saa01%akk-x-neoass:an-ni-i=annû[this//this]DP'DP$annî",
"f": {"lang": "akk-x-neoass",
"form": "an-ni-i",
"cf": "annû",
"gw": "this",
"sense": "this",
"norm": "annî",
"pos": "DP",
"epos": "DP"}
}
,
{
"node": "l",
"frag": "tu-lab-ba-aš₂",
"id": "P313458.l038a1",
"ref": "P313458.14.8",
"inst": "labāšu[clothe o.s.//dress]V$tulabbaš",
"sig": "@saao/saa01%akk-x-neoass:tu-lab-ba-aš₂=labāšu[clothe o.s.//dress]V'V$tulabbaš",
"f": {"lang": "akk-x-neoass",
"form": "tu-lab-ba-aš₂",
"cf": "labāšu",
"gw": "clothe o.s.",
"sense": "dress",
"norm": "tulabbaš",
"pos": "V",
"epos": "V"}
}
,
{
"node": "l",
"frag": "ta-⸢kar⸣-[rab-šu₂]",
"id": "P313458.l038a2",
"ref": "P313458.14.9",
"inst": "karābu[pray//bless]V$takarrabšu",
"sig": "@saao/saa01%akk-x-neoass:ta-kar-rab-šu₂=karābu[pray//bless]V'V$takarrabšu",
"f": {"lang": "akk-x-neoass",
"form": "ta-kar-rab-šu₂",
"cf": "karābu",
"gw": "pray",
"sense": "bless",
"norm": "takarrabšu",
"pos": "V",
"epos": "V"}
}
,
{
"node": "d",
"type": "line-start",
"ref": "P313458.15",
"n": "14",
"label": "o 14"}
,
{
"node": "l",
"frag": "⸢la⸣",
"id": "P313458.l038a3",
"ref": "P313458.15.1",
"inst": "lā[not]MOD",
"sig": "@saao/saa01%akk-x-neoass:la=lā[not//not]MOD'MOD$lā",
"f": {"lang": "akk-x-neoass",
"form": "la",
"cf": "lā",
"gw": "not",
"sense": "not",
"norm": "lā",
"pos": "MOD",
"epos": "MOD"}
}
,
{
"node": "l",
"frag": "na-⸢ṣir⸣",
"id": "P313458.l038a4",
"ref": "P313458.15.2",
"inst": "naṣru[guarded]AJ$naṣir",
"sig": "@saao/saa01%akk-x-neoass:na-ṣir=naṣru[guarded//guarded]AJ'AJ$naṣir",
"f": {"lang": "akk-x-neoass",
"form": "na-ṣir",
"cf": "naṣru",
"gw": "guarded",
"sense": "guarded",
"norm": "naṣir",
"pos": "AJ",
"epos": "AJ"}
}
,
{
"node": "l",
"frag": "[MUN]-ka",
"id": "P313458.l038a5",
"ref": "P313458.15.3",
"inst": "ṭābtu[goodness//favour]N$ṭābatka",
"sig": "@saao/saa01%akk-x-neoass:MUN-ka=ṭābtu[goodness//favour]N'N$ṭābatka",
"f": {"lang": "akk-x-neoass",
"form": "MUN-ka",
"cf": "ṭābtu",
"gw": "goodness",
"sense": "favour",
"norm": "ṭābatka",
"pos": "N",
"epos": "N"}
}
,
{
"node": "l",
"frag": "ina",
"id": "P313458.l038a6",
"ref": "P313458.15.4",
"inst": "ina[in]PRP",
"sig": "@saao/saa01%akk-x-neoass:ina=ina[in//in]PRP'PRP$ina",
"f": {"lang": "akk-x-neoass",
"form": "ina",
"cf": "ina",
"gw": "in",
"sense": "in",
"norm": "ina",
"pos": "PRP",
"epos": "PRP"}
}
,
{
"node": "l",
"frag": "kip-pi",
"id": "P313458.l038a7",
"ref": "P313458.15.5",
"inst": "kippu[loop//snare]N$kippi",
"sig": "@saao/saa01%akk-x-neoass:kip-pi=kippu[loop//snare]N'N$kippi",
"f": {"lang": "akk-x-neoass",
"form": "kip-pi",
"cf": "kippu",
"gw": "loop",
"sense": "snare",
"norm": "kippi",
"pos": "N",
"epos": "N"}
}
,
{
"node": "l",
"frag": "hu-ha-ri",
"id": "P313458.l038a8",
"ref": "P313458.15.6",
"inst": "huhāru[bird-snare//trap]N$huhāri",
"sig": "@saao/saa01%akk-x-neoass:hu-ha-ri=huhāru[bird-snare//trap]N'N$huhāri",
"f": {"lang": "akk-x-neoass",
"form": "hu-ha-ri",
"cf": "huhāru",
"gw": "bird-snare",
"sense": "trap",
"norm": "huhāri",
"pos": "N",
"epos": "N"}
}
,
{
"node": "l",
"frag": "ša₂",
"id": "P313458.l038a9",
"ref": "P313458.15.7",
"inst": "ša[of]DET",
"sig": "@saao/saa01%akk-x-neoass:ša₂=ša[of//of]DET'DET$ša",
"f": {"lang": "akk-x-neoass",
"form": "ša₂",
"cf": "ša",
"gw": "of",
"sense": "of",
"norm": "ša",
"pos": "DET",
"epos": "DET"}
}
,
{
"node": "l",
"frag": "aš-šur",
"id": "P313458.l038aa",
"ref": "P313458.15.8",
"inst": "Aššur[1]DN",
"sig": "@saao/saa01%akk-x-neoass:aš-šur=Aššur[1//1]DN'DN$Aššur",
"f": {"lang": "akk-x-neoass",
"form": "aš-šur",
"cf": "Aššur",
"gw": "1",
"sense": "1",
"norm": "Aššur",
"pos": "DN",
"epos": "DN"}
}
,
{
"node": "l",
"frag": "i-ma-⸢qut⸣",
"id": "P313458.l038ab",
"ref": "P313458.15.9",
"inst": "maqātu[fall]V$imaqqut",
"sig": "@saao/saa01%akk-x-neoass:i-ma-qut=maqātu[fall//fall]V'V$imaqqut",
"f": {"lang": "akk-x-neoass",
"form": "i-ma-qut",
"cf": "maqātu",
"gw": "fall",
"sense": "fall",
"norm": "imaqqut",
"pos": "V",
"epos": "V"}
}
,
{
"node": "l",
"frag": "[o]",
"id": "P313458.l038ac",
"ref": "P313458.15.10",
"inst": "u",
"f": {"lang": "akk-x-neoass",
"form": "o",
"pos": "u"}
}
,
{
"node": "d",
"type": "line-start",
"ref": "P313458.16",
"n": "15",
"label": "o 15"}
,
{
"node": "l",
"frag": "[x",
"id": "P313458.l038ad",
"ref": "P313458.16.1",
"inst": "u",
"f": {"lang": "akk-x-neoass",
"form": "x",
"pos": "u"}
}
,
{
"node": "l",
"frag": "x]",
"id": "P313458.l038ae",
"ref": "P313458.16.2",
"inst": "u",
"f": {"lang": "akk-x-neoass",
"form": "x",
"pos": "u"}
}
,
{
"node": "l",
"frag": "si",
"id": "P313458.l038af",
"ref": "P313458.16.3",
"inst": "u",
"f": {"lang": "akk-x-neoass",
"form": "si",
"pos": "u"}
}
,
{
"node": "l",
"frag": "⸢x⸣+[x",
"id": "P313458.l038b0",
"ref": "P313458.16.4",
"inst": "u",
"f": {"lang": "akk-x-neoass",
"form": "x+x",
"pos": "u"}
}
,
{
"node": "l",
"frag": "x]-⸢a⸣-ti\\d",
"id": "P313458.l038b1",
"ref": "P313458.16.5",
"inst": "u",
"f": {"lang": "akk-x-neoass",
"form": "x-a-ti",
"pos": "u"}
}
,
{
"node": "l",
"frag": "KA₂\\dp-MEŠ-ka",
"id": "P313458.l038b2",
"ref": "P313458.16.6",
"inst": "bābu[gate]N$bābātēka",
"sig": "@saao/saa01%akk-x-neoass:KA₂-MEŠ-ka=bābu[gate//gate]N'N$bābātēka",
"f": {"lang": "akk-x-neoass",
"form": "KA₂-MEŠ-ka",
"cf": "bābu",
"gw": "gate",
"sense": "gate",
"norm": "bābātēka",
"pos": "N",
"epos": "N"}
}
,
{
"node": "l",
"frag": "u₂-ša₂-an-[x",
"id": "P313458.l038b3",
"ref": "P313458.16.7",
"inst": "u",
"f": {"lang": "akk-x-neoass",
"form": "u₂-ša₂-an-x",
"pos": "u"}
}
,
{
"node": "l",
"frag": "x]",
"id": "P313458.l038b4",
"ref": "P313458.16.8",
"inst": "u",
"f": {"lang": "akk-x-neoass",
"form": "x",
"pos": "u"}
}
,
{
"node": "d",
"type": "nonx",
"ref": "P313458.17",
"strict": "1",
"extent": "n",
"scope": "line",
"state": "ruling"}
,
{
"node": "d",
"type": "line-start",
"ref": "P313458.18",
"n": "16",
"label": "o 16"}
,
{
"node": "l",
"frag": "[dul-lu",
"id": "P313458.l038b5",
"ref": "P313458.18.1",
"inst": "dullu[trouble//ritual]N$",
"sig": "@saao/saa01%akk-x-neoass:dul-lu=dullu[trouble//ritual]N'N$dullu",
"f": {"lang": "akk-x-neoass",
"form": "dul-lu",
"cf": "dullu",
"gw": "trouble",
"sense": "ritual",
"norm": "dullu",
"pos": "N",
"epos": "N"}
}
,
{
"node": "l",
"frag": "ša",
"id": "P313458.l038b6",
"ref": "P313458.18.2",
"inst": "ša[which]REL",
"sig": "@saao/saa01%akk-x-neoass:ša=ša[that//which]REL'REL$ša",
"f": {"lang": "akk-x-neoass",
"form": "ša",
"cf": "ša",
"gw": "that",
"sense": "which",
"norm": "ša",
"pos": "REL",
"epos": "REL"}
}
,
{
"node": "l",
"frag": "LUGAL",
"id": "P313458.l038b7",
"ref": "P313458.18.3",
"inst": "šarru[king]N",
"sig": "@saao/saa01%akk-x-neoass:LUGAL=šarru[king//king]N'N$šarru",
"f": {"lang": "akk-x-neoass",
"form": "LUGAL",
"cf": "šarru",
"gw": "king",
"sense": "king",
"norm": "šarru",
"pos": "N",
"epos": "N"}
}
,
{
"node": "l",
"frag": "iš-pur]-⸢an⸣-ni",
"id": "P313458.l038b8",
"ref": "P313458.18.4",
"inst": "išpuranni[write]V",
"sig": "@saao/saa01%akk-x-neoass:iš-pur-an-ni=šapāru[send//write]V'V$išpuranni",
"f": {"lang": "akk-x-neoass",
"form": "iš-pur-an-ni",
"cf": "šapāru",
"gw": "send",
"sense": "write",
"norm": "išpuranni",
"pos": "V",
"epos": "V"}
}
,
{
"node": "l",
"frag": "šu-u-tu₂",
"id": "P313458.l038b9",
"ref": "P313458.18.5",
"inst": "šūtu[it]IP",
"sig": "@saao/saa01%akk-x-neoass:šu-u-tu₂=šūtu[he//it]IP'IP$šūtu",
"f": {"lang": "akk-x-neoass",
"form": "šu-u-tu₂",
"cf": "šūtu",
"gw": "he",
"sense": "it",
"norm": "šūtu",
"pos": "IP",
"epos": "IP"}
}
,
{
"node": "c",
"type": "phrase",
"tag": "phr",
"id": "P313458.U7",
"ref": "P313458.ls00003",
"cdl": [
{
"node": "l",
"frag": "ina",
"id": "P313458.l038ba",
"ref": "P313458.18.6",
"inst": "ina[in+=tomorrow]PRP",
"sig": "@saao/saa01%akk-x-neoass:ina=ina[in//in]PRP'PRP$ina",
"f": {"lang": "akk-x-neoass",
"form": "ina",
"cf": "ina",
"gw": "in",
"sense": "in",
"norm": "ina",
"pos": "PRP",
"epos": "PRP"}
}
,
{
"node": "l",
"frag": "ši-a-ri",
"id": "P313458.l038bb",
"ref": "P313458.18.7",
"inst": "šiāri[morning]N",
"sig": "@saao/saa01%akk-x-neoass:ši-a-ri=šiāru[morning//morning]N'N$šiāri",
"f": {"lang": "akk-x-neoass",
"form": "ši-a-ri",
"cf": "šiāru",
"gw": "morning",
"sense": "morning",
"norm": "šiāri",
"pos": "N",
"epos": "N"}
}
]}
,
{
"node": "l",
"frag": "ne₂-⸢pa⸣-[aš₂]",
"id": "P313458.l038bc",
"ref": "P313458.18.8",
"inst": "neppaš[do]V",
"sig": "@saao/saa01%akk-x-neoass:ne₂-pa-aš₂=epēšu[do//do]V'V$neppaš",
"f": {"lang": "akk-x-neoass",
"form": "ne₂-pa-aš₂",
"cf": "epēšu",
"gw": "do",
"sense": "do",
"norm": "neppaš",
"pos": "V",
"epos": "V"}
}
,
{
"node": "d",
"subtype": "bottom",
"type": "surface",
"ref": "P313458.b.e..19",
"type": "bottom",
"label": "b.e."}
,
{
"node": "d",
"type": "nonx",
"ref": "P313458.20",
"strict": "0",
"state": "other"}
,
{
"node": "d",
"subtype": "reverse",
"type": "surface",
"ref": "P313458.r.21",
"type": "reverse",
"label": "r"}
,
{
"node": "d",
"type": "nonx",
"ref": "P313458.22",
"strict": "0",
"extent": "n",
"scope": "line",
"state": "blank"}
,
{
"node": "d",
"type": "line-start",
"ref": "P313458.23",
"n": "1",
"label": "r 1"}
,
{
"node": "l",
"frag": "a-di",
"id": "P313458.l038bd",
"ref": "P313458.23.1",
"inst": "adi[until//within]PRP$",
"sig": "@saao/saa01%akk-x-neoass:a-di=adi[until//within]PRP'PRP$adi",
"f": {"lang": "akk-x-neoass",
"form": "a-di",
"cf": "adi",
"gw": "until",
"sense": "within",
"norm": "adi",
"pos": "PRP",
"epos": "PRP"}
}
,
{
"node": "l",
"frag": "04",
"id": "P313458.l038be",
"ref": "P313458.23.2",
"inst": "n",
"f": {"lang": "akk-x-neoass",
"form": "04",
"pos": "n"}
}
,
{
"node": "l",
"frag": "UD-MEŠ",
"id": "P313458.l038bf",
"ref": "P313458.23.3",
"inst": "ūmāti[day]N",
"sig": "@saao/saa01%akk-x-neoass:UD-MEŠ=ūmu[day//day]N'N$ūmāti",
"f": {"lang": "akk-x-neoass",
"form": "UD-MEŠ",
"cf": "ūmu",
"gw": "day",
"sense": "day",
"norm": "ūmāti",
"pos": "N",
"epos": "N"}
}
,
{
"node": "l",
"frag": "si-mu-nu",
"id": "P313458.l038c0",
"ref": "P313458.23.4",
"inst": "simānu[(right) occasion//time]N$simunu",
"sig": "@saao/saa01%akk-x-neoass:si-mu-nu=simānu[(right) occasion//time]N'N$simunu",
"f": {"lang": "akk-x-neoass",
"form": "si-mu-nu",
"cf": "simānu",
"gw": "(right) occasion",
"sense": "time",
"norm": "simunu",
"pos": "N",
"epos": "N"}
}
,
{
"node": "d",
"type": "line-start",
"ref": "P313458.24",
"n": "2",
"label": "r 2"}
,
{
"node": "l",
"frag": "⸢u₂-qar-x",
"id": "P313458.l038c1",
"ref": "P313458.24.1",
"inst": "u",
"f": {"lang": "akk-x-neoass",
"form": "u₂-qar-x",
"pos": "u"}
}
,
{
"node": "l",
"frag": "x⸣",
"id": "P313458.l038c2",
"ref": "P313458.24.2",
"inst": "u",
"f": {"lang": "akk-x-neoass",
"form": "x",
"pos": "u"}
}
,
{
"node": "l",
"frag": "ma\\m-a",
"id": "P313458.l038c3",
"ref": "P313458.24.3",
"inst": "mā[saying]PRP",
"sig": "@saao/saa01%akk-x-neoass:ma-a=mā[saying//saying]PRP'PRP$mā",
"f": {"lang": "akk-x-neoass",
"form": "ma-a",
"cf": "mā",
"gw": "saying",
"sense": "saying",
"norm": "mā",
"pos": "PRP",
"epos": "PRP"}
}
,
{
"node": "l",
"frag": "si-mu\\p-nu",
"id": "P313458.l038c4",
"ref": "P313458.24.4",
"inst": "simānu[(right) occasion//time]N$simunu",
"sig": "@saao/saa01%akk-x-neoass:si-mu-nu=simānu[(right) occasion//time]N'N$simunu",
"f": {"lang": "akk-x-neoass",
"form": "si-mu-nu",
"cf": "simānu",
"gw": "(right) occasion",
"sense": "time",
"norm": "simunu",
"pos": "N",
"epos": "N"}
}
,
{
"node": "d",
"type": "nonx",
"ref": "P313458.25",
"strict": "0",
"extent": "1",
"scope": "line",
"state": "other"}
,
{
"node": "d",
"type": "line-start",
"ref": "P313458.26",
"n": "3",
"label": "r 3"}
,
{
"node": "l",
"frag": "a-na",
"id": "P313458.l038c5",
"ref": "P313458.26.1",
"inst": "ana[to//on]PRP$",
"sig": "@saao/saa01%akk-x-neoass:a-na=ana[to//on]PRP'PRP$ana",
"f": {"lang": "akk-x-neoass",
"form": "a-na",
"cf": "ana",
"gw": "to",
"sense": "on",
"norm": "ana",
"pos": "PRP",
"epos": "PRP"}
}
,
{
"node": "l",
"frag": "01",
"id": "P313458.l038c6",
"ref": "P313458.26.2",
"inst": "n",
"f": {"lang": "akk-x-neoass",
"form": "01",
"pos": "n"}
}
,
{
"node": "l",
"frag": "UD-me",
"id": "P313458.l038c7",
"ref": "P313458.26.3",
"inst": "ūme[day]N",
"sig": "@saao/saa01%akk-x-neoass:UD-me=ūmu[day//day]N'N$ūme",
"f": {"lang": "akk-x-neoass",
"form": "UD-me",
"cf": "ūmu",
"gw": "day",
"sense": "day",
"norm": "ūme",
"pos": "N",
"epos": "N"}
}
,
{
"node": "l",
"frag": "ni-qar-rib",
"id": "P313458.l038c8",
"ref": "P313458.26.4",
"inst": "niqarrib[arrive]V",
"sig": "@saao/saa01%akk-x-neoass:ni-qar-rib=qerēbu[approach//arrive]V'V$niqarrib",
"f": {"lang": "akk-x-neoass",
"form": "ni-qar-rib",
"cf": "qerēbu",
"gw": "approach",
"sense": "arrive",
"norm": "niqarrib",
"pos": "V",
"epos": "V"}
}
,
{
"node": "l",
"frag": "UD",
"id": "P313458.l038c9",
"ref": "P313458.26.5",
"inst": "ūm[day]N",
"sig": "@saao/saa01%akk-x-neoass:UD=ūmu[day//day]N'N$ūm",
"f": {"lang": "akk-x-neoass",
"form": "UD",
"cf": "ūmu",
"gw": "day",
"sense": "day",
"norm": "ūm",
"pos": "N",
"epos": "N"}
}
,
{
"node": "l",
"frag": "14-KAM₂\\t",
"id": "P313458.l038ca",
"ref": "P313458.26.6",
"inst": "n",
"f": {"lang": "akk-x-neoass",
"form": "14-KAM₂",
"pos": "n"}
}
,
{
"node": "l",
"frag": "te-⸢x⸣-tu₂",
"id": "P313458.l038cb",
"ref": "P313458.26.7",
"inst": "u",
"f": {"lang": "akk-x-neoass",
"form": "te-x-tu₂",
"pos": "u"}
}
,
{
"node": "l",
"frag": "[o]",
"id": "P313458.l038cc",
"ref": "P313458.26.8",
"inst": "u",
"f": {"lang": "akk-x-neoass",
"form": "o",
"pos": "u"}
}
,
{
"node": "d",
"type": "line-start",
"ref": "P313458.27",
"n": "4",
"label": "r 4"}
,
{
"node": "l",
"frag": "UD",
"id": "P313458.l038cd",
"ref": "P313458.27.1",
"inst": "ūm[day]N",
"sig": "@saao/saa01%akk-x-neoass:UD=ūmu[day//day]N'N$ūm",
"f": {"lang": "akk-x-neoass",
"form": "UD",
"cf": "ūmu",
"gw": "day",
"sense": "day",
"norm": "ūm",
"pos": "N",
"epos": "N"}
}
,
{
"node": "l",
"frag": "15-KAM₂\\t",
"id": "P313458.l038ce",
"ref": "P313458.27.2",
"inst": "n",
"f": {"lang": "akk-x-neoass",
"form": "15-KAM₂",
"pos": "n"}
}
,
{
"node": "l",
"frag": "ina",
"id": "P313458.l038cf",
"ref": "P313458.27.3",
"inst": "ina[in]PRP",
"sig": "@saao/saa01%akk-x-neoass:ina=ina[in//in]PRP'PRP$ina",
"f": {"lang": "akk-x-neoass",
"form": "ina",
"cf": "ina",
"gw": "in",
"sense": "in",
"norm": "ina",
"pos": "PRP",
"epos": "PRP"}
}
,
{
"node": "c",
"type": "phrase",
"tag": "phr",
"id": "P313458.U8",
"ref": "P313458.ls00004",
"cdl": [
{
"node": "l",
"frag": "E₂-DINGIR",
"id": "P313458.l038d0",
"ref": "P313458.27.4",
"cof-tails": "P313458.l038d1",
"inst": "bītu[house]N$bēt&ilu[god]N$ili",
"sig": "@saao/saa01%akk-x-neoass:E₂-DINGIR=bītu[house//house]N'N$bēt&&@saao%akk-x-neoass:=ilu[god//god]N'N$ili",
"f": {"lang": "akk-x-neoass",
"form": "E₂-DINGIR",
"cf": "bītu",
"gw": "house",
"sense": "house",
"norm": "bēt",
"pos": "N",
"epos": "N"}
}
,
{
"node": "l",
"frag": "E₂-DINGIR",
"id": "P313458.l038d1",
"ref": "P313458.27.4",
"cof-head": "P313458.l038d0",
"inst": "bītu[house]N$bēt&ilu[god]N$ili",
"tail-sig": "@saao%akk-x-neoass:=ilu[god//god]N'N$ili",
"f": {"lang": "akk-x-neoass",
"form": "E₂-DINGIR",
"cf": "ilu",
"gw": "god",
"sense": "god",
"norm": "ili",
"pos": "N",
"epos": "N"}
}
]}
,
{
"node": "l",
"frag": "ni-bi-ad",
"id": "P313458.l038d2",
"ref": "P313458.27.5",
"inst": "nibīad[spend the night]V",
"sig": "@saao/saa01%akk-x-neoass:ni-bi-ad=biātu[spend the night//spend the night]V'V$nibīad",
"f": {"lang": "akk-x-neoass",
"form": "ni-bi-ad",
"cf": "biātu",
"gw": "spend the night",
"sense": "spend the night",
"norm": "nibīad",
"pos": "V",
"epos": "V"}
}
,
{
"node": "l",
"frag": "[o]",
"id": "P313458.l038d3",
"ref": "P313458.27.6",
"inst": "u",
"f": {"lang": "akk-x-neoass",
"form": "o",
"pos": "u"}
}
,
{
"node": "d",
"type": "line-start",
"ref": "P313458.28",
"n": "5",
"label": "r 5"}
,
{
"node": "l",
"frag": "u₂-ma-a",
"id": "P313458.l038d4",
"ref": "P313458.28.1",
"inst": "ūmâ[now]AV",
"sig": "@saao/saa01%akk-x-neoass:u₂-ma-a=ūma[today//now]AV'AV$ūmâ",
"f": {"lang": "akk-x-neoass",
"form": "u₂-ma-a",
"cf": "ūma",
"gw": "today",
"sense": "now",
"norm": "ūmâ",
"pos": "AV",
"epos": "AV"}
}
,
{
"node": "c",
"type": "phrase",
"tag": "phr",
"id": "P313458.U9",
"ref": "P313458.ls00005",
"cdl": [
{
"node": "l",
"frag": "im-mat",
"id": "P313458.l038d5",
"ref": "P313458.28.2",
"cof-tails": "P313458.l038d6",
"inst": "ina[in+=whenever]PRP$ina&mati[when?]QP$mat",
"sig": "@saao/saa01%akk-x-neoass:im-mat=ina[in//in]PRP'PRP$ina&&@saao%akk-x-neoass:=mati[when?//when?]QP'QP$mat",
"f": {"lang": "akk-x-neoass",
"form": "im-mat",
"cf": "ina",
"gw": "in",
"sense": "in",
"norm": "ina",
"pos": "PRP",
"epos": "PRP"}
}
,
{
"node": "l",
"frag": "im-mat",
"id": "P313458.l038d6",
"ref": "P313458.28.2",
"cof-head": "P313458.l038d5",
"inst": "ina[in+=whenever]PRP$ina&mati[when?]QP$mat",
"tail-sig": "@saao%akk-x-neoass:=mati[when?//when?]QP'QP$mat",
"f": {"lang": "akk-x-neoass",
"form": "im-mat",
"cf": "mati",
"gw": "when?",
"sense": "when?",
"norm": "mat",
"pos": "QP",
"epos": "QP"}
}
]}
,
{
"node": "l",
"frag": "⸢LUGAL",
"id": "P313458.l038d7",
"ref": "P313458.28.3",
"inst": "šarru[king]N",
"sig": "@saao/saa01%akk-x-neoass:LUGAL=šarru[king//king]N'N$šarru",
"f": {"lang": "akk-x-neoass",
"form": "LUGAL",
"cf": "šarru",
"gw": "king",
"sense": "king",
"norm": "šarru",
"pos": "N",
"epos": "N"}
}
,
{
"node": "l",
"frag": "i⸣-qab-⸢bu⸣-[u-ni",
"id": "P313458.l038d8",
"ref": "P313458.28.4",
"inst": "iqabbûni[say]V",
"sig": "@saao/saa01%akk-x-neoass:i-qab-bu-u-ni=qabû[say//say]V'V$iqabbûni",
"f": {"lang": "akk-x-neoass",
"form": "i-qab-bu-u-ni",
"cf": "qabû",
"gw": "say",
"sense": "say",
"norm": "iqabbûni",
"pos": "V",
"epos": "V"}
}
,
{
"node": "l",
"frag": "x",
"id": "P313458.l038d9",
"ref": "P313458.28.5",
"inst": "u",
"f": {"lang": "akk-x-neoass",
"form": "x",
"pos": "u"}
}
,
{
"node": "l",
"frag": "x",
"id": "P313458.l038da",
"ref": "P313458.28.6",
"inst": "u",
"f": {"lang": "akk-x-neoass",
"form": "x",
"pos": "u"}
}
,
{
"node": "l",
"frag": "x]",
"id": "P313458.l038db",
"ref": "P313458.28.7",
"inst": "u",
"f": {"lang": "akk-x-neoass",
"form": "x",
"pos": "u"}
}
,
{
"node": "d",
"type": "nonx",
"ref": "P313458.29",
"strict": "0",
"extent": "1",
"scope": "line",
"state": "other"}
,
{
"node": "d",
"type": "line-start",
"ref": "P313458.30",
"n": "6",
"label": "r 6"}
,
{
"node": "c",
"type": "phrase",
"tag": "phr",
"id": "P313458.U10",
"ref": "P313458.ls00006",
"cdl": [
{
"node": "l",
"frag": "ina",
"id": "P313458.l038dc",
"ref": "P313458.30.1",
"inst": "ina[in+=concerning]PRP",
"sig": "@saao/saa01%akk-x-neoass:ina=ina[in//in]PRP'PRP$ina",
"f": {"lang": "akk-x-neoass",
"form": "ina",
"cf": "ina",
"gw": "in",
"sense": "in",
"norm": "ina",
"pos": "PRP",
"epos": "PRP"}
}
,
{
"node": "l",
"frag": "UGU",
"id": "P313458.l038dd",
"ref": "P313458.30.2",
"inst": "muhhi[skull]N",
"sig": "@saao/saa01%akk-x-neoass:UGU=muhhu[skull//top]N'N$muhhi",
"f": {"lang": "akk-x-neoass",
"form": "UGU",
"cf": "muhhu",
"gw": "skull",
"sense": "top",
"norm": "muhhi",
"pos": "N",
"epos": "N"}
}
]}
,
{
"node": "l",
"frag": "⸢ra-ma⸣-ki-ša-KA",
"id": "P313458.l038de",
"ref": "P313458.30.3",
"cof-tails": "P313458.l038df P313458.l038e0",
"inst": "+ramāku[bathing+=Washing of the Mouth ceremony]N$ramāki&+ša[of]DET$&+pû[mouth]N$pî",
"sig": "@saao/saa01%akk-x-neoass:ra-ma-ki-ša-KA=ramāku[bathing//bathing]N'N$ramāki&&@saao/saa01%akk-x-neoass:ra-ma-ki-ša-KA=ša[of//of]DET'DET$ša&&@saao/saa01%akk-x-neoass:ra-ma-ki-ša-KA=pû[mouth//mouth]N'N$pî",
"f": {"lang": "akk-x-neoass",
"form": "ra-ma-ki-ša-KA",
"cf": "ramāku",
"gw": "bathing",
"sense": "bathing",
"norm": "ramāki",
"pos": "N",
"epos": "N"}
}
,
{
"node": "l",
"frag": "⸢ra-ma⸣-ki-ša-KA",
"id": "P313458.l038df",
"ref": "P313458.30.3",
"cof-head": "P313458.l038de",
"inst": "+ramāku[bathing+=Washing of the Mouth ceremony]N$ramāki&+ša[of]DET$&+pû[mouth]N$pî",
"f": {"lang": "akk-x-neoass",
"form": "ra-ma-ki-ša-KA",
"cf": "ša",
"gw": "of",
"sense": "of",
"norm": "ša",
"pos": "DET",
"epos": "DET"}
}
,
{
"node": "l",
"frag": "⸢ra-ma⸣-ki-ša-KA",
"id": "P313458.l038e0",
"ref": "P313458.30.3",
"cof-head": "P313458.l038de",
"inst": "+ramāku[bathing+=Washing of the Mouth ceremony]N$ramāki&+ša[of]DET$&+pû[mouth]N$pî",
"f": {"lang": "akk-x-neoass",
"form": "ra-ma-ki-ša-KA",
"cf": "pû",
"gw": "mouth",
"sense": "mouth",
"norm": "pî",
"pos": "N",
"epos": "N"}
}
,
{
"node": "l",
"frag": "u₂-[x",
"id": "P313458.l038e1",
"ref": "P313458.30.4",
"inst": "u",
"f": {"lang": "akk-x-neoass",
"form": "u₂-x",
"pos": "u"}
}
,
{
"node": "l",
"frag": "x",
"id": "P313458.l038e2",
"ref": "P313458.30.5",
"inst": "u",
"f": {"lang": "akk-x-neoass",
"form": "x",
"pos": "u"}
}
,
{
"node": "l",
"frag": "x",
"id": "P313458.l038e3",
"ref": "P313458.30.6",
"inst": "u",
"f": {"lang": "akk-x-neoass",
"form": "x",
"pos": "u"}
}
,
{
"node": "l",
"frag": "x]",
"id": "P313458.l038e4",
"ref": "P313458.30.7",
"inst": "u",
"f": {"lang": "akk-x-neoass",
"form": "x",
"pos": "u"}
}
,
{
"node": "d",
"type": "line-start",
"ref": "P313458.31",
"n": "7",
"label": "r 7"}
,
{
"node": "l",
"frag": "li\\t-⸢x⸣-lik",
"id": "P313458.l038e5",
"ref": "P313458.31.1",
"inst": "u",
"f": {"lang": "akk-x-neoass",
"form": "li-x-lik",
"pos": "u"}
}
,
{
"node": "l",
"frag": "ina",
"id": "P313458.l038e6",
"ref": "P313458.31.2",
"inst": "ina[in]PRP",
"sig": "@saao/saa01%akk-x-neoass:ina=ina[in//in]PRP'PRP$ina",
"f": {"lang": "akk-x-neoass",
"form": "ina",
"cf": "ina",
"gw": "in",
"sense": "in",
"norm": "ina",
"pos": "PRP",
"epos": "PRP"}
}
,
{
"node": "l",
"frag": "pa",
"id": "P313458.l038e7",
"ref": "P313458.31.3",
"inst": "u",
"f": {"lang": "akk-x-neoass",
"form": "pa",
"pos": "u"}
}
,
{
"node": "l",
"frag": "[x",
"id": "P313458.l038e8",
"ref": "P313458.31.4",
"inst": "u",
"f": {"lang": "akk-x-neoass",
"form": "x",
"pos": "u"}
}
,
{
"node": "l",
"frag": "x",
"id": "P313458.l038e9",
"ref": "P313458.31.5",
"inst": "u",
"f": {"lang": "akk-x-neoass",
"form": "x",
"pos": "u"}
}
,
{
"node": "l",
"frag": "x",
"id": "P313458.l038ea",
"ref": "P313458.31.6",
"inst": "u",
"f": {"lang": "akk-x-neoass",
"form": "x",
"pos": "u"}
}
,
{
"node": "l",
"frag": "x]",
"id": "P313458.l038eb",
"ref": "P313458.31.7",
"inst": "u",
"f": {"lang": "akk-x-neoass",
"form": "x",
"pos": "u"}
}
,
{
"node": "d",
"type": "nonx",
"ref": "P313458.32",
"strict": "0",
"state": "other"}
]}
]}
]}
,
{
"linkbase": [{
"type": "linkset",
"xlink_title": "ina muhhi[on//about]PRP'PRP",
"id": "P313458.ls00000",
"xlink_type": "extended",
"xlink_role": "psu",
"sig": "{ina[in]PRP muhhu[skull]N += ina muhhi[on//about]PRP'PRP}::@saao%akk-x-neoass:ina=ina[in//into]PRP'PRP$ina++@saao%akk-x-neoass:UGU=muhhu[skull//skull]N'N$muhhi",
"links": [
{
"type": "link",
"xlink_title": "ina",
"xlink_type": "locator",
"xlink_href": "#P313458.l03873",
"xlink_role": "elt"}
,
{
"type": "link",
"xlink_title": "muhhu",
"xlink_type": "locator",
"xlink_href": "#P313458.l03874",
"xlink_role": "elt"}
]}
,
{
"type": "linkset",
"xlink_title": "ana pān[in the presence of//before]PRP'PRP",
"id": "P313458.ls00001",
"xlink_type": "extended",
"xlink_role": "psu",
"sig": "{ana[to]PRP pānu[front]N += ana pān[in the presence of//before]PRP'PRP}::@saao%akk-x-neoass:a-na=ana[to//to]PRP'PRP$ana++@saao%akk-x-neoass:IGI-MEŠ-ka=pānu[front//front]N'N$pānīka",
"links": [
{
"type": "link",
"xlink_title": "ana",
"xlink_type": "locator",
"xlink_href": "#P313458.l03883",
"xlink_role": "elt"}
,
{
"type": "link",
"xlink_title": "pānu",
"xlink_type": "locator",
"xlink_href": "#P313458.l03884",
"xlink_role": "elt"}
]}
,
{
"type": "linkset",
"xlink_title": "ina pān[in the presence of//at the disposal of]PRP'PRP",
"id": "P313458.ls00002",
"xlink_type": "extended",
"xlink_role": "psu",
"sig": "{ina[in]PRP pānu[front]N += ina pān[in the presence of//at the disposal of]PRP'PRP}::@saao%akk-x-neoass:ina=ina[in//into]PRP'PRP$ina++@saao%akk-x-neoass:IGI-ka=pānu[front//front]N'N$pānīka",
"links": [
{
"type": "link",
"xlink_title": "ina",
"xlink_type": "locator",
"xlink_href": "#P313458.l0389a",
"xlink_role": "elt"}
,
{
"type": "link",
"xlink_title": "pānīka",
"xlink_type": "locator",
"xlink_href": "#P313458.l0389b",
"xlink_role": "elt"}
]}
,
{
"type": "linkset",
"xlink_title": "ina šiāri[tomorrow//tomorrow]AV'AV",
"id": "P313458.ls00003",
"xlink_type": "extended",
"xlink_role": "psu",
"sig": "{ina[in]PRP šiāru[morning]N += ina šiāri[tomorrow//tomorrow]AV'AV}::@saao%akk-x-neoass:ina=ina[in//into]PRP'PRP$ina++@saao%akk-x-neoass:ši-a-ri=šiāru[morning//morning]N'N$šiāri",
"links": [
{
"type": "link",
"xlink_title": "ina",
"xlink_type": "locator",
"xlink_href": "#P313458.l038ba",
"xlink_role": "elt"}
,
{
"type": "link",
"xlink_title": "šiāri",
"xlink_type": "locator",
"xlink_href": "#P313458.l038bb",
"xlink_role": "elt"}
]}
,
{
"type": "linkset",
"xlink_title": "bīt ili[temple//temple]N'N",
"id": "P313458.ls00004",
"xlink_type": "extended",
"xlink_role": "psu",
"sig": "{bītu[house]N ilu[god]N += bīt ili[temple//temple]N'N}::@saao%akk-x-neoass:E₂-DINGIR=bītu[house//house]N'N$bēt++@saao%akk-x-neoass:E₂-DINGIR=ilu[god//god]N'N$ili",
"links": [
{
"type": "link",
"xlink_title": "bītu",
"xlink_type": "locator",
"xlink_href": "#P313458.l038d0",
"xlink_role": "elt"}
,
{
"type": "link",
"xlink_title": "ilu",
"xlink_type": "locator",
"xlink_href": "#P313458.l038d1",
"xlink_role": "elt"}
]}
,
{
"type": "linkset",
"xlink_title": "ina mati[when?//when?]QP'QP",
"id": "P313458.ls00005",
"xlink_type": "extended",
"xlink_role": "psu",
"sig": "{ina[in]PRP mati[when?]QP += ina mati[when?//when?]QP'QP}::@saao%akk-x-neoass:im-mat=ina[in//into]PRP'PRP$ina++@saao%akk-x-neoass:im-mat=mati[when?//when?]QP'QP$mat",
"links": [
{
"type": "link",
"xlink_title": "ina",
"xlink_type": "locator",
"xlink_href": "#P313458.l038d5",
"xlink_role": "elt"}
,
{
"type": "link",
"xlink_title": "mati",
"xlink_type": "locator",
"xlink_href": "#P313458.l038d6",
"xlink_role": "elt"}
]}
,
{
"type": "linkset",
"xlink_title": "ina muhhi[on//about]PRP'PRP",
"id": "P313458.ls00006",
"xlink_type": "extended",
"xlink_role": "psu",
"sig": "{ina[in]PRP muhhu[skull]N += ina muhhi[on//about]PRP'PRP}::@saao%akk-x-neoass:ina=ina[in//into]PRP'PRP$ina++@saao%akk-x-neoass:UGU=muhhu[skull//skull]N'N$muhhi",
"links": [
{
"type": "link",
"xlink_title": "ina",
"xlink_type": "locator",
"xlink_href": "#P313458.l038dc",
"xlink_role": "elt"}
,
{
"type": "link",
"xlink_title": "muhhu",
"xlink_type": "locator",
"xlink_href": "#P313458.l038dd",
"xlink_role": "elt"}
]}
]}
]}
