{
"type": "cdl",
  "source": "http://oracc.org/saao/saa01",
  "license": "This data is released under the CC0 license",
  "license-url": "https://creativecommons.org/publicdomain/zero/1.0/",
  "more-info": "http://oracc.org/doc/opendata/",
  "UTC-timestamp": "2017-05-19T11:21:51",
"project": "saao/saa01",
"textid": "P313527",
"cdl": [
{
"node": "c",
"type": "text",
"id": "P313527.U0",
"cdl": [
{
"node": "d",
"type": "object",
"ref": ""}
,
{
"node": "d",
"subtype": "obverse",
"type": "surface",
"ref": "P313527.o.1",
"type": "obverse",
"label": "o"}
,
{
"node": "c",
"type": "discourse",
"subtype": "body",
"id": "P313527.U1",
"cdl": [
{
"node": "c",
"type": "sentence",
"id": "P313527.U2",
"label": "o 1 - e. 1",
"cdl": [
{
"node": "d",
"type": "line-start",
"ref": "P313527.2",
"n": "1",
"label": "o 1"}
,
{
"node": "l",
"frag": "[a-na",
"id": "P313527.l01a2c",
"ref": "P313527.2.1",
"inst": "ana[to]PRP",
"sig": "@saao/saa01%akk-x-neoass:a-na=ana[to//to]PRP'PRP$ana",
"f": {"lang": "akk-x-neoass",
"form": "a-na",
"cf": "ana",
"gw": "to",
"sense": "to",
"norm": "ana",
"pos": "PRP",
"epos": "PRP"}
}
,
{
"node": "l",
"frag": "LUGAL",
"id": "P313527.l01a2d",
"ref": "P313527.2.2",
"inst": "šarri[king]N",
"sig": "@saao/saa01%akk-x-neoass:LUGAL=šarru[king//king]N'N$šarri",
"f": {"lang": "akk-x-neoass",
"form": "LUGAL",
"cf": "šarru",
"gw": "king",
"sense": "king",
"norm": "šarri",
"pos": "N",
"epos": "N"}
}
,
{
"node": "l",
"frag": "EN-ia]",
"id": "P313527.l01a2e",
"ref": "P313527.2.3",
"inst": "bēlīya[lord]N",
"sig": "@saao/saa01%akk-x-neoass:EN-ia=bēlu[lord//lord]N'N$bēlīya",
"f": {"lang": "akk-x-neoass",
"form": "EN-ia",
"cf": "bēlu",
"gw": "lord",
"sense": "lord",
"norm": "bēlīya",
"pos": "N",
"epos": "N"}
}
,
{
"node": "d",
"type": "line-start",
"ref": "P313527.3",
"n": "2",
"label": "o 2"}
,
{
"node": "l",
"frag": "[ARAD-ka",
"id": "P313527.l01a2f",
"ref": "P313527.3.1",
"inst": "urdaka[servant]N",
"sig": "@saao/saa01%akk-x-neoass:ARAD-ka=ardu[slave//servant]N'N$urdaka",
"f": {"lang": "akk-x-neoass",
"form": "ARAD-ka",
"cf": "ardu",
"gw": "slave",
"sense": "servant",
"norm": "urdaka",
"pos": "N",
"epos": "N"}
}
,
{
"node": "l",
"frag": "{1}DUG₃-IM-aš-šur]",
"id": "P313527.l01a30",
"ref": "P313527.3.2",
"inst": "Ṭab-šar-Aššur[1]PN",
"sig": "@saao/saa01%akk-x-neoass:{1}DUG₃-IM-aš-šur=Ṭab-šar-Aššur[1//1]PN'PN$Ṭab-šar-Aššur",
"f": {"lang": "akk-x-neoass",
"form": "{1}DUG₃-IM-aš-šur",
"cf": "Ṭab-šar-Aššur",
"gw": "1",
"sense": "1",
"norm": "Ṭab-šar-Aššur",
"pos": "PN",
"epos": "PN"}
}
,
{
"node": "d",
"type": "line-start",
"ref": "P313527.4",
"n": "3",
"label": "o 3"}
,
{
"node": "l",
"frag": "[lu",
"id": "P313527.l01a31",
"ref": "P313527.4.1",
"inst": "lū[may]MOD",
"sig": "@saao/saa01%akk-x-neoass:lu=lū[may//may]MOD'MOD$lū",
"f": {"lang": "akk-x-neoass",
"form": "lu",
"cf": "lū",
"gw": "may",
"sense": "may",
"norm": "lū",
"pos": "MOD",
"epos": "MOD"}
}
,
{
"node": "l",
"frag": "DI]-⸢mu",
"id": "P313527.l01a32",
"ref": "P313527.4.2",
"inst": "šulmu[health]N",
"sig": "@saao/saa01%akk-x-neoass:DI-mu=šulmu[completeness//health]N'N$šulmu",
"f": {"lang": "akk-x-neoass",
"form": "DI-mu",
"cf": "šulmu",
"gw": "completeness",
"sense": "health",
"norm": "šulmu",
"pos": "N",
"epos": "N"}
}
,
{
"node": "l",
"frag": "a⸣-[na",
"id": "P313527.l01a33",
"ref": "P313527.4.3",
"inst": "ana[to]PRP",
"sig": "@saao/saa01%akk-x-neoass:a-na=ana[to//to]PRP'PRP$ana",
"f": {"lang": "akk-x-neoass",
"form": "a-na",
"cf": "ana",
"gw": "to",
"sense": "to",
"norm": "ana",
"pos": "PRP",
"epos": "PRP"}
}
,
{
"node": "l",
"frag": "LUGAL",
"id": "P313527.l01a34",
"ref": "P313527.4.4",
"inst": "šarri[king]N",
"sig": "@saao/saa01%akk-x-neoass:LUGAL=šarru[king//king]N'N$šarri",
"f": {"lang": "akk-x-neoass",
"form": "LUGAL",
"cf": "šarru",
"gw": "king",
"sense": "king",
"norm": "šarri",
"pos": "N",
"epos": "N"}
}
,
{
"node": "l",
"frag": "EN-ia]",
"id": "P313527.l01a35",
"ref": "P313527.4.5",
"inst": "bēlīya[lord]N",
"sig": "@saao/saa01%akk-x-neoass:EN-ia=bēlu[lord//lord]N'N$bēlīya",
"f": {"lang": "akk-x-neoass",
"form": "EN-ia",
"cf": "bēlu",
"gw": "lord",
"sense": "lord",
"norm": "bēlīya",
"pos": "N",
"epos": "N"}
}
,
{
"node": "d",
"type": "line-start",
"ref": "P313527.5",
"n": "4",
"label": "o 4"}
,
{
"node": "l",
"frag": "[ki-i]",
"id": "P313527.l01a36",
"ref": "P313527.5.1",
"inst": "kî[in accordance with]PRP",
"sig": "@saao/saa01%akk-x-neoass:ki-i=kī[like//in accordance with]PRP'PRP$kî",
"f": {"lang": "akk-x-neoass",
"form": "ki-i",
"cf": "kī",
"gw": "like",
"sense": "in accordance with",
"norm": "kî",
"pos": "PRP",
"epos": "PRP"}
}
,
{
"node": "l",
"frag": "⸢ša⸣",
"id": "P313527.l01a37",
"ref": "P313527.5.2",
"inst": "ša[what]REL",
"sig": "@saao/saa01%akk-x-neoass:ša=ša[that//what]REL'REL$ša",
"f": {"lang": "akk-x-neoass",
"form": "ša",
"cf": "ša",
"gw": "that",
"sense": "what",
"norm": "ša",
"pos": "REL",
"epos": "REL"}
}
,
{
"node": "l",
"frag": "a-na\\t",
"id": "P313527.l01a38",
"ref": "P313527.5.3",
"inst": "ana[to]PRP",
"sig": "@saao/saa01%akk-x-neoass:a-na=ana[to//to]PRP'PRP$ana",
"f": {"lang": "akk-x-neoass",
"form": "a-na",
"cf": "ana",
"gw": "to",
"sense": "to",
"norm": "ana",
"pos": "PRP",
"epos": "PRP"}
}
,
{
"node": "l",
"frag": "⸢LUGAL⸣",
"id": "P313527.l01a39",
"ref": "P313527.5.4",
"inst": "šarri[king]N",
"sig": "@saao/saa01%akk-x-neoass:LUGAL=šarru[king//king]N'N$šarri",
"f": {"lang": "akk-x-neoass",
"form": "LUGAL",
"cf": "šarru",
"gw": "king",
"sense": "king",
"norm": "šarri",
"pos": "N",
"epos": "N"}
}
,
{
"node": "l",
"frag": "[EN-ia",
"id": "P313527.l01a3a",
"ref": "P313527.5.5",
"inst": "bēlīya[lord]N",
"sig": "@saao/saa01%akk-x-neoass:EN-ia=bēlu[lord//lord]N'N$bēlīya",
"f": {"lang": "akk-x-neoass",
"form": "EN-ia",
"cf": "bēlu",
"gw": "lord",
"sense": "lord",
"norm": "bēlīya",
"pos": "N",
"epos": "N"}
}
,
{
"node": "l",
"frag": "aš₂-pur-an-ni]",
"id": "P313527.l01a3b",
"ref": "P313527.5.6",
"inst": "ašpuranni[write]V",
"sig": "@saao/saa01%akk-x-neoass:aš₂-pur-an-ni=šapāru[send//write]V'V$ašpuranni",
"f": {"lang": "akk-x-neoass",
"form": "aš₂-pur-an-ni",
"cf": "šapāru",
"gw": "send",
"sense": "write",
"norm": "ašpuranni",
"pos": "V",
"epos": "V"}
}
,
{
"node": "d",
"type": "line-start",
"ref": "P313527.6",
"n": "5",
"label": "o 5"}
,
{
"node": "l",
"frag": "[UD]",
"id": "P313527.l01a3c",
"ref": "P313527.6.1",
"inst": "ūm[day]N",
"sig": "@saao/saa01%akk-x-neoass:UD=ūmu[day//day]N'N$ūm",
"f": {"lang": "akk-x-neoass",
"form": "UD",
"cf": "ūmu",
"gw": "day",
"sense": "day",
"norm": "ūm",
"pos": "N",
"epos": "N"}
}
,
{
"node": "l",
"frag": "16-KAM",
"id": "P313527.l01a3d",
"ref": "P313527.6.2",
"inst": "n",
"f": {"lang": "akk-x-neoass",
"form": "16-KAM",
"pos": "n"}
}
,
{
"node": "l",
"frag": "ina",
"id": "P313527.l01a3e",
"ref": "P313527.6.3",
"inst": "ina[in]PRP",
"sig": "@saao/saa01%akk-x-neoass:ina=ina[in//in]PRP'PRP$ina",
"f": {"lang": "akk-x-neoass",
"form": "ina",
"cf": "ina",
"gw": "in",
"sense": "in",
"norm": "ina",
"pos": "PRP",
"epos": "PRP"}
}
,
{
"node": "l",
"frag": "sa-har",
"id": "P313527.l01a3f",
"ref": "P313527.6.4",
"inst": "sahar[return]'N",
"sig": "@saao/saa01%akk-x-neoass:sa-har=sahāru[go around//return]V'N$sahar",
"f": {"lang": "akk-x-neoass",
"form": "sa-har",
"cf": "sahāru",
"gw": "go around",
"sense": "return",
"norm": "sahar",
"pos": "V",
"epos": "N"}
}
,
{
"node": "l",
"frag": "[UD-me]",
"id": "P313527.l01a40",
"ref": "P313527.6.5",
"inst": "ūme[day]N",
"sig": "@saao/saa01%akk-x-neoass:UD-me=ūmu[day//day]N'N$ūme",
"f": {"lang": "akk-x-neoass",
"form": "UD-me",
"cf": "ūmu",
"gw": "day",
"sense": "day",
"norm": "ūme",
"pos": "N",
"epos": "N"}
}
,
{
"node": "d",
"type": "line-start",
"ref": "P313527.7",
"n": "6",
"label": "o 6"}
,
{
"node": "l",
"frag": "{[giš]}GIGIR-MEŠ",
"id": "P313527.l01a41",
"ref": "P313527.7.1",
"inst": "mugirrī[chariot]N",
"sig": "@saao/saa01%akk-x-neoass:{GIŠ}GIGIR-MEŠ=mugerru[chariot//chariot]N'N$mugirrī",
"f": {"lang": "akk-x-neoass",
"form": "{GIŠ}GIGIR-MEŠ",
"cf": "mugerru",
"gw": "chariot",
"sense": "chariot",
"norm": "mugirrī",
"pos": "N",
"epos": "N"}
}
,
{
"node": "l",
"frag": "ša\\yd",
"id": "P313527.l01a42",
"ref": "P313527.7.2",
"inst": "ša[of]DET",
"sig": "@saao/saa01%akk-x-neoass:ša=ša[of//of]DET'DET$ša",
"f": {"lang": "akk-x-neoass",
"form": "ša",
"cf": "ša",
"gw": "of",
"sense": "of",
"norm": "ša",
"pos": "DET",
"epos": "DET"}
}
,
{
"node": "l",
"frag": "{lu₂v}GAL-MEŠ",
"id": "P313527.l01a43",
"ref": "P313527.7.3",
"inst": "rabiūti[magnate]N",
"sig": "@saao/saa01%akk-x-neoass:{LU₂}GAL-MEŠ=rabiu[big one//magnate]N'N$rabiūti",
"f": {"lang": "akk-x-neoass",
"form": "{LU₂}GAL-MEŠ",
"cf": "rabiu",
"gw": "big one",
"sense": "magnate",
"norm": "rabiūti",
"pos": "N",
"epos": "N"}
}
,
{
"node": "l",
"frag": "a-[ma-har]",
"id": "P313527.l01a44",
"ref": "P313527.7.4",
"inst": "mahāru[face//receive]V$amahhar",
"sig": "@saao/saa01%akk-x-neoass:a-ma-har=mahāru[face//receive]V'V$amahhar",
"f": {"lang": "akk-x-neoass",
"form": "a-ma-har",
"cf": "mahāru",
"gw": "face",
"sense": "receive",
"norm": "amahhar",
"pos": "V",
"epos": "V"}
}
,
{
"node": "d",
"type": "line-start",
"ref": "P313527.8",
"n": "7",
"label": "o 7"}
,
{
"node": "l",
"frag": "[i]-da\\d-nu-u-ni",
"id": "P313527.l01a45",
"ref": "P313527.8.1",
"inst": "tadānu[give]V$iddanūni",
"sig": "@saao/saa01%akk-x-neoass:i-da-nu-u-ni=tadānu[give//give]V'V$iddanūni",
"f": {"lang": "akk-x-neoass",
"form": "i-da-nu-u-ni",
"cf": "tadānu",
"gw": "give",
"sense": "give",
"norm": "iddanūni",
"pos": "V",
"epos": "V"}
}
,
{
"node": "l",
"frag": "{lu₂v}tur-[ta-nu]",
"id": "P313527.l01a46",
"ref": "P313527.8.2",
"inst": "turtānu[commander-in-chief]N",
"sig": "@saao/saa01%akk-x-neoass:{LU₂}tur-ta-nu=tartānu[second in command//commander-in-chief]N'N$turtānu",
"f": {"lang": "akk-x-neoass",
"form": "{LU₂}tur-ta-nu",
"cf": "tartānu",
"gw": "second in command",
"sense": "commander-in-chief",
"norm": "turtānu",
"pos": "N",
"epos": "N"}
}
,
{
"node": "d",
"type": "line-start",
"ref": "P313527.9",
"n": "8",
"label": "o 8"}
,
{
"node": "l",
"frag": "{[lu₂v]}⸢sar⸣-tin-nu",
"id": "P313527.l01a47",
"ref": "P313527.9.1",
"inst": "sartennu[chief judge]N",
"sig": "@saao/saa01%akk-x-neoass:{LU₂}sar-tin-nu=sartennu[chief judge//chief judge]N'N$sartennu",
"f": {"lang": "akk-x-neoass",
"form": "{LU₂}sar-tin-nu",
"cf": "sartennu",
"gw": "chief judge",
"sense": "chief judge",
"norm": "sartennu",
"pos": "N",
"epos": "N"}
}
,
{
"node": "l",
"frag": "{lu₂v}⸢SUKKAL⸣",
"id": "P313527.l01a48",
"ref": "P313527.9.2",
"inst": "šukkallu[vizier]N",
"sig": "@saao/saa01%akk-x-neoass:{LU₂}SUKKAL=šukkallu[(a court official)//vizier]N'N$šukkallu",
"f": {"lang": "akk-x-neoass",
"form": "{LU₂}SUKKAL",
"cf": "šukkallu",
"gw": "(a court official)",
"sense": "vizier",
"norm": "šukkallu",
"pos": "N",
"epos": "N"}
}
,
{
"node": "d",
"type": "line-start",
"ref": "P313527.10",
"n": "9",
"label": "o 9"}
,
{
"node": "l",
"frag": "{[lu₂v]}⸢NIGIR₂⸣-E₂.GAL",
"id": "P313527.l01a49",
"ref": "P313527.10.1",
"cof-tails": "P313527.l01a4a",
"inst": "nāgiru[herald]N$nāgir&ēkallu[palace]N$ēkalli",
"sig": "@saao/saa01%akk-x-neoass:{LU₂}NIGIR₂-E₂.GAL=nāgiru[herald//herald]N'N$nāgir&&@saao%akk-x-neoass:=ēkallu[palace//palace]N'N$ēkalli",
"f": {"lang": "akk-x-neoass",
"form": "{LU₂}NIGIR₂-E₂.GAL",
"cf": "nāgiru",
"gw": "herald",
"sense": "herald",
"norm": "nāgir",
"pos": "N",
"epos": "N"}
}
,
{
"node": "l",
"frag": "{[lu₂v]}⸢NIGIR₂⸣-E₂.GAL",
"id": "P313527.l01a4a",
"ref": "P313527.10.1",
"cof-head": "P313527.l01a49",
"inst": "nāgiru[herald]N$nāgir&ēkallu[palace]N$ēkalli",
"tail-sig": "@saao%akk-x-neoass:=ēkallu[palace//palace]N'N$ēkalli",
"f": {"lang": "akk-x-neoass",
"form": "{LU₂}NIGIR₂-E₂.GAL",
"cf": "ēkallu",
"gw": "palace",
"sense": "palace",
"norm": "ēkalli",
"pos": "N",
"epos": "N"}
}
,
{
"node": "c",
"type": "phrase",
"tag": "phr",
"id": "P313527.U4",
"ref": "P313527.ls00000",
"cdl": [
{
"node": "l",
"frag": "{lu₂v}⸢GAL⸣-[KAŠ.LUL]",
"id": "P313527.l01a4b",
"ref": "P313527.10.2",
"cof-tails": "P313527.l01a4c",
"inst": "rabû[big one]N$rab&šāqû[butler]N$šāqê",
"sig": "@saao/saa01%akk-x-neoass:{LU₂}GAL-KAŠ.LUL=rabû[big one//big one]N'N$rab&&@saao%akk-x-neoass:=šāqû[butler//cupbearer]N'N$šāqê",
"f": {"lang": "akk-x-neoass",
"form": "{LU₂}GAL-KAŠ.LUL",
"cf": "rabû",
"gw": "big one",
"sense": "big one",
"norm": "rab",
"pos": "N",
"epos": "N"}
}
,
{
"node": "l",
"frag": "{lu₂v}⸢GAL⸣-[KAŠ.LUL]",
"id": "P313527.l01a4c",
"ref": "P313527.10.2",
"cof-head": "P313527.l01a4b",
"inst": "rabû[big one]N$rab&šāqû[butler]N$šāqê",
"tail-sig": "@saao%akk-x-neoass:=šāqû[butler//cupbearer]N'N$šāqê",
"f": {"lang": "akk-x-neoass",
"form": "{LU₂}GAL-KAŠ.LUL",
"cf": "šāqû",
"gw": "butler",
"sense": "cupbearer",
"norm": "šāqê",
"pos": "N",
"epos": "N"}
}
]}
,
{
"node": "d",
"type": "line-start",
"ref": "P313527.11",
"n": "10",
"label": "o 10"}
,
{
"node": "l",
"frag": "{lu₂v}⸢IGI⸣.DUB\\m",
"id": "P313527.l01a4d",
"ref": "P313527.11.1",
"inst": "masennu[treasurer]N",
"sig": "@saao/saa01%akk-x-neoass:{LU₂}IGI.DUB=mašennu[(an administrator)//treasurer]N'N$masennu",
"f": {"lang": "akk-x-neoass",
"form": "{LU₂}IGI.DUB",
"cf": "mašennu",
"gw": "(an administrator)",
"sense": "treasurer",
"norm": "masennu",
"pos": "N",
"epos": "N"}
}
,
{
"node": "l",
"frag": "{lu₂v}EN.NAM",
"id": "P313527.l01a4e",
"ref": "P313527.11.2",
"inst": "pīhātu[responsibility//governor]N$pāhutu",
"sig": "@saao/saa01%akk-x-neoass:{LU₂}EN.NAM=pīhātu[responsibility//governor]N'N$pāhutu",
"f": {"lang": "akk-x-neoass",
"form": "{LU₂}EN.NAM",
"cf": "pīhātu",
"gw": "responsibility",
"sense": "governor",
"norm": "pāhutu",
"pos": "N",
"epos": "N"}
}
,
{
"node": "l",
"frag": "⸢ša\\yd⸣",
"id": "P313527.l01a4f",
"ref": "P313527.11.3",
"inst": "ša[of]DET",
"sig": "@saao/saa01%akk-x-neoass:ša=ša[of//of]DET'DET$ša",
"f": {"lang": "akk-x-neoass",
"form": "ša",
"cf": "ša",
"gw": "of",
"sense": "of",
"norm": "ša",
"pos": "DET",
"epos": "DET"}
}
,
{
"node": "l",
"frag": "{[uru}kal-ha]",
"id": "P313527.l01a50",
"ref": "P313527.11.4",
"inst": "Kalha[1]GN",
"sig": "@saao/saa01%akk-x-neoass:{URU}kal-ha=Kalhu[1//1]GN'GN$Kalha",
"f": {"lang": "akk-x-neoass",
"form": "{URU}kal-ha",
"cf": "Kalhu",
"gw": "1",
"sense": "1",
"norm": "Kalha",
"pos": "GN",
"epos": "GN"}
}
,
{
"node": "d",
"type": "line-start",
"ref": "P313527.12",
"n": "11",
"label": "o 11"}
,
{
"node": "l",
"frag": "PAB",
"id": "P313527.l01a51",
"ref": "P313527.12.1",
"inst": "gimru[total]N",
"sig": "@saao/saa01%akk-x-neoass:PAB=gimru[totality//total]N'N$gimru",
"f": {"lang": "akk-x-neoass",
"form": "PAB",
"cf": "gimru",
"gw": "totality",
"sense": "total",
"norm": "gimru",
"pos": "N",
"epos": "N"}
}
,
{
"node": "l",
"frag": "01",
"id": "P313527.l01a52",
"ref": "P313527.12.2",
"inst": "n",
"f": {"lang": "akk-x-neoass",
"form": "01",
"pos": "n"}
}
,
{
"node": "l",
"frag": "[me]",
"id": "P313527.l01a53",
"ref": "P313527.12.3",
"inst": "mē[hundred]NU",
"sig": "@saao/saa01%akk-x-neoass:me=meʾatu[(one) hundred//(one) hundred]NU'NU$mē",
"f": {"lang": "akk-x-neoass",
"form": "me",
"cf": "meʾatu",
"gw": "(one) hundred",
"sense": "(one) hundred",
"norm": "mē",
"pos": "NU",
"epos": "NU"}
}
,
{
"node": "l",
"frag": "{giš}GIGIR-MEŠ",
"id": "P313527.l01a54",
"ref": "P313527.12.4",
"inst": "mugirrī[chariot]N",
"sig": "@saao/saa01%akk-x-neoass:{GIŠ}GIGIR-MEŠ=mugerru[chariot//chariot]N'N$mugirrī",
"f": {"lang": "akk-x-neoass",
"form": "{GIŠ}GIGIR-MEŠ",
"cf": "mugerru",
"gw": "chariot",
"sense": "chariot",
"norm": "mugirrī",
"pos": "N",
"epos": "N"}
}
,
{
"node": "l",
"frag": "ša\\yd",
"id": "P313527.l01a55",
"ref": "P313527.12.5",
"inst": "ša[of]DET",
"sig": "@saao/saa01%akk-x-neoass:ša=ša[of//of]DET'DET$ša",
"f": {"lang": "akk-x-neoass",
"form": "ša",
"cf": "ša",
"gw": "of",
"sense": "of",
"norm": "ša",
"pos": "DET",
"epos": "DET"}
}
,
{
"node": "l",
"frag": "sal",
"id": "P313527.l01a56",
"ref": "P313527.12.6",
"inst": "u",
"f": {"lang": "akk-x-neoass",
"form": "sal",
"pos": "u"}
}
,
{
"node": "l",
"frag": "⸢šab⸣",
"id": "P313527.l01a57",
"ref": "P313527.12.7",
"inst": "u",
"f": {"lang": "akk-x-neoass",
"form": "šab",
"pos": "u"}
}
,
{
"node": "l",
"frag": "[x",
"id": "P313527.l01a58",
"ref": "P313527.12.8",
"inst": "u",
"f": {"lang": "akk-x-neoass",
"form": "x",
"pos": "u"}
}
,
{
"node": "l",
"frag": "x]",
"id": "P313527.l01a59",
"ref": "P313527.12.9",
"inst": "u",
"f": {"lang": "akk-x-neoass",
"form": "x",
"pos": "u"}
}
,
{
"node": "d",
"type": "line-start",
"ref": "P313527.13",
"n": "12",
"label": "o 12"}
,
{
"node": "l",
"frag": "i-ma-tah-ʾu-ni",
"id": "P313527.l01a5a",
"ref": "P313527.13.1",
"inst": "matāhu[lift//pick up]V$imattahūni",
"sig": "@saao/saa01%akk-x-neoass:i-ma-tah-ʾu-ni=matāhu[lift//pick up]V'V$imattahūni",
"f": {"lang": "akk-x-neoass",
"form": "i-ma-tah-ʾu-ni",
"cf": "matāhu",
"gw": "lift",
"sense": "pick up",
"norm": "imattahūni",
"pos": "V",
"epos": "V"}
}
,
{
"node": "l",
"frag": "ša\\yd",
"id": "P313527.l01a5b",
"ref": "P313527.13.2",
"inst": "ša[of//those of]DET$",
"sig": "@saao/saa01%akk-x-neoass:ša=ša[of//those of]DET'DET$ša",
"f": {"lang": "akk-x-neoass",
"form": "ša",
"cf": "ša",
"gw": "of",
"sense": "those of",
"norm": "ša",
"pos": "DET",
"epos": "DET"}
}
,
{
"node": "l",
"frag": "{lu₂v}⸢GAL⸣-[SAG]",
"id": "P313527.l01a5c",
"ref": "P313527.13.3",
"cof-tails": "P313527.l01a5d",
"inst": "rabû[big one]N$rab&ša-rēši[eunuch]N$",
"sig": "@saao/saa01%akk-x-neoass:{LU₂}GAL-SAG=rabû[big one//big one]N'N$rab&&@saao%akk-x-neoass:=ša-rēši[eunuch//eunuch]N'N$ša-rēši",
"f": {"lang": "akk-x-neoass",
"form": "{LU₂}GAL-SAG",
"cf": "rabû",
"gw": "big one",
"sense": "big one",
"norm": "rab",
"pos": "N",
"epos": "N"}
}
,
{
"node": "l",
"frag": "{lu₂v}⸢GAL⸣-[SAG]",
"id": "P313527.l01a5d",
"ref": "P313527.13.3",
"cof-head": "P313527.l01a5c",
"inst": "rabû[big one]N$rab&ša-rēši[eunuch]N$",
"tail-sig": "@saao%akk-x-neoass:=ša-rēši[eunuch//eunuch]N'N$ša-rēši",
"f": {"lang": "akk-x-neoass",
"form": "{LU₂}GAL-SAG",
"cf": "ša-rēši",
"gw": "eunuch",
"sense": "eunuch",
"norm": "ša-rēši",
"pos": "N",
"epos": "N"}
}
,
{
"node": "d",
"type": "line-start",
"ref": "P313527.14",
"n": "13",
"label": "o 13"}
,
{
"node": "l",
"frag": "[u]",
"id": "P313527.l01a5e",
"ref": "P313527.14.1",
"inst": "u[and]CNJ",
"sig": "@saao/saa01%akk-x-neoass:u=u[and//and]CNJ'CNJ$u",
"f": {"lang": "akk-x-neoass",
"form": "u",
"cf": "u",
"gw": "and",
"sense": "and",
"norm": "u",
"pos": "CNJ",
"epos": "CNJ"}
}
,
{
"node": "l",
"frag": "{lu₂v}EN.NAM",
"id": "P313527.l01a5f",
"ref": "P313527.14.2",
"inst": "pīhātu[responsibility//governor]N$pāhutu",
"sig": "@saao/saa01%akk-x-neoass:{LU₂}EN.NAM=pīhātu[responsibility//governor]N'N$pāhutu",
"f": {"lang": "akk-x-neoass",
"form": "{LU₂}EN.NAM",
"cf": "pīhātu",
"gw": "responsibility",
"sense": "governor",
"norm": "pāhutu",
"pos": "N",
"epos": "N"}
}
,
{
"node": "l",
"frag": "ša\\yd",
"id": "P313527.l01a60",
"ref": "P313527.14.3",
"inst": "ša[of]DET",
"sig": "@saao/saa01%akk-x-neoass:ša=ša[of//of]DET'DET$ša",
"f": {"lang": "akk-x-neoass",
"form": "ša",
"cf": "ša",
"gw": "of",
"sense": "of",
"norm": "ša",
"pos": "DET",
"epos": "DET"}
}
,
{
"node": "l",
"frag": "NINA{⸢ki⸣}",
"id": "P313527.l01a61",
"ref": "P313527.14.4",
"inst": "Ninua[Nineveh]GN$",
"sig": "@saao/saa01%akk-x-neoass:NINA{KI}=Ninua[Nineveh//Nineveh]GN'GN$Ninua",
"f": {"lang": "akk-x-neoass",
"form": "NINA{KI}",
"cf": "Ninua",
"gw": "Nineveh",
"sense": "Nineveh",
"norm": "Ninua",
"pos": "GN",
"epos": "GN"}
}
,
{
"node": "l",
"frag": "[x",
"id": "P313527.l01a62",
"ref": "P313527.14.5",
"inst": "u",
"f": {"lang": "akk-x-neoass",
"form": "x",
"pos": "u"}
}
,
{
"node": "l",
"frag": "x]",
"id": "P313527.l01a63",
"ref": "P313527.14.6",
"inst": "u",
"f": {"lang": "akk-x-neoass",
"form": "x",
"pos": "u"}
}
,
{
"node": "d",
"type": "line-start",
"ref": "P313527.15",
"n": "14",
"label": "o 14"}
,
{
"node": "l",
"frag": "[x]",
"id": "P313527.l01a64",
"ref": "P313527.15.1",
"inst": "u",
"f": {"lang": "akk-x-neoass",
"form": "x",
"pos": "u"}
}
,
{
"node": "l",
"frag": "mu-ṭe-e",
"id": "P313527.l01a65",
"ref": "P313527.15.2",
"inst": "muṭû[deficit]N$muṭê",
"sig": "@saao/saa01%akk-x-neoass:mu-ṭe-e=muṭû[deficit//deficit]N'N$muṭê",
"f": {"lang": "akk-x-neoass",
"form": "mu-ṭe-e",
"cf": "muṭû",
"gw": "deficit",
"sense": "deficit",
"norm": "muṭê",
"pos": "N",
"epos": "N"}
}
,
{
"node": "l",
"frag": "mi-i-[nu]",
"id": "P313527.l01a66",
"ref": "P313527.15.3",
"inst": "mīnu[what?]QP",
"sig": "@saao/saa01%akk-x-neoass:mi-i-nu=mīnu[what?//what?]QP'QP$mīnu",
"f": {"lang": "akk-x-neoass",
"form": "mi-i-nu",
"cf": "mīnu",
"gw": "what?",
"sense": "what?",
"norm": "mīnu",
"pos": "QP",
"epos": "QP"}
}
,
{
"node": "d",
"type": "line-start",
"ref": "P313527.16",
"n": "15",
"label": "o 15"}
,
{
"node": "l",
"frag": "⸢ša⸣",
"id": "P313527.l01a67",
"ref": "P313527.16.1",
"inst": "ša[that]REL",
"sig": "@saao/saa01%akk-x-neoass:ša=ša[that//that]REL'REL$ša",
"f": {"lang": "akk-x-neoass",
"form": "ša",
"cf": "ša",
"gw": "that",
"sense": "that",
"norm": "ša",
"pos": "REL",
"epos": "REL"}
}
,
{
"node": "l",
"frag": "LUGAL",
"id": "P313527.l01a68",
"ref": "P313527.16.2",
"inst": "šarru[king]N",
"sig": "@saao/saa01%akk-x-neoass:LUGAL=šarru[king//king]N'N$šarru",
"f": {"lang": "akk-x-neoass",
"form": "LUGAL",
"cf": "šarru",
"gw": "king",
"sense": "king",
"norm": "šarru",
"pos": "N",
"epos": "N"}
}
,
{
"node": "l",
"frag": "be-li₂",
"id": "P313527.l01a69",
"ref": "P313527.16.3",
"inst": "bēlī[lord]N",
"sig": "@saao/saa01%akk-x-neoass:be-li₂=bēlu[lord//lord]N'N$bēlī",
"f": {"lang": "akk-x-neoass",
"form": "be-li₂",
"cf": "bēlu",
"gw": "lord",
"sense": "lord",
"norm": "bēlī",
"pos": "N",
"epos": "N"}
}
,
{
"node": "l",
"frag": "i-qab-⸢bu⸣-[u-ni]",
"id": "P313527.l01a6a",
"ref": "P313527.16.4",
"inst": "iqabbûni[say]V",
"sig": "@saao/saa01%akk-x-neoass:i-qab-bu-u-ni=qabû[say//say]V'V$iqabbûni",
"f": {"lang": "akk-x-neoass",
"form": "i-qab-bu-u-ni",
"cf": "qabû",
"gw": "say",
"sense": "say",
"norm": "iqabbûni",
"pos": "V",
"epos": "V"}
}
,
{
"node": "d",
"type": "line-start",
"ref": "P313527.17",
"n": "16",
"label": "o 16"}
,
{
"node": "l",
"frag": "[x]",
"id": "P313527.l01a6b",
"ref": "P313527.17.1",
"inst": "u",
"f": {"lang": "akk-x-neoass",
"form": "x",
"pos": "u"}
}
,
{
"node": "l",
"frag": "⸢a⸣",
"id": "P313527.l01a6c",
"ref": "P313527.17.2",
"inst": "u",
"f": {"lang": "akk-x-neoass",
"form": "a",
"pos": "u"}
}
,
{
"node": "l",
"frag": "mu",
"id": "P313527.l01a6d",
"ref": "P313527.17.3",
"inst": "u",
"f": {"lang": "akk-x-neoass",
"form": "mu",
"pos": "u"}
}
,
{
"node": "l",
"frag": "nu",
"id": "P313527.l01a6e",
"ref": "P313527.17.4",
"inst": "u",
"f": {"lang": "akk-x-neoass",
"form": "nu",
"pos": "u"}
}
,
{
"node": "l",
"frag": "ni",
"id": "P313527.l01a6f",
"ref": "P313527.17.5",
"inst": "u",
"f": {"lang": "akk-x-neoass",
"form": "ni",
"pos": "u"}
}
,
{
"node": "l",
"frag": "mar",
"id": "P313527.l01a70",
"ref": "P313527.17.6",
"inst": "u",
"f": {"lang": "akk-x-neoass",
"form": "mar",
"pos": "u"}
}
,
{
"node": "l",
"frag": "{giš}[GIGIR-MEŠ]",
"id": "P313527.l01a71",
"ref": "P313527.17.7",
"inst": "mugirrī[chariot]N",
"sig": "@saao/saa01%akk-x-neoass:{GIŠ}GIGIR-MEŠ=mugerru[chariot//chariot]N'N$mugirrī",
"f": {"lang": "akk-x-neoass",
"form": "{GIŠ}GIGIR-MEŠ",
"cf": "mugerru",
"gw": "chariot",
"sense": "chariot",
"norm": "mugirrī",
"pos": "N",
"epos": "N"}
}
,
{
"node": "d",
"type": "line-start",
"ref": "P313527.18",
"n": "17",
"label": "o 17"}
,
{
"node": "l",
"frag": "[x",
"id": "P313527.l01a72",
"ref": "P313527.18.1",
"inst": "u",
"f": {"lang": "akk-x-neoass",
"form": "x",
"pos": "u"}
}
,
{
"node": "l",
"frag": "x]-ni-tu",
"id": "P313527.l01a73",
"ref": "P313527.18.2",
"inst": "u",
"f": {"lang": "akk-x-neoass",
"form": "x-ni-tu",
"pos": "u"}
}
,
{
"node": "l",
"frag": "tu-[x",
"id": "P313527.l01a74",
"ref": "P313527.18.3",
"inst": "u",
"f": {"lang": "akk-x-neoass",
"form": "tu-x",
"pos": "u"}
}
,
{
"node": "l",
"frag": "x",
"id": "P313527.l01a75",
"ref": "P313527.18.4",
"inst": "u",
"f": {"lang": "akk-x-neoass",
"form": "x",
"pos": "u"}
}
,
{
"node": "l",
"frag": "x",
"id": "P313527.l01a76",
"ref": "P313527.18.5",
"inst": "u",
"f": {"lang": "akk-x-neoass",
"form": "x",
"pos": "u"}
}
,
{
"node": "l",
"frag": "x]",
"id": "P313527.l01a77",
"ref": "P313527.18.6",
"inst": "u",
"f": {"lang": "akk-x-neoass",
"form": "x",
"pos": "u"}
}
,
{
"node": "d",
"subtype": "bottom",
"type": "surface",
"ref": "P313527.b.e..19",
"type": "bottom",
"label": "b.e."}
,
{
"node": "d",
"type": "line-start",
"ref": "P313527.20",
"n": "18",
"label": "b.e. 18"}
,
{
"node": "l",
"frag": "[x",
"id": "P313527.l01a78",
"ref": "P313527.20.1",
"inst": "u",
"f": {"lang": "akk-x-neoass",
"form": "x",
"pos": "u"}
}
,
{
"node": "l",
"frag": "x]",
"id": "P313527.l01a79",
"ref": "P313527.20.2",
"inst": "u",
"f": {"lang": "akk-x-neoass",
"form": "x",
"pos": "u"}
}
,
{
"node": "l",
"frag": "u",
"id": "P313527.l01a7a",
"ref": "P313527.20.3",
"inst": "u",
"f": {"lang": "akk-x-neoass",
"form": "u",
"pos": "u"}
}
,
{
"node": "l",
"frag": "⸢ni⸣",
"id": "P313527.l01a7b",
"ref": "P313527.20.4",
"inst": "u",
"f": {"lang": "akk-x-neoass",
"form": "ni",
"pos": "u"}
}
,
{
"node": "l",
"frag": "[x",
"id": "P313527.l01a7c",
"ref": "P313527.20.5",
"inst": "u",
"f": {"lang": "akk-x-neoass",
"form": "x",
"pos": "u"}
}
,
{
"node": "l",
"frag": "x",
"id": "P313527.l01a7d",
"ref": "P313527.20.6",
"inst": "u",
"f": {"lang": "akk-x-neoass",
"form": "x",
"pos": "u"}
}
,
{
"node": "l",
"frag": "x]",
"id": "P313527.l01a7e",
"ref": "P313527.20.7",
"inst": "u",
"f": {"lang": "akk-x-neoass",
"form": "x",
"pos": "u"}
}
,
{
"node": "d",
"subtype": "reverse",
"type": "surface",
"ref": "P313527.r.21",
"type": "reverse",
"label": "r"}
,
{
"node": "d",
"type": "nonx",
"ref": "P313527.22",
"strict": "0",
"state": "other"}
,
{
"node": "d",
"subtype": "edge",
"type": "surface",
"ref": "P313527.e..23",
"type": "edge",
"label": "e."}
,
{
"node": "d",
"type": "line-start",
"ref": "P313527.24",
"n": "1",
"label": "e. 1"}
,
{
"node": "l",
"frag": "[x",
"id": "P313527.l01a7f",
"ref": "P313527.24.1",
"inst": "u",
"f": {"lang": "akk-x-neoass",
"form": "x",
"pos": "u"}
}
,
{
"node": "l",
"frag": "x",
"id": "P313527.l01a80",
"ref": "P313527.24.2",
"inst": "u",
"f": {"lang": "akk-x-neoass",
"form": "x",
"pos": "u"}
}
,
{
"node": "l",
"frag": "x",
"id": "P313527.l01a81",
"ref": "P313527.24.3",
"inst": "u",
"f": {"lang": "akk-x-neoass",
"form": "x",
"pos": "u"}
}
,
{
"node": "l",
"frag": "x",
"id": "P313527.l01a82",
"ref": "P313527.24.4",
"inst": "u",
"f": {"lang": "akk-x-neoass",
"form": "x",
"pos": "u"}
}
,
{
"node": "l",
"frag": "x]+⸢x⸣",
"id": "P313527.l01a83",
"ref": "P313527.24.5",
"inst": "u",
"f": {"lang": "akk-x-neoass",
"form": "x+x",
"pos": "u"}
}
,
{
"node": "l",
"frag": "ša\\yd",
"id": "P313527.l01a84",
"ref": "P313527.24.6",
"inst": "ša[of]DET",
"sig": "@saao/saa01%akk-x-neoass:ša=ša[of//of]DET'DET$ša",
"f": {"lang": "akk-x-neoass",
"form": "ša",
"cf": "ša",
"gw": "of",
"sense": "of",
"norm": "ša",
"pos": "DET",
"epos": "DET"}
}
,
{
"node": "l",
"frag": "{⸢lu₂v⸣}[x",
"id": "P313527.l01a85",
"ref": "P313527.24.7",
"inst": "u",
"f": {"lang": "akk-x-neoass",
"form": "{LU₂}x",
"pos": "u"}
}
,
{
"node": "l",
"frag": "x",
"id": "P313527.l01a86",
"ref": "P313527.24.8",
"inst": "u",
"f": {"lang": "akk-x-neoass",
"form": "x",
"pos": "u"}
}
,
{
"node": "l",
"frag": "x",
"id": "P313527.l01a87",
"ref": "P313527.24.9",
"inst": "u",
"f": {"lang": "akk-x-neoass",
"form": "x",
"pos": "u"}
}
,
{
"node": "l",
"frag": "x",
"id": "P313527.l01a88",
"ref": "P313527.24.10",
"inst": "u",
"f": {"lang": "akk-x-neoass",
"form": "x",
"pos": "u"}
}
,
{
"node": "l",
"frag": "x]",
"id": "P313527.l01a89",
"ref": "P313527.24.11",
"inst": "u",
"f": {"lang": "akk-x-neoass",
"form": "x",
"pos": "u"}
}
]}
]}
]}
,
{
"linkbase": [{
"type": "linkset",
"xlink_title": "rab šāqê[chief cupbearer//chief cupbearer]N'N",
"id": "P313527.ls00000",
"xlink_type": "extended",
"xlink_role": "psu",
"sig": "{rabû[big one]N šāqû[butler]N += rab šāqê[chief cupbearer//chief cupbearer]N'N}::@saao%akk-x-neoass:{LU₂}GAL-KAŠ.LUL=rabû[big one//big one]N'N$rab++@saao%akk-x-neoass:{LU₂}GAL-KAŠ.LUL=šāqû[butler//cupbearer]N'N$šāqê",
"links": [
{
"type": "link",
"xlink_title": "rabû",
"xlink_type": "locator",
"xlink_href": "#P313527.l01a4b",
"xlink_role": "elt"}
,
{
"type": "link",
"xlink_title": "šāqû",
"xlink_type": "locator",
"xlink_href": "#P313527.l01a4c",
"xlink_role": "elt"}
]}
]}
]}
