{
"type": "cdl",
  "source": "http://oracc.org/saao/saa01",
  "license": "This data is released under the CC0 license",
  "license-url": "https://creativecommons.org/publicdomain/zero/1.0/",
  "more-info": "http://oracc.org/doc/opendata/",
  "UTC-timestamp": "2017-05-19T11:22:01",
"project": "saao/saa01",
"textid": "P314248",
"cdl": [
{
"node": "c",
"type": "text",
"id": "P314248.U0",
"cdl": [
{
"node": "d",
"type": "object",
"ref": ""}
,
{
"node": "d",
"subtype": "obverse",
"type": "surface",
"ref": "P314248.o.1",
"type": "obverse",
"label": "o"}
,
{
"node": "d",
"type": "nonx",
"ref": "P314248.2",
"strict": "0",
"state": "other"}
,
{
"node": "d",
"subtype": "reverse",
"type": "surface",
"ref": "P314248.r.3",
"type": "reverse",
"label": "r"}
,
{
"node": "d",
"type": "nonx",
"ref": "P314248.4",
"strict": "0",
"extent": "beginning",
"state": "missing"}
,
{
"node": "c",
"type": "discourse",
"subtype": "body",
"id": "P314248.U1",
"cdl": [
{
"node": "c",
"type": "sentence",
"id": "P314248.U2",
"label": "r 1' - r 5'",
"cdl": [
{
"node": "d",
"type": "line-start",
"ref": "P314248.5",
"n": "1'",
"label": "r 1'"}
,
{
"node": "l",
"frag": "[ša]",
"id": "P314248.l04d85",
"ref": "P314248.5.1",
"inst": "ša[who]REL",
"sig": "@saao/saa01%akk-x-neoass:ša=ša[that//who]REL'REL$ša",
"f": {"lang": "akk-x-neoass",
"form": "ša",
"cf": "ša",
"gw": "that",
"sense": "who",
"norm": "ša",
"pos": "REL",
"epos": "REL"}
}
,
{
"node": "l",
"frag": "⸢LUGAL⸣",
"id": "P314248.l04d86",
"ref": "P314248.5.2",
"inst": "šarru[king]N",
"sig": "@saao/saa01%akk-x-neoass:LUGAL=šarru[king//king]N'N$šarru",
"f": {"lang": "akk-x-neoass",
"form": "LUGAL",
"cf": "šarru",
"gw": "king",
"sense": "king",
"norm": "šarru",
"pos": "N",
"epos": "N"}
}
,
{
"node": "l",
"frag": "EN",
"id": "P314248.l04d87",
"ref": "P314248.5.3",
"inst": "bēlī[lord]N",
"sig": "@saao/saa01%akk-x-neoass:EN=bēlu[lord//lord]N'N$bēlī",
"f": {"lang": "akk-x-neoass",
"form": "EN",
"cf": "bēlu",
"gw": "lord",
"sense": "lord",
"norm": "bēlī",
"pos": "N",
"epos": "N"}
}
,
{
"node": "l",
"frag": "iq-[bu-u-ni]",
"id": "P314248.l04d88",
"ref": "P314248.5.4",
"inst": "iqbûni[say]V",
"sig": "@saao/saa01%akk-x-neoass:iq-bu-u-ni=qabû[say//say]V'V$iqbûni",
"f": {"lang": "akk-x-neoass",
"form": "iq-bu-u-ni",
"cf": "qabû",
"gw": "say",
"sense": "say",
"norm": "iqbûni",
"pos": "V",
"epos": "V"}
}
,
{
"node": "d",
"type": "line-start",
"ref": "P314248.6",
"n": "2'",
"label": "r 2'"}
,
{
"node": "l",
"frag": "[ma]-a",
"id": "P314248.l04d89",
"ref": "P314248.6.1",
"inst": "mā[saying]PRP",
"sig": "@saao/saa01%akk-x-neoass:ma-a=mā[saying//saying]PRP'PRP$mā",
"f": {"lang": "akk-x-neoass",
"form": "ma-a",
"cf": "mā",
"gw": "saying",
"sense": "saying",
"norm": "mā",
"pos": "PRP",
"epos": "PRP"}
}
,
{
"node": "l",
"frag": "i-si-šu₂-nu",
"id": "P314248.l04d8a",
"ref": "P314248.6.2",
"inst": "issišunu[with]PRP",
"sig": "@saao/saa01%akk-x-neoass:i-si-šu₂-nu=išti[with//with]PRP'PRP$issišunu",
"f": {"lang": "akk-x-neoass",
"form": "i-si-šu₂-nu",
"cf": "išti",
"gw": "with",
"sense": "with",
"norm": "issišunu",
"pos": "PRP",
"epos": "PRP"}
}
,
{
"node": "l",
"frag": "lu",
"id": "P314248.l04d8b",
"ref": "P314248.6.3",
"inst": "lū[may]MOD",
"sig": "@saao/saa01%akk-x-neoass:lu=lū[may//may]MOD'MOD$lū",
"f": {"lang": "akk-x-neoass",
"form": "lu",
"cf": "lū",
"gw": "may",
"sense": "may",
"norm": "lū",
"pos": "MOD",
"epos": "MOD"}
}
,
{
"node": "l",
"frag": "[x",
"id": "P314248.l04d8c",
"ref": "P314248.6.4",
"inst": "u",
"f": {"lang": "akk-x-neoass",
"form": "x",
"pos": "u"}
}
,
{
"node": "l",
"frag": "x",
"id": "P314248.l04d8d",
"ref": "P314248.6.5",
"inst": "u",
"f": {"lang": "akk-x-neoass",
"form": "x",
"pos": "u"}
}
,
{
"node": "l",
"frag": "x]",
"id": "P314248.l04d8e",
"ref": "P314248.6.6",
"inst": "u",
"f": {"lang": "akk-x-neoass",
"form": "x",
"pos": "u"}
}
,
{
"node": "d",
"type": "line-start",
"ref": "P314248.7",
"n": "3'",
"label": "r 3'"}
,
{
"node": "l",
"frag": "ma-a",
"id": "P314248.l04d8f",
"ref": "P314248.7.1",
"inst": "mā[saying]PRP",
"sig": "@saao/saa01%akk-x-neoass:ma-a=mā[saying//saying]PRP'PRP$mā",
"f": {"lang": "akk-x-neoass",
"form": "ma-a",
"cf": "mā",
"gw": "saying",
"sense": "saying",
"norm": "mā",
"pos": "PRP",
"epos": "PRP"}
}
,
{
"node": "l",
"frag": "{lu₂}ma-aq-tu",
"id": "P314248.l04d90",
"ref": "P314248.7.2",
"inst": "maqtu[fallen//deserter]AJ'N$",
"sig": "@saao/saa01%akk-x-neoass:{LU₂}ma-aq-tu=maqtu[fallen//deserter]AJ'N$maqtu",
"f": {"lang": "akk-x-neoass",
"form": "{LU₂}ma-aq-tu",
"cf": "maqtu",
"gw": "fallen",
"sense": "deserter",
"norm": "maqtu",
"pos": "AJ",
"epos": "N"}
}
,
{
"node": "l",
"frag": "[x",
"id": "P314248.l04d91",
"ref": "P314248.7.3",
"inst": "u",
"f": {"lang": "akk-x-neoass",
"form": "x",
"pos": "u"}
}
,
{
"node": "l",
"frag": "x",
"id": "P314248.l04d92",
"ref": "P314248.7.4",
"inst": "u",
"f": {"lang": "akk-x-neoass",
"form": "x",
"pos": "u"}
}
,
{
"node": "l",
"frag": "x]",
"id": "P314248.l04d93",
"ref": "P314248.7.5",
"inst": "u",
"f": {"lang": "akk-x-neoass",
"form": "x",
"pos": "u"}
}
,
{
"node": "d",
"type": "line-start",
"ref": "P314248.8",
"n": "4'",
"label": "r 4'"}
,
{
"node": "l",
"frag": "la",
"id": "P314248.l04d94",
"ref": "P314248.8.1",
"inst": "lā[not]MOD",
"sig": "@saao/saa01%akk-x-neoass:la=lā[not//not]MOD'MOD$lā",
"f": {"lang": "akk-x-neoass",
"form": "la",
"cf": "lā",
"gw": "not",
"sense": "not",
"norm": "lā",
"pos": "MOD",
"epos": "MOD"}
}
,
{
"node": "l",
"frag": "i-ma-gu-ru\\p",
"id": "P314248.l04d95",
"ref": "P314248.8.2",
"inst": "immagguru[agree]V",
"sig": "@saao/saa01%akk-x-neoass:i-ma-gu-ru=magāru[consent//agree]V'V$immagguru",
"f": {"lang": "akk-x-neoass",
"form": "i-ma-gu-ru",
"cf": "magāru",
"gw": "consent",
"sense": "agree",
"norm": "immagguru",
"pos": "V",
"epos": "V"}
}
,
{
"node": "l",
"frag": "⸢la⸣",
"id": "P314248.l04d96",
"ref": "P314248.8.3",
"inst": "lā[not]MOD",
"sig": "@saao/saa01%akk-x-neoass:la=lā[not//not]MOD'MOD$lā",
"f": {"lang": "akk-x-neoass",
"form": "la",
"cf": "lā",
"gw": "not",
"sense": "not",
"norm": "lā",
"pos": "MOD",
"epos": "MOD"}
}
,
{
"node": "l",
"frag": "[x",
"id": "P314248.l04d97",
"ref": "P314248.8.4",
"inst": "u",
"f": {"lang": "akk-x-neoass",
"form": "x",
"pos": "u"}
}
,
{
"node": "l",
"frag": "x",
"id": "P314248.l04d98",
"ref": "P314248.8.5",
"inst": "u",
"f": {"lang": "akk-x-neoass",
"form": "x",
"pos": "u"}
}
,
{
"node": "l",
"frag": "x]",
"id": "P314248.l04d99",
"ref": "P314248.8.6",
"inst": "u",
"f": {"lang": "akk-x-neoass",
"form": "x",
"pos": "u"}
}
,
{
"node": "d",
"type": "line-start",
"ref": "P314248.9",
"n": "5'",
"label": "r 5'"}
,
{
"node": "l",
"frag": "ki-ma",
"id": "P314248.l04d9a",
"ref": "P314248.9.1",
"inst": "kīma[like//when]PRP'SBJ$",
"sig": "@saao/saa01%akk-x-neoass:ki-ma=kīma[like//when]PRP'SBJ$kīma",
"f": {"lang": "akk-x-neoass",
"form": "ki-ma",
"cf": "kīma",
"gw": "like",
"sense": "when",
"norm": "kīma",
"pos": "PRP",
"epos": "SBJ"}
}
,
{
"node": "l",
"frag": "{lu₂}ERIM-⸢MEŠ⸣",
"id": "P314248.l04d9b",
"ref": "P314248.9.2",
"inst": "ṣābāni[troops]N",
"sig": "@saao/saa01%akk-x-neoass:{LU₂}ERIM-MEŠ=ṣābu[people//troops]N'N$ṣābāni",
"f": {"lang": "akk-x-neoass",
"form": "{LU₂}ERIM-MEŠ",
"cf": "ṣābu",
"gw": "people",
"sense": "troops",
"norm": "ṣābāni",
"pos": "N",
"epos": "N"}
}
,
{
"node": "l",
"frag": "[x",
"id": "P314248.l04d9c",
"ref": "P314248.9.3",
"inst": "u",
"f": {"lang": "akk-x-neoass",
"form": "x",
"pos": "u"}
}
,
{
"node": "l",
"frag": "x",
"id": "P314248.l04d9d",
"ref": "P314248.9.4",
"inst": "u",
"f": {"lang": "akk-x-neoass",
"form": "x",
"pos": "u"}
}
,
{
"node": "l",
"frag": "x",
"id": "P314248.l04d9e",
"ref": "P314248.9.5",
"inst": "u",
"f": {"lang": "akk-x-neoass",
"form": "x",
"pos": "u"}
}
,
{
"node": "l",
"frag": "x]",
"id": "P314248.l04d9f",
"ref": "P314248.9.6",
"inst": "u",
"f": {"lang": "akk-x-neoass",
"form": "x",
"pos": "u"}
}
,
{
"node": "d",
"type": "nonx",
"ref": "P314248.10",
"strict": "0",
"extent": "rest",
"state": "missing"}
]}
]}
]}
]}
