{
"type": "cdl",
  "source": "http://oracc.org/saao/saa01",
  "license": "This data is released under the CC0 license",
  "license-url": "https://creativecommons.org/publicdomain/zero/1.0/",
  "more-info": "http://oracc.org/doc/opendata/",
  "UTC-timestamp": "2017-05-19T11:21:58",
"project": "saao/saa01",
"textid": "P314003",
"cdl": [
{
"node": "c",
"type": "text",
"id": "P314003.U0",
"cdl": [
{
"node": "d",
"type": "object",
"ref": ""}
,
{
"node": "d",
"subtype": "obverse",
"type": "surface",
"ref": "P314003.o.1",
"type": "obverse",
"label": "o"}
,
{
"node": "c",
"type": "discourse",
"subtype": "body",
"id": "P314003.U1",
"cdl": [
{
"node": "c",
"type": "sentence",
"id": "P314003.U2",
"label": "o 1 - o 10",
"cdl": [
{
"node": "d",
"type": "line-start",
"ref": "P314003.2",
"n": "1",
"label": "o 1"}
,
{
"node": "l",
"frag": "[a-na",
"id": "P314003.l03045",
"ref": "P314003.2.1",
"inst": "ana[to]PRP",
"sig": "@saao/saa01%akk-x-neoass:a-na=ana[to//to]PRP'PRP$ana",
"f": {"lang": "akk-x-neoass",
"form": "a-na",
"cf": "ana",
"gw": "to",
"sense": "to",
"norm": "ana",
"pos": "PRP",
"epos": "PRP"}
}
,
{
"node": "l",
"frag": "LUGAL",
"id": "P314003.l03046",
"ref": "P314003.2.2",
"inst": "šarri[king]N",
"sig": "@saao/saa01%akk-x-neoass:LUGAL=šarru[king//king]N'N$šarri",
"f": {"lang": "akk-x-neoass",
"form": "LUGAL",
"cf": "šarru",
"gw": "king",
"sense": "king",
"norm": "šarri",
"pos": "N",
"epos": "N"}
}
,
{
"node": "l",
"frag": "EN-ia]",
"id": "P314003.l03047",
"ref": "P314003.2.3",
"inst": "bēlīya[lord]N",
"sig": "@saao/saa01%akk-x-neoass:EN-ia=bēlu[lord//lord]N'N$bēlīya",
"f": {"lang": "akk-x-neoass",
"form": "EN-ia",
"cf": "bēlu",
"gw": "lord",
"sense": "lord",
"norm": "bēlīya",
"pos": "N",
"epos": "N"}
}
,
{
"node": "d",
"type": "line-start",
"ref": "P314003.3",
"n": "2",
"label": "o 2"}
,
{
"node": "l",
"frag": "[ARAD-ka",
"id": "P314003.l03048",
"ref": "P314003.3.1",
"inst": "urdaka[servant]N",
"sig": "@saao/saa01%akk-x-neoass:ARAD-ka=ardu[slave//servant]N'N$urdaka",
"f": {"lang": "akk-x-neoass",
"form": "ARAD-ka",
"cf": "ardu",
"gw": "slave",
"sense": "servant",
"norm": "urdaka",
"pos": "N",
"epos": "N"}
}
,
{
"node": "l",
"frag": "{1}aš-šur-ba-ni]",
"id": "P314003.l03049",
"ref": "P314003.3.2",
"inst": "Aššur-bani[]PN$",
"sig": "@saao/saa01%akk-x-neoass:{1}aš-šur-ba-ni=Aššur-bani[1//1]PN'PN$Aššur-bani",
"f": {"lang": "akk-x-neoass",
"form": "{1}aš-šur-ba-ni",
"cf": "Aššur-bani",
"gw": "1",
"sense": "1",
"norm": "Aššur-bani",
"pos": "PN",
"epos": "PN"}
}
,
{
"node": "d",
"type": "line-start",
"ref": "P314003.4",
"n": "3",
"label": "o 3"}
,
{
"node": "l",
"frag": "⸢lu⸣",
"id": "P314003.l0304a",
"ref": "P314003.4.1",
"inst": "lū[may]MOD",
"sig": "@saao/saa01%akk-x-neoass:lu=lū[may//may]MOD'MOD$lū",
"f": {"lang": "akk-x-neoass",
"form": "lu",
"cf": "lū",
"gw": "may",
"sense": "may",
"norm": "lū",
"pos": "MOD",
"epos": "MOD"}
}
,
{
"node": "l",
"frag": "[DI-mu",
"id": "P314003.l0304b",
"ref": "P314003.4.2",
"inst": "šulmu[health]N",
"sig": "@saao/saa01%akk-x-neoass:DI-mu=šulmu[completeness//health]N'N$šulmu",
"f": {"lang": "akk-x-neoass",
"form": "DI-mu",
"cf": "šulmu",
"gw": "completeness",
"sense": "health",
"norm": "šulmu",
"pos": "N",
"epos": "N"}
}
,
{
"node": "l",
"frag": "a-na",
"id": "P314003.l0304c",
"ref": "P314003.4.3",
"inst": "ana[to]PRP",
"sig": "@saao/saa01%akk-x-neoass:a-na=ana[to//to]PRP'PRP$ana",
"f": {"lang": "akk-x-neoass",
"form": "a-na",
"cf": "ana",
"gw": "to",
"sense": "to",
"norm": "ana",
"pos": "PRP",
"epos": "PRP"}
}
,
{
"node": "l",
"frag": "LUGAL",
"id": "P314003.l0304d",
"ref": "P314003.4.4",
"inst": "šarri[king]N",
"sig": "@saao/saa01%akk-x-neoass:LUGAL=šarru[king//king]N'N$šarri",
"f": {"lang": "akk-x-neoass",
"form": "LUGAL",
"cf": "šarru",
"gw": "king",
"sense": "king",
"norm": "šarri",
"pos": "N",
"epos": "N"}
}
,
{
"node": "l",
"frag": "EN-ia]",
"id": "P314003.l0304e",
"ref": "P314003.4.5",
"inst": "bēlīya[lord]N",
"sig": "@saao/saa01%akk-x-neoass:EN-ia=bēlu[lord//lord]N'N$bēlīya",
"f": {"lang": "akk-x-neoass",
"form": "EN-ia",
"cf": "bēlu",
"gw": "lord",
"sense": "lord",
"norm": "bēlīya",
"pos": "N",
"epos": "N"}
}
,
{
"node": "d",
"type": "line-start",
"ref": "P314003.5",
"n": "4",
"label": "o 4"}
,
{
"node": "l",
"frag": "DI-⸢mu⸣",
"id": "P314003.l0304f",
"ref": "P314003.5.1",
"inst": "šulmu[health]N",
"sig": "@saao/saa01%akk-x-neoass:DI-mu=šulmu[completeness//health]N'N$šulmu",
"f": {"lang": "akk-x-neoass",
"form": "DI-mu",
"cf": "šulmu",
"gw": "completeness",
"sense": "health",
"norm": "šulmu",
"pos": "N",
"epos": "N"}
}
,
{
"node": "l",
"frag": "[a-na",
"id": "P314003.l03050",
"ref": "P314003.5.2",
"inst": "ana[to]PRP",
"sig": "@saao/saa01%akk-x-neoass:a-na=ana[to//to]PRP'PRP$ana",
"f": {"lang": "akk-x-neoass",
"form": "a-na",
"cf": "ana",
"gw": "to",
"sense": "to",
"norm": "ana",
"pos": "PRP",
"epos": "PRP"}
}
,
{
"node": "l",
"frag": "E₂.KUR-MEŠ]",
"id": "P314003.l03051",
"ref": "P314003.5.3",
"inst": "ēkurrāte[temple]N",
"sig": "@saao/saa01%akk-x-neoass:E₂.KUR-MEŠ=ēkurru[temple//temple]N'N$ēkurrāte",
"f": {"lang": "akk-x-neoass",
"form": "E₂.KUR-MEŠ",
"cf": "ēkurru",
"gw": "temple",
"sense": "temple",
"norm": "ēkurrāte",
"pos": "N",
"epos": "N"}
}
,
{
"node": "d",
"type": "line-start",
"ref": "P314003.6",
"n": "5",
"label": "o 5"}
,
{
"node": "l",
"frag": "DI-⸢mu⸣",
"id": "P314003.l03052",
"ref": "P314003.6.1",
"inst": "šulmu[health]N",
"sig": "@saao/saa01%akk-x-neoass:DI-mu=šulmu[completeness//health]N'N$šulmu",
"f": {"lang": "akk-x-neoass",
"form": "DI-mu",
"cf": "šulmu",
"gw": "completeness",
"sense": "health",
"norm": "šulmu",
"pos": "N",
"epos": "N"}
}
,
{
"node": "l",
"frag": "[a-na",
"id": "P314003.l03053",
"ref": "P314003.6.2",
"inst": "ana[to]PRP",
"sig": "@saao/saa01%akk-x-neoass:a-na=ana[to//to]PRP'PRP$ana",
"f": {"lang": "akk-x-neoass",
"form": "a-na",
"cf": "ana",
"gw": "to",
"sense": "to",
"norm": "ana",
"pos": "PRP",
"epos": "PRP"}
}
,
{
"node": "l",
"frag": "{uru}kal-ha]",
"id": "P314003.l03054",
"ref": "P314003.6.3",
"inst": "Kalha[1]GN",
"sig": "@saao/saa01%akk-x-neoass:{URU}kal-ha=Kalhu[1//1]GN'GN$Kalha",
"f": {"lang": "akk-x-neoass",
"form": "{URU}kal-ha",
"cf": "Kalhu",
"gw": "1",
"sense": "1",
"norm": "Kalha",
"pos": "GN",
"epos": "GN"}
}
,
{
"node": "d",
"type": "line-start",
"ref": "P314003.7",
"n": "6",
"label": "o 6"}
,
{
"node": "l",
"frag": "DI-mu",
"id": "P314003.l03055",
"ref": "P314003.7.1",
"inst": "šulmu[health]N",
"sig": "@saao/saa01%akk-x-neoass:DI-mu=šulmu[completeness//health]N'N$šulmu",
"f": {"lang": "akk-x-neoass",
"form": "DI-mu",
"cf": "šulmu",
"gw": "completeness",
"sense": "health",
"norm": "šulmu",
"pos": "N",
"epos": "N"}
}
,
{
"node": "l",
"frag": "[a-na",
"id": "P314003.l03056",
"ref": "P314003.7.2",
"inst": "ana[to]PRP",
"sig": "@saao/saa01%akk-x-neoass:a-na=ana[to//to]PRP'PRP$ana",
"f": {"lang": "akk-x-neoass",
"form": "a-na",
"cf": "ana",
"gw": "to",
"sense": "to",
"norm": "ana",
"pos": "PRP",
"epos": "PRP"}
}
,
{
"node": "c",
"type": "phrase",
"tag": "phr",
"id": "P314003.U4",
"ref": "P314003.ls00000",
"cdl": [
{
"node": "l",
"frag": "MI₂-E₂.GAL]",
"id": "P314003.l03057",
"ref": "P314003.7.3",
"cof-tails": "P314003.l03058",
"inst": "sinništu[woman]N$issi&ēkallu[palace]N$ēkalli",
"sig": "@saao/saa01%akk-x-neoass:MI₂-E₂.GAL=sinništu[woman//woman]N'N$issi&&@saao%akk-x-neoass:=ēkallu[palace//palace]N'N$ēkalli",
"f": {"lang": "akk-x-neoass",
"form": "MI₂-E₂.GAL",
"cf": "sinništu",
"gw": "woman",
"sense": "woman",
"norm": "issi",
"pos": "N",
"epos": "N"}
}
,
{
"node": "l",
"frag": "MI₂-E₂.GAL]",
"id": "P314003.l03058",
"ref": "P314003.7.3",
"cof-head": "P314003.l03057",
"inst": "sinništu[woman]N$issi&ēkallu[palace]N$ēkalli",
"tail-sig": "@saao%akk-x-neoass:=ēkallu[palace//palace]N'N$ēkalli",
"f": {"lang": "akk-x-neoass",
"form": "MI₂-E₂.GAL",
"cf": "ēkallu",
"gw": "palace",
"sense": "palace",
"norm": "ēkalli",
"pos": "N",
"epos": "N"}
}
]}
,
{
"node": "d",
"type": "line-start",
"ref": "P314003.8",
"n": "7",
"label": "o 7"}
,
{
"node": "l",
"frag": "DI-mu",
"id": "P314003.l03059",
"ref": "P314003.8.1",
"inst": "šulmu[health]N",
"sig": "@saao/saa01%akk-x-neoass:DI-mu=šulmu[completeness//health]N'N$šulmu",
"f": {"lang": "akk-x-neoass",
"form": "DI-mu",
"cf": "šulmu",
"gw": "completeness",
"sense": "health",
"norm": "šulmu",
"pos": "N",
"epos": "N"}
}
,
{
"node": "l",
"frag": "[a-na",
"id": "P314003.l0305a",
"ref": "P314003.8.2",
"inst": "ana[to]PRP",
"sig": "@saao/saa01%akk-x-neoass:a-na=ana[to//to]PRP'PRP$ana",
"f": {"lang": "akk-x-neoass",
"form": "a-na",
"cf": "ana",
"gw": "to",
"sense": "to",
"norm": "ana",
"pos": "PRP",
"epos": "PRP"}
}
,
{
"node": "l",
"frag": "{lu₂v}QAL₃-MEŠ]",
"id": "P314003.l0305b",
"ref": "P314003.8.3",
"inst": "qallu[light//boy]AJ'N$qallūte",
"sig": "@saao/saa01%akk-x-neoass:{LU₂}QAL₃-MEŠ=qallu[light//boy]AJ'N$qallūte",
"f": {"lang": "akk-x-neoass",
"form": "{LU₂}QAL₃-MEŠ",
"cf": "qallu",
"gw": "light",
"sense": "boy",
"norm": "qallūte",
"pos": "AJ",
"epos": "N"}
}
,
{
"node": "d",
"type": "line-start",
"ref": "P314003.9",
"n": "8",
"label": "o 8"}
,
{
"node": "l",
"frag": "UD",
"id": "P314003.l0305c",
"ref": "P314003.9.1",
"inst": "ūm[day]N",
"sig": "@saao/saa01%akk-x-neoass:UD=ūmu[day//day]N'N$ūm",
"f": {"lang": "akk-x-neoass",
"form": "UD",
"cf": "ūmu",
"gw": "day",
"sense": "day",
"norm": "ūm",
"pos": "N",
"epos": "N"}
}
,
{
"node": "l",
"frag": "17-KAM₂\\t",
"id": "P314003.l0305d",
"ref": "P314003.9.2",
"inst": "n",
"f": {"lang": "akk-x-neoass",
"form": "17-KAM₂",
"pos": "n"}
}
,
{
"node": "l",
"frag": "{[d}x",
"id": "P314003.l0305e",
"ref": "P314003.9.3",
"inst": "u",
"f": {"lang": "akk-x-neoass",
"form": "{d}x",
"pos": "u"}
}
,
{
"node": "l",
"frag": "x",
"id": "P314003.l0305f",
"ref": "P314003.9.4",
"inst": "u",
"f": {"lang": "akk-x-neoass",
"form": "x",
"pos": "u"}
}
,
{
"node": "l",
"frag": "x",
"id": "P314003.l03060",
"ref": "P314003.9.5",
"inst": "u",
"f": {"lang": "akk-x-neoass",
"form": "x",
"pos": "u"}
}
,
{
"node": "l",
"frag": "x]",
"id": "P314003.l03061",
"ref": "P314003.9.6",
"inst": "u",
"f": {"lang": "akk-x-neoass",
"form": "x",
"pos": "u"}
}
,
{
"node": "d",
"type": "line-start",
"ref": "P314003.10",
"n": "9",
"label": "o 9"}
,
{
"node": "l",
"frag": "i-tu₂-ṣi",
"id": "P314003.l03062",
"ref": "P314003.10.1",
"inst": "ittūṣi[go out]V",
"sig": "@saao/saa01%akk-x-neoass:i-tu₂-ṣi=aṣû[go out//go out]V'V$ittūṣi",
"f": {"lang": "akk-x-neoass",
"form": "i-tu₂-ṣi",
"cf": "aṣû",
"gw": "go out",
"sense": "go out",
"norm": "ittūṣi",
"pos": "V",
"epos": "V"}
}
,
{
"node": "l",
"frag": "[x",
"id": "P314003.l03063",
"ref": "P314003.10.2",
"inst": "u",
"f": {"lang": "akk-x-neoass",
"form": "x",
"pos": "u"}
}
,
{
"node": "l",
"frag": "x",
"id": "P314003.l03064",
"ref": "P314003.10.3",
"inst": "u",
"f": {"lang": "akk-x-neoass",
"form": "x",
"pos": "u"}
}
,
{
"node": "l",
"frag": "x",
"id": "P314003.l03065",
"ref": "P314003.10.4",
"inst": "u",
"f": {"lang": "akk-x-neoass",
"form": "x",
"pos": "u"}
}
,
{
"node": "l",
"frag": "x",
"id": "P314003.l03066",
"ref": "P314003.10.5",
"inst": "u",
"f": {"lang": "akk-x-neoass",
"form": "x",
"pos": "u"}
}
,
{
"node": "l",
"frag": "x]",
"id": "P314003.l03067",
"ref": "P314003.10.6",
"inst": "u",
"f": {"lang": "akk-x-neoass",
"form": "x",
"pos": "u"}
}
,
{
"node": "d",
"type": "line-start",
"ref": "P314003.11",
"n": "10",
"label": "o 10"}
,
{
"node": "l",
"frag": "ina",
"id": "P314003.l03068",
"ref": "P314003.11.1",
"inst": "ina[in]PRP",
"sig": "@saao/saa01%akk-x-neoass:ina=ina[in//in]PRP'PRP$ina",
"f": {"lang": "akk-x-neoass",
"form": "ina",
"cf": "ina",
"gw": "in",
"sense": "in",
"norm": "ina",
"pos": "PRP",
"epos": "PRP"}
}
,
{
"node": "l",
"frag": "ša₂-⸢lim⸣-[te",
"id": "P314003.l03069",
"ref": "P314003.11.2",
"inst": "šalimtu[well-being//safely]N'AV$šalimte",
"sig": "@saao/saa01%akk-x-neoass:ša₂-lim-te=šalimtu[well-being//safely]N'AV$šalimte",
"f": {"lang": "akk-x-neoass",
"form": "ša₂-lim-te",
"cf": "šalimtu",
"gw": "well-being",
"sense": "safely",
"norm": "šalimte",
"pos": "N",
"epos": "AV"}
}
,
{
"node": "l",
"frag": "x",
"id": "P314003.l0306a",
"ref": "P314003.11.3",
"inst": "u",
"f": {"lang": "akk-x-neoass",
"form": "x",
"pos": "u"}
}
,
{
"node": "l",
"frag": "x",
"id": "P314003.l0306b",
"ref": "P314003.11.4",
"inst": "u",
"f": {"lang": "akk-x-neoass",
"form": "x",
"pos": "u"}
}
,
{
"node": "l",
"frag": "x",
"id": "P314003.l0306c",
"ref": "P314003.11.5",
"inst": "u",
"f": {"lang": "akk-x-neoass",
"form": "x",
"pos": "u"}
}
,
{
"node": "l",
"frag": "x",
"id": "P314003.l0306d",
"ref": "P314003.11.6",
"inst": "u",
"f": {"lang": "akk-x-neoass",
"form": "x",
"pos": "u"}
}
,
{
"node": "l",
"frag": "x]",
"id": "P314003.l0306e",
"ref": "P314003.11.7",
"inst": "u",
"f": {"lang": "akk-x-neoass",
"form": "x",
"pos": "u"}
}
,
{
"node": "d",
"type": "nonx",
"ref": "P314003.12",
"strict": "0",
"extent": "rest",
"state": "missing"}
,
{
"node": "d",
"subtype": "reverse",
"type": "surface",
"ref": "P314003.r.13",
"type": "reverse",
"label": "r"}
,
{
"node": "d",
"type": "nonx",
"ref": "P314003.14",
"strict": "0",
"state": "other"}
]}
]}
]}
,
{
"linkbase": [{
"type": "linkset",
"xlink_title": "issi ēkalli[queen//queen]N'N",
"id": "P314003.ls00000",
"xlink_type": "extended",
"xlink_role": "psu",
"sig": "{sinništu[woman]N ēkallu[palace]N += issi ēkalli[queen//queen]N'N}::@saao%akk-x-neoass:MI₂-E₂.GAL=sinništu[woman//woman]N'N$issi++@saao%akk-x-neoass:MI₂-E₂.GAL=ēkallu[palace//palace]N'N$ēkalli",
"links": [
{
"type": "link",
"xlink_title": "sinništu",
"xlink_type": "locator",
"xlink_href": "#P314003.l03057",
"xlink_role": "elt"}
,
{
"type": "link",
"xlink_title": "ēkallu",
"xlink_type": "locator",
"xlink_href": "#P314003.l03058",
"xlink_role": "elt"}
]}
]}
]}
