{
"type": "cdl",
  "source": "http://oracc.org/saao/saa01",
  "license": "This data is released under the CC0 license",
  "license-url": "https://creativecommons.org/publicdomain/zero/1.0/",
  "more-info": "http://oracc.org/doc/opendata/",
  "UTC-timestamp": "2017-05-19T11:21:58",
"project": "saao/saa01",
"textid": "P314001",
"cdl": [
{
"node": "c",
"type": "text",
"id": "P314001.U0",
"cdl": [
{
"node": "d",
"type": "object",
"ref": ""}
,
{
"node": "d",
"subtype": "obverse",
"type": "surface",
"ref": "P314001.o.1",
"type": "obverse",
"label": "o"}
,
{
"node": "d",
"type": "nonx",
"ref": "P314001.2",
"strict": "0",
"extent": "beginning",
"state": "missing"}
,
{
"node": "c",
"type": "discourse",
"subtype": "body",
"id": "P314001.U1",
"cdl": [
{
"node": "c",
"type": "sentence",
"id": "P314001.U2",
"label": "o 1' - r 3'",
"cdl": [
{
"node": "d",
"type": "line-start",
"ref": "P314001.3",
"n": "1'",
"label": "o 1'"}
,
{
"node": "l",
"frag": "[x",
"id": "P314001.l00630",
"ref": "P314001.3.1",
"inst": "u",
"f": {"lang": "akk-x-neoass",
"form": "x",
"pos": "u"}
}
,
{
"node": "l",
"frag": "{uru]}⸢ar⸣-pad-du",
"id": "P314001.l00631",
"ref": "P314001.3.2",
"inst": "Arpadda[Arpad]GN$Arpaddu",
"sig": "@saao/saa01%akk-x-neoass:{URU}ar-pad-du=Arpadda[Arpad//Arpad]GN'GN$Arpaddu",
"f": {"lang": "akk-x-neoass",
"form": "{URU}ar-pad-du",
"cf": "Arpadda",
"gw": "Arpad",
"sense": "Arpad",
"norm": "Arpaddu",
"pos": "GN",
"epos": "GN"}
}
,
{
"node": "l",
"frag": "[x",
"id": "P314001.l00632",
"ref": "P314001.3.3",
"inst": "u",
"f": {"lang": "akk-x-neoass",
"form": "x",
"pos": "u"}
}
,
{
"node": "l",
"frag": "x",
"id": "P314001.l00633",
"ref": "P314001.3.4",
"inst": "u",
"f": {"lang": "akk-x-neoass",
"form": "x",
"pos": "u"}
}
,
{
"node": "l",
"frag": "x",
"id": "P314001.l00634",
"ref": "P314001.3.5",
"inst": "u",
"f": {"lang": "akk-x-neoass",
"form": "x",
"pos": "u"}
}
,
{
"node": "l",
"frag": "x",
"id": "P314001.l00635",
"ref": "P314001.3.6",
"inst": "u",
"f": {"lang": "akk-x-neoass",
"form": "x",
"pos": "u"}
}
,
{
"node": "l",
"frag": "x",
"id": "P314001.l00636",
"ref": "P314001.3.7",
"inst": "u",
"f": {"lang": "akk-x-neoass",
"form": "x",
"pos": "u"}
}
,
{
"node": "l",
"frag": "x]",
"id": "P314001.l00637",
"ref": "P314001.3.8",
"inst": "u",
"f": {"lang": "akk-x-neoass",
"form": "x",
"pos": "u"}
}
,
{
"node": "d",
"type": "line-start",
"ref": "P314001.4",
"n": "2'",
"label": "o 2'"}
,
{
"node": "l",
"frag": "⸢u₂⸣-ma-a",
"id": "P314001.l00638",
"ref": "P314001.4.1",
"inst": "ūmâ[now]AV",
"sig": "@saao/saa01%akk-x-neoass:u₂-ma-a=ūma[today//now]AV'AV$ūmâ",
"f": {"lang": "akk-x-neoass",
"form": "u₂-ma-a",
"cf": "ūma",
"gw": "today",
"sense": "now",
"norm": "ūmâ",
"pos": "AV",
"epos": "AV"}
}
,
{
"node": "l",
"frag": "{1}ul-lu\\m-su-[nu",
"id": "P314001.l00639",
"ref": "P314001.4.2",
"inst": "Ullusunu[1]PN$",
"sig": "@saao/saa01%akk-x-neoass:{1}ul-lu-su-nu=Ullusunu[1//1]PN'PN$Ullusunu",
"f": {"lang": "akk-x-neoass",
"form": "{1}ul-lu-su-nu",
"cf": "Ullusunu",
"gw": "1",
"sense": "1",
"norm": "Ullusunu",
"pos": "PN",
"epos": "PN"}
}
,
{
"node": "l",
"frag": "x",
"id": "P314001.l0063a",
"ref": "P314001.4.3",
"inst": "u",
"f": {"lang": "akk-x-neoass",
"form": "x",
"pos": "u"}
}
,
{
"node": "l",
"frag": "x",
"id": "P314001.l0063b",
"ref": "P314001.4.4",
"inst": "u",
"f": {"lang": "akk-x-neoass",
"form": "x",
"pos": "u"}
}
,
{
"node": "l",
"frag": "x",
"id": "P314001.l0063c",
"ref": "P314001.4.5",
"inst": "u",
"f": {"lang": "akk-x-neoass",
"form": "x",
"pos": "u"}
}
,
{
"node": "l",
"frag": "x",
"id": "P314001.l0063d",
"ref": "P314001.4.6",
"inst": "u",
"f": {"lang": "akk-x-neoass",
"form": "x",
"pos": "u"}
}
,
{
"node": "l",
"frag": "x]",
"id": "P314001.l0063e",
"ref": "P314001.4.7",
"inst": "u",
"f": {"lang": "akk-x-neoass",
"form": "x",
"pos": "u"}
}
,
{
"node": "d",
"type": "line-start",
"ref": "P314001.5",
"n": "3'",
"label": "o 3'"}
,
{
"node": "l",
"frag": "[a]-⸢na⸣",
"id": "P314001.l0063f",
"ref": "P314001.5.1",
"inst": "ana[to]PRP",
"sig": "@saao/saa01%akk-x-neoass:a-na=ana[to//to]PRP'PRP$ana",
"f": {"lang": "akk-x-neoass",
"form": "a-na",
"cf": "ana",
"gw": "to",
"sense": "to",
"norm": "ana",
"pos": "PRP",
"epos": "PRP"}
}
,
{
"node": "l",
"frag": "EN.NUN",
"id": "P314001.l00640",
"ref": "P314001.5.2",
"inst": "maṣṣarti[guard]N",
"sig": "@saao/saa01%akk-x-neoass:EN.NUN=maṣṣartu[observation//guard]N'N$maṣṣarti",
"f": {"lang": "akk-x-neoass",
"form": "EN.NUN",
"cf": "maṣṣartu",
"gw": "observation",
"sense": "guard",
"norm": "maṣṣarti",
"pos": "N",
"epos": "N"}
}
,
{
"node": "l",
"frag": "ša\\d",
"id": "P314001.l00641",
"ref": "P314001.5.3",
"inst": "ša[of]DET",
"sig": "@saao/saa01%akk-x-neoass:ša=ša[of//of]DET'DET$ša",
"f": {"lang": "akk-x-neoass",
"form": "ša",
"cf": "ša",
"gw": "of",
"sense": "of",
"norm": "ša",
"pos": "DET",
"epos": "DET"}
}
,
{
"node": "l",
"frag": "ra\\t-⸢me⸣-[ni-šu₂",
"id": "P314001.l00642",
"ref": "P314001.5.4",
"inst": "ramānu[self]N$ramenīšu",
"sig": "@saao/saa01%akk-x-neoass:ra-me-ni-šu₂=ramānu[self//self]N'N$ramenīšu",
"f": {"lang": "akk-x-neoass",
"form": "ra-me-ni-šu₂",
"cf": "ramānu",
"gw": "self",
"sense": "self",
"norm": "ramenīšu",
"pos": "N",
"epos": "N"}
}
,
{
"node": "l",
"frag": "x",
"id": "P314001.l00643",
"ref": "P314001.5.5",
"inst": "u",
"f": {"lang": "akk-x-neoass",
"form": "x",
"pos": "u"}
}
,
{
"node": "l",
"frag": "x",
"id": "P314001.l00644",
"ref": "P314001.5.6",
"inst": "u",
"f": {"lang": "akk-x-neoass",
"form": "x",
"pos": "u"}
}
,
{
"node": "l",
"frag": "x]",
"id": "P314001.l00645",
"ref": "P314001.5.7",
"inst": "u",
"f": {"lang": "akk-x-neoass",
"form": "x",
"pos": "u"}
}
,
{
"node": "d",
"type": "line-start",
"ref": "P314001.6",
"n": "4'",
"label": "o 4'"}
,
{
"node": "l",
"frag": "[x",
"id": "P314001.l00646",
"ref": "P314001.6.1",
"inst": "u",
"f": {"lang": "akk-x-neoass",
"form": "x",
"pos": "u"}
}
,
{
"node": "l",
"frag": "x]+⸢x⸣",
"id": "P314001.l00647",
"ref": "P314001.6.2",
"inst": "u",
"f": {"lang": "akk-x-neoass",
"form": "x+x",
"pos": "u"}
}
,
{
"node": "l",
"frag": "u₃",
"id": "P314001.l00648",
"ref": "P314001.6.3",
"inst": "u[and]CNJ",
"sig": "@saao/saa01%akk-x-neoass:u₃=u[and//and]CNJ'CNJ$u",
"f": {"lang": "akk-x-neoass",
"form": "u₃",
"cf": "u",
"gw": "and",
"sense": "and",
"norm": "u",
"pos": "CNJ",
"epos": "CNJ"}
}
,
{
"node": "l",
"frag": "e-gir₂-tu₂",
"id": "P314001.l00649",
"ref": "P314001.6.4",
"inst": "egertu[letter]N",
"sig": "@saao/saa01%akk-x-neoass:e-gir₂-tu₂=egertu[inscribed tablet//letter]N'N$egertu",
"f": {"lang": "akk-x-neoass",
"form": "e-gir₂-tu₂",
"cf": "egertu",
"gw": "inscribed tablet",
"sense": "letter",
"norm": "egertu",
"pos": "N",
"epos": "N"}
}
,
{
"node": "l",
"frag": "⸢x⸣+[x",
"id": "P314001.l0064a",
"ref": "P314001.6.5",
"inst": "u",
"f": {"lang": "akk-x-neoass",
"form": "x+x",
"pos": "u"}
}
,
{
"node": "l",
"frag": "x",
"id": "P314001.l0064b",
"ref": "P314001.6.6",
"inst": "u",
"f": {"lang": "akk-x-neoass",
"form": "x",
"pos": "u"}
}
,
{
"node": "l",
"frag": "x",
"id": "P314001.l0064c",
"ref": "P314001.6.7",
"inst": "u",
"f": {"lang": "akk-x-neoass",
"form": "x",
"pos": "u"}
}
,
{
"node": "l",
"frag": "x",
"id": "P314001.l0064d",
"ref": "P314001.6.8",
"inst": "u",
"f": {"lang": "akk-x-neoass",
"form": "x",
"pos": "u"}
}
,
{
"node": "l",
"frag": "x",
"id": "P314001.l0064e",
"ref": "P314001.6.9",
"inst": "u",
"f": {"lang": "akk-x-neoass",
"form": "x",
"pos": "u"}
}
,
{
"node": "l",
"frag": "x]",
"id": "P314001.l0064f",
"ref": "P314001.6.10",
"inst": "u",
"f": {"lang": "akk-x-neoass",
"form": "x",
"pos": "u"}
}
,
{
"node": "d",
"type": "line-start",
"ref": "P314001.7",
"n": "5'",
"label": "o 5'"}
,
{
"node": "l",
"frag": "[x",
"id": "P314001.l00650",
"ref": "P314001.7.1",
"inst": "u",
"f": {"lang": "akk-x-neoass",
"form": "x",
"pos": "u"}
}
,
{
"node": "l",
"frag": "x]",
"id": "P314001.l00651",
"ref": "P314001.7.2",
"inst": "u",
"f": {"lang": "akk-x-neoass",
"form": "x",
"pos": "u"}
}
,
{
"node": "l",
"frag": "ša\\m",
"id": "P314001.l00652",
"ref": "P314001.7.3",
"inst": "ša[which]REL",
"sig": "@saao/saa01%akk-x-neoass:ša=ša[that//which]REL'REL$ša",
"f": {"lang": "akk-x-neoass",
"form": "ša",
"cf": "ša",
"gw": "that",
"sense": "which",
"norm": "ša",
"pos": "REL",
"epos": "REL"}
}
,
{
"node": "l",
"frag": "aš₂-pu-rak-kan-⸢ni⸣",
"id": "P314001.l00653",
"ref": "P314001.7.4",
"inst": "šapāru[send]V$ašpurakkanni",
"sig": "@saao/saa01%akk-x-neoass:aš₂-pu-rak-kan-ni=šapāru[send//send]V'V$ašpurakkanni",
"f": {"lang": "akk-x-neoass",
"form": "aš₂-pu-rak-kan-ni",
"cf": "šapāru",
"gw": "send",
"sense": "send",
"norm": "ašpurakkanni",
"pos": "V",
"epos": "V"}
}
,
{
"node": "l",
"frag": "[x",
"id": "P314001.l00654",
"ref": "P314001.7.5",
"inst": "u",
"f": {"lang": "akk-x-neoass",
"form": "x",
"pos": "u"}
}
,
{
"node": "l",
"frag": "x",
"id": "P314001.l00655",
"ref": "P314001.7.6",
"inst": "u",
"f": {"lang": "akk-x-neoass",
"form": "x",
"pos": "u"}
}
,
{
"node": "l",
"frag": "x",
"id": "P314001.l00656",
"ref": "P314001.7.7",
"inst": "u",
"f": {"lang": "akk-x-neoass",
"form": "x",
"pos": "u"}
}
,
{
"node": "l",
"frag": "x",
"id": "P314001.l00657",
"ref": "P314001.7.8",
"inst": "u",
"f": {"lang": "akk-x-neoass",
"form": "x",
"pos": "u"}
}
,
{
"node": "l",
"frag": "x]",
"id": "P314001.l00658",
"ref": "P314001.7.9",
"inst": "u",
"f": {"lang": "akk-x-neoass",
"form": "x",
"pos": "u"}
}
,
{
"node": "d",
"type": "line-start",
"ref": "P314001.8",
"n": "6'",
"label": "o 6'"}
,
{
"node": "l",
"frag": "[x",
"id": "P314001.l00659",
"ref": "P314001.8.1",
"inst": "u",
"f": {"lang": "akk-x-neoass",
"form": "x",
"pos": "u"}
}
,
{
"node": "l",
"frag": "x]",
"id": "P314001.l0065a",
"ref": "P314001.8.2",
"inst": "u",
"f": {"lang": "akk-x-neoass",
"form": "x",
"pos": "u"}
}
,
{
"node": "c",
"type": "phrase",
"tag": "phr",
"id": "P314001.U4",
"ref": "P314001.ls00000",
"cdl": [
{
"node": "l",
"frag": "ina",
"id": "P314001.l0065b",
"ref": "P314001.8.3",
"inst": "ina[in+=within]PRP",
"sig": "@saao/saa01%akk-x-neoass:ina=ina[in//in]PRP'PRP$ina",
"f": {"lang": "akk-x-neoass",
"form": "ina",
"cf": "ina",
"gw": "in",
"sense": "in",
"norm": "ina",
"pos": "PRP",
"epos": "PRP"}
}
,
{
"node": "l",
"frag": "ŠA₃-⸢bi⸣",
"id": "P314001.l0065c",
"ref": "P314001.8.4",
"inst": "libbi[interior]N",
"sig": "@saao/saa01%akk-x-neoass:ŠA₃-bi=libbu[interior//interior]N'N$libbi",
"f": {"lang": "akk-x-neoass",
"form": "ŠA₃-bi",
"cf": "libbu",
"gw": "interior",
"sense": "interior",
"norm": "libbi",
"pos": "N",
"epos": "N"}
}
]}
,
{
"node": "l",
"frag": "[x",
"id": "P314001.l0065d",
"ref": "P314001.8.5",
"inst": "u",
"f": {"lang": "akk-x-neoass",
"form": "x",
"pos": "u"}
}
,
{
"node": "l",
"frag": "x",
"id": "P314001.l0065e",
"ref": "P314001.8.6",
"inst": "u",
"f": {"lang": "akk-x-neoass",
"form": "x",
"pos": "u"}
}
,
{
"node": "l",
"frag": "x",
"id": "P314001.l0065f",
"ref": "P314001.8.7",
"inst": "u",
"f": {"lang": "akk-x-neoass",
"form": "x",
"pos": "u"}
}
,
{
"node": "l",
"frag": "x",
"id": "P314001.l00660",
"ref": "P314001.8.8",
"inst": "u",
"f": {"lang": "akk-x-neoass",
"form": "x",
"pos": "u"}
}
,
{
"node": "l",
"frag": "x]",
"id": "P314001.l00661",
"ref": "P314001.8.9",
"inst": "u",
"f": {"lang": "akk-x-neoass",
"form": "x",
"pos": "u"}
}
,
{
"node": "d",
"type": "nonx",
"ref": "P314001.9",
"strict": "0",
"extent": "rest",
"state": "missing"}
,
{
"node": "d",
"subtype": "reverse",
"type": "surface",
"ref": "P314001.r.10",
"type": "reverse",
"label": "r"}
,
{
"node": "d",
"type": "nonx",
"ref": "P314001.11",
"strict": "0",
"extent": "beginning",
"state": "missing"}
,
{
"node": "d",
"type": "line-start",
"ref": "P314001.12",
"n": "1'",
"label": "r 1'"}
,
{
"node": "l",
"frag": "[x",
"id": "P314001.l00662",
"ref": "P314001.12.1",
"inst": "u",
"f": {"lang": "akk-x-neoass",
"form": "x",
"pos": "u"}
}
,
{
"node": "l",
"frag": "x",
"id": "P314001.l00663",
"ref": "P314001.12.2",
"inst": "u",
"f": {"lang": "akk-x-neoass",
"form": "x",
"pos": "u"}
}
,
{
"node": "l",
"frag": "x]",
"id": "P314001.l00664",
"ref": "P314001.12.3",
"inst": "u",
"f": {"lang": "akk-x-neoass",
"form": "x",
"pos": "u"}
}
,
{
"node": "l",
"frag": "⸢ni",
"id": "P314001.l00665",
"ref": "P314001.12.4",
"inst": "u",
"f": {"lang": "akk-x-neoass",
"form": "ni",
"pos": "u"}
}
,
{
"node": "l",
"frag": "mu⸣",
"id": "P314001.l00666",
"ref": "P314001.12.5",
"inst": "u",
"f": {"lang": "akk-x-neoass",
"form": "mu",
"pos": "u"}
}
,
{
"node": "l",
"frag": "[x",
"id": "P314001.l00667",
"ref": "P314001.12.6",
"inst": "u",
"f": {"lang": "akk-x-neoass",
"form": "x",
"pos": "u"}
}
,
{
"node": "l",
"frag": "x",
"id": "P314001.l00668",
"ref": "P314001.12.7",
"inst": "u",
"f": {"lang": "akk-x-neoass",
"form": "x",
"pos": "u"}
}
,
{
"node": "l",
"frag": "x",
"id": "P314001.l00669",
"ref": "P314001.12.8",
"inst": "u",
"f": {"lang": "akk-x-neoass",
"form": "x",
"pos": "u"}
}
,
{
"node": "l",
"frag": "x]",
"id": "P314001.l0066a",
"ref": "P314001.12.9",
"inst": "u",
"f": {"lang": "akk-x-neoass",
"form": "x",
"pos": "u"}
}
,
{
"node": "d",
"type": "line-start",
"ref": "P314001.13",
"n": "2'",
"label": "r 2'"}
,
{
"node": "l",
"frag": "[mu]-uk\\td",
"id": "P314001.l0066b",
"ref": "P314001.13.1",
"inst": "muk[saying]PRP",
"sig": "@saao/saa01%akk-x-neoass:mu-uk=muk[saying//saying]PRP'PRP$muk",
"f": {"lang": "akk-x-neoass",
"form": "mu-uk",
"cf": "muk",
"gw": "saying",
"sense": "saying",
"norm": "muk",
"pos": "PRP",
"epos": "PRP"}
}
,
{
"node": "l",
"frag": "{1}ul-⸢lu⸣-[su-nu",
"id": "P314001.l0066c",
"ref": "P314001.13.2",
"inst": "Ullusunu[]PN$",
"sig": "@saao/saa01%akk-x-neoass:{1}ul-lu-su-nu=Ullusunu[1//1]PN'PN$Ullusunu",
"f": {"lang": "akk-x-neoass",
"form": "{1}ul-lu-su-nu",
"cf": "Ullusunu",
"gw": "1",
"sense": "1",
"norm": "Ullusunu",
"pos": "PN",
"epos": "PN"}
}
,
{
"node": "l",
"frag": "x",
"id": "P314001.l0066d",
"ref": "P314001.13.3",
"inst": "u",
"f": {"lang": "akk-x-neoass",
"form": "x",
"pos": "u"}
}
,
{
"node": "l",
"frag": "x]",
"id": "P314001.l0066e",
"ref": "P314001.13.4",
"inst": "u",
"f": {"lang": "akk-x-neoass",
"form": "x",
"pos": "u"}
}
,
{
"node": "d",
"type": "line-start",
"ref": "P314001.14",
"n": "3'",
"label": "r 3'"}
,
{
"node": "l",
"frag": "[x",
"id": "P314001.l0066f",
"ref": "P314001.14.1",
"inst": "u",
"f": {"lang": "akk-x-neoass",
"form": "x",
"pos": "u"}
}
,
{
"node": "l",
"frag": "x]",
"id": "P314001.l00670",
"ref": "P314001.14.2",
"inst": "u",
"f": {"lang": "akk-x-neoass",
"form": "x",
"pos": "u"}
}
,
{
"node": "l",
"frag": "⸢x⸣",
"id": "P314001.l00671",
"ref": "P314001.14.3",
"inst": "u",
"f": {"lang": "akk-x-neoass",
"form": "x",
"pos": "u"}
}
,
{
"node": "l",
"frag": "[x",
"id": "P314001.l00672",
"ref": "P314001.14.4",
"inst": "u",
"f": {"lang": "akk-x-neoass",
"form": "x",
"pos": "u"}
}
,
{
"node": "l",
"frag": "x",
"id": "P314001.l00673",
"ref": "P314001.14.5",
"inst": "u",
"f": {"lang": "akk-x-neoass",
"form": "x",
"pos": "u"}
}
,
{
"node": "l",
"frag": "x",
"id": "P314001.l00674",
"ref": "P314001.14.6",
"inst": "u",
"f": {"lang": "akk-x-neoass",
"form": "x",
"pos": "u"}
}
,
{
"node": "l",
"frag": "x",
"id": "P314001.l00675",
"ref": "P314001.14.7",
"inst": "u",
"f": {"lang": "akk-x-neoass",
"form": "x",
"pos": "u"}
}
,
{
"node": "l",
"frag": "x",
"id": "P314001.l00676",
"ref": "P314001.14.8",
"inst": "u",
"f": {"lang": "akk-x-neoass",
"form": "x",
"pos": "u"}
}
,
{
"node": "l",
"frag": "x]",
"id": "P314001.l00677",
"ref": "P314001.14.9",
"inst": "u",
"f": {"lang": "akk-x-neoass",
"form": "x",
"pos": "u"}
}
,
{
"node": "d",
"type": "nonx",
"ref": "P314001.15",
"strict": "0",
"extent": "rest",
"state": "missing"}
]}
]}
]}
,
{
"linkbase": [{
"type": "linkset",
"xlink_title": "ina libbi[in//(in exchange) for]PRP'PRP",
"id": "P314001.ls00000",
"xlink_type": "extended",
"xlink_role": "psu",
"sig": "{ina[in]PRP libbu[interior]N += ina libbi[in//(in exchange) for]PRP'PRP}::@saao%akk-x-neoass:ina=ina[in//into]PRP'PRP$ina++@saao%akk-x-neoass:ŠA₃-bi=libbu[interior//interior]N'N$libbi",
"links": [
{
"type": "link",
"xlink_title": "ina",
"xlink_type": "locator",
"xlink_href": "#P314001.l0065b",
"xlink_role": "elt"}
,
{
"type": "link",
"xlink_title": "libbi",
"xlink_type": "locator",
"xlink_href": "#P314001.l0065c",
"xlink_role": "elt"}
]}
]}
]}
