{
"type": "cdl",
  "source": "http://oracc.org/saao/saa01",
  "license": "This data is released under the CC0 license",
  "license-url": "https://creativecommons.org/publicdomain/zero/1.0/",
  "more-info": "http://oracc.org/doc/opendata/",
  "UTC-timestamp": "2017-05-19T11:22:10",
"project": "saao/saa01",
"textid": "P334211",
"cdl": [
{
"node": "c",
"type": "text",
"id": "P334211.U0",
"cdl": [
{
"node": "d",
"type": "object",
"ref": ""}
,
{
"node": "d",
"subtype": "obverse",
"type": "surface",
"ref": "P334211.o.1",
"type": "obverse",
"label": "o"}
,
{
"node": "c",
"type": "discourse",
"subtype": "body",
"id": "P334211.U1",
"cdl": [
{
"node": "c",
"type": "sentence",
"id": "P334211.U2",
"label": "o 1 - o 18",
"cdl": [
{
"node": "d",
"type": "line-start",
"ref": "P334211.2",
"n": "1",
"label": "o 1"}
,
{
"node": "l",
"frag": "a-na\\td",
"id": "P334211.l052a3",
"ref": "P334211.2.1",
"inst": "ana[to]PRP",
"sig": "@saao/saa01%akk-x-neoass:a-na=ana[to//to]PRP'PRP$ana",
"f": {"lang": "akk-x-neoass",
"form": "a-na",
"cf": "ana",
"gw": "to",
"sense": "to",
"norm": "ana",
"pos": "PRP",
"epos": "PRP"}
}
,
{
"node": "l",
"frag": "⸢LUGAL⸣",
"id": "P334211.l052a4",
"ref": "P334211.2.2",
"inst": "šarri[king]N",
"sig": "@saao/saa01%akk-x-neoass:LUGAL=šarru[king//king]N'N$šarri",
"f": {"lang": "akk-x-neoass",
"form": "LUGAL",
"cf": "šarru",
"gw": "king",
"sense": "king",
"norm": "šarri",
"pos": "N",
"epos": "N"}
}
,
{
"node": "l",
"frag": "EN-⸢ia⸣",
"id": "P334211.l052a5",
"ref": "P334211.2.3",
"inst": "bēlīya[lord]N",
"sig": "@saao/saa01%akk-x-neoass:EN-ia=bēlu[lord//lord]N'N$bēlīya",
"f": {"lang": "akk-x-neoass",
"form": "EN-ia",
"cf": "bēlu",
"gw": "lord",
"sense": "lord",
"norm": "bēlīya",
"pos": "N",
"epos": "N"}
}
,
{
"node": "d",
"type": "line-start",
"ref": "P334211.3",
"n": "2",
"label": "o 2"}
,
{
"node": "l",
"frag": "ARAD-ka",
"id": "P334211.l052a6",
"ref": "P334211.3.1",
"inst": "urdaka[servant]N",
"sig": "@saao/saa01%akk-x-neoass:ARAD-ka=ardu[slave//servant]N'N$urdaka",
"f": {"lang": "akk-x-neoass",
"form": "ARAD-ka",
"cf": "ardu",
"gw": "slave",
"sense": "servant",
"norm": "urdaka",
"pos": "N",
"epos": "N"}
}
,
{
"node": "l",
"frag": "{1}DUMU.UŠ-ia",
"id": "P334211.l052a7",
"ref": "P334211.3.2",
"inst": "Aplaya[1]PN",
"sig": "@saao/saa01%akk-x-neoass:{1}DUMU.UŠ-ia=Aplaya[1//1]PN'PN$Aplaya",
"f": {"lang": "akk-x-neoass",
"form": "{1}DUMU.UŠ-ia",
"cf": "Aplaya",
"gw": "1",
"sense": "1",
"norm": "Aplaya",
"pos": "PN",
"epos": "PN"}
}
,
{
"node": "d",
"type": "line-start",
"ref": "P334211.4",
"n": "3",
"label": "o 3"}
,
{
"node": "l",
"frag": "{1}MAN-lu-da₃-⸢ri⸣",
"id": "P334211.l052a8",
"ref": "P334211.4.1",
"inst": "Šarru-lu-dari[]PN$",
"sig": "@saao/saa01%akk-x-neoass:{1}MAN-lu-da₃-ri=Šarru-lu-dari[1//1]PN'PN$Šarru-lu-dari",
"f": {"lang": "akk-x-neoass",
"form": "{1}MAN-lu-da₃-ri",
"cf": "Šarru-lu-dari",
"gw": "1",
"sense": "1",
"norm": "Šarru-lu-dari",
"pos": "PN",
"epos": "PN"}
}
,
{
"node": "l",
"frag": "{1}HAL-a-ni-aš-šur",
"id": "P334211.l052a9",
"ref": "P334211.4.2",
"inst": "Išmanni-Aššur[1]PN",
"sig": "@saao/saa01%akk-x-neoass:{1}HAL-a-ni-aš-šur=Išmanni-Aššur[1//1]PN'PN$Išmanni-Aššur",
"f": {"lang": "akk-x-neoass",
"form": "{1}HAL-a-ni-aš-šur",
"cf": "Išmanni-Aššur",
"gw": "1",
"sense": "1",
"norm": "Išmanni-Aššur",
"pos": "PN",
"epos": "PN"}
}
,
{
"node": "d",
"type": "line-start",
"ref": "P334211.5",
"n": "4",
"label": "o 4"}
,
{
"node": "l",
"frag": "⸢lu⸣-u",
"id": "P334211.l052aa",
"ref": "P334211.5.1",
"inst": "lū[may]MOD",
"sig": "@saao/saa01%akk-x-neoass:lu-u=lū[may//may]MOD'MOD$lū",
"f": {"lang": "akk-x-neoass",
"form": "lu-u",
"cf": "lū",
"gw": "may",
"sense": "may",
"norm": "lū",
"pos": "MOD",
"epos": "MOD"}
}
,
{
"node": "l",
"frag": "DI-mu",
"id": "P334211.l052ab",
"ref": "P334211.5.2",
"inst": "šulmu[health]N",
"sig": "@saao/saa01%akk-x-neoass:DI-mu=šulmu[completeness//health]N'N$šulmu",
"f": {"lang": "akk-x-neoass",
"form": "DI-mu",
"cf": "šulmu",
"gw": "completeness",
"sense": "health",
"norm": "šulmu",
"pos": "N",
"epos": "N"}
}
,
{
"node": "l",
"frag": "a-⸢na\\td⸣",
"id": "P334211.l052ac",
"ref": "P334211.5.3",
"inst": "ana[to]PRP",
"sig": "@saao/saa01%akk-x-neoass:a-na=ana[to//to]PRP'PRP$ana",
"f": {"lang": "akk-x-neoass",
"form": "a-na",
"cf": "ana",
"gw": "to",
"sense": "to",
"norm": "ana",
"pos": "PRP",
"epos": "PRP"}
}
,
{
"node": "l",
"frag": "LUGAL",
"id": "P334211.l052ad",
"ref": "P334211.5.4",
"inst": "šarri[king]N",
"sig": "@saao/saa01%akk-x-neoass:LUGAL=šarru[king//king]N'N$šarri",
"f": {"lang": "akk-x-neoass",
"form": "LUGAL",
"cf": "šarru",
"gw": "king",
"sense": "king",
"norm": "šarri",
"pos": "N",
"epos": "N"}
}
,
{
"node": "l",
"frag": "EN-⸢ia⸣",
"id": "P334211.l052ae",
"ref": "P334211.5.5",
"inst": "bēlīya[lord]N",
"sig": "@saao/saa01%akk-x-neoass:EN-ia=bēlu[lord//lord]N'N$bēlīya",
"f": {"lang": "akk-x-neoass",
"form": "EN-ia",
"cf": "bēlu",
"gw": "lord",
"sense": "lord",
"norm": "bēlīya",
"pos": "N",
"epos": "N"}
}
,
{
"node": "d",
"type": "line-start",
"ref": "P334211.6",
"n": "5",
"label": "o 5"}
,
{
"node": "l",
"frag": "UD",
"id": "P334211.l052af",
"ref": "P334211.6.1",
"inst": "ūm[day]N",
"sig": "@saao/saa01%akk-x-neoass:UD=ūmu[day//day]N'N$ūm",
"f": {"lang": "akk-x-neoass",
"form": "UD",
"cf": "ūmu",
"gw": "day",
"sense": "day",
"norm": "ūm",
"pos": "N",
"epos": "N"}
}
,
{
"node": "l",
"frag": "10-KAM₂",
"id": "P334211.l052b0",
"ref": "P334211.6.2",
"inst": "n",
"f": {"lang": "akk-x-neoass",
"form": "10-KAM₂",
"pos": "n"}
}
,
{
"node": "l",
"frag": "ša\\tym",
"id": "P334211.l052b1",
"ref": "P334211.6.3",
"inst": "ša[of]DET",
"sig": "@saao/saa01%akk-x-neoass:ša=ša[of//of]DET'DET$ša",
"f": {"lang": "akk-x-neoass",
"form": "ša",
"cf": "ša",
"gw": "of",
"sense": "of",
"norm": "ša",
"pos": "DET",
"epos": "DET"}
}
,
{
"node": "l",
"frag": "{iti}⸢ŠU⸣",
"id": "P334211.l052b2",
"ref": "P334211.6.4",
"inst": "Taʾuzi[Tammuz]MN",
"sig": "@saao/saa01%akk-x-neoass:{ITI}ŠU=Duʾuzu[Tammuz//Tammuz]MN'MN$Taʾuzi",
"f": {"lang": "akk-x-neoass",
"form": "{ITI}ŠU",
"cf": "Duʾuzu",
"gw": "Tammuz",
"sense": "Tammuz",
"norm": "Taʾuzi",
"pos": "MN",
"epos": "MN"}
}
,
{
"node": "d",
"type": "line-start",
"ref": "P334211.7",
"n": "6",
"label": "o 6"}
,
{
"node": "l",
"frag": "{⸢lu₂vy}šag-lu⸣-te\\p",
"id": "P334211.l052b3",
"ref": "P334211.7.1",
"inst": "šuglû[deported//deportee]N$šaglūte",
"sig": "@saao/saa01%akk-x-neoass:{LU₂}šag-lu-te=šuglû[deported//deportee]N'N$šaglūte",
"f": {"lang": "akk-x-neoass",
"form": "{LU₂}šag-lu-te",
"cf": "šuglû",
"gw": "deported",
"sense": "deportee",
"norm": "šaglūte",
"pos": "N",
"epos": "N"}
}
,
{
"node": "l",
"frag": "[x",
"id": "P334211.l052b4",
"ref": "P334211.7.2",
"inst": "u",
"f": {"lang": "akk-x-neoass",
"form": "x",
"pos": "u"}
}
,
{
"node": "l",
"frag": "x",
"id": "P334211.l052b5",
"ref": "P334211.7.3",
"inst": "u",
"f": {"lang": "akk-x-neoass",
"form": "x",
"pos": "u"}
}
,
{
"node": "l",
"frag": "x",
"id": "P334211.l052b6",
"ref": "P334211.7.4",
"inst": "u",
"f": {"lang": "akk-x-neoass",
"form": "x",
"pos": "u"}
}
,
{
"node": "l",
"frag": "x]",
"id": "P334211.l052b7",
"ref": "P334211.7.5",
"inst": "u",
"f": {"lang": "akk-x-neoass",
"form": "x",
"pos": "u"}
}
,
{
"node": "d",
"type": "line-start",
"ref": "P334211.8",
"n": "7",
"label": "o 7"}
,
{
"node": "l",
"frag": "{⸢anše}KUR⸣.RA-MEŠ",
"id": "P334211.l052b8",
"ref": "P334211.8.1",
"inst": "sissê[horse]N",
"sig": "@saao/saa01%akk-x-neoass:{ANŠE}KUR.RA-MEŠ=sisû[horse//horse]N'N$sissê",
"f": {"lang": "akk-x-neoass",
"form": "{ANŠE}KUR.RA-MEŠ",
"cf": "sisû",
"gw": "horse",
"sense": "horse",
"norm": "sissê",
"pos": "N",
"epos": "N"}
}
,
{
"node": "l",
"frag": "[x",
"id": "P334211.l052b9",
"ref": "P334211.8.2",
"inst": "u",
"f": {"lang": "akk-x-neoass",
"form": "x",
"pos": "u"}
}
,
{
"node": "l",
"frag": "x",
"id": "P334211.l052ba",
"ref": "P334211.8.3",
"inst": "u",
"f": {"lang": "akk-x-neoass",
"form": "x",
"pos": "u"}
}
,
{
"node": "l",
"frag": "x",
"id": "P334211.l052bb",
"ref": "P334211.8.4",
"inst": "u",
"f": {"lang": "akk-x-neoass",
"form": "x",
"pos": "u"}
}
,
{
"node": "l",
"frag": "x]",
"id": "P334211.l052bc",
"ref": "P334211.8.5",
"inst": "u",
"f": {"lang": "akk-x-neoass",
"form": "x",
"pos": "u"}
}
,
{
"node": "d",
"type": "line-start",
"ref": "P334211.9",
"n": "8",
"label": "o 8"}
,
{
"node": "l",
"frag": "{še}ki-su-⸢tu₂⸣",
"id": "P334211.l052bd",
"ref": "P334211.9.1",
"inst": "kissutu[fodder]N",
"sig": "@saao/saa01%akk-x-neoass:{ŠE}ki-su-tu₂=kissatu[fodder//fodder]N'N$kissutu",
"f": {"lang": "akk-x-neoass",
"form": "{ŠE}ki-su-tu₂",
"cf": "kissatu",
"gw": "fodder",
"sense": "fodder",
"norm": "kissutu",
"pos": "N",
"epos": "N"}
}
,
{
"node": "l",
"frag": "[x",
"id": "P334211.l052be",
"ref": "P334211.9.2",
"inst": "u",
"f": {"lang": "akk-x-neoass",
"form": "x",
"pos": "u"}
}
,
{
"node": "l",
"frag": "x",
"id": "P334211.l052bf",
"ref": "P334211.9.3",
"inst": "u",
"f": {"lang": "akk-x-neoass",
"form": "x",
"pos": "u"}
}
,
{
"node": "l",
"frag": "x",
"id": "P334211.l052c0",
"ref": "P334211.9.4",
"inst": "u",
"f": {"lang": "akk-x-neoass",
"form": "x",
"pos": "u"}
}
,
{
"node": "l",
"frag": "x]",
"id": "P334211.l052c1",
"ref": "P334211.9.5",
"inst": "u",
"f": {"lang": "akk-x-neoass",
"form": "x",
"pos": "u"}
}
,
{
"node": "d",
"type": "line-start",
"ref": "P334211.10",
"n": "9",
"label": "o 9"}
,
{
"node": "c",
"type": "phrase",
"tag": "phr",
"id": "P334211.U4",
"ref": "P334211.ls00000",
"cdl": [
{
"node": "l",
"frag": "ina",
"id": "P334211.l052c2",
"ref": "P334211.10.1",
"inst": "ina[in+=in]PRP",
"sig": "@saao/saa01%akk-x-neoass:ina=ina[in//in]PRP'PRP$ina",
"f": {"lang": "akk-x-neoass",
"form": "ina",
"cf": "ina",
"gw": "in",
"sense": "in",
"norm": "ina",
"pos": "PRP",
"epos": "PRP"}
}
,
{
"node": "l",
"frag": "ŠA₃",
"id": "P334211.l052c3",
"ref": "P334211.10.2",
"inst": "libbi[interior]N",
"sig": "@saao/saa01%akk-x-neoass:ŠA₃=libbu[interior//interior]N'N$libbi",
"f": {"lang": "akk-x-neoass",
"form": "ŠA₃",
"cf": "libbu",
"gw": "interior",
"sense": "interior",
"norm": "libbi",
"pos": "N",
"epos": "N"}
}
]}
,
{
"node": "l",
"frag": "⸢URU⸣-MEŠ\\m-ni",
"id": "P334211.l052c4",
"ref": "P334211.10.3",
"inst": "ālu[city//town]N$ālānīni",
"sig": "@saao/saa01%akk-x-neoass:URU-MEŠ-ni=ālu[city//town]N'N$ālānīni",
"f": {"lang": "akk-x-neoass",
"form": "URU-MEŠ-ni",
"cf": "ālu",
"gw": "city",
"sense": "town",
"norm": "ālānīni",
"pos": "N",
"epos": "N"}
}
,
{
"node": "l",
"frag": "[x",
"id": "P334211.l052c5",
"ref": "P334211.10.4",
"inst": "u",
"f": {"lang": "akk-x-neoass",
"form": "x",
"pos": "u"}
}
,
{
"node": "l",
"frag": "x",
"id": "P334211.l052c6",
"ref": "P334211.10.5",
"inst": "u",
"f": {"lang": "akk-x-neoass",
"form": "x",
"pos": "u"}
}
,
{
"node": "l",
"frag": "x",
"id": "P334211.l052c7",
"ref": "P334211.10.6",
"inst": "u",
"f": {"lang": "akk-x-neoass",
"form": "x",
"pos": "u"}
}
,
{
"node": "l",
"frag": "x]",
"id": "P334211.l052c8",
"ref": "P334211.10.7",
"inst": "u",
"f": {"lang": "akk-x-neoass",
"form": "x",
"pos": "u"}
}
,
{
"node": "d",
"type": "line-start",
"ref": "P334211.11",
"n": "10",
"label": "o 10"}
,
{
"node": "l",
"frag": "⸢ša\\tym⸣",
"id": "P334211.l052c9",
"ref": "P334211.11.1",
"inst": "ša[of]DET",
"sig": "@saao/saa01%akk-x-neoass:ša=ša[of//of]DET'DET$ša",
"f": {"lang": "akk-x-neoass",
"form": "ša",
"cf": "ša",
"gw": "of",
"sense": "of",
"norm": "ša",
"pos": "DET",
"epos": "DET"}
}
,
{
"node": "l",
"frag": "{lu₂vy}šag-lu-[te",
"id": "P334211.l052ca",
"ref": "P334211.11.2",
"inst": "šaglūte[deportee]N",
"sig": "@saao/saa01%akk-x-neoass:{LU₂}šag-lu-te=šuglû[deported//deportee]N'N$šaglūte",
"f": {"lang": "akk-x-neoass",
"form": "{LU₂}šag-lu-te",
"cf": "šuglû",
"gw": "deported",
"sense": "deportee",
"norm": "šaglūte",
"pos": "N",
"epos": "N"}
}
,
{
"node": "l",
"frag": "x",
"id": "P334211.l052cb",
"ref": "P334211.11.3",
"inst": "u",
"f": {"lang": "akk-x-neoass",
"form": "x",
"pos": "u"}
}
,
{
"node": "l",
"frag": "x",
"id": "P334211.l052cc",
"ref": "P334211.11.4",
"inst": "u",
"f": {"lang": "akk-x-neoass",
"form": "x",
"pos": "u"}
}
,
{
"node": "l",
"frag": "x]",
"id": "P334211.l052cd",
"ref": "P334211.11.5",
"inst": "u",
"f": {"lang": "akk-x-neoass",
"form": "x",
"pos": "u"}
}
,
{
"node": "d",
"type": "line-start",
"ref": "P334211.12",
"n": "11",
"label": "o 11"}
,
{
"node": "l",
"frag": "{še}e-bu-ru-šu₂-nu",
"id": "P334211.l052ce",
"ref": "P334211.12.1",
"inst": "ebūru[harvest]N$ebūrušunu",
"sig": "@saao/saa01%akk-x-neoass:{ŠE}e-bu-ru-šu₂-nu=ebūru[harvest//harvest]N'N$ebūrušunu",
"f": {"lang": "akk-x-neoass",
"form": "{ŠE}e-bu-ru-šu₂-nu",
"cf": "ebūru",
"gw": "harvest",
"sense": "harvest",
"norm": "ebūrušunu",
"pos": "N",
"epos": "N"}
}
,
{
"node": "l",
"frag": "i-di-mi-⸢iq⸣",
"id": "P334211.l052cf",
"ref": "P334211.12.2",
"inst": "damāqu[be(come) good]V$iddimiq",
"sig": "@saao/saa01%akk-x-neoass:i-di-mi-iq=damāqu[be(come) good//be(come) good]V'V$iddimiq",
"f": {"lang": "akk-x-neoass",
"form": "i-di-mi-iq",
"cf": "damāqu",
"gw": "be(come) good",
"sense": "be(come) good",
"norm": "iddimiq",
"pos": "V",
"epos": "V"}
}
,
{
"node": "l",
"frag": "[a-dan-niš]",
"id": "P334211.l052d0",
"ref": "P334211.12.3",
"inst": "adanniš[very much]AV",
"sig": "@saao/saa01%akk-x-neoass:a-dan-niš=adanniš[very much//very much]AV'AV$adanniš",
"f": {"lang": "akk-x-neoass",
"form": "a-dan-niš",
"cf": "adanniš",
"gw": "very much",
"sense": "very much",
"norm": "adanniš",
"pos": "AV",
"epos": "AV"}
}
,
{
"node": "d",
"type": "line-start",
"ref": "P334211.13",
"n": "12",
"label": "o 12"}
,
{
"node": "l",
"frag": "⸢NINDA⸣-MEŠ\\m",
"id": "P334211.l052d1",
"ref": "P334211.13.1",
"inst": "kusāpī[bread]N",
"sig": "@saao/saa01%akk-x-neoass:NINDA-MEŠ=kusāpu[bread//bread]N'N$kusāpī",
"f": {"lang": "akk-x-neoass",
"form": "NINDA-MEŠ",
"cf": "kusāpu",
"gw": "bread",
"sense": "bread",
"norm": "kusāpī",
"pos": "N",
"epos": "N"}
}
,
{
"node": "l",
"frag": "am-mar",
"id": "P334211.l052d2",
"ref": "P334211.13.2",
"inst": "ammar[as many as]REL",
"sig": "@saao/saa01%akk-x-neoass:am-mar=ammar[as much as//as many as]REL'REL$ammar",
"f": {"lang": "akk-x-neoass",
"form": "am-mar",
"cf": "ammar",
"gw": "as much as",
"sense": "as many as",
"norm": "ammar",
"pos": "REL",
"epos": "REL"}
}
,
{
"node": "c",
"type": "phrase",
"tag": "phr",
"id": "P334211.U5",
"ref": "P334211.ls00001",
"cdl": [
{
"node": "l",
"frag": "ina",
"id": "P334211.l052d3",
"ref": "P334211.13.3",
"inst": "ina[in+=at the disposal of]PRP",
"sig": "@saao/saa01%akk-x-neoass:ina=ina[in//in]PRP'PRP$ina",
"f": {"lang": "akk-x-neoass",
"form": "ina",
"cf": "ina",
"gw": "in",
"sense": "in",
"norm": "ina",
"pos": "PRP",
"epos": "PRP"}
}
,
{
"node": "l",
"frag": "[IGI]-šu₂-nu",
"id": "P334211.l052d4",
"ref": "P334211.13.4",
"inst": "pānišunu[front]N",
"sig": "@saao/saa01%akk-x-neoass:IGI-šu₂-nu=pānu[front//front]N'N$pānišunu",
"f": {"lang": "akk-x-neoass",
"form": "IGI-šu₂-nu",
"cf": "pānu",
"gw": "front",
"sense": "front",
"norm": "pānišunu",
"pos": "N",
"epos": "N"}
}
]}
,
{
"node": "l",
"frag": "i-ta-⸢ṣu⸣-ni",
"id": "P334211.l052d5",
"ref": "P334211.13.5",
"inst": "našû[lift//bring]V$ittaṣṣūni",
"sig": "@saao/saa01%akk-x-neoass:i-ta-ṣu-ni=našû[lift//bring]V'V$ittaṣṣūni",
"f": {"lang": "akk-x-neoass",
"form": "i-ta-ṣu-ni",
"cf": "našû",
"gw": "lift",
"sense": "bring",
"norm": "ittaṣṣūni",
"pos": "V",
"epos": "V"}
}
,
{
"node": "d",
"type": "line-start",
"ref": "P334211.14",
"n": "13",
"label": "o 13"}
,
{
"node": "l",
"frag": "{lu₂vy}šag-lu-te",
"id": "P334211.l052d6",
"ref": "P334211.14.1",
"inst": "šaglūte[deportee]N",
"sig": "@saao/saa01%akk-x-neoass:{LU₂}šag-lu-te=šuglû[deported//deportee]N'N$šaglūte",
"f": {"lang": "akk-x-neoass",
"form": "{LU₂}šag-lu-te",
"cf": "šuglû",
"gw": "deported",
"sense": "deportee",
"norm": "šaglūte",
"pos": "N",
"epos": "N"}
}
,
{
"node": "l",
"frag": "{anše}ṣap-pu",
"id": "P334211.l052d7",
"ref": "P334211.14.2",
"inst": "aṣappu[pack animal]N$ṣappu",
"sig": "@saao/saa01%akk-x-neoass:{ANŠE}ṣap-pu=aṣappu[pack animal//pack animal]N'N$ṣappu",
"f": {"lang": "akk-x-neoass",
"form": "{ANŠE}ṣap-pu",
"cf": "aṣappu",
"gw": "pack animal",
"sense": "pack animal",
"norm": "ṣappu",
"pos": "N",
"epos": "N"}
}
,
{
"node": "d",
"type": "line-start",
"ref": "P334211.15",
"n": "14",
"label": "o 14"}
,
{
"node": "l",
"frag": "{še}tab-ku",
"id": "P334211.l052d8",
"ref": "P334211.15.1",
"inst": "tabku[(grain) store]N",
"sig": "@saao/saa01%akk-x-neoass:{ŠE}tab-ku=tabku[(grain) store//(grain) store]N'N$tabku",
"f": {"lang": "akk-x-neoass",
"form": "{ŠE}tab-ku",
"cf": "tabku",
"gw": "(grain) store",
"sense": "(grain) store",
"norm": "tabku",
"pos": "N",
"epos": "N"}
}
,
{
"node": "l",
"frag": "KU₂",
"id": "P334211.l052d9",
"ref": "P334211.15.2",
"inst": "akālu[eat]V$ekkulu",
"sig": "@saao/saa01%akk-x-neoass:KU₂=akālu[eat//eat]V'V$ekkulu",
"f": {"lang": "akk-x-neoass",
"form": "KU₂",
"cf": "akālu",
"gw": "eat",
"sense": "eat",
"norm": "ekkulu",
"pos": "V",
"epos": "V"}
}
,
{
"node": "d",
"type": "line-start",
"ref": "P334211.16",
"n": "15",
"label": "o 15"}
,
{
"node": "l",
"frag": "[x]+⸢x",
"id": "P334211.l052da",
"ref": "P334211.16.1",
"inst": "u",
"f": {"lang": "akk-x-neoass",
"form": "x+x",
"pos": "u"}
}
,
{
"node": "l",
"frag": "a-ki⸣",
"id": "P334211.l052db",
"ref": "P334211.16.2",
"inst": "akī[as, like]PRP",
"sig": "@saao/saa01%akk-x-neoass:a-ki=akī[as//as, like]PRP'PRP$akī",
"f": {"lang": "akk-x-neoass",
"form": "a-ki",
"cf": "akī",
"gw": "as",
"sense": "as, like",
"norm": "akī",
"pos": "PRP",
"epos": "PRP"}
}
,
{
"node": "l",
"frag": "{lu₂vy}ARAD-MEŠ\\m-ni",
"id": "P334211.l052dc",
"ref": "P334211.16.3",
"inst": "urdāni[servant]N",
"sig": "@saao/saa01%akk-x-neoass:{LU₂}ARAD-MEŠ-ni=ardu[slave//servant]N'N$urdāni",
"f": {"lang": "akk-x-neoass",
"form": "{LU₂}ARAD-MEŠ-ni",
"cf": "ardu",
"gw": "slave",
"sense": "servant",
"norm": "urdāni",
"pos": "N",
"epos": "N"}
}
,
{
"node": "l",
"frag": "ša\\tym",
"id": "P334211.l052dd",
"ref": "P334211.16.4",
"inst": "ša[of]DET",
"sig": "@saao/saa01%akk-x-neoass:ša=ša[of//of]DET'DET$ša",
"f": {"lang": "akk-x-neoass",
"form": "ša",
"cf": "ša",
"gw": "of",
"sense": "of",
"norm": "ša",
"pos": "DET",
"epos": "DET"}
}
,
{
"node": "l",
"frag": "LUGAL",
"id": "P334211.l052de",
"ref": "P334211.16.5",
"inst": "šarri[king]N",
"sig": "@saao/saa01%akk-x-neoass:LUGAL=šarru[king//king]N'N$šarri",
"f": {"lang": "akk-x-neoass",
"form": "LUGAL",
"cf": "šarru",
"gw": "king",
"sense": "king",
"norm": "šarri",
"pos": "N",
"epos": "N"}
}
,
{
"node": "d",
"type": "line-start",
"ref": "P334211.17",
"n": "16",
"label": "o 16"}
,
{
"node": "l",
"frag": "[x",
"id": "P334211.l052df",
"ref": "P334211.17.1",
"inst": "u",
"f": {"lang": "akk-x-neoass",
"form": "x",
"pos": "u"}
}
,
{
"node": "l",
"frag": "x",
"id": "P334211.l052e0",
"ref": "P334211.17.2",
"inst": "u",
"f": {"lang": "akk-x-neoass",
"form": "x",
"pos": "u"}
}
,
{
"node": "l",
"frag": "x]-a",
"id": "P334211.l052e1",
"ref": "P334211.17.3",
"inst": "u",
"f": {"lang": "akk-x-neoass",
"form": "x-a",
"pos": "u"}
}
,
{
"node": "l",
"frag": "a-na\\td",
"id": "P334211.l052e2",
"ref": "P334211.17.4",
"inst": "ana[to]PRP",
"sig": "@saao/saa01%akk-x-neoass:a-na=ana[to//to]PRP'PRP$ana",
"f": {"lang": "akk-x-neoass",
"form": "a-na",
"cf": "ana",
"gw": "to",
"sense": "to",
"norm": "ana",
"pos": "PRP",
"epos": "PRP"}
}
,
{
"node": "l",
"frag": "{lu₂vy}šag-lu-te",
"id": "P334211.l052e3",
"ref": "P334211.17.5",
"inst": "šaglūte[deportee]N",
"sig": "@saao/saa01%akk-x-neoass:{LU₂}šag-lu-te=šuglû[deported//deportee]N'N$šaglūte",
"f": {"lang": "akk-x-neoass",
"form": "{LU₂}šag-lu-te",
"cf": "šuglû",
"gw": "deported",
"sense": "deportee",
"norm": "šaglūte",
"pos": "N",
"epos": "N"}
}
,
{
"node": "d",
"type": "line-start",
"ref": "P334211.18",
"n": "17",
"label": "o 17"}
,
{
"node": "l",
"frag": "[x",
"id": "P334211.l052e4",
"ref": "P334211.18.1",
"inst": "u",
"f": {"lang": "akk-x-neoass",
"form": "x",
"pos": "u"}
}
,
{
"node": "l",
"frag": "x",
"id": "P334211.l052e5",
"ref": "P334211.18.2",
"inst": "u",
"f": {"lang": "akk-x-neoass",
"form": "x",
"pos": "u"}
}
,
{
"node": "l",
"frag": "x]",
"id": "P334211.l052e6",
"ref": "P334211.18.3",
"inst": "u",
"f": {"lang": "akk-x-neoass",
"form": "x",
"pos": "u"}
}
,
{
"node": "l",
"frag": "a-na\\td",
"id": "P334211.l052e7",
"ref": "P334211.18.4",
"inst": "ana[to]PRP",
"sig": "@saao/saa01%akk-x-neoass:a-na=ana[to//to]PRP'PRP$ana",
"f": {"lang": "akk-x-neoass",
"form": "a-na",
"cf": "ana",
"gw": "to",
"sense": "to",
"norm": "ana",
"pos": "PRP",
"epos": "PRP"}
}
,
{
"node": "l",
"frag": "a-ṣap-pi",
"id": "P334211.l052e8",
"ref": "P334211.18.5",
"inst": "aṣappi[pack animal]N",
"sig": "@saao/saa01%akk-x-neoass:a-ṣap-pi=aṣappu[pack animal//pack animal]N'N$aṣappi",
"f": {"lang": "akk-x-neoass",
"form": "a-ṣap-pi",
"cf": "aṣappu",
"gw": "pack animal",
"sense": "pack animal",
"norm": "aṣappi",
"pos": "N",
"epos": "N"}
}
,
{
"node": "d",
"type": "line-start",
"ref": "P334211.19",
"n": "18",
"label": "o 18"}
,
{
"node": "l",
"frag": "[ŠA₃-bu",
"id": "P334211.l052e9",
"ref": "P334211.19.1",
"inst": "libbu[mood]N",
"sig": "@saao/saa01%akk-x-neoass:ŠA₃-bu=libbu[interior//mood]N'N$libbu",
"f": {"lang": "akk-x-neoass",
"form": "ŠA₃-bu",
"cf": "libbu",
"gw": "interior",
"sense": "mood",
"norm": "libbu",
"pos": "N",
"epos": "N"}
}
,
{
"node": "l",
"frag": "ša]",
"id": "P334211.l052ea",
"ref": "P334211.19.2",
"inst": "ša[of]DET",
"sig": "@saao/saa01%akk-x-neoass:ša=ša[of//of]DET'DET$ša",
"f": {"lang": "akk-x-neoass",
"form": "ša",
"cf": "ša",
"gw": "of",
"sense": "of",
"norm": "ša",
"pos": "DET",
"epos": "DET"}
}
,
{
"node": "l",
"frag": "LUGAL",
"id": "P334211.l052eb",
"ref": "P334211.19.3",
"inst": "šarri[king]N",
"sig": "@saao/saa01%akk-x-neoass:LUGAL=šarru[king//king]N'N$šarri",
"f": {"lang": "akk-x-neoass",
"form": "LUGAL",
"cf": "šarru",
"gw": "king",
"sense": "king",
"norm": "šarri",
"pos": "N",
"epos": "N"}
}
,
{
"node": "l",
"frag": "EN-ia",
"id": "P334211.l052ec",
"ref": "P334211.19.4",
"inst": "bēlīya[lord]N",
"sig": "@saao/saa01%akk-x-neoass:EN-ia=bēlu[lord//lord]N'N$bēlīya",
"f": {"lang": "akk-x-neoass",
"form": "EN-ia",
"cf": "bēlu",
"gw": "lord",
"sense": "lord",
"norm": "bēlīya",
"pos": "N",
"epos": "N"}
}
,
{
"node": "l",
"frag": "lu",
"id": "P334211.l052ed",
"ref": "P334211.19.5",
"inst": "lū[may]MOD",
"sig": "@saao/saa01%akk-x-neoass:lu=lū[may//may]MOD'MOD$lū",
"f": {"lang": "akk-x-neoass",
"form": "lu",
"cf": "lū",
"gw": "may",
"sense": "may",
"norm": "lū",
"pos": "MOD",
"epos": "MOD"}
}
,
{
"node": "l",
"frag": "DUG₃.GA",
"id": "P334211.l052ee",
"ref": "P334211.19.6",
"inst": "ṭāb[good]AJ",
"sig": "@saao/saa01%akk-x-neoass:DUG₃.GA=ṭābu[good//good]AJ'AJ$ṭāb",
"f": {"lang": "akk-x-neoass",
"form": "DUG₃.GA",
"cf": "ṭābu",
"gw": "good",
"sense": "good",
"norm": "ṭāb",
"pos": "AJ",
"epos": "AJ"}
}
,
{
"node": "d",
"subtype": "reverse",
"type": "surface",
"ref": "P334211.r.20",
"type": "reverse",
"label": "r"}
,
{
"node": "d",
"type": "nonx",
"ref": "P334211.21",
"strict": "0",
"state": "other"}
]}
]}
]}
,
{
"linkbase": [{
"type": "linkset",
"xlink_title": "ina libbi[in//(in exchange) for]PRP'PRP",
"id": "P334211.ls00000",
"xlink_type": "extended",
"xlink_role": "psu",
"sig": "{ina[in]PRP libbu[interior]N += ina libbi[in//(in exchange) for]PRP'PRP}::@saao%akk-x-neoass:ina=ina[in//into]PRP'PRP$ina++@saao%akk-x-neoass:ŠA₃=libbu[interior//interior]N'N$libbi",
"links": [
{
"type": "link",
"xlink_title": "ina",
"xlink_type": "locator",
"xlink_href": "#P334211.l052c2",
"xlink_role": "elt"}
,
{
"type": "link",
"xlink_title": "libbi",
"xlink_type": "locator",
"xlink_href": "#P334211.l052c3",
"xlink_role": "elt"}
]}
,
{
"type": "linkset",
"xlink_title": "ina pān[in the presence of//at the disposal of]PRP'PRP",
"id": "P334211.ls00001",
"xlink_type": "extended",
"xlink_role": "psu",
"sig": "{ina[in]PRP pānu[front]N += ina pān[in the presence of//at the disposal of]PRP'PRP}::@saao%akk-x-neoass:ina=ina[in//into]PRP'PRP$ina++@saao%akk-x-neoass:IGI-šu₂-nu=pānu[front//front]N'N$pānišunu",
"links": [
{
"type": "link",
"xlink_title": "ina",
"xlink_type": "locator",
"xlink_href": "#P334211.l052d3",
"xlink_role": "elt"}
,
{
"type": "link",
"xlink_title": "pānišunu",
"xlink_type": "locator",
"xlink_href": "#P334211.l052d4",
"xlink_role": "elt"}
]}
]}
]}
