{
"type": "cdl",
  "source": "http://oracc.org/saao/saa01",
  "license": "This data is released under the CC0 license",
  "license-url": "https://creativecommons.org/publicdomain/zero/1.0/",
  "more-info": "http://oracc.org/doc/opendata/",
  "UTC-timestamp": "2017-05-19T11:22:06",
"project": "saao/saa01",
"textid": "P334120",
"cdl": [
{
"node": "c",
"type": "text",
"id": "P334120.U0",
"cdl": [
{
"node": "d",
"type": "object",
"ref": ""}
,
{
"node": "d",
"subtype": "obverse",
"type": "surface",
"ref": "P334120.o.1",
"type": "obverse",
"label": "o"}
,
{
"node": "c",
"type": "discourse",
"subtype": "body",
"id": "P334120.U1",
"cdl": [
{
"node": "c",
"type": "sentence",
"id": "P334120.U2",
"label": "o 1 - r 6",
"cdl": [
{
"node": "d",
"type": "line-start",
"ref": "P334120.2",
"n": "1",
"label": "o 1"}
,
{
"node": "l",
"frag": "a-na",
"id": "P334120.l03e59",
"ref": "P334120.2.1",
"inst": "ana[to]PRP",
"sig": "@saao/saa01%akk-x-neoass:a-na=ana[to//to]PRP'PRP$ana",
"f": {"lang": "akk-x-neoass",
"form": "a-na",
"cf": "ana",
"gw": "to",
"sense": "to",
"norm": "ana",
"pos": "PRP",
"epos": "PRP"}
}
,
{
"node": "l",
"frag": "DUMU-LUGAL",
"id": "P334120.l03e5a",
"ref": "P334120.2.2",
"cof-tails": "P334120.l03e5b",
"inst": "māru[son]N$mār&šarru[king]N$šarri",
"sig": "@saao/saa01%akk-x-neoass:DUMU-LUGAL=māru[son//son]N'N$mār&&@saao%akk-x-neoass:=šarru[king//king]N'N$šarri",
"f": {"lang": "akk-x-neoass",
"form": "DUMU-LUGAL",
"cf": "māru",
"gw": "son",
"sense": "son",
"norm": "mār",
"pos": "N",
"epos": "N"}
}
,
{
"node": "l",
"frag": "DUMU-LUGAL",
"id": "P334120.l03e5b",
"ref": "P334120.2.2",
"cof-head": "P334120.l03e5a",
"inst": "māru[son]N$mār&šarru[king]N$šarri",
"tail-sig": "@saao%akk-x-neoass:=šarru[king//king]N'N$šarri",
"f": {"lang": "akk-x-neoass",
"form": "DUMU-LUGAL",
"cf": "šarru",
"gw": "king",
"sense": "king",
"norm": "šarri",
"pos": "N",
"epos": "N"}
}
,
{
"node": "l",
"frag": "EN-ia",
"id": "P334120.l03e5c",
"ref": "P334120.2.3",
"inst": "bēlīya[lord]N",
"sig": "@saao/saa01%akk-x-neoass:EN-ia=bēlu[lord//lord]N'N$bēlīya",
"f": {"lang": "akk-x-neoass",
"form": "EN-ia",
"cf": "bēlu",
"gw": "lord",
"sense": "lord",
"norm": "bēlīya",
"pos": "N",
"epos": "N"}
}
,
{
"node": "d",
"type": "line-start",
"ref": "P334120.3",
"n": "2",
"label": "o 2"}
,
{
"node": "l",
"frag": "ARAD-ka",
"id": "P334120.l03e5d",
"ref": "P334120.3.1",
"inst": "urdaka[servant]N",
"sig": "@saao/saa01%akk-x-neoass:ARAD-ka=ardu[slave//servant]N'N$urdaka",
"f": {"lang": "akk-x-neoass",
"form": "ARAD-ka",
"cf": "ardu",
"gw": "slave",
"sense": "servant",
"norm": "urdaka",
"pos": "N",
"epos": "N"}
}
,
{
"node": "l",
"frag": "{1}{d}PA-SU-PAB-MEŠ",
"id": "P334120.l03e5e",
"ref": "P334120.3.2",
"inst": "Nabu-riba-ahhe[]PN$",
"sig": "@saao/saa01%akk-x-neoass:{1}{d}PA-SU-PAB-MEŠ=Nabu-riba-ahhe[1//1]PN'PN$Nabu-riba-ahhe",
"f": {"lang": "akk-x-neoass",
"form": "{1}{d}PA-SU-PAB-MEŠ",
"cf": "Nabu-riba-ahhe",
"gw": "1",
"sense": "1",
"norm": "Nabu-riba-ahhe",
"pos": "PN",
"epos": "PN"}
}
,
{
"node": "d",
"type": "line-start",
"ref": "P334120.4",
"n": "3",
"label": "o 3"}
,
{
"node": "l",
"frag": "lu",
"id": "P334120.l03e5f",
"ref": "P334120.4.1",
"inst": "lū[may]MOD",
"sig": "@saao/saa01%akk-x-neoass:lu=lū[may//may]MOD'MOD$lū",
"f": {"lang": "akk-x-neoass",
"form": "lu",
"cf": "lū",
"gw": "may",
"sense": "may",
"norm": "lū",
"pos": "MOD",
"epos": "MOD"}
}
,
{
"node": "l",
"frag": "DI-mu",
"id": "P334120.l03e60",
"ref": "P334120.4.2",
"inst": "šulmu[health]N",
"sig": "@saao/saa01%akk-x-neoass:DI-mu=šulmu[completeness//health]N'N$šulmu",
"f": {"lang": "akk-x-neoass",
"form": "DI-mu",
"cf": "šulmu",
"gw": "completeness",
"sense": "health",
"norm": "šulmu",
"pos": "N",
"epos": "N"}
}
,
{
"node": "l",
"frag": "a-na",
"id": "P334120.l03e61",
"ref": "P334120.4.3",
"inst": "ana[to]PRP",
"sig": "@saao/saa01%akk-x-neoass:a-na=ana[to//to]PRP'PRP$ana",
"f": {"lang": "akk-x-neoass",
"form": "a-na",
"cf": "ana",
"gw": "to",
"sense": "to",
"norm": "ana",
"pos": "PRP",
"epos": "PRP"}
}
,
{
"node": "l",
"frag": "DUMU-LUGAL",
"id": "P334120.l03e62",
"ref": "P334120.4.4",
"cof-tails": "P334120.l03e63",
"inst": "māru[son]N$mār&šarru[king]N$šarri",
"sig": "@saao/saa01%akk-x-neoass:DUMU-LUGAL=māru[son//son]N'N$mār&&@saao%akk-x-neoass:=šarru[king//king]N'N$šarri",
"f": {"lang": "akk-x-neoass",
"form": "DUMU-LUGAL",
"cf": "māru",
"gw": "son",
"sense": "son",
"norm": "mār",
"pos": "N",
"epos": "N"}
}
,
{
"node": "l",
"frag": "DUMU-LUGAL",
"id": "P334120.l03e63",
"ref": "P334120.4.4",
"cof-head": "P334120.l03e62",
"inst": "māru[son]N$mār&šarru[king]N$šarri",
"tail-sig": "@saao%akk-x-neoass:=šarru[king//king]N'N$šarri",
"f": {"lang": "akk-x-neoass",
"form": "DUMU-LUGAL",
"cf": "šarru",
"gw": "king",
"sense": "king",
"norm": "šarri",
"pos": "N",
"epos": "N"}
}
,
{
"node": "l",
"frag": "EN-ia₂",
"id": "P334120.l03e64",
"ref": "P334120.4.5",
"inst": "bēlīya[lord]N",
"sig": "@saao/saa01%akk-x-neoass:EN-ia₂=bēlu[lord//lord]N'N$bēlīya",
"f": {"lang": "akk-x-neoass",
"form": "EN-ia₂",
"cf": "bēlu",
"gw": "lord",
"sense": "lord",
"norm": "bēlīya",
"pos": "N",
"epos": "N"}
}
,
{
"node": "d",
"type": "line-start",
"ref": "P334120.5",
"n": "4",
"label": "o 4"}
,
{
"node": "l",
"frag": "DI-mu",
"id": "P334120.l03e65",
"ref": "P334120.5.1",
"inst": "šulmu[health]N",
"sig": "@saao/saa01%akk-x-neoass:DI-mu=šulmu[completeness//health]N'N$šulmu",
"f": {"lang": "akk-x-neoass",
"form": "DI-mu",
"cf": "šulmu",
"gw": "completeness",
"sense": "health",
"norm": "šulmu",
"pos": "N",
"epos": "N"}
}
,
{
"node": "l",
"frag": "a-na",
"id": "P334120.l03e66",
"ref": "P334120.5.2",
"inst": "ana[to]PRP",
"sig": "@saao/saa01%akk-x-neoass:a-na=ana[to//to]PRP'PRP$ana",
"f": {"lang": "akk-x-neoass",
"form": "a-na",
"cf": "ana",
"gw": "to",
"sense": "to",
"norm": "ana",
"pos": "PRP",
"epos": "PRP"}
}
,
{
"node": "l",
"frag": "ma-ṣar-a-te",
"id": "P334120.l03e67",
"ref": "P334120.5.3",
"inst": "maṣṣartu[observation//guard]N$maṣṣarāte",
"sig": "@saao/saa01%akk-x-neoass:ma-ṣar-a-te=maṣṣartu[observation//guard]N'N$maṣṣarāte",
"f": {"lang": "akk-x-neoass",
"form": "ma-ṣar-a-te",
"cf": "maṣṣartu",
"gw": "observation",
"sense": "guard",
"norm": "maṣṣarāte",
"pos": "N",
"epos": "N"}
}
,
{
"node": "d",
"type": "line-start",
"ref": "P334120.6",
"n": "5",
"label": "o 5"}
,
{
"node": "l",
"frag": "a-dan-niš",
"id": "P334120.l03e68",
"ref": "P334120.6.1",
"inst": "adanniš[very much]AV",
"sig": "@saao/saa01%akk-x-neoass:a-dan-niš=adanniš[very much//very much]AV'AV$adanniš",
"f": {"lang": "akk-x-neoass",
"form": "a-dan-niš",
"cf": "adanniš",
"gw": "very much",
"sense": "very much",
"norm": "adanniš",
"pos": "AV",
"epos": "AV"}
}
,
{
"node": "d",
"type": "line-start",
"ref": "P334120.7",
"n": "6",
"label": "o 6"}
,
{
"node": "l",
"frag": "{uru}ṣi-du-na-a.a",
"id": "P334120.l03e69",
"ref": "P334120.7.1",
"inst": "Ṣidunaya[Sidonite]EN$",
"sig": "@saao/saa01%akk-x-neoass:{URU}ṣi-du-na-a.a=Ṣidunaya[Sidonite//Sidonite]EN'EN$Ṣidunaya",
"f": {"lang": "akk-x-neoass",
"form": "{URU}ṣi-du-na-a.a",
"cf": "Ṣidunaya",
"gw": "Sidonite",
"sense": "Sidonite",
"norm": "Ṣidunaya",
"pos": "EN",
"epos": "EN"}
}
,
{
"node": "d",
"type": "line-start",
"ref": "P334120.8",
"n": "7",
"label": "o 7"}
,
{
"node": "l",
"frag": "{lu₂vy}SAG.⸢DU⸣-MEŠ-te",
"id": "P334120.l03e6a",
"ref": "P334120.8.1",
"inst": "qaqqadu[head]N$kaqqadāte",
"sig": "@saao/saa01%akk-x-neoass:{LU₂}SAG.DU-MEŠ-te=qaqqadu[head//head]N'N$kaqqadāte",
"f": {"lang": "akk-x-neoass",
"form": "{LU₂}SAG.DU-MEŠ-te",
"cf": "qaqqadu",
"gw": "head",
"sense": "head",
"norm": "kaqqadāte",
"pos": "N",
"epos": "N"}
}
,
{
"node": "d",
"type": "line-start",
"ref": "P334120.9",
"n": "8",
"label": "o 8"}
,
{
"node": "l",
"frag": "la-a",
"id": "P334120.l03e6b",
"ref": "P334120.9.1",
"inst": "lā[not]MOD",
"sig": "@saao/saa01%akk-x-neoass:la-a=lā[not//not]MOD'MOD$lā",
"f": {"lang": "akk-x-neoass",
"form": "la-a",
"cf": "lā",
"gw": "not",
"sense": "not",
"norm": "lā",
"pos": "MOD",
"epos": "MOD"}
}
,
{
"node": "l",
"frag": "TA@v\\m",
"id": "P334120.l03e6c",
"ref": "P334120.9.2",
"inst": "issi[with]PRP",
"sig": "@saao/saa01%akk-x-neoass:TA@v=išti[with//with]PRP'PRP$issi",
"f": {"lang": "akk-x-neoass",
"form": "TA@v",
"cf": "išti",
"gw": "with",
"sense": "with",
"norm": "issi",
"pos": "PRP",
"epos": "PRP"}
}
,
{
"node": "l",
"frag": "DUMU-LUGAL",
"id": "P334120.l03e6d",
"ref": "P334120.9.3",
"cof-tails": "P334120.l03e6e",
"inst": "māru[son]N$mār&šarru[king]N$šarri",
"sig": "@saao/saa01%akk-x-neoass:DUMU-LUGAL=māru[son//son]N'N$mār&&@saao%akk-x-neoass:=šarru[king//king]N'N$šarri",
"f": {"lang": "akk-x-neoass",
"form": "DUMU-LUGAL",
"cf": "māru",
"gw": "son",
"sense": "son",
"norm": "mār",
"pos": "N",
"epos": "N"}
}
,
{
"node": "l",
"frag": "DUMU-LUGAL",
"id": "P334120.l03e6e",
"ref": "P334120.9.3",
"cof-head": "P334120.l03e6d",
"inst": "māru[son]N$mār&šarru[king]N$šarri",
"tail-sig": "@saao%akk-x-neoass:=šarru[king//king]N'N$šarri",
"f": {"lang": "akk-x-neoass",
"form": "DUMU-LUGAL",
"cf": "šarru",
"gw": "king",
"sense": "king",
"norm": "šarri",
"pos": "N",
"epos": "N"}
}
,
{
"node": "d",
"type": "line-start",
"ref": "P334120.10",
"n": "9",
"label": "o 9"}
,
{
"node": "l",
"frag": "EN-ia",
"id": "P334120.l03e6f",
"ref": "P334120.10.1",
"inst": "bēlīya[lord]N",
"sig": "@saao/saa01%akk-x-neoass:EN-ia=bēlu[lord//lord]N'N$bēlīya",
"f": {"lang": "akk-x-neoass",
"form": "EN-ia",
"cf": "bēlu",
"gw": "lord",
"sense": "lord",
"norm": "bēlīya",
"pos": "N",
"epos": "N"}
}
,
{
"node": "l",
"frag": "ina",
"id": "P334120.l03e70",
"ref": "P334120.10.2",
"inst": "ina[in//to]PRP$",
"sig": "@saao/saa01%akk-x-neoass:ina=ina[in//to]PRP'PRP$ina",
"f": {"lang": "akk-x-neoass",
"form": "ina",
"cf": "ina",
"gw": "in",
"sense": "to",
"norm": "ina",
"pos": "PRP",
"epos": "PRP"}
}
,
{
"node": "l",
"frag": "{uru}kal₃-ha",
"id": "P334120.l03e71",
"ref": "P334120.10.3",
"inst": "Kalhu[]GN$Kalha",
"sig": "@saao/saa01%akk-x-neoass:{URU}kal₃-ha=Kalhu[1//1]GN'GN$Kalha",
"f": {"lang": "akk-x-neoass",
"form": "{URU}kal₃-ha",
"cf": "Kalhu",
"gw": "1",
"sense": "1",
"norm": "Kalha",
"pos": "GN",
"epos": "GN"}
}
,
{
"node": "d",
"subtype": "bottom",
"type": "surface",
"ref": "P334120.b.e..11",
"type": "bottom",
"label": "b.e."}
,
{
"node": "d",
"type": "line-start",
"ref": "P334120.12",
"n": "10",
"label": "b.e. 10"}
,
{
"node": "l",
"frag": "il-li-ku",
"id": "P334120.l03e72",
"ref": "P334120.12.1",
"inst": "illiku[go]V",
"sig": "@saao/saa01%akk-x-neoass:il-li-ku=alāku[go//go]V'V$illiku",
"f": {"lang": "akk-x-neoass",
"form": "il-li-ku",
"cf": "alāku",
"gw": "go",
"sense": "go",
"norm": "illiku",
"pos": "V",
"epos": "V"}
}
,
{
"node": "d",
"subtype": "reverse",
"type": "surface",
"ref": "P334120.r.13",
"type": "reverse",
"label": "r"}
,
{
"node": "d",
"type": "line-start",
"ref": "P334120.14",
"n": "1",
"label": "r 1"}
,
{
"node": "l",
"frag": "la-a",
"id": "P334120.l03e73",
"ref": "P334120.14.1",
"inst": "lā[not]MOD",
"sig": "@saao/saa01%akk-x-neoass:la-a=lā[not//not]MOD'MOD$lā",
"f": {"lang": "akk-x-neoass",
"form": "la-a",
"cf": "lā",
"gw": "not",
"sense": "not",
"norm": "lā",
"pos": "MOD",
"epos": "MOD"}
}
,
{
"node": "l",
"frag": "ina",
"id": "P334120.l03e74",
"ref": "P334120.14.2",
"inst": "ina[in]PRP",
"sig": "@saao/saa01%akk-x-neoass:ina=ina[in//in]PRP'PRP$ina",
"f": {"lang": "akk-x-neoass",
"form": "ina",
"cf": "ina",
"gw": "in",
"sense": "in",
"norm": "ina",
"pos": "PRP",
"epos": "PRP"}
}
,
{
"node": "l",
"frag": "ma-ṣar-te",
"id": "P334120.l03e75",
"ref": "P334120.14.3",
"inst": "maṣṣarte[guard]N",
"sig": "@saao/saa01%akk-x-neoass:ma-ṣar-te=maṣṣartu[observation//guard]N'N$maṣṣarte",
"f": {"lang": "akk-x-neoass",
"form": "ma-ṣar-te",
"cf": "maṣṣartu",
"gw": "observation",
"sense": "guard",
"norm": "maṣṣarte",
"pos": "N",
"epos": "N"}
}
,
{
"node": "d",
"type": "line-start",
"ref": "P334120.15",
"n": "2",
"label": "r 2"}
,
{
"node": "l",
"frag": "ša",
"id": "P334120.l03e76",
"ref": "P334120.15.1",
"inst": "ša[of]DET",
"sig": "@saao/saa01%akk-x-neoass:ša=ša[of//of]DET'DET$ša",
"f": {"lang": "akk-x-neoass",
"form": "ša",
"cf": "ša",
"gw": "of",
"sense": "of",
"norm": "ša",
"pos": "DET",
"epos": "DET"}
}
,
{
"node": "l",
"frag": "{uru}ni-nu-a",
"id": "P334120.l03e77",
"ref": "P334120.15.2",
"inst": "Ninua[Nineveh]GN",
"sig": "@saao/saa01%akk-x-neoass:{URU}ni-nu-a=Ninua[Nineveh//Nineveh]GN'GN$Ninua",
"f": {"lang": "akk-x-neoass",
"form": "{URU}ni-nu-a",
"cf": "Ninua",
"gw": "Nineveh",
"sense": "Nineveh",
"norm": "Ninua",
"pos": "GN",
"epos": "GN"}
}
,
{
"node": "d",
"type": "line-start",
"ref": "P334120.16",
"n": "3",
"label": "r 3"}
,
{
"node": "l",
"frag": "i-za-zu",
"id": "P334120.l03e78",
"ref": "P334120.16.1",
"inst": "izzazzu[stand]V",
"sig": "@saao/saa01%akk-x-neoass:i-za-zu=izuzzu[stand//stand]V'V$izzazzu",
"f": {"lang": "akk-x-neoass",
"form": "i-za-zu",
"cf": "izuzzu",
"gw": "stand",
"sense": "stand",
"norm": "izzazzu",
"pos": "V",
"epos": "V"}
}
,
{
"node": "d",
"type": "line-start",
"ref": "P334120.17",
"n": "4",
"label": "r 4"}
,
{
"node": "l",
"frag": "qab-si",
"id": "P334120.l03e79",
"ref": "P334120.17.1",
"inst": "!+qabaltu[middle//in the middle of]N'PRP$qabsi",
"sig": "@saao/saa01%akk-x-neoass:qab-si=qabaltu[middle//in the middle of]N'PRP$qabsi",
"f": {"lang": "akk-x-neoass",
"form": "qab-si",
"cf": "qabaltu",
"gw": "middle",
"sense": "in the middle of",
"norm": "qabsi",
"pos": "N",
"epos": "PRP"}
}
,
{
"node": "l",
"frag": "URU",
"id": "P334120.l03e7a",
"ref": "P334120.17.2",
"inst": "!āli[town]N",
"sig": "@saao/saa01%akk-x-neoass:URU=ālu[city//town]N'N$āli",
"f": {"lang": "akk-x-neoass",
"form": "URU",
"cf": "ālu",
"gw": "city",
"sense": "town",
"norm": "āli",
"pos": "N",
"epos": "N"}
}
,
{
"node": "l",
"frag": "i-du-lu",
"id": "P334120.l03e7b",
"ref": "P334120.17.3",
"inst": "idullu[run about]V",
"sig": "@saao/saa01%akk-x-neoass:i-du-lu=dâlu[move//run about]V'V$idullu",
"f": {"lang": "akk-x-neoass",
"form": "i-du-lu",
"cf": "dâlu",
"gw": "move",
"sense": "run about",
"norm": "idullu",
"pos": "V",
"epos": "V"}
}
,
{
"node": "d",
"type": "line-start",
"ref": "P334120.18",
"n": "5",
"label": "r 5"}
,
{
"node": "l",
"frag": "ia-mu-tu",
"id": "P334120.l03e7c",
"ref": "P334120.18.1",
"inst": "yāmuttu[each]XP",
"sig": "@saao/saa01%akk-x-neoass:ia-mu-tu=yamattu[each//each]XP'XP$yāmuttu",
"f": {"lang": "akk-x-neoass",
"form": "ia-mu-tu",
"cf": "yamattu",
"gw": "each",
"sense": "each",
"norm": "yāmuttu",
"pos": "XP",
"epos": "XP"}
}
,
{
"node": "d",
"type": "line-start",
"ref": "P334120.19",
"n": "6",
"label": "r 6"}
,
{
"node": "l",
"frag": "ina",
"id": "P334120.l03e7d",
"ref": "P334120.19.1",
"inst": "ina[in]PRP",
"sig": "@saao/saa01%akk-x-neoass:ina=ina[in//in]PRP'PRP$ina",
"f": {"lang": "akk-x-neoass",
"form": "ina",
"cf": "ina",
"gw": "in",
"sense": "in",
"norm": "ina",
"pos": "PRP",
"epos": "PRP"}
}
,
{
"node": "c",
"type": "phrase",
"tag": "phr",
"id": "P334120.U4",
"ref": "P334120.ls00000",
"cdl": [
{
"node": "l",
"frag": "E₂-ub-re-e-šu₂",
"id": "P334120.l03e7e",
"ref": "P334120.19.2",
"cof-tails": "P334120.l03e7f",
"inst": "bītu[house]N$bēt&wabru[stranger]N$ubrēšu",
"sig": "@saao/saa01%akk-x-neoass:E₂-ub-re-e-šu₂=bītu[house//house]N'N$bēt&&@saao%akk-x-neoass:=wabru[stranger//stranger]N'N$ubrēšu",
"f": {"lang": "akk-x-neoass",
"form": "E₂-ub-re-e-šu₂",
"cf": "bītu",
"gw": "house",
"sense": "house",
"norm": "bēt",
"pos": "N",
"epos": "N"}
}
,
{
"node": "l",
"frag": "E₂-ub-re-e-šu₂",
"id": "P334120.l03e7f",
"ref": "P334120.19.2",
"cof-head": "P334120.l03e7e",
"inst": "bītu[house]N$bēt&wabru[stranger]N$ubrēšu",
"tail-sig": "@saao%akk-x-neoass:=wabru[stranger//stranger]N'N$ubrēšu",
"f": {"lang": "akk-x-neoass",
"form": "E₂-ub-re-e-šu₂",
"cf": "wabru",
"gw": "stranger",
"sense": "stranger",
"norm": "ubrēšu",
"pos": "N",
"epos": "N"}
}
]}
]}
]}
]}
,
{
"linkbase": [{
"type": "linkset",
"xlink_title": "bīt wabri[inn//inn]N'N",
"id": "P334120.ls00000",
"xlink_type": "extended",
"xlink_role": "psu",
"sig": "{bītu[house]N wabru[stranger]N += bīt wabri[inn//inn]N'N}::@saao%akk-x-neoass:E₂-ub-re-e-šu₂=bītu[house//house]N'N$bēt++@saao%akk-x-neoass:E₂-ub-re-e-šu₂=wabru[stranger//stranger]N'N$ubrēšu",
"links": [
{
"type": "link",
"xlink_title": "bītu",
"xlink_type": "locator",
"xlink_href": "#P334120.l03e7e",
"xlink_role": "elt"}
,
{
"type": "link",
"xlink_title": "wabru",
"xlink_type": "locator",
"xlink_href": "#P334120.l03e7f",
"xlink_role": "elt"}
]}
]}
]}
