{
"type": "cdl",
  "source": "http://oracc.org/saao/saa01",
  "license": "This data is released under the CC0 license",
  "license-url": "https://creativecommons.org/publicdomain/zero/1.0/",
  "more-info": "http://oracc.org/doc/opendata/",
  "UTC-timestamp": "2017-05-19T11:22:05",
"project": "saao/saa01",
"textid": "P334055",
"cdl": [
{
"node": "c",
"type": "text",
"id": "P334055.U0",
"cdl": [
{
"node": "d",
"type": "object",
"ref": ""}
,
{
"node": "d",
"subtype": "obverse",
"type": "surface",
"ref": "P334055.o.1",
"type": "obverse",
"label": "o"}
,
{
"node": "c",
"type": "discourse",
"subtype": "body",
"id": "P334055.U1",
"cdl": [
{
"node": "c",
"type": "sentence",
"id": "P334055.U2",
"label": "o 1 - r.e. 11",
"cdl": [
{
"node": "d",
"type": "line-start",
"ref": "P334055.2",
"n": "1",
"label": "o 1"}
,
{
"node": "l",
"frag": "[a]-⸢na⸣",
"id": "P334055.l02240",
"ref": "P334055.2.1",
"inst": "ana[to]PRP",
"sig": "@saao/saa01%akk-x-neoass:a-na=ana[to//to]PRP'PRP$ana",
"f": {"lang": "akk-x-neoass",
"form": "a-na",
"cf": "ana",
"gw": "to",
"sense": "to",
"norm": "ana",
"pos": "PRP",
"epos": "PRP"}
}
,
{
"node": "l",
"frag": "LUGAL",
"id": "P334055.l02241",
"ref": "P334055.2.2",
"inst": "šarri[king]N",
"sig": "@saao/saa01%akk-x-neoass:LUGAL=šarru[king//king]N'N$šarri",
"f": {"lang": "akk-x-neoass",
"form": "LUGAL",
"cf": "šarru",
"gw": "king",
"sense": "king",
"norm": "šarri",
"pos": "N",
"epos": "N"}
}
,
{
"node": "l",
"frag": "be-[li₂-ia]",
"id": "P334055.l02242",
"ref": "P334055.2.3",
"inst": "bēlīya[lord]N",
"sig": "@saao/saa01%akk-x-neoass:be-li₂-ia=bēlu[lord//lord]N'N$bēlīya",
"f": {"lang": "akk-x-neoass",
"form": "be-li₂-ia",
"cf": "bēlu",
"gw": "lord",
"sense": "lord",
"norm": "bēlīya",
"pos": "N",
"epos": "N"}
}
,
{
"node": "d",
"type": "line-start",
"ref": "P334055.3",
"n": "2",
"label": "o 2"}
,
{
"node": "l",
"frag": "[ARAD]-ka",
"id": "P334055.l02243",
"ref": "P334055.3.1",
"inst": "urdaka[servant]N",
"sig": "@saao/saa01%akk-x-neoass:ARAD-ka=ardu[slave//servant]N'N$urdaka",
"f": {"lang": "akk-x-neoass",
"form": "ARAD-ka",
"cf": "ardu",
"gw": "slave",
"sense": "servant",
"norm": "urdaka",
"pos": "N",
"epos": "N"}
}
,
{
"node": "l",
"frag": "{1}DUG₃-IM-aš-[šur]",
"id": "P334055.l02244",
"ref": "P334055.3.2",
"inst": "Ṭab-šar-Aššur[1]PN",
"sig": "@saao/saa01%akk-x-neoass:{1}DUG₃-IM-aš-šur=Ṭab-šar-Aššur[1//1]PN'PN$Ṭab-šar-Aššur",
"f": {"lang": "akk-x-neoass",
"form": "{1}DUG₃-IM-aš-šur",
"cf": "Ṭab-šar-Aššur",
"gw": "1",
"sense": "1",
"norm": "Ṭab-šar-Aššur",
"pos": "PN",
"epos": "PN"}
}
,
{
"node": "d",
"type": "line-start",
"ref": "P334055.4",
"n": "3",
"label": "o 3"}
,
{
"node": "l",
"frag": "[lu",
"id": "P334055.l02245",
"ref": "P334055.4.1",
"inst": "lū[may]MOD",
"sig": "@saao/saa01%akk-x-neoass:lu=lū[may//may]MOD'MOD$lū",
"f": {"lang": "akk-x-neoass",
"form": "lu",
"cf": "lū",
"gw": "may",
"sense": "may",
"norm": "lū",
"pos": "MOD",
"epos": "MOD"}
}
,
{
"node": "l",
"frag": "DI]-mu",
"id": "P334055.l02246",
"ref": "P334055.4.2",
"inst": "šulmu[health]N",
"sig": "@saao/saa01%akk-x-neoass:DI-mu=šulmu[completeness//health]N'N$šulmu",
"f": {"lang": "akk-x-neoass",
"form": "DI-mu",
"cf": "šulmu",
"gw": "completeness",
"sense": "health",
"norm": "šulmu",
"pos": "N",
"epos": "N"}
}
,
{
"node": "l",
"frag": "a-na",
"id": "P334055.l02247",
"ref": "P334055.4.3",
"inst": "ana[to]PRP",
"sig": "@saao/saa01%akk-x-neoass:a-na=ana[to//to]PRP'PRP$ana",
"f": {"lang": "akk-x-neoass",
"form": "a-na",
"cf": "ana",
"gw": "to",
"sense": "to",
"norm": "ana",
"pos": "PRP",
"epos": "PRP"}
}
,
{
"node": "l",
"frag": "LUGAL",
"id": "P334055.l02248",
"ref": "P334055.4.4",
"inst": "šarri[king]N",
"sig": "@saao/saa01%akk-x-neoass:LUGAL=šarru[king//king]N'N$šarri",
"f": {"lang": "akk-x-neoass",
"form": "LUGAL",
"cf": "šarru",
"gw": "king",
"sense": "king",
"norm": "šarri",
"pos": "N",
"epos": "N"}
}
,
{
"node": "l",
"frag": "[EN]-⸢ia⸣",
"id": "P334055.l02249",
"ref": "P334055.4.5",
"inst": "bēlīya[lord]N",
"sig": "@saao/saa01%akk-x-neoass:EN-ia=bēlu[lord//lord]N'N$bēlīya",
"f": {"lang": "akk-x-neoass",
"form": "EN-ia",
"cf": "bēlu",
"gw": "lord",
"sense": "lord",
"norm": "bēlīya",
"pos": "N",
"epos": "N"}
}
,
{
"node": "d",
"type": "line-start",
"ref": "P334055.5",
"n": "4",
"label": "o 4"}
,
{
"node": "c",
"type": "phrase",
"tag": "phr",
"id": "P334055.U4",
"ref": "P334055.ls00000",
"cdl": [
{
"node": "l",
"frag": "[ina",
"id": "P334055.l0224a",
"ref": "P334055.5.1",
"inst": "ina[in+=concerning]PRP",
"sig": "@saao/saa01%akk-x-neoass:ina=ina[in//in]PRP'PRP$ina",
"f": {"lang": "akk-x-neoass",
"form": "ina",
"cf": "ina",
"gw": "in",
"sense": "in",
"norm": "ina",
"pos": "PRP",
"epos": "PRP"}
}
,
{
"node": "l",
"frag": "UGU]",
"id": "P334055.l0224b",
"ref": "P334055.5.2",
"inst": "muhhi[skull]N",
"sig": "@saao/saa01%akk-x-neoass:UGU=muhhu[skull//skull]N'N$muhhi",
"f": {"lang": "akk-x-neoass",
"form": "UGU",
"cf": "muhhu",
"gw": "skull",
"sense": "skull",
"norm": "muhhi",
"pos": "N",
"epos": "N"}
}
]}
,
{
"node": "l",
"frag": "⸢du₆⸣-lu",
"id": "P334055.l0224c",
"ref": "P334055.5.3",
"inst": "dullu[work]N",
"sig": "@saao/saa01%akk-x-neoass:du₆-lu=dullu[trouble//work]N'N$dullu",
"f": {"lang": "akk-x-neoass",
"form": "du₆-lu",
"cf": "dullu",
"gw": "trouble",
"sense": "work",
"norm": "dullu",
"pos": "N",
"epos": "N"}
}
,
{
"node": "l",
"frag": "ša",
"id": "P334055.l0224d",
"ref": "P334055.5.4",
"inst": "ša[of]DET",
"sig": "@saao/saa01%akk-x-neoass:ša=ša[of//of]DET'DET$ša",
"f": {"lang": "akk-x-neoass",
"form": "ša",
"cf": "ša",
"gw": "of",
"sense": "of",
"norm": "ša",
"pos": "DET",
"epos": "DET"}
}
,
{
"node": "l",
"frag": "si-qur-ri-te",
"id": "P334055.l0224e",
"ref": "P334055.5.5",
"inst": "ziqqurratu[ziggurrat]N$siqqurrite",
"sig": "@saao/saa01%akk-x-neoass:si-qur-ri-te=ziqqurratu[ziggurrat//ziggurrat]N'N$siqqurrite",
"f": {"lang": "akk-x-neoass",
"form": "si-qur-ri-te",
"cf": "ziqqurratu",
"gw": "ziggurrat",
"sense": "ziggurrat",
"norm": "siqqurrite",
"pos": "N",
"epos": "N"}
}
,
{
"node": "d",
"type": "line-start",
"ref": "P334055.6",
"n": "5",
"label": "o 5"}
,
{
"node": "l",
"frag": "[ša",
"id": "P334055.l0224f",
"ref": "P334055.6.1",
"inst": "ša[of]DET",
"sig": "@saao/saa01%akk-x-neoass:ša=ša[of//of]DET'DET$ša",
"f": {"lang": "akk-x-neoass",
"form": "ša",
"cf": "ša",
"gw": "of",
"sense": "of",
"norm": "ša",
"pos": "DET",
"epos": "DET"}
}
,
{
"node": "l",
"frag": "{d}a]-num",
"id": "P334055.l02250",
"ref": "P334055.6.2",
"inst": "Anu[]DN$Anum",
"sig": "@saao/saa01%akk-x-neoass:{d}a-num=Anu[1//1]DN'DN$Anum",
"f": {"lang": "akk-x-neoass",
"form": "{d}a-num",
"cf": "Anu",
"gw": "1",
"sense": "1",
"norm": "Anum",
"pos": "DN",
"epos": "DN"}
}
,
{
"node": "l",
"frag": "ša\\dm",
"id": "P334055.l02251",
"ref": "P334055.6.3",
"inst": "ša[which]REL",
"sig": "@saao/saa01%akk-x-neoass:ša=ša[that//which]REL'REL$ša",
"f": {"lang": "akk-x-neoass",
"form": "ša",
"cf": "ša",
"gw": "that",
"sense": "which",
"norm": "ša",
"pos": "REL",
"epos": "REL"}
}
,
{
"node": "l",
"frag": "LUGAL",
"id": "P334055.l02252",
"ref": "P334055.6.4",
"inst": "šarru[king]N",
"sig": "@saao/saa01%akk-x-neoass:LUGAL=šarru[king//king]N'N$šarru",
"f": {"lang": "akk-x-neoass",
"form": "LUGAL",
"cf": "šarru",
"gw": "king",
"sense": "king",
"norm": "šarru",
"pos": "N",
"epos": "N"}
}
,
{
"node": "l",
"frag": "be-li₂",
"id": "P334055.l02253",
"ref": "P334055.6.5",
"inst": "bēlī[lord]N",
"sig": "@saao/saa01%akk-x-neoass:be-li₂=bēlu[lord//lord]N'N$bēlī",
"f": {"lang": "akk-x-neoass",
"form": "be-li₂",
"cf": "bēlu",
"gw": "lord",
"sense": "lord",
"norm": "bēlī",
"pos": "N",
"epos": "N"}
}
,
{
"node": "d",
"type": "line-start",
"ref": "P334055.7",
"n": "6",
"label": "o 6"}
,
{
"node": "l",
"frag": "[ṭe₃-e-mu]",
"id": "P334055.l02254",
"ref": "P334055.7.1",
"inst": "ṭēmu[order]N",
"sig": "@saao/saa01%akk-x-neoass:ṭe₃-e-mu=ṭēmu[(fore)thought//order]N'N$ṭēmu",
"f": {"lang": "akk-x-neoass",
"form": "ṭe₃-e-mu",
"cf": "ṭēmu",
"gw": "(fore)thought",
"sense": "order",
"norm": "ṭēmu",
"pos": "N",
"epos": "N"}
}
,
{
"node": "l",
"frag": "iš-ku-na-ni-ni",
"id": "P334055.l02255",
"ref": "P334055.7.2",
"inst": "iškunannīni[place]V",
"sig": "@saao/saa01%akk-x-neoass:iš-ku-na-ni-ni=šakānu[put//place]V'V$iškunannīni",
"f": {"lang": "akk-x-neoass",
"form": "iš-ku-na-ni-ni",
"cf": "šakānu",
"gw": "put",
"sense": "place",
"norm": "iškunannīni",
"pos": "V",
"epos": "V"}
}
,
{
"node": "d",
"type": "line-start",
"ref": "P334055.8",
"n": "7",
"label": "o 7"}
,
{
"node": "l",
"frag": "[ma",
"id": "P334055.l02256",
"ref": "P334055.8.1",
"inst": "mā[saying]PRP",
"sig": "@saao/saa01%akk-x-neoass:ma=mā[saying//saying]PRP'PRP$mā",
"f": {"lang": "akk-x-neoass",
"form": "ma",
"cf": "mā",
"gw": "saying",
"sense": "saying",
"norm": "mā",
"pos": "PRP",
"epos": "PRP"}
}
,
{
"node": "l",
"frag": "a-na",
"id": "P334055.l02257",
"ref": "P334055.8.2",
"inst": "ana[to]PRP",
"sig": "@saao/saa01%akk-x-neoass:a-na=ana[to//to]PRP'PRP$ana",
"f": {"lang": "akk-x-neoass",
"form": "a-na",
"cf": "ana",
"gw": "to",
"sense": "to",
"norm": "ana",
"pos": "PRP",
"epos": "PRP"}
}
,
{
"node": "c",
"type": "phrase",
"tag": "phr",
"id": "P334055.U5",
"ref": "P334055.ls00001",
"cdl": [
{
"node": "l",
"frag": "{lu₂v]}GAL-A.BA\\t",
"id": "P334055.l02258",
"ref": "P334055.8.3",
"cof-tails": "P334055.l02259",
"inst": "rabû[big one]N$rab&ṭupšarru[scribe]N$ṭupšarri",
"sig": "@saao/saa01%akk-x-neoass:{LU₂}GAL-A.BA=rabû[big one//big one]N'N$rab&&@saao%akk-x-neoass:=ṭupšarru[scribe//scribe]N'N$ṭupšarri",
"f": {"lang": "akk-x-neoass",
"form": "{LU₂}GAL-A.BA",
"cf": "rabû",
"gw": "big one",
"sense": "big one",
"norm": "rab",
"pos": "N",
"epos": "N"}
}
,
{
"node": "l",
"frag": "{lu₂v]}GAL-A.BA\\t",
"id": "P334055.l02259",
"ref": "P334055.8.3",
"cof-head": "P334055.l02258",
"inst": "rabû[big one]N$rab&ṭupšarru[scribe]N$ṭupšarri",
"tail-sig": "@saao%akk-x-neoass:=ṭupšarru[scribe//scribe]N'N$ṭupšarri",
"f": {"lang": "akk-x-neoass",
"form": "{LU₂}GAL-A.BA",
"cf": "ṭupšarru",
"gw": "scribe",
"sense": "scribe",
"norm": "ṭupšarri",
"pos": "N",
"epos": "N"}
}
]}
,
{
"node": "l",
"frag": "ša₂-ʾa-al\\d",
"id": "P334055.l0225a",
"ref": "P334055.8.4",
"inst": "šaʾal[ask]V",
"sig": "@saao/saa01%akk-x-neoass:ša₂-ʾa-al=šâlu[ask//ask]V'V$šaʾal",
"f": {"lang": "akk-x-neoass",
"form": "ša₂-ʾa-al",
"cf": "šâlu",
"gw": "ask",
"sense": "ask",
"norm": "šaʾal",
"pos": "V",
"epos": "V"}
}
,
{
"node": "d",
"type": "line-start",
"ref": "P334055.9",
"n": "8",
"label": "o 8"}
,
{
"node": "l",
"frag": "[an-nu-rig",
"id": "P334055.l0225b",
"ref": "P334055.9.1",
"inst": "annurig[now]AV",
"sig": "@saao/saa01%akk-x-neoass:an-nu-rig=annûri[now//now]AV'AV$annurig",
"f": {"lang": "akk-x-neoass",
"form": "an-nu-rig",
"cf": "annûri",
"gw": "now",
"sense": "now",
"norm": "annurig",
"pos": "AV",
"epos": "AV"}
}
,
{
"node": "l",
"frag": "is]-⸢sa⸣-aʾ-lu-šu₂",
"id": "P334055.l0225c",
"ref": "P334055.9.2",
"inst": "šâlu[ask]V$issaʾulušu",
"sig": "@saao/saa01%akk-x-neoass:is-sa-aʾ-lu-šu₂=šâlu[ask//ask]V'V$issaʾulušu",
"f": {"lang": "akk-x-neoass",
"form": "is-sa-aʾ-lu-šu₂",
"cf": "šâlu",
"gw": "ask",
"sense": "ask",
"norm": "issaʾulušu",
"pos": "V",
"epos": "V"}
}
,
{
"node": "l",
"frag": "ki-i",
"id": "P334055.l0225d",
"ref": "P334055.9.3",
"inst": "kî[like]PRP",
"sig": "@saao/saa01%akk-x-neoass:ki-i=kī[like//like]PRP'PRP$kî",
"f": {"lang": "akk-x-neoass",
"form": "ki-i",
"cf": "kī",
"gw": "like",
"sense": "like",
"norm": "kî",
"pos": "PRP",
"epos": "PRP"}
}
,
{
"node": "l",
"frag": "an-ni-i",
"id": "P334055.l0225e",
"ref": "P334055.9.4",
"inst": "annî[this]DP",
"sig": "@saao/saa01%akk-x-neoass:an-ni-i=annû[this//this]DP'DP$annî",
"f": {"lang": "akk-x-neoass",
"form": "an-ni-i",
"cf": "annû",
"gw": "this",
"sense": "this",
"norm": "annî",
"pos": "DP",
"epos": "DP"}
}
,
{
"node": "d",
"type": "line-start",
"ref": "P334055.10",
"n": "9",
"label": "o 9"}
,
{
"node": "l",
"frag": "[iq-ṭi₂-bi",
"id": "P334055.l0225f",
"ref": "P334055.10.1",
"inst": "iqṭibi[say]V",
"sig": "@saao/saa01%akk-x-neoass:iq-ṭi₂-bi=qabû[say//say]V'V$iqṭibi",
"f": {"lang": "akk-x-neoass",
"form": "iq-ṭi₂-bi",
"cf": "qabû",
"gw": "say",
"sense": "say",
"norm": "iqṭibi",
"pos": "V",
"epos": "V"}
}
,
{
"node": "l",
"frag": "ma-a]",
"id": "P334055.l02260",
"ref": "P334055.10.2",
"inst": "mā[saying]PRP",
"sig": "@saao/saa01%akk-x-neoass:ma-a=mā[saying//saying]PRP'PRP$mā",
"f": {"lang": "akk-x-neoass",
"form": "ma-a",
"cf": "mā",
"gw": "saying",
"sense": "saying",
"norm": "mā",
"pos": "PRP",
"epos": "PRP"}
}
,
{
"node": "l",
"frag": "a-ta-a",
"id": "P334055.l02261",
"ref": "P334055.10.3",
"inst": "atâ[why?]QP",
"sig": "@saao/saa01%akk-x-neoass:a-ta-a=atā[why?//why?]QP'QP$atâ",
"f": {"lang": "akk-x-neoass",
"form": "a-ta-a",
"cf": "atā",
"gw": "why?",
"sense": "why?",
"norm": "atâ",
"pos": "QP",
"epos": "QP"}
}
,
{
"node": "l",
"frag": "a-⸢ni⸣-nu",
"id": "P334055.l02262",
"ref": "P334055.10.4",
"inst": "anīnu[we]IP",
"sig": "@saao/saa01%akk-x-neoass:a-ni-nu=anīnu[we//we]IP'IP$anīnu",
"f": {"lang": "akk-x-neoass",
"form": "a-ni-nu",
"cf": "anīnu",
"gw": "we",
"sense": "we",
"norm": "anīnu",
"pos": "IP",
"epos": "IP"}
}
,
{
"node": "d",
"type": "line-start",
"ref": "P334055.11",
"n": "10",
"label": "o 10"}
,
{
"node": "l",
"frag": "[x",
"id": "P334055.l02263",
"ref": "P334055.11.1",
"inst": "u",
"f": {"lang": "akk-x-neoass",
"form": "x",
"pos": "u"}
}
,
{
"node": "l",
"frag": "x",
"id": "P334055.l02264",
"ref": "P334055.11.2",
"inst": "u",
"f": {"lang": "akk-x-neoass",
"form": "x",
"pos": "u"}
}
,
{
"node": "l",
"frag": "x",
"id": "P334055.l02265",
"ref": "P334055.11.3",
"inst": "u",
"f": {"lang": "akk-x-neoass",
"form": "x",
"pos": "u"}
}
,
{
"node": "l",
"frag": "x",
"id": "P334055.l02266",
"ref": "P334055.11.4",
"inst": "u",
"f": {"lang": "akk-x-neoass",
"form": "x",
"pos": "u"}
}
,
{
"node": "l",
"frag": "x]",
"id": "P334055.l02267",
"ref": "P334055.11.5",
"inst": "u",
"f": {"lang": "akk-x-neoass",
"form": "x",
"pos": "u"}
}
,
{
"node": "l",
"frag": "ne₂-pa-aš₂",
"id": "P334055.l02268",
"ref": "P334055.11.6",
"inst": "neppaš[do]V",
"sig": "@saao/saa01%akk-x-neoass:ne₂-pa-aš₂=epēšu[do//do]V'V$neppaš",
"f": {"lang": "akk-x-neoass",
"form": "ne₂-pa-aš₂",
"cf": "epēšu",
"gw": "do",
"sense": "do",
"norm": "neppaš",
"pos": "V",
"epos": "V"}
}
,
{
"node": "l",
"frag": "⸢ma⸣-[a",
"id": "P334055.l02269",
"ref": "P334055.11.7",
"inst": "mā[saying]PRP",
"sig": "@saao/saa01%akk-x-neoass:ma-a=mā[saying//saying]PRP'PRP$mā",
"f": {"lang": "akk-x-neoass",
"form": "ma-a",
"cf": "mā",
"gw": "saying",
"sense": "saying",
"norm": "mā",
"pos": "PRP",
"epos": "PRP"}
}
,
{
"node": "l",
"frag": "du₆]-lu",
"id": "P334055.l0226a",
"ref": "P334055.11.8",
"inst": "dullu[work]N",
"sig": "@saao/saa01%akk-x-neoass:du₆-lu=dullu[trouble//work]N'N$dullu",
"f": {"lang": "akk-x-neoass",
"form": "du₆-lu",
"cf": "dullu",
"gw": "trouble",
"sense": "work",
"norm": "dullu",
"pos": "N",
"epos": "N"}
}
,
{
"node": "d",
"type": "nonx",
"ref": "P334055.12",
"strict": "0",
"extent": "rest",
"state": "missing"}
,
{
"node": "d",
"subtype": "reverse",
"type": "surface",
"ref": "P334055.r.13",
"type": "reverse",
"label": "r"}
,
{
"node": "d",
"type": "nonx",
"ref": "P334055.14",
"strict": "0",
"extent": "beginning",
"state": "missing"}
,
{
"node": "d",
"type": "line-start",
"ref": "P334055.15",
"n": "1'",
"label": "r 1'"}
,
{
"node": "l",
"frag": "[x",
"id": "P334055.l0226b",
"ref": "P334055.15.1",
"inst": "u",
"f": {"lang": "akk-x-neoass",
"form": "x",
"pos": "u"}
}
,
{
"node": "l",
"frag": "x",
"id": "P334055.l0226c",
"ref": "P334055.15.2",
"inst": "u",
"f": {"lang": "akk-x-neoass",
"form": "x",
"pos": "u"}
}
,
{
"node": "l",
"frag": "x",
"id": "P334055.l0226d",
"ref": "P334055.15.3",
"inst": "u",
"f": {"lang": "akk-x-neoass",
"form": "x",
"pos": "u"}
}
,
{
"node": "l",
"frag": "x",
"id": "P334055.l0226e",
"ref": "P334055.15.4",
"inst": "u",
"f": {"lang": "akk-x-neoass",
"form": "x",
"pos": "u"}
}
,
{
"node": "l",
"frag": "x",
"id": "P334055.l0226f",
"ref": "P334055.15.5",
"inst": "u",
"f": {"lang": "akk-x-neoass",
"form": "x",
"pos": "u"}
}
,
{
"node": "l",
"frag": "x",
"id": "P334055.l02270",
"ref": "P334055.15.6",
"inst": "u",
"f": {"lang": "akk-x-neoass",
"form": "x",
"pos": "u"}
}
,
{
"node": "l",
"frag": "x",
"id": "P334055.l02271",
"ref": "P334055.15.7",
"inst": "u",
"f": {"lang": "akk-x-neoass",
"form": "x",
"pos": "u"}
}
,
{
"node": "l",
"frag": "x]+⸢x⸣-ia",
"id": "P334055.l02272",
"ref": "P334055.15.8",
"inst": "u",
"f": {"lang": "akk-x-neoass",
"form": "x+x-ia",
"pos": "u"}
}
,
{
"node": "d",
"type": "line-start",
"ref": "P334055.16",
"n": "2'",
"label": "r 2'"}
,
{
"node": "l",
"frag": "[x",
"id": "P334055.l02273",
"ref": "P334055.16.1",
"inst": "u",
"f": {"lang": "akk-x-neoass",
"form": "x",
"pos": "u"}
}
,
{
"node": "l",
"frag": "x",
"id": "P334055.l02274",
"ref": "P334055.16.2",
"inst": "u",
"f": {"lang": "akk-x-neoass",
"form": "x",
"pos": "u"}
}
,
{
"node": "l",
"frag": "x",
"id": "P334055.l02275",
"ref": "P334055.16.3",
"inst": "u",
"f": {"lang": "akk-x-neoass",
"form": "x",
"pos": "u"}
}
,
{
"node": "l",
"frag": "x",
"id": "P334055.l02276",
"ref": "P334055.16.4",
"inst": "u",
"f": {"lang": "akk-x-neoass",
"form": "x",
"pos": "u"}
}
,
{
"node": "l",
"frag": "x",
"id": "P334055.l02277",
"ref": "P334055.16.5",
"inst": "u",
"f": {"lang": "akk-x-neoass",
"form": "x",
"pos": "u"}
}
,
{
"node": "l",
"frag": "x",
"id": "P334055.l02278",
"ref": "P334055.16.6",
"inst": "u",
"f": {"lang": "akk-x-neoass",
"form": "x",
"pos": "u"}
}
,
{
"node": "l",
"frag": "{uru]}⸢kal⸣-ha",
"id": "P334055.l02279",
"ref": "P334055.16.7",
"inst": "Kalha[1]GN",
"sig": "@saao/saa01%akk-x-neoass:{URU}kal-ha=Kalhu[1//1]GN'GN$Kalha",
"f": {"lang": "akk-x-neoass",
"form": "{URU}kal-ha",
"cf": "Kalhu",
"gw": "1",
"sense": "1",
"norm": "Kalha",
"pos": "GN",
"epos": "GN"}
}
,
{
"node": "d",
"type": "line-start",
"ref": "P334055.17",
"n": "3'",
"label": "r 3'"}
,
{
"node": "l",
"frag": "[x",
"id": "P334055.l0227a",
"ref": "P334055.17.1",
"inst": "u",
"f": {"lang": "akk-x-neoass",
"form": "x",
"pos": "u"}
}
,
{
"node": "l",
"frag": "x",
"id": "P334055.l0227b",
"ref": "P334055.17.2",
"inst": "u",
"f": {"lang": "akk-x-neoass",
"form": "x",
"pos": "u"}
}
,
{
"node": "l",
"frag": "x",
"id": "P334055.l0227c",
"ref": "P334055.17.3",
"inst": "u",
"f": {"lang": "akk-x-neoass",
"form": "x",
"pos": "u"}
}
,
{
"node": "l",
"frag": "x",
"id": "P334055.l0227d",
"ref": "P334055.17.4",
"inst": "u",
"f": {"lang": "akk-x-neoass",
"form": "x",
"pos": "u"}
}
,
{
"node": "l",
"frag": "x",
"id": "P334055.l0227e",
"ref": "P334055.17.5",
"inst": "u",
"f": {"lang": "akk-x-neoass",
"form": "x",
"pos": "u"}
}
,
{
"node": "l",
"frag": "x]-mu",
"id": "P334055.l0227f",
"ref": "P334055.17.6",
"inst": "u",
"f": {"lang": "akk-x-neoass",
"form": "x-mu",
"pos": "u"}
}
,
{
"node": "d",
"type": "line-start",
"ref": "P334055.18",
"n": "4'",
"label": "r 4'"}
,
{
"node": "l",
"frag": "[x",
"id": "P334055.l02280",
"ref": "P334055.18.1",
"inst": "u",
"f": {"lang": "akk-x-neoass",
"form": "x",
"pos": "u"}
}
,
{
"node": "l",
"frag": "x",
"id": "P334055.l02281",
"ref": "P334055.18.2",
"inst": "u",
"f": {"lang": "akk-x-neoass",
"form": "x",
"pos": "u"}
}
,
{
"node": "l",
"frag": "x",
"id": "P334055.l02282",
"ref": "P334055.18.3",
"inst": "u",
"f": {"lang": "akk-x-neoass",
"form": "x",
"pos": "u"}
}
,
{
"node": "l",
"frag": "e]-⸢ti⸣-iq\\d",
"id": "P334055.l02283",
"ref": "P334055.18.4",
"inst": "etēqu[proceed]V$ettiq",
"sig": "@saao/saa01%akk-x-neoass:e-ti-iq=etēqu[proceed//proceed]V'V$ettiq",
"f": {"lang": "akk-x-neoass",
"form": "e-ti-iq",
"cf": "etēqu",
"gw": "proceed",
"sense": "proceed",
"norm": "ettiq",
"pos": "V",
"epos": "V"}
}
,
{
"node": "l",
"frag": "il-lak",
"id": "P334055.l02284",
"ref": "P334055.18.5",
"inst": "illak[go]V",
"sig": "@saao/saa01%akk-x-neoass:il-lak=alāku[go//go]V'V$illak",
"f": {"lang": "akk-x-neoass",
"form": "il-lak",
"cf": "alāku",
"gw": "go",
"sense": "go",
"norm": "illak",
"pos": "V",
"epos": "V"}
}
,
{
"node": "d",
"type": "line-start",
"ref": "P334055.19",
"n": "5'",
"label": "r 5'"}
,
{
"node": "l",
"frag": "[ina",
"id": "P334055.l02285",
"ref": "P334055.19.1",
"inst": "ina[in]PRP",
"sig": "@saao/saa01%akk-x-neoass:ina=ina[in//in]PRP'PRP$ina",
"f": {"lang": "akk-x-neoass",
"form": "ina",
"cf": "ina",
"gw": "in",
"sense": "in",
"norm": "ina",
"pos": "PRP",
"epos": "PRP"}
}
,
{
"node": "l",
"frag": "{uru]}⸢ŠA₃⸣-URU",
"id": "P334055.l02286",
"ref": "P334055.19.2",
"inst": "Libbi-ali[Inner City (Assur)]GN",
"sig": "@saao/saa01%akk-x-neoass:{URU}ŠA₃-URU=Libbi-ali[Inner City (Assur)//Inner City (Assur)]GN'GN$Libbi-ali",
"f": {"lang": "akk-x-neoass",
"form": "{URU}ŠA₃-URU",
"cf": "Libbi-ali",
"gw": "Inner City (Assur)",
"sense": "Inner City (Assur)",
"norm": "Libbi-ali",
"pos": "GN",
"epos": "GN"}
}
,
{
"node": "l",
"frag": "du₆-lu",
"id": "P334055.l02287",
"ref": "P334055.19.3",
"inst": "dullu[work]N",
"sig": "@saao/saa01%akk-x-neoass:du₆-lu=dullu[trouble//work]N'N$dullu",
"f": {"lang": "akk-x-neoass",
"form": "du₆-lu",
"cf": "dullu",
"gw": "trouble",
"sense": "work",
"norm": "dullu",
"pos": "N",
"epos": "N"}
}
,
{
"node": "l",
"frag": "e-mar",
"id": "P334055.l02288",
"ref": "P334055.19.4",
"inst": "emmar[see]V",
"sig": "@saao/saa01%akk-x-neoass:e-mar=amāru[see//see]V'V$emmar",
"f": {"lang": "akk-x-neoass",
"form": "e-mar",
"cf": "amāru",
"gw": "see",
"sense": "see",
"norm": "emmar",
"pos": "V",
"epos": "V"}
}
,
{
"node": "d",
"type": "line-start",
"ref": "P334055.20",
"n": "6'",
"label": "r 6'"}
,
{
"node": "l",
"frag": "[u₃]",
"id": "P334055.l02289",
"ref": "P334055.20.1",
"inst": "u[and]CNJ",
"sig": "@saao/saa01%akk-x-neoass:u₃=u[and//and]CNJ'CNJ$u",
"f": {"lang": "akk-x-neoass",
"form": "u₃",
"cf": "u",
"gw": "and",
"sense": "and",
"norm": "u",
"pos": "CNJ",
"epos": "CNJ"}
}
,
{
"node": "l",
"frag": "⸢TA⸣",
"id": "P334055.l0228a",
"ref": "P334055.20.2",
"inst": "issu[from]PRP",
"sig": "@saao/saa01%akk-x-neoass:TA=ištu[from//from]PRP'PRP$issu",
"f": {"lang": "akk-x-neoass",
"form": "TA",
"cf": "ištu",
"gw": "from",
"sense": "from",
"norm": "issu",
"pos": "PRP",
"epos": "PRP"}
}
,
{
"node": "l",
"frag": "{uru}ŠA₃-URU",
"id": "P334055.l0228b",
"ref": "P334055.20.3",
"inst": "Libbi-ali[Inner City (Assur)]GN",
"sig": "@saao/saa01%akk-x-neoass:{URU}ŠA₃-URU=Libbi-ali[Inner City (Assur)//Inner City (Assur)]GN'GN$Libbi-ali",
"f": {"lang": "akk-x-neoass",
"form": "{URU}ŠA₃-URU",
"cf": "Libbi-ali",
"gw": "Inner City (Assur)",
"sense": "Inner City (Assur)",
"norm": "Libbi-ali",
"pos": "GN",
"epos": "GN"}
}
,
{
"node": "l",
"frag": "i-sa-hur-an-ni",
"id": "P334055.l0228c",
"ref": "P334055.20.4",
"inst": "sahāru[go around//return]V$isahhuranni",
"sig": "@saao/saa01%akk-x-neoass:i-sa-hur-an-ni=sahāru[go around//return]V'V$isahhuranni",
"f": {"lang": "akk-x-neoass",
"form": "i-sa-hur-an-ni",
"cf": "sahāru",
"gw": "go around",
"sense": "return",
"norm": "isahhuranni",
"pos": "V",
"epos": "V"}
}
,
{
"node": "d",
"type": "line-start",
"ref": "P334055.21",
"n": "7'",
"label": "r 7'"}
,
{
"node": "l",
"frag": "[a]-⸢na⸣",
"id": "P334055.l0228d",
"ref": "P334055.21.1",
"inst": "ana[to]PRP",
"sig": "@saao/saa01%akk-x-neoass:a-na=ana[to//to]PRP'PRP$ana",
"f": {"lang": "akk-x-neoass",
"form": "a-na",
"cf": "ana",
"gw": "to",
"sense": "to",
"norm": "ana",
"pos": "PRP",
"epos": "PRP"}
}
,
{
"node": "l",
"frag": "{uru}kal-ha",
"id": "P334055.l0228e",
"ref": "P334055.21.2",
"inst": "Kalha[1]GN",
"sig": "@saao/saa01%akk-x-neoass:{URU}kal-ha=Kalhu[1//1]GN'GN$Kalha",
"f": {"lang": "akk-x-neoass",
"form": "{URU}kal-ha",
"cf": "Kalhu",
"gw": "1",
"sense": "1",
"norm": "Kalha",
"pos": "GN",
"epos": "GN"}
}
,
{
"node": "c",
"type": "phrase",
"tag": "phr",
"id": "P334055.U6",
"ref": "P334055.ls00002",
"cdl": [
{
"node": "l",
"frag": "ina",
"id": "P334055.l0228f",
"ref": "P334055.21.3",
"inst": "ina[in+=to]PRP",
"sig": "@saao/saa01%akk-x-neoass:ina=ina[in//in]PRP'PRP$ina",
"f": {"lang": "akk-x-neoass",
"form": "ina",
"cf": "ina",
"gw": "in",
"sense": "in",
"norm": "ina",
"pos": "PRP",
"epos": "PRP"}
}
,
{
"node": "l",
"frag": "UGU",
"id": "P334055.l02290",
"ref": "P334055.21.4",
"inst": "muhhi[skull]N",
"sig": "@saao/saa01%akk-x-neoass:UGU=muhhu[skull//skull]N'N$muhhi",
"f": {"lang": "akk-x-neoass",
"form": "UGU",
"cf": "muhhu",
"gw": "skull",
"sense": "skull",
"norm": "muhhi",
"pos": "N",
"epos": "N"}
}
]}
,
{
"node": "d",
"type": "line-start",
"ref": "P334055.22",
"n": "8'",
"label": "r 8'"}
,
{
"node": "c",
"type": "phrase",
"tag": "phr",
"id": "P334055.U7",
"ref": "P334055.ls00003",
"cdl": [
{
"node": "l",
"frag": "{⸢lu₂v⸣}GAL-A.BA\\td",
"id": "P334055.l02291",
"ref": "P334055.22.1",
"cof-tails": "P334055.l02292",
"inst": "rabû[big one]N$rab&ṭupšarru[scribe]N$ṭupšarri",
"sig": "@saao/saa01%akk-x-neoass:{LU₂}GAL-A.BA=rabû[big one//big one]N'N$rab&&@saao%akk-x-neoass:=ṭupšarru[scribe//scribe]N'N$ṭupšarri",
"f": {"lang": "akk-x-neoass",
"form": "{LU₂}GAL-A.BA",
"cf": "rabû",
"gw": "big one",
"sense": "big one",
"norm": "rab",
"pos": "N",
"epos": "N"}
}
,
{
"node": "l",
"frag": "{⸢lu₂v⸣}GAL-A.BA\\td",
"id": "P334055.l02292",
"ref": "P334055.22.1",
"cof-head": "P334055.l02291",
"inst": "rabû[big one]N$rab&ṭupšarru[scribe]N$ṭupšarri",
"tail-sig": "@saao%akk-x-neoass:=ṭupšarru[scribe//scribe]N'N$ṭupšarri",
"f": {"lang": "akk-x-neoass",
"form": "{LU₂}GAL-A.BA",
"cf": "ṭupšarru",
"gw": "scribe",
"sense": "scribe",
"norm": "ṭupšarri",
"pos": "N",
"epos": "N"}
}
]}
,
{
"node": "l",
"frag": "⸢il⸣-lak",
"id": "P334055.l02293",
"ref": "P334055.22.2",
"inst": "illak[go]V",
"sig": "@saao/saa01%akk-x-neoass:il-lak=alāku[go//go]V'V$illak",
"f": {"lang": "akk-x-neoass",
"form": "il-lak",
"cf": "alāku",
"gw": "go",
"sense": "go",
"norm": "illak",
"pos": "V",
"epos": "V"}
}
,
{
"node": "d",
"subtype": "right",
"type": "surface",
"ref": "P334055.r.e..23",
"type": "right",
"label": "r.e."}
,
{
"node": "d",
"type": "line-start",
"ref": "P334055.24",
"n": "9",
"label": "r.e. 9"}
,
{
"node": "l",
"frag": "[mi]-nu",
"id": "P334055.l02294",
"ref": "P334055.24.1",
"inst": "mīnu[what?//whatever]QP'XP",
"sig": "@saao/saa01%akk-x-neoass:mi-nu=mīnu[what?//whatever]QP'XP$mīnu",
"f": {"lang": "akk-x-neoass",
"form": "mi-nu",
"cf": "mīnu",
"gw": "what?",
"sense": "whatever",
"norm": "mīnu",
"pos": "QP",
"epos": "XP"}
}
,
{
"node": "l",
"frag": "ši-[ti]-⸢ni⸣",
"id": "P334055.l02295",
"ref": "P334055.24.2",
"inst": "šītīni[it]IP",
"sig": "@saao/saa01%akk-x-neoass:ši-ti-ni=šīti[she//it]IP'IP$šītīni",
"f": {"lang": "akk-x-neoass",
"form": "ši-ti-ni",
"cf": "šīti",
"gw": "she",
"sense": "it",
"norm": "šītīni",
"pos": "IP",
"epos": "IP"}
}
,
{
"node": "d",
"type": "line-start",
"ref": "P334055.25",
"n": "10",
"label": "r.e. 10"}
,
{
"node": "l",
"frag": "⸢ṭe₃⸣-e-mu",
"id": "P334055.l02296",
"ref": "P334055.25.1",
"inst": "ṭēmu[report]N",
"sig": "@saao/saa01%akk-x-neoass:ṭe₃-e-mu=ṭēmu[(fore)thought//report]N'N$ṭēmu",
"f": {"lang": "akk-x-neoass",
"form": "ṭe₃-e-mu",
"cf": "ṭēmu",
"gw": "(fore)thought",
"sense": "report",
"norm": "ṭēmu",
"pos": "N",
"epos": "N"}
}
,
{
"node": "l",
"frag": "ina",
"id": "P334055.l02297",
"ref": "P334055.25.2",
"inst": "ina[to]PRP",
"sig": "@saao/saa01%akk-x-neoass:ina=ina[in//to]PRP'PRP$ina",
"f": {"lang": "akk-x-neoass",
"form": "ina",
"cf": "ina",
"gw": "in",
"sense": "to",
"norm": "ina",
"pos": "PRP",
"epos": "PRP"}
}
,
{
"node": "l",
"frag": "E₂.⸢GAL⸣",
"id": "P334055.l02298",
"ref": "P334055.25.3",
"inst": "ēkalli[palace]N",
"sig": "@saao/saa01%akk-x-neoass:E₂.GAL=ēkallu[palace//palace]N'N$ēkalli",
"f": {"lang": "akk-x-neoass",
"form": "E₂.GAL",
"cf": "ēkallu",
"gw": "palace",
"sense": "palace",
"norm": "ēkalli",
"pos": "N",
"epos": "N"}
}
,
{
"node": "d",
"type": "line-start",
"ref": "P334055.26",
"n": "11",
"label": "r.e. 11"}
,
{
"node": "l",
"frag": "⸢u₂⸣-tar",
"id": "P334055.l02299",
"ref": "P334055.26.1",
"inst": "târu[turn]V$utâr",
"sig": "@saao/saa01%akk-x-neoass:u₂-tar=târu[turn//turn]V'V$utâr",
"f": {"lang": "akk-x-neoass",
"form": "u₂-tar",
"cf": "târu",
"gw": "turn",
"sense": "turn",
"norm": "utâr",
"pos": "V",
"epos": "V"}
}
]}
]}
]}
,
{
"linkbase": [{
"type": "linkset",
"xlink_title": "ina muhhi[on//about]PRP'PRP",
"id": "P334055.ls00000",
"xlink_type": "extended",
"xlink_role": "psu",
"sig": "{ina[in]PRP muhhu[skull]N += ina muhhi[on//about]PRP'PRP}::@saao%akk-x-neoass:ina=ina[in//into]PRP'PRP$ina++@saao%akk-x-neoass:UGU=muhhu[skull//skull]N'N$muhhi",
"links": [
{
"type": "link",
"xlink_title": "ina",
"xlink_type": "locator",
"xlink_href": "#P334055.l0224a",
"xlink_role": "elt"}
,
{
"type": "link",
"xlink_title": "muhhi",
"xlink_type": "locator",
"xlink_href": "#P334055.l0224b",
"xlink_role": "elt"}
]}
,
{
"type": "linkset",
"xlink_title": "rab ṭupšarri[chief scribe//chief scribe]N'N",
"id": "P334055.ls00001",
"xlink_type": "extended",
"xlink_role": "psu",
"sig": "{rabû[big one]N ṭupšarru[scribe]N += rab ṭupšarri[chief scribe//chief scribe]N'N}::@saao%akk-x-neoass:{LU₂}GAL-A.BA=rabû[big one//big one]N'N$rab++@saao%akk-x-neoass:{LU₂}GAL-A.BA=ṭupšarru[scribe//scribe]N'N$ṭupšarri",
"links": [
{
"type": "link",
"xlink_title": "rabû",
"xlink_type": "locator",
"xlink_href": "#P334055.l02258",
"xlink_role": "elt"}
,
{
"type": "link",
"xlink_title": "ṭupšarru",
"xlink_type": "locator",
"xlink_href": "#P334055.l02259",
"xlink_role": "elt"}
]}
,
{
"type": "linkset",
"xlink_title": "ina muhhi[on//about]PRP'PRP",
"id": "P334055.ls00002",
"xlink_type": "extended",
"xlink_role": "psu",
"sig": "{ina[in]PRP muhhu[skull]N += ina muhhi[on//about]PRP'PRP}::@saao%akk-x-neoass:ina=ina[in//into]PRP'PRP$ina++@saao%akk-x-neoass:UGU=muhhu[skull//skull]N'N$muhhi",
"links": [
{
"type": "link",
"xlink_title": "ina",
"xlink_type": "locator",
"xlink_href": "#P334055.l0228f",
"xlink_role": "elt"}
,
{
"type": "link",
"xlink_title": "muhhi",
"xlink_type": "locator",
"xlink_href": "#P334055.l02290",
"xlink_role": "elt"}
]}
,
{
"type": "linkset",
"xlink_title": "rab ṭupšarri[chief scribe//chief scribe]N'N",
"id": "P334055.ls00003",
"xlink_type": "extended",
"xlink_role": "psu",
"sig": "{rabû[big one]N ṭupšarru[scribe]N += rab ṭupšarri[chief scribe//chief scribe]N'N}::@saao%akk-x-neoass:{LU₂}GAL-A.BA=rabû[big one//big one]N'N$rab++@saao%akk-x-neoass:{LU₂}GAL-A.BA=ṭupšarru[scribe//scribe]N'N$ṭupšarri",
"links": [
{
"type": "link",
"xlink_title": "rabû",
"xlink_type": "locator",
"xlink_href": "#P334055.l02291",
"xlink_role": "elt"}
,
{
"type": "link",
"xlink_title": "ṭupšarru",
"xlink_type": "locator",
"xlink_href": "#P334055.l02292",
"xlink_role": "elt"}
]}
]}
]}
