{
"type": "cdl",
  "source": "http://oracc.org/saao/saa01",
  "license": "This data is released under the CC0 license",
  "license-url": "https://creativecommons.org/publicdomain/zero/1.0/",
  "more-info": "http://oracc.org/doc/opendata/",
  "UTC-timestamp": "2017-05-19T11:22:24",
"project": "saao/saa01",
"textid": "P334922",
"cdl": [
{
"node": "c",
"type": "text",
"id": "P334922.U0",
"cdl": [
{
"node": "d",
"type": "object",
"ref": ""}
,
{
"node": "d",
"subtype": "obverse",
"type": "surface",
"ref": "P334922.o.1",
"type": "obverse",
"label": "o"}
,
{
"node": "d",
"type": "nonx",
"ref": "P334922.2",
"strict": "0",
"extent": "beginning",
"state": "missing"}
,
{
"node": "c",
"type": "discourse",
"subtype": "body",
"id": "P334922.U1",
"cdl": [
{
"node": "c",
"type": "sentence",
"id": "P334922.U2",
"label": "o 1' - r 11'",
"cdl": [
{
"node": "d",
"type": "line-start",
"ref": "P334922.3",
"n": "1'",
"label": "o 1'"}
,
{
"node": "l",
"frag": "an",
"id": "P334922.l00a4c",
"ref": "P334922.3.1",
"inst": "u",
"f": {"lang": "akk-x-neoass",
"form": "an",
"pos": "u"}
}
,
{
"node": "l",
"frag": "[x",
"id": "P334922.l00a4d",
"ref": "P334922.3.2",
"inst": "u",
"f": {"lang": "akk-x-neoass",
"form": "x",
"pos": "u"}
}
,
{
"node": "l",
"frag": "x",
"id": "P334922.l00a4e",
"ref": "P334922.3.3",
"inst": "u",
"f": {"lang": "akk-x-neoass",
"form": "x",
"pos": "u"}
}
,
{
"node": "l",
"frag": "x",
"id": "P334922.l00a4f",
"ref": "P334922.3.4",
"inst": "u",
"f": {"lang": "akk-x-neoass",
"form": "x",
"pos": "u"}
}
,
{
"node": "l",
"frag": "x",
"id": "P334922.l00a50",
"ref": "P334922.3.5",
"inst": "u",
"f": {"lang": "akk-x-neoass",
"form": "x",
"pos": "u"}
}
,
{
"node": "l",
"frag": "x",
"id": "P334922.l00a51",
"ref": "P334922.3.6",
"inst": "u",
"f": {"lang": "akk-x-neoass",
"form": "x",
"pos": "u"}
}
,
{
"node": "l",
"frag": "x",
"id": "P334922.l00a52",
"ref": "P334922.3.7",
"inst": "u",
"f": {"lang": "akk-x-neoass",
"form": "x",
"pos": "u"}
}
,
{
"node": "l",
"frag": "x",
"id": "P334922.l00a53",
"ref": "P334922.3.8",
"inst": "u",
"f": {"lang": "akk-x-neoass",
"form": "x",
"pos": "u"}
}
,
{
"node": "l",
"frag": "x",
"id": "P334922.l00a54",
"ref": "P334922.3.9",
"inst": "u",
"f": {"lang": "akk-x-neoass",
"form": "x",
"pos": "u"}
}
,
{
"node": "l",
"frag": "x",
"id": "P334922.l00a55",
"ref": "P334922.3.10",
"inst": "u",
"f": {"lang": "akk-x-neoass",
"form": "x",
"pos": "u"}
}
,
{
"node": "l",
"frag": "x]",
"id": "P334922.l00a56",
"ref": "P334922.3.11",
"inst": "u",
"f": {"lang": "akk-x-neoass",
"form": "x",
"pos": "u"}
}
,
{
"node": "d",
"type": "line-start",
"ref": "P334922.4",
"n": "2'",
"label": "o 2'"}
,
{
"node": "l",
"frag": "ma",
"id": "P334922.l00a57",
"ref": "P334922.4.1",
"inst": "mā[saying]PRP",
"sig": "@saao/saa01%akk-x-neoass:ma=mā[saying//saying]PRP'PRP$mā",
"f": {"lang": "akk-x-neoass",
"form": "ma",
"cf": "mā",
"gw": "saying",
"sense": "saying",
"norm": "mā",
"pos": "PRP",
"epos": "PRP"}
}
,
{
"node": "l",
"frag": "[x",
"id": "P334922.l00a58",
"ref": "P334922.4.2",
"inst": "u",
"f": {"lang": "akk-x-neoass",
"form": "x",
"pos": "u"}
}
,
{
"node": "l",
"frag": "x",
"id": "P334922.l00a59",
"ref": "P334922.4.3",
"inst": "u",
"f": {"lang": "akk-x-neoass",
"form": "x",
"pos": "u"}
}
,
{
"node": "l",
"frag": "x",
"id": "P334922.l00a5a",
"ref": "P334922.4.4",
"inst": "u",
"f": {"lang": "akk-x-neoass",
"form": "x",
"pos": "u"}
}
,
{
"node": "l",
"frag": "x",
"id": "P334922.l00a5b",
"ref": "P334922.4.5",
"inst": "u",
"f": {"lang": "akk-x-neoass",
"form": "x",
"pos": "u"}
}
,
{
"node": "l",
"frag": "x",
"id": "P334922.l00a5c",
"ref": "P334922.4.6",
"inst": "u",
"f": {"lang": "akk-x-neoass",
"form": "x",
"pos": "u"}
}
,
{
"node": "l",
"frag": "x",
"id": "P334922.l00a5d",
"ref": "P334922.4.7",
"inst": "u",
"f": {"lang": "akk-x-neoass",
"form": "x",
"pos": "u"}
}
,
{
"node": "l",
"frag": "x",
"id": "P334922.l00a5e",
"ref": "P334922.4.8",
"inst": "u",
"f": {"lang": "akk-x-neoass",
"form": "x",
"pos": "u"}
}
,
{
"node": "l",
"frag": "x",
"id": "P334922.l00a5f",
"ref": "P334922.4.9",
"inst": "u",
"f": {"lang": "akk-x-neoass",
"form": "x",
"pos": "u"}
}
,
{
"node": "l",
"frag": "x",
"id": "P334922.l00a60",
"ref": "P334922.4.10",
"inst": "u",
"f": {"lang": "akk-x-neoass",
"form": "x",
"pos": "u"}
}
,
{
"node": "l",
"frag": "x]",
"id": "P334922.l00a61",
"ref": "P334922.4.11",
"inst": "u",
"f": {"lang": "akk-x-neoass",
"form": "x",
"pos": "u"}
}
,
{
"node": "d",
"type": "line-start",
"ref": "P334922.5",
"n": "3'",
"label": "o 3'"}
,
{
"node": "l",
"frag": "ma",
"id": "P334922.l00a62",
"ref": "P334922.5.1",
"inst": "mā[saying]PRP",
"sig": "@saao/saa01%akk-x-neoass:ma=mā[saying//saying]PRP'PRP$mā",
"f": {"lang": "akk-x-neoass",
"form": "ma",
"cf": "mā",
"gw": "saying",
"sense": "saying",
"norm": "mā",
"pos": "PRP",
"epos": "PRP"}
}
,
{
"node": "l",
"frag": "[x",
"id": "P334922.l00a63",
"ref": "P334922.5.2",
"inst": "u",
"f": {"lang": "akk-x-neoass",
"form": "x",
"pos": "u"}
}
,
{
"node": "l",
"frag": "x",
"id": "P334922.l00a64",
"ref": "P334922.5.3",
"inst": "u",
"f": {"lang": "akk-x-neoass",
"form": "x",
"pos": "u"}
}
,
{
"node": "l",
"frag": "x",
"id": "P334922.l00a65",
"ref": "P334922.5.4",
"inst": "u",
"f": {"lang": "akk-x-neoass",
"form": "x",
"pos": "u"}
}
,
{
"node": "l",
"frag": "x",
"id": "P334922.l00a66",
"ref": "P334922.5.5",
"inst": "u",
"f": {"lang": "akk-x-neoass",
"form": "x",
"pos": "u"}
}
,
{
"node": "l",
"frag": "x",
"id": "P334922.l00a67",
"ref": "P334922.5.6",
"inst": "u",
"f": {"lang": "akk-x-neoass",
"form": "x",
"pos": "u"}
}
,
{
"node": "l",
"frag": "x",
"id": "P334922.l00a68",
"ref": "P334922.5.7",
"inst": "u",
"f": {"lang": "akk-x-neoass",
"form": "x",
"pos": "u"}
}
,
{
"node": "l",
"frag": "x",
"id": "P334922.l00a69",
"ref": "P334922.5.8",
"inst": "u",
"f": {"lang": "akk-x-neoass",
"form": "x",
"pos": "u"}
}
,
{
"node": "l",
"frag": "x",
"id": "P334922.l00a6a",
"ref": "P334922.5.9",
"inst": "u",
"f": {"lang": "akk-x-neoass",
"form": "x",
"pos": "u"}
}
,
{
"node": "l",
"frag": "x",
"id": "P334922.l00a6b",
"ref": "P334922.5.10",
"inst": "u",
"f": {"lang": "akk-x-neoass",
"form": "x",
"pos": "u"}
}
,
{
"node": "l",
"frag": "x]",
"id": "P334922.l00a6c",
"ref": "P334922.5.11",
"inst": "u",
"f": {"lang": "akk-x-neoass",
"form": "x",
"pos": "u"}
}
,
{
"node": "d",
"type": "line-start",
"ref": "P334922.6",
"n": "4'",
"label": "o 4'"}
,
{
"node": "l",
"frag": "⸢ar₂⸣-[x",
"id": "P334922.l00a6d",
"ref": "P334922.6.1",
"inst": "u",
"f": {"lang": "akk-x-neoass",
"form": "ar₂-x",
"pos": "u"}
}
,
{
"node": "l",
"frag": "x",
"id": "P334922.l00a6e",
"ref": "P334922.6.2",
"inst": "u",
"f": {"lang": "akk-x-neoass",
"form": "x",
"pos": "u"}
}
,
{
"node": "l",
"frag": "x",
"id": "P334922.l00a6f",
"ref": "P334922.6.3",
"inst": "u",
"f": {"lang": "akk-x-neoass",
"form": "x",
"pos": "u"}
}
,
{
"node": "l",
"frag": "x",
"id": "P334922.l00a70",
"ref": "P334922.6.4",
"inst": "u",
"f": {"lang": "akk-x-neoass",
"form": "x",
"pos": "u"}
}
,
{
"node": "l",
"frag": "x",
"id": "P334922.l00a71",
"ref": "P334922.6.5",
"inst": "u",
"f": {"lang": "akk-x-neoass",
"form": "x",
"pos": "u"}
}
,
{
"node": "l",
"frag": "x",
"id": "P334922.l00a72",
"ref": "P334922.6.6",
"inst": "u",
"f": {"lang": "akk-x-neoass",
"form": "x",
"pos": "u"}
}
,
{
"node": "l",
"frag": "x",
"id": "P334922.l00a73",
"ref": "P334922.6.7",
"inst": "u",
"f": {"lang": "akk-x-neoass",
"form": "x",
"pos": "u"}
}
,
{
"node": "l",
"frag": "x",
"id": "P334922.l00a74",
"ref": "P334922.6.8",
"inst": "u",
"f": {"lang": "akk-x-neoass",
"form": "x",
"pos": "u"}
}
,
{
"node": "l",
"frag": "x",
"id": "P334922.l00a75",
"ref": "P334922.6.9",
"inst": "u",
"f": {"lang": "akk-x-neoass",
"form": "x",
"pos": "u"}
}
,
{
"node": "l",
"frag": "x]",
"id": "P334922.l00a76",
"ref": "P334922.6.10",
"inst": "u",
"f": {"lang": "akk-x-neoass",
"form": "x",
"pos": "u"}
}
,
{
"node": "d",
"type": "line-start",
"ref": "P334922.7",
"n": "5'",
"label": "o 5'"}
,
{
"node": "l",
"frag": "šum₂-[ma",
"id": "P334922.l00a77",
"ref": "P334922.7.1",
"inst": "šumma[if]MOD",
"sig": "@saao/saa01%akk-x-neoass:šum₂-ma=šumma[if//if]MOD'MOD$šumma",
"f": {"lang": "akk-x-neoass",
"form": "šum₂-ma",
"cf": "šumma",
"gw": "if",
"sense": "if",
"norm": "šumma",
"pos": "MOD",
"epos": "MOD"}
}
,
{
"node": "l",
"frag": "x",
"id": "P334922.l00a78",
"ref": "P334922.7.2",
"inst": "u",
"f": {"lang": "akk-x-neoass",
"form": "x",
"pos": "u"}
}
,
{
"node": "l",
"frag": "x",
"id": "P334922.l00a79",
"ref": "P334922.7.3",
"inst": "u",
"f": {"lang": "akk-x-neoass",
"form": "x",
"pos": "u"}
}
,
{
"node": "l",
"frag": "x",
"id": "P334922.l00a7a",
"ref": "P334922.7.4",
"inst": "u",
"f": {"lang": "akk-x-neoass",
"form": "x",
"pos": "u"}
}
,
{
"node": "l",
"frag": "x",
"id": "P334922.l00a7b",
"ref": "P334922.7.5",
"inst": "u",
"f": {"lang": "akk-x-neoass",
"form": "x",
"pos": "u"}
}
,
{
"node": "l",
"frag": "x",
"id": "P334922.l00a7c",
"ref": "P334922.7.6",
"inst": "u",
"f": {"lang": "akk-x-neoass",
"form": "x",
"pos": "u"}
}
,
{
"node": "l",
"frag": "x",
"id": "P334922.l00a7d",
"ref": "P334922.7.7",
"inst": "u",
"f": {"lang": "akk-x-neoass",
"form": "x",
"pos": "u"}
}
,
{
"node": "l",
"frag": "x",
"id": "P334922.l00a7e",
"ref": "P334922.7.8",
"inst": "u",
"f": {"lang": "akk-x-neoass",
"form": "x",
"pos": "u"}
}
,
{
"node": "l",
"frag": "x",
"id": "P334922.l00a7f",
"ref": "P334922.7.9",
"inst": "u",
"f": {"lang": "akk-x-neoass",
"form": "x",
"pos": "u"}
}
,
{
"node": "l",
"frag": "x]",
"id": "P334922.l00a80",
"ref": "P334922.7.10",
"inst": "u",
"f": {"lang": "akk-x-neoass",
"form": "x",
"pos": "u"}
}
,
{
"node": "d",
"type": "line-start",
"ref": "P334922.8",
"n": "6'",
"label": "o 6'"}
,
{
"node": "l",
"frag": "sa-[x",
"id": "P334922.l00a81",
"ref": "P334922.8.1",
"inst": "u",
"f": {"lang": "akk-x-neoass",
"form": "sa-x",
"pos": "u"}
}
,
{
"node": "l",
"frag": "x",
"id": "P334922.l00a82",
"ref": "P334922.8.2",
"inst": "u",
"f": {"lang": "akk-x-neoass",
"form": "x",
"pos": "u"}
}
,
{
"node": "l",
"frag": "x",
"id": "P334922.l00a83",
"ref": "P334922.8.3",
"inst": "u",
"f": {"lang": "akk-x-neoass",
"form": "x",
"pos": "u"}
}
,
{
"node": "l",
"frag": "x",
"id": "P334922.l00a84",
"ref": "P334922.8.4",
"inst": "u",
"f": {"lang": "akk-x-neoass",
"form": "x",
"pos": "u"}
}
,
{
"node": "l",
"frag": "x",
"id": "P334922.l00a85",
"ref": "P334922.8.5",
"inst": "u",
"f": {"lang": "akk-x-neoass",
"form": "x",
"pos": "u"}
}
,
{
"node": "l",
"frag": "x",
"id": "P334922.l00a86",
"ref": "P334922.8.6",
"inst": "u",
"f": {"lang": "akk-x-neoass",
"form": "x",
"pos": "u"}
}
,
{
"node": "l",
"frag": "x",
"id": "P334922.l00a87",
"ref": "P334922.8.7",
"inst": "u",
"f": {"lang": "akk-x-neoass",
"form": "x",
"pos": "u"}
}
,
{
"node": "l",
"frag": "x",
"id": "P334922.l00a88",
"ref": "P334922.8.8",
"inst": "u",
"f": {"lang": "akk-x-neoass",
"form": "x",
"pos": "u"}
}
,
{
"node": "l",
"frag": "x",
"id": "P334922.l00a89",
"ref": "P334922.8.9",
"inst": "u",
"f": {"lang": "akk-x-neoass",
"form": "x",
"pos": "u"}
}
,
{
"node": "l",
"frag": "x]",
"id": "P334922.l00a8a",
"ref": "P334922.8.10",
"inst": "u",
"f": {"lang": "akk-x-neoass",
"form": "x",
"pos": "u"}
}
,
{
"node": "d",
"type": "nonx",
"ref": "P334922.9",
"strict": "0",
"extent": "rest",
"state": "missing"}
,
{
"node": "d",
"subtype": "reverse",
"type": "surface",
"ref": "P334922.r.10",
"type": "reverse",
"label": "r"}
,
{
"node": "d",
"type": "nonx",
"ref": "P334922.11",
"strict": "0",
"extent": "beginning",
"state": "missing"}
,
{
"node": "d",
"type": "line-start",
"ref": "P334922.12",
"n": "1'",
"label": "r 1'"}
,
{
"node": "l",
"frag": "[šum-ma]",
"id": "P334922.l00a8b",
"ref": "P334922.12.1",
"inst": "šumma[if]MOD",
"sig": "@saao/saa01%akk-x-neoass:šum-ma=šumma[if//if]MOD'MOD$šumma",
"f": {"lang": "akk-x-neoass",
"form": "šum-ma",
"cf": "šumma",
"gw": "if",
"sense": "if",
"norm": "šumma",
"pos": "MOD",
"epos": "MOD"}
}
,
{
"node": "l",
"frag": "ta-šap-⸢pa-ra⸣",
"id": "P334922.l00a8c",
"ref": "P334922.12.2",
"inst": "šapāru[send//write]V$tašappara",
"sig": "@saao/saa01%akk-x-neoass:ta-šap-pa-ra=šapāru[send//write]V'V$tašappara",
"f": {"lang": "akk-x-neoass",
"form": "ta-šap-pa-ra",
"cf": "šapāru",
"gw": "send",
"sense": "write",
"norm": "tašappara",
"pos": "V",
"epos": "V"}
}
,
{
"node": "l",
"frag": "[x",
"id": "P334922.l00a8d",
"ref": "P334922.12.3",
"inst": "u",
"f": {"lang": "akk-x-neoass",
"form": "x",
"pos": "u"}
}
,
{
"node": "l",
"frag": "x",
"id": "P334922.l00a8e",
"ref": "P334922.12.4",
"inst": "u",
"f": {"lang": "akk-x-neoass",
"form": "x",
"pos": "u"}
}
,
{
"node": "l",
"frag": "x",
"id": "P334922.l00a8f",
"ref": "P334922.12.5",
"inst": "u",
"f": {"lang": "akk-x-neoass",
"form": "x",
"pos": "u"}
}
,
{
"node": "l",
"frag": "x",
"id": "P334922.l00a90",
"ref": "P334922.12.6",
"inst": "u",
"f": {"lang": "akk-x-neoass",
"form": "x",
"pos": "u"}
}
,
{
"node": "l",
"frag": "x",
"id": "P334922.l00a91",
"ref": "P334922.12.7",
"inst": "u",
"f": {"lang": "akk-x-neoass",
"form": "x",
"pos": "u"}
}
,
{
"node": "l",
"frag": "x]",
"id": "P334922.l00a92",
"ref": "P334922.12.8",
"inst": "u",
"f": {"lang": "akk-x-neoass",
"form": "x",
"pos": "u"}
}
,
{
"node": "d",
"type": "line-start",
"ref": "P334922.13",
"n": "2'",
"label": "r 2'"}
,
{
"node": "l",
"frag": "[a]-⸢na⸣",
"id": "P334922.l00a93",
"ref": "P334922.13.1",
"inst": "ana[to]PRP",
"sig": "@saao/saa01%akk-x-neoass:a-na=ana[to//to]PRP'PRP$ana",
"f": {"lang": "akk-x-neoass",
"form": "a-na",
"cf": "ana",
"gw": "to",
"sense": "to",
"norm": "ana",
"pos": "PRP",
"epos": "PRP"}
}
,
{
"node": "c",
"type": "phrase",
"tag": "phr",
"id": "P334922.U4",
"ref": "P334922.ls00000",
"cdl": [
{
"node": "l",
"frag": "{lu₂v}EN-URU-u₂-ti\\t",
"id": "P334922.l00a94",
"ref": "P334922.13.2",
"cof-tails": "P334922.l00a95",
"inst": "bēlu[lord]N$bēl&ālūtu[of the city]N$ālūti",
"sig": "@saao/saa01%akk-x-neoass:{LU₂}EN-URU-u₂-ti=bēlu[lord//lord]N'N$bēl&&@saao%akk-x-neoass:=ālūtu[of the city//of the city]N'N$ālūti",
"f": {"lang": "akk-x-neoass",
"form": "{LU₂}EN-URU-u₂-ti",
"cf": "bēlu",
"gw": "lord",
"sense": "lord",
"norm": "bēl",
"pos": "N",
"epos": "N"}
}
,
{
"node": "l",
"frag": "{lu₂v}EN-URU-u₂-ti\\t",
"id": "P334922.l00a95",
"ref": "P334922.13.2",
"cof-head": "P334922.l00a94",
"inst": "bēlu[lord]N$bēl&ālūtu[of the city]N$ālūti",
"tail-sig": "@saao%akk-x-neoass:=ālūtu[of the city//of the city]N'N$ālūti",
"f": {"lang": "akk-x-neoass",
"form": "{LU₂}EN-URU-u₂-ti",
"cf": "ālūtu",
"gw": "of the city",
"sense": "of the city",
"norm": "ālūti",
"pos": "N",
"epos": "N"}
}
]}
,
{
"node": "l",
"frag": "⸢a⸣-[na",
"id": "P334922.l00a96",
"ref": "P334922.13.3",
"inst": "ana[to]PRP",
"sig": "@saao/saa01%akk-x-neoass:a-na=ana[to//to]PRP'PRP$ana",
"f": {"lang": "akk-x-neoass",
"form": "a-na",
"cf": "ana",
"gw": "to",
"sense": "to",
"norm": "ana",
"pos": "PRP",
"epos": "PRP"}
}
,
{
"node": "l",
"frag": "x",
"id": "P334922.l00a97",
"ref": "P334922.13.4",
"inst": "u",
"f": {"lang": "akk-x-neoass",
"form": "x",
"pos": "u"}
}
,
{
"node": "l",
"frag": "x",
"id": "P334922.l00a98",
"ref": "P334922.13.5",
"inst": "u",
"f": {"lang": "akk-x-neoass",
"form": "x",
"pos": "u"}
}
,
{
"node": "l",
"frag": "x]",
"id": "P334922.l00a99",
"ref": "P334922.13.6",
"inst": "u",
"f": {"lang": "akk-x-neoass",
"form": "x",
"pos": "u"}
}
,
{
"node": "d",
"type": "line-start",
"ref": "P334922.14",
"n": "3'",
"label": "r 3'"}
,
{
"node": "l",
"frag": "nu-ram-ma",
"id": "P334922.l00a9a",
"ref": "P334922.14.1",
"inst": "ramû[slacken//leave]V$nuramma",
"sig": "@saao/saa01%akk-x-neoass:nu-ram-ma=ramû[slacken//leave]V'V$nuramma",
"f": {"lang": "akk-x-neoass",
"form": "nu-ram-ma",
"cf": "ramû",
"gw": "slacken",
"sense": "leave",
"norm": "nuramma",
"pos": "V",
"epos": "V"}
}
,
{
"node": "l",
"frag": "u₂-ma-a",
"id": "P334922.l00a9b",
"ref": "P334922.14.2",
"inst": "ūmâ[now]AV",
"sig": "@saao/saa01%akk-x-neoass:u₂-ma-a=ūma[today//now]AV'AV$ūmâ",
"f": {"lang": "akk-x-neoass",
"form": "u₂-ma-a",
"cf": "ūma",
"gw": "today",
"sense": "now",
"norm": "ūmâ",
"pos": "AV",
"epos": "AV"}
}
,
{
"node": "l",
"frag": "an-nu-[rig",
"id": "P334922.l00a9c",
"ref": "P334922.14.3",
"inst": "annurig[now]AV",
"sig": "@saao/saa01%akk-x-neoass:an-nu-rig=annûri[now//now]AV'AV$annurig",
"f": {"lang": "akk-x-neoass",
"form": "an-nu-rig",
"cf": "annûri",
"gw": "now",
"sense": "now",
"norm": "annurig",
"pos": "AV",
"epos": "AV"}
}
,
{
"node": "l",
"frag": "a-sap-rak-ku-nu]",
"id": "P334922.l00a9d",
"ref": "P334922.14.4",
"inst": "šapāru[send//write]V$assaprakkunu",
"sig": "@saao/saa01%akk-x-neoass:a-sap-rak-ku-nu=šapāru[send//write]V'V$assaprakkunu",
"f": {"lang": "akk-x-neoass",
"form": "a-sap-rak-ku-nu",
"cf": "šapāru",
"gw": "send",
"sense": "write",
"norm": "assaprakkunu",
"pos": "V",
"epos": "V"}
}
,
{
"node": "d",
"type": "line-start",
"ref": "P334922.15",
"n": "4'",
"label": "r 4'"}
,
{
"node": "l",
"frag": "ki-i",
"id": "P334922.l00a9e",
"ref": "P334922.15.1",
"inst": "kî[when]'SBJ",
"sig": "@saao/saa01%akk-x-neoass:ki-i=kī[like//when]PRP'SBJ$kî",
"f": {"lang": "akk-x-neoass",
"form": "ki-i",
"cf": "kī",
"gw": "like",
"sense": "when",
"norm": "kî",
"pos": "PRP",
"epos": "SBJ"}
}
,
{
"node": "l",
"frag": "{1}iš-pa-ba-ra",
"id": "P334922.l00a9f",
"ref": "P334922.15.2",
"inst": "Ašpa-bara[]PN$Išpa-bara",
"sig": "@saao/saa01%akk-x-neoass:{1}iš-pa-ba-ra=Ašpa-bara[1//1]PN'PN$Išpa-bara",
"f": {"lang": "akk-x-neoass",
"form": "{1}iš-pa-ba-ra",
"cf": "Ašpa-bara",
"gw": "1",
"sense": "1",
"norm": "Išpa-bara",
"pos": "PN",
"epos": "PN"}
}
,
{
"node": "l",
"frag": "⸢a⸣-[na",
"id": "P334922.l00aa0",
"ref": "P334922.15.3",
"inst": "ana[to]PRP",
"sig": "@saao/saa01%akk-x-neoass:a-na=ana[to//to]PRP'PRP$ana",
"f": {"lang": "akk-x-neoass",
"form": "a-na",
"cf": "ana",
"gw": "to",
"sense": "to",
"norm": "ana",
"pos": "PRP",
"epos": "PRP"}
}
,
{
"node": "c",
"type": "phrase",
"tag": "phr",
"id": "P334922.U5",
"ref": "P334922.ls00001",
"cdl": [
{
"node": "l",
"frag": "{lu₂v}EN-URU-u₂-ti]",
"id": "P334922.l00aa1",
"ref": "P334922.15.4",
"cof-tails": "P334922.l00aa2",
"inst": "bēlu[lord]N$bēl&ālūtu[of the city]N$ālūti",
"sig": "@saao/saa01%akk-x-neoass:{LU₂}EN-URU-u₂-ti=bēlu[lord//lord]N'N$bēl&&@saao%akk-x-neoass:=ālūtu[of the city//of the city]N'N$ālūti",
"f": {"lang": "akk-x-neoass",
"form": "{LU₂}EN-URU-u₂-ti",
"cf": "bēlu",
"gw": "lord",
"sense": "lord",
"norm": "bēl",
"pos": "N",
"epos": "N"}
}
,
{
"node": "l",
"frag": "{lu₂v}EN-URU-u₂-ti]",
"id": "P334922.l00aa2",
"ref": "P334922.15.4",
"cof-head": "P334922.l00aa1",
"inst": "bēlu[lord]N$bēl&ālūtu[of the city]N$ālūti",
"tail-sig": "@saao%akk-x-neoass:=ālūtu[of the city//of the city]N'N$ālūti",
"f": {"lang": "akk-x-neoass",
"form": "{LU₂}EN-URU-u₂-ti",
"cf": "ālūtu",
"gw": "of the city",
"sense": "of the city",
"norm": "ālūti",
"pos": "N",
"epos": "N"}
}
]}
,
{
"node": "d",
"type": "line-start",
"ref": "P334922.16",
"n": "5'",
"label": "r 5'"}
,
{
"node": "l",
"frag": "ta-paq-qi-da-a-ni",
"id": "P334922.l00aa3",
"ref": "P334922.16.1",
"inst": "paqādu[entrust//appoint]V$tapaqqidāni",
"sig": "@saao/saa01%akk-x-neoass:ta-paq-qi-da-a-ni=paqādu[entrust//appoint]V'V$tapaqqidāni",
"f": {"lang": "akk-x-neoass",
"form": "ta-paq-qi-da-a-ni",
"cf": "paqādu",
"gw": "entrust",
"sense": "appoint",
"norm": "tapaqqidāni",
"pos": "V",
"epos": "V"}
}
,
{
"node": "l",
"frag": "⸢x⸣+[x",
"id": "P334922.l00aa4",
"ref": "P334922.16.2",
"inst": "u",
"f": {"lang": "akk-x-neoass",
"form": "x+x",
"pos": "u"}
}
,
{
"node": "l",
"frag": "x",
"id": "P334922.l00aa5",
"ref": "P334922.16.3",
"inst": "u",
"f": {"lang": "akk-x-neoass",
"form": "x",
"pos": "u"}
}
,
{
"node": "l",
"frag": "x",
"id": "P334922.l00aa6",
"ref": "P334922.16.4",
"inst": "u",
"f": {"lang": "akk-x-neoass",
"form": "x",
"pos": "u"}
}
,
{
"node": "l",
"frag": "x",
"id": "P334922.l00aa7",
"ref": "P334922.16.5",
"inst": "u",
"f": {"lang": "akk-x-neoass",
"form": "x",
"pos": "u"}
}
,
{
"node": "l",
"frag": "x]",
"id": "P334922.l00aa8",
"ref": "P334922.16.6",
"inst": "u",
"f": {"lang": "akk-x-neoass",
"form": "x",
"pos": "u"}
}
,
{
"node": "d",
"type": "line-start",
"ref": "P334922.17",
"n": "6'",
"label": "r 6'"}
,
{
"node": "l",
"frag": "u₃",
"id": "P334922.l00aa9",
"ref": "P334922.17.1",
"inst": "u[and]CNJ",
"sig": "@saao/saa01%akk-x-neoass:u₃=u[and//and]CNJ'CNJ$u",
"f": {"lang": "akk-x-neoass",
"form": "u₃",
"cf": "u",
"gw": "and",
"sense": "and",
"norm": "u",
"pos": "CNJ",
"epos": "CNJ"}
}
,
{
"node": "l",
"frag": "{1}lu-tu-u₂",
"id": "P334922.l00aaa",
"ref": "P334922.17.2",
"inst": "Lutu[1]PN",
"sig": "@saao/saa01%akk-x-neoass:{1}lu-tu-u₂=Lutu[1//1]PN'PN$Lutu",
"f": {"lang": "akk-x-neoass",
"form": "{1}lu-tu-u₂",
"cf": "Lutu",
"gw": "1",
"sense": "1",
"norm": "Lutu",
"pos": "PN",
"epos": "PN"}
}
,
{
"node": "l",
"frag": "⸢i⸣-[x",
"id": "P334922.l00aab",
"ref": "P334922.17.3",
"inst": "u",
"f": {"lang": "akk-x-neoass",
"form": "i-x",
"pos": "u"}
}
,
{
"node": "l",
"frag": "x",
"id": "P334922.l00aac",
"ref": "P334922.17.4",
"inst": "u",
"f": {"lang": "akk-x-neoass",
"form": "x",
"pos": "u"}
}
,
{
"node": "l",
"frag": "x",
"id": "P334922.l00aad",
"ref": "P334922.17.5",
"inst": "u",
"f": {"lang": "akk-x-neoass",
"form": "x",
"pos": "u"}
}
,
{
"node": "l",
"frag": "x",
"id": "P334922.l00aae",
"ref": "P334922.17.6",
"inst": "u",
"f": {"lang": "akk-x-neoass",
"form": "x",
"pos": "u"}
}
,
{
"node": "l",
"frag": "x]",
"id": "P334922.l00aaf",
"ref": "P334922.17.7",
"inst": "u",
"f": {"lang": "akk-x-neoass",
"form": "x",
"pos": "u"}
}
,
{
"node": "d",
"type": "line-start",
"ref": "P334922.18",
"n": "7'",
"label": "r 7'"}
,
{
"node": "l",
"frag": "UN-MEŠ-šu₂-nu",
"id": "P334922.l00ab0",
"ref": "P334922.18.1",
"inst": "nišēšunu[people]N",
"sig": "@saao/saa01%akk-x-neoass:UN-MEŠ-šu₂-nu=nišu[people//people]N'N$nišēšunu",
"f": {"lang": "akk-x-neoass",
"form": "UN-MEŠ-šu₂-nu",
"cf": "nišu",
"gw": "people",
"sense": "people",
"norm": "nišēšunu",
"pos": "N",
"epos": "N"}
}
,
{
"node": "l",
"frag": "ta-na-[x",
"id": "P334922.l00ab1",
"ref": "P334922.18.2",
"inst": "u",
"f": {"lang": "akk-x-neoass",
"form": "ta-na-x",
"pos": "u"}
}
,
{
"node": "l",
"frag": "x",
"id": "P334922.l00ab2",
"ref": "P334922.18.3",
"inst": "u",
"f": {"lang": "akk-x-neoass",
"form": "x",
"pos": "u"}
}
,
{
"node": "l",
"frag": "x",
"id": "P334922.l00ab3",
"ref": "P334922.18.4",
"inst": "u",
"f": {"lang": "akk-x-neoass",
"form": "x",
"pos": "u"}
}
,
{
"node": "l",
"frag": "x",
"id": "P334922.l00ab4",
"ref": "P334922.18.5",
"inst": "u",
"f": {"lang": "akk-x-neoass",
"form": "x",
"pos": "u"}
}
,
{
"node": "l",
"frag": "x]",
"id": "P334922.l00ab5",
"ref": "P334922.18.6",
"inst": "u",
"f": {"lang": "akk-x-neoass",
"form": "x",
"pos": "u"}
}
,
{
"node": "d",
"type": "line-start",
"ref": "P334922.19",
"n": "8'",
"label": "r 8'"}
,
{
"node": "l",
"frag": "me-me-ni",
"id": "P334922.l00ab6",
"ref": "P334922.19.1",
"inst": "memmēni[anybody]XP",
"sig": "@saao/saa01%akk-x-neoass:me-me-ni=memēni[somebody//anybody]XP'XP$memmēni",
"f": {"lang": "akk-x-neoass",
"form": "me-me-ni",
"cf": "memēni",
"gw": "somebody",
"sense": "anybody",
"norm": "memmēni",
"pos": "XP",
"epos": "XP"}
}
,
{
"node": "l",
"frag": "la",
"id": "P334922.l00ab7",
"ref": "P334922.19.2",
"inst": "lā[not]MOD",
"sig": "@saao/saa01%akk-x-neoass:la=lā[not//not]MOD'MOD$lā",
"f": {"lang": "akk-x-neoass",
"form": "la",
"cf": "lā",
"gw": "not",
"sense": "not",
"norm": "lā",
"pos": "MOD",
"epos": "MOD"}
}
,
{
"node": "l",
"frag": "ep-pa-[aš₂",
"id": "P334922.l00ab8",
"ref": "P334922.19.3",
"inst": "eppaš[make]V",
"sig": "@saao/saa01%akk-x-neoass:ep-pa-aš₂=epēšu[do//make]V'V$eppaš",
"f": {"lang": "akk-x-neoass",
"form": "ep-pa-aš₂",
"cf": "epēšu",
"gw": "do",
"sense": "make",
"norm": "eppaš",
"pos": "V",
"epos": "V"}
}
,
{
"node": "l",
"frag": "x",
"id": "P334922.l00ab9",
"ref": "P334922.19.4",
"inst": "u",
"f": {"lang": "akk-x-neoass",
"form": "x",
"pos": "u"}
}
,
{
"node": "l",
"frag": "x",
"id": "P334922.l00aba",
"ref": "P334922.19.5",
"inst": "u",
"f": {"lang": "akk-x-neoass",
"form": "x",
"pos": "u"}
}
,
{
"node": "l",
"frag": "x",
"id": "P334922.l00abb",
"ref": "P334922.19.6",
"inst": "u",
"f": {"lang": "akk-x-neoass",
"form": "x",
"pos": "u"}
}
,
{
"node": "l",
"frag": "x",
"id": "P334922.l00abc",
"ref": "P334922.19.7",
"inst": "u",
"f": {"lang": "akk-x-neoass",
"form": "x",
"pos": "u"}
}
,
{
"node": "l",
"frag": "x]",
"id": "P334922.l00abd",
"ref": "P334922.19.8",
"inst": "u",
"f": {"lang": "akk-x-neoass",
"form": "x",
"pos": "u"}
}
,
{
"node": "d",
"type": "line-start",
"ref": "P334922.20",
"n": "9'",
"label": "r 9'"}
,
{
"node": "l",
"frag": "am-mar",
"id": "P334922.l00abe",
"ref": "P334922.20.1",
"inst": "ammar[as much as//as long as]REL$",
"sig": "@saao/saa01%akk-x-neoass:am-mar=ammar[as much as//as long as]REL'REL$ammar",
"f": {"lang": "akk-x-neoass",
"form": "am-mar",
"cf": "ammar",
"gw": "as much as",
"sense": "as long as",
"norm": "ammar",
"pos": "REL",
"epos": "REL"}
}
,
{
"node": "l",
"frag": "UD-me-šu₂",
"id": "P334922.l00abf",
"ref": "P334922.20.2",
"inst": "ūmēšu[day]N",
"sig": "@saao/saa01%akk-x-neoass:UD-me-šu₂=ūmu[day//day]N'N$ūmēšu",
"f": {"lang": "akk-x-neoass",
"form": "UD-me-šu₂",
"cf": "ūmu",
"gw": "day",
"sense": "day",
"norm": "ūmēšu",
"pos": "N",
"epos": "N"}
}
,
{
"node": "l",
"frag": "[x",
"id": "P334922.l00ac0",
"ref": "P334922.20.3",
"inst": "u",
"f": {"lang": "akk-x-neoass",
"form": "x",
"pos": "u"}
}
,
{
"node": "l",
"frag": "x",
"id": "P334922.l00ac1",
"ref": "P334922.20.4",
"inst": "u",
"f": {"lang": "akk-x-neoass",
"form": "x",
"pos": "u"}
}
,
{
"node": "l",
"frag": "x",
"id": "P334922.l00ac2",
"ref": "P334922.20.5",
"inst": "u",
"f": {"lang": "akk-x-neoass",
"form": "x",
"pos": "u"}
}
,
{
"node": "l",
"frag": "x",
"id": "P334922.l00ac3",
"ref": "P334922.20.6",
"inst": "u",
"f": {"lang": "akk-x-neoass",
"form": "x",
"pos": "u"}
}
,
{
"node": "l",
"frag": "x",
"id": "P334922.l00ac4",
"ref": "P334922.20.7",
"inst": "u",
"f": {"lang": "akk-x-neoass",
"form": "x",
"pos": "u"}
}
,
{
"node": "l",
"frag": "x",
"id": "P334922.l00ac5",
"ref": "P334922.20.8",
"inst": "u",
"f": {"lang": "akk-x-neoass",
"form": "x",
"pos": "u"}
}
,
{
"node": "l",
"frag": "x]",
"id": "P334922.l00ac6",
"ref": "P334922.20.9",
"inst": "u",
"f": {"lang": "akk-x-neoass",
"form": "x",
"pos": "u"}
}
,
{
"node": "d",
"type": "line-start",
"ref": "P334922.21",
"n": "10'",
"label": "r 10'"}
,
{
"node": "l",
"frag": "na-ṣa-aš₂-šu₂-⸢nu⸣",
"id": "P334922.l00ac7",
"ref": "P334922.21.1",
"inst": "našû[lifted//brought]AJ$naṣaššunu",
"sig": "@saao/saa01%akk-x-neoass:na-ṣa-aš₂-šu₂-nu=našû[lifted//brought]AJ'AJ$naṣaššunu",
"f": {"lang": "akk-x-neoass",
"form": "na-ṣa-aš₂-šu₂-nu",
"cf": "našû",
"gw": "lifted",
"sense": "brought",
"norm": "naṣaššunu",
"pos": "AJ",
"epos": "AJ"}
}
,
{
"node": "l",
"frag": "[x",
"id": "P334922.l00ac8",
"ref": "P334922.21.2",
"inst": "u",
"f": {"lang": "akk-x-neoass",
"form": "x",
"pos": "u"}
}
,
{
"node": "l",
"frag": "x",
"id": "P334922.l00ac9",
"ref": "P334922.21.3",
"inst": "u",
"f": {"lang": "akk-x-neoass",
"form": "x",
"pos": "u"}
}
,
{
"node": "l",
"frag": "x",
"id": "P334922.l00aca",
"ref": "P334922.21.4",
"inst": "u",
"f": {"lang": "akk-x-neoass",
"form": "x",
"pos": "u"}
}
,
{
"node": "l",
"frag": "x",
"id": "P334922.l00acb",
"ref": "P334922.21.5",
"inst": "u",
"f": {"lang": "akk-x-neoass",
"form": "x",
"pos": "u"}
}
,
{
"node": "l",
"frag": "x",
"id": "P334922.l00acc",
"ref": "P334922.21.6",
"inst": "u",
"f": {"lang": "akk-x-neoass",
"form": "x",
"pos": "u"}
}
,
{
"node": "l",
"frag": "x",
"id": "P334922.l00acd",
"ref": "P334922.21.7",
"inst": "u",
"f": {"lang": "akk-x-neoass",
"form": "x",
"pos": "u"}
}
,
{
"node": "l",
"frag": "x]",
"id": "P334922.l00ace",
"ref": "P334922.21.8",
"inst": "u",
"f": {"lang": "akk-x-neoass",
"form": "x",
"pos": "u"}
}
,
{
"node": "d",
"type": "line-start",
"ref": "P334922.22",
"n": "11'",
"label": "r 11'"}
,
{
"node": "l",
"frag": "[nu]-šal-⸢lam⸣",
"id": "P334922.l00acf",
"ref": "P334922.22.1",
"inst": "šalāmu[be(come) health//complete]V$nušallam",
"sig": "@saao/saa01%akk-x-neoass:nu-šal-lam=šalāmu[be(come) healthy//complete]V'V$nušallam",
"f": {"lang": "akk-x-neoass",
"form": "nu-šal-lam",
"cf": "šalāmu",
"gw": "be(come) healthy",
"sense": "complete",
"norm": "nušallam",
"pos": "V",
"epos": "V"}
}
,
{
"node": "l",
"frag": "[x",
"id": "P334922.l00ad0",
"ref": "P334922.22.2",
"inst": "u",
"f": {"lang": "akk-x-neoass",
"form": "x",
"pos": "u"}
}
,
{
"node": "l",
"frag": "x",
"id": "P334922.l00ad1",
"ref": "P334922.22.3",
"inst": "u",
"f": {"lang": "akk-x-neoass",
"form": "x",
"pos": "u"}
}
,
{
"node": "l",
"frag": "x",
"id": "P334922.l00ad2",
"ref": "P334922.22.4",
"inst": "u",
"f": {"lang": "akk-x-neoass",
"form": "x",
"pos": "u"}
}
,
{
"node": "l",
"frag": "x",
"id": "P334922.l00ad3",
"ref": "P334922.22.5",
"inst": "u",
"f": {"lang": "akk-x-neoass",
"form": "x",
"pos": "u"}
}
,
{
"node": "l",
"frag": "x",
"id": "P334922.l00ad4",
"ref": "P334922.22.6",
"inst": "u",
"f": {"lang": "akk-x-neoass",
"form": "x",
"pos": "u"}
}
,
{
"node": "l",
"frag": "x",
"id": "P334922.l00ad5",
"ref": "P334922.22.7",
"inst": "u",
"f": {"lang": "akk-x-neoass",
"form": "x",
"pos": "u"}
}
,
{
"node": "l",
"frag": "x]",
"id": "P334922.l00ad6",
"ref": "P334922.22.8",
"inst": "u",
"f": {"lang": "akk-x-neoass",
"form": "x",
"pos": "u"}
}
,
{
"node": "d",
"type": "nonx",
"ref": "P334922.23",
"strict": "0",
"extent": "rest",
"state": "missing"}
]}
]}
]}
,
{
"linkbase": [{
"type": "linkset",
"xlink_title": "bēl ālūti[city-lordship//city-lordship]N'N",
"id": "P334922.ls00000",
"xlink_type": "extended",
"xlink_role": "psu",
"sig": "{bēlu[lord]N ālūtu[of the city]N += bēl ālūti[city-lordship//city-lordship]N'N}::@saao%akk-x-neoass:{LU₂}EN-URU-u₂-ti=bēlu[lord//lord]N'N$bēl++@saao%akk-x-neoass:{LU₂}EN-URU-u₂-ti=ālūtu[of the city//of the city]N'N$ālūti",
"links": [
{
"type": "link",
"xlink_title": "bēlu",
"xlink_type": "locator",
"xlink_href": "#P334922.l00a94",
"xlink_role": "elt"}
,
{
"type": "link",
"xlink_title": "ālūtu",
"xlink_type": "locator",
"xlink_href": "#P334922.l00a95",
"xlink_role": "elt"}
]}
,
{
"type": "linkset",
"xlink_title": "bēl ālūti[city-lordship//city-lordship]N'N",
"id": "P334922.ls00001",
"xlink_type": "extended",
"xlink_role": "psu",
"sig": "{bēlu[lord]N ālūtu[of the city]N += bēl ālūti[city-lordship//city-lordship]N'N}::@saao%akk-x-neoass:{LU₂}EN-URU-u₂-ti=bēlu[lord//lord]N'N$bēl++@saao%akk-x-neoass:{LU₂}EN-URU-u₂-ti=ālūtu[of the city//of the city]N'N$ālūti",
"links": [
{
"type": "link",
"xlink_title": "bēlu",
"xlink_type": "locator",
"xlink_href": "#P334922.l00aa1",
"xlink_role": "elt"}
,
{
"type": "link",
"xlink_title": "ālūtu",
"xlink_type": "locator",
"xlink_href": "#P334922.l00aa2",
"xlink_role": "elt"}
]}
]}
]}
