{
"type": "cdl",
  "source": "http://oracc.org/saao/saa01",
  "license": "This data is released under the CC0 license",
  "license-url": "https://creativecommons.org/publicdomain/zero/1.0/",
  "more-info": "http://oracc.org/doc/opendata/",
  "UTC-timestamp": "2017-05-19T11:22:21",
"project": "saao/saa01",
"textid": "P334792",
"cdl": [
{
"node": "c",
"type": "text",
"id": "P334792.U0",
"cdl": [
{
"node": "d",
"type": "object",
"ref": ""}
,
{
"node": "d",
"subtype": "obverse",
"type": "surface",
"ref": "P334792.o.1",
"type": "obverse",
"label": "o"}
,
{
"node": "c",
"type": "discourse",
"subtype": "body",
"id": "P334792.U1",
"cdl": [
{
"node": "c",
"type": "sentence",
"id": "P334792.U2",
"label": "o 1 - r 7'",
"cdl": [
{
"node": "d",
"type": "line-start",
"ref": "P334792.2",
"n": "1",
"label": "o 1"}
,
{
"node": "l",
"frag": "[a-na",
"id": "P334792.l0558b",
"ref": "P334792.2.1",
"inst": "ana[to]PRP",
"sig": "@saao/saa01%akk-x-neoass:a-na=ana[to//to]PRP'PRP$ana",
"f": {"lang": "akk-x-neoass",
"form": "a-na",
"cf": "ana",
"gw": "to",
"sense": "to",
"norm": "ana",
"pos": "PRP",
"epos": "PRP"}
}
,
{
"node": "l",
"frag": "LUGAL",
"id": "P334792.l0558c",
"ref": "P334792.2.2",
"inst": "šarri[king]N",
"sig": "@saao/saa01%akk-x-neoass:LUGAL=šarru[king//king]N'N$šarri",
"f": {"lang": "akk-x-neoass",
"form": "LUGAL",
"cf": "šarru",
"gw": "king",
"sense": "king",
"norm": "šarri",
"pos": "N",
"epos": "N"}
}
,
{
"node": "l",
"frag": "be-li₂-ia]",
"id": "P334792.l0558d",
"ref": "P334792.2.3",
"inst": "bēlīya[lord]N",
"sig": "@saao/saa01%akk-x-neoass:be-li₂-ia=bēlu[lord//lord]N'N$bēlīya",
"f": {"lang": "akk-x-neoass",
"form": "be-li₂-ia",
"cf": "bēlu",
"gw": "lord",
"sense": "lord",
"norm": "bēlīya",
"pos": "N",
"epos": "N"}
}
,
{
"node": "d",
"type": "line-start",
"ref": "P334792.3",
"n": "2",
"label": "o 2"}
,
{
"node": "l",
"frag": "ARAD-ka",
"id": "P334792.l0558e",
"ref": "P334792.3.1",
"inst": "urdaka[servant]N",
"sig": "@saao/saa01%akk-x-neoass:ARAD-ka=ardu[slave//servant]N'N$urdaka",
"f": {"lang": "akk-x-neoass",
"form": "ARAD-ka",
"cf": "ardu",
"gw": "slave",
"sense": "servant",
"norm": "urdaka",
"pos": "N",
"epos": "N"}
}
,
{
"node": "l",
"frag": "{1}{⸢d⸣}[PA-SIG₅-iq]",
"id": "P334792.l0558f",
"ref": "P334792.3.2",
"inst": "Nabu-deʾiq[1]PN",
"sig": "@saao/saa01%akk-x-neoass:{1}{d}PA-SIG₅-iq=Nabu-deʾiq[1//1]PN'PN$Nabu-deʾiq",
"f": {"lang": "akk-x-neoass",
"form": "{1}{d}PA-SIG₅-iq",
"cf": "Nabu-deʾiq",
"gw": "1",
"sense": "1",
"norm": "Nabu-deʾiq",
"pos": "PN",
"epos": "PN"}
}
,
{
"node": "d",
"type": "line-start",
"ref": "P334792.4",
"n": "3",
"label": "o 3"}
,
{
"node": "l",
"frag": "lu",
"id": "P334792.l05590",
"ref": "P334792.4.1",
"inst": "lū[may]MOD",
"sig": "@saao/saa01%akk-x-neoass:lu=lū[may//may]MOD'MOD$lū",
"f": {"lang": "akk-x-neoass",
"form": "lu",
"cf": "lū",
"gw": "may",
"sense": "may",
"norm": "lū",
"pos": "MOD",
"epos": "MOD"}
}
,
{
"node": "l",
"frag": "DI-mu",
"id": "P334792.l05591",
"ref": "P334792.4.2",
"inst": "šulmu[health]N",
"sig": "@saao/saa01%akk-x-neoass:DI-mu=šulmu[completeness//health]N'N$šulmu",
"f": {"lang": "akk-x-neoass",
"form": "DI-mu",
"cf": "šulmu",
"gw": "completeness",
"sense": "health",
"norm": "šulmu",
"pos": "N",
"epos": "N"}
}
,
{
"node": "l",
"frag": "a-na\\td",
"id": "P334792.l05592",
"ref": "P334792.4.3",
"inst": "ana[to]PRP",
"sig": "@saao/saa01%akk-x-neoass:a-na=ana[to//to]PRP'PRP$ana",
"f": {"lang": "akk-x-neoass",
"form": "a-na",
"cf": "ana",
"gw": "to",
"sense": "to",
"norm": "ana",
"pos": "PRP",
"epos": "PRP"}
}
,
{
"node": "l",
"frag": "LUGAL",
"id": "P334792.l05593",
"ref": "P334792.4.4",
"inst": "šarri[king]N",
"sig": "@saao/saa01%akk-x-neoass:LUGAL=šarru[king//king]N'N$šarri",
"f": {"lang": "akk-x-neoass",
"form": "LUGAL",
"cf": "šarru",
"gw": "king",
"sense": "king",
"norm": "šarri",
"pos": "N",
"epos": "N"}
}
,
{
"node": "l",
"frag": "be-[li₂-ia]",
"id": "P334792.l05594",
"ref": "P334792.4.5",
"inst": "bēlīya[lord]N",
"sig": "@saao/saa01%akk-x-neoass:be-li₂-ia=bēlu[lord//lord]N'N$bēlīya",
"f": {"lang": "akk-x-neoass",
"form": "be-li₂-ia",
"cf": "bēlu",
"gw": "lord",
"sense": "lord",
"norm": "bēlīya",
"pos": "N",
"epos": "N"}
}
,
{
"node": "d",
"type": "line-start",
"ref": "P334792.5",
"n": "4",
"label": "o 4"}
,
{
"node": "c",
"type": "phrase",
"tag": "phr",
"id": "P334792.U4",
"ref": "P334792.ls00000",
"cdl": [
{
"node": "l",
"frag": "ina",
"id": "P334792.l05595",
"ref": "P334792.5.1",
"inst": "ina[in+=concerning]PRP",
"sig": "@saao/saa01%akk-x-neoass:ina=ina[in//in]PRP'PRP$ina",
"f": {"lang": "akk-x-neoass",
"form": "ina",
"cf": "ina",
"gw": "in",
"sense": "in",
"norm": "ina",
"pos": "PRP",
"epos": "PRP"}
}
,
{
"node": "l",
"frag": "UGU",
"id": "P334792.l05596",
"ref": "P334792.5.2",
"inst": "muhhi[skull]N",
"sig": "@saao/saa01%akk-x-neoass:UGU=muhhu[skull//top]N'N$muhhi",
"f": {"lang": "akk-x-neoass",
"form": "UGU",
"cf": "muhhu",
"gw": "skull",
"sense": "top",
"norm": "muhhi",
"pos": "N",
"epos": "N"}
}
]}
,
{
"node": "l",
"frag": "{giš}ši-ib-ša₂-te",
"id": "P334792.l05597",
"ref": "P334792.5.3",
"inst": "šipšatu[(length of) wood//door-beam]N$šibšāte",
"sig": "@saao/saa01%akk-x-neoass:{GIŠ}ši-ib-ša₂-te=šipšatu[(length of) wood//door-beam]N'N$šibšāte",
"f": {"lang": "akk-x-neoass",
"form": "{GIŠ}ši-ib-ša₂-te",
"cf": "šipšatu",
"gw": "(length of) wood",
"sense": "door-beam",
"norm": "šibšāte",
"pos": "N",
"epos": "N"}
}
,
{
"node": "d",
"type": "line-start",
"ref": "P334792.6",
"n": "5",
"label": "o 5"}
,
{
"node": "l",
"frag": "ša\\yd",
"id": "P334792.l05598",
"ref": "P334792.6.1",
"inst": "ša[which]REL",
"sig": "@saao/saa01%akk-x-neoass:ša=ša[that//which]REL'REL$ša",
"f": {"lang": "akk-x-neoass",
"form": "ša",
"cf": "ša",
"gw": "that",
"sense": "which",
"norm": "ša",
"pos": "REL",
"epos": "REL"}
}
,
{
"node": "l",
"frag": "LUGAL",
"id": "P334792.l05599",
"ref": "P334792.6.2",
"inst": "šarru[king]N",
"sig": "@saao/saa01%akk-x-neoass:LUGAL=šarru[king//king]N'N$šarru",
"f": {"lang": "akk-x-neoass",
"form": "LUGAL",
"cf": "šarru",
"gw": "king",
"sense": "king",
"norm": "šarru",
"pos": "N",
"epos": "N"}
}
,
{
"node": "l",
"frag": "be-li₂",
"id": "P334792.l0559a",
"ref": "P334792.6.3",
"inst": "bēlī[lord]N",
"sig": "@saao/saa01%akk-x-neoass:be-li₂=bēlu[lord//lord]N'N$bēlī",
"f": {"lang": "akk-x-neoass",
"form": "be-li₂",
"cf": "bēlu",
"gw": "lord",
"sense": "lord",
"norm": "bēlī",
"pos": "N",
"epos": "N"}
}
,
{
"node": "l",
"frag": "iš-pur-an-ni",
"id": "P334792.l0559b",
"ref": "P334792.6.4",
"inst": "išpuranni[write]V",
"sig": "@saao/saa01%akk-x-neoass:iš-pur-an-ni=šapāru[send//write]V'V$išpuranni",
"f": {"lang": "akk-x-neoass",
"form": "iš-pur-an-ni",
"cf": "šapāru",
"gw": "send",
"sense": "write",
"norm": "išpuranni",
"pos": "V",
"epos": "V"}
}
,
{
"node": "d",
"type": "line-start",
"ref": "P334792.7",
"n": "6",
"label": "o 6"}
,
{
"node": "l",
"frag": "ina",
"id": "P334792.l0559c",
"ref": "P334792.7.1",
"inst": "ina[in]PRP",
"sig": "@saao/saa01%akk-x-neoass:ina=ina[in//in]PRP'PRP$ina",
"f": {"lang": "akk-x-neoass",
"form": "ina",
"cf": "ina",
"gw": "in",
"sense": "in",
"norm": "ina",
"pos": "PRP",
"epos": "PRP"}
}
,
{
"node": "l",
"frag": "E₂.GAL",
"id": "P334792.l0559d",
"ref": "P334792.7.2",
"inst": "ēkalli[palace]N",
"sig": "@saao/saa01%akk-x-neoass:E₂.GAL=ēkallu[palace//palace]N'N$ēkalli",
"f": {"lang": "akk-x-neoass",
"form": "E₂.GAL",
"cf": "ēkallu",
"gw": "palace",
"sense": "palace",
"norm": "ēkalli",
"pos": "N",
"epos": "N"}
}
,
{
"node": "l",
"frag": "⸢iq-ṭi₂⸣-bu-u-ni",
"id": "P334792.l0559e",
"ref": "P334792.7.3",
"inst": "iqṭibûni[say]V",
"sig": "@saao/saa01%akk-x-neoass:iq-ṭi₂-bu-u-ni=qabû[say//say]V'V$iqṭibûni",
"f": {"lang": "akk-x-neoass",
"form": "iq-ṭi₂-bu-u-ni",
"cf": "qabû",
"gw": "say",
"sense": "say",
"norm": "iqṭibûni",
"pos": "V",
"epos": "V"}
}
,
{
"node": "d",
"type": "line-start",
"ref": "P334792.8",
"n": "7",
"label": "o 7"}
,
{
"node": "l",
"frag": "ma-a",
"id": "P334792.l0559f",
"ref": "P334792.8.1",
"inst": "mā[saying]PRP",
"sig": "@saao/saa01%akk-x-neoass:ma-a=mā[saying//saying]PRP'PRP$mā",
"f": {"lang": "akk-x-neoass",
"form": "ma-a",
"cf": "mā",
"gw": "saying",
"sense": "saying",
"norm": "mā",
"pos": "PRP",
"epos": "PRP"}
}
,
{
"node": "l",
"frag": "LU₂",
"id": "P334792.l055a0",
"ref": "P334792.8.2",
"inst": "amēlu[man]N",
"sig": "@saao/saa01%akk-x-neoass:LU₂=awīlu[man//man]N'N$amēlu",
"f": {"lang": "akk-x-neoass",
"form": "LU₂",
"cf": "awīlu",
"gw": "man",
"sense": "man",
"norm": "amēlu",
"pos": "N",
"epos": "N"}
}
,
{
"node": "l",
"frag": "i-si-ka",
"id": "P334792.l055a1",
"ref": "P334792.8.3",
"inst": "issīka[with]PRP",
"sig": "@saao/saa01%akk-x-neoass:i-si-ka=išti[with//with]PRP'PRP$issīka",
"f": {"lang": "akk-x-neoass",
"form": "i-si-ka",
"cf": "išti",
"gw": "with",
"sense": "with",
"norm": "issīka",
"pos": "PRP",
"epos": "PRP"}
}
,
{
"node": "d",
"type": "line-start",
"ref": "P334792.9",
"n": "8",
"label": "o 8"}
,
{
"node": "l",
"frag": "a-ša₂\\m-pa-ar",
"id": "P334792.l055a2",
"ref": "P334792.9.1",
"inst": "šapāru[send]V$ašappar",
"sig": "@saao/saa01%akk-x-neoass:a-ša₂-pa-ar=šapāru[send//send]V'V$ašappar",
"f": {"lang": "akk-x-neoass",
"form": "a-ša₂-pa-ar",
"cf": "šapāru",
"gw": "send",
"sense": "send",
"norm": "ašappar",
"pos": "V",
"epos": "V"}
}
,
{
"node": "l",
"frag": "ma-a",
"id": "P334792.l055a3",
"ref": "P334792.9.2",
"inst": "mā[saying]PRP",
"sig": "@saao/saa01%akk-x-neoass:ma-a=mā[saying//saying]PRP'PRP$mā",
"f": {"lang": "akk-x-neoass",
"form": "ma-a",
"cf": "mā",
"gw": "saying",
"sense": "saying",
"norm": "mā",
"pos": "PRP",
"epos": "PRP"}
}
,
{
"node": "l",
"frag": "il\\t-lak",
"id": "P334792.l055a4",
"ref": "P334792.9.3",
"inst": "illak[go]V",
"sig": "@saao/saa01%akk-x-neoass:il-lak=alāku[go//go]V'V$illak",
"f": {"lang": "akk-x-neoass",
"form": "il-lak",
"cf": "alāku",
"gw": "go",
"sense": "go",
"norm": "illak",
"pos": "V",
"epos": "V"}
}
,
{
"node": "d",
"type": "line-start",
"ref": "P334792.10",
"n": "9",
"label": "o 9"}
,
{
"node": "l",
"frag": "{giš}ši-ib-ša₂-te",
"id": "P334792.l055a5",
"ref": "P334792.10.1",
"inst": "šibšāte[door-beam]N",
"sig": "@saao/saa01%akk-x-neoass:{GIŠ}ši-ib-ša₂-te=šipšatu[(length of) wood//door-beam]N'N$šibšāte",
"f": {"lang": "akk-x-neoass",
"form": "{GIŠ}ši-ib-ša₂-te",
"cf": "šipšatu",
"gw": "(length of) wood",
"sense": "door-beam",
"norm": "šibšāte",
"pos": "N",
"epos": "N"}
}
,
{
"node": "l",
"frag": "e-mar",
"id": "P334792.l055a6",
"ref": "P334792.10.2",
"inst": "emmar[see]V",
"sig": "@saao/saa01%akk-x-neoass:e-mar=amāru[see//see]V'V$emmar",
"f": {"lang": "akk-x-neoass",
"form": "e-mar",
"cf": "amāru",
"gw": "see",
"sense": "see",
"norm": "emmar",
"pos": "V",
"epos": "V"}
}
,
{
"node": "d",
"type": "line-start",
"ref": "P334792.11",
"n": "10",
"label": "o 10"}
,
{
"node": "l",
"frag": "i-ba-ta-qa",
"id": "P334792.l055a7",
"ref": "P334792.11.1",
"inst": "batāqu[cut off]V$ibattāqa",
"sig": "@saao/saa01%akk-x-neoass:i-ba-ta-qa=batāqu[cut off//cut off]V'V$ibattāqa",
"f": {"lang": "akk-x-neoass",
"form": "i-ba-ta-qa",
"cf": "batāqu",
"gw": "cut off",
"sense": "cut off",
"norm": "ibattāqa",
"pos": "V",
"epos": "V"}
}
,
{
"node": "l",
"frag": "a-da\\d-kan-ni-ma",
"id": "P334792.l055a8",
"ref": "P334792.11.2",
"inst": "adakanni[until now]AV$adakannīma",
"sig": "@saao/saa01%akk-x-neoass:a-da-kan-ni-ma=adakanni[until now//until now]AV'AV$adakannīma",
"f": {"lang": "akk-x-neoass",
"form": "a-da-kan-ni-ma",
"cf": "adakanni",
"gw": "until now",
"sense": "until now",
"norm": "adakannīma",
"pos": "AV",
"epos": "AV"}
}
,
{
"node": "d",
"type": "line-start",
"ref": "P334792.12",
"n": "11",
"label": "o 11"}
,
{
"node": "l",
"frag": "la",
"id": "P334792.l055a9",
"ref": "P334792.12.1",
"inst": "lā[not]MOD",
"sig": "@saao/saa01%akk-x-neoass:la=lā[not//not]MOD'MOD$lā",
"f": {"lang": "akk-x-neoass",
"form": "la",
"cf": "lā",
"gw": "not",
"sense": "not",
"norm": "lā",
"pos": "MOD",
"epos": "MOD"}
}
,
{
"node": "l",
"frag": "il\\t-li\\td-ka",
"id": "P334792.l055aa",
"ref": "P334792.12.2",
"inst": "illika[come]V",
"sig": "@saao/saa01%akk-x-neoass:il-li-ka=alāku[go//come]V'V$illika",
"f": {"lang": "akk-x-neoass",
"form": "il-li-ka",
"cf": "alāku",
"gw": "go",
"sense": "come",
"norm": "illika",
"pos": "V",
"epos": "V"}
}
,
{
"node": "l",
"frag": "an-nu-rig",
"id": "P334792.l055ab",
"ref": "P334792.12.3",
"inst": "annurig[now]AV",
"sig": "@saao/saa01%akk-x-neoass:an-nu-rig=annûri[now//now]AV'AV$annurig",
"f": {"lang": "akk-x-neoass",
"form": "an-nu-rig",
"cf": "annûri",
"gw": "now",
"sense": "now",
"norm": "annurig",
"pos": "AV",
"epos": "AV"}
}
,
{
"node": "d",
"type": "line-start",
"ref": "P334792.13",
"n": "12",
"label": "o 12"}
,
{
"node": "c",
"type": "phrase",
"tag": "phr",
"id": "P334792.U5",
"ref": "P334792.ls00001",
"cdl": [
{
"node": "l",
"frag": "[ina",
"id": "P334792.l055ac",
"ref": "P334792.13.1",
"inst": "ina[in+=wait for someone]PRP",
"sig": "@saao/saa01%akk-x-neoass:ina=ina[in//in]PRP'PRP$ina",
"f": {"lang": "akk-x-neoass",
"form": "ina",
"cf": "ina",
"gw": "in",
"sense": "in",
"norm": "ina",
"pos": "PRP",
"epos": "PRP"}
}
,
{
"node": "l",
"frag": "pa-ni-šu]",
"id": "P334792.l055ad",
"ref": "P334792.13.2",
"inst": "pānīšu[front]N",
"sig": "@saao/saa01%akk-x-neoass:pa-ni-šu=pānu[front//front]N'N$pānīšu",
"f": {"lang": "akk-x-neoass",
"form": "pa-ni-šu",
"cf": "pānu",
"gw": "front",
"sense": "front",
"norm": "pānīšu",
"pos": "N",
"epos": "N"}
}
,
{
"node": "l",
"frag": "a-da\\d-gal",
"id": "P334792.l055ae",
"ref": "P334792.13.3",
"inst": "adaggal[see]V",
"sig": "@saao/saa01%akk-x-neoass:a-da-gal=dagālu[see//see]V'V$adaggal",
"f": {"lang": "akk-x-neoass",
"form": "a-da-gal",
"cf": "dagālu",
"gw": "see",
"sense": "see",
"norm": "adaggal",
"pos": "V",
"epos": "V"}
}
]}
,
{
"node": "d",
"type": "line-start",
"ref": "P334792.14",
"n": "13",
"label": "o 13"}
,
{
"node": "l",
"frag": "[x",
"id": "P334792.l055af",
"ref": "P334792.14.1",
"inst": "u",
"f": {"lang": "akk-x-neoass",
"form": "x",
"pos": "u"}
}
,
{
"node": "l",
"frag": "x",
"id": "P334792.l055b0",
"ref": "P334792.14.2",
"inst": "u",
"f": {"lang": "akk-x-neoass",
"form": "x",
"pos": "u"}
}
,
{
"node": "l",
"frag": "x",
"id": "P334792.l055b1",
"ref": "P334792.14.3",
"inst": "u",
"f": {"lang": "akk-x-neoass",
"form": "x",
"pos": "u"}
}
,
{
"node": "l",
"frag": "x",
"id": "P334792.l055b2",
"ref": "P334792.14.4",
"inst": "u",
"f": {"lang": "akk-x-neoass",
"form": "x",
"pos": "u"}
}
,
{
"node": "l",
"frag": "x",
"id": "P334792.l055b3",
"ref": "P334792.14.5",
"inst": "u",
"f": {"lang": "akk-x-neoass",
"form": "x",
"pos": "u"}
}
,
{
"node": "l",
"frag": "x",
"id": "P334792.l055b4",
"ref": "P334792.14.6",
"inst": "u",
"f": {"lang": "akk-x-neoass",
"form": "x",
"pos": "u"}
}
,
{
"node": "l",
"frag": "x]+⸢x⸣",
"id": "P334792.l055b5",
"ref": "P334792.14.7",
"inst": "u",
"f": {"lang": "akk-x-neoass",
"form": "x+x",
"pos": "u"}
}
,
{
"node": "d",
"type": "nonx",
"ref": "P334792.15",
"strict": "0",
"extent": "rest",
"state": "missing"}
,
{
"node": "d",
"subtype": "reverse",
"type": "surface",
"ref": "P334792.r.16",
"type": "reverse",
"label": "r"}
,
{
"node": "d",
"type": "nonx",
"ref": "P334792.17",
"strict": "0",
"extent": "beginning",
"state": "missing"}
,
{
"node": "d",
"type": "line-start",
"ref": "P334792.18",
"n": "1'",
"label": "r 1'"}
,
{
"node": "l",
"frag": "[x",
"id": "P334792.l055b6",
"ref": "P334792.18.1",
"inst": "u",
"f": {"lang": "akk-x-neoass",
"form": "x",
"pos": "u"}
}
,
{
"node": "l",
"frag": "x",
"id": "P334792.l055b7",
"ref": "P334792.18.2",
"inst": "u",
"f": {"lang": "akk-x-neoass",
"form": "x",
"pos": "u"}
}
,
{
"node": "l",
"frag": "x",
"id": "P334792.l055b8",
"ref": "P334792.18.3",
"inst": "u",
"f": {"lang": "akk-x-neoass",
"form": "x",
"pos": "u"}
}
,
{
"node": "l",
"frag": "x",
"id": "P334792.l055b9",
"ref": "P334792.18.4",
"inst": "u",
"f": {"lang": "akk-x-neoass",
"form": "x",
"pos": "u"}
}
,
{
"node": "l",
"frag": "x]",
"id": "P334792.l055ba",
"ref": "P334792.18.5",
"inst": "u",
"f": {"lang": "akk-x-neoass",
"form": "x",
"pos": "u"}
}
,
{
"node": "l",
"frag": "⸢x",
"id": "P334792.l055bb",
"ref": "P334792.18.6",
"inst": "u",
"f": {"lang": "akk-x-neoass",
"form": "x",
"pos": "u"}
}
,
{
"node": "l",
"frag": "x",
"id": "P334792.l055bc",
"ref": "P334792.18.7",
"inst": "u",
"f": {"lang": "akk-x-neoass",
"form": "x",
"pos": "u"}
}
,
{
"node": "l",
"frag": "x⸣",
"id": "P334792.l055bd",
"ref": "P334792.18.8",
"inst": "u",
"f": {"lang": "akk-x-neoass",
"form": "x",
"pos": "u"}
}
,
{
"node": "d",
"type": "line-start",
"ref": "P334792.19",
"n": "2'",
"label": "r 2'"}
,
{
"node": "l",
"frag": "⸢li\\td-li\\td-ka⸣",
"id": "P334792.l055be",
"ref": "P334792.19.1",
"inst": "lillika[come]V",
"sig": "@saao/saa01%akk-x-neoass:li-li-ka=alāku[go//come]V'V$lillika",
"f": {"lang": "akk-x-neoass",
"form": "li-li-ka",
"cf": "alāku",
"gw": "go",
"sense": "come",
"norm": "lillika",
"pos": "V",
"epos": "V"}
}
,
{
"node": "l",
"frag": "šum₂-mu",
"id": "P334792.l055bf",
"ref": "P334792.19.2",
"inst": "šummu[if]MOD",
"sig": "@saao/saa01%akk-x-neoass:šum₂-mu=šumma[if//if]MOD'MOD$šummu",
"f": {"lang": "akk-x-neoass",
"form": "šum₂-mu",
"cf": "šumma",
"gw": "if",
"sense": "if",
"norm": "šummu",
"pos": "MOD",
"epos": "MOD"}
}
,
{
"node": "d",
"type": "line-start",
"ref": "P334792.20",
"n": "3'",
"label": "r 3'"}
,
{
"node": "l",
"frag": "i-ba-ši",
"id": "P334792.l055c0",
"ref": "P334792.20.1",
"inst": "ibašši[exist]V",
"sig": "@saao/saa01%akk-x-neoass:i-ba-ši=bašû[exist//exist]V'V$ibašši",
"f": {"lang": "akk-x-neoass",
"form": "i-ba-ši",
"cf": "bašû",
"gw": "exist",
"sense": "exist",
"norm": "ibašši",
"pos": "V",
"epos": "V"}
}
,
{
"node": "l",
"frag": "ni-ib-tu\\t-qu",
"id": "P334792.l055c1",
"ref": "P334792.20.2",
"inst": "batāqu[cut off]V$nibtūqu",
"sig": "@saao/saa01%akk-x-neoass:ni-ib-tu-qu=batāqu[cut off//cut off]V'V$nibtūqu",
"f": {"lang": "akk-x-neoass",
"form": "ni-ib-tu-qu",
"cf": "batāqu",
"gw": "cut off",
"sense": "cut off",
"norm": "nibtūqu",
"pos": "V",
"epos": "V"}
}
,
{
"node": "d",
"type": "line-start",
"ref": "P334792.21",
"n": "4'",
"label": "r 4'"}
,
{
"node": "l",
"frag": "ni-ik-ru\\d-ur",
"id": "P334792.l055c2",
"ref": "P334792.21.1",
"inst": "karāru[put (down)//pile up]V$nikrur",
"sig": "@saao/saa01%akk-x-neoass:ni-ik-ru-ur=karāru[put (down)//pile up]V'V$nikrur",
"f": {"lang": "akk-x-neoass",
"form": "ni-ik-ru-ur",
"cf": "karāru",
"gw": "put (down)",
"sense": "pile up",
"norm": "nikrur",
"pos": "V",
"epos": "V"}
}
,
{
"node": "l",
"frag": "A-MEŠ\\m-šu₂-nu",
"id": "P334792.l055c3",
"ref": "P334792.21.2",
"inst": "mû[water]N$mêšunu",
"sig": "@saao/saa01%akk-x-neoass:A-MEŠ-šu₂-nu=mû[water//water]N'N$mêšunu",
"f": {"lang": "akk-x-neoass",
"form": "A-MEŠ-šu₂-nu",
"cf": "mû",
"gw": "water",
"sense": "water",
"norm": "mêšunu",
"pos": "N",
"epos": "N"}
}
,
{
"node": "d",
"type": "line-start",
"ref": "P334792.22",
"n": "5'",
"label": "r 5'"}
,
{
"node": "l",
"frag": "lu-un-ta-ta-zi-qu",
"id": "P334792.l055c4",
"ref": "P334792.22.1",
"inst": "mazāqu[suck//suck out]V$luntatazziqu",
"sig": "@saao/saa01%akk-x-neoass:lu-un-ta-ta-zi-qu=mazāqu[suck//suck out]V'V$luntatazziqu",
"f": {"lang": "akk-x-neoass",
"form": "lu-un-ta-ta-zi-qu",
"cf": "mazāqu",
"gw": "suck",
"sense": "suck out",
"norm": "luntatazziqu",
"pos": "V",
"epos": "V"}
}
,
{
"node": "d",
"type": "line-start",
"ref": "P334792.23",
"n": "6'",
"label": "r 6'"}
,
{
"node": "l",
"frag": "ba-si",
"id": "P334792.l055c5",
"ref": "P334792.23.1",
"inst": "basi[so that]AV",
"sig": "@saao/saa01%akk-x-neoass:ba-si=basi[soon//so that]AV'AV$basi",
"f": {"lang": "akk-x-neoass",
"form": "ba-si",
"cf": "basi",
"gw": "soon",
"sense": "so that",
"norm": "basi",
"pos": "AV",
"epos": "AV"}
}
,
{
"node": "c",
"type": "phrase",
"tag": "phr",
"id": "P334792.U6",
"ref": "P334792.ls00002",
"cdl": [
{
"node": "l",
"frag": "a-na\\td",
"id": "P334792.l055c6",
"ref": "P334792.23.2",
"inst": "ana[to+=for]PRP",
"sig": "@saao/saa01%akk-x-neoass:a-na=ana[to//to]PRP'PRP$ana",
"f": {"lang": "akk-x-neoass",
"form": "a-na",
"cf": "ana",
"gw": "to",
"sense": "to",
"norm": "ana",
"pos": "PRP",
"epos": "PRP"}
}
,
{
"node": "l",
"frag": "pa-na\\td-tu\\t-un",
"id": "P334792.l055c7",
"ref": "P334792.23.3",
"inst": "pānātu[front]N$pānātun",
"sig": "@saao/saa01%akk-x-neoass:pa-na-tu-un=pānātu[front//front]N'N$pānātun",
"f": {"lang": "akk-x-neoass",
"form": "pa-na-tu-un",
"cf": "pānātu",
"gw": "front",
"sense": "front",
"norm": "pānātun",
"pos": "N",
"epos": "N"}
}
]}
,
{
"node": "l",
"frag": "o",
"id": "P334792.l055c8",
"ref": "P334792.23.4",
"inst": "u",
"f": {"lang": "akk-x-neoass",
"form": "o",
"pos": "u"}
}
,
{
"node": "d",
"type": "line-start",
"ref": "P334792.24",
"n": "7'",
"label": "r 7'"}
,
{
"node": "l",
"frag": "ni-ma-ta-ah",
"id": "P334792.l055c9",
"ref": "P334792.24.1",
"inst": "matāhu[lift//pick up]V$nimattah",
"sig": "@saao/saa01%akk-x-neoass:ni-ma-ta-ah=matāhu[lift//pick up]V'V$nimattah",
"f": {"lang": "akk-x-neoass",
"form": "ni-ma-ta-ah",
"cf": "matāhu",
"gw": "lift",
"sense": "pick up",
"norm": "nimattah",
"pos": "V",
"epos": "V"}
}
,
{
"node": "d",
"type": "nonx",
"ref": "P334792.25",
"strict": "0",
"extent": "rest",
"state": "other"}
]}
]}
]}
,
{
"linkbase": [{
"type": "linkset",
"xlink_title": "ina muhhi[on//about]PRP'PRP",
"id": "P334792.ls00000",
"xlink_type": "extended",
"xlink_role": "psu",
"sig": "{ina[in]PRP muhhu[skull]N += ina muhhi[on//about]PRP'PRP}::@saao%akk-x-neoass:ina=ina[in//into]PRP'PRP$ina++@saao%akk-x-neoass:UGU=muhhu[skull//skull]N'N$muhhi",
"links": [
{
"type": "link",
"xlink_title": "ina",
"xlink_type": "locator",
"xlink_href": "#P334792.l05595",
"xlink_role": "elt"}
,
{
"type": "link",
"xlink_title": "muhhu",
"xlink_type": "locator",
"xlink_href": "#P334792.l05596",
"xlink_role": "elt"}
]}
,
{
"type": "linkset",
"xlink_title": "ina pān dagālu[wait for someone//wait for someone]V'V",
"id": "P334792.ls00001",
"xlink_type": "extended",
"xlink_role": "psu",
"sig": "{ina[in]PRP pānu[front]N dagālu[see]V += ina pān dagālu[wait for someone//wait for someone]V'V}::@saao%akk-x-neoass:ina=ina[in//into]PRP'PRP$ina++@saao%akk-x-neoass:pa-ni-šu=pānu[front//front]N'N$pānīšu++@saao%akk-x-neoass:a-da-gal=dagālu[see//see]V'V$adaggal",
"links": [
{
"type": "link",
"xlink_title": "ina",
"xlink_type": "locator",
"xlink_href": "#P334792.l055ac",
"xlink_role": "elt"}
,
{
"type": "link",
"xlink_title": "pānīšu",
"xlink_type": "locator",
"xlink_href": "#P334792.l055ad",
"xlink_role": "elt"}
,
{
"type": "link",
"xlink_title": "adaggal",
"xlink_type": "locator",
"xlink_href": "#P334792.l055ae",
"xlink_role": "elt"}
]}
,
{
"type": "linkset",
"xlink_title": "ana pānāt[before//for]PRP'PRP",
"id": "P334792.ls00002",
"xlink_type": "extended",
"xlink_role": "psu",
"sig": "{ana[to]PRP pānātu[front]N += ana pānāt[before//for]PRP'PRP}::@saao%akk-x-neoass:a-na=ana[to//to]PRP'PRP$ana++@saao%akk-x-neoass:pa-na-tu-un=pānātu[front//front]N'N$pānātun",
"links": [
{
"type": "link",
"xlink_title": "ana",
"xlink_type": "locator",
"xlink_href": "#P334792.l055c6",
"xlink_role": "elt"}
,
{
"type": "link",
"xlink_title": "pānātu",
"xlink_type": "locator",
"xlink_href": "#P334792.l055c7",
"xlink_role": "elt"}
]}
]}
]}
