{
"type": "cdl",
  "source": "http://oracc.org/saao/saa01",
  "license": "This data is released under the CC0 license",
  "license-url": "https://creativecommons.org/publicdomain/zero/1.0/",
  "more-info": "http://oracc.org/doc/opendata/",
  "UTC-timestamp": "2017-05-19T11:22:11",
"project": "saao/saa01",
"textid": "P334288",
"cdl": [
{
"node": "c",
"type": "text",
"id": "P334288.U0",
"cdl": [
{
"node": "d",
"type": "object",
"ref": ""}
,
{
"node": "d",
"subtype": "obverse",
"type": "surface",
"ref": "P334288.o.1",
"type": "obverse",
"label": "o"}
,
{
"node": "c",
"type": "discourse",
"subtype": "body",
"id": "P334288.U1",
"cdl": [
{
"node": "c",
"type": "sentence",
"id": "P334288.U2",
"label": "o 1 - r 3",
"cdl": [
{
"node": "d",
"type": "line-start",
"ref": "P334288.2",
"n": "1",
"label": "o 1"}
,
{
"node": "l",
"frag": "a-na",
"id": "P334288.l031e0",
"ref": "P334288.2.1",
"inst": "ana[to]PRP",
"sig": "@saao/saa01%akk-x-neoass:a-na=ana[to//to]PRP'PRP$ana",
"f": {"lang": "akk-x-neoass",
"form": "a-na",
"cf": "ana",
"gw": "to",
"sense": "to",
"norm": "ana",
"pos": "PRP",
"epos": "PRP"}
}
,
{
"node": "l",
"frag": "LUGAL",
"id": "P334288.l031e1",
"ref": "P334288.2.2",
"inst": "šarri[king]N",
"sig": "@saao/saa01%akk-x-neoass:LUGAL=šarru[king//king]N'N$šarri",
"f": {"lang": "akk-x-neoass",
"form": "LUGAL",
"cf": "šarru",
"gw": "king",
"sense": "king",
"norm": "šarri",
"pos": "N",
"epos": "N"}
}
,
{
"node": "l",
"frag": "EN-ia",
"id": "P334288.l031e2",
"ref": "P334288.2.3",
"inst": "bēlīya[lord]N",
"sig": "@saao/saa01%akk-x-neoass:EN-ia=bēlu[lord//lord]N'N$bēlīya",
"f": {"lang": "akk-x-neoass",
"form": "EN-ia",
"cf": "bēlu",
"gw": "lord",
"sense": "lord",
"norm": "bēlīya",
"pos": "N",
"epos": "N"}
}
,
{
"node": "d",
"type": "line-start",
"ref": "P334288.3",
"n": "2",
"label": "o 2"}
,
{
"node": "l",
"frag": "ARAD-ka",
"id": "P334288.l031e3",
"ref": "P334288.3.1",
"inst": "urdaka[servant]N",
"sig": "@saao/saa01%akk-x-neoass:ARAD-ka=ardu[slave//servant]N'N$urdaka",
"f": {"lang": "akk-x-neoass",
"form": "ARAD-ka",
"cf": "ardu",
"gw": "slave",
"sense": "servant",
"norm": "urdaka",
"pos": "N",
"epos": "N"}
}
,
{
"node": "l",
"frag": "{1}aš-šur-ba-ni",
"id": "P334288.l031e4",
"ref": "P334288.3.2",
"inst": "Aššur-bani[1]PN",
"sig": "@saao/saa01%akk-x-neoass:{1}aš-šur-ba-ni=Aššur-bani[1//1]PN'PN$Aššur-bani",
"f": {"lang": "akk-x-neoass",
"form": "{1}aš-šur-ba-ni",
"cf": "Aššur-bani",
"gw": "1",
"sense": "1",
"norm": "Aššur-bani",
"pos": "PN",
"epos": "PN"}
}
,
{
"node": "d",
"type": "line-start",
"ref": "P334288.4",
"n": "3",
"label": "o 3"}
,
{
"node": "l",
"frag": "lu",
"id": "P334288.l031e5",
"ref": "P334288.4.1",
"inst": "lū[may]MOD",
"sig": "@saao/saa01%akk-x-neoass:lu=lū[may//may]MOD'MOD$lū",
"f": {"lang": "akk-x-neoass",
"form": "lu",
"cf": "lū",
"gw": "may",
"sense": "may",
"norm": "lū",
"pos": "MOD",
"epos": "MOD"}
}
,
{
"node": "l",
"frag": "DI-mu",
"id": "P334288.l031e6",
"ref": "P334288.4.2",
"inst": "šulmu[health]N",
"sig": "@saao/saa01%akk-x-neoass:DI-mu=šulmu[completeness//health]N'N$šulmu",
"f": {"lang": "akk-x-neoass",
"form": "DI-mu",
"cf": "šulmu",
"gw": "completeness",
"sense": "health",
"norm": "šulmu",
"pos": "N",
"epos": "N"}
}
,
{
"node": "l",
"frag": "a-na",
"id": "P334288.l031e7",
"ref": "P334288.4.3",
"inst": "ana[to]PRP",
"sig": "@saao/saa01%akk-x-neoass:a-na=ana[to//to]PRP'PRP$ana",
"f": {"lang": "akk-x-neoass",
"form": "a-na",
"cf": "ana",
"gw": "to",
"sense": "to",
"norm": "ana",
"pos": "PRP",
"epos": "PRP"}
}
,
{
"node": "l",
"frag": "LUGAL",
"id": "P334288.l031e8",
"ref": "P334288.4.4",
"inst": "šarri[king]N",
"sig": "@saao/saa01%akk-x-neoass:LUGAL=šarru[king//king]N'N$šarri",
"f": {"lang": "akk-x-neoass",
"form": "LUGAL",
"cf": "šarru",
"gw": "king",
"sense": "king",
"norm": "šarri",
"pos": "N",
"epos": "N"}
}
,
{
"node": "l",
"frag": "EN-ia",
"id": "P334288.l031e9",
"ref": "P334288.4.5",
"inst": "bēlīya[lord]N",
"sig": "@saao/saa01%akk-x-neoass:EN-ia=bēlu[lord//lord]N'N$bēlīya",
"f": {"lang": "akk-x-neoass",
"form": "EN-ia",
"cf": "bēlu",
"gw": "lord",
"sense": "lord",
"norm": "bēlīya",
"pos": "N",
"epos": "N"}
}
,
{
"node": "d",
"type": "line-start",
"ref": "P334288.5",
"n": "4",
"label": "o 4"}
,
{
"node": "l",
"frag": "{1}aš-šur-MU-ki-in",
"id": "P334288.l031ea",
"ref": "P334288.5.1",
"inst": "Aššur-šumu-kaʾʾin[1]PN",
"sig": "@saao/saa01%akk-x-neoass:{1}aš-šur-MU-ki-in=Aššur-šumu-kaʾʾin[1//1]PN'PN$Aššur-šumu-kaʾʾin",
"f": {"lang": "akk-x-neoass",
"form": "{1}aš-šur-MU-ki-in",
"cf": "Aššur-šumu-kaʾʾin",
"gw": "1",
"sense": "1",
"norm": "Aššur-šumu-kaʾʾin",
"pos": "PN",
"epos": "PN"}
}
,
{
"node": "d",
"type": "line-start",
"ref": "P334288.6",
"n": "5",
"label": "o 5"}
,
{
"node": "l",
"frag": "ik\\y-ta-at-ra-an-ni",
"id": "P334288.l031eb",
"ref": "P334288.6.1",
"inst": "katāru[get (as) help]V$iktatranni",
"sig": "@saao/saa01%akk-x-neoass:ik-ta-at-ra-an-ni=katāru[get (as) help//get (as) help]V'V$iktatranni",
"f": {"lang": "akk-x-neoass",
"form": "ik-ta-at-ra-an-ni",
"cf": "katāru",
"gw": "get (as) help",
"sense": "get (as) help",
"norm": "iktatranni",
"pos": "V",
"epos": "V"}
}
,
{
"node": "d",
"type": "line-start",
"ref": "P334288.7",
"n": "6",
"label": "o 6"}
,
{
"node": "l",
"frag": "{na₄}{d}ALAD.{d}LAMA",
"id": "P334288.l031ec",
"ref": "P334288.7.1",
"inst": "aladlammû[human-headed bull-colossus]N$",
"sig": "@saao/saa01%akk-x-neoass:{NA₄}{d}ALAD.{d}LAMA=aladlammû[human-headed bull-colossus//human-headed bull-colossus]N'N$aladlammû",
"f": {"lang": "akk-x-neoass",
"form": "{NA₄}{d}ALAD.{d}LAMA",
"cf": "aladlammû",
"gw": "human-headed bull-colossus",
"sense": "human-headed bull-colossus",
"norm": "aladlammû",
"pos": "N",
"epos": "N"}
}
,
{
"node": "d",
"type": "line-start",
"ref": "P334288.8",
"n": "7",
"label": "o 7"}
,
{
"node": "c",
"type": "phrase",
"tag": "phr",
"id": "P334288.U4",
"ref": "P334288.ls00000",
"cdl": [
{
"node": "l",
"frag": "ina",
"id": "P334288.l031ed",
"ref": "P334288.8.1",
"inst": "ina[in+=in]PRP",
"sig": "@saao/saa01%akk-x-neoass:ina=ina[in//in]PRP'PRP$ina",
"f": {"lang": "akk-x-neoass",
"form": "ina",
"cf": "ina",
"gw": "in",
"sense": "in",
"norm": "ina",
"pos": "PRP",
"epos": "PRP"}
}
,
{
"node": "l",
"frag": "ŠA₃-bi",
"id": "P334288.l031ee",
"ref": "P334288.8.2",
"inst": "libbi[interior]N",
"sig": "@saao/saa01%akk-x-neoass:ŠA₃-bi=libbu[interior//interior]N'N$libbi",
"f": {"lang": "akk-x-neoass",
"form": "ŠA₃-bi",
"cf": "libbu",
"gw": "interior",
"sense": "interior",
"norm": "libbi",
"pos": "N",
"epos": "N"}
}
]}
,
{
"node": "l",
"frag": "{giš}MA₂-MEŠ",
"id": "P334288.l031ef",
"ref": "P334288.8.3",
"inst": "eleppāti[boat]N",
"sig": "@saao/saa01%akk-x-neoass:{GIŠ}MA₂-MEŠ=eleppu[ship//boat]N'N$eleppāti",
"f": {"lang": "akk-x-neoass",
"form": "{GIŠ}MA₂-MEŠ",
"cf": "eleppu",
"gw": "ship",
"sense": "boat",
"norm": "eleppāti",
"pos": "N",
"epos": "N"}
}
,
{
"node": "d",
"type": "line-start",
"ref": "P334288.9",
"n": "8",
"label": "o 8"}
,
{
"node": "l",
"frag": "u₂-sa-ar-ki-pi",
"id": "P334288.l031f0",
"ref": "P334288.9.1",
"inst": "rakābu[ride//load]V$ussarkīpi",
"sig": "@saao/saa01%akk-x-neoass:u₂-sa-ar-ki-pi=rakābu[ride//load]V'V$ussarkīpi",
"f": {"lang": "akk-x-neoass",
"form": "u₂-sa-ar-ki-pi",
"cf": "rakābu",
"gw": "ride",
"sense": "load",
"norm": "ussarkīpi",
"pos": "V",
"epos": "V"}
}
,
{
"node": "d",
"type": "line-start",
"ref": "P334288.10",
"n": "9",
"label": "o 9"}
,
{
"node": "l",
"frag": "{giš}MA₂-MEŠ",
"id": "P334288.l031f1",
"ref": "P334288.10.1",
"inst": "eleppāti[boat]N",
"sig": "@saao/saa01%akk-x-neoass:{GIŠ}MA₂-MEŠ=eleppu[ship//boat]N'N$eleppāti",
"f": {"lang": "akk-x-neoass",
"form": "{GIŠ}MA₂-MEŠ",
"cf": "eleppu",
"gw": "ship",
"sense": "boat",
"norm": "eleppāti",
"pos": "N",
"epos": "N"}
}
,
{
"node": "l",
"frag": "la",
"id": "P334288.l031f2",
"ref": "P334288.10.2",
"inst": "lā[not]MOD",
"sig": "@saao/saa01%akk-x-neoass:la=lā[not//not]MOD'MOD$lā",
"f": {"lang": "akk-x-neoass",
"form": "la",
"cf": "lā",
"gw": "not",
"sense": "not",
"norm": "lā",
"pos": "MOD",
"epos": "MOD"}
}
,
{
"node": "l",
"frag": "e-mu-qa-ši-na",
"id": "P334288.l031f3",
"ref": "P334288.10.3",
"inst": "emūqu[strength//ability]N$emūqašīna",
"sig": "@saao/saa01%akk-x-neoass:e-mu-qa-ši-na=emūqu[strength//ability]N'N$emūqašīna",
"f": {"lang": "akk-x-neoass",
"form": "e-mu-qa-ši-na",
"cf": "emūqu",
"gw": "strength",
"sense": "ability",
"norm": "emūqašīna",
"pos": "N",
"epos": "N"}
}
,
{
"node": "d",
"type": "line-start",
"ref": "P334288.11",
"n": "10",
"label": "o 10"}
,
{
"node": "l",
"frag": "la",
"id": "P334288.l031f4",
"ref": "P334288.11.1",
"inst": "lā[not]MOD",
"sig": "@saao/saa01%akk-x-neoass:la=lā[not//not]MOD'MOD$lā",
"f": {"lang": "akk-x-neoass",
"form": "la",
"cf": "lā",
"gw": "not",
"sense": "not",
"norm": "lā",
"pos": "MOD",
"epos": "MOD"}
}
,
{
"node": "l",
"frag": "in-tu-ha",
"id": "P334288.l031f5",
"ref": "P334288.11.2",
"inst": "matāhu[lift//pick up]V$intuha",
"sig": "@saao/saa01%akk-x-neoass:in-tu-ha=matāhu[lift//pick up]V'V$intuha",
"f": {"lang": "akk-x-neoass",
"form": "in-tu-ha",
"cf": "matāhu",
"gw": "lift",
"sense": "pick up",
"norm": "intuha",
"pos": "V",
"epos": "V"}
}
,
{
"node": "d",
"type": "line-start",
"ref": "P334288.12",
"n": "11",
"label": "o 11"}
,
{
"node": "l",
"frag": "a-ka-ni",
"id": "P334288.l031f6",
"ref": "P334288.12.1",
"inst": "akanni[now]AV$",
"sig": "@saao/saa01%akk-x-neoass:a-ka-ni=akanni[now//now]AV'AV$akanni",
"f": {"lang": "akk-x-neoass",
"form": "a-ka-ni",
"cf": "akanni",
"gw": "now",
"sense": "now",
"norm": "akanni",
"pos": "AV",
"epos": "AV"}
}
,
{
"node": "l",
"frag": "da-ʾa-tu₂",
"id": "P334288.l031f7",
"ref": "P334288.12.2",
"inst": "dannu[strong]AJ$daʾʾatu",
"sig": "@saao/saa01%akk-x-neoass:da-ʾa-tu₂=dannu[strong//strong]AJ'AJ$daʾʾatu",
"f": {"lang": "akk-x-neoass",
"form": "da-ʾa-tu₂",
"cf": "dannu",
"gw": "strong",
"sense": "strong",
"norm": "daʾʾatu",
"pos": "AJ",
"epos": "AJ"}
}
,
{
"node": "d",
"type": "line-start",
"ref": "P334288.13",
"n": "12",
"label": "o 12"}
,
{
"node": "l",
"frag": "a-bu-tu",
"id": "P334288.l031f8",
"ref": "P334288.13.1",
"inst": "abutu[matter]N",
"sig": "@saao/saa01%akk-x-neoass:a-bu-tu=awātu[word//matter]N'N$abutu",
"f": {"lang": "akk-x-neoass",
"form": "a-bu-tu",
"cf": "awātu",
"gw": "word",
"sense": "matter",
"norm": "abutu",
"pos": "N",
"epos": "N"}
}
,
{
"node": "l",
"frag": "o",
"id": "P334288.l031f9",
"ref": "P334288.13.2",
"inst": "u",
"f": {"lang": "akk-x-neoass",
"form": "o",
"pos": "u"}
}
,
{
"node": "d",
"type": "line-start",
"ref": "P334288.14",
"n": "13",
"label": "o 13"}
,
{
"node": "l",
"frag": "e-ta-ap-ša₂-ni-ma",
"id": "P334288.l031fa",
"ref": "P334288.14.1",
"inst": "epēšu[do]V$ētapšannimma",
"sig": "@saao/saa01%akk-x-neoass:e-ta-ap-ša₂-ni-ma=epēšu[do//do]V'V$ētapšannimma",
"f": {"lang": "akk-x-neoass",
"form": "e-ta-ap-ša₂-ni-ma",
"cf": "epēšu",
"gw": "do",
"sense": "do",
"norm": "ētapšannimma",
"pos": "V",
"epos": "V"}
}
,
{
"node": "d",
"subtype": "reverse",
"type": "surface",
"ref": "P334288.r.15",
"type": "reverse",
"label": "r"}
,
{
"node": "d",
"type": "line-start",
"ref": "P334288.16",
"n": "1",
"label": "r 1"}
,
{
"node": "l",
"frag": "u₂-ma-a",
"id": "P334288.l031fb",
"ref": "P334288.16.1",
"inst": "ūmâ[now]AV",
"sig": "@saao/saa01%akk-x-neoass:u₂-ma-a=ūma[today//now]AV'AV$ūmâ",
"f": {"lang": "akk-x-neoass",
"form": "u₂-ma-a",
"cf": "ūma",
"gw": "today",
"sense": "now",
"norm": "ūmâ",
"pos": "AV",
"epos": "AV"}
}
,
{
"node": "d",
"type": "line-start",
"ref": "P334288.17",
"n": "2",
"label": "r 2"}
,
{
"node": "l",
"frag": "u₂-sa-hi-ir",
"id": "P334288.l031fc",
"ref": "P334288.17.1",
"inst": "ussahhir[return]V",
"sig": "@saao/saa01%akk-x-neoass:u₂-sa-hi-ir=sahāru[go around//return]V'V$ussahhir",
"f": {"lang": "akk-x-neoass",
"form": "u₂-sa-hi-ir",
"cf": "sahāru",
"gw": "go around",
"sense": "return",
"norm": "ussahhir",
"pos": "V",
"epos": "V"}
}
,
{
"node": "d",
"type": "line-start",
"ref": "P334288.18",
"n": "3",
"label": "r 3"}
,
{
"node": "l",
"frag": "u₂-se-li-a",
"id": "P334288.l031fd",
"ref": "P334288.18.1",
"inst": "elû[go up//take up]V$ussēlia",
"sig": "@saao/saa01%akk-x-neoass:u₂-se-li-a=elû[go up//take up]V'V$ussēlia",
"f": {"lang": "akk-x-neoass",
"form": "u₂-se-li-a",
"cf": "elû",
"gw": "go up",
"sense": "take up",
"norm": "ussēlia",
"pos": "V",
"epos": "V"}
}
,
{
"node": "d",
"type": "nonx",
"ref": "P334288.19",
"strict": "0",
"extent": "rest",
"state": "other"}
]}
]}
]}
,
{
"linkbase": [{
"type": "linkset",
"xlink_title": "ina libbi[in//(in exchange) for]PRP'PRP",
"id": "P334288.ls00000",
"xlink_type": "extended",
"xlink_role": "psu",
"sig": "{ina[in]PRP libbu[interior]N += ina libbi[in//(in exchange) for]PRP'PRP}::@saao%akk-x-neoass:ina=ina[in//into]PRP'PRP$ina++@saao%akk-x-neoass:ŠA₃-bi=libbu[interior//interior]N'N$libbi",
"links": [
{
"type": "link",
"xlink_title": "ina",
"xlink_type": "locator",
"xlink_href": "#P334288.l031ed",
"xlink_role": "elt"}
,
{
"type": "link",
"xlink_title": "libbi",
"xlink_type": "locator",
"xlink_href": "#P334288.l031ee",
"xlink_role": "elt"}
]}
]}
]}
