{
"type": "cdl",
  "source": "http://oracc.org/saao/saa01",
  "license": "This data is released under the CC0 license",
  "license-url": "https://creativecommons.org/publicdomain/zero/1.0/",
  "more-info": "http://oracc.org/doc/opendata/",
  "UTC-timestamp": "2017-05-19T11:22:15",
"project": "saao/saa01",
"textid": "P334443",
"cdl": [
{
"node": "c",
"type": "text",
"id": "P334443.U0",
"cdl": [
{
"node": "d",
"type": "object",
"ref": ""}
,
{
"node": "d",
"subtype": "obverse",
"type": "surface",
"ref": "P334443.o.1",
"type": "obverse",
"label": "o"}
,
{
"node": "c",
"type": "discourse",
"subtype": "body",
"id": "P334443.U1",
"cdl": [
{
"node": "c",
"type": "sentence",
"id": "P334443.U2",
"label": "o 1 - r 9",
"cdl": [
{
"node": "d",
"type": "line-start",
"ref": "P334443.2",
"n": "1",
"label": "o 1"}
,
{
"node": "l",
"frag": "[a-na",
"id": "P334443.l04bab",
"ref": "P334443.2.1",
"inst": "ana[to]PRP",
"sig": "@saao/saa01%akk-x-neoass:a-na=ana[to//to]PRP'PRP$ana",
"f": {"lang": "akk-x-neoass",
"form": "a-na",
"cf": "ana",
"gw": "to",
"sense": "to",
"norm": "ana",
"pos": "PRP",
"epos": "PRP"}
}
,
{
"node": "l",
"frag": "LUGAL",
"id": "P334443.l04bac",
"ref": "P334443.2.2",
"inst": "šarri[king]N",
"sig": "@saao/saa01%akk-x-neoass:LUGAL=šarru[king//king]N'N$šarri",
"f": {"lang": "akk-x-neoass",
"form": "LUGAL",
"cf": "šarru",
"gw": "king",
"sense": "king",
"norm": "šarri",
"pos": "N",
"epos": "N"}
}
,
{
"node": "l",
"frag": "EN-ia]",
"id": "P334443.l04bad",
"ref": "P334443.2.3",
"inst": "bēlīya[lord]N",
"sig": "@saao/saa01%akk-x-neoass:EN-ia=bēlu[lord//lord]N'N$bēlīya",
"f": {"lang": "akk-x-neoass",
"form": "EN-ia",
"cf": "bēlu",
"gw": "lord",
"sense": "lord",
"norm": "bēlīya",
"pos": "N",
"epos": "N"}
}
,
{
"node": "d",
"type": "line-start",
"ref": "P334443.3",
"n": "2",
"label": "o 2"}
,
{
"node": "l",
"frag": "[ARAD-ka",
"id": "P334443.l04bae",
"ref": "P334443.3.1",
"inst": "urdaka[servant]N",
"sig": "@saao/saa01%akk-x-neoass:ARAD-ka=ardu[slave//servant]N'N$urdaka",
"f": {"lang": "akk-x-neoass",
"form": "ARAD-ka",
"cf": "ardu",
"gw": "slave",
"sense": "servant",
"norm": "urdaka",
"pos": "N",
"epos": "N"}
}
,
{
"node": "l",
"frag": "{1}{d}AG\\d-pa-šir]",
"id": "P334443.l04baf",
"ref": "P334443.3.2",
"inst": "Nabu-pašir[1]PN",
"sig": "@saao/saa01%akk-x-neoass:{1}{d}AG-pa-šir=Nabu-pašir[1//1]PN'PN$Nabu-pašir",
"f": {"lang": "akk-x-neoass",
"form": "{1}{d}AG-pa-šir",
"cf": "Nabu-pašir",
"gw": "1",
"sense": "1",
"norm": "Nabu-pašir",
"pos": "PN",
"epos": "PN"}
}
,
{
"node": "d",
"type": "line-start",
"ref": "P334443.4",
"n": "3",
"label": "o 3"}
,
{
"node": "l",
"frag": "[lu",
"id": "P334443.l04bb0",
"ref": "P334443.4.1",
"inst": "lū[may]MOD",
"sig": "@saao/saa01%akk-x-neoass:lu=lū[may//may]MOD'MOD$lū",
"f": {"lang": "akk-x-neoass",
"form": "lu",
"cf": "lū",
"gw": "may",
"sense": "may",
"norm": "lū",
"pos": "MOD",
"epos": "MOD"}
}
,
{
"node": "l",
"frag": "DI-mu",
"id": "P334443.l04bb1",
"ref": "P334443.4.2",
"inst": "šulmu[health]N",
"sig": "@saao/saa01%akk-x-neoass:DI-mu=šulmu[completeness//health]N'N$šulmu",
"f": {"lang": "akk-x-neoass",
"form": "DI-mu",
"cf": "šulmu",
"gw": "completeness",
"sense": "health",
"norm": "šulmu",
"pos": "N",
"epos": "N"}
}
,
{
"node": "l",
"frag": "a-na",
"id": "P334443.l04bb2",
"ref": "P334443.4.3",
"inst": "ana[to]PRP",
"sig": "@saao/saa01%akk-x-neoass:a-na=ana[to//to]PRP'PRP$ana",
"f": {"lang": "akk-x-neoass",
"form": "a-na",
"cf": "ana",
"gw": "to",
"sense": "to",
"norm": "ana",
"pos": "PRP",
"epos": "PRP"}
}
,
{
"node": "l",
"frag": "LUGAL",
"id": "P334443.l04bb3",
"ref": "P334443.4.4",
"inst": "šarri[king]N",
"sig": "@saao/saa01%akk-x-neoass:LUGAL=šarru[king//king]N'N$šarri",
"f": {"lang": "akk-x-neoass",
"form": "LUGAL",
"cf": "šarru",
"gw": "king",
"sense": "king",
"norm": "šarri",
"pos": "N",
"epos": "N"}
}
,
{
"node": "l",
"frag": "EN-ia]",
"id": "P334443.l04bb4",
"ref": "P334443.4.5",
"inst": "bēlīya[lord]N",
"sig": "@saao/saa01%akk-x-neoass:EN-ia=bēlu[lord//lord]N'N$bēlīya",
"f": {"lang": "akk-x-neoass",
"form": "EN-ia",
"cf": "bēlu",
"gw": "lord",
"sense": "lord",
"norm": "bēlīya",
"pos": "N",
"epos": "N"}
}
,
{
"node": "d",
"type": "line-start",
"ref": "P334443.5",
"n": "4",
"label": "o 4"}
,
{
"node": "l",
"frag": "{[d}30",
"id": "P334443.l04bb5",
"ref": "P334443.5.1",
"inst": "Sin[1]DN",
"sig": "@saao/saa01%akk-x-neoass:{d}30=Sin[1//1]DN'DN$Sin",
"f": {"lang": "akk-x-neoass",
"form": "{d}30",
"cf": "Sin",
"gw": "1",
"sense": "1",
"norm": "Sin",
"pos": "DN",
"epos": "DN"}
}
,
{
"node": "l",
"frag": "u",
"id": "P334443.l04bb6",
"ref": "P334443.5.2",
"inst": "u[and]CNJ",
"sig": "@saao/saa01%akk-x-neoass:u=u[and//and]CNJ'CNJ$u",
"f": {"lang": "akk-x-neoass",
"form": "u",
"cf": "u",
"gw": "and",
"sense": "and",
"norm": "u",
"pos": "CNJ",
"epos": "CNJ"}
}
,
{
"node": "l",
"frag": "{d}NIN.GAL]",
"id": "P334443.l04bb7",
"ref": "P334443.5.3",
"inst": "Nikkal[1]DN",
"sig": "@saao/saa01%akk-x-neoass:{d}NIN.GAL=Nikkal[1//1]DN'DN$Nikkal",
"f": {"lang": "akk-x-neoass",
"form": "{d}NIN.GAL",
"cf": "Nikkal",
"gw": "1",
"sense": "1",
"norm": "Nikkal",
"pos": "DN",
"epos": "DN"}
}
,
{
"node": "d",
"type": "line-start",
"ref": "P334443.6",
"n": "5",
"label": "o 5"}
,
{
"node": "l",
"frag": "[a-na",
"id": "P334443.l04bb8",
"ref": "P334443.6.1",
"inst": "ana[to]PRP",
"sig": "@saao/saa01%akk-x-neoass:a-na=ana[to//to]PRP'PRP$ana",
"f": {"lang": "akk-x-neoass",
"form": "a-na",
"cf": "ana",
"gw": "to",
"sense": "to",
"norm": "ana",
"pos": "PRP",
"epos": "PRP"}
}
,
{
"node": "l",
"frag": "LUGAL",
"id": "P334443.l04bb9",
"ref": "P334443.6.2",
"inst": "šarri[king]N",
"sig": "@saao/saa01%akk-x-neoass:LUGAL=šarru[king//king]N'N$šarri",
"f": {"lang": "akk-x-neoass",
"form": "LUGAL",
"cf": "šarru",
"gw": "king",
"sense": "king",
"norm": "šarri",
"pos": "N",
"epos": "N"}
}
,
{
"node": "l",
"frag": "EN-ia",
"id": "P334443.l04bba",
"ref": "P334443.6.3",
"inst": "bēlīya[lord]N",
"sig": "@saao/saa01%akk-x-neoass:EN-ia=bēlu[lord//lord]N'N$bēlīya",
"f": {"lang": "akk-x-neoass",
"form": "EN-ia",
"cf": "bēlu",
"gw": "lord",
"sense": "lord",
"norm": "bēlīya",
"pos": "N",
"epos": "N"}
}
,
{
"node": "l",
"frag": "lik-ru-bu]",
"id": "P334443.l04bbb",
"ref": "P334443.6.4",
"inst": "likrubu[bless]V",
"sig": "@saao/saa01%akk-x-neoass:lik-ru-bu=karābu[pray//bless]V'V$likrubu",
"f": {"lang": "akk-x-neoass",
"form": "lik-ru-bu",
"cf": "karābu",
"gw": "pray",
"sense": "bless",
"norm": "likrubu",
"pos": "V",
"epos": "V"}
}
,
{
"node": "d",
"type": "line-start",
"ref": "P334443.7",
"n": "6",
"label": "o 6"}
,
{
"node": "c",
"type": "phrase",
"tag": "phr",
"id": "P334443.U4",
"ref": "P334443.ls00000",
"cdl": [
{
"node": "l",
"frag": "[ina",
"id": "P334443.l04bbc",
"ref": "P334443.7.1",
"inst": "ina[in+=concerning]PRP",
"sig": "@saao/saa01%akk-x-neoass:ina=ina[in//in]PRP'PRP$ina",
"f": {"lang": "akk-x-neoass",
"form": "ina",
"cf": "ina",
"gw": "in",
"sense": "in",
"norm": "ina",
"pos": "PRP",
"epos": "PRP"}
}
,
{
"node": "l",
"frag": "UGU-hi",
"id": "P334443.l04bbd",
"ref": "P334443.7.2",
"inst": "muhhi[skull]N",
"sig": "@saao/saa01%akk-x-neoass:UGU-hi=muhhu[skull//skull]N'N$muhhi",
"f": {"lang": "akk-x-neoass",
"form": "UGU-hi",
"cf": "muhhu",
"gw": "skull",
"sense": "skull",
"norm": "muhhi",
"pos": "N",
"epos": "N"}
}
]}
,
{
"node": "l",
"frag": "ša",
"id": "P334443.l04bbe",
"ref": "P334443.7.3",
"inst": "ša[what]REL",
"sig": "@saao/saa01%akk-x-neoass:ša=ša[that//what]REL'REL$ša",
"f": {"lang": "akk-x-neoass",
"form": "ša",
"cf": "ša",
"gw": "that",
"sense": "what",
"norm": "ša",
"pos": "REL",
"epos": "REL"}
}
,
{
"node": "l",
"frag": "LUGAL",
"id": "P334443.l04bbf",
"ref": "P334443.7.4",
"inst": "šarru[king]N",
"sig": "@saao/saa01%akk-x-neoass:LUGAL=šarru[king//king]N'N$šarru",
"f": {"lang": "akk-x-neoass",
"form": "LUGAL",
"cf": "šarru",
"gw": "king",
"sense": "king",
"norm": "šarru",
"pos": "N",
"epos": "N"}
}
,
{
"node": "l",
"frag": "EN]",
"id": "P334443.l04bc0",
"ref": "P334443.7.5",
"inst": "bēlī[lord]N",
"sig": "@saao/saa01%akk-x-neoass:EN=bēlu[lord//lord]N'N$bēlī",
"f": {"lang": "akk-x-neoass",
"form": "EN",
"cf": "bēlu",
"gw": "lord",
"sense": "lord",
"norm": "bēlī",
"pos": "N",
"epos": "N"}
}
,
{
"node": "d",
"type": "line-start",
"ref": "P334443.8",
"n": "7",
"label": "o 7"}
,
{
"node": "l",
"frag": "[iš-pur-an-ni]",
"id": "P334443.l04bc1",
"ref": "P334443.8.1",
"inst": "išpuranni[write]V",
"sig": "@saao/saa01%akk-x-neoass:iš-pur-an-ni=šapāru[send//write]V'V$išpuranni",
"f": {"lang": "akk-x-neoass",
"form": "iš-pur-an-ni",
"cf": "šapāru",
"gw": "send",
"sense": "write",
"norm": "išpuranni",
"pos": "V",
"epos": "V"}
}
,
{
"node": "d",
"type": "line-start",
"ref": "P334443.9",
"n": "8",
"label": "o 8"}
,
{
"node": "l",
"frag": "[a-na",
"id": "P334443.l04bc2",
"ref": "P334443.9.1",
"inst": "ana[to]PRP",
"sig": "@saao/saa01%akk-x-neoass:a-na=ana[to//to]PRP'PRP$ana",
"f": {"lang": "akk-x-neoass",
"form": "a-na",
"cf": "ana",
"gw": "to",
"sense": "to",
"norm": "ana",
"pos": "PRP",
"epos": "PRP"}
}
,
{
"node": "l",
"frag": "{1}⸢ar₂-ba\\t⸣-a.a",
"id": "P334443.l04bc3",
"ref": "P334443.9.2",
"inst": "+Arbayu[1]PN$Arbaya",
"sig": "@saao/saa01%akk-x-neoass:{1}ar₂-ba-a.a=Arbayu[1//1]PN'PN$Arbaya",
"f": {"lang": "akk-x-neoass",
"form": "{1}ar₂-ba-a.a",
"cf": "Arbayu",
"gw": "1",
"sense": "1",
"norm": "Arbaya",
"pos": "PN",
"epos": "PN"}
}
,
{
"node": "d",
"type": "line-start",
"ref": "P334443.10",
"n": "9",
"label": "o 9"}
,
{
"node": "l",
"frag": "{1}{d}UTU-DINGIR⸣-a.a",
"id": "P334443.l04bc4",
"ref": "P334443.10.1",
"inst": "Šamaš-ilaʾi[1]PN",
"sig": "@saao/saa01%akk-x-neoass:{1}{d}UTU-DINGIR-a.a=Šamaš-ilaʾi[1//1]PN'PN$Šamaš-ilaʾi",
"f": {"lang": "akk-x-neoass",
"form": "{1}{d}UTU-DINGIR-a.a",
"cf": "Šamaš-ilaʾi",
"gw": "1",
"sense": "1",
"norm": "Šamaš-ilaʾi",
"pos": "PN",
"epos": "PN"}
}
,
{
"node": "l",
"frag": "di-ni",
"id": "P334443.l04bc5",
"ref": "P334443.10.2",
"inst": "dīni[give]V",
"sig": "@saao/saa01%akk-x-neoass:di-ni=tadānu[give//give]V'V$dīni",
"f": {"lang": "akk-x-neoass",
"form": "di-ni",
"cf": "tadānu",
"gw": "give",
"sense": "give",
"norm": "dīni",
"pos": "V",
"epos": "V"}
}
,
{
"node": "d",
"type": "line-start",
"ref": "P334443.11",
"n": "10",
"label": "o 10"}
,
{
"node": "l",
"frag": "a-ki",
"id": "P334443.l04bc6",
"ref": "P334443.11.1",
"inst": "akī[in accordance with]PRP",
"sig": "@saao/saa01%akk-x-neoass:a-ki=akī[as//in accordance with]PRP'PRP$akī",
"f": {"lang": "akk-x-neoass",
"form": "a-ki",
"cf": "akī",
"gw": "as",
"sense": "in accordance with",
"norm": "akī",
"pos": "PRP",
"epos": "PRP"}
}
,
{
"node": "l",
"frag": "ša",
"id": "P334443.l04bc7",
"ref": "P334443.11.2",
"inst": "ša[what]REL",
"sig": "@saao/saa01%akk-x-neoass:ša=ša[that//what]REL'REL$ša",
"f": {"lang": "akk-x-neoass",
"form": "ša",
"cf": "ša",
"gw": "that",
"sense": "what",
"norm": "ša",
"pos": "REL",
"epos": "REL"}
}
,
{
"node": "l",
"frag": "LUGAL",
"id": "P334443.l04bc8",
"ref": "P334443.11.3",
"inst": "šarru[king]N",
"sig": "@saao/saa01%akk-x-neoass:LUGAL=šarru[king//king]N'N$šarru",
"f": {"lang": "akk-x-neoass",
"form": "LUGAL",
"cf": "šarru",
"gw": "king",
"sense": "king",
"norm": "šarru",
"pos": "N",
"epos": "N"}
}
,
{
"node": "l",
"frag": "EN",
"id": "P334443.l04bc9",
"ref": "P334443.11.4",
"inst": "bēlī[lord]N",
"sig": "@saao/saa01%akk-x-neoass:EN=bēlu[lord//lord]N'N$bēlī",
"f": {"lang": "akk-x-neoass",
"form": "EN",
"cf": "bēlu",
"gw": "lord",
"sense": "lord",
"norm": "bēlī",
"pos": "N",
"epos": "N"}
}
,
{
"node": "l",
"frag": "iš-pur-an-ni",
"id": "P334443.l04bca",
"ref": "P334443.11.5",
"inst": "išpuranni[write]V",
"sig": "@saao/saa01%akk-x-neoass:iš-pur-an-ni=šapāru[send//write]V'V$išpuranni",
"f": {"lang": "akk-x-neoass",
"form": "iš-pur-an-ni",
"cf": "šapāru",
"gw": "send",
"sense": "write",
"norm": "išpuranni",
"pos": "V",
"epos": "V"}
}
,
{
"node": "d",
"type": "line-start",
"ref": "P334443.12",
"n": "11",
"label": "o 11"}
,
{
"node": "l",
"frag": "02",
"id": "P334443.l04bcb",
"ref": "P334443.12.1",
"inst": "n",
"f": {"lang": "akk-x-neoass",
"form": "02",
"pos": "n"}
}
,
{
"node": "l",
"frag": "me",
"id": "P334443.l04bcc",
"ref": "P334443.12.2",
"inst": "mē[hundred]NU",
"sig": "@saao/saa01%akk-x-neoass:me=meʾatu[(one) hundred//(one) hundred]NU'NU$mē",
"f": {"lang": "akk-x-neoass",
"form": "me",
"cf": "meʾatu",
"gw": "(one) hundred",
"sense": "(one) hundred",
"norm": "mē",
"pos": "NU",
"epos": "NU"}
}
,
{
"node": "l",
"frag": "{tug₂}gul-IGI.2-[MEŠ]",
"id": "P334443.l04bcd",
"ref": "P334443.12.3",
"inst": "gulēnu[(an overgarment)//cloak]N$gulēnī",
"sig": "@saao/saa01%akk-x-neoass:{TUG₂}gul-IGI.2-MEŠ=gulēnu[cloak//cloak]N'N$gulēnī",
"f": {"lang": "akk-x-neoass",
"form": "{TUG₂}gul-IGI.2-MEŠ",
"cf": "gulēnu",
"gw": "cloak",
"sense": "cloak",
"norm": "gulēnī",
"pos": "N",
"epos": "N"}
}
,
{
"node": "d",
"type": "line-start",
"ref": "P334443.13",
"n": "12",
"label": "o 12"}
,
{
"node": "l",
"frag": "a-na",
"id": "P334443.l04bce",
"ref": "P334443.13.1",
"inst": "ana[to]PRP",
"sig": "@saao/saa01%akk-x-neoass:a-na=ana[to//to]PRP'PRP$ana",
"f": {"lang": "akk-x-neoass",
"form": "a-na",
"cf": "ana",
"gw": "to",
"sense": "to",
"norm": "ana",
"pos": "PRP",
"epos": "PRP"}
}
,
{
"node": "l",
"frag": "{kur}at-⸢tu\\t⸣-[na-a.a]",
"id": "P334443.l04bcf",
"ref": "P334443.13.2",
"inst": "Atunnaya[]EN$Attunaya",
"sig": "@saao/saa01%akk-x-neoass:{KUR}at-tu-na-a.a=Atunnaya[1//1]EN'EN$Attunaya",
"f": {"lang": "akk-x-neoass",
"form": "{KUR}at-tu-na-a.a",
"cf": "Atunnaya",
"gw": "1",
"sense": "1",
"norm": "Attunaya",
"pos": "EN",
"epos": "EN"}
}
,
{
"node": "d",
"subtype": "bottom",
"type": "surface",
"ref": "P334443.b.e..14",
"type": "bottom",
"label": "b.e."}
,
{
"node": "d",
"type": "line-start",
"ref": "P334443.15",
"n": "13",
"label": "b.e. 13"}
,
{
"node": "l",
"frag": "ša",
"id": "P334443.l04bd0",
"ref": "P334443.15.1",
"inst": "ša[who]REL",
"sig": "@saao/saa01%akk-x-neoass:ša=ša[that//who]REL'REL$ša",
"f": {"lang": "akk-x-neoass",
"form": "ša",
"cf": "ša",
"gw": "that",
"sense": "who",
"norm": "ša",
"pos": "REL",
"epos": "REL"}
}
,
{
"node": "l",
"frag": "ina",
"id": "P334443.l04bd1",
"ref": "P334443.15.2",
"inst": "ina[in]PRP",
"sig": "@saao/saa01%akk-x-neoass:ina=ina[in//in]PRP'PRP$ina",
"f": {"lang": "akk-x-neoass",
"form": "ina",
"cf": "ina",
"gw": "in",
"sense": "in",
"norm": "ina",
"pos": "PRP",
"epos": "PRP"}
}
,
{
"node": "l",
"frag": "{⸢uru⸣}[x",
"id": "P334443.l04bd2",
"ref": "P334443.15.3",
"inst": "u",
"f": {"lang": "akk-x-neoass",
"form": "{URU}x",
"pos": "u"}
}
,
{
"node": "l",
"frag": "x]",
"id": "P334443.l04bd3",
"ref": "P334443.15.4",
"inst": "u",
"f": {"lang": "akk-x-neoass",
"form": "x",
"pos": "u"}
}
,
{
"node": "d",
"subtype": "reverse",
"type": "surface",
"ref": "P334443.r.16",
"type": "reverse",
"label": "r"}
,
{
"node": "d",
"type": "line-start",
"ref": "P334443.17",
"n": "1",
"label": "r 1"}
,
{
"node": "l",
"frag": "u₂\\dm-se-bi-[la]",
"id": "P334443.l04bd4",
"ref": "P334443.17.1",
"inst": "ussēbila[send]V",
"sig": "@saao/saa01%akk-x-neoass:u₂-se-bi-la=wabālu[bring//send]V'V$ussēbila",
"f": {"lang": "akk-x-neoass",
"form": "u₂-se-bi-la",
"cf": "wabālu",
"gw": "bring",
"sense": "send",
"norm": "ussēbila",
"pos": "V",
"epos": "V"}
}
,
{
"node": "d",
"type": "line-start",
"ref": "P334443.18",
"n": "2",
"label": "r 2"}
,
{
"node": "l",
"frag": "02",
"id": "P334443.l04bd5",
"ref": "P334443.18.1",
"inst": "n",
"f": {"lang": "akk-x-neoass",
"form": "02",
"pos": "n"}
}
,
{
"node": "l",
"frag": "me",
"id": "P334443.l04bd6",
"ref": "P334443.18.2",
"inst": "mē[hundred]NU",
"sig": "@saao/saa01%akk-x-neoass:me=meʾatu[(one) hundred//(one) hundred]NU'NU$mē",
"f": {"lang": "akk-x-neoass",
"form": "me",
"cf": "meʾatu",
"gw": "(one) hundred",
"sense": "(one) hundred",
"norm": "mē",
"pos": "NU",
"epos": "NU"}
}
,
{
"node": "l",
"frag": "{tug₂}gul-IGI.2-⸢MEŠ⸣",
"id": "P334443.l04bd7",
"ref": "P334443.18.3",
"inst": "gulēnī[cloak]N",
"sig": "@saao/saa01%akk-x-neoass:{TUG₂}gul-IGI.2-MEŠ=gulēnu[cloak//cloak]N'N$gulēnī",
"f": {"lang": "akk-x-neoass",
"form": "{TUG₂}gul-IGI.2-MEŠ",
"cf": "gulēnu",
"gw": "cloak",
"sense": "cloak",
"norm": "gulēnī",
"pos": "N",
"epos": "N"}
}
,
{
"node": "d",
"type": "line-start",
"ref": "P334443.19",
"n": "3",
"label": "r 3"}
,
{
"node": "l",
"frag": "a-na",
"id": "P334443.l04bd8",
"ref": "P334443.19.1",
"inst": "ana[to]PRP",
"sig": "@saao/saa01%akk-x-neoass:a-na=ana[to//to]PRP'PRP$ana",
"f": {"lang": "akk-x-neoass",
"form": "a-na",
"cf": "ana",
"gw": "to",
"sense": "to",
"norm": "ana",
"pos": "PRP",
"epos": "PRP"}
}
,
{
"node": "l",
"frag": "{lu₂vy}ERIM-MEŠ",
"id": "P334443.l04bd9",
"ref": "P334443.19.2",
"inst": "ṣābāni[troops]N",
"sig": "@saao/saa01%akk-x-neoass:{LU₂}ERIM-MEŠ=ṣābu[people//troops]N'N$ṣābāni",
"f": {"lang": "akk-x-neoass",
"form": "{LU₂}ERIM-MEŠ",
"cf": "ṣābu",
"gw": "people",
"sense": "troops",
"norm": "ṣābāni",
"pos": "N",
"epos": "N"}
}
,
{
"node": "l",
"frag": "ša",
"id": "P334443.l04bda",
"ref": "P334443.19.3",
"inst": "ša[of]DET",
"sig": "@saao/saa01%akk-x-neoass:ša=ša[of//of]DET'DET$ša",
"f": {"lang": "akk-x-neoass",
"form": "ša",
"cf": "ša",
"gw": "of",
"sense": "of",
"norm": "ša",
"pos": "DET",
"epos": "DET"}
}
,
{
"node": "l",
"frag": "{1}e-⸢pa-a⸣",
"id": "P334443.l04bdb",
"ref": "P334443.19.4",
"inst": "Epa[]PN$",
"sig": "@saao/saa01%akk-x-neoass:{1}e-pa-a=Epa[1//1]PN'PN$Epa",
"f": {"lang": "akk-x-neoass",
"form": "{1}e-pa-a",
"cf": "Epa",
"gw": "1",
"sense": "1",
"norm": "Epa",
"pos": "PN",
"epos": "PN"}
}
,
{
"node": "d",
"type": "line-start",
"ref": "P334443.20",
"n": "4",
"label": "r 4"}
,
{
"node": "l",
"frag": "⸢ša⸣",
"id": "P334443.l04bdc",
"ref": "P334443.20.1",
"inst": "ša[who]REL",
"sig": "@saao/saa01%akk-x-neoass:ša=ša[that//who]REL'REL$ša",
"f": {"lang": "akk-x-neoass",
"form": "ša",
"cf": "ša",
"gw": "that",
"sense": "who",
"norm": "ša",
"pos": "REL",
"epos": "REL"}
}
,
{
"node": "l",
"frag": "ina",
"id": "P334443.l04bdd",
"ref": "P334443.20.2",
"inst": "ina[in]PRP",
"sig": "@saao/saa01%akk-x-neoass:ina=ina[in//in]PRP'PRP$ina",
"f": {"lang": "akk-x-neoass",
"form": "ina",
"cf": "ina",
"gw": "in",
"sense": "in",
"norm": "ina",
"pos": "PRP",
"epos": "PRP"}
}
,
{
"node": "l",
"frag": "{uru}tar-bu-si-bi",
"id": "P334443.l04bde",
"ref": "P334443.20.3",
"inst": "Tarbusibi[1]GN",
"sig": "@saao/saa01%akk-x-neoass:{URU}tar-bu-si-bi=Til-Barsip[1//1]GN'GN$Tarbusibi",
"f": {"lang": "akk-x-neoass",
"form": "{URU}tar-bu-si-bi",
"cf": "Til-Barsip",
"gw": "1",
"sense": "1",
"norm": "Tarbusibi",
"pos": "GN",
"epos": "GN"}
}
,
{
"node": "d",
"type": "line-start",
"ref": "P334443.21",
"n": "5",
"label": "r 5"}
,
{
"node": "l",
"frag": "[at]-ti\\t-din",
"id": "P334443.l04bdf",
"ref": "P334443.21.1",
"inst": "attidin[give]V",
"sig": "@saao/saa01%akk-x-neoass:at-ti-din=tadānu[give//give]V'V$attidin",
"f": {"lang": "akk-x-neoass",
"form": "at-ti-din",
"cf": "tadānu",
"gw": "give",
"sense": "give",
"norm": "attidin",
"pos": "V",
"epos": "V"}
}
,
{
"node": "d",
"type": "line-start",
"ref": "P334443.22",
"n": "6",
"label": "r 6"}
,
{
"node": "l",
"frag": "[u]",
"id": "P334443.l04be0",
"ref": "P334443.22.1",
"inst": "u[and]CNJ",
"sig": "@saao/saa01%akk-x-neoass:u=u[and//and]CNJ'CNJ$u",
"f": {"lang": "akk-x-neoass",
"form": "u",
"cf": "u",
"gw": "and",
"sense": "and",
"norm": "u",
"pos": "CNJ",
"epos": "CNJ"}
}
,
{
"node": "l",
"frag": "07",
"id": "P334443.l04be1",
"ref": "P334443.22.2",
"inst": "n",
"f": {"lang": "akk-x-neoass",
"form": "07",
"pos": "n"}
}
,
{
"node": "l",
"frag": "me",
"id": "P334443.l04be2",
"ref": "P334443.22.3",
"inst": "mē[hundred]NU",
"sig": "@saao/saa01%akk-x-neoass:me=meʾatu[(one) hundred//(one) hundred]NU'NU$mē",
"f": {"lang": "akk-x-neoass",
"form": "me",
"cf": "meʾatu",
"gw": "(one) hundred",
"sense": "(one) hundred",
"norm": "mē",
"pos": "NU",
"epos": "NU"}
}
,
{
"node": "l",
"frag": "{tug₂}gul-IGI.2-MEŠ",
"id": "P334443.l04be3",
"ref": "P334443.22.4",
"inst": "gulēnī[cloak]N",
"sig": "@saao/saa01%akk-x-neoass:{TUG₂}gul-IGI.2-MEŠ=gulēnu[cloak//cloak]N'N$gulēnī",
"f": {"lang": "akk-x-neoass",
"form": "{TUG₂}gul-IGI.2-MEŠ",
"cf": "gulēnu",
"gw": "cloak",
"sense": "cloak",
"norm": "gulēnī",
"pos": "N",
"epos": "N"}
}
,
{
"node": "d",
"type": "line-start",
"ref": "P334443.23",
"n": "7",
"label": "r 7"}
,
{
"node": "l",
"frag": "[at]-⸢ti\\t⸣-din-ma",
"id": "P334443.l04be4",
"ref": "P334443.23.1",
"inst": "tadānu[give]V$attidinma",
"sig": "@saao/saa01%akk-x-neoass:at-ti-din-ma=tadānu[give//give]V'V$attidinma",
"f": {"lang": "akk-x-neoass",
"form": "at-ti-din-ma",
"cf": "tadānu",
"gw": "give",
"sense": "give",
"norm": "attidinma",
"pos": "V",
"epos": "V"}
}
,
{
"node": "l",
"frag": "[x",
"id": "P334443.l04be5",
"ref": "P334443.23.2",
"inst": "u",
"f": {"lang": "akk-x-neoass",
"form": "x",
"pos": "u"}
}
,
{
"node": "l",
"frag": "x]",
"id": "P334443.l04be6",
"ref": "P334443.23.3",
"inst": "u",
"f": {"lang": "akk-x-neoass",
"form": "x",
"pos": "u"}
}
,
{
"node": "d",
"type": "line-start",
"ref": "P334443.24",
"n": "8",
"label": "r 8"}
,
{
"node": "l",
"frag": "[x",
"id": "P334443.l04be7",
"ref": "P334443.24.1",
"inst": "u",
"f": {"lang": "akk-x-neoass",
"form": "x",
"pos": "u"}
}
,
{
"node": "l",
"frag": "x]+⸢x⸣",
"id": "P334443.l04be8",
"ref": "P334443.24.2",
"inst": "u",
"f": {"lang": "akk-x-neoass",
"form": "x+x",
"pos": "u"}
}
,
{
"node": "l",
"frag": "kan",
"id": "P334443.l04be9",
"ref": "P334443.24.3",
"inst": "u",
"f": {"lang": "akk-x-neoass",
"form": "kan",
"pos": "u"}
}
,
{
"node": "l",
"frag": "a",
"id": "P334443.l04bea",
"ref": "P334443.24.4",
"inst": "u",
"f": {"lang": "akk-x-neoass",
"form": "a",
"pos": "u"}
}
,
{
"node": "l",
"frag": "[x",
"id": "P334443.l04beb",
"ref": "P334443.24.5",
"inst": "u",
"f": {"lang": "akk-x-neoass",
"form": "x",
"pos": "u"}
}
,
{
"node": "l",
"frag": "x",
"id": "P334443.l04bec",
"ref": "P334443.24.6",
"inst": "u",
"f": {"lang": "akk-x-neoass",
"form": "x",
"pos": "u"}
}
,
{
"node": "l",
"frag": "x]",
"id": "P334443.l04bed",
"ref": "P334443.24.7",
"inst": "u",
"f": {"lang": "akk-x-neoass",
"form": "x",
"pos": "u"}
}
,
{
"node": "d",
"type": "line-start",
"ref": "P334443.25",
"n": "9",
"label": "r 9"}
,
{
"node": "l",
"frag": "[x",
"id": "P334443.l04bee",
"ref": "P334443.25.1",
"inst": "u",
"f": {"lang": "akk-x-neoass",
"form": "x",
"pos": "u"}
}
,
{
"node": "l",
"frag": "x",
"id": "P334443.l04bef",
"ref": "P334443.25.2",
"inst": "u",
"f": {"lang": "akk-x-neoass",
"form": "x",
"pos": "u"}
}
,
{
"node": "l",
"frag": "x",
"id": "P334443.l04bf0",
"ref": "P334443.25.3",
"inst": "u",
"f": {"lang": "akk-x-neoass",
"form": "x",
"pos": "u"}
}
,
{
"node": "l",
"frag": "x]",
"id": "P334443.l04bf1",
"ref": "P334443.25.4",
"inst": "u",
"f": {"lang": "akk-x-neoass",
"form": "x",
"pos": "u"}
}
,
{
"node": "l",
"frag": "⸢man⸣",
"id": "P334443.l04bf2",
"ref": "P334443.25.5",
"inst": "u",
"f": {"lang": "akk-x-neoass",
"form": "man",
"pos": "u"}
}
,
{
"node": "l",
"frag": "[x",
"id": "P334443.l04bf3",
"ref": "P334443.25.6",
"inst": "u",
"f": {"lang": "akk-x-neoass",
"form": "x",
"pos": "u"}
}
,
{
"node": "l",
"frag": "x",
"id": "P334443.l04bf4",
"ref": "P334443.25.7",
"inst": "u",
"f": {"lang": "akk-x-neoass",
"form": "x",
"pos": "u"}
}
,
{
"node": "l",
"frag": "x",
"id": "P334443.l04bf5",
"ref": "P334443.25.8",
"inst": "u",
"f": {"lang": "akk-x-neoass",
"form": "x",
"pos": "u"}
}
,
{
"node": "l",
"frag": "x]",
"id": "P334443.l04bf6",
"ref": "P334443.25.9",
"inst": "u",
"f": {"lang": "akk-x-neoass",
"form": "x",
"pos": "u"}
}
,
{
"node": "d",
"type": "nonx",
"ref": "P334443.26",
"strict": "0",
"extent": "rest",
"state": "missing"}
]}
]}
]}
,
{
"linkbase": [{
"type": "linkset",
"xlink_title": "ina muhhi[on//about]PRP'PRP",
"id": "P334443.ls00000",
"xlink_type": "extended",
"xlink_role": "psu",
"sig": "{ina[in]PRP muhhu[skull]N += ina muhhi[on//about]PRP'PRP}::@saao%akk-x-neoass:ina=ina[in//into]PRP'PRP$ina++@saao%akk-x-neoass:UGU-hi=muhhu[skull//skull]N'N$muhhi",
"links": [
{
"type": "link",
"xlink_title": "ina",
"xlink_type": "locator",
"xlink_href": "#P334443.l04bbc",
"xlink_role": "elt"}
,
{
"type": "link",
"xlink_title": "muhhi",
"xlink_type": "locator",
"xlink_href": "#P334443.l04bbd",
"xlink_role": "elt"}
]}
]}
]}
