{
"type": "cdl",
  "source": "http://oracc.org/saao/saa01",
  "license": "This data is released under the CC0 license",
  "license-url": "https://creativecommons.org/publicdomain/zero/1.0/",
  "more-info": "http://oracc.org/doc/opendata/",
  "UTC-timestamp": "2017-05-19T11:22:20",
"project": "saao/saa01",
"textid": "P334729",
"cdl": [
{
"node": "c",
"type": "text",
"id": "P334729.U0",
"cdl": [
{
"node": "d",
"type": "object",
"ref": ""}
,
{
"node": "d",
"subtype": "obverse",
"type": "surface",
"ref": "P334729.o.1",
"type": "obverse",
"label": "o"}
,
{
"node": "c",
"type": "discourse",
"subtype": "body",
"id": "P334729.U1",
"cdl": [
{
"node": "c",
"type": "sentence",
"id": "P334729.U2",
"label": "o 1 - r 7'",
"cdl": [
{
"node": "d",
"type": "line-start",
"ref": "P334729.2",
"n": "1",
"label": "o 1"}
,
{
"node": "l",
"frag": "[a-na",
"id": "P334729.l0351c",
"ref": "P334729.2.1",
"inst": "ana[to]PRP",
"sig": "@saao/saa01%akk-x-neoass:a-na=ana[to//to]PRP'PRP$ana",
"f": {"lang": "akk-x-neoass",
"form": "a-na",
"cf": "ana",
"gw": "to",
"sense": "to",
"norm": "ana",
"pos": "PRP",
"epos": "PRP"}
}
,
{
"node": "l",
"frag": "LUGAL",
"id": "P334729.l0351d",
"ref": "P334729.2.2",
"inst": "šarri[king]N",
"sig": "@saao/saa01%akk-x-neoass:LUGAL=šarru[king//king]N'N$šarri",
"f": {"lang": "akk-x-neoass",
"form": "LUGAL",
"cf": "šarru",
"gw": "king",
"sense": "king",
"norm": "šarri",
"pos": "N",
"epos": "N"}
}
,
{
"node": "l",
"frag": "EN-ia₂]",
"id": "P334729.l0351e",
"ref": "P334729.2.3",
"inst": "bēlīya[lord]N",
"sig": "@saao/saa01%akk-x-neoass:EN-ia₂=bēlu[lord//lord]N'N$bēlīya",
"f": {"lang": "akk-x-neoass",
"form": "EN-ia₂",
"cf": "bēlu",
"gw": "lord",
"sense": "lord",
"norm": "bēlīya",
"pos": "N",
"epos": "N"}
}
,
{
"node": "d",
"type": "line-start",
"ref": "P334729.3",
"n": "2",
"label": "o 2"}
,
{
"node": "l",
"frag": "[ARAD-ka",
"id": "P334729.l0351f",
"ref": "P334729.3.1",
"inst": "urdaka[servant]N",
"sig": "@saao/saa01%akk-x-neoass:ARAD-ka=ardu[slave//servant]N'N$urdaka",
"f": {"lang": "akk-x-neoass",
"form": "ARAD-ka",
"cf": "ardu",
"gw": "slave",
"sense": "servant",
"norm": "urdaka",
"pos": "N",
"epos": "N"}
}
,
{
"node": "l",
"frag": "{1}ina-IM-EN-a-lak]",
"id": "P334729.l03520",
"ref": "P334729.3.2",
"inst": "Ina-šar-Bel-allak[1]PN",
"sig": "@saao/saa01%akk-x-neoass:{1}ina-IM-EN-a-lak=Ina-šar-Bel-allak[1//1]PN'PN$Ina-šar-Bel-allak",
"f": {"lang": "akk-x-neoass",
"form": "{1}ina-IM-EN-a-lak",
"cf": "Ina-šar-Bel-allak",
"gw": "1",
"sense": "1",
"norm": "Ina-šar-Bel-allak",
"pos": "PN",
"epos": "PN"}
}
,
{
"node": "d",
"type": "line-start",
"ref": "P334729.4",
"n": "3",
"label": "o 3"}
,
{
"node": "l",
"frag": "[lu-u₂",
"id": "P334729.l03521",
"ref": "P334729.4.1",
"inst": "lū[may]MOD",
"sig": "@saao/saa01%akk-x-neoass:lu-u₂=lū[may//may]MOD'MOD$lū",
"f": {"lang": "akk-x-neoass",
"form": "lu-u₂",
"cf": "lū",
"gw": "may",
"sense": "may",
"norm": "lū",
"pos": "MOD",
"epos": "MOD"}
}
,
{
"node": "l",
"frag": "šul-mu",
"id": "P334729.l03522",
"ref": "P334729.4.2",
"inst": "šulmu[health]N",
"sig": "@saao/saa01%akk-x-neoass:šul-mu=šulmu[completeness//health]N'N$šulmu",
"f": {"lang": "akk-x-neoass",
"form": "šul-mu",
"cf": "šulmu",
"gw": "completeness",
"sense": "health",
"norm": "šulmu",
"pos": "N",
"epos": "N"}
}
,
{
"node": "l",
"frag": "a-na",
"id": "P334729.l03523",
"ref": "P334729.4.3",
"inst": "ana[to]PRP",
"sig": "@saao/saa01%akk-x-neoass:a-na=ana[to//to]PRP'PRP$ana",
"f": {"lang": "akk-x-neoass",
"form": "a-na",
"cf": "ana",
"gw": "to",
"sense": "to",
"norm": "ana",
"pos": "PRP",
"epos": "PRP"}
}
,
{
"node": "l",
"frag": "MAN",
"id": "P334729.l03524",
"ref": "P334729.4.4",
"inst": "šarri[king]N",
"sig": "@saao/saa01%akk-x-neoass:MAN=šarru[king//king]N'N$šarri",
"f": {"lang": "akk-x-neoass",
"form": "MAN",
"cf": "šarru",
"gw": "king",
"sense": "king",
"norm": "šarri",
"pos": "N",
"epos": "N"}
}
,
{
"node": "l",
"frag": "EN-ia₂]",
"id": "P334729.l03525",
"ref": "P334729.4.5",
"inst": "bēlīya[lord]N",
"sig": "@saao/saa01%akk-x-neoass:EN-ia₂=bēlu[lord//lord]N'N$bēlīya",
"f": {"lang": "akk-x-neoass",
"form": "EN-ia₂",
"cf": "bēlu",
"gw": "lord",
"sense": "lord",
"norm": "bēlīya",
"pos": "N",
"epos": "N"}
}
,
{
"node": "d",
"type": "line-start",
"ref": "P334729.5",
"n": "4",
"label": "o 4"}
,
{
"node": "l",
"frag": "{[d}PA",
"id": "P334729.l03526",
"ref": "P334729.5.1",
"inst": "Nabu[1]DN",
"sig": "@saao/saa01%akk-x-neoass:{d}PA=Nabu[1//1]DN'DN$Nabu",
"f": {"lang": "akk-x-neoass",
"form": "{d}PA",
"cf": "Nabu",
"gw": "1",
"sense": "1",
"norm": "Nabu",
"pos": "DN",
"epos": "DN"}
}
,
{
"node": "l",
"frag": "{d}MES",
"id": "P334729.l03527",
"ref": "P334729.5.2",
"inst": "Marduk[1]DN",
"sig": "@saao/saa01%akk-x-neoass:{d}MES=Marduk[1//1]DN'DN$Marduk",
"f": {"lang": "akk-x-neoass",
"form": "{d}MES",
"cf": "Marduk",
"gw": "1",
"sense": "1",
"norm": "Marduk",
"pos": "DN",
"epos": "DN"}
}
,
{
"node": "l",
"frag": "a-na",
"id": "P334729.l03528",
"ref": "P334729.5.3",
"inst": "ana[to]PRP",
"sig": "@saao/saa01%akk-x-neoass:a-na=ana[to//to]PRP'PRP$ana",
"f": {"lang": "akk-x-neoass",
"form": "a-na",
"cf": "ana",
"gw": "to",
"sense": "to",
"norm": "ana",
"pos": "PRP",
"epos": "PRP"}
}
,
{
"node": "l",
"frag": "MAN",
"id": "P334729.l03529",
"ref": "P334729.5.4",
"inst": "šarri[king]N",
"sig": "@saao/saa01%akk-x-neoass:MAN=šarru[king//king]N'N$šarri",
"f": {"lang": "akk-x-neoass",
"form": "MAN",
"cf": "šarru",
"gw": "king",
"sense": "king",
"norm": "šarri",
"pos": "N",
"epos": "N"}
}
,
{
"node": "l",
"frag": "EN-ia₂",
"id": "P334729.l0352a",
"ref": "P334729.5.5",
"inst": "bēlīya[lord]N",
"sig": "@saao/saa01%akk-x-neoass:EN-ia₂=bēlu[lord//lord]N'N$bēlīya",
"f": {"lang": "akk-x-neoass",
"form": "EN-ia₂",
"cf": "bēlu",
"gw": "lord",
"sense": "lord",
"norm": "bēlīya",
"pos": "N",
"epos": "N"}
}
,
{
"node": "l",
"frag": "lik-ru-bu]",
"id": "P334729.l0352b",
"ref": "P334729.5.6",
"inst": "likrubu[bless]V",
"sig": "@saao/saa01%akk-x-neoass:lik-ru-bu=karābu[pray//bless]V'V$likrubu",
"f": {"lang": "akk-x-neoass",
"form": "lik-ru-bu",
"cf": "karābu",
"gw": "pray",
"sense": "bless",
"norm": "likrubu",
"pos": "V",
"epos": "V"}
}
,
{
"node": "d",
"type": "line-start",
"ref": "P334729.6",
"n": "5",
"label": "o 5"}
,
{
"node": "l",
"frag": "[DINGIR-MEŠ]",
"id": "P334729.l0352c",
"ref": "P334729.6.1",
"inst": "ilāni[god]N",
"sig": "@saao/saa01%akk-x-neoass:DINGIR-MEŠ=ilu[god//god]N'N$ilāni",
"f": {"lang": "akk-x-neoass",
"form": "DINGIR-MEŠ",
"cf": "ilu",
"gw": "god",
"sense": "god",
"norm": "ilāni",
"pos": "N",
"epos": "N"}
}
,
{
"node": "l",
"frag": "a-ši-[bu-te]",
"id": "P334729.l0352d",
"ref": "P334729.6.2",
"inst": "āšibūte[residing]AJ",
"sig": "@saao/saa01%akk-x-neoass:a-ši-bu-te=āšibu[sitting//residing]AJ'AJ$āšibūte",
"f": {"lang": "akk-x-neoass",
"form": "a-ši-bu-te",
"cf": "āšibu",
"gw": "sitting",
"sense": "residing",
"norm": "āšibūte",
"pos": "AJ",
"epos": "AJ"}
}
,
{
"node": "l",
"frag": "{⸢uru}BAD₃⸣-[MAN-GIN]",
"id": "P334729.l0352e",
"ref": "P334729.6.3",
"inst": "Dur-Šarruken[1]GN",
"sig": "@saao/saa01%akk-x-neoass:{URU}BAD₃-MAN-GIN=Dur-Šarruken[1//1]GN'GN$Dur-Šarruken",
"f": {"lang": "akk-x-neoass",
"form": "{URU}BAD₃-MAN-GIN",
"cf": "Dur-Šarruken",
"gw": "1",
"sense": "1",
"norm": "Dur-Šarruken",
"pos": "GN",
"epos": "GN"}
}
,
{
"node": "d",
"type": "line-start",
"ref": "P334729.7",
"n": "6",
"label": "o 6"}
,
{
"node": "l",
"frag": "UD-MEŠ",
"id": "P334729.l0352f",
"ref": "P334729.7.1",
"inst": "ūmāti[day]N",
"sig": "@saao/saa01%akk-x-neoass:UD-MEŠ=ūmu[day//day]N'N$ūmāti",
"f": {"lang": "akk-x-neoass",
"form": "UD-MEŠ",
"cf": "ūmu",
"gw": "day",
"sense": "day",
"norm": "ūmāti",
"pos": "N",
"epos": "N"}
}
,
{
"node": "l",
"frag": "GID₂\\tdp.DA-[MEŠ]",
"id": "P334729.l03530",
"ref": "P334729.7.2",
"inst": "arkūti[long]AJ",
"sig": "@saao/saa01%akk-x-neoass:GID₂.DA-MEŠ=arku[long//long]AJ'AJ$arkūti",
"f": {"lang": "akk-x-neoass",
"form": "GID₂.DA-MEŠ",
"cf": "arku",
"gw": "long",
"sense": "long",
"norm": "arkūti",
"pos": "AJ",
"epos": "AJ"}
}
,
{
"node": "l",
"frag": "a-na",
"id": "P334729.l03531",
"ref": "P334729.7.3",
"inst": "ana[to]PRP",
"sig": "@saao/saa01%akk-x-neoass:a-na=ana[to//to]PRP'PRP$ana",
"f": {"lang": "akk-x-neoass",
"form": "a-na",
"cf": "ana",
"gw": "to",
"sense": "to",
"norm": "ana",
"pos": "PRP",
"epos": "PRP"}
}
,
{
"node": "l",
"frag": "[MAN",
"id": "P334729.l03532",
"ref": "P334729.7.4",
"inst": "šarri[king]N",
"sig": "@saao/saa01%akk-x-neoass:MAN=šarru[king//king]N'N$šarri",
"f": {"lang": "akk-x-neoass",
"form": "MAN",
"cf": "šarru",
"gw": "king",
"sense": "king",
"norm": "šarri",
"pos": "N",
"epos": "N"}
}
,
{
"node": "l",
"frag": "EN-ia₂]",
"id": "P334729.l03533",
"ref": "P334729.7.5",
"inst": "bēlīya[lord]N",
"sig": "@saao/saa01%akk-x-neoass:EN-ia₂=bēlu[lord//lord]N'N$bēlīya",
"f": {"lang": "akk-x-neoass",
"form": "EN-ia₂",
"cf": "bēlu",
"gw": "lord",
"sense": "lord",
"norm": "bēlīya",
"pos": "N",
"epos": "N"}
}
,
{
"node": "d",
"type": "line-start",
"ref": "P334729.8",
"n": "7",
"label": "o 7"}
,
{
"node": "l",
"frag": "lid-din-[nu]",
"id": "P334729.l03534",
"ref": "P334729.8.1",
"inst": "tadānu[give]V$liddinnu",
"sig": "@saao/saa01%akk-x-neoass:lid-din-nu=tadānu[give//give]V'V$liddinnu",
"f": {"lang": "akk-x-neoass",
"form": "lid-din-nu",
"cf": "tadānu",
"gw": "give",
"sense": "give",
"norm": "liddinnu",
"pos": "V",
"epos": "V"}
}
,
{
"node": "l",
"frag": "UDU-⸢MEŠ⸣",
"id": "P334729.l03535",
"ref": "P334729.8.2",
"inst": "immerē[sheep]N",
"sig": "@saao/saa01%akk-x-neoass:UDU-MEŠ=immeru[sheep//sheep]N'N$immerē",
"f": {"lang": "akk-x-neoass",
"form": "UDU-MEŠ",
"cf": "immeru",
"gw": "sheep",
"sense": "sheep",
"norm": "immerē",
"pos": "N",
"epos": "N"}
}
,
{
"node": "l",
"frag": "da₃\\d-ri-[e]",
"id": "P334729.l03536",
"ref": "P334729.8.3",
"inst": "darrû[sacrificial sheep//regular sheep offering]N$dariē",
"sig": "@saao/saa01%akk-x-neoass:da₃-ri-e=darrû[sacrificial sheep//regular sheep offering]N'N$dariē",
"f": {"lang": "akk-x-neoass",
"form": "da₃-ri-e",
"cf": "darrû",
"gw": "sacrificial sheep",
"sense": "regular sheep offering",
"norm": "dariē",
"pos": "N",
"epos": "N"}
}
,
{
"node": "d",
"type": "line-start",
"ref": "P334729.9",
"n": "8",
"label": "o 8"}
,
{
"node": "l",
"frag": "⸢ša⸣",
"id": "P334729.l03537",
"ref": "P334729.9.1",
"inst": "ša[which]REL",
"sig": "@saao/saa01%akk-x-neoass:ša=ša[that//which]REL'REL$ša",
"f": {"lang": "akk-x-neoass",
"form": "ša",
"cf": "ša",
"gw": "that",
"sense": "which",
"norm": "ša",
"pos": "REL",
"epos": "REL"}
}
,
{
"node": "l",
"frag": "MAN",
"id": "P334729.l03538",
"ref": "P334729.9.2",
"inst": "šarru[king]N",
"sig": "@saao/saa01%akk-x-neoass:MAN=šarru[king//king]N'N$šarru",
"f": {"lang": "akk-x-neoass",
"form": "MAN",
"cf": "šarru",
"gw": "king",
"sense": "king",
"norm": "šarru",
"pos": "N",
"epos": "N"}
}
,
{
"node": "l",
"frag": "be-li₂",
"id": "P334729.l03539",
"ref": "P334729.9.3",
"inst": "bēlī[lord]N",
"sig": "@saao/saa01%akk-x-neoass:be-li₂=bēlu[lord//lord]N'N$bēlī",
"f": {"lang": "akk-x-neoass",
"form": "be-li₂",
"cf": "bēlu",
"gw": "lord",
"sense": "lord",
"norm": "bēlī",
"pos": "N",
"epos": "N"}
}
,
{
"node": "l",
"frag": "a-na",
"id": "P334729.l0353a",
"ref": "P334729.9.4",
"inst": "ana[for]PRP",
"sig": "@saao/saa01%akk-x-neoass:a-na=ana[to//for]PRP'PRP$ana",
"f": {"lang": "akk-x-neoass",
"form": "a-na",
"cf": "ana",
"gw": "to",
"sense": "for",
"norm": "ana",
"pos": "PRP",
"epos": "PRP"}
}
,
{
"node": "l",
"frag": "E₂-{⸢d⸣}[PA]",
"id": "P334729.l0353b",
"ref": "P334729.9.5",
"cof-tails": "P334729.l0353c",
"inst": "bītu[house]N$bēt&Nabu[1]DN$",
"sig": "@saao%akk-x-neoass:E₂-{d}PA=bītu[house//house]N'N$bēt&&@saao%akk-x-neoass:=Nabu[1//1]DN'DN$Nabu",
"f": {"lang": "akk-x-neoass",
"form": "E₂-{d}PA",
"cf": "bītu",
"gw": "house",
"sense": "house",
"norm": "bēt",
"pos": "N",
"epos": "N"}
}
,
{
"node": "l",
"frag": "E₂-{⸢d⸣}[PA]",
"id": "P334729.l0353c",
"ref": "P334729.9.5",
"cof-head": "P334729.l0353b",
"inst": "bītu[house]N$bēt&Nabu[1]DN$",
"f": {"lang": "akk-x-neoass",
"form": "E₂-{d}PA",
"cf": "Nabu",
"gw": "1",
"sense": "1",
"norm": "Nabu",
"pos": "DN",
"epos": "DN"}
}
,
{
"node": "d",
"type": "line-start",
"ref": "P334729.10",
"n": "9",
"label": "o 9"}
,
{
"node": "l",
"frag": "⸢ik⸣-ṣur-u-ni",
"id": "P334729.l0353d",
"ref": "P334729.10.1",
"inst": "ikṣurūni[organize]V",
"sig": "@saao/saa01%akk-x-neoass:ik-ṣur-u-ni=kaṣāru[tie//organize]V'V$ikṣurūni",
"f": {"lang": "akk-x-neoass",
"form": "ik-ṣur-u-ni",
"cf": "kaṣāru",
"gw": "tie",
"sense": "organize",
"norm": "ikṣurūni",
"pos": "V",
"epos": "V"}
}
,
{
"node": "l",
"frag": "ina",
"id": "P334729.l0353e",
"ref": "P334729.10.2",
"inst": "ina[in//by]PRP$",
"sig": "@saao/saa01%akk-x-neoass:ina=ina[in//by]PRP'PRP$ina",
"f": {"lang": "akk-x-neoass",
"form": "ina",
"cf": "ina",
"gw": "in",
"sense": "by",
"norm": "ina",
"pos": "PRP",
"epos": "PRP"}
}
,
{
"node": "l",
"frag": "ki-iṣ-ri",
"id": "P334729.l0353f",
"ref": "P334729.10.3",
"inst": "kiṣri[cohort]N",
"sig": "@saao/saa01%akk-x-neoass:ki-iṣ-ri=kiṣru[knot//cohort]N'N$kiṣri",
"f": {"lang": "akk-x-neoass",
"form": "ki-iṣ-ri",
"cf": "kiṣru",
"gw": "knot",
"sense": "cohort",
"norm": "kiṣri",
"pos": "N",
"epos": "N"}
}
,
{
"node": "l",
"frag": "[o]",
"id": "P334729.l03540",
"ref": "P334729.10.4",
"inst": "u",
"f": {"lang": "akk-x-neoass",
"form": "o",
"pos": "u"}
}
,
{
"node": "d",
"type": "line-start",
"ref": "P334729.11",
"n": "10",
"label": "o 10"}
,
{
"node": "l",
"frag": "[ša]",
"id": "P334729.l03541",
"ref": "P334729.11.1",
"inst": "ša[that]REL",
"sig": "@saao/saa01%akk-x-neoass:ša=ša[that//that]REL'REL$ša",
"f": {"lang": "akk-x-neoass",
"form": "ša",
"cf": "ša",
"gw": "that",
"sense": "that",
"norm": "ša",
"pos": "REL",
"epos": "REL"}
}
,
{
"node": "l",
"frag": "⸢ŠA₃⸣",
"id": "P334729.l03542",
"ref": "P334729.11.2",
"inst": "libbu[interior//in]N'PRP$",
"sig": "@saao/saa01%akk-x-neoass:ŠA₃=libbu[interior//in]N'PRP$libbu",
"f": {"lang": "akk-x-neoass",
"form": "ŠA₃",
"cf": "libbu",
"gw": "interior",
"sense": "in",
"norm": "libbu",
"pos": "N",
"epos": "PRP"}
}
,
{
"node": "l",
"frag": "URU-ia",
"id": "P334729.l03543",
"ref": "P334729.11.3",
"inst": "ālu[city//town]N$ālīya",
"sig": "@saao/saa01%akk-x-neoass:URU-ia=ālu[city//town]N'N$ālīya",
"f": {"lang": "akk-x-neoass",
"form": "URU-ia",
"cf": "ālu",
"gw": "city",
"sense": "town",
"norm": "ālīya",
"pos": "N",
"epos": "N"}
}
,
{
"node": "l",
"frag": "sad-ru",
"id": "P334729.l03544",
"ref": "P334729.11.4",
"inst": "sadru[placed in order]AJ$",
"sig": "@saao/saa01%akk-x-neoass:sad-ru=sadru[placed in order//placed in order]AJ'AJ$sadru",
"f": {"lang": "akk-x-neoass",
"form": "sad-ru",
"cf": "sadru",
"gw": "placed in order",
"sense": "placed in order",
"norm": "sadru",
"pos": "AJ",
"epos": "AJ"}
}
,
{
"node": "l",
"frag": "[o]",
"id": "P334729.l03545",
"ref": "P334729.11.5",
"inst": "u",
"f": {"lang": "akk-x-neoass",
"form": "o",
"pos": "u"}
}
,
{
"node": "d",
"type": "line-start",
"ref": "P334729.12",
"n": "11",
"label": "o 11"}
,
{
"node": "l",
"frag": "[x]",
"id": "P334729.l03546",
"ref": "P334729.12.1",
"inst": "u",
"f": {"lang": "akk-x-neoass",
"form": "x",
"pos": "u"}
}
,
{
"node": "l",
"frag": "tur",
"id": "P334729.l03547",
"ref": "P334729.12.2",
"inst": "u",
"f": {"lang": "akk-x-neoass",
"form": "tur",
"pos": "u"}
}
,
{
"node": "l",
"frag": "[x",
"id": "P334729.l03548",
"ref": "P334729.12.3",
"inst": "u",
"f": {"lang": "akk-x-neoass",
"form": "x",
"pos": "u"}
}
,
{
"node": "l",
"frag": "x",
"id": "P334729.l03549",
"ref": "P334729.12.4",
"inst": "u",
"f": {"lang": "akk-x-neoass",
"form": "x",
"pos": "u"}
}
,
{
"node": "l",
"frag": "x",
"id": "P334729.l0354a",
"ref": "P334729.12.5",
"inst": "u",
"f": {"lang": "akk-x-neoass",
"form": "x",
"pos": "u"}
}
,
{
"node": "l",
"frag": "x",
"id": "P334729.l0354b",
"ref": "P334729.12.6",
"inst": "u",
"f": {"lang": "akk-x-neoass",
"form": "x",
"pos": "u"}
}
,
{
"node": "l",
"frag": "x",
"id": "P334729.l0354c",
"ref": "P334729.12.7",
"inst": "u",
"f": {"lang": "akk-x-neoass",
"form": "x",
"pos": "u"}
}
,
{
"node": "l",
"frag": "x]",
"id": "P334729.l0354d",
"ref": "P334729.12.8",
"inst": "u",
"f": {"lang": "akk-x-neoass",
"form": "x",
"pos": "u"}
}
,
{
"node": "d",
"type": "line-start",
"ref": "P334729.13",
"n": "12",
"label": "o 12"}
,
{
"node": "l",
"frag": "[x]",
"id": "P334729.l0354e",
"ref": "P334729.13.1",
"inst": "u",
"f": {"lang": "akk-x-neoass",
"form": "x",
"pos": "u"}
}
,
{
"node": "l",
"frag": "⸢li⸣",
"id": "P334729.l0354f",
"ref": "P334729.13.2",
"inst": "u",
"f": {"lang": "akk-x-neoass",
"form": "li",
"pos": "u"}
}
,
{
"node": "l",
"frag": "[x",
"id": "P334729.l03550",
"ref": "P334729.13.3",
"inst": "u",
"f": {"lang": "akk-x-neoass",
"form": "x",
"pos": "u"}
}
,
{
"node": "l",
"frag": "x",
"id": "P334729.l03551",
"ref": "P334729.13.4",
"inst": "u",
"f": {"lang": "akk-x-neoass",
"form": "x",
"pos": "u"}
}
,
{
"node": "l",
"frag": "x",
"id": "P334729.l03552",
"ref": "P334729.13.5",
"inst": "u",
"f": {"lang": "akk-x-neoass",
"form": "x",
"pos": "u"}
}
,
{
"node": "l",
"frag": "x",
"id": "P334729.l03553",
"ref": "P334729.13.6",
"inst": "u",
"f": {"lang": "akk-x-neoass",
"form": "x",
"pos": "u"}
}
,
{
"node": "l",
"frag": "x",
"id": "P334729.l03554",
"ref": "P334729.13.7",
"inst": "u",
"f": {"lang": "akk-x-neoass",
"form": "x",
"pos": "u"}
}
,
{
"node": "l",
"frag": "x]",
"id": "P334729.l03555",
"ref": "P334729.13.8",
"inst": "u",
"f": {"lang": "akk-x-neoass",
"form": "x",
"pos": "u"}
}
,
{
"node": "d",
"type": "nonx",
"ref": "P334729.14",
"strict": "0",
"extent": "rest",
"state": "missing"}
,
{
"node": "d",
"subtype": "reverse",
"type": "surface",
"ref": "P334729.r.15",
"type": "reverse",
"label": "r"}
,
{
"node": "d",
"type": "nonx",
"ref": "P334729.16",
"strict": "0",
"extent": "beginning",
"state": "missing"}
,
{
"node": "d",
"type": "line-start",
"ref": "P334729.17",
"n": "1'",
"label": "r 1'"}
,
{
"node": "l",
"frag": "la",
"id": "P334729.l03556",
"ref": "P334729.17.1",
"inst": "lā[not]MOD",
"sig": "@saao/saa01%akk-x-neoass:la=lā[not//not]MOD'MOD$lā",
"f": {"lang": "akk-x-neoass",
"form": "la",
"cf": "lā",
"gw": "not",
"sense": "not",
"norm": "lā",
"pos": "MOD",
"epos": "MOD"}
}
,
{
"node": "l",
"frag": "i-⸢di⸣-[nu",
"id": "P334729.l03557",
"ref": "P334729.17.2",
"inst": "iddinu[give]V",
"sig": "@saao/saa01%akk-x-neoass:i-di-nu=tadānu[give//give]V'V$iddinu",
"f": {"lang": "akk-x-neoass",
"form": "i-di-nu",
"cf": "tadānu",
"gw": "give",
"sense": "give",
"norm": "iddinu",
"pos": "V",
"epos": "V"}
}
,
{
"node": "l",
"frag": "x",
"id": "P334729.l03558",
"ref": "P334729.17.3",
"inst": "u",
"f": {"lang": "akk-x-neoass",
"form": "x",
"pos": "u"}
}
,
{
"node": "l",
"frag": "x",
"id": "P334729.l03559",
"ref": "P334729.17.4",
"inst": "u",
"f": {"lang": "akk-x-neoass",
"form": "x",
"pos": "u"}
}
,
{
"node": "l",
"frag": "x",
"id": "P334729.l0355a",
"ref": "P334729.17.5",
"inst": "u",
"f": {"lang": "akk-x-neoass",
"form": "x",
"pos": "u"}
}
,
{
"node": "l",
"frag": "x",
"id": "P334729.l0355b",
"ref": "P334729.17.6",
"inst": "u",
"f": {"lang": "akk-x-neoass",
"form": "x",
"pos": "u"}
}
,
{
"node": "l",
"frag": "x]",
"id": "P334729.l0355c",
"ref": "P334729.17.7",
"inst": "u",
"f": {"lang": "akk-x-neoass",
"form": "x",
"pos": "u"}
}
,
{
"node": "d",
"type": "line-start",
"ref": "P334729.18",
"n": "2'",
"label": "r 2'"}
,
{
"node": "l",
"frag": "ina",
"id": "P334729.l0355d",
"ref": "P334729.18.1",
"inst": "ina[in]PRP",
"sig": "@saao/saa01%akk-x-neoass:ina=ina[in//in]PRP'PRP$ina",
"f": {"lang": "akk-x-neoass",
"form": "ina",
"cf": "ina",
"gw": "in",
"sense": "in",
"norm": "ina",
"pos": "PRP",
"epos": "PRP"}
}
,
{
"node": "l",
"frag": "E₂.GAL",
"id": "P334729.l0355e",
"ref": "P334729.18.2",
"inst": "ēkalli[palace]N",
"sig": "@saao/saa01%akk-x-neoass:E₂.GAL=ēkallu[palace//palace]N'N$ēkalli",
"f": {"lang": "akk-x-neoass",
"form": "E₂.GAL",
"cf": "ēkallu",
"gw": "palace",
"sense": "palace",
"norm": "ēkalli",
"pos": "N",
"epos": "N"}
}
,
{
"node": "l",
"frag": "[x",
"id": "P334729.l0355f",
"ref": "P334729.18.3",
"inst": "u",
"f": {"lang": "akk-x-neoass",
"form": "x",
"pos": "u"}
}
,
{
"node": "l",
"frag": "x",
"id": "P334729.l03560",
"ref": "P334729.18.4",
"inst": "u",
"f": {"lang": "akk-x-neoass",
"form": "x",
"pos": "u"}
}
,
{
"node": "l",
"frag": "x",
"id": "P334729.l03561",
"ref": "P334729.18.5",
"inst": "u",
"f": {"lang": "akk-x-neoass",
"form": "x",
"pos": "u"}
}
,
{
"node": "l",
"frag": "x",
"id": "P334729.l03562",
"ref": "P334729.18.6",
"inst": "u",
"f": {"lang": "akk-x-neoass",
"form": "x",
"pos": "u"}
}
,
{
"node": "l",
"frag": "x",
"id": "P334729.l03563",
"ref": "P334729.18.7",
"inst": "u",
"f": {"lang": "akk-x-neoass",
"form": "x",
"pos": "u"}
}
,
{
"node": "l",
"frag": "x]",
"id": "P334729.l03564",
"ref": "P334729.18.8",
"inst": "u",
"f": {"lang": "akk-x-neoass",
"form": "x",
"pos": "u"}
}
,
{
"node": "d",
"type": "line-start",
"ref": "P334729.19",
"n": "3'",
"label": "r 3'"}
,
{
"node": "l",
"frag": "ma-a",
"id": "P334729.l03565",
"ref": "P334729.19.1",
"inst": "mā[saying]PRP",
"sig": "@saao/saa01%akk-x-neoass:ma-a=mā[saying//saying]PRP'PRP$mā",
"f": {"lang": "akk-x-neoass",
"form": "ma-a",
"cf": "mā",
"gw": "saying",
"sense": "saying",
"norm": "mā",
"pos": "PRP",
"epos": "PRP"}
}
,
{
"node": "l",
"frag": "šal",
"id": "P334729.l03566",
"ref": "P334729.19.2",
"inst": "u",
"f": {"lang": "akk-x-neoass",
"form": "šal",
"pos": "u"}
}
,
{
"node": "l",
"frag": "⸢x⸣+[x",
"id": "P334729.l03567",
"ref": "P334729.19.3",
"inst": "u",
"f": {"lang": "akk-x-neoass",
"form": "x+x",
"pos": "u"}
}
,
{
"node": "l",
"frag": "x",
"id": "P334729.l03568",
"ref": "P334729.19.4",
"inst": "u",
"f": {"lang": "akk-x-neoass",
"form": "x",
"pos": "u"}
}
,
{
"node": "l",
"frag": "x",
"id": "P334729.l03569",
"ref": "P334729.19.5",
"inst": "u",
"f": {"lang": "akk-x-neoass",
"form": "x",
"pos": "u"}
}
,
{
"node": "l",
"frag": "x",
"id": "P334729.l0356a",
"ref": "P334729.19.6",
"inst": "u",
"f": {"lang": "akk-x-neoass",
"form": "x",
"pos": "u"}
}
,
{
"node": "l",
"frag": "x",
"id": "P334729.l0356b",
"ref": "P334729.19.7",
"inst": "u",
"f": {"lang": "akk-x-neoass",
"form": "x",
"pos": "u"}
}
,
{
"node": "l",
"frag": "x]",
"id": "P334729.l0356c",
"ref": "P334729.19.8",
"inst": "u",
"f": {"lang": "akk-x-neoass",
"form": "x",
"pos": "u"}
}
,
{
"node": "d",
"type": "line-start",
"ref": "P334729.20",
"n": "4'",
"label": "r 4'"}
,
{
"node": "l",
"frag": "aq\\d-ṭa-[x",
"id": "P334729.l0356d",
"ref": "P334729.20.1",
"inst": "u",
"f": {"lang": "akk-x-neoass",
"form": "aq-ṭa-x",
"pos": "u"}
}
,
{
"node": "l",
"frag": "x",
"id": "P334729.l0356e",
"ref": "P334729.20.2",
"inst": "u",
"f": {"lang": "akk-x-neoass",
"form": "x",
"pos": "u"}
}
,
{
"node": "l",
"frag": "x",
"id": "P334729.l0356f",
"ref": "P334729.20.3",
"inst": "u",
"f": {"lang": "akk-x-neoass",
"form": "x",
"pos": "u"}
}
,
{
"node": "l",
"frag": "x",
"id": "P334729.l03570",
"ref": "P334729.20.4",
"inst": "u",
"f": {"lang": "akk-x-neoass",
"form": "x",
"pos": "u"}
}
,
{
"node": "l",
"frag": "x",
"id": "P334729.l03571",
"ref": "P334729.20.5",
"inst": "u",
"f": {"lang": "akk-x-neoass",
"form": "x",
"pos": "u"}
}
,
{
"node": "l",
"frag": "x",
"id": "P334729.l03572",
"ref": "P334729.20.6",
"inst": "u",
"f": {"lang": "akk-x-neoass",
"form": "x",
"pos": "u"}
}
,
{
"node": "l",
"frag": "x]",
"id": "P334729.l03573",
"ref": "P334729.20.7",
"inst": "u",
"f": {"lang": "akk-x-neoass",
"form": "x",
"pos": "u"}
}
,
{
"node": "d",
"type": "line-start",
"ref": "P334729.21",
"n": "5'",
"label": "r 5'"}
,
{
"node": "l",
"frag": "u₂-⸢ṣa⸣-[x",
"id": "P334729.l03574",
"ref": "P334729.21.1",
"inst": "u",
"f": {"lang": "akk-x-neoass",
"form": "u₂-ṣa-x",
"pos": "u"}
}
,
{
"node": "l",
"frag": "x",
"id": "P334729.l03575",
"ref": "P334729.21.2",
"inst": "u",
"f": {"lang": "akk-x-neoass",
"form": "x",
"pos": "u"}
}
,
{
"node": "l",
"frag": "x",
"id": "P334729.l03576",
"ref": "P334729.21.3",
"inst": "u",
"f": {"lang": "akk-x-neoass",
"form": "x",
"pos": "u"}
}
,
{
"node": "l",
"frag": "x",
"id": "P334729.l03577",
"ref": "P334729.21.4",
"inst": "u",
"f": {"lang": "akk-x-neoass",
"form": "x",
"pos": "u"}
}
,
{
"node": "l",
"frag": "x",
"id": "P334729.l03578",
"ref": "P334729.21.5",
"inst": "u",
"f": {"lang": "akk-x-neoass",
"form": "x",
"pos": "u"}
}
,
{
"node": "l",
"frag": "x",
"id": "P334729.l03579",
"ref": "P334729.21.6",
"inst": "u",
"f": {"lang": "akk-x-neoass",
"form": "x",
"pos": "u"}
}
,
{
"node": "l",
"frag": "x]",
"id": "P334729.l0357a",
"ref": "P334729.21.7",
"inst": "u",
"f": {"lang": "akk-x-neoass",
"form": "x",
"pos": "u"}
}
,
{
"node": "d",
"type": "line-start",
"ref": "P334729.22",
"n": "6'",
"label": "r 6'"}
,
{
"node": "l",
"frag": "u₂-ma-⸢a⸣",
"id": "P334729.l0357b",
"ref": "P334729.22.1",
"inst": "ūmâ[now]AV",
"sig": "@saao/saa01%akk-x-neoass:u₂-ma-a=ūma[today//now]AV'AV$ūmâ",
"f": {"lang": "akk-x-neoass",
"form": "u₂-ma-a",
"cf": "ūma",
"gw": "today",
"sense": "now",
"norm": "ūmâ",
"pos": "AV",
"epos": "AV"}
}
,
{
"node": "l",
"frag": "[x",
"id": "P334729.l0357c",
"ref": "P334729.22.2",
"inst": "u",
"f": {"lang": "akk-x-neoass",
"form": "x",
"pos": "u"}
}
,
{
"node": "l",
"frag": "x",
"id": "P334729.l0357d",
"ref": "P334729.22.3",
"inst": "u",
"f": {"lang": "akk-x-neoass",
"form": "x",
"pos": "u"}
}
,
{
"node": "l",
"frag": "x",
"id": "P334729.l0357e",
"ref": "P334729.22.4",
"inst": "u",
"f": {"lang": "akk-x-neoass",
"form": "x",
"pos": "u"}
}
,
{
"node": "l",
"frag": "x",
"id": "P334729.l0357f",
"ref": "P334729.22.5",
"inst": "u",
"f": {"lang": "akk-x-neoass",
"form": "x",
"pos": "u"}
}
,
{
"node": "l",
"frag": "x",
"id": "P334729.l03580",
"ref": "P334729.22.6",
"inst": "u",
"f": {"lang": "akk-x-neoass",
"form": "x",
"pos": "u"}
}
,
{
"node": "l",
"frag": "x]",
"id": "P334729.l03581",
"ref": "P334729.22.7",
"inst": "u",
"f": {"lang": "akk-x-neoass",
"form": "x",
"pos": "u"}
}
,
{
"node": "d",
"type": "line-start",
"ref": "P334729.23",
"n": "7'",
"label": "r 7'"}
,
{
"node": "l",
"frag": "ma-a",
"id": "P334729.l03582",
"ref": "P334729.23.1",
"inst": "mā[saying]PRP",
"sig": "@saao/saa01%akk-x-neoass:ma-a=mā[saying//saying]PRP'PRP$mā",
"f": {"lang": "akk-x-neoass",
"form": "ma-a",
"cf": "mā",
"gw": "saying",
"sense": "saying",
"norm": "mā",
"pos": "PRP",
"epos": "PRP"}
}
,
{
"node": "l",
"frag": "⸢x⸣+[x",
"id": "P334729.l03583",
"ref": "P334729.23.2",
"inst": "u",
"f": {"lang": "akk-x-neoass",
"form": "x+x",
"pos": "u"}
}
,
{
"node": "l",
"frag": "x",
"id": "P334729.l03584",
"ref": "P334729.23.3",
"inst": "u",
"f": {"lang": "akk-x-neoass",
"form": "x",
"pos": "u"}
}
,
{
"node": "l",
"frag": "x",
"id": "P334729.l03585",
"ref": "P334729.23.4",
"inst": "u",
"f": {"lang": "akk-x-neoass",
"form": "x",
"pos": "u"}
}
,
{
"node": "l",
"frag": "x",
"id": "P334729.l03586",
"ref": "P334729.23.5",
"inst": "u",
"f": {"lang": "akk-x-neoass",
"form": "x",
"pos": "u"}
}
,
{
"node": "l",
"frag": "x",
"id": "P334729.l03587",
"ref": "P334729.23.6",
"inst": "u",
"f": {"lang": "akk-x-neoass",
"form": "x",
"pos": "u"}
}
,
{
"node": "l",
"frag": "x]",
"id": "P334729.l03588",
"ref": "P334729.23.7",
"inst": "u",
"f": {"lang": "akk-x-neoass",
"form": "x",
"pos": "u"}
}
,
{
"node": "d",
"type": "nonx",
"ref": "P334729.24",
"strict": "0",
"extent": "rest",
"state": "other"}
]}
]}
]}
]}
