{
"type": "cdl",
  "source": "http://oracc.org/saao/saa01",
  "license": "This data is released under the CC0 license",
  "license-url": "https://creativecommons.org/publicdomain/zero/1.0/",
  "more-info": "http://oracc.org/doc/opendata/",
  "UTC-timestamp": "2017-05-19T11:22:23",
"project": "saao/saa01",
"textid": "P334895",
"cdl": [
{
"node": "c",
"type": "text",
"id": "P334895.U0",
"cdl": [
{
"node": "d",
"type": "object",
"ref": ""}
,
{
"node": "d",
"subtype": "obverse",
"type": "surface",
"ref": "P334895.o.1",
"type": "obverse",
"label": "o"}
,
{
"node": "d",
"type": "nonx",
"ref": "P334895.2",
"strict": "0",
"extent": "beginning",
"state": "missing"}
,
{
"node": "c",
"type": "discourse",
"subtype": "body",
"id": "P334895.U1",
"cdl": [
{
"node": "c",
"type": "sentence",
"id": "P334895.U2",
"label": "o 1' - r 4",
"cdl": [
{
"node": "d",
"type": "line-start",
"ref": "P334895.3",
"n": "1'",
"label": "o 1'"}
,
{
"node": "c",
"type": "phrase",
"tag": "phr",
"id": "P334895.U4",
"ref": "P334895.ls00000",
"cdl": [
{
"node": "l",
"frag": "[ina]",
"id": "P334895.l040dd",
"ref": "P334895.3.1",
"inst": "ina[in+=to]PRP",
"sig": "@saao/saa01%akk-x-neoass:ina=ina[in//in]PRP'PRP$ina",
"f": {"lang": "akk-x-neoass",
"form": "ina",
"cf": "ina",
"gw": "in",
"sense": "in",
"norm": "ina",
"pos": "PRP",
"epos": "PRP"}
}
,
{
"node": "l",
"frag": "⸢UGU",
"id": "P334895.l040de",
"ref": "P334895.3.2",
"inst": "muhhi[skull]N",
"sig": "@saao/saa01%akk-x-neoass:UGU=muhhu[skull//top]N'N$muhhi",
"f": {"lang": "akk-x-neoass",
"form": "UGU",
"cf": "muhhu",
"gw": "skull",
"sense": "top",
"norm": "muhhi",
"pos": "N",
"epos": "N"}
}
]}
,
{
"node": "l",
"frag": "{lu₂v}x⸣+[x",
"id": "P334895.l040df",
"ref": "P334895.3.3",
"inst": "u",
"f": {"lang": "akk-x-neoass",
"form": "{LU₂}x+x",
"pos": "u"}
}
,
{
"node": "l",
"frag": "x",
"id": "P334895.l040e0",
"ref": "P334895.3.4",
"inst": "u",
"f": {"lang": "akk-x-neoass",
"form": "x",
"pos": "u"}
}
,
{
"node": "l",
"frag": "x",
"id": "P334895.l040e1",
"ref": "P334895.3.5",
"inst": "u",
"f": {"lang": "akk-x-neoass",
"form": "x",
"pos": "u"}
}
,
{
"node": "l",
"frag": "x",
"id": "P334895.l040e2",
"ref": "P334895.3.6",
"inst": "u",
"f": {"lang": "akk-x-neoass",
"form": "x",
"pos": "u"}
}
,
{
"node": "l",
"frag": "x",
"id": "P334895.l040e3",
"ref": "P334895.3.7",
"inst": "u",
"f": {"lang": "akk-x-neoass",
"form": "x",
"pos": "u"}
}
,
{
"node": "l",
"frag": "x]",
"id": "P334895.l040e4",
"ref": "P334895.3.8",
"inst": "u",
"f": {"lang": "akk-x-neoass",
"form": "x",
"pos": "u"}
}
,
{
"node": "d",
"type": "line-start",
"ref": "P334895.4",
"n": "2'",
"label": "o 2'"}
,
{
"node": "l",
"frag": "[as]-⸢sa⸣-par",
"id": "P334895.l040e5",
"ref": "P334895.4.1",
"inst": "šapāru[send]V$assapar",
"sig": "@saao/saa01%akk-x-neoass:as-sa-par=šapāru[send//send]V'V$assapar",
"f": {"lang": "akk-x-neoass",
"form": "as-sa-par",
"cf": "šapāru",
"gw": "send",
"sense": "send",
"norm": "assapar",
"pos": "V",
"epos": "V"}
}
,
{
"node": "l",
"frag": "nu-uk\\td",
"id": "P334895.l040e6",
"ref": "P334895.4.2",
"inst": "nuk[saying]PRP",
"sig": "@saao/saa01%akk-x-neoass:nu-uk=nuk[saying//saying]PRP'PRP$nuk",
"f": {"lang": "akk-x-neoass",
"form": "nu-uk",
"cf": "nuk",
"gw": "saying",
"sense": "saying",
"norm": "nuk",
"pos": "PRP",
"epos": "PRP"}
}
,
{
"node": "l",
"frag": "⸢x⸣+[x",
"id": "P334895.l040e7",
"ref": "P334895.4.3",
"inst": "u",
"f": {"lang": "akk-x-neoass",
"form": "x+x",
"pos": "u"}
}
,
{
"node": "l",
"frag": "x",
"id": "P334895.l040e8",
"ref": "P334895.4.4",
"inst": "u",
"f": {"lang": "akk-x-neoass",
"form": "x",
"pos": "u"}
}
,
{
"node": "l",
"frag": "x",
"id": "P334895.l040e9",
"ref": "P334895.4.5",
"inst": "u",
"f": {"lang": "akk-x-neoass",
"form": "x",
"pos": "u"}
}
,
{
"node": "l",
"frag": "x",
"id": "P334895.l040ea",
"ref": "P334895.4.6",
"inst": "u",
"f": {"lang": "akk-x-neoass",
"form": "x",
"pos": "u"}
}
,
{
"node": "l",
"frag": "x]",
"id": "P334895.l040eb",
"ref": "P334895.4.7",
"inst": "u",
"f": {"lang": "akk-x-neoass",
"form": "x",
"pos": "u"}
}
,
{
"node": "d",
"type": "line-start",
"ref": "P334895.5",
"n": "3'",
"label": "o 3'"}
,
{
"node": "l",
"frag": "⸢la⸣",
"id": "P334895.l040ec",
"ref": "P334895.5.1",
"inst": "lā[not]MOD",
"sig": "@saao/saa01%akk-x-neoass:la=lā[not//not]MOD'MOD$lā",
"f": {"lang": "akk-x-neoass",
"form": "la",
"cf": "lā",
"gw": "not",
"sense": "not",
"norm": "lā",
"pos": "MOD",
"epos": "MOD"}
}
,
{
"node": "l",
"frag": "ra-qa-a-⸢ka⸣",
"id": "P334895.l040ed",
"ref": "P334895.5.2",
"inst": "rīqu[empty//free]AJ$rāqāka",
"sig": "@saao/saa01%akk-x-neoass:ra-qa-a-ka=rīqu[empty//free]AJ'AJ$rāqāka",
"f": {"lang": "akk-x-neoass",
"form": "ra-qa-a-ka",
"cf": "rīqu",
"gw": "empty",
"sense": "free",
"norm": "rāqāka",
"pos": "AJ",
"epos": "AJ"}
}
,
{
"node": "l",
"frag": "ina",
"id": "P334895.l040ee",
"ref": "P334895.5.3",
"inst": "ina[in]PRP",
"sig": "@saao/saa01%akk-x-neoass:ina=ina[in//in]PRP'PRP$ina",
"f": {"lang": "akk-x-neoass",
"form": "ina",
"cf": "ina",
"gw": "in",
"sense": "in",
"norm": "ina",
"pos": "PRP",
"epos": "PRP"}
}
,
{
"node": "l",
"frag": "pa-⸢x⸣+[x",
"id": "P334895.l040ef",
"ref": "P334895.5.4",
"inst": "u",
"f": {"lang": "akk-x-neoass",
"form": "pa-x+x",
"pos": "u"}
}
,
{
"node": "l",
"frag": "x",
"id": "P334895.l040f0",
"ref": "P334895.5.5",
"inst": "u",
"f": {"lang": "akk-x-neoass",
"form": "x",
"pos": "u"}
}
,
{
"node": "l",
"frag": "x]",
"id": "P334895.l040f1",
"ref": "P334895.5.6",
"inst": "u",
"f": {"lang": "akk-x-neoass",
"form": "x",
"pos": "u"}
}
,
{
"node": "d",
"type": "line-start",
"ref": "P334895.6",
"n": "4'",
"label": "o 4'"}
,
{
"node": "l",
"frag": "tu-ša₂-aṣ~td-bat",
"id": "P334895.l040f2",
"ref": "P334895.6.1",
"inst": "ṣabātu[seize//provide]V$tušaṣbat",
"sig": "@saao/saa01%akk-x-neoass:tu-ša₂-aṣ-bat=ṣabātu[seize//provide]V'V$tušaṣbat",
"f": {"lang": "akk-x-neoass",
"form": "tu-ša₂-aṣ-bat",
"cf": "ṣabātu",
"gw": "seize",
"sense": "provide",
"norm": "tušaṣbat",
"pos": "V",
"epos": "V"}
}
,
{
"node": "l",
"frag": "nu-uk\\td",
"id": "P334895.l040f3",
"ref": "P334895.6.2",
"inst": "nuk[saying]PRP",
"sig": "@saao/saa01%akk-x-neoass:nu-uk=nuk[saying//saying]PRP'PRP$nuk",
"f": {"lang": "akk-x-neoass",
"form": "nu-uk",
"cf": "nuk",
"gw": "saying",
"sense": "saying",
"norm": "nuk",
"pos": "PRP",
"epos": "PRP"}
}
,
{
"node": "l",
"frag": "{lu₂v}⸢ERIM⸣-[MEŠ]",
"id": "P334895.l040f4",
"ref": "P334895.6.3",
"inst": "ṣābāni[troops]N",
"sig": "@saao/saa01%akk-x-neoass:{LU₂}ERIM-MEŠ=ṣābu[people//troops]N'N$ṣābāni",
"f": {"lang": "akk-x-neoass",
"form": "{LU₂}ERIM-MEŠ",
"cf": "ṣābu",
"gw": "people",
"sense": "troops",
"norm": "ṣābāni",
"pos": "N",
"epos": "N"}
}
,
{
"node": "d",
"type": "line-start",
"ref": "P334895.7",
"n": "5'",
"label": "o 5'"}
,
{
"node": "l",
"frag": "a-na",
"id": "P334895.l040f5",
"ref": "P334895.7.1",
"inst": "ana[to]PRP",
"sig": "@saao/saa01%akk-x-neoass:a-na=ana[to//to]PRP'PRP$ana",
"f": {"lang": "akk-x-neoass",
"form": "a-na",
"cf": "ana",
"gw": "to",
"sense": "to",
"norm": "ana",
"pos": "PRP",
"epos": "PRP"}
}
,
{
"node": "c",
"type": "phrase",
"tag": "phr",
"id": "P334895.U5",
"ref": "P334895.ls00001",
"cdl": [
{
"node": "l",
"frag": "{lu₂v}EN-pi-qi-te-ka",
"id": "P334895.l040f6",
"ref": "P334895.7.2",
"cof-tails": "P334895.l040f7",
"inst": "bēlu[lord]N$bēl&piqittu[allocation]N$piqittēka",
"sig": "@saao/saa01%akk-x-neoass:{LU₂}EN-pi-qi-te-ka=bēlu[lord//lord]N'N$bēl&&@saao%akk-x-neoass:=piqittu[allocation//allocation]N'N$piqittēka",
"f": {"lang": "akk-x-neoass",
"form": "{LU₂}EN-pi-qi-te-ka",
"cf": "bēlu",
"gw": "lord",
"sense": "lord",
"norm": "bēl",
"pos": "N",
"epos": "N"}
}
,
{
"node": "l",
"frag": "{lu₂v}EN-pi-qi-te-ka",
"id": "P334895.l040f7",
"ref": "P334895.7.2",
"cof-head": "P334895.l040f6",
"inst": "bēlu[lord]N$bēl&piqittu[allocation]N$piqittēka",
"tail-sig": "@saao%akk-x-neoass:=piqittu[allocation//allocation]N'N$piqittēka",
"f": {"lang": "akk-x-neoass",
"form": "{LU₂}EN-pi-qi-te-ka",
"cf": "piqittu",
"gw": "allocation",
"sense": "allocation",
"norm": "piqittēka",
"pos": "N",
"epos": "N"}
}
]}
,
{
"node": "l",
"frag": "[di-ni]",
"id": "P334895.l040f8",
"ref": "P334895.7.3",
"inst": "dīni[give]V",
"sig": "@saao/saa01%akk-x-neoass:di-ni=tadānu[give//give]V'V$dīni",
"f": {"lang": "akk-x-neoass",
"form": "di-ni",
"cf": "tadānu",
"gw": "give",
"sense": "give",
"norm": "dīni",
"pos": "V",
"epos": "V"}
}
,
{
"node": "d",
"subtype": "bottom",
"type": "surface",
"ref": "P334895.b.e..8",
"type": "bottom",
"label": "b.e."}
,
{
"node": "d",
"type": "line-start",
"ref": "P334895.9",
"n": "6'",
"label": "b.e. 6'"}
,
{
"node": "l",
"frag": "i-se-en",
"id": "P334895.l040f9",
"ref": "P334895.9.1",
"inst": "ištēn[one]NU$issēn",
"sig": "@saao/saa01%akk-x-neoass:i-se-en=ištēn[one//one]NU'NU$issēn",
"f": {"lang": "akk-x-neoass",
"form": "i-se-en",
"cf": "ištēn",
"gw": "one",
"sense": "one",
"norm": "issēn",
"pos": "NU",
"epos": "NU"}
}
,
{
"node": "c",
"type": "phrase",
"tag": "phr",
"id": "P334895.U6",
"ref": "P334895.ls00002",
"cdl": [
{
"node": "l",
"frag": "TA@v\\m",
"id": "P334895.l040fa",
"ref": "P334895.9.2",
"inst": "issu[from+=from out of]PRP",
"sig": "@saao/saa01%akk-x-neoass:TA@v=ištu[from//from]PRP'PRP$issu",
"f": {"lang": "akk-x-neoass",
"form": "TA@v",
"cf": "ištu",
"gw": "from",
"sense": "from",
"norm": "issu",
"pos": "PRP",
"epos": "PRP"}
}
,
{
"node": "l",
"frag": "ŠA₃",
"id": "P334895.l040fb",
"ref": "P334895.9.3",
"inst": "libbi[interior]N",
"sig": "@saao/saa01%akk-x-neoass:ŠA₃=libbu[interior//interior]N'N$libbi",
"f": {"lang": "akk-x-neoass",
"form": "ŠA₃",
"cf": "libbu",
"gw": "interior",
"sense": "interior",
"norm": "libbi",
"pos": "N",
"epos": "N"}
}
]}
,
{
"node": "l",
"frag": "{lu₂v}GAL-[MEŠ]",
"id": "P334895.l040fc",
"ref": "P334895.9.4",
"inst": "rabiūti[magnate]N",
"sig": "@saao/saa01%akk-x-neoass:{LU₂}GAL-MEŠ=rabiu[big one//magnate]N'N$rabiūti",
"f": {"lang": "akk-x-neoass",
"form": "{LU₂}GAL-MEŠ",
"cf": "rabiu",
"gw": "big one",
"sense": "magnate",
"norm": "rabiūti",
"pos": "N",
"epos": "N"}
}
,
{
"node": "d",
"type": "line-start",
"ref": "P334895.10",
"n": "7'",
"label": "b.e. 7'"}
,
{
"node": "l",
"frag": "i-si-šu₂-nu",
"id": "P334895.l040fd",
"ref": "P334895.10.1",
"inst": "issišunu[with]PRP",
"sig": "@saao/saa01%akk-x-neoass:i-si-šu₂-nu=išti[with//with]PRP'PRP$issišunu",
"f": {"lang": "akk-x-neoass",
"form": "i-si-šu₂-nu",
"cf": "išti",
"gw": "with",
"sense": "with",
"norm": "issišunu",
"pos": "PRP",
"epos": "PRP"}
}
,
{
"node": "l",
"frag": "ar₂-hiš",
"id": "P334895.l040fe",
"ref": "P334895.10.2",
"inst": "arhiš[quickly]AV",
"sig": "@saao/saa01%akk-x-neoass:ar₂-hiš=arhiš[quickly//quickly]AV'AV$arhiš",
"f": {"lang": "akk-x-neoass",
"form": "ar₂-hiš",
"cf": "arhiš",
"gw": "quickly",
"sense": "quickly",
"norm": "arhiš",
"pos": "AV",
"epos": "AV"}
}
,
{
"node": "l",
"frag": "lil-li-[ki]",
"id": "P334895.l040ff",
"ref": "P334895.10.3",
"inst": "lillīki[go]V",
"sig": "@saao/saa01%akk-x-neoass:lil-li-ki=alāku[go//go]V'V$lillīki",
"f": {"lang": "akk-x-neoass",
"form": "lil-li-ki",
"cf": "alāku",
"gw": "go",
"sense": "go",
"norm": "lillīki",
"pos": "V",
"epos": "V"}
}
,
{
"node": "d",
"type": "line-start",
"ref": "P334895.11",
"n": "8'",
"label": "b.e. 8'"}
,
{
"node": "l",
"frag": "{na₄}{d}ALAD.{d}LAMA",
"id": "P334895.l04100",
"ref": "P334895.11.1",
"inst": "aladlammû[human-headed bull-colossus]N",
"sig": "@saao/saa01%akk-x-neoass:{NA₄}{d}ALAD.{d}LAMA=aladlammû[human-headed bull-colossus//human-headed bull-colossus]N'N$aladlammû",
"f": {"lang": "akk-x-neoass",
"form": "{NA₄}{d}ALAD.{d}LAMA",
"cf": "aladlammû",
"gw": "human-headed bull-colossus",
"sense": "human-headed bull-colossus",
"norm": "aladlammû",
"pos": "N",
"epos": "N"}
}
,
{
"node": "l",
"frag": "[o]",
"id": "P334895.l04101",
"ref": "P334895.11.2",
"inst": "u",
"f": {"lang": "akk-x-neoass",
"form": "o",
"pos": "u"}
}
,
{
"node": "d",
"subtype": "reverse",
"type": "surface",
"ref": "P334895.r.12",
"type": "reverse",
"label": "r"}
,
{
"node": "d",
"type": "line-start",
"ref": "P334895.13",
"n": "1",
"label": "r 1"}
,
{
"node": "l",
"frag": "ša-ni-u₂",
"id": "P334895.l04102",
"ref": "P334895.13.1",
"inst": "šaniu[(an)other]AJ",
"sig": "@saao/saa01%akk-x-neoass:ša-ni-u₂=šanû[(an)other//(an)other]AJ'AJ$šaniu",
"f": {"lang": "akk-x-neoass",
"form": "ša-ni-u₂",
"cf": "šanû",
"gw": "(an)other",
"sense": "(an)other",
"norm": "šaniu",
"pos": "AJ",
"epos": "AJ"}
}
,
{
"node": "l",
"frag": "ku-um\\d",
"id": "P334895.l04103",
"ref": "P334895.13.2",
"inst": "kūm[instead of]PRP",
"sig": "@saao/saa01%akk-x-neoass:ku-um=kūm[instead of//instead of]PRP'PRP$kūm",
"f": {"lang": "akk-x-neoass",
"form": "ku-um",
"cf": "kūm",
"gw": "instead of",
"sense": "instead of",
"norm": "kūm",
"pos": "PRP",
"epos": "PRP"}
}
,
{
"node": "l",
"frag": "ša\\ydp",
"id": "P334895.l04104",
"ref": "P334895.13.3",
"inst": "ša[which]REL",
"sig": "@saao/saa01%akk-x-neoass:ša=ša[that//which]REL'REL$ša",
"f": {"lang": "akk-x-neoass",
"form": "ša",
"cf": "ša",
"gw": "that",
"sense": "which",
"norm": "ša",
"pos": "REL",
"epos": "REL"}
}
,
{
"node": "l",
"frag": "ka-⸢ri⸣-[ru-ni]",
"id": "P334895.l04105",
"ref": "P334895.13.4",
"inst": "karru[put down]AJ$karirūni",
"sig": "@saao/saa01%akk-x-neoass:ka-ri-ru-ni=karru[put down//put down]AJ'AJ$karirūni",
"f": {"lang": "akk-x-neoass",
"form": "ka-ri-ru-ni",
"cf": "karru",
"gw": "put down",
"sense": "put down",
"norm": "karirūni",
"pos": "AJ",
"epos": "AJ"}
}
,
{
"node": "d",
"type": "line-start",
"ref": "P334895.14",
"n": "2",
"label": "r 2"}
,
{
"node": "l",
"frag": "a-na",
"id": "P334895.l04106",
"ref": "P334895.14.1",
"inst": "ana[to]PRP",
"sig": "@saao/saa01%akk-x-neoass:a-na=ana[to//to]PRP'PRP$ana",
"f": {"lang": "akk-x-neoass",
"form": "a-na",
"cf": "ana",
"gw": "to",
"sense": "to",
"norm": "ana",
"pos": "PRP",
"epos": "PRP"}
}
,
{
"node": "l",
"frag": "ma-ṣar\\m-te-šu",
"id": "P334895.l04107",
"ref": "P334895.14.2",
"inst": "maṣṣartu[observation//guard]N$maṣṣartēšu",
"sig": "@saao/saa01%akk-x-neoass:ma-ṣar-te-šu=maṣṣartu[observation//guard]N'N$maṣṣartēšu",
"f": {"lang": "akk-x-neoass",
"form": "ma-ṣar-te-šu",
"cf": "maṣṣartu",
"gw": "observation",
"sense": "guard",
"norm": "maṣṣartēšu",
"pos": "N",
"epos": "N"}
}
,
{
"node": "l",
"frag": "bi",
"id": "P334895.l04108",
"ref": "P334895.14.3",
"inst": "u",
"f": {"lang": "akk-x-neoass",
"form": "bi",
"pos": "u"}
}
,
{
"node": "l",
"frag": "[x",
"id": "P334895.l04109",
"ref": "P334895.14.4",
"inst": "u",
"f": {"lang": "akk-x-neoass",
"form": "x",
"pos": "u"}
}
,
{
"node": "l",
"frag": "x]",
"id": "P334895.l0410a",
"ref": "P334895.14.5",
"inst": "u",
"f": {"lang": "akk-x-neoass",
"form": "x",
"pos": "u"}
}
,
{
"node": "d",
"type": "line-start",
"ref": "P334895.15",
"n": "3",
"label": "r 3"}
,
{
"node": "l",
"frag": "u₃",
"id": "P334895.l0410b",
"ref": "P334895.15.1",
"inst": "u[and]CNJ",
"sig": "@saao/saa01%akk-x-neoass:u₃=u[and//and]CNJ'CNJ$u",
"f": {"lang": "akk-x-neoass",
"form": "u₃",
"cf": "u",
"gw": "and",
"sense": "and",
"norm": "u",
"pos": "CNJ",
"epos": "CNJ"}
}
,
{
"node": "l",
"frag": "{na₄}{⸢d}ALAD.{d}LAMA⸣-[MEŠ]",
"id": "P334895.l0410c",
"ref": "P334895.15.2",
"inst": "aladlammê[human-headed bull-colossus]N",
"sig": "@saao/saa01%akk-x-neoass:{NA₄}{d}ALAD.{d}LAMA-MEŠ=aladlammû[human-headed bull-colossus//human-headed bull-colossus]N'N$aladlammê",
"f": {"lang": "akk-x-neoass",
"form": "{NA₄}{d}ALAD.{d}LAMA-MEŠ",
"cf": "aladlammû",
"gw": "human-headed bull-colossus",
"sense": "human-headed bull-colossus",
"norm": "aladlammê",
"pos": "N",
"epos": "N"}
}
,
{
"node": "d",
"type": "line-start",
"ref": "P334895.16",
"n": "4",
"label": "r 4"}
,
{
"node": "l",
"frag": "⸢ša⸣",
"id": "P334895.l0410d",
"ref": "P334895.16.1",
"inst": "ša[which]REL",
"sig": "@saao/saa01%akk-x-neoass:ša=ša[that//which]REL'REL$ša",
"f": {"lang": "akk-x-neoass",
"form": "ša",
"cf": "ša",
"gw": "that",
"sense": "which",
"norm": "ša",
"pos": "REL",
"epos": "REL"}
}
,
{
"node": "l",
"frag": "ina",
"id": "P334895.l0410e",
"ref": "P334895.16.2",
"inst": "ina[in]PRP",
"sig": "@saao/saa01%akk-x-neoass:ina=ina[in//in]PRP'PRP$ina",
"f": {"lang": "akk-x-neoass",
"form": "ina",
"cf": "ina",
"gw": "in",
"sense": "in",
"norm": "ina",
"pos": "PRP",
"epos": "PRP"}
}
,
{
"node": "l",
"frag": "{⸢uru⸣}[x",
"id": "P334895.l0410f",
"ref": "P334895.16.3",
"inst": "u",
"f": {"lang": "akk-x-neoass",
"form": "{URU}x",
"pos": "u"}
}
,
{
"node": "l",
"frag": "x",
"id": "P334895.l04110",
"ref": "P334895.16.4",
"inst": "u",
"f": {"lang": "akk-x-neoass",
"form": "x",
"pos": "u"}
}
,
{
"node": "l",
"frag": "x",
"id": "P334895.l04111",
"ref": "P334895.16.5",
"inst": "u",
"f": {"lang": "akk-x-neoass",
"form": "x",
"pos": "u"}
}
,
{
"node": "l",
"frag": "x",
"id": "P334895.l04112",
"ref": "P334895.16.6",
"inst": "u",
"f": {"lang": "akk-x-neoass",
"form": "x",
"pos": "u"}
}
,
{
"node": "l",
"frag": "x]",
"id": "P334895.l04113",
"ref": "P334895.16.7",
"inst": "u",
"f": {"lang": "akk-x-neoass",
"form": "x",
"pos": "u"}
}
,
{
"node": "d",
"type": "nonx",
"ref": "P334895.17",
"strict": "0",
"extent": "rest",
"state": "missing"}
]}
]}
]}
,
{
"linkbase": [{
"type": "linkset",
"xlink_title": "ina muhhi[on//about]PRP'PRP",
"id": "P334895.ls00000",
"xlink_type": "extended",
"xlink_role": "psu",
"sig": "{ina[in]PRP muhhu[skull]N += ina muhhi[on//about]PRP'PRP}::@saao%akk-x-neoass:ina=ina[in//into]PRP'PRP$ina++@saao%akk-x-neoass:UGU=muhhu[skull//skull]N'N$muhhi",
"links": [
{
"type": "link",
"xlink_title": "ina",
"xlink_type": "locator",
"xlink_href": "#P334895.l040dd",
"xlink_role": "elt"}
,
{
"type": "link",
"xlink_title": "muhhu",
"xlink_type": "locator",
"xlink_href": "#P334895.l040de",
"xlink_role": "elt"}
]}
,
{
"type": "linkset",
"xlink_title": "bēl piqitti[official//official]N'N",
"id": "P334895.ls00001",
"xlink_type": "extended",
"xlink_role": "psu",
"sig": "{bēlu[lord]N piqittu[allocation]N += bēl piqitti[official//official]N'N}::@saao%akk-x-neoass:{LU₂}EN-pi-qi-te-ka=bēlu[lord//lord]N'N$bēl++@saao%akk-x-neoass:{LU₂}EN-pi-qi-te-ka=piqittu[allocation//allocation]N'N$piqittēka",
"links": [
{
"type": "link",
"xlink_title": "bēlu",
"xlink_type": "locator",
"xlink_href": "#P334895.l040f6",
"xlink_role": "elt"}
,
{
"type": "link",
"xlink_title": "piqittu",
"xlink_type": "locator",
"xlink_href": "#P334895.l040f7",
"xlink_role": "elt"}
]}
,
{
"type": "linkset",
"xlink_title": "ištu libbi[from//from out of]PRP'PRP",
"id": "P334895.ls00002",
"xlink_type": "extended",
"xlink_role": "psu",
"sig": "{ištu[from]PRP libbu[interior]N += ištu libbi[from//from out of]PRP'PRP}::@saao%akk-x-neoass:TA@v=ištu[from//from]PRP'PRP$issu++@saao%akk-x-neoass:ŠA₃=libbu[interior//interior]N'N$libbi",
"links": [
{
"type": "link",
"xlink_title": "issu",
"xlink_type": "locator",
"xlink_href": "#P334895.l040fa",
"xlink_role": "elt"}
,
{
"type": "link",
"xlink_title": "libbi",
"xlink_type": "locator",
"xlink_href": "#P334895.l040fb",
"xlink_role": "elt"}
]}
]}
]}
