{
"type": "cdl",
  "source": "http://oracc.org/saao/saa01",
  "license": "This data is released under the CC0 license",
  "license-url": "https://creativecommons.org/publicdomain/zero/1.0/",
  "more-info": "http://oracc.org/doc/opendata/",
  "UTC-timestamp": "2017-05-19T11:22:09",
"project": "saao/saa01",
"textid": "P334174",
"cdl": [
{
"node": "c",
"type": "text",
"id": "P334174.U0",
"cdl": [
{
"node": "d",
"type": "object",
"ref": ""}
,
{
"node": "d",
"subtype": "obverse",
"type": "surface",
"ref": "P334174.o.1",
"type": "obverse",
"label": "o"}
,
{
"node": "c",
"type": "discourse",
"subtype": "body",
"id": "P334174.U1",
"cdl": [
{
"node": "c",
"type": "sentence",
"id": "P334174.U2",
"label": "o 1 - r 6'",
"cdl": [
{
"node": "d",
"type": "line-start",
"ref": "P334174.2",
"n": "1",
"label": "o 1"}
,
{
"node": "l",
"frag": "[a]-⸢na⸣",
"id": "P334174.l0325f",
"ref": "P334174.2.1",
"inst": "ana[to]PRP",
"sig": "@saao/saa01%akk-x-neoass:a-na=ana[to//to]PRP'PRP$ana",
"f": {"lang": "akk-x-neoass",
"form": "a-na",
"cf": "ana",
"gw": "to",
"sense": "to",
"norm": "ana",
"pos": "PRP",
"epos": "PRP"}
}
,
{
"node": "l",
"frag": "{lu₂v}SUKKAL",
"id": "P334174.l03260",
"ref": "P334174.2.2",
"inst": "šukkalli[vizier]N",
"sig": "@saao/saa01%akk-x-neoass:{LU₂}SUKKAL=šukkallu[(a court official)//vizier]N'N$šukkalli",
"f": {"lang": "akk-x-neoass",
"form": "{LU₂}SUKKAL",
"cf": "šukkallu",
"gw": "(a court official)",
"sense": "vizier",
"norm": "šukkalli",
"pos": "N",
"epos": "N"}
}
,
{
"node": "l",
"frag": "EN-ia",
"id": "P334174.l03261",
"ref": "P334174.2.3",
"inst": "bēlīya[lord]N",
"sig": "@saao/saa01%akk-x-neoass:EN-ia=bēlu[lord//lord]N'N$bēlīya",
"f": {"lang": "akk-x-neoass",
"form": "EN-ia",
"cf": "bēlu",
"gw": "lord",
"sense": "lord",
"norm": "bēlīya",
"pos": "N",
"epos": "N"}
}
,
{
"node": "d",
"type": "line-start",
"ref": "P334174.3",
"n": "2",
"label": "o 2"}
,
{
"node": "l",
"frag": "[ARAD-ka]",
"id": "P334174.l03262",
"ref": "P334174.3.1",
"inst": "urdaka[servant]N",
"sig": "@saao/saa01%akk-x-neoass:ARAD-ka=ardu[slave//servant]N'N$urdaka",
"f": {"lang": "akk-x-neoass",
"form": "ARAD-ka",
"cf": "ardu",
"gw": "slave",
"sense": "servant",
"norm": "urdaka",
"pos": "N",
"epos": "N"}
}
,
{
"node": "l",
"frag": "{1}aš-šur-ba-ni",
"id": "P334174.l03263",
"ref": "P334174.3.2",
"inst": "Aššur-bani[1]PN",
"sig": "@saao/saa01%akk-x-neoass:{1}aš-šur-ba-ni=Aššur-bani[1//1]PN'PN$Aššur-bani",
"f": {"lang": "akk-x-neoass",
"form": "{1}aš-šur-ba-ni",
"cf": "Aššur-bani",
"gw": "1",
"sense": "1",
"norm": "Aššur-bani",
"pos": "PN",
"epos": "PN"}
}
,
{
"node": "d",
"type": "line-start",
"ref": "P334174.4",
"n": "3",
"label": "o 3"}
,
{
"node": "l",
"frag": "[lu",
"id": "P334174.l03264",
"ref": "P334174.4.1",
"inst": "lū[may]MOD",
"sig": "@saao/saa01%akk-x-neoass:lu=lū[may//may]MOD'MOD$lū",
"f": {"lang": "akk-x-neoass",
"form": "lu",
"cf": "lū",
"gw": "may",
"sense": "may",
"norm": "lū",
"pos": "MOD",
"epos": "MOD"}
}
,
{
"node": "l",
"frag": "DI-mu",
"id": "P334174.l03265",
"ref": "P334174.4.2",
"inst": "šulmu[health]N",
"sig": "@saao/saa01%akk-x-neoass:DI-mu=šulmu[completeness//health]N'N$šulmu",
"f": {"lang": "akk-x-neoass",
"form": "DI-mu",
"cf": "šulmu",
"gw": "completeness",
"sense": "health",
"norm": "šulmu",
"pos": "N",
"epos": "N"}
}
,
{
"node": "l",
"frag": "a]-na",
"id": "P334174.l03266",
"ref": "P334174.4.3",
"inst": "ana[to]PRP",
"sig": "@saao/saa01%akk-x-neoass:a-na=ana[to//to]PRP'PRP$ana",
"f": {"lang": "akk-x-neoass",
"form": "a-na",
"cf": "ana",
"gw": "to",
"sense": "to",
"norm": "ana",
"pos": "PRP",
"epos": "PRP"}
}
,
{
"node": "l",
"frag": "{lu₂v}SUKKAL",
"id": "P334174.l03267",
"ref": "P334174.4.4",
"inst": "šukkalli[vizier]N",
"sig": "@saao/saa01%akk-x-neoass:{LU₂}SUKKAL=šukkallu[(a court official)//vizier]N'N$šukkalli",
"f": {"lang": "akk-x-neoass",
"form": "{LU₂}SUKKAL",
"cf": "šukkallu",
"gw": "(a court official)",
"sense": "vizier",
"norm": "šukkalli",
"pos": "N",
"epos": "N"}
}
,
{
"node": "l",
"frag": "⸢EN⸣-ia",
"id": "P334174.l03268",
"ref": "P334174.4.5",
"inst": "bēlīya[lord]N",
"sig": "@saao/saa01%akk-x-neoass:EN-ia=bēlu[lord//lord]N'N$bēlīya",
"f": {"lang": "akk-x-neoass",
"form": "EN-ia",
"cf": "bēlu",
"gw": "lord",
"sense": "lord",
"norm": "bēlīya",
"pos": "N",
"epos": "N"}
}
,
{
"node": "d",
"type": "line-start",
"ref": "P334174.5",
"n": "4",
"label": "o 4"}
,
{
"node": "l",
"frag": "[TA@v",
"id": "P334174.l03269",
"ref": "P334174.5.1",
"inst": "issu[from]PRP",
"sig": "@saao/saa01%akk-x-neoass:TA@v=ištu[from//from]PRP'PRP$issu",
"f": {"lang": "akk-x-neoass",
"form": "TA@v",
"cf": "ištu",
"gw": "from",
"sense": "from",
"norm": "issu",
"pos": "PRP",
"epos": "PRP"}
}
,
{
"node": "l",
"frag": "E₂.GAL]",
"id": "P334174.l0326a",
"ref": "P334174.5.2",
"inst": "ēkalli[palace]N",
"sig": "@saao/saa01%akk-x-neoass:E₂.GAL=ēkallu[palace//palace]N'N$ēkalli",
"f": {"lang": "akk-x-neoass",
"form": "E₂.GAL",
"cf": "ēkallu",
"gw": "palace",
"sense": "palace",
"norm": "ēkalli",
"pos": "N",
"epos": "N"}
}
,
{
"node": "l",
"frag": "⸢i⸣-sa-pa-ru-u-ni",
"id": "P334174.l0326b",
"ref": "P334174.5.3",
"inst": "issaparūni[write]V",
"sig": "@saao/saa01%akk-x-neoass:i-sa-pa-ru-u-ni=šapāru[send//write]V'V$issaparūni",
"f": {"lang": "akk-x-neoass",
"form": "i-sa-pa-ru-u-ni",
"cf": "šapāru",
"gw": "send",
"sense": "write",
"norm": "issaparūni",
"pos": "V",
"epos": "V"}
}
,
{
"node": "d",
"type": "line-start",
"ref": "P334174.6",
"n": "5",
"label": "o 5"}
,
{
"node": "l",
"frag": "[ma-a",
"id": "P334174.l0326c",
"ref": "P334174.6.1",
"inst": "mā[saying]PRP",
"sig": "@saao/saa01%akk-x-neoass:ma-a=mā[saying//saying]PRP'PRP$mā",
"f": {"lang": "akk-x-neoass",
"form": "ma-a",
"cf": "mā",
"gw": "saying",
"sense": "saying",
"norm": "mā",
"pos": "PRP",
"epos": "PRP"}
}
,
{
"node": "l",
"frag": "x",
"id": "P334174.l0326d",
"ref": "P334174.6.2",
"inst": "u",
"f": {"lang": "akk-x-neoass",
"form": "x",
"pos": "u"}
}
,
{
"node": "l",
"frag": "x",
"id": "P334174.l0326e",
"ref": "P334174.6.3",
"inst": "u",
"f": {"lang": "akk-x-neoass",
"form": "x",
"pos": "u"}
}
,
{
"node": "l",
"frag": "x",
"id": "P334174.l0326f",
"ref": "P334174.6.4",
"inst": "u",
"f": {"lang": "akk-x-neoass",
"form": "x",
"pos": "u"}
}
,
{
"node": "l",
"frag": "{1}zi-zi-ru",
"id": "P334174.l03270",
"ref": "P334174.6.5",
"inst": "Ziziru[]PN$",
"sig": "@saao/saa01%akk-x-neoass:{1}zi-zi-ru=Ziziru[1//1]PN'PN$Ziziru",
"f": {"lang": "akk-x-neoass",
"form": "{1}zi-zi-ru",
"cf": "Ziziru",
"gw": "1",
"sense": "1",
"norm": "Ziziru",
"pos": "PN",
"epos": "PN"}
}
,
{
"node": "d",
"type": "line-start",
"ref": "P334174.7",
"n": "6",
"label": "o 6"}
,
{
"node": "l",
"frag": "[x",
"id": "P334174.l03271",
"ref": "P334174.7.1",
"inst": "u",
"f": {"lang": "akk-x-neoass",
"form": "x",
"pos": "u"}
}
,
{
"node": "l",
"frag": "x",
"id": "P334174.l03272",
"ref": "P334174.7.2",
"inst": "u",
"f": {"lang": "akk-x-neoass",
"form": "x",
"pos": "u"}
}
,
{
"node": "l",
"frag": "uk-ta]-šid-du-u₂-šu₂",
"id": "P334174.l03273",
"ref": "P334174.7.3",
"inst": "kašādu[reach//drive away]V$uktaššiddūšu",
"sig": "@saao/saa01%akk-x-neoass:uk-ta-šid-du-u₂-šu₂=kašādu[reach//drive away]V'V$uktaššiddūšu",
"f": {"lang": "akk-x-neoass",
"form": "uk-ta-šid-du-u₂-šu₂",
"cf": "kašādu",
"gw": "reach",
"sense": "drive away",
"norm": "uktaššiddūšu",
"pos": "V",
"epos": "V"}
}
,
{
"node": "d",
"type": "line-start",
"ref": "P334174.8",
"n": "7",
"label": "o 7"}
,
{
"node": "l",
"frag": "[x",
"id": "P334174.l03274",
"ref": "P334174.8.1",
"inst": "u",
"f": {"lang": "akk-x-neoass",
"form": "x",
"pos": "u"}
}
,
{
"node": "l",
"frag": "x",
"id": "P334174.l03275",
"ref": "P334174.8.2",
"inst": "u",
"f": {"lang": "akk-x-neoass",
"form": "x",
"pos": "u"}
}
,
{
"node": "l",
"frag": "x",
"id": "P334174.l03276",
"ref": "P334174.8.3",
"inst": "u",
"f": {"lang": "akk-x-neoass",
"form": "x",
"pos": "u"}
}
,
{
"node": "l",
"frag": "x]",
"id": "P334174.l03277",
"ref": "P334174.8.4",
"inst": "u",
"f": {"lang": "akk-x-neoass",
"form": "x",
"pos": "u"}
}
,
{
"node": "l",
"frag": "{uru}kal-ha",
"id": "P334174.l03278",
"ref": "P334174.8.5",
"inst": "Kalha[1]GN",
"sig": "@saao/saa01%akk-x-neoass:{URU}kal-ha=Kalhu[1//1]GN'GN$Kalha",
"f": {"lang": "akk-x-neoass",
"form": "{URU}kal-ha",
"cf": "Kalhu",
"gw": "1",
"sense": "1",
"norm": "Kalha",
"pos": "GN",
"epos": "GN"}
}
,
{
"node": "d",
"type": "line-start",
"ref": "P334174.9",
"n": "8",
"label": "o 8"}
,
{
"node": "l",
"frag": "[x",
"id": "P334174.l03279",
"ref": "P334174.9.1",
"inst": "u",
"f": {"lang": "akk-x-neoass",
"form": "x",
"pos": "u"}
}
,
{
"node": "l",
"frag": "x",
"id": "P334174.l0327a",
"ref": "P334174.9.2",
"inst": "u",
"f": {"lang": "akk-x-neoass",
"form": "x",
"pos": "u"}
}
,
{
"node": "l",
"frag": "x",
"id": "P334174.l0327b",
"ref": "P334174.9.3",
"inst": "u",
"f": {"lang": "akk-x-neoass",
"form": "x",
"pos": "u"}
}
,
{
"node": "l",
"frag": "x]",
"id": "P334174.l0327c",
"ref": "P334174.9.4",
"inst": "u",
"f": {"lang": "akk-x-neoass",
"form": "x",
"pos": "u"}
}
,
{
"node": "l",
"frag": "{⸢id₂⸣}hi-ri-te",
"id": "P334174.l0327d",
"ref": "P334174.9.5",
"inst": "hirītu[ditch]N$hirīte",
"sig": "@saao/saa01%akk-x-neoass:{ID₂}hi-ri-te=hirītu[ditch//ditch]N'N$hirīte",
"f": {"lang": "akk-x-neoass",
"form": "{ID₂}hi-ri-te",
"cf": "hirītu",
"gw": "ditch",
"sense": "ditch",
"norm": "hirīte",
"pos": "N",
"epos": "N"}
}
,
{
"node": "d",
"type": "line-start",
"ref": "P334174.10",
"n": "9",
"label": "o 9"}
,
{
"node": "l",
"frag": "[x",
"id": "P334174.l0327e",
"ref": "P334174.10.1",
"inst": "u",
"f": {"lang": "akk-x-neoass",
"form": "x",
"pos": "u"}
}
,
{
"node": "l",
"frag": "x",
"id": "P334174.l0327f",
"ref": "P334174.10.2",
"inst": "u",
"f": {"lang": "akk-x-neoass",
"form": "x",
"pos": "u"}
}
,
{
"node": "l",
"frag": "x",
"id": "P334174.l03280",
"ref": "P334174.10.3",
"inst": "u",
"f": {"lang": "akk-x-neoass",
"form": "x",
"pos": "u"}
}
,
{
"node": "l",
"frag": "x",
"id": "P334174.l03281",
"ref": "P334174.10.4",
"inst": "u",
"f": {"lang": "akk-x-neoass",
"form": "x",
"pos": "u"}
}
,
{
"node": "l",
"frag": "x",
"id": "P334174.l03282",
"ref": "P334174.10.5",
"inst": "u",
"f": {"lang": "akk-x-neoass",
"form": "x",
"pos": "u"}
}
,
{
"node": "l",
"frag": "x]",
"id": "P334174.l03283",
"ref": "P334174.10.6",
"inst": "u",
"f": {"lang": "akk-x-neoass",
"form": "x",
"pos": "u"}
}
,
{
"node": "l",
"frag": "01",
"id": "P334174.l03284",
"ref": "P334174.10.7",
"inst": "n",
"f": {"lang": "akk-x-neoass",
"form": "01",
"pos": "n"}
}
,
{
"node": "l",
"frag": "me⸣",
"id": "P334174.l03285",
"ref": "P334174.10.8",
"inst": "mē[hundred]NU",
"sig": "@saao/saa01%akk-x-neoass:me=meʾatu[(one) hundred//(one) hundred]NU'NU$mē",
"f": {"lang": "akk-x-neoass",
"form": "me",
"cf": "meʾatu",
"gw": "(one) hundred",
"sense": "(one) hundred",
"norm": "mē",
"pos": "NU",
"epos": "NU"}
}
,
{
"node": "l",
"frag": "20",
"id": "P334174.l03286",
"ref": "P334174.10.9",
"inst": "n",
"f": {"lang": "akk-x-neoass",
"form": "20",
"pos": "n"}
}
,
{
"node": "d",
"type": "nonx",
"ref": "P334174.11",
"strict": "0",
"extent": "rest",
"state": "missing"}
,
{
"node": "d",
"subtype": "reverse",
"type": "surface",
"ref": "P334174.r.12",
"type": "reverse",
"label": "r"}
,
{
"node": "d",
"type": "nonx",
"ref": "P334174.13",
"strict": "0",
"extent": "beginning",
"state": "missing"}
,
{
"node": "d",
"type": "line-start",
"ref": "P334174.14",
"n": "1'",
"label": "r 1'"}
,
{
"node": "l",
"frag": "[x",
"id": "P334174.l03287",
"ref": "P334174.14.1",
"inst": "u",
"f": {"lang": "akk-x-neoass",
"form": "x",
"pos": "u"}
}
,
{
"node": "l",
"frag": "x",
"id": "P334174.l03288",
"ref": "P334174.14.2",
"inst": "u",
"f": {"lang": "akk-x-neoass",
"form": "x",
"pos": "u"}
}
,
{
"node": "l",
"frag": "x",
"id": "P334174.l03289",
"ref": "P334174.14.3",
"inst": "u",
"f": {"lang": "akk-x-neoass",
"form": "x",
"pos": "u"}
}
,
{
"node": "l",
"frag": "x",
"id": "P334174.l0328a",
"ref": "P334174.14.4",
"inst": "u",
"f": {"lang": "akk-x-neoass",
"form": "x",
"pos": "u"}
}
,
{
"node": "l",
"frag": "x",
"id": "P334174.l0328b",
"ref": "P334174.14.5",
"inst": "u",
"f": {"lang": "akk-x-neoass",
"form": "x",
"pos": "u"}
}
,
{
"node": "l",
"frag": "x",
"id": "P334174.l0328c",
"ref": "P334174.14.6",
"inst": "u",
"f": {"lang": "akk-x-neoass",
"form": "x",
"pos": "u"}
}
,
{
"node": "l",
"frag": "x]",
"id": "P334174.l0328d",
"ref": "P334174.14.7",
"inst": "u",
"f": {"lang": "akk-x-neoass",
"form": "x",
"pos": "u"}
}
,
{
"node": "l",
"frag": "tu₂",
"id": "P334174.l0328e",
"ref": "P334174.14.8",
"inst": "u",
"f": {"lang": "akk-x-neoass",
"form": "tu₂",
"pos": "u"}
}
,
{
"node": "d",
"type": "line-start",
"ref": "P334174.15",
"n": "2'",
"label": "r 2'"}
,
{
"node": "l",
"frag": "[is-su-ri",
"id": "P334174.l0328f",
"ref": "P334174.15.1",
"inst": "issurri[perhaps]AV",
"sig": "@saao/saa01%akk-x-neoass:is-su-ri=issurri[perhaps//perhaps]AV'AV$issurri",
"f": {"lang": "akk-x-neoass",
"form": "is-su-ri",
"cf": "issurri",
"gw": "perhaps",
"sense": "perhaps",
"norm": "issurri",
"pos": "AV",
"epos": "AV"}
}
,
{
"node": "l",
"frag": "be]-⸢li₂⸣",
"id": "P334174.l03290",
"ref": "P334174.15.2",
"inst": "bēlī[lord]N",
"sig": "@saao/saa01%akk-x-neoass:be-li₂=bēlu[lord//lord]N'N$bēlī",
"f": {"lang": "akk-x-neoass",
"form": "be-li₂",
"cf": "bēlu",
"gw": "lord",
"sense": "lord",
"norm": "bēlī",
"pos": "N",
"epos": "N"}
}
,
{
"node": "l",
"frag": "i-⸢qa⸣-bi",
"id": "P334174.l03291",
"ref": "P334174.15.3",
"inst": "iqabbi[say]V",
"sig": "@saao/saa01%akk-x-neoass:i-qa-bi=qabû[say//say]V'V$iqabbi",
"f": {"lang": "akk-x-neoass",
"form": "i-qa-bi",
"cf": "qabû",
"gw": "say",
"sense": "say",
"norm": "iqabbi",
"pos": "V",
"epos": "V"}
}
,
{
"node": "d",
"type": "line-start",
"ref": "P334174.16",
"n": "3'",
"label": "r 3'"}
,
{
"node": "l",
"frag": "[ma-a",
"id": "P334174.l03292",
"ref": "P334174.16.1",
"inst": "mā[saying]PRP",
"sig": "@saao/saa01%akk-x-neoass:ma-a=mā[saying//saying]PRP'PRP$mā",
"f": {"lang": "akk-x-neoass",
"form": "ma-a",
"cf": "mā",
"gw": "saying",
"sense": "saying",
"norm": "mā",
"pos": "PRP",
"epos": "PRP"}
}
,
{
"node": "l",
"frag": "a]-ta-a",
"id": "P334174.l03293",
"ref": "P334174.16.2",
"inst": "atâ[why?]QP",
"sig": "@saao/saa01%akk-x-neoass:a-ta-a=atā[why?//why?]QP'QP$atâ",
"f": {"lang": "akk-x-neoass",
"form": "a-ta-a",
"cf": "atā",
"gw": "why?",
"sense": "why?",
"norm": "atâ",
"pos": "QP",
"epos": "QP"}
}
,
{
"node": "l",
"frag": "la",
"id": "P334174.l03294",
"ref": "P334174.16.3",
"inst": "lā[not]MOD",
"sig": "@saao/saa01%akk-x-neoass:la=lā[not//not]MOD'MOD$lā",
"f": {"lang": "akk-x-neoass",
"form": "la",
"cf": "lā",
"gw": "not",
"sense": "not",
"norm": "lā",
"pos": "MOD",
"epos": "MOD"}
}
,
{
"node": "l",
"frag": "taš-pu-ra",
"id": "P334174.l03295",
"ref": "P334174.16.4",
"inst": "tašpura[write]V",
"sig": "@saao/saa01%akk-x-neoass:taš-pu-ra=šapāru[send//write]V'V$tašpura",
"f": {"lang": "akk-x-neoass",
"form": "taš-pu-ra",
"cf": "šapāru",
"gw": "send",
"sense": "write",
"norm": "tašpura",
"pos": "V",
"epos": "V"}
}
,
{
"node": "d",
"type": "line-start",
"ref": "P334174.17",
"n": "4'",
"label": "r 4'"}
,
{
"node": "l",
"frag": "[u₂-ma-a",
"id": "P334174.l03296",
"ref": "P334174.17.1",
"inst": "ūmâ[now]AV",
"sig": "@saao/saa01%akk-x-neoass:u₂-ma-a=ūma[today//now]AV'AV$ūmâ",
"f": {"lang": "akk-x-neoass",
"form": "u₂-ma-a",
"cf": "ūma",
"gw": "today",
"sense": "now",
"norm": "ūmâ",
"pos": "AV",
"epos": "AV"}
}
,
{
"node": "l",
"frag": "an]-nu-rig",
"id": "P334174.l03297",
"ref": "P334174.17.2",
"inst": "annurig[now]AV",
"sig": "@saao/saa01%akk-x-neoass:an-nu-rig=annûri[now//now]AV'AV$annurig",
"f": {"lang": "akk-x-neoass",
"form": "an-nu-rig",
"cf": "annûri",
"gw": "now",
"sense": "now",
"norm": "annurig",
"pos": "AV",
"epos": "AV"}
}
,
{
"node": "d",
"type": "line-start",
"ref": "P334174.18",
"n": "5'",
"label": "r 5'"}
,
{
"node": "l",
"frag": "[a-na]",
"id": "P334174.l03298",
"ref": "P334174.18.1",
"inst": "ana[to]PRP",
"sig": "@saao/saa01%akk-x-neoass:a-na=ana[to//to]PRP'PRP$ana",
"f": {"lang": "akk-x-neoass",
"form": "a-na",
"cf": "ana",
"gw": "to",
"sense": "to",
"norm": "ana",
"pos": "PRP",
"epos": "PRP"}
}
,
{
"node": "l",
"frag": "{lu₂v}SUKKAL",
"id": "P334174.l03299",
"ref": "P334174.18.2",
"inst": "šukkalli[vizier]N",
"sig": "@saao/saa01%akk-x-neoass:{LU₂}SUKKAL=šukkallu[(a court official)//vizier]N'N$šukkalli",
"f": {"lang": "akk-x-neoass",
"form": "{LU₂}SUKKAL",
"cf": "šukkallu",
"gw": "(a court official)",
"sense": "vizier",
"norm": "šukkalli",
"pos": "N",
"epos": "N"}
}
,
{
"node": "l",
"frag": "EN-ia",
"id": "P334174.l0329a",
"ref": "P334174.18.3",
"inst": "bēlīya[lord]N",
"sig": "@saao/saa01%akk-x-neoass:EN-ia=bēlu[lord//lord]N'N$bēlīya",
"f": {"lang": "akk-x-neoass",
"form": "EN-ia",
"cf": "bēlu",
"gw": "lord",
"sense": "lord",
"norm": "bēlīya",
"pos": "N",
"epos": "N"}
}
,
{
"node": "d",
"type": "line-start",
"ref": "P334174.19",
"n": "6'",
"label": "r 6'"}
,
{
"node": "l",
"frag": "[a]-sa-pa-ra",
"id": "P334174.l0329b",
"ref": "P334174.19.1",
"inst": "assapāra[send]V",
"sig": "@saao/saa01%akk-x-neoass:a-sa-pa-ra=šapāru[send//send]V'V$assapāra",
"f": {"lang": "akk-x-neoass",
"form": "a-sa-pa-ra",
"cf": "šapāru",
"gw": "send",
"sense": "send",
"norm": "assapāra",
"pos": "V",
"epos": "V"}
}
]}
]}
]}
]}
