{
"type": "cdl",
  "source": "http://oracc.org/saao/saa01",
  "license": "This data is released under the CC0 license",
  "license-url": "https://creativecommons.org/publicdomain/zero/1.0/",
  "more-info": "http://oracc.org/doc/opendata/",
  "UTC-timestamp": "2017-05-19T11:22:05",
"project": "saao/saa01",
"textid": "P334081",
"cdl": [
{
"node": "c",
"type": "text",
"id": "P334081.U0",
"cdl": [
{
"node": "d",
"type": "object",
"ref": ""}
,
{
"node": "d",
"subtype": "obverse",
"type": "surface",
"ref": "P334081.o.1",
"type": "obverse",
"label": "o"}
,
{
"node": "c",
"type": "discourse",
"subtype": "body",
"id": "P334081.U1",
"cdl": [
{
"node": "c",
"type": "sentence",
"id": "P334081.U2",
"label": "o 1 - r 7",
"cdl": [
{
"node": "d",
"type": "line-start",
"ref": "P334081.2",
"n": "1",
"label": "o 1"}
,
{
"node": "l",
"frag": "[a-na",
"id": "P334081.l04a4c",
"ref": "P334081.2.1",
"inst": "ana[to]PRP",
"sig": "@saao/saa01%akk-x-neoass:a-na=ana[to//to]PRP'PRP$ana",
"f": {"lang": "akk-x-neoass",
"form": "a-na",
"cf": "ana",
"gw": "to",
"sense": "to",
"norm": "ana",
"pos": "PRP",
"epos": "PRP"}
}
,
{
"node": "l",
"frag": "LUGAL",
"id": "P334081.l04a4d",
"ref": "P334081.2.2",
"inst": "šarri[king]N",
"sig": "@saao/saa01%akk-x-neoass:LUGAL=šarru[king//king]N'N$šarri",
"f": {"lang": "akk-x-neoass",
"form": "LUGAL",
"cf": "šarru",
"gw": "king",
"sense": "king",
"norm": "šarri",
"pos": "N",
"epos": "N"}
}
,
{
"node": "l",
"frag": "EN]-a",
"id": "P334081.l04a4e",
"ref": "P334081.2.3",
"inst": "bēlīya[lord]N",
"sig": "@saao/saa01%akk-x-neoass:EN-a=bēlu[lord//lord]N'N$bēlīya",
"f": {"lang": "akk-x-neoass",
"form": "EN-a",
"cf": "bēlu",
"gw": "lord",
"sense": "lord",
"norm": "bēlīya",
"pos": "N",
"epos": "N"}
}
,
{
"node": "d",
"type": "line-start",
"ref": "P334081.3",
"n": "2",
"label": "o 2"}
,
{
"node": "l",
"frag": "[ARAD-ka",
"id": "P334081.l04a4f",
"ref": "P334081.3.1",
"inst": "urdaka[servant]N",
"sig": "@saao/saa01%akk-x-neoass:ARAD-ka=ardu[slave//servant]N'N$urdaka",
"f": {"lang": "akk-x-neoass",
"form": "ARAD-ka",
"cf": "ardu",
"gw": "slave",
"sense": "servant",
"norm": "urdaka",
"pos": "N",
"epos": "N"}
}
,
{
"node": "l",
"frag": "{1}{d]}⸢AG⸣-pa-šir",
"id": "P334081.l04a50",
"ref": "P334081.3.2",
"inst": "Nabu-pašir[]PN$",
"sig": "@saao/saa01%akk-x-neoass:{1}{d}AG-pa-šir=Nabu-pašir[1//1]PN'PN$Nabu-pašir",
"f": {"lang": "akk-x-neoass",
"form": "{1}{d}AG-pa-šir",
"cf": "Nabu-pašir",
"gw": "1",
"sense": "1",
"norm": "Nabu-pašir",
"pos": "PN",
"epos": "PN"}
}
,
{
"node": "d",
"type": "line-start",
"ref": "P334081.4",
"n": "3",
"label": "o 3"}
,
{
"node": "l",
"frag": "[lu",
"id": "P334081.l04a51",
"ref": "P334081.4.1",
"inst": "lū[may]MOD",
"sig": "@saao/saa01%akk-x-neoass:lu=lū[may//may]MOD'MOD$lū",
"f": {"lang": "akk-x-neoass",
"form": "lu",
"cf": "lū",
"gw": "may",
"sense": "may",
"norm": "lū",
"pos": "MOD",
"epos": "MOD"}
}
,
{
"node": "l",
"frag": "DI-mu",
"id": "P334081.l04a52",
"ref": "P334081.4.2",
"inst": "šulmu[health]N",
"sig": "@saao/saa01%akk-x-neoass:DI-mu=šulmu[completeness//health]N'N$šulmu",
"f": {"lang": "akk-x-neoass",
"form": "DI-mu",
"cf": "šulmu",
"gw": "completeness",
"sense": "health",
"norm": "šulmu",
"pos": "N",
"epos": "N"}
}
,
{
"node": "l",
"frag": "a-na]",
"id": "P334081.l04a53",
"ref": "P334081.4.3",
"inst": "ana[to]PRP",
"sig": "@saao/saa01%akk-x-neoass:a-na=ana[to//to]PRP'PRP$ana",
"f": {"lang": "akk-x-neoass",
"form": "a-na",
"cf": "ana",
"gw": "to",
"sense": "to",
"norm": "ana",
"pos": "PRP",
"epos": "PRP"}
}
,
{
"node": "l",
"frag": "⸢LUGAL⸣",
"id": "P334081.l04a54",
"ref": "P334081.4.4",
"inst": "šarri[king]N",
"sig": "@saao/saa01%akk-x-neoass:LUGAL=šarru[king//king]N'N$šarri",
"f": {"lang": "akk-x-neoass",
"form": "LUGAL",
"cf": "šarru",
"gw": "king",
"sense": "king",
"norm": "šarri",
"pos": "N",
"epos": "N"}
}
,
{
"node": "l",
"frag": "EN-a",
"id": "P334081.l04a55",
"ref": "P334081.4.5",
"inst": "bēlīya[lord]N",
"sig": "@saao/saa01%akk-x-neoass:EN-a=bēlu[lord//lord]N'N$bēlīya",
"f": {"lang": "akk-x-neoass",
"form": "EN-a",
"cf": "bēlu",
"gw": "lord",
"sense": "lord",
"norm": "bēlīya",
"pos": "N",
"epos": "N"}
}
,
{
"node": "d",
"type": "line-start",
"ref": "P334081.5",
"n": "4",
"label": "o 4"}
,
{
"node": "l",
"frag": "{[d}30",
"id": "P334081.l04a56",
"ref": "P334081.5.1",
"inst": "Sin[1]DN",
"sig": "@saao/saa01%akk-x-neoass:{d}30=Sin[1//1]DN'DN$Sin",
"f": {"lang": "akk-x-neoass",
"form": "{d}30",
"cf": "Sin",
"gw": "1",
"sense": "1",
"norm": "Sin",
"pos": "DN",
"epos": "DN"}
}
,
{
"node": "l",
"frag": "{d]}NIN.GAL",
"id": "P334081.l04a57",
"ref": "P334081.5.2",
"inst": "Nikkal[]DN$",
"sig": "@saao/saa01%akk-x-neoass:{d}NIN.GAL=Nikkal[1//1]DN'DN$Nikkal",
"f": {"lang": "akk-x-neoass",
"form": "{d}NIN.GAL",
"cf": "Nikkal",
"gw": "1",
"sense": "1",
"norm": "Nikkal",
"pos": "DN",
"epos": "DN"}
}
,
{
"node": "d",
"type": "line-start",
"ref": "P334081.6",
"n": "5",
"label": "o 5"}
,
{
"node": "l",
"frag": "[a-na]",
"id": "P334081.l04a58",
"ref": "P334081.6.1",
"inst": "ana[to]PRP",
"sig": "@saao/saa01%akk-x-neoass:a-na=ana[to//to]PRP'PRP$ana",
"f": {"lang": "akk-x-neoass",
"form": "a-na",
"cf": "ana",
"gw": "to",
"sense": "to",
"norm": "ana",
"pos": "PRP",
"epos": "PRP"}
}
,
{
"node": "l",
"frag": "⸢LUGAL⸣",
"id": "P334081.l04a59",
"ref": "P334081.6.2",
"inst": "šarri[king]N",
"sig": "@saao/saa01%akk-x-neoass:LUGAL=šarru[king//king]N'N$šarri",
"f": {"lang": "akk-x-neoass",
"form": "LUGAL",
"cf": "šarru",
"gw": "king",
"sense": "king",
"norm": "šarri",
"pos": "N",
"epos": "N"}
}
,
{
"node": "l",
"frag": "EN-a",
"id": "P334081.l04a5a",
"ref": "P334081.6.3",
"inst": "bēlīya[lord]N",
"sig": "@saao/saa01%akk-x-neoass:EN-a=bēlu[lord//lord]N'N$bēlīya",
"f": {"lang": "akk-x-neoass",
"form": "EN-a",
"cf": "bēlu",
"gw": "lord",
"sense": "lord",
"norm": "bēlīya",
"pos": "N",
"epos": "N"}
}
,
{
"node": "d",
"type": "line-start",
"ref": "P334081.7",
"n": "6",
"label": "o 6"}
,
{
"node": "l",
"frag": "[lik]-⸢ru⸣-bu",
"id": "P334081.l04a5b",
"ref": "P334081.7.1",
"inst": "likrubu[bless]V",
"sig": "@saao/saa01%akk-x-neoass:lik-ru-bu=karābu[pray//bless]V'V$likrubu",
"f": {"lang": "akk-x-neoass",
"form": "lik-ru-bu",
"cf": "karābu",
"gw": "pray",
"sense": "bless",
"norm": "likrubu",
"pos": "V",
"epos": "V"}
}
,
{
"node": "d",
"type": "line-start",
"ref": "P334081.8",
"n": "7",
"label": "o 7"}
,
{
"node": "l",
"frag": "{[iti}x]",
"id": "P334081.l04a5c",
"ref": "P334081.8.1",
"inst": "u",
"f": {"lang": "akk-x-neoass",
"form": "{ITI}x",
"pos": "u"}
}
,
{
"node": "l",
"frag": "UD",
"id": "P334081.l04a5d",
"ref": "P334081.8.2",
"inst": "ūm[day]N",
"sig": "@saao/saa01%akk-x-neoass:UD=ūmu[day//day]N'N$ūm",
"f": {"lang": "akk-x-neoass",
"form": "UD",
"cf": "ūmu",
"gw": "day",
"sense": "day",
"norm": "ūm",
"pos": "N",
"epos": "N"}
}
,
{
"node": "l",
"frag": "17-KAM",
"id": "P334081.l04a5e",
"ref": "P334081.8.3",
"inst": "n",
"f": {"lang": "akk-x-neoass",
"form": "17-KAM",
"pos": "n"}
}
,
{
"node": "d",
"type": "line-start",
"ref": "P334081.9",
"n": "8",
"label": "o 8"}
,
{
"node": "l",
"frag": "[d.EN.ZU]",
"id": "P334081.l04a5f",
"ref": "P334081.9.1",
"inst": "Sin[1]DN$",
"sig": "@saao/saa01%akk-x-neoass:d.EN.ZU=Sin[1//1]DN'DN$Sin",
"f": {"lang": "akk-x-neoass",
"form": "d.EN.ZU",
"cf": "Sin",
"gw": "1",
"sense": "1",
"norm": "Sin",
"pos": "DN",
"epos": "DN"}
}
,
{
"node": "l",
"frag": "⸢it⸣-tu-ṣi-a",
"id": "P334081.l04a60",
"ref": "P334081.9.2",
"inst": "aṣû[go out//come out]V$ittūṣia",
"sig": "@saao/saa01%akk-x-neoass:it-tu-ṣi-a=aṣû[go out//come out]V'V$ittūṣia",
"f": {"lang": "akk-x-neoass",
"form": "it-tu-ṣi-a",
"cf": "aṣû",
"gw": "go out",
"sense": "come out",
"norm": "ittūṣia",
"pos": "V",
"epos": "V"}
}
,
{
"node": "d",
"type": "line-start",
"ref": "P334081.10",
"n": "9",
"label": "o 9"}
,
{
"node": "l",
"frag": "[ina",
"id": "P334081.l04a61",
"ref": "P334081.10.1",
"inst": "ina[to]PRP",
"sig": "@saao/saa01%akk-x-neoass:ina=ina[in//to]PRP'PRP$ina",
"f": {"lang": "akk-x-neoass",
"form": "ina",
"cf": "ina",
"gw": "in",
"sense": "to",
"norm": "ina",
"pos": "PRP",
"epos": "PRP"}
}
,
{
"node": "l",
"frag": "{e₂]}⸢a₂⸣-ki-it",
"id": "P334081.l04a62",
"ref": "P334081.10.2",
"inst": "akītu[(a cultic festival)//festival house]N$akīt",
"sig": "@saao/saa01%akk-x-neoass:{E₂}a₂-ki-it=akītu[(a cultic festival)//festival house]N'N$akīt",
"f": {"lang": "akk-x-neoass",
"form": "{E₂}a₂-ki-it",
"cf": "akītu",
"gw": "(a cultic festival)",
"sense": "festival house",
"norm": "akīt",
"pos": "N",
"epos": "N"}
}
,
{
"node": "d",
"type": "line-start",
"ref": "P334081.11",
"n": "10",
"label": "o 10"}
,
{
"node": "l",
"frag": "[e]-⸢ta⸣-rab",
"id": "P334081.l04a63",
"ref": "P334081.11.1",
"inst": "ētarab[enter]V",
"sig": "@saao/saa01%akk-x-neoass:e-ta-rab=erēbu[enter//enter]V'V$ētarab",
"f": {"lang": "akk-x-neoass",
"form": "e-ta-rab",
"cf": "erēbu",
"gw": "enter",
"sense": "enter",
"norm": "ētarab",
"pos": "V",
"epos": "V"}
}
,
{
"node": "d",
"type": "line-start",
"ref": "P334081.12",
"n": "11",
"label": "o 11"}
,
{
"node": "l",
"frag": "{⸢udu}SISKUR⸣-MEŠ",
"id": "P334081.l04a64",
"ref": "P334081.12.1",
"inst": "niqiāti[sacrifice]N",
"sig": "@saao/saa01%akk-x-neoass:{UDU}SISKUR-MEŠ=nīqu[offering//sacrifice]N'N$niqiāti",
"f": {"lang": "akk-x-neoass",
"form": "{UDU}SISKUR-MEŠ",
"cf": "nīqu",
"gw": "offering",
"sense": "sacrifice",
"norm": "niqiāti",
"pos": "N",
"epos": "N"}
}
,
{
"node": "l",
"frag": "ša\\m",
"id": "P334081.l04a65",
"ref": "P334081.12.2",
"inst": "ša[of]DET",
"sig": "@saao/saa01%akk-x-neoass:ša=ša[of//of]DET'DET$ša",
"f": {"lang": "akk-x-neoass",
"form": "ša",
"cf": "ša",
"gw": "of",
"sense": "of",
"norm": "ša",
"pos": "DET",
"epos": "DET"}
}
,
{
"node": "l",
"frag": "LUGAL",
"id": "P334081.l04a66",
"ref": "P334081.12.3",
"inst": "šarri[king]N",
"sig": "@saao/saa01%akk-x-neoass:LUGAL=šarru[king//king]N'N$šarri",
"f": {"lang": "akk-x-neoass",
"form": "LUGAL",
"cf": "šarru",
"gw": "king",
"sense": "king",
"norm": "šarri",
"pos": "N",
"epos": "N"}
}
,
{
"node": "l",
"frag": "EN-a",
"id": "P334081.l04a67",
"ref": "P334081.12.4",
"inst": "bēlīya[lord]N",
"sig": "@saao/saa01%akk-x-neoass:EN-a=bēlu[lord//lord]N'N$bēlīya",
"f": {"lang": "akk-x-neoass",
"form": "EN-a",
"cf": "bēlu",
"gw": "lord",
"sense": "lord",
"norm": "bēlīya",
"pos": "N",
"epos": "N"}
}
,
{
"node": "d",
"type": "line-start",
"ref": "P334081.13",
"n": "12",
"label": "o 12"}
,
{
"node": "l",
"frag": "i-na",
"id": "P334081.l04a68",
"ref": "P334081.13.1",
"inst": "ina[in]PRP",
"sig": "@saao/saa01%akk-x-neoass:i-na=ina[in//in]PRP'PRP$ina",
"f": {"lang": "akk-x-neoass",
"form": "i-na",
"cf": "ina",
"gw": "in",
"sense": "in",
"norm": "ina",
"pos": "PRP",
"epos": "PRP"}
}
,
{
"node": "l",
"frag": "DI\\d-mu",
"id": "P334081.l04a69",
"ref": "P334081.13.2",
"inst": "šulmu[health]N",
"sig": "@saao/saa01%akk-x-neoass:DI-mu=šulmu[completeness//health]N'N$šulmu",
"f": {"lang": "akk-x-neoass",
"form": "DI-mu",
"cf": "šulmu",
"gw": "completeness",
"sense": "health",
"norm": "šulmu",
"pos": "N",
"epos": "N"}
}
,
{
"node": "d",
"type": "line-start",
"ref": "P334081.14",
"n": "13",
"label": "o 13"}
,
{
"node": "l",
"frag": "it-te-pa-aš₂",
"id": "P334081.l04a6a",
"ref": "P334081.14.1",
"inst": "epēšu[do//make]V$itteppaš",
"sig": "@saao/saa01%akk-x-neoass:it-te-pa-aš₂=epēšu[do//make]V'V$itteppaš",
"f": {"lang": "akk-x-neoass",
"form": "it-te-pa-aš₂",
"cf": "epēšu",
"gw": "do",
"sense": "make",
"norm": "itteppaš",
"pos": "V",
"epos": "V"}
}
,
{
"node": "d",
"subtype": "reverse",
"type": "surface",
"ref": "P334081.r.15",
"type": "reverse",
"label": "r"}
,
{
"node": "d",
"type": "line-start",
"ref": "P334081.16",
"n": "1",
"label": "r 1"}
,
{
"node": "l",
"frag": "d.EN.ZU",
"id": "P334081.l04a6b",
"ref": "P334081.16.1",
"inst": "Sin[1]DN$",
"sig": "@saao/saa01%akk-x-neoass:d.EN.ZU=Sin[1//1]DN'DN$Sin",
"f": {"lang": "akk-x-neoass",
"form": "d.EN.ZU",
"cf": "Sin",
"gw": "1",
"sense": "1",
"norm": "Sin",
"pos": "DN",
"epos": "DN"}
}
,
{
"node": "l",
"frag": "i-su-[hur]",
"id": "P334081.l04a6c",
"ref": "P334081.16.2",
"inst": "issuhur[return]V",
"sig": "@saao/saa01%akk-x-neoass:i-su-hur=sahāru[go around//return]V'V$issuhur",
"f": {"lang": "akk-x-neoass",
"form": "i-su-hur",
"cf": "sahāru",
"gw": "go around",
"sense": "return",
"norm": "issuhur",
"pos": "V",
"epos": "V"}
}
,
{
"node": "d",
"type": "line-start",
"ref": "P334081.17",
"n": "2",
"label": "r 2"}
,
{
"node": "l",
"frag": "ina",
"id": "P334081.l04a6d",
"ref": "P334081.17.1",
"inst": "ina[in]PRP",
"sig": "@saao/saa01%akk-x-neoass:ina=ina[in//in]PRP'PRP$ina",
"f": {"lang": "akk-x-neoass",
"form": "ina",
"cf": "ina",
"gw": "in",
"sense": "in",
"norm": "ina",
"pos": "PRP",
"epos": "PRP"}
}
,
{
"node": "l",
"frag": "E₂-šu₂",
"id": "P334081.l04a6e",
"ref": "P334081.17.2",
"inst": "bētīšu[house]N",
"sig": "@saao/saa01%akk-x-neoass:E₂-šu₂=bītu[house//house]N'N$bētīšu",
"f": {"lang": "akk-x-neoass",
"form": "E₂-šu₂",
"cf": "bītu",
"gw": "house",
"sense": "house",
"norm": "bētīšu",
"pos": "N",
"epos": "N"}
}
,
{
"node": "l",
"frag": "e-ta-rab",
"id": "P334081.l04a6f",
"ref": "P334081.17.3",
"inst": "ētarab[enter]V",
"sig": "@saao/saa01%akk-x-neoass:e-ta-rab=erēbu[enter//enter]V'V$ētarab",
"f": {"lang": "akk-x-neoass",
"form": "e-ta-rab",
"cf": "erēbu",
"gw": "enter",
"sense": "enter",
"norm": "ētarab",
"pos": "V",
"epos": "V"}
}
,
{
"node": "d",
"type": "line-start",
"ref": "P334081.18",
"n": "3",
"label": "r 3"}
,
{
"node": "l",
"frag": "i-na",
"id": "P334081.l04a70",
"ref": "P334081.18.1",
"inst": "ina[in]PRP",
"sig": "@saao/saa01%akk-x-neoass:i-na=ina[in//in]PRP'PRP$ina",
"f": {"lang": "akk-x-neoass",
"form": "i-na",
"cf": "ina",
"gw": "in",
"sense": "in",
"norm": "ina",
"pos": "PRP",
"epos": "PRP"}
}
,
{
"node": "l",
"frag": "ša-lim-ti",
"id": "P334081.l04a71",
"ref": "P334081.18.2",
"inst": "šalimtu[well-being//safely]N'AV$šalimti",
"sig": "@saao/saa01%akk-x-neoass:ša-lim-ti=šalimtu[well-being//safely]N'AV$šalimti",
"f": {"lang": "akk-x-neoass",
"form": "ša-lim-ti",
"cf": "šalimtu",
"gw": "well-being",
"sense": "safely",
"norm": "šalimti",
"pos": "N",
"epos": "AV"}
}
,
{
"node": "d",
"type": "line-start",
"ref": "P334081.19",
"n": "4",
"label": "r 4"}
,
{
"node": "l",
"frag": "i-na",
"id": "P334081.l04a72",
"ref": "P334081.19.1",
"inst": "ina[in]PRP",
"sig": "@saao/saa01%akk-x-neoass:i-na=ina[in//in]PRP'PRP$ina",
"f": {"lang": "akk-x-neoass",
"form": "i-na",
"cf": "ina",
"gw": "in",
"sense": "in",
"norm": "ina",
"pos": "PRP",
"epos": "PRP"}
}
,
{
"node": "l",
"frag": "šub\\p-ti-šu",
"id": "P334081.l04a73",
"ref": "P334081.19.2",
"inst": "šubtu[dwelling//seat]N$šubtīšu",
"sig": "@saao/saa01%akk-x-neoass:šub-ti-šu=šubtu[dwelling//seat]N'N$šubtīšu",
"f": {"lang": "akk-x-neoass",
"form": "šub-ti-šu",
"cf": "šubtu",
"gw": "dwelling",
"sense": "seat",
"norm": "šubtīšu",
"pos": "N",
"epos": "N"}
}
,
{
"node": "d",
"type": "line-start",
"ref": "P334081.20",
"n": "5",
"label": "r 5"}
,
{
"node": "l",
"frag": "it-tu-ši-ib",
"id": "P334081.l04a74",
"ref": "P334081.20.1",
"inst": "ašābu[sit (down)//install]V$ittūšib",
"sig": "@saao/saa01%akk-x-neoass:it-tu-ši-ib=ašābu[sit (down)//install]V'V$ittūšib",
"f": {"lang": "akk-x-neoass",
"form": "it-tu-ši-ib",
"cf": "ašābu",
"gw": "sit (down)",
"sense": "install",
"norm": "ittūšib",
"pos": "V",
"epos": "V"}
}
,
{
"node": "d",
"type": "line-start",
"ref": "P334081.21",
"n": "6",
"label": "r 6"}
,
{
"node": "l",
"frag": "a-na",
"id": "P334081.l04a75",
"ref": "P334081.21.1",
"inst": "ana[to]PRP",
"sig": "@saao/saa01%akk-x-neoass:a-na=ana[to//to]PRP'PRP$ana",
"f": {"lang": "akk-x-neoass",
"form": "a-na",
"cf": "ana",
"gw": "to",
"sense": "to",
"norm": "ana",
"pos": "PRP",
"epos": "PRP"}
}
,
{
"node": "l",
"frag": "LUGAL",
"id": "P334081.l04a76",
"ref": "P334081.21.2",
"inst": "šarri[king]N",
"sig": "@saao/saa01%akk-x-neoass:LUGAL=šarru[king//king]N'N$šarri",
"f": {"lang": "akk-x-neoass",
"form": "LUGAL",
"cf": "šarru",
"gw": "king",
"sense": "king",
"norm": "šarri",
"pos": "N",
"epos": "N"}
}
,
{
"node": "l",
"frag": "EN-a",
"id": "P334081.l04a77",
"ref": "P334081.21.3",
"inst": "bēlīya[lord]N",
"sig": "@saao/saa01%akk-x-neoass:EN-a=bēlu[lord//lord]N'N$bēlīya",
"f": {"lang": "akk-x-neoass",
"form": "EN-a",
"cf": "bēlu",
"gw": "lord",
"sense": "lord",
"norm": "bēlīya",
"pos": "N",
"epos": "N"}
}
,
{
"node": "d",
"type": "line-start",
"ref": "P334081.22",
"n": "7",
"label": "r 7"}
,
{
"node": "l",
"frag": "ik-tar-ba\\t",
"id": "P334081.l04a78",
"ref": "P334081.22.1",
"inst": "karābu[pray//bless]V$iktarba",
"sig": "@saao/saa01%akk-x-neoass:ik-tar-ba=karābu[pray//bless]V'V$iktarba",
"f": {"lang": "akk-x-neoass",
"form": "ik-tar-ba",
"cf": "karābu",
"gw": "pray",
"sense": "bless",
"norm": "iktarba",
"pos": "V",
"epos": "V"}
}
]}
]}
]}
]}
