{
"type": "cdl",
  "source": "http://oracc.org/saao/saa01",
  "license": "This data is released under the CC0 license",
  "license-url": "https://creativecommons.org/publicdomain/zero/1.0/",
  "more-info": "http://oracc.org/doc/opendata/",
  "UTC-timestamp": "2017-05-19T11:22:12",
"project": "saao/saa01",
"textid": "P334329",
"cdl": [
{
"node": "c",
"type": "text",
"id": "P334329.U0",
"cdl": [
{
"node": "d",
"type": "object",
"ref": ""}
,
{
"node": "d",
"subtype": "obverse",
"type": "surface",
"ref": "P334329.o.1",
"type": "obverse",
"label": "o"}
,
{
"node": "c",
"type": "discourse",
"subtype": "body",
"id": "P334329.U1",
"cdl": [
{
"node": "c",
"type": "sentence",
"id": "P334329.U2",
"label": "o 1 - r 1'",
"cdl": [
{
"node": "d",
"type": "line-start",
"ref": "P334329.2",
"n": "1",
"label": "o 1"}
,
{
"node": "l",
"frag": "[a-na]",
"id": "P334329.l02f61",
"ref": "P334329.2.1",
"inst": "ana[to]PRP",
"sig": "@saao/saa01%akk-x-neoass:a-na=ana[to//to]PRP'PRP$ana",
"f": {"lang": "akk-x-neoass",
"form": "a-na",
"cf": "ana",
"gw": "to",
"sense": "to",
"norm": "ana",
"pos": "PRP",
"epos": "PRP"}
}
,
{
"node": "l",
"frag": "⸢LUGAL⸣",
"id": "P334329.l02f62",
"ref": "P334329.2.2",
"inst": "šarri[king]N",
"sig": "@saao/saa01%akk-x-neoass:LUGAL=šarru[king//king]N'N$šarri",
"f": {"lang": "akk-x-neoass",
"form": "LUGAL",
"cf": "šarru",
"gw": "king",
"sense": "king",
"norm": "šarri",
"pos": "N",
"epos": "N"}
}
,
{
"node": "l",
"frag": "EN-ia₂",
"id": "P334329.l02f63",
"ref": "P334329.2.3",
"inst": "bēlīya[lord]N",
"sig": "@saao/saa01%akk-x-neoass:EN-ia₂=bēlu[lord//lord]N'N$bēlīya",
"f": {"lang": "akk-x-neoass",
"form": "EN-ia₂",
"cf": "bēlu",
"gw": "lord",
"sense": "lord",
"norm": "bēlīya",
"pos": "N",
"epos": "N"}
}
,
{
"node": "d",
"type": "line-start",
"ref": "P334329.3",
"n": "2",
"label": "o 2"}
,
{
"node": "l",
"frag": "[ARAD]-ka",
"id": "P334329.l02f64",
"ref": "P334329.3.1",
"inst": "urdaka[servant]N",
"sig": "@saao/saa01%akk-x-neoass:ARAD-ka=ardu[slave//servant]N'N$urdaka",
"f": {"lang": "akk-x-neoass",
"form": "ARAD-ka",
"cf": "ardu",
"gw": "slave",
"sense": "servant",
"norm": "urdaka",
"pos": "N",
"epos": "N"}
}
,
{
"node": "l",
"frag": "{1}DUG₃.GA-ṣil\\m-E₂.ŠAR₂",
"id": "P334329.l02f65",
"ref": "P334329.3.2",
"inst": "Ṭab-ṣil-Ešarra[1]PN",
"sig": "@saao/saa01%akk-x-neoass:{1}DUG₃.GA-ṣil-E₂.ŠAR₂=Ṭab-ṣil-Ešarra[1//1]PN'PN$Ṭab-ṣil-Ešarra",
"f": {"lang": "akk-x-neoass",
"form": "{1}DUG₃.GA-ṣil-E₂.ŠAR₂",
"cf": "Ṭab-ṣil-Ešarra",
"gw": "1",
"sense": "1",
"norm": "Ṭab-ṣil-Ešarra",
"pos": "PN",
"epos": "PN"}
}
,
{
"node": "l",
"frag": "o",
"id": "P334329.l02f66",
"ref": "P334329.3.3",
"inst": "u",
"f": {"lang": "akk-x-neoass",
"form": "o",
"pos": "u"}
}
,
{
"node": "d",
"type": "line-start",
"ref": "P334329.4",
"n": "3",
"label": "o 3"}
,
{
"node": "l",
"frag": "[lu]",
"id": "P334329.l02f67",
"ref": "P334329.4.1",
"inst": "lū[may]MOD",
"sig": "@saao/saa01%akk-x-neoass:lu=lū[may//may]MOD'MOD$lū",
"f": {"lang": "akk-x-neoass",
"form": "lu",
"cf": "lū",
"gw": "may",
"sense": "may",
"norm": "lū",
"pos": "MOD",
"epos": "MOD"}
}
,
{
"node": "l",
"frag": "DI-mu",
"id": "P334329.l02f68",
"ref": "P334329.4.2",
"inst": "šulmu[health]N",
"sig": "@saao/saa01%akk-x-neoass:DI-mu=šulmu[completeness//health]N'N$šulmu",
"f": {"lang": "akk-x-neoass",
"form": "DI-mu",
"cf": "šulmu",
"gw": "completeness",
"sense": "health",
"norm": "šulmu",
"pos": "N",
"epos": "N"}
}
,
{
"node": "l",
"frag": "a-na\\t",
"id": "P334329.l02f69",
"ref": "P334329.4.3",
"inst": "ana[to]PRP",
"sig": "@saao/saa01%akk-x-neoass:a-na=ana[to//to]PRP'PRP$ana",
"f": {"lang": "akk-x-neoass",
"form": "a-na",
"cf": "ana",
"gw": "to",
"sense": "to",
"norm": "ana",
"pos": "PRP",
"epos": "PRP"}
}
,
{
"node": "l",
"frag": "LUGAL",
"id": "P334329.l02f6a",
"ref": "P334329.4.4",
"inst": "šarri[king]N",
"sig": "@saao/saa01%akk-x-neoass:LUGAL=šarru[king//king]N'N$šarri",
"f": {"lang": "akk-x-neoass",
"form": "LUGAL",
"cf": "šarru",
"gw": "king",
"sense": "king",
"norm": "šarri",
"pos": "N",
"epos": "N"}
}
,
{
"node": "l",
"frag": "EN-ia₂",
"id": "P334329.l02f6b",
"ref": "P334329.4.5",
"inst": "bēlīya[lord]N",
"sig": "@saao/saa01%akk-x-neoass:EN-ia₂=bēlu[lord//lord]N'N$bēlīya",
"f": {"lang": "akk-x-neoass",
"form": "EN-ia₂",
"cf": "bēlu",
"gw": "lord",
"sense": "lord",
"norm": "bēlīya",
"pos": "N",
"epos": "N"}
}
,
{
"node": "d",
"type": "line-start",
"ref": "P334329.5",
"n": "4",
"label": "o 4"}
,
{
"node": "l",
"frag": "[aš-šur",
"id": "P334329.l02f6c",
"ref": "P334329.5.1",
"inst": "Aššur[1]DN",
"sig": "@saao/saa01%akk-x-neoass:aš-šur=Aššur[1//1]DN'DN$Aššur",
"f": {"lang": "akk-x-neoass",
"form": "aš-šur",
"cf": "Aššur",
"gw": "1",
"sense": "1",
"norm": "Aššur",
"pos": "DN",
"epos": "DN"}
}
,
{
"node": "l",
"frag": "{d]}NIN.LIL₂",
"id": "P334329.l02f6d",
"ref": "P334329.5.2",
"inst": "Mullissu[1]DN",
"sig": "@saao/saa01%akk-x-neoass:{d}NIN.LIL₂=Mullissu[1//1]DN'DN$Mullissu",
"f": {"lang": "akk-x-neoass",
"form": "{d}NIN.LIL₂",
"cf": "Mullissu",
"gw": "1",
"sense": "1",
"norm": "Mullissu",
"pos": "DN",
"epos": "DN"}
}
,
{
"node": "l",
"frag": "a-na\\t",
"id": "P334329.l02f6e",
"ref": "P334329.5.3",
"inst": "ana[to]PRP",
"sig": "@saao/saa01%akk-x-neoass:a-na=ana[to//to]PRP'PRP$ana",
"f": {"lang": "akk-x-neoass",
"form": "a-na",
"cf": "ana",
"gw": "to",
"sense": "to",
"norm": "ana",
"pos": "PRP",
"epos": "PRP"}
}
,
{
"node": "l",
"frag": "LUGAL",
"id": "P334329.l02f6f",
"ref": "P334329.5.4",
"inst": "šarri[king]N",
"sig": "@saao/saa01%akk-x-neoass:LUGAL=šarru[king//king]N'N$šarri",
"f": {"lang": "akk-x-neoass",
"form": "LUGAL",
"cf": "šarru",
"gw": "king",
"sense": "king",
"norm": "šarri",
"pos": "N",
"epos": "N"}
}
,
{
"node": "d",
"type": "line-start",
"ref": "P334329.6",
"n": "5",
"label": "o 5"}
,
{
"node": "l",
"frag": "[EN-ia₂]",
"id": "P334329.l02f70",
"ref": "P334329.6.1",
"inst": "bēlīya[lord]N",
"sig": "@saao/saa01%akk-x-neoass:EN-ia₂=bēlu[lord//lord]N'N$bēlīya",
"f": {"lang": "akk-x-neoass",
"form": "EN-ia₂",
"cf": "bēlu",
"gw": "lord",
"sense": "lord",
"norm": "bēlīya",
"pos": "N",
"epos": "N"}
}
,
{
"node": "l",
"frag": "⸢lik⸣-ru-bu",
"id": "P334329.l02f71",
"ref": "P334329.6.2",
"inst": "likrubu[bless]V",
"sig": "@saao/saa01%akk-x-neoass:lik-ru-bu=karābu[pray//bless]V'V$likrubu",
"f": {"lang": "akk-x-neoass",
"form": "lik-ru-bu",
"cf": "karābu",
"gw": "pray",
"sense": "bless",
"norm": "likrubu",
"pos": "V",
"epos": "V"}
}
,
{
"node": "d",
"type": "nonx",
"ref": "P334329.7",
"strict": "0",
"extent": "rest",
"state": "missing"}
,
{
"node": "d",
"subtype": "reverse",
"type": "surface",
"ref": "P334329.r.8",
"type": "reverse",
"label": "r"}
,
{
"node": "d",
"type": "nonx",
"ref": "P334329.9",
"strict": "0",
"extent": "beginning",
"state": "missing"}
,
{
"node": "d",
"type": "line-start",
"ref": "P334329.10",
"n": "1'",
"label": "r 1'"}
,
{
"node": "l",
"frag": "[x",
"id": "P334329.l02f72",
"ref": "P334329.10.1",
"inst": "u",
"f": {"lang": "akk-x-neoass",
"form": "x",
"pos": "u"}
}
,
{
"node": "l",
"frag": "x",
"id": "P334329.l02f73",
"ref": "P334329.10.2",
"inst": "u",
"f": {"lang": "akk-x-neoass",
"form": "x",
"pos": "u"}
}
,
{
"node": "l",
"frag": "x]",
"id": "P334329.l02f74",
"ref": "P334329.10.3",
"inst": "u",
"f": {"lang": "akk-x-neoass",
"form": "x",
"pos": "u"}
}
,
{
"node": "l",
"frag": "⸢x",
"id": "P334329.l02f75",
"ref": "P334329.10.4",
"inst": "u",
"f": {"lang": "akk-x-neoass",
"form": "x",
"pos": "u"}
}
,
{
"node": "l",
"frag": "x⸣",
"id": "P334329.l02f76",
"ref": "P334329.10.5",
"inst": "u",
"f": {"lang": "akk-x-neoass",
"form": "x",
"pos": "u"}
}
,
{
"node": "d",
"type": "nonx",
"ref": "P334329.11",
"strict": "0",
"extent": "rest",
"scope": "line",
"state": "blank"}
]}
]}
]}
]}
