{
"type": "cdl",
  "source": "http://oracc.org/saao/saa01",
  "license": "This data is released under the CC0 license",
  "license-url": "https://creativecommons.org/publicdomain/zero/1.0/",
  "more-info": "http://oracc.org/doc/opendata/",
  "UTC-timestamp": "2017-05-19T11:22:20",
"project": "saao/saa01",
"textid": "P334715",
"cdl": [
{
"node": "c",
"type": "text",
"id": "P334715.U0",
"cdl": [
{
"node": "d",
"type": "object",
"ref": ""}
,
{
"node": "d",
"subtype": "obverse",
"type": "surface",
"ref": "P334715.o.1",
"type": "obverse",
"label": "o"}
,
{
"node": "c",
"type": "discourse",
"subtype": "body",
"id": "P334715.U1",
"cdl": [
{
"node": "c",
"type": "sentence",
"id": "P334715.U2",
"label": "o 1 - r 13",
"cdl": [
{
"node": "d",
"type": "line-start",
"ref": "P334715.2",
"n": "1",
"label": "o 1"}
,
{
"node": "l",
"frag": "[a-na",
"id": "P334715.l04759",
"ref": "P334715.2.1",
"inst": "ana[to]PRP",
"sig": "@saao/saa01%akk-x-neoass:a-na=ana[to//to]PRP'PRP$ana",
"f": {"lang": "akk-x-neoass",
"form": "a-na",
"cf": "ana",
"gw": "to",
"sense": "to",
"norm": "ana",
"pos": "PRP",
"epos": "PRP"}
}
,
{
"node": "l",
"frag": "LUGAL",
"id": "P334715.l0475a",
"ref": "P334715.2.2",
"inst": "šarri[king]N",
"sig": "@saao/saa01%akk-x-neoass:LUGAL=šarru[king//king]N'N$šarri",
"f": {"lang": "akk-x-neoass",
"form": "LUGAL",
"cf": "šarru",
"gw": "king",
"sense": "king",
"norm": "šarri",
"pos": "N",
"epos": "N"}
}
,
{
"node": "l",
"frag": "EN-ia]",
"id": "P334715.l0475b",
"ref": "P334715.2.3",
"inst": "bēlīya[lord]N",
"sig": "@saao/saa01%akk-x-neoass:EN-ia=bēlu[lord//lord]N'N$bēlīya",
"f": {"lang": "akk-x-neoass",
"form": "EN-ia",
"cf": "bēlu",
"gw": "lord",
"sense": "lord",
"norm": "bēlīya",
"pos": "N",
"epos": "N"}
}
,
{
"node": "d",
"type": "line-start",
"ref": "P334715.3",
"n": "2",
"label": "o 2"}
,
{
"node": "l",
"frag": "[ARAD-ka",
"id": "P334715.l0475c",
"ref": "P334715.3.1",
"inst": "urdaka[servant]N",
"sig": "@saao/saa01%akk-x-neoass:ARAD-ka=ardu[slave//servant]N'N$urdaka",
"f": {"lang": "akk-x-neoass",
"form": "ARAD-ka",
"cf": "ardu",
"gw": "slave",
"sense": "servant",
"norm": "urdaka",
"pos": "N",
"epos": "N"}
}
,
{
"node": "l",
"frag": "{1}EN-liq-bi]",
"id": "P334715.l0475d",
"ref": "P334715.3.2",
"inst": "Bel-liqbi[1]PN",
"sig": "@saao/saa01%akk-x-neoass:{1}EN-liq-bi=Bel-liqbi[1//1]PN'PN$Bel-liqbi",
"f": {"lang": "akk-x-neoass",
"form": "{1}EN-liq-bi",
"cf": "Bel-liqbi",
"gw": "1",
"sense": "1",
"norm": "Bel-liqbi",
"pos": "PN",
"epos": "PN"}
}
,
{
"node": "d",
"type": "line-start",
"ref": "P334715.4",
"n": "3",
"label": "o 3"}
,
{
"node": "l",
"frag": "lu",
"id": "P334715.l0475e",
"ref": "P334715.4.1",
"inst": "lū[may]MOD",
"sig": "@saao/saa01%akk-x-neoass:lu=lū[may//may]MOD'MOD$lū",
"f": {"lang": "akk-x-neoass",
"form": "lu",
"cf": "lū",
"gw": "may",
"sense": "may",
"norm": "lū",
"pos": "MOD",
"epos": "MOD"}
}
,
{
"node": "l",
"frag": "DI-mu",
"id": "P334715.l0475f",
"ref": "P334715.4.2",
"inst": "šulmu[health]N",
"sig": "@saao/saa01%akk-x-neoass:DI-mu=šulmu[completeness//health]N'N$šulmu",
"f": {"lang": "akk-x-neoass",
"form": "DI-mu",
"cf": "šulmu",
"gw": "completeness",
"sense": "health",
"norm": "šulmu",
"pos": "N",
"epos": "N"}
}
,
{
"node": "l",
"frag": "a-na",
"id": "P334715.l04760",
"ref": "P334715.4.3",
"inst": "ana[to]PRP",
"sig": "@saao/saa01%akk-x-neoass:a-na=ana[to//to]PRP'PRP$ana",
"f": {"lang": "akk-x-neoass",
"form": "a-na",
"cf": "ana",
"gw": "to",
"sense": "to",
"norm": "ana",
"pos": "PRP",
"epos": "PRP"}
}
,
{
"node": "l",
"frag": "[LUGAL",
"id": "P334715.l04761",
"ref": "P334715.4.4",
"inst": "šarri[king]N",
"sig": "@saao/saa01%akk-x-neoass:LUGAL=šarru[king//king]N'N$šarri",
"f": {"lang": "akk-x-neoass",
"form": "LUGAL",
"cf": "šarru",
"gw": "king",
"sense": "king",
"norm": "šarri",
"pos": "N",
"epos": "N"}
}
,
{
"node": "l",
"frag": "EN-ia]",
"id": "P334715.l04762",
"ref": "P334715.4.5",
"inst": "bēlīya[lord]N",
"sig": "@saao/saa01%akk-x-neoass:EN-ia=bēlu[lord//lord]N'N$bēlīya",
"f": {"lang": "akk-x-neoass",
"form": "EN-ia",
"cf": "bēlu",
"gw": "lord",
"sense": "lord",
"norm": "bēlīya",
"pos": "N",
"epos": "N"}
}
,
{
"node": "d",
"type": "line-start",
"ref": "P334715.5",
"n": "4",
"label": "o 4"}
,
{
"node": "l",
"frag": "EN.NUN.NA\\t",
"id": "P334715.l04763",
"ref": "P334715.5.1",
"inst": "maṣṣartu[observation//guard]N$",
"sig": "@saao/saa01%akk-x-neoass:EN.NUN.NA=maṣṣartu[observation//guard]N'N$maṣṣartu",
"f": {"lang": "akk-x-neoass",
"form": "EN.NUN.NA",
"cf": "maṣṣartu",
"gw": "observation",
"sense": "guard",
"norm": "maṣṣartu",
"pos": "N",
"epos": "N"}
}
,
{
"node": "l",
"frag": "ša\\ydm",
"id": "P334715.l04764",
"ref": "P334715.5.2",
"inst": "ša[of]DET",
"sig": "@saao/saa01%akk-x-neoass:ša=ša[of//of]DET'DET$ša",
"f": {"lang": "akk-x-neoass",
"form": "ša",
"cf": "ša",
"gw": "of",
"sense": "of",
"norm": "ša",
"pos": "DET",
"epos": "DET"}
}
,
{
"node": "l",
"frag": "⸢mad⸣-[bar",
"id": "P334715.l04765",
"ref": "P334715.5.3",
"inst": "madbar[steppe]N",
"sig": "@saao/saa01%akk-x-neoass:mad-bar=madbaru[steppe//steppe]N'N$madbar",
"f": {"lang": "akk-x-neoass",
"form": "mad-bar",
"cf": "madbaru",
"gw": "steppe",
"sense": "steppe",
"norm": "madbar",
"pos": "N",
"epos": "N"}
}
,
{
"node": "l",
"frag": "dan-nat]",
"id": "P334715.l04766",
"ref": "P334715.5.4",
"inst": "dannat[strong]AJ",
"sig": "@saao/saa01%akk-x-neoass:dan-nat=dannu[strong//strong]AJ'AJ$dannat",
"f": {"lang": "akk-x-neoass",
"form": "dan-nat",
"cf": "dannu",
"gw": "strong",
"sense": "strong",
"norm": "dannat",
"pos": "AJ",
"epos": "AJ"}
}
,
{
"node": "d",
"type": "line-start",
"ref": "P334715.6",
"n": "5",
"label": "o 5"}
,
{
"node": "l",
"frag": "lib-bu",
"id": "P334715.l04767",
"ref": "P334715.6.1",
"inst": "libbu[mood]N",
"sig": "@saao/saa01%akk-x-neoass:lib-bu=libbu[interior//mood]N'N$libbu",
"f": {"lang": "akk-x-neoass",
"form": "lib-bu",
"cf": "libbu",
"gw": "interior",
"sense": "mood",
"norm": "libbu",
"pos": "N",
"epos": "N"}
}
,
{
"node": "l",
"frag": "ša\\ydm",
"id": "P334715.l04768",
"ref": "P334715.6.2",
"inst": "ša[of]DET",
"sig": "@saao/saa01%akk-x-neoass:ša=ša[of//of]DET'DET$ša",
"f": {"lang": "akk-x-neoass",
"form": "ša",
"cf": "ša",
"gw": "of",
"sense": "of",
"norm": "ša",
"pos": "DET",
"epos": "DET"}
}
,
{
"node": "l",
"frag": "LUGAL",
"id": "P334715.l04769",
"ref": "P334715.6.3",
"inst": "šarri[king]N",
"sig": "@saao/saa01%akk-x-neoass:LUGAL=šarru[king//king]N'N$šarri",
"f": {"lang": "akk-x-neoass",
"form": "LUGAL",
"cf": "šarru",
"gw": "king",
"sense": "king",
"norm": "šarri",
"pos": "N",
"epos": "N"}
}
,
{
"node": "l",
"frag": "⸢EN⸣-[ia",
"id": "P334715.l0476a",
"ref": "P334715.6.4",
"inst": "bēlīya[lord]N",
"sig": "@saao/saa01%akk-x-neoass:EN-ia=bēlu[lord//lord]N'N$bēlīya",
"f": {"lang": "akk-x-neoass",
"form": "EN-ia",
"cf": "bēlu",
"gw": "lord",
"sense": "lord",
"norm": "bēlīya",
"pos": "N",
"epos": "N"}
}
,
{
"node": "l",
"frag": "lu",
"id": "P334715.l0476b",
"ref": "P334715.6.5",
"inst": "lū[may]MOD",
"sig": "@saao/saa01%akk-x-neoass:lu=lū[may//may]MOD'MOD$lū",
"f": {"lang": "akk-x-neoass",
"form": "lu",
"cf": "lū",
"gw": "may",
"sense": "may",
"norm": "lū",
"pos": "MOD",
"epos": "MOD"}
}
,
{
"node": "l",
"frag": "DUG₃.GA-ba]",
"id": "P334715.l0476c",
"ref": "P334715.6.6",
"inst": "ṭāba[good]AJ",
"sig": "@saao/saa01%akk-x-neoass:DUG₃.GA-ba=ṭābu[good//good]AJ'AJ$ṭāba",
"f": {"lang": "akk-x-neoass",
"form": "DUG₃.GA-ba",
"cf": "ṭābu",
"gw": "good",
"sense": "good",
"norm": "ṭāba",
"pos": "AJ",
"epos": "AJ"}
}
,
{
"node": "d",
"type": "line-start",
"ref": "P334715.7",
"n": "6",
"label": "o 6"}
,
{
"node": "l",
"frag": "LUGAL",
"id": "P334715.l0476d",
"ref": "P334715.7.1",
"inst": "šarru[king]N",
"sig": "@saao/saa01%akk-x-neoass:LUGAL=šarru[king//king]N'N$šarru",
"f": {"lang": "akk-x-neoass",
"form": "LUGAL",
"cf": "šarru",
"gw": "king",
"sense": "king",
"norm": "šarru",
"pos": "N",
"epos": "N"}
}
,
{
"node": "l",
"frag": "be-li₂",
"id": "P334715.l0476e",
"ref": "P334715.7.2",
"inst": "bēlī[lord]N",
"sig": "@saao/saa01%akk-x-neoass:be-li₂=bēlu[lord//lord]N'N$bēlī",
"f": {"lang": "akk-x-neoass",
"form": "be-li₂",
"cf": "bēlu",
"gw": "lord",
"sense": "lord",
"norm": "bēlī",
"pos": "N",
"epos": "N"}
}
,
{
"node": "l",
"frag": "iq-ṭi₂-bi-[a",
"id": "P334715.l0476f",
"ref": "P334715.7.3",
"inst": "iqṭibia[say]V",
"sig": "@saao/saa01%akk-x-neoass:iq-ṭi₂-bi-a=qabû[say//say]V'V$iqṭibia",
"f": {"lang": "akk-x-neoass",
"form": "iq-ṭi₂-bi-a",
"cf": "qabû",
"gw": "say",
"sense": "say",
"norm": "iqṭibia",
"pos": "V",
"epos": "V"}
}
,
{
"node": "l",
"frag": "ma-a",
"id": "P334715.l04770",
"ref": "P334715.7.4",
"inst": "mā[saying]PRP",
"sig": "@saao/saa01%akk-x-neoass:ma-a=mā[saying//saying]PRP'PRP$mā",
"f": {"lang": "akk-x-neoass",
"form": "ma-a",
"cf": "mā",
"gw": "saying",
"sense": "saying",
"norm": "mā",
"pos": "PRP",
"epos": "PRP"}
}
,
{
"node": "l",
"frag": "a-na]",
"id": "P334715.l04771",
"ref": "P334715.7.5",
"inst": "ana[to]PRP",
"sig": "@saao/saa01%akk-x-neoass:a-na=ana[to//to]PRP'PRP$ana",
"f": {"lang": "akk-x-neoass",
"form": "a-na",
"cf": "ana",
"gw": "to",
"sense": "to",
"norm": "ana",
"pos": "PRP",
"epos": "PRP"}
}
,
{
"node": "d",
"type": "line-start",
"ref": "P334715.8",
"n": "7",
"label": "o 7"}
,
{
"node": "l",
"frag": "{lu₂vy}{giš}GIGIR-MEŠ\\m",
"id": "P334715.l04772",
"ref": "P334715.8.1",
"inst": "sūsānī[horse groom]N",
"sig": "@saao/saa01%akk-x-neoass:{LU₂}{GIŠ}GIGIR-MEŠ=šušānu[horse-trainer//horse groom]N'N$sūsānī",
"f": {"lang": "akk-x-neoass",
"form": "{LU₂}{GIŠ}GIGIR-MEŠ",
"cf": "šušānu",
"gw": "horse-trainer",
"sense": "horse groom",
"norm": "sūsānī",
"pos": "N",
"epos": "N"}
}
,
{
"node": "l",
"frag": "NINDA-MEŠ",
"id": "P334715.l04773",
"ref": "P334715.8.2",
"inst": "kusāpī[bread]N",
"sig": "@saao/saa01%akk-x-neoass:NINDA-MEŠ=kusāpu[bread//bread]N'N$kusāpī",
"f": {"lang": "akk-x-neoass",
"form": "NINDA-MEŠ",
"cf": "kusāpu",
"gw": "bread",
"sense": "bread",
"norm": "kusāpī",
"pos": "N",
"epos": "N"}
}
,
{
"node": "l",
"frag": "di-⸢na⸣",
"id": "P334715.l04774",
"ref": "P334715.8.3",
"inst": "dīna[give]V",
"sig": "@saao/saa01%akk-x-neoass:di-na=tadānu[give//give]V'V$dīna",
"f": {"lang": "akk-x-neoass",
"form": "di-na",
"cf": "tadānu",
"gw": "give",
"sense": "give",
"norm": "dīna",
"pos": "V",
"epos": "V"}
}
,
{
"node": "l",
"frag": "[u₂-ma-a",
"id": "P334715.l04775",
"ref": "P334715.8.4",
"inst": "ūmâ[now]AV",
"sig": "@saao/saa01%akk-x-neoass:u₂-ma-a=ūma[today//now]AV'AV$ūmâ",
"f": {"lang": "akk-x-neoass",
"form": "u₂-ma-a",
"cf": "ūma",
"gw": "today",
"sense": "now",
"norm": "ūmâ",
"pos": "AV",
"epos": "AV"}
}
,
{
"node": "l",
"frag": "{1}x",
"id": "P334715.l04776",
"ref": "P334715.8.5",
"inst": "u",
"f": {"lang": "akk-x-neoass",
"form": "{1}x",
"pos": "u"}
}
,
{
"node": "l",
"frag": "x",
"id": "P334715.l04777",
"ref": "P334715.8.6",
"inst": "u",
"f": {"lang": "akk-x-neoass",
"form": "x",
"pos": "u"}
}
,
{
"node": "l",
"frag": "x]",
"id": "P334715.l04778",
"ref": "P334715.8.7",
"inst": "u",
"f": {"lang": "akk-x-neoass",
"form": "x",
"pos": "u"}
}
,
{
"node": "d",
"type": "line-start",
"ref": "P334715.9",
"n": "8",
"label": "o 8"}
,
{
"node": "l",
"frag": "i-tal-ka",
"id": "P334715.l04779",
"ref": "P334715.9.1",
"inst": "ittalka[come]V",
"sig": "@saao/saa01%akk-x-neoass:i-tal-ka=alāku[go//come]V'V$ittalka",
"f": {"lang": "akk-x-neoass",
"form": "i-tal-ka",
"cf": "alāku",
"gw": "go",
"sense": "come",
"norm": "ittalka",
"pos": "V",
"epos": "V"}
}
,
{
"node": "l",
"frag": "aq-ṭi₂-ba-aš₂-šu₂",
"id": "P334715.l0477a",
"ref": "P334715.9.2",
"inst": "aqṭibaššu[say]V",
"sig": "@saao/saa01%akk-x-neoass:aq-ṭi₂-ba-aš₂-šu₂=qabû[say//say]V'V$aqṭibaššu",
"f": {"lang": "akk-x-neoass",
"form": "aq-ṭi₂-ba-aš₂-šu₂",
"cf": "qabû",
"gw": "say",
"sense": "say",
"norm": "aqṭibaššu",
"pos": "V",
"epos": "V"}
}
,
{
"node": "l",
"frag": "[mu-ku",
"id": "P334715.l0477b",
"ref": "P334715.9.3",
"inst": "mūku[saying]PRP",
"sig": "@saao/saa01%akk-x-neoass:mu-ku=muk[saying//saying]PRP'PRP$mūku",
"f": {"lang": "akk-x-neoass",
"form": "mu-ku",
"cf": "muk",
"gw": "saying",
"sense": "saying",
"norm": "mūku",
"pos": "PRP",
"epos": "PRP"}
}
,
{
"node": "l",
"frag": "x",
"id": "P334715.l0477c",
"ref": "P334715.9.4",
"inst": "u",
"f": {"lang": "akk-x-neoass",
"form": "x",
"pos": "u"}
}
,
{
"node": "l",
"frag": "x",
"id": "P334715.l0477d",
"ref": "P334715.9.5",
"inst": "u",
"f": {"lang": "akk-x-neoass",
"form": "x",
"pos": "u"}
}
,
{
"node": "l",
"frag": "x]",
"id": "P334715.l0477e",
"ref": "P334715.9.6",
"inst": "u",
"f": {"lang": "akk-x-neoass",
"form": "x",
"pos": "u"}
}
,
{
"node": "d",
"type": "line-start",
"ref": "P334715.10",
"n": "9",
"label": "o 9"}
,
{
"node": "l",
"frag": "ma-a",
"id": "P334715.l0477f",
"ref": "P334715.10.1",
"inst": "mā[saying]PRP",
"sig": "@saao/saa01%akk-x-neoass:ma-a=mā[saying//saying]PRP'PRP$mā",
"f": {"lang": "akk-x-neoass",
"form": "ma-a",
"cf": "mā",
"gw": "saying",
"sense": "saying",
"norm": "mā",
"pos": "PRP",
"epos": "PRP"}
}
,
{
"node": "l",
"frag": "a-na\\t",
"id": "P334715.l04780",
"ref": "P334715.10.2",
"inst": "ana[to]PRP",
"sig": "@saao/saa01%akk-x-neoass:a-na=ana[to//to]PRP'PRP$ana",
"f": {"lang": "akk-x-neoass",
"form": "a-na",
"cf": "ana",
"gw": "to",
"sense": "to",
"norm": "ana",
"pos": "PRP",
"epos": "PRP"}
}
,
{
"node": "l",
"frag": "a.a-ši",
"id": "P334715.l04781",
"ref": "P334715.10.3",
"inst": "ayāši[me]IP",
"sig": "@saao/saa01%akk-x-neoass:a.a-ši=yâšim[to me//me]IP'IP$ayāši",
"f": {"lang": "akk-x-neoass",
"form": "a.a-ši",
"cf": "yâšim",
"gw": "to me",
"sense": "me",
"norm": "ayāši",
"pos": "IP",
"epos": "IP"}
}
,
{
"node": "l",
"frag": "LUGAL",
"id": "P334715.l04782",
"ref": "P334715.10.4",
"inst": "šarru[king]N",
"sig": "@saao/saa01%akk-x-neoass:LUGAL=šarru[king//king]N'N$šarru",
"f": {"lang": "akk-x-neoass",
"form": "LUGAL",
"cf": "šarru",
"gw": "king",
"sense": "king",
"norm": "šarru",
"pos": "N",
"epos": "N"}
}
,
{
"node": "l",
"frag": "ṭe₃-⸢mu⸣",
"id": "P334715.l04783",
"ref": "P334715.10.5",
"inst": "ṭēmu[order]N",
"sig": "@saao/saa01%akk-x-neoass:ṭe₃-mu=ṭēmu[(fore)thought//order]N'N$ṭēmu",
"f": {"lang": "akk-x-neoass",
"form": "ṭe₃-mu",
"cf": "ṭēmu",
"gw": "(fore)thought",
"sense": "order",
"norm": "ṭēmu",
"pos": "N",
"epos": "N"}
}
,
{
"node": "l",
"frag": "[x",
"id": "P334715.l04784",
"ref": "P334715.10.6",
"inst": "u",
"f": {"lang": "akk-x-neoass",
"form": "x",
"pos": "u"}
}
,
{
"node": "l",
"frag": "x",
"id": "P334715.l04785",
"ref": "P334715.10.7",
"inst": "u",
"f": {"lang": "akk-x-neoass",
"form": "x",
"pos": "u"}
}
,
{
"node": "l",
"frag": "x]",
"id": "P334715.l04786",
"ref": "P334715.10.8",
"inst": "u",
"f": {"lang": "akk-x-neoass",
"form": "x",
"pos": "u"}
}
,
{
"node": "d",
"type": "line-start",
"ref": "P334715.11",
"n": "10",
"label": "o 10"}
,
{
"node": "l",
"frag": "i-sa-kan-a-ni",
"id": "P334715.l04787",
"ref": "P334715.11.1",
"inst": "šakānu[put//place]V$issakananni",
"sig": "@saao/saa01%akk-x-neoass:i-sa-kan-a-ni=šakānu[put//place]V'V$issakananni",
"f": {"lang": "akk-x-neoass",
"form": "i-sa-kan-a-ni",
"cf": "šakānu",
"gw": "put",
"sense": "place",
"norm": "issakananni",
"pos": "V",
"epos": "V"}
}
,
{
"node": "l",
"frag": "ma-a",
"id": "P334715.l04788",
"ref": "P334715.11.2",
"inst": "mā[saying]PRP",
"sig": "@saao/saa01%akk-x-neoass:ma-a=mā[saying//saying]PRP'PRP$mā",
"f": {"lang": "akk-x-neoass",
"form": "ma-a",
"cf": "mā",
"gw": "saying",
"sense": "saying",
"norm": "mā",
"pos": "PRP",
"epos": "PRP"}
}
,
{
"node": "l",
"frag": "ša\\dm",
"id": "P334715.l04789",
"ref": "P334715.11.3",
"inst": "ša[of]DET",
"sig": "@saao/saa01%akk-x-neoass:ša=ša[of//of]DET'DET$ša",
"f": {"lang": "akk-x-neoass",
"form": "ša",
"cf": "ša",
"gw": "of",
"sense": "of",
"norm": "ša",
"pos": "DET",
"epos": "DET"}
}
,
{
"node": "l",
"frag": "02-a.⸢a⸣",
"id": "P334715.l0478a",
"ref": "P334715.11.4",
"inst": "n",
"f": {"lang": "akk-x-neoass",
"form": "02-a.a",
"pos": "n"}
}
,
{
"node": "l",
"frag": "[ITI-MEŠ",
"id": "P334715.l0478b",
"ref": "P334715.11.5",
"inst": "urhāni[month]N",
"sig": "@saao/saa01%akk-x-neoass:ITI-MEŠ=arhu[month//month]N'N$urhāni",
"f": {"lang": "akk-x-neoass",
"form": "ITI-MEŠ",
"cf": "arhu",
"gw": "month",
"sense": "month",
"norm": "urhāni",
"pos": "N",
"epos": "N"}
}
,
{
"node": "l",
"frag": "x",
"id": "P334715.l0478c",
"ref": "P334715.11.6",
"inst": "u",
"f": {"lang": "akk-x-neoass",
"form": "x",
"pos": "u"}
}
,
{
"node": "l",
"frag": "x]",
"id": "P334715.l0478d",
"ref": "P334715.11.7",
"inst": "u",
"f": {"lang": "akk-x-neoass",
"form": "x",
"pos": "u"}
}
,
{
"node": "d",
"type": "line-start",
"ref": "P334715.12",
"n": "11",
"label": "o 11"}
,
{
"node": "l",
"frag": "a-na\\t-aš₂-ši",
"id": "P334715.l0478e",
"ref": "P334715.12.1",
"inst": "našû[lift//take]V$anašši",
"sig": "@saao/saa01%akk-x-neoass:a-na-aš₂-ši=našû[lift//take]V'V$anašši",
"f": {"lang": "akk-x-neoass",
"form": "a-na-aš₂-ši",
"cf": "našû",
"gw": "lift",
"sense": "take",
"norm": "anašši",
"pos": "V",
"epos": "V"}
}
,
{
"node": "l",
"frag": "la",
"id": "P334715.l0478f",
"ref": "P334715.12.2",
"inst": "lā[not]MOD",
"sig": "@saao/saa01%akk-x-neoass:la=lā[not//not]MOD'MOD$lā",
"f": {"lang": "akk-x-neoass",
"form": "la",
"cf": "lā",
"gw": "not",
"sense": "not",
"norm": "lā",
"pos": "MOD",
"epos": "MOD"}
}
,
{
"node": "l",
"frag": "a-ma-gur₂",
"id": "P334715.l04790",
"ref": "P334715.12.3",
"inst": "magāru[consent//agree]V$ammaggur",
"sig": "@saao/saa01%akk-x-neoass:a-ma-gur₂=magāru[consent//agree]V'V$ammaggur",
"f": {"lang": "akk-x-neoass",
"form": "a-ma-gur₂",
"cf": "magāru",
"gw": "consent",
"sense": "agree",
"norm": "ammaggur",
"pos": "V",
"epos": "V"}
}
,
{
"node": "l",
"frag": "la",
"id": "P334715.l04791",
"ref": "P334715.12.4",
"inst": "lā[not]MOD",
"sig": "@saao/saa01%akk-x-neoass:la=lā[not//not]MOD'MOD$lā",
"f": {"lang": "akk-x-neoass",
"form": "la",
"cf": "lā",
"gw": "not",
"sense": "not",
"norm": "lā",
"pos": "MOD",
"epos": "MOD"}
}
,
{
"node": "l",
"frag": "a-da-na-aš₂-šu₂",
"id": "P334715.l04792",
"ref": "P334715.12.5",
"inst": "tadānu[give]V$addanaššu",
"sig": "@saao/saa01%akk-x-neoass:a-da-na-aš₂-šu₂=tadānu[give//give]V'V$addanaššu",
"f": {"lang": "akk-x-neoass",
"form": "a-da-na-aš₂-šu₂",
"cf": "tadānu",
"gw": "give",
"sense": "give",
"norm": "addanaššu",
"pos": "V",
"epos": "V"}
}
,
{
"node": "d",
"type": "line-start",
"ref": "P334715.13",
"n": "12",
"label": "o 12"}
,
{
"node": "l",
"frag": "i-tal\\d-ka",
"id": "P334715.l04793",
"ref": "P334715.13.1",
"inst": "alāku[go]V$ittalka",
"sig": "@saao/saa01%akk-x-neoass:i-tal-ka=alāku[go//go]V'V$ittalka",
"f": {"lang": "akk-x-neoass",
"form": "i-tal-ka",
"cf": "alāku",
"gw": "go",
"sense": "go",
"norm": "ittalka",
"pos": "V",
"epos": "V"}
}
,
{
"node": "c",
"type": "phrase",
"tag": "phr",
"id": "P334715.U4",
"ref": "P334715.ls00000",
"cdl": [
{
"node": "l",
"frag": "ina",
"id": "P334715.l04794",
"ref": "P334715.13.2",
"inst": "ina[in+=in]PRP",
"sig": "@saao/saa01%akk-x-neoass:ina=ina[in//in]PRP'PRP$ina",
"f": {"lang": "akk-x-neoass",
"form": "ina",
"cf": "ina",
"gw": "in",
"sense": "in",
"norm": "ina",
"pos": "PRP",
"epos": "PRP"}
}
,
{
"node": "l",
"frag": "ŠA₃-bi",
"id": "P334715.l04795",
"ref": "P334715.13.3",
"inst": "libbi[interior]N",
"sig": "@saao/saa01%akk-x-neoass:ŠA₃-bi=libbu[interior//interior]N'N$libbi",
"f": {"lang": "akk-x-neoass",
"form": "ŠA₃-bi",
"cf": "libbu",
"gw": "interior",
"sense": "interior",
"norm": "libbi",
"pos": "N",
"epos": "N"}
}
]}
,
{
"node": "l",
"frag": "01-en",
"id": "P334715.l04796",
"ref": "P334715.13.4",
"inst": "issēn[one]NU",
"sig": "@saao/saa01%akk-x-neoass:01-en=ištēn[one//one]NU'NU$issēn",
"f": {"lang": "akk-x-neoass",
"form": "01-en",
"cf": "ištēn",
"gw": "one",
"sense": "one",
"norm": "issēn",
"pos": "NU",
"epos": "NU"}
}
,
{
"node": "l",
"frag": "URU-MEŠ\\m-ni-ia",
"id": "P334715.l04797",
"ref": "P334715.13.5",
"inst": "ālānīya[town]N",
"sig": "@saao/saa01%akk-x-neoass:URU-MEŠ-ni-ia=ālu[city//town]N'N$ālānīya",
"f": {"lang": "akk-x-neoass",
"form": "URU-MEŠ-ni-ia",
"cf": "ālu",
"gw": "city",
"sense": "town",
"norm": "ālānīya",
"pos": "N",
"epos": "N"}
}
,
{
"node": "d",
"type": "line-start",
"ref": "P334715.14",
"n": "13",
"label": "o 13"}
,
{
"node": "l",
"frag": "pa-da\\d-ku",
"id": "P334715.l04798",
"ref": "P334715.14.1",
"inst": "padakku[(a grain storage facility)//silo]N$",
"sig": "@saao/saa01%akk-x-neoass:pa-da-ku=padakku[(a grain storage facility)//silo]N'N$padakku",
"f": {"lang": "akk-x-neoass",
"form": "pa-da-ku",
"cf": "padakku",
"gw": "(a grain storage facility)",
"sense": "silo",
"norm": "padakku",
"pos": "N",
"epos": "N"}
}
,
{
"node": "l",
"frag": "ip-te-te",
"id": "P334715.l04799",
"ref": "P334715.14.2",
"inst": "petû[open]V$iptete",
"sig": "@saao/saa01%akk-x-neoass:ip-te-te=petû[open//open]V'V$iptete",
"f": {"lang": "akk-x-neoass",
"form": "ip-te-te",
"cf": "petû",
"gw": "open",
"sense": "open",
"norm": "iptete",
"pos": "V",
"epos": "V"}
}
,
{
"node": "l",
"frag": "{lu₂vy}ma-di\\d-da\\d-ni-šu₂",
"id": "P334715.l0479a",
"ref": "P334715.14.3",
"inst": "mādidu[measuring official (for grain etc.)//one who measures]N$mādidānīšu",
"sig": "@saao/saa01%akk-x-neoass:{LU₂}ma-di-da-ni-šu₂=mādidu[measuring official (for grain etc.)//one who measures]N'N$mādidānīšu",
"f": {"lang": "akk-x-neoass",
"form": "{LU₂}ma-di-da-ni-šu₂",
"cf": "mādidu",
"gw": "measuring official (for grain etc.)",
"sense": "one who measures",
"norm": "mādidānīšu",
"pos": "N",
"epos": "N"}
}
,
{
"node": "d",
"type": "line-start",
"ref": "P334715.15",
"n": "14",
"label": "o 14"}
,
{
"node": "l",
"frag": "⸢u₂⸣-se-ri\\d-di",
"id": "P334715.l0479b",
"ref": "P334715.15.1",
"inst": "arādu[go down//bring down]V$ussērīdi",
"sig": "@saao/saa01%akk-x-neoass:u₂-se-ri-di=arādu[go down//bring down]V'V$ussērīdi",
"f": {"lang": "akk-x-neoass",
"form": "u₂-se-ri-di",
"cf": "arādu",
"gw": "go down",
"sense": "bring down",
"norm": "ussērīdi",
"pos": "V",
"epos": "V"}
}
,
{
"node": "l",
"frag": "ša\\dm",
"id": "P334715.l0479c",
"ref": "P334715.15.2",
"inst": "ša[of//those of]DET$",
"sig": "@saao/saa01%akk-x-neoass:ša=ša[of//those of]DET'DET$ša",
"f": {"lang": "akk-x-neoass",
"form": "ša",
"cf": "ša",
"gw": "of",
"sense": "those of",
"norm": "ša",
"pos": "DET",
"epos": "DET"}
}
,
{
"node": "l",
"frag": "ERIM-MEŠ\\m",
"id": "P334715.l0479d",
"ref": "P334715.15.3",
"inst": "ṣābāni[troops]N",
"sig": "@saao/saa01%akk-x-neoass:ERIM-MEŠ=ṣābu[people//troops]N'N$ṣābāni",
"f": {"lang": "akk-x-neoass",
"form": "ERIM-MEŠ",
"cf": "ṣābu",
"gw": "people",
"sense": "troops",
"norm": "ṣābāni",
"pos": "N",
"epos": "N"}
}
,
{
"node": "l",
"frag": "šal-mu-te",
"id": "P334715.l0479e",
"ref": "P334715.15.4",
"inst": "šalmūte[intact]AJ",
"sig": "@saao/saa01%akk-x-neoass:šal-mu-te=šalmu[intact//intact]AJ'AJ$šalmūte",
"f": {"lang": "akk-x-neoass",
"form": "šal-mu-te",
"cf": "šalmu",
"gw": "intact",
"sense": "intact",
"norm": "šalmūte",
"pos": "AJ",
"epos": "AJ"}
}
,
{
"node": "d",
"type": "line-start",
"ref": "P334715.16",
"n": "15",
"label": "o 15"}
,
{
"node": "l",
"frag": "[x",
"id": "P334715.l0479f",
"ref": "P334715.16.1",
"inst": "u",
"f": {"lang": "akk-x-neoass",
"form": "x",
"pos": "u"}
}
,
{
"node": "l",
"frag": "x]",
"id": "P334715.l047a0",
"ref": "P334715.16.2",
"inst": "u",
"f": {"lang": "akk-x-neoass",
"form": "x",
"pos": "u"}
}
,
{
"node": "l",
"frag": "ik-ta-ra-ra",
"id": "P334715.l047a1",
"ref": "P334715.16.3",
"inst": "iktarāra[put (down)]V",
"sig": "@saao/saa01%akk-x-neoass:ik-ta-ra-ra=karāru[put (down)//put (down)]V'V$iktarāra",
"f": {"lang": "akk-x-neoass",
"form": "ik-ta-ra-ra",
"cf": "karāru",
"gw": "put (down)",
"sense": "put (down)",
"norm": "iktarāra",
"pos": "V",
"epos": "V"}
}
,
{
"node": "l",
"frag": "a-ta-la-ka",
"id": "P334715.l047a2",
"ref": "P334715.16.4",
"inst": "alāku[go]V$attalāka",
"sig": "@saao/saa01%akk-x-neoass:a-ta-la-ka=alāku[go//go]V'V$attalāka",
"f": {"lang": "akk-x-neoass",
"form": "a-ta-la-ka",
"cf": "alāku",
"gw": "go",
"sense": "go",
"norm": "attalāka",
"pos": "V",
"epos": "V"}
}
,
{
"node": "d",
"type": "line-start",
"ref": "P334715.17",
"n": "16",
"label": "o 16"}
,
{
"node": "l",
"frag": "[i]-⸢si⸣-šu₂",
"id": "P334715.l047a3",
"ref": "P334715.17.1",
"inst": "issīšu[with]PRP",
"sig": "@saao/saa01%akk-x-neoass:i-si-šu₂=išti[with//with]PRP'PRP$issīšu",
"f": {"lang": "akk-x-neoass",
"form": "i-si-šu₂",
"cf": "išti",
"gw": "with",
"sense": "with",
"norm": "issīšu",
"pos": "PRP",
"epos": "PRP"}
}
,
{
"node": "l",
"frag": "a-du-bu-ub",
"id": "P334715.l047a4",
"ref": "P334715.17.2",
"inst": "addubub[speak]V",
"sig": "@saao/saa01%akk-x-neoass:a-du-bu-ub=dabābu[speak//speak]V'V$addubub",
"f": {"lang": "akk-x-neoass",
"form": "a-du-bu-ub",
"cf": "dabābu",
"gw": "speak",
"sense": "speak",
"norm": "addubub",
"pos": "V",
"epos": "V"}
}
,
{
"node": "l",
"frag": "mu-ku",
"id": "P334715.l047a5",
"ref": "P334715.17.3",
"inst": "mūku[saying]PRP",
"sig": "@saao/saa01%akk-x-neoass:mu-ku=muk[saying//saying]PRP'PRP$mūku",
"f": {"lang": "akk-x-neoass",
"form": "mu-ku",
"cf": "muk",
"gw": "saying",
"sense": "saying",
"norm": "mūku",
"pos": "PRP",
"epos": "PRP"}
}
,
{
"node": "d",
"type": "line-start",
"ref": "P334715.18",
"n": "17",
"label": "o 17"}
,
{
"node": "l",
"frag": "[a]-⸢ta⸣-a",
"id": "P334715.l047a6",
"ref": "P334715.18.1",
"inst": "atâ[why?]QP",
"sig": "@saao/saa01%akk-x-neoass:a-ta-a=atā[why?//why?]QP'QP$atâ",
"f": {"lang": "akk-x-neoass",
"form": "a-ta-a",
"cf": "atā",
"gw": "why?",
"sense": "why?",
"norm": "atâ",
"pos": "QP",
"epos": "QP"}
}
,
{
"node": "l",
"frag": "gi-ri\\d",
"id": "P334715.l047a7",
"ref": "P334715.18.2",
"inst": "gerru[way//by way of]N'PRP$girri",
"sig": "@saao/saa01%akk-x-neoass:gi-ri=gerru[way//by way of]N'PRP$girri",
"f": {"lang": "akk-x-neoass",
"form": "gi-ri",
"cf": "gerru",
"gw": "way",
"sense": "by way of",
"norm": "girri",
"pos": "N",
"epos": "PRP"}
}
,
{
"node": "l",
"frag": "ra-mi-ni-ka",
"id": "P334715.l047a8",
"ref": "P334715.18.3",
"inst": "raminīka[self]N",
"sig": "@saao/saa01%akk-x-neoass:ra-mi-ni-ka=ramānu[self//self]N'N$raminīka",
"f": {"lang": "akk-x-neoass",
"form": "ra-mi-ni-ka",
"cf": "ramānu",
"gw": "self",
"sense": "self",
"norm": "raminīka",
"pos": "N",
"epos": "N"}
}
,
{
"node": "d",
"type": "line-start",
"ref": "P334715.19",
"n": "18",
"label": "o 18"}
,
{
"node": "c",
"type": "phrase",
"tag": "phr",
"id": "P334715.U5",
"ref": "P334715.ls00001",
"cdl": [
{
"node": "l",
"frag": "[ša]",
"id": "P334715.l047a9",
"ref": "P334715.19.1",
"inst": "ša[of]DET",
"sig": "@saao/saa01%akk-x-neoass:ša=ša[of//of]DET'DET$ša",
"f": {"lang": "akk-x-neoass",
"form": "ša",
"cf": "ša",
"gw": "of",
"sense": "of",
"norm": "ša",
"pos": "DET",
"epos": "DET"}
}
,
{
"node": "l",
"frag": "⸢la⸣",
"id": "P334715.l047aa",
"ref": "P334715.19.2",
"inst": "lā[not]MOD",
"sig": "@saao/saa01%akk-x-neoass:la=lā[not//not]MOD'MOD$lā",
"f": {"lang": "akk-x-neoass",
"form": "la",
"cf": "lā",
"gw": "not",
"sense": "not",
"norm": "lā",
"pos": "MOD",
"epos": "MOD"}
}
]}
,
{
"node": "l",
"frag": "{lu₂vy}02-e",
"id": "P334715.l047ab",
"ref": "P334715.19.3",
"inst": "šanie[deputy]'N",
"sig": "@saao/saa01%akk-x-neoass:{LU₂}02-e=šanû[second//deputy]NU'N$šanie",
"f": {"lang": "akk-x-neoass",
"form": "{LU₂}02-e",
"cf": "šanû",
"gw": "second",
"sense": "deputy",
"norm": "šanie",
"pos": "NU",
"epos": "N"}
}
,
{
"node": "l",
"frag": "kar-me",
"id": "P334715.l047ac",
"ref": "P334715.19.4",
"inst": "karmu[heap//granary]N$karme",
"sig": "@saao/saa01%akk-x-neoass:kar-me=karmu[heap//granary]N'N$karme",
"f": {"lang": "akk-x-neoass",
"form": "kar-me",
"cf": "karmu",
"gw": "heap",
"sense": "granary",
"norm": "karme",
"pos": "N",
"epos": "N"}
}
,
{
"node": "l",
"frag": "ša\\ydm",
"id": "P334715.l047ad",
"ref": "P334715.19.5",
"inst": "ša[of]DET",
"sig": "@saao/saa01%akk-x-neoass:ša=ša[of//of]DET'DET$ša",
"f": {"lang": "akk-x-neoass",
"form": "ša",
"cf": "ša",
"gw": "of",
"sense": "of",
"norm": "ša",
"pos": "DET",
"epos": "DET"}
}
,
{
"node": "l",
"frag": "LUGAL",
"id": "P334715.l047ae",
"ref": "P334715.19.6",
"inst": "šarri[king]N",
"sig": "@saao/saa01%akk-x-neoass:LUGAL=šarru[king//king]N'N$šarri",
"f": {"lang": "akk-x-neoass",
"form": "LUGAL",
"cf": "šarru",
"gw": "king",
"sense": "king",
"norm": "šarri",
"pos": "N",
"epos": "N"}
}
,
{
"node": "d",
"type": "line-start",
"ref": "P334715.20",
"n": "19",
"label": "o 19"}
,
{
"node": "l",
"frag": "[ta]-⸢ap⸣-ti\\t",
"id": "P334715.l047af",
"ref": "P334715.20.1",
"inst": "petû[open]V$tapti",
"sig": "@saao/saa01%akk-x-neoass:ta-ap-ti=petû[open//open]V'V$tapti",
"f": {"lang": "akk-x-neoass",
"form": "ta-ap-ti",
"cf": "petû",
"gw": "open",
"sense": "open",
"norm": "tapti",
"pos": "V",
"epos": "V"}
}
,
{
"node": "l",
"frag": "IGI.2-šu₂",
"id": "P334715.l047b0",
"ref": "P334715.20.2",
"inst": "īnu[eye]N$ēnātīšu",
"sig": "@saao/saa01%akk-x-neoass:IGI.2-šu₂=īnu[eye//eye]N'N$ēnātīšu",
"f": {"lang": "akk-x-neoass",
"form": "IGI.2-šu₂",
"cf": "īnu",
"gw": "eye",
"sense": "eye",
"norm": "ēnātīšu",
"pos": "N",
"epos": "N"}
}
,
{
"node": "c",
"type": "phrase",
"tag": "phr",
"id": "P334715.U6",
"ref": "P334715.ls00002",
"cdl": [
{
"node": "l",
"frag": "ina",
"id": "P334715.l047b1",
"ref": "P334715.20.3",
"inst": "ina[in+=to]PRP",
"sig": "@saao/saa01%akk-x-neoass:ina=ina[in//in]PRP'PRP$ina",
"f": {"lang": "akk-x-neoass",
"form": "ina",
"cf": "ina",
"gw": "in",
"sense": "in",
"norm": "ina",
"pos": "PRP",
"epos": "PRP"}
}
,
{
"node": "l",
"frag": "UGU-hi-ia",
"id": "P334715.l047b2",
"ref": "P334715.20.4",
"inst": "muhhīya[skull]N",
"sig": "@saao/saa01%akk-x-neoass:UGU-hi-ia=muhhu[skull//skull]N'N$muhhīya",
"f": {"lang": "akk-x-neoass",
"form": "UGU-hi-ia",
"cf": "muhhu",
"gw": "skull",
"sense": "skull",
"norm": "muhhīya",
"pos": "N",
"epos": "N"}
}
]}
,
{
"node": "d",
"subtype": "bottom",
"type": "surface",
"ref": "P334715.b.e..21",
"type": "bottom",
"label": "b.e."}
,
{
"node": "d",
"type": "line-start",
"ref": "P334715.22",
"n": "20",
"label": "b.e. 20"}
,
{
"node": "l",
"frag": "⸢la⸣-a",
"id": "P334715.l047b3",
"ref": "P334715.22.1",
"inst": "lā[not]MOD",
"sig": "@saao/saa01%akk-x-neoass:la-a=lā[not//not]MOD'MOD$lā",
"f": {"lang": "akk-x-neoass",
"form": "la-a",
"cf": "lā",
"gw": "not",
"sense": "not",
"norm": "lā",
"pos": "MOD",
"epos": "MOD"}
}
,
{
"node": "l",
"frag": "ik-ru-ru",
"id": "P334715.l047b4",
"ref": "P334715.22.2",
"inst": "karāru[put (down)]V$ikrūru",
"sig": "@saao/saa01%akk-x-neoass:ik-ru-ru=karāru[put (down)//put (down)]V'V$ikrūru",
"f": {"lang": "akk-x-neoass",
"form": "ik-ru-ru",
"cf": "karāru",
"gw": "put (down)",
"sense": "put (down)",
"norm": "ikrūru",
"pos": "V",
"epos": "V"}
}
,
{
"node": "d",
"type": "line-start",
"ref": "P334715.23",
"n": "21",
"label": "b.e. 21"}
,
{
"node": "l",
"frag": "[ma-a]",
"id": "P334715.l047b5",
"ref": "P334715.23.1",
"inst": "mā[saying]PRP",
"sig": "@saao/saa01%akk-x-neoass:ma-a=mā[saying//saying]PRP'PRP$mā",
"f": {"lang": "akk-x-neoass",
"form": "ma-a",
"cf": "mā",
"gw": "saying",
"sense": "saying",
"norm": "mā",
"pos": "PRP",
"epos": "PRP"}
}
,
{
"node": "l",
"frag": "{itid}BARAG",
"id": "P334715.l047b6",
"ref": "P334715.23.2",
"inst": "Nisanni[Nisan]MN",
"sig": "@saao/saa01%akk-x-neoass:{ITI}BARAG=Nisannu[Nisan//Nisan]MN'MN$Nisanni",
"f": {"lang": "akk-x-neoass",
"form": "{ITI}BARAG",
"cf": "Nisannu",
"gw": "Nisan",
"sense": "Nisan",
"norm": "Nisanni",
"pos": "MN",
"epos": "MN"}
}
,
{
"node": "l",
"frag": "šam-mu",
"id": "P334715.l047b7",
"ref": "P334715.23.3",
"inst": "šammu[plant(s)//grass]N$",
"sig": "@saao/saa01%akk-x-neoass:šam-mu=šammu[plant(s)//grass]N'N$šammu",
"f": {"lang": "akk-x-neoass",
"form": "šam-mu",
"cf": "šammu",
"gw": "plant(s)",
"sense": "grass",
"norm": "šammu",
"pos": "N",
"epos": "N"}
}
,
{
"node": "d",
"type": "line-start",
"ref": "P334715.24",
"n": "22",
"label": "b.e. 22"}
,
{
"node": "l",
"frag": "[it]-tu₂-uq\\td-ta",
"id": "P334715.l047b8",
"ref": "P334715.24.1",
"inst": "maqātu[fall]V$ittuqta",
"sig": "@saao/saa01%akk-x-neoass:it-tu₂-uq-ta=maqātu[fall//fall]V'V$ittuqta",
"f": {"lang": "akk-x-neoass",
"form": "it-tu₂-uq-ta",
"cf": "maqātu",
"gw": "fall",
"sense": "fall",
"norm": "ittuqta",
"pos": "V",
"epos": "V"}
}
,
{
"node": "l",
"frag": "{anšed}KUR.RA-MEŠ",
"id": "P334715.l047b9",
"ref": "P334715.24.2",
"inst": "sissê[horse]N",
"sig": "@saao/saa01%akk-x-neoass:{ANŠE}KUR.RA-MEŠ=sisû[horse//horse]N'N$sissê",
"f": {"lang": "akk-x-neoass",
"form": "{ANŠE}KUR.RA-MEŠ",
"cf": "sisû",
"gw": "horse",
"sense": "horse",
"norm": "sissê",
"pos": "N",
"epos": "N"}
}
,
{
"node": "d",
"subtype": "reverse",
"type": "surface",
"ref": "P334715.r.25",
"type": "reverse",
"label": "r"}
,
{
"node": "d",
"type": "line-start",
"ref": "P334715.26",
"n": "1",
"label": "r 1"}
,
{
"node": "l",
"frag": "[ma]-a",
"id": "P334715.l047ba",
"ref": "P334715.26.1",
"inst": "mā[saying]PRP",
"sig": "@saao/saa01%akk-x-neoass:ma-a=mā[saying//saying]PRP'PRP$mā",
"f": {"lang": "akk-x-neoass",
"form": "ma-a",
"cf": "mā",
"gw": "saying",
"sense": "saying",
"norm": "mā",
"pos": "PRP",
"epos": "PRP"}
}
,
{
"node": "l",
"frag": "i-ma-⸢qa-tu⸣-u₂\\m-ni",
"id": "P334715.l047bb",
"ref": "P334715.26.2",
"inst": "maqātu[fall]V$imaqqatūni",
"sig": "@saao/saa01%akk-x-neoass:i-ma-qa-tu-u₂-ni=maqātu[fall//fall]V'V$imaqqatūni",
"f": {"lang": "akk-x-neoass",
"form": "i-ma-qa-tu-u₂-ni",
"cf": "maqātu",
"gw": "fall",
"sense": "fall",
"norm": "imaqqatūni",
"pos": "V",
"epos": "V"}
}
,
{
"node": "d",
"type": "line-start",
"ref": "P334715.27",
"n": "2",
"label": "r 2"}
,
{
"node": "l",
"frag": "⸢la⸣-a",
"id": "P334715.l047bc",
"ref": "P334715.27.1",
"inst": "lā[not]MOD",
"sig": "@saao/saa01%akk-x-neoass:la-a=lā[not//not]MOD'MOD$lā",
"f": {"lang": "akk-x-neoass",
"form": "la-a",
"cf": "lā",
"gw": "not",
"sense": "not",
"norm": "lā",
"pos": "MOD",
"epos": "MOD"}
}
,
{
"node": "l",
"frag": "u₂-⸢šam⸣-[ṣa]",
"id": "P334715.l047bd",
"ref": "P334715.27.2",
"inst": "ušamṣa[be able to]V",
"sig": "@saao/saa01%akk-x-neoass:u₂-šam-ṣa=maṣû[correspond//be able to]V'V$ušamṣa",
"f": {"lang": "akk-x-neoass",
"form": "u₂-šam-ṣa",
"cf": "maṣû",
"gw": "correspond",
"sense": "be able to",
"norm": "ušamṣa",
"pos": "V",
"epos": "V"}
}
,
{
"node": "l",
"frag": "⸢ša⸣",
"id": "P334715.l047be",
"ref": "P334715.27.3",
"inst": "ša[of]DET",
"sig": "@saao/saa01%akk-x-neoass:ša=ša[of//of]DET'DET$ša",
"f": {"lang": "akk-x-neoass",
"form": "ša",
"cf": "ša",
"gw": "of",
"sense": "of",
"norm": "ša",
"pos": "DET",
"epos": "DET"}
}
,
{
"node": "l",
"frag": "{itim}BARAG",
"id": "P334715.l047bf",
"ref": "P334715.27.4",
"inst": "Nisanni[Nisan]MN",
"sig": "@saao/saa01%akk-x-neoass:{ITI}BARAG=Nisannu[Nisan//Nisan]MN'MN$Nisanni",
"f": {"lang": "akk-x-neoass",
"form": "{ITI}BARAG",
"cf": "Nisannu",
"gw": "Nisan",
"sense": "Nisan",
"norm": "Nisanni",
"pos": "MN",
"epos": "MN"}
}
,
{
"node": "l",
"frag": "gab-bi-šu₂",
"id": "P334715.l047c0",
"ref": "P334715.27.5",
"inst": "gabbīšu[whole]'AJ",
"sig": "@saao/saa01%akk-x-neoass:gab-bi-šu₂=gabbu[totality//whole]N'AJ$gabbīšu",
"f": {"lang": "akk-x-neoass",
"form": "gab-bi-šu₂",
"cf": "gabbu",
"gw": "totality",
"sense": "whole",
"norm": "gabbīšu",
"pos": "N",
"epos": "AJ"}
}
,
{
"node": "d",
"type": "line-start",
"ref": "P334715.28",
"n": "3",
"label": "r 3"}
,
{
"node": "l",
"frag": "[ki]-su-[tu₂",
"id": "P334715.l047c1",
"ref": "P334715.28.1",
"inst": "kissutu[fodder]N",
"sig": "@saao/saa01%akk-x-neoass:ki-su-tu₂=kissatu[fodder//fodder]N'N$kissutu",
"f": {"lang": "akk-x-neoass",
"form": "ki-su-tu₂",
"cf": "kissatu",
"gw": "fodder",
"sense": "fodder",
"norm": "kissutu",
"pos": "N",
"epos": "N"}
}
,
{
"node": "l",
"frag": "{1}x",
"id": "P334715.l047c2",
"ref": "P334715.28.2",
"inst": "u",
"f": {"lang": "akk-x-neoass",
"form": "{1}x",
"pos": "u"}
}
,
{
"node": "l",
"frag": "x",
"id": "P334715.l047c3",
"ref": "P334715.28.3",
"inst": "u",
"f": {"lang": "akk-x-neoass",
"form": "x",
"pos": "u"}
}
,
{
"node": "l",
"frag": "x]+⸢x⸣",
"id": "P334715.l047c4",
"ref": "P334715.28.4",
"inst": "u",
"f": {"lang": "akk-x-neoass",
"form": "x+x",
"pos": "u"}
}
,
{
"node": "l",
"frag": "ik-ta-ra-ra",
"id": "P334715.l047c5",
"ref": "P334715.28.5",
"inst": "iktarāra[put (down)]V",
"sig": "@saao/saa01%akk-x-neoass:ik-ta-ra-ra=karāru[put (down)//put (down)]V'V$iktarāra",
"f": {"lang": "akk-x-neoass",
"form": "ik-ta-ra-ra",
"cf": "karāru",
"gw": "put (down)",
"sense": "put (down)",
"norm": "iktarāra",
"pos": "V",
"epos": "V"}
}
,
{
"node": "d",
"type": "line-start",
"ref": "P334715.29",
"n": "4",
"label": "r 4"}
,
{
"node": "l",
"frag": "ša\\dm",
"id": "P334715.l047c6",
"ref": "P334715.29.1",
"inst": "ša[of//those of]DET$",
"sig": "@saao/saa01%akk-x-neoass:ša=ša[of//those of]DET'DET$ša",
"f": {"lang": "akk-x-neoass",
"form": "ša",
"cf": "ša",
"gw": "of",
"sense": "those of",
"norm": "ša",
"pos": "DET",
"epos": "DET"}
}
,
{
"node": "l",
"frag": "70",
"id": "P334715.l047c7",
"ref": "P334715.29.2",
"inst": "n",
"f": {"lang": "akk-x-neoass",
"form": "70",
"pos": "n"}
}
,
{
"node": "l",
"frag": "[UD-MEŠ",
"id": "P334715.l047c8",
"ref": "P334715.29.3",
"inst": "ūmāti[day]N",
"sig": "@saao/saa01%akk-x-neoass:UD-MEŠ=ūmu[day//day]N'N$ūmāti",
"f": {"lang": "akk-x-neoass",
"form": "UD-MEŠ",
"cf": "ūmu",
"gw": "day",
"sense": "day",
"norm": "ūmāti",
"pos": "N",
"epos": "N"}
}
,
{
"node": "l",
"frag": "{1}aš]-⸢šur-da\\d⸣-lal",
"id": "P334715.l047c9",
"ref": "P334715.29.4",
"inst": "Aššur-dalal[]PN$",
"sig": "@saao/saa01%akk-x-neoass:{1}aš-šur-da-lal=Aššur-dalal[1//1]PN'PN$Aššur-dalal",
"f": {"lang": "akk-x-neoass",
"form": "{1}aš-šur-da-lal",
"cf": "Aššur-dalal",
"gw": "1",
"sense": "1",
"norm": "Aššur-dalal",
"pos": "PN",
"epos": "PN"}
}
,
{
"node": "d",
"type": "line-start",
"ref": "P334715.30",
"n": "5",
"label": "r 5"}
,
{
"node": "l",
"frag": "ša\\dm",
"id": "P334715.l047ca",
"ref": "P334715.30.1",
"inst": "ša[those of]DET",
"sig": "@saao/saa01%akk-x-neoass:ša=ša[of//those of]DET'DET$ša",
"f": {"lang": "akk-x-neoass",
"form": "ša",
"cf": "ša",
"gw": "of",
"sense": "those of",
"norm": "ša",
"pos": "DET",
"epos": "DET"}
}
,
{
"node": "l",
"frag": "20",
"id": "P334715.l047cb",
"ref": "P334715.30.2",
"inst": "n",
"f": {"lang": "akk-x-neoass",
"form": "20",
"pos": "n"}
}
,
{
"node": "l",
"frag": "UD-MEŠ-⸢ma⸣",
"id": "P334715.l047cc",
"ref": "P334715.30.3",
"inst": "ūmu[day]N$ūmātīma",
"sig": "@saao/saa01%akk-x-neoass:UD-MEŠ-ma=ūmu[day//day]N'N$ūmātīma",
"f": {"lang": "akk-x-neoass",
"form": "UD-MEŠ-ma",
"cf": "ūmu",
"gw": "day",
"sense": "day",
"norm": "ūmātīma",
"pos": "N",
"epos": "N"}
}
,
{
"node": "l",
"frag": "[x",
"id": "P334715.l047cd",
"ref": "P334715.30.4",
"inst": "u",
"f": {"lang": "akk-x-neoass",
"form": "x",
"pos": "u"}
}
,
{
"node": "l",
"frag": "x",
"id": "P334715.l047ce",
"ref": "P334715.30.5",
"inst": "u",
"f": {"lang": "akk-x-neoass",
"form": "x",
"pos": "u"}
}
,
{
"node": "l",
"frag": "x]",
"id": "P334715.l047cf",
"ref": "P334715.30.6",
"inst": "u",
"f": {"lang": "akk-x-neoass",
"form": "x",
"pos": "u"}
}
,
{
"node": "l",
"frag": "⸢ik⸣-ta-ru",
"id": "P334715.l047d0",
"ref": "P334715.30.7",
"inst": "karāru[put (down)]V$iktarru",
"sig": "@saao/saa01%akk-x-neoass:ik-ta-ru=karāru[put (down)//put (down)]V'V$iktarru",
"f": {"lang": "akk-x-neoass",
"form": "ik-ta-ru",
"cf": "karāru",
"gw": "put (down)",
"sense": "put (down)",
"norm": "iktarru",
"pos": "V",
"epos": "V"}
}
,
{
"node": "d",
"type": "line-start",
"ref": "P334715.31",
"n": "6",
"label": "r 6"}
,
{
"node": "l",
"frag": "šu-u₂",
"id": "P334715.l047d1",
"ref": "P334715.31.1",
"inst": "šû[he]IP",
"sig": "@saao/saa01%akk-x-neoass:šu-u₂=šū[he//he]IP'IP$šû",
"f": {"lang": "akk-x-neoass",
"form": "šu-u₂",
"cf": "šū",
"gw": "he",
"sense": "he",
"norm": "šû",
"pos": "IP",
"epos": "IP"}
}
,
{
"node": "l",
"frag": "ša\\dm",
"id": "P334715.l047d2",
"ref": "P334715.31.2",
"inst": "ša[those of]DET",
"sig": "@saao/saa01%akk-x-neoass:ša=ša[of//those of]DET'DET$ša",
"f": {"lang": "akk-x-neoass",
"form": "ša",
"cf": "ša",
"gw": "of",
"sense": "those of",
"norm": "ša",
"pos": "DET",
"epos": "DET"}
}
,
{
"node": "l",
"frag": "{itim}⸢SIG₄",
"id": "P334715.l047d3",
"ref": "P334715.31.3",
"inst": "Simani[Sivan]MN",
"sig": "@saao/saa01%akk-x-neoass:{ITI}SIG₄=Simanu[Sivan//Sivan]MN'MN$Simani",
"f": {"lang": "akk-x-neoass",
"form": "{ITI}SIG₄",
"cf": "Simanu",
"gw": "Sivan",
"sense": "Sivan",
"norm": "Simani",
"pos": "MN",
"epos": "MN"}
}
,
{
"node": "l",
"frag": "ik⸣-ta-ra-ra",
"id": "P334715.l047d4",
"ref": "P334715.31.4",
"inst": "iktarāra[put (down)]V",
"sig": "@saao/saa01%akk-x-neoass:ik-ta-ra-ra=karāru[put (down)//put (down)]V'V$iktarāra",
"f": {"lang": "akk-x-neoass",
"form": "ik-ta-ra-ra",
"cf": "karāru",
"gw": "put (down)",
"sense": "put (down)",
"norm": "iktarāra",
"pos": "V",
"epos": "V"}
}
,
{
"node": "d",
"type": "line-start",
"ref": "P334715.32",
"n": "7",
"label": "r 7"}
,
{
"node": "l",
"frag": "ša\\dm",
"id": "P334715.l047d5",
"ref": "P334715.32.1",
"inst": "ša[of//for]DET'PRP$",
"sig": "@saao/saa01%akk-x-neoass:ša=ša[of//for]DET'PRP$ša",
"f": {"lang": "akk-x-neoass",
"form": "ša",
"cf": "ša",
"gw": "of",
"sense": "for",
"norm": "ša",
"pos": "DET",
"epos": "PRP"}
}
,
{
"node": "l",
"frag": "{anšedm}KUR.RA-MEŠ\\m-šu₂",
"id": "P334715.l047d6",
"ref": "P334715.32.2",
"inst": "sisû[horse]N$sissêšu",
"sig": "@saao/saa01%akk-x-neoass:{ANŠE}KUR.RA-MEŠ-šu₂=sisû[horse//horse]N'N$sissêšu",
"f": {"lang": "akk-x-neoass",
"form": "{ANŠE}KUR.RA-MEŠ-šu₂",
"cf": "sisû",
"gw": "horse",
"sense": "horse",
"norm": "sissêšu",
"pos": "N",
"epos": "N"}
}
,
{
"node": "l",
"frag": "ma-aq-tu₂-te",
"id": "P334715.l047d7",
"ref": "P334715.32.3",
"inst": "maqtu[fallen]AJ$maqtūte",
"sig": "@saao/saa01%akk-x-neoass:ma-aq-tu₂-te=maqtu[fallen//fallen]AJ'AJ$maqtūte",
"f": {"lang": "akk-x-neoass",
"form": "ma-aq-tu₂-te",
"cf": "maqtu",
"gw": "fallen",
"sense": "fallen",
"norm": "maqtūte",
"pos": "AJ",
"epos": "AJ"}
}
,
{
"node": "d",
"type": "line-start",
"ref": "P334715.33",
"n": "8",
"label": "r 8"}
,
{
"node": "l",
"frag": "me-šil\\t",
"id": "P334715.l047d8",
"ref": "P334715.33.1",
"inst": "mišlu[half]NU$mešil",
"sig": "@saao/saa01%akk-x-neoass:me-šil=mišlu[half//half]NU'NU$mešil",
"f": {"lang": "akk-x-neoass",
"form": "me-šil",
"cf": "mišlu",
"gw": "half",
"sense": "half",
"norm": "mešil",
"pos": "NU",
"epos": "NU"}
}
,
{
"node": "l",
"frag": "{še}ki-si-te",
"id": "P334715.l047d9",
"ref": "P334715.33.2",
"inst": "kissatu[fodder]N$kissite",
"sig": "@saao/saa01%akk-x-neoass:{ŠE}ki-si-te=kissatu[fodder//fodder]N'N$kissite",
"f": {"lang": "akk-x-neoass",
"form": "{ŠE}ki-si-te",
"cf": "kissatu",
"gw": "fodder",
"sense": "fodder",
"norm": "kissite",
"pos": "N",
"epos": "N"}
}
,
{
"node": "l",
"frag": "ik-ta-sap",
"id": "P334715.l047da",
"ref": "P334715.33.3",
"inst": "kasāpu[break (into bits)]V$iktasap",
"sig": "@saao/saa01%akk-x-neoass:ik-ta-sap=kasāpu[break (into bits)//break (into bits)]V'V$iktasap",
"f": {"lang": "akk-x-neoass",
"form": "ik-ta-sap",
"cf": "kasāpu",
"gw": "break (into bits)",
"sense": "break (into bits)",
"norm": "iktasap",
"pos": "V",
"epos": "V"}
}
,
{
"node": "d",
"type": "line-start",
"ref": "P334715.34",
"n": "9",
"label": "r 9"}
,
{
"node": "l",
"frag": "me-šil\\t-ma",
"id": "P334715.l047db",
"ref": "P334715.34.1",
"inst": "mišlu[half]NU$mešilma",
"sig": "@saao/saa01%akk-x-neoass:me-šil-ma=mišlu[half//half]NU'NU$mešilma",
"f": {"lang": "akk-x-neoass",
"form": "me-šil-ma",
"cf": "mišlu",
"gw": "half",
"sense": "half",
"norm": "mešilma",
"pos": "NU",
"epos": "NU"}
}
,
{
"node": "l",
"frag": "la-a",
"id": "P334715.l047dc",
"ref": "P334715.34.2",
"inst": "lā[not]MOD",
"sig": "@saao/saa01%akk-x-neoass:la-a=lā[not//not]MOD'MOD$lā",
"f": {"lang": "akk-x-neoass",
"form": "la-a",
"cf": "lā",
"gw": "not",
"sense": "not",
"norm": "lā",
"pos": "MOD",
"epos": "MOD"}
}
,
{
"node": "l",
"frag": "ik-su-⸢pu⸣",
"id": "P334715.l047dd",
"ref": "P334715.34.3",
"inst": "kasāpu[break (into bits)]V$iksūpu",
"sig": "@saao/saa01%akk-x-neoass:ik-su-pu=kasāpu[break (into bits)//break (into bits)]V'V$iksūpu",
"f": {"lang": "akk-x-neoass",
"form": "ik-su-pu",
"cf": "kasāpu",
"gw": "break (into bits)",
"sense": "break (into bits)",
"norm": "iksūpu",
"pos": "V",
"epos": "V"}
}
,
{
"node": "l",
"frag": "{anšed}KUR.RA-MEŠ\\m",
"id": "P334715.l047de",
"ref": "P334715.34.4",
"inst": "sissê[horse]N",
"sig": "@saao/saa01%akk-x-neoass:{ANŠE}KUR.RA-MEŠ=sisû[horse//horse]N'N$sissê",
"f": {"lang": "akk-x-neoass",
"form": "{ANŠE}KUR.RA-MEŠ",
"cf": "sisû",
"gw": "horse",
"sense": "horse",
"norm": "sissê",
"pos": "N",
"epos": "N"}
}
,
{
"node": "d",
"type": "line-start",
"ref": "P334715.35",
"n": "10",
"label": "r 10"}
,
{
"node": "l",
"frag": "LUGAL",
"id": "P334715.l047df",
"ref": "P334715.35.1",
"inst": "šarru[king]N",
"sig": "@saao/saa01%akk-x-neoass:LUGAL=šarru[king//king]N'N$šarru",
"f": {"lang": "akk-x-neoass",
"form": "LUGAL",
"cf": "šarru",
"gw": "king",
"sense": "king",
"norm": "šarru",
"pos": "N",
"epos": "N"}
}
,
{
"node": "l",
"frag": "be-li₂",
"id": "P334715.l047e0",
"ref": "P334715.35.2",
"inst": "bēlī[lord]N",
"sig": "@saao/saa01%akk-x-neoass:be-li₂=bēlu[lord//lord]N'N$bēlī",
"f": {"lang": "akk-x-neoass",
"form": "be-li₂",
"cf": "bēlu",
"gw": "lord",
"sense": "lord",
"norm": "bēlī",
"pos": "N",
"epos": "N"}
}
,
{
"node": "l",
"frag": "i-ti\\t-din",
"id": "P334715.l047e1",
"ref": "P334715.35.3",
"inst": "ittidin[give]V",
"sig": "@saao/saa01%akk-x-neoass:i-ti-din=tadānu[give//give]V'V$ittidin",
"f": {"lang": "akk-x-neoass",
"form": "i-ti-din",
"cf": "tadānu",
"gw": "give",
"sense": "give",
"norm": "ittidin",
"pos": "V",
"epos": "V"}
}
,
{
"node": "l",
"frag": "[x",
"id": "P334715.l047e2",
"ref": "P334715.35.4",
"inst": "u",
"f": {"lang": "akk-x-neoass",
"form": "x",
"pos": "u"}
}
,
{
"node": "l",
"frag": "x",
"id": "P334715.l047e3",
"ref": "P334715.35.5",
"inst": "u",
"f": {"lang": "akk-x-neoass",
"form": "x",
"pos": "u"}
}
,
{
"node": "l",
"frag": "x]",
"id": "P334715.l047e4",
"ref": "P334715.35.6",
"inst": "u",
"f": {"lang": "akk-x-neoass",
"form": "x",
"pos": "u"}
}
,
{
"node": "l",
"frag": "⸢nu⸣",
"id": "P334715.l047e5",
"ref": "P334715.35.7",
"inst": "u",
"f": {"lang": "akk-x-neoass",
"form": "nu",
"pos": "u"}
}
,
{
"node": "d",
"type": "line-start",
"ref": "P334715.36",
"n": "11",
"label": "r 11"}
,
{
"node": "l",
"frag": "pa-da\\d-ka-te",
"id": "P334715.l047e6",
"ref": "P334715.36.1",
"inst": "padakku[(a grain storage facility)//silo]N$padakkāte",
"sig": "@saao/saa01%akk-x-neoass:pa-da-ka-te=padakku[(a grain storage facility)//silo]N'N$padakkāte",
"f": {"lang": "akk-x-neoass",
"form": "pa-da-ka-te",
"cf": "padakku",
"gw": "(a grain storage facility)",
"sense": "silo",
"norm": "padakkāte",
"pos": "N",
"epos": "N"}
}
,
{
"node": "l",
"frag": "up-[ta-te",
"id": "P334715.l047e7",
"ref": "P334715.36.2",
"inst": "petû[open]V$uptatte",
"sig": "@saao/saa01%akk-x-neoass:up-ta-te=petû[open//open]V'V$uptatte",
"f": {"lang": "akk-x-neoass",
"form": "up-ta-te",
"cf": "petû",
"gw": "open",
"sense": "open",
"norm": "uptatte",
"pos": "V",
"epos": "V"}
}
,
{
"node": "l",
"frag": "x",
"id": "P334715.l047e8",
"ref": "P334715.36.3",
"inst": "u",
"f": {"lang": "akk-x-neoass",
"form": "x",
"pos": "u"}
}
,
{
"node": "l",
"frag": "x]",
"id": "P334715.l047e9",
"ref": "P334715.36.4",
"inst": "u",
"f": {"lang": "akk-x-neoass",
"form": "x",
"pos": "u"}
}
,
{
"node": "d",
"type": "line-start",
"ref": "P334715.37",
"n": "12",
"label": "r 12"}
,
{
"node": "l",
"frag": "a-da\\d-bu-ub",
"id": "P334715.l047ea",
"ref": "P334715.37.1",
"inst": "adabbub[speak]V",
"sig": "@saao/saa01%akk-x-neoass:a-da-bu-ub=dabābu[speak//speak]V'V$adabbub",
"f": {"lang": "akk-x-neoass",
"form": "a-da-bu-ub",
"cf": "dabābu",
"gw": "speak",
"sense": "speak",
"norm": "adabbub",
"pos": "V",
"epos": "V"}
}
,
{
"node": "l",
"frag": "i-⸢si⸣-[x",
"id": "P334715.l047eb",
"ref": "P334715.37.2",
"inst": "u",
"f": {"lang": "akk-x-neoass",
"form": "i-si-x",
"pos": "u"}
}
,
{
"node": "l",
"frag": "x",
"id": "P334715.l047ec",
"ref": "P334715.37.3",
"inst": "u",
"f": {"lang": "akk-x-neoass",
"form": "x",
"pos": "u"}
}
,
{
"node": "l",
"frag": "x",
"id": "P334715.l047ed",
"ref": "P334715.37.4",
"inst": "u",
"f": {"lang": "akk-x-neoass",
"form": "x",
"pos": "u"}
}
,
{
"node": "l",
"frag": "x",
"id": "P334715.l047ee",
"ref": "P334715.37.5",
"inst": "u",
"f": {"lang": "akk-x-neoass",
"form": "x",
"pos": "u"}
}
,
{
"node": "l",
"frag": "x]",
"id": "P334715.l047ef",
"ref": "P334715.37.6",
"inst": "u",
"f": {"lang": "akk-x-neoass",
"form": "x",
"pos": "u"}
}
,
{
"node": "d",
"type": "line-start",
"ref": "P334715.38",
"n": "13",
"label": "r 13"}
,
{
"node": "l",
"frag": "⸢ša\\yd⸣",
"id": "P334715.l047f0",
"ref": "P334715.38.1",
"inst": "u",
"f": {"lang": "akk-x-neoass",
"form": "ša",
"pos": "u"}
}
,
{
"node": "l",
"frag": "[x]",
"id": "P334715.l047f1",
"ref": "P334715.38.2",
"inst": "u",
"f": {"lang": "akk-x-neoass",
"form": "x",
"pos": "u"}
}
,
{
"node": "l",
"frag": "⸢li⸣",
"id": "P334715.l047f2",
"ref": "P334715.38.3",
"inst": "u",
"f": {"lang": "akk-x-neoass",
"form": "li",
"pos": "u"}
}
,
{
"node": "l",
"frag": "[x",
"id": "P334715.l047f3",
"ref": "P334715.38.4",
"inst": "u",
"f": {"lang": "akk-x-neoass",
"form": "x",
"pos": "u"}
}
,
{
"node": "l",
"frag": "x",
"id": "P334715.l047f4",
"ref": "P334715.38.5",
"inst": "u",
"f": {"lang": "akk-x-neoass",
"form": "x",
"pos": "u"}
}
,
{
"node": "l",
"frag": "x",
"id": "P334715.l047f5",
"ref": "P334715.38.6",
"inst": "u",
"f": {"lang": "akk-x-neoass",
"form": "x",
"pos": "u"}
}
,
{
"node": "l",
"frag": "x",
"id": "P334715.l047f6",
"ref": "P334715.38.7",
"inst": "u",
"f": {"lang": "akk-x-neoass",
"form": "x",
"pos": "u"}
}
,
{
"node": "l",
"frag": "x",
"id": "P334715.l047f7",
"ref": "P334715.38.8",
"inst": "u",
"f": {"lang": "akk-x-neoass",
"form": "x",
"pos": "u"}
}
,
{
"node": "l",
"frag": "x]",
"id": "P334715.l047f8",
"ref": "P334715.38.9",
"inst": "u",
"f": {"lang": "akk-x-neoass",
"form": "x",
"pos": "u"}
}
,
{
"node": "d",
"type": "nonx",
"ref": "P334715.39",
"strict": "0",
"extent": "rest",
"state": "missing"}
]}
]}
]}
,
{
"linkbase": [{
"type": "linkset",
"xlink_title": "ina libbi[in//(in exchange) for]PRP'PRP",
"id": "P334715.ls00000",
"xlink_type": "extended",
"xlink_role": "psu",
"sig": "{ina[in]PRP libbu[interior]N += ina libbi[in//(in exchange) for]PRP'PRP}::@saao%akk-x-neoass:ina=ina[in//into]PRP'PRP$ina++@saao%akk-x-neoass:ŠA₃-bi=libbu[interior//interior]N'N$libbi",
"links": [
{
"type": "link",
"xlink_title": "ina",
"xlink_type": "locator",
"xlink_href": "#P334715.l04794",
"xlink_role": "elt"}
,
{
"type": "link",
"xlink_title": "libbi",
"xlink_type": "locator",
"xlink_href": "#P334715.l04795",
"xlink_role": "elt"}
]}
,
{
"type": "linkset",
"xlink_title": "ša lā[without//without]PRP'PRP",
"id": "P334715.ls00001",
"xlink_type": "extended",
"xlink_role": "psu",
"sig": "{ša[of]DET lā[not]MOD += ša lā[without//without]PRP'PRP}::@saao%akk-x-neoass:ša=ša[of//of]DET'DET$ša++@saao%akk-x-neoass:la=lā[not//not]MOD'MOD$lā",
"links": [
{
"type": "link",
"xlink_title": "ša",
"xlink_type": "locator",
"xlink_href": "#P334715.l047a9",
"xlink_role": "elt"}
,
{
"type": "link",
"xlink_title": "lā",
"xlink_type": "locator",
"xlink_href": "#P334715.l047aa",
"xlink_role": "elt"}
]}
,
{
"type": "linkset",
"xlink_title": "ina muhhi[on//about]PRP'PRP",
"id": "P334715.ls00002",
"xlink_type": "extended",
"xlink_role": "psu",
"sig": "{ina[in]PRP muhhu[skull]N += ina muhhi[on//about]PRP'PRP}::@saao%akk-x-neoass:ina=ina[in//into]PRP'PRP$ina++@saao%akk-x-neoass:UGU-hi-ia=muhhu[skull//skull]N'N$muhhīya",
"links": [
{
"type": "link",
"xlink_title": "ina",
"xlink_type": "locator",
"xlink_href": "#P334715.l047b1",
"xlink_role": "elt"}
,
{
"type": "link",
"xlink_title": "muhhīya",
"xlink_type": "locator",
"xlink_href": "#P334715.l047b2",
"xlink_role": "elt"}
]}
]}
]}
