{
"type": "cdl",
  "source": "http://oracc.org/saao/saa01",
  "license": "This data is released under the CC0 license",
  "license-url": "https://creativecommons.org/publicdomain/zero/1.0/",
  "more-info": "http://oracc.org/doc/opendata/",
  "UTC-timestamp": "2017-05-19T11:22:13",
"project": "saao/saa01",
"textid": "P334359",
"cdl": [
{
"node": "c",
"type": "text",
"id": "P334359.U0",
"cdl": [
{
"node": "d",
"type": "object",
"ref": ""}
,
{
"node": "d",
"subtype": "obverse",
"type": "surface",
"ref": "P334359.o.1",
"type": "obverse",
"label": "o"}
,
{
"node": "c",
"type": "discourse",
"subtype": "body",
"id": "P334359.U1",
"cdl": [
{
"node": "c",
"type": "sentence",
"id": "P334359.U2",
"label": "o 1 - r 13",
"cdl": [
{
"node": "d",
"type": "line-start",
"ref": "P334359.2",
"n": "1",
"label": "o 1"}
,
{
"node": "l",
"frag": "a-na",
"id": "P334359.l03c02",
"ref": "P334359.2.1",
"inst": "ana[to]PRP",
"sig": "@saao/saa01%akk-x-neoass:a-na=ana[to//to]PRP'PRP$ana",
"f": {"lang": "akk-x-neoass",
"form": "a-na",
"cf": "ana",
"gw": "to",
"sense": "to",
"norm": "ana",
"pos": "PRP",
"epos": "PRP"}
}
,
{
"node": "l",
"frag": "LUGAL\\y",
"id": "P334359.l03c03",
"ref": "P334359.2.2",
"inst": "šarri[king]N",
"sig": "@saao/saa01%akk-x-neoass:LUGAL=šarru[king//king]N'N$šarri",
"f": {"lang": "akk-x-neoass",
"form": "LUGAL",
"cf": "šarru",
"gw": "king",
"sense": "king",
"norm": "šarri",
"pos": "N",
"epos": "N"}
}
,
{
"node": "l",
"frag": "EN-ni",
"id": "P334359.l03c04",
"ref": "P334359.2.3",
"inst": "bēlīni[lord]N",
"sig": "@saao/saa01%akk-x-neoass:EN-ni=bēlu[lord//lord]N'N$bēlīni",
"f": {"lang": "akk-x-neoass",
"form": "EN-ni",
"cf": "bēlu",
"gw": "lord",
"sense": "lord",
"norm": "bēlīni",
"pos": "N",
"epos": "N"}
}
,
{
"node": "d",
"type": "line-start",
"ref": "P334359.3",
"n": "2",
"label": "o 2"}
,
{
"node": "l",
"frag": "{lu₂vy}ARAD-MEŠ-ka",
"id": "P334359.l03c05",
"ref": "P334359.3.1",
"inst": "urdānīka[servant]N",
"sig": "@saao/saa01%akk-x-neoass:{LU₂}ARAD-MEŠ-ka=ardu[slave//servant]N'N$urdānīka",
"f": {"lang": "akk-x-neoass",
"form": "{LU₂}ARAD-MEŠ-ka",
"cf": "ardu",
"gw": "slave",
"sense": "servant",
"norm": "urdānīka",
"pos": "N",
"epos": "N"}
}
,
{
"node": "d",
"type": "line-start",
"ref": "P334359.4",
"n": "3",
"label": "o 3"}
,
{
"node": "l",
"frag": "{lu₂vy}EN-URU-MEŠ",
"id": "P334359.l03c06",
"ref": "P334359.4.1",
"cof-tails": "P334359.l03c07",
"inst": "bēlu[lord]N$bēl&ālu[city]N$ālāni",
"sig": "@saao/saa01%akk-x-neoass:{LU₂}EN-URU-MEŠ=bēlu[lord//lord]N'N$bēl&&@saao%akk-x-neoass:=ālu[city//city]N'N$ālāni",
"f": {"lang": "akk-x-neoass",
"form": "{LU₂}EN-URU-MEŠ",
"cf": "bēlu",
"gw": "lord",
"sense": "lord",
"norm": "bēl",
"pos": "N",
"epos": "N"}
}
,
{
"node": "l",
"frag": "{lu₂vy}EN-URU-MEŠ",
"id": "P334359.l03c07",
"ref": "P334359.4.1",
"cof-head": "P334359.l03c06",
"inst": "bēlu[lord]N$bēl&ālu[city]N$ālāni",
"tail-sig": "@saao%akk-x-neoass:=ālu[city//city]N'N$ālāni",
"f": {"lang": "akk-x-neoass",
"form": "{LU₂}EN-URU-MEŠ",
"cf": "ālu",
"gw": "city",
"sense": "city",
"norm": "ālāni",
"pos": "N",
"epos": "N"}
}
,
{
"node": "d",
"type": "line-start",
"ref": "P334359.5",
"n": "4",
"label": "o 4"}
,
{
"node": "l",
"frag": "ša\\dm",
"id": "P334359.l03c08",
"ref": "P334359.5.1",
"inst": "ša[who]REL",
"sig": "@saao/saa01%akk-x-neoass:ša=ša[that//who]REL'REL$ša",
"f": {"lang": "akk-x-neoass",
"form": "ša",
"cf": "ša",
"gw": "that",
"sense": "who",
"norm": "ša",
"pos": "REL",
"epos": "REL"}
}
,
{
"node": "l",
"frag": "ina",
"id": "P334359.l03c09",
"ref": "P334359.5.2",
"inst": "ina[in]PRP",
"sig": "@saao/saa01%akk-x-neoass:ina=ina[in//in]PRP'PRP$ina",
"f": {"lang": "akk-x-neoass",
"form": "ina",
"cf": "ina",
"gw": "in",
"sense": "in",
"norm": "ina",
"pos": "PRP",
"epos": "PRP"}
}
,
{
"node": "l",
"frag": "{uru}mil-qi-a",
"id": "P334359.l03c0a",
"ref": "P334359.5.3",
"inst": "Milqia[1]GN",
"sig": "@saao/saa01%akk-x-neoass:{URU}mil-qi-a=Milqia[1//1]GN'GN$Milqia",
"f": {"lang": "akk-x-neoass",
"form": "{URU}mil-qi-a",
"cf": "Milqia",
"gw": "1",
"sense": "1",
"norm": "Milqia",
"pos": "GN",
"epos": "GN"}
}
,
{
"node": "d",
"type": "line-start",
"ref": "P334359.6",
"n": "5",
"label": "o 5"}
,
{
"node": "l",
"frag": "dul-li",
"id": "P334359.l03c0b",
"ref": "P334359.6.1",
"inst": "dulli[work]N",
"sig": "@saao/saa01%akk-x-neoass:dul-li=dullu[trouble//work]N'N$dulli",
"f": {"lang": "akk-x-neoass",
"form": "dul-li",
"cf": "dullu",
"gw": "trouble",
"sense": "work",
"norm": "dulli",
"pos": "N",
"epos": "N"}
}
,
{
"node": "l",
"frag": "LUGAL",
"id": "P334359.l03c0c",
"ref": "P334359.6.2",
"inst": "šarri[king]N",
"sig": "@saao/saa01%akk-x-neoass:LUGAL=šarru[king//king]N'N$šarri",
"f": {"lang": "akk-x-neoass",
"form": "LUGAL",
"cf": "šarru",
"gw": "king",
"sense": "king",
"norm": "šarri",
"pos": "N",
"epos": "N"}
}
,
{
"node": "l",
"frag": "e-pa-šu₂-u-ni",
"id": "P334359.l03c0d",
"ref": "P334359.6.3",
"inst": "eppašūni[do]V",
"sig": "@saao/saa01%akk-x-neoass:e-pa-šu₂-u-ni=epēšu[do//do]V'V$eppašūni",
"f": {"lang": "akk-x-neoass",
"form": "e-pa-šu₂-u-ni",
"cf": "epēšu",
"gw": "do",
"sense": "do",
"norm": "eppašūni",
"pos": "V",
"epos": "V"}
}
,
{
"node": "d",
"type": "line-start",
"ref": "P334359.7",
"n": "6",
"label": "o 6"}
,
{
"node": "l",
"frag": "ša\\m",
"id": "P334359.l03c0e",
"ref": "P334359.7.1",
"inst": "ša[what]REL",
"sig": "@saao/saa01%akk-x-neoass:ša=ša[that//what]REL'REL$ša",
"f": {"lang": "akk-x-neoass",
"form": "ša",
"cf": "ša",
"gw": "that",
"sense": "what",
"norm": "ša",
"pos": "REL",
"epos": "REL"}
}
,
{
"node": "l",
"frag": "LUGAL",
"id": "P334359.l03c0f",
"ref": "P334359.7.2",
"inst": "šarru[king]N",
"sig": "@saao/saa01%akk-x-neoass:LUGAL=šarru[king//king]N'N$šarru",
"f": {"lang": "akk-x-neoass",
"form": "LUGAL",
"cf": "šarru",
"gw": "king",
"sense": "king",
"norm": "šarru",
"pos": "N",
"epos": "N"}
}
,
{
"node": "l",
"frag": "EN-ni",
"id": "P334359.l03c10",
"ref": "P334359.7.3",
"inst": "bēlīni[lord]N",
"sig": "@saao/saa01%akk-x-neoass:EN-ni=bēlu[lord//lord]N'N$bēlīni",
"f": {"lang": "akk-x-neoass",
"form": "EN-ni",
"cf": "bēlu",
"gw": "lord",
"sense": "lord",
"norm": "bēlīni",
"pos": "N",
"epos": "N"}
}
,
{
"node": "d",
"type": "line-start",
"ref": "P334359.8",
"n": "7",
"label": "o 7"}
,
{
"node": "l",
"frag": "iš-pu\\td-ra-na-ši-ni",
"id": "P334359.l03c11",
"ref": "P334359.8.1",
"inst": "šapāru[send//write]V$išpurannāšīni",
"sig": "@saao/saa01%akk-x-neoass:iš-pu-ra-na-ši-ni=šapāru[send//write]V'V$išpurannāšīni",
"f": {"lang": "akk-x-neoass",
"form": "iš-pu-ra-na-ši-ni",
"cf": "šapāru",
"gw": "send",
"sense": "write",
"norm": "išpurannāšīni",
"pos": "V",
"epos": "V"}
}
,
{
"node": "d",
"type": "line-start",
"ref": "P334359.9",
"n": "8",
"label": "o 8"}
,
{
"node": "l",
"frag": "ma-a",
"id": "P334359.l03c12",
"ref": "P334359.9.1",
"inst": "mā[saying]PRP",
"sig": "@saao/saa01%akk-x-neoass:ma-a=mā[saying//saying]PRP'PRP$mā",
"f": {"lang": "akk-x-neoass",
"form": "ma-a",
"cf": "mā",
"gw": "saying",
"sense": "saying",
"norm": "mā",
"pos": "PRP",
"epos": "PRP"}
}
,
{
"node": "l",
"frag": "a-di",
"id": "P334359.l03c13",
"ref": "P334359.9.2",
"inst": "adi[until//as long as]PRP'SBJ$",
"sig": "@saao/saa01%akk-x-neoass:a-di=adi[until//as long as]PRP'SBJ$adi",
"f": {"lang": "akk-x-neoass",
"form": "a-di",
"cf": "adi",
"gw": "until",
"sense": "as long as",
"norm": "adi",
"pos": "PRP",
"epos": "SBJ"}
}
,
{
"node": "l",
"frag": "har-da\\d-ni",
"id": "P334359.l03c14",
"ref": "P334359.9.3",
"inst": "hardu[watchful//supervised]AJ$hardāni",
"sig": "@saao/saa01%akk-x-neoass:har-da-ni=hardu[watchful//supervised]AJ'AJ$hardāni",
"f": {"lang": "akk-x-neoass",
"form": "har-da-ni",
"cf": "hardu",
"gw": "watchful",
"sense": "supervised",
"norm": "hardāni",
"pos": "AJ",
"epos": "AJ"}
}
,
{
"node": "d",
"type": "line-start",
"ref": "P334359.10",
"n": "9",
"label": "o 9"}
,
{
"node": "l",
"frag": "ma-a",
"id": "P334359.l03c15",
"ref": "P334359.10.1",
"inst": "mā[saying]PRP",
"sig": "@saao/saa01%akk-x-neoass:ma-a=mā[saying//saying]PRP'PRP$mā",
"f": {"lang": "akk-x-neoass",
"form": "ma-a",
"cf": "mā",
"gw": "saying",
"sense": "saying",
"norm": "mā",
"pos": "PRP",
"epos": "PRP"}
}
,
{
"node": "l",
"frag": "ep-ša\\dm",
"id": "P334359.l03c16",
"ref": "P334359.10.2",
"inst": "epša[do]V",
"sig": "@saao/saa01%akk-x-neoass:ep-ša=epēšu[do//do]V'V$epša",
"f": {"lang": "akk-x-neoass",
"form": "ep-ša",
"cf": "epēšu",
"gw": "do",
"sense": "do",
"norm": "epša",
"pos": "V",
"epos": "V"}
}
,
{
"node": "l",
"frag": "ga-me-ra",
"id": "P334359.l03c17",
"ref": "P334359.10.3",
"inst": "gamāru[complete//finish]V$gammera",
"sig": "@saao/saa01%akk-x-neoass:ga-me-ra=gamāru[complete//finish]V'V$gammera",
"f": {"lang": "akk-x-neoass",
"form": "ga-me-ra",
"cf": "gamāru",
"gw": "complete",
"sense": "finish",
"norm": "gammera",
"pos": "V",
"epos": "V"}
}
,
{
"node": "d",
"type": "line-start",
"ref": "P334359.11",
"n": "10",
"label": "o 10"}
,
{
"node": "l",
"frag": "ša\\dm",
"id": "P334359.l03c18",
"ref": "P334359.11.1",
"inst": "ša[what]REL",
"sig": "@saao/saa01%akk-x-neoass:ša=ša[that//what]REL'REL$ša",
"f": {"lang": "akk-x-neoass",
"form": "ša",
"cf": "ša",
"gw": "that",
"sense": "what",
"norm": "ša",
"pos": "REL",
"epos": "REL"}
}
,
{
"node": "l",
"frag": "LUGAL",
"id": "P334359.l03c19",
"ref": "P334359.11.2",
"inst": "šarru[king]N",
"sig": "@saao/saa01%akk-x-neoass:LUGAL=šarru[king//king]N'N$šarru",
"f": {"lang": "akk-x-neoass",
"form": "LUGAL",
"cf": "šarru",
"gw": "king",
"sense": "king",
"norm": "šarru",
"pos": "N",
"epos": "N"}
}
,
{
"node": "l",
"frag": "EN-ni",
"id": "P334359.l03c1a",
"ref": "P334359.11.3",
"inst": "bēlīni[lord]N",
"sig": "@saao/saa01%akk-x-neoass:EN-ni=bēlu[lord//lord]N'N$bēlīni",
"f": {"lang": "akk-x-neoass",
"form": "EN-ni",
"cf": "bēlu",
"gw": "lord",
"sense": "lord",
"norm": "bēlīni",
"pos": "N",
"epos": "N"}
}
,
{
"node": "d",
"type": "line-start",
"ref": "P334359.12",
"n": "11",
"label": "o 11"}
,
{
"node": "l",
"frag": "iš-pu\\t-ra-na-ši-ni",
"id": "P334359.l03c1b",
"ref": "P334359.12.1",
"inst": "išpurannāšīni[write]V",
"sig": "@saao/saa01%akk-x-neoass:iš-pu-ra-na-ši-ni=šapāru[send//write]V'V$išpurannāšīni",
"f": {"lang": "akk-x-neoass",
"form": "iš-pu-ra-na-ši-ni",
"cf": "šapāru",
"gw": "send",
"sense": "write",
"norm": "išpurannāšīni",
"pos": "V",
"epos": "V"}
}
,
{
"node": "d",
"type": "line-start",
"ref": "P334359.13",
"n": "12",
"label": "o 12"}
,
{
"node": "l",
"frag": "ne₂-pa-aš₂",
"id": "P334359.l03c1c",
"ref": "P334359.13.1",
"inst": "neppaš[do]V",
"sig": "@saao/saa01%akk-x-neoass:ne₂-pa-aš₂=epēšu[do//do]V'V$neppaš",
"f": {"lang": "akk-x-neoass",
"form": "ne₂-pa-aš₂",
"cf": "epēšu",
"gw": "do",
"sense": "do",
"norm": "neppaš",
"pos": "V",
"epos": "V"}
}
,
{
"node": "l",
"frag": "a-na",
"id": "P334359.l03c1d",
"ref": "P334359.13.2",
"inst": "ana[to]PRP",
"sig": "@saao/saa01%akk-x-neoass:a-na=ana[to//to]PRP'PRP$ana",
"f": {"lang": "akk-x-neoass",
"form": "a-na",
"cf": "ana",
"gw": "to",
"sense": "to",
"norm": "ana",
"pos": "PRP",
"epos": "PRP"}
}
,
{
"node": "l",
"frag": "LUGAL",
"id": "P334359.l03c1e",
"ref": "P334359.13.3",
"inst": "šarri[king]N",
"sig": "@saao/saa01%akk-x-neoass:LUGAL=šarru[king//king]N'N$šarri",
"f": {"lang": "akk-x-neoass",
"form": "LUGAL",
"cf": "šarru",
"gw": "king",
"sense": "king",
"norm": "šarri",
"pos": "N",
"epos": "N"}
}
,
{
"node": "d",
"type": "line-start",
"ref": "P334359.14",
"n": "13",
"label": "o 13"}
,
{
"node": "l",
"frag": "EN-ni",
"id": "P334359.l03c1f",
"ref": "P334359.14.1",
"inst": "bēlīni[lord]N",
"sig": "@saao/saa01%akk-x-neoass:EN-ni=bēlu[lord//lord]N'N$bēlīni",
"f": {"lang": "akk-x-neoass",
"form": "EN-ni",
"cf": "bēlu",
"gw": "lord",
"sense": "lord",
"norm": "bēlīni",
"pos": "N",
"epos": "N"}
}
,
{
"node": "d",
"frag": ":\"",
"type": "nonw",
"ref": "P334359.14.2",
"lang": "akk-x-neoass",
"type": "punct",
"gdl_delim": " "}
,
{
"node": "l",
"frag": "ni-da\\d-na",
"id": "P334359.l03c20",
"ref": "P334359.14.3",
"inst": "tadānu[give]V$niddāna",
"sig": "@saao/saa01%akk-x-neoass:ni-da-na=tadānu[give//give]V'V$niddāna",
"f": {"lang": "akk-x-neoass",
"form": "ni-da-na",
"cf": "tadānu",
"gw": "give",
"sense": "give",
"norm": "niddāna",
"pos": "V",
"epos": "V"}
}
,
{
"node": "d",
"type": "line-start",
"ref": "P334359.15",
"n": "14",
"label": "o 14"}
,
{
"node": "l",
"frag": "dul-lu",
"id": "P334359.l03c21",
"ref": "P334359.15.1",
"inst": "dullu[work]N",
"sig": "@saao/saa01%akk-x-neoass:dul-lu=dullu[trouble//work]N'N$dullu",
"f": {"lang": "akk-x-neoass",
"form": "dul-lu",
"cf": "dullu",
"gw": "trouble",
"sense": "work",
"norm": "dullu",
"pos": "N",
"epos": "N"}
}
,
{
"node": "c",
"type": "phrase",
"tag": "phr",
"id": "P334359.U4",
"ref": "P334359.ls00000",
"cdl": [
{
"node": "l",
"frag": "ina",
"id": "P334359.l03c22",
"ref": "P334359.15.2",
"inst": "ina[in+=on]PRP",
"sig": "@saao/saa01%akk-x-neoass:ina=ina[in//in]PRP'PRP$ina",
"f": {"lang": "akk-x-neoass",
"form": "ina",
"cf": "ina",
"gw": "in",
"sense": "in",
"norm": "ina",
"pos": "PRP",
"epos": "PRP"}
}
,
{
"node": "l",
"frag": "UGU-ni",
"id": "P334359.l03c23",
"ref": "P334359.15.3",
"inst": "muhhīni[skull]N",
"sig": "@saao/saa01%akk-x-neoass:UGU-ni=muhhu[skull//skull]N'N$muhhīni",
"f": {"lang": "akk-x-neoass",
"form": "UGU-ni",
"cf": "muhhu",
"gw": "skull",
"sense": "skull",
"norm": "muhhīni",
"pos": "N",
"epos": "N"}
}
]}
,
{
"node": "d",
"type": "line-start",
"ref": "P334359.16",
"n": "15",
"label": "o 15"}
,
{
"node": "l",
"frag": "da-a-na",
"id": "P334359.l03c24",
"ref": "P334359.16.1",
"inst": "dāna[strong]AJ",
"sig": "@saao/saa01%akk-x-neoass:da-a-na=dannu[strong//strong]AJ'AJ$dāna",
"f": {"lang": "akk-x-neoass",
"form": "da-a-na",
"cf": "dannu",
"gw": "strong",
"sense": "strong",
"norm": "dāna",
"pos": "AJ",
"epos": "AJ"}
}
,
{
"node": "d",
"frag": ":\"",
"type": "nonw",
"ref": "P334359.16.2",
"lang": "akk-x-neoass",
"type": "punct",
"gdl_delim": " "}
,
{
"node": "l",
"frag": "a-dan-niš",
"id": "P334359.l03c25",
"ref": "P334359.16.3",
"inst": "adanniš[very much]AV",
"sig": "@saao/saa01%akk-x-neoass:a-dan-niš=adanniš[very much//very much]AV'AV$adanniš",
"f": {"lang": "akk-x-neoass",
"form": "a-dan-niš",
"cf": "adanniš",
"gw": "very much",
"sense": "very much",
"norm": "adanniš",
"pos": "AV",
"epos": "AV"}
}
,
{
"node": "d",
"subtype": "reverse",
"type": "surface",
"ref": "P334359.r.17",
"type": "reverse",
"label": "r"}
,
{
"node": "d",
"type": "line-start",
"ref": "P334359.18",
"n": "1",
"label": "r 1"}
,
{
"node": "c",
"type": "phrase",
"tag": "phr",
"id": "P334359.U5",
"ref": "P334359.ls00001",
"cdl": [
{
"node": "l",
"frag": "TA",
"id": "P334359.l03c26",
"ref": "P334359.18.1",
"inst": "issu[from+=from]PRP",
"sig": "@saao/saa01%akk-x-neoass:TA=ištu[from//from]PRP'PRP$issu",
"f": {"lang": "akk-x-neoass",
"form": "TA",
"cf": "ištu",
"gw": "from",
"sense": "from",
"norm": "issu",
"pos": "PRP",
"epos": "PRP"}
}
,
{
"node": "l",
"frag": "IGI",
"id": "P334359.l03c27",
"ref": "P334359.18.2",
"inst": "pān[front]N",
"sig": "@saao/saa01%akk-x-neoass:IGI=pānu[front//front]N'N$pān",
"f": {"lang": "akk-x-neoass",
"form": "IGI",
"cf": "pānu",
"gw": "front",
"sense": "front",
"norm": "pān",
"pos": "N",
"epos": "N"}
}
]}
,
{
"node": "l",
"frag": "{lu₂vy}kal-la-pa-ni",
"id": "P334359.l03c28",
"ref": "P334359.18.3",
"inst": "kallāpu[outrider]N$kallāpāni",
"sig": "@saao/saa01%akk-x-neoass:{LU₂}kal-la-pa-ni=kallāpu[outrider//outrider]N'N$kallāpāni",
"f": {"lang": "akk-x-neoass",
"form": "{LU₂}kal-la-pa-ni",
"cf": "kallāpu",
"gw": "outrider",
"sense": "outrider",
"norm": "kallāpāni",
"pos": "N",
"epos": "N"}
}
,
{
"node": "d",
"type": "line-start",
"ref": "P334359.19",
"n": "2",
"label": "r 2"}
,
{
"node": "c",
"type": "phrase",
"tag": "phr",
"id": "P334359.U6",
"ref": "P334359.ls00002",
"cdl": [
{
"node": "l",
"frag": "TA",
"id": "P334359.l03c29",
"ref": "P334359.19.1",
"inst": "issu[from+=from]PRP",
"sig": "@saao/saa01%akk-x-neoass:TA=ištu[from//from]PRP'PRP$issu",
"f": {"lang": "akk-x-neoass",
"form": "TA",
"cf": "ištu",
"gw": "from",
"sense": "from",
"norm": "issu",
"pos": "PRP",
"epos": "PRP"}
}
,
{
"node": "l",
"frag": "IGI",
"id": "P334359.l03c2a",
"ref": "P334359.19.2",
"inst": "pān[front]N",
"sig": "@saao/saa01%akk-x-neoass:IGI=pānu[front//front]N'N$pān",
"f": {"lang": "akk-x-neoass",
"form": "IGI",
"cf": "pānu",
"gw": "front",
"sense": "front",
"norm": "pān",
"pos": "N",
"epos": "N"}
}
]}
,
{
"node": "c",
"type": "phrase",
"tag": "phr",
"id": "P334359.U7",
"ref": "P334359.ls00003",
"cdl": [
{
"node": "l",
"frag": "{lu₂vy}UŠ-kib-si-a-ni",
"id": "P334359.l03c2b",
"ref": "P334359.19.3",
"cof-tails": "P334359.l03c2c",
"inst": "rādiu[(caravan) guide]N$rādi&kibsu[track]N$kibsiāni",
"sig": "@saao/saa01%akk-x-neoass:{LU₂}UŠ-kib-si-a-ni=rādiu[(caravan) guide//(caravan) guide]N'N$rādi&&@saao%akk-x-neoass:=kibsu[track//track]N'N$kibsiāni",
"f": {"lang": "akk-x-neoass",
"form": "{LU₂}UŠ-kib-si-a-ni",
"cf": "rādiu",
"gw": "(caravan) guide",
"sense": "(caravan) guide",
"norm": "rādi",
"pos": "N",
"epos": "N"}
}
,
{
"node": "l",
"frag": "{lu₂vy}UŠ-kib-si-a-ni",
"id": "P334359.l03c2c",
"ref": "P334359.19.3",
"cof-head": "P334359.l03c2b",
"inst": "rādiu[(caravan) guide]N$rādi&kibsu[track]N$kibsiāni",
"tail-sig": "@saao%akk-x-neoass:=kibsu[track//track]N'N$kibsiāni",
"f": {"lang": "akk-x-neoass",
"form": "{LU₂}UŠ-kib-si-a-ni",
"cf": "kibsu",
"gw": "track",
"sense": "track",
"norm": "kibsiāni",
"pos": "N",
"epos": "N"}
}
]}
,
{
"node": "d",
"type": "line-start",
"ref": "P334359.20",
"n": "3",
"label": "r 3"}
,
{
"node": "l",
"frag": "⸢la⸣-a",
"id": "P334359.l03c2d",
"ref": "P334359.20.1",
"inst": "lā[not]MOD",
"sig": "@saao/saa01%akk-x-neoass:la-a=lā[not//not]MOD'MOD$lā",
"f": {"lang": "akk-x-neoass",
"form": "la-a",
"cf": "lā",
"gw": "not",
"sense": "not",
"norm": "lā",
"pos": "MOD",
"epos": "MOD"}
}
,
{
"node": "l",
"frag": "u₂-ra-mu-na-ši",
"id": "P334359.l03c2e",
"ref": "P334359.20.2",
"inst": "ramû[slacken//release]V$urammûnāši",
"sig": "@saao/saa01%akk-x-neoass:u₂-ra-mu-na-ši=ramû[slacken//release]V'V$urammûnāši",
"f": {"lang": "akk-x-neoass",
"form": "u₂-ra-mu-na-ši",
"cf": "ramû",
"gw": "slacken",
"sense": "release",
"norm": "urammûnāši",
"pos": "V",
"epos": "V"}
}
,
{
"node": "d",
"type": "line-start",
"ref": "P334359.21",
"n": "4",
"label": "r 4"}
,
{
"node": "l",
"frag": "dul-li",
"id": "P334359.l03c2f",
"ref": "P334359.21.1",
"inst": "dulli[work]N",
"sig": "@saao/saa01%akk-x-neoass:dul-li=dullu[trouble//work]N'N$dulli",
"f": {"lang": "akk-x-neoass",
"form": "dul-li",
"cf": "dullu",
"gw": "trouble",
"sense": "work",
"norm": "dulli",
"pos": "N",
"epos": "N"}
}
,
{
"node": "l",
"frag": "LUGAL",
"id": "P334359.l03c30",
"ref": "P334359.21.2",
"inst": "šarri[king]N",
"sig": "@saao/saa01%akk-x-neoass:LUGAL=šarru[king//king]N'N$šarri",
"f": {"lang": "akk-x-neoass",
"form": "LUGAL",
"cf": "šarru",
"gw": "king",
"sense": "king",
"norm": "šarri",
"pos": "N",
"epos": "N"}
}
,
{
"node": "d",
"type": "line-start",
"ref": "P334359.22",
"n": "5",
"label": "r 5"}
,
{
"node": "l",
"frag": "la-a",
"id": "P334359.l03c31",
"ref": "P334359.22.1",
"inst": "lā[not]MOD",
"sig": "@saao/saa01%akk-x-neoass:la-a=lā[not//not]MOD'MOD$lā",
"f": {"lang": "akk-x-neoass",
"form": "la-a",
"cf": "lā",
"gw": "not",
"sense": "not",
"norm": "lā",
"pos": "MOD",
"epos": "MOD"}
}
,
{
"node": "l",
"frag": "ne₂-pa-aš₂",
"id": "P334359.l03c32",
"ref": "P334359.22.2",
"inst": "neppaš[do]V",
"sig": "@saao/saa01%akk-x-neoass:ne₂-pa-aš₂=epēšu[do//do]V'V$neppaš",
"f": {"lang": "akk-x-neoass",
"form": "ne₂-pa-aš₂",
"cf": "epēšu",
"gw": "do",
"sense": "do",
"norm": "neppaš",
"pos": "V",
"epos": "V"}
}
,
{
"node": "d",
"type": "line-start",
"ref": "P334359.23",
"n": "6",
"label": "r 6"}
,
{
"node": "l",
"frag": "u₂-ma-a",
"id": "P334359.l03c33",
"ref": "P334359.23.1",
"inst": "ūmâ[now]AV",
"sig": "@saao/saa01%akk-x-neoass:u₂-ma-a=ūma[today//now]AV'AV$ūmâ",
"f": {"lang": "akk-x-neoass",
"form": "u₂-ma-a",
"cf": "ūma",
"gw": "today",
"sense": "now",
"norm": "ūmâ",
"pos": "AV",
"epos": "AV"}
}
,
{
"node": "l",
"frag": "LUGAL",
"id": "P334359.l03c34",
"ref": "P334359.23.2",
"inst": "šarru[king]N",
"sig": "@saao/saa01%akk-x-neoass:LUGAL=šarru[king//king]N'N$šarru",
"f": {"lang": "akk-x-neoass",
"form": "LUGAL",
"cf": "šarru",
"gw": "king",
"sense": "king",
"norm": "šarru",
"pos": "N",
"epos": "N"}
}
,
{
"node": "l",
"frag": "EN-ni",
"id": "P334359.l03c35",
"ref": "P334359.23.3",
"inst": "bēlīni[lord]N",
"sig": "@saao/saa01%akk-x-neoass:EN-ni=bēlu[lord//lord]N'N$bēlīni",
"f": {"lang": "akk-x-neoass",
"form": "EN-ni",
"cf": "bēlu",
"gw": "lord",
"sense": "lord",
"norm": "bēlīni",
"pos": "N",
"epos": "N"}
}
,
{
"node": "d",
"type": "line-start",
"ref": "P334359.24",
"n": "7",
"label": "r 7"}
,
{
"node": "l",
"frag": "ni-tah\\m-ra",
"id": "P334359.l03c36",
"ref": "P334359.24.1",
"inst": "mahāru[face//appeal]V$nittahra",
"sig": "@saao/saa01%akk-x-neoass:ni-tah-ra=mahāru[face//appeal]V'V$nittahra",
"f": {"lang": "akk-x-neoass",
"form": "ni-tah-ra",
"cf": "mahāru",
"gw": "face",
"sense": "appeal",
"norm": "nittahra",
"pos": "V",
"epos": "V"}
}
,
{
"node": "l",
"frag": "lu-ra-mu-na-ši",
"id": "P334359.l03c37",
"ref": "P334359.24.2",
"inst": "ramû[slacken//release]V$lurammûnāši",
"sig": "@saao/saa01%akk-x-neoass:lu-ra-mu-na-ši=ramû[slacken//release]V'V$lurammûnāši",
"f": {"lang": "akk-x-neoass",
"form": "lu-ra-mu-na-ši",
"cf": "ramû",
"gw": "slacken",
"sense": "release",
"norm": "lurammûnāši",
"pos": "V",
"epos": "V"}
}
,
{
"node": "d",
"type": "line-start",
"ref": "P334359.25",
"n": "8",
"label": "r 8"}
,
{
"node": "l",
"frag": "⸢dul⸣-li",
"id": "P334359.l03c38",
"ref": "P334359.25.1",
"inst": "dulli[work]N",
"sig": "@saao/saa01%akk-x-neoass:dul-li=dullu[trouble//work]N'N$dulli",
"f": {"lang": "akk-x-neoass",
"form": "dul-li",
"cf": "dullu",
"gw": "trouble",
"sense": "work",
"norm": "dulli",
"pos": "N",
"epos": "N"}
}
,
{
"node": "l",
"frag": "LUGAL",
"id": "P334359.l03c39",
"ref": "P334359.25.2",
"inst": "šarri[king]N",
"sig": "@saao/saa01%akk-x-neoass:LUGAL=šarru[king//king]N'N$šarri",
"f": {"lang": "akk-x-neoass",
"form": "LUGAL",
"cf": "šarru",
"gw": "king",
"sense": "king",
"norm": "šarri",
"pos": "N",
"epos": "N"}
}
,
{
"node": "d",
"type": "line-start",
"ref": "P334359.26",
"n": "9",
"label": "r 9"}
,
{
"node": "l",
"frag": "⸢ne₂⸣-pu\\t-uš",
"id": "P334359.l03c3a",
"ref": "P334359.26.1",
"inst": "nēpuš[do]V",
"sig": "@saao/saa01%akk-x-neoass:ne₂-pu-uš=epēšu[do//do]V'V$nēpuš",
"f": {"lang": "akk-x-neoass",
"form": "ne₂-pu-uš",
"cf": "epēšu",
"gw": "do",
"sense": "do",
"norm": "nēpuš",
"pos": "V",
"epos": "V"}
}
,
{
"node": "d",
"type": "line-start",
"ref": "P334359.27",
"n": "10",
"label": "r 10"}
,
{
"node": "l",
"frag": "ki-ma",
"id": "P334359.l03c3b",
"ref": "P334359.27.1",
"inst": "kīma[as soon as]'MOD",
"sig": "@saao/saa01%akk-x-neoass:ki-ma=kīma[like//as soon as]PRP'MOD$kīma",
"f": {"lang": "akk-x-neoass",
"form": "ki-ma",
"cf": "kīma",
"gw": "like",
"sense": "as soon as",
"norm": "kīma",
"pos": "PRP",
"epos": "MOD"}
}
,
{
"node": "l",
"frag": "ina",
"id": "P334359.l03c3c",
"ref": "P334359.27.2",
"inst": "ina[in]PRP",
"sig": "@saao/saa01%akk-x-neoass:ina=ina[in//in]PRP'PRP$ina",
"f": {"lang": "akk-x-neoass",
"form": "ina",
"cf": "ina",
"gw": "in",
"sense": "in",
"norm": "ina",
"pos": "PRP",
"epos": "PRP"}
}
,
{
"node": "l",
"frag": "ma-ti\\t-ni",
"id": "P334359.l03c3d",
"ref": "P334359.27.3",
"inst": "mātu[land]N$mātīni",
"sig": "@saao/saa01%akk-x-neoass:ma-ti-ni=mātu[land//land]N'N$mātīni",
"f": {"lang": "akk-x-neoass",
"form": "ma-ti-ni",
"cf": "mātu",
"gw": "land",
"sense": "land",
"norm": "mātīni",
"pos": "N",
"epos": "N"}
}
,
{
"node": "d",
"type": "line-start",
"ref": "P334359.28",
"n": "11",
"label": "r 11"}
,
{
"node": "l",
"frag": "ni-tal-ak",
"id": "P334359.l03c3e",
"ref": "P334359.28.1",
"inst": "alāku[go]V$nittalak",
"sig": "@saao/saa01%akk-x-neoass:ni-tal-ak=alāku[go//go]V'V$nittalak",
"f": {"lang": "akk-x-neoass",
"form": "ni-tal-ak",
"cf": "alāku",
"gw": "go",
"sense": "go",
"norm": "nittalak",
"pos": "V",
"epos": "V"}
}
,
{
"node": "d",
"type": "line-start",
"ref": "P334359.29",
"n": "12",
"label": "r 12"}
,
{
"node": "l",
"frag": "ha-bu\\t-li-ni",
"id": "P334359.l03c3f",
"ref": "P334359.29.1",
"inst": "hubullu[debt]N$habullīni",
"sig": "@saao/saa01%akk-x-neoass:ha-bu-li-ni=hubullu[debt//debt]N'N$habullīni",
"f": {"lang": "akk-x-neoass",
"form": "ha-bu-li-ni",
"cf": "hubullu",
"gw": "debt",
"sense": "debt",
"norm": "habullīni",
"pos": "N",
"epos": "N"}
}
,
{
"node": "d",
"type": "line-start",
"ref": "P334359.30",
"n": "13",
"label": "r 13"}
,
{
"node": "l",
"frag": "nu-šal-li-me",
"id": "P334359.l03c40",
"ref": "P334359.30.1",
"inst": "šalāmu[be(come) healthy//compensate]V$nušallīme",
"sig": "@saao/saa01%akk-x-neoass:nu-šal-li-me=šalāmu[be(come) healthy//compensate]V'V$nušallīme",
"f": {"lang": "akk-x-neoass",
"form": "nu-šal-li-me",
"cf": "šalāmu",
"gw": "be(come) healthy",
"sense": "compensate",
"norm": "nušallīme",
"pos": "V",
"epos": "V"}
}
]}
]}
]}
,
{
"linkbase": [{
"type": "linkset",
"xlink_title": "ina muhhi[on//about]PRP'PRP",
"id": "P334359.ls00000",
"xlink_type": "extended",
"xlink_role": "psu",
"sig": "{ina[in]PRP muhhu[skull]N += ina muhhi[on//about]PRP'PRP}::@saao%akk-x-neoass:ina=ina[in//into]PRP'PRP$ina++@saao%akk-x-neoass:UGU-ni=muhhu[skull//skull]N'N$muhhīni",
"links": [
{
"type": "link",
"xlink_title": "ina",
"xlink_type": "locator",
"xlink_href": "#P334359.l03c22",
"xlink_role": "elt"}
,
{
"type": "link",
"xlink_title": "muhhīni",
"xlink_type": "locator",
"xlink_href": "#P334359.l03c23",
"xlink_role": "elt"}
]}
,
{
"type": "linkset",
"xlink_title": "ištu pān[from//because of]PRP'PRP",
"id": "P334359.ls00001",
"xlink_type": "extended",
"xlink_role": "psu",
"sig": "{ištu[from]PRP pānu[front]N += ištu pān[from//because of]PRP'PRP}::@saao%akk-x-neoass:TA=ištu[from//from]PRP'PRP$issu++@saao%akk-x-neoass:IGI=pānu[front//front]N'N$pān",
"links": [
{
"type": "link",
"xlink_title": "issu",
"xlink_type": "locator",
"xlink_href": "#P334359.l03c26",
"xlink_role": "elt"}
,
{
"type": "link",
"xlink_title": "pān",
"xlink_type": "locator",
"xlink_href": "#P334359.l03c27",
"xlink_role": "elt"}
]}
,
{
"type": "linkset",
"xlink_title": "ištu pān[from//because of]PRP'PRP",
"id": "P334359.ls00002",
"xlink_type": "extended",
"xlink_role": "psu",
"sig": "{ištu[from]PRP pānu[front]N += ištu pān[from//because of]PRP'PRP}::@saao%akk-x-neoass:TA=ištu[from//from]PRP'PRP$issu++@saao%akk-x-neoass:IGI=pānu[front//front]N'N$pān",
"links": [
{
"type": "link",
"xlink_title": "issu",
"xlink_type": "locator",
"xlink_href": "#P334359.l03c29",
"xlink_role": "elt"}
,
{
"type": "link",
"xlink_title": "pān",
"xlink_type": "locator",
"xlink_href": "#P334359.l03c2a",
"xlink_role": "elt"}
]}
,
{
"type": "linkset",
"xlink_title": "rādi kibsi[tracker//tracker]N'N",
"id": "P334359.ls00003",
"xlink_type": "extended",
"xlink_role": "psu",
"sig": "{rādiu[(caravan) guide]N kibsu[track]N += rādi kibsi[tracker//tracker]N'N}::@saao%akk-x-neoass:{LU₂}UŠ-kib-si-a-ni=rādiu[(caravan) guide//(caravan) guide]N'N$rādi++@saao%akk-x-neoass:{LU₂}UŠ-kib-si-a-ni=kibsu[track//track]N'N$kibsiāni",
"links": [
{
"type": "link",
"xlink_title": "rādiu",
"xlink_type": "locator",
"xlink_href": "#P334359.l03c2b",
"xlink_role": "elt"}
,
{
"type": "link",
"xlink_title": "kibsu",
"xlink_type": "locator",
"xlink_href": "#P334359.l03c2c",
"xlink_role": "elt"}
]}
]}
]}
