{
"type": "cdl",
  "source": "http://oracc.org/saao/saa01",
  "license": "This data is released under the CC0 license",
  "license-url": "https://creativecommons.org/publicdomain/zero/1.0/",
  "more-info": "http://oracc.org/doc/opendata/",
  "UTC-timestamp": "2017-05-19T11:22:04",
"project": "saao/saa01",
"textid": "P334049",
"cdl": [
{
"node": "c",
"type": "text",
"id": "P334049.U0",
"cdl": [
{
"node": "d",
"type": "object",
"ref": ""}
,
{
"node": "d",
"subtype": "obverse",
"type": "surface",
"ref": "P334049.o.1",
"type": "obverse",
"label": "o"}
,
{
"node": "c",
"type": "discourse",
"subtype": "body",
"id": "P334049.U1",
"cdl": [
{
"node": "c",
"type": "sentence",
"id": "P334049.U2",
"label": "o 1 - r 16",
"cdl": [
{
"node": "d",
"type": "line-start",
"ref": "P334049.2",
"n": "1",
"label": "o 1"}
,
{
"node": "l",
"frag": "a-na",
"id": "P334049.l01948",
"ref": "P334049.2.1",
"inst": "ana[to]PRP",
"sig": "@saao/saa01%akk-x-neoass:a-na=ana[to//to]PRP'PRP$ana",
"f": {"lang": "akk-x-neoass",
"form": "a-na",
"cf": "ana",
"gw": "to",
"sense": "to",
"norm": "ana",
"pos": "PRP",
"epos": "PRP"}
}
,
{
"node": "l",
"frag": "LUGAL",
"id": "P334049.l01949",
"ref": "P334049.2.2",
"inst": "šarri[king]N",
"sig": "@saao/saa01%akk-x-neoass:LUGAL=šarru[king//king]N'N$šarri",
"f": {"lang": "akk-x-neoass",
"form": "LUGAL",
"cf": "šarru",
"gw": "king",
"sense": "king",
"norm": "šarri",
"pos": "N",
"epos": "N"}
}
,
{
"node": "l",
"frag": "EN-ia",
"id": "P334049.l0194a",
"ref": "P334049.2.3",
"inst": "bēlīya[lord]N",
"sig": "@saao/saa01%akk-x-neoass:EN-ia=bēlu[lord//lord]N'N$bēlīya",
"f": {"lang": "akk-x-neoass",
"form": "EN-ia",
"cf": "bēlu",
"gw": "lord",
"sense": "lord",
"norm": "bēlīya",
"pos": "N",
"epos": "N"}
}
,
{
"node": "d",
"type": "line-start",
"ref": "P334049.3",
"n": "2",
"label": "o 2"}
,
{
"node": "l",
"frag": "ARAD-ka",
"id": "P334049.l0194b",
"ref": "P334049.3.1",
"inst": "urdaka[servant]N",
"sig": "@saao/saa01%akk-x-neoass:ARAD-ka=ardu[slave//servant]N'N$urdaka",
"f": {"lang": "akk-x-neoass",
"form": "ARAD-ka",
"cf": "ardu",
"gw": "slave",
"sense": "servant",
"norm": "urdaka",
"pos": "N",
"epos": "N"}
}
,
{
"node": "l",
"frag": "{1}DUG₃-IM-aš-šur",
"id": "P334049.l0194c",
"ref": "P334049.3.2",
"inst": "Ṭab-šar-Aššur[1]PN",
"sig": "@saao/saa01%akk-x-neoass:{1}DUG₃-IM-aš-šur=Ṭab-šar-Aššur[1//1]PN'PN$Ṭab-šar-Aššur",
"f": {"lang": "akk-x-neoass",
"form": "{1}DUG₃-IM-aš-šur",
"cf": "Ṭab-šar-Aššur",
"gw": "1",
"sense": "1",
"norm": "Ṭab-šar-Aššur",
"pos": "PN",
"epos": "PN"}
}
,
{
"node": "d",
"type": "line-start",
"ref": "P334049.4",
"n": "3",
"label": "o 3"}
,
{
"node": "l",
"frag": "lu",
"id": "P334049.l0194d",
"ref": "P334049.4.1",
"inst": "lū[may]MOD",
"sig": "@saao/saa01%akk-x-neoass:lu=lū[may//may]MOD'MOD$lū",
"f": {"lang": "akk-x-neoass",
"form": "lu",
"cf": "lū",
"gw": "may",
"sense": "may",
"norm": "lū",
"pos": "MOD",
"epos": "MOD"}
}
,
{
"node": "l",
"frag": "DI\\d-mu",
"id": "P334049.l0194e",
"ref": "P334049.4.2",
"inst": "šulmu[health]N",
"sig": "@saao/saa01%akk-x-neoass:DI-mu=šulmu[completeness//health]N'N$šulmu",
"f": {"lang": "akk-x-neoass",
"form": "DI-mu",
"cf": "šulmu",
"gw": "completeness",
"sense": "health",
"norm": "šulmu",
"pos": "N",
"epos": "N"}
}
,
{
"node": "l",
"frag": "a-na",
"id": "P334049.l0194f",
"ref": "P334049.4.3",
"inst": "ana[to]PRP",
"sig": "@saao/saa01%akk-x-neoass:a-na=ana[to//to]PRP'PRP$ana",
"f": {"lang": "akk-x-neoass",
"form": "a-na",
"cf": "ana",
"gw": "to",
"sense": "to",
"norm": "ana",
"pos": "PRP",
"epos": "PRP"}
}
,
{
"node": "l",
"frag": "LUGAL",
"id": "P334049.l01950",
"ref": "P334049.4.4",
"inst": "šarri[king]N",
"sig": "@saao/saa01%akk-x-neoass:LUGAL=šarru[king//king]N'N$šarri",
"f": {"lang": "akk-x-neoass",
"form": "LUGAL",
"cf": "šarru",
"gw": "king",
"sense": "king",
"norm": "šarri",
"pos": "N",
"epos": "N"}
}
,
{
"node": "l",
"frag": "EN-ia",
"id": "P334049.l01951",
"ref": "P334049.4.5",
"inst": "bēlīya[lord]N",
"sig": "@saao/saa01%akk-x-neoass:EN-ia=bēlu[lord//lord]N'N$bēlīya",
"f": {"lang": "akk-x-neoass",
"form": "EN-ia",
"cf": "bēlu",
"gw": "lord",
"sense": "lord",
"norm": "bēlīya",
"pos": "N",
"epos": "N"}
}
,
{
"node": "d",
"type": "line-start",
"ref": "P334049.5",
"n": "4",
"label": "o 4"}
,
{
"node": "l",
"frag": "ša\\t",
"id": "P334049.l01952",
"ref": "P334049.5.1",
"inst": "ša[what]REL",
"sig": "@saao/saa01%akk-x-neoass:ša=ša[that//what]REL'REL$ša",
"f": {"lang": "akk-x-neoass",
"form": "ša",
"cf": "ša",
"gw": "that",
"sense": "what",
"norm": "ša",
"pos": "REL",
"epos": "REL"}
}
,
{
"node": "l",
"frag": "ina",
"id": "P334049.l01953",
"ref": "P334049.5.2",
"inst": "ina[to]PRP",
"sig": "@saao/saa01%akk-x-neoass:ina=ina[in//to]PRP'PRP$ina",
"f": {"lang": "akk-x-neoass",
"form": "ina",
"cf": "ina",
"gw": "in",
"sense": "to",
"norm": "ina",
"pos": "PRP",
"epos": "PRP"}
}
,
{
"node": "l",
"frag": "E₂.GAL",
"id": "P334049.l01954",
"ref": "P334049.5.3",
"inst": "ēkalli[palace]N",
"sig": "@saao/saa01%akk-x-neoass:E₂.GAL=ēkallu[palace//palace]N'N$ēkalli",
"f": {"lang": "akk-x-neoass",
"form": "E₂.GAL",
"cf": "ēkallu",
"gw": "palace",
"sense": "palace",
"norm": "ēkalli",
"pos": "N",
"epos": "N"}
}
,
{
"node": "l",
"frag": "aš₂-pur-an-ni",
"id": "P334049.l01955",
"ref": "P334049.5.4",
"inst": "ašpuranni[write]V",
"sig": "@saao/saa01%akk-x-neoass:aš₂-pur-an-ni=šapāru[send//write]V'V$ašpuranni",
"f": {"lang": "akk-x-neoass",
"form": "aš₂-pur-an-ni",
"cf": "šapāru",
"gw": "send",
"sense": "write",
"norm": "ašpuranni",
"pos": "V",
"epos": "V"}
}
,
{
"node": "d",
"type": "line-start",
"ref": "P334049.6",
"n": "5",
"label": "o 5"}
,
{
"node": "l",
"frag": "nu-uk",
"id": "P334049.l01956",
"ref": "P334049.6.1",
"inst": "nuk[saying]PRP",
"sig": "@saao/saa01%akk-x-neoass:nu-uk=nuk[saying//saying]PRP'PRP$nuk",
"f": {"lang": "akk-x-neoass",
"form": "nu-uk",
"cf": "nuk",
"gw": "saying",
"sense": "saying",
"norm": "nuk",
"pos": "PRP",
"epos": "PRP"}
}
,
{
"node": "l",
"frag": "ID₂-MEŠ",
"id": "P334049.l01957",
"ref": "P334049.6.2",
"inst": "nārī[river]N",
"sig": "@saao/saa01%akk-x-neoass:ID₂-MEŠ=nāru[river//river]N'N$nārī",
"f": {"lang": "akk-x-neoass",
"form": "ID₂-MEŠ",
"cf": "nāru",
"gw": "river",
"sense": "river",
"norm": "nārī",
"pos": "N",
"epos": "N"}
}
,
{
"node": "l",
"frag": "lu-⸢x⸣+[x]-⸢ru⸣",
"id": "P334049.l01958",
"ref": "P334049.6.3",
"inst": "u",
"f": {"lang": "akk-x-neoass",
"form": "lu-x+x-ru",
"pos": "u"}
}
,
{
"node": "d",
"type": "line-start",
"ref": "P334049.7",
"n": "6",
"label": "o 6"}
,
{
"node": "l",
"frag": "li\\d-ki-ri-ku",
"id": "P334049.l01959",
"ref": "P334049.7.1",
"inst": "karāku[roll up//collect]V$likirīku",
"sig": "@saao/saa01%akk-x-neoass:li-ki-ri-ku=karāku[roll up//collect]V'V$likirīku",
"f": {"lang": "akk-x-neoass",
"form": "li-ki-ri-ku",
"cf": "karāku",
"gw": "roll up",
"sense": "collect",
"norm": "likirīku",
"pos": "V",
"epos": "V"}
}
,
{
"node": "l",
"frag": "ina",
"id": "P334049.l0195a",
"ref": "P334049.7.2",
"inst": "ina[in]PRP",
"sig": "@saao/saa01%akk-x-neoass:ina=ina[in//in]PRP'PRP$ina",
"f": {"lang": "akk-x-neoass",
"form": "ina",
"cf": "ina",
"gw": "in",
"sense": "in",
"norm": "ina",
"pos": "PRP",
"epos": "PRP"}
}
,
{
"node": "l",
"frag": "⸢x",
"id": "P334049.l0195b",
"ref": "P334049.7.3",
"inst": "u",
"f": {"lang": "akk-x-neoass",
"form": "x",
"pos": "u"}
}
,
{
"node": "l",
"frag": "ma-dak⸣-te",
"id": "P334049.l0195c",
"ref": "P334049.7.4",
"inst": "madākte[military camp]N",
"sig": "@saao/saa01%akk-x-neoass:ma-dak-te=madaktu[(military) camp//military camp]N'N$madākte",
"f": {"lang": "akk-x-neoass",
"form": "ma-dak-te",
"cf": "madaktu",
"gw": "(military) camp",
"sense": "military camp",
"norm": "madākte",
"pos": "N",
"epos": "N"}
}
,
{
"node": "d",
"type": "line-start",
"ref": "P334049.8",
"n": "7",
"label": "o 7"}
,
{
"node": "l",
"frag": "ne₂-bu\\p-ru",
"id": "P334049.l0195d",
"ref": "P334049.8.1",
"inst": "nēberu[crossing]N$nēburu",
"sig": "@saao/saa01%akk-x-neoass:ne₂-bu-ru=nēberu[crossing//crossing]N'N$nēburu",
"f": {"lang": "akk-x-neoass",
"form": "ne₂-bu-ru",
"cf": "nēberu",
"gw": "crossing",
"sense": "crossing",
"norm": "nēburu",
"pos": "N",
"epos": "N"}
}
,
{
"node": "l",
"frag": "le\\d-⸢pu\\p⸣-[šu]",
"id": "P334049.l0195e",
"ref": "P334049.8.2",
"inst": "lēpušu[do]V",
"sig": "@saao/saa01%akk-x-neoass:le-pu-šu=epēšu[do//do]V'V$lēpušu",
"f": {"lang": "akk-x-neoass",
"form": "le-pu-šu",
"cf": "epēšu",
"gw": "do",
"sense": "do",
"norm": "lēpušu",
"pos": "V",
"epos": "V"}
}
,
{
"node": "d",
"type": "line-start",
"ref": "P334049.9",
"n": "8",
"label": "o 8"}
,
{
"node": "l",
"frag": "u₂-ma-a",
"id": "P334049.l0195f",
"ref": "P334049.9.1",
"inst": "ūmâ[now]AV",
"sig": "@saao/saa01%akk-x-neoass:u₂-ma-a=ūma[today//now]AV'AV$ūmâ",
"f": {"lang": "akk-x-neoass",
"form": "u₂-ma-a",
"cf": "ūma",
"gw": "today",
"sense": "now",
"norm": "ūmâ",
"pos": "AV",
"epos": "AV"}
}
,
{
"node": "l",
"frag": "{1}arba-il₃-[a.a]",
"id": "P334049.l01960",
"ref": "P334049.9.2",
"inst": "Arbailayu[1]PN$Arbailaya",
"sig": "@saao/saa01%akk-x-neoass:{1}arba-il₃-a.a=Arbailayu[1//1]PN'PN$Arbailaya",
"f": {"lang": "akk-x-neoass",
"form": "{1}arba-il₃-a.a",
"cf": "Arbailayu",
"gw": "1",
"sense": "1",
"norm": "Arbailaya",
"pos": "PN",
"epos": "PN"}
}
,
{
"node": "d",
"type": "line-start",
"ref": "P334049.10",
"n": "9",
"label": "o 9"}
,
{
"node": "l",
"frag": "{lu₂v}03.U₅",
"id": "P334049.l01961",
"ref": "P334049.10.1",
"inst": "tašlīšu[third man on chariot]N",
"sig": "@saao/saa01%akk-x-neoass:{LU₂}03.U₅=tašlīšu[third man on chariot//third man on chariot]N'N$tašlīšu",
"f": {"lang": "akk-x-neoass",
"form": "{LU₂}03.U₅",
"cf": "tašlīšu",
"gw": "third man on chariot",
"sense": "third man on chariot",
"norm": "tašlīšu",
"pos": "N",
"epos": "N"}
}
,
{
"node": "l",
"frag": "it-[tal-ka]",
"id": "P334049.l01962",
"ref": "P334049.10.2",
"inst": "ittalka[come]V",
"sig": "@saao/saa01%akk-x-neoass:it-tal-ka=alāku[go//come]V'V$ittalka",
"f": {"lang": "akk-x-neoass",
"form": "it-tal-ka",
"cf": "alāku",
"gw": "go",
"sense": "come",
"norm": "ittalka",
"pos": "V",
"epos": "V"}
}
,
{
"node": "d",
"type": "line-start",
"ref": "P334049.11",
"n": "10",
"label": "o 10"}
,
{
"node": "l",
"frag": "ma-a",
"id": "P334049.l01963",
"ref": "P334049.11.1",
"inst": "mā[saying]PRP",
"sig": "@saao/saa01%akk-x-neoass:ma-a=mā[saying//saying]PRP'PRP$mā",
"f": {"lang": "akk-x-neoass",
"form": "ma-a",
"cf": "mā",
"gw": "saying",
"sense": "saying",
"norm": "mā",
"pos": "PRP",
"epos": "PRP"}
}
,
{
"node": "l",
"frag": "ID₂",
"id": "P334049.l01964",
"ref": "P334049.11.2",
"inst": "nāru[river]N$",
"sig": "@saao/saa01%akk-x-neoass:ID₂=nāru[river//river]N'N$nāru",
"f": {"lang": "akk-x-neoass",
"form": "ID₂",
"cf": "nāru",
"gw": "river",
"sense": "river",
"norm": "nāru",
"pos": "N",
"epos": "N"}
}
,
{
"node": "l",
"frag": "ina",
"id": "P334049.l01965",
"ref": "P334049.11.3",
"inst": "ina[in]PRP",
"sig": "@saao/saa01%akk-x-neoass:ina=ina[in//in]PRP'PRP$ina",
"f": {"lang": "akk-x-neoass",
"form": "ina",
"cf": "ina",
"gw": "in",
"sense": "in",
"norm": "ina",
"pos": "PRP",
"epos": "PRP"}
}
,
{
"node": "l",
"frag": "[me-li]-⸢šu₂⸣",
"id": "P334049.l01966",
"ref": "P334049.11.4",
"inst": "mīlu[high water//flood]N$mēlīšu",
"sig": "@saao/saa01%akk-x-neoass:me-li-šu₂=mīlu[high water//flood]N'N$mēlīšu",
"f": {"lang": "akk-x-neoass",
"form": "me-li-šu₂",
"cf": "mīlu",
"gw": "high water",
"sense": "flood",
"norm": "mēlīšu",
"pos": "N",
"epos": "N"}
}
,
{
"node": "d",
"type": "line-start",
"ref": "P334049.12",
"n": "11",
"label": "o 11"}
,
{
"node": "l",
"frag": "⸢i⸣-ba-ši",
"id": "P334049.l01967",
"ref": "P334049.12.1",
"inst": "ibašši[exist]V",
"sig": "@saao/saa01%akk-x-neoass:i-ba-ši=bašû[exist//exist]V'V$ibašši",
"f": {"lang": "akk-x-neoass",
"form": "i-ba-ši",
"cf": "bašû",
"gw": "exist",
"sense": "exist",
"norm": "ibašši",
"pos": "V",
"epos": "V"}
}
,
{
"node": "l",
"frag": "a-[x",
"id": "P334049.l01968",
"ref": "P334049.12.2",
"inst": "u",
"f": {"lang": "akk-x-neoass",
"form": "a-x",
"pos": "u"}
}
,
{
"node": "l",
"frag": "x",
"id": "P334049.l01969",
"ref": "P334049.12.3",
"inst": "u",
"f": {"lang": "akk-x-neoass",
"form": "x",
"pos": "u"}
}
,
{
"node": "l",
"frag": "x]-⸢i⸣",
"id": "P334049.l0196a",
"ref": "P334049.12.4",
"inst": "u",
"f": {"lang": "akk-x-neoass",
"form": "x-i",
"pos": "u"}
}
,
{
"node": "d",
"type": "line-start",
"ref": "P334049.13",
"n": "12",
"label": "o 12"}
,
{
"node": "l",
"frag": "a-na-ku",
"id": "P334049.l0196b",
"ref": "P334049.13.1",
"inst": "anāku[I]IP",
"sig": "@saao/saa01%akk-x-neoass:a-na-ku=anāku[I//I]IP'IP$anāku",
"f": {"lang": "akk-x-neoass",
"form": "a-na-ku",
"cf": "anāku",
"gw": "I",
"sense": "I",
"norm": "anāku",
"pos": "IP",
"epos": "IP"}
}
,
{
"node": "c",
"type": "phrase",
"tag": "phr",
"id": "P334049.U4",
"ref": "P334049.ls00000",
"cdl": [
{
"node": "l",
"frag": "ina",
"id": "P334049.l0196c",
"ref": "P334049.13.2",
"inst": "ina[to]PRP",
"sig": "@saao/saa01%akk-x-neoass:ina=ina[in//to]PRP'PRP$ina",
"f": {"lang": "akk-x-neoass",
"form": "ina",
"cf": "ina",
"gw": "in",
"sense": "to",
"norm": "ina",
"pos": "PRP",
"epos": "PRP"}
}
,
{
"node": "l",
"frag": "bat-⸢ti⸣",
"id": "P334049.l0196d",
"ref": "P334049.13.3",
"inst": "!batti[side]N",
"sig": "@saao/saa01%akk-x-neoass:bat-ti=battu[side//side]N'N$batti",
"f": {"lang": "akk-x-neoass",
"form": "bat-ti",
"cf": "battu",
"gw": "side",
"sense": "side",
"norm": "batti",
"pos": "N",
"epos": "N"}
}
]}
,
{
"node": "l",
"frag": "[am-mi]-⸢ti⸣",
"id": "P334049.l0196e",
"ref": "P334049.13.4",
"inst": "ammiu[that]DP$ammiti",
"sig": "@saao/saa01%akk-x-neoass:am-mi-ti=ammiu[that//that]DP'DP$ammiti",
"f": {"lang": "akk-x-neoass",
"form": "am-mi-ti",
"cf": "ammiu",
"gw": "that",
"sense": "that",
"norm": "ammiti",
"pos": "DP",
"epos": "DP"}
}
,
{
"node": "d",
"type": "line-start",
"ref": "P334049.14",
"n": "13",
"label": "o 13"}
,
{
"node": "l",
"frag": "la",
"id": "P334049.l0196f",
"ref": "P334049.14.1",
"inst": "lā[not]MOD",
"sig": "@saao/saa01%akk-x-neoass:la=lā[not//not]MOD'MOD$lā",
"f": {"lang": "akk-x-neoass",
"form": "la",
"cf": "lā",
"gw": "not",
"sense": "not",
"norm": "lā",
"pos": "MOD",
"epos": "MOD"}
}
,
{
"node": "l",
"frag": "e-ti\\t-iq",
"id": "P334049.l01970",
"ref": "P334049.14.2",
"inst": "ētiq[pass]V",
"sig": "@saao/saa01%akk-x-neoass:e-ti-iq=etēqu[proceed//pass]V'V$ētiq",
"f": {"lang": "akk-x-neoass",
"form": "e-ti-iq",
"cf": "etēqu",
"gw": "proceed",
"sense": "pass",
"norm": "ētiq",
"pos": "V",
"epos": "V"}
}
,
{
"node": "l",
"frag": "[la",
"id": "P334049.l01971",
"ref": "P334049.14.3",
"inst": "lā[not]MOD",
"sig": "@saao/saa01%akk-x-neoass:la=lā[not//not]MOD'MOD$lā",
"f": {"lang": "akk-x-neoass",
"form": "la",
"cf": "lā",
"gw": "not",
"sense": "not",
"norm": "lā",
"pos": "MOD",
"epos": "MOD"}
}
,
{
"node": "l",
"frag": "al-lik]",
"id": "P334049.l01972",
"ref": "P334049.14.4",
"inst": "alāku[go]V$allik",
"sig": "@saao/saa01%akk-x-neoass:al-lik=alāku[go//go]V'V$allik",
"f": {"lang": "akk-x-neoass",
"form": "al-lik",
"cf": "alāku",
"gw": "go",
"sense": "go",
"norm": "allik",
"pos": "V",
"epos": "V"}
}
,
{
"node": "d",
"type": "line-start",
"ref": "P334049.15",
"n": "14",
"label": "o 14"}
,
{
"node": "c",
"type": "phrase",
"tag": "phr",
"id": "P334049.U5",
"ref": "P334049.ls00001",
"cdl": [
{
"node": "l",
"frag": "ina",
"id": "P334049.l01973",
"ref": "P334049.15.1",
"inst": "ina[in+=on account of]PRP",
"sig": "@saao/saa01%akk-x-neoass:ina=ina[in//in]PRP'PRP$ina",
"f": {"lang": "akk-x-neoass",
"form": "ina",
"cf": "ina",
"gw": "in",
"sense": "in",
"norm": "ina",
"pos": "PRP",
"epos": "PRP"}
}
,
{
"node": "l",
"frag": "UGU-hi",
"id": "P334049.l01974",
"ref": "P334049.15.2",
"inst": "muhhi[skull]N",
"sig": "@saao/saa01%akk-x-neoass:UGU-hi=muhhu[skull//skull]N'N$muhhi",
"f": {"lang": "akk-x-neoass",
"form": "UGU-hi",
"cf": "muhhu",
"gw": "skull",
"sense": "skull",
"norm": "muhhi",
"pos": "N",
"epos": "N"}
}
]}
,
{
"node": "l",
"frag": "šu₂-u",
"id": "P334049.l01975",
"ref": "P334049.15.3",
"inst": "šû[it]IP",
"sig": "@saao/saa01%akk-x-neoass:šu₂-u=šū[he//it]IP'IP$šû",
"f": {"lang": "akk-x-neoass",
"form": "šu₂-u",
"cf": "šū",
"gw": "he",
"sense": "it",
"norm": "šû",
"pos": "IP",
"epos": "IP"}
}
,
{
"node": "l",
"frag": "ina",
"id": "P334049.l01976",
"ref": "P334049.15.4",
"inst": "ina[to]PRP",
"sig": "@saao/saa01%akk-x-neoass:ina=ina[in//to]PRP'PRP$ina",
"f": {"lang": "akk-x-neoass",
"form": "ina",
"cf": "ina",
"gw": "in",
"sense": "to",
"norm": "ina",
"pos": "PRP",
"epos": "PRP"}
}
,
{
"node": "l",
"frag": "⸢E₂.GAL⸣",
"id": "P334049.l01977",
"ref": "P334049.15.5",
"inst": "ēkalli[palace]N",
"sig": "@saao/saa01%akk-x-neoass:E₂.GAL=ēkallu[palace//palace]N'N$ēkalli",
"f": {"lang": "akk-x-neoass",
"form": "E₂.GAL",
"cf": "ēkallu",
"gw": "palace",
"sense": "palace",
"norm": "ēkalli",
"pos": "N",
"epos": "N"}
}
,
{
"node": "d",
"type": "line-start",
"ref": "P334049.16",
"n": "15",
"label": "o 15"}
,
{
"node": "l",
"frag": "a-sa-par",
"id": "P334049.l01978",
"ref": "P334049.16.1",
"inst": "assapar[write]V",
"sig": "@saao/saa01%akk-x-neoass:a-sa-par=šapāru[send//write]V'V$assapar",
"f": {"lang": "akk-x-neoass",
"form": "a-sa-par",
"cf": "šapāru",
"gw": "send",
"sense": "write",
"norm": "assapar",
"pos": "V",
"epos": "V"}
}
,
{
"node": "l",
"frag": "u₂-ma-a",
"id": "P334049.l01979",
"ref": "P334049.16.2",
"inst": "ūmâ[now]AV",
"sig": "@saao/saa01%akk-x-neoass:u₂-ma-a=ūma[today//now]AV'AV$ūmâ",
"f": {"lang": "akk-x-neoass",
"form": "u₂-ma-a",
"cf": "ūma",
"gw": "today",
"sense": "now",
"norm": "ūmâ",
"pos": "AV",
"epos": "AV"}
}
,
{
"node": "d",
"type": "line-start",
"ref": "P334049.17",
"n": "16",
"label": "o 16"}
,
{
"node": "l",
"frag": "am-ma-ka-ma",
"id": "P334049.l0197a",
"ref": "P334049.17.1",
"inst": "ammākamma[there]AV",
"sig": "@saao/saa01%akk-x-neoass:am-ma-ka-ma=ammaka[there//there]AV'AV$ammākamma",
"f": {"lang": "akk-x-neoass",
"form": "am-ma-ka-ma",
"cf": "ammaka",
"gw": "there",
"sense": "there",
"norm": "ammākamma",
"pos": "AV",
"epos": "AV"}
}
,
{
"node": "l",
"frag": "[ne₂-bu]-⸢ru⸣",
"id": "P334049.l0197b",
"ref": "P334049.17.2",
"inst": "nēburu[crossing]N",
"sig": "@saao/saa01%akk-x-neoass:ne₂-bu-ru=nēberu[crossing//crossing]N'N$nēburu",
"f": {"lang": "akk-x-neoass",
"form": "ne₂-bu-ru",
"cf": "nēberu",
"gw": "crossing",
"sense": "crossing",
"norm": "nēburu",
"pos": "N",
"epos": "N"}
}
,
{
"node": "d",
"type": "line-start",
"ref": "P334049.18",
"n": "17",
"label": "o 17"}
,
{
"node": "l",
"frag": "qa\\d-ni",
"id": "P334049.l0197c",
"ref": "P334049.18.1",
"inst": "qanni[near]'PRP",
"sig": "@saao/saa01%akk-x-neoass:qa-ni=qannu[fringe//near]N'PRP$qanni",
"f": {"lang": "akk-x-neoass",
"form": "qa-ni",
"cf": "qannu",
"gw": "fringe",
"sense": "near",
"norm": "qanni",
"pos": "N",
"epos": "PRP"}
}
,
{
"node": "l",
"frag": "⸢ma-dak⸣-[ti]",
"id": "P334049.l0197d",
"ref": "P334049.18.2",
"inst": "madākti[military camp]N",
"sig": "@saao/saa01%akk-x-neoass:ma-dak-ti=madaktu[(military) camp//military camp]N'N$madākti",
"f": {"lang": "akk-x-neoass",
"form": "ma-dak-ti",
"cf": "madaktu",
"gw": "(military) camp",
"sense": "military camp",
"norm": "madākti",
"pos": "N",
"epos": "N"}
}
,
{
"node": "d",
"type": "line-start",
"ref": "P334049.19",
"n": "18",
"label": "o 18"}
,
{
"node": "l",
"frag": "le-⸢pu-šu₂⸣",
"id": "P334049.l0197e",
"ref": "P334049.19.1",
"inst": "lēpušu[do]V",
"sig": "@saao/saa01%akk-x-neoass:le-pu-šu₂=epēšu[do//do]V'V$lēpušu",
"f": {"lang": "akk-x-neoass",
"form": "le-pu-šu₂",
"cf": "epēšu",
"gw": "do",
"sense": "do",
"norm": "lēpušu",
"pos": "V",
"epos": "V"}
}
,
{
"node": "d",
"subtype": "reverse",
"type": "surface",
"ref": "P334049.r.20",
"type": "reverse",
"label": "r"}
,
{
"node": "d",
"type": "line-start",
"ref": "P334049.21",
"n": "1",
"label": "r 1"}
,
{
"node": "l",
"frag": "u₃\\d",
"id": "P334049.l0197f",
"ref": "P334049.21.1",
"inst": "u[and]CNJ",
"sig": "@saao/saa01%akk-x-neoass:u₃=u[and//and]CNJ'CNJ$u",
"f": {"lang": "akk-x-neoass",
"form": "u₃",
"cf": "u",
"gw": "and",
"sense": "and",
"norm": "u",
"pos": "CNJ",
"epos": "CNJ"}
}
,
{
"node": "l",
"frag": "an-na-[ka",
"id": "P334049.l01980",
"ref": "P334049.21.2",
"inst": "annāka[here]AV",
"sig": "@saao/saa01%akk-x-neoass:an-na-ka=annaka[here//here]AV'AV$annāka",
"f": {"lang": "akk-x-neoass",
"form": "an-na-ka",
"cf": "annaka",
"gw": "here",
"sense": "here",
"norm": "annāka",
"pos": "AV",
"epos": "AV"}
}
,
{
"node": "l",
"frag": "o]",
"id": "P334049.l01981",
"ref": "P334049.21.3",
"inst": "u",
"f": {"lang": "akk-x-neoass",
"form": "o",
"pos": "u"}
}
,
{
"node": "d",
"type": "line-start",
"ref": "P334049.22",
"n": "2",
"label": "r 2"}
,
{
"node": "l",
"frag": "il-⸢lak⸣-u-ni",
"id": "P334049.l01982",
"ref": "P334049.22.1",
"inst": "illakūni[come]V",
"sig": "@saao/saa01%akk-x-neoass:il-lak-u-ni=alāku[go//come]V'V$illakūni",
"f": {"lang": "akk-x-neoass",
"form": "il-lak-u-ni",
"cf": "alāku",
"gw": "go",
"sense": "come",
"norm": "illakūni",
"pos": "V",
"epos": "V"}
}
,
{
"node": "l",
"frag": "[x",
"id": "P334049.l01983",
"ref": "P334049.22.2",
"inst": "u",
"f": {"lang": "akk-x-neoass",
"form": "x",
"pos": "u"}
}
,
{
"node": "l",
"frag": "x",
"id": "P334049.l01984",
"ref": "P334049.22.3",
"inst": "u",
"f": {"lang": "akk-x-neoass",
"form": "x",
"pos": "u"}
}
,
{
"node": "l",
"frag": "x",
"id": "P334049.l01985",
"ref": "P334049.22.4",
"inst": "u",
"f": {"lang": "akk-x-neoass",
"form": "x",
"pos": "u"}
}
,
{
"node": "l",
"frag": "x]+⸢x⸣",
"id": "P334049.l01986",
"ref": "P334049.22.5",
"inst": "u",
"f": {"lang": "akk-x-neoass",
"form": "x+x",
"pos": "u"}
}
,
{
"node": "d",
"type": "line-start",
"ref": "P334049.23",
"n": "3",
"label": "r 3"}
,
{
"node": "l",
"frag": "meš-li\\d",
"id": "P334049.l01987",
"ref": "P334049.23.1",
"inst": "mišlu[half]NU$mešli",
"sig": "@saao/saa01%akk-x-neoass:meš-li=mišlu[half//half]NU'NU$mešli",
"f": {"lang": "akk-x-neoass",
"form": "meš-li",
"cf": "mišlu",
"gw": "half",
"sense": "half",
"norm": "mešli",
"pos": "NU",
"epos": "NU"}
}
,
{
"node": "l",
"frag": "⸢x⸣+[x",
"id": "P334049.l01988",
"ref": "P334049.23.2",
"inst": "u",
"f": {"lang": "akk-x-neoass",
"form": "x+x",
"pos": "u"}
}
,
{
"node": "l",
"frag": "x]",
"id": "P334049.l01989",
"ref": "P334049.23.3",
"inst": "u",
"f": {"lang": "akk-x-neoass",
"form": "x",
"pos": "u"}
}
,
{
"node": "l",
"frag": "⸢ki",
"id": "P334049.l0198a",
"ref": "P334049.23.4",
"inst": "u",
"f": {"lang": "akk-x-neoass",
"form": "ki",
"pos": "u"}
}
,
{
"node": "l",
"frag": "x",
"id": "P334049.l0198b",
"ref": "P334049.23.5",
"inst": "u",
"f": {"lang": "akk-x-neoass",
"form": "x",
"pos": "u"}
}
,
{
"node": "l",
"frag": "x⸣",
"id": "P334049.l0198c",
"ref": "P334049.23.6",
"inst": "u",
"f": {"lang": "akk-x-neoass",
"form": "x",
"pos": "u"}
}
,
{
"node": "d",
"type": "line-start",
"ref": "P334049.24",
"n": "4",
"label": "r 4"}
,
{
"node": "l",
"frag": "an-na-ka",
"id": "P334049.l0198d",
"ref": "P334049.24.1",
"inst": "annāka[here]AV",
"sig": "@saao/saa01%akk-x-neoass:an-na-ka=annaka[here//here]AV'AV$annāka",
"f": {"lang": "akk-x-neoass",
"form": "an-na-ka",
"cf": "annaka",
"gw": "here",
"sense": "here",
"norm": "annāka",
"pos": "AV",
"epos": "AV"}
}
,
{
"node": "l",
"frag": "⸢mu⸣",
"id": "P334049.l0198e",
"ref": "P334049.24.2",
"inst": "u",
"f": {"lang": "akk-x-neoass",
"form": "mu",
"pos": "u"}
}
,
{
"node": "l",
"frag": "su\\t",
"id": "P334049.l0198f",
"ref": "P334049.24.3",
"inst": "u",
"f": {"lang": "akk-x-neoass",
"form": "su",
"pos": "u"}
}
,
{
"node": "l",
"frag": "⸢x",
"id": "P334049.l01990",
"ref": "P334049.24.4",
"inst": "u",
"f": {"lang": "akk-x-neoass",
"form": "x",
"pos": "u"}
}
,
{
"node": "l",
"frag": "x",
"id": "P334049.l01991",
"ref": "P334049.24.5",
"inst": "u",
"f": {"lang": "akk-x-neoass",
"form": "x",
"pos": "u"}
}
,
{
"node": "l",
"frag": "x⸣",
"id": "P334049.l01992",
"ref": "P334049.24.6",
"inst": "u",
"f": {"lang": "akk-x-neoass",
"form": "x",
"pos": "u"}
}
,
{
"node": "d",
"type": "line-start",
"ref": "P334049.25",
"n": "5",
"label": "r 5"}
,
{
"node": "l",
"frag": "{giš}qir\\p-si",
"id": "P334049.l01993",
"ref": "P334049.25.1",
"inst": "qirsu[cart]N$qirsi",
"sig": "@saao/saa01%akk-x-neoass:{GIŠ}qir-si=qirsu[cart//cart]N'N$qirsi",
"f": {"lang": "akk-x-neoass",
"form": "{GIŠ}qir-si",
"cf": "qirsu",
"gw": "cart",
"sense": "cart",
"norm": "qirsi",
"pos": "N",
"epos": "N"}
}
,
{
"node": "l",
"frag": "at-ta-lak",
"id": "P334049.l01994",
"ref": "P334049.25.2",
"inst": "attalak[go]V",
"sig": "@saao/saa01%akk-x-neoass:at-ta-lak=alāku[go//go]V'V$attalak",
"f": {"lang": "akk-x-neoass",
"form": "at-ta-lak",
"cf": "alāku",
"gw": "go",
"sense": "go",
"norm": "attalak",
"pos": "V",
"epos": "V"}
}
,
{
"node": "d",
"type": "line-start",
"ref": "P334049.26",
"n": "6",
"label": "r 6"}
,
{
"node": "l",
"frag": "a-ta-mar",
"id": "P334049.l01995",
"ref": "P334049.26.1",
"inst": "ātamar[see]V",
"sig": "@saao/saa01%akk-x-neoass:a-ta-mar=amāru[see//see]V'V$ātamar",
"f": {"lang": "akk-x-neoass",
"form": "a-ta-mar",
"cf": "amāru",
"gw": "see",
"sense": "see",
"norm": "ātamar",
"pos": "V",
"epos": "V"}
}
,
{
"node": "l",
"frag": "SIG₅",
"id": "P334049.l01996",
"ref": "P334049.26.2",
"inst": "damqu[good]AJ",
"sig": "@saao/saa01%akk-x-neoass:SIG₅=damqu[good//good]AJ'AJ$damqu",
"f": {"lang": "akk-x-neoass",
"form": "SIG₅",
"cf": "damqu",
"gw": "good",
"sense": "good",
"norm": "damqu",
"pos": "AJ",
"epos": "AJ"}
}
,
{
"node": "l",
"frag": "a-dan-niš",
"id": "P334049.l01997",
"ref": "P334049.26.3",
"inst": "adanniš[very much]AV",
"sig": "@saao/saa01%akk-x-neoass:a-dan-niš=adanniš[very much//very much]AV'AV$adanniš",
"f": {"lang": "akk-x-neoass",
"form": "a-dan-niš",
"cf": "adanniš",
"gw": "very much",
"sense": "very much",
"norm": "adanniš",
"pos": "AV",
"epos": "AV"}
}
,
{
"node": "d",
"type": "line-start",
"ref": "P334049.27",
"n": "7",
"label": "r 7"}
,
{
"node": "l",
"frag": "u₃",
"id": "P334049.l01998",
"ref": "P334049.27.1",
"inst": "u[and]CNJ",
"sig": "@saao/saa01%akk-x-neoass:u₃=u[and//and]CNJ'CNJ$u",
"f": {"lang": "akk-x-neoass",
"form": "u₃",
"cf": "u",
"gw": "and",
"sense": "and",
"norm": "u",
"pos": "CNJ",
"epos": "CNJ"}
}
,
{
"node": "l",
"frag": "a-na",
"id": "P334049.l01999",
"ref": "P334049.27.2",
"inst": "ana[for]PRP",
"sig": "@saao/saa01%akk-x-neoass:a-na=ana[to//for]PRP'PRP$ana",
"f": {"lang": "akk-x-neoass",
"form": "a-na",
"cf": "ana",
"gw": "to",
"sense": "for",
"norm": "ana",
"pos": "PRP",
"epos": "PRP"}
}
,
{
"node": "l",
"frag": "ma-dak-ti\\t",
"id": "P334049.l0199a",
"ref": "P334049.27.3",
"inst": "madākti[military camp]N",
"sig": "@saao/saa01%akk-x-neoass:ma-dak-ti=madaktu[(military) camp//military camp]N'N$madākti",
"f": {"lang": "akk-x-neoass",
"form": "ma-dak-ti",
"cf": "madaktu",
"gw": "(military) camp",
"sense": "military camp",
"norm": "madākti",
"pos": "N",
"epos": "N"}
}
,
{
"node": "d",
"type": "line-start",
"ref": "P334049.28",
"n": "8",
"label": "r 8"}
,
{
"node": "l",
"frag": "⸢ka⸣-qu-ru",
"id": "P334049.l0199b",
"ref": "P334049.28.1",
"inst": "kaqquru[ground]N",
"sig": "@saao/saa01%akk-x-neoass:ka-qu-ru=qaqqaru[ground//ground]N'N$kaqquru",
"f": {"lang": "akk-x-neoass",
"form": "ka-qu-ru",
"cf": "qaqqaru",
"gw": "ground",
"sense": "ground",
"norm": "kaqquru",
"pos": "N",
"epos": "N"}
}
,
{
"node": "l",
"frag": "ma-⸢aʾ⸣-da\\d",
"id": "P334049.l0199c",
"ref": "P334049.28.2",
"inst": "maʾda[much]'AV",
"sig": "@saao/saa01%akk-x-neoass:ma-aʾ-da=mādu[many//much]AJ'AV$maʾda",
"f": {"lang": "akk-x-neoass",
"form": "ma-aʾ-da",
"cf": "mādu",
"gw": "many",
"sense": "much",
"norm": "maʾda",
"pos": "AJ",
"epos": "AV"}
}
,
{
"node": "d",
"type": "line-start",
"ref": "P334049.29",
"n": "9",
"label": "r 9"}
,
{
"node": "l",
"frag": "{1}arba-il₃-a.a",
"id": "P334049.l0199d",
"ref": "P334049.29.1",
"inst": "Arbailayu[]PN$Arbailaya",
"sig": "@saao/saa01%akk-x-neoass:{1}arba-il₃-a.a=Arbailayu[1//1]PN'PN$Arbailaya",
"f": {"lang": "akk-x-neoass",
"form": "{1}arba-il₃-a.a",
"cf": "Arbailayu",
"gw": "1",
"sense": "1",
"norm": "Arbailaya",
"pos": "PN",
"epos": "PN"}
}
,
{
"node": "l",
"frag": "uk-tal-lim\\d",
"id": "P334049.l0199e",
"ref": "P334049.29.2",
"inst": "kullumu[show]V$uktallim",
"sig": "@saao/saa01%akk-x-neoass:uk-tal-lim=kullumu[show//show]V'V$uktallim",
"f": {"lang": "akk-x-neoass",
"form": "uk-tal-lim",
"cf": "kullumu",
"gw": "show",
"sense": "show",
"norm": "uktallim",
"pos": "V",
"epos": "V"}
}
,
{
"node": "d",
"type": "line-start",
"ref": "P334049.30",
"n": "10",
"label": "r 10"}
,
{
"node": "c",
"type": "phrase",
"tag": "phr",
"id": "P334049.U6",
"ref": "P334049.ls00002",
"cdl": [
{
"node": "l",
"frag": "i-ši\\d-a-ri",
"id": "P334049.l0199f",
"ref": "P334049.30.1",
"cof-tails": "P334049.l019a0",
"inst": "ina[in]PRP$ina&šiāru[morning]N$šiāri",
"sig": "@saao/saa01%akk-x-neoass:i-ši-a-ri=ina[in//in]PRP'PRP$ina&&@saao%akk-x-neoass:=šiāru[morning//morning]N'N$šiāri",
"f": {"lang": "akk-x-neoass",
"form": "i-ši-a-ri",
"cf": "ina",
"gw": "in",
"sense": "in",
"norm": "ina",
"pos": "PRP",
"epos": "PRP"}
}
,
{
"node": "l",
"frag": "i-ši\\d-a-ri",
"id": "P334049.l019a0",
"ref": "P334049.30.1",
"cof-head": "P334049.l0199f",
"inst": "ina[in]PRP$ina&šiāru[morning]N$šiāri",
"tail-sig": "@saao%akk-x-neoass:=šiāru[morning//morning]N'N$šiāri",
"f": {"lang": "akk-x-neoass",
"form": "i-ši-a-ri",
"cf": "šiāru",
"gw": "morning",
"sense": "morning",
"norm": "šiāri",
"pos": "N",
"epos": "N"}
}
]}
,
{
"node": "l",
"frag": "ki-i",
"id": "P334049.l019a1",
"ref": "P334049.30.2",
"inst": "kî[in accordance with]PRP",
"sig": "@saao/saa01%akk-x-neoass:ki-i=kī[like//in accordance with]PRP'PRP$kî",
"f": {"lang": "akk-x-neoass",
"form": "ki-i",
"cf": "kī",
"gw": "like",
"sense": "in accordance with",
"norm": "kî",
"pos": "PRP",
"epos": "PRP"}
}
,
{
"node": "l",
"frag": "ša",
"id": "P334049.l019a2",
"ref": "P334049.30.3",
"inst": "ša[what]REL",
"sig": "@saao/saa01%akk-x-neoass:ša=ša[that//what]REL'REL$ša",
"f": {"lang": "akk-x-neoass",
"form": "ša",
"cf": "ša",
"gw": "that",
"sense": "what",
"norm": "ša",
"pos": "REL",
"epos": "REL"}
}
,
{
"node": "l",
"frag": "LUGAL",
"id": "P334049.l019a3",
"ref": "P334049.30.4",
"inst": "šarru[king]N",
"sig": "@saao/saa01%akk-x-neoass:LUGAL=šarru[king//king]N'N$šarru",
"f": {"lang": "akk-x-neoass",
"form": "LUGAL",
"cf": "šarru",
"gw": "king",
"sense": "king",
"norm": "šarru",
"pos": "N",
"epos": "N"}
}
,
{
"node": "l",
"frag": "be-li₂",
"id": "P334049.l019a4",
"ref": "P334049.30.5",
"inst": "bēlī[lord]N",
"sig": "@saao/saa01%akk-x-neoass:be-li₂=bēlu[lord//lord]N'N$bēlī",
"f": {"lang": "akk-x-neoass",
"form": "be-li₂",
"cf": "bēlu",
"gw": "lord",
"sense": "lord",
"norm": "bēlī",
"pos": "N",
"epos": "N"}
}
,
{
"node": "d",
"type": "line-start",
"ref": "P334049.31",
"n": "11",
"label": "r 11"}
,
{
"node": "l",
"frag": "iq\\d-bu\\p-ni\\d",
"id": "P334049.l019a5",
"ref": "P334049.31.1",
"inst": "qabû[say]V$iqbûni",
"sig": "@saao/saa01%akk-x-neoass:iq-bu-ni=qabû[say//say]V'V$iqbûni",
"f": {"lang": "akk-x-neoass",
"form": "iq-bu-ni",
"cf": "qabû",
"gw": "say",
"sense": "say",
"norm": "iqbûni",
"pos": "V",
"epos": "V"}
}
,
{
"node": "l",
"frag": "A₂.2-šu₂-nu",
"id": "P334049.l019a6",
"ref": "P334049.31.2",
"inst": "ahu[arm]N$ahīšunu",
"sig": "@saao/saa01%akk-x-neoass:A₂.2-šu₂-nu=ahu[arm//arm]N'N$ahīšunu",
"f": {"lang": "akk-x-neoass",
"form": "A₂.2-šu₂-nu",
"cf": "ahu",
"gw": "arm",
"sense": "arm",
"norm": "ahīšunu",
"pos": "N",
"epos": "N"}
}
,
{
"node": "l",
"frag": "lu-me-du",
"id": "P334049.l019a7",
"ref": "P334049.31.3",
"inst": "emēdu[lean on]V$lummedu",
"sig": "@saao/saa01%akk-x-neoass:lu-me-du=emēdu[lean on//lean on]V'V$lummedu",
"f": {"lang": "akk-x-neoass",
"form": "lu-me-du",
"cf": "emēdu",
"gw": "lean on",
"sense": "lean on",
"norm": "lummedu",
"pos": "V",
"epos": "V"}
}
,
{
"node": "d",
"type": "line-start",
"ref": "P334049.32",
"n": "12",
"label": "r 12"}
,
{
"node": "l",
"frag": "ma-dak-tu₂",
"id": "P334049.l019a8",
"ref": "P334049.32.1",
"inst": "madāktu[military camp]N",
"sig": "@saao/saa01%akk-x-neoass:ma-dak-tu₂=madaktu[(military) camp//military camp]N'N$madāktu",
"f": {"lang": "akk-x-neoass",
"form": "ma-dak-tu₂",
"cf": "madaktu",
"gw": "(military) camp",
"sense": "military camp",
"norm": "madāktu",
"pos": "N",
"epos": "N"}
}
,
{
"node": "l",
"frag": "⸢lu⸣-še-bi-ru",
"id": "P334049.l019a9",
"ref": "P334049.32.2",
"inst": "lušēbiru[bring across]V",
"sig": "@saao/saa01%akk-x-neoass:lu-še-bi-ru=ebēru[cross over//bring across]V'V$lušēbiru",
"f": {"lang": "akk-x-neoass",
"form": "lu-še-bi-ru",
"cf": "ebēru",
"gw": "cross over",
"sense": "bring across",
"norm": "lušēbiru",
"pos": "V",
"epos": "V"}
}
,
{
"node": "d",
"type": "line-start",
"ref": "P334049.33",
"n": "13",
"label": "r 13"}
,
{
"node": "l",
"frag": "a-di\\d",
"id": "P334049.l019aa",
"ref": "P334049.33.1",
"inst": "adi[until]PRP'SBJ",
"sig": "@saao/saa01%akk-x-neoass:a-di=adi[until//until]PRP'SBJ$adi",
"f": {"lang": "akk-x-neoass",
"form": "a-di",
"cf": "adi",
"gw": "until",
"sense": "until",
"norm": "adi",
"pos": "PRP",
"epos": "SBJ"}
}
,
{
"node": "l",
"frag": "ma-dak-tu₂-⸢ma⸣",
"id": "P334049.l019ab",
"ref": "P334049.33.2",
"inst": "madaktu[(military) camp//military camp]N$madāktumma",
"sig": "@saao/saa01%akk-x-neoass:ma-dak-tu₂-ma=madaktu[(military) camp//military camp]N'N$madāktumma",
"f": {"lang": "akk-x-neoass",
"form": "ma-dak-tu₂-ma",
"cf": "madaktu",
"gw": "(military) camp",
"sense": "military camp",
"norm": "madāktumma",
"pos": "N",
"epos": "N"}
}
,
{
"node": "l",
"frag": "ug-da\\d-da\\d-mar-u-⸢ni⸣",
"id": "P334049.l019ac",
"ref": "P334049.33.3",
"inst": "gamāru[complete//finish]V$ugdadammarūni",
"sig": "@saao/saa01%akk-x-neoass:ug-da-da-mar-u-ni=gamāru[complete//finish]V'V$ugdadammarūni",
"f": {"lang": "akk-x-neoass",
"form": "ug-da-da-mar-u-ni",
"cf": "gamāru",
"gw": "complete",
"sense": "finish",
"norm": "ugdadammarūni",
"pos": "V",
"epos": "V"}
}
,
{
"node": "d",
"type": "line-start",
"ref": "P334049.34",
"n": "14",
"label": "r 14"}
,
{
"node": "l",
"frag": "i-su\\t-ri",
"id": "P334049.l019ad",
"ref": "P334049.34.1",
"inst": "issurri[perhaps]AV",
"sig": "@saao/saa01%akk-x-neoass:i-su-ri=issurri[perhaps//perhaps]AV'AV$issurri",
"f": {"lang": "akk-x-neoass",
"form": "i-su-ri",
"cf": "issurri",
"gw": "perhaps",
"sense": "perhaps",
"norm": "issurri",
"pos": "AV",
"epos": "AV"}
}
,
{
"node": "l",
"frag": "gi-iš-ru",
"id": "P334049.l019ae",
"ref": "P334049.34.2",
"inst": "gišru[(wooden) bar//bridge]N$",
"sig": "@saao/saa01%akk-x-neoass:gi-iš-ru=gišru[(wooden) bar//bridge]N'N$gišru",
"f": {"lang": "akk-x-neoass",
"form": "gi-iš-ru",
"cf": "gišru",
"gw": "(wooden) bar",
"sense": "bridge",
"norm": "gišru",
"pos": "N",
"epos": "N"}
}
,
{
"node": "d",
"type": "line-start",
"ref": "P334049.35",
"n": "15",
"label": "r 15"}
,
{
"node": "l",
"frag": "nu-ga-mar",
"id": "P334049.l019af",
"ref": "P334049.35.1",
"inst": "nugammar[finish]V",
"sig": "@saao/saa01%akk-x-neoass:nu-ga-mar=gamāru[complete//finish]V'V$nugammar",
"f": {"lang": "akk-x-neoass",
"form": "nu-ga-mar",
"cf": "gamāru",
"gw": "complete",
"sense": "finish",
"norm": "nugammar",
"pos": "V",
"epos": "V"}
}
,
{
"node": "l",
"frag": "LUGAL",
"id": "P334049.l019b0",
"ref": "P334049.35.2",
"inst": "šarru[king]N",
"sig": "@saao/saa01%akk-x-neoass:LUGAL=šarru[king//king]N'N$šarru",
"f": {"lang": "akk-x-neoass",
"form": "LUGAL",
"cf": "šarru",
"gw": "king",
"sense": "king",
"norm": "šarru",
"pos": "N",
"epos": "N"}
}
,
{
"node": "c",
"type": "phrase",
"tag": "phr",
"id": "P334049.U7",
"ref": "P334049.ls00003",
"cdl": [
{
"node": "l",
"frag": "ina",
"id": "P334049.l019b1",
"ref": "P334049.35.3",
"inst": "ina[in+=on]PRP",
"sig": "@saao/saa01%akk-x-neoass:ina=ina[in//in]PRP'PRP$ina",
"f": {"lang": "akk-x-neoass",
"form": "ina",
"cf": "ina",
"gw": "in",
"sense": "in",
"norm": "ina",
"pos": "PRP",
"epos": "PRP"}
}
,
{
"node": "l",
"frag": "UGU",
"id": "P334049.l019b2",
"ref": "P334049.35.4",
"inst": "muhhi[skull]N",
"sig": "@saao/saa01%akk-x-neoass:UGU=muhhu[skull//skull]N'N$muhhi",
"f": {"lang": "akk-x-neoass",
"form": "UGU",
"cf": "muhhu",
"gw": "skull",
"sense": "skull",
"norm": "muhhi",
"pos": "N",
"epos": "N"}
}
]}
,
{
"node": "d",
"type": "line-start",
"ref": "P334049.36",
"n": "16",
"label": "r 16"}
,
{
"node": "l",
"frag": "gi-iš-ru",
"id": "P334049.l019b3",
"ref": "P334049.36.1",
"inst": "gišru[(wooden) bar//bridge]N$",
"sig": "@saao/saa01%akk-x-neoass:gi-iš-ru=gišru[(wooden) bar//bridge]N'N$gišru",
"f": {"lang": "akk-x-neoass",
"form": "gi-iš-ru",
"cf": "gišru",
"gw": "(wooden) bar",
"sense": "bridge",
"norm": "gišru",
"pos": "N",
"epos": "N"}
}
,
{
"node": "l",
"frag": "e-bir",
"id": "P334049.l019b4",
"ref": "P334049.36.2",
"inst": "ebēru[cross over]V$ebbir",
"sig": "@saao/saa01%akk-x-neoass:e-bir=ebēru[cross over//cross over]V'V$ebbir",
"f": {"lang": "akk-x-neoass",
"form": "e-bir",
"cf": "ebēru",
"gw": "cross over",
"sense": "cross over",
"norm": "ebbir",
"pos": "V",
"epos": "V"}
}
]}
]}
]}
,
{
"linkbase": [{
"type": "linkset",
"xlink_title": "ina batti[at the side//at the side]PRP'PRP",
"id": "P334049.ls00000",
"xlink_type": "extended",
"xlink_role": "psu",
"sig": "{ina[in]PRP battu[side]N += ina batti[at the side//at the side]PRP'PRP}::@saao%akk-x-neoass:ina=ina[in//into]PRP'PRP$ina++@saao%akk-x-neoass:bat-ti=battu[side//side]N'N$batti",
"links": [
{
"type": "link",
"xlink_title": "ina",
"xlink_type": "locator",
"xlink_href": "#P334049.l0196c",
"xlink_role": "elt"}
,
{
"type": "link",
"xlink_title": "batti",
"xlink_type": "locator",
"xlink_href": "#P334049.l0196d",
"xlink_role": "elt"}
]}
,
{
"type": "linkset",
"xlink_title": "ina muhhi[on//about]PRP'PRP",
"id": "P334049.ls00001",
"xlink_type": "extended",
"xlink_role": "psu",
"sig": "{ina[in]PRP muhhu[skull]N += ina muhhi[on//about]PRP'PRP}::@saao%akk-x-neoass:ina=ina[in//into]PRP'PRP$ina++@saao%akk-x-neoass:UGU-hi=muhhu[skull//skull]N'N$muhhi",
"links": [
{
"type": "link",
"xlink_title": "ina",
"xlink_type": "locator",
"xlink_href": "#P334049.l01973",
"xlink_role": "elt"}
,
{
"type": "link",
"xlink_title": "muhhi",
"xlink_type": "locator",
"xlink_href": "#P334049.l01974",
"xlink_role": "elt"}
]}
,
{
"type": "linkset",
"xlink_title": "ina šiāri[tomorrow//tomorrow]AV'AV",
"id": "P334049.ls00002",
"xlink_type": "extended",
"xlink_role": "psu",
"sig": "{ina[in]PRP šiāru[morning]N += ina šiāri[tomorrow//tomorrow]AV'AV}::@saao%akk-x-neoass:i-ši-a-ri=ina[in//into]PRP'PRP$ina++@saao%akk-x-neoass:i-ši-a-ri=šiāru[morning//morning]N'N$šiāri",
"links": [
{
"type": "link",
"xlink_title": "ina",
"xlink_type": "locator",
"xlink_href": "#P334049.l0199f",
"xlink_role": "elt"}
,
{
"type": "link",
"xlink_title": "šiāru",
"xlink_type": "locator",
"xlink_href": "#P334049.l019a0",
"xlink_role": "elt"}
]}
,
{
"type": "linkset",
"xlink_title": "ina muhhi[on//about]PRP'PRP",
"id": "P334049.ls00003",
"xlink_type": "extended",
"xlink_role": "psu",
"sig": "{ina[in]PRP muhhu[skull]N += ina muhhi[on//about]PRP'PRP}::@saao%akk-x-neoass:ina=ina[in//into]PRP'PRP$ina++@saao%akk-x-neoass:UGU=muhhu[skull//skull]N'N$muhhi",
"links": [
{
"type": "link",
"xlink_title": "ina",
"xlink_type": "locator",
"xlink_href": "#P334049.l019b1",
"xlink_role": "elt"}
,
{
"type": "link",
"xlink_title": "muhhi",
"xlink_type": "locator",
"xlink_href": "#P334049.l019b2",
"xlink_role": "elt"}
]}
]}
]}
