{
"type": "cdl",
  "source": "http://oracc.org/saao/saa01",
  "license": "This data is released under the CC0 license",
  "license-url": "https://creativecommons.org/publicdomain/zero/1.0/",
  "more-info": "http://oracc.org/doc/opendata/",
  "UTC-timestamp": "2017-05-19T11:22:18",
"project": "saao/saa01",
"textid": "P334658",
"cdl": [
{
"node": "c",
"type": "text",
"id": "P334658.U0",
"cdl": [
{
"node": "d",
"type": "object",
"ref": ""}
,
{
"node": "d",
"subtype": "obverse",
"type": "surface",
"ref": "P334658.o.1",
"type": "obverse",
"label": "o"}
,
{
"node": "c",
"type": "discourse",
"subtype": "body",
"id": "P334658.U1",
"cdl": [
{
"node": "c",
"type": "sentence",
"id": "P334658.U2",
"label": "o 1 - r 3'",
"cdl": [
{
"node": "d",
"type": "line-start",
"ref": "P334658.2",
"n": "1",
"label": "o 1"}
,
{
"node": "l",
"frag": "a-na",
"id": "P334658.l05a00",
"ref": "P334658.2.1",
"inst": "ana[to]PRP",
"sig": "@saao/saa01%akk-x-neoass:a-na=ana[to//to]PRP'PRP$ana",
"f": {"lang": "akk-x-neoass",
"form": "a-na",
"cf": "ana",
"gw": "to",
"sense": "to",
"norm": "ana",
"pos": "PRP",
"epos": "PRP"}
}
,
{
"node": "l",
"frag": "LUGAL",
"id": "P334658.l05a01",
"ref": "P334658.2.2",
"inst": "šarri[king]N",
"sig": "@saao/saa01%akk-x-neoass:LUGAL=šarru[king//king]N'N$šarri",
"f": {"lang": "akk-x-neoass",
"form": "LUGAL",
"cf": "šarru",
"gw": "king",
"sense": "king",
"norm": "šarri",
"pos": "N",
"epos": "N"}
}
,
{
"node": "l",
"frag": "EN-ia",
"id": "P334658.l05a02",
"ref": "P334658.2.3",
"inst": "bēlīya[lord]N",
"sig": "@saao/saa01%akk-x-neoass:EN-ia=bēlu[lord//lord]N'N$bēlīya",
"f": {"lang": "akk-x-neoass",
"form": "EN-ia",
"cf": "bēlu",
"gw": "lord",
"sense": "lord",
"norm": "bēlīya",
"pos": "N",
"epos": "N"}
}
,
{
"node": "d",
"type": "line-start",
"ref": "P334658.3",
"n": "2",
"label": "o 2"}
,
{
"node": "l",
"frag": "ARAD-ka",
"id": "P334658.l05a03",
"ref": "P334658.3.1",
"inst": "urdaka[servant]N",
"sig": "@saao/saa01%akk-x-neoass:ARAD-ka=ardu[slave//servant]N'N$urdaka",
"f": {"lang": "akk-x-neoass",
"form": "ARAD-ka",
"cf": "ardu",
"gw": "slave",
"sense": "servant",
"norm": "urdaka",
"pos": "N",
"epos": "N"}
}
,
{
"node": "l",
"frag": "{1}tak-lak-a-na-EN",
"id": "P334658.l05a04",
"ref": "P334658.3.2",
"inst": "Taklak-ana-Bel[1]PN",
"sig": "@saao/saa01%akk-x-neoass:{1}tak-lak-a-na-EN=Taklak-ana-Bel[1//1]PN'PN$Taklak-ana-Bel",
"f": {"lang": "akk-x-neoass",
"form": "{1}tak-lak-a-na-EN",
"cf": "Taklak-ana-Bel",
"gw": "1",
"sense": "1",
"norm": "Taklak-ana-Bel",
"pos": "PN",
"epos": "PN"}
}
,
{
"node": "d",
"type": "line-start",
"ref": "P334658.4",
"n": "3",
"label": "o 3"}
,
{
"node": "l",
"frag": "lu",
"id": "P334658.l05a05",
"ref": "P334658.4.1",
"inst": "lū[may]MOD",
"sig": "@saao/saa01%akk-x-neoass:lu=lū[may//may]MOD'MOD$lū",
"f": {"lang": "akk-x-neoass",
"form": "lu",
"cf": "lū",
"gw": "may",
"sense": "may",
"norm": "lū",
"pos": "MOD",
"epos": "MOD"}
}
,
{
"node": "l",
"frag": "šul-mu",
"id": "P334658.l05a06",
"ref": "P334658.4.2",
"inst": "šulmu[health]N",
"sig": "@saao/saa01%akk-x-neoass:šul-mu=šulmu[completeness//health]N'N$šulmu",
"f": {"lang": "akk-x-neoass",
"form": "šul-mu",
"cf": "šulmu",
"gw": "completeness",
"sense": "health",
"norm": "šulmu",
"pos": "N",
"epos": "N"}
}
,
{
"node": "l",
"frag": "a-na",
"id": "P334658.l05a07",
"ref": "P334658.4.3",
"inst": "ana[to]PRP",
"sig": "@saao/saa01%akk-x-neoass:a-na=ana[to//to]PRP'PRP$ana",
"f": {"lang": "akk-x-neoass",
"form": "a-na",
"cf": "ana",
"gw": "to",
"sense": "to",
"norm": "ana",
"pos": "PRP",
"epos": "PRP"}
}
,
{
"node": "l",
"frag": "LUGAL",
"id": "P334658.l05a08",
"ref": "P334658.4.4",
"inst": "šarri[king]N",
"sig": "@saao/saa01%akk-x-neoass:LUGAL=šarru[king//king]N'N$šarri",
"f": {"lang": "akk-x-neoass",
"form": "LUGAL",
"cf": "šarru",
"gw": "king",
"sense": "king",
"norm": "šarri",
"pos": "N",
"epos": "N"}
}
,
{
"node": "l",
"frag": "EN-ia₂",
"id": "P334658.l05a09",
"ref": "P334658.4.5",
"inst": "bēlīya[lord]N",
"sig": "@saao/saa01%akk-x-neoass:EN-ia₂=bēlu[lord//lord]N'N$bēlīya",
"f": {"lang": "akk-x-neoass",
"form": "EN-ia₂",
"cf": "bēlu",
"gw": "lord",
"sense": "lord",
"norm": "bēlīya",
"pos": "N",
"epos": "N"}
}
,
{
"node": "d",
"type": "line-start",
"ref": "P334658.5",
"n": "4",
"label": "o 4"}
,
{
"node": "c",
"type": "phrase",
"tag": "phr",
"id": "P334658.U4",
"ref": "P334658.ls00000",
"cdl": [
{
"node": "l",
"frag": "ina",
"id": "P334658.l05a0a",
"ref": "P334658.5.1",
"inst": "ina[in+=concerning]PRP",
"sig": "@saao/saa01%akk-x-neoass:ina=ina[in//in]PRP'PRP$ina",
"f": {"lang": "akk-x-neoass",
"form": "ina",
"cf": "ina",
"gw": "in",
"sense": "in",
"norm": "ina",
"pos": "PRP",
"epos": "PRP"}
}
,
{
"node": "l",
"frag": "UGU",
"id": "P334658.l05a0b",
"ref": "P334658.5.2",
"inst": "muhhi[skull]N",
"sig": "@saao/saa01%akk-x-neoass:UGU=muhhu[skull//top]N'N$muhhi",
"f": {"lang": "akk-x-neoass",
"form": "UGU",
"cf": "muhhu",
"gw": "skull",
"sense": "top",
"norm": "muhhi",
"pos": "N",
"epos": "N"}
}
]}
,
{
"node": "l",
"frag": "{uru}qa-pa-ta\\d-a.a",
"id": "P334658.l05a0c",
"ref": "P334658.5.3",
"inst": "Qappataya[Qappatean]EN$",
"sig": "@saao/saa01%akk-x-neoass:{URU}qa-pa-ta-a.a=Qappataya[Qappatean//Qappatean]EN'EN$Qappataya",
"f": {"lang": "akk-x-neoass",
"form": "{URU}qa-pa-ta-a.a",
"cf": "Qappataya",
"gw": "Qappatean",
"sense": "Qappatean",
"norm": "Qappataya",
"pos": "EN",
"epos": "EN"}
}
,
{
"node": "d",
"type": "line-start",
"ref": "P334658.6",
"n": "5",
"label": "o 5"}
,
{
"node": "l",
"frag": "ša\\d",
"id": "P334658.l05a0d",
"ref": "P334658.6.1",
"inst": "ša[who]REL",
"sig": "@saao/saa01%akk-x-neoass:ša=ša[that//who]REL'REL$ša",
"f": {"lang": "akk-x-neoass",
"form": "ša",
"cf": "ša",
"gw": "that",
"sense": "who",
"norm": "ša",
"pos": "REL",
"epos": "REL"}
}
,
{
"node": "l",
"frag": "LUGAL",
"id": "P334658.l05a0e",
"ref": "P334658.6.2",
"inst": "šarru[king]N",
"sig": "@saao/saa01%akk-x-neoass:LUGAL=šarru[king//king]N'N$šarru",
"f": {"lang": "akk-x-neoass",
"form": "LUGAL",
"cf": "šarru",
"gw": "king",
"sense": "king",
"norm": "šarru",
"pos": "N",
"epos": "N"}
}
,
{
"node": "l",
"frag": "be-li₂",
"id": "P334658.l05a0f",
"ref": "P334658.6.3",
"inst": "bēlī[lord]N",
"sig": "@saao/saa01%akk-x-neoass:be-li₂=bēlu[lord//lord]N'N$bēlī",
"f": {"lang": "akk-x-neoass",
"form": "be-li₂",
"cf": "bēlu",
"gw": "lord",
"sense": "lord",
"norm": "bēlī",
"pos": "N",
"epos": "N"}
}
,
{
"node": "l",
"frag": "iš-pur-an-[ni]",
"id": "P334658.l05a10",
"ref": "P334658.6.4",
"inst": "išpuranni[write]V",
"sig": "@saao/saa01%akk-x-neoass:iš-pur-an-ni=šapāru[send//write]V'V$išpuranni",
"f": {"lang": "akk-x-neoass",
"form": "iš-pur-an-ni",
"cf": "šapāru",
"gw": "send",
"sense": "write",
"norm": "išpuranni",
"pos": "V",
"epos": "V"}
}
,
{
"node": "d",
"type": "line-start",
"ref": "P334658.7",
"n": "6",
"label": "o 6"}
,
{
"node": "l",
"frag": "ma-a",
"id": "P334658.l05a11",
"ref": "P334658.7.1",
"inst": "mā[saying]PRP",
"sig": "@saao/saa01%akk-x-neoass:ma-a=mā[saying//saying]PRP'PRP$mā",
"f": {"lang": "akk-x-neoass",
"form": "ma-a",
"cf": "mā",
"gw": "saying",
"sense": "saying",
"norm": "mā",
"pos": "PRP",
"epos": "PRP"}
}
,
{
"node": "l",
"frag": "LU₂",
"id": "P334658.l05a12",
"ref": "P334658.7.2",
"inst": "amēlu[man]N",
"sig": "@saao/saa01%akk-x-neoass:LU₂=awīlu[man//man]N'N$amēlu",
"f": {"lang": "akk-x-neoass",
"form": "LU₂",
"cf": "awīlu",
"gw": "man",
"sense": "man",
"norm": "amēlu",
"pos": "N",
"epos": "N"}
}
,
{
"node": "d",
"frag": ":",
"type": "nonw",
"ref": "P334658.7.3",
"lang": "akk-x-neoass",
"type": "punct",
"gdl_delim": " "}
,
{
"node": "l",
"frag": "man-nu",
"id": "P334658.l05a13",
"ref": "P334658.7.4",
"inst": "mannu[who?]QP",
"sig": "@saao/saa01%akk-x-neoass:man-nu=mannu[who?//who?]QP'QP$mannu",
"f": {"lang": "akk-x-neoass",
"form": "man-nu",
"cf": "mannu",
"gw": "who?",
"sense": "who?",
"norm": "mannu",
"pos": "QP",
"epos": "QP"}
}
,
{
"node": "l",
"frag": "šu-u-tu₂",
"id": "P334658.l05a14",
"ref": "P334658.7.5",
"inst": "šūtu[he]IP",
"sig": "@saao/saa01%akk-x-neoass:šu-u-tu₂=šūtu[he//he]IP'IP$šūtu",
"f": {"lang": "akk-x-neoass",
"form": "šu-u-tu₂",
"cf": "šūtu",
"gw": "he",
"sense": "he",
"norm": "šūtu",
"pos": "IP",
"epos": "IP"}
}
,
{
"node": "d",
"type": "line-start",
"ref": "P334658.8",
"n": "7",
"label": "o 7"}
,
{
"node": "l",
"frag": "⸢ma⸣-[a]",
"id": "P334658.l05a15",
"ref": "P334658.8.1",
"inst": "mā[saying]PRP",
"sig": "@saao/saa01%akk-x-neoass:ma-a=mā[saying//saying]PRP'PRP$mā",
"f": {"lang": "akk-x-neoass",
"form": "ma-a",
"cf": "mā",
"gw": "saying",
"sense": "saying",
"norm": "mā",
"pos": "PRP",
"epos": "PRP"}
}
,
{
"node": "l",
"frag": "ina",
"id": "P334658.l05a16",
"ref": "P334658.8.2",
"inst": "ina[in]PRP",
"sig": "@saao/saa01%akk-x-neoass:ina=ina[in//in]PRP'PRP$ina",
"f": {"lang": "akk-x-neoass",
"form": "ina",
"cf": "ina",
"gw": "in",
"sense": "in",
"norm": "ina",
"pos": "PRP",
"epos": "PRP"}
}
,
{
"node": "l",
"frag": "sur-re-e",
"id": "P334658.l05a17",
"ref": "P334658.8.3",
"inst": "issurri[perhaps]AV$surrē",
"sig": "@saao/saa01%akk-x-neoass:sur-re-e=issurri[perhaps//perhaps]AV'AV$surrē",
"f": {"lang": "akk-x-neoass",
"form": "sur-re-e",
"cf": "issurri",
"gw": "perhaps",
"sense": "perhaps",
"norm": "surrē",
"pos": "AV",
"epos": "AV"}
}
,
{
"node": "l",
"frag": "URU",
"id": "P334658.l05a18",
"ref": "P334658.8.4",
"inst": "ālu[city//town]N$",
"sig": "@saao/saa01%akk-x-neoass:URU=ālu[city//town]N'N$ālu",
"f": {"lang": "akk-x-neoass",
"form": "URU",
"cf": "ālu",
"gw": "city",
"sense": "town",
"norm": "ālu",
"pos": "N",
"epos": "N"}
}
,
{
"node": "d",
"frag": ":",
"type": "nonw",
"ref": "P334658.8.5",
"lang": "akk-x-neoass",
"type": "punct",
"gdl_delim": " "}
,
{
"node": "l",
"frag": "u₂-ša\\d-ad-bi-bu-⸢šu₂⸣",
"id": "P334658.l05a19",
"ref": "P334658.8.6",
"inst": "dabābu[speak//plot]V$ušadbibuššu",
"sig": "@saao/saa01%akk-x-neoass:u₂-ša-ad-bi-bu-šu₂=dabābu[speak//plot]V'V$ušadbibuššu",
"f": {"lang": "akk-x-neoass",
"form": "u₂-ša-ad-bi-bu-šu₂",
"cf": "dabābu",
"gw": "speak",
"sense": "plot",
"norm": "ušadbibuššu",
"pos": "V",
"epos": "V"}
}
,
{
"node": "d",
"type": "line-start",
"ref": "P334658.9",
"n": "8",
"label": "o 8"}
,
{
"node": "l",
"frag": "ma",
"id": "P334658.l05a1a",
"ref": "P334658.9.1",
"inst": "mā[saying]PRP",
"sig": "@saao/saa01%akk-x-neoass:ma=mā[saying//saying]PRP'PRP$mā",
"f": {"lang": "akk-x-neoass",
"form": "ma",
"cf": "mā",
"gw": "saying",
"sense": "saying",
"norm": "mā",
"pos": "PRP",
"epos": "PRP"}
}
,
{
"node": "l",
"frag": "a-na",
"id": "P334658.l05a1b",
"ref": "P334658.9.2",
"inst": "ana[to]PRP",
"sig": "@saao/saa01%akk-x-neoass:a-na=ana[to//to]PRP'PRP$ana",
"f": {"lang": "akk-x-neoass",
"form": "a-na",
"cf": "ana",
"gw": "to",
"sense": "to",
"norm": "ana",
"pos": "PRP",
"epos": "PRP"}
}
,
{
"node": "l",
"frag": "{uru}⸢BAD₃\\p⸣-{1}MAN-GI].⸢NA⸣",
"id": "P334658.l05a1c",
"ref": "P334658.9.3",
"inst": "Dur-Šarruken[1]GN",
"sig": "@saao/saa01%akk-x-neoass:{URU}BAD₃-{1}MAN-GI.NA=Dur-Šarruken[1//1]GN'GN$Dur-Šarruken",
"f": {"lang": "akk-x-neoass",
"form": "{URU}BAD₃-{1}MAN-GI.NA",
"cf": "Dur-Šarruken",
"gw": "1",
"sense": "1",
"norm": "Dur-Šarruken",
"pos": "GN",
"epos": "GN"}
}
,
{
"node": "l",
"frag": "[x",
"id": "P334658.l05a1d",
"ref": "P334658.9.4",
"inst": "u",
"f": {"lang": "akk-x-neoass",
"form": "x",
"pos": "u"}
}
,
{
"node": "l",
"frag": "x]",
"id": "P334658.l05a1e",
"ref": "P334658.9.5",
"inst": "u",
"f": {"lang": "akk-x-neoass",
"form": "x",
"pos": "u"}
}
,
{
"node": "d",
"type": "line-start",
"ref": "P334658.10",
"n": "9",
"label": "o 9"}
,
{
"node": "l",
"frag": "⸢la⸣-a",
"id": "P334658.l05a1f",
"ref": "P334658.10.1",
"inst": "lā[not]MOD",
"sig": "@saao/saa01%akk-x-neoass:la-a=lā[not//not]MOD'MOD$lā",
"f": {"lang": "akk-x-neoass",
"form": "la-a",
"cf": "lā",
"gw": "not",
"sense": "not",
"norm": "lā",
"pos": "MOD",
"epos": "MOD"}
}
,
{
"node": "l",
"frag": "⸢tal⸣-[x",
"id": "P334658.l05a20",
"ref": "P334658.10.2",
"inst": "u",
"f": {"lang": "akk-x-neoass",
"form": "tal-x",
"pos": "u"}
}
,
{
"node": "l",
"frag": "x",
"id": "P334658.l05a21",
"ref": "P334658.10.3",
"inst": "u",
"f": {"lang": "akk-x-neoass",
"form": "x",
"pos": "u"}
}
,
{
"node": "l",
"frag": "x",
"id": "P334658.l05a22",
"ref": "P334658.10.4",
"inst": "u",
"f": {"lang": "akk-x-neoass",
"form": "x",
"pos": "u"}
}
,
{
"node": "l",
"frag": "x",
"id": "P334658.l05a23",
"ref": "P334658.10.5",
"inst": "u",
"f": {"lang": "akk-x-neoass",
"form": "x",
"pos": "u"}
}
,
{
"node": "l",
"frag": "x]",
"id": "P334658.l05a24",
"ref": "P334658.10.6",
"inst": "u",
"f": {"lang": "akk-x-neoass",
"form": "x",
"pos": "u"}
}
,
{
"node": "d",
"type": "line-start",
"ref": "P334658.11",
"n": "10",
"label": "o 10"}
,
{
"node": "l",
"frag": "{lu₂v}⸢qur⸣-[bu-te",
"id": "P334658.l05a25",
"ref": "P334658.11.1",
"inst": "ša-qurbūte[(royal) confidant]N",
"sig": "@saao/saa01%akk-x-neoass:{LU₂}qur-bu-te=ša-qurbūti[close follower//(royal) confidant]N'N$ša-qurbūte",
"f": {"lang": "akk-x-neoass",
"form": "{LU₂}qur-bu-te",
"cf": "ša-qurbūti",
"gw": "close follower",
"sense": "(royal) confidant",
"norm": "ša-qurbūte",
"pos": "N",
"epos": "N"}
}
,
{
"node": "l",
"frag": "x",
"id": "P334658.l05a26",
"ref": "P334658.11.2",
"inst": "u",
"f": {"lang": "akk-x-neoass",
"form": "x",
"pos": "u"}
}
,
{
"node": "l",
"frag": "x",
"id": "P334658.l05a27",
"ref": "P334658.11.3",
"inst": "u",
"f": {"lang": "akk-x-neoass",
"form": "x",
"pos": "u"}
}
,
{
"node": "l",
"frag": "x",
"id": "P334658.l05a28",
"ref": "P334658.11.4",
"inst": "u",
"f": {"lang": "akk-x-neoass",
"form": "x",
"pos": "u"}
}
,
{
"node": "l",
"frag": "x",
"id": "P334658.l05a29",
"ref": "P334658.11.5",
"inst": "u",
"f": {"lang": "akk-x-neoass",
"form": "x",
"pos": "u"}
}
,
{
"node": "l",
"frag": "x",
"id": "P334658.l05a2a",
"ref": "P334658.11.6",
"inst": "u",
"f": {"lang": "akk-x-neoass",
"form": "x",
"pos": "u"}
}
,
{
"node": "l",
"frag": "x]",
"id": "P334658.l05a2b",
"ref": "P334658.11.7",
"inst": "u",
"f": {"lang": "akk-x-neoass",
"form": "x",
"pos": "u"}
}
,
{
"node": "d",
"type": "line-start",
"ref": "P334658.12",
"n": "11",
"label": "o 11"}
,
{
"node": "l",
"frag": "⸢ma⸣-a",
"id": "P334658.l05a2c",
"ref": "P334658.12.1",
"inst": "mā[saying]PRP",
"sig": "@saao/saa01%akk-x-neoass:ma-a=mā[saying//saying]PRP'PRP$mā",
"f": {"lang": "akk-x-neoass",
"form": "ma-a",
"cf": "mā",
"gw": "saying",
"sense": "saying",
"norm": "mā",
"pos": "PRP",
"epos": "PRP"}
}
,
{
"node": "l",
"frag": "[x",
"id": "P334658.l05a2d",
"ref": "P334658.12.2",
"inst": "u",
"f": {"lang": "akk-x-neoass",
"form": "x",
"pos": "u"}
}
,
{
"node": "l",
"frag": "x",
"id": "P334658.l05a2e",
"ref": "P334658.12.3",
"inst": "u",
"f": {"lang": "akk-x-neoass",
"form": "x",
"pos": "u"}
}
,
{
"node": "l",
"frag": "x",
"id": "P334658.l05a2f",
"ref": "P334658.12.4",
"inst": "u",
"f": {"lang": "akk-x-neoass",
"form": "x",
"pos": "u"}
}
,
{
"node": "l",
"frag": "x",
"id": "P334658.l05a30",
"ref": "P334658.12.5",
"inst": "u",
"f": {"lang": "akk-x-neoass",
"form": "x",
"pos": "u"}
}
,
{
"node": "l",
"frag": "x",
"id": "P334658.l05a31",
"ref": "P334658.12.6",
"inst": "u",
"f": {"lang": "akk-x-neoass",
"form": "x",
"pos": "u"}
}
,
{
"node": "l",
"frag": "x]",
"id": "P334658.l05a32",
"ref": "P334658.12.7",
"inst": "u",
"f": {"lang": "akk-x-neoass",
"form": "x",
"pos": "u"}
}
,
{
"node": "d",
"type": "line-start",
"ref": "P334658.13",
"n": "12",
"label": "o 12"}
,
{
"node": "l",
"frag": "{⸢lu₂v⸣}[x",
"id": "P334658.l05a33",
"ref": "P334658.13.1",
"inst": "u",
"f": {"lang": "akk-x-neoass",
"form": "{LU₂}x",
"pos": "u"}
}
,
{
"node": "l",
"frag": "x",
"id": "P334658.l05a34",
"ref": "P334658.13.2",
"inst": "u",
"f": {"lang": "akk-x-neoass",
"form": "x",
"pos": "u"}
}
,
{
"node": "l",
"frag": "x",
"id": "P334658.l05a35",
"ref": "P334658.13.3",
"inst": "u",
"f": {"lang": "akk-x-neoass",
"form": "x",
"pos": "u"}
}
,
{
"node": "l",
"frag": "x",
"id": "P334658.l05a36",
"ref": "P334658.13.4",
"inst": "u",
"f": {"lang": "akk-x-neoass",
"form": "x",
"pos": "u"}
}
,
{
"node": "l",
"frag": "x",
"id": "P334658.l05a37",
"ref": "P334658.13.5",
"inst": "u",
"f": {"lang": "akk-x-neoass",
"form": "x",
"pos": "u"}
}
,
{
"node": "l",
"frag": "x",
"id": "P334658.l05a38",
"ref": "P334658.13.6",
"inst": "u",
"f": {"lang": "akk-x-neoass",
"form": "x",
"pos": "u"}
}
,
{
"node": "l",
"frag": "x]",
"id": "P334658.l05a39",
"ref": "P334658.13.7",
"inst": "u",
"f": {"lang": "akk-x-neoass",
"form": "x",
"pos": "u"}
}
,
{
"node": "d",
"type": "nonx",
"ref": "P334658.14",
"strict": "0",
"extent": "rest",
"state": "missing"}
,
{
"node": "d",
"subtype": "reverse",
"type": "surface",
"ref": "P334658.r.15",
"type": "reverse",
"label": "r"}
,
{
"node": "d",
"type": "nonx",
"ref": "P334658.16",
"strict": "0",
"extent": "beginning",
"state": "missing"}
,
{
"node": "d",
"type": "line-start",
"ref": "P334658.17",
"n": "1'",
"label": "r 1'"}
,
{
"node": "l",
"frag": "an-nu-⸢rig⸣",
"id": "P334658.l05a3a",
"ref": "P334658.17.1",
"inst": "annurig[now]AV",
"sig": "@saao/saa01%akk-x-neoass:an-nu-rig=annûri[now//now]AV'AV$annurig",
"f": {"lang": "akk-x-neoass",
"form": "an-nu-rig",
"cf": "annûri",
"gw": "now",
"sense": "now",
"norm": "annurig",
"pos": "AV",
"epos": "AV"}
}
,
{
"node": "l",
"frag": "[x",
"id": "P334658.l05a3b",
"ref": "P334658.17.2",
"inst": "u",
"f": {"lang": "akk-x-neoass",
"form": "x",
"pos": "u"}
}
,
{
"node": "l",
"frag": "x",
"id": "P334658.l05a3c",
"ref": "P334658.17.3",
"inst": "u",
"f": {"lang": "akk-x-neoass",
"form": "x",
"pos": "u"}
}
,
{
"node": "l",
"frag": "x",
"id": "P334658.l05a3d",
"ref": "P334658.17.4",
"inst": "u",
"f": {"lang": "akk-x-neoass",
"form": "x",
"pos": "u"}
}
,
{
"node": "l",
"frag": "x]",
"id": "P334658.l05a3e",
"ref": "P334658.17.5",
"inst": "u",
"f": {"lang": "akk-x-neoass",
"form": "x",
"pos": "u"}
}
,
{
"node": "d",
"type": "line-start",
"ref": "P334658.18",
"n": "2'",
"label": "r 2'"}
,
{
"node": "c",
"type": "phrase",
"tag": "phr",
"id": "P334658.U5",
"ref": "P334658.ls00001",
"cdl": [
{
"node": "l",
"frag": "ina",
"id": "P334658.l05a3f",
"ref": "P334658.18.1",
"inst": "ina[in+=to]PRP",
"sig": "@saao/saa01%akk-x-neoass:ina=ina[in//in]PRP'PRP$ina",
"f": {"lang": "akk-x-neoass",
"form": "ina",
"cf": "ina",
"gw": "in",
"sense": "in",
"norm": "ina",
"pos": "PRP",
"epos": "PRP"}
}
,
{
"node": "l",
"frag": "UGU",
"id": "P334658.l05a40",
"ref": "P334658.18.2",
"inst": "muhhi[skull]N",
"sig": "@saao/saa01%akk-x-neoass:UGU=muhhu[skull//top]N'N$muhhi",
"f": {"lang": "akk-x-neoass",
"form": "UGU",
"cf": "muhhu",
"gw": "skull",
"sense": "top",
"norm": "muhhi",
"pos": "N",
"epos": "N"}
}
]}
,
{
"node": "l",
"frag": "LUGAL",
"id": "P334658.l05a41",
"ref": "P334658.18.3",
"inst": "šarri[king]N",
"sig": "@saao/saa01%akk-x-neoass:LUGAL=šarru[king//king]N'N$šarri",
"f": {"lang": "akk-x-neoass",
"form": "LUGAL",
"cf": "šarru",
"gw": "king",
"sense": "king",
"norm": "šarri",
"pos": "N",
"epos": "N"}
}
,
{
"node": "l",
"frag": "[EN-ia]",
"id": "P334658.l05a42",
"ref": "P334658.18.4",
"inst": "bēlīya[lord]N",
"sig": "@saao/saa01%akk-x-neoass:EN-ia=bēlu[lord//lord]N'N$bēlīya",
"f": {"lang": "akk-x-neoass",
"form": "EN-ia",
"cf": "bēlu",
"gw": "lord",
"sense": "lord",
"norm": "bēlīya",
"pos": "N",
"epos": "N"}
}
,
{
"node": "d",
"type": "line-start",
"ref": "P334658.19",
"n": "3'",
"label": "r 3'"}
,
{
"node": "l",
"frag": "u₂-se-bi-[la-šu₂]",
"id": "P334658.l05a43",
"ref": "P334658.19.1",
"inst": "ussēbilaššu[send]V",
"sig": "@saao/saa01%akk-x-neoass:u₂-se-bi-la-šu₂=wabālu[bring//send]V'V$ussēbilaššu",
"f": {"lang": "akk-x-neoass",
"form": "u₂-se-bi-la-šu₂",
"cf": "wabālu",
"gw": "bring",
"sense": "send",
"norm": "ussēbilaššu",
"pos": "V",
"epos": "V"}
}
,
{
"node": "d",
"type": "nonx",
"ref": "P334658.20",
"strict": "0",
"extent": "rest",
"scope": "line",
"state": "blank"}
]}
]}
]}
,
{
"linkbase": [{
"type": "linkset",
"xlink_title": "ina muhhi[on//about]PRP'PRP",
"id": "P334658.ls00000",
"xlink_type": "extended",
"xlink_role": "psu",
"sig": "{ina[in]PRP muhhu[skull]N += ina muhhi[on//about]PRP'PRP}::@saao%akk-x-neoass:ina=ina[in//into]PRP'PRP$ina++@saao%akk-x-neoass:UGU=muhhu[skull//skull]N'N$muhhi",
"links": [
{
"type": "link",
"xlink_title": "ina",
"xlink_type": "locator",
"xlink_href": "#P334658.l05a0a",
"xlink_role": "elt"}
,
{
"type": "link",
"xlink_title": "muhhu",
"xlink_type": "locator",
"xlink_href": "#P334658.l05a0b",
"xlink_role": "elt"}
]}
,
{
"type": "linkset",
"xlink_title": "ina muhhi[on//about]PRP'PRP",
"id": "P334658.ls00001",
"xlink_type": "extended",
"xlink_role": "psu",
"sig": "{ina[in]PRP muhhu[skull]N += ina muhhi[on//about]PRP'PRP}::@saao%akk-x-neoass:ina=ina[in//into]PRP'PRP$ina++@saao%akk-x-neoass:UGU=muhhu[skull//skull]N'N$muhhi",
"links": [
{
"type": "link",
"xlink_title": "ina",
"xlink_type": "locator",
"xlink_href": "#P334658.l05a3f",
"xlink_role": "elt"}
,
{
"type": "link",
"xlink_title": "muhhu",
"xlink_type": "locator",
"xlink_href": "#P334658.l05a40",
"xlink_role": "elt"}
]}
]}
]}
