{
"type": "cdl",
  "source": "http://oracc.org/saao/saa01",
  "license": "This data is released under the CC0 license",
  "license-url": "https://creativecommons.org/publicdomain/zero/1.0/",
  "more-info": "http://oracc.org/doc/opendata/",
  "UTC-timestamp": "2017-05-19T11:22:10",
"project": "saao/saa01",
"textid": "P334209",
"cdl": [
{
"node": "c",
"type": "text",
"id": "P334209.U0",
"cdl": [
{
"node": "d",
"type": "object",
"ref": ""}
,
{
"node": "d",
"subtype": "obverse",
"type": "surface",
"ref": "P334209.o.1",
"type": "obverse",
"label": "o"}
,
{
"node": "c",
"type": "discourse",
"subtype": "body",
"id": "P334209.U1",
"cdl": [
{
"node": "c",
"type": "sentence",
"id": "P334209.U2",
"label": "o 1 - r 7",
"cdl": [
{
"node": "d",
"type": "line-start",
"ref": "P334209.2",
"n": "1",
"label": "o 1"}
,
{
"node": "l",
"frag": "a-na",
"id": "P334209.l04978",
"ref": "P334209.2.1",
"inst": "ana[to]PRP",
"sig": "@saao/saa01%akk-x-neoass:a-na=ana[to//to]PRP'PRP$ana",
"f": {"lang": "akk-x-neoass",
"form": "a-na",
"cf": "ana",
"gw": "to",
"sense": "to",
"norm": "ana",
"pos": "PRP",
"epos": "PRP"}
}
,
{
"node": "l",
"frag": "LUGAL",
"id": "P334209.l04979",
"ref": "P334209.2.2",
"inst": "šarri[king]N",
"sig": "@saao/saa01%akk-x-neoass:LUGAL=šarru[king//king]N'N$šarri",
"f": {"lang": "akk-x-neoass",
"form": "LUGAL",
"cf": "šarru",
"gw": "king",
"sense": "king",
"norm": "šarri",
"pos": "N",
"epos": "N"}
}
,
{
"node": "l",
"frag": "EN-ia",
"id": "P334209.l0497a",
"ref": "P334209.2.3",
"inst": "bēlīya[lord]N",
"sig": "@saao/saa01%akk-x-neoass:EN-ia=bēlu[lord//lord]N'N$bēlīya",
"f": {"lang": "akk-x-neoass",
"form": "EN-ia",
"cf": "bēlu",
"gw": "lord",
"sense": "lord",
"norm": "bēlīya",
"pos": "N",
"epos": "N"}
}
,
{
"node": "d",
"type": "line-start",
"ref": "P334209.3",
"n": "2",
"label": "o 2"}
,
{
"node": "l",
"frag": "ARAD-⸢ka⸣",
"id": "P334209.l0497b",
"ref": "P334209.3.1",
"inst": "urdaka[servant]N",
"sig": "@saao/saa01%akk-x-neoass:ARAD-ka=ardu[slave//servant]N'N$urdaka",
"f": {"lang": "akk-x-neoass",
"form": "ARAD-ka",
"cf": "ardu",
"gw": "slave",
"sense": "servant",
"norm": "urdaka",
"pos": "N",
"epos": "N"}
}
,
{
"node": "l",
"frag": "{1}{⸢d⸣}IM-ib-ni",
"id": "P334209.l0497c",
"ref": "P334209.3.2",
"inst": "Adad-ibni[1]PN",
"sig": "@saao/saa01%akk-x-neoass:{1}{d}IM-ib-ni=Adad-ibni[1//1]PN'PN$Adad-ibni",
"f": {"lang": "akk-x-neoass",
"form": "{1}{d}IM-ib-ni",
"cf": "Adad-ibni",
"gw": "1",
"sense": "1",
"norm": "Adad-ibni",
"pos": "PN",
"epos": "PN"}
}
,
{
"node": "d",
"type": "line-start",
"ref": "P334209.4",
"n": "3",
"label": "o 3"}
,
{
"node": "l",
"frag": "[lu",
"id": "P334209.l0497d",
"ref": "P334209.4.1",
"inst": "lū[may]MOD",
"sig": "@saao/saa01%akk-x-neoass:lu=lū[may//may]MOD'MOD$lū",
"f": {"lang": "akk-x-neoass",
"form": "lu",
"cf": "lū",
"gw": "may",
"sense": "may",
"norm": "lū",
"pos": "MOD",
"epos": "MOD"}
}
,
{
"node": "l",
"frag": "DI-mu]",
"id": "P334209.l0497e",
"ref": "P334209.4.2",
"inst": "šulmu[health]N",
"sig": "@saao/saa01%akk-x-neoass:DI-mu=šulmu[completeness//health]N'N$šulmu",
"f": {"lang": "akk-x-neoass",
"form": "DI-mu",
"cf": "šulmu",
"gw": "completeness",
"sense": "health",
"norm": "šulmu",
"pos": "N",
"epos": "N"}
}
,
{
"node": "l",
"frag": "a-na\\y",
"id": "P334209.l0497f",
"ref": "P334209.4.3",
"inst": "ana[to]PRP",
"sig": "@saao/saa01%akk-x-neoass:a-na=ana[to//to]PRP'PRP$ana",
"f": {"lang": "akk-x-neoass",
"form": "a-na",
"cf": "ana",
"gw": "to",
"sense": "to",
"norm": "ana",
"pos": "PRP",
"epos": "PRP"}
}
,
{
"node": "l",
"frag": "LUGAL",
"id": "P334209.l04980",
"ref": "P334209.4.4",
"inst": "šarri[king]N",
"sig": "@saao/saa01%akk-x-neoass:LUGAL=šarru[king//king]N'N$šarri",
"f": {"lang": "akk-x-neoass",
"form": "LUGAL",
"cf": "šarru",
"gw": "king",
"sense": "king",
"norm": "šarri",
"pos": "N",
"epos": "N"}
}
,
{
"node": "l",
"frag": "EN-ia",
"id": "P334209.l04981",
"ref": "P334209.4.5",
"inst": "bēlīya[lord]N",
"sig": "@saao/saa01%akk-x-neoass:EN-ia=bēlu[lord//lord]N'N$bēlīya",
"f": {"lang": "akk-x-neoass",
"form": "EN-ia",
"cf": "bēlu",
"gw": "lord",
"sense": "lord",
"norm": "bēlīya",
"pos": "N",
"epos": "N"}
}
,
{
"node": "d",
"type": "line-start",
"ref": "P334209.5",
"n": "4",
"label": "o 4"}
,
{
"node": "c",
"type": "phrase",
"tag": "phr",
"id": "P334209.U4",
"ref": "P334209.ls00000",
"cdl": [
{
"node": "l",
"frag": "[ina",
"id": "P334209.l04982",
"ref": "P334209.5.1",
"inst": "ina[in+=concerning]PRP",
"sig": "@saao/saa01%akk-x-neoass:ina=ina[in//in]PRP'PRP$ina",
"f": {"lang": "akk-x-neoass",
"form": "ina",
"cf": "ina",
"gw": "in",
"sense": "in",
"norm": "ina",
"pos": "PRP",
"epos": "PRP"}
}
,
{
"node": "l",
"frag": "UGU]",
"id": "P334209.l04983",
"ref": "P334209.5.2",
"inst": "muhhi[skull]N",
"sig": "@saao/saa01%akk-x-neoass:UGU=muhhu[skull//top]N'N$muhhi",
"f": {"lang": "akk-x-neoass",
"form": "UGU",
"cf": "muhhu",
"gw": "skull",
"sense": "top",
"norm": "muhhi",
"pos": "N",
"epos": "N"}
}
]}
,
{
"node": "l",
"frag": "{lu₂vy}SAG-MEŠ-ni",
"id": "P334209.l04984",
"ref": "P334209.5.3",
"inst": "ša-rēši[eunuch]N$ša-rēšāni",
"sig": "@saao/saa01%akk-x-neoass:{LU₂}SAG-MEŠ-ni=ša-rēši[eunuch//eunuch]N'N$ša-rēšāni",
"f": {"lang": "akk-x-neoass",
"form": "{LU₂}SAG-MEŠ-ni",
"cf": "ša-rēši",
"gw": "eunuch",
"sense": "eunuch",
"norm": "ša-rēšāni",
"pos": "N",
"epos": "N"}
}
,
{
"node": "d",
"type": "line-start",
"ref": "P334209.6",
"n": "5",
"label": "o 5"}
,
{
"node": "l",
"frag": "[ša]",
"id": "P334209.l04985",
"ref": "P334209.6.1",
"inst": "ša[of]DET",
"sig": "@saao/saa01%akk-x-neoass:ša=ša[of//of]DET'DET$ša",
"f": {"lang": "akk-x-neoass",
"form": "ša",
"cf": "ša",
"gw": "of",
"sense": "of",
"norm": "ša",
"pos": "DET",
"epos": "DET"}
}
,
{
"node": "l",
"frag": "⸢E₂⸣",
"id": "P334209.l04986",
"ref": "P334209.6.2",
"inst": "bēt[house]N",
"sig": "@saao/saa01%akk-x-neoass:E₂=bītu[house//house]N'N$bēt",
"f": {"lang": "akk-x-neoass",
"form": "E₂",
"cf": "bītu",
"gw": "house",
"sense": "house",
"norm": "bēt",
"pos": "N",
"epos": "N"}
}
,
{
"node": "l",
"frag": "{1}aš-šur-DINGIR-a.a",
"id": "P334209.l04987",
"ref": "P334209.6.3",
"inst": "Aššur-ilaʾi[]PN$",
"sig": "@saao/saa01%akk-x-neoass:{1}aš-šur-DINGIR-a.a=Aššur-ilaʾi[1//1]PN'PN$Aššur-ilaʾi",
"f": {"lang": "akk-x-neoass",
"form": "{1}aš-šur-DINGIR-a.a",
"cf": "Aššur-ilaʾi",
"gw": "1",
"sense": "1",
"norm": "Aššur-ilaʾi",
"pos": "PN",
"epos": "PN"}
}
,
{
"node": "d",
"type": "line-start",
"ref": "P334209.7",
"n": "6",
"label": "o 6"}
,
{
"node": "l",
"frag": "[ša",
"id": "P334209.l04988",
"ref": "P334209.7.1",
"inst": "ša[who]REL",
"sig": "@saao/saa01%akk-x-neoass:ša=ša[that//who]REL'REL$ša",
"f": {"lang": "akk-x-neoass",
"form": "ša",
"cf": "ša",
"gw": "that",
"sense": "who",
"norm": "ša",
"pos": "REL",
"epos": "REL"}
}
,
{
"node": "l",
"frag": "LUGAL]",
"id": "P334209.l04989",
"ref": "P334209.7.2",
"inst": "šarru[king]N",
"sig": "@saao/saa01%akk-x-neoass:LUGAL=šarru[king//king]N'N$šarru",
"f": {"lang": "akk-x-neoass",
"form": "LUGAL",
"cf": "šarru",
"gw": "king",
"sense": "king",
"norm": "šarru",
"pos": "N",
"epos": "N"}
}
,
{
"node": "l",
"frag": "iš-pur-a-ni",
"id": "P334209.l0498a",
"ref": "P334209.7.3",
"inst": "išpuranni[write]V",
"sig": "@saao/saa01%akk-x-neoass:iš-pur-a-ni=šapāru[send//write]V'V$išpuranni",
"f": {"lang": "akk-x-neoass",
"form": "iš-pur-a-ni",
"cf": "šapāru",
"gw": "send",
"sense": "write",
"norm": "išpuranni",
"pos": "V",
"epos": "V"}
}
,
{
"node": "d",
"type": "line-start",
"ref": "P334209.8",
"n": "7",
"label": "o 7"}
,
{
"node": "l",
"frag": "[ma-a",
"id": "P334209.l0498b",
"ref": "P334209.8.1",
"inst": "mā[saying]PRP",
"sig": "@saao/saa01%akk-x-neoass:ma-a=mā[saying//saying]PRP'PRP$mā",
"f": {"lang": "akk-x-neoass",
"form": "ma-a",
"cf": "mā",
"gw": "saying",
"sense": "saying",
"norm": "mā",
"pos": "PRP",
"epos": "PRP"}
}
,
{
"node": "l",
"frag": "lu-bi]-lu-na\\y-šu-nu",
"id": "P334209.l0498c",
"ref": "P334209.8.2",
"inst": "wabālu[bring]V$lūbilunaššunu",
"sig": "@saao/saa01%akk-x-neoass:lu-bi-lu-na-šu-nu=wabālu[bring//bring]V'V$lūbilunaššunu",
"f": {"lang": "akk-x-neoass",
"form": "lu-bi-lu-na-šu-nu",
"cf": "wabālu",
"gw": "bring",
"sense": "bring",
"norm": "lūbilunaššunu",
"pos": "V",
"epos": "V"}
}
,
{
"node": "d",
"type": "line-start",
"ref": "P334209.9",
"n": "8",
"label": "o 8"}
,
{
"node": "l",
"frag": "{1}ARAD]-{⸢d⸣}15",
"id": "P334209.l0498d",
"ref": "P334209.9.1",
"inst": "Urdu-Issar[]PN$",
"sig": "@saao/saa01%akk-x-neoass:{1}ARAD-{d}15=Urdu-Issar[1//1]PN'PN$Urdu-Issar",
"f": {"lang": "akk-x-neoass",
"form": "{1}ARAD-{d}15",
"cf": "Urdu-Issar",
"gw": "1",
"sense": "1",
"norm": "Urdu-Issar",
"pos": "PN",
"epos": "PN"}
}
,
{
"node": "l",
"frag": "{lu₂vy}KAŠ.LUL",
"id": "P334209.l0498e",
"ref": "P334209.9.2",
"inst": "šāqû[butler//cupbearer]N$",
"sig": "@saao/saa01%akk-x-neoass:{LU₂}KAŠ.LUL=šāqû[butler//cupbearer]N'N$šāqû",
"f": {"lang": "akk-x-neoass",
"form": "{LU₂}KAŠ.LUL",
"cf": "šāqû",
"gw": "butler",
"sense": "cupbearer",
"norm": "šāqû",
"pos": "N",
"epos": "N"}
}
,
{
"node": "d",
"type": "line-start",
"ref": "P334209.10",
"n": "9",
"label": "o 9"}
,
{
"node": "l",
"frag": "{1}GIŠ.MI-{d}UTU",
"id": "P334209.l0498f",
"ref": "P334209.10.1",
"inst": "Ṣil-Šamaš[1]PN$",
"sig": "@saao/saa01%akk-x-neoass:{1}GIŠ.MI-{d}UTU=Ṣil-Šamaš[1//1]PN'PN$Ṣil-Šamaš",
"f": {"lang": "akk-x-neoass",
"form": "{1}GIŠ.MI-{d}UTU",
"cf": "Ṣil-Šamaš",
"gw": "1",
"sense": "1",
"norm": "Ṣil-Šamaš",
"pos": "PN",
"epos": "PN"}
}
,
{
"node": "l",
"frag": "{lu₂vy}kar-ka-din",
"id": "P334209.l04990",
"ref": "P334209.10.2",
"inst": "kakardinnu[victualler]N$karkadin",
"sig": "@saao/saa01%akk-x-neoass:{LU₂}kar-ka-din=kakardinnu[victualler//victualler]N'N$karkadin",
"f": {"lang": "akk-x-neoass",
"form": "{LU₂}kar-ka-din",
"cf": "kakardinnu",
"gw": "victualler",
"sense": "victualler",
"norm": "karkadin",
"pos": "N",
"epos": "N"}
}
,
{
"node": "d",
"type": "line-start",
"ref": "P334209.11",
"n": "10",
"label": "o 10"}
,
{
"node": "l",
"frag": "{1}EN-de\\d-ni-a-mur",
"id": "P334209.l04991",
"ref": "P334209.11.1",
"inst": "Bel-deni-amur[]PN$",
"sig": "@saao/saa01%akk-x-neoass:{1}EN-de-ni-a-mur=Bel-deni-amur[1//1]PN'PN$Bel-deni-amur",
"f": {"lang": "akk-x-neoass",
"form": "{1}EN-de-ni-a-mur",
"cf": "Bel-deni-amur",
"gw": "1",
"sense": "1",
"norm": "Bel-deni-amur",
"pos": "PN",
"epos": "PN"}
}
,
{
"node": "l",
"frag": "{lu₂vy}MU",
"id": "P334209.l04992",
"ref": "P334209.11.2",
"inst": "nuhatimmu[cook]N",
"sig": "@saao/saa01%akk-x-neoass:{LU₂}MU=nuhatimmu[cook//cook]N'N$nuhatimmu",
"f": {"lang": "akk-x-neoass",
"form": "{LU₂}MU",
"cf": "nuhatimmu",
"gw": "cook",
"sense": "cook",
"norm": "nuhatimmu",
"pos": "N",
"epos": "N"}
}
,
{
"node": "d",
"type": "line-start",
"ref": "P334209.12",
"n": "11",
"label": "o 11"}
,
{
"node": "l",
"frag": "{1}⸢pa⸣-ta-mu-u",
"id": "P334209.l04993",
"ref": "P334209.12.1",
"inst": "Patamu[]PN$",
"sig": "@saao/saa01%akk-x-neoass:{1}pa-ta-mu-u=Patamu[1//1]PN'PN$Patamu",
"f": {"lang": "akk-x-neoass",
"form": "{1}pa-ta-mu-u",
"cf": "Patamu",
"gw": "1",
"sense": "1",
"norm": "Patamu",
"pos": "PN",
"epos": "PN"}
}
,
{
"node": "l",
"frag": "{lu₂vy}SAG",
"id": "P334209.l04994",
"ref": "P334209.12.2",
"inst": "ša-rēši[eunuch]N",
"sig": "@saao/saa01%akk-x-neoass:{LU₂}SAG=ša-rēši[eunuch//eunuch]N'N$ša-rēši",
"f": {"lang": "akk-x-neoass",
"form": "{LU₂}SAG",
"cf": "ša-rēši",
"gw": "eunuch",
"sense": "eunuch",
"norm": "ša-rēši",
"pos": "N",
"epos": "N"}
}
,
{
"node": "d",
"type": "line-start",
"ref": "P334209.13",
"n": "12",
"label": "o 12"}
,
{
"node": "l",
"frag": "[PAB",
"id": "P334209.l04995",
"ref": "P334209.13.1",
"inst": "gimru[total]N",
"sig": "@saao/saa01%akk-x-neoass:PAB=gimru[totality//total]N'N$gimru",
"f": {"lang": "akk-x-neoass",
"form": "PAB",
"cf": "gimru",
"gw": "totality",
"sense": "total",
"norm": "gimru",
"pos": "N",
"epos": "N"}
}
,
{
"node": "l",
"frag": "04",
"id": "P334209.l04996",
"ref": "P334209.13.2",
"inst": "n",
"f": {"lang": "akk-x-neoass",
"form": "04",
"pos": "n"}
}
,
{
"node": "l",
"frag": "{lu₂vy}SAG-MEŠ-ni",
"id": "P334209.l04997",
"ref": "P334209.13.3",
"inst": "ša-rēšāni[eunuch]N",
"sig": "@saao/saa01%akk-x-neoass:{LU₂}SAG-MEŠ-ni=ša-rēši[eunuch//eunuch]N'N$ša-rēšāni",
"f": {"lang": "akk-x-neoass",
"form": "{LU₂}SAG-MEŠ-ni",
"cf": "ša-rēši",
"gw": "eunuch",
"sense": "eunuch",
"norm": "ša-rēšāni",
"pos": "N",
"epos": "N"}
}
,
{
"node": "d",
"subtype": "reverse",
"type": "surface",
"ref": "P334209.r.14",
"type": "reverse",
"label": "r"}
,
{
"node": "d",
"type": "line-start",
"ref": "P334209.15",
"n": "1",
"label": "r 1"}
,
{
"node": "l",
"frag": "⸢an-nu⸣-rig",
"id": "P334209.l04998",
"ref": "P334209.15.1",
"inst": "annurig[now]AV",
"sig": "@saao/saa01%akk-x-neoass:an-nu-rig=annûri[now//now]AV'AV$annurig",
"f": {"lang": "akk-x-neoass",
"form": "an-nu-rig",
"cf": "annûri",
"gw": "now",
"sense": "now",
"norm": "annurig",
"pos": "AV",
"epos": "AV"}
}
,
{
"node": "c",
"type": "phrase",
"tag": "phr",
"id": "P334209.U5",
"ref": "P334209.ls00001",
"cdl": [
{
"node": "l",
"frag": "ina",
"id": "P334209.l04999",
"ref": "P334209.15.2",
"inst": "ina[in]PRP",
"sig": "@saao/saa01%akk-x-neoass:ina=ina[in//in]PRP'PRP$ina",
"f": {"lang": "akk-x-neoass",
"form": "ina",
"cf": "ina",
"gw": "in",
"sense": "in",
"norm": "ina",
"pos": "PRP",
"epos": "PRP"}
}
,
{
"node": "l",
"frag": "ŠU.2",
"id": "P334209.l0499a",
"ref": "P334209.15.3",
"inst": "qātē[hand]N",
"sig": "@saao/saa01%akk-x-neoass:ŠU.2=qātu[hand//hand]N'N$qātē",
"f": {"lang": "akk-x-neoass",
"form": "ŠU.2",
"cf": "qātu",
"gw": "hand",
"sense": "hand",
"norm": "qātē",
"pos": "N",
"epos": "N"}
}
]}
,
{
"node": "d",
"type": "line-start",
"ref": "P334209.16",
"n": "2",
"label": "r 2"}
,
{
"node": "c",
"type": "phrase",
"tag": "phr",
"id": "P334209.U6",
"ref": "P334209.ls00002",
"cdl": [
{
"node": "l",
"frag": "{lu₂vy}kal-lap-ši-bir-⸢tu₂⸣",
"id": "P334209.l0499b",
"ref": "P334209.16.1",
"cof-tails": "P334209.l0499c",
"inst": "kallāpu[outrider]N$kallāp&šipirtu[message]N$šibirtu",
"sig": "@saao/saa01%akk-x-neoass:{LU₂}kal-lap-ši-bir-tu₂=kallāpu[outrider//outrider]N'N$kallāp&&@saao%akk-x-neoass:=šipirtu[message//message]N'N$šibirtu",
"f": {"lang": "akk-x-neoass",
"form": "{LU₂}kal-lap-ši-bir-tu₂",
"cf": "kallāpu",
"gw": "outrider",
"sense": "outrider",
"norm": "kallāp",
"pos": "N",
"epos": "N"}
}
,
{
"node": "l",
"frag": "{lu₂vy}kal-lap-ši-bir-⸢tu₂⸣",
"id": "P334209.l0499c",
"ref": "P334209.16.1",
"cof-head": "P334209.l0499b",
"inst": "kallāpu[outrider]N$kallāp&šipirtu[message]N$šibirtu",
"tail-sig": "@saao%akk-x-neoass:=šipirtu[message//message]N'N$šibirtu",
"f": {"lang": "akk-x-neoass",
"form": "{LU₂}kal-lap-ši-bir-tu₂",
"cf": "šipirtu",
"gw": "message",
"sense": "message",
"norm": "šibirtu",
"pos": "N",
"epos": "N"}
}
]}
,
{
"node": "d",
"type": "line-start",
"ref": "P334209.17",
"n": "3",
"label": "r 3"}
,
{
"node": "l",
"frag": "ina",
"id": "P334209.l0499d",
"ref": "P334209.17.1",
"inst": "ina[in//to]PRP$",
"sig": "@saao/saa01%akk-x-neoass:ina=ina[in//to]PRP'PRP$ina",
"f": {"lang": "akk-x-neoass",
"form": "ina",
"cf": "ina",
"gw": "in",
"sense": "to",
"norm": "ina",
"pos": "PRP",
"epos": "PRP"}
}
,
{
"node": "l",
"frag": "E₂.GAL",
"id": "P334209.l0499e",
"ref": "P334209.17.2",
"inst": "ēkalli[palace]N",
"sig": "@saao/saa01%akk-x-neoass:E₂.GAL=ēkallu[palace//palace]N'N$ēkalli",
"f": {"lang": "akk-x-neoass",
"form": "E₂.GAL",
"cf": "ēkallu",
"gw": "palace",
"sense": "palace",
"norm": "ēkalli",
"pos": "N",
"epos": "N"}
}
,
{
"node": "d",
"type": "line-start",
"ref": "P334209.18",
"n": "4",
"label": "r 4"}
,
{
"node": "l",
"frag": "u₂\\m-se-bi-la-šu₂-nu",
"id": "P334209.l0499f",
"ref": "P334209.18.1",
"inst": "ussēbilaššunu[send]V",
"sig": "@saao/saa01%akk-x-neoass:u₂-se-bi-la-šu₂-nu=wabālu[bring//send]V'V$ussēbilaššunu",
"f": {"lang": "akk-x-neoass",
"form": "u₂-se-bi-la-šu₂-nu",
"cf": "wabālu",
"gw": "bring",
"sense": "send",
"norm": "ussēbilaššunu",
"pos": "V",
"epos": "V"}
}
,
{
"node": "d",
"type": "line-start",
"ref": "P334209.19",
"n": "5",
"label": "r 5"}
,
{
"node": "l",
"frag": "LUGAL",
"id": "P334209.l049a0",
"ref": "P334209.19.1",
"inst": "šarru[king]N",
"sig": "@saao/saa01%akk-x-neoass:LUGAL=šarru[king//king]N'N$šarru",
"f": {"lang": "akk-x-neoass",
"form": "LUGAL",
"cf": "šarru",
"gw": "king",
"sense": "king",
"norm": "šarru",
"pos": "N",
"epos": "N"}
}
,
{
"node": "l",
"frag": "EN",
"id": "P334209.l049a1",
"ref": "P334209.19.2",
"inst": "bēlī[lord]N",
"sig": "@saao/saa01%akk-x-neoass:EN=bēlu[lord//lord]N'N$bēlī",
"f": {"lang": "akk-x-neoass",
"form": "EN",
"cf": "bēlu",
"gw": "lord",
"sense": "lord",
"norm": "bēlī",
"pos": "N",
"epos": "N"}
}
,
{
"node": "l",
"frag": "⸢liš⸣-al-šu₂-nu",
"id": "P334209.l049a2",
"ref": "P334209.19.3",
"inst": "lišʾalšunu[ask]V",
"sig": "@saao/saa01%akk-x-neoass:liš-al-šu₂-nu=šâlu[ask//ask]V'V$lišʾalšunu",
"f": {"lang": "akk-x-neoass",
"form": "liš-al-šu₂-nu",
"cf": "šâlu",
"gw": "ask",
"sense": "ask",
"norm": "lišʾalšunu",
"pos": "V",
"epos": "V"}
}
,
{
"node": "d",
"type": "line-start",
"ref": "P334209.20",
"n": "6",
"label": "r 6"}
,
{
"node": "l",
"frag": "{lu₂vy}ARAD-MEŠ\\m-ni",
"id": "P334209.l049a3",
"ref": "P334209.20.1",
"inst": "urdāni[servant]N",
"sig": "@saao/saa01%akk-x-neoass:{LU₂}ARAD-MEŠ-ni=ardu[slave//servant]N'N$urdāni",
"f": {"lang": "akk-x-neoass",
"form": "{LU₂}ARAD-MEŠ-ni",
"cf": "ardu",
"gw": "slave",
"sense": "servant",
"norm": "urdāni",
"pos": "N",
"epos": "N"}
}
,
{
"node": "d",
"type": "line-start",
"ref": "P334209.21",
"n": "7",
"label": "r 7"}
,
{
"node": "l",
"frag": "ša\\m",
"id": "P334209.l049a4",
"ref": "P334209.21.1",
"inst": "ša[of]DET",
"sig": "@saao/saa01%akk-x-neoass:ša=ša[of//of]DET'DET$ša",
"f": {"lang": "akk-x-neoass",
"form": "ša",
"cf": "ša",
"gw": "of",
"sense": "of",
"norm": "ša",
"pos": "DET",
"epos": "DET"}
}
,
{
"node": "l",
"frag": "{uru}DUL-bur-si-bi",
"id": "P334209.l049a5",
"ref": "P334209.21.2",
"inst": "Til-Barsip[]GN$Til-Bursibi",
"sig": "@saao/saa01%akk-x-neoass:{URU}DUL-bur-si-bi=Til-Barsip[1//1]GN'GN$Til-Bursibi",
"f": {"lang": "akk-x-neoass",
"form": "{URU}DUL-bur-si-bi",
"cf": "Til-Barsip",
"gw": "1",
"sense": "1",
"norm": "Til-Bursibi",
"pos": "GN",
"epos": "GN"}
}
,
{
"node": "l",
"frag": "šu-nu",
"id": "P334209.l049a6",
"ref": "P334209.21.3",
"inst": "šunu[they]IP",
"sig": "@saao/saa01%akk-x-neoass:šu-nu=šunu[they//they]IP'IP$šunu",
"f": {"lang": "akk-x-neoass",
"form": "šu-nu",
"cf": "šunu",
"gw": "they",
"sense": "they",
"norm": "šunu",
"pos": "IP",
"epos": "IP"}
}
]}
]}
]}
,
{
"linkbase": [{
"type": "linkset",
"xlink_title": "ina muhhi[on//about]PRP'PRP",
"id": "P334209.ls00000",
"xlink_type": "extended",
"xlink_role": "psu",
"sig": "{ina[in]PRP muhhu[skull]N += ina muhhi[on//about]PRP'PRP}::@saao%akk-x-neoass:ina=ina[in//into]PRP'PRP$ina++@saao%akk-x-neoass:UGU=muhhu[skull//skull]N'N$muhhi",
"links": [
{
"type": "link",
"xlink_title": "ina",
"xlink_type": "locator",
"xlink_href": "#P334209.l04982",
"xlink_role": "elt"}
,
{
"type": "link",
"xlink_title": "muhhu",
"xlink_type": "locator",
"xlink_href": "#P334209.l04983",
"xlink_role": "elt"}
]}
,
{
"type": "linkset",
"xlink_title": "ina qāti[in/from s.o.ʾs possession, control//in/from s.o.ʾs possession, control]PRP'PRP",
"id": "P334209.ls00001",
"xlink_type": "extended",
"xlink_role": "psu",
"sig": "{ina[in]PRP qātu[hand]N += ina qāti[in/from s.o.ʾs possession, control//in/from s.o.ʾs possession, control]PRP'PRP}::@saao%akk-x-neoass:ina=ina[in//into]PRP'PRP$ina++@saao%akk-x-neoass:ŠU.2=qātu[hand//hand]N'N$qāti",
"links": [
{
"type": "link",
"xlink_title": "ina",
"xlink_type": "locator",
"xlink_href": "#P334209.l04999",
"xlink_role": "elt"}
,
{
"type": "link",
"xlink_title": "qātē",
"xlink_type": "locator",
"xlink_href": "#P334209.l0499a",
"xlink_role": "elt"}
]}
,
{
"type": "linkset",
"xlink_title": "kallāp šipirti[messenger//dispatch rider]N'N",
"id": "P334209.ls00002",
"xlink_type": "extended",
"xlink_role": "psu",
"sig": "{kallāpu[outrider]N šipirtu[message]N += kallāp šipirti[messenger//dispatch rider]N'N}::@saao%akk-x-neoass:{LU₂}kal-lap-ši-bir-tu₂=kallāpu[outrider//outrider]N'N$kallāp++@saao%akk-x-neoass:{LU₂}kal-lap-ši-bir-tu₂=šipirtu[message//message]N'N$šibirtu",
"links": [
{
"type": "link",
"xlink_title": "kallāpu",
"xlink_type": "locator",
"xlink_href": "#P334209.l0499b",
"xlink_role": "elt"}
,
{
"type": "link",
"xlink_title": "šipirtu",
"xlink_type": "locator",
"xlink_href": "#P334209.l0499c",
"xlink_role": "elt"}
]}
]}
]}
