{
	"type": "glossary",
	"project":"saao/saa05",
  "source": "http://oracc.org/saao/saa05",
  "license": "This data is released under the CC0 license",
  "license-url": "https://creativecommons.org/publicdomain/zero/1.0/",
  "more-info": "http://oracc.org/doc/opendata/",
  "UTC-timestamp": "2017-05-19T11:28:04",
  "source": "http://oracc.org/saao/saa05",
  "license": "This data is released under the CC0 license",
  "license-url": "https://creativecommons.org/publicdomain/zero/1.0/",
  "more-info": "http://oracc.org/doc/opendata/",
  "UTC-timestamp": "2017-05-19T11:27:05",
  "source": "http://oracc.org/saao/saa05",
  "license": "This data is released under the CC0 license",
  "license-url": "https://creativecommons.org/publicdomain/zero/1.0/",
  "more-info": "http://oracc.org/doc/opendata/",
  "UTC-timestamp": "2017-02-13T06:17:53",
	"index": "cbd/qpn-x-celest",
	"keys": [{
		"key": "#",
		"count": "4",
		"instances": [
			"#","#","#","#"
		]},{
		"key": "a",
		"count": "2",
		"instances": [
			"a","a"
		]},{
		"key": "x",
		"count": "2",
		"instances": [
			"x","x"
		]},{
		"key": "kip",
		"count": "2",
		"instances": [
			"kip","kip"
		]},{
		"key": "ka",
		"count": "2",
		"instances": [
			"ka","ka"
		]},{
		"key": "pi",
		"count": "2",
		"instances": [
			"pi","pi"
		]},{
		"key": "te",
		"count": "2",
		"instances": [
			"te","te"
		]},{
		"key": "ti",
		"count": "2",
		"instances": [
			"ti","ti"
		]},{
		"key": "kippite",
		"count": "1",
		"instances": [
			"kippite"
		]},{
		"key": "akk",
		"count": "2",
		"instances": [
			"akk","akk"
		]},{
		"key": "triplet",
		"count": "2",
		"instances": [
			"triplet","triplet"
		]},{
		"key": "circle",
		"count": "2",
		"instances": [
			"circle","circle"
		]},{
		"key": "kippatu",
		"count": "1",
		"instances": [
			"kippatu"
		]},{
		"key": "mul",
		"count": "4",
		"instances": [
			"mul","mul","mul","mul"
		]},{
		"key": "Taškati[Triplet]",
		"count": "1",
		"instances": [
			"Taškati[Triplet]"
		]},{
		"key": "taškati",
		"count": "2",
		"instances": [
			"taškati","taškati"
		]},{
		"key": "neoass",
		"count": "2",
		"instances": [
			"neoass","neoass"
		]},{
		"key": "Kippatu[Circle]",
		"count": "1",
		"instances": [
			"Kippatu[Circle]"
		]},{
		"key": "taš",
		"count": "2",
		"instances": [
			"taš","taš"
		]}
	],
	"map": {
		"%akk": "akk",
		"Circle": "circle",
		"Kippatu": "kippatu",
		"MUL": "mul",
		"Taškati": "taškati",
		"Triplet": "triplet",
		"neoass:": "neoass"
	}
}
