{
"type": "cdl",
  "source": "http://oracc.org/saao/saa13",
  "license": "This data is released under the CC0 license",
  "license-url": "https://creativecommons.org/publicdomain/zero/1.0/",
  "more-info": "http://oracc.org/doc/opendata/",
  "UTC-timestamp": "2017-05-19T11:46:06",
"project": "saao/saa13",
"textid": "P237825",
"cdl": [
{
"node": "c",
"type": "text",
"id": "P237825.U0",
"cdl": [
{
"node": "d",
"type": "object",
"ref": ""}
,
{
"node": "d",
"subtype": "obverse",
"type": "surface",
"ref": "P237825.o.1",
"type": "obverse",
"label": "o"}
,
{
"node": "c",
"type": "discourse",
"subtype": "body",
"id": "P237825.U1",
"cdl": [
{
"node": "c",
"type": "sentence",
"id": "P237825.U2",
"label": "o 1 - r 7",
"cdl": [
{
"node": "d",
"type": "line-start",
"ref": "P237825.2",
"n": "1",
"label": "o 1"}
,
{
"node": "l",
"frag": "a-na",
"id": "P237825.l03983",
"ref": "P237825.2.1",
"inst": "ana[to]PRP",
"sig": "@saao/saa13%akk-x-neobab:a-na=ana[to//to]PRP'PRP$ana",
"f": {"lang": "akk-x-neobab",
"form": "a-na",
"cf": "ana",
"gw": "to",
"sense": "to",
"norm": "ana",
"pos": "PRP",
"epos": "PRP"}
}
,
{
"node": "l",
"frag": "LUGAL",
"id": "P237825.l03984",
"ref": "P237825.2.2",
"inst": "šar[king]N",
"sig": "@saao/saa13%akk-x-neobab:LUGAL=šarru[king//king]N'N$šar",
"f": {"lang": "akk-x-neobab",
"form": "LUGAL",
"cf": "šarru",
"gw": "king",
"sense": "king",
"norm": "šar",
"pos": "N",
"epos": "N"}
}
,
{
"node": "l",
"frag": "KUR.KUR",
"id": "P237825.l03985",
"ref": "P237825.2.3",
"inst": "mātāti[land]N",
"sig": "@saao/saa13%akk-x-neobab:KUR.KUR=mātu[land//land]N'N$mātāti",
"f": {"lang": "akk-x-neobab",
"form": "KUR.KUR",
"cf": "mātu",
"gw": "land",
"sense": "land",
"norm": "mātāti",
"pos": "N",
"epos": "N"}
}
,
{
"node": "l",
"frag": "EN-ia₂",
"id": "P237825.l03986",
"ref": "P237825.2.4",
"inst": "bēlīya[lord]N",
"sig": "@saao/saa13%akk-x-neobab:EN-ia₂=bēlu[lord//lord]N'N$bēlīya",
"f": {"lang": "akk-x-neobab",
"form": "EN-ia₂",
"cf": "bēlu",
"gw": "lord",
"sense": "lord",
"norm": "bēlīya",
"pos": "N",
"epos": "N"}
}
,
{
"node": "d",
"type": "line-start",
"ref": "P237825.3",
"n": "2",
"label": "o 2"}
,
{
"node": "l",
"frag": "ARAD-ka",
"id": "P237825.l03987",
"ref": "P237825.3.1",
"inst": "aradka[servant]N",
"sig": "@saao/saa13%akk-x-neobab:ARAD-ka=ardu[slave//servant]N'N$aradka",
"f": {"lang": "akk-x-neobab",
"form": "ARAD-ka",
"cf": "ardu",
"gw": "slave",
"sense": "servant",
"norm": "aradka",
"pos": "N",
"epos": "N"}
}
,
{
"node": "l",
"frag": "{1}TUK-ši-DINGIR",
"id": "P237825.l03988",
"ref": "P237825.3.2",
"inst": "Raši-ili[1]PN",
"sig": "@saao/saa13%akk-x-neobab:{1}TUK-ši-DINGIR=Raši-ili[1//1]PN'PN$Raši-ili",
"f": {"lang": "akk-x-neobab",
"form": "{1}TUK-ši-DINGIR",
"cf": "Raši-ili",
"gw": "1",
"sense": "1",
"norm": "Raši-ili",
"pos": "PN",
"epos": "PN"}
}
,
{
"node": "d",
"type": "line-start",
"ref": "P237825.4",
"n": "3",
"label": "o 3"}
,
{
"node": "l",
"frag": "lu-u₂",
"id": "P237825.l03989",
"ref": "P237825.4.1",
"inst": "lū[may]MOD",
"sig": "@saao/saa13%akk-x-neobab:lu-u₂=lū[may//may]MOD'MOD$lū",
"f": {"lang": "akk-x-neobab",
"form": "lu-u₂",
"cf": "lū",
"gw": "may",
"sense": "may",
"norm": "lū",
"pos": "MOD",
"epos": "MOD"}
}
,
{
"node": "l",
"frag": "šul-mu",
"id": "P237825.l0398a",
"ref": "P237825.4.2",
"inst": "šulmu[health]N",
"sig": "@saao/saa13%akk-x-neobab:šul-mu=šulmu[completeness//health]N'N$šulmu",
"f": {"lang": "akk-x-neobab",
"form": "šul-mu",
"cf": "šulmu",
"gw": "completeness",
"sense": "health",
"norm": "šulmu",
"pos": "N",
"epos": "N"}
}
,
{
"node": "l",
"frag": "a-na",
"id": "P237825.l0398b",
"ref": "P237825.4.3",
"inst": "ana[to]PRP",
"sig": "@saao/saa13%akk-x-neobab:a-na=ana[to//to]PRP'PRP$ana",
"f": {"lang": "akk-x-neobab",
"form": "a-na",
"cf": "ana",
"gw": "to",
"sense": "to",
"norm": "ana",
"pos": "PRP",
"epos": "PRP"}
}
,
{
"node": "l",
"frag": "LUGAL",
"id": "P237825.l0398c",
"ref": "P237825.4.4",
"inst": "šarri[king]N",
"sig": "@saao/saa13%akk-x-neobab:LUGAL=šarru[king//king]N'N$šarri",
"f": {"lang": "akk-x-neobab",
"form": "LUGAL",
"cf": "šarru",
"gw": "king",
"sense": "king",
"norm": "šarri",
"pos": "N",
"epos": "N"}
}
,
{
"node": "l",
"frag": "EN-ia₂",
"id": "P237825.l0398d",
"ref": "P237825.4.5",
"inst": "bēlīya[lord]N",
"sig": "@saao/saa13%akk-x-neobab:EN-ia₂=bēlu[lord//lord]N'N$bēlīya",
"f": {"lang": "akk-x-neobab",
"form": "EN-ia₂",
"cf": "bēlu",
"gw": "lord",
"sense": "lord",
"norm": "bēlīya",
"pos": "N",
"epos": "N"}
}
,
{
"node": "d",
"type": "line-start",
"ref": "P237825.5",
"n": "4",
"label": "o 4"}
,
{
"node": "l",
"frag": "{d}AMAR.UTU",
"id": "P237825.l0398e",
"ref": "P237825.5.1",
"inst": "Marduk[1]DN",
"sig": "@saao/saa13%akk-x-neobab:{d}AMAR.UTU=Marduk[1//1]DN'DN$Marduk",
"f": {"lang": "akk-x-neobab",
"form": "{d}AMAR.UTU",
"cf": "Marduk",
"gw": "1",
"sense": "1",
"norm": "Marduk",
"pos": "DN",
"epos": "DN"}
}
,
{
"node": "l",
"frag": "u",
"id": "P237825.l0398f",
"ref": "P237825.5.2",
"inst": "u[and]CNJ",
"sig": "@saao/saa13%akk-x-neobab:u=u[and//and]CNJ'CNJ$u",
"f": {"lang": "akk-x-neobab",
"form": "u",
"cf": "u",
"gw": "and",
"sense": "and",
"norm": "u",
"pos": "CNJ",
"epos": "CNJ"}
}
,
{
"node": "l",
"frag": "{d}zar-pa-ni-tum",
"id": "P237825.l03990",
"ref": "P237825.5.3",
"inst": "Zarpanitu[1]DN",
"sig": "@saao/saa13%akk-x-neobab:{d}zar-pa-ni-tum=Zarpanitu[1//1]DN'DN$Zarpanitu",
"f": {"lang": "akk-x-neobab",
"form": "{d}zar-pa-ni-tum",
"cf": "Zarpanitu",
"gw": "1",
"sense": "1",
"norm": "Zarpanitu",
"pos": "DN",
"epos": "DN"}
}
,
{
"node": "d",
"type": "line-start",
"ref": "P237825.6",
"n": "5",
"label": "o 5"}
,
{
"node": "l",
"frag": "a-na",
"id": "P237825.l03991",
"ref": "P237825.6.1",
"inst": "ana[to]PRP",
"sig": "@saao/saa13%akk-x-neobab:a-na=ana[to//to]PRP'PRP$ana",
"f": {"lang": "akk-x-neobab",
"form": "a-na",
"cf": "ana",
"gw": "to",
"sense": "to",
"norm": "ana",
"pos": "PRP",
"epos": "PRP"}
}
,
{
"node": "l",
"frag": "LUGAL",
"id": "P237825.l03992",
"ref": "P237825.6.2",
"inst": "šar[king]N",
"sig": "@saao/saa13%akk-x-neobab:LUGAL=šarru[king//king]N'N$šar",
"f": {"lang": "akk-x-neobab",
"form": "LUGAL",
"cf": "šarru",
"gw": "king",
"sense": "king",
"norm": "šar",
"pos": "N",
"epos": "N"}
}
,
{
"node": "l",
"frag": "KUR.KUR",
"id": "P237825.l03993",
"ref": "P237825.6.3",
"inst": "mātāti[land]N",
"sig": "@saao/saa13%akk-x-neobab:KUR.KUR=mātu[land//land]N'N$mātāti",
"f": {"lang": "akk-x-neobab",
"form": "KUR.KUR",
"cf": "mātu",
"gw": "land",
"sense": "land",
"norm": "mātāti",
"pos": "N",
"epos": "N"}
}
,
{
"node": "l",
"frag": "EN-ia₂",
"id": "P237825.l03994",
"ref": "P237825.6.4",
"inst": "bēlīya[lord]N",
"sig": "@saao/saa13%akk-x-neobab:EN-ia₂=bēlu[lord//lord]N'N$bēlīya",
"f": {"lang": "akk-x-neobab",
"form": "EN-ia₂",
"cf": "bēlu",
"gw": "lord",
"sense": "lord",
"norm": "bēlīya",
"pos": "N",
"epos": "N"}
}
,
{
"node": "l",
"frag": "lik-ru-bu",
"id": "P237825.l03995",
"ref": "P237825.6.5",
"inst": "likrubū[bless]V",
"sig": "@saao/saa13%akk-x-neobab:lik-ru-bu=karābu[pray//bless]V'V$likrubū",
"f": {"lang": "akk-x-neobab",
"form": "lik-ru-bu",
"cf": "karābu",
"gw": "pray",
"sense": "bless",
"norm": "likrubū",
"pos": "V",
"epos": "V"}
}
,
{
"node": "d",
"type": "line-start",
"ref": "P237825.7",
"n": "6",
"label": "o 6"}
,
{
"node": "l",
"frag": "a-na",
"id": "P237825.l03996",
"ref": "P237825.7.1",
"inst": "ana[to+=concerning]PRP",
"sig": "@saao/saa13%akk-x-neobab:a-na=ana[to//to]PRP'PRP$ana",
"f": {"lang": "akk-x-neobab",
"form": "a-na",
"cf": "ana",
"gw": "to",
"sense": "to",
"norm": "ana",
"pos": "PRP",
"epos": "PRP"}
}
,
{
"node": "l",
"frag": "UGU-hi",
"id": "P237825.l03997",
"ref": "P237825.7.2",
"inst": "muhhi[skull]N",
"sig": "@saao/saa13%akk-x-neobab:UGU-hi=muhhu[skull//skull]N'N$muhhi",
"f": {"lang": "akk-x-neobab",
"form": "UGU-hi",
"cf": "muhhu",
"gw": "skull",
"sense": "skull",
"norm": "muhhi",
"pos": "N",
"epos": "N"}
}
,
{
"node": "l",
"frag": "li-i-ṭu",
"id": "P237825.l03998",
"ref": "P237825.7.3",
"inst": "+līṭu[sketch]N$",
"sig": "@saao/saa13%akk-x-neobab:li-i-ṭu=līṭu[sketch//sketch]N'N$līṭu",
"f": {"lang": "akk-x-neobab",
"form": "li-i-ṭu",
"cf": "līṭu",
"gw": "sketch",
"sense": "sketch",
"norm": "līṭu",
"pos": "N",
"epos": "N"}
}
,
{
"node": "l",
"frag": "ša₂",
"id": "P237825.l03999",
"ref": "P237825.7.4",
"inst": "ša[of]DET",
"sig": "@saao/saa13%akk-x-neobab:ša₂=ša[of//of]DET'DET$ša",
"f": {"lang": "akk-x-neobab",
"form": "ša₂",
"cf": "ša",
"gw": "of",
"sense": "of",
"norm": "ša",
"pos": "DET",
"epos": "DET"}
}
,
{
"node": "l",
"frag": "{giš}NA₂",
"id": "P237825.l0399a",
"ref": "P237825.7.5",
"inst": "+eršu[bed]N$erši",
"sig": "@saao/saa13%akk-x-neobab:{GIŠ}NA₂=eršu[bed//bed]N'N$erši",
"f": {"lang": "akk-x-neobab",
"form": "{GIŠ}NA₂",
"cf": "eršu",
"gw": "bed",
"sense": "bed",
"norm": "erši",
"pos": "N",
"epos": "N"}
}
,
{
"node": "d",
"type": "line-start",
"ref": "P237825.8",
"n": "7",
"label": "o 7"}
,
{
"node": "l",
"frag": "ša₂",
"id": "P237825.l0399b",
"ref": "P237825.8.1",
"inst": "ša[of]DET",
"sig": "@saao/saa13%akk-x-neobab:ša₂=ša[of//of]DET'DET$ša",
"f": {"lang": "akk-x-neobab",
"form": "ša₂",
"cf": "ša",
"gw": "of",
"sense": "of",
"norm": "ša",
"pos": "DET",
"epos": "DET"}
}
,
{
"node": "l",
"frag": "{d}EN",
"id": "P237825.l0399c",
"ref": "P237825.8.2",
"inst": "Bel[1]DN",
"sig": "@saao/saa13%akk-x-neobab:{d}EN=Bel[1//1]DN'DN$Bel",
"f": {"lang": "akk-x-neobab",
"form": "{d}EN",
"cf": "Bel",
"gw": "1",
"sense": "1",
"norm": "Bel",
"pos": "DN",
"epos": "DN"}
}
,
{
"node": "l",
"frag": "AN-e",
"id": "P237825.l0399d",
"ref": "P237825.8.3",
"inst": "šamê[heaven]N",
"sig": "@saao/saa13%akk-x-neobab:AN-e=šamû[sky//heaven]N'N$šamê",
"f": {"lang": "akk-x-neobab",
"form": "AN-e",
"cf": "šamû",
"gw": "sky",
"sense": "heaven",
"norm": "šamê",
"pos": "N",
"epos": "N"}
}
,
{
"node": "l",
"frag": "KI.TIM",
"id": "P237825.l0399e",
"ref": "P237825.8.4",
"inst": "+erṣetu[earth]N$erṣeti",
"sig": "@saao/saa13%akk-x-neobab:KI.TIM=erṣetu[earth//earth]N'N$erṣeti",
"f": {"lang": "akk-x-neobab",
"form": "KI.TIM",
"cf": "erṣetu",
"gw": "earth",
"sense": "earth",
"norm": "erṣeti",
"pos": "N",
"epos": "N"}
}
,
{
"node": "l",
"frag": "ša₂",
"id": "P237825.l0399f",
"ref": "P237825.8.5",
"inst": "ša[which]REL",
"sig": "@saao/saa13%akk-x-neobab:ša₂=ša[that//which]REL'REL$ša",
"f": {"lang": "akk-x-neobab",
"form": "ša₂",
"cf": "ša",
"gw": "that",
"sense": "which",
"norm": "ša",
"pos": "REL",
"epos": "REL"}
}
,
{
"node": "l",
"frag": "LUGAL",
"id": "P237825.l039a0",
"ref": "P237825.8.6",
"inst": "šarru[king]N",
"sig": "@saao/saa13%akk-x-neobab:LUGAL=šarru[king//king]N'N$šarri",
"f": {"lang": "akk-x-neobab",
"form": "LUGAL",
"cf": "šarru",
"gw": "king",
"sense": "king",
"norm": "šarri",
"pos": "N",
"epos": "N"}
}
,
{
"node": "l",
"frag": "EN-a",
"id": "P237825.l039a1",
"ref": "P237825.8.7",
"inst": "bēlā[lord]N",
"sig": "@saao/saa13%akk-x-neobab:EN-a=bēlu[lord//lord]N'N$bēlā",
"f": {"lang": "akk-x-neobab",
"form": "EN-a",
"cf": "bēlu",
"gw": "lord",
"sense": "lord",
"norm": "bēlā",
"pos": "N",
"epos": "N"}
}
,
{
"node": "d",
"type": "line-start",
"ref": "P237825.9",
"n": "8",
"label": "o 8"}
,
{
"node": "l",
"frag": "iš-pu-ra",
"id": "P237825.l039a2",
"ref": "P237825.9.1",
"inst": "išpura[write]V",
"sig": "@saao/saa13%akk-x-neobab:iš-pu-ra=šapāru[send//write]V'V$išpura",
"f": {"lang": "akk-x-neobab",
"form": "iš-pu-ra",
"cf": "šapāru",
"gw": "send",
"sense": "write",
"norm": "išpura",
"pos": "V",
"epos": "V"}
}
,
{
"node": "l",
"frag": "um-ma",
"id": "P237825.l039a3",
"ref": "P237825.9.2",
"inst": "umma[saying]PRP",
"sig": "@saao/saa13%akk-x-neobab:um-ma=umma[saying//saying]PRP'PRP$umma",
"f": {"lang": "akk-x-neobab",
"form": "um-ma",
"cf": "umma",
"gw": "saying",
"sense": "saying",
"norm": "umma",
"pos": "PRP",
"epos": "PRP"}
}
,
{
"node": "l",
"frag": "šu-bi-la",
"id": "P237825.l039a4",
"ref": "P237825.9.3",
"inst": "šūbila[send]V",
"sig": "@saao/saa13%akk-x-neobab:šu-bi-la=wabālu[bring//send]V'V$šūbila",
"f": {"lang": "akk-x-neobab",
"form": "šu-bi-la",
"cf": "wabālu",
"gw": "bring",
"sense": "send",
"norm": "šūbila",
"pos": "V",
"epos": "V"}
}
,
{
"node": "d",
"type": "line-start",
"ref": "P237825.10",
"n": "9",
"label": "o 9"}
,
{
"node": "l",
"frag": "a-du-⸢u₂⸣",
"id": "P237825.l039a5",
"ref": "P237825.10.1",
"inst": "adû[now]AV",
"sig": "@saao/saa13%akk-x-neobab:a-du-u₂=adû[now//now]AV'AV$adû",
"f": {"lang": "akk-x-neobab",
"form": "a-du-u₂",
"cf": "adû",
"gw": "now",
"sense": "now",
"norm": "adû",
"pos": "AV",
"epos": "AV"}
}
,
{
"node": "l",
"frag": "[a]-⸢na⸣",
"id": "P237825.l039a6",
"ref": "P237825.10.2",
"inst": "ana[to]PRP",
"sig": "@saao/saa13%akk-x-neobab:a-na=ana[to//to]PRP'PRP$ana",
"f": {"lang": "akk-x-neobab",
"form": "a-na",
"cf": "ana",
"gw": "to",
"sense": "to",
"norm": "ana",
"pos": "PRP",
"epos": "PRP"}
}
,
{
"node": "l",
"frag": "LUGAL",
"id": "P237825.l039a7",
"ref": "P237825.10.3",
"inst": "šarri[king]N",
"sig": "@saao/saa13%akk-x-neobab:LUGAL=šarru[king//king]N'N$šarri",
"f": {"lang": "akk-x-neobab",
"form": "LUGAL",
"cf": "šarru",
"gw": "king",
"sense": "king",
"norm": "šarri",
"pos": "N",
"epos": "N"}
}
,
{
"node": "l",
"frag": "EN-ia₂",
"id": "P237825.l039a8",
"ref": "P237825.10.4",
"inst": "bēlīya[lord]N",
"sig": "@saao/saa13%akk-x-neobab:EN-ia₂=bēlu[lord//lord]N'N$bēlīya",
"f": {"lang": "akk-x-neobab",
"form": "EN-ia₂",
"cf": "bēlu",
"gw": "lord",
"sense": "lord",
"norm": "bēlīya",
"pos": "N",
"epos": "N"}
}
,
{
"node": "d",
"type": "line-start",
"ref": "P237825.11",
"n": "10",
"label": "o 10"}
,
{
"node": "l",
"frag": "ul-[te-bi-la-aš₂-šu₂]",
"id": "P237825.l039a9",
"ref": "P237825.11.1",
"inst": "+wabālu[bring//send]V'V$ultēbilaššu",
"sig": "@saao/saa13%akk-x-neobab:ul-te-bi-la-aš₂-šu₂=wabālu[bring//send]V'V$ultēbilaššu",
"f": {"lang": "akk-x-neobab",
"form": "ul-te-bi-la-aš₂-šu₂",
"cf": "wabālu",
"gw": "bring",
"sense": "send",
"norm": "ultēbilaššu",
"pos": "V",
"epos": "V"}
}
,
{
"node": "l",
"frag": "LUGAL",
"id": "P237825.l039aa",
"ref": "P237825.11.2",
"inst": "šarru[king]N",
"sig": "@saao/saa13%akk-x-neobab:LUGAL=šarru[king//king]N'N$šarri",
"f": {"lang": "akk-x-neobab",
"form": "LUGAL",
"cf": "šarru",
"gw": "king",
"sense": "king",
"norm": "šarri",
"pos": "N",
"epos": "N"}
}
,
{
"node": "l",
"frag": "EN-a",
"id": "P237825.l039ab",
"ref": "P237825.11.3",
"inst": "bēlā[lord]N",
"sig": "@saao/saa13%akk-x-neobab:EN-a=bēlu[lord//lord]N'N$bēlā",
"f": {"lang": "akk-x-neobab",
"form": "EN-a",
"cf": "bēlu",
"gw": "lord",
"sense": "lord",
"norm": "bēlā",
"pos": "N",
"epos": "N"}
}
,
{
"node": "d",
"type": "line-start",
"ref": "P237825.12",
"n": "11",
"label": "o 11"}
,
{
"node": "l",
"frag": "ul-[x",
"id": "P237825.l039ac",
"ref": "P237825.12.1",
"inst": "u",
"f": {"lang": "akk-x-neobab",
"form": "ul-x",
"pos": "u"}
}
,
{
"node": "l",
"frag": "x",
"id": "P237825.l039ad",
"ref": "P237825.12.2",
"inst": "u",
"f": {"lang": "akk-x-neobab",
"form": "x",
"pos": "u"}
}
,
{
"node": "l",
"frag": "x",
"id": "P237825.l039ae",
"ref": "P237825.12.3",
"inst": "u",
"f": {"lang": "akk-x-neobab",
"form": "x",
"pos": "u"}
}
,
{
"node": "l",
"frag": "x",
"id": "P237825.l039af",
"ref": "P237825.12.4",
"inst": "u",
"f": {"lang": "akk-x-neobab",
"form": "x",
"pos": "u"}
}
,
{
"node": "l",
"frag": "a]-na",
"id": "P237825.l039b0",
"ref": "P237825.12.5",
"inst": "ana[to+=concerning]PRP",
"sig": "@saao/saa13%akk-x-neobab:a-na=ana[to//to]PRP'PRP$ana",
"f": {"lang": "akk-x-neobab",
"form": "a-na",
"cf": "ana",
"gw": "to",
"sense": "to",
"norm": "ana",
"pos": "PRP",
"epos": "PRP"}
}
,
{
"node": "l",
"frag": "UGU-hi",
"id": "P237825.l039b1",
"ref": "P237825.12.6",
"inst": "muhhi[skull]N",
"sig": "@saao/saa13%akk-x-neobab:UGU-hi=muhhu[skull//skull]N'N$muhhi",
"f": {"lang": "akk-x-neobab",
"form": "UGU-hi",
"cf": "muhhu",
"gw": "skull",
"sense": "skull",
"norm": "muhhi",
"pos": "N",
"epos": "N"}
}
,
{
"node": "d",
"type": "line-start",
"ref": "P237825.13",
"n": "12",
"label": "o 12"}
,
{
"node": "l",
"frag": "[x",
"id": "P237825.l039b2",
"ref": "P237825.13.1",
"inst": "u",
"f": {"lang": "akk-x-neobab",
"form": "x",
"pos": "u"}
}
,
{
"node": "l",
"frag": "x",
"id": "P237825.l039b3",
"ref": "P237825.13.2",
"inst": "u",
"f": {"lang": "akk-x-neobab",
"form": "x",
"pos": "u"}
}
,
{
"node": "l",
"frag": "x",
"id": "P237825.l039b4",
"ref": "P237825.13.3",
"inst": "u",
"f": {"lang": "akk-x-neobab",
"form": "x",
"pos": "u"}
}
,
{
"node": "l",
"frag": "x",
"id": "P237825.l039b5",
"ref": "P237825.13.4",
"inst": "u",
"f": {"lang": "akk-x-neobab",
"form": "x",
"pos": "u"}
}
,
{
"node": "l",
"frag": "x",
"id": "P237825.l039b6",
"ref": "P237825.13.5",
"inst": "u",
"f": {"lang": "akk-x-neobab",
"form": "x",
"pos": "u"}
}
,
{
"node": "l",
"frag": "iš]-pu-ra",
"id": "P237825.l039b7",
"ref": "P237825.13.6",
"inst": "išpura[write]V",
"sig": "@saao/saa13%akk-x-neobab:iš-pu-ra=šapāru[send//write]V'V$išpura",
"f": {"lang": "akk-x-neobab",
"form": "iš-pu-ra",
"cf": "šapāru",
"gw": "send",
"sense": "write",
"norm": "išpura",
"pos": "V",
"epos": "V"}
}
,
{
"node": "d",
"type": "nonx",
"ref": "P237825.14",
"strict": "0",
"extent": "1",
"scope": "line",
"state": "missing"}
,
{
"node": "d",
"subtype": "reverse",
"type": "surface",
"ref": "P237825.r.15",
"type": "reverse",
"label": "r"}
,
{
"node": "d",
"type": "line-start",
"ref": "P237825.16",
"n": "1",
"label": "r 1"}
,
{
"node": "l",
"frag": "[x",
"id": "P237825.l039b8",
"ref": "P237825.16.1",
"inst": "u",
"f": {"lang": "akk-x-neobab",
"form": "x",
"pos": "u"}
}
,
{
"node": "l",
"frag": "x",
"id": "P237825.l039b9",
"ref": "P237825.16.2",
"inst": "u",
"f": {"lang": "akk-x-neobab",
"form": "x",
"pos": "u"}
}
,
{
"node": "l",
"frag": "x]",
"id": "P237825.l039ba",
"ref": "P237825.16.3",
"inst": "u",
"f": {"lang": "akk-x-neobab",
"form": "x",
"pos": "u"}
}
,
{
"node": "l",
"frag": "KUG.GI",
"id": "P237825.l039bb",
"ref": "P237825.16.4",
"inst": "hurāṣi[gold]N",
"sig": "@saao/saa13%akk-x-neobab:KUG.GI=hurāṣu[gold//gold]N'N$hurāṣi",
"f": {"lang": "akk-x-neobab",
"form": "KUG.GI",
"cf": "hurāṣu",
"gw": "gold",
"sense": "gold",
"norm": "hurāṣi",
"pos": "N",
"epos": "N"}
}
,
{
"node": "l",
"frag": "ina",
"id": "P237825.l039bc",
"ref": "P237825.16.5",
"inst": "ina[in]PRP",
"sig": "@saao/saa13%akk-x-neobab:ina=ina[in//in]PRP'PRP$ina",
"f": {"lang": "akk-x-neobab",
"form": "ina",
"cf": "ina",
"gw": "in",
"sense": "in",
"norm": "ina",
"pos": "PRP",
"epos": "PRP"}
}
,
{
"node": "l",
"frag": "⸢x⸣+[x]",
"id": "P237825.l039bd",
"ref": "P237825.16.6",
"inst": "u",
"f": {"lang": "akk-x-neobab",
"form": "x+x",
"pos": "u"}
}
,
{
"node": "d",
"type": "line-start",
"ref": "P237825.17",
"n": "2",
"label": "r 2"}
,
{
"node": "l",
"frag": "[x",
"id": "P237825.l039be",
"ref": "P237825.17.1",
"inst": "u",
"f": {"lang": "akk-x-neobab",
"form": "x",
"pos": "u"}
}
,
{
"node": "l",
"frag": "x",
"id": "P237825.l039bf",
"ref": "P237825.17.2",
"inst": "u",
"f": {"lang": "akk-x-neobab",
"form": "x",
"pos": "u"}
}
,
{
"node": "l",
"frag": "x]+⸢x⸣",
"id": "P237825.l039c0",
"ref": "P237825.17.3",
"inst": "u",
"f": {"lang": "akk-x-neobab",
"form": "x+x",
"pos": "u"}
}
,
{
"node": "l",
"frag": "il-lak",
"id": "P237825.l039c1",
"ref": "P237825.17.4",
"inst": "illak[go]V",
"sig": "@saao/saa13%akk-x-neobab:il-lak=alāku[go//go]V'V$illak",
"f": {"lang": "akk-x-neobab",
"form": "il-lak",
"cf": "alāku",
"gw": "go",
"sense": "go",
"norm": "illak",
"pos": "V",
"epos": "V"}
}
,
{
"node": "d",
"type": "line-start",
"ref": "P237825.18",
"n": "3",
"label": "r 3"}
,
{
"node": "l",
"frag": "[x",
"id": "P237825.l039c2",
"ref": "P237825.18.1",
"inst": "u",
"f": {"lang": "akk-x-neobab",
"form": "x",
"pos": "u"}
}
,
{
"node": "l",
"frag": "x",
"id": "P237825.l039c3",
"ref": "P237825.18.2",
"inst": "u",
"f": {"lang": "akk-x-neobab",
"form": "x",
"pos": "u"}
}
,
{
"node": "l",
"frag": "x]+⸢x⸣-ti-nu-te",
"id": "P237825.l039c4",
"ref": "P237825.18.3",
"inst": "u",
"f": {"lang": "akk-x-neobab",
"form": "x+x-ti-nu-te",
"pos": "u"}
}
,
{
"node": "l",
"frag": "ši",
"id": "P237825.l039c5",
"ref": "P237825.18.4",
"inst": "u",
"f": {"lang": "akk-x-neobab",
"form": "ši",
"pos": "u"}
}
,
{
"node": "l",
"frag": "ki",
"id": "P237825.l039c6",
"ref": "P237825.18.5",
"inst": "u",
"f": {"lang": "akk-x-neobab",
"form": "ki",
"pos": "u"}
}
,
{
"node": "d",
"type": "line-start",
"ref": "P237825.19",
"n": "4",
"label": "r 4"}
,
{
"node": "l",
"frag": "a-du-u₂",
"id": "P237825.l039c7",
"ref": "P237825.19.1",
"inst": "adû[now]AV",
"sig": "@saao/saa13%akk-x-neobab:a-du-u₂=adû[now//now]AV'AV$adû",
"f": {"lang": "akk-x-neobab",
"form": "a-du-u₂",
"cf": "adû",
"gw": "now",
"sense": "now",
"norm": "adû",
"pos": "AV",
"epos": "AV"}
}
,
{
"node": "l",
"frag": "ana",
"id": "P237825.l039c8",
"ref": "P237825.19.2",
"inst": "ana[to]PRP",
"sig": "@saao/saa13%akk-x-neobab:ana=ana[to//to]PRP'PRP$ana",
"f": {"lang": "akk-x-neobab",
"form": "ana",
"cf": "ana",
"gw": "to",
"sense": "to",
"norm": "ana",
"pos": "PRP",
"epos": "PRP"}
}
,
{
"node": "l",
"frag": "LUGAL",
"id": "P237825.l039c9",
"ref": "P237825.19.3",
"inst": "šarri[king]N",
"sig": "@saao/saa13%akk-x-neobab:LUGAL=šarru[king//king]N'N$šarri",
"f": {"lang": "akk-x-neobab",
"form": "LUGAL",
"cf": "šarru",
"gw": "king",
"sense": "king",
"norm": "šarri",
"pos": "N",
"epos": "N"}
}
,
{
"node": "l",
"frag": "EN-ia₂",
"id": "P237825.l039ca",
"ref": "P237825.19.4",
"inst": "bēlīya[lord]N",
"sig": "@saao/saa13%akk-x-neobab:EN-ia₂=bēlu[lord//lord]N'N$bēlīya",
"f": {"lang": "akk-x-neobab",
"form": "EN-ia₂",
"cf": "bēlu",
"gw": "lord",
"sense": "lord",
"norm": "bēlīya",
"pos": "N",
"epos": "N"}
}
,
{
"node": "d",
"type": "line-start",
"ref": "P237825.20",
"n": "5",
"label": "r 5"}
,
{
"node": "l",
"frag": "al-tap-ra",
"id": "P237825.l039cb",
"ref": "P237825.20.1",
"inst": "altapra[write]V",
"sig": "@saao/saa13%akk-x-neobab:al-tap-ra=šapāru[send//write]V'V$altapra",
"f": {"lang": "akk-x-neobab",
"form": "al-tap-ra",
"cf": "šapāru",
"gw": "send",
"sense": "write",
"norm": "altapra",
"pos": "V",
"epos": "V"}
}
,
{
"node": "l",
"frag": "LUGAL",
"id": "P237825.l039cc",
"ref": "P237825.20.2",
"inst": "šarru[king]N",
"sig": "@saao/saa13%akk-x-neobab:LUGAL=šarru[king//king]N'N$šarri",
"f": {"lang": "akk-x-neobab",
"form": "LUGAL",
"cf": "šarru",
"gw": "king",
"sense": "king",
"norm": "šarri",
"pos": "N",
"epos": "N"}
}
,
{
"node": "l",
"frag": "EN-a",
"id": "P237825.l039cd",
"ref": "P237825.20.3",
"inst": "bēlā[lord]N",
"sig": "@saao/saa13%akk-x-neobab:EN-a=bēlu[lord//lord]N'N$bēlā",
"f": {"lang": "akk-x-neobab",
"form": "EN-a",
"cf": "bēlu",
"gw": "lord",
"sense": "lord",
"norm": "bēlā",
"pos": "N",
"epos": "N"}
}
,
{
"node": "d",
"type": "line-start",
"ref": "P237825.21",
"n": "6",
"label": "r 6"}
,
{
"node": "l",
"frag": "a-ki",
"id": "P237825.l039ce",
"ref": "P237825.21.1",
"inst": "akī[in accordance with]PRP",
"sig": "@saao/saa13%akk-x-neobab:a-ki=akī[as, like//in accordance with]PRP'PRP$akī",
"f": {"lang": "akk-x-neobab",
"form": "a-ki",
"cf": "akī",
"gw": "as, like",
"sense": "in accordance with",
"norm": "akī",
"pos": "PRP",
"epos": "PRP"}
}
,
{
"node": "l",
"frag": "ša₂",
"id": "P237825.l039cf",
"ref": "P237825.21.2",
"inst": "ša[what]REL",
"sig": "@saao/saa13%akk-x-neobab:ša₂=ša[that//what]REL'REL$ša",
"f": {"lang": "akk-x-neobab",
"form": "ša₂",
"cf": "ša",
"gw": "that",
"sense": "what",
"norm": "ša",
"pos": "REL",
"epos": "REL"}
}
,
{
"node": "l",
"frag": "i-le-ʾu-u₂",
"id": "P237825.l039d0",
"ref": "P237825.21.3",
"inst": "ileʾʾû[be able]V",
"sig": "@saao/saa13%akk-x-neobab:i-le-ʾu-u₂=leʾû[be able//be able]V'V$ileʾʾû",
"f": {"lang": "akk-x-neobab",
"form": "i-le-ʾu-u₂",
"cf": "leʾû",
"gw": "be able",
"sense": "be able",
"norm": "ileʾʾû",
"pos": "V",
"epos": "V"}
}
,
{
"node": "d",
"type": "line-start",
"ref": "P237825.22",
"n": "7",
"label": "r 7"}
,
{
"node": "l",
"frag": "li-pu-uš",
"id": "P237825.l039d1",
"ref": "P237825.22.1",
"inst": "līpuš[do]V",
"sig": "@saao/saa13%akk-x-neobab:li-pu-uš=epēšu[do//do]V'V$līpuš",
"f": {"lang": "akk-x-neobab",
"form": "li-pu-uš",
"cf": "epēšu",
"gw": "do",
"sense": "do",
"norm": "līpuš",
"pos": "V",
"epos": "V"}
}
]}
]}
]}
]}
