{
"type": "cdl",
  "source": "http://oracc.org/saao/saa13",
  "license": "This data is released under the CC0 license",
  "license-url": "https://creativecommons.org/publicdomain/zero/1.0/",
  "more-info": "http://oracc.org/doc/opendata/",
  "UTC-timestamp": "2017-05-19T11:46:07",
"project": "saao/saa13",
"textid": "P238658",
"cdl": [
{
"node": "c",
"type": "text",
"id": "P238658.U0",
"cdl": [
{
"node": "d",
"type": "object",
"ref": ""}
,
{
"node": "d",
"subtype": "obverse",
"type": "surface",
"ref": "P238658.o.1",
"type": "obverse",
"label": "o"}
,
{
"node": "d",
"type": "nonx",
"ref": "P238658.2",
"strict": "0",
"state": "missing"}
,
{
"node": "d",
"subtype": "reverse",
"type": "surface",
"ref": "P238658.r.3",
"type": "reverse",
"label": "r"}
,
{
"node": "d",
"type": "nonx",
"ref": "P238658.4",
"strict": "0",
"extent": "beginning",
"state": "missing"}
,
{
"node": "c",
"type": "discourse",
"subtype": "body",
"id": "P238658.U1",
"cdl": [
{
"node": "c",
"type": "sentence",
"id": "P238658.U2",
"label": "r 1' - r 15'",
"cdl": [
{
"node": "d",
"type": "line-start",
"ref": "P238658.5",
"n": "1'",
"label": "r 1'"}
,
{
"node": "l",
"frag": "[x",
"id": "P238658.l03cb2",
"ref": "P238658.5.1",
"inst": "u",
"f": {"lang": "akk-x-neobab",
"form": "x",
"pos": "u"}
}
,
{
"node": "l",
"frag": "x",
"id": "P238658.l03cb3",
"ref": "P238658.5.2",
"inst": "u",
"f": {"lang": "akk-x-neobab",
"form": "x",
"pos": "u"}
}
,
{
"node": "l",
"frag": "x",
"id": "P238658.l03cb4",
"ref": "P238658.5.3",
"inst": "u",
"f": {"lang": "akk-x-neobab",
"form": "x",
"pos": "u"}
}
,
{
"node": "l",
"frag": "x",
"id": "P238658.l03cb5",
"ref": "P238658.5.4",
"inst": "u",
"f": {"lang": "akk-x-neobab",
"form": "x",
"pos": "u"}
}
,
{
"node": "l",
"frag": "x",
"id": "P238658.l03cb6",
"ref": "P238658.5.5",
"inst": "u",
"f": {"lang": "akk-x-neobab",
"form": "x",
"pos": "u"}
}
,
{
"node": "l",
"frag": "x]",
"id": "P238658.l03cb7",
"ref": "P238658.5.6",
"inst": "u",
"f": {"lang": "akk-x-neobab",
"form": "x",
"pos": "u"}
}
,
{
"node": "l",
"frag": "x",
"id": "P238658.l03cb8",
"ref": "P238658.5.7",
"inst": "u",
"f": {"lang": "akk-x-neobab",
"form": "x",
"pos": "u"}
}
,
{
"node": "l",
"frag": "[x",
"id": "P238658.l03cb9",
"ref": "P238658.5.8",
"inst": "u",
"f": {"lang": "akk-x-neobab",
"form": "x",
"pos": "u"}
}
,
{
"node": "l",
"frag": "x",
"id": "P238658.l03cba",
"ref": "P238658.5.9",
"inst": "u",
"f": {"lang": "akk-x-neobab",
"form": "x",
"pos": "u"}
}
,
{
"node": "l",
"frag": "x",
"id": "P238658.l03cbb",
"ref": "P238658.5.10",
"inst": "u",
"f": {"lang": "akk-x-neobab",
"form": "x",
"pos": "u"}
}
,
{
"node": "l",
"frag": "x",
"id": "P238658.l03cbc",
"ref": "P238658.5.11",
"inst": "u",
"f": {"lang": "akk-x-neobab",
"form": "x",
"pos": "u"}
}
,
{
"node": "l",
"frag": "x",
"id": "P238658.l03cbd",
"ref": "P238658.5.12",
"inst": "u",
"f": {"lang": "akk-x-neobab",
"form": "x",
"pos": "u"}
}
,
{
"node": "l",
"frag": "x",
"id": "P238658.l03cbe",
"ref": "P238658.5.13",
"inst": "u",
"f": {"lang": "akk-x-neobab",
"form": "x",
"pos": "u"}
}
,
{
"node": "l",
"frag": "x]",
"id": "P238658.l03cbf",
"ref": "P238658.5.14",
"inst": "u",
"f": {"lang": "akk-x-neobab",
"form": "x",
"pos": "u"}
}
,
{
"node": "d",
"type": "line-start",
"ref": "P238658.6",
"n": "2'",
"label": "r 2'"}
,
{
"node": "l",
"frag": "[x",
"id": "P238658.l03cc0",
"ref": "P238658.6.1",
"inst": "u",
"f": {"lang": "akk-x-neobab",
"form": "x",
"pos": "u"}
}
,
{
"node": "l",
"frag": "x",
"id": "P238658.l03cc1",
"ref": "P238658.6.2",
"inst": "u",
"f": {"lang": "akk-x-neobab",
"form": "x",
"pos": "u"}
}
,
{
"node": "l",
"frag": "x",
"id": "P238658.l03cc2",
"ref": "P238658.6.3",
"inst": "u",
"f": {"lang": "akk-x-neobab",
"form": "x",
"pos": "u"}
}
,
{
"node": "l",
"frag": "x]+⸢x",
"id": "P238658.l03cc3",
"ref": "P238658.6.4",
"inst": "u",
"f": {"lang": "akk-x-neobab",
"form": "x+x",
"pos": "u"}
}
,
{
"node": "l",
"frag": "x⸣",
"id": "P238658.l03cc4",
"ref": "P238658.6.5",
"inst": "u",
"f": {"lang": "akk-x-neobab",
"form": "x",
"pos": "u"}
}
,
{
"node": "l",
"frag": "nu",
"id": "P238658.l03cc5",
"ref": "P238658.6.6",
"inst": "u",
"f": {"lang": "akk-x-neobab",
"form": "nu",
"pos": "u"}
}
,
{
"node": "l",
"frag": "⸢x⸣",
"id": "P238658.l03cc6",
"ref": "P238658.6.7",
"inst": "u",
"f": {"lang": "akk-x-neobab",
"form": "x",
"pos": "u"}
}
,
{
"node": "l",
"frag": "[x",
"id": "P238658.l03cc7",
"ref": "P238658.6.8",
"inst": "u",
"f": {"lang": "akk-x-neobab",
"form": "x",
"pos": "u"}
}
,
{
"node": "l",
"frag": "x",
"id": "P238658.l03cc8",
"ref": "P238658.6.9",
"inst": "u",
"f": {"lang": "akk-x-neobab",
"form": "x",
"pos": "u"}
}
,
{
"node": "l",
"frag": "x",
"id": "P238658.l03cc9",
"ref": "P238658.6.10",
"inst": "u",
"f": {"lang": "akk-x-neobab",
"form": "x",
"pos": "u"}
}
,
{
"node": "l",
"frag": "x",
"id": "P238658.l03cca",
"ref": "P238658.6.11",
"inst": "u",
"f": {"lang": "akk-x-neobab",
"form": "x",
"pos": "u"}
}
,
{
"node": "l",
"frag": "x",
"id": "P238658.l03ccb",
"ref": "P238658.6.12",
"inst": "u",
"f": {"lang": "akk-x-neobab",
"form": "x",
"pos": "u"}
}
,
{
"node": "l",
"frag": "x",
"id": "P238658.l03ccc",
"ref": "P238658.6.13",
"inst": "u",
"f": {"lang": "akk-x-neobab",
"form": "x",
"pos": "u"}
}
,
{
"node": "l",
"frag": "x]",
"id": "P238658.l03ccd",
"ref": "P238658.6.14",
"inst": "u",
"f": {"lang": "akk-x-neobab",
"form": "x",
"pos": "u"}
}
,
{
"node": "d",
"type": "line-start",
"ref": "P238658.7",
"n": "3'",
"label": "r 3'"}
,
{
"node": "l",
"frag": "[x",
"id": "P238658.l03cce",
"ref": "P238658.7.1",
"inst": "u",
"f": {"lang": "akk-x-neobab",
"form": "x",
"pos": "u"}
}
,
{
"node": "l",
"frag": "x",
"id": "P238658.l03ccf",
"ref": "P238658.7.2",
"inst": "u",
"f": {"lang": "akk-x-neobab",
"form": "x",
"pos": "u"}
}
,
{
"node": "l",
"frag": "x",
"id": "P238658.l03cd0",
"ref": "P238658.7.3",
"inst": "u",
"f": {"lang": "akk-x-neobab",
"form": "x",
"pos": "u"}
}
,
{
"node": "l",
"frag": "x]+⸢x",
"id": "P238658.l03cd1",
"ref": "P238658.7.4",
"inst": "u",
"f": {"lang": "akk-x-neobab",
"form": "x+x",
"pos": "u"}
}
,
{
"node": "l",
"frag": "ki⸣-i",
"id": "P238658.l03cd2",
"ref": "P238658.7.5",
"inst": "kî[when]'SBJ",
"sig": "@saao/saa13%akk-x-neobab:ki-i=kī[like//when]PRP'SBJ$kî",
"f": {"lang": "akk-x-neobab",
"form": "ki-i",
"cf": "kī",
"gw": "like",
"sense": "when",
"norm": "kî",
"pos": "PRP",
"epos": "SBJ"}
}
,
{
"node": "l",
"frag": "i-tu-ru",
"id": "P238658.l03cd3",
"ref": "P238658.7.6",
"inst": "+târu[turn//return]V'V$itūrū",
"sig": "@saao/saa13%akk-x-neobab:i-tu-ru=târu[turn//return]V'V$itūrū",
"f": {"lang": "akk-x-neobab",
"form": "i-tu-ru",
"cf": "târu",
"gw": "turn",
"sense": "return",
"norm": "itūrū",
"pos": "V",
"epos": "V"}
}
,
{
"node": "l",
"frag": "⸢x⸣+[x",
"id": "P238658.l03cd4",
"ref": "P238658.7.7",
"inst": "u",
"f": {"lang": "akk-x-neobab",
"form": "x+x",
"pos": "u"}
}
,
{
"node": "l",
"frag": "x",
"id": "P238658.l03cd5",
"ref": "P238658.7.8",
"inst": "u",
"f": {"lang": "akk-x-neobab",
"form": "x",
"pos": "u"}
}
,
{
"node": "l",
"frag": "x",
"id": "P238658.l03cd6",
"ref": "P238658.7.9",
"inst": "u",
"f": {"lang": "akk-x-neobab",
"form": "x",
"pos": "u"}
}
,
{
"node": "l",
"frag": "x",
"id": "P238658.l03cd7",
"ref": "P238658.7.10",
"inst": "u",
"f": {"lang": "akk-x-neobab",
"form": "x",
"pos": "u"}
}
,
{
"node": "l",
"frag": "x",
"id": "P238658.l03cd8",
"ref": "P238658.7.11",
"inst": "u",
"f": {"lang": "akk-x-neobab",
"form": "x",
"pos": "u"}
}
,
{
"node": "l",
"frag": "x",
"id": "P238658.l03cd9",
"ref": "P238658.7.12",
"inst": "u",
"f": {"lang": "akk-x-neobab",
"form": "x",
"pos": "u"}
}
,
{
"node": "l",
"frag": "x]",
"id": "P238658.l03cda",
"ref": "P238658.7.13",
"inst": "u",
"f": {"lang": "akk-x-neobab",
"form": "x",
"pos": "u"}
}
,
{
"node": "d",
"type": "line-start",
"ref": "P238658.8",
"n": "4'",
"label": "r 4'"}
,
{
"node": "l",
"frag": "[x",
"id": "P238658.l03cdb",
"ref": "P238658.8.1",
"inst": "u",
"f": {"lang": "akk-x-neobab",
"form": "x",
"pos": "u"}
}
,
{
"node": "l",
"frag": "x",
"id": "P238658.l03cdc",
"ref": "P238658.8.2",
"inst": "u",
"f": {"lang": "akk-x-neobab",
"form": "x",
"pos": "u"}
}
,
{
"node": "l",
"frag": "x",
"id": "P238658.l03cdd",
"ref": "P238658.8.3",
"inst": "u",
"f": {"lang": "akk-x-neobab",
"form": "x",
"pos": "u"}
}
,
{
"node": "l",
"frag": "x",
"id": "P238658.l03cde",
"ref": "P238658.8.4",
"inst": "u",
"f": {"lang": "akk-x-neobab",
"form": "x",
"pos": "u"}
}
,
{
"node": "l",
"frag": "x]+⸢x⸣",
"id": "P238658.l03cdf",
"ref": "P238658.8.5",
"inst": "u",
"f": {"lang": "akk-x-neobab",
"form": "x+x",
"pos": "u"}
}
,
{
"node": "l",
"frag": "i-pu-šu₂",
"id": "P238658.l03ce0",
"ref": "P238658.8.6",
"inst": "+epēšu[do]V$īpušū",
"sig": "@saao/saa13%akk-x-neobab:i-pu-šu₂=epēšu[do//do]V'V$īpušū",
"f": {"lang": "akk-x-neobab",
"form": "i-pu-šu₂",
"cf": "epēšu",
"gw": "do",
"sense": "do",
"norm": "īpušū",
"pos": "V",
"epos": "V"}
}
,
{
"node": "l",
"frag": "[x",
"id": "P238658.l03ce1",
"ref": "P238658.8.7",
"inst": "u",
"f": {"lang": "akk-x-neobab",
"form": "x",
"pos": "u"}
}
,
{
"node": "l",
"frag": "x",
"id": "P238658.l03ce2",
"ref": "P238658.8.8",
"inst": "u",
"f": {"lang": "akk-x-neobab",
"form": "x",
"pos": "u"}
}
,
{
"node": "l",
"frag": "x",
"id": "P238658.l03ce3",
"ref": "P238658.8.9",
"inst": "u",
"f": {"lang": "akk-x-neobab",
"form": "x",
"pos": "u"}
}
,
{
"node": "l",
"frag": "x",
"id": "P238658.l03ce4",
"ref": "P238658.8.10",
"inst": "u",
"f": {"lang": "akk-x-neobab",
"form": "x",
"pos": "u"}
}
,
{
"node": "l",
"frag": "x",
"id": "P238658.l03ce5",
"ref": "P238658.8.11",
"inst": "u",
"f": {"lang": "akk-x-neobab",
"form": "x",
"pos": "u"}
}
,
{
"node": "l",
"frag": "x",
"id": "P238658.l03ce6",
"ref": "P238658.8.12",
"inst": "u",
"f": {"lang": "akk-x-neobab",
"form": "x",
"pos": "u"}
}
,
{
"node": "l",
"frag": "x]",
"id": "P238658.l03ce7",
"ref": "P238658.8.13",
"inst": "u",
"f": {"lang": "akk-x-neobab",
"form": "x",
"pos": "u"}
}
,
{
"node": "d",
"type": "line-start",
"ref": "P238658.9",
"n": "5'",
"label": "r 5'"}
,
{
"node": "l",
"frag": "[x",
"id": "P238658.l03ce8",
"ref": "P238658.9.1",
"inst": "u",
"f": {"lang": "akk-x-neobab",
"form": "x",
"pos": "u"}
}
,
{
"node": "l",
"frag": "x]",
"id": "P238658.l03ce9",
"ref": "P238658.9.2",
"inst": "u",
"f": {"lang": "akk-x-neobab",
"form": "x",
"pos": "u"}
}
,
{
"node": "l",
"frag": "⸢LUGAL",
"id": "P238658.l03cea",
"ref": "P238658.9.3",
"inst": "šarru[king]N",
"sig": "@saao/saa13%akk-x-neobab:LUGAL=šarru[king//king]N'N$šarri",
"f": {"lang": "akk-x-neobab",
"form": "LUGAL",
"cf": "šarru",
"gw": "king",
"sense": "king",
"norm": "šarri",
"pos": "N",
"epos": "N"}
}
,
{
"node": "l",
"frag": "EN-a⸣",
"id": "P238658.l03ceb",
"ref": "P238658.9.4",
"inst": "bēlā[lord]N",
"sig": "@saao/saa13%akk-x-neobab:EN-a=bēlu[lord//lord]N'N$bēlā",
"f": {"lang": "akk-x-neobab",
"form": "EN-a",
"cf": "bēlu",
"gw": "lord",
"sense": "lord",
"norm": "bēlā",
"pos": "N",
"epos": "N"}
}
,
{
"node": "l",
"frag": "lu-ma-⸢as⸣-[si",
"id": "P238658.l03cec",
"ref": "P238658.9.5",
"inst": "+wussû[identify]V$lumassi",
"sig": "@saao/saa13%akk-x-neobab:lu-ma-as-si=wussû[identify//identify]V'V$lumassi",
"f": {"lang": "akk-x-neobab",
"form": "lu-ma-as-si",
"cf": "wussû",
"gw": "identify",
"sense": "identify",
"norm": "lumassi",
"pos": "V",
"epos": "V"}
}
,
{
"node": "l",
"frag": "x",
"id": "P238658.l03ced",
"ref": "P238658.9.6",
"inst": "u",
"f": {"lang": "akk-x-neobab",
"form": "x",
"pos": "u"}
}
,
{
"node": "l",
"frag": "x",
"id": "P238658.l03cee",
"ref": "P238658.9.7",
"inst": "u",
"f": {"lang": "akk-x-neobab",
"form": "x",
"pos": "u"}
}
,
{
"node": "l",
"frag": "x",
"id": "P238658.l03cef",
"ref": "P238658.9.8",
"inst": "u",
"f": {"lang": "akk-x-neobab",
"form": "x",
"pos": "u"}
}
,
{
"node": "l",
"frag": "x",
"id": "P238658.l03cf0",
"ref": "P238658.9.9",
"inst": "u",
"f": {"lang": "akk-x-neobab",
"form": "x",
"pos": "u"}
}
,
{
"node": "l",
"frag": "x",
"id": "P238658.l03cf1",
"ref": "P238658.9.10",
"inst": "u",
"f": {"lang": "akk-x-neobab",
"form": "x",
"pos": "u"}
}
,
{
"node": "l",
"frag": "x]",
"id": "P238658.l03cf2",
"ref": "P238658.9.11",
"inst": "u",
"f": {"lang": "akk-x-neobab",
"form": "x",
"pos": "u"}
}
,
{
"node": "d",
"type": "line-start",
"ref": "P238658.10",
"n": "6'",
"label": "r 6'"}
,
{
"node": "l",
"frag": "[x",
"id": "P238658.l03cf3",
"ref": "P238658.10.1",
"inst": "u",
"f": {"lang": "akk-x-neobab",
"form": "x",
"pos": "u"}
}
,
{
"node": "l",
"frag": "x",
"id": "P238658.l03cf4",
"ref": "P238658.10.2",
"inst": "u",
"f": {"lang": "akk-x-neobab",
"form": "x",
"pos": "u"}
}
,
{
"node": "l",
"frag": "x]",
"id": "P238658.l03cf5",
"ref": "P238658.10.3",
"inst": "u",
"f": {"lang": "akk-x-neobab",
"form": "x",
"pos": "u"}
}
,
{
"node": "l",
"frag": "⸢ul⸣",
"id": "P238658.l03cf6",
"ref": "P238658.10.4",
"inst": "ul[not]MOD",
"sig": "@saao/saa13%akk-x-neobab:ul=ul[not//not]MOD'MOD$ul",
"f": {"lang": "akk-x-neobab",
"form": "ul",
"cf": "ul",
"gw": "not",
"sense": "not",
"norm": "ul",
"pos": "MOD",
"epos": "MOD"}
}
,
{
"node": "l",
"frag": "i-šem-mi-ma",
"id": "P238658.l03cf7",
"ref": "P238658.10.5",
"inst": "+šemû[hear//listen to]V'V$išemmīma",
"sig": "@saao/saa13%akk-x-neobab:i-šem-mi-ma=šemû[hear//listen to]V'V$išemmīma",
"f": {"lang": "akk-x-neobab",
"form": "i-šem-mi-ma",
"cf": "šemû",
"gw": "hear",
"sense": "listen to",
"norm": "išemmīma",
"pos": "V",
"epos": "V"}
}
,
{
"node": "l",
"frag": "[x",
"id": "P238658.l03cf8",
"ref": "P238658.10.6",
"inst": "u",
"f": {"lang": "akk-x-neobab",
"form": "x",
"pos": "u"}
}
,
{
"node": "l",
"frag": "x",
"id": "P238658.l03cf9",
"ref": "P238658.10.7",
"inst": "u",
"f": {"lang": "akk-x-neobab",
"form": "x",
"pos": "u"}
}
,
{
"node": "l",
"frag": "x",
"id": "P238658.l03cfa",
"ref": "P238658.10.8",
"inst": "u",
"f": {"lang": "akk-x-neobab",
"form": "x",
"pos": "u"}
}
,
{
"node": "l",
"frag": "x",
"id": "P238658.l03cfb",
"ref": "P238658.10.9",
"inst": "u",
"f": {"lang": "akk-x-neobab",
"form": "x",
"pos": "u"}
}
,
{
"node": "l",
"frag": "x",
"id": "P238658.l03cfc",
"ref": "P238658.10.10",
"inst": "u",
"f": {"lang": "akk-x-neobab",
"form": "x",
"pos": "u"}
}
,
{
"node": "l",
"frag": "x]",
"id": "P238658.l03cfd",
"ref": "P238658.10.11",
"inst": "u",
"f": {"lang": "akk-x-neobab",
"form": "x",
"pos": "u"}
}
,
{
"node": "d",
"type": "line-start",
"ref": "P238658.11",
"n": "7'",
"label": "r 7'"}
,
{
"node": "l",
"frag": "[x",
"id": "P238658.l03cfe",
"ref": "P238658.11.1",
"inst": "u",
"f": {"lang": "akk-x-neobab",
"form": "x",
"pos": "u"}
}
,
{
"node": "l",
"frag": "x",
"id": "P238658.l03cff",
"ref": "P238658.11.2",
"inst": "u",
"f": {"lang": "akk-x-neobab",
"form": "x",
"pos": "u"}
}
,
{
"node": "l",
"frag": "x",
"id": "P238658.l03d00",
"ref": "P238658.11.3",
"inst": "u",
"f": {"lang": "akk-x-neobab",
"form": "x",
"pos": "u"}
}
,
{
"node": "l",
"frag": "x]+⸢x⸣-e",
"id": "P238658.l03d01",
"ref": "P238658.11.4",
"inst": "u",
"f": {"lang": "akk-x-neobab",
"form": "x+x-e",
"pos": "u"}
}
,
{
"node": "l",
"frag": "lam-du",
"id": "P238658.l03d02",
"ref": "P238658.11.5",
"inst": "+lamdu[experienced//learned]AJ'AJ$lamdū",
"sig": "@saao/saa13%akk-x-neobab:lam-du=lamdu[experienced//learned]AJ'AJ$lamdū",
"f": {"lang": "akk-x-neobab",
"form": "lam-du",
"cf": "lamdu",
"gw": "experienced",
"sense": "learned",
"norm": "lamdū",
"pos": "AJ",
"epos": "AJ"}
}
,
{
"node": "l",
"frag": "si-⸢ma⸣-[x]",
"id": "P238658.l03d03",
"ref": "P238658.11.6",
"inst": "u",
"f": {"lang": "akk-x-neobab",
"form": "si-ma-x",
"pos": "u"}
}
,
{
"node": "l",
"frag": "⸢x⸣+[x]",
"id": "P238658.l03d04",
"ref": "P238658.11.7",
"inst": "u",
"f": {"lang": "akk-x-neobab",
"form": "x+x",
"pos": "u"}
}
,
{
"node": "d",
"type": "line-start",
"ref": "P238658.12",
"n": "8'",
"label": "r 8'"}
,
{
"node": "l",
"frag": "[x",
"id": "P238658.l03d05",
"ref": "P238658.12.1",
"inst": "u",
"f": {"lang": "akk-x-neobab",
"form": "x",
"pos": "u"}
}
,
{
"node": "l",
"frag": "x",
"id": "P238658.l03d06",
"ref": "P238658.12.2",
"inst": "u",
"f": {"lang": "akk-x-neobab",
"form": "x",
"pos": "u"}
}
,
{
"node": "l",
"frag": "x",
"id": "P238658.l03d07",
"ref": "P238658.12.3",
"inst": "u",
"f": {"lang": "akk-x-neobab",
"form": "x",
"pos": "u"}
}
,
{
"node": "l",
"frag": "x]-li-ma",
"id": "P238658.l03d08",
"ref": "P238658.12.4",
"inst": "u",
"f": {"lang": "akk-x-neobab",
"form": "x-li-ma",
"pos": "u"}
}
,
{
"node": "l",
"frag": "ina",
"id": "P238658.l03d09",
"ref": "P238658.12.5",
"inst": "ina[in]PRP",
"sig": "@saao/saa13%akk-x-neobab:ina=ina[in//in]PRP'PRP$ina",
"f": {"lang": "akk-x-neobab",
"form": "ina",
"cf": "ina",
"gw": "in",
"sense": "in",
"norm": "ina",
"pos": "PRP",
"epos": "PRP"}
}
,
{
"node": "l",
"frag": "GIR₃.2",
"id": "P238658.l03d0a",
"ref": "P238658.12.6",
"inst": "šēpē[foot]N",
"sig": "@saao/saa13%akk-x-neobab:GIR₃.2=šēpu[foot//foot]N'N$šēpē",
"f": {"lang": "akk-x-neobab",
"form": "GIR₃.2",
"cf": "šēpu",
"gw": "foot",
"sense": "foot",
"norm": "šēpē",
"pos": "N",
"epos": "N"}
}
,
{
"node": "l",
"frag": "⸢x⸣+[x]",
"id": "P238658.l03d0b",
"ref": "P238658.12.7",
"inst": "u",
"f": {"lang": "akk-x-neobab",
"form": "x+x",
"pos": "u"}
}
,
{
"node": "l",
"frag": "x",
"id": "P238658.l03d0c",
"ref": "P238658.12.8",
"inst": "u",
"f": {"lang": "akk-x-neobab",
"form": "x",
"pos": "u"}
}
,
{
"node": "l",
"frag": "[x]",
"id": "P238658.l03d0d",
"ref": "P238658.12.9",
"inst": "u",
"f": {"lang": "akk-x-neobab",
"form": "x",
"pos": "u"}
}
,
{
"node": "d",
"type": "line-start",
"ref": "P238658.13",
"n": "9'",
"label": "r 9'"}
,
{
"node": "l",
"frag": "[x",
"id": "P238658.l03d0e",
"ref": "P238658.13.1",
"inst": "u",
"f": {"lang": "akk-x-neobab",
"form": "x",
"pos": "u"}
}
,
{
"node": "l",
"frag": "x",
"id": "P238658.l03d0f",
"ref": "P238658.13.2",
"inst": "u",
"f": {"lang": "akk-x-neobab",
"form": "x",
"pos": "u"}
}
,
{
"node": "l",
"frag": "x",
"id": "P238658.l03d10",
"ref": "P238658.13.3",
"inst": "u",
"f": {"lang": "akk-x-neobab",
"form": "x",
"pos": "u"}
}
,
{
"node": "l",
"frag": "x",
"id": "P238658.l03d11",
"ref": "P238658.13.4",
"inst": "u",
"f": {"lang": "akk-x-neobab",
"form": "x",
"pos": "u"}
}
,
{
"node": "l",
"frag": "ki]-i",
"id": "P238658.l03d12",
"ref": "P238658.13.5",
"inst": "kî[when]'SBJ",
"sig": "@saao/saa13%akk-x-neobab:ki-i=kī[like//when]PRP'SBJ$kî",
"f": {"lang": "akk-x-neobab",
"form": "ki-i",
"cf": "kī",
"gw": "like",
"sense": "when",
"norm": "kî",
"pos": "PRP",
"epos": "SBJ"}
}
,
{
"node": "l",
"frag": "il-li-ka",
"id": "P238658.l03d13",
"ref": "P238658.13.6",
"inst": "illika[come]V",
"sig": "@saao/saa13%akk-x-neobab:il-li-ka=alāku[go//come]V'V$illika",
"f": {"lang": "akk-x-neobab",
"form": "il-li-ka",
"cf": "alāku",
"gw": "go",
"sense": "come",
"norm": "illika",
"pos": "V",
"epos": "V"}
}
,
{
"node": "l",
"frag": "it-tas-si",
"id": "P238658.l03d14",
"ref": "P238658.13.7",
"inst": "+nesû[be(come) distant]V$ittassi",
"sig": "@saao/saa13%akk-x-neobab:it-tas-si=nesû[be(come) distant//be(come) distant]V'V$ittassi",
"f": {"lang": "akk-x-neobab",
"form": "it-tas-si",
"cf": "nesû",
"gw": "be(come) distant",
"sense": "be(come) distant",
"norm": "ittassi",
"pos": "V",
"epos": "V"}
}
,
{
"node": "l",
"frag": "ina",
"id": "P238658.l03d15",
"ref": "P238658.13.8",
"inst": "+ina[in+=before]PRP$",
"sig": "@saao/saa13%akk-x-neobab:ina=ina[in//in]PRP'PRP$ina",
"f": {"lang": "akk-x-neobab",
"form": "ina",
"cf": "ina",
"gw": "in",
"sense": "in",
"norm": "ina",
"pos": "PRP",
"epos": "PRP"}
}
,
{
"node": "l",
"frag": "pa-na-⸢at⸣",
"id": "P238658.l03d16",
"ref": "P238658.13.9",
"inst": "+pānātu[front]N$pānāt",
"sig": "@saao/saa13%akk-x-neobab:pa-na-at=pānātu[front//front]N'N$pānāt",
"f": {"lang": "akk-x-neobab",
"form": "pa-na-at",
"cf": "pānātu",
"gw": "front",
"sense": "front",
"norm": "pānāt",
"pos": "N",
"epos": "N"}
}
,
{
"node": "d",
"type": "line-start",
"ref": "P238658.14",
"n": "10'",
"label": "r 10'"}
,
{
"node": "l",
"frag": "[na-bal-kat₂-tu",
"id": "P238658.l03d17",
"ref": "P238658.14.1",
"inst": "+nabalkattu[crossing//uprising]N'N$",
"sig": "@saao/saa13%akk-x-neobab:na-bal-kat₂-tu=nabalkattu[crossing//uprising]N'N$nabalkattu",
"f": {"lang": "akk-x-neobab",
"form": "na-bal-kat₂-tu",
"cf": "nabalkattu",
"gw": "crossing",
"sense": "uprising",
"norm": "nabalkattu",
"pos": "N",
"epos": "N"}
}
,
{
"node": "l",
"frag": "u₃]",
"id": "P238658.l03d18",
"ref": "P238658.14.2",
"inst": "u[and]CNJ",
"sig": "@saao/saa13%akk-x-neobab:u₃=u[and//and]CNJ'CNJ$u",
"f": {"lang": "akk-x-neobab",
"form": "u₃",
"cf": "u",
"gw": "and",
"sense": "and",
"norm": "u",
"pos": "CNJ",
"epos": "CNJ"}
}
,
{
"node": "l",
"frag": "si-hu",
"id": "P238658.l03d19",
"ref": "P238658.14.3",
"inst": "+sīhu[rebellion]N$",
"sig": "@saao/saa13%akk-x-neobab:si-hu=sīhu[rebellion//rebellion]N'N$sīhu",
"f": {"lang": "akk-x-neobab",
"form": "si-hu",
"cf": "sīhu",
"gw": "rebellion",
"sense": "rebellion",
"norm": "sīhu",
"pos": "N",
"epos": "N"}
}
,
{
"node": "l",
"frag": "ša",
"id": "P238658.l03d1a",
"ref": "P238658.14.4",
"inst": "ša[of]DET",
"sig": "@saao/saa13%akk-x-neobab:ša=ša[of//of]DET'DET$ša",
"f": {"lang": "akk-x-neobab",
"form": "ša",
"cf": "ša",
"gw": "of",
"sense": "of",
"norm": "ša",
"pos": "DET",
"epos": "DET"}
}
,
{
"node": "l",
"frag": "UN-MEŠ",
"id": "P238658.l03d1b",
"ref": "P238658.14.5",
"inst": "nišī[people]N",
"sig": "@saao/saa13%akk-x-neobab:UN-MEŠ=nišu[people//people]N'N$nišī",
"f": {"lang": "akk-x-neobab",
"form": "UN-MEŠ",
"cf": "nišu",
"gw": "people",
"sense": "people",
"norm": "nišī",
"pos": "N",
"epos": "N"}
}
,
{
"node": "d",
"type": "line-start",
"ref": "P238658.15",
"n": "11'",
"label": "r 11'"}
,
{
"node": "l",
"frag": "[x",
"id": "P238658.l03d1c",
"ref": "P238658.15.1",
"inst": "u",
"f": {"lang": "akk-x-neobab",
"form": "x",
"pos": "u"}
}
,
{
"node": "l",
"frag": "x",
"id": "P238658.l03d1d",
"ref": "P238658.15.2",
"inst": "u",
"f": {"lang": "akk-x-neobab",
"form": "x",
"pos": "u"}
}
,
{
"node": "l",
"frag": "a-na",
"id": "P238658.l03d1e",
"ref": "P238658.15.3",
"inst": "+ana[to+=before]PRP",
"sig": "@saao/saa13%akk-x-neobab:a-na=ana[to//to]PRP'PRP$ana",
"f": {"lang": "akk-x-neobab",
"form": "a-na",
"cf": "ana",
"gw": "to",
"sense": "to",
"norm": "ana",
"pos": "PRP",
"epos": "PRP"}
}
,
{
"node": "l",
"frag": "pa]-⸢ni⸣-ka",
"id": "P238658.l03d1f",
"ref": "P238658.15.4",
"inst": "+pānu[front]N$pānīka",
"sig": "@saao/saa13%akk-x-neobab:pa-ni-ka=pānu[front//front]N'N$pānīka",
"f": {"lang": "akk-x-neobab",
"form": "pa-ni-ka",
"cf": "pānu",
"gw": "front",
"sense": "front",
"norm": "pānīka",
"pos": "N",
"epos": "N"}
}
,
{
"node": "l",
"frag": "ul",
"id": "P238658.l03d20",
"ref": "P238658.15.5",
"inst": "ul[not]MOD",
"sig": "@saao/saa13%akk-x-neobab:ul=ul[not//not]MOD'MOD$ul",
"f": {"lang": "akk-x-neobab",
"form": "ul",
"cf": "ul",
"gw": "not",
"sense": "not",
"norm": "ul",
"pos": "MOD",
"epos": "MOD"}
}
,
{
"node": "l",
"frag": "il-li-ku",
"id": "P238658.l03d21",
"ref": "P238658.15.6",
"inst": "+alāku[go]V$illikū",
"sig": "@saao/saa13%akk-x-neobab:il-li-ku=alāku[go//go]V'V$illikū",
"f": {"lang": "akk-x-neobab",
"form": "il-li-ku",
"cf": "alāku",
"gw": "go",
"sense": "go",
"norm": "illikū",
"pos": "V",
"epos": "V"}
}
,
{
"node": "d",
"type": "line-start",
"ref": "P238658.16",
"n": "12'",
"label": "r 12'"}
,
{
"node": "l",
"frag": "[en-na",
"id": "P238658.l03d22",
"ref": "P238658.16.1",
"inst": "enna[now]AV",
"sig": "@saao/saa13%akk-x-neobab:en-na=enna[now//now]AV'AV$enna",
"f": {"lang": "akk-x-neobab",
"form": "en-na",
"cf": "enna",
"gw": "now",
"sense": "now",
"norm": "enna",
"pos": "AV",
"epos": "AV"}
}
,
{
"node": "l",
"frag": "ina]",
"id": "P238658.l03d23",
"ref": "P238658.16.2",
"inst": "ina[in+=concerning]PRP",
"sig": "@saao/saa13%akk-x-neobab:ina=ina[in//in]PRP'PRP$ina",
"f": {"lang": "akk-x-neobab",
"form": "ina",
"cf": "ina",
"gw": "in",
"sense": "in",
"norm": "ina",
"pos": "PRP",
"epos": "PRP"}
}
,
{
"node": "l",
"frag": "⸢UGU⸣",
"id": "P238658.l03d24",
"ref": "P238658.16.3",
"inst": "muhhi[skull]N",
"sig": "@saao/saa13%akk-x-neobab:UGU=muhhu[skull//skull]N'N$muhhi",
"f": {"lang": "akk-x-neobab",
"form": "UGU",
"cf": "muhhu",
"gw": "skull",
"sense": "skull",
"norm": "muhhi",
"pos": "N",
"epos": "N"}
}
,
{
"node": "l",
"frag": "ṣal-mi",
"id": "P238658.l03d25",
"ref": "P238658.16.4",
"inst": "+ṣalmu[effigy//statue]N'N$ṣalmi",
"sig": "@saao/saa13%akk-x-neobab:ṣal-mi=ṣalmu[effigy//statue]N'N$ṣalmi",
"f": {"lang": "akk-x-neobab",
"form": "ṣal-mi",
"cf": "ṣalmu",
"gw": "effigy",
"sense": "statue",
"norm": "ṣalmi",
"pos": "N",
"epos": "N"}
}
,
{
"node": "l",
"frag": "ša",
"id": "P238658.l03d26",
"ref": "P238658.16.5",
"inst": "ša[of]DET",
"sig": "@saao/saa13%akk-x-neobab:ša=ša[of//of]DET'DET$ša",
"f": {"lang": "akk-x-neobab",
"form": "ša",
"cf": "ša",
"gw": "of",
"sense": "of",
"norm": "ša",
"pos": "DET",
"epos": "DET"}
}
,
{
"node": "l",
"frag": "{d}AMAR.UTU",
"id": "P238658.l03d27",
"ref": "P238658.16.6",
"inst": "Marduk[1]DN",
"sig": "@saao/saa13%akk-x-neobab:{d}AMAR.UTU=Marduk[1//1]DN'DN$Marduk",
"f": {"lang": "akk-x-neobab",
"form": "{d}AMAR.UTU",
"cf": "Marduk",
"gw": "1",
"sense": "1",
"norm": "Marduk",
"pos": "DN",
"epos": "DN"}
}
,
{
"node": "l",
"frag": "i-qab-⸢bu⸣-[u₂]",
"id": "P238658.l03d28",
"ref": "P238658.16.7",
"inst": "iqabbû[say]V",
"sig": "@saao/saa13%akk-x-neobab:i-qab-bu-u₂=qabû[say//say]V'V$iqabbû",
"f": {"lang": "akk-x-neobab",
"form": "i-qab-bu-u₂",
"cf": "qabû",
"gw": "say",
"sense": "say",
"norm": "iqabbû",
"pos": "V",
"epos": "V"}
}
,
{
"node": "d",
"type": "line-start",
"ref": "P238658.17",
"n": "13'",
"label": "r 13'"}
,
{
"node": "l",
"frag": "[um-ma",
"id": "P238658.l03d29",
"ref": "P238658.17.1",
"inst": "umma[saying]PRP",
"sig": "@saao/saa13%akk-x-neobab:um-ma=umma[saying//saying]PRP'PRP$umma",
"f": {"lang": "akk-x-neobab",
"form": "um-ma",
"cf": "umma",
"gw": "saying",
"sense": "saying",
"norm": "umma",
"pos": "PRP",
"epos": "PRP"}
}
,
{
"node": "l",
"frag": "ṣal-mu",
"id": "P238658.l03d2a",
"ref": "P238658.17.2",
"inst": "+ṣalmu[effigy//statue]N'N$",
"sig": "@saao/saa13%akk-x-neobab:ṣal-mu=ṣalmu[effigy//statue]N'N$ṣalmu",
"f": {"lang": "akk-x-neobab",
"form": "ṣal-mu",
"cf": "ṣalmu",
"gw": "effigy",
"sense": "statue",
"norm": "ṣalmu",
"pos": "N",
"epos": "N"}
}
,
{
"node": "l",
"frag": "il]-la-ka",
"id": "P238658.l03d2b",
"ref": "P238658.17.3",
"inst": "illaka[come]V",
"sig": "@saao/saa13%akk-x-neobab:il-la-ka=alāku[go//come]V'V$illaka",
"f": {"lang": "akk-x-neobab",
"form": "il-la-ka",
"cf": "alāku",
"gw": "go",
"sense": "come",
"norm": "illaka",
"pos": "V",
"epos": "V"}
}
,
{
"node": "l",
"frag": "mim₃-ma",
"id": "P238658.l03d2c",
"ref": "P238658.17.4",
"inst": "mimma[anything]XP",
"sig": "@saao/saa13%akk-x-neobab:mim₃-ma=mimma[anything//anything]XP'XP$mimma",
"f": {"lang": "akk-x-neobab",
"form": "mim₃-ma",
"cf": "mimma",
"gw": "anything",
"sense": "anything",
"norm": "mimma",
"pos": "XP",
"epos": "XP"}
}
,
{
"node": "l",
"frag": "ina",
"id": "P238658.l03d2d",
"ref": "P238658.17.5",
"inst": "ina[in]PRP",
"sig": "@saao/saa13%akk-x-neobab:ina=ina[in//in]PRP'PRP$ina",
"f": {"lang": "akk-x-neobab",
"form": "ina",
"cf": "ina",
"gw": "in",
"sense": "in",
"norm": "ina",
"pos": "PRP",
"epos": "PRP"}
}
,
{
"node": "l",
"frag": "pi-šu",
"id": "P238658.l03d2e",
"ref": "P238658.17.6",
"inst": "+pû[mouth]N$pîšu",
"sig": "@saao/saa13%akk-x-neobab:pi-šu=pû[mouth//mouth]N'N$pîšu",
"f": {"lang": "akk-x-neobab",
"form": "pi-šu",
"cf": "pû",
"gw": "mouth",
"sense": "mouth",
"norm": "pîšu",
"pos": "N",
"epos": "N"}
}
,
{
"node": "l",
"frag": "dib-bi",
"id": "P238658.l03d2f",
"ref": "P238658.17.7",
"inst": "dibbī[words]N",
"sig": "@saao/saa13%akk-x-neobab:dib-bi=dibbu[words//words]N'N$dibbī",
"f": {"lang": "akk-x-neobab",
"form": "dib-bi",
"cf": "dibbu",
"gw": "words",
"sense": "words",
"norm": "dibbī",
"pos": "N",
"epos": "N"}
}
,
{
"node": "l",
"frag": "a-na",
"id": "P238658.l03d30",
"ref": "P238658.17.8",
"inst": "ana[for]PRP",
"sig": "@saao/saa13%akk-x-neobab:a-na=ana[to//for]PRP'PRP$ana",
"f": {"lang": "akk-x-neobab",
"form": "a-na",
"cf": "ana",
"gw": "to",
"sense": "for",
"norm": "ana",
"pos": "PRP",
"epos": "PRP"}
}
,
{
"node": "l",
"frag": "URU-[ma]",
"id": "P238658.l03d31",
"ref": "P238658.17.9",
"inst": "+ālu[city//town]N'N$ālīma",
"sig": "@saao/saa13%akk-x-neobab:URU-ma=ālu[city//town]N'N$ālīma",
"f": {"lang": "akk-x-neobab",
"form": "URU-ma",
"cf": "ālu",
"gw": "city",
"sense": "town",
"norm": "ālīma",
"pos": "N",
"epos": "N"}
}
,
{
"node": "d",
"type": "line-start",
"ref": "P238658.18",
"n": "14'",
"label": "r 14'"}
,
{
"node": "l",
"frag": "[x",
"id": "P238658.l03d32",
"ref": "P238658.18.1",
"inst": "u",
"f": {"lang": "akk-x-neobab",
"form": "x",
"pos": "u"}
}
,
{
"node": "l",
"frag": "x",
"id": "P238658.l03d33",
"ref": "P238658.18.2",
"inst": "u",
"f": {"lang": "akk-x-neobab",
"form": "x",
"pos": "u"}
}
,
{
"node": "l",
"frag": "x",
"id": "P238658.l03d34",
"ref": "P238658.18.3",
"inst": "u",
"f": {"lang": "akk-x-neobab",
"form": "x",
"pos": "u"}
}
,
{
"node": "l",
"frag": "x",
"id": "P238658.l03d35",
"ref": "P238658.18.4",
"inst": "u",
"f": {"lang": "akk-x-neobab",
"form": "x",
"pos": "u"}
}
,
{
"node": "l",
"frag": "x",
"id": "P238658.l03d36",
"ref": "P238658.18.5",
"inst": "u",
"f": {"lang": "akk-x-neobab",
"form": "x",
"pos": "u"}
}
,
{
"node": "l",
"frag": "x]",
"id": "P238658.l03d37",
"ref": "P238658.18.6",
"inst": "u",
"f": {"lang": "akk-x-neobab",
"form": "x",
"pos": "u"}
}
,
{
"node": "l",
"frag": "u",
"id": "P238658.l03d38",
"ref": "P238658.18.7",
"inst": "u[and]CNJ",
"sig": "@saao/saa13%akk-x-neobab:u=u[and//and]CNJ'CNJ$u",
"f": {"lang": "akk-x-neobab",
"form": "u",
"cf": "u",
"gw": "and",
"sense": "and",
"norm": "u",
"pos": "CNJ",
"epos": "CNJ"}
}
,
{
"node": "l",
"frag": "a-du-u₂",
"id": "P238658.l03d39",
"ref": "P238658.18.8",
"inst": "adû[now]AV",
"sig": "@saao/saa13%akk-x-neobab:a-du-u₂=adû[now//now]AV'AV$adû",
"f": {"lang": "akk-x-neobab",
"form": "a-du-u₂",
"cf": "adû",
"gw": "now",
"sense": "now",
"norm": "adû",
"pos": "AV",
"epos": "AV"}
}
,
{
"node": "l",
"frag": "ina",
"id": "P238658.l03d3a",
"ref": "P238658.18.9",
"inst": "ina[in]PRP",
"sig": "@saao/saa13%akk-x-neobab:ina=ina[in//in]PRP'PRP$ina",
"f": {"lang": "akk-x-neobab",
"form": "ina",
"cf": "ina",
"gw": "in",
"sense": "in",
"norm": "ina",
"pos": "PRP",
"epos": "PRP"}
}
,
{
"node": "l",
"frag": "maš-ka-na-⸢ti⸣",
"id": "P238658.l03d3b",
"ref": "P238658.18.10",
"inst": "+maškanu[place of putting//tent]N'N$maškanāti",
"sig": "@saao/saa13%akk-x-neobab:maš-ka-na-ti=maškanu[place of putting//tent]N'N$maškanāti",
"f": {"lang": "akk-x-neobab",
"form": "maš-ka-na-ti",
"cf": "maškanu",
"gw": "place of putting",
"sense": "tent",
"norm": "maškanāti",
"pos": "N",
"epos": "N"}
}
,
{
"node": "d",
"type": "line-start",
"ref": "P238658.19",
"n": "15'",
"label": "r 15'"}
,
{
"node": "l",
"frag": "[x",
"id": "P238658.l03d3c",
"ref": "P238658.19.1",
"inst": "u",
"f": {"lang": "akk-x-neobab",
"form": "x",
"pos": "u"}
}
,
{
"node": "l",
"frag": "x",
"id": "P238658.l03d3d",
"ref": "P238658.19.2",
"inst": "u",
"f": {"lang": "akk-x-neobab",
"form": "x",
"pos": "u"}
}
,
{
"node": "l",
"frag": "x",
"id": "P238658.l03d3e",
"ref": "P238658.19.3",
"inst": "u",
"f": {"lang": "akk-x-neobab",
"form": "x",
"pos": "u"}
}
,
{
"node": "l",
"frag": "x",
"id": "P238658.l03d3f",
"ref": "P238658.19.4",
"inst": "u",
"f": {"lang": "akk-x-neobab",
"form": "x",
"pos": "u"}
}
,
{
"node": "l",
"frag": "x",
"id": "P238658.l03d40",
"ref": "P238658.19.5",
"inst": "u",
"f": {"lang": "akk-x-neobab",
"form": "x",
"pos": "u"}
}
,
{
"node": "l",
"frag": "x",
"id": "P238658.l03d41",
"ref": "P238658.19.6",
"inst": "u",
"f": {"lang": "akk-x-neobab",
"form": "x",
"pos": "u"}
}
,
{
"node": "l",
"frag": "x",
"id": "P238658.l03d42",
"ref": "P238658.19.7",
"inst": "u",
"f": {"lang": "akk-x-neobab",
"form": "x",
"pos": "u"}
}
,
{
"node": "l",
"frag": "x]+⸢x⸣",
"id": "P238658.l03d43",
"ref": "P238658.19.8",
"inst": "u",
"f": {"lang": "akk-x-neobab",
"form": "x+x",
"pos": "u"}
}
,
{
"node": "l",
"frag": "DINGIR-MEŠ-šu₂",
"id": "P238658.l03d44",
"ref": "P238658.19.9",
"inst": "ilānīšu[god]N",
"sig": "@saao/saa13%akk-x-neobab:DINGIR-MEŠ-šu₂=ilu[god//god]N'N$ilānīšu",
"f": {"lang": "akk-x-neobab",
"form": "DINGIR-MEŠ-šu₂",
"cf": "ilu",
"gw": "god",
"sense": "god",
"norm": "ilānīšu",
"pos": "N",
"epos": "N"}
}
,
{
"node": "l",
"frag": "i-[x",
"id": "P238658.l03d45",
"ref": "P238658.19.10",
"inst": "u",
"f": {"lang": "akk-x-neobab",
"form": "i-x",
"pos": "u"}
}
,
{
"node": "l",
"frag": "x",
"id": "P238658.l03d46",
"ref": "P238658.19.11",
"inst": "u",
"f": {"lang": "akk-x-neobab",
"form": "x",
"pos": "u"}
}
,
{
"node": "l",
"frag": "x]",
"id": "P238658.l03d47",
"ref": "P238658.19.12",
"inst": "u",
"f": {"lang": "akk-x-neobab",
"form": "x",
"pos": "u"}
}
,
{
"node": "d",
"type": "nonx",
"ref": "P238658.20",
"strict": "0",
"extent": "rest",
"state": "missing"}
]}
]}
]}
]}
