{
"type": "cdl",
  "source": "http://oracc.org/saao/saa13",
  "license": "This data is released under the CC0 license",
  "license-url": "https://creativecommons.org/publicdomain/zero/1.0/",
  "more-info": "http://oracc.org/doc/opendata/",
  "UTC-timestamp": "2017-05-19T11:46:07",
"project": "saao/saa13",
"textid": "P285572",
"cdl": [
{
"node": "c",
"type": "text",
"id": "P285572.U0",
"cdl": [
{
"node": "d",
"type": "object",
"ref": ""}
,
{
"node": "d",
"subtype": "obverse",
"type": "surface",
"ref": "P285572.o.1",
"type": "obverse",
"label": "o"}
,
{
"node": "c",
"type": "discourse",
"subtype": "body",
"id": "P285572.U1",
"cdl": [
{
"node": "c",
"type": "sentence",
"id": "P285572.U2",
"label": "o 1 - env r 2",
"cdl": [
{
"node": "d",
"type": "line-start",
"ref": "P285572.2",
"n": "1",
"label": "o 1"}
,
{
"node": "l",
"frag": "IM",
"id": "P285572.l00c42",
"ref": "P285572.2.1",
"inst": "ṭuppi[tablet]N",
"sig": "@saao/saa13%akk-x-neoass:IM=ṭuppu[tablet//tablet]N'N$ṭuppi",
"f": {"lang": "akk-x-neoass",
"form": "IM",
"cf": "ṭuppu",
"gw": "tablet",
"sense": "tablet",
"norm": "ṭuppi",
"pos": "N",
"epos": "N"}
}
,
{
"node": "l",
"frag": "{lu₂}lah₂-hi-nu",
"id": "P285572.l00c43",
"ref": "P285572.2.2",
"inst": "lahhinnu[(temple) steward]N",
"sig": "@saao/saa13%akk-x-neoass:{LU₂}lah₂-hi-nu=alahhinu[(an official in temple service)//(temple) steward]N'N$lahhinnu",
"f": {"lang": "akk-x-neoass",
"form": "{LU₂}lah₂-hi-nu",
"cf": "alahhinu",
"gw": "(an official in temple service)",
"sense": "(temple) steward",
"norm": "lahhinnu",
"pos": "N",
"epos": "N"}
}
,
{
"node": "d",
"type": "line-start",
"ref": "P285572.3",
"n": "2",
"label": "o 2"}
,
{
"node": "l",
"frag": "a-na",
"id": "P285572.l00c44",
"ref": "P285572.3.1",
"inst": "ana[to]PRP",
"sig": "@saao/saa13%akk-x-neoass:a-na=ana[to//to]PRP'PRP$ana",
"f": {"lang": "akk-x-neoass",
"form": "a-na",
"cf": "ana",
"gw": "to",
"sense": "to",
"norm": "ana",
"pos": "PRP",
"epos": "PRP"}
}
,
{
"node": "l",
"frag": "{lu₂}lah₂-hi-nu",
"id": "P285572.l00c45",
"ref": "P285572.3.2",
"inst": "lahhinnu[(temple) steward]N",
"sig": "@saao/saa13%akk-x-neoass:{LU₂}lah₂-hi-nu=alahhinu[(an official in temple service)//(temple) steward]N'N$lahhinnu",
"f": {"lang": "akk-x-neoass",
"form": "{LU₂}lah₂-hi-nu",
"cf": "alahhinu",
"gw": "(an official in temple service)",
"sense": "(temple) steward",
"norm": "lahhinnu",
"pos": "N",
"epos": "N"}
}
,
{
"node": "d",
"type": "line-start",
"ref": "P285572.4",
"n": "3",
"label": "o 3"}
,
{
"node": "l",
"frag": "lu",
"id": "P285572.l00c46",
"ref": "P285572.4.1",
"inst": "lū[may]MOD",
"sig": "@saao/saa13%akk-x-neoass:lu=lū[may//may]MOD'MOD$lū",
"f": {"lang": "akk-x-neoass",
"form": "lu",
"cf": "lū",
"gw": "may",
"sense": "may",
"norm": "lū",
"pos": "MOD",
"epos": "MOD"}
}
,
{
"node": "l",
"frag": "DI-mu",
"id": "P285572.l00c47",
"ref": "P285572.4.2",
"inst": "šulmu[health]N",
"sig": "@saao/saa13%akk-x-neoass:DI-mu=šulmu[completeness//health]N'N$šulmu",
"f": {"lang": "akk-x-neoass",
"form": "DI-mu",
"cf": "šulmu",
"gw": "completeness",
"sense": "health",
"norm": "šulmu",
"pos": "N",
"epos": "N"}
}
,
{
"node": "l",
"frag": "a-na",
"id": "P285572.l00c48",
"ref": "P285572.4.3",
"inst": "ana[to]PRP",
"sig": "@saao/saa13%akk-x-neoass:a-na=ana[to//to]PRP'PRP$ana",
"f": {"lang": "akk-x-neoass",
"form": "a-na",
"cf": "ana",
"gw": "to",
"sense": "to",
"norm": "ana",
"pos": "PRP",
"epos": "PRP"}
}
,
{
"node": "l",
"frag": "ŠEŠ-ia₂",
"id": "P285572.l00c49",
"ref": "P285572.4.4",
"inst": "ahīya[brother]N",
"sig": "@saao/saa13%akk-x-neoass:ŠEŠ-ia₂=ahu[brother//brother]N'N$ahīya",
"f": {"lang": "akk-x-neoass",
"form": "ŠEŠ-ia₂",
"cf": "ahu",
"gw": "brother",
"sense": "brother",
"norm": "ahīya",
"pos": "N",
"epos": "N"}
}
,
{
"node": "d",
"type": "line-start",
"ref": "P285572.5",
"n": "4",
"label": "o 4"}
,
{
"node": "l",
"frag": "aš-šur",
"id": "P285572.l00c4a",
"ref": "P285572.5.1",
"inst": "Aššur[1]DN",
"sig": "@saao/saa13%akk-x-neoass:aš-šur=Aššur[1//1]DN'DN$Aššur",
"f": {"lang": "akk-x-neoass",
"form": "aš-šur",
"cf": "Aššur",
"gw": "1",
"sense": "1",
"norm": "Aššur",
"pos": "DN",
"epos": "DN"}
}
,
{
"node": "l",
"frag": "E₂.ŠAR₂.RA",
"id": "P285572.l00c4b",
"ref": "P285572.5.2",
"inst": "Ešarra[1]TN",
"sig": "@saao/saa13%akk-x-neoass:E₂.ŠAR₂.RA=Ešarra[1//1]TN'TN$Ešarra",
"f": {"lang": "akk-x-neoass",
"form": "E₂.ŠAR₂.RA",
"cf": "Ešarra",
"gw": "1",
"sense": "1",
"norm": "Ešarra",
"pos": "TN",
"epos": "TN"}
}
,
{
"node": "l",
"frag": "a-na",
"id": "P285572.l00c4c",
"ref": "P285572.5.3",
"inst": "ana[to]PRP",
"sig": "@saao/saa13%akk-x-neoass:a-na=ana[to//to]PRP'PRP$ana",
"f": {"lang": "akk-x-neoass",
"form": "a-na",
"cf": "ana",
"gw": "to",
"sense": "to",
"norm": "ana",
"pos": "PRP",
"epos": "PRP"}
}
,
{
"node": "l",
"frag": "PAB-ia",
"id": "P285572.l00c4d",
"ref": "P285572.5.4",
"inst": "ahīya[brother]N",
"sig": "@saao/saa13%akk-x-neoass:PAB-ia=ahu[brother//brother]N'N$ahīya",
"f": {"lang": "akk-x-neoass",
"form": "PAB-ia",
"cf": "ahu",
"gw": "brother",
"sense": "brother",
"norm": "ahīya",
"pos": "N",
"epos": "N"}
}
,
{
"node": "d",
"type": "line-start",
"ref": "P285572.6",
"n": "5",
"label": "o 5"}
,
{
"node": "l",
"frag": "lik-ru-bu",
"id": "P285572.l00c4e",
"ref": "P285572.6.1",
"inst": "likrubu[bless]V",
"sig": "@saao/saa13%akk-x-neoass:lik-ru-bu=karābu[pray//bless]V'V$likrubu",
"f": {"lang": "akk-x-neoass",
"form": "lik-ru-bu",
"cf": "karābu",
"gw": "pray",
"sense": "bless",
"norm": "likrubu",
"pos": "V",
"epos": "V"}
}
,
{
"node": "l",
"frag": "an-nu-rig",
"id": "P285572.l00c4f",
"ref": "P285572.6.2",
"inst": "annurig[now]AV",
"sig": "@saao/saa13%akk-x-neoass:an-nu-rig=annûri[now//now]AV'AV$annurig",
"f": {"lang": "akk-x-neoass",
"form": "an-nu-rig",
"cf": "annûri",
"gw": "now",
"sense": "now",
"norm": "annurig",
"pos": "AV",
"epos": "AV"}
}
,
{
"node": "d",
"type": "line-start",
"ref": "P285572.7",
"n": "6",
"label": "o 6"}
,
{
"node": "l",
"frag": "{lu₂}hu-un-du-ru-a-a",
"id": "P285572.l00c50",
"ref": "P285572.7.1",
"inst": "+hundurāyu[(an occupation or profession)]N$hunduruāya",
"sig": "@saao/saa13%akk-x-neoass:{LU₂}hu-un-du-ru-a-a=hundurāyu[(an occupation or profession)//(an occupation or profession)]N'N$hunduruāya",
"f": {"lang": "akk-x-neoass",
"form": "{LU₂}hu-un-du-ru-a-a",
"cf": "hundurāyu",
"gw": "(an occupation or profession)",
"sense": "(an occupation or profession)",
"norm": "hunduruāya",
"pos": "N",
"epos": "N"}
}
,
{
"node": "d",
"type": "line-start",
"ref": "P285572.8",
"n": "7",
"label": "o 7"}
,
{
"node": "l",
"frag": "as-sap-ra",
"id": "P285572.l00c51",
"ref": "P285572.8.1",
"inst": "assapra[send]V",
"sig": "@saao/saa13%akk-x-neoass:as-sap-ra=šapāru[send//send]V'V$assapra",
"f": {"lang": "akk-x-neoass",
"form": "as-sap-ra",
"cf": "šapāru",
"gw": "send",
"sense": "send",
"norm": "assapra",
"pos": "V",
"epos": "V"}
}
,
{
"node": "l",
"frag": "UD-mu",
"id": "P285572.l00c52",
"ref": "P285572.8.2",
"inst": "ūmu[day]N",
"sig": "@saao/saa13%akk-x-neoass:UD-mu=ūmu[day//day]N'N$ūmu",
"f": {"lang": "akk-x-neoass",
"form": "UD-mu",
"cf": "ūmu",
"gw": "day",
"sense": "day",
"norm": "ūmu",
"pos": "N",
"epos": "N"}
}
,
{
"node": "d",
"type": "line-start",
"ref": "P285572.9",
"n": "8",
"label": "o 8"}
,
{
"node": "l",
"frag": "ša",
"id": "P285572.l00c53",
"ref": "P285572.9.1",
"inst": "ša[which]REL",
"sig": "@saao/saa13%akk-x-neoass:ša=ša[that//which]REL'REL$ša",
"f": {"lang": "akk-x-neoass",
"form": "ša",
"cf": "ša",
"gw": "that",
"sense": "which",
"norm": "ša",
"pos": "REL",
"epos": "REL"}
}
,
{
"node": "l",
"frag": "i-qa-rib-u₂-ni-ni",
"id": "P285572.l00c54",
"ref": "P285572.9.2",
"inst": "+qerēbu[approach//arrive]V'V$iqarribūninni",
"sig": "@saao/saa13%akk-x-neoass:i-qa-rib-u₂-ni-ni=qerēbu[approach//arrive]V'V$iqarribūninni",
"f": {"lang": "akk-x-neoass",
"form": "i-qa-rib-u₂-ni-ni",
"cf": "qerēbu",
"gw": "approach",
"sense": "arrive",
"norm": "iqarribūninni",
"pos": "V",
"epos": "V"}
}
,
{
"node": "d",
"type": "line-start",
"ref": "P285572.10",
"n": "9",
"label": "o 9"}
,
{
"node": "l",
"frag": "a-na",
"id": "P285572.l00c55",
"ref": "P285572.10.1",
"inst": "ana[to]PRP",
"sig": "@saao/saa13%akk-x-neoass:a-na=ana[to//to]PRP'PRP$ana",
"f": {"lang": "akk-x-neoass",
"form": "a-na",
"cf": "ana",
"gw": "to",
"sense": "to",
"norm": "ana",
"pos": "PRP",
"epos": "PRP"}
}
,
{
"node": "l",
"frag": "02-šu",
"id": "P285572.l00c56",
"ref": "P285572.10.2",
"inst": "šinīšu[twice]AV",
"sig": "@saao/saa13%akk-x-neoass:02-šu=šinīšu[twice//twice]AV'AV$šinīšu",
"f": {"lang": "akk-x-neoass",
"form": "02-šu",
"cf": "šinīšu",
"gw": "twice",
"sense": "twice",
"norm": "šinīšu",
"pos": "AV",
"epos": "AV"}
}
,
{
"node": "l",
"frag": "{tug₂}ma-si-ki",
"id": "P285572.l00c57",
"ref": "P285572.10.3",
"inst": "+maštaku[chamber//tent(?)]N'N$massikī",
"sig": "@saao/saa13%akk-x-neoass:{TUG₂}ma-si-ki=maštaku[chamber//tent(?)]N'N$massikī",
"f": {"lang": "akk-x-neoass",
"form": "{TUG₂}ma-si-ki",
"cf": "maštaku",
"gw": "chamber",
"sense": "tent(?)",
"norm": "massikī",
"pos": "N",
"epos": "N"}
}
,
{
"node": "d",
"type": "line-start",
"ref": "P285572.11",
"n": "10",
"label": "o 10"}
,
{
"node": "l",
"frag": "ar₂-hiš",
"id": "P285572.l00c58",
"ref": "P285572.11.1",
"inst": "arhiš[quickly]AV",
"sig": "@saao/saa13%akk-x-neoass:ar₂-hiš=arhiš[quickly//quickly]AV'AV$arhiš",
"f": {"lang": "akk-x-neoass",
"form": "ar₂-hiš",
"cf": "arhiš",
"gw": "quickly",
"sense": "quickly",
"norm": "arhiš",
"pos": "AV",
"epos": "AV"}
}
,
{
"node": "l",
"frag": "di-na-šu₂-nu",
"id": "P285572.l00c59",
"ref": "P285572.11.2",
"inst": "dīnaššunu[give]V",
"sig": "@saao/saa13%akk-x-neoass:di-na-šu₂-nu=tadānu[give//give]V'V$dīnaššunu",
"f": {"lang": "akk-x-neoass",
"form": "di-na-šu₂-nu",
"cf": "tadānu",
"gw": "give",
"sense": "give",
"norm": "dīnaššunu",
"pos": "V",
"epos": "V"}
}
,
{
"node": "d",
"type": "line-start",
"ref": "P285572.12",
"n": "11",
"label": "o 11"}
,
{
"node": "l",
"frag": "dul-lu",
"id": "P285572.l00c5a",
"ref": "P285572.12.1",
"inst": "dullu[work]N",
"sig": "@saao/saa13%akk-x-neoass:dul-lu=dullu[trouble//work]N'N$dullu",
"f": {"lang": "akk-x-neoass",
"form": "dul-lu",
"cf": "dullu",
"gw": "trouble",
"sense": "work",
"norm": "dullu",
"pos": "N",
"epos": "N"}
}
,
{
"node": "l",
"frag": "ina",
"id": "P285572.l00c5b",
"ref": "P285572.12.2",
"inst": "+ina[in+=before]PRP$",
"sig": "@saao/saa13%akk-x-neoass:ina=ina[in//in]PRP'PRP$ina",
"f": {"lang": "akk-x-neoass",
"form": "ina",
"cf": "ina",
"gw": "in",
"sense": "in",
"norm": "ina",
"pos": "PRP",
"epos": "PRP"}
}
,
{
"node": "l",
"frag": "IGI-at",
"id": "P285572.l00c5c",
"ref": "P285572.12.3",
"inst": "+pānātu[front]N$pānāt",
"sig": "@saao/saa13%akk-x-neoass:IGI-at=pānātu[front//front]N'N$pānāt",
"f": {"lang": "akk-x-neoass",
"form": "IGI-at",
"cf": "pānātu",
"gw": "front",
"sense": "front",
"norm": "pānāt",
"pos": "N",
"epos": "N"}
}
,
{
"node": "l",
"frag": "LUGAL",
"id": "P285572.l00c5d",
"ref": "P285572.12.4",
"inst": "šarri[king]N",
"sig": "@saao/saa13%akk-x-neoass:LUGAL=šarru[king//king]N'N$šarri",
"f": {"lang": "akk-x-neoass",
"form": "LUGAL",
"cf": "šarru",
"gw": "king",
"sense": "king",
"norm": "šarri",
"pos": "N",
"epos": "N"}
}
,
{
"node": "d",
"type": "line-start",
"ref": "P285572.13",
"n": "12",
"label": "o 12"}
,
{
"node": "l",
"frag": "ina",
"id": "P285572.l00c5e",
"ref": "P285572.13.1",
"inst": "+ina[in+=thereby]PRP$",
"sig": "@saao/saa13%akk-x-neoass:ina=ina[in//in]PRP'PRP$ina",
"f": {"lang": "akk-x-neoass",
"form": "ina",
"cf": "ina",
"gw": "in",
"sense": "in",
"norm": "ina",
"pos": "PRP",
"epos": "PRP"}
}
,
{
"node": "l",
"frag": "ŠA₃-bi",
"id": "P285572.l00c5f",
"ref": "P285572.13.2",
"inst": "+libbu[interior]N$libbi",
"sig": "@saao/saa13%akk-x-neoass:ŠA₃-bi=libbu[interior//heart]N'N$libbi",
"f": {"lang": "akk-x-neoass",
"form": "ŠA₃-bi",
"cf": "libbu",
"gw": "interior",
"sense": "heart",
"norm": "libbi",
"pos": "N",
"epos": "N"}
}
,
{
"node": "l",
"frag": "le-pu-šu₂",
"id": "P285572.l00c60",
"ref": "P285572.13.3",
"inst": "lēpušu[do]V",
"sig": "@saao/saa13%akk-x-neoass:le-pu-šu₂=epēšu[do//do]V'V$lēpušu",
"f": {"lang": "akk-x-neoass",
"form": "le-pu-šu₂",
"cf": "epēšu",
"gw": "do",
"sense": "do",
"norm": "lēpušu",
"pos": "V",
"epos": "V"}
}
,
{
"node": "d",
"type": "line-start",
"ref": "P285572.14",
"n": "13",
"label": "o 13"}
,
{
"node": "l",
"frag": "mi-nu",
"id": "P285572.l00c61",
"ref": "P285572.14.1",
"inst": "mīnu[what?]QP",
"sig": "@saao/saa13%akk-x-neoass:mi-nu=mīnu[what?//what?]QP'QP$mīnu",
"f": {"lang": "akk-x-neoass",
"form": "mi-nu",
"cf": "mīnu",
"gw": "what?",
"sense": "what?",
"norm": "mīnu",
"pos": "QP",
"epos": "QP"}
}
,
{
"node": "l",
"frag": "ah-hur",
"id": "P285572.l00c62",
"ref": "P285572.14.2",
"inst": "ahhūr[further(more)]AV",
"sig": "@saao/saa13%akk-x-neoass:ah-hur=hurri[ever (after)//further(more)]AV'AV$ahhūr",
"f": {"lang": "akk-x-neoass",
"form": "ah-hur",
"cf": "hurri",
"gw": "ever (after)",
"sense": "further(more)",
"norm": "ahhūr",
"pos": "AV",
"epos": "AV"}
}
,
{
"node": "l",
"frag": "la",
"id": "P285572.l00c63",
"ref": "P285572.14.3",
"inst": "lā[not]MOD",
"sig": "@saao/saa13%akk-x-neoass:la=lā[not//not]MOD'MOD$lā",
"f": {"lang": "akk-x-neoass",
"form": "la",
"cf": "lā",
"gw": "not",
"sense": "not",
"norm": "lā",
"pos": "MOD",
"epos": "MOD"}
}
,
{
"node": "l",
"frag": "ta-ši-aṭ",
"id": "P285572.l00c64",
"ref": "P285572.14.4",
"inst": "tašīaṭ[neglect]V",
"sig": "@saao/saa13%akk-x-neoass:ta-ši-aṭ=šâṭu[despise//neglect]V'V$tašīaṭ",
"f": {"lang": "akk-x-neoass",
"form": "ta-ši-aṭ",
"cf": "šâṭu",
"gw": "despise",
"sense": "neglect",
"norm": "tašīaṭ",
"pos": "V",
"epos": "V"}
}
,
{
"node": "d",
"type": "line-start",
"ref": "P285572.15",
"n": "14",
"label": "o 14"}
,
{
"node": "l",
"frag": "ar₂-hiš",
"id": "P285572.l00c65",
"ref": "P285572.15.1",
"inst": "arhiš[quickly]AV",
"sig": "@saao/saa13%akk-x-neoass:ar₂-hiš=arhiš[quickly//quickly]AV'AV$arhiš",
"f": {"lang": "akk-x-neoass",
"form": "ar₂-hiš",
"cf": "arhiš",
"gw": "quickly",
"sense": "quickly",
"norm": "arhiš",
"pos": "AV",
"epos": "AV"}
}
,
{
"node": "l",
"frag": "KASKAL",
"id": "P285572.l00c66",
"ref": "P285572.15.2",
"inst": "+hūlu[way//road]N$",
"sig": "@saao/saa13%akk-x-neoass:KASKAL=hūlu[way//road]N'N$hūlu",
"f": {"lang": "akk-x-neoass",
"form": "KASKAL",
"cf": "hūlu",
"gw": "way",
"sense": "road",
"norm": "hūlu",
"pos": "N",
"epos": "N"}
}
,
{
"node": "l",
"frag": "ina",
"id": "P285572.l00c67",
"ref": "P285572.15.3",
"inst": "ina[in]PRP",
"sig": "@saao/saa13%akk-x-neoass:ina=ina[in//in]PRP'PRP$ina",
"f": {"lang": "akk-x-neoass",
"form": "ina",
"cf": "ina",
"gw": "in",
"sense": "in",
"norm": "ina",
"pos": "PRP",
"epos": "PRP"}
}
,
{
"node": "l",
"frag": "GIR₃.2-šu₂-nu",
"id": "P285572.l00c68",
"ref": "P285572.15.4",
"inst": "šēpēšunu[foot]N",
"sig": "@saao/saa13%akk-x-neoass:GIR₃.2-šu₂-nu=šēpu[foot//foot]N'N$šēpēšunu",
"f": {"lang": "akk-x-neoass",
"form": "GIR₃.2-šu₂-nu",
"cf": "šēpu",
"gw": "foot",
"sense": "foot",
"norm": "šēpēšunu",
"pos": "N",
"epos": "N"}
}
,
{
"node": "d",
"type": "line-start",
"ref": "P285572.16",
"n": "15",
"label": "o 15"}
,
{
"node": "l",
"frag": "šu-kun",
"id": "P285572.l00c69",
"ref": "P285572.16.1",
"inst": "šukun[place]V",
"sig": "@saao/saa13%akk-x-neoass:šu-kun=šakānu[put//place]V'V$šukun",
"f": {"lang": "akk-x-neoass",
"form": "šu-kun",
"cf": "šakānu",
"gw": "put",
"sense": "place",
"norm": "šukun",
"pos": "V",
"epos": "V"}
}
,
{
"node": "d",
"subtype": "bottom",
"type": "surface",
"ref": "P285572.b.e..17",
"type": "bottom",
"label": "b.e."}
,
{
"node": "d",
"type": "line-start",
"ref": "P285572.18",
"n": "16",
"label": "b.e. 16"}
,
{
"node": "l",
"frag": "⸢la⸣",
"id": "P285572.l00c6a",
"ref": "P285572.18.1",
"inst": "lā[not]MOD",
"sig": "@saao/saa13%akk-x-neoass:la=lā[not//not]MOD'MOD$lā",
"f": {"lang": "akk-x-neoass",
"form": "la",
"cf": "lā",
"gw": "not",
"sense": "not",
"norm": "lā",
"pos": "MOD",
"epos": "MOD"}
}
,
{
"node": "l",
"frag": "tu-pa-rak-šu₂-nu",
"id": "P285572.l00c6b",
"ref": "P285572.18.2",
"inst": "+parāku[lie across//obstruct]V'V$tuparrakšunu",
"sig": "@saao/saa13%akk-x-neoass:tu-pa-rak-šu₂-nu=parāku[lie across//obstruct]V'V$tuparrakšunu",
"f": {"lang": "akk-x-neoass",
"form": "tu-pa-rak-šu₂-nu",
"cf": "parāku",
"gw": "lie across",
"sense": "obstruct",
"norm": "tuparrakšunu",
"pos": "V",
"epos": "V"}
}
,
{
"node": "d",
"subtype": "reverse",
"type": "surface",
"ref": "P285572.r.19",
"type": "reverse",
"label": "r"}
,
{
"node": "d",
"type": "line-start",
"ref": "P285572.20",
"n": "1",
"label": "r 1"}
,
{
"node": "l",
"frag": "ina",
"id": "P285572.l00c6c",
"ref": "P285572.20.1",
"inst": "+ina[in+=on account]PRP$",
"sig": "@saao/saa13%akk-x-neoass:ina=ina[in//in]PRP'PRP$ina",
"f": {"lang": "akk-x-neoass",
"form": "ina",
"cf": "ina",
"gw": "in",
"sense": "in",
"norm": "ina",
"pos": "PRP",
"epos": "PRP"}
}
,
{
"node": "l",
"frag": "UGU",
"id": "P285572.l00c6d",
"ref": "P285572.20.2",
"inst": "+muhhu[skull]N$muhhi",
"sig": "@saao/saa13%akk-x-neoass:UGU=muhhu[skull//skull]N'N$muhhi",
"f": {"lang": "akk-x-neoass",
"form": "UGU",
"cf": "muhhu",
"gw": "skull",
"sense": "skull",
"norm": "muhhi",
"pos": "N",
"epos": "N"}
}
,
{
"node": "l",
"frag": "dul-li-šu₂-nu",
"id": "P285572.l00c6e",
"ref": "P285572.20.3",
"inst": "dullišunu[work]N",
"sig": "@saao/saa13%akk-x-neoass:dul-li-šu₂-nu=dullu[trouble//work]N'N$dullišunu",
"f": {"lang": "akk-x-neoass",
"form": "dul-li-šu₂-nu",
"cf": "dullu",
"gw": "trouble",
"sense": "work",
"norm": "dullišunu",
"pos": "N",
"epos": "N"}
}
,
{
"node": "d",
"type": "line-start",
"ref": "P285572.21",
"n": "2",
"label": "r 2"}
,
{
"node": "l",
"frag": "lil-li-ku-ni",
"id": "P285572.l00c6f",
"ref": "P285572.21.1",
"inst": "lillikūni[come]V",
"sig": "@saao/saa13%akk-x-neoass:lil-li-ku-ni=alāku[go//come]V'V$lillikūni",
"f": {"lang": "akk-x-neoass",
"form": "lil-li-ku-ni",
"cf": "alāku",
"gw": "go",
"sense": "come",
"norm": "lillikūni",
"pos": "V",
"epos": "V"}
}
,
{
"node": "d",
"subtype": "envelope",
"type": "object",
"ref": "P285572.env.22",
"type": "envelope",
"label": "env"}
,
{
"node": "d",
"type": "surface",
"ref": ""}
,
{
"node": "d",
"type": "line-start",
"ref": "P285572.23",
"n": "1",
"label": "env 1"}
,
{
"node": "l",
"frag": "IM",
"id": "P285572.l00c70",
"ref": "P285572.23.1",
"inst": "ṭuppi[tablet]N",
"sig": "@saao/saa13%akk-x-neoass:IM=ṭuppu[tablet//tablet]N'N$ṭuppi",
"f": {"lang": "akk-x-neoass",
"form": "IM",
"cf": "ṭuppu",
"gw": "tablet",
"sense": "tablet",
"norm": "ṭuppi",
"pos": "N",
"epos": "N"}
}
,
{
"node": "l",
"frag": "{lu₂}lah₂-hi-nu",
"id": "P285572.l00c71",
"ref": "P285572.23.2",
"inst": "lahhinnu[(temple) steward]N",
"sig": "@saao/saa13%akk-x-neoass:{LU₂}lah₂-hi-nu=alahhinu[(an official in temple service)//(temple) steward]N'N$lahhinnu",
"f": {"lang": "akk-x-neoass",
"form": "{LU₂}lah₂-hi-nu",
"cf": "alahhinu",
"gw": "(an official in temple service)",
"sense": "(temple) steward",
"norm": "lahhinnu",
"pos": "N",
"epos": "N"}
}
,
{
"node": "d",
"type": "nonx",
"ref": "P285572.24",
"strict": "0",
"extent": "1",
"scope": "impression",
"state": "other"}
,
{
"node": "d",
"type": "line-start",
"ref": "P285572.25",
"n": "2",
"label": "env 2"}
,
{
"node": "l",
"frag": "⸢a-na⸣",
"id": "P285572.l00c72",
"ref": "P285572.25.1",
"inst": "ana[to]PRP",
"sig": "@saao/saa13%akk-x-neoass:a-na=ana[to//to]PRP'PRP$ana",
"f": {"lang": "akk-x-neoass",
"form": "a-na",
"cf": "ana",
"gw": "to",
"sense": "to",
"norm": "ana",
"pos": "PRP",
"epos": "PRP"}
}
,
{
"node": "l",
"frag": "{lu₂}lah₂-hi-nu",
"id": "P285572.l00c73",
"ref": "P285572.25.2",
"inst": "lahhinnu[(temple) steward]N",
"sig": "@saao/saa13%akk-x-neoass:{LU₂}lah₂-hi-nu=alahhinu[(an official in temple service)//(temple) steward]N'N$lahhinnu",
"f": {"lang": "akk-x-neoass",
"form": "{LU₂}lah₂-hi-nu",
"cf": "alahhinu",
"gw": "(an official in temple service)",
"sense": "(temple) steward",
"norm": "lahhinnu",
"pos": "N",
"epos": "N"}
}
,
{
"node": "d",
"subtype": "reverse",
"type": "surface",
"ref": "P285572.env.r.26",
"type": "reverse",
"label": "env r"}
,
{
"node": "d",
"type": "line-start",
"ref": "P285572.27",
"n": "1",
"label": "env r 1"}
,
{
"node": "l",
"frag": "lu",
"id": "P285572.l00c74",
"ref": "P285572.27.1",
"inst": "lū[may]MOD",
"sig": "@saao/saa13%akk-x-neoass:lu=lū[may//may]MOD'MOD$lū",
"f": {"lang": "akk-x-neoass",
"form": "lu",
"cf": "lū",
"gw": "may",
"sense": "may",
"norm": "lū",
"pos": "MOD",
"epos": "MOD"}
}
,
{
"node": "l",
"frag": "DI-[mu",
"id": "P285572.l00c75",
"ref": "P285572.27.2",
"inst": "šulmu[health]N",
"sig": "@saao/saa13%akk-x-neoass:DI-mu=šulmu[completeness//health]N'N$šulmu",
"f": {"lang": "akk-x-neoass",
"form": "DI-mu",
"cf": "šulmu",
"gw": "completeness",
"sense": "health",
"norm": "šulmu",
"pos": "N",
"epos": "N"}
}
,
{
"node": "l",
"frag": "a-na]",
"id": "P285572.l00c76",
"ref": "P285572.27.3",
"inst": "ana[to]PRP",
"sig": "@saao/saa13%akk-x-neoass:a-na=ana[to//to]PRP'PRP$ana",
"f": {"lang": "akk-x-neoass",
"form": "a-na",
"cf": "ana",
"gw": "to",
"sense": "to",
"norm": "ana",
"pos": "PRP",
"epos": "PRP"}
}
,
{
"node": "l",
"frag": "ŠEŠ-ia",
"id": "P285572.l00c77",
"ref": "P285572.27.4",
"inst": "ahīya[brother]N",
"sig": "@saao/saa13%akk-x-neoass:ŠEŠ-ia=ahu[brother//brother]N'N$ahīya",
"f": {"lang": "akk-x-neoass",
"form": "ŠEŠ-ia",
"cf": "ahu",
"gw": "brother",
"sense": "brother",
"norm": "ahīya",
"pos": "N",
"epos": "N"}
}
,
{
"node": "d",
"type": "nonx",
"ref": "P285572.28",
"strict": "0",
"extent": "1",
"scope": "impression",
"state": "other"}
,
{
"node": "d",
"type": "line-start",
"ref": "P285572.29",
"n": "2",
"label": "env r 2"}
,
{
"node": "l",
"frag": "aš-šur",
"id": "P285572.l00c78",
"ref": "P285572.29.1",
"inst": "Aššur[1]DN",
"sig": "@saao/saa13%akk-x-neoass:aš-šur=Aššur[1//1]DN'DN$Aššur",
"f": {"lang": "akk-x-neoass",
"form": "aš-šur",
"cf": "Aššur",
"gw": "1",
"sense": "1",
"norm": "Aššur",
"pos": "DN",
"epos": "DN"}
}
,
{
"node": "l",
"frag": "E₂.ŠAR₂.RA",
"id": "P285572.l00c79",
"ref": "P285572.29.2",
"inst": "Ešarra[1]TN",
"sig": "@saao/saa13%akk-x-neoass:E₂.ŠAR₂.RA=Ešarra[1//1]TN'TN$Ešarra",
"f": {"lang": "akk-x-neoass",
"form": "E₂.ŠAR₂.RA",
"cf": "Ešarra",
"gw": "1",
"sense": "1",
"norm": "Ešarra",
"pos": "TN",
"epos": "TN"}
}
,
{
"node": "l",
"frag": "a-na",
"id": "P285572.l00c7a",
"ref": "P285572.29.3",
"inst": "ana[to]PRP",
"sig": "@saao/saa13%akk-x-neoass:a-na=ana[to//to]PRP'PRP$ana",
"f": {"lang": "akk-x-neoass",
"form": "a-na",
"cf": "ana",
"gw": "to",
"sense": "to",
"norm": "ana",
"pos": "PRP",
"epos": "PRP"}
}
,
{
"node": "l",
"frag": "⸢ŠEŠ⸣-ia₂",
"id": "P285572.l00c7b",
"ref": "P285572.29.4",
"inst": "ahīya[brother]N",
"sig": "@saao/saa13%akk-x-neoass:ŠEŠ-ia₂=ahu[brother//brother]N'N$ahīya",
"f": {"lang": "akk-x-neoass",
"form": "ŠEŠ-ia₂",
"cf": "ahu",
"gw": "brother",
"sense": "brother",
"norm": "ahīya",
"pos": "N",
"epos": "N"}
}
,
{
"node": "l",
"frag": "lik-ru-bu",
"id": "P285572.l00c7c",
"ref": "P285572.29.5",
"inst": "likrubu[bless]V",
"sig": "@saao/saa13%akk-x-neoass:lik-ru-bu=karābu[pray//bless]V'V$likrubu",
"f": {"lang": "akk-x-neoass",
"form": "lik-ru-bu",
"cf": "karābu",
"gw": "pray",
"sense": "bless",
"norm": "likrubu",
"pos": "V",
"epos": "V"}
}
]}
]}
]}
]}
