{
"type": "cdl",
  "source": "http://oracc.org/saao/saa13",
  "license": "This data is released under the CC0 license",
  "license-url": "https://creativecommons.org/publicdomain/zero/1.0/",
  "more-info": "http://oracc.org/doc/opendata/",
  "UTC-timestamp": "2017-05-19T11:46:11",
"project": "saao/saa13",
"textid": "P313913",
"cdl": [
{
"node": "c",
"type": "text",
"id": "P313913.U0",
"cdl": [
{
"node": "d",
"type": "object",
"ref": ""}
,
{
"node": "d",
"subtype": "obverse",
"type": "surface",
"ref": "P313913.o.1",
"type": "obverse",
"label": "o"}
,
{
"node": "d",
"type": "nonx",
"ref": "P313913.2",
"strict": "0",
"extent": "beginning",
"state": "missing"}
,
{
"node": "c",
"type": "discourse",
"subtype": "body",
"id": "P313913.U1",
"cdl": [
{
"node": "c",
"type": "sentence",
"id": "P313913.U2",
"label": "o 1' - r 5",
"cdl": [
{
"node": "d",
"type": "line-start",
"ref": "P313913.3",
"n": "1'",
"label": "o 1'"}
,
{
"node": "l",
"frag": "⸢GID₂⸣.[DA-MEŠ",
"id": "P313913.l02d74",
"ref": "P313913.3.1",
"inst": "arkūti[long]AJ",
"sig": "@saao/saa13%akk-x-neoass:GID₂.DA-MEŠ=arku[long//long]AJ'AJ$arkūti",
"f": {"lang": "akk-x-neoass",
"form": "GID₂.DA-MEŠ",
"cf": "arku",
"gw": "long",
"sense": "long",
"norm": "arkūti",
"pos": "AJ",
"epos": "AJ"}
}
,
{
"node": "l",
"frag": "MU.AN.NA-MEŠ]",
"id": "P313913.l02d75",
"ref": "P313913.3.2",
"inst": "šanāti[year]N",
"sig": "@saao/saa13%akk-x-neoass:MU.AN.NA-MEŠ=šattu[year//year]N'N$šanāti",
"f": {"lang": "akk-x-neoass",
"form": "MU.AN.NA-MEŠ",
"cf": "šattu",
"gw": "year",
"sense": "year",
"norm": "šanāti",
"pos": "N",
"epos": "N"}
}
,
{
"node": "d",
"type": "line-start",
"ref": "P313913.4",
"n": "2'",
"label": "o 2'"}
,
{
"node": "l",
"frag": "da-[ra-ti",
"id": "P313913.l02d76",
"ref": "P313913.4.1",
"inst": "dārāti[everlasting]AJ",
"sig": "@saao/saa13%akk-x-neoass:da-ra-ti=dārû[lasting//everlasting]AJ'AJ$dārāti",
"f": {"lang": "akk-x-neoass",
"form": "da-ra-ti",
"cf": "dārû",
"gw": "lasting",
"sense": "everlasting",
"norm": "dārāti",
"pos": "AJ",
"epos": "AJ"}
}
,
{
"node": "l",
"frag": "lid-di-nu]",
"id": "P313913.l02d77",
"ref": "P313913.4.2",
"inst": "liddinu[give]V",
"sig": "@saao/saa13%akk-x-neoass:lid-di-nu=tadānu[give//give]V'V$liddinu",
"f": {"lang": "akk-x-neoass",
"form": "lid-di-nu",
"cf": "tadānu",
"gw": "give",
"sense": "give",
"norm": "liddinu",
"pos": "V",
"epos": "V"}
}
,
{
"node": "d",
"type": "line-start",
"ref": "P313913.5",
"n": "3'",
"label": "o 3'"}
,
{
"node": "l",
"frag": "DI-mu",
"id": "P313913.l02d78",
"ref": "P313913.5.1",
"inst": "šulmu[health]N",
"sig": "@saao/saa13%akk-x-neoass:DI-mu=šulmu[completeness//health]N'N$šulmu",
"f": {"lang": "akk-x-neoass",
"form": "DI-mu",
"cf": "šulmu",
"gw": "completeness",
"sense": "health",
"norm": "šulmu",
"pos": "N",
"epos": "N"}
}
,
{
"node": "l",
"frag": "⸢a⸣-[na",
"id": "P313913.l02d79",
"ref": "P313913.5.2",
"inst": "ana[to]PRP",
"sig": "@saao/saa13%akk-x-neoass:a-na=ana[to//to]PRP'PRP$ana",
"f": {"lang": "akk-x-neoass",
"form": "a-na",
"cf": "ana",
"gw": "to",
"sense": "to",
"norm": "ana",
"pos": "PRP",
"epos": "PRP"}
}
,
{
"node": "l",
"frag": "x",
"id": "P313913.l02d7a",
"ref": "P313913.5.3",
"inst": "u",
"f": {"lang": "akk-x-neoass",
"form": "x",
"pos": "u"}
}
,
{
"node": "l",
"frag": "x",
"id": "P313913.l02d7b",
"ref": "P313913.5.4",
"inst": "u",
"f": {"lang": "akk-x-neoass",
"form": "x",
"pos": "u"}
}
,
{
"node": "l",
"frag": "x",
"id": "P313913.l02d7c",
"ref": "P313913.5.5",
"inst": "u",
"f": {"lang": "akk-x-neoass",
"form": "x",
"pos": "u"}
}
,
{
"node": "l",
"frag": "x]",
"id": "P313913.l02d7d",
"ref": "P313913.5.6",
"inst": "u",
"f": {"lang": "akk-x-neoass",
"form": "x",
"pos": "u"}
}
,
{
"node": "d",
"type": "line-start",
"ref": "P313913.6",
"n": "4'",
"label": "o 4'"}
,
{
"node": "l",
"frag": "aš-šur",
"id": "P313913.l02d7e",
"ref": "P313913.6.1",
"inst": "Aššur[1]DN",
"sig": "@saao/saa13%akk-x-neoass:aš-šur=Aššur[1//1]DN'DN$Aššur",
"f": {"lang": "akk-x-neoass",
"form": "aš-šur",
"cf": "Aššur",
"gw": "1",
"sense": "1",
"norm": "Aššur",
"pos": "DN",
"epos": "DN"}
}
,
{
"node": "l",
"frag": "{d}15",
"id": "P313913.l02d7f",
"ref": "P313913.6.2",
"inst": "Issar[1]DN",
"sig": "@saao/saa13%akk-x-neoass:{d}15=Ištar[1//1]DN'DN$Issar",
"f": {"lang": "akk-x-neoass",
"form": "{d}15",
"cf": "Ištar",
"gw": "1",
"sense": "1",
"norm": "Issar",
"pos": "DN",
"epos": "DN"}
}
,
{
"node": "l",
"frag": "[a-na",
"id": "P313913.l02d80",
"ref": "P313913.6.3",
"inst": "ana[to]PRP",
"sig": "@saao/saa13%akk-x-neoass:a-na=ana[to//to]PRP'PRP$ana",
"f": {"lang": "akk-x-neoass",
"form": "a-na",
"cf": "ana",
"gw": "to",
"sense": "to",
"norm": "ana",
"pos": "PRP",
"epos": "PRP"}
}
,
{
"node": "l",
"frag": "LUGAL]",
"id": "P313913.l02d81",
"ref": "P313913.6.4",
"inst": "šarri[king]N",
"sig": "@saao/saa13%akk-x-neoass:LUGAL=šarru[king//king]N'N$šarri",
"f": {"lang": "akk-x-neoass",
"form": "LUGAL",
"cf": "šarru",
"gw": "king",
"sense": "king",
"norm": "šarri",
"pos": "N",
"epos": "N"}
}
,
{
"node": "d",
"subtype": "bottom",
"type": "surface",
"ref": "P313913.b.e..7",
"type": "bottom",
"label": "b.e."}
,
{
"node": "d",
"type": "line-start",
"ref": "P313913.8",
"n": "5'",
"label": "b.e. 5'"}
,
{
"node": "l",
"frag": "⸢EN⸣-ia",
"id": "P313913.l02d82",
"ref": "P313913.8.1",
"inst": "bēlīya[lord]N",
"sig": "@saao/saa13%akk-x-neoass:EN-ia=bēlu[lord//lord]N'N$bēlīya",
"f": {"lang": "akk-x-neoass",
"form": "EN-ia",
"cf": "bēlu",
"gw": "lord",
"sense": "lord",
"norm": "bēlīya",
"pos": "N",
"epos": "N"}
}
,
{
"node": "l",
"frag": "lik-⸢ru⸣-[bu]",
"id": "P313913.l02d83",
"ref": "P313913.8.2",
"inst": "likrubu[bless]V",
"sig": "@saao/saa13%akk-x-neoass:lik-ru-bu=karābu[pray//bless]V'V$likrubu",
"f": {"lang": "akk-x-neoass",
"form": "lik-ru-bu",
"cf": "karābu",
"gw": "pray",
"sense": "bless",
"norm": "likrubu",
"pos": "V",
"epos": "V"}
}
,
{
"node": "d",
"type": "line-start",
"ref": "P313913.9",
"n": "6'",
"label": "b.e. 6'"}
,
{
"node": "l",
"frag": "UD-mu",
"id": "P313913.l02d84",
"ref": "P313913.9.1",
"inst": "ūmu[day]N",
"sig": "@saao/saa13%akk-x-neoass:UD-mu=ūmu[day//day]N'N$ūmu",
"f": {"lang": "akk-x-neoass",
"form": "UD-mu",
"cf": "ūmu",
"gw": "day",
"sense": "day",
"norm": "ūmu",
"pos": "N",
"epos": "N"}
}
,
{
"node": "l",
"frag": "UD",
"id": "P313913.l02d85",
"ref": "P313913.9.2",
"inst": "ūm[day]N",
"exosig": "@saao/saa13%akk-x-neoass:UD=ūmu[day//day]N'N$ūm",
"f": {"lang": "akk-x-neoass",
"form": "UD",
"cf": "ūmu",
"gw": "day",
"sense": "day",
"norm": "ūm",
"pos": "N",
"epos": "N"}
}
,
{
"node": "l",
"frag": "24-⸢KAM⸣",
"id": "P313913.l02d86",
"ref": "P313913.9.3",
"inst": "n",
"f": {"lang": "akk-x-neoass",
"form": "24-KAM",
"pos": "n"}
}
,
{
"node": "l",
"frag": "[x",
"id": "P313913.l02d87",
"ref": "P313913.9.4",
"inst": "u",
"f": {"lang": "akk-x-neoass",
"form": "x",
"pos": "u"}
}
,
{
"node": "l",
"frag": "x",
"id": "P313913.l02d88",
"ref": "P313913.9.5",
"inst": "u",
"f": {"lang": "akk-x-neoass",
"form": "x",
"pos": "u"}
}
,
{
"node": "l",
"frag": "x]",
"id": "P313913.l02d89",
"ref": "P313913.9.6",
"inst": "u",
"f": {"lang": "akk-x-neoass",
"form": "x",
"pos": "u"}
}
,
{
"node": "d",
"subtype": "reverse",
"type": "surface",
"ref": "P313913.r.10",
"type": "reverse",
"label": "r"}
,
{
"node": "d",
"type": "line-start",
"ref": "P313913.11",
"n": "1",
"label": "r 1"}
,
{
"node": "l",
"frag": "{d}TAR-pal-le-⸢e⸣",
"id": "P313913.l02d8a",
"ref": "P313913.11.1",
"inst": "+Parisat-pale[1]PN$",
"sig": "@saao/saa13%akk-x-neoass:{d}TAR-pal-le-e=Parisat-pale[1//1]PN'PN$Parisat-pale",
"f": {"lang": "akk-x-neoass",
"form": "{d}TAR-pal-le-e",
"cf": "Parisat-pale",
"gw": "1",
"sense": "1",
"norm": "Parisat-pale",
"pos": "PN",
"epos": "PN"}
}
,
{
"node": "l",
"frag": "[x",
"id": "P313913.l02d8b",
"ref": "P313913.11.2",
"inst": "u",
"f": {"lang": "akk-x-neoass",
"form": "x",
"pos": "u"}
}
,
{
"node": "l",
"frag": "x]",
"id": "P313913.l02d8c",
"ref": "P313913.11.3",
"inst": "u",
"f": {"lang": "akk-x-neoass",
"form": "x",
"pos": "u"}
}
,
{
"node": "d",
"type": "line-start",
"ref": "P313913.12",
"n": "2",
"label": "r 2"}
,
{
"node": "l",
"frag": "ta-tu-ṣi-a",
"id": "P313913.l02d8d",
"ref": "P313913.12.1",
"inst": "+aṣû[go out]V$tattūṣia",
"sig": "@saao/saa13%akk-x-neoass:ta-tu-ṣi-a=aṣû[go out//go out]V'V$tattūṣia",
"f": {"lang": "akk-x-neoass",
"form": "ta-tu-ṣi-a",
"cf": "aṣû",
"gw": "go out",
"sense": "go out",
"norm": "tattūṣia",
"pos": "V",
"epos": "V"}
}
,
{
"node": "l",
"frag": "E₂-⸢a₂⸣-[ki-it]",
"id": "P313913.l02d8e",
"ref": "P313913.12.2",
"cof-tails": "P313913.l02d8f",
"inst": "+bītu[house]N$bēt&+akītu[(a cultic festival)]N$akīt",
"newsig": "@saao/saa13%akk-x-neoass:E₂-a₂-ki-it=bītu[house//house]N'N$bēt&&@saao/saa13%akk-x-neoass:E₂-a₂-ki-it=akītu[(a cultic festival)//(a cultic festival)]N'N$akīt",
"f": {"lang": "akk-x-neoass",
"form": "E₂-a₂-ki-it",
"cf": "bītu",
"gw": "house",
"sense": "house",
"norm": "bēt",
"pos": "N",
"epos": "N"}
}
,
{
"node": "l",
"frag": "E₂-⸢a₂⸣-[ki-it]",
"id": "P313913.l02d8f",
"ref": "P313913.12.2",
"cof-head": "P313913.l02d8e",
"inst": "+bītu[house]N$bēt&+akītu[(a cultic festival)]N$akīt",
"f": {"lang": "akk-x-neoass",
"form": "E₂-a₂-ki-it",
"cf": "akītu",
"gw": "(a cultic festival)",
"sense": "(a cultic festival)",
"norm": "akīt",
"pos": "N",
"epos": "N"}
}
,
{
"node": "d",
"type": "line-start",
"ref": "P313913.13",
"n": "3",
"label": "r 3"}
,
{
"node": "l",
"frag": "e-ra-bu",
"id": "P313913.l02d90",
"ref": "P313913.13.1",
"inst": "+erēbu[enter//entering]V'N$erābu",
"sig": "@saao/saa13%akk-x-neoass:e-ra-bu=erēbu[enter//entering]V'N$erābu",
"f": {"lang": "akk-x-neoass",
"form": "e-ra-bu",
"cf": "erēbu",
"gw": "enter",
"sense": "entering",
"norm": "erābu",
"pos": "V",
"epos": "N"}
}
,
{
"node": "l",
"frag": "DI-mu",
"id": "P313913.l02d91",
"ref": "P313913.13.2",
"inst": "šulmu[health]N",
"sig": "@saao/saa13%akk-x-neoass:DI-mu=šulmu[completeness//health]N'N$šulmu",
"f": {"lang": "akk-x-neoass",
"form": "DI-mu",
"cf": "šulmu",
"gw": "completeness",
"sense": "health",
"norm": "šulmu",
"pos": "N",
"epos": "N"}
}
,
{
"node": "l",
"frag": "[a-dan-niš]",
"id": "P313913.l02d92",
"ref": "P313913.13.3",
"inst": "adanniš[very much]AV",
"sig": "@saao/saa13%akk-x-neoass:a-dan-niš=adanniš[very much//very much]AV'AV$adanniš",
"f": {"lang": "akk-x-neoass",
"form": "a-dan-niš",
"cf": "adanniš",
"gw": "very much",
"sense": "very much",
"norm": "adanniš",
"pos": "AV",
"epos": "AV"}
}
,
{
"node": "d",
"type": "line-start",
"ref": "P313913.14",
"n": "4",
"label": "r 4"}
,
{
"node": "l",
"frag": "aš-šur",
"id": "P313913.l02d93",
"ref": "P313913.14.1",
"inst": "Aššur[1]DN",
"sig": "@saao/saa13%akk-x-neoass:aš-šur=Aššur[1//1]DN'DN$Aššur",
"f": {"lang": "akk-x-neoass",
"form": "aš-šur",
"cf": "Aššur",
"gw": "1",
"sense": "1",
"norm": "Aššur",
"pos": "DN",
"epos": "DN"}
}
,
{
"node": "l",
"frag": "{d}15",
"id": "P313913.l02d94",
"ref": "P313913.14.2",
"inst": "Issar[1]DN",
"sig": "@saao/saa13%akk-x-neoass:{d}15=Ištar[1//1]DN'DN$Issar",
"f": {"lang": "akk-x-neoass",
"form": "{d}15",
"cf": "Ištar",
"gw": "1",
"sense": "1",
"norm": "Issar",
"pos": "DN",
"epos": "DN"}
}
,
{
"node": "l",
"frag": "a-na",
"id": "P313913.l02d95",
"ref": "P313913.14.3",
"inst": "ana[to]PRP",
"sig": "@saao/saa13%akk-x-neoass:a-na=ana[to//to]PRP'PRP$ana",
"f": {"lang": "akk-x-neoass",
"form": "a-na",
"cf": "ana",
"gw": "to",
"sense": "to",
"norm": "ana",
"pos": "PRP",
"epos": "PRP"}
}
,
{
"node": "l",
"frag": "[LUGAL",
"id": "P313913.l02d96",
"ref": "P313913.14.4",
"inst": "šarri[king]N",
"sig": "@saao/saa13%akk-x-neoass:LUGAL=šarru[king//king]N'N$šarri",
"f": {"lang": "akk-x-neoass",
"form": "LUGAL",
"cf": "šarru",
"gw": "king",
"sense": "king",
"norm": "šarri",
"pos": "N",
"epos": "N"}
}
,
{
"node": "l",
"frag": "EN-ia]",
"id": "P313913.l02d97",
"ref": "P313913.14.5",
"inst": "bēlīya[lord]N",
"sig": "@saao/saa13%akk-x-neoass:EN-ia=bēlu[lord//lord]N'N$bēlīya",
"f": {"lang": "akk-x-neoass",
"form": "EN-ia",
"cf": "bēlu",
"gw": "lord",
"sense": "lord",
"norm": "bēlīya",
"pos": "N",
"epos": "N"}
}
,
{
"node": "d",
"type": "line-start",
"ref": "P313913.15",
"n": "5",
"label": "r 5"}
,
{
"node": "l",
"frag": "lik-ru-bu",
"id": "P313913.l02d98",
"ref": "P313913.15.1",
"inst": "likrubu[bless]V",
"sig": "@saao/saa13%akk-x-neoass:lik-ru-bu=karābu[pray//bless]V'V$likrubu",
"f": {"lang": "akk-x-neoass",
"form": "lik-ru-bu",
"cf": "karābu",
"gw": "pray",
"sense": "bless",
"norm": "likrubu",
"pos": "V",
"epos": "V"}
}
,
{
"node": "l",
"frag": "[x",
"id": "P313913.l02d99",
"ref": "P313913.15.2",
"inst": "u",
"f": {"lang": "akk-x-neoass",
"form": "x",
"pos": "u"}
}
,
{
"node": "l",
"frag": "x",
"id": "P313913.l02d9a",
"ref": "P313913.15.3",
"inst": "u",
"f": {"lang": "akk-x-neoass",
"form": "x",
"pos": "u"}
}
,
{
"node": "l",
"frag": "x",
"id": "P313913.l02d9b",
"ref": "P313913.15.4",
"inst": "u",
"f": {"lang": "akk-x-neoass",
"form": "x",
"pos": "u"}
}
,
{
"node": "l",
"frag": "x",
"id": "P313913.l02d9c",
"ref": "P313913.15.5",
"inst": "u",
"f": {"lang": "akk-x-neoass",
"form": "x",
"pos": "u"}
}
,
{
"node": "l",
"frag": "x]",
"id": "P313913.l02d9d",
"ref": "P313913.15.6",
"inst": "u",
"f": {"lang": "akk-x-neoass",
"form": "x",
"pos": "u"}
}
,
{
"node": "d",
"type": "nonx",
"ref": "P313913.16",
"strict": "0",
"extent": "rest",
"state": "missing"}
]}
]}
]}
]}
