{
"type": "cdl",
  "source": "http://oracc.org/saao/saa13",
  "license": "This data is released under the CC0 license",
  "license-url": "https://creativecommons.org/publicdomain/zero/1.0/",
  "more-info": "http://oracc.org/doc/opendata/",
  "UTC-timestamp": "2017-05-19T11:46:14",
"project": "saao/saa13",
"textid": "P314366",
"cdl": [
{
"node": "c",
"type": "text",
"id": "P314366.U0",
"cdl": [
{
"node": "d",
"type": "object",
"ref": ""}
,
{
"node": "d",
"subtype": "obverse",
"type": "surface",
"ref": "P314366.o.1",
"type": "obverse",
"label": "o"}
,
{
"node": "d",
"type": "nonx",
"ref": "P314366.2",
"strict": "0",
"state": "missing"}
,
{
"node": "d",
"subtype": "reverse",
"type": "surface",
"ref": "P314366.r.3",
"type": "reverse",
"label": "r"}
,
{
"node": "d",
"type": "nonx",
"ref": "P314366.4",
"strict": "0",
"extent": "beginning",
"state": "missing"}
,
{
"node": "c",
"type": "discourse",
"subtype": "body",
"id": "P314366.U1",
"cdl": [
{
"node": "c",
"type": "sentence",
"id": "P314366.U2",
"label": "r 1' - r.e. 9",
"cdl": [
{
"node": "d",
"type": "line-start",
"ref": "P314366.5",
"n": "1'",
"label": "r 1'"}
,
{
"node": "l",
"frag": "[x",
"id": "P314366.l0487c",
"ref": "P314366.5.1",
"inst": "u",
"f": {"lang": "akk-x-neoass",
"form": "x",
"pos": "u"}
}
,
{
"node": "l",
"frag": "x]+⸢x",
"id": "P314366.l0487d",
"ref": "P314366.5.2",
"inst": "u",
"f": {"lang": "akk-x-neoass",
"form": "x+x",
"pos": "u"}
}
,
{
"node": "l",
"frag": "x⸣+[x",
"id": "P314366.l0487e",
"ref": "P314366.5.3",
"inst": "u",
"f": {"lang": "akk-x-neoass",
"form": "x+x",
"pos": "u"}
}
,
{
"node": "l",
"frag": "x",
"id": "P314366.l0487f",
"ref": "P314366.5.4",
"inst": "u",
"f": {"lang": "akk-x-neoass",
"form": "x",
"pos": "u"}
}
,
{
"node": "l",
"frag": "x",
"id": "P314366.l04880",
"ref": "P314366.5.5",
"inst": "u",
"f": {"lang": "akk-x-neoass",
"form": "x",
"pos": "u"}
}
,
{
"node": "l",
"frag": "x",
"id": "P314366.l04881",
"ref": "P314366.5.6",
"inst": "u",
"f": {"lang": "akk-x-neoass",
"form": "x",
"pos": "u"}
}
,
{
"node": "l",
"frag": "x]",
"id": "P314366.l04882",
"ref": "P314366.5.7",
"inst": "u",
"f": {"lang": "akk-x-neoass",
"form": "x",
"pos": "u"}
}
,
{
"node": "d",
"type": "line-start",
"ref": "P314366.6",
"n": "2'",
"label": "r 2'"}
,
{
"node": "l",
"frag": "a-na",
"id": "P314366.l04883",
"ref": "P314366.6.1",
"inst": "ana[to]PRP",
"sig": "@saao/saa13%akk-x-neoass:a-na=ana[to//to]PRP'PRP$ana",
"f": {"lang": "akk-x-neoass",
"form": "a-na",
"cf": "ana",
"gw": "to",
"sense": "to",
"norm": "ana",
"pos": "PRP",
"epos": "PRP"}
}
,
{
"node": "l",
"frag": "⸢LUGAL⸣",
"id": "P314366.l04884",
"ref": "P314366.6.2",
"inst": "šarri[king]N",
"sig": "@saao/saa13%akk-x-neoass:LUGAL=šarru[king//king]N'N$šarri",
"f": {"lang": "akk-x-neoass",
"form": "LUGAL",
"cf": "šarru",
"gw": "king",
"sense": "king",
"norm": "šarri",
"pos": "N",
"epos": "N"}
}
,
{
"node": "l",
"frag": "[x",
"id": "P314366.l04885",
"ref": "P314366.6.3",
"inst": "u",
"f": {"lang": "akk-x-neoass",
"form": "x",
"pos": "u"}
}
,
{
"node": "l",
"frag": "x",
"id": "P314366.l04886",
"ref": "P314366.6.4",
"inst": "u",
"f": {"lang": "akk-x-neoass",
"form": "x",
"pos": "u"}
}
,
{
"node": "l",
"frag": "x]",
"id": "P314366.l04887",
"ref": "P314366.6.5",
"inst": "u",
"f": {"lang": "akk-x-neoass",
"form": "x",
"pos": "u"}
}
,
{
"node": "d",
"type": "line-start",
"ref": "P314366.7",
"n": "3'",
"label": "r 3'"}
,
{
"node": "l",
"frag": "ina",
"id": "P314366.l04888",
"ref": "P314366.7.1",
"inst": "ina[in+=concerning]PRP",
"sig": "@saao/saa13%akk-x-neoass:ina=ina[in//in]PRP'PRP$ina",
"f": {"lang": "akk-x-neoass",
"form": "ina",
"cf": "ina",
"gw": "in",
"sense": "in",
"norm": "ina",
"pos": "PRP",
"epos": "PRP"}
}
,
{
"node": "l",
"frag": "UGU",
"id": "P314366.l04889",
"ref": "P314366.7.2",
"inst": "muhhi[skull]N",
"sig": "@saao/saa13%akk-x-neoass:UGU=muhhu[skull//skull]N'N$muhhi",
"f": {"lang": "akk-x-neoass",
"form": "UGU",
"cf": "muhhu",
"gw": "skull",
"sense": "skull",
"norm": "muhhi",
"pos": "N",
"epos": "N"}
}
,
{
"node": "l",
"frag": "par-ṣi",
"id": "P314366.l0488a",
"ref": "P314366.7.3",
"inst": "+parṣu[office//rites]N'N$parṣī",
"sig": "@saao/saa13%akk-x-neoass:par-ṣi=parṣu[office//rites]N'N$parṣī",
"f": {"lang": "akk-x-neoass",
"form": "par-ṣi",
"cf": "parṣu",
"gw": "office",
"sense": "rites",
"norm": "parṣī",
"pos": "N",
"epos": "N"}
}
,
{
"node": "l",
"frag": "⸢x⸣+[x",
"id": "P314366.l0488b",
"ref": "P314366.7.4",
"inst": "u",
"f": {"lang": "akk-x-neoass",
"form": "x+x",
"pos": "u"}
}
,
{
"node": "l",
"frag": "x]",
"id": "P314366.l0488c",
"ref": "P314366.7.5",
"inst": "u",
"f": {"lang": "akk-x-neoass",
"form": "x",
"pos": "u"}
}
,
{
"node": "d",
"type": "line-start",
"ref": "P314366.8",
"n": "4'",
"label": "r 4'"}
,
{
"node": "l",
"frag": "an-ni-tu",
"id": "P314366.l0488d",
"ref": "P314366.8.1",
"inst": "annītu[this]DP",
"sig": "@saao/saa13%akk-x-neoass:an-ni-tu=annû[this//this]DP'DP$annītu",
"f": {"lang": "akk-x-neoass",
"form": "an-ni-tu",
"cf": "annû",
"gw": "this",
"sense": "this",
"norm": "annītu",
"pos": "DP",
"epos": "DP"}
}
,
{
"node": "l",
"frag": "lu-u",
"id": "P314366.l0488e",
"ref": "P314366.8.2",
"inst": "lū[may]MOD",
"sig": "@saao/saa13%akk-x-neoass:lu-u=lū[may//may]MOD'MOD$lū",
"f": {"lang": "akk-x-neoass",
"form": "lu-u",
"cf": "lū",
"gw": "may",
"sense": "may",
"norm": "lū",
"pos": "MOD",
"epos": "MOD"}
}
,
{
"node": "l",
"frag": "⸢x⸣+[x",
"id": "P314366.l0488f",
"ref": "P314366.8.3",
"inst": "u",
"f": {"lang": "akk-x-neoass",
"form": "x+x",
"pos": "u"}
}
,
{
"node": "l",
"frag": "x]",
"id": "P314366.l04890",
"ref": "P314366.8.4",
"inst": "u",
"f": {"lang": "akk-x-neoass",
"form": "x",
"pos": "u"}
}
,
{
"node": "d",
"type": "line-start",
"ref": "P314366.9",
"n": "5'",
"label": "r 5'"}
,
{
"node": "l",
"frag": "[x]-⸢ni⸣",
"id": "P314366.l04891",
"ref": "P314366.9.1",
"inst": "u",
"f": {"lang": "akk-x-neoass",
"form": "x-ni",
"pos": "u"}
}
,
{
"node": "l",
"frag": "[x]",
"id": "P314366.l04892",
"ref": "P314366.9.2",
"inst": "u",
"f": {"lang": "akk-x-neoass",
"form": "x",
"pos": "u"}
}
,
{
"node": "l",
"frag": "⸢ša⸣",
"id": "P314366.l04893",
"ref": "P314366.9.3",
"inst": "ša[of]DET",
"sig": "@saao/saa13%akk-x-neoass:ša=ša[of//of]DET'DET$ša",
"f": {"lang": "akk-x-neoass",
"form": "ša",
"cf": "ša",
"gw": "of",
"sense": "of",
"norm": "ša",
"pos": "DET",
"epos": "DET"}
}
,
{
"node": "l",
"frag": "me-me-[ni",
"id": "P314366.l04894",
"ref": "P314366.9.4",
"inst": "memmēni[somebody]XP",
"sig": "@saao/saa13%akk-x-neoass:me-me-ni=memēni[somebody//somebody]XP'XP$memmēni",
"f": {"lang": "akk-x-neoass",
"form": "me-me-ni",
"cf": "memēni",
"gw": "somebody",
"sense": "somebody",
"norm": "memmēni",
"pos": "XP",
"epos": "XP"}
}
,
{
"node": "l",
"frag": "x",
"id": "P314366.l04895",
"ref": "P314366.9.5",
"inst": "u",
"f": {"lang": "akk-x-neoass",
"form": "x",
"pos": "u"}
}
,
{
"node": "l",
"frag": "x]",
"id": "P314366.l04896",
"ref": "P314366.9.6",
"inst": "u",
"f": {"lang": "akk-x-neoass",
"form": "x",
"pos": "u"}
}
,
{
"node": "d",
"type": "line-start",
"ref": "P314366.10",
"n": "6'",
"label": "r 6'"}
,
{
"node": "l",
"frag": "⸢EN⸣",
"id": "P314366.l04897",
"ref": "P314366.10.1",
"inst": "Bel[1]DN",
"sig": "@saao/saa13%akk-x-neoass:EN=Bel[1//1]DN'DN$Bel",
"f": {"lang": "akk-x-neoass",
"form": "EN",
"cf": "Bel",
"gw": "1",
"sense": "1",
"norm": "Bel",
"pos": "DN",
"epos": "DN"}
}
,
{
"node": "l",
"frag": "{[d]}PA",
"id": "P314366.l04898",
"ref": "P314366.10.2",
"inst": "Nabu[1]DN",
"sig": "@saao/saa13%akk-x-neoass:{d}PA=Nabu[1//1]DN'DN$Nabu",
"f": {"lang": "akk-x-neoass",
"form": "{d}PA",
"cf": "Nabu",
"gw": "1",
"sense": "1",
"norm": "Nabu",
"pos": "DN",
"epos": "DN"}
}
,
{
"node": "l",
"frag": "[a-na",
"id": "P314366.l04899",
"ref": "P314366.10.3",
"inst": "ana[to]PRP",
"sig": "@saao/saa13%akk-x-neoass:a-na=ana[to//to]PRP'PRP$ana",
"f": {"lang": "akk-x-neoass",
"form": "a-na",
"cf": "ana",
"gw": "to",
"sense": "to",
"norm": "ana",
"pos": "PRP",
"epos": "PRP"}
}
,
{
"node": "l",
"frag": "LUGAL]",
"id": "P314366.l0489a",
"ref": "P314366.10.4",
"inst": "šarri[king]N",
"sig": "@saao/saa13%akk-x-neoass:LUGAL=šarru[king//king]N'N$šarri",
"f": {"lang": "akk-x-neoass",
"form": "LUGAL",
"cf": "šarru",
"gw": "king",
"sense": "king",
"norm": "šarri",
"pos": "N",
"epos": "N"}
}
,
{
"node": "d",
"type": "line-start",
"ref": "P314366.11",
"n": "7'",
"label": "r 7'"}
,
{
"node": "l",
"frag": "[be]-⸢li₂-ia⸣",
"id": "P314366.l0489b",
"ref": "P314366.11.1",
"inst": "bēlīya[lord]N",
"sig": "@saao/saa13%akk-x-neoass:be-li₂-ia=bēlu[lord//lord]N'N$bēlīya",
"f": {"lang": "akk-x-neoass",
"form": "be-li₂-ia",
"cf": "bēlu",
"gw": "lord",
"sense": "lord",
"norm": "bēlīya",
"pos": "N",
"epos": "N"}
}
,
{
"node": "l",
"frag": "[lik-ru-bu]",
"id": "P314366.l0489c",
"ref": "P314366.11.2",
"inst": "likrubu[bless]V",
"sig": "@saao/saa13%akk-x-neoass:lik-ru-bu=karābu[pray//bless]V'V$likrubu",
"f": {"lang": "akk-x-neoass",
"form": "lik-ru-bu",
"cf": "karābu",
"gw": "pray",
"sense": "bless",
"norm": "likrubu",
"pos": "V",
"epos": "V"}
}
,
{
"node": "d",
"type": "nonx",
"ref": "P314366.12",
"strict": "0",
"extent": "n",
"scope": "line",
"state": "blank"}
,
{
"node": "d",
"subtype": "right",
"type": "surface",
"ref": "P314366.r.e..13",
"type": "right",
"label": "r.e."}
,
{
"node": "d",
"type": "line-start",
"ref": "P314366.14",
"n": "8",
"label": "r.e. 8"}
,
{
"node": "l",
"frag": "{iti}BARAG",
"id": "P314366.l0489d",
"ref": "P314366.14.1",
"inst": "Nisannu[Nisan]MN",
"sig": "@saao/saa13%akk-x-neoass:{ITI}BARAG=Nisannu[Nisan//Nisan]MN'MN$Nisannu",
"f": {"lang": "akk-x-neoass",
"form": "{ITI}BARAG",
"cf": "Nisannu",
"gw": "Nisan",
"sense": "Nisan",
"norm": "Nisannu",
"pos": "MN",
"epos": "MN"}
}
,
{
"node": "l",
"frag": "UD",
"id": "P314366.l0489e",
"ref": "P314366.14.2",
"inst": "ūm[day]N",
"exosig": "@saao/saa13%akk-x-neoass:UD=ūmu[day//day]N'N$ūm",
"f": {"lang": "akk-x-neoass",
"form": "UD",
"cf": "ūmu",
"gw": "day",
"sense": "day",
"norm": "ūm",
"pos": "N",
"epos": "N"}
}
,
{
"node": "l",
"frag": "15-KAM₂",
"id": "P314366.l0489f",
"ref": "P314366.14.3",
"inst": "n",
"f": {"lang": "akk-x-neoass",
"form": "15-KAM₂",
"pos": "n"}
}
,
{
"node": "d",
"type": "line-start",
"ref": "P314366.15",
"n": "9",
"label": "r.e. 9"}
,
{
"node": "l",
"frag": "[lim]-mu",
"id": "P314366.l048a0",
"ref": "P314366.15.1",
"inst": "limmu[eponym (of year)]N",
"sig": "@saao/saa13%akk-x-neoass:lim-mu=līmu[eponym (of year)//eponym (of year)]N'N$limmu",
"f": {"lang": "akk-x-neoass",
"form": "lim-mu",
"cf": "līmu",
"gw": "eponym (of year)",
"sense": "eponym (of year)",
"norm": "limmu",
"pos": "N",
"epos": "N"}
}
,
{
"node": "l",
"frag": "{1}gab-ba-ru",
"id": "P314366.l048a1",
"ref": "P314366.15.2",
"inst": "Gabbaru[1]PN",
"sig": "@saao/saa13%akk-x-neoass:{1}gab-ba-ru=Gabbaru[1//1]PN'PN$Gabbaru",
"f": {"lang": "akk-x-neoass",
"form": "{1}gab-ba-ru",
"cf": "Gabbaru",
"gw": "1",
"sense": "1",
"norm": "Gabbaru",
"pos": "PN",
"epos": "PN"}
}
,
{
"node": "d",
"type": "nonx",
"ref": "P314366.16",
"strict": "0",
"extent": "rest",
"state": "missing"}
]}
]}
]}
]}
