{
"type": "cdl",
  "source": "http://oracc.org/saao/saa13",
  "license": "This data is released under the CC0 license",
  "license-url": "https://creativecommons.org/publicdomain/zero/1.0/",
  "more-info": "http://oracc.org/doc/opendata/",
  "UTC-timestamp": "2017-05-19T11:46:14",
"project": "saao/saa13",
"textid": "P314358",
"cdl": [
{
"node": "c",
"type": "text",
"id": "P314358.U0",
"cdl": [
{
"node": "d",
"type": "object",
"ref": ""}
,
{
"node": "d",
"subtype": "obverse",
"type": "surface",
"ref": "P314358.o.1",
"type": "obverse",
"label": "o"}
,
{
"node": "d",
"type": "nonx",
"ref": "P314358.2",
"strict": "0",
"extent": "beginning",
"state": "missing"}
,
{
"node": "c",
"type": "discourse",
"subtype": "body",
"id": "P314358.U1",
"cdl": [
{
"node": "c",
"type": "sentence",
"id": "P314358.U2",
"label": "o 1' - r 6'",
"cdl": [
{
"node": "d",
"type": "line-start",
"ref": "P314358.3",
"n": "1'",
"label": "o 1'"}
,
{
"node": "l",
"frag": "ša",
"id": "P314358.l0222c",
"ref": "P314358.3.1",
"inst": "ša[of]DET",
"sig": "@saao/saa13%akk-x-neoass:ša=ša[of//of]DET'DET$ša",
"f": {"lang": "akk-x-neoass",
"form": "ša",
"cf": "ša",
"gw": "of",
"sense": "of",
"norm": "ša",
"pos": "DET",
"epos": "DET"}
}
,
{
"node": "l",
"frag": "⸢kip-pat",
"id": "P314358.l0222d",
"ref": "P314358.3.2",
"inst": "+kippatu[circle//perimeter]N$kippat",
"sig": "@saao/saa13%akk-x-neoass:kip-pat=kippatu[circle//perimeter]N'N$kippat",
"f": {"lang": "akk-x-neoass",
"form": "kip-pat",
"cf": "kippatu",
"gw": "circle",
"sense": "perimeter",
"norm": "kippat",
"pos": "N",
"epos": "N"}
}
,
{
"node": "l",
"frag": "er-bet-ti⸣",
"id": "P314358.l0222e",
"ref": "P314358.3.3",
"inst": "erbetti[four]NU",
"sig": "@saao/saa13%akk-x-neoass:er-bet-ti=erbe[four//four]NU'NU$erbetti",
"f": {"lang": "akk-x-neoass",
"form": "er-bet-ti",
"cf": "erbe",
"gw": "four",
"sense": "four",
"norm": "erbetti",
"pos": "NU",
"epos": "NU"}
}
,
{
"node": "d",
"type": "line-start",
"ref": "P314358.4",
"n": "2'",
"label": "o 2'"}
,
{
"node": "l",
"frag": "⸢a-na⸣",
"id": "P314358.l0222f",
"ref": "P314358.4.1",
"inst": "ana[to]PRP",
"sig": "@saao/saa13%akk-x-neoass:a-na=ana[to//to]PRP'PRP$ana",
"f": {"lang": "akk-x-neoass",
"form": "a-na",
"cf": "ana",
"gw": "to",
"sense": "to",
"norm": "ana",
"pos": "PRP",
"epos": "PRP"}
}
,
{
"node": "l",
"frag": "ni-i-ri",
"id": "P314358.l02230",
"ref": "P314358.4.2",
"inst": "nīri[yoke]N",
"sig": "@saao/saa13%akk-x-neoass:ni-i-ri=nīru[yoke//yoke]N'N$nīri",
"f": {"lang": "akk-x-neoass",
"form": "ni-i-ri",
"cf": "nīru",
"gw": "yoke",
"sense": "yoke",
"norm": "nīri",
"pos": "N",
"epos": "N"}
}
,
{
"node": "l",
"frag": "LUGAL",
"id": "P314358.l02231",
"ref": "P314358.4.3",
"inst": "šarri[king]N",
"sig": "@saao/saa13%akk-x-neoass:LUGAL=šarru[king//king]N'N$šarri",
"f": {"lang": "akk-x-neoass",
"form": "LUGAL",
"cf": "šarru",
"gw": "king",
"sense": "king",
"norm": "šarri",
"pos": "N",
"epos": "N"}
}
,
{
"node": "l",
"frag": "be-li₂-ia",
"id": "P314358.l02232",
"ref": "P314358.4.4",
"inst": "bēlīya[lord]N",
"sig": "@saao/saa13%akk-x-neoass:be-li₂-ia=bēlu[lord//lord]N'N$bēlīya",
"f": {"lang": "akk-x-neoass",
"form": "be-li₂-ia",
"cf": "bēlu",
"gw": "lord",
"sense": "lord",
"norm": "bēlīya",
"pos": "N",
"epos": "N"}
}
,
{
"node": "d",
"type": "line-start",
"ref": "P314358.5",
"n": "3'",
"label": "o 3'"}
,
{
"node": "l",
"frag": "[x",
"id": "P314358.l02233",
"ref": "P314358.5.1",
"inst": "u",
"f": {"lang": "akk-x-neoass",
"form": "x",
"pos": "u"}
}
,
{
"node": "l",
"frag": "x",
"id": "P314358.l02234",
"ref": "P314358.5.2",
"inst": "u",
"f": {"lang": "akk-x-neoass",
"form": "x",
"pos": "u"}
}
,
{
"node": "l",
"frag": "x]",
"id": "P314358.l02235",
"ref": "P314358.5.3",
"inst": "u",
"f": {"lang": "akk-x-neoass",
"form": "x",
"pos": "u"}
}
,
{
"node": "l",
"frag": "ši-bu-u₂-tu",
"id": "P314358.l02236",
"ref": "P314358.5.4",
"inst": "+šībūtu[old age]N$",
"sig": "@saao/saa13%akk-x-neoass:ši-bu-u₂-tu=šībūtu[old age//old age]N'N$šībūtu",
"f": {"lang": "akk-x-neoass",
"form": "ši-bu-u₂-tu",
"cf": "šībūtu",
"gw": "old age",
"sense": "old age",
"norm": "šībūtu",
"pos": "N",
"epos": "N"}
}
,
{
"node": "d",
"type": "line-start",
"ref": "P314358.6",
"n": "4'",
"label": "o 4'"}
,
{
"node": "l",
"frag": "[lit-tu-tu]",
"id": "P314358.l02237",
"ref": "P314358.6.1",
"inst": "littūtu[(extreme) old age]N",
"sig": "@saao/saa13%akk-x-neoass:lit-tu-tu=littūtu[(extreme) old age//(extreme) old age]N'N$littūtu",
"f": {"lang": "akk-x-neoass",
"form": "lit-tu-tu",
"cf": "littūtu",
"gw": "(extreme) old age",
"sense": "(extreme) old age",
"norm": "littūtu",
"pos": "N",
"epos": "N"}
}
,
{
"node": "l",
"frag": "⸢hu⸣-ud",
"id": "P314358.l02238",
"ref": "P314358.6.2",
"inst": "+hūdu[happiness]N$hūd",
"sig": "@saao/saa13%akk-x-neoass:hu-ud=hūdu[happiness//happiness]N'N$hūd",
"f": {"lang": "akk-x-neoass",
"form": "hu-ud",
"cf": "hūdu",
"gw": "happiness",
"sense": "happiness",
"norm": "hūd",
"pos": "N",
"epos": "N"}
}
,
{
"node": "l",
"frag": "ŠA₃-bi",
"id": "P314358.l02239",
"ref": "P314358.6.3",
"inst": "+libbu[interior//heart]N$",
"sig": "@saao/saa13%akk-x-neoass:ŠA₃-bi=libbu[interior//heart]N'N$libbu",
"f": {"lang": "akk-x-neoass",
"form": "ŠA₃-bi",
"cf": "libbu",
"gw": "interior",
"sense": "heart",
"norm": "libbu",
"pos": "N",
"epos": "N"}
}
,
{
"node": "d",
"type": "line-start",
"ref": "P314358.7",
"n": "5'",
"label": "o 5'"}
,
{
"node": "l",
"frag": "[x",
"id": "P314358.l0223a",
"ref": "P314358.7.1",
"inst": "u",
"f": {"lang": "akk-x-neoass",
"form": "x",
"pos": "u"}
}
,
{
"node": "l",
"frag": "x",
"id": "P314358.l0223b",
"ref": "P314358.7.2",
"inst": "u",
"f": {"lang": "akk-x-neoass",
"form": "x",
"pos": "u"}
}
,
{
"node": "l",
"frag": "x",
"id": "P314358.l0223c",
"ref": "P314358.7.3",
"inst": "u",
"f": {"lang": "akk-x-neoass",
"form": "x",
"pos": "u"}
}
,
{
"node": "l",
"frag": "x",
"id": "P314358.l0223d",
"ref": "P314358.7.4",
"inst": "u",
"f": {"lang": "akk-x-neoass",
"form": "x",
"pos": "u"}
}
,
{
"node": "l",
"frag": "x",
"id": "P314358.l0223e",
"ref": "P314358.7.5",
"inst": "u",
"f": {"lang": "akk-x-neoass",
"form": "x",
"pos": "u"}
}
,
{
"node": "l",
"frag": "x]-⸢u₂⸣-tu",
"id": "P314358.l0223f",
"ref": "P314358.7.6",
"inst": "u",
"f": {"lang": "akk-x-neoass",
"form": "x-u₂-tu",
"pos": "u"}
}
,
{
"node": "d",
"type": "line-start",
"ref": "P314358.8",
"n": "6'",
"label": "o 6'"}
,
{
"node": "l",
"frag": "[x",
"id": "P314358.l02240",
"ref": "P314358.8.1",
"inst": "u",
"f": {"lang": "akk-x-neoass",
"form": "x",
"pos": "u"}
}
,
{
"node": "l",
"frag": "x",
"id": "P314358.l02241",
"ref": "P314358.8.2",
"inst": "u",
"f": {"lang": "akk-x-neoass",
"form": "x",
"pos": "u"}
}
,
{
"node": "l",
"frag": "x",
"id": "P314358.l02242",
"ref": "P314358.8.3",
"inst": "u",
"f": {"lang": "akk-x-neoass",
"form": "x",
"pos": "u"}
}
,
{
"node": "l",
"frag": "x",
"id": "P314358.l02243",
"ref": "P314358.8.4",
"inst": "u",
"f": {"lang": "akk-x-neoass",
"form": "x",
"pos": "u"}
}
,
{
"node": "l",
"frag": "x",
"id": "P314358.l02244",
"ref": "P314358.8.5",
"inst": "u",
"f": {"lang": "akk-x-neoass",
"form": "x",
"pos": "u"}
}
,
{
"node": "l",
"frag": "x",
"id": "P314358.l02245",
"ref": "P314358.8.6",
"inst": "u",
"f": {"lang": "akk-x-neoass",
"form": "x",
"pos": "u"}
}
,
{
"node": "l",
"frag": "lid]-⸢din⸣",
"id": "P314358.l02246",
"ref": "P314358.8.7",
"inst": "liddin[give]V",
"sig": "@saao/saa13%akk-x-neoass:lid-din=tadānu[give//give]V'V$liddin",
"f": {"lang": "akk-x-neoass",
"form": "lid-din",
"cf": "tadānu",
"gw": "give",
"sense": "give",
"norm": "liddin",
"pos": "V",
"epos": "V"}
}
,
{
"node": "d",
"type": "nonx",
"ref": "P314358.9",
"strict": "0",
"extent": "rest",
"state": "missing"}
,
{
"node": "d",
"subtype": "reverse",
"type": "surface",
"ref": "P314358.r.10",
"type": "reverse",
"label": "r"}
,
{
"node": "d",
"type": "nonx",
"ref": "P314358.11",
"strict": "0",
"extent": "beginning",
"state": "missing"}
,
{
"node": "d",
"type": "line-start",
"ref": "P314358.12",
"n": "1'",
"label": "r 1'"}
,
{
"node": "l",
"frag": "[x",
"id": "P314358.l02247",
"ref": "P314358.12.1",
"inst": "u",
"f": {"lang": "akk-x-neoass",
"form": "x",
"pos": "u"}
}
,
{
"node": "l",
"frag": "x]-⸢MEŠ⸣",
"id": "P314358.l02248",
"ref": "P314358.12.2",
"inst": "u",
"f": {"lang": "akk-x-neoass",
"form": "x-MEŠ",
"pos": "u"}
}
,
{
"node": "l",
"frag": "ša",
"id": "P314358.l02249",
"ref": "P314358.12.3",
"inst": "ša[of]DET",
"sig": "@saao/saa13%akk-x-neoass:ša=ša[of//of]DET'DET$ša",
"f": {"lang": "akk-x-neoass",
"form": "ša",
"cf": "ša",
"gw": "of",
"sense": "of",
"norm": "ša",
"pos": "DET",
"epos": "DET"}
}
,
{
"node": "l",
"frag": "ni-⸢i⸣-[ri",
"id": "P314358.l0224a",
"ref": "P314358.12.4",
"inst": "nīri[yoke]N",
"sig": "@saao/saa13%akk-x-neoass:ni-i-ri=nīru[yoke//yoke]N'N$nīri",
"f": {"lang": "akk-x-neoass",
"form": "ni-i-ri",
"cf": "nīru",
"gw": "yoke",
"sense": "yoke",
"norm": "nīri",
"pos": "N",
"epos": "N"}
}
,
{
"node": "l",
"frag": "x",
"id": "P314358.l0224b",
"ref": "P314358.12.5",
"inst": "u",
"f": {"lang": "akk-x-neoass",
"form": "x",
"pos": "u"}
}
,
{
"node": "l",
"frag": "x",
"id": "P314358.l0224c",
"ref": "P314358.12.6",
"inst": "u",
"f": {"lang": "akk-x-neoass",
"form": "x",
"pos": "u"}
}
,
{
"node": "l",
"frag": "x]",
"id": "P314358.l0224d",
"ref": "P314358.12.7",
"inst": "u",
"f": {"lang": "akk-x-neoass",
"form": "x",
"pos": "u"}
}
,
{
"node": "d",
"type": "line-start",
"ref": "P314358.13",
"n": "2'",
"label": "r 2'"}
,
{
"node": "l",
"frag": "⸢ša⸣",
"id": "P314358.l0224e",
"ref": "P314358.13.1",
"inst": "ša[which]REL",
"sig": "@saao/saa13%akk-x-neoass:ša=ša[that//which]REL'REL$ša",
"f": {"lang": "akk-x-neoass",
"form": "ša",
"cf": "ša",
"gw": "that",
"sense": "which",
"norm": "ša",
"pos": "REL",
"epos": "REL"}
}
,
{
"node": "l",
"frag": "il-li-ku-u-ni",
"id": "P314358.l0224f",
"ref": "P314358.13.2",
"inst": "illikūni[go]V",
"sig": "@saao/saa13%akk-x-neoass:il-li-ku-u-ni=alāku[go//go]V'V$illikūni",
"f": {"lang": "akk-x-neoass",
"form": "il-li-ku-u-ni",
"cf": "alāku",
"gw": "go",
"sense": "go",
"norm": "illikūni",
"pos": "V",
"epos": "V"}
}
,
{
"node": "l",
"frag": "la-[as]-⸢dir⸣",
"id": "P314358.l02250",
"ref": "P314358.13.3",
"inst": "lasdir[array]V",
"sig": "@saao/saa13%akk-x-neoass:la-as-dir=sadāru[place in order//array]V'V$lasdir",
"f": {"lang": "akk-x-neoass",
"form": "la-as-dir",
"cf": "sadāru",
"gw": "place in order",
"sense": "array",
"norm": "lasdir",
"pos": "V",
"epos": "V"}
}
,
{
"node": "d",
"type": "line-start",
"ref": "P314358.14",
"n": "3'",
"label": "r 3'"}
,
{
"node": "l",
"frag": "[o]",
"id": "P314358.l02251",
"ref": "P314358.14.1",
"inst": "u",
"f": {"lang": "akk-x-neoass",
"form": "o",
"pos": "u"}
}
,
{
"node": "l",
"frag": "05",
"id": "P314358.l02252",
"ref": "P314358.14.2",
"inst": "n",
"f": {"lang": "akk-x-neoass",
"form": "05",
"pos": "n"}
}
,
{
"node": "l",
"frag": "me",
"id": "P314358.l02253",
"ref": "P314358.14.3",
"inst": "mē[hundred]NU",
"sig": "@saao/saa13%akk-x-neoass:me=meʾatu[(one) hundred//(one) hundred]NU'NU$mē",
"f": {"lang": "akk-x-neoass",
"form": "me",
"cf": "meʾatu",
"gw": "(one) hundred",
"sense": "(one) hundred",
"norm": "mē",
"pos": "NU",
"epos": "NU"}
}
,
{
"node": "l",
"frag": "78",
"id": "P314358.l02254",
"ref": "P314358.14.4",
"inst": "n",
"f": {"lang": "akk-x-neoass",
"form": "78",
"pos": "n"}
}
,
{
"node": "l",
"frag": "KUR-MEŠ",
"id": "P314358.l02255",
"ref": "P314358.14.5",
"inst": "sissê[horse]N",
"sig": "@saao/saa13%akk-x-neoass:KUR-MEŠ=sisû[horse//horse]N'N$sissê",
"f": {"lang": "akk-x-neoass",
"form": "KUR-MEŠ",
"cf": "sisû",
"gw": "horse",
"sense": "horse",
"norm": "sissê",
"pos": "N",
"epos": "N"}
}
,
{
"node": "l",
"frag": "ša",
"id": "P314358.l02256",
"ref": "P314358.14.6",
"inst": "ša[of]DET",
"sig": "@saao/saa13%akk-x-neoass:ša=ša[of//of]DET'DET$ša",
"f": {"lang": "akk-x-neoass",
"form": "ša",
"cf": "ša",
"gw": "of",
"sense": "of",
"norm": "ša",
"pos": "DET",
"epos": "DET"}
}
,
{
"node": "l",
"frag": "⸢ni⸣-[i-ri]",
"id": "P314358.l02257",
"ref": "P314358.14.7",
"inst": "nīri[yoke]N",
"sig": "@saao/saa13%akk-x-neoass:ni-i-ri=nīru[yoke//yoke]N'N$nīri",
"f": {"lang": "akk-x-neoass",
"form": "ni-i-ri",
"cf": "nīru",
"gw": "yoke",
"sense": "yoke",
"norm": "nīri",
"pos": "N",
"epos": "N"}
}
,
{
"node": "d",
"type": "line-start",
"ref": "P314358.15",
"n": "4'",
"label": "r 4'"}
,
{
"node": "l",
"frag": "[x",
"id": "P314358.l02258",
"ref": "P314358.15.1",
"inst": "u",
"f": {"lang": "akk-x-neoass",
"form": "x",
"pos": "u"}
}
,
{
"node": "l",
"frag": "x]",
"id": "P314358.l02259",
"ref": "P314358.15.2",
"inst": "u",
"f": {"lang": "akk-x-neoass",
"form": "x",
"pos": "u"}
}
,
{
"node": "l",
"frag": "KUR",
"id": "P314358.l0225a",
"ref": "P314358.15.3",
"inst": "+sisû[horse]N$sissê",
"sig": "@saao/saa13%akk-x-neoass:KUR=sisû[horse//horse]N'N$sissê",
"f": {"lang": "akk-x-neoass",
"form": "KUR",
"cf": "sisû",
"gw": "horse",
"sense": "horse",
"norm": "sissê",
"pos": "N",
"epos": "N"}
}
,
{
"node": "l",
"frag": "BAD-[HAL-MEŠ]",
"id": "P314358.l0225b",
"ref": "P314358.15.4",
"inst": "+pēthallu[riding horse]N$pēthallāti",
"sig": "@saao/saa13%akk-x-neoass:BAD-HAL-MEŠ=pēthallu[riding horse//riding horse]N'N$pēthallāti",
"f": {"lang": "akk-x-neoass",
"form": "BAD-HAL-MEŠ",
"cf": "pēthallu",
"gw": "riding horse",
"sense": "riding horse",
"norm": "pēthallāti",
"pos": "N",
"epos": "N"}
}
,
{
"node": "d",
"type": "line-start",
"ref": "P314358.16",
"n": "5'",
"label": "r 5'"}
,
{
"node": "l",
"frag": "[x-me-x]-06",
"id": "P314358.l0225c",
"ref": "P314358.16.1",
"inst": "u",
"f": {"lang": "akk-x-neoass",
"form": "x-me-x-06",
"pos": "u"}
}
,
{
"node": "l",
"frag": "KUR-MEŠ",
"id": "P314358.l0225d",
"ref": "P314358.16.2",
"inst": "sissê[horse]N",
"sig": "@saao/saa13%akk-x-neoass:KUR-MEŠ=sisû[horse//horse]N'N$sissê",
"f": {"lang": "akk-x-neoass",
"form": "KUR-MEŠ",
"cf": "sisû",
"gw": "horse",
"sense": "horse",
"norm": "sissê",
"pos": "N",
"epos": "N"}
}
,
{
"node": "l",
"frag": "UD",
"id": "P314358.l0225e",
"ref": "P314358.16.3",
"inst": "ūm[day]N",
"sig": "@saao%akk-x-neoass:UD=ūmu[day//day]N'N$ūm",
"f": {"lang": "akk-x-neoass",
"form": "UD",
"cf": "ūmu",
"gw": "day",
"sense": "day",
"norm": "ūm",
"pos": "N",
"epos": "N"}
}
,
{
"node": "l",
"frag": "[x-KAM]",
"id": "P314358.l0225f",
"ref": "P314358.16.4",
"inst": "n",
"f": {"lang": "akk-x-neoass",
"form": "x-KAM",
"pos": "n"}
}
,
{
"node": "d",
"type": "line-start",
"ref": "P314358.17",
"n": "6'",
"label": "r 6'"}
,
{
"node": "l",
"frag": "[x",
"id": "P314358.l02260",
"ref": "P314358.17.1",
"inst": "u",
"f": {"lang": "akk-x-neoass",
"form": "x",
"pos": "u"}
}
,
{
"node": "l",
"frag": "x",
"id": "P314358.l02261",
"ref": "P314358.17.2",
"inst": "u",
"f": {"lang": "akk-x-neoass",
"form": "x",
"pos": "u"}
}
,
{
"node": "l",
"frag": "x",
"id": "P314358.l02262",
"ref": "P314358.17.3",
"inst": "u",
"f": {"lang": "akk-x-neoass",
"form": "x",
"pos": "u"}
}
,
{
"node": "l",
"frag": "x]",
"id": "P314358.l02263",
"ref": "P314358.17.4",
"inst": "u",
"f": {"lang": "akk-x-neoass",
"form": "x",
"pos": "u"}
}
,
{
"node": "l",
"frag": "{⸢uru}du⸣-[x",
"id": "P314358.l02264",
"ref": "P314358.17.5",
"inst": "u",
"f": {"lang": "akk-x-neoass",
"form": "{URU}du-x",
"pos": "u"}
}
,
{
"node": "l",
"frag": "x",
"id": "P314358.l02265",
"ref": "P314358.17.6",
"inst": "u",
"f": {"lang": "akk-x-neoass",
"form": "x",
"pos": "u"}
}
,
{
"node": "l",
"frag": "x]",
"id": "P314358.l02266",
"ref": "P314358.17.7",
"inst": "u",
"f": {"lang": "akk-x-neoass",
"form": "x",
"pos": "u"}
}
,
{
"node": "d",
"type": "nonx",
"ref": "P314358.18",
"strict": "0",
"extent": "rest",
"state": "missing"}
]}
]}
]}
]}
