{
"type": "cdl",
  "source": "http://oracc.org/saao/saa13",
  "license": "This data is released under the CC0 license",
  "license-url": "https://creativecommons.org/publicdomain/zero/1.0/",
  "more-info": "http://oracc.org/doc/opendata/",
  "UTC-timestamp": "2017-05-19T11:46:19",
"project": "saao/saa13",
"textid": "P334247",
"cdl": [
{
"node": "c",
"type": "text",
"id": "P334247.U0",
"cdl": [
{
"node": "d",
"type": "object",
"ref": ""}
,
{
"node": "d",
"subtype": "obverse",
"type": "surface",
"ref": "P334247.o.1",
"type": "obverse",
"label": "o"}
,
{
"node": "c",
"type": "discourse",
"subtype": "body",
"id": "P334247.U1",
"cdl": [
{
"node": "c",
"type": "sentence",
"id": "P334247.U2",
"label": "o 1 - r 15",
"cdl": [
{
"node": "d",
"type": "line-start",
"ref": "P334247.2",
"n": "1",
"label": "o 1"}
,
{
"node": "l",
"frag": "a-na",
"id": "P334247.l01af3",
"ref": "P334247.2.1",
"inst": "ana[to]PRP",
"sig": "@saao/saa13%akk-x-neoass:a-na=ana[to//to]PRP'PRP$ana",
"f": {"lang": "akk-x-neoass",
"form": "a-na",
"cf": "ana",
"gw": "to",
"sense": "to",
"norm": "ana",
"pos": "PRP",
"epos": "PRP"}
}
,
{
"node": "l",
"frag": "LUGAL",
"id": "P334247.l01af4",
"ref": "P334247.2.2",
"inst": "šarri[king]N",
"sig": "@saao/saa13%akk-x-neoass:LUGAL=šarru[king//king]N'N$šarri",
"f": {"lang": "akk-x-neoass",
"form": "LUGAL",
"cf": "šarru",
"gw": "king",
"sense": "king",
"norm": "šarri",
"pos": "N",
"epos": "N"}
}
,
{
"node": "l",
"frag": "be-li₂-ia",
"id": "P334247.l01af5",
"ref": "P334247.2.3",
"inst": "bēlīya[lord]N",
"sig": "@saao/saa13%akk-x-neoass:be-li₂-ia=bēlu[lord//lord]N'N$bēlīya",
"f": {"lang": "akk-x-neoass",
"form": "be-li₂-ia",
"cf": "bēlu",
"gw": "lord",
"sense": "lord",
"norm": "bēlīya",
"pos": "N",
"epos": "N"}
}
,
{
"node": "d",
"type": "line-start",
"ref": "P334247.3",
"n": "2",
"label": "o 2"}
,
{
"node": "l",
"frag": "ARAD-ka",
"id": "P334247.l01af6",
"ref": "P334247.3.1",
"inst": "urdaka[servant]N",
"sig": "@saao/saa13%akk-x-neoass:ARAD-ka=ardu[slave//servant]N'N$urdaka",
"f": {"lang": "akk-x-neoass",
"form": "ARAD-ka",
"cf": "ardu",
"gw": "slave",
"sense": "servant",
"norm": "urdaka",
"pos": "N",
"epos": "N"}
}
,
{
"node": "l",
"frag": "{1}{d}PA-MU-AŠ",
"id": "P334247.l01af7",
"ref": "P334247.3.2",
"inst": "+Nabu-šumu-iddina[1]PN$",
"sig": "@saao/saa13%akk-x-neoass:{1}{d}PA-MU-AŠ=Nabu-šumu-iddina[1//1]PN'PN$Nabu-šumu-iddina",
"f": {"lang": "akk-x-neoass",
"form": "{1}{d}PA-MU-AŠ",
"cf": "Nabu-šumu-iddina",
"gw": "1",
"sense": "1",
"norm": "Nabu-šumu-iddina",
"pos": "PN",
"epos": "PN"}
}
,
{
"node": "d",
"type": "line-start",
"ref": "P334247.4",
"n": "3",
"label": "o 3"}
,
{
"node": "l",
"frag": "lu",
"id": "P334247.l01af8",
"ref": "P334247.4.1",
"inst": "lū[may]MOD",
"sig": "@saao/saa13%akk-x-neoass:lu=lū[may//may]MOD'MOD$lū",
"f": {"lang": "akk-x-neoass",
"form": "lu",
"cf": "lū",
"gw": "may",
"sense": "may",
"norm": "lū",
"pos": "MOD",
"epos": "MOD"}
}
,
{
"node": "l",
"frag": "DI-mu",
"id": "P334247.l01af9",
"ref": "P334247.4.2",
"inst": "šulmu[health]N",
"sig": "@saao/saa13%akk-x-neoass:DI-mu=šulmu[completeness//health]N'N$šulmu",
"f": {"lang": "akk-x-neoass",
"form": "DI-mu",
"cf": "šulmu",
"gw": "completeness",
"sense": "health",
"norm": "šulmu",
"pos": "N",
"epos": "N"}
}
,
{
"node": "l",
"frag": "a-na",
"id": "P334247.l01afa",
"ref": "P334247.4.3",
"inst": "ana[to]PRP",
"sig": "@saao/saa13%akk-x-neoass:a-na=ana[to//to]PRP'PRP$ana",
"f": {"lang": "akk-x-neoass",
"form": "a-na",
"cf": "ana",
"gw": "to",
"sense": "to",
"norm": "ana",
"pos": "PRP",
"epos": "PRP"}
}
,
{
"node": "l",
"frag": "LUGAL",
"id": "P334247.l01afb",
"ref": "P334247.4.4",
"inst": "šarri[king]N",
"sig": "@saao/saa13%akk-x-neoass:LUGAL=šarru[king//king]N'N$šarri",
"f": {"lang": "akk-x-neoass",
"form": "LUGAL",
"cf": "šarru",
"gw": "king",
"sense": "king",
"norm": "šarri",
"pos": "N",
"epos": "N"}
}
,
{
"node": "l",
"frag": "be-li₂-ia",
"id": "P334247.l01afc",
"ref": "P334247.4.5",
"inst": "bēlīya[lord]N",
"sig": "@saao/saa13%akk-x-neoass:be-li₂-ia=bēlu[lord//lord]N'N$bēlīya",
"f": {"lang": "akk-x-neoass",
"form": "be-li₂-ia",
"cf": "bēlu",
"gw": "lord",
"sense": "lord",
"norm": "bēlīya",
"pos": "N",
"epos": "N"}
}
,
{
"node": "d",
"type": "line-start",
"ref": "P334247.5",
"n": "4",
"label": "o 4"}
,
{
"node": "l",
"frag": "a-dan-niš",
"id": "P334247.l01afd",
"ref": "P334247.5.1",
"inst": "adanniš[very much]AV",
"sig": "@saao/saa13%akk-x-neoass:a-dan-niš=adanniš[very much//very much]AV'AV$adanniš",
"f": {"lang": "akk-x-neoass",
"form": "a-dan-niš",
"cf": "adanniš",
"gw": "very much",
"sense": "very much",
"norm": "adanniš",
"pos": "AV",
"epos": "AV"}
}
,
{
"node": "l",
"frag": "a-dan-niš",
"id": "P334247.l01afe",
"ref": "P334247.5.2",
"inst": "adanniš[very much]AV",
"sig": "@saao/saa13%akk-x-neoass:a-dan-niš=adanniš[very much//very much]AV'AV$adanniš",
"f": {"lang": "akk-x-neoass",
"form": "a-dan-niš",
"cf": "adanniš",
"gw": "very much",
"sense": "very much",
"norm": "adanniš",
"pos": "AV",
"epos": "AV"}
}
,
{
"node": "d",
"type": "line-start",
"ref": "P334247.6",
"n": "5",
"label": "o 5"}
,
{
"node": "l",
"frag": "{d}AG",
"id": "P334247.l01aff",
"ref": "P334247.6.1",
"inst": "Nabu[1]DN",
"sig": "@saao/saa13%akk-x-neoass:{d}AG=Nabu[1//1]DN'DN$Nabu",
"f": {"lang": "akk-x-neoass",
"form": "{d}AG",
"cf": "Nabu",
"gw": "1",
"sense": "1",
"norm": "Nabu",
"pos": "DN",
"epos": "DN"}
}
,
{
"node": "l",
"frag": "{d}AMAR.UTU",
"id": "P334247.l01b00",
"ref": "P334247.6.2",
"inst": "Marduk[1]DN",
"sig": "@saao/saa13%akk-x-neoass:{d}AMAR.UTU=Marduk[1//1]DN'DN$Marduk",
"f": {"lang": "akk-x-neoass",
"form": "{d}AMAR.UTU",
"cf": "Marduk",
"gw": "1",
"sense": "1",
"norm": "Marduk",
"pos": "DN",
"epos": "DN"}
}
,
{
"node": "d",
"type": "line-start",
"ref": "P334247.7",
"n": "6",
"label": "o 6"}
,
{
"node": "l",
"frag": "a-na",
"id": "P334247.l01b01",
"ref": "P334247.7.1",
"inst": "ana[to]PRP",
"sig": "@saao/saa13%akk-x-neoass:a-na=ana[to//to]PRP'PRP$ana",
"f": {"lang": "akk-x-neoass",
"form": "a-na",
"cf": "ana",
"gw": "to",
"sense": "to",
"norm": "ana",
"pos": "PRP",
"epos": "PRP"}
}
,
{
"node": "l",
"frag": "LUGAL",
"id": "P334247.l01b02",
"ref": "P334247.7.2",
"inst": "šarri[king]N",
"sig": "@saao/saa13%akk-x-neoass:LUGAL=šarru[king//king]N'N$šarri",
"f": {"lang": "akk-x-neoass",
"form": "LUGAL",
"cf": "šarru",
"gw": "king",
"sense": "king",
"norm": "šarri",
"pos": "N",
"epos": "N"}
}
,
{
"node": "l",
"frag": "be-li₂-ia₂",
"id": "P334247.l01b03",
"ref": "P334247.7.3",
"inst": "bēlīya[lord]N",
"sig": "@saao/saa13%akk-x-neoass:be-li₂-ia₂=bēlu[lord//lord]N'N$bēlīya",
"f": {"lang": "akk-x-neoass",
"form": "be-li₂-ia₂",
"cf": "bēlu",
"gw": "lord",
"sense": "lord",
"norm": "bēlīya",
"pos": "N",
"epos": "N"}
}
,
{
"node": "l",
"frag": "lik-ru-bu",
"id": "P334247.l01b04",
"ref": "P334247.7.4",
"inst": "likrubu[bless]V",
"sig": "@saao/saa13%akk-x-neoass:lik-ru-bu=karābu[pray//bless]V'V$likrubu",
"f": {"lang": "akk-x-neoass",
"form": "lik-ru-bu",
"cf": "karābu",
"gw": "pray",
"sense": "bless",
"norm": "likrubu",
"pos": "V",
"epos": "V"}
}
,
{
"node": "d",
"type": "line-start",
"ref": "P334247.8",
"n": "7",
"label": "o 7"}
,
{
"node": "l",
"frag": "{d}EN",
"id": "P334247.l01b05",
"ref": "P334247.8.1",
"inst": "Bel[1]DN",
"sig": "@saao/saa13%akk-x-neoass:{d}EN=Bel[1//1]DN'DN$Bel",
"f": {"lang": "akk-x-neoass",
"form": "{d}EN",
"cf": "Bel",
"gw": "1",
"sense": "1",
"norm": "Bel",
"pos": "DN",
"epos": "DN"}
}
,
{
"node": "l",
"frag": "{d}AG",
"id": "P334247.l01b06",
"ref": "P334247.8.2",
"inst": "Nabu[1]DN",
"sig": "@saao/saa13%akk-x-neoass:{d}AG=Nabu[1//1]DN'DN$Nabu",
"f": {"lang": "akk-x-neoass",
"form": "{d}AG",
"cf": "Nabu",
"gw": "1",
"sense": "1",
"norm": "Nabu",
"pos": "DN",
"epos": "DN"}
}
,
{
"node": "l",
"frag": "{d}U.GUR",
"id": "P334247.l01b07",
"ref": "P334247.8.3",
"inst": "Nergal[1]DN",
"sig": "@saao/saa13%akk-x-neoass:{d}U.GUR=Nergal[1//1]DN'DN$Nergal",
"f": {"lang": "akk-x-neoass",
"form": "{d}U.GUR",
"cf": "Nergal",
"gw": "1",
"sense": "1",
"norm": "Nergal",
"pos": "DN",
"epos": "DN"}
}
,
{
"node": "d",
"type": "line-start",
"ref": "P334247.9",
"n": "8",
"label": "o 8"}
,
{
"node": "l",
"frag": "nu-up-[ša₂]-⸢te⸣",
"id": "P334247.l01b08",
"ref": "P334247.9.1",
"inst": "nupšāte[life]N",
"sig": "@saao/saa13%akk-x-neoass:nu-up-ša₂-te=napištu[throat//life]N'N$nupšāte",
"f": {"lang": "akk-x-neoass",
"form": "nu-up-ša₂-te",
"cf": "napištu",
"gw": "throat",
"sense": "life",
"norm": "nupšāte",
"pos": "N",
"epos": "N"}
}
,
{
"node": "l",
"frag": "ša",
"id": "P334247.l01b09",
"ref": "P334247.9.2",
"inst": "ša[of]DET",
"sig": "@saao/saa13%akk-x-neoass:ša=ša[of//of]DET'DET$ša",
"f": {"lang": "akk-x-neoass",
"form": "ša",
"cf": "ša",
"gw": "of",
"sense": "of",
"norm": "ša",
"pos": "DET",
"epos": "DET"}
}
,
{
"node": "l",
"frag": "LUGAL",
"id": "P334247.l01b0a",
"ref": "P334247.9.3",
"inst": "šarri[king]N",
"sig": "@saao/saa13%akk-x-neoass:LUGAL=šarru[king//king]N'N$šarri",
"f": {"lang": "akk-x-neoass",
"form": "LUGAL",
"cf": "šarru",
"gw": "king",
"sense": "king",
"norm": "šarri",
"pos": "N",
"epos": "N"}
}
,
{
"node": "d",
"type": "line-start",
"ref": "P334247.10",
"n": "9",
"label": "o 9"}
,
{
"node": "l",
"frag": "be-li₂-[ia]",
"id": "P334247.l01b0b",
"ref": "P334247.10.1",
"inst": "bēlīya[lord]N",
"sig": "@saao/saa13%akk-x-neoass:be-li₂-ia=bēlu[lord//lord]N'N$bēlīya",
"f": {"lang": "akk-x-neoass",
"form": "be-li₂-ia",
"cf": "bēlu",
"gw": "lord",
"sense": "lord",
"norm": "bēlīya",
"pos": "N",
"epos": "N"}
}
,
{
"node": "l",
"frag": "li-iṣ-ṣu-ru",
"id": "P334247.l01b0c",
"ref": "P334247.10.2",
"inst": "liṣṣuru[keep guard]V",
"sig": "@saao/saa13%akk-x-neoass:li-iṣ-ṣu-ru=naṣāru[guard//keep guard]V'V$liṣṣuru",
"f": {"lang": "akk-x-neoass",
"form": "li-iṣ-ṣu-ru",
"cf": "naṣāru",
"gw": "guard",
"sense": "keep guard",
"norm": "liṣṣuru",
"pos": "V",
"epos": "V"}
}
,
{
"node": "d",
"type": "line-start",
"ref": "P334247.11",
"n": "10",
"label": "o 10"}
,
{
"node": "l",
"frag": "[LUGAL]-u₂-tu",
"id": "P334247.l01b0d",
"ref": "P334247.11.1",
"inst": "+šarrūtu[kingship]N$",
"sig": "@saao/saa13%akk-x-neoass:LUGAL-u₂-tu=šarrūtu[kingship//kingship]N'N$šarrūtu",
"f": {"lang": "akk-x-neoass",
"form": "LUGAL-u₂-tu",
"cf": "šarrūtu",
"gw": "kingship",
"sense": "kingship",
"norm": "šarrūtu",
"pos": "N",
"epos": "N"}
}
,
{
"node": "l",
"frag": "ša",
"id": "P334247.l01b0e",
"ref": "P334247.11.2",
"inst": "ša[of]DET",
"sig": "@saao/saa13%akk-x-neoass:ša=ša[of//of]DET'DET$ša",
"f": {"lang": "akk-x-neoass",
"form": "ša",
"cf": "ša",
"gw": "of",
"sense": "of",
"norm": "ša",
"pos": "DET",
"epos": "DET"}
}
,
{
"node": "l",
"frag": "LUGAL",
"id": "P334247.l01b0f",
"ref": "P334247.11.3",
"inst": "šarri[king]N",
"sig": "@saao/saa13%akk-x-neoass:LUGAL=šarru[king//king]N'N$šarri",
"f": {"lang": "akk-x-neoass",
"form": "LUGAL",
"cf": "šarru",
"gw": "king",
"sense": "king",
"norm": "šarri",
"pos": "N",
"epos": "N"}
}
,
{
"node": "d",
"type": "line-start",
"ref": "P334247.12",
"n": "11",
"label": "o 11"}
,
{
"node": "l",
"frag": "[be-li₂-ia]",
"id": "P334247.l01b10",
"ref": "P334247.12.1",
"inst": "bēlīya[lord]N",
"sig": "@saao/saa13%akk-x-neoass:be-li₂-ia=bēlu[lord//lord]N'N$bēlīya",
"f": {"lang": "akk-x-neoass",
"form": "be-li₂-ia",
"cf": "bēlu",
"gw": "lord",
"sense": "lord",
"norm": "bēlīya",
"pos": "N",
"epos": "N"}
}
,
{
"node": "l",
"frag": "a-na",
"id": "P334247.l01b11",
"ref": "P334247.12.2",
"inst": "ana[to]PRP",
"sig": "@saao/saa13%akk-x-neoass:a-na=ana[to//to]PRP'PRP$ana",
"f": {"lang": "akk-x-neoass",
"form": "a-na",
"cf": "ana",
"gw": "to",
"sense": "to",
"norm": "ana",
"pos": "PRP",
"epos": "PRP"}
}
,
{
"node": "l",
"frag": "MU.AN.NA-MEŠ",
"id": "P334247.l01b12",
"ref": "P334247.12.3",
"inst": "šanāti[year]N",
"sig": "@saao/saa13%akk-x-neoass:MU.AN.NA-MEŠ=šattu[year//year]N'N$šanāti",
"f": {"lang": "akk-x-neoass",
"form": "MU.AN.NA-MEŠ",
"cf": "šattu",
"gw": "year",
"sense": "year",
"norm": "šanāti",
"pos": "N",
"epos": "N"}
}
,
{
"node": "d",
"type": "line-start",
"ref": "P334247.13",
"n": "12",
"label": "o 12"}
,
{
"node": "l",
"frag": "[da-ra-a]-⸢te⸣",
"id": "P334247.l01b13",
"ref": "P334247.13.1",
"inst": "dārāte[everlasting]AJ",
"sig": "@saao/saa13%akk-x-neoass:da-ra-a-te=dārû[lasting//everlasting]AJ'AJ$dārāte",
"f": {"lang": "akk-x-neoass",
"form": "da-ra-a-te",
"cf": "dārû",
"gw": "lasting",
"sense": "everlasting",
"norm": "dārāte",
"pos": "AJ",
"epos": "AJ"}
}
,
{
"node": "l",
"frag": "lu-ki-in-nu",
"id": "P334247.l01b14",
"ref": "P334247.13.2",
"inst": "+kânu[be(come) permanent//decree]V'V$lukinnu",
"sig": "@saao/saa13%akk-x-neoass:lu-ki-in-nu=kânu[be(come) permanent//decree]V'V$lukinnu",
"f": {"lang": "akk-x-neoass",
"form": "lu-ki-in-nu",
"cf": "kânu",
"gw": "be(come) permanent",
"sense": "decree",
"norm": "lukinnu",
"pos": "V",
"epos": "V"}
}
,
{
"node": "d",
"type": "line-start",
"ref": "P334247.14",
"n": "13",
"label": "o 13"}
,
{
"node": "l",
"frag": "[LUGAL]",
"id": "P334247.l01b15",
"ref": "P334247.14.1",
"inst": "šarru[king]N",
"sig": "@saao/saa13%akk-x-neoass:LUGAL=šarru[king//king]N'N$šarri",
"f": {"lang": "akk-x-neoass",
"form": "LUGAL",
"cf": "šarru",
"gw": "king",
"sense": "king",
"norm": "šarri",
"pos": "N",
"epos": "N"}
}
,
{
"node": "l",
"frag": "ke-e-ni",
"id": "P334247.l01b16",
"ref": "P334247.14.2",
"inst": "+kīnu[permanent//true]AJ$kēni",
"sig": "@saao/saa13%akk-x-neoass:ke-e-ni=kīnu[permanent//true]AJ'AJ$kēni",
"f": {"lang": "akk-x-neoass",
"form": "ke-e-ni",
"cf": "kīnu",
"gw": "permanent",
"sense": "true",
"norm": "kēni",
"pos": "AJ",
"epos": "AJ"}
}
,
{
"node": "l",
"frag": "at-ta",
"id": "P334247.l01b17",
"ref": "P334247.14.3",
"inst": "atta[you]IP",
"sig": "@saao/saa13%akk-x-neoass:at-ta=atta[you//you]IP'IP$atta",
"f": {"lang": "akk-x-neoass",
"form": "at-ta",
"cf": "atta",
"gw": "you",
"sense": "you",
"norm": "atta",
"pos": "IP",
"epos": "IP"}
}
,
{
"node": "d",
"type": "line-start",
"ref": "P334247.15",
"n": "14",
"label": "o 14"}
,
{
"node": "l",
"frag": "⸢x⸣-an-nu",
"id": "P334247.l01b18",
"ref": "P334247.15.1",
"inst": "u",
"f": {"lang": "akk-x-neoass",
"form": "x-an-nu",
"pos": "u"}
}
,
{
"node": "l",
"frag": "šar-ru-u₂-tu",
"id": "P334247.l01b19",
"ref": "P334247.15.2",
"inst": "+šarrūtu[kingship]N$",
"sig": "@saao/saa13%akk-x-neoass:šar-ru-u₂-tu=šarrūtu[kingship//kingship]N'N$šarrūtu",
"f": {"lang": "akk-x-neoass",
"form": "šar-ru-u₂-tu",
"cf": "šarrūtu",
"gw": "kingship",
"sense": "kingship",
"norm": "šarrūtu",
"pos": "N",
"epos": "N"}
}
,
{
"node": "d",
"type": "line-start",
"ref": "P334247.16",
"n": "15",
"label": "o 15"}
,
{
"node": "l",
"frag": "a-na",
"id": "P334247.l01b1a",
"ref": "P334247.16.1",
"inst": "ana[to]PRP",
"sig": "@saao/saa13%akk-x-neoass:a-na=ana[to//to]PRP'PRP$ana",
"f": {"lang": "akk-x-neoass",
"form": "a-na",
"cf": "ana",
"gw": "to",
"sense": "to",
"norm": "ana",
"pos": "PRP",
"epos": "PRP"}
}
,
{
"node": "l",
"frag": "li-pi-i-ka",
"id": "P334247.l01b1b",
"ref": "P334247.16.2",
"inst": "+līpu[descendant]N$līpīka",
"sig": "@saao/saa13%akk-x-neoass:li-pi-i-ka=līpu[descendant//descendant]N'N$līpīka",
"f": {"lang": "akk-x-neoass",
"form": "li-pi-i-ka",
"cf": "līpu",
"gw": "descendant",
"sense": "descendant",
"norm": "līpīka",
"pos": "N",
"epos": "N"}
}
,
{
"node": "d",
"type": "line-start",
"ref": "P334247.17",
"n": "16",
"label": "o 16"}
,
{
"node": "l",
"frag": "a-na",
"id": "P334247.l01b1c",
"ref": "P334247.17.1",
"inst": "ana[to]PRP",
"sig": "@saao/saa13%akk-x-neoass:a-na=ana[to//to]PRP'PRP$ana",
"f": {"lang": "akk-x-neoass",
"form": "a-na",
"cf": "ana",
"gw": "to",
"sense": "to",
"norm": "ana",
"pos": "PRP",
"epos": "PRP"}
}
,
{
"node": "l",
"frag": "ze-ri-ka",
"id": "P334247.l01b1d",
"ref": "P334247.17.2",
"inst": "+zēru[seed(s)]N$zērīka",
"sig": "@saao/saa13%akk-x-neoass:ze-ri-ka=zēru[seed(s)//seed(s)]N'N$zērīka",
"f": {"lang": "akk-x-neoass",
"form": "ze-ri-ka",
"cf": "zēru",
"gw": "seed(s)",
"sense": "seed(s)",
"norm": "zērīka",
"pos": "N",
"epos": "N"}
}
,
{
"node": "d",
"type": "line-start",
"ref": "P334247.18",
"n": "17",
"label": "o 17"}
,
{
"node": "l",
"frag": "a-na",
"id": "P334247.l01b1e",
"ref": "P334247.18.1",
"inst": "ana[to]PRP",
"sig": "@saao/saa13%akk-x-neoass:a-na=ana[to//to]PRP'PRP$ana",
"f": {"lang": "akk-x-neoass",
"form": "a-na",
"cf": "ana",
"gw": "to",
"sense": "to",
"norm": "ana",
"pos": "PRP",
"epos": "PRP"}
}
,
{
"node": "l",
"frag": "ṣa-at",
"id": "P334247.l01b1f",
"ref": "P334247.18.2",
"inst": "ṣât[distant time]N",
"sig": "@saao/saa13%akk-x-neoass:ṣa-at=ṣiātu[distant time//distant time]N'N$ṣât",
"f": {"lang": "akk-x-neoass",
"form": "ṣa-at",
"cf": "ṣiātu",
"gw": "distant time",
"sense": "distant time",
"norm": "ṣât",
"pos": "N",
"epos": "N"}
}
,
{
"node": "l",
"frag": "UD-me",
"id": "P334247.l01b20",
"ref": "P334247.18.3",
"inst": "ūme[day]N",
"sig": "@saao/saa13%akk-x-neoass:UD-me=ūmu[day//day]N'N$ūme",
"f": {"lang": "akk-x-neoass",
"form": "UD-me",
"cf": "ūmu",
"gw": "day",
"sense": "day",
"norm": "ūme",
"pos": "N",
"epos": "N"}
}
,
{
"node": "d",
"type": "line-start",
"ref": "P334247.19",
"n": "18",
"label": "o 18"}
,
{
"node": "l",
"frag": "[lu-ki-in]-nu",
"id": "P334247.l01b21",
"ref": "P334247.19.1",
"inst": "+kȃnu[be(come) permanent//decree]V'V$lukinnu",
"sig": "@saao/saa13%akk-x-neoass:lu-ki-in-nu=kȃnu[be(come) permanent//decree]V'V$lukinnu",
"f": {"lang": "akk-x-neoass",
"form": "lu-ki-in-nu",
"cf": "kȃnu",
"gw": "be(come) permanent",
"sense": "decree",
"norm": "lukinnu",
"pos": "V",
"epos": "V"}
}
,
{
"node": "d",
"type": "line-start",
"ref": "P334247.20",
"n": "19",
"label": "o 19"}
,
{
"node": "l",
"frag": "[x",
"id": "P334247.l01b22",
"ref": "P334247.20.1",
"inst": "u",
"f": {"lang": "akk-x-neoass",
"form": "x",
"pos": "u"}
}
,
{
"node": "l",
"frag": "KUR-MEŠ]",
"id": "P334247.l01b23",
"ref": "P334247.20.2",
"inst": "sissê[horse]N",
"sig": "@saao/saa13%akk-x-neoass:KUR-MEŠ=sisû[horse//horse]N'N$sissê",
"f": {"lang": "akk-x-neoass",
"form": "KUR-MEŠ",
"cf": "sisû",
"gw": "horse",
"sense": "horse",
"norm": "sissê",
"pos": "N",
"epos": "N"}
}
,
{
"node": "l",
"frag": "⸢ša⸣",
"id": "P334247.l01b24",
"ref": "P334247.20.3",
"inst": "ša[of]DET",
"sig": "@saao/saa13%akk-x-neoass:ša=ša[of//of]DET'DET$ša",
"f": {"lang": "akk-x-neoass",
"form": "ša",
"cf": "ša",
"gw": "of",
"sense": "of",
"norm": "ša",
"pos": "DET",
"epos": "DET"}
}
,
{
"node": "l",
"frag": "BAD-HAL-li",
"id": "P334247.l01b25",
"ref": "P334247.20.4",
"inst": "pēthalli[riding horse]N",
"sig": "@saao/saa13%akk-x-neoass:BAD-HAL-li=pēthallu[riding horse//riding horse]N'N$pēthalli",
"f": {"lang": "akk-x-neoass",
"form": "BAD-HAL-li",
"cf": "pēthallu",
"gw": "riding horse",
"sense": "riding horse",
"norm": "pēthalli",
"pos": "N",
"epos": "N"}
}
,
{
"node": "d",
"subtype": "reverse",
"type": "surface",
"ref": "P334247.r.21",
"type": "reverse",
"label": "r"}
,
{
"node": "d",
"type": "line-start",
"ref": "P334247.22",
"n": "1",
"label": "r 1"}
,
{
"node": "l",
"frag": "[ša",
"id": "P334247.l01b26",
"ref": "P334247.22.1",
"inst": "ša[of]DET",
"sig": "@saao/saa13%akk-x-neoass:ša=ša[of//of]DET'DET$ša",
"f": {"lang": "akk-x-neoass",
"form": "ša",
"cf": "ša",
"gw": "of",
"sense": "of",
"norm": "ša",
"pos": "DET",
"epos": "DET"}
}
,
{
"node": "l",
"frag": "{uru]}⸢ra⸣-ṣap-pa",
"id": "P334247.l01b27",
"ref": "P334247.22.2",
"inst": "+Raṣappa[1]GN$",
"sig": "@saao/saa13%akk-x-neoass:{URU}ra-ṣap-pa=Raṣappa[1//1]GN'GN$Raṣappa",
"f": {"lang": "akk-x-neoass",
"form": "{URU}ra-ṣap-pa",
"cf": "Raṣappa",
"gw": "1",
"sense": "1",
"norm": "Raṣappa",
"pos": "GN",
"epos": "GN"}
}
,
{
"node": "d",
"type": "line-start",
"ref": "P334247.23",
"n": "2",
"label": "r 2"}
,
{
"node": "l",
"frag": "[x",
"id": "P334247.l01b28",
"ref": "P334247.23.1",
"inst": "u",
"f": {"lang": "akk-x-neoass",
"form": "x",
"pos": "u"}
}
,
{
"node": "l",
"frag": "KUR-MEŠ",
"id": "P334247.l01b29",
"ref": "P334247.23.2",
"inst": "sissê[horse]N",
"sig": "@saao/saa13%akk-x-neoass:KUR-MEŠ=sisû[horse//horse]N'N$sissê",
"f": {"lang": "akk-x-neoass",
"form": "KUR-MEŠ",
"cf": "sisû",
"gw": "horse",
"sense": "horse",
"norm": "sissê",
"pos": "N",
"epos": "N"}
}
,
{
"node": "l",
"frag": "ša]",
"id": "P334247.l01b2a",
"ref": "P334247.23.3",
"inst": "ša[of]DET",
"sig": "@saao/saa13%akk-x-neoass:ša=ša[of//of]DET'DET$ša",
"f": {"lang": "akk-x-neoass",
"form": "ša",
"cf": "ša",
"gw": "of",
"sense": "of",
"norm": "ša",
"pos": "DET",
"epos": "DET"}
}
,
{
"node": "l",
"frag": "BAD-HAL-li",
"id": "P334247.l01b2b",
"ref": "P334247.23.4",
"inst": "pēthalli[riding horse]N",
"sig": "@saao/saa13%akk-x-neoass:BAD-HAL-li=pēthallu[riding horse//riding horse]N'N$pēthalli",
"f": {"lang": "akk-x-neoass",
"form": "BAD-HAL-li",
"cf": "pēthallu",
"gw": "riding horse",
"sense": "riding horse",
"norm": "pēthalli",
"pos": "N",
"epos": "N"}
}
,
{
"node": "d",
"type": "line-start",
"ref": "P334247.24",
"n": "3",
"label": "r 3"}
,
{
"node": "l",
"frag": "⸢ša⸣",
"id": "P334247.l01b2c",
"ref": "P334247.24.1",
"inst": "ša[of]DET",
"sig": "@saao/saa13%akk-x-neoass:ša=ša[of//of]DET'DET$ša",
"f": {"lang": "akk-x-neoass",
"form": "ša",
"cf": "ša",
"gw": "of",
"sense": "of",
"norm": "ša",
"pos": "DET",
"epos": "DET"}
}
,
{
"node": "l",
"frag": "{[uru]}⸢BAD₃⸣-MAN-GIN",
"id": "P334247.l01b2d",
"ref": "P334247.24.2",
"inst": "Dur-Šarruken[1]GN",
"sig": "@saao/saa13%akk-x-neoass:{URU}BAD₃-MAN-GIN=Dur-Šarruken[1//1]GN'GN$Dur-Šarruken",
"f": {"lang": "akk-x-neoass",
"form": "{URU}BAD₃-MAN-GIN",
"cf": "Dur-Šarruken",
"gw": "1",
"sense": "1",
"norm": "Dur-Šarruken",
"pos": "GN",
"epos": "GN"}
}
,
{
"node": "d",
"type": "line-start",
"ref": "P334247.25",
"n": "4",
"label": "r 4"}
,
{
"node": "l",
"frag": "⸢PAB⸣",
"id": "P334247.l01b2e",
"ref": "P334247.25.1",
"inst": "gimru[total]N",
"sig": "@saao/saa13%akk-x-neoass:PAB=gimru[totality//total]N'N$gimru",
"f": {"lang": "akk-x-neoass",
"form": "PAB",
"cf": "gimru",
"gw": "totality",
"sense": "total",
"norm": "gimru",
"pos": "N",
"epos": "N"}
}
,
{
"node": "l",
"frag": "[x]",
"id": "P334247.l01b2f",
"ref": "P334247.25.2",
"inst": "u",
"f": {"lang": "akk-x-neoass",
"form": "x",
"pos": "u"}
}
,
{
"node": "l",
"frag": "⸢KUR⸣-[MEŠ]",
"id": "P334247.l01b30",
"ref": "P334247.25.3",
"inst": "sissê[horse]N",
"sig": "@saao/saa13%akk-x-neoass:KUR-MEŠ=sisû[horse//horse]N'N$sissê",
"f": {"lang": "akk-x-neoass",
"form": "KUR-MEŠ",
"cf": "sisû",
"gw": "horse",
"sense": "horse",
"norm": "sissê",
"pos": "N",
"epos": "N"}
}
,
{
"node": "l",
"frag": "UD-mu",
"id": "P334247.l01b31",
"ref": "P334247.25.4",
"inst": "ūmu[day]N",
"sig": "@saao/saa13%akk-x-neoass:UD-mu=ūmu[day//day]N'N$ūmu",
"f": {"lang": "akk-x-neoass",
"form": "UD-mu",
"cf": "ūmu",
"gw": "day",
"sense": "day",
"norm": "ūmu",
"pos": "N",
"epos": "N"}
}
,
{
"node": "l",
"frag": "an-ni-u",
"id": "P334247.l01b32",
"ref": "P334247.25.5",
"inst": "annīu[this]DP",
"sig": "@saao/saa13%akk-x-neoass:an-ni-u=annû[this//this]DP'DP$annīu",
"f": {"lang": "akk-x-neoass",
"form": "an-ni-u",
"cf": "annû",
"gw": "this",
"sense": "this",
"norm": "annīu",
"pos": "DP",
"epos": "DP"}
}
,
{
"node": "d",
"type": "line-start",
"ref": "P334247.26",
"n": "5",
"label": "r 5"}
,
{
"node": "l",
"frag": "e-tar-bu-u₂-ni",
"id": "P334247.l01b33",
"ref": "P334247.26.1",
"inst": "ētarbūni[enter]V",
"sig": "@saao/saa13%akk-x-neoass:e-tar-bu-u₂-ni=erēbu[enter//enter]V'V$ētarbūni",
"f": {"lang": "akk-x-neoass",
"form": "e-tar-bu-u₂-ni",
"cf": "erēbu",
"gw": "enter",
"sense": "enter",
"norm": "ētarbūni",
"pos": "V",
"epos": "V"}
}
,
{
"node": "d",
"type": "line-start",
"ref": "P334247.27",
"n": "6",
"label": "r 6"}
,
{
"node": "l",
"frag": "mu-šu₂",
"id": "P334247.l01b34",
"ref": "P334247.27.1",
"inst": "mūšu[night]N",
"sig": "@saao/saa13%akk-x-neoass:mu-šu₂=mūšu[night//night]N'N$mūšu",
"f": {"lang": "akk-x-neoass",
"form": "mu-šu₂",
"cf": "mūšu",
"gw": "night",
"sense": "night",
"norm": "mūšu",
"pos": "N",
"epos": "N"}
}
,
{
"node": "l",
"frag": "an-ni-[u",
"id": "P334247.l01b35",
"ref": "P334247.27.2",
"inst": "annīu[this]DP",
"sig": "@saao/saa13%akk-x-neoass:an-ni-u=annû[this//this]DP'DP$annīu",
"f": {"lang": "akk-x-neoass",
"form": "an-ni-u",
"cf": "annû",
"gw": "this",
"sense": "this",
"norm": "annīu",
"pos": "DP",
"epos": "DP"}
}
,
{
"node": "l",
"frag": "ep]-pu-šu₂",
"id": "P334247.l01b36",
"ref": "P334247.27.3",
"inst": "eppušu[do]V",
"sig": "@saao/saa13%akk-x-neoass:ep-pu-šu₂=epēšu[do//do]V'V$eppušu",
"f": {"lang": "akk-x-neoass",
"form": "ep-pu-šu₂",
"cf": "epēšu",
"gw": "do",
"sense": "do",
"norm": "eppušu",
"pos": "V",
"epos": "V"}
}
,
{
"node": "d",
"type": "line-start",
"ref": "P334247.28",
"n": "7",
"label": "r 7"}
,
{
"node": "l",
"frag": "ša",
"id": "P334247.l01b37",
"ref": "P334247.28.1",
"inst": "ša[of]DET",
"sig": "@saao/saa13%akk-x-neoass:ša=ša[of//of]DET'DET$ša",
"f": {"lang": "akk-x-neoass",
"form": "ša",
"cf": "ša",
"gw": "of",
"sense": "of",
"norm": "ša",
"pos": "DET",
"epos": "DET"}
}
,
{
"node": "l",
"frag": "ti-[ma]-a-li",
"id": "P334247.l01b38",
"ref": "P334247.28.2",
"inst": "timāli[yesterday]AV",
"sig": "@saao/saa13%akk-x-neoass:ti-ma-a-li=timāli[yesterday//yesterday]AV'AV$timāli",
"f": {"lang": "akk-x-neoass",
"form": "ti-ma-a-li",
"cf": "timāli",
"gw": "yesterday",
"sense": "yesterday",
"norm": "timāli",
"pos": "AV",
"epos": "AV"}
}
,
{
"node": "d",
"type": "line-start",
"ref": "P334247.29",
"n": "8",
"label": "r 8"}
,
{
"node": "l",
"frag": "KUR-MEŠ",
"id": "P334247.l01b39",
"ref": "P334247.29.1",
"inst": "sissê[horse]N",
"sig": "@saao/saa13%akk-x-neoass:KUR-MEŠ=sisû[horse//horse]N'N$sissê",
"f": {"lang": "akk-x-neoass",
"form": "KUR-MEŠ",
"cf": "sisû",
"gw": "horse",
"sense": "horse",
"norm": "sissê",
"pos": "N",
"epos": "N"}
}
,
{
"node": "l",
"frag": "as-si-dir",
"id": "P334247.l01b3a",
"ref": "P334247.29.2",
"inst": "+sadāru[place in order//array]V$assidir",
"sig": "@saao/saa13%akk-x-neoass:as-si-dir=sadāru[place in order//array]V'V$assidir",
"f": {"lang": "akk-x-neoass",
"form": "as-si-dir",
"cf": "sadāru",
"gw": "place in order",
"sense": "array",
"norm": "assidir",
"pos": "V",
"epos": "V"}
}
,
{
"node": "d",
"type": "line-start",
"ref": "P334247.30",
"n": "9",
"label": "r 9"}
,
{
"node": "l",
"frag": "a-na",
"id": "P334247.l01b3b",
"ref": "P334247.30.1",
"inst": "+ana[to+=why?]PRP$",
"sig": "@saao/saa13%akk-x-neoass:a-na=ana[to//to]PRP'PRP$ana",
"f": {"lang": "akk-x-neoass",
"form": "a-na",
"cf": "ana",
"gw": "to",
"sense": "to",
"norm": "ana",
"pos": "PRP",
"epos": "PRP"}
}
,
{
"node": "l",
"frag": "mi-i-ni",
"id": "P334247.l01b3c",
"ref": "P334247.30.2",
"inst": "+mīnu[what?]QP$mīni",
"sig": "@saao/saa13%akk-x-neoass:mi-i-ni=mīnu[what?//what?]QP'QP$mīni",
"f": {"lang": "akk-x-neoass",
"form": "mi-i-ni",
"cf": "mīnu",
"gw": "what?",
"sense": "what?",
"norm": "mīni",
"pos": "QP",
"epos": "QP"}
}
,
{
"node": "l",
"frag": "ka-a-a-ma-ni-u",
"id": "P334247.l01b3d",
"ref": "P334247.30.3",
"inst": "+kayyamānu[permanent//constantly]AJ'AV$kayamāniu",
"sig": "@saao/saa13%akk-x-neoass:ka-a-a-ma-ni-u=kayyamānu[permanent//constantly]AJ'AV$kayamāniu",
"f": {"lang": "akk-x-neoass",
"form": "ka-a-a-ma-ni-u",
"cf": "kayyamānu",
"gw": "permanent",
"sense": "constantly",
"norm": "kayamāniu",
"pos": "AJ",
"epos": "AV"}
}
,
{
"node": "d",
"type": "line-start",
"ref": "P334247.31",
"n": "10",
"label": "r 10"}
,
{
"node": "l",
"frag": "KUR-MEŠ",
"id": "P334247.l01b3e",
"ref": "P334247.31.1",
"inst": "sissê[horse]N",
"sig": "@saao/saa13%akk-x-neoass:KUR-MEŠ=sisû[horse//horse]N'N$sissê",
"f": {"lang": "akk-x-neoass",
"form": "KUR-MEŠ",
"cf": "sisû",
"gw": "horse",
"sense": "horse",
"norm": "sissê",
"pos": "N",
"epos": "N"}
}
,
{
"node": "l",
"frag": "ša",
"id": "P334247.l01b3f",
"ref": "P334247.31.2",
"inst": "ša[of]DET",
"sig": "@saao/saa13%akk-x-neoass:ša=ša[of//of]DET'DET$ša",
"f": {"lang": "akk-x-neoass",
"form": "ša",
"cf": "ša",
"gw": "of",
"sense": "of",
"norm": "ša",
"pos": "DET",
"epos": "DET"}
}
,
{
"node": "l",
"frag": "LUGAL",
"id": "P334247.l01b40",
"ref": "P334247.31.3",
"inst": "šarri[king]N",
"sig": "@saao/saa13%akk-x-neoass:LUGAL=šarru[king//king]N'N$šarri",
"f": {"lang": "akk-x-neoass",
"form": "LUGAL",
"cf": "šarru",
"gw": "king",
"sense": "king",
"norm": "šarri",
"pos": "N",
"epos": "N"}
}
,
{
"node": "l",
"frag": "u₂-ša₂-ad-la-ap",
"id": "P334247.l01b41",
"ref": "P334247.31.4",
"inst": "+dalāpu[stir up]V$ušadlap",
"sig": "@saao/saa13%akk-x-neoass:u₂-ša₂-ad-la-ap=dalāpu[stir up//stir up]V'V$ušadlap",
"f": {"lang": "akk-x-neoass",
"form": "u₂-ša₂-ad-la-ap",
"cf": "dalāpu",
"gw": "stir up",
"sense": "stir up",
"norm": "ušadlap",
"pos": "V",
"epos": "V"}
}
,
{
"node": "d",
"type": "line-start",
"ref": "P334247.32",
"n": "11",
"label": "r 11"}
,
{
"node": "l",
"frag": "šum₂-ma",
"id": "P334247.l01b42",
"ref": "P334247.32.1",
"inst": "šumma[if]MOD",
"sig": "@saao/saa13%akk-x-neoass:šum₂-ma=šumma[if//if]MOD'MOD$šumma",
"f": {"lang": "akk-x-neoass",
"form": "šum₂-ma",
"cf": "šumma",
"gw": "if",
"sense": "if",
"norm": "šumma",
"pos": "MOD",
"epos": "MOD"}
}
,
{
"node": "l",
"frag": "LUGAL",
"id": "P334247.l01b43",
"ref": "P334247.32.2",
"inst": "šarru[king]N",
"sig": "@saao/saa13%akk-x-neoass:LUGAL=šarru[king//king]N'N$šarri",
"f": {"lang": "akk-x-neoass",
"form": "LUGAL",
"cf": "šarru",
"gw": "king",
"sense": "king",
"norm": "šarri",
"pos": "N",
"epos": "N"}
}
,
{
"node": "l",
"frag": "be-li₂",
"id": "P334247.l01b44",
"ref": "P334247.32.3",
"inst": "bēlī[lord]N",
"sig": "@saao/saa13%akk-x-neoass:be-li₂=bēlu[lord//lord]N'N$bēlī",
"f": {"lang": "akk-x-neoass",
"form": "be-li₂",
"cf": "bēlu",
"gw": "lord",
"sense": "lord",
"norm": "bēlī",
"pos": "N",
"epos": "N"}
}
,
{
"node": "l",
"frag": "i-qab-bi",
"id": "P334247.l01b45",
"ref": "P334247.32.4",
"inst": "iqabbi[say]V",
"sig": "@saao/saa13%akk-x-neoass:i-qab-bi=qabû[say//say]V'V$iqabbi",
"f": {"lang": "akk-x-neoass",
"form": "i-qab-bi",
"cf": "qabû",
"gw": "say",
"sense": "say",
"norm": "iqabbi",
"pos": "V",
"epos": "V"}
}
,
{
"node": "d",
"type": "line-start",
"ref": "P334247.33",
"n": "12",
"label": "r 12"}
,
{
"node": "l",
"frag": "KUR-MEŠ",
"id": "P334247.l01b46",
"ref": "P334247.33.1",
"inst": "sissê[horse]N",
"sig": "@saao/saa13%akk-x-neoass:KUR-MEŠ=sisû[horse//horse]N'N$sissê",
"f": {"lang": "akk-x-neoass",
"form": "KUR-MEŠ",
"cf": "sisû",
"gw": "horse",
"sense": "horse",
"norm": "sissê",
"pos": "N",
"epos": "N"}
}
,
{
"node": "l",
"frag": "la-as-dir",
"id": "P334247.l01b47",
"ref": "P334247.33.2",
"inst": "+sadāru[place in order//array]V$lasdir",
"sig": "@saao/saa13%akk-x-neoass:la-as-dir=sadāru[place in order//array]V'V$lasdir",
"f": {"lang": "akk-x-neoass",
"form": "la-as-dir",
"cf": "sadāru",
"gw": "place in order",
"sense": "array",
"norm": "lasdir",
"pos": "V",
"epos": "V"}
}
,
{
"node": "d",
"type": "line-start",
"ref": "P334247.34",
"n": "13",
"label": "r 13"}
,
{
"node": "l",
"frag": "mi-i-nu",
"id": "P334247.l01b48",
"ref": "P334247.34.1",
"inst": "mīnu[what?]QP",
"sig": "@saao/saa13%akk-x-neoass:mi-i-nu=mīnu[what?//what?]QP'QP$mīnu",
"f": {"lang": "akk-x-neoass",
"form": "mi-i-nu",
"cf": "mīnu",
"gw": "what?",
"sense": "what?",
"norm": "mīnu",
"pos": "QP",
"epos": "QP"}
}
,
{
"node": "l",
"frag": "ša",
"id": "P334247.l01b49",
"ref": "P334247.34.2",
"inst": "ša[that]REL",
"sig": "@saao/saa13%akk-x-neoass:ša=ša[that//that]REL'REL$ša",
"f": {"lang": "akk-x-neoass",
"form": "ša",
"cf": "ša",
"gw": "that",
"sense": "that",
"norm": "ša",
"pos": "REL",
"epos": "REL"}
}
,
{
"node": "l",
"frag": "LUGAL",
"id": "P334247.l01b4a",
"ref": "P334247.34.3",
"inst": "šarru[king]N",
"sig": "@saao/saa13%akk-x-neoass:LUGAL=šarru[king//king]N'N$šarri",
"f": {"lang": "akk-x-neoass",
"form": "LUGAL",
"cf": "šarru",
"gw": "king",
"sense": "king",
"norm": "šarri",
"pos": "N",
"epos": "N"}
}
,
{
"node": "l",
"frag": "be-li₂",
"id": "P334247.l01b4b",
"ref": "P334247.34.4",
"inst": "bēlī[lord]N",
"sig": "@saao/saa13%akk-x-neoass:be-li₂=bēlu[lord//lord]N'N$bēlī",
"f": {"lang": "akk-x-neoass",
"form": "be-li₂",
"cf": "bēlu",
"gw": "lord",
"sense": "lord",
"norm": "bēlī",
"pos": "N",
"epos": "N"}
}
,
{
"node": "d",
"type": "line-start",
"ref": "P334247.35",
"n": "14",
"label": "r 14"}
,
{
"node": "l",
"frag": "i-šap-par-an-ni",
"id": "P334247.l01b4c",
"ref": "P334247.35.1",
"inst": "išapparanni[send]V",
"sig": "@saao/saa13%akk-x-neoass:i-šap-par-an-ni=šapāru[send//write]V'V$išapparanni",
"f": {"lang": "akk-x-neoass",
"form": "i-šap-par-an-ni",
"cf": "šapāru",
"gw": "send",
"sense": "write",
"norm": "išapparanni",
"pos": "V",
"epos": "V"}
}
,
{
"node": "d",
"type": "line-start",
"ref": "P334247.36",
"n": "15",
"label": "r 15"}
,
{
"node": "l",
"frag": "UD",
"id": "P334247.l01b4d",
"ref": "P334247.36.1",
"inst": "ūm[day]N",
"sig": "@saao%akk-x-neoass:UD=ūmu[day//day]N'N$ūm",
"f": {"lang": "akk-x-neoass",
"form": "UD",
"cf": "ūmu",
"gw": "day",
"sense": "day",
"norm": "ūm",
"pos": "N",
"epos": "N"}
}
,
{
"node": "l",
"frag": "23",
"id": "P334247.l01b4e",
"ref": "P334247.36.2",
"inst": "n",
"f": {"lang": "akk-x-neoass",
"form": "23",
"pos": "n"}
}
]}
]}
]}
]}
