{
"type": "cdl",
  "source": "http://oracc.org/saao/saa13",
  "license": "This data is released under the CC0 license",
  "license-url": "https://creativecommons.org/publicdomain/zero/1.0/",
  "more-info": "http://oracc.org/doc/opendata/",
  "UTC-timestamp": "2017-05-19T11:46:29",
"project": "saao/saa13",
"textid": "P334657",
"cdl": [
{
"node": "c",
"type": "text",
"id": "P334657.U0",
"cdl": [
{
"node": "d",
"type": "object",
"ref": ""}
,
{
"node": "d",
"subtype": "obverse",
"type": "surface",
"ref": "P334657.o.1",
"type": "obverse",
"label": "o"}
,
{
"node": "c",
"type": "discourse",
"subtype": "body",
"id": "P334657.U1",
"cdl": [
{
"node": "c",
"type": "sentence",
"id": "P334657.U2",
"label": "o 1 - r 1'",
"cdl": [
{
"node": "d",
"type": "line-start",
"ref": "P334657.2",
"n": "1",
"label": "o 1"}
,
{
"node": "l",
"frag": "a-na",
"id": "P334657.l0038f",
"ref": "P334657.2.1",
"inst": "ana[to]PRP",
"sig": "@saao/saa13%akk-x-neoass:a-na=ana[to//to]PRP'PRP$ana",
"f": {"lang": "akk-x-neoass",
"form": "a-na",
"cf": "ana",
"gw": "to",
"sense": "to",
"norm": "ana",
"pos": "PRP",
"epos": "PRP"}
}
,
{
"node": "l",
"frag": "LUGAL",
"id": "P334657.l00390",
"ref": "P334657.2.2",
"inst": "šarri[king]N",
"sig": "@saao/saa13%akk-x-neoass:LUGAL=šarru[king//king]N'N$šarri",
"f": {"lang": "akk-x-neoass",
"form": "LUGAL",
"cf": "šarru",
"gw": "king",
"sense": "king",
"norm": "šarri",
"pos": "N",
"epos": "N"}
}
,
{
"node": "l",
"frag": "be-li₂-ia",
"id": "P334657.l00391",
"ref": "P334657.2.3",
"inst": "bēlīya[lord]N",
"sig": "@saao/saa13%akk-x-neoass:be-li₂-ia=bēlu[lord//lord]N'N$bēlīya",
"f": {"lang": "akk-x-neoass",
"form": "be-li₂-ia",
"cf": "bēlu",
"gw": "lord",
"sense": "lord",
"norm": "bēlīya",
"pos": "N",
"epos": "N"}
}
,
{
"node": "d",
"type": "line-start",
"ref": "P334657.3",
"n": "2",
"label": "o 2"}
,
{
"node": "l",
"frag": "ARAD-ka",
"id": "P334657.l00392",
"ref": "P334657.3.1",
"inst": "urdaka[servant]N",
"sig": "@saao/saa13%akk-x-neoass:ARAD-ka=ardu[slave//servant]N'N$urdaka",
"f": {"lang": "akk-x-neoass",
"form": "ARAD-ka",
"cf": "ardu",
"gw": "slave",
"sense": "servant",
"norm": "urdaka",
"pos": "N",
"epos": "N"}
}
,
{
"node": "l",
"frag": "{1}{d}AMAR.UTU-šal-lim-PAB-MEŠ",
"id": "P334657.l00393",
"ref": "P334657.3.2",
"inst": "+Marduk-šallim-ahhe[1]PN$",
"sig": "@saao/saa13%akk-x-neoass:{1}{d}AMAR.UTU-šal-lim-PAB-MEŠ=Marduk-šallim-ahhe[1//1]PN'PN$Marduk-šallim-ahhe",
"f": {"lang": "akk-x-neoass",
"form": "{1}{d}AMAR.UTU-šal-lim-PAB-MEŠ",
"cf": "Marduk-šallim-ahhe",
"gw": "1",
"sense": "1",
"norm": "Marduk-šallim-ahhe",
"pos": "PN",
"epos": "PN"}
}
,
{
"node": "d",
"type": "line-start",
"ref": "P334657.4",
"n": "3",
"label": "o 3"}
,
{
"node": "l",
"frag": "⸢ka⸣-ri-ib-ka",
"id": "P334657.l00394",
"ref": "P334657.4.1",
"inst": "kāribka[one who blesses]N",
"sig": "@saao/saa13%akk-x-neoass:ka-ri-ib-ka=kāribu[one who blesses//one who blesses]N'N$kāribka",
"f": {"lang": "akk-x-neoass",
"form": "ka-ri-ib-ka",
"cf": "kāribu",
"gw": "one who blesses",
"sense": "one who blesses",
"norm": "kāribka",
"pos": "N",
"epos": "N"}
}
,
{
"node": "d",
"type": "line-start",
"ref": "P334657.5",
"n": "4",
"label": "o 4"}
,
{
"node": "l",
"frag": "[lu",
"id": "P334657.l00395",
"ref": "P334657.5.1",
"inst": "lū[may]MOD",
"sig": "@saao/saa13%akk-x-neoass:lu=lū[may//may]MOD'MOD$lū",
"f": {"lang": "akk-x-neoass",
"form": "lu",
"cf": "lū",
"gw": "may",
"sense": "may",
"norm": "lū",
"pos": "MOD",
"epos": "MOD"}
}
,
{
"node": "l",
"frag": "DI]-mu",
"id": "P334657.l00396",
"ref": "P334657.5.2",
"inst": "šulmu[health]N",
"sig": "@saao/saa13%akk-x-neoass:DI-mu=šulmu[completeness//health]N'N$šulmu",
"f": {"lang": "akk-x-neoass",
"form": "DI-mu",
"cf": "šulmu",
"gw": "completeness",
"sense": "health",
"norm": "šulmu",
"pos": "N",
"epos": "N"}
}
,
{
"node": "l",
"frag": "a-na",
"id": "P334657.l00397",
"ref": "P334657.5.3",
"inst": "ana[to]PRP",
"sig": "@saao/saa13%akk-x-neoass:a-na=ana[to//to]PRP'PRP$ana",
"f": {"lang": "akk-x-neoass",
"form": "a-na",
"cf": "ana",
"gw": "to",
"sense": "to",
"norm": "ana",
"pos": "PRP",
"epos": "PRP"}
}
,
{
"node": "l",
"frag": "LUGAL",
"id": "P334657.l00398",
"ref": "P334657.5.4",
"inst": "šarri[king]N",
"sig": "@saao/saa13%akk-x-neoass:LUGAL=šarru[king//king]N'N$šarri",
"f": {"lang": "akk-x-neoass",
"form": "LUGAL",
"cf": "šarru",
"gw": "king",
"sense": "king",
"norm": "šarri",
"pos": "N",
"epos": "N"}
}
,
{
"node": "l",
"frag": "be-li₂-ia",
"id": "P334657.l00399",
"ref": "P334657.5.5",
"inst": "bēlīya[lord]N",
"sig": "@saao/saa13%akk-x-neoass:be-li₂-ia=bēlu[lord//lord]N'N$bēlīya",
"f": {"lang": "akk-x-neoass",
"form": "be-li₂-ia",
"cf": "bēlu",
"gw": "lord",
"sense": "lord",
"norm": "bēlīya",
"pos": "N",
"epos": "N"}
}
,
{
"node": "d",
"type": "line-start",
"ref": "P334657.6",
"n": "5",
"label": "o 5"}
,
{
"node": "l",
"frag": "{d}[aš-šur]",
"id": "P334657.l0039a",
"ref": "P334657.6.1",
"inst": "Aššur[1]DN",
"sig": "@saao/saa13%akk-x-neoass:{d}aš-šur=Aššur[1//1]DN'DN$Aššur",
"f": {"lang": "akk-x-neoass",
"form": "{d}aš-šur",
"cf": "Aššur",
"gw": "1",
"sense": "1",
"norm": "Aššur",
"pos": "DN",
"epos": "DN"}
}
,
{
"node": "l",
"frag": "{d}30",
"id": "P334657.l0039b",
"ref": "P334657.6.2",
"inst": "Sin[1]DN",
"sig": "@saao/saa13%akk-x-neoass:{d}30=Sin[1//1]DN'DN$Sin",
"f": {"lang": "akk-x-neoass",
"form": "{d}30",
"cf": "Sin",
"gw": "1",
"sense": "1",
"norm": "Sin",
"pos": "DN",
"epos": "DN"}
}
,
{
"node": "l",
"frag": "{d}UTU",
"id": "P334657.l0039c",
"ref": "P334657.6.3",
"inst": "Šamaš[1]DN",
"sig": "@saao/saa13%akk-x-neoass:{d}UTU=Šamaš[1//1]DN'DN$Šamaš",
"f": {"lang": "akk-x-neoass",
"form": "{d}UTU",
"cf": "Šamaš",
"gw": "1",
"sense": "1",
"norm": "Šamaš",
"pos": "DN",
"epos": "DN"}
}
,
{
"node": "l",
"frag": "{d}EN",
"id": "P334657.l0039d",
"ref": "P334657.6.4",
"inst": "Bel[1]DN",
"sig": "@saao/saa13%akk-x-neoass:{d}EN=Bel[1//1]DN'DN$Bel",
"f": {"lang": "akk-x-neoass",
"form": "{d}EN",
"cf": "Bel",
"gw": "1",
"sense": "1",
"norm": "Bel",
"pos": "DN",
"epos": "DN"}
}
,
{
"node": "l",
"frag": "{d}AG",
"id": "P334657.l0039e",
"ref": "P334657.6.5",
"inst": "Nabu[1]DN",
"sig": "@saao/saa13%akk-x-neoass:{d}AG=Nabu[1//1]DN'DN$Nabu",
"f": {"lang": "akk-x-neoass",
"form": "{d}AG",
"cf": "Nabu",
"gw": "1",
"sense": "1",
"norm": "Nabu",
"pos": "DN",
"epos": "DN"}
}
,
{
"node": "d",
"type": "line-start",
"ref": "P334657.7",
"n": "6",
"label": "o 6"}
,
{
"node": "l",
"frag": "{d}15",
"id": "P334657.l0039f",
"ref": "P334657.7.1",
"inst": "Issar[1]DN",
"sig": "@saao/saa13%akk-x-neoass:{d}15=Ištar[1//1]DN'DN$Issar",
"f": {"lang": "akk-x-neoass",
"form": "{d}15",
"cf": "Ištar",
"gw": "1",
"sense": "1",
"norm": "Issar",
"pos": "DN",
"epos": "DN"}
}
,
{
"node": "l",
"frag": "ša",
"id": "P334657.l003a0",
"ref": "P334657.7.2",
"inst": "ša[of]DET",
"sig": "@saao/saa13%akk-x-neoass:ša=ša[of//of]DET'DET$ša",
"f": {"lang": "akk-x-neoass",
"form": "ša",
"cf": "ša",
"gw": "of",
"sense": "of",
"norm": "ša",
"pos": "DET",
"epos": "DET"}
}
,
{
"node": "l",
"frag": "{uru}NINA",
"id": "P334657.l003a1",
"ref": "P334657.7.3",
"inst": "Ninua[Nineveh]GN",
"sig": "@saao/saa13%akk-x-neoass:{URU}NINA=Ninua[Nineveh//Nineveh]GN'GN$Ninua",
"f": {"lang": "akk-x-neoass",
"form": "{URU}NINA",
"cf": "Ninua",
"gw": "Nineveh",
"sense": "Nineveh",
"norm": "Ninua",
"pos": "GN",
"epos": "GN"}
}
,
{
"node": "d",
"type": "line-start",
"ref": "P334657.8",
"n": "7",
"label": "o 7"}
,
{
"node": "l",
"frag": "{d}15",
"id": "P334657.l003a2",
"ref": "P334657.8.1",
"inst": "Issar[1]DN",
"sig": "@saao/saa13%akk-x-neoass:{d}15=Ištar[1//1]DN'DN$Issar",
"f": {"lang": "akk-x-neoass",
"form": "{d}15",
"cf": "Ištar",
"gw": "1",
"sense": "1",
"norm": "Issar",
"pos": "DN",
"epos": "DN"}
}
,
{
"node": "l",
"frag": "⸢ša⸣",
"id": "P334657.l003a3",
"ref": "P334657.8.2",
"inst": "ša[of]DET",
"sig": "@saao/saa13%akk-x-neoass:ša=ša[of//of]DET'DET$ša",
"f": {"lang": "akk-x-neoass",
"form": "ša",
"cf": "ša",
"gw": "of",
"sense": "of",
"norm": "ša",
"pos": "DET",
"epos": "DET"}
}
,
{
"node": "l",
"frag": "{[uru}arba-il₃]",
"id": "P334657.l003a4",
"ref": "P334657.8.3",
"inst": "Arbail[Arbela]GN",
"sig": "@saao/saa13%akk-x-neoass:{URU}arba-il₃=Arbail[Arbela//Arbela]GN'GN$Arbail",
"f": {"lang": "akk-x-neoass",
"form": "{URU}arba-il₃",
"cf": "Arbail",
"gw": "Arbela",
"sense": "Arbela",
"norm": "Arbail",
"pos": "GN",
"epos": "GN"}
}
,
{
"node": "d",
"type": "line-start",
"ref": "P334657.9",
"n": "8",
"label": "o 8"}
,
{
"node": "l",
"frag": "[x",
"id": "P334657.l003a5",
"ref": "P334657.9.1",
"inst": "u",
"f": {"lang": "akk-x-neoass",
"form": "x",
"pos": "u"}
}
,
{
"node": "l",
"frag": "x",
"id": "P334657.l003a6",
"ref": "P334657.9.2",
"inst": "u",
"f": {"lang": "akk-x-neoass",
"form": "x",
"pos": "u"}
}
,
{
"node": "l",
"frag": "x",
"id": "P334657.l003a7",
"ref": "P334657.9.3",
"inst": "u",
"f": {"lang": "akk-x-neoass",
"form": "x",
"pos": "u"}
}
,
{
"node": "l",
"frag": "x",
"id": "P334657.l003a8",
"ref": "P334657.9.4",
"inst": "u",
"f": {"lang": "akk-x-neoass",
"form": "x",
"pos": "u"}
}
,
{
"node": "l",
"frag": "x",
"id": "P334657.l003a9",
"ref": "P334657.9.5",
"inst": "u",
"f": {"lang": "akk-x-neoass",
"form": "x",
"pos": "u"}
}
,
{
"node": "l",
"frag": "x]",
"id": "P334657.l003aa",
"ref": "P334657.9.6",
"inst": "u",
"f": {"lang": "akk-x-neoass",
"form": "x",
"pos": "u"}
}
,
{
"node": "d",
"subtype": "reverse",
"type": "surface",
"ref": "P334657.r.10",
"type": "reverse",
"label": "r"}
,
{
"node": "d",
"type": "nonx",
"ref": "P334657.11",
"strict": "0",
"extent": "beginning",
"state": "missing"}
,
{
"node": "d",
"type": "line-start",
"ref": "P334657.12",
"n": "1'",
"label": "r 1'"}
,
{
"node": "l",
"frag": "i-qab-bu-u-ni",
"id": "P334657.l003ab",
"ref": "P334657.12.1",
"inst": "+qabû[say]V$iqabbûni",
"sig": "@saao/saa13%akk-x-neoass:i-qab-bu-u-ni=qabû[say//say]V'V$iqabbûni",
"f": {"lang": "akk-x-neoass",
"form": "i-qab-bu-u-ni",
"cf": "qabû",
"gw": "say",
"sense": "say",
"norm": "iqabbûni",
"pos": "V",
"epos": "V"}
}
]}
]}
]}
]}
