{
"type": "cdl",
  "source": "http://oracc.org/saao/saa13",
  "license": "This data is released under the CC0 license",
  "license-url": "https://creativecommons.org/publicdomain/zero/1.0/",
  "more-info": "http://oracc.org/doc/opendata/",
  "UTC-timestamp": "2017-05-19T11:46:25",
"project": "saao/saa13",
"textid": "P334450",
"cdl": [
{
"node": "c",
"type": "text",
"id": "P334450.U0",
"cdl": [
{
"node": "d",
"type": "object",
"ref": ""}
,
{
"node": "d",
"subtype": "obverse",
"type": "surface",
"ref": "P334450.o.1",
"type": "obverse",
"label": "o"}
,
{
"node": "d",
"type": "nonx",
"ref": "P334450.2",
"strict": "0",
"extent": "beginning",
"state": "missing"}
,
{
"node": "c",
"type": "discourse",
"subtype": "body",
"id": "P334450.U1",
"cdl": [
{
"node": "c",
"type": "sentence",
"id": "P334450.U2",
"label": "o 1' - r 9",
"cdl": [
{
"node": "d",
"type": "line-start",
"ref": "P334450.3",
"n": "1'",
"label": "o 1'"}
,
{
"node": "l",
"frag": "[be-li₂]-ia",
"id": "P334450.l01f66",
"ref": "P334450.3.1",
"inst": "bēlīya[lord]N",
"sig": "@saao/saa13%akk-x-neoass:be-li₂-ia=bēlu[lord//lord]N'N$bēlīya",
"f": {"lang": "akk-x-neoass",
"form": "be-li₂-ia",
"cf": "bēlu",
"gw": "lord",
"sense": "lord",
"norm": "bēlīya",
"pos": "N",
"epos": "N"}
}
,
{
"node": "l",
"frag": "[lik-ru-bu]",
"id": "P334450.l01f67",
"ref": "P334450.3.2",
"inst": "likrubu[bless]V",
"sig": "@saao/saa13%akk-x-neoass:lik-ru-bu=karābu[pray//bless]V'V$likrubu",
"f": {"lang": "akk-x-neoass",
"form": "lik-ru-bu",
"cf": "karābu",
"gw": "pray",
"sense": "bless",
"norm": "likrubu",
"pos": "V",
"epos": "V"}
}
,
{
"node": "d",
"type": "line-start",
"ref": "P334450.4",
"n": "2'",
"label": "o 2'"}
,
{
"node": "l",
"frag": "[x]",
"id": "P334450.l01f68",
"ref": "P334450.4.1",
"inst": "u",
"f": {"lang": "akk-x-neoass",
"form": "x",
"pos": "u"}
}
,
{
"node": "l",
"frag": "{anše}KUR.⸢RA⸣-[MEŠ]",
"id": "P334450.l01f69",
"ref": "P334450.4.2",
"inst": "sissê[horse]N",
"sig": "@saao/saa13%akk-x-neoass:{ANŠE}KUR.RA-MEŠ=sisû[horse//horse]N'N$sissê",
"f": {"lang": "akk-x-neoass",
"form": "{ANŠE}KUR.RA-MEŠ",
"cf": "sisû",
"gw": "horse",
"sense": "horse",
"norm": "sissê",
"pos": "N",
"epos": "N"}
}
,
{
"node": "d",
"type": "line-start",
"ref": "P334450.5",
"n": "3'",
"label": "o 3'"}
,
{
"node": "l",
"frag": "{kur}ku-sa-a-a",
"id": "P334450.l01f6a",
"ref": "P334450.5.1",
"inst": "+Kusaya[Kushite]EN$",
"sig": "@saao/saa13%akk-x-neoass:{KUR}ku-sa-a-a=Kusaya[Kushite//Kushite]EN'EN$Kusaya",
"f": {"lang": "akk-x-neoass",
"form": "{KUR}ku-sa-a-a",
"cf": "Kusaya",
"gw": "Kushite",
"sense": "Kushite",
"norm": "Kusaya",
"pos": "EN",
"epos": "EN"}
}
,
{
"node": "d",
"type": "line-start",
"ref": "P334450.6",
"n": "4'",
"label": "o 4'"}
,
{
"node": "l",
"frag": "ša",
"id": "P334450.l01f6b",
"ref": "P334450.6.1",
"inst": "ša[of]DET",
"sig": "@saao/saa13%akk-x-neoass:ša=ša[of//of]DET'DET$ša",
"f": {"lang": "akk-x-neoass",
"form": "ša",
"cf": "ša",
"gw": "of",
"sense": "of",
"norm": "ša",
"pos": "DET",
"epos": "DET"}
}
,
{
"node": "l",
"frag": "{lu₂v}tur-tan-ni",
"id": "P334450.l01f6c",
"ref": "P334450.6.2",
"inst": "turtanni[commander-in-chief]N",
"sig": "@saao/saa13%akk-x-neoass:{LU₂}tur-tan-ni=tartānu[second in command//commander-in-chief]N'N$turtanni",
"f": {"lang": "akk-x-neoass",
"form": "{LU₂}tur-tan-ni",
"cf": "tartānu",
"gw": "second in command",
"sense": "commander-in-chief",
"norm": "turtanni",
"pos": "N",
"epos": "N"}
}
,
{
"node": "d",
"type": "line-start",
"ref": "P334450.7",
"n": "5'",
"label": "o 5'"}
,
{
"node": "l",
"frag": "ša",
"id": "P334450.l01f6d",
"ref": "P334450.7.1",
"inst": "ša[of]DET",
"sig": "@saao/saa13%akk-x-neoass:ša=ša[of//of]DET'DET$ša",
"f": {"lang": "akk-x-neoass",
"form": "ša",
"cf": "ša",
"gw": "of",
"sense": "of",
"norm": "ša",
"pos": "DET",
"epos": "DET"}
}
,
{
"node": "l",
"frag": "šu-me-li",
"id": "P334450.l01f6e",
"ref": "P334450.7.2",
"inst": "šumēli[left side]N",
"sig": "@saao/saa13%akk-x-neoass:šu-me-li=šumēlu[left side//left side]N'N$šumēli",
"f": {"lang": "akk-x-neoass",
"form": "šu-me-li",
"cf": "šumēlu",
"gw": "left side",
"sense": "left side",
"norm": "šumēli",
"pos": "N",
"epos": "N"}
}
,
{
"node": "d",
"type": "line-start",
"ref": "P334450.8",
"n": "6'",
"label": "o 6'"}
,
{
"node": "l",
"frag": "05",
"id": "P334450.l01f6f",
"ref": "P334450.8.1",
"inst": "n",
"f": {"lang": "akk-x-neoass",
"form": "05",
"pos": "n"}
}
,
{
"node": "l",
"frag": "u₂-ra-a-te",
"id": "P334450.l01f70",
"ref": "P334450.8.2",
"inst": "+urû[team//team (of equids)]N$urāte",
"sig": "@saao%akk-x-neoass:u₂-ra-a-te=urû[team//team (of equids)]N'N$urāte",
"f": {"lang": "akk-x-neoass",
"form": "u₂-ra-a-te",
"cf": "urû",
"gw": "team",
"sense": "team (of equids)",
"norm": "urāte",
"pos": "N",
"epos": "N"}
}
,
{
"node": "d",
"type": "line-start",
"ref": "P334450.9",
"n": "7'",
"label": "o 7'"}
,
{
"node": "l",
"frag": "ša",
"id": "P334450.l01f71",
"ref": "P334450.9.1",
"inst": "ša[of]DET",
"sig": "@saao/saa13%akk-x-neoass:ša=ša[of//of]DET'DET$ša",
"f": {"lang": "akk-x-neoass",
"form": "ša",
"cf": "ša",
"gw": "of",
"sense": "of",
"norm": "ša",
"pos": "DET",
"epos": "DET"}
}
,
{
"node": "l",
"frag": "ṣe-eh-ru-te",
"id": "P334450.l01f72",
"ref": "P334450.9.2",
"inst": "+ṣehru[small]AJ$ṣehrūte",
"sig": "@saao/saa13%akk-x-neoass:ṣe-eh-ru-te=ṣehru[small//small]AJ'AJ$ṣehrūte",
"f": {"lang": "akk-x-neoass",
"form": "ṣe-eh-ru-te",
"cf": "ṣehru",
"gw": "small",
"sense": "small",
"norm": "ṣehrūte",
"pos": "AJ",
"epos": "AJ"}
}
,
{
"node": "d",
"type": "line-start",
"ref": "P334450.10",
"n": "8'",
"label": "o 8'"}
,
{
"node": "l",
"frag": "ša",
"id": "P334450.l01f73",
"ref": "P334450.10.1",
"inst": "ša[of]DET",
"sig": "@saao/saa13%akk-x-neoass:ša=ša[of//of]DET'DET$ša",
"f": {"lang": "akk-x-neoass",
"form": "ša",
"cf": "ša",
"gw": "of",
"sense": "of",
"norm": "ša",
"pos": "DET",
"epos": "DET"}
}
,
{
"node": "l",
"frag": "hi-se-te",
"id": "P334450.l01f74",
"ref": "P334450.10.2",
"inst": "+hissatu[understanding]N$hissete",
"sig": "@saao/saa13%akk-x-neoass:hi-se-te=hissatu[understanding//understanding]N'N$hissete",
"f": {"lang": "akk-x-neoass",
"form": "hi-se-te",
"cf": "hissatu",
"gw": "understanding",
"sense": "understanding",
"norm": "hissete",
"pos": "N",
"epos": "N"}
}
,
{
"node": "d",
"type": "line-start",
"ref": "P334450.11",
"n": "9'",
"label": "o 9'"}
,
{
"node": "l",
"frag": "⸢ina⸣",
"id": "P334450.l01f75",
"ref": "P334450.11.1",
"inst": "+ina[in+=in]PRP$",
"sig": "@saao/saa13%akk-x-neoass:ina=ina[in//in]PRP'PRP$ina",
"f": {"lang": "akk-x-neoass",
"form": "ina",
"cf": "ina",
"gw": "in",
"sense": "in",
"norm": "ina",
"pos": "PRP",
"epos": "PRP"}
}
,
{
"node": "l",
"frag": "bat-ta-ta-a.a",
"id": "P334450.l01f76",
"ref": "P334450.11.2",
"inst": "+battatayya[individually//one by one]AV$battatāya",
"sig": "@saao/saa13%akk-x-neoass:bat-ta-ta-a.a=battatayya[individually//one by one]AV'AV$battatāya",
"f": {"lang": "akk-x-neoass",
"form": "bat-ta-ta-a.a",
"cf": "battatayya",
"gw": "individually",
"sense": "one by one",
"norm": "battatāya",
"pos": "AV",
"epos": "AV"}
}
,
{
"node": "d",
"type": "line-start",
"ref": "P334450.12",
"n": "10'",
"label": "o 10'"}
,
{
"node": "l",
"frag": "[i]-⸢paq⸣-qid-dan-ni",
"id": "P334450.l01f77",
"ref": "P334450.12.1",
"inst": "+paqādu[entrust]V$ipaqqidanni",
"sig": "@saao/saa13%akk-x-neoass:i-paq-qid-dan-ni=paqādu[entrust//entrust]V'V$ipaqqidanni",
"f": {"lang": "akk-x-neoass",
"form": "i-paq-qid-dan-ni",
"cf": "paqādu",
"gw": "entrust",
"sense": "entrust",
"norm": "ipaqqidanni",
"pos": "V",
"epos": "V"}
}
,
{
"node": "d",
"type": "line-start",
"ref": "P334450.13",
"n": "11'",
"label": "o 11'"}
,
{
"node": "l",
"frag": "[x]+05",
"id": "P334450.l01f78",
"ref": "P334450.13.1",
"inst": "u",
"f": {"lang": "akk-x-neoass",
"form": "x+05",
"pos": "u"}
}
,
{
"node": "l",
"frag": "{anše}KUR.RA-MEŠ",
"id": "P334450.l01f79",
"ref": "P334450.13.2",
"inst": "sissê[horse]N",
"sig": "@saao/saa13%akk-x-neoass:{ANŠE}KUR.RA-MEŠ=sisû[horse//horse]N'N$sissê",
"f": {"lang": "akk-x-neoass",
"form": "{ANŠE}KUR.RA-MEŠ",
"cf": "sisû",
"gw": "horse",
"sense": "horse",
"norm": "sissê",
"pos": "N",
"epos": "N"}
}
,
{
"node": "d",
"subtype": "reverse",
"type": "surface",
"ref": "P334450.r.14",
"type": "reverse",
"label": "r"}
,
{
"node": "d",
"type": "line-start",
"ref": "P334450.15",
"n": "1",
"label": "r 1"}
,
{
"node": "l",
"frag": "{kur}ku-sa-a-a",
"id": "P334450.l01f7a",
"ref": "P334450.15.1",
"inst": "+Kusaya[Kushite]EN$",
"sig": "@saao/saa13%akk-x-neoass:{KUR}ku-sa-a-a=Kusaya[Kushite//Kushite]EN'EN$Kusaya",
"f": {"lang": "akk-x-neoass",
"form": "{KUR}ku-sa-a-a",
"cf": "Kusaya",
"gw": "Kushite",
"sense": "Kushite",
"norm": "Kusaya",
"pos": "EN",
"epos": "EN"}
}
,
{
"node": "d",
"type": "line-start",
"ref": "P334450.16",
"n": "2",
"label": "r 2"}
,
{
"node": "l",
"frag": "33",
"id": "P334450.l01f7b",
"ref": "P334450.16.1",
"inst": "n",
"f": {"lang": "akk-x-neoass",
"form": "33",
"pos": "n"}
}
,
{
"node": "l",
"frag": "KUR",
"id": "P334450.l01f7c",
"ref": "P334450.16.2",
"inst": "+sisû[horse]N$sissê",
"sig": "@saao/saa13%akk-x-neoass:KUR=sisû[horse//horse]N'N$sissê",
"f": {"lang": "akk-x-neoass",
"form": "KUR",
"cf": "sisû",
"gw": "horse",
"sense": "horse",
"norm": "sissê",
"pos": "N",
"epos": "N"}
}
,
{
"node": "l",
"frag": "BAD-HAL-li",
"id": "P334450.l01f7d",
"ref": "P334450.16.3",
"inst": "pēthalli[riding horse]N",
"sig": "@saao/saa13%akk-x-neoass:BAD-HAL-li=pēthallu[riding horse//riding horse]N'N$pēthalli",
"f": {"lang": "akk-x-neoass",
"form": "BAD-HAL-li",
"cf": "pēthallu",
"gw": "riding horse",
"sense": "riding horse",
"norm": "pēthalli",
"pos": "N",
"epos": "N"}
}
,
{
"node": "d",
"type": "line-start",
"ref": "P334450.17",
"n": "3",
"label": "r 3"}
,
{
"node": "l",
"frag": "ša",
"id": "P334450.l01f7e",
"ref": "P334450.17.1",
"inst": "ša[of]DET",
"sig": "@saao/saa13%akk-x-neoass:ša=ša[of//of]DET'DET$ša",
"f": {"lang": "akk-x-neoass",
"form": "ša",
"cf": "ša",
"gw": "of",
"sense": "of",
"norm": "ša",
"pos": "DET",
"epos": "DET"}
}
,
{
"node": "l",
"frag": "{lu₂v}tur-tan-ni",
"id": "P334450.l01f7f",
"ref": "P334450.17.2",
"inst": "turtanni[commander-in-chief]N",
"sig": "@saao/saa13%akk-x-neoass:{LU₂}tur-tan-ni=tartānu[second in command//commander-in-chief]N'N$turtanni",
"f": {"lang": "akk-x-neoass",
"form": "{LU₂}tur-tan-ni",
"cf": "tartānu",
"gw": "second in command",
"sense": "commander-in-chief",
"norm": "turtanni",
"pos": "N",
"epos": "N"}
}
,
{
"node": "d",
"type": "line-start",
"ref": "P334450.18",
"n": "4",
"label": "r 4"}
,
{
"node": "l",
"frag": "08",
"id": "P334450.l01f80",
"ref": "P334450.18.1",
"inst": "n",
"f": {"lang": "akk-x-neoass",
"form": "08",
"pos": "n"}
}
,
{
"node": "l",
"frag": "KUR",
"id": "P334450.l01f81",
"ref": "P334450.18.2",
"inst": "+sisû[horse]N$sissê",
"sig": "@saao/saa13%akk-x-neoass:KUR=sisû[horse//horse]N'N$sissê",
"f": {"lang": "akk-x-neoass",
"form": "KUR",
"cf": "sisû",
"gw": "horse",
"sense": "horse",
"norm": "sissê",
"pos": "N",
"epos": "N"}
}
,
{
"node": "l",
"frag": "BAD-HAL-li",
"id": "P334450.l01f82",
"ref": "P334450.18.3",
"inst": "pēthalli[riding horse]N",
"sig": "@saao/saa13%akk-x-neoass:BAD-HAL-li=pēthallu[riding horse//riding horse]N'N$pēthalli",
"f": {"lang": "akk-x-neoass",
"form": "BAD-HAL-li",
"cf": "pēthallu",
"gw": "riding horse",
"sense": "riding horse",
"norm": "pēthalli",
"pos": "N",
"epos": "N"}
}
,
{
"node": "d",
"type": "line-start",
"ref": "P334450.19",
"n": "5",
"label": "r 5"}
,
{
"node": "l",
"frag": "ša",
"id": "P334450.l01f83",
"ref": "P334450.19.1",
"inst": "ša[of]DET",
"sig": "@saao/saa13%akk-x-neoass:ša=ša[of//of]DET'DET$ša",
"f": {"lang": "akk-x-neoass",
"form": "ša",
"cf": "ša",
"gw": "of",
"sense": "of",
"norm": "ša",
"pos": "DET",
"epos": "DET"}
}
,
{
"node": "l",
"frag": "{uru}šu₂-hu-pa",
"id": "P334450.l01f84",
"ref": "P334450.19.2",
"inst": "+Šuhupa[1]GN$",
"sig": "@saao/saa13%akk-x-neoass:{URU}šu₂-hu-pa=Šuhupa[1//1]GN'GN$Šuhupa",
"f": {"lang": "akk-x-neoass",
"form": "{URU}šu₂-hu-pa",
"cf": "Šuhupa",
"gw": "1",
"sense": "1",
"norm": "Šuhupa",
"pos": "GN",
"epos": "GN"}
}
,
{
"node": "d",
"type": "line-start",
"ref": "P334450.20",
"n": "6",
"label": "r 6"}
,
{
"node": "l",
"frag": "PAB",
"id": "P334450.l01f85",
"ref": "P334450.20.1",
"inst": "gimru[total]N",
"sig": "@saao/saa13%akk-x-neoass:PAB=gimru[totality//total]N'N$gimru",
"f": {"lang": "akk-x-neoass",
"form": "PAB",
"cf": "gimru",
"gw": "totality",
"sense": "total",
"norm": "gimru",
"pos": "N",
"epos": "N"}
}
,
{
"node": "l",
"frag": "41",
"id": "P334450.l01f86",
"ref": "P334450.20.2",
"inst": "n",
"f": {"lang": "akk-x-neoass",
"form": "41",
"pos": "n"}
}
,
{
"node": "l",
"frag": "KUR",
"id": "P334450.l01f87",
"ref": "P334450.20.3",
"inst": "+sisû[horse]N$sissê",
"sig": "@saao/saa13%akk-x-neoass:KUR=sisû[horse//horse]N'N$sissê",
"f": {"lang": "akk-x-neoass",
"form": "KUR",
"cf": "sisû",
"gw": "horse",
"sense": "horse",
"norm": "sissê",
"pos": "N",
"epos": "N"}
}
,
{
"node": "l",
"frag": "BAD-HAL-li",
"id": "P334450.l01f88",
"ref": "P334450.20.4",
"inst": "pēthalli[riding horse]N",
"sig": "@saao/saa13%akk-x-neoass:BAD-HAL-li=pēthallu[riding horse//riding horse]N'N$pēthalli",
"f": {"lang": "akk-x-neoass",
"form": "BAD-HAL-li",
"cf": "pēthallu",
"gw": "riding horse",
"sense": "riding horse",
"norm": "pēthalli",
"pos": "N",
"epos": "N"}
}
,
{
"node": "d",
"type": "line-start",
"ref": "P334450.21",
"n": "7",
"label": "r 7"}
,
{
"node": "l",
"frag": "PAB",
"id": "P334450.l01f89",
"ref": "P334450.21.1",
"inst": "gimru[total]N",
"sig": "@saao/saa13%akk-x-neoass:PAB=gimru[totality//total]N'N$gimru",
"f": {"lang": "akk-x-neoass",
"form": "PAB",
"cf": "gimru",
"gw": "totality",
"sense": "total",
"norm": "gimru",
"pos": "N",
"epos": "N"}
}
,
{
"node": "l",
"frag": "96",
"id": "P334450.l01f8a",
"ref": "P334450.21.2",
"inst": "n",
"f": {"lang": "akk-x-neoass",
"form": "96",
"pos": "n"}
}
,
{
"node": "l",
"frag": "{anše}KUR.RA-MEŠ",
"id": "P334450.l01f8b",
"ref": "P334450.21.3",
"inst": "sissê[horse]N",
"sig": "@saao/saa13%akk-x-neoass:{ANŠE}KUR.RA-MEŠ=sisû[horse//horse]N'N$sissê",
"f": {"lang": "akk-x-neoass",
"form": "{ANŠE}KUR.RA-MEŠ",
"cf": "sisû",
"gw": "horse",
"sense": "horse",
"norm": "sissê",
"pos": "N",
"epos": "N"}
}
,
{
"node": "d",
"type": "line-start",
"ref": "P334450.22",
"n": "8",
"label": "r 8"}
,
{
"node": "l",
"frag": "UD-mu",
"id": "P334450.l01f8c",
"ref": "P334450.22.1",
"inst": "ūmu[day]N",
"sig": "@saao/saa13%akk-x-neoass:UD-mu=ūmu[day//day]N'N$ūmu",
"f": {"lang": "akk-x-neoass",
"form": "UD-mu",
"cf": "ūmu",
"gw": "day",
"sense": "day",
"norm": "ūmu",
"pos": "N",
"epos": "N"}
}
,
{
"node": "l",
"frag": "an-ni-u₂",
"id": "P334450.l01f8d",
"ref": "P334450.22.2",
"inst": "annīu[this]DP",
"sig": "@saao/saa13%akk-x-neoass:an-ni-u₂=annû[this//this]DP'DP$annīu",
"f": {"lang": "akk-x-neoass",
"form": "an-ni-u₂",
"cf": "annû",
"gw": "this",
"sense": "this",
"norm": "annīu",
"pos": "DP",
"epos": "DP"}
}
,
{
"node": "d",
"type": "line-start",
"ref": "P334450.23",
"n": "9",
"label": "r 9"}
,
{
"node": "l",
"frag": "e-tar-bu-u-[ni]",
"id": "P334450.l01f8e",
"ref": "P334450.23.1",
"inst": "ētarbūni[enter]V",
"sig": "@saao/saa13%akk-x-neoass:e-tar-bu-u-ni=erēbu[enter//enter]V'V$ētarbūni",
"f": {"lang": "akk-x-neoass",
"form": "e-tar-bu-u-ni",
"cf": "erēbu",
"gw": "enter",
"sense": "enter",
"norm": "ētarbūni",
"pos": "V",
"epos": "V"}
}
]}
]}
]}
]}
