{
"type": "cdl",
  "source": "http://oracc.org/saao/saa13",
  "license": "This data is released under the CC0 license",
  "license-url": "https://creativecommons.org/publicdomain/zero/1.0/",
  "more-info": "http://oracc.org/doc/opendata/",
  "UTC-timestamp": "2017-05-19T11:46:30",
"project": "saao/saa13",
"textid": "P334706",
"cdl": [
{
"node": "c",
"type": "text",
"id": "P334706.U0",
"cdl": [
{
"node": "d",
"type": "object",
"ref": ""}
,
{
"node": "d",
"subtype": "obverse",
"type": "surface",
"ref": "P334706.o.1",
"type": "obverse",
"label": "o"}
,
{
"node": "c",
"type": "discourse",
"subtype": "body",
"id": "P334706.U1",
"cdl": [
{
"node": "c",
"type": "sentence",
"id": "P334706.U2",
"label": "o 1 - r 10'",
"cdl": [
{
"node": "d",
"type": "line-start",
"ref": "P334706.2",
"n": "1",
"label": "o 1"}
,
{
"node": "l",
"frag": "[a-na",
"id": "P334706.l02565",
"ref": "P334706.2.1",
"inst": "ana[to]PRP",
"sig": "@saao/saa13%akk-x-neoass:a-na=ana[to//to]PRP'PRP$ana",
"f": {"lang": "akk-x-neoass",
"form": "a-na",
"cf": "ana",
"gw": "to",
"sense": "to",
"norm": "ana",
"pos": "PRP",
"epos": "PRP"}
}
,
{
"node": "l",
"frag": "LUGAL]",
"id": "P334706.l02566",
"ref": "P334706.2.2",
"inst": "šarri[king]N",
"sig": "@saao/saa13%akk-x-neoass:LUGAL=šarru[king//king]N'N$šarri",
"f": {"lang": "akk-x-neoass",
"form": "LUGAL",
"cf": "šarru",
"gw": "king",
"sense": "king",
"norm": "šarri",
"pos": "N",
"epos": "N"}
}
,
{
"node": "l",
"frag": "be-li₂-ia",
"id": "P334706.l02567",
"ref": "P334706.2.3",
"inst": "bēlīya[lord]N",
"sig": "@saao/saa13%akk-x-neoass:be-li₂-ia=bēlu[lord//lord]N'N$bēlīya",
"f": {"lang": "akk-x-neoass",
"form": "be-li₂-ia",
"cf": "bēlu",
"gw": "lord",
"sense": "lord",
"norm": "bēlīya",
"pos": "N",
"epos": "N"}
}
,
{
"node": "d",
"type": "line-start",
"ref": "P334706.3",
"n": "2",
"label": "o 2"}
,
{
"node": "l",
"frag": "[ARAD-ka]",
"id": "P334706.l02568",
"ref": "P334706.3.1",
"inst": "urdaka[servant]N",
"sig": "@saao/saa13%akk-x-neoass:ARAD-ka=ardu[slave//servant]N'N$urdaka",
"f": {"lang": "akk-x-neoass",
"form": "ARAD-ka",
"cf": "ardu",
"gw": "slave",
"sense": "servant",
"norm": "urdaka",
"pos": "N",
"epos": "N"}
}
,
{
"node": "l",
"frag": "{1}pu-u₂-lu",
"id": "P334706.l02569",
"ref": "P334706.3.2",
"inst": "Pulu[1]PN",
"sig": "@saao/saa13%akk-x-neoass:{1}pu-u₂-lu=Pulu[1//1]PN'PN$Pulu",
"f": {"lang": "akk-x-neoass",
"form": "{1}pu-u₂-lu",
"cf": "Pulu",
"gw": "1",
"sense": "1",
"norm": "Pulu",
"pos": "PN",
"epos": "PN"}
}
,
{
"node": "d",
"type": "line-start",
"ref": "P334706.4",
"n": "3",
"label": "o 3"}
,
{
"node": "l",
"frag": "[lu]",
"id": "P334706.l0256a",
"ref": "P334706.4.1",
"inst": "lū[may]MOD",
"sig": "@saao/saa13%akk-x-neoass:lu=lū[may//may]MOD'MOD$lū",
"f": {"lang": "akk-x-neoass",
"form": "lu",
"cf": "lū",
"gw": "may",
"sense": "may",
"norm": "lū",
"pos": "MOD",
"epos": "MOD"}
}
,
{
"node": "l",
"frag": "šul-mu",
"id": "P334706.l0256b",
"ref": "P334706.4.2",
"inst": "šulmu[health]N",
"sig": "@saao/saa13%akk-x-neoass:šul-mu=šulmu[completeness//health]N'N$šulmu",
"f": {"lang": "akk-x-neoass",
"form": "šul-mu",
"cf": "šulmu",
"gw": "completeness",
"sense": "health",
"norm": "šulmu",
"pos": "N",
"epos": "N"}
}
,
{
"node": "l",
"frag": "a-na",
"id": "P334706.l0256c",
"ref": "P334706.4.3",
"inst": "ana[to]PRP",
"sig": "@saao/saa13%akk-x-neoass:a-na=ana[to//to]PRP'PRP$ana",
"f": {"lang": "akk-x-neoass",
"form": "a-na",
"cf": "ana",
"gw": "to",
"sense": "to",
"norm": "ana",
"pos": "PRP",
"epos": "PRP"}
}
,
{
"node": "l",
"frag": "LUGAL",
"id": "P334706.l0256d",
"ref": "P334706.4.4",
"inst": "šarri[king]N",
"sig": "@saao/saa13%akk-x-neoass:LUGAL=šarru[king//king]N'N$šarri",
"f": {"lang": "akk-x-neoass",
"form": "LUGAL",
"cf": "šarru",
"gw": "king",
"sense": "king",
"norm": "šarri",
"pos": "N",
"epos": "N"}
}
,
{
"node": "l",
"frag": "EN-ia",
"id": "P334706.l0256e",
"ref": "P334706.4.5",
"inst": "bēlīya[lord]N",
"sig": "@saao/saa13%akk-x-neoass:EN-ia=bēlu[lord//lord]N'N$bēlīya",
"f": {"lang": "akk-x-neoass",
"form": "EN-ia",
"cf": "bēlu",
"gw": "lord",
"sense": "lord",
"norm": "bēlīya",
"pos": "N",
"epos": "N"}
}
,
{
"node": "l",
"frag": "a-dan-niš",
"id": "P334706.l0256f",
"ref": "P334706.4.6",
"inst": "adanniš[very much]AV",
"sig": "@saao/saa13%akk-x-neoass:a-dan-niš=adanniš[very much//very much]AV'AV$adanniš",
"f": {"lang": "akk-x-neoass",
"form": "a-dan-niš",
"cf": "adanniš",
"gw": "very much",
"sense": "very much",
"norm": "adanniš",
"pos": "AV",
"epos": "AV"}
}
,
{
"node": "d",
"type": "line-start",
"ref": "P334706.5",
"n": "4",
"label": "o 4"}
,
{
"node": "l",
"frag": "{d}30",
"id": "P334706.l02570",
"ref": "P334706.5.1",
"inst": "Sin[1]DN",
"sig": "@saao/saa13%akk-x-neoass:{d}30=Sin[1//1]DN'DN$Sin",
"f": {"lang": "akk-x-neoass",
"form": "{d}30",
"cf": "Sin",
"gw": "1",
"sense": "1",
"norm": "Sin",
"pos": "DN",
"epos": "DN"}
}
,
{
"node": "l",
"frag": "{d}AG",
"id": "P334706.l02571",
"ref": "P334706.5.2",
"inst": "Nabu[1]DN",
"sig": "@saao/saa13%akk-x-neoass:{d}AG=Nabu[1//1]DN'DN$Nabu",
"f": {"lang": "akk-x-neoass",
"form": "{d}AG",
"cf": "Nabu",
"gw": "1",
"sense": "1",
"norm": "Nabu",
"pos": "DN",
"epos": "DN"}
}
,
{
"node": "l",
"frag": "u₃",
"id": "P334706.l02572",
"ref": "P334706.5.3",
"inst": "u[and]CNJ",
"sig": "@saao/saa13%akk-x-neoass:u₃=u[and//and]CNJ'CNJ$u",
"f": {"lang": "akk-x-neoass",
"form": "u₃",
"cf": "u",
"gw": "and",
"sense": "and",
"norm": "u",
"pos": "CNJ",
"epos": "CNJ"}
}
,
{
"node": "l",
"frag": "{d}AMAR.UTU",
"id": "P334706.l02573",
"ref": "P334706.5.4",
"inst": "Marduk[1]DN",
"sig": "@saao/saa13%akk-x-neoass:{d}AMAR.UTU=Marduk[1//1]DN'DN$Marduk",
"f": {"lang": "akk-x-neoass",
"form": "{d}AMAR.UTU",
"cf": "Marduk",
"gw": "1",
"sense": "1",
"norm": "Marduk",
"pos": "DN",
"epos": "DN"}
}
,
{
"node": "l",
"frag": "a-na",
"id": "P334706.l02574",
"ref": "P334706.5.5",
"inst": "ana[to]PRP",
"sig": "@saao/saa13%akk-x-neoass:a-na=ana[to//to]PRP'PRP$ana",
"f": {"lang": "akk-x-neoass",
"form": "a-na",
"cf": "ana",
"gw": "to",
"sense": "to",
"norm": "ana",
"pos": "PRP",
"epos": "PRP"}
}
,
{
"node": "l",
"frag": "LUGAL",
"id": "P334706.l02575",
"ref": "P334706.5.6",
"inst": "šarri[king]N",
"sig": "@saao/saa13%akk-x-neoass:LUGAL=šarru[king//king]N'N$šarri",
"f": {"lang": "akk-x-neoass",
"form": "LUGAL",
"cf": "šarru",
"gw": "king",
"sense": "king",
"norm": "šarri",
"pos": "N",
"epos": "N"}
}
,
{
"node": "l",
"frag": "EN-ia",
"id": "P334706.l02576",
"ref": "P334706.5.7",
"inst": "bēlīya[lord]N",
"sig": "@saao/saa13%akk-x-neoass:EN-ia=bēlu[lord//lord]N'N$bēlīya",
"f": {"lang": "akk-x-neoass",
"form": "EN-ia",
"cf": "bēlu",
"gw": "lord",
"sense": "lord",
"norm": "bēlīya",
"pos": "N",
"epos": "N"}
}
,
{
"node": "d",
"type": "line-start",
"ref": "P334706.6",
"n": "5",
"label": "o 5"}
,
{
"node": "l",
"frag": "[lik-ru]-bu",
"id": "P334706.l02577",
"ref": "P334706.6.1",
"inst": "likrubu[bless]V",
"sig": "@saao/saa13%akk-x-neoass:lik-ru-bu=karābu[pray//bless]V'V$likrubu",
"f": {"lang": "akk-x-neoass",
"form": "lik-ru-bu",
"cf": "karābu",
"gw": "pray",
"sense": "bless",
"norm": "likrubu",
"pos": "V",
"epos": "V"}
}
,
{
"node": "l",
"frag": "{d}NIN.LIL₂",
"id": "P334706.l02578",
"ref": "P334706.6.2",
"inst": "Mullissu[1]DN",
"sig": "@saao/saa13%akk-x-neoass:{d}NIN.LIL₂=Mullissu[1//1]DN'DN$Mullissu",
"f": {"lang": "akk-x-neoass",
"form": "{d}NIN.LIL₂",
"cf": "Mullissu",
"gw": "1",
"sense": "1",
"norm": "Mullissu",
"pos": "DN",
"epos": "DN"}
}
,
{
"node": "l",
"frag": "um-mu",
"id": "P334706.l02579",
"ref": "P334706.6.3",
"inst": "+ummu[mother]N$",
"sig": "@saao/saa13%akk-x-neoass:um-mu=ummu[mother//mother]N'N$ummu",
"f": {"lang": "akk-x-neoass",
"form": "um-mu",
"cf": "ummu",
"gw": "mother",
"sense": "mother",
"norm": "ummu",
"pos": "N",
"epos": "N"}
}
,
{
"node": "l",
"frag": "re-mi-ni-tum",
"id": "P334706.l0257a",
"ref": "P334706.6.4",
"inst": "+rēmēnû[merciful]AJ$rēmīnītu",
"sig": "@saao/saa13%akk-x-neoass:re-mi-ni-tum=rēmēnû[merciful//merciful]AJ'AJ$rēmīnītu",
"f": {"lang": "akk-x-neoass",
"form": "re-mi-ni-tum",
"cf": "rēmēnû",
"gw": "merciful",
"sense": "merciful",
"norm": "rēmīnītu",
"pos": "AJ",
"epos": "AJ"}
}
,
{
"node": "d",
"type": "line-start",
"ref": "P334706.7",
"n": "6",
"label": "o 6"}
,
{
"node": "l",
"frag": "[ni]-iš-IGI.2-MEŠ-ša₂",
"id": "P334706.l0257b",
"ref": "P334706.7.1",
"cof-tails": "P334706.l0257c",
"inst": "+nīšu[lifting]N$nīš&+īnu[eye]N$ēnātīša",
"newsig": "@saao/saa13%akk-x-neoass:ni-iš-IGI.2-MEŠ-ša₂=nīšu[lifting//lifting]N'N$nīš&&@saao/saa13%akk-x-neoass:ni-iš-IGI.2-MEŠ-ša₂=īnu[eye//eye]N'N$ēnātīša",
"f": {"lang": "akk-x-neoass",
"form": "ni-iš-IGI.2-MEŠ-ša₂",
"cf": "nīšu",
"gw": "lifting",
"sense": "lifting",
"norm": "nīš",
"pos": "N",
"epos": "N"}
}
,
{
"node": "l",
"frag": "[ni]-iš-IGI.2-MEŠ-ša₂",
"id": "P334706.l0257c",
"ref": "P334706.7.1",
"cof-head": "P334706.l0257b",
"inst": "+nīšu[lifting]N$nīš&+īnu[eye]N$ēnātīša",
"f": {"lang": "akk-x-neoass",
"form": "ni-iš-IGI.2-MEŠ-ša₂",
"cf": "īnu",
"gw": "eye",
"sense": "eye",
"norm": "ēnātīša",
"pos": "N",
"epos": "N"}
}
,
{
"node": "l",
"frag": "KUG-MEŠ",
"id": "P334706.l0257d",
"ref": "P334706.7.2",
"inst": "+ellu[pure]AJ$ellāti",
"sig": "@saao/saa13%akk-x-neoass:KUG-MEŠ=ellu[pure//pure]AJ'AJ$ellāti",
"f": {"lang": "akk-x-neoass",
"form": "KUG-MEŠ",
"cf": "ellu",
"gw": "pure",
"sense": "pure",
"norm": "ellāti",
"pos": "AJ",
"epos": "AJ"}
}
,
{
"node": "l",
"frag": "a-na",
"id": "P334706.l0257e",
"ref": "P334706.7.3",
"inst": "ana[to]PRP",
"sig": "@saao/saa13%akk-x-neoass:a-na=ana[to//to]PRP'PRP$ana",
"f": {"lang": "akk-x-neoass",
"form": "a-na",
"cf": "ana",
"gw": "to",
"sense": "to",
"norm": "ana",
"pos": "PRP",
"epos": "PRP"}
}
,
{
"node": "l",
"frag": "LUGAL",
"id": "P334706.l0257f",
"ref": "P334706.7.4",
"inst": "šar[king]N",
"sig": "@saao/saa13%akk-x-neoass:LUGAL=šarru[king//king]N'N$šar",
"f": {"lang": "akk-x-neoass",
"form": "LUGAL",
"cf": "šarru",
"gw": "king",
"sense": "king",
"norm": "šar",
"pos": "N",
"epos": "N"}
}
,
{
"node": "l",
"frag": "LUGAL-MEŠ",
"id": "P334706.l02580",
"ref": "P334706.7.5",
"inst": "šarrāni[king]N",
"sig": "@saao/saa13%akk-x-neoass:LUGAL-MEŠ=šarru[king//king]N'N$šarrāni",
"f": {"lang": "akk-x-neoass",
"form": "LUGAL-MEŠ",
"cf": "šarru",
"gw": "king",
"sense": "king",
"norm": "šarrāni",
"pos": "N",
"epos": "N"}
}
,
{
"node": "l",
"frag": "EN-ia",
"id": "P334706.l02581",
"ref": "P334706.7.6",
"inst": "bēlīya[lord]N",
"sig": "@saao/saa13%akk-x-neoass:EN-ia=bēlu[lord//lord]N'N$bēlīya",
"f": {"lang": "akk-x-neoass",
"form": "EN-ia",
"cf": "bēlu",
"gw": "lord",
"sense": "lord",
"norm": "bēlīya",
"pos": "N",
"epos": "N"}
}
,
{
"node": "d",
"type": "line-start",
"ref": "P334706.8",
"n": "7",
"label": "o 7"}
,
{
"node": "l",
"frag": "ha-diš",
"id": "P334706.l02582",
"ref": "P334706.8.1",
"inst": "+hadîš[joyfully]AV$hadīš",
"sig": "@saao/saa13%akk-x-neoass:ha-diš=hadîš[joyfully//joyfully]AV'AV$hadīš",
"f": {"lang": "akk-x-neoass",
"form": "ha-diš",
"cf": "hadîš",
"gw": "joyfully",
"sense": "joyfully",
"norm": "hadīš",
"pos": "AV",
"epos": "AV"}
}
,
{
"node": "l",
"frag": "lu-u",
"id": "P334706.l02583",
"ref": "P334706.8.2",
"inst": "lū[may]MOD",
"sig": "@saao/saa13%akk-x-neoass:lu-u=lū[may//may]MOD'MOD$lū",
"f": {"lang": "akk-x-neoass",
"form": "lu-u",
"cf": "lū",
"gw": "may",
"sense": "may",
"norm": "lū",
"pos": "MOD",
"epos": "MOD"}
}
,
{
"node": "l",
"frag": "tap-pi-lis",
"id": "P334706.l02584",
"ref": "P334706.8.3",
"inst": "+palāsu[look (at)]V$tappilis",
"sig": "@saao/saa13%akk-x-neoass:tap-pi-lis=palāsu[look (at)//look (at)]V'V$tappilis",
"f": {"lang": "akk-x-neoass",
"form": "tap-pi-lis",
"cf": "palāsu",
"gw": "look (at)",
"sense": "look (at)",
"norm": "tappilis",
"pos": "V",
"epos": "V"}
}
,
{
"node": "l",
"frag": "li-i-tu",
"id": "P334706.l02585",
"ref": "P334706.8.4",
"inst": "+lītu[victory]N$",
"sig": "@saao/saa13%akk-x-neoass:li-i-tu=lītu[victory//victory]N'N$lītu",
"f": {"lang": "akk-x-neoass",
"form": "li-i-tu",
"cf": "lītu",
"gw": "victory",
"sense": "victory",
"norm": "lītu",
"pos": "N",
"epos": "N"}
}
,
{
"node": "l",
"frag": "da-na-nu",
"id": "P334706.l02586",
"ref": "P334706.8.5",
"inst": "+danānu[be(come) strong//strength]V'N$",
"sig": "@saao/saa13%akk-x-neoass:da-na-nu=danānu[be(come) strong//strength]V'N$danānu",
"f": {"lang": "akk-x-neoass",
"form": "da-na-nu",
"cf": "danānu",
"gw": "be(come) strong",
"sense": "strength",
"norm": "danānu",
"pos": "V",
"epos": "N"}
}
,
{
"node": "d",
"type": "line-start",
"ref": "P334706.9",
"n": "8",
"label": "o 8"}
,
{
"node": "l",
"frag": "[a]-na",
"id": "P334706.l02587",
"ref": "P334706.9.1",
"inst": "ana[to]PRP",
"sig": "@saao/saa13%akk-x-neoass:a-na=ana[to//to]PRP'PRP$ana",
"f": {"lang": "akk-x-neoass",
"form": "a-na",
"cf": "ana",
"gw": "to",
"sense": "to",
"norm": "ana",
"pos": "PRP",
"epos": "PRP"}
}
,
{
"node": "l",
"frag": "LUGAL",
"id": "P334706.l02588",
"ref": "P334706.9.2",
"inst": "šar[king]N",
"sig": "@saao/saa13%akk-x-neoass:LUGAL=šarru[king//king]N'N$šar",
"f": {"lang": "akk-x-neoass",
"form": "LUGAL",
"cf": "šarru",
"gw": "king",
"sense": "king",
"norm": "šar",
"pos": "N",
"epos": "N"}
}
,
{
"node": "l",
"frag": "LUGAL-MEŠ-ni",
"id": "P334706.l02589",
"ref": "P334706.9.3",
"inst": "šarrāni[king]N",
"sig": "@saao/saa13%akk-x-neoass:LUGAL-MEŠ-ni=šarru[king//king]N'N$šarrāni",
"f": {"lang": "akk-x-neoass",
"form": "LUGAL-MEŠ-ni",
"cf": "šarru",
"gw": "king",
"sense": "king",
"norm": "šarrāni",
"pos": "N",
"epos": "N"}
}
,
{
"node": "l",
"frag": "EN-ia",
"id": "P334706.l0258a",
"ref": "P334706.9.4",
"inst": "bēlīya[lord]N",
"sig": "@saao/saa13%akk-x-neoass:EN-ia=bēlu[lord//lord]N'N$bēlīya",
"f": {"lang": "akk-x-neoass",
"form": "EN-ia",
"cf": "bēlu",
"gw": "lord",
"sense": "lord",
"norm": "bēlīya",
"pos": "N",
"epos": "N"}
}
,
{
"node": "l",
"frag": "lu",
"id": "P334706.l0258b",
"ref": "P334706.9.5",
"inst": "lū[may]MOD",
"sig": "@saao/saa13%akk-x-neoass:lu=lū[may//may]MOD'MOD$lū",
"f": {"lang": "akk-x-neoass",
"form": "lu",
"cf": "lū",
"gw": "may",
"sense": "may",
"norm": "lū",
"pos": "MOD",
"epos": "MOD"}
}
,
{
"node": "l",
"frag": "taš-ru-[uk]",
"id": "P334706.l0258c",
"ref": "P334706.9.6",
"inst": "+šarāku[present//grant]V'V$tašruk",
"sig": "@saao/saa13%akk-x-neoass:taš-ru-uk=šarāku[present//grant]V'V$tašruk",
"f": {"lang": "akk-x-neoass",
"form": "taš-ru-uk",
"cf": "šarāku",
"gw": "present",
"sense": "grant",
"norm": "tašruk",
"pos": "V",
"epos": "V"}
}
,
{
"node": "d",
"type": "line-start",
"ref": "P334706.10",
"n": "9",
"label": "o 9"}
,
{
"node": "l",
"frag": "TA",
"id": "P334706.l0258d",
"ref": "P334706.10.1",
"inst": "+ištu[from+=from]PRP$issu",
"sig": "@saao/saa13%akk-x-neoass:TA=ištu[from//from]PRP'PRP$issu",
"f": {"lang": "akk-x-neoass",
"form": "TA",
"cf": "ištu",
"gw": "from",
"sense": "from",
"norm": "issu",
"pos": "PRP",
"epos": "PRP"}
}
,
{
"node": "l",
"frag": "⸢UGU",
"id": "P334706.l0258e",
"ref": "P334706.10.2",
"inst": "+muhhu[skull]N$muhhi",
"sig": "@saao/saa13%akk-x-neoass:UGU=muhhu[skull//skull]N'N$muhhi",
"f": {"lang": "akk-x-neoass",
"form": "UGU",
"cf": "muhhu",
"gw": "skull",
"sense": "skull",
"norm": "muhhi",
"pos": "N",
"epos": "N"}
}
,
{
"node": "l",
"frag": "x",
"id": "P334706.l0258f",
"ref": "P334706.10.3",
"inst": "u",
"f": {"lang": "akk-x-neoass",
"form": "x",
"pos": "u"}
}
,
{
"node": "l",
"frag": "x",
"id": "P334706.l02590",
"ref": "P334706.10.4",
"inst": "u",
"f": {"lang": "akk-x-neoass",
"form": "x",
"pos": "u"}
}
,
{
"node": "l",
"frag": "x⸣",
"id": "P334706.l02591",
"ref": "P334706.10.5",
"inst": "u",
"f": {"lang": "akk-x-neoass",
"form": "x",
"pos": "u"}
}
,
{
"node": "l",
"frag": "LUGAL-ti-ka",
"id": "P334706.l02592",
"ref": "P334706.10.6",
"inst": "šarrūtīka[kingship]N",
"sig": "@saao/saa13%akk-x-neoass:LUGAL-ti-ka=šarrūtu[kingship//kingship]N'N$šarrūtīka",
"f": {"lang": "akk-x-neoass",
"form": "LUGAL-ti-ka",
"cf": "šarrūtu",
"gw": "kingship",
"sense": "kingship",
"norm": "šarrūtīka",
"pos": "N",
"epos": "N"}
}
,
{
"node": "l",
"frag": "šu-[x",
"id": "P334706.l02593",
"ref": "P334706.10.7",
"inst": "u",
"f": {"lang": "akk-x-neoass",
"form": "šu-x",
"pos": "u"}
}
,
{
"node": "l",
"frag": "x]",
"id": "P334706.l02594",
"ref": "P334706.10.8",
"inst": "u",
"f": {"lang": "akk-x-neoass",
"form": "x",
"pos": "u"}
}
,
{
"node": "d",
"type": "line-start",
"ref": "P334706.11",
"n": "10",
"label": "o 10"}
,
{
"node": "l",
"frag": "[x",
"id": "P334706.l02595",
"ref": "P334706.11.1",
"inst": "u",
"f": {"lang": "akk-x-neoass",
"form": "x",
"pos": "u"}
}
,
{
"node": "l",
"frag": "x",
"id": "P334706.l02596",
"ref": "P334706.11.2",
"inst": "u",
"f": {"lang": "akk-x-neoass",
"form": "x",
"pos": "u"}
}
,
{
"node": "l",
"frag": "x",
"id": "P334706.l02597",
"ref": "P334706.11.3",
"inst": "u",
"f": {"lang": "akk-x-neoass",
"form": "x",
"pos": "u"}
}
,
{
"node": "l",
"frag": "x",
"id": "P334706.l02598",
"ref": "P334706.11.4",
"inst": "u",
"f": {"lang": "akk-x-neoass",
"form": "x",
"pos": "u"}
}
,
{
"node": "l",
"frag": "x",
"id": "P334706.l02599",
"ref": "P334706.11.5",
"inst": "u",
"f": {"lang": "akk-x-neoass",
"form": "x",
"pos": "u"}
}
,
{
"node": "l",
"frag": "x",
"id": "P334706.l0259a",
"ref": "P334706.11.6",
"inst": "u",
"f": {"lang": "akk-x-neoass",
"form": "x",
"pos": "u"}
}
,
{
"node": "l",
"frag": "x",
"id": "P334706.l0259b",
"ref": "P334706.11.7",
"inst": "u",
"f": {"lang": "akk-x-neoass",
"form": "x",
"pos": "u"}
}
,
{
"node": "l",
"frag": "x",
"id": "P334706.l0259c",
"ref": "P334706.11.8",
"inst": "u",
"f": {"lang": "akk-x-neoass",
"form": "x",
"pos": "u"}
}
,
{
"node": "l",
"frag": "x",
"id": "P334706.l0259d",
"ref": "P334706.11.9",
"inst": "u",
"f": {"lang": "akk-x-neoass",
"form": "x",
"pos": "u"}
}
,
{
"node": "l",
"frag": "x",
"id": "P334706.l0259e",
"ref": "P334706.11.10",
"inst": "u",
"f": {"lang": "akk-x-neoass",
"form": "x",
"pos": "u"}
}
,
{
"node": "l",
"frag": "x",
"id": "P334706.l0259f",
"ref": "P334706.11.11",
"inst": "u",
"f": {"lang": "akk-x-neoass",
"form": "x",
"pos": "u"}
}
,
{
"node": "l",
"frag": "x]",
"id": "P334706.l025a0",
"ref": "P334706.11.12",
"inst": "u",
"f": {"lang": "akk-x-neoass",
"form": "x",
"pos": "u"}
}
,
{
"node": "d",
"subtype": "reverse",
"type": "surface",
"ref": "P334706.r.12",
"type": "reverse",
"label": "r"}
,
{
"node": "d",
"type": "nonx",
"ref": "P334706.13",
"strict": "0",
"extent": "beginning",
"state": "missing"}
,
{
"node": "d",
"type": "line-start",
"ref": "P334706.14",
"n": "1'",
"label": "r 1'"}
,
{
"node": "l",
"frag": "lu",
"id": "P334706.l025a1",
"ref": "P334706.14.1",
"inst": "lū[may]MOD",
"sig": "@saao/saa13%akk-x-neoass:lu=lū[may//may]MOD'MOD$lū",
"f": {"lang": "akk-x-neoass",
"form": "lu",
"cf": "lū",
"gw": "may",
"sense": "may",
"norm": "lū",
"pos": "MOD",
"epos": "MOD"}
}
,
{
"node": "l",
"frag": "[x",
"id": "P334706.l025a2",
"ref": "P334706.14.2",
"inst": "u",
"f": {"lang": "akk-x-neoass",
"form": "x",
"pos": "u"}
}
,
{
"node": "l",
"frag": "x",
"id": "P334706.l025a3",
"ref": "P334706.14.3",
"inst": "u",
"f": {"lang": "akk-x-neoass",
"form": "x",
"pos": "u"}
}
,
{
"node": "l",
"frag": "x",
"id": "P334706.l025a4",
"ref": "P334706.14.4",
"inst": "u",
"f": {"lang": "akk-x-neoass",
"form": "x",
"pos": "u"}
}
,
{
"node": "l",
"frag": "x",
"id": "P334706.l025a5",
"ref": "P334706.14.5",
"inst": "u",
"f": {"lang": "akk-x-neoass",
"form": "x",
"pos": "u"}
}
,
{
"node": "l",
"frag": "x",
"id": "P334706.l025a6",
"ref": "P334706.14.6",
"inst": "u",
"f": {"lang": "akk-x-neoass",
"form": "x",
"pos": "u"}
}
,
{
"node": "l",
"frag": "x",
"id": "P334706.l025a7",
"ref": "P334706.14.7",
"inst": "u",
"f": {"lang": "akk-x-neoass",
"form": "x",
"pos": "u"}
}
,
{
"node": "l",
"frag": "x",
"id": "P334706.l025a8",
"ref": "P334706.14.8",
"inst": "u",
"f": {"lang": "akk-x-neoass",
"form": "x",
"pos": "u"}
}
,
{
"node": "l",
"frag": "x",
"id": "P334706.l025a9",
"ref": "P334706.14.9",
"inst": "u",
"f": {"lang": "akk-x-neoass",
"form": "x",
"pos": "u"}
}
,
{
"node": "l",
"frag": "x]",
"id": "P334706.l025aa",
"ref": "P334706.14.10",
"inst": "u",
"f": {"lang": "akk-x-neoass",
"form": "x",
"pos": "u"}
}
,
{
"node": "d",
"type": "line-start",
"ref": "P334706.15",
"n": "2'",
"label": "r 2'"}
,
{
"node": "l",
"frag": "ma-ṣar-[x",
"id": "P334706.l025ab",
"ref": "P334706.15.1",
"inst": "u",
"f": {"lang": "akk-x-neoass",
"form": "ma-ṣar-x",
"pos": "u"}
}
,
{
"node": "l",
"frag": "x",
"id": "P334706.l025ac",
"ref": "P334706.15.2",
"inst": "u",
"f": {"lang": "akk-x-neoass",
"form": "x",
"pos": "u"}
}
,
{
"node": "l",
"frag": "x",
"id": "P334706.l025ad",
"ref": "P334706.15.3",
"inst": "u",
"f": {"lang": "akk-x-neoass",
"form": "x",
"pos": "u"}
}
,
{
"node": "l",
"frag": "x",
"id": "P334706.l025ae",
"ref": "P334706.15.4",
"inst": "u",
"f": {"lang": "akk-x-neoass",
"form": "x",
"pos": "u"}
}
,
{
"node": "l",
"frag": "x",
"id": "P334706.l025af",
"ref": "P334706.15.5",
"inst": "u",
"f": {"lang": "akk-x-neoass",
"form": "x",
"pos": "u"}
}
,
{
"node": "l",
"frag": "x",
"id": "P334706.l025b0",
"ref": "P334706.15.6",
"inst": "u",
"f": {"lang": "akk-x-neoass",
"form": "x",
"pos": "u"}
}
,
{
"node": "l",
"frag": "x",
"id": "P334706.l025b1",
"ref": "P334706.15.7",
"inst": "u",
"f": {"lang": "akk-x-neoass",
"form": "x",
"pos": "u"}
}
,
{
"node": "l",
"frag": "x]",
"id": "P334706.l025b2",
"ref": "P334706.15.8",
"inst": "u",
"f": {"lang": "akk-x-neoass",
"form": "x",
"pos": "u"}
}
,
{
"node": "d",
"type": "line-start",
"ref": "P334706.16",
"n": "3'",
"label": "r 3'"}
,
{
"node": "l",
"frag": "li-iṣ-⸢x⸣+[x",
"id": "P334706.l025b3",
"ref": "P334706.16.1",
"inst": "u",
"f": {"lang": "akk-x-neoass",
"form": "li-iṣ-x+x",
"pos": "u"}
}
,
{
"node": "l",
"frag": "x",
"id": "P334706.l025b4",
"ref": "P334706.16.2",
"inst": "u",
"f": {"lang": "akk-x-neoass",
"form": "x",
"pos": "u"}
}
,
{
"node": "l",
"frag": "x",
"id": "P334706.l025b5",
"ref": "P334706.16.3",
"inst": "u",
"f": {"lang": "akk-x-neoass",
"form": "x",
"pos": "u"}
}
,
{
"node": "l",
"frag": "x",
"id": "P334706.l025b6",
"ref": "P334706.16.4",
"inst": "u",
"f": {"lang": "akk-x-neoass",
"form": "x",
"pos": "u"}
}
,
{
"node": "l",
"frag": "x",
"id": "P334706.l025b7",
"ref": "P334706.16.5",
"inst": "u",
"f": {"lang": "akk-x-neoass",
"form": "x",
"pos": "u"}
}
,
{
"node": "l",
"frag": "x",
"id": "P334706.l025b8",
"ref": "P334706.16.6",
"inst": "u",
"f": {"lang": "akk-x-neoass",
"form": "x",
"pos": "u"}
}
,
{
"node": "l",
"frag": "x]-ti",
"id": "P334706.l025b9",
"ref": "P334706.16.7",
"inst": "u",
"f": {"lang": "akk-x-neoass",
"form": "x-ti",
"pos": "u"}
}
,
{
"node": "d",
"type": "line-start",
"ref": "P334706.17",
"n": "4'",
"label": "r 4'"}
,
{
"node": "l",
"frag": "[x",
"id": "P334706.l025ba",
"ref": "P334706.17.1",
"inst": "u",
"f": {"lang": "akk-x-neoass",
"form": "x",
"pos": "u"}
}
,
{
"node": "l",
"frag": "x]-ti",
"id": "P334706.l025bb",
"ref": "P334706.17.2",
"inst": "u",
"f": {"lang": "akk-x-neoass",
"form": "x-ti",
"pos": "u"}
}
,
{
"node": "l",
"frag": "⸢x⸣+[x",
"id": "P334706.l025bc",
"ref": "P334706.17.3",
"inst": "u",
"f": {"lang": "akk-x-neoass",
"form": "x+x",
"pos": "u"}
}
,
{
"node": "l",
"frag": "x",
"id": "P334706.l025bd",
"ref": "P334706.17.4",
"inst": "u",
"f": {"lang": "akk-x-neoass",
"form": "x",
"pos": "u"}
}
,
{
"node": "l",
"frag": "x",
"id": "P334706.l025be",
"ref": "P334706.17.5",
"inst": "u",
"f": {"lang": "akk-x-neoass",
"form": "x",
"pos": "u"}
}
,
{
"node": "l",
"frag": "x",
"id": "P334706.l025bf",
"ref": "P334706.17.6",
"inst": "u",
"f": {"lang": "akk-x-neoass",
"form": "x",
"pos": "u"}
}
,
{
"node": "l",
"frag": "x",
"id": "P334706.l025c0",
"ref": "P334706.17.7",
"inst": "u",
"f": {"lang": "akk-x-neoass",
"form": "x",
"pos": "u"}
}
,
{
"node": "l",
"frag": "x",
"id": "P334706.l025c1",
"ref": "P334706.17.8",
"inst": "u",
"f": {"lang": "akk-x-neoass",
"form": "x",
"pos": "u"}
}
,
{
"node": "l",
"frag": "x]-ib",
"id": "P334706.l025c2",
"ref": "P334706.17.9",
"inst": "u",
"f": {"lang": "akk-x-neoass",
"form": "x-ib",
"pos": "u"}
}
,
{
"node": "d",
"type": "line-start",
"ref": "P334706.18",
"n": "5'",
"label": "r 5'"}
,
{
"node": "l",
"frag": "[x",
"id": "P334706.l025c3",
"ref": "P334706.18.1",
"inst": "u",
"f": {"lang": "akk-x-neoass",
"form": "x",
"pos": "u"}
}
,
{
"node": "l",
"frag": "x]+⸢x⸣",
"id": "P334706.l025c4",
"ref": "P334706.18.2",
"inst": "u",
"f": {"lang": "akk-x-neoass",
"form": "x+x",
"pos": "u"}
}
,
{
"node": "l",
"frag": "ma-ṣar-tu",
"id": "P334706.l025c5",
"ref": "P334706.18.3",
"inst": "maṣṣartu[guard]N",
"sig": "@saao/saa13%akk-x-neoass:ma-ṣar-tu=maṣṣartu[observation//guard]N'N$maṣṣartu",
"f": {"lang": "akk-x-neoass",
"form": "ma-ṣar-tu",
"cf": "maṣṣartu",
"gw": "observation",
"sense": "guard",
"norm": "maṣṣartu",
"pos": "N",
"epos": "N"}
}
,
{
"node": "l",
"frag": "⸢x⸣+[x]+⸢x⸣+[x",
"id": "P334706.l025c6",
"ref": "P334706.18.4",
"inst": "u",
"f": {"lang": "akk-x-neoass",
"form": "x+x+x+x",
"pos": "u"}
}
,
{
"node": "l",
"frag": "x",
"id": "P334706.l025c7",
"ref": "P334706.18.5",
"inst": "u",
"f": {"lang": "akk-x-neoass",
"form": "x",
"pos": "u"}
}
,
{
"node": "l",
"frag": "x]+⸢x⸣",
"id": "P334706.l025c8",
"ref": "P334706.18.6",
"inst": "u",
"f": {"lang": "akk-x-neoass",
"form": "x+x",
"pos": "u"}
}
,
{
"node": "l",
"frag": "ši-i",
"id": "P334706.l025c9",
"ref": "P334706.18.7",
"inst": "šî[it]IP",
"sig": "@saao/saa13%akk-x-neoass:ši-i=šī[she//it]IP'IP$šî",
"f": {"lang": "akk-x-neoass",
"form": "ši-i",
"cf": "šī",
"gw": "she",
"sense": "it",
"norm": "šî",
"pos": "IP",
"epos": "IP"}
}
,
{
"node": "d",
"type": "line-start",
"ref": "P334706.19",
"n": "6'",
"label": "r 6'"}
,
{
"node": "l",
"frag": "[x",
"id": "P334706.l025ca",
"ref": "P334706.19.1",
"inst": "u",
"f": {"lang": "akk-x-neoass",
"form": "x",
"pos": "u"}
}
,
{
"node": "l",
"frag": "x]+⸢x⸣",
"id": "P334706.l025cb",
"ref": "P334706.19.2",
"inst": "u",
"f": {"lang": "akk-x-neoass",
"form": "x+x",
"pos": "u"}
}
,
{
"node": "l",
"frag": "a-na-ṣar",
"id": "P334706.l025cc",
"ref": "P334706.19.3",
"inst": "anaṣṣar[keep guard]V",
"sig": "@saao/saa13%akk-x-neoass:a-na-ṣar=naṣāru[guard//keep guard]V'V$anaṣṣar",
"f": {"lang": "akk-x-neoass",
"form": "a-na-ṣar",
"cf": "naṣāru",
"gw": "guard",
"sense": "keep guard",
"norm": "anaṣṣar",
"pos": "V",
"epos": "V"}
}
,
{
"node": "l",
"frag": "it-[x]+⸢x⸣",
"id": "P334706.l025cd",
"ref": "P334706.19.4",
"inst": "u",
"f": {"lang": "akk-x-neoass",
"form": "it-x+x",
"pos": "u"}
}
,
{
"node": "l",
"frag": "a-na",
"id": "P334706.l025ce",
"ref": "P334706.19.5",
"inst": "ana[for]PRP",
"sig": "@saao/saa13%akk-x-neoass:a-na=ana[to//for]PRP'PRP$ana",
"f": {"lang": "akk-x-neoass",
"form": "a-na",
"cf": "ana",
"gw": "to",
"sense": "for",
"norm": "ana",
"pos": "PRP",
"epos": "PRP"}
}
,
{
"node": "l",
"frag": "LUGAL",
"id": "P334706.l025cf",
"ref": "P334706.19.6",
"inst": "šarri[king]N",
"sig": "@saao/saa13%akk-x-neoass:LUGAL=šarru[king//king]N'N$šarri",
"f": {"lang": "akk-x-neoass",
"form": "LUGAL",
"cf": "šarru",
"gw": "king",
"sense": "king",
"norm": "šarri",
"pos": "N",
"epos": "N"}
}
,
{
"node": "l",
"frag": "EN-ia",
"id": "P334706.l025d0",
"ref": "P334706.19.7",
"inst": "bēlīya[lord]N",
"sig": "@saao/saa13%akk-x-neoass:EN-ia=bēlu[lord//lord]N'N$bēlīya",
"f": {"lang": "akk-x-neoass",
"form": "EN-ia",
"cf": "bēlu",
"gw": "lord",
"sense": "lord",
"norm": "bēlīya",
"pos": "N",
"epos": "N"}
}
,
{
"node": "d",
"type": "line-start",
"ref": "P334706.20",
"n": "7'",
"label": "r 7'"}
,
{
"node": "l",
"frag": "[x",
"id": "P334706.l025d1",
"ref": "P334706.20.1",
"inst": "u",
"f": {"lang": "akk-x-neoass",
"form": "x",
"pos": "u"}
}
,
{
"node": "l",
"frag": "x]-⸢ta⸣-di",
"id": "P334706.l025d2",
"ref": "P334706.20.2",
"inst": "u",
"f": {"lang": "akk-x-neoass",
"form": "x-ta-di",
"pos": "u"}
}
,
{
"node": "l",
"frag": "a-na",
"id": "P334706.l025d3",
"ref": "P334706.20.3",
"inst": "ana[to]PRP",
"sig": "@saao/saa13%akk-x-neoass:a-na=ana[to//to]PRP'PRP$ana",
"f": {"lang": "akk-x-neoass",
"form": "a-na",
"cf": "ana",
"gw": "to",
"sense": "to",
"norm": "ana",
"pos": "PRP",
"epos": "PRP"}
}
,
{
"node": "l",
"frag": "[x",
"id": "P334706.l025d4",
"ref": "P334706.20.4",
"inst": "u",
"f": {"lang": "akk-x-neoass",
"form": "x",
"pos": "u"}
}
,
{
"node": "l",
"frag": "x",
"id": "P334706.l025d5",
"ref": "P334706.20.5",
"inst": "u",
"f": {"lang": "akk-x-neoass",
"form": "x",
"pos": "u"}
}
,
{
"node": "l",
"frag": "x]",
"id": "P334706.l025d6",
"ref": "P334706.20.6",
"inst": "u",
"f": {"lang": "akk-x-neoass",
"form": "x",
"pos": "u"}
}
,
{
"node": "l",
"frag": "lu-di",
"id": "P334706.l025d7",
"ref": "P334706.20.7",
"inst": "u",
"f": {"lang": "akk-x-neoass",
"form": "lu-di",
"pos": "u"}
}
,
{
"node": "d",
"type": "line-start",
"ref": "P334706.21",
"n": "8'",
"label": "r 8'"}
,
{
"node": "l",
"frag": "[x",
"id": "P334706.l025d8",
"ref": "P334706.21.1",
"inst": "u",
"f": {"lang": "akk-x-neoass",
"form": "x",
"pos": "u"}
}
,
{
"node": "l",
"frag": "x]",
"id": "P334706.l025d9",
"ref": "P334706.21.2",
"inst": "u",
"f": {"lang": "akk-x-neoass",
"form": "x",
"pos": "u"}
}
,
{
"node": "l",
"frag": "šar",
"id": "P334706.l025da",
"ref": "P334706.21.3",
"inst": "u",
"f": {"lang": "akk-x-neoass",
"form": "šar",
"pos": "u"}
}
,
{
"node": "l",
"frag": "ka",
"id": "P334706.l025db",
"ref": "P334706.21.4",
"inst": "u",
"f": {"lang": "akk-x-neoass",
"form": "ka",
"pos": "u"}
}
,
{
"node": "l",
"frag": "lu",
"id": "P334706.l025dc",
"ref": "P334706.21.5",
"inst": "u",
"f": {"lang": "akk-x-neoass",
"form": "lu",
"pos": "u"}
}
,
{
"node": "l",
"frag": "u₂",
"id": "P334706.l025dd",
"ref": "P334706.21.6",
"inst": "u",
"f": {"lang": "akk-x-neoass",
"form": "u₂",
"pos": "u"}
}
,
{
"node": "d",
"type": "line-start",
"ref": "P334706.22",
"n": "9'",
"label": "r 9'"}
,
{
"node": "l",
"frag": "u₂-ma-a",
"id": "P334706.l025de",
"ref": "P334706.22.1",
"inst": "ūmâ[now]AV",
"sig": "@saao/saa13%akk-x-neoass:u₂-ma-a=ūma[today//now]AV'AV$ūmâ",
"f": {"lang": "akk-x-neoass",
"form": "u₂-ma-a",
"cf": "ūma",
"gw": "today",
"sense": "now",
"norm": "ūmâ",
"pos": "AV",
"epos": "AV"}
}
,
{
"node": "l",
"frag": "ki-i",
"id": "P334706.l025df",
"ref": "P334706.22.2",
"inst": "kî[in accordance with]PRP",
"sig": "@saao/saa13%akk-x-neoass:ki-i=kī[like//in accordance with]PRP'PRP$kî",
"f": {"lang": "akk-x-neoass",
"form": "ki-i",
"cf": "kī",
"gw": "like",
"sense": "in accordance with",
"norm": "kî",
"pos": "PRP",
"epos": "PRP"}
}
,
{
"node": "l",
"frag": "ša",
"id": "P334706.l025e0",
"ref": "P334706.22.3",
"inst": "ša[what]REL",
"sig": "@saao/saa13%akk-x-neoass:ša=ša[that//what]REL'REL$ša",
"f": {"lang": "akk-x-neoass",
"form": "ša",
"cf": "ša",
"gw": "that",
"sense": "what",
"norm": "ša",
"pos": "REL",
"epos": "REL"}
}
,
{
"node": "l",
"frag": "ina",
"id": "P334706.l025e1",
"ref": "P334706.22.4",
"inst": "+ina[in+=in]PRP$",
"sig": "@saao/saa13%akk-x-neoass:ina=ina[in//in]PRP'PRP$ina",
"f": {"lang": "akk-x-neoass",
"form": "ina",
"cf": "ina",
"gw": "in",
"sense": "in",
"norm": "ina",
"pos": "PRP",
"epos": "PRP"}
}
,
{
"node": "l",
"frag": "IGI",
"id": "P334706.l025e2",
"ref": "P334706.22.5",
"inst": "+pānu[front]N$pān",
"sig": "@saao/saa13%akk-x-neoass:IGI=pānu[front//front]N'N$pān",
"f": {"lang": "akk-x-neoass",
"form": "IGI",
"cf": "pānu",
"gw": "front",
"sense": "front",
"norm": "pān",
"pos": "N",
"epos": "N"}
}
,
{
"node": "l",
"frag": "LUGAL",
"id": "P334706.l025e3",
"ref": "P334706.22.6",
"inst": "šarri[king]N",
"sig": "@saao/saa13%akk-x-neoass:LUGAL=šarru[king//king]N'N$šarri",
"f": {"lang": "akk-x-neoass",
"form": "LUGAL",
"cf": "šarru",
"gw": "king",
"sense": "king",
"norm": "šarri",
"pos": "N",
"epos": "N"}
}
,
{
"node": "l",
"frag": "EN-ia",
"id": "P334706.l025e4",
"ref": "P334706.22.7",
"inst": "bēlīya[lord]N",
"sig": "@saao/saa13%akk-x-neoass:EN-ia=bēlu[lord//lord]N'N$bēlīya",
"f": {"lang": "akk-x-neoass",
"form": "EN-ia",
"cf": "bēlu",
"gw": "lord",
"sense": "lord",
"norm": "bēlīya",
"pos": "N",
"epos": "N"}
}
,
{
"node": "d",
"type": "line-start",
"ref": "P334706.23",
"n": "10'",
"label": "r 10'"}
,
{
"node": "l",
"frag": "ma-hir-u-ni",
"id": "P334706.l025e5",
"ref": "P334706.23.1",
"inst": "mahirūni[acceptable]AJ",
"sig": "@saao/saa13%akk-x-neoass:ma-hir-u-ni=mahru[received//acceptable]AJ'AJ$mahirūni",
"f": {"lang": "akk-x-neoass",
"form": "ma-hir-u-ni",
"cf": "mahru",
"gw": "received",
"sense": "acceptable",
"norm": "mahirūni",
"pos": "AJ",
"epos": "AJ"}
}
,
{
"node": "l",
"frag": "le-pu-šu",
"id": "P334706.l025e6",
"ref": "P334706.23.2",
"inst": "lēpušu[do]V",
"sig": "@saao/saa13%akk-x-neoass:le-pu-šu=epēšu[do//do]V'V$lēpušu",
"f": {"lang": "akk-x-neoass",
"form": "le-pu-šu",
"cf": "epēšu",
"gw": "do",
"sense": "do",
"norm": "lēpušu",
"pos": "V",
"epos": "V"}
}
]}
]}
]}
]}
