{
"type": "cdl",
  "source": "http://oracc.org/saao/saa13",
  "license": "This data is released under the CC0 license",
  "license-url": "https://creativecommons.org/publicdomain/zero/1.0/",
  "more-info": "http://oracc.org/doc/opendata/",
  "UTC-timestamp": "2017-05-19T11:46:19",
"project": "saao/saa13",
"textid": "P334248",
"cdl": [
{
"node": "c",
"type": "text",
"id": "P334248.U0",
"cdl": [
{
"node": "d",
"type": "object",
"ref": ""}
,
{
"node": "d",
"subtype": "obverse",
"type": "surface",
"ref": "P334248.o.1",
"type": "obverse",
"label": "o"}
,
{
"node": "c",
"type": "discourse",
"subtype": "body",
"id": "P334248.U1",
"cdl": [
{
"node": "c",
"type": "sentence",
"id": "P334248.U2",
"label": "o 1 - e. 3",
"cdl": [
{
"node": "d",
"type": "line-start",
"ref": "P334248.2",
"n": "1",
"label": "o 1"}
,
{
"node": "l",
"frag": "a-na",
"id": "P334248.l01966",
"ref": "P334248.2.1",
"inst": "ana[to]PRP",
"sig": "@saao/saa13%akk-x-neoass:a-na=ana[to//to]PRP'PRP$ana",
"f": {"lang": "akk-x-neoass",
"form": "a-na",
"cf": "ana",
"gw": "to",
"sense": "to",
"norm": "ana",
"pos": "PRP",
"epos": "PRP"}
}
,
{
"node": "l",
"frag": "LUGAL",
"id": "P334248.l01967",
"ref": "P334248.2.2",
"inst": "šarri[king]N",
"sig": "@saao/saa13%akk-x-neoass:LUGAL=šarru[king//king]N'N$šarri",
"f": {"lang": "akk-x-neoass",
"form": "LUGAL",
"cf": "šarru",
"gw": "king",
"sense": "king",
"norm": "šarri",
"pos": "N",
"epos": "N"}
}
,
{
"node": "l",
"frag": "be-li₂-ia",
"id": "P334248.l01968",
"ref": "P334248.2.3",
"inst": "bēlīya[lord]N",
"sig": "@saao/saa13%akk-x-neoass:be-li₂-ia=bēlu[lord//lord]N'N$bēlīya",
"f": {"lang": "akk-x-neoass",
"form": "be-li₂-ia",
"cf": "bēlu",
"gw": "lord",
"sense": "lord",
"norm": "bēlīya",
"pos": "N",
"epos": "N"}
}
,
{
"node": "d",
"type": "line-start",
"ref": "P334248.3",
"n": "2",
"label": "o 2"}
,
{
"node": "l",
"frag": "ARAD-ka",
"id": "P334248.l01969",
"ref": "P334248.3.1",
"inst": "urdaka[servant]N",
"sig": "@saao/saa13%akk-x-neoass:ARAD-ka=ardu[slave//servant]N'N$urdaka",
"f": {"lang": "akk-x-neoass",
"form": "ARAD-ka",
"cf": "ardu",
"gw": "slave",
"sense": "servant",
"norm": "urdaka",
"pos": "N",
"epos": "N"}
}
,
{
"node": "l",
"frag": "{1}{d}AG-MU-AŠ",
"id": "P334248.l0196a",
"ref": "P334248.3.2",
"inst": "+Nabu-šumu-iddina[1]PN$",
"sig": "@saao/saa13%akk-x-neoass:{1}{d}AG-MU-AŠ=Nabu-šumu-iddina[1//1]PN'PN$Nabu-šumu-iddina",
"f": {"lang": "akk-x-neoass",
"form": "{1}{d}AG-MU-AŠ",
"cf": "Nabu-šumu-iddina",
"gw": "1",
"sense": "1",
"norm": "Nabu-šumu-iddina",
"pos": "PN",
"epos": "PN"}
}
,
{
"node": "d",
"type": "line-start",
"ref": "P334248.4",
"n": "3",
"label": "o 3"}
,
{
"node": "l",
"frag": "lu",
"id": "P334248.l0196b",
"ref": "P334248.4.1",
"inst": "lū[may]MOD",
"sig": "@saao/saa13%akk-x-neoass:lu=lū[may//may]MOD'MOD$lū",
"f": {"lang": "akk-x-neoass",
"form": "lu",
"cf": "lū",
"gw": "may",
"sense": "may",
"norm": "lū",
"pos": "MOD",
"epos": "MOD"}
}
,
{
"node": "l",
"frag": "DI-mu",
"id": "P334248.l0196c",
"ref": "P334248.4.2",
"inst": "šulmu[health]N",
"sig": "@saao/saa13%akk-x-neoass:DI-mu=šulmu[completeness//health]N'N$šulmu",
"f": {"lang": "akk-x-neoass",
"form": "DI-mu",
"cf": "šulmu",
"gw": "completeness",
"sense": "health",
"norm": "šulmu",
"pos": "N",
"epos": "N"}
}
,
{
"node": "l",
"frag": "a-na",
"id": "P334248.l0196d",
"ref": "P334248.4.3",
"inst": "ana[to]PRP",
"sig": "@saao/saa13%akk-x-neoass:a-na=ana[to//to]PRP'PRP$ana",
"f": {"lang": "akk-x-neoass",
"form": "a-na",
"cf": "ana",
"gw": "to",
"sense": "to",
"norm": "ana",
"pos": "PRP",
"epos": "PRP"}
}
,
{
"node": "l",
"frag": "LUGAL",
"id": "P334248.l0196e",
"ref": "P334248.4.4",
"inst": "šarri[king]N",
"sig": "@saao/saa13%akk-x-neoass:LUGAL=šarru[king//king]N'N$šarri",
"f": {"lang": "akk-x-neoass",
"form": "LUGAL",
"cf": "šarru",
"gw": "king",
"sense": "king",
"norm": "šarri",
"pos": "N",
"epos": "N"}
}
,
{
"node": "d",
"type": "line-start",
"ref": "P334248.5",
"n": "4",
"label": "o 4"}
,
{
"node": "l",
"frag": "be-li₂-ia",
"id": "P334248.l0196f",
"ref": "P334248.5.1",
"inst": "bēlīya[lord]N",
"sig": "@saao/saa13%akk-x-neoass:be-li₂-ia=bēlu[lord//lord]N'N$bēlīya",
"f": {"lang": "akk-x-neoass",
"form": "be-li₂-ia",
"cf": "bēlu",
"gw": "lord",
"sense": "lord",
"norm": "bēlīya",
"pos": "N",
"epos": "N"}
}
,
{
"node": "l",
"frag": "a-dan-niš",
"id": "P334248.l01970",
"ref": "P334248.5.2",
"inst": "adanniš[very much]AV",
"sig": "@saao/saa13%akk-x-neoass:a-dan-niš=adanniš[very much//very much]AV'AV$adanniš",
"f": {"lang": "akk-x-neoass",
"form": "a-dan-niš",
"cf": "adanniš",
"gw": "very much",
"sense": "very much",
"norm": "adanniš",
"pos": "AV",
"epos": "AV"}
}
,
{
"node": "l",
"frag": "a-dan-niš",
"id": "P334248.l01971",
"ref": "P334248.5.3",
"inst": "adanniš[very much]AV",
"sig": "@saao/saa13%akk-x-neoass:a-dan-niš=adanniš[very much//very much]AV'AV$adanniš",
"f": {"lang": "akk-x-neoass",
"form": "a-dan-niš",
"cf": "adanniš",
"gw": "very much",
"sense": "very much",
"norm": "adanniš",
"pos": "AV",
"epos": "AV"}
}
,
{
"node": "d",
"type": "line-start",
"ref": "P334248.6",
"n": "5",
"label": "o 5"}
,
{
"node": "l",
"frag": "{d}AG",
"id": "P334248.l01972",
"ref": "P334248.6.1",
"inst": "Nabu[1]DN",
"sig": "@saao/saa13%akk-x-neoass:{d}AG=Nabu[1//1]DN'DN$Nabu",
"f": {"lang": "akk-x-neoass",
"form": "{d}AG",
"cf": "Nabu",
"gw": "1",
"sense": "1",
"norm": "Nabu",
"pos": "DN",
"epos": "DN"}
}
,
{
"node": "l",
"frag": "{d}AMAR.UTU",
"id": "P334248.l01973",
"ref": "P334248.6.2",
"inst": "Marduk[1]DN",
"sig": "@saao/saa13%akk-x-neoass:{d}AMAR.UTU=Marduk[1//1]DN'DN$Marduk",
"f": {"lang": "akk-x-neoass",
"form": "{d}AMAR.UTU",
"cf": "Marduk",
"gw": "1",
"sense": "1",
"norm": "Marduk",
"pos": "DN",
"epos": "DN"}
}
,
{
"node": "l",
"frag": "a-na",
"id": "P334248.l01974",
"ref": "P334248.6.3",
"inst": "ana[to]PRP",
"sig": "@saao/saa13%akk-x-neoass:a-na=ana[to//to]PRP'PRP$ana",
"f": {"lang": "akk-x-neoass",
"form": "a-na",
"cf": "ana",
"gw": "to",
"sense": "to",
"norm": "ana",
"pos": "PRP",
"epos": "PRP"}
}
,
{
"node": "l",
"frag": "LUGAL",
"id": "P334248.l01975",
"ref": "P334248.6.4",
"inst": "šarri[king]N",
"sig": "@saao/saa13%akk-x-neoass:LUGAL=šarru[king//king]N'N$šarri",
"f": {"lang": "akk-x-neoass",
"form": "LUGAL",
"cf": "šarru",
"gw": "king",
"sense": "king",
"norm": "šarri",
"pos": "N",
"epos": "N"}
}
,
{
"node": "d",
"type": "line-start",
"ref": "P334248.7",
"n": "6",
"label": "o 6"}
,
{
"node": "l",
"frag": "be-li₂-ia",
"id": "P334248.l01976",
"ref": "P334248.7.1",
"inst": "bēlīya[lord]N",
"sig": "@saao/saa13%akk-x-neoass:be-li₂-ia=bēlu[lord//lord]N'N$bēlīya",
"f": {"lang": "akk-x-neoass",
"form": "be-li₂-ia",
"cf": "bēlu",
"gw": "lord",
"sense": "lord",
"norm": "bēlīya",
"pos": "N",
"epos": "N"}
}
,
{
"node": "l",
"frag": "lik-ru-bu",
"id": "P334248.l01977",
"ref": "P334248.7.2",
"inst": "likrubu[bless]V",
"sig": "@saao/saa13%akk-x-neoass:lik-ru-bu=karābu[pray//bless]V'V$likrubu",
"f": {"lang": "akk-x-neoass",
"form": "lik-ru-bu",
"cf": "karābu",
"gw": "pray",
"sense": "bless",
"norm": "likrubu",
"pos": "V",
"epos": "V"}
}
,
{
"node": "d",
"type": "line-start",
"ref": "P334248.8",
"n": "7",
"label": "o 7"}
,
{
"node": "l",
"frag": "13",
"id": "P334248.l01978",
"ref": "P334248.8.1",
"inst": "n",
"f": {"lang": "akk-x-neoass",
"form": "13",
"pos": "n"}
}
,
{
"node": "l",
"frag": "{anše}KUR.RA-MEŠ",
"id": "P334248.l01979",
"ref": "P334248.8.2",
"inst": "sissê[horse]N",
"sig": "@saao/saa13%akk-x-neoass:{ANŠE}KUR.RA-MEŠ=sisû[horse//horse]N'N$sissê",
"f": {"lang": "akk-x-neoass",
"form": "{ANŠE}KUR.RA-MEŠ",
"cf": "sisû",
"gw": "horse",
"sense": "horse",
"norm": "sissê",
"pos": "N",
"epos": "N"}
}
,
{
"node": "l",
"frag": "{kur}ku-sa-a-a",
"id": "P334248.l0197a",
"ref": "P334248.8.3",
"inst": "Kusaya[Kushite]EN",
"sig": "@saao/saa13%akk-x-neoass:{KUR}ku-sa-a-a=Kusaya[Kushite//Kushite]EN'EN$Kusaya",
"f": {"lang": "akk-x-neoass",
"form": "{KUR}ku-sa-a-a",
"cf": "Kusaya",
"gw": "Kushite",
"sense": "Kushite",
"norm": "Kusaya",
"pos": "EN",
"epos": "EN"}
}
,
{
"node": "d",
"type": "line-start",
"ref": "P334248.9",
"n": "8",
"label": "o 8"}
,
{
"node": "l",
"frag": "03",
"id": "P334248.l0197b",
"ref": "P334248.9.1",
"inst": "n",
"f": {"lang": "akk-x-neoass",
"form": "03",
"pos": "n"}
}
,
{
"node": "l",
"frag": "KUR-MEŠ",
"id": "P334248.l0197c",
"ref": "P334248.9.2",
"inst": "sissê[horse]N",
"sig": "@saao/saa13%akk-x-neoass:KUR-MEŠ=sisû[horse//horse]N'N$sissê",
"f": {"lang": "akk-x-neoass",
"form": "KUR-MEŠ",
"cf": "sisû",
"gw": "horse",
"sense": "horse",
"norm": "sissê",
"pos": "N",
"epos": "N"}
}
,
{
"node": "l",
"frag": "ṣi-ib-te",
"id": "P334248.l0197d",
"ref": "P334248.9.3",
"inst": "+ṣibtu[seizure//(meaning unknown)]N$ṣibte",
"sig": "@saao/saa13%akk-x-neoass:ṣi-ib-te=ṣibtu[seizure//(meaning unknown)]N'N$ṣibte",
"f": {"lang": "akk-x-neoass",
"form": "ṣi-ib-te",
"cf": "ṣibtu",
"gw": "seizure",
"sense": "(meaning unknown)",
"norm": "ṣibte",
"pos": "N",
"epos": "N"}
}
,
{
"node": "d",
"type": "line-start",
"ref": "P334248.10",
"n": "9",
"label": "o 9"}
,
{
"node": "l",
"frag": "ša",
"id": "P334248.l0197e",
"ref": "P334248.10.1",
"inst": "ša[of]DET",
"sig": "@saao/saa13%akk-x-neoass:ša=ša[of//of]DET'DET$ša",
"f": {"lang": "akk-x-neoass",
"form": "ša",
"cf": "ša",
"gw": "of",
"sense": "of",
"norm": "ša",
"pos": "DET",
"epos": "DET"}
}
,
{
"node": "l",
"frag": "{kur}ku-sa-a-a",
"id": "P334248.l0197f",
"ref": "P334248.10.2",
"inst": "Kusaya[Kushite]EN",
"sig": "@saao/saa13%akk-x-neoass:{KUR}ku-sa-a-a=Kusaya[Kushite//Kushite]EN'EN$Kusaya",
"f": {"lang": "akk-x-neoass",
"form": "{KUR}ku-sa-a-a",
"cf": "Kusaya",
"gw": "Kushite",
"sense": "Kushite",
"norm": "Kusaya",
"pos": "EN",
"epos": "EN"}
}
,
{
"node": "d",
"type": "line-start",
"ref": "P334248.11",
"n": "10",
"label": "o 10"}
,
{
"node": "l",
"frag": "PAB",
"id": "P334248.l01980",
"ref": "P334248.11.1",
"inst": "gimru[total]N",
"sig": "@saao/saa13%akk-x-neoass:PAB=gimru[totality//total]N'N$gimru",
"f": {"lang": "akk-x-neoass",
"form": "PAB",
"cf": "gimru",
"gw": "totality",
"sense": "total",
"norm": "gimru",
"pos": "N",
"epos": "N"}
}
,
{
"node": "l",
"frag": "16",
"id": "P334248.l01981",
"ref": "P334248.11.2",
"inst": "n",
"f": {"lang": "akk-x-neoass",
"form": "16",
"pos": "n"}
}
,
{
"node": "l",
"frag": "KUR-MEŠ",
"id": "P334248.l01982",
"ref": "P334248.11.3",
"inst": "sissê[horse]N",
"sig": "@saao/saa13%akk-x-neoass:KUR-MEŠ=sisû[horse//horse]N'N$sissê",
"f": {"lang": "akk-x-neoass",
"form": "KUR-MEŠ",
"cf": "sisû",
"gw": "horse",
"sense": "horse",
"norm": "sissê",
"pos": "N",
"epos": "N"}
}
,
{
"node": "l",
"frag": "ša",
"id": "P334248.l01983",
"ref": "P334248.11.4",
"inst": "ša[of]DET",
"sig": "@saao/saa13%akk-x-neoass:ša=ša[of//of]DET'DET$ša",
"f": {"lang": "akk-x-neoass",
"form": "ša",
"cf": "ša",
"gw": "of",
"sense": "of",
"norm": "ša",
"pos": "DET",
"epos": "DET"}
}
,
{
"node": "l",
"frag": "ni-i-ri",
"id": "P334248.l01984",
"ref": "P334248.11.5",
"inst": "nīri[yoke]N",
"sig": "@saao/saa13%akk-x-neoass:ni-i-ri=nīru[yoke//yoke]N'N$nīri",
"f": {"lang": "akk-x-neoass",
"form": "ni-i-ri",
"cf": "nīru",
"gw": "yoke",
"sense": "yoke",
"norm": "nīri",
"pos": "N",
"epos": "N"}
}
,
{
"node": "d",
"type": "line-start",
"ref": "P334248.12",
"n": "11",
"label": "o 11"}
,
{
"node": "l",
"frag": "14",
"id": "P334248.l01985",
"ref": "P334248.12.1",
"inst": "n",
"f": {"lang": "akk-x-neoass",
"form": "14",
"pos": "n"}
}
,
{
"node": "l",
"frag": "KUR-MEŠ",
"id": "P334248.l01986",
"ref": "P334248.12.2",
"inst": "sissê[horse]N",
"sig": "@saao/saa13%akk-x-neoass:KUR-MEŠ=sisû[horse//horse]N'N$sissê",
"f": {"lang": "akk-x-neoass",
"form": "KUR-MEŠ",
"cf": "sisû",
"gw": "horse",
"sense": "horse",
"norm": "sissê",
"pos": "N",
"epos": "N"}
}
,
{
"node": "l",
"frag": "ša",
"id": "P334248.l01987",
"ref": "P334248.12.3",
"inst": "ša[of]DET",
"sig": "@saao/saa13%akk-x-neoass:ša=ša[of//of]DET'DET$ša",
"f": {"lang": "akk-x-neoass",
"form": "ša",
"cf": "ša",
"gw": "of",
"sense": "of",
"norm": "ša",
"pos": "DET",
"epos": "DET"}
}
,
{
"node": "l",
"frag": "BAD-HAL-li",
"id": "P334248.l01988",
"ref": "P334248.12.4",
"inst": "pēthalli[riding horse]N",
"sig": "@saao/saa13%akk-x-neoass:BAD-HAL-li=pēthallu[riding horse//riding horse]N'N$pēthalli",
"f": {"lang": "akk-x-neoass",
"form": "BAD-HAL-li",
"cf": "pēthallu",
"gw": "riding horse",
"sense": "riding horse",
"norm": "pēthalli",
"pos": "N",
"epos": "N"}
}
,
{
"node": "d",
"type": "line-start",
"ref": "P334248.13",
"n": "12",
"label": "o 12"}
,
{
"node": "l",
"frag": "PAB",
"id": "P334248.l01989",
"ref": "P334248.13.1",
"inst": "gimru[total]N",
"sig": "@saao/saa13%akk-x-neoass:PAB=gimru[totality//total]N'N$gimru",
"f": {"lang": "akk-x-neoass",
"form": "PAB",
"cf": "gimru",
"gw": "totality",
"sense": "total",
"norm": "gimru",
"pos": "N",
"epos": "N"}
}
,
{
"node": "l",
"frag": "30",
"id": "P334248.l0198a",
"ref": "P334248.13.2",
"inst": "n",
"f": {"lang": "akk-x-neoass",
"form": "30",
"pos": "n"}
}
,
{
"node": "l",
"frag": "{anše}KUR.RA-MEŠ",
"id": "P334248.l0198b",
"ref": "P334248.13.3",
"inst": "sissê[horse]N",
"sig": "@saao/saa13%akk-x-neoass:{ANŠE}KUR.RA-MEŠ=sisû[horse//horse]N'N$sissê",
"f": {"lang": "akk-x-neoass",
"form": "{ANŠE}KUR.RA-MEŠ",
"cf": "sisû",
"gw": "horse",
"sense": "horse",
"norm": "sissê",
"pos": "N",
"epos": "N"}
}
,
{
"node": "d",
"type": "line-start",
"ref": "P334248.14",
"n": "13",
"label": "o 13"}
,
{
"node": "l",
"frag": "09",
"id": "P334248.l0198c",
"ref": "P334248.14.1",
"inst": "n",
"f": {"lang": "akk-x-neoass",
"form": "09",
"pos": "n"}
}
,
{
"node": "l",
"frag": "{anše}ku-din-MEŠ",
"id": "P334248.l0198d",
"ref": "P334248.14.2",
"inst": "kūdinī[mule]N",
"sig": "@saao/saa13%akk-x-neoass:{ANŠE}ku-din-MEŠ=kūdanu[mule//mule]N'N$kūdinī",
"f": {"lang": "akk-x-neoass",
"form": "{ANŠE}ku-din-MEŠ",
"cf": "kūdanu",
"gw": "mule",
"sense": "mule",
"norm": "kūdinī",
"pos": "N",
"epos": "N"}
}
,
{
"node": "d",
"type": "line-start",
"ref": "P334248.15",
"n": "14",
"label": "o 14"}
,
{
"node": "l",
"frag": "[PAB]",
"id": "P334248.l0198e",
"ref": "P334248.15.1",
"inst": "gimru[total]N",
"sig": "@saao/saa13%akk-x-neoass:PAB=gimru[totality//total]N'N$gimru",
"f": {"lang": "akk-x-neoass",
"form": "PAB",
"cf": "gimru",
"gw": "totality",
"sense": "total",
"norm": "gimru",
"pos": "N",
"epos": "N"}
}
,
{
"node": "l",
"frag": "39",
"id": "P334248.l0198f",
"ref": "P334248.15.2",
"inst": "n",
"f": {"lang": "akk-x-neoass",
"form": "39",
"pos": "n"}
}
,
{
"node": "l",
"frag": "{uru}qar-ne₂-e",
"id": "P334248.l01990",
"ref": "P334248.15.3",
"inst": "+Qarne[1]GN$",
"sig": "@saao/saa13%akk-x-neoass:{URU}qar-ne₂-e=Qarne[1//1]GN'GN$Qarne",
"f": {"lang": "akk-x-neoass",
"form": "{URU}qar-ne₂-e",
"cf": "Qarne",
"gw": "1",
"sense": "1",
"norm": "Qarne",
"pos": "GN",
"epos": "GN"}
}
,
{
"node": "d",
"subtype": "reverse",
"type": "surface",
"ref": "P334248.r.16",
"type": "reverse",
"label": "r"}
,
{
"node": "d",
"type": "line-start",
"ref": "P334248.17",
"n": "1",
"label": "r 1"}
,
{
"node": "l",
"frag": "06",
"id": "P334248.l01991",
"ref": "P334248.17.1",
"inst": "n",
"f": {"lang": "akk-x-neoass",
"form": "06",
"pos": "n"}
}
,
{
"node": "l",
"frag": "KUR-MEŠ",
"id": "P334248.l01992",
"ref": "P334248.17.2",
"inst": "sissê[horse]N",
"sig": "@saao/saa13%akk-x-neoass:KUR-MEŠ=sisû[horse//horse]N'N$sissê",
"f": {"lang": "akk-x-neoass",
"form": "KUR-MEŠ",
"cf": "sisû",
"gw": "horse",
"sense": "horse",
"norm": "sissê",
"pos": "N",
"epos": "N"}
}
,
{
"node": "l",
"frag": "{kur}ku-sa-a-a",
"id": "P334248.l01993",
"ref": "P334248.17.3",
"inst": "Kusaya[Kushite]EN",
"sig": "@saao/saa13%akk-x-neoass:{KUR}ku-sa-a-a=Kusaya[Kushite//Kushite]EN'EN$Kusaya",
"f": {"lang": "akk-x-neoass",
"form": "{KUR}ku-sa-a-a",
"cf": "Kusaya",
"gw": "Kushite",
"sense": "Kushite",
"norm": "Kusaya",
"pos": "EN",
"epos": "EN"}
}
,
{
"node": "d",
"type": "line-start",
"ref": "P334248.18",
"n": "2",
"label": "r 2"}
,
{
"node": "l",
"frag": "03",
"id": "P334248.l01994",
"ref": "P334248.18.1",
"inst": "n",
"f": {"lang": "akk-x-neoass",
"form": "03",
"pos": "n"}
}
,
{
"node": "l",
"frag": "⸢ṣi⸣-ib-tu",
"id": "P334248.l01995",
"ref": "P334248.18.2",
"inst": "+ṣibtu[seizure//(meaning unknown)]N$",
"sig": "@saao/saa13%akk-x-neoass:ṣi-ib-tu=ṣibtu[seizure//(meaning unknown)]N'N$ṣibtu",
"f": {"lang": "akk-x-neoass",
"form": "ṣi-ib-tu",
"cf": "ṣibtu",
"gw": "seizure",
"sense": "(meaning unknown)",
"norm": "ṣibtu",
"pos": "N",
"epos": "N"}
}
,
{
"node": "l",
"frag": "ša",
"id": "P334248.l01996",
"ref": "P334248.18.3",
"inst": "ša[of]DET",
"sig": "@saao/saa13%akk-x-neoass:ša=ša[of//of]DET'DET$ša",
"f": {"lang": "akk-x-neoass",
"form": "ša",
"cf": "ša",
"gw": "of",
"sense": "of",
"norm": "ša",
"pos": "DET",
"epos": "DET"}
}
,
{
"node": "l",
"frag": "KUR-MEŠ",
"id": "P334248.l01997",
"ref": "P334248.18.4",
"inst": "sissê[horse]N",
"sig": "@saao/saa13%akk-x-neoass:KUR-MEŠ=sisû[horse//horse]N'N$sissê",
"f": {"lang": "akk-x-neoass",
"form": "KUR-MEŠ",
"cf": "sisû",
"gw": "horse",
"sense": "horse",
"norm": "sissê",
"pos": "N",
"epos": "N"}
}
,
{
"node": "d",
"type": "line-start",
"ref": "P334248.19",
"n": "3",
"label": "r 3"}
,
{
"node": "l",
"frag": "{[kur]}ku-sa-a-a",
"id": "P334248.l01998",
"ref": "P334248.19.1",
"inst": "Kusaya[Kushite]EN",
"sig": "@saao/saa13%akk-x-neoass:{KUR}ku-sa-a-a=Kusaya[Kushite//Kushite]EN'EN$Kusaya",
"f": {"lang": "akk-x-neoass",
"form": "{KUR}ku-sa-a-a",
"cf": "Kusaya",
"gw": "Kushite",
"sense": "Kushite",
"norm": "Kusaya",
"pos": "EN",
"epos": "EN"}
}
,
{
"node": "d",
"type": "line-start",
"ref": "P334248.20",
"n": "4",
"label": "r 4"}
,
{
"node": "l",
"frag": "[PAB]",
"id": "P334248.l01999",
"ref": "P334248.20.1",
"inst": "gimru[total]N",
"sig": "@saao/saa13%akk-x-neoass:PAB=gimru[totality//total]N'N$gimru",
"f": {"lang": "akk-x-neoass",
"form": "PAB",
"cf": "gimru",
"gw": "totality",
"sense": "total",
"norm": "gimru",
"pos": "N",
"epos": "N"}
}
,
{
"node": "l",
"frag": "09",
"id": "P334248.l0199a",
"ref": "P334248.20.2",
"inst": "n",
"f": {"lang": "akk-x-neoass",
"form": "09",
"pos": "n"}
}
,
{
"node": "l",
"frag": "ša",
"id": "P334248.l0199b",
"ref": "P334248.20.3",
"inst": "ša[of]DET",
"sig": "@saao/saa13%akk-x-neoass:ša=ša[of//of]DET'DET$ša",
"f": {"lang": "akk-x-neoass",
"form": "ša",
"cf": "ša",
"gw": "of",
"sense": "of",
"norm": "ša",
"pos": "DET",
"epos": "DET"}
}
,
{
"node": "l",
"frag": "ni-i-ri",
"id": "P334248.l0199c",
"ref": "P334248.20.4",
"inst": "nīri[yoke]N",
"sig": "@saao/saa13%akk-x-neoass:ni-i-ri=nīru[yoke//yoke]N'N$nīri",
"f": {"lang": "akk-x-neoass",
"form": "ni-i-ri",
"cf": "nīru",
"gw": "yoke",
"sense": "yoke",
"norm": "nīri",
"pos": "N",
"epos": "N"}
}
,
{
"node": "d",
"type": "line-start",
"ref": "P334248.21",
"n": "5",
"label": "r 5"}
,
{
"node": "l",
"frag": "14",
"id": "P334248.l0199d",
"ref": "P334248.21.1",
"inst": "n",
"f": {"lang": "akk-x-neoass",
"form": "14",
"pos": "n"}
}
,
{
"node": "l",
"frag": "KUR-MEŠ",
"id": "P334248.l0199e",
"ref": "P334248.21.2",
"inst": "sissê[horse]N",
"sig": "@saao/saa13%akk-x-neoass:KUR-MEŠ=sisû[horse//horse]N'N$sissê",
"f": {"lang": "akk-x-neoass",
"form": "KUR-MEŠ",
"cf": "sisû",
"gw": "horse",
"sense": "horse",
"norm": "sissê",
"pos": "N",
"epos": "N"}
}
,
{
"node": "l",
"frag": "ša",
"id": "P334248.l0199f",
"ref": "P334248.21.3",
"inst": "ša[of]DET",
"sig": "@saao/saa13%akk-x-neoass:ša=ša[of//of]DET'DET$ša",
"f": {"lang": "akk-x-neoass",
"form": "ša",
"cf": "ša",
"gw": "of",
"sense": "of",
"norm": "ša",
"pos": "DET",
"epos": "DET"}
}
,
{
"node": "l",
"frag": "BAD-HAL-li",
"id": "P334248.l019a0",
"ref": "P334248.21.4",
"inst": "pēthalli[riding horse]N",
"sig": "@saao/saa13%akk-x-neoass:BAD-HAL-li=pēthallu[riding horse//riding horse]N'N$pēthalli",
"f": {"lang": "akk-x-neoass",
"form": "BAD-HAL-li",
"cf": "pēthallu",
"gw": "riding horse",
"sense": "riding horse",
"norm": "pēthalli",
"pos": "N",
"epos": "N"}
}
,
{
"node": "d",
"type": "line-start",
"ref": "P334248.22",
"n": "6",
"label": "r 6"}
,
{
"node": "l",
"frag": "PAB",
"id": "P334248.l019a1",
"ref": "P334248.22.1",
"inst": "gimru[total]N",
"sig": "@saao/saa13%akk-x-neoass:PAB=gimru[totality//total]N'N$gimru",
"f": {"lang": "akk-x-neoass",
"form": "PAB",
"cf": "gimru",
"gw": "totality",
"sense": "total",
"norm": "gimru",
"pos": "N",
"epos": "N"}
}
,
{
"node": "l",
"frag": "23",
"id": "P334248.l019a2",
"ref": "P334248.22.2",
"inst": "n",
"f": {"lang": "akk-x-neoass",
"form": "23",
"pos": "n"}
}
,
{
"node": "l",
"frag": "KUR-MEŠ",
"id": "P334248.l019a3",
"ref": "P334248.22.3",
"inst": "sissê[horse]N",
"sig": "@saao/saa13%akk-x-neoass:KUR-MEŠ=sisû[horse//horse]N'N$sissê",
"f": {"lang": "akk-x-neoass",
"form": "KUR-MEŠ",
"cf": "sisû",
"gw": "horse",
"sense": "horse",
"norm": "sissê",
"pos": "N",
"epos": "N"}
}
,
{
"node": "d",
"type": "line-start",
"ref": "P334248.23",
"n": "7",
"label": "r 7"}
,
{
"node": "l",
"frag": "05",
"id": "P334248.l019a4",
"ref": "P334248.23.1",
"inst": "n",
"f": {"lang": "akk-x-neoass",
"form": "05",
"pos": "n"}
}
,
{
"node": "l",
"frag": "{anše}ku-din-MEŠ",
"id": "P334248.l019a5",
"ref": "P334248.23.2",
"inst": "kūdinī[mule]N",
"sig": "@saao/saa13%akk-x-neoass:{ANŠE}ku-din-MEŠ=kūdanu[mule//mule]N'N$kūdinī",
"f": {"lang": "akk-x-neoass",
"form": "{ANŠE}ku-din-MEŠ",
"cf": "kūdanu",
"gw": "mule",
"sense": "mule",
"norm": "kūdinī",
"pos": "N",
"epos": "N"}
}
,
{
"node": "d",
"type": "line-start",
"ref": "P334248.24",
"n": "8",
"label": "r 8"}
,
{
"node": "l",
"frag": "PAB",
"id": "P334248.l019a6",
"ref": "P334248.24.1",
"inst": "gimru[total]N",
"sig": "@saao/saa13%akk-x-neoass:PAB=gimru[totality//total]N'N$gimru",
"f": {"lang": "akk-x-neoass",
"form": "PAB",
"cf": "gimru",
"gw": "totality",
"sense": "total",
"norm": "gimru",
"pos": "N",
"epos": "N"}
}
,
{
"node": "l",
"frag": "28",
"id": "P334248.l019a7",
"ref": "P334248.24.2",
"inst": "n",
"f": {"lang": "akk-x-neoass",
"form": "28",
"pos": "n"}
}
,
{
"node": "l",
"frag": "{uru}da-a-na",
"id": "P334248.l019a8",
"ref": "P334248.24.3",
"inst": "+Dana[1]GN$",
"sig": "@saao/saa13%akk-x-neoass:{URU}da-a-na=Dana[1//1]GN'GN$Dana",
"f": {"lang": "akk-x-neoass",
"form": "{URU}da-a-na",
"cf": "Dana",
"gw": "1",
"sense": "1",
"norm": "Dana",
"pos": "GN",
"epos": "GN"}
}
,
{
"node": "d",
"type": "line-start",
"ref": "P334248.25",
"n": "9",
"label": "r 9"}
,
{
"node": "l",
"frag": "19",
"id": "P334248.l019a9",
"ref": "P334248.25.1",
"inst": "n",
"f": {"lang": "akk-x-neoass",
"form": "19",
"pos": "n"}
}
,
{
"node": "l",
"frag": "KUR-MEŠ",
"id": "P334248.l019aa",
"ref": "P334248.25.2",
"inst": "sissê[horse]N",
"sig": "@saao/saa13%akk-x-neoass:KUR-MEŠ=sisû[horse//horse]N'N$sissê",
"f": {"lang": "akk-x-neoass",
"form": "KUR-MEŠ",
"cf": "sisû",
"gw": "horse",
"sense": "horse",
"norm": "sissê",
"pos": "N",
"epos": "N"}
}
,
{
"node": "l",
"frag": "ku-sa-a-a",
"id": "P334248.l019ab",
"ref": "P334248.25.3",
"inst": "+Kusaya[Kushite]EN$",
"sig": "@saao/saa13%akk-x-neoass:ku-sa-a-a=Kusaya[Kushite//Kushite]EN'EN$Kusaya",
"f": {"lang": "akk-x-neoass",
"form": "ku-sa-a-a",
"cf": "Kusaya",
"gw": "Kushite",
"sense": "Kushite",
"norm": "Kusaya",
"pos": "EN",
"epos": "EN"}
}
,
{
"node": "d",
"type": "line-start",
"ref": "P334248.26",
"n": "10",
"label": "r 10"}
,
{
"node": "l",
"frag": "38",
"id": "P334248.l019ac",
"ref": "P334248.26.1",
"inst": "n",
"f": {"lang": "akk-x-neoass",
"form": "38",
"pos": "n"}
}
,
{
"node": "l",
"frag": "KUR-MEŠ",
"id": "P334248.l019ad",
"ref": "P334248.26.2",
"inst": "sissê[horse]N",
"sig": "@saao/saa13%akk-x-neoass:KUR-MEŠ=sisû[horse//horse]N'N$sissê",
"f": {"lang": "akk-x-neoass",
"form": "KUR-MEŠ",
"cf": "sisû",
"gw": "horse",
"sense": "horse",
"norm": "sissê",
"pos": "N",
"epos": "N"}
}
,
{
"node": "l",
"frag": "ša",
"id": "P334248.l019ae",
"ref": "P334248.26.3",
"inst": "ša[of]DET",
"sig": "@saao/saa13%akk-x-neoass:ša=ša[of//of]DET'DET$ša",
"f": {"lang": "akk-x-neoass",
"form": "ša",
"cf": "ša",
"gw": "of",
"sense": "of",
"norm": "ša",
"pos": "DET",
"epos": "DET"}
}
,
{
"node": "l",
"frag": "BAD-HAL",
"id": "P334248.l019af",
"ref": "P334248.26.4",
"inst": "pēthalli[riding horse]N",
"sig": "@saao/saa13%akk-x-neoass:BAD-HAL=pēthallu[riding horse//riding horse]N'N$pēthalli",
"f": {"lang": "akk-x-neoass",
"form": "BAD-HAL",
"cf": "pēthallu",
"gw": "riding horse",
"sense": "riding horse",
"norm": "pēthalli",
"pos": "N",
"epos": "N"}
}
,
{
"node": "d",
"type": "line-start",
"ref": "P334248.27",
"n": "11",
"label": "r 11"}
,
{
"node": "l",
"frag": "PAB",
"id": "P334248.l019b0",
"ref": "P334248.27.1",
"inst": "gimru[total]N",
"sig": "@saao/saa13%akk-x-neoass:PAB=gimru[totality//total]N'N$gimru",
"f": {"lang": "akk-x-neoass",
"form": "PAB",
"cf": "gimru",
"gw": "totality",
"sense": "total",
"norm": "gimru",
"pos": "N",
"epos": "N"}
}
,
{
"node": "l",
"frag": "57",
"id": "P334248.l019b1",
"ref": "P334248.27.2",
"inst": "n",
"f": {"lang": "akk-x-neoass",
"form": "57",
"pos": "n"}
}
,
{
"node": "l",
"frag": "{uru}kul-la-ni-a",
"id": "P334248.l019b2",
"ref": "P334248.27.3",
"inst": "+Kullania[Calneh]GN$",
"sig": "@saao/saa13%akk-x-neoass:{URU}kul-la-ni-a=Kullania[Calneh//Calneh]GN'GN$Kullania",
"f": {"lang": "akk-x-neoass",
"form": "{URU}kul-la-ni-a",
"cf": "Kullania",
"gw": "Calneh",
"sense": "Calneh",
"norm": "Kullania",
"pos": "GN",
"epos": "GN"}
}
,
{
"node": "d",
"type": "line-start",
"ref": "P334248.28",
"n": "12",
"label": "r 12"}
,
{
"node": "l",
"frag": "25",
"id": "P334248.l019b3",
"ref": "P334248.28.1",
"inst": "n",
"f": {"lang": "akk-x-neoass",
"form": "25",
"pos": "n"}
}
,
{
"node": "l",
"frag": "KUR-MEŠ",
"id": "P334248.l019b4",
"ref": "P334248.28.2",
"inst": "sissê[horse]N",
"sig": "@saao/saa13%akk-x-neoass:KUR-MEŠ=sisû[horse//horse]N'N$sissê",
"f": {"lang": "akk-x-neoass",
"form": "KUR-MEŠ",
"cf": "sisû",
"gw": "horse",
"sense": "horse",
"norm": "sissê",
"pos": "N",
"epos": "N"}
}
,
{
"node": "l",
"frag": "ša",
"id": "P334248.l019b5",
"ref": "P334248.28.3",
"inst": "ša[of]DET",
"sig": "@saao/saa13%akk-x-neoass:ša=ša[of//of]DET'DET$ša",
"f": {"lang": "akk-x-neoass",
"form": "ša",
"cf": "ša",
"gw": "of",
"sense": "of",
"norm": "ša",
"pos": "DET",
"epos": "DET"}
}
,
{
"node": "l",
"frag": "BAD-HAL-li",
"id": "P334248.l019b6",
"ref": "P334248.28.4",
"inst": "pēthalli[riding horse]N",
"sig": "@saao/saa13%akk-x-neoass:BAD-HAL-li=pēthallu[riding horse//riding horse]N'N$pēthalli",
"f": {"lang": "akk-x-neoass",
"form": "BAD-HAL-li",
"cf": "pēthallu",
"gw": "riding horse",
"sense": "riding horse",
"norm": "pēthalli",
"pos": "N",
"epos": "N"}
}
,
{
"node": "l",
"frag": "03",
"id": "P334248.l019b7",
"ref": "P334248.28.5",
"inst": "n",
"f": {"lang": "akk-x-neoass",
"form": "03",
"pos": "n"}
}
,
{
"node": "l",
"frag": "{anše}ku-din-MEŠ",
"id": "P334248.l019b8",
"ref": "P334248.28.6",
"inst": "kūdinī[mule]N",
"sig": "@saao/saa13%akk-x-neoass:{ANŠE}ku-din-MEŠ=kūdanu[mule//mule]N'N$kūdinī",
"f": {"lang": "akk-x-neoass",
"form": "{ANŠE}ku-din-MEŠ",
"cf": "kūdanu",
"gw": "mule",
"sense": "mule",
"norm": "kūdinī",
"pos": "N",
"epos": "N"}
}
,
{
"node": "d",
"type": "line-start",
"ref": "P334248.29",
"n": "13",
"label": "r 13"}
,
{
"node": "l",
"frag": "PAB",
"id": "P334248.l019b9",
"ref": "P334248.29.1",
"inst": "gimru[total]N",
"sig": "@saao/saa13%akk-x-neoass:PAB=gimru[totality//total]N'N$gimru",
"f": {"lang": "akk-x-neoass",
"form": "PAB",
"cf": "gimru",
"gw": "totality",
"sense": "total",
"norm": "gimru",
"pos": "N",
"epos": "N"}
}
,
{
"node": "l",
"frag": "31",
"id": "P334248.l019ba",
"ref": "P334248.29.2",
"inst": "n",
"f": {"lang": "akk-x-neoass",
"form": "31",
"pos": "n"}
}
,
{
"node": "l",
"frag": "{uru}ar-pad-da",
"id": "P334248.l019bb",
"ref": "P334248.29.3",
"inst": "Arpadda[Arpad]GN",
"sig": "@saao/saa13%akk-x-neoass:{URU}ar-pad-da=Arpadda[Arpad//Arpad]GN'GN$Arpadda",
"f": {"lang": "akk-x-neoass",
"form": "{URU}ar-pad-da",
"cf": "Arpadda",
"gw": "Arpad",
"sense": "Arpad",
"norm": "Arpadda",
"pos": "GN",
"epos": "GN"}
}
,
{
"node": "d",
"type": "line-start",
"ref": "P334248.30",
"n": "14",
"label": "r 14"}
,
{
"node": "l",
"frag": "la",
"id": "P334248.l019bc",
"ref": "P334248.30.1",
"inst": "lā[not]MOD",
"sig": "@saao/saa13%akk-x-neoass:la=lā[not//not]MOD'MOD$lā",
"f": {"lang": "akk-x-neoass",
"form": "la",
"cf": "lā",
"gw": "not",
"sense": "not",
"norm": "lā",
"pos": "MOD",
"epos": "MOD"}
}
,
{
"node": "l",
"frag": "gam-ma-ru-u-ni",
"id": "P334248.l019bd",
"ref": "P334248.30.2",
"inst": "+gamru[complete]AJ$gammarūni",
"sig": "@saao/saa13%akk-x-neoass:gam-ma-ru-u-ni=gamru[complete//complete]AJ'AJ$gammarūni",
"f": {"lang": "akk-x-neoass",
"form": "gam-ma-ru-u-ni",
"cf": "gamru",
"gw": "complete",
"sense": "complete",
"norm": "gammarūni",
"pos": "AJ",
"epos": "AJ"}
}
,
{
"node": "d",
"type": "line-start",
"ref": "P334248.31",
"n": "15",
"label": "r 15"}
,
{
"node": "l",
"frag": "13",
"id": "P334248.l019be",
"ref": "P334248.31.1",
"inst": "n",
"f": {"lang": "akk-x-neoass",
"form": "13",
"pos": "n"}
}
,
{
"node": "l",
"frag": "KUR-MEŠ",
"id": "P334248.l019bf",
"ref": "P334248.31.2",
"inst": "sissê[horse]N",
"sig": "@saao/saa13%akk-x-neoass:KUR-MEŠ=sisû[horse//horse]N'N$sissê",
"f": {"lang": "akk-x-neoass",
"form": "KUR-MEŠ",
"cf": "sisû",
"gw": "horse",
"sense": "horse",
"norm": "sissê",
"pos": "N",
"epos": "N"}
}
,
{
"node": "l",
"frag": "ša",
"id": "P334248.l019c0",
"ref": "P334248.31.3",
"inst": "ša[of]DET",
"sig": "@saao/saa13%akk-x-neoass:ša=ša[of//of]DET'DET$ša",
"f": {"lang": "akk-x-neoass",
"form": "ša",
"cf": "ša",
"gw": "of",
"sense": "of",
"norm": "ša",
"pos": "DET",
"epos": "DET"}
}
,
{
"node": "l",
"frag": "BAD-HAL-li",
"id": "P334248.l019c1",
"ref": "P334248.31.4",
"inst": "pēthalli[riding horse]N",
"sig": "@saao/saa13%akk-x-neoass:BAD-HAL-li=pēthallu[riding horse//riding horse]N'N$pēthalli",
"f": {"lang": "akk-x-neoass",
"form": "BAD-HAL-li",
"cf": "pēthallu",
"gw": "riding horse",
"sense": "riding horse",
"norm": "pēthalli",
"pos": "N",
"epos": "N"}
}
,
{
"node": "d",
"type": "line-start",
"ref": "P334248.32",
"n": "16",
"label": "r 16"}
,
{
"node": "l",
"frag": "10",
"id": "P334248.l019c2",
"ref": "P334248.32.1",
"inst": "n",
"f": {"lang": "akk-x-neoass",
"form": "10",
"pos": "n"}
}
,
{
"node": "l",
"frag": "{anše}ku-din-MEŠ",
"id": "P334248.l019c3",
"ref": "P334248.32.2",
"inst": "kūdinī[mule]N",
"sig": "@saao/saa13%akk-x-neoass:{ANŠE}ku-din-MEŠ=kūdanu[mule//mule]N'N$kūdinī",
"f": {"lang": "akk-x-neoass",
"form": "{ANŠE}ku-din-MEŠ",
"cf": "kūdanu",
"gw": "mule",
"sense": "mule",
"norm": "kūdinī",
"pos": "N",
"epos": "N"}
}
,
{
"node": "d",
"type": "line-start",
"ref": "P334248.33",
"n": "17",
"label": "r 17"}
,
{
"node": "l",
"frag": "PAB",
"id": "P334248.l019c4",
"ref": "P334248.33.1",
"inst": "gimru[total]N",
"sig": "@saao/saa13%akk-x-neoass:PAB=gimru[totality//total]N'N$gimru",
"f": {"lang": "akk-x-neoass",
"form": "PAB",
"cf": "gimru",
"gw": "totality",
"sense": "total",
"norm": "gimru",
"pos": "N",
"epos": "N"}
}
,
{
"node": "l",
"frag": "23",
"id": "P334248.l019c5",
"ref": "P334248.33.2",
"inst": "n",
"f": {"lang": "akk-x-neoass",
"form": "23",
"pos": "n"}
}
,
{
"node": "l",
"frag": "{uru}i-sa-na",
"id": "P334248.l019c6",
"ref": "P334248.33.3",
"inst": "Isana[1]GN",
"sig": "@saao/saa13%akk-x-neoass:{URU}i-sa-na=Isana[1//1]GN'GN$Isana",
"f": {"lang": "akk-x-neoass",
"form": "{URU}i-sa-na",
"cf": "Isana",
"gw": "1",
"sense": "1",
"norm": "Isana",
"pos": "GN",
"epos": "GN"}
}
,
{
"node": "d",
"subtype": "edge",
"type": "surface",
"ref": "P334248.e..34",
"type": "edge",
"label": "e."}
,
{
"node": "d",
"type": "line-start",
"ref": "P334248.35",
"n": "1",
"label": "e. 1"}
,
{
"node": "l",
"frag": "[PAB",
"id": "P334248.l019c7",
"ref": "P334248.35.1",
"inst": "gimru[total]N",
"sig": "@saao/saa13%akk-x-neoass:PAB=gimru[totality//total]N'N$gimru",
"f": {"lang": "akk-x-neoass",
"form": "PAB",
"cf": "gimru",
"gw": "totality",
"sense": "total",
"norm": "gimru",
"pos": "N",
"epos": "N"}
}
,
{
"node": "l",
"frag": "45",
"id": "P334248.l019c8",
"ref": "P334248.35.2",
"inst": "n",
"f": {"lang": "akk-x-neoass",
"form": "45",
"pos": "n"}
}
,
{
"node": "l",
"frag": "KUR-MEŠ",
"id": "P334248.l019c9",
"ref": "P334248.35.3",
"inst": "sissê[horse]N",
"sig": "@saao/saa13%akk-x-neoass:KUR-MEŠ=sisû[horse//horse]N'N$sissê",
"f": {"lang": "akk-x-neoass",
"form": "KUR-MEŠ",
"cf": "sisû",
"gw": "horse",
"sense": "horse",
"norm": "sissê",
"pos": "N",
"epos": "N"}
}
,
{
"node": "l",
"frag": "ku-sa-a-a",
"id": "P334248.l019ca",
"ref": "P334248.35.4",
"inst": "+Kusaya[Kushite]EN$",
"sig": "@saao/saa13%akk-x-neoass:ku-sa-a-a=Kusaya[Kushite//Kushite]EN'EN$Kusaya",
"f": {"lang": "akk-x-neoass",
"form": "ku-sa-a-a",
"cf": "Kusaya",
"gw": "Kushite",
"sense": "Kushite",
"norm": "Kusaya",
"pos": "EN",
"epos": "EN"}
}
,
{
"node": "l",
"frag": "01",
"id": "P334248.l019cb",
"ref": "P334248.35.5",
"inst": "n",
"f": {"lang": "akk-x-neoass",
"form": "01",
"pos": "n"}
}
,
{
"node": "l",
"frag": "me",
"id": "P334248.l019cc",
"ref": "P334248.35.6",
"inst": "mē[hundred]NU",
"sig": "@saao/saa13%akk-x-neoass:me=meʾatu[(one) hundred//(one) hundred]NU'NU$mē",
"f": {"lang": "akk-x-neoass",
"form": "me",
"cf": "meʾatu",
"gw": "(one) hundred",
"sense": "(one) hundred",
"norm": "mē",
"pos": "NU",
"epos": "NU"}
}
,
{
"node": "l",
"frag": "04",
"id": "P334248.l019cd",
"ref": "P334248.35.7",
"inst": "n",
"f": {"lang": "akk-x-neoass",
"form": "04",
"pos": "n"}
}
,
{
"node": "l",
"frag": "KUR-MEŠ",
"id": "P334248.l019ce",
"ref": "P334248.35.8",
"inst": "sissê[horse]N",
"sig": "@saao/saa13%akk-x-neoass:KUR-MEŠ=sisû[horse//horse]N'N$sissê",
"f": {"lang": "akk-x-neoass",
"form": "KUR-MEŠ",
"cf": "sisû",
"gw": "horse",
"sense": "horse",
"norm": "sissê",
"pos": "N",
"epos": "N"}
}
,
{
"node": "l",
"frag": "ša",
"id": "P334248.l019cf",
"ref": "P334248.35.9",
"inst": "ša[of]DET",
"sig": "@saao/saa13%akk-x-neoass:ša=ša[of//of]DET'DET$ša",
"f": {"lang": "akk-x-neoass",
"form": "ša",
"cf": "ša",
"gw": "of",
"sense": "of",
"norm": "ša",
"pos": "DET",
"epos": "DET"}
}
,
{
"node": "l",
"frag": "BAD-HAL-li",
"id": "P334248.l019d0",
"ref": "P334248.35.10",
"inst": "pēthalli[riding horse]N",
"sig": "@saao/saa13%akk-x-neoass:BAD-HAL-li=pēthallu[riding horse//riding horse]N'N$pēthalli",
"f": {"lang": "akk-x-neoass",
"form": "BAD-HAL-li",
"cf": "pēthallu",
"gw": "riding horse",
"sense": "riding horse",
"norm": "pēthalli",
"pos": "N",
"epos": "N"}
}
,
{
"node": "d",
"type": "line-start",
"ref": "P334248.36",
"n": "2",
"label": "e. 2"}
,
{
"node": "l",
"frag": "[PAB]",
"id": "P334248.l019d1",
"ref": "P334248.36.1",
"inst": "gimru[total]N",
"sig": "@saao/saa13%akk-x-neoass:PAB=gimru[totality//total]N'N$gimru",
"f": {"lang": "akk-x-neoass",
"form": "PAB",
"cf": "gimru",
"gw": "totality",
"sense": "total",
"norm": "gimru",
"pos": "N",
"epos": "N"}
}
,
{
"node": "l",
"frag": "01",
"id": "P334248.l019d2",
"ref": "P334248.36.2",
"inst": "n",
"f": {"lang": "akk-x-neoass",
"form": "01",
"pos": "n"}
}
,
{
"node": "l",
"frag": "me",
"id": "P334248.l019d3",
"ref": "P334248.36.3",
"inst": "mē[hundred]NU",
"sig": "@saao/saa13%akk-x-neoass:me=meʾatu[(one) hundred//(one) hundred]NU'NU$mē",
"f": {"lang": "akk-x-neoass",
"form": "me",
"cf": "meʾatu",
"gw": "(one) hundred",
"sense": "(one) hundred",
"norm": "mē",
"pos": "NU",
"epos": "NU"}
}
,
{
"node": "l",
"frag": "48",
"id": "P334248.l019d4",
"ref": "P334248.36.4",
"inst": "n",
"f": {"lang": "akk-x-neoass",
"form": "48",
"pos": "n"}
}
,
{
"node": "l",
"frag": "KUR-MEŠ",
"id": "P334248.l019d5",
"ref": "P334248.36.5",
"inst": "sissê[horse]N",
"sig": "@saao/saa13%akk-x-neoass:KUR-MEŠ=sisû[horse//horse]N'N$sissê",
"f": {"lang": "akk-x-neoass",
"form": "KUR-MEŠ",
"cf": "sisû",
"gw": "horse",
"sense": "horse",
"norm": "sissê",
"pos": "N",
"epos": "N"}
}
,
{
"node": "l",
"frag": "30",
"id": "P334248.l019d6",
"ref": "P334248.36.6",
"inst": "n",
"f": {"lang": "akk-x-neoass",
"form": "30",
"pos": "n"}
}
,
{
"node": "l",
"frag": "{anše}ku-din-MEŠ",
"id": "P334248.l019d7",
"ref": "P334248.36.7",
"inst": "kūdinī[mule]N",
"sig": "@saao/saa13%akk-x-neoass:{ANŠE}ku-din-MEŠ=kūdanu[mule//mule]N'N$kūdinī",
"f": {"lang": "akk-x-neoass",
"form": "{ANŠE}ku-din-MEŠ",
"cf": "kūdanu",
"gw": "mule",
"sense": "mule",
"norm": "kūdinī",
"pos": "N",
"epos": "N"}
}
,
{
"node": "l",
"frag": "PAB",
"id": "P334248.l019d8",
"ref": "P334248.36.8",
"inst": "gimru[total]N",
"sig": "@saao/saa13%akk-x-neoass:PAB=gimru[totality//total]N'N$gimru",
"f": {"lang": "akk-x-neoass",
"form": "PAB",
"cf": "gimru",
"gw": "totality",
"sense": "total",
"norm": "gimru",
"pos": "N",
"epos": "N"}
}
,
{
"node": "l",
"frag": "01",
"id": "P334248.l019d9",
"ref": "P334248.36.9",
"inst": "n",
"f": {"lang": "akk-x-neoass",
"form": "01",
"pos": "n"}
}
,
{
"node": "l",
"frag": "me",
"id": "P334248.l019da",
"ref": "P334248.36.10",
"inst": "mē[hundred]NU",
"sig": "@saao/saa13%akk-x-neoass:me=meʾatu[(one) hundred//(one) hundred]NU'NU$mē",
"f": {"lang": "akk-x-neoass",
"form": "me",
"cf": "meʾatu",
"gw": "(one) hundred",
"sense": "(one) hundred",
"norm": "mē",
"pos": "NU",
"epos": "NU"}
}
,
{
"node": "l",
"frag": "78",
"id": "P334248.l019db",
"ref": "P334248.36.11",
"inst": "n",
"f": {"lang": "akk-x-neoass",
"form": "78",
"pos": "n"}
}
,
{
"node": "l",
"frag": "e-tar-bu-u-ni",
"id": "P334248.l019dc",
"ref": "P334248.36.12",
"inst": "ētarbūni[enter]V",
"sig": "@saao/saa13%akk-x-neoass:e-tar-bu-u-ni=erēbu[enter//enter]V'V$ētarbūni",
"f": {"lang": "akk-x-neoass",
"form": "e-tar-bu-u-ni",
"cf": "erēbu",
"gw": "enter",
"sense": "enter",
"norm": "ētarbūni",
"pos": "V",
"epos": "V"}
}
,
{
"node": "d",
"type": "line-start",
"ref": "P334248.37",
"n": "3",
"label": "e. 3"}
,
{
"node": "l",
"frag": "{iti}SIG₄",
"id": "P334248.l019dd",
"ref": "P334248.37.1",
"inst": "+Simanu[Sivan]MN$",
"sig": "@saao/saa13%akk-x-neoass:{ITI}SIG₄=Simanu[Sivan//Sivan]MN'MN$Simanu",
"f": {"lang": "akk-x-neoass",
"form": "{ITI}SIG₄",
"cf": "Simanu",
"gw": "Sivan",
"sense": "Sivan",
"norm": "Simanu",
"pos": "MN",
"epos": "MN"}
}
,
{
"node": "l",
"frag": "UD",
"id": "P334248.l019de",
"ref": "P334248.37.2",
"inst": "ūm[day]N",
"sig": "@saao%akk-x-neoass:UD=ūmu[day//day]N'N$ūm",
"f": {"lang": "akk-x-neoass",
"form": "UD",
"cf": "ūmu",
"gw": "day",
"sense": "day",
"norm": "ūm",
"pos": "N",
"epos": "N"}
}
,
{
"node": "l",
"frag": "02-KAM₂",
"id": "P334248.l019df",
"ref": "P334248.37.3",
"inst": "n",
"f": {"lang": "akk-x-neoass",
"form": "02-KAM₂",
"pos": "n"}
}
]}
]}
]}
]}
