{
"type": "cdl",
  "source": "http://oracc.org/saao/saa13",
  "license": "This data is released under the CC0 license",
  "license-url": "https://creativecommons.org/publicdomain/zero/1.0/",
  "more-info": "http://oracc.org/doc/opendata/",
  "UTC-timestamp": "2017-05-19T11:46:26",
"project": "saao/saa13",
"textid": "P334484",
"cdl": [
{
"node": "c",
"type": "text",
"id": "P334484.U0",
"cdl": [
{
"node": "d",
"type": "object",
"ref": ""}
,
{
"node": "d",
"subtype": "obverse",
"type": "surface",
"ref": "P334484.o.1",
"type": "obverse",
"label": "o"}
,
{
"node": "c",
"type": "discourse",
"subtype": "body",
"id": "P334484.U1",
"cdl": [
{
"node": "c",
"type": "sentence",
"id": "P334484.U2",
"label": "o 1 - r 10'",
"cdl": [
{
"node": "d",
"type": "line-start",
"ref": "P334484.2",
"n": "1",
"label": "o 1"}
,
{
"node": "l",
"frag": "a-na",
"id": "P334484.l018ef",
"ref": "P334484.2.1",
"inst": "ana[to]PRP",
"sig": "@saao/saa13%akk-x-neoass:a-na=ana[to//to]PRP'PRP$ana",
"f": {"lang": "akk-x-neoass",
"form": "a-na",
"cf": "ana",
"gw": "to",
"sense": "to",
"norm": "ana",
"pos": "PRP",
"epos": "PRP"}
}
,
{
"node": "l",
"frag": "LUGAL",
"id": "P334484.l018f0",
"ref": "P334484.2.2",
"inst": "šarri[king]N",
"sig": "@saao/saa13%akk-x-neoass:LUGAL=šarru[king//king]N'N$šarri",
"f": {"lang": "akk-x-neoass",
"form": "LUGAL",
"cf": "šarru",
"gw": "king",
"sense": "king",
"norm": "šarri",
"pos": "N",
"epos": "N"}
}
,
{
"node": "l",
"frag": "be-li₂-ia",
"id": "P334484.l018f1",
"ref": "P334484.2.3",
"inst": "bēlīya[lord]N",
"sig": "@saao/saa13%akk-x-neoass:be-li₂-ia=bēlu[lord//lord]N'N$bēlīya",
"f": {"lang": "akk-x-neoass",
"form": "be-li₂-ia",
"cf": "bēlu",
"gw": "lord",
"sense": "lord",
"norm": "bēlīya",
"pos": "N",
"epos": "N"}
}
,
{
"node": "d",
"type": "line-start",
"ref": "P334484.3",
"n": "2",
"label": "o 2"}
,
{
"node": "l",
"frag": "ARAD-ka",
"id": "P334484.l018f2",
"ref": "P334484.3.1",
"inst": "urdaka[servant]N",
"sig": "@saao/saa13%akk-x-neoass:ARAD-ka=ardu[slave//servant]N'N$urdaka",
"f": {"lang": "akk-x-neoass",
"form": "ARAD-ka",
"cf": "ardu",
"gw": "slave",
"sense": "servant",
"norm": "urdaka",
"pos": "N",
"epos": "N"}
}
,
{
"node": "l",
"frag": "{1}{d}AG-MU-AŠ",
"id": "P334484.l018f3",
"ref": "P334484.3.2",
"inst": "+Nabu-šumu-iddina[1]PN$",
"sig": "@saao/saa13%akk-x-neoass:{1}{d}AG-MU-AŠ=Nabu-šumu-iddina[1//1]PN'PN$Nabu-šumu-iddina",
"f": {"lang": "akk-x-neoass",
"form": "{1}{d}AG-MU-AŠ",
"cf": "Nabu-šumu-iddina",
"gw": "1",
"sense": "1",
"norm": "Nabu-šumu-iddina",
"pos": "PN",
"epos": "PN"}
}
,
{
"node": "d",
"type": "line-start",
"ref": "P334484.4",
"n": "3",
"label": "o 3"}
,
{
"node": "l",
"frag": "lu",
"id": "P334484.l018f4",
"ref": "P334484.4.1",
"inst": "lū[may]MOD",
"sig": "@saao/saa13%akk-x-neoass:lu=lū[may//may]MOD'MOD$lū",
"f": {"lang": "akk-x-neoass",
"form": "lu",
"cf": "lū",
"gw": "may",
"sense": "may",
"norm": "lū",
"pos": "MOD",
"epos": "MOD"}
}
,
{
"node": "l",
"frag": "⸢DI⸣-[mu]",
"id": "P334484.l018f5",
"ref": "P334484.4.2",
"inst": "šulmu[health]N",
"sig": "@saao/saa13%akk-x-neoass:DI-mu=šulmu[completeness//health]N'N$šulmu",
"f": {"lang": "akk-x-neoass",
"form": "DI-mu",
"cf": "šulmu",
"gw": "completeness",
"sense": "health",
"norm": "šulmu",
"pos": "N",
"epos": "N"}
}
,
{
"node": "l",
"frag": "a-na",
"id": "P334484.l018f6",
"ref": "P334484.4.3",
"inst": "ana[to]PRP",
"sig": "@saao/saa13%akk-x-neoass:a-na=ana[to//to]PRP'PRP$ana",
"f": {"lang": "akk-x-neoass",
"form": "a-na",
"cf": "ana",
"gw": "to",
"sense": "to",
"norm": "ana",
"pos": "PRP",
"epos": "PRP"}
}
,
{
"node": "l",
"frag": "LUGAL",
"id": "P334484.l018f7",
"ref": "P334484.4.4",
"inst": "šarri[king]N",
"sig": "@saao/saa13%akk-x-neoass:LUGAL=šarru[king//king]N'N$šarri",
"f": {"lang": "akk-x-neoass",
"form": "LUGAL",
"cf": "šarru",
"gw": "king",
"sense": "king",
"norm": "šarri",
"pos": "N",
"epos": "N"}
}
,
{
"node": "l",
"frag": "be-li₂-ia",
"id": "P334484.l018f8",
"ref": "P334484.4.5",
"inst": "bēlīya[lord]N",
"sig": "@saao/saa13%akk-x-neoass:be-li₂-ia=bēlu[lord//lord]N'N$bēlīya",
"f": {"lang": "akk-x-neoass",
"form": "be-li₂-ia",
"cf": "bēlu",
"gw": "lord",
"sense": "lord",
"norm": "bēlīya",
"pos": "N",
"epos": "N"}
}
,
{
"node": "d",
"type": "line-start",
"ref": "P334484.5",
"n": "4",
"label": "o 4"}
,
{
"node": "l",
"frag": "a-dan-niš",
"id": "P334484.l018f9",
"ref": "P334484.5.1",
"inst": "adanniš[very much]AV",
"sig": "@saao/saa13%akk-x-neoass:a-dan-niš=adanniš[very much//very much]AV'AV$adanniš",
"f": {"lang": "akk-x-neoass",
"form": "a-dan-niš",
"cf": "adanniš",
"gw": "very much",
"sense": "very much",
"norm": "adanniš",
"pos": "AV",
"epos": "AV"}
}
,
{
"node": "l",
"frag": "a-dan-niš",
"id": "P334484.l018fa",
"ref": "P334484.5.2",
"inst": "adanniš[very much]AV",
"sig": "@saao/saa13%akk-x-neoass:a-dan-niš=adanniš[very much//very much]AV'AV$adanniš",
"f": {"lang": "akk-x-neoass",
"form": "a-dan-niš",
"cf": "adanniš",
"gw": "very much",
"sense": "very much",
"norm": "adanniš",
"pos": "AV",
"epos": "AV"}
}
,
{
"node": "d",
"type": "line-start",
"ref": "P334484.6",
"n": "5",
"label": "o 5"}
,
{
"node": "l",
"frag": "{d}AG",
"id": "P334484.l018fb",
"ref": "P334484.6.1",
"inst": "Nabu[1]DN",
"sig": "@saao/saa13%akk-x-neoass:{d}AG=Nabu[1//1]DN'DN$Nabu",
"f": {"lang": "akk-x-neoass",
"form": "{d}AG",
"cf": "Nabu",
"gw": "1",
"sense": "1",
"norm": "Nabu",
"pos": "DN",
"epos": "DN"}
}
,
{
"node": "l",
"frag": "{d}AMAR.UTU",
"id": "P334484.l018fc",
"ref": "P334484.6.2",
"inst": "Marduk[1]DN",
"sig": "@saao/saa13%akk-x-neoass:{d}AMAR.UTU=Marduk[1//1]DN'DN$Marduk",
"f": {"lang": "akk-x-neoass",
"form": "{d}AMAR.UTU",
"cf": "Marduk",
"gw": "1",
"sense": "1",
"norm": "Marduk",
"pos": "DN",
"epos": "DN"}
}
,
{
"node": "l",
"frag": "a-na",
"id": "P334484.l018fd",
"ref": "P334484.6.3",
"inst": "ana[to]PRP",
"sig": "@saao/saa13%akk-x-neoass:a-na=ana[to//to]PRP'PRP$ana",
"f": {"lang": "akk-x-neoass",
"form": "a-na",
"cf": "ana",
"gw": "to",
"sense": "to",
"norm": "ana",
"pos": "PRP",
"epos": "PRP"}
}
,
{
"node": "l",
"frag": "LUGAL",
"id": "P334484.l018fe",
"ref": "P334484.6.4",
"inst": "šarri[king]N",
"sig": "@saao/saa13%akk-x-neoass:LUGAL=šarru[king//king]N'N$šarri",
"f": {"lang": "akk-x-neoass",
"form": "LUGAL",
"cf": "šarru",
"gw": "king",
"sense": "king",
"norm": "šarri",
"pos": "N",
"epos": "N"}
}
,
{
"node": "d",
"type": "line-start",
"ref": "P334484.7",
"n": "6",
"label": "o 6"}
,
{
"node": "l",
"frag": "be-li₂-ia",
"id": "P334484.l018ff",
"ref": "P334484.7.1",
"inst": "bēlīya[lord]N",
"sig": "@saao/saa13%akk-x-neoass:be-li₂-ia=bēlu[lord//lord]N'N$bēlīya",
"f": {"lang": "akk-x-neoass",
"form": "be-li₂-ia",
"cf": "bēlu",
"gw": "lord",
"sense": "lord",
"norm": "bēlīya",
"pos": "N",
"epos": "N"}
}
,
{
"node": "l",
"frag": "lik-ru-bu",
"id": "P334484.l01900",
"ref": "P334484.7.2",
"inst": "likrubu[bless]V",
"sig": "@saao/saa13%akk-x-neoass:lik-ru-bu=karābu[pray//bless]V'V$likrubu",
"f": {"lang": "akk-x-neoass",
"form": "lik-ru-bu",
"cf": "karābu",
"gw": "pray",
"sense": "bless",
"norm": "likrubu",
"pos": "V",
"epos": "V"}
}
,
{
"node": "d",
"type": "line-start",
"ref": "P334484.8",
"n": "7",
"label": "o 7"}
,
{
"node": "l",
"frag": "⸢x⸣+[x",
"id": "P334484.l01901",
"ref": "P334484.8.1",
"inst": "u",
"f": {"lang": "akk-x-neoass",
"form": "x+x",
"pos": "u"}
}
,
{
"node": "l",
"frag": "x",
"id": "P334484.l01902",
"ref": "P334484.8.2",
"inst": "u",
"f": {"lang": "akk-x-neoass",
"form": "x",
"pos": "u"}
}
,
{
"node": "l",
"frag": "x",
"id": "P334484.l01903",
"ref": "P334484.8.3",
"inst": "u",
"f": {"lang": "akk-x-neoass",
"form": "x",
"pos": "u"}
}
,
{
"node": "l",
"frag": "UD",
"id": "P334484.l01904",
"ref": "P334484.8.4",
"inst": "ūmu[day]N$ūm",
"sig": "@saao/saa13%akk-x-neoass:UD=ūmu[day//day]N'N$ūm",
"f": {"lang": "akk-x-neoass",
"form": "UD",
"cf": "ūmu",
"gw": "day",
"sense": "day",
"norm": "ūm",
"pos": "N",
"epos": "N"}
}
,
{
"node": "l",
"frag": "x]+3-KAM₂",
"id": "P334484.l01905",
"ref": "P334484.8.5",
"inst": "n",
"f": {"lang": "akk-x-neoass",
"form": "x+3-KAM₂",
"pos": "n"}
}
,
{
"node": "d",
"type": "line-start",
"ref": "P334484.9",
"n": "8",
"label": "o 8"}
,
{
"node": "l",
"frag": "⸢x⸣+[x",
"id": "P334484.l01906",
"ref": "P334484.9.1",
"inst": "u",
"f": {"lang": "akk-x-neoass",
"form": "x+x",
"pos": "u"}
}
,
{
"node": "l",
"frag": "x",
"id": "P334484.l01907",
"ref": "P334484.9.2",
"inst": "u",
"f": {"lang": "akk-x-neoass",
"form": "x",
"pos": "u"}
}
,
{
"node": "l",
"frag": "x",
"id": "P334484.l01908",
"ref": "P334484.9.3",
"inst": "u",
"f": {"lang": "akk-x-neoass",
"form": "x",
"pos": "u"}
}
,
{
"node": "l",
"frag": "x",
"id": "P334484.l01909",
"ref": "P334484.9.4",
"inst": "u",
"f": {"lang": "akk-x-neoass",
"form": "x",
"pos": "u"}
}
,
{
"node": "l",
"frag": "x",
"id": "P334484.l0190a",
"ref": "P334484.9.5",
"inst": "u",
"f": {"lang": "akk-x-neoass",
"form": "x",
"pos": "u"}
}
,
{
"node": "l",
"frag": "x]+⸢x⸣-MEŠ",
"id": "P334484.l0190b",
"ref": "P334484.9.6",
"inst": "u",
"f": {"lang": "akk-x-neoass",
"form": "x+x-MEŠ",
"pos": "u"}
}
,
{
"node": "d",
"type": "nonx",
"ref": "P334484.10",
"strict": "0",
"extent": "rest",
"state": "missing"}
,
{
"node": "d",
"subtype": "reverse",
"type": "surface",
"ref": "P334484.r.11",
"type": "reverse",
"label": "r"}
,
{
"node": "d",
"type": "nonx",
"ref": "P334484.12",
"strict": "0",
"extent": "beginning",
"state": "missing"}
,
{
"node": "d",
"type": "line-start",
"ref": "P334484.13",
"n": "1'",
"label": "r 1'"}
,
{
"node": "l",
"frag": "90",
"id": "P334484.l0190c",
"ref": "P334484.13.1",
"inst": "n",
"f": {"lang": "akk-x-neoass",
"form": "90",
"pos": "n"}
}
,
{
"node": "l",
"frag": "[x",
"id": "P334484.l0190d",
"ref": "P334484.13.2",
"inst": "u",
"f": {"lang": "akk-x-neoass",
"form": "x",
"pos": "u"}
}
,
{
"node": "l",
"frag": "x",
"id": "P334484.l0190e",
"ref": "P334484.13.3",
"inst": "u",
"f": {"lang": "akk-x-neoass",
"form": "x",
"pos": "u"}
}
,
{
"node": "l",
"frag": "x",
"id": "P334484.l0190f",
"ref": "P334484.13.4",
"inst": "u",
"f": {"lang": "akk-x-neoass",
"form": "x",
"pos": "u"}
}
,
{
"node": "l",
"frag": "x",
"id": "P334484.l01910",
"ref": "P334484.13.5",
"inst": "u",
"f": {"lang": "akk-x-neoass",
"form": "x",
"pos": "u"}
}
,
{
"node": "l",
"frag": "x",
"id": "P334484.l01911",
"ref": "P334484.13.6",
"inst": "u",
"f": {"lang": "akk-x-neoass",
"form": "x",
"pos": "u"}
}
,
{
"node": "l",
"frag": "x]",
"id": "P334484.l01912",
"ref": "P334484.13.7",
"inst": "u",
"f": {"lang": "akk-x-neoass",
"form": "x",
"pos": "u"}
}
,
{
"node": "d",
"type": "line-start",
"ref": "P334484.14",
"n": "2'",
"label": "r 2'"}
,
{
"node": "l",
"frag": "ša",
"id": "P334484.l01913",
"ref": "P334484.14.1",
"inst": "ša[of]DET",
"sig": "@saao/saa13%akk-x-neoass:ša=ša[of//of]DET'DET$ša",
"f": {"lang": "akk-x-neoass",
"form": "ša",
"cf": "ša",
"gw": "of",
"sense": "of",
"norm": "ša",
"pos": "DET",
"epos": "DET"}
}
,
{
"node": "l",
"frag": "{uru}[x",
"id": "P334484.l01914",
"ref": "P334484.14.2",
"inst": "u",
"f": {"lang": "akk-x-neoass",
"form": "{URU}x",
"pos": "u"}
}
,
{
"node": "l",
"frag": "x",
"id": "P334484.l01915",
"ref": "P334484.14.3",
"inst": "u",
"f": {"lang": "akk-x-neoass",
"form": "x",
"pos": "u"}
}
,
{
"node": "l",
"frag": "x",
"id": "P334484.l01916",
"ref": "P334484.14.4",
"inst": "u",
"f": {"lang": "akk-x-neoass",
"form": "x",
"pos": "u"}
}
,
{
"node": "l",
"frag": "x",
"id": "P334484.l01917",
"ref": "P334484.14.5",
"inst": "u",
"f": {"lang": "akk-x-neoass",
"form": "x",
"pos": "u"}
}
,
{
"node": "l",
"frag": "x]",
"id": "P334484.l01918",
"ref": "P334484.14.6",
"inst": "u",
"f": {"lang": "akk-x-neoass",
"form": "x",
"pos": "u"}
}
,
{
"node": "d",
"type": "line-start",
"ref": "P334484.15",
"n": "3'",
"label": "r 3'"}
,
{
"node": "l",
"frag": "PAB",
"id": "P334484.l01919",
"ref": "P334484.15.1",
"inst": "gimru[total]N",
"sig": "@saao/saa13%akk-x-neoass:PAB=gimru[totality//total]N'N$gimru",
"f": {"lang": "akk-x-neoass",
"form": "PAB",
"cf": "gimru",
"gw": "totality",
"sense": "total",
"norm": "gimru",
"pos": "N",
"epos": "N"}
}
,
{
"node": "l",
"frag": "01",
"id": "P334484.l0191a",
"ref": "P334484.15.2",
"inst": "n",
"f": {"lang": "akk-x-neoass",
"form": "01",
"pos": "n"}
}
,
{
"node": "l",
"frag": "me",
"id": "P334484.l0191b",
"ref": "P334484.15.3",
"inst": "mē[hundred]NU",
"sig": "@saao/saa13%akk-x-neoass:me=meʾatu[(one) hundred//(one) hundred]NU'NU$mē",
"f": {"lang": "akk-x-neoass",
"form": "me",
"cf": "meʾatu",
"gw": "(one) hundred",
"sense": "(one) hundred",
"norm": "mē",
"pos": "NU",
"epos": "NU"}
}
,
{
"node": "l",
"frag": "64",
"id": "P334484.l0191c",
"ref": "P334484.15.4",
"inst": "n",
"f": {"lang": "akk-x-neoass",
"form": "64",
"pos": "n"}
}
,
{
"node": "l",
"frag": "{anše}KUR.RA-MEŠ",
"id": "P334484.l0191d",
"ref": "P334484.15.5",
"inst": "sissê[horse]N",
"sig": "@saao/saa13%akk-x-neoass:{ANŠE}KUR.RA-MEŠ=sisû[horse//horse]N'N$sissê",
"f": {"lang": "akk-x-neoass",
"form": "{ANŠE}KUR.RA-MEŠ",
"cf": "sisû",
"gw": "horse",
"sense": "horse",
"norm": "sissê",
"pos": "N",
"epos": "N"}
}
,
{
"node": "d",
"type": "line-start",
"ref": "P334484.16",
"n": "4'",
"label": "r 4'"}
,
{
"node": "l",
"frag": "{kur}ku-sa-a-a",
"id": "P334484.l0191e",
"ref": "P334484.16.1",
"inst": "+Kusaya[Kushite]EN$",
"sig": "@saao/saa13%akk-x-neoass:{KUR}ku-sa-a-a=Kusaya[Kushite//Kushite]EN'EN$Kusaya",
"f": {"lang": "akk-x-neoass",
"form": "{KUR}ku-sa-a-a",
"cf": "Kusaya",
"gw": "Kushite",
"sense": "Kushite",
"norm": "Kusaya",
"pos": "EN",
"epos": "EN"}
}
,
{
"node": "d",
"type": "line-start",
"ref": "P334484.17",
"n": "5'",
"label": "r 5'"}
,
{
"node": "l",
"frag": "35",
"id": "P334484.l0191f",
"ref": "P334484.17.1",
"inst": "n",
"f": {"lang": "akk-x-neoass",
"form": "35",
"pos": "n"}
}
,
{
"node": "l",
"frag": "KUR-MEŠ",
"id": "P334484.l01920",
"ref": "P334484.17.2",
"inst": "sissê[horse]N",
"sig": "@saao/saa13%akk-x-neoass:KUR-MEŠ=sisû[horse//horse]N'N$sissê",
"f": {"lang": "akk-x-neoass",
"form": "KUR-MEŠ",
"cf": "sisû",
"gw": "horse",
"sense": "horse",
"norm": "sissê",
"pos": "N",
"epos": "N"}
}
,
{
"node": "l",
"frag": "ša",
"id": "P334484.l01921",
"ref": "P334484.17.3",
"inst": "ša[of]DET",
"sig": "@saao/saa13%akk-x-neoass:ša=ša[of//of]DET'DET$ša",
"f": {"lang": "akk-x-neoass",
"form": "ša",
"cf": "ša",
"gw": "of",
"sense": "of",
"norm": "ša",
"pos": "DET",
"epos": "DET"}
}
,
{
"node": "l",
"frag": "BAD-HAL-li",
"id": "P334484.l01922",
"ref": "P334484.17.4",
"inst": "pēthalli[riding horse]N",
"sig": "@saao/saa13%akk-x-neoass:BAD-HAL-li=pēthallu[riding horse//riding horse]N'N$pēthalli",
"f": {"lang": "akk-x-neoass",
"form": "BAD-HAL-li",
"cf": "pēthallu",
"gw": "riding horse",
"sense": "riding horse",
"norm": "pēthalli",
"pos": "N",
"epos": "N"}
}
,
{
"node": "d",
"type": "line-start",
"ref": "P334484.18",
"n": "6'",
"label": "r 6'"}
,
{
"node": "l",
"frag": "06",
"id": "P334484.l01923",
"ref": "P334484.18.1",
"inst": "n",
"f": {"lang": "akk-x-neoass",
"form": "06",
"pos": "n"}
}
,
{
"node": "l",
"frag": "{anše}ku-din-MEŠ",
"id": "P334484.l01924",
"ref": "P334484.18.2",
"inst": "kūdinī[mule]N",
"sig": "@saao/saa13%akk-x-neoass:{ANŠE}ku-din-MEŠ=kūdanu[mule//mule]N'N$kūdinī",
"f": {"lang": "akk-x-neoass",
"form": "{ANŠE}ku-din-MEŠ",
"cf": "kūdanu",
"gw": "mule",
"sense": "mule",
"norm": "kūdinī",
"pos": "N",
"epos": "N"}
}
,
{
"node": "d",
"type": "line-start",
"ref": "P334484.19",
"n": "7'",
"label": "r 7'"}
,
{
"node": "l",
"frag": "PAB",
"id": "P334484.l01925",
"ref": "P334484.19.1",
"inst": "gimru[total]N",
"sig": "@saao/saa13%akk-x-neoass:PAB=gimru[totality//total]N'N$gimru",
"f": {"lang": "akk-x-neoass",
"form": "PAB",
"cf": "gimru",
"gw": "totality",
"sense": "total",
"norm": "gimru",
"pos": "N",
"epos": "N"}
}
,
{
"node": "l",
"frag": "02",
"id": "P334484.l01926",
"ref": "P334484.19.2",
"inst": "n",
"f": {"lang": "akk-x-neoass",
"form": "02",
"pos": "n"}
}
,
{
"node": "l",
"frag": "me",
"id": "P334484.l01927",
"ref": "P334484.19.3",
"inst": "mē[hundred]NU",
"sig": "@saao/saa13%akk-x-neoass:me=meʾatu[(one) hundred//(one) hundred]NU'NU$mē",
"f": {"lang": "akk-x-neoass",
"form": "me",
"cf": "meʾatu",
"gw": "(one) hundred",
"sense": "(one) hundred",
"norm": "mē",
"pos": "NU",
"epos": "NU"}
}
,
{
"node": "l",
"frag": "07",
"id": "P334484.l01928",
"ref": "P334484.19.4",
"inst": "n",
"f": {"lang": "akk-x-neoass",
"form": "07",
"pos": "n"}
}
,
{
"node": "l",
"frag": "KUR-MEŠ",
"id": "P334484.l01929",
"ref": "P334484.19.5",
"inst": "sissê[horse]N",
"sig": "@saao/saa13%akk-x-neoass:KUR-MEŠ=sisû[horse//horse]N'N$sissê",
"f": {"lang": "akk-x-neoass",
"form": "KUR-MEŠ",
"cf": "sisû",
"gw": "horse",
"sense": "horse",
"norm": "sissê",
"pos": "N",
"epos": "N"}
}
,
{
"node": "l",
"frag": "{anše}ku-din-MEŠ",
"id": "P334484.l0192a",
"ref": "P334484.19.6",
"inst": "kūdinī[mule]N",
"sig": "@saao/saa13%akk-x-neoass:{ANŠE}ku-din-MEŠ=kūdanu[mule//mule]N'N$kūdinī",
"f": {"lang": "akk-x-neoass",
"form": "{ANŠE}ku-din-MEŠ",
"cf": "kūdanu",
"gw": "mule",
"sense": "mule",
"norm": "kūdinī",
"pos": "N",
"epos": "N"}
}
,
{
"node": "d",
"type": "line-start",
"ref": "P334484.20",
"n": "8'",
"label": "r 8'"}
,
{
"node": "l",
"frag": "UD-mu",
"id": "P334484.l0192b",
"ref": "P334484.20.1",
"inst": "ūmu[day]N",
"sig": "@saao/saa13%akk-x-neoass:UD-mu=ūmu[day//day]N'N$ūmu",
"f": {"lang": "akk-x-neoass",
"form": "UD-mu",
"cf": "ūmu",
"gw": "day",
"sense": "day",
"norm": "ūmu",
"pos": "N",
"epos": "N"}
}
,
{
"node": "l",
"frag": "an-ni-u₂",
"id": "P334484.l0192c",
"ref": "P334484.20.2",
"inst": "annīu[this]DP",
"sig": "@saao/saa13%akk-x-neoass:an-ni-u₂=annû[this//this]DP'DP$annīu",
"f": {"lang": "akk-x-neoass",
"form": "an-ni-u₂",
"cf": "annû",
"gw": "this",
"sense": "this",
"norm": "annīu",
"pos": "DP",
"epos": "DP"}
}
,
{
"node": "d",
"type": "line-start",
"ref": "P334484.21",
"n": "9'",
"label": "r 9'"}
,
{
"node": "l",
"frag": "e-tar-bu-u-ni",
"id": "P334484.l0192d",
"ref": "P334484.21.1",
"inst": "ētarbūni[enter]V",
"sig": "@saao/saa13%akk-x-neoass:e-tar-bu-u-ni=erēbu[enter//enter]V'V$ētarbūni",
"f": {"lang": "akk-x-neoass",
"form": "e-tar-bu-u-ni",
"cf": "erēbu",
"gw": "enter",
"sense": "enter",
"norm": "ētarbūni",
"pos": "V",
"epos": "V"}
}
,
{
"node": "d",
"type": "line-start",
"ref": "P334484.22",
"n": "10'",
"label": "r 10'"}
,
{
"node": "l",
"frag": "{[iti]}⸢BARAG⸣",
"id": "P334484.l0192e",
"ref": "P334484.22.1",
"inst": "+Nisannu[Nisan]MN$",
"sig": "@saao/saa13%akk-x-neoass:{ITI}BARAG=Nisannu[Nisan//Nisan]MN'MN$Nisannu",
"f": {"lang": "akk-x-neoass",
"form": "{ITI}BARAG",
"cf": "Nisannu",
"gw": "Nisan",
"sense": "Nisan",
"norm": "Nisannu",
"pos": "MN",
"epos": "MN"}
}
,
{
"node": "l",
"frag": "UD",
"id": "P334484.l0192f",
"ref": "P334484.22.2",
"inst": "+ūm[day]N",
"exosig": "@saao/saa13%akk-x-neoass:UD=ūm[day//day]N'N$ūm",
"f": {"lang": "akk-x-neoass",
"form": "UD",
"cf": "ūmu",
"gw": "day",
"sense": "day",
"norm": "ūm",
"pos": "N",
"epos": "N"}
}
,
{
"node": "l",
"frag": "06-[KAM₂]",
"id": "P334484.l01930",
"ref": "P334484.22.3",
"inst": "n",
"f": {"lang": "akk-x-neoass",
"form": "06-KAM₂",
"pos": "n"}
}
]}
]}
]}
]}
