{
"type": "cdl",
  "source": "http://oracc.org/saao/saa13",
  "license": "This data is released under the CC0 license",
  "license-url": "https://creativecommons.org/publicdomain/zero/1.0/",
  "more-info": "http://oracc.org/doc/opendata/",
  "UTC-timestamp": "2017-05-19T11:46:29",
"project": "saao/saa13",
"textid": "P334654",
"cdl": [
{
"node": "c",
"type": "text",
"id": "P334654.U0",
"cdl": [
{
"node": "d",
"type": "object",
"ref": ""}
,
{
"node": "d",
"subtype": "obverse",
"type": "surface",
"ref": "P334654.o.1",
"type": "obverse",
"label": "o"}
,
{
"node": "c",
"type": "discourse",
"subtype": "body",
"id": "P334654.U1",
"cdl": [
{
"node": "c",
"type": "sentence",
"id": "P334654.U2",
"label": "o 1 - r 6",
"cdl": [
{
"node": "d",
"type": "line-start",
"ref": "P334654.2",
"n": "1",
"label": "o 1"}
,
{
"node": "l",
"frag": "a-na",
"id": "P334654.l02dee",
"ref": "P334654.2.1",
"inst": "ana[to]PRP",
"sig": "@saao/saa13%akk-x-neoass:a-na=ana[to//to]PRP'PRP$ana",
"f": {"lang": "akk-x-neoass",
"form": "a-na",
"cf": "ana",
"gw": "to",
"sense": "to",
"norm": "ana",
"pos": "PRP",
"epos": "PRP"}
}
,
{
"node": "l",
"frag": "{1}da₃-ri-LUGAL",
"id": "P334654.l02def",
"ref": "P334654.2.2",
"inst": "+Dari-šarru[1]PN$",
"sig": "@saao/saa13%akk-x-neoass:{1}da₃-ri-LUGAL=Dari-šarru[1//1]PN'PN$Dari-šarru",
"f": {"lang": "akk-x-neoass",
"form": "{1}da₃-ri-LUGAL",
"cf": "Dari-šarru",
"gw": "1",
"sense": "1",
"norm": "Dari-šarru",
"pos": "PN",
"epos": "PN"}
}
,
{
"node": "l",
"frag": "a-na",
"id": "P334654.l02df0",
"ref": "P334654.2.3",
"inst": "ana[to]PRP",
"sig": "@saao/saa13%akk-x-neoass:a-na=ana[to//to]PRP'PRP$ana",
"f": {"lang": "akk-x-neoass",
"form": "a-na",
"cf": "ana",
"gw": "to",
"sense": "to",
"norm": "ana",
"pos": "PRP",
"epos": "PRP"}
}
,
{
"node": "l",
"frag": "{1}aš-⸢šur⸣-[x",
"id": "P334654.l02df1",
"ref": "P334654.2.4",
"inst": "u",
"f": {"lang": "akk-x-neoass",
"form": "{1}aš-šur-x",
"pos": "u"}
}
,
{
"node": "l",
"frag": "x",
"id": "P334654.l02df2",
"ref": "P334654.2.5",
"inst": "u",
"f": {"lang": "akk-x-neoass",
"form": "x",
"pos": "u"}
}
,
{
"node": "l",
"frag": "x",
"id": "P334654.l02df3",
"ref": "P334654.2.6",
"inst": "u",
"f": {"lang": "akk-x-neoass",
"form": "x",
"pos": "u"}
}
,
{
"node": "l",
"frag": "x]",
"id": "P334654.l02df4",
"ref": "P334654.2.7",
"inst": "u",
"f": {"lang": "akk-x-neoass",
"form": "x",
"pos": "u"}
}
,
{
"node": "d",
"type": "line-start",
"ref": "P334654.3",
"n": "2",
"label": "o 2"}
,
{
"node": "l",
"frag": "a-na",
"id": "P334654.l02df5",
"ref": "P334654.3.1",
"inst": "ana[to]PRP",
"sig": "@saao/saa13%akk-x-neoass:a-na=ana[to//to]PRP'PRP$ana",
"f": {"lang": "akk-x-neoass",
"form": "a-na",
"cf": "ana",
"gw": "to",
"sense": "to",
"norm": "ana",
"pos": "PRP",
"epos": "PRP"}
}
,
{
"node": "l",
"frag": "{1}ARAD-{d}60",
"id": "P334654.l02df6",
"ref": "P334654.3.2",
"inst": "+Urdu-Ea[1]PN$",
"sig": "@saao/saa13%akk-x-neoass:{1}ARAD-{d}60=Urdu-Ea[1//1]PN'PN$Urdu-Ea",
"f": {"lang": "akk-x-neoass",
"form": "{1}ARAD-{d}60",
"cf": "Urdu-Ea",
"gw": "1",
"sense": "1",
"norm": "Urdu-Ea",
"pos": "PN",
"epos": "PN"}
}
,
{
"node": "l",
"frag": "a-na",
"id": "P334654.l02df7",
"ref": "P334654.3.3",
"inst": "ana[to]PRP",
"sig": "@saao/saa13%akk-x-neoass:a-na=ana[to//to]PRP'PRP$ana",
"f": {"lang": "akk-x-neoass",
"form": "a-na",
"cf": "ana",
"gw": "to",
"sense": "to",
"norm": "ana",
"pos": "PRP",
"epos": "PRP"}
}
,
{
"node": "l",
"frag": "{1}ki-ṣir-aš-šur",
"id": "P334654.l02df8",
"ref": "P334654.3.4",
"inst": "Kiṣir-Aššur[1]PN",
"sig": "@saao/saa13%akk-x-neoass:{1}ki-ṣir-aš-šur=Kiṣir-Aššur[1//1]PN'PN$Kiṣir-Aššur",
"f": {"lang": "akk-x-neoass",
"form": "{1}ki-ṣir-aš-šur",
"cf": "Kiṣir-Aššur",
"gw": "1",
"sense": "1",
"norm": "Kiṣir-Aššur",
"pos": "PN",
"epos": "PN"}
}
,
{
"node": "l",
"frag": "a-na",
"id": "P334654.l02df9",
"ref": "P334654.3.5",
"inst": "ana[to]PRP",
"sig": "@saao/saa13%akk-x-neoass:a-na=ana[to//to]PRP'PRP$ana",
"f": {"lang": "akk-x-neoass",
"form": "a-na",
"cf": "ana",
"gw": "to",
"sense": "to",
"norm": "ana",
"pos": "PRP",
"epos": "PRP"}
}
,
{
"node": "l",
"frag": "{1}x",
"id": "P334654.l02dfa",
"ref": "P334654.3.6",
"inst": "u",
"f": {"lang": "akk-x-neoass",
"form": "{1}x",
"pos": "u"}
}
,
{
"node": "l",
"frag": "x",
"id": "P334654.l02dfb",
"ref": "P334654.3.7",
"inst": "u",
"f": {"lang": "akk-x-neoass",
"form": "x",
"pos": "u"}
}
,
{
"node": "l",
"frag": "x]",
"id": "P334654.l02dfc",
"ref": "P334654.3.8",
"inst": "u",
"f": {"lang": "akk-x-neoass",
"form": "x",
"pos": "u"}
}
,
{
"node": "d",
"type": "line-start",
"ref": "P334654.4",
"n": "3",
"label": "o 3"}
,
{
"node": "l",
"frag": "LUGAL",
"id": "P334654.l02dfd",
"ref": "P334654.4.1",
"inst": "šarru[king]N",
"sig": "@saao/saa13%akk-x-neoass:LUGAL=šarru[king//king]N'N$šarri",
"f": {"lang": "akk-x-neoass",
"form": "LUGAL",
"cf": "šarru",
"gw": "king",
"sense": "king",
"norm": "šarri",
"pos": "N",
"epos": "N"}
}
,
{
"node": "l",
"frag": "be-li",
"id": "P334654.l02dfe",
"ref": "P334654.4.2",
"inst": "bēlī[lord]N",
"sig": "@saao/saa13%akk-x-neoass:be-li=bēlu[lord//lord]N'N$bēlī",
"f": {"lang": "akk-x-neoass",
"form": "be-li",
"cf": "bēlu",
"gw": "lord",
"sense": "lord",
"norm": "bēlī",
"pos": "N",
"epos": "N"}
}
,
{
"node": "l",
"frag": "ṭe₃-e-mu",
"id": "P334654.l02dff",
"ref": "P334654.4.3",
"inst": "ṭēmu[order]N",
"sig": "@saao/saa13%akk-x-neoass:ṭe₃-e-mu=ṭēmu[(fore)thought//order]N'N$ṭēmu",
"f": {"lang": "akk-x-neoass",
"form": "ṭe₃-e-mu",
"cf": "ṭēmu",
"gw": "(fore)thought",
"sense": "order",
"norm": "ṭēmu",
"pos": "N",
"epos": "N"}
}
,
{
"node": "l",
"frag": "liš-⸢kun⸣",
"id": "P334654.l02e00",
"ref": "P334654.4.4",
"inst": "liškun[place]V",
"sig": "@saao/saa13%akk-x-neoass:liš-kun=šakānu[put//place]V'V$liškun",
"f": {"lang": "akk-x-neoass",
"form": "liš-kun",
"cf": "šakānu",
"gw": "put",
"sense": "place",
"norm": "liškun",
"pos": "V",
"epos": "V"}
}
,
{
"node": "l",
"frag": "[o]",
"id": "P334654.l02e01",
"ref": "P334654.4.5",
"inst": "u",
"f": {"lang": "akk-x-neoass",
"form": "o",
"pos": "u"}
}
,
{
"node": "d",
"type": "line-start",
"ref": "P334654.5",
"n": "4",
"label": "o 4"}
,
{
"node": "l",
"frag": "ni-il-lik",
"id": "P334654.l02e02",
"ref": "P334654.5.1",
"inst": "nillik[go]V",
"sig": "@saao/saa13%akk-x-neoass:ni-il-lik=alāku[go//go]V'V$nillik",
"f": {"lang": "akk-x-neoass",
"form": "ni-il-lik",
"cf": "alāku",
"gw": "go",
"sense": "go",
"norm": "nillik",
"pos": "V",
"epos": "V"}
}
,
{
"node": "l",
"frag": "A₂.2-šu₂-nu",
"id": "P334654.l02e03",
"ref": "P334654.5.2",
"inst": "ahīšunu[arm]N",
"sig": "@saao/saa13%akk-x-neoass:A₂.2-šu₂-nu=ahu[arm//arm]N'N$ahīšunu",
"f": {"lang": "akk-x-neoass",
"form": "A₂.2-šu₂-nu",
"cf": "ahu",
"gw": "arm",
"sense": "arm",
"norm": "ahīšunu",
"pos": "N",
"epos": "N"}
}
,
{
"node": "l",
"frag": "ina",
"id": "P334654.l02e04",
"ref": "P334654.5.3",
"inst": "+ina[in+=on]PRP$",
"sig": "@saao/saa13%akk-x-neoass:ina=ina[in//in]PRP'PRP$ina",
"f": {"lang": "akk-x-neoass",
"form": "ina",
"cf": "ina",
"gw": "in",
"sense": "in",
"norm": "ina",
"pos": "PRP",
"epos": "PRP"}
}
,
{
"node": "l",
"frag": "UGU",
"id": "P334654.l02e05",
"ref": "P334654.5.4",
"inst": "+muhhu[skull]N$muhhi",
"sig": "@saao/saa13%akk-x-neoass:UGU=muhhu[skull//skull]N'N$muhhi",
"f": {"lang": "akk-x-neoass",
"form": "UGU",
"cf": "muhhu",
"gw": "skull",
"sense": "skull",
"norm": "muhhi",
"pos": "N",
"epos": "N"}
}
,
{
"node": "l",
"frag": "dul-li",
"id": "P334654.l02e06",
"ref": "P334654.5.5",
"inst": "dulli[work]N",
"sig": "@saao/saa13%akk-x-neoass:dul-li=dullu[trouble//work]N'N$dulli",
"f": {"lang": "akk-x-neoass",
"form": "dul-li",
"cf": "dullu",
"gw": "trouble",
"sense": "work",
"norm": "dulli",
"pos": "N",
"epos": "N"}
}
,
{
"node": "l",
"frag": "⸢liš⸣-[ku-nu]",
"id": "P334654.l02e07",
"ref": "P334654.5.6",
"inst": "liškunu[place]V",
"sig": "@saao/saa13%akk-x-neoass:liš-ku-nu=šakānu[put//place]V'V$liškunu",
"f": {"lang": "akk-x-neoass",
"form": "liš-ku-nu",
"cf": "šakānu",
"gw": "put",
"sense": "place",
"norm": "liškunu",
"pos": "V",
"epos": "V"}
}
,
{
"node": "d",
"type": "line-start",
"ref": "P334654.6",
"n": "5",
"label": "o 5"}
,
{
"node": "l",
"frag": "a-di",
"id": "P334654.l02e08",
"ref": "P334654.6.1",
"inst": "adi[until]PRP",
"sig": "@saao/saa13%akk-x-neoass:a-di=adi[until//until]PRP'PRP$adi",
"f": {"lang": "akk-x-neoass",
"form": "a-di",
"cf": "adi",
"gw": "until",
"sense": "until",
"norm": "adi",
"pos": "PRP",
"epos": "PRP"}
}
,
{
"node": "l",
"frag": "na-sah",
"id": "P334654.l02e09",
"ref": "P334654.6.2",
"inst": "+nasāhu[tear out//carrying out]V'N$nasāh",
"sig": "@saao/saa13%akk-x-neoass:na-sah=nasāhu[tear out//carrying out]V'N$nasāh",
"f": {"lang": "akk-x-neoass",
"form": "na-sah",
"cf": "nasāhu",
"gw": "tear out",
"sense": "carrying out",
"norm": "nasāh",
"pos": "V",
"epos": "N"}
}
,
{
"node": "l",
"frag": "{udu}SISKUR.SISKUR-MEŠ",
"id": "P334654.l02e0a",
"ref": "P334654.6.3",
"inst": "niqiāti[sacrifice]N",
"sig": "@saao/saa13%akk-x-neoass:{UDU}SISKUR.SISKUR-MEŠ=nīqu[offering//sacrifice]N'N$niqiāti",
"f": {"lang": "akk-x-neoass",
"form": "{UDU}SISKUR.SISKUR-MEŠ",
"cf": "nīqu",
"gw": "offering",
"sense": "sacrifice",
"norm": "niqiāti",
"pos": "N",
"epos": "N"}
}
,
{
"node": "l",
"frag": "ša",
"id": "P334654.l02e0b",
"ref": "P334654.6.4",
"inst": "ša[of]DET",
"sig": "@saao/saa13%akk-x-neoass:ša=ša[of//of]DET'DET$ša",
"f": {"lang": "akk-x-neoass",
"form": "ša",
"cf": "ša",
"gw": "of",
"sense": "of",
"norm": "ša",
"pos": "DET",
"epos": "DET"}
}
,
{
"node": "l",
"frag": "{uru}[ŠA₃-URU]",
"id": "P334654.l02e0c",
"ref": "P334654.6.5",
"inst": "Libbi-ali[Inner City (Assur)]GN",
"sig": "@saao/saa13%akk-x-neoass:{URU}ŠA₃-URU=Libbi-ali[Inner City (Assur)//Inner City (Assur)]GN'GN$Libbi-ali",
"f": {"lang": "akk-x-neoass",
"form": "{URU}ŠA₃-URU",
"cf": "Libbi-ali",
"gw": "Inner City (Assur)",
"sense": "Inner City (Assur)",
"norm": "Libbi-ali",
"pos": "GN",
"epos": "GN"}
}
,
{
"node": "d",
"type": "line-start",
"ref": "P334654.7",
"n": "6",
"label": "o 6"}
,
{
"node": "l",
"frag": "la",
"id": "P334654.l02e0d",
"ref": "P334654.7.1",
"inst": "lā[not]MOD",
"sig": "@saao/saa13%akk-x-neoass:la=lā[not//not]MOD'MOD$lā",
"f": {"lang": "akk-x-neoass",
"form": "la",
"cf": "lā",
"gw": "not",
"sense": "not",
"norm": "lā",
"pos": "MOD",
"epos": "MOD"}
}
,
{
"node": "l",
"frag": "i-kaš-ša₂-da-nin-[ni",
"id": "P334654.l02e0e",
"ref": "P334654.7.2",
"inst": "+kašādu[reach]V$ikaššadāninni",
"sig": "@saao/saa13%akk-x-neoass:i-kaš-ša₂-da-nin-ni=kašādu[reach//reach]V'V$ikaššadāninni",
"f": {"lang": "akk-x-neoass",
"form": "i-kaš-ša₂-da-nin-ni",
"cf": "kašādu",
"gw": "reach",
"sense": "reach",
"norm": "ikaššadāninni",
"pos": "V",
"epos": "V"}
}
,
{
"node": "l",
"frag": "o]",
"id": "P334654.l02e0f",
"ref": "P334654.7.3",
"inst": "u",
"f": {"lang": "akk-x-neoass",
"form": "o",
"pos": "u"}
}
,
{
"node": "d",
"type": "line-start",
"ref": "P334654.8",
"n": "7",
"label": "o 7"}
,
{
"node": "l",
"frag": "LUGAL",
"id": "P334654.l02e10",
"ref": "P334654.8.1",
"inst": "šarru[king]N",
"sig": "@saao/saa13%akk-x-neoass:LUGAL=šarru[king//king]N'N$šarri",
"f": {"lang": "akk-x-neoass",
"form": "LUGAL",
"cf": "šarru",
"gw": "king",
"sense": "king",
"norm": "šarri",
"pos": "N",
"epos": "N"}
}
,
{
"node": "l",
"frag": "be-li",
"id": "P334654.l02e11",
"ref": "P334654.8.2",
"inst": "bēlī[lord]N",
"sig": "@saao/saa13%akk-x-neoass:be-li=bēlu[lord//lord]N'N$bēlī",
"f": {"lang": "akk-x-neoass",
"form": "be-li",
"cf": "bēlu",
"gw": "lord",
"sense": "lord",
"norm": "bēlī",
"pos": "N",
"epos": "N"}
}
,
{
"node": "l",
"frag": "u₂-da",
"id": "P334654.l02e12",
"ref": "P334654.8.3",
"inst": "ūda[know]V",
"sig": "@saao/saa13%akk-x-neoass:u₂-da=wadû[know//know]V'V$ūda",
"f": {"lang": "akk-x-neoass",
"form": "u₂-da",
"cf": "wadû",
"gw": "know",
"sense": "know",
"norm": "ūda",
"pos": "V",
"epos": "V"}
}
,
{
"node": "l",
"frag": "ki-ma",
"id": "P334654.l02e13",
"ref": "P334654.8.4",
"inst": "kīma[if]'MOD",
"sig": "@saao/saa13%akk-x-neoass:ki-ma=kīma[like//if]PRP'MOD$kīma",
"f": {"lang": "akk-x-neoass",
"form": "ki-ma",
"cf": "kīma",
"gw": "like",
"sense": "if",
"norm": "kīma",
"pos": "PRP",
"epos": "MOD"}
}
,
{
"node": "l",
"frag": "A₂.2-šu₂-nu",
"id": "P334654.l02e14",
"ref": "P334654.8.5",
"inst": "ahīšunu[arm]N",
"sig": "@saao/saa13%akk-x-neoass:A₂.2-šu₂-nu=ahu[arm//arm]N'N$ahīšunu",
"f": {"lang": "akk-x-neoass",
"form": "A₂.2-šu₂-nu",
"cf": "ahu",
"gw": "arm",
"sense": "arm",
"norm": "ahīšunu",
"pos": "N",
"epos": "N"}
}
,
{
"node": "l",
"frag": "[x",
"id": "P334654.l02e15",
"ref": "P334654.8.6",
"inst": "u",
"f": {"lang": "akk-x-neoass",
"form": "x",
"pos": "u"}
}
,
{
"node": "l",
"frag": "x]",
"id": "P334654.l02e16",
"ref": "P334654.8.7",
"inst": "u",
"f": {"lang": "akk-x-neoass",
"form": "x",
"pos": "u"}
}
,
{
"node": "d",
"type": "line-start",
"ref": "P334654.9",
"n": "8",
"label": "o 8"}
,
{
"node": "l",
"frag": "UD-mu",
"id": "P334654.l02e17",
"ref": "P334654.9.1",
"inst": "ūmu[day]N",
"sig": "@saao/saa13%akk-x-neoass:UD-mu=ūmu[day//day]N'N$ūmu",
"f": {"lang": "akk-x-neoass",
"form": "UD-mu",
"cf": "ūmu",
"gw": "day",
"sense": "day",
"norm": "ūmu",
"pos": "N",
"epos": "N"}
}
,
{
"node": "l",
"frag": "01-en",
"id": "P334654.l02e18",
"ref": "P334654.9.2",
"inst": "issēn[one]NU",
"sig": "@saao/saa13%akk-x-neoass:01-en=ištēn[one//one]NU'NU$issēn",
"f": {"lang": "akk-x-neoass",
"form": "01-en",
"cf": "ištēn",
"gw": "one",
"sense": "one",
"norm": "issēn",
"pos": "NU",
"epos": "NU"}
}
,
{
"node": "l",
"frag": "UN-MEŠ",
"id": "P334654.l02e19",
"ref": "P334654.9.3",
"inst": "nišē[people]N",
"sig": "@saao/saa13%akk-x-neoass:UN-MEŠ=nišu[people//people]N'N$nišē",
"f": {"lang": "akk-x-neoass",
"form": "UN-MEŠ",
"cf": "nišu",
"gw": "people",
"sense": "people",
"norm": "nišē",
"pos": "N",
"epos": "N"}
}
,
{
"node": "l",
"frag": "u₂-ta-⸢ad⸣-[du-ru]",
"id": "P334654.l02e1a",
"ref": "P334654.9.4",
"inst": "+adāru[be dark//become gloomy]V'V$ūtadduru",
"sig": "@saao/saa13%akk-x-neoass:u₂-ta-ad-du-ru=adāru[be dark//become gloomy]V'V$ūtadduru",
"f": {"lang": "akk-x-neoass",
"form": "u₂-ta-ad-du-ru",
"cf": "adāru",
"gw": "be dark",
"sense": "become gloomy",
"norm": "ūtadduru",
"pos": "V",
"epos": "V"}
}
,
{
"node": "d",
"subtype": "reverse",
"type": "surface",
"ref": "P334654.r.10",
"type": "reverse",
"label": "r"}
,
{
"node": "d",
"type": "line-start",
"ref": "P334654.11",
"n": "1",
"label": "r 1"}
,
{
"node": "l",
"frag": "⸢ina",
"id": "P334654.l02e1b",
"ref": "P334654.11.1",
"inst": "+ina[in+=why?]PRP$",
"sig": "@saao/saa13%akk-x-neoass:ina=ina[in//in]PRP'PRP$ina",
"f": {"lang": "akk-x-neoass",
"form": "ina",
"cf": "ina",
"gw": "in",
"sense": "in",
"norm": "ina",
"pos": "PRP",
"epos": "PRP"}
}
,
{
"node": "l",
"frag": "ŠA₃⸣",
"id": "P334654.l02e1c",
"ref": "P334654.11.2",
"inst": "+libbu[interior]N$libbi",
"sig": "@saao/saa13%akk-x-neoass:ŠA₃=libbu[interior//interior]N'N$libbi",
"f": {"lang": "akk-x-neoass",
"form": "ŠA₃",
"cf": "libbu",
"gw": "interior",
"sense": "interior",
"norm": "libbi",
"pos": "N",
"epos": "N"}
}
,
{
"node": "l",
"frag": "mi₃-nim",
"id": "P334654.l02e1d",
"ref": "P334654.11.3",
"inst": "+mīnu[what?]QP$mīni",
"sig": "@saao/saa13%akk-x-neoass:mi₃-nim=mīnu[what?//what?]QP'QP$mīni",
"f": {"lang": "akk-x-neoass",
"form": "mi₃-nim",
"cf": "mīnu",
"gw": "what?",
"sense": "what?",
"norm": "mīni",
"pos": "QP",
"epos": "QP"}
}
,
{
"node": "l",
"frag": "u₂-⸢da⸣-šu₂-u",
"id": "P334654.l02e1e",
"ref": "P334654.11.4",
"inst": "+wadû[know]V$ūdašû",
"sig": "@saao/saa13%akk-x-neoass:u₂-da-šu₂-u=wadû[know//know]V'V$ūdašû",
"f": {"lang": "akk-x-neoass",
"form": "u₂-da-šu₂-u",
"cf": "wadû",
"gw": "know",
"sense": "know",
"norm": "ūdašû",
"pos": "V",
"epos": "V"}
}
,
{
"node": "l",
"frag": "ša₂",
"id": "P334654.l02e1f",
"ref": "P334654.11.5",
"inst": "ša[from]PRP",
"sig": "@saao/saa13%akk-x-neoass:ša₂=ša[of//from]DET'PRP$ša",
"f": {"lang": "akk-x-neoass",
"form": "ša₂",
"cf": "ša",
"gw": "of",
"sense": "from",
"norm": "ša",
"pos": "DET",
"epos": "PRP"}
}
,
{
"node": "l",
"frag": "{1}{⸢d}AG-x⸣+[x",
"id": "P334654.l02e20",
"ref": "P334654.11.6",
"inst": "u",
"f": {"lang": "akk-x-neoass",
"form": "{1}{d}AG-x+x",
"pos": "u"}
}
,
{
"node": "l",
"frag": "x",
"id": "P334654.l02e21",
"ref": "P334654.11.7",
"inst": "u",
"f": {"lang": "akk-x-neoass",
"form": "x",
"pos": "u"}
}
,
{
"node": "l",
"frag": "x]",
"id": "P334654.l02e22",
"ref": "P334654.11.8",
"inst": "u",
"f": {"lang": "akk-x-neoass",
"form": "x",
"pos": "u"}
}
,
{
"node": "d",
"type": "line-start",
"ref": "P334654.12",
"n": "2",
"label": "r 2"}
,
{
"node": "l",
"frag": "[iq]-⸢ba⸣-ni",
"id": "P334654.l02e23",
"ref": "P334654.12.1",
"inst": "+qabû[say]V$iqbanni",
"sig": "@saao/saa13%akk-x-neoass:iq-ba-ni=qabû[say//say]V'V$iqbanni",
"f": {"lang": "akk-x-neoass",
"form": "iq-ba-ni",
"cf": "qabû",
"gw": "say",
"sense": "say",
"norm": "iqbanni",
"pos": "V",
"epos": "V"}
}
,
{
"node": "l",
"frag": "bi-is",
"id": "P334654.l02e24",
"ref": "P334654.12.2",
"inst": "bis[so that]AV",
"sig": "@saao/saa13%akk-x-neoass:bi-is=bis[then//so that]AV'AV$bis",
"f": {"lang": "akk-x-neoass",
"form": "bi-is",
"cf": "bis",
"gw": "then",
"sense": "so that",
"norm": "bis",
"pos": "AV",
"epos": "AV"}
}
,
{
"node": "l",
"frag": "UD-mu",
"id": "P334654.l02e25",
"ref": "P334654.12.3",
"inst": "ūmu[day]N",
"sig": "@saao/saa13%akk-x-neoass:UD-mu=ūmu[day//day]N'N$ūmu",
"f": {"lang": "akk-x-neoass",
"form": "UD-mu",
"cf": "ūmu",
"gw": "day",
"sense": "day",
"norm": "ūmu",
"pos": "N",
"epos": "N"}
}
,
{
"node": "l",
"frag": "ha-an-ni-[u",
"id": "P334654.l02e26",
"ref": "P334654.12.4",
"inst": "hannīu[this]DP",
"sig": "@saao/saa13%akk-x-neoass:ha-an-ni-u=annû[this//this]DP'DP$hannīu",
"f": {"lang": "akk-x-neoass",
"form": "ha-an-ni-u",
"cf": "annû",
"gw": "this",
"sense": "this",
"norm": "hannīu",
"pos": "DP",
"epos": "DP"}
}
,
{
"node": "l",
"frag": "o]",
"id": "P334654.l02e27",
"ref": "P334654.12.5",
"inst": "u",
"f": {"lang": "akk-x-neoass",
"form": "o",
"pos": "u"}
}
,
{
"node": "d",
"type": "line-start",
"ref": "P334654.13",
"n": "3",
"label": "r 3"}
,
{
"node": "l",
"frag": "[ki]-i",
"id": "P334654.l02e28",
"ref": "P334654.13.1",
"inst": "kî[in accordance with]PRP",
"sig": "@saao/saa13%akk-x-neoass:ki-i=kī[like//in accordance with]PRP'PRP$kî",
"f": {"lang": "akk-x-neoass",
"form": "ki-i",
"cf": "kī",
"gw": "like",
"sense": "in accordance with",
"norm": "kî",
"pos": "PRP",
"epos": "PRP"}
}
,
{
"node": "l",
"frag": "ša₂",
"id": "P334654.l02e29",
"ref": "P334654.13.2",
"inst": "ša[what]REL",
"sig": "@saao/saa13%akk-x-neoass:ša₂=ša[that//what]REL'REL$ša",
"f": {"lang": "akk-x-neoass",
"form": "ša₂",
"cf": "ša",
"gw": "that",
"sense": "what",
"norm": "ša",
"pos": "REL",
"epos": "REL"}
}
,
{
"node": "l",
"frag": "ana",
"id": "P334654.l02e2a",
"ref": "P334654.13.3",
"inst": "ana[to]PRP",
"sig": "@saao/saa13%akk-x-neoass:ana=ana[to//to]PRP'PRP$ana",
"f": {"lang": "akk-x-neoass",
"form": "ana",
"cf": "ana",
"gw": "to",
"sense": "to",
"norm": "ana",
"pos": "PRP",
"epos": "PRP"}
}
,
{
"node": "l",
"frag": "DU₃-še",
"id": "P334654.l02e2b",
"ref": "P334654.13.4",
"inst": "+epēšu[do//doing]V'N$epāše",
"sig": "@saao/saa13%akk-x-neoass:DU₃-še=epēšu[do//doing]V'N$epāše",
"f": {"lang": "akk-x-neoass",
"form": "DU₃-še",
"cf": "epēšu",
"gw": "do",
"sense": "doing",
"norm": "epāše",
"pos": "V",
"epos": "N"}
}
,
{
"node": "l",
"frag": "DUG₃-u-ni",
"id": "P334654.l02e2c",
"ref": "P334654.13.5",
"inst": "+ṭābu[good]AJ$ṭābūni",
"sig": "@saao/saa13%akk-x-neoass:DUG₃-u-ni=ṭābu[good//good]AJ'AJ$ṭābūni",
"f": {"lang": "akk-x-neoass",
"form": "DUG₃-u-ni",
"cf": "ṭābu",
"gw": "good",
"sense": "good",
"norm": "ṭābūni",
"pos": "AJ",
"epos": "AJ"}
}
,
{
"node": "l",
"frag": "DU₃-[aš₂]",
"id": "P334654.l02e2d",
"ref": "P334654.13.6",
"inst": "+epēšu[do]V$eppaš",
"sig": "@saao/saa13%akk-x-neoass:DU₃-aš₂=epēšu[do//do]V'V$eppaš",
"f": {"lang": "akk-x-neoass",
"form": "DU₃-aš₂",
"cf": "epēšu",
"gw": "do",
"sense": "do",
"norm": "eppaš",
"pos": "V",
"epos": "V"}
}
,
{
"node": "d",
"type": "line-start",
"ref": "P334654.14",
"n": "4",
"label": "r 4"}
,
{
"node": "l",
"frag": "ki-ma",
"id": "P334654.l02e2e",
"ref": "P334654.14.1",
"inst": "kīma[as soon as]'MOD",
"sig": "@saao/saa13%akk-x-neoass:ki-ma=kīma[like//as soon as]PRP'MOD$kīma",
"f": {"lang": "akk-x-neoass",
"form": "ki-ma",
"cf": "kīma",
"gw": "like",
"sense": "as soon as",
"norm": "kīma",
"pos": "PRP",
"epos": "MOD"}
}
,
{
"node": "l",
"frag": "mi-i-nu",
"id": "P334654.l02e2f",
"ref": "P334654.14.2",
"inst": "mīnu[what?]QP",
"sig": "@saao/saa13%akk-x-neoass:mi-i-nu=mīnu[what?//what?]QP'QP$mīnu",
"f": {"lang": "akk-x-neoass",
"form": "mi-i-nu",
"cf": "mīnu",
"gw": "what?",
"sense": "what?",
"norm": "mīnu",
"pos": "QP",
"epos": "QP"}
}
,
{
"node": "l",
"frag": "ni-it-⸢ta⸣-[x",
"id": "P334654.l02e30",
"ref": "P334654.14.3",
"inst": "u",
"f": {"lang": "akk-x-neoass",
"form": "ni-it-ta-x",
"pos": "u"}
}
,
{
"node": "l",
"frag": "x]",
"id": "P334654.l02e31",
"ref": "P334654.14.4",
"inst": "u",
"f": {"lang": "akk-x-neoass",
"form": "x",
"pos": "u"}
}
,
{
"node": "d",
"type": "line-start",
"ref": "P334654.15",
"n": "5",
"label": "r 5"}
,
{
"node": "l",
"frag": "pa-ni",
"id": "P334654.l02e32",
"ref": "P334654.15.1",
"inst": "+pānu[front]N$pāni",
"sig": "@saao/saa13%akk-x-neoass:pa-ni=pānu[front//front]N'N$pāni",
"f": {"lang": "akk-x-neoass",
"form": "pa-ni",
"cf": "pānu",
"gw": "front",
"sense": "front",
"norm": "pāni",
"pos": "N",
"epos": "N"}
}
,
{
"node": "l",
"frag": "ša₂",
"id": "P334654.l02e33",
"ref": "P334654.15.2",
"inst": "ša[of]DET",
"sig": "@saao/saa13%akk-x-neoass:ša₂=ša[of//of]DET'DET$ša",
"f": {"lang": "akk-x-neoass",
"form": "ša₂",
"cf": "ša",
"gw": "of",
"sense": "of",
"norm": "ša",
"pos": "DET",
"epos": "DET"}
}
,
{
"node": "l",
"frag": "dul-li",
"id": "P334654.l02e34",
"ref": "P334654.15.3",
"inst": "dulli[work]N",
"sig": "@saao/saa13%akk-x-neoass:dul-li=dullu[trouble//work]N'N$dulli",
"f": {"lang": "akk-x-neoass",
"form": "dul-li",
"cf": "dullu",
"gw": "trouble",
"sense": "work",
"norm": "dulli",
"pos": "N",
"epos": "N"}
}
,
{
"node": "l",
"frag": "ne₂-[em-mar]",
"id": "P334654.l02e35",
"ref": "P334654.15.4",
"inst": "nemmar[see]V",
"sig": "@saao/saa13%akk-x-neoass:ne₂-em-mar=amāru[see//see]V'V$nemmar",
"f": {"lang": "akk-x-neoass",
"form": "ne₂-em-mar",
"cf": "amāru",
"gw": "see",
"sense": "see",
"norm": "nemmar",
"pos": "V",
"epos": "V"}
}
,
{
"node": "d",
"type": "line-start",
"ref": "P334654.16",
"n": "6",
"label": "r 6"}
,
{
"node": "l",
"frag": "ni-šap-[pa-ra]",
"id": "P334654.l02e36",
"ref": "P334654.16.1",
"inst": "+šapāru[send//write]V'V$nišappāra",
"sig": "@saao/saa13%akk-x-neoass:ni-šap-pa-ra=šapāru[send//write]V'V$nišappāra",
"f": {"lang": "akk-x-neoass",
"form": "ni-šap-pa-ra",
"cf": "šapāru",
"gw": "send",
"sense": "write",
"norm": "nišappāra",
"pos": "V",
"epos": "V"}
}
]}
]}
]}
]}
