{
"type": "cdl",
  "source": "http://oracc.org/saao/saa13",
  "license": "This data is released under the CC0 license",
  "license-url": "https://creativecommons.org/publicdomain/zero/1.0/",
  "more-info": "http://oracc.org/doc/opendata/",
  "UTC-timestamp": "2017-05-19T11:46:18",
"project": "saao/saa13",
"textid": "P334156",
"cdl": [
{
"node": "c",
"type": "text",
"id": "P334156.U0",
"cdl": [
{
"node": "d",
"type": "object",
"ref": ""}
,
{
"node": "d",
"subtype": "obverse",
"type": "surface",
"ref": "P334156.o.1",
"type": "obverse",
"label": "o"}
,
{
"node": "c",
"type": "discourse",
"subtype": "body",
"id": "P334156.U1",
"cdl": [
{
"node": "c",
"type": "sentence",
"id": "P334156.U2",
"label": "o 1 - r 2",
"cdl": [
{
"node": "d",
"type": "line-start",
"ref": "P334156.2",
"n": "1",
"label": "o 1"}
,
{
"node": "l",
"frag": "a-na",
"id": "P334156.l009ad",
"ref": "P334156.2.1",
"inst": "ana[to]PRP",
"sig": "@saao/saa13%akk-x-neoass:a-na=ana[to//to]PRP'PRP$ana",
"f": {"lang": "akk-x-neoass",
"form": "a-na",
"cf": "ana",
"gw": "to",
"sense": "to",
"norm": "ana",
"pos": "PRP",
"epos": "PRP"}
}
,
{
"node": "l",
"frag": "LUGAL",
"id": "P334156.l009ae",
"ref": "P334156.2.2",
"inst": "šarri[king]N",
"sig": "@saao/saa13%akk-x-neoass:LUGAL=šarru[king//king]N'N$šarri",
"f": {"lang": "akk-x-neoass",
"form": "LUGAL",
"cf": "šarru",
"gw": "king",
"sense": "king",
"norm": "šarri",
"pos": "N",
"epos": "N"}
}
,
{
"node": "d",
"type": "line-start",
"ref": "P334156.3",
"n": "2",
"label": "o 2"}
,
{
"node": "l",
"frag": "be-li-ia",
"id": "P334156.l009af",
"ref": "P334156.3.1",
"inst": "bēlīya[lord]N",
"sig": "@saao/saa13%akk-x-neoass:be-li-ia=bēlu[lord//lord]N'N$bēlīya",
"f": {"lang": "akk-x-neoass",
"form": "be-li-ia",
"cf": "bēlu",
"gw": "lord",
"sense": "lord",
"norm": "bēlīya",
"pos": "N",
"epos": "N"}
}
,
{
"node": "d",
"type": "line-start",
"ref": "P334156.4",
"n": "3",
"label": "o 3"}
,
{
"node": "l",
"frag": "ARAD-[ka",
"id": "P334156.l009b0",
"ref": "P334156.4.1",
"inst": "urdaka[servant]N",
"sig": "@saao/saa13%akk-x-neoass:ARAD-ka=ardu[slave//servant]N'N$urdaka",
"f": {"lang": "akk-x-neoass",
"form": "ARAD-ka",
"cf": "ardu",
"gw": "slave",
"sense": "servant",
"norm": "urdaka",
"pos": "N",
"epos": "N"}
}
,
{
"node": "l",
"frag": "{1}mu]-tak-kil-aš-šur",
"id": "P334156.l009b1",
"ref": "P334156.4.2",
"inst": "Mutakkil-Aššur[1]PN",
"sig": "@saao/saa13%akk-x-neoass:{1}mu-tak-kil-aš-šur=Mutakkil-Aššur[1//1]PN'PN$Mutakkil-Aššur",
"f": {"lang": "akk-x-neoass",
"form": "{1}mu-tak-kil-aš-šur",
"cf": "Mutakkil-Aššur",
"gw": "1",
"sense": "1",
"norm": "Mutakkil-Aššur",
"pos": "PN",
"epos": "PN"}
}
,
{
"node": "d",
"type": "line-start",
"ref": "P334156.5",
"n": "4",
"label": "o 4"}
,
{
"node": "l",
"frag": "aš-⸢šur⸣",
"id": "P334156.l009b2",
"ref": "P334156.5.1",
"inst": "Aššur[1]DN",
"sig": "@saao/saa13%akk-x-neoass:aš-šur=Aššur[1//1]DN'DN$Aššur",
"f": {"lang": "akk-x-neoass",
"form": "aš-šur",
"cf": "Aššur",
"gw": "1",
"sense": "1",
"norm": "Aššur",
"pos": "DN",
"epos": "DN"}
}
,
{
"node": "l",
"frag": "{d}NIN.LIL₂",
"id": "P334156.l009b3",
"ref": "P334156.5.2",
"inst": "Mullissu[1]DN",
"sig": "@saao/saa13%akk-x-neoass:{d}NIN.LIL₂=Mullissu[1//1]DN'DN$Mullissu",
"f": {"lang": "akk-x-neoass",
"form": "{d}NIN.LIL₂",
"cf": "Mullissu",
"gw": "1",
"sense": "1",
"norm": "Mullissu",
"pos": "DN",
"epos": "DN"}
}
,
{
"node": "d",
"type": "line-start",
"ref": "P334156.6",
"n": "5",
"label": "o 5"}
,
{
"node": "l",
"frag": "a-[na]",
"id": "P334156.l009b4",
"ref": "P334156.6.1",
"inst": "ana[to]PRP",
"sig": "@saao/saa13%akk-x-neoass:a-na=ana[to//to]PRP'PRP$ana",
"f": {"lang": "akk-x-neoass",
"form": "a-na",
"cf": "ana",
"gw": "to",
"sense": "to",
"norm": "ana",
"pos": "PRP",
"epos": "PRP"}
}
,
{
"node": "l",
"frag": "⸢LUGAL⸣",
"id": "P334156.l009b5",
"ref": "P334156.6.2",
"inst": "šarri[king]N",
"sig": "@saao/saa13%akk-x-neoass:LUGAL=šarru[king//king]N'N$šarri",
"f": {"lang": "akk-x-neoass",
"form": "LUGAL",
"cf": "šarru",
"gw": "king",
"sense": "king",
"norm": "šarri",
"pos": "N",
"epos": "N"}
}
,
{
"node": "l",
"frag": "EN-ia",
"id": "P334156.l009b6",
"ref": "P334156.6.3",
"inst": "bēlīya[lord]N",
"sig": "@saao/saa13%akk-x-neoass:EN-ia=bēlu[lord//lord]N'N$bēlīya",
"f": {"lang": "akk-x-neoass",
"form": "EN-ia",
"cf": "bēlu",
"gw": "lord",
"sense": "lord",
"norm": "bēlīya",
"pos": "N",
"epos": "N"}
}
,
{
"node": "d",
"type": "line-start",
"ref": "P334156.7",
"n": "6",
"label": "o 6"}
,
{
"node": "l",
"frag": "li-ik-ru-bu",
"id": "P334156.l009b7",
"ref": "P334156.7.1",
"inst": "likrubu[bless]V",
"sig": "@saao/saa13%akk-x-neoass:li-ik-ru-bu=karābu[pray//bless]V'V$likrubu",
"f": {"lang": "akk-x-neoass",
"form": "li-ik-ru-bu",
"cf": "karābu",
"gw": "pray",
"sense": "bless",
"norm": "likrubu",
"pos": "V",
"epos": "V"}
}
,
{
"node": "d",
"type": "line-start",
"ref": "P334156.8",
"n": "7",
"label": "o 7"}
,
{
"node": "l",
"frag": "ša",
"id": "P334156.l009b8",
"ref": "P334156.8.1",
"inst": "ša[what]REL",
"sig": "@saao/saa13%akk-x-neoass:ša=ša[that//what]REL'REL$ša",
"f": {"lang": "akk-x-neoass",
"form": "ša",
"cf": "ša",
"gw": "that",
"sense": "what",
"norm": "ša",
"pos": "REL",
"epos": "REL"}
}
,
{
"node": "l",
"frag": "LUGAL",
"id": "P334156.l009b9",
"ref": "P334156.8.2",
"inst": "šarru[king]N",
"sig": "@saao/saa13%akk-x-neoass:LUGAL=šarru[king//king]N'N$šarri",
"f": {"lang": "akk-x-neoass",
"form": "LUGAL",
"cf": "šarru",
"gw": "king",
"sense": "king",
"norm": "šarri",
"pos": "N",
"epos": "N"}
}
,
{
"node": "l",
"frag": "be-li",
"id": "P334156.l009ba",
"ref": "P334156.8.3",
"inst": "bēlī[lord]N",
"sig": "@saao/saa13%akk-x-neoass:be-li=bēlu[lord//lord]N'N$bēlī",
"f": {"lang": "akk-x-neoass",
"form": "be-li",
"cf": "bēlu",
"gw": "lord",
"sense": "lord",
"norm": "bēlī",
"pos": "N",
"epos": "N"}
}
,
{
"node": "d",
"type": "line-start",
"ref": "P334156.9",
"n": "8",
"label": "o 8"}
,
{
"node": "l",
"frag": "iš-pur-an-ni",
"id": "P334156.l009bb",
"ref": "P334156.9.1",
"inst": "išpuranni[write]V",
"sig": "@saao/saa13%akk-x-neoass:iš-pur-an-ni=šapāru[send//write]V'V$išpuranni",
"f": {"lang": "akk-x-neoass",
"form": "iš-pur-an-ni",
"cf": "šapāru",
"gw": "send",
"sense": "write",
"norm": "išpuranni",
"pos": "V",
"epos": "V"}
}
,
{
"node": "d",
"type": "line-start",
"ref": "P334156.10",
"n": "9",
"label": "o 9"}
,
{
"node": "l",
"frag": "ma-a",
"id": "P334156.l009bc",
"ref": "P334156.10.1",
"inst": "mā[saying]PRP",
"sig": "@saao/saa13%akk-x-neoass:ma-a=mā[saying//saying]PRP'PRP$mā",
"f": {"lang": "akk-x-neoass",
"form": "ma-a",
"cf": "mā",
"gw": "saying",
"sense": "saying",
"norm": "mā",
"pos": "PRP",
"epos": "PRP"}
}
,
{
"node": "l",
"frag": "DINGIR-MEŠ",
"id": "P334156.l009bd",
"ref": "P334156.10.2",
"inst": "ilāni[god]N",
"sig": "@saao/saa13%akk-x-neoass:DINGIR-MEŠ=ilu[god//god]N'N$ilāni",
"f": {"lang": "akk-x-neoass",
"form": "DINGIR-MEŠ",
"cf": "ilu",
"gw": "god",
"sense": "god",
"norm": "ilāni",
"pos": "N",
"epos": "N"}
}
,
{
"node": "d",
"type": "line-start",
"ref": "P334156.11",
"n": "10",
"label": "o 10"}
,
{
"node": "l",
"frag": "a-na",
"id": "P334156.l009be",
"ref": "P334156.11.1",
"inst": "ana[to]PRP",
"sig": "@saao/saa13%akk-x-neoass:a-na=ana[to//to]PRP'PRP$ana",
"f": {"lang": "akk-x-neoass",
"form": "a-na",
"cf": "ana",
"gw": "to",
"sense": "to",
"norm": "ana",
"pos": "PRP",
"epos": "PRP"}
}
,
{
"node": "l",
"frag": "a-de-e",
"id": "P334156.l009bf",
"ref": "P334156.11.2",
"inst": "adê[treaty]N",
"sig": "@saao/saa13%akk-x-neoass:a-de-e=adû[(treaty-)oath//treaty]N'N$adê",
"f": {"lang": "akk-x-neoass",
"form": "a-de-e",
"cf": "adû",
"gw": "(treaty-)oath",
"sense": "treaty",
"norm": "adê",
"pos": "N",
"epos": "N"}
}
,
{
"node": "d",
"type": "line-start",
"ref": "P334156.12",
"n": "11",
"label": "o 11"}
,
{
"node": "l",
"frag": "⸢lil⸣-lik-u-ni",
"id": "P334156.l009c0",
"ref": "P334156.12.1",
"inst": "+alāku[go//come]V$lillikūni",
"sig": "@saao/saa13%akk-x-neoass:lil-lik-u-ni=alāku[go//come]V'V$lillikūni",
"f": {"lang": "akk-x-neoass",
"form": "lil-lik-u-ni",
"cf": "alāku",
"gw": "go",
"sense": "come",
"norm": "lillikūni",
"pos": "V",
"epos": "V"}
}
,
{
"node": "d",
"type": "line-start",
"ref": "P334156.13",
"n": "12",
"label": "o 12"}
,
{
"node": "l",
"frag": "{[d]}⸢PA⸣",
"id": "P334156.l009c1",
"ref": "P334156.13.1",
"inst": "Nabu[1]DN",
"sig": "@saao/saa13%akk-x-neoass:{d}PA=Nabu[1//1]DN'DN$Nabu",
"f": {"lang": "akk-x-neoass",
"form": "{d}PA",
"cf": "Nabu",
"gw": "1",
"sense": "1",
"norm": "Nabu",
"pos": "DN",
"epos": "DN"}
}
,
{
"node": "l",
"frag": "ina",
"id": "P334156.l009c2",
"ref": "P334156.13.2",
"inst": "ina[in]PRP",
"sig": "@saao/saa13%akk-x-neoass:ina=ina[in//in]PRP'PRP$ina",
"f": {"lang": "akk-x-neoass",
"form": "ina",
"cf": "ina",
"gw": "in",
"sense": "in",
"norm": "ina",
"pos": "PRP",
"epos": "PRP"}
}
,
{
"node": "l",
"frag": "E₂-{giš}⸢NA₂⸣",
"id": "P334156.l009c3",
"ref": "P334156.13.3",
"cof-tails": "P334156.l009c4",
"inst": "+bītu[house]N$bēt&+eršu[bed]N$erši",
"exosig": "@saao/saa13%akk-x-neoass:E₂-{GIŠ}NA₂=bītu[house//house]N'N$bēt&&@saao/saa13%akk-x-neoass:E₂-{GIŠ}NA₂=eršu[bed//bed]N'N$erši",
"f": {"lang": "akk-x-neoass",
"form": "E₂-{GIŠ}NA₂",
"cf": "bītu",
"gw": "house",
"sense": "house",
"norm": "bēt",
"pos": "N",
"epos": "N"}
}
,
{
"node": "l",
"frag": "E₂-{giš}⸢NA₂⸣",
"id": "P334156.l009c4",
"ref": "P334156.13.3",
"cof-head": "P334156.l009c3",
"inst": "+bītu[house]N$bēt&+eršu[bed]N$erši",
"f": {"lang": "akk-x-neoass",
"form": "E₂-{GIŠ}NA₂",
"cf": "eršu",
"gw": "bed",
"sense": "bed",
"norm": "erši",
"pos": "N",
"epos": "N"}
}
,
{
"node": "d",
"type": "line-start",
"ref": "P334156.14",
"n": "13",
"label": "o 13"}
,
{
"node": "l",
"frag": "[a]-⸢di⸣",
"id": "P334156.l009c5",
"ref": "P334156.14.1",
"inst": "adi[until]PRP",
"sig": "@saao/saa13%akk-x-neoass:a-di=adi[until//until]PRP'PRP$adi",
"f": {"lang": "akk-x-neoass",
"form": "a-di",
"cf": "adi",
"gw": "until",
"sense": "until",
"norm": "adi",
"pos": "PRP",
"epos": "PRP"}
}
,
{
"node": "l",
"frag": "UD",
"id": "P334156.l009c6",
"ref": "P334156.14.2",
"inst": "ūm[day]N",
"exosig": "@saao/saa13%akk-x-neoass:UD=ūmu[day//day]N'N$ūm",
"f": {"lang": "akk-x-neoass",
"form": "UD",
"cf": "ūmu",
"gw": "day",
"sense": "day",
"norm": "ūm",
"pos": "N",
"epos": "N"}
}
,
{
"node": "l",
"frag": "12-KAM",
"id": "P334156.l009c7",
"ref": "P334156.14.3",
"inst": "n",
"f": {"lang": "akk-x-neoass",
"form": "12-KAM",
"pos": "n"}
}
,
{
"node": "d",
"type": "line-start",
"ref": "P334156.15",
"n": "14",
"label": "o 14"}
,
{
"node": "l",
"frag": "[kam]-mu-us",
"id": "P334156.l009c8",
"ref": "P334156.15.1",
"inst": "+kamsu[squatting//staying]AJ$kammus",
"sig": "@saao/saa13%akk-x-neoass:kam-mu-us=kamsu[squatting//staying]AJ'AJ$kammus",
"f": {"lang": "akk-x-neoass",
"form": "kam-mu-us",
"cf": "kamsu",
"gw": "squatting",
"sense": "staying",
"norm": "kammus",
"pos": "AJ",
"epos": "AJ"}
}
,
{
"node": "d",
"subtype": "reverse",
"type": "surface",
"ref": "P334156.r.16",
"type": "reverse",
"label": "r"}
,
{
"node": "d",
"type": "line-start",
"ref": "P334156.17",
"n": "1",
"label": "r 1"}
,
{
"node": "l",
"frag": "[UD",
"id": "P334156.l009c9",
"ref": "P334156.17.1",
"inst": "ūm[day]N",
"exosig": "@saao/saa13%akk-x-neoass:UD=ūmu[day//day]N'N$ūm",
"f": {"lang": "akk-x-neoass",
"form": "UD",
"cf": "ūmu",
"gw": "day",
"sense": "day",
"norm": "ūm",
"pos": "N",
"epos": "N"}
}
,
{
"node": "l",
"frag": "x]+⸢x⸣-KAM",
"id": "P334156.l009ca",
"ref": "P334156.17.2",
"inst": "n",
"f": {"lang": "akk-x-neoass",
"form": "x+x-KAM",
"pos": "n"}
}
,
{
"node": "d",
"type": "line-start",
"ref": "P334156.18",
"n": "2",
"label": "r 2"}
,
{
"node": "l",
"frag": "[x",
"id": "P334156.l009cb",
"ref": "P334156.18.1",
"inst": "u",
"f": {"lang": "akk-x-neoass",
"form": "x",
"pos": "u"}
}
,
{
"node": "l",
"frag": "x",
"id": "P334156.l009cc",
"ref": "P334156.18.2",
"inst": "u",
"f": {"lang": "akk-x-neoass",
"form": "x",
"pos": "u"}
}
,
{
"node": "l",
"frag": "x]",
"id": "P334156.l009cd",
"ref": "P334156.18.3",
"inst": "u",
"f": {"lang": "akk-x-neoass",
"form": "x",
"pos": "u"}
}
,
{
"node": "l",
"frag": "⸢ri⸣",
"id": "P334156.l009ce",
"ref": "P334156.18.4",
"inst": "u",
"f": {"lang": "akk-x-neoass",
"form": "ri",
"pos": "u"}
}
,
{
"node": "l",
"frag": "še",
"id": "P334156.l009cf",
"ref": "P334156.18.5",
"inst": "u",
"f": {"lang": "akk-x-neoass",
"form": "še",
"pos": "u"}
}
,
{
"node": "l",
"frag": "bi",
"id": "P334156.l009d0",
"ref": "P334156.18.6",
"inst": "u",
"f": {"lang": "akk-x-neoass",
"form": "bi",
"pos": "u"}
}
,
{
"node": "d",
"type": "nonx",
"ref": "P334156.19",
"strict": "0",
"extent": "rest",
"state": "missing"}
]}
]}
]}
]}
