{
"type": "cdl",
  "source": "http://oracc.org/saao/saa13",
  "license": "This data is released under the CC0 license",
  "license-url": "https://creativecommons.org/publicdomain/zero/1.0/",
  "more-info": "http://oracc.org/doc/opendata/",
  "UTC-timestamp": "2017-05-19T11:46:32",
"project": "saao/saa13",
"textid": "P334796",
"cdl": [
{
"node": "c",
"type": "text",
"id": "P334796.U0",
"cdl": [
{
"node": "d",
"type": "object",
"ref": ""}
,
{
"node": "d",
"subtype": "obverse",
"type": "surface",
"ref": "P334796.o.1",
"type": "obverse",
"label": "o"}
,
{
"node": "d",
"type": "nonx",
"ref": "P334796.2",
"strict": "0",
"state": "missing"}
,
{
"node": "d",
"subtype": "reverse",
"type": "surface",
"ref": "P334796.r.3",
"type": "reverse",
"label": "r"}
,
{
"node": "c",
"type": "discourse",
"subtype": "body",
"id": "P334796.U1",
"cdl": [
{
"node": "c",
"type": "sentence",
"id": "P334796.U2",
"label": "r 1 - r 10",
"cdl": [
{
"node": "d",
"type": "line-start",
"ref": "P334796.4",
"n": "1",
"label": "r 1"}
,
{
"node": "l",
"frag": "[a]-di",
"id": "P334796.l04332",
"ref": "P334796.4.1",
"inst": "adi[with]PRP",
"sig": "@saao/saa13%akk-x-neoass:a-di=adi[until//with]PRP'PRP$adi",
"f": {"lang": "akk-x-neoass",
"form": "a-di",
"cf": "adi",
"gw": "until",
"sense": "with",
"norm": "adi",
"pos": "PRP",
"epos": "PRP"}
}
,
{
"node": "l",
"frag": "{lu₂}ERIM-MEŠ",
"id": "P334796.l04333",
"ref": "P334796.4.2",
"inst": "ṣābāni[troops]N",
"sig": "@saao/saa13%akk-x-neoass:{LU₂}ERIM-MEŠ=ṣābu[people//troops]N'N$ṣābāni",
"f": {"lang": "akk-x-neoass",
"form": "{LU₂}ERIM-MEŠ",
"cf": "ṣābu",
"gw": "people",
"sense": "troops",
"norm": "ṣābāni",
"pos": "N",
"epos": "N"}
}
,
{
"node": "d",
"type": "line-start",
"ref": "P334796.5",
"n": "2",
"label": "r 2"}
,
{
"node": "l",
"frag": "ša",
"id": "P334796.l04334",
"ref": "P334796.5.1",
"inst": "ša[who]REL",
"sig": "@saao/saa13%akk-x-neoass:ša=ša[that//who]REL'REL$ša",
"f": {"lang": "akk-x-neoass",
"form": "ša",
"cf": "ša",
"gw": "that",
"sense": "who",
"norm": "ša",
"pos": "REL",
"epos": "REL"}
}
,
{
"node": "l",
"frag": "is-si-šu₂",
"id": "P334796.l04335",
"ref": "P334796.5.2",
"inst": "issīšu[with]PRP",
"sig": "@saao/saa13%akk-x-neoass:is-si-šu₂=išti[with//with]PRP'PRP$issīšu",
"f": {"lang": "akk-x-neoass",
"form": "is-si-šu₂",
"cf": "išti",
"gw": "with",
"sense": "with",
"norm": "issīšu",
"pos": "PRP",
"epos": "PRP"}
}
,
{
"node": "d",
"type": "line-start",
"ref": "P334796.6",
"n": "3",
"label": "r 3"}
,
{
"node": "l",
"frag": "{d}šar-rat-sa-am-me",
"id": "P334796.l04336",
"ref": "P334796.6.1",
"inst": "+Šarrat-samme[1]DN$",
"sig": "@saao/saa13%akk-x-neoass:{d}šar-rat-sa-am-me=Šarrat-samme[1//1]DN'DN$Šarrat-samme",
"f": {"lang": "akk-x-neoass",
"form": "{d}šar-rat-sa-am-me",
"cf": "Šarrat-samme",
"gw": "1",
"sense": "1",
"norm": "Šarrat-samme",
"pos": "DN",
"epos": "DN"}
}
,
{
"node": "d",
"type": "line-start",
"ref": "P334796.7",
"n": "4",
"label": "r 4"}
,
{
"node": "l",
"frag": "TA@v",
"id": "P334796.l04337",
"ref": "P334796.7.1",
"inst": "issu[from]PRP",
"exosig": "@saao/saa13%akk-x-neoass:TA@v=ištu[from//from]PRP'PRP$issu",
"f": {"lang": "akk-x-neoass",
"form": "TA@v",
"cf": "ištu",
"gw": "from",
"sense": "from",
"norm": "issu",
"pos": "PRP",
"epos": "PRP"}
}
,
{
"node": "l",
"frag": "E₂-DINGIR",
"id": "P334796.l04338",
"ref": "P334796.7.2",
"cof-tails": "P334796.l04339",
"inst": "bēt[house]N&ili[god]N",
"sig": "@saao%akk-x-neoass:E₂-DINGIR=bītu[house//house]N'N$bēt&&@saao%akk-x-neoass:=ilu[god//god]N'N$ili",
"f": {"lang": "akk-x-neoass",
"form": "E₂-DINGIR",
"cf": "bītu",
"gw": "house",
"sense": "house",
"norm": "bēt",
"pos": "N",
"epos": "N"}
}
,
{
"node": "l",
"frag": "E₂-DINGIR",
"id": "P334796.l04339",
"ref": "P334796.7.2",
"cof-head": "P334796.l04338",
"inst": "bēt[house]N&ili[god]N",
"f": {"lang": "akk-x-neoass",
"form": "E₂-DINGIR",
"cf": "ilu",
"gw": "god",
"sense": "god",
"norm": "ili",
"pos": "N",
"epos": "N"}
}
,
{
"node": "l",
"frag": "us-se-ri-du-ni",
"id": "P334796.l0433a",
"ref": "P334796.7.3",
"inst": "+arādu[go down//bring down]V'V$ussēridūni",
"sig": "@saao/saa13%akk-x-neoass:us-se-ri-du-ni=arādu[go down//bring down]V'V$ussēridūni",
"f": {"lang": "akk-x-neoass",
"form": "us-se-ri-du-ni",
"cf": "arādu",
"gw": "go down",
"sense": "bring down",
"norm": "ussēridūni",
"pos": "V",
"epos": "V"}
}
,
{
"node": "d",
"type": "line-start",
"ref": "P334796.8",
"n": "5",
"label": "r 5"}
,
{
"node": "l",
"frag": "01-en",
"id": "P334796.l0433b",
"ref": "P334796.8.1",
"inst": "issēn[one]NU",
"sig": "@saao/saa13%akk-x-neoass:01-en=ištēn[one//one]NU'NU$issēn",
"f": {"lang": "akk-x-neoass",
"form": "01-en",
"cf": "ištēn",
"gw": "one",
"sense": "one",
"norm": "issēn",
"pos": "NU",
"epos": "NU"}
}
,
{
"node": "l",
"frag": "ina",
"id": "P334796.l0433c",
"ref": "P334796.8.2",
"inst": "ina[in+=from out of]PRP",
"sig": "@saao/saa13%akk-x-neoass:ina=ina[in//in]PRP'PRP$ina",
"f": {"lang": "akk-x-neoass",
"form": "ina",
"cf": "ina",
"gw": "in",
"sense": "in",
"norm": "ina",
"pos": "PRP",
"epos": "PRP"}
}
,
{
"node": "l",
"frag": "ŠA₃-bi-šu₂-nu",
"id": "P334796.l0433d",
"ref": "P334796.8.3",
"inst": "libbišunu[interior]N",
"sig": "@saao/saa13%akk-x-neoass:ŠA₃-bi-šu₂-nu=libbu[interior//interior]N'N$libbišunu",
"f": {"lang": "akk-x-neoass",
"form": "ŠA₃-bi-šu₂-nu",
"cf": "libbu",
"gw": "interior",
"sense": "interior",
"norm": "libbišunu",
"pos": "N",
"epos": "N"}
}
,
{
"node": "d",
"type": "line-start",
"ref": "P334796.9",
"n": "6",
"label": "r 6"}
,
{
"node": "l",
"frag": "it-ta-hal-ṣi",
"id": "P334796.l0433e",
"ref": "P334796.9.1",
"inst": "+nehelṣû[slip]V$ittahalṣi",
"sig": "@saao/saa13%akk-x-neoass:it-ta-hal-ṣi=nehelṣû[slip//slip]V'V$ittahalṣi",
"f": {"lang": "akk-x-neoass",
"form": "it-ta-hal-ṣi",
"cf": "nehelṣû",
"gw": "slip",
"sense": "slip",
"norm": "ittahalṣi",
"pos": "V",
"epos": "V"}
}
,
{
"node": "d",
"type": "line-start",
"ref": "P334796.10",
"n": "7",
"label": "r 7"}
,
{
"node": "l",
"frag": "⸢kab⸣-lu",
"id": "P334796.l0433f",
"ref": "P334796.10.1",
"inst": "+kablu[(furniture) foot]N$",
"sig": "@saao/saa13%akk-x-neoass:kab-lu=kablu[(furniture) foot//(furniture) foot]N'N$kablu",
"f": {"lang": "akk-x-neoass",
"form": "kab-lu",
"cf": "kablu",
"gw": "(furniture) foot",
"sense": "(furniture) foot",
"norm": "kablu",
"pos": "N",
"epos": "N"}
}
,
{
"node": "l",
"frag": "ša",
"id": "P334796.l04340",
"ref": "P334796.10.2",
"inst": "ša[of]DET",
"sig": "@saao/saa13%akk-x-neoass:ša=ša[of//of]DET'DET$ša",
"f": {"lang": "akk-x-neoass",
"form": "ša",
"cf": "ša",
"gw": "of",
"sense": "of",
"norm": "ša",
"pos": "DET",
"epos": "DET"}
}
,
{
"node": "l",
"frag": "{giš}ne₂-ma-ti",
"id": "P334796.l04341",
"ref": "P334796.10.3",
"inst": "+nēmettu[couch]N$nēmatti",
"sig": "@saao/saa13%akk-x-neoass:{GIŠ}ne₂-ma-ti=nēmettu[couch//couch]N'N$nēmatti",
"f": {"lang": "akk-x-neoass",
"form": "{GIŠ}ne₂-ma-ti",
"cf": "nēmettu",
"gw": "couch",
"sense": "couch",
"norm": "nēmatti",
"pos": "N",
"epos": "N"}
}
,
{
"node": "d",
"type": "line-start",
"ref": "P334796.11",
"n": "8",
"label": "r 8"}
,
{
"node": "l",
"frag": "[ina]",
"id": "P334796.l04342",
"ref": "P334796.11.1",
"inst": "ina[in]PRP",
"sig": "@saao/saa13%akk-x-neoass:ina=ina[in//in]PRP'PRP$ina",
"f": {"lang": "akk-x-neoass",
"form": "ina",
"cf": "ina",
"gw": "in",
"sense": "in",
"norm": "ina",
"pos": "PRP",
"epos": "PRP"}
}
,
{
"node": "l",
"frag": "kaq-qi-ri",
"id": "P334796.l04343",
"ref": "P334796.11.2",
"inst": "kaqqiri[ground]N",
"sig": "@saao/saa13%akk-x-neoass:kaq-qi-ri=qaqqaru[ground//ground]N'N$kaqqiri",
"f": {"lang": "akk-x-neoass",
"form": "kaq-qi-ri",
"cf": "qaqqaru",
"gw": "ground",
"sense": "ground",
"norm": "kaqqiri",
"pos": "N",
"epos": "N"}
}
,
{
"node": "l",
"frag": "ta-te-mi₃-di",
"id": "P334796.l04344",
"ref": "P334796.11.3",
"inst": "+emēdu[lean on]V$tattemīdi",
"sig": "@saao/saa13%akk-x-neoass:ta-te-mi₃-di=emēdu[lean on//lean on]V'V$tattemīdi",
"f": {"lang": "akk-x-neoass",
"form": "ta-te-mi₃-di",
"cf": "emēdu",
"gw": "lean on",
"sense": "lean on",
"norm": "tattemīdi",
"pos": "V",
"epos": "V"}
}
,
{
"node": "d",
"type": "line-start",
"ref": "P334796.12",
"n": "9",
"label": "r 9"}
,
{
"node": "l",
"frag": "[x",
"id": "P334796.l04345",
"ref": "P334796.12.1",
"inst": "u",
"f": {"lang": "akk-x-neoass",
"form": "x",
"pos": "u"}
}
,
{
"node": "l",
"frag": "x",
"id": "P334796.l04346",
"ref": "P334796.12.2",
"inst": "u",
"f": {"lang": "akk-x-neoass",
"form": "x",
"pos": "u"}
}
,
{
"node": "l",
"frag": "x]+⸢x⸣",
"id": "P334796.l04347",
"ref": "P334796.12.3",
"inst": "u",
"f": {"lang": "akk-x-neoass",
"form": "x+x",
"pos": "u"}
}
,
{
"node": "l",
"frag": "i-ba-aš₂-ši",
"id": "P334796.l04348",
"ref": "P334796.12.4",
"inst": "ibašši[exist]V",
"sig": "@saao/saa13%akk-x-neoass:i-ba-aš₂-ši=bašû[exist//exist]V'V$ibašši",
"f": {"lang": "akk-x-neoass",
"form": "i-ba-aš₂-ši",
"cf": "bašû",
"gw": "exist",
"sense": "exist",
"norm": "ibašši",
"pos": "V",
"epos": "V"}
}
,
{
"node": "d",
"type": "line-start",
"ref": "P334796.13",
"n": "10",
"label": "r 10"}
,
{
"node": "l",
"frag": "[x",
"id": "P334796.l04349",
"ref": "P334796.13.1",
"inst": "u",
"f": {"lang": "akk-x-neoass",
"form": "x",
"pos": "u"}
}
,
{
"node": "l",
"frag": "x",
"id": "P334796.l0434a",
"ref": "P334796.13.2",
"inst": "u",
"f": {"lang": "akk-x-neoass",
"form": "x",
"pos": "u"}
}
,
{
"node": "l",
"frag": "x]+⸢x⸣",
"id": "P334796.l0434b",
"ref": "P334796.13.3",
"inst": "u",
"f": {"lang": "akk-x-neoass",
"form": "x+x",
"pos": "u"}
}
,
{
"node": "l",
"frag": "kaq-qi-⸢ri⸣",
"id": "P334796.l0434c",
"ref": "P334796.13.4",
"inst": "kaqqiri[ground]N",
"sig": "@saao/saa13%akk-x-neoass:kaq-qi-ri=qaqqaru[ground//ground]N'N$kaqqiri",
"f": {"lang": "akk-x-neoass",
"form": "kaq-qi-ri",
"cf": "qaqqaru",
"gw": "ground",
"sense": "ground",
"norm": "kaqqiri",
"pos": "N",
"epos": "N"}
}
,
{
"node": "l",
"frag": "[x",
"id": "P334796.l0434d",
"ref": "P334796.13.5",
"inst": "u",
"f": {"lang": "akk-x-neoass",
"form": "x",
"pos": "u"}
}
,
{
"node": "l",
"frag": "x]",
"id": "P334796.l0434e",
"ref": "P334796.13.6",
"inst": "u",
"f": {"lang": "akk-x-neoass",
"form": "x",
"pos": "u"}
}
,
{
"node": "d",
"type": "nonx",
"ref": "P334796.14",
"strict": "0",
"extent": "rest",
"state": "missing"}
]}
]}
]}
]}
