{
"type": "cdl",
  "source": "http://oracc.org/saao/saa13",
  "license": "This data is released under the CC0 license",
  "license-url": "https://creativecommons.org/publicdomain/zero/1.0/",
  "more-info": "http://oracc.org/doc/opendata/",
  "UTC-timestamp": "2017-05-19T11:46:32",
"project": "saao/saa13",
"textid": "P334769",
"cdl": [
{
"node": "c",
"type": "text",
"id": "P334769.U0",
"cdl": [
{
"node": "d",
"type": "object",
"ref": ""}
,
{
"node": "d",
"subtype": "obverse",
"type": "surface",
"ref": "P334769.o.1",
"type": "obverse",
"label": "o"}
,
{
"node": "c",
"type": "discourse",
"subtype": "body",
"id": "P334769.U1",
"cdl": [
{
"node": "c",
"type": "sentence",
"id": "P334769.U2",
"label": "o 1 - r 10",
"cdl": [
{
"node": "d",
"type": "line-start",
"ref": "P334769.2",
"n": "1",
"label": "o 1"}
,
{
"node": "l",
"frag": "a-na",
"id": "P334769.l00182",
"ref": "P334769.2.1",
"inst": "ana[to]PRP",
"sig": "@saao/saa13%akk-x-neoass:a-na=ana[to//to]PRP'PRP$ana",
"f": {"lang": "akk-x-neoass",
"form": "a-na",
"cf": "ana",
"gw": "to",
"sense": "to",
"norm": "ana",
"pos": "PRP",
"epos": "PRP"}
}
,
{
"node": "l",
"frag": "LUGAL",
"id": "P334769.l00183",
"ref": "P334769.2.2",
"inst": "šarri[king]N",
"sig": "@saao/saa13%akk-x-neoass:LUGAL=šarru[king//king]N'N$šarri",
"f": {"lang": "akk-x-neoass",
"form": "LUGAL",
"cf": "šarru",
"gw": "king",
"sense": "king",
"norm": "šarri",
"pos": "N",
"epos": "N"}
}
,
{
"node": "l",
"frag": "be-li₂-ia",
"id": "P334769.l00184",
"ref": "P334769.2.3",
"inst": "bēlīya[lord]N",
"sig": "@saao/saa13%akk-x-neoass:be-li₂-ia=bēlu[lord//lord]N'N$bēlīya",
"f": {"lang": "akk-x-neoass",
"form": "be-li₂-ia",
"cf": "bēlu",
"gw": "lord",
"sense": "lord",
"norm": "bēlīya",
"pos": "N",
"epos": "N"}
}
,
{
"node": "d",
"type": "line-start",
"ref": "P334769.3",
"n": "2",
"label": "o 2"}
,
{
"node": "l",
"frag": "ARAD-ka",
"id": "P334769.l00185",
"ref": "P334769.3.1",
"inst": "urdaka[servant]N",
"sig": "@saao/saa13%akk-x-neoass:ARAD-ka=ardu[slave//servant]N'N$urdaka",
"f": {"lang": "akk-x-neoass",
"form": "ARAD-ka",
"cf": "ardu",
"gw": "slave",
"sense": "servant",
"norm": "urdaka",
"pos": "N",
"epos": "N"}
}
,
{
"node": "l",
"frag": "{1}{d}MES-DI-PAB{meš}",
"id": "P334769.l00186",
"ref": "P334769.3.2",
"inst": "+Marduk-šallim-ahhe[1]PN$",
"sig": "@saao/saa13%akk-x-neoass:{1}{d}MES-DI-PAB{MEŠ}=Marduk-šallim-ahhe[1//1]PN'PN$Marduk-šallim-ahhe",
"f": {"lang": "akk-x-neoass",
"form": "{1}{d}MES-DI-PAB{MEŠ}",
"cf": "Marduk-šallim-ahhe",
"gw": "1",
"sense": "1",
"norm": "Marduk-šallim-ahhe",
"pos": "PN",
"epos": "PN"}
}
,
{
"node": "d",
"type": "line-start",
"ref": "P334769.4",
"n": "3",
"label": "o 3"}
,
{
"node": "l",
"frag": "ka-ri-ib-ka",
"id": "P334769.l00187",
"ref": "P334769.4.1",
"inst": "kāribka[one who blesses]N",
"sig": "@saao/saa13%akk-x-neoass:ka-ri-ib-ka=kāribu[one who blesses//one who blesses]N'N$kāribka",
"f": {"lang": "akk-x-neoass",
"form": "ka-ri-ib-ka",
"cf": "kāribu",
"gw": "one who blesses",
"sense": "one who blesses",
"norm": "kāribka",
"pos": "N",
"epos": "N"}
}
,
{
"node": "d",
"type": "line-start",
"ref": "P334769.5",
"n": "4",
"label": "o 4"}
,
{
"node": "l",
"frag": "lu",
"id": "P334769.l00188",
"ref": "P334769.5.1",
"inst": "lū[may]MOD",
"sig": "@saao/saa13%akk-x-neoass:lu=lū[may//may]MOD'MOD$lū",
"f": {"lang": "akk-x-neoass",
"form": "lu",
"cf": "lū",
"gw": "may",
"sense": "may",
"norm": "lū",
"pos": "MOD",
"epos": "MOD"}
}
,
{
"node": "l",
"frag": "DI-mu",
"id": "P334769.l00189",
"ref": "P334769.5.2",
"inst": "šulmu[health]N",
"sig": "@saao/saa13%akk-x-neoass:DI-mu=šulmu[completeness//health]N'N$šulmu",
"f": {"lang": "akk-x-neoass",
"form": "DI-mu",
"cf": "šulmu",
"gw": "completeness",
"sense": "health",
"norm": "šulmu",
"pos": "N",
"epos": "N"}
}
,
{
"node": "l",
"frag": "a-na",
"id": "P334769.l0018a",
"ref": "P334769.5.3",
"inst": "ana[to]PRP",
"sig": "@saao/saa13%akk-x-neoass:a-na=ana[to//to]PRP'PRP$ana",
"f": {"lang": "akk-x-neoass",
"form": "a-na",
"cf": "ana",
"gw": "to",
"sense": "to",
"norm": "ana",
"pos": "PRP",
"epos": "PRP"}
}
,
{
"node": "l",
"frag": "LUGAL",
"id": "P334769.l0018b",
"ref": "P334769.5.4",
"inst": "šarri[king]N",
"sig": "@saao/saa13%akk-x-neoass:LUGAL=šarru[king//king]N'N$šarri",
"f": {"lang": "akk-x-neoass",
"form": "LUGAL",
"cf": "šarru",
"gw": "king",
"sense": "king",
"norm": "šarri",
"pos": "N",
"epos": "N"}
}
,
{
"node": "l",
"frag": "EN-ia",
"id": "P334769.l0018c",
"ref": "P334769.5.5",
"inst": "+bēlu[lord]N$bēlīya",
"sig": "@saao/saa13%akk-x-neoass:EN-ia=bēlu[lord//lord]N'N$bēlīya",
"f": {"lang": "akk-x-neoass",
"form": "EN-ia",
"cf": "bēlu",
"gw": "lord",
"sense": "lord",
"norm": "bēlīya",
"pos": "N",
"epos": "N"}
}
,
{
"node": "d",
"type": "line-start",
"ref": "P334769.6",
"n": "5",
"label": "o 5"}
,
{
"node": "l",
"frag": "{d}aš-šur",
"id": "P334769.l0018d",
"ref": "P334769.6.1",
"inst": "Aššur[1]DN",
"sig": "@saao/saa13%akk-x-neoass:{d}aš-šur=Aššur[1//1]DN'DN$Aššur",
"f": {"lang": "akk-x-neoass",
"form": "{d}aš-šur",
"cf": "Aššur",
"gw": "1",
"sense": "1",
"norm": "Aššur",
"pos": "DN",
"epos": "DN"}
}
,
{
"node": "l",
"frag": "{d}30",
"id": "P334769.l0018e",
"ref": "P334769.6.2",
"inst": "Sin[1]DN",
"sig": "@saao/saa13%akk-x-neoass:{d}30=Sin[1//1]DN'DN$Sin",
"f": {"lang": "akk-x-neoass",
"form": "{d}30",
"cf": "Sin",
"gw": "1",
"sense": "1",
"norm": "Sin",
"pos": "DN",
"epos": "DN"}
}
,
{
"node": "l",
"frag": "{d}UTU",
"id": "P334769.l0018f",
"ref": "P334769.6.3",
"inst": "Šamaš[1]DN",
"sig": "@saao/saa13%akk-x-neoass:{d}UTU=Šamaš[1//1]DN'DN$Šamaš",
"f": {"lang": "akk-x-neoass",
"form": "{d}UTU",
"cf": "Šamaš",
"gw": "1",
"sense": "1",
"norm": "Šamaš",
"pos": "DN",
"epos": "DN"}
}
,
{
"node": "d",
"type": "line-start",
"ref": "P334769.7",
"n": "6",
"label": "o 6"}
,
{
"node": "l",
"frag": "{d}EN",
"id": "P334769.l00190",
"ref": "P334769.7.1",
"inst": "Bel[1]DN",
"sig": "@saao/saa13%akk-x-neoass:{d}EN=Bel[1//1]DN'DN$Bel",
"f": {"lang": "akk-x-neoass",
"form": "{d}EN",
"cf": "Bel",
"gw": "1",
"sense": "1",
"norm": "Bel",
"pos": "DN",
"epos": "DN"}
}
,
{
"node": "l",
"frag": "{d}AG",
"id": "P334769.l00191",
"ref": "P334769.7.2",
"inst": "Nabu[1]DN",
"sig": "@saao/saa13%akk-x-neoass:{d}AG=Nabu[1//1]DN'DN$Nabu",
"f": {"lang": "akk-x-neoass",
"form": "{d}AG",
"cf": "Nabu",
"gw": "1",
"sense": "1",
"norm": "Nabu",
"pos": "DN",
"epos": "DN"}
}
,
{
"node": "d",
"type": "line-start",
"ref": "P334769.8",
"n": "7",
"label": "o 7"}
,
{
"node": "l",
"frag": "{d}15",
"id": "P334769.l00192",
"ref": "P334769.8.1",
"inst": "Issar[1]DN",
"sig": "@saao/saa13%akk-x-neoass:{d}15=Ištar[1//1]DN'DN$Issar",
"f": {"lang": "akk-x-neoass",
"form": "{d}15",
"cf": "Ištar",
"gw": "1",
"sense": "1",
"norm": "Issar",
"pos": "DN",
"epos": "DN"}
}
,
{
"node": "l",
"frag": "ša",
"id": "P334769.l00193",
"ref": "P334769.8.2",
"inst": "ša[of]DET",
"sig": "@saao/saa13%akk-x-neoass:ša=ša[of//of]DET'DET$ša",
"f": {"lang": "akk-x-neoass",
"form": "ša",
"cf": "ša",
"gw": "of",
"sense": "of",
"norm": "ša",
"pos": "DET",
"epos": "DET"}
}
,
{
"node": "l",
"frag": "NINA{ki}",
"id": "P334769.l00194",
"ref": "P334769.8.3",
"inst": "Ninua[Nineveh]GN",
"sig": "@saao/saa13%akk-x-neoass:NINA{KI}=Ninua[Nineveh//Nineveh]GN'GN$Ninua",
"f": {"lang": "akk-x-neoass",
"form": "NINA{KI}",
"cf": "Ninua",
"gw": "Nineveh",
"sense": "Nineveh",
"norm": "Ninua",
"pos": "GN",
"epos": "GN"}
}
,
{
"node": "d",
"type": "line-start",
"ref": "P334769.9",
"n": "8",
"label": "o 8"}
,
{
"node": "l",
"frag": "{d}15",
"id": "P334769.l00195",
"ref": "P334769.9.1",
"inst": "Issar[1]DN",
"sig": "@saao/saa13%akk-x-neoass:{d}15=Ištar[1//1]DN'DN$Issar",
"f": {"lang": "akk-x-neoass",
"form": "{d}15",
"cf": "Ištar",
"gw": "1",
"sense": "1",
"norm": "Issar",
"pos": "DN",
"epos": "DN"}
}
,
{
"node": "l",
"frag": "ša",
"id": "P334769.l00196",
"ref": "P334769.9.2",
"inst": "ša[of]DET",
"sig": "@saao/saa13%akk-x-neoass:ša=ša[of//of]DET'DET$ša",
"f": {"lang": "akk-x-neoass",
"form": "ša",
"cf": "ša",
"gw": "of",
"sense": "of",
"norm": "ša",
"pos": "DET",
"epos": "DET"}
}
,
{
"node": "l",
"frag": "{uru}arba-il₃",
"id": "P334769.l00197",
"ref": "P334769.9.3",
"inst": "Arbail[Arbela]GN",
"sig": "@saao/saa13%akk-x-neoass:{URU}arba-il₃=Arbail[Arbela//Arbela]GN'GN$Arbail",
"f": {"lang": "akk-x-neoass",
"form": "{URU}arba-il₃",
"cf": "Arbail",
"gw": "Arbela",
"sense": "Arbela",
"norm": "Arbail",
"pos": "GN",
"epos": "GN"}
}
,
{
"node": "d",
"type": "line-start",
"ref": "P334769.10",
"n": "9",
"label": "o 9"}
,
{
"node": "l",
"frag": "a-na",
"id": "P334769.l00198",
"ref": "P334769.10.1",
"inst": "ana[to]PRP",
"sig": "@saao/saa13%akk-x-neoass:a-na=ana[to//to]PRP'PRP$ana",
"f": {"lang": "akk-x-neoass",
"form": "a-na",
"cf": "ana",
"gw": "to",
"sense": "to",
"norm": "ana",
"pos": "PRP",
"epos": "PRP"}
}
,
{
"node": "l",
"frag": "LUGAL",
"id": "P334769.l00199",
"ref": "P334769.10.2",
"inst": "šarri[king]N",
"sig": "@saao/saa13%akk-x-neoass:LUGAL=šarru[king//king]N'N$šarri",
"f": {"lang": "akk-x-neoass",
"form": "LUGAL",
"cf": "šarru",
"gw": "king",
"sense": "king",
"norm": "šarri",
"pos": "N",
"epos": "N"}
}
,
{
"node": "l",
"frag": "be-li₂-ia",
"id": "P334769.l0019a",
"ref": "P334769.10.3",
"inst": "bēlīya[lord]N",
"sig": "@saao/saa13%akk-x-neoass:be-li₂-ia=bēlu[lord//lord]N'N$bēlīya",
"f": {"lang": "akk-x-neoass",
"form": "be-li₂-ia",
"cf": "bēlu",
"gw": "lord",
"sense": "lord",
"norm": "bēlīya",
"pos": "N",
"epos": "N"}
}
,
{
"node": "d",
"type": "line-start",
"ref": "P334769.11",
"n": "10",
"label": "o 10"}
,
{
"node": "l",
"frag": "a-dan-niš",
"id": "P334769.l0019b",
"ref": "P334769.11.1",
"inst": "adanniš[very much]AV",
"sig": "@saao/saa13%akk-x-neoass:a-dan-niš=adanniš[very much//very much]AV'AV$adanniš",
"f": {"lang": "akk-x-neoass",
"form": "a-dan-niš",
"cf": "adanniš",
"gw": "very much",
"sense": "very much",
"norm": "adanniš",
"pos": "AV",
"epos": "AV"}
}
,
{
"node": "l",
"frag": "a-dan-niš",
"id": "P334769.l0019c",
"ref": "P334769.11.2",
"inst": "adanniš[very much]AV",
"sig": "@saao/saa13%akk-x-neoass:a-dan-niš=adanniš[very much//very much]AV'AV$adanniš",
"f": {"lang": "akk-x-neoass",
"form": "a-dan-niš",
"cf": "adanniš",
"gw": "very much",
"sense": "very much",
"norm": "adanniš",
"pos": "AV",
"epos": "AV"}
}
,
{
"node": "l",
"frag": "lik-ru-bu",
"id": "P334769.l0019d",
"ref": "P334769.11.3",
"inst": "likrubu[bless]V",
"sig": "@saao/saa13%akk-x-neoass:lik-ru-bu=karābu[pray//bless]V'V$likrubu",
"f": {"lang": "akk-x-neoass",
"form": "lik-ru-bu",
"cf": "karābu",
"gw": "pray",
"sense": "bless",
"norm": "likrubu",
"pos": "V",
"epos": "V"}
}
,
{
"node": "d",
"type": "line-start",
"ref": "P334769.12",
"n": "11",
"label": "o 11"}
,
{
"node": "l",
"frag": "UD-MEŠ",
"id": "P334769.l0019e",
"ref": "P334769.12.1",
"inst": "ūmāti[day]N",
"sig": "@saao/saa13%akk-x-neoass:UD-MEŠ=ūmu[day//day]N'N$ūmāti",
"f": {"lang": "akk-x-neoass",
"form": "UD-MEŠ",
"cf": "ūmu",
"gw": "day",
"sense": "day",
"norm": "ūmāti",
"pos": "N",
"epos": "N"}
}
,
{
"node": "l",
"frag": "GID₂.DA-MEŠ",
"id": "P334769.l0019f",
"ref": "P334769.12.2",
"inst": "+arku[long]AJ$arkūti",
"sig": "@saao/saa13%akk-x-neoass:GID₂.DA-MEŠ=arku[long//long]AJ'AJ$arkūti",
"f": {"lang": "akk-x-neoass",
"form": "GID₂.DA-MEŠ",
"cf": "arku",
"gw": "long",
"sense": "long",
"norm": "arkūti",
"pos": "AJ",
"epos": "AJ"}
}
,
{
"node": "d",
"type": "line-start",
"ref": "P334769.13",
"n": "12",
"label": "o 12"}
,
{
"node": "l",
"frag": "MU.AN.NA-MEŠ",
"id": "P334769.l001a0",
"ref": "P334769.13.1",
"inst": "šanāti[year]N",
"sig": "@saao/saa13%akk-x-neoass:MU.AN.NA-MEŠ=šattu[year//year]N'N$šanāti",
"f": {"lang": "akk-x-neoass",
"form": "MU.AN.NA-MEŠ",
"cf": "šattu",
"gw": "year",
"sense": "year",
"norm": "šanāti",
"pos": "N",
"epos": "N"}
}
,
{
"node": "l",
"frag": "ṭu-ub",
"id": "P334769.l001a1",
"ref": "P334769.13.2",
"inst": "ṭūb[goodness]N",
"sig": "@saao/saa13%akk-x-neoass:ṭu-ub=ṭūbu[goodness//goodness]N'N$ṭūb",
"f": {"lang": "akk-x-neoass",
"form": "ṭu-ub",
"cf": "ṭūbu",
"gw": "goodness",
"sense": "goodness",
"norm": "ṭūb",
"pos": "N",
"epos": "N"}
}
,
{
"node": "l",
"frag": "UZU",
"id": "P334769.l001a2",
"ref": "P334769.13.3",
"inst": "šīri[flesh]N",
"sig": "@saao/saa13%akk-x-neoass:UZU=šīru[flesh//flesh]N'N$šīri",
"f": {"lang": "akk-x-neoass",
"form": "UZU",
"cf": "šīru",
"gw": "flesh",
"sense": "flesh",
"norm": "šīri",
"pos": "N",
"epos": "N"}
}
,
{
"node": "d",
"type": "line-start",
"ref": "P334769.14",
"n": "13",
"label": "o 13"}
,
{
"node": "l",
"frag": "a-na",
"id": "P334769.l001a3",
"ref": "P334769.14.1",
"inst": "ana[to]PRP",
"sig": "@saao/saa13%akk-x-neoass:a-na=ana[to//to]PRP'PRP$ana",
"f": {"lang": "akk-x-neoass",
"form": "a-na",
"cf": "ana",
"gw": "to",
"sense": "to",
"norm": "ana",
"pos": "PRP",
"epos": "PRP"}
}
,
{
"node": "l",
"frag": "LUGAL",
"id": "P334769.l001a4",
"ref": "P334769.14.2",
"inst": "šarri[king]N",
"sig": "@saao/saa13%akk-x-neoass:LUGAL=šarru[king//king]N'N$šarri",
"f": {"lang": "akk-x-neoass",
"form": "LUGAL",
"cf": "šarru",
"gw": "king",
"sense": "king",
"norm": "šarri",
"pos": "N",
"epos": "N"}
}
,
{
"node": "l",
"frag": "be-li₂-ia",
"id": "P334769.l001a5",
"ref": "P334769.14.3",
"inst": "bēlīya[lord]N",
"sig": "@saao/saa13%akk-x-neoass:be-li₂-ia=bēlu[lord//lord]N'N$bēlīya",
"f": {"lang": "akk-x-neoass",
"form": "be-li₂-ia",
"cf": "bēlu",
"gw": "lord",
"sense": "lord",
"norm": "bēlīya",
"pos": "N",
"epos": "N"}
}
,
{
"node": "d",
"type": "line-start",
"ref": "P334769.15",
"n": "14",
"label": "o 14"}
,
{
"node": "l",
"frag": "lid-di-nu",
"id": "P334769.l001a6",
"ref": "P334769.15.1",
"inst": "liddinu[give]V",
"sig": "@saao/saa13%akk-x-neoass:lid-di-nu=tadānu[give//give]V'V$liddinu",
"f": {"lang": "akk-x-neoass",
"form": "lid-di-nu",
"cf": "tadānu",
"gw": "give",
"sense": "give",
"norm": "liddinu",
"pos": "V",
"epos": "V"}
}
,
{
"node": "d",
"type": "line-start",
"ref": "P334769.16",
"n": "15",
"label": "o 15"}
,
{
"node": "l",
"frag": "UD",
"id": "P334769.l001a7",
"ref": "P334769.16.1",
"inst": "ūm[day]N",
"exosig": "@saao/saa13%akk-x-neoass:UD=ūmu[day//day]N'N$ūm",
"f": {"lang": "akk-x-neoass",
"form": "UD",
"cf": "ūmu",
"gw": "day",
"sense": "day",
"norm": "ūm",
"pos": "N",
"epos": "N"}
}
,
{
"node": "l",
"frag": "15-KAM",
"id": "P334769.l001a8",
"ref": "P334769.16.2",
"inst": "n",
"f": {"lang": "akk-x-neoass",
"form": "15-KAM",
"pos": "n"}
}
,
{
"node": "l",
"frag": "an-ni-⸢u₂⸣",
"id": "P334769.l001a9",
"ref": "P334769.16.3",
"inst": "annīu[this]DP",
"sig": "@saao/saa13%akk-x-neoass:an-ni-u₂=annû[this//this]DP'DP$annīu",
"f": {"lang": "akk-x-neoass",
"form": "an-ni-u₂",
"cf": "annû",
"gw": "this",
"sense": "this",
"norm": "annīu",
"pos": "DP",
"epos": "DP"}
}
,
{
"node": "d",
"type": "line-start",
"ref": "P334769.17",
"n": "16",
"label": "o 16"}
,
{
"node": "l",
"frag": "ša",
"id": "P334769.l001aa",
"ref": "P334769.17.1",
"inst": "ša[of]DET",
"sig": "@saao/saa13%akk-x-neoass:ša=ša[of//of]DET'DET$ša",
"f": {"lang": "akk-x-neoass",
"form": "ša",
"cf": "ša",
"gw": "of",
"sense": "of",
"norm": "ša",
"pos": "DET",
"epos": "DET"}
}
,
{
"node": "l",
"frag": "{uru}tal-mu-[si]",
"id": "P334769.l001ab",
"ref": "P334769.17.2",
"inst": "Talmusi[1]GN",
"sig": "@saao/saa13%akk-x-neoass:{URU}tal-mu-si=Talmusa[1//1]GN'GN$Talmusi",
"f": {"lang": "akk-x-neoass",
"form": "{URU}tal-mu-si",
"cf": "Talmusa",
"gw": "1",
"sense": "1",
"norm": "Talmusi",
"pos": "GN",
"epos": "GN"}
}
,
{
"node": "d",
"type": "line-start",
"ref": "P334769.18",
"n": "17",
"label": "o 17"}
,
{
"node": "l",
"frag": "šu-u₂",
"id": "P334769.l001ac",
"ref": "P334769.18.1",
"inst": "šû[he]IP",
"sig": "@saao/saa13%akk-x-neoass:šu-u₂=šū[he//it]IP'IP$šû",
"f": {"lang": "akk-x-neoass",
"form": "šu-u₂",
"cf": "šū",
"gw": "he",
"sense": "it",
"norm": "šû",
"pos": "IP",
"epos": "IP"}
}
,
{
"node": "d",
"type": "line-start",
"ref": "P334769.19",
"n": "18",
"label": "o 18"}
,
{
"node": "l",
"frag": "la",
"id": "P334769.l001ad",
"ref": "P334769.19.1",
"inst": "lā[not]MOD",
"sig": "@saao/saa13%akk-x-neoass:la=lā[not//not]MOD'MOD$lā",
"f": {"lang": "akk-x-neoass",
"form": "la",
"cf": "lā",
"gw": "not",
"sense": "not",
"norm": "lā",
"pos": "MOD",
"epos": "MOD"}
}
,
{
"node": "l",
"frag": "GUD.NITA₂",
"id": "P334769.l001ae",
"ref": "P334769.19.2",
"inst": "+alpu[ox]N$",
"sig": "@saao/saa13%akk-x-neoass:GUD.NITA₂=alpu[ox//ox]N'N$alpu",
"f": {"lang": "akk-x-neoass",
"form": "GUD.NITA₂",
"cf": "alpu",
"gw": "ox",
"sense": "ox",
"norm": "alpu",
"pos": "N",
"epos": "N"}
}
,
{
"node": "d",
"type": "line-start",
"ref": "P334769.20",
"n": "19",
"label": "o 19"}
,
{
"node": "l",
"frag": "la",
"id": "P334769.l001af",
"ref": "P334769.20.1",
"inst": "lā[not]MOD",
"sig": "@saao/saa13%akk-x-neoass:la=lā[not//not]MOD'MOD$lā",
"f": {"lang": "akk-x-neoass",
"form": "la",
"cf": "lā",
"gw": "not",
"sense": "not",
"norm": "lā",
"pos": "MOD",
"epos": "MOD"}
}
,
{
"node": "l",
"frag": "UDU.NITA₂-MEŠ",
"id": "P334769.l001b0",
"ref": "P334769.20.2",
"inst": "+yābilu[ram]N$yābilī",
"sig": "@saao/saa13%akk-x-neoass:UDU.NITA₂-MEŠ=yābilu[ram//ram]N'N$yābilī",
"f": {"lang": "akk-x-neoass",
"form": "UDU.NITA₂-MEŠ",
"cf": "yābilu",
"gw": "ram",
"sense": "ram",
"norm": "yābilī",
"pos": "N",
"epos": "N"}
}
,
{
"node": "d",
"subtype": "reverse",
"type": "surface",
"ref": "P334769.r.21",
"type": "reverse",
"label": "r"}
,
{
"node": "d",
"type": "line-start",
"ref": "P334769.22",
"n": "1",
"label": "r 1"}
,
{
"node": "l",
"frag": "me-me-ni",
"id": "P334769.l001b1",
"ref": "P334769.22.1",
"inst": "+memēni[anybody//anything]XP$memmēni",
"sig": "@saao%akk-x-neoass:me-me-ni=memēni[somebody//anything]XP'XP$memmēni",
"f": {"lang": "akk-x-neoass",
"form": "me-me-ni",
"cf": "memēni",
"gw": "somebody",
"sense": "anything",
"norm": "memmēni",
"pos": "XP",
"epos": "XP"}
}
,
{
"node": "l",
"frag": "la",
"id": "P334769.l001b2",
"ref": "P334769.22.2",
"inst": "lā[not]MOD",
"sig": "@saao/saa13%akk-x-neoass:la=lā[not//not]MOD'MOD$lā",
"f": {"lang": "akk-x-neoass",
"form": "la",
"cf": "lā",
"gw": "not",
"sense": "not",
"norm": "lā",
"pos": "MOD",
"epos": "MOD"}
}
,
{
"node": "l",
"frag": "il-li-ka",
"id": "P334769.l001b3",
"ref": "P334769.22.3",
"inst": "illika[come]V",
"sig": "@saao/saa13%akk-x-neoass:il-li-ka=alāku[go//come]V'V$illika",
"f": {"lang": "akk-x-neoass",
"form": "il-li-ka",
"cf": "alāku",
"gw": "go",
"sense": "come",
"norm": "illika",
"pos": "V",
"epos": "V"}
}
,
{
"node": "d",
"type": "line-start",
"ref": "P334769.23",
"n": "2",
"label": "r 2"}
,
{
"node": "l",
"frag": "a-na",
"id": "P334769.l001b4",
"ref": "P334769.23.1",
"inst": "ana[to]PRP",
"sig": "@saao/saa13%akk-x-neoass:a-na=ana[to//to]PRP'PRP$ana",
"f": {"lang": "akk-x-neoass",
"form": "a-na",
"cf": "ana",
"gw": "to",
"sense": "to",
"norm": "ana",
"pos": "PRP",
"epos": "PRP"}
}
,
{
"node": "l",
"frag": "ba-[la-aṭ",
"id": "P334769.l001b5",
"ref": "P334769.23.2",
"inst": "+balāṭu[live//life]V'N$balāṭ",
"sig": "@saao/saa13%akk-x-neoass:ba-la-aṭ=balāṭu[live//life]V'N$balāṭ",
"f": {"lang": "akk-x-neoass",
"form": "ba-la-aṭ",
"cf": "balāṭu",
"gw": "live",
"sense": "life",
"norm": "balāṭ",
"pos": "V",
"epos": "N"}
}
,
{
"node": "l",
"frag": "nu-up-ša₂]-te",
"id": "P334769.l001b6",
"ref": "P334769.23.3",
"inst": "+napištu[throat//life]N'N$nupšāte",
"sig": "@saao/saa13%akk-x-neoass:nu-up-ša₂-te=napištu[throat//life]N'N$nupšāte",
"f": {"lang": "akk-x-neoass",
"form": "nu-up-ša₂-te",
"cf": "napištu",
"gw": "throat",
"sense": "life",
"norm": "nupšāte",
"pos": "N",
"epos": "N"}
}
,
{
"node": "d",
"type": "line-start",
"ref": "P334769.24",
"n": "3",
"label": "r 3"}
,
{
"node": "l",
"frag": "ša",
"id": "P334769.l001b7",
"ref": "P334769.24.1",
"inst": "ša[of]DET",
"sig": "@saao/saa13%akk-x-neoass:ša=ša[of//of]DET'DET$ša",
"f": {"lang": "akk-x-neoass",
"form": "ša",
"cf": "ša",
"gw": "of",
"sense": "of",
"norm": "ša",
"pos": "DET",
"epos": "DET"}
}
,
{
"node": "l",
"frag": "[LUGAL",
"id": "P334769.l001b8",
"ref": "P334769.24.2",
"inst": "šarri[king]N",
"sig": "@saao/saa13%akk-x-neoass:LUGAL=šarru[king//king]N'N$šarri",
"f": {"lang": "akk-x-neoass",
"form": "LUGAL",
"cf": "šarru",
"gw": "king",
"sense": "king",
"norm": "šarri",
"pos": "N",
"epos": "N"}
}
,
{
"node": "l",
"frag": "be-li₂]-ia",
"id": "P334769.l001b9",
"ref": "P334769.24.3",
"inst": "bēlīya[lord]N",
"sig": "@saao/saa13%akk-x-neoass:be-li₂-ia=bēlu[lord//lord]N'N$bēlīya",
"f": {"lang": "akk-x-neoass",
"form": "be-li₂-ia",
"cf": "bēlu",
"gw": "lord",
"sense": "lord",
"norm": "bēlīya",
"pos": "N",
"epos": "N"}
}
,
{
"node": "d",
"type": "line-start",
"ref": "P334769.25",
"n": "4",
"label": "r 4"}
,
{
"node": "l",
"frag": "⸢x⸣+[x",
"id": "P334769.l001ba",
"ref": "P334769.25.1",
"inst": "u",
"f": {"lang": "akk-x-neoass",
"form": "x+x",
"pos": "u"}
}
,
{
"node": "l",
"frag": "x",
"id": "P334769.l001bb",
"ref": "P334769.25.2",
"inst": "u",
"f": {"lang": "akk-x-neoass",
"form": "x",
"pos": "u"}
}
,
{
"node": "l",
"frag": "x",
"id": "P334769.l001bc",
"ref": "P334769.25.3",
"inst": "u",
"f": {"lang": "akk-x-neoass",
"form": "x",
"pos": "u"}
}
,
{
"node": "l",
"frag": "x",
"id": "P334769.l001bd",
"ref": "P334769.25.4",
"inst": "u",
"f": {"lang": "akk-x-neoass",
"form": "x",
"pos": "u"}
}
,
{
"node": "l",
"frag": "x",
"id": "P334769.l001be",
"ref": "P334769.25.5",
"inst": "u",
"f": {"lang": "akk-x-neoass",
"form": "x",
"pos": "u"}
}
,
{
"node": "l",
"frag": "x]+⸢x⸣",
"id": "P334769.l001bf",
"ref": "P334769.25.6",
"inst": "u",
"f": {"lang": "akk-x-neoass",
"form": "x+x",
"pos": "u"}
}
,
{
"node": "d",
"type": "line-start",
"ref": "P334769.26",
"n": "5",
"label": "r 5"}
,
{
"node": "l",
"frag": "⸢x⸣+[x",
"id": "P334769.l001c0",
"ref": "P334769.26.1",
"inst": "u",
"f": {"lang": "akk-x-neoass",
"form": "x+x",
"pos": "u"}
}
,
{
"node": "l",
"frag": "x",
"id": "P334769.l001c1",
"ref": "P334769.26.2",
"inst": "u",
"f": {"lang": "akk-x-neoass",
"form": "x",
"pos": "u"}
}
,
{
"node": "l",
"frag": "x",
"id": "P334769.l001c2",
"ref": "P334769.26.3",
"inst": "u",
"f": {"lang": "akk-x-neoass",
"form": "x",
"pos": "u"}
}
,
{
"node": "l",
"frag": "x",
"id": "P334769.l001c3",
"ref": "P334769.26.4",
"inst": "u",
"f": {"lang": "akk-x-neoass",
"form": "x",
"pos": "u"}
}
,
{
"node": "l",
"frag": "x",
"id": "P334769.l001c4",
"ref": "P334769.26.5",
"inst": "u",
"f": {"lang": "akk-x-neoass",
"form": "x",
"pos": "u"}
}
,
{
"node": "l",
"frag": "x]",
"id": "P334769.l001c5",
"ref": "P334769.26.6",
"inst": "u",
"f": {"lang": "akk-x-neoass",
"form": "x",
"pos": "u"}
}
,
{
"node": "d",
"type": "line-start",
"ref": "P334769.27",
"n": "6",
"label": "r 6"}
,
{
"node": "l",
"frag": "[x",
"id": "P334769.l001c6",
"ref": "P334769.27.1",
"inst": "u",
"f": {"lang": "akk-x-neoass",
"form": "x",
"pos": "u"}
}
,
{
"node": "l",
"frag": "x",
"id": "P334769.l001c7",
"ref": "P334769.27.2",
"inst": "u",
"f": {"lang": "akk-x-neoass",
"form": "x",
"pos": "u"}
}
,
{
"node": "l",
"frag": "x",
"id": "P334769.l001c8",
"ref": "P334769.27.3",
"inst": "u",
"f": {"lang": "akk-x-neoass",
"form": "x",
"pos": "u"}
}
,
{
"node": "l",
"frag": "x",
"id": "P334769.l001c9",
"ref": "P334769.27.4",
"inst": "u",
"f": {"lang": "akk-x-neoass",
"form": "x",
"pos": "u"}
}
,
{
"node": "l",
"frag": "x",
"id": "P334769.l001ca",
"ref": "P334769.27.5",
"inst": "u",
"f": {"lang": "akk-x-neoass",
"form": "x",
"pos": "u"}
}
,
{
"node": "l",
"frag": "x]+⸢x⸣",
"id": "P334769.l001cb",
"ref": "P334769.27.6",
"inst": "u",
"f": {"lang": "akk-x-neoass",
"form": "x+x",
"pos": "u"}
}
,
{
"node": "d",
"type": "line-start",
"ref": "P334769.28",
"n": "7",
"label": "r 7"}
,
{
"node": "l",
"frag": "[x",
"id": "P334769.l001cc",
"ref": "P334769.28.1",
"inst": "u",
"f": {"lang": "akk-x-neoass",
"form": "x",
"pos": "u"}
}
,
{
"node": "l",
"frag": "x",
"id": "P334769.l001cd",
"ref": "P334769.28.2",
"inst": "u",
"f": {"lang": "akk-x-neoass",
"form": "x",
"pos": "u"}
}
,
{
"node": "l",
"frag": "x",
"id": "P334769.l001ce",
"ref": "P334769.28.3",
"inst": "u",
"f": {"lang": "akk-x-neoass",
"form": "x",
"pos": "u"}
}
,
{
"node": "l",
"frag": "x",
"id": "P334769.l001cf",
"ref": "P334769.28.4",
"inst": "u",
"f": {"lang": "akk-x-neoass",
"form": "x",
"pos": "u"}
}
,
{
"node": "l",
"frag": "x",
"id": "P334769.l001d0",
"ref": "P334769.28.5",
"inst": "u",
"f": {"lang": "akk-x-neoass",
"form": "x",
"pos": "u"}
}
,
{
"node": "l",
"frag": "x]-u",
"id": "P334769.l001d1",
"ref": "P334769.28.6",
"inst": "u",
"f": {"lang": "akk-x-neoass",
"form": "x-u",
"pos": "u"}
}
,
{
"node": "d",
"type": "line-start",
"ref": "P334769.29",
"n": "8",
"label": "r 8"}
,
{
"node": "l",
"frag": "[x",
"id": "P334769.l001d2",
"ref": "P334769.29.1",
"inst": "u",
"f": {"lang": "akk-x-neoass",
"form": "x",
"pos": "u"}
}
,
{
"node": "l",
"frag": "x",
"id": "P334769.l001d3",
"ref": "P334769.29.2",
"inst": "u",
"f": {"lang": "akk-x-neoass",
"form": "x",
"pos": "u"}
}
,
{
"node": "l",
"frag": "x",
"id": "P334769.l001d4",
"ref": "P334769.29.3",
"inst": "u",
"f": {"lang": "akk-x-neoass",
"form": "x",
"pos": "u"}
}
,
{
"node": "l",
"frag": "x",
"id": "P334769.l001d5",
"ref": "P334769.29.4",
"inst": "u",
"f": {"lang": "akk-x-neoass",
"form": "x",
"pos": "u"}
}
,
{
"node": "l",
"frag": "x",
"id": "P334769.l001d6",
"ref": "P334769.29.5",
"inst": "u",
"f": {"lang": "akk-x-neoass",
"form": "x",
"pos": "u"}
}
,
{
"node": "l",
"frag": "x]+⸢x⸣",
"id": "P334769.l001d7",
"ref": "P334769.29.6",
"inst": "u",
"f": {"lang": "akk-x-neoass",
"form": "x+x",
"pos": "u"}
}
,
{
"node": "d",
"type": "line-start",
"ref": "P334769.30",
"n": "9",
"label": "r 9"}
,
{
"node": "l",
"frag": "[x",
"id": "P334769.l001d8",
"ref": "P334769.30.1",
"inst": "u",
"f": {"lang": "akk-x-neoass",
"form": "x",
"pos": "u"}
}
,
{
"node": "l",
"frag": "x",
"id": "P334769.l001d9",
"ref": "P334769.30.2",
"inst": "u",
"f": {"lang": "akk-x-neoass",
"form": "x",
"pos": "u"}
}
,
{
"node": "l",
"frag": "x",
"id": "P334769.l001da",
"ref": "P334769.30.3",
"inst": "u",
"f": {"lang": "akk-x-neoass",
"form": "x",
"pos": "u"}
}
,
{
"node": "l",
"frag": "x",
"id": "P334769.l001db",
"ref": "P334769.30.4",
"inst": "u",
"f": {"lang": "akk-x-neoass",
"form": "x",
"pos": "u"}
}
,
{
"node": "l",
"frag": "x",
"id": "P334769.l001dc",
"ref": "P334769.30.5",
"inst": "u",
"f": {"lang": "akk-x-neoass",
"form": "x",
"pos": "u"}
}
,
{
"node": "l",
"frag": "x]+⸢x⸣",
"id": "P334769.l001dd",
"ref": "P334769.30.6",
"inst": "u",
"f": {"lang": "akk-x-neoass",
"form": "x+x",
"pos": "u"}
}
,
{
"node": "d",
"type": "line-start",
"ref": "P334769.31",
"n": "10",
"label": "r 10"}
,
{
"node": "l",
"frag": "[x",
"id": "P334769.l001de",
"ref": "P334769.31.1",
"inst": "u",
"f": {"lang": "akk-x-neoass",
"form": "x",
"pos": "u"}
}
,
{
"node": "l",
"frag": "x",
"id": "P334769.l001df",
"ref": "P334769.31.2",
"inst": "u",
"f": {"lang": "akk-x-neoass",
"form": "x",
"pos": "u"}
}
,
{
"node": "l",
"frag": "x",
"id": "P334769.l001e0",
"ref": "P334769.31.3",
"inst": "u",
"f": {"lang": "akk-x-neoass",
"form": "x",
"pos": "u"}
}
,
{
"node": "l",
"frag": "x",
"id": "P334769.l001e1",
"ref": "P334769.31.4",
"inst": "u",
"f": {"lang": "akk-x-neoass",
"form": "x",
"pos": "u"}
}
,
{
"node": "l",
"frag": "x",
"id": "P334769.l001e2",
"ref": "P334769.31.5",
"inst": "u",
"f": {"lang": "akk-x-neoass",
"form": "x",
"pos": "u"}
}
,
{
"node": "l",
"frag": "x]",
"id": "P334769.l001e3",
"ref": "P334769.31.6",
"inst": "u",
"f": {"lang": "akk-x-neoass",
"form": "x",
"pos": "u"}
}
]}
]}
]}
]}
