{
"type": "cdl",
  "source": "http://oracc.org/saao/saa13",
  "license": "This data is released under the CC0 license",
  "license-url": "https://creativecommons.org/publicdomain/zero/1.0/",
  "more-info": "http://oracc.org/doc/opendata/",
  "UTC-timestamp": "2017-05-19T11:46:23",
"project": "saao/saa13",
"textid": "P334368",
"cdl": [
{
"node": "c",
"type": "text",
"id": "P334368.U0",
"cdl": [
{
"node": "d",
"type": "object",
"ref": ""}
,
{
"node": "d",
"subtype": "obverse",
"type": "surface",
"ref": "P334368.o.1",
"type": "obverse",
"label": "o"}
,
{
"node": "c",
"type": "discourse",
"subtype": "body",
"id": "P334368.U1",
"cdl": [
{
"node": "c",
"type": "sentence",
"id": "P334368.U2",
"label": "o 1 - r 11",
"cdl": [
{
"node": "d",
"type": "line-start",
"ref": "P334368.2",
"n": "1",
"label": "o 1"}
,
{
"node": "l",
"frag": "a-na",
"id": "P334368.l01c89",
"ref": "P334368.2.1",
"inst": "ana[to]PRP",
"sig": "@saao/saa13%akk-x-neoass:a-na=ana[to//to]PRP'PRP$ana",
"f": {"lang": "akk-x-neoass",
"form": "a-na",
"cf": "ana",
"gw": "to",
"sense": "to",
"norm": "ana",
"pos": "PRP",
"epos": "PRP"}
}
,
{
"node": "l",
"frag": "LUGAL",
"id": "P334368.l01c8a",
"ref": "P334368.2.2",
"inst": "šarri[king]N",
"sig": "@saao/saa13%akk-x-neoass:LUGAL=šarru[king//king]N'N$šarri",
"f": {"lang": "akk-x-neoass",
"form": "LUGAL",
"cf": "šarru",
"gw": "king",
"sense": "king",
"norm": "šarri",
"pos": "N",
"epos": "N"}
}
,
{
"node": "l",
"frag": "[be-li₂-ia]",
"id": "P334368.l01c8b",
"ref": "P334368.2.3",
"inst": "bēlīya[lord]N",
"sig": "@saao/saa13%akk-x-neoass:be-li₂-ia=bēlu[lord//lord]N'N$bēlīya",
"f": {"lang": "akk-x-neoass",
"form": "be-li₂-ia",
"cf": "bēlu",
"gw": "lord",
"sense": "lord",
"norm": "bēlīya",
"pos": "N",
"epos": "N"}
}
,
{
"node": "d",
"type": "line-start",
"ref": "P334368.3",
"n": "2",
"label": "o 2"}
,
{
"node": "l",
"frag": "ARAD-ka",
"id": "P334368.l01c8c",
"ref": "P334368.3.1",
"inst": "urdaka[servant]N",
"sig": "@saao/saa13%akk-x-neoass:ARAD-ka=ardu[slave//servant]N'N$urdaka",
"f": {"lang": "akk-x-neoass",
"form": "ARAD-ka",
"cf": "ardu",
"gw": "slave",
"sense": "servant",
"norm": "urdaka",
"pos": "N",
"epos": "N"}
}
,
{
"node": "l",
"frag": "{1}{d}PA-MU-AŠ",
"id": "P334368.l01c8d",
"ref": "P334368.3.2",
"inst": "+Nabu-šumu-iddina[1]PN$",
"sig": "@saao/saa13%akk-x-neoass:{1}{d}PA-MU-AŠ=Nabu-šumu-iddina[1//1]PN'PN$Nabu-šumu-iddina",
"f": {"lang": "akk-x-neoass",
"form": "{1}{d}PA-MU-AŠ",
"cf": "Nabu-šumu-iddina",
"gw": "1",
"sense": "1",
"norm": "Nabu-šumu-iddina",
"pos": "PN",
"epos": "PN"}
}
,
{
"node": "d",
"type": "line-start",
"ref": "P334368.4",
"n": "3",
"label": "o 3"}
,
{
"node": "l",
"frag": "lu",
"id": "P334368.l01c8e",
"ref": "P334368.4.1",
"inst": "lū[may]MOD",
"sig": "@saao/saa13%akk-x-neoass:lu=lū[may//may]MOD'MOD$lū",
"f": {"lang": "akk-x-neoass",
"form": "lu",
"cf": "lū",
"gw": "may",
"sense": "may",
"norm": "lū",
"pos": "MOD",
"epos": "MOD"}
}
,
{
"node": "l",
"frag": "DI-mu",
"id": "P334368.l01c8f",
"ref": "P334368.4.2",
"inst": "šulmu[health]N",
"sig": "@saao/saa13%akk-x-neoass:DI-mu=šulmu[completeness//health]N'N$šulmu",
"f": {"lang": "akk-x-neoass",
"form": "DI-mu",
"cf": "šulmu",
"gw": "completeness",
"sense": "health",
"norm": "šulmu",
"pos": "N",
"epos": "N"}
}
,
{
"node": "l",
"frag": "a-na",
"id": "P334368.l01c90",
"ref": "P334368.4.3",
"inst": "ana[to]PRP",
"sig": "@saao/saa13%akk-x-neoass:a-na=ana[to//to]PRP'PRP$ana",
"f": {"lang": "akk-x-neoass",
"form": "a-na",
"cf": "ana",
"gw": "to",
"sense": "to",
"norm": "ana",
"pos": "PRP",
"epos": "PRP"}
}
,
{
"node": "l",
"frag": "LUGAL",
"id": "P334368.l01c91",
"ref": "P334368.4.4",
"inst": "šarri[king]N",
"sig": "@saao/saa13%akk-x-neoass:LUGAL=šarru[king//king]N'N$šarri",
"f": {"lang": "akk-x-neoass",
"form": "LUGAL",
"cf": "šarru",
"gw": "king",
"sense": "king",
"norm": "šarri",
"pos": "N",
"epos": "N"}
}
,
{
"node": "d",
"type": "line-start",
"ref": "P334368.5",
"n": "4",
"label": "o 4"}
,
{
"node": "l",
"frag": "be-li₂-ia",
"id": "P334368.l01c92",
"ref": "P334368.5.1",
"inst": "bēlīya[lord]N",
"sig": "@saao/saa13%akk-x-neoass:be-li₂-ia=bēlu[lord//lord]N'N$bēlīya",
"f": {"lang": "akk-x-neoass",
"form": "be-li₂-ia",
"cf": "bēlu",
"gw": "lord",
"sense": "lord",
"norm": "bēlīya",
"pos": "N",
"epos": "N"}
}
,
{
"node": "l",
"frag": "a-dan-niš",
"id": "P334368.l01c93",
"ref": "P334368.5.2",
"inst": "adanniš[very much]AV",
"sig": "@saao/saa13%akk-x-neoass:a-dan-niš=adanniš[very much//very much]AV'AV$adanniš",
"f": {"lang": "akk-x-neoass",
"form": "a-dan-niš",
"cf": "adanniš",
"gw": "very much",
"sense": "very much",
"norm": "adanniš",
"pos": "AV",
"epos": "AV"}
}
,
{
"node": "l",
"frag": "a-dan-niš",
"id": "P334368.l01c94",
"ref": "P334368.5.3",
"inst": "adanniš[very much]AV",
"sig": "@saao/saa13%akk-x-neoass:a-dan-niš=adanniš[very much//very much]AV'AV$adanniš",
"f": {"lang": "akk-x-neoass",
"form": "a-dan-niš",
"cf": "adanniš",
"gw": "very much",
"sense": "very much",
"norm": "adanniš",
"pos": "AV",
"epos": "AV"}
}
,
{
"node": "d",
"type": "line-start",
"ref": "P334368.6",
"n": "5",
"label": "o 5"}
,
{
"node": "l",
"frag": "{d}AG",
"id": "P334368.l01c95",
"ref": "P334368.6.1",
"inst": "Nabu[1]DN",
"sig": "@saao/saa13%akk-x-neoass:{d}AG=Nabu[1//1]DN'DN$Nabu",
"f": {"lang": "akk-x-neoass",
"form": "{d}AG",
"cf": "Nabu",
"gw": "1",
"sense": "1",
"norm": "Nabu",
"pos": "DN",
"epos": "DN"}
}
,
{
"node": "l",
"frag": "{d}AMAR.UTU",
"id": "P334368.l01c96",
"ref": "P334368.6.2",
"inst": "Marduk[1]DN",
"sig": "@saao/saa13%akk-x-neoass:{d}AMAR.UTU=Marduk[1//1]DN'DN$Marduk",
"f": {"lang": "akk-x-neoass",
"form": "{d}AMAR.UTU",
"cf": "Marduk",
"gw": "1",
"sense": "1",
"norm": "Marduk",
"pos": "DN",
"epos": "DN"}
}
,
{
"node": "d",
"type": "line-start",
"ref": "P334368.7",
"n": "6",
"label": "o 6"}
,
{
"node": "l",
"frag": "a-na",
"id": "P334368.l01c97",
"ref": "P334368.7.1",
"inst": "ana[to]PRP",
"sig": "@saao/saa13%akk-x-neoass:a-na=ana[to//to]PRP'PRP$ana",
"f": {"lang": "akk-x-neoass",
"form": "a-na",
"cf": "ana",
"gw": "to",
"sense": "to",
"norm": "ana",
"pos": "PRP",
"epos": "PRP"}
}
,
{
"node": "l",
"frag": "LUGAL",
"id": "P334368.l01c98",
"ref": "P334368.7.2",
"inst": "šarri[king]N",
"sig": "@saao/saa13%akk-x-neoass:LUGAL=šarru[king//king]N'N$šarri",
"f": {"lang": "akk-x-neoass",
"form": "LUGAL",
"cf": "šarru",
"gw": "king",
"sense": "king",
"norm": "šarri",
"pos": "N",
"epos": "N"}
}
,
{
"node": "l",
"frag": "be-li₂-ia",
"id": "P334368.l01c99",
"ref": "P334368.7.3",
"inst": "bēlīya[lord]N",
"sig": "@saao/saa13%akk-x-neoass:be-li₂-ia=bēlu[lord//lord]N'N$bēlīya",
"f": {"lang": "akk-x-neoass",
"form": "be-li₂-ia",
"cf": "bēlu",
"gw": "lord",
"sense": "lord",
"norm": "bēlīya",
"pos": "N",
"epos": "N"}
}
,
{
"node": "d",
"type": "line-start",
"ref": "P334368.8",
"n": "7",
"label": "o 7"}
,
{
"node": "l",
"frag": "lik-ru-bu",
"id": "P334368.l01c9a",
"ref": "P334368.8.1",
"inst": "likrubu[bless]V",
"sig": "@saao/saa13%akk-x-neoass:lik-ru-bu=karābu[pray//bless]V'V$likrubu",
"f": {"lang": "akk-x-neoass",
"form": "lik-ru-bu",
"cf": "karābu",
"gw": "pray",
"sense": "bless",
"norm": "likrubu",
"pos": "V",
"epos": "V"}
}
,
{
"node": "d",
"type": "line-start",
"ref": "P334368.9",
"n": "8",
"label": "o 8"}
,
{
"node": "l",
"frag": "41",
"id": "P334368.l01c9b",
"ref": "P334368.9.1",
"inst": "n",
"f": {"lang": "akk-x-neoass",
"form": "41",
"pos": "n"}
}
,
{
"node": "l",
"frag": "{[anše}KUR.RA]-MEŠ",
"id": "P334368.l01c9c",
"ref": "P334368.9.2",
"inst": "sissê[horse]N",
"sig": "@saao/saa13%akk-x-neoass:{ANŠE}KUR.RA-MEŠ=sisû[horse//horse]N'N$sissê",
"f": {"lang": "akk-x-neoass",
"form": "{ANŠE}KUR.RA-MEŠ",
"cf": "sisû",
"gw": "horse",
"sense": "horse",
"norm": "sissê",
"pos": "N",
"epos": "N"}
}
,
{
"node": "d",
"type": "line-start",
"ref": "P334368.10",
"n": "9",
"label": "o 9"}
,
{
"node": "l",
"frag": "{kur}ku-sa-a-a",
"id": "P334368.l01c9d",
"ref": "P334368.10.1",
"inst": "+Kusaya[Kushite]EN$",
"sig": "@saao/saa13%akk-x-neoass:{KUR}ku-sa-a-a=Kusaya[Kushite//Kushite]EN'EN$Kusaya",
"f": {"lang": "akk-x-neoass",
"form": "{KUR}ku-sa-a-a",
"cf": "Kusaya",
"gw": "Kushite",
"sense": "Kushite",
"norm": "Kusaya",
"pos": "EN",
"epos": "EN"}
}
,
{
"node": "d",
"type": "line-start",
"ref": "P334368.11",
"n": "10",
"label": "o 10"}
,
{
"node": "l",
"frag": "ša",
"id": "P334368.l01c9e",
"ref": "P334368.11.1",
"inst": "ša[of]DET",
"sig": "@saao/saa13%akk-x-neoass:ša=ša[of//of]DET'DET$ša",
"f": {"lang": "akk-x-neoass",
"form": "ša",
"cf": "ša",
"gw": "of",
"sense": "of",
"norm": "ša",
"pos": "DET",
"epos": "DET"}
}
,
{
"node": "l",
"frag": "{uru}[x",
"id": "P334368.l01c9f",
"ref": "P334368.11.2",
"inst": "u",
"f": {"lang": "akk-x-neoass",
"form": "{URU}x",
"pos": "u"}
}
,
{
"node": "l",
"frag": "x]+⸢x⸣-na",
"id": "P334368.l01ca0",
"ref": "P334368.11.3",
"inst": "u",
"f": {"lang": "akk-x-neoass",
"form": "x+x-na",
"pos": "u"}
}
,
{
"node": "d",
"type": "line-start",
"ref": "P334368.12",
"n": "11",
"label": "o 11"}
,
{
"node": "l",
"frag": "42",
"id": "P334368.l01ca1",
"ref": "P334368.12.1",
"inst": "n",
"f": {"lang": "akk-x-neoass",
"form": "42",
"pos": "n"}
}
,
{
"node": "l",
"frag": "KUR-MEŠ",
"id": "P334368.l01ca2",
"ref": "P334368.12.2",
"inst": "sissê[horse]N",
"sig": "@saao/saa13%akk-x-neoass:KUR-MEŠ=sisû[horse//horse]N'N$sissê",
"f": {"lang": "akk-x-neoass",
"form": "KUR-MEŠ",
"cf": "sisû",
"gw": "horse",
"sense": "horse",
"norm": "sissê",
"pos": "N",
"epos": "N"}
}
,
{
"node": "l",
"frag": "ša",
"id": "P334368.l01ca3",
"ref": "P334368.12.3",
"inst": "ša[of]DET",
"sig": "@saao/saa13%akk-x-neoass:ša=ša[of//of]DET'DET$ša",
"f": {"lang": "akk-x-neoass",
"form": "ša",
"cf": "ša",
"gw": "of",
"sense": "of",
"norm": "ša",
"pos": "DET",
"epos": "DET"}
}
,
{
"node": "l",
"frag": "BAD-HAL-li",
"id": "P334368.l01ca4",
"ref": "P334368.12.4",
"inst": "pēthalli[riding horse]N",
"sig": "@saao/saa13%akk-x-neoass:BAD-HAL-li=pēthallu[riding horse//riding horse]N'N$pēthalli",
"f": {"lang": "akk-x-neoass",
"form": "BAD-HAL-li",
"cf": "pēthallu",
"gw": "riding horse",
"sense": "riding horse",
"norm": "pēthalli",
"pos": "N",
"epos": "N"}
}
,
{
"node": "d",
"type": "line-start",
"ref": "P334368.13",
"n": "12",
"label": "o 12"}
,
{
"node": "l",
"frag": "05",
"id": "P334368.l01ca5",
"ref": "P334368.13.1",
"inst": "n",
"f": {"lang": "akk-x-neoass",
"form": "05",
"pos": "n"}
}
,
{
"node": "l",
"frag": "{anše}ku-din-MEŠ",
"id": "P334368.l01ca6",
"ref": "P334368.13.2",
"inst": "kūdinī[mule]N",
"sig": "@saao/saa13%akk-x-neoass:{ANŠE}ku-din-MEŠ=kūdanu[mule//mule]N'N$kūdinī",
"f": {"lang": "akk-x-neoass",
"form": "{ANŠE}ku-din-MEŠ",
"cf": "kūdanu",
"gw": "mule",
"sense": "mule",
"norm": "kūdinī",
"pos": "N",
"epos": "N"}
}
,
{
"node": "d",
"type": "line-start",
"ref": "P334368.14",
"n": "13",
"label": "o 13"}
,
{
"node": "l",
"frag": "PAB",
"id": "P334368.l01ca7",
"ref": "P334368.14.1",
"inst": "gimru[total]N",
"sig": "@saao/saa13%akk-x-neoass:PAB=gimru[totality//total]N'N$gimru",
"f": {"lang": "akk-x-neoass",
"form": "PAB",
"cf": "gimru",
"gw": "totality",
"sense": "total",
"norm": "gimru",
"pos": "N",
"epos": "N"}
}
,
{
"node": "l",
"frag": "47",
"id": "P334368.l01ca8",
"ref": "P334368.14.2",
"inst": "n",
"f": {"lang": "akk-x-neoass",
"form": "47",
"pos": "n"}
}
,
{
"node": "l",
"frag": "{uru}si-iʾ-me-e",
"id": "P334368.l01ca9",
"ref": "P334368.14.3",
"inst": "+Siʾimme[1]GN$",
"sig": "@saao/saa13%akk-x-neoass:{URU}si-iʾ-me-e=Siʾimme[1//1]GN'GN$Siʾimme",
"f": {"lang": "akk-x-neoass",
"form": "{URU}si-iʾ-me-e",
"cf": "Siʾimme",
"gw": "1",
"sense": "1",
"norm": "Siʾimme",
"pos": "GN",
"epos": "GN"}
}
,
{
"node": "d",
"subtype": "reverse",
"type": "surface",
"ref": "P334368.r.15",
"type": "reverse",
"label": "r"}
,
{
"node": "d",
"type": "line-start",
"ref": "P334368.16",
"n": "1",
"label": "r 1"}
,
{
"node": "l",
"frag": "07",
"id": "P334368.l01caa",
"ref": "P334368.16.1",
"inst": "n",
"f": {"lang": "akk-x-neoass",
"form": "07",
"pos": "n"}
}
,
{
"node": "l",
"frag": "KUR-MEŠ",
"id": "P334368.l01cab",
"ref": "P334368.16.2",
"inst": "sissê[horse]N",
"sig": "@saao/saa13%akk-x-neoass:KUR-MEŠ=sisû[horse//horse]N'N$sissê",
"f": {"lang": "akk-x-neoass",
"form": "KUR-MEŠ",
"cf": "sisû",
"gw": "horse",
"sense": "horse",
"norm": "sissê",
"pos": "N",
"epos": "N"}
}
,
{
"node": "l",
"frag": "ša",
"id": "P334368.l01cac",
"ref": "P334368.16.3",
"inst": "ša[of]DET",
"sig": "@saao/saa13%akk-x-neoass:ša=ša[of//of]DET'DET$ša",
"f": {"lang": "akk-x-neoass",
"form": "ša",
"cf": "ša",
"gw": "of",
"sense": "of",
"norm": "ša",
"pos": "DET",
"epos": "DET"}
}
,
{
"node": "l",
"frag": "BAD-HAL-li",
"id": "P334368.l01cad",
"ref": "P334368.16.4",
"inst": "pēthalli[riding horse]N",
"sig": "@saao/saa13%akk-x-neoass:BAD-HAL-li=pēthallu[riding horse//riding horse]N'N$pēthalli",
"f": {"lang": "akk-x-neoass",
"form": "BAD-HAL-li",
"cf": "pēthallu",
"gw": "riding horse",
"sense": "riding horse",
"norm": "pēthalli",
"pos": "N",
"epos": "N"}
}
,
{
"node": "d",
"type": "line-start",
"ref": "P334368.17",
"n": "2",
"label": "r 2"}
,
{
"node": "l",
"frag": "ša",
"id": "P334368.l01cae",
"ref": "P334368.17.1",
"inst": "ša[of]DET",
"sig": "@saao/saa13%akk-x-neoass:ša=ša[of//of]DET'DET$ša",
"f": {"lang": "akk-x-neoass",
"form": "ša",
"cf": "ša",
"gw": "of",
"sense": "of",
"norm": "ša",
"pos": "DET",
"epos": "DET"}
}
,
{
"node": "l",
"frag": "{uru}BAD₃-MAN-GIN",
"id": "P334368.l01caf",
"ref": "P334368.17.2",
"inst": "Dur-Šarruken[1]GN",
"sig": "@saao/saa13%akk-x-neoass:{URU}BAD₃-MAN-GIN=Dur-Šarruken[1//1]GN'GN$Dur-Šarruken",
"f": {"lang": "akk-x-neoass",
"form": "{URU}BAD₃-MAN-GIN",
"cf": "Dur-Šarruken",
"gw": "1",
"sense": "1",
"norm": "Dur-Šarruken",
"pos": "GN",
"epos": "GN"}
}
,
{
"node": "d",
"type": "line-start",
"ref": "P334368.18",
"n": "3",
"label": "r 3"}
,
{
"node": "l",
"frag": "PAB",
"id": "P334368.l01cb0",
"ref": "P334368.18.1",
"inst": "gimru[total]N",
"sig": "@saao/saa13%akk-x-neoass:PAB=gimru[totality//total]N'N$gimru",
"f": {"lang": "akk-x-neoass",
"form": "PAB",
"cf": "gimru",
"gw": "totality",
"sense": "total",
"norm": "gimru",
"pos": "N",
"epos": "N"}
}
,
{
"node": "l",
"frag": "41",
"id": "P334368.l01cb1",
"ref": "P334368.18.2",
"inst": "n",
"f": {"lang": "akk-x-neoass",
"form": "41",
"pos": "n"}
}
,
{
"node": "l",
"frag": "{anše}KUR.RA-MEŠ",
"id": "P334368.l01cb2",
"ref": "P334368.18.3",
"inst": "sissê[horse]N",
"sig": "@saao/saa13%akk-x-neoass:{ANŠE}KUR.RA-MEŠ=sisû[horse//horse]N'N$sissê",
"f": {"lang": "akk-x-neoass",
"form": "{ANŠE}KUR.RA-MEŠ",
"cf": "sisû",
"gw": "horse",
"sense": "horse",
"norm": "sissê",
"pos": "N",
"epos": "N"}
}
,
{
"node": "d",
"type": "line-start",
"ref": "P334368.19",
"n": "4",
"label": "r 4"}
,
{
"node": "l",
"frag": "{kur}ku-sa-a-a",
"id": "P334368.l01cb3",
"ref": "P334368.19.1",
"inst": "+Kusaya[Kushite]EN$",
"sig": "@saao/saa13%akk-x-neoass:{KUR}ku-sa-a-a=Kusaya[Kushite//Kushite]EN'EN$Kusaya",
"f": {"lang": "akk-x-neoass",
"form": "{KUR}ku-sa-a-a",
"cf": "Kusaya",
"gw": "Kushite",
"sense": "Kushite",
"norm": "Kusaya",
"pos": "EN",
"epos": "EN"}
}
,
{
"node": "d",
"type": "line-start",
"ref": "P334368.20",
"n": "5",
"label": "r 5"}
,
{
"node": "l",
"frag": "49",
"id": "P334368.l01cb4",
"ref": "P334368.20.1",
"inst": "n",
"f": {"lang": "akk-x-neoass",
"form": "49",
"pos": "n"}
}
,
{
"node": "l",
"frag": "KUR-MEŠ",
"id": "P334368.l01cb5",
"ref": "P334368.20.2",
"inst": "sissê[horse]N",
"sig": "@saao/saa13%akk-x-neoass:KUR-MEŠ=sisû[horse//horse]N'N$sissê",
"f": {"lang": "akk-x-neoass",
"form": "KUR-MEŠ",
"cf": "sisû",
"gw": "horse",
"sense": "horse",
"norm": "sissê",
"pos": "N",
"epos": "N"}
}
,
{
"node": "l",
"frag": "ša",
"id": "P334368.l01cb6",
"ref": "P334368.20.3",
"inst": "+ša[of]DET$",
"sig": "@saao/saa13%akk-x-neoass:ša=ša[of//of]DET'DET$ša",
"f": {"lang": "akk-x-neoass",
"form": "ša",
"cf": "ša",
"gw": "of",
"sense": "of",
"norm": "ša",
"pos": "DET",
"epos": "DET"}
}
,
{
"node": "l",
"frag": "BAD-HAL-li",
"id": "P334368.l01cb7",
"ref": "P334368.20.4",
"inst": "pēthalli[riding horse]N",
"sig": "@saao/saa13%akk-x-neoass:BAD-HAL-li=pēthallu[riding horse//riding horse]N'N$pēthalli",
"f": {"lang": "akk-x-neoass",
"form": "BAD-HAL-li",
"cf": "pēthallu",
"gw": "riding horse",
"sense": "riding horse",
"norm": "pēthalli",
"pos": "N",
"epos": "N"}
}
,
{
"node": "d",
"type": "line-start",
"ref": "P334368.21",
"n": "6",
"label": "r 6"}
,
{
"node": "l",
"frag": "PAB",
"id": "P334368.l01cb8",
"ref": "P334368.21.1",
"inst": "gimru[total]N",
"sig": "@saao/saa13%akk-x-neoass:PAB=gimru[totality//total]N'N$gimru",
"f": {"lang": "akk-x-neoass",
"form": "PAB",
"cf": "gimru",
"gw": "totality",
"sense": "total",
"norm": "gimru",
"pos": "N",
"epos": "N"}
}
,
{
"node": "l",
"frag": "90",
"id": "P334368.l01cb9",
"ref": "P334368.21.2",
"inst": "n",
"f": {"lang": "akk-x-neoass",
"form": "90",
"pos": "n"}
}
,
{
"node": "l",
"frag": "{anše}KUR.RA-MEŠ",
"id": "P334368.l01cba",
"ref": "P334368.21.3",
"inst": "sissê[horse]N",
"sig": "@saao/saa13%akk-x-neoass:{ANŠE}KUR.RA-MEŠ=sisû[horse//horse]N'N$sissê",
"f": {"lang": "akk-x-neoass",
"form": "{ANŠE}KUR.RA-MEŠ",
"cf": "sisû",
"gw": "horse",
"sense": "horse",
"norm": "sissê",
"pos": "N",
"epos": "N"}
}
,
{
"node": "d",
"type": "line-start",
"ref": "P334368.22",
"n": "7",
"label": "r 7"}
,
{
"node": "l",
"frag": "05",
"id": "P334368.l01cbb",
"ref": "P334368.22.1",
"inst": "n",
"f": {"lang": "akk-x-neoass",
"form": "05",
"pos": "n"}
}
,
{
"node": "l",
"frag": "{anše}ku-din-MEŠ",
"id": "P334368.l01cbc",
"ref": "P334368.22.2",
"inst": "kūdinī[mule]N",
"sig": "@saao/saa13%akk-x-neoass:{ANŠE}ku-din-MEŠ=kūdanu[mule//mule]N'N$kūdinī",
"f": {"lang": "akk-x-neoass",
"form": "{ANŠE}ku-din-MEŠ",
"cf": "kūdanu",
"gw": "mule",
"sense": "mule",
"norm": "kūdinī",
"pos": "N",
"epos": "N"}
}
,
{
"node": "d",
"type": "line-start",
"ref": "P334368.23",
"n": "8",
"label": "r 8"}
,
{
"node": "l",
"frag": "PAB",
"id": "P334368.l01cbd",
"ref": "P334368.23.1",
"inst": "gimru[total]N",
"sig": "@saao/saa13%akk-x-neoass:PAB=gimru[totality//total]N'N$gimru",
"f": {"lang": "akk-x-neoass",
"form": "PAB",
"cf": "gimru",
"gw": "totality",
"sense": "total",
"norm": "gimru",
"pos": "N",
"epos": "N"}
}
,
{
"node": "l",
"frag": "95",
"id": "P334368.l01cbe",
"ref": "P334368.23.2",
"inst": "n",
"f": {"lang": "akk-x-neoass",
"form": "95",
"pos": "n"}
}
,
{
"node": "l",
"frag": "KUR-MEŠ",
"id": "P334368.l01cbf",
"ref": "P334368.23.3",
"inst": "sissê[horse]N",
"sig": "@saao/saa13%akk-x-neoass:KUR-MEŠ=sisû[horse//horse]N'N$sissê",
"f": {"lang": "akk-x-neoass",
"form": "KUR-MEŠ",
"cf": "sisû",
"gw": "horse",
"sense": "horse",
"norm": "sissê",
"pos": "N",
"epos": "N"}
}
,
{
"node": "d",
"type": "line-start",
"ref": "P334368.24",
"n": "9",
"label": "r 9"}
,
{
"node": "l",
"frag": "{anše}ku-din-MEŠ",
"id": "P334368.l01cc0",
"ref": "P334368.24.1",
"inst": "kūdinī[mule]N",
"sig": "@saao/saa13%akk-x-neoass:{ANŠE}ku-din-MEŠ=kūdanu[mule//mule]N'N$kūdinī",
"f": {"lang": "akk-x-neoass",
"form": "{ANŠE}ku-din-MEŠ",
"cf": "kūdanu",
"gw": "mule",
"sense": "mule",
"norm": "kūdinī",
"pos": "N",
"epos": "N"}
}
,
{
"node": "d",
"type": "line-start",
"ref": "P334368.25",
"n": "10",
"label": "r 10"}
,
{
"node": "l",
"frag": "UD-mu",
"id": "P334368.l01cc1",
"ref": "P334368.25.1",
"inst": "ūmu[day]N",
"sig": "@saao/saa13%akk-x-neoass:UD-mu=ūmu[day//day]N'N$ūmu",
"f": {"lang": "akk-x-neoass",
"form": "UD-mu",
"cf": "ūmu",
"gw": "day",
"sense": "day",
"norm": "ūmu",
"pos": "N",
"epos": "N"}
}
,
{
"node": "l",
"frag": "an-ni-u₂",
"id": "P334368.l01cc2",
"ref": "P334368.25.2",
"inst": "annīu[this]DP",
"sig": "@saao/saa13%akk-x-neoass:an-ni-u₂=annû[this//this]DP'DP$annīu",
"f": {"lang": "akk-x-neoass",
"form": "an-ni-u₂",
"cf": "annû",
"gw": "this",
"sense": "this",
"norm": "annīu",
"pos": "DP",
"epos": "DP"}
}
,
{
"node": "d",
"type": "line-start",
"ref": "P334368.26",
"n": "11",
"label": "r 11"}
,
{
"node": "l",
"frag": "e-tar-bu-u₂-ni",
"id": "P334368.l01cc3",
"ref": "P334368.26.1",
"inst": "ētarbūni[enter]V",
"sig": "@saao/saa13%akk-x-neoass:e-tar-bu-u₂-ni=erēbu[enter//enter]V'V$ētarbūni",
"f": {"lang": "akk-x-neoass",
"form": "e-tar-bu-u₂-ni",
"cf": "erēbu",
"gw": "enter",
"sense": "enter",
"norm": "ētarbūni",
"pos": "V",
"epos": "V"}
}
]}
]}
]}
]}
