{
"type": "cdl",
  "source": "http://oracc.org/saao/saa13",
  "license": "This data is released under the CC0 license",
  "license-url": "https://creativecommons.org/publicdomain/zero/1.0/",
  "more-info": "http://oracc.org/doc/opendata/",
  "UTC-timestamp": "2017-05-19T11:46:27",
"project": "saao/saa13",
"textid": "P334603",
"cdl": [
{
"node": "c",
"type": "text",
"id": "P334603.U0",
"cdl": [
{
"node": "d",
"type": "object",
"ref": ""}
,
{
"node": "d",
"subtype": "obverse",
"type": "surface",
"ref": "P334603.o.1",
"type": "obverse",
"label": "o"}
,
{
"node": "c",
"type": "discourse",
"subtype": "body",
"id": "P334603.U1",
"cdl": [
{
"node": "c",
"type": "sentence",
"id": "P334603.U2",
"label": "o 1 - r 13",
"cdl": [
{
"node": "d",
"type": "line-start",
"ref": "P334603.2",
"n": "1",
"label": "o 1"}
,
{
"node": "l",
"frag": "[a-na",
"id": "P334603.l02c33",
"ref": "P334603.2.1",
"inst": "ana[to]PRP",
"sig": "@saao/saa13%akk-x-neoass:a-na=ana[to//to]PRP'PRP$ana",
"f": {"lang": "akk-x-neoass",
"form": "a-na",
"cf": "ana",
"gw": "to",
"sense": "to",
"norm": "ana",
"pos": "PRP",
"epos": "PRP"}
}
,
{
"node": "l",
"frag": "LUGAL",
"id": "P334603.l02c34",
"ref": "P334603.2.2",
"inst": "šarri[king]N",
"sig": "@saao/saa13%akk-x-neoass:LUGAL=šarru[king//king]N'N$šarri",
"f": {"lang": "akk-x-neoass",
"form": "LUGAL",
"cf": "šarru",
"gw": "king",
"sense": "king",
"norm": "šarri",
"pos": "N",
"epos": "N"}
}
,
{
"node": "l",
"frag": "EN-ia]",
"id": "P334603.l02c35",
"ref": "P334603.2.3",
"inst": "bēlīya[lord]N",
"sig": "@saao/saa13%akk-x-neoass:EN-ia=bēlu[lord//lord]N'N$bēlīya",
"f": {"lang": "akk-x-neoass",
"form": "EN-ia",
"cf": "bēlu",
"gw": "lord",
"sense": "lord",
"norm": "bēlīya",
"pos": "N",
"epos": "N"}
}
,
{
"node": "d",
"type": "line-start",
"ref": "P334603.3",
"n": "2",
"label": "o 2"}
,
{
"node": "l",
"frag": "[ARAD-ka",
"id": "P334603.l02c36",
"ref": "P334603.3.1",
"inst": "urdaka[servant]N",
"sig": "@saao/saa13%akk-x-neoass:ARAD-ka=ardu[slave//servant]N'N$urdaka",
"f": {"lang": "akk-x-neoass",
"form": "ARAD-ka",
"cf": "ardu",
"gw": "slave",
"sense": "servant",
"norm": "urdaka",
"pos": "N",
"epos": "N"}
}
,
{
"node": "l",
"frag": "{1}{d}AMAR.UTU-[x",
"id": "P334603.l02c37",
"ref": "P334603.3.2",
"inst": "u",
"f": {"lang": "akk-x-neoass",
"form": "{1}{d}AMAR.UTU-x",
"pos": "u"}
}
,
{
"node": "l",
"frag": "x]",
"id": "P334603.l02c38",
"ref": "P334603.3.3",
"inst": "u",
"f": {"lang": "akk-x-neoass",
"form": "x",
"pos": "u"}
}
,
{
"node": "d",
"type": "line-start",
"ref": "P334603.4",
"n": "3",
"label": "o 3"}
,
{
"node": "l",
"frag": "[lu",
"id": "P334603.l02c39",
"ref": "P334603.4.1",
"inst": "lū[may]MOD",
"sig": "@saao/saa13%akk-x-neoass:lu=lū[may//may]MOD'MOD$lū",
"f": {"lang": "akk-x-neoass",
"form": "lu",
"cf": "lū",
"gw": "may",
"sense": "may",
"norm": "lū",
"pos": "MOD",
"epos": "MOD"}
}
,
{
"node": "l",
"frag": "DI-mu]",
"id": "P334603.l02c3a",
"ref": "P334603.4.2",
"inst": "šulmu[health]N",
"sig": "@saao/saa13%akk-x-neoass:DI-mu=šulmu[completeness//health]N'N$šulmu",
"f": {"lang": "akk-x-neoass",
"form": "DI-mu",
"cf": "šulmu",
"gw": "completeness",
"sense": "health",
"norm": "šulmu",
"pos": "N",
"epos": "N"}
}
,
{
"node": "l",
"frag": "a-na",
"id": "P334603.l02c3b",
"ref": "P334603.4.3",
"inst": "ana[to]PRP",
"sig": "@saao/saa13%akk-x-neoass:a-na=ana[to//to]PRP'PRP$ana",
"f": {"lang": "akk-x-neoass",
"form": "a-na",
"cf": "ana",
"gw": "to",
"sense": "to",
"norm": "ana",
"pos": "PRP",
"epos": "PRP"}
}
,
{
"node": "l",
"frag": "⸢LUGAL⸣",
"id": "P334603.l02c3c",
"ref": "P334603.4.4",
"inst": "šarri[king]N",
"sig": "@saao/saa13%akk-x-neoass:LUGAL=šarru[king//king]N'N$šarri",
"f": {"lang": "akk-x-neoass",
"form": "LUGAL",
"cf": "šarru",
"gw": "king",
"sense": "king",
"norm": "šarri",
"pos": "N",
"epos": "N"}
}
,
{
"node": "l",
"frag": "[EN-ia]",
"id": "P334603.l02c3d",
"ref": "P334603.4.5",
"inst": "bēlīya[lord]N",
"sig": "@saao/saa13%akk-x-neoass:EN-ia=bēlu[lord//lord]N'N$bēlīya",
"f": {"lang": "akk-x-neoass",
"form": "EN-ia",
"cf": "bēlu",
"gw": "lord",
"sense": "lord",
"norm": "bēlīya",
"pos": "N",
"epos": "N"}
}
,
{
"node": "d",
"type": "line-start",
"ref": "P334603.5",
"n": "4",
"label": "o 4"}
,
{
"node": "l",
"frag": "[aš-šur",
"id": "P334603.l02c3e",
"ref": "P334603.5.1",
"inst": "Aššur[1]DN",
"sig": "@saao/saa13%akk-x-neoass:aš-šur=Aššur[1//1]DN'DN$Aššur",
"f": {"lang": "akk-x-neoass",
"form": "aš-šur",
"cf": "Aššur",
"gw": "1",
"sense": "1",
"norm": "Aššur",
"pos": "DN",
"epos": "DN"}
}
,
{
"node": "l",
"frag": "{d]}30",
"id": "P334603.l02c3f",
"ref": "P334603.5.2",
"inst": "Sin[1]DN",
"sig": "@saao/saa13%akk-x-neoass:{d}30=Sin[1//1]DN'DN$Sin",
"f": {"lang": "akk-x-neoass",
"form": "{d}30",
"cf": "Sin",
"gw": "1",
"sense": "1",
"norm": "Sin",
"pos": "DN",
"epos": "DN"}
}
,
{
"node": "l",
"frag": "{⸢d⸣}[UTU]",
"id": "P334603.l02c40",
"ref": "P334603.5.3",
"inst": "Šamaš[1]DN",
"sig": "@saao/saa13%akk-x-neoass:{d}UTU=Šamaš[1//1]DN'DN$Šamaš",
"f": {"lang": "akk-x-neoass",
"form": "{d}UTU",
"cf": "Šamaš",
"gw": "1",
"sense": "1",
"norm": "Šamaš",
"pos": "DN",
"epos": "DN"}
}
,
{
"node": "d",
"type": "line-start",
"ref": "P334603.6",
"n": "5",
"label": "o 5"}
,
{
"node": "l",
"frag": "{[d}PA",
"id": "P334603.l02c41",
"ref": "P334603.6.1",
"inst": "Nabu[1]DN",
"sig": "@saao/saa13%akk-x-neoass:{d}PA=Nabu[1//1]DN'DN$Nabu",
"f": {"lang": "akk-x-neoass",
"form": "{d}PA",
"cf": "Nabu",
"gw": "1",
"sense": "1",
"norm": "Nabu",
"pos": "DN",
"epos": "DN"}
}
,
{
"node": "l",
"frag": "{d]}⸢AMAR⸣.[UTU]",
"id": "P334603.l02c42",
"ref": "P334603.6.2",
"inst": "Marduk[1]DN",
"sig": "@saao/saa13%akk-x-neoass:{d}AMAR.UTU=Marduk[1//1]DN'DN$Marduk",
"f": {"lang": "akk-x-neoass",
"form": "{d}AMAR.UTU",
"cf": "Marduk",
"gw": "1",
"sense": "1",
"norm": "Marduk",
"pos": "DN",
"epos": "DN"}
}
,
{
"node": "d",
"type": "line-start",
"ref": "P334603.7",
"n": "6",
"label": "o 6"}
,
{
"node": "l",
"frag": "a-na",
"id": "P334603.l02c43",
"ref": "P334603.7.1",
"inst": "ana[to]PRP",
"sig": "@saao/saa13%akk-x-neoass:a-na=ana[to//to]PRP'PRP$ana",
"f": {"lang": "akk-x-neoass",
"form": "a-na",
"cf": "ana",
"gw": "to",
"sense": "to",
"norm": "ana",
"pos": "PRP",
"epos": "PRP"}
}
,
{
"node": "l",
"frag": "LUGAL",
"id": "P334603.l02c44",
"ref": "P334603.7.2",
"inst": "šarri[king]N",
"sig": "@saao/saa13%akk-x-neoass:LUGAL=šarru[king//king]N'N$šarri",
"f": {"lang": "akk-x-neoass",
"form": "LUGAL",
"cf": "šarru",
"gw": "king",
"sense": "king",
"norm": "šarri",
"pos": "N",
"epos": "N"}
}
,
{
"node": "l",
"frag": "[EN-ia]",
"id": "P334603.l02c45",
"ref": "P334603.7.3",
"inst": "bēlīya[lord]N",
"sig": "@saao/saa13%akk-x-neoass:EN-ia=bēlu[lord//lord]N'N$bēlīya",
"f": {"lang": "akk-x-neoass",
"form": "EN-ia",
"cf": "bēlu",
"gw": "lord",
"sense": "lord",
"norm": "bēlīya",
"pos": "N",
"epos": "N"}
}
,
{
"node": "d",
"type": "line-start",
"ref": "P334603.8",
"n": "7",
"label": "o 7"}
,
{
"node": "l",
"frag": "a-dan-niš",
"id": "P334603.l02c46",
"ref": "P334603.8.1",
"inst": "adanniš[very much]AV",
"sig": "@saao/saa13%akk-x-neoass:a-dan-niš=adanniš[very much//very much]AV'AV$adanniš",
"f": {"lang": "akk-x-neoass",
"form": "a-dan-niš",
"cf": "adanniš",
"gw": "very much",
"sense": "very much",
"norm": "adanniš",
"pos": "AV",
"epos": "AV"}
}
,
{
"node": "l",
"frag": "lik-ru-bu",
"id": "P334603.l02c47",
"ref": "P334603.8.2",
"inst": "likrubu[bless]V",
"sig": "@saao/saa13%akk-x-neoass:lik-ru-bu=karābu[pray//bless]V'V$likrubu",
"f": {"lang": "akk-x-neoass",
"form": "lik-ru-bu",
"cf": "karābu",
"gw": "pray",
"sense": "bless",
"norm": "likrubu",
"pos": "V",
"epos": "V"}
}
,
{
"node": "d",
"type": "line-start",
"ref": "P334603.9",
"n": "8",
"label": "o 8"}
,
{
"node": "l",
"frag": "LUGAL",
"id": "P334603.l02c48",
"ref": "P334603.9.1",
"inst": "šarru[king]N",
"sig": "@saao/saa13%akk-x-neoass:LUGAL=šarru[king//king]N'N$šarri",
"f": {"lang": "akk-x-neoass",
"form": "LUGAL",
"cf": "šarru",
"gw": "king",
"sense": "king",
"norm": "šarri",
"pos": "N",
"epos": "N"}
}
,
{
"node": "l",
"frag": "be-li₂",
"id": "P334603.l02c49",
"ref": "P334603.9.2",
"inst": "bēlī[lord]N",
"sig": "@saao/saa13%akk-x-neoass:be-li₂=bēlu[lord//lord]N'N$bēlī",
"f": {"lang": "akk-x-neoass",
"form": "be-li₂",
"cf": "bēlu",
"gw": "lord",
"sense": "lord",
"norm": "bēlī",
"pos": "N",
"epos": "N"}
}
,
{
"node": "l",
"frag": "u₂-⸢da⸣",
"id": "P334603.l02c4a",
"ref": "P334603.9.3",
"inst": "ūda[know]V",
"sig": "@saao/saa13%akk-x-neoass:u₂-da=wadû[know//know]V'V$ūda",
"f": {"lang": "akk-x-neoass",
"form": "u₂-da",
"cf": "wadû",
"gw": "know",
"sense": "know",
"norm": "ūda",
"pos": "V",
"epos": "V"}
}
,
{
"node": "d",
"type": "line-start",
"ref": "P334603.10",
"n": "9",
"label": "o 9"}
,
{
"node": "l",
"frag": "ki-i",
"id": "P334603.l02c4b",
"ref": "P334603.10.1",
"inst": "kî[that]'SBJ",
"sig": "@saao/saa13%akk-x-neoass:ki-i=kī[like//that]PRP'SBJ$kî",
"f": {"lang": "akk-x-neoass",
"form": "ki-i",
"cf": "kī",
"gw": "like",
"sense": "that",
"norm": "kî",
"pos": "PRP",
"epos": "SBJ"}
}
,
{
"node": "l",
"frag": "{d}15",
"id": "P334603.l02c4c",
"ref": "P334603.10.2",
"inst": "Issar[1]DN",
"sig": "@saao/saa13%akk-x-neoass:{d}15=Ištar[1//1]DN'DN$Issar",
"f": {"lang": "akk-x-neoass",
"form": "{d}15",
"cf": "Ištar",
"gw": "1",
"sense": "1",
"norm": "Issar",
"pos": "DN",
"epos": "DN"}
}
,
{
"node": "l",
"frag": "ša₂",
"id": "P334603.l02c4d",
"ref": "P334603.10.3",
"inst": "ša[of]DET",
"sig": "@saao/saa13%akk-x-neoass:ša₂=ša[of//of]DET'DET$ša",
"f": {"lang": "akk-x-neoass",
"form": "ša₂",
"cf": "ša",
"gw": "of",
"sense": "of",
"norm": "ša",
"pos": "DET",
"epos": "DET"}
}
,
{
"node": "l",
"frag": "{uru}arba-il₃",
"id": "P334603.l02c4e",
"ref": "P334603.10.4",
"inst": "Arbail[Arbela]GN",
"sig": "@saao/saa13%akk-x-neoass:{URU}arba-il₃=Arbail[Arbela//Arbela]GN'GN$Arbail",
"f": {"lang": "akk-x-neoass",
"form": "{URU}arba-il₃",
"cf": "Arbail",
"gw": "Arbela",
"sense": "Arbela",
"norm": "Arbail",
"pos": "GN",
"epos": "GN"}
}
,
{
"node": "d",
"type": "line-start",
"ref": "P334603.11",
"n": "10",
"label": "o 10"}
,
{
"node": "l",
"frag": "dan-na-at-u₂-ni",
"id": "P334603.l02c4f",
"ref": "P334603.11.1",
"inst": "+dannu[strong]AJ$dannatūni",
"sig": "@saao/saa13%akk-x-neoass:dan-na-at-u₂-ni=dannu[strong//strong]AJ'AJ$dannatūni",
"f": {"lang": "akk-x-neoass",
"form": "dan-na-at-u₂-ni",
"cf": "dannu",
"gw": "strong",
"sense": "strong",
"norm": "dannatūni",
"pos": "AJ",
"epos": "AJ"}
}
,
{
"node": "d",
"type": "line-start",
"ref": "P334603.12",
"n": "11",
"label": "o 11"}
,
{
"node": "l",
"frag": "qa-ri-tu",
"id": "P334603.l02c50",
"ref": "P334603.12.1",
"inst": "+qerītu[banquet]N$qarītu",
"sig": "@saao/saa13%akk-x-neoass:qa-ri-tu=qerītu[banquet//banquet]N'N$qarītu",
"f": {"lang": "akk-x-neoass",
"form": "qa-ri-tu",
"cf": "qerītu",
"gw": "banquet",
"sense": "banquet",
"norm": "qarītu",
"pos": "N",
"epos": "N"}
}
,
{
"node": "l",
"frag": "ina",
"id": "P334603.l02c51",
"ref": "P334603.12.2",
"inst": "ina[in]PRP",
"sig": "@saao/saa13%akk-x-neoass:ina=ina[in//in]PRP'PRP$ina",
"f": {"lang": "akk-x-neoass",
"form": "ina",
"cf": "ina",
"gw": "in",
"sense": "in",
"norm": "ina",
"pos": "PRP",
"epos": "PRP"}
}
,
{
"node": "l",
"frag": "{uru}arba-il₃",
"id": "P334603.l02c52",
"ref": "P334603.12.3",
"inst": "Arbail[Arbela]GN",
"sig": "@saao/saa13%akk-x-neoass:{URU}arba-il₃=Arbail[Arbela//Arbela]GN'GN$Arbail",
"f": {"lang": "akk-x-neoass",
"form": "{URU}arba-il₃",
"cf": "Arbail",
"gw": "Arbela",
"sense": "Arbela",
"norm": "Arbail",
"pos": "GN",
"epos": "GN"}
}
,
{
"node": "d",
"type": "line-start",
"ref": "P334603.13",
"n": "12",
"label": "o 12"}
,
{
"node": "l",
"frag": "te-ta-li-a",
"id": "P334603.l02c53",
"ref": "P334603.13.1",
"inst": "+elû[go up]V$tētalia",
"sig": "@saao/saa13%akk-x-neoass:te-ta-li-a=elû[go up//go up]V'V$tētalia",
"f": {"lang": "akk-x-neoass",
"form": "te-ta-li-a",
"cf": "elû",
"gw": "go up",
"sense": "go up",
"norm": "tētalia",
"pos": "V",
"epos": "V"}
}
,
{
"node": "d",
"type": "line-start",
"ref": "P334603.14",
"n": "13",
"label": "o 13"}
,
{
"node": "l",
"frag": "a-na",
"id": "P334603.l02c54",
"ref": "P334603.14.1",
"inst": "ana[for]PRP",
"sig": "@saao/saa13%akk-x-neoass:a-na=ana[to//for]PRP'PRP$ana",
"f": {"lang": "akk-x-neoass",
"form": "a-na",
"cf": "ana",
"gw": "to",
"sense": "for",
"norm": "ana",
"pos": "PRP",
"epos": "PRP"}
}
,
{
"node": "c",
"type": "phrase",
"tag": "phr",
"id": "P334603.U4",
"ref": "P334603.ls00000",
"cdl": [
{
"node": "l",
"frag": "{lu₂}GAL-da-ni-bat",
"id": "P334603.l02c55",
"ref": "P334603.14.2",
"cof-tails": "P334603.l02c56",
"inst": "rab[big one]N&danībāt[victualler]N",
"exosig": "@saao/saa13%akk-x-neoass:{LU₂}GAL-da-ni-bat=rabû[big one//big one]N'N$rab&&@saao%akk-x-neoass:=danību[victualler//victualler]N'N$danībāt",
"f": {"lang": "akk-x-neoass",
"form": "{LU₂}GAL-da-ni-bat",
"cf": "rabû",
"gw": "big one",
"sense": "big one",
"norm": "rab",
"pos": "N",
"epos": "N"}
}
,
{
"node": "l",
"frag": "{lu₂}GAL-da-ni-bat",
"id": "P334603.l02c56",
"ref": "P334603.14.2",
"cof-head": "P334603.l02c55",
"inst": "rab[big one]N&danībāt[victualler]N",
"tail-sig": "@saao%akk-x-neoass:=danību[victualler//victualler]N'N$danībāt",
"f": {"lang": "akk-x-neoass",
"form": "{LU₂}GAL-da-ni-bat",
"cf": "danību",
"gw": "victualler",
"sense": "victualler",
"norm": "danībāt",
"pos": "N",
"epos": "N"}
}
]}
,
{
"node": "d",
"type": "line-start",
"ref": "P334603.15",
"n": "14",
"label": "o 14"}
,
{
"node": "l",
"frag": "{anše}KUR.RA",
"id": "P334603.l02c57",
"ref": "P334603.15.1",
"inst": "sissû[horse]N",
"sig": "@saao/saa13%akk-x-neoass:{ANŠE}KUR.RA=sisû[horse//horse]N'N$sissû",
"f": {"lang": "akk-x-neoass",
"form": "{ANŠE}KUR.RA",
"cf": "sisû",
"gw": "horse",
"sense": "horse",
"norm": "sissû",
"pos": "N",
"epos": "N"}
}
,
{
"node": "l",
"frag": "u₂-ka-la",
"id": "P334603.l02c58",
"ref": "P334603.15.2",
"inst": "ukâlla[hold]V",
"sig": "@saao/saa13%akk-x-neoass:u₂-ka-la=kullu[hold//hold]V'V$ukâlla",
"f": {"lang": "akk-x-neoass",
"form": "u₂-ka-la",
"cf": "kullu",
"gw": "hold",
"sense": "hold",
"norm": "ukâlla",
"pos": "V",
"epos": "V"}
}
,
{
"node": "d",
"type": "line-start",
"ref": "P334603.16",
"n": "15",
"label": "o 15"}
,
{
"node": "l",
"frag": "⸢la⸣",
"id": "P334603.l02c59",
"ref": "P334603.16.1",
"inst": "lā[not]MOD",
"sig": "@saao/saa13%akk-x-neoass:la=lā[not//not]MOD'MOD$lā",
"f": {"lang": "akk-x-neoass",
"form": "la",
"cf": "lā",
"gw": "not",
"sense": "not",
"norm": "lā",
"pos": "MOD",
"epos": "MOD"}
}
,
{
"node": "l",
"frag": "im-ma-gur₂",
"id": "P334603.l02c5a",
"ref": "P334603.16.2",
"inst": "immaggur[agree]V",
"sig": "@saao/saa13%akk-x-neoass:im-ma-gur₂=magāru[consent//agree]V'V$immaggur",
"f": {"lang": "akk-x-neoass",
"form": "im-ma-gur₂",
"cf": "magāru",
"gw": "consent",
"sense": "agree",
"norm": "immaggur",
"pos": "V",
"epos": "V"}
}
,
{
"node": "d",
"type": "line-start",
"ref": "P334603.17",
"n": "16",
"label": "o 16"}
,
{
"node": "l",
"frag": "[la]",
"id": "P334603.l02c5b",
"ref": "P334603.17.1",
"inst": "lā[not]MOD",
"sig": "@saao/saa13%akk-x-neoass:la=lā[not//not]MOD'MOD$lā",
"f": {"lang": "akk-x-neoass",
"form": "la",
"cf": "lā",
"gw": "not",
"sense": "not",
"norm": "lā",
"pos": "MOD",
"epos": "MOD"}
}
,
{
"node": "l",
"frag": "⸢i⸣-ma-har-an-ni",
"id": "P334603.l02c5c",
"ref": "P334603.17.2",
"inst": "+mahāru[face//receive]V'V$imahharanni",
"sig": "@saao/saa13%akk-x-neoass:i-ma-har-an-ni=mahāru[face//receive]V'V$imahharanni",
"f": {"lang": "akk-x-neoass",
"form": "i-ma-har-an-ni",
"cf": "mahāru",
"gw": "face",
"sense": "receive",
"norm": "imahharanni",
"pos": "V",
"epos": "V"}
}
,
{
"node": "d",
"subtype": "bottom",
"type": "surface",
"ref": "P334603.b.e..18",
"type": "bottom",
"label": "b.e."}
,
{
"node": "d",
"type": "line-start",
"ref": "P334603.19",
"n": "17",
"label": "b.e. 17"}
,
{
"node": "l",
"frag": "[la",
"id": "P334603.l02c5d",
"ref": "P334603.19.1",
"inst": "lā[not]MOD",
"sig": "@saao/saa13%akk-x-neoass:la=lā[not//not]MOD'MOD$lā",
"f": {"lang": "akk-x-neoass",
"form": "la",
"cf": "lā",
"gw": "not",
"sense": "not",
"norm": "lā",
"pos": "MOD",
"epos": "MOD"}
}
,
{
"node": "l",
"frag": "u₂-še]-taq-an-ni",
"id": "P334603.l02c5e",
"ref": "P334603.19.2",
"inst": "+etēqu[proceed//pass]V'V$ušettaqanni",
"sig": "@saao/saa13%akk-x-neoass:u₂-še-taq-an-ni=etēqu[proceed//pass]V'V$ušettaqanni",
"f": {"lang": "akk-x-neoass",
"form": "u₂-še-taq-an-ni",
"cf": "etēqu",
"gw": "proceed",
"sense": "pass",
"norm": "ušettaqanni",
"pos": "V",
"epos": "V"}
}
,
{
"node": "d",
"subtype": "reverse",
"type": "surface",
"ref": "P334603.r.20",
"type": "reverse",
"label": "r"}
,
{
"node": "d",
"type": "line-start",
"ref": "P334603.21",
"n": "1",
"label": "r 1"}
,
{
"node": "l",
"frag": "[x",
"id": "P334603.l02c5f",
"ref": "P334603.21.1",
"inst": "u",
"f": {"lang": "akk-x-neoass",
"form": "x",
"pos": "u"}
}
,
{
"node": "l",
"frag": "x]",
"id": "P334603.l02c60",
"ref": "P334603.21.2",
"inst": "u",
"f": {"lang": "akk-x-neoass",
"form": "x",
"pos": "u"}
}
,
{
"node": "l",
"frag": "ina",
"id": "P334603.l02c61",
"ref": "P334603.21.3",
"inst": "+ina[in+=on account of]PRP$",
"sig": "@saao/saa13%akk-x-neoass:ina=ina[in//in]PRP'PRP$ina",
"f": {"lang": "akk-x-neoass",
"form": "ina",
"cf": "ina",
"gw": "in",
"sense": "in",
"norm": "ina",
"pos": "PRP",
"epos": "PRP"}
}
,
{
"node": "l",
"frag": "UGU-hi",
"id": "P334603.l02c62",
"ref": "P334603.21.4",
"inst": "+muhhu[skull]N$muhhi",
"sig": "@saao/saa13%akk-x-neoass:UGU-hi=muhhu[skull//skull]N'N$muhhi",
"f": {"lang": "akk-x-neoass",
"form": "UGU-hi",
"cf": "muhhu",
"gw": "skull",
"sense": "skull",
"norm": "muhhi",
"pos": "N",
"epos": "N"}
}
,
{
"node": "l",
"frag": "e-te-qi",
"id": "P334603.l02c63",
"ref": "P334603.21.5",
"inst": "+etēqu[proceed//pass]V'V$ettēqi",
"sig": "@saao/saa13%akk-x-neoass:e-te-qi=etēqu[proceed//pass]V'V$ettēqi",
"f": {"lang": "akk-x-neoass",
"form": "e-te-qi",
"cf": "etēqu",
"gw": "proceed",
"sense": "pass",
"norm": "ettēqi",
"pos": "V",
"epos": "V"}
}
,
{
"node": "d",
"type": "line-start",
"ref": "P334603.22",
"n": "2",
"label": "r 2"}
,
{
"node": "l",
"frag": "{anše}KUR.RA",
"id": "P334603.l02c64",
"ref": "P334603.22.1",
"inst": "sissû[horse]N",
"sig": "@saao/saa13%akk-x-neoass:{ANŠE}KUR.RA=sisû[horse//horse]N'N$sissû",
"f": {"lang": "akk-x-neoass",
"form": "{ANŠE}KUR.RA",
"cf": "sisû",
"gw": "horse",
"sense": "horse",
"norm": "sissû",
"pos": "N",
"epos": "N"}
}
,
{
"node": "l",
"frag": "ina",
"id": "P334603.l02c65",
"ref": "P334603.22.2",
"inst": "ina[from]PRP",
"sig": "@saao/saa13%akk-x-neoass:ina=ina[in//from]PRP'PRP$ina",
"f": {"lang": "akk-x-neoass",
"form": "ina",
"cf": "ina",
"gw": "in",
"sense": "from",
"norm": "ina",
"pos": "PRP",
"epos": "PRP"}
}
,
{
"node": "l",
"frag": "E₂.GAL",
"id": "P334603.l02c66",
"ref": "P334603.22.3",
"inst": "ēkalli[palace]N",
"sig": "@saao/saa13%akk-x-neoass:E₂.GAL=ēkallu[palace//palace]N'N$ēkalli",
"f": {"lang": "akk-x-neoass",
"form": "E₂.GAL",
"cf": "ēkallu",
"gw": "palace",
"sense": "palace",
"norm": "ēkalli",
"pos": "N",
"epos": "N"}
}
,
{
"node": "d",
"type": "line-start",
"ref": "P334603.23",
"n": "3",
"label": "r 3"}
,
{
"node": "l",
"frag": "liš-ši-u₂",
"id": "P334603.l02c67",
"ref": "P334603.23.1",
"inst": "liššiu[take]V",
"sig": "@saao/saa13%akk-x-neoass:liš-ši-u₂=našû[lift//take]V'V$liššiu",
"f": {"lang": "akk-x-neoass",
"form": "liš-ši-u₂",
"cf": "našû",
"gw": "lift",
"sense": "take",
"norm": "liššiu",
"pos": "V",
"epos": "V"}
}
,
{
"node": "d",
"type": "line-start",
"ref": "P334603.24",
"n": "4",
"label": "r 4"}
,
{
"node": "l",
"frag": "un-qu",
"id": "P334603.l02c68",
"ref": "P334603.24.1",
"inst": "unqu[sealed royal order]N",
"sig": "@saao/saa13%akk-x-neoass:un-qu=unqu[ring//sealed royal order]N'N$unqu",
"f": {"lang": "akk-x-neoass",
"form": "un-qu",
"cf": "unqu",
"gw": "ring",
"sense": "sealed royal order",
"norm": "unqu",
"pos": "N",
"epos": "N"}
}
,
{
"node": "l",
"frag": "ina",
"id": "P334603.l02c69",
"ref": "P334603.24.2",
"inst": "+ina[in+=concerning]PRP$",
"sig": "@saao/saa13%akk-x-neoass:ina=ina[in//in]PRP'PRP$ina",
"f": {"lang": "akk-x-neoass",
"form": "ina",
"cf": "ina",
"gw": "in",
"sense": "in",
"norm": "ina",
"pos": "PRP",
"epos": "PRP"}
}
,
{
"node": "l",
"frag": "UGU",
"id": "P334603.l02c6a",
"ref": "P334603.24.3",
"inst": "+muhhu[skull]N$muhhi",
"sig": "@saao/saa13%akk-x-neoass:UGU=muhhu[skull//skull]N'N$muhhi",
"f": {"lang": "akk-x-neoass",
"form": "UGU",
"cf": "muhhu",
"gw": "skull",
"sense": "skull",
"norm": "muhhi",
"pos": "N",
"epos": "N"}
}
,
{
"node": "c",
"type": "phrase",
"tag": "phr",
"id": "P334603.U5",
"ref": "P334603.ls00001",
"cdl": [
{
"node": "l",
"frag": "{lu₂}GAL-da-ni-bat",
"id": "P334603.l02c6b",
"ref": "P334603.24.4",
"cof-tails": "P334603.l02c6c",
"inst": "rab[big one]N&danībāt[victualler]N",
"exosig": "@saao/saa13%akk-x-neoass:{LU₂}GAL-da-ni-bat=rabû[big one//big one]N'N$rab&&@saao%akk-x-neoass:=danību[victualler//victualler]N'N$danībāt",
"f": {"lang": "akk-x-neoass",
"form": "{LU₂}GAL-da-ni-bat",
"cf": "rabû",
"gw": "big one",
"sense": "big one",
"norm": "rab",
"pos": "N",
"epos": "N"}
}
,
{
"node": "l",
"frag": "{lu₂}GAL-da-ni-bat",
"id": "P334603.l02c6c",
"ref": "P334603.24.4",
"cof-head": "P334603.l02c6b",
"inst": "rab[big one]N&danībāt[victualler]N",
"tail-sig": "@saao%akk-x-neoass:=danību[victualler//victualler]N'N$danībāt",
"f": {"lang": "akk-x-neoass",
"form": "{LU₂}GAL-da-ni-bat",
"cf": "danību",
"gw": "victualler",
"sense": "victualler",
"norm": "danībāt",
"pos": "N",
"epos": "N"}
}
]}
,
{
"node": "d",
"type": "line-start",
"ref": "P334603.25",
"n": "5",
"label": "r 5"}
,
{
"node": "l",
"frag": "lid-di-nu-u-ni",
"id": "P334603.l02c6d",
"ref": "P334603.25.1",
"inst": "liddinūni[give]V",
"sig": "@saao/saa13%akk-x-neoass:lid-di-nu-u-ni=tadānu[give//give]V'V$liddinūni",
"f": {"lang": "akk-x-neoass",
"form": "lid-di-nu-u-ni",
"cf": "tadānu",
"gw": "give",
"sense": "give",
"norm": "liddinūni",
"pos": "V",
"epos": "V"}
}
,
{
"node": "d",
"type": "line-start",
"ref": "P334603.26",
"n": "6",
"label": "r 6"}
,
{
"node": "l",
"frag": "lih-mu",
"id": "P334603.l02c6e",
"ref": "P334603.26.1",
"inst": "+lihmu[(meaning uncertain)]N$",
"sig": "@saao/saa13%akk-x-neoass:lih-mu=lihmu[(meaning uncertain)//(meaning uncertain)]N'N$lihmu",
"f": {"lang": "akk-x-neoass",
"form": "lih-mu",
"cf": "lihmu",
"gw": "(meaning uncertain)",
"sense": "(meaning uncertain)",
"norm": "lihmu",
"pos": "N",
"epos": "N"}
}
,
{
"node": "l",
"frag": "lid-di-na",
"id": "P334603.l02c6f",
"ref": "P334603.26.2",
"inst": "liddina[give]V",
"sig": "@saao/saa13%akk-x-neoass:lid-di-na=tadānu[give//give]V'V$liddina",
"f": {"lang": "akk-x-neoass",
"form": "lid-di-na",
"cf": "tadānu",
"gw": "give",
"sense": "give",
"norm": "liddina",
"pos": "V",
"epos": "V"}
}
,
{
"node": "d",
"type": "line-start",
"ref": "P334603.27",
"n": "7",
"label": "r 7"}
,
{
"node": "l",
"frag": "ku-um",
"id": "P334603.l02c70",
"ref": "P334603.27.1",
"inst": "kūm[lest]SBJ",
"sig": "@saao/saa13%akk-x-neoass:ku-um=kūm[instead of//lest]PRP'SBJ$kūm",
"f": {"lang": "akk-x-neoass",
"form": "ku-um",
"cf": "kūm",
"gw": "instead of",
"sense": "lest",
"norm": "kūm",
"pos": "PRP",
"epos": "SBJ"}
}
,
{
"node": "l",
"frag": "{d}15",
"id": "P334603.l02c71",
"ref": "P334603.27.2",
"inst": "Issar[1]DN",
"sig": "@saao/saa13%akk-x-neoass:{d}15=Ištar[1//1]DN'DN$Issar",
"f": {"lang": "akk-x-neoass",
"form": "{d}15",
"cf": "Ištar",
"gw": "1",
"sense": "1",
"norm": "Issar",
"pos": "DN",
"epos": "DN"}
}
,
{
"node": "d",
"type": "line-start",
"ref": "P334603.28",
"n": "8",
"label": "r 8"}
,
{
"node": "l",
"frag": "ta-du-kan-ni-ni",
"id": "P334603.l02c72",
"ref": "P334603.28.1",
"inst": "+dâku[kill]V$taddūkannīni",
"sig": "@saao/saa13%akk-x-neoass:ta-du-kan-ni-ni=dâku[kill//kill]V'V$taddūkannīni",
"f": {"lang": "akk-x-neoass",
"form": "ta-du-kan-ni-ni",
"cf": "dâku",
"gw": "kill",
"sense": "kill",
"norm": "taddūkannīni",
"pos": "V",
"epos": "V"}
}
,
{
"node": "d",
"type": "line-start",
"ref": "P334603.29",
"n": "9",
"label": "r 9"}
,
{
"node": "l",
"frag": "⸢TA@v⸣",
"id": "P334603.l02c73",
"ref": "P334603.29.1",
"inst": "issu[from]PRP",
"exosig": "@saao/saa13%akk-x-neoass:TA@v=ištu[from//from]PRP'PRP$issu",
"f": {"lang": "akk-x-neoass",
"form": "TA@v",
"cf": "ištu",
"gw": "from",
"sense": "from",
"norm": "issu",
"pos": "PRP",
"epos": "PRP"}
}
,
{
"node": "l",
"frag": "ŠU.2",
"id": "P334603.l02c74",
"ref": "P334603.29.2",
"inst": "qātē[hand]N",
"sig": "@saao/saa13%akk-x-neoass:ŠU.2=qātu[hand//hand]N'N$qātē",
"f": {"lang": "akk-x-neoass",
"form": "ŠU.2",
"cf": "qātu",
"gw": "hand",
"sense": "hand",
"norm": "qātē",
"pos": "N",
"epos": "N"}
}
,
{
"node": "l",
"frag": "LUGAL",
"id": "P334603.l02c75",
"ref": "P334603.29.3",
"inst": "šarri[king]N",
"sig": "@saao/saa13%akk-x-neoass:LUGAL=šarru[king//king]N'N$šarri",
"f": {"lang": "akk-x-neoass",
"form": "LUGAL",
"cf": "šarru",
"gw": "king",
"sense": "king",
"norm": "šarri",
"pos": "N",
"epos": "N"}
}
,
{
"node": "l",
"frag": "EN-ia",
"id": "P334603.l02c76",
"ref": "P334603.29.4",
"inst": "bēlīya[lord]N",
"sig": "@saao/saa13%akk-x-neoass:EN-ia=bēlu[lord//lord]N'N$bēlīya",
"f": {"lang": "akk-x-neoass",
"form": "EN-ia",
"cf": "bēlu",
"gw": "lord",
"sense": "lord",
"norm": "bēlīya",
"pos": "N",
"epos": "N"}
}
,
{
"node": "d",
"type": "line-start",
"ref": "P334603.30",
"n": "10",
"label": "r 10"}
,
{
"node": "l",
"frag": "[u₂]-⸢se⸣-lu-u₂-ni",
"id": "P334603.l02c77",
"ref": "P334603.30.1",
"inst": "+elû[go up//remove]V'V$ussēlûni",
"sig": "@saao/saa13%akk-x-neoass:u₂-se-lu-u₂-ni=elû[go up//remove]V'V$ussēlûni",
"f": {"lang": "akk-x-neoass",
"form": "u₂-se-lu-u₂-ni",
"cf": "elû",
"gw": "go up",
"sense": "remove",
"norm": "ussēlûni",
"pos": "V",
"epos": "V"}
}
,
{
"node": "d",
"type": "line-start",
"ref": "P334603.31",
"n": "11",
"label": "r 11"}
,
{
"node": "l",
"frag": "[ki-ma]",
"id": "P334603.l02c78",
"ref": "P334603.31.1",
"inst": "kīma[if]'MOD",
"sig": "@saao/saa13%akk-x-neoass:ki-ma=kīma[like//if]PRP'MOD$kīma",
"f": {"lang": "akk-x-neoass",
"form": "ki-ma",
"cf": "kīma",
"gw": "like",
"sense": "if",
"norm": "kīma",
"pos": "PRP",
"epos": "MOD"}
}
,
{
"node": "l",
"frag": "bal-ṭa-ku",
"id": "P334603.l02c79",
"ref": "P334603.31.2",
"inst": "balṭāku[alive]AJ",
"sig": "@saao/saa13%akk-x-neoass:bal-ṭa-ku=balṭu[living//alive]AJ'AJ$balṭāku",
"f": {"lang": "akk-x-neoass",
"form": "bal-ṭa-ku",
"cf": "balṭu",
"gw": "living",
"sense": "alive",
"norm": "balṭāku",
"pos": "AJ",
"epos": "AJ"}
}
,
{
"node": "d",
"type": "line-start",
"ref": "P334603.32",
"n": "12",
"label": "r 12"}
,
{
"node": "l",
"frag": "⸢LUGAL⸣",
"id": "P334603.l02c7a",
"ref": "P334603.32.1",
"inst": "šarru[king]N",
"sig": "@saao/saa13%akk-x-neoass:LUGAL=šarru[king//king]N'N$šarri",
"f": {"lang": "akk-x-neoass",
"form": "LUGAL",
"cf": "šarru",
"gw": "king",
"sense": "king",
"norm": "šarri",
"pos": "N",
"epos": "N"}
}
,
{
"node": "l",
"frag": "be-li₂",
"id": "P334603.l02c7b",
"ref": "P334603.32.2",
"inst": "bēlī[lord]N",
"sig": "@saao/saa13%akk-x-neoass:be-li₂=bēlu[lord//lord]N'N$bēlī",
"f": {"lang": "akk-x-neoass",
"form": "be-li₂",
"cf": "bēlu",
"gw": "lord",
"sense": "lord",
"norm": "bēlī",
"pos": "N",
"epos": "N"}
}
,
{
"node": "d",
"type": "line-start",
"ref": "P334603.33",
"n": "13",
"label": "r 13"}
,
{
"node": "l",
"frag": "⸢la⸣-ap-⸢lah₃⸣",
"id": "P334603.l02c7c",
"ref": "P334603.33.1",
"inst": "laplah[fear]V",
"sig": "@saao/saa13%akk-x-neoass:la-ap-lah₃=palāhu[fear//fear]V'V$laplah",
"f": {"lang": "akk-x-neoass",
"form": "la-ap-lah₃",
"cf": "palāhu",
"gw": "fear",
"sense": "fear",
"norm": "laplah",
"pos": "V",
"epos": "V"}
}
]}
]}
]}
,
{
"linkbase": [{
"type": "linkset",
"xlink_title": "rab danībāti[chief victualler//chief victualler]N'N",
"id": "P334603.ls00000",
"xlink_type": "extended",
"xlink_role": "psu",
"sig": "{rabû[big one]N danību[victualler]N += rab danībāti[chief victualler//chief victualler]N'N}::@saao%akk-x-neoass:{LU₂}GAL-da-ni-bat=rabû[big one//big one]N'N$rab++@saao%akk-x-neoass:{LU₂}GAL-da-ni-bat=danību[victualler//victualler]N'N$danībāt",
"links": [
{
"type": "link",
"xlink_title": "rab",
"xlink_type": "locator",
"xlink_href": "#P334603.l02c55",
"xlink_role": "elt"}
,
{
"type": "link",
"xlink_title": "danībāt",
"xlink_type": "locator",
"xlink_href": "#P334603.l02c56",
"xlink_role": "elt"}
]}
,
{
"type": "linkset",
"xlink_title": "rab danībāti[chief victualler//chief victualler]N'N",
"id": "P334603.ls00001",
"xlink_type": "extended",
"xlink_role": "psu",
"sig": "{rabû[big one]N danību[victualler]N += rab danībāti[chief victualler//chief victualler]N'N}::@saao%akk-x-neoass:{LU₂}GAL-da-ni-bat=rabû[big one//big one]N'N$rab++@saao%akk-x-neoass:{LU₂}GAL-da-ni-bat=danību[victualler//victualler]N'N$danībāt",
"links": [
{
"type": "link",
"xlink_title": "rab",
"xlink_type": "locator",
"xlink_href": "#P334603.l02c6b",
"xlink_role": "elt"}
,
{
"type": "link",
"xlink_title": "danībāt",
"xlink_type": "locator",
"xlink_href": "#P334603.l02c6c",
"xlink_role": "elt"}
]}
]}
]}
