{
"type": "cdl",
  "source": "http://oracc.org/saao/saa13",
  "license": "This data is released under the CC0 license",
  "license-url": "https://creativecommons.org/publicdomain/zero/1.0/",
  "more-info": "http://oracc.org/doc/opendata/",
  "UTC-timestamp": "2017-05-19T11:46:21",
"project": "saao/saa13",
"textid": "P334294",
"cdl": [
{
"node": "c",
"type": "text",
"id": "P334294.U0",
"cdl": [
{
"node": "d",
"type": "object",
"ref": ""}
,
{
"node": "d",
"subtype": "obverse",
"type": "surface",
"ref": "P334294.o.1",
"type": "obverse",
"label": "o"}
,
{
"node": "c",
"type": "discourse",
"subtype": "body",
"id": "P334294.U1",
"cdl": [
{
"node": "c",
"type": "sentence",
"id": "P334294.U2",
"label": "o 1 - r 5",
"cdl": [
{
"node": "d",
"type": "line-start",
"ref": "P334294.2",
"n": "1",
"label": "o 1"}
,
{
"node": "l",
"frag": "a-na",
"id": "P334294.l01817",
"ref": "P334294.2.1",
"inst": "ana[to]PRP",
"sig": "@saao/saa13%akk-x-neoass:a-na=ana[to//to]PRP'PRP$ana",
"f": {"lang": "akk-x-neoass",
"form": "a-na",
"cf": "ana",
"gw": "to",
"sense": "to",
"norm": "ana",
"pos": "PRP",
"epos": "PRP"}
}
,
{
"node": "l",
"frag": "LUGAL",
"id": "P334294.l01818",
"ref": "P334294.2.2",
"inst": "šarri[king]N",
"sig": "@saao/saa13%akk-x-neoass:LUGAL=šarru[king//king]N'N$šarri",
"f": {"lang": "akk-x-neoass",
"form": "LUGAL",
"cf": "šarru",
"gw": "king",
"sense": "king",
"norm": "šarri",
"pos": "N",
"epos": "N"}
}
,
{
"node": "l",
"frag": "be-li₂-[ia]",
"id": "P334294.l01819",
"ref": "P334294.2.3",
"inst": "bēlīya[lord]N",
"sig": "@saao/saa13%akk-x-neoass:be-li₂-ia=bēlu[lord//lord]N'N$bēlīya",
"f": {"lang": "akk-x-neoass",
"form": "be-li₂-ia",
"cf": "bēlu",
"gw": "lord",
"sense": "lord",
"norm": "bēlīya",
"pos": "N",
"epos": "N"}
}
,
{
"node": "d",
"type": "line-start",
"ref": "P334294.3",
"n": "2",
"label": "o 2"}
,
{
"node": "l",
"frag": "ARAD-ka",
"id": "P334294.l0181a",
"ref": "P334294.3.1",
"inst": "urdaka[servant]N",
"sig": "@saao/saa13%akk-x-neoass:ARAD-ka=ardu[slave//servant]N'N$urdaka",
"f": {"lang": "akk-x-neoass",
"form": "ARAD-ka",
"cf": "ardu",
"gw": "slave",
"sense": "servant",
"norm": "urdaka",
"pos": "N",
"epos": "N"}
}
,
{
"node": "l",
"frag": "{1}{d}PA-MU-⸢AŠ⸣",
"id": "P334294.l0181b",
"ref": "P334294.3.2",
"inst": "+Nabu-šumu-iddina[1]PN$",
"sig": "@saao/saa13%akk-x-neoass:{1}{d}PA-MU-AŠ=Nabu-šumu-iddina[1//1]PN'PN$Nabu-šumu-iddina",
"f": {"lang": "akk-x-neoass",
"form": "{1}{d}PA-MU-AŠ",
"cf": "Nabu-šumu-iddina",
"gw": "1",
"sense": "1",
"norm": "Nabu-šumu-iddina",
"pos": "PN",
"epos": "PN"}
}
,
{
"node": "d",
"type": "line-start",
"ref": "P334294.4",
"n": "3",
"label": "o 3"}
,
{
"node": "l",
"frag": "lu",
"id": "P334294.l0181c",
"ref": "P334294.4.1",
"inst": "lū[may]MOD",
"sig": "@saao/saa13%akk-x-neoass:lu=lū[may//may]MOD'MOD$lū",
"f": {"lang": "akk-x-neoass",
"form": "lu",
"cf": "lū",
"gw": "may",
"sense": "may",
"norm": "lū",
"pos": "MOD",
"epos": "MOD"}
}
,
{
"node": "l",
"frag": "DI-mu",
"id": "P334294.l0181d",
"ref": "P334294.4.2",
"inst": "šulmu[health]N",
"sig": "@saao/saa13%akk-x-neoass:DI-mu=šulmu[completeness//health]N'N$šulmu",
"f": {"lang": "akk-x-neoass",
"form": "DI-mu",
"cf": "šulmu",
"gw": "completeness",
"sense": "health",
"norm": "šulmu",
"pos": "N",
"epos": "N"}
}
,
{
"node": "l",
"frag": "a-na",
"id": "P334294.l0181e",
"ref": "P334294.4.3",
"inst": "ana[to]PRP",
"sig": "@saao/saa13%akk-x-neoass:a-na=ana[to//to]PRP'PRP$ana",
"f": {"lang": "akk-x-neoass",
"form": "a-na",
"cf": "ana",
"gw": "to",
"sense": "to",
"norm": "ana",
"pos": "PRP",
"epos": "PRP"}
}
,
{
"node": "l",
"frag": "LUGAL",
"id": "P334294.l0181f",
"ref": "P334294.4.4",
"inst": "šarri[king]N",
"sig": "@saao/saa13%akk-x-neoass:LUGAL=šarru[king//king]N'N$šarri",
"f": {"lang": "akk-x-neoass",
"form": "LUGAL",
"cf": "šarru",
"gw": "king",
"sense": "king",
"norm": "šarri",
"pos": "N",
"epos": "N"}
}
,
{
"node": "d",
"type": "line-start",
"ref": "P334294.5",
"n": "4",
"label": "o 4"}
,
{
"node": "l",
"frag": "be-li₂-ia₂",
"id": "P334294.l01820",
"ref": "P334294.5.1",
"inst": "bēlīya[lord]N",
"sig": "@saao/saa13%akk-x-neoass:be-li₂-ia₂=bēlu[lord//lord]N'N$bēlīya",
"f": {"lang": "akk-x-neoass",
"form": "be-li₂-ia₂",
"cf": "bēlu",
"gw": "lord",
"sense": "lord",
"norm": "bēlīya",
"pos": "N",
"epos": "N"}
}
,
{
"node": "l",
"frag": "a-dan-niš",
"id": "P334294.l01821",
"ref": "P334294.5.2",
"inst": "adanniš[very much]AV",
"sig": "@saao/saa13%akk-x-neoass:a-dan-niš=adanniš[very much//very much]AV'AV$adanniš",
"f": {"lang": "akk-x-neoass",
"form": "a-dan-niš",
"cf": "adanniš",
"gw": "very much",
"sense": "very much",
"norm": "adanniš",
"pos": "AV",
"epos": "AV"}
}
,
{
"node": "d",
"type": "line-start",
"ref": "P334294.6",
"n": "5",
"label": "o 5"}
,
{
"node": "l",
"frag": "a-dan-niš",
"id": "P334294.l01822",
"ref": "P334294.6.1",
"inst": "adanniš[very much]AV",
"sig": "@saao/saa13%akk-x-neoass:a-dan-niš=adanniš[very much//very much]AV'AV$adanniš",
"f": {"lang": "akk-x-neoass",
"form": "a-dan-niš",
"cf": "adanniš",
"gw": "very much",
"sense": "very much",
"norm": "adanniš",
"pos": "AV",
"epos": "AV"}
}
,
{
"node": "l",
"frag": "{d}AG",
"id": "P334294.l01823",
"ref": "P334294.6.2",
"inst": "Nabu[1]DN",
"sig": "@saao/saa13%akk-x-neoass:{d}AG=Nabu[1//1]DN'DN$Nabu",
"f": {"lang": "akk-x-neoass",
"form": "{d}AG",
"cf": "Nabu",
"gw": "1",
"sense": "1",
"norm": "Nabu",
"pos": "DN",
"epos": "DN"}
}
,
{
"node": "d",
"type": "line-start",
"ref": "P334294.7",
"n": "6",
"label": "o 6"}
,
{
"node": "l",
"frag": "{d}AMAR.UTU",
"id": "P334294.l01824",
"ref": "P334294.7.1",
"inst": "Marduk[1]DN",
"sig": "@saao/saa13%akk-x-neoass:{d}AMAR.UTU=Marduk[1//1]DN'DN$Marduk",
"f": {"lang": "akk-x-neoass",
"form": "{d}AMAR.UTU",
"cf": "Marduk",
"gw": "1",
"sense": "1",
"norm": "Marduk",
"pos": "DN",
"epos": "DN"}
}
,
{
"node": "l",
"frag": "a-na",
"id": "P334294.l01825",
"ref": "P334294.7.2",
"inst": "ana[to]PRP",
"sig": "@saao/saa13%akk-x-neoass:a-na=ana[to//to]PRP'PRP$ana",
"f": {"lang": "akk-x-neoass",
"form": "a-na",
"cf": "ana",
"gw": "to",
"sense": "to",
"norm": "ana",
"pos": "PRP",
"epos": "PRP"}
}
,
{
"node": "l",
"frag": "LUGAL",
"id": "P334294.l01826",
"ref": "P334294.7.3",
"inst": "šarri[king]N",
"sig": "@saao/saa13%akk-x-neoass:LUGAL=šarru[king//king]N'N$šarri",
"f": {"lang": "akk-x-neoass",
"form": "LUGAL",
"cf": "šarru",
"gw": "king",
"sense": "king",
"norm": "šarri",
"pos": "N",
"epos": "N"}
}
,
{
"node": "d",
"type": "line-start",
"ref": "P334294.8",
"n": "7",
"label": "o 7"}
,
{
"node": "l",
"frag": "be-li₂-ia₂",
"id": "P334294.l01827",
"ref": "P334294.8.1",
"inst": "bēlīya[lord]N",
"sig": "@saao/saa13%akk-x-neoass:be-li₂-ia₂=bēlu[lord//lord]N'N$bēlīya",
"f": {"lang": "akk-x-neoass",
"form": "be-li₂-ia₂",
"cf": "bēlu",
"gw": "lord",
"sense": "lord",
"norm": "bēlīya",
"pos": "N",
"epos": "N"}
}
,
{
"node": "l",
"frag": "lik-ru-bu",
"id": "P334294.l01828",
"ref": "P334294.8.2",
"inst": "likrubu[bless]V",
"sig": "@saao/saa13%akk-x-neoass:lik-ru-bu=karābu[pray//bless]V'V$likrubu",
"f": {"lang": "akk-x-neoass",
"form": "lik-ru-bu",
"cf": "karābu",
"gw": "pray",
"sense": "bless",
"norm": "likrubu",
"pos": "V",
"epos": "V"}
}
,
{
"node": "d",
"type": "line-start",
"ref": "P334294.9",
"n": "8",
"label": "o 8"}
,
{
"node": "l",
"frag": "ša",
"id": "P334294.l01829",
"ref": "P334294.9.1",
"inst": "ša[what]REL",
"sig": "@saao/saa13%akk-x-neoass:ša=ša[that//what]REL'REL$ša",
"f": {"lang": "akk-x-neoass",
"form": "ša",
"cf": "ša",
"gw": "that",
"sense": "what",
"norm": "ša",
"pos": "REL",
"epos": "REL"}
}
,
{
"node": "l",
"frag": "LUGAL",
"id": "P334294.l0182a",
"ref": "P334294.9.2",
"inst": "šarru[king]N",
"sig": "@saao/saa13%akk-x-neoass:LUGAL=šarru[king//king]N'N$šarri",
"f": {"lang": "akk-x-neoass",
"form": "LUGAL",
"cf": "šarru",
"gw": "king",
"sense": "king",
"norm": "šarri",
"pos": "N",
"epos": "N"}
}
,
{
"node": "l",
"frag": "be-li₂",
"id": "P334294.l0182b",
"ref": "P334294.9.3",
"inst": "bēlī[lord]N",
"sig": "@saao/saa13%akk-x-neoass:be-li₂=bēlu[lord//lord]N'N$bēlī",
"f": {"lang": "akk-x-neoass",
"form": "be-li₂",
"cf": "bēlu",
"gw": "lord",
"sense": "lord",
"norm": "bēlī",
"pos": "N",
"epos": "N"}
}
,
{
"node": "d",
"type": "line-start",
"ref": "P334294.10",
"n": "9",
"label": "o 9"}
,
{
"node": "l",
"frag": "iš-pur-an-ni",
"id": "P334294.l0182c",
"ref": "P334294.10.1",
"inst": "išpuranni[write]V",
"sig": "@saao/saa13%akk-x-neoass:iš-pur-an-ni=šapāru[send//write]V'V$išpuranni",
"f": {"lang": "akk-x-neoass",
"form": "iš-pur-an-ni",
"cf": "šapāru",
"gw": "send",
"sense": "write",
"norm": "išpuranni",
"pos": "V",
"epos": "V"}
}
,
{
"node": "d",
"subtype": "reverse",
"type": "surface",
"ref": "P334294.r.11",
"type": "reverse",
"label": "r"}
,
{
"node": "d",
"type": "line-start",
"ref": "P334294.12",
"n": "1",
"label": "r 1"}
,
{
"node": "l",
"frag": "ma-a",
"id": "P334294.l0182d",
"ref": "P334294.12.1",
"inst": "mā[saying]PRP",
"sig": "@saao/saa13%akk-x-neoass:ma-a=mā[saying//saying]PRP'PRP$mā",
"f": {"lang": "akk-x-neoass",
"form": "ma-a",
"cf": "mā",
"gw": "saying",
"sense": "saying",
"norm": "mā",
"pos": "PRP",
"epos": "PRP"}
}
,
{
"node": "l",
"frag": "{lu₂v}02-u",
"id": "P334294.l0182e",
"ref": "P334294.12.2",
"inst": "šaniu[deputy]'N",
"sig": "@saao/saa13%akk-x-neoass:{LU₂}02-u=šanû[second//deputy]NU'N$šaniu",
"f": {"lang": "akk-x-neoass",
"form": "{LU₂}02-u",
"cf": "šanû",
"gw": "second",
"sense": "deputy",
"norm": "šaniu",
"pos": "NU",
"epos": "N"}
}
,
{
"node": "d",
"type": "line-start",
"ref": "P334294.13",
"n": "2",
"label": "r 2"}
,
{
"node": "l",
"frag": "ša",
"id": "P334294.l0182f",
"ref": "P334294.13.1",
"inst": "ša[of]DET",
"sig": "@saao/saa13%akk-x-neoass:ša=ša[of//of]DET'DET$ša",
"f": {"lang": "akk-x-neoass",
"form": "ša",
"cf": "ša",
"gw": "of",
"sense": "of",
"norm": "ša",
"pos": "DET",
"epos": "DET"}
}
,
{
"node": "l",
"frag": "{lu₂v}tur-ta-ni",
"id": "P334294.l01830",
"ref": "P334294.13.2",
"inst": "turtāni[commander-in-chief]N",
"sig": "@saao/saa13%akk-x-neoass:{LU₂}tur-ta-ni=tartānu[second in command//commander-in-chief]N'N$turtāni",
"f": {"lang": "akk-x-neoass",
"form": "{LU₂}tur-ta-ni",
"cf": "tartānu",
"gw": "second in command",
"sense": "commander-in-chief",
"norm": "turtāni",
"pos": "N",
"epos": "N"}
}
,
{
"node": "d",
"type": "line-start",
"ref": "P334294.14",
"n": "3",
"label": "r 3"}
,
{
"node": "l",
"frag": "e-tar-ba-a",
"id": "P334294.l01831",
"ref": "P334294.14.1",
"inst": "+erēbu[enter]V$ētarbȃ",
"sig": "@saao/saa13%akk-x-neoass:e-tar-ba-a=erēbu[enter//enter]V'V$ētarbȃ",
"f": {"lang": "akk-x-neoass",
"form": "e-tar-ba-a",
"cf": "erēbu",
"gw": "enter",
"sense": "enter",
"norm": "ētarbȃ",
"pos": "V",
"epos": "V"}
}
,
{
"node": "d",
"type": "line-start",
"ref": "P334294.15",
"n": "4",
"label": "r 4"}
,
{
"node": "l",
"frag": "u₂-di-i-ni",
"id": "P334294.l01832",
"ref": "P334294.15.1",
"inst": "udīni[yet]AV",
"sig": "@saao/saa13%akk-x-neoass:u₂-di-i-ni=udīni[up till now//yet]AV'AV$udīni",
"f": {"lang": "akk-x-neoass",
"form": "u₂-di-i-ni",
"cf": "udīni",
"gw": "up till now",
"sense": "yet",
"norm": "udīni",
"pos": "AV",
"epos": "AV"}
}
,
{
"node": "d",
"type": "line-start",
"ref": "P334294.16",
"n": "5",
"label": "r 5"}
,
{
"node": "l",
"frag": "la",
"id": "P334294.l01833",
"ref": "P334294.16.1",
"inst": "lā[not]MOD",
"sig": "@saao/saa13%akk-x-neoass:la=lā[not//not]MOD'MOD$lā",
"f": {"lang": "akk-x-neoass",
"form": "la",
"cf": "lā",
"gw": "not",
"sense": "not",
"norm": "lā",
"pos": "MOD",
"epos": "MOD"}
}
,
{
"node": "l",
"frag": "e-ra-ba",
"id": "P334294.l01834",
"ref": "P334294.16.2",
"inst": "erraba[enter]V",
"sig": "@saao/saa13%akk-x-neoass:e-ra-ba=erēbu[enter//enter]V'V$erraba",
"f": {"lang": "akk-x-neoass",
"form": "e-ra-ba",
"cf": "erēbu",
"gw": "enter",
"sense": "enter",
"norm": "erraba",
"pos": "V",
"epos": "V"}
}
]}
]}
]}
]}
