{
"type": "cdl",
  "source": "http://oracc.org/saao/saa13",
  "license": "This data is released under the CC0 license",
  "license-url": "https://creativecommons.org/publicdomain/zero/1.0/",
  "more-info": "http://oracc.org/doc/opendata/",
  "UTC-timestamp": "2017-05-19T11:46:22",
"project": "saao/saa13",
"textid": "P334362",
"cdl": [
{
"node": "c",
"type": "text",
"id": "P334362.U0",
"cdl": [
{
"node": "d",
"type": "object",
"ref": ""}
,
{
"node": "d",
"subtype": "obverse",
"type": "surface",
"ref": "P334362.o.1",
"type": "obverse",
"label": "o"}
,
{
"node": "c",
"type": "discourse",
"subtype": "body",
"id": "P334362.U1",
"cdl": [
{
"node": "c",
"type": "sentence",
"id": "P334362.U2",
"label": "o 1 - r 17",
"cdl": [
{
"node": "d",
"type": "line-start",
"ref": "P334362.2",
"n": "1",
"label": "o 1"}
,
{
"node": "l",
"frag": "a-na",
"id": "P334362.l02338",
"ref": "P334362.2.1",
"inst": "ana[to]PRP",
"sig": "@saao/saa13%akk-x-neoass:a-na=ana[to//to]PRP'PRP$ana",
"f": {"lang": "akk-x-neoass",
"form": "a-na",
"cf": "ana",
"gw": "to",
"sense": "to",
"norm": "ana",
"pos": "PRP",
"epos": "PRP"}
}
,
{
"node": "l",
"frag": "LUGAL",
"id": "P334362.l02339",
"ref": "P334362.2.2",
"inst": "šarri[king]N",
"sig": "@saao/saa13%akk-x-neoass:LUGAL=šarru[king//king]N'N$šarri",
"f": {"lang": "akk-x-neoass",
"form": "LUGAL",
"cf": "šarru",
"gw": "king",
"sense": "king",
"norm": "šarri",
"pos": "N",
"epos": "N"}
}
,
{
"node": "l",
"frag": "EN-ia",
"id": "P334362.l0233a",
"ref": "P334362.2.3",
"inst": "bēlīya[lord]N",
"sig": "@saao/saa13%akk-x-neoass:EN-ia=bēlu[lord//lord]N'N$bēlīya",
"f": {"lang": "akk-x-neoass",
"form": "EN-ia",
"cf": "bēlu",
"gw": "lord",
"sense": "lord",
"norm": "bēlīya",
"pos": "N",
"epos": "N"}
}
,
{
"node": "d",
"type": "line-start",
"ref": "P334362.3",
"n": "2",
"label": "o 2"}
,
{
"node": "l",
"frag": "ARAD-ka",
"id": "P334362.l0233b",
"ref": "P334362.3.1",
"inst": "urdaka[servant]N",
"sig": "@saao/saa13%akk-x-neoass:ARAD-ka=ardu[slave//servant]N'N$urdaka",
"f": {"lang": "akk-x-neoass",
"form": "ARAD-ka",
"cf": "ardu",
"gw": "slave",
"sense": "servant",
"norm": "urdaka",
"pos": "N",
"epos": "N"}
}
,
{
"node": "l",
"frag": "{1}{d}PA-DU₃-PAB-MEŠ",
"id": "P334362.l0233c",
"ref": "P334362.3.2",
"inst": "Nabu-bani-ahhe[1]PN",
"sig": "@saao/saa13%akk-x-neoass:{1}{d}PA-DU₃-PAB-MEŠ=Nabu-bani-ahhe[1//1]PN'PN$Nabu-bani-ahhe",
"f": {"lang": "akk-x-neoass",
"form": "{1}{d}PA-DU₃-PAB-MEŠ",
"cf": "Nabu-bani-ahhe",
"gw": "1",
"sense": "1",
"norm": "Nabu-bani-ahhe",
"pos": "PN",
"epos": "PN"}
}
,
{
"node": "d",
"type": "line-start",
"ref": "P334362.4",
"n": "3",
"label": "o 3"}
,
{
"node": "l",
"frag": "lu",
"id": "P334362.l0233d",
"ref": "P334362.4.1",
"inst": "lū[may]MOD",
"sig": "@saao/saa13%akk-x-neoass:lu=lū[may//may]MOD'MOD$lū",
"f": {"lang": "akk-x-neoass",
"form": "lu",
"cf": "lū",
"gw": "may",
"sense": "may",
"norm": "lū",
"pos": "MOD",
"epos": "MOD"}
}
,
{
"node": "l",
"frag": "DI-mu",
"id": "P334362.l0233e",
"ref": "P334362.4.2",
"inst": "šulmu[health]N",
"sig": "@saao/saa13%akk-x-neoass:DI-mu=šulmu[completeness//health]N'N$šulmu",
"f": {"lang": "akk-x-neoass",
"form": "DI-mu",
"cf": "šulmu",
"gw": "completeness",
"sense": "health",
"norm": "šulmu",
"pos": "N",
"epos": "N"}
}
,
{
"node": "l",
"frag": "a-na",
"id": "P334362.l0233f",
"ref": "P334362.4.3",
"inst": "ana[to]PRP",
"sig": "@saao/saa13%akk-x-neoass:a-na=ana[to//to]PRP'PRP$ana",
"f": {"lang": "akk-x-neoass",
"form": "a-na",
"cf": "ana",
"gw": "to",
"sense": "to",
"norm": "ana",
"pos": "PRP",
"epos": "PRP"}
}
,
{
"node": "l",
"frag": "LUGAL",
"id": "P334362.l02340",
"ref": "P334362.4.4",
"inst": "šarri[king]N",
"sig": "@saao/saa13%akk-x-neoass:LUGAL=šarru[king//king]N'N$šarri",
"f": {"lang": "akk-x-neoass",
"form": "LUGAL",
"cf": "šarru",
"gw": "king",
"sense": "king",
"norm": "šarri",
"pos": "N",
"epos": "N"}
}
,
{
"node": "l",
"frag": "EN-ia",
"id": "P334362.l02341",
"ref": "P334362.4.5",
"inst": "bēlīya[lord]N",
"sig": "@saao/saa13%akk-x-neoass:EN-ia=bēlu[lord//lord]N'N$bēlīya",
"f": {"lang": "akk-x-neoass",
"form": "EN-ia",
"cf": "bēlu",
"gw": "lord",
"sense": "lord",
"norm": "bēlīya",
"pos": "N",
"epos": "N"}
}
,
{
"node": "d",
"type": "line-start",
"ref": "P334362.5",
"n": "4",
"label": "o 4"}
,
{
"node": "l",
"frag": "{d}PA",
"id": "P334362.l02342",
"ref": "P334362.5.1",
"inst": "Nabu[1]DN",
"sig": "@saao/saa13%akk-x-neoass:{d}PA=Nabu[1//1]DN'DN$Nabu",
"f": {"lang": "akk-x-neoass",
"form": "{d}PA",
"cf": "Nabu",
"gw": "1",
"sense": "1",
"norm": "Nabu",
"pos": "DN",
"epos": "DN"}
}
,
{
"node": "l",
"frag": "{d}MES",
"id": "P334362.l02343",
"ref": "P334362.5.2",
"inst": "Marduk[1]DN",
"sig": "@saao/saa13%akk-x-neoass:{d}MES=Marduk[1//1]DN'DN$Marduk",
"f": {"lang": "akk-x-neoass",
"form": "{d}MES",
"cf": "Marduk",
"gw": "1",
"sense": "1",
"norm": "Marduk",
"pos": "DN",
"epos": "DN"}
}
,
{
"node": "l",
"frag": "a-na",
"id": "P334362.l02344",
"ref": "P334362.5.3",
"inst": "ana[to]PRP",
"sig": "@saao/saa13%akk-x-neoass:a-na=ana[to//to]PRP'PRP$ana",
"f": {"lang": "akk-x-neoass",
"form": "a-na",
"cf": "ana",
"gw": "to",
"sense": "to",
"norm": "ana",
"pos": "PRP",
"epos": "PRP"}
}
,
{
"node": "l",
"frag": "LUGAL",
"id": "P334362.l02345",
"ref": "P334362.5.4",
"inst": "šarri[king]N",
"sig": "@saao/saa13%akk-x-neoass:LUGAL=šarru[king//king]N'N$šarri",
"f": {"lang": "akk-x-neoass",
"form": "LUGAL",
"cf": "šarru",
"gw": "king",
"sense": "king",
"norm": "šarri",
"pos": "N",
"epos": "N"}
}
,
{
"node": "l",
"frag": "EN-ia",
"id": "P334362.l02346",
"ref": "P334362.5.5",
"inst": "bēlīya[lord]N",
"sig": "@saao/saa13%akk-x-neoass:EN-ia=bēlu[lord//lord]N'N$bēlīya",
"f": {"lang": "akk-x-neoass",
"form": "EN-ia",
"cf": "bēlu",
"gw": "lord",
"sense": "lord",
"norm": "bēlīya",
"pos": "N",
"epos": "N"}
}
,
{
"node": "d",
"type": "line-start",
"ref": "P334362.6",
"n": "5",
"label": "o 5"}
,
{
"node": "l",
"frag": "lik-ru-bu",
"id": "P334362.l02347",
"ref": "P334362.6.1",
"inst": "likrubu[bless]V",
"sig": "@saao/saa13%akk-x-neoass:lik-ru-bu=karābu[pray//bless]V'V$likrubu",
"f": {"lang": "akk-x-neoass",
"form": "lik-ru-bu",
"cf": "karābu",
"gw": "pray",
"sense": "bless",
"norm": "likrubu",
"pos": "V",
"epos": "V"}
}
,
{
"node": "l",
"frag": "an-nu-rig",
"id": "P334362.l02348",
"ref": "P334362.6.2",
"inst": "annurig[now]AV",
"sig": "@saao/saa13%akk-x-neoass:an-nu-rig=annûri[now//now]AV'AV$annurig",
"f": {"lang": "akk-x-neoass",
"form": "an-nu-rig",
"cf": "annûri",
"gw": "now",
"sense": "now",
"norm": "annurig",
"pos": "AV",
"epos": "AV"}
}
,
{
"node": "d",
"type": "line-start",
"ref": "P334362.7",
"n": "6",
"label": "o 6"}
,
{
"node": "l",
"frag": "ṣal-mu",
"id": "P334362.l02349",
"ref": "P334362.7.1",
"inst": "+ṣalmu[effigy//statue]N'N$",
"sig": "@saao/saa13%akk-x-neoass:ṣal-mu=ṣalmu[effigy//statue]N'N$ṣalmu",
"f": {"lang": "akk-x-neoass",
"form": "ṣal-mu",
"cf": "ṣalmu",
"gw": "effigy",
"sense": "statue",
"norm": "ṣalmu",
"pos": "N",
"epos": "N"}
}
,
{
"node": "l",
"frag": "ša",
"id": "P334362.l0234a",
"ref": "P334362.7.2",
"inst": "ša[of]DET",
"sig": "@saao/saa13%akk-x-neoass:ša=ša[of//of]DET'DET$ša",
"f": {"lang": "akk-x-neoass",
"form": "ša",
"cf": "ša",
"gw": "of",
"sense": "of",
"norm": "ša",
"pos": "DET",
"epos": "DET"}
}
,
{
"node": "l",
"frag": "KUG.GI",
"id": "P334362.l0234b",
"ref": "P334362.7.3",
"inst": "hurāṣi[gold]N",
"sig": "@saao/saa13%akk-x-neoass:KUG.GI=hurāṣu[gold//gold]N'N$hurāṣi",
"f": {"lang": "akk-x-neoass",
"form": "KUG.GI",
"cf": "hurāṣu",
"gw": "gold",
"sense": "gold",
"norm": "hurāṣi",
"pos": "N",
"epos": "N"}
}
,
{
"node": "l",
"frag": "ga-am-mur",
"id": "P334362.l0234c",
"ref": "P334362.7.4",
"inst": "gammur[completed]AJ",
"sig": "@saao/saa13%akk-x-neoass:ga-am-mur=gammuru[finished//completed]AJ'AJ$gammur",
"f": {"lang": "akk-x-neoass",
"form": "ga-am-mur",
"cf": "gammuru",
"gw": "finished",
"sense": "completed",
"norm": "gammur",
"pos": "AJ",
"epos": "AJ"}
}
,
{
"node": "d",
"type": "line-start",
"ref": "P334362.8",
"n": "7",
"label": "o 7"}
,
{
"node": "l",
"frag": "KUG.GI",
"id": "P334362.l0234d",
"ref": "P334362.8.1",
"inst": "hurāṣu[gold]N",
"sig": "@saao/saa13%akk-x-neoass:KUG.GI=hurāṣu[gold//gold]N'N$hurāṣu",
"f": {"lang": "akk-x-neoass",
"form": "KUG.GI",
"cf": "hurāṣu",
"gw": "gold",
"sense": "gold",
"norm": "hurāṣu",
"pos": "N",
"epos": "N"}
}
,
{
"node": "l",
"frag": "ša",
"id": "P334362.l0234e",
"ref": "P334362.8.2",
"inst": "ša[of]DET",
"sig": "@saao/saa13%akk-x-neoass:ša=ša[of//of]DET'DET$ša",
"f": {"lang": "akk-x-neoass",
"form": "ša",
"cf": "ša",
"gw": "of",
"sense": "of",
"norm": "ša",
"pos": "DET",
"epos": "DET"}
}
,
{
"node": "l",
"frag": "ṣal-me",
"id": "P334362.l0234f",
"ref": "P334362.8.3",
"inst": "+ṣalmu[effigy//statue]N'N$ṣalme",
"sig": "@saao/saa13%akk-x-neoass:ṣal-me=ṣalmu[effigy//statue]N'N$ṣalme",
"f": {"lang": "akk-x-neoass",
"form": "ṣal-me",
"cf": "ṣalmu",
"gw": "effigy",
"sense": "statue",
"norm": "ṣalme",
"pos": "N",
"epos": "N"}
}
,
{
"node": "l",
"frag": "ša",
"id": "P334362.l02350",
"ref": "P334362.8.4",
"inst": "ša[of]DET",
"sig": "@saao/saa13%akk-x-neoass:ša=ša[of//of]DET'DET$ša",
"f": {"lang": "akk-x-neoass",
"form": "ša",
"cf": "ša",
"gw": "of",
"sense": "of",
"norm": "ša",
"pos": "DET",
"epos": "DET"}
}
,
{
"node": "l",
"frag": "URUDU",
"id": "P334362.l02351",
"ref": "P334362.8.5",
"inst": "siparri[bronze]N",
"sig": "@saao/saa13%akk-x-neoass:URUDU=siparru[bronze//bronze]N'N$siparri",
"f": {"lang": "akk-x-neoass",
"form": "URUDU",
"cf": "siparru",
"gw": "bronze",
"sense": "bronze",
"norm": "siparri",
"pos": "N",
"epos": "N"}
}
,
{
"node": "d",
"type": "line-start",
"ref": "P334362.9",
"n": "8",
"label": "o 8"}
,
{
"node": "l",
"frag": "⸢ka⸣-ši-di",
"id": "P334362.l02352",
"ref": "P334362.9.1",
"inst": "+kašdu[reached//arrived]AJ'AJ$kašīdi",
"sig": "@saao/saa13%akk-x-neoass:ka-ši-di=kašdu[reached//arrived]AJ'AJ$kašīdi",
"f": {"lang": "akk-x-neoass",
"form": "ka-ši-di",
"cf": "kašdu",
"gw": "reached",
"sense": "arrived",
"norm": "kašīdi",
"pos": "AJ",
"epos": "AJ"}
}
,
{
"node": "l",
"frag": "man-nu",
"id": "P334362.l02353",
"ref": "P334362.9.2",
"inst": "mannu[whoever]'XP",
"sig": "@saao/saa13%akk-x-neoass:man-nu=mannu[who?//whoever]QP'XP$mannu",
"f": {"lang": "akk-x-neoass",
"form": "man-nu",
"cf": "mannu",
"gw": "who?",
"sense": "whoever",
"norm": "mannu",
"pos": "QP",
"epos": "XP"}
}
,
{
"node": "l",
"frag": "ša",
"id": "P334362.l02354",
"ref": "P334362.9.3",
"inst": "ša[who]REL",
"sig": "@saao/saa13%akk-x-neoass:ša=ša[that//who]REL'REL$ša",
"f": {"lang": "akk-x-neoass",
"form": "ša",
"cf": "ša",
"gw": "that",
"sense": "who",
"norm": "ša",
"pos": "REL",
"epos": "REL"}
}
,
{
"node": "l",
"frag": "LUGAL",
"id": "P334362.l02355",
"ref": "P334362.9.4",
"inst": "šarru[king]N",
"sig": "@saao/saa13%akk-x-neoass:LUGAL=šarru[king//king]N'N$šarri",
"f": {"lang": "akk-x-neoass",
"form": "LUGAL",
"cf": "šarru",
"gw": "king",
"sense": "king",
"norm": "šarri",
"pos": "N",
"epos": "N"}
}
,
{
"node": "l",
"frag": "be-li₂",
"id": "P334362.l02356",
"ref": "P334362.9.5",
"inst": "bēlī[lord]N",
"sig": "@saao/saa13%akk-x-neoass:be-li₂=bēlu[lord//lord]N'N$bēlī",
"f": {"lang": "akk-x-neoass",
"form": "be-li₂",
"cf": "bēlu",
"gw": "lord",
"sense": "lord",
"norm": "bēlī",
"pos": "N",
"epos": "N"}
}
,
{
"node": "d",
"type": "line-start",
"ref": "P334362.10",
"n": "9",
"label": "o 9"}
,
{
"node": "l",
"frag": "i-qa-bu-u-ni",
"id": "P334362.l02357",
"ref": "P334362.10.1",
"inst": "iqabbûni[say]V",
"sig": "@saao/saa13%akk-x-neoass:i-qa-bu-u-ni=qabû[say//say]V'V$iqabbûni",
"f": {"lang": "akk-x-neoass",
"form": "i-qa-bu-u-ni",
"cf": "qabû",
"gw": "say",
"sense": "say",
"norm": "iqabbûni",
"pos": "V",
"epos": "V"}
}
,
{
"node": "l",
"frag": "lil-li-ka",
"id": "P334362.l02358",
"ref": "P334362.10.2",
"inst": "lillika[come]V",
"sig": "@saao/saa13%akk-x-neoass:lil-li-ka=alāku[go//come]V'V$lillika",
"f": {"lang": "akk-x-neoass",
"form": "lil-li-ka",
"cf": "alāku",
"gw": "go",
"sense": "come",
"norm": "lillika",
"pos": "V",
"epos": "V"}
}
,
{
"node": "d",
"type": "line-start",
"ref": "P334362.11",
"n": "10",
"label": "o 10"}
,
{
"node": "l",
"frag": "li-hi-ṭi",
"id": "P334362.l02359",
"ref": "P334362.11.1",
"inst": "+hiāṭu[supervise//weigh]V'V$lihīṭi",
"sig": "@saao/saa13%akk-x-neoass:li-hi-ṭi=hiāṭu[supervise//weigh]V'V$lihīṭi",
"f": {"lang": "akk-x-neoass",
"form": "li-hi-ṭi",
"cf": "hiāṭu",
"gw": "supervise",
"sense": "weigh",
"norm": "lihīṭi",
"pos": "V",
"epos": "V"}
}
,
{
"node": "l",
"frag": "ni-iš-me-di",
"id": "P334362.l0235a",
"ref": "P334362.11.2",
"inst": "+šamādu[apply (ornaments)]V$nišmēdi",
"sig": "@saao/saa13%akk-x-neoass:ni-iš-me-di=šamādu[apply (ornaments)//apply (ornaments)]V'V$nišmēdi",
"f": {"lang": "akk-x-neoass",
"form": "ni-iš-me-di",
"cf": "šamādu",
"gw": "apply (ornaments)",
"sense": "apply (ornaments)",
"norm": "nišmēdi",
"pos": "V",
"epos": "V"}
}
,
{
"node": "d",
"type": "line-start",
"ref": "P334362.12",
"n": "11",
"label": "o 11"}
,
{
"node": "l",
"frag": "kaš-šad-u₂-tu₂",
"id": "P334362.l0235b",
"ref": "P334362.12.1",
"inst": "+kaššadūtu[(meaning uncertain)]N$",
"sig": "@saao/saa13%akk-x-neoass:kaš-šad-u₂-tu₂=kaššadūtu[(meaning uncertain)//(meaning uncertain)]N'N$kaššadūtu",
"f": {"lang": "akk-x-neoass",
"form": "kaš-šad-u₂-tu₂",
"cf": "kaššadūtu",
"gw": "(meaning uncertain)",
"sense": "(meaning uncertain)",
"norm": "kaššadūtu",
"pos": "N",
"epos": "N"}
}
,
{
"node": "l",
"frag": "ša",
"id": "P334362.l0235c",
"ref": "P334362.12.2",
"inst": "ša[which]REL",
"sig": "@saao/saa13%akk-x-neoass:ša=ša[that//which]REL'REL$ša",
"f": {"lang": "akk-x-neoass",
"form": "ša",
"cf": "ša",
"gw": "that",
"sense": "which",
"norm": "ša",
"pos": "REL",
"epos": "REL"}
}
,
{
"node": "l",
"frag": "KUG.GI",
"id": "P334362.l0235d",
"ref": "P334362.12.3",
"inst": "hurāṣu[gold]N",
"sig": "@saao/saa13%akk-x-neoass:KUG.GI=hurāṣu[gold//gold]N'N$hurāṣu",
"f": {"lang": "akk-x-neoass",
"form": "KUG.GI",
"cf": "hurāṣu",
"gw": "gold",
"sense": "gold",
"norm": "hurāṣu",
"pos": "N",
"epos": "N"}
}
,
{
"node": "d",
"type": "line-start",
"ref": "P334362.13",
"n": "12",
"label": "o 12"}
,
{
"node": "l",
"frag": "ina",
"id": "P334362.l0235e",
"ref": "P334362.13.1",
"inst": "+ina[in+=with]PRP$",
"sig": "@saao/saa13%akk-x-neoass:ina=ina[in//in]PRP'PRP$ina",
"f": {"lang": "akk-x-neoass",
"form": "ina",
"cf": "ina",
"gw": "in",
"sense": "in",
"norm": "ina",
"pos": "PRP",
"epos": "PRP"}
}
,
{
"node": "l",
"frag": "ŠA₃-bi",
"id": "P334362.l0235f",
"ref": "P334362.13.2",
"inst": "+libbu[interior]N$libbi",
"sig": "@saao/saa13%akk-x-neoass:ŠA₃-bi=libbu[interior//heart]N'N$libbi",
"f": {"lang": "akk-x-neoass",
"form": "ŠA₃-bi",
"cf": "libbu",
"gw": "interior",
"sense": "heart",
"norm": "libbi",
"pos": "N",
"epos": "N"}
}
,
{
"node": "l",
"frag": "i-hi-ṭu-u-ni",
"id": "P334362.l02360",
"ref": "P334362.13.3",
"inst": "+hiāṭu[supervise//weigh]V'V$ihīṭūni",
"sig": "@saao/saa13%akk-x-neoass:i-hi-ṭu-u-ni=hiāṭu[supervise//weigh]V'V$ihīṭūni",
"f": {"lang": "akk-x-neoass",
"form": "i-hi-ṭu-u-ni",
"cf": "hiāṭu",
"gw": "supervise",
"sense": "weigh",
"norm": "ihīṭūni",
"pos": "V",
"epos": "V"}
}
,
{
"node": "d",
"type": "line-start",
"ref": "P334362.14",
"n": "13",
"label": "o 13"}
,
{
"node": "l",
"frag": "ina",
"id": "P334362.l02361",
"ref": "P334362.14.1",
"inst": "ina[in]PRP",
"sig": "@saao/saa13%akk-x-neoass:ina=ina[in//in]PRP'PRP$ina",
"f": {"lang": "akk-x-neoass",
"form": "ina",
"cf": "ina",
"gw": "in",
"sense": "in",
"norm": "ina",
"pos": "PRP",
"epos": "PRP"}
}
,
{
"node": "l",
"frag": "na-kan-te",
"id": "P334362.l02362",
"ref": "P334362.14.2",
"inst": "nakkante[treasury]N",
"sig": "@saao/saa13%akk-x-neoass:na-kan-te=nakkamtu[treasure//treasury]N'N$nakkante",
"f": {"lang": "akk-x-neoass",
"form": "na-kan-te",
"cf": "nakkamtu",
"gw": "treasure",
"sense": "treasury",
"norm": "nakkante",
"pos": "N",
"epos": "N"}
}
,
{
"node": "l",
"frag": "E₂-un-qi",
"id": "P334362.l02363",
"ref": "P334362.14.3",
"cof-tails": "P334362.l02364",
"inst": "+bītu[house]N$bēt&+unqu[ring]N$unqi",
"exosig": "@saao/saa13%akk-x-neoass:E₂-un-qi=bītu[house//house]N'N$bēt&&@saao/saa13%akk-x-neoass:E₂-un-qi=unqu[ring//ring]N'N$unqi",
"f": {"lang": "akk-x-neoass",
"form": "E₂-un-qi",
"cf": "bītu",
"gw": "house",
"sense": "house",
"norm": "bēt",
"pos": "N",
"epos": "N"}
}
,
{
"node": "l",
"frag": "E₂-un-qi",
"id": "P334362.l02364",
"ref": "P334362.14.3",
"cof-head": "P334362.l02363",
"inst": "+bītu[house]N$bēt&+unqu[ring]N$unqi",
"f": {"lang": "akk-x-neoass",
"form": "E₂-un-qi",
"cf": "unqu",
"gw": "ring",
"sense": "ring",
"norm": "unqi",
"pos": "N",
"epos": "N"}
}
,
{
"node": "d",
"type": "line-start",
"ref": "P334362.15",
"n": "14",
"label": "o 14"}
,
{
"node": "l",
"frag": "ki-i",
"id": "P334362.l02365",
"ref": "P334362.15.1",
"inst": "+kī[like//when]PRP'SBJ$kî",
"sig": "@saao/saa13%akk-x-neoass:ki-i=kī[like//when]PRP'SBJ$kî",
"f": {"lang": "akk-x-neoass",
"form": "ki-i",
"cf": "kī",
"gw": "like",
"sense": "when",
"norm": "kî",
"pos": "PRP",
"epos": "SBJ"}
}
,
{
"node": "l",
"frag": "man-nu",
"id": "P334362.l02366",
"ref": "P334362.15.2",
"inst": "mannu[whoever]'XP",
"sig": "@saao/saa13%akk-x-neoass:man-nu=mannu[who?//whoever]QP'XP$mannu",
"f": {"lang": "akk-x-neoass",
"form": "man-nu",
"cf": "mannu",
"gw": "who?",
"sense": "whoever",
"norm": "mannu",
"pos": "QP",
"epos": "XP"}
}
,
{
"node": "l",
"frag": "ša",
"id": "P334362.l02367",
"ref": "P334362.15.3",
"inst": "ša[who]REL",
"sig": "@saao/saa13%akk-x-neoass:ša=ša[that//who]REL'REL$ša",
"f": {"lang": "akk-x-neoass",
"form": "ša",
"cf": "ša",
"gw": "that",
"sense": "who",
"norm": "ša",
"pos": "REL",
"epos": "REL"}
}
,
{
"node": "l",
"frag": "⸢LUGAL⸣",
"id": "P334362.l02368",
"ref": "P334362.15.4",
"inst": "šarru[king]N",
"sig": "@saao/saa13%akk-x-neoass:LUGAL=šarru[king//king]N'N$šarri",
"f": {"lang": "akk-x-neoass",
"form": "LUGAL",
"cf": "šarru",
"gw": "king",
"sense": "king",
"norm": "šarri",
"pos": "N",
"epos": "N"}
}
,
{
"node": "l",
"frag": "[be-li₂]",
"id": "P334362.l02369",
"ref": "P334362.15.5",
"inst": "bēlī[lord]N",
"sig": "@saao/saa13%akk-x-neoass:be-li₂=bēlu[lord//lord]N'N$bēlī",
"f": {"lang": "akk-x-neoass",
"form": "be-li₂",
"cf": "bēlu",
"gw": "lord",
"sense": "lord",
"norm": "bēlī",
"pos": "N",
"epos": "N"}
}
,
{
"node": "d",
"type": "line-start",
"ref": "P334362.16",
"n": "15",
"label": "o 15"}
,
{
"node": "l",
"frag": "i-šap-par-an-[ni",
"id": "P334362.l0236a",
"ref": "P334362.16.1",
"inst": "išapparanni[send]V",
"sig": "@saao/saa13%akk-x-neoass:i-šap-par-an-ni=šapāru[send//write]V'V$išapparanni",
"f": {"lang": "akk-x-neoass",
"form": "i-šap-par-an-ni",
"cf": "šapāru",
"gw": "send",
"sense": "write",
"norm": "išapparanni",
"pos": "V",
"epos": "V"}
}
,
{
"node": "l",
"frag": "il-la-ka-ni]",
"id": "P334362.l0236b",
"ref": "P334362.16.2",
"inst": "+alāku[go//come]V'V$illakanni",
"sig": "@saao/saa13%akk-x-neoass:il-la-ka-ni=alāku[go//come]V'V$illakanni",
"f": {"lang": "akk-x-neoass",
"form": "il-la-ka-ni",
"cf": "alāku",
"gw": "go",
"sense": "come",
"norm": "illakanni",
"pos": "V",
"epos": "V"}
}
,
{
"node": "d",
"type": "line-start",
"ref": "P334362.17",
"n": "16",
"label": "o 16"}
,
{
"node": "l",
"frag": "un-qu",
"id": "P334362.l0236c",
"ref": "P334362.17.1",
"inst": "unqu[sealed royal order]N",
"sig": "@saao/saa13%akk-x-neoass:un-qu=unqu[ring//sealed royal order]N'N$unqu",
"f": {"lang": "akk-x-neoass",
"form": "un-qu",
"cf": "unqu",
"gw": "ring",
"sense": "sealed royal order",
"norm": "unqu",
"pos": "N",
"epos": "N"}
}
,
{
"node": "l",
"frag": "is-⸢si⸣-[šu]",
"id": "P334362.l0236d",
"ref": "P334362.17.2",
"inst": "issīšu[with]PRP",
"sig": "@saao/saa13%akk-x-neoass:is-si-šu=išti[with//with]PRP'PRP$issīšu",
"f": {"lang": "akk-x-neoass",
"form": "is-si-šu",
"cf": "išti",
"gw": "with",
"sense": "with",
"norm": "issīšu",
"pos": "PRP",
"epos": "PRP"}
}
,
{
"node": "d",
"subtype": "reverse",
"type": "surface",
"ref": "P334362.r.18",
"type": "reverse",
"label": "r"}
,
{
"node": "d",
"type": "line-start",
"ref": "P334362.19",
"n": "1",
"label": "r 1"}
,
{
"node": "l",
"frag": "lu-bi-la",
"id": "P334362.l0236e",
"ref": "P334362.19.1",
"inst": "lūbila[bring]V",
"sig": "@saao/saa13%akk-x-neoass:lu-bi-la=wabālu[bring//bring]V'V$lūbila",
"f": {"lang": "akk-x-neoass",
"form": "lu-bi-la",
"cf": "wabālu",
"gw": "bring",
"sense": "bring",
"norm": "lūbila",
"pos": "V",
"epos": "V"}
}
,
{
"node": "l",
"frag": "KUG.⸢GI⸣",
"id": "P334362.l0236f",
"ref": "P334362.19.2",
"inst": "hurāṣu[gold]N",
"sig": "@saao/saa13%akk-x-neoass:KUG.GI=hurāṣu[gold//gold]N'N$hurāṣu",
"f": {"lang": "akk-x-neoass",
"form": "KUG.GI",
"cf": "hurāṣu",
"gw": "gold",
"sense": "gold",
"norm": "hurāṣu",
"pos": "N",
"epos": "N"}
}
,
{
"node": "l",
"frag": "[ša",
"id": "P334362.l02370",
"ref": "P334362.19.3",
"inst": "ša[of]DET",
"sig": "@saao/saa13%akk-x-neoass:ša=ša[of//of]DET'DET$ša",
"f": {"lang": "akk-x-neoass",
"form": "ša",
"cf": "ša",
"gw": "of",
"sense": "of",
"norm": "ša",
"pos": "DET",
"epos": "DET"}
}
,
{
"node": "l",
"frag": "ṣal-me]",
"id": "P334362.l02371",
"ref": "P334362.19.4",
"inst": "+ṣalmu[effigy//statue]N'N$ṣalme",
"sig": "@saao/saa13%akk-x-neoass:ṣal-me=ṣalmu[effigy//statue]N'N$ṣalme",
"f": {"lang": "akk-x-neoass",
"form": "ṣal-me",
"cf": "ṣalmu",
"gw": "effigy",
"sense": "statue",
"norm": "ṣalme",
"pos": "N",
"epos": "N"}
}
,
{
"node": "d",
"type": "line-start",
"ref": "P334362.20",
"n": "2",
"label": "r 2"}
,
{
"node": "l",
"frag": "ina",
"id": "P334362.l02372",
"ref": "P334362.20.1",
"inst": "+ina[in+=with]PRP$",
"sig": "@saao/saa13%akk-x-neoass:ina=ina[in//in]PRP'PRP$ina",
"f": {"lang": "akk-x-neoass",
"form": "ina",
"cf": "ina",
"gw": "in",
"sense": "in",
"norm": "ina",
"pos": "PRP",
"epos": "PRP"}
}
,
{
"node": "l",
"frag": "ŠA₃-bi",
"id": "P334362.l02373",
"ref": "P334362.20.2",
"inst": "+libbu[interior]N$libbi",
"sig": "@saao/saa13%akk-x-neoass:ŠA₃-bi=libbu[interior//heart]N'N$libbi",
"f": {"lang": "akk-x-neoass",
"form": "ŠA₃-bi",
"cf": "libbu",
"gw": "interior",
"sense": "heart",
"norm": "libbi",
"pos": "N",
"epos": "N"}
}
,
{
"node": "l",
"frag": "li-⸢hi⸣-[ṭi]",
"id": "P334362.l02374",
"ref": "P334362.20.3",
"inst": "+hiāṭu[supervise//weigh]V'V$lihīṭi",
"sig": "@saao/saa13%akk-x-neoass:li-hi-ṭi=hiāṭu[supervise//weigh]V'V$lihīṭi",
"f": {"lang": "akk-x-neoass",
"form": "li-hi-ṭi",
"cf": "hiāṭu",
"gw": "supervise",
"sense": "weigh",
"norm": "lihīṭi",
"pos": "V",
"epos": "V"}
}
,
{
"node": "d",
"type": "line-start",
"ref": "P334362.21",
"n": "3",
"label": "r 3"}
,
{
"node": "l",
"frag": "ina",
"id": "P334362.l02375",
"ref": "P334362.21.1",
"inst": "+ina[in+=concerning]PRP$",
"sig": "@saao/saa13%akk-x-neoass:ina=ina[in//in]PRP'PRP$ina",
"f": {"lang": "akk-x-neoass",
"form": "ina",
"cf": "ina",
"gw": "in",
"sense": "in",
"norm": "ina",
"pos": "PRP",
"epos": "PRP"}
}
,
{
"node": "l",
"frag": "UGU",
"id": "P334362.l02376",
"ref": "P334362.21.2",
"inst": "+muhhu[skull]N$muhhi",
"sig": "@saao/saa13%akk-x-neoass:UGU=muhhu[skull//skull]N'N$muhhi",
"f": {"lang": "akk-x-neoass",
"form": "UGU",
"cf": "muhhu",
"gw": "skull",
"sense": "skull",
"norm": "muhhi",
"pos": "N",
"epos": "N"}
}
,
{
"node": "l",
"frag": "{na₄}ZA.GIN₃",
"id": "P334362.l02377",
"ref": "P334362.21.3",
"inst": "+uqnû[lapis lazuli]N$uqnî",
"sig": "@saao/saa13%akk-x-neoass:{NA₄}ZA.GIN₃=uqnû[lapis lazuli//lapis lazuli]N'N$uqnî",
"f": {"lang": "akk-x-neoass",
"form": "{NA₄}ZA.GIN₃",
"cf": "uqnû",
"gw": "lapis lazuli",
"sense": "lapis lazuli",
"norm": "uqnî",
"pos": "N",
"epos": "N"}
}
,
{
"node": "l",
"frag": "iš-al-[lu-ni]",
"id": "P334362.l02378",
"ref": "P334362.21.4",
"inst": "+šâlu[ask]V$išʾallūni",
"sig": "@saao/saa13%akk-x-neoass:iš-al-lu-ni=šâlu[ask//ask]V'V$išʾallūni",
"f": {"lang": "akk-x-neoass",
"form": "iš-al-lu-ni",
"cf": "šâlu",
"gw": "ask",
"sense": "ask",
"norm": "išʾallūni",
"pos": "V",
"epos": "V"}
}
,
{
"node": "d",
"type": "line-start",
"ref": "P334362.22",
"n": "4",
"label": "r 4"}
,
{
"node": "l",
"frag": "02-šu₂",
"id": "P334362.l02379",
"ref": "P334362.22.1",
"inst": "šinīšu[twice]AV",
"sig": "@saao/saa13%akk-x-neoass:02-šu₂=šinīšu[twice//twice]AV'AV$šinīšu",
"f": {"lang": "akk-x-neoass",
"form": "02-šu₂",
"cf": "šinīšu",
"gw": "twice",
"sense": "twice",
"norm": "šinīšu",
"pos": "AV",
"epos": "AV"}
}
,
{
"node": "l",
"frag": "03-šu₂",
"id": "P334362.l0237a",
"ref": "P334362.22.2",
"inst": "šalāšīšu[three times]AV",
"sig": "@saao/saa13%akk-x-neoass:03-šu₂=šalāšī-[three times//three times]AV'AV$šalāšīšu",
"f": {"lang": "akk-x-neoass",
"form": "03-šu₂",
"cf": "šalāšī-",
"gw": "three times",
"sense": "three times",
"norm": "šalāšīšu",
"pos": "AV",
"epos": "AV"}
}
,
{
"node": "l",
"frag": "a-na",
"id": "P334362.l0237b",
"ref": "P334362.22.3",
"inst": "ana[to]PRP",
"sig": "@saao/saa13%akk-x-neoass:a-na=ana[to//to]PRP'PRP$ana",
"f": {"lang": "akk-x-neoass",
"form": "a-na",
"cf": "ana",
"gw": "to",
"sense": "to",
"norm": "ana",
"pos": "PRP",
"epos": "PRP"}
}
,
{
"node": "l",
"frag": "LUGAL",
"id": "P334362.l0237c",
"ref": "P334362.22.4",
"inst": "šarri[king]N",
"sig": "@saao/saa13%akk-x-neoass:LUGAL=šarru[king//king]N'N$šarri",
"f": {"lang": "akk-x-neoass",
"form": "LUGAL",
"cf": "šarru",
"gw": "king",
"sense": "king",
"norm": "šarri",
"pos": "N",
"epos": "N"}
}
,
{
"node": "l",
"frag": "EN-ia",
"id": "P334362.l0237d",
"ref": "P334362.22.5",
"inst": "bēlīya[lord]N",
"sig": "@saao/saa13%akk-x-neoass:EN-ia=bēlu[lord//lord]N'N$bēlīya",
"f": {"lang": "akk-x-neoass",
"form": "EN-ia",
"cf": "bēlu",
"gw": "lord",
"sense": "lord",
"norm": "bēlīya",
"pos": "N",
"epos": "N"}
}
,
{
"node": "d",
"type": "line-start",
"ref": "P334362.23",
"n": "5",
"label": "r 5"}
,
{
"node": "l",
"frag": "a-sap-ra",
"id": "P334362.l0237e",
"ref": "P334362.23.1",
"inst": "+šapāru[send//write]V'V$assapra",
"sig": "@saao/saa13%akk-x-neoass:a-sap-ra=šapāru[send//write]V'V$assapra",
"f": {"lang": "akk-x-neoass",
"form": "a-sap-ra",
"cf": "šapāru",
"gw": "send",
"sense": "write",
"norm": "assapra",
"pos": "V",
"epos": "V"}
}
,
{
"node": "l",
"frag": "la",
"id": "P334362.l0237f",
"ref": "P334362.23.2",
"inst": "lā[not]MOD",
"sig": "@saao/saa13%akk-x-neoass:la=lā[not//not]MOD'MOD$lā",
"f": {"lang": "akk-x-neoass",
"form": "la",
"cf": "lā",
"gw": "not",
"sense": "not",
"norm": "lā",
"pos": "MOD",
"epos": "MOD"}
}
,
{
"node": "l",
"frag": "u₂-še-bil-u-ni",
"id": "P334362.l02380",
"ref": "P334362.23.3",
"inst": "ušēbilūni[send]V",
"sig": "@saao/saa13%akk-x-neoass:u₂-še-bil-u-ni=wabālu[bring//send]V'V$ušēbilūni",
"f": {"lang": "akk-x-neoass",
"form": "u₂-še-bil-u-ni",
"cf": "wabālu",
"gw": "bring",
"sense": "send",
"norm": "ušēbilūni",
"pos": "V",
"epos": "V"}
}
,
{
"node": "d",
"type": "line-start",
"ref": "P334362.24",
"n": "6",
"label": "r 6"}
,
{
"node": "l",
"frag": "u₂-ma-a",
"id": "P334362.l02381",
"ref": "P334362.24.1",
"inst": "ūmâ[now]AV",
"sig": "@saao/saa13%akk-x-neoass:u₂-ma-a=ūma[today//now]AV'AV$ūmâ",
"f": {"lang": "akk-x-neoass",
"form": "u₂-ma-a",
"cf": "ūma",
"gw": "today",
"sense": "now",
"norm": "ūmâ",
"pos": "AV",
"epos": "AV"}
}
,
{
"node": "l",
"frag": "šum-ma",
"id": "P334362.l02382",
"ref": "P334362.24.2",
"inst": "šumma[if]MOD",
"sig": "@saao/saa13%akk-x-neoass:šum-ma=šumma[if//if]MOD'MOD$šumma",
"f": {"lang": "akk-x-neoass",
"form": "šum-ma",
"cf": "šumma",
"gw": "if",
"sense": "if",
"norm": "šumma",
"pos": "MOD",
"epos": "MOD"}
}
,
{
"node": "l",
"frag": "{na₄}ZA.GIN₃",
"id": "P334362.l02383",
"ref": "P334362.24.3",
"inst": "uqnû[lapis lazuli]N",
"sig": "@saao/saa13%akk-x-neoass:{NA₄}ZA.GIN₃=uqnû[lapis lazuli//lapis lazuli]N'N$uqnî",
"f": {"lang": "akk-x-neoass",
"form": "{NA₄}ZA.GIN₃",
"cf": "uqnû",
"gw": "lapis lazuli",
"sense": "lapis lazuli",
"norm": "uqnî",
"pos": "N",
"epos": "N"}
}
,
{
"node": "d",
"type": "line-start",
"ref": "P334362.25",
"n": "7",
"label": "r 7"}
,
{
"node": "l",
"frag": "la-aš₂-šu₂",
"id": "P334362.l02384",
"ref": "P334362.25.1",
"inst": "laššu[(there) is not]V",
"sig": "@saao/saa13%akk-x-neoass:la-aš₂-šu₂=laššu[(there) is not//(there) is not]V'V$laššu",
"f": {"lang": "akk-x-neoass",
"form": "la-aš₂-šu₂",
"cf": "laššu",
"gw": "(there) is not",
"sense": "(there) is not",
"norm": "laššu",
"pos": "V",
"epos": "V"}
}
,
{
"node": "l",
"frag": "URUDU",
"id": "P334362.l02385",
"ref": "P334362.25.2",
"inst": "+siparru[bronze]N$sipar",
"sig": "@saao/saa13%akk-x-neoass:URUDU=siparru[bronze//bronze]N'N$sipar",
"f": {"lang": "akk-x-neoass",
"form": "URUDU",
"cf": "siparru",
"gw": "bronze",
"sense": "bronze",
"norm": "sipar",
"pos": "N",
"epos": "N"}
}
,
{
"node": "l",
"frag": "ar-hi",
"id": "P334362.l02386",
"ref": "P334362.25.3",
"inst": "+arhu[month]N$arhi",
"sig": "@saao/saa13%akk-x-neoass:ar-hi=arhu[month//month]N'N$arhi",
"f": {"lang": "akk-x-neoass",
"form": "ar-hi",
"cf": "arhu",
"gw": "month",
"sense": "month",
"norm": "arhi",
"pos": "N",
"epos": "N"}
}
,
{
"node": "d",
"type": "line-start",
"ref": "P334362.26",
"n": "8",
"label": "r 8"}
,
{
"node": "l",
"frag": "ki-i",
"id": "P334362.l02387",
"ref": "P334362.26.1",
"inst": "kî[like//in accordance with]PRP'PRP",
"sig": "@saao/saa13%akk-x-neoass:ki-i=kī[like//in accordance with]PRP'PRP$kî",
"f": {"lang": "akk-x-neoass",
"form": "ki-i",
"cf": "kī",
"gw": "like",
"sense": "in accordance with",
"norm": "kî",
"pos": "PRP",
"epos": "PRP"}
}
,
{
"node": "l",
"frag": "ša",
"id": "P334362.l02388",
"ref": "P334362.26.2",
"inst": "ša[that]REL",
"sig": "@saao/saa13%akk-x-neoass:ša=ša[that//that]REL'REL$ša",
"f": {"lang": "akk-x-neoass",
"form": "ša",
"cf": "ša",
"gw": "that",
"sense": "that",
"norm": "ša",
"pos": "REL",
"epos": "REL"}
}
,
{
"node": "l",
"frag": "a-na",
"id": "P334362.l02389",
"ref": "P334362.26.3",
"inst": "ana[to]PRP",
"sig": "@saao/saa13%akk-x-neoass:a-na=ana[to//to]PRP'PRP$ana",
"f": {"lang": "akk-x-neoass",
"form": "a-na",
"cf": "ana",
"gw": "to",
"sense": "to",
"norm": "ana",
"pos": "PRP",
"epos": "PRP"}
}
,
{
"node": "l",
"frag": "{1}ARAD-{d}PA",
"id": "P334362.l0238a",
"ref": "P334362.26.4",
"inst": "Urdu-Nabu[1]PN",
"sig": "@saao/saa13%akk-x-neoass:{1}ARAD-{d}PA=Urdu-Nabu[1//1]PN'PN$Urdu-Nabu",
"f": {"lang": "akk-x-neoass",
"form": "{1}ARAD-{d}PA",
"cf": "Urdu-Nabu",
"gw": "1",
"sense": "1",
"norm": "Urdu-Nabu",
"pos": "PN",
"epos": "PN"}
}
,
{
"node": "d",
"type": "line-start",
"ref": "P334362.27",
"n": "9",
"label": "r 9"}
,
{
"node": "l",
"frag": "i-di-nu-u-ni",
"id": "P334362.l0238b",
"ref": "P334362.27.1",
"inst": "iddinūni[give]V",
"sig": "@saao/saa13%akk-x-neoass:i-di-nu-u-ni=tadānu[give//give]V'V$iddinūni",
"f": {"lang": "akk-x-neoass",
"form": "i-di-nu-u-ni",
"cf": "tadānu",
"gw": "give",
"sense": "give",
"norm": "iddinūni",
"pos": "V",
"epos": "V"}
}
,
{
"node": "l",
"frag": "mi-i-nu",
"id": "P334362.l0238c",
"ref": "P334362.27.2",
"inst": "+mīnu[what?//whatever]QP'XP$",
"sig": "@saao/saa13%akk-x-neoass:mi-i-nu=mīnu[what?//whatever]QP'XP$mīnu",
"f": {"lang": "akk-x-neoass",
"form": "mi-i-nu",
"cf": "mīnu",
"gw": "what?",
"sense": "whatever",
"norm": "mīnu",
"pos": "QP",
"epos": "XP"}
}
,
{
"node": "d",
"type": "line-start",
"ref": "P334362.28",
"n": "10",
"label": "r 10"}
,
{
"node": "l",
"frag": "ša",
"id": "P334362.l0238d",
"ref": "P334362.28.1",
"inst": "ša[that]REL",
"sig": "@saao/saa13%akk-x-neoass:ša=ša[that//that]REL'REL$ša",
"f": {"lang": "akk-x-neoass",
"form": "ša",
"cf": "ša",
"gw": "that",
"sense": "that",
"norm": "ša",
"pos": "REL",
"epos": "REL"}
}
,
{
"node": "l",
"frag": "ur-su-tu₂-u-ni",
"id": "P334362.l0238e",
"ref": "P334362.28.2",
"inst": "+ursūtu[(a storeroom, deposit)?//magazine]N'N$ursūtūni",
"sig": "@saao/saa13%akk-x-neoass:ur-su-tu₂-u-ni=ursūtu[(a storeroom, deposit)?//magazine]N'N$ursūtūni",
"f": {"lang": "akk-x-neoass",
"form": "ur-su-tu₂-u-ni",
"cf": "ursūtu",
"gw": "(a storeroom, deposit)?",
"sense": "magazine",
"norm": "ursūtūni",
"pos": "N",
"epos": "N"}
}
,
{
"node": "l",
"frag": "is-se-niš",
"id": "P334362.l0238f",
"ref": "P334362.28.3",
"inst": "issēniš[also]AV",
"sig": "@saao/saa13%akk-x-neoass:is-se-niš=ištēniš[together//also]AV'AV$issēniš",
"f": {"lang": "akk-x-neoass",
"form": "is-se-niš",
"cf": "ištēniš",
"gw": "together",
"sense": "also",
"norm": "issēniš",
"pos": "AV",
"epos": "AV"}
}
,
{
"node": "d",
"type": "line-start",
"ref": "P334362.29",
"n": "11",
"label": "r 11"}
,
{
"node": "l",
"frag": "LUGAL",
"id": "P334362.l02390",
"ref": "P334362.29.1",
"inst": "šarru[king]N",
"sig": "@saao/saa13%akk-x-neoass:LUGAL=šarru[king//king]N'N$šarri",
"f": {"lang": "akk-x-neoass",
"form": "LUGAL",
"cf": "šarru",
"gw": "king",
"sense": "king",
"norm": "šarri",
"pos": "N",
"epos": "N"}
}
,
{
"node": "l",
"frag": "be-li₂",
"id": "P334362.l02391",
"ref": "P334362.29.2",
"inst": "bēlī[lord]N",
"sig": "@saao/saa13%akk-x-neoass:be-li₂=bēlu[lord//lord]N'N$bēlī",
"f": {"lang": "akk-x-neoass",
"form": "be-li₂",
"cf": "bēlu",
"gw": "lord",
"sense": "lord",
"norm": "bēlī",
"pos": "N",
"epos": "N"}
}
,
{
"node": "l",
"frag": "ṭe₃-e-mu",
"id": "P334362.l02392",
"ref": "P334362.29.3",
"inst": "ṭēmu[order]N",
"sig": "@saao/saa13%akk-x-neoass:ṭe₃-e-mu=ṭēmu[(fore)thought//order]N'N$ṭēmu",
"f": {"lang": "akk-x-neoass",
"form": "ṭe₃-e-mu",
"cf": "ṭēmu",
"gw": "(fore)thought",
"sense": "order",
"norm": "ṭēmu",
"pos": "N",
"epos": "N"}
}
,
{
"node": "l",
"frag": "liš-kun",
"id": "P334362.l02393",
"ref": "P334362.29.4",
"inst": "liškun[place]V",
"sig": "@saao/saa13%akk-x-neoass:liš-kun=šakānu[put//place]V'V$liškun",
"f": {"lang": "akk-x-neoass",
"form": "liš-kun",
"cf": "šakānu",
"gw": "put",
"sense": "place",
"norm": "liškun",
"pos": "V",
"epos": "V"}
}
,
{
"node": "d",
"type": "line-start",
"ref": "P334362.30",
"n": "12",
"label": "r 12"}
,
{
"node": "l",
"frag": "lid-di-nu-u-ni",
"id": "P334362.l02394",
"ref": "P334362.30.1",
"inst": "liddinūni[give]V",
"sig": "@saao/saa13%akk-x-neoass:lid-di-nu-u-ni=tadānu[give//give]V'V$liddinūni",
"f": {"lang": "akk-x-neoass",
"form": "lid-di-nu-u-ni",
"cf": "tadānu",
"gw": "give",
"sense": "give",
"norm": "liddinūni",
"pos": "V",
"epos": "V"}
}
,
{
"node": "l",
"frag": "{1}ku-lu-ʾu",
"id": "P334362.l02395",
"ref": "P334362.30.2",
"inst": "+Kuluʾu[1]PN$",
"sig": "@saao/saa13%akk-x-neoass:{1}ku-lu-ʾu=Kuluʾu[1//1]PN'PN$Kuluʾu",
"f": {"lang": "akk-x-neoass",
"form": "{1}ku-lu-ʾu",
"cf": "Kuluʾu",
"gw": "1",
"sense": "1",
"norm": "Kuluʾu",
"pos": "PN",
"epos": "PN"}
}
,
{
"node": "d",
"type": "line-start",
"ref": "P334362.31",
"n": "13",
"label": "r 13"}
,
{
"node": "l",
"frag": "{1}man-nu-ki-{uru}arba-il₃",
"id": "P334362.l02396",
"ref": "P334362.31.1",
"inst": "Mannu-ki-Arbail[1]PN",
"sig": "@saao/saa13%akk-x-neoass:{1}man-nu-ki-{URU}arba-il₃=Mannu-ki-Arbail[1//1]PN'PN$Mannu-ki-Arbail",
"f": {"lang": "akk-x-neoass",
"form": "{1}man-nu-ki-{URU}arba-il₃",
"cf": "Mannu-ki-Arbail",
"gw": "1",
"sense": "1",
"norm": "Mannu-ki-Arbail",
"pos": "PN",
"epos": "PN"}
}
,
{
"node": "l",
"frag": "{lu₂v}BUR.GUL",
"id": "P334362.l02397",
"ref": "P334362.31.2",
"inst": "parkullu[stonecutter]N",
"sig": "@saao/saa13%akk-x-neoass:{LU₂}BUR.GUL=parkullu[seal-cutter//stonecutter]N'N$parkulli",
"f": {"lang": "akk-x-neoass",
"form": "{LU₂}BUR.GUL",
"cf": "parkullu",
"gw": "seal-cutter",
"sense": "stonecutter",
"norm": "parkulli",
"pos": "N",
"epos": "N"}
}
,
{
"node": "d",
"type": "line-start",
"ref": "P334362.32",
"n": "14",
"label": "r 14"}
,
{
"node": "l",
"frag": "is-se-niš",
"id": "P334362.l02398",
"ref": "P334362.32.1",
"inst": "issēniš[also]AV",
"sig": "@saao/saa13%akk-x-neoass:is-se-niš=ištēniš[together//also]AV'AV$issēniš",
"f": {"lang": "akk-x-neoass",
"form": "is-se-niš",
"cf": "ištēniš",
"gw": "together",
"sense": "also",
"norm": "issēniš",
"pos": "AV",
"epos": "AV"}
}
,
{
"node": "l",
"frag": "lil-lik-u-ni",
"id": "P334362.l02399",
"ref": "P334362.32.2",
"inst": "+alāku[go//come]V'V$lillikūni",
"sig": "@saao/saa13%akk-x-neoass:lil-lik-u-ni=alāku[go//come]V'V$lillikūni",
"f": {"lang": "akk-x-neoass",
"form": "lil-lik-u-ni",
"cf": "alāku",
"gw": "go",
"sense": "come",
"norm": "lillikūni",
"pos": "V",
"epos": "V"}
}
,
{
"node": "d",
"type": "line-start",
"ref": "P334362.33",
"n": "15",
"label": "r 15"}
,
{
"node": "l",
"frag": "šu-nu",
"id": "P334362.l0239a",
"ref": "P334362.33.1",
"inst": "šunu[they]IP",
"sig": "@saao/saa13%akk-x-neoass:šu-nu=šunu[they//they]IP'IP$šunu",
"f": {"lang": "akk-x-neoass",
"form": "šu-nu",
"cf": "šunu",
"gw": "they",
"sense": "they",
"norm": "šunu",
"pos": "IP",
"epos": "IP"}
}
,
{
"node": "l",
"frag": "i-la-ʾi-i",
"id": "P334362.l0239b",
"ref": "P334362.33.2",
"inst": "+leʾû[be able]V$ilaʾʾi",
"sig": "@saao/saa13%akk-x-neoass:i-la-ʾi-i=leʾû[be able//be able]V'V$ilaʾʾi",
"f": {"lang": "akk-x-neoass",
"form": "i-la-ʾi-i",
"cf": "leʾû",
"gw": "be able",
"sense": "be able",
"norm": "ilaʾʾi",
"pos": "V",
"epos": "V"}
}
,
{
"node": "d",
"type": "line-start",
"ref": "P334362.34",
"n": "16",
"label": "r 16"}
,
{
"node": "l",
"frag": "i-kab-bu-su",
"id": "P334362.l0239c",
"ref": "P334362.34.1",
"inst": "+kabāsu[tread]V$ikabbusu",
"sig": "@saao/saa13%akk-x-neoass:i-kab-bu-su=kabāsu[tread//tread]V'V$ikabbusu",
"f": {"lang": "akk-x-neoass",
"form": "i-kab-bu-su",
"cf": "kabāsu",
"gw": "tread",
"sense": "tread",
"norm": "ikabbusu",
"pos": "V",
"epos": "V"}
}
,
{
"node": "d",
"type": "line-start",
"ref": "P334362.35",
"n": "17",
"label": "r 17"}
,
{
"node": "l",
"frag": "a-di",
"id": "P334362.l0239d",
"ref": "P334362.35.1",
"inst": "adi[until]PRP'SBJ",
"sig": "@saao/saa13%akk-x-neoass:a-di=adi[until//until]PRP'SBJ$adi",
"f": {"lang": "akk-x-neoass",
"form": "a-di",
"cf": "adi",
"gw": "until",
"sense": "until",
"norm": "adi",
"pos": "PRP",
"epos": "SBJ"}
}
,
{
"node": "l",
"frag": "qar-hu",
"id": "P334362.l0239e",
"ref": "P334362.35.2",
"inst": "qarhu[ice]N",
"sig": "@saao/saa13%akk-x-neoass:qar-hu=qarhu[ice//ice]N'N$qarhu",
"f": {"lang": "akk-x-neoass",
"form": "qar-hu",
"cf": "qarhu",
"gw": "ice",
"sense": "ice",
"norm": "qarhu",
"pos": "N",
"epos": "N"}
}
,
{
"node": "l",
"frag": "la",
"id": "P334362.l0239f",
"ref": "P334362.35.3",
"inst": "lā[not]MOD",
"sig": "@saao/saa13%akk-x-neoass:la=lā[not//not]MOD'MOD$lā",
"f": {"lang": "akk-x-neoass",
"form": "la",
"cf": "lā",
"gw": "not",
"sense": "not",
"norm": "lā",
"pos": "MOD",
"epos": "MOD"}
}
,
{
"node": "l",
"frag": "i-qar-ra-hu-ni",
"id": "P334362.l023a0",
"ref": "P334362.35.4",
"inst": "+qarāhu[freeze]V$iqarrahūni",
"sig": "@saao/saa13%akk-x-neoass:i-qar-ra-hu-ni=qarāhu[freeze//freeze]V'V$iqarrahūni",
"f": {"lang": "akk-x-neoass",
"form": "i-qar-ra-hu-ni",
"cf": "qarāhu",
"gw": "freeze",
"sense": "freeze",
"norm": "iqarrahūni",
"pos": "V",
"epos": "V"}
}
]}
]}
]}
]}
