{
"type": "cdl",
  "source": "http://oracc.org/saao/saa13",
  "license": "This data is released under the CC0 license",
  "license-url": "https://creativecommons.org/publicdomain/zero/1.0/",
  "more-info": "http://oracc.org/doc/opendata/",
  "UTC-timestamp": "2017-05-19T11:46:20",
"project": "saao/saa13",
"textid": "P334253",
"cdl": [
{
"node": "c",
"type": "text",
"id": "P334253.U0",
"cdl": [
{
"node": "d",
"type": "object",
"ref": ""}
,
{
"node": "d",
"subtype": "obverse",
"type": "surface",
"ref": "P334253.o.1",
"type": "obverse",
"label": "o"}
,
{
"node": "c",
"type": "discourse",
"subtype": "body",
"id": "P334253.U1",
"cdl": [
{
"node": "c",
"type": "sentence",
"id": "P334253.U2",
"label": "o 1 - r 14",
"cdl": [
{
"node": "d",
"type": "line-start",
"ref": "P334253.2",
"n": "1",
"label": "o 1"}
,
{
"node": "l",
"frag": "a-na",
"id": "P334253.l017cd",
"ref": "P334253.2.1",
"inst": "ana[to]PRP",
"sig": "@saao/saa13%akk-x-neoass:a-na=ana[to//to]PRP'PRP$ana",
"f": {"lang": "akk-x-neoass",
"form": "a-na",
"cf": "ana",
"gw": "to",
"sense": "to",
"norm": "ana",
"pos": "PRP",
"epos": "PRP"}
}
,
{
"node": "l",
"frag": "LUGAL",
"id": "P334253.l017ce",
"ref": "P334253.2.2",
"inst": "šarri[king]N",
"sig": "@saao/saa13%akk-x-neoass:LUGAL=šarru[king//king]N'N$šarri",
"f": {"lang": "akk-x-neoass",
"form": "LUGAL",
"cf": "šarru",
"gw": "king",
"sense": "king",
"norm": "šarri",
"pos": "N",
"epos": "N"}
}
,
{
"node": "l",
"frag": "EN-ia",
"id": "P334253.l017cf",
"ref": "P334253.2.3",
"inst": "bēlīya[lord]N",
"sig": "@saao/saa13%akk-x-neoass:EN-ia=bēlu[lord//lord]N'N$bēlīya",
"f": {"lang": "akk-x-neoass",
"form": "EN-ia",
"cf": "bēlu",
"gw": "lord",
"sense": "lord",
"norm": "bēlīya",
"pos": "N",
"epos": "N"}
}
,
{
"node": "d",
"type": "line-start",
"ref": "P334253.3",
"n": "2",
"label": "o 2"}
,
{
"node": "l",
"frag": "ARAD-ka",
"id": "P334253.l017d0",
"ref": "P334253.3.1",
"inst": "urdaka[servant]N",
"sig": "@saao/saa13%akk-x-neoass:ARAD-ka=ardu[slave//servant]N'N$urdaka",
"f": {"lang": "akk-x-neoass",
"form": "ARAD-ka",
"cf": "ardu",
"gw": "slave",
"sense": "servant",
"norm": "urdaka",
"pos": "N",
"epos": "N"}
}
,
{
"node": "l",
"frag": "{1}{d}PA-MU-AŠ",
"id": "P334253.l017d1",
"ref": "P334253.3.2",
"inst": "+Nabu-šumu-iddina[1]PN$",
"sig": "@saao/saa13%akk-x-neoass:{1}{d}PA-MU-AŠ=Nabu-šumu-iddina[1//1]PN'PN$Nabu-šumu-iddina",
"f": {"lang": "akk-x-neoass",
"form": "{1}{d}PA-MU-AŠ",
"cf": "Nabu-šumu-iddina",
"gw": "1",
"sense": "1",
"norm": "Nabu-šumu-iddina",
"pos": "PN",
"epos": "PN"}
}
,
{
"node": "d",
"type": "line-start",
"ref": "P334253.4",
"n": "3",
"label": "o 3"}
,
{
"node": "l",
"frag": "lu-u",
"id": "P334253.l017d2",
"ref": "P334253.4.1",
"inst": "lū[may]MOD",
"sig": "@saao/saa13%akk-x-neoass:lu-u=lū[may//may]MOD'MOD$lū",
"f": {"lang": "akk-x-neoass",
"form": "lu-u",
"cf": "lū",
"gw": "may",
"sense": "may",
"norm": "lū",
"pos": "MOD",
"epos": "MOD"}
}
,
{
"node": "l",
"frag": "DI-mu",
"id": "P334253.l017d3",
"ref": "P334253.4.2",
"inst": "šulmu[health]N",
"sig": "@saao/saa13%akk-x-neoass:DI-mu=šulmu[completeness//health]N'N$šulmu",
"f": {"lang": "akk-x-neoass",
"form": "DI-mu",
"cf": "šulmu",
"gw": "completeness",
"sense": "health",
"norm": "šulmu",
"pos": "N",
"epos": "N"}
}
,
{
"node": "l",
"frag": "lu-u",
"id": "P334253.l017d4",
"ref": "P334253.4.3",
"inst": "lū[may]MOD",
"sig": "@saao/saa13%akk-x-neoass:lu-u=lū[may//may]MOD'MOD$lū",
"f": {"lang": "akk-x-neoass",
"form": "lu-u",
"cf": "lū",
"gw": "may",
"sense": "may",
"norm": "lū",
"pos": "MOD",
"epos": "MOD"}
}
,
{
"node": "l",
"frag": "DI-mu",
"id": "P334253.l017d5",
"ref": "P334253.4.4",
"inst": "šulmu[health]N",
"sig": "@saao/saa13%akk-x-neoass:DI-mu=šulmu[completeness//health]N'N$šulmu",
"f": {"lang": "akk-x-neoass",
"form": "DI-mu",
"cf": "šulmu",
"gw": "completeness",
"sense": "health",
"norm": "šulmu",
"pos": "N",
"epos": "N"}
}
,
{
"node": "d",
"type": "line-start",
"ref": "P334253.5",
"n": "4",
"label": "o 4"}
,
{
"node": "l",
"frag": "lu-u",
"id": "P334253.l017d6",
"ref": "P334253.5.1",
"inst": "lū[may]MOD",
"sig": "@saao/saa13%akk-x-neoass:lu-u=lū[may//may]MOD'MOD$lū",
"f": {"lang": "akk-x-neoass",
"form": "lu-u",
"cf": "lū",
"gw": "may",
"sense": "may",
"norm": "lū",
"pos": "MOD",
"epos": "MOD"}
}
,
{
"node": "l",
"frag": "DI-mu",
"id": "P334253.l017d7",
"ref": "P334253.5.2",
"inst": "šulmu[health]N",
"sig": "@saao/saa13%akk-x-neoass:DI-mu=šulmu[completeness//health]N'N$šulmu",
"f": {"lang": "akk-x-neoass",
"form": "DI-mu",
"cf": "šulmu",
"gw": "completeness",
"sense": "health",
"norm": "šulmu",
"pos": "N",
"epos": "N"}
}
,
{
"node": "l",
"frag": "a-na",
"id": "P334253.l017d8",
"ref": "P334253.5.3",
"inst": "ana[to]PRP",
"sig": "@saao/saa13%akk-x-neoass:a-na=ana[to//to]PRP'PRP$ana",
"f": {"lang": "akk-x-neoass",
"form": "a-na",
"cf": "ana",
"gw": "to",
"sense": "to",
"norm": "ana",
"pos": "PRP",
"epos": "PRP"}
}
,
{
"node": "l",
"frag": "LUGAL",
"id": "P334253.l017d9",
"ref": "P334253.5.4",
"inst": "šarri[king]N",
"sig": "@saao/saa13%akk-x-neoass:LUGAL=šarru[king//king]N'N$šarri",
"f": {"lang": "akk-x-neoass",
"form": "LUGAL",
"cf": "šarru",
"gw": "king",
"sense": "king",
"norm": "šarri",
"pos": "N",
"epos": "N"}
}
,
{
"node": "l",
"frag": "EN-ia",
"id": "P334253.l017da",
"ref": "P334253.5.5",
"inst": "bēlīya[lord]N",
"sig": "@saao/saa13%akk-x-neoass:EN-ia=bēlu[lord//lord]N'N$bēlīya",
"f": {"lang": "akk-x-neoass",
"form": "EN-ia",
"cf": "bēlu",
"gw": "lord",
"sense": "lord",
"norm": "bēlīya",
"pos": "N",
"epos": "N"}
}
,
{
"node": "d",
"type": "line-start",
"ref": "P334253.6",
"n": "5",
"label": "o 5"}
,
{
"node": "l",
"frag": "a-du",
"id": "P334253.l017db",
"ref": "P334253.6.1",
"inst": "+adi[until//up to]PRP$adu",
"sig": "@saao/saa13%akk-x-neoass:a-du=adi[until//up to]PRP'PRP$adu",
"f": {"lang": "akk-x-neoass",
"form": "a-du",
"cf": "adi",
"gw": "until",
"sense": "up to",
"norm": "adu",
"pos": "PRP",
"epos": "PRP"}
}
,
{
"node": "l",
"frag": "01",
"id": "P334253.l017dc",
"ref": "P334253.6.2",
"inst": "n",
"f": {"lang": "akk-x-neoass",
"form": "01",
"pos": "n"}
}
,
{
"node": "l",
"frag": "lim",
"id": "P334253.l017dd",
"ref": "P334253.6.3",
"inst": "līmu[thousand]NU",
"sig": "@saao/saa13%akk-x-neoass:lim=līm[thousand//thousand]NU'NU$līmu",
"f": {"lang": "akk-x-neoass",
"form": "lim",
"cf": "līm",
"gw": "thousand",
"sense": "thousand",
"norm": "līmu",
"pos": "NU",
"epos": "NU"}
}
,
{
"node": "l",
"frag": "lu-u",
"id": "P334253.l017de",
"ref": "P334253.6.4",
"inst": "lū[may]MOD",
"sig": "@saao/saa13%akk-x-neoass:lu-u=lū[may//may]MOD'MOD$lū",
"f": {"lang": "akk-x-neoass",
"form": "lu-u",
"cf": "lū",
"gw": "may",
"sense": "may",
"norm": "lū",
"pos": "MOD",
"epos": "MOD"}
}
,
{
"node": "l",
"frag": "DI-mu",
"id": "P334253.l017df",
"ref": "P334253.6.5",
"inst": "šulmu[health]N",
"sig": "@saao/saa13%akk-x-neoass:DI-mu=šulmu[completeness//health]N'N$šulmu",
"f": {"lang": "akk-x-neoass",
"form": "DI-mu",
"cf": "šulmu",
"gw": "completeness",
"sense": "health",
"norm": "šulmu",
"pos": "N",
"epos": "N"}
}
,
{
"node": "d",
"type": "line-start",
"ref": "P334253.7",
"n": "6",
"label": "o 6"}
,
{
"node": "l",
"frag": "a-na",
"id": "P334253.l017e0",
"ref": "P334253.7.1",
"inst": "ana[to]PRP",
"sig": "@saao/saa13%akk-x-neoass:a-na=ana[to//to]PRP'PRP$ana",
"f": {"lang": "akk-x-neoass",
"form": "a-na",
"cf": "ana",
"gw": "to",
"sense": "to",
"norm": "ana",
"pos": "PRP",
"epos": "PRP"}
}
,
{
"node": "l",
"frag": "LUGAL",
"id": "P334253.l017e1",
"ref": "P334253.7.2",
"inst": "šarri[king]N",
"sig": "@saao/saa13%akk-x-neoass:LUGAL=šarru[king//king]N'N$šarri",
"f": {"lang": "akk-x-neoass",
"form": "LUGAL",
"cf": "šarru",
"gw": "king",
"sense": "king",
"norm": "šarri",
"pos": "N",
"epos": "N"}
}
,
{
"node": "l",
"frag": "EN-ia",
"id": "P334253.l017e2",
"ref": "P334253.7.3",
"inst": "bēlīya[lord]N",
"sig": "@saao/saa13%akk-x-neoass:EN-ia=bēlu[lord//lord]N'N$bēlīya",
"f": {"lang": "akk-x-neoass",
"form": "EN-ia",
"cf": "bēlu",
"gw": "lord",
"sense": "lord",
"norm": "bēlīya",
"pos": "N",
"epos": "N"}
}
,
{
"node": "d",
"type": "line-start",
"ref": "P334253.8",
"n": "7",
"label": "o 7"}
,
{
"node": "l",
"frag": "{d}aš-šur",
"id": "P334253.l017e3",
"ref": "P334253.8.1",
"inst": "Aššur[1]DN",
"sig": "@saao/saa13%akk-x-neoass:{d}aš-šur=Aššur[1//1]DN'DN$Aššur",
"f": {"lang": "akk-x-neoass",
"form": "{d}aš-šur",
"cf": "Aššur",
"gw": "1",
"sense": "1",
"norm": "Aššur",
"pos": "DN",
"epos": "DN"}
}
,
{
"node": "l",
"frag": "{d}30",
"id": "P334253.l017e4",
"ref": "P334253.8.2",
"inst": "Sin[1]DN",
"sig": "@saao/saa13%akk-x-neoass:{d}30=Sin[1//1]DN'DN$Sin",
"f": {"lang": "akk-x-neoass",
"form": "{d}30",
"cf": "Sin",
"gw": "1",
"sense": "1",
"norm": "Sin",
"pos": "DN",
"epos": "DN"}
}
,
{
"node": "l",
"frag": "{d}ša₂-maš",
"id": "P334253.l017e5",
"ref": "P334253.8.3",
"inst": "Šamaš[1]DN",
"sig": "@saao/saa13%akk-x-neoass:{d}ša₂-maš=Šamaš[1//1]DN'DN$Šamaš",
"f": {"lang": "akk-x-neoass",
"form": "{d}ša₂-maš",
"cf": "Šamaš",
"gw": "1",
"sense": "1",
"norm": "Šamaš",
"pos": "DN",
"epos": "DN"}
}
,
{
"node": "d",
"type": "line-start",
"ref": "P334253.9",
"n": "8",
"label": "o 8"}
,
{
"node": "l",
"frag": "{d}EN",
"id": "P334253.l017e6",
"ref": "P334253.9.1",
"inst": "Bel[1]DN",
"sig": "@saao/saa13%akk-x-neoass:{d}EN=Bel[1//1]DN'DN$Bel",
"f": {"lang": "akk-x-neoass",
"form": "{d}EN",
"cf": "Bel",
"gw": "1",
"sense": "1",
"norm": "Bel",
"pos": "DN",
"epos": "DN"}
}
,
{
"node": "l",
"frag": "u₃",
"id": "P334253.l017e7",
"ref": "P334253.9.2",
"inst": "u[and]CNJ",
"sig": "@saao/saa13%akk-x-neoass:u₃=u[and//and]CNJ'CNJ$u",
"f": {"lang": "akk-x-neoass",
"form": "u₃",
"cf": "u",
"gw": "and",
"sense": "and",
"norm": "u",
"pos": "CNJ",
"epos": "CNJ"}
}
,
{
"node": "l",
"frag": "{d}[AG]",
"id": "P334253.l017e8",
"ref": "P334253.9.3",
"inst": "Nabu[1]DN",
"sig": "@saao/saa13%akk-x-neoass:{d}AG=Nabu[1//1]DN'DN$Nabu",
"f": {"lang": "akk-x-neoass",
"form": "{d}AG",
"cf": "Nabu",
"gw": "1",
"sense": "1",
"norm": "Nabu",
"pos": "DN",
"epos": "DN"}
}
,
{
"node": "d",
"type": "line-start",
"ref": "P334253.10",
"n": "9",
"label": "o 9"}
,
{
"node": "l",
"frag": "a-na",
"id": "P334253.l017e9",
"ref": "P334253.10.1",
"inst": "ana[to]PRP",
"sig": "@saao/saa13%akk-x-neoass:a-na=ana[to//to]PRP'PRP$ana",
"f": {"lang": "akk-x-neoass",
"form": "a-na",
"cf": "ana",
"gw": "to",
"sense": "to",
"norm": "ana",
"pos": "PRP",
"epos": "PRP"}
}
,
{
"node": "l",
"frag": "LUGAL",
"id": "P334253.l017ea",
"ref": "P334253.10.2",
"inst": "šarri[king]N",
"sig": "@saao/saa13%akk-x-neoass:LUGAL=šarru[king//king]N'N$šarri",
"f": {"lang": "akk-x-neoass",
"form": "LUGAL",
"cf": "šarru",
"gw": "king",
"sense": "king",
"norm": "šarri",
"pos": "N",
"epos": "N"}
}
,
{
"node": "l",
"frag": "EN-ia",
"id": "P334253.l017eb",
"ref": "P334253.10.3",
"inst": "bēlīya[lord]N",
"sig": "@saao/saa13%akk-x-neoass:EN-ia=bēlu[lord//lord]N'N$bēlīya",
"f": {"lang": "akk-x-neoass",
"form": "EN-ia",
"cf": "bēlu",
"gw": "lord",
"sense": "lord",
"norm": "bēlīya",
"pos": "N",
"epos": "N"}
}
,
{
"node": "d",
"type": "line-start",
"ref": "P334253.11",
"n": "10",
"label": "o 10"}
,
{
"node": "l",
"frag": "lik-ru-bu",
"id": "P334253.l017ec",
"ref": "P334253.11.1",
"inst": "likrubu[bless]V",
"sig": "@saao/saa13%akk-x-neoass:lik-ru-bu=karābu[pray//bless]V'V$likrubu",
"f": {"lang": "akk-x-neoass",
"form": "lik-ru-bu",
"cf": "karābu",
"gw": "pray",
"sense": "bless",
"norm": "likrubu",
"pos": "V",
"epos": "V"}
}
,
{
"node": "d",
"type": "line-start",
"ref": "P334253.12",
"n": "11",
"label": "o 11"}
,
{
"node": "l",
"frag": "pa-ni",
"id": "P334253.l017ed",
"ref": "P334253.12.1",
"inst": "+pānu[front//face]N$pānī",
"sig": "@saao/saa13%akk-x-neoass:pa-ni=pānu[front//face]N'N$pānī",
"f": {"lang": "akk-x-neoass",
"form": "pa-ni",
"cf": "pānu",
"gw": "front",
"sense": "face",
"norm": "pānī",
"pos": "N",
"epos": "N"}
}
,
{
"node": "l",
"frag": "ša",
"id": "P334253.l017ee",
"ref": "P334253.12.2",
"inst": "ša[of]DET",
"sig": "@saao/saa13%akk-x-neoass:ša=ša[of//of]DET'DET$ša",
"f": {"lang": "akk-x-neoass",
"form": "ša",
"cf": "ša",
"gw": "of",
"sense": "of",
"norm": "ša",
"pos": "DET",
"epos": "DET"}
}
,
{
"node": "l",
"frag": "LUGAL",
"id": "P334253.l017ef",
"ref": "P334253.12.3",
"inst": "šarri[king]N",
"sig": "@saao/saa13%akk-x-neoass:LUGAL=šarru[king//king]N'N$šarri",
"f": {"lang": "akk-x-neoass",
"form": "LUGAL",
"cf": "šarru",
"gw": "king",
"sense": "king",
"norm": "šarri",
"pos": "N",
"epos": "N"}
}
,
{
"node": "l",
"frag": "EN-ia",
"id": "P334253.l017f0",
"ref": "P334253.12.4",
"inst": "bēlīya[lord]N",
"sig": "@saao/saa13%akk-x-neoass:EN-ia=bēlu[lord//lord]N'N$bēlīya",
"f": {"lang": "akk-x-neoass",
"form": "EN-ia",
"cf": "bēlu",
"gw": "lord",
"sense": "lord",
"norm": "bēlīya",
"pos": "N",
"epos": "N"}
}
,
{
"node": "d",
"type": "line-start",
"ref": "P334253.13",
"n": "12",
"label": "o 12"}
,
{
"node": "l",
"frag": "a-dan-niš",
"id": "P334253.l017f1",
"ref": "P334253.13.1",
"inst": "adanniš[very much]AV",
"sig": "@saao/saa13%akk-x-neoass:a-dan-niš=adanniš[very much//very much]AV'AV$adanniš",
"f": {"lang": "akk-x-neoass",
"form": "a-dan-niš",
"cf": "adanniš",
"gw": "very much",
"sense": "very much",
"norm": "adanniš",
"pos": "AV",
"epos": "AV"}
}
,
{
"node": "l",
"frag": "a-dan-niš",
"id": "P334253.l017f2",
"ref": "P334253.13.2",
"inst": "adanniš[very much]AV",
"sig": "@saao/saa13%akk-x-neoass:a-dan-niš=adanniš[very much//very much]AV'AV$adanniš",
"f": {"lang": "akk-x-neoass",
"form": "a-dan-niš",
"cf": "adanniš",
"gw": "very much",
"sense": "very much",
"norm": "adanniš",
"pos": "AV",
"epos": "AV"}
}
,
{
"node": "d",
"type": "line-start",
"ref": "P334253.14",
"n": "13",
"label": "o 13"}
,
{
"node": "l",
"frag": "e-ta-am-ru-u-ni",
"id": "P334253.l017f3",
"ref": "P334253.14.1",
"inst": "+amāru[see]V$ētamrūni",
"sig": "@saao/saa13%akk-x-neoass:e-ta-am-ru-u-ni=amāru[see//see]V'V$ētamrūni",
"f": {"lang": "akk-x-neoass",
"form": "e-ta-am-ru-u-ni",
"cf": "amāru",
"gw": "see",
"sense": "see",
"norm": "ētamrūni",
"pos": "V",
"epos": "V"}
}
,
{
"node": "d",
"type": "line-start",
"ref": "P334253.15",
"n": "14",
"label": "o 14"}
,
{
"node": "l",
"frag": "a-na",
"id": "P334253.l017f4",
"ref": "P334253.15.1",
"inst": "ana[to]PRP",
"sig": "@saao/saa13%akk-x-neoass:a-na=ana[to//to]PRP'PRP$ana",
"f": {"lang": "akk-x-neoass",
"form": "a-na",
"cf": "ana",
"gw": "to",
"sense": "to",
"norm": "ana",
"pos": "PRP",
"epos": "PRP"}
}
,
{
"node": "l",
"frag": "{lu₂v}ša₂-IGI-E₂.GAL-MEŠ",
"id": "P334253.l017f5",
"ref": "P334253.15.2",
"inst": "+ša-pān-ēkalli[palace supervisor]N$ša-pān-ēkallāti",
"sig": "@saao/saa13%akk-x-neoass:{LU₂}ša₂-IGI-E₂.GAL-MEŠ=ša-pān-ēkalli[palace supervisor//palace supervisor]N'N$ša-pān-ēkallāti",
"f": {"lang": "akk-x-neoass",
"form": "{LU₂}ša₂-IGI-E₂.GAL-MEŠ",
"cf": "ša-pān-ēkalli",
"gw": "palace supervisor",
"sense": "palace supervisor",
"norm": "ša-pān-ēkallāti",
"pos": "N",
"epos": "N"}
}
,
{
"node": "d",
"type": "line-start",
"ref": "P334253.16",
"n": "15",
"label": "o 15"}
,
{
"node": "l",
"frag": "ṭe₃-mu",
"id": "P334253.l017f6",
"ref": "P334253.16.1",
"inst": "ṭēmu[order]N",
"sig": "@saao/saa13%akk-x-neoass:ṭe₃-mu=ṭēmu[(fore)thought//order]N'N$ṭēmu",
"f": {"lang": "akk-x-neoass",
"form": "ṭe₃-mu",
"cf": "ṭēmu",
"gw": "(fore)thought",
"sense": "order",
"norm": "ṭēmu",
"pos": "N",
"epos": "N"}
}
,
{
"node": "l",
"frag": "<li>-iš-kun-nu",
"id": "P334253.l017f7",
"ref": "P334253.16.2",
"inst": "+šakānu[put//place]V$liškunu",
"sig": "@saao/saa13%akk-x-neoass:li-iš-kun-nu=šakānu[put//place]V'V$liškunu",
"f": {"lang": "akk-x-neoass",
"form": "li-iš-kun-nu",
"cf": "šakānu",
"gw": "put",
"sense": "place",
"norm": "liškunu",
"pos": "V",
"epos": "V"}
}
,
{
"node": "d",
"type": "line-start",
"ref": "P334253.17",
"n": "16",
"label": "o 16"}
,
{
"node": "l",
"frag": "ki-ma",
"id": "P334253.l017f8",
"ref": "P334253.17.1",
"inst": "kīma[as soon as]'MOD",
"sig": "@saao/saa13%akk-x-neoass:ki-ma=kīma[like//as soon as]PRP'MOD$kīma",
"f": {"lang": "akk-x-neoass",
"form": "ki-ma",
"cf": "kīma",
"gw": "like",
"sense": "as soon as",
"norm": "kīma",
"pos": "PRP",
"epos": "MOD"}
}
,
{
"node": "l",
"frag": "{lu₂v}AB.BA-MEŠ",
"id": "P334253.l017f9",
"ref": "P334253.17.2",
"inst": "paršamūti[old man]N",
"sig": "@saao/saa13%akk-x-neoass:{LU₂}AB.BA-MEŠ=puršumu[old (man)//old man]N'N$paršamūti",
"f": {"lang": "akk-x-neoass",
"form": "{LU₂}AB.BA-MEŠ",
"cf": "puršumu",
"gw": "old (man)",
"sense": "old man",
"norm": "paršamūti",
"pos": "N",
"epos": "N"}
}
,
{
"node": "d",
"subtype": "reverse",
"type": "surface",
"ref": "P334253.r.18",
"type": "reverse",
"label": "r"}
,
{
"node": "d",
"type": "line-start",
"ref": "P334253.19",
"n": "1",
"label": "r 1"}
,
{
"node": "l",
"frag": "ina",
"id": "P334253.l017fa",
"ref": "P334253.19.1",
"inst": "ina[in]PRP",
"sig": "@saao/saa13%akk-x-neoass:ina=ina[in//in]PRP'PRP$ina",
"f": {"lang": "akk-x-neoass",
"form": "ina",
"cf": "ina",
"gw": "in",
"sense": "in",
"norm": "ina",
"pos": "PRP",
"epos": "PRP"}
}
,
{
"node": "l",
"frag": "KI.TA",
"id": "P334253.l017fb",
"ref": "P334253.19.2",
"inst": "šapal[under]'PRP",
"sig": "@saao/saa13%akk-x-neoass:KI.TA=šaplu[underside//under]N'PRP$šapal",
"f": {"lang": "akk-x-neoass",
"form": "KI.TA",
"cf": "šaplu",
"gw": "underside",
"sense": "under",
"norm": "šapal",
"pos": "N",
"epos": "PRP"}
}
,
{
"node": "l",
"frag": "tam-le-e",
"id": "P334253.l017fc",
"ref": "P334253.19.3",
"inst": "tamlê[terrace]N",
"sig": "@saao/saa13%akk-x-neoass:tam-le-e=tamlīu[filling//terrace]N'N$tamlê",
"f": {"lang": "akk-x-neoass",
"form": "tam-le-e",
"cf": "tamlīu",
"gw": "filling",
"sense": "terrace",
"norm": "tamlê",
"pos": "N",
"epos": "N"}
}
,
{
"node": "d",
"type": "line-start",
"ref": "P334253.20",
"n": "2",
"label": "r 2"}
,
{
"node": "l",
"frag": "e-te-qu",
"id": "P334253.l017fd",
"ref": "P334253.20.1",
"inst": "+etēqu[proceed]V$ettequ",
"sig": "@saao/saa13%akk-x-neoass:e-te-qu=etēqu[proceed//proceed]V'V$ettequ",
"f": {"lang": "akk-x-neoass",
"form": "e-te-qu",
"cf": "etēqu",
"gw": "proceed",
"sense": "proceed",
"norm": "ettequ",
"pos": "V",
"epos": "V"}
}
,
{
"node": "d",
"type": "line-start",
"ref": "P334253.21",
"n": "3",
"label": "r 3"}
,
{
"node": "l",
"frag": "lu-ra-mu-u-ni",
"id": "P334253.l017fe",
"ref": "P334253.21.1",
"inst": "+ramû[slacken//leave]V$lurammûni",
"sig": "@saao/saa13%akk-x-neoass:lu-ra-mu-u-ni=ramû[slacken//leave]V'V$lurammûni",
"f": {"lang": "akk-x-neoass",
"form": "lu-ra-mu-u-ni",
"cf": "ramû",
"gw": "slacken",
"sense": "leave",
"norm": "lurammûni",
"pos": "V",
"epos": "V"}
}
,
{
"node": "d",
"type": "line-start",
"ref": "P334253.22",
"n": "4",
"label": "r 4"}
,
{
"node": "l",
"frag": "pa-ni",
"id": "P334253.l017ff",
"ref": "P334253.22.1",
"inst": "+pānu[front//face]N$pānī",
"sig": "@saao/saa13%akk-x-neoass:pa-ni=pānu[front//face]N'N$pānī",
"f": {"lang": "akk-x-neoass",
"form": "pa-ni",
"cf": "pānu",
"gw": "front",
"sense": "face",
"norm": "pānī",
"pos": "N",
"epos": "N"}
}
,
{
"node": "l",
"frag": "ša",
"id": "P334253.l01800",
"ref": "P334253.22.2",
"inst": "ša[of]DET",
"sig": "@saao/saa13%akk-x-neoass:ša=ša[of//of]DET'DET$ša",
"f": {"lang": "akk-x-neoass",
"form": "ša",
"cf": "ša",
"gw": "of",
"sense": "of",
"norm": "ša",
"pos": "DET",
"epos": "DET"}
}
,
{
"node": "l",
"frag": "LUGAL",
"id": "P334253.l01801",
"ref": "P334253.22.3",
"inst": "šarri[king]N",
"sig": "@saao/saa13%akk-x-neoass:LUGAL=šarru[king//king]N'N$šarri",
"f": {"lang": "akk-x-neoass",
"form": "LUGAL",
"cf": "šarru",
"gw": "king",
"sense": "king",
"norm": "šarri",
"pos": "N",
"epos": "N"}
}
,
{
"node": "l",
"frag": "EN-ia",
"id": "P334253.l01802",
"ref": "P334253.22.4",
"inst": "bēlīya[lord]N",
"sig": "@saao/saa13%akk-x-neoass:EN-ia=bēlu[lord//lord]N'N$bēlīya",
"f": {"lang": "akk-x-neoass",
"form": "EN-ia",
"cf": "bēlu",
"gw": "lord",
"sense": "lord",
"norm": "bēlīya",
"pos": "N",
"epos": "N"}
}
,
{
"node": "d",
"type": "line-start",
"ref": "P334253.23",
"n": "5",
"label": "r 5"}
,
{
"node": "l",
"frag": "la-mur-ru",
"id": "P334253.l01803",
"ref": "P334253.23.1",
"inst": "+amāru[see]V$lāmūru",
"sig": "@saao/saa13%akk-x-neoass:la-mur-ru=amāru[see//see]V'V$lāmūru",
"f": {"lang": "akk-x-neoass",
"form": "la-mur-ru",
"cf": "amāru",
"gw": "see",
"sense": "see",
"norm": "lāmūru",
"pos": "V",
"epos": "V"}
}
,
{
"node": "l",
"frag": "⸢LUGAL⸣",
"id": "P334253.l01804",
"ref": "P334253.23.2",
"inst": "šarru[king]N",
"sig": "@saao/saa13%akk-x-neoass:LUGAL=šarru[king//king]N'N$šarri",
"f": {"lang": "akk-x-neoass",
"form": "LUGAL",
"cf": "šarru",
"gw": "king",
"sense": "king",
"norm": "šarri",
"pos": "N",
"epos": "N"}
}
,
{
"node": "d",
"type": "line-start",
"ref": "P334253.24",
"n": "6",
"label": "r 6"}
,
{
"node": "l",
"frag": "lip-la-[sa-an-ni]",
"id": "P334253.l01805",
"ref": "P334253.24.1",
"inst": "+palāsu[look (at)]V$liplasanni",
"sig": "@saao/saa13%akk-x-neoass:lip-la-sa-an-ni=palāsu[look (at)//look (at)]V'V$liplasanni",
"f": {"lang": "akk-x-neoass",
"form": "lip-la-sa-an-ni",
"cf": "palāsu",
"gw": "look (at)",
"sense": "look (at)",
"norm": "liplasanni",
"pos": "V",
"epos": "V"}
}
,
{
"node": "d",
"type": "line-start",
"ref": "P334253.25",
"n": "7",
"label": "r 7"}
,
{
"node": "l",
"frag": "DI-mu",
"id": "P334253.l01806",
"ref": "P334253.25.1",
"inst": "šulmu[health]N",
"sig": "@saao/saa13%akk-x-neoass:DI-mu=šulmu[completeness//health]N'N$šulmu",
"f": {"lang": "akk-x-neoass",
"form": "DI-mu",
"cf": "šulmu",
"gw": "completeness",
"sense": "health",
"norm": "šulmu",
"pos": "N",
"epos": "N"}
}
,
{
"node": "l",
"frag": "ša",
"id": "P334253.l01807",
"ref": "P334253.25.2",
"inst": "ša[of]DET",
"sig": "@saao/saa13%akk-x-neoass:ša=ša[of//of]DET'DET$ša",
"f": {"lang": "akk-x-neoass",
"form": "ša",
"cf": "ša",
"gw": "of",
"sense": "of",
"norm": "ša",
"pos": "DET",
"epos": "DET"}
}
,
{
"node": "l",
"frag": "[LUGAL",
"id": "P334253.l01808",
"ref": "P334253.25.3",
"inst": "šarri[king]N",
"sig": "@saao/saa13%akk-x-neoass:LUGAL=šarru[king//king]N'N$šarri",
"f": {"lang": "akk-x-neoass",
"form": "LUGAL",
"cf": "šarru",
"gw": "king",
"sense": "king",
"norm": "šarri",
"pos": "N",
"epos": "N"}
}
,
{
"node": "l",
"frag": "EN]-ia",
"id": "P334253.l01809",
"ref": "P334253.25.4",
"inst": "bēlīya[lord]N",
"sig": "@saao/saa13%akk-x-neoass:EN-ia=bēlu[lord//lord]N'N$bēlīya",
"f": {"lang": "akk-x-neoass",
"form": "EN-ia",
"cf": "bēlu",
"gw": "lord",
"sense": "lord",
"norm": "bēlīya",
"pos": "N",
"epos": "N"}
}
,
{
"node": "d",
"type": "line-start",
"ref": "P334253.26",
"n": "8",
"label": "r 8"}
,
{
"node": "l",
"frag": "ka-a-a-[ma-ni]-u₂",
"id": "P334253.l0180a",
"ref": "P334253.26.1",
"inst": "+kayyamānu[permanent//constantly]AJ'AV$kayamāniu",
"sig": "@saao/saa13%akk-x-neoass:ka-a-a-ma-ni-u₂=kayyamānu[permanent//constantly]AJ'AV$kayamāniu",
"f": {"lang": "akk-x-neoass",
"form": "ka-a-a-ma-ni-u₂",
"cf": "kayyamānu",
"gw": "permanent",
"sense": "constantly",
"norm": "kayamāniu",
"pos": "AJ",
"epos": "AV"}
}
,
{
"node": "d",
"type": "line-start",
"ref": "P334253.27",
"n": "9",
"label": "r 9"}
,
{
"node": "l",
"frag": "liš-pur-[o]-u-ni",
"id": "P334253.l0180b",
"ref": "P334253.27.1",
"inst": "+šapāru[send]V$lišpurūni",
"sig": "@saao/saa13%akk-x-neoass:liš-pur-o-u-ni=šapāru[send//send]V'V$lišpurūni",
"f": {"lang": "akk-x-neoass",
"form": "liš-pur-o-u-ni",
"cf": "šapāru",
"gw": "send",
"sense": "send",
"norm": "lišpurūni",
"pos": "V",
"epos": "V"}
}
,
{
"node": "d",
"type": "line-start",
"ref": "P334253.28",
"n": "10",
"label": "r 10"}
,
{
"node": "l",
"frag": "TA",
"id": "P334253.l0180c",
"ref": "P334253.28.1",
"inst": "issi[with]PRP",
"sig": "@saao/saa13%akk-x-neoass:TA=išti[with//with]PRP'PRP$issi",
"f": {"lang": "akk-x-neoass",
"form": "TA",
"cf": "išti",
"gw": "with",
"sense": "with",
"norm": "issi",
"pos": "PRP",
"epos": "PRP"}
}
,
{
"node": "l",
"frag": "man-ni-⸢ma",
"id": "P334253.l0180d",
"ref": "P334253.28.2",
"inst": "mannimma[who?]QP",
"sig": "@saao/saa13%akk-x-neoass:man-ni-ma=mannu[who?//who?]QP'QP$mannimma",
"f": {"lang": "akk-x-neoass",
"form": "man-ni-ma",
"cf": "mannu",
"gw": "who?",
"sense": "who?",
"norm": "mannimma",
"pos": "QP",
"epos": "QP"}
}
,
{
"node": "l",
"frag": "IGI⸣.2-MEŠ-ia",
"id": "P334253.l0180e",
"ref": "P334253.28.3",
"inst": "ēnātīya[eye]N",
"sig": "@saao/saa13%akk-x-neoass:IGI.2-MEŠ-ia=īnu[eye//eye]N'N$ēnātīya",
"f": {"lang": "akk-x-neoass",
"form": "IGI.2-MEŠ-ia",
"cf": "īnu",
"gw": "eye",
"sense": "eye",
"norm": "ēnātīya",
"pos": "N",
"epos": "N"}
}
,
{
"node": "d",
"type": "line-start",
"ref": "P334253.29",
"n": "11",
"label": "r 11"}
,
{
"node": "l",
"frag": "ša-kan-na",
"id": "P334253.l0180f",
"ref": "P334253.29.1",
"inst": "+šaknu[placed]AJ$šakna",
"newsig": "@saao/saa13%akk-x-neoass:ša-kan-na=šaknu[placed//placed]AJ'AJ$šakna",
"f": {"lang": "akk-x-neoass",
"form": "ša-kan-na",
"cf": "šaknu",
"gw": "placed",
"sense": "placed",
"norm": "šakna",
"pos": "AJ",
"epos": "AJ"}
}
,
{
"node": "d",
"type": "line-start",
"ref": "P334253.30",
"n": "12",
"label": "r 12"}
,
{
"node": "l",
"frag": "ša",
"id": "P334253.l01810",
"ref": "P334253.30.1",
"inst": "ša[that]REL",
"sig": "@saao/saa13%akk-x-neoass:ša=ša[that//that]REL'REL$ša",
"f": {"lang": "akk-x-neoass",
"form": "ša",
"cf": "ša",
"gw": "that",
"sense": "that",
"norm": "ša",
"pos": "REL",
"epos": "REL"}
}
,
{
"node": "l",
"frag": "aš₂-pur-an-ni",
"id": "P334253.l01811",
"ref": "P334253.30.2",
"inst": "ašpuranni[write]V",
"sig": "@saao/saa13%akk-x-neoass:aš₂-pur-an-ni=šapāru[send//write]V'V$ašpuranni",
"f": {"lang": "akk-x-neoass",
"form": "aš₂-pur-an-ni",
"cf": "šapāru",
"gw": "send",
"sense": "write",
"norm": "ašpuranni",
"pos": "V",
"epos": "V"}
}
,
{
"node": "l",
"frag": "ina",
"id": "P334253.l01812",
"ref": "P334253.30.3",
"inst": "+ina[in+=to]PRP$",
"sig": "@saao/saa13%akk-x-neoass:ina=ina[in//in]PRP'PRP$ina",
"f": {"lang": "akk-x-neoass",
"form": "ina",
"cf": "ina",
"gw": "in",
"sense": "in",
"norm": "ina",
"pos": "PRP",
"epos": "PRP"}
}
,
{
"node": "l",
"frag": "IGI",
"id": "P334253.l01813",
"ref": "P334253.30.4",
"inst": "+pānu[front]N$pān",
"sig": "@saao/saa13%akk-x-neoass:IGI=pānu[front//front]N'N$pān",
"f": {"lang": "akk-x-neoass",
"form": "IGI",
"cf": "pānu",
"gw": "front",
"sense": "front",
"norm": "pān",
"pos": "N",
"epos": "N"}
}
,
{
"node": "l",
"frag": "LUGAL",
"id": "P334253.l01814",
"ref": "P334253.30.5",
"inst": "šarri[king]N",
"sig": "@saao/saa13%akk-x-neoass:LUGAL=šarru[king//king]N'N$šarri",
"f": {"lang": "akk-x-neoass",
"form": "LUGAL",
"cf": "šarru",
"gw": "king",
"sense": "king",
"norm": "šarri",
"pos": "N",
"epos": "N"}
}
,
{
"node": "d",
"type": "line-start",
"ref": "P334253.31",
"n": "13",
"label": "r 13"}
,
{
"node": "l",
"frag": "lu-še-ri-⸢bu⸣-[ni]",
"id": "P334253.l01815",
"ref": "P334253.31.1",
"inst": "+erēbu[enter//bring in]V'V$lušēribūni",
"sig": "@saao/saa13%akk-x-neoass:lu-še-ri-bu-ni=erēbu[enter//bring in]V'V$lušēribūni",
"f": {"lang": "akk-x-neoass",
"form": "lu-še-ri-bu-ni",
"cf": "erēbu",
"gw": "enter",
"sense": "bring in",
"norm": "lušēribūni",
"pos": "V",
"epos": "V"}
}
,
{
"node": "d",
"type": "line-start",
"ref": "P334253.32",
"n": "14",
"label": "r 14"}
,
{
"node": "l",
"frag": "la-da-bu-[ub]",
"id": "P334253.l01816",
"ref": "P334253.32.1",
"inst": "ladabub[speak]V",
"sig": "@saao/saa13%akk-x-neoass:la-da-bu-ub=dabābu[speak//speak]V'V$ladabub",
"f": {"lang": "akk-x-neoass",
"form": "la-da-bu-ub",
"cf": "dabābu",
"gw": "speak",
"sense": "speak",
"norm": "ladabub",
"pos": "V",
"epos": "V"}
}
]}
]}
]}
]}
