{
  "type": "cdl",
  "project": "obmc",
  "source": "http://oracc.org/obmc",
  "license": "This data is released under the CC0 license",
  "license-url": "https://creativecommons.org/publicdomain/zero/1.0/",
  "more-info": "http://oracc.org/doc/opendata/",
  "UTC-timestamp": "2017-06-21T22:46:06",
  "textid": "P229038",
  "cdl": [
    {
      "node": "c",
      "type": "text",
      "id": "P229038.U0",
      "cdl": [
        {
          "node": "d",
          "subtype": "tablet",
          "type": "tablet",
          "ref": "P229038.x4.1",
          "label": "x4"
        },
        {
          "node": "d",
          "subtype": "obverse",
          "type": "obverse",
          "ref": "P229038.o.2",
          "label": "o"
        },
        {
          "node": "d",
          "subtype": "column 1o",
          "type": "column",
          "ref": "P229038.o.i.3",
          "n": "1",
          "label": "o i"
        },
        {
          "node": "c",
          "type": "discourse",
          "subtype": "body",
          "id": "P229038.U1",
          "cdl": [
            {
              "node": "c",
              "type": "sentence",
              "id": "P229038.U2",
              "label": "o i 1' - o i 13'",
              "cdl": [
                {
                  "node": "d",
                  "type": "line-start",
                  "ref": "P229038.4",
                  "n": "1'",
                  "label": "o i 1'"
                },
                {
                  "node": "l",
                  "frag": "[ud",
                  "id": "P229038.l00059",
                  "ref": "P229038.4.1",
                  "inst": "ud[day]N",
                  "sig": "@obmc%sux:ud=ud[sun//day]N'N$ud/ud#~",
                  "f": {
                    "lang": "sux",
                    "form": "ud",
                    "delim": " ",
                    "gdl": [
                      {
                        "v": "ud",
                        "id": "P229038.4.1.0",
                        "breakStart": "1",
                        "o": "[",
                        "break": "missing"
                      }
                    ],
                    "cf": "ud",
                    "gw": "sun",
                    "sense": "day",
                    "norm0": "ud",
                    "pos": "N",
                    "epos": "N",
                    "base": "ud",
                    "morph": "~"
                  }
                },
                {
                  "node": "l",
                  "frag": "kur₂-še₃",
                  "id": "P229038.l0005a",
                  "ref": "P229038.4.2",
                  "inst": "kur[(to be) different]V/i",
                  "sig": "@obmc%sux:kur₂-še₃=kur[different//(to be) different]V/i'V/i$kur;*a,eše/kur₂#~;*a,eše",
                  "f": {
                    "lang": "sux",
                    "form": "kur₂-še₃",
                    "delim": " ",
                    "gdl": [
                      {
                        "v": "kur₂",
                        "id": "P229038.4.2.0",
                        "break": "missing",
                        "delim": "-"
                      },
                      {
                        "v": "še₃",
                        "id": "P229038.4.2.1",
                        "break": "missing"
                      }
                    ],
                    "cf": "kur",
                    "gw": "different",
                    "sense": "(to be) different",
                    "norm0": "kur;*a,eše",
                    "pos": "V/i",
                    "epos": "V/i",
                    "base": "kur₂",
                    "morph": "~;*a,eše"
                  }
                },
                {
                  "node": "l",
                  "frag": "lu₂",
                  "id": "P229038.l0005b",
                  "ref": "P229038.4.3",
                  "inst": "lu[man]N",
                  "sig": "@obmc%sux:lu₂=lu[person//man]N'N$lu/lu₂#~",
                  "f": {
                    "lang": "sux",
                    "form": "lu₂",
                    "delim": " ",
                    "gdl": [
                      {
                        "v": "lu₂",
                        "id": "P229038.4.3.0",
                        "break": "missing"
                      }
                    ],
                    "cf": "lu",
                    "gw": "person",
                    "sense": "man",
                    "norm0": "lu",
                    "pos": "N",
                    "epos": "N",
                    "base": "lu₂",
                    "morph": "~"
                  }
                },
                {
                  "node": "l",
                  "frag": "lu₂]-⸢ra⸣",
                  "id": "P229038.l0005c",
                  "ref": "P229038.4.4",
                  "inst": "lu[(s)he who, that which]N",
                  "sig": "@obmc%sux:lu₂-ra=lu[person//(s)he who, that which]N'N$lu,ra/lu₂#~,ra",
                  "f": {
                    "lang": "sux",
                    "form": "lu₂-ra",
                    "gdl": [
                      {
                        "v": "lu₂",
                        "id": "P229038.4.4.0",
                        "break": "missing",
                        "o": "]",
                        "breakEnd": "P229038.4.1.0",
                        "delim": "-"
                      },
                      {
                        "v": "ra",
                        "id": "P229038.4.4.1",
                        "break": "damaged",
                        "queried": "1",
                        "ho": "1",
                        "hc": "1"
                      }
                    ],
                    "cf": "lu",
                    "gw": "person",
                    "sense": "(s)he who, that which",
                    "norm0": "lu,ra",
                    "pos": "N",
                    "epos": "N",
                    "base": "lu₂",
                    "morph": "~,ra"
                  }
                },
                {
                  "node": "d",
                  "type": "line-start",
                  "ref": "P229038.5",
                  "n": "2'",
                  "label": "o i 2'"
                },
                {
                  "node": "l",
                  "frag": "[nu-mu-un]-gi₄-gi₄-⸢de₃⸣",
                  "id": "P229038.l0005d",
                  "ref": "P229038.5.1",
                  "inst": "gi[to turn]V/i",
                  "sig": "@obmc%sux:nu-mu-un-gi₄-gi₄-de₃=gi[turn//to turn]V/i'V/i$nu.mu.n.V:gi;de/gi₄-gi₄#nu.mu.n.V:~;de",
                  "f": {
                    "lang": "sux",
                    "form": "nu-mu-un-gi₄-gi₄-de₃",
                    "gdl": [
                      {
                        "v": "nu",
                        "id": "P229038.5.1.0",
                        "breakStart": "1",
                        "o": "[",
                        "break": "missing",
                        "delim": "-"
                      },
                      {
                        "v": "mu",
                        "id": "P229038.5.1.1",
                        "break": "missing",
                        "delim": "-"
                      },
                      {
                        "v": "un",
                        "id": "P229038.5.1.2",
                        "break": "missing",
                        "o": "]",
                        "breakEnd": "P229038.5.1.0",
                        "delim": "-"
                      },
                      {
                        "v": "gi₄",
                        "id": "P229038.5.1.3",
                        "delim": "-"
                      },
                      {
                        "v": "gi₄",
                        "id": "P229038.5.1.4",
                        "delim": "-"
                      },
                      {
                        "v": "de₃",
                        "id": "P229038.5.1.5",
                        "break": "damaged",
                        "ho": "1",
                        "hc": "1"
                      }
                    ],
                    "cf": "gi",
                    "gw": "turn",
                    "sense": "to turn",
                    "norm0": "nu.mu.n.V:gi;de",
                    "pos": "V/i",
                    "epos": "V/i",
                    "base": "gi₄-gi₄",
                    "morph": "nu.mu.n.V:~;de"
                  }
                },
                {
                  "node": "d",
                  "type": "line-start",
                  "ref": "P229038.6",
                  "n": "3'",
                  "label": "o i 3'"
                },
                {
                  "node": "l",
                  "frag": "[mu",
                  "id": "P229038.l0005e",
                  "ref": "P229038.6.1",
                  "inst": "mu[name]N",
                  "sig": "@obmc%sux:mu=mu[name//name]N'N$mu/mu#~",
                  "f": {
                    "lang": "sux",
                    "form": "mu",
                    "delim": " ",
                    "gdl": [
                      {
                        "v": "mu",
                        "id": "P229038.6.1.0",
                        "breakStart": "1",
                        "o": "[",
                        "break": "missing"
                      }
                    ],
                    "cf": "mu",
                    "gw": "name",
                    "sense": "name",
                    "norm0": "mu",
                    "pos": "N",
                    "epos": "N",
                    "base": "mu",
                    "morph": "~"
                  }
                },
                {
                  "node": "l",
                  "frag": "lugal]-bi",
                  "id": "P229038.l0005f",
                  "ref": "P229038.6.2",
                  "inst": "lugal[king]N",
                  "sig": "@obmc%sux:lugal-bi=lugal[king//king]N'N$lugal,bi/lugal#~,bi",
                  "f": {
                    "lang": "sux",
                    "form": "lugal-bi",
                    "delim": " ",
                    "gdl": [
                      {
                        "v": "lugal",
                        "id": "P229038.6.2.0",
                        "break": "missing",
                        "o": "]",
                        "breakEnd": "P229038.6.1.0",
                        "delim": "-"
                      },
                      {
                        "v": "bi",
                        "id": "P229038.6.2.1"
                      }
                    ],
                    "cf": "lugal",
                    "gw": "king",
                    "sense": "king",
                    "norm0": "lugal,bi",
                    "pos": "N",
                    "epos": "N",
                    "base": "lugal",
                    "morph": "~,bi"
                  }
                },
                {
                  "node": "l",
                  "frag": "teš₂-bi  ;",
                  "id": "P229038.l00060",
                  "ref": "P229038.6.3",
                  "inst": "teš[unity]N",
                  "sig": "@obmc%sux:teš₂-bi=teš[unity//unity]N'N$teš,bi/teš₂#~,bi",
                  "f": {
                    "lang": "sux",
                    "form": "teš₂-bi",
                    "delim": " ",
                    "gdl": [
                      {
                        "v": "teš₂",
                        "id": "P229038.6.3.0",
                        "delim": "-"
                      },
                      {
                        "v": "bi",
                        "id": "P229038.6.3.1"
                      }
                    ],
                    "cf": "teš",
                    "gw": "unity",
                    "sense": "unity",
                    "norm0": "teš,bi",
                    "pos": "N",
                    "epos": "N",
                    "base": "teš₂",
                    "morph": "~,bi"
                  }
                },
                {
                  "node": "l",
                  "frag": "[in]-⸢pad₃⸣-de₃-eš",
                  "id": "P229038.l00061",
                  "ref": "P229038.6.4",
                  "inst": "pad[to swear]V/t",
                  "sig": "@obmc%sux:in-pad₃-de₃-eš=pad[find//to swear]V/t'V/t$V.n:pad;eše/pad₃#V.n:~;eše",
                  "f": {
                    "lang": "sux",
                    "form": "in-pad₃-de₃-eš",
                    "gdl": [
                      {
                        "v": "in",
                        "id": "P229038.6.4.0",
                        "breakStart": "1",
                        "o": "]",
                        "break": "missing",
                        "breakEnd": "P229038.6.4.0",
                        "delim": "-"
                      },
                      {
                        "v": "pad₃",
                        "id": "P229038.6.4.1",
                        "break": "damaged",
                        "ho": "1",
                        "delim": "-",
                        "hc": "1"
                      },
                      {
                        "v": "de₃",
                        "id": "P229038.6.4.2",
                        "delim": "-"
                      },
                      {
                        "v": "eš",
                        "id": "P229038.6.4.3"
                      }
                    ],
                    "cf": "pad",
                    "gw": "find",
                    "sense": "to swear",
                    "norm0": "V.n:pad;eše",
                    "pos": "V/t",
                    "epos": "V/t",
                    "base": "pad₃",
                    "morph": "V.n:~;eše"
                  }
                },
                {
                  "node": "d",
                  "type": "line-start",
                  "ref": "P229038.7",
                  "n": "4'",
                  "label": "o i 4'"
                },
                {
                  "node": "l",
                  "frag": "{[m}lu₂]-diŋir-ra",
                  "id": "P229038.l00062",
                  "ref": "P229038.7.1",
                  "inst": "Lu-diŋira[]PN/{m}lu₂-diŋir-ra#~",
                  "sig": "@obmc%sux:{m}lu₂-diŋir-ra=Lu-diŋira[1//1]PN'PN$Lu-diŋira/{m}lu₂-diŋir-ra#~",
                  "f": {
                    "lang": "sux",
                    "form": "{m}lu₂-diŋir-ra",
                    "delim": " ",
                    "gdl": [
                      {
                        "det": "semantic",
                        "pos": "pre",
                        "seq": [
                          {
                            "v": "m",
                            "id": "P229038.7.1.0",
                            "breakStart": "1",
                            "o": "[",
                            "break": "missing"
                          }
                        ]
                      },
                      {
                        "v": "lu₂",
                        "id": "P229038.7.1.1",
                        "break": "missing",
                        "o": "]",
                        "breakEnd": "P229038.7.1.0",
                        "delim": "-"
                      },
                      {
                        "v": "diŋir",
                        "id": "P229038.7.1.2",
                        "delim": "-"
                      },
                      {
                        "v": "ra",
                        "id": "P229038.7.1.3"
                      }
                    ],
                    "cf": "Lu-diŋira",
                    "gw": "1",
                    "sense": "1",
                    "norm0": "Lu-diŋira",
                    "pos": "PN",
                    "epos": "PN",
                    "base": "{m}lu₂-diŋir-ra",
                    "morph": "~"
                  }
                },
                {
                  "node": "l",
                  "frag": "šeš-gal",
                  "id": "P229038.l00063",
                  "ref": "P229038.7.2",
                  "inst": "šešgal[a foreman]N",
                  "sig": "@obmc%sux:šeš-gal=šešgal[relation//a foreman]N'N$šešgal/šeš-gal#~",
                  "f": {
                    "lang": "sux",
                    "form": "šeš-gal",
                    "gdl": [
                      {
                        "v": "šeš",
                        "id": "P229038.7.2.0",
                        "delim": "-"
                      },
                      {
                        "v": "gal",
                        "id": "P229038.7.2.1"
                      }
                    ],
                    "cf": "šešgal",
                    "gw": "relation",
                    "sense": "a foreman",
                    "norm0": "šešgal",
                    "pos": "N",
                    "epos": "N",
                    "base": "šeš-gal",
                    "morph": "~"
                  }
                },
                {
                  "node": "d",
                  "type": "line-start",
                  "ref": "P229038.8",
                  "n": "5'",
                  "label": "o i 5'"
                },
                {
                  "node": "l",
                  "frag": "[u₃",
                  "id": "P229038.l00064",
                  "ref": "P229038.8.1",
                  "inst": "u[and]CNJ",
                  "sig": "@obmc%sux:u₃=u[and//and]CNJ'CNJ$u/u₃#~",
                  "f": {
                    "lang": "sux",
                    "form": "u₃",
                    "delim": " ",
                    "gdl": [
                      {
                        "v": "u₃",
                        "id": "P229038.8.1.0",
                        "breakStart": "1",
                        "o": "[",
                        "queried": "1",
                        "break": "missing"
                      }
                    ],
                    "cf": "u",
                    "gw": "and",
                    "sense": "and",
                    "norm0": "u",
                    "pos": "CNJ",
                    "epos": "CNJ",
                    "base": "u₃",
                    "morph": "~"
                  }
                },
                {
                  "node": "l",
                  "frag": "{m}{d]}⸢SUEN⸣-APIN",
                  "id": "P229038.l00065",
                  "ref": "P229038.8.2",
                  "inst": "Sin-ereš[]PN/{m}{d}SUEN-APIN#~",
                  "sig": "@obmc%sux:{m}{d}SUEN-APIN=Sin-ereš[1//1]PN'PN$Sin-ereš/{m}{d}SUEN-APIN#~",
                  "f": {
                    "lang": "sux",
                    "form": "{m}{d}SUEN-APIN",
                    "delim": " ",
                    "gdl": [
                      {
                        "det": "semantic",
                        "pos": "pre",
                        "seq": [
                          {
                            "v": "m",
                            "id": "P229038.8.2.0",
                            "break": "missing"
                          }
                        ]
                      },
                      {
                        "det": "semantic",
                        "pos": "pre",
                        "seq": [
                          {
                            "v": "d",
                            "id": "P229038.8.2.1",
                            "break": "missing",
                            "o": "]",
                            "breakEnd": "P229038.8.1.0"
                          }
                        ]
                      },
                      {
                        "s": "SUEN",
                        "id": "P229038.8.2.2",
                        "break": "damaged",
                        "ho": "1",
                        "delim": "-",
                        "hc": "1"
                      },
                      {
                        "s": "APIN",
                        "id": "P229038.8.2.3"
                      }
                    ],
                    "cf": "Sin-ereš",
                    "gw": "1",
                    "sense": "1",
                    "norm0": "Sin-ereš",
                    "pos": "PN",
                    "epos": "PN",
                    "base": "{m}{d}SUEN-APIN",
                    "morph": "~"
                  }
                },
                {
                  "node": "l",
                  "frag": "šeš-a-ni",
                  "id": "P229038.l00066",
                  "ref": "P229038.8.3",
                  "inst": "šeš[brother]N",
                  "sig": "@obmc%sux:šeš-a-ni=šeš[brother//brother]N'N$šeš,ani/šeš#~,ani",
                  "f": {
                    "lang": "sux",
                    "form": "šeš-a-ni",
                    "gdl": [
                      {
                        "v": "šeš",
                        "id": "P229038.8.3.0",
                        "delim": "-"
                      },
                      {
                        "v": "a",
                        "id": "P229038.8.3.1",
                        "delim": "-"
                      },
                      {
                        "v": "ni",
                        "id": "P229038.8.3.2"
                      }
                    ],
                    "cf": "šeš",
                    "gw": "brother",
                    "sense": "brother",
                    "norm0": "šeš,ani",
                    "pos": "N",
                    "epos": "N",
                    "base": "šeš",
                    "morph": "~,ani"
                  }
                },
                {
                  "node": "d",
                  "type": "line-start",
                  "ref": "P229038.9",
                  "n": "6'",
                  "label": "o i 6'"
                },
                {
                  "node": "l",
                  "frag": "[itud-da]",
                  "id": "P229038.l00067",
                  "ref": "P229038.9.1",
                  "inst": "itud[month]N",
                  "sig": "@obmc%sux:itud-da=itud[moon//month]N'N$itud,ak/itud+-da=d.a#~,ak",
                  "f": {
                    "lang": "sux",
                    "form": "itud-da",
                    "delim": " ",
                    "gdl": [
                      {
                        "v": "itud",
                        "id": "P229038.9.1.0",
                        "breakStart": "1",
                        "o": "[",
                        "break": "missing",
                        "delim": "-"
                      },
                      {
                        "v": "da",
                        "id": "P229038.9.1.1",
                        "break": "missing",
                        "o": "]",
                        "breakEnd": "P229038.9.1.0"
                      }
                    ],
                    "cf": "itud",
                    "gw": "moon",
                    "sense": "month",
                    "norm0": "itud,ak",
                    "pos": "N",
                    "epos": "N",
                    "base": "itud",
                    "cont": "-da=d.a",
                    "morph": "~,ak"
                  }
                },
                {
                  "node": "l",
                  "frag": "3(ban₂)",
                  "id": "P229038.l00068",
                  "ref": "P229038.9.2",
                  "inst": "n",
                  "f": {
                    "lang": "sux",
                    "form": "3(ban₂)",
                    "delim": " ",
                    "gdl": [
                      {
                        "n": "n",
                        "form": "3(ban₂)",
                        "id": "P229038.9.2.0",
                        "seq": [
                          {
                            "r": "3"
                          },
                          {
                            "v": "ban₂"
                          }
                        ]
                      }
                    ],
                    "pos": "n"
                  }
                },
                {
                  "node": "l",
                  "frag": "še-ta-am₃",
                  "id": "P229038.l00069",
                  "ref": "P229038.9.3",
                  "inst": "še[barley]N",
                  "sig": "@obmc%sux:še-ta-am₃=še[barley//barley]N'N$še,ta.am/še#~,ta.am",
                  "f": {
                    "lang": "sux",
                    "form": "še-ta-am₃",
                    "gdl": [
                      {
                        "v": "še",
                        "id": "P229038.9.3.0",
                        "delim": "-"
                      },
                      {
                        "v": "ta",
                        "id": "P229038.9.3.1",
                        "delim": "-"
                      },
                      {
                        "v": "am₃",
                        "id": "P229038.9.3.2"
                      }
                    ],
                    "cf": "še",
                    "gw": "barley",
                    "sense": "barley",
                    "norm0": "še,ta.am",
                    "pos": "N",
                    "epos": "N",
                    "base": "še",
                    "morph": "~,ta.am"
                  }
                },
                {
                  "node": "d",
                  "type": "line-start",
                  "ref": "P229038.10",
                  "n": "7'",
                  "label": "o i 7'"
                },
                {
                  "node": "l",
                  "frag": "[...]",
                  "id": "P229038.l0006a",
                  "ref": "P229038.10.1",
                  "inst": "u",
                  "f": {
                    "lang": "sux",
                    "form": "x",
                    "delim": " ",
                    "gdl": [
                      {
                        "x": "ellipsis",
                        "id": "P229038.10.1.0",
                        "breakStart": "1",
                        "break": "missing",
                        "o": "]",
                        "breakEnd": "P229038.10.1.0"
                      }
                    ],
                    "pos": "u"
                  }
                },
                {
                  "node": "l",
                  "frag": "⸢zid₂⸣-gu-ta-am₃",
                  "id": "P229038.l0006b",
                  "ref": "P229038.10.2",
                  "inst": "zidgu[flour]N/zid₂-gu#~,ta.am",
                  "sig": "@obmc%sux:zid₂-gu-ta-am₃=zidgu[flour//flour]N'N$zidgu,ta.am/zid₂-gu#~,ta.am",
                  "f": {
                    "lang": "sux",
                    "form": "zid₂-gu-ta-am₃",
                    "gdl": [
                      {
                        "v": "zid₂",
                        "id": "P229038.10.2.0",
                        "break": "damaged",
                        "ho": "1",
                        "delim": "-",
                        "hc": "1"
                      },
                      {
                        "v": "gu",
                        "id": "P229038.10.2.1",
                        "delim": "-"
                      },
                      {
                        "v": "ta",
                        "id": "P229038.10.2.2",
                        "delim": "-"
                      },
                      {
                        "v": "am₃",
                        "id": "P229038.10.2.3"
                      }
                    ],
                    "cf": "zidgu",
                    "gw": "flour",
                    "sense": "flour",
                    "norm0": "zidgu,ta.am",
                    "pos": "N",
                    "epos": "N",
                    "base": "zid₂-gu",
                    "morph": "~,ta.am"
                  }
                },
                {
                  "node": "d",
                  "type": "line-start",
                  "ref": "P229038.11",
                  "n": "8'",
                  "label": "o i 8'"
                },
                {
                  "node": "l",
                  "frag": "[mu-am₃",
                  "id": "P229038.l0006c",
                  "ref": "P229038.11.1",
                  "inst": "mu[year]N",
                  "sig": "@obmc%sux:mu-am₃=mu[year//year]N'N$mu,am/mu#~,am",
                  "f": {
                    "lang": "sux",
                    "form": "mu-am₃",
                    "delim": " ",
                    "gdl": [
                      {
                        "v": "mu",
                        "id": "P229038.11.1.0",
                        "breakStart": "1",
                        "o": "[",
                        "break": "missing",
                        "delim": "-"
                      },
                      {
                        "v": "am₃",
                        "id": "P229038.11.1.1",
                        "queried": "1",
                        "break": "missing"
                      }
                    ],
                    "cf": "mu",
                    "gw": "year",
                    "sense": "year",
                    "norm0": "mu,am",
                    "pos": "N",
                    "epos": "N",
                    "base": "mu",
                    "morph": "~,am"
                  }
                },
                {
                  "node": "l",
                  "frag": "2+4",
                  "id": "P229038.l0006d",
                  "ref": "P229038.11.2",
                  "inst": "n",
                  "f": {
                    "lang": "sux",
                    "form": "2+4",
                    "delim": " ",
                    "gdl": [
                      {
                        "gg": "ligature",
                        "gdl_type": "ligature",
                        "group": [
                          {
                            "n": "n",
                            "sexified": "2(diš)",
                            "form": "2",
                            "id": "P229038.11.2.0",
                            "break": "missing",
                            "o": "]",
                            "breakEnd": "P229038.11.1.0",
                            "delim": "+",
                            "seq": [
                              {
                                "r": "2"
                              }
                            ]
                          },
                          {
                            "n": "n",
                            "sexified": "4(diš)",
                            "form": "4",
                            "id": "P229038.11.2.1",
                            "seq": [
                              {
                                "r": "4"
                              }
                            ]
                          }
                        ]
                      }
                    ],
                    "pos": "n"
                  }
                },
                {
                  "node": "l",
                  "frag": "ma-na",
                  "id": "P229038.l0006e",
                  "ref": "P229038.11.3",
                  "inst": "mana[a unit of weight]N",
                  "sig": "@obmc%sux:ma-na=mana[unit//a unit of weight]N'N$mana/ma-na#~",
                  "f": {
                    "lang": "sux",
                    "form": "ma-na",
                    "gdl": [
                      {
                        "v": "ma",
                        "id": "P229038.11.3.0",
                        "delim": "-"
                      },
                      {
                        "v": "na",
                        "id": "P229038.11.3.1"
                      }
                    ],
                    "cf": "mana",
                    "gw": "unit",
                    "sense": "a unit of weight",
                    "norm0": "mana",
                    "pos": "N",
                    "epos": "N",
                    "base": "ma-na",
                    "morph": "~"
                  }
                },
                {
                  "node": "d",
                  "type": "line-start",
                  "ref": "P229038.12",
                  "n": "9'",
                  "label": "o i 9'"
                },
                {
                  "node": "l",
                  "frag": "[siki]-⸢ta⸣-am₃",
                  "id": "P229038.l0006f",
                  "ref": "P229038.12.1",
                  "inst": "siki[hair]N",
                  "sig": "@obmc%sux:siki-ta-am₃=siki[hair//hair]N'N$siki,ta.am/siki#~,ta.am",
                  "f": {
                    "lang": "sux",
                    "form": "siki-ta-am₃",
                    "gdl": [
                      {
                        "v": "siki",
                        "id": "P229038.12.1.0",
                        "breakStart": "1",
                        "o": "]",
                        "break": "missing",
                        "breakEnd": "P229038.12.1.0",
                        "delim": "-"
                      },
                      {
                        "v": "ta",
                        "id": "P229038.12.1.1",
                        "break": "damaged",
                        "ho": "1",
                        "delim": "-",
                        "hc": "1"
                      },
                      {
                        "v": "am₃",
                        "id": "P229038.12.1.2"
                      }
                    ],
                    "cf": "siki",
                    "gw": "hair",
                    "sense": "hair",
                    "norm0": "siki,ta.am",
                    "pos": "N",
                    "epos": "N",
                    "base": "siki",
                    "morph": "~,ta.am"
                  }
                },
                {
                  "node": "d",
                  "type": "line-start",
                  "ref": "P229038.13",
                  "n": "10'",
                  "label": "o i 10'"
                },
                {
                  "node": "l",
                  "frag": "[u₃",
                  "id": "P229038.l00070",
                  "ref": "P229038.13.1",
                  "inst": "u[and]CNJ",
                  "sig": "@obmc%sux:u₃=u[and//and]CNJ'CNJ$u/u₃#~",
                  "f": {
                    "lang": "sux",
                    "form": "u₃",
                    "delim": " ",
                    "gdl": [
                      {
                        "v": "u₃",
                        "id": "P229038.13.1.0",
                        "breakStart": "1",
                        "o": "[",
                        "queried": "1",
                        "break": "missing"
                      }
                    ],
                    "cf": "u",
                    "gw": "and",
                    "sense": "and",
                    "norm0": "u",
                    "pos": "CNJ",
                    "epos": "CNJ",
                    "base": "u₃",
                    "morph": "~"
                  }
                },
                {
                  "node": "l",
                  "frag": "1+6(diš)",
                  "id": "P229038.l00071",
                  "ref": "P229038.13.2",
                  "inst": "n",
                  "f": {
                    "lang": "sux",
                    "form": "1+6(diš)",
                    "delim": " ",
                    "gdl": [
                      {
                        "gg": "ligature",
                        "gdl_type": "ligature",
                        "group": [
                          {
                            "n": "n",
                            "sexified": "1(diš)",
                            "form": "1",
                            "id": "P229038.13.2.0",
                            "break": "missing",
                            "o": "]",
                            "breakEnd": "P229038.13.1.0",
                            "delim": "+",
                            "seq": [
                              {
                                "r": "1"
                              }
                            ]
                          },
                          {
                            "n": "n",
                            "form": "6(diš)",
                            "id": "P229038.13.2.1",
                            "break": "damaged",
                            "ho": "1",
                            "hc": "1",
                            "seq": [
                              {
                                "r": "6"
                              },
                              {
                                "v": "diš"
                              }
                            ]
                          }
                        ]
                      }
                    ],
                    "pos": "n"
                  }
                },
                {
                  "node": "l",
                  "frag": "sila₃",
                  "id": "P229038.l00072",
                  "ref": "P229038.13.3",
                  "inst": "sila[a unit of capacity]N",
                  "sig": "@obmc%sux:sila₃=sila[unit//a unit of capacity]N'N$sila/sila₃#~",
                  "f": {
                    "lang": "sux",
                    "form": "sila₃",
                    "gdl": [
                      {
                        "v": "sila₃",
                        "id": "P229038.13.3.0"
                      }
                    ],
                    "cf": "sila",
                    "gw": "unit",
                    "sense": "a unit of capacity",
                    "norm0": "sila",
                    "pos": "N",
                    "epos": "N",
                    "base": "sila₃",
                    "morph": "~"
                  }
                },
                {
                  "node": "d",
                  "type": "line-start",
                  "ref": "P229038.14",
                  "n": "11'",
                  "label": "o i 11'"
                },
                {
                  "node": "l",
                  "frag": "[i₃-ŋeš-ta]-am₃",
                  "id": "P229038.l00073",
                  "ref": "P229038.14.1",
                  "inst": "iŋeš[oil]N",
                  "sig": "@obmc%sux:i₃-ŋeš-ta-am₃=iŋeš[oil//oil]N'N$iŋeš,ta.am/i₃-ŋeš#~,ta.am",
                  "f": {
                    "lang": "sux",
                    "form": "i₃-ŋeš-ta-am₃",
                    "gdl": [
                      {
                        "v": "i₃",
                        "id": "P229038.14.1.0",
                        "breakStart": "1",
                        "o": "[",
                        "break": "missing",
                        "delim": "-"
                      },
                      {
                        "v": "ŋeš",
                        "id": "P229038.14.1.1",
                        "break": "missing",
                        "delim": "-"
                      },
                      {
                        "v": "ta",
                        "id": "P229038.14.1.2",
                        "break": "missing",
                        "o": "]",
                        "breakEnd": "P229038.14.1.0",
                        "delim": "-"
                      },
                      {
                        "v": "am₃",
                        "id": "P229038.14.1.3"
                      }
                    ],
                    "cf": "iŋeš",
                    "gw": "oil",
                    "sense": "oil",
                    "norm0": "iŋeš,ta.am",
                    "pos": "N",
                    "epos": "N",
                    "base": "i₃-ŋeš",
                    "morph": "~,ta.am"
                  }
                },
                {
                  "node": "d",
                  "type": "line-start",
                  "ref": "P229038.15",
                  "n": "12'",
                  "label": "o i 12'"
                },
                {
                  "node": "l",
                  "frag": "[in-na-ab-kalag]-⸢ge⸣-ne",
                  "id": "P229038.l00074",
                  "ref": "P229038.15.1",
                  "inst": "kalag[strong//to provide for]V/i'V/t/kalag#V.na.b:~;e.ene",
                  "sig": "@obmc%sux:in-na-ab-kalag-ge-ne=kalag[strong//to provide for]V/i'V/t$V.na.b:kalag;e.ene/kalag#V.na.b:~;e.ene",
                  "f": {
                    "lang": "sux",
                    "form": "in-na-ab-kalag-ge-ne",
                    "gdl": [
                      {
                        "v": "in",
                        "id": "P229038.15.1.0",
                        "breakStart": "1",
                        "o": "[",
                        "break": "missing",
                        "delim": "-"
                      },
                      {
                        "v": "na",
                        "id": "P229038.15.1.1",
                        "break": "missing",
                        "delim": "-"
                      },
                      {
                        "v": "ab",
                        "id": "P229038.15.1.2",
                        "break": "missing",
                        "delim": "-"
                      },
                      {
                        "v": "kalag",
                        "id": "P229038.15.1.3",
                        "break": "missing",
                        "o": "]",
                        "breakEnd": "P229038.15.1.0",
                        "delim": "-"
                      },
                      {
                        "v": "ge",
                        "id": "P229038.15.1.4",
                        "break": "damaged",
                        "queried": "1",
                        "ho": "1",
                        "delim": "-",
                        "hc": "1"
                      },
                      {
                        "v": "ne",
                        "id": "P229038.15.1.5"
                      }
                    ],
                    "cf": "kalag",
                    "gw": "strong",
                    "sense": "to provide for",
                    "norm0": "V.na.b:kalag;e.ene",
                    "pos": "V/i",
                    "epos": "V/t",
                    "base": "kalag",
                    "morph": "V.na.b:~;e.ene"
                  }
                },
                {
                  "node": "d",
                  "type": "line-start",
                  "ref": "P229038.16",
                  "n": "13'",
                  "label": "o i 13'"
                },
                {
                  "node": "l",
                  "frag": "[...]",
                  "id": "P229038.l00075",
                  "ref": "P229038.16.1",
                  "inst": "u",
                  "f": {
                    "lang": "sux",
                    "form": "x",
                    "delim": " ",
                    "gdl": [
                      {
                        "x": "ellipsis",
                        "id": "P229038.16.1.0",
                        "breakStart": "1",
                        "break": "missing",
                        "o": "]",
                        "breakEnd": "P229038.16.1.0"
                      }
                    ],
                    "pos": "u"
                  }
                },
                {
                  "node": "l",
                  "frag": "⸢x⸣",
                  "id": "P229038.l00076",
                  "ref": "P229038.16.2",
                  "inst": "u",
                  "f": {
                    "lang": "sux",
                    "form": "x",
                    "gdl": [
                      {
                        "v": "x",
                        "id": "P229038.16.2.0",
                        "break": "damaged",
                        "ho": "1",
                        "hc": "1"
                      }
                    ],
                    "pos": "u"
                  }
                },
                {
                  "node": "d",
                  "type": "nonx",
                  "ref": "P229038.17",
                  "strict": "1",
                  "extent": "rest",
                  "scope": "column",
                  "state": "missing"
                }
              ]
            }
          ]
        }
      ]
    }
  ]
}
