{
  "type": "cdl",
  "project": "obmc",
  "source": "http://oracc.org/obmc",
  "license": "This data is released under the CC0 license",
  "license-url": "https://creativecommons.org/publicdomain/zero/1.0/",
  "more-info": "http://oracc.org/doc/opendata/",
  "UTC-timestamp": "2017-06-21T22:46:11",
  "textid": "P230698",
  "cdl": [
    {
      "node": "c",
      "type": "text",
      "id": "P230698.U0",
      "cdl": [
        {
          "node": "d",
          "subtype": "tablet",
          "type": "tablet",
          "ref": "P230698.x35.1",
          "label": "x35"
        },
        {
          "node": "d",
          "subtype": "reverse",
          "type": "reverse",
          "ref": "P230698.r.2",
          "label": "r"
        },
        {
          "node": "d",
          "subtype": "column 1r",
          "type": "column",
          "ref": "P230698.r.i.3",
          "n": "1",
          "label": "r i"
        },
        {
          "node": "c",
          "type": "discourse",
          "subtype": "body",
          "id": "P230698.U1",
          "cdl": [
            {
              "node": "c",
              "type": "sentence",
              "id": "P230698.U2",
              "label": "r i 1' - r i 10'",
              "cdl": [
                {
                  "node": "d",
                  "type": "line-start",
                  "ref": "P230698.4",
                  "n": "1'",
                  "label": "r i 1'"
                },
                {
                  "node": "l",
                  "frag": "x-x-[...]",
                  "id": "P230698.l006cb",
                  "ref": "P230698.4.1",
                  "inst": "u",
                  "f": {
                    "lang": "sux",
                    "form": "x-x-x",
                    "gdl": [
                      {
                        "v": "x",
                        "id": "P230698.4.1.0",
                        "delim": "-"
                      },
                      {
                        "v": "x",
                        "id": "P230698.4.1.1",
                        "delim": "-"
                      },
                      {
                        "x": "ellipsis",
                        "id": "P230698.4.1.2",
                        "breakStart": "1",
                        "break": "missing",
                        "o": "]",
                        "breakEnd": "P230698.4.1.2"
                      }
                    ],
                    "pos": "u"
                  }
                },
                {
                  "node": "d",
                  "type": "line-start",
                  "ref": "P230698.5",
                  "n": "2'",
                  "label": "r i 2'"
                },
                {
                  "node": "l",
                  "frag": "x-x-[...]",
                  "id": "P230698.l006cc",
                  "ref": "P230698.5.1",
                  "inst": "u",
                  "f": {
                    "lang": "sux",
                    "form": "x-x-x",
                    "gdl": [
                      {
                        "v": "x",
                        "id": "P230698.5.1.0",
                        "delim": "-"
                      },
                      {
                        "v": "x",
                        "id": "P230698.5.1.1",
                        "delim": "-"
                      },
                      {
                        "x": "ellipsis",
                        "id": "P230698.5.1.2",
                        "breakStart": "1",
                        "break": "missing",
                        "o": "]",
                        "breakEnd": "P230698.5.1.2"
                      }
                    ],
                    "pos": "u"
                  }
                },
                {
                  "node": "d",
                  "type": "line-start",
                  "ref": "P230698.6",
                  "n": "3'",
                  "label": "r i 3'"
                },
                {
                  "node": "c",
                  "type": "phrase",
                  "tag": "phr",
                  "id": "P230698.U4",
                  "ref": "P230698.ls00000",
                  "cdl": [
                    {
                      "node": "l",
                      "frag": "šu",
                      "id": "P230698.l006cd",
                      "ref": "P230698.6.1",
                      "inst": "šu[hand]N",
                      "sig": "@obmc%sux:šu=šu[hand//hand]N'N$šu/šu#~",
                      "f": {
                        "lang": "sux",
                        "form": "šu",
                        "delim": " ",
                        "gdl": [
                          {
                            "v": "šu",
                            "id": "P230698.6.1.0"
                          }
                        ],
                        "cf": "šu",
                        "gw": "hand",
                        "sense": "hand",
                        "norm0": "šu",
                        "pos": "N",
                        "epos": "N",
                        "base": "šu",
                        "morph": "~"
                      }
                    },
                    {
                      "node": "l",
                      "frag": "ba-an-⸢ti⸣",
                      "id": "P230698.l006ce",
                      "ref": "P230698.6.2",
                      "inst": "teŋ[approach]V/i",
                      "sig": "@obmc%sux:ba-an-ti=teŋ[approach//approach]V/i'V/i$ba.n:teŋ/ti#ba.n:~",
                      "f": {
                        "lang": "sux",
                        "form": "ba-an-ti",
                        "gdl": [
                          {
                            "v": "ba",
                            "id": "P230698.6.2.0",
                            "delim": "-"
                          },
                          {
                            "v": "an",
                            "id": "P230698.6.2.1",
                            "delim": "-"
                          },
                          {
                            "v": "ti",
                            "id": "P230698.6.2.2",
                            "break": "damaged",
                            "ho": "1",
                            "hc": "1"
                          }
                        ],
                        "cf": "teŋ",
                        "gw": "approach",
                        "sense": "approach",
                        "norm0": "ba.n:teŋ",
                        "pos": "V/i",
                        "epos": "V/i",
                        "base": "ti",
                        "morph": "ba.n:~"
                      }
                    }
                  ]
                },
                {
                  "node": "d",
                  "type": "line-start",
                  "ref": "P230698.7",
                  "n": "4'",
                  "label": "r i 4'"
                },
                {
                  "node": "l",
                  "frag": "{iti}šeg₁₂-a-ka",
                  "id": "P230698.l006cf",
                  "ref": "P230698.7.1",
                  "inst": "Šega[1]MN",
                  "sig": "@obmc%sux:{iti}šeg₁₂-a-ka=Šega[1//1]MN'MN$Šega,ak.a/{iti}šeg₁₂-a#~,ak.a",
                  "f": {
                    "lang": "sux",
                    "form": "{iti}šeg₁₂-a-ka",
                    "gdl": [
                      {
                        "det": "semantic",
                        "pos": "pre",
                        "seq": [
                          {
                            "v": "iti",
                            "id": "P230698.7.1.0"
                          }
                        ]
                      },
                      {
                        "v": "šeg₁₂",
                        "id": "P230698.7.1.1",
                        "delim": "-"
                      },
                      {
                        "v": "a",
                        "id": "P230698.7.1.2",
                        "delim": "-"
                      },
                      {
                        "v": "ka",
                        "id": "P230698.7.1.3"
                      }
                    ],
                    "cf": "Šega",
                    "gw": "1",
                    "sense": "1",
                    "norm0": "Šega,ak.a",
                    "pos": "MN",
                    "epos": "MN",
                    "base": "{iti}šeg₁₂-a",
                    "morph": "~,ak.a"
                  }
                },
                {
                  "node": "d",
                  "type": "line-start",
                  "ref": "P230698.8",
                  "n": "5'",
                  "label": "r i 5'"
                },
                {
                  "node": "l",
                  "frag": "gur-ru-dam",
                  "id": "P230698.l006d0",
                  "ref": "P230698.8.1",
                  "inst": "gur[to turn, return, come back]V/i",
                  "sig": "@obmc%sux:gur-ru-dam=gur[turn//to turn, return, come back]V/i'V/i$gur;ed.am/gur+-ru=r.u#~;ed.am",
                  "f": {
                    "lang": "sux",
                    "form": "gur-ru-dam",
                    "gdl": [
                      {
                        "v": "gur",
                        "id": "P230698.8.1.0",
                        "delim": "-"
                      },
                      {
                        "v": "ru",
                        "id": "P230698.8.1.1",
                        "delim": "-"
                      },
                      {
                        "v": "dam",
                        "id": "P230698.8.1.2"
                      }
                    ],
                    "cf": "gur",
                    "gw": "turn",
                    "sense": "to turn, return, come back",
                    "norm0": "gur;ed.am",
                    "pos": "V/i",
                    "epos": "V/i",
                    "base": "gur",
                    "cont": "-ru=r.u",
                    "morph": "~;ed.am"
                  }
                },
                {
                  "node": "d",
                  "type": "nonx",
                  "ref": "P230698.9",
                  "strict": "1",
                  "extent": "2",
                  "scope": "line",
                  "state": "ruling"
                },
                {
                  "node": "d",
                  "type": "line-start",
                  "ref": "P230698.10",
                  "n": "6'",
                  "label": "r i 6'"
                },
                {
                  "node": "l",
                  "frag": "7(aš)",
                  "id": "P230698.l006d1",
                  "ref": "P230698.10.1",
                  "inst": "n",
                  "f": {
                    "lang": "sux",
                    "form": "7(aš)",
                    "delim": " ",
                    "gdl": [
                      {
                        "n": "n",
                        "form": "7(aš)",
                        "id": "P230698.10.1.0",
                        "seq": [
                          {
                            "r": "7"
                          },
                          {
                            "v": "aš"
                          }
                        ]
                      }
                    ],
                    "pos": "n"
                  }
                },
                {
                  "node": "l",
                  "frag": "še",
                  "id": "P230698.l006d2",
                  "ref": "P230698.10.2",
                  "inst": "še[barley]N",
                  "sig": "@obmc%sux:še=še[barley//barley]N'N$še/še#~",
                  "f": {
                    "lang": "sux",
                    "form": "še",
                    "delim": " ",
                    "gdl": [
                      {
                        "v": "še",
                        "id": "P230698.10.2.0"
                      }
                    ],
                    "cf": "še",
                    "gw": "barley",
                    "sense": "barley",
                    "norm0": "še",
                    "pos": "N",
                    "epos": "N",
                    "base": "še",
                    "morph": "~"
                  }
                },
                {
                  "node": "l",
                  "frag": "gur",
                  "id": "P230698.l006d3",
                  "ref": "P230698.10.3",
                  "inst": "gur[unit of capacity]N",
                  "sig": "@obmc%sux:gur=gur[unit//unit of capacity]N'N$gur/gur#~",
                  "f": {
                    "lang": "sux",
                    "form": "gur",
                    "gdl": [
                      {
                        "v": "gur",
                        "id": "P230698.10.3.0"
                      }
                    ],
                    "cf": "gur",
                    "gw": "unit",
                    "sense": "unit of capacity",
                    "norm0": "gur",
                    "pos": "N",
                    "epos": "N",
                    "base": "gur",
                    "morph": "~"
                  }
                },
                {
                  "node": "d",
                  "type": "line-start",
                  "ref": "P230698.11",
                  "n": "7'",
                  "label": "r i 7'"
                },
                {
                  "node": "l",
                  "frag": "maš₂",
                  "id": "P230698.l006d4",
                  "ref": "P230698.11.1",
                  "inst": "maš[interest (on a loan)]N",
                  "sig": "@obmc%sux:maš₂=maš[interest//interest (on a loan)]N'N$maš/maš₂#~",
                  "f": {
                    "lang": "sux",
                    "form": "maš₂",
                    "delim": " ",
                    "gdl": [
                      {
                        "v": "maš₂",
                        "id": "P230698.11.1.0"
                      }
                    ],
                    "cf": "maš",
                    "gw": "interest",
                    "sense": "interest (on a loan)",
                    "norm0": "maš",
                    "pos": "N",
                    "epos": "N",
                    "base": "maš₂",
                    "morph": "~"
                  }
                },
                {
                  "node": "l",
                  "frag": "nu-ub-tuku",
                  "id": "P230698.l006d5",
                  "ref": "P230698.11.2",
                  "inst": "tuku[to acquire, get]V/t",
                  "sig": "@obmc%sux:nu-ub-tuku=tuku[acquire//to acquire, get]V/t'V/t$nu.V.b:tuku/tuku#nu.V.b:~",
                  "f": {
                    "lang": "sux",
                    "form": "nu-ub-tuku",
                    "gdl": [
                      {
                        "v": "nu",
                        "id": "P230698.11.2.0",
                        "delim": "-"
                      },
                      {
                        "v": "ub",
                        "id": "P230698.11.2.1",
                        "delim": "-"
                      },
                      {
                        "v": "tuku",
                        "id": "P230698.11.2.2"
                      }
                    ],
                    "cf": "tuku",
                    "gw": "acquire",
                    "sense": "to acquire, get",
                    "norm0": "nu.V.b:tuku",
                    "pos": "V/t",
                    "epos": "V/t",
                    "base": "tuku",
                    "morph": "nu.V.b:~"
                  }
                },
                {
                  "node": "d",
                  "type": "line-start",
                  "ref": "P230698.12",
                  "n": "8'",
                  "label": "r i 8'"
                },
                {
                  "node": "l",
                  "frag": "ki",
                  "id": "P230698.l006d6",
                  "ref": "P230698.12.1",
                  "inst": "ki[place]N",
                  "sig": "@obmc%sux:ki=ki[place//place]N'N$ki/ki#~",
                  "f": {
                    "lang": "sux",
                    "form": "ki",
                    "delim": " ",
                    "gdl": [
                      {
                        "v": "ki",
                        "id": "P230698.12.1.0"
                      }
                    ],
                    "cf": "ki",
                    "gw": "place",
                    "sense": "place",
                    "norm0": "ki",
                    "pos": "N",
                    "epos": "N",
                    "base": "ki",
                    "morph": "~"
                  }
                },
                {
                  "node": "l",
                  "frag": "lugal-niŋ₂-zu-ta",
                  "id": "P230698.l006d7",
                  "ref": "P230698.12.2",
                  "inst": "Lugal-niŋzu[1]PN",
                  "sig": "@obmc%sux:lugal-niŋ₂-zu-ta=Lugal-niŋzu[1//1]PN'PN$Lugal-niŋzu,ta/lugal-niŋ₂-zu#~,ta",
                  "f": {
                    "lang": "sux",
                    "form": "lugal-niŋ₂-zu-ta",
                    "gdl": [
                      {
                        "v": "lugal",
                        "id": "P230698.12.2.0",
                        "delim": "-"
                      },
                      {
                        "v": "niŋ₂",
                        "id": "P230698.12.2.1",
                        "delim": "-"
                      },
                      {
                        "v": "zu",
                        "id": "P230698.12.2.2",
                        "delim": "-"
                      },
                      {
                        "v": "ta",
                        "id": "P230698.12.2.3"
                      }
                    ],
                    "cf": "Lugal-niŋzu",
                    "gw": "1",
                    "sense": "1",
                    "norm0": "Lugal-niŋzu,ta",
                    "pos": "PN",
                    "epos": "PN",
                    "base": "lugal-niŋ₂-zu",
                    "morph": "~,ta"
                  }
                },
                {
                  "node": "d",
                  "type": "line-start",
                  "ref": "P230698.13",
                  "n": "9'",
                  "label": "r i 9'"
                },
                {
                  "node": "l",
                  "frag": "{m}x-zi-ia-x",
                  "id": "P230698.l006d8",
                  "ref": "P230698.13.1",
                  "inst": "u",
                  "f": {
                    "lang": "sux",
                    "form": "{m}x-zi-ia-x",
                    "gdl": [
                      {
                        "det": "semantic",
                        "pos": "pre",
                        "seq": [
                          {
                            "v": "m",
                            "id": "P230698.13.1.0"
                          }
                        ]
                      },
                      {
                        "v": "x",
                        "id": "P230698.13.1.1",
                        "delim": "-"
                      },
                      {
                        "v": "zi",
                        "id": "P230698.13.1.2",
                        "delim": "-"
                      },
                      {
                        "v": "ia",
                        "id": "P230698.13.1.3",
                        "delim": "-"
                      },
                      {
                        "v": "x",
                        "id": "P230698.13.1.4"
                      }
                    ],
                    "pos": "u"
                  }
                },
                {
                  "node": "d",
                  "type": "line-start",
                  "ref": "P230698.14",
                  "n": "10'",
                  "label": "r i 10'"
                },
                {
                  "node": "c",
                  "type": "phrase",
                  "tag": "phr",
                  "id": "P230698.U5",
                  "ref": "P230698.ls00001",
                  "cdl": [
                    {
                      "node": "l",
                      "frag": "⸢šu",
                      "id": "P230698.l006d9",
                      "ref": "P230698.14.1",
                      "inst": "šu[hand]N",
                      "sig": "@obmc%sux:šu=šu[hand//hand]N'N$šu/šu#~",
                      "f": {
                        "lang": "sux",
                        "form": "šu",
                        "delim": " ",
                        "gdl": [
                          {
                            "v": "šu",
                            "id": "P230698.14.1.0",
                            "break": "damaged",
                            "ho": "1"
                          }
                        ],
                        "cf": "šu",
                        "gw": "hand",
                        "sense": "hand",
                        "norm0": "šu",
                        "pos": "N",
                        "epos": "N",
                        "base": "šu",
                        "morph": "~"
                      }
                    },
                    {
                      "node": "l",
                      "frag": "ba⸣-an-⸢ti⸣",
                      "id": "P230698.l006da",
                      "ref": "P230698.14.2",
                      "inst": "teŋ[approach]V/i",
                      "sig": "@obmc%sux:ba-an-ti=teŋ[approach//approach]V/i'V/i$ba.n:teŋ/ti#ba.n:~",
                      "f": {
                        "lang": "sux",
                        "form": "ba-an-ti",
                        "gdl": [
                          {
                            "v": "ba",
                            "id": "P230698.14.2.0",
                            "break": "damaged",
                            "delim": "-",
                            "hc": "1"
                          },
                          {
                            "v": "an",
                            "id": "P230698.14.2.1",
                            "delim": "-"
                          },
                          {
                            "v": "ti",
                            "id": "P230698.14.2.2",
                            "break": "damaged",
                            "ho": "1",
                            "hc": "1"
                          }
                        ],
                        "cf": "teŋ",
                        "gw": "approach",
                        "sense": "approach",
                        "norm0": "ba.n:teŋ",
                        "pos": "V/i",
                        "epos": "V/i",
                        "base": "ti",
                        "morph": "ba.n:~"
                      }
                    }
                  ]
                },
                {
                  "node": "d",
                  "type": "nonx",
                  "ref": "P230698.15",
                  "strict": "1",
                  "extent": "rest",
                  "scope": "column",
                  "state": "missing"
                }
              ]
            }
          ]
        }
      ]
    },
    {
      "linkbase": [
        {
          "type": "linkset",
          "xlink_title": "šu teŋ[accept//to accept]V/t'V/t",
          "id": "P230698.ls00000",
          "xlink_type": "extended",
          "xlink_role": "psu",
          "sig": "{šu ba-an-ti = šu[hand]N teŋ[approach]V/i += šu teŋ[accept//to accept]V/t'V/t}::@obmc%sux:šu=šu[hand//hand]N'N$šu/šu#~++@obmc%sux:ba-an-ti=teŋ[approach//to approach]V/i'V/i$ba.n:teŋ/ti#ba.n:~",
          "links": [
            {
              "type": "link",
              "xlink_title": "šu",
              "xlink_type": "locator",
              "xlink_href": "#P230698.l006cd",
              "xlink_role": "elt"
            },
            {
              "type": "link",
              "xlink_title": "teŋ",
              "xlink_type": "locator",
              "xlink_href": "#P230698.l006ce",
              "xlink_role": "elt"
            }
          ]
        },
        {
          "type": "linkset",
          "xlink_title": "šu teŋ[accept//to accept]V/t'V/t",
          "id": "P230698.ls00001",
          "xlink_type": "extended",
          "xlink_role": "psu",
          "sig": "{šu ba-an-ti = šu[hand]N teŋ[approach]V/i += šu teŋ[accept//to accept]V/t'V/t}::@obmc%sux:šu=šu[hand//hand]N'N$šu/šu#~++@obmc%sux:ba-an-ti=teŋ[approach//to approach]V/i'V/i$ba.n:teŋ/ti#ba.n:~",
          "links": [
            {
              "type": "link",
              "xlink_title": "šu",
              "xlink_type": "locator",
              "xlink_href": "#P230698.l006d9",
              "xlink_role": "elt"
            },
            {
              "type": "link",
              "xlink_title": "teŋ",
              "xlink_type": "locator",
              "xlink_href": "#P230698.l006da",
              "xlink_role": "elt"
            }
          ]
        }
      ]
    }
  ]
}
