{
  "type": "cdl",
  "project": "obmc",
  "source": "http://oracc.org/obmc",
  "license": "This data is released under the CC0 license",
  "license-url": "https://creativecommons.org/publicdomain/zero/1.0/",
  "more-info": "http://oracc.org/doc/opendata/",
  "UTC-timestamp": "2017-06-21T22:46:10",
  "textid": "P230662",
  "cdl": [
    {
      "node": "c",
      "type": "text",
      "id": "P230662.U0",
      "cdl": [
        {
          "node": "d",
          "subtype": "tablet",
          "type": "tablet",
          "ref": "P230662.x29.1",
          "label": "x29"
        },
        {
          "node": "d",
          "subtype": "obverse",
          "type": "obverse",
          "ref": "P230662.o.2",
          "label": "o"
        },
        {
          "node": "d",
          "subtype": "column 1o '",
          "type": "column",
          "ref": "P230662.o.i_.3",
          "n": "1",
          "label": "o i'"
        },
        {
          "node": "c",
          "type": "discourse",
          "subtype": "body",
          "id": "P230662.U1",
          "cdl": [
            {
              "node": "c",
              "type": "sentence",
              "id": "P230662.U2",
              "label": "o i' 1' - o ii' 11'",
              "cdl": [
                {
                  "node": "d",
                  "type": "line-start",
                  "ref": "P230662.4",
                  "n": "1'",
                  "label": "o i' 1'"
                },
                {
                  "node": "l",
                  "frag": "[n",
                  "id": "P230662.l005ed",
                  "ref": "P230662.4.1",
                  "inst": "n",
                  "f": {
                    "lang": "sux",
                    "form": "n",
                    "delim": " ",
                    "gdl": [
                      {
                        "v": "n",
                        "id": "P230662.4.1.0",
                        "breakStart": "1",
                        "o": "[",
                        "break": "missing"
                      }
                    ],
                    "pos": "n"
                  }
                },
                {
                  "node": "l",
                  "frag": "giŋ₄",
                  "id": "P230662.l005ee",
                  "ref": "P230662.4.2",
                  "inst": "giŋ[a unit of weight, shekel]N",
                  "sig": "@obmc%sux:giŋ₄=giŋ[unit//a unit of weight, shekel]N'N$giŋ/giŋ₄#~",
                  "f": {
                    "lang": "sux",
                    "form": "giŋ₄",
                    "delim": " ",
                    "gdl": [
                      {
                        "v": "giŋ₄",
                        "id": "P230662.4.2.0",
                        "break": "missing"
                      }
                    ],
                    "cf": "giŋ",
                    "gw": "unit",
                    "sense": "a unit of weight, shekel",
                    "norm0": "giŋ",
                    "pos": "N",
                    "epos": "N",
                    "base": "giŋ₄",
                    "morph": "~"
                  }
                },
                {
                  "node": "l",
                  "frag": "kug]-babbar",
                  "id": "P230662.l005ef",
                  "ref": "P230662.4.3",
                  "inst": "kugbabbar[silver]N",
                  "sig": "@obmc%sux:kug-babbar=kugbabbar[silver//silver]N'N$kugbabbar/kug-babbar#~",
                  "f": {
                    "lang": "sux",
                    "form": "kug-babbar",
                    "gdl": [
                      {
                        "v": "kug",
                        "id": "P230662.4.3.0",
                        "break": "missing",
                        "o": "]",
                        "breakEnd": "P230662.4.1.0",
                        "delim": "-"
                      },
                      {
                        "v": "babbar",
                        "id": "P230662.4.3.1"
                      }
                    ],
                    "cf": "kugbabbar",
                    "gw": "silver",
                    "sense": "silver",
                    "norm0": "kugbabbar",
                    "pos": "N",
                    "epos": "N",
                    "base": "kug-babbar",
                    "morph": "~"
                  }
                },
                {
                  "node": "d",
                  "type": "line-start",
                  "ref": "P230662.5",
                  "n": "2'",
                  "label": "o i' 2'"
                },
                {
                  "node": "l",
                  "frag": "[ki",
                  "id": "P230662.l005f0",
                  "ref": "P230662.5.1",
                  "inst": "ki[place]N",
                  "sig": "@obmc%sux:ki=ki[place//place]N'N$ki/ki#~",
                  "f": {
                    "lang": "sux",
                    "form": "ki",
                    "delim": " ",
                    "gdl": [
                      {
                        "v": "ki",
                        "id": "P230662.5.1.0",
                        "breakStart": "1",
                        "o": "[",
                        "break": "missing"
                      }
                    ],
                    "cf": "ki",
                    "gw": "place",
                    "sense": "place",
                    "norm0": "ki",
                    "pos": "N",
                    "epos": "N",
                    "base": "ki",
                    "morph": "~"
                  }
                },
                {
                  "node": "l",
                  "frag": "...]-ta",
                  "id": "P230662.l005f1",
                  "ref": "P230662.5.2",
                  "inst": "u",
                  "f": {
                    "lang": "sux",
                    "form": "x-ta",
                    "gdl": [
                      {
                        "x": "ellipsis",
                        "id": "P230662.5.2.0",
                        "break": "missing",
                        "o": "]",
                        "breakEnd": "P230662.5.1.0",
                        "delim": "-"
                      },
                      {
                        "v": "ta",
                        "id": "P230662.5.2.1"
                      }
                    ],
                    "pos": "u"
                  }
                },
                {
                  "node": "d",
                  "type": "line-start",
                  "ref": "P230662.6",
                  "n": "3'",
                  "label": "o i' 3'"
                },
                {
                  "node": "l",
                  "frag": "{[m}...]-TUM-ke₄",
                  "id": "P230662.l005f2",
                  "ref": "P230662.6.1",
                  "inst": "u",
                  "f": {
                    "lang": "sux",
                    "form": "{m}x-TUM-ke₄",
                    "gdl": [
                      {
                        "det": "semantic",
                        "pos": "pre",
                        "seq": [
                          {
                            "v": "m",
                            "id": "P230662.6.1.0",
                            "breakStart": "1",
                            "o": "[",
                            "break": "missing"
                          }
                        ]
                      },
                      {
                        "x": "ellipsis",
                        "id": "P230662.6.1.1",
                        "break": "missing",
                        "o": "]",
                        "breakEnd": "P230662.6.1.0",
                        "delim": "-"
                      },
                      {
                        "s": "TUM",
                        "id": "P230662.6.1.2",
                        "delim": "-"
                      },
                      {
                        "v": "ke₄",
                        "id": "P230662.6.1.3"
                      }
                    ],
                    "pos": "u"
                  }
                },
                {
                  "node": "d",
                  "type": "line-start",
                  "ref": "P230662.7",
                  "n": "4'",
                  "label": "o i' 4'"
                },
                {
                  "node": "c",
                  "type": "phrase",
                  "tag": "phr",
                  "id": "P230662.U4",
                  "ref": "P230662.ls00000",
                  "cdl": [
                    {
                      "node": "l",
                      "frag": "[šu",
                      "id": "P230662.l005f3",
                      "ref": "P230662.7.1",
                      "inst": "šu[hand]N",
                      "sig": "@obmc%sux:šu=šu[hand//hand]N'N$šu/šu#~",
                      "f": {
                        "lang": "sux",
                        "form": "šu",
                        "delim": " ",
                        "gdl": [
                          {
                            "v": "šu",
                            "id": "P230662.7.1.0",
                            "breakStart": "1",
                            "o": "[",
                            "break": "missing"
                          }
                        ],
                        "cf": "šu",
                        "gw": "hand",
                        "sense": "hand",
                        "norm0": "šu",
                        "pos": "N",
                        "epos": "N",
                        "base": "šu",
                        "morph": "~"
                      }
                    },
                    {
                      "node": "l",
                      "frag": "ba]-⸢an⸣-ti",
                      "id": "P230662.l005f4",
                      "ref": "P230662.7.2",
                      "inst": "teŋ[approach]V/i",
                      "sig": "@obmc%sux:ba-an-ti=teŋ[approach//approach]V/i'V/i$ba.n:teŋ/ti#ba.n:~",
                      "f": {
                        "lang": "sux",
                        "form": "ba-an-ti",
                        "gdl": [
                          {
                            "v": "ba",
                            "id": "P230662.7.2.0",
                            "break": "missing",
                            "o": "]",
                            "breakEnd": "P230662.7.1.0",
                            "delim": "-"
                          },
                          {
                            "v": "an",
                            "id": "P230662.7.2.1",
                            "break": "damaged",
                            "ho": "1",
                            "delim": "-",
                            "hc": "1"
                          },
                          {
                            "v": "ti",
                            "id": "P230662.7.2.2"
                          }
                        ],
                        "cf": "teŋ",
                        "gw": "approach",
                        "sense": "approach",
                        "norm0": "ba.n:teŋ",
                        "pos": "V/i",
                        "epos": "V/i",
                        "base": "ti",
                        "morph": "ba.n:~"
                      }
                    }
                  ]
                },
                {
                  "node": "d",
                  "type": "line-start",
                  "ref": "P230662.8",
                  "n": "5'",
                  "label": "o i' 5'"
                },
                {
                  "node": "l",
                  "frag": "{[iti}NE-NE]-ŋar-ka",
                  "id": "P230662.l005f5",
                  "ref": "P230662.8.1",
                  "inst": "NE.NE.ŋar[1]MN",
                  "sig": "@obmc%sux:{iti}NE-NE-ŋar-ka=NE.NE.ŋar[1//1]MN'MN$NE.NE.ŋar,ak.a/{iti}NE-NE-ŋar#~,ak.a",
                  "f": {
                    "lang": "sux",
                    "form": "{iti}NE-NE-ŋar-ka",
                    "gdl": [
                      {
                        "det": "semantic",
                        "pos": "pre",
                        "seq": [
                          {
                            "v": "iti",
                            "id": "P230662.8.1.0",
                            "breakStart": "1",
                            "o": "[",
                            "break": "missing"
                          }
                        ]
                      },
                      {
                        "s": "NE",
                        "id": "P230662.8.1.1",
                        "break": "missing",
                        "delim": "-"
                      },
                      {
                        "s": "NE",
                        "id": "P230662.8.1.2",
                        "break": "missing",
                        "o": "]",
                        "breakEnd": "P230662.8.1.0",
                        "delim": "-"
                      },
                      {
                        "v": "ŋar",
                        "id": "P230662.8.1.3",
                        "delim": "-"
                      },
                      {
                        "v": "ka",
                        "id": "P230662.8.1.4"
                      }
                    ],
                    "cf": "NE.NE.ŋar",
                    "gw": "1",
                    "sense": "1",
                    "norm0": "NE.NE.ŋar,ak.a",
                    "pos": "MN",
                    "epos": "MN",
                    "base": "{iti}NE-NE-ŋar",
                    "morph": "~,ak.a"
                  }
                },
                {
                  "node": "d",
                  "type": "line-start",
                  "ref": "P230662.9",
                  "n": "6'",
                  "label": "o i' 6'"
                },
                {
                  "node": "l",
                  "frag": "[šum₂]-mu-dam",
                  "id": "P230662.l005f6",
                  "ref": "P230662.9.1",
                  "inst": "šum[to give]V/t",
                  "sig": "@obmc%sux:šum₂-mu-dam=šum[give//to give]V/t'V/t$šum;ed.am/šum₂+-mu=m.u#~;ed.am",
                  "f": {
                    "lang": "sux",
                    "form": "šum₂-mu-dam",
                    "gdl": [
                      {
                        "v": "šum₂",
                        "id": "P230662.9.1.0",
                        "breakStart": "1",
                        "o": "]",
                        "break": "missing",
                        "breakEnd": "P230662.9.1.0",
                        "delim": "-"
                      },
                      {
                        "v": "mu",
                        "id": "P230662.9.1.1",
                        "delim": "-"
                      },
                      {
                        "v": "dam",
                        "id": "P230662.9.1.2"
                      }
                    ],
                    "cf": "šum",
                    "gw": "give",
                    "sense": "to give",
                    "norm0": "šum;ed.am",
                    "pos": "V/t",
                    "epos": "V/t",
                    "base": "šum₂",
                    "cont": "-mu=m.u",
                    "morph": "~;ed.am"
                  }
                },
                {
                  "node": "d",
                  "type": "nonx",
                  "ref": "P230662.10",
                  "strict": "1",
                  "extent": "2",
                  "scope": "line",
                  "state": "ruling"
                },
                {
                  "node": "d",
                  "type": "line-start",
                  "ref": "P230662.11",
                  "n": "7'",
                  "label": "o i' 7'"
                },
                {
                  "node": "l",
                  "frag": "[n]",
                  "id": "P230662.l005f7",
                  "ref": "P230662.11.1",
                  "inst": "n",
                  "f": {
                    "lang": "sux",
                    "form": "n",
                    "delim": " ",
                    "gdl": [
                      {
                        "v": "n",
                        "id": "P230662.11.1.0",
                        "breakStart": "1",
                        "o": "]",
                        "break": "missing",
                        "breakEnd": "P230662.11.1.0"
                      }
                    ],
                    "pos": "n"
                  }
                },
                {
                  "node": "l",
                  "frag": "giŋ₄",
                  "id": "P230662.l005f8",
                  "ref": "P230662.11.2",
                  "inst": "giŋ[a unit of weight, shekel]N",
                  "sig": "@obmc%sux:giŋ₄=giŋ[unit//a unit of weight, shekel]N'N$giŋ/giŋ₄#~",
                  "f": {
                    "lang": "sux",
                    "form": "giŋ₄",
                    "delim": " ",
                    "gdl": [
                      {
                        "v": "giŋ₄",
                        "id": "P230662.11.2.0"
                      }
                    ],
                    "cf": "giŋ",
                    "gw": "unit",
                    "sense": "a unit of weight, shekel",
                    "norm0": "giŋ",
                    "pos": "N",
                    "epos": "N",
                    "base": "giŋ₄",
                    "morph": "~"
                  }
                },
                {
                  "node": "l",
                  "frag": "kug-babbar",
                  "id": "P230662.l005f9",
                  "ref": "P230662.11.3",
                  "inst": "kugbabbar[silver]N",
                  "sig": "@obmc%sux:kug-babbar=kugbabbar[silver//silver]N'N$kugbabbar/kug-babbar#~",
                  "f": {
                    "lang": "sux",
                    "form": "kug-babbar",
                    "gdl": [
                      {
                        "v": "kug",
                        "id": "P230662.11.3.0",
                        "delim": "-"
                      },
                      {
                        "v": "babbar",
                        "id": "P230662.11.3.1"
                      }
                    ],
                    "cf": "kugbabbar",
                    "gw": "silver",
                    "sense": "silver",
                    "norm0": "kugbabbar",
                    "pos": "N",
                    "epos": "N",
                    "base": "kug-babbar",
                    "morph": "~"
                  }
                },
                {
                  "node": "d",
                  "type": "line-start",
                  "ref": "P230662.12",
                  "n": "8'",
                  "label": "o i' 8'"
                },
                {
                  "node": "l",
                  "frag": "[maš₂",
                  "id": "P230662.l005fa",
                  "ref": "P230662.12.1",
                  "inst": "maš[interest (on a loan)]N",
                  "sig": "@obmc%sux:maš₂=maš[interest//interest (on a loan)]N'N$maš/maš₂#~",
                  "f": {
                    "lang": "sux",
                    "form": "maš₂",
                    "delim": " ",
                    "gdl": [
                      {
                        "v": "maš₂",
                        "id": "P230662.12.1.0",
                        "breakStart": "1",
                        "o": "[",
                        "break": "missing"
                      }
                    ],
                    "cf": "maš",
                    "gw": "interest",
                    "sense": "interest (on a loan)",
                    "norm0": "maš",
                    "pos": "N",
                    "epos": "N",
                    "base": "maš₂",
                    "morph": "~"
                  }
                },
                {
                  "node": "l",
                  "frag": "1",
                  "id": "P230662.l005fb",
                  "ref": "P230662.12.2",
                  "inst": "n",
                  "f": {
                    "lang": "sux",
                    "form": "1",
                    "delim": " ",
                    "gdl": [
                      {
                        "n": "n",
                        "sexified": "1(diš)",
                        "form": "1",
                        "id": "P230662.12.2.0",
                        "break": "missing",
                        "seq": [
                          {
                            "r": "1"
                          }
                        ]
                      }
                    ],
                    "pos": "n"
                  }
                },
                {
                  "node": "l",
                  "frag": "ma]-na",
                  "id": "P230662.l005fc",
                  "ref": "P230662.12.3",
                  "inst": "mana[a unit of weight]N",
                  "sig": "@obmc%sux:ma-na=mana[unit//a unit of weight]N'N$mana/ma-na#~",
                  "f": {
                    "lang": "sux",
                    "form": "ma-na",
                    "delim": " ",
                    "gdl": [
                      {
                        "v": "ma",
                        "id": "P230662.12.3.0",
                        "break": "missing",
                        "o": "]",
                        "breakEnd": "P230662.12.1.0",
                        "delim": "-"
                      },
                      {
                        "v": "na",
                        "id": "P230662.12.3.1",
                        "queried": "1"
                      }
                    ],
                    "cf": "mana",
                    "gw": "unit",
                    "sense": "a unit of weight",
                    "norm0": "mana",
                    "pos": "N",
                    "epos": "N",
                    "base": "ma-na",
                    "morph": "~"
                  }
                },
                {
                  "node": "l",
                  "frag": "12",
                  "id": "P230662.l005fd",
                  "ref": "P230662.12.4",
                  "inst": "n",
                  "f": {
                    "lang": "sux",
                    "form": "12",
                    "delim": " ",
                    "gdl": [
                      {
                        "n": "n",
                        "sexified": "1(u) 2(diš)",
                        "form": "12",
                        "id": "P230662.12.4.0",
                        "seq": [
                          {
                            "r": "12"
                          }
                        ]
                      }
                    ],
                    "pos": "n"
                  }
                },
                {
                  "node": "l",
                  "frag": "giŋ₄-ta",
                  "id": "P230662.l005fe",
                  "ref": "P230662.12.5",
                  "inst": "giŋ[unit of weight]N",
                  "sig": "@obmc%sux:giŋ₄-ta=giŋ[unit of weight//unit of weight]N'N$giŋ,ta/giŋ₄#~,ta",
                  "f": {
                    "lang": "sux",
                    "form": "giŋ₄-ta",
                    "gdl": [
                      {
                        "v": "giŋ₄",
                        "id": "P230662.12.5.0",
                        "delim": "-"
                      },
                      {
                        "v": "ta",
                        "id": "P230662.12.5.1"
                      }
                    ],
                    "cf": "giŋ",
                    "gw": "unit of weight",
                    "sense": "unit of weight",
                    "norm0": "giŋ,ta",
                    "pos": "N",
                    "epos": "N",
                    "base": "giŋ₄",
                    "morph": "~,ta"
                  }
                },
                {
                  "node": "d",
                  "type": "line-start",
                  "ref": "P230662.13",
                  "n": "9'",
                  "label": "o i' 9'"
                },
                {
                  "node": "l",
                  "frag": "[tah]-⸢he⸣-dam",
                  "id": "P230662.l005ff",
                  "ref": "P230662.13.1",
                  "inst": "tah[to add, increase]V/t",
                  "sig": "@obmc%sux:tah-he-dam=tah[add//to add, increase]V/t'V/t$tah;ed.am/tah+-he=h.e#~;ed.am",
                  "f": {
                    "lang": "sux",
                    "form": "tah-he-dam",
                    "gdl": [
                      {
                        "v": "tah",
                        "id": "P230662.13.1.0",
                        "breakStart": "1",
                        "o": "]",
                        "break": "missing",
                        "breakEnd": "P230662.13.1.0",
                        "delim": "-"
                      },
                      {
                        "v": "he",
                        "id": "P230662.13.1.1",
                        "break": "damaged",
                        "ho": "1",
                        "delim": "-",
                        "hc": "1"
                      },
                      {
                        "v": "dam",
                        "id": "P230662.13.1.2"
                      }
                    ],
                    "cf": "tah",
                    "gw": "add",
                    "sense": "to add, increase",
                    "norm0": "tah;ed.am",
                    "pos": "V/t",
                    "epos": "V/t",
                    "base": "tah",
                    "cont": "-he=h.e",
                    "morph": "~;ed.am"
                  }
                },
                {
                  "node": "d",
                  "type": "line-start",
                  "ref": "P230662.14",
                  "n": "10'",
                  "label": "o i' 10'"
                },
                {
                  "node": "l",
                  "frag": "[ki",
                  "id": "P230662.l00600",
                  "ref": "P230662.14.1",
                  "inst": "ki[place]N",
                  "sig": "@obmc%sux:ki=ki[place//place]N'N$ki/ki#~",
                  "f": {
                    "lang": "sux",
                    "form": "ki",
                    "delim": " ",
                    "gdl": [
                      {
                        "v": "ki",
                        "id": "P230662.14.1.0",
                        "breakStart": "1",
                        "o": "[",
                        "break": "missing"
                      }
                    ],
                    "cf": "ki",
                    "gw": "place",
                    "sense": "place",
                    "norm0": "ki",
                    "pos": "N",
                    "epos": "N",
                    "base": "ki",
                    "morph": "~"
                  }
                },
                {
                  "node": "l",
                  "frag": "...]-x-ta",
                  "id": "P230662.l00601",
                  "ref": "P230662.14.2",
                  "inst": "u",
                  "f": {
                    "lang": "sux",
                    "form": "x-x-ta",
                    "gdl": [
                      {
                        "x": "ellipsis",
                        "id": "P230662.14.2.0",
                        "break": "missing",
                        "o": "]",
                        "breakEnd": "P230662.14.1.0",
                        "delim": "-"
                      },
                      {
                        "v": "x",
                        "id": "P230662.14.2.1",
                        "delim": "-"
                      },
                      {
                        "v": "ta",
                        "id": "P230662.14.2.2"
                      }
                    ],
                    "pos": "u"
                  }
                },
                {
                  "node": "d",
                  "type": "line-start",
                  "ref": "P230662.15",
                  "n": "11'",
                  "label": "o i' 11'"
                },
                {
                  "node": "l",
                  "frag": "[...]",
                  "id": "P230662.l00602",
                  "ref": "P230662.15.1",
                  "inst": "u",
                  "f": {
                    "lang": "sux",
                    "form": "x",
                    "delim": " ",
                    "gdl": [
                      {
                        "x": "ellipsis",
                        "id": "P230662.15.1.0",
                        "breakStart": "1",
                        "break": "missing",
                        "o": "]",
                        "breakEnd": "P230662.15.1.0"
                      }
                    ],
                    "pos": "u"
                  }
                },
                {
                  "node": "l",
                  "frag": "x",
                  "id": "P230662.l00603",
                  "ref": "P230662.15.2",
                  "inst": "u",
                  "f": {
                    "lang": "sux",
                    "form": "x",
                    "gdl": [
                      {
                        "v": "x",
                        "id": "P230662.15.2.0"
                      }
                    ],
                    "pos": "u"
                  }
                },
                {
                  "node": "d",
                  "type": "nonx",
                  "ref": "P230662.16",
                  "strict": "1",
                  "extent": "rest",
                  "scope": "column",
                  "state": "missing"
                },
                {
                  "node": "d",
                  "subtype": "column 2o '",
                  "type": "column",
                  "ref": "P230662.o.ii_.17",
                  "n": "2",
                  "label": "o ii'"
                },
                {
                  "node": "d",
                  "type": "line-start",
                  "ref": "P230662.18",
                  "n": "1'",
                  "label": "o ii' 1'"
                },
                {
                  "node": "l",
                  "frag": "⸢šum₂-mu⸣-[dam]",
                  "id": "P230662.l00604",
                  "ref": "P230662.18.1",
                  "inst": "šum[to give]V/t",
                  "sig": "@obmc%sux:šum₂-mu-dam=šum[give//to give]V/t'V/t$šum;ed.am/šum₂+-mu=m.u#~;ed.am",
                  "f": {
                    "lang": "sux",
                    "form": "šum₂-mu-dam",
                    "gdl": [
                      {
                        "v": "šum₂",
                        "id": "P230662.18.1.0",
                        "break": "damaged",
                        "queried": "1",
                        "ho": "1",
                        "delim": "-"
                      },
                      {
                        "v": "mu",
                        "id": "P230662.18.1.1",
                        "break": "damaged",
                        "delim": "-",
                        "hc": "1"
                      },
                      {
                        "v": "dam",
                        "id": "P230662.18.1.2",
                        "breakStart": "1",
                        "o": "]",
                        "break": "missing",
                        "breakEnd": "P230662.18.1.2"
                      }
                    ],
                    "cf": "šum",
                    "gw": "give",
                    "sense": "to give",
                    "norm0": "šum;ed.am",
                    "pos": "V/t",
                    "epos": "V/t",
                    "base": "šum₂",
                    "cont": "-mu=m.u",
                    "morph": "~;ed.am"
                  }
                },
                {
                  "node": "d",
                  "type": "nonx",
                  "ref": "P230662.19",
                  "strict": "1",
                  "extent": "2",
                  "scope": "line",
                  "state": "ruling"
                },
                {
                  "node": "d",
                  "type": "line-start",
                  "ref": "P230662.20",
                  "n": "2'",
                  "label": "o ii' 2'"
                },
                {
                  "node": "l",
                  "frag": "4",
                  "id": "P230662.l00605",
                  "ref": "P230662.20.1",
                  "inst": "n",
                  "f": {
                    "lang": "sux",
                    "form": "4",
                    "delim": " ",
                    "gdl": [
                      {
                        "n": "n",
                        "sexified": "4(diš)",
                        "form": "4",
                        "id": "P230662.20.1.0",
                        "seq": [
                          {
                            "r": "4"
                          }
                        ]
                      }
                    ],
                    "pos": "n"
                  }
                },
                {
                  "node": "l",
                  "frag": "giŋ₄",
                  "id": "P230662.l00606",
                  "ref": "P230662.20.2",
                  "inst": "giŋ[a unit of weight, shekel]N",
                  "sig": "@obmc%sux:giŋ₄=giŋ[unit//a unit of weight, shekel]N'N$giŋ/giŋ₄#~",
                  "f": {
                    "lang": "sux",
                    "form": "giŋ₄",
                    "delim": " ",
                    "gdl": [
                      {
                        "v": "giŋ₄",
                        "id": "P230662.20.2.0"
                      }
                    ],
                    "cf": "giŋ",
                    "gw": "unit",
                    "sense": "a unit of weight, shekel",
                    "norm0": "giŋ",
                    "pos": "N",
                    "epos": "N",
                    "base": "giŋ₄",
                    "morph": "~"
                  }
                },
                {
                  "node": "l",
                  "frag": "⸢kug⸣-[babbar]",
                  "id": "P230662.l00607",
                  "ref": "P230662.20.3",
                  "inst": "kugbabbar[silver]N",
                  "sig": "@obmc%sux:kug-babbar=kugbabbar[silver//silver]N'N$kugbabbar/kug-babbar#~",
                  "f": {
                    "lang": "sux",
                    "form": "kug-babbar",
                    "gdl": [
                      {
                        "v": "kug",
                        "id": "P230662.20.3.0",
                        "break": "damaged",
                        "ho": "1",
                        "delim": "-",
                        "hc": "1"
                      },
                      {
                        "v": "babbar",
                        "id": "P230662.20.3.1",
                        "breakStart": "1",
                        "o": "]",
                        "break": "missing",
                        "breakEnd": "P230662.20.3.1"
                      }
                    ],
                    "cf": "kugbabbar",
                    "gw": "silver",
                    "sense": "silver",
                    "norm0": "kugbabbar",
                    "pos": "N",
                    "epos": "N",
                    "base": "kug-babbar",
                    "morph": "~"
                  }
                },
                {
                  "node": "d",
                  "type": "line-start",
                  "ref": "P230662.21",
                  "n": "3'",
                  "label": "o ii' 3'"
                },
                {
                  "node": "l",
                  "frag": "šag₄",
                  "id": "P230662.l00608",
                  "ref": "P230662.21.1",
                  "inst": "šag[in, inside]N",
                  "sig": "@obmc%sux:šag₄=šag[heart//in, inside]N'N$šag/šag₄#~",
                  "f": {
                    "lang": "sux",
                    "form": "šag₄",
                    "delim": " ",
                    "gdl": [
                      {
                        "v": "šag₄",
                        "id": "P230662.21.1.0"
                      }
                    ],
                    "cf": "šag",
                    "gw": "heart",
                    "sense": "in, inside",
                    "norm0": "šag",
                    "pos": "N",
                    "epos": "N",
                    "base": "šag₄",
                    "morph": "~"
                  }
                },
                {
                  "node": "l",
                  "frag": "kišib",
                  "id": "P230662.l00609",
                  "ref": "P230662.21.2",
                  "inst": "kišib[seal]N",
                  "sig": "@obmc%sux:kišib=kišib[seal//seal]N'N$kišib/kišib#~",
                  "f": {
                    "lang": "sux",
                    "form": "kišib",
                    "delim": " ",
                    "gdl": [
                      {
                        "v": "kišib",
                        "id": "P230662.21.2.0"
                      }
                    ],
                    "cf": "kišib",
                    "gw": "seal",
                    "sense": "seal",
                    "norm0": "kišib",
                    "pos": "N",
                    "epos": "N",
                    "base": "kišib",
                    "morph": "~"
                  }
                },
                {
                  "node": "l",
                  "frag": "10",
                  "id": "P230662.l0060a",
                  "ref": "P230662.21.3",
                  "inst": "n",
                  "f": {
                    "lang": "sux",
                    "form": "10",
                    "delim": " ",
                    "gdl": [
                      {
                        "n": "n",
                        "sexified": "1(u)",
                        "form": "10",
                        "id": "P230662.21.3.0",
                        "seq": [
                          {
                            "r": "10"
                          }
                        ]
                      }
                    ],
                    "pos": "n"
                  }
                },
                {
                  "node": "l",
                  "frag": "ma-⸢na⸣",
                  "id": "P230662.l0060b",
                  "ref": "P230662.21.4",
                  "inst": "mana[a unit of weight]N",
                  "sig": "@obmc%sux:ma-na=mana[unit//a unit of weight]N'N$mana/ma-na#~",
                  "f": {
                    "lang": "sux",
                    "form": "ma-na",
                    "gdl": [
                      {
                        "v": "ma",
                        "id": "P230662.21.4.0",
                        "delim": "-"
                      },
                      {
                        "v": "na",
                        "id": "P230662.21.4.1",
                        "break": "damaged",
                        "ho": "1",
                        "hc": "1"
                      }
                    ],
                    "cf": "mana",
                    "gw": "unit",
                    "sense": "a unit of weight",
                    "norm0": "mana",
                    "pos": "N",
                    "epos": "N",
                    "base": "ma-na",
                    "morph": "~"
                  }
                },
                {
                  "node": "d",
                  "type": "line-start",
                  "ref": "P230662.22",
                  "n": "4'",
                  "label": "o ii' 4'"
                },
                {
                  "node": "l",
                  "frag": "mu-⸢DU⸣",
                  "id": "P230662.l0060c",
                  "ref": "P230662.22.1",
                  "inst": "mu.DU[delivery]N",
                  "sig": "@obmc%sux:mu-DU=mu.DU[delivery//delivery]N'N$mu.DU/mu-DU#~",
                  "f": {
                    "lang": "sux",
                    "form": "mu-DU",
                    "gdl": [
                      {
                        "v": "mu",
                        "id": "P230662.22.1.0",
                        "delim": "-"
                      },
                      {
                        "s": "DU",
                        "id": "P230662.22.1.1",
                        "break": "damaged",
                        "ho": "1",
                        "hc": "1"
                      }
                    ],
                    "cf": "mu.DU",
                    "gw": "delivery",
                    "sense": "delivery",
                    "norm0": "mu.DU",
                    "pos": "N",
                    "epos": "N",
                    "base": "mu-DU",
                    "morph": "~"
                  }
                },
                {
                  "node": "d",
                  "type": "line-start",
                  "ref": "P230662.23",
                  "n": "5'",
                  "label": "o ii' 5'"
                },
                {
                  "node": "l",
                  "frag": "ki",
                  "id": "P230662.l0060d",
                  "ref": "P230662.23.1",
                  "inst": "ki[place]N",
                  "sig": "@obmc%sux:ki=ki[place//place]N'N$ki/ki#~",
                  "f": {
                    "lang": "sux",
                    "form": "ki",
                    "delim": " ",
                    "gdl": [
                      {
                        "v": "ki",
                        "id": "P230662.23.1.0"
                      }
                    ],
                    "cf": "ki",
                    "gw": "place",
                    "sense": "place",
                    "norm0": "ki",
                    "pos": "N",
                    "epos": "N",
                    "base": "ki",
                    "morph": "~"
                  }
                },
                {
                  "node": "l",
                  "frag": "i-di-eš₄-tar₂-⸢ta⸣",
                  "id": "P230662.l0060e",
                  "ref": "P230662.23.2",
                  "inst": "Iddi-Eštar[]PN/i-di-eš₄-tar₂#∼,ta",
                  "sig": "@obmc%sux:i-di-eš₄-tar₂-ta=Iddi-Eštar[1//1]PN'PN$∼,ta/i-di-eš₄-tar₂#∼,ta",
                  "f": {
                    "lang": "sux",
                    "form": "i-di-eš₄-tar₂-ta",
                    "gdl": [
                      {
                        "v": "i",
                        "id": "P230662.23.2.0",
                        "delim": "-"
                      },
                      {
                        "v": "di",
                        "id": "P230662.23.2.1",
                        "delim": "-"
                      },
                      {
                        "v": "eš₄",
                        "id": "P230662.23.2.2",
                        "delim": "-"
                      },
                      {
                        "v": "tar₂",
                        "id": "P230662.23.2.3",
                        "delim": "-"
                      },
                      {
                        "v": "ta",
                        "id": "P230662.23.2.4",
                        "break": "damaged",
                        "ho": "1",
                        "hc": "1"
                      }
                    ],
                    "cf": "Iddi-Eštar",
                    "gw": "1",
                    "sense": "1",
                    "norm": "∼,ta",
                    "pos": "PN",
                    "epos": "PN",
                    "base": "i-di-eš₄-tar₂",
                    "morph": "∼,ta"
                  }
                },
                {
                  "node": "d",
                  "type": "line-start",
                  "ref": "P230662.24",
                  "n": "6'",
                  "label": "o ii' 6'"
                },
                {
                  "node": "l",
                  "frag": "{m}{d}suen-ba-ni-⸢ke₄⸣",
                  "id": "P230662.l0060f",
                  "ref": "P230662.24.1",
                  "inst": "Sin-bani[]PN/{m}{d}suen-ba-ni-k·e₄#∼,e",
                  "sig": "@obmc%sux:{m}{d}suen-ba-ni-ke₄=Sin-bani[1//1]PN'PN$∼,e/{m}{d}suen-ba-ni-k·e₄#∼,e",
                  "f": {
                    "lang": "sux",
                    "form": "{m}{d}suen-ba-ni-ke₄",
                    "gdl": [
                      {
                        "det": "semantic",
                        "pos": "pre",
                        "seq": [
                          {
                            "v": "m",
                            "id": "P230662.24.1.0"
                          }
                        ]
                      },
                      {
                        "det": "semantic",
                        "pos": "pre",
                        "seq": [
                          {
                            "v": "d",
                            "id": "P230662.24.1.1"
                          }
                        ]
                      },
                      {
                        "v": "suen",
                        "id": "P230662.24.1.2",
                        "delim": "-"
                      },
                      {
                        "v": "ba",
                        "id": "P230662.24.1.3",
                        "delim": "-"
                      },
                      {
                        "v": "ni",
                        "id": "P230662.24.1.4",
                        "delim": "-"
                      },
                      {
                        "v": "ke₄",
                        "id": "P230662.24.1.5",
                        "break": "damaged",
                        "ho": "1",
                        "hc": "1"
                      }
                    ],
                    "cf": "Sin-bani",
                    "gw": "1",
                    "sense": "1",
                    "norm": "∼,e",
                    "pos": "PN",
                    "epos": "PN",
                    "base": "{m}{d}suen-ba-ni-k·e₄",
                    "morph": "∼,e"
                  }
                },
                {
                  "node": "d",
                  "type": "line-start",
                  "ref": "P230662.25",
                  "n": "7'",
                  "label": "o ii' 7'"
                },
                {
                  "node": "c",
                  "type": "phrase",
                  "tag": "phr",
                  "id": "P230662.U5",
                  "ref": "P230662.ls00001",
                  "cdl": [
                    {
                      "node": "l",
                      "frag": "šu",
                      "id": "P230662.l00610",
                      "ref": "P230662.25.1",
                      "inst": "šu[hand]N",
                      "sig": "@obmc%sux:šu=šu[hand//hand]N'N$šu/šu#~",
                      "f": {
                        "lang": "sux",
                        "form": "šu",
                        "delim": " ",
                        "gdl": [
                          {
                            "v": "šu",
                            "id": "P230662.25.1.0"
                          }
                        ],
                        "cf": "šu",
                        "gw": "hand",
                        "sense": "hand",
                        "norm0": "šu",
                        "pos": "N",
                        "epos": "N",
                        "base": "šu",
                        "morph": "~"
                      }
                    },
                    {
                      "node": "l",
                      "frag": "ba-an-ti",
                      "id": "P230662.l00611",
                      "ref": "P230662.25.2",
                      "inst": "teŋ[approach]V/i",
                      "sig": "@obmc%sux:ba-an-ti=teŋ[approach//approach]V/i'V/i$ba.n:teŋ/ti#ba.n:~",
                      "f": {
                        "lang": "sux",
                        "form": "ba-an-ti",
                        "gdl": [
                          {
                            "v": "ba",
                            "id": "P230662.25.2.0",
                            "delim": "-"
                          },
                          {
                            "v": "an",
                            "id": "P230662.25.2.1",
                            "delim": "-"
                          },
                          {
                            "v": "ti",
                            "id": "P230662.25.2.2"
                          }
                        ],
                        "cf": "teŋ",
                        "gw": "approach",
                        "sense": "approach",
                        "norm0": "ba.n:teŋ",
                        "pos": "V/i",
                        "epos": "V/i",
                        "base": "ti",
                        "morph": "ba.n:~"
                      }
                    }
                  ]
                },
                {
                  "node": "d",
                  "type": "nonx",
                  "ref": "P230662.26",
                  "strict": "1",
                  "extent": "2",
                  "scope": "line",
                  "state": "ruling"
                },
                {
                  "node": "d",
                  "type": "line-start",
                  "ref": "P230662.27",
                  "n": "8'",
                  "label": "o ii' 8'"
                },
                {
                  "node": "l",
                  "frag": "1",
                  "id": "P230662.l00612",
                  "ref": "P230662.27.1",
                  "inst": "n",
                  "f": {
                    "lang": "sux",
                    "form": "1",
                    "delim": " ",
                    "gdl": [
                      {
                        "n": "n",
                        "sexified": "1(diš)",
                        "form": "1",
                        "id": "P230662.27.1.0",
                        "seq": [
                          {
                            "r": "1"
                          }
                        ]
                      }
                    ],
                    "pos": "n"
                  }
                },
                {
                  "node": "l",
                  "frag": "ma-na",
                  "id": "P230662.l00613",
                  "ref": "P230662.27.2",
                  "inst": "mana[a unit of weight]N",
                  "sig": "@obmc%sux:ma-na=mana[unit//a unit of weight]N'N$mana/ma-na#~",
                  "f": {
                    "lang": "sux",
                    "form": "ma-na",
                    "delim": " ",
                    "gdl": [
                      {
                        "v": "ma",
                        "id": "P230662.27.2.0",
                        "delim": "-"
                      },
                      {
                        "v": "na",
                        "id": "P230662.27.2.1"
                      }
                    ],
                    "cf": "mana",
                    "gw": "unit",
                    "sense": "a unit of weight",
                    "norm0": "mana",
                    "pos": "N",
                    "epos": "N",
                    "base": "ma-na",
                    "morph": "~"
                  }
                },
                {
                  "node": "l",
                  "frag": "⸢kug⸣-[babbar]",
                  "id": "P230662.l00614",
                  "ref": "P230662.27.3",
                  "inst": "kugbabbar[silver]N",
                  "sig": "@obmc%sux:kug-babbar=kugbabbar[silver//silver]N'N$kugbabbar/kug-babbar#~",
                  "f": {
                    "lang": "sux",
                    "form": "kug-babbar",
                    "gdl": [
                      {
                        "v": "kug",
                        "id": "P230662.27.3.0",
                        "break": "damaged",
                        "ho": "1",
                        "delim": "-",
                        "hc": "1"
                      },
                      {
                        "v": "babbar",
                        "id": "P230662.27.3.1",
                        "breakStart": "1",
                        "o": "]",
                        "break": "missing",
                        "breakEnd": "P230662.27.3.1"
                      }
                    ],
                    "cf": "kugbabbar",
                    "gw": "silver",
                    "sense": "silver",
                    "norm0": "kugbabbar",
                    "pos": "N",
                    "epos": "N",
                    "base": "kug-babbar",
                    "morph": "~"
                  }
                },
                {
                  "node": "d",
                  "type": "line-start",
                  "ref": "P230662.28",
                  "n": "9'",
                  "label": "o ii' 9'"
                },
                {
                  "node": "l",
                  "frag": "nam-tab-ba-[še₃]",
                  "id": "P230662.l00615",
                  "ref": "P230662.28.1",
                  "inst": "namtab[partnership]N",
                  "sig": "@obmc%sux:nam-tab-ba-še₃=namtab[partnership//partnership]N'N$namtab,eše/nam-tab-ba#~,eše",
                  "f": {
                    "lang": "sux",
                    "form": "nam-tab-ba-še₃",
                    "gdl": [
                      {
                        "v": "nam",
                        "id": "P230662.28.1.0",
                        "delim": "-"
                      },
                      {
                        "v": "tab",
                        "id": "P230662.28.1.1",
                        "delim": "-"
                      },
                      {
                        "v": "ba",
                        "id": "P230662.28.1.2",
                        "delim": "-"
                      },
                      {
                        "v": "še₃",
                        "id": "P230662.28.1.3",
                        "breakStart": "1",
                        "o": "]",
                        "break": "missing",
                        "breakEnd": "P230662.28.1.3"
                      }
                    ],
                    "cf": "namtab",
                    "gw": "partnership",
                    "sense": "partnership",
                    "norm0": "namtab,eše",
                    "pos": "N",
                    "epos": "N",
                    "base": "nam-tab-ba",
                    "morph": "~,eše"
                  }
                },
                {
                  "node": "d",
                  "type": "line-start",
                  "ref": "P230662.29",
                  "n": "10'",
                  "label": "o ii' 10'"
                },
                {
                  "node": "l",
                  "frag": "a₂-tuku",
                  "id": "P230662.l00616",
                  "ref": "P230662.29.1",
                  "inst": "atuku[surplus]N",
                  "sig": "@obmc%sux:a₂-tuku=atuku[powerful//surplus]N'N$atuku/a₂-tuku#~",
                  "f": {
                    "lang": "sux",
                    "form": "a₂-tuku",
                    "delim": " ",
                    "gdl": [
                      {
                        "v": "a₂",
                        "id": "P230662.29.1.0",
                        "delim": "-"
                      },
                      {
                        "v": "tuku",
                        "id": "P230662.29.1.1"
                      }
                    ],
                    "cf": "atuku",
                    "gw": "powerful",
                    "sense": "surplus",
                    "norm0": "atuku",
                    "pos": "N",
                    "epos": "N",
                    "base": "a₂-tuku",
                    "morph": "~"
                  }
                },
                {
                  "node": "l",
                  "frag": "x-[...]",
                  "id": "P230662.l00617",
                  "ref": "P230662.29.2",
                  "inst": "u",
                  "f": {
                    "lang": "sux",
                    "form": "x-x",
                    "gdl": [
                      {
                        "v": "x",
                        "id": "P230662.29.2.0",
                        "delim": "-"
                      },
                      {
                        "x": "ellipsis",
                        "id": "P230662.29.2.1",
                        "breakStart": "1",
                        "break": "missing",
                        "o": "]",
                        "breakEnd": "P230662.29.2.1"
                      }
                    ],
                    "pos": "u"
                  }
                },
                {
                  "node": "d",
                  "type": "line-start",
                  "ref": "P230662.30",
                  "n": "11'",
                  "label": "o ii' 11'"
                },
                {
                  "node": "l",
                  "frag": "niŋ₂-DU",
                  "id": "P230662.l00618",
                  "ref": "P230662.30.1",
                  "inst": "niŋ₂.DU[delivery]N",
                  "sig": "@obmc%sux:niŋ₂-DU=niŋ₂.DU[delivery//delivery]N'N$niŋ₂.DU/niŋ₂-DU#~",
                  "f": {
                    "lang": "sux",
                    "form": "niŋ₂-DU",
                    "delim": " ",
                    "gdl": [
                      {
                        "v": "niŋ₂",
                        "id": "P230662.30.1.0",
                        "delim": "-"
                      },
                      {
                        "s": "DU",
                        "id": "P230662.30.1.1"
                      }
                    ],
                    "cf": "niŋ₂.DU",
                    "gw": "delivery",
                    "sense": "delivery",
                    "norm0": "niŋ₂.DU",
                    "pos": "N",
                    "epos": "N",
                    "base": "niŋ₂-DU",
                    "morph": "~"
                  }
                },
                {
                  "node": "l",
                  "frag": "[...]",
                  "id": "P230662.l00619",
                  "ref": "P230662.30.2",
                  "inst": "u",
                  "f": {
                    "lang": "sux",
                    "form": "x",
                    "gdl": [
                      {
                        "x": "ellipsis",
                        "id": "P230662.30.2.0",
                        "breakStart": "1",
                        "break": "missing",
                        "o": "]",
                        "breakEnd": "P230662.30.2.0"
                      }
                    ],
                    "pos": "u"
                  }
                },
                {
                  "node": "d",
                  "type": "nonx",
                  "ref": "P230662.31",
                  "strict": "1",
                  "extent": "rest",
                  "scope": "column",
                  "state": "missing"
                }
              ]
            }
          ]
        }
      ]
    },
    {
      "linkbase": [
        {
          "type": "linkset",
          "xlink_title": "šu teŋ[accept//to accept]V/t'V/t",
          "id": "P230662.ls00000",
          "xlink_type": "extended",
          "xlink_role": "psu",
          "sig": "{šu ba-an-ti = šu[hand]N teŋ[approach]V/i += šu teŋ[accept//to accept]V/t'V/t}::@obmc%sux:šu=šu[hand//hand]N'N$šu/šu#~++@obmc%sux:ba-an-ti=teŋ[approach//to approach]V/i'V/i$ba.n:teŋ/ti#ba.n:~",
          "links": [
            {
              "type": "link",
              "xlink_title": "šu",
              "xlink_type": "locator",
              "xlink_href": "#P230662.l005f3",
              "xlink_role": "elt"
            },
            {
              "type": "link",
              "xlink_title": "teŋ",
              "xlink_type": "locator",
              "xlink_href": "#P230662.l005f4",
              "xlink_role": "elt"
            }
          ]
        },
        {
          "type": "linkset",
          "xlink_title": "šu teŋ[accept//to accept]V/t'V/t",
          "id": "P230662.ls00001",
          "xlink_type": "extended",
          "xlink_role": "psu",
          "sig": "{šu ba-an-ti = šu[hand]N teŋ[approach]V/i += šu teŋ[accept//to accept]V/t'V/t}::@obmc%sux:šu=šu[hand//hand]N'N$šu/šu#~++@obmc%sux:ba-an-ti=teŋ[approach//to approach]V/i'V/i$ba.n:teŋ/ti#ba.n:~",
          "links": [
            {
              "type": "link",
              "xlink_title": "šu",
              "xlink_type": "locator",
              "xlink_href": "#P230662.l00610",
              "xlink_role": "elt"
            },
            {
              "type": "link",
              "xlink_title": "teŋ",
              "xlink_type": "locator",
              "xlink_href": "#P230662.l00611",
              "xlink_role": "elt"
            }
          ]
        }
      ]
    }
  ]
}
