{
  "type": "cdl",
  "project": "obmc",
  "source": "http://oracc.org/obmc",
  "license": "This data is released under the CC0 license",
  "license-url": "https://creativecommons.org/publicdomain/zero/1.0/",
  "more-info": "http://oracc.org/doc/opendata/",
  "UTC-timestamp": "2017-06-21T22:46:11",
  "textid": "P230665",
  "cdl": [
    {
      "node": "c",
      "type": "text",
      "id": "P230665.U0",
      "cdl": [
        {
          "node": "d",
          "subtype": "tablet",
          "type": "tablet",
          "ref": "P230665.x31.1",
          "label": "x31"
        },
        {
          "node": "d",
          "subtype": "obverse",
          "type": "obverse",
          "ref": "P230665.o.2",
          "label": "o"
        },
        {
          "node": "d",
          "subtype": "column 1o '",
          "type": "column",
          "ref": "P230665.o.i_.3",
          "n": "1",
          "label": "o i'"
        },
        {
          "node": "d",
          "type": "nonx",
          "ref": "P230665.4",
          "strict": "0",
          "state": "other"
        },
        {
          "node": "d",
          "subtype": "column 2o '",
          "type": "column",
          "ref": "P230665.o.ii_.5",
          "n": "2",
          "label": "o ii'"
        },
        {
          "node": "c",
          "type": "discourse",
          "subtype": "body",
          "id": "P230665.U1",
          "cdl": [
            {
              "node": "c",
              "type": "sentence",
              "id": "P230665.U2",
              "label": "o ii' 1' - o ii' 11'",
              "cdl": [
                {
                  "node": "d",
                  "type": "line-start",
                  "ref": "P230665.6",
                  "n": "1'",
                  "label": "o ii' 1'"
                },
                {
                  "node": "l",
                  "frag": "a-na",
                  "id": "P230665.l00644",
                  "ref": "P230665.6.1",
                  "inst": "ana[what?]QP",
                  "sig": "@obmc%sux:a-na=ana[what?//what?]QP'QP$ana/a-na#~",
                  "f": {
                    "lang": "sux",
                    "form": "a-na",
                    "delim": " ",
                    "gdl": [
                      {
                        "v": "a",
                        "id": "P230665.6.1.0",
                        "delim": "-"
                      },
                      {
                        "v": "na",
                        "id": "P230665.6.1.1"
                      }
                    ],
                    "cf": "ana",
                    "gw": "what?",
                    "sense": "what?",
                    "norm0": "ana",
                    "pos": "QP",
                    "epos": "QP",
                    "base": "a-na",
                    "morph": "~"
                  }
                },
                {
                  "node": "l",
                  "frag": "me-a-bi",
                  "id": "P230665.l00645",
                  "ref": "P230665.6.2",
                  "inst": "me[to be]V/i",
                  "sig": "@obmc%sux:me-a-bi=me[be//to be]V/i'V/i$me;a,bi/me#~;a,bi",
                  "f": {
                    "lang": "sux",
                    "form": "me-a-bi",
                    "gdl": [
                      {
                        "v": "me",
                        "id": "P230665.6.2.0",
                        "delim": "-"
                      },
                      {
                        "v": "a",
                        "id": "P230665.6.2.1",
                        "delim": "-"
                      },
                      {
                        "v": "bi",
                        "id": "P230665.6.2.2"
                      }
                    ],
                    "cf": "me",
                    "gw": "be",
                    "sense": "to be",
                    "norm0": "me;a,bi",
                    "pos": "V/i",
                    "epos": "V/i",
                    "base": "me",
                    "morph": "~;a,bi"
                  }
                },
                {
                  "node": "d",
                  "type": "line-start",
                  "ref": "P230665.7",
                  "n": "2'",
                  "label": "o ii' 2'"
                },
                {
                  "node": "l",
                  "frag": "{m}eš₄-tar₂-en-nam-ra",
                  "id": "P230665.l00646",
                  "ref": "P230665.7.1",
                  "inst": "Eštar-ennam[1]PN",
                  "sig": "@obmc%sux:{m}eš₄-tar₂-en-nam-ra=Eštar-ennam[1//1]PN'PN$Eštar-ennam,ra/{m}eš₄-tar₂-en-nam#~,ra",
                  "f": {
                    "lang": "sux",
                    "form": "{m}eš₄-tar₂-en-nam-ra",
                    "gdl": [
                      {
                        "det": "semantic",
                        "pos": "pre",
                        "seq": [
                          {
                            "v": "m",
                            "id": "P230665.7.1.0"
                          }
                        ]
                      },
                      {
                        "v": "eš₄",
                        "id": "P230665.7.1.1",
                        "delim": "-"
                      },
                      {
                        "v": "tar₂",
                        "id": "P230665.7.1.2",
                        "delim": "-"
                      },
                      {
                        "v": "en",
                        "id": "P230665.7.1.3",
                        "delim": "-"
                      },
                      {
                        "v": "nam",
                        "id": "P230665.7.1.4",
                        "delim": "-"
                      },
                      {
                        "v": "ra",
                        "id": "P230665.7.1.5"
                      }
                    ],
                    "cf": "Eštar-ennam",
                    "gw": "1",
                    "sense": "1",
                    "norm0": "Eštar-ennam,ra",
                    "pos": "PN",
                    "epos": "PN",
                    "base": "{m}eš₄-tar₂-en-nam",
                    "morph": "~,ra"
                  }
                },
                {
                  "node": "d",
                  "type": "line-start",
                  "ref": "P230665.8",
                  "n": "3'",
                  "label": "o ii' 3'"
                },
                {
                  "node": "l",
                  "frag": "nam-geme₂-ni-še₃",
                  "id": "P230665.l00647",
                  "ref": "P230665.8.1",
                  "inst": "namgeme[slavery]N",
                  "sig": "@obmc%sux:nam-geme₂-ni-še₃=namgeme[~worker//slavery]N'N$namgeme,ani.eše/nam-geme₂#~,ani.eše",
                  "f": {
                    "lang": "sux",
                    "form": "nam-geme₂-ni-še₃",
                    "gdl": [
                      {
                        "v": "nam",
                        "id": "P230665.8.1.0",
                        "delim": "-"
                      },
                      {
                        "v": "geme₂",
                        "id": "P230665.8.1.1",
                        "delim": "-"
                      },
                      {
                        "v": "ni",
                        "id": "P230665.8.1.2",
                        "delim": "-"
                      },
                      {
                        "v": "še₃",
                        "id": "P230665.8.1.3"
                      }
                    ],
                    "cf": "namgeme",
                    "gw": "~worker",
                    "sense": "slavery",
                    "norm0": "namgeme,ani.eše",
                    "pos": "N",
                    "epos": "N",
                    "base": "nam-geme₂",
                    "morph": "~,ani.eše"
                  }
                },
                {
                  "node": "d",
                  "type": "line-start",
                  "ref": "P230665.9",
                  "n": "4'",
                  "label": "o ii' 4'"
                },
                {
                  "node": "l",
                  "frag": "u₃",
                  "id": "P230665.l00648",
                  "ref": "P230665.9.1",
                  "inst": "u[and]CNJ",
                  "sig": "@obmc%sux:u₃=u[and//and]CNJ'CNJ$u/u₃#~",
                  "f": {
                    "lang": "sux",
                    "form": "u₃",
                    "delim": " ",
                    "gdl": [
                      {
                        "v": "u₃",
                        "id": "P230665.9.1.0"
                      }
                    ],
                    "cf": "u",
                    "gw": "and",
                    "sense": "and",
                    "norm0": "u",
                    "pos": "CNJ",
                    "epos": "CNJ",
                    "base": "u₃",
                    "morph": "~"
                  }
                },
                {
                  "node": "l",
                  "frag": "niŋ₂-ba-ni-še₃",
                  "id": "P230665.l00649",
                  "ref": "P230665.9.2",
                  "inst": "niŋba[share]N",
                  "sig": "@obmc%sux:niŋ₂-ba-ni-še₃=niŋba[gift//share]N'N$niŋba,ani.eše/niŋ₂-ba#~,ani.eše",
                  "f": {
                    "lang": "sux",
                    "form": "niŋ₂-ba-ni-še₃",
                    "gdl": [
                      {
                        "v": "niŋ₂",
                        "id": "P230665.9.2.0",
                        "delim": "-"
                      },
                      {
                        "v": "ba",
                        "id": "P230665.9.2.1",
                        "delim": "-"
                      },
                      {
                        "v": "ni",
                        "id": "P230665.9.2.2",
                        "delim": "-"
                      },
                      {
                        "v": "še₃",
                        "id": "P230665.9.2.3"
                      }
                    ],
                    "cf": "niŋba",
                    "gw": "gift",
                    "sense": "share",
                    "norm0": "niŋba,ani.eše",
                    "pos": "N",
                    "epos": "N",
                    "base": "niŋ₂-ba",
                    "morph": "~,ani.eše"
                  }
                },
                {
                  "node": "d",
                  "type": "line-start",
                  "ref": "P230665.10",
                  "n": "5'",
                  "label": "o ii' 5'"
                },
                {
                  "node": "c",
                  "type": "phrase",
                  "tag": "phr",
                  "id": "P230665.U4",
                  "ref": "P230665.ls00000",
                  "cdl": [
                    {
                      "node": "l",
                      "frag": "inim",
                      "id": "P230665.l0064a",
                      "ref": "P230665.10.1",
                      "inst": "inim[word]N",
                      "sig": "@obmc%sux:inim=inim[word//word]N'N$inim/inim#~",
                      "f": {
                        "lang": "sux",
                        "form": "inim",
                        "delim": " ",
                        "gdl": [
                          {
                            "v": "inim",
                            "id": "P230665.10.1.0"
                          }
                        ],
                        "cf": "inim",
                        "gw": "word",
                        "sense": "word",
                        "norm0": "inim",
                        "pos": "N",
                        "epos": "N",
                        "base": "inim",
                        "morph": "~"
                      }
                    },
                    {
                      "node": "l",
                      "frag": "nu-um-ŋa₂-ŋa₂-a",
                      "id": "P230665.l0064b",
                      "ref": "P230665.10.2",
                      "inst": "ŋar[place]V/t",
                      "sig": "@obmc%sux:nu-um-ŋa₂-ŋa₂-a=ŋar[place//place]V/t'V/t$nu.m:ŋar;a/ŋa₂-ŋa₂#nu.m:~;a",
                      "f": {
                        "lang": "sux",
                        "form": "nu-um-ŋa₂-ŋa₂-a",
                        "gdl": [
                          {
                            "v": "nu",
                            "id": "P230665.10.2.0",
                            "delim": "-"
                          },
                          {
                            "v": "um",
                            "id": "P230665.10.2.1",
                            "delim": "-"
                          },
                          {
                            "v": "ŋa₂",
                            "id": "P230665.10.2.2",
                            "delim": "-"
                          },
                          {
                            "v": "ŋa₂",
                            "id": "P230665.10.2.3",
                            "delim": "-"
                          },
                          {
                            "v": "a",
                            "id": "P230665.10.2.4"
                          }
                        ],
                        "cf": "ŋar",
                        "gw": "place",
                        "sense": "place",
                        "norm0": "nu.m:ŋar;a",
                        "pos": "V/t",
                        "epos": "V/t",
                        "base": "ŋa₂-ŋa₂",
                        "morph": "nu.m:~;a"
                      }
                    }
                  ]
                },
                {
                  "node": "d",
                  "type": "line-start",
                  "ref": "P230665.11",
                  "n": "6'",
                  "label": "o ii' 6'"
                },
                {
                  "node": "l",
                  "frag": "{m}lugal-a-ma-ru",
                  "id": "P230665.l0064c",
                  "ref": "P230665.11.1",
                  "inst": "Lugal-amaru[1]PN",
                  "sig": "@obmc%sux:{m}lugal-a-ma-ru=Lugal-amaru[1//1]PN'PN$Lugal-amaru/{m}lugal-a-ma-ru#~",
                  "f": {
                    "lang": "sux",
                    "form": "{m}lugal-a-ma-ru",
                    "gdl": [
                      {
                        "det": "semantic",
                        "pos": "pre",
                        "seq": [
                          {
                            "v": "m",
                            "id": "P230665.11.1.0"
                          }
                        ]
                      },
                      {
                        "v": "lugal",
                        "id": "P230665.11.1.1",
                        "delim": "-"
                      },
                      {
                        "v": "a",
                        "id": "P230665.11.1.2",
                        "delim": "-"
                      },
                      {
                        "v": "ma",
                        "id": "P230665.11.1.3",
                        "delim": "-"
                      },
                      {
                        "v": "ru",
                        "id": "P230665.11.1.4"
                      }
                    ],
                    "cf": "Lugal-amaru",
                    "gw": "1",
                    "sense": "1",
                    "norm0": "Lugal-amaru",
                    "pos": "PN",
                    "epos": "PN",
                    "base": "{m}lugal-a-ma-ru",
                    "morph": "~"
                  }
                },
                {
                  "node": "d",
                  "type": "line-start",
                  "ref": "P230665.12",
                  "n": "7'",
                  "label": "o ii' 7'"
                },
                {
                  "node": "l",
                  "frag": "ad-da",
                  "id": "P230665.l0064d",
                  "ref": "P230665.12.1",
                  "inst": "adda[father]N",
                  "sig": "@obmc%sux:ad-da=adda[father//father]N'N$adda/ad-da#~",
                  "f": {
                    "lang": "sux",
                    "form": "ad-da",
                    "delim": " ",
                    "gdl": [
                      {
                        "v": "ad",
                        "id": "P230665.12.1.0",
                        "delim": "-"
                      },
                      {
                        "v": "da",
                        "id": "P230665.12.1.1"
                      }
                    ],
                    "cf": "adda",
                    "gw": "father",
                    "sense": "father",
                    "norm0": "adda",
                    "pos": "N",
                    "epos": "N",
                    "base": "ad-da",
                    "morph": "~"
                  }
                },
                {
                  "node": "l",
                  "frag": "til₃-la",
                  "id": "P230665.l0064e",
                  "ref": "P230665.12.2",
                  "inst": "til[live]V/i",
                  "sig": "@obmc%sux:til₃-la=til[live//to live]V/i'V/i$til;a/til₃#~;a",
                  "f": {
                    "lang": "sux",
                    "form": "til₃-la",
                    "gdl": [
                      {
                        "v": "til₃",
                        "id": "P230665.12.2.0",
                        "delim": "-"
                      },
                      {
                        "v": "la",
                        "id": "P230665.12.2.1"
                      }
                    ],
                    "cf": "til",
                    "gw": "live",
                    "sense": "to live",
                    "norm0": "til;a",
                    "pos": "V/i",
                    "epos": "V/i",
                    "base": "til₃",
                    "morph": "~;a"
                  }
                },
                {
                  "node": "d",
                  "type": "line-start",
                  "ref": "P230665.13",
                  "n": "8'",
                  "label": "o ii' 8'"
                },
                {
                  "node": "l",
                  "frag": "mu",
                  "id": "P230665.l0064f",
                  "ref": "P230665.13.1",
                  "inst": "mu[name]N",
                  "sig": "@obmc%sux:mu=mu[name//name]N'N$mu/mu#~",
                  "f": {
                    "lang": "sux",
                    "form": "mu",
                    "delim": " ",
                    "gdl": [
                      {
                        "v": "mu",
                        "id": "P230665.13.1.0"
                      }
                    ],
                    "cf": "mu",
                    "gw": "name",
                    "sense": "name",
                    "norm0": "mu",
                    "pos": "N",
                    "epos": "N",
                    "base": "mu",
                    "morph": "~"
                  }
                },
                {
                  "node": "l",
                  "frag": "lugal-bi",
                  "id": "P230665.l00650",
                  "ref": "P230665.13.2",
                  "inst": "lugal[king]N",
                  "sig": "@obmc%sux:lugal-bi=lugal[king//king]N'N$lugal,bi/lugal#~,bi",
                  "f": {
                    "lang": "sux",
                    "form": "lugal-bi",
                    "delim": " ",
                    "gdl": [
                      {
                        "v": "lugal",
                        "id": "P230665.13.2.0",
                        "delim": "-"
                      },
                      {
                        "v": "bi",
                        "id": "P230665.13.2.1"
                      }
                    ],
                    "cf": "lugal",
                    "gw": "king",
                    "sense": "king",
                    "norm0": "lugal,bi",
                    "pos": "N",
                    "epos": "N",
                    "base": "lugal",
                    "morph": "~,bi"
                  }
                },
                {
                  "node": "l",
                  "frag": "in-pad₃",
                  "id": "P230665.l00651",
                  "ref": "P230665.13.3",
                  "inst": "pad[swear]V/t",
                  "sig": "@obmc%sux:in-pad₃=pad[find//to swear]V/t'V/t$V.n:pad/pad₃#V.n:~",
                  "f": {
                    "lang": "sux",
                    "form": "in-pad₃",
                    "gdl": [
                      {
                        "v": "in",
                        "id": "P230665.13.3.0",
                        "delim": "-"
                      },
                      {
                        "v": "pad₃",
                        "id": "P230665.13.3.1"
                      }
                    ],
                    "cf": "pad",
                    "gw": "find",
                    "sense": "to swear",
                    "norm0": "V.n:pad",
                    "pos": "V/t",
                    "epos": "V/t",
                    "base": "pad₃",
                    "morph": "V.n:~"
                  }
                },
                {
                  "node": "d",
                  "type": "nonx",
                  "ref": "P230665.14",
                  "strict": "1",
                  "extent": "1",
                  "scope": "line",
                  "state": "ruling"
                },
                {
                  "node": "d",
                  "type": "line-start",
                  "ref": "P230665.15",
                  "n": "9'",
                  "label": "o ii' 9'"
                },
                {
                  "node": "l",
                  "frag": "1",
                  "id": "P230665.l00652",
                  "ref": "P230665.15.1",
                  "inst": "n",
                  "f": {
                    "lang": "sux",
                    "form": "1",
                    "delim": " ",
                    "gdl": [
                      {
                        "n": "n",
                        "sexified": "1(diš)",
                        "form": "1",
                        "id": "P230665.15.1.0",
                        "breakStart": "1",
                        "o": "]",
                        "break": "missing",
                        "breakEnd": "P230665.15.1.0",
                        "seq": [
                          {
                            "r": "1"
                          }
                        ]
                      }
                    ],
                    "pos": "n"
                  }
                },
                {
                  "node": "l",
                  "frag": "saŋ-munus",
                  "id": "P230665.l00653",
                  "ref": "P230665.15.2",
                  "inst": "saŋmunus[woman]N",
                  "sig": "@obmc%sux:saŋ-munus=saŋmunus[woman//woman]N'N$saŋmunus/saŋ-munus#~",
                  "f": {
                    "lang": "sux",
                    "form": "saŋ-munus",
                    "gdl": [
                      {
                        "v": "saŋ",
                        "id": "P230665.15.2.0",
                        "delim": "-"
                      },
                      {
                        "v": "munus",
                        "id": "P230665.15.2.1"
                      }
                    ],
                    "cf": "saŋmunus",
                    "gw": "woman",
                    "sense": "woman",
                    "norm0": "saŋmunus",
                    "pos": "N",
                    "epos": "N",
                    "base": "saŋ-munus",
                    "morph": "~"
                  }
                },
                {
                  "node": "d",
                  "type": "line-start",
                  "ref": "P230665.16",
                  "n": "10'",
                  "label": "o ii' 10'"
                },
                {
                  "node": "l",
                  "frag": "[x]-⸢x⸣-{d}suen",
                  "id": "P230665.l00654",
                  "ref": "P230665.16.1",
                  "inst": "u",
                  "f": {
                    "lang": "sux",
                    "form": "x-x-{d}suen",
                    "gdl": [
                      {
                        "v": "x",
                        "id": "P230665.16.1.0",
                        "breakStart": "1",
                        "o": "]",
                        "break": "missing",
                        "breakEnd": "P230665.16.1.0",
                        "delim": "-"
                      },
                      {
                        "v": "x",
                        "id": "P230665.16.1.1",
                        "break": "damaged",
                        "ho": "1",
                        "delim": "-",
                        "hc": "1"
                      },
                      {
                        "det": "semantic",
                        "pos": "pre",
                        "seq": [
                          {
                            "v": "d",
                            "id": "P230665.16.1.2"
                          }
                        ]
                      },
                      {
                        "v": "suen",
                        "id": "P230665.16.1.3"
                      }
                    ],
                    "pos": "u"
                  }
                },
                {
                  "node": "d",
                  "type": "line-start",
                  "ref": "P230665.17",
                  "n": "11'",
                  "label": "o ii' 11'"
                },
                {
                  "node": "l",
                  "frag": "[mu-ni]-⸢im⸣",
                  "id": "P230665.l00655",
                  "ref": "P230665.17.1",
                  "inst": "mu[name]N",
                  "sig": "@obmc%sux:mu-ni-im=mu[name//name]N'N$mu,ani.am/mu#~,ani.am",
                  "f": {
                    "lang": "sux",
                    "form": "mu-ni-im",
                    "gdl": [
                      {
                        "v": "mu",
                        "id": "P230665.17.1.0",
                        "breakStart": "1",
                        "o": "[",
                        "break": "missing",
                        "delim": "-"
                      },
                      {
                        "v": "ni",
                        "id": "P230665.17.1.1",
                        "break": "missing",
                        "o": "]",
                        "breakEnd": "P230665.17.1.0",
                        "delim": "-"
                      },
                      {
                        "v": "im",
                        "id": "P230665.17.1.2",
                        "break": "damaged",
                        "ho": "1",
                        "hc": "1"
                      }
                    ],
                    "cf": "mu",
                    "gw": "name",
                    "sense": "name",
                    "norm0": "mu,ani.am",
                    "pos": "N",
                    "epos": "N",
                    "base": "mu",
                    "morph": "~,ani.am"
                  }
                }
              ]
            }
          ]
        }
      ]
    },
    {
      "linkbase": [
        {
          "type": "linkset",
          "xlink_title": "inim ŋar[sue//to sue, to make a legal claim]V/t'V/t",
          "id": "P230665.ls00000",
          "xlink_type": "extended",
          "xlink_role": "psu",
          "sig": "{inim nu-um-ŋa₂-ŋa₂-a = inim[word]N ŋar[place]V/t += inim ŋar[sue//to sue, to make a legal claim]V/t'V/t}::@obmc%sux:inim=inim[word//word]N'N$inim/inim#~++@obmc%sux:nu-um-ŋa₂-ŋa₂-a=ŋar[place//to place on, put on]V/t'V/t$nu.m:ŋar;a/ŋa₂-ŋa₂#nu.m:~;a",
          "links": [
            {
              "type": "link",
              "xlink_title": "inim",
              "xlink_type": "locator",
              "xlink_href": "#P230665.l0064a",
              "xlink_role": "elt"
            },
            {
              "type": "link",
              "xlink_title": "ŋar",
              "xlink_type": "locator",
              "xlink_href": "#P230665.l0064b",
              "xlink_role": "elt"
            }
          ]
        }
      ]
    }
  ]
}
