{
  "type": "cdl",
  "project": "obmc",
  "source": "http://oracc.org/obmc",
  "license": "This data is released under the CC0 license",
  "license-url": "https://creativecommons.org/publicdomain/zero/1.0/",
  "more-info": "http://oracc.org/doc/opendata/",
  "UTC-timestamp": "2017-06-21T22:46:14",
  "textid": "P248006",
  "cdl": [
    {
      "node": "c",
      "type": "text",
      "id": "P248006.U0",
      "cdl": [
        {
          "node": "d",
          "subtype": "tablet",
          "type": "tablet",
          "ref": "P248006.x49.1",
          "label": "x49"
        },
        {
          "node": "d",
          "subtype": "obverse",
          "type": "obverse",
          "ref": "P248006.o.2",
          "label": "o"
        },
        {
          "node": "d",
          "subtype": "column 1o '",
          "type": "column",
          "ref": "P248006.o.i_.3",
          "n": "1",
          "label": "o i'"
        },
        {
          "node": "d",
          "type": "nonx",
          "ref": "P248006.4",
          "strict": "1",
          "extent": "4",
          "scope": "line",
          "state": "traces"
        },
        {
          "node": "c",
          "type": "discourse",
          "subtype": "body",
          "id": "P248006.U1",
          "cdl": [
            {
              "node": "c",
              "type": "sentence",
              "id": "P248006.U2",
              "label": "o i' 5 - o ii' 14",
              "cdl": [
                {
                  "node": "d",
                  "type": "line-start",
                  "ref": "P248006.5",
                  "n": "5",
                  "label": "o i' 5"
                },
                {
                  "node": "c",
                  "type": "phrase",
                  "tag": "phr",
                  "id": "P248006.U4",
                  "ref": "P248006.ls00000",
                  "cdl": [
                    {
                      "node": "l",
                      "frag": "[šu",
                      "id": "P248006.l00a73",
                      "ref": "P248006.5.1",
                      "inst": "šu[hand]N",
                      "sig": "@obmc%sux:šu=šu[hand//hand]N'N$šu/šu#~",
                      "f": {
                        "lang": "sux",
                        "form": "šu",
                        "delim": " ",
                        "gdl": [
                          {
                            "v": "šu",
                            "id": "P248006.5.1.0",
                            "breakStart": "1",
                            "o": "[",
                            "break": "missing"
                          }
                        ],
                        "cf": "šu",
                        "gw": "hand",
                        "sense": "hand",
                        "norm0": "šu",
                        "pos": "N",
                        "epos": "N",
                        "base": "šu",
                        "morph": "~"
                      }
                    },
                    {
                      "node": "l",
                      "frag": "ba-an]-ti",
                      "id": "P248006.l00a74",
                      "ref": "P248006.5.2",
                      "inst": "teŋ[approach]V/i",
                      "sig": "@obmc%sux:ba-an-ti=teŋ[approach//approach]V/i'V/i$ba.n:teŋ/ti#ba.n:~",
                      "f": {
                        "lang": "sux",
                        "form": "ba-an-ti",
                        "gdl": [
                          {
                            "v": "ba",
                            "id": "P248006.5.2.0",
                            "break": "missing",
                            "delim": "-"
                          },
                          {
                            "v": "an",
                            "id": "P248006.5.2.1",
                            "break": "missing",
                            "o": "]",
                            "breakEnd": "P248006.5.1.0",
                            "delim": "-"
                          },
                          {
                            "v": "ti",
                            "id": "P248006.5.2.2"
                          }
                        ],
                        "cf": "teŋ",
                        "gw": "approach",
                        "sense": "approach",
                        "norm0": "ba.n:teŋ",
                        "pos": "V/i",
                        "epos": "V/i",
                        "base": "ti",
                        "morph": "ba.n:~"
                      }
                    }
                  ]
                },
                {
                  "node": "d",
                  "type": "line-start",
                  "ref": "P248006.6",
                  "n": "6",
                  "label": "o i' 6"
                },
                {
                  "node": "l",
                  "frag": "[...]-ka",
                  "id": "P248006.l00a75",
                  "ref": "P248006.6.1",
                  "inst": "u",
                  "f": {
                    "lang": "sux",
                    "form": "x-ka",
                    "gdl": [
                      {
                        "x": "ellipsis",
                        "id": "P248006.6.1.0",
                        "breakStart": "1",
                        "break": "missing",
                        "o": "]",
                        "breakEnd": "P248006.6.1.0",
                        "delim": "-"
                      },
                      {
                        "v": "ka",
                        "id": "P248006.6.1.1"
                      }
                    ],
                    "pos": "u"
                  }
                },
                {
                  "node": "d",
                  "type": "line-start",
                  "ref": "P248006.7",
                  "n": "7",
                  "label": "o i' 7"
                },
                {
                  "node": "l",
                  "frag": "[x",
                  "id": "P248006.l00a76",
                  "ref": "P248006.7.1",
                  "inst": "u",
                  "f": {
                    "lang": "sux",
                    "form": "x",
                    "delim": " ",
                    "gdl": [
                      {
                        "v": "x",
                        "id": "P248006.7.1.0",
                        "breakStart": "1",
                        "o": "[",
                        "break": "missing"
                      }
                    ],
                    "pos": "u"
                  }
                },
                {
                  "node": "l",
                  "frag": "maš₂]-bi",
                  "id": "P248006.l00a77",
                  "ref": "P248006.7.2",
                  "inst": "maš[interest (on a loan)]N",
                  "sig": "@obmc%sux:maš₂-bi=maš[interest//interest (on a loan)]N'N$maš,bi/maš₂#~,bi",
                  "f": {
                    "lang": "sux",
                    "form": "maš₂-bi",
                    "gdl": [
                      {
                        "v": "maš₂",
                        "id": "P248006.7.2.0",
                        "break": "missing",
                        "o": "]",
                        "breakEnd": "P248006.7.1.0",
                        "delim": "-"
                      },
                      {
                        "v": "bi",
                        "id": "P248006.7.2.1"
                      }
                    ],
                    "cf": "maš",
                    "gw": "interest",
                    "sense": "interest (on a loan)",
                    "norm0": "maš,bi",
                    "pos": "N",
                    "epos": "N",
                    "base": "maš₂",
                    "morph": "~,bi"
                  }
                },
                {
                  "node": "d",
                  "type": "line-start",
                  "ref": "P248006.8",
                  "n": "8",
                  "label": "o i' 8"
                },
                {
                  "node": "l",
                  "frag": "[...]-e",
                  "id": "P248006.l00a78",
                  "ref": "P248006.8.1",
                  "inst": "u",
                  "f": {
                    "lang": "sux",
                    "form": "x-e",
                    "gdl": [
                      {
                        "x": "ellipsis",
                        "id": "P248006.8.1.0",
                        "breakStart": "1",
                        "break": "missing",
                        "o": "]",
                        "breakEnd": "P248006.8.1.0",
                        "delim": "-"
                      },
                      {
                        "v": "e",
                        "id": "P248006.8.1.1"
                      }
                    ],
                    "pos": "u"
                  }
                },
                {
                  "node": "d",
                  "type": "nonx",
                  "ref": "P248006.9",
                  "strict": "1",
                  "extent": "2",
                  "scope": "line",
                  "state": "ruling"
                },
                {
                  "node": "d",
                  "type": "line-start",
                  "ref": "P248006.10",
                  "n": "9",
                  "label": "o i' 9"
                },
                {
                  "node": "l",
                  "frag": "[n",
                  "id": "P248006.l00a79",
                  "ref": "P248006.10.1",
                  "inst": "n",
                  "f": {
                    "lang": "sux",
                    "form": "n",
                    "delim": " ",
                    "gdl": [
                      {
                        "v": "n",
                        "id": "P248006.10.1.0",
                        "breakStart": "1",
                        "o": "[",
                        "break": "missing"
                      }
                    ],
                    "pos": "n"
                  }
                },
                {
                  "node": "l",
                  "frag": "še]",
                  "id": "P248006.l00a7a",
                  "ref": "P248006.10.2",
                  "inst": "še[barley]N",
                  "sig": "@obmc%sux:še=še[barley//barley]N'N$še/še#~",
                  "f": {
                    "lang": "sux",
                    "form": "še",
                    "delim": " ",
                    "gdl": [
                      {
                        "v": "še",
                        "id": "P248006.10.2.0",
                        "break": "missing",
                        "o": "]",
                        "breakEnd": "P248006.10.1.0"
                      }
                    ],
                    "cf": "še",
                    "gw": "barley",
                    "sense": "barley",
                    "norm0": "še",
                    "pos": "N",
                    "epos": "N",
                    "base": "še",
                    "morph": "~"
                  }
                },
                {
                  "node": "l",
                  "frag": "gur",
                  "id": "P248006.l00a7b",
                  "ref": "P248006.10.3",
                  "inst": "gur[unit of capacity]N",
                  "sig": "@obmc%sux:gur=gur[unit//unit of capacity]N'N$gur/gur#~",
                  "f": {
                    "lang": "sux",
                    "form": "gur",
                    "gdl": [
                      {
                        "v": "gur",
                        "id": "P248006.10.3.0"
                      }
                    ],
                    "cf": "gur",
                    "gw": "unit",
                    "sense": "unit of capacity",
                    "norm0": "gur",
                    "pos": "N",
                    "epos": "N",
                    "base": "gur",
                    "morph": "~"
                  }
                },
                {
                  "node": "d",
                  "type": "line-start",
                  "ref": "P248006.11",
                  "n": "10",
                  "label": "o i' 10"
                },
                {
                  "node": "l",
                  "frag": "[...]-kam",
                  "id": "P248006.l00a7c",
                  "ref": "P248006.11.1",
                  "inst": "u",
                  "f": {
                    "lang": "sux",
                    "form": "x-kam",
                    "gdl": [
                      {
                        "x": "ellipsis",
                        "id": "P248006.11.1.0",
                        "breakStart": "1",
                        "break": "missing",
                        "o": "]",
                        "breakEnd": "P248006.11.1.0",
                        "delim": "-"
                      },
                      {
                        "v": "kam",
                        "id": "P248006.11.1.1"
                      }
                    ],
                    "pos": "u"
                  }
                },
                {
                  "node": "d",
                  "type": "nonx",
                  "ref": "P248006.12",
                  "strict": "1",
                  "extent": "rest",
                  "scope": "column",
                  "state": "missing"
                },
                {
                  "node": "d",
                  "subtype": "column 2o '",
                  "type": "column",
                  "ref": "P248006.o.ii_.13",
                  "n": "2",
                  "label": "o ii'"
                },
                {
                  "node": "d",
                  "type": "line-start",
                  "ref": "P248006.14",
                  "n": "1",
                  "label": "o ii' 1"
                },
                {
                  "node": "l",
                  "frag": "in-na-an-[la₂]",
                  "id": "P248006.l00a7d",
                  "ref": "P248006.14.1",
                  "inst": "la[hang]V/t",
                  "sig": "@obmc%sux:in-na-an-la₂=la[hang//hang]V/t'V/t$V.na.n:la/la₂#V.na.n:~",
                  "f": {
                    "lang": "sux",
                    "form": "in-na-an-la₂",
                    "gdl": [
                      {
                        "v": "in",
                        "id": "P248006.14.1.0",
                        "delim": "-"
                      },
                      {
                        "v": "na",
                        "id": "P248006.14.1.1",
                        "delim": "-"
                      },
                      {
                        "v": "an",
                        "id": "P248006.14.1.2",
                        "delim": "-"
                      },
                      {
                        "v": "la₂",
                        "id": "P248006.14.1.3",
                        "breakStart": "1",
                        "o": "]",
                        "break": "missing",
                        "breakEnd": "P248006.14.1.3"
                      }
                    ],
                    "cf": "la",
                    "gw": "hang",
                    "sense": "hang",
                    "norm0": "V.na.n:la",
                    "pos": "V/t",
                    "epos": "V/t",
                    "base": "la₂",
                    "morph": "V.na.n:~"
                  }
                },
                {
                  "node": "d",
                  "type": "line-start",
                  "ref": "P248006.15",
                  "n": "2",
                  "label": "o ii' 2"
                },
                {
                  "node": "l",
                  "frag": "ud",
                  "id": "P248006.l00a7e",
                  "ref": "P248006.15.1",
                  "inst": "ud[day]N",
                  "sig": "@obmc%sux:ud=ud[sun//day]N'N$ud/ud#~",
                  "f": {
                    "lang": "sux",
                    "form": "ud",
                    "delim": " ",
                    "gdl": [
                      {
                        "v": "ud",
                        "id": "P248006.15.1.0"
                      }
                    ],
                    "cf": "ud",
                    "gw": "sun",
                    "sense": "day",
                    "norm0": "ud",
                    "pos": "N",
                    "epos": "N",
                    "base": "ud",
                    "morph": "~"
                  }
                },
                {
                  "node": "l",
                  "frag": "kur₂-še₃",
                  "id": "P248006.l00a7f",
                  "ref": "P248006.15.2",
                  "inst": "kur[(to be) different]V/i",
                  "sig": "@obmc%sux:kur₂-še₃=kur[different//(to be) different]V/i'V/i$kur;*a,eše/kur₂#~;*a,eše",
                  "f": {
                    "lang": "sux",
                    "form": "kur₂-še₃",
                    "delim": " ",
                    "gdl": [
                      {
                        "v": "kur₂",
                        "id": "P248006.15.2.0",
                        "delim": "-"
                      },
                      {
                        "v": "še₃",
                        "id": "P248006.15.2.1"
                      }
                    ],
                    "cf": "kur",
                    "gw": "different",
                    "sense": "(to be) different",
                    "norm0": "kur;*a,eše",
                    "pos": "V/i",
                    "epos": "V/i",
                    "base": "kur₂",
                    "morph": "~;*a,eše"
                  }
                },
                {
                  "node": "l",
                  "frag": "ud-na-me-⸢kam⸣",
                  "id": "P248006.l00a80",
                  "ref": "P248006.15.3",
                  "inst": "udnamekam[in the future, ever]MA",
                  "sig": "@obmc%sux:ud-na-me-kam=udnamekam[ever//in the future, ever]MA'MA$udnamekam/ud-na-me-kam#~",
                  "f": {
                    "lang": "sux",
                    "form": "ud-na-me-kam",
                    "gdl": [
                      {
                        "v": "ud",
                        "id": "P248006.15.3.0",
                        "delim": "-"
                      },
                      {
                        "v": "na",
                        "id": "P248006.15.3.1",
                        "delim": "-"
                      },
                      {
                        "v": "me",
                        "id": "P248006.15.3.2",
                        "delim": "-"
                      },
                      {
                        "v": "kam",
                        "id": "P248006.15.3.3",
                        "break": "damaged",
                        "ho": "1",
                        "hc": "1"
                      }
                    ],
                    "cf": "udnamekam",
                    "gw": "ever",
                    "sense": "in the future, ever",
                    "norm0": "udnamekam",
                    "pos": "MA",
                    "epos": "MA",
                    "base": "ud-na-me-kam",
                    "morph": "~"
                  }
                },
                {
                  "node": "d",
                  "type": "line-start",
                  "ref": "P248006.16",
                  "n": "3",
                  "label": "o ii' 3"
                },
                {
                  "node": "l",
                  "frag": "{m}{d}suen-šar-ma-⸢tim⸣",
                  "id": "P248006.l00a81",
                  "ref": "P248006.16.1",
                  "inst": "Sin-šar-matim[]PN/{m}{d}suen-šar-ma-tim#~",
                  "sig": "@obmc%sux:{m}{d}suen-šar-ma-tim=Sin-šar-matim[1//1]PN'PN$Sin-šar-matim/{m}{d}suen-šar-ma-tim#~",
                  "f": {
                    "lang": "sux",
                    "form": "{m}{d}suen-šar-ma-tim",
                    "gdl": [
                      {
                        "det": "semantic",
                        "pos": "pre",
                        "seq": [
                          {
                            "v": "m",
                            "id": "P248006.16.1.0"
                          }
                        ]
                      },
                      {
                        "det": "semantic",
                        "pos": "pre",
                        "seq": [
                          {
                            "v": "d",
                            "id": "P248006.16.1.1"
                          }
                        ]
                      },
                      {
                        "v": "suen",
                        "id": "P248006.16.1.2",
                        "delim": "-"
                      },
                      {
                        "v": "šar",
                        "id": "P248006.16.1.3",
                        "delim": "-"
                      },
                      {
                        "v": "ma",
                        "id": "P248006.16.1.4",
                        "delim": "-"
                      },
                      {
                        "v": "tim",
                        "id": "P248006.16.1.5",
                        "break": "damaged",
                        "ho": "1",
                        "hc": "1"
                      }
                    ],
                    "cf": "Sin-šar-matim",
                    "gw": "1",
                    "sense": "1",
                    "norm0": "Sin-šar-matim",
                    "pos": "PN",
                    "epos": "PN",
                    "base": "{m}{d}suen-šar-ma-tim",
                    "morph": "~"
                  }
                },
                {
                  "node": "d",
                  "type": "line-start",
                  "ref": "P248006.17",
                  "n": "4",
                  "label": "o ii' 4"
                },
                {
                  "node": "c",
                  "type": "phrase",
                  "tag": "phr",
                  "id": "P248006.U5",
                  "ref": "P248006.ls00001",
                  "cdl": [
                    {
                      "node": "l",
                      "frag": "inim",
                      "id": "P248006.l00a82",
                      "ref": "P248006.17.1",
                      "inst": "inim[word]N",
                      "sig": "@obmc%sux:inim=inim[word//word]N'N$inim/inim#~",
                      "f": {
                        "lang": "sux",
                        "form": "inim",
                        "delim": " ",
                        "gdl": [
                          {
                            "v": "inim",
                            "id": "P248006.17.1.0"
                          }
                        ],
                        "cf": "inim",
                        "gw": "word",
                        "sense": "word",
                        "norm0": "inim",
                        "pos": "N",
                        "epos": "N",
                        "base": "inim",
                        "morph": "~"
                      }
                    },
                    {
                      "node": "l",
                      "frag": "nu-ŋa₂-ŋa₂-a",
                      "id": "P248006.l00a83",
                      "ref": "P248006.17.2",
                      "inst": "ŋar[to place on, put on]V/t",
                      "sig": "@obmc%sux:nu-ŋa₂-ŋa₂-a=ŋar[place//to place on, put on]V/t'V/t$nu:ŋar;a/ŋa₂-ŋa₂#nu:~;a",
                      "f": {
                        "lang": "sux",
                        "form": "nu-ŋa₂-ŋa₂-a",
                        "gdl": [
                          {
                            "v": "nu",
                            "id": "P248006.17.2.0",
                            "delim": "-"
                          },
                          {
                            "v": "ŋa₂",
                            "id": "P248006.17.2.1",
                            "delim": "-"
                          },
                          {
                            "v": "ŋa₂",
                            "id": "P248006.17.2.2",
                            "delim": "-"
                          },
                          {
                            "v": "a",
                            "id": "P248006.17.2.3"
                          }
                        ],
                        "cf": "ŋar",
                        "gw": "place",
                        "sense": "to place on, put on",
                        "norm0": "nu:ŋar;a",
                        "pos": "V/t",
                        "epos": "V/t",
                        "base": "ŋa₂-ŋa₂",
                        "morph": "nu:~;a"
                      }
                    }
                  ]
                },
                {
                  "node": "d",
                  "type": "line-start",
                  "ref": "P248006.18",
                  "n": "5",
                  "label": "o ii' 5"
                },
                {
                  "node": "l",
                  "frag": "arad-ŋu₁₀",
                  "id": "P248006.l00a84",
                  "ref": "P248006.18.1",
                  "inst": "arad[slave]N/arad#~,ŋu",
                  "sig": "@obmc%sux:arad-ŋu₁₀=arad[slave//slave]N'N$arad,ŋu/arad#~,ŋu",
                  "f": {
                    "lang": "sux",
                    "form": "arad-ŋu₁₀",
                    "delim": " ",
                    "gdl": [
                      {
                        "v": "arad",
                        "id": "P248006.18.1.0",
                        "delim": "-"
                      },
                      {
                        "v": "ŋu₁₀",
                        "id": "P248006.18.1.1"
                      }
                    ],
                    "cf": "arad",
                    "gw": "slave",
                    "sense": "slave",
                    "norm0": "arad,ŋu",
                    "pos": "N",
                    "epos": "N",
                    "base": "arad",
                    "morph": "~,ŋu"
                  }
                },
                {
                  "node": "l",
                  "frag": "nu-ub-be₂-a",
                  "id": "P248006.l00a85",
                  "ref": "P248006.18.2",
                  "inst": "e[speak]V/i",
                  "sig": "@obmc%sux:nu-ub-be₂-a=e[speak//speak]V/i'V/i$nu.V.b:e;a/b°e₂#nu.V.b:~;a",
                  "f": {
                    "lang": "sux",
                    "form": "nu-ub-be₂-a",
                    "gdl": [
                      {
                        "v": "nu",
                        "id": "P248006.18.2.0",
                        "delim": "-"
                      },
                      {
                        "v": "ub",
                        "id": "P248006.18.2.1",
                        "delim": "-"
                      },
                      {
                        "v": "be₂",
                        "id": "P248006.18.2.2",
                        "delim": "-"
                      },
                      {
                        "v": "a",
                        "id": "P248006.18.2.3"
                      }
                    ],
                    "cf": "e",
                    "gw": "speak",
                    "sense": "speak",
                    "norm0": "nu.V.b:e;a",
                    "pos": "V/i",
                    "epos": "V/i",
                    "base": "b°e₂",
                    "morph": "nu.V.b:~;a"
                  }
                },
                {
                  "node": "d",
                  "type": "line-start",
                  "ref": "P248006.19",
                  "n": "6",
                  "label": "o ii' 6"
                },
                {
                  "node": "l",
                  "frag": "mu",
                  "id": "P248006.l00a86",
                  "ref": "P248006.19.1",
                  "inst": "mu[name]N",
                  "sig": "@obmc%sux:mu=mu[name//name]N'N$mu/mu#~",
                  "f": {
                    "lang": "sux",
                    "form": "mu",
                    "delim": " ",
                    "gdl": [
                      {
                        "v": "mu",
                        "id": "P248006.19.1.0"
                      }
                    ],
                    "cf": "mu",
                    "gw": "name",
                    "sense": "name",
                    "norm0": "mu",
                    "pos": "N",
                    "epos": "N",
                    "base": "mu",
                    "morph": "~"
                  }
                },
                {
                  "node": "l",
                  "frag": "lugal-bi",
                  "id": "P248006.l00a87",
                  "ref": "P248006.19.2",
                  "inst": "lugal[king]N",
                  "sig": "@obmc%sux:lugal-bi=lugal[king//king]N'N$lugal,bi/lugal#~,bi",
                  "f": {
                    "lang": "sux",
                    "form": "lugal-bi",
                    "delim": " ",
                    "gdl": [
                      {
                        "v": "lugal",
                        "id": "P248006.19.2.0",
                        "delim": "-"
                      },
                      {
                        "v": "bi",
                        "id": "P248006.19.2.1"
                      }
                    ],
                    "cf": "lugal",
                    "gw": "king",
                    "sense": "king",
                    "norm0": "lugal,bi",
                    "pos": "N",
                    "epos": "N",
                    "base": "lugal",
                    "morph": "~,bi"
                  }
                },
                {
                  "node": "l",
                  "frag": "in-pad₃",
                  "id": "P248006.l00a88",
                  "ref": "P248006.19.3",
                  "inst": "pad[swear]V/t",
                  "sig": "@obmc%sux:in-pad₃=pad[find//to swear]V/t'V/t$V.n:pad/pad₃#V.n:~",
                  "f": {
                    "lang": "sux",
                    "form": "in-pad₃",
                    "gdl": [
                      {
                        "v": "in",
                        "id": "P248006.19.3.0",
                        "delim": "-"
                      },
                      {
                        "v": "pad₃",
                        "id": "P248006.19.3.1"
                      }
                    ],
                    "cf": "pad",
                    "gw": "find",
                    "sense": "to swear",
                    "norm0": "V.n:pad",
                    "pos": "V/t",
                    "epos": "V/t",
                    "base": "pad₃",
                    "morph": "V.n:~"
                  }
                },
                {
                  "node": "d",
                  "type": "nonx",
                  "ref": "P248006.20",
                  "strict": "1",
                  "extent": "2",
                  "scope": "line",
                  "state": "ruling"
                },
                {
                  "node": "d",
                  "type": "line-start",
                  "ref": "P248006.21",
                  "n": "7",
                  "label": "o ii' 7"
                },
                {
                  "node": "l",
                  "frag": "2(u)",
                  "id": "P248006.l00a89",
                  "ref": "P248006.21.1",
                  "inst": "n",
                  "f": {
                    "lang": "sux",
                    "form": "2(u)",
                    "delim": " ",
                    "gdl": [
                      {
                        "n": "n",
                        "form": "2(u)",
                        "id": "P248006.21.1.0",
                        "seq": [
                          {
                            "r": "2"
                          },
                          {
                            "v": "u"
                          }
                        ]
                      }
                    ],
                    "pos": "n"
                  }
                },
                {
                  "node": "l",
                  "frag": "gur",
                  "id": "P248006.l00a8a",
                  "ref": "P248006.21.2",
                  "inst": "gur[unit of capacity]N",
                  "sig": "@obmc%sux:gur=gur[unit//unit of capacity]N'N$gur/gur#~",
                  "f": {
                    "lang": "sux",
                    "form": "gur",
                    "delim": " ",
                    "gdl": [
                      {
                        "v": "gur",
                        "id": "P248006.21.2.0"
                      }
                    ],
                    "cf": "gur",
                    "gw": "unit",
                    "sense": "unit of capacity",
                    "norm0": "gur",
                    "pos": "N",
                    "epos": "N",
                    "base": "gur",
                    "morph": "~"
                  }
                },
                {
                  "node": "l",
                  "frag": "zu₂-lum",
                  "id": "P248006.l00a8b",
                  "ref": "P248006.21.3",
                  "inst": "zulum[the fruit of the date-palm]N",
                  "sig": "@obmc%sux:zu₂-lum=zulum[date//the fruit of the date-palm]N'N$zulum/zu₂-lum#~",
                  "f": {
                    "lang": "sux",
                    "form": "zu₂-lum",
                    "gdl": [
                      {
                        "v": "zu₂",
                        "id": "P248006.21.3.0",
                        "delim": "-"
                      },
                      {
                        "v": "lum",
                        "id": "P248006.21.3.1"
                      }
                    ],
                    "cf": "zulum",
                    "gw": "date",
                    "sense": "the fruit of the date-palm",
                    "norm0": "zulum",
                    "pos": "N",
                    "epos": "N",
                    "base": "zu₂-lum",
                    "morph": "~"
                  }
                },
                {
                  "node": "d",
                  "type": "line-start",
                  "ref": "P248006.22",
                  "n": "8",
                  "label": "o ii' 8"
                },
                {
                  "node": "l",
                  "frag": "niŋ₂-ŋar",
                  "id": "P248006.l00a8c",
                  "ref": "P248006.22.1",
                  "inst": "niŋŋar[estimated yield]N",
                  "sig": "@obmc%sux:niŋ₂-ŋar=niŋŋar[addition//estimated yield]N'N$niŋŋar/niŋ₂-ŋar#~",
                  "f": {
                    "lang": "sux",
                    "form": "niŋ₂-ŋar",
                    "delim": " ",
                    "gdl": [
                      {
                        "v": "niŋ₂",
                        "id": "P248006.22.1.0",
                        "delim": "-"
                      },
                      {
                        "v": "ŋar",
                        "id": "P248006.22.1.1"
                      }
                    ],
                    "cf": "niŋŋar",
                    "gw": "addition",
                    "sense": "estimated yield",
                    "norm0": "niŋŋar",
                    "pos": "N",
                    "epos": "N",
                    "base": "niŋ₂-ŋar",
                    "morph": "~"
                  }
                },
                {
                  "node": "l",
                  "frag": "{ŋeš}kiri₆",
                  "id": "P248006.l00a8d",
                  "ref": "P248006.22.2",
                  "inst": "kiri[orchard]N",
                  "sig": "@obmc%sux:{ŋeš}kiri₆=kiri[orchard//orchard]N'N$kiri/{ŋeš}kiri₆#~",
                  "f": {
                    "lang": "sux",
                    "form": "{ŋeš}kiri₆",
                    "gdl": [
                      {
                        "det": "semantic",
                        "pos": "pre",
                        "seq": [
                          {
                            "v": "ŋeš",
                            "id": "P248006.22.2.0"
                          }
                        ]
                      },
                      {
                        "v": "kiri₆",
                        "id": "P248006.22.2.1"
                      }
                    ],
                    "cf": "kiri",
                    "gw": "orchard",
                    "sense": "orchard",
                    "norm0": "kiri",
                    "pos": "N",
                    "epos": "N",
                    "base": "{ŋeš}kiri₆",
                    "morph": "~"
                  }
                },
                {
                  "node": "d",
                  "type": "line-start",
                  "ref": "P248006.23",
                  "n": "9",
                  "label": "o ii' 9"
                },
                {
                  "node": "l",
                  "frag": "{m}a-li₂-wa-aq-rum",
                  "id": "P248006.l00a8e",
                  "ref": "P248006.23.1",
                  "inst": "Ali-waqrum[]PN/{m}a-li₂-wa-aq-rum#~",
                  "sig": "@obmc%sux:{m}a-li₂-wa-aq-rum=Ali-waqrum[1//1]PN'PN$Ali-waqrum/{m}a-li₂-wa-aq-rum#~",
                  "f": {
                    "lang": "sux",
                    "form": "{m}a-li₂-wa-aq-rum",
                    "gdl": [
                      {
                        "det": "semantic",
                        "pos": "pre",
                        "seq": [
                          {
                            "v": "m",
                            "id": "P248006.23.1.0"
                          }
                        ]
                      },
                      {
                        "v": "a",
                        "id": "P248006.23.1.1",
                        "delim": "-"
                      },
                      {
                        "v": "li₂",
                        "id": "P248006.23.1.2",
                        "delim": "-"
                      },
                      {
                        "v": "wa",
                        "id": "P248006.23.1.3",
                        "delim": "-"
                      },
                      {
                        "v": "aq",
                        "id": "P248006.23.1.4",
                        "delim": "-"
                      },
                      {
                        "v": "rum",
                        "id": "P248006.23.1.5"
                      }
                    ],
                    "cf": "Ali-waqrum",
                    "gw": "1",
                    "sense": "1",
                    "norm0": "Ali-waqrum",
                    "pos": "PN",
                    "epos": "PN",
                    "base": "{m}a-li₂-wa-aq-rum",
                    "morph": "~"
                  }
                },
                {
                  "node": "d",
                  "type": "line-start",
                  "ref": "P248006.24",
                  "n": "10",
                  "label": "o ii' 10"
                },
                {
                  "node": "l",
                  "frag": "ki",
                  "id": "P248006.l00a8f",
                  "ref": "P248006.24.1",
                  "inst": "ki[place]N",
                  "sig": "@obmc%sux:ki=ki[place//place]N'N$ki/ki#~",
                  "f": {
                    "lang": "sux",
                    "form": "ki",
                    "delim": " ",
                    "gdl": [
                      {
                        "v": "ki",
                        "id": "P248006.24.1.0"
                      }
                    ],
                    "cf": "ki",
                    "gw": "place",
                    "sense": "place",
                    "norm0": "ki",
                    "pos": "N",
                    "epos": "N",
                    "base": "ki",
                    "morph": "~"
                  }
                },
                {
                  "node": "l",
                  "frag": "a-li₂-wa-aq-rum",
                  "id": "P248006.l00a90",
                  "ref": "P248006.24.2",
                  "inst": "Ali-waqrum[]PN/a-li₂-wa-aq-rum#~",
                  "sig": "@obmc%sux:a-li₂-wa-aq-rum=Ali-waqrum[1//1]PN'PN$Ali-waqrum/a-li₂-wa-aq-rum#~",
                  "f": {
                    "lang": "sux",
                    "form": "a-li₂-wa-aq-rum",
                    "gdl": [
                      {
                        "v": "a",
                        "id": "P248006.24.2.0",
                        "delim": "-"
                      },
                      {
                        "v": "li₂",
                        "id": "P248006.24.2.1",
                        "delim": "-"
                      },
                      {
                        "v": "wa",
                        "id": "P248006.24.2.2",
                        "delim": "-"
                      },
                      {
                        "v": "aq",
                        "id": "P248006.24.2.3",
                        "delim": "-"
                      },
                      {
                        "v": "rum",
                        "id": "P248006.24.2.4"
                      }
                    ],
                    "cf": "Ali-waqrum",
                    "gw": "1",
                    "sense": "1",
                    "norm0": "Ali-waqrum",
                    "pos": "PN",
                    "epos": "PN",
                    "base": "a-li₂-wa-aq-rum",
                    "morph": "~"
                  }
                },
                {
                  "node": "d",
                  "type": "line-start",
                  "ref": "P248006.25",
                  "n": "11",
                  "label": "o ii' 11"
                },
                {
                  "node": "l",
                  "frag": "lugal",
                  "id": "P248006.l00a91",
                  "ref": "P248006.25.1",
                  "inst": "lugal[owner]N",
                  "sig": "@obmc%sux:lugal=lugal[king//owner]N'N$lugal/lugal#~",
                  "f": {
                    "lang": "sux",
                    "form": "lugal",
                    "delim": " ",
                    "gdl": [
                      {
                        "v": "lugal",
                        "id": "P248006.25.1.0"
                      }
                    ],
                    "cf": "lugal",
                    "gw": "king",
                    "sense": "owner",
                    "norm0": "lugal",
                    "pos": "N",
                    "epos": "N",
                    "base": "lugal",
                    "morph": "~"
                  }
                },
                {
                  "node": "l",
                  "frag": "{ŋeš}kiri₆-ke₄",
                  "id": "P248006.l00a92",
                  "ref": "P248006.25.2",
                  "inst": "kiri[orchard]N",
                  "sig": "@obmc%sux:{ŋeš}kiri₆-ke₄=kiri[orchard//orchard]N'N$kiri,ak.e/{ŋeš}kiri₆#~,ak.e",
                  "f": {
                    "lang": "sux",
                    "form": "{ŋeš}kiri₆-ke₄",
                    "gdl": [
                      {
                        "det": "semantic",
                        "pos": "pre",
                        "seq": [
                          {
                            "v": "ŋeš",
                            "id": "P248006.25.2.0"
                          }
                        ]
                      },
                      {
                        "v": "kiri₆",
                        "id": "P248006.25.2.1",
                        "delim": "-"
                      },
                      {
                        "v": "ke₄",
                        "id": "P248006.25.2.2"
                      }
                    ],
                    "cf": "kiri",
                    "gw": "orchard",
                    "sense": "orchard",
                    "norm0": "kiri,ak.e",
                    "pos": "N",
                    "epos": "N",
                    "base": "{ŋeš}kiri₆",
                    "morph": "~,ak.e"
                  }
                },
                {
                  "node": "d",
                  "type": "line-start",
                  "ref": "P248006.26",
                  "n": "12",
                  "label": "o ii' 12"
                },
                {
                  "node": "l",
                  "frag": "{m}iš-gu-um-er₃-ra",
                  "id": "P248006.l00a93",
                  "ref": "P248006.26.1",
                  "inst": "Išgum-Erra[]PN/{m}iš-gu-um-er₃-ra#~",
                  "sig": "@obmc%sux:{m}iš-gu-um-er₃-ra=Išgum-Erra[1//1]PN'PN$Išgum-Erra/{m}iš-gu-um-er₃-ra#~",
                  "f": {
                    "lang": "sux",
                    "form": "{m}iš-gu-um-er₃-ra",
                    "gdl": [
                      {
                        "det": "semantic",
                        "pos": "pre",
                        "seq": [
                          {
                            "v": "m",
                            "id": "P248006.26.1.0"
                          }
                        ]
                      },
                      {
                        "v": "iš",
                        "id": "P248006.26.1.1",
                        "delim": "-"
                      },
                      {
                        "v": "gu",
                        "id": "P248006.26.1.2",
                        "delim": "-"
                      },
                      {
                        "v": "um",
                        "id": "P248006.26.1.3",
                        "delim": "-"
                      },
                      {
                        "v": "er₃",
                        "id": "P248006.26.1.4",
                        "delim": "-"
                      },
                      {
                        "v": "ra",
                        "id": "P248006.26.1.5"
                      }
                    ],
                    "cf": "Išgum-Erra",
                    "gw": "1",
                    "sense": "1",
                    "norm0": "Išgum-Erra",
                    "pos": "PN",
                    "epos": "PN",
                    "base": "{m}iš-gu-um-er₃-ra",
                    "morph": "~"
                  }
                },
                {
                  "node": "d",
                  "type": "line-start",
                  "ref": "P248006.27",
                  "n": "13",
                  "label": "o ii' 13"
                },
                {
                  "node": "c",
                  "type": "phrase",
                  "tag": "phr",
                  "id": "P248006.U6",
                  "ref": "P248006.ls00002",
                  "cdl": [
                    {
                      "node": "l",
                      "frag": "šu",
                      "id": "P248006.l00a94",
                      "ref": "P248006.27.1",
                      "inst": "šu[hand]N",
                      "sig": "@obmc%sux:šu=šu[hand//hand]N'N$šu/šu#~",
                      "f": {
                        "lang": "sux",
                        "form": "šu",
                        "delim": " ",
                        "gdl": [
                          {
                            "v": "šu",
                            "id": "P248006.27.1.0"
                          }
                        ],
                        "cf": "šu",
                        "gw": "hand",
                        "sense": "hand",
                        "norm0": "šu",
                        "pos": "N",
                        "epos": "N",
                        "base": "šu",
                        "morph": "~"
                      }
                    },
                    {
                      "node": "l",
                      "frag": "ba-an-ti",
                      "id": "P248006.l00a95",
                      "ref": "P248006.27.2",
                      "inst": "teŋ[approach]V/i",
                      "sig": "@obmc%sux:ba-an-ti=teŋ[approach//approach]V/i'V/i$ba.n:teŋ/ti#ba.n:~",
                      "f": {
                        "lang": "sux",
                        "form": "ba-an-ti",
                        "gdl": [
                          {
                            "v": "ba",
                            "id": "P248006.27.2.0",
                            "delim": "-"
                          },
                          {
                            "v": "an",
                            "id": "P248006.27.2.1",
                            "delim": "-"
                          },
                          {
                            "v": "ti",
                            "id": "P248006.27.2.2"
                          }
                        ],
                        "cf": "teŋ",
                        "gw": "approach",
                        "sense": "approach",
                        "norm0": "ba.n:teŋ",
                        "pos": "V/i",
                        "epos": "V/i",
                        "base": "ti",
                        "morph": "ba.n:~"
                      }
                    }
                  ]
                },
                {
                  "node": "d",
                  "type": "line-start",
                  "ref": "P248006.28",
                  "n": "14",
                  "label": "o ii' 14"
                },
                {
                  "node": "l",
                  "frag": "{m}iš-gu-um-er₃-ra",
                  "id": "P248006.l00a96",
                  "ref": "P248006.28.1",
                  "inst": "Išgum-Erra[]PN",
                  "sig": "@obmc%sux:{m}iš-gu-um-er₃-ra=Išgum-Erra[1//1]PN'PN$Išgum-Erra/{m}iš-gu-um-er₃-ra#~",
                  "f": {
                    "lang": "sux",
                    "form": "{m}iš-gu-um-er₃-ra",
                    "gdl": [
                      {
                        "det": "semantic",
                        "pos": "pre",
                        "seq": [
                          {
                            "v": "m",
                            "id": "P248006.28.1.0"
                          }
                        ]
                      },
                      {
                        "v": "iš",
                        "id": "P248006.28.1.1",
                        "delim": "-"
                      },
                      {
                        "v": "gu",
                        "id": "P248006.28.1.2",
                        "delim": "-"
                      },
                      {
                        "v": "um",
                        "id": "P248006.28.1.3",
                        "delim": "-"
                      },
                      {
                        "v": "er₃",
                        "id": "P248006.28.1.4",
                        "delim": "-"
                      },
                      {
                        "v": "ra",
                        "id": "P248006.28.1.5"
                      }
                    ],
                    "cf": "Išgum-Erra",
                    "gw": "1",
                    "sense": "1",
                    "norm0": "Išgum-Erra",
                    "pos": "PN",
                    "epos": "PN",
                    "base": "{m}iš-gu-um-er₃-ra",
                    "morph": "~"
                  }
                },
                {
                  "node": "d",
                  "type": "nonx",
                  "ref": "P248006.29",
                  "strict": "1",
                  "extent": "rest",
                  "scope": "column",
                  "state": "missing"
                }
              ]
            }
          ]
        }
      ]
    },
    {
      "linkbase": [
        {
          "type": "linkset",
          "xlink_title": "šu teŋ[accept//to accept]V/t'V/t",
          "id": "P248006.ls00000",
          "xlink_type": "extended",
          "xlink_role": "psu",
          "sig": "{šu ba-an-ti = šu[hand]N teŋ[approach]V/i += šu teŋ[accept//to accept]V/t'V/t}::@obmc%sux:šu=šu[hand//hand]N'N$šu/šu#~++@obmc%sux:ba-an-ti=teŋ[approach//to approach]V/i'V/i$ba.n:teŋ/ti#ba.n:~",
          "links": [
            {
              "type": "link",
              "xlink_title": "šu",
              "xlink_type": "locator",
              "xlink_href": "#P248006.l00a73",
              "xlink_role": "elt"
            },
            {
              "type": "link",
              "xlink_title": "teŋ",
              "xlink_type": "locator",
              "xlink_href": "#P248006.l00a74",
              "xlink_role": "elt"
            }
          ]
        },
        {
          "type": "linkset",
          "xlink_title": "inim ŋar[sue//to sue, to make a legal claim]V/t'V/t",
          "id": "P248006.ls00001",
          "xlink_type": "extended",
          "xlink_role": "psu",
          "sig": "{inim nu-ŋa₂-ŋa₂-a = inim[word]N ŋar[place]V/t += inim ŋar[sue//to sue, to make a legal claim]V/t'V/t}::@obmc%sux:inim=inim[word//word]N'N$inim/inim#~++@obmc%sux:nu-ŋa₂-ŋa₂-a=ŋar[place//to place on, put on]V/t'V/t$nu:ŋar;a/ŋa₂-ŋa₂#nu:~;a",
          "links": [
            {
              "type": "link",
              "xlink_title": "inim",
              "xlink_type": "locator",
              "xlink_href": "#P248006.l00a82",
              "xlink_role": "elt"
            },
            {
              "type": "link",
              "xlink_title": "ŋar",
              "xlink_type": "locator",
              "xlink_href": "#P248006.l00a83",
              "xlink_role": "elt"
            }
          ]
        },
        {
          "type": "linkset",
          "xlink_title": "šu teŋ[accept//to accept]V/t'V/t",
          "id": "P248006.ls00002",
          "xlink_type": "extended",
          "xlink_role": "psu",
          "sig": "{šu ba-an-ti = šu[hand]N teŋ[approach]V/i += šu teŋ[accept//to accept]V/t'V/t}::@obmc%sux:šu=šu[hand//hand]N'N$šu/šu#~++@obmc%sux:ba-an-ti=teŋ[approach//to approach]V/i'V/i$ba.n:teŋ/ti#ba.n:~",
          "links": [
            {
              "type": "link",
              "xlink_title": "šu",
              "xlink_type": "locator",
              "xlink_href": "#P248006.l00a94",
              "xlink_role": "elt"
            },
            {
              "type": "link",
              "xlink_title": "teŋ",
              "xlink_type": "locator",
              "xlink_href": "#P248006.l00a95",
              "xlink_role": "elt"
            }
          ]
        }
      ]
    }
  ]
}
