{
  "type": "cdl",
  "project": "obmc",
  "source": "http://oracc.org/obmc",
  "license": "This data is released under the CC0 license",
  "license-url": "https://creativecommons.org/publicdomain/zero/1.0/",
  "more-info": "http://oracc.org/doc/opendata/",
  "UTC-timestamp": "2017-06-21T22:46:15",
  "textid": "P252271",
  "cdl": [
    {
      "node": "c",
      "type": "text",
      "id": "P252271.U0",
      "cdl": [
        {
          "node": "d",
          "subtype": "tablet",
          "type": "tablet",
          "ref": "P252271.x55.1",
          "label": "x55"
        },
        {
          "node": "d",
          "subtype": "obverse",
          "type": "obverse",
          "ref": "P252271.o.2",
          "label": "o"
        },
        {
          "node": "c",
          "type": "discourse",
          "subtype": "body",
          "id": "P252271.U1",
          "cdl": [
            {
              "node": "c",
              "type": "sentence",
              "id": "P252271.U2",
              "label": "o 1 - o 13",
              "cdl": [
                {
                  "node": "d",
                  "type": "line-start",
                  "ref": "P252271.3",
                  "n": "1",
                  "label": "o 1"
                },
                {
                  "node": "l",
                  "frag": "(8.1/2)",
                  "id": "P252271.l00b30",
                  "ref": "P252271.3.1",
                  "inst": "n",
                  "f": {
                    "lang": "sux",
                    "form": "8.1/2",
                    "delim": " ",
                    "gdl": [
                      {
                        "gg": "group",
                        "gdl_type": "group",
                        "group": [
                          {
                            "n": "n",
                            "sexified": "8(diš)",
                            "form": "8",
                            "id": "P252271.3.1.0",
                            "delim": ".",
                            "seq": [
                              {
                                "r": "8"
                              }
                            ]
                          },
                          {
                            "n": "n",
                            "sexified": "1/2(disz)",
                            "form": "1/2",
                            "id": "P252271.3.1.1",
                            "seq": [
                              {
                                "r": "1/2"
                              }
                            ]
                          }
                        ]
                      }
                    ],
                    "pos": "n"
                  }
                },
                {
                  "node": "l",
                  "frag": "giŋ₄",
                  "id": "P252271.l00b31",
                  "ref": "P252271.3.2",
                  "inst": "giŋ[a unit of weight, shekel]N",
                  "sig": "@obmc%sux:giŋ₄=giŋ[unit//a unit of weight, shekel]N'N$giŋ/giŋ₄#~",
                  "f": {
                    "lang": "sux",
                    "form": "giŋ₄",
                    "delim": " ",
                    "gdl": [
                      {
                        "v": "giŋ₄",
                        "id": "P252271.3.2.0"
                      }
                    ],
                    "cf": "giŋ",
                    "gw": "unit",
                    "sense": "a unit of weight, shekel",
                    "norm0": "giŋ",
                    "pos": "N",
                    "epos": "N",
                    "base": "giŋ₄",
                    "morph": "~"
                  }
                },
                {
                  "node": "l",
                  "frag": "kug-babbar",
                  "id": "P252271.l00b32",
                  "ref": "P252271.3.3",
                  "inst": "kugbabbar[silver]N",
                  "sig": "@obmc%sux:kug-babbar=kugbabbar[silver//silver]N'N$kugbabbar/kug-babbar#~",
                  "f": {
                    "lang": "sux",
                    "form": "kug-babbar",
                    "gdl": [
                      {
                        "v": "kug",
                        "id": "P252271.3.3.0",
                        "delim": "-"
                      },
                      {
                        "v": "babbar",
                        "id": "P252271.3.3.1"
                      }
                    ],
                    "cf": "kugbabbar",
                    "gw": "silver",
                    "sense": "silver",
                    "norm0": "kugbabbar",
                    "pos": "N",
                    "epos": "N",
                    "base": "kug-babbar",
                    "morph": "~"
                  }
                },
                {
                  "node": "d",
                  "type": "line-start",
                  "ref": "P252271.4",
                  "n": "2",
                  "label": "o 2"
                },
                {
                  "node": "l",
                  "frag": "niŋ₂",
                  "id": "P252271.l00b33",
                  "ref": "P252271.4.1",
                  "inst": "niŋ[thing, possession]N",
                  "sig": "@obmc%sux:niŋ₂=niŋ[thing//thing, possession]N'N$niŋ/niŋ₂#~",
                  "f": {
                    "lang": "sux",
                    "form": "niŋ₂",
                    "delim": " ",
                    "gdl": [
                      {
                        "v": "niŋ₂",
                        "id": "P252271.4.1.0"
                      }
                    ],
                    "cf": "niŋ",
                    "gw": "thing",
                    "sense": "thing, possession",
                    "norm0": "niŋ",
                    "pos": "N",
                    "epos": "N",
                    "base": "niŋ₂",
                    "morph": "~"
                  }
                },
                {
                  "node": "l",
                  "frag": "be-el-šu-nu",
                  "id": "P252271.l00b34",
                  "ref": "P252271.4.2",
                  "inst": "Belšunu[]PN",
                  "sig": "@obmc%sux:be-el-šu-nu=Belšunu[1//1]PN'PN$Belšunu/be-el-šu-nu#~",
                  "f": {
                    "lang": "sux",
                    "form": "be-el-šu-nu",
                    "gdl": [
                      {
                        "v": "be",
                        "id": "P252271.4.2.0",
                        "delim": "-"
                      },
                      {
                        "v": "el",
                        "id": "P252271.4.2.1",
                        "delim": "-"
                      },
                      {
                        "v": "šu",
                        "id": "P252271.4.2.2",
                        "delim": "-"
                      },
                      {
                        "v": "nu",
                        "id": "P252271.4.2.3"
                      }
                    ],
                    "cf": "Belšunu",
                    "gw": "1",
                    "sense": "1",
                    "norm0": "Belšunu",
                    "pos": "PN",
                    "epos": "PN",
                    "base": "be-el-šu-nu",
                    "morph": "~"
                  }
                },
                {
                  "node": "d",
                  "type": "line-start",
                  "ref": "P252271.5",
                  "n": "3",
                  "label": "o 3"
                },
                {
                  "node": "l",
                  "frag": "ugu",
                  "id": "P252271.l00b35",
                  "ref": "P252271.5.1",
                  "inst": "ugu[against]",
                  "sig": "@obmc%sux:ugu=ugu[skull//against]N'N$ugu/ugu#~",
                  "f": {
                    "lang": "sux",
                    "form": "ugu",
                    "delim": " ",
                    "gdl": [
                      {
                        "v": "ugu",
                        "id": "P252271.5.1.0"
                      }
                    ],
                    "cf": "ugu",
                    "gw": "skull",
                    "sense": "against",
                    "norm0": "ugu",
                    "pos": "N",
                    "epos": "N",
                    "base": "ugu",
                    "morph": "~"
                  }
                },
                {
                  "node": "l",
                  "frag": "i-din-{d}⸢eš₄⸣-tar₂",
                  "id": "P252271.l00b36",
                  "ref": "P252271.5.2",
                  "inst": "Iddin-Eštar[1]PN",
                  "sig": "@obmc%sux:i-din-{d}eš₄-tar₂=Iddin-Eštar[1//1]PN'PN$Iddin-Eštar/i-din-{d}eš₄-tar₂#~",
                  "f": {
                    "lang": "sux",
                    "form": "i-din-{d}eš₄-tar₂",
                    "gdl": [
                      {
                        "v": "i",
                        "id": "P252271.5.2.0",
                        "delim": "-"
                      },
                      {
                        "v": "din",
                        "id": "P252271.5.2.1",
                        "delim": "-"
                      },
                      {
                        "det": "semantic",
                        "pos": "pre",
                        "seq": [
                          {
                            "v": "d",
                            "id": "P252271.5.2.2"
                          }
                        ]
                      },
                      {
                        "v": "eš₄",
                        "id": "P252271.5.2.3",
                        "break": "damaged",
                        "ho": "1",
                        "delim": "-",
                        "hc": "1"
                      },
                      {
                        "v": "tar₂",
                        "id": "P252271.5.2.4"
                      }
                    ],
                    "cf": "Iddin-Eštar",
                    "gw": "1",
                    "sense": "1",
                    "norm0": "Iddin-Eštar",
                    "pos": "PN",
                    "epos": "PN",
                    "base": "i-din-{d}eš₄-tar₂",
                    "morph": "~"
                  }
                },
                {
                  "node": "d",
                  "type": "line-start",
                  "ref": "P252271.6",
                  "n": "4",
                  "label": "o 4"
                },
                {
                  "node": "l",
                  "frag": "an-tuku-⸢am₃⸣",
                  "id": "P252271.l00b37",
                  "ref": "P252271.6.1",
                  "inst": "tuku[to acquire, get]V/t",
                  "sig": "@obmc%sux:an-tuku-am₃=tuku[acquire//to acquire, get]V/t'V/t$V.n:tuku;am/tuku#V.n:~;am",
                  "f": {
                    "lang": "sux",
                    "form": "an-tuku-am₃",
                    "gdl": [
                      {
                        "v": "an",
                        "id": "P252271.6.1.0",
                        "delim": "-"
                      },
                      {
                        "v": "tuku",
                        "id": "P252271.6.1.1",
                        "delim": "-"
                      },
                      {
                        "v": "am₃",
                        "id": "P252271.6.1.2",
                        "break": "damaged",
                        "ho": "1",
                        "hc": "1"
                      }
                    ],
                    "cf": "tuku",
                    "gw": "acquire",
                    "sense": "to acquire, get",
                    "norm0": "V.n:tuku;am",
                    "pos": "V/t",
                    "epos": "V/t",
                    "base": "tuku",
                    "morph": "V.n:~;am"
                  }
                },
                {
                  "node": "d",
                  "type": "line-start",
                  "ref": "P252271.7",
                  "n": "5",
                  "label": "o 5"
                },
                {
                  "node": "l",
                  "frag": "šag₄",
                  "id": "P252271.l00b38",
                  "ref": "P252271.7.1",
                  "inst": "šag[in, inside]N",
                  "sig": "@obmc%sux:šag₄=šag[heart//in, inside]N'N$šag/šag₄#~",
                  "f": {
                    "lang": "sux",
                    "form": "šag₄",
                    "delim": " ",
                    "gdl": [
                      {
                        "v": "šag₄",
                        "id": "P252271.7.1.0"
                      }
                    ],
                    "cf": "šag",
                    "gw": "heart",
                    "sense": "in, inside",
                    "norm0": "šag",
                    "pos": "N",
                    "epos": "N",
                    "base": "šag₄",
                    "morph": "~"
                  }
                },
                {
                  "node": "l",
                  "frag": "be-el-⸢šu⸣-nu",
                  "id": "P252271.l00b39",
                  "ref": "P252271.7.2",
                  "inst": "Belšunu[1]PN",
                  "sig": "@obmc%sux:be-el-šu-nu=Belšunu[1//1]PN'PN$Belšunu/be-el-šu-nu#~",
                  "f": {
                    "lang": "sux",
                    "form": "be-el-šu-nu",
                    "gdl": [
                      {
                        "v": "be",
                        "id": "P252271.7.2.0",
                        "delim": "-"
                      },
                      {
                        "v": "el",
                        "id": "P252271.7.2.1",
                        "delim": "-"
                      },
                      {
                        "v": "šu",
                        "id": "P252271.7.2.2",
                        "break": "damaged",
                        "ho": "1",
                        "delim": "-",
                        "hc": "1"
                      },
                      {
                        "v": "nu",
                        "id": "P252271.7.2.3"
                      }
                    ],
                    "cf": "Belšunu",
                    "gw": "1",
                    "sense": "1",
                    "norm0": "Belšunu",
                    "pos": "PN",
                    "epos": "PN",
                    "base": "be-el-šu-nu",
                    "morph": "~"
                  }
                },
                {
                  "node": "d",
                  "type": "line-start",
                  "ref": "P252271.8",
                  "n": "6",
                  "label": "o 6"
                },
                {
                  "node": "l",
                  "frag": "{m}i-din-{d}⸢eš₄⸣-tar₂",
                  "id": "P252271.l00b3a",
                  "ref": "P252271.8.1",
                  "inst": "Iddin-Eštar[]PN",
                  "sig": "@obmc%sux:{m}i-din-{d}eš₄-tar₂=Iddin-Eštar[1//1]PN'PN$Iddin-Eštar/{m}i-din-{d}eš₄-tar₂#~",
                  "f": {
                    "lang": "sux",
                    "form": "{m}i-din-{d}eš₄-tar₂",
                    "gdl": [
                      {
                        "det": "semantic",
                        "pos": "pre",
                        "seq": [
                          {
                            "v": "m",
                            "id": "P252271.8.1.0"
                          }
                        ]
                      },
                      {
                        "v": "i",
                        "id": "P252271.8.1.1",
                        "delim": "-"
                      },
                      {
                        "v": "din",
                        "id": "P252271.8.1.2",
                        "delim": "-"
                      },
                      {
                        "det": "semantic",
                        "pos": "pre",
                        "seq": [
                          {
                            "v": "d",
                            "id": "P252271.8.1.3"
                          }
                        ]
                      },
                      {
                        "v": "eš₄",
                        "id": "P252271.8.1.4",
                        "break": "damaged",
                        "ho": "1",
                        "delim": "-",
                        "hc": "1"
                      },
                      {
                        "v": "tar₂",
                        "id": "P252271.8.1.5"
                      }
                    ],
                    "cf": "Iddin-Eštar",
                    "gw": "1",
                    "sense": "1",
                    "norm0": "Iddin-Eštar",
                    "pos": "PN",
                    "epos": "PN",
                    "base": "{m}i-din-{d}eš₄-tar₂",
                    "morph": "~"
                  }
                },
                {
                  "node": "d",
                  "type": "line-start",
                  "ref": "P252271.9",
                  "n": "7",
                  "label": "o 7"
                },
                {
                  "node": "l",
                  "frag": "ba-an-dug₃",
                  "id": "P252271.l00b3b",
                  "ref": "P252271.9.1",
                  "inst": "dug[good]",
                  "sig": "@obmc%sux:ba-an-dug₃=dug[good//good]V/i'V/i$ba.n:dug/dug₃#ba.n:~",
                  "f": {
                    "lang": "sux",
                    "form": "ba-an-dug₃",
                    "gdl": [
                      {
                        "v": "ba",
                        "id": "P252271.9.1.0",
                        "delim": "-"
                      },
                      {
                        "v": "an",
                        "id": "P252271.9.1.1",
                        "delim": "-"
                      },
                      {
                        "v": "dug₃",
                        "id": "P252271.9.1.2"
                      }
                    ],
                    "cf": "dug",
                    "gw": "good",
                    "sense": "good",
                    "norm0": "ba.n:dug",
                    "pos": "V/i",
                    "epos": "V/i",
                    "base": "dug₃",
                    "morph": "ba.n:~"
                  }
                },
                {
                  "node": "d",
                  "type": "line-start",
                  "ref": "P252271.10",
                  "n": "8",
                  "label": "o 8"
                },
                {
                  "node": "l",
                  "frag": "lu₂-na-me-en",
                  "id": "P252271.l00b3c",
                  "ref": "P252271.10.1",
                  "inst": "luname[someone]N",
                  "sig": "@obmc%sux:lu₂-na-me-en=luname[someone//someone]N'N$luname/lu₂-na-me-en#~",
                  "f": {
                    "lang": "sux",
                    "form": "lu₂-na-me-en",
                    "delim": " ",
                    "gdl": [
                      {
                        "v": "lu₂",
                        "id": "P252271.10.1.0",
                        "delim": "-"
                      },
                      {
                        "v": "na",
                        "id": "P252271.10.1.1",
                        "delim": "-"
                      },
                      {
                        "v": "me",
                        "id": "P252271.10.1.2",
                        "delim": "-"
                      },
                      {
                        "v": "en",
                        "id": "P252271.10.1.3"
                      }
                    ],
                    "cf": "luname",
                    "gw": "someone",
                    "sense": "someone",
                    "norm0": "luname",
                    "pos": "N",
                    "epos": "N",
                    "base": "lu₂-na-me-en",
                    "morph": "~"
                  }
                },
                {
                  "node": "l",
                  "frag": "niŋ₂-na-me-en",
                  "id": "P252271.l00b3d",
                  "ref": "P252271.10.2",
                  "inst": "niŋname[anything]N",
                  "sig": "@obmc%sux:niŋ₂-na-me-en=niŋname[anything//anything]N'N$niŋname/niŋ-na-me-en#~",
                  "f": {
                    "lang": "sux",
                    "form": "niŋ₂-na-me-en",
                    "gdl": [
                      {
                        "v": "niŋ₂",
                        "id": "P252271.10.2.0",
                        "delim": "-"
                      },
                      {
                        "v": "na",
                        "id": "P252271.10.2.1",
                        "delim": "-"
                      },
                      {
                        "v": "me",
                        "id": "P252271.10.2.2",
                        "delim": "-"
                      },
                      {
                        "v": "en",
                        "id": "P252271.10.2.3"
                      }
                    ],
                    "cf": "niŋname",
                    "gw": "anything",
                    "sense": "anything",
                    "norm0": "niŋname",
                    "pos": "N",
                    "epos": "N",
                    "base": "niŋ-na-me-en",
                    "morph": "~"
                  }
                },
                {
                  "node": "d",
                  "type": "line-start",
                  "ref": "P252271.11",
                  "n": "9",
                  "label": "o 9"
                },
                {
                  "node": "l",
                  "frag": "ugu-ni",
                  "id": "P252271.l00b3e",
                  "ref": "P252271.11.1",
                  "inst": "ugu[against]",
                  "sig": "@obmc%sux:ugu-ni=ugu[skull//against]N'N$ugu,ani/ugu#~,ani",
                  "f": {
                    "lang": "sux",
                    "form": "ugu-ni",
                    "delim": " ",
                    "gdl": [
                      {
                        "v": "ugu",
                        "id": "P252271.11.1.0",
                        "delim": "-"
                      },
                      {
                        "v": "ni",
                        "id": "P252271.11.1.1"
                      }
                    ],
                    "cf": "ugu",
                    "gw": "skull",
                    "sense": "against",
                    "norm0": "ugu,ani",
                    "pos": "N",
                    "epos": "N",
                    "base": "ugu",
                    "morph": "~,ani"
                  }
                },
                {
                  "node": "l",
                  "frag": "nu-tuku",
                  "id": "P252271.l00b3f",
                  "ref": "P252271.11.2",
                  "inst": "tuku[to acquire, get]V/t",
                  "sig": "@obmc%sux:nu-tuku=tuku[acquire//to acquire, get]V/t'V/t$nu:tuku/tuku#nu:~",
                  "f": {
                    "lang": "sux",
                    "form": "nu-tuku",
                    "gdl": [
                      {
                        "v": "nu",
                        "id": "P252271.11.2.0",
                        "delim": "-"
                      },
                      {
                        "v": "tuku",
                        "id": "P252271.11.2.1"
                      }
                    ],
                    "cf": "tuku",
                    "gw": "acquire",
                    "sense": "to acquire, get",
                    "norm0": "nu:tuku",
                    "pos": "V/t",
                    "epos": "V/t",
                    "base": "tuku",
                    "morph": "nu:~"
                  }
                },
                {
                  "node": "d",
                  "type": "line-start",
                  "ref": "P252271.12",
                  "n": "10",
                  "label": "o 10"
                },
                {
                  "node": "l",
                  "frag": "mu",
                  "id": "P252271.l00b40",
                  "ref": "P252271.12.1",
                  "inst": "mu[name]N",
                  "sig": "@obmc%sux:mu=mu[name//name]N'N$mu/mu#~",
                  "f": {
                    "lang": "sux",
                    "form": "mu",
                    "delim": " ",
                    "gdl": [
                      {
                        "v": "mu",
                        "id": "P252271.12.1.0"
                      }
                    ],
                    "cf": "mu",
                    "gw": "name",
                    "sense": "name",
                    "norm0": "mu",
                    "pos": "N",
                    "epos": "N",
                    "base": "mu",
                    "morph": "~"
                  }
                },
                {
                  "node": "l",
                  "frag": "i-din-{d}eš₄-tar₂",
                  "id": "P252271.l00b41",
                  "ref": "P252271.12.2",
                  "inst": "Iddin-Eštar[1]PN",
                  "sig": "@obmc%sux:i-din-{d}eš₄-tar₂=Iddin-Eštar[1//1]PN'PN$Iddin-Eštar/i-din-{d}eš₄-tar₂#~",
                  "f": {
                    "lang": "sux",
                    "form": "i-din-{d}eš₄-tar₂",
                    "gdl": [
                      {
                        "v": "i",
                        "id": "P252271.12.2.0",
                        "delim": "-"
                      },
                      {
                        "v": "din",
                        "id": "P252271.12.2.1",
                        "delim": "-"
                      },
                      {
                        "det": "semantic",
                        "pos": "pre",
                        "seq": [
                          {
                            "v": "d",
                            "id": "P252271.12.2.2"
                          }
                        ]
                      },
                      {
                        "v": "eš₄",
                        "id": "P252271.12.2.3",
                        "delim": "-"
                      },
                      {
                        "v": "tar₂",
                        "id": "P252271.12.2.4"
                      }
                    ],
                    "cf": "Iddin-Eštar",
                    "gw": "1",
                    "sense": "1",
                    "norm0": "Iddin-Eštar",
                    "pos": "PN",
                    "epos": "PN",
                    "base": "i-din-{d}eš₄-tar₂",
                    "morph": "~"
                  }
                },
                {
                  "node": "d",
                  "type": "line-start",
                  "ref": "P252271.13",
                  "n": "11",
                  "label": "o 11"
                },
                {
                  "node": "l",
                  "frag": "kišib",
                  "id": "P252271.l00b42",
                  "ref": "P252271.13.1",
                  "inst": "kišib[seal]N",
                  "sig": "@obmc%sux:kišib=kišib[seal//seal]N'N$kišib/kišib#~",
                  "f": {
                    "lang": "sux",
                    "form": "kišib",
                    "delim": " ",
                    "gdl": [
                      {
                        "v": "kišib",
                        "id": "P252271.13.1.0"
                      }
                    ],
                    "cf": "kišib",
                    "gw": "seal",
                    "sense": "seal",
                    "norm0": "kišib",
                    "pos": "N",
                    "epos": "N",
                    "base": "kišib",
                    "morph": "~"
                  }
                },
                {
                  "node": "l",
                  "frag": "nu-tuku",
                  "id": "P252271.l00b43",
                  "ref": "P252271.13.2",
                  "inst": "tuku[to acquire, get]V/t",
                  "sig": "@obmc%sux:nu-tuku=tuku[acquire//to acquire, get]V/t'V/t$nu:tuku/tuku#nu:~",
                  "f": {
                    "lang": "sux",
                    "form": "nu-tuku",
                    "delim": " ",
                    "gdl": [
                      {
                        "v": "nu",
                        "id": "P252271.13.2.0",
                        "delim": "-"
                      },
                      {
                        "v": "tuku",
                        "id": "P252271.13.2.1"
                      }
                    ],
                    "cf": "tuku",
                    "gw": "acquire",
                    "sense": "to acquire, get",
                    "norm0": "nu:tuku",
                    "pos": "V/t",
                    "epos": "V/t",
                    "base": "tuku",
                    "morph": "nu:~"
                  }
                },
                {
                  "node": "l",
                  "frag": "{m}{d}nanna-lu₂-ti",
                  "id": "P252271.l00b44",
                  "ref": "P252271.13.3",
                  "inst": "Nanna-lu-ti[1]PN",
                  "sig": "@obmc%sux:{m}{d}nanna-lu₂-ti=Nanna-lu-ti[1//1]PN'PN$Nanna-lu-ti/{m}{d}nanna-lu₂-ti#~",
                  "f": {
                    "lang": "sux",
                    "form": "{m}{d}nanna-lu₂-ti",
                    "gdl": [
                      {
                        "det": "semantic",
                        "pos": "pre",
                        "seq": [
                          {
                            "v": "m",
                            "id": "P252271.13.3.0"
                          }
                        ]
                      },
                      {
                        "det": "semantic",
                        "pos": "pre",
                        "seq": [
                          {
                            "v": "d",
                            "id": "P252271.13.3.1"
                          }
                        ]
                      },
                      {
                        "v": "nanna",
                        "id": "P252271.13.3.2",
                        "delim": "-"
                      },
                      {
                        "v": "lu₂",
                        "id": "P252271.13.3.3",
                        "delim": "-"
                      },
                      {
                        "v": "ti",
                        "id": "P252271.13.3.4"
                      }
                    ],
                    "cf": "Nanna-lu-ti",
                    "gw": "1",
                    "sense": "1",
                    "norm0": "Nanna-lu-ti",
                    "pos": "PN",
                    "epos": "PN",
                    "base": "{m}{d}nanna-lu₂-ti",
                    "morph": "~"
                  }
                },
                {
                  "node": "d",
                  "type": "line-start",
                  "ref": "P252271.14",
                  "n": "12",
                  "label": "o 12"
                },
                {
                  "node": "l",
                  "frag": "kišib-ba-a-ni",
                  "id": "P252271.l00b45",
                  "ref": "P252271.14.1",
                  "inst": "kišib[seal]",
                  "sig": "@obmc%sux:kišib-ba-a-ni=kišib[seal//seal]N'N$kišib,ani/kišib#~,ani",
                  "f": {
                    "lang": "sux",
                    "form": "kišib-ba-a-ni",
                    "delim": " ",
                    "gdl": [
                      {
                        "v": "kišib",
                        "id": "P252271.14.1.0",
                        "delim": "-"
                      },
                      {
                        "v": "ba",
                        "id": "P252271.14.1.1",
                        "delim": "-"
                      },
                      {
                        "v": "a",
                        "id": "P252271.14.1.2",
                        "delim": "-"
                      },
                      {
                        "v": "ni",
                        "id": "P252271.14.1.3"
                      }
                    ],
                    "cf": "kišib",
                    "gw": "seal",
                    "sense": "seal",
                    "norm0": "kišib,ani",
                    "pos": "N",
                    "epos": "N",
                    "base": "kišib",
                    "morph": "~,ani"
                  }
                },
                {
                  "node": "l",
                  "frag": "ib₂-rah₂",
                  "id": "P252271.l00b46",
                  "ref": "P252271.14.2",
                  "inst": "rah[beat]V/t",
                  "sig": "@obmc%sux:ib₂-rah₂=rah[beat//to beat]V/t'V/t$V.b:rah/rah₂#V.b:~",
                  "f": {
                    "lang": "sux",
                    "form": "ib₂-rah₂",
                    "gdl": [
                      {
                        "v": "ib₂",
                        "id": "P252271.14.2.0",
                        "delim": "-"
                      },
                      {
                        "v": "rah₂",
                        "id": "P252271.14.2.1"
                      }
                    ],
                    "cf": "rah",
                    "gw": "beat",
                    "sense": "to beat",
                    "norm0": "V.b:rah",
                    "pos": "V/t",
                    "epos": "V/t",
                    "base": "rah₂",
                    "morph": "V.b:~"
                  }
                },
                {
                  "node": "d",
                  "type": "line-start",
                  "ref": "P252271.15",
                  "n": "13",
                  "label": "o 13"
                },
                {
                  "node": "l",
                  "frag": "mu",
                  "id": "P252271.l00b47",
                  "ref": "P252271.15.1",
                  "inst": "mu[name]N",
                  "sig": "@obmc%sux:mu=mu[name//name]N'N$mu/mu#~",
                  "f": {
                    "lang": "sux",
                    "form": "mu",
                    "delim": " ",
                    "gdl": [
                      {
                        "v": "mu",
                        "id": "P252271.15.1.0"
                      }
                    ],
                    "cf": "mu",
                    "gw": "name",
                    "sense": "name",
                    "norm0": "mu",
                    "pos": "N",
                    "epos": "N",
                    "base": "mu",
                    "morph": "~"
                  }
                },
                {
                  "node": "l",
                  "frag": "lugal-la-⸢bi⸣",
                  "id": "P252271.l00b48",
                  "ref": "P252271.15.2",
                  "inst": "lugal[king]N",
                  "sig": "@obmc%sux:lugal-la-bi=lugal[king//king]N'N$lugal,ak.bi/lugal#~,ak.bi",
                  "f": {
                    "lang": "sux",
                    "form": "lugal-la-bi",
                    "delim": " ",
                    "gdl": [
                      {
                        "v": "lugal",
                        "id": "P252271.15.2.0",
                        "delim": "-"
                      },
                      {
                        "v": "la",
                        "id": "P252271.15.2.1",
                        "delim": "-"
                      },
                      {
                        "v": "bi",
                        "id": "P252271.15.2.2",
                        "break": "damaged",
                        "ho": "1",
                        "hc": "1"
                      }
                    ],
                    "cf": "lugal",
                    "gw": "king",
                    "sense": "king",
                    "norm0": "lugal,ak.bi",
                    "pos": "N",
                    "epos": "N",
                    "base": "lugal",
                    "morph": "~,ak.bi"
                  }
                },
                {
                  "node": "l",
                  "frag": "in-pad₃",
                  "id": "P252271.l00b49",
                  "ref": "P252271.15.3",
                  "inst": "pad[swear]V/t",
                  "sig": "@obmc%sux:in-pad₃=pad[find//to swear]V/t'V/t$V.n:pad/pad₃#V.n:~",
                  "f": {
                    "lang": "sux",
                    "form": "in-pad₃",
                    "gdl": [
                      {
                        "v": "in",
                        "id": "P252271.15.3.0",
                        "delim": "-"
                      },
                      {
                        "v": "pad₃",
                        "id": "P252271.15.3.1"
                      }
                    ],
                    "cf": "pad",
                    "gw": "find",
                    "sense": "to swear",
                    "norm0": "V.n:pad",
                    "pos": "V/t",
                    "epos": "V/t",
                    "base": "pad₃",
                    "morph": "V.n:~"
                  }
                },
                {
                  "node": "d",
                  "type": "nonx",
                  "ref": "P252271.16",
                  "strict": "1",
                  "extent": "0",
                  "scope": "reverse",
                  "state": "blank"
                }
              ]
            }
          ]
        }
      ]
    }
  ]
}
