{
  "type": "cdl",
  "project": "obmc",
  "source": "http://oracc.org/obmc",
  "license": "This data is released under the CC0 license",
  "license-url": "https://creativecommons.org/publicdomain/zero/1.0/",
  "more-info": "http://oracc.org/doc/opendata/",
  "UTC-timestamp": "2017-06-21T22:46:16",
  "textid": "P253576",
  "cdl": [
    {
      "node": "c",
      "type": "text",
      "id": "P253576.U0",
      "cdl": [
        {
          "node": "d",
          "subtype": "tablet",
          "type": "tablet",
          "ref": "P253576.x60.1",
          "label": "x60"
        },
        {
          "node": "d",
          "subtype": "obverse",
          "type": "obverse",
          "ref": "P253576.o.2",
          "label": "o"
        },
        {
          "node": "c",
          "type": "discourse",
          "subtype": "body",
          "id": "P253576.U1",
          "cdl": [
            {
              "node": "c",
              "type": "sentence",
              "id": "P253576.U2",
              "label": "o 1 - r 3",
              "cdl": [
                {
                  "node": "d",
                  "type": "line-start",
                  "ref": "P253576.3",
                  "n": "1",
                  "label": "o 1"
                },
                {
                  "node": "l",
                  "frag": "1(geš₂)",
                  "id": "P253576.l00be7",
                  "ref": "P253576.3.1",
                  "inst": "n",
                  "f": {
                    "lang": "sux",
                    "form": "1(geš₂)",
                    "delim": " ",
                    "gdl": [
                      {
                        "n": "n",
                        "form": "1(geš₂)",
                        "id": "P253576.3.1.0",
                        "seq": [
                          {
                            "r": "1"
                          },
                          {
                            "v": "geš₂"
                          }
                        ]
                      }
                    ],
                    "pos": "n"
                  }
                },
                {
                  "node": "l",
                  "frag": "še",
                  "id": "P253576.l00be8",
                  "ref": "P253576.3.2",
                  "inst": "še[barley]N",
                  "sig": "@obmc%sux:še=še[barley//barley]N'N$še/še#~",
                  "f": {
                    "lang": "sux",
                    "form": "še",
                    "delim": " ",
                    "gdl": [
                      {
                        "v": "še",
                        "id": "P253576.3.2.0"
                      }
                    ],
                    "cf": "še",
                    "gw": "barley",
                    "sense": "barley",
                    "norm0": "še",
                    "pos": "N",
                    "epos": "N",
                    "base": "še",
                    "morph": "~"
                  }
                },
                {
                  "node": "l",
                  "frag": "gur",
                  "id": "P253576.l00be9",
                  "ref": "P253576.3.3",
                  "inst": "gur[unit of capacity]N",
                  "sig": "@obmc%sux:gur=gur[unit//unit of capacity]N'N$gur/gur#~",
                  "f": {
                    "lang": "sux",
                    "form": "gur",
                    "gdl": [
                      {
                        "v": "gur",
                        "id": "P253576.3.3.0"
                      }
                    ],
                    "cf": "gur",
                    "gw": "unit",
                    "sense": "unit of capacity",
                    "norm0": "gur",
                    "pos": "N",
                    "epos": "N",
                    "base": "gur",
                    "morph": "~"
                  }
                },
                {
                  "node": "d",
                  "type": "line-start",
                  "ref": "P253576.4",
                  "n": "2",
                  "label": "o 2"
                },
                {
                  "node": "l",
                  "frag": "šu-la₂-še₃",
                  "id": "P253576.l00bea",
                  "ref": "P253576.4.1",
                  "inst": "šulaʾa[consignment]N",
                  "sig": "@obmc%sux:šu-la₂-še₃=šulaʾa[consignment//consignment]N'N$šulaʾa,eše/šu-la₂#~,eše",
                  "f": {
                    "lang": "sux",
                    "form": "šu-la₂-še₃",
                    "gdl": [
                      {
                        "v": "šu",
                        "id": "P253576.4.1.0",
                        "delim": "-"
                      },
                      {
                        "v": "la₂",
                        "id": "P253576.4.1.1",
                        "delim": "-"
                      },
                      {
                        "v": "še₃",
                        "id": "P253576.4.1.2"
                      }
                    ],
                    "cf": "šulaʾa",
                    "gw": "consignment",
                    "sense": "consignment",
                    "norm0": "šulaʾa,eše",
                    "pos": "N",
                    "epos": "N",
                    "base": "šu-la₂",
                    "morph": "~,eše"
                  }
                },
                {
                  "node": "d",
                  "type": "line-start",
                  "ref": "P253576.5",
                  "n": "3",
                  "label": "o 3"
                },
                {
                  "node": "l",
                  "frag": "ki",
                  "id": "P253576.l00beb",
                  "ref": "P253576.5.1",
                  "inst": "ki[place]N",
                  "sig": "@obmc%sux:ki=ki[place//place]N'N$ki/ki#~",
                  "f": {
                    "lang": "sux",
                    "form": "ki",
                    "delim": " ",
                    "gdl": [
                      {
                        "v": "ki",
                        "id": "P253576.5.1.0"
                      }
                    ],
                    "cf": "ki",
                    "gw": "place",
                    "sense": "place",
                    "norm0": "ki",
                    "pos": "N",
                    "epos": "N",
                    "base": "ki",
                    "morph": "~"
                  }
                },
                {
                  "node": "l",
                  "frag": "i₃-li₂-am-ra-an-ni-ta",
                  "id": "P253576.l00bec",
                  "ref": "P253576.5.2",
                  "inst": "Ili-amranni[]PN/i₃-li₂-am-ra-an-ni#~,ta",
                  "sig": "@obmc%sux:i₃-li₂-am-ra-an-ni-ta=Ili-amranni[1//1]PN'PN$Ili-amranni,ta/i₃-li₂-am-ra-an-ni#~,ta",
                  "f": {
                    "lang": "sux",
                    "form": "i₃-li₂-am-ra-an-ni-ta",
                    "gdl": [
                      {
                        "v": "i₃",
                        "id": "P253576.5.2.0",
                        "delim": "-"
                      },
                      {
                        "v": "li₂",
                        "id": "P253576.5.2.1",
                        "delim": "-"
                      },
                      {
                        "v": "am",
                        "id": "P253576.5.2.2",
                        "delim": "-"
                      },
                      {
                        "v": "ra",
                        "id": "P253576.5.2.3",
                        "delim": "-"
                      },
                      {
                        "v": "an",
                        "id": "P253576.5.2.4",
                        "delim": "-"
                      },
                      {
                        "v": "ni",
                        "id": "P253576.5.2.5",
                        "delim": "-"
                      },
                      {
                        "v": "ta",
                        "id": "P253576.5.2.6"
                      }
                    ],
                    "cf": "Ili-amranni",
                    "gw": "1",
                    "sense": "1",
                    "norm0": "Ili-amranni,ta",
                    "pos": "PN",
                    "epos": "PN",
                    "base": "i₃-li₂-am-ra-an-ni",
                    "morph": "~,ta"
                  }
                },
                {
                  "node": "d",
                  "type": "line-start",
                  "ref": "P253576.6",
                  "n": "4",
                  "label": "o 4"
                },
                {
                  "node": "l",
                  "frag": "{m}nu-ur₂-i₃-li₂",
                  "id": "P253576.l00bed",
                  "ref": "P253576.6.1",
                  "inst": "Nur-ili[]PN/{m}nu-ur₂-i₃-li₂#~",
                  "sig": "@obmc%sux:{m}nu-ur₂-i₃-li₂=Nur-ili[1//1]PN'PN$Nur-ili/{m}nu-ur₂-i₃-li₂#~",
                  "f": {
                    "lang": "sux",
                    "form": "{m}nu-ur₂-i₃-li₂",
                    "gdl": [
                      {
                        "det": "semantic",
                        "pos": "pre",
                        "seq": [
                          {
                            "v": "m",
                            "id": "P253576.6.1.0"
                          }
                        ]
                      },
                      {
                        "v": "nu",
                        "id": "P253576.6.1.1",
                        "delim": "-"
                      },
                      {
                        "v": "ur₂",
                        "id": "P253576.6.1.2",
                        "delim": "-"
                      },
                      {
                        "v": "i₃",
                        "id": "P253576.6.1.3",
                        "delim": "-"
                      },
                      {
                        "v": "li₂",
                        "id": "P253576.6.1.4"
                      }
                    ],
                    "cf": "Nur-ili",
                    "gw": "1",
                    "sense": "1",
                    "norm0": "Nur-ili",
                    "pos": "PN",
                    "epos": "PN",
                    "base": "{m}nu-ur₂-i₃-li₂",
                    "morph": "~"
                  }
                },
                {
                  "node": "d",
                  "type": "line-start",
                  "ref": "P253576.7",
                  "n": "5",
                  "label": "o 5"
                },
                {
                  "node": "l",
                  "frag": "u₃",
                  "id": "P253576.l00bee",
                  "ref": "P253576.7.1",
                  "inst": "u[and]CNJ",
                  "sig": "@obmc%sux:u₃=u[and//and]CNJ'CNJ$u/u₃#~",
                  "f": {
                    "lang": "sux",
                    "form": "u₃",
                    "delim": " ",
                    "gdl": [
                      {
                        "v": "u₃",
                        "id": "P253576.7.1.0"
                      }
                    ],
                    "cf": "u",
                    "gw": "and",
                    "sense": "and",
                    "norm0": "u",
                    "pos": "CNJ",
                    "epos": "CNJ",
                    "base": "u₃",
                    "morph": "~"
                  }
                },
                {
                  "node": "l",
                  "frag": "{d}nanna-ma-an-šum₂-ke₄",
                  "id": "P253576.l00bef",
                  "ref": "P253576.7.2",
                  "inst": "+Nanna-manšum[]PN/{d}nanna-ma-an-šum₂-k·e₄#~,e",
                  "sig": "@obmc%sux:{d}nanna-ma-an-šum₂-ke₄=Nanna-manšum[1//1]PN'PN$Nanna-manšum,e/{d}nanna-ma-an-šum₂-k·e₄#~,e",
                  "f": {
                    "lang": "sux",
                    "form": "{d}nanna-ma-an-šum₂-ke₄",
                    "gdl": [
                      {
                        "det": "semantic",
                        "pos": "pre",
                        "seq": [
                          {
                            "v": "d",
                            "id": "P253576.7.2.0"
                          }
                        ]
                      },
                      {
                        "v": "nanna",
                        "id": "P253576.7.2.1",
                        "delim": "-"
                      },
                      {
                        "v": "ma",
                        "id": "P253576.7.2.2",
                        "delim": "-"
                      },
                      {
                        "v": "an",
                        "id": "P253576.7.2.3",
                        "delim": "-"
                      },
                      {
                        "v": "šum₂",
                        "id": "P253576.7.2.4",
                        "delim": "-"
                      },
                      {
                        "v": "ke₄",
                        "id": "P253576.7.2.5"
                      }
                    ],
                    "cf": "Nanna-manšum",
                    "gw": "1",
                    "sense": "1",
                    "norm0": "Nanna-manšum,e",
                    "pos": "PN",
                    "epos": "PN",
                    "base": "{d}nanna-ma-an-šum₂-k·e₄",
                    "morph": "~,e"
                  }
                },
                {
                  "node": "d",
                  "type": "line-start",
                  "ref": "P253576.8",
                  "n": "6",
                  "label": "o 6"
                },
                {
                  "node": "c",
                  "type": "phrase",
                  "tag": "phr",
                  "id": "P253576.U4",
                  "ref": "P253576.ls00000",
                  "cdl": [
                    {
                      "node": "l",
                      "frag": "šu",
                      "id": "P253576.l00bf0",
                      "ref": "P253576.8.1",
                      "inst": "šu[hand]N",
                      "sig": "@obmc%sux:šu=šu[hand//hand]N'N$šu/šu#~",
                      "f": {
                        "lang": "sux",
                        "form": "šu",
                        "delim": " ",
                        "gdl": [
                          {
                            "v": "šu",
                            "id": "P253576.8.1.0"
                          }
                        ],
                        "cf": "šu",
                        "gw": "hand",
                        "sense": "hand",
                        "norm0": "šu",
                        "pos": "N",
                        "epos": "N",
                        "base": "šu",
                        "morph": "~"
                      }
                    },
                    {
                      "node": "l",
                      "frag": "ba-an-ti-eš",
                      "id": "P253576.l00bf1",
                      "ref": "P253576.8.2",
                      "inst": "teŋ[approach]V/i",
                      "sig": "@obmc%sux:ba-an-ti-eš=teŋ[approach//approach]V/i'V/i$ba.n:teŋ;eš/ti#ba.n:~;eš",
                      "f": {
                        "lang": "sux",
                        "form": "ba-an-ti-eš",
                        "gdl": [
                          {
                            "v": "ba",
                            "id": "P253576.8.2.0",
                            "delim": "-"
                          },
                          {
                            "v": "an",
                            "id": "P253576.8.2.1",
                            "delim": "-"
                          },
                          {
                            "v": "ti",
                            "id": "P253576.8.2.2",
                            "delim": "-"
                          },
                          {
                            "v": "eš",
                            "id": "P253576.8.2.3"
                          }
                        ],
                        "cf": "teŋ",
                        "gw": "approach",
                        "sense": "approach",
                        "norm0": "ba.n:teŋ;eš",
                        "pos": "V/i",
                        "epos": "V/i",
                        "base": "ti",
                        "morph": "ba.n:~;eš"
                      }
                    }
                  ]
                },
                {
                  "node": "d",
                  "type": "line-start",
                  "ref": "P253576.9",
                  "n": "7",
                  "label": "o 7"
                },
                {
                  "node": "l",
                  "frag": "{iti}šeg₁₂-a-ka",
                  "id": "P253576.l00bf2",
                  "ref": "P253576.9.1",
                  "inst": "Šega[1]MN",
                  "sig": "@obmc%sux:{iti}šeg₁₂-a-ka=Šega[1//1]MN'MN$Šega,ak.a/{iti}šeg₁₂-a#~,ak.a",
                  "f": {
                    "lang": "sux",
                    "form": "{iti}šeg₁₂-a-ka",
                    "gdl": [
                      {
                        "det": "semantic",
                        "pos": "pre",
                        "seq": [
                          {
                            "v": "iti",
                            "id": "P253576.9.1.0"
                          }
                        ]
                      },
                      {
                        "v": "šeg₁₂",
                        "id": "P253576.9.1.1",
                        "delim": "-"
                      },
                      {
                        "v": "a",
                        "id": "P253576.9.1.2",
                        "delim": "-"
                      },
                      {
                        "v": "ka",
                        "id": "P253576.9.1.3"
                      }
                    ],
                    "cf": "Šega",
                    "gw": "1",
                    "sense": "1",
                    "norm0": "Šega,ak.a",
                    "pos": "MN",
                    "epos": "MN",
                    "base": "{iti}šeg₁₂-a",
                    "morph": "~,ak.a"
                  }
                },
                {
                  "node": "d",
                  "type": "line-start",
                  "ref": "P253576.10",
                  "n": "8",
                  "label": "o 8"
                },
                {
                  "node": "l",
                  "frag": "saŋ",
                  "id": "P253576.l00bf3",
                  "ref": "P253576.10.1",
                  "inst": "saŋ[head]N",
                  "sig": "@obmc%sux:saŋ=saŋ[head//head]N'N$saŋ/saŋ#~",
                  "f": {
                    "lang": "sux",
                    "form": "saŋ",
                    "delim": " ",
                    "gdl": [
                      {
                        "v": "saŋ",
                        "id": "P253576.10.1.0"
                      }
                    ],
                    "cf": "saŋ",
                    "gw": "head",
                    "sense": "head",
                    "norm0": "saŋ",
                    "pos": "N",
                    "epos": "N",
                    "base": "saŋ",
                    "morph": "~"
                  }
                },
                {
                  "node": "l",
                  "frag": "u₄-sakar-ra-ka",
                  "id": "P253576.l00bf4",
                  "ref": "P253576.10.2",
                  "inst": "usakar[moon]N/u₄-sakar +-ra=r.a #~,ak.a",
                  "sig": "@obmc%sux:u₄-sakar-ra-ka=usakar[moon//moon]N'N$usakar,ak.a/u₄-sakar+-ra=r.a#~,ak.a",
                  "f": {
                    "lang": "sux",
                    "form": "u₄-sakar-ra-ka",
                    "gdl": [
                      {
                        "v": "u₄",
                        "id": "P253576.10.2.0",
                        "delim": "-"
                      },
                      {
                        "v": "sakar",
                        "id": "P253576.10.2.1",
                        "delim": "-"
                      },
                      {
                        "v": "ra",
                        "id": "P253576.10.2.2",
                        "delim": "-"
                      },
                      {
                        "v": "ka",
                        "id": "P253576.10.2.3"
                      }
                    ],
                    "cf": "usakar",
                    "gw": "moon",
                    "sense": "moon",
                    "norm0": "usakar,ak.a",
                    "pos": "N",
                    "epos": "N",
                    "base": "u₄-sakar",
                    "cont": "-ra=r.a",
                    "morph": "~,ak.a"
                  }
                },
                {
                  "node": "d",
                  "type": "line-start",
                  "ref": "P253576.11",
                  "n": "9",
                  "label": "o 9"
                },
                {
                  "node": "l",
                  "frag": "{ŋeš}ba-ri₂-ga",
                  "id": "P253576.l00bf5",
                  "ref": "P253576.11.1",
                  "inst": "bariga[a measuring container]N",
                  "sig": "@obmc%sux:{ŋeš}ba-ri₂-ga=bariga[unit//a measuring container]N'N$bariga/{ŋeš}ba-ri₂-ga#~",
                  "f": {
                    "lang": "sux",
                    "form": "{ŋeš}ba-ri₂-ga",
                    "delim": " ",
                    "gdl": [
                      {
                        "det": "semantic",
                        "pos": "pre",
                        "seq": [
                          {
                            "v": "ŋeš",
                            "id": "P253576.11.1.0"
                          }
                        ]
                      },
                      {
                        "v": "ba",
                        "id": "P253576.11.1.1",
                        "delim": "-"
                      },
                      {
                        "v": "ri₂",
                        "id": "P253576.11.1.2",
                        "delim": "-"
                      },
                      {
                        "v": "ga",
                        "id": "P253576.11.1.3"
                      }
                    ],
                    "cf": "bariga",
                    "gw": "unit",
                    "sense": "a measuring container",
                    "norm0": "bariga",
                    "pos": "N",
                    "epos": "N",
                    "base": "{ŋeš}ba-ri₂-ga",
                    "morph": "~"
                  }
                },
                {
                  "node": "l",
                  "frag": "gi-na-ta",
                  "id": "P253576.l00bf6",
                  "ref": "P253576.11.2",
                  "inst": "gin[correct, normal]V/i/gi-n·a #~;a,ta",
                  "sig": "@obmc%sux:gi-na-ta=gin[establish//correct, normal]V/t'V/i$gin;a,ta/gi-n·a#~;a,ta",
                  "f": {
                    "lang": "sux",
                    "form": "gi-na-ta",
                    "gdl": [
                      {
                        "v": "gi",
                        "id": "P253576.11.2.0",
                        "delim": "-"
                      },
                      {
                        "v": "na",
                        "id": "P253576.11.2.1",
                        "delim": "-"
                      },
                      {
                        "v": "ta",
                        "id": "P253576.11.2.2"
                      }
                    ],
                    "cf": "gin",
                    "gw": "establish",
                    "sense": "correct, normal",
                    "norm0": "gin;a,ta",
                    "pos": "V/t",
                    "epos": "V/i",
                    "base": "gi-n·a",
                    "morph": "~;a,ta"
                  }
                },
                {
                  "node": "d",
                  "type": "line-start",
                  "ref": "P253576.12",
                  "n": "10",
                  "label": "o 10"
                },
                {
                  "node": "l",
                  "frag": "ŋeš",
                  "id": "P253576.l00bf7",
                  "ref": "P253576.12.1",
                  "inst": "ŋeš[wood]N",
                  "sig": "@obmc%sux:ŋeš=ŋeš[tree//wood]N'N$ŋeš/ŋeš#~",
                  "f": {
                    "lang": "sux",
                    "form": "ŋeš",
                    "delim": " ",
                    "gdl": [
                      {
                        "v": "ŋeš",
                        "id": "P253576.12.1.0"
                      }
                    ],
                    "cf": "ŋeš",
                    "gw": "tree",
                    "sense": "wood",
                    "norm0": "ŋeš",
                    "pos": "N",
                    "epos": "N",
                    "base": "ŋeš",
                    "morph": "~"
                  }
                },
                {
                  "node": "l",
                  "frag": "šu",
                  "id": "P253576.l00bf8",
                  "ref": "P253576.12.2",
                  "inst": "šu[hand]N",
                  "sig": "@obmc%sux:šu=šu[hand//hand]N'N$šu/šu#~",
                  "f": {
                    "lang": "sux",
                    "form": "šu",
                    "delim": " ",
                    "gdl": [
                      {
                        "v": "šu",
                        "id": "P253576.12.2.0"
                      }
                    ],
                    "cf": "šu",
                    "gw": "hand",
                    "sense": "hand",
                    "norm0": "šu",
                    "pos": "N",
                    "epos": "N",
                    "base": "šu",
                    "morph": "~"
                  }
                },
                {
                  "node": "l",
                  "frag": "ur₃-ra-ta",
                  "id": "P253576.l00bf9",
                  "ref": "P253576.12.3",
                  "inst": "ur[drag]V/i/ur₃#~;a,ta",
                  "sig": "@obmc%sux:ur₃-ra-ta=ur[drag//drag]V/i'V/i$ur;a,ta/ur₃#~;a,ta",
                  "f": {
                    "lang": "sux",
                    "form": "ur₃-ra-ta",
                    "gdl": [
                      {
                        "v": "ur₃",
                        "id": "P253576.12.3.0",
                        "delim": "-"
                      },
                      {
                        "v": "ra",
                        "id": "P253576.12.3.1",
                        "delim": "-"
                      },
                      {
                        "v": "ta",
                        "id": "P253576.12.3.2"
                      }
                    ],
                    "cf": "ur",
                    "gw": "drag",
                    "sense": "drag",
                    "norm0": "ur;a,ta",
                    "pos": "V/i",
                    "epos": "V/i",
                    "base": "ur₃",
                    "morph": "~;a,ta"
                  }
                },
                {
                  "node": "d",
                  "type": "line-start",
                  "ref": "P253576.13",
                  "n": "11",
                  "label": "o 11"
                },
                {
                  "node": "l",
                  "frag": "e₂",
                  "id": "P253576.l00bfa",
                  "ref": "P253576.13.1",
                  "inst": "e[house]N",
                  "sig": "@obmc%sux:e₂=e[house//house]N'N$e/e₂#~",
                  "f": {
                    "lang": "sux",
                    "form": "e₂",
                    "delim": " ",
                    "gdl": [
                      {
                        "v": "e₂",
                        "id": "P253576.13.1.0"
                      }
                    ],
                    "cf": "e",
                    "gw": "house",
                    "sense": "house",
                    "norm0": "e",
                    "pos": "N",
                    "epos": "N",
                    "base": "e₂",
                    "morph": "~"
                  }
                },
                {
                  "node": "l",
                  "frag": "i₃-li₂-am-ra-an-ni-ra",
                  "id": "P253576.l00bfb",
                  "ref": "P253576.13.2",
                  "inst": "Ili-amranni[]PN/i₃-li₂-am-ra-an-ni#~,ra",
                  "sig": "@obmc%sux:i₃-li₂-am-ra-an-ni-ra=Ili-amranni[1//1]PN'PN$Ili-amranni,ra/i₃-li₂-am-ra-an-ni#~,ra",
                  "f": {
                    "lang": "sux",
                    "form": "i₃-li₂-am-ra-an-ni-ra",
                    "gdl": [
                      {
                        "v": "i₃",
                        "id": "P253576.13.2.0",
                        "delim": "-"
                      },
                      {
                        "v": "li₂",
                        "id": "P253576.13.2.1",
                        "delim": "-"
                      },
                      {
                        "v": "am",
                        "id": "P253576.13.2.2",
                        "delim": "-"
                      },
                      {
                        "v": "ra",
                        "id": "P253576.13.2.3",
                        "delim": "-"
                      },
                      {
                        "v": "an",
                        "id": "P253576.13.2.4",
                        "delim": "-"
                      },
                      {
                        "v": "ni",
                        "id": "P253576.13.2.5",
                        "delim": "-"
                      },
                      {
                        "v": "ra",
                        "id": "P253576.13.2.6"
                      }
                    ],
                    "cf": "Ili-amranni",
                    "gw": "1",
                    "sense": "1",
                    "norm0": "Ili-amranni,ra",
                    "pos": "PN",
                    "epos": "PN",
                    "base": "i₃-li₂-am-ra-an-ni",
                    "morph": "~,ra"
                  }
                },
                {
                  "node": "d",
                  "type": "line-start",
                  "ref": "P253576.14",
                  "n": "12",
                  "label": "o 12"
                },
                {
                  "node": "l",
                  "frag": "bi₂-ib-il₂-il₂-x",
                  "id": "P253576.l00bfc",
                  "ref": "P253576.14.1",
                  "inst": "il[raise]V/t/il₂-il₂#ba.i.b:~",
                  "sig": "@obmc%sux:bi₂-ib-il₂-il₂-x=il[raise//raise]V/t'V/t$ba.i.b:il/il₂-il₂#ba.i.b:~",
                  "f": {
                    "lang": "sux",
                    "form": "bi₂-ib-il₂-il₂-x",
                    "gdl": [
                      {
                        "v": "bi₂",
                        "id": "P253576.14.1.0",
                        "delim": "-"
                      },
                      {
                        "v": "ib",
                        "id": "P253576.14.1.1",
                        "delim": "-"
                      },
                      {
                        "v": "il₂",
                        "id": "P253576.14.1.2",
                        "delim": "-"
                      },
                      {
                        "v": "il₂",
                        "id": "P253576.14.1.3",
                        "delim": "-"
                      },
                      {
                        "v": "x",
                        "id": "P253576.14.1.4"
                      }
                    ],
                    "cf": "il",
                    "gw": "raise",
                    "sense": "raise",
                    "norm0": "ba.i.b:il",
                    "pos": "V/t",
                    "epos": "V/t",
                    "base": "il₂-il₂",
                    "morph": "ba.i.b:~"
                  }
                },
                {
                  "node": "d",
                  "type": "line-start",
                  "ref": "P253576.15",
                  "n": "13",
                  "label": "o 13"
                },
                {
                  "node": "l",
                  "frag": "i₃-aŋ₂-e-ne",
                  "id": "P253576.l00bfd",
                  "ref": "P253576.15.1",
                  "inst": "aŋ[to measure]V/t",
                  "sig": "@obmc%sux:i₃-aŋ₂-e-ne=aŋ[measure//to measure]V/t'V/t$V:aŋ;ene/aŋ₂#V:~;ene",
                  "f": {
                    "lang": "sux",
                    "form": "i₃-aŋ₂-e-ne",
                    "gdl": [
                      {
                        "v": "i₃",
                        "id": "P253576.15.1.0",
                        "delim": "-"
                      },
                      {
                        "v": "aŋ₂",
                        "id": "P253576.15.1.1",
                        "delim": "-"
                      },
                      {
                        "v": "e",
                        "id": "P253576.15.1.2",
                        "delim": "-"
                      },
                      {
                        "v": "ne",
                        "id": "P253576.15.1.3"
                      }
                    ],
                    "cf": "aŋ",
                    "gw": "measure",
                    "sense": "to measure",
                    "norm0": "V:aŋ;ene",
                    "pos": "V/t",
                    "epos": "V/t",
                    "base": "aŋ₂",
                    "morph": "V:~;ene"
                  }
                },
                {
                  "node": "d",
                  "subtype": "reverse",
                  "type": "reverse",
                  "ref": "P253576.r.16",
                  "label": "r"
                },
                {
                  "node": "d",
                  "type": "line-start",
                  "ref": "P253576.17",
                  "n": "1",
                  "label": "r 1"
                },
                {
                  "node": "l",
                  "frag": "inim-inim-ne-ne",
                  "id": "P253576.l00bfe",
                  "ref": "P253576.17.1",
                  "inst": "inim[matter (of affairs)]N",
                  "sig": "@obmc%sux:inim-inim-ne-ne=inim[word//matter (of affairs)]N'N$inim,x/inim-inim#~,x",
                  "f": {
                    "lang": "sux",
                    "form": "inim-inim-ne-ne",
                    "gdl": [
                      {
                        "v": "inim",
                        "id": "P253576.17.1.0",
                        "delim": "-"
                      },
                      {
                        "v": "inim",
                        "id": "P253576.17.1.1",
                        "delim": "-"
                      },
                      {
                        "v": "ne",
                        "id": "P253576.17.1.2",
                        "delim": "-"
                      },
                      {
                        "v": "ne",
                        "id": "P253576.17.1.3"
                      }
                    ],
                    "cf": "inim",
                    "gw": "word",
                    "sense": "matter (of affairs)",
                    "norm0": "inim,x",
                    "pos": "N",
                    "epos": "N",
                    "base": "inim-inim",
                    "morph": "~,x"
                  }
                },
                {
                  "node": "d",
                  "type": "line-start",
                  "ref": "P253576.18",
                  "n": "2",
                  "label": "r 2"
                },
                {
                  "node": "l",
                  "frag": "ba-an-šum₂-mu-uš",
                  "id": "P253576.l00bff",
                  "ref": "P253576.18.1",
                  "inst": "šum[to give]V/t",
                  "sig": "@obmc%sux:ba-an-šum₂-mu-uš=šum[give//to give]V/t'V/t$ba.an:šum;e.eš/šum₂#ba.an:~;e.eš",
                  "f": {
                    "lang": "sux",
                    "form": "ba-an-šum₂-mu-uš",
                    "gdl": [
                      {
                        "v": "ba",
                        "id": "P253576.18.1.0",
                        "delim": "-"
                      },
                      {
                        "v": "an",
                        "id": "P253576.18.1.1",
                        "delim": "-"
                      },
                      {
                        "v": "šum₂",
                        "id": "P253576.18.1.2",
                        "delim": "-"
                      },
                      {
                        "v": "mu",
                        "id": "P253576.18.1.3",
                        "delim": "-"
                      },
                      {
                        "v": "uš",
                        "id": "P253576.18.1.4"
                      }
                    ],
                    "cf": "šum",
                    "gw": "give",
                    "sense": "to give",
                    "norm0": "ba.an:šum;e.eš",
                    "pos": "V/t",
                    "epos": "V/t",
                    "base": "šum₂",
                    "morph": "ba.an:~;e.eš"
                  }
                },
                {
                  "node": "d",
                  "type": "line-start",
                  "ref": "P253576.19",
                  "n": "3",
                  "label": "r 3"
                },
                {
                  "node": "l",
                  "frag": "mu",
                  "id": "P253576.l00c00",
                  "ref": "P253576.19.1",
                  "inst": "mu[name]N",
                  "sig": "@obmc%sux:mu=mu[name//name]N'N$mu/mu#~",
                  "f": {
                    "lang": "sux",
                    "form": "mu",
                    "delim": " ",
                    "gdl": [
                      {
                        "v": "mu",
                        "id": "P253576.19.1.0"
                      }
                    ],
                    "cf": "mu",
                    "gw": "name",
                    "sense": "name",
                    "norm0": "mu",
                    "pos": "N",
                    "epos": "N",
                    "base": "mu",
                    "morph": "~"
                  }
                },
                {
                  "node": "l",
                  "frag": "lugal-la-bi",
                  "id": "P253576.l00c01",
                  "ref": "P253576.19.2",
                  "inst": "lugal[king]N",
                  "sig": "@obmc%sux:lugal-la-bi=lugal[king//king]N'N$lugal,ak.bi/lugal#~,ak.bi",
                  "f": {
                    "lang": "sux",
                    "form": "lugal-la-bi",
                    "delim": " ",
                    "gdl": [
                      {
                        "v": "lugal",
                        "id": "P253576.19.2.0",
                        "delim": "-"
                      },
                      {
                        "v": "la",
                        "id": "P253576.19.2.1",
                        "delim": "-"
                      },
                      {
                        "v": "bi",
                        "id": "P253576.19.2.2"
                      }
                    ],
                    "cf": "lugal",
                    "gw": "king",
                    "sense": "king",
                    "norm0": "lugal,ak.bi",
                    "pos": "N",
                    "epos": "N",
                    "base": "lugal",
                    "morph": "~,ak.bi"
                  }
                },
                {
                  "node": "d",
                  "frag": "/",
                  "type": "punct",
                  "ref": "P253576.19.3",
                  "lang": "sux",
                  "delim": " "
                },
                {
                  "node": "l",
                  "frag": "in-pad₃-de₃-eš",
                  "id": "P253576.l00c02",
                  "ref": "P253576.19.4",
                  "inst": "pad[to swear]V/t",
                  "sig": "@obmc%sux:in-pad₃-de₃-eš=pad[find//to swear]V/t'V/t$V.n:pad;eše/pad₃#V.n:~;eše",
                  "f": {
                    "lang": "sux",
                    "form": "in-pad₃-de₃-eš",
                    "gdl": [
                      {
                        "v": "in",
                        "id": "P253576.19.4.0",
                        "delim": "-"
                      },
                      {
                        "v": "pad₃",
                        "id": "P253576.19.4.1",
                        "delim": "-"
                      },
                      {
                        "v": "de₃",
                        "id": "P253576.19.4.2",
                        "delim": "-"
                      },
                      {
                        "v": "eš",
                        "id": "P253576.19.4.3"
                      }
                    ],
                    "cf": "pad",
                    "gw": "find",
                    "sense": "to swear",
                    "norm0": "V.n:pad;eše",
                    "pos": "V/t",
                    "epos": "V/t",
                    "base": "pad₃",
                    "morph": "V.n:~;eše"
                  }
                }
              ]
            }
          ]
        }
      ]
    },
    {
      "linkbase": [
        {
          "type": "linkset",
          "xlink_title": "šu teŋ[accept//to accept]V/t'V/t",
          "id": "P253576.ls00000",
          "xlink_type": "extended",
          "xlink_role": "psu",
          "sig": "{šu ba-an-ti-eš = šu[hand]N teŋ[approach]V/i += šu teŋ[accept//to accept]V/t'V/t}::@obmc%sux:šu=šu[hand//hand]N'N$šu/šu#~++@obmc%sux:ba-an-ti-eš=teŋ[approach//to approach]V/i'V/i$ba.n:teŋ;eš/ti#ba.n:~;eš",
          "links": [
            {
              "type": "link",
              "xlink_title": "šu",
              "xlink_type": "locator",
              "xlink_href": "#P253576.l00bf0",
              "xlink_role": "elt"
            },
            {
              "type": "link",
              "xlink_title": "teŋ",
              "xlink_type": "locator",
              "xlink_href": "#P253576.l00bf1",
              "xlink_role": "elt"
            }
          ]
        }
      ]
    }
  ]
}
