{
"type": "cdl",
  "source": "http://oracc.org/saao/saa06",
  "license": "This data is released under the CC0 license",
  "license-url": "https://creativecommons.org/publicdomain/zero/1.0/",
  "more-info": "http://oracc.org/doc/opendata/",
  "UTC-timestamp": "2017-05-19T11:30:49",
"project": "saao/saa06",
"textid": "P334987",
"cdl": [
{
"node": "c",
"type": "text",
"id": "P334987.U0",
"cdl": [
{
"node": "d",
"type": "object",
"ref": ""}
,
{
"node": "d",
"subtype": "obverse",
"type": "surface",
"ref": "P334987.o.1",
"type": "obverse",
"label": "o"}
,
{
"node": "c",
"type": "discourse",
"subtype": "body",
"id": "P334987.U1",
"cdl": [
{
"node": "c",
"type": "sentence",
"id": "P334987.U2",
"label": "o 1 - r 4",
"cdl": [
{
"node": "d",
"type": "line-start",
"ref": "P334987.2",
"n": "1",
"label": "o 1"}
,
{
"node": "l",
"frag": "{⸢na₄⸣}KIŠIB",
"id": "P334987.l06b8f",
"ref": "P334987.2.1",
"inst": "kunuk[seal]N",
"sig": "@saao/saa06%akk-x-neoass:{NA₄}KIŠIB=kunukku[seal//seal]N'N$kunuk",
"f": {"lang": "akk-x-neoass",
"form": "{NA₄}KIŠIB",
"cf": "kunukku",
"gw": "seal",
"sense": "seal",
"norm": "kunuk",
"pos": "N",
"epos": "N"}
}
,
{
"node": "l",
"frag": "{1}man-nu-ki-i-PAB",
"id": "P334987.l06b90",
"ref": "P334987.2.2",
"inst": "Mannu-ki-ahi[1]PN$",
"exosig": "@saao/saa06%akk-x-neoass:{1}man-nu-ki-i-PAB=Mannu-ki-ahi[1//1]PN'PN$Mannu-ki-ahi",
"f": {"lang": "akk-x-neoass",
"form": "{1}man-nu-ki-i-PAB",
"cf": "Mannu-ki-ahi",
"gw": "1",
"sense": "1",
"norm": "Mannu-ki-ahi",
"pos": "PN",
"epos": "PN"}
}
,
{
"node": "l",
"frag": "{lu₂}02-u",
"id": "P334987.l06b91",
"ref": "P334987.2.3",
"inst": "šaniu[deputy]'N",
"exosig": "@saao/saa06%akk-x-neoass:{LU₂}02-u=šanû[second//deputy]NU'N$šaniu",
"f": {"lang": "akk-x-neoass",
"form": "{LU₂}02-u",
"cf": "šanû",
"gw": "second",
"sense": "deputy",
"norm": "šaniu",
"pos": "NU",
"epos": "N"}
}
,
{
"node": "l",
"frag": "arrap-ha",
"id": "P334987.l06b92",
"ref": "P334987.2.4",
"inst": "Arrapha[1]GN$",
"exosig": "@saao/saa06%akk-x-neoass:arrap-ha=Arrapha[1//1]GN'GN$Arrapha",
"f": {"lang": "akk-x-neoass",
"form": "arrap-ha",
"cf": "Arrapha",
"gw": "1",
"sense": "1",
"norm": "Arrapha",
"pos": "GN",
"epos": "GN"}
}
,
{
"node": "d",
"type": "line-start",
"ref": "P334987.3",
"n": "2",
"label": "o 2"}
,
{
"node": "l",
"frag": "{⸢na₄⸣}KIŠIB",
"id": "P334987.l06b93",
"ref": "P334987.3.1",
"inst": "kunuk[seal]N",
"sig": "@saao/saa06%akk-x-neoass:{NA₄}KIŠIB=kunukku[seal//seal]N'N$kunuk",
"f": {"lang": "akk-x-neoass",
"form": "{NA₄}KIŠIB",
"cf": "kunukku",
"gw": "seal",
"sense": "seal",
"norm": "kunuk",
"pos": "N",
"epos": "N"}
}
,
{
"node": "l",
"frag": "{1}{d}PA-MAŠ",
"id": "P334987.l06b94",
"ref": "P334987.3.2",
"inst": "Nabu-ašared[1]PN",
"exosig": "@saao/saa06%akk-x-neoass:{1}{d}PA-MAŠ=Nabu-ašared[1//1]PN'PN$Nabu-ašared",
"f": {"lang": "akk-x-neoass",
"form": "{1}{d}PA-MAŠ",
"cf": "Nabu-ašared",
"gw": "1",
"sense": "1",
"norm": "Nabu-ašared",
"pos": "PN",
"epos": "PN"}
}
,
{
"node": "l",
"frag": "10",
"id": "P334987.l06b95",
"ref": "P334987.3.3",
"inst": "n",
"f": {"lang": "akk-x-neoass",
"form": "10",
"pos": "n"}
}
,
{
"node": "l",
"frag": "MA.NA",
"id": "P334987.l06b96",
"ref": "P334987.3.4",
"inst": "manê[a unit of weight]N",
"exosig": "@saao/saa06%akk-x-neoass:MA.NA=manû[unit//a unit of weight]N'N$manê",
"f": {"lang": "akk-x-neoass",
"form": "MA.NA",
"cf": "manû",
"gw": "unit",
"sense": "a unit of weight",
"norm": "manê",
"pos": "N",
"epos": "N"}
}
,
{
"node": "l",
"frag": "KUG.UD",
"id": "P334987.l06b97",
"ref": "P334987.3.5",
"inst": "ṣarpi[silver]N",
"exosig": "@saao/saa06%akk-x-neoass:KUG.UD=ṣarpu[silver//silver]N'N$ṣarpi",
"f": {"lang": "akk-x-neoass",
"form": "KUG.UD",
"cf": "ṣarpu",
"gw": "silver",
"sense": "silver",
"norm": "ṣarpi",
"pos": "N",
"epos": "N"}
}
,
{
"node": "d",
"type": "line-start",
"ref": "P334987.4",
"n": "3",
"label": "o 3"}
,
{
"node": "l",
"frag": "⸢SAG⸣.DU",
"id": "P334987.l06b98",
"ref": "P334987.4.1",
"inst": "kaqqudu[capital]N",
"exosig": "@saao/saa06%akk-x-neoass:SAG.DU=qaqqadu[head//capital]N'N$kaqqudu",
"f": {"lang": "akk-x-neoass",
"form": "SAG.DU",
"cf": "qaqqadu",
"gw": "head",
"sense": "capital",
"norm": "kaqqudu",
"pos": "N",
"epos": "N"}
}
,
{
"node": "l",
"frag": "ina",
"id": "P334987.l06b99",
"ref": "P334987.4.2",
"inst": "ina[by]PRP",
"exosig": "@saao/saa06%akk-x-neoass:ina=ina[in//by]PRP'PRP$ina",
"f": {"lang": "akk-x-neoass",
"form": "ina",
"cf": "ina",
"gw": "in",
"sense": "by",
"norm": "ina",
"pos": "PRP",
"epos": "PRP"}
}
,
{
"node": "l",
"frag": "01",
"id": "P334987.l06b9a",
"ref": "P334987.4.3",
"inst": "n",
"f": {"lang": "akk-x-neoass",
"form": "01",
"pos": "n"}
}
,
{
"node": "l",
"frag": "MA.NA-e",
"id": "P334987.l06b9b",
"ref": "P334987.4.4",
"inst": "manê[a unit of weight]N",
"exosig": "@saao/saa06%akk-x-neoass:MA.NA-e=manû[unit//a unit of weight]N'N$manê",
"f": {"lang": "akk-x-neoass",
"form": "MA.NA-e",
"cf": "manû",
"gw": "unit",
"sense": "a unit of weight",
"norm": "manê",
"pos": "N",
"epos": "N"}
}
,
{
"node": "l",
"frag": "ša₂",
"id": "P334987.l06b9c",
"ref": "P334987.4.5",
"inst": "ša[of]DET",
"exosig": "@saao/saa06%akk-x-neoass:ša₂=ša[of//of]DET'DET$ša",
"f": {"lang": "akk-x-neoass",
"form": "ša₂",
"cf": "ša",
"gw": "of",
"sense": "of",
"norm": "ša",
"pos": "DET",
"epos": "DET"}
}
,
{
"node": "l",
"frag": "{uru}gar-ga-mis",
"id": "P334987.l06b9d",
"ref": "P334987.4.6",
"inst": "Gargamis[Carchemish]GN",
"exosig": "@saao/saa06%akk-x-neoass:{URU}gar-ga-mis=Gargamis[Carchemish//Carchemish]GN'GN$Gargamis",
"f": {"lang": "akk-x-neoass",
"form": "{URU}gar-ga-mis",
"cf": "Gargamis",
"gw": "Carchemish",
"sense": "Carchemish",
"norm": "Gargamis",
"pos": "GN",
"epos": "GN"}
}
,
{
"node": "d",
"type": "line-start",
"ref": "P334987.5",
"n": "4",
"label": "o 4"}
,
{
"node": "l",
"frag": "ša",
"id": "P334987.l06b9e",
"ref": "P334987.5.1",
"inst": "ša[of]DET",
"exosig": "@saao/saa06%akk-x-neoass:ša=ša[of//of]DET'DET$ša",
"f": {"lang": "akk-x-neoass",
"form": "ša",
"cf": "ša",
"gw": "of",
"sense": "of",
"norm": "ša",
"pos": "DET",
"epos": "DET"}
}
,
{
"node": "l",
"frag": "{1}rem₂-an-ni-{d}IM",
"id": "P334987.l06b9f",
"ref": "P334987.5.2",
"inst": "Remanni-Adad[1]PN",
"exosig": "@saao/saa06%akk-x-neoass:{1}rem₂-an-ni-{d}IM=Remanni-Adad[1//1]PN'PN$Remanni-Adad",
"f": {"lang": "akk-x-neoass",
"form": "{1}rem₂-an-ni-{d}IM",
"cf": "Remanni-Adad",
"gw": "1",
"sense": "1",
"norm": "Remanni-Adad",
"pos": "PN",
"epos": "PN"}
}
,
{
"node": "c",
"type": "phrase",
"tag": "phr",
"id": "P334987.U4",
"ref": "P334987.ls00000",
"cdl": [
{
"node": "l",
"frag": "{lu₂}DIB-{kuš}PA-MEŠ",
"id": "P334987.l06ba0",
"ref": "P334987.5.3",
"cof-tails": "P334987.l06ba1",
"inst": "mukillu[holder]N$mukīl&appatu[bridle]N$appāti",
"exosig": "@saao/saa06%akk-x-neoass:{LU₂}DIB-{KUŠ}PA-MEŠ=mukillu[holder//holder]N'N$mukīl&&@saao%akk-x-neoass:=appatu[bridle//bridle]N'N$appāti",
"f": {"lang": "akk-x-neoass",
"form": "{LU₂}DIB-{KUŠ}PA-MEŠ",
"cf": "mukillu",
"gw": "holder",
"sense": "holder",
"norm": "mukīl",
"pos": "N",
"epos": "N"}
}
,
{
"node": "l",
"frag": "{lu₂}DIB-{kuš}PA-MEŠ",
"id": "P334987.l06ba1",
"ref": "P334987.5.3",
"cof-head": "P334987.l06ba0",
"inst": "mukillu[holder]N$mukīl&appatu[bridle]N$appāti",
"tail-sig": "@saao%akk-x-neoass:=appatu[bridle//bridle]N'N$appāti",
"f": {"lang": "akk-x-neoass",
"form": "{LU₂}DIB-{KUŠ}PA-MEŠ",
"cf": "appatu",
"gw": "bridle",
"sense": "bridle",
"norm": "appāti",
"pos": "N",
"epos": "N"}
}
]}
,
{
"node": "l",
"frag": "dan-nu",
"id": "P334987.l06ba2",
"ref": "P334987.5.4",
"inst": "dannu[strong]AJ",
"exosig": "@saao/saa06%akk-x-neoass:dan-nu=dannu[strong//strong]AJ'AJ$dannu",
"f": {"lang": "akk-x-neoass",
"form": "dan-nu",
"cf": "dannu",
"gw": "strong",
"sense": "strong",
"norm": "dannu",
"pos": "AJ",
"epos": "AJ"}
}
,
{
"node": "d",
"type": "nonx",
"ref": "P334987.6",
"strict": "1",
"extent": "n",
"scope": "line",
"state": "ruling",
"flags": "!"}
,
{
"node": "d",
"type": "nonx",
"ref": "P334987.7",
"strict": "1",
"extent": "1",
"scope": "space",
"state": "blank"}
,
{
"node": "d",
"type": "line-start",
"ref": "P334987.8",
"n": "5",
"label": "o 5"}
,
{
"node": "c",
"type": "phrase",
"tag": "phr",
"id": "P334987.U5",
"ref": "P334987.ls00001",
"cdl": [
{
"node": "l",
"frag": "⸢ina",
"id": "P334987.l06ba3",
"ref": "P334987.8.1",
"inst": "ina[in+=at the disposal of]PRP$",
"exosig": "@saao/saa06%akk-x-neoass:ina=ina[in//in]PRP'PRP$ina",
"f": {"lang": "akk-x-neoass",
"form": "ina",
"cf": "ina",
"gw": "in",
"sense": "in",
"norm": "ina",
"pos": "PRP",
"epos": "PRP"}
}
,
{
"node": "l",
"frag": "IGI-šu₂-nu",
"id": "P334987.l06ba4",
"ref": "P334987.8.2",
"inst": "pānu[front]N$pānišunu",
"exosig": "@saao/saa06%akk-x-neoass:IGI-šu₂-nu=pānu[front//front]N'N$pānišunu",
"f": {"lang": "akk-x-neoass",
"form": "IGI-šu₂-nu",
"cf": "pānu",
"gw": "front",
"sense": "front",
"norm": "pānišunu",
"pos": "N",
"epos": "N"}
}
]}
,
{
"node": "l",
"frag": "ina",
"id": "P334987.l06ba5",
"ref": "P334987.8.3",
"inst": "ina[in]PRP",
"exosig": "@saao/saa06%akk-x-neoass:ina=ina[in//in]PRP'PRP$ina",
"f": {"lang": "akk-x-neoass",
"form": "ina",
"cf": "ina",
"gw": "in",
"sense": "in",
"norm": "ina",
"pos": "PRP",
"epos": "PRP"}
}
,
{
"node": "l",
"frag": "{iti⸣}BARAG",
"id": "P334987.l06ba6",
"ref": "P334987.8.4",
"inst": "Nisanni[Nisan]MN",
"exosig": "@saao/saa06%akk-x-neoass:{ITI}BARAG=Nisannu[Nisan//Nisan]MN'MN$Nisanni",
"f": {"lang": "akk-x-neoass",
"form": "{ITI}BARAG",
"cf": "Nisannu",
"gw": "Nisan",
"sense": "Nisan",
"norm": "Nisanni",
"pos": "MN",
"epos": "MN"}
}
,
{
"node": "l",
"frag": "SAG.DU",
"id": "P334987.l06ba7",
"ref": "P334987.8.5",
"inst": "kaqqudu[capital]N",
"exosig": "@saao/saa06%akk-x-neoass:SAG.DU=qaqqadu[head//capital]N'N$kaqqudu",
"f": {"lang": "akk-x-neoass",
"form": "SAG.DU",
"cf": "qaqqadu",
"gw": "head",
"sense": "capital",
"norm": "kaqqudu",
"pos": "N",
"epos": "N"}
}
,
{
"node": "l",
"frag": "KUG.UD",
"id": "P334987.l06ba8",
"ref": "P334987.8.6",
"inst": "ṣarpi[silver]N",
"exosig": "@saao/saa06%akk-x-neoass:KUG.UD=ṣarpu[silver//silver]N'N$ṣarpi",
"f": {"lang": "akk-x-neoass",
"form": "KUG.UD",
"cf": "ṣarpu",
"gw": "silver",
"sense": "silver",
"norm": "ṣarpi",
"pos": "N",
"epos": "N"}
}
,
{
"node": "l",
"frag": "SUM-nu",
"id": "P334987.l06ba9",
"ref": "P334987.8.7",
"inst": "iddunu[pay]V",
"exosig": "@saao/saa06%akk-x-neoass:SUM-nu=tadānu[give//pay]V'V$iddunu",
"f": {"lang": "akk-x-neoass",
"form": "SUM-nu",
"cf": "tadānu",
"gw": "give",
"sense": "pay",
"norm": "iddunu",
"pos": "V",
"epos": "V"}
}
,
{
"node": "d",
"type": "line-start",
"ref": "P334987.9",
"n": "6",
"label": "o 6"}
,
{
"node": "l",
"frag": "[BE-ma",
"id": "P334987.l06baa",
"ref": "P334987.9.1",
"inst": "šumma[if]MOD",
"exosig": "@saao/saa06%akk-x-neoass:BE-ma=šumma[if//if]MOD'MOD$šumma",
"f": {"lang": "akk-x-neoass",
"form": "BE-ma",
"cf": "šumma",
"gw": "if",
"sense": "if",
"norm": "šumma",
"pos": "MOD",
"epos": "MOD"}
}
,
{
"node": "l",
"frag": "la]",
"id": "P334987.l06bab",
"ref": "P334987.9.2",
"inst": "lā[not]MOD",
"exosig": "@saao/saa06%akk-x-neoass:la=lā[not//not]MOD'MOD$lā",
"f": {"lang": "akk-x-neoass",
"form": "la",
"cf": "lā",
"gw": "not",
"sense": "not",
"norm": "lā",
"pos": "MOD",
"epos": "MOD"}
}
,
{
"node": "l",
"frag": "⸢SUM⸣-nu",
"id": "P334987.l06bac",
"ref": "P334987.9.3",
"inst": "iddunu[pay]V",
"exosig": "@saao/saa06%akk-x-neoass:SUM-nu=tadānu[give//pay]V'V$iddunu",
"f": {"lang": "akk-x-neoass",
"form": "SUM-nu",
"cf": "tadānu",
"gw": "give",
"sense": "pay",
"norm": "iddunu",
"pos": "V",
"epos": "V"}
}
,
{
"node": "l",
"frag": "KUG.UD",
"id": "P334987.l06bad",
"ref": "P334987.9.4",
"inst": "ṣarpu[silver]N",
"exosig": "@saao/saa06%akk-x-neoass:KUG.UD=ṣarpu[silver//silver]N'N$ṣarpu",
"f": {"lang": "akk-x-neoass",
"form": "KUG.UD",
"cf": "ṣarpu",
"gw": "silver",
"sense": "silver",
"norm": "ṣarpu",
"pos": "N",
"epos": "N"}
}
,
{
"node": "l",
"frag": "a-na",
"id": "P334987.l06bae",
"ref": "P334987.9.5",
"inst": "ana[by]PRP",
"exosig": "@saao/saa06%akk-x-neoass:a-na=ana[to//by]PRP'PRP$ana",
"f": {"lang": "akk-x-neoass",
"form": "a-na",
"cf": "ana",
"gw": "to",
"sense": "by",
"norm": "ana",
"pos": "PRP",
"epos": "PRP"}
}
,
{
"node": "l",
"frag": "04-ti-šu₂",
"id": "P334987.l06baf",
"ref": "P334987.9.6",
"inst": "rebû[fourth]NU$rabuttīšu",
"exosig": "@saao/saa06%akk-x-neoass:04-ti-šu₂=rebû[fourth//fourth]NU'NU$rabuttīšu",
"f": {"lang": "akk-x-neoass",
"form": "04-ti-šu₂",
"cf": "rebû",
"gw": "fourth",
"sense": "fourth",
"norm": "rabuttīšu",
"pos": "NU",
"epos": "NU"}
}
,
{
"node": "l",
"frag": "i-rab-bi",
"id": "P334987.l06bb0",
"ref": "P334987.9.7",
"inst": "irabbi[increase]V",
"exosig": "@saao/saa06%akk-x-neoass:i-rab-bi=rabû[to be big//increase]V'V$irabbi",
"f": {"lang": "akk-x-neoass",
"form": "i-rab-bi",
"cf": "rabû",
"gw": "to be big",
"sense": "increase",
"norm": "irabbi",
"pos": "V",
"epos": "V"}
}
,
{
"node": "d",
"type": "line-start",
"ref": "P334987.10",
"n": "7",
"label": "o 7"}
,
{
"node": "l",
"frag": "[IGI",
"id": "P334987.l06bb1",
"ref": "P334987.10.1",
"inst": "šību[witness]N",
"exosig": "@saao/saa06%akk-x-neoass:IGI=šību[witness//witness]N'N$šību",
"f": {"lang": "akk-x-neoass",
"form": "IGI",
"cf": "šību",
"gw": "witness",
"sense": "witness",
"norm": "šību",
"pos": "N",
"epos": "N"}
}
,
{
"node": "l",
"frag": "{1}bar-ru]-qu",
"id": "P334987.l06bb2",
"ref": "P334987.10.2",
"inst": "Barruqu[1]PN",
"exosig": "@saao/saa06%akk-x-neoass:{1}bar-ru-qu=Barruqu[1//1]PN'PN$Barruqu",
"f": {"lang": "akk-x-neoass",
"form": "{1}bar-ru-qu",
"cf": "Barruqu",
"gw": "1",
"sense": "1",
"norm": "Barruqu",
"pos": "PN",
"epos": "PN"}
}
,
{
"node": "c",
"type": "phrase",
"tag": "phr",
"id": "P334987.U6",
"ref": "P334987.ls00002",
"cdl": [
{
"node": "l",
"frag": "{lu₂}DIB-{kuš}PA-MEŠ",
"id": "P334987.l06bb3",
"ref": "P334987.10.3",
"cof-tails": "P334987.l06bb4",
"inst": "mukillu[holder]N$mukīl&appatu[bridle]N$appāti",
"exosig": "@saao/saa06%akk-x-neoass:{LU₂}DIB-{KUŠ}PA-MEŠ=mukillu[holder//holder]N'N$mukīl&&@saao%akk-x-neoass:=appatu[bridle//bridle]N'N$appāti",
"f": {"lang": "akk-x-neoass",
"form": "{LU₂}DIB-{KUŠ}PA-MEŠ",
"cf": "mukillu",
"gw": "holder",
"sense": "holder",
"norm": "mukīl",
"pos": "N",
"epos": "N"}
}
,
{
"node": "l",
"frag": "{lu₂}DIB-{kuš}PA-MEŠ",
"id": "P334987.l06bb4",
"ref": "P334987.10.3",
"cof-head": "P334987.l06bb3",
"inst": "mukillu[holder]N$mukīl&appatu[bridle]N$appāti",
"tail-sig": "@saao%akk-x-neoass:=appatu[bridle//bridle]N'N$appāti",
"f": {"lang": "akk-x-neoass",
"form": "{LU₂}DIB-{KUŠ}PA-MEŠ",
"cf": "appatu",
"gw": "bridle",
"sense": "bridle",
"norm": "appāti",
"pos": "N",
"epos": "N"}
}
]}
,
{
"node": "d",
"subtype": "bottom",
"type": "surface",
"ref": "P334987.b.e..11",
"type": "bottom",
"label": "b.e."}
,
{
"node": "d",
"type": "line-start",
"ref": "P334987.12",
"n": "8",
"label": "b.e. 8"}
,
{
"node": "l",
"frag": "[IGI",
"id": "P334987.l06bb5",
"ref": "P334987.12.1",
"inst": "šību[witness]N",
"exosig": "@saao/saa06%akk-x-neoass:IGI=šību[witness//witness]N'N$šību",
"f": {"lang": "akk-x-neoass",
"form": "IGI",
"cf": "šību",
"gw": "witness",
"sense": "witness",
"norm": "šību",
"pos": "N",
"epos": "N"}
}
,
{
"node": "l",
"frag": "{1}sa]-⸢kan⸣",
"id": "P334987.l06bb6",
"ref": "P334987.12.2",
"inst": "Sakkannu[1]PN",
"exosig": "@saao/saa06%akk-x-neoass:{1}sa-kan=Sakkannu[1//1]PN'PN$Sakkannu",
"f": {"lang": "akk-x-neoass",
"form": "{1}sa-kan",
"cf": "Sakkannu",
"gw": "1",
"sense": "1",
"norm": "Sakkannu",
"pos": "PN",
"epos": "PN"}
}
,
{
"node": "c",
"type": "phrase",
"tag": "phr",
"id": "P334987.U7",
"ref": "P334987.ls00003",
"cdl": [
{
"node": "l",
"frag": "{lu₂}{<:(DIB-{kuš}PA-MEŠ)>}",
"id": "P334987.l06bb7",
"ref": "P334987.12.3",
"cof-tails": "P334987.l06bb8",
"inst": "mukillu[holder]N$mukīl&appatu[bridle]N$appāti",
"exosig": "@saao/saa06%akk-x-neoass:{LU₂}DIB-{KUŠ}PA-MEŠ=mukillu[holder//holder]N'N$mukīl&&@saao%akk-x-neoass:=appatu[bridle//bridle]N'N$appāti",
"f": {"lang": "akk-x-neoass",
"form": "{LU₂}DIB-{KUŠ}PA-MEŠ",
"cf": "mukillu",
"gw": "holder",
"sense": "holder",
"norm": "mukīl",
"pos": "N",
"epos": "N"}
}
,
{
"node": "l",
"frag": "{lu₂}{<:(DIB-{kuš}PA-MEŠ)>}",
"id": "P334987.l06bb8",
"ref": "P334987.12.3",
"cof-head": "P334987.l06bb7",
"inst": "mukillu[holder]N$mukīl&appatu[bridle]N$appāti",
"tail-sig": "@saao%akk-x-neoass:=appatu[bridle//bridle]N'N$appāti",
"f": {"lang": "akk-x-neoass",
"form": "{LU₂}DIB-{KUŠ}PA-MEŠ",
"cf": "appatu",
"gw": "bridle",
"sense": "bridle",
"norm": "appāti",
"pos": "N",
"epos": "N"}
}
]}
,
{
"node": "d",
"type": "line-start",
"ref": "P334987.13",
"n": "9",
"label": "b.e. 9"}
,
{
"node": "l",
"frag": "[IGI",
"id": "P334987.l06bb9",
"ref": "P334987.13.1",
"inst": "šību[witness]N",
"exosig": "@saao/saa06%akk-x-neoass:IGI=šību[witness//witness]N'N$šību",
"f": {"lang": "akk-x-neoass",
"form": "IGI",
"cf": "šību",
"gw": "witness",
"sense": "witness",
"norm": "šību",
"pos": "N",
"epos": "N"}
}
,
{
"node": "l",
"frag": "{1}{d}PA-NUMUN]-⸢SUM⸣-na",
"id": "P334987.l06bba",
"ref": "P334987.13.2",
"inst": "Nabu-zeru-iddina[1]PN$",
"exosig": "@saao/saa06%akk-x-neoass:{1}{d}PA-NUMUN-SUM-na=Nabu-zeru-iddina[1//1]PN'PN$Nabu-zeru-iddina",
"f": {"lang": "akk-x-neoass",
"form": "{1}{d}PA-NUMUN-SUM-na",
"cf": "Nabu-zeru-iddina",
"gw": "1",
"sense": "1",
"norm": "Nabu-zeru-iddina",
"pos": "PN",
"epos": "PN"}
}
,
{
"node": "c",
"type": "phrase",
"tag": "phr",
"id": "P334987.U8",
"ref": "P334987.ls00004",
"cdl": [
{
"node": "l",
"frag": "{lu₂}{<:(DIB-{kuš}PA-MEŠ)>}",
"id": "P334987.l06bbb",
"ref": "P334987.13.3",
"cof-tails": "P334987.l06bbc",
"inst": "mukillu[holder]N$mukīl&appatu[bridle]N$appāti",
"exosig": "@saao/saa06%akk-x-neoass:{LU₂}DIB-{KUŠ}PA-MEŠ=mukillu[holder//holder]N'N$mukīl&&@saao%akk-x-neoass:=appatu[bridle//bridle]N'N$appāti",
"f": {"lang": "akk-x-neoass",
"form": "{LU₂}DIB-{KUŠ}PA-MEŠ",
"cf": "mukillu",
"gw": "holder",
"sense": "holder",
"norm": "mukīl",
"pos": "N",
"epos": "N"}
}
,
{
"node": "l",
"frag": "{lu₂}{<:(DIB-{kuš}PA-MEŠ)>}",
"id": "P334987.l06bbc",
"ref": "P334987.13.3",
"cof-head": "P334987.l06bbb",
"inst": "mukillu[holder]N$mukīl&appatu[bridle]N$appāti",
"tail-sig": "@saao%akk-x-neoass:=appatu[bridle//bridle]N'N$appāti",
"f": {"lang": "akk-x-neoass",
"form": "{LU₂}DIB-{KUŠ}PA-MEŠ",
"cf": "appatu",
"gw": "bridle",
"sense": "bridle",
"norm": "appāti",
"pos": "N",
"epos": "N"}
}
]}
,
{
"node": "d",
"subtype": "reverse",
"type": "surface",
"ref": "P334987.r.14",
"type": "reverse",
"label": "r"}
,
{
"node": "d",
"type": "line-start",
"ref": "P334987.15",
"n": "1",
"label": "r 1"}
,
{
"node": "l",
"frag": "[IGI",
"id": "P334987.l06bbd",
"ref": "P334987.15.1",
"inst": "šību[witness]N",
"exosig": "@saao/saa06%akk-x-neoass:IGI=šību[witness//witness]N'N$šību",
"f": {"lang": "akk-x-neoass",
"form": "IGI",
"cf": "šību",
"gw": "witness",
"sense": "witness",
"norm": "šību",
"pos": "N",
"epos": "N"}
}
,
{
"node": "l",
"frag": "{1}x",
"id": "P334987.l06bbe",
"ref": "P334987.15.2",
"inst": "u",
"f": {"lang": "akk-x-neoass",
"form": "{1}x",
"pos": "u"}
}
,
{
"node": "l",
"frag": "x",
"id": "P334987.l06bbf",
"ref": "P334987.15.3",
"inst": "u",
"f": {"lang": "akk-x-neoass",
"form": "x",
"pos": "u"}
}
,
{
"node": "l",
"frag": "x]",
"id": "P334987.l06bc0",
"ref": "P334987.15.4",
"inst": "u",
"f": {"lang": "akk-x-neoass",
"form": "x",
"pos": "u"}
}
,
{
"node": "l",
"frag": "{⸢lu₂⸣}SAG",
"id": "P334987.l06bc1",
"ref": "P334987.15.5",
"inst": "ša-rēši[eunuch]N",
"exosig": "@saao/saa06%akk-x-neoass:{LU₂}SAG=ša-rēši[eunuch//eunuch]N'N$ša-rēši",
"f": {"lang": "akk-x-neoass",
"form": "{LU₂}SAG",
"cf": "ša-rēši",
"gw": "eunuch",
"sense": "eunuch",
"norm": "ša-rēši",
"pos": "N",
"epos": "N"}
}
,
{
"node": "d",
"type": "nonx",
"ref": "P334987.16",
"strict": "1",
"extent": "1",
"scope": "line",
"state": "blank"}
,
{
"node": "d",
"type": "line-start",
"ref": "P334987.17",
"n": "2",
"label": "r 2"}
,
{
"node": "l",
"frag": "IGI",
"id": "P334987.l06bc2",
"ref": "P334987.17.1",
"inst": "šību[witness]N",
"exosig": "@saao/saa06%akk-x-neoass:IGI=šību[witness//witness]N'N$šību",
"f": {"lang": "akk-x-neoass",
"form": "IGI",
"cf": "šību",
"gw": "witness",
"sense": "witness",
"norm": "šību",
"pos": "N",
"epos": "N"}
}
,
{
"node": "l",
"frag": "{1}{d}PA-ŠU.2-ṣa-bat",
"id": "P334987.l06bc3",
"ref": "P334987.17.2",
"inst": "Nabu-qati-ṣabat[1]PN$",
"exosig": "@saao/saa06%akk-x-neoass:{1}{d}PA-ŠU.2-ṣa-bat=Nabu-qati-ṣabat[1//1]PN'PN$Nabu-qati-ṣabat",
"f": {"lang": "akk-x-neoass",
"form": "{1}{d}PA-ŠU.2-ṣa-bat",
"cf": "Nabu-qati-ṣabat",
"gw": "1",
"sense": "1",
"norm": "Nabu-qati-ṣabat",
"pos": "PN",
"epos": "PN"}
}
,
{
"node": "l",
"frag": "{lu₂}SAG",
"id": "P334987.l06bc4",
"ref": "P334987.17.3",
"inst": "ša-rēši[eunuch]N",
"exosig": "@saao/saa06%akk-x-neoass:{LU₂}SAG=ša-rēši[eunuch//eunuch]N'N$ša-rēši",
"f": {"lang": "akk-x-neoass",
"form": "{LU₂}SAG",
"cf": "ša-rēši",
"gw": "eunuch",
"sense": "eunuch",
"norm": "ša-rēši",
"pos": "N",
"epos": "N"}
}
,
{
"node": "d",
"type": "line-start",
"ref": "P334987.18",
"n": "3",
"label": "r 3"}
,
{
"node": "l",
"frag": "IGI",
"id": "P334987.l06bc5",
"ref": "P334987.18.1",
"inst": "šību[witness]N",
"exosig": "@saao/saa06%akk-x-neoass:IGI=šību[witness//witness]N'N$šību",
"f": {"lang": "akk-x-neoass",
"form": "IGI",
"cf": "šību",
"gw": "witness",
"sense": "witness",
"norm": "šību",
"pos": "N",
"epos": "N"}
}
,
{
"node": "l",
"frag": "{1}SUHUŠ-aš-šur",
"id": "P334987.l06bc6",
"ref": "P334987.18.2",
"inst": "Ubru-Aššur[1]PN$",
"exosig": "@saao/saa06%akk-x-neoass:{1}SUHUŠ-aš-šur=Ubru-Aššur[1//1]PN'PN$Ubru-Aššur",
"f": {"lang": "akk-x-neoass",
"form": "{1}SUHUŠ-aš-šur",
"cf": "Ubru-Aššur",
"gw": "1",
"sense": "1",
"norm": "Ubru-Aššur",
"pos": "PN",
"epos": "PN"}
}
,
{
"node": "l",
"frag": "{lu₂}rak-su",
"id": "P334987.l06bc7",
"ref": "P334987.18.3",
"inst": "raksu[conscript]N",
"exosig": "@saao/saa06%akk-x-neoass:{LU₂}rak-su=raksu[recruit//conscript]N'N$raksu",
"f": {"lang": "akk-x-neoass",
"form": "{LU₂}rak-su",
"cf": "raksu",
"gw": "recruit",
"sense": "conscript",
"norm": "raksu",
"pos": "N",
"epos": "N"}
}
,
{
"node": "d",
"type": "line-start",
"ref": "P334987.19",
"n": "4",
"label": "r 4"}
,
{
"node": "l",
"frag": "{iti}AB",
"id": "P334987.l06bc8",
"ref": "P334987.19.1",
"inst": "Ṭebeti[Tebet]MN",
"exosig": "@saao/saa06%akk-x-neoass:{ITI}AB=Ṭebetu[Tebet//Tebet]MN'MN$Ṭebeti",
"f": {"lang": "akk-x-neoass",
"form": "{ITI}AB",
"cf": "Ṭebetu",
"gw": "Tebet",
"sense": "Tebet",
"norm": "Ṭebeti",
"pos": "MN",
"epos": "MN"}
}
,
{
"node": "l",
"frag": "UD",
"id": "P334987.l06bc9",
"ref": "P334987.19.2",
"inst": "ūm[day]N",
"exosig": "@saao/saa06%akk-x-neoass:UD=ūmu[day//day]N'N$ūm",
"f": {"lang": "akk-x-neoass",
"form": "UD",
"cf": "ūmu",
"gw": "day",
"sense": "day",
"norm": "ūm",
"pos": "N",
"epos": "N"}
}
,
{
"node": "l",
"frag": "22-KAM₂\\t",
"id": "P334987.l06bca",
"ref": "P334987.19.3",
"inst": "n",
"f": {"lang": "akk-x-neoass",
"form": "22-KAM₂",
"pos": "n"}
}
,
{
"node": "l",
"frag": "lim-mu",
"id": "P334987.l06bcb",
"ref": "P334987.19.4",
"inst": "limmu[eponym (of year)]N",
"exosig": "@saao/saa06%akk-x-neoass:lim-mu=līmu[eponym (of year)//eponym (of year)]N'N$limmu",
"f": {"lang": "akk-x-neoass",
"form": "lim-mu",
"cf": "līmu",
"gw": "eponym (of year)",
"sense": "eponym (of year)",
"norm": "limmu",
"pos": "N",
"epos": "N"}
}
,
{
"node": "l",
"frag": "{1}man-nu-ki-MAN",
"id": "P334987.l06bcc",
"ref": "P334987.19.5",
"inst": "Mannu-ki-šarri[1]PN",
"exosig": "@saao/saa06%akk-x-neoass:{1}man-nu-ki-MAN=Mannu-ki-šarri[1//1]PN'PN$Mannu-ki-šarri",
"f": {"lang": "akk-x-neoass",
"form": "{1}man-nu-ki-MAN",
"cf": "Mannu-ki-šarri",
"gw": "1",
"sense": "1",
"norm": "Mannu-ki-šarri",
"pos": "PN",
"epos": "PN"}
}
]}
]}
]}
,
{
"linkbase": [{
"type": "linkset",
"xlink_title": "mukīl appāti[chariot driver//chariot driver]N'N",
"id": "P334987.ls00000",
"xlink_type": "extended",
"xlink_role": "psu",
"sig": "{mukillu[holder]N appatu[bridle]N += mukīl appāti[chariot driver//chariot driver]N'N}::@saao%akk-x-neoass:{LU₂}mu-kil-{KUŠ}a-pa-MEŠ=mukillu[holder//holder]N'N$mukīl++@saao%akk-x-neoass:{LU₂}mu-kil-{KUŠ}a-pa-MEŠ=appatu[bridle//bridle]N'N$appāti",
"links": [
{
"type": "link",
"xlink_title": "mukillu",
"xlink_type": "locator",
"xlink_href": "#P334987.l06ba0",
"xlink_role": "elt"}
,
{
"type": "link",
"xlink_title": "appatu",
"xlink_type": "locator",
"xlink_href": "#P334987.l06ba1",
"xlink_role": "elt"}
]}
,
{
"type": "linkset",
"xlink_title": "ina pān[in the presence of//at the disposal of]PRP'PRP",
"id": "P334987.ls00001",
"xlink_type": "extended",
"xlink_role": "psu",
"sig": "{ina[in]PRP pānu[front]N += ina pān[in the presence of//at the disposal of]PRP'PRP}::@saao%akk-x-neoass:ina=ina[in//into]PRP'PRP$ina++@saao%akk-x-neoass:IGI-šu₂-nu=pānu[front//front]N'N$pānišunu",
"links": [
{
"type": "link",
"xlink_title": "ina",
"xlink_type": "locator",
"xlink_href": "#P334987.l06ba3",
"xlink_role": "elt"}
,
{
"type": "link",
"xlink_title": "pānu",
"xlink_type": "locator",
"xlink_href": "#P334987.l06ba4",
"xlink_role": "elt"}
]}
,
{
"type": "linkset",
"xlink_title": "mukīl appāti[chariot driver//chariot driver]N'N",
"id": "P334987.ls00002",
"xlink_type": "extended",
"xlink_role": "psu",
"sig": "{mukillu[holder]N appatu[bridle]N += mukīl appāti[chariot driver//chariot driver]N'N}::@saao%akk-x-neoass:{LU₂}mu-kil-{KUŠ}a-pa-MEŠ=mukillu[holder//holder]N'N$mukīl++@saao%akk-x-neoass:{LU₂}mu-kil-{KUŠ}a-pa-MEŠ=appatu[bridle//bridle]N'N$appāti",
"links": [
{
"type": "link",
"xlink_title": "mukillu",
"xlink_type": "locator",
"xlink_href": "#P334987.l06bb3",
"xlink_role": "elt"}
,
{
"type": "link",
"xlink_title": "appatu",
"xlink_type": "locator",
"xlink_href": "#P334987.l06bb4",
"xlink_role": "elt"}
]}
,
{
"type": "linkset",
"xlink_title": "mukīl appāti[chariot driver//chariot driver]N'N",
"id": "P334987.ls00003",
"xlink_type": "extended",
"xlink_role": "psu",
"sig": "{mukillu[holder]N appatu[bridle]N += mukīl appāti[chariot driver//chariot driver]N'N}::@saao%akk-x-neoass:{LU₂}mu-kil-{KUŠ}a-pa-MEŠ=mukillu[holder//holder]N'N$mukīl++@saao%akk-x-neoass:{LU₂}mu-kil-{KUŠ}a-pa-MEŠ=appatu[bridle//bridle]N'N$appāti",
"links": [
{
"type": "link",
"xlink_title": "mukillu",
"xlink_type": "locator",
"xlink_href": "#P334987.l06bb7",
"xlink_role": "elt"}
,
{
"type": "link",
"xlink_title": "appatu",
"xlink_type": "locator",
"xlink_href": "#P334987.l06bb8",
"xlink_role": "elt"}
]}
,
{
"type": "linkset",
"xlink_title": "mukīl appāti[chariot driver//chariot driver]N'N",
"id": "P334987.ls00004",
"xlink_type": "extended",
"xlink_role": "psu",
"sig": "{mukillu[holder]N appatu[bridle]N += mukīl appāti[chariot driver//chariot driver]N'N}::@saao%akk-x-neoass:{LU₂}mu-kil-{KUŠ}a-pa-MEŠ=mukillu[holder//holder]N'N$mukīl++@saao%akk-x-neoass:{LU₂}mu-kil-{KUŠ}a-pa-MEŠ=appatu[bridle//bridle]N'N$appāti",
"links": [
{
"type": "link",
"xlink_title": "mukillu",
"xlink_type": "locator",
"xlink_href": "#P334987.l06bbb",
"xlink_role": "elt"}
,
{
"type": "link",
"xlink_title": "appatu",
"xlink_type": "locator",
"xlink_href": "#P334987.l06bbc",
"xlink_role": "elt"}
]}
]}
]}
