{
"type": "cdl",
  "source": "http://oracc.org/saao/saa06",
  "license": "This data is released under the CC0 license",
  "license-url": "https://creativecommons.org/publicdomain/zero/1.0/",
  "more-info": "http://oracc.org/doc/opendata/",
  "UTC-timestamp": "2017-05-19T11:30:48",
"project": "saao/saa06",
"textid": "P334980",
"cdl": [
{
"node": "c",
"type": "text",
"id": "P334980.U0",
"cdl": [
{
"node": "d",
"type": "object",
"ref": ""}
,
{
"node": "d",
"subtype": "obverse",
"type": "surface",
"ref": "P334980.o.1",
"type": "obverse",
"label": "o"}
,
{
"node": "c",
"type": "discourse",
"subtype": "body",
"id": "P334980.U1",
"cdl": [
{
"node": "c",
"type": "sentence",
"id": "P334980.U2",
"label": "o 1 - r 5",
"cdl": [
{
"node": "d",
"type": "line-start",
"ref": "P334980.2",
"n": "1",
"label": "o 1"}
,
{
"node": "l",
"frag": "03",
"id": "P334980.l02747",
"ref": "P334980.2.1",
"inst": "n",
"f": {"lang": "akk-x-neoass",
"form": "03",
"pos": "n"}
}
,
{
"node": "l",
"frag": "MA.NA",
"id": "P334980.l02748",
"ref": "P334980.2.2",
"inst": "manê[a unit of weight]N",
"exosig": "@saao/saa06%akk-x-neoass:MA.NA=manû[unit//a unit of weight]N'N$manê",
"f": {"lang": "akk-x-neoass",
"form": "MA.NA",
"cf": "manû",
"gw": "unit",
"sense": "a unit of weight",
"norm": "manê",
"pos": "N",
"epos": "N"}
}
,
{
"node": "l",
"frag": "KUG.UD",
"id": "P334980.l02749",
"ref": "P334980.2.3",
"inst": "ṣarpi[silver]N",
"exosig": "@saao/saa06%akk-x-neoass:KUG.UD=ṣarpu[silver//silver]N'N$ṣarpi",
"f": {"lang": "akk-x-neoass",
"form": "KUG.UD",
"cf": "ṣarpu",
"gw": "silver",
"sense": "silver",
"norm": "ṣarpi",
"pos": "N",
"epos": "N"}
}
,
{
"node": "l",
"frag": "ina",
"id": "P334980.l0274a",
"ref": "P334980.2.4",
"inst": "ina[by]PRP",
"exosig": "@saao/saa06%akk-x-neoass:ina=ina[in//by]PRP'PRP$ina",
"f": {"lang": "akk-x-neoass",
"form": "ina",
"cf": "ina",
"gw": "in",
"sense": "by",
"norm": "ina",
"pos": "PRP",
"epos": "PRP"}
}
,
{
"node": "l",
"frag": "ša",
"id": "P334980.l0274b",
"ref": "P334980.2.5",
"inst": "ša[of]DET",
"exosig": "@saao/saa06%akk-x-neoass:ša=ša[of//of]DET'DET$ša",
"f": {"lang": "akk-x-neoass",
"form": "ša",
"cf": "ša",
"gw": "of",
"sense": "of",
"norm": "ša",
"pos": "DET",
"epos": "DET"}
}
,
{
"node": "l",
"frag": "{uru}gar-gar-mis",
"id": "P334980.l0274c",
"ref": "P334980.2.6",
"inst": "Gargamis[Carchemish]GN$Gargarmis",
"exosig": "@saao/saa06%akk-x-neoass:{URU}gar-gar-mis=Gargamis[Carchemish//Carchemish]GN'GN$Gargarmis",
"f": {"lang": "akk-x-neoass",
"form": "{URU}gar-gar-mis",
"cf": "Gargamis",
"gw": "Carchemish",
"sense": "Carchemish",
"norm": "Gargarmis",
"pos": "GN",
"epos": "GN"}
}
,
{
"node": "d",
"type": "line-start",
"ref": "P334980.3",
"n": "2",
"label": "o 2"}
,
{
"node": "l",
"frag": "ša",
"id": "P334980.l0274d",
"ref": "P334980.3.1",
"inst": "ša[of]DET",
"exosig": "@saao/saa06%akk-x-neoass:ša=ša[of//of]DET'DET$ša",
"f": {"lang": "akk-x-neoass",
"form": "ša",
"cf": "ša",
"gw": "of",
"sense": "of",
"norm": "ša",
"pos": "DET",
"epos": "DET"}
}
,
{
"node": "l",
"frag": "{1}DUMU.UŠ-ia",
"id": "P334980.l0274e",
"ref": "P334980.3.2",
"inst": "Aplaya[1]PN$",
"exosig": "@saao/saa06%akk-x-neoass:{1}DUMU.UŠ-ia=Aplaya[1//1]PN'PN$Aplaya",
"f": {"lang": "akk-x-neoass",
"form": "{1}DUMU.UŠ-ia",
"cf": "Aplaya",
"gw": "1",
"sense": "1",
"norm": "Aplaya",
"pos": "PN",
"epos": "PN"}
}
,
{
"node": "d",
"type": "line-start",
"ref": "P334980.4",
"n": "3",
"label": "o 3"}
,
{
"node": "c",
"type": "phrase",
"tag": "phr",
"id": "P334980.U4",
"ref": "P334980.ls00000",
"cdl": [
{
"node": "l",
"frag": "ina",
"id": "P334980.l0274f",
"ref": "P334980.4.1",
"inst": "ina[in+=at the disposal of]PRP",
"exosig": "@saao/saa06%akk-x-neoass:ina=ina[in//in]PRP'PRP$ina",
"f": {"lang": "akk-x-neoass",
"form": "ina",
"cf": "ina",
"gw": "in",
"sense": "in",
"norm": "ina",
"pos": "PRP",
"epos": "PRP"}
}
,
{
"node": "l",
"frag": "IGI",
"id": "P334980.l02750",
"ref": "P334980.4.2",
"inst": "pān[front]N",
"exosig": "@saao/saa06%akk-x-neoass:IGI=pānu[front//front]N'N$pān",
"f": {"lang": "akk-x-neoass",
"form": "IGI",
"cf": "pānu",
"gw": "front",
"sense": "front",
"norm": "pān",
"pos": "N",
"epos": "N"}
}
]}
,
{
"node": "l",
"frag": "{1}su-ka-a.a",
"id": "P334980.l02751",
"ref": "P334980.4.3",
"inst": "Sukkaya[1]PN$",
"exosig": "@saao/saa06%akk-x-neoass:{1}su-ka-a.a=Sukkaya[1//1]PN'PN$Sukkaya",
"f": {"lang": "akk-x-neoass",
"form": "{1}su-ka-a.a",
"cf": "Sukkaya",
"gw": "1",
"sense": "1",
"norm": "Sukkaya",
"pos": "PN",
"epos": "PN"}
}
,
{
"node": "d",
"type": "line-start",
"ref": "P334980.5",
"n": "4",
"label": "o 4"}
,
{
"node": "l",
"frag": "06",
"id": "P334980.l02752",
"ref": "P334980.5.1",
"inst": "n",
"f": {"lang": "akk-x-neoass",
"form": "06",
"pos": "n"}
}
,
{
"node": "l",
"frag": "GIN₂-MEŠ",
"id": "P334980.l02753",
"ref": "P334980.5.2",
"inst": "šiqlī[a unit of weight]N",
"exosig": "@saao/saa06%akk-x-neoass:GIN₂-MEŠ=šiqlu[unit//a unit of weight]N'N$šiqlī",
"f": {"lang": "akk-x-neoass",
"form": "GIN₂-MEŠ",
"cf": "šiqlu",
"gw": "unit",
"sense": "a unit of weight",
"norm": "šiqlī",
"pos": "N",
"epos": "N"}
}
,
{
"node": "l",
"frag": "ša",
"id": "P334980.l02754",
"ref": "P334980.5.3",
"inst": "ša[per]'PRP",
"exosig": "@saao/saa06%akk-x-neoass:ša=ša[of//per]DET'PRP$ša",
"f": {"lang": "akk-x-neoass",
"form": "ša",
"cf": "ša",
"gw": "of",
"sense": "per",
"norm": "ša",
"pos": "DET",
"epos": "PRP"}
}
,
{
"node": "l",
"frag": "ITI-šu₂",
"id": "P334980.l02755",
"ref": "P334980.5.4",
"inst": "urhīšu[month]N",
"exosig": "@saao/saa06%akk-x-neoass:ITI-šu₂=arhu[month//month]N'N$urhīšu",
"f": {"lang": "akk-x-neoass",
"form": "ITI-šu₂",
"cf": "arhu",
"gw": "month",
"sense": "month",
"norm": "urhīšu",
"pos": "N",
"epos": "N"}
}
,
{
"node": "d",
"type": "line-start",
"ref": "P334980.6",
"n": "5",
"label": "o 5"}
,
{
"node": "l",
"frag": "GAL-bi",
"id": "P334980.l02756",
"ref": "P334980.6.1",
"inst": "rabû[to be big//increase]V$irabbi",
"exosig": "@saao/saa06%akk-x-neoass:GAL-bi=rabû[to be big//increase]V'V$irabbi",
"f": {"lang": "akk-x-neoass",
"form": "GAL-bi",
"cf": "rabû",
"gw": "to be big",
"sense": "increase",
"norm": "irabbi",
"pos": "V",
"epos": "V"}
}
,
{
"node": "l",
"frag": "{iti}NE",
"id": "P334980.l02757",
"ref": "P334980.6.2",
"inst": "Abi[Ab]MN",
"exosig": "@saao/saa06%akk-x-neoass:{ITI}NE=Abu[Ab//Ab]MN'MN$Abi",
"f": {"lang": "akk-x-neoass",
"form": "{ITI}NE",
"cf": "Abu",
"gw": "Ab",
"sense": "Ab",
"norm": "Abi",
"pos": "MN",
"epos": "MN"}
}
,
{
"node": "l",
"frag": "UD",
"id": "P334980.l02758",
"ref": "P334980.6.3",
"inst": "ūm[day]N",
"exosig": "@saao/saa06%akk-x-neoass:UD=ūmu[day//day]N'N$ūm",
"f": {"lang": "akk-x-neoass",
"form": "UD",
"cf": "ūmu",
"gw": "day",
"sense": "day",
"norm": "ūm",
"pos": "N",
"epos": "N"}
}
,
{
"node": "l",
"frag": "02-⸢KAM₂⸣",
"id": "P334980.l02759",
"ref": "P334980.6.4",
"inst": "n",
"f": {"lang": "akk-x-neoass",
"form": "02-KAM₂",
"pos": "n"}
}
,
{
"node": "d",
"subtype": "bottom",
"type": "surface",
"ref": "P334980.b.e..7",
"type": "bottom",
"label": "b.e."}
,
{
"node": "d",
"type": "line-start",
"ref": "P334980.8",
"n": "6",
"label": "b.e. 6"}
,
{
"node": "l",
"frag": "lim-mu",
"id": "P334980.l0275a",
"ref": "P334980.8.1",
"inst": "limmu[eponym (of year)]N",
"exosig": "@saao/saa06%akk-x-neoass:lim-mu=līmu[eponym (of year)//eponym (of year)]N'N$limmu",
"f": {"lang": "akk-x-neoass",
"form": "lim-mu",
"cf": "līmu",
"gw": "eponym (of year)",
"sense": "eponym (of year)",
"norm": "limmu",
"pos": "N",
"epos": "N"}
}
,
{
"node": "l",
"frag": "{1}EN-IGI.LAL-a-ni",
"id": "P334980.l0275b",
"ref": "P334980.8.2",
"inst": "Bel-emuranni[1]PN$",
"exosig": "@saao/saa06%akk-x-neoass:{1}EN-IGI.LAL-a-ni=Bel-emuranni[1//1]PN'PN$Bel-emuranni",
"f": {"lang": "akk-x-neoass",
"form": "{1}EN-IGI.LAL-a-ni",
"cf": "Bel-emuranni",
"gw": "1",
"sense": "1",
"norm": "Bel-emuranni",
"pos": "PN",
"epos": "PN"}
}
,
{
"node": "d",
"type": "line-start",
"ref": "P334980.9",
"n": "7",
"label": "b.e. 7"}
,
{
"node": "l",
"frag": "{lu₂v}tur-tan",
"id": "P334980.l0275c",
"ref": "P334980.9.1",
"inst": "turtān[commander-in-chief]N",
"exosig": "@saao/saa06%akk-x-neoass:{LU₂}tur-tan=tartānu[second in command//commander-in-chief]N'N$turtān",
"f": {"lang": "akk-x-neoass",
"form": "{LU₂}tur-tan",
"cf": "tartānu",
"gw": "second in command",
"sense": "commander-in-chief",
"norm": "turtān",
"pos": "N",
"epos": "N"}
}
,
{
"node": "d",
"subtype": "reverse",
"type": "surface",
"ref": "P334980.r.10",
"type": "reverse",
"label": "r"}
,
{
"node": "d",
"type": "line-start",
"ref": "P334980.11",
"n": "1",
"label": "r 1"}
,
{
"node": "l",
"frag": "IGI",
"id": "P334980.l0275d",
"ref": "P334980.11.1",
"inst": "šību[witness]N",
"exosig": "@saao/saa06%akk-x-neoass:IGI=šību[witness//witness]N'N$šību",
"f": {"lang": "akk-x-neoass",
"form": "IGI",
"cf": "šību",
"gw": "witness",
"sense": "witness",
"norm": "šību",
"pos": "N",
"epos": "N"}
}
,
{
"node": "l",
"frag": "{1}{d}PA-še-zib",
"id": "P334980.l0275e",
"ref": "P334980.11.2",
"inst": "Nabu-šezib[1]PN$",
"exosig": "@saao/saa06%akk-x-neoass:{1}{d}PA-še-zib=Nabu-šezib[1//1]PN'PN$Nabu-šezib",
"f": {"lang": "akk-x-neoass",
"form": "{1}{d}PA-še-zib",
"cf": "Nabu-šezib",
"gw": "1",
"sense": "1",
"norm": "Nabu-šezib",
"pos": "PN",
"epos": "PN"}
}
,
{
"node": "d",
"type": "line-start",
"ref": "P334980.12",
"n": "2",
"label": "r 2"}
,
{
"node": "l",
"frag": "IGI",
"id": "P334980.l0275f",
"ref": "P334980.12.1",
"inst": "šību[witness]N",
"exosig": "@saao/saa06%akk-x-neoass:IGI=šību[witness//witness]N'N$šību",
"f": {"lang": "akk-x-neoass",
"form": "IGI",
"cf": "šību",
"gw": "witness",
"sense": "witness",
"norm": "šību",
"pos": "N",
"epos": "N"}
}
,
{
"node": "l",
"frag": "{1}ab-da-⸢li⸣",
"id": "P334980.l02760",
"ref": "P334980.12.2",
"inst": "Abdi-El[1]PN$Abdali",
"exosig": "@saao/saa06%akk-x-neoass:{1}ab-da-li=Abdi-El[1//1]PN'PN$Abdali",
"f": {"lang": "akk-x-neoass",
"form": "{1}ab-da-li",
"cf": "Abdi-El",
"gw": "1",
"sense": "1",
"norm": "Abdali",
"pos": "PN",
"epos": "PN"}
}
,
{
"node": "d",
"type": "line-start",
"ref": "P334980.13",
"n": "3",
"label": "r 3"}
,
{
"node": "l",
"frag": "IGI",
"id": "P334980.l02761",
"ref": "P334980.13.1",
"inst": "šību[witness]N",
"exosig": "@saao/saa06%akk-x-neoass:IGI=šību[witness//witness]N'N$šību",
"f": {"lang": "akk-x-neoass",
"form": "IGI",
"cf": "šību",
"gw": "witness",
"sense": "witness",
"norm": "šību",
"pos": "N",
"epos": "N"}
}
,
{
"node": "l",
"frag": "{1}{d}15--BAD₃",
"id": "P334980.l02762",
"ref": "P334980.13.2",
"inst": "Issar-duri[1]PN$",
"exosig": "@saao/saa06%akk-x-neoass:{1}{d}15-BAD₃=Issar-duri[1//1]PN'PN$Issar-duri",
"f": {"lang": "akk-x-neoass",
"form": "{1}{d}15-BAD₃",
"cf": "Issar-duri",
"gw": "1",
"sense": "1",
"norm": "Issar-duri",
"pos": "PN",
"epos": "PN"}
}
,
{
"node": "d",
"type": "line-start",
"ref": "P334980.14",
"n": "4",
"label": "r 4"}
,
{
"node": "l",
"frag": "IGI",
"id": "P334980.l02763",
"ref": "P334980.14.1",
"inst": "šību[witness]N",
"exosig": "@saao/saa06%akk-x-neoass:IGI=šību[witness//witness]N'N$šību",
"f": {"lang": "akk-x-neoass",
"form": "IGI",
"cf": "šību",
"gw": "witness",
"sense": "witness",
"norm": "šību",
"pos": "N",
"epos": "N"}
}
,
{
"node": "l",
"frag": "{1}A.10-hu-ut-ni",
"id": "P334980.l02764",
"ref": "P334980.14.2",
"inst": "Apladad-hutni[1]PN$",
"exosig": "@saao/saa06%akk-x-neoass:{1}A.10-hu-ut-ni=Apladad-hutni[1//1]PN'PN$Apladad-hutni",
"f": {"lang": "akk-x-neoass",
"form": "{1}A.10-hu-ut-ni",
"cf": "Apladad-hutni",
"gw": "1",
"sense": "1",
"norm": "Apladad-hutni",
"pos": "PN",
"epos": "PN"}
}
,
{
"node": "d",
"type": "line-start",
"ref": "P334980.15",
"n": "5",
"label": "r 5"}
,
{
"node": "l",
"frag": "IGI",
"id": "P334980.l02765",
"ref": "P334980.15.1",
"inst": "šību[witness]N",
"exosig": "@saao/saa06%akk-x-neoass:IGI=šību[witness//witness]N'N$šību",
"f": {"lang": "akk-x-neoass",
"form": "IGI",
"cf": "šību",
"gw": "witness",
"sense": "witness",
"norm": "šību",
"pos": "N",
"epos": "N"}
}
,
{
"node": "l",
"frag": "{1}ARAD-{d}15",
"id": "P334980.l02766",
"ref": "P334980.15.2",
"inst": "Urdu-Issar[1]PN$",
"exosig": "@saao/saa06%akk-x-neoass:{1}ARAD-{d}15=Urdu-Issar[1//1]PN'PN$Urdu-Issar",
"f": {"lang": "akk-x-neoass",
"form": "{1}ARAD-{d}15",
"cf": "Urdu-Issar",
"gw": "1",
"sense": "1",
"norm": "Urdu-Issar",
"pos": "PN",
"epos": "PN"}
}
]}
]}
]}
,
{
"linkbase": [{
"type": "linkset",
"xlink_title": "ina pān[in the presence of//at the disposal of]PRP'PRP",
"id": "P334980.ls00000",
"xlink_type": "extended",
"xlink_role": "psu",
"sig": "{ina[in]PRP pānu[front]N += ina pān[in the presence of//at the disposal of]PRP'PRP}::@saao%akk-x-neoass:ina=ina[in//into]PRP'PRP$ina++@saao%akk-x-neoass:IGI=pānu[front//front]N'N$pān",
"links": [
{
"type": "link",
"xlink_title": "ina",
"xlink_type": "locator",
"xlink_href": "#P334980.l0274f",
"xlink_role": "elt"}
,
{
"type": "link",
"xlink_title": "pān",
"xlink_type": "locator",
"xlink_href": "#P334980.l02750",
"xlink_role": "elt"}
]}
]}
]}
