{
"type": "cdl",
  "source": "http://oracc.org/saao/saa06",
  "license": "This data is released under the CC0 license",
  "license-url": "https://creativecommons.org/publicdomain/zero/1.0/",
  "more-info": "http://oracc.org/doc/opendata/",
  "UTC-timestamp": "2017-05-19T11:30:46",
"project": "saao/saa06",
"textid": "P334966",
"cdl": [
{
"node": "c",
"type": "text",
"id": "P334966.U0",
"cdl": [
{
"node": "d",
"type": "object",
"ref": ""}
,
{
"node": "d",
"type": "surface",
"ref": ""}
,
{
"node": "d",
"type": "nonx",
"ref": "P334966.1",
"strict": "0",
"extent": "beginning",
"state": "missing"}
,
{
"node": "c",
"type": "discourse",
"subtype": "body",
"id": "P334966.U1",
"cdl": [
{
"node": "c",
"type": "sentence",
"id": "P334966.U2",
"label": "1' - r 2",
"cdl": [
{
"node": "d",
"type": "line-start",
"ref": "P334966.2",
"n": "1'",
"label": "1'"}
,
{
"node": "l",
"frag": "[šum-ma]",
"id": "P334966.l05b7e",
"ref": "P334966.2.1",
"inst": "šumma[if]MOD",
"exosig": "@saao/saa06%akk-x-neoass:šum-ma=šumma[if//if]MOD'MOD$šumma",
"f": {"lang": "akk-x-neoass",
"form": "šum-ma",
"cf": "šumma",
"gw": "if",
"sense": "if",
"norm": "šumma",
"pos": "MOD",
"epos": "MOD"}
}
,
{
"node": "l",
"frag": "⸢la",
"id": "P334966.l05b7f",
"ref": "P334966.2.2",
"inst": "lā[not]MOD",
"exosig": "@saao/saa06%akk-x-neoass:la=lā[not//not]MOD'MOD$lā",
"f": {"lang": "akk-x-neoass",
"form": "la",
"cf": "lā",
"gw": "not",
"sense": "not",
"norm": "lā",
"pos": "MOD",
"epos": "MOD"}
}
,
{
"node": "l",
"frag": "i-din⸣",
"id": "P334966.l05b80",
"ref": "P334966.2.3",
"inst": "iddin[pay]V",
"exosig": "@saao/saa06%akk-x-neoass:i-din=tadānu[give//pay]V'V$iddin",
"f": {"lang": "akk-x-neoass",
"form": "i-din",
"cf": "tadānu",
"gw": "give",
"sense": "pay",
"norm": "iddin",
"pos": "V",
"epos": "V"}
}
,
{
"node": "d",
"type": "line-start",
"ref": "P334966.3",
"n": "2'",
"label": "2'"}
,
{
"node": "l",
"frag": "a-na",
"id": "P334966.l05b81",
"ref": "P334966.3.1",
"inst": "ana[by]PRP",
"exosig": "@saao/saa06%akk-x-neoass:a-na=ana[to//by]PRP'PRP$ana",
"f": {"lang": "akk-x-neoass",
"form": "a-na",
"cf": "ana",
"gw": "to",
"sense": "by",
"norm": "ana",
"pos": "PRP",
"epos": "PRP"}
}
,
{
"node": "l",
"frag": "04-tu₂-šu₂",
"id": "P334966.l05b82",
"ref": "P334966.3.2",
"inst": "rabuttūšu[fourth]NU",
"exosig": "@saao/saa06%akk-x-neoass:04-tu₂-šu₂=rebû[fourth//fourth]NU'NU$rabuttūšu",
"f": {"lang": "akk-x-neoass",
"form": "04-tu₂-šu₂",
"cf": "rebû",
"gw": "fourth",
"sense": "fourth",
"norm": "rabuttūšu",
"pos": "NU",
"epos": "NU"}
}
,
{
"node": "l",
"frag": "GAL-bi",
"id": "P334966.l05b83",
"ref": "P334966.3.3",
"inst": "irabbi[increase]V",
"exosig": "@saao/saa06%akk-x-neoass:GAL-bi=rabû[to be big//increase]V'V$irabbi",
"f": {"lang": "akk-x-neoass",
"form": "GAL-bi",
"cf": "rabû",
"gw": "to be big",
"sense": "increase",
"norm": "irabbi",
"pos": "V",
"epos": "V"}
}
,
{
"node": "d",
"type": "line-start",
"ref": "P334966.4",
"n": "3'",
"label": "3'"}
,
{
"node": "l",
"frag": "{⸢iti}BARAG⸣",
"id": "P334966.l05b84",
"ref": "P334966.4.1",
"inst": "Nisanni[Nisan]MN",
"exosig": "@saao/saa06%akk-x-neoass:{ITI}BARAG=Nisannu[Nisan//Nisan]MN'MN$Nisanni",
"f": {"lang": "akk-x-neoass",
"form": "{ITI}BARAG",
"cf": "Nisannu",
"gw": "Nisan",
"sense": "Nisan",
"norm": "Nisanni",
"pos": "MN",
"epos": "MN"}
}
,
{
"node": "l",
"frag": "UD",
"id": "P334966.l05b85",
"ref": "P334966.4.2",
"inst": "ūm[day]N",
"exosig": "@saao/saa06%akk-x-neoass:UD=ūmu[day//day]N'N$ūm",
"f": {"lang": "akk-x-neoass",
"form": "UD",
"cf": "ūmu",
"gw": "day",
"sense": "day",
"norm": "ūm",
"pos": "N",
"epos": "N"}
}
,
{
"node": "l",
"frag": "26-KAM₂",
"id": "P334966.l05b86",
"ref": "P334966.4.3",
"inst": "n",
"f": {"lang": "akk-x-neoass",
"form": "26-KAM₂",
"pos": "n"}
}
,
{
"node": "d",
"subtype": "bottom",
"type": "surface",
"ref": "P334966.b.e..5",
"type": "bottom",
"label": "b.e."}
,
{
"node": "d",
"type": "line-start",
"ref": "P334966.6",
"n": "4'",
"label": "b.e. 4'"}
,
{
"node": "l",
"frag": "lim-⸢mu⸣",
"id": "P334966.l05b87",
"ref": "P334966.6.1",
"inst": "limmu[eponym (of year)]N",
"exosig": "@saao/saa06%akk-x-neoass:lim-mu=līmu[eponym (of year)//eponym (of year)]N'N$limmu",
"f": {"lang": "akk-x-neoass",
"form": "lim-mu",
"cf": "līmu",
"gw": "eponym (of year)",
"sense": "eponym (of year)",
"norm": "limmu",
"pos": "N",
"epos": "N"}
}
,
{
"node": "l",
"frag": "{1}{d}PA-EN-PAB",
"id": "P334966.l05b88",
"ref": "P334966.6.2",
"inst": "Nabu-belu-uṣur[1]PN",
"exosig": "@saao/saa06%akk-x-neoass:{1}{d}PA-EN-PAB=Nabu-belu-uṣur[1//1]PN'PN$Nabu-belu-uṣur",
"f": {"lang": "akk-x-neoass",
"form": "{1}{d}PA-EN-PAB",
"cf": "Nabu-belu-uṣur",
"gw": "1",
"sense": "1",
"norm": "Nabu-belu-uṣur",
"pos": "PN",
"epos": "PN"}
}
,
{
"node": "d",
"type": "line-start",
"ref": "P334966.7",
"n": "5'",
"label": "b.e. 5'"}
,
{
"node": "c",
"type": "phrase",
"tag": "phr",
"id": "P334966.U4",
"ref": "P334966.ls00000",
"cdl": [
{
"node": "l",
"frag": "{lu₂v}⸢GAR⸣.KUR",
"id": "P334966.l05b89",
"ref": "P334966.7.1",
"cof-tails": "P334966.l05b8a",
"inst": "šaknu[appointee]N$šakin&mātu[land]N$māti",
"exosig": "@saao/saa06%akk-x-neoass:{LU₂}GAR.KUR=šaknu[appointee//appointee]N'N$šakin&&@saao%akk-x-neoass:=mātu[land//land]N'N$māti",
"f": {"lang": "akk-x-neoass",
"form": "{LU₂}GAR.KUR",
"cf": "šaknu",
"gw": "appointee",
"sense": "appointee",
"norm": "šakin",
"pos": "N",
"epos": "N"}
}
,
{
"node": "l",
"frag": "{lu₂v}⸢GAR⸣.KUR",
"id": "P334966.l05b8a",
"ref": "P334966.7.1",
"cof-head": "P334966.l05b89",
"inst": "šaknu[appointee]N$šakin&mātu[land]N$māti",
"tail-sig": "@saao%akk-x-neoass:=mātu[land//land]N'N$māti",
"f": {"lang": "akk-x-neoass",
"form": "{LU₂}GAR.KUR",
"cf": "mātu",
"gw": "land",
"sense": "land",
"norm": "māti",
"pos": "N",
"epos": "N"}
}
]}
,
{
"node": "l",
"frag": "o",
"id": "P334966.l05b8b",
"ref": "P334966.7.2",
"inst": "u",
"f": {"lang": "akk-x-neoass",
"form": "o",
"pos": "u"}
}
,
{
"node": "l",
"frag": "BAD₃-MAN-GIN",
"id": "P334966.l05b8c",
"ref": "P334966.7.3",
"inst": "Dur-Šarruken[1]GN$",
"exosig": "@saao/saa06%akk-x-neoass:BAD₃-MAN-GIN=Dur-Šarruken[1//1]GN'GN$Dur-Šarruken",
"f": {"lang": "akk-x-neoass",
"form": "BAD₃-MAN-GIN",
"cf": "Dur-Šarruken",
"gw": "1",
"sense": "1",
"norm": "Dur-Šarruken",
"pos": "GN",
"epos": "GN"}
}
,
{
"node": "d",
"subtype": "reverse",
"type": "surface",
"ref": "P334966.r.8",
"type": "reverse",
"label": "r"}
,
{
"node": "d",
"type": "line-start",
"ref": "P334966.9",
"n": "1",
"label": "r 1"}
,
{
"node": "l",
"frag": "IGI",
"id": "P334966.l05b8d",
"ref": "P334966.9.1",
"inst": "šību[witness]N",
"exosig": "@saao/saa06%akk-x-neoass:IGI=šību[witness//witness]N'N$šību",
"f": {"lang": "akk-x-neoass",
"form": "IGI",
"cf": "šību",
"gw": "witness",
"sense": "witness",
"norm": "šību",
"pos": "N",
"epos": "N"}
}
,
{
"node": "l",
"frag": "{1}ta-qis",
"id": "P334966.l05b8e",
"ref": "P334966.9.2",
"inst": "Taqisu[1]PN$",
"exosig": "@saao/saa06%akk-x-neoass:{1}ta-qis=Taqisu[1//1]PN'PN$Taqisu",
"f": {"lang": "akk-x-neoass",
"form": "{1}ta-qis",
"cf": "Taqisu",
"gw": "1",
"sense": "1",
"norm": "Taqisu",
"pos": "PN",
"epos": "PN"}
}
,
{
"node": "l",
"frag": "{lu₂v}LUNGA",
"id": "P334966.l05b8f",
"ref": "P334966.9.3",
"inst": "sīrāšû[brewer]N",
"exosig": "@saao/saa06%akk-x-neoass:{LU₂}LUNGA=sīrāšû[brewer//brewer]N'N$sīrāšû",
"f": {"lang": "akk-x-neoass",
"form": "{LU₂}LUNGA",
"cf": "sīrāšû",
"gw": "brewer",
"sense": "brewer",
"norm": "sīrāšû",
"pos": "N",
"epos": "N"}
}
,
{
"node": "d",
"type": "line-start",
"ref": "P334966.10",
"n": "2",
"label": "r 2"}
,
{
"node": "l",
"frag": "⸢IGI⸣",
"id": "P334966.l05b90",
"ref": "P334966.10.1",
"inst": "šību[witness]N",
"exosig": "@saao/saa06%akk-x-neoass:IGI=šību[witness//witness]N'N$šību",
"f": {"lang": "akk-x-neoass",
"form": "IGI",
"cf": "šību",
"gw": "witness",
"sense": "witness",
"norm": "šību",
"pos": "N",
"epos": "N"}
}
,
{
"node": "l",
"frag": "{1}{d}UTU-DINGIR-a.a",
"id": "P334966.l05b91",
"ref": "P334966.10.2",
"inst": "Šamaš-ilaʾi[1]PN",
"exosig": "@saao/saa06%akk-x-neoass:{1}{d}UTU-DINGIR-a.a=Šamaš-ilaʾi[1//1]PN'PN$Šamaš-ilaʾi",
"f": {"lang": "akk-x-neoass",
"form": "{1}{d}UTU-DINGIR-a.a",
"cf": "Šamaš-ilaʾi",
"gw": "1",
"sense": "1",
"norm": "Šamaš-ilaʾi",
"pos": "PN",
"epos": "PN"}
}
,
{
"node": "l",
"frag": "{lu₂v}A.BA",
"id": "P334966.l05b92",
"ref": "P334966.10.3",
"inst": "ṭupšarru[scribe]N",
"exosig": "@saao/saa06%akk-x-neoass:{LU₂}A.BA=ṭupšarru[scribe//scribe]N'N$ṭupšarru",
"f": {"lang": "akk-x-neoass",
"form": "{LU₂}A.BA",
"cf": "ṭupšarru",
"gw": "scribe",
"sense": "scribe",
"norm": "ṭupšarru",
"pos": "N",
"epos": "N"}
}
,
{
"node": "d",
"type": "nonx",
"ref": "P334966.11",
"strict": "0",
"extent": "rest",
"state": "missing"}
]}
]}
]}
,
{
"linkbase": [{
"type": "linkset",
"xlink_title": "šakin māti[governor//governor]N'N",
"id": "P334966.ls00000",
"xlink_type": "extended",
"xlink_role": "psu",
"sig": "{šaknu[appointee]N mātu[land]N += šakin māti[governor//governor]N'N}::@saao%akk-x-neoass:GAR.KUR=šaknu[appointee//appointee]N'N$šakin++@saao%akk-x-neoass:GAR.KUR=mātu[land//land]N'N$māti",
"links": [
{
"type": "link",
"xlink_title": "šaknu",
"xlink_type": "locator",
"xlink_href": "#P334966.l05b89",
"xlink_role": "elt"}
,
{
"type": "link",
"xlink_title": "mātu",
"xlink_type": "locator",
"xlink_href": "#P334966.l05b8a",
"xlink_role": "elt"}
]}
]}
]}
