{
"type": "cdl",
  "source": "http://oracc.org/saao/saa06",
  "license": "This data is released under the CC0 license",
  "license-url": "https://creativecommons.org/publicdomain/zero/1.0/",
  "more-info": "http://oracc.org/doc/opendata/",
  "UTC-timestamp": "2017-05-19T11:31:03",
"project": "saao/saa06",
"textid": "P335173",
"cdl": [
{
"node": "c",
"type": "text",
"id": "P335173.U0",
"cdl": [
{
"node": "d",
"type": "object",
"ref": ""}
,
{
"node": "d",
"subtype": "obverse",
"type": "surface",
"ref": "P335173.o.1",
"type": "obverse",
"label": "o"}
,
{
"node": "d",
"type": "nonx",
"ref": "P335173.2",
"strict": "0",
"extent": "beginning",
"state": "missing"}
,
{
"node": "d",
"type": "nonx",
"ref": "P335173.3",
"strict": "1",
"extent": "n",
"scope": "line",
"state": "ruling",
"flags": "!"}
,
{
"node": "c",
"type": "discourse",
"subtype": "body",
"id": "P335173.U1",
"cdl": [
{
"node": "c",
"type": "sentence",
"id": "P335173.U2",
"label": "o 1' - o 9'",
"cdl": [
{
"node": "d",
"type": "line-start",
"ref": "P335173.4",
"n": "1'",
"label": "o 1'"}
,
{
"node": "l",
"frag": "{⸢mi₂⸣}AN-⸢e⸣-ta-⸢ba⸣-[ni",
"id": "P335173.l01473",
"ref": "P335173.4.1",
"inst": "Šame-tabani[1]PN",
"exosig": "@saao/saa06%akk-x-neoass:{MI₂}AN-e-ta-ba-ni=Šame-tabani[1//1]PN'PN$Šame-tabani",
"f": {"lang": "akk-x-neoass",
"form": "{MI₂}AN-e-ta-ba-ni",
"cf": "Šame-tabani",
"gw": "1",
"sense": "1",
"norm": "Šame-tabani",
"pos": "PN",
"epos": "PN"}
}
,
{
"node": "l",
"frag": "GEME₂-šu₂]",
"id": "P335173.l01474",
"ref": "P335173.4.2",
"inst": "amtīšu[maid]N",
"exosig": "@saao/saa06%akk-x-neoass:GEME₂-šu₂=amtu[maid//maid]N'N$amtīšu",
"f": {"lang": "akk-x-neoass",
"form": "GEME₂-šu₂",
"cf": "amtu",
"gw": "maid",
"sense": "maid",
"norm": "amtīšu",
"pos": "N",
"epos": "N"}
}
,
{
"node": "d",
"type": "line-start",
"ref": "P335173.5",
"n": "2'",
"label": "o 2'"}
,
{
"node": "l",
"frag": "[ša]",
"id": "P335173.l01475",
"ref": "P335173.5.1",
"inst": "ša[of]DET",
"exosig": "@saao/saa06%akk-x-neoass:ša=ša[of//of]DET'DET$ša",
"f": {"lang": "akk-x-neoass",
"form": "ša",
"cf": "ša",
"gw": "of",
"sense": "of",
"norm": "ša",
"pos": "DET",
"epos": "DET"}
}
,
{
"node": "l",
"frag": "{1}{d}PA-NUMUN-AŠ",
"id": "P335173.l01476",
"ref": "P335173.5.2",
"inst": "Nabu-zeru-iddina[1]PN",
"exosig": "@saao/saa06%akk-x-neoass:{1}{d}PA-NUMUN-AŠ=Nabu-zeru-iddina[1//1]PN'PN$Nabu-zeru-iddina",
"f": {"lang": "akk-x-neoass",
"form": "{1}{d}PA-NUMUN-AŠ",
"cf": "Nabu-zeru-iddina",
"gw": "1",
"sense": "1",
"norm": "Nabu-zeru-iddina",
"pos": "PN",
"epos": "PN"}
}
,
{
"node": "l",
"frag": "u₂-[piš-ma]",
"id": "P335173.l01477",
"ref": "P335173.5.3",
"inst": "uppišma[contract]V",
"exosig": "@saao/saa06%akk-x-neoass:u₂-piš-ma=epēšu[do//contract]V'V$uppišma",
"f": {"lang": "akk-x-neoass",
"form": "u₂-piš-ma",
"cf": "epēšu",
"gw": "do",
"sense": "contract",
"norm": "uppišma",
"pos": "V",
"epos": "V"}
}
,
{
"node": "d",
"type": "line-start",
"ref": "P335173.6",
"n": "3'",
"label": "o 3'"}
,
{
"node": "l",
"frag": "{1}šum₂-ma-DINGIR-MEŠ",
"id": "P335173.l01478",
"ref": "P335173.6.1",
"inst": "Šumma-ilani[1]PN",
"exosig": "@saao/saa06%akk-x-neoass:{1}šum₂-ma-DINGIR-MEŠ=Šumma-ilani[1//1]PN'PN$Šumma-ilani",
"f": {"lang": "akk-x-neoass",
"form": "{1}šum₂-ma-DINGIR-MEŠ",
"cf": "Šumma-ilani",
"gw": "1",
"sense": "1",
"norm": "Šumma-ilani",
"pos": "PN",
"epos": "PN"}
}
,
{
"node": "c",
"type": "phrase",
"tag": "phr",
"id": "P335173.U4",
"ref": "P335173.ls00000",
"cdl": [
{
"node": "l",
"frag": "ina",
"id": "P335173.l01479",
"ref": "P335173.6.2",
"inst": "ina[in+=for]PRP",
"exosig": "@saao/saa06%akk-x-neoass:ina=ina[in//in]PRP'PRP$ina",
"f": {"lang": "akk-x-neoass",
"form": "ina",
"cf": "ina",
"gw": "in",
"sense": "in",
"norm": "ina",
"pos": "PRP",
"epos": "PRP"}
}
,
{
"node": "l",
"frag": "⸢ŠA₃⸣",
"id": "P335173.l0147a",
"ref": "P335173.6.3",
"inst": "libbi[interior]N",
"exosig": "@saao/saa06%akk-x-neoass:ŠA₃=libbu[interior//interior]N'N$libbi",
"f": {"lang": "akk-x-neoass",
"form": "ŠA₃",
"cf": "libbu",
"gw": "interior",
"sense": "interior",
"norm": "libbi",
"pos": "N",
"epos": "N"}
}
]}
,
{
"node": "l",
"frag": "[x",
"id": "P335173.l0147b",
"ref": "P335173.6.4",
"inst": "u",
"f": {"lang": "akk-x-neoass",
"form": "x",
"pos": "u"}
}
,
{
"node": "l",
"frag": "MA.NA]",
"id": "P335173.l0147c",
"ref": "P335173.6.5",
"inst": "manê[a unit of weight]N",
"exosig": "@saao/saa06%akk-x-neoass:MA.NA=manû[unit//a unit of weight]N'N$manê",
"f": {"lang": "akk-x-neoass",
"form": "MA.NA",
"cf": "manû",
"gw": "unit",
"sense": "a unit of weight",
"norm": "manê",
"pos": "N",
"epos": "N"}
}
,
{
"node": "d",
"type": "line-start",
"ref": "P335173.7",
"n": "4'",
"label": "o 4'"}
,
{
"node": "l",
"frag": "KUG.UD",
"id": "P335173.l0147d",
"ref": "P335173.7.1",
"inst": "ṣarpi[silver]N",
"exosig": "@saao/saa06%akk-x-neoass:KUG.UD=ṣarpu[silver//silver]N'N$ṣarpi",
"f": {"lang": "akk-x-neoass",
"form": "KUG.UD",
"cf": "ṣarpu",
"gw": "silver",
"sense": "silver",
"norm": "ṣarpi",
"pos": "N",
"epos": "N"}
}
,
{
"node": "l",
"frag": "TI-qi₂",
"id": "P335173.l0147e",
"ref": "P335173.7.2",
"inst": "leqû[take//purchase]V$ilqi",
"exosig": "@saao/saa06%akk-x-neoass:TI-qi₂=leqû[take//purchase]V'V$ilqi",
"f": {"lang": "akk-x-neoass",
"form": "TI-qi₂",
"cf": "leqû",
"gw": "take",
"sense": "purchase",
"norm": "ilqi",
"pos": "V",
"epos": "V"}
}
,
{
"node": "l",
"frag": "kas-[pu",
"id": "P335173.l0147f",
"ref": "P335173.7.3",
"inst": "kaspu[money]N",
"exosig": "@saao/saa06%akk-x-neoass:kas-pu=kaspu[silver//money]N'N$kaspu",
"f": {"lang": "akk-x-neoass",
"form": "kas-pu",
"cf": "kaspu",
"gw": "silver",
"sense": "money",
"norm": "kaspu",
"pos": "N",
"epos": "N"}
}
,
{
"node": "l",
"frag": "gam-mur]",
"id": "P335173.l01480",
"ref": "P335173.7.4",
"inst": "gammur[completed]AJ",
"exosig": "@saao/saa06%akk-x-neoass:gam-mur=gammuru[finished//completed]AJ'AJ$gammur",
"f": {"lang": "akk-x-neoass",
"form": "gam-mur",
"cf": "gammuru",
"gw": "finished",
"sense": "completed",
"norm": "gammur",
"pos": "AJ",
"epos": "AJ"}
}
,
{
"node": "d",
"type": "line-start",
"ref": "P335173.8",
"n": "5'",
"label": "o 5'"}
,
{
"node": "l",
"frag": "⸢ta⸣-din",
"id": "P335173.l01481",
"ref": "P335173.8.1",
"inst": "tadin[paid]AJ",
"exosig": "@saao/saa06%akk-x-neoass:ta-din=tadnu[given//paid]AJ'AJ$tadin",
"f": {"lang": "akk-x-neoass",
"form": "ta-din",
"cf": "tadnu",
"gw": "given",
"sense": "paid",
"norm": "tadin",
"pos": "AJ",
"epos": "AJ"}
}
,
{
"node": "l",
"frag": "MI₂",
"id": "P335173.l01482",
"ref": "P335173.8.2",
"inst": "issu[woman]N",
"exosig": "@saao/saa06%akk-x-neoass:MI₂=sinništu[woman//woman]N'N$issu",
"f": {"lang": "akk-x-neoass",
"form": "MI₂",
"cf": "sinništu",
"gw": "woman",
"sense": "woman",
"norm": "issu",
"pos": "N",
"epos": "N"}
}
,
{
"node": "l",
"frag": "šu₂-a-⸢te⸣",
"id": "P335173.l01483",
"ref": "P335173.8.3",
"inst": "šuāti[him//that]IP'DP$šuāte",
"exosig": "@saao/saa06%akk-x-neoass:šu₂-a-te=šuāti[him//that]IP'DP$šuāte",
"f": {"lang": "akk-x-neoass",
"form": "šu₂-a-te",
"cf": "šuāti",
"gw": "him",
"sense": "that",
"norm": "šuāte",
"pos": "IP",
"epos": "DP"}
}
,
{
"node": "l",
"frag": "[za-ar-pat]",
"id": "P335173.l01484",
"ref": "P335173.8.4",
"inst": "zarpat[purchased]AJ",
"exosig": "@saao/saa06%akk-x-neoass:za-ar-pat=zarpu[purchased//purchased]AJ'AJ$zarpat",
"f": {"lang": "akk-x-neoass",
"form": "za-ar-pat",
"cf": "zarpu",
"gw": "purchased",
"sense": "purchased",
"norm": "zarpat",
"pos": "AJ",
"epos": "AJ"}
}
,
{
"node": "d",
"type": "line-start",
"ref": "P335173.9",
"n": "6'",
"label": "o 6'"}
,
{
"node": "l",
"frag": "⸢la⸣-qi-at",
"id": "P335173.l01485",
"ref": "P335173.9.1",
"inst": "laqiat[acquired]AJ",
"exosig": "@saao/saa06%akk-x-neoass:la-qi-at=leqû[taken//acquired]AJ'AJ$laqiat",
"f": {"lang": "akk-x-neoass",
"form": "la-qi-at",
"cf": "leqû",
"gw": "taken",
"sense": "acquired",
"norm": "laqiat",
"pos": "AJ",
"epos": "AJ"}
}
,
{
"node": "l",
"frag": "⸢tu₂⸣-[a-ru",
"id": "P335173.l01486",
"ref": "P335173.9.2",
"inst": "târu[turn//revocation]V'N$tuāru",
"exosig": "@saao/saa06%akk-x-neoass:tu₂-a-ru=târu[turn//revocation]V'N$tuāru",
"f": {"lang": "akk-x-neoass",
"form": "tu₂-a-ru",
"cf": "târu",
"gw": "turn",
"sense": "revocation",
"norm": "tuāru",
"pos": "V",
"epos": "N"}
}
,
{
"node": "l",
"frag": "de-e-nu]",
"id": "P335173.l01487",
"ref": "P335173.9.3",
"inst": "dēnu[lawsuit]N",
"exosig": "@saao/saa06%akk-x-neoass:de-e-nu=dīnu[legal decision//lawsuit]N'N$dēnu",
"f": {"lang": "akk-x-neoass",
"form": "de-e-nu",
"cf": "dīnu",
"gw": "legal decision",
"sense": "lawsuit",
"norm": "dēnu",
"pos": "N",
"epos": "N"}
}
,
{
"node": "d",
"type": "line-start",
"ref": "P335173.10",
"n": "7'",
"label": "o 7'"}
,
{
"node": "l",
"frag": "⸢DUG₄⸣.DUG₄",
"id": "P335173.l01488",
"ref": "P335173.10.1",
"inst": "dabābu[litigation]'N",
"exosig": "@saao/saa06%akk-x-neoass:DUG₄.DUG₄=dabābu[speak//litigation]V'N$dabābu",
"f": {"lang": "akk-x-neoass",
"form": "DUG₄.DUG₄",
"cf": "dabābu",
"gw": "speak",
"sense": "litigation",
"norm": "dabābu",
"pos": "V",
"epos": "N"}
}
,
{
"node": "l",
"frag": "⸢la⸣-[aš₂-šu₂",
"id": "P335173.l01489",
"ref": "P335173.10.2",
"inst": "laššu[(there) is not]V",
"exosig": "@saao/saa06%akk-x-neoass:la-aš₂-šu₂=laššu[(there) is not//(there) is not]V'V$laššu",
"f": {"lang": "akk-x-neoass",
"form": "la-aš₂-šu₂",
"cf": "laššu",
"gw": "(there) is not",
"sense": "(there) is not",
"norm": "laššu",
"pos": "V",
"epos": "V"}
}
,
{
"node": "l",
"frag": "man-nu",
"id": "P335173.l0148a",
"ref": "P335173.10.3",
"inst": "mannu[whoever]'XP",
"exosig": "@saao/saa06%akk-x-neoass:man-nu=mannu[who?//whoever]QP'XP$mannu",
"f": {"lang": "akk-x-neoass",
"form": "man-nu",
"cf": "mannu",
"gw": "who?",
"sense": "whoever",
"norm": "mannu",
"pos": "QP",
"epos": "XP"}
}
,
{
"node": "l",
"frag": "ša]",
"id": "P335173.l0148b",
"ref": "P335173.10.4",
"inst": "ša[that]REL",
"exosig": "@saao/saa06%akk-x-neoass:ša=ša[that//that]REL'REL$ša",
"f": {"lang": "akk-x-neoass",
"form": "ša",
"cf": "ša",
"gw": "that",
"sense": "that",
"norm": "ša",
"pos": "REL",
"epos": "REL"}
}
,
{
"node": "d",
"type": "line-start",
"ref": "P335173.11",
"n": "8'",
"label": "o 8'"}
,
{
"node": "c",
"type": "phrase",
"tag": "phr",
"id": "P335173.U5",
"ref": "P335173.ls00001",
"cdl": [
{
"node": "l",
"frag": "[ina]",
"id": "P335173.l0148c",
"ref": "P335173.11.1",
"inst": "ina[in+=in the future]PRP",
"exosig": "@saao/saa06%akk-x-neoass:ina=ina[in//in]PRP'PRP$ina",
"f": {"lang": "akk-x-neoass",
"form": "ina",
"cf": "ina",
"gw": "in",
"sense": "in",
"norm": "ina",
"pos": "PRP",
"epos": "PRP"}
}
,
{
"node": "l",
"frag": "⸢ur⸣-kiš",
"id": "P335173.l0148d",
"ref": "P335173.11.2",
"inst": "urkiš[later]AV",
"exosig": "@saao/saa06%akk-x-neoass:ur-kiš=urkiš[later//later]AV'AV$urkiš",
"f": {"lang": "akk-x-neoass",
"form": "ur-kiš",
"cf": "urkiš",
"gw": "later",
"sense": "later",
"norm": "urkiš",
"pos": "AV",
"epos": "AV"}
}
]}
,
{
"node": "c",
"type": "phrase",
"tag": "phr",
"id": "P335173.U6",
"ref": "P335173.ls00002",
"cdl": [
{
"node": "l",
"frag": "ina",
"id": "P335173.l0148e",
"ref": "P335173.11.3",
"inst": "ina[in+=whenever]PRP$",
"exosig": "@saao/saa06%akk-x-neoass:ina=ina[in//in]PRP'PRP$ina",
"f": {"lang": "akk-x-neoass",
"form": "ina",
"cf": "ina",
"gw": "in",
"sense": "in",
"norm": "ina",
"pos": "PRP",
"epos": "PRP"}
}
,
{
"node": "l",
"frag": "[ma-te-ma]",
"id": "P335173.l0148f",
"ref": "P335173.11.4",
"inst": "matīma[ever]AV$matēma",
"exosig": "@saao/saa06%akk-x-neoass:ma-te-ma=matīma[ever//ever]AV'AV$matēma",
"f": {"lang": "akk-x-neoass",
"form": "ma-te-ma",
"cf": "matīma",
"gw": "ever",
"sense": "ever",
"norm": "matēma",
"pos": "AV",
"epos": "AV"}
}
]}
,
{
"node": "d",
"type": "line-start",
"ref": "P335173.12",
"n": "9'",
"label": "o 9'"}
,
{
"node": "l",
"frag": "[lu]-⸢u⸣",
"id": "P335173.l01490",
"ref": "P335173.12.1",
"inst": "lū[may]MOD",
"exosig": "@saao/saa06%akk-x-neoass:lu-u=lū[may//may]MOD'MOD$lū",
"f": {"lang": "akk-x-neoass",
"form": "lu-u",
"cf": "lū",
"gw": "may",
"sense": "may",
"norm": "lū",
"pos": "MOD",
"epos": "MOD"}
}
,
{
"node": "l",
"frag": "{1}{d}PA-NUMUN-AŠ",
"id": "P335173.l01491",
"ref": "P335173.12.2",
"inst": "Nabu-zeru-iddina[1]PN",
"exosig": "@saao/saa06%akk-x-neoass:{1}{d}PA-NUMUN-AŠ=Nabu-zeru-iddina[1//1]PN'PN$Nabu-zeru-iddina",
"f": {"lang": "akk-x-neoass",
"form": "{1}{d}PA-NUMUN-AŠ",
"cf": "Nabu-zeru-iddina",
"gw": "1",
"sense": "1",
"norm": "Nabu-zeru-iddina",
"pos": "PN",
"epos": "PN"}
}
,
{
"node": "l",
"frag": "lu-u]",
"id": "P335173.l01492",
"ref": "P335173.12.3",
"inst": "lū[may]MOD",
"exosig": "@saao/saa06%akk-x-neoass:lu-u=lū[may//may]MOD'MOD$lū",
"f": {"lang": "akk-x-neoass",
"form": "lu-u",
"cf": "lū",
"gw": "may",
"sense": "may",
"norm": "lū",
"pos": "MOD",
"epos": "MOD"}
}
,
{
"node": "d",
"type": "nonx",
"ref": "P335173.13",
"strict": "0",
"state": "missing"}
]}
]}
]}
,
{
"linkbase": [{
"type": "linkset",
"xlink_title": "ina libbi[in//(in exchange) for]PRP'PRP",
"id": "P335173.ls00000",
"xlink_type": "extended",
"xlink_role": "psu",
"sig": "{ina[in]PRP libbu[interior]N += ina libbi[in//(in exchange) for]PRP'PRP}::@saao%akk-x-neoass:ina=ina[in//into]PRP'PRP$ina++@saao%akk-x-neoass:ŠA₃=libbu[interior//interior]N'N$libbi",
"links": [
{
"type": "link",
"xlink_title": "ina",
"xlink_type": "locator",
"xlink_href": "#P335173.l01479",
"xlink_role": "elt"}
,
{
"type": "link",
"xlink_title": "libbi",
"xlink_type": "locator",
"xlink_href": "#P335173.l0147a",
"xlink_role": "elt"}
]}
,
{
"type": "linkset",
"xlink_title": "ina urkiš[in the future//in the future]AV'AV",
"id": "P335173.ls00001",
"xlink_type": "extended",
"xlink_role": "psu",
"sig": "{ina[in]PRP urkiš[later]AV += ina urkiš[in the future//in the future]AV'AV}::@saao%akk-x-neoass:ina=ina[in//into]PRP'PRP$ina++@saao%akk-x-neoass:ur-kiš=urkiš[later//later]AV'AV$urkiš",
"links": [
{
"type": "link",
"xlink_title": "ina",
"xlink_type": "locator",
"xlink_href": "#P335173.l0148c",
"xlink_role": "elt"}
,
{
"type": "link",
"xlink_title": "urkiš",
"xlink_type": "locator",
"xlink_href": "#P335173.l0148d",
"xlink_role": "elt"}
]}
,
{
"type": "linkset",
"xlink_title": "ina matīma[whenever//whenever]XP'XP",
"id": "P335173.ls00002",
"xlink_type": "extended",
"xlink_role": "psu",
"sig": "{ina[in]PRP matīma[ever]AV += ina matīma[whenever//whenever]XP'XP}::@saao%akk-x-neoass:ina=ina[in//into]PRP'PRP$ina++@saao%akk-x-neoass:ma-te-ma=matīma[ever//ever]AV'AV$matēma",
"links": [
{
"type": "link",
"xlink_title": "ina",
"xlink_type": "locator",
"xlink_href": "#P335173.l0148e",
"xlink_role": "elt"}
,
{
"type": "link",
"xlink_title": "matīma",
"xlink_type": "locator",
"xlink_href": "#P335173.l0148f",
"xlink_role": "elt"}
]}
]}
]}
