{
"type": "cdl",
  "source": "http://oracc.org/saao/saa06",
  "license": "This data is released under the CC0 license",
  "license-url": "https://creativecommons.org/publicdomain/zero/1.0/",
  "more-info": "http://oracc.org/doc/opendata/",
  "UTC-timestamp": "2017-05-19T11:31:07",
"project": "saao/saa06",
"textid": "P335210",
"cdl": [
{
"node": "c",
"type": "text",
"id": "P335210.U0",
"cdl": [
{
"node": "d",
"type": "object",
"ref": ""}
,
{
"node": "d",
"subtype": "obverse",
"type": "surface",
"ref": "P335210.o.1",
"type": "obverse",
"label": "o"}
,
{
"node": "d",
"type": "nonx",
"ref": "P335210.2",
"strict": "0",
"extent": "beginning",
"state": "missing"}
,
{
"node": "c",
"type": "discourse",
"subtype": "body",
"id": "P335210.U1",
"cdl": [
{
"node": "c",
"type": "sentence",
"id": "P335210.U2",
"label": "o 1' - r 11",
"cdl": [
{
"node": "d",
"type": "line-start",
"ref": "P335210.3",
"n": "1'",
"label": "o 1'"}
,
{
"node": "l",
"frag": "⸢x",
"id": "P335210.l01d63",
"ref": "P335210.3.1",
"inst": "u",
"f": {"lang": "akk-x-neoass",
"form": "x",
"pos": "u"}
}
,
{
"node": "l",
"frag": "x⸣",
"id": "P335210.l01d64",
"ref": "P335210.3.2",
"inst": "u",
"f": {"lang": "akk-x-neoass",
"form": "x",
"pos": "u"}
}
,
{
"node": "l",
"frag": "[x",
"id": "P335210.l01d65",
"ref": "P335210.3.3",
"inst": "u",
"f": {"lang": "akk-x-neoass",
"form": "x",
"pos": "u"}
}
,
{
"node": "l",
"frag": "x",
"id": "P335210.l01d66",
"ref": "P335210.3.4",
"inst": "u",
"f": {"lang": "akk-x-neoass",
"form": "x",
"pos": "u"}
}
,
{
"node": "l",
"frag": "x",
"id": "P335210.l01d67",
"ref": "P335210.3.5",
"inst": "u",
"f": {"lang": "akk-x-neoass",
"form": "x",
"pos": "u"}
}
,
{
"node": "l",
"frag": "x",
"id": "P335210.l01d68",
"ref": "P335210.3.6",
"inst": "u",
"f": {"lang": "akk-x-neoass",
"form": "x",
"pos": "u"}
}
,
{
"node": "l",
"frag": "(x)",
"id": "P335210.l01d69",
"ref": "P335210.3.7",
"inst": "u",
"f": {"lang": "akk-x-neoass",
"form": "x",
"pos": "u"}
}
,
{
"node": "l",
"frag": "{mi₂}ša₂]-⸢kin-tu₂",
"id": "P335210.l01d6a",
"ref": "P335210.3.8",
"inst": "šakintu[(a female official)//governess]N$",
"exosig": "@saao/saa06%akk-x-neoass:{MI₂}ša₂-kin-tu₂=šakintu[(a female official)//governess]N'N$šakintu",
"f": {"lang": "akk-x-neoass",
"form": "{MI₂}ša₂-kin-tu₂",
"cf": "šakintu",
"gw": "(a female official)",
"sense": "governess",
"norm": "šakintu",
"pos": "N",
"epos": "N"}
}
,
{
"node": "l",
"frag": "ša",
"id": "P335210.l01d6b",
"ref": "P335210.3.9",
"inst": "ša[of]DET",
"exosig": "@saao/saa06%akk-x-neoass:ša=ša[of//of]DET'DET$ša",
"f": {"lang": "akk-x-neoass",
"form": "ša",
"cf": "ša",
"gw": "of",
"sense": "of",
"norm": "ša",
"pos": "DET",
"epos": "DET"}
}
,
{
"node": "c",
"type": "phrase",
"tag": "phr",
"id": "P335210.U4",
"ref": "P335210.ls00000",
"cdl": [
{
"node": "l",
"frag": "MURUB₄⸣-[URU]",
"id": "P335210.l01d6c",
"ref": "P335210.3.10",
"cof-tails": "P335210.l01d6d",
"inst": "qabaltu[middle]N$qabsi&ālu[city]N$āli",
"exosig": "@saao/saa06%akk-x-neoass:MURUB₄-URU=qabaltu[middle//middle]N'N$qabsi&&@saao%akk-x-neoass:=ālu[city//city]N'N$āli",
"f": {"lang": "akk-x-neoass",
"form": "MURUB₄-URU",
"cf": "qabaltu",
"gw": "middle",
"sense": "middle",
"norm": "qabsi",
"pos": "N",
"epos": "N"}
}
,
{
"node": "l",
"frag": "MURUB₄⸣-[URU]",
"id": "P335210.l01d6d",
"ref": "P335210.3.10",
"cof-head": "P335210.l01d6c",
"inst": "qabaltu[middle]N$qabsi&ālu[city]N$āli",
"tail-sig": "@saao%akk-x-neoass:=ālu[city//city]N'N$āli",
"f": {"lang": "akk-x-neoass",
"form": "MURUB₄-URU",
"cf": "ālu",
"gw": "city",
"sense": "city",
"norm": "āli",
"pos": "N",
"epos": "N"}
}
]}
,
{
"node": "d",
"type": "line-start",
"ref": "P335210.4",
"n": "2'",
"label": "o 2'"}
,
{
"node": "c",
"type": "phrase",
"tag": "phr",
"id": "P335210.U5",
"ref": "P335210.ls00001",
"cdl": [
{
"node": "l",
"frag": "ina",
"id": "P335210.l01d6e",
"ref": "P335210.4.1",
"inst": "ina[in+=for]PRP",
"exosig": "@saao/saa06%akk-x-neoass:ina=ina[in//in]PRP'PRP$ina",
"f": {"lang": "akk-x-neoass",
"form": "ina",
"cf": "ina",
"gw": "in",
"sense": "in",
"norm": "ina",
"pos": "PRP",
"epos": "PRP"}
}
,
{
"node": "l",
"frag": "ŠA₃",
"id": "P335210.l01d6f",
"ref": "P335210.4.2",
"inst": "libbi[interior]N",
"exosig": "@saao/saa06%akk-x-neoass:ŠA₃=libbu[interior//interior]N'N$libbi",
"f": {"lang": "akk-x-neoass",
"form": "ŠA₃",
"cf": "libbu",
"gw": "interior",
"sense": "interior",
"norm": "libbi",
"pos": "N",
"epos": "N"}
}
]}
,
{
"node": "l",
"frag": "10",
"id": "P335210.l01d70",
"ref": "P335210.4.3",
"inst": "n",
"f": {"lang": "akk-x-neoass",
"form": "10",
"pos": "n"}
}
,
{
"node": "l",
"frag": "MA.[NA",
"id": "P335210.l01d71",
"ref": "P335210.4.4",
"inst": "manê[a unit of weight]N",
"exosig": "@saao/saa06%akk-x-neoass:MA.NA=manû[unit//a unit of weight]N'N$manê",
"f": {"lang": "akk-x-neoass",
"form": "MA.NA",
"cf": "manû",
"gw": "unit",
"sense": "a unit of weight",
"norm": "manê",
"pos": "N",
"epos": "N"}
}
,
{
"node": "l",
"frag": "KUG.UD]",
"id": "P335210.l01d72",
"ref": "P335210.4.5",
"inst": "ṣarpi[silver]N",
"exosig": "@saao/saa06%akk-x-neoass:KUG.UD=ṣarpu[silver//silver]N'N$ṣarpi",
"f": {"lang": "akk-x-neoass",
"form": "KUG.UD",
"cf": "ṣarpu",
"gw": "silver",
"sense": "silver",
"norm": "ṣarpi",
"pos": "N",
"epos": "N"}
}
,
{
"node": "l",
"frag": "⸢il⸣-qi",
"id": "P335210.l01d73",
"ref": "P335210.4.6",
"inst": "ilqi[purchase]V",
"exosig": "@saao/saa06%akk-x-neoass:il-qi=leqû[take//purchase]V'V$ilqi",
"f": {"lang": "akk-x-neoass",
"form": "il-qi",
"cf": "leqû",
"gw": "take",
"sense": "purchase",
"norm": "ilqi",
"pos": "V",
"epos": "V"}
}
,
{
"node": "d",
"type": "line-start",
"ref": "P335210.5",
"n": "3'",
"label": "o 3'"}
,
{
"node": "l",
"frag": "kas-pu",
"id": "P335210.l01d74",
"ref": "P335210.5.1",
"inst": "kaspu[money]N",
"exosig": "@saao/saa06%akk-x-neoass:kas-pu=kaspu[silver//money]N'N$kaspu",
"f": {"lang": "akk-x-neoass",
"form": "kas-pu",
"cf": "kaspu",
"gw": "silver",
"sense": "money",
"norm": "kaspu",
"pos": "N",
"epos": "N"}
}
,
{
"node": "l",
"frag": "gam-mur",
"id": "P335210.l01d75",
"ref": "P335210.5.2",
"inst": "gammur[completed]AJ",
"exosig": "@saao/saa06%akk-x-neoass:gam-mur=gammuru[finished//completed]AJ'AJ$gammur",
"f": {"lang": "akk-x-neoass",
"form": "gam-mur",
"cf": "gammuru",
"gw": "finished",
"sense": "completed",
"norm": "gammur",
"pos": "AJ",
"epos": "AJ"}
}
,
{
"node": "l",
"frag": "ta-din",
"id": "P335210.l01d76",
"ref": "P335210.5.3",
"inst": "tadin[paid]AJ",
"exosig": "@saao/saa06%akk-x-neoass:ta-din=tadnu[given//paid]AJ'AJ$tadin",
"f": {"lang": "akk-x-neoass",
"form": "ta-din",
"cf": "tadnu",
"gw": "given",
"sense": "paid",
"norm": "tadin",
"pos": "AJ",
"epos": "AJ"}
}
,
{
"node": "l",
"frag": "UN-MEŠ",
"id": "P335210.l01d77",
"ref": "P335210.5.4",
"inst": "nišē[people]N",
"exosig": "@saao/saa06%akk-x-neoass:UN-MEŠ=nišu[people//people]N'N$nišē",
"f": {"lang": "akk-x-neoass",
"form": "UN-MEŠ",
"cf": "nišu",
"gw": "people",
"sense": "people",
"norm": "nišē",
"pos": "N",
"epos": "N"}
}
,
{
"node": "l",
"frag": "šu-a-tu",
"id": "P335210.l01d78",
"ref": "P335210.5.5",
"inst": "šuātu[that]'DP",
"exosig": "@saao/saa06%akk-x-neoass:šu-a-tu=šuāti[him//that]IP'DP$šuātu",
"f": {"lang": "akk-x-neoass",
"form": "šu-a-tu",
"cf": "šuāti",
"gw": "him",
"sense": "that",
"norm": "šuātu",
"pos": "IP",
"epos": "DP"}
}
,
{
"node": "d",
"type": "line-start",
"ref": "P335210.6",
"n": "4'",
"label": "o 4'"}
,
{
"node": "l",
"frag": "za-ar-pu",
"id": "P335210.l01d79",
"ref": "P335210.6.1",
"inst": "zarpu[purchased]AJ",
"exosig": "@saao/saa06%akk-x-neoass:za-ar-pu=zarpu[purchased//purchased]AJ'AJ$zarpu",
"f": {"lang": "akk-x-neoass",
"form": "za-ar-pu",
"cf": "zarpu",
"gw": "purchased",
"sense": "purchased",
"norm": "zarpu",
"pos": "AJ",
"epos": "AJ"}
}
,
{
"node": "l",
"frag": "laq-qi-u₂",
"id": "P335210.l01d7a",
"ref": "P335210.6.2",
"inst": "laqqiu[acquired]AJ",
"exosig": "@saao/saa06%akk-x-neoass:laq-qi-u₂=leqû[taken//acquired]AJ'AJ$laqqiu",
"f": {"lang": "akk-x-neoass",
"form": "laq-qi-u₂",
"cf": "leqû",
"gw": "taken",
"sense": "acquired",
"norm": "laqqiu",
"pos": "AJ",
"epos": "AJ"}
}
,
{
"node": "l",
"frag": "tu-a-ru",
"id": "P335210.l01d7b",
"ref": "P335210.6.3",
"inst": "tuāru[revocation]'N",
"exosig": "@saao/saa06%akk-x-neoass:tu-a-ru=târu[turn//revocation]V'N$tuāru",
"f": {"lang": "akk-x-neoass",
"form": "tu-a-ru",
"cf": "târu",
"gw": "turn",
"sense": "revocation",
"norm": "tuāru",
"pos": "V",
"epos": "N"}
}
,
{
"node": "l",
"frag": "de-e-nu",
"id": "P335210.l01d7c",
"ref": "P335210.6.4",
"inst": "dēnu[lawsuit]N",
"exosig": "@saao/saa06%akk-x-neoass:de-e-nu=dīnu[legal decision//lawsuit]N'N$dēnu",
"f": {"lang": "akk-x-neoass",
"form": "de-e-nu",
"cf": "dīnu",
"gw": "legal decision",
"sense": "lawsuit",
"norm": "dēnu",
"pos": "N",
"epos": "N"}
}
,
{
"node": "d",
"type": "line-start",
"ref": "P335210.7",
"n": "5'",
"label": "o 5'"}
,
{
"node": "l",
"frag": "DUG₄.DUG₄",
"id": "P335210.l01d7d",
"ref": "P335210.7.1",
"inst": "dabābu[litigation]'N",
"exosig": "@saao/saa06%akk-x-neoass:DUG₄.DUG₄=dabābu[speak//litigation]V'N$dabābu",
"f": {"lang": "akk-x-neoass",
"form": "DUG₄.DUG₄",
"cf": "dabābu",
"gw": "speak",
"sense": "litigation",
"norm": "dabābu",
"pos": "V",
"epos": "N"}
}
,
{
"node": "l",
"frag": "la-aš₂-šu₂",
"id": "P335210.l01d7e",
"ref": "P335210.7.2",
"inst": "laššu[(there) is not]V",
"exosig": "@saao/saa06%akk-x-neoass:la-aš₂-šu₂=laššu[(there) is not//(there) is not]V'V$laššu",
"f": {"lang": "akk-x-neoass",
"form": "la-aš₂-šu₂",
"cf": "laššu",
"gw": "(there) is not",
"sense": "(there) is not",
"norm": "laššu",
"pos": "V",
"epos": "V"}
}
,
{
"node": "l",
"frag": "man-nu",
"id": "P335210.l01d7f",
"ref": "P335210.7.3",
"inst": "mannu[whoever]'XP",
"exosig": "@saao/saa06%akk-x-neoass:man-nu=mannu[who?//whoever]QP'XP$mannu",
"f": {"lang": "akk-x-neoass",
"form": "man-nu",
"cf": "mannu",
"gw": "who?",
"sense": "whoever",
"norm": "mannu",
"pos": "QP",
"epos": "XP"}
}
,
{
"node": "l",
"frag": "ša",
"id": "P335210.l01d80",
"ref": "P335210.7.4",
"inst": "ša[of]DET",
"exosig": "@saao/saa06%akk-x-neoass:ša=ša[of//of]DET'DET$ša",
"f": {"lang": "akk-x-neoass",
"form": "ša",
"cf": "ša",
"gw": "of",
"sense": "of",
"norm": "ša",
"pos": "DET",
"epos": "DET"}
}
,
{
"node": "c",
"type": "phrase",
"tag": "phr",
"id": "P335210.U6",
"ref": "P335210.ls00002",
"cdl": [
{
"node": "l",
"frag": "ina",
"id": "P335210.l01d81",
"ref": "P335210.7.5",
"inst": "ina[in+=in the future]PRP",
"exosig": "@saao/saa06%akk-x-neoass:ina=ina[in//in]PRP'PRP$ina",
"f": {"lang": "akk-x-neoass",
"form": "ina",
"cf": "ina",
"gw": "in",
"sense": "in",
"norm": "ina",
"pos": "PRP",
"epos": "PRP"}
}
,
{
"node": "l",
"frag": "ur-kiš",
"id": "P335210.l01d82",
"ref": "P335210.7.6",
"inst": "urkiš[later]AV",
"exosig": "@saao/saa06%akk-x-neoass:ur-kiš=urkiš[later//later]AV'AV$urkiš",
"f": {"lang": "akk-x-neoass",
"form": "ur-kiš",
"cf": "urkiš",
"gw": "later",
"sense": "later",
"norm": "urkiš",
"pos": "AV",
"epos": "AV"}
}
]}
,
{
"node": "d",
"type": "line-start",
"ref": "P335210.8",
"n": "6'",
"label": "o 6'"}
,
{
"node": "c",
"type": "phrase",
"tag": "phr",
"id": "P335210.U7",
"ref": "P335210.ls00003",
"cdl": [
{
"node": "l",
"frag": "ina",
"id": "P335210.l01d83",
"ref": "P335210.8.1",
"inst": "ina[in+=whenever]PRP$",
"exosig": "@saao/saa06%akk-x-neoass:ina=ina[in//in]PRP'PRP$ina",
"f": {"lang": "akk-x-neoass",
"form": "ina",
"cf": "ina",
"gw": "in",
"sense": "in",
"norm": "ina",
"pos": "PRP",
"epos": "PRP"}
}
,
{
"node": "l",
"frag": "ma-te-e-ma",
"id": "P335210.l01d84",
"ref": "P335210.8.2",
"inst": "matīma[ever]AV$matēma",
"exosig": "@saao/saa06%akk-x-neoass:ma-te-e-ma=matīma[ever//ever]AV'AV$matēma",
"f": {"lang": "akk-x-neoass",
"form": "ma-te-e-ma",
"cf": "matīma",
"gw": "ever",
"sense": "ever",
"norm": "matēma",
"pos": "AV",
"epos": "AV"}
}
]}
,
{
"node": "l",
"frag": "i-zaq-qu-pan-ni",
"id": "P335210.l01d85",
"ref": "P335210.8.3",
"inst": "zaqāpu[fix upright//complain]V$izaqqupanni",
"exosig": "@saao/saa06%akk-x-neoass:i-zaq-qu-pan-ni=zaqāpu[fix upright//complain]V'V$izaqqupanni",
"f": {"lang": "akk-x-neoass",
"form": "i-zaq-qu-pan-ni",
"cf": "zaqāpu",
"gw": "fix upright",
"sense": "complain",
"norm": "izaqqupanni",
"pos": "V",
"epos": "V"}
}
,
{
"node": "d",
"type": "line-start",
"ref": "P335210.9",
"n": "7'",
"label": "o 7'"}
,
{
"node": "l",
"frag": "lu-u",
"id": "P335210.l01d86",
"ref": "P335210.9.1",
"inst": "lū[may]MOD",
"exosig": "@saao/saa06%akk-x-neoass:lu-u=lū[may//may]MOD'MOD$lū",
"f": {"lang": "akk-x-neoass",
"form": "lu-u",
"cf": "lū",
"gw": "may",
"sense": "may",
"norm": "lū",
"pos": "MOD",
"epos": "MOD"}
}
,
{
"node": "l",
"frag": "{1}se-eʾ-gab-ba-ri",
"id": "P335210.l01d87",
"ref": "P335210.9.2",
"inst": "Se-gabbari[1]PN$",
"exosig": "@saao/saa06%akk-x-neoass:{1}se-eʾ-gab-ba-ri=Se-gabbari[1//1]PN'PN$Se-gabbari",
"f": {"lang": "akk-x-neoass",
"form": "{1}se-eʾ-gab-ba-ri",
"cf": "Se-gabbari",
"gw": "1",
"sense": "1",
"norm": "Se-gabbari",
"pos": "PN",
"epos": "PN"}
}
,
{
"node": "l",
"frag": "lu-u",
"id": "P335210.l01d88",
"ref": "P335210.9.3",
"inst": "lū[may]MOD",
"exosig": "@saao/saa06%akk-x-neoass:lu-u=lū[may//may]MOD'MOD$lū",
"f": {"lang": "akk-x-neoass",
"form": "lu-u",
"cf": "lū",
"gw": "may",
"sense": "may",
"norm": "lū",
"pos": "MOD",
"epos": "MOD"}
}
,
{
"node": "l",
"frag": "DUMU-MEŠ-šu₂",
"id": "P335210.l01d89",
"ref": "P335210.9.4",
"inst": "marʾēšu[son]N",
"sig": "@saao%akk-x-neoass:DUMU-MEŠ-šu₂=māru[son//son]N'N$marʾēšu",
"f": {"lang": "akk-x-neoass",
"form": "DUMU-MEŠ-šu₂",
"cf": "māru",
"gw": "son",
"sense": "son",
"norm": "marʾēšu",
"pos": "N",
"epos": "N"}
}
,
{
"node": "d",
"type": "line-start",
"ref": "P335210.10",
"n": "8'",
"label": "o 8'"}
,
{
"node": "l",
"frag": "lu-u",
"id": "P335210.l01d8a",
"ref": "P335210.10.1",
"inst": "lū[may]MOD",
"exosig": "@saao/saa06%akk-x-neoass:lu-u=lū[may//may]MOD'MOD$lū",
"f": {"lang": "akk-x-neoass",
"form": "lu-u",
"cf": "lū",
"gw": "may",
"sense": "may",
"norm": "lū",
"pos": "MOD",
"epos": "MOD"}
}
,
{
"node": "c",
"type": "phrase",
"tag": "phr",
"id": "P335210.U8",
"ref": "P335210.ls00004",
"cdl": [
{
"node": "l",
"frag": "⸢DUMU⸣-DUMU-MEŠ-šu₂",
"id": "P335210.l01d8b",
"ref": "P335210.10.2",
"cof-tails": "P335210.l01d8c",
"inst": "māru[son]N$mār&māru[son]N$marʾēšu",
"exosig": "@saao/saa06%akk-x-neoass:DUMU-DUMU-MEŠ-šu₂=māru[son//son]N'N$mār&&@saao%akk-x-neoass:=māru[son//son]N'N$marʾēšu",
"f": {"lang": "akk-x-neoass",
"form": "DUMU-DUMU-MEŠ-šu₂",
"cf": "māru",
"gw": "son",
"sense": "son",
"norm": "mār",
"pos": "N",
"epos": "N"}
}
,
{
"node": "l",
"frag": "⸢DUMU⸣-DUMU-MEŠ-šu₂",
"id": "P335210.l01d8c",
"ref": "P335210.10.2",
"cof-head": "P335210.l01d8b",
"inst": "māru[son]N$mār&māru[son]N$marʾēšu",
"tail-sig": "@saao%akk-x-neoass:=māru[son//son]N'N$marʾēšu",
"f": {"lang": "akk-x-neoass",
"form": "DUMU-DUMU-MEŠ-šu₂",
"cf": "māru",
"gw": "son",
"sense": "son",
"norm": "marʾēšu",
"pos": "N",
"epos": "N"}
}
]}
,
{
"node": "l",
"frag": "lu-u",
"id": "P335210.l01d8d",
"ref": "P335210.10.3",
"inst": "lū[may]MOD",
"exosig": "@saao/saa06%akk-x-neoass:lu-u=lū[may//may]MOD'MOD$lū",
"f": {"lang": "akk-x-neoass",
"form": "lu-u",
"cf": "lū",
"gw": "may",
"sense": "may",
"norm": "lū",
"pos": "MOD",
"epos": "MOD"}
}
,
{
"node": "l",
"frag": "ŠEŠ-MEŠ-šu₂",
"id": "P335210.l01d8e",
"ref": "P335210.10.4",
"inst": "ahhēšu[brother]N",
"exosig": "@saao/saa06%akk-x-neoass:ŠEŠ-MEŠ-šu₂=ahu[brother//brother]N'N$ahhēšu",
"f": {"lang": "akk-x-neoass",
"form": "ŠEŠ-MEŠ-šu₂",
"cf": "ahu",
"gw": "brother",
"sense": "brother",
"norm": "ahhēšu",
"pos": "N",
"epos": "N"}
}
,
{
"node": "l",
"frag": "lu-u",
"id": "P335210.l01d8f",
"ref": "P335210.10.5",
"inst": "lū[may]MOD",
"exosig": "@saao/saa06%akk-x-neoass:lu-u=lū[may//may]MOD'MOD$lū",
"f": {"lang": "akk-x-neoass",
"form": "lu-u",
"cf": "lū",
"gw": "may",
"sense": "may",
"norm": "lū",
"pos": "MOD",
"epos": "MOD"}
}
,
{
"node": "c",
"type": "phrase",
"tag": "phr",
"id": "P335210.U9",
"ref": "P335210.ls00005",
"cdl": [
{
"node": "l",
"frag": "DUMU-MEŠ-ŠEŠ-MEŠ-šu₂",
"id": "P335210.l01d90",
"ref": "P335210.10.6",
"cof-tails": "P335210.l01d91",
"inst": "māru[son]N$marʾē&ahu[brother]N$ahhēšu",
"exosig": "@saao/saa06%akk-x-neoass:DUMU-MEŠ-ŠEŠ-MEŠ-šu₂=māru[son//son]N'N$marʾē&&@saao%akk-x-neoass:=ahu[brother//brother]N'N$ahhēšu",
"f": {"lang": "akk-x-neoass",
"form": "DUMU-MEŠ-ŠEŠ-MEŠ-šu₂",
"cf": "māru",
"gw": "son",
"sense": "son",
"norm": "marʾē",
"pos": "N",
"epos": "N"}
}
,
{
"node": "l",
"frag": "DUMU-MEŠ-ŠEŠ-MEŠ-šu₂",
"id": "P335210.l01d91",
"ref": "P335210.10.6",
"cof-head": "P335210.l01d90",
"inst": "māru[son]N$marʾē&ahu[brother]N$ahhēšu",
"tail-sig": "@saao%akk-x-neoass:=ahu[brother//brother]N'N$ahhēšu",
"f": {"lang": "akk-x-neoass",
"form": "DUMU-MEŠ-ŠEŠ-MEŠ-šu₂",
"cf": "ahu",
"gw": "brother",
"sense": "brother",
"norm": "ahhēšu",
"pos": "N",
"epos": "N"}
}
]}
,
{
"node": "d",
"type": "line-start",
"ref": "P335210.11",
"n": "9'",
"label": "o 9'"}
,
{
"node": "l",
"frag": "ša",
"id": "P335210.l01d92",
"ref": "P335210.11.1",
"inst": "ša[that]REL",
"exosig": "@saao/saa06%akk-x-neoass:ša=ša[that//that]REL'REL$ša",
"f": {"lang": "akk-x-neoass",
"form": "ša",
"cf": "ša",
"gw": "that",
"sense": "that",
"norm": "ša",
"pos": "REL",
"epos": "REL"}
}
,
{
"node": "l",
"frag": "TA@v",
"id": "P335210.l01d93",
"ref": "P335210.11.2",
"inst": "issi[with]PRP",
"exosig": "@saao/saa06%akk-x-neoass:TA@v=išti[with//with]PRP'PRP$issi",
"f": {"lang": "akk-x-neoass",
"form": "TA@v",
"cf": "išti",
"gw": "with",
"sense": "with",
"norm": "issi",
"pos": "PRP",
"epos": "PRP"}
}
,
{
"node": "l",
"frag": "{mi₂}ša₂-kin₂-tu₂",
"id": "P335210.l01d94",
"ref": "P335210.11.3",
"inst": "šakintu[(a female official)//governess]N$",
"exosig": "@saao/saa06%akk-x-neoass:{MI₂}ša₂-kin₂-tu₂=šakintu[(a female official)//governess]N'N$šakintu",
"f": {"lang": "akk-x-neoass",
"form": "{MI₂}ša₂-kin₂-tu₂",
"cf": "šakintu",
"gw": "(a female official)",
"sense": "governess",
"norm": "šakintu",
"pos": "N",
"epos": "N"}
}
,
{
"node": "l",
"frag": "DUMU-MEŠ-šu₂",
"id": "P335210.l01d95",
"ref": "P335210.11.4",
"inst": "marʾēšu[son]N",
"sig": "@saao%akk-x-neoass:DUMU-MEŠ-šu₂=māru[son//son]N'N$marʾēšu",
"f": {"lang": "akk-x-neoass",
"form": "DUMU-MEŠ-šu₂",
"cf": "māru",
"gw": "son",
"sense": "son",
"norm": "marʾēšu",
"pos": "N",
"epos": "N"}
}
,
{
"node": "c",
"type": "phrase",
"tag": "phr",
"id": "P335210.U10",
"ref": "P335210.ls00006",
"cdl": [
{
"node": "l",
"frag": "DUMU-DUMU-MEŠ-šu₂",
"id": "P335210.l01d96",
"ref": "P335210.11.5",
"cof-tails": "P335210.l01d97",
"inst": "māru[son]N$mār&māru[son]N$marʾēšu",
"exosig": "@saao/saa06%akk-x-neoass:DUMU-DUMU-MEŠ-šu₂=māru[son//son]N'N$mār&&@saao%akk-x-neoass:=māru[son//son]N'N$marʾēšu",
"f": {"lang": "akk-x-neoass",
"form": "DUMU-DUMU-MEŠ-šu₂",
"cf": "māru",
"gw": "son",
"sense": "son",
"norm": "mār",
"pos": "N",
"epos": "N"}
}
,
{
"node": "l",
"frag": "DUMU-DUMU-MEŠ-šu₂",
"id": "P335210.l01d97",
"ref": "P335210.11.5",
"cof-head": "P335210.l01d96",
"inst": "māru[son]N$mār&māru[son]N$marʾēšu",
"tail-sig": "@saao%akk-x-neoass:=māru[son//son]N'N$marʾēšu",
"f": {"lang": "akk-x-neoass",
"form": "DUMU-DUMU-MEŠ-šu₂",
"cf": "māru",
"gw": "son",
"sense": "son",
"norm": "marʾēšu",
"pos": "N",
"epos": "N"}
}
]}
,
{
"node": "d",
"type": "line-start",
"ref": "P335210.12",
"n": "10'",
"label": "o 10'"}
,
{
"node": "l",
"frag": "de-⸢e⸣-nu",
"id": "P335210.l01d98",
"ref": "P335210.12.1",
"inst": "dēnu[lawsuit]N",
"exosig": "@saao/saa06%akk-x-neoass:de-e-nu=dīnu[legal decision//lawsuit]N'N$dēnu",
"f": {"lang": "akk-x-neoass",
"form": "de-e-nu",
"cf": "dīnu",
"gw": "legal decision",
"sense": "lawsuit",
"norm": "dēnu",
"pos": "N",
"epos": "N"}
}
,
{
"node": "l",
"frag": "DUG₄.DUG₄",
"id": "P335210.l01d99",
"ref": "P335210.12.2",
"inst": "dabābu[litigation]'N",
"exosig": "@saao/saa06%akk-x-neoass:DUG₄.DUG₄=dabābu[speak//litigation]V'N$dabābu",
"f": {"lang": "akk-x-neoass",
"form": "DUG₄.DUG₄",
"cf": "dabābu",
"gw": "speak",
"sense": "litigation",
"norm": "dabābu",
"pos": "V",
"epos": "N"}
}
,
{
"node": "l",
"frag": "ub-ta-ʾu-u-ni",
"id": "P335210.l01d9a",
"ref": "P335210.12.3",
"inst": "ubtaʾʾūni[seek]V",
"exosig": "@saao/saa06%akk-x-neoass:ub-ta-ʾu-u-ni=buʾʾû[look for//seek]V'V$ubtaʾʾūni",
"f": {"lang": "akk-x-neoass",
"form": "ub-ta-ʾu-u-ni",
"cf": "buʾʾû",
"gw": "look for",
"sense": "seek",
"norm": "ubtaʾʾūni",
"pos": "V",
"epos": "V"}
}
,
{
"node": "d",
"subtype": "reverse",
"type": "surface",
"ref": "P335210.r.13",
"type": "reverse",
"label": "r"}
,
{
"node": "d",
"type": "line-start",
"ref": "P335210.14",
"n": "1",
"label": "r 1"}
,
{
"node": "l",
"frag": "10",
"id": "P335210.l01d9b",
"ref": "P335210.14.1",
"inst": "n",
"f": {"lang": "akk-x-neoass",
"form": "10",
"pos": "n"}
}
,
{
"node": "l",
"frag": "⸢MA⸣.NA",
"id": "P335210.l01d9c",
"ref": "P335210.14.2",
"inst": "manê[a unit of weight]N",
"exosig": "@saao/saa06%akk-x-neoass:MA.NA=manû[unit//a unit of weight]N'N$manê",
"f": {"lang": "akk-x-neoass",
"form": "MA.NA",
"cf": "manû",
"gw": "unit",
"sense": "a unit of weight",
"norm": "manê",
"pos": "N",
"epos": "N"}
}
,
{
"node": "l",
"frag": "KUG.UD",
"id": "P335210.l01d9d",
"ref": "P335210.14.3",
"inst": "ṣarpi[silver]N",
"exosig": "@saao/saa06%akk-x-neoass:KUG.UD=ṣarpu[silver//silver]N'N$ṣarpi",
"f": {"lang": "akk-x-neoass",
"form": "KUG.UD",
"cf": "ṣarpu",
"gw": "silver",
"sense": "silver",
"norm": "ṣarpi",
"pos": "N",
"epos": "N"}
}
,
{
"node": "l",
"frag": "LUH-u",
"id": "P335210.l01d9e",
"ref": "P335210.14.4",
"inst": "masû[washed]AJ",
"exosig": "@saao/saa06%akk-x-neoass:LUH-u=mesû[washed//washed]AJ'AJ$masû",
"f": {"lang": "akk-x-neoass",
"form": "LUH-u",
"cf": "mesû",
"gw": "washed",
"sense": "washed",
"norm": "masû",
"pos": "AJ",
"epos": "AJ"}
}
,
{
"node": "l",
"frag": "01",
"id": "P335210.l01d9f",
"ref": "P335210.14.5",
"inst": "n",
"f": {"lang": "akk-x-neoass",
"form": "01",
"pos": "n"}
}
,
{
"node": "l",
"frag": "MA.NA",
"id": "P335210.l01da0",
"ref": "P335210.14.6",
"inst": "manû[a unit of weight]N",
"exosig": "@saao/saa06%akk-x-neoass:MA.NA=manû[unit//a unit of weight]N'N$manû",
"f": {"lang": "akk-x-neoass",
"form": "MA.NA",
"cf": "manû",
"gw": "unit",
"sense": "a unit of weight",
"norm": "manû",
"pos": "N",
"epos": "N"}
}
,
{
"node": "l",
"frag": "KUG.GI",
"id": "P335210.l01da1",
"ref": "P335210.14.7",
"inst": "hurāṣi[gold]N",
"exosig": "@saao/saa06%akk-x-neoass:KUG.GI=hurāṣu[gold//gold]N'N$hurāṣi",
"f": {"lang": "akk-x-neoass",
"form": "KUG.GI",
"cf": "hurāṣu",
"gw": "gold",
"sense": "gold",
"norm": "hurāṣi",
"pos": "N",
"epos": "N"}
}
,
{
"node": "l",
"frag": "sak-ru",
"id": "P335210.l01da2",
"ref": "P335210.14.8",
"inst": "sakru[refined]AJ",
"exosig": "@saao/saa06%akk-x-neoass:sak-ru=sakru[refined//refined]AJ'AJ$sakru",
"f": {"lang": "akk-x-neoass",
"form": "sak-ru",
"cf": "sakru",
"gw": "refined",
"sense": "refined",
"norm": "sakru",
"pos": "AJ",
"epos": "AJ"}
}
,
{
"node": "d",
"type": "line-start",
"ref": "P335210.15",
"n": "2",
"label": "r 2"}
,
{
"node": "l",
"frag": "ina",
"id": "P335210.l01da3",
"ref": "P335210.15.1",
"inst": "ina[in]PRP",
"exosig": "@saao/saa06%akk-x-neoass:ina=ina[in//in]PRP'PRP$ina",
"f": {"lang": "akk-x-neoass",
"form": "ina",
"cf": "ina",
"gw": "in",
"sense": "in",
"norm": "ina",
"pos": "PRP",
"epos": "PRP"}
}
,
{
"node": "l",
"frag": "bur-ki",
"id": "P335210.l01da4",
"ref": "P335210.15.2",
"inst": "burki[lap]N",
"exosig": "@saao/saa06%akk-x-neoass:bur-ki=burku[knee//lap]N'N$burki",
"f": {"lang": "akk-x-neoass",
"form": "bur-ki",
"cf": "burku",
"gw": "knee",
"sense": "lap",
"norm": "burki",
"pos": "N",
"epos": "N"}
}
,
{
"node": "l",
"frag": "{d}IŠ.TAR",
"id": "P335210.l01da5",
"ref": "P335210.15.3",
"inst": "Ištar[1]DN",
"sig": "@saao%akk-x-neoass:{d}IŠ.TAR=Ištar[1//1]DN'DN$Issar",
"f": {"lang": "akk-x-neoass",
"form": "{d}IŠ.TAR",
"cf": "Ištar",
"gw": "1",
"sense": "1",
"norm": "Issar",
"pos": "DN",
"epos": "DN"}
}
,
{
"node": "l",
"frag": "a-ši-bat",
"id": "P335210.l01da6",
"ref": "P335210.15.4",
"inst": "āšibāt[residing]AJ",
"exosig": "@saao/saa06%akk-x-neoass:a-ši-bat=āšibu[sitting//residing]AJ'AJ$āšibāt",
"f": {"lang": "akk-x-neoass",
"form": "a-ši-bat",
"cf": "āšibu",
"gw": "sitting",
"sense": "residing",
"norm": "āšibāt",
"pos": "AJ",
"epos": "AJ"}
}
,
{
"node": "l",
"frag": "{uru}NINA",
"id": "P335210.l01da7",
"ref": "P335210.15.5",
"inst": "Ninua[Nineveh]GN",
"exosig": "@saao/saa06%akk-x-neoass:{URU}NINA=Ninua[Nineveh//Nineveh]GN'GN$Ninua",
"f": {"lang": "akk-x-neoass",
"form": "{URU}NINA",
"cf": "Ninua",
"gw": "Nineveh",
"sense": "Nineveh",
"norm": "Ninua",
"pos": "GN",
"epos": "GN"}
}
,
{
"node": "l",
"frag": "i-šak-kan",
"id": "P335210.l01da8",
"ref": "P335210.15.6",
"inst": "išakkan[place]V",
"exosig": "@saao/saa06%akk-x-neoass:i-šak-kan=šakānu[put//place]V'V$išakkan",
"f": {"lang": "akk-x-neoass",
"form": "i-šak-kan",
"cf": "šakānu",
"gw": "put",
"sense": "place",
"norm": "išakkan",
"pos": "V",
"epos": "V"}
}
,
{
"node": "d",
"type": "line-start",
"ref": "P335210.16",
"n": "3",
"label": "r 3"}
,
{
"node": "l",
"frag": "02",
"id": "P335210.l01da9",
"ref": "P335210.16.1",
"inst": "n",
"f": {"lang": "akk-x-neoass",
"form": "02",
"pos": "n"}
}
,
{
"node": "l",
"frag": "{anše}KUR.RA-MEŠ",
"id": "P335210.l01daa",
"ref": "P335210.16.2",
"inst": "sissê[horse]N",
"exosig": "@saao/saa06%akk-x-neoass:{ANŠE}KUR.RA-MEŠ=sisû[horse//horse]N'N$sissê",
"f": {"lang": "akk-x-neoass",
"form": "{ANŠE}KUR.RA-MEŠ",
"cf": "sisû",
"gw": "horse",
"sense": "horse",
"norm": "sissê",
"pos": "N",
"epos": "N"}
}
,
{
"node": "l",
"frag": "BABBAR-MEŠ",
"id": "P335210.l01dab",
"ref": "P335210.16.3",
"inst": "paṣūti[white]AJ",
"exosig": "@saao/saa06%akk-x-neoass:BABBAR-MEŠ=peṣû[white//white]AJ'AJ$paṣūti",
"f": {"lang": "akk-x-neoass",
"form": "BABBAR-MEŠ",
"cf": "peṣû",
"gw": "white",
"sense": "white",
"norm": "paṣūti",
"pos": "AJ",
"epos": "AJ"}
}
,
{
"node": "l",
"frag": "ina",
"id": "P335210.l01dac",
"ref": "P335210.16.4",
"inst": "ina[to]PRP",
"exosig": "@saao/saa06%akk-x-neoass:ina=ina[in//to]PRP'PRP$ina",
"f": {"lang": "akk-x-neoass",
"form": "ina",
"cf": "ina",
"gw": "in",
"sense": "to",
"norm": "ina",
"pos": "PRP",
"epos": "PRP"}
}
,
{
"node": "l",
"frag": "GIR₃.2",
"id": "P335210.l01dad",
"ref": "P335210.16.5",
"inst": "šēpē[foot]N",
"exosig": "@saao/saa06%akk-x-neoass:GIR₃.2=šēpu[foot//foot]N'N$šēpē",
"f": {"lang": "akk-x-neoass",
"form": "GIR₃.2",
"cf": "šēpu",
"gw": "foot",
"sense": "foot",
"norm": "šēpē",
"pos": "N",
"epos": "N"}
}
,
{
"node": "l",
"frag": "aš-šur",
"id": "P335210.l01dae",
"ref": "P335210.16.6",
"inst": "Aššur[1]DN",
"exosig": "@saao/saa06%akk-x-neoass:aš-šur=Aššur[1//1]DN'DN$Aššur",
"f": {"lang": "akk-x-neoass",
"form": "aš-šur",
"cf": "Aššur",
"gw": "1",
"sense": "1",
"norm": "Aššur",
"pos": "DN",
"epos": "DN"}
}
,
{
"node": "l",
"frag": "i-rak-kas",
"id": "P335210.l01daf",
"ref": "P335210.16.7",
"inst": "irakkas[bind]V",
"exosig": "@saao/saa06%akk-x-neoass:i-rak-kas=rakāsu[bind//bind]V'V$irakkas",
"f": {"lang": "akk-x-neoass",
"form": "i-rak-kas",
"cf": "rakāsu",
"gw": "bind",
"sense": "bind",
"norm": "irakkas",
"pos": "V",
"epos": "V"}
}
,
{
"node": "d",
"type": "line-start",
"ref": "P335210.17",
"n": "4",
"label": "r 4"}
,
{
"node": "l",
"frag": "04",
"id": "P335210.l01db0",
"ref": "P335210.17.1",
"inst": "n",
"f": {"lang": "akk-x-neoass",
"form": "04",
"pos": "n"}
}
,
{
"node": "l",
"frag": "{anše}har-ba-kan-ni",
"id": "P335210.l01db1",
"ref": "P335210.17.2",
"inst": "harbakkanni[(a kind of horse)]N",
"exosig": "@saao/saa06%akk-x-neoass:{ANŠE}har-ba-kan-ni=harbakkannu[(a kind of horse)//(a kind of horse)]N'N$harbakkanni",
"f": {"lang": "akk-x-neoass",
"form": "{ANŠE}har-ba-kan-ni",
"cf": "harbakkannu",
"gw": "(a kind of horse)",
"sense": "(a kind of horse)",
"norm": "harbakkanni",
"pos": "N",
"epos": "N"}
}
,
{
"node": "l",
"frag": "ina",
"id": "P335210.l01db2",
"ref": "P335210.17.3",
"inst": "ina[at]PRP",
"exosig": "@saao/saa06%akk-x-neoass:ina=ina[in//at]PRP'PRP$ina",
"f": {"lang": "akk-x-neoass",
"form": "ina",
"cf": "ina",
"gw": "in",
"sense": "at",
"norm": "ina",
"pos": "PRP",
"epos": "PRP"}
}
,
{
"node": "l",
"frag": "KI.TA",
"id": "P335210.l01db3",
"ref": "P335210.17.4",
"inst": "šaplu[underside//bottom]N$šapal",
"exosig": "@saao/saa06%akk-x-neoass:KI.TA=šaplu[underside//bottom]N'N$šapal",
"f": {"lang": "akk-x-neoass",
"form": "KI.TA",
"cf": "šaplu",
"gw": "underside",
"sense": "bottom",
"norm": "šapal",
"pos": "N",
"epos": "N"}
}
,
{
"node": "l",
"frag": "{d}ŠEŠ.GAL",
"id": "P335210.l01db4",
"ref": "P335210.17.5",
"inst": "Nergal[1]DN$",
"exosig": "@saao/saa06%akk-x-neoass:{d}ŠEŠ.GAL=Nergal[1//1]DN'DN$Nergal",
"f": {"lang": "akk-x-neoass",
"form": "{d}ŠEŠ.GAL",
"cf": "Nergal",
"gw": "1",
"sense": "1",
"norm": "Nergal",
"pos": "DN",
"epos": "DN"}
}
,
{
"node": "l",
"frag": "u₂-še-rab",
"id": "P335210.l01db5",
"ref": "P335210.17.6",
"inst": "ušerrab[bring in]V",
"exosig": "@saao/saa06%akk-x-neoass:u₂-še-rab=erēbu[enter//bring in]V'V$ušerrab",
"f": {"lang": "akk-x-neoass",
"form": "u₂-še-rab",
"cf": "erēbu",
"gw": "enter",
"sense": "bring in",
"norm": "ušerrab",
"pos": "V",
"epos": "V"}
}
,
{
"node": "d",
"type": "line-start",
"ref": "P335210.18",
"n": "5",
"label": "r 5"}
,
{
"node": "l",
"frag": "kas-pu",
"id": "P335210.l01db6",
"ref": "P335210.18.1",
"inst": "kaspu[money]N",
"exosig": "@saao/saa06%akk-x-neoass:kas-pu=kaspu[silver//money]N'N$kaspu",
"f": {"lang": "akk-x-neoass",
"form": "kas-pu",
"cf": "kaspu",
"gw": "silver",
"sense": "money",
"norm": "kaspu",
"pos": "N",
"epos": "N"}
}
,
{
"node": "c",
"type": "phrase",
"tag": "phr",
"id": "P335210.U11",
"ref": "P335210.ls00007",
"cdl": [
{
"node": "l",
"frag": "a-na",
"id": "P335210.l01db7",
"ref": "P335210.18.2",
"inst": "ana[to+=tenfold]PRP$",
"exosig": "@saao/saa06%akk-x-neoass:a-na=ana[to//to]PRP'PRP$ana",
"f": {"lang": "akk-x-neoass",
"form": "a-na",
"cf": "ana",
"gw": "to",
"sense": "to",
"norm": "ana",
"pos": "PRP",
"epos": "PRP"}
}
,
{
"node": "l",
"frag": "10-MEŠ-te",
"id": "P335210.l01db8",
"ref": "P335210.18.3",
"inst": "ešriātu[tenfold]AV$ešrāte",
"exosig": "@saao/saa06%akk-x-neoass:10-MEŠ-te=ešriātu[tenfold//tenfold]AV'AV$ešrāte",
"f": {"lang": "akk-x-neoass",
"form": "10-MEŠ-te",
"cf": "ešriātu",
"gw": "tenfold",
"sense": "tenfold",
"norm": "ešrāte",
"pos": "AV",
"epos": "AV"}
}
]}
,
{
"node": "l",
"frag": "a-na",
"id": "P335210.l01db9",
"ref": "P335210.18.4",
"inst": "ana[to]PRP",
"exosig": "@saao/saa06%akk-x-neoass:a-na=ana[to//to]PRP'PRP$ana",
"f": {"lang": "akk-x-neoass",
"form": "a-na",
"cf": "ana",
"gw": "to",
"sense": "to",
"norm": "ana",
"pos": "PRP",
"epos": "PRP"}
}
,
{
"node": "l",
"frag": "EN-MEŠ-šu₂",
"id": "P335210.l01dba",
"ref": "P335210.18.5",
"inst": "bēlēšu[owner]N",
"exosig": "@saao/saa06%akk-x-neoass:EN-MEŠ-šu₂=bēlu[lord//owner]N'N$bēlēšu",
"f": {"lang": "akk-x-neoass",
"form": "EN-MEŠ-šu₂",
"cf": "bēlu",
"gw": "lord",
"sense": "owner",
"norm": "bēlēšu",
"pos": "N",
"epos": "N"}
}
,
{
"node": "l",
"frag": "GUR-ra",
"id": "P335210.l01dbb",
"ref": "P335210.18.6",
"inst": "itūra[return]V",
"exosig": "@saao/saa06%akk-x-neoass:GUR-ra=târu[turn//return]V'V$itūra",
"f": {"lang": "akk-x-neoass",
"form": "GUR-ra",
"cf": "târu",
"gw": "turn",
"sense": "return",
"norm": "itūra",
"pos": "V",
"epos": "V"}
}
,
{
"node": "d",
"type": "line-start",
"ref": "P335210.19",
"n": "6",
"label": "r 6"}
,
{
"node": "l",
"frag": "ina",
"id": "P335210.l01dbc",
"ref": "P335210.19.1",
"inst": "ina[in]PRP",
"exosig": "@saao/saa06%akk-x-neoass:ina=ina[in//in]PRP'PRP$ina",
"f": {"lang": "akk-x-neoass",
"form": "ina",
"cf": "ina",
"gw": "in",
"sense": "in",
"norm": "ina",
"pos": "PRP",
"epos": "PRP"}
}
,
{
"node": "l",
"frag": "de-ni-šu₂",
"id": "P335210.l01dbd",
"ref": "P335210.19.2",
"inst": "dēnīšu[lawsuit]N",
"exosig": "@saao/saa06%akk-x-neoass:de-ni-šu₂=dīnu[legal decision//lawsuit]N'N$dēnīšu",
"f": {"lang": "akk-x-neoass",
"form": "de-ni-šu₂",
"cf": "dīnu",
"gw": "legal decision",
"sense": "lawsuit",
"norm": "dēnīšu",
"pos": "N",
"epos": "N"}
}
,
{
"node": "l",
"frag": "DUG₄.DUG₄-ma",
"id": "P335210.l01dbe",
"ref": "P335210.19.3",
"inst": "idabbubma[contest]V",
"exosig": "@saao/saa06%akk-x-neoass:DUG₄.DUG₄-ma=dabābu[speak//contest]V'V$idabbubma",
"f": {"lang": "akk-x-neoass",
"form": "DUG₄.DUG₄-ma",
"cf": "dabābu",
"gw": "speak",
"sense": "contest",
"norm": "idabbubma",
"pos": "V",
"epos": "V"}
}
,
{
"node": "l",
"frag": "la",
"id": "P335210.l01dbf",
"ref": "P335210.19.4",
"inst": "lā[not]MOD",
"exosig": "@saao/saa06%akk-x-neoass:la=lā[not//not]MOD'MOD$lā",
"f": {"lang": "akk-x-neoass",
"form": "la",
"cf": "lā",
"gw": "not",
"sense": "not",
"norm": "lā",
"pos": "MOD",
"epos": "MOD"}
}
,
{
"node": "l",
"frag": "i-laq-qi",
"id": "P335210.l01dc0",
"ref": "P335210.19.5",
"inst": "ilaqqi[succeed]V",
"exosig": "@saao/saa06%akk-x-neoass:i-laq-qi=leqû[take//succeed]V'V$ilaqqi",
"f": {"lang": "akk-x-neoass",
"form": "i-laq-qi",
"cf": "leqû",
"gw": "take",
"sense": "succeed",
"norm": "ilaqqi",
"pos": "V",
"epos": "V"}
}
,
{
"node": "d",
"type": "line-start",
"ref": "P335210.20",
"n": "7",
"label": "r 7"}
,
{
"node": "l",
"frag": "IGI",
"id": "P335210.l01dc1",
"ref": "P335210.20.1",
"inst": "šību[witness]N",
"exosig": "@saao/saa06%akk-x-neoass:IGI=šību[witness//witness]N'N$šību",
"f": {"lang": "akk-x-neoass",
"form": "IGI",
"cf": "šību",
"gw": "witness",
"sense": "witness",
"norm": "šību",
"pos": "N",
"epos": "N"}
}
,
{
"node": "l",
"frag": "{1}{d}PA-EN-PAB",
"id": "P335210.l01dc2",
"ref": "P335210.20.2",
"inst": "Nabu-belu-uṣur[1]PN$",
"exosig": "@saao/saa06%akk-x-neoass:{1}{d}PA-EN-PAB=Nabu-belu-uṣur[1//1]PN'PN$Nabu-belu-uṣur",
"f": {"lang": "akk-x-neoass",
"form": "{1}{d}PA-EN-PAB",
"cf": "Nabu-belu-uṣur",
"gw": "1",
"sense": "1",
"norm": "Nabu-belu-uṣur",
"pos": "PN",
"epos": "PN"}
}
,
{
"node": "l",
"frag": "{lu₂v}ha-za-nu",
"id": "P335210.l01dc3",
"ref": "P335210.20.3",
"inst": "hazannu[mayor]N",
"exosig": "@saao/saa06%akk-x-neoass:{LU₂}ha-za-nu=hazannu[mayor//mayor]N'N$hazannu",
"f": {"lang": "akk-x-neoass",
"form": "{LU₂}ha-za-nu",
"cf": "hazannu",
"gw": "mayor",
"sense": "mayor",
"norm": "hazannu",
"pos": "N",
"epos": "N"}
}
,
{
"node": "d",
"type": "line-start",
"ref": "P335210.21",
"n": "8",
"label": "r 8"}
,
{
"node": "l",
"frag": "IGI",
"id": "P335210.l01dc4",
"ref": "P335210.21.1",
"inst": "šību[witness]N",
"exosig": "@saao/saa06%akk-x-neoass:IGI=šību[witness//witness]N'N$šību",
"f": {"lang": "akk-x-neoass",
"form": "IGI",
"cf": "šību",
"gw": "witness",
"sense": "witness",
"norm": "šību",
"pos": "N",
"epos": "N"}
}
,
{
"node": "l",
"frag": "{1}{d}PA-AM-DINGIR-⸢MEŠ⸣",
"id": "P335210.l01dc5",
"ref": "P335210.21.2",
"inst": "Nabu-rim-ilani[1]PN$",
"exosig": "@saao/saa06%akk-x-neoass:{1}{d}PA-AM-DINGIR-MEŠ=Nabu-rim-ilani[1//1]PN'PN$Nabu-rim-ilani",
"f": {"lang": "akk-x-neoass",
"form": "{1}{d}PA-AM-DINGIR-MEŠ",
"cf": "Nabu-rim-ilani",
"gw": "1",
"sense": "1",
"norm": "Nabu-rim-ilani",
"pos": "PN",
"epos": "PN"}
}
,
{
"node": "d",
"type": "line-start",
"ref": "P335210.22",
"n": "9",
"label": "r 9"}
,
{
"node": "l",
"frag": "⸢IGI⸣",
"id": "P335210.l01dc6",
"ref": "P335210.22.1",
"inst": "šību[witness]N",
"exosig": "@saao/saa06%akk-x-neoass:IGI=šību[witness//witness]N'N$šību",
"f": {"lang": "akk-x-neoass",
"form": "IGI",
"cf": "šību",
"gw": "witness",
"sense": "witness",
"norm": "šību",
"pos": "N",
"epos": "N"}
}
,
{
"node": "l",
"frag": "{1}IM-⸢aš-šur⸣",
"id": "P335210.l01dc7",
"ref": "P335210.22.2",
"inst": "Šar-Aššur[1]PN$",
"exosig": "@saao/saa06%akk-x-neoass:{1}IM-aš-šur=Šar-Aššur[1//1]PN'PN$Šar-Aššur",
"f": {"lang": "akk-x-neoass",
"form": "{1}IM-aš-šur",
"cf": "Šar-Aššur",
"gw": "1",
"sense": "1",
"norm": "Šar-Aššur",
"pos": "PN",
"epos": "PN"}
}
,
{
"node": "d",
"type": "line-start",
"ref": "P335210.23",
"n": "10",
"label": "r 10"}
,
{
"node": "l",
"frag": "[IGI]",
"id": "P335210.l01dc8",
"ref": "P335210.23.1",
"inst": "šību[witness]N",
"exosig": "@saao/saa06%akk-x-neoass:IGI=šību[witness//witness]N'N$šību",
"f": {"lang": "akk-x-neoass",
"form": "IGI",
"cf": "šību",
"gw": "witness",
"sense": "witness",
"norm": "šību",
"pos": "N",
"epos": "N"}
}
,
{
"node": "l",
"frag": "{1}{d}PA-MU-[x",
"id": "P335210.l01dc9",
"ref": "P335210.23.2",
"inst": "u",
"f": {"lang": "akk-x-neoass",
"form": "{1}{d}PA-MU-x",
"pos": "u"}
}
,
{
"node": "l",
"frag": "x]",
"id": "P335210.l01dca",
"ref": "P335210.23.3",
"inst": "u",
"f": {"lang": "akk-x-neoass",
"form": "x",
"pos": "u"}
}
,
{
"node": "d",
"type": "line-start",
"ref": "P335210.24",
"n": "11",
"label": "r 11"}
,
{
"node": "l",
"frag": "[IGI]",
"id": "P335210.l01dcb",
"ref": "P335210.24.1",
"inst": "šību[witness]N",
"exosig": "@saao/saa06%akk-x-neoass:IGI=šību[witness//witness]N'N$šību",
"f": {"lang": "akk-x-neoass",
"form": "IGI",
"cf": "šību",
"gw": "witness",
"sense": "witness",
"norm": "šību",
"pos": "N",
"epos": "N"}
}
,
{
"node": "l",
"frag": "{1}⸢EN⸣-[x",
"id": "P335210.l01dcc",
"ref": "P335210.24.2",
"inst": "u",
"f": {"lang": "akk-x-neoass",
"form": "{1}EN-x",
"pos": "u"}
}
,
{
"node": "l",
"frag": "x",
"id": "P335210.l01dcd",
"ref": "P335210.24.3",
"inst": "u",
"f": {"lang": "akk-x-neoass",
"form": "x",
"pos": "u"}
}
,
{
"node": "l",
"frag": "x]",
"id": "P335210.l01dce",
"ref": "P335210.24.4",
"inst": "u",
"f": {"lang": "akk-x-neoass",
"form": "x",
"pos": "u"}
}
,
{
"node": "d",
"type": "nonx",
"ref": "P335210.25",
"strict": "0",
"extent": "rest",
"state": "missing"}
]}
]}
]}
,
{
"linkbase": [{
"type": "linkset",
"xlink_title": "qabsi āli[centre of the city//centre of the city]N'N",
"id": "P335210.ls00000",
"xlink_type": "extended",
"xlink_role": "psu",
"sig": "{qabaltu[middle]N ālu[city]N += qabsi āli[centre of the city//centre of the city]N'N}::@saao%akk-x-neoass:MURUB₄-URU=qabaltu[middle//middle]N'N$qabsi++@saao%akk-x-neoass:MURUB₄-URU=ālu[city//city]N'N$āli",
"links": [
{
"type": "link",
"xlink_title": "qabaltu",
"xlink_type": "locator",
"xlink_href": "#P335210.l01d6c",
"xlink_role": "elt"}
,
{
"type": "link",
"xlink_title": "ālu",
"xlink_type": "locator",
"xlink_href": "#P335210.l01d6d",
"xlink_role": "elt"}
]}
,
{
"type": "linkset",
"xlink_title": "ina libbi[in//(in exchange) for]PRP'PRP",
"id": "P335210.ls00001",
"xlink_type": "extended",
"xlink_role": "psu",
"sig": "{ina[in]PRP libbu[interior]N += ina libbi[in//(in exchange) for]PRP'PRP}::@saao%akk-x-neoass:ina=ina[in//into]PRP'PRP$ina++@saao%akk-x-neoass:ŠA₃=libbu[interior//interior]N'N$libbi",
"links": [
{
"type": "link",
"xlink_title": "ina",
"xlink_type": "locator",
"xlink_href": "#P335210.l01d6e",
"xlink_role": "elt"}
,
{
"type": "link",
"xlink_title": "libbi",
"xlink_type": "locator",
"xlink_href": "#P335210.l01d6f",
"xlink_role": "elt"}
]}
,
{
"type": "linkset",
"xlink_title": "ina urkiš[in the future//in the future]AV'AV",
"id": "P335210.ls00002",
"xlink_type": "extended",
"xlink_role": "psu",
"sig": "{ina[in]PRP urkiš[later]AV += ina urkiš[in the future//in the future]AV'AV}::@saao%akk-x-neoass:ina=ina[in//into]PRP'PRP$ina++@saao%akk-x-neoass:ur-kiš=urkiš[later//later]AV'AV$urkiš",
"links": [
{
"type": "link",
"xlink_title": "ina",
"xlink_type": "locator",
"xlink_href": "#P335210.l01d81",
"xlink_role": "elt"}
,
{
"type": "link",
"xlink_title": "urkiš",
"xlink_type": "locator",
"xlink_href": "#P335210.l01d82",
"xlink_role": "elt"}
]}
,
{
"type": "linkset",
"xlink_title": "ina matīma[whenever//whenever]XP'XP",
"id": "P335210.ls00003",
"xlink_type": "extended",
"xlink_role": "psu",
"sig": "{ina[in]PRP matīma[ever]AV += ina matīma[whenever//whenever]XP'XP}::@saao%akk-x-neoass:ina=ina[in//into]PRP'PRP$ina++@saao%akk-x-neoass:ma-te-e-ma=matīma[ever//ever]AV'AV$matēma",
"links": [
{
"type": "link",
"xlink_title": "ina",
"xlink_type": "locator",
"xlink_href": "#P335210.l01d83",
"xlink_role": "elt"}
,
{
"type": "link",
"xlink_title": "matīma",
"xlink_type": "locator",
"xlink_href": "#P335210.l01d84",
"xlink_role": "elt"}
]}
,
{
"type": "linkset",
"xlink_title": "mār māri[grandson//grandson]N'N",
"id": "P335210.ls00004",
"xlink_type": "extended",
"xlink_role": "psu",
"sig": "{māru[son]N māru[son]N += mār māri[grandson//grandson]N'N}::@saao%akk-x-neoass:DUMU-DUMU-MEŠ-šu₂=māru[son//son]N'N$mār++@saao%akk-x-neoass:DUMU-DUMU-MEŠ-šu₂=māru[son//son]N'N$marʾēšu",
"links": [
{
"type": "link",
"xlink_title": "māru",
"xlink_type": "locator",
"xlink_href": "#P335210.l01d8b",
"xlink_role": "elt"}
,
{
"type": "link",
"xlink_title": "māru",
"xlink_type": "locator",
"xlink_href": "#P335210.l01d8c",
"xlink_role": "elt"}
]}
,
{
"type": "linkset",
"xlink_title": "mār ahi[nephew//nephew]N'N",
"id": "P335210.ls00005",
"xlink_type": "extended",
"xlink_role": "psu",
"sig": "{māru[son]N ahu[brother]N += mār ahi[nephew//nephew]N'N}::@saao%akk-x-neoass:DUMU-ŠEŠ-MEŠ-šu₂=māru[son//son]N'N$mār++@saao%akk-x-neoass:DUMU-ŠEŠ-MEŠ-šu₂=ahu[brother//brother]N'N$ahhēšu",
"links": [
{
"type": "link",
"xlink_title": "māru",
"xlink_type": "locator",
"xlink_href": "#P335210.l01d90",
"xlink_role": "elt"}
,
{
"type": "link",
"xlink_title": "ahu",
"xlink_type": "locator",
"xlink_href": "#P335210.l01d91",
"xlink_role": "elt"}
]}
,
{
"type": "linkset",
"xlink_title": "mār māri[grandson//grandson]N'N",
"id": "P335210.ls00006",
"xlink_type": "extended",
"xlink_role": "psu",
"sig": "{māru[son]N māru[son]N += mār māri[grandson//grandson]N'N}::@saao%akk-x-neoass:DUMU-DUMU-MEŠ-šu₂=māru[son//son]N'N$mār++@saao%akk-x-neoass:DUMU-DUMU-MEŠ-šu₂=māru[son//son]N'N$marʾēšu",
"links": [
{
"type": "link",
"xlink_title": "māru",
"xlink_type": "locator",
"xlink_href": "#P335210.l01d96",
"xlink_role": "elt"}
,
{
"type": "link",
"xlink_title": "māru",
"xlink_type": "locator",
"xlink_href": "#P335210.l01d97",
"xlink_role": "elt"}
]}
,
{
"type": "linkset",
"xlink_title": "ana ešriāti[tenfold//tenfold]AV'AV",
"id": "P335210.ls00007",
"xlink_type": "extended",
"xlink_role": "psu",
"sig": "{ana[to]PRP ešriātu[tenfold]AV += ana ešriāti[tenfold//tenfold]AV'AV}::@saao%akk-x-neoass:a-na=ana[to//to]PRP'PRP$ana++@saao%akk-x-neoass:10-MEŠ-te=ešriātu[tenfold//tenfold]AV'AV$ešrāte",
"links": [
{
"type": "link",
"xlink_title": "ana",
"xlink_type": "locator",
"xlink_href": "#P335210.l01db7",
"xlink_role": "elt"}
,
{
"type": "link",
"xlink_title": "ešriātu",
"xlink_type": "locator",
"xlink_href": "#P335210.l01db8",
"xlink_role": "elt"}
]}
]}
]}
