{
"type": "cdl",
  "source": "http://oracc.org/saao/saa06",
  "license": "This data is released under the CC0 license",
  "license-url": "https://creativecommons.org/publicdomain/zero/1.0/",
  "more-info": "http://oracc.org/doc/opendata/",
  "UTC-timestamp": "2017-05-19T11:31:26",
"project": "saao/saa06",
"textid": "P335437",
"cdl": [
{
"node": "c",
"type": "text",
"id": "P335437.U0",
"cdl": [
{
"node": "d",
"type": "object",
"ref": ""}
,
{
"node": "d",
"subtype": "obverse",
"type": "surface",
"ref": "P335437.o.1",
"type": "obverse",
"label": "o"}
,
{
"node": "c",
"type": "discourse",
"subtype": "body",
"id": "P335437.U1",
"cdl": [
{
"node": "c",
"type": "sentence",
"id": "P335437.U2",
"label": "o 1 - e. 1",
"cdl": [
{
"node": "d",
"type": "line-start",
"ref": "P335437.2",
"n": "1",
"label": "o 1"}
,
{
"node": "l",
"frag": "{na₄}KIŠIB",
"id": "P335437.l05ddc",
"ref": "P335437.2.1",
"inst": "kunuk[seal]N",
"sig": "@saao/saa06%akk-x-neoass:{NA₄}KIŠIB=kunukku[seal//seal]N'N$kunuk",
"f": {"lang": "akk-x-neoass",
"form": "{NA₄}KIŠIB",
"cf": "kunukku",
"gw": "seal",
"sense": "seal",
"norm": "kunuk",
"pos": "N",
"epos": "N"}
}
,
{
"node": "l",
"frag": "{1}SUHUŠ-{d}[x",
"id": "P335437.l05ddd",
"ref": "P335437.2.2",
"inst": "u",
"f": {"lang": "akk-x-neoass",
"form": "{1}SUHUŠ-{d}x",
"pos": "u"}
}
,
{
"node": "l",
"frag": "x",
"id": "P335437.l05dde",
"ref": "P335437.2.3",
"inst": "u",
"f": {"lang": "akk-x-neoass",
"form": "x",
"pos": "u"}
}
,
{
"node": "l",
"frag": "x]",
"id": "P335437.l05ddf",
"ref": "P335437.2.4",
"inst": "u",
"f": {"lang": "akk-x-neoass",
"form": "x",
"pos": "u"}
}
,
{
"node": "d",
"type": "line-start",
"ref": "P335437.3",
"n": "2",
"label": "o 2"}
,
{
"node": "c",
"type": "phrase",
"tag": "phr",
"id": "P335437.U4",
"ref": "P335437.ls00000",
"cdl": [
{
"node": "l",
"frag": "EN-URU",
"id": "P335437.l05de0",
"ref": "P335437.3.1",
"cof-tails": "P335437.l05de1",
"inst": "bēlu[lord]N$bēl&ālu[city]N$āli",
"exosig": "@saao/saa06%akk-x-neoass:EN-URU=bēlu[lord//lord]N'N$bēl&&@saao%akk-x-neoass:=ālu[city//city]N'N$āli",
"f": {"lang": "akk-x-neoass",
"form": "EN-URU",
"cf": "bēlu",
"gw": "lord",
"sense": "lord",
"norm": "bēl",
"pos": "N",
"epos": "N"}
}
,
{
"node": "l",
"frag": "EN-URU",
"id": "P335437.l05de1",
"ref": "P335437.3.1",
"cof-head": "P335437.l05de0",
"inst": "bēlu[lord]N$bēl&ālu[city]N$āli",
"tail-sig": "@saao%akk-x-neoass:=ālu[city//city]N'N$āli",
"f": {"lang": "akk-x-neoass",
"form": "EN-URU",
"cf": "ālu",
"gw": "city",
"sense": "city",
"norm": "āli",
"pos": "N",
"epos": "N"}
}
]}
,
{
"node": "l",
"frag": "{uru}ša₂-di-kan-ni",
"id": "P335437.l05de2",
"ref": "P335437.3.2",
"inst": "Šadikanni[1]GN$",
"exosig": "@saao/saa06%akk-x-neoass:{URU}ša₂-di-kan-ni=Šadikanni[1//1]GN'GN$Šadikanni",
"f": {"lang": "akk-x-neoass",
"form": "{URU}ša₂-di-kan-ni",
"cf": "Šadikanni",
"gw": "1",
"sense": "1",
"norm": "Šadikanni",
"pos": "GN",
"epos": "GN"}
}
,
{
"node": "l",
"frag": "EN",
"id": "P335437.l05de3",
"ref": "P335437.3.3",
"inst": "bēl[owner]N",
"exosig": "@saao/saa06%akk-x-neoass:EN=bēlu[lord//owner]N'N$bēl",
"f": {"lang": "akk-x-neoass",
"form": "EN",
"cf": "bēlu",
"gw": "lord",
"sense": "owner",
"norm": "bēl",
"pos": "N",
"epos": "N"}
}
,
{
"node": "l",
"frag": "[MI₂",
"id": "P335437.l05de4",
"ref": "P335437.3.4",
"inst": "sinništu[woman]N$issi",
"exosig": "@saao/saa06%akk-x-neoass:MI₂=sinništu[woman//woman]N'N$issi",
"f": {"lang": "akk-x-neoass",
"form": "MI₂",
"cf": "sinništu",
"gw": "woman",
"sense": "woman",
"norm": "issi",
"pos": "N",
"epos": "N"}
}
,
{
"node": "l",
"frag": "SUM-ni]",
"id": "P335437.l05de5",
"ref": "P335437.3.5",
"inst": "tadāni[giving]'N",
"exosig": "@saao/saa06%akk-x-neoass:SUM-ni=tadānu[give//giving]V'N$tadāni",
"f": {"lang": "akk-x-neoass",
"form": "SUM-ni",
"cf": "tadānu",
"gw": "give",
"sense": "giving",
"norm": "tadāni",
"pos": "V",
"epos": "N"}
}
,
{
"node": "d",
"type": "nonx",
"ref": "P335437.4",
"strict": "1",
"extent": "n",
"scope": "line",
"state": "ruling",
"flags": "!"}
,
{
"node": "d",
"type": "nonx",
"ref": "P335437.5",
"strict": "0",
"extent": "1",
"scope": "impression",
"state": "other"}
,
{
"node": "d",
"type": "nonx",
"ref": "P335437.6",
"strict": "1",
"extent": "n",
"scope": "line",
"state": "ruling",
"flags": "!"}
,
{
"node": "d",
"type": "line-start",
"ref": "P335437.7",
"n": "3",
"label": "o 3"}
,
{
"node": "l",
"frag": "{mi₂}ra-ma-a-[ia-a",
"id": "P335437.l05de6",
"ref": "P335437.7.1",
"inst": "Rama-Ya[1]PN$",
"exosig": "@saao/saa06%akk-x-neoass:{MI₂}ra-ma-a-ia-a=Rama-Ya[1//1]PN'PN$Rama-Ya",
"f": {"lang": "akk-x-neoass",
"form": "{MI₂}ra-ma-a-ia-a",
"cf": "Rama-Ya",
"gw": "1",
"sense": "1",
"norm": "Rama-Ya",
"pos": "PN",
"epos": "PN"}
}
,
{
"node": "l",
"frag": "GEME₂-šu₂]",
"id": "P335437.l05de7",
"ref": "P335437.7.2",
"inst": "amtīšu[maid]N",
"exosig": "@saao/saa06%akk-x-neoass:GEME₂-šu₂=amtu[maid//maid]N'N$amtīšu",
"f": {"lang": "akk-x-neoass",
"form": "GEME₂-šu₂",
"cf": "amtu",
"gw": "maid",
"sense": "maid",
"norm": "amtīšu",
"pos": "N",
"epos": "N"}
}
,
{
"node": "d",
"type": "line-start",
"ref": "P335437.8",
"n": "4",
"label": "o 4"}
,
{
"node": "l",
"frag": "ša₂",
"id": "P335437.l05de8",
"ref": "P335437.8.1",
"inst": "ša[of]DET",
"exosig": "@saao/saa06%akk-x-neoass:ša₂=ša[of//of]DET'DET$ša",
"f": {"lang": "akk-x-neoass",
"form": "ša₂",
"cf": "ša",
"gw": "of",
"sense": "of",
"norm": "ša",
"pos": "DET",
"epos": "DET"}
}
,
{
"node": "l",
"frag": "{1}SUHUŠ-{[d}x",
"id": "P335437.l05de9",
"ref": "P335437.8.2",
"inst": "u",
"f": {"lang": "akk-x-neoass",
"form": "{1}SUHUŠ-{d}x",
"pos": "u"}
}
,
{
"node": "l",
"frag": "x",
"id": "P335437.l05dea",
"ref": "P335437.8.3",
"inst": "u",
"f": {"lang": "akk-x-neoass",
"form": "x",
"pos": "u"}
}
,
{
"node": "l",
"frag": "x",
"id": "P335437.l05deb",
"ref": "P335437.8.4",
"inst": "u",
"f": {"lang": "akk-x-neoass",
"form": "x",
"pos": "u"}
}
,
{
"node": "l",
"frag": "x",
"id": "P335437.l05dec",
"ref": "P335437.8.5",
"inst": "u",
"f": {"lang": "akk-x-neoass",
"form": "x",
"pos": "u"}
}
,
{
"node": "l",
"frag": "x]",
"id": "P335437.l05ded",
"ref": "P335437.8.6",
"inst": "u",
"f": {"lang": "akk-x-neoass",
"form": "x",
"pos": "u"}
}
,
{
"node": "d",
"type": "line-start",
"ref": "P335437.9",
"n": "5",
"label": "o 5"}
,
{
"node": "l",
"frag": "u₂-piš-⸢ma⸣",
"id": "P335437.l05dee",
"ref": "P335437.9.1",
"inst": "uppišma[contract]V",
"exosig": "@saao/saa06%akk-x-neoass:u₂-piš-ma=epēšu[do//contract]V'V$uppišma",
"f": {"lang": "akk-x-neoass",
"form": "u₂-piš-ma",
"cf": "epēšu",
"gw": "do",
"sense": "contract",
"norm": "uppišma",
"pos": "V",
"epos": "V"}
}
,
{
"node": "l",
"frag": "{1}10--ka-pa-ra]",
"id": "P335437.l05def",
"ref": "P335437.9.2",
"inst": "Adda-kabar[1]PN$",
"exosig": "@saao/saa06%akk-x-neoass:{1}10-ka-pa-ra=Adda-kabar[1//1]PN'PN$Adda-kabar",
"f": {"lang": "akk-x-neoass",
"form": "{1}10-ka-pa-ra",
"cf": "Adda-kabar",
"gw": "1",
"sense": "1",
"norm": "Adda-kabar",
"pos": "PN",
"epos": "PN"}
}
,
{
"node": "d",
"type": "line-start",
"ref": "P335437.10",
"n": "6",
"label": "o 6"}
,
{
"node": "c",
"type": "phrase",
"tag": "phr",
"id": "P335437.U5",
"ref": "P335437.ls00001",
"cdl": [
{
"node": "l",
"frag": "ina",
"id": "P335437.l05df0",
"ref": "P335437.10.1",
"inst": "ina[in+=for]PRP",
"exosig": "@saao/saa06%akk-x-neoass:ina=ina[in//in]PRP'PRP$ina",
"f": {"lang": "akk-x-neoass",
"form": "ina",
"cf": "ina",
"gw": "in",
"sense": "in",
"norm": "ina",
"pos": "PRP",
"epos": "PRP"}
}
,
{
"node": "l",
"frag": "ŠA₃-bi",
"id": "P335437.l05df1",
"ref": "P335437.10.2",
"inst": "libbi[interior]N",
"exosig": "@saao/saa06%akk-x-neoass:ŠA₃-bi=libbu[interior//interior]N'N$libbi",
"f": {"lang": "akk-x-neoass",
"form": "ŠA₃-bi",
"cf": "libbu",
"gw": "interior",
"sense": "interior",
"norm": "libbi",
"pos": "N",
"epos": "N"}
}
]}
,
{
"node": "l",
"frag": "50",
"id": "P335437.l05df2",
"ref": "P335437.10.3",
"inst": "n",
"f": {"lang": "akk-x-neoass",
"form": "50",
"pos": "n"}
}
,
{
"node": "l",
"frag": "[GIN₂-MEŠ",
"id": "P335437.l05df3",
"ref": "P335437.10.4",
"inst": "šiqlī[a unit of weight]N",
"exosig": "@saao/saa06%akk-x-neoass:GIN₂-MEŠ=šiqlu[unit//a unit of weight]N'N$šiqlī",
"f": {"lang": "akk-x-neoass",
"form": "GIN₂-MEŠ",
"cf": "šiqlu",
"gw": "unit",
"sense": "a unit of weight",
"norm": "šiqlī",
"pos": "N",
"epos": "N"}
}
,
{
"node": "l",
"frag": "KUG.UD",
"id": "P335437.l05df4",
"ref": "P335437.10.5",
"inst": "ṣarpi[silver]N",
"exosig": "@saao/saa06%akk-x-neoass:KUG.UD=ṣarpu[silver//silver]N'N$ṣarpi",
"f": {"lang": "akk-x-neoass",
"form": "KUG.UD",
"cf": "ṣarpu",
"gw": "silver",
"sense": "silver",
"norm": "ṣarpi",
"pos": "N",
"epos": "N"}
}
,
{
"node": "l",
"frag": "TI]",
"id": "P335437.l05df5",
"ref": "P335437.10.6",
"inst": "ilaqqi[succeed]V",
"exosig": "@saao/saa06%akk-x-neoass:TI=leqû[take//succeed]V'V$ilaqqi",
"f": {"lang": "akk-x-neoass",
"form": "TI",
"cf": "leqû",
"gw": "take",
"sense": "succeed",
"norm": "ilaqqi",
"pos": "V",
"epos": "V"}
}
,
{
"node": "d",
"type": "line-start",
"ref": "P335437.11",
"n": "7",
"label": "o 7"}
,
{
"node": "l",
"frag": "kas-pu",
"id": "P335437.l05df6",
"ref": "P335437.11.1",
"inst": "kaspu[money]N",
"exosig": "@saao/saa06%akk-x-neoass:kas-pu=kaspu[silver//money]N'N$kaspu",
"f": {"lang": "akk-x-neoass",
"form": "kas-pu",
"cf": "kaspu",
"gw": "silver",
"sense": "money",
"norm": "kaspu",
"pos": "N",
"epos": "N"}
}
,
{
"node": "l",
"frag": "ga-[mur",
"id": "P335437.l05df7",
"ref": "P335437.11.2",
"inst": "gammur[completed]AJ",
"exosig": "@saao/saa06%akk-x-neoass:ga-mur=gammuru[finished//completed]AJ'AJ$gammur",
"f": {"lang": "akk-x-neoass",
"form": "ga-mur",
"cf": "gammuru",
"gw": "finished",
"sense": "completed",
"norm": "gammur",
"pos": "AJ",
"epos": "AJ"}
}
,
{
"node": "l",
"frag": "ta-din]",
"id": "P335437.l05df8",
"ref": "P335437.11.3",
"inst": "tadin[paid]AJ",
"exosig": "@saao/saa06%akk-x-neoass:ta-din=tadnu[given//paid]AJ'AJ$tadin",
"f": {"lang": "akk-x-neoass",
"form": "ta-din",
"cf": "tadnu",
"gw": "given",
"sense": "paid",
"norm": "tadin",
"pos": "AJ",
"epos": "AJ"}
}
,
{
"node": "d",
"type": "line-start",
"ref": "P335437.12",
"n": "8",
"label": "o 8"}
,
{
"node": "l",
"frag": "⸢GEME₂⸣",
"id": "P335437.l05df9",
"ref": "P335437.12.1",
"inst": "amti[maid]N",
"exosig": "@saao/saa06%akk-x-neoass:GEME₂=amtu[maid//maid]N'N$amti",
"f": {"lang": "akk-x-neoass",
"form": "GEME₂",
"cf": "amtu",
"gw": "maid",
"sense": "maid",
"norm": "amti",
"pos": "N",
"epos": "N"}
}
,
{
"node": "l",
"frag": "šu-a-[te",
"id": "P335437.l05dfa",
"ref": "P335437.12.2",
"inst": "šuāte[that]'DP",
"exosig": "@saao/saa06%akk-x-neoass:šu-a-te=šuāti[him//that]IP'DP$šuāte",
"f": {"lang": "akk-x-neoass",
"form": "šu-a-te",
"cf": "šuāti",
"gw": "him",
"sense": "that",
"norm": "šuāte",
"pos": "IP",
"epos": "DP"}
}
,
{
"node": "l",
"frag": "za-ar₂-pat]",
"id": "P335437.l05dfb",
"ref": "P335437.12.3",
"inst": "zarpu[purchased]AJ$zarpat",
"exosig": "@saao/saa06%akk-x-neoass:za-ar₂-pat=zarpu[purchased//purchased]AJ'AJ$zarpat",
"f": {"lang": "akk-x-neoass",
"form": "za-ar₂-pat",
"cf": "zarpu",
"gw": "purchased",
"sense": "purchased",
"norm": "zarpat",
"pos": "AJ",
"epos": "AJ"}
}
,
{
"node": "d",
"type": "line-start",
"ref": "P335437.13",
"n": "9",
"label": "o 9"}
,
{
"node": "l",
"frag": "[x",
"id": "P335437.l05dfc",
"ref": "P335437.13.1",
"inst": "u",
"f": {"lang": "akk-x-neoass",
"form": "x",
"pos": "u"}
}
,
{
"node": "l",
"frag": "x",
"id": "P335437.l05dfd",
"ref": "P335437.13.2",
"inst": "u",
"f": {"lang": "akk-x-neoass",
"form": "x",
"pos": "u"}
}
,
{
"node": "l",
"frag": "x]",
"id": "P335437.l05dfe",
"ref": "P335437.13.3",
"inst": "u",
"f": {"lang": "akk-x-neoass",
"form": "x",
"pos": "u"}
}
,
{
"node": "l",
"frag": "x",
"id": "P335437.l05dff",
"ref": "P335437.13.4",
"inst": "u",
"f": {"lang": "akk-x-neoass",
"form": "x",
"pos": "u"}
}
,
{
"node": "l",
"frag": "[x",
"id": "P335437.l05e00",
"ref": "P335437.13.5",
"inst": "u",
"f": {"lang": "akk-x-neoass",
"form": "x",
"pos": "u"}
}
,
{
"node": "l",
"frag": "x",
"id": "P335437.l05e01",
"ref": "P335437.13.6",
"inst": "u",
"f": {"lang": "akk-x-neoass",
"form": "x",
"pos": "u"}
}
,
{
"node": "l",
"frag": "x",
"id": "P335437.l05e02",
"ref": "P335437.13.7",
"inst": "u",
"f": {"lang": "akk-x-neoass",
"form": "x",
"pos": "u"}
}
,
{
"node": "l",
"frag": "x",
"id": "P335437.l05e03",
"ref": "P335437.13.8",
"inst": "u",
"f": {"lang": "akk-x-neoass",
"form": "x",
"pos": "u"}
}
,
{
"node": "l",
"frag": "x",
"id": "P335437.l05e04",
"ref": "P335437.13.9",
"inst": "u",
"f": {"lang": "akk-x-neoass",
"form": "x",
"pos": "u"}
}
,
{
"node": "l",
"frag": "x]",
"id": "P335437.l05e05",
"ref": "P335437.13.10",
"inst": "u",
"f": {"lang": "akk-x-neoass",
"form": "x",
"pos": "u"}
}
,
{
"node": "d",
"type": "nonx",
"ref": "P335437.14",
"strict": "0",
"extent": "rest",
"state": "missing"}
,
{
"node": "d",
"subtype": "reverse",
"type": "surface",
"ref": "P335437.r.15",
"type": "reverse",
"label": "r"}
,
{
"node": "d",
"type": "nonx",
"ref": "P335437.16",
"strict": "0",
"extent": "beginning",
"state": "missing"}
,
{
"node": "d",
"type": "line-start",
"ref": "P335437.17",
"n": "1'",
"label": "r 1'"}
,
{
"node": "l",
"frag": "⸢IGI",
"id": "P335437.l05e06",
"ref": "P335437.17.1",
"inst": "šību[witness]N",
"exosig": "@saao/saa06%akk-x-neoass:IGI=šību[witness//witness]N'N$šību",
"f": {"lang": "akk-x-neoass",
"form": "IGI",
"cf": "šību",
"gw": "witness",
"sense": "witness",
"norm": "šību",
"pos": "N",
"epos": "N"}
}
,
{
"node": "l",
"frag": "{1}li-pu⸣-[šu",
"id": "P335437.l05e07",
"ref": "P335437.17.2",
"inst": "Libušu[1]PN$",
"exosig": "@saao/saa06%akk-x-neoass:{1}li-pu-šu=Libušu[1//1]PN'PN$Libušu",
"f": {"lang": "akk-x-neoass",
"form": "{1}li-pu-šu",
"cf": "Libušu",
"gw": "1",
"sense": "1",
"norm": "Libušu",
"pos": "PN",
"epos": "PN"}
}
,
{
"node": "l",
"frag": "x",
"id": "P335437.l05e08",
"ref": "P335437.17.3",
"inst": "u",
"f": {"lang": "akk-x-neoass",
"form": "x",
"pos": "u"}
}
,
{
"node": "l",
"frag": "x",
"id": "P335437.l05e09",
"ref": "P335437.17.4",
"inst": "u",
"f": {"lang": "akk-x-neoass",
"form": "x",
"pos": "u"}
}
,
{
"node": "l",
"frag": "x",
"id": "P335437.l05e0a",
"ref": "P335437.17.5",
"inst": "u",
"f": {"lang": "akk-x-neoass",
"form": "x",
"pos": "u"}
}
,
{
"node": "l",
"frag": "x]",
"id": "P335437.l05e0b",
"ref": "P335437.17.6",
"inst": "u",
"f": {"lang": "akk-x-neoass",
"form": "x",
"pos": "u"}
}
,
{
"node": "d",
"type": "line-start",
"ref": "P335437.18",
"n": "2'",
"label": "r 2'"}
,
{
"node": "l",
"frag": "IGI",
"id": "P335437.l05e0c",
"ref": "P335437.18.1",
"inst": "šību[witness]N",
"exosig": "@saao/saa06%akk-x-neoass:IGI=šību[witness//witness]N'N$šību",
"f": {"lang": "akk-x-neoass",
"form": "IGI",
"cf": "šību",
"gw": "witness",
"sense": "witness",
"norm": "šību",
"pos": "N",
"epos": "N"}
}
,
{
"node": "l",
"frag": "{1}{d}PA-[x",
"id": "P335437.l05e0d",
"ref": "P335437.18.2",
"inst": "u",
"f": {"lang": "akk-x-neoass",
"form": "{1}{d}PA-x",
"pos": "u"}
}
,
{
"node": "l",
"frag": "x",
"id": "P335437.l05e0e",
"ref": "P335437.18.3",
"inst": "u",
"f": {"lang": "akk-x-neoass",
"form": "x",
"pos": "u"}
}
,
{
"node": "l",
"frag": "x",
"id": "P335437.l05e0f",
"ref": "P335437.18.4",
"inst": "u",
"f": {"lang": "akk-x-neoass",
"form": "x",
"pos": "u"}
}
,
{
"node": "l",
"frag": "x",
"id": "P335437.l05e10",
"ref": "P335437.18.5",
"inst": "u",
"f": {"lang": "akk-x-neoass",
"form": "x",
"pos": "u"}
}
,
{
"node": "l",
"frag": "x]",
"id": "P335437.l05e11",
"ref": "P335437.18.6",
"inst": "u",
"f": {"lang": "akk-x-neoass",
"form": "x",
"pos": "u"}
}
,
{
"node": "d",
"type": "line-start",
"ref": "P335437.19",
"n": "3'",
"label": "r 3'"}
,
{
"node": "l",
"frag": "IGI",
"id": "P335437.l05e12",
"ref": "P335437.19.1",
"inst": "šību[witness]N",
"exosig": "@saao/saa06%akk-x-neoass:IGI=šību[witness//witness]N'N$šību",
"f": {"lang": "akk-x-neoass",
"form": "IGI",
"cf": "šību",
"gw": "witness",
"sense": "witness",
"norm": "šību",
"pos": "N",
"epos": "N"}
}
,
{
"node": "l",
"frag": "{1}SUHUŠ-[x",
"id": "P335437.l05e13",
"ref": "P335437.19.2",
"inst": "u",
"f": {"lang": "akk-x-neoass",
"form": "{1}SUHUŠ-x",
"pos": "u"}
}
,
{
"node": "l",
"frag": "x",
"id": "P335437.l05e14",
"ref": "P335437.19.3",
"inst": "u",
"f": {"lang": "akk-x-neoass",
"form": "x",
"pos": "u"}
}
,
{
"node": "l",
"frag": "x",
"id": "P335437.l05e15",
"ref": "P335437.19.4",
"inst": "u",
"f": {"lang": "akk-x-neoass",
"form": "x",
"pos": "u"}
}
,
{
"node": "l",
"frag": "x",
"id": "P335437.l05e16",
"ref": "P335437.19.5",
"inst": "u",
"f": {"lang": "akk-x-neoass",
"form": "x",
"pos": "u"}
}
,
{
"node": "l",
"frag": "x]",
"id": "P335437.l05e17",
"ref": "P335437.19.6",
"inst": "u",
"f": {"lang": "akk-x-neoass",
"form": "x",
"pos": "u"}
}
,
{
"node": "d",
"type": "line-start",
"ref": "P335437.20",
"n": "4'",
"label": "r 4'"}
,
{
"node": "l",
"frag": "IGI",
"id": "P335437.l05e18",
"ref": "P335437.20.1",
"inst": "šību[witness]N",
"exosig": "@saao/saa06%akk-x-neoass:IGI=šību[witness//witness]N'N$šību",
"f": {"lang": "akk-x-neoass",
"form": "IGI",
"cf": "šību",
"gw": "witness",
"sense": "witness",
"norm": "šību",
"pos": "N",
"epos": "N"}
}
,
{
"node": "l",
"frag": "{1}x",
"id": "P335437.l05e19",
"ref": "P335437.20.2",
"inst": "u",
"f": {"lang": "akk-x-neoass",
"form": "{1}x",
"pos": "u"}
}
,
{
"node": "l",
"frag": "x]",
"id": "P335437.l05e1a",
"ref": "P335437.20.3",
"inst": "u",
"f": {"lang": "akk-x-neoass",
"form": "x",
"pos": "u"}
}
,
{
"node": "l",
"frag": "⸢x⸣",
"id": "P335437.l05e1b",
"ref": "P335437.20.4",
"inst": "u",
"f": {"lang": "akk-x-neoass",
"form": "x",
"pos": "u"}
}
,
{
"node": "l",
"frag": "[x",
"id": "P335437.l05e1c",
"ref": "P335437.20.5",
"inst": "u",
"f": {"lang": "akk-x-neoass",
"form": "x",
"pos": "u"}
}
,
{
"node": "l",
"frag": "x",
"id": "P335437.l05e1d",
"ref": "P335437.20.6",
"inst": "u",
"f": {"lang": "akk-x-neoass",
"form": "x",
"pos": "u"}
}
,
{
"node": "l",
"frag": "x]",
"id": "P335437.l05e1e",
"ref": "P335437.20.7",
"inst": "u",
"f": {"lang": "akk-x-neoass",
"form": "x",
"pos": "u"}
}
,
{
"node": "d",
"type": "line-start",
"ref": "P335437.21",
"n": "5'",
"label": "r 5'"}
,
{
"node": "l",
"frag": "IGI",
"id": "P335437.l05e1f",
"ref": "P335437.21.1",
"inst": "šību[witness]N",
"exosig": "@saao/saa06%akk-x-neoass:IGI=šību[witness//witness]N'N$šību",
"f": {"lang": "akk-x-neoass",
"form": "IGI",
"cf": "šību",
"gw": "witness",
"sense": "witness",
"norm": "šību",
"pos": "N",
"epos": "N"}
}
,
{
"node": "l",
"frag": "{1}ia-bur-⸢x⸣+[x",
"id": "P335437.l05e20",
"ref": "P335437.21.2",
"inst": "u",
"f": {"lang": "akk-x-neoass",
"form": "{1}ia-bur-x+x",
"pos": "u"}
}
,
{
"node": "l",
"frag": "x",
"id": "P335437.l05e21",
"ref": "P335437.21.3",
"inst": "u",
"f": {"lang": "akk-x-neoass",
"form": "x",
"pos": "u"}
}
,
{
"node": "l",
"frag": "x",
"id": "P335437.l05e22",
"ref": "P335437.21.4",
"inst": "u",
"f": {"lang": "akk-x-neoass",
"form": "x",
"pos": "u"}
}
,
{
"node": "l",
"frag": "x",
"id": "P335437.l05e23",
"ref": "P335437.21.5",
"inst": "u",
"f": {"lang": "akk-x-neoass",
"form": "x",
"pos": "u"}
}
,
{
"node": "l",
"frag": "x]",
"id": "P335437.l05e24",
"ref": "P335437.21.6",
"inst": "u",
"f": {"lang": "akk-x-neoass",
"form": "x",
"pos": "u"}
}
,
{
"node": "d",
"type": "line-start",
"ref": "P335437.22",
"n": "6'",
"label": "r 6'"}
,
{
"node": "l",
"frag": "⸢IGI",
"id": "P335437.l05e25",
"ref": "P335437.22.1",
"inst": "šību[witness]N",
"exosig": "@saao/saa06%akk-x-neoass:IGI=šību[witness//witness]N'N$šību",
"f": {"lang": "akk-x-neoass",
"form": "IGI",
"cf": "šību",
"gw": "witness",
"sense": "witness",
"norm": "šību",
"pos": "N",
"epos": "N"}
}
,
{
"node": "l",
"frag": "{1}{d}PA-GIŠ",
"id": "P335437.l05e26",
"ref": "P335437.22.2",
"inst": "Nabu-lešir[1]PN$",
"exosig": "@saao/saa06%akk-x-neoass:{1}{d}PA-GIŠ=Nabu-lešir[1//1]PN'PN$Nabu-lešir",
"f": {"lang": "akk-x-neoass",
"form": "{1}{d}PA-GIŠ",
"cf": "Nabu-lešir",
"gw": "1",
"sense": "1",
"norm": "Nabu-lešir",
"pos": "PN",
"epos": "PN"}
}
,
{
"node": "l",
"frag": "{[lu₂v}x",
"id": "P335437.l05e27",
"ref": "P335437.22.3",
"inst": "u",
"f": {"lang": "akk-x-neoass",
"form": "{LU₂}x",
"pos": "u"}
}
,
{
"node": "l",
"frag": "x",
"id": "P335437.l05e28",
"ref": "P335437.22.4",
"inst": "u",
"f": {"lang": "akk-x-neoass",
"form": "x",
"pos": "u"}
}
,
{
"node": "l",
"frag": "x",
"id": "P335437.l05e29",
"ref": "P335437.22.5",
"inst": "u",
"f": {"lang": "akk-x-neoass",
"form": "x",
"pos": "u"}
}
,
{
"node": "l",
"frag": "x",
"id": "P335437.l05e2a",
"ref": "P335437.22.6",
"inst": "u",
"f": {"lang": "akk-x-neoass",
"form": "x",
"pos": "u"}
}
,
{
"node": "l",
"frag": "x]",
"id": "P335437.l05e2b",
"ref": "P335437.22.7",
"inst": "u",
"f": {"lang": "akk-x-neoass",
"form": "x",
"pos": "u"}
}
,
{
"node": "d",
"type": "line-start",
"ref": "P335437.23",
"n": "7'",
"label": "r 7'"}
,
{
"node": "l",
"frag": "IGI",
"id": "P335437.l05e2c",
"ref": "P335437.23.1",
"inst": "šību[witness]N",
"exosig": "@saao/saa06%akk-x-neoass:IGI=šību[witness//witness]N'N$šību",
"f": {"lang": "akk-x-neoass",
"form": "IGI",
"cf": "šību",
"gw": "witness",
"sense": "witness",
"norm": "šību",
"pos": "N",
"epos": "N"}
}
,
{
"node": "l",
"frag": "{1}gi-mil-[lu",
"id": "P335437.l05e2d",
"ref": "P335437.23.2",
"inst": "Gimillu[1]PN$",
"exosig": "@saao/saa06%akk-x-neoass:{1}gi-mil-lu=Gimillu[1//1]PN'PN$Gimillu",
"f": {"lang": "akk-x-neoass",
"form": "{1}gi-mil-lu",
"cf": "Gimillu",
"gw": "1",
"sense": "1",
"norm": "Gimillu",
"pos": "PN",
"epos": "PN"}
}
,
{
"node": "l",
"frag": "x",
"id": "P335437.l05e2e",
"ref": "P335437.23.3",
"inst": "u",
"f": {"lang": "akk-x-neoass",
"form": "x",
"pos": "u"}
}
,
{
"node": "l",
"frag": "x",
"id": "P335437.l05e2f",
"ref": "P335437.23.4",
"inst": "u",
"f": {"lang": "akk-x-neoass",
"form": "x",
"pos": "u"}
}
,
{
"node": "l",
"frag": "x",
"id": "P335437.l05e30",
"ref": "P335437.23.5",
"inst": "u",
"f": {"lang": "akk-x-neoass",
"form": "x",
"pos": "u"}
}
,
{
"node": "l",
"frag": "x]",
"id": "P335437.l05e31",
"ref": "P335437.23.6",
"inst": "u",
"f": {"lang": "akk-x-neoass",
"form": "x",
"pos": "u"}
}
,
{
"node": "d",
"type": "line-start",
"ref": "P335437.24",
"n": "8'",
"label": "r 8'"}
,
{
"node": "l",
"frag": "IGI",
"id": "P335437.l05e32",
"ref": "P335437.24.1",
"inst": "šību[witness]N",
"exosig": "@saao/saa06%akk-x-neoass:IGI=šību[witness//witness]N'N$šību",
"f": {"lang": "akk-x-neoass",
"form": "IGI",
"cf": "šību",
"gw": "witness",
"sense": "witness",
"norm": "šību",
"pos": "N",
"epos": "N"}
}
,
{
"node": "l",
"frag": "{1}ARAD-{d}AG",
"id": "P335437.l05e33",
"ref": "P335437.24.2",
"inst": "Urdu-Nabu[1]PN",
"exosig": "@saao/saa06%akk-x-neoass:{1}ARAD-{d}AG=Urdu-Nabu[1//1]PN'PN$Urdu-Nabu",
"f": {"lang": "akk-x-neoass",
"form": "{1}ARAD-{d}AG",
"cf": "Urdu-Nabu",
"gw": "1",
"sense": "1",
"norm": "Urdu-Nabu",
"pos": "PN",
"epos": "PN"}
}
,
{
"node": "l",
"frag": "{⸢lu₂v⸣}[x",
"id": "P335437.l05e34",
"ref": "P335437.24.3",
"inst": "u",
"f": {"lang": "akk-x-neoass",
"form": "{LU₂}x",
"pos": "u"}
}
,
{
"node": "l",
"frag": "x",
"id": "P335437.l05e35",
"ref": "P335437.24.4",
"inst": "u",
"f": {"lang": "akk-x-neoass",
"form": "x",
"pos": "u"}
}
,
{
"node": "l",
"frag": "x]",
"id": "P335437.l05e36",
"ref": "P335437.24.5",
"inst": "u",
"f": {"lang": "akk-x-neoass",
"form": "x",
"pos": "u"}
}
,
{
"node": "d",
"type": "line-start",
"ref": "P335437.25",
"n": "9'",
"label": "r 9'"}
,
{
"node": "l",
"frag": "IGI",
"id": "P335437.l05e37",
"ref": "P335437.25.1",
"inst": "šību[witness]N",
"exosig": "@saao/saa06%akk-x-neoass:IGI=šību[witness//witness]N'N$šību",
"f": {"lang": "akk-x-neoass",
"form": "IGI",
"cf": "šību",
"gw": "witness",
"sense": "witness",
"norm": "šību",
"pos": "N",
"epos": "N"}
}
,
{
"node": "l",
"frag": "{1}ha-na-na",
"id": "P335437.l05e38",
"ref": "P335437.25.2",
"inst": "Hanana[1]PN$",
"exosig": "@saao/saa06%akk-x-neoass:{1}ha-na-na=Hanana[1//1]PN'PN$Hanana",
"f": {"lang": "akk-x-neoass",
"form": "{1}ha-na-na",
"cf": "Hanana",
"gw": "1",
"sense": "1",
"norm": "Hanana",
"pos": "PN",
"epos": "PN"}
}
,
{
"node": "d",
"type": "nonw",
"ref": ""}
,
{
"node": "l",
"frag": "[x",
"id": "P335437.l05e39",
"ref": "P335437.25.3",
"inst": "u",
"f": {"lang": "akk-x-neoass",
"form": "x",
"pos": "u"}
}
,
{
"node": "l",
"frag": "x",
"id": "P335437.l05e3a",
"ref": "P335437.25.4",
"inst": "u",
"f": {"lang": "akk-x-neoass",
"form": "x",
"pos": "u"}
}
,
{
"node": "l",
"frag": "x]",
"id": "P335437.l05e3b",
"ref": "P335437.25.5",
"inst": "u",
"f": {"lang": "akk-x-neoass",
"form": "x",
"pos": "u"}
}
,
{
"node": "d",
"type": "line-start",
"ref": "P335437.26",
"n": "10'",
"label": "r 10'"}
,
{
"node": "l",
"frag": "IGI",
"id": "P335437.l05e3c",
"ref": "P335437.26.1",
"inst": "šību[witness]N",
"exosig": "@saao/saa06%akk-x-neoass:IGI=šību[witness//witness]N'N$šību",
"f": {"lang": "akk-x-neoass",
"form": "IGI",
"cf": "šību",
"gw": "witness",
"sense": "witness",
"norm": "šību",
"pos": "N",
"epos": "N"}
}
,
{
"node": "l",
"frag": "{1}{d}PA-MU-AŠ",
"id": "P335437.l05e3d",
"ref": "P335437.26.2",
"inst": "Nabu-šumu-iddina[1]PN",
"exosig": "@saao/saa06%akk-x-neoass:{1}{d}PA-MU-AŠ=Nabu-šumu-iddina[1//1]PN'PN$Nabu-šumu-iddina",
"f": {"lang": "akk-x-neoass",
"form": "{1}{d}PA-MU-AŠ",
"cf": "Nabu-šumu-iddina",
"gw": "1",
"sense": "1",
"norm": "Nabu-šumu-iddina",
"pos": "PN",
"epos": "PN"}
}
,
{
"node": "l",
"frag": "DUMU",
"id": "P335437.l05e3e",
"ref": "P335437.26.3",
"inst": "mār[son]N",
"exosig": "@saao/saa06%akk-x-neoass:DUMU=māru[son//son]N'N$mār",
"f": {"lang": "akk-x-neoass",
"form": "DUMU",
"cf": "māru",
"gw": "son",
"sense": "son",
"norm": "mār",
"pos": "N",
"epos": "N"}
}
,
{
"node": "l",
"frag": "{1}⸢im⸣-[x",
"id": "P335437.l05e3f",
"ref": "P335437.26.4",
"inst": "u",
"f": {"lang": "akk-x-neoass",
"form": "{1}im-x",
"pos": "u"}
}
,
{
"node": "l",
"frag": "x",
"id": "P335437.l05e40",
"ref": "P335437.26.5",
"inst": "u",
"f": {"lang": "akk-x-neoass",
"form": "x",
"pos": "u"}
}
,
{
"node": "l",
"frag": "x]",
"id": "P335437.l05e41",
"ref": "P335437.26.6",
"inst": "u",
"f": {"lang": "akk-x-neoass",
"form": "x",
"pos": "u"}
}
,
{
"node": "d",
"type": "line-start",
"ref": "P335437.27",
"n": "11'",
"label": "r 11'"}
,
{
"node": "l",
"frag": "{iti}BARAG",
"id": "P335437.l05e42",
"ref": "P335437.27.1",
"inst": "Nisanni[Nisan]MN",
"exosig": "@saao/saa06%akk-x-neoass:{ITI}BARAG=Nisannu[Nisan//Nisan]MN'MN$Nisanni",
"f": {"lang": "akk-x-neoass",
"form": "{ITI}BARAG",
"cf": "Nisannu",
"gw": "Nisan",
"sense": "Nisan",
"norm": "Nisanni",
"pos": "MN",
"epos": "MN"}
}
,
{
"node": "l",
"frag": "lim-mu",
"id": "P335437.l05e43",
"ref": "P335437.27.2",
"inst": "limmu[eponym (of year)]N",
"exosig": "@saao/saa06%akk-x-neoass:lim-mu=līmu[eponym (of year)//eponym (of year)]N'N$limmu",
"f": {"lang": "akk-x-neoass",
"form": "lim-mu",
"cf": "līmu",
"gw": "eponym (of year)",
"sense": "eponym (of year)",
"norm": "limmu",
"pos": "N",
"epos": "N"}
}
,
{
"node": "l",
"frag": "ša",
"id": "P335437.l05e44",
"ref": "P335437.27.3",
"inst": "ša[of]DET",
"exosig": "@saao/saa06%akk-x-neoass:ša=ša[of//of]DET'DET$ša",
"f": {"lang": "akk-x-neoass",
"form": "ša",
"cf": "ša",
"gw": "of",
"sense": "of",
"norm": "ša",
"pos": "DET",
"epos": "DET"}
}
,
{
"node": "l",
"frag": "EGIR",
"id": "P335437.l05e45",
"ref": "P335437.27.4",
"inst": "arki[after]PRP$urki",
"exosig": "@saao/saa06%akk-x-neoass:EGIR=arki[after//after]PRP'PRP$urki",
"f": {"lang": "akk-x-neoass",
"form": "EGIR",
"cf": "arki",
"gw": "after",
"sense": "after",
"norm": "urki",
"pos": "PRP",
"epos": "PRP"}
}
,
{
"node": "l",
"frag": "{1}{iti}AB-⸢a⸣.[a",
"id": "P335437.l05e46",
"ref": "P335437.27.5",
"inst": "Kanunaya[1]PN",
"exosig": "@saao/saa06%akk-x-neoass:{1}{ITI}AB-a.a=Kanunayu[1//1]PN'PN$Kanunaya",
"f": {"lang": "akk-x-neoass",
"form": "{1}{ITI}AB-a.a",
"cf": "Kanunayu",
"gw": "1",
"sense": "1",
"norm": "Kanunaya",
"pos": "PN",
"epos": "PN"}
}
,
{
"node": "l",
"frag": "x",
"id": "P335437.l05e47",
"ref": "P335437.27.6",
"inst": "u",
"f": {"lang": "akk-x-neoass",
"form": "x",
"pos": "u"}
}
,
{
"node": "l",
"frag": "x]",
"id": "P335437.l05e48",
"ref": "P335437.27.7",
"inst": "u",
"f": {"lang": "akk-x-neoass",
"form": "x",
"pos": "u"}
}
,
{
"node": "d",
"subtype": "edge",
"type": "surface",
"ref": "P335437.e..28",
"type": "edge",
"label": "e."}
,
{
"node": "d",
"type": "line-start",
"ref": "P335437.29",
"n": "1",
"label": "e. 1"}
,
{
"node": "l",
"frag": "[ša₂",
"id": "P335437.l05e49",
"ref": "P335437.29.1",
"inst": "ša[of]DET",
"exosig": "@saao/saa06%akk-x-neoass:ša₂=ša[of//of]DET'DET$ša",
"f": {"lang": "akk-x-neoass",
"form": "ša₂",
"cf": "ša",
"gw": "of",
"sense": "of",
"norm": "ša",
"pos": "DET",
"epos": "DET"}
}
,
{
"node": "l",
"frag": "{mi₂}ra-ma-a]-⸢ia⸣-a",
"id": "P335437.l05e4a",
"ref": "P335437.29.2",
"inst": "Rama-Ya[1]PN$",
"exosig": "@saao/saa06%akk-x-neoass:{MI₂}ra-ma-a-ia-a=Rama-Ya[1//1]PN'PN$Rama-Ya",
"f": {"lang": "akk-x-neoass",
"form": "{MI₂}ra-ma-a-ia-a",
"cf": "Rama-Ya",
"gw": "1",
"sense": "1",
"norm": "Rama-Ya",
"pos": "PN",
"epos": "PN"}
}
,
{
"node": "l",
"frag": "ša",
"id": "P335437.l05e4b",
"ref": "P335437.29.3",
"inst": "ša[who]REL",
"exosig": "@saao/saa06%akk-x-neoass:ša=ša[that//who]REL'REL$ša",
"f": {"lang": "akk-x-neoass",
"form": "ša",
"cf": "ša",
"gw": "that",
"sense": "who",
"norm": "ša",
"pos": "REL",
"epos": "REL"}
}
,
{
"node": "l",
"frag": "a-na",
"id": "P335437.l05e4c",
"ref": "P335437.29.4",
"inst": "ana[to]PRP",
"exosig": "@saao/saa06%akk-x-neoass:a-na=ana[to//to]PRP'PRP$ana",
"f": {"lang": "akk-x-neoass",
"form": "a-na",
"cf": "ana",
"gw": "to",
"sense": "to",
"norm": "ana",
"pos": "PRP",
"epos": "PRP"}
}
,
{
"node": "l",
"frag": "{1}10--ka-pa-ra",
"id": "P335437.l05e4d",
"ref": "P335437.29.5",
"inst": "Adda-kabar[1]PN$",
"exosig": "@saao/saa06%akk-x-neoass:{1}10-ka-pa-ra=Adda-kabar[1//1]PN'PN$Adda-kabar",
"f": {"lang": "akk-x-neoass",
"form": "{1}10-ka-pa-ra",
"cf": "Adda-kabar",
"gw": "1",
"sense": "1",
"norm": "Adda-kabar",
"pos": "PN",
"epos": "PN"}
}
,
{
"node": "l",
"frag": "SUM-u-ni",
"id": "P335437.l05e4e",
"ref": "P335437.29.6",
"inst": "tadnu[given//sold]AJ$tadnūni",
"exosig": "@saao/saa06%akk-x-neoass:SUM-u-ni=tadnu[given//sold]AJ'AJ$tadnūni",
"f": {"lang": "akk-x-neoass",
"form": "SUM-u-ni",
"cf": "tadnu",
"gw": "given",
"sense": "sold",
"norm": "tadnūni",
"pos": "AJ",
"epos": "AJ"}
}
]}
]}
]}
,
{
"linkbase": [{
"type": "linkset",
"xlink_title": "bēl āli[city lord//city lord]N'N",
"id": "P335437.ls00000",
"xlink_type": "extended",
"xlink_role": "psu",
"sig": "{bēlu[lord]N ālu[city]N += bēl āli[city lord//city lord]N'N}::@saao%akk-x-neoass:{LU₂}EN-URU=bēlu[lord//lord]N'N$bēl++@saao%akk-x-neoass:{LU₂}EN-URU=ālu[city//city]N'N$āli",
"links": [
{
"type": "link",
"xlink_title": "bēlu",
"xlink_type": "locator",
"xlink_href": "#P335437.l05de0",
"xlink_role": "elt"}
,
{
"type": "link",
"xlink_title": "ālu",
"xlink_type": "locator",
"xlink_href": "#P335437.l05de1",
"xlink_role": "elt"}
]}
,
{
"type": "linkset",
"xlink_title": "ina libbi[in//(in exchange) for]PRP'PRP",
"id": "P335437.ls00001",
"xlink_type": "extended",
"xlink_role": "psu",
"sig": "{ina[in]PRP libbu[interior]N += ina libbi[in//(in exchange) for]PRP'PRP}::@saao%akk-x-neoass:ina=ina[in//into]PRP'PRP$ina++@saao%akk-x-neoass:ŠA₃-bi=libbu[interior//interior]N'N$libbi",
"links": [
{
"type": "link",
"xlink_title": "ina",
"xlink_type": "locator",
"xlink_href": "#P335437.l05df0",
"xlink_role": "elt"}
,
{
"type": "link",
"xlink_title": "libbi",
"xlink_type": "locator",
"xlink_href": "#P335437.l05df1",
"xlink_role": "elt"}
]}
]}
]}
