{
"type": "cdl",
  "source": "http://oracc.org/saao/saa06",
  "license": "This data is released under the CC0 license",
  "license-url": "https://creativecommons.org/publicdomain/zero/1.0/",
  "more-info": "http://oracc.org/doc/opendata/",
  "UTC-timestamp": "2017-05-19T11:31:14",
"project": "saao/saa06",
"textid": "P335310",
"cdl": [
{
"node": "c",
"type": "text",
"id": "P335310.U0",
"cdl": [
{
"node": "d",
"type": "object",
"ref": ""}
,
{
"node": "d",
"subtype": "obverse",
"type": "surface",
"ref": "P335310.o.1",
"type": "obverse",
"label": "o"}
,
{
"node": "c",
"type": "discourse",
"subtype": "body",
"id": "P335310.U1",
"cdl": [
{
"node": "c",
"type": "sentence",
"id": "P335310.U2",
"label": "o 1 - r.e. 9",
"cdl": [
{
"node": "d",
"type": "line-start",
"ref": "P335310.2",
"n": "1",
"label": "o 1"}
,
{
"node": "l",
"frag": "{na₄}KIŠIB",
"id": "P335310.l0657e",
"ref": "P335310.2.1",
"inst": "kunuk[seal]N",
"sig": "@saao/saa06%akk-x-neoass:{NA₄}KIŠIB=kunukku[seal//seal]N'N$kunuk",
"f": {"lang": "akk-x-neoass",
"form": "{NA₄}KIŠIB",
"cf": "kunukku",
"gw": "seal",
"sense": "seal",
"norm": "kunuk",
"pos": "N",
"epos": "N"}
}
,
{
"node": "l",
"frag": "{1}ze-e-[x",
"id": "P335310.l0657f",
"ref": "P335310.2.2",
"inst": "u",
"f": {"lang": "akk-x-neoass",
"form": "{1}ze-e-x",
"pos": "u"}
}
,
{
"node": "l",
"frag": "x",
"id": "P335310.l06580",
"ref": "P335310.2.3",
"inst": "u",
"f": {"lang": "akk-x-neoass",
"form": "x",
"pos": "u"}
}
,
{
"node": "l",
"frag": "x]",
"id": "P335310.l06581",
"ref": "P335310.2.4",
"inst": "u",
"f": {"lang": "akk-x-neoass",
"form": "x",
"pos": "u"}
}
,
{
"node": "d",
"type": "line-start",
"ref": "P335310.3",
"n": "2",
"label": "o 2"}
,
{
"node": "l",
"frag": "{lu₂}NU.{giš}SAR",
"id": "P335310.l06582",
"ref": "P335310.3.1",
"inst": "nukaribbu[gardener]N$",
"exosig": "@saao/saa06%akk-x-neoass:{LU₂}NU.{GIŠ}SAR=nukaribbu[gardener//gardener]N'N$nukaribbu",
"f": {"lang": "akk-x-neoass",
"form": "{LU₂}NU.{GIŠ}SAR",
"cf": "nukaribbu",
"gw": "gardener",
"sense": "gardener",
"norm": "nukaribbu",
"pos": "N",
"epos": "N"}
}
,
{
"node": "l",
"frag": "ARAD",
"id": "P335310.l06583",
"ref": "P335310.3.2",
"inst": "urdu[servant]N",
"exosig": "@saao/saa06%akk-x-neoass:ARAD=ardu[slave//servant]N'N$urdu",
"f": {"lang": "akk-x-neoass",
"form": "ARAD",
"cf": "ardu",
"gw": "slave",
"sense": "servant",
"norm": "urdu",
"pos": "N",
"epos": "N"}
}
,
{
"node": "l",
"frag": "{⸢lu₂⸣}[x",
"id": "P335310.l06584",
"ref": "P335310.3.3",
"inst": "u",
"f": {"lang": "akk-x-neoass",
"form": "{LU₂}x",
"pos": "u"}
}
,
{
"node": "l",
"frag": "x",
"id": "P335310.l06585",
"ref": "P335310.3.4",
"inst": "u",
"f": {"lang": "akk-x-neoass",
"form": "x",
"pos": "u"}
}
,
{
"node": "l",
"frag": "x]",
"id": "P335310.l06586",
"ref": "P335310.3.5",
"inst": "u",
"f": {"lang": "akk-x-neoass",
"form": "x",
"pos": "u"}
}
,
{
"node": "d",
"type": "line-start",
"ref": "P335310.4",
"n": "3",
"label": "o 3"}
,
{
"node": "l",
"frag": "EN",
"id": "P335310.l06587",
"ref": "P335310.4.1",
"inst": "bēl[owner]N",
"exosig": "@saao/saa06%akk-x-neoass:EN=bēlu[lord//owner]N'N$bēl",
"f": {"lang": "akk-x-neoass",
"form": "EN",
"cf": "bēlu",
"gw": "lord",
"sense": "owner",
"norm": "bēl",
"pos": "N",
"epos": "N"}
}
,
{
"node": "l",
"frag": "{giš}SAR-MEŠ",
"id": "P335310.l06588",
"ref": "P335310.4.2",
"inst": "kirâti[garden]N",
"exosig": "@saao/saa06%akk-x-neoass:{GIŠ}SAR-MEŠ=kirû[garden//garden]N'N$kirâti",
"f": {"lang": "akk-x-neoass",
"form": "{GIŠ}SAR-MEŠ",
"cf": "kirû",
"gw": "garden",
"sense": "garden",
"norm": "kirâti",
"pos": "N",
"epos": "N"}
}
,
{
"node": "l",
"frag": "[SUM-ni]",
"id": "P335310.l06589",
"ref": "P335310.4.3",
"inst": "tadāni[giving]'N",
"exosig": "@saao/saa06%akk-x-neoass:SUM-ni=tadānu[give//giving]V'N$tadāni",
"f": {"lang": "akk-x-neoass",
"form": "SUM-ni",
"cf": "tadānu",
"gw": "give",
"sense": "giving",
"norm": "tadāni",
"pos": "V",
"epos": "N"}
}
,
{
"node": "d",
"type": "nonx",
"ref": "P335310.5",
"strict": "1",
"extent": "n",
"scope": "line",
"state": "ruling",
"flags": "!"}
,
{
"node": "d",
"type": "nonx",
"ref": "P335310.6",
"strict": "0",
"extent": "n",
"scope": "impression",
"state": "other"}
,
{
"node": "d",
"type": "nonx",
"ref": "P335310.7",
"strict": "0",
"extent": "rest",
"state": "missing"}
,
{
"node": "d",
"subtype": "reverse",
"type": "surface",
"ref": "P335310.r.8",
"type": "reverse",
"label": "r"}
,
{
"node": "d",
"type": "nonx",
"ref": "P335310.9",
"strict": "0",
"extent": "beginning",
"state": "missing"}
,
{
"node": "d",
"type": "line-start",
"ref": "P335310.10",
"n": "1'",
"label": "r 1'"}
,
{
"node": "l",
"frag": "IGI",
"id": "P335310.l0658a",
"ref": "P335310.10.1",
"inst": "šību[witness]N",
"exosig": "@saao/saa06%akk-x-neoass:IGI=šību[witness//witness]N'N$šību",
"f": {"lang": "akk-x-neoass",
"form": "IGI",
"cf": "šību",
"gw": "witness",
"sense": "witness",
"norm": "šību",
"pos": "N",
"epos": "N"}
}
,
{
"node": "l",
"frag": "{1}[x",
"id": "P335310.l0658b",
"ref": "P335310.10.2",
"inst": "u",
"f": {"lang": "akk-x-neoass",
"form": "{1}x",
"pos": "u"}
}
,
{
"node": "l",
"frag": "x",
"id": "P335310.l0658c",
"ref": "P335310.10.3",
"inst": "u",
"f": {"lang": "akk-x-neoass",
"form": "x",
"pos": "u"}
}
,
{
"node": "l",
"frag": "x",
"id": "P335310.l0658d",
"ref": "P335310.10.4",
"inst": "u",
"f": {"lang": "akk-x-neoass",
"form": "x",
"pos": "u"}
}
,
{
"node": "l",
"frag": "x",
"id": "P335310.l0658e",
"ref": "P335310.10.5",
"inst": "u",
"f": {"lang": "akk-x-neoass",
"form": "x",
"pos": "u"}
}
,
{
"node": "l",
"frag": "x]",
"id": "P335310.l0658f",
"ref": "P335310.10.6",
"inst": "u",
"f": {"lang": "akk-x-neoass",
"form": "x",
"pos": "u"}
}
,
{
"node": "d",
"type": "line-start",
"ref": "P335310.11",
"n": "2'",
"label": "r 2'"}
,
{
"node": "l",
"frag": "IGI",
"id": "P335310.l06590",
"ref": "P335310.11.1",
"inst": "šību[witness]N",
"exosig": "@saao/saa06%akk-x-neoass:IGI=šību[witness//witness]N'N$šību",
"f": {"lang": "akk-x-neoass",
"form": "IGI",
"cf": "šību",
"gw": "witness",
"sense": "witness",
"norm": "šību",
"pos": "N",
"epos": "N"}
}
,
{
"node": "l",
"frag": "{1}mu-šal-[lim-x",
"id": "P335310.l06591",
"ref": "P335310.11.2",
"inst": "u",
"f": {"lang": "akk-x-neoass",
"form": "{1}mu-šal-lim-x",
"pos": "u"}
}
,
{
"node": "l",
"frag": "x]",
"id": "P335310.l06592",
"ref": "P335310.11.3",
"inst": "u",
"f": {"lang": "akk-x-neoass",
"form": "x",
"pos": "u"}
}
,
{
"node": "d",
"type": "line-start",
"ref": "P335310.12",
"n": "3'",
"label": "r 3'"}
,
{
"node": "l",
"frag": "IGI",
"id": "P335310.l06593",
"ref": "P335310.12.1",
"inst": "šību[witness]N",
"exosig": "@saao/saa06%akk-x-neoass:IGI=šību[witness//witness]N'N$šību",
"f": {"lang": "akk-x-neoass",
"form": "IGI",
"cf": "šību",
"gw": "witness",
"sense": "witness",
"norm": "šību",
"pos": "N",
"epos": "N"}
}
,
{
"node": "l",
"frag": "{1}I-DINGIR",
"id": "P335310.l06594",
"ref": "P335310.12.2",
"inst": "Naʾdi-ilu[1]PN",
"exosig": "@saao/saa06%akk-x-neoass:{1}I-DINGIR=Naʾdi-ilu[1//1]PN'PN$Naʾdi-ilu",
"f": {"lang": "akk-x-neoass",
"form": "{1}I-DINGIR",
"cf": "Naʾdi-ilu",
"gw": "1",
"sense": "1",
"norm": "Naʾdi-ilu",
"pos": "PN",
"epos": "PN"}
}
,
{
"node": "l",
"frag": "{⸢lu₂⸣}[x",
"id": "P335310.l06595",
"ref": "P335310.12.3",
"inst": "u",
"f": {"lang": "akk-x-neoass",
"form": "{LU₂}x",
"pos": "u"}
}
,
{
"node": "l",
"frag": "x]",
"id": "P335310.l06596",
"ref": "P335310.12.4",
"inst": "u",
"f": {"lang": "akk-x-neoass",
"form": "x",
"pos": "u"}
}
,
{
"node": "d",
"type": "line-start",
"ref": "P335310.13",
"n": "4'",
"label": "r 4'"}
,
{
"node": "l",
"frag": "IGI",
"id": "P335310.l06597",
"ref": "P335310.13.1",
"inst": "šību[witness]N",
"exosig": "@saao/saa06%akk-x-neoass:IGI=šību[witness//witness]N'N$šību",
"f": {"lang": "akk-x-neoass",
"form": "IGI",
"cf": "šību",
"gw": "witness",
"sense": "witness",
"norm": "šību",
"pos": "N",
"epos": "N"}
}
,
{
"node": "l",
"frag": "{1}NUMUN-ti-⸢i⸣",
"id": "P335310.l06598",
"ref": "P335310.13.2",
"inst": "Zaruti[1]PN",
"exosig": "@saao/saa06%akk-x-neoass:{1}NUMUN-ti-i=Zaruti[1//1]PN'PN$Zaruti",
"f": {"lang": "akk-x-neoass",
"form": "{1}NUMUN-ti-i",
"cf": "Zaruti",
"gw": "1",
"sense": "1",
"norm": "Zaruti",
"pos": "PN",
"epos": "PN"}
}
,
{
"node": "c",
"type": "phrase",
"tag": "phr",
"id": "P335310.U4",
"ref": "P335310.ls00000",
"cdl": [
{
"node": "l",
"frag": "{[lu₂}GAL-ki-ṣir]",
"id": "P335310.l06599",
"ref": "P335310.13.3",
"cof-tails": "P335310.l0659a",
"inst": "rabû[big one]N$rab&kiṣru[cohort]N$kiṣir",
"exosig": "@saao/saa06%akk-x-neoass:{LU₂}GAL-ki-ṣir=rabû[big one//big one]N'N$rab&&@saao%akk-x-neoass:=kiṣru[knot//cohort]N'N$kiṣir",
"f": {"lang": "akk-x-neoass",
"form": "{LU₂}GAL-ki-ṣir",
"cf": "rabû",
"gw": "big one",
"sense": "big one",
"norm": "rab",
"pos": "N",
"epos": "N"}
}
,
{
"node": "l",
"frag": "{[lu₂}GAL-ki-ṣir]",
"id": "P335310.l0659a",
"ref": "P335310.13.3",
"cof-head": "P335310.l06599",
"inst": "rabû[big one]N$rab&kiṣru[cohort]N$kiṣir",
"tail-sig": "@saao%akk-x-neoass:=kiṣru[knot//cohort]N'N$kiṣir",
"f": {"lang": "akk-x-neoass",
"form": "{LU₂}GAL-ki-ṣir",
"cf": "kiṣru",
"gw": "knot",
"sense": "cohort",
"norm": "kiṣir",
"pos": "N",
"epos": "N"}
}
]}
,
{
"node": "d",
"type": "line-start",
"ref": "P335310.14",
"n": "5'",
"label": "r 5'"}
,
{
"node": "l",
"frag": "IGI",
"id": "P335310.l0659b",
"ref": "P335310.14.1",
"inst": "šību[witness]N",
"exosig": "@saao/saa06%akk-x-neoass:IGI=šību[witness//witness]N'N$šību",
"f": {"lang": "akk-x-neoass",
"form": "IGI",
"cf": "šību",
"gw": "witness",
"sense": "witness",
"norm": "šību",
"pos": "N",
"epos": "N"}
}
,
{
"node": "l",
"frag": "{1}{d}PA-⸢KUR⸣-u-a",
"id": "P335310.l0659c",
"ref": "P335310.14.2",
"inst": "Nabu-šadduʾa[1]PN$",
"exosig": "@saao/saa06%akk-x-neoass:{1}{d}PA-KUR-u-a=Nabu-šadduʾa[1//1]PN'PN$Nabu-šadduʾa",
"f": {"lang": "akk-x-neoass",
"form": "{1}{d}PA-KUR-u-a",
"cf": "Nabu-šadduʾa",
"gw": "1",
"sense": "1",
"norm": "Nabu-šadduʾa",
"pos": "PN",
"epos": "PN"}
}
,
{
"node": "l",
"frag": "{lu₂}[x",
"id": "P335310.l0659d",
"ref": "P335310.14.3",
"inst": "u",
"f": {"lang": "akk-x-neoass",
"form": "{LU₂}x",
"pos": "u"}
}
,
{
"node": "l",
"frag": "x",
"id": "P335310.l0659e",
"ref": "P335310.14.4",
"inst": "u",
"f": {"lang": "akk-x-neoass",
"form": "x",
"pos": "u"}
}
,
{
"node": "l",
"frag": "x",
"id": "P335310.l0659f",
"ref": "P335310.14.5",
"inst": "u",
"f": {"lang": "akk-x-neoass",
"form": "x",
"pos": "u"}
}
,
{
"node": "l",
"frag": "x]",
"id": "P335310.l065a0",
"ref": "P335310.14.6",
"inst": "u",
"f": {"lang": "akk-x-neoass",
"form": "x",
"pos": "u"}
}
,
{
"node": "d",
"type": "line-start",
"ref": "P335310.15",
"n": "6'",
"label": "r 6'"}
,
{
"node": "l",
"frag": "{iti}BARAG",
"id": "P335310.l065a1",
"ref": "P335310.15.1",
"inst": "Nisanni[Nisan]MN",
"exosig": "@saao/saa06%akk-x-neoass:{ITI}BARAG=Nisannu[Nisan//Nisan]MN'MN$Nisanni",
"f": {"lang": "akk-x-neoass",
"form": "{ITI}BARAG",
"cf": "Nisannu",
"gw": "Nisan",
"sense": "Nisan",
"norm": "Nisanni",
"pos": "MN",
"epos": "MN"}
}
,
{
"node": "l",
"frag": "UD",
"id": "P335310.l065a2",
"ref": "P335310.15.2",
"inst": "ūm[day]N",
"exosig": "@saao/saa06%akk-x-neoass:UD=ūmu[day//day]N'N$ūm",
"f": {"lang": "akk-x-neoass",
"form": "UD",
"cf": "ūmu",
"gw": "day",
"sense": "day",
"norm": "ūm",
"pos": "N",
"epos": "N"}
}
,
{
"node": "l",
"frag": "20-[KAM₂]",
"id": "P335310.l065a3",
"ref": "P335310.15.3",
"inst": "n",
"f": {"lang": "akk-x-neoass",
"form": "20-KAM₂",
"pos": "n"}
}
,
{
"node": "d",
"subtype": "right",
"type": "surface",
"ref": "P335310.r.e..16",
"type": "right",
"label": "r.e."}
,
{
"node": "d",
"type": "line-start",
"ref": "P335310.17",
"n": "7",
"label": "r.e. 7"}
,
{
"node": "l",
"frag": "lim-me",
"id": "P335310.l065a4",
"ref": "P335310.17.1",
"inst": "limme[eponym (of year)]N",
"exosig": "@saao/saa06%akk-x-neoass:lim-me=līmu[eponym (of year)//eponym (of year)]N'N$limme",
"f": {"lang": "akk-x-neoass",
"form": "lim-me",
"cf": "līmu",
"gw": "eponym (of year)",
"sense": "eponym (of year)",
"norm": "limme",
"pos": "N",
"epos": "N"}
}
,
{
"node": "l",
"frag": "{1}{d}UTU-KUR-[a.a-bi]",
"id": "P335310.l065a5",
"ref": "P335310.17.2",
"inst": "Šamaš-kašid-ayabi[1]PN",
"exosig": "@saao/saa06%akk-x-neoass:{1}{d}UTU-KUR-a.a-bi=Šamaš-kašid-ayabi[1//1]PN'PN$Šamaš-kašid-ayabi",
"f": {"lang": "akk-x-neoass",
"form": "{1}{d}UTU-KUR-a.a-bi",
"cf": "Šamaš-kašid-ayabi",
"gw": "1",
"sense": "1",
"norm": "Šamaš-kašid-ayabi",
"pos": "PN",
"epos": "PN"}
}
,
{
"node": "d",
"type": "line-start",
"ref": "P335310.18",
"n": "8",
"label": "r.e. 8"}
,
{
"node": "l",
"frag": "ša",
"id": "P335310.l065a6",
"ref": "P335310.18.1",
"inst": "ša[of]DET",
"exosig": "@saao/saa06%akk-x-neoass:ša=ša[of//of]DET'DET$ša",
"f": {"lang": "akk-x-neoass",
"form": "ša",
"cf": "ša",
"gw": "of",
"sense": "of",
"norm": "ša",
"pos": "DET",
"epos": "DET"}
}
,
{
"node": "l",
"frag": "{uru}⸢x⸣+[x",
"id": "P335310.l065a7",
"ref": "P335310.18.2",
"inst": "u",
"f": {"lang": "akk-x-neoass",
"form": "{URU}x+x",
"pos": "u"}
}
,
{
"node": "l",
"frag": "x",
"id": "P335310.l065a8",
"ref": "P335310.18.3",
"inst": "u",
"f": {"lang": "akk-x-neoass",
"form": "x",
"pos": "u"}
}
,
{
"node": "l",
"frag": "x",
"id": "P335310.l065a9",
"ref": "P335310.18.4",
"inst": "u",
"f": {"lang": "akk-x-neoass",
"form": "x",
"pos": "u"}
}
,
{
"node": "l",
"frag": "x]",
"id": "P335310.l065aa",
"ref": "P335310.18.5",
"inst": "u",
"f": {"lang": "akk-x-neoass",
"form": "x",
"pos": "u"}
}
,
{
"node": "d",
"type": "line-start",
"ref": "P335310.19",
"n": "9",
"label": "r.e. 9"}
,
{
"node": "l",
"frag": "IGI",
"id": "P335310.l065ab",
"ref": "P335310.19.1",
"inst": "šību[witness]N",
"exosig": "@saao/saa06%akk-x-neoass:IGI=šību[witness//witness]N'N$šību",
"f": {"lang": "akk-x-neoass",
"form": "IGI",
"cf": "šību",
"gw": "witness",
"sense": "witness",
"norm": "šību",
"pos": "N",
"epos": "N"}
}
,
{
"node": "l",
"frag": "{1}{iti}⸢KIN⸣-[a.a",
"id": "P335310.l065ac",
"ref": "P335310.19.2",
"inst": "Ululaya[1]PN",
"exosig": "@saao/saa06%akk-x-neoass:{1}{ITI}KIN-a.a=Ululayu[1//1]PN'PN$Ululaya",
"f": {"lang": "akk-x-neoass",
"form": "{1}{ITI}KIN-a.a",
"cf": "Ululayu",
"gw": "1",
"sense": "1",
"norm": "Ululaya",
"pos": "PN",
"epos": "PN"}
}
,
{
"node": "l",
"frag": "{lu₂}A.BA]",
"id": "P335310.l065ad",
"ref": "P335310.19.3",
"inst": "ṭupšarru[scribe]N",
"exosig": "@saao/saa06%akk-x-neoass:{LU₂}A.BA=ṭupšarru[scribe//scribe]N'N$ṭupšarru",
"f": {"lang": "akk-x-neoass",
"form": "{LU₂}A.BA",
"cf": "ṭupšarru",
"gw": "scribe",
"sense": "scribe",
"norm": "ṭupšarru",
"pos": "N",
"epos": "N"}
}
]}
]}
]}
,
{
"linkbase": [{
"type": "linkset",
"xlink_title": "rab kiṣri[centurion//cohort commander]N'N",
"id": "P335310.ls00000",
"xlink_type": "extended",
"xlink_role": "psu",
"sig": "{{LU₂}GAL-ki-ṣir = rabû[big one]N kiṣru[knot]N += rab kiṣri[centurion//cohort commander]N'N}::@saao/saa10%akk-x-neoass:{LU₂}GAL-ki-ṣir=rabû[big one//big one]N'N$rab++@saao/saa10%akk-x-neobab:{LU₂}GAL-ki-ṣir=kiṣru[knot//knot]N'N$kiṣir",
"links": [
{
"type": "link",
"xlink_title": "rabû",
"xlink_type": "locator",
"xlink_href": "#P335310.l06599",
"xlink_role": "elt"}
,
{
"type": "link",
"xlink_title": "kiṣru",
"xlink_type": "locator",
"xlink_href": "#P335310.l0659a",
"xlink_role": "elt"}
]}
]}
]}
