{
"type": "cdl",
  "source": "http://oracc.org/saao/saa06",
  "license": "This data is released under the CC0 license",
  "license-url": "https://creativecommons.org/publicdomain/zero/1.0/",
  "more-info": "http://oracc.org/doc/opendata/",
  "UTC-timestamp": "2017-05-19T11:31:01",
"project": "saao/saa06",
"textid": "P335143",
"cdl": [
{
"node": "c",
"type": "text",
"id": "P335143.U0",
"cdl": [
{
"node": "d",
"type": "object",
"ref": ""}
,
{
"node": "d",
"subtype": "obverse",
"type": "surface",
"ref": "P335143.o.1",
"type": "obverse",
"label": "o"}
,
{
"node": "d",
"type": "nonx",
"ref": "P335143.2",
"strict": "0",
"extent": "beginning",
"state": "missing"}
,
{
"node": "d",
"type": "nonx",
"ref": "P335143.3",
"strict": "1",
"extent": "n",
"scope": "line",
"state": "ruling",
"flags": "!"}
,
{
"node": "d",
"type": "nonx",
"ref": "P335143.4",
"strict": "1",
"extent": "1",
"scope": "space",
"state": "blank"}
,
{
"node": "d",
"type": "nonx",
"ref": "P335143.5",
"strict": "1",
"extent": "n",
"scope": "line",
"state": "ruling",
"flags": "!"}
,
{
"node": "c",
"type": "discourse",
"subtype": "body",
"id": "P335143.U1",
"cdl": [
{
"node": "c",
"type": "sentence",
"id": "P335143.U2",
"label": "o 1' - r 6'",
"cdl": [
{
"node": "d",
"type": "line-start",
"ref": "P335143.6",
"n": "1'",
"label": "o 1'"}
,
{
"node": "l",
"frag": "{1}{d}15--ta-SU",
"id": "P335143.l0168b",
"ref": "P335143.6.1",
"inst": "Issar-tariba[1]PN$",
"exosig": "@saao/saa06%akk-x-neoass:{1}{d}15-ta-SU=Issar-tariba[1//1]PN'PN$Issar-tariba",
"f": {"lang": "akk-x-neoass",
"form": "{1}{d}15-ta-SU",
"cf": "Issar-tariba",
"gw": "1",
"sense": "1",
"norm": "Issar-tariba",
"pos": "PN",
"epos": "PN"}
}
,
{
"node": "c",
"type": "phrase",
"tag": "phr",
"id": "P335143.U4",
"ref": "P335143.ls00000",
"cdl": [
{
"node": "l",
"frag": "{lu₂}UŠ-⸢ANŠE⸣-[MEŠ]",
"id": "P335143.l0168c",
"ref": "P335143.6.2",
"cof-tails": "P335143.l0168d",
"inst": "rādiu[(caravan) guide]N$rādi&imēru[donkey]N$imārī",
"exosig": "@saao/saa06%akk-x-neoass:{LU₂}UŠ-ANŠE-MEŠ=rādiu[(caravan) guide//(caravan) guide]N'N$rādi&&@saao%akk-x-neoass:=imēru[donkey//donkey]N'N$imārī",
"f": {"lang": "akk-x-neoass",
"form": "{LU₂}UŠ-ANŠE-MEŠ",
"cf": "rādiu",
"gw": "(caravan) guide",
"sense": "(caravan) guide",
"norm": "rādi",
"pos": "N",
"epos": "N"}
}
,
{
"node": "l",
"frag": "{lu₂}UŠ-⸢ANŠE⸣-[MEŠ]",
"id": "P335143.l0168d",
"ref": "P335143.6.2",
"cof-head": "P335143.l0168c",
"inst": "rādiu[(caravan) guide]N$rādi&imēru[donkey]N$imārī",
"tail-sig": "@saao%akk-x-neoass:=imēru[donkey//donkey]N'N$imārī",
"f": {"lang": "akk-x-neoass",
"form": "{LU₂}UŠ-ANŠE-MEŠ",
"cf": "imēru",
"gw": "donkey",
"sense": "donkey",
"norm": "imārī",
"pos": "N",
"epos": "N"}
}
]}
,
{
"node": "d",
"type": "line-start",
"ref": "P335143.7",
"n": "2'",
"label": "o 2'"}
,
{
"node": "l",
"frag": "ARAD",
"id": "P335143.l0168e",
"ref": "P335143.7.1",
"inst": "urdu[servant]N",
"exosig": "@saao/saa06%akk-x-neoass:ARAD=ardu[slave//servant]N'N$urdu",
"f": {"lang": "akk-x-neoass",
"form": "ARAD",
"cf": "ardu",
"gw": "slave",
"sense": "servant",
"norm": "urdu",
"pos": "N",
"epos": "N"}
}
,
{
"node": "l",
"frag": "ša",
"id": "P335143.l0168f",
"ref": "P335143.7.2",
"inst": "ša[of]DET",
"exosig": "@saao/saa06%akk-x-neoass:ša=ša[of//of]DET'DET$ša",
"f": {"lang": "akk-x-neoass",
"form": "ša",
"cf": "ša",
"gw": "of",
"sense": "of",
"norm": "ša",
"pos": "DET",
"epos": "DET"}
}
,
{
"node": "l",
"frag": "{1}{d}EN-DU₃",
"id": "P335143.l01690",
"ref": "P335143.7.3",
"inst": "Bel-ibni[1]PN$",
"exosig": "@saao/saa06%akk-x-neoass:{1}{d}EN-DU₃=Bel-ibni[1//1]PN'PN$Bel-ibni",
"f": {"lang": "akk-x-neoass",
"form": "{1}{d}EN-DU₃",
"cf": "Bel-ibni",
"gw": "1",
"sense": "1",
"norm": "Bel-ibni",
"pos": "PN",
"epos": "PN"}
}
,
{
"node": "l",
"frag": "ša₂",
"id": "P335143.l01691",
"ref": "P335143.7.4",
"inst": "ša[of]DET",
"exosig": "@saao/saa06%akk-x-neoass:ša₂=ša[of//of]DET'DET$ša",
"f": {"lang": "akk-x-neoass",
"form": "ša₂",
"cf": "ša",
"gw": "of",
"sense": "of",
"norm": "ša",
"pos": "DET",
"epos": "DET"}
}
,
{
"node": "l",
"frag": "{1}ki-⸢ṣir⸣-[x",
"id": "P335143.l01692",
"ref": "P335143.7.5",
"inst": "u",
"f": {"lang": "akk-x-neoass",
"form": "{1}ki-ṣir-x",
"pos": "u"}
}
,
{
"node": "l",
"frag": "x]",
"id": "P335143.l01693",
"ref": "P335143.7.6",
"inst": "u",
"f": {"lang": "akk-x-neoass",
"form": "x",
"pos": "u"}
}
,
{
"node": "d",
"type": "line-start",
"ref": "P335143.8",
"n": "3'",
"label": "o 3'"}
,
{
"node": "l",
"frag": "u₂-piš-ma",
"id": "P335143.l01694",
"ref": "P335143.8.1",
"inst": "uppišma[contract]V",
"exosig": "@saao/saa06%akk-x-neoass:u₂-piš-ma=epēšu[do//contract]V'V$uppišma",
"f": {"lang": "akk-x-neoass",
"form": "u₂-piš-ma",
"cf": "epēšu",
"gw": "do",
"sense": "contract",
"norm": "uppišma",
"pos": "V",
"epos": "V"}
}
,
{
"node": "l",
"frag": "{1}šum-ma-DINGIR-MEŠ",
"id": "P335143.l01695",
"ref": "P335143.8.2",
"inst": "Šumma-ilani[1]PN",
"exosig": "@saao/saa06%akk-x-neoass:{1}šum-ma-DINGIR-MEŠ=Šumma-ilani[1//1]PN'PN$Šumma-ilani",
"f": {"lang": "akk-x-neoass",
"form": "{1}šum-ma-DINGIR-MEŠ",
"cf": "Šumma-ilani",
"gw": "1",
"sense": "1",
"norm": "Šumma-ilani",
"pos": "PN",
"epos": "PN"}
}
,
{
"node": "c",
"type": "phrase",
"tag": "phr",
"id": "P335143.U5",
"ref": "P335143.ls00001",
"cdl": [
{
"node": "l",
"frag": "ina",
"id": "P335143.l01696",
"ref": "P335143.8.3",
"inst": "ina[in+=for]PRP",
"exosig": "@saao/saa06%akk-x-neoass:ina=ina[in//in]PRP'PRP$ina",
"f": {"lang": "akk-x-neoass",
"form": "ina",
"cf": "ina",
"gw": "in",
"sense": "in",
"norm": "ina",
"pos": "PRP",
"epos": "PRP"}
}
,
{
"node": "l",
"frag": "⸢ŠA₃⸣-[bi]",
"id": "P335143.l01697",
"ref": "P335143.8.4",
"inst": "libbi[interior]N",
"exosig": "@saao/saa06%akk-x-neoass:ŠA₃-bi=libbu[interior//interior]N'N$libbi",
"f": {"lang": "akk-x-neoass",
"form": "ŠA₃-bi",
"cf": "libbu",
"gw": "interior",
"sense": "interior",
"norm": "libbi",
"pos": "N",
"epos": "N"}
}
]}
,
{
"node": "d",
"type": "line-start",
"ref": "P335143.9",
"n": "4'",
"label": "o 4'"}
,
{
"node": "l",
"frag": "01",
"id": "P335143.l01698",
"ref": "P335143.9.1",
"inst": "n",
"f": {"lang": "akk-x-neoass",
"form": "01",
"pos": "n"}
}
,
{
"node": "l",
"frag": "1/2",
"id": "P335143.l01699",
"ref": "P335143.9.2",
"inst": "n",
"f": {"lang": "akk-x-neoass",
"form": "1/2",
"pos": "n"}
}
,
{
"node": "l",
"frag": "MA.NA",
"id": "P335143.l0169a",
"ref": "P335143.9.3",
"inst": "manê[a unit of weight]N",
"exosig": "@saao/saa06%akk-x-neoass:MA.NA=manû[unit//a unit of weight]N'N$manê",
"f": {"lang": "akk-x-neoass",
"form": "MA.NA",
"cf": "manû",
"gw": "unit",
"sense": "a unit of weight",
"norm": "manê",
"pos": "N",
"epos": "N"}
}
,
{
"node": "l",
"frag": "KUG.UD",
"id": "P335143.l0169b",
"ref": "P335143.9.4",
"inst": "ṣarpi[silver]N",
"exosig": "@saao/saa06%akk-x-neoass:KUG.UD=ṣarpu[silver//silver]N'N$ṣarpi",
"f": {"lang": "akk-x-neoass",
"form": "KUG.UD",
"cf": "ṣarpu",
"gw": "silver",
"sense": "silver",
"norm": "ṣarpi",
"pos": "N",
"epos": "N"}
}
,
{
"node": "l",
"frag": "ina",
"id": "P335143.l0169c",
"ref": "P335143.9.5",
"inst": "ina[by]PRP",
"exosig": "@saao/saa06%akk-x-neoass:ina=ina[in//by]PRP'PRP$ina",
"f": {"lang": "akk-x-neoass",
"form": "ina",
"cf": "ina",
"gw": "in",
"sense": "by",
"norm": "ina",
"pos": "PRP",
"epos": "PRP"}
}
,
{
"node": "l",
"frag": "ša",
"id": "P335143.l0169d",
"ref": "P335143.9.6",
"inst": "ša[of]DET",
"exosig": "@saao/saa06%akk-x-neoass:ša=ša[of//of]DET'DET$ša",
"f": {"lang": "akk-x-neoass",
"form": "ša",
"cf": "ša",
"gw": "of",
"sense": "of",
"norm": "ša",
"pos": "DET",
"epos": "DET"}
}
,
{
"node": "l",
"frag": "LUGAL",
"id": "P335143.l0169e",
"ref": "P335143.9.7",
"inst": "šarri[king]N",
"exosig": "@saao/saa06%akk-x-neoass:LUGAL=šarru[king//king]N'N$šarri",
"f": {"lang": "akk-x-neoass",
"form": "LUGAL",
"cf": "šarru",
"gw": "king",
"sense": "king",
"norm": "šarri",
"pos": "N",
"epos": "N"}
}
,
{
"node": "l",
"frag": "⸢ina⸣",
"id": "P335143.l0169f",
"ref": "P335143.9.8",
"inst": "ina[in]PRP",
"exosig": "@saao/saa06%akk-x-neoass:ina=ina[in//in]PRP'PRP$ina",
"f": {"lang": "akk-x-neoass",
"form": "ina",
"cf": "ina",
"gw": "in",
"sense": "in",
"norm": "ina",
"pos": "PRP",
"epos": "PRP"}
}
,
{
"node": "l",
"frag": "[x",
"id": "P335143.l016a0",
"ref": "P335143.9.9",
"inst": "u",
"f": {"lang": "akk-x-neoass",
"form": "x",
"pos": "u"}
}
,
{
"node": "l",
"frag": "x]",
"id": "P335143.l016a1",
"ref": "P335143.9.10",
"inst": "u",
"f": {"lang": "akk-x-neoass",
"form": "x",
"pos": "u"}
}
,
{
"node": "d",
"type": "line-start",
"ref": "P335143.10",
"n": "5'",
"label": "o 5'"}
,
{
"node": "c",
"type": "phrase",
"tag": "phr",
"id": "P335143.U6",
"ref": "P335143.ls00002",
"cdl": [
{
"node": "l",
"frag": "TA@v",
"id": "P335143.l016a2",
"ref": "P335143.10.1",
"inst": "issu[from+=from]PRP",
"exosig": "@saao/saa06%akk-x-neoass:TA@v=ištu[from//from]PRP'PRP$issu",
"f": {"lang": "akk-x-neoass",
"form": "TA@v",
"cf": "ištu",
"gw": "from",
"sense": "from",
"norm": "issu",
"pos": "PRP",
"epos": "PRP"}
}
,
{
"node": "l",
"frag": "IGI",
"id": "P335143.l016a3",
"ref": "P335143.10.2",
"inst": "pān[front]N",
"exosig": "@saao/saa06%akk-x-neoass:IGI=pānu[front//front]N'N$pān",
"f": {"lang": "akk-x-neoass",
"form": "IGI",
"cf": "pānu",
"gw": "front",
"sense": "front",
"norm": "pān",
"pos": "N",
"epos": "N"}
}
]}
,
{
"node": "l",
"frag": "{1}{d}EN-DU₃",
"id": "P335143.l016a4",
"ref": "P335143.10.3",
"inst": "Bel-ibni[1]PN$",
"exosig": "@saao/saa06%akk-x-neoass:{1}{d}EN-DU₃=Bel-ibni[1//1]PN'PN$Bel-ibni",
"f": {"lang": "akk-x-neoass",
"form": "{1}{d}EN-DU₃",
"cf": "Bel-ibni",
"gw": "1",
"sense": "1",
"norm": "Bel-ibni",
"pos": "PN",
"epos": "PN"}
}
,
{
"node": "c",
"type": "phrase",
"tag": "phr",
"id": "P335143.U7",
"ref": "P335143.ls00003",
"cdl": [
{
"node": "l",
"frag": "TA@v",
"id": "P335143.l016a5",
"ref": "P335143.10.4",
"inst": "issu[from+=from]PRP",
"exosig": "@saao/saa06%akk-x-neoass:TA@v=ištu[from//from]PRP'PRP$issu",
"f": {"lang": "akk-x-neoass",
"form": "TA@v",
"cf": "ištu",
"gw": "from",
"sense": "from",
"norm": "issu",
"pos": "PRP",
"epos": "PRP"}
}
,
{
"node": "l",
"frag": "IGI",
"id": "P335143.l016a6",
"ref": "P335143.10.5",
"inst": "pān[front]N",
"exosig": "@saao/saa06%akk-x-neoass:IGI=pānu[front//front]N'N$pān",
"f": {"lang": "akk-x-neoass",
"form": "IGI",
"cf": "pānu",
"gw": "front",
"sense": "front",
"norm": "pān",
"pos": "N",
"epos": "N"}
}
]}
,
{
"node": "l",
"frag": "{1}[ki-ṣir-x",
"id": "P335143.l016a7",
"ref": "P335143.10.6",
"inst": "u",
"f": {"lang": "akk-x-neoass",
"form": "{1}ki-ṣir-x",
"pos": "u"}
}
,
{
"node": "l",
"frag": "x]",
"id": "P335143.l016a8",
"ref": "P335143.10.7",
"inst": "u",
"f": {"lang": "akk-x-neoass",
"form": "x",
"pos": "u"}
}
,
{
"node": "d",
"type": "line-start",
"ref": "P335143.11",
"n": "6'",
"label": "o 6'"}
,
{
"node": "l",
"frag": "il-qi₂",
"id": "P335143.l016a9",
"ref": "P335143.11.1",
"inst": "ilqi[take]V",
"exosig": "@saao/saa06%akk-x-neoass:il-qi₂=leqû[take//take]V'V$ilqi",
"f": {"lang": "akk-x-neoass",
"form": "il-qi₂",
"cf": "leqû",
"gw": "take",
"sense": "take",
"norm": "ilqi",
"pos": "V",
"epos": "V"}
}
,
{
"node": "l",
"frag": "kas-pu",
"id": "P335143.l016aa",
"ref": "P335143.11.2",
"inst": "kaspu[money]N",
"exosig": "@saao/saa06%akk-x-neoass:kas-pu=kaspu[silver//money]N'N$kaspu",
"f": {"lang": "akk-x-neoass",
"form": "kas-pu",
"cf": "kaspu",
"gw": "silver",
"sense": "money",
"norm": "kaspu",
"pos": "N",
"epos": "N"}
}
,
{
"node": "l",
"frag": "gam-[mur]",
"id": "P335143.l016ab",
"ref": "P335143.11.3",
"inst": "gammur[completed]AJ",
"exosig": "@saao/saa06%akk-x-neoass:gam-mur=gammuru[finished//completed]AJ'AJ$gammur",
"f": {"lang": "akk-x-neoass",
"form": "gam-mur",
"cf": "gammuru",
"gw": "finished",
"sense": "completed",
"norm": "gammur",
"pos": "AJ",
"epos": "AJ"}
}
,
{
"node": "l",
"frag": "ta-[din]",
"id": "P335143.l016ac",
"ref": "P335143.11.4",
"inst": "tadin[paid]AJ",
"exosig": "@saao/saa06%akk-x-neoass:ta-din=tadnu[given//paid]AJ'AJ$tadin",
"f": {"lang": "akk-x-neoass",
"form": "ta-din",
"cf": "tadnu",
"gw": "given",
"sense": "paid",
"norm": "tadin",
"pos": "AJ",
"epos": "AJ"}
}
,
{
"node": "d",
"type": "line-start",
"ref": "P335143.12",
"n": "7'",
"label": "o 7'"}
,
{
"node": "l",
"frag": "LU₂",
"id": "P335143.l016ad",
"ref": "P335143.12.1",
"inst": "amēlu[man]N",
"exosig": "@saao/saa06%akk-x-neoass:LU₂=awīlu[man//man]N'N$amēlu",
"f": {"lang": "akk-x-neoass",
"form": "LU₂",
"cf": "awīlu",
"gw": "man",
"sense": "man",
"norm": "amēlu",
"pos": "N",
"epos": "N"}
}
,
{
"node": "l",
"frag": "šu-a-⸢tu₂⸣",
"id": "P335143.l016ae",
"ref": "P335143.12.2",
"inst": "šuātu[that]'DP",
"exosig": "@saao/saa06%akk-x-neoass:šu-a-tu₂=šuāti[him//that]IP'DP$šuātu",
"f": {"lang": "akk-x-neoass",
"form": "šu-a-tu₂",
"cf": "šuāti",
"gw": "him",
"sense": "that",
"norm": "šuātu",
"pos": "IP",
"epos": "DP"}
}
,
{
"node": "l",
"frag": "za-rip",
"id": "P335143.l016af",
"ref": "P335143.12.3",
"inst": "zarip[purchased]AJ",
"exosig": "@saao/saa06%akk-x-neoass:za-rip=zarpu[purchased//purchased]AJ'AJ$zarip",
"f": {"lang": "akk-x-neoass",
"form": "za-rip",
"cf": "zarpu",
"gw": "purchased",
"sense": "purchased",
"norm": "zarip",
"pos": "AJ",
"epos": "AJ"}
}
,
{
"node": "l",
"frag": "laq-⸢qi₂⸣",
"id": "P335143.l016b0",
"ref": "P335143.12.4",
"inst": "laqqi[acquired]AJ",
"exosig": "@saao/saa06%akk-x-neoass:laq-qi₂=leqû[taken//acquired]AJ'AJ$laqqi",
"f": {"lang": "akk-x-neoass",
"form": "laq-qi₂",
"cf": "leqû",
"gw": "taken",
"sense": "acquired",
"norm": "laqqi",
"pos": "AJ",
"epos": "AJ"}
}
,
{
"node": "l",
"frag": "[tu-a-ru]",
"id": "P335143.l016b1",
"ref": "P335143.12.5",
"inst": "tuāru[revocation]'N",
"exosig": "@saao/saa06%akk-x-neoass:tu-a-ru=târu[turn//revocation]V'N$tuāru",
"f": {"lang": "akk-x-neoass",
"form": "tu-a-ru",
"cf": "târu",
"gw": "turn",
"sense": "revocation",
"norm": "tuāru",
"pos": "V",
"epos": "N"}
}
,
{
"node": "d",
"type": "line-start",
"ref": "P335143.13",
"n": "8'",
"label": "o 8'"}
,
{
"node": "l",
"frag": "de-e-nu",
"id": "P335143.l016b2",
"ref": "P335143.13.1",
"inst": "dēnu[lawsuit]N",
"exosig": "@saao/saa06%akk-x-neoass:de-e-nu=dīnu[legal decision//lawsuit]N'N$dēnu",
"f": {"lang": "akk-x-neoass",
"form": "de-e-nu",
"cf": "dīnu",
"gw": "legal decision",
"sense": "lawsuit",
"norm": "dēnu",
"pos": "N",
"epos": "N"}
}
,
{
"node": "l",
"frag": "DUG₄.DUG₄",
"id": "P335143.l016b3",
"ref": "P335143.13.2",
"inst": "dabābu[litigation]'N",
"exosig": "@saao/saa06%akk-x-neoass:DUG₄.DUG₄=dabābu[speak//litigation]V'N$dabābu",
"f": {"lang": "akk-x-neoass",
"form": "DUG₄.DUG₄",
"cf": "dabābu",
"gw": "speak",
"sense": "litigation",
"norm": "dabābu",
"pos": "V",
"epos": "N"}
}
,
{
"node": "l",
"frag": "la-aš₂-[šu₂]",
"id": "P335143.l016b4",
"ref": "P335143.13.3",
"inst": "laššu[(there) is not]V",
"exosig": "@saao/saa06%akk-x-neoass:la-aš₂-šu₂=laššu[(there) is not//(there) is not]V'V$laššu",
"f": {"lang": "akk-x-neoass",
"form": "la-aš₂-šu₂",
"cf": "laššu",
"gw": "(there) is not",
"sense": "(there) is not",
"norm": "laššu",
"pos": "V",
"epos": "V"}
}
,
{
"node": "d",
"type": "line-start",
"ref": "P335143.14",
"n": "9'",
"label": "o 9'"}
,
{
"node": "l",
"frag": "man-nu",
"id": "P335143.l016b5",
"ref": "P335143.14.1",
"inst": "mannu[whoever]'XP",
"exosig": "@saao/saa06%akk-x-neoass:man-nu=mannu[who?//whoever]QP'XP$mannu",
"f": {"lang": "akk-x-neoass",
"form": "man-nu",
"cf": "mannu",
"gw": "who?",
"sense": "whoever",
"norm": "mannu",
"pos": "QP",
"epos": "XP"}
}
,
{
"node": "l",
"frag": "ša₂",
"id": "P335143.l016b6",
"ref": "P335143.14.2",
"inst": "ša[that]REL",
"exosig": "@saao/saa06%akk-x-neoass:ša₂=ša[that//that]REL'REL$ša",
"f": {"lang": "akk-x-neoass",
"form": "ša₂",
"cf": "ša",
"gw": "that",
"sense": "that",
"norm": "ša",
"pos": "REL",
"epos": "REL"}
}
,
{
"node": "c",
"type": "phrase",
"tag": "phr",
"id": "P335143.U8",
"ref": "P335143.ls00004",
"cdl": [
{
"node": "l",
"frag": "ina",
"id": "P335143.l016b7",
"ref": "P335143.14.3",
"inst": "ina[in+=in the future]PRP",
"exosig": "@saao/saa06%akk-x-neoass:ina=ina[in//in]PRP'PRP$ina",
"f": {"lang": "akk-x-neoass",
"form": "ina",
"cf": "ina",
"gw": "in",
"sense": "in",
"norm": "ina",
"pos": "PRP",
"epos": "PRP"}
}
,
{
"node": "l",
"frag": "⸢ur⸣-kiš",
"id": "P335143.l016b8",
"ref": "P335143.14.4",
"inst": "urkiš[later]AV",
"exosig": "@saao/saa06%akk-x-neoass:ur-kiš=urkiš[later//later]AV'AV$urkiš",
"f": {"lang": "akk-x-neoass",
"form": "ur-kiš",
"cf": "urkiš",
"gw": "later",
"sense": "later",
"norm": "urkiš",
"pos": "AV",
"epos": "AV"}
}
]}
,
{
"node": "c",
"type": "phrase",
"tag": "phr",
"id": "P335143.U9",
"ref": "P335143.ls00005",
"cdl": [
{
"node": "l",
"frag": "ina",
"id": "P335143.l016b9",
"ref": "P335143.14.5",
"inst": "ina[in+=whenever]PRP$",
"exosig": "@saao/saa06%akk-x-neoass:ina=ina[in//in]PRP'PRP$ina",
"f": {"lang": "akk-x-neoass",
"form": "ina",
"cf": "ina",
"gw": "in",
"sense": "in",
"norm": "ina",
"pos": "PRP",
"epos": "PRP"}
}
,
{
"node": "l",
"frag": "⸢ma-te-e⸣-[ma]",
"id": "P335143.l016ba",
"ref": "P335143.14.6",
"inst": "matīma[ever]AV$matēma",
"exosig": "@saao/saa06%akk-x-neoass:ma-te-e-ma=matīma[ever//ever]AV'AV$matēma",
"f": {"lang": "akk-x-neoass",
"form": "ma-te-e-ma",
"cf": "matīma",
"gw": "ever",
"sense": "ever",
"norm": "matēma",
"pos": "AV",
"epos": "AV"}
}
]}
,
{
"node": "d",
"type": "line-start",
"ref": "P335143.15",
"n": "10'",
"label": "o 10'"}
,
{
"node": "l",
"frag": "lu-u",
"id": "P335143.l016bb",
"ref": "P335143.15.1",
"inst": "lū[may]MOD",
"exosig": "@saao/saa06%akk-x-neoass:lu-u=lū[may//may]MOD'MOD$lū",
"f": {"lang": "akk-x-neoass",
"form": "lu-u",
"cf": "lū",
"gw": "may",
"sense": "may",
"norm": "lū",
"pos": "MOD",
"epos": "MOD"}
}
,
{
"node": "l",
"frag": "{1}{d}EN-DU₃",
"id": "P335143.l016bc",
"ref": "P335143.15.2",
"inst": "Bel-ibni[1]PN$",
"exosig": "@saao/saa06%akk-x-neoass:{1}{d}EN-DU₃=Bel-ibni[1//1]PN'PN$Bel-ibni",
"f": {"lang": "akk-x-neoass",
"form": "{1}{d}EN-DU₃",
"cf": "Bel-ibni",
"gw": "1",
"sense": "1",
"norm": "Bel-ibni",
"pos": "PN",
"epos": "PN"}
}
,
{
"node": "l",
"frag": "⸢lu⸣-[u",
"id": "P335143.l016bd",
"ref": "P335143.15.3",
"inst": "lū[may]MOD",
"exosig": "@saao/saa06%akk-x-neoass:lu-u=lū[may//may]MOD'MOD$lū",
"f": {"lang": "akk-x-neoass",
"form": "lu-u",
"cf": "lū",
"gw": "may",
"sense": "may",
"norm": "lū",
"pos": "MOD",
"epos": "MOD"}
}
,
{
"node": "l",
"frag": "{1}ki-ṣir-x",
"id": "P335143.l016be",
"ref": "P335143.15.4",
"inst": "u",
"f": {"lang": "akk-x-neoass",
"form": "{1}ki-ṣir-x",
"pos": "u"}
}
,
{
"node": "l",
"frag": "x]",
"id": "P335143.l016bf",
"ref": "P335143.15.5",
"inst": "u",
"f": {"lang": "akk-x-neoass",
"form": "x",
"pos": "u"}
}
,
{
"node": "d",
"type": "line-start",
"ref": "P335143.16",
"n": "11'",
"label": "o 11'"}
,
{
"node": "l",
"frag": "lu-u",
"id": "P335143.l016c0",
"ref": "P335143.16.1",
"inst": "lū[may]MOD",
"exosig": "@saao/saa06%akk-x-neoass:lu-u=lū[may//may]MOD'MOD$lū",
"f": {"lang": "akk-x-neoass",
"form": "lu-u",
"cf": "lū",
"gw": "may",
"sense": "may",
"norm": "lū",
"pos": "MOD",
"epos": "MOD"}
}
,
{
"node": "l",
"frag": "PAB-MEŠ-⸢šu₂⸣-nu",
"id": "P335143.l016c1",
"ref": "P335143.16.2",
"inst": "ahhēšunu[brother]N",
"exosig": "@saao/saa06%akk-x-neoass:PAB-MEŠ-šu₂-nu=ahu[brother//brother]N'N$ahhēšunu",
"f": {"lang": "akk-x-neoass",
"form": "PAB-MEŠ-šu₂-nu",
"cf": "ahu",
"gw": "brother",
"sense": "brother",
"norm": "ahhēšunu",
"pos": "N",
"epos": "N"}
}
,
{
"node": "l",
"frag": "⸢lu⸣-[u",
"id": "P335143.l016c2",
"ref": "P335143.16.3",
"inst": "lū[may]MOD",
"exosig": "@saao/saa06%akk-x-neoass:lu-u=lū[may//may]MOD'MOD$lū",
"f": {"lang": "akk-x-neoass",
"form": "lu-u",
"cf": "lū",
"gw": "may",
"sense": "may",
"norm": "lū",
"pos": "MOD",
"epos": "MOD"}
}
,
{
"node": "l",
"frag": "x",
"id": "P335143.l016c3",
"ref": "P335143.16.4",
"inst": "u",
"f": {"lang": "akk-x-neoass",
"form": "x",
"pos": "u"}
}
,
{
"node": "l",
"frag": "x",
"id": "P335143.l016c4",
"ref": "P335143.16.5",
"inst": "u",
"f": {"lang": "akk-x-neoass",
"form": "x",
"pos": "u"}
}
,
{
"node": "l",
"frag": "x",
"id": "P335143.l016c5",
"ref": "P335143.16.6",
"inst": "u",
"f": {"lang": "akk-x-neoass",
"form": "x",
"pos": "u"}
}
,
{
"node": "l",
"frag": "x",
"id": "P335143.l016c6",
"ref": "P335143.16.7",
"inst": "u",
"f": {"lang": "akk-x-neoass",
"form": "x",
"pos": "u"}
}
,
{
"node": "l",
"frag": "x]",
"id": "P335143.l016c7",
"ref": "P335143.16.8",
"inst": "u",
"f": {"lang": "akk-x-neoass",
"form": "x",
"pos": "u"}
}
,
{
"node": "d",
"type": "nonx",
"ref": "P335143.17",
"strict": "0",
"extent": "rest",
"state": "missing"}
,
{
"node": "d",
"subtype": "reverse",
"type": "surface",
"ref": "P335143.r.18",
"type": "reverse",
"label": "r"}
,
{
"node": "d",
"type": "nonx",
"ref": "P335143.19",
"strict": "0",
"extent": "beginning",
"state": "missing"}
,
{
"node": "d",
"type": "line-start",
"ref": "P335143.20",
"n": "1'",
"label": "r 1'"}
,
{
"node": "l",
"frag": "⸢IGI⸣",
"id": "P335143.l016c8",
"ref": "P335143.20.1",
"inst": "šību[witness]N",
"exosig": "@saao/saa06%akk-x-neoass:IGI=šību[witness//witness]N'N$šību",
"f": {"lang": "akk-x-neoass",
"form": "IGI",
"cf": "šību",
"gw": "witness",
"sense": "witness",
"norm": "šību",
"pos": "N",
"epos": "N"}
}
,
{
"node": "l",
"frag": "{1}x",
"id": "P335143.l016c9",
"ref": "P335143.20.2",
"inst": "u",
"f": {"lang": "akk-x-neoass",
"form": "{1}x",
"pos": "u"}
}
,
{
"node": "l",
"frag": "x",
"id": "P335143.l016ca",
"ref": "P335143.20.3",
"inst": "u",
"f": {"lang": "akk-x-neoass",
"form": "x",
"pos": "u"}
}
,
{
"node": "l",
"frag": "x",
"id": "P335143.l016cb",
"ref": "P335143.20.4",
"inst": "u",
"f": {"lang": "akk-x-neoass",
"form": "x",
"pos": "u"}
}
,
{
"node": "l",
"frag": "x",
"id": "P335143.l016cc",
"ref": "P335143.20.5",
"inst": "u",
"f": {"lang": "akk-x-neoass",
"form": "x",
"pos": "u"}
}
,
{
"node": "l",
"frag": "x",
"id": "P335143.l016cd",
"ref": "P335143.20.6",
"inst": "u",
"f": {"lang": "akk-x-neoass",
"form": "x",
"pos": "u"}
}
,
{
"node": "l",
"frag": "x",
"id": "P335143.l016ce",
"ref": "P335143.20.7",
"inst": "u",
"f": {"lang": "akk-x-neoass",
"form": "x",
"pos": "u"}
}
,
{
"node": "l",
"frag": "x",
"id": "P335143.l016cf",
"ref": "P335143.20.8",
"inst": "u",
"f": {"lang": "akk-x-neoass",
"form": "x",
"pos": "u"}
}
,
{
"node": "l",
"frag": "x",
"id": "P335143.l016d0",
"ref": "P335143.20.9",
"inst": "u",
"f": {"lang": "akk-x-neoass",
"form": "x",
"pos": "u"}
}
,
{
"node": "l",
"frag": "x]",
"id": "P335143.l016d1",
"ref": "P335143.20.10",
"inst": "u",
"f": {"lang": "akk-x-neoass",
"form": "x",
"pos": "u"}
}
,
{
"node": "d",
"type": "line-start",
"ref": "P335143.21",
"n": "2'",
"label": "r 2'"}
,
{
"node": "l",
"frag": "IGI",
"id": "P335143.l016d2",
"ref": "P335143.21.1",
"inst": "šību[witness]N",
"exosig": "@saao/saa06%akk-x-neoass:IGI=šību[witness//witness]N'N$šību",
"f": {"lang": "akk-x-neoass",
"form": "IGI",
"cf": "šību",
"gw": "witness",
"sense": "witness",
"norm": "šību",
"pos": "N",
"epos": "N"}
}
,
{
"node": "l",
"frag": "{1}⸢u₂⸣-[x",
"id": "P335143.l016d3",
"ref": "P335143.21.2",
"inst": "u",
"f": {"lang": "akk-x-neoass",
"form": "{1}u₂-x",
"pos": "u"}
}
,
{
"node": "l",
"frag": "x",
"id": "P335143.l016d4",
"ref": "P335143.21.3",
"inst": "u",
"f": {"lang": "akk-x-neoass",
"form": "x",
"pos": "u"}
}
,
{
"node": "l",
"frag": "x",
"id": "P335143.l016d5",
"ref": "P335143.21.4",
"inst": "u",
"f": {"lang": "akk-x-neoass",
"form": "x",
"pos": "u"}
}
,
{
"node": "l",
"frag": "x",
"id": "P335143.l016d6",
"ref": "P335143.21.5",
"inst": "u",
"f": {"lang": "akk-x-neoass",
"form": "x",
"pos": "u"}
}
,
{
"node": "l",
"frag": "x",
"id": "P335143.l016d7",
"ref": "P335143.21.6",
"inst": "u",
"f": {"lang": "akk-x-neoass",
"form": "x",
"pos": "u"}
}
,
{
"node": "l",
"frag": "x",
"id": "P335143.l016d8",
"ref": "P335143.21.7",
"inst": "u",
"f": {"lang": "akk-x-neoass",
"form": "x",
"pos": "u"}
}
,
{
"node": "l",
"frag": "x]",
"id": "P335143.l016d9",
"ref": "P335143.21.8",
"inst": "u",
"f": {"lang": "akk-x-neoass",
"form": "x",
"pos": "u"}
}
,
{
"node": "d",
"type": "line-start",
"ref": "P335143.22",
"n": "3'",
"label": "r 3'"}
,
{
"node": "d",
"type": "nonw",
"ref": ""}
,
{
"node": "l",
"frag": "ša",
"id": "P335143.l016da",
"ref": "P335143.22.1",
"inst": "ša[of]DET",
"exosig": "@saao/saa06%akk-x-neoass:ša=ša[of//of]DET'DET$ša",
"f": {"lang": "akk-x-neoass",
"form": "ša",
"cf": "ša",
"gw": "of",
"sense": "of",
"norm": "ša",
"pos": "DET",
"epos": "DET"}
}
,
{
"node": "l",
"frag": "{⸢lu₂⸣}[x",
"id": "P335143.l016db",
"ref": "P335143.22.2",
"inst": "u",
"f": {"lang": "akk-x-neoass",
"form": "{LU₂}x",
"pos": "u"}
}
,
{
"node": "l",
"frag": "x",
"id": "P335143.l016dc",
"ref": "P335143.22.3",
"inst": "u",
"f": {"lang": "akk-x-neoass",
"form": "x",
"pos": "u"}
}
,
{
"node": "l",
"frag": "x",
"id": "P335143.l016dd",
"ref": "P335143.22.4",
"inst": "u",
"f": {"lang": "akk-x-neoass",
"form": "x",
"pos": "u"}
}
,
{
"node": "l",
"frag": "x]",
"id": "P335143.l016de",
"ref": "P335143.22.5",
"inst": "u",
"f": {"lang": "akk-x-neoass",
"form": "x",
"pos": "u"}
}
,
{
"node": "d",
"type": "nonx",
"ref": "P335143.23",
"strict": "0",
"extent": "1",
"scope": "line",
"state": "blank"}
,
{
"node": "d",
"type": "line-start",
"ref": "P335143.24",
"n": "4'",
"label": "r 4'"}
,
{
"node": "l",
"frag": "IGI",
"id": "P335143.l016df",
"ref": "P335143.24.1",
"inst": "šību[witness]N",
"exosig": "@saao/saa06%akk-x-neoass:IGI=šību[witness//witness]N'N$šību",
"f": {"lang": "akk-x-neoass",
"form": "IGI",
"cf": "šību",
"gw": "witness",
"sense": "witness",
"norm": "šību",
"pos": "N",
"epos": "N"}
}
,
{
"node": "l",
"frag": "{1}NUMUN-kit-ti-GIŠ",
"id": "P335143.l016e0",
"ref": "P335143.24.2",
"inst": "Zer-kitti-lešir[1]PN$",
"exosig": "@saao/saa06%akk-x-neoass:{1}NUMUN-kit-ti-GIŠ=Zer-kitti-lešir[1//1]PN'PN$Zer-kitti-lešir",
"f": {"lang": "akk-x-neoass",
"form": "{1}NUMUN-kit-ti-GIŠ",
"cf": "Zer-kitti-lešir",
"gw": "1",
"sense": "1",
"norm": "Zer-kitti-lešir",
"pos": "PN",
"epos": "PN"}
}
,
{
"node": "l",
"frag": "{[lu₂}x",
"id": "P335143.l016e1",
"ref": "P335143.24.3",
"inst": "u",
"f": {"lang": "akk-x-neoass",
"form": "{LU₂}x",
"pos": "u"}
}
,
{
"node": "l",
"frag": "x",
"id": "P335143.l016e2",
"ref": "P335143.24.4",
"inst": "u",
"f": {"lang": "akk-x-neoass",
"form": "x",
"pos": "u"}
}
,
{
"node": "l",
"frag": "x]",
"id": "P335143.l016e3",
"ref": "P335143.24.5",
"inst": "u",
"f": {"lang": "akk-x-neoass",
"form": "x",
"pos": "u"}
}
,
{
"node": "d",
"type": "line-start",
"ref": "P335143.25",
"n": "5'",
"label": "r 5'"}
,
{
"node": "l",
"frag": "IGI",
"id": "P335143.l016e4",
"ref": "P335143.25.1",
"inst": "šību[witness]N",
"exosig": "@saao/saa06%akk-x-neoass:IGI=šību[witness//witness]N'N$šību",
"f": {"lang": "akk-x-neoass",
"form": "IGI",
"cf": "šību",
"gw": "witness",
"sense": "witness",
"norm": "šību",
"pos": "N",
"epos": "N"}
}
,
{
"node": "l",
"frag": "{1}HE₂.NUN-a.a",
"id": "P335143.l016e5",
"ref": "P335143.25.2",
"inst": "Nuhšaya[1]PN",
"exosig": "@saao/saa06%akk-x-neoass:{1}HE₂.NUN-a.a=Nuhšaya[1//1]PN'PN$Nuhšaya",
"f": {"lang": "akk-x-neoass",
"form": "{1}HE₂.NUN-a.a",
"cf": "Nuhšaya",
"gw": "1",
"sense": "1",
"norm": "Nuhšaya",
"pos": "PN",
"epos": "PN"}
}
,
{
"node": "l",
"frag": "{lu₂}[x",
"id": "P335143.l016e6",
"ref": "P335143.25.3",
"inst": "u",
"f": {"lang": "akk-x-neoass",
"form": "{LU₂}x",
"pos": "u"}
}
,
{
"node": "l",
"frag": "x",
"id": "P335143.l016e7",
"ref": "P335143.25.4",
"inst": "u",
"f": {"lang": "akk-x-neoass",
"form": "x",
"pos": "u"}
}
,
{
"node": "l",
"frag": "x]",
"id": "P335143.l016e8",
"ref": "P335143.25.5",
"inst": "u",
"f": {"lang": "akk-x-neoass",
"form": "x",
"pos": "u"}
}
,
{
"node": "d",
"type": "nonx",
"ref": "P335143.26",
"strict": "0",
"extent": "2",
"scope": "line",
"state": "other"}
,
{
"node": "d",
"type": "line-start",
"ref": "P335143.27",
"n": "6'",
"label": "r 6'"}
,
{
"node": "l",
"frag": "⸢IGI⸣",
"id": "P335143.l016e9",
"ref": "P335143.27.1",
"inst": "šību[witness]N",
"exosig": "@saao/saa06%akk-x-neoass:IGI=šību[witness//witness]N'N$šību",
"f": {"lang": "akk-x-neoass",
"form": "IGI",
"cf": "šību",
"gw": "witness",
"sense": "witness",
"norm": "šību",
"pos": "N",
"epos": "N"}
}
,
{
"node": "l",
"frag": "{1}x",
"id": "P335143.l016ea",
"ref": "P335143.27.2",
"inst": "u",
"f": {"lang": "akk-x-neoass",
"form": "{1}x",
"pos": "u"}
}
,
{
"node": "l",
"frag": "x",
"id": "P335143.l016eb",
"ref": "P335143.27.3",
"inst": "u",
"f": {"lang": "akk-x-neoass",
"form": "x",
"pos": "u"}
}
,
{
"node": "l",
"frag": "x",
"id": "P335143.l016ec",
"ref": "P335143.27.4",
"inst": "u",
"f": {"lang": "akk-x-neoass",
"form": "x",
"pos": "u"}
}
,
{
"node": "l",
"frag": "x",
"id": "P335143.l016ed",
"ref": "P335143.27.5",
"inst": "u",
"f": {"lang": "akk-x-neoass",
"form": "x",
"pos": "u"}
}
,
{
"node": "l",
"frag": "x]+⸢x",
"id": "P335143.l016ee",
"ref": "P335143.27.6",
"inst": "u",
"f": {"lang": "akk-x-neoass",
"form": "x+x",
"pos": "u"}
}
,
{
"node": "l",
"frag": "{lu₂⸣}[A.BA]",
"id": "P335143.l016ef",
"ref": "P335143.27.7",
"inst": "ṭupšarru[scribe]N",
"exosig": "@saao/saa06%akk-x-neoass:{LU₂}A.BA=ṭupšarru[scribe//scribe]N'N$ṭupšarru",
"f": {"lang": "akk-x-neoass",
"form": "{LU₂}A.BA",
"cf": "ṭupšarru",
"gw": "scribe",
"sense": "scribe",
"norm": "ṭupšarru",
"pos": "N",
"epos": "N"}
}
,
{
"node": "d",
"type": "nonx",
"ref": "P335143.28",
"strict": "0",
"extent": "rest",
"state": "missing"}
]}
]}
]}
,
{
"linkbase": [{
"type": "linkset",
"xlink_title": "rādi imēri[donkey driver//donkey driver]N'N",
"id": "P335143.ls00000",
"xlink_type": "extended",
"xlink_role": "psu",
"sig": "{rādiu[(caravan) guide]N imēru[donkey]N += rādi imēri[donkey driver//donkey driver]N'N}::@saao%akk-x-neoass:{LU₂}UŠ-ANŠE-MEŠ=rādiu[(caravan) guide//(caravan) guide]N'N$rādi++@saao%akk-x-neoass:{LU₂}UŠ-ANŠE-MEŠ=imēru[donkey//donkey]N'N$imārī",
"links": [
{
"type": "link",
"xlink_title": "rādiu",
"xlink_type": "locator",
"xlink_href": "#P335143.l0168c",
"xlink_role": "elt"}
,
{
"type": "link",
"xlink_title": "imēru",
"xlink_type": "locator",
"xlink_href": "#P335143.l0168d",
"xlink_role": "elt"}
]}
,
{
"type": "linkset",
"xlink_title": "ina libbi[in//(in exchange) for]PRP'PRP",
"id": "P335143.ls00001",
"xlink_type": "extended",
"xlink_role": "psu",
"sig": "{ina[in]PRP libbu[interior]N += ina libbi[in//(in exchange) for]PRP'PRP}::@saao%akk-x-neoass:ina=ina[in//into]PRP'PRP$ina++@saao%akk-x-neoass:ŠA₃-bi=libbu[interior//interior]N'N$libbi",
"links": [
{
"type": "link",
"xlink_title": "ina",
"xlink_type": "locator",
"xlink_href": "#P335143.l01696",
"xlink_role": "elt"}
,
{
"type": "link",
"xlink_title": "libbi",
"xlink_type": "locator",
"xlink_href": "#P335143.l01697",
"xlink_role": "elt"}
]}
,
{
"type": "linkset",
"xlink_title": "ištu pān[from//because of]PRP'PRP",
"id": "P335143.ls00002",
"xlink_type": "extended",
"xlink_role": "psu",
"sig": "{ištu[from]PRP pānu[front]N += ištu pān[from//because of]PRP'PRP}::@saao%akk-x-neoass:TA@v=ištu[from//from]PRP'PRP$issu++@saao%akk-x-neoass:IGI=pānu[front//front]N'N$pān",
"links": [
{
"type": "link",
"xlink_title": "issu",
"xlink_type": "locator",
"xlink_href": "#P335143.l016a2",
"xlink_role": "elt"}
,
{
"type": "link",
"xlink_title": "pān",
"xlink_type": "locator",
"xlink_href": "#P335143.l016a3",
"xlink_role": "elt"}
]}
,
{
"type": "linkset",
"xlink_title": "ištu pān[from//because of]PRP'PRP",
"id": "P335143.ls00003",
"xlink_type": "extended",
"xlink_role": "psu",
"sig": "{ištu[from]PRP pānu[front]N += ištu pān[from//because of]PRP'PRP}::@saao%akk-x-neoass:TA@v=ištu[from//from]PRP'PRP$issu++@saao%akk-x-neoass:IGI=pānu[front//front]N'N$pān",
"links": [
{
"type": "link",
"xlink_title": "issu",
"xlink_type": "locator",
"xlink_href": "#P335143.l016a5",
"xlink_role": "elt"}
,
{
"type": "link",
"xlink_title": "pān",
"xlink_type": "locator",
"xlink_href": "#P335143.l016a6",
"xlink_role": "elt"}
]}
,
{
"type": "linkset",
"xlink_title": "ina urkiš[in the future//in the future]AV'AV",
"id": "P335143.ls00004",
"xlink_type": "extended",
"xlink_role": "psu",
"sig": "{ina[in]PRP urkiš[later]AV += ina urkiš[in the future//in the future]AV'AV}::@saao%akk-x-neoass:ina=ina[in//into]PRP'PRP$ina++@saao%akk-x-neoass:ur-kiš=urkiš[later//later]AV'AV$urkiš",
"links": [
{
"type": "link",
"xlink_title": "ina",
"xlink_type": "locator",
"xlink_href": "#P335143.l016b7",
"xlink_role": "elt"}
,
{
"type": "link",
"xlink_title": "urkiš",
"xlink_type": "locator",
"xlink_href": "#P335143.l016b8",
"xlink_role": "elt"}
]}
,
{
"type": "linkset",
"xlink_title": "ina matīma[whenever//whenever]XP'XP",
"id": "P335143.ls00005",
"xlink_type": "extended",
"xlink_role": "psu",
"sig": "{ina[in]PRP matīma[ever]AV += ina matīma[whenever//whenever]XP'XP}::@saao%akk-x-neoass:ina=ina[in//into]PRP'PRP$ina++@saao%akk-x-neoass:ma-te-e-ma=matīma[ever//ever]AV'AV$matēma",
"links": [
{
"type": "link",
"xlink_title": "ina",
"xlink_type": "locator",
"xlink_href": "#P335143.l016b9",
"xlink_role": "elt"}
,
{
"type": "link",
"xlink_title": "matīma",
"xlink_type": "locator",
"xlink_href": "#P335143.l016ba",
"xlink_role": "elt"}
]}
]}
]}
