{
"type": "cdl",
  "source": "http://oracc.org/saao/saa06",
  "license": "This data is released under the CC0 license",
  "license-url": "https://creativecommons.org/publicdomain/zero/1.0/",
  "more-info": "http://oracc.org/doc/opendata/",
  "UTC-timestamp": "2017-05-19T11:30:55",
"project": "saao/saa06",
"textid": "P335073",
"cdl": [
{
"node": "c",
"type": "text",
"id": "P335073.U0",
"cdl": [
{
"node": "d",
"type": "object",
"ref": ""}
,
{
"node": "d",
"subtype": "obverse",
"type": "surface",
"ref": "P335073.o.1",
"type": "obverse",
"label": "o"}
,
{
"node": "c",
"type": "discourse",
"subtype": "body",
"id": "P335073.U1",
"cdl": [
{
"node": "c",
"type": "sentence",
"id": "P335073.U2",
"label": "o 1 - r.e. 7",
"cdl": [
{
"node": "d",
"type": "line-start",
"ref": "P335073.2",
"n": "1",
"label": "o 1"}
,
{
"node": "l",
"frag": "02",
"id": "P335073.l03d6a",
"ref": "P335073.2.1",
"inst": "n",
"f": {"lang": "akk-x-neoass",
"form": "02",
"pos": "n"}
}
,
{
"node": "l",
"frag": "ANŠE",
"id": "P335073.l03d6b",
"ref": "P335073.2.2",
"inst": "imārī[a unit of capacity]N",
"exosig": "@saao/saa06%akk-x-neoass:ANŠE=imēru[unit//a unit of capacity]N'N$imārī",
"f": {"lang": "akk-x-neoass",
"form": "ANŠE",
"cf": "imēru",
"gw": "unit",
"sense": "a unit of capacity",
"norm": "imārī",
"pos": "N",
"epos": "N"}
}
,
{
"node": "l",
"frag": "5(ban₂)",
"id": "P335073.l03d6c",
"ref": "P335073.2.3",
"inst": "n",
"f": {"lang": "akk-x-neoass",
"form": "5(ban₂)",
"pos": "n"}
}
,
{
"node": "l",
"frag": "{giš}GEŠTIN-MEŠ",
"id": "P335073.l03d6d",
"ref": "P335073.2.4",
"inst": "karānī[vine]N",
"exosig": "@saao/saa06%akk-x-neoass:{GIŠ}GEŠTIN-MEŠ=karānu[vine//vine]N'N$karānī",
"f": {"lang": "akk-x-neoass",
"form": "{GIŠ}GEŠTIN-MEŠ",
"cf": "karānu",
"gw": "vine",
"sense": "vine",
"norm": "karānī",
"pos": "N",
"epos": "N"}
}
,
{
"node": "d",
"type": "line-start",
"ref": "P335073.3",
"n": "2",
"label": "o 2"}
,
{
"node": "l",
"frag": "ša",
"id": "P335073.l03d6e",
"ref": "P335073.3.1",
"inst": "ša[of]DET",
"exosig": "@saao/saa06%akk-x-neoass:ša=ša[of//of]DET'DET$ša",
"f": {"lang": "akk-x-neoass",
"form": "ša",
"cf": "ša",
"gw": "of",
"sense": "of",
"norm": "ša",
"pos": "DET",
"epos": "DET"}
}
,
{
"node": "l",
"frag": "{1}man-nu-ki-NINA{ki}",
"id": "P335073.l03d6f",
"ref": "P335073.3.2",
"inst": "Mannu-ki-Ninua[1]PN",
"exosig": "@saao/saa06%akk-x-neoass:{1}man-nu-ki-NINA{KI}=Mannu-ki-Ninua[1//1]PN'PN$Mannu-ki-Ninua",
"f": {"lang": "akk-x-neoass",
"form": "{1}man-nu-ki-NINA{KI}",
"cf": "Mannu-ki-Ninua",
"gw": "1",
"sense": "1",
"norm": "Mannu-ki-Ninua",
"pos": "PN",
"epos": "PN"}
}
,
{
"node": "d",
"type": "line-start",
"ref": "P335073.4",
"n": "3",
"label": "o 3"}
,
{
"node": "l",
"frag": "ina",
"id": "P335073.l03d70",
"ref": "P335073.4.1",
"inst": "ina[in+=at the disposal of]PRP",
"exosig": "@saao/saa06%akk-x-neoass:ina=ina[in//in]PRP'PRP$ina",
"f": {"lang": "akk-x-neoass",
"form": "ina",
"cf": "ina",
"gw": "in",
"sense": "in",
"norm": "ina",
"pos": "PRP",
"epos": "PRP"}
}
,
{
"node": "l",
"frag": "IGI",
"id": "P335073.l03d71",
"ref": "P335073.4.2",
"inst": "šību[witness]N",
"exosig": "@saao/saa06%akk-x-neoass:IGI=šību[witness//witness]N'N$šību",
"f": {"lang": "akk-x-neoass",
"form": "IGI",
"cf": "šību",
"gw": "witness",
"sense": "witness",
"norm": "šību",
"pos": "N",
"epos": "N"}
}
,
{
"node": "l",
"frag": "{1}par-ta-a-ma",
"id": "P335073.l03d72",
"ref": "P335073.4.3",
"inst": "Partama[1]PN$",
"exosig": "@saao/saa06%akk-x-neoass:{1}par-ta-a-ma=Partama[1//1]PN'PN$Partama",
"f": {"lang": "akk-x-neoass",
"form": "{1}par-ta-a-ma",
"cf": "Partama",
"gw": "1",
"sense": "1",
"norm": "Partama",
"pos": "PN",
"epos": "PN"}
}
,
{
"node": "d",
"type": "line-start",
"ref": "P335073.5",
"n": "4",
"label": "o 4"}
,
{
"node": "l",
"frag": "[ina]",
"id": "P335073.l03d73",
"ref": "P335073.5.1",
"inst": "ina[in]PRP",
"exosig": "@saao/saa06%akk-x-neoass:ina=ina[in//in]PRP'PRP$ina",
"f": {"lang": "akk-x-neoass",
"form": "ina",
"cf": "ina",
"gw": "in",
"sense": "in",
"norm": "ina",
"pos": "PRP",
"epos": "PRP"}
}
,
{
"node": "l",
"frag": "{iti}GUD",
"id": "P335073.l03d74",
"ref": "P335073.5.2",
"inst": "Ayari[Iyyar]MN",
"exosig": "@saao/saa06%akk-x-neoass:{ITI}GUD=Ayaru[Iyyar//Iyyar]MN'MN$Ayari",
"f": {"lang": "akk-x-neoass",
"form": "{ITI}GUD",
"cf": "Ayaru",
"gw": "Iyyar",
"sense": "Iyyar",
"norm": "Ayari",
"pos": "MN",
"epos": "MN"}
}
,
{
"node": "l",
"frag": "{giš}GEŠTIN-MEŠ",
"id": "P335073.l03d75",
"ref": "P335073.5.3",
"inst": "karānī[vine]N",
"exosig": "@saao/saa06%akk-x-neoass:{GIŠ}GEŠTIN-MEŠ=karānu[vine//vine]N'N$karānī",
"f": {"lang": "akk-x-neoass",
"form": "{GIŠ}GEŠTIN-MEŠ",
"cf": "karānu",
"gw": "vine",
"sense": "vine",
"norm": "karānī",
"pos": "N",
"epos": "N"}
}
,
{
"node": "d",
"type": "line-start",
"ref": "P335073.6",
"n": "5",
"label": "o 5"}
,
{
"node": "l",
"frag": "[ina]",
"id": "P335073.l03d76",
"ref": "P335073.6.1",
"inst": "ina[in]PRP",
"exosig": "@saao/saa06%akk-x-neoass:ina=ina[in//in]PRP'PRP$ina",
"f": {"lang": "akk-x-neoass",
"form": "ina",
"cf": "ina",
"gw": "in",
"sense": "in",
"norm": "ina",
"pos": "PRP",
"epos": "PRP"}
}
,
{
"node": "l",
"frag": "{⸢uru⸣}ni-nu-a",
"id": "P335073.l03d77",
"ref": "P335073.6.2",
"inst": "Ninua[Nineveh]GN",
"exosig": "@saao/saa06%akk-x-neoass:{URU}ni-nu-a=Ninua[Nineveh//Nineveh]GN'GN$Ninua",
"f": {"lang": "akk-x-neoass",
"form": "{URU}ni-nu-a",
"cf": "Ninua",
"gw": "Nineveh",
"sense": "Nineveh",
"norm": "Ninua",
"pos": "GN",
"epos": "GN"}
}
,
{
"node": "l",
"frag": "SUM-an",
"id": "P335073.l03d78",
"ref": "P335073.6.3",
"inst": "iddan[pay]V",
"exosig": "@saao/saa06%akk-x-neoass:SUM-an=tadānu[give//pay]V'V$iddan",
"f": {"lang": "akk-x-neoass",
"form": "SUM-an",
"cf": "tadānu",
"gw": "give",
"sense": "pay",
"norm": "iddan",
"pos": "V",
"epos": "V"}
}
,
{
"node": "d",
"type": "line-start",
"ref": "P335073.7",
"n": "6",
"label": "o 6"}
,
{
"node": "l",
"frag": "[šum₂-mu]",
"id": "P335073.l03d79",
"ref": "P335073.7.1",
"inst": "šummu[if]MOD",
"exosig": "@saao/saa06%akk-x-neoass:šum₂-mu=šumma[if//if]MOD'MOD$šummu",
"f": {"lang": "akk-x-neoass",
"form": "šum₂-mu",
"cf": "šumma",
"gw": "if",
"sense": "if",
"norm": "šummu",
"pos": "MOD",
"epos": "MOD"}
}
,
{
"node": "l",
"frag": "⸢la₃",
"id": "P335073.l03d7a",
"ref": "P335073.7.2",
"inst": "lā[not]MOD",
"exosig": "@saao/saa06%akk-x-neoass:la₃=lā[not//not]MOD'MOD$lā",
"f": {"lang": "akk-x-neoass",
"form": "la₃",
"cf": "lā",
"gw": "not",
"sense": "not",
"norm": "lā",
"pos": "MOD",
"epos": "MOD"}
}
,
{
"node": "l",
"frag": "i-di⸣-ni",
"id": "P335073.l03d7b",
"ref": "P335073.7.3",
"inst": "tadānu[give//pay]V$iddini",
"exosig": "@saao/saa06%akk-x-neoass:i-di-ni=tadānu[give//pay]V'V$iddini",
"f": {"lang": "akk-x-neoass",
"form": "i-di-ni",
"cf": "tadānu",
"gw": "give",
"sense": "pay",
"norm": "iddini",
"pos": "V",
"epos": "V"}
}
,
{
"node": "d",
"subtype": "bottom",
"type": "surface",
"ref": "P335073.b.e..8",
"type": "bottom",
"label": "b.e."}
,
{
"node": "d",
"type": "line-start",
"ref": "P335073.9",
"n": "7",
"label": "b.e. 7"}
,
{
"node": "l",
"frag": "[ki",
"id": "P335073.l03d7c",
"ref": "P335073.9.1",
"inst": "kī[like//in accordance with]PRP$kî",
"exosig": "@saao/saa06%akk-x-neoass:ki=kī[like//in accordance with]PRP'PRP$kî",
"f": {"lang": "akk-x-neoass",
"form": "ki",
"cf": "kī",
"gw": "like",
"sense": "in accordance with",
"norm": "kî",
"pos": "PRP",
"epos": "PRP"}
}
,
{
"node": "l",
"frag": "ma]-⸢hi⸣-ri",
"id": "P335073.l03d7d",
"ref": "P335073.9.2",
"inst": "mahīru[market price]N$mahīri",
"exosig": "@saao/saa06%akk-x-neoass:ma-hi-ri=mahīru[market price//market price]N'N$mahīri",
"f": {"lang": "akk-x-neoass",
"form": "ma-hi-ri",
"cf": "mahīru",
"gw": "market price",
"sense": "market price",
"norm": "mahīri",
"pos": "N",
"epos": "N"}
}
,
{
"node": "l",
"frag": "ša",
"id": "P335073.l03d7e",
"ref": "P335073.9.3",
"inst": "ša[of]DET",
"exosig": "@saao/saa06%akk-x-neoass:ša=ša[of//of]DET'DET$ša",
"f": {"lang": "akk-x-neoass",
"form": "ša",
"cf": "ša",
"gw": "of",
"sense": "of",
"norm": "ša",
"pos": "DET",
"epos": "DET"}
}
,
{
"node": "l",
"frag": "NINA{ki}",
"id": "P335073.l03d7f",
"ref": "P335073.9.4",
"inst": "Ninua[Nineveh]GN",
"exosig": "@saao/saa06%akk-x-neoass:NINA{KI}=Ninua[Nineveh//Nineveh]GN'GN$Ninua",
"f": {"lang": "akk-x-neoass",
"form": "NINA{KI}",
"cf": "Ninua",
"gw": "Nineveh",
"sense": "Nineveh",
"norm": "Ninua",
"pos": "GN",
"epos": "GN"}
}
,
{
"node": "d",
"type": "line-start",
"ref": "P335073.10",
"n": "8",
"label": "b.e. 8"}
,
{
"node": "l",
"frag": "[KUG.UD]",
"id": "P335073.l03d80",
"ref": "P335073.10.1",
"inst": "ṣarpi[silver]N",
"exosig": "@saao/saa06%akk-x-neoass:KUG.UD=ṣarpu[silver//silver]N'N$ṣarpi",
"f": {"lang": "akk-x-neoass",
"form": "KUG.UD",
"cf": "ṣarpu",
"gw": "silver",
"sense": "silver",
"norm": "ṣarpi",
"pos": "N",
"epos": "N"}
}
,
{
"node": "l",
"frag": "SUM-an",
"id": "P335073.l03d81",
"ref": "P335073.10.2",
"inst": "iddan[pay]V",
"exosig": "@saao/saa06%akk-x-neoass:SUM-an=tadānu[give//pay]V'V$iddan",
"f": {"lang": "akk-x-neoass",
"form": "SUM-an",
"cf": "tadānu",
"gw": "give",
"sense": "pay",
"norm": "iddan",
"pos": "V",
"epos": "V"}
}
,
{
"node": "d",
"subtype": "reverse",
"type": "surface",
"ref": "P335073.r.11",
"type": "reverse",
"label": "r"}
,
{
"node": "d",
"type": "line-start",
"ref": "P335073.12",
"n": "1",
"label": "r 1"}
,
{
"node": "l",
"frag": "{[iti}AB",
"id": "P335073.l03d82",
"ref": "P335073.12.1",
"inst": "Ṭebeti[Tebet]MN",
"exosig": "@saao/saa06%akk-x-neoass:{ITI}AB=Ṭebetu[Tebet//Tebet]MN'MN$Ṭebeti",
"f": {"lang": "akk-x-neoass",
"form": "{ITI}AB",
"cf": "Ṭebetu",
"gw": "Tebet",
"sense": "Tebet",
"norm": "Ṭebeti",
"pos": "MN",
"epos": "MN"}
}
,
{
"node": "l",
"frag": "UD]",
"id": "P335073.l03d83",
"ref": "P335073.12.2",
"inst": "ūm[day]N",
"exosig": "@saao/saa06%akk-x-neoass:UD=ūmu[day//day]N'N$ūm",
"f": {"lang": "akk-x-neoass",
"form": "UD",
"cf": "ūmu",
"gw": "day",
"sense": "day",
"norm": "ūm",
"pos": "N",
"epos": "N"}
}
,
{
"node": "l",
"frag": "25-KAM₂",
"id": "P335073.l03d84",
"ref": "P335073.12.3",
"inst": "n",
"f": {"lang": "akk-x-neoass",
"form": "25-KAM₂",
"pos": "n"}
}
,
{
"node": "d",
"type": "line-start",
"ref": "P335073.13",
"n": "2",
"label": "r 2"}
,
{
"node": "l",
"frag": "[lim-me",
"id": "P335073.l03d85",
"ref": "P335073.13.1",
"inst": "limme[eponym (of year)]N",
"exosig": "@saao/saa06%akk-x-neoass:lim-me=līmu[eponym (of year)//eponym (of year)]N'N$limme",
"f": {"lang": "akk-x-neoass",
"form": "lim-me",
"cf": "līmu",
"gw": "eponym (of year)",
"sense": "eponym (of year)",
"norm": "limme",
"pos": "N",
"epos": "N"}
}
,
{
"node": "l",
"frag": "{1}man]-nu-ki-{d}IM",
"id": "P335073.l03d86",
"ref": "P335073.13.2",
"inst": "Mannu-ki-Adad[1]PN",
"exosig": "@saao/saa06%akk-x-neoass:{1}man-nu-ki-{d}IM=Mannu-ki-Adad[1//1]PN'PN$Mannu-ki-Adad",
"f": {"lang": "akk-x-neoass",
"form": "{1}man-nu-ki-{d}IM",
"cf": "Mannu-ki-Adad",
"gw": "1",
"sense": "1",
"norm": "Mannu-ki-Adad",
"pos": "PN",
"epos": "PN"}
}
,
{
"node": "d",
"type": "line-start",
"ref": "P335073.14",
"n": "3",
"label": "r 3"}
,
{
"node": "l",
"frag": "[IGI",
"id": "P335073.l03d87",
"ref": "P335073.14.1",
"inst": "šību[witness]N",
"exosig": "@saao/saa06%akk-x-neoass:IGI=šību[witness//witness]N'N$šību",
"f": {"lang": "akk-x-neoass",
"form": "IGI",
"cf": "šību",
"gw": "witness",
"sense": "witness",
"norm": "šību",
"pos": "N",
"epos": "N"}
}
,
{
"node": "l",
"frag": "{1}sa-na-a-nu",
"id": "P335073.l03d88",
"ref": "P335073.14.2",
"inst": "Sananu[1]PN$",
"exosig": "@saao/saa06%akk-x-neoass:{1}sa-na-a-nu=Sananu[1//1]PN'PN$Sananu",
"f": {"lang": "akk-x-neoass",
"form": "{1}sa-na-a-nu",
"cf": "Sananu",
"gw": "1",
"sense": "1",
"norm": "Sananu",
"pos": "PN",
"epos": "PN"}
}
,
{
"node": "d",
"type": "line-start",
"ref": "P335073.15",
"n": "4",
"label": "r 4"}
,
{
"node": "l",
"frag": "IGI",
"id": "P335073.l03d89",
"ref": "P335073.15.1",
"inst": "šību[witness]N",
"exosig": "@saao/saa06%akk-x-neoass:IGI=šību[witness//witness]N'N$šību",
"f": {"lang": "akk-x-neoass",
"form": "IGI",
"cf": "šību",
"gw": "witness",
"sense": "witness",
"norm": "šību",
"pos": "N",
"epos": "N"}
}
,
{
"node": "l",
"frag": "{1}{d}UTU-PAB-ir",
"id": "P335073.l03d8a",
"ref": "P335073.15.2",
"inst": "Šamaš-naṣir[1]PN",
"exosig": "@saao/saa06%akk-x-neoass:{1}{d}UTU-PAB-ir=Šamaš-naṣir[1//1]PN'PN$Šamaš-naṣir",
"f": {"lang": "akk-x-neoass",
"form": "{1}{d}UTU-PAB-ir",
"cf": "Šamaš-naṣir",
"gw": "1",
"sense": "1",
"norm": "Šamaš-naṣir",
"pos": "PN",
"epos": "PN"}
}
,
{
"node": "l",
"frag": "IGI",
"id": "P335073.l03d8b",
"ref": "P335073.15.3",
"inst": "šību[witness]N",
"exosig": "@saao/saa06%akk-x-neoass:IGI=šību[witness//witness]N'N$šību",
"f": {"lang": "akk-x-neoass",
"form": "IGI",
"cf": "šību",
"gw": "witness",
"sense": "witness",
"norm": "šību",
"pos": "N",
"epos": "N"}
}
,
{
"node": "l",
"frag": "{1}{d}PA-na-sa-⸢hir⸣",
"id": "P335073.l03d8c",
"ref": "P335073.15.4",
"inst": "Nabu-nashir[1]PN$Nabu-nasahir",
"exosig": "@saao/saa06%akk-x-neoass:{1}{d}PA-na-sa-hir=Nabu-nashir[1//1]PN'PN$Nabu-nasahir",
"f": {"lang": "akk-x-neoass",
"form": "{1}{d}PA-na-sa-hir",
"cf": "Nabu-nashir",
"gw": "1",
"sense": "1",
"norm": "Nabu-nasahir",
"pos": "PN",
"epos": "PN"}
}
,
{
"node": "d",
"type": "line-start",
"ref": "P335073.16",
"n": "5",
"label": "r 5"}
,
{
"node": "l",
"frag": "IGI",
"id": "P335073.l03d8d",
"ref": "P335073.16.1",
"inst": "šību[witness]N",
"exosig": "@saao/saa06%akk-x-neoass:IGI=šību[witness//witness]N'N$šību",
"f": {"lang": "akk-x-neoass",
"form": "IGI",
"cf": "šību",
"gw": "witness",
"sense": "witness",
"norm": "šību",
"pos": "N",
"epos": "N"}
}
,
{
"node": "l",
"frag": "{1}rem₂-ut-DINGIR",
"id": "P335073.l03d8e",
"ref": "P335073.16.2",
"inst": "Remut-ili[1]PN",
"exosig": "@saao/saa06%akk-x-neoass:{1}rem₂-ut-DINGIR=Remut-ili[1//1]PN'PN$Remut-ili",
"f": {"lang": "akk-x-neoass",
"form": "{1}rem₂-ut-DINGIR",
"cf": "Remut-ili",
"gw": "1",
"sense": "1",
"norm": "Remut-ili",
"pos": "PN",
"epos": "PN"}
}
,
{
"node": "l",
"frag": "IGI",
"id": "P335073.l03d8f",
"ref": "P335073.16.3",
"inst": "šību[witness]N",
"exosig": "@saao/saa06%akk-x-neoass:IGI=šību[witness//witness]N'N$šību",
"f": {"lang": "akk-x-neoass",
"form": "IGI",
"cf": "šību",
"gw": "witness",
"sense": "witness",
"norm": "šību",
"pos": "N",
"epos": "N"}
}
,
{
"node": "l",
"frag": "{1}DIL-šal-lim",
"id": "P335073.l03d90",
"ref": "P335073.16.4",
"inst": "Edu-šallim[1]PN$",
"exosig": "@saao/saa06%akk-x-neoass:{1}DIL-šal-lim=Edu-šallim[1//1]PN'PN$Edu-šallim",
"f": {"lang": "akk-x-neoass",
"form": "{1}DIL-šal-lim",
"cf": "Edu-šallim",
"gw": "1",
"sense": "1",
"norm": "Edu-šallim",
"pos": "PN",
"epos": "PN"}
}
,
{
"node": "d",
"type": "line-start",
"ref": "P335073.17",
"n": "6",
"label": "r 6"}
,
{
"node": "l",
"frag": "IGI",
"id": "P335073.l03d91",
"ref": "P335073.17.1",
"inst": "šību[witness]N",
"exosig": "@saao/saa06%akk-x-neoass:IGI=šību[witness//witness]N'N$šību",
"f": {"lang": "akk-x-neoass",
"form": "IGI",
"cf": "šību",
"gw": "witness",
"sense": "witness",
"norm": "šību",
"pos": "N",
"epos": "N"}
}
,
{
"node": "l",
"frag": "{1}{d}UTU-tak-lak",
"id": "P335073.l03d92",
"ref": "P335073.17.2",
"inst": "Šamaš-taklak[1]PN",
"exosig": "@saao/saa06%akk-x-neoass:{1}{d}UTU-tak-lak=Šamaš-taklak[1//1]PN'PN$Šamaš-taklak",
"f": {"lang": "akk-x-neoass",
"form": "{1}{d}UTU-tak-lak",
"cf": "Šamaš-taklak",
"gw": "1",
"sense": "1",
"norm": "Šamaš-taklak",
"pos": "PN",
"epos": "PN"}
}
,
{
"node": "l",
"frag": "IGI",
"id": "P335073.l03d93",
"ref": "P335073.17.3",
"inst": "šību[witness]N",
"exosig": "@saao/saa06%akk-x-neoass:IGI=šību[witness//witness]N'N$šību",
"f": {"lang": "akk-x-neoass",
"form": "IGI",
"cf": "šību",
"gw": "witness",
"sense": "witness",
"norm": "šību",
"pos": "N",
"epos": "N"}
}
,
{
"node": "l",
"frag": "{1}NUMUN-15",
"id": "P335073.l03d94",
"ref": "P335073.17.4",
"inst": "Zar-Issar[1]PN",
"exosig": "@saao/saa06%akk-x-neoass:{1}NUMUN-15=Zar-Issar[1//1]PN'PN$Zar-Issar",
"f": {"lang": "akk-x-neoass",
"form": "{1}NUMUN-15",
"cf": "Zar-Issar",
"gw": "1",
"sense": "1",
"norm": "Zar-Issar",
"pos": "PN",
"epos": "PN"}
}
,
{
"node": "d",
"subtype": "right",
"type": "surface",
"ref": "P335073.r.e..18",
"type": "right",
"label": "r.e."}
,
{
"node": "d",
"type": "line-start",
"ref": "P335073.19",
"n": "7",
"label": "r.e. 7"}
,
{
"node": "l",
"frag": "IGI",
"id": "P335073.l03d95",
"ref": "P335073.19.1",
"inst": "šību[witness]N",
"exosig": "@saao/saa06%akk-x-neoass:IGI=šību[witness//witness]N'N$šību",
"f": {"lang": "akk-x-neoass",
"form": "IGI",
"cf": "šību",
"gw": "witness",
"sense": "witness",
"norm": "šību",
"pos": "N",
"epos": "N"}
}
,
{
"node": "l",
"frag": "{1}{d}PA-tak-lak",
"id": "P335073.l03d96",
"ref": "P335073.19.2",
"inst": "Nabu-taklak[1]PN",
"exosig": "@saao/saa06%akk-x-neoass:{1}{d}PA-tak-lak=Nabu-taklak[1//1]PN'PN$Nabu-taklak",
"f": {"lang": "akk-x-neoass",
"form": "{1}{d}PA-tak-lak",
"cf": "Nabu-taklak",
"gw": "1",
"sense": "1",
"norm": "Nabu-taklak",
"pos": "PN",
"epos": "PN"}
}
]}
]}
]}
]}
