{
"type": "cdl",
  "source": "http://oracc.org/saao/saa06",
  "license": "This data is released under the CC0 license",
  "license-url": "https://creativecommons.org/publicdomain/zero/1.0/",
  "more-info": "http://oracc.org/doc/opendata/",
  "UTC-timestamp": "2017-05-19T11:30:50",
"project": "saao/saa06",
"textid": "P335004",
"cdl": [
{
"node": "c",
"type": "text",
"id": "P335004.U0",
"cdl": [
{
"node": "d",
"type": "object",
"ref": ""}
,
{
"node": "d",
"subtype": "obverse",
"type": "surface",
"ref": "P335004.o.1",
"type": "obverse",
"label": "o"}
,
{
"node": "c",
"type": "discourse",
"subtype": "body",
"id": "P335004.U1",
"cdl": [
{
"node": "c",
"type": "sentence",
"id": "P335004.U2",
"label": "o 1 - r 3",
"cdl": [
{
"node": "d",
"type": "line-start",
"ref": "P335004.2",
"n": "1",
"label": "o 1"}
,
{
"node": "l",
"frag": "ki-[ṣir]-⸢te⸣",
"id": "P335004.l04f04",
"ref": "P335004.2.1",
"inst": "kiṣirtu[envelope]N$kiṣirte",
"exosig": "@saao/saa06%akk-x-neoass:ki-ṣir-te=kiṣirtu[envelope//envelope]N'N$kiṣirte",
"f": {"lang": "akk-x-neoass",
"form": "ki-ṣir-te",
"cf": "kiṣirtu",
"gw": "envelope",
"sense": "envelope",
"norm": "kiṣirte",
"pos": "N",
"epos": "N"}
}
,
{
"node": "l",
"frag": "10",
"id": "P335004.l04f05",
"ref": "P335004.2.2",
"inst": "n",
"f": {"lang": "akk-x-neoass",
"form": "10",
"pos": "n"}
}
,
{
"node": "l",
"frag": "MA.NA",
"id": "P335004.l04f06",
"ref": "P335004.2.3",
"inst": "manê[a unit of weight]N",
"exosig": "@saao/saa06%akk-x-neoass:MA.NA=manû[unit//a unit of weight]N'N$manê",
"f": {"lang": "akk-x-neoass",
"form": "MA.NA",
"cf": "manû",
"gw": "unit",
"sense": "a unit of weight",
"norm": "manê",
"pos": "N",
"epos": "N"}
}
,
{
"node": "l",
"frag": "KUG.UD",
"id": "P335004.l04f07",
"ref": "P335004.2.4",
"inst": "ṣarpi[silver]N",
"exosig": "@saao/saa06%akk-x-neoass:KUG.UD=ṣarpu[silver//silver]N'N$ṣarpi",
"f": {"lang": "akk-x-neoass",
"form": "KUG.UD",
"cf": "ṣarpu",
"gw": "silver",
"sense": "silver",
"norm": "ṣarpi",
"pos": "N",
"epos": "N"}
}
,
{
"node": "l",
"frag": "SAG.DU",
"id": "P335004.l04f08",
"ref": "P335004.2.5",
"inst": "kaqqudu[capital]N",
"exosig": "@saao/saa06%akk-x-neoass:SAG.DU=qaqqadu[head//capital]N'N$kaqqudu",
"f": {"lang": "akk-x-neoass",
"form": "SAG.DU",
"cf": "qaqqadu",
"gw": "head",
"sense": "capital",
"norm": "kaqqudu",
"pos": "N",
"epos": "N"}
}
,
{
"node": "d",
"type": "line-start",
"ref": "P335004.3",
"n": "2",
"label": "o 2"}
,
{
"node": "l",
"frag": "[ina",
"id": "P335004.l04f09",
"ref": "P335004.3.1",
"inst": "ina[by]PRP",
"exosig": "@saao/saa06%akk-x-neoass:ina=ina[in//by]PRP'PRP$ina",
"f": {"lang": "akk-x-neoass",
"form": "ina",
"cf": "ina",
"gw": "in",
"sense": "by",
"norm": "ina",
"pos": "PRP",
"epos": "PRP"}
}
,
{
"node": "l",
"frag": "01",
"id": "P335004.l04f0a",
"ref": "P335004.3.2",
"inst": "n",
"f": {"lang": "akk-x-neoass",
"form": "01",
"pos": "n"}
}
,
{
"node": "l",
"frag": "MA.NA-e]",
"id": "P335004.l04f0b",
"ref": "P335004.3.3",
"inst": "manê[a unit of weight]N",
"exosig": "@saao/saa06%akk-x-neoass:MA.NA-e=manû[unit//a unit of weight]N'N$manê",
"f": {"lang": "akk-x-neoass",
"form": "MA.NA-e",
"cf": "manû",
"gw": "unit",
"sense": "a unit of weight",
"norm": "manê",
"pos": "N",
"epos": "N"}
}
,
{
"node": "l",
"frag": "⸢ša₂",
"id": "P335004.l04f0c",
"ref": "P335004.3.4",
"inst": "ša[of]DET",
"exosig": "@saao/saa06%akk-x-neoass:ša₂=ša[of//of]DET'DET$ša",
"f": {"lang": "akk-x-neoass",
"form": "ša₂",
"cf": "ša",
"gw": "of",
"sense": "of",
"norm": "ša",
"pos": "DET",
"epos": "DET"}
}
,
{
"node": "l",
"frag": "{uru}gar⸣-ga-mis",
"id": "P335004.l04f0d",
"ref": "P335004.3.5",
"inst": "Gargamis[Carchemish]GN",
"exosig": "@saao/saa06%akk-x-neoass:{URU}gar-ga-mis=Gargamis[Carchemish//Carchemish]GN'GN$Gargamis",
"f": {"lang": "akk-x-neoass",
"form": "{URU}gar-ga-mis",
"cf": "Gargamis",
"gw": "Carchemish",
"sense": "Carchemish",
"norm": "Gargamis",
"pos": "GN",
"epos": "GN"}
}
,
{
"node": "d",
"type": "line-start",
"ref": "P335004.4",
"n": "3",
"label": "o 3"}
,
{
"node": "l",
"frag": "[x",
"id": "P335004.l04f0e",
"ref": "P335004.4.1",
"inst": "u",
"f": {"lang": "akk-x-neoass",
"form": "x",
"pos": "u"}
}
,
{
"node": "l",
"frag": "x",
"id": "P335004.l04f0f",
"ref": "P335004.4.2",
"inst": "u",
"f": {"lang": "akk-x-neoass",
"form": "x",
"pos": "u"}
}
,
{
"node": "l",
"frag": "x",
"id": "P335004.l04f10",
"ref": "P335004.4.3",
"inst": "u",
"f": {"lang": "akk-x-neoass",
"form": "x",
"pos": "u"}
}
,
{
"node": "l",
"frag": "x",
"id": "P335004.l04f11",
"ref": "P335004.4.4",
"inst": "u",
"f": {"lang": "akk-x-neoass",
"form": "x",
"pos": "u"}
}
,
{
"node": "l",
"frag": "x",
"id": "P335004.l04f12",
"ref": "P335004.4.5",
"inst": "u",
"f": {"lang": "akk-x-neoass",
"form": "x",
"pos": "u"}
}
,
{
"node": "l",
"frag": "x",
"id": "P335004.l04f13",
"ref": "P335004.4.6",
"inst": "u",
"f": {"lang": "akk-x-neoass",
"form": "x",
"pos": "u"}
}
,
{
"node": "l",
"frag": "x",
"id": "P335004.l04f14",
"ref": "P335004.4.7",
"inst": "u",
"f": {"lang": "akk-x-neoass",
"form": "x",
"pos": "u"}
}
,
{
"node": "l",
"frag": "x",
"id": "P335004.l04f15",
"ref": "P335004.4.8",
"inst": "u",
"f": {"lang": "akk-x-neoass",
"form": "x",
"pos": "u"}
}
,
{
"node": "l",
"frag": "x]-ni",
"id": "P335004.l04f16",
"ref": "P335004.4.9",
"inst": "u",
"f": {"lang": "akk-x-neoass",
"form": "x-ni",
"pos": "u"}
}
,
{
"node": "d",
"type": "nonx",
"ref": "P335004.5",
"strict": "0",
"extent": "4",
"scope": "line",
"state": "other"}
,
{
"node": "d",
"type": "line-start",
"ref": "P335004.6",
"n": "8",
"label": "o 8"}
,
{
"node": "l",
"frag": "šum-ma",
"id": "P335004.l04f17",
"ref": "P335004.6.1",
"inst": "šumma[if]MOD",
"exosig": "@saao/saa06%akk-x-neoass:šum-ma=šumma[if//if]MOD'MOD$šumma",
"f": {"lang": "akk-x-neoass",
"form": "šum-ma",
"cf": "šumma",
"gw": "if",
"sense": "if",
"norm": "šumma",
"pos": "MOD",
"epos": "MOD"}
}
,
{
"node": "l",
"frag": "ina",
"id": "P335004.l04f18",
"ref": "P335004.6.2",
"inst": "ina[in]PRP",
"exosig": "@saao/saa06%akk-x-neoass:ina=ina[in//in]PRP'PRP$ina",
"f": {"lang": "akk-x-neoass",
"form": "ina",
"cf": "ina",
"gw": "in",
"sense": "in",
"norm": "ina",
"pos": "PRP",
"epos": "PRP"}
}
,
{
"node": "l",
"frag": "{iti}⸢AB⸣",
"id": "P335004.l04f19",
"ref": "P335004.6.3",
"inst": "Ṭebeti[Tebet]MN",
"exosig": "@saao/saa06%akk-x-neoass:{ITI}AB=Ṭebetu[Tebet//Tebet]MN'MN$Ṭebeti",
"f": {"lang": "akk-x-neoass",
"form": "{ITI}AB",
"cf": "Ṭebetu",
"gw": "Tebet",
"sense": "Tebet",
"norm": "Ṭebeti",
"pos": "MN",
"epos": "MN"}
}
,
{
"node": "l",
"frag": "[x",
"id": "P335004.l04f1a",
"ref": "P335004.6.4",
"inst": "u",
"f": {"lang": "akk-x-neoass",
"form": "x",
"pos": "u"}
}
,
{
"node": "l",
"frag": "x",
"id": "P335004.l04f1b",
"ref": "P335004.6.5",
"inst": "u",
"f": {"lang": "akk-x-neoass",
"form": "x",
"pos": "u"}
}
,
{
"node": "l",
"frag": "x",
"id": "P335004.l04f1c",
"ref": "P335004.6.6",
"inst": "u",
"f": {"lang": "akk-x-neoass",
"form": "x",
"pos": "u"}
}
,
{
"node": "l",
"frag": "la",
"id": "P335004.l04f1d",
"ref": "P335004.6.7",
"inst": "lā[not]MOD",
"exosig": "@saao/saa06%akk-x-neoass:la=lā[not//not]MOD'MOD$lā",
"f": {"lang": "akk-x-neoass",
"form": "la",
"cf": "lā",
"gw": "not",
"sense": "not",
"norm": "lā",
"pos": "MOD",
"epos": "MOD"}
}
,
{
"node": "l",
"frag": "SUM-ni]",
"id": "P335004.l04f1e",
"ref": "P335004.6.8",
"inst": "tadānu[give//pay]V$iddini",
"exosig": "@saao/saa06%akk-x-neoass:SUM-ni=tadānu[give//pay]V'V$iddini",
"f": {"lang": "akk-x-neoass",
"form": "SUM-ni",
"cf": "tadānu",
"gw": "give",
"sense": "pay",
"norm": "iddini",
"pos": "V",
"epos": "V"}
}
,
{
"node": "d",
"type": "line-start",
"ref": "P335004.7",
"n": "9",
"label": "o 9"}
,
{
"node": "l",
"frag": "KUG.UD",
"id": "P335004.l04f1f",
"ref": "P335004.7.1",
"inst": "ṣarpi[silver]N",
"exosig": "@saao/saa06%akk-x-neoass:KUG.UD=ṣarpu[silver//silver]N'N$ṣarpi",
"f": {"lang": "akk-x-neoass",
"form": "KUG.UD",
"cf": "ṣarpu",
"gw": "silver",
"sense": "silver",
"norm": "ṣarpi",
"pos": "N",
"epos": "N"}
}
,
{
"node": "l",
"frag": "a-na",
"id": "P335004.l04f20",
"ref": "P335004.7.2",
"inst": "ana[by]PRP",
"exosig": "@saao/saa06%akk-x-neoass:a-na=ana[to//by]PRP'PRP$ana",
"f": {"lang": "akk-x-neoass",
"form": "a-na",
"cf": "ana",
"gw": "to",
"sense": "by",
"norm": "ana",
"pos": "PRP",
"epos": "PRP"}
}
,
{
"node": "l",
"frag": "04-tu₂-šu₂",
"id": "P335004.l04f21",
"ref": "P335004.7.3",
"inst": "rebû[fourth]NU$rabuttūšu",
"exosig": "@saao/saa06%akk-x-neoass:04-tu₂-šu₂=rebû[fourth//fourth]NU'NU$rabuttūšu",
"f": {"lang": "akk-x-neoass",
"form": "04-tu₂-šu₂",
"cf": "rebû",
"gw": "fourth",
"sense": "fourth",
"norm": "rabuttūšu",
"pos": "NU",
"epos": "NU"}
}
,
{
"node": "l",
"frag": "[i-rab-bi]",
"id": "P335004.l04f22",
"ref": "P335004.7.4",
"inst": "irabbi[increase]V",
"exosig": "@saao/saa06%akk-x-neoass:i-rab-bi=rabû[to be big//increase]V'V$irabbi",
"f": {"lang": "akk-x-neoass",
"form": "i-rab-bi",
"cf": "rabû",
"gw": "to be big",
"sense": "increase",
"norm": "irabbi",
"pos": "V",
"epos": "V"}
}
,
{
"node": "d",
"type": "line-start",
"ref": "P335004.8",
"n": "10",
"label": "o 10"}
,
{
"node": "l",
"frag": "{iti}AB",
"id": "P335004.l04f23",
"ref": "P335004.8.1",
"inst": "Ṭebeti[Tebet]MN",
"exosig": "@saao/saa06%akk-x-neoass:{ITI}AB=Ṭebetu[Tebet//Tebet]MN'MN$Ṭebeti",
"f": {"lang": "akk-x-neoass",
"form": "{ITI}AB",
"cf": "Ṭebetu",
"gw": "Tebet",
"sense": "Tebet",
"norm": "Ṭebeti",
"pos": "MN",
"epos": "MN"}
}
,
{
"node": "l",
"frag": "UD",
"id": "P335004.l04f24",
"ref": "P335004.8.2",
"inst": "ūm[day]N",
"exosig": "@saao/saa06%akk-x-neoass:UD=ūmu[day//day]N'N$ūm",
"f": {"lang": "akk-x-neoass",
"form": "UD",
"cf": "ūmu",
"gw": "day",
"sense": "day",
"norm": "ūm",
"pos": "N",
"epos": "N"}
}
,
{
"node": "l",
"frag": "10-KAM₂\\t",
"id": "P335004.l04f25",
"ref": "P335004.8.3",
"inst": "n",
"f": {"lang": "akk-x-neoass",
"form": "10-KAM₂",
"pos": "n"}
}
,
{
"node": "l",
"frag": "lim-mu",
"id": "P335004.l04f26",
"ref": "P335004.8.4",
"inst": "limmu[eponym (of year)]N",
"exosig": "@saao/saa06%akk-x-neoass:lim-mu=līmu[eponym (of year)//eponym (of year)]N'N$limmu",
"f": {"lang": "akk-x-neoass",
"form": "lim-mu",
"cf": "līmu",
"gw": "eponym (of year)",
"sense": "eponym (of year)",
"norm": "limmu",
"pos": "N",
"epos": "N"}
}
,
{
"node": "l",
"frag": "{1}x",
"id": "P335004.l04f27",
"ref": "P335004.8.5",
"inst": "u",
"f": {"lang": "akk-x-neoass",
"form": "{1}x",
"pos": "u"}
}
,
{
"node": "l",
"frag": "x",
"id": "P335004.l04f28",
"ref": "P335004.8.6",
"inst": "u",
"f": {"lang": "akk-x-neoass",
"form": "x",
"pos": "u"}
}
,
{
"node": "l",
"frag": "x]",
"id": "P335004.l04f29",
"ref": "P335004.8.7",
"inst": "u",
"f": {"lang": "akk-x-neoass",
"form": "x",
"pos": "u"}
}
,
{
"node": "d",
"subtype": "bottom",
"type": "surface",
"ref": "P335004.b.e..9",
"type": "bottom",
"label": "b.e."}
,
{
"node": "d",
"type": "line-start",
"ref": "P335004.10",
"n": "11",
"label": "b.e. 11"}
,
{
"node": "l",
"frag": "IGI",
"id": "P335004.l04f2a",
"ref": "P335004.10.1",
"inst": "šību[witness]N",
"exosig": "@saao/saa06%akk-x-neoass:IGI=šību[witness//witness]N'N$šību",
"f": {"lang": "akk-x-neoass",
"form": "IGI",
"cf": "šību",
"gw": "witness",
"sense": "witness",
"norm": "šību",
"pos": "N",
"epos": "N"}
}
,
{
"node": "l",
"frag": "{1}a-hi-ba-as-tu₂",
"id": "P335004.l04f2b",
"ref": "P335004.10.2",
"inst": "Ha-bašti[1]PN$Ahi-bastu",
"exosig": "@saao/saa06%akk-x-neoass:{1}a-hi-ba-as-tu₂=Ha-bašti[1//1]PN'PN$Ahi-bastu",
"f": {"lang": "akk-x-neoass",
"form": "{1}a-hi-ba-as-tu₂",
"cf": "Ha-bašti",
"gw": "1",
"sense": "1",
"norm": "Ahi-bastu",
"pos": "PN",
"epos": "PN"}
}
,
{
"node": "c",
"type": "phrase",
"tag": "phr",
"id": "P335004.U4",
"ref": "P335004.ls00000",
"cdl": [
{
"node": "l",
"frag": "{lu₂}[GAL-I₃.DU₈-MEŠ]",
"id": "P335004.l04f2c",
"ref": "P335004.10.3",
"cof-tails": "P335004.l04f2d",
"inst": "rabû[big one]N$rab&atû[gatekeeper]N$atî",
"exosig": "@saao/saa06%akk-x-neoass:{LU₂}GAL-I₃.DU₈-MEŠ=rabû[big one//big one]N'N$rab&&@saao%akk-x-neoass:=atû[gatekeeper//gatekeeper]N'N$atî",
"f": {"lang": "akk-x-neoass",
"form": "{LU₂}GAL-I₃.DU₈-MEŠ",
"cf": "rabû",
"gw": "big one",
"sense": "big one",
"norm": "rab",
"pos": "N",
"epos": "N"}
}
,
{
"node": "l",
"frag": "{lu₂}[GAL-I₃.DU₈-MEŠ]",
"id": "P335004.l04f2d",
"ref": "P335004.10.3",
"cof-head": "P335004.l04f2c",
"inst": "rabû[big one]N$rab&atû[gatekeeper]N$atî",
"tail-sig": "@saao%akk-x-neoass:=atû[gatekeeper//gatekeeper]N'N$atî",
"f": {"lang": "akk-x-neoass",
"form": "{LU₂}GAL-I₃.DU₈-MEŠ",
"cf": "atû",
"gw": "gatekeeper",
"sense": "gatekeeper",
"norm": "atî",
"pos": "N",
"epos": "N"}
}
]}
,
{
"node": "d",
"subtype": "reverse",
"type": "surface",
"ref": "P335004.r.11",
"type": "reverse",
"label": "r"}
,
{
"node": "d",
"type": "line-start",
"ref": "P335004.12",
"n": "1",
"label": "r 1"}
,
{
"node": "l",
"frag": "IGI",
"id": "P335004.l04f2e",
"ref": "P335004.12.1",
"inst": "šību[witness]N",
"exosig": "@saao/saa06%akk-x-neoass:IGI=šību[witness//witness]N'N$šību",
"f": {"lang": "akk-x-neoass",
"form": "IGI",
"cf": "šību",
"gw": "witness",
"sense": "witness",
"norm": "šību",
"pos": "N",
"epos": "N"}
}
,
{
"node": "l",
"frag": "{1}{d}UTU-⸢AŠ⸣",
"id": "P335004.l04f2f",
"ref": "P335004.12.2",
"inst": "Šamaš-iddina[1]PN$",
"exosig": "@saao/saa06%akk-x-neoass:{1}{d}UTU-AŠ=Šamaš-iddina[1//1]PN'PN$Šamaš-iddina",
"f": {"lang": "akk-x-neoass",
"form": "{1}{d}UTU-AŠ",
"cf": "Šamaš-iddina",
"gw": "1",
"sense": "1",
"norm": "Šamaš-iddina",
"pos": "PN",
"epos": "PN"}
}
,
{
"node": "d",
"type": "nonx",
"ref": "P335004.13",
"strict": "1",
"extent": "n",
"scope": "line",
"state": "ruling",
"flags": "!"}
,
{
"node": "d",
"type": "nonx",
"ref": "P335004.14",
"strict": "0",
"extent": "n",
"scope": "space",
"state": "other"}
,
{
"node": "d",
"type": "nonx",
"ref": "P335004.15",
"strict": "1",
"extent": "n",
"scope": "line",
"state": "ruling",
"flags": "!"}
,
{
"node": "d",
"type": "line-start",
"ref": "P335004.16",
"n": "2",
"label": "r 2"}
,
{
"node": "l",
"frag": "IGI",
"id": "P335004.l04f30",
"ref": "P335004.16.1",
"inst": "šību[witness]N",
"exosig": "@saao/saa06%akk-x-neoass:IGI=šību[witness//witness]N'N$šību",
"f": {"lang": "akk-x-neoass",
"form": "IGI",
"cf": "šību",
"gw": "witness",
"sense": "witness",
"norm": "šību",
"pos": "N",
"epos": "N"}
}
,
{
"node": "l",
"frag": "{1}HE₂.NUN-a.a",
"id": "P335004.l04f31",
"ref": "P335004.16.2",
"inst": "Nuhšaya[1]PN",
"exosig": "@saao/saa06%akk-x-neoass:{1}HE₂.NUN-a.a=Nuhšaya[1//1]PN'PN$Nuhšaya",
"f": {"lang": "akk-x-neoass",
"form": "{1}HE₂.NUN-a.a",
"cf": "Nuhšaya",
"gw": "1",
"sense": "1",
"norm": "Nuhšaya",
"pos": "PN",
"epos": "PN"}
}
,
{
"node": "d",
"type": "line-start",
"ref": "P335004.17",
"n": "3",
"label": "r 3"}
,
{
"node": "l",
"frag": "IGI",
"id": "P335004.l04f32",
"ref": "P335004.17.1",
"inst": "šību[witness]N",
"exosig": "@saao/saa06%akk-x-neoass:IGI=šību[witness//witness]N'N$šību",
"f": {"lang": "akk-x-neoass",
"form": "IGI",
"cf": "šību",
"gw": "witness",
"sense": "witness",
"norm": "šību",
"pos": "N",
"epos": "N"}
}
,
{
"node": "l",
"frag": "{1}PA-MU-AŠ",
"id": "P335004.l04f33",
"ref": "P335004.17.2",
"inst": "Nabu-šumu-iddina[1]PN$",
"exosig": "@saao/saa06%akk-x-neoass:{1}PA-MU-AŠ=Nabu-šumu-iddina[1//1]PN'PN$Nabu-šumu-iddina",
"f": {"lang": "akk-x-neoass",
"form": "{1}PA-MU-AŠ",
"cf": "Nabu-šumu-iddina",
"gw": "1",
"sense": "1",
"norm": "Nabu-šumu-iddina",
"pos": "PN",
"epos": "PN"}
}
,
{
"node": "l",
"frag": "{lu₂}A.⸢BA⸣",
"id": "P335004.l04f34",
"ref": "P335004.17.3",
"inst": "ṭupšarru[scribe]N",
"exosig": "@saao/saa06%akk-x-neoass:{LU₂}A.BA=ṭupšarru[scribe//scribe]N'N$ṭupšarru",
"f": {"lang": "akk-x-neoass",
"form": "{LU₂}A.BA",
"cf": "ṭupšarru",
"gw": "scribe",
"sense": "scribe",
"norm": "ṭupšarru",
"pos": "N",
"epos": "N"}
}
]}
]}
]}
,
{
"linkbase": [{
"type": "linkset",
"xlink_title": "rab atî[head porter//head porter]N'N",
"id": "P335004.ls00000",
"xlink_type": "extended",
"xlink_role": "psu",
"sig": "{rabû[big one]N atû[gatekeeper]N += rab atî[head porter//head porter]N'N}::@saao%akk-x-neoass:GAL-{LU₂}I₃.DU₈-MEŠ=rabû[big one//big one]N'N$rab++@saao%akk-x-neoass:GAL-{LU₂}I₃.DU₈-MEŠ=atû[gatekeeper//gatekeeper]N'N$atî",
"links": [
{
"type": "link",
"xlink_title": "rabû",
"xlink_type": "locator",
"xlink_href": "#P335004.l04f2c",
"xlink_role": "elt"}
,
{
"type": "link",
"xlink_title": "atû",
"xlink_type": "locator",
"xlink_href": "#P335004.l04f2d",
"xlink_role": "elt"}
]}
]}
]}
