{
"type": "cdl",
  "source": "http://oracc.org/saao/saa06",
  "license": "This data is released under the CC0 license",
  "license-url": "https://creativecommons.org/publicdomain/zero/1.0/",
  "more-info": "http://oracc.org/doc/opendata/",
  "UTC-timestamp": "2017-05-19T11:31:31",
"project": "saao/saa06",
"textid": "P335651",
"cdl": [
{
"node": "c",
"type": "text",
"id": "P335651.U0",
"cdl": [
{
"node": "d",
"type": "object",
"ref": ""}
,
{
"node": "d",
"subtype": "obverse",
"type": "surface",
"ref": "P335651.o.1",
"type": "obverse",
"label": "o"}
,
{
"node": "d",
"type": "nonx",
"ref": "P335651.2",
"strict": "0",
"extent": "beginning",
"state": "missing"}
,
{
"node": "c",
"type": "discourse",
"subtype": "body",
"id": "P335651.U1",
"cdl": [
{
"node": "c",
"type": "sentence",
"id": "P335651.U2",
"label": "o 1' - o 6'",
"cdl": [
{
"node": "d",
"type": "line-start",
"ref": "P335651.3",
"n": "1'",
"label": "o 1'"}
,
{
"node": "c",
"type": "phrase",
"tag": "phr",
"id": "P335651.U4",
"ref": "P335651.ls00000",
"cdl": [
{
"node": "l",
"frag": "⸢ina",
"id": "P335651.l04d64",
"ref": "P335651.3.1",
"inst": "ina[in+=at the disposal of]PRP",
"exosig": "@saao/saa06%akk-x-neoass:ina=ina[in//in]PRP'PRP$ina",
"f": {"lang": "akk-x-neoass",
"form": "ina",
"cf": "ina",
"gw": "in",
"sense": "in",
"norm": "ina",
"pos": "PRP",
"epos": "PRP"}
}
,
{
"node": "l",
"frag": "IGI",
"id": "P335651.l04d65",
"ref": "P335651.3.2",
"inst": "pān[front]N",
"exosig": "@saao/saa06%akk-x-neoass:IGI=pānu[front//front]N'N$pān",
"f": {"lang": "akk-x-neoass",
"form": "IGI",
"cf": "pānu",
"gw": "front",
"sense": "front",
"norm": "pān",
"pos": "N",
"epos": "N"}
}
]}
,
{
"node": "l",
"frag": "{1}ia-hu-ṭu⸣",
"id": "P335651.l04d66",
"ref": "P335651.3.3",
"inst": "Yahuṭu[1]PN$",
"exosig": "@saao/saa06%akk-x-neoass:{1}ia-hu-ṭu=Yahuṭu[1//1]PN'PN$Yahuṭu",
"f": {"lang": "akk-x-neoass",
"form": "{1}ia-hu-ṭu",
"cf": "Yahuṭu",
"gw": "1",
"sense": "1",
"norm": "Yahuṭu",
"pos": "PN",
"epos": "PN"}
}
,
{
"node": "d",
"type": "line-start",
"ref": "P335651.4",
"n": "2'",
"label": "o 2'"}
,
{
"node": "c",
"type": "phrase",
"tag": "phr",
"id": "P335651.U5",
"ref": "P335651.ls00001",
"cdl": [
{
"node": "l",
"frag": "ina",
"id": "P335651.l04d67",
"ref": "P335651.4.1",
"inst": "ina[in+=at the disposal of]PRP",
"exosig": "@saao/saa06%akk-x-neoass:ina=ina[in//in]PRP'PRP$ina",
"f": {"lang": "akk-x-neoass",
"form": "ina",
"cf": "ina",
"gw": "in",
"sense": "in",
"norm": "ina",
"pos": "PRP",
"epos": "PRP"}
}
,
{
"node": "l",
"frag": "IGI",
"id": "P335651.l04d68",
"ref": "P335651.4.2",
"inst": "pān[front]N",
"exosig": "@saao/saa06%akk-x-neoass:IGI=pānu[front//front]N'N$pān",
"f": {"lang": "akk-x-neoass",
"form": "IGI",
"cf": "pānu",
"gw": "front",
"sense": "front",
"norm": "pān",
"pos": "N",
"epos": "N"}
}
]}
,
{
"node": "l",
"frag": "{1}DINGIR-GIN-PAB",
"id": "P335651.l04d69",
"ref": "P335651.4.3",
"inst": "Ilu-kenu-uṣur[1]PN$",
"exosig": "@saao/saa06%akk-x-neoass:{1}DINGIR-GIN-PAB=Ilu-kenu-uṣur[1//1]PN'PN$Ilu-kenu-uṣur",
"f": {"lang": "akk-x-neoass",
"form": "{1}DINGIR-GIN-PAB",
"cf": "Ilu-kenu-uṣur",
"gw": "1",
"sense": "1",
"norm": "Ilu-kenu-uṣur",
"pos": "PN",
"epos": "PN"}
}
,
{
"node": "l",
"frag": "A",
"id": "P335651.l04d6a",
"ref": "P335651.4.4",
"inst": "mār[son]N",
"exosig": "@saao/saa06%akk-x-neoass:A=māru[son//son]N'N$mār",
"f": {"lang": "akk-x-neoass",
"form": "A",
"cf": "māru",
"gw": "son",
"sense": "son",
"norm": "mār",
"pos": "N",
"epos": "N"}
}
,
{
"node": "l",
"frag": "⸢x⸣+[x",
"id": "P335651.l04d6b",
"ref": "P335651.4.5",
"inst": "u",
"f": {"lang": "akk-x-neoass",
"form": "x+x",
"pos": "u"}
}
,
{
"node": "l",
"frag": "x",
"id": "P335651.l04d6c",
"ref": "P335651.4.6",
"inst": "u",
"f": {"lang": "akk-x-neoass",
"form": "x",
"pos": "u"}
}
,
{
"node": "l",
"frag": "x]",
"id": "P335651.l04d6d",
"ref": "P335651.4.7",
"inst": "u",
"f": {"lang": "akk-x-neoass",
"form": "x",
"pos": "u"}
}
,
{
"node": "d",
"type": "line-start",
"ref": "P335651.5",
"n": "3'",
"label": "o 3'"}
,
{
"node": "c",
"type": "phrase",
"tag": "phr",
"id": "P335651.U6",
"ref": "P335651.ls00002",
"cdl": [
{
"node": "l",
"frag": "ina",
"id": "P335651.l04d6e",
"ref": "P335651.5.1",
"inst": "ina[in+=at the disposal of]PRP",
"exosig": "@saao/saa06%akk-x-neoass:ina=ina[in//in]PRP'PRP$ina",
"f": {"lang": "akk-x-neoass",
"form": "ina",
"cf": "ina",
"gw": "in",
"sense": "in",
"norm": "ina",
"pos": "PRP",
"epos": "PRP"}
}
,
{
"node": "l",
"frag": "IGI",
"id": "P335651.l04d6f",
"ref": "P335651.5.2",
"inst": "pān[front]N",
"exosig": "@saao/saa06%akk-x-neoass:IGI=pānu[front//front]N'N$pān",
"f": {"lang": "akk-x-neoass",
"form": "IGI",
"cf": "pānu",
"gw": "front",
"sense": "front",
"norm": "pān",
"pos": "N",
"epos": "N"}
}
]}
,
{
"node": "l",
"frag": "{1}10--A-AŠ",
"id": "P335651.l04d70",
"ref": "P335651.5.3",
"inst": "Adad-aplu-iddina[1]PN$",
"exosig": "@saao/saa06%akk-x-neoass:{1}10-A-AŠ=Adad-aplu-iddina[1//1]PN'PN$Adad-aplu-iddina",
"f": {"lang": "akk-x-neoass",
"form": "{1}10-A-AŠ",
"cf": "Adad-aplu-iddina",
"gw": "1",
"sense": "1",
"norm": "Adad-aplu-iddina",
"pos": "PN",
"epos": "PN"}
}
,
{
"node": "l",
"frag": "{lu₂v}3.⸢U₅⸣",
"id": "P335651.l04d71",
"ref": "P335651.5.4",
"inst": "tašlīšu[third man on chariot]N$",
"exosig": "@saao/saa06%akk-x-neoass:{LU₂}3.U₅=tašlīšu[third man on chariot//third man on chariot]N'N$tašlīšu",
"f": {"lang": "akk-x-neoass",
"form": "{LU₂}3.U₅",
"cf": "tašlīšu",
"gw": "third man on chariot",
"sense": "third man on chariot",
"norm": "tašlīšu",
"pos": "N",
"epos": "N"}
}
,
{
"node": "d",
"type": "line-start",
"ref": "P335651.6",
"n": "4'",
"label": "o 4'"}
,
{
"node": "l",
"frag": "ina",
"id": "P335651.l04d72",
"ref": "P335651.6.1",
"inst": "ina[on]PRP",
"exosig": "@saao/saa06%akk-x-neoass:ina=ina[in//on]PRP'PRP$ina",
"f": {"lang": "akk-x-neoass",
"form": "ina",
"cf": "ina",
"gw": "in",
"sense": "on",
"norm": "ina",
"pos": "PRP",
"epos": "PRP"}
}
,
{
"node": "l",
"frag": "UD",
"id": "P335651.l04d73",
"ref": "P335651.6.2",
"inst": "ūm[day]N",
"exosig": "@saao/saa06%akk-x-neoass:UD=ūmu[day//day]N'N$ūm",
"f": {"lang": "akk-x-neoass",
"form": "UD",
"cf": "ūmu",
"gw": "day",
"sense": "day",
"norm": "ūm",
"pos": "N",
"epos": "N"}
}
,
{
"node": "l",
"frag": "01-KAM",
"id": "P335651.l04d74",
"ref": "P335651.6.3",
"inst": "n",
"f": {"lang": "akk-x-neoass",
"form": "01-KAM",
"pos": "n"}
}
,
{
"node": "l",
"frag": "ša",
"id": "P335651.l04d75",
"ref": "P335651.6.4",
"inst": "ša[of]DET",
"exosig": "@saao/saa06%akk-x-neoass:ša=ša[of//of]DET'DET$ša",
"f": {"lang": "akk-x-neoass",
"form": "ša",
"cf": "ša",
"gw": "of",
"sense": "of",
"norm": "ša",
"pos": "DET",
"epos": "DET"}
}
,
{
"node": "l",
"frag": "{iti}APIN",
"id": "P335651.l04d76",
"ref": "P335651.6.5",
"inst": "Arahsamni[Marchesvan]MN",
"exosig": "@saao/saa06%akk-x-neoass:{ITI}APIN=Arahsamnu[Marchesvan//Marchesvan]MN'MN$Arahsamni",
"f": {"lang": "akk-x-neoass",
"form": "{ITI}APIN",
"cf": "Arahsamnu",
"gw": "Marchesvan",
"sense": "Marchesvan",
"norm": "Arahsamni",
"pos": "MN",
"epos": "MN"}
}
,
{
"node": "d",
"type": "line-start",
"ref": "P335651.7",
"n": "5'",
"label": "o 5'"}
,
{
"node": "l",
"frag": "[ina]",
"id": "P335651.l04d77",
"ref": "P335651.7.1",
"inst": "ina[in]PRP",
"exosig": "@saao/saa06%akk-x-neoass:ina=ina[in//in]PRP'PRP$ina",
"f": {"lang": "akk-x-neoass",
"form": "ina",
"cf": "ina",
"gw": "in",
"sense": "in",
"norm": "ina",
"pos": "PRP",
"epos": "PRP"}
}
,
{
"node": "l",
"frag": "{kur}ru-ṣa-pa",
"id": "P335651.l04d78",
"ref": "P335651.7.2",
"inst": "Raṣappa[1]GN$Ruṣappa",
"exosig": "@saao/saa06%akk-x-neoass:{KUR}ru-ṣa-pa=Raṣappa[1//1]GN'GN$Ruṣappa",
"f": {"lang": "akk-x-neoass",
"form": "{KUR}ru-ṣa-pa",
"cf": "Raṣappa",
"gw": "1",
"sense": "1",
"norm": "Ruṣappa",
"pos": "GN",
"epos": "GN"}
}
,
{
"node": "l",
"frag": "id-du-nu",
"id": "P335651.l04d79",
"ref": "P335651.7.3",
"inst": "iddunu[give]V",
"exosig": "@saao/saa06%akk-x-neoass:id-du-nu=tadānu[give//give]V'V$iddunu",
"f": {"lang": "akk-x-neoass",
"form": "id-du-nu",
"cf": "tadānu",
"gw": "give",
"sense": "give",
"norm": "iddunu",
"pos": "V",
"epos": "V"}
}
,
{
"node": "d",
"type": "line-start",
"ref": "P335651.8",
"n": "6'",
"label": "o 6'"}
,
{
"node": "l",
"frag": "[šum₂]-⸢mu",
"id": "P335651.l04d7a",
"ref": "P335651.8.1",
"inst": "šummu[if]MOD",
"exosig": "@saao/saa06%akk-x-neoass:šum₂-mu=šumma[if//if]MOD'MOD$šummu",
"f": {"lang": "akk-x-neoass",
"form": "šum₂-mu",
"cf": "šumma",
"gw": "if",
"sense": "if",
"norm": "šummu",
"pos": "MOD",
"epos": "MOD"}
}
,
{
"node": "l",
"frag": "la⸣",
"id": "P335651.l04d7b",
"ref": "P335651.8.2",
"inst": "lā[not]MOD",
"exosig": "@saao/saa06%akk-x-neoass:la=lā[not//not]MOD'MOD$lā",
"f": {"lang": "akk-x-neoass",
"form": "la",
"cf": "lā",
"gw": "not",
"sense": "not",
"norm": "lā",
"pos": "MOD",
"epos": "MOD"}
}
,
{
"node": "l",
"frag": "[id-din-nu]",
"id": "P335651.l04d7c",
"ref": "P335651.8.3",
"inst": "tadānu[give]V$iddinu",
"exosig": "@saao/saa06%akk-x-neoass:id-din-nu=tadānu[give//give]V'V$iddinu",
"f": {"lang": "akk-x-neoass",
"form": "id-din-nu",
"cf": "tadānu",
"gw": "give",
"sense": "give",
"norm": "iddinu",
"pos": "V",
"epos": "V"}
}
,
{
"node": "d",
"type": "nonx",
"ref": "P335651.9",
"strict": "0",
"extent": "rest",
"state": "missing"}
]}
]}
]}
,
{
"linkbase": [{
"type": "linkset",
"xlink_title": "ina pān[in the presence of//at the disposal of]PRP'PRP",
"id": "P335651.ls00000",
"xlink_type": "extended",
"xlink_role": "psu",
"sig": "{ina[in]PRP pānu[front]N += ina pān[in the presence of//at the disposal of]PRP'PRP}::@saao%akk-x-neoass:ina=ina[in//into]PRP'PRP$ina++@saao%akk-x-neoass:IGI=pānu[front//front]N'N$pān",
"links": [
{
"type": "link",
"xlink_title": "ina",
"xlink_type": "locator",
"xlink_href": "#P335651.l04d64",
"xlink_role": "elt"}
,
{
"type": "link",
"xlink_title": "pān",
"xlink_type": "locator",
"xlink_href": "#P335651.l04d65",
"xlink_role": "elt"}
]}
,
{
"type": "linkset",
"xlink_title": "ina pān[in the presence of//at the disposal of]PRP'PRP",
"id": "P335651.ls00001",
"xlink_type": "extended",
"xlink_role": "psu",
"sig": "{ina[in]PRP pānu[front]N += ina pān[in the presence of//at the disposal of]PRP'PRP}::@saao%akk-x-neoass:ina=ina[in//into]PRP'PRP$ina++@saao%akk-x-neoass:IGI=pānu[front//front]N'N$pān",
"links": [
{
"type": "link",
"xlink_title": "ina",
"xlink_type": "locator",
"xlink_href": "#P335651.l04d67",
"xlink_role": "elt"}
,
{
"type": "link",
"xlink_title": "pān",
"xlink_type": "locator",
"xlink_href": "#P335651.l04d68",
"xlink_role": "elt"}
]}
,
{
"type": "linkset",
"xlink_title": "ina pān[in the presence of//at the disposal of]PRP'PRP",
"id": "P335651.ls00002",
"xlink_type": "extended",
"xlink_role": "psu",
"sig": "{ina[in]PRP pānu[front]N += ina pān[in the presence of//at the disposal of]PRP'PRP}::@saao%akk-x-neoass:ina=ina[in//into]PRP'PRP$ina++@saao%akk-x-neoass:IGI=pānu[front//front]N'N$pān",
"links": [
{
"type": "link",
"xlink_title": "ina",
"xlink_type": "locator",
"xlink_href": "#P335651.l04d6e",
"xlink_role": "elt"}
,
{
"type": "link",
"xlink_title": "pān",
"xlink_type": "locator",
"xlink_href": "#P335651.l04d6f",
"xlink_role": "elt"}
]}
]}
]}
