{
"type": "cdl",
  "source": "http://oracc.org/saao/saa06",
  "license": "This data is released under the CC0 license",
  "license-url": "https://creativecommons.org/publicdomain/zero/1.0/",
  "more-info": "http://oracc.org/doc/opendata/",
  "UTC-timestamp": "2017-05-19T11:31:18",
"project": "saao/saa06",
"textid": "P335365",
"cdl": [
{
"node": "c",
"type": "text",
"id": "P335365.U0",
"cdl": [
{
"node": "d",
"type": "object",
"ref": ""}
,
{
"node": "d",
"type": "surface",
"ref": ""}
,
{
"node": "c",
"type": "discourse",
"subtype": "body",
"id": "P335365.U1",
"cdl": [
{
"node": "c",
"type": "sentence",
"id": "P335365.U2",
"label": "1 - r.e. 15",
"cdl": [
{
"node": "d",
"type": "line-start",
"ref": "P335365.1",
"n": "1",
"label": "1"}
,
{
"node": "l",
"frag": "[ṣu]-pur",
"id": "P335365.l01493",
"ref": "P335365.1.1",
"inst": "ṣupur[nail]N",
"exosig": "@saao/saa06%akk-x-neoass:ṣu-pur=ṣupru[nail//nail]N'N$ṣupur",
"f": {"lang": "akk-x-neoass",
"form": "ṣu-pur",
"cf": "ṣupru",
"gw": "nail",
"sense": "nail",
"norm": "ṣupur",
"pos": "N",
"epos": "N"}
}
,
{
"node": "l",
"frag": "{1}bar-[ha-te-e]",
"id": "P335365.l01494",
"ref": "P335365.1.2",
"inst": "Bar-ahati[1]PN$Bar-ahate",
"exosig": "@saao/saa06%akk-x-neoass:{1}bar-ha-te-e=Bar-ahati[1//1]PN'PN$Bar-ahate",
"f": {"lang": "akk-x-neoass",
"form": "{1}bar-ha-te-e",
"cf": "Bar-ahati",
"gw": "1",
"sense": "1",
"norm": "Bar-ahate",
"pos": "PN",
"epos": "PN"}
}
,
{
"node": "d",
"type": "line-start",
"ref": "P335365.2",
"n": "2",
"label": "2"}
,
{
"node": "l",
"frag": "⸢EN",
"id": "P335365.l01495",
"ref": "P335365.2.1",
"inst": "bēl[owner]N",
"exosig": "@saao/saa06%akk-x-neoass:EN=bēlu[lord//owner]N'N$bēl",
"f": {"lang": "akk-x-neoass",
"form": "EN",
"cf": "bēlu",
"gw": "lord",
"sense": "owner",
"norm": "bēl",
"pos": "N",
"epos": "N"}
}
,
{
"node": "l",
"frag": "A⸣.ŠA₃",
"id": "P335365.l01496",
"ref": "P335365.2.2",
"inst": "eqli[field]N",
"exosig": "@saao/saa06%akk-x-neoass:A.ŠA₃=eqlu[field//field]N'N$eqli",
"f": {"lang": "akk-x-neoass",
"form": "A.ŠA₃",
"cf": "eqlu",
"gw": "field",
"sense": "field",
"norm": "eqli",
"pos": "N",
"epos": "N"}
}
,
{
"node": "l",
"frag": "E₂",
"id": "P335365.l01497",
"ref": "P335365.2.3",
"inst": "bēti[house]N",
"sig": "@saao%akk-x-neoass:E₂=bītu[house//house]N'N$bēti",
"f": {"lang": "akk-x-neoass",
"form": "E₂",
"cf": "bītu",
"gw": "house",
"sense": "house",
"norm": "bēti",
"pos": "N",
"epos": "N"}
}
,
{
"node": "l",
"frag": "UN-⸢MEŠ",
"id": "P335365.l01498",
"ref": "P335365.2.4",
"inst": "nišē[people]N",
"exosig": "@saao/saa06%akk-x-neoass:UN-MEŠ=nišu[people//people]N'N$nišē",
"f": {"lang": "akk-x-neoass",
"form": "UN-MEŠ",
"cf": "nišu",
"gw": "people",
"sense": "people",
"norm": "nišē",
"pos": "N",
"epos": "N"}
}
,
{
"node": "l",
"frag": "SUM⸣-[ni]",
"id": "P335365.l01499",
"ref": "P335365.2.5",
"inst": "tadānu[give//giving]'N$tadāni",
"exosig": "@saao/saa06%akk-x-neoass:SUM-ni=tadānu[give//giving]V'N$tadāni",
"f": {"lang": "akk-x-neoass",
"form": "SUM-ni",
"cf": "tadānu",
"gw": "give",
"sense": "giving",
"norm": "tadāni",
"pos": "V",
"epos": "N"}
}
,
{
"node": "d",
"type": "nonx",
"ref": "P335365.3",
"strict": "1",
"extent": "n",
"scope": "line",
"state": "ruling",
"flags": "!"}
,
{
"node": "d",
"type": "nonx",
"ref": "P335365.4",
"strict": "0",
"state": "other"}
,
{
"node": "d",
"type": "nonx",
"ref": "P335365.5",
"strict": "1",
"extent": "n",
"scope": "line",
"state": "ruling",
"flags": "!"}
,
{
"node": "d",
"type": "line-start",
"ref": "P335365.6",
"n": "3",
"label": "3"}
,
{
"node": "l",
"frag": "[E₂]",
"id": "P335365.l0149a",
"ref": "P335365.6.1",
"inst": "bētu[plot of land]N",
"exosig": "@saao/saa06%akk-x-neoass:E₂=bītu[house//plot of land]N'N$bētu",
"f": {"lang": "akk-x-neoass",
"form": "E₂",
"cf": "bītu",
"gw": "house",
"sense": "plot of land",
"norm": "bētu",
"pos": "N",
"epos": "N"}
}
,
{
"node": "l",
"frag": "50",
"id": "P335365.l0149b",
"ref": "P335365.6.2",
"inst": "n",
"f": {"lang": "akk-x-neoass",
"form": "50",
"pos": "n"}
}
,
{
"node": "l",
"frag": "ANŠE",
"id": "P335365.l0149c",
"ref": "P335365.6.3",
"inst": "imārī[a unit of area]N",
"exosig": "@saao/saa06%akk-x-neoass:ANŠE=imēru[unit//a unit of area]N'N$imārī",
"f": {"lang": "akk-x-neoass",
"form": "ANŠE",
"cf": "imēru",
"gw": "unit",
"sense": "a unit of area",
"norm": "imārī",
"pos": "N",
"epos": "N"}
}
,
{
"node": "l",
"frag": "A.ŠA₃",
"id": "P335365.l0149d",
"ref": "P335365.6.4",
"inst": "eqlu[land]N",
"exosig": "@saao/saa06%akk-x-neoass:A.ŠA₃=eqlu[field//land]N'N$eqlu",
"f": {"lang": "akk-x-neoass",
"form": "A.ŠA₃",
"cf": "eqlu",
"gw": "field",
"sense": "land",
"norm": "eqlu",
"pos": "N",
"epos": "N"}
}
,
{
"node": "l",
"frag": "10",
"id": "P335365.l0149e",
"ref": "P335365.6.5",
"inst": "n",
"f": {"lang": "akk-x-neoass",
"form": "10",
"pos": "n"}
}
,
{
"node": "l",
"frag": "lim",
"id": "P335365.l0149f",
"ref": "P335365.6.6",
"inst": "līmu[thousand]NU",
"exosig": "@saao/saa06%akk-x-neoass:lim=līm[thousand//thousand]NU'NU$līmu",
"f": {"lang": "akk-x-neoass",
"form": "lim",
"cf": "līm",
"gw": "thousand",
"sense": "thousand",
"norm": "līmu",
"pos": "NU",
"epos": "NU"}
}
,
{
"node": "l",
"frag": "{giš}⸢til-lit⸣",
"id": "P335365.l014a0",
"ref": "P335365.6.7",
"inst": "tillatu[vine]N$tillit",
"exosig": "@saao/saa06%akk-x-neoass:{GIŠ}til-lit=tillatu[vine//vine]N'N$tillit",
"f": {"lang": "akk-x-neoass",
"form": "{GIŠ}til-lit",
"cf": "tillatu",
"gw": "vine",
"sense": "vine",
"norm": "tillit",
"pos": "N",
"epos": "N"}
}
,
{
"node": "d",
"type": "line-start",
"ref": "P335365.7",
"n": "4",
"label": "4"}
,
{
"node": "l",
"frag": "[E₂]",
"id": "P335365.l014a1",
"ref": "P335365.7.1",
"inst": "bētu[house]N",
"exosig": "@saao/saa06%akk-x-neoass:E₂=bītu[house//house]N'N$bētu",
"f": {"lang": "akk-x-neoass",
"form": "E₂",
"cf": "bītu",
"gw": "house",
"sense": "house",
"norm": "bētu",
"pos": "N",
"epos": "N"}
}
,
{
"node": "l",
"frag": "⸢ep⸣-šu₂",
"id": "P335365.l014a2",
"ref": "P335365.7.2",
"inst": "epšu[built]AJ",
"exosig": "@saao/saa06%akk-x-neoass:ep-šu₂=epšu[made//built]AJ'AJ$epšu",
"f": {"lang": "akk-x-neoass",
"form": "ep-šu₂",
"cf": "epšu",
"gw": "made",
"sense": "built",
"norm": "epšu",
"pos": "AJ",
"epos": "AJ"}
}
,
{
"node": "l",
"frag": "{1}ha-ša₂-na",
"id": "P335365.l014a3",
"ref": "P335365.7.3",
"inst": "Hašanu[1]PN",
"exosig": "@saao/saa06%akk-x-neoass:{1}ha-ša₂-na=Hašanu[1//1]PN'PN$Hašanu",
"f": {"lang": "akk-x-neoass",
"form": "{1}ha-ša₂-na",
"cf": "Hašanu",
"gw": "1",
"sense": "1",
"norm": "Hašanu",
"pos": "PN",
"epos": "PN"}
}
,
{
"node": "l",
"frag": "04",
"id": "P335365.l014a4",
"ref": "P335365.7.4",
"inst": "n",
"f": {"lang": "akk-x-neoass",
"form": "04",
"pos": "n"}
}
,
{
"node": "l",
"frag": "DUMU-MEŠ-šu₂",
"id": "P335365.l014a5",
"ref": "P335365.7.5",
"inst": "marʾēšu[son]N",
"sig": "@saao%akk-x-neoass:DUMU-MEŠ-šu₂=māru[son//son]N'N$marʾēšu",
"f": {"lang": "akk-x-neoass",
"form": "DUMU-MEŠ-šu₂",
"cf": "māru",
"gw": "son",
"sense": "son",
"norm": "marʾēšu",
"pos": "N",
"epos": "N"}
}
,
{
"node": "d",
"type": "line-start",
"ref": "P335365.8",
"n": "5",
"label": "5"}
,
{
"node": "l",
"frag": "⸢MI₂⸣-šu₂",
"id": "P335365.l014a6",
"ref": "P335365.8.1",
"inst": "issušu[woman]N",
"exosig": "@saao/saa06%akk-x-neoass:MI₂-šu₂=sinništu[woman//woman]N'N$issušu",
"f": {"lang": "akk-x-neoass",
"form": "MI₂-šu₂",
"cf": "sinništu",
"gw": "woman",
"sense": "woman",
"norm": "issušu",
"pos": "N",
"epos": "N"}
}
,
{
"node": "l",
"frag": "{⸢mi₂⸣}da-an-qi-i",
"id": "P335365.l014a7",
"ref": "P335365.8.2",
"inst": "Danqi[1]PN$",
"exosig": "@saao/saa06%akk-x-neoass:{MI₂}da-an-qi-i=Danqi[1//1]PN'PN$Danqi",
"f": {"lang": "akk-x-neoass",
"form": "{MI₂}da-an-qi-i",
"cf": "Danqi",
"gw": "1",
"sense": "1",
"norm": "Danqi",
"pos": "PN",
"epos": "PN"}
}
,
{
"node": "l",
"frag": "DUMU-ša₂",
"id": "P335365.l014a8",
"ref": "P335365.8.3",
"inst": "māru[son]N$marʾūša",
"exosig": "@saao/saa06%akk-x-neoass:DUMU-ša₂=māru[son//son]N'N$marʾūša",
"f": {"lang": "akk-x-neoass",
"form": "DUMU-ša₂",
"cf": "māru",
"gw": "son",
"sense": "son",
"norm": "marʾūša",
"pos": "N",
"epos": "N"}
}
,
{
"node": "d",
"type": "line-start",
"ref": "P335365.9",
"n": "6",
"label": "6"}
,
{
"node": "l",
"frag": "⸢DUMU⸣.[MI₂-sa]",
"id": "P335365.l014a9",
"ref": "P335365.9.1",
"inst": "marʾassa[daughter]N",
"exosig": "@saao/saa06%akk-x-neoass:DUMU.MI₂-sa=mārtu[daughter//daughter]N'N$marʾassa",
"f": {"lang": "akk-x-neoass",
"form": "DUMU.MI₂-sa",
"cf": "mārtu",
"gw": "daughter",
"sense": "daughter",
"norm": "marʾassa",
"pos": "N",
"epos": "N"}
}
,
{
"node": "l",
"frag": "⸢PAB",
"id": "P335365.l014aa",
"ref": "P335365.9.2",
"inst": "gimru[total]N",
"exosig": "@saao/saa06%akk-x-neoass:PAB=gimru[totality//total]N'N$gimru",
"f": {"lang": "akk-x-neoass",
"form": "PAB",
"cf": "gimru",
"gw": "totality",
"sense": "total",
"norm": "gimru",
"pos": "N",
"epos": "N"}
}
,
{
"node": "l",
"frag": "09",
"id": "P335365.l014ab",
"ref": "P335365.9.3",
"inst": "n",
"f": {"lang": "akk-x-neoass",
"form": "09",
"pos": "n"}
}
,
{
"node": "l",
"frag": "ZI-MEŠ",
"id": "P335365.l014ac",
"ref": "P335365.9.4",
"inst": "nupšāti[person]N",
"exosig": "@saao/saa06%akk-x-neoass:ZI-MEŠ=napištu[throat//person]N'N$nupšāti",
"f": {"lang": "akk-x-neoass",
"form": "ZI-MEŠ",
"cf": "napištu",
"gw": "throat",
"sense": "person",
"norm": "nupšāti",
"pos": "N",
"epos": "N"}
}
,
{
"node": "l",
"frag": "⸢ARAD-MEŠ⸣",
"id": "P335365.l014ad",
"ref": "P335365.9.5",
"inst": "urdāni[servant]N",
"exosig": "@saao/saa06%akk-x-neoass:ARAD-MEŠ=ardu[slave//servant]N'N$urdāni",
"f": {"lang": "akk-x-neoass",
"form": "ARAD-MEŠ",
"cf": "ardu",
"gw": "slave",
"sense": "servant",
"norm": "urdāni",
"pos": "N",
"epos": "N"}
}
,
{
"node": "d",
"type": "line-start",
"ref": "P335365.10",
"n": "7",
"label": "7"}
,
{
"node": "l",
"frag": "⸢ša⸣",
"id": "P335365.l014ae",
"ref": "P335365.10.1",
"inst": "ša[of]DET",
"exosig": "@saao/saa06%akk-x-neoass:ša=ša[of//of]DET'DET$ša",
"f": {"lang": "akk-x-neoass",
"form": "ša",
"cf": "ša",
"gw": "of",
"sense": "of",
"norm": "ša",
"pos": "DET",
"epos": "DET"}
}
,
{
"node": "l",
"frag": "{1}bar-ha]-te-e",
"id": "P335365.l014af",
"ref": "P335365.10.2",
"inst": "Bar-ahati[1]PN$Bar-ahate",
"exosig": "@saao/saa06%akk-x-neoass:{1}bar-ha-te-e=Bar-ahati[1//1]PN'PN$Bar-ahate",
"f": {"lang": "akk-x-neoass",
"form": "{1}bar-ha-te-e",
"cf": "Bar-ahati",
"gw": "1",
"sense": "1",
"norm": "Bar-ahate",
"pos": "PN",
"epos": "PN"}
}
,
{
"node": "l",
"frag": "ina",
"id": "P335365.l014b0",
"ref": "P335365.10.3",
"inst": "ina[in]PRP",
"exosig": "@saao/saa06%akk-x-neoass:ina=ina[in//in]PRP'PRP$ina",
"f": {"lang": "akk-x-neoass",
"form": "ina",
"cf": "ina",
"gw": "in",
"sense": "in",
"norm": "ina",
"pos": "PRP",
"epos": "PRP"}
}
,
{
"node": "l",
"frag": "{uru}ti-⸢ʾi⸣-i",
"id": "P335365.l014b1",
"ref": "P335365.10.4",
"inst": "Tiʾi[1]GN$",
"exosig": "@saao/saa06%akk-x-neoass:{URU}ti-ʾi-i=Tiʾi[1//1]GN'GN$Tiʾi",
"f": {"lang": "akk-x-neoass",
"form": "{URU}ti-ʾi-i",
"cf": "Tiʾi",
"gw": "1",
"sense": "1",
"norm": "Tiʾi",
"pos": "GN",
"epos": "GN"}
}
,
{
"node": "d",
"type": "line-start",
"ref": "P335365.11",
"n": "8",
"label": "8"}
,
{
"node": "l",
"frag": "⸢u₂⸣-[piš-ma]",
"id": "P335365.l014b2",
"ref": "P335365.11.1",
"inst": "uppišma[contract]V",
"exosig": "@saao/saa06%akk-x-neoass:u₂-piš-ma=epēšu[do//contract]V'V$uppišma",
"f": {"lang": "akk-x-neoass",
"form": "u₂-piš-ma",
"cf": "epēšu",
"gw": "do",
"sense": "contract",
"norm": "uppišma",
"pos": "V",
"epos": "V"}
}
,
{
"node": "l",
"frag": "{1}šum₂-mu-DINGIR-MEŠ-ni",
"id": "P335365.l014b3",
"ref": "P335365.11.2",
"inst": "Šumma-ilani[1]PN$Šummu-ilani",
"exosig": "@saao/saa06%akk-x-neoass:{1}šum₂-mu-DINGIR-MEŠ-ni=Šumma-ilani[1//1]PN'PN$Šummu-ilani",
"f": {"lang": "akk-x-neoass",
"form": "{1}šum₂-mu-DINGIR-MEŠ-ni",
"cf": "Šumma-ilani",
"gw": "1",
"sense": "1",
"norm": "Šummu-ilani",
"pos": "PN",
"epos": "PN"}
}
,
{
"node": "d",
"type": "line-start",
"ref": "P335365.12",
"n": "9",
"label": "9"}
,
{
"node": "c",
"type": "phrase",
"tag": "phr",
"id": "P335365.U4",
"ref": "P335365.ls00000",
"cdl": [
{
"node": "l",
"frag": "⸢TA@v⸣",
"id": "P335365.l014b4",
"ref": "P335365.12.1",
"inst": "issu[from+=from]PRP",
"exosig": "@saao/saa06%akk-x-neoass:TA@v=ištu[from//from]PRP'PRP$issu",
"f": {"lang": "akk-x-neoass",
"form": "TA@v",
"cf": "ištu",
"gw": "from",
"sense": "from",
"norm": "issu",
"pos": "PRP",
"epos": "PRP"}
}
,
{
"node": "l",
"frag": "[IGI",
"id": "P335365.l014b5",
"ref": "P335365.12.2",
"inst": "pān[front]N",
"exosig": "@saao/saa06%akk-x-neoass:IGI=pānu[front//front]N'N$pān",
"f": {"lang": "akk-x-neoass",
"form": "IGI",
"cf": "pānu",
"gw": "front",
"sense": "front",
"norm": "pān",
"pos": "N",
"epos": "N"}
}
]}
,
{
"node": "l",
"frag": "{1}⸢bar⸣-ha-te-⸢e",
"id": "P335365.l014b6",
"ref": "P335365.12.3",
"inst": "Bar-ahati[1]PN$Bar-ahate",
"exosig": "@saao/saa06%akk-x-neoass:{1}bar-ha-te-e=Bar-ahati[1//1]PN'PN$Bar-ahate",
"f": {"lang": "akk-x-neoass",
"form": "{1}bar-ha-te-e",
"cf": "Bar-ahati",
"gw": "1",
"sense": "1",
"norm": "Bar-ahate",
"pos": "PN",
"epos": "PN"}
}
,
{
"node": "c",
"type": "phrase",
"tag": "phr",
"id": "P335365.U5",
"ref": "P335365.ls00001",
"cdl": [
{
"node": "l",
"frag": "ina",
"id": "P335365.l014b7",
"ref": "P335365.12.4",
"inst": "ina[in+=for]PRP",
"exosig": "@saao/saa06%akk-x-neoass:ina=ina[in//in]PRP'PRP$ina",
"f": {"lang": "akk-x-neoass",
"form": "ina",
"cf": "ina",
"gw": "in",
"sense": "in",
"norm": "ina",
"pos": "PRP",
"epos": "PRP"}
}
,
{
"node": "l",
"frag": "ŠA₃⸣-bi",
"id": "P335365.l014b8",
"ref": "P335365.12.5",
"inst": "libbi[interior]N",
"exosig": "@saao/saa06%akk-x-neoass:ŠA₃-bi=libbu[interior//interior]N'N$libbi",
"f": {"lang": "akk-x-neoass",
"form": "ŠA₃-bi",
"cf": "libbu",
"gw": "interior",
"sense": "interior",
"norm": "libbi",
"pos": "N",
"epos": "N"}
}
]}
,
{
"node": "d",
"type": "line-start",
"ref": "P335365.13",
"n": "10",
"label": "10"}
,
{
"node": "l",
"frag": "06",
"id": "P335365.l014b9",
"ref": "P335365.13.1",
"inst": "n",
"f": {"lang": "akk-x-neoass",
"form": "06",
"pos": "n"}
}
,
{
"node": "l",
"frag": "MA.⸢NA",
"id": "P335365.l014ba",
"ref": "P335365.13.2",
"inst": "manê[a unit of weight]N",
"exosig": "@saao/saa06%akk-x-neoass:MA.NA=manû[unit//a unit of weight]N'N$manê",
"f": {"lang": "akk-x-neoass",
"form": "MA.NA",
"cf": "manû",
"gw": "unit",
"sense": "a unit of weight",
"norm": "manê",
"pos": "N",
"epos": "N"}
}
,
{
"node": "l",
"frag": "KUG⸣.UD",
"id": "P335365.l014bb",
"ref": "P335365.13.3",
"inst": "ṣarpi[silver]N",
"exosig": "@saao/saa06%akk-x-neoass:KUG.UD=ṣarpu[silver//silver]N'N$ṣarpi",
"f": {"lang": "akk-x-neoass",
"form": "KUG.UD",
"cf": "ṣarpu",
"gw": "silver",
"sense": "silver",
"norm": "ṣarpi",
"pos": "N",
"epos": "N"}
}
,
{
"node": "l",
"frag": "ina",
"id": "P335365.l014bc",
"ref": "P335365.13.4",
"inst": "ina[by]PRP",
"exosig": "@saao/saa06%akk-x-neoass:ina=ina[in//by]PRP'PRP$ina",
"f": {"lang": "akk-x-neoass",
"form": "ina",
"cf": "ina",
"gw": "in",
"sense": "by",
"norm": "ina",
"pos": "PRP",
"epos": "PRP"}
}
,
{
"node": "l",
"frag": "⸢MA⸣.[NA-e",
"id": "P335365.l014bd",
"ref": "P335365.13.5",
"inst": "manê[a unit of weight]N",
"exosig": "@saao/saa06%akk-x-neoass:MA.NA-e=manû[unit//a unit of weight]N'N$manê",
"f": {"lang": "akk-x-neoass",
"form": "MA.NA-e",
"cf": "manû",
"gw": "unit",
"sense": "a unit of weight",
"norm": "manê",
"pos": "N",
"epos": "N"}
}
,
{
"node": "l",
"frag": "ša",
"id": "P335365.l014be",
"ref": "P335365.13.6",
"inst": "ša[of]DET",
"exosig": "@saao/saa06%akk-x-neoass:ša=ša[of//of]DET'DET$ša",
"f": {"lang": "akk-x-neoass",
"form": "ša",
"cf": "ša",
"gw": "of",
"sense": "of",
"norm": "ša",
"pos": "DET",
"epos": "DET"}
}
,
{
"node": "l",
"frag": "MAN",
"id": "P335365.l014bf",
"ref": "P335365.13.7",
"inst": "šarri[king]N",
"exosig": "@saao/saa06%akk-x-neoass:MAN=šarru[king//king]N'N$šarri",
"f": {"lang": "akk-x-neoass",
"form": "MAN",
"cf": "šarru",
"gw": "king",
"sense": "king",
"norm": "šarri",
"pos": "N",
"epos": "N"}
}
,
{
"node": "l",
"frag": "il-qi₂]",
"id": "P335365.l014c0",
"ref": "P335365.13.8",
"inst": "ilqi[purchase]V",
"exosig": "@saao/saa06%akk-x-neoass:il-qi₂=leqû[take//purchase]V'V$ilqi",
"f": {"lang": "akk-x-neoass",
"form": "il-qi₂",
"cf": "leqû",
"gw": "take",
"sense": "purchase",
"norm": "ilqi",
"pos": "V",
"epos": "V"}
}
,
{
"node": "d",
"type": "line-start",
"ref": "P335365.14",
"n": "11",
"label": "11"}
,
{
"node": "l",
"frag": "kas-pu",
"id": "P335365.l014c1",
"ref": "P335365.14.1",
"inst": "kaspu[money]N",
"exosig": "@saao/saa06%akk-x-neoass:kas-pu=kaspu[silver//money]N'N$kaspu",
"f": {"lang": "akk-x-neoass",
"form": "kas-pu",
"cf": "kaspu",
"gw": "silver",
"sense": "money",
"norm": "kaspu",
"pos": "N",
"epos": "N"}
}
,
{
"node": "l",
"frag": "ga-⸢am⸣-[mur",
"id": "P335365.l014c2",
"ref": "P335365.14.2",
"inst": "gammur[completed]AJ",
"exosig": "@saao/saa06%akk-x-neoass:ga-am-mur=gammuru[finished//completed]AJ'AJ$gammur",
"f": {"lang": "akk-x-neoass",
"form": "ga-am-mur",
"cf": "gammuru",
"gw": "finished",
"sense": "completed",
"norm": "gammur",
"pos": "AJ",
"epos": "AJ"}
}
,
{
"node": "l",
"frag": "ta-ad-din]",
"id": "P335365.l014c3",
"ref": "P335365.14.3",
"inst": "taddin[paid]AJ",
"exosig": "@saao/saa06%akk-x-neoass:ta-ad-din=tadnu[given//paid]AJ'AJ$taddin",
"f": {"lang": "akk-x-neoass",
"form": "ta-ad-din",
"cf": "tadnu",
"gw": "given",
"sense": "paid",
"norm": "taddin",
"pos": "AJ",
"epos": "AJ"}
}
,
{
"node": "d",
"type": "line-start",
"ref": "P335365.15",
"n": "12",
"label": "12"}
,
{
"node": "l",
"frag": "A.ŠA₃",
"id": "P335365.l014c4",
"ref": "P335365.15.1",
"inst": "eqlu[field]N",
"exosig": "@saao/saa06%akk-x-neoass:A.ŠA₃=eqlu[field//field]N'N$eqlu",
"f": {"lang": "akk-x-neoass",
"form": "A.ŠA₃",
"cf": "eqlu",
"gw": "field",
"sense": "field",
"norm": "eqlu",
"pos": "N",
"epos": "N"}
}
,
{
"node": "l",
"frag": "E₂",
"id": "P335365.l014c5",
"ref": "P335365.15.2",
"inst": "bētu[house]N",
"exosig": "@saao/saa06%akk-x-neoass:E₂=bītu[house//house]N'N$bētu",
"f": {"lang": "akk-x-neoass",
"form": "E₂",
"cf": "bītu",
"gw": "house",
"sense": "house",
"norm": "bētu",
"pos": "N",
"epos": "N"}
}
,
{
"node": "l",
"frag": "[UN-MEŠ",
"id": "P335365.l014c6",
"ref": "P335365.15.3",
"inst": "nišē[people]N",
"exosig": "@saao/saa06%akk-x-neoass:UN-MEŠ=nišu[people//people]N'N$nišē",
"f": {"lang": "akk-x-neoass",
"form": "UN-MEŠ",
"cf": "nišu",
"gw": "people",
"sense": "people",
"norm": "nišē",
"pos": "N",
"epos": "N"}
}
,
{
"node": "l",
"frag": "{giš}SAR",
"id": "P335365.l014c7",
"ref": "P335365.15.4",
"inst": "kiriu[garden]N",
"exosig": "@saao/saa06%akk-x-neoass:{GIŠ}SAR=kirû[garden//garden]N'N$kiriu",
"f": {"lang": "akk-x-neoass",
"form": "{GIŠ}SAR",
"cf": "kirû",
"gw": "garden",
"sense": "garden",
"norm": "kiriu",
"pos": "N",
"epos": "N"}
}
,
{
"node": "l",
"frag": "šu-a-tu₂]",
"id": "P335365.l014c8",
"ref": "P335365.15.5",
"inst": "šuātu[that]'DP",
"exosig": "@saao/saa06%akk-x-neoass:šu-a-tu₂=šuāti[him//that]IP'DP$šuātu",
"f": {"lang": "akk-x-neoass",
"form": "šu-a-tu₂",
"cf": "šuāti",
"gw": "him",
"sense": "that",
"norm": "šuātu",
"pos": "IP",
"epos": "DP"}
}
,
{
"node": "d",
"type": "line-start",
"ref": "P335365.16",
"n": "13",
"label": "13"}
,
{
"node": "l",
"frag": "za-⸢ar⸣-[pu",
"id": "P335365.l014c9",
"ref": "P335365.16.1",
"inst": "zarpu[purchased]AJ",
"exosig": "@saao/saa06%akk-x-neoass:za-ar-pu=zarpu[purchased//purchased]AJ'AJ$zarpu",
"f": {"lang": "akk-x-neoass",
"form": "za-ar-pu",
"cf": "zarpu",
"gw": "purchased",
"sense": "purchased",
"norm": "zarpu",
"pos": "AJ",
"epos": "AJ"}
}
,
{
"node": "l",
"frag": "laq-qi₂-u]",
"id": "P335365.l014ca",
"ref": "P335365.16.2",
"inst": "laqqiu[acquired]AJ",
"exosig": "@saao/saa06%akk-x-neoass:laq-qi₂-u=leqû[taken//acquired]AJ'AJ$laqqiu",
"f": {"lang": "akk-x-neoass",
"form": "laq-qi₂-u",
"cf": "leqû",
"gw": "taken",
"sense": "acquired",
"norm": "laqqiu",
"pos": "AJ",
"epos": "AJ"}
}
,
{
"node": "d",
"subtype": "reverse",
"type": "surface",
"ref": "P335365.r.17",
"type": "reverse",
"label": "r"}
,
{
"node": "d",
"type": "line-start",
"ref": "P335365.18",
"n": "1",
"label": "r 1"}
,
{
"node": "l",
"frag": "tu-a-ru",
"id": "P335365.l014cb",
"ref": "P335365.18.1",
"inst": "tuāru[revocation]'N",
"exosig": "@saao/saa06%akk-x-neoass:tu-a-ru=târu[turn//revocation]V'N$tuāru",
"f": {"lang": "akk-x-neoass",
"form": "tu-a-ru",
"cf": "târu",
"gw": "turn",
"sense": "revocation",
"norm": "tuāru",
"pos": "V",
"epos": "N"}
}
,
{
"node": "l",
"frag": "de-e-nu",
"id": "P335365.l014cc",
"ref": "P335365.18.2",
"inst": "dēnu[lawsuit]N",
"exosig": "@saao/saa06%akk-x-neoass:de-e-nu=dīnu[legal decision//lawsuit]N'N$dēnu",
"f": {"lang": "akk-x-neoass",
"form": "de-e-nu",
"cf": "dīnu",
"gw": "legal decision",
"sense": "lawsuit",
"norm": "dēnu",
"pos": "N",
"epos": "N"}
}
,
{
"node": "l",
"frag": "⸢da-ba⸣-[bu",
"id": "P335365.l014cd",
"ref": "P335365.18.3",
"inst": "dabābu[speak//litigation]V'N$",
"exosig": "@saao/saa06%akk-x-neoass:da-ba-bu=dabābu[speak//litigation]V'N$dabābu",
"f": {"lang": "akk-x-neoass",
"form": "da-ba-bu",
"cf": "dabābu",
"gw": "speak",
"sense": "litigation",
"norm": "dabābu",
"pos": "V",
"epos": "N"}
}
,
{
"node": "l",
"frag": "la-aš₂-šu₂]",
"id": "P335365.l014ce",
"ref": "P335365.18.4",
"inst": "laššu[(there) is not]V",
"exosig": "@saao/saa06%akk-x-neoass:la-aš₂-šu₂=laššu[(there) is not//(there) is not]V'V$laššu",
"f": {"lang": "akk-x-neoass",
"form": "la-aš₂-šu₂",
"cf": "laššu",
"gw": "(there) is not",
"sense": "(there) is not",
"norm": "laššu",
"pos": "V",
"epos": "V"}
}
,
{
"node": "d",
"type": "line-start",
"ref": "P335365.19",
"n": "2",
"label": "r 2"}
,
{
"node": "l",
"frag": "man-nu",
"id": "P335365.l014cf",
"ref": "P335365.19.1",
"inst": "mannu[whoever]'XP",
"exosig": "@saao/saa06%akk-x-neoass:man-nu=mannu[who?//whoever]QP'XP$mannu",
"f": {"lang": "akk-x-neoass",
"form": "man-nu",
"cf": "mannu",
"gw": "who?",
"sense": "whoever",
"norm": "mannu",
"pos": "QP",
"epos": "XP"}
}
,
{
"node": "l",
"frag": "ša",
"id": "P335365.l014d0",
"ref": "P335365.19.2",
"inst": "ša[that]REL",
"exosig": "@saao/saa06%akk-x-neoass:ša=ša[that//that]REL'REL$ša",
"f": {"lang": "akk-x-neoass",
"form": "ša",
"cf": "ša",
"gw": "that",
"sense": "that",
"norm": "ša",
"pos": "REL",
"epos": "REL"}
}
,
{
"node": "c",
"type": "phrase",
"tag": "phr",
"id": "P335365.U6",
"ref": "P335365.ls00002",
"cdl": [
{
"node": "l",
"frag": "ina",
"id": "P335365.l014d1",
"ref": "P335365.19.3",
"inst": "ina[in+=in the future]PRP",
"exosig": "@saao/saa06%akk-x-neoass:ina=ina[in//in]PRP'PRP$ina",
"f": {"lang": "akk-x-neoass",
"form": "ina",
"cf": "ina",
"gw": "in",
"sense": "in",
"norm": "ina",
"pos": "PRP",
"epos": "PRP"}
}
,
{
"node": "l",
"frag": "ur-kiš",
"id": "P335365.l014d2",
"ref": "P335365.19.4",
"inst": "urkiš[later]AV",
"exosig": "@saao/saa06%akk-x-neoass:ur-kiš=urkiš[later//later]AV'AV$urkiš",
"f": {"lang": "akk-x-neoass",
"form": "ur-kiš",
"cf": "urkiš",
"gw": "later",
"sense": "later",
"norm": "urkiš",
"pos": "AV",
"epos": "AV"}
}
]}
,
{
"node": "l",
"frag": "⸢GIL⸣-[u-ni]",
"id": "P335365.l014d3",
"ref": "P335365.19.5",
"inst": "iparrakūni[contravene]V",
"exosig": "@saao/saa06%akk-x-neoass:GIL-u-ni=parāku[lie across//contravene]V'V$iparrakūni",
"f": {"lang": "akk-x-neoass",
"form": "GIL-u-ni",
"cf": "parāku",
"gw": "lie across",
"sense": "contravene",
"norm": "iparrakūni",
"pos": "V",
"epos": "V"}
}
,
{
"node": "d",
"type": "line-start",
"ref": "P335365.20",
"n": "3",
"label": "r 3"}
,
{
"node": "l",
"frag": "lu",
"id": "P335365.l014d4",
"ref": "P335365.20.1",
"inst": "lū[may]MOD",
"exosig": "@saao/saa06%akk-x-neoass:lu=lū[may//may]MOD'MOD$lū",
"f": {"lang": "akk-x-neoass",
"form": "lu",
"cf": "lū",
"gw": "may",
"sense": "may",
"norm": "lū",
"pos": "MOD",
"epos": "MOD"}
}
,
{
"node": "l",
"frag": "{1}bar-ha-te",
"id": "P335365.l014d5",
"ref": "P335365.20.2",
"inst": "Bar-ahati[1]PN$Bar-ahate",
"exosig": "@saao/saa06%akk-x-neoass:{1}bar-ha-te=Bar-ahati[1//1]PN'PN$Bar-ahate",
"f": {"lang": "akk-x-neoass",
"form": "{1}bar-ha-te",
"cf": "Bar-ahati",
"gw": "1",
"sense": "1",
"norm": "Bar-ahate",
"pos": "PN",
"epos": "PN"}
}
,
{
"node": "l",
"frag": "⸢lu⸣",
"id": "P335365.l014d6",
"ref": "P335365.20.3",
"inst": "lū[may]MOD",
"exosig": "@saao/saa06%akk-x-neoass:lu=lū[may//may]MOD'MOD$lū",
"f": {"lang": "akk-x-neoass",
"form": "lu",
"cf": "lū",
"gw": "may",
"sense": "may",
"norm": "lū",
"pos": "MOD",
"epos": "MOD"}
}
,
{
"node": "l",
"frag": "DUMU-MEŠ-⸢šu₂⸣",
"id": "P335365.l014d7",
"ref": "P335365.20.4",
"inst": "marʾēšu[son]N",
"sig": "@saao%akk-x-neoass:DUMU-MEŠ-šu₂=māru[son//son]N'N$marʾēšu",
"f": {"lang": "akk-x-neoass",
"form": "DUMU-MEŠ-šu₂",
"cf": "māru",
"gw": "son",
"sense": "son",
"norm": "marʾēšu",
"pos": "N",
"epos": "N"}
}
,
{
"node": "d",
"type": "line-start",
"ref": "P335365.21",
"n": "4",
"label": "r 4"}
,
{
"node": "l",
"frag": "lu",
"id": "P335365.l014d8",
"ref": "P335365.21.1",
"inst": "lū[may]MOD",
"exosig": "@saao/saa06%akk-x-neoass:lu=lū[may//may]MOD'MOD$lū",
"f": {"lang": "akk-x-neoass",
"form": "lu",
"cf": "lū",
"gw": "may",
"sense": "may",
"norm": "lū",
"pos": "MOD",
"epos": "MOD"}
}
,
{
"node": "l",
"frag": "qur-ub-šu₂",
"id": "P335365.l014d9",
"ref": "P335365.21.2",
"inst": "qurbu[relative//neighbour]N$qurubšu",
"exosig": "@saao/saa06%akk-x-neoass:qur-ub-šu₂=qurbu[relative//neighbour]N'N$qurubšu",
"f": {"lang": "akk-x-neoass",
"form": "qur-ub-šu₂",
"cf": "qurbu",
"gw": "relative",
"sense": "neighbour",
"norm": "qurubšu",
"pos": "N",
"epos": "N"}
}
,
{
"node": "l",
"frag": "⸢lu",
"id": "P335365.l014da",
"ref": "P335365.21.3",
"inst": "lū[may]MOD",
"exosig": "@saao/saa06%akk-x-neoass:lu=lū[may//may]MOD'MOD$lū",
"f": {"lang": "akk-x-neoass",
"form": "lu",
"cf": "lū",
"gw": "may",
"sense": "may",
"norm": "lū",
"pos": "MOD",
"epos": "MOD"}
}
,
{
"node": "l",
"frag": "mam₂-ma-nu-šu₂⸣",
"id": "P335365.l014db",
"ref": "P335365.21.4",
"inst": "mammannūšu[relative]'N",
"exosig": "@saao/saa06%akk-x-neoass:mam₂-ma-nu-šu₂=mammanu-[whosoever//relative]XP'N$mammannūšu",
"f": {"lang": "akk-x-neoass",
"form": "mam₂-ma-nu-šu₂",
"cf": "mammanu-",
"gw": "whosoever",
"sense": "relative",
"norm": "mammannūšu",
"pos": "XP",
"epos": "N"}
}
,
{
"node": "d",
"type": "line-start",
"ref": "P335365.22",
"n": "5",
"label": "r 5"}
,
{
"node": "l",
"frag": "ša",
"id": "P335365.l014dc",
"ref": "P335365.22.1",
"inst": "ša[that]REL",
"exosig": "@saao/saa06%akk-x-neoass:ša=ša[that//that]REL'REL$ša",
"f": {"lang": "akk-x-neoass",
"form": "ša",
"cf": "ša",
"gw": "that",
"sense": "that",
"norm": "ša",
"pos": "REL",
"epos": "REL"}
}
,
{
"node": "l",
"frag": "TA@v",
"id": "P335365.l014dd",
"ref": "P335365.22.2",
"inst": "issi[with]PRP",
"exosig": "@saao/saa06%akk-x-neoass:TA@v=išti[with//with]PRP'PRP$issi",
"f": {"lang": "akk-x-neoass",
"form": "TA@v",
"cf": "išti",
"gw": "with",
"sense": "with",
"norm": "issi",
"pos": "PRP",
"epos": "PRP"}
}
,
{
"node": "l",
"frag": "{1}šum₂-mu-⸢DINGIR-MEŠ⸣-ni",
"id": "P335365.l014de",
"ref": "P335365.22.3",
"inst": "Šumma-ilani[1]PN$Šummu-ilani",
"exosig": "@saao/saa06%akk-x-neoass:{1}šum₂-mu-DINGIR-MEŠ-ni=Šumma-ilani[1//1]PN'PN$Šummu-ilani",
"f": {"lang": "akk-x-neoass",
"form": "{1}šum₂-mu-DINGIR-MEŠ-ni",
"cf": "Šumma-ilani",
"gw": "1",
"sense": "1",
"norm": "Šummu-ilani",
"pos": "PN",
"epos": "PN"}
}
,
{
"node": "l",
"frag": "⸢DUMU⸣-MEŠ-šu₂",
"id": "P335365.l014df",
"ref": "P335365.22.4",
"inst": "marʾēšu[son]N",
"sig": "@saao%akk-x-neoass:DUMU-MEŠ-šu₂=māru[son//son]N'N$marʾēšu",
"f": {"lang": "akk-x-neoass",
"form": "DUMU-MEŠ-šu₂",
"cf": "māru",
"gw": "son",
"sense": "son",
"norm": "marʾēšu",
"pos": "N",
"epos": "N"}
}
,
{
"node": "d",
"type": "line-start",
"ref": "P335365.23",
"n": "6",
"label": "r 6"}
,
{
"node": "l",
"frag": "⸢de⸣-e-nu",
"id": "P335365.l014e0",
"ref": "P335365.23.1",
"inst": "dēnu[lawsuit]N",
"exosig": "@saao/saa06%akk-x-neoass:de-e-nu=dīnu[legal decision//lawsuit]N'N$dēnu",
"f": {"lang": "akk-x-neoass",
"form": "de-e-nu",
"cf": "dīnu",
"gw": "legal decision",
"sense": "lawsuit",
"norm": "dēnu",
"pos": "N",
"epos": "N"}
}
,
{
"node": "l",
"frag": "da-ba-bu",
"id": "P335365.l014e1",
"ref": "P335365.23.2",
"inst": "dabābu[speak//litigation]V'N$",
"exosig": "@saao/saa06%akk-x-neoass:da-ba-bu=dabābu[speak//litigation]V'N$dabābu",
"f": {"lang": "akk-x-neoass",
"form": "da-ba-bu",
"cf": "dabābu",
"gw": "speak",
"sense": "litigation",
"norm": "dabābu",
"pos": "V",
"epos": "N"}
}
,
{
"node": "l",
"frag": "⸢ub-ta⸣-[ʾu]-⸢ni⸣",
"id": "P335365.l014e2",
"ref": "P335365.23.3",
"inst": "ubtaʾʾūni[seek]V",
"exosig": "@saao/saa06%akk-x-neoass:ub-ta-ʾu-ni=buʾʾû[look for//seek]V'V$ubtaʾʾūni",
"f": {"lang": "akk-x-neoass",
"form": "ub-ta-ʾu-ni",
"cf": "buʾʾû",
"gw": "look for",
"sense": "seek",
"norm": "ubtaʾʾūni",
"pos": "V",
"epos": "V"}
}
,
{
"node": "d",
"type": "line-start",
"ref": "P335365.24",
"n": "7",
"label": "r 7"}
,
{
"node": "l",
"frag": "10",
"id": "P335365.l014e3",
"ref": "P335365.24.1",
"inst": "n",
"f": {"lang": "akk-x-neoass",
"form": "10",
"pos": "n"}
}
,
{
"node": "l",
"frag": "MA].⸢NA",
"id": "P335365.l014e4",
"ref": "P335365.24.2",
"inst": "manê[a unit of weight]N",
"exosig": "@saao/saa06%akk-x-neoass:MA.NA=manû[unit//a unit of weight]N'N$manê",
"f": {"lang": "akk-x-neoass",
"form": "MA.NA",
"cf": "manû",
"gw": "unit",
"sense": "a unit of weight",
"norm": "manê",
"pos": "N",
"epos": "N"}
}
,
{
"node": "l",
"frag": "KUG.UD⸣",
"id": "P335365.l014e5",
"ref": "P335365.24.3",
"inst": "ṣarpi[silver]N",
"exosig": "@saao/saa06%akk-x-neoass:KUG.UD=ṣarpu[silver//silver]N'N$ṣarpi",
"f": {"lang": "akk-x-neoass",
"form": "KUG.UD",
"cf": "ṣarpu",
"gw": "silver",
"sense": "silver",
"norm": "ṣarpi",
"pos": "N",
"epos": "N"}
}
,
{
"node": "l",
"frag": "01",
"id": "P335365.l014e6",
"ref": "P335365.24.4",
"inst": "n",
"f": {"lang": "akk-x-neoass",
"form": "01",
"pos": "n"}
}
,
{
"node": "l",
"frag": "⸢MA⸣.NA",
"id": "P335365.l014e7",
"ref": "P335365.24.5",
"inst": "manû[a unit of weight]N",
"exosig": "@saao/saa06%akk-x-neoass:MA.NA=manû[unit//a unit of weight]N'N$manû",
"f": {"lang": "akk-x-neoass",
"form": "MA.NA",
"cf": "manû",
"gw": "unit",
"sense": "a unit of weight",
"norm": "manû",
"pos": "N",
"epos": "N"}
}
,
{
"node": "l",
"frag": "⸢KUG⸣.GI",
"id": "P335365.l014e8",
"ref": "P335365.24.6",
"inst": "hurāṣi[gold]N",
"exosig": "@saao/saa06%akk-x-neoass:KUG.GI=hurāṣu[gold//gold]N'N$hurāṣi",
"f": {"lang": "akk-x-neoass",
"form": "KUG.GI",
"cf": "hurāṣu",
"gw": "gold",
"sense": "gold",
"norm": "hurāṣi",
"pos": "N",
"epos": "N"}
}
,
{
"node": "l",
"frag": "⸢sak-ru⸣",
"id": "P335365.l014e9",
"ref": "P335365.24.7",
"inst": "sakru[refined]AJ",
"exosig": "@saao/saa06%akk-x-neoass:sak-ru=sakru[refined//refined]AJ'AJ$sakru",
"f": {"lang": "akk-x-neoass",
"form": "sak-ru",
"cf": "sakru",
"gw": "refined",
"sense": "refined",
"norm": "sakru",
"pos": "AJ",
"epos": "AJ"}
}
,
{
"node": "d",
"type": "line-start",
"ref": "P335365.25",
"n": "8",
"label": "r 8"}
,
{
"node": "l",
"frag": "[ina",
"id": "P335365.l014ea",
"ref": "P335365.25.1",
"inst": "ina[in]PRP",
"exosig": "@saao/saa06%akk-x-neoass:ina=ina[in//in]PRP'PRP$ina",
"f": {"lang": "akk-x-neoass",
"form": "ina",
"cf": "ina",
"gw": "in",
"sense": "in",
"norm": "ina",
"pos": "PRP",
"epos": "PRP"}
}
,
{
"node": "l",
"frag": "bur]-⸢ki⸣",
"id": "P335365.l014eb",
"ref": "P335365.25.2",
"inst": "burki[lap]N",
"exosig": "@saao/saa06%akk-x-neoass:bur-ki=burku[knee//lap]N'N$burki",
"f": {"lang": "akk-x-neoass",
"form": "bur-ki",
"cf": "burku",
"gw": "knee",
"sense": "lap",
"norm": "burki",
"pos": "N",
"epos": "N"}
}
,
{
"node": "l",
"frag": "{d}IŠ.TAR",
"id": "P335365.l014ec",
"ref": "P335365.25.3",
"inst": "+Ištar[]DN$Issar",
"sig": "@saao%akk-x-neoass:{d}IŠ.TAR=Ištar[1//1]DN'DN$Issar",
"f": {"lang": "akk-x-neoass",
"form": "{d}IŠ.TAR",
"cf": "Ištar",
"gw": "1",
"sense": "1",
"norm": "Issar",
"pos": "DN",
"epos": "DN"}
}
,
{
"node": "l",
"frag": "a-ši-bat",
"id": "P335365.l014ed",
"ref": "P335365.25.4",
"inst": "āšibāt[residing]AJ",
"exosig": "@saao/saa06%akk-x-neoass:a-ši-bat=āšibu[sitting//residing]AJ'AJ$āšibāt",
"f": {"lang": "akk-x-neoass",
"form": "a-ši-bat",
"cf": "āšibu",
"gw": "sitting",
"sense": "residing",
"norm": "āšibāt",
"pos": "AJ",
"epos": "AJ"}
}
,
{
"node": "l",
"frag": "{⸢uru⸣}[NINA]",
"id": "P335365.l014ee",
"ref": "P335365.25.5",
"inst": "Ninua[Nineveh]GN",
"exosig": "@saao/saa06%akk-x-neoass:{URU}NINA=Ninua[Nineveh//Nineveh]GN'GN$Ninua",
"f": {"lang": "akk-x-neoass",
"form": "{URU}NINA",
"cf": "Ninua",
"gw": "Nineveh",
"sense": "Nineveh",
"norm": "Ninua",
"pos": "GN",
"epos": "GN"}
}
,
{
"node": "l",
"frag": "⸢GAR-an⸣",
"id": "P335365.l014ef",
"ref": "P335365.25.6",
"inst": "išakkan[place]V",
"exosig": "@saao/saa06%akk-x-neoass:GAR-an=šakānu[put//place]V'V$išakkan",
"f": {"lang": "akk-x-neoass",
"form": "GAR-an",
"cf": "šakānu",
"gw": "put",
"sense": "place",
"norm": "išakkan",
"pos": "V",
"epos": "V"}
}
,
{
"node": "d",
"type": "line-start",
"ref": "P335365.26",
"n": "9",
"label": "r 9"}
,
{
"node": "l",
"frag": "[kas-pu]",
"id": "P335365.l014f0",
"ref": "P335365.26.1",
"inst": "kaspu[money]N",
"exosig": "@saao/saa06%akk-x-neoass:kas-pu=kaspu[silver//money]N'N$kaspu",
"f": {"lang": "akk-x-neoass",
"form": "kas-pu",
"cf": "kaspu",
"gw": "silver",
"sense": "money",
"norm": "kaspu",
"pos": "N",
"epos": "N"}
}
,
{
"node": "c",
"type": "phrase",
"tag": "phr",
"id": "P335365.U7",
"ref": "P335365.ls00003",
"cdl": [
{
"node": "l",
"frag": "⸢a⸣-na",
"id": "P335365.l014f1",
"ref": "P335365.26.2",
"inst": "ana[to+=tenfold]PRP$",
"exosig": "@saao/saa06%akk-x-neoass:a-na=ana[to//to]PRP'PRP$ana",
"f": {"lang": "akk-x-neoass",
"form": "a-na",
"cf": "ana",
"gw": "to",
"sense": "to",
"norm": "ana",
"pos": "PRP",
"epos": "PRP"}
}
,
{
"node": "l",
"frag": "10-MEŠ",
"id": "P335365.l014f2",
"ref": "P335365.26.3",
"inst": "ešriātu[tenfold]AV$ešrāti",
"exosig": "@saao/saa06%akk-x-neoass:10-MEŠ=ešriātu[tenfold//tenfold]AV'AV$ešrāti",
"f": {"lang": "akk-x-neoass",
"form": "10-MEŠ",
"cf": "ešriātu",
"gw": "tenfold",
"sense": "tenfold",
"norm": "ešrāti",
"pos": "AV",
"epos": "AV"}
}
]}
,
{
"node": "l",
"frag": "a-[na]",
"id": "P335365.l014f3",
"ref": "P335365.26.4",
"inst": "ana[to]PRP",
"exosig": "@saao/saa06%akk-x-neoass:a-na=ana[to//to]PRP'PRP$ana",
"f": {"lang": "akk-x-neoass",
"form": "a-na",
"cf": "ana",
"gw": "to",
"sense": "to",
"norm": "ana",
"pos": "PRP",
"epos": "PRP"}
}
,
{
"node": "l",
"frag": "EN-šu₂",
"id": "P335365.l014f4",
"ref": "P335365.26.5",
"inst": "bēlīšu[lord]N",
"exosig": "@saao/saa06%akk-x-neoass:EN-šu₂=bēlu[lord//lord]N'N$bēlīšu",
"f": {"lang": "akk-x-neoass",
"form": "EN-šu₂",
"cf": "bēlu",
"gw": "lord",
"sense": "lord",
"norm": "bēlīšu",
"pos": "N",
"epos": "N"}
}
,
{
"node": "l",
"frag": "⸢GUR⸣",
"id": "P335365.l014f5",
"ref": "P335365.26.6",
"inst": "itūar[return]V",
"exosig": "@saao/saa06%akk-x-neoass:GUR=târu[turn//return]V'V$itūar",
"f": {"lang": "akk-x-neoass",
"form": "GUR",
"cf": "târu",
"gw": "turn",
"sense": "return",
"norm": "itūar",
"pos": "V",
"epos": "V"}
}
,
{
"node": "l",
"frag": "[o]",
"id": "P335365.l014f6",
"ref": "P335365.26.7",
"inst": "u",
"f": {"lang": "akk-x-neoass",
"form": "o",
"pos": "u"}
}
,
{
"node": "d",
"type": "line-start",
"ref": "P335365.27",
"n": "10",
"label": "r 10"}
,
{
"node": "l",
"frag": "[ina",
"id": "P335365.l014f7",
"ref": "P335365.27.1",
"inst": "ina[in]PRP",
"exosig": "@saao/saa06%akk-x-neoass:ina=ina[in//in]PRP'PRP$ina",
"f": {"lang": "akk-x-neoass",
"form": "ina",
"cf": "ina",
"gw": "in",
"sense": "in",
"norm": "ina",
"pos": "PRP",
"epos": "PRP"}
}
,
{
"node": "l",
"frag": "de]-⸢ni⸣-šu₂",
"id": "P335365.l014f8",
"ref": "P335365.27.2",
"inst": "dēnīšu[lawsuit]N",
"exosig": "@saao/saa06%akk-x-neoass:de-ni-šu₂=dīnu[legal decision//lawsuit]N'N$dēnīšu",
"f": {"lang": "akk-x-neoass",
"form": "de-ni-šu₂",
"cf": "dīnu",
"gw": "legal decision",
"sense": "lawsuit",
"norm": "dēnīšu",
"pos": "N",
"epos": "N"}
}
,
{
"node": "l",
"frag": "DUG₄.DUG₄-ma",
"id": "P335365.l014f9",
"ref": "P335365.27.3",
"inst": "idabbubma[contest]V",
"exosig": "@saao/saa06%akk-x-neoass:DUG₄.DUG₄-ma=dabābu[speak//contest]V'V$idabbubma",
"f": {"lang": "akk-x-neoass",
"form": "DUG₄.DUG₄-ma",
"cf": "dabābu",
"gw": "speak",
"sense": "contest",
"norm": "idabbubma",
"pos": "V",
"epos": "V"}
}
,
{
"node": "l",
"frag": "⸢la⸣",
"id": "P335365.l014fa",
"ref": "P335365.27.4",
"inst": "lā[not]MOD",
"exosig": "@saao/saa06%akk-x-neoass:la=lā[not//not]MOD'MOD$lā",
"f": {"lang": "akk-x-neoass",
"form": "la",
"cf": "lā",
"gw": "not",
"sense": "not",
"norm": "lā",
"pos": "MOD",
"epos": "MOD"}
}
,
{
"node": "l",
"frag": "TI",
"id": "P335365.l014fb",
"ref": "P335365.27.5",
"inst": "ilaqqi[succeed]V",
"exosig": "@saao/saa06%akk-x-neoass:TI=leqû[take//succeed]V'V$ilaqqi",
"f": {"lang": "akk-x-neoass",
"form": "TI",
"cf": "leqû",
"gw": "take",
"sense": "succeed",
"norm": "ilaqqi",
"pos": "V",
"epos": "V"}
}
,
{
"node": "d",
"type": "line-start",
"ref": "P335365.28",
"n": "11",
"label": "r 11"}
,
{
"node": "l",
"frag": "[IGI",
"id": "P335365.l014fc",
"ref": "P335365.28.1",
"inst": "šību[witness]N",
"exosig": "@saao/saa06%akk-x-neoass:IGI=šību[witness//witness]N'N$šību",
"f": {"lang": "akk-x-neoass",
"form": "IGI",
"cf": "šību",
"gw": "witness",
"sense": "witness",
"norm": "šību",
"pos": "N",
"epos": "N"}
}
,
{
"node": "l",
"frag": "{1}⸢DUMU⸣-ZALAG₂",
"id": "P335365.l014fd",
"ref": "P335365.28.2",
"inst": "Mar-nuri[1]PN$",
"exosig": "@saao/saa06%akk-x-neoass:{1}DUMU-ZALAG₂=Mar-nuri[1//1]PN'PN$Mar-nuri",
"f": {"lang": "akk-x-neoass",
"form": "{1}DUMU-ZALAG₂",
"cf": "Mar-nuri",
"gw": "1",
"sense": "1",
"norm": "Mar-nuri",
"pos": "PN",
"epos": "PN"}
}
,
{
"node": "l",
"frag": "{lu₂}02-u",
"id": "P335365.l014fe",
"ref": "P335365.28.3",
"inst": "šaniu[deputy]'N",
"exosig": "@saao/saa06%akk-x-neoass:{LU₂}02-u=šanû[second//deputy]NU'N$šaniu",
"f": {"lang": "akk-x-neoass",
"form": "{LU₂}02-u",
"cf": "šanû",
"gw": "second",
"sense": "deputy",
"norm": "šaniu",
"pos": "NU",
"epos": "N"}
}
,
{
"node": "l",
"frag": "{uru}⸢ma-ga⸣-nu-ba",
"id": "P335365.l014ff",
"ref": "P335365.28.4",
"inst": "Maganuba[1]GN",
"exosig": "@saao/saa06%akk-x-neoass:{URU}ma-ga-nu-ba=Maganuba[1//1]GN'GN$Maganuba",
"f": {"lang": "akk-x-neoass",
"form": "{URU}ma-ga-nu-ba",
"cf": "Maganuba",
"gw": "1",
"sense": "1",
"norm": "Maganuba",
"pos": "GN",
"epos": "GN"}
}
,
{
"node": "d",
"type": "line-start",
"ref": "P335365.29",
"n": "12",
"label": "r 12"}
,
{
"node": "l",
"frag": "[IGI",
"id": "P335365.l01500",
"ref": "P335365.29.1",
"inst": "šību[witness]N",
"exosig": "@saao/saa06%akk-x-neoass:IGI=šību[witness//witness]N'N$šību",
"f": {"lang": "akk-x-neoass",
"form": "IGI",
"cf": "šību",
"gw": "witness",
"sense": "witness",
"norm": "šību",
"pos": "N",
"epos": "N"}
}
,
{
"node": "l",
"frag": "{1}x",
"id": "P335365.l01501",
"ref": "P335365.29.2",
"inst": "u",
"f": {"lang": "akk-x-neoass",
"form": "{1}x",
"pos": "u"}
}
,
{
"node": "l",
"frag": "x]-{⸢d⸣}PA",
"id": "P335365.l01502",
"ref": "P335365.29.3",
"inst": "u",
"f": {"lang": "akk-x-neoass",
"form": "x-{d}PA",
"pos": "u"}
}
,
{
"node": "l",
"frag": "{lu₂v}⸢x-bar⸣-ru",
"id": "P335365.l01503",
"ref": "P335365.29.4",
"inst": "u",
"f": {"lang": "akk-x-neoass",
"form": "{LU₂}x-bar-ru",
"pos": "u"}
}
,
{
"node": "d",
"frag": ":.",
"type": "nonw",
"ref": "P335365.29.5",
"lang": "akk-x-neoass",
"type": "punct"}
,
{
"node": "d",
"type": "line-start",
"ref": "P335365.30",
"n": "13",
"label": "r 13"}
,
{
"node": "l",
"frag": "[IGI",
"id": "P335365.l01504",
"ref": "P335365.30.1",
"inst": "šību[witness]N",
"exosig": "@saao/saa06%akk-x-neoass:IGI=šību[witness//witness]N'N$šību",
"f": {"lang": "akk-x-neoass",
"form": "IGI",
"cf": "šību",
"gw": "witness",
"sense": "witness",
"norm": "šību",
"pos": "N",
"epos": "N"}
}
,
{
"node": "l",
"frag": "{1}x",
"id": "P335365.l01505",
"ref": "P335365.30.2",
"inst": "u",
"f": {"lang": "akk-x-neoass",
"form": "{1}x",
"pos": "u"}
}
,
{
"node": "l",
"frag": "x]-qa-mu",
"id": "P335365.l01506",
"ref": "P335365.30.3",
"inst": "u",
"f": {"lang": "akk-x-neoass",
"form": "x-qa-mu",
"pos": "u"}
}
,
{
"node": "l",
"frag": "o",
"id": "P335365.l01507",
"ref": "P335365.30.4",
"inst": "u",
"f": {"lang": "akk-x-neoass",
"form": "o",
"pos": "u"}
}
,
{
"node": "c",
"type": "phrase",
"tag": "phr",
"id": "P335365.U8",
"ref": "P335365.ls00004",
"cdl": [
{
"node": "l",
"frag": "{⸢lu₂v}mu-kil⸣-PA-MEŠ",
"id": "P335365.l01508",
"ref": "P335365.30.5",
"cof-tails": "P335365.l01509",
"inst": "mukillu[holder]N$mukīl&appatu[bridle]N$appāti",
"exosig": "@saao/saa06%akk-x-neoass:{LU₂}mu-kil-PA-MEŠ=mukillu[holder//holder]N'N$mukīl&&@saao%akk-x-neoass:=appatu[bridle//bridle]N'N$appāti",
"f": {"lang": "akk-x-neoass",
"form": "{LU₂}mu-kil-PA-MEŠ",
"cf": "mukillu",
"gw": "holder",
"sense": "holder",
"norm": "mukīl",
"pos": "N",
"epos": "N"}
}
,
{
"node": "l",
"frag": "{⸢lu₂v}mu-kil⸣-PA-MEŠ",
"id": "P335365.l01509",
"ref": "P335365.30.5",
"cof-head": "P335365.l01508",
"inst": "mukillu[holder]N$mukīl&appatu[bridle]N$appāti",
"tail-sig": "@saao%akk-x-neoass:=appatu[bridle//bridle]N'N$appāti",
"f": {"lang": "akk-x-neoass",
"form": "{LU₂}mu-kil-PA-MEŠ",
"cf": "appatu",
"gw": "bridle",
"sense": "bridle",
"norm": "appāti",
"pos": "N",
"epos": "N"}
}
]}
,
{
"node": "d",
"frag": "⸢:.⸣",
"type": "nonw",
"ref": "P335365.30.6",
"lang": "akk-x-neoass",
"type": "punct"}
,
{
"node": "d",
"type": "line-start",
"ref": "P335365.31",
"n": "14",
"label": "r 14"}
,
{
"node": "l",
"frag": "[IGI",
"id": "P335365.l0150a",
"ref": "P335365.31.1",
"inst": "šību[witness]N",
"exosig": "@saao/saa06%akk-x-neoass:IGI=šību[witness//witness]N'N$šību",
"f": {"lang": "akk-x-neoass",
"form": "IGI",
"cf": "šību",
"gw": "witness",
"sense": "witness",
"norm": "šību",
"pos": "N",
"epos": "N"}
}
,
{
"node": "l",
"frag": "{1}x]-⸢mu⸣-za-⸢x⸣+[x",
"id": "P335365.l0150b",
"ref": "P335365.31.2",
"inst": "u",
"f": {"lang": "akk-x-neoass",
"form": "{1}x-mu-za-x+x",
"pos": "u"}
}
,
{
"node": "l",
"frag": "IGI]",
"id": "P335365.l0150c",
"ref": "P335365.31.3",
"inst": "šību[witness]N",
"exosig": "@saao/saa06%akk-x-neoass:IGI=šību[witness//witness]N'N$šību",
"f": {"lang": "akk-x-neoass",
"form": "IGI",
"cf": "šību",
"gw": "witness",
"sense": "witness",
"norm": "šību",
"pos": "N",
"epos": "N"}
}
,
{
"node": "l",
"frag": "{1}ra-⸢pa-ia⸣",
"id": "P335365.l0150d",
"ref": "P335365.31.4",
"inst": "Rapa-Yau[1]PN$",
"exosig": "@saao/saa06%akk-x-neoass:{1}ra-pa-ia=Rapa-Yau[1//1]PN'PN$Rapa-Yau",
"f": {"lang": "akk-x-neoass",
"form": "{1}ra-pa-ia",
"cf": "Rapa-Yau",
"gw": "1",
"sense": "1",
"norm": "Rapa-Yau",
"pos": "PN",
"epos": "PN"}
}
,
{
"node": "d",
"subtype": "right",
"type": "surface",
"ref": "P335365.r.e..32",
"type": "right",
"label": "r.e."}
,
{
"node": "d",
"type": "line-start",
"ref": "P335365.33",
"n": "15",
"label": "r.e. 15"}
,
{
"node": "l",
"frag": "[x",
"id": "P335365.l0150e",
"ref": "P335365.33.1",
"inst": "u",
"f": {"lang": "akk-x-neoass",
"form": "x",
"pos": "u"}
}
,
{
"node": "l",
"frag": "x",
"id": "P335365.l0150f",
"ref": "P335365.33.2",
"inst": "u",
"f": {"lang": "akk-x-neoass",
"form": "x",
"pos": "u"}
}
,
{
"node": "l",
"frag": "x]",
"id": "P335365.l01510",
"ref": "P335365.33.3",
"inst": "u",
"f": {"lang": "akk-x-neoass",
"form": "x",
"pos": "u"}
}
,
{
"node": "l",
"frag": "⸢qa⸣",
"id": "P335365.l01511",
"ref": "P335365.33.4",
"inst": "qâ[a unit of capacity]N",
"exosig": "@saao/saa06%akk-x-neoass:qa=qû[unit//a unit of capacity]N'N$qâ",
"f": {"lang": "akk-x-neoass",
"form": "qa",
"cf": "qû",
"gw": "unit",
"sense": "a unit of capacity",
"norm": "qâ",
"pos": "N",
"epos": "N"}
}
,
{
"node": "l",
"frag": "qa",
"id": "P335365.l01512",
"ref": "P335365.33.5",
"inst": "qâ[a unit of capacity]N",
"exosig": "@saao/saa06%akk-x-neoass:qa=qû[unit//a unit of capacity]N'N$qâ",
"f": {"lang": "akk-x-neoass",
"form": "qa",
"cf": "qû",
"gw": "unit",
"sense": "a unit of capacity",
"norm": "qâ",
"pos": "N",
"epos": "N"}
}
,
{
"node": "l",
"frag": "[x",
"id": "P335365.l01513",
"ref": "P335365.33.6",
"inst": "u",
"f": {"lang": "akk-x-neoass",
"form": "x",
"pos": "u"}
}
,
{
"node": "l",
"frag": "x",
"id": "P335365.l01514",
"ref": "P335365.33.7",
"inst": "u",
"f": {"lang": "akk-x-neoass",
"form": "x",
"pos": "u"}
}
,
{
"node": "l",
"frag": "x",
"id": "P335365.l01515",
"ref": "P335365.33.8",
"inst": "u",
"f": {"lang": "akk-x-neoass",
"form": "x",
"pos": "u"}
}
,
{
"node": "l",
"frag": "x",
"id": "P335365.l01516",
"ref": "P335365.33.9",
"inst": "u",
"f": {"lang": "akk-x-neoass",
"form": "x",
"pos": "u"}
}
,
{
"node": "l",
"frag": "x]",
"id": "P335365.l01517",
"ref": "P335365.33.10",
"inst": "u",
"f": {"lang": "akk-x-neoass",
"form": "x",
"pos": "u"}
}
,
{
"node": "d",
"type": "nonx",
"ref": "P335365.34",
"strict": "0",
"extent": "rest",
"state": "missing"}
]}
]}
]}
,
{
"linkbase": [{
"type": "linkset",
"xlink_title": "ištu pān[from//because of]PRP'PRP",
"id": "P335365.ls00000",
"xlink_type": "extended",
"xlink_role": "psu",
"sig": "{ištu[from]PRP pānu[front]N += ištu pān[from//because of]PRP'PRP}::@saao%akk-x-neoass:TA@v=ištu[from//from]PRP'PRP$issu++@saao%akk-x-neoass:IGI=pānu[front//front]N'N$pān",
"links": [
{
"type": "link",
"xlink_title": "issu",
"xlink_type": "locator",
"xlink_href": "#P335365.l014b4",
"xlink_role": "elt"}
,
{
"type": "link",
"xlink_title": "pān",
"xlink_type": "locator",
"xlink_href": "#P335365.l014b5",
"xlink_role": "elt"}
]}
,
{
"type": "linkset",
"xlink_title": "ina libbi[in//(in exchange) for]PRP'PRP",
"id": "P335365.ls00001",
"xlink_type": "extended",
"xlink_role": "psu",
"sig": "{ina[in]PRP libbu[interior]N += ina libbi[in//(in exchange) for]PRP'PRP}::@saao%akk-x-neoass:ina=ina[in//into]PRP'PRP$ina++@saao%akk-x-neoass:ŠA₃-bi=libbu[interior//interior]N'N$libbi",
"links": [
{
"type": "link",
"xlink_title": "ina",
"xlink_type": "locator",
"xlink_href": "#P335365.l014b7",
"xlink_role": "elt"}
,
{
"type": "link",
"xlink_title": "libbi",
"xlink_type": "locator",
"xlink_href": "#P335365.l014b8",
"xlink_role": "elt"}
]}
,
{
"type": "linkset",
"xlink_title": "ina urkiš[in the future//in the future]AV'AV",
"id": "P335365.ls00002",
"xlink_type": "extended",
"xlink_role": "psu",
"sig": "{ina[in]PRP urkiš[later]AV += ina urkiš[in the future//in the future]AV'AV}::@saao%akk-x-neoass:ina=ina[in//into]PRP'PRP$ina++@saao%akk-x-neoass:ur-kiš=urkiš[later//later]AV'AV$urkiš",
"links": [
{
"type": "link",
"xlink_title": "ina",
"xlink_type": "locator",
"xlink_href": "#P335365.l014d1",
"xlink_role": "elt"}
,
{
"type": "link",
"xlink_title": "urkiš",
"xlink_type": "locator",
"xlink_href": "#P335365.l014d2",
"xlink_role": "elt"}
]}
,
{
"type": "linkset",
"xlink_title": "ana ešriāti[tenfold//tenfold]AV'AV",
"id": "P335365.ls00003",
"xlink_type": "extended",
"xlink_role": "psu",
"sig": "{ana[to]PRP ešriātu[tenfold]AV += ana ešriāti[tenfold//tenfold]AV'AV}::@saao%akk-x-neoass:a-na=ana[to//to]PRP'PRP$ana++@saao%akk-x-neoass:10-MEŠ=ešriātu[tenfold//tenfold]AV'AV$ešrāti",
"links": [
{
"type": "link",
"xlink_title": "ana",
"xlink_type": "locator",
"xlink_href": "#P335365.l014f1",
"xlink_role": "elt"}
,
{
"type": "link",
"xlink_title": "ešriātu",
"xlink_type": "locator",
"xlink_href": "#P335365.l014f2",
"xlink_role": "elt"}
]}
,
{
"type": "linkset",
"xlink_title": "mukīl appāti[chariot driver//chariot driver]N'N",
"id": "P335365.ls00004",
"xlink_type": "extended",
"xlink_role": "psu",
"sig": "{mukillu[holder]N appatu[bridle]N += mukīl appāti[chariot driver//chariot driver]N'N}::@saao%akk-x-neoass:{LU₂}mu-kil-{KUŠ}a-pa-MEŠ=mukillu[holder//holder]N'N$mukīl++@saao%akk-x-neoass:{LU₂}mu-kil-{KUŠ}a-pa-MEŠ=appatu[bridle//bridle]N'N$appāti",
"links": [
{
"type": "link",
"xlink_title": "mukillu",
"xlink_type": "locator",
"xlink_href": "#P335365.l01508",
"xlink_role": "elt"}
,
{
"type": "link",
"xlink_title": "appatu",
"xlink_type": "locator",
"xlink_href": "#P335365.l01509",
"xlink_role": "elt"}
]}
]}
]}
