{
"type": "cdl",
  "source": "http://oracc.org/saao/saa06",
  "license": "This data is released under the CC0 license",
  "license-url": "https://creativecommons.org/publicdomain/zero/1.0/",
  "more-info": "http://oracc.org/doc/opendata/",
  "UTC-timestamp": "2017-05-19T11:31:12",
"project": "saao/saa06",
"textid": "P335279",
"cdl": [
{
"node": "c",
"type": "text",
"id": "P335279.U0",
"cdl": [
{
"node": "d",
"type": "object",
"ref": ""}
,
{
"node": "d",
"subtype": "obverse",
"type": "surface",
"ref": "P335279.o.1",
"type": "obverse",
"label": "o"}
,
{
"node": "c",
"type": "discourse",
"subtype": "body",
"id": "P335279.U1",
"cdl": [
{
"node": "c",
"type": "sentence",
"id": "P335279.U2",
"label": "o 1 - e. ii 1",
"cdl": [
{
"node": "d",
"type": "line-start",
"ref": "P335279.2",
"n": "1",
"label": "o 1"}
,
{
"node": "l",
"frag": "{[na₄}KIŠIB",
"id": "P335279.l035b1",
"ref": "P335279.2.1",
"inst": "kunukku[seal]N",
"sig": "@saao/saa06%akk-x-neoass:{NA₄}KIŠIB=kunukku[seal//seal]N'N$kunuk",
"f": {"lang": "akk-x-neoass",
"form": "{NA₄}KIŠIB",
"cf": "kunukku",
"gw": "seal",
"sense": "seal",
"norm": "kunuk",
"pos": "N",
"epos": "N"}
}
,
{
"node": "l",
"frag": "{1}DI.KUD-kur-ba-il₃]",
"id": "P335279.l035b2",
"ref": "P335279.2.2",
"inst": "Dayan-Kurbail[1]PN",
"exosig": "@saao/saa06%akk-x-neoass:{1}DI.KUD-kur-ba-il₃=Dayan-Kurbail[1//1]PN'PN$Dayan-Kurbail",
"f": {"lang": "akk-x-neoass",
"form": "{1}DI.KUD-kur-ba-il₃",
"cf": "Dayan-Kurbail",
"gw": "1",
"sense": "1",
"norm": "Dayan-Kurbail",
"pos": "PN",
"epos": "PN"}
}
,
{
"node": "d",
"type": "line-start",
"ref": "P335279.3",
"n": "2",
"label": "o 2"}
,
{
"node": "c",
"type": "phrase",
"tag": "phr",
"id": "P335279.U4",
"ref": "P335279.ls00000",
"cdl": [
{
"node": "l",
"frag": "⸢EN",
"id": "P335279.l035b3",
"ref": "P335279.3.1",
"inst": "bēl[owner]N",
"exosig": "@saao/saa06%akk-x-neoass:EN=bēlu[lord//owner]N'N$bēl",
"f": {"lang": "akk-x-neoass",
"form": "EN",
"cf": "bēlu",
"gw": "lord",
"sense": "owner",
"norm": "bēl",
"pos": "N",
"epos": "N"}
}
,
{
"node": "l",
"frag": "E₂",
"id": "P335279.l035b4",
"ref": "P335279.3.2",
"inst": "!bēti[house]N",
"sig": "@saao%akk-x-neoass:E₂=bītu[house//house]N'N$bēti",
"f": {"lang": "akk-x-neoass",
"form": "E₂",
"cf": "bītu",
"gw": "house",
"sense": "house",
"norm": "bēti",
"pos": "N",
"epos": "N"}
}
]}
,
{
"node": "l",
"frag": "SUM⸣-ni",
"id": "P335279.l035b5",
"ref": "P335279.3.3",
"inst": "tadāni[giving]'N",
"exosig": "@saao/saa06%akk-x-neoass:SUM-ni=tadānu[give//giving]V'N$tadāni",
"f": {"lang": "akk-x-neoass",
"form": "SUM-ni",
"cf": "tadānu",
"gw": "give",
"sense": "giving",
"norm": "tadāni",
"pos": "V",
"epos": "N"}
}
,
{
"node": "d",
"type": "nonx",
"ref": "P335279.4",
"strict": "1",
"extent": "n",
"scope": "line",
"state": "ruling",
"flags": "!"}
,
{
"node": "d",
"type": "nonx",
"ref": "P335279.5",
"strict": "0",
"extent": "1",
"scope": "seal",
"state": "other"}
,
{
"node": "d",
"type": "nonx",
"ref": "P335279.6",
"strict": "1",
"extent": "n",
"scope": "line",
"state": "ruling",
"flags": "!"}
,
{
"node": "d",
"type": "line-start",
"ref": "P335279.7",
"n": "3",
"label": "o 3"}
,
{
"node": "l",
"frag": "03",
"id": "P335279.l035b6",
"ref": "P335279.7.1",
"inst": "n",
"f": {"lang": "akk-x-neoass",
"form": "03",
"pos": "n"}
}
,
{
"node": "c",
"type": "phrase",
"tag": "phr",
"id": "P335279.U5",
"ref": "P335279.ls00001",
"cdl": [
{
"node": "l",
"frag": "E₂-⸢ŠU.2-MEŠ",
"id": "P335279.l035b7",
"ref": "P335279.7.2",
"cof-tails": "P335279.l035b8",
"inst": "bītu[house]N$bēt&qātu[hand]N$qātī",
"exosig": "@saao/saa06%akk-x-neoass:E₂-ŠU.2-MEŠ=bītu[house//house]N'N$bēt&&@saao%akk-x-neoass:=qātu[hand//hand]N'N$qātī",
"f": {"lang": "akk-x-neoass",
"form": "E₂-ŠU.2-MEŠ",
"cf": "bītu",
"gw": "house",
"sense": "house",
"norm": "bēt",
"pos": "N",
"epos": "N"}
}
,
{
"node": "l",
"frag": "E₂-⸢ŠU.2-MEŠ",
"id": "P335279.l035b8",
"ref": "P335279.7.2",
"cof-head": "P335279.l035b7",
"inst": "bītu[house]N$bēt&qātu[hand]N$qātī",
"tail-sig": "@saao%akk-x-neoass:=qātu[hand//hand]N'N$qātī",
"f": {"lang": "akk-x-neoass",
"form": "E₂-ŠU.2-MEŠ",
"cf": "qātu",
"gw": "hand",
"sense": "hand",
"norm": "qātī",
"pos": "N",
"epos": "N"}
}
]}
,
{
"node": "l",
"frag": "TUR₃⸣",
"id": "P335279.l035b9",
"ref": "P335279.7.3",
"inst": "tarbāṣ[courtyard]N",
"exosig": "@saao/saa06%akk-x-neoass:TUR₃=tarbāṣu[courtyard//courtyard]N'N$tarbāṣ",
"f": {"lang": "akk-x-neoass",
"form": "TUR₃",
"cf": "tarbāṣu",
"gw": "courtyard",
"sense": "courtyard",
"norm": "tarbāṣ",
"pos": "N",
"epos": "N"}
}
,
{
"node": "l",
"frag": "[o]",
"id": "P335279.l035ba",
"ref": "P335279.7.4",
"inst": "u",
"f": {"lang": "akk-x-neoass",
"form": "o",
"pos": "u"}
}
,
{
"node": "d",
"type": "line-start",
"ref": "P335279.8",
"n": "4",
"label": "o 4"}
,
{
"node": "l",
"frag": "01",
"id": "P335279.l035bb",
"ref": "P335279.8.1",
"inst": "n",
"f": {"lang": "akk-x-neoass",
"form": "01",
"pos": "n"}
}
,
{
"node": "l",
"frag": "{giš}IG",
"id": "P335279.l035bc",
"ref": "P335279.8.2",
"inst": "dalat[door]N",
"exosig": "@saao/saa06%akk-x-neoass:{GIŠ}IG=daltu[door//door]N'N$dalat",
"f": {"lang": "akk-x-neoass",
"form": "{GIŠ}IG",
"cf": "daltu",
"gw": "door",
"sense": "door",
"norm": "dalat",
"pos": "N",
"epos": "N"}
}
,
{
"node": "c",
"type": "phrase",
"tag": "phr",
"id": "P335279.U6",
"ref": "P335279.ls00002",
"cdl": [
{
"node": "l",
"frag": "ina",
"id": "P335279.l035bd",
"ref": "P335279.8.3",
"inst": "ina[in+=with]PRP",
"exosig": "@saao/saa06%akk-x-neoass:ina=ina[in//in]PRP'PRP$ina",
"f": {"lang": "akk-x-neoass",
"form": "ina",
"cf": "ina",
"gw": "in",
"sense": "in",
"norm": "ina",
"pos": "PRP",
"epos": "PRP"}
}
,
{
"node": "l",
"frag": "ŠA₃-bi",
"id": "P335279.l035be",
"ref": "P335279.8.4",
"inst": "libbi[interior]N",
"exosig": "@saao/saa06%akk-x-neoass:ŠA₃-bi=libbu[interior//interior]N'N$libbi",
"f": {"lang": "akk-x-neoass",
"form": "ŠA₃-bi",
"cf": "libbu",
"gw": "interior",
"sense": "interior",
"norm": "libbi",
"pos": "N",
"epos": "N"}
}
]}
,
{
"node": "d",
"type": "line-start",
"ref": "P335279.9",
"n": "5",
"label": "o 5"}
,
{
"node": "l",
"frag": "ina",
"id": "P335279.l035bf",
"ref": "P335279.9.1",
"inst": "ina[in]PRP",
"exosig": "@saao/saa06%akk-x-neoass:ina=ina[in//in]PRP'PRP$ina",
"f": {"lang": "akk-x-neoass",
"form": "ina",
"cf": "ina",
"gw": "in",
"sense": "in",
"norm": "ina",
"pos": "PRP",
"epos": "PRP"}
}
,
{
"node": "l",
"frag": "{uru}NINA{ki}",
"id": "P335279.l035c0",
"ref": "P335279.9.2",
"inst": "Ninua[Nineveh]GN",
"exosig": "@saao/saa06%akk-x-neoass:{URU}NINA{KI}=Ninua[Nineveh//Nineveh]GN'GN$Ninua",
"f": {"lang": "akk-x-neoass",
"form": "{URU}NINA{KI}",
"cf": "Ninua",
"gw": "Nineveh",
"sense": "Nineveh",
"norm": "Ninua",
"pos": "GN",
"epos": "GN"}
}
,
{
"node": "d",
"type": "line-start",
"ref": "P335279.10",
"n": "6",
"label": "o 6"}
,
{
"node": "l",
"frag": "gab-di",
"id": "P335279.l035c1",
"ref": "P335279.10.1",
"inst": "gabdi[adjoining to]PRP",
"exosig": "@saao/saa06%akk-x-neoass:gab-di=gabdi[adjoining to//adjoining to]PRP'PRP$gabdi",
"f": {"lang": "akk-x-neoass",
"form": "gab-di",
"cf": "gabdi",
"gw": "adjoining to",
"sense": "adjoining to",
"norm": "gabdi",
"pos": "PRP",
"epos": "PRP"}
}
,
{
"node": "l",
"frag": "{1}na-ha-ra-u₂",
"id": "P335279.l035c2",
"ref": "P335279.10.2",
"inst": "Naharau[1]PN$",
"exosig": "@saao/saa06%akk-x-neoass:{1}na-ha-ra-u₂=Naharau[1//1]PN'PN$Naharau",
"f": {"lang": "akk-x-neoass",
"form": "{1}na-ha-ra-u₂",
"cf": "Naharau",
"gw": "1",
"sense": "1",
"norm": "Naharau",
"pos": "PN",
"epos": "PN"}
}
,
{
"node": "d",
"type": "line-start",
"ref": "P335279.11",
"n": "7",
"label": "o 7"}
,
{
"node": "l",
"frag": "gab-di",
"id": "P335279.l035c3",
"ref": "P335279.11.1",
"inst": "gabdi[adjoining to]PRP",
"exosig": "@saao/saa06%akk-x-neoass:gab-di=gabdi[adjoining to//adjoining to]PRP'PRP$gabdi",
"f": {"lang": "akk-x-neoass",
"form": "gab-di",
"cf": "gabdi",
"gw": "adjoining to",
"sense": "adjoining to",
"norm": "gabdi",
"pos": "PRP",
"epos": "PRP"}
}
,
{
"node": "l",
"frag": "{1}d.PA-u-a",
"id": "P335279.l035c4",
"ref": "P335279.11.2",
"inst": "Nabuʾa[1]PN$",
"exosig": "@saao/saa06%akk-x-neoass:{1}d.PA-u-a=Nabuʾa[1//1]PN'PN$Nabuʾa",
"f": {"lang": "akk-x-neoass",
"form": "{1}d.PA-u-a",
"cf": "Nabuʾa",
"gw": "1",
"sense": "1",
"norm": "Nabuʾa",
"pos": "PN",
"epos": "PN"}
}
,
{
"node": "d",
"subtype": "bottom",
"type": "surface",
"ref": "P335279.b.e..12",
"type": "bottom",
"label": "b.e."}
,
{
"node": "d",
"type": "line-start",
"ref": "P335279.13",
"n": "8",
"label": "b.e. 8"}
,
{
"node": "l",
"frag": "gab-di",
"id": "P335279.l035c5",
"ref": "P335279.13.1",
"inst": "gabdi[adjoining to]PRP",
"exosig": "@saao/saa06%akk-x-neoass:gab-di=gabdi[adjoining to//adjoining to]PRP'PRP$gabdi",
"f": {"lang": "akk-x-neoass",
"form": "gab-di",
"cf": "gabdi",
"gw": "adjoining to",
"sense": "adjoining to",
"norm": "gabdi",
"pos": "PRP",
"epos": "PRP"}
}
,
{
"node": "l",
"frag": "{1}ku-ma-⸢a⸣.a",
"id": "P335279.l035c6",
"ref": "P335279.13.2",
"inst": "Kummaya[Kummean]EN",
"exosig": "@saao/saa06%akk-x-neoass:{1}ku-ma-a.a=Kummaya[Kummean//Kummean]EN'EN$Kummaya",
"f": {"lang": "akk-x-neoass",
"form": "{1}ku-ma-a.a",
"cf": "Kummaya",
"gw": "Kummean",
"sense": "Kummean",
"norm": "Kummaya",
"pos": "EN",
"epos": "EN"}
}
,
{
"node": "d",
"type": "line-start",
"ref": "P335279.14",
"n": "9",
"label": "b.e. 9"}
,
{
"node": "l",
"frag": "u₂-piš-ma",
"id": "P335279.l035c7",
"ref": "P335279.14.1",
"inst": "uppišma[contract]V",
"exosig": "@saao/saa06%akk-x-neoass:u₂-piš-ma=epēšu[do//contract]V'V$uppišma",
"f": {"lang": "akk-x-neoass",
"form": "u₂-piš-ma",
"cf": "epēšu",
"gw": "do",
"sense": "contract",
"norm": "uppišma",
"pos": "V",
"epos": "V"}
}
,
{
"node": "l",
"frag": "{1}di-⸢lil⸣-{[d}15",
"id": "P335279.l035c8",
"ref": "P335279.14.2",
"inst": "Dilil-Issar[1]PN$",
"exosig": "@saao/saa06%akk-x-neoass:{1}di-lil-{d}15=Dilil-Issar[1//1]PN'PN$Dilil-Issar",
"f": {"lang": "akk-x-neoass",
"form": "{1}di-lil-{d}15",
"cf": "Dilil-Issar",
"gw": "1",
"sense": "1",
"norm": "Dilil-Issar",
"pos": "PN",
"epos": "PN"}
}
,
{
"node": "d",
"subtype": "reverse",
"type": "surface",
"ref": "P335279.r.15",
"type": "reverse",
"label": "r"}
,
{
"node": "d",
"type": "line-start",
"ref": "P335279.16",
"n": "1",
"label": "r 1"}
,
{
"node": "c",
"type": "phrase",
"tag": "phr",
"id": "P335279.U7",
"ref": "P335279.ls00003",
"cdl": [
{
"node": "l",
"frag": "TA@v",
"id": "P335279.l035c9",
"ref": "P335279.16.1",
"inst": "issu[from+=from]PRP",
"exosig": "@saao/saa06%akk-x-neoass:TA@v=ištu[from//from]PRP'PRP$issu",
"f": {"lang": "akk-x-neoass",
"form": "TA@v",
"cf": "ištu",
"gw": "from",
"sense": "from",
"norm": "issu",
"pos": "PRP",
"epos": "PRP"}
}
,
{
"node": "l",
"frag": "IGI",
"id": "P335279.l035ca",
"ref": "P335279.16.2",
"inst": "pān[front]N",
"exosig": "@saao/saa06%akk-x-neoass:IGI=pānu[front//front]N'N$pān",
"f": {"lang": "akk-x-neoass",
"form": "IGI",
"cf": "pānu",
"gw": "front",
"sense": "front",
"norm": "pān",
"pos": "N",
"epos": "N"}
}
]}
,
{
"node": "l",
"frag": "{1}DI.KUD-kur-ba-⸢il⸣",
"id": "P335279.l035cb",
"ref": "P335279.16.3",
"inst": "Dayan-Kurbail[1]PN$",
"exosig": "@saao/saa06%akk-x-neoass:{1}DI.KUD-kur-ba-il=Dayan-Kurbail[1//1]PN'PN$Dayan-Kurbail",
"f": {"lang": "akk-x-neoass",
"form": "{1}DI.KUD-kur-ba-il",
"cf": "Dayan-Kurbail",
"gw": "1",
"sense": "1",
"norm": "Dayan-Kurbail",
"pos": "PN",
"epos": "PN"}
}
,
{
"node": "d",
"type": "line-start",
"ref": "P335279.17",
"n": "2",
"label": "r 2"}
,
{
"node": "c",
"type": "phrase",
"tag": "phr",
"id": "P335279.U8",
"ref": "P335279.ls00004",
"cdl": [
{
"node": "l",
"frag": "ina",
"id": "P335279.l035cc",
"ref": "P335279.17.1",
"inst": "ina[in+=for]PRP",
"exosig": "@saao/saa06%akk-x-neoass:ina=ina[in//in]PRP'PRP$ina",
"f": {"lang": "akk-x-neoass",
"form": "ina",
"cf": "ina",
"gw": "in",
"sense": "in",
"norm": "ina",
"pos": "PRP",
"epos": "PRP"}
}
,
{
"node": "l",
"frag": "ŠA₃",
"id": "P335279.l035cd",
"ref": "P335279.17.2",
"inst": "libbi[interior]N",
"exosig": "@saao/saa06%akk-x-neoass:ŠA₃=libbu[interior//interior]N'N$libbi",
"f": {"lang": "akk-x-neoass",
"form": "ŠA₃",
"cf": "libbu",
"gw": "interior",
"sense": "interior",
"norm": "libbi",
"pos": "N",
"epos": "N"}
}
]}
,
{
"node": "l",
"frag": "30",
"id": "P335279.l035ce",
"ref": "P335279.17.3",
"inst": "n",
"f": {"lang": "akk-x-neoass",
"form": "30",
"pos": "n"}
}
,
{
"node": "l",
"frag": "⸢GIN₂⸣-MEŠ",
"id": "P335279.l035cf",
"ref": "P335279.17.4",
"inst": "šiqlī[a unit of weight]N",
"exosig": "@saao/saa06%akk-x-neoass:GIN₂-MEŠ=šiqlu[unit//a unit of weight]N'N$šiqlī",
"f": {"lang": "akk-x-neoass",
"form": "GIN₂-MEŠ",
"cf": "šiqlu",
"gw": "unit",
"sense": "a unit of weight",
"norm": "šiqlī",
"pos": "N",
"epos": "N"}
}
,
{
"node": "l",
"frag": "KUG.UD",
"id": "P335279.l035d0",
"ref": "P335279.17.5",
"inst": "ṣarpi[silver]N",
"exosig": "@saao/saa06%akk-x-neoass:KUG.UD=ṣarpu[silver//silver]N'N$ṣarpi",
"f": {"lang": "akk-x-neoass",
"form": "KUG.UD",
"cf": "ṣarpu",
"gw": "silver",
"sense": "silver",
"norm": "ṣarpi",
"pos": "N",
"epos": "N"}
}
,
{
"node": "d",
"type": "line-start",
"ref": "P335279.18",
"n": "3",
"label": "r 3"}
,
{
"node": "l",
"frag": "il-qi",
"id": "P335279.l035d1",
"ref": "P335279.18.1",
"inst": "ilqi[purchase]V",
"exosig": "@saao/saa06%akk-x-neoass:il-qi=leqû[take//purchase]V'V$ilqi",
"f": {"lang": "akk-x-neoass",
"form": "il-qi",
"cf": "leqû",
"gw": "take",
"sense": "purchase",
"norm": "ilqi",
"pos": "V",
"epos": "V"}
}
,
{
"node": "l",
"frag": "kas-pu",
"id": "P335279.l035d2",
"ref": "P335279.18.2",
"inst": "kaspu[money]N",
"exosig": "@saao/saa06%akk-x-neoass:kas-pu=kaspu[silver//money]N'N$kaspu",
"f": {"lang": "akk-x-neoass",
"form": "kas-pu",
"cf": "kaspu",
"gw": "silver",
"sense": "money",
"norm": "kaspu",
"pos": "N",
"epos": "N"}
}
,
{
"node": "l",
"frag": "gam-mur",
"id": "P335279.l035d3",
"ref": "P335279.18.3",
"inst": "gammur[completed]AJ",
"exosig": "@saao/saa06%akk-x-neoass:gam-mur=gammuru[finished//completed]AJ'AJ$gammur",
"f": {"lang": "akk-x-neoass",
"form": "gam-mur",
"cf": "gammuru",
"gw": "finished",
"sense": "completed",
"norm": "gammur",
"pos": "AJ",
"epos": "AJ"}
}
,
{
"node": "d",
"type": "line-start",
"ref": "P335279.19",
"n": "4",
"label": "r 4"}
,
{
"node": "l",
"frag": "ta-SUM-ni",
"id": "P335279.l035d4",
"ref": "P335279.19.1",
"inst": "tadnu[given//paid]AJ$tadni",
"exosig": "@saao/saa06%akk-x-neoass:ta-SUM-ni=tadnu[given//paid]AJ'AJ$tadni",
"f": {"lang": "akk-x-neoass",
"form": "ta-SUM-ni",
"cf": "tadnu",
"gw": "given",
"sense": "paid",
"norm": "tadni",
"pos": "AJ",
"epos": "AJ"}
}
,
{
"node": "l",
"frag": "E₂",
"id": "P335279.l035d5",
"ref": "P335279.19.2",
"inst": "bētu[house]N",
"exosig": "@saao/saa06%akk-x-neoass:E₂=bītu[house//house]N'N$bētu",
"f": {"lang": "akk-x-neoass",
"form": "E₂",
"cf": "bītu",
"gw": "house",
"sense": "house",
"norm": "bētu",
"pos": "N",
"epos": "N"}
}
,
{
"node": "l",
"frag": "šu-a-te",
"id": "P335279.l035d6",
"ref": "P335279.19.3",
"inst": "šuāti[him//those]IP'DP$šuāte",
"exosig": "@saao/saa06%akk-x-neoass:šu-a-te=šuāti[him//those]IP'DP$šuāte",
"f": {"lang": "akk-x-neoass",
"form": "šu-a-te",
"cf": "šuāti",
"gw": "him",
"sense": "those",
"norm": "šuāte",
"pos": "IP",
"epos": "DP"}
}
,
{
"node": "d",
"type": "line-start",
"ref": "P335279.20",
"n": "5",
"label": "r 5"}
,
{
"node": "l",
"frag": "⸢za⸣-ar-pi",
"id": "P335279.l035d7",
"ref": "P335279.20.1",
"inst": "zarpi[purchased]AJ",
"exosig": "@saao/saa06%akk-x-neoass:za-ar-pi=zarpu[purchased//purchased]AJ'AJ$zarpi",
"f": {"lang": "akk-x-neoass",
"form": "za-ar-pi",
"cf": "zarpu",
"gw": "purchased",
"sense": "purchased",
"norm": "zarpi",
"pos": "AJ",
"epos": "AJ"}
}
,
{
"node": "l",
"frag": "la-⸢qi⸣",
"id": "P335279.l035d8",
"ref": "P335279.20.2",
"inst": "laqi[acquired]AJ",
"exosig": "@saao/saa06%akk-x-neoass:la-qi=leqû[taken//acquired]AJ'AJ$laqi",
"f": {"lang": "akk-x-neoass",
"form": "la-qi",
"cf": "leqû",
"gw": "taken",
"sense": "acquired",
"norm": "laqi",
"pos": "AJ",
"epos": "AJ"}
}
,
{
"node": "d",
"type": "line-start",
"ref": "P335279.21",
"n": "6",
"label": "r 6"}
,
{
"node": "l",
"frag": "⸢tu₂⸣-a-ru",
"id": "P335279.l035d9",
"ref": "P335279.21.1",
"inst": "tuāru[revocation]'N",
"exosig": "@saao/saa06%akk-x-neoass:tu₂-a-ru=târu[turn//revocation]V'N$tuāru",
"f": {"lang": "akk-x-neoass",
"form": "tu₂-a-ru",
"cf": "târu",
"gw": "turn",
"sense": "revocation",
"norm": "tuāru",
"pos": "V",
"epos": "N"}
}
,
{
"node": "l",
"frag": "⸢de-e⸣-[nu]",
"id": "P335279.l035da",
"ref": "P335279.21.2",
"inst": "dēnu[lawsuit]N",
"exosig": "@saao/saa06%akk-x-neoass:de-e-nu=dīnu[legal decision//lawsuit]N'N$dēnu",
"f": {"lang": "akk-x-neoass",
"form": "de-e-nu",
"cf": "dīnu",
"gw": "legal decision",
"sense": "lawsuit",
"norm": "dēnu",
"pos": "N",
"epos": "N"}
}
,
{
"node": "d",
"type": "line-start",
"ref": "P335279.22",
"n": "7",
"label": "r 7"}
,
{
"node": "l",
"frag": "DUG₄.DUG₄",
"id": "P335279.l035db",
"ref": "P335279.22.1",
"inst": "dabābu[litigation]'N",
"exosig": "@saao/saa06%akk-x-neoass:DUG₄.DUG₄=dabābu[speak//litigation]V'N$dabābu",
"f": {"lang": "akk-x-neoass",
"form": "DUG₄.DUG₄",
"cf": "dabābu",
"gw": "speak",
"sense": "litigation",
"norm": "dabābu",
"pos": "V",
"epos": "N"}
}
,
{
"node": "l",
"frag": "la-⸢aš₂⸣-[šu₂]",
"id": "P335279.l035dc",
"ref": "P335279.22.2",
"inst": "laššu[(there) is not]V",
"exosig": "@saao/saa06%akk-x-neoass:la-aš₂-šu₂=laššu[(there) is not//(there) is not]V'V$laššu",
"f": {"lang": "akk-x-neoass",
"form": "la-aš₂-šu₂",
"cf": "laššu",
"gw": "(there) is not",
"sense": "(there) is not",
"norm": "laššu",
"pos": "V",
"epos": "V"}
}
,
{
"node": "d",
"type": "line-start",
"ref": "P335279.23",
"n": "8",
"label": "r 8"}
,
{
"node": "l",
"frag": "man-nu",
"id": "P335279.l035dd",
"ref": "P335279.23.1",
"inst": "mannu[whoever]'XP",
"exosig": "@saao/saa06%akk-x-neoass:man-nu=mannu[who?//whoever]QP'XP$mannu",
"f": {"lang": "akk-x-neoass",
"form": "man-nu",
"cf": "mannu",
"gw": "who?",
"sense": "whoever",
"norm": "mannu",
"pos": "QP",
"epos": "XP"}
}
,
{
"node": "l",
"frag": "ša₂",
"id": "P335279.l035de",
"ref": "P335279.23.2",
"inst": "ša[that]REL",
"exosig": "@saao/saa06%akk-x-neoass:ša₂=ša[that//that]REL'REL$ša",
"f": {"lang": "akk-x-neoass",
"form": "ša₂",
"cf": "ša",
"gw": "that",
"sense": "that",
"norm": "ša",
"pos": "REL",
"epos": "REL"}
}
,
{
"node": "l",
"frag": "i-GIL-u-ni",
"id": "P335279.l035df",
"ref": "P335279.23.3",
"inst": "iparrakūni[contravene]V",
"exosig": "@saao/saa06%akk-x-neoass:i-GIL-u-ni=parāku[lie across//contravene]V'V$iparrakūni",
"f": {"lang": "akk-x-neoass",
"form": "i-GIL-u-ni",
"cf": "parāku",
"gw": "lie across",
"sense": "contravene",
"norm": "iparrakūni",
"pos": "V",
"epos": "V"}
}
,
{
"node": "d",
"type": "line-start",
"ref": "P335279.24",
"n": "9",
"label": "r 9"}
,
{
"node": "l",
"frag": "10",
"id": "P335279.l035e0",
"ref": "P335279.24.1",
"inst": "n",
"f": {"lang": "akk-x-neoass",
"form": "10",
"pos": "n"}
}
,
{
"node": "l",
"frag": "MA.NA",
"id": "P335279.l035e1",
"ref": "P335279.24.2",
"inst": "manê[a unit of weight]N",
"exosig": "@saao/saa06%akk-x-neoass:MA.NA=manû[unit//a unit of weight]N'N$manê",
"f": {"lang": "akk-x-neoass",
"form": "MA.NA",
"cf": "manû",
"gw": "unit",
"sense": "a unit of weight",
"norm": "manê",
"pos": "N",
"epos": "N"}
}
,
{
"node": "l",
"frag": "KUG.UD",
"id": "P335279.l035e2",
"ref": "P335279.24.3",
"inst": "ṣarpi[silver]N",
"exosig": "@saao/saa06%akk-x-neoass:KUG.UD=ṣarpu[silver//silver]N'N$ṣarpi",
"f": {"lang": "akk-x-neoass",
"form": "KUG.UD",
"cf": "ṣarpu",
"gw": "silver",
"sense": "silver",
"norm": "ṣarpi",
"pos": "N",
"epos": "N"}
}
,
{
"node": "l",
"frag": "i-⸢dan⸣",
"id": "P335279.l035e3",
"ref": "P335279.24.4",
"inst": "iddan[pay]V",
"exosig": "@saao/saa06%akk-x-neoass:i-dan=tadānu[give//pay]V'V$iddan",
"f": {"lang": "akk-x-neoass",
"form": "i-dan",
"cf": "tadānu",
"gw": "give",
"sense": "pay",
"norm": "iddan",
"pos": "V",
"epos": "V"}
}
,
{
"node": "d",
"type": "nonx",
"ref": "P335279.25",
"strict": "1",
"extent": "n",
"scope": "line",
"state": "ruling"}
,
{
"node": "d",
"type": "line-start",
"ref": "P335279.26",
"n": "10",
"label": "r 10"}
,
{
"node": "l",
"frag": "IGI",
"id": "P335279.l035e4",
"ref": "P335279.26.1",
"inst": "šību[witness]N",
"exosig": "@saao/saa06%akk-x-neoass:IGI=šību[witness//witness]N'N$šību",
"f": {"lang": "akk-x-neoass",
"form": "IGI",
"cf": "šību",
"gw": "witness",
"sense": "witness",
"norm": "šību",
"pos": "N",
"epos": "N"}
}
,
{
"node": "l",
"frag": "{1}ARAD-{⸢d⸣}[x",
"id": "P335279.l035e5",
"ref": "P335279.26.2",
"inst": "u",
"f": {"lang": "akk-x-neoass",
"form": "{1}ARAD-{d}x",
"pos": "u"}
}
,
{
"node": "l",
"frag": "{lu₂v}qa]-tin-ni",
"id": "P335279.l035e6",
"ref": "P335279.26.3",
"inst": "qatinni[tiller]N",
"exosig": "@saao/saa06%akk-x-neoass:{LU₂}qa-tin-ni=qattinu[(a rural class)//tiller]N'N$qatinni",
"f": {"lang": "akk-x-neoass",
"form": "{LU₂}qa-tin-ni",
"cf": "qattinu",
"gw": "(a rural class)",
"sense": "tiller",
"norm": "qatinni",
"pos": "N",
"epos": "N"}
}
,
{
"node": "d",
"type": "line-start",
"ref": "P335279.27",
"n": "11",
"label": "r 11"}
,
{
"node": "l",
"frag": "⸢IGI⸣",
"id": "P335279.l035e7",
"ref": "P335279.27.1",
"inst": "šību[witness]N",
"exosig": "@saao/saa06%akk-x-neoass:IGI=šību[witness//witness]N'N$šību",
"f": {"lang": "akk-x-neoass",
"form": "IGI",
"cf": "šību",
"gw": "witness",
"sense": "witness",
"norm": "šību",
"pos": "N",
"epos": "N"}
}
,
{
"node": "l",
"frag": "{1}DUG₃-⸢IM⸣-[x",
"id": "P335279.l035e8",
"ref": "P335279.27.2",
"inst": "u",
"f": {"lang": "akk-x-neoass",
"form": "{1}DUG₃-IM-x",
"pos": "u"}
}
,
{
"node": "l",
"frag": "x",
"id": "P335279.l035e9",
"ref": "P335279.27.3",
"inst": "u",
"f": {"lang": "akk-x-neoass",
"form": "x",
"pos": "u"}
}
,
{
"node": "l",
"frag": "x",
"id": "P335279.l035ea",
"ref": "P335279.27.4",
"inst": "u",
"f": {"lang": "akk-x-neoass",
"form": "x",
"pos": "u"}
}
,
{
"node": "l",
"frag": "x]",
"id": "P335279.l035eb",
"ref": "P335279.27.5",
"inst": "u",
"f": {"lang": "akk-x-neoass",
"form": "x",
"pos": "u"}
}
,
{
"node": "d",
"type": "nonx",
"ref": "P335279.28",
"strict": "0",
"extent": "rest",
"state": "missing"}
,
{
"node": "d",
"subtype": "edge",
"type": "surface",
"ref": "P335279.e..29",
"type": "edge",
"label": "e."}
,
{
"node": "d",
"type": "line-start",
"ref": "P335279.30",
"n": "1",
"label": "e. 1"}
,
{
"node": "l",
"frag": "IGI",
"id": "P335279.l035ec",
"ref": "P335279.30.1",
"inst": "šību[witness]N",
"exosig": "@saao/saa06%akk-x-neoass:IGI=šību[witness//witness]N'N$šību",
"f": {"lang": "akk-x-neoass",
"form": "IGI",
"cf": "šību",
"gw": "witness",
"sense": "witness",
"norm": "šību",
"pos": "N",
"epos": "N"}
}
,
{
"node": "l",
"frag": "{1}lu-ša₂-kin₂",
"id": "P335279.l035ed",
"ref": "P335279.30.2",
"inst": "Lu-šakin[1]PN$",
"exosig": "@saao/saa06%akk-x-neoass:{1}lu-ša₂-kin₂=Lu-šakin[1//1]PN'PN$Lu-šakin",
"f": {"lang": "akk-x-neoass",
"form": "{1}lu-ša₂-kin₂",
"cf": "Lu-šakin",
"gw": "1",
"sense": "1",
"norm": "Lu-šakin",
"pos": "PN",
"epos": "PN"}
}
,
{
"node": "l",
"frag": "IGI",
"id": "P335279.l035ee",
"ref": "P335279.30.3",
"inst": "šību[witness]N",
"exosig": "@saao/saa06%akk-x-neoass:IGI=šību[witness//witness]N'N$šību",
"f": {"lang": "akk-x-neoass",
"form": "IGI",
"cf": "šību",
"gw": "witness",
"sense": "witness",
"norm": "šību",
"pos": "N",
"epos": "N"}
}
,
{
"node": "l",
"frag": "{1}{d}UTU-⸢x⸣+[x",
"id": "P335279.l035ef",
"ref": "P335279.30.4",
"inst": "u",
"f": {"lang": "akk-x-neoass",
"form": "{1}{d}UTU-x+x",
"pos": "u"}
}
,
{
"node": "l",
"frag": "x",
"id": "P335279.l035f0",
"ref": "P335279.30.5",
"inst": "u",
"f": {"lang": "akk-x-neoass",
"form": "x",
"pos": "u"}
}
,
{
"node": "l",
"frag": "x]",
"id": "P335279.l035f1",
"ref": "P335279.30.6",
"inst": "u",
"f": {"lang": "akk-x-neoass",
"form": "x",
"pos": "u"}
}
,
{
"node": "d",
"type": "line-start",
"ref": "P335279.31",
"n": "2",
"label": "e. 2"}
,
{
"node": "l",
"frag": "IGI",
"id": "P335279.l035f2",
"ref": "P335279.31.1",
"inst": "šību[witness]N",
"exosig": "@saao/saa06%akk-x-neoass:IGI=šību[witness//witness]N'N$šību",
"f": {"lang": "akk-x-neoass",
"form": "IGI",
"cf": "šību",
"gw": "witness",
"sense": "witness",
"norm": "šību",
"pos": "N",
"epos": "N"}
}
,
{
"node": "l",
"frag": "{1}{d}PA-PAB-AŠ",
"id": "P335279.l035f3",
"ref": "P335279.31.2",
"inst": "Nabu-ahu-iddina[1]PN",
"exosig": "@saao/saa06%akk-x-neoass:{1}{d}PA-PAB-AŠ=Nabu-ahu-iddina[1//1]PN'PN$Nabu-ahu-iddina",
"f": {"lang": "akk-x-neoass",
"form": "{1}{d}PA-PAB-AŠ",
"cf": "Nabu-ahu-iddina",
"gw": "1",
"sense": "1",
"norm": "Nabu-ahu-iddina",
"pos": "PN",
"epos": "PN"}
}
,
{
"node": "l",
"frag": "IGI",
"id": "P335279.l035f4",
"ref": "P335279.31.3",
"inst": "šību[witness]N",
"exosig": "@saao/saa06%akk-x-neoass:IGI=šību[witness//witness]N'N$šību",
"f": {"lang": "akk-x-neoass",
"form": "IGI",
"cf": "šību",
"gw": "witness",
"sense": "witness",
"norm": "šību",
"pos": "N",
"epos": "N"}
}
,
{
"node": "l",
"frag": "{1}⸢BE⸣-ma-DINGIR-MEŠ",
"id": "P335279.l035f5",
"ref": "P335279.31.4",
"inst": "Šumma-ilani[1]PN",
"exosig": "@saao/saa06%akk-x-neoass:{1}BE-ma-DINGIR-MEŠ=Šumma-ilani[1//1]PN'PN$Šumma-ilani",
"f": {"lang": "akk-x-neoass",
"form": "{1}BE-ma-DINGIR-MEŠ",
"cf": "Šumma-ilani",
"gw": "1",
"sense": "1",
"norm": "Šumma-ilani",
"pos": "PN",
"epos": "PN"}
}
,
{
"node": "l",
"frag": "{iti}⸢NE⸣",
"id": "P335279.l035f6",
"ref": "P335279.31.5",
"inst": "Abi[Ab]MN",
"exosig": "@saao/saa06%akk-x-neoass:{ITI}NE=Abu[Ab//Ab]MN'MN$Abi",
"f": {"lang": "akk-x-neoass",
"form": "{ITI}NE",
"cf": "Abu",
"gw": "Ab",
"sense": "Ab",
"norm": "Abi",
"pos": "MN",
"epos": "MN"}
}
,
{
"node": "d",
"type": "line-start",
"ref": "P335279.32",
"n": "3",
"label": "e. 3"}
,
{
"node": "l",
"frag": "UD",
"id": "P335279.l035f7",
"ref": "P335279.32.1",
"inst": "ūmu[day]N$ūm",
"exosig": "@saao/saa06%akk-x-neoass:UD=ūmu[day//day]N'N$ūm",
"f": {"lang": "akk-x-neoass",
"form": "UD",
"cf": "ūmu",
"gw": "day",
"sense": "day",
"norm": "ūm",
"pos": "N",
"epos": "N"}
}
,
{
"node": "l",
"frag": "22",
"id": "P335279.l035f8",
"ref": "P335279.32.2",
"inst": "n",
"f": {"lang": "akk-x-neoass",
"form": "22",
"pos": "n"}
}
,
{
"node": "l",
"frag": "lim-mu",
"id": "P335279.l035f9",
"ref": "P335279.32.3",
"inst": "limmu[eponym (of year)]N",
"exosig": "@saao/saa06%akk-x-neoass:lim-mu=līmu[eponym (of year)//eponym (of year)]N'N$limmu",
"f": {"lang": "akk-x-neoass",
"form": "lim-mu",
"cf": "līmu",
"gw": "eponym (of year)",
"sense": "eponym (of year)",
"norm": "limmu",
"pos": "N",
"epos": "N"}
}
,
{
"node": "l",
"frag": "{1}{d}30--PAB-MEŠ-SU",
"id": "P335279.l035fa",
"ref": "P335279.32.4",
"inst": "Sin-ahhe-eriba[Sennacherib]PN$",
"exosig": "@saao/saa06%akk-x-neoass:{1}{d}30-PAB-MEŠ-SU=Sin-ahhe-eriba[Sennacherib//Sennacherib]PN'PN$Sin-ahhe-eriba",
"f": {"lang": "akk-x-neoass",
"form": "{1}{d}30-PAB-MEŠ-SU",
"cf": "Sin-ahhe-eriba",
"gw": "Sennacherib",
"sense": "Sennacherib",
"norm": "Sin-ahhe-eriba",
"pos": "PN",
"epos": "PN"}
}
,
{
"node": "l",
"frag": "⸢LUGAL⸣",
"id": "P335279.l035fb",
"ref": "P335279.32.5",
"inst": "šar[king]N",
"exosig": "@saao/saa06%akk-x-neoass:LUGAL=šarru[king//king]N'N$šar",
"f": {"lang": "akk-x-neoass",
"form": "LUGAL",
"cf": "šarru",
"gw": "king",
"sense": "king",
"norm": "šar",
"pos": "N",
"epos": "N"}
}
,
{
"node": "l",
"frag": "[KUR-aš-šur]",
"id": "P335279.l035fc",
"ref": "P335279.32.6",
"inst": "+Mat-Aššur[Assyria]GN$",
"sig": "@saao/saa10%akk-x-neoass:KUR-aš-šur=Mat-Aššur[Assyria//Assyria]GN'GN$Mat-Aššur",
"f": {"lang": "akk-x-neoass",
"form": "KUR-aš-šur",
"cf": "Mat-Aššur",
"gw": "Assyria",
"sense": "Assyria",
"norm": "Mat-Aššur",
"pos": "GN",
"epos": "GN"}
}
,
{
"node": "d",
"subtype": "column 2e.",
"type": "column",
"ref": "P335279.e..ii.33",
"n": "2",
"label": "e. ii"}
,
{
"node": "d",
"type": "line-start",
"ref": "P335279.34",
"n": "1",
"label": "e. ii 1"}
,
{
"node": "l",
"id": "P335279.l035fd",
"ref": "P335279.34.1",
"inst": "u",
"f": {"lang": "arc",
"form": "dynkrbʾl",
"pos": "u"}
}
]}
]}
]}
,
{
"linkbase": [{
"type": "linkset",
"xlink_title": "bēl bīti[master of the house//master of the house]N'N",
"id": "P335279.ls00000",
"xlink_type": "extended",
"xlink_role": "psu",
"sig": "{bēlu[lord]N bītu[house]N += bēl bīti[master of the house//master of the house]N'N}::@saao%akk-x-neoass:EN=bēlu[lord//lord]N'N$bēl++@saao%akk-x-neoass:E₂=bītu[house//house]N'N$bētu",
"links": [
{
"type": "link",
"xlink_title": "bēl",
"xlink_type": "locator",
"xlink_href": "#P335279.l035b3",
"xlink_role": "elt"}
,
{
"type": "link",
"xlink_title": "bītu",
"xlink_type": "locator",
"xlink_href": "#P335279.l035b4",
"xlink_role": "elt"}
]}
,
{
"type": "linkset",
"xlink_title": "bīt qāti[house of hand(s)//storehouse]N'N",
"id": "P335279.ls00001",
"xlink_type": "extended",
"xlink_role": "psu",
"sig": "{bītu[house]N qātu[hand]N += bīt qāti[house of hand(s)//storehouse]N'N}::@saao%akk-x-neoass:E₂-ŠU=bītu[house//house]N'N$bēt++@saao%akk-x-neoass:E₂-ŠU=qātu[hand//hand]N'N$qāti",
"links": [
{
"type": "link",
"xlink_title": "bītu",
"xlink_type": "locator",
"xlink_href": "#P335279.l035b7",
"xlink_role": "elt"}
,
{
"type": "link",
"xlink_title": "qātu",
"xlink_type": "locator",
"xlink_href": "#P335279.l035b8",
"xlink_role": "elt"}
]}
,
{
"type": "linkset",
"xlink_title": "ina libbi[in//(in exchange) for]PRP'PRP",
"id": "P335279.ls00002",
"xlink_type": "extended",
"xlink_role": "psu",
"sig": "{ina[in]PRP libbu[interior]N += ina libbi[in//(in exchange) for]PRP'PRP}::@saao%akk-x-neoass:ina=ina[in//into]PRP'PRP$ina++@saao%akk-x-neoass:ŠA₃-bi=libbu[interior//interior]N'N$libbi",
"links": [
{
"type": "link",
"xlink_title": "ina",
"xlink_type": "locator",
"xlink_href": "#P335279.l035bd",
"xlink_role": "elt"}
,
{
"type": "link",
"xlink_title": "libbi",
"xlink_type": "locator",
"xlink_href": "#P335279.l035be",
"xlink_role": "elt"}
]}
,
{
"type": "linkset",
"xlink_title": "ištu pān[from//because of]PRP'PRP",
"id": "P335279.ls00003",
"xlink_type": "extended",
"xlink_role": "psu",
"sig": "{ištu[from]PRP pānu[front]N += ištu pān[from//because of]PRP'PRP}::@saao%akk-x-neoass:TA@v=ištu[from//from]PRP'PRP$issu++@saao%akk-x-neoass:IGI=pānu[front//front]N'N$pān",
"links": [
{
"type": "link",
"xlink_title": "issu",
"xlink_type": "locator",
"xlink_href": "#P335279.l035c9",
"xlink_role": "elt"}
,
{
"type": "link",
"xlink_title": "pān",
"xlink_type": "locator",
"xlink_href": "#P335279.l035ca",
"xlink_role": "elt"}
]}
,
{
"type": "linkset",
"xlink_title": "ina libbi[in//(in exchange) for]PRP'PRP",
"id": "P335279.ls00004",
"xlink_type": "extended",
"xlink_role": "psu",
"sig": "{ina[in]PRP libbu[interior]N += ina libbi[in//(in exchange) for]PRP'PRP}::@saao%akk-x-neoass:ina=ina[in//into]PRP'PRP$ina++@saao%akk-x-neoass:ŠA₃=libbu[interior//interior]N'N$libbi",
"links": [
{
"type": "link",
"xlink_title": "ina",
"xlink_type": "locator",
"xlink_href": "#P335279.l035cc",
"xlink_role": "elt"}
,
{
"type": "link",
"xlink_title": "libbi",
"xlink_type": "locator",
"xlink_href": "#P335279.l035cd",
"xlink_role": "elt"}
]}
]}
]}
